iso_time_utc,elapsed_s,step_idx,rover_pos_x,rover_pos_y,rover_pos_z,heading,pitch,roll,lidar_00_front_left_wheel_hub_yaw_p30_yaw_30_pitch_0_cm_is_obstacle,lidar_01_front_left_frame_yaw_p20_pitch_n20_yaw_20_pitch_-20_cm_is_obstacle,lidar_02_front_center_frame_forward_yaw_0_pitch_0_cm_is_obstacle,lidar_03_front_right_frame_yaw_n20_pitch_n20_yaw_-20_pitch_-20_cm_is_obstacle,lidar_04_front_right_wheel_hub_yaw_n30_yaw_-30_pitch_0_cm_is_obstacle,lidar_05_front_left_frame_pitch_n25_yaw_0_pitch_-25_cm_is_obstacle,lidar_06_front_right_frame_pitch_n25_yaw_0_pitch_-25_cm_is_obstacle,lidar_07_left_mid_frame_left_pitch_n20_yaw_90_pitch_-20_cm_is_obstacle,lidar_08_right_mid_frame_right_pitch_n20_yaw_-90_pitch_-20_cm_is_obstacle,lidar_09_rear_left_wheel_hub_back_yaw_p40_yaw_140_pitch_0_cm_is_obstacle,lidar_10_rear_left_frame_backward_yaw_180_pitch_0_cm_is_obstacle,lidar_11_rear_right_frame_backward_yaw_180_pitch_0_cm_is_obstacle,lidar_12_rear_right_wheel_hub_back_yaw_n40_yaw_-140_pitch_0_cm_is_obstacle,lidar_13_front_left_frame_yaw_p20_pitch_n10_yaw_20_pitch_-10_cm_is_obstacle,lidar_14_front_right_frame_yaw_n20_pitch_n10_yaw_-20_pitch_-10_cm_is_obstacle,lidar_15_front_left_wheel_hub_yaw_p15_yaw_15_pitch_0_cm_is_obstacle,lidar_16_front_right_wheel_hub_yaw_n15_yaw_-15_pitch_0_cm_is_obstacle
2026-03-22T00:18:45Z,1786.540,5933,-5690.899902,-10103.600586,1441.900024,307.700012,8.5,-15.6,0,0,0,0,0,1,1,0,0,0,0,0,0,0,0,0,0
2026-03-22T00:18:45Z,1786.774,5934,-5690.899902,-10103.600586,1441.900024,307.700012,8.5,-15.6,0,0,0,0,0,1,1,0,0,0,0,0,0,0,0,0,0
2026-03-22T00:18:45Z,1787.006,5935,-5691.800293,-10103,1442.099976,307.100006,9.900001,-10.7,0,0,0,0,0,1,0,0,0,0,0,0,0,0,0,0,0
2026-03-22T00:18:45Z,1787.234,5936,-5691.800293,-10103,1442.099976,307.100006,9.900001,-10.7,0,0,0,0,0,1,0,0,0,0,0,0,0,0,0,0,0
2026-03-22T00:18:46Z,1787.462,5937,-5691.800293,-10103,1442.099976,307.100006,9.900001,-10.7,0,0,0,0,0,1,0,0,0,0,0,0,0,0,0,0,0
2026-03-22T00:18:46Z,1787.685,5938,-5691.800293,-10103,1442.099976,307.100006,9.900001,-10.7,0,0,0,0,0,1,0,0,0,0,0,0,0,0,0,0,0
2026-03-22T00:18:46Z,1787.920,5939,-5692.600098,-10102.400391,1442.400024,308.200012,6.9,-8.2,0,0,0,0,0,1,0,0,0,0,0,0,0,0,0,0,0
2026-03-22T00:18:46Z,1788.148,5940,-5692.600098,-10102.400391,1442.400024,308.200012,6.9,-8.2,0,0,0,0,0,1,0,0,0,0,0,0,0,0,0,0,0
2026-03-22T00:18:47Z,1788.385,5941,-5692.600098,-10102.400391,1442.400024,308.200012,6.9,-8.2,0,0,0,0,0,1,0,0,0,0,0,0,0,0,0,0,0
2026-03-22T00:18:47Z,1788.616,5942,-5692.600098,-10102.400391,1442.400024,308.200012,6.9,-8.2,0,0,0,0,0,1,0,0,0,0,0,0,0,0,0,0,0
2026-03-22T00:18:47Z,1788.848,5943,-5692.600098,-10102.400391,1442.400024,308.200012,6.9,-8.2,0,0,0,0,0,1,0,0,0,0,0,0,0,0,0,0,0
2026-03-22T00:18:47Z,1789.081,5944,-5693.399902,-10101.799805,1442.5,309.5,3.8,-8.6,0,0,0,0,0,1,0,0,0,0,0,0,0,0,0,0,0
2026-03-22T00:18:48Z,1789.305,5945,-5693.399902,-10101.799805,1442.5,309.5,3.8,-8.6,0,0,0,0,0,1,0,0,0,0,0,0,0,0,0,0,0
2026-03-22T00:18:48Z,1789.538,5946,-5693.399902,-10101.799805,1442.5,309.5,3.8,-8.6,0,0,0,0,0,1,0,0,0,0,0,0,0,0,0,0,0
2026-03-22T00:18:48Z,1789.768,5947,-5693.399902,-10101.799805,1442.5,309.5,3.8,-8.6,0,0,0,0,0,1,0,0,0,0,0,0,0,0,0,0,0
2026-03-22T00:18:48Z,1790.004,5948,-5693.600098,-10101.600586,1442.5,283.600006,-2,0.7,0,1,1,1,0,1,1,0,0,0,0,1,0,1,0,0,0
2026-03-22T00:18:48Z,1790.222,5949,-5693.600098,-10101.600586,1442.5,283.600006,-2,0.7,0,1,1,1,0,1,1,0,0,0,0,1,0,1,0,0,0
2026-03-22T00:18:49Z,1790.451,5950,-5693.600098,-10101.600586,1442.5,283.600006,-2,0.7,0,1,1,1,0,1,1,0,0,0,0,1,0,1,0,0,0
2026-03-22T00:18:49Z,1790.684,5951,-5693.600098,-10101.600586,1442.5,283.600006,-2,0.7,0,1,1,1,0,1,1,0,0,0,0,1,0,1,0,0,0
2026-03-22T00:18:49Z,1790.918,5952,-5693.600098,-10101.600586,1442.5,283.600006,-2,0.7,0,1,1,1,0,1,1,0,0,0,0,1,0,1,0,0,0
2026-03-22T00:18:49Z,1791.146,5953,-5693.399902,-10101.200195,1442.400024,278.700012,2.7,-2.2,0,1,0,0,0,1,1,0,0,0,0,0,0,1,0,0,0
2026-03-22T00:18:50Z,1791.386,5954,-5693.399902,-10101.200195,1442.400024,278.700012,2.7,-2.2,0,1,0,0,0,1,1,0,0,0,0,0,0,1,0,0,0
2026-03-22T00:18:50Z,1791.635,5955,-5693.399902,-10101.200195,1442.400024,278.700012,2.7,-2.2,0,1,0,0,0,1,1,0,0,0,0,0,0,1,0,0,0
2026-03-22T00:18:50Z,1791.871,5956,-5693.300293,-10101.100586,1442.300049,281.700012,3.4,-0.6,0,1,0,0,0,1,1,0,0,0,0,0,0,1,0,0,0
2026-03-22T00:18:50Z,1792.089,5957,-5693.300293,-10101.100586,1442.300049,281.700012,3.4,-0.6,0,1,0,0,0,1,1,0,0,0,0,0,0,1,0,0,0
2026-03-22T00:18:51Z,1792.314,5958,-5693.300293,-10101.100586,1442.300049,281.700012,3.4,-0.6,0,1,0,0,0,1,1,0,0,0,0,0,0,1,0,0,0
2026-03-22T00:18:51Z,1792.531,5959,-5693.300293,-10101.100586,1442.300049,281.700012,3.4,-0.6,0,1,0,0,0,1,1,0,0,0,0,0,0,1,0,0,0
2026-03-22T00:18:51Z,1792.763,5960,-5693.300293,-10101.100586,1442.300049,281.700012,3.4,-0.6,0,1,0,0,0,1,1,0,0,0,0,0,0,1,0,0,0
2026-03-22T00:18:51Z,1792.985,5961,-5693.200195,-10101.100586,1442.200073,281.300018,0.4,-1.3,0,1,1,1,0,1,1,0,0,0,0,0,0,1,0,0,0
2026-03-22T00:18:51Z,1793.234,5962,-5693.200195,-10101.100586,1442.200073,281.300018,0.4,-1.3,0,1,1,1,0,1,1,0,0,0,0,0,0,1,0,0,0
2026-03-22T00:18:52Z,1793.449,5963,-5693.200195,-10101.100586,1442.200073,281.300018,0.4,-1.3,0,1,1,1,0,1,1,0,0,0,0,0,0,1,0,0,0
2026-03-22T00:18:52Z,1793.673,5964,-5693.200195,-10101.100586,1442.200073,281.300018,0.4,-1.3,0,1,1,1,0,1,1,0,0,0,0,0,0,1,0,0,0
2026-03-22T00:18:52Z,1793.905,5965,-5693.200195,-10101.100586,1442.400024,281.600006,0.8,-1.9,0,1,0,0,0,1,1,0,0,0,0,0,0,1,0,0,0
2026-03-22T00:18:52Z,1794.136,5966,-5693.200195,-10101.100586,1442.400024,281.600006,0.8,-1.9,0,1,0,0,0,1,1,0,0,0,0,0,0,1,0,0,0
2026-03-22T00:18:53Z,1794.356,5967,-5693.200195,-10101.100586,1442.400024,281.600006,0.8,-1.9,0,1,0,0,0,1,1,0,0,0,0,0,0,1,0,0,0
2026-03-22T00:18:53Z,1794.588,5968,-5693.200195,-10101.100586,1442.400024,281.600006,0.8,-1.9,0,1,0,0,0,1,1,0,0,0,0,0,0,1,0,0,0
2026-03-22T00:18:53Z,1794.819,5969,-5693.200195,-10101.100586,1442.400024,282.100006,0.6,-1.3,0,1,0,0,0,1,1,0,0,0,0,0,0,1,0,0,0
2026-03-22T00:18:53Z,1795.033,5970,-5693.200195,-10101.100586,1442.400024,282.100006,0.6,-1.3,0,1,0,0,0,1,1,0,0,0,0,0,0,1,0,0,0
2026-03-22T00:18:53Z,1795.277,5971,-5693.200195,-10101.100586,1442.400024,282.100006,0.6,-1.3,0,1,0,0,0,1,1,0,0,0,0,0,0,1,0,0,0
2026-03-22T00:18:54Z,1795.497,5972,-5693.200195,-10101.100586,1442.400024,282.100006,0.6,-1.3,0,1,0,0,0,1,1,0,0,0,0,0,0,1,0,0,0
2026-03-22T00:18:54Z,1795.730,5973,-5693.200195,-10101.100586,1442.400024,282.100006,0.6,-1.3,0,1,0,0,0,1,1,0,0,0,0,0,0,1,0,0,0
2026-03-22T00:18:54Z,1795.966,5974,-5693.300293,-10101.100586,1442.400024,282.899994,0.6,-1.6,0,1,1,1,0,1,1,0,0,0,0,0,0,1,0,0,0
2026-03-22T00:18:54Z,1796.207,5975,-5693.300293,-10101.100586,1442.400024,282.899994,0.6,-1.6,0,1,1,1,0,1,1,0,0,0,0,0,0,1,0,0,0
2026-03-22T00:18:55Z,1796.444,5976,-5693.300293,-10101.100586,1442.400024,282.899994,0.6,-1.6,0,1,1,1,0,1,1,0,0,0,0,0,0,1,0,0,0
2026-03-22T00:18:55Z,1796.680,5977,-5693.300293,-10101.100586,1442.400024,282.899994,0.6,-1.6,0,1,1,1,0,1,1,0,0,0,0,0,0,1,0,0,0
2026-03-22T00:18:55Z,1796.923,5978,-5693.399902,-10101.100586,1442.300049,284,1.2,-1.3,0,1,1,1,0,1,1,0,0,0,0,0,0,1,0,0,0
2026-03-22T00:18:55Z,1797.147,5979,-5693.399902,-10101.100586,1442.300049,284,1.2,-1.3,0,1,1,1,0,1,1,0,0,0,0,0,0,1,0,0,0
2026-03-22T00:18:56Z,1797.380,5980,-5693.399902,-10101.100586,1442.300049,284,1.2,-1.3,0,1,1,1,0,1,1,0,0,0,0,0,0,1,0,0,0
2026-03-22T00:18:56Z,1797.612,5981,-5693.399902,-10101.100586,1442.300049,284,1.2,-1.3,0,1,1,1,0,1,1,0,0,0,0,0,0,1,0,0,0
2026-03-22T00:18:56Z,1797.838,5982,-5693.399902,-10101.100586,1442.300049,284,1.2,-1.3,0,1,1,1,0,1,1,0,0,0,0,0,0,1,0,0,0
2026-03-22T00:18:56Z,1798.095,5983,-5693.5,-10101,1442.300049,285.800018,0.8,-1,0,1,1,1,0,1,1,0,0,0,0,0,0,1,1,0,0
2026-03-22T00:18:57Z,1798.315,5984,-5693.5,-10101,1442.300049,285.800018,0.8,-1,0,1,1,1,0,1,1,0,0,0,0,0,0,1,1,0,0
2026-03-22T00:18:57Z,1798.555,5985,-5693.5,-10101,1442.300049,285.800018,0.8,-1,0,1,1,1,0,1,1,0,0,0,0,0,0,1,1,0,0
2026-03-22T00:18:57Z,1798.777,5986,-5693.5,-10101,1442.300049,285.800018,0.8,-1,0,1,1,1,0,1,1,0,0,0,0,0,0,1,1,0,0
2026-03-22T00:18:57Z,1799.011,5987,-5693.600098,-10100.900391,1442.400024,287,-0.3,-0.8,0,1,1,1,0,1,1,0,0,0,0,0,0,1,1,0,0
2026-03-22T00:18:57Z,1799.228,5988,-5693.600098,-10100.900391,1442.400024,287,-0.3,-0.8,0,1,1,1,0,1,1,0,0,0,0,0,0,1,1,0,0
2026-03-22T00:18:58Z,1799.464,5989,-5693.600098,-10100.900391,1442.400024,287,-0.3,-0.8,0,1,1,1,0,1,1,0,0,0,0,0,0,1,1,0,0
2026-03-22T00:18:58Z,1799.685,5990,-5693.600098,-10100.900391,1442.400024,287,-0.3,-0.8,0,1,1,1,0,1,1,0,0,0,0,0,0,1,1,0,0
2026-03-22T00:18:58Z,1799.925,5991,-5693.600098,-10100.900391,1442.400024,287,-0.3,-0.8,0,1,1,1,0,1,1,0,0,0,0,0,0,1,1,0,0
2026-03-22T00:18:58Z,1800.157,5992,-5693.600098,-10100.900391,1442.400024,286,-0.7,-0.4,0,1,1,1,0,1,1,0,0,0,0,0,0,1,1,0,0
2026-03-22T00:18:59Z,1800.381,5993,-5693.600098,-10100.900391,1442.400024,286,-0.7,-0.4,0,1,1,1,0,1,1,0,0,0,0,0,0,1,1,0,0
2026-03-22T00:18:59Z,1800.616,5994,-5693.600098,-10100.900391,1442.400024,286,-0.7,-0.4,0,1,1,1,0,1,1,0,0,0,0,0,0,1,1,0,0
2026-03-22T00:18:59Z,1800.850,5995,-5693.600098,-10100.900391,1442.300049,285.800018,0.6,-0.3,0,1,1,1,0,1,1,0,0,0,0,0,0,1,1,0,0
2026-03-22T00:18:59Z,1801.069,5996,-5693.600098,-10100.900391,1442.300049,285.800018,0.6,-0.3,0,1,1,1,0,1,1,0,0,0,0,0,0,1,1,0,0
2026-03-22T00:19:00Z,1801.309,5997,-5693.600098,-10100.900391,1442.300049,285.800018,0.6,-0.3,0,1,1,1,0,1,1,0,0,0,0,0,0,1,1,0,0
2026-03-22T00:19:00Z,1801.543,5998,-5693.600098,-10100.900391,1442.300049,285.800018,0.6,-0.3,0,1,1,1,0,1,1,0,0,0,0,0,0,1,1,0,0
2026-03-22T00:19:00Z,1801.777,5999,-5693.600098,-10100.900391,1442.300049,285.800018,0.6,-0.3,0,1,1,1,0,1,1,0,0,0,0,0,0,1,1,0,0
2026-03-22T00:19:00Z,1802.044,6000,-5693.600098,-10100.900391,1442.300049,285.800018,1,-0.3,0,1,1,1,0,1,1,0,0,0,0,0,0,1,1,0,0
2026-03-22T00:19:01Z,1802.285,6001,-5693.600098,-10100.900391,1442.300049,285.800018,1,-0.3,0,1,1,1,0,1,1,0,0,0,0,0,0,1,1,0,0
2026-03-22T00:19:01Z,1802.530,6002,-5693.600098,-10100.900391,1442.300049,285.800018,1,-0.3,0,1,1,1,0,1,1,0,0,0,0,0,0,1,1,0,0
2026-03-22T00:19:01Z,1802.767,6003,-5693.600098,-10100.900391,1442.300049,285.800018,1,-0.3,0,1,1,1,0,1,1,0,0,0,0,0,0,1,1,0,0
2026-03-22T00:19:01Z,1802.994,6004,-5693.600098,-10100.900391,1442.400024,285.700012,0.1,-0.4,0,1,1,1,0,1,1,0,0,0,0,0,0,1,1,0,0
2026-03-22T00:19:01Z,1803.210,6005,-5693.600098,-10100.900391,1442.400024,285.700012,0.1,-0.4,0,1,1,1,0,1,1,0,0,0,0,0,0,1,1,0,0
2026-03-22T00:19:02Z,1803.437,6006,-5693.600098,-10100.900391,1442.400024,285.700012,0.1,-0.4,0,1,1,1,0,1,1,0,0,0,0,0,0,1,1,0,0
2026-03-22T00:19:02Z,1803.674,6007,-5693.600098,-10100.900391,1442.400024,285.700012,0.1,-0.4,0,1,1,1,0,1,1,0,0,0,0,0,0,1,1,0,0
2026-03-22T00:19:02Z,1803.914,6008,-5693.600098,-10100.900391,1442.400024,285.600006,-0.3,-0.6,0,1,1,1,0,1,1,0,0,0,0,0,0,1,1,0,0
2026-03-22T00:19:02Z,1804.140,6009,-5693.600098,-10100.900391,1442.400024,285.600006,-0.3,-0.6,0,1,1,1,0,1,1,0,0,0,0,0,0,1,1,0,0
2026-03-22T00:19:03Z,1804.361,6010,-5693.600098,-10100.900391,1442.400024,285.600006,-0.3,-0.6,0,1,1,1,0,1,1,0,0,0,0,0,0,1,1,0,0
2026-03-22T00:19:03Z,1804.605,6011,-5693.600098,-10100.900391,1442.400024,285.600006,-0.3,-0.6,0,1,1,1,0,1,1,0,0,0,0,0,0,1,1,0,0
2026-03-22T00:19:03Z,1804.829,6012,-5693.600098,-10100.900391,1442.400024,285.600006,-0.3,-0.6,0,1,1,1,0,1,1,0,0,0,0,0,0,1,1,0,0
2026-03-22T00:19:03Z,1805.092,6013,-5693.600098,-10100.900391,1442.400024,285.600006,0.3,-0.4,0,1,1,1,0,1,1,0,0,0,0,0,0,1,1,0,0
2026-03-22T00:19:04Z,1805.339,6014,-5693.600098,-10100.900391,1442.400024,285.600006,0.3,-0.4,0,1,1,1,0,1,1,0,0,0,0,0,0,1,1,0,0
2026-03-22T00:19:04Z,1805.569,6015,-5693.600098,-10100.900391,1442.400024,285.600006,0.3,-0.4,0,1,1,1,0,1,1,0,0,0,0,0,0,1,1,0,0
2026-03-22T00:19:04Z,1805.812,6016,-5693.600098,-10100.900391,1442.400024,285.600006,0.3,-0.4,0,1,1,1,0,1,1,0,0,0,0,0,0,1,1,0,0
2026-03-22T00:19:04Z,1806.084,6017,-5693.600098,-10100.900391,1442.300049,285.5,0.5,-0.3,0,1,1,1,0,1,1,0,0,0,0,0,0,1,1,0,0
2026-03-22T00:19:05Z,1806.310,6018,-5693.600098,-10100.900391,1442.300049,285.5,0.5,-0.3,0,1,1,1,0,1,1,0,0,0,0,0,0,1,1,0,0
2026-03-22T00:19:05Z,1806.533,6019,-5693.600098,-10100.900391,1442.300049,285.5,0.5,-0.3,0,1,1,1,0,1,1,0,0,0,0,0,0,1,1,0,0
2026-03-22T00:19:05Z,1806.765,6020,-5693.600098,-10100.900391,1442.300049,285.5,0.5,-0.3,0,1,1,1,0,1,1,0,0,0,0,0,0,1,1,0,0
2026-03-22T00:19:05Z,1806.995,6021,-5693.5,-10100.900391,1442.400024,285.200012,-1.3,-0.7,0,0,1,1,0,1,1,0,0,0,0,0,0,0,1,0,0
2026-03-22T00:19:05Z,1807.221,6022,-5693.5,-10100.900391,1442.400024,285.200012,-1.3,-0.7,0,0,1,1,0,1,1,0,0,0,0,0,0,0,1,0,0
2026-03-22T00:19:06Z,1807.444,6023,-5693.5,-10100.900391,1442.400024,285.200012,-1.3,-0.7,0,0,1,1,0,1,1,0,0,0,0,0,0,0,1,0,0
2026-03-22T00:19:06Z,1807.672,6024,-5693.5,-10100.900391,1442.400024,285.200012,-1.3,-0.7,0,0,1,1,0,1,1,0,0,0,0,0,0,0,1,0,0
2026-03-22T00:19:06Z,1807.898,6025,-5693.200195,-10101,1442.400024,284.700012,-0.5,-1.1,0,1,1,1,0,1,1,0,0,0,0,0,0,1,1,0,0
2026-03-22T00:19:06Z,1808.118,6026,-5693.200195,-10101,1442.400024,284.700012,-0.5,-1.1,0,1,1,1,0,1,1,0,0,0,0,0,0,1,1,0,0
2026-03-22T00:19:07Z,1808.344,6027,-5693.200195,-10101,1442.400024,284.700012,-0.5,-1.1,0,1,1,1,0,1,1,0,0,0,0,0,0,1,1,0,0
2026-03-22T00:19:07Z,1808.575,6028,-5693.200195,-10101,1442.400024,284.700012,-0.5,-1.1,0,1,1,1,0,1,1,0,0,0,0,0,0,1,1,0,0
2026-03-22T00:19:07Z,1808.811,6029,-5693.200195,-10101,1442.400024,284.700012,-0.5,-1.1,0,1,1,1,0,1,1,0,0,0,0,0,0,1,1,0,0
2026-03-22T00:19:07Z,1809.048,6030,-5692.899902,-10101.100586,1442.300049,284.200012,0.7,-1.6,0,1,1,1,0,1,1,0,0,0,0,0,0,1,0,0,0
2026-03-22T00:19:07Z,1809.278,6031,-5692.899902,-10101.100586,1442.300049,284.200012,0.7,-1.6,0,1,1,1,0,1,1,0,0,0,0,0,0,1,0,0,0
2026-03-22T00:19:08Z,1809.510,6032,-5692.899902,-10101.100586,1442.300049,284.200012,0.7,-1.6,0,1,1,1,0,1,1,0,0,0,0,0,0,1,0,0,0
2026-03-22T00:19:08Z,1809.749,6033,-5692.899902,-10101.100586,1442.300049,284.200012,0.7,-1.6,0,1,1,1,0,1,1,0,0,0,0,0,0,1,0,0,0
2026-03-22T00:19:08Z,1809.975,6034,-5692.399902,-10101.200195,1442.300049,283.5,0.2,-2.2,0,1,1,1,0,1,1,0,0,0,0,0,0,1,0,0,0
2026-03-22T00:19:08Z,1810.252,6035,-5692.399902,-10101.200195,1442.300049,283.5,0.2,-2.2,0,1,1,1,0,1,1,0,0,0,0,0,0,1,0,0,0
2026-03-22T00:19:09Z,1810.487,6036,-5692.399902,-10101.200195,1442.300049,283.5,0.2,-2.2,0,1,1,1,0,1,1,0,0,0,0,0,0,1,0,0,0
2026-03-22T00:19:09Z,1810.729,6037,-5692.399902,-10101.200195,1442.300049,283.5,0.2,-2.2,0,1,1,1,0,1,1,0,0,0,0,0,0,1,0,0,0
2026-03-22T00:19:09Z,1810.969,6038,-5691.800293,-10101.400391,1442.300049,282.600006,0.7,-2.3,0,1,1,1,0,1,1,0,0,0,0,0,0,1,0,0,0
2026-03-22T00:19:09Z,1811.187,6039,-5691.800293,-10101.400391,1442.300049,282.600006,0.7,-2.3,0,1,1,1,0,1,1,0,0,0,0,0,0,1,0,0,0
2026-03-22T00:19:10Z,1811.408,6040,-5691.800293,-10101.400391,1442.300049,282.600006,0.7,-2.3,0,1,1,1,0,1,1,0,0,0,0,0,0,1,0,0,0
2026-03-22T00:19:10Z,1811.644,6041,-5691.800293,-10101.400391,1442.300049,282.600006,0.7,-2.3,0,1,1,1,0,1,1,0,0,0,0,0,0,1,0,0,0
2026-03-22T00:19:10Z,1811.874,6042,-5691.800293,-10101.400391,1442.300049,282.600006,0.7,-2.3,0,1,1,1,0,1,1,0,0,0,0,0,0,1,0,0,0
2026-03-22T00:19:10Z,1812.101,6043,-5691.100098,-10101.5,1442.300049,281.800018,2.4,-1.7,0,1,0,1,0,1,1,0,0,0,0,0,0,0,0,0,0
2026-03-22T00:19:11Z,1812.330,6044,-5691.100098,-10101.5,1442.300049,281.800018,2.4,-1.7,0,1,0,1,0,1,1,0,0,0,0,0,0,0,0,0,0
2026-03-22T00:19:11Z,1812.564,6045,-5691.100098,-10101.5,1442.300049,281.800018,2.4,-1.7,0,1,0,1,0,1,1,0,0,0,0,0,0,0,0,0,0
2026-03-22T00:19:11Z,1812.793,6046,-5691.100098,-10101.5,1442.300049,281.800018,2.4,-1.7,0,1,0,1,0,1,1,0,0,0,0,0,0,0,0,0,0
2026-03-22T00:19:11Z,1813.036,6047,-5690.399902,-10101.700195,1442.300049,280.800018,1.8,-2,0,0,0,1,0,1,1,0,0,0,0,0,0,0,0,0,0
2026-03-22T00:19:16Z,1813.251,6048,-5690.399902,-10101.700195,1442.300049,280.800018,1.8,-2,0,0,0,1,0,1,1,0,0,0,0,0,0,0,0,0,0
2026-03-22T00:19:17Z,1818.502,6049,-5687.600098,-10102.299805,1442.200073,276.600006,4.6,-2.7,0,0,0,0,0,0,0,0,0,0,1,1,0,0,0,0,0
2026-03-22T00:19:17Z,1818.738,6050,-5687.600098,-10102.299805,1442.200073,276.600006,4.6,-2.7,0,0,0,0,0,0,0,0,0,0,1,1,0,0,0,0,0
2026-03-22T00:19:17Z,1818.976,6051,-5687.600098,-10102.299805,1442.200073,276.800018,1.2,-2.2,0,0,0,0,0,0,0,0,0,0,1,1,0,0,0,0,0
2026-03-22T00:19:17Z,1819.205,6052,-5687.600098,-10102.299805,1442.200073,276.800018,1.2,-2.2,0,0,0,0,0,0,0,0,0,0,1,1,0,0,0,0,0
2026-03-22T00:19:18Z,1819.434,6053,-5687.600098,-10102.299805,1442.200073,276.800018,1.2,-2.2,0,0,0,0,0,0,0,0,0,0,1,1,0,0,0,0,0
2026-03-22T00:19:18Z,1819.675,6054,-5687.600098,-10102.299805,1442.200073,276.800018,1.2,-2.2,0,0,0,0,0,0,0,0,0,0,1,1,0,0,0,0,0
2026-03-22T00:19:18Z,1819.914,6055,-5687.600098,-10102.299805,1442.200073,276.800018,1.2,-2.2,0,0,0,0,0,0,0,0,0,0,1,1,0,0,0,0,0
2026-03-22T00:19:18Z,1820.171,6056,-5687.600098,-10102.299805,1442.300049,277.300018,1.8,-2.4,0,0,0,0,0,0,0,0,0,0,1,1,0,0,0,0,0
2026-03-22T00:19:19Z,1820.403,6057,-5687.600098,-10102.299805,1442.300049,277.300018,1.8,-2.4,0,0,0,0,0,0,0,0,0,0,1,1,0,0,0,0,0
2026-03-22T00:19:19Z,1820.651,6058,-5687.600098,-10102.299805,1442.300049,277.300018,1.8,-2.4,0,0,0,0,0,0,0,0,0,0,1,1,0,0,0,0,0
2026-03-22T00:19:19Z,1820.885,6059,-5687.600098,-10102.299805,1442.300049,277.300018,1.8,-2.4,0,0,0,0,0,0,0,0,0,0,1,1,0,0,0,0,0
2026-03-22T00:19:19Z,1821.102,6060,-5687.700195,-10102.299805,1442.300049,278.300018,2.8,-2.3,0,0,0,0,0,0,0,0,0,0,1,1,0,0,0,0,0
2026-03-22T00:19:20Z,1821.319,6061,-5687.700195,-10102.299805,1442.300049,278.300018,2.8,-2.3,0,0,0,0,0,0,0,0,0,0,1,1,0,0,0,0,0
2026-03-22T00:19:20Z,1821.533,6062,-5687.700195,-10102.299805,1442.300049,278.300018,2.8,-2.3,0,0,0,0,0,0,0,0,0,0,1,1,0,0,0,0,0
2026-03-22T00:19:20Z,1821.770,6063,-5687.700195,-10102.299805,1442.300049,278.300018,2.8,-2.3,0,0,0,0,0,0,0,0,0,0,1,1,0,0,0,0,0
2026-03-22T00:19:20Z,1822.002,6064,-5687.800293,-10102.200195,1442.200073,279.5,2,-2.1,0,0,0,0,0,0,0,0,0,0,1,1,0,0,0,0,0
2026-03-22T00:19:20Z,1822.214,6065,-5687.800293,-10102.200195,1442.200073,279.5,2,-2.1,0,0,0,0,0,0,0,0,0,0,1,1,0,0,0,0,0
2026-03-22T00:19:21Z,1822.428,6066,-5687.800293,-10102.200195,1442.200073,279.5,2,-2.1,0,0,0,0,0,0,0,0,0,0,1,1,0,0,0,0,0
2026-03-22T00:19:21Z,1822.661,6067,-5687.800293,-10102.200195,1442.200073,279.5,2,-2.1,0,0,0,0,0,0,0,0,0,0,1,1,0,0,0,0,0
2026-03-22T00:19:21Z,1822.880,6068,-5687.800293,-10102.200195,1442.200073,279.5,2,-2.1,0,0,0,0,0,0,0,0,0,0,1,1,0,0,0,0,0
2026-03-22T00:19:21Z,1823.117,6069,-5687.899902,-10102.200195,1442.300049,281.100006,2.3,-2,0,0,0,0,0,0,0,0,0,0,1,1,0,0,0,0,0
2026-03-22T00:19:22Z,1823.335,6070,-5687.899902,-10102.200195,1442.300049,281.100006,2.3,-2,0,0,0,0,0,0,0,0,0,0,1,1,0,0,0,0,0
2026-03-22T00:19:22Z,1823.570,6071,-5687.899902,-10102.200195,1442.300049,281.100006,2.3,-2,0,0,0,0,0,0,0,0,0,0,1,1,0,0,0,0,0
2026-03-22T00:19:22Z,1823.816,6072,-5687.899902,-10102.200195,1442.300049,281.100006,2.3,-2,0,0,0,0,0,0,0,0,0,0,1,1,0,0,0,0,0
2026-03-22T00:19:22Z,1824.030,6073,-5688,-10102.100586,1442.300049,282.899994,2.6,-1.6,0,0,0,0,0,0,0,0,0,0,0,1,0,0,0,0,0
2026-03-22T00:19:22Z,1824.245,6074,-5688,-10102.100586,1442.300049,282.899994,2.6,-1.6,0,0,0,0,0,0,0,0,0,0,0,1,0,0,0,0,0
2026-03-22T00:19:23Z,1824.480,6075,-5688,-10102.100586,1442.300049,282.899994,2.6,-1.6,0,0,0,0,0,0,0,0,0,0,0,1,0,0,0,0,0
2026-03-22T00:19:23Z,1824.712,6076,-5688,-10102.100586,1442.300049,282.899994,2.6,-1.6,0,0,0,0,0,0,0,0,0,0,0,1,0,0,0,0,0
2026-03-22T00:19:23Z,1824.952,6077,-5688.200195,-10102,1442.300049,285.200012,2.1,-1.1,0,0,0,0,0,0,0,0,0,0,0,1,0,0,0,0,0
2026-03-22T00:19:23Z,1825.215,6078,-5688.200195,-10102,1442.300049,285.200012,2.1,-1.1,0,0,0,0,0,0,0,0,0,0,0,1,0,0,0,0,0
2026-03-22T00:19:24Z,1825.444,6079,-5688.200195,-10102,1442.300049,285.200012,2.1,-1.1,0,0,0,0,0,0,0,0,0,0,0,1,0,0,0,0,0
2026-03-22T00:19:24Z,1825.683,6080,-5688.200195,-10102,1442.300049,285.200012,2.1,-1.1,0,0,0,0,0,0,0,0,0,0,0,1,0,0,0,0,0
2026-03-22T00:19:24Z,1825.916,6081,-5688.200195,-10102,1442.300049,285.200012,2.1,-1.1,0,0,0,0,0,0,0,0,0,0,0,1,0,0,0,0,0
2026-03-22T00:19:24Z,1826.152,6082,-5688.300293,-10101.900391,1442.300049,287.700012,2,-0.3,0,1,0,0,0,1,0,0,0,0,0,1,0,0,0,0,0
2026-03-22T00:19:25Z,1826.374,6083,-5688.300293,-10101.900391,1442.300049,287.700012,2,-0.3,0,1,0,0,0,1,0,0,0,0,0,1,0,0,0,0,0
2026-03-22T00:19:25Z,1826.617,6084,-5688.300293,-10101.900391,1442.300049,287.700012,2,-0.3,0,1,0,0,0,1,0,0,0,0,0,1,0,0,0,0,0
2026-03-22T00:19:25Z,1826.854,6085,-5688.5,-10101.799805,1442.300049,290.600006,2.2,0.5,0,1,0,0,0,1,0,0,0,0,0,1,0,0,0,0,0
2026-03-22T00:19:25Z,1827.071,6086,-5688.5,-10101.799805,1442.300049,290.600006,2.2,0.5,0,1,0,0,0,1,0,0,0,0,0,1,0,0,0,0,0
2026-03-22T00:19:26Z,1827.304,6087,-5688.5,-10101.799805,1442.300049,290.600006,2.2,0.5,0,1,0,0,0,1,0,0,0,0,0,1,0,0,0,0,0
2026-03-22T00:19:26Z,1827.531,6088,-5688.5,-10101.799805,1442.300049,290.600006,2.2,0.5,0,1,0,0,0,1,0,0,0,0,0,1,0,0,0,0,0
2026-03-22T00:19:26Z,1827.765,6089,-5688.5,-10101.799805,1442.300049,290.600006,2.2,0.5,0,1,0,0,0,1,0,0,0,0,0,1,0,0,0,0,0
2026-03-22T00:19:26Z,1827.997,6090,-5688.700195,-10101.600586,1442.400024,293.700012,2.2,1,0,1,0,0,0,0,0,0,0,0,0,1,0,0,0,0,0
2026-03-22T00:19:26Z,1828.218,6091,-5688.700195,-10101.600586,1442.400024,293.700012,2.2,1,0,1,0,0,0,0,0,0,0,0,0,1,0,0,0,0,0
2026-03-22T00:19:27Z,1828.442,6092,-5688.700195,-10101.600586,1442.400024,293.700012,2.2,1,0,1,0,0,0,0,0,0,0,0,0,1,0,0,0,0,0
2026-03-22T00:19:27Z,1828.679,6093,-5688.700195,-10101.600586,1442.400024,293.700012,2.2,1,0,1,0,0,0,0,0,0,0,0,0,1,0,0,0,0,0
2026-03-22T00:19:27Z,1828.910,6094,-5689,-10101.400391,1442.400024,297.399994,2.1,1,0,1,0,0,0,0,0,0,0,0,0,1,0,0,0,0,0
2026-03-22T00:19:27Z,1829.134,6095,-5689,-10101.400391,1442.400024,297.399994,2.1,1,0,1,0,0,0,0,0,0,0,0,0,1,0,0,0,0,0
2026-03-22T00:19:28Z,1829.355,6096,-5689,-10101.400391,1442.400024,297.399994,2.1,1,0,1,0,0,0,0,0,0,0,0,0,1,0,0,0,0,0
2026-03-22T00:19:28Z,1829.595,6097,-5689,-10101.400391,1442.400024,297.399994,2.1,1,0,1,0,0,0,0,0,0,0,0,0,1,0,0,0,0,0
2026-03-22T00:19:28Z,1829.841,6098,-5689.200195,-10101.200195,1442.400024,301.100006,1.5,0.3,0,1,0,0,0,0,0,0,0,0,0,1,0,0,0,0,0
2026-03-22T00:19:28Z,1830.080,6099,-5689.200195,-10101.200195,1442.400024,301.100006,1.5,0.3,0,1,0,0,0,0,0,0,0,0,0,1,0,0,0,0,0
2026-03-22T00:19:28Z,1830.298,6100,-5689.200195,-10101.200195,1442.400024,301.100006,1.5,0.3,0,1,0,0,0,0,0,0,0,0,0,1,0,0,0,0,0
2026-03-22T00:19:29Z,1830.530,6101,-5689.200195,-10101.200195,1442.400024,301.100006,1.5,0.3,0,1,0,0,0,0,0,0,0,0,0,1,0,0,0,0,0
2026-03-22T00:19:29Z,1830.763,6102,-5689.200195,-10101.200195,1442.400024,301.100006,1.5,0.3,0,1,0,0,0,0,0,0,0,0,0,1,0,0,0,0,0
2026-03-22T00:19:29Z,1831.000,6103,-5689.399902,-10100.900391,1442.300049,305.5,0.8,-0.1,0,1,0,0,0,0,0,0,0,0,0,1,0,0,0,0,0
2026-03-22T00:19:29Z,1831.227,6104,-5689.399902,-10100.900391,1442.300049,305.5,0.8,-0.1,0,1,0,0,0,0,0,0,0,0,0,1,0,0,0,0,0
2026-03-22T00:19:30Z,1831.451,6105,-5689.399902,-10100.900391,1442.300049,305.5,0.8,-0.1,0,1,0,0,0,0,0,0,0,0,0,1,0,0,0,0,0
2026-03-22T00:19:30Z,1831.674,6106,-5689.399902,-10100.900391,1442.300049,305.5,0.8,-0.1,0,1,0,0,0,0,0,0,0,0,0,1,0,0,0,0,0
2026-03-22T00:19:30Z,1831.908,6107,-5689.600098,-10100.5,1442.400024,310.5,1.1,0.4,0,1,0,0,0,0,0,0,0,0,0,0,0,0,0,0,0
2026-03-22T00:19:30Z,1832.129,6108,-5689.600098,-10100.5,1442.400024,310.5,1.1,0.4,0,1,0,0,0,0,0,0,0,0,0,0,0,0,0,0,0
2026-03-22T00:19:31Z,1832.343,6109,-5689.600098,-10100.5,1442.400024,310.5,1.1,0.4,0,1,0,0,0,0,0,0,0,0,0,0,0,0,0,0,0
2026-03-22T00:19:31Z,1832.577,6110,-5689.600098,-10100.5,1442.400024,310.5,1.1,0.4,0,1,0,0,0,0,0,0,0,0,0,0,0,0,0,0,0
2026-03-22T00:19:31Z,1832.809,6111,-5689.600098,-10100.5,1442.400024,310.5,1.1,0.4,0,1,0,0,0,0,0,0,0,0,0,0,0,0,0,0,0
2026-03-22T00:19:31Z,1833.040,6112,-5689.800293,-10100.200195,1442.400024,315.300018,0.6,0.5,0,0,0,0,0,0,0,0,0,0,0,0,0,0,0,0,0
2026-03-22T00:19:31Z,1833.269,6113,-5689.800293,-10100.200195,1442.400024,315.300018,0.6,0.5,0,0,0,0,0,0,0,0,0,0,0,0,0,0,0,0,0
2026-03-22T00:19:32Z,1833.510,6114,-5689.800293,-10100.200195,1442.400024,315.300018,0.6,0.5,0,0,0,0,0,0,0,0,0,0,0,0,0,0,0,0,0
2026-03-22T00:19:32Z,1833.742,6115,-5689.800293,-10100.200195,1442.400024,315.300018,0.6,0.5,0,0,0,0,0,0,0,0,0,0,0,0,0,0,0,0,0
2026-03-22T00:19:32Z,1833.978,6116,-5690.100098,-10099.700195,1442.400024,321.300018,0.3,0.3,0,0,0,0,0,0,0,0,0,1,0,0,0,0,0,0,0
2026-03-22T00:19:32Z,1834.207,6117,-5690.100098,-10099.700195,1442.400024,321.300018,0.3,0.3,0,0,0,0,0,0,0,0,0,1,0,0,0,0,0,0,0
2026-03-22T00:19:33Z,1834.439,6118,-5690.100098,-10099.700195,1442.400024,321.300018,0.3,0.3,0,0,0,0,0,0,0,0,0,1,0,0,0,0,0,0,0
2026-03-22T00:19:33Z,1834.674,6119,-5690.100098,-10099.700195,1442.400024,321.300018,0.3,0.3,0,0,0,0,0,0,0,0,0,1,0,0,0,0,0,0,0
2026-03-22T00:19:33Z,1834.906,6120,-5690.100098,-10099.700195,1442.400024,321.300018,0.3,0.3,0,0,0,0,0,0,0,0,0,1,0,0,0,0,0,0,0
2026-03-22T00:19:33Z,1835.170,6121,-5690.200195,-10099.200195,1442.400024,327.300018,1.4,-0.6,0,0,0,0,0,0,0,0,0,0,0,0,0,0,0,0,0
2026-03-22T00:19:34Z,1835.401,6122,-5690.200195,-10099.200195,1442.400024,327.300018,1.4,-0.6,0,0,0,0,0,0,0,0,0,0,0,0,0,0,0,0,0
2026-03-22T00:19:34Z,1835.638,6123,-5690.200195,-10099.200195,1442.400024,327.300018,1.4,-0.6,0,0,0,0,0,0,0,0,0,0,0,0,0,0,0,0,0
2026-03-22T00:19:34Z,1835.870,6124,-5690.200195,-10099.200195,1442.400024,327.300018,1.4,-0.6,0,0,0,0,0,0,0,0,0,0,0,0,0,0,0,0,0
2026-03-22T00:19:34Z,1836.097,6125,-5690.300293,-10098.700195,1442.400024,334.5,1.3,-0.6,0,0,0,0,0,0,0,1,0,0,0,0,0,0,0,0,0
2026-03-22T00:19:35Z,1836.339,6126,-5690.300293,-10098.700195,1442.400024,334.5,1.3,-0.6,0,0,0,0,0,0,0,1,0,0,0,0,0,0,0,0,0
2026-03-22T00:19:35Z,1836.557,6127,-5690.300293,-10098.700195,1442.400024,334.5,1.3,-0.6,0,0,0,0,0,0,0,1,0,0,0,0,0,0,0,0,0
2026-03-22T00:19:35Z,1836.789,6128,-5690.300293,-10098.700195,1442.400024,334.5,1.3,-0.6,0,0,0,0,0,0,0,1,0,0,0,0,0,0,0,0,0
2026-03-22T00:19:35Z,1837.027,6129,-5690.399902,-10098.100586,1442.400024,340.899994,1,-0.6,0,0,0,0,0,0,0,1,0,0,0,0,0,0,0,0,0
2026-03-22T00:19:35Z,1837.257,6130,-5690.399902,-10098.100586,1442.400024,340.899994,1,-0.6,0,0,0,0,0,0,0,1,0,0,0,0,0,0,0,0,0
2026-03-22T00:19:36Z,1837.484,6131,-5690.399902,-10098.100586,1442.400024,340.899994,1,-0.6,0,0,0,0,0,0,0,1,0,0,0,0,0,0,0,0,0
2026-03-22T00:19:36Z,1837.713,6132,-5690.399902,-10098.100586,1442.400024,340.899994,1,-0.6,0,0,0,0,0,0,0,1,0,0,0,0,0,0,0,0,0
2026-03-22T00:19:36Z,1837.944,6133,-5690.399902,-10098.100586,1442.400024,340.899994,1,-0.6,0,0,0,0,0,0,0,1,0,0,0,0,0,0,0,0,0
2026-03-22T00:19:36Z,1838.215,6134,-5690.399902,-10097.5,1442.400024,348.300018,1.1,-0.7,0,0,0,0,0,0,0,1,0,0,0,0,1,0,0,0,0
2026-03-22T00:19:37Z,1838.435,6135,-5690.399902,-10097.5,1442.400024,348.300018,1.1,-0.7,0,0,0,0,0,0,0,1,0,0,0,0,1,0,0,0,0
2026-03-22T00:19:37Z,1838.660,6136,-5690.399902,-10097.5,1442.400024,348.300018,1.1,-0.7,0,0,0,0,0,0,0,1,0,0,0,0,1,0,0,0,0
2026-03-22T00:19:37Z,1838.886,6137,-5690.399902,-10097.5,1442.400024,348.300018,1.1,-0.7,0,0,0,0,0,0,0,1,0,0,0,0,1,0,0,0,0
2026-03-22T00:19:37Z,1839.105,6138,-5690.300293,-10096.900391,1442.400024,355.5,0.8,-0.5,0,0,0,0,0,0,0,1,0,0,0,0,1,0,0,0,0
2026-03-22T00:19:38Z,1839.329,6139,-5690.300293,-10096.900391,1442.400024,355.5,0.8,-0.5,0,0,0,0,0,0,0,1,0,0,0,0,1,0,0,0,0
2026-03-22T00:19:38Z,1839.553,6140,-5690.300293,-10096.900391,1442.400024,355.5,0.8,-0.5,0,0,0,0,0,0,0,1,0,0,0,0,1,0,0,0,0
2026-03-22T00:19:38Z,1839.813,6141,-5690.300293,-10096.900391,1442.400024,355.5,0.8,-0.5,0,0,0,0,0,0,0,1,0,0,0,0,1,0,0,0,0
2026-03-22T00:19:39Z,1840.294,6142,-5690.100098,-10096.200195,1442.400024,3.8,0,-0.7,0,0,0,0,0,0,0,0,0,0,0,0,0,0,0,0,0
2026-03-22T00:19:39Z,1840.807,6143,-5690.100098,-10096.200195,1442.400024,3.8,0,-0.7,0,0,0,0,0,0,0,0,0,0,0,0,0,0,0,0,0
2026-03-22T00:19:39Z,1841.050,6144,-5689.800293,-10095.400391,1442.300049,13.2,-0.9,-0.5,0,0,0,0,0,0,0,0,0,0,0,0,0,0,0,0,0
2026-03-22T00:19:40Z,1841.323,6145,-5689.800293,-10095.400391,1442.300049,13.2,-0.9,-0.5,0,0,0,0,0,0,0,0,0,0,0,0,0,0,0,0,0
2026-03-22T00:19:40Z,1841.560,6146,-5689.800293,-10095.400391,1442.300049,13.2,-0.9,-0.5,0,0,0,0,0,0,0,0,0,0,0,0,0,0,0,0,0
2026-03-22T00:19:40Z,1841.791,6147,-5689.800293,-10095.400391,1442.300049,13.2,-0.9,-0.5,0,0,0,0,0,0,0,0,0,0,0,0,0,0,0,0,0
2026-03-22T00:19:40Z,1842.026,6148,-5689.399902,-10094.799805,1442.300049,22,-1.7,-0.3,0,0,0,0,0,0,0,0,0,0,0,0,0,0,0,0,0
2026-03-22T00:19:40Z,1842.256,6149,-5689.399902,-10094.799805,1442.300049,22,-1.7,-0.3,0,0,0,0,0,0,0,0,0,0,0,0,0,0,0,0,0
2026-03-22T00:19:41Z,1842.493,6150,-5689.399902,-10094.799805,1442.300049,22,-1.7,-0.3,0,0,0,0,0,0,0,0,0,0,0,0,0,0,0,0,0
2026-03-22T00:19:41Z,1842.742,6151,-5689.399902,-10094.799805,1442.300049,22,-1.7,-0.3,0,0,0,0,0,0,0,0,0,0,0,0,0,0,0,0,0
2026-03-22T00:19:41Z,1842.982,6152,-5688.899902,-10094.299805,1442.300049,29.9,-2,-0.5,0,0,0,0,0,0,0,0,0,0,0,0,0,0,0,0,0
2026-03-22T00:19:41Z,1843.212,6153,-5688.899902,-10094.299805,1442.300049,29.9,-2,-0.5,0,0,0,0,0,0,0,0,0,0,0,0,0,0,0,0,0
2026-03-22T00:19:42Z,1843.438,6154,-5688.899902,-10094.299805,1442.300049,29.9,-2,-0.5,0,0,0,0,0,0,0,0,0,0,0,0,0,0,0,0,0
2026-03-22T00:19:42Z,1843.668,6155,-5688.899902,-10094.299805,1442.300049,29.9,-2,-0.5,0,0,0,0,0,0,0,0,0,0,0,0,0,0,0,0,0
2026-03-22T00:19:42Z,1843.905,6156,-5688.300293,-10093.700195,1442.300049,39.5,-2.1,-0.9,0,0,0,0,0,0,0,0,0,0,0,0,0,0,0,0,0
2026-03-22T00:19:42Z,1844.154,6157,-5688.300293,-10093.700195,1442.300049,39.5,-2.1,-0.9,0,0,0,0,0,0,0,0,0,0,0,0,0,0,0,0,0
2026-03-22T00:19:43Z,1844.387,6158,-5688.300293,-10093.700195,1442.300049,39.5,-2.1,-0.9,0,0,0,0,0,0,0,0,0,0,0,0,0,0,0,0,0
2026-03-22T00:19:43Z,1844.633,6159,-5688.300293,-10093.700195,1442.300049,39.5,-2.1,-0.9,0,0,0,0,0,0,0,0,0,0,0,0,0,0,0,0,0
2026-03-22T00:19:43Z,1844.873,6160,-5687.700195,-10093.299805,1442.200073,47.900002,-2.8,-1.3,0,0,0,0,0,0,0,0,0,0,0,0,0,0,0,0,0
2026-03-22T00:19:43Z,1845.230,6161,-5687.700195,-10093.299805,1442.200073,47.900002,-2.8,-1.3,0,0,0,0,0,0,0,0,0,0,0,0,0,0,0,0,0
2026-03-22T00:19:44Z,1845.484,6162,-5687.700195,-10093.299805,1442.200073,47.900002,-2.8,-1.3,0,0,0,0,0,0,0,0,0,0,0,0,0,0,0,0,0
2026-03-22T00:19:44Z,1845.715,6163,-5687.700195,-10093.299805,1442.200073,47.900002,-2.8,-1.3,0,0,0,0,0,0,0,0,0,0,0,0,0,0,0,0,0
2026-03-22T00:19:44Z,1845.980,6164,-5686.800293,-10093,1442.200073,58.799999,-3.2,-1.4,0,0,1,0,0,0,0,0,0,0,0,0,0,0,0,0,0
2026-03-22T00:19:44Z,1846.214,6165,-5686.800293,-10093,1442.200073,58.799999,-3.2,-1.4,0,0,1,0,0,0,0,0,0,0,0,0,0,0,0,0,0
2026-03-22T00:19:45Z,1846.457,6166,-5686.800293,-10093,1442.200073,58.799999,-3.2,-1.4,0,0,1,0,0,0,0,0,0,0,0,0,0,0,0,0,0
2026-03-22T00:19:45Z,1846.706,6167,-5686.800293,-10093,1442.200073,58.799999,-3.2,-1.4,0,0,1,0,0,0,0,0,0,0,0,0,0,0,0,0,0
2026-03-22T00:19:45Z,1846.962,6168,-5685.899902,-10092.799805,1442.099976,68.800003,-2.9,-2.1,0,0,1,0,0,0,0,0,0,0,0,0,0,0,0,0,0
2026-03-22T00:19:45Z,1847.227,6169,-5685.899902,-10092.799805,1442.099976,68.800003,-2.9,-2.1,0,0,1,0,0,0,0,0,0,0,0,0,0,0,0,0,0
2026-03-22T00:19:46Z,1847.485,6170,-5685.899902,-10092.799805,1442.099976,68.800003,-2.9,-2.1,0,0,1,0,0,0,0,0,0,0,0,0,0,0,0,0,0
2026-03-22T00:19:46Z,1847.730,6171,-5685.899902,-10092.799805,1442.099976,68.800003,-2.9,-2.1,0,0,1,0,0,0,0,0,0,0,0,0,0,0,0,0,0
2026-03-22T00:19:46Z,1847.961,6172,-5684.899902,-10092.700195,1442.099976,79.200005,-2.6,-2.9,0,0,1,0,1,0,0,0,0,0,0,0,0,0,0,0,0
2026-03-22T00:19:46Z,1848.278,6173,-5684.899902,-10092.700195,1442.099976,79.200005,-2.6,-2.9,0,0,1,0,1,0,0,0,0,0,0,0,0,0,0,0,0
2026-03-22T00:19:47Z,1848.504,6174,-5684.899902,-10092.700195,1442.099976,79.200005,-2.6,-2.9,0,0,1,0,1,0,0,0,0,0,0,0,0,0,0,0,0
2026-03-22T00:19:47Z,1848.949,6175,-5684,-10092.900391,1442,89.700005,-2.4,-3.4,0,0,1,0,0,0,0,0,0,0,0,0,0,1,0,1,0
2026-03-22T00:19:48Z,1849.296,6176,-5684,-10092.900391,1442,89.700005,-2.4,-3.4,0,0,1,0,0,0,0,0,0,0,0,0,0,1,0,1,0
2026-03-22T00:19:48Z,1849.542,6177,-5684,-10092.900391,1442,89.700005,-2.4,-3.4,0,0,1,0,0,0,0,0,0,0,0,0,0,1,0,1,0
2026-03-22T00:19:48Z,1849.761,6178,-5684,-10092.900391,1442,89.700005,-2.4,-3.4,0,0,1,0,0,0,0,0,0,0,0,0,0,1,0,1,0
2026-03-22T00:19:48Z,1850.039,6179,-5683.100098,-10093.200195,1442,100.300003,-2,-3.9,0,0,0,0,0,0,0,0,0,0,0,0,0,0,1,0,1
2026-03-22T00:19:48Z,1850.257,6180,-5683.100098,-10093.200195,1442,100.300003,-2,-3.9,0,0,0,0,0,0,0,0,0,0,0,0,0,0,1,0,1
2026-03-22T00:19:49Z,1850.490,6181,-5683.100098,-10093.200195,1442,100.300003,-2,-3.9,0,0,0,0,0,0,0,0,0,0,0,0,0,0,1,0,1
2026-03-22T00:19:49Z,1850.720,6182,-5683.100098,-10093.200195,1442,100.300003,-2,-3.9,0,0,0,0,0,0,0,0,0,0,0,0,0,0,1,0,1
2026-03-22T00:19:49Z,1850.950,6183,-5682.200195,-10093.600586,1442,110.900002,-1.7,-4.2,0,0,0,0,0,0,0,0,0,0,0,0,0,0,0,0,0
2026-03-22T00:19:49Z,1851.216,6184,-5682.200195,-10093.600586,1442,110.900002,-1.7,-4.2,0,0,0,0,0,0,0,0,0,0,0,0,0,0,0,0,0
2026-03-22T00:19:50Z,1851.444,6185,-5682.200195,-10093.600586,1442,110.900002,-1.7,-4.2,0,0,0,0,0,0,0,0,0,0,0,0,0,0,0,0,0
2026-03-22T00:19:50Z,1851.676,6186,-5682.200195,-10093.600586,1442,110.900002,-1.7,-4.2,0,0,0,0,0,0,0,0,0,0,0,0,0,0,0,0,0
2026-03-22T00:19:50Z,1851.915,6187,-5682.200195,-10093.600586,1442,110.900002,-1.7,-4.2,0,0,0,0,0,0,0,0,0,0,0,0,0,0,0,0,0
2026-03-22T00:19:50Z,1852.171,6188,-5681.5,-10094.200195,1442,120.800003,-1.4,-4.6,0,0,1,0,0,0,1,0,0,1,0,0,0,0,0,0,0
2026-03-22T00:19:51Z,1852.396,6189,-5681.5,-10094.200195,1442,120.800003,-1.4,-4.6,0,0,1,0,0,0,1,0,0,1,0,0,0,0,0,0,0
2026-03-22T00:19:51Z,1852.630,6190,-5681.5,-10094.200195,1442,120.800003,-1.4,-4.6,0,0,1,0,0,0,1,0,0,1,0,0,0,0,0,0,0
2026-03-22T00:19:51Z,1852.848,6191,-5681.5,-10094.200195,1442,120.800003,-1.4,-4.6,0,0,1,0,0,0,1,0,0,1,0,0,0,0,0,0,0
2026-03-22T00:19:51Z,1853.077,6192,-5680.899902,-10094.799805,1441.900024,126.800003,-1,-3.5,0,0,0,0,0,1,1,1,0,1,0,0,0,0,0,0,0
2026-03-22T00:19:52Z,1853.308,6193,-5680.899902,-10094.799805,1441.900024,126.800003,-1,-3.5,0,0,0,0,0,1,1,1,0,1,0,0,0,0,0,0,0
2026-03-22T00:19:52Z,1853.541,6194,-5680.899902,-10094.799805,1441.900024,126.800003,-1,-3.5,0,0,0,0,0,1,1,1,0,1,0,0,0,0,0,0,0
2026-03-22T00:19:52Z,1853.783,6195,-5680.899902,-10094.799805,1441.900024,126.800003,-1,-3.5,0,0,0,0,0,1,1,1,0,1,0,0,0,0,0,0,0
2026-03-22T00:19:52Z,1854.016,6196,-5680.200195,-10095.400391,1441.900024,130.300003,-0.7,-2.5,0,0,0,0,0,0,0,1,0,0,0,0,0,0,0,0,0
2026-03-22T00:19:52Z,1854.229,6197,-5680.200195,-10095.400391,1441.900024,130.300003,-0.7,-2.5,0,0,0,0,0,0,0,1,0,0,0,0,0,0,0,0,0
2026-03-22T00:19:53Z,1854.459,6198,-5680.200195,-10095.400391,1441.900024,130.300003,-0.7,-2.5,0,0,0,0,0,0,0,1,0,0,0,0,0,0,0,0,0
2026-03-22T00:19:53Z,1854.692,6199,-5680.200195,-10095.400391,1441.900024,130.300003,-0.7,-2.5,0,0,0,0,0,0,0,1,0,0,0,0,0,0,0,0,0
2026-03-22T00:19:53Z,1854.924,6200,-5680.200195,-10095.400391,1441.900024,130.300003,-0.7,-2.5,0,0,0,0,0,0,0,1,0,0,0,0,0,0,0,0,0
2026-03-22T00:19:53Z,1855.161,6201,-5679.399902,-10096.100586,1441.900024,131.300003,-1.3,-2.2,0,0,0,0,0,0,0,0,1,0,0,0,0,0,0,0,0
2026-03-22T00:19:54Z,1855.375,6202,-5679.399902,-10096.100586,1441.900024,131.300003,-1.3,-2.2,0,0,0,0,0,0,0,0,1,0,0,0,0,0,0,0,0
2026-03-22T00:19:54Z,1855.594,6203,-5679.399902,-10096.100586,1441.900024,131.300003,-1.3,-2.2,0,0,0,0,0,0,0,0,1,0,0,0,0,0,0,0,0
2026-03-22T00:19:54Z,1855.836,6204,-5679.399902,-10096.100586,1441.900024,131.300003,-1.3,-2.2,0,0,0,0,0,0,0,0,1,0,0,0,0,0,0,0,0
2026-03-22T00:19:54Z,1856.058,6205,-5679.200195,-10096.299805,1442,126.200005,0.6,3.3,0,0,0,0,0,0,0,0,1,0,0,0,0,0,0,0,0
2026-03-22T00:19:54Z,1856.274,6206,-5679.200195,-10096.299805,1442,126.200005,0.6,3.3,0,0,0,0,0,0,0,0,1,0,0,0,0,0,0,0,0
2026-03-22T00:19:55Z,1856.507,6207,-5679.200195,-10096.299805,1442,126.200005,0.6,3.3,0,0,0,0,0,0,0,0,1,0,0,0,0,0,0,0,0
2026-03-22T00:19:55Z,1856.733,6208,-5679.200195,-10096.299805,1442,126.200005,0.6,3.3,0,0,0,0,0,0,0,0,1,0,0,0,0,0,0,0,0
2026-03-22T00:19:55Z,1856.953,6209,-5679.300293,-10096.400391,1442,131.199997,-0.9,0.5,0,0,0,0,0,0,0,0,1,0,0,0,0,0,0,0,0
2026-03-22T00:19:55Z,1857.204,6210,-5679.300293,-10096.400391,1442,131.199997,-0.9,0.5,0,0,0,0,0,0,0,0,1,0,0,0,0,0,0,0,0
2026-03-22T00:19:56Z,1857.426,6211,-5679.300293,-10096.400391,1442,131.199997,-0.9,0.5,0,0,0,0,0,0,0,0,1,0,0,0,0,0,0,0,0
2026-03-22T00:19:56Z,1857.661,6212,-5679.300293,-10096.400391,1442,131.199997,-0.9,0.5,0,0,0,0,0,0,0,0,1,0,0,0,0,0,0,0,0
2026-03-22T00:19:56Z,1857.884,6213,-5679.5,-10096.400391,1441.900024,132.400009,-2.3,-2.3,0,0,0,0,0,0,0,0,1,0,0,0,0,0,0,0,0
2026-03-22T00:19:56Z,1858.102,6214,-5679.5,-10096.400391,1441.900024,132.400009,-2.3,-2.3,0,0,0,0,0,0,0,0,1,0,0,0,0,0,0,0,0
2026-03-22T00:19:57Z,1858.322,6215,-5679.5,-10096.400391,1441.900024,132.400009,-2.3,-2.3,0,0,0,0,0,0,0,0,1,0,0,0,0,0,0,0,0
2026-03-22T00:19:57Z,1858.558,6216,-5679.5,-10096.400391,1441.900024,132.400009,-2.3,-2.3,0,0,0,0,0,0,0,0,1,0,0,0,0,0,0,0,0
2026-03-22T00:19:57Z,1858.794,6217,-5679.5,-10096.400391,1441.900024,132.400009,-2.3,-2.3,0,0,0,0,0,0,0,0,1,0,0,0,0,0,0,0,0
2026-03-22T00:19:57Z,1859.021,6218,-5679.600098,-10096.400391,1441.800049,132.199997,-0.8,-2.2,0,0,0,0,0,0,0,0,1,0,0,0,0,0,0,0,0
2026-03-22T00:19:57Z,1859.254,6219,-5679.600098,-10096.400391,1441.800049,132.199997,-0.8,-2.2,0,0,0,0,0,0,0,0,1,0,0,0,0,0,0,0,0
2026-03-22T00:19:58Z,1859.487,6220,-5679.600098,-10096.400391,1441.800049,132.199997,-0.8,-2.2,0,0,0,0,0,0,0,0,1,0,0,0,0,0,0,0,0
2026-03-22T00:19:58Z,1859.703,6221,-5679.600098,-10096.400391,1441.800049,132.199997,-0.8,-2.2,0,0,0,0,0,0,0,0,1,0,0,0,0,0,0,0,0
2026-03-22T00:19:58Z,1859.928,6222,-5679.5,-10096.5,1441.800049,132.199997,-0.2,-2.4,0,0,0,0,0,0,0,0,1,0,0,0,0,0,0,0,0
2026-03-22T00:19:58Z,1860.149,6223,-5679.5,-10096.5,1441.800049,132.199997,-0.2,-2.4,0,0,0,0,0,0,0,0,1,0,0,0,0,0,0,0,0
2026-03-22T00:19:59Z,1860.365,6224,-5679.5,-10096.5,1441.800049,132.199997,-0.2,-2.4,0,0,0,0,0,0,0,0,1,0,0,0,0,0,0,0,0
2026-03-22T00:19:59Z,1860.598,6225,-5679.5,-10096.5,1441.800049,132.199997,-0.2,-2.4,0,0,0,0,0,0,0,0,1,0,0,0,0,0,0,0,0
2026-03-22T00:19:59Z,1860.825,6226,-5679.5,-10096.5,1441.800049,132.199997,-0.2,-2.4,0,0,0,0,0,0,0,0,1,0,0,0,0,0,0,0,0
2026-03-22T00:19:59Z,1861.039,6227,-5679.5,-10096.5,1441.900024,132.100006,-2.3,-2.5,0,0,0,0,0,0,0,0,1,0,0,0,0,0,0,0,0
2026-03-22T00:19:59Z,1861.253,6228,-5679.5,-10096.5,1441.900024,132.100006,-2.3,-2.5,0,0,0,0,0,0,0,0,1,0,0,0,0,0,0,0,0
2026-03-22T00:20:00Z,1861.485,6229,-5679.5,-10096.5,1441.900024,132.100006,-2.3,-2.5,0,0,0,0,0,0,0,0,1,0,0,0,0,0,0,0,0
2026-03-22T00:20:00Z,1861.716,6230,-5679.5,-10096.5,1441.900024,132.100006,-2.3,-2.5,0,0,0,0,0,0,0,0,1,0,0,0,0,0,0,0,0
2026-03-22T00:20:00Z,1861.936,6231,-5679.5,-10096.5,1442,132,-2.4,-2.5,0,0,0,0,0,0,0,0,1,0,0,0,0,0,0,0,0
2026-03-22T00:20:00Z,1862.189,6232,-5679.5,-10096.5,1442,132,-2.4,-2.5,0,0,0,0,0,0,0,0,1,0,0,0,0,0,0,0,0
2026-03-22T00:20:01Z,1862.405,6233,-5679.5,-10096.5,1442,132,-2.4,-2.5,0,0,0,0,0,0,0,0,1,0,0,0,0,0,0,0,0
2026-03-22T00:20:01Z,1862.635,6234,-5679.5,-10096.5,1442,132,-2.4,-2.5,0,0,0,0,0,0,0,0,1,0,0,0,0,0,0,0,0
2026-03-22T00:20:01Z,1862.861,6235,-5679.5,-10096.5,1442,132,-2.4,-2.5,0,0,0,0,0,0,0,0,1,0,0,0,0,0,0,0,0
2026-03-22T00:20:01Z,1863.094,6236,-5679.5,-10096.5,1441.900024,131.800003,-1,-2.2,0,0,0,0,0,0,0,0,1,0,0,0,0,0,0,0,0
2026-03-22T00:20:02Z,1863.308,6237,-5679.5,-10096.5,1441.900024,131.800003,-1,-2.2,0,0,0,0,0,0,0,0,1,0,0,0,0,0,0,0,0
2026-03-22T00:20:02Z,1863.541,6238,-5679.5,-10096.5,1441.900024,131.800003,-1,-2.2,0,0,0,0,0,0,0,0,1,0,0,0,0,0,0,0,0
2026-03-22T00:20:02Z,1863.757,6239,-5679.5,-10096.5,1441.900024,131.800003,-1,-2.2,0,0,0,0,0,0,0,0,1,0,0,0,0,0,0,0,0
2026-03-22T00:20:02Z,1863.989,6240,-5679.5,-10096.5,1441.900024,131.600006,0.1,-1.8,0,0,0,0,0,0,0,0,1,0,0,0,0,0,0,0,0
2026-03-22T00:20:02Z,1864.203,6241,-5679.5,-10096.5,1441.900024,131.600006,0.1,-1.8,0,0,0,0,0,0,0,0,1,0,0,0,0,0,0,0,0
2026-03-22T00:20:03Z,1864.430,6242,-5679.5,-10096.5,1441.900024,131.600006,0.1,-1.8,0,0,0,0,0,0,0,0,1,0,0,0,0,0,0,0,0
2026-03-22T00:20:03Z,1864.649,6243,-5679.5,-10096.5,1441.900024,131.600006,0.1,-1.8,0,0,0,0,0,0,0,0,1,0,0,0,0,0,0,0,0
2026-03-22T00:20:03Z,1864.874,6244,-5679.5,-10096.5,1441.900024,131.600006,0.1,-1.8,0,0,0,0,0,0,0,0,1,0,0,0,0,0,0,0,0
2026-03-22T00:20:03Z,1865.097,6245,-5679.5,-10096.5,1441.900024,131.5,-0.5,-1.9,0,0,0,0,0,0,0,0,1,0,0,0,0,0,0,0,0
2026-03-22T00:20:04Z,1865.324,6246,-5679.5,-10096.5,1441.900024,131.5,-0.5,-1.9,0,0,0,0,0,0,0,0,1,0,0,0,0,0,0,0,0
2026-03-22T00:20:04Z,1865.563,6247,-5679.5,-10096.5,1441.900024,131.5,-0.5,-1.9,0,0,0,0,0,0,0,0,1,0,0,0,0,0,0,0,0
2026-03-22T00:20:04Z,1865.807,6248,-5679.5,-10096.5,1441.900024,131.5,-0.5,-1.9,0,0,0,0,0,0,0,0,1,0,0,0,0,0,0,0,0
2026-03-22T00:20:04Z,1866.047,6249,-5679.5,-10096.5,1441.900024,131.5,-1.6,-2.2,0,0,0,0,0,0,0,0,1,0,0,0,0,0,0,0,0
2026-03-22T00:20:05Z,1866.308,6250,-5679.5,-10096.5,1441.900024,131.5,-1.6,-2.2,0,0,0,0,0,0,0,0,1,0,0,0,0,0,0,0,0
2026-03-22T00:20:05Z,1866.558,6251,-5679.5,-10096.5,1441.900024,131.5,-1.6,-2.2,0,0,0,0,0,0,0,0,1,0,0,0,0,0,0,0,0
2026-03-22T00:20:05Z,1866.884,6252,-5679.5,-10096.5,1441.900024,131.5,-1.6,-2.2,0,0,0,0,0,0,0,0,1,0,0,0,0,0,0,0,0
2026-03-22T00:20:05Z,1867.123,6253,-5679.600098,-10096.5,1441.900024,131.400009,-2.2,-2.3,0,0,0,0,0,0,0,0,1,0,0,0,0,0,0,0,0
2026-03-22T00:20:06Z,1867.398,6254,-5679.600098,-10096.5,1441.900024,131.400009,-2.2,-2.3,0,0,0,0,0,0,0,0,1,0,0,0,0,0,0,0,0
2026-03-22T00:20:06Z,1867.645,6255,-5679.600098,-10096.5,1441.900024,131.400009,-2.2,-2.3,0,0,0,0,0,0,0,0,1,0,0,0,0,0,0,0,0
2026-03-22T00:20:06Z,1867.892,6256,-5679.600098,-10096.5,1441.900024,131.400009,-2.2,-2.3,0,0,0,0,0,0,0,0,1,0,0,0,0,0,0,0,0
2026-03-22T00:20:06Z,1868.138,6257,-5679.700195,-10096.299805,1441.900024,131.100006,-2.9,-2.4,0,0,0,0,0,0,0,0,1,0,0,0,0,0,0,0,0
2026-03-22T00:20:07Z,1868.378,6258,-5679.700195,-10096.299805,1441.900024,131.100006,-2.9,-2.4,0,0,0,0,0,0,0,0,1,0,0,0,0,0,0,0,0
2026-03-22T00:20:07Z,1868.606,6259,-5679.700195,-10096.299805,1441.900024,131.100006,-2.9,-2.4,0,0,0,0,0,0,0,0,1,0,0,0,0,0,0,0,0
2026-03-22T00:20:07Z,1868.842,6260,-5679.700195,-10096.299805,1441.900024,131.100006,-2.9,-2.4,0,0,0,0,0,0,0,0,1,0,0,0,0,0,0,0,0
2026-03-22T00:20:07Z,1869.087,6261,-5680,-10096.100586,1441.900024,130.5,-2.5,-2.5,0,0,0,0,0,0,0,1,1,0,0,0,0,0,0,0,0
2026-03-22T00:20:08Z,1869.314,6262,-5680,-10096.100586,1441.900024,130.5,-2.5,-2.5,0,0,0,0,0,0,0,1,1,0,0,0,0,0,0,0,0
2026-03-22T00:20:08Z,1869.547,6263,-5680,-10096.100586,1441.900024,130.5,-2.5,-2.5,0,0,0,0,0,0,0,1,1,0,0,0,0,0,0,0,0
2026-03-22T00:20:08Z,1869.776,6264,-5680,-10096.100586,1441.900024,130.5,-2.5,-2.5,0,0,0,0,0,0,0,1,1,0,0,0,0,0,0,0,0
2026-03-22T00:20:08Z,1870.008,6265,-5680.300293,-10095.799805,1441.900024,129.800003,-2,-2.7,0,0,0,0,0,0,0,1,0,0,0,0,0,0,0,0,0
2026-03-22T00:20:08Z,1870.236,6266,-5680.300293,-10095.799805,1441.900024,129.800003,-2,-2.7,0,0,0,0,0,0,0,1,0,0,0,0,0,0,0,0,0
2026-03-22T00:20:09Z,1870.473,6267,-5680.300293,-10095.799805,1441.900024,129.800003,-2,-2.7,0,0,0,0,0,0,0,1,0,0,0,0,0,0,0,0,0
2026-03-22T00:20:09Z,1870.702,6268,-5680.300293,-10095.799805,1441.900024,129.800003,-2,-2.7,0,0,0,0,0,0,0,1,0,0,0,0,0,0,0,0,0
2026-03-22T00:20:09Z,1870.933,6269,-5680.700195,-10095.5,1441.900024,129.199997,-2,-2.8,0,0,0,0,0,0,0,1,0,0,0,0,0,0,0,0,0
2026-03-22T00:20:09Z,1871.173,6270,-5680.700195,-10095.5,1441.900024,129.199997,-2,-2.8,0,0,0,0,0,0,0,1,0,0,0,0,0,0,0,0,0
2026-03-22T00:20:10Z,1871.406,6271,-5680.700195,-10095.5,1441.900024,129.199997,-2,-2.8,0,0,0,0,0,0,0,1,0,0,0,0,0,0,0,0,0
2026-03-22T00:20:10Z,1871.645,6272,-5680.700195,-10095.5,1441.900024,129.199997,-2,-2.8,0,0,0,0,0,0,0,1,0,0,0,0,0,0,0,0,0
2026-03-22T00:20:10Z,1871.877,6273,-5681.100098,-10095.100586,1442,128.300003,-2.5,-3.1,0,0,0,0,0,0,0,1,0,0,0,0,0,0,0,0,0
2026-03-22T00:20:10Z,1872.134,6274,-5681.100098,-10095.100586,1442,128.300003,-2.5,-3.1,0,0,0,0,0,0,0,1,0,0,0,0,0,0,0,0,0
2026-03-22T00:20:11Z,1872.361,6275,-5681.100098,-10095.100586,1442,128.300003,-2.5,-3.1,0,0,0,0,0,0,0,1,0,0,0,0,0,0,0,0,0
2026-03-22T00:20:11Z,1872.590,6276,-5681.100098,-10095.100586,1442,128.300003,-2.5,-3.1,0,0,0,0,0,0,0,1,0,0,0,0,0,0,0,0,0
2026-03-22T00:20:11Z,1872.823,6277,-5681.100098,-10095.100586,1442,128.300003,-2.5,-3.1,0,0,0,0,0,0,0,1,0,0,0,0,0,0,0,0,0
2026-03-22T00:20:11Z,1873.053,6278,-5681.700195,-10094.600586,1442,127.200005,-2.6,-3.3,0,0,0,0,0,1,0,0,0,1,0,0,0,0,0,0,0
2026-03-22T00:20:11Z,1873.277,6279,-5681.700195,-10094.600586,1442,127.200005,-2.6,-3.3,0,0,0,0,0,1,0,0,0,1,0,0,0,0,0,0,0
2026-03-22T00:20:12Z,1873.509,6280,-5681.700195,-10094.600586,1442,127.200005,-2.6,-3.3,0,0,0,0,0,1,0,0,0,1,0,0,0,0,0,0,0
2026-03-22T00:20:12Z,1873.740,6281,-5681.700195,-10094.600586,1442,127.200005,-2.6,-3.3,0,0,0,0,0,1,0,0,0,1,0,0,0,0,0,0,0
2026-03-22T00:20:12Z,1873.967,6282,-5682.300293,-10094.100586,1442,125.900002,-2.1,-3.5,0,0,1,0,0,1,0,0,0,1,0,0,0,0,0,0,0
2026-03-22T00:20:17Z,1874.194,6283,-5682.300293,-10094.100586,1442,125.900002,-2.1,-3.5,0,0,1,0,0,1,0,0,0,1,0,0,0,0,0,0,0
2026-03-22T00:20:18Z,1879.449,6284,-5684.700195,-10092.299805,1442,120.900002,0.1,-3.6,0,0,0,0,0,0,0,0,0,1,0,0,0,0,0,0,0
2026-03-22T00:20:18Z,1879.682,6285,-5684.700195,-10092.299805,1442,120.900002,0.1,-3.6,0,0,0,0,0,0,0,0,0,1,0,0,0,0,0,0,0
2026-03-22T00:20:18Z,1879.914,6286,-5684.700195,-10092.299805,1442,120.900002,-0.2,-3.5,0,0,0,0,0,0,0,0,0,1,0,0,0,0,0,0,0
2026-03-22T00:20:18Z,1880.147,6287,-5684.700195,-10092.299805,1442,120.900002,-0.2,-3.5,0,0,0,0,0,0,0,0,0,1,0,0,0,0,0,0,0
2026-03-22T00:20:19Z,1880.393,6288,-5684.700195,-10092.299805,1442,120.900002,-0.2,-3.5,0,0,0,0,0,0,0,0,0,1,0,0,0,0,0,0,0
2026-03-22T00:20:19Z,1880.623,6289,-5684.700195,-10092.299805,1442,120.900002,-0.2,-3.5,0,0,0,0,0,0,0,0,0,1,0,0,0,0,0,0,0
2026-03-22T00:20:19Z,1880.857,6290,-5684.700195,-10092.299805,1442,120.900002,-0.2,-3.5,0,0,0,0,0,0,0,0,0,1,0,0,0,0,0,0,0
2026-03-22T00:20:19Z,1881.118,6291,-5684.700195,-10092.299805,1442,120.900002,-1.1,-3.5,0,0,0,0,0,0,0,0,0,1,0,0,0,0,0,0,0
2026-03-22T00:20:20Z,1881.355,6292,-5684.700195,-10092.299805,1442,120.900002,-1.1,-3.5,0,0,0,0,0,0,0,0,0,1,0,0,0,0,0,0,0
2026-03-22T00:20:20Z,1881.595,6293,-5684.700195,-10092.299805,1442,120.900002,-1.1,-3.5,0,0,0,0,0,0,0,0,0,1,0,0,0,0,0,0,0
2026-03-22T00:20:20Z,1881.829,6294,-5684.700195,-10092.299805,1442,120.900002,-1.1,-3.5,0,0,0,0,0,0,0,0,0,1,0,0,0,0,0,0,0
2026-03-22T00:20:20Z,1882.090,6295,-5684.600098,-10092.299805,1442,120.400002,-0.5,-3.4,0,0,0,0,0,0,0,0,0,1,0,0,0,0,0,0,0
2026-03-22T00:20:21Z,1882.329,6296,-5684.600098,-10092.299805,1442,120.400002,-0.5,-3.4,0,0,0,0,0,0,0,0,0,1,0,0,0,0,0,0,0
2026-03-22T00:20:21Z,1882.565,6297,-5684.600098,-10092.299805,1442,120.400002,-0.5,-3.4,0,0,0,0,0,0,0,0,0,1,0,0,0,0,0,0,0
2026-03-22T00:20:21Z,1882.795,6298,-5684.600098,-10092.400391,1442,119.5,-0.3,-3.4,0,0,0,0,0,0,0,0,0,1,0,0,0,0,0,0,0
2026-03-22T00:20:21Z,1883.063,6299,-5684.600098,-10092.400391,1442,119.5,-0.3,-3.4,0,0,0,0,0,0,0,0,0,1,0,0,0,0,0,0,0
2026-03-22T00:20:22Z,1883.296,6300,-5684.600098,-10092.400391,1442,119.5,-0.3,-3.4,0,0,0,0,0,0,0,0,0,1,0,0,0,0,0,0,0
2026-03-22T00:20:22Z,1883.530,6301,-5684.600098,-10092.400391,1442,119.5,-0.3,-3.4,0,0,0,0,0,0,0,0,0,1,0,0,0,0,0,0,0
2026-03-22T00:20:22Z,1883.766,6302,-5684.600098,-10092.400391,1442,119.5,-0.3,-3.4,0,0,0,0,0,0,0,0,0,1,0,0,0,0,0,0,0
2026-03-22T00:20:22Z,1884.081,6303,-5684.5,-10092.400391,1442,118.300003,-0.8,-3.4,0,0,0,0,0,0,0,0,0,1,0,0,0,1,0,0,0
2026-03-22T00:20:23Z,1884.328,6304,-5684.5,-10092.400391,1442,118.300003,-0.8,-3.4,0,0,0,0,0,0,0,0,0,1,0,0,0,1,0,0,0
2026-03-22T00:20:23Z,1884.618,6305,-5684.5,-10092.400391,1442,118.300003,-0.8,-3.4,0,0,0,0,0,0,0,0,0,1,0,0,0,1,0,0,0
2026-03-22T00:20:23Z,1884.864,6306,-5684.5,-10092.400391,1442,118.300003,-0.8,-3.4,0,0,0,0,0,0,0,0,0,1,0,0,0,1,0,0,0
2026-03-22T00:20:23Z,1885.099,6307,-5684.300293,-10092.400391,1442,116.700005,-0.9,-3.3,0,0,0,0,0,0,0,0,0,1,0,0,0,1,0,0,0
2026-03-22T00:20:24Z,1885.355,6308,-5684.300293,-10092.400391,1442,116.700005,-0.9,-3.3,0,0,0,0,0,0,0,0,0,1,0,0,0,1,0,0,0
2026-03-22T00:20:24Z,1885.610,6309,-5684.300293,-10092.400391,1442,116.700005,-0.9,-3.3,0,0,0,0,0,0,0,0,0,1,0,0,0,1,0,0,0
2026-03-22T00:20:24Z,1885.846,6310,-5684.200195,-10092.400391,1442,114.900002,-0.9,-3.3,0,0,0,0,0,0,0,0,0,1,0,0,0,1,0,0,0
2026-03-22T00:20:24Z,1886.076,6311,-5684.200195,-10092.400391,1442,114.900002,-0.9,-3.3,0,0,0,0,0,0,0,0,0,1,0,0,0,1,0,0,0
2026-03-22T00:20:25Z,1886.320,6312,-5684.200195,-10092.400391,1442,114.900002,-0.9,-3.3,0,0,0,0,0,0,0,0,0,1,0,0,0,1,0,0,0
2026-03-22T00:20:25Z,1886.565,6313,-5684.200195,-10092.400391,1442,114.900002,-0.9,-3.3,0,0,0,0,0,0,0,0,0,1,0,0,0,1,0,0,0
2026-03-22T00:20:25Z,1886.834,6314,-5684.200195,-10092.400391,1442,114.900002,-0.9,-3.3,0,0,0,0,0,0,0,0,0,1,0,0,0,1,0,0,0
2026-03-22T00:20:25Z,1887.128,6315,-5684,-10092.400391,1442,112.599998,-1.1,-3.2,0,0,0,1,0,0,0,0,0,0,0,0,0,0,0,0,0
2026-03-22T00:20:26Z,1887.715,6316,-5684,-10092.400391,1442,112.599998,-1.1,-3.2,0,0,0,1,0,0,0,0,0,0,0,0,0,0,0,0,0
2026-03-22T00:20:27Z,1888.411,6317,-5683.800293,-10092.400391,1442,109.800003,-1.3,-3.1,0,0,0,1,0,0,0,0,0,0,0,0,0,0,0,0,0
2026-03-22T00:20:27Z,1888.704,6318,-5683.800293,-10092.400391,1442,109.800003,-1.3,-3.1,0,0,0,1,0,0,0,0,0,0,0,0,0,0,0,0,0
2026-03-22T00:20:27Z,1888.962,6319,-5683.5,-10092.400391,1442,106.900002,-1.4,-3,0,0,0,1,0,0,0,0,0,0,0,0,0,0,1,1,1
2026-03-22T00:20:27Z,1889.220,6320,-5683.5,-10092.400391,1442,106.900002,-1.4,-3,0,0,0,1,0,0,0,0,0,0,0,0,0,0,1,1,1
2026-03-22T00:20:28Z,1889.473,6321,-5683.5,-10092.400391,1442,106.900002,-1.4,-3,0,0,0,1,0,0,0,0,0,0,0,0,0,0,1,1,1
2026-03-22T00:20:28Z,1889.705,6322,-5683.5,-10092.400391,1442,106.900002,-1.4,-3,0,0,0,1,0,0,0,0,0,0,0,0,0,0,1,1,1
2026-03-22T00:20:28Z,1889.940,6323,-5683.300293,-10092.400391,1442,103.900002,-1.6,-2.9,0,1,0,1,0,0,0,0,0,0,0,0,0,1,1,1,1
2026-03-22T00:20:28Z,1890.183,6324,-5683.300293,-10092.400391,1442,103.900002,-1.6,-2.9,0,1,0,1,0,0,0,0,0,0,0,0,0,1,1,1,1
2026-03-22T00:20:29Z,1890.415,6325,-5683.300293,-10092.400391,1442,103.900002,-1.6,-2.9,0,1,0,1,0,0,0,0,0,0,0,0,0,1,1,1,1
2026-03-22T00:20:29Z,1890.650,6326,-5683.300293,-10092.400391,1442,103.900002,-1.6,-2.9,0,1,0,1,0,0,0,0,0,0,0,0,0,1,1,1,1
2026-03-22T00:20:29Z,1890.881,6327,-5683,-10092.400391,1442,101.099998,-1.8,-2.7,0,1,0,1,0,0,0,0,0,0,0,0,0,0,1,1,0
2026-03-22T00:20:29Z,1891.136,6328,-5683,-10092.400391,1442,101.099998,-1.8,-2.7,0,1,0,1,0,0,0,0,0,0,0,0,0,0,1,1,0
2026-03-22T00:20:30Z,1891.362,6329,-5683,-10092.400391,1442,101.099998,-1.8,-2.7,0,1,0,1,0,0,0,0,0,0,0,0,0,0,1,1,0
2026-03-22T00:20:30Z,1891.595,6330,-5683,-10092.400391,1442,101.099998,-1.8,-2.7,0,1,0,1,0,0,0,0,0,0,0,0,0,0,1,1,0
2026-03-22T00:20:30Z,1891.830,6331,-5683,-10092.400391,1442,101.099998,-1.8,-2.7,0,1,0,1,0,0,0,0,0,0,0,0,0,0,1,1,0
2026-03-22T00:20:30Z,1892.086,6332,-5682.600098,-10092.5,1441.900024,98.700005,-1.7,-2.7,0,1,0,0,1,0,0,0,0,0,0,0,0,0,0,1,1
2026-03-22T00:20:31Z,1892.324,6333,-5682.600098,-10092.5,1441.900024,98.700005,-1.7,-2.7,0,1,0,0,1,0,0,0,0,0,0,0,0,0,0,1,1
2026-03-22T00:20:31Z,1892.557,6334,-5682.600098,-10092.5,1441.900024,98.700005,-1.7,-2.7,0,1,0,0,1,0,0,0,0,0,0,0,0,0,0,1,1
2026-03-22T00:20:31Z,1892.794,6335,-5682.600098,-10092.5,1441.900024,98.700005,-1.7,-2.7,0,1,0,0,1,0,0,0,0,0,0,0,0,0,0,1,1
2026-03-22T00:20:31Z,1893.030,6336,-5682.100098,-10092.400391,1441.900024,95.700005,-1.8,-2.3,0,1,1,0,0,1,0,0,0,0,0,0,0,0,0,0,1
2026-03-22T00:20:31Z,1893.256,6337,-5682.100098,-10092.400391,1441.900024,95.700005,-1.8,-2.3,0,1,1,0,0,1,0,0,0,0,0,0,0,0,0,0,1
2026-03-22T00:20:32Z,1893.484,6338,-5682.100098,-10092.400391,1441.900024,95.700005,-1.8,-2.3,0,1,1,0,0,1,0,0,0,0,0,0,0,0,0,0,1
2026-03-22T00:20:32Z,1893.708,6339,-5682.100098,-10092.400391,1441.900024,95.700005,-1.8,-2.3,0,1,1,0,0,1,0,0,0,0,0,0,0,0,0,0,1
2026-03-22T00:20:32Z,1893.953,6340,-5681.600098,-10092.400391,1441.900024,93,-2,-2.2,0,1,1,0,0,1,0,0,0,0,0,0,0,1,0,0,0
2026-03-22T00:20:32Z,1894.240,6341,-5681.600098,-10092.400391,1441.900024,93,-2,-2.2,0,1,1,0,0,1,0,0,0,0,0,0,0,1,0,0,0
2026-03-22T00:20:33Z,1894.472,6342,-5681.600098,-10092.400391,1441.900024,93,-2,-2.2,0,1,1,0,0,1,0,0,0,0,0,0,0,1,0,0,0
2026-03-22T00:20:33Z,1894.725,6343,-5681.600098,-10092.400391,1441.900024,93,-2,-2.2,0,1,1,0,0,1,0,0,0,0,0,0,0,1,0,0,0
2026-03-22T00:20:33Z,1895.141,6344,-5680.899902,-10092.400391,1441.800049,90.099998,-2.1,-2,0,1,1,0,0,1,1,0,0,0,0,0,0,0,0,0,0
2026-03-22T00:20:34Z,1895.677,6345,-5680.899902,-10092.400391,1441.800049,90.099998,-2.1,-2,0,1,1,0,0,1,1,0,0,0,0,0,0,0,0,0,0
2026-03-22T00:20:34Z,1896.013,6346,-5680.100098,-10092.299805,1441.800049,86.900002,-2.2,-1.7,0,1,1,0,0,1,1,0,0,0,0,0,0,0,0,0,0
2026-03-22T00:20:34Z,1896.259,6347,-5680.100098,-10092.299805,1441.800049,86.900002,-2.2,-1.7,0,1,1,0,0,1,1,0,0,0,0,0,0,0,0,0,0
2026-03-22T00:20:35Z,1896.477,6348,-5680.100098,-10092.299805,1441.800049,86.900002,-2.2,-1.7,0,1,1,0,0,1,1,0,0,0,0,0,0,0,0,0,0
2026-03-22T00:20:35Z,1896.700,6349,-5680.100098,-10092.299805,1441.800049,86.900002,-2.2,-1.7,0,1,1,0,0,1,1,0,0,0,0,0,0,0,0,0,0
2026-03-22T00:20:35Z,1896.928,6350,-5679.200195,-10092.100586,1441.700073,83.800003,-2,-1.5,0,1,1,1,0,1,1,0,0,0,0,0,0,1,1,0,0
2026-03-22T00:20:35Z,1897.168,6351,-5679.200195,-10092.100586,1441.700073,83.800003,-2,-1.5,0,1,1,1,0,1,1,0,0,0,0,0,0,1,1,0,0
2026-03-22T00:20:36Z,1897.425,6352,-5679.200195,-10092.100586,1441.700073,83.800003,-2,-1.5,0,1,1,1,0,1,1,0,0,0,0,0,0,1,1,0,0
2026-03-22T00:20:36Z,1897.665,6353,-5679.200195,-10092.100586,1441.700073,83.800003,-2,-1.5,0,1,1,1,0,1,1,0,0,0,0,0,0,1,1,0,0
2026-03-22T00:20:36Z,1897.888,6354,-5679.200195,-10092.100586,1441.700073,83.800003,-2,-1.5,0,1,1,1,0,1,1,0,0,0,0,0,0,1,1,0,0
2026-03-22T00:20:36Z,1898.122,6355,-5678.600098,-10092.299805,1441.700073,80.200005,-1.2,0.6,0,0,1,1,0,1,1,0,0,0,0,0,1,1,1,0,0
2026-03-22T00:20:37Z,1898.340,6356,-5678.600098,-10092.299805,1441.700073,80.200005,-1.2,0.6,0,0,1,1,0,1,1,0,0,0,0,0,1,1,1,0,0
2026-03-22T00:20:37Z,1898.592,6357,-5678.600098,-10092.299805,1441.700073,80.200005,-1.2,0.6,0,0,1,1,0,1,1,0,0,0,0,0,1,1,1,0,0
2026-03-22T00:20:37Z,1898.863,6358,-5678.600098,-10092.299805,1441.700073,80.200005,-1.2,0.6,0,0,1,1,0,1,1,0,0,0,0,0,1,1,1,0,0
2026-03-22T00:20:37Z,1899.256,6359,-5678.399902,-10092.400391,1441.700073,79.900002,-2.8,-0.6,0,1,1,1,0,1,1,0,0,0,0,0,1,1,1,0,1
2026-03-22T00:20:38Z,1899.495,6360,-5678.399902,-10092.400391,1441.700073,79.900002,-2.8,-0.6,0,1,1,1,0,1,1,0,0,0,0,0,1,1,1,0,1
2026-03-22T00:20:38Z,1899.727,6361,-5678.399902,-10092.400391,1441.700073,79.900002,-2.8,-0.6,0,1,1,1,0,1,1,0,0,0,0,0,1,1,1,0,1
2026-03-22T00:20:38Z,1899.965,6362,-5678.399902,-10092.5,1441.700073,79.5,-3.3,-2,0,1,1,0,0,1,1,0,0,0,0,0,1,1,1,0,1
2026-03-22T00:20:38Z,1900.185,6363,-5678.399902,-10092.5,1441.700073,79.5,-3.3,-2,0,1,1,0,0,1,1,0,0,0,0,0,1,1,1,0,1
2026-03-22T00:20:39Z,1900.409,6364,-5678.399902,-10092.5,1441.700073,79.5,-3.3,-2,0,1,1,0,0,1,1,0,0,0,0,0,1,1,1,0,1
2026-03-22T00:20:39Z,1900.629,6365,-5678.399902,-10092.5,1441.700073,79.5,-3.3,-2,0,1,1,0,0,1,1,0,0,0,0,0,1,1,1,0,1
2026-03-22T00:20:39Z,1900.861,6366,-5678.399902,-10092.5,1441.700073,79.099998,-2.2,-1.3,0,1,1,1,0,1,1,0,0,0,0,0,1,1,1,0,0
2026-03-22T00:20:39Z,1901.079,6367,-5678.399902,-10092.5,1441.700073,79.099998,-2.2,-1.3,0,1,1,1,0,1,1,0,0,0,0,0,1,1,1,0,0
2026-03-22T00:20:40Z,1901.299,6368,-5678.399902,-10092.5,1441.700073,79.099998,-2.2,-1.3,0,1,1,1,0,1,1,0,0,0,0,0,1,1,1,0,0
2026-03-22T00:20:40Z,1901.533,6369,-5678.399902,-10092.5,1441.700073,79.099998,-2.2,-1.3,0,1,1,1,0,1,1,0,0,0,0,0,1,1,1,0,0
2026-03-22T00:20:40Z,1901.767,6370,-5678.399902,-10092.5,1441.700073,79.099998,-2.2,-1.3,0,1,1,1,0,1,1,0,0,0,0,0,1,1,1,0,0
2026-03-22T00:20:40Z,1902.008,6371,-5678.399902,-10092.5,1441.700073,78.900002,-2.7,-1.5,0,1,1,1,0,1,1,0,0,0,0,0,1,1,1,0,1
2026-03-22T00:20:40Z,1902.229,6372,-5678.399902,-10092.5,1441.700073,78.900002,-2.7,-1.5,0,1,1,1,0,1,1,0,0,0,0,0,1,1,1,0,1
2026-03-22T00:20:41Z,1902.455,6373,-5678.399902,-10092.5,1441.700073,78.900002,-2.7,-1.5,0,1,1,1,0,1,1,0,0,0,0,0,1,1,1,0,1
2026-03-22T00:20:41Z,1902.685,6374,-5678.399902,-10092.5,1441.700073,78.900002,-2.7,-1.5,0,1,1,1,0,1,1,0,0,0,0,0,1,1,1,0,1
2026-03-22T00:20:41Z,1902.915,6375,-5678.399902,-10092.5,1441.700073,78.700005,-3,-1.6,0,1,1,1,0,1,1,0,0,0,0,0,1,1,1,0,1
2026-03-22T00:20:41Z,1903.143,6376,-5678.399902,-10092.5,1441.700073,78.700005,-3,-1.6,0,1,1,1,0,1,1,0,0,0,0,0,1,1,1,0,1
2026-03-22T00:20:42Z,1903.384,6377,-5678.399902,-10092.5,1441.700073,78.700005,-3,-1.6,0,1,1,1,0,1,1,0,0,0,0,0,1,1,1,0,1
2026-03-22T00:20:42Z,1903.619,6378,-5678.399902,-10092.5,1441.700073,78.700005,-3,-1.6,0,1,1,1,0,1,1,0,0,0,0,0,1,1,1,0,1
2026-03-22T00:20:42Z,1903.851,6379,-5678.399902,-10092.5,1441.700073,78.5,-2.5,-1.4,0,1,1,1,0,1,1,0,0,0,0,0,1,1,1,0,1
2026-03-22T00:20:42Z,1904.074,6380,-5678.399902,-10092.5,1441.700073,78.5,-2.5,-1.4,0,1,1,1,0,1,1,0,0,0,0,0,1,1,1,0,1
2026-03-22T00:20:43Z,1904.322,6381,-5678.399902,-10092.5,1441.700073,78.5,-2.5,-1.4,0,1,1,1,0,1,1,0,0,0,0,0,1,1,1,0,1
2026-03-22T00:20:43Z,1904.681,6382,-5678.399902,-10092.5,1441.700073,78.5,-2.5,-1.4,0,1,1,1,0,1,1,0,0,0,0,0,1,1,1,0,1
2026-03-22T00:20:43Z,1905.242,6383,-5678.399902,-10092.5,1441.700073,78.300003,-2.8,-1.5,0,1,1,1,0,1,1,0,0,0,0,0,1,1,1,0,1
2026-03-22T00:20:44Z,1905.533,6384,-5678.399902,-10092.5,1441.700073,78.300003,-2.8,-1.5,0,1,1,1,0,1,1,0,0,0,0,0,1,1,1,0,1
2026-03-22T00:20:44Z,1905.768,6385,-5678.399902,-10092.5,1441.700073,78.300003,-2.8,-1.5,0,1,1,1,0,1,1,0,0,0,0,0,1,1,1,0,1
2026-03-22T00:20:44Z,1906.009,6386,-5678.399902,-10092.5,1441.700073,78.099998,-2.9,-1.5,0,1,1,1,0,1,1,0,0,0,0,0,1,1,1,0,1
2026-03-22T00:20:44Z,1906.258,6387,-5678.399902,-10092.5,1441.700073,78.099998,-2.9,-1.5,0,1,1,1,0,1,1,0,0,0,0,0,1,1,1,0,1
2026-03-22T00:20:45Z,1906.494,6388,-5678.399902,-10092.5,1441.700073,78.099998,-2.9,-1.5,0,1,1,1,0,1,1,0,0,0,0,0,1,1,1,0,1
2026-03-22T00:20:45Z,1906.729,6389,-5678.399902,-10092.5,1441.700073,78.099998,-2.9,-1.5,0,1,1,1,0,1,1,0,0,0,0,0,1,1,1,0,1
2026-03-22T00:20:45Z,1907.005,6390,-5678.600098,-10092.5,1441.700073,77.900002,-3.9,-1.1,0,1,1,1,0,1,1,0,0,0,0,0,1,1,1,0,1
2026-03-22T00:20:45Z,1907.288,6391,-5678.600098,-10092.5,1441.700073,77.900002,-3.9,-1.1,0,1,1,1,0,1,1,0,0,0,0,0,1,1,1,0,1
2026-03-22T00:20:46Z,1907.523,6392,-5678.600098,-10092.5,1441.700073,77.900002,-3.9,-1.1,0,1,1,1,0,1,1,0,0,0,0,0,1,1,1,0,1
2026-03-22T00:20:46Z,1907.756,6393,-5678.600098,-10092.5,1441.700073,77.900002,-3.9,-1.1,0,1,1,1,0,1,1,0,0,0,0,0,1,1,1,0,1
2026-03-22T00:20:46Z,1908.030,6394,-5679,-10092.600586,1441.800049,77.200005,-3.2,-1.3,0,1,1,1,0,1,1,0,0,0,0,0,1,1,0,0,1
2026-03-22T00:20:46Z,1908.261,6395,-5679,-10092.600586,1441.800049,77.200005,-3.2,-1.3,0,1,1,1,0,1,1,0,0,0,0,0,1,1,0,0,1
2026-03-22T00:20:47Z,1908.498,6396,-5679,-10092.600586,1441.800049,77.200005,-3.2,-1.3,0,1,1,1,0,1,1,0,0,0,0,0,1,1,0,0,1
2026-03-22T00:20:47Z,1908.776,6397,-5679,-10092.600586,1441.800049,77.200005,-3.2,-1.3,0,1,1,1,0,1,1,0,0,0,0,0,1,1,0,0,1
2026-03-22T00:20:47Z,1909.004,6398,-5679.800293,-10092.799805,1441.800049,76.099998,-3.9,-1.3,0,1,1,0,0,1,1,0,0,0,0,0,0,1,1,0,1
2026-03-22T00:20:47Z,1909.237,6399,-5679.800293,-10092.799805,1441.800049,76.099998,-3.9,-1.3,0,1,1,0,0,1,1,0,0,0,0,0,0,1,1,0,1
2026-03-22T00:20:48Z,1909.485,6400,-5679.800293,-10092.799805,1441.800049,76.099998,-3.9,-1.3,0,1,1,0,0,1,1,0,0,0,0,0,0,1,1,0,1
2026-03-22T00:20:48Z,1909.728,6401,-5679.800293,-10092.799805,1441.800049,76.099998,-3.9,-1.3,0,1,1,0,0,1,1,0,0,0,0,0,0,1,1,0,1
2026-03-22T00:20:48Z,1909.980,6402,-5680.600098,-10093,1441.800049,74.800003,-4.2,-1.3,0,1,1,0,0,1,1,0,0,0,0,0,0,1,1,0,1
2026-03-22T00:20:48Z,1910.211,6403,-5680.600098,-10093,1441.800049,74.800003,-4.2,-1.3,0,1,1,0,0,1,1,0,0,0,0,0,0,1,1,0,1
2026-03-22T00:20:49Z,1910.448,6404,-5680.600098,-10093,1441.800049,74.800003,-4.2,-1.3,0,1,1,0,0,1,1,0,0,0,0,0,0,1,1,0,1
2026-03-22T00:20:49Z,1910.682,6405,-5680.600098,-10093,1441.800049,74.800003,-4.2,-1.3,0,1,1,0,0,1,1,0,0,0,0,0,0,1,1,0,1
2026-03-22T00:20:49Z,1910.923,6406,-5681.700195,-10093.299805,1441.900024,74.700005,-3.9,-1.7,0,1,1,0,0,1,0,0,0,0,0,0,0,1,1,0,0
2026-03-22T00:20:49Z,1911.151,6407,-5681.700195,-10093.299805,1441.900024,74.700005,-3.9,-1.7,0,1,1,0,0,1,0,0,0,0,0,0,0,1,1,0,0
2026-03-22T00:20:50Z,1911.380,6408,-5681.700195,-10093.299805,1441.900024,74.700005,-3.9,-1.7,0,1,1,0,0,1,0,0,0,0,0,0,0,1,1,0,0
2026-03-22T00:20:50Z,1911.609,6409,-5681.700195,-10093.299805,1441.900024,74.700005,-3.9,-1.7,0,1,1,0,0,1,0,0,0,0,0,0,0,1,1,0,0
2026-03-22T00:20:50Z,1911.848,6410,-5681.700195,-10093.299805,1441.900024,74.700005,-3.9,-1.7,0,1,1,0,0,1,0,0,0,0,0,0,0,1,1,0,0
2026-03-22T00:20:50Z,1912.084,6411,-5682.800293,-10093.600586,1442,76.5,-3.9,-1.3,0,1,1,0,0,0,0,0,0,0,0,0,0,0,1,0,0
2026-03-22T00:20:51Z,1912.316,6412,-5682.800293,-10093.600586,1442,76.5,-3.9,-1.3,0,1,1,0,0,0,0,0,0,0,0,0,0,0,1,0,0
2026-03-22T00:20:51Z,1912.547,6413,-5682.800293,-10093.600586,1442,76.5,-3.9,-1.3,0,1,1,0,0,0,0,0,0,0,0,0,0,0,1,0,0
2026-03-22T00:20:51Z,1912.792,6414,-5682.800293,-10093.600586,1442,76.5,-3.9,-1.3,0,1,1,0,0,0,0,0,0,0,0,0,0,0,1,0,0
2026-03-22T00:20:51Z,1913.028,6415,-5683.899902,-10093.900391,1442.099976,78.200005,-2.9,-1.3,0,0,1,0,0,0,0,0,0,0,0,0,0,1,0,0,0
2026-03-22T00:20:56Z,1913.260,6416,-5683.899902,-10093.900391,1442.099976,78.200005,-2.9,-1.3,0,0,1,0,0,0,0,0,0,0,0,0,0,1,0,0,0
2026-03-22T00:20:57Z,1918.507,6417,-5687.700195,-10094.700195,1442.300049,83.800003,-1.8,-1.9,0,0,1,0,0,0,0,0,0,0,0,0,0,0,0,0,1
2026-03-22T00:20:57Z,1918.739,6418,-5687.700195,-10094.700195,1442.300049,83.800003,-1.8,-1.9,0,0,1,0,0,0,0,0,0,0,0,0,0,0,0,0,1
2026-03-22T00:20:57Z,1918.969,6419,-5687.700195,-10094.700195,1442.300049,83.800003,-2.6,-1.9,0,0,1,0,0,0,0,0,0,0,0,0,0,0,0,0,1
2026-03-22T00:20:57Z,1919.202,6420,-5687.700195,-10094.700195,1442.300049,83.800003,-2.6,-1.9,0,0,1,0,0,0,0,0,0,0,0,0,0,0,0,0,1
2026-03-22T00:20:58Z,1919.435,6421,-5687.700195,-10094.700195,1442.300049,83.800003,-2.6,-1.9,0,0,1,0,0,0,0,0,0,0,0,0,0,0,0,0,1
2026-03-22T00:20:58Z,1919.669,6422,-5687.700195,-10094.700195,1442.300049,83.800003,-2.6,-1.9,0,0,1,0,0,0,0,0,0,0,0,0,0,0,0,0,1
2026-03-22T00:20:58Z,1919.906,6423,-5687.600098,-10094.700195,1442.300049,84.200005,-1.7,-2,0,0,1,0,0,0,0,0,0,0,0,0,0,0,0,0,1
2026-03-22T00:20:58Z,1920.156,6424,-5687.600098,-10094.700195,1442.300049,84.200005,-1.7,-2,0,0,1,0,0,0,0,0,0,0,0,0,0,0,0,0,1
2026-03-22T00:20:59Z,1920.402,6425,-5687.600098,-10094.700195,1442.300049,84.200005,-1.7,-2,0,0,1,0,0,0,0,0,0,0,0,0,0,0,0,0,1
2026-03-22T00:20:59Z,1920.642,6426,-5687.600098,-10094.700195,1442.300049,84.200005,-1.7,-2,0,0,1,0,0,0,0,0,0,0,0,0,0,0,0,0,1
2026-03-22T00:20:59Z,1920.880,6427,-5687.600098,-10094.700195,1442.300049,85.300003,-2.2,-1.9,0,0,1,0,0,0,0,0,0,0,0,0,0,0,0,0,1
2026-03-22T00:20:59Z,1921.123,6428,-5687.600098,-10094.700195,1442.300049,85.300003,-2.2,-1.9,0,0,1,0,0,0,0,0,0,0,0,0,0,0,0,0,1
2026-03-22T00:21:00Z,1921.360,6429,-5687.600098,-10094.700195,1442.300049,85.300003,-2.2,-1.9,0,0,1,0,0,0,0,0,0,0,0,0,0,0,0,0,1
2026-03-22T00:21:00Z,1921.593,6430,-5687.600098,-10094.700195,1442.300049,85.300003,-2.2,-1.9,0,0,1,0,0,0,0,0,0,0,0,0,0,0,0,0,1
2026-03-22T00:21:00Z,1921.832,6431,-5687.600098,-10094.700195,1442.300049,85.300003,-2.2,-1.9,0,0,1,0,0,0,0,0,0,0,0,0,0,0,0,0,1
2026-03-22T00:21:00Z,1922.064,6432,-5687.399902,-10094.700195,1442.300049,87,-2,-1.9,0,0,1,0,0,0,0,0,0,0,0,0,0,0,0,0,1
2026-03-22T00:21:00Z,1922.298,6433,-5687.399902,-10094.700195,1442.300049,87,-2,-1.9,0,0,1,0,0,0,0,0,0,0,0,0,0,0,0,0,1
2026-03-22T00:21:01Z,1922.528,6434,-5687.399902,-10094.700195,1442.300049,87,-2,-1.9,0,0,1,0,0,0,0,0,0,0,0,0,0,0,0,0,1
2026-03-22T00:21:01Z,1922.766,6435,-5687.399902,-10094.700195,1442.300049,87,-2,-1.9,0,0,1,0,0,0,0,0,0,0,0,0,0,0,0,0,1
2026-03-22T00:21:01Z,1923.042,6436,-5687.300293,-10094.799805,1442.300049,89,-2,-2,0,0,0,0,0,0,0,0,0,0,0,0,0,0,0,0,0
2026-03-22T00:21:02Z,1923.290,6437,-5687.300293,-10094.799805,1442.300049,89,-2,-2,0,0,0,0,0,0,0,0,0,0,0,0,0,0,0,0,0
2026-03-22T00:21:02Z,1923.534,6438,-5687.300293,-10094.799805,1442.300049,89,-2,-2,0,0,0,0,0,0,0,0,0,0,0,0,0,0,0,0,0
2026-03-22T00:21:02Z,1923.776,6439,-5687.300293,-10094.799805,1442.300049,89,-2,-2,0,0,0,0,0,0,0,0,0,0,0,0,0,0,0,0,0
2026-03-22T00:21:02Z,1924.041,6440,-5687.100098,-10094.799805,1442.300049,91.700005,-2,-2,0,0,0,0,0,0,0,0,0,0,0,0,0,0,0,0,0
2026-03-22T00:21:02Z,1924.278,6441,-5687.100098,-10094.799805,1442.300049,91.700005,-2,-2,0,0,0,0,0,0,0,0,0,0,0,0,0,0,0,0,0
2026-03-22T00:21:03Z,1924.512,6442,-5687.100098,-10094.799805,1442.300049,91.700005,-2,-2,0,0,0,0,0,0,0,0,0,0,0,0,0,0,0,0,0
2026-03-22T00:21:03Z,1924.843,6443,-5686.800293,-10094.900391,1442.200073,94.800003,-1.9,-2.1,0,0,0,0,0,0,0,0,0,0,0,0,0,0,0,0,0
2026-03-22T00:21:04Z,1925.219,6444,-5686.800293,-10094.900391,1442.200073,94.800003,-1.9,-2.1,0,0,0,0,0,0,0,0,0,0,0,0,0,0,0,0,0
2026-03-22T00:21:04Z,1925.814,6445,-5686.800293,-10094.900391,1442.200073,94.800003,-1.9,-2.1,0,0,0,0,0,0,0,0,0,0,0,0,0,0,0,0,0
2026-03-22T00:21:04Z,1926.083,6446,-5686.600098,-10095,1442.200073,98.099998,-1.9,-2.1,0,0,0,0,0,0,0,0,0,0,0,0,0,0,0,0,0
2026-03-22T00:21:05Z,1926.320,6447,-5686.600098,-10095,1442.200073,98.099998,-1.9,-2.1,0,0,0,0,0,0,0,0,0,0,0,0,0,0,0,0,0
2026-03-22T00:21:05Z,1926.561,6448,-5686.600098,-10095,1442.200073,98.099998,-1.9,-2.1,0,0,0,0,0,0,0,0,0,0,0,0,0,0,0,0,0
2026-03-22T00:21:05Z,1926.919,6449,-5686.300293,-10095.200195,1442.200073,101.700005,-1.8,-2.1,0,0,0,0,0,0,0,0,0,0,0,0,0,0,0,0,0
2026-03-22T00:21:05Z,1927.161,6450,-5686.300293,-10095.200195,1442.200073,101.700005,-1.8,-2.1,0,0,0,0,0,0,0,0,0,0,0,0,0,0,0,0,0
2026-03-22T00:21:06Z,1927.390,6451,-5686.300293,-10095.200195,1442.200073,101.700005,-1.8,-2.1,0,0,0,0,0,0,0,0,0,0,0,0,0,0,0,0,0
2026-03-22T00:21:06Z,1927.627,6452,-5686.300293,-10095.200195,1442.200073,101.700005,-1.8,-2.1,0,0,0,0,0,0,0,0,0,0,0,0,0,0,0,0,0
2026-03-22T00:21:06Z,1927.854,6453,-5686.300293,-10095.200195,1442.200073,101.700005,-1.8,-2.1,0,0,0,0,0,0,0,0,0,0,0,0,0,0,0,0,0
2026-03-22T00:21:06Z,1928.091,6454,-5686.100098,-10095.299805,1442.200073,105.300003,-1.7,-2.1,0,0,0,0,0,0,0,0,0,0,0,0,0,0,0,0,0
2026-03-22T00:21:07Z,1928.324,6455,-5686.100098,-10095.299805,1442.200073,105.300003,-1.7,-2.1,0,0,0,0,0,0,0,0,0,0,0,0,0,0,0,0,0
2026-03-22T00:21:07Z,1928.558,6456,-5686.100098,-10095.299805,1442.200073,105.300003,-1.7,-2.1,0,0,0,0,0,0,0,0,0,0,0,0,0,0,0,0,0
2026-03-22T00:21:07Z,1928.796,6457,-5686.100098,-10095.299805,1442.200073,105.300003,-1.7,-2.1,0,0,0,0,0,0,0,0,0,0,0,0,0,0,0,0,0
2026-03-22T00:21:07Z,1929.035,6458,-5685.800293,-10095.5,1442.200073,108.800003,-1.6,-2.1,0,0,0,0,0,0,0,0,0,0,0,0,0,0,0,0,0
2026-03-22T00:21:08Z,1929.266,6459,-5685.800293,-10095.5,1442.200073,108.800003,-1.6,-2.1,0,0,0,0,0,0,0,0,0,0,0,0,0,0,0,0,0
2026-03-22T00:21:08Z,1929.546,6460,-5685.800293,-10095.5,1442.200073,108.800003,-1.6,-2.1,0,0,0,0,0,0,0,0,0,0,0,0,0,0,0,0,0
2026-03-22T00:21:08Z,1929.773,6461,-5685.800293,-10095.5,1442.200073,108.800003,-1.6,-2.1,0,0,0,0,0,0,0,0,0,0,0,0,0,0,0,0,0
2026-03-22T00:21:08Z,1930.000,6462,-5685.600098,-10095.700195,1442.200073,113,-1.5,-2.1,0,1,0,0,0,0,0,0,0,0,0,0,0,0,0,0,0
2026-03-22T00:21:08Z,1930.239,6463,-5685.600098,-10095.700195,1442.200073,113,-1.5,-2.1,0,1,0,0,0,0,0,0,0,0,0,0,0,0,0,0,0
2026-03-22T00:21:09Z,1930.471,6464,-5685.600098,-10095.700195,1442.200073,113,-1.5,-2.1,0,1,0,0,0,0,0,0,0,0,0,0,0,0,0,0,0
2026-03-22T00:21:09Z,1930.697,6465,-5685.600098,-10095.700195,1442.200073,113,-1.5,-2.1,0,1,0,0,0,0,0,0,0,0,0,0,0,0,0,0,0
2026-03-22T00:21:09Z,1930.948,6466,-5685.600098,-10095.700195,1442.200073,113,-1.5,-2.1,0,1,0,0,0,0,0,0,0,0,0,0,0,0,0,0,0
2026-03-22T00:21:09Z,1931.169,6467,-5685.300293,-10095.900391,1442.200073,117.599998,-1.3,-2,0,1,0,0,0,0,0,0,0,0,0,0,0,0,0,0,0
2026-03-22T00:21:10Z,1931.387,6468,-5685.300293,-10095.900391,1442.200073,117.599998,-1.3,-2,0,1,0,0,0,0,0,0,0,0,0,0,0,0,0,0,0
2026-03-22T00:21:10Z,1931.649,6469,-5685.300293,-10095.900391,1442.200073,117.599998,-1.3,-2,0,1,0,0,0,0,0,0,0,0,0,0,0,0,0,0,0
2026-03-22T00:21:10Z,1931.897,6470,-5685.300293,-10095.900391,1442.200073,117.599998,-1.3,-2,0,1,0,0,0,0,0,0,0,0,0,0,0,0,0,0,0
2026-03-22T00:21:10Z,1932.122,6471,-5685,-10096.200195,1442.200073,122.099998,-1.3,-2.1,0,0,0,0,0,0,0,0,0,0,0,0,0,0,0,0,0
2026-03-22T00:21:11Z,1932.548,6472,-5685,-10096.200195,1442.200073,122.099998,-1.3,-2.1,0,0,0,0,0,0,0,0,0,0,0,0,0,0,0,0,0
2026-03-22T00:21:11Z,1932.780,6473,-5685,-10096.200195,1442.200073,122.099998,-1.3,-2.1,0,0,0,0,0,0,0,0,0,0,0,0,0,0,0,0,0
2026-03-22T00:21:11Z,1933.014,6474,-5684.800293,-10096.5,1442.200073,126.800003,-1.4,-2.2,0,0,0,0,1,0,0,0,0,0,0,0,1,0,0,0,1
2026-03-22T00:21:11Z,1933.248,6475,-5684.800293,-10096.5,1442.200073,126.800003,-1.4,-2.2,0,0,0,0,1,0,0,0,0,0,0,0,1,0,0,0,1
2026-03-22T00:21:12Z,1933.486,6476,-5684.800293,-10096.5,1442.200073,126.800003,-1.4,-2.2,0,0,0,0,1,0,0,0,0,0,0,0,1,0,0,0,1
2026-03-22T00:21:12Z,1933.729,6477,-5684.800293,-10096.5,1442.200073,126.800003,-1.4,-2.2,0,0,0,0,1,0,0,0,0,0,0,0,1,0,0,0,1
2026-03-22T00:21:12Z,1933.957,6478,-5684.600098,-10096.799805,1442.200073,131.100006,-1.4,-2.3,0,0,0,0,1,0,0,0,0,0,0,0,1,0,0,0,0
2026-03-22T00:21:12Z,1934.183,6479,-5684.600098,-10096.799805,1442.200073,131.100006,-1.4,-2.3,0,0,0,0,1,0,0,0,0,0,0,0,1,0,0,0,0
2026-03-22T00:21:13Z,1934.413,6480,-5684.600098,-10096.799805,1442.200073,131.100006,-1.4,-2.3,0,0,0,0,1,0,0,0,0,0,0,0,1,0,0,0,0
2026-03-22T00:21:13Z,1934.632,6481,-5684.600098,-10096.799805,1442.200073,131.100006,-1.4,-2.3,0,0,0,0,1,0,0,0,0,0,0,0,1,0,0,0,0
2026-03-22T00:21:13Z,1934.985,6482,-5684.399902,-10097.200195,1442.200073,136.199997,-1.4,-2.3,0,0,0,0,0,0,0,0,0,0,0,0,1,0,0,0,0
2026-03-22T00:21:13Z,1935.253,6483,-5684.399902,-10097.200195,1442.200073,136.199997,-1.4,-2.3,0,0,0,0,0,0,0,0,0,0,0,0,1,0,0,0,0
2026-03-22T00:21:14Z,1935.519,6484,-5684.399902,-10097.200195,1442.200073,136.199997,-1.4,-2.3,0,0,0,0,0,0,0,0,0,0,0,0,1,0,0,0,0
2026-03-22T00:21:14Z,1935.753,6485,-5684.399902,-10097.200195,1442.200073,136.199997,-1.4,-2.3,0,0,0,0,0,0,0,0,0,0,0,0,1,0,0,0,0
2026-03-22T00:21:14Z,1935.979,6486,-5684.200195,-10097.5,1442.200073,140.699997,-1.5,-2.3,0,0,0,0,0,0,0,0,0,0,0,0,1,0,0,0,0
2026-03-22T00:21:14Z,1936.198,6487,-5684.200195,-10097.5,1442.200073,140.699997,-1.5,-2.3,0,0,0,0,0,0,0,0,0,0,0,0,1,0,0,0,0
2026-03-22T00:21:15Z,1936.424,6488,-5684.200195,-10097.5,1442.200073,140.699997,-1.5,-2.3,0,0,0,0,0,0,0,0,0,0,0,0,1,0,0,0,0
2026-03-22T00:21:15Z,1936.657,6489,-5684.200195,-10097.5,1442.200073,140.699997,-1.5,-2.3,0,0,0,0,0,0,0,0,0,0,0,0,1,0,0,0,0
2026-03-22T00:21:15Z,1936.886,6490,-5684.200195,-10097.5,1442.200073,140.699997,-1.5,-2.3,0,0,0,0,0,0,0,0,0,0,0,0,1,0,0,0,0
2026-03-22T00:21:15Z,1937.122,6491,-5684,-10098,1442.200073,146.800003,-1.4,-2.4,0,0,0,0,0,0,0,0,0,0,0,0,1,0,0,0,0
2026-03-22T00:21:16Z,1937.349,6492,-5684,-10098,1442.200073,146.800003,-1.4,-2.4,0,0,0,0,0,0,0,0,0,0,0,0,1,0,0,0,0
2026-03-22T00:21:16Z,1937.584,6493,-5684,-10098,1442.200073,146.800003,-1.4,-2.4,0,0,0,0,0,0,0,0,0,0,0,0,1,0,0,0,0
2026-03-22T00:21:16Z,1937.819,6494,-5683.899902,-10098.400391,1442.200073,151.699997,-1.2,-2.7,0,1,0,0,0,1,0,0,0,0,0,0,0,0,0,0,0
2026-03-22T00:21:16Z,1938.046,6495,-5683.899902,-10098.400391,1442.200073,151.699997,-1.2,-2.7,0,1,0,0,0,1,0,0,0,0,0,0,0,0,0,0,0
2026-03-22T00:21:16Z,1938.284,6496,-5683.899902,-10098.400391,1442.200073,151.699997,-1.2,-2.7,0,1,0,0,0,1,0,0,0,0,0,0,0,0,0,0,0
2026-03-22T00:21:17Z,1938.519,6497,-5683.899902,-10098.400391,1442.200073,151.699997,-1.2,-2.7,0,1,0,0,0,1,0,0,0,0,0,0,0,0,0,0,0
2026-03-22T00:21:17Z,1938.737,6498,-5683.899902,-10098.400391,1442.200073,151.699997,-1.2,-2.7,0,1,0,0,0,1,0,0,0,0,0,0,0,0,0,0,0
2026-03-22T00:21:17Z,1938.983,6499,-5683.899902,-10098.5,1442.200073,155.300003,-0.9,-2.4,0,0,0,0,0,1,0,0,0,0,0,0,0,0,0,0,0
2026-03-22T00:21:17Z,1939.228,6500,-5683.899902,-10098.5,1442.200073,155.300003,-0.9,-2.4,0,0,0,0,0,1,0,0,0,0,0,0,0,0,0,0,0
2026-03-22T00:21:18Z,1939.470,6501,-5683.899902,-10098.5,1442.200073,155.300003,-0.9,-2.4,0,0,0,0,0,1,0,0,0,0,0,0,0,0,0,0,0
2026-03-22T00:21:18Z,1939.715,6502,-5683.899902,-10098.5,1442.200073,155.300003,-0.9,-2.4,0,0,0,0,0,1,0,0,0,0,0,0,0,0,0,0,0
2026-03-22T00:21:18Z,1939.942,6503,-5683.899902,-10098.400391,1442.200073,155.800003,-1,-2.3,0,1,0,0,0,1,0,0,0,0,0,0,0,0,0,0,0
2026-03-22T00:21:18Z,1940.165,6504,-5683.899902,-10098.400391,1442.200073,155.800003,-1,-2.3,0,1,0,0,0,1,0,0,0,0,0,0,0,0,0,0,0
2026-03-22T00:21:19Z,1940.392,6505,-5683.899902,-10098.400391,1442.200073,155.800003,-1,-2.3,0,1,0,0,0,1,0,0,0,0,0,0,0,0,0,0,0
2026-03-22T00:21:19Z,1940.620,6506,-5683.899902,-10098.400391,1442.200073,155.800003,-1,-2.3,0,1,0,0,0,1,0,0,0,0,0,0,0,0,0,0,0
2026-03-22T00:21:19Z,1940.854,6507,-5683.899902,-10098.400391,1442.099976,155.699997,-0.6,-2.5,0,1,0,0,0,1,0,0,0,0,0,0,0,0,0,0,0
2026-03-22T00:21:19Z,1941.070,6508,-5683.899902,-10098.400391,1442.099976,155.699997,-0.6,-2.5,0,1,0,0,0,1,0,0,0,0,0,0,0,0,0,0,0
2026-03-22T00:21:20Z,1941.297,6509,-5683.899902,-10098.400391,1442.099976,155.699997,-0.6,-2.5,0,1,0,0,0,1,0,0,0,0,0,0,0,0,0,0,0
2026-03-22T00:21:20Z,1941.545,6510,-5683.899902,-10098.400391,1442.099976,155.699997,-0.6,-2.5,0,1,0,0,0,1,0,0,0,0,0,0,0,0,0,0,0
2026-03-22T00:21:20Z,1941.782,6511,-5683.899902,-10098.400391,1442.099976,155.699997,-0.6,-2.5,0,1,0,0,0,1,0,0,0,0,0,0,0,0,0,0,0
2026-03-22T00:21:20Z,1942.008,6512,-5683.899902,-10098.400391,1442.099976,156.100006,-0.4,-2.5,0,1,0,0,0,1,0,0,0,0,0,0,0,0,0,0,0
2026-03-22T00:21:20Z,1942.235,6513,-5683.899902,-10098.400391,1442.099976,156.100006,-0.4,-2.5,0,1,0,0,0,1,0,0,0,0,0,0,0,0,0,0,0
2026-03-22T00:21:21Z,1942.454,6514,-5683.899902,-10098.400391,1442.099976,156.100006,-0.4,-2.5,0,1,0,0,0,1,0,0,0,0,0,0,0,0,0,0,0
2026-03-22T00:21:21Z,1942.694,6515,-5683.899902,-10098.400391,1442.099976,156.100006,-0.4,-2.5,0,1,0,0,0,1,0,0,0,0,0,0,0,0,0,0,0
2026-03-22T00:21:21Z,1942.930,6516,-5683.899902,-10098.5,1442.200073,156.600006,-0.7,-2.5,0,0,0,0,0,1,0,0,0,0,0,0,0,0,0,0,0
2026-03-22T00:21:21Z,1943.165,6517,-5683.899902,-10098.5,1442.200073,156.600006,-0.7,-2.5,0,0,0,0,0,1,0,0,0,0,0,0,0,0,0,0,0
2026-03-22T00:21:22Z,1943.418,6518,-5683.899902,-10098.5,1442.200073,156.600006,-0.7,-2.5,0,0,0,0,0,1,0,0,0,0,0,0,0,0,0,0,0
2026-03-22T00:21:22Z,1943.652,6519,-5683.899902,-10098.5,1442.200073,156.600006,-0.7,-2.5,0,0,0,0,0,1,0,0,0,0,0,0,0,0,0,0,0
2026-03-22T00:21:22Z,1943.890,6520,-5683.899902,-10098.5,1442.200073,156.900009,-1.5,-2.4,0,0,0,0,0,1,0,0,0,0,0,0,0,0,0,0,0
2026-03-22T00:21:22Z,1944.118,6521,-5683.899902,-10098.5,1442.200073,156.900009,-1.5,-2.4,0,0,0,0,0,1,0,0,0,0,0,0,0,0,0,0,0
2026-03-22T00:21:23Z,1944.363,6522,-5683.899902,-10098.5,1442.200073,156.900009,-1.5,-2.4,0,0,0,0,0,1,0,0,0,0,0,0,0,0,0,0,0
2026-03-22T00:21:23Z,1944.595,6523,-5683.899902,-10098.5,1442.200073,156.900009,-1.5,-2.4,0,0,0,0,0,1,0,0,0,0,0,0,0,0,0,0,0
2026-03-22T00:21:23Z,1944.843,6524,-5683.899902,-10098.5,1442.200073,156.900009,-0.9,-2.5,0,0,0,0,0,1,0,0,0,0,0,0,0,0,0,0,0
2026-03-22T00:21:23Z,1945.123,6525,-5683.899902,-10098.5,1442.200073,156.900009,-0.9,-2.5,0,0,0,0,0,1,0,0,0,0,0,0,0,0,0,0,0
2026-03-22T00:21:24Z,1945.351,6526,-5683.899902,-10098.5,1442.200073,156.900009,-0.9,-2.5,0,0,0,0,0,1,0,0,0,0,0,0,0,0,0,0,0
2026-03-22T00:21:24Z,1945.579,6527,-5683.899902,-10098.5,1442.200073,156.900009,-0.9,-2.5,0,0,0,0,0,1,0,0,0,0,0,0,0,0,0,0,0
2026-03-22T00:21:24Z,1945.812,6528,-5683.899902,-10098.600586,1442.099976,156.900009,0,-2.5,0,0,0,0,0,1,0,0,0,0,0,0,0,0,0,0,0
2026-03-22T00:21:24Z,1946.084,6529,-5683.899902,-10098.600586,1442.099976,156.900009,0,-2.5,0,0,0,0,0,1,0,0,0,0,0,0,0,0,0,0,0
2026-03-22T00:21:25Z,1946.316,6530,-5683.899902,-10098.600586,1442.099976,156.900009,0,-2.5,0,0,0,0,0,1,0,0,0,0,0,0,0,0,0,0,0
2026-03-22T00:21:25Z,1946.562,6531,-5683.899902,-10098.600586,1442.099976,156.900009,0,-2.5,0,0,0,0,0,1,0,0,0,0,0,0,0,0,0,0,0
2026-03-22T00:21:25Z,1946.802,6532,-5683.899902,-10098.600586,1442.099976,156.900009,0,-2.5,0,0,0,0,0,1,0,0,0,0,0,0,0,0,0,0,0
2026-03-22T00:21:25Z,1947.026,6533,-5683.899902,-10098.600586,1442.099976,156.900009,-0.2,-2.5,0,0,0,0,0,1,0,0,0,0,0,0,0,0,0,0,0
2026-03-22T00:21:25Z,1947.254,6534,-5683.899902,-10098.600586,1442.099976,156.900009,-0.2,-2.5,0,0,0,0,0,1,0,0,0,0,0,0,0,0,0,0,0
2026-03-22T00:21:26Z,1947.499,6535,-5683.899902,-10098.600586,1442.099976,156.900009,-0.2,-2.5,0,0,0,0,0,1,0,0,0,0,0,0,0,0,0,0,0
2026-03-22T00:21:26Z,1947.732,6536,-5683.899902,-10098.600586,1442.099976,156.900009,-0.2,-2.5,0,0,0,0,0,1,0,0,0,0,0,0,0,0,0,0,0
2026-03-22T00:21:26Z,1947.965,6537,-5683.899902,-10098.5,1442.200073,157,-0.8,-2.5,0,0,0,0,0,1,0,0,0,0,0,0,0,0,0,0,0
2026-03-22T00:21:26Z,1948.194,6538,-5683.899902,-10098.5,1442.200073,157,-0.8,-2.5,0,0,0,0,0,1,0,0,0,0,0,0,0,0,0,0,0
2026-03-22T00:21:27Z,1948.432,6539,-5683.899902,-10098.5,1442.200073,157,-0.8,-2.5,0,0,0,0,0,1,0,0,0,0,0,0,0,0,0,0,0
2026-03-22T00:21:27Z,1948.670,6540,-5683.899902,-10098.5,1442.200073,157,-0.8,-2.5,0,0,0,0,0,1,0,0,0,0,0,0,0,0,0,0,0
2026-03-22T00:21:27Z,1948.951,6541,-5683.899902,-10098.5,1442.200073,157,-1,-2.5,0,0,0,0,0,1,0,0,0,0,0,0,0,0,0,0,0
2026-03-22T00:21:27Z,1949.205,6542,-5683.899902,-10098.5,1442.200073,157,-1,-2.5,0,0,0,0,0,1,0,0,0,0,0,0,0,0,0,0,0
2026-03-22T00:21:28Z,1949.460,6543,-5683.899902,-10098.5,1442.200073,157,-1,-2.5,0,0,0,0,0,1,0,0,0,0,0,0,0,0,0,0,0
2026-03-22T00:21:28Z,1949.754,6544,-5683.899902,-10098.5,1442.200073,157,-1,-2.5,0,0,0,0,0,1,0,0,0,0,0,0,0,0,0,0,0
2026-03-22T00:21:28Z,1950.005,6545,-5684,-10098.400391,1442.099976,157.100006,-2.1,-2.5,0,0,0,0,0,1,1,0,0,0,0,0,0,0,0,0,0
2026-03-22T00:21:29Z,1950.273,6546,-5684,-10098.400391,1442.099976,157.100006,-2.1,-2.5,0,0,0,0,0,1,1,0,0,0,0,0,0,0,0,0,0
2026-03-22T00:21:29Z,1950.551,6547,-5684,-10098.400391,1442.099976,157.100006,-2.1,-2.5,0,0,0,0,0,1,1,0,0,0,0,0,0,0,0,0,0
2026-03-22T00:21:29Z,1950.805,6548,-5684,-10098.400391,1442.099976,157.100006,-2.1,-2.5,0,0,0,0,0,1,1,0,0,0,0,0,0,0,0,0,0
2026-03-22T00:21:29Z,1951.078,6549,-5684.100098,-10098.200195,1442.099976,157.600006,-2.4,-2.5,0,0,0,0,0,1,1,0,0,0,0,0,0,0,0,0,0
2026-03-22T00:21:30Z,1951.340,6550,-5684.100098,-10098.200195,1442.099976,157.600006,-2.4,-2.5,0,0,0,0,0,1,1,0,0,0,0,0,0,0,0,0,0
2026-03-22T00:21:30Z,1951.590,6551,-5684.100098,-10098.200195,1442.099976,157.600006,-2.4,-2.5,0,0,0,0,0,1,1,0,0,0,0,0,0,0,0,0,0
2026-03-22T00:21:30Z,1951.857,6552,-5684.100098,-10098.200195,1442.099976,157.600006,-2.4,-2.5,0,0,0,0,0,1,1,0,0,0,0,0,0,0,0,0,0
2026-03-22T00:21:30Z,1952.120,6553,-5684.200195,-10097.799805,1442.200073,158.199997,-1.6,-2.4,0,0,0,0,0,1,1,0,0,0,0,0,0,0,0,0,0
2026-03-22T00:21:31Z,1952.373,6554,-5684.200195,-10097.799805,1442.200073,158.199997,-1.6,-2.4,0,0,0,0,0,1,1,0,0,0,0,0,0,0,0,0,0
2026-03-22T00:21:31Z,1952.630,6555,-5684.200195,-10097.799805,1442.200073,158.199997,-1.6,-2.4,0,0,0,0,0,1,1,0,0,0,0,0,0,0,0,0,0
2026-03-22T00:21:31Z,1952.890,6556,-5684.399902,-10097.400391,1442.200073,158.800003,-1.4,-2.4,0,0,0,0,0,1,0,0,0,0,0,0,0,0,0,0,0
2026-03-22T00:21:31Z,1953.167,6557,-5684.399902,-10097.400391,1442.200073,158.800003,-1.4,-2.4,0,0,0,0,0,1,0,0,0,0,0,0,0,0,0,0,0
2026-03-22T00:21:32Z,1953.430,6558,-5684.399902,-10097.400391,1442.200073,158.800003,-1.4,-2.4,0,0,0,0,0,1,0,0,0,0,0,0,0,0,0,0,0
2026-03-22T00:21:32Z,1953.694,6559,-5684.399902,-10097.400391,1442.200073,158.800003,-1.4,-2.4,0,0,0,0,0,1,0,0,0,0,0,0,0,0,0,0,0
2026-03-22T00:21:32Z,1953.969,6560,-5684.600098,-10096.900391,1442.200073,159.800003,-1.7,-2.6,0,0,0,0,0,1,0,0,0,0,0,0,0,0,0,0,0
2026-03-22T00:21:32Z,1954.238,6561,-5684.600098,-10096.900391,1442.200073,159.800003,-1.7,-2.6,0,0,0,0,0,1,0,0,0,0,0,0,0,0,0,0,0
2026-03-22T00:21:33Z,1954.504,6562,-5684.600098,-10096.900391,1442.200073,159.800003,-1.7,-2.6,0,0,0,0,0,1,0,0,0,0,0,0,0,0,0,0,0
2026-03-22T00:21:33Z,1954.761,6563,-5684.600098,-10096.900391,1442.200073,159.800003,-1.7,-2.6,0,0,0,0,0,1,0,0,0,0,0,0,0,0,0,0,0
2026-03-22T00:21:33Z,1955.008,6564,-5684.899902,-10096.299805,1442.200073,160.600006,-1.6,-2.9,0,0,0,0,0,1,0,0,0,1,0,0,0,0,0,0,0
2026-03-22T00:21:33Z,1955.258,6565,-5684.899902,-10096.299805,1442.200073,160.600006,-1.6,-2.9,0,0,0,0,0,1,0,0,0,1,0,0,0,0,0,0,0
2026-03-22T00:21:34Z,1955.511,6566,-5684.899902,-10096.299805,1442.200073,160.600006,-1.6,-2.9,0,0,0,0,0,1,0,0,0,1,0,0,0,0,0,0,0
2026-03-22T00:21:34Z,1955.763,6567,-5684.899902,-10096.299805,1442.200073,160.600006,-1.6,-2.9,0,0,0,0,0,1,0,0,0,1,0,0,0,0,0,0,0
2026-03-22T00:21:34Z,1956.025,6568,-5685.100098,-10095.600586,1442.200073,161.100006,-0.7,-2.6,0,0,0,0,0,1,0,0,0,0,0,0,0,0,0,0,0
2026-03-22T00:21:34Z,1956.273,6569,-5685.100098,-10095.600586,1442.200073,161.100006,-0.7,-2.6,0,0,0,0,0,1,0,0,0,0,0,0,0,0,0,0,0
2026-03-22T00:21:35Z,1956.524,6570,-5685.100098,-10095.600586,1442.200073,161.100006,-0.7,-2.6,0,0,0,0,0,1,0,0,0,0,0,0,0,0,0,0,0
2026-03-22T00:21:40Z,1956.773,6571,-5685.100098,-10095.600586,1442.200073,161.100006,-0.7,-2.6,0,0,0,0,0,1,0,0,0,0,0,0,0,0,0,0,0
2026-03-22T00:21:40Z,1962.075,6572,-5686.300293,-10092,1442.099976,155.600006,2.5,-3.5,0,0,0,0,0,0,0,0,0,0,0,0,0,0,0,0,0
2026-03-22T00:21:41Z,1962.332,6573,-5686.300293,-10092,1442.099976,155.600006,2.5,-3.5,0,0,0,0,0,0,0,0,0,0,0,0,0,0,0,0,0
2026-03-22T00:21:41Z,1962.611,6574,-5686.300293,-10092,1442.099976,155.600006,2.5,-3.5,0,0,0,0,0,0,0,0,0,0,0,0,0,0,0,0,0
2026-03-22T00:21:41Z,1962.870,6575,-5686.399902,-10092,1442.099976,155.600006,2,-3.4,0,0,0,0,0,0,0,0,0,0,0,0,0,0,0,0,0
2026-03-22T00:21:41Z,1963.135,6576,-5686.399902,-10092,1442.099976,155.600006,2,-3.4,0,0,0,0,0,0,0,0,0,0,0,0,0,0,0,0,0
2026-03-22T00:21:42Z,1963.407,6577,-5686.399902,-10092,1442.099976,155.600006,2,-3.4,0,0,0,0,0,0,0,0,0,0,0,0,0,0,0,0,0
2026-03-22T00:21:42Z,1963.681,6578,-5686.399902,-10092,1442.099976,155.600006,2,-3.4,0,0,0,0,0,0,0,0,0,0,0,0,0,0,0,0,0
2026-03-22T00:21:42Z,1963.939,6579,-5686.399902,-10092,1442.099976,155.600006,1.2,-3.4,0,0,0,0,0,0,0,0,0,0,0,0,0,0,0,0,0
2026-03-22T00:21:42Z,1964.190,6580,-5686.399902,-10092,1442.099976,155.600006,1.2,-3.4,0,0,0,0,0,0,0,0,0,0,0,0,0,0,0,0,0
2026-03-22T00:21:43Z,1964.443,6581,-5686.399902,-10092,1442.099976,155.600006,1.2,-3.4,0,0,0,0,0,0,0,0,0,0,0,0,0,0,0,0,0
2026-03-22T00:21:43Z,1964.694,6582,-5686.399902,-10092,1442.099976,155.600006,1.2,-3.4,0,0,0,0,0,0,0,0,0,0,0,0,0,0,0,0,0
2026-03-22T00:21:43Z,1964.943,6583,-5686.300293,-10092,1442.099976,155,1.8,-3.3,0,0,0,0,0,0,0,0,0,0,0,0,0,0,0,0,0
2026-03-22T00:21:43Z,1965.190,6584,-5686.300293,-10092,1442.099976,155,1.8,-3.3,0,0,0,0,0,0,0,0,0,0,0,0,0,0,0,0,0
2026-03-22T00:21:44Z,1965.437,6585,-5686.300293,-10092,1442.099976,155,1.8,-3.3,0,0,0,0,0,0,0,0,0,0,0,0,0,0,0,0,0
2026-03-22T00:21:44Z,1965.691,6586,-5686.300293,-10092,1442.099976,155,1.8,-3.3,0,0,0,0,0,0,0,0,0,0,0,0,0,0,0,0,0
2026-03-22T00:21:44Z,1965.936,6587,-5686.300293,-10092.100586,1442.099976,154.199997,1.8,-3.4,0,0,0,0,0,0,0,0,0,0,0,0,0,0,0,0,0
2026-03-22T00:21:44Z,1966.181,6588,-5686.300293,-10092.100586,1442.099976,154.199997,1.8,-3.4,0,0,0,0,0,0,0,0,0,0,0,0,0,0,0,0,0
2026-03-22T00:21:45Z,1966.428,6589,-5686.300293,-10092.100586,1442.099976,154.199997,1.8,-3.4,0,0,0,0,0,0,0,0,0,0,0,0,0,0,0,0,0
2026-03-22T00:21:45Z,1966.681,6590,-5686.300293,-10092.100586,1442.099976,154.199997,1.8,-3.4,0,0,0,0,0,0,0,0,0,0,0,0,0,0,0,0,0
2026-03-22T00:21:45Z,1966.946,6591,-5686.200195,-10092.100586,1442.099976,153.100006,1.5,-3.4,0,0,0,0,0,0,0,0,0,0,0,0,0,0,0,0,0
2026-03-22T00:21:45Z,1967.217,6592,-5686.200195,-10092.100586,1442.099976,153.100006,1.5,-3.4,0,0,0,0,0,0,0,0,0,0,0,0,0,0,0,0,0
2026-03-22T00:21:46Z,1967.468,6593,-5686.200195,-10092.100586,1442.099976,153.100006,1.5,-3.4,0,0,0,0,0,0,0,0,0,0,0,0,0,0,0,0,0
2026-03-22T00:21:46Z,1967.719,6594,-5686.200195,-10092.100586,1442.099976,153.100006,1.5,-3.4,0,0,0,0,0,0,0,0,0,0,0,0,0,0,0,0,0
2026-03-22T00:21:46Z,1967.965,6595,-5686.100098,-10092.200195,1442.099976,151.600006,1.4,-3.4,0,0,0,0,0,0,0,0,0,0,0,0,0,0,0,0,0
2026-03-22T00:21:46Z,1968.232,6596,-5686.100098,-10092.200195,1442.099976,151.600006,1.4,-3.4,0,0,0,0,0,0,0,0,0,0,0,0,0,0,0,0,0
2026-03-22T00:21:47Z,1968.483,6597,-5686.100098,-10092.200195,1442.099976,151.600006,1.4,-3.4,0,0,0,0,0,0,0,0,0,0,0,0,0,0,0,0,0
2026-03-22T00:21:47Z,1968.778,6598,-5686.100098,-10092.200195,1442.099976,151.600006,1.4,-3.4,0,0,0,0,0,0,0,0,0,0,0,0,0,0,0,0,0
2026-03-22T00:21:47Z,1969.032,6599,-5686,-10092.299805,1442.099976,149.800003,1.4,-3.4,0,0,0,0,0,0,0,0,0,0,0,0,0,0,0,0,0
2026-03-22T00:21:48Z,1969.286,6600,-5686,-10092.299805,1442.099976,149.800003,1.4,-3.4,0,0,0,0,0,0,0,0,0,0,0,0,0,0,0,0,0
2026-03-22T00:21:48Z,1969.536,6601,-5686,-10092.299805,1442.099976,149.800003,1.4,-3.4,0,0,0,0,0,0,0,0,0,0,0,0,0,0,0,0,0
2026-03-22T00:21:48Z,1969.815,6602,-5686,-10092.299805,1442.099976,149.800003,1.4,-3.4,0,0,0,0,0,0,0,0,0,0,0,0,0,0,0,0,0
2026-03-22T00:21:48Z,1970.078,6603,-5685.899902,-10092.400391,1442.099976,147.600006,1.1,-3.4,0,0,0,1,0,0,0,0,0,0,0,0,0,0,0,0,0
2026-03-22T00:21:49Z,1970.347,6604,-5685.899902,-10092.400391,1442.099976,147.600006,1.1,-3.4,0,0,0,1,0,0,0,0,0,0,0,0,0,0,0,0,0
2026-03-22T00:21:49Z,1970.619,6605,-5685.899902,-10092.400391,1442.099976,147.600006,1.1,-3.4,0,0,0,1,0,0,0,0,0,0,0,0,0,0,0,0,0
2026-03-22T00:21:49Z,1970.880,6606,-5685.700195,-10092.5,1442.099976,145,1,-3.4,0,0,0,1,0,0,0,0,0,0,0,0,0,0,0,0,1
2026-03-22T00:21:49Z,1971.165,6607,-5685.700195,-10092.5,1442.099976,145,1,-3.4,0,0,0,1,0,0,0,0,0,0,0,0,0,0,0,0,1
2026-03-22T00:21:50Z,1971.428,6608,-5685.700195,-10092.5,1442.099976,145,1,-3.4,0,0,0,1,0,0,0,0,0,0,0,0,0,0,0,0,1
2026-03-22T00:21:50Z,1971.677,6609,-5685.700195,-10092.5,1442.099976,145,1,-3.4,0,0,0,1,0,0,0,0,0,0,0,0,0,0,0,0,1
2026-03-22T00:21:50Z,1971.974,6610,-5685.5,-10092.700195,1442.099976,142.300003,0.9,-3.4,0,0,0,1,0,0,0,0,0,0,0,0,0,0,1,1,1
2026-03-22T00:21:50Z,1972.242,6611,-5685.5,-10092.700195,1442.099976,142.300003,0.9,-3.4,0,0,0,1,0,0,0,0,0,0,0,0,0,0,1,1,1
2026-03-22T00:21:51Z,1972.493,6612,-5685.5,-10092.700195,1442.099976,142.300003,0.9,-3.4,0,0,0,1,0,0,0,0,0,0,0,0,0,0,1,1,1
2026-03-22T00:21:51Z,1972.740,6613,-5685.5,-10092.700195,1442.099976,142.300003,0.9,-3.4,0,0,0,1,0,0,0,0,0,0,0,0,0,0,1,1,1
2026-03-22T00:21:51Z,1973.023,6614,-5685.300293,-10092.799805,1442.099976,139.300003,0.6,-3.4,0,0,0,0,0,0,0,0,0,1,0,0,0,0,1,0,1
2026-03-22T00:21:52Z,1973.266,6615,-5685.300293,-10092.799805,1442.099976,139.300003,0.6,-3.4,0,0,0,0,0,0,0,0,0,1,0,0,0,0,1,0,1
2026-03-22T00:21:52Z,1973.535,6616,-5685.300293,-10092.799805,1442.099976,139.300003,0.6,-3.4,0,0,0,0,0,0,0,0,0,1,0,0,0,0,1,0,1
2026-03-22T00:21:52Z,1973.797,6617,-5685.300293,-10092.799805,1442.099976,139.300003,0.6,-3.4,0,0,0,0,0,0,0,0,0,1,0,0,0,0,1,0,1
2026-03-22T00:21:52Z,1974.058,6618,-5685.100098,-10092.900391,1442.099976,136,0.4,-3.4,0,1,0,0,0,0,0,0,0,1,0,0,0,0,1,0,1
2026-03-22T00:21:53Z,1974.316,6619,-5685.100098,-10092.900391,1442.099976,136,0.4,-3.4,0,1,0,0,0,0,0,0,0,1,0,0,0,0,1,0,1
2026-03-22T00:21:53Z,1974.574,6620,-5685.100098,-10092.900391,1442.099976,136,0.4,-3.4,0,1,0,0,0,0,0,0,0,1,0,0,0,0,1,0,1
2026-03-22T00:21:53Z,1974.835,6621,-5685.100098,-10092.900391,1442.099976,136,0.4,-3.4,0,1,0,0,0,0,0,0,0,1,0,0,0,0,1,0,1
2026-03-22T00:21:53Z,1975.102,6622,-5684.800293,-10093.100586,1442.099976,131.699997,0.2,-3.4,0,1,0,0,0,0,0,0,0,1,0,0,0,0,0,0,0
2026-03-22T00:21:54Z,1975.368,6623,-5684.800293,-10093.100586,1442.099976,131.699997,0.2,-3.4,0,1,0,0,0,0,0,0,0,1,0,0,0,0,0,0,0
2026-03-22T00:21:54Z,1975.641,6624,-5684.800293,-10093.100586,1442.099976,131.699997,0.2,-3.4,0,1,0,0,0,0,0,0,0,1,0,0,0,0,0,0,0
2026-03-22T00:21:54Z,1975.904,6625,-5684.5,-10093.200195,1442.099976,127.300003,-0.1,-3.3,0,0,0,0,0,0,0,0,0,1,0,0,0,0,0,0,0
2026-03-22T00:21:54Z,1976.146,6626,-5684.5,-10093.200195,1442.099976,127.300003,-0.1,-3.3,0,0,0,0,0,0,0,0,0,1,0,0,0,0,0,0,0
2026-03-22T00:21:55Z,1976.414,6627,-5684.5,-10093.200195,1442.099976,127.300003,-0.1,-3.3,0,0,0,0,0,0,0,0,0,1,0,0,0,0,0,0,0
2026-03-22T00:21:55Z,1976.657,6628,-5684.5,-10093.200195,1442.099976,127.300003,-0.1,-3.3,0,0,0,0,0,0,0,0,0,1,0,0,0,0,0,0,0
2026-03-22T00:21:55Z,1976.900,6629,-5684.100098,-10093.400391,1442.099976,123,-0.4,-3.2,0,0,0,0,0,0,0,0,0,1,0,0,0,0,0,0,0
2026-03-22T00:21:55Z,1977.147,6630,-5684.100098,-10093.400391,1442.099976,123,-0.4,-3.2,0,0,0,0,0,0,0,0,0,1,0,0,0,0,0,0,0
2026-03-22T00:21:56Z,1977.394,6631,-5684.100098,-10093.400391,1442.099976,123,-0.4,-3.2,0,0,0,0,0,0,0,0,0,1,0,0,0,0,0,0,0
2026-03-22T00:21:56Z,1977.634,6632,-5684.100098,-10093.400391,1442.099976,123,-0.4,-3.2,0,0,0,0,0,0,0,0,0,1,0,0,0,0,0,0,0
2026-03-22T00:21:56Z,1977.911,6633,-5684.100098,-10093.400391,1442.099976,123,-0.4,-3.2,0,0,0,0,0,0,0,0,0,1,0,0,0,0,0,0,0
2026-03-22T00:21:56Z,1978.190,6634,-5683.600098,-10093.5,1442,117.200005,-0.8,-3,0,0,0,0,0,0,1,0,0,1,0,0,0,0,0,0,0
2026-03-22T00:21:57Z,1978.431,6635,-5683.600098,-10093.5,1442,117.200005,-0.8,-3,0,0,0,0,0,0,1,0,0,1,0,0,0,0,0,0,0
2026-03-22T00:21:57Z,1978.678,6636,-5683.600098,-10093.5,1442,117.200005,-0.8,-3,0,0,0,0,0,0,1,0,0,1,0,0,0,0,0,0,0
2026-03-22T00:21:57Z,1978.939,6637,-5683.200195,-10093.5,1442,112.099998,-1.2,-2.8,0,0,0,0,0,0,0,0,0,0,0,0,0,0,0,0,0
2026-03-22T00:21:57Z,1979.195,6638,-5683.200195,-10093.5,1442,112.099998,-1.2,-2.8,0,0,0,0,0,0,0,0,0,0,0,0,0,0,0,0,0
2026-03-22T00:21:58Z,1979.433,6639,-5683.200195,-10093.5,1442,112.099998,-1.2,-2.8,0,0,0,0,0,0,0,0,0,0,0,0,0,0,0,0,0
2026-03-22T00:21:58Z,1979.671,6640,-5683.200195,-10093.5,1442,112.099998,-1.2,-2.8,0,0,0,0,0,0,0,0,0,0,0,0,0,0,0,0,0
2026-03-22T00:21:58Z,1979.910,6641,-5683.200195,-10093.5,1442,112.099998,-1.2,-2.8,0,0,0,0,0,0,0,0,0,0,0,0,0,0,0,0,0
2026-03-22T00:21:58Z,1980.158,6642,-5682.700195,-10093.600586,1442,105.700005,-1.7,-2.5,0,0,0,0,0,0,0,0,0,0,0,0,0,0,0,0,0
2026-03-22T00:21:59Z,1980.415,6643,-5682.700195,-10093.600586,1442,105.700005,-1.7,-2.5,0,0,0,0,0,0,0,0,0,0,0,0,0,0,0,0,0
2026-03-22T00:21:59Z,1980.672,6644,-5682.700195,-10093.600586,1442,105.700005,-1.7,-2.5,0,0,0,0,0,0,0,0,0,0,0,0,0,0,0,0,0
2026-03-22T00:21:59Z,1980.912,6645,-5682.200195,-10093.5,1442,99.900002,-2.1,-2.2,0,0,0,0,1,0,0,0,0,0,0,0,0,0,0,0,0
2026-03-22T00:21:59Z,1981.153,6646,-5682.200195,-10093.5,1442,99.900002,-2.1,-2.2,0,0,0,0,1,0,0,0,0,0,0,0,0,0,0,0,0
2026-03-22T00:22:00Z,1981.443,6647,-5682.200195,-10093.5,1442,99.900002,-2.1,-2.2,0,0,0,0,1,0,0,0,0,0,0,0,0,0,0,0,0
2026-03-22T00:22:00Z,1981.703,6648,-5682.200195,-10093.5,1442,99.900002,-2.1,-2.2,0,0,0,0,1,0,0,0,0,0,0,0,0,0,0,0,0
2026-03-22T00:22:00Z,1981.978,6649,-5681.5,-10093.400391,1441.900024,92.200005,-2.5,-1.8,0,1,1,0,0,0,0,0,0,0,0,0,0,0,0,1,1
2026-03-22T00:22:01Z,1982.482,6650,-5681.5,-10093.400391,1441.900024,92.200005,-2.5,-1.8,0,1,1,0,0,0,0,0,0,0,0,0,0,0,0,1,1
2026-03-22T00:22:01Z,1982.740,6651,-5681.5,-10093.400391,1441.900024,92.200005,-2.5,-1.8,0,1,1,0,0,0,0,0,0,0,0,0,0,0,0,1,1
2026-03-22T00:22:01Z,1983.067,6652,-5680.700195,-10093.200195,1441.900024,83.300003,-2.8,-1.1,0,1,1,0,0,1,1,0,0,0,0,0,0,0,0,0,1
2026-03-22T00:22:02Z,1983.317,6653,-5680.700195,-10093.200195,1441.900024,83.300003,-2.8,-1.1,0,1,1,0,0,1,1,0,0,0,0,0,0,0,0,0,1
2026-03-22T00:22:02Z,1983.666,6654,-5680.700195,-10093.200195,1441.900024,83.300003,-2.8,-1.1,0,1,1,0,0,1,1,0,0,0,0,0,0,0,0,0,1
2026-03-22T00:22:03Z,1984.301,6655,-5680.100098,-10092.900391,1441.800049,74.700005,-3,-0.4,0,1,1,0,0,1,1,0,0,0,0,0,0,1,1,0,1
2026-03-22T00:22:03Z,1984.551,6656,-5680.100098,-10092.900391,1441.800049,74.700005,-3,-0.4,0,1,1,0,0,1,1,0,0,0,0,0,0,1,1,0,1
2026-03-22T00:22:03Z,1984.809,6657,-5680.100098,-10092.900391,1441.800049,74.700005,-3,-0.4,0,1,1,0,0,1,1,0,0,0,0,0,0,1,1,0,1
2026-03-22T00:22:03Z,1985.085,6658,-5679.300293,-10092.299805,1441.800049,64.300003,-2.9,0.3,0,1,1,1,1,1,0,0,1,0,0,0,1,1,1,1,1
2026-03-22T00:22:04Z,1985.323,6659,-5679.300293,-10092.299805,1441.800049,64.300003,-2.9,0.3,0,1,1,1,1,1,0,0,1,0,0,0,1,1,1,1,1
2026-03-22T00:22:04Z,1985.576,6660,-5679.300293,-10092.299805,1441.800049,64.300003,-2.9,0.3,0,1,1,1,1,1,0,0,1,0,0,0,1,1,1,1,1
2026-03-22T00:22:04Z,1985.817,6661,-5679.300293,-10092.299805,1441.800049,64.300003,-2.9,0.3,0,1,1,1,1,1,0,0,1,0,0,0,1,1,1,1,1
2026-03-22T00:22:04Z,1986.060,6662,-5678.5,-10091.600586,1441.700073,52.5,-2.9,1,0,1,1,1,1,0,1,0,0,0,0,0,0,1,1,1,1
2026-03-22T00:22:05Z,1986.329,6663,-5678.5,-10091.600586,1441.700073,52.5,-2.9,1,0,1,1,1,1,0,1,0,0,0,0,0,0,1,1,1,1
2026-03-22T00:22:05Z,1986.573,6664,-5678.5,-10091.600586,1441.700073,52.5,-2.9,1,0,1,1,1,1,0,1,0,0,0,0,0,0,1,1,1,1
2026-03-22T00:22:05Z,1986.811,6665,-5678.5,-10091.600586,1441.700073,52.5,-2.9,1,0,1,1,1,1,0,1,0,0,0,0,0,0,1,1,1,1
2026-03-22T00:22:05Z,1987.055,6666,-5678.600098,-10091.5,1441.599976,61.299999,-2.7,-2.2,0,1,1,1,1,1,1,0,1,0,0,0,0,1,1,1,1
2026-03-22T00:22:06Z,1987.295,6667,-5678.600098,-10091.5,1441.599976,61.299999,-2.7,-2.2,0,1,1,1,1,1,1,0,1,0,0,0,0,1,1,1,1
2026-03-22T00:22:06Z,1987.536,6668,-5678.600098,-10091.5,1441.599976,61.299999,-2.7,-2.2,0,1,1,1,1,1,1,0,1,0,0,0,0,1,1,1,1
2026-03-22T00:22:06Z,1987.780,6669,-5678.600098,-10091.5,1441.599976,61.299999,-2.7,-2.2,0,1,1,1,1,1,1,0,1,0,0,0,0,1,1,1,1
2026-03-22T00:22:06Z,1988.017,6670,-5678.600098,-10091.400391,1441.700073,60.5,-3,0,0,1,1,1,1,1,1,0,1,0,0,0,0,1,1,1,1
2026-03-22T00:22:06Z,1988.263,6671,-5678.600098,-10091.400391,1441.700073,60.5,-3,0,0,1,1,1,1,1,1,0,1,0,0,0,0,1,1,1,1
2026-03-22T00:22:07Z,1988.502,6672,-5678.600098,-10091.400391,1441.700073,60.5,-3,0,0,1,1,1,1,1,1,0,1,0,0,0,0,1,1,1,1
2026-03-22T00:22:07Z,1988.743,6673,-5678.600098,-10091.400391,1441.700073,60.5,-3,0,0,1,1,1,1,1,1,0,1,0,0,0,0,1,1,1,1
2026-03-22T00:22:07Z,1988.993,6674,-5678.5,-10091.299805,1441.700073,59.900002,-2.7,-0.7,0,1,1,1,1,1,1,0,1,0,0,0,0,1,1,1,1
2026-03-22T00:22:07Z,1989.237,6675,-5678.5,-10091.299805,1441.700073,59.900002,-2.7,-0.7,0,1,1,1,1,1,1,0,1,0,0,0,0,1,1,1,1
2026-03-22T00:22:08Z,1989.476,6676,-5678.5,-10091.299805,1441.700073,59.900002,-2.7,-0.7,0,1,1,1,1,1,1,0,1,0,0,0,0,1,1,1,1
2026-03-22T00:22:08Z,1989.732,6677,-5678.5,-10091.299805,1441.700073,59.900002,-2.7,-0.7,0,1,1,1,1,1,1,0,1,0,0,0,0,1,1,1,1
2026-03-22T00:22:09Z,1990.360,6678,-5678.5,-10091.299805,1441.700073,60,-2.4,-0.7,0,1,1,1,1,1,1,0,1,0,0,0,0,1,1,1,1
2026-03-22T00:22:09Z,1991.242,6679,-5678.5,-10091.299805,1441.700073,60.100002,-2.8,-0.6,0,1,1,1,1,1,1,0,1,0,0,0,0,1,1,1,1
2026-03-22T00:22:10Z,1991.529,6680,-5678.5,-10091.299805,1441.700073,60.100002,-2.8,-0.6,0,1,1,1,1,1,1,0,1,0,0,0,0,1,1,1,1
2026-03-22T00:22:10Z,1991.846,6681,-5678.5,-10091.299805,1441.700073,60.100002,-2.5,-0.6,0,1,1,1,1,1,1,0,1,0,0,0,0,1,1,1,1
2026-03-22T00:22:10Z,1992.079,6682,-5678.5,-10091.299805,1441.700073,60.100002,-2.5,-0.6,0,1,1,1,1,1,1,0,1,0,0,0,0,1,1,1,1
2026-03-22T00:22:11Z,1992.337,6683,-5678.5,-10091.299805,1441.700073,60.100002,-2.5,-0.6,0,1,1,1,1,1,1,0,1,0,0,0,0,1,1,1,1
2026-03-22T00:22:11Z,1992.570,6684,-5678.5,-10091.299805,1441.700073,60.100002,-2.5,-0.6,0,1,1,1,1,1,1,0,1,0,0,0,0,1,1,1,1
2026-03-22T00:22:11Z,1992.808,6685,-5678.5,-10091.299805,1441.700073,60.100002,-2.5,-0.6,0,1,1,1,1,1,1,0,1,0,0,0,0,1,1,1,1
2026-03-22T00:22:11Z,1993.102,6686,-5678.5,-10091.299805,1441.700073,60.200001,-2.5,-0.7,0,1,1,1,1,1,1,0,1,0,0,0,0,1,1,1,1
2026-03-22T00:22:12Z,1993.445,6687,-5678.5,-10091.299805,1441.700073,60.200001,-2.5,-0.7,0,1,1,1,1,1,1,0,1,0,0,0,0,1,1,1,1
2026-03-22T00:22:12Z,1993.754,6688,-5678.5,-10091.299805,1441.700073,60.200001,-2.5,-0.7,0,1,1,1,1,1,1,0,1,0,0,0,0,1,1,1,1
2026-03-22T00:22:12Z,1994.008,6689,-5678.5,-10091.299805,1441.700073,60.299999,-2.6,-0.6,0,1,1,1,1,1,1,0,1,0,0,0,0,1,1,1,1
2026-03-22T00:22:12Z,1994.266,6690,-5678.5,-10091.299805,1441.700073,60.299999,-2.6,-0.6,0,1,1,1,1,1,1,0,1,0,0,0,0,1,1,1,1
2026-03-22T00:22:13Z,1994.512,6691,-5678.5,-10091.299805,1441.700073,60.299999,-2.6,-0.6,0,1,1,1,1,1,1,0,1,0,0,0,0,1,1,1,1
2026-03-22T00:22:13Z,1994.789,6692,-5678.5,-10091.299805,1441.700073,60.299999,-2.6,-0.6,0,1,1,1,1,1,1,0,1,0,0,0,0,1,1,1,1
2026-03-22T00:22:13Z,1995.029,6693,-5678.700195,-10091.400391,1441.700073,60.299999,-4.6,-0.4,0,1,1,1,1,1,1,0,1,0,0,0,0,1,1,1,1
2026-03-22T00:22:14Z,1995.301,6694,-5678.700195,-10091.400391,1441.700073,60.299999,-4.6,-0.4,0,1,1,1,1,1,1,0,1,0,0,0,0,1,1,1,1
2026-03-22T00:22:14Z,1995.553,6695,-5678.700195,-10091.400391,1441.700073,60.299999,-4.6,-0.4,0,1,1,1,1,1,1,0,1,0,0,0,0,1,1,1,1
2026-03-22T00:22:14Z,1995.788,6696,-5678.700195,-10091.400391,1441.700073,60.299999,-4.6,-0.4,0,1,1,1,1,1,1,0,1,0,0,0,0,1,1,1,1
2026-03-22T00:22:14Z,1996.063,6697,-5679.100098,-10091.600586,1441.700073,59.700001,-3.6,-0.5,0,1,1,1,1,1,1,0,1,0,0,0,0,1,1,1,1
2026-03-22T00:22:15Z,1996.315,6698,-5679.100098,-10091.600586,1441.700073,59.700001,-3.6,-0.5,0,1,1,1,1,1,1,0,1,0,0,0,0,1,1,1,1
2026-03-22T00:22:15Z,1996.574,6699,-5679.100098,-10091.600586,1441.700073,59.700001,-3.6,-0.5,0,1,1,1,1,1,1,0,1,0,0,0,0,1,1,1,1
2026-03-22T00:22:15Z,1996.814,6700,-5679.100098,-10091.600586,1441.700073,59.700001,-3.6,-0.5,0,1,1,1,1,1,1,0,1,0,0,0,0,1,1,1,1
2026-03-22T00:22:15Z,1997.085,6701,-5679.700195,-10092,1441.800049,58.600002,-4.1,-0.4,0,1,1,1,0,1,1,0,1,0,0,0,0,1,1,1,1
2026-03-22T00:22:16Z,1997.341,6702,-5679.700195,-10092,1441.800049,58.600002,-4.1,-0.4,0,1,1,1,0,1,1,0,1,0,0,0,0,1,1,1,1
2026-03-22T00:22:16Z,1997.632,6703,-5679.700195,-10092,1441.800049,58.600002,-4.1,-0.4,0,1,1,1,0,1,1,0,1,0,0,0,0,1,1,1,1
2026-03-22T00:22:16Z,1997.869,6704,-5679.700195,-10092,1441.800049,58.600002,-4.1,-0.4,0,1,1,1,0,1,1,0,1,0,0,0,0,1,1,1,1
2026-03-22T00:22:16Z,1998.144,6705,-5680.399902,-10092.400391,1441.800049,57.299999,-4.3,-0.2,0,1,1,1,0,1,0,0,1,0,0,0,0,1,1,0,0
2026-03-22T00:22:17Z,1998.384,6706,-5680.399902,-10092.400391,1441.800049,57.299999,-4.3,-0.2,0,1,1,1,0,1,0,0,1,0,0,0,0,1,1,0,0
2026-03-22T00:22:17Z,1998.624,6707,-5680.399902,-10092.400391,1441.800049,57.299999,-4.3,-0.2,0,1,1,1,0,1,0,0,1,0,0,0,0,1,1,0,0
2026-03-22T00:22:17Z,1998.874,6708,-5681.200195,-10092.900391,1441.900024,55.900002,-3.8,-0.1,0,1,1,0,0,1,1,0,1,0,0,0,1,1,1,0,0
2026-03-22T00:22:17Z,1999.119,6709,-5681.200195,-10092.900391,1441.900024,55.900002,-3.8,-0.1,0,1,1,0,0,1,1,0,1,0,0,0,1,1,1,0,0
2026-03-22T00:22:18Z,1999.385,6710,-5681.200195,-10092.900391,1441.900024,55.900002,-3.8,-0.1,0,1,1,0,0,1,1,0,1,0,0,0,1,1,1,0,0
2026-03-22T00:22:18Z,1999.633,6711,-5681.200195,-10092.900391,1441.900024,55.900002,-3.8,-0.1,0,1,1,0,0,1,1,0,1,0,0,0,1,1,1,0,0
2026-03-22T00:22:18Z,1999.873,6712,-5681.200195,-10092.900391,1441.900024,55.900002,-3.8,-0.1,0,1,1,0,0,1,1,0,1,0,0,0,1,1,1,0,0
2026-03-22T00:22:18Z,2000.113,6713,-5682.200195,-10093.5,1442,54.200001,-4.2,-0.1,0,0,1,1,0,0,1,0,0,0,0,0,0,0,1,0,0
2026-03-22T00:22:19Z,2000.354,6714,-5682.200195,-10093.5,1442,54.200001,-4.2,-0.1,0,0,1,1,0,0,1,0,0,0,0,0,0,0,1,0,0
2026-03-22T00:22:19Z,2000.610,6715,-5682.200195,-10093.5,1442,54.200001,-4.2,-0.1,0,0,1,1,0,0,1,0,0,0,0,0,0,0,1,0,0
2026-03-22T00:22:19Z,2000.855,6716,-5682.200195,-10093.5,1442,54.200001,-4.2,-0.1,0,0,1,1,0,0,1,0,0,0,0,0,0,0,1,0,0
2026-03-22T00:22:19Z,2001.107,6717,-5683.300293,-10094.200195,1442,52.200001,-4,-0.1,0,0,1,0,0,0,0,0,0,0,0,0,0,0,0,0,0
2026-03-22T00:22:20Z,2001.354,6718,-5683.300293,-10094.200195,1442,52.200001,-4,-0.1,0,0,1,0,0,0,0,0,0,0,0,0,0,0,0,0,0
2026-03-22T00:22:20Z,2001.600,6719,-5683.300293,-10094.200195,1442,52.200001,-4,-0.1,0,0,1,0,0,0,0,0,0,0,0,0,0,0,0,0,0
2026-03-22T00:22:25Z,2001.848,6720,-5683.300293,-10094.200195,1442,52.200001,-4,-0.1,0,0,1,0,0,0,0,0,0,0,0,0,0,0,0,0,0
2026-03-22T00:22:25Z,2007.161,6721,-5687.300293,-10097.400391,1442.300049,44.900002,-1.8,2,0,0,1,0,0,0,0,0,1,0,0,0,0,0,0,0,0
2026-03-22T00:22:26Z,2007.452,6722,-5687.300293,-10097.400391,1442.300049,44.900002,-1.8,2,0,0,1,0,0,0,0,0,1,0,0,0,0,0,0,0,0
2026-03-22T00:22:26Z,2007.733,6723,-5687.300293,-10097.400391,1442.300049,44.900002,-1.8,2,0,0,1,0,0,0,0,0,1,0,0,0,0,0,0,0,0
2026-03-22T00:22:26Z,2008.012,6724,-5687.200195,-10097.400391,1442.300049,44.900002,-0.6,2,0,0,1,0,0,0,0,0,1,0,0,0,0,0,0,0,0
2026-03-22T00:22:27Z,2008.274,6725,-5687.200195,-10097.400391,1442.300049,44.900002,-0.6,2,0,0,1,0,0,0,0,0,1,0,0,0,0,0,0,0,0
2026-03-22T00:22:27Z,2008.531,6726,-5687.200195,-10097.400391,1442.300049,44.900002,-0.6,2,0,0,1,0,0,0,0,0,1,0,0,0,0,0,0,0,0
2026-03-22T00:22:27Z,2008.804,6727,-5687.200195,-10097.400391,1442.300049,44.900002,-0.6,2,0,0,1,0,0,0,0,0,1,0,0,0,0,0,0,0,0
2026-03-22T00:22:27Z,2009.084,6728,-5687.200195,-10097.400391,1442.300049,44.200001,-1.1,2.1,0,0,1,0,0,0,0,0,1,0,0,0,0,0,0,0,0
2026-03-22T00:22:28Z,2009.403,6729,-5687.200195,-10097.400391,1442.300049,44.200001,-1.1,2.1,0,0,1,0,0,0,0,0,1,0,0,0,0,0,0,0,0
2026-03-22T00:22:28Z,2009.667,6730,-5687.200195,-10097.400391,1442.300049,44.200001,-1.1,2.1,0,0,1,0,0,0,0,0,1,0,0,0,0,0,0,0,0
2026-03-22T00:22:28Z,2009.935,6731,-5687.200195,-10097.200195,1442.300049,42.700001,-0.9,2.1,0,0,1,0,0,0,0,0,1,0,0,0,0,0,0,0,0
2026-03-22T00:22:28Z,2010.195,6732,-5687.200195,-10097.200195,1442.300049,42.700001,-0.9,2.1,0,0,1,0,0,0,0,0,1,0,0,0,0,0,0,0,0
2026-03-22T00:22:29Z,2010.453,6733,-5687.200195,-10097.200195,1442.300049,42.700001,-0.9,2.1,0,0,1,0,0,0,0,0,1,0,0,0,0,0,0,0,0
2026-03-22T00:22:29Z,2010.711,6734,-5687.200195,-10097.200195,1442.300049,42.700001,-0.9,2.1,0,0,1,0,0,0,0,0,1,0,0,0,0,0,0,0,0
2026-03-22T00:22:29Z,2010.998,6735,-5687.100098,-10097.100586,1442.300049,40.700001,-1,2,0,0,1,0,0,0,0,0,1,0,0,0,0,0,0,0,0
2026-03-22T00:22:29Z,2011.263,6736,-5687.100098,-10097.100586,1442.300049,40.700001,-1,2,0,0,1,0,0,0,0,0,1,0,0,0,0,0,0,0,0
2026-03-22T00:22:30Z,2011.526,6737,-5687.100098,-10097.100586,1442.300049,40.700001,-1,2,0,0,1,0,0,0,0,0,1,0,0,0,0,0,0,0,0
2026-03-22T00:22:30Z,2011.796,6738,-5687.100098,-10097.100586,1442.300049,40.700001,-1,2,0,0,1,0,0,0,0,0,1,0,0,0,0,0,0,0,0
2026-03-22T00:22:30Z,2012.065,6739,-5687,-10096.900391,1442.300049,38.400002,-1,2,0,0,0,0,0,0,0,0,0,0,0,0,0,0,0,0,0
2026-03-22T00:22:31Z,2012.328,6740,-5687,-10096.900391,1442.300049,38.400002,-1,2,0,0,0,0,0,0,0,0,0,0,0,0,0,0,0,0,0
2026-03-22T00:22:31Z,2012.604,6741,-5687,-10096.900391,1442.300049,38.400002,-1,2,0,0,0,0,0,0,0,0,0,0,0,0,0,0,0,0,0
2026-03-22T00:22:31Z,2012.888,6742,-5687,-10096.900391,1442.300049,38.400002,-1,2,0,0,0,0,0,0,0,0,0,0,0,0,0,0,0,0,0
2026-03-22T00:22:32Z,2013.193,6743,-5686.800293,-10096.600586,1442.300049,35.700001,-1,2,0,0,0,0,0,0,0,0,0,0,0,0,0,0,0,0,0
2026-03-22T00:22:32Z,2013.558,6744,-5686.800293,-10096.600586,1442.300049,35.700001,-1,2,0,0,0,0,0,0,0,0,0,0,0,0,0,0,0,0,0
2026-03-22T00:22:32Z,2013.848,6745,-5686.800293,-10096.600586,1442.300049,35.700001,-1,2,0,0,0,0,0,0,0,0,0,0,0,0,0,0,0,0,0
2026-03-22T00:22:32Z,2014.128,6746,-5686.600098,-10096.100586,1442.300049,32.400002,-1,2,0,0,0,0,0,0,0,0,0,0,0,0,0,0,0,0,0
2026-03-22T00:22:33Z,2014.444,6747,-5686.600098,-10096.100586,1442.300049,32.400002,-1,2,0,0,0,0,0,0,0,0,0,0,0,0,0,0,0,0,0
2026-03-22T00:22:33Z,2014.708,6748,-5686.600098,-10096.100586,1442.300049,32.400002,-1,2,0,0,0,0,0,0,0,0,0,0,0,0,0,0,0,0,0
2026-03-22T00:22:33Z,2014.981,6749,-5686.399902,-10095.700195,1442.200073,30.200001,-1.4,2,0,0,0,0,0,0,0,0,0,0,0,0,1,0,0,0,0
2026-03-22T00:22:34Z,2015.275,6750,-5686.399902,-10095.700195,1442.200073,30.200001,-1.4,2,0,0,0,0,0,0,0,0,0,0,0,0,1,0,0,0,0
2026-03-22T00:22:34Z,2016.009,6751,-5686.100098,-10095.100586,1442.200073,28.5,-1.8,2.1,0,0,0,0,0,0,0,0,0,0,0,0,0,0,0,0,0
2026-03-22T00:22:35Z,2016.255,6752,-5686.100098,-10095.100586,1442.200073,28.5,-1.8,2.1,0,0,0,0,0,0,0,0,0,0,0,0,0,0,0,0,0
2026-03-22T00:22:35Z,2016.572,6753,-5686.100098,-10095.100586,1442.200073,28.5,-1.8,2.1,0,0,0,0,0,0,0,0,0,0,0,0,0,0,0,0,0
2026-03-22T00:22:36Z,2017.107,6754,-5685.800293,-10094.5,1442.200073,27.800001,-2.1,1.6,0,0,0,0,0,0,0,0,0,0,0,0,0,0,0,0,0
2026-03-22T00:22:36Z,2017.955,6755,-5685.399902,-10093.700195,1442.099976,27.6,-2.4,1.2,0,0,0,0,0,0,0,0,0,0,0,0,0,0,0,0,0
2026-03-22T00:22:36Z,2018.257,6756,-5685.399902,-10093.700195,1442.099976,27.6,-2.4,1.2,0,0,0,0,0,0,0,0,0,0,0,0,0,0,0,0,0
2026-03-22T00:22:37Z,2018.509,6757,-5685.399902,-10093.700195,1442.099976,27.6,-2.4,1.2,0,0,0,0,0,0,0,0,0,0,0,0,0,0,0,0,0
2026-03-22T00:22:37Z,2018.753,6758,-5685.399902,-10093.700195,1442.099976,27.6,-2.4,1.2,0,0,0,0,0,0,0,0,0,0,0,0,0,0,0,0,0
2026-03-22T00:22:37Z,2019.007,6759,-5685,-10092.900391,1442.099976,28.300001,-2.4,1,0,0,0,0,0,0,0,0,0,0,0,0,0,0,0,0,0
2026-03-22T00:22:38Z,2019.277,6760,-5685,-10092.900391,1442.099976,28.300001,-2.4,1,0,0,0,0,0,0,0,0,0,0,0,0,0,0,0,0,0
2026-03-22T00:22:38Z,2019.531,6761,-5685,-10092.900391,1442.099976,28.300001,-2.4,1,0,0,0,0,0,0,0,0,0,0,0,0,0,0,0,0,0
2026-03-22T00:22:38Z,2019.783,6762,-5685,-10092.900391,1442.099976,28.300001,-2.4,1,0,0,0,0,0,0,0,0,0,0,0,0,0,0,0,0,0
2026-03-22T00:22:38Z,2020.047,6763,-5684.399902,-10091.799805,1442,29,-2.3,1.3,0,0,0,0,0,0,0,0,0,0,0,0,0,0,0,0,0
2026-03-22T00:22:39Z,2020.301,6764,-5684.399902,-10091.799805,1442,29,-2.3,1.3,0,0,0,0,0,0,0,0,0,0,0,0,0,0,0,0,0
2026-03-22T00:22:39Z,2020.562,6765,-5684.399902,-10091.799805,1442,29,-2.3,1.3,0,0,0,0,0,0,0,0,0,0,0,0,0,0,0,0,0
2026-03-22T00:22:39Z,2020.808,6766,-5684.399902,-10091.799805,1442,29,-2.3,1.3,0,0,0,0,0,0,0,0,0,0,0,0,0,0,0,0,0
2026-03-22T00:22:39Z,2021.054,6767,-5683.800293,-10090.799805,1441.900024,29,-2.9,1.2,0,0,0,0,0,0,0,0,0,0,0,0,0,0,0,0,0
2026-03-22T00:22:40Z,2021.299,6768,-5683.800293,-10090.799805,1441.900024,29,-2.9,1.2,0,0,0,0,0,0,0,0,0,0,0,0,0,0,0,0,0
2026-03-22T00:22:40Z,2021.543,6769,-5683.800293,-10090.799805,1441.900024,29,-2.9,1.2,0,0,0,0,0,0,0,0,0,0,0,0,0,0,0,0,0
2026-03-22T00:22:40Z,2021.787,6770,-5683.800293,-10090.799805,1441.900024,29,-2.9,1.2,0,0,0,0,0,0,0,0,0,0,0,0,0,0,0,0,0
2026-03-22T00:22:40Z,2022.049,6771,-5683.200195,-10089.700195,1441.800049,28.300001,-3.8,1.4,0,0,0,0,0,0,0,0,0,0,0,0,0,0,0,0,0
2026-03-22T00:22:41Z,2022.302,6772,-5683.200195,-10089.700195,1441.800049,28.300001,-3.8,1.4,0,0,0,0,0,0,0,0,0,0,0,0,0,0,0,0,0
2026-03-22T00:22:41Z,2022.563,6773,-5683.200195,-10089.700195,1441.800049,28.300001,-3.8,1.4,0,0,0,0,0,0,0,0,0,0,0,0,0,0,0,0,0
2026-03-22T00:22:41Z,2022.808,6774,-5683.200195,-10089.700195,1441.800049,28.300001,-3.8,1.4,0,0,0,0,0,0,0,0,0,0,0,0,0,0,0,0,0
2026-03-22T00:22:41Z,2023.071,6775,-5682.700195,-10088.600586,1441.700073,26.200001,-3.3,1.6,0,0,0,0,0,0,0,0,0,0,0,0,0,0,0,0,0
2026-03-22T00:22:42Z,2023.334,6776,-5682.700195,-10088.600586,1441.700073,26.200001,-3.3,1.6,0,0,0,0,0,0,0,0,0,0,0,0,0,0,0,0,0
2026-03-22T00:22:42Z,2023.578,6777,-5682.700195,-10088.600586,1441.700073,26.200001,-3.3,1.6,0,0,0,0,0,0,0,0,0,0,0,0,0,0,0,0,0
2026-03-22T00:22:42Z,2023.832,6778,-5682.700195,-10088.600586,1441.700073,26.200001,-3.3,1.6,0,0,0,0,0,0,0,0,0,0,0,0,0,0,0,0,0
2026-03-22T00:22:42Z,2024.076,6779,-5682.300293,-10087.400391,1441.700073,21.5,-3.3,2.2,0,0,0,0,0,0,0,0,1,0,0,0,1,0,0,0,0
2026-03-22T00:22:43Z,2024.332,6780,-5682.300293,-10087.400391,1441.700073,21.5,-3.3,2.2,0,0,0,0,0,0,0,0,1,0,0,0,1,0,0,0,0
2026-03-22T00:22:43Z,2024.574,6781,-5682.300293,-10087.400391,1441.700073,21.5,-3.3,2.2,0,0,0,0,0,0,0,0,1,0,0,0,1,0,0,0,0
2026-03-22T00:22:43Z,2024.828,6782,-5682.300293,-10087.400391,1441.700073,21.5,-3.3,2.2,0,0,0,0,0,0,0,0,1,0,0,0,1,0,0,0,0
2026-03-22T00:22:43Z,2025.075,6783,-5682,-10086.200195,1441.599976,16.300001,-3.4,2.3,0,0,0,0,0,0,0,0,1,0,0,0,0,0,0,0,0
2026-03-22T00:22:44Z,2025.348,6784,-5682,-10086.200195,1441.599976,16.300001,-3.4,2.3,0,0,0,0,0,0,0,0,1,0,0,0,0,0,0,0,0
2026-03-22T00:22:44Z,2025.588,6785,-5682,-10086.200195,1441.599976,16.300001,-3.4,2.3,0,0,0,0,0,0,0,0,1,0,0,0,0,0,0,0,0
2026-03-22T00:22:44Z,2025.826,6786,-5682,-10086.200195,1441.599976,16.300001,-3.4,2.3,0,0,0,0,0,0,0,0,1,0,0,0,0,0,0,0,0
2026-03-22T00:22:44Z,2026.072,6787,-5681.700195,-10085.100586,1441.5,14.6,-3.1,1.6,0,0,0,0,0,0,0,0,1,0,0,0,0,0,1,0,0
2026-03-22T00:22:45Z,2026.309,6788,-5681.700195,-10085.100586,1441.5,14.6,-3.1,1.6,0,0,0,0,0,0,0,0,1,0,0,0,0,0,1,0,0
2026-03-22T00:22:45Z,2026.550,6789,-5681.700195,-10085.100586,1441.5,14.6,-3.1,1.6,0,0,0,0,0,0,0,0,1,0,0,0,0,0,1,0,0
2026-03-22T00:22:45Z,2026.837,6790,-5681.700195,-10085.100586,1441.5,14.6,-3.1,1.6,0,0,0,0,0,0,0,0,1,0,0,0,0,0,1,0,0
2026-03-22T00:22:45Z,2027.074,6791,-5681.399902,-10083.900391,1441.400024,14.7,-3.1,1.8,0,0,0,0,0,0,0,0,1,0,0,0,1,0,1,0,1
2026-03-22T00:22:46Z,2027.329,6792,-5681.399902,-10083.900391,1441.400024,14.7,-3.1,1.8,0,0,0,0,0,0,0,0,1,0,0,0,1,0,1,0,1
2026-03-22T00:22:46Z,2027.576,6793,-5681.399902,-10083.900391,1441.400024,14.7,-3.1,1.8,0,0,0,0,0,0,0,0,1,0,0,0,1,0,1,0,1
2026-03-22T00:22:46Z,2027.817,6794,-5681.399902,-10083.900391,1441.400024,14.7,-3.1,1.8,0,0,0,0,0,0,0,0,1,0,0,0,1,0,1,0,1
2026-03-22T00:22:46Z,2028.057,6795,-5681,-10082.700195,1441.300049,15.1,-3.2,2,0,0,0,0,0,0,0,0,0,0,0,0,1,0,1,0,1
2026-03-22T00:22:47Z,2028.321,6796,-5681,-10082.700195,1441.300049,15.1,-3.2,2,0,0,0,0,0,0,0,0,0,0,0,0,1,0,1,0,1
2026-03-22T00:22:47Z,2028.560,6797,-5681,-10082.700195,1441.300049,15.1,-3.2,2,0,0,0,0,0,0,0,0,0,0,0,0,1,0,1,0,1
2026-03-22T00:22:47Z,2028.801,6798,-5681,-10082.700195,1441.300049,15.1,-3.2,2,0,0,0,0,0,0,0,0,0,0,0,0,1,0,1,0,1
2026-03-22T00:22:47Z,2029.051,6799,-5680.600098,-10081.5,1441.200073,18.800001,-3.4,0.5,0,0,0,0,0,0,0,0,0,0,0,0,1,0,0,0,0
2026-03-22T00:22:48Z,2029.298,6800,-5680.600098,-10081.5,1441.200073,18.800001,-3.4,0.5,0,0,0,0,0,0,0,0,0,0,0,0,1,0,0,0,0
2026-03-22T00:22:48Z,2029.533,6801,-5680.600098,-10081.5,1441.200073,18.800001,-3.4,0.5,0,0,0,0,0,0,0,0,0,0,0,0,1,0,0,0,0
2026-03-22T00:22:48Z,2029.769,6802,-5680.600098,-10081.5,1441.200073,18.800001,-3.4,0.5,0,0,0,0,0,0,0,0,0,0,0,0,1,0,0,0,0
2026-03-22T00:22:48Z,2030.010,6803,-5680,-10080.299805,1441.099976,26.200001,-4,-0.2,0,0,0,0,0,0,0,0,0,0,0,0,1,0,0,0,0
2026-03-22T00:22:48Z,2030.241,6804,-5680,-10080.299805,1441.099976,26.200001,-4,-0.2,0,0,0,0,0,0,0,0,0,0,0,0,1,0,0,0,0
2026-03-22T00:22:49Z,2030.481,6805,-5680,-10080.299805,1441.099976,26.200001,-4,-0.2,0,0,0,0,0,0,0,0,0,0,0,0,1,0,0,0,0
2026-03-22T00:22:49Z,2030.718,6806,-5680,-10080.299805,1441.099976,26.200001,-4,-0.2,0,0,0,0,0,0,0,0,0,0,0,0,1,0,0,0,0
2026-03-22T00:22:49Z,2030.952,6807,-5679.100098,-10079.400391,1441,36.700001,-4.4,-1.2,0,0,0,0,0,0,0,0,0,0,0,0,0,0,0,0,0
2026-03-22T00:22:49Z,2031.186,6808,-5679.100098,-10079.400391,1441,36.700001,-4.4,-1.2,0,0,0,0,0,0,0,0,0,0,0,0,0,0,0,0,0
2026-03-22T00:22:50Z,2031.427,6809,-5679.100098,-10079.400391,1441,36.700001,-4.4,-1.2,0,0,0,0,0,0,0,0,0,0,0,0,0,0,0,0,0
2026-03-22T00:22:50Z,2031.668,6810,-5679.100098,-10079.400391,1441,36.700001,-4.4,-1.2,0,0,0,0,0,0,0,0,0,0,0,0,0,0,0,0,0
2026-03-22T00:22:50Z,2031.902,6811,-5679.100098,-10079.400391,1441,36.700001,-4.4,-1.2,0,0,0,0,0,0,0,0,0,0,0,0,0,0,0,0,0
2026-03-22T00:22:50Z,2032.195,6812,-5678.200195,-10078.600586,1440.900024,47.5,-4.1,-2.2,0,0,0,0,0,0,0,0,0,0,0,0,0,0,0,0,0
2026-03-22T00:22:51Z,2032.422,6813,-5678.200195,-10078.600586,1440.900024,47.5,-4.1,-2.2,0,0,0,0,0,0,0,0,0,0,0,0,0,0,0,0,0
2026-03-22T00:22:51Z,2032.656,6814,-5678.200195,-10078.600586,1440.900024,47.5,-4.1,-2.2,0,0,0,0,0,0,0,0,0,0,0,0,0,0,0,0,0
2026-03-22T00:22:51Z,2032.902,6815,-5677.100098,-10078.100586,1440.800049,58.299999,-3.8,-3,0,0,0,0,0,0,0,0,0,0,0,0,0,0,0,0,0
2026-03-22T00:22:51Z,2033.174,6816,-5677.100098,-10078.100586,1440.800049,58.299999,-3.8,-3,0,0,0,0,0,0,0,0,0,0,0,0,0,0,0,0,0
2026-03-22T00:22:52Z,2033.419,6817,-5677.100098,-10078.100586,1440.800049,58.299999,-3.8,-3,0,0,0,0,0,0,0,0,0,0,0,0,0,0,0,0,0
2026-03-22T00:22:52Z,2033.656,6818,-5677.100098,-10078.100586,1440.800049,58.299999,-3.8,-3,0,0,0,0,0,0,0,0,0,0,0,0,0,0,0,0,0
2026-03-22T00:22:52Z,2033.894,6819,-5677.100098,-10078.100586,1440.800049,58.299999,-3.8,-3,0,0,0,0,0,0,0,0,0,0,0,0,0,0,0,0,0
2026-03-22T00:22:52Z,2034.129,6820,-5675.800293,-10077.700195,1440.700073,71.099998,-3.6,-4.1,0,0,0,0,0,0,0,0,0,0,0,0,0,0,0,0,0
2026-03-22T00:22:53Z,2034.365,6821,-5675.800293,-10077.700195,1440.700073,71.099998,-3.6,-4.1,0,0,0,0,0,0,0,0,0,0,0,0,0,0,0,0,0
2026-03-22T00:22:53Z,2034.600,6822,-5675.800293,-10077.700195,1440.700073,71.099998,-3.6,-4.1,0,0,0,0,0,0,0,0,0,0,0,0,0,0,0,0,0
2026-03-22T00:22:53Z,2034.831,6823,-5675.800293,-10077.700195,1440.700073,71.099998,-3.6,-4.1,0,0,0,0,0,0,0,0,0,0,0,0,0,0,0,0,0
2026-03-22T00:22:53Z,2035.069,6824,-5674.600098,-10077.700195,1440.700073,83.400002,-2.9,-5,0,0,0,0,0,0,0,0,0,0,0,0,0,0,0,0,0
2026-03-22T00:22:53Z,2035.295,6825,-5674.600098,-10077.700195,1440.700073,83.400002,-2.9,-5,0,0,0,0,0,0,0,0,0,0,0,0,0,0,0,0,0
2026-03-22T00:22:54Z,2035.527,6826,-5674.600098,-10077.700195,1440.700073,83.400002,-2.9,-5,0,0,0,0,0,0,0,0,0,0,0,0,0,0,0,0,0
2026-03-22T00:22:54Z,2035.755,6827,-5674.600098,-10077.700195,1440.700073,83.400002,-2.9,-5,0,0,0,0,0,0,0,0,0,0,0,0,0,0,0,0,0
2026-03-22T00:22:54Z,2035.997,6828,-5673.300293,-10077.900391,1440.599976,95.400002,-1.7,-5.5,0,0,0,0,0,0,0,0,0,0,0,0,0,0,0,0,0
2026-03-22T00:22:54Z,2036.232,6829,-5673.300293,-10077.900391,1440.599976,95.400002,-1.7,-5.5,0,0,0,0,0,0,0,0,0,0,0,0,0,0,0,0,0
2026-03-22T00:22:55Z,2036.467,6830,-5673.300293,-10077.900391,1440.599976,95.400002,-1.7,-5.5,0,0,0,0,0,0,0,0,0,0,0,0,0,0,0,0,0
2026-03-22T00:22:55Z,2036.709,6831,-5673.300293,-10077.900391,1440.599976,95.400002,-1.7,-5.5,0,0,0,0,0,0,0,0,0,0,0,0,0,0,0,0,0
2026-03-22T00:22:55Z,2036.956,6832,-5672.300293,-10078.299805,1440.599976,105.5,-0.9,-5.5,0,0,0,0,0,0,0,0,0,0,0,0,0,0,0,0,0
2026-03-22T00:22:55Z,2037.209,6833,-5672.300293,-10078.299805,1440.599976,105.5,-0.9,-5.5,0,0,0,0,0,0,0,0,0,0,0,0,0,0,0,0,0
2026-03-22T00:22:56Z,2037.451,6834,-5672.300293,-10078.299805,1440.599976,105.5,-0.9,-5.5,0,0,0,0,0,0,0,0,0,0,0,0,0,0,0,0,0
2026-03-22T00:22:56Z,2037.686,6835,-5672.300293,-10078.299805,1440.599976,105.5,-0.9,-5.5,0,0,0,0,0,0,0,0,0,0,0,0,0,0,0,0,0
2026-03-22T00:22:56Z,2037.914,6836,-5672.300293,-10078.299805,1440.599976,105.5,-0.9,-5.5,0,0,0,0,0,0,0,0,0,0,0,0,0,0,0,0,0
2026-03-22T00:22:56Z,2038.154,6837,-5671.200195,-10078.799805,1440.599976,115.599998,-0.4,-5.7,0,0,0,0,0,0,0,0,0,0,0,0,0,0,0,0,0
2026-03-22T00:22:57Z,2038.372,6838,-5671.200195,-10078.799805,1440.599976,115.599998,-0.4,-5.7,0,0,0,0,0,0,0,0,0,0,0,0,0,0,0,0,0
2026-03-22T00:22:57Z,2038.619,6839,-5671.200195,-10078.799805,1440.599976,115.599998,-0.4,-5.7,0,0,0,0,0,0,0,0,0,0,0,0,0,0,0,0,0
2026-03-22T00:22:57Z,2038.858,6840,-5671.200195,-10078.799805,1440.599976,115.599998,-0.4,-5.7,0,0,0,0,0,0,0,0,0,0,0,0,0,0,0,0,0
2026-03-22T00:22:57Z,2039.085,6841,-5670.399902,-10079.5,1440.599976,125.099998,0.1,-5.9,0,0,0,0,0,0,0,0,0,0,0,0,0,0,0,0,0
2026-03-22T00:22:58Z,2039.315,6842,-5670.399902,-10079.5,1440.599976,125.099998,0.1,-5.9,0,0,0,0,0,0,0,0,0,0,0,0,0,0,0,0,0
2026-03-22T00:22:58Z,2039.555,6843,-5670.399902,-10079.5,1440.599976,125.099998,0.1,-5.9,0,0,0,0,0,0,0,0,0,0,0,0,0,0,0,0,0
2026-03-22T00:22:58Z,2039.789,6844,-5670.399902,-10079.5,1440.599976,125.099998,0.1,-5.9,0,0,0,0,0,0,0,0,0,0,0,0,0,0,0,0,0
2026-03-22T00:22:58Z,2040.021,6845,-5669.700195,-10080.400391,1440.599976,135.900009,0.9,-5.6,0,0,0,0,0,0,0,0,0,0,0,0,0,0,0,0,0
2026-03-22T00:22:58Z,2040.242,6846,-5669.700195,-10080.400391,1440.599976,135.900009,0.9,-5.6,0,0,0,0,0,0,0,0,0,0,0,0,0,0,0,0,0
2026-03-22T00:22:59Z,2040.476,6847,-5669.700195,-10080.400391,1440.599976,135.900009,0.9,-5.6,0,0,0,0,0,0,0,0,0,0,0,0,0,0,0,0,0
2026-03-22T00:22:59Z,2040.709,6848,-5669.700195,-10080.400391,1440.599976,135.900009,0.9,-5.6,0,0,0,0,0,0,0,0,0,0,0,0,0,0,0,0,0
2026-03-22T00:22:59Z,2040.935,6849,-5669.700195,-10080.400391,1440.599976,135.900009,0.9,-5.6,0,0,0,0,0,0,0,0,0,0,0,0,0,0,0,0,0
2026-03-22T00:22:59Z,2041.224,6850,-5669.200195,-10081.299805,1440.700073,144.600006,1.8,-5,0,0,0,0,0,0,0,0,0,0,0,0,0,0,0,0,0
2026-03-22T00:23:00Z,2041.451,6851,-5669.200195,-10081.299805,1440.700073,144.600006,1.8,-5,0,0,0,0,0,0,0,0,0,0,0,0,0,0,0,0,0
2026-03-22T00:23:00Z,2041.698,6852,-5669.200195,-10081.299805,1440.700073,144.600006,1.8,-5,0,0,0,0,0,0,0,0,0,0,0,0,0,0,0,0,0
2026-03-22T00:23:00Z,2041.963,6853,-5668.800293,-10082.200195,1440.700073,153,2.1,-4.6,0,0,0,0,0,0,0,0,0,0,0,0,0,0,0,0,0
2026-03-22T00:23:00Z,2042.198,6854,-5668.800293,-10082.200195,1440.700073,153,2.1,-4.6,0,0,0,0,0,0,0,0,0,0,0,0,0,0,0,0,0
2026-03-22T00:23:01Z,2042.440,6855,-5668.800293,-10082.200195,1440.700073,153,2.1,-4.6,0,0,0,0,0,0,0,0,0,0,0,0,0,0,0,0,0
2026-03-22T00:23:01Z,2042.673,6856,-5668.800293,-10082.200195,1440.700073,153,2.1,-4.6,0,0,0,0,0,0,0,0,0,0,0,0,0,0,0,0,0
2026-03-22T00:23:01Z,2042.910,6857,-5668.800293,-10082.200195,1440.700073,153,2.1,-4.6,0,0,0,0,0,0,0,0,0,0,0,0,0,0,0,0,0
2026-03-22T00:23:01Z,2043.133,6858,-5668.5,-10083.400391,1440.800049,163.199997,2.2,-4.4,0,0,0,0,0,0,0,0,0,0,0,0,0,0,0,0,0
2026-03-22T00:23:02Z,2043.357,6859,-5668.5,-10083.400391,1440.800049,163.199997,2.2,-4.4,0,0,0,0,0,0,0,0,0,0,0,0,0,0,0,0,0
2026-03-22T00:23:02Z,2043.588,6860,-5668.5,-10083.400391,1440.800049,163.199997,2.2,-4.4,0,0,0,0,0,0,0,0,0,0,0,0,0,0,0,0,0
2026-03-22T00:23:02Z,2043.835,6861,-5668.5,-10083.400391,1440.800049,163.199997,2.2,-4.4,0,0,0,0,0,0,0,0,0,0,0,0,0,0,0,0,0
2026-03-22T00:23:02Z,2044.068,6862,-5668,-10083.700195,1440.800049,165.699997,1.4,-2.2,0,0,0,0,0,0,0,0,0,0,0,0,0,0,0,0,0
2026-03-22T00:23:02Z,2044.292,6863,-5668,-10083.700195,1440.800049,165.699997,1.4,-2.2,0,0,0,0,0,0,0,0,0,0,0,0,0,0,0,0,0
2026-03-22T00:23:03Z,2044.528,6864,-5668,-10083.700195,1440.800049,165.699997,1.4,-2.2,0,0,0,0,0,0,0,0,0,0,0,0,0,0,0,0,0
2026-03-22T00:23:03Z,2044.764,6865,-5668,-10083.700195,1440.800049,165.699997,1.4,-2.2,0,0,0,0,0,0,0,0,0,0,0,0,0,0,0,0,0
2026-03-22T00:23:03Z,2045.001,6866,-5668,-10083.700195,1440.800049,165.699997,1.4,-2.2,0,0,0,0,0,0,0,0,0,0,0,0,0,0,0,0,0
2026-03-22T00:23:03Z,2045.237,6867,-5667.700195,-10084.100586,1440.800049,167.400009,2.1,-3.9,0,0,0,0,0,0,0,0,0,0,0,0,0,0,0,0,0
2026-03-22T00:23:04Z,2045.470,6868,-5667.700195,-10084.100586,1440.800049,167.400009,2.1,-3.9,0,0,0,0,0,0,0,0,0,0,0,0,0,0,0,0,0
2026-03-22T00:23:04Z,2045.703,6869,-5667.700195,-10084.100586,1440.800049,167.400009,2.1,-3.9,0,0,0,0,0,0,0,0,0,0,0,0,0,0,0,0,0
2026-03-22T00:23:04Z,2045.941,6870,-5667.5,-10084.5,1440.800049,166.900009,2.5,-5.4,0,0,0,0,0,0,0,0,0,0,0,0,0,0,0,0,0
2026-03-22T00:23:04Z,2046.167,6871,-5667.5,-10084.5,1440.800049,166.900009,2.5,-5.4,0,0,0,0,0,0,0,0,0,0,0,0,0,0,0,0,0
2026-03-22T00:23:05Z,2046.394,6872,-5667.5,-10084.5,1440.800049,166.900009,2.5,-5.4,0,0,0,0,0,0,0,0,0,0,0,0,0,0,0,0,0
2026-03-22T00:23:05Z,2046.632,6873,-5667.5,-10084.5,1440.800049,166.900009,2.5,-5.4,0,0,0,0,0,0,0,0,0,0,0,0,0,0,0,0,0
2026-03-22T00:23:05Z,2046.863,6874,-5667.5,-10084.5,1440.800049,166.900009,2.5,-5.4,0,0,0,0,0,0,0,0,0,0,0,0,0,0,0,0,0
2026-03-22T00:23:05Z,2047.092,6875,-5667.399902,-10084.700195,1440.800049,167.5,2.5,-4.1,0,0,0,0,0,0,0,0,0,0,0,0,0,0,0,0,0
2026-03-22T00:23:06Z,2047.331,6876,-5667.399902,-10084.700195,1440.800049,167.5,2.5,-4.1,0,0,0,0,0,0,0,0,0,0,0,0,0,0,0,0,0
2026-03-22T00:23:06Z,2047.564,6877,-5667.399902,-10084.700195,1440.800049,167.5,2.5,-4.1,0,0,0,0,0,0,0,0,0,0,0,0,0,0,0,0,0
2026-03-22T00:23:06Z,2047.798,6878,-5667.399902,-10084.700195,1440.800049,167.5,2.5,-4.1,0,0,0,0,0,0,0,0,0,0,0,0,0,0,0,0,0
2026-03-22T00:23:06Z,2048.043,6879,-5667.399902,-10084.700195,1440.800049,167.900009,2.2,-2.8,0,0,0,0,0,0,0,0,0,0,0,0,0,0,0,0,0
2026-03-22T00:23:07Z,2048.287,6880,-5667.399902,-10084.700195,1440.800049,167.900009,2.2,-2.8,0,0,0,0,0,0,0,0,0,0,0,0,0,0,0,0,0
2026-03-22T00:23:07Z,2048.531,6881,-5667.399902,-10084.700195,1440.800049,167.900009,2.2,-2.8,0,0,0,0,0,0,0,0,0,0,0,0,0,0,0,0,0
2026-03-22T00:23:07Z,2048.767,6882,-5667.399902,-10084.700195,1440.800049,167.900009,2.2,-2.8,0,0,0,0,0,0,0,0,0,0,0,0,0,0,0,0,0
2026-03-22T00:23:07Z,2049.001,6883,-5667.399902,-10084.700195,1440.800049,167.900009,2.2,-2.8,0,0,0,0,0,0,0,0,0,0,0,0,0,0,0,0,0
2026-03-22T00:23:07Z,2049.273,6884,-5667.399902,-10084.700195,1440.800049,168,2.3,-2.6,0,0,0,0,0,0,0,0,0,0,0,0,0,0,0,0,0
2026-03-22T00:23:08Z,2049.510,6885,-5667.399902,-10084.700195,1440.800049,168,2.3,-2.6,0,0,0,0,0,0,0,0,0,0,0,0,0,0,0,0,0
2026-03-22T00:23:08Z,2049.748,6886,-5667.399902,-10084.700195,1440.800049,168,2.3,-2.6,0,0,0,0,0,0,0,0,0,0,0,0,0,0,0,0,0
2026-03-22T00:23:08Z,2049.987,6887,-5667.399902,-10084.700195,1440.800049,168.100006,2.7,-3,0,0,0,0,0,0,0,0,0,0,0,0,0,0,0,0,0
2026-03-22T00:23:08Z,2050.218,6888,-5667.399902,-10084.700195,1440.800049,168.100006,2.7,-3,0,0,0,0,0,0,0,0,0,0,0,0,0,0,0,0,0
2026-03-22T00:23:09Z,2050.445,6889,-5667.399902,-10084.700195,1440.800049,168.100006,2.7,-3,0,0,0,0,0,0,0,0,0,0,0,0,0,0,0,0,0
2026-03-22T00:23:09Z,2050.671,6890,-5667.399902,-10084.700195,1440.800049,168.100006,2.7,-3,0,0,0,0,0,0,0,0,0,0,0,0,0,0,0,0,0
2026-03-22T00:23:09Z,2050.902,6891,-5667.399902,-10084.700195,1440.800049,168.199997,2.9,-3,0,0,0,0,0,0,0,0,0,0,0,0,0,0,0,0,0
2026-03-22T00:23:09Z,2051.124,6892,-5667.399902,-10084.700195,1440.800049,168.199997,2.9,-3,0,0,0,0,0,0,0,0,0,0,0,0,0,0,0,0,0
2026-03-22T00:23:10Z,2051.351,6893,-5667.399902,-10084.700195,1440.800049,168.199997,2.9,-3,0,0,0,0,0,0,0,0,0,0,0,0,0,0,0,0,0
2026-03-22T00:23:10Z,2051.584,6894,-5667.399902,-10084.700195,1440.800049,168.199997,2.9,-3,0,0,0,0,0,0,0,0,0,0,0,0,0,0,0,0,0
2026-03-22T00:23:10Z,2051.813,6895,-5667.399902,-10084.700195,1440.800049,168.199997,2.9,-3,0,0,0,0,0,0,0,0,0,0,0,0,0,0,0,0,0
2026-03-22T00:23:10Z,2052.040,6896,-5667.399902,-10084.700195,1440.800049,168.400009,2.6,-2.9,0,0,0,0,0,0,0,0,0,0,0,0,0,0,0,0,0
2026-03-22T00:23:10Z,2052.274,6897,-5667.399902,-10084.700195,1440.800049,168.400009,2.6,-2.9,0,0,0,0,0,0,0,0,0,0,0,0,0,0,0,0,0
2026-03-22T00:23:11Z,2052.502,6898,-5667.399902,-10084.700195,1440.800049,168.400009,2.6,-2.9,0,0,0,0,0,0,0,0,0,0,0,0,0,0,0,0,0
2026-03-22T00:23:11Z,2052.738,6899,-5667.399902,-10084.700195,1440.800049,168.400009,2.6,-2.9,0,0,0,0,0,0,0,0,0,0,0,0,0,0,0,0,0
2026-03-22T00:23:11Z,2052.974,6900,-5667.399902,-10084.700195,1440.800049,168.5,2.4,-2.8,0,0,0,0,0,0,0,0,0,0,0,0,0,0,0,0,0
2026-03-22T00:23:11Z,2053.272,6901,-5667.399902,-10084.700195,1440.800049,168.5,2.4,-2.8,0,0,0,0,0,0,0,0,0,0,0,0,0,0,0,0,0
2026-03-22T00:23:12Z,2053.512,6902,-5667.399902,-10084.700195,1440.800049,168.5,2.4,-2.8,0,0,0,0,0,0,0,0,0,0,0,0,0,0,0,0,0
2026-03-22T00:23:12Z,2053.755,6903,-5667.399902,-10084.700195,1440.800049,168.5,2.4,-2.8,0,0,0,0,0,0,0,0,0,0,0,0,0,0,0,0,0
2026-03-22T00:23:13Z,2054.088,6904,-5667.300293,-10084.700195,1440.800049,168.600006,2.5,-2.8,0,0,0,0,0,0,0,0,0,0,0,0,0,0,0,0,0
2026-03-22T00:23:13Z,2054.762,6905,-5667.300293,-10084.700195,1440.800049,168.600006,2.5,-2.8,0,0,0,0,0,0,0,0,0,0,0,0,0,0,0,0,0
2026-03-22T00:23:13Z,2055.014,6906,-5667.399902,-10084.5,1440.800049,168.900009,1,-2.7,0,0,0,0,0,0,0,0,0,0,0,0,0,0,0,0,0
2026-03-22T00:23:14Z,2055.338,6907,-5667.399902,-10084.5,1440.800049,168.900009,1,-2.7,0,0,0,0,0,0,0,0,0,0,0,0,0,0,0,0,0
2026-03-22T00:23:14Z,2055.620,6908,-5667.399902,-10084.5,1440.800049,168.900009,1,-2.7,0,0,0,0,0,0,0,0,0,0,0,0,0,0,0,0,0
2026-03-22T00:23:14Z,2055.872,6909,-5667.399902,-10084.200195,1440.800049,169.400009,1.2,-2.6,0,0,0,0,0,0,0,0,0,0,0,0,0,0,0,0,0
2026-03-22T00:23:14Z,2056.126,6910,-5667.399902,-10084.200195,1440.800049,169.400009,1.2,-2.6,0,0,0,0,0,0,0,0,0,0,0,0,0,0,0,0,0
2026-03-22T00:23:15Z,2056.374,6911,-5667.399902,-10084.200195,1440.800049,169.400009,1.2,-2.6,0,0,0,0,0,0,0,0,0,0,0,0,0,0,0,0,0
2026-03-22T00:23:15Z,2056.666,6912,-5667.399902,-10084.200195,1440.800049,169.400009,1.2,-2.6,0,0,0,0,0,0,0,0,0,0,0,0,0,0,0,0,0
2026-03-22T00:23:15Z,2056.926,6913,-5667.399902,-10084.200195,1440.800049,169.400009,1.2,-2.6,0,0,0,0,0,0,0,0,0,0,0,0,0,0,0,0,0
2026-03-22T00:23:15Z,2057.206,6914,-5667.5,-10083.900391,1440.800049,169.900009,2.3,-2.6,0,0,0,0,0,0,0,0,0,0,0,0,0,0,0,0,0
2026-03-22T00:23:16Z,2057.498,6915,-5667.5,-10083.900391,1440.800049,169.900009,2.3,-2.6,0,0,0,0,0,0,0,0,0,0,0,0,0,0,0,0,0
2026-03-22T00:23:16Z,2057.757,6916,-5667.5,-10083.900391,1440.800049,169.900009,2.3,-2.6,0,0,0,0,0,0,0,0,0,0,0,0,0,0,0,0,0
2026-03-22T00:23:16Z,2058.045,6917,-5667.600098,-10083.400391,1440.700073,170.600006,2,-2.5,0,0,0,0,0,0,0,0,0,0,0,0,0,0,0,0,0
2026-03-22T00:23:17Z,2058.292,6918,-5667.600098,-10083.400391,1440.700073,170.600006,2,-2.5,0,0,0,0,0,0,0,0,0,0,0,0,0,0,0,0,0
2026-03-22T00:23:17Z,2058.537,6919,-5667.600098,-10083.400391,1440.700073,170.600006,2,-2.5,0,0,0,0,0,0,0,0,0,0,0,0,0,0,0,0,0
2026-03-22T00:23:17Z,2058.787,6920,-5667.600098,-10083.400391,1440.700073,170.600006,2,-2.5,0,0,0,0,0,0,0,0,0,0,0,0,0,0,0,0,0
2026-03-22T00:23:17Z,2059.048,6921,-5667.700195,-10082.900391,1440.700073,171.400009,1.7,-2.4,0,0,0,0,0,0,0,0,0,0,0,0,0,0,0,0,0
2026-03-22T00:23:18Z,2059.292,6922,-5667.700195,-10082.900391,1440.700073,171.400009,1.7,-2.4,0,0,0,0,0,0,0,0,0,0,0,0,0,0,0,0,0
2026-03-22T00:23:18Z,2059.540,6923,-5667.700195,-10082.900391,1440.700073,171.400009,1.7,-2.4,0,0,0,0,0,0,0,0,0,0,0,0,0,0,0,0,0
2026-03-22T00:23:18Z,2059.807,6924,-5667.700195,-10082.900391,1440.700073,171.400009,1.7,-2.4,0,0,0,0,0,0,0,0,0,0,0,0,0,0,0,0,0
2026-03-22T00:23:18Z,2060.057,6925,-5667.899902,-10082.100586,1440.700073,172.600006,2.3,-2.1,0,0,0,0,0,0,0,0,0,0,0,0,0,0,0,0,0
2026-03-22T00:23:19Z,2060.298,6926,-5667.899902,-10082.100586,1440.700073,172.600006,2.3,-2.1,0,0,0,0,0,0,0,0,0,0,0,0,0,0,0,0,0
2026-03-22T00:23:19Z,2060.543,6927,-5667.899902,-10082.100586,1440.700073,172.600006,2.3,-2.1,0,0,0,0,0,0,0,0,0,0,0,0,0,0,0,0,0
2026-03-22T00:23:19Z,2060.784,6928,-5667.899902,-10082.100586,1440.700073,172.600006,2.3,-2.1,0,0,0,0,0,0,0,0,0,0,0,0,0,0,0,0,0
2026-03-22T00:23:24Z,2061.028,6929,-5668,-10081.299805,1440.599976,172.400009,2.7,-1.6,0,0,0,0,0,0,0,0,0,0,0,0,0,0,0,0,0
2026-03-22T00:23:24Z,2066.277,6930,-5668.200195,-10079.5,1440.5,170.199997,2.4,-2.2,0,0,0,0,0,0,0,0,0,0,0,0,0,0,0,0,0
2026-03-22T00:23:25Z,2066.520,6931,-5668.200195,-10079.5,1440.5,170.199997,2.4,-2.2,0,0,0,0,0,0,0,0,0,0,0,0,0,0,0,0,0
2026-03-22T00:23:25Z,2066.769,6932,-5668.200195,-10079.5,1440.5,170.199997,2.4,-2.2,0,0,0,0,0,0,0,0,0,0,0,0,0,0,0,0,0
2026-03-22T00:23:25Z,2067.018,6933,-5668.200195,-10079.5,1440.5,170.199997,3.4,-2.2,0,0,0,0,0,0,0,0,0,0,0,0,0,0,0,0,0
2026-03-22T00:23:26Z,2067.275,6934,-5668.200195,-10079.5,1440.5,170.199997,3.4,-2.2,0,0,0,0,0,0,0,0,0,0,0,0,0,0,0,0,0
2026-03-22T00:23:26Z,2067.542,6935,-5668.200195,-10079.5,1440.5,170.199997,3.4,-2.2,0,0,0,0,0,0,0,0,0,0,0,0,0,0,0,0,0
2026-03-22T00:23:26Z,2067.784,6936,-5668.200195,-10079.5,1440.5,170.199997,3.4,-2.2,0,0,0,0,0,0,0,0,0,0,0,0,0,0,0,0,0
2026-03-22T00:23:26Z,2068.031,6937,-5668.100098,-10079.5,1440.5,170.100006,3.5,-2.1,0,0,0,0,0,0,0,0,0,0,0,0,0,0,0,0,0
2026-03-22T00:23:27Z,2068.294,6938,-5668.100098,-10079.5,1440.5,170.100006,3.5,-2.1,0,0,0,0,0,0,0,0,0,0,0,0,0,0,0,0,0
2026-03-22T00:23:27Z,2068.543,6939,-5668.100098,-10079.5,1440.5,170.100006,3.5,-2.1,0,0,0,0,0,0,0,0,0,0,0,0,0,0,0,0,0
2026-03-22T00:23:27Z,2068.808,6940,-5668.100098,-10079.5,1440.5,170.100006,3.5,-2.1,0,0,0,0,0,0,0,0,0,0,0,0,0,0,0,0,0
2026-03-22T00:23:27Z,2069.106,6941,-5668.100098,-10079.600586,1440.5,169.400009,3.2,-2.1,0,0,0,0,0,0,0,0,0,0,0,0,0,0,0,0,0
2026-03-22T00:23:28Z,2069.360,6942,-5668.100098,-10079.600586,1440.5,169.400009,3.2,-2.1,0,0,0,0,0,0,0,0,0,0,0,0,0,0,0,0,0
2026-03-22T00:23:28Z,2069.621,6943,-5668.100098,-10079.600586,1440.5,169.400009,3.2,-2.1,0,0,0,0,0,0,0,0,0,0,0,0,0,0,0,0,0
2026-03-22T00:23:28Z,2069.880,6944,-5668.100098,-10079.600586,1440.5,168.400009,3.3,-2.2,0,0,0,0,0,0,0,0,0,0,0,0,0,0,0,0,0
2026-03-22T00:23:28Z,2070.135,6945,-5668.100098,-10079.600586,1440.5,168.400009,3.3,-2.2,0,0,0,0,0,0,0,0,0,0,0,0,0,0,0,0,0
2026-03-22T00:23:29Z,2070.396,6946,-5668.100098,-10079.600586,1440.5,168.400009,3.3,-2.2,0,0,0,0,0,0,0,0,0,0,0,0,0,0,0,0,0
2026-03-22T00:23:29Z,2070.653,6947,-5668.100098,-10079.600586,1440.5,168.400009,3.3,-2.2,0,0,0,0,0,0,0,0,0,0,0,0,0,0,0,0,0
2026-03-22T00:23:29Z,2070.915,6948,-5668,-10079.700195,1440.5,166.900009,3.2,-2.2,0,0,0,0,0,0,0,0,0,0,0,0,0,0,0,0,0
2026-03-22T00:23:29Z,2071.155,6949,-5668,-10079.700195,1440.5,166.900009,3.2,-2.2,0,0,0,0,0,0,0,0,0,0,0,0,0,0,0,0,0
2026-03-22T00:23:30Z,2071.402,6950,-5668,-10079.700195,1440.5,166.900009,3.2,-2.2,0,0,0,0,0,0,0,0,0,0,0,0,0,0,0,0,0
2026-03-22T00:23:30Z,2071.649,6951,-5668,-10079.700195,1440.5,166.900009,3.2,-2.2,0,0,0,0,0,0,0,0,0,0,0,0,0,0,0,0,0
2026-03-22T00:23:30Z,2071.896,6952,-5668,-10079.799805,1440.5,165.199997,3,-2.3,0,0,0,0,0,0,0,0,0,0,0,0,0,0,0,0,0
2026-03-22T00:23:30Z,2072.154,6953,-5668,-10079.799805,1440.5,165.199997,3,-2.3,0,0,0,0,0,0,0,0,0,0,0,0,0,0,0,0,0
2026-03-22T00:23:31Z,2072.417,6954,-5668,-10079.799805,1440.5,165.199997,3,-2.3,0,0,0,0,0,0,0,0,0,0,0,0,0,0,0,0,0
2026-03-22T00:23:31Z,2072.672,6955,-5668,-10079.799805,1440.5,165.199997,3,-2.3,0,0,0,0,0,0,0,0,0,0,0,0,0,0,0,0,0
2026-03-22T00:23:31Z,2072.931,6956,-5667.899902,-10080,1440.5,163,3,-2.4,0,0,0,0,0,0,0,0,0,0,0,0,0,0,0,0,0
2026-03-22T00:23:31Z,2073.167,6957,-5667.899902,-10080,1440.5,163,3,-2.4,0,0,0,0,0,0,0,0,0,0,0,0,0,0,0,0,0
2026-03-22T00:23:32Z,2073.409,6958,-5667.899902,-10080,1440.5,163,3,-2.4,0,0,0,0,0,0,0,0,0,0,0,0,0,0,0,0,0
2026-03-22T00:23:32Z,2073.665,6959,-5667.899902,-10080,1440.5,163,3,-2.4,0,0,0,0,0,0,0,0,0,0,0,0,0,0,0,0,0
2026-03-22T00:23:32Z,2073.922,6960,-5667.800293,-10080.100586,1440.5,160.800003,2.9,-2.5,0,0,0,0,0,0,0,0,0,0,0,0,0,0,0,0,0
2026-03-22T00:23:32Z,2074.162,6961,-5667.800293,-10080.100586,1440.5,160.800003,2.9,-2.5,0,0,0,0,0,0,0,0,0,0,0,0,0,0,0,0,0
2026-03-22T00:23:33Z,2074.404,6962,-5667.800293,-10080.100586,1440.5,160.800003,2.9,-2.5,0,0,0,0,0,0,0,0,0,0,0,0,0,0,0,0,0
2026-03-22T00:23:33Z,2074.640,6963,-5667.800293,-10080.100586,1440.5,160.800003,2.9,-2.5,0,0,0,0,0,0,0,0,0,0,0,0,0,0,0,0,0
2026-03-22T00:23:33Z,2074.893,6964,-5667.800293,-10080.100586,1440.5,160.800003,2.9,-2.5,0,0,0,0,0,0,0,0,0,0,0,0,0,0,0,0,0
2026-03-22T00:23:33Z,2075.154,6965,-5667.600098,-10080.299805,1440.599976,157.900009,2.7,-2.5,0,0,0,0,0,0,0,0,0,0,0,0,0,0,0,0,0
2026-03-22T00:23:34Z,2075.408,6966,-5667.600098,-10080.299805,1440.599976,157.900009,2.7,-2.5,0,0,0,0,0,0,0,0,0,0,0,0,0,0,0,0,0
2026-03-22T00:23:34Z,2075.651,6967,-5667.600098,-10080.299805,1440.599976,157.900009,2.7,-2.5,0,0,0,0,0,0,0,0,0,0,0,0,0,0,0,0,0
2026-03-22T00:23:34Z,2075.885,6968,-5667.5,-10080.5,1440.599976,155.199997,2.6,-2.6,0,0,0,0,0,0,0,0,0,0,0,0,0,0,0,0,0
2026-03-22T00:23:34Z,2076.124,6969,-5667.5,-10080.5,1440.599976,155.199997,2.6,-2.6,0,0,0,0,0,0,0,0,0,0,0,0,0,0,0,0,0
2026-03-22T00:23:35Z,2076.386,6970,-5667.5,-10080.5,1440.599976,155.199997,2.6,-2.6,0,0,0,0,0,0,0,0,0,0,0,0,0,0,0,0,0
2026-03-22T00:23:35Z,2076.674,6971,-5667.5,-10080.5,1440.599976,155.199997,2.6,-2.6,0,0,0,0,0,0,0,0,0,0,0,0,0,0,0,0,0
2026-03-22T00:23:35Z,2076.907,6972,-5667.300293,-10080.700195,1440.599976,152.199997,2.5,-2.7,0,0,0,0,0,0,0,0,0,0,0,0,0,0,0,0,0
2026-03-22T00:23:35Z,2077.155,6973,-5667.300293,-10080.700195,1440.599976,152.199997,2.5,-2.7,0,0,0,0,0,0,0,0,0,0,0,0,0,0,0,0,0
2026-03-22T00:23:36Z,2077.400,6974,-5667.300293,-10080.700195,1440.599976,152.199997,2.5,-2.7,0,0,0,0,0,0,0,0,0,0,0,0,0,0,0,0,0
2026-03-22T00:23:36Z,2077.635,6975,-5667.300293,-10080.700195,1440.599976,152.199997,2.5,-2.7,0,0,0,0,0,0,0,0,0,0,0,0,0,0,0,0,0
2026-03-22T00:23:36Z,2077.869,6976,-5667.300293,-10080.700195,1440.599976,152.199997,2.5,-2.7,0,0,0,0,0,0,0,0,0,0,0,0,0,0,0,0,0
2026-03-22T00:23:36Z,2078.142,6977,-5667.100098,-10080.900391,1440.599976,148.5,2.3,-2.8,0,0,0,0,0,0,0,0,0,0,0,0,0,0,0,0,0
2026-03-22T00:23:37Z,2078.386,6978,-5667.100098,-10080.900391,1440.599976,148.5,2.3,-2.8,0,0,0,0,0,0,0,0,0,0,0,0,0,0,0,0,0
2026-03-22T00:23:37Z,2078.621,6979,-5667.100098,-10080.900391,1440.599976,148.5,2.3,-2.8,0,0,0,0,0,0,0,0,0,0,0,0,0,0,0,0,0
2026-03-22T00:23:37Z,2078.855,6980,-5667.100098,-10080.900391,1440.599976,148.5,2.3,-2.8,0,0,0,0,0,0,0,0,0,0,0,0,0,0,0,0,0
2026-03-22T00:23:37Z,2079.093,6981,-5666.800293,-10081.100586,1440.599976,143.800003,2,-2.9,0,0,0,0,0,0,0,0,0,0,0,0,0,0,0,0,0
2026-03-22T00:23:38Z,2079.326,6982,-5666.800293,-10081.100586,1440.599976,143.800003,2,-2.9,0,0,0,0,0,0,0,0,0,0,0,0,0,0,0,0,0
2026-03-22T00:23:38Z,2079.587,6983,-5666.800293,-10081.100586,1440.599976,143.800003,2,-2.9,0,0,0,0,0,0,0,0,0,0,0,0,0,0,0,0,0
2026-03-22T00:23:38Z,2079.822,6984,-5666.800293,-10081.100586,1440.599976,143.800003,2,-2.9,0,0,0,0,0,0,0,0,0,0,0,0,0,0,0,0,0
2026-03-22T00:23:38Z,2080.061,6985,-5666.5,-10081.299805,1440.599976,139.600006,1.7,-3.1,0,0,0,0,0,0,0,0,0,0,0,0,0,0,0,0,0
2026-03-22T00:23:39Z,2080.296,6986,-5666.5,-10081.299805,1440.599976,139.600006,1.7,-3.1,0,0,0,0,0,0,0,0,0,0,0,0,0,0,0,0,0
2026-03-22T00:23:39Z,2080.545,6987,-5666.5,-10081.299805,1440.599976,139.600006,1.7,-3.1,0,0,0,0,0,0,0,0,0,0,0,0,0,0,0,0,0
2026-03-22T00:23:39Z,2080.786,6988,-5666.5,-10081.299805,1440.599976,139.600006,1.7,-3.1,0,0,0,0,0,0,0,0,0,0,0,0,0,0,0,0,0
2026-03-22T00:23:39Z,2081.031,6989,-5666.100098,-10081.5,1440.599976,134.900009,1.2,-3.1,0,0,0,0,0,0,0,0,0,0,0,0,0,0,0,0,0
2026-03-22T00:23:39Z,2081.272,6990,-5666.100098,-10081.5,1440.599976,134.900009,1.2,-3.1,0,0,0,0,0,0,0,0,0,0,0,0,0,0,0,0,0
2026-03-22T00:23:40Z,2081.522,6991,-5666.100098,-10081.5,1440.599976,134.900009,1.2,-3.1,0,0,0,0,0,0,0,0,0,0,0,0,0,0,0,0,0
2026-03-22T00:23:40Z,2081.773,6992,-5666.100098,-10081.5,1440.599976,134.900009,1.2,-3.1,0,0,0,0,0,0,0,0,0,0,0,0,0,0,0,0,0
2026-03-22T00:23:41Z,2082.406,6993,-5665.800293,-10081.700195,1440.599976,130.199997,0.8,-3,0,0,0,0,0,0,0,0,0,0,0,0,0,0,0,0,0
2026-03-22T00:23:41Z,2083.077,6994,-5665.300293,-10081.900391,1440.599976,124,0.4,-2.8,0,0,0,0,0,0,0,0,0,0,0,0,0,0,0,0,0
2026-03-22T00:23:42Z,2083.324,6995,-5665.300293,-10081.900391,1440.599976,124,0.4,-2.8,0,0,0,0,0,0,0,0,0,0,0,0,0,0,0,0,0
2026-03-22T00:23:42Z,2083.562,6996,-5665.300293,-10081.900391,1440.599976,124,0.4,-2.8,0,0,0,0,0,0,0,0,0,0,0,0,0,0,0,0,0
2026-03-22T00:23:42Z,2083.799,6997,-5665.300293,-10081.900391,1440.599976,124,0.4,-2.8,0,0,0,0,0,0,0,0,0,0,0,0,0,0,0,0,0
2026-03-22T00:23:42Z,2084.035,6998,-5664.800293,-10082,1440.5,118.599998,0,-2.6,0,0,0,0,0,0,0,0,0,0,0,0,0,0,0,0,0
2026-03-22T00:23:42Z,2084.263,6999,-5664.800293,-10082,1440.5,118.599998,0,-2.6,0,0,0,0,0,0,0,0,0,0,0,0,0,0,0,0,0
2026-03-22T00:23:43Z,2084.493,7000,-5664.800293,-10082,1440.5,118.599998,0,-2.6,0,0,0,0,0,0,0,0,0,0,0,0,0,0,0,0,0
2026-03-22T00:23:43Z,2084.721,7001,-5664.800293,-10082,1440.5,118.599998,0,-2.6,0,0,0,0,0,0,0,0,0,0,0,0,0,0,0,0,0
2026-03-22T00:23:43Z,2084.953,7002,-5664.399902,-10082.100586,1440.5,113,-0.4,-2.4,0,0,0,0,0,0,0,0,0,0,0,0,0,0,0,0,0
2026-03-22T00:23:43Z,2085.186,7003,-5664.399902,-10082.100586,1440.5,113,-0.4,-2.4,0,0,0,0,0,0,0,0,0,0,0,0,0,0,0,0,0
2026-03-22T00:23:44Z,2085.427,7004,-5664.399902,-10082.100586,1440.5,113,-0.4,-2.4,0,0,0,0,0,0,0,0,0,0,0,0,0,0,0,0,0
2026-03-22T00:23:44Z,2085.668,7005,-5664.399902,-10082.100586,1440.5,113,-0.4,-2.4,0,0,0,0,0,0,0,0,0,0,0,0,0,0,0,0,0
2026-03-22T00:23:44Z,2085.904,7006,-5664.399902,-10082.100586,1440.5,113,-0.4,-2.4,0,0,0,0,0,0,0,0,0,0,0,0,0,0,0,0,0
2026-03-22T00:23:44Z,2086.147,7007,-5663.700195,-10082.100586,1440.5,105.700005,-0.6,-2.2,0,0,0,0,0,0,0,0,0,0,0,0,0,0,0,0,0
2026-03-22T00:23:45Z,2086.384,7008,-5663.700195,-10082.100586,1440.5,105.700005,-0.6,-2.2,0,0,0,0,0,0,0,0,0,0,0,0,0,0,0,0,0
2026-03-22T00:23:45Z,2086.619,7009,-5663.700195,-10082.100586,1440.5,105.700005,-0.6,-2.2,0,0,0,0,0,0,0,0,0,0,0,0,0,0,0,0,0
2026-03-22T00:23:45Z,2086.854,7010,-5663.100098,-10082.100586,1440.5,99.099998,-0.6,-1.9,0,0,0,0,0,0,0,0,0,0,0,0,0,0,0,0,0
2026-03-22T00:23:45Z,2087.093,7011,-5663.100098,-10082.100586,1440.5,99.099998,-0.6,-1.9,0,0,0,0,0,0,0,0,0,0,0,0,0,0,0,0,0
2026-03-22T00:23:46Z,2087.317,7012,-5663.100098,-10082.100586,1440.5,99.099998,-0.6,-1.9,0,0,0,0,0,0,0,0,0,0,0,0,0,0,0,0,0
2026-03-22T00:23:46Z,2087.551,7013,-5663.100098,-10082.100586,1440.5,99.099998,-0.6,-1.9,0,0,0,0,0,0,0,0,0,0,0,0,0,0,0,0,0
2026-03-22T00:23:46Z,2087.785,7014,-5663.100098,-10082.100586,1440.5,99.099998,-0.6,-1.9,0,0,0,0,0,0,0,0,0,0,0,0,0,0,0,0,0
2026-03-22T00:23:46Z,2088.024,7015,-5662.399902,-10082,1440.5,91.200005,-0.7,-1.3,0,0,0,0,0,0,0,0,0,0,0,0,0,0,0,0,0
2026-03-22T00:23:46Z,2088.258,7016,-5662.399902,-10082,1440.5,91.200005,-0.7,-1.3,0,0,0,0,0,0,0,0,0,0,0,0,0,0,0,0,0
2026-03-22T00:23:47Z,2088.493,7017,-5662.399902,-10082,1440.5,91.200005,-0.7,-1.3,0,0,0,0,0,0,0,0,0,0,0,0,0,0,0,0,0
2026-03-22T00:23:47Z,2088.744,7018,-5662.399902,-10082,1440.5,91.200005,-0.7,-1.3,0,0,0,0,0,0,0,0,0,0,0,0,0,0,0,0,0
2026-03-22T00:23:47Z,2088.968,7019,-5661.600098,-10081.799805,1440.400024,83.800003,-0.9,-1.8,0,0,1,0,0,0,0,0,0,0,0,0,0,0,0,0,0
2026-03-22T00:23:47Z,2089.192,7020,-5661.600098,-10081.799805,1440.400024,83.800003,-0.9,-1.8,0,0,1,0,0,0,0,0,0,0,0,0,0,0,0,0,0
2026-03-22T00:23:48Z,2089.429,7021,-5661.600098,-10081.799805,1440.400024,83.800003,-0.9,-1.8,0,0,1,0,0,0,0,0,0,0,0,0,0,0,0,0,0
2026-03-22T00:23:48Z,2089.661,7022,-5661.600098,-10081.799805,1440.400024,83.800003,-0.9,-1.8,0,0,1,0,0,0,0,0,0,0,0,0,0,0,0,0,0
2026-03-22T00:23:48Z,2089.905,7023,-5660.600098,-10081.700195,1440.400024,83.700005,-1,-2.5,0,0,1,0,0,0,0,0,0,0,0,0,0,0,0,0,0
2026-03-22T00:23:48Z,2090.123,7024,-5660.600098,-10081.700195,1440.400024,83.700005,-1,-2.5,0,0,1,0,0,0,0,0,0,0,0,0,0,0,0,0,0
2026-03-22T00:23:49Z,2090.345,7025,-5660.600098,-10081.700195,1440.400024,83.700005,-1,-2.5,0,0,1,0,0,0,0,0,0,0,0,0,0,0,0,0,0
2026-03-22T00:23:49Z,2090.583,7026,-5660.600098,-10081.700195,1440.400024,83.700005,-1,-2.5,0,0,1,0,0,0,0,0,0,0,0,0,0,0,0,0,0
2026-03-22T00:23:49Z,2090.824,7027,-5660.600098,-10081.700195,1440.400024,83.700005,-1,-2.5,0,0,1,0,0,0,0,0,0,0,0,0,0,0,0,0,0
2026-03-22T00:23:49Z,2091.085,7028,-5659.700195,-10081.700195,1440.400024,89.099998,-1.6,-2.9,0,0,1,0,0,0,0,0,0,0,0,0,0,0,0,0,0
2026-03-22T00:23:50Z,2091.304,7029,-5659.700195,-10081.700195,1440.400024,89.099998,-1.6,-2.9,0,0,1,0,0,0,0,0,0,0,0,0,0,0,0,0,0
2026-03-22T00:23:50Z,2091.536,7030,-5659.700195,-10081.700195,1440.400024,89.099998,-1.6,-2.9,0,0,1,0,0,0,0,0,0,0,0,0,0,0,0,0,0
2026-03-22T00:23:50Z,2091.770,7031,-5659.700195,-10081.700195,1440.400024,89.099998,-1.6,-2.9,0,0,1,0,0,0,0,0,0,0,0,0,0,0,0,0,0
2026-03-22T00:23:50Z,2092.010,7032,-5658.899902,-10082,1440.400024,99.099998,-1.1,-3.1,0,0,0,0,0,0,0,0,0,0,0,0,0,0,0,0,0
2026-03-22T00:23:50Z,2092.253,7033,-5658.899902,-10082,1440.400024,99.099998,-1.1,-3.1,0,0,0,0,0,0,0,0,0,0,0,0,0,0,0,0,0
2026-03-22T00:23:51Z,2092.489,7034,-5658.899902,-10082,1440.400024,99.099998,-1.1,-3.1,0,0,0,0,0,0,0,0,0,0,0,0,0,0,0,0,0
2026-03-22T00:23:51Z,2092.725,7035,-5658.899902,-10082,1440.400024,99.099998,-1.1,-3.1,0,0,0,0,0,0,0,0,0,0,0,0,0,0,0,0,0
2026-03-22T00:23:51Z,2092.966,7036,-5658.899902,-10082,1440.400024,99.099998,-1.1,-3.1,0,0,0,0,0,0,0,0,0,0,0,0,0,0,0,0,0
2026-03-22T00:23:51Z,2093.231,7037,-5658,-10082.400391,1440.400024,108.800003,0.1,-2.4,0,0,0,0,0,0,0,0,0,0,0,0,0,0,0,0,0
2026-03-22T00:23:52Z,2093.465,7038,-5658,-10082.400391,1440.400024,108.800003,0.1,-2.4,0,0,0,0,0,0,0,0,0,0,0,0,0,0,0,0,0
2026-03-22T00:23:52Z,2093.693,7039,-5658,-10082.400391,1440.400024,108.800003,0.1,-2.4,0,0,0,0,0,0,0,0,0,0,0,0,0,0,0,0,0
2026-03-22T00:23:52Z,2093.928,7040,-5658,-10082.400391,1440.400024,108.800003,0.1,-2.4,0,0,0,0,0,0,0,0,0,0,0,0,0,0,0,0,0
2026-03-22T00:23:52Z,2094.163,7041,-5657.300293,-10082.900391,1440.300049,118.300003,0,-2.5,0,0,0,0,0,0,0,0,0,0,0,0,0,0,0,0,0
2026-03-22T00:23:53Z,2094.410,7042,-5657.300293,-10082.900391,1440.300049,118.300003,0,-2.5,0,0,0,0,0,0,0,0,0,0,0,0,0,0,0,0,0
2026-03-22T00:23:53Z,2094.645,7043,-5657.300293,-10082.900391,1440.300049,118.300003,0,-2.5,0,0,0,0,0,0,0,0,0,0,0,0,0,0,0,0,0
2026-03-22T00:23:53Z,2094.887,7044,-5657.300293,-10082.900391,1440.300049,118.300003,0,-2.5,0,0,0,0,0,0,0,0,0,0,0,0,0,0,0,0,0
2026-03-22T00:23:53Z,2095.150,7045,-5656.700195,-10083.5,1440.300049,127.700005,-0.3,-2.7,0,0,0,0,0,0,0,0,0,1,0,0,0,0,0,0,0
2026-03-22T00:23:54Z,2095.371,7046,-5656.700195,-10083.5,1440.300049,127.700005,-0.3,-2.7,0,0,0,0,0,0,0,0,0,1,0,0,0,0,0,0,0
2026-03-22T00:23:54Z,2095.615,7047,-5656.700195,-10083.5,1440.300049,127.700005,-0.3,-2.7,0,0,0,0,0,0,0,0,0,1,0,0,0,0,0,0,0
2026-03-22T00:23:54Z,2095.849,7048,-5656.700195,-10083.5,1440.300049,127.700005,-0.3,-2.7,0,0,0,0,0,0,0,0,0,1,0,0,0,0,0,0,0
2026-03-22T00:23:54Z,2096.094,7049,-5656.200195,-10084.299805,1440.300049,137.600006,-0.2,-2.7,0,0,0,0,0,0,0,0,0,1,0,0,0,0,0,0,0
2026-03-22T00:23:55Z,2096.324,7050,-5656.200195,-10084.299805,1440.300049,137.600006,-0.2,-2.7,0,0,0,0,0,0,0,0,0,1,0,0,0,0,0,0,0
2026-03-22T00:23:55Z,2096.560,7051,-5656.200195,-10084.299805,1440.300049,137.600006,-0.2,-2.7,0,0,0,0,0,0,0,0,0,1,0,0,0,0,0,0,0
2026-03-22T00:23:55Z,2096.792,7052,-5656.200195,-10084.299805,1440.300049,137.600006,-0.2,-2.7,0,0,0,0,0,0,0,0,0,1,0,0,0,0,0,0,0
2026-03-22T00:23:55Z,2097.030,7053,-5655.800293,-10085.100586,1440.300049,147.699997,-0.1,-2.8,0,0,0,0,0,0,0,0,0,0,0,0,0,0,0,0,0
2026-03-22T00:23:55Z,2097.252,7054,-5655.800293,-10085.100586,1440.300049,147.699997,-0.1,-2.8,0,0,0,0,0,0,0,0,0,0,0,0,0,0,0,0,0
2026-03-22T00:23:56Z,2097.487,7055,-5655.800293,-10085.100586,1440.300049,147.699997,-0.1,-2.8,0,0,0,0,0,0,0,0,0,0,0,0,0,0,0,0,0
2026-03-22T00:23:56Z,2097.724,7056,-5655.800293,-10085.100586,1440.300049,147.699997,-0.1,-2.8,0,0,0,0,0,0,0,0,0,0,0,0,0,0,0,0,0
2026-03-22T00:23:56Z,2097.965,7057,-5655.800293,-10085.100586,1440.300049,147.699997,-0.1,-2.8,0,0,0,0,0,0,0,0,0,0,0,0,0,0,0,0,0
2026-03-22T00:23:56Z,2098.251,7058,-5655.600098,-10086,1440.400024,158,-0.1,-3,0,0,0,0,0,0,0,0,0,0,0,0,0,0,0,0,0
2026-03-22T00:23:57Z,2098.485,7059,-5655.600098,-10086,1440.400024,158,-0.1,-3,0,0,0,0,0,0,0,0,0,0,0,0,0,0,0,0,0
2026-03-22T00:23:57Z,2098.709,7060,-5655.600098,-10086,1440.400024,158,-0.1,-3,0,0,0,0,0,0,0,0,0,0,0,0,0,0,0,0,0
2026-03-22T00:23:57Z,2098.938,7061,-5655.600098,-10086,1440.400024,158,-0.1,-3,0,0,0,0,0,0,0,0,0,0,0,0,0,0,0,0,0
2026-03-22T00:23:57Z,2099.151,7062,-5655.5,-10086.900391,1440.400024,168,0,-3.2,0,0,0,0,0,0,0,0,0,0,0,0,0,0,0,0,0
2026-03-22T00:23:58Z,2099.373,7063,-5655.5,-10086.900391,1440.400024,168,0,-3.2,0,0,0,0,0,0,0,0,0,0,0,0,0,0,0,0,0
2026-03-22T00:23:58Z,2099.595,7064,-5655.5,-10086.900391,1440.400024,168,0,-3.2,0,0,0,0,0,0,0,0,0,0,0,0,0,0,0,0,0
2026-03-22T00:23:58Z,2099.828,7065,-5655.5,-10086.900391,1440.400024,168,0,-3.2,0,0,0,0,0,0,0,0,0,0,0,0,0,0,0,0,0
2026-03-22T00:23:58Z,2100.063,7066,-5655.600098,-10087.900391,1440.400024,178.100006,0.3,-3.3,0,0,0,0,0,0,0,0,0,0,0,0,0,0,0,0,0
2026-03-22T00:23:59Z,2100.289,7067,-5655.600098,-10087.900391,1440.400024,178.100006,0.3,-3.3,0,0,0,0,0,0,0,0,0,0,0,0,0,0,0,0,0
2026-03-22T00:23:59Z,2100.529,7068,-5655.600098,-10087.900391,1440.400024,178.100006,0.3,-3.3,0,0,0,0,0,0,0,0,0,0,0,0,0,0,0,0,0
2026-03-22T00:23:59Z,2100.761,7069,-5655.600098,-10087.900391,1440.400024,178.100006,0.3,-3.3,0,0,0,0,0,0,0,0,0,0,0,0,0,0,0,0,0
2026-03-22T00:23:59Z,2100.988,7070,-5655.899902,-10088.799805,1440.400024,188.600006,0.4,-3.6,0,0,0,0,0,0,0,0,0,0,0,0,0,0,0,0,0
2026-03-22T00:23:59Z,2101.241,7071,-5655.899902,-10088.799805,1440.400024,188.600006,0.4,-3.6,0,0,0,0,0,0,0,0,0,0,0,0,0,0,0,0,0
2026-03-22T00:24:00Z,2101.477,7072,-5655.899902,-10088.799805,1440.400024,188.600006,0.4,-3.6,0,0,0,0,0,0,0,0,0,0,0,0,0,0,0,0,0
2026-03-22T00:24:00Z,2101.712,7073,-5655.899902,-10088.799805,1440.400024,188.600006,0.4,-3.6,0,0,0,0,0,0,0,0,0,0,0,0,0,0,0,0,0
2026-03-22T00:24:00Z,2101.954,7074,-5656.300293,-10089.700195,1440.400024,199.100006,0.8,-3.4,0,0,0,0,0,0,0,0,0,0,0,0,0,0,0,0,0
2026-03-22T00:24:00Z,2102.192,7075,-5656.300293,-10089.700195,1440.400024,199.100006,0.8,-3.4,0,0,0,0,0,0,0,0,0,0,0,0,0,0,0,0,0
2026-03-22T00:24:01Z,2102.434,7076,-5656.300293,-10089.700195,1440.400024,199.100006,0.8,-3.4,0,0,0,0,0,0,0,0,0,0,0,0,0,0,0,0,0
2026-03-22T00:24:01Z,2102.668,7077,-5656.300293,-10089.700195,1440.400024,199.100006,0.8,-3.4,0,0,0,0,0,0,0,0,0,0,0,0,0,0,0,0,0
2026-03-22T00:24:01Z,2102.905,7078,-5656.300293,-10089.700195,1440.400024,199.100006,0.8,-3.4,0,0,0,0,0,0,0,0,0,0,0,0,0,0,0,0,0
2026-03-22T00:24:01Z,2103.179,7079,-5656.899902,-10090.600586,1440.400024,207.5,1.7,-2.2,0,0,0,0,0,0,0,0,0,0,0,0,0,0,0,0,0
2026-03-22T00:24:02Z,2103.422,7080,-5656.899902,-10090.600586,1440.400024,207.5,1.7,-2.2,0,0,0,0,0,0,0,0,0,0,0,0,0,0,0,0,0
2026-03-22T00:24:02Z,2103.666,7081,-5656.899902,-10090.600586,1440.400024,207.5,1.7,-2.2,0,0,0,0,0,0,0,0,0,0,0,0,0,0,0,0,0
2026-03-22T00:24:02Z,2103.897,7082,-5656.899902,-10090.600586,1440.400024,207.5,1.7,-2.2,0,0,0,0,0,0,0,0,0,0,0,0,0,0,0,0,0
2026-03-22T00:24:02Z,2104.158,7083,-5657.600098,-10091.600586,1440.5,213.600006,1.5,-2.3,0,0,0,0,0,0,0,0,0,0,0,0,0,0,0,0,0
2026-03-22T00:24:03Z,2104.389,7084,-5657.600098,-10091.600586,1440.5,213.600006,1.5,-2.3,0,0,0,0,0,0,0,0,0,0,0,0,0,0,0,0,0
2026-03-22T00:24:03Z,2104.623,7085,-5657.600098,-10091.600586,1440.5,213.600006,1.5,-2.3,0,0,0,0,0,0,0,0,0,0,0,0,0,0,0,0,0
2026-03-22T00:24:03Z,2104.856,7086,-5657.600098,-10091.600586,1440.5,213.600006,1.5,-2.3,0,0,0,0,0,0,0,0,0,0,0,0,0,0,0,0,0
2026-03-22T00:24:03Z,2105.101,7087,-5658.399902,-10092.5,1440.5,217.900009,1.2,-2.5,0,0,0,0,0,0,0,0,0,0,0,0,0,0,0,0,0
2026-03-22T00:24:04Z,2105.331,7088,-5658.399902,-10092.5,1440.5,217.900009,1.2,-2.5,0,0,0,0,0,0,0,0,0,0,0,0,0,0,0,0,0
2026-03-22T00:24:04Z,2105.559,7089,-5658.399902,-10092.5,1440.5,217.900009,1.2,-2.5,0,0,0,0,0,0,0,0,0,0,0,0,0,0,0,0,0
2026-03-22T00:24:04Z,2105.793,7090,-5658.399902,-10092.5,1440.5,217.900009,1.2,-2.5,0,0,0,0,0,0,0,0,0,0,0,0,0,0,0,0,0
2026-03-22T00:24:04Z,2106.027,7091,-5659,-10093.299805,1440.5,218.699997,1.7,-2.1,0,0,0,0,0,0,0,0,0,0,0,0,0,0,0,0,0
2026-03-22T00:24:04Z,2106.257,7092,-5659,-10093.299805,1440.5,218.699997,1.7,-2.1,0,0,0,0,0,0,0,0,0,0,0,0,0,0,0,0,0
2026-03-22T00:24:05Z,2106.492,7093,-5659,-10093.299805,1440.5,218.699997,1.7,-2.1,0,0,0,0,0,0,0,0,0,0,0,0,0,0,0,0,0
2026-03-22T00:24:05Z,2106.729,7094,-5659,-10093.299805,1440.5,218.699997,1.7,-2.1,0,0,0,0,0,0,0,0,0,0,0,0,0,0,0,0,0
2026-03-22T00:24:05Z,2106.949,7095,-5659.800293,-10094.200195,1440.5,219.300003,2.3,-2.8,0,0,0,0,0,0,0,0,0,0,0,0,0,0,0,0,0
2026-03-22T00:24:05Z,2107.171,7096,-5659.800293,-10094.200195,1440.5,219.300003,2.3,-2.8,0,0,0,0,0,0,0,0,0,0,0,0,0,0,0,0,0
2026-03-22T00:24:06Z,2107.406,7097,-5659.800293,-10094.200195,1440.5,219.300003,2.3,-2.8,0,0,0,0,0,0,0,0,0,0,0,0,0,0,0,0,0
2026-03-22T00:24:06Z,2107.646,7098,-5659.800293,-10094.200195,1440.5,219.300003,2.3,-2.8,0,0,0,0,0,0,0,0,0,0,0,0,0,0,0,0,0
2026-03-22T00:24:06Z,2107.888,7099,-5659.800293,-10094.200195,1440.5,219.300003,2.3,-2.8,0,0,0,0,0,0,0,0,0,0,0,0,0,0,0,0,0
2026-03-22T00:24:06Z,2108.127,7100,-5660.600098,-10095.200195,1440.599976,219.800003,2.8,-2.8,0,0,0,0,0,0,0,0,0,0,0,0,0,0,0,0,0
2026-03-22T00:24:07Z,2108.355,7101,-5660.600098,-10095.200195,1440.599976,219.800003,2.8,-2.8,0,0,0,0,0,0,0,0,0,0,0,0,0,0,0,0,0
2026-03-22T00:24:07Z,2108.588,7102,-5660.600098,-10095.200195,1440.599976,219.800003,2.8,-2.8,0,0,0,0,0,0,0,0,0,0,0,0,0,0,0,0,0
2026-03-22T00:24:07Z,2108.826,7103,-5660.600098,-10095.200195,1440.599976,219.800003,2.8,-2.8,0,0,0,0,0,0,0,0,0,0,0,0,0,0,0,0,0
2026-03-22T00:24:07Z,2109.059,7104,-5661.300293,-10096,1440.700073,220.199997,3.4,-2.7,0,0,0,0,0,0,0,0,0,0,0,0,0,0,0,0,0
2026-03-22T00:24:07Z,2109.282,7105,-5661.300293,-10096,1440.700073,220.199997,3.4,-2.7,0,0,0,0,0,0,0,0,0,0,0,0,0,0,0,0,0
2026-03-22T00:24:08Z,2109.514,7106,-5661.300293,-10096,1440.700073,220.199997,3.4,-2.7,0,0,0,0,0,0,0,0,0,0,0,0,0,0,0,0,0
2026-03-22T00:24:08Z,2109.738,7107,-5661.300293,-10096,1440.700073,220.199997,3.4,-2.7,0,0,0,0,0,0,0,0,0,0,0,0,0,0,0,0,0
2026-03-22T00:24:08Z,2109.971,7108,-5661.300293,-10096,1440.700073,220.199997,3.4,-2.7,0,0,0,0,0,0,0,0,0,0,0,0,0,0,0,0,0
2026-03-22T00:24:08Z,2110.244,7109,-5662.100098,-10096.900391,1440.700073,221.199997,3.9,-2.6,0,0,0,0,0,0,0,0,0,0,0,0,0,0,0,0,0
2026-03-22T00:24:09Z,2110.480,7110,-5662.100098,-10096.900391,1440.700073,221.199997,3.9,-2.6,0,0,0,0,0,0,0,0,0,0,0,0,0,0,0,0,0
2026-03-22T00:24:09Z,2110.709,7111,-5662.100098,-10096.900391,1440.700073,221.199997,3.9,-2.6,0,0,0,0,0,0,0,0,0,0,0,0,0,0,0,0,0
2026-03-22T00:24:09Z,2110.954,7112,-5662.800293,-10097.600586,1440.800049,222.400009,4.1,-2.3,0,0,0,0,0,0,0,0,0,0,0,0,0,0,0,0,0
2026-03-22T00:24:09Z,2111.173,7113,-5662.800293,-10097.600586,1440.800049,222.400009,4.1,-2.3,0,0,0,0,0,0,0,0,0,0,0,0,0,0,0,0,0
2026-03-22T00:24:10Z,2111.396,7114,-5662.800293,-10097.600586,1440.800049,222.400009,4.1,-2.3,0,0,0,0,0,0,0,0,0,0,0,0,0,0,0,0,0
2026-03-22T00:24:10Z,2111.634,7115,-5662.800293,-10097.600586,1440.800049,222.400009,4.1,-2.3,0,0,0,0,0,0,0,0,0,0,0,0,0,0,0,0,0
2026-03-22T00:24:10Z,2111.852,7116,-5662.800293,-10097.600586,1440.800049,222.400009,4.1,-2.3,0,0,0,0,0,0,0,0,0,0,0,0,0,0,0,0,0
2026-03-22T00:24:10Z,2112.086,7117,-5663.600098,-10098.400391,1440.900024,225.5,4.5,-2.6,0,0,0,0,0,0,0,0,0,0,0,0,0,0,0,0,0
2026-03-22T00:24:11Z,2112.313,7118,-5663.600098,-10098.400391,1440.900024,225.5,4.5,-2.6,0,0,0,0,0,0,0,0,0,0,0,0,0,0,0,0,0
2026-03-22T00:24:11Z,2112.551,7119,-5663.600098,-10098.400391,1440.900024,225.5,4.5,-2.6,0,0,0,0,0,0,0,0,0,0,0,0,0,0,0,0,0
2026-03-22T00:24:11Z,2112.794,7120,-5663.600098,-10098.400391,1440.900024,225.5,4.5,-2.6,0,0,0,0,0,0,0,0,0,0,0,0,0,0,0,0,0
2026-03-22T00:24:11Z,2113.026,7121,-5664.399902,-10099,1441,230.199997,5.2,-3,0,0,0,0,0,0,0,0,0,0,0,0,0,0,0,0,0
2026-03-22T00:24:11Z,2113.243,7122,-5664.399902,-10099,1441,230.199997,5.2,-3,0,0,0,0,0,0,0,0,0,0,0,0,0,0,0,0,0
2026-03-22T00:24:12Z,2113.491,7123,-5664.399902,-10099,1441,230.199997,5.2,-3,0,0,0,0,0,0,0,0,0,0,0,0,0,0,0,0,0
2026-03-22T00:24:12Z,2113.726,7124,-5664.399902,-10099,1441,230.199997,5.2,-3,0,0,0,0,0,0,0,0,0,0,0,0,0,0,0,0,0
2026-03-22T00:24:12Z,2113.956,7125,-5664.399902,-10099,1441,230.199997,5.2,-3,0,0,0,0,0,0,0,0,0,0,0,0,0,0,0,0,0
2026-03-22T00:24:12Z,2114.195,7126,-5665.399902,-10099.600586,1441.099976,236.100006,5.8,-2.9,0,0,0,0,0,0,0,0,0,0,0,0,0,0,0,0,0
2026-03-22T00:24:13Z,2114.417,7127,-5665.399902,-10099.600586,1441.099976,236.100006,5.8,-2.9,0,0,0,0,0,0,0,0,0,0,0,0,0,0,0,0,0
2026-03-22T00:24:13Z,2114.660,7128,-5665.399902,-10099.600586,1441.099976,236.100006,5.8,-2.9,0,0,0,0,0,0,0,0,0,0,0,0,0,0,0,0,0
2026-03-22T00:24:13Z,2114.891,7129,-5665.399902,-10099.600586,1441.099976,236.100006,5.8,-2.9,0,0,0,0,0,0,0,0,0,0,0,0,0,0,0,0,0
2026-03-22T00:24:13Z,2115.145,7130,-5666.200195,-10100,1441.200073,240.100006,5.2,-2.6,0,0,0,0,0,0,0,0,0,0,0,0,0,0,0,0,0
2026-03-22T00:24:14Z,2115.380,7131,-5666.200195,-10100,1441.200073,240.100006,5.2,-2.6,0,0,0,0,0,0,0,0,0,0,0,0,0,0,0,0,0
2026-03-22T00:24:14Z,2115.625,7132,-5666.200195,-10100,1441.200073,240.100006,5.2,-2.6,0,0,0,0,0,0,0,0,0,0,0,0,0,0,0,0,0
2026-03-22T00:24:14Z,2115.839,7133,-5666.200195,-10100,1441.200073,240.100006,5.2,-2.6,0,0,0,0,0,0,0,0,0,0,0,0,0,0,0,0,0
2026-03-22T00:24:14Z,2116.063,7134,-5667.300293,-10100.5,1441.300049,242.900009,4.8,-2,0,0,0,0,0,0,0,0,0,0,0,0,0,0,0,0,0
2026-03-22T00:24:14Z,2116.275,7135,-5667.300293,-10100.5,1441.300049,242.900009,4.8,-2,0,0,0,0,0,0,0,0,0,0,0,0,0,0,0,0,0
2026-03-22T00:24:15Z,2116.516,7136,-5667.300293,-10100.5,1441.300049,242.900009,4.8,-2,0,0,0,0,0,0,0,0,0,0,0,0,0,0,0,0,0
2026-03-22T00:24:15Z,2116.751,7137,-5667.300293,-10100.5,1441.300049,242.900009,4.8,-2,0,0,0,0,0,0,0,0,0,0,0,0,0,0,0,0,0
2026-03-22T00:24:15Z,2116.989,7138,-5668.200195,-10101,1441.400024,243.800003,4.9,-1.9,0,0,0,0,0,0,0,0,0,0,0,0,0,0,0,0,0
2026-03-22T00:24:15Z,2117.251,7139,-5668.200195,-10101,1441.400024,243.800003,4.9,-1.9,0,0,0,0,0,0,0,0,0,0,0,0,0,0,0,0,0
2026-03-22T00:24:16Z,2117.481,7140,-5668.200195,-10101,1441.400024,243.800003,4.9,-1.9,0,0,0,0,0,0,0,0,0,0,0,0,0,0,0,0,0
2026-03-22T00:24:16Z,2117.729,7141,-5668.200195,-10101,1441.400024,243.800003,4.9,-1.9,0,0,0,0,0,0,0,0,0,0,0,0,0,0,0,0,0
2026-03-22T00:24:16Z,2117.956,7142,-5669.100098,-10101.400391,1441.400024,244.800003,3.8,-2.4,0,0,0,0,0,0,0,0,0,0,0,0,0,0,0,0,0
