iso_time_utc,elapsed_s,step_idx,rover_pos_x,rover_pos_y,rover_pos_z,heading,pitch,roll,lidar_00_front_left_wheel_hub_yaw_p30_yaw_30_pitch_0_cm_is_obstacle,lidar_01_front_left_frame_yaw_p20_pitch_n20_yaw_20_pitch_-20_cm_is_obstacle,lidar_02_front_center_frame_forward_yaw_0_pitch_0_cm_is_obstacle,lidar_03_front_right_frame_yaw_n20_pitch_n20_yaw_-20_pitch_-20_cm_is_obstacle,lidar_04_front_right_wheel_hub_yaw_n30_yaw_-30_pitch_0_cm_is_obstacle,lidar_05_front_left_frame_pitch_n25_yaw_0_pitch_-25_cm_is_obstacle,lidar_06_front_right_frame_pitch_n25_yaw_0_pitch_-25_cm_is_obstacle,lidar_07_left_mid_frame_left_pitch_n20_yaw_90_pitch_-20_cm_is_obstacle,lidar_08_right_mid_frame_right_pitch_n20_yaw_-90_pitch_-20_cm_is_obstacle,lidar_09_rear_left_wheel_hub_back_yaw_p40_yaw_140_pitch_0_cm_is_obstacle,lidar_10_rear_left_frame_backward_yaw_180_pitch_0_cm_is_obstacle,lidar_11_rear_right_frame_backward_yaw_180_pitch_0_cm_is_obstacle,lidar_12_rear_right_wheel_hub_back_yaw_n40_yaw_-140_pitch_0_cm_is_obstacle,lidar_13_front_left_frame_yaw_p20_pitch_n10_yaw_20_pitch_-10_cm_is_obstacle,lidar_14_front_right_frame_yaw_n20_pitch_n10_yaw_-20_pitch_-10_cm_is_obstacle,lidar_15_front_left_wheel_hub_yaw_p15_yaw_15_pitch_0_cm_is_obstacle,lidar_16_front_right_wheel_hub_yaw_n15_yaw_-15_pitch_0_cm_is_obstacle
2026-03-21T16:07:39Z,246.593,847,-5657.399902,-10045.400391,1438.599976,30.300001,-7.8,-13.7,0,0,0,0,0,0,0,0,0,0,0,0,0,0,0,0,0
2026-03-21T16:07:39Z,246.850,848,-5657.399902,-10045.400391,1438.599976,30.300001,-7.8,-13.7,0,0,0,0,0,0,0,0,0,0,0,0,0,0,0,0,0
2026-03-21T16:07:39Z,247.112,849,-5657.700195,-10045.799805,1438.700073,36.700001,-15.400001,-25.800001,0,1,0,1,0,1,1,0,0,0,0,0,0,0,0,0,0
2026-03-21T16:07:39Z,247.353,850,-5657.700195,-10045.799805,1438.700073,36.700001,-15.400001,-25.800001,0,1,0,1,0,1,1,0,0,0,0,0,0,0,0,0,0
2026-03-21T16:07:40Z,247.590,851,-5657.700195,-10045.799805,1438.700073,36.700001,-15.400001,-25.800001,0,1,0,1,0,1,1,0,0,0,0,0,0,0,0,0,0
2026-03-21T16:07:40Z,247.857,852,-5657.700195,-10045.799805,1438.700073,36.700001,-15.400001,-25.800001,0,1,0,1,0,1,1,0,0,0,0,0,0,0,0,0,0
2026-03-21T16:07:40Z,248.153,853,-5658,-10046,1438.700073,34.5,-11.6,-17.200001,0,0,0,1,0,1,1,0,0,0,0,0,0,0,0,0,0
2026-03-21T16:07:40Z,248.408,854,-5658,-10046,1438.700073,34.5,-11.6,-17.200001,0,0,0,1,0,1,1,0,0,0,0,0,0,0,0,0,0
2026-03-21T16:07:41Z,248.674,855,-5658,-10046,1438.700073,34.5,-11.6,-17.200001,0,0,0,1,0,1,1,0,0,0,0,0,0,0,0,0,0
2026-03-21T16:07:41Z,248.935,856,-5658.200195,-10046.200195,1438.5,29.300001,-4,-6.6,0,0,0,0,0,1,0,0,0,0,0,0,0,0,0,0,0
2026-03-21T16:07:41Z,249.159,857,-5658.200195,-10046.200195,1438.5,29.300001,-4,-6.6,0,0,0,0,0,1,0,0,0,0,0,0,0,0,0,0,0
2026-03-21T16:07:41Z,249.401,858,-5658.200195,-10046.200195,1438.5,29.300001,-4,-6.6,0,0,0,0,0,1,0,0,0,0,0,0,0,0,0,0,0
2026-03-21T16:07:42Z,249.667,859,-5658.200195,-10046.200195,1438.5,29.300001,-4,-6.6,0,0,0,0,0,1,0,0,0,0,0,0,0,0,0,0,0
2026-03-21T16:07:42Z,249.936,860,-5658.200195,-10046.200195,1438.5,29.300001,-4,-6.6,0,0,0,0,0,1,0,0,0,0,0,0,0,0,0,0,0
2026-03-21T16:07:42Z,250.248,861,-5658.5,-10046.5,1438.599976,26,-10.5,-8.8,0,0,0,0,0,0,1,0,0,0,0,1,0,0,0,0,0
2026-03-21T16:07:42Z,250.505,862,-5658.5,-10046.5,1438.599976,26,-10.5,-8.8,0,0,0,0,0,0,1,0,0,0,0,1,0,0,0,0,0
2026-03-21T16:07:43Z,250.774,863,-5658.5,-10046.5,1438.599976,26,-10.5,-8.8,0,0,0,0,0,0,1,0,0,0,0,1,0,0,0,0,0
2026-03-21T16:07:43Z,251.038,864,-5658.700195,-10046.700195,1438.700073,22.5,-12.2,-11.1,0,0,0,1,0,0,1,0,0,0,0,0,0,0,0,0,0
2026-03-21T16:07:43Z,251.275,865,-5658.700195,-10046.700195,1438.700073,22.5,-12.2,-11.1,0,0,0,1,0,0,1,0,0,0,0,0,0,0,0,0,0
2026-03-21T16:07:43Z,251.542,866,-5658.700195,-10046.700195,1438.700073,22.5,-12.2,-11.1,0,0,0,1,0,0,1,0,0,0,0,0,0,0,0,0,0
2026-03-21T16:07:44Z,251.776,867,-5658.700195,-10046.700195,1438.700073,22.5,-12.2,-11.1,0,0,0,1,0,0,1,0,0,0,0,0,0,0,0,0,0
2026-03-21T16:07:44Z,252.042,868,-5658.899902,-10046.900391,1438.700073,19.1,-10.5,-7.8,0,0,0,1,0,0,1,0,0,0,0,0,0,0,0,0,0
2026-03-21T16:07:44Z,252.282,869,-5658.899902,-10046.900391,1438.700073,19.1,-10.5,-7.8,0,0,0,1,0,0,1,0,0,0,0,0,0,0,0,0,0
2026-03-21T16:07:45Z,252.546,870,-5658.899902,-10046.900391,1438.700073,19.1,-10.5,-7.8,0,0,0,1,0,0,1,0,0,0,0,0,0,0,0,0,0
2026-03-21T16:07:45Z,252.819,871,-5658.899902,-10046.900391,1438.700073,19.1,-10.5,-7.8,0,0,0,1,0,0,1,0,0,0,0,0,0,0,0,0,0
2026-03-21T16:07:45Z,253.078,872,-5659,-10047.100586,1438.5,15.900001,-6.7,-4.4,0,0,0,0,0,0,1,0,0,0,0,0,0,0,0,0,0
2026-03-21T16:07:45Z,253.300,873,-5659,-10047.100586,1438.5,15.900001,-6.7,-4.4,0,0,0,0,0,0,1,0,0,0,0,0,0,0,0,0,0
2026-03-21T16:07:46Z,253.567,874,-5659,-10047.100586,1438.5,15.900001,-6.7,-4.4,0,0,0,0,0,0,1,0,0,0,0,0,0,0,0,0,0
2026-03-21T16:07:46Z,253.807,875,-5659,-10047.100586,1438.5,15.900001,-6.7,-4.4,0,0,0,0,0,0,1,0,0,0,0,0,0,0,0,0,0
2026-03-21T16:07:46Z,254.074,876,-5659.100098,-10047.200195,1438.599976,13.900001,-7.1,-5.4,0,0,0,0,0,0,1,0,0,0,0,0,0,0,0,0,0
2026-03-21T16:07:46Z,254.300,877,-5659.100098,-10047.200195,1438.599976,13.900001,-7.1,-5.4,0,0,0,0,0,0,1,0,0,0,0,0,0,0,0,0,0
2026-03-21T16:07:47Z,254.569,878,-5659.100098,-10047.200195,1438.599976,13.900001,-7.1,-5.4,0,0,0,0,0,0,1,0,0,0,0,0,0,0,0,0,0
2026-03-21T16:07:47Z,254.838,879,-5659.100098,-10047.200195,1438.599976,13.900001,-7.1,-5.4,0,0,0,0,0,0,1,0,0,0,0,0,0,0,0,0,0
2026-03-21T16:07:47Z,255.104,880,-5659.100098,-10047.299805,1438.599976,12.5,-5.8,-5,0,0,0,0,0,0,0,0,0,0,0,0,0,0,0,0,0
2026-03-21T16:07:47Z,255.349,881,-5659.100098,-10047.299805,1438.599976,12.5,-5.8,-5,0,0,0,0,0,0,0,0,0,0,0,0,0,0,0,0,0
2026-03-21T16:07:48Z,255.613,882,-5659.100098,-10047.299805,1438.599976,12.5,-5.8,-5,0,0,0,0,0,0,0,0,0,0,0,0,0,0,0,0,0
2026-03-21T16:07:48Z,255.883,883,-5659.100098,-10047.299805,1438.599976,12.5,-5.8,-5,0,0,0,0,0,0,0,0,0,0,0,0,0,0,0,0,0
2026-03-21T16:07:48Z,256.172,884,-5659.100098,-10047.299805,1438.599976,12.7,-6.1,-5,0,0,0,0,0,0,0,0,0,0,0,0,0,0,0,0,0
2026-03-21T16:07:48Z,256.398,885,-5659.100098,-10047.299805,1438.599976,12.7,-6.1,-5,0,0,0,0,0,0,0,0,0,0,0,0,0,0,0,0,0
2026-03-21T16:07:49Z,256.664,886,-5659.100098,-10047.299805,1438.599976,12.7,-6.1,-5,0,0,0,0,0,0,0,0,0,0,0,0,0,0,0,0,0
2026-03-21T16:07:49Z,256.888,887,-5659.100098,-10047.200195,1438.599976,13.900001,-6.6,-5,0,0,0,0,0,0,1,0,0,0,0,0,0,0,0,0,0
2026-03-21T16:07:49Z,257.178,888,-5659.100098,-10047.200195,1438.599976,13.900001,-6.6,-5,0,0,0,0,0,0,1,0,0,0,0,0,0,0,0,0,0
2026-03-21T16:07:49Z,257.424,889,-5659.100098,-10047.200195,1438.599976,13.900001,-6.6,-5,0,0,0,0,0,0,1,0,0,0,0,0,0,0,0,0,0
2026-03-21T16:07:50Z,257.690,890,-5659.100098,-10047.200195,1438.599976,13.900001,-6.6,-5,0,0,0,0,0,0,1,0,0,0,0,0,0,0,0,0,0
2026-03-21T16:07:50Z,257.935,891,-5659,-10047.100586,1438.599976,15.7,-7.4,-5.2,0,0,0,0,0,0,1,0,0,0,0,0,0,0,0,0,0
2026-03-21T16:07:50Z,258.194,892,-5659,-10047.100586,1438.599976,15.7,-7.4,-5.2,0,0,0,0,0,0,1,0,0,0,0,0,0,0,0,0,0
2026-03-21T16:07:50Z,258.422,893,-5659,-10047.100586,1438.599976,15.7,-7.4,-5.2,0,0,0,0,0,0,1,0,0,0,0,0,0,0,0,0,0
2026-03-21T16:07:51Z,258.686,894,-5659,-10047.100586,1438.599976,15.7,-7.4,-5.2,0,0,0,0,0,0,1,0,0,0,0,0,0,0,0,0,0
2026-03-21T16:07:51Z,258.955,895,-5658.899902,-10046.900391,1438.599976,18.200001,-8.5,-5.2,0,0,0,0,0,0,1,0,0,0,0,0,0,0,0,0,0
2026-03-21T16:07:51Z,259.187,896,-5658.899902,-10046.900391,1438.599976,18.200001,-8.5,-5.2,0,0,0,0,0,0,1,0,0,0,0,0,0,0,0,0,0
2026-03-21T16:07:51Z,259.447,897,-5658.899902,-10046.900391,1438.599976,18.200001,-8.5,-5.2,0,0,0,0,0,0,1,0,0,0,0,0,0,0,0,0,0
2026-03-21T16:07:52Z,259.675,898,-5658.899902,-10046.900391,1438.599976,18.200001,-8.5,-5.2,0,0,0,0,0,0,1,0,0,0,0,0,0,0,0,0,0
2026-03-21T16:07:52Z,259.958,899,-5658.800293,-10046.700195,1438.599976,21.200001,-8.400001,-5.3,0,0,0,0,0,0,1,0,0,0,0,0,0,0,0,0,0
2026-03-21T16:07:52Z,260.185,900,-5658.800293,-10046.700195,1438.599976,21.200001,-8.400001,-5.3,0,0,0,0,0,0,1,0,0,0,0,0,0,0,0,0,0
2026-03-21T16:07:52Z,260.411,901,-5658.800293,-10046.700195,1438.599976,21.200001,-8.400001,-5.3,0,0,0,0,0,0,1,0,0,0,0,0,0,0,0,0,0
2026-03-21T16:07:53Z,260.675,902,-5658.800293,-10046.700195,1438.599976,21.200001,-8.400001,-5.3,0,0,0,0,0,0,1,0,0,0,0,0,0,0,0,0,0
2026-03-21T16:07:53Z,260.939,903,-5658.600098,-10046.400391,1438.599976,24.700001,-7.6,-5.7,0,0,0,0,0,0,1,0,0,0,0,0,0,0,0,0,0
2026-03-21T16:07:53Z,261.174,904,-5658.600098,-10046.400391,1438.599976,24.700001,-7.6,-5.7,0,0,0,0,0,0,1,0,0,0,0,0,0,0,0,0,0
2026-03-21T16:07:53Z,261.405,905,-5658.600098,-10046.400391,1438.599976,24.700001,-7.6,-5.7,0,0,0,0,0,0,1,0,0,0,0,0,0,0,0,0,0
2026-03-21T16:07:54Z,261.667,906,-5658.600098,-10046.400391,1438.599976,24.700001,-7.6,-5.7,0,0,0,0,0,0,1,0,0,0,0,0,0,0,0,0,0
2026-03-21T16:07:54Z,261.922,907,-5658.600098,-10046.400391,1438.599976,24.700001,-7.6,-5.7,0,0,0,0,0,0,1,0,0,0,0,0,0,0,0,0,0
2026-03-21T16:07:54Z,262.215,908,-5658.300293,-10046.100586,1438.599976,29.200001,-8.1,-9,0,0,0,0,0,1,1,0,0,0,0,1,0,0,0,0,0
2026-03-21T16:07:54Z,262.479,909,-5658.300293,-10046.100586,1438.599976,29.200001,-8.1,-9,0,0,0,0,0,1,1,0,0,0,0,1,0,0,0,0,0
2026-03-21T16:07:55Z,262.741,910,-5658.300293,-10046.100586,1438.599976,29.200001,-8.1,-9,0,0,0,0,0,1,1,0,0,0,0,1,0,0,0,0,0
2026-03-21T16:07:55Z,262.980,911,-5658,-10045.900391,1438.5,34,-8,-13.2,0,0,0,0,0,1,0,0,0,0,0,0,0,0,0,0,0
2026-03-21T16:07:55Z,263.233,912,-5658,-10045.900391,1438.5,34,-8,-13.2,0,0,0,0,0,1,0,0,0,0,0,0,0,0,0,0,0
2026-03-21T16:07:55Z,263.495,913,-5658,-10045.900391,1438.5,34,-8,-13.2,0,0,0,0,0,1,0,0,0,0,0,0,0,0,0,0,0
2026-03-21T16:07:56Z,263.761,914,-5658,-10045.900391,1438.5,34,-8,-13.2,0,0,0,0,0,1,0,0,0,0,0,0,0,0,0,0,0
2026-03-21T16:07:56Z,264.025,915,-5657.600098,-10045.600586,1438.5,39.200001,-5.6,-15.6,0,0,0,0,0,0,0,0,0,0,0,0,0,0,0,0,0
2026-03-21T16:07:56Z,264.289,916,-5657.600098,-10045.600586,1438.5,39.200001,-5.6,-15.6,0,0,0,0,0,0,0,0,0,0,0,0,0,0,0,0,0
2026-03-21T16:07:57Z,264.525,917,-5657.600098,-10045.600586,1438.5,39.200001,-5.6,-15.6,0,0,0,0,0,0,0,0,0,0,0,0,0,0,0,0,0
2026-03-21T16:07:57Z,264.801,918,-5657.600098,-10045.600586,1438.5,39.200001,-5.6,-15.6,0,0,0,0,0,0,0,0,0,0,0,0,0,0,0,0,0
2026-03-21T16:07:57Z,265.060,919,-5657.399902,-10045.5,1438.5,39.299999,-5,-15.7,0,0,0,0,0,0,0,0,0,0,0,0,0,0,0,0,0
2026-03-21T16:07:57Z,265.293,920,-5657.399902,-10045.5,1438.5,39.299999,-5,-15.7,0,0,0,0,0,0,0,0,0,0,0,0,0,0,0,0,0
2026-03-21T16:07:58Z,265.555,921,-5657.399902,-10045.5,1438.5,39.299999,-5,-15.7,0,0,0,0,0,0,0,0,0,0,0,0,0,0,0,0,0
2026-03-21T16:07:58Z,265.822,922,-5657.399902,-10045.5,1438.5,39.299999,-5,-15.7,0,0,0,0,0,0,0,0,0,0,0,0,0,0,0,0,0
2026-03-21T16:07:58Z,266.090,923,-5657.399902,-10045.5,1438.5,39.100002,-4.5,-16.200001,0,0,0,0,0,0,0,0,0,0,0,0,0,0,0,0,0
2026-03-21T16:07:58Z,266.354,924,-5657.399902,-10045.5,1438.5,39.100002,-4.5,-16.200001,0,0,0,0,0,0,0,0,0,0,0,0,0,0,0,0,0
2026-03-21T16:07:59Z,266.620,925,-5657.399902,-10045.5,1438.5,39.100002,-4.5,-16.200001,0,0,0,0,0,0,0,0,0,0,0,0,0,0,0,0,0
2026-03-21T16:07:59Z,266.893,926,-5657.399902,-10045.5,1438.5,38.900002,-4.5,-16,0,0,0,0,0,0,0,0,0,0,0,0,0,0,0,0,0
2026-03-21T16:07:59Z,267.146,927,-5657.399902,-10045.5,1438.5,38.900002,-4.5,-16,0,0,0,0,0,0,0,0,0,0,0,0,0,0,0,0,0
2026-03-21T16:07:59Z,267.387,928,-5657.399902,-10045.5,1438.5,38.900002,-4.5,-16,0,0,0,0,0,0,0,0,0,0,0,0,0,0,0,0,0
2026-03-21T16:08:00Z,267.651,929,-5657.399902,-10045.5,1438.5,38.900002,-4.5,-16,0,0,0,0,0,0,0,0,0,0,0,0,0,0,0,0,0
2026-03-21T16:08:00Z,267.917,930,-5657.399902,-10045.5,1438.5,38.900002,-4.7,-16,0,0,0,0,0,0,0,0,0,0,0,0,0,0,0,0,0
2026-03-21T16:08:00Z,268.172,931,-5657.399902,-10045.5,1438.5,38.900002,-4.7,-16,0,0,0,0,0,0,0,0,0,0,0,0,0,0,0,0,0
2026-03-21T16:08:00Z,268.414,932,-5657.399902,-10045.5,1438.5,38.900002,-4.7,-16,0,0,0,0,0,0,0,0,0,0,0,0,0,0,0,0,0
2026-03-21T16:08:01Z,268.654,933,-5657.399902,-10045.5,1438.5,38.900002,-4.7,-16,0,0,0,0,0,0,0,0,0,0,0,0,0,0,0,0,0
2026-03-21T16:08:01Z,268.917,934,-5657.399902,-10045.5,1438.5,38.900002,-4.7,-16,0,0,0,0,0,0,0,0,0,0,0,0,0,0,0,0,0
2026-03-21T16:08:01Z,269.204,935,-5657.399902,-10045.5,1438.5,38.799999,-4.7,-16,0,0,0,0,0,0,0,0,0,0,0,0,0,0,0,0,0
2026-03-21T16:08:01Z,269.436,936,-5657.399902,-10045.5,1438.5,38.799999,-4.7,-16,0,0,0,0,0,0,0,0,0,0,0,0,0,0,0,0,0
2026-03-21T16:08:02Z,269.703,937,-5657.399902,-10045.5,1438.5,38.799999,-4.7,-16,0,0,0,0,0,0,0,0,0,0,0,0,0,0,0,0,0
2026-03-21T16:08:02Z,269.973,938,-5657.300293,-10045.5,1438.5,38.700001,-4.7,-16,0,0,0,0,0,0,0,0,0,0,0,0,0,0,0,0,0
2026-03-21T16:08:02Z,270.220,939,-5657.300293,-10045.5,1438.5,38.700001,-4.7,-16,0,0,0,0,0,0,0,0,0,0,0,0,0,0,0,0,0
2026-03-21T16:08:02Z,270.481,940,-5657.300293,-10045.5,1438.5,38.700001,-4.7,-16,0,0,0,0,0,0,0,0,0,0,0,0,0,0,0,0,0
2026-03-21T16:08:03Z,270.742,941,-5657.300293,-10045.5,1438.5,38.700001,-4.7,-16,0,0,0,0,0,0,0,0,0,0,0,0,0,0,0,0,0
2026-03-21T16:08:03Z,271.006,942,-5657.300293,-10045.5,1438.5,38.600002,-4.7,-16,0,0,0,0,0,0,0,0,0,0,0,0,0,0,0,0,0
2026-03-21T16:08:03Z,271.262,943,-5657.300293,-10045.5,1438.5,38.600002,-4.7,-16,0,0,0,0,0,0,0,0,0,0,0,0,0,0,0,0,0
2026-03-21T16:08:04Z,271.523,944,-5657.300293,-10045.5,1438.5,38.600002,-4.7,-16,0,0,0,0,0,0,0,0,0,0,0,0,0,0,0,0,0
2026-03-21T16:08:04Z,271.786,945,-5657.300293,-10045.5,1438.5,38.600002,-4.7,-16,0,0,0,0,0,0,0,0,0,0,0,0,0,0,0,0,0
2026-03-21T16:08:04Z,272.049,946,-5657.300293,-10045.5,1438.5,38.600002,-4.7,-16,0,0,0,0,0,0,0,0,0,0,0,0,0,0,0,0,0
2026-03-21T16:08:04Z,272.287,947,-5657.300293,-10045.5,1438.5,38.600002,-4.7,-16,0,0,0,0,0,0,0,0,0,0,0,0,0,0,0,0,0
2026-03-21T16:08:05Z,272.548,948,-5657.300293,-10045.5,1438.5,38.600002,-4.7,-16,0,0,0,0,0,0,0,0,0,0,0,0,0,0,0,0,0
2026-03-21T16:08:05Z,272.810,949,-5657.300293,-10045.5,1438.5,38.600002,-4.7,-16,0,0,0,0,0,0,0,0,0,0,0,0,0,0,0,0,0
2026-03-21T16:08:05Z,273.071,950,-5657.300293,-10045.5,1438.5,38.5,-4.7,-16,0,0,0,0,0,0,0,0,0,0,0,0,0,0,0,0,0
2026-03-21T16:08:05Z,273.313,951,-5657.300293,-10045.5,1438.5,38.5,-4.7,-16,0,0,0,0,0,0,0,0,0,0,0,0,0,0,0,0,0
2026-03-21T16:08:06Z,273.577,952,-5657.300293,-10045.5,1438.5,38.5,-4.7,-16,0,0,0,0,0,0,0,0,0,0,0,0,0,0,0,0,0
2026-03-21T16:08:06Z,273.846,953,-5657.300293,-10045.5,1438.5,38.5,-4.7,-16,0,0,0,0,0,0,0,0,0,0,0,0,0,0,0,0,0
2026-03-21T16:08:06Z,274.107,954,-5657.300293,-10045.5,1438.5,38.400002,-4.7,-16,0,0,0,0,0,0,0,0,0,0,0,0,0,0,0,0,0
2026-03-21T16:08:06Z,274.354,955,-5657.300293,-10045.5,1438.5,38.400002,-4.7,-16,0,0,0,0,0,0,0,0,0,0,0,0,0,0,0,0,0
2026-03-21T16:08:07Z,274.620,956,-5657.300293,-10045.5,1438.5,38.400002,-4.7,-16,0,0,0,0,0,0,0,0,0,0,0,0,0,0,0,0,0
2026-03-21T16:08:07Z,274.891,957,-5657.300293,-10045.5,1438.5,38.299999,-4.7,-16,0,0,0,0,0,0,0,0,0,0,0,0,0,0,0,0,0
2026-03-21T16:08:07Z,275.228,958,-5657.300293,-10045.5,1438.5,38.299999,-4.7,-16,0,0,0,0,0,0,0,0,0,0,0,0,0,0,0,0,0
2026-03-21T16:08:07Z,275.465,959,-5657.300293,-10045.5,1438.5,38.299999,-4.7,-16,0,0,0,0,0,0,0,0,0,0,0,0,0,0,0,0,0
2026-03-21T16:08:08Z,275.715,960,-5657.300293,-10045.5,1438.5,38.299999,-4.7,-16,0,0,0,0,0,0,0,0,0,0,0,0,0,0,0,0,0
2026-03-21T16:08:08Z,275.979,961,-5657.300293,-10045.5,1438.5,38.299999,-4.8,-16,0,0,0,0,0,0,0,0,0,0,0,0,0,0,0,0,0
2026-03-21T16:08:08Z,276.194,962,-5657.300293,-10045.5,1438.5,38.299999,-4.8,-16,0,0,0,0,0,0,0,0,0,0,0,0,0,0,0,0,0
2026-03-21T16:08:08Z,276.413,963,-5657.300293,-10045.5,1438.5,38.299999,-4.8,-16,0,0,0,0,0,0,0,0,0,0,0,0,0,0,0,0,0
2026-03-21T16:08:09Z,276.676,964,-5657.300293,-10045.5,1438.5,38.299999,-4.8,-16,0,0,0,0,0,0,0,0,0,0,0,0,0,0,0,0,0
2026-03-21T16:08:09Z,276.897,965,-5657.5,-10045.600586,1438.5,38.5,-6.2,-15,0,0,0,0,0,0,0,0,0,0,0,0,0,0,0,0,0
2026-03-21T16:08:09Z,277.147,966,-5657.5,-10045.600586,1438.5,38.5,-6.2,-15,0,0,0,0,0,0,0,0,0,0,0,0,0,0,0,0,0
2026-03-21T16:08:09Z,277.364,967,-5657.5,-10045.600586,1438.5,38.5,-6.2,-15,0,0,0,0,0,0,0,0,0,0,0,0,0,0,0,0,0
2026-03-21T16:08:10Z,277.593,968,-5657.5,-10045.600586,1438.5,38.5,-6.2,-15,0,0,0,0,0,0,0,0,0,0,0,0,0,0,0,0,0
2026-03-21T16:08:10Z,277.854,969,-5657.5,-10045.600586,1438.5,38.5,-6.2,-15,0,0,0,0,0,0,0,0,0,0,0,0,0,0,0,0,0
2026-03-21T16:08:10Z,278.138,970,-5657.700195,-10045.900391,1438.5,37.900002,-6.1,-13.6,0,0,0,0,0,0,0,0,0,0,0,0,0,0,0,0,0
2026-03-21T16:08:10Z,278.370,971,-5657.700195,-10045.900391,1438.5,37.900002,-6.1,-13.6,0,0,0,0,0,0,0,0,0,0,0,0,0,0,0,0,0
2026-03-21T16:08:11Z,278.631,972,-5657.700195,-10045.900391,1438.5,37.900002,-6.1,-13.6,0,0,0,0,0,0,0,0,0,0,0,0,0,0,0,0,0
2026-03-21T16:08:11Z,278.896,973,-5658.100098,-10046.299805,1438.599976,37.200001,-5.9,-10.900001,0,0,0,0,0,1,1,0,0,0,0,0,0,0,0,0,0
2026-03-21T16:08:11Z,279.197,974,-5658.100098,-10046.299805,1438.599976,37.200001,-5.9,-10.900001,0,0,0,0,0,1,1,0,0,0,0,0,0,0,0,0,0
2026-03-21T16:08:11Z,279.457,975,-5658.100098,-10046.299805,1438.599976,37.200001,-5.9,-10.900001,0,0,0,0,0,1,1,0,0,0,0,0,0,0,0,0,0
2026-03-21T16:08:12Z,279.674,976,-5658.100098,-10046.299805,1438.599976,37.200001,-5.9,-10.900001,0,0,0,0,0,1,1,0,0,0,0,0,0,0,0,0,0
2026-03-21T16:08:12Z,279.945,977,-5658.399902,-10046.600586,1438.599976,36.200001,-4.9,-7.2,0,0,0,0,0,1,0,0,0,0,0,0,0,0,0,0,0
2026-03-21T16:08:12Z,280.236,978,-5658.399902,-10046.600586,1438.599976,36.200001,-4.9,-7.2,0,0,0,0,0,1,0,0,0,0,0,0,0,0,0,0,0
2026-03-21T16:08:12Z,280.499,979,-5658.399902,-10046.600586,1438.599976,36.200001,-4.9,-7.2,0,0,0,0,0,1,0,0,0,0,0,0,0,0,0,0,0
2026-03-21T16:08:13Z,280.757,980,-5658.399902,-10046.600586,1438.599976,36.200001,-4.9,-7.2,0,0,0,0,0,1,0,0,0,0,0,0,0,0,0,0,0
2026-03-21T16:08:13Z,281.022,981,-5658.800293,-10047.100586,1438.700073,35,-3.3,-4.6,0,0,0,0,0,1,1,0,0,0,0,0,0,0,0,0,0
2026-03-21T16:08:13Z,281.241,982,-5658.800293,-10047.100586,1438.700073,35,-3.3,-4.6,0,0,0,0,0,1,1,0,0,0,0,0,0,0,0,0,0
2026-03-21T16:08:13Z,281.486,983,-5658.800293,-10047.100586,1438.700073,35,-3.3,-4.6,0,0,0,0,0,1,1,0,0,0,0,0,0,0,0,0,0
2026-03-21T16:08:14Z,281.753,984,-5658.800293,-10047.100586,1438.700073,35,-3.3,-4.6,0,0,0,0,0,1,1,0,0,0,0,0,0,0,0,0,0
2026-03-21T16:08:14Z,282.018,985,-5659.300293,-10047.799805,1438.800049,35.100002,-0.8,-4.7,0,0,0,0,0,1,0,0,0,0,0,0,0,0,0,0,0
2026-03-21T16:08:14Z,282.252,986,-5659.300293,-10047.799805,1438.800049,35.100002,-0.8,-4.7,0,0,0,0,0,1,0,0,0,0,0,0,0,0,0,0,0
2026-03-21T16:08:14Z,282.478,987,-5659.300293,-10047.799805,1438.800049,35.100002,-0.8,-4.7,0,0,0,0,0,1,0,0,0,0,0,0,0,0,0,0,0
2026-03-21T16:08:15Z,282.743,988,-5659.300293,-10047.799805,1438.800049,35.100002,-0.8,-4.7,0,0,0,0,0,1,0,0,0,0,0,0,0,0,0,0,0
2026-03-21T16:08:15Z,283.004,989,-5659.700195,-10048.5,1438.700073,36,-0.1,-6,0,0,0,0,0,1,1,0,0,0,0,0,0,0,0,0,0
2026-03-21T16:08:15Z,283.226,990,-5659.700195,-10048.5,1438.700073,36,-0.1,-6,0,0,0,0,0,1,1,0,0,0,0,0,0,0,0,0,0
2026-03-21T16:08:20Z,283.494,991,-5659.700195,-10048.5,1438.700073,36,-0.1,-6,0,0,0,0,0,1,1,0,0,0,0,0,0,0,0,0,0
2026-03-21T16:08:21Z,288.770,992,-5662.200195,-10051.799805,1438.700073,47.799999,-0.1,-2.4,0,0,0,0,0,0,0,0,0,0,0,0,0,1,0,0,0
2026-03-21T16:08:21Z,289.030,993,-5662.200195,-10051.799805,1438.700073,47.700001,2.2,-2.4,0,0,0,0,0,0,0,0,0,0,0,0,0,0,0,0,0
2026-03-21T16:08:21Z,289.260,994,-5662.200195,-10051.799805,1438.700073,47.700001,2.2,-2.4,0,0,0,0,0,0,0,0,0,0,0,0,0,0,0,0,0
2026-03-21T16:08:22Z,289.524,995,-5662.200195,-10051.799805,1438.700073,47.700001,2.2,-2.4,0,0,0,0,0,0,0,0,0,0,0,0,0,0,0,0,0
2026-03-21T16:08:22Z,289.788,996,-5662.200195,-10051.799805,1438.700073,47.700001,2.2,-2.4,0,0,0,0,0,0,0,0,0,0,0,0,0,0,0,0,0
2026-03-21T16:08:22Z,290.052,997,-5662.200195,-10051.799805,1438.700073,47.799999,1.3,-2.4,0,0,0,0,0,0,0,0,0,0,0,0,0,0,0,0,0
2026-03-21T16:08:22Z,290.317,998,-5662.200195,-10051.799805,1438.700073,47.799999,1.3,-2.4,0,0,0,0,0,0,0,0,0,0,0,0,0,0,0,0,0
2026-03-21T16:08:23Z,290.566,999,-5662.200195,-10051.799805,1438.700073,47.799999,1.3,-2.4,0,0,0,0,0,0,0,0,0,0,0,0,0,0,0,0,0
2026-03-21T16:08:23Z,290.791,1000,-5662.200195,-10051.799805,1438.700073,47.799999,1.3,-2.4,0,0,0,0,0,0,0,0,0,0,0,0,0,0,0,0,0
2026-03-21T16:08:23Z,291.048,1001,-5662.100098,-10051.700195,1438.700073,49.100002,1.8,-2.4,0,0,0,0,0,0,0,0,0,0,0,0,0,0,0,0,0
2026-03-21T16:08:23Z,291.281,1002,-5662.100098,-10051.700195,1438.700073,49.100002,1.8,-2.4,0,0,0,0,0,0,0,0,0,0,0,0,0,0,0,0,0
2026-03-21T16:08:24Z,291.547,1003,-5662.100098,-10051.700195,1438.700073,49.100002,1.8,-2.4,0,0,0,0,0,0,0,0,0,0,0,0,0,0,0,0,0
2026-03-21T16:08:24Z,291.786,1004,-5662.100098,-10051.700195,1438.700073,49.100002,1.8,-2.4,0,0,0,0,0,0,0,0,0,0,0,0,0,0,0,0,0
2026-03-21T16:08:24Z,292.029,1005,-5662,-10051.700195,1438.700073,51.100002,1.7,-2.4,0,0,0,0,0,0,0,0,0,0,0,0,0,0,0,0,0
2026-03-21T16:08:24Z,292.275,1006,-5662,-10051.700195,1438.700073,51.100002,1.7,-2.4,0,0,0,0,0,0,0,0,0,0,0,0,0,0,0,0,0
2026-03-21T16:08:25Z,292.534,1007,-5662,-10051.700195,1438.700073,51.100002,1.7,-2.4,0,0,0,0,0,0,0,0,0,0,0,0,0,0,0,0,0
2026-03-21T16:08:25Z,292.798,1008,-5662,-10051.700195,1438.700073,51.100002,1.7,-2.4,0,0,0,0,0,0,0,0,0,0,0,0,0,0,0,0,0
2026-03-21T16:08:25Z,293.059,1009,-5661.700195,-10051.600586,1438.700073,54.100002,2,-2.3,0,0,0,0,0,0,0,0,0,0,0,0,0,0,0,0,0
2026-03-21T16:08:25Z,293.325,1010,-5661.700195,-10051.600586,1438.700073,54.100002,2,-2.3,0,0,0,0,0,0,0,0,0,0,0,0,0,0,0,0,0
2026-03-21T16:08:26Z,293.580,1011,-5661.700195,-10051.600586,1438.700073,54.100002,2,-2.3,0,0,0,0,0,0,0,0,0,0,0,0,0,0,0,0,0
2026-03-21T16:08:26Z,293.843,1012,-5661.700195,-10051.600586,1438.700073,54.100002,2,-2.3,0,0,0,0,0,0,0,0,0,0,0,0,0,0,0,0,0
2026-03-21T16:08:26Z,294.108,1013,-5661.399902,-10051.5,1438.700073,57.900002,2,-2.3,0,0,0,0,0,0,0,0,0,0,0,0,0,0,0,0,0
2026-03-21T16:08:26Z,294.361,1014,-5661.399902,-10051.5,1438.700073,57.900002,2,-2.3,0,0,0,0,0,0,0,0,0,0,0,0,0,0,0,0,0
2026-03-21T16:08:27Z,294.624,1015,-5661.399902,-10051.5,1438.700073,57.900002,2,-2.3,0,0,0,0,0,0,0,0,0,0,0,0,0,0,0,0,0
2026-03-21T16:08:27Z,294.891,1016,-5661.100098,-10051.400391,1438.700073,62.200001,2.2,-2.2,0,0,0,0,0,0,0,0,0,0,0,0,0,0,0,0,0
2026-03-21T16:08:27Z,295.172,1017,-5661.100098,-10051.400391,1438.700073,62.200001,2.2,-2.2,0,0,0,0,0,0,0,0,0,0,0,0,0,0,0,0,0
2026-03-21T16:08:27Z,295.444,1018,-5661.100098,-10051.400391,1438.700073,62.200001,2.2,-2.2,0,0,0,0,0,0,0,0,0,0,0,0,0,0,0,0,0
2026-03-21T16:08:28Z,295.704,1019,-5661.100098,-10051.400391,1438.700073,62.200001,2.2,-2.2,0,0,0,0,0,0,0,0,0,0,0,0,0,0,0,0,0
2026-03-21T16:08:28Z,295.967,1020,-5661.100098,-10051.400391,1438.700073,62.200001,2.2,-2.2,0,0,0,0,0,0,0,0,0,0,0,0,0,0,0,0,0
2026-03-21T16:08:28Z,296.278,1021,-5660.700195,-10051.400391,1438.800049,67,2.4,-2.1,0,0,0,0,0,0,0,0,0,0,0,0,0,0,0,0,0
2026-03-21T16:08:29Z,296.540,1022,-5660.700195,-10051.400391,1438.800049,67,2.4,-2.1,0,0,0,0,0,0,0,0,0,0,0,0,0,0,0,0,0
2026-03-21T16:08:29Z,296.805,1023,-5660.700195,-10051.400391,1438.800049,67,2.4,-2.1,0,0,0,0,0,0,0,0,0,0,0,0,0,0,0,0,0
2026-03-21T16:08:29Z,297.062,1024,-5660.300293,-10051.400391,1438.800049,72.5,2.5,-1.9,0,0,0,0,0,0,0,0,0,0,0,0,0,0,0,0,0
2026-03-21T16:08:29Z,297.276,1025,-5660.300293,-10051.400391,1438.800049,72.5,2.5,-1.9,0,0,0,0,0,0,0,0,0,0,0,0,0,0,0,0,0
2026-03-21T16:08:29Z,297.538,1026,-5660.300293,-10051.400391,1438.800049,72.5,2.5,-1.9,0,0,0,0,0,0,0,0,0,0,0,0,0,0,0,0,0
2026-03-21T16:08:30Z,297.758,1027,-5660.300293,-10051.400391,1438.800049,72.5,2.5,-1.9,0,0,0,0,0,0,0,0,0,0,0,0,0,0,0,0,0
2026-03-21T16:08:30Z,298.022,1028,-5659.800293,-10051.400391,1438.800049,78.300003,2.6,-1.8,0,0,0,0,0,0,0,0,0,0,0,0,0,0,0,0,0
2026-03-21T16:08:30Z,298.243,1029,-5659.800293,-10051.400391,1438.800049,78.300003,2.6,-1.8,0,0,0,0,0,0,0,0,0,0,0,0,0,0,0,0,0
2026-03-21T16:08:30Z,298.506,1030,-5659.800293,-10051.400391,1438.800049,78.300003,2.6,-1.8,0,0,0,0,0,0,0,0,0,0,0,0,0,0,0,0,0
2026-03-21T16:08:31Z,298.751,1031,-5659.800293,-10051.400391,1438.800049,78.300003,2.6,-1.8,0,0,0,0,0,0,0,0,0,0,0,0,0,0,0,0,0
2026-03-21T16:08:31Z,299.012,1032,-5659.300293,-10051.5,1438.800049,84.700005,2.9,-1.4,0,0,0,0,0,0,0,0,0,1,0,0,0,0,0,0,0
2026-03-21T16:08:31Z,299.245,1033,-5659.300293,-10051.5,1438.800049,84.700005,2.9,-1.4,0,0,0,0,0,0,0,0,0,1,0,0,0,0,0,0,0
2026-03-21T16:08:31Z,299.504,1034,-5659.300293,-10051.5,1438.800049,84.700005,2.9,-1.4,0,0,0,0,0,0,0,0,0,1,0,0,0,0,0,0,0
2026-03-21T16:08:32Z,299.760,1035,-5659.300293,-10051.5,1438.800049,84.700005,2.9,-1.4,0,0,0,0,0,0,0,0,0,1,0,0,0,0,0,0,0
2026-03-21T16:08:32Z,299.978,1036,-5658.700195,-10051.600586,1438.800049,91.200005,3.2,-1,0,0,0,0,0,0,0,0,0,0,0,0,0,0,0,0,0
2026-03-21T16:08:32Z,300.212,1037,-5658.700195,-10051.600586,1438.800049,91.200005,3.2,-1,0,0,0,0,0,0,0,0,0,0,0,0,0,0,0,0,0
2026-03-21T16:08:32Z,300.449,1038,-5658.700195,-10051.600586,1438.800049,91.200005,3.2,-1,0,0,0,0,0,0,0,0,0,0,0,0,0,0,0,0,0
2026-03-21T16:08:33Z,300.718,1039,-5658.700195,-10051.600586,1438.800049,91.200005,3.2,-1,0,0,0,0,0,0,0,0,0,0,0,0,0,0,0,0,0
2026-03-21T16:08:33Z,300.983,1040,-5658.200195,-10051.799805,1438.900024,98.200005,3.1,-1,0,0,0,0,0,0,0,0,0,0,0,0,0,0,0,0,0
2026-03-21T16:08:33Z,301.221,1041,-5658.200195,-10051.799805,1438.900024,98.200005,3.1,-1,0,0,0,0,0,0,0,0,0,0,0,0,0,0,0,0,0
2026-03-21T16:08:33Z,301.455,1042,-5658.200195,-10051.799805,1438.900024,98.200005,3.1,-1,0,0,0,0,0,0,0,0,0,0,0,0,0,0,0,0,0
2026-03-21T16:08:34Z,301.716,1043,-5658.200195,-10051.799805,1438.900024,98.200005,3.1,-1,0,0,0,0,0,0,0,0,0,0,0,0,0,0,0,0,0
2026-03-21T16:08:34Z,301.961,1044,-5657.700195,-10052.100586,1438.900024,104.300003,3,-1,0,0,0,0,0,0,0,0,0,0,0,0,0,0,0,0,0
2026-03-21T16:08:34Z,302.200,1045,-5657.700195,-10052.100586,1438.900024,104.300003,3,-1,0,0,0,0,0,0,0,0,0,0,0,0,0,0,0,0,0
2026-03-21T16:08:34Z,302.463,1046,-5657.700195,-10052.100586,1438.900024,104.300003,3,-1,0,0,0,0,0,0,0,0,0,0,0,0,0,0,0,0,0
2026-03-21T16:08:35Z,302.693,1047,-5657.700195,-10052.100586,1438.900024,104.300003,3,-1,0,0,0,0,0,0,0,0,0,0,0,0,0,0,0,0,0
2026-03-21T16:08:35Z,302.957,1048,-5657.700195,-10052.100586,1438.900024,104.300003,3,-1,0,0,0,0,0,0,0,0,0,0,0,0,0,0,0,0,0
2026-03-21T16:08:35Z,303.260,1049,-5657.300293,-10052.400391,1438.900024,111.200005,2.9,-0.7,0,0,0,0,0,0,0,0,0,0,0,0,0,0,0,0,0
2026-03-21T16:08:35Z,303.491,1050,-5657.300293,-10052.400391,1438.900024,111.200005,2.9,-0.7,0,0,0,0,0,0,0,0,0,0,0,0,0,0,0,0,0
2026-03-21T16:08:36Z,303.754,1051,-5657.300293,-10052.400391,1438.900024,111.200005,2.9,-0.7,0,0,0,0,0,0,0,0,0,0,0,0,0,0,0,0,0
2026-03-21T16:08:36Z,304.018,1052,-5657.300293,-10052.400391,1438.900024,111.200005,2.9,-0.7,0,0,0,0,0,0,0,0,0,0,0,0,0,0,0,0,0
2026-03-21T16:08:36Z,304.318,1053,-5656.899902,-10052.700195,1438.900024,117.200005,3.1,-0.5,0,0,0,0,0,0,0,0,0,0,0,0,0,0,0,0,0
2026-03-21T16:08:37Z,304.581,1054,-5656.899902,-10052.700195,1438.900024,117.200005,3.1,-0.5,0,0,0,0,0,0,0,0,0,0,0,0,0,0,0,0,0
2026-03-21T16:08:37Z,304.847,1055,-5656.899902,-10052.700195,1438.900024,117.200005,3.1,-0.5,0,0,0,0,0,0,0,0,0,0,0,0,0,0,0,0,0
2026-03-21T16:08:37Z,305.109,1056,-5656.5,-10053.100586,1439,123.900002,3,-0.2,0,0,0,0,0,0,0,0,0,0,0,0,0,0,0,0,0
2026-03-21T16:08:37Z,305.360,1057,-5656.5,-10053.100586,1439,123.900002,3,-0.2,0,0,0,0,0,0,0,0,0,0,0,0,0,0,0,0,0
2026-03-21T16:08:38Z,305.635,1058,-5656.5,-10053.100586,1439,123.900002,3,-0.2,0,0,0,0,0,0,0,0,0,0,0,0,0,0,0,0,0
2026-03-21T16:08:38Z,305.868,1059,-5656.5,-10053.100586,1439,123.900002,3,-0.2,0,0,0,0,0,0,0,0,0,0,0,0,0,0,0,0,0
2026-03-21T16:08:38Z,306.129,1060,-5656.100098,-10053.600586,1439,131.300003,2.9,0.1,0,0,0,0,0,0,0,0,0,0,0,0,0,0,0,0,0
2026-03-21T16:08:38Z,306.383,1061,-5656.100098,-10053.600586,1439,131.300003,2.9,0.1,0,0,0,0,0,0,0,0,0,0,0,0,0,0,0,0,0
2026-03-21T16:08:39Z,306.645,1062,-5656.100098,-10053.600586,1439,131.300003,2.9,0.1,0,0,0,0,0,0,0,0,0,0,0,0,0,0,0,0,0
2026-03-21T16:08:39Z,306.910,1063,-5656.100098,-10053.600586,1439,131.300003,2.9,0.1,0,0,0,0,0,0,0,0,0,0,0,0,0,0,0,0,0
2026-03-21T16:08:39Z,307.171,1064,-5655.800293,-10054.200195,1439,138.699997,2.9,0.3,0,0,0,0,0,0,0,0,0,0,0,0,0,0,0,0,0
2026-03-21T16:08:39Z,307.415,1065,-5655.800293,-10054.200195,1439,138.699997,2.9,0.3,0,0,0,0,0,0,0,0,0,0,0,0,0,0,0,0,0
2026-03-21T16:08:40Z,307.677,1066,-5655.800293,-10054.200195,1439,138.699997,2.9,0.3,0,0,0,0,0,0,0,0,0,0,0,0,0,0,0,0,0
2026-03-21T16:08:40Z,307.941,1067,-5655.800293,-10054.200195,1439,138.699997,2.9,0.3,0,0,0,0,0,0,0,0,0,0,0,0,0,0,0,0,0
2026-03-21T16:08:40Z,308.199,1068,-5655.600098,-10054.700195,1439,145.400009,3,0.3,0,0,0,0,0,0,0,0,0,0,0,0,0,0,0,0,1
2026-03-21T16:08:40Z,308.451,1069,-5655.600098,-10054.700195,1439,145.400009,3,0.3,0,0,0,0,0,0,0,0,0,0,0,0,0,0,0,0,1
2026-03-21T16:08:41Z,308.716,1070,-5655.600098,-10054.700195,1439,145.400009,3,0.3,0,0,0,0,0,0,0,0,0,0,0,0,0,0,0,0,1
2026-03-21T16:08:41Z,308.979,1071,-5655.399902,-10055.299805,1439.099976,152.300003,3.3,0.1,0,0,0,0,0,0,0,0,0,0,0,0,0,0,0,0,0
2026-03-21T16:08:41Z,309.215,1072,-5655.399902,-10055.299805,1439.099976,152.300003,3.3,0.1,0,0,0,0,0,0,0,0,0,0,0,0,0,0,0,0,0
2026-03-21T16:08:41Z,309.473,1073,-5655.399902,-10055.299805,1439.099976,152.300003,3.3,0.1,0,0,0,0,0,0,0,0,0,0,0,0,0,0,0,0,0
2026-03-21T16:08:42Z,309.735,1074,-5655.399902,-10055.299805,1439.099976,152.300003,3.3,0.1,0,0,0,0,0,0,0,0,0,0,0,0,0,0,0,0,0
2026-03-21T16:08:42Z,309.994,1075,-5655.200195,-10056,1439.099976,158.300003,3.1,1.9,0,0,1,0,0,0,0,0,0,0,0,0,0,0,0,0,0
2026-03-21T16:08:42Z,310.244,1076,-5655.200195,-10056,1439.099976,158.300003,3.1,1.9,0,0,1,0,0,0,0,0,0,0,0,0,0,0,0,0,0
2026-03-21T16:08:42Z,310.500,1077,-5655.200195,-10056,1439.099976,158.300003,3.1,1.9,0,0,1,0,0,0,0,0,0,0,0,0,0,0,0,0,0
2026-03-21T16:08:43Z,310.763,1078,-5655.200195,-10056,1439.099976,158.300003,3.1,1.9,0,0,1,0,0,0,0,0,0,0,0,0,0,0,0,0,0
2026-03-21T16:08:43Z,311.007,1079,-5655.100098,-10056.700195,1439.099976,161.699997,1.3,2.8,0,0,1,0,0,0,0,0,0,0,0,0,0,0,0,0,0
2026-03-21T16:08:43Z,311.273,1080,-5655.100098,-10056.700195,1439.099976,161.699997,1.3,2.8,0,0,1,0,0,0,0,0,0,0,0,0,0,0,0,0,0
2026-03-21T16:08:43Z,311.510,1081,-5655.100098,-10056.700195,1439.099976,161.699997,1.3,2.8,0,0,1,0,0,0,0,0,0,0,0,0,0,0,0,0,0
2026-03-21T16:08:44Z,311.773,1082,-5655.100098,-10056.700195,1439.099976,161.699997,1.3,2.8,0,0,1,0,0,0,0,0,0,0,0,0,0,0,0,0,0
2026-03-21T16:08:44Z,312.015,1083,-5654.899902,-10057.400391,1439.099976,164.600006,-1.4,1.1,0,0,1,0,0,0,0,0,0,0,0,0,0,0,0,0,0
2026-03-21T16:08:44Z,312.300,1084,-5654.899902,-10057.400391,1439.099976,164.600006,-1.4,1.1,0,0,1,0,0,0,0,0,0,0,0,0,0,0,0,0,0
2026-03-21T16:08:45Z,312.579,1085,-5654.899902,-10057.400391,1439.099976,164.600006,-1.4,1.1,0,0,1,0,0,0,0,0,0,0,0,0,0,0,0,0,0
2026-03-21T16:08:45Z,312.850,1086,-5654.899902,-10057.400391,1439.099976,164.600006,-1.4,1.1,0,0,1,0,0,0,0,0,0,0,0,0,0,0,0,0,0
2026-03-21T16:08:45Z,313.138,1087,-5654.800293,-10058.200195,1439,166.300003,-1.8,0.7,0,0,1,0,0,0,0,0,0,0,0,0,0,0,0,0,0
2026-03-21T16:08:45Z,313.376,1088,-5654.800293,-10058.200195,1439,166.300003,-1.8,0.7,0,0,1,0,0,0,0,0,0,0,0,0,0,0,0,0,0
2026-03-21T16:08:46Z,313.634,1089,-5654.800293,-10058.200195,1439,166.300003,-1.8,0.7,0,0,1,0,0,0,0,0,0,0,0,0,0,0,0,0,0
2026-03-21T16:08:46Z,313.895,1090,-5654.800293,-10058.200195,1439,166.300003,-1.8,0.7,0,0,1,0,0,0,0,0,0,0,0,0,0,0,0,0,0
2026-03-21T16:08:46Z,314.183,1091,-5654.5,-10059.299805,1439.099976,167.800003,0.7,0.3,0,1,0,0,0,1,0,0,0,0,0,0,0,0,0,0,0
2026-03-21T16:08:46Z,314.423,1092,-5654.5,-10059.299805,1439.099976,167.800003,0.7,0.3,0,1,0,0,0,1,0,0,0,0,0,0,0,0,0,0,0
2026-03-21T16:08:47Z,314.681,1093,-5654.5,-10059.299805,1439.099976,167.800003,0.7,0.3,0,1,0,0,0,1,0,0,0,0,0,0,0,0,0,0,0
2026-03-21T16:08:47Z,314.947,1094,-5654.5,-10059.299805,1439.099976,167.800003,0.7,0.3,0,1,0,0,0,1,0,0,0,0,0,0,0,0,0,0,0
2026-03-21T16:08:47Z,315.213,1095,-5654.300293,-10060.400391,1439.300049,169.600006,7.3,-0.3,0,0,0,0,0,0,0,0,0,0,0,0,0,0,0,0,0
2026-03-21T16:08:47Z,315.473,1096,-5654.300293,-10060.400391,1439.300049,169.600006,7.3,-0.3,0,0,0,0,0,0,0,0,0,0,0,0,0,0,0,0,0
2026-03-21T16:08:48Z,315.736,1097,-5654.300293,-10060.400391,1439.300049,169.600006,7.3,-0.3,0,0,0,0,0,0,0,0,0,0,0,0,0,0,0,0,0
2026-03-21T16:08:48Z,316.007,1098,-5654.200195,-10061.400391,1439.300049,170.400009,11.2,-0.6,0,0,0,0,0,0,0,0,0,0,0,0,0,0,0,0,0
2026-03-21T16:08:48Z,316.343,1099,-5654.200195,-10061.400391,1439.300049,170.400009,11.2,-0.6,0,0,0,0,0,0,0,0,0,0,0,0,0,0,0,0,0
2026-03-21T16:08:49Z,316.608,1100,-5654.200195,-10061.400391,1439.300049,170.400009,11.2,-0.6,0,0,0,0,0,0,0,0,0,0,0,0,0,0,0,0,0
2026-03-21T16:08:49Z,316.843,1101,-5654.200195,-10061.400391,1439.300049,170.400009,11.2,-0.6,0,0,0,0,0,0,0,0,0,0,0,0,0,0,0,0,0
2026-03-21T16:08:49Z,317.106,1102,-5654.100098,-10062.299805,1439.400024,165.600006,5.3,1.6,0,0,0,0,0,0,0,0,0,0,0,0,0,0,0,0,0
2026-03-21T16:08:49Z,317.347,1103,-5654.100098,-10062.299805,1439.400024,165.600006,5.3,1.6,0,0,0,0,0,0,0,0,0,0,0,0,0,0,0,0,0
2026-03-21T16:08:50Z,317.605,1104,-5654.100098,-10062.299805,1439.400024,165.600006,5.3,1.6,0,0,0,0,0,0,0,0,0,0,0,0,0,0,0,0,0
2026-03-21T16:08:50Z,317.851,1105,-5654.100098,-10062.299805,1439.400024,165.600006,5.3,1.6,0,0,0,0,0,0,0,0,0,0,0,0,0,0,0,0,0
2026-03-21T16:08:50Z,318.111,1106,-5654.300293,-10062.400391,1439.400024,155,1.3,-1.8,0,0,1,0,0,0,0,0,0,0,0,0,0,0,0,0,0
2026-03-21T16:08:50Z,318.356,1107,-5654.300293,-10062.400391,1439.400024,155,1.3,-1.8,0,0,1,0,0,0,0,0,0,0,0,0,0,0,0,0,0
2026-03-21T16:08:51Z,318.614,1108,-5654.300293,-10062.400391,1439.400024,155,1.3,-1.8,0,0,1,0,0,0,0,0,0,0,0,0,0,0,0,0,0
2026-03-21T16:08:51Z,318.882,1109,-5654.300293,-10062.400391,1439.400024,155,1.3,-1.8,0,0,1,0,0,0,0,0,0,0,0,0,0,0,0,0,0
2026-03-21T16:08:51Z,319.153,1110,-5654.5,-10062.5,1439.400024,147.300003,6.1,-2.7,0,0,1,1,0,0,1,0,0,0,0,0,0,0,1,0,0
2026-03-21T16:08:51Z,319.397,1111,-5654.5,-10062.5,1439.400024,147.300003,6.1,-2.7,0,0,1,1,0,0,1,0,0,0,0,0,0,0,1,0,0
2026-03-21T16:08:52Z,319.658,1112,-5654.5,-10062.5,1439.400024,147.300003,6.1,-2.7,0,0,1,1,0,0,1,0,0,0,0,0,0,0,1,0,0
2026-03-21T16:08:52Z,319.893,1113,-5654.5,-10062.5,1439.400024,147.300003,6.1,-2.7,0,0,1,1,0,0,1,0,0,0,0,0,0,0,1,0,0
2026-03-21T16:08:52Z,320.168,1114,-5654.5,-10062.5,1439.300049,147.100006,6.5,-2.4,0,0,1,1,0,0,1,0,0,0,0,0,0,0,1,0,0
2026-03-21T16:08:52Z,320.441,1115,-5654.5,-10062.5,1439.300049,147.100006,6.5,-2.4,0,0,1,1,0,0,1,0,0,0,0,0,0,0,1,0,0
2026-03-21T16:08:53Z,320.700,1116,-5654.5,-10062.5,1439.300049,147.100006,6.5,-2.4,0,0,1,1,0,0,1,0,0,0,0,0,0,0,1,0,0
2026-03-21T16:08:53Z,320.967,1117,-5654.600098,-10062.5,1439.300049,147.300003,4.7,-3.6,0,0,0,0,0,0,1,0,0,0,0,0,0,0,0,0,0
2026-03-21T16:08:53Z,321.209,1118,-5654.600098,-10062.5,1439.300049,147.300003,4.7,-3.6,0,0,0,0,0,0,1,0,0,0,0,0,0,0,0,0,0
2026-03-21T16:08:53Z,321.464,1119,-5654.600098,-10062.5,1439.300049,147.300003,4.7,-3.6,0,0,0,0,0,0,1,0,0,0,0,0,0,0,0,0,0
2026-03-21T16:08:54Z,321.738,1120,-5654.600098,-10062.5,1439.300049,147.300003,4.7,-3.6,0,0,0,0,0,0,1,0,0,0,0,0,0,0,0,0,0
2026-03-21T16:08:54Z,321.989,1121,-5654.5,-10062.600586,1439.400024,148.300003,5.6,-2.9,0,0,1,0,0,0,0,0,0,0,0,0,0,0,0,0,0
2026-03-21T16:08:54Z,322.247,1122,-5654.5,-10062.600586,1439.400024,148.300003,5.6,-2.9,0,0,1,0,0,0,0,0,0,0,0,0,0,0,0,0,0
2026-03-21T16:08:54Z,322.478,1123,-5654.5,-10062.600586,1439.400024,148.300003,5.6,-2.9,0,0,1,0,0,0,0,0,0,0,0,0,0,0,0,0,0
2026-03-21T16:08:55Z,322.739,1124,-5654.5,-10062.600586,1439.400024,148.300003,5.6,-2.9,0,0,1,0,0,0,0,0,0,0,0,0,0,0,0,0,0
2026-03-21T16:08:55Z,322.980,1125,-5654.5,-10062.600586,1439.400024,149,5.2,-2.5,0,0,1,0,0,0,0,0,0,0,0,0,0,0,0,0,0
2026-03-21T16:08:55Z,323.207,1126,-5654.5,-10062.600586,1439.400024,149,5.2,-2.5,0,0,1,0,0,0,0,0,0,0,0,0,0,0,0,0,0
2026-03-21T16:08:55Z,323.474,1127,-5654.5,-10062.600586,1439.400024,149,5.2,-2.5,0,0,1,0,0,0,0,0,0,0,0,0,0,0,0,0,0
2026-03-21T16:08:56Z,323.737,1128,-5654.5,-10062.600586,1439.400024,149,5.2,-2.5,0,0,1,0,0,0,0,0,0,0,0,0,0,0,0,0,0
2026-03-21T16:08:56Z,323.999,1129,-5654.5,-10062.600586,1439.400024,149,5.9,-2.7,0,0,1,0,0,0,0,0,0,0,0,0,0,0,0,0,0
2026-03-21T16:08:56Z,324.227,1130,-5654.5,-10062.600586,1439.400024,149,5.9,-2.7,0,0,1,0,0,0,0,0,0,0,0,0,0,0,0,0,0
2026-03-21T16:08:56Z,324.479,1131,-5654.5,-10062.600586,1439.400024,149,5.9,-2.7,0,0,1,0,0,0,0,0,0,0,0,0,0,0,0,0,0
2026-03-21T16:08:57Z,324.741,1132,-5654.5,-10062.600586,1439.400024,149,5.9,-2.7,0,0,1,0,0,0,0,0,0,0,0,0,0,0,0,0,0
2026-03-21T16:08:57Z,325.005,1133,-5654.5,-10062.600586,1439.300049,149,5.9,-2.7,0,0,1,0,0,0,0,0,0,0,0,0,0,0,0,0,0
2026-03-21T16:08:57Z,325.249,1134,-5654.5,-10062.600586,1439.300049,149,5.9,-2.7,0,0,1,0,0,0,0,0,0,0,0,0,0,0,0,0,0
2026-03-21T16:08:57Z,325.476,1135,-5654.5,-10062.600586,1439.300049,149,5.9,-2.7,0,0,1,0,0,0,0,0,0,0,0,0,0,0,0,0,0
2026-03-21T16:08:58Z,325.734,1136,-5654.5,-10062.600586,1439.300049,149,5.9,-2.7,0,0,1,0,0,0,0,0,0,0,0,0,0,0,0,0,0
2026-03-21T16:08:58Z,325.981,1137,-5654.5,-10062.600586,1439.400024,149,5.4,-2.7,0,0,1,0,0,0,0,0,0,0,0,0,0,0,0,0,0
2026-03-21T16:08:58Z,326.213,1138,-5654.5,-10062.600586,1439.400024,149,5.4,-2.7,0,0,1,0,0,0,0,0,0,0,0,0,0,0,0,0,0
2026-03-21T16:08:58Z,326.443,1139,-5654.5,-10062.600586,1439.400024,149,5.4,-2.7,0,0,1,0,0,0,0,0,0,0,0,0,0,0,0,0,0
2026-03-21T16:08:59Z,326.710,1140,-5654.5,-10062.600586,1439.400024,149,5.4,-2.7,0,0,1,0,0,0,0,0,0,0,0,0,0,0,0,0,0
2026-03-21T16:08:59Z,326.974,1141,-5654.5,-10062.600586,1439.400024,149,5.3,-2.7,0,0,1,0,0,0,0,0,0,0,0,0,0,0,0,0,0
2026-03-21T16:08:59Z,327.207,1142,-5654.5,-10062.600586,1439.400024,149,5.3,-2.7,0,0,1,0,0,0,0,0,0,0,0,0,0,0,0,0,0
2026-03-21T16:08:59Z,327.461,1143,-5654.5,-10062.600586,1439.400024,149,5.3,-2.7,0,0,1,0,0,0,0,0,0,0,0,0,0,0,0,0,0
2026-03-21T16:09:00Z,327.719,1144,-5654.5,-10062.600586,1439.400024,149,5.3,-2.7,0,0,1,0,0,0,0,0,0,0,0,0,0,0,0,0,0
2026-03-21T16:09:00Z,327.949,1145,-5654.5,-10062.600586,1439.400024,149,5.6,-2.7,0,0,1,0,0,0,0,0,0,0,0,0,0,0,0,0,0
2026-03-21T16:09:00Z,328.169,1146,-5654.5,-10062.600586,1439.400024,149,5.6,-2.7,0,0,1,0,0,0,0,0,0,0,0,0,0,0,0,0,0
2026-03-21T16:09:00Z,328.390,1147,-5654.5,-10062.600586,1439.400024,149,5.6,-2.7,0,0,1,0,0,0,0,0,0,0,0,0,0,0,0,0,0
2026-03-21T16:09:01Z,328.608,1148,-5654.5,-10062.600586,1439.400024,149,5.6,-2.7,0,0,1,0,0,0,0,0,0,0,0,0,0,0,0,0,0
2026-03-21T16:09:01Z,328.868,1149,-5654.5,-10062.600586,1439.400024,149,5.6,-2.7,0,0,1,0,0,0,0,0,0,0,0,0,0,0,0,0,0
2026-03-21T16:09:01Z,329.152,1150,-5654.5,-10062.600586,1439.400024,149,5.7,-2.7,0,0,1,0,0,0,0,0,0,0,0,0,0,0,0,0,0
2026-03-21T16:09:01Z,329.420,1151,-5654.5,-10062.600586,1439.400024,149,5.7,-2.7,0,0,1,0,0,0,0,0,0,0,0,0,0,0,0,0,0
2026-03-21T16:09:02Z,329.686,1152,-5654.5,-10062.600586,1439.400024,149,5.7,-2.7,0,0,1,0,0,0,0,0,0,0,0,0,0,0,0,0,0
2026-03-21T16:09:02Z,329.954,1153,-5654.600098,-10062.5,1439.300049,149.100006,3.7,-3,0,0,1,0,0,0,0,0,0,0,0,0,0,0,0,0,0
2026-03-21T16:09:02Z,330.188,1154,-5654.600098,-10062.5,1439.300049,149.100006,3.7,-3,0,0,1,0,0,0,0,0,0,0,0,0,0,0,0,0,0
2026-03-21T16:09:02Z,330.452,1155,-5654.600098,-10062.5,1439.300049,149.100006,3.7,-3,0,0,1,0,0,0,0,0,0,0,0,0,0,0,0,0,0
2026-03-21T16:09:03Z,330.715,1156,-5654.600098,-10062.5,1439.300049,149.100006,3.7,-3,0,0,1,0,0,0,0,0,0,0,0,0,0,0,0,0,0
2026-03-21T16:09:03Z,330.977,1157,-5654.600098,-10062.5,1439.300049,149.100006,3.7,-3,0,0,1,0,0,0,0,0,0,0,0,0,0,0,0,0,0
2026-03-21T16:09:03Z,331.237,1158,-5654.800293,-10062.200195,1439.300049,149.600006,4.9,-3.5,0,0,1,0,0,0,0,0,0,0,0,0,0,0,0,0,0
2026-03-21T16:09:03Z,331.465,1159,-5654.800293,-10062.200195,1439.300049,149.600006,4.9,-3.5,0,0,1,0,0,0,0,0,0,0,0,0,0,0,0,0,0
2026-03-21T16:09:04Z,331.733,1160,-5654.800293,-10062.200195,1439.300049,149.600006,4.9,-3.5,0,0,1,0,0,0,0,0,0,0,0,0,0,0,0,0,0
2026-03-21T16:09:04Z,331.992,1161,-5655,-10061.900391,1439.300049,150.100006,6,-4,0,0,1,0,0,0,0,0,0,0,0,0,0,0,0,0,0
2026-03-21T16:09:04Z,332.210,1162,-5655,-10061.900391,1439.300049,150.100006,6,-4,0,0,1,0,0,0,0,0,0,0,0,0,0,0,0,0,0
2026-03-21T16:09:04Z,332.426,1163,-5655,-10061.900391,1439.300049,150.100006,6,-4,0,0,1,0,0,0,0,0,0,0,0,0,0,0,0,0,0
2026-03-21T16:09:05Z,332.641,1164,-5655,-10061.900391,1439.300049,150.100006,6,-4,0,0,1,0,0,0,0,0,0,0,0,0,0,0,0,0,0
2026-03-21T16:09:05Z,332.902,1165,-5655,-10061.900391,1439.300049,150.100006,6,-4,0,0,1,0,0,0,0,0,0,0,0,0,0,0,0,0,0
2026-03-21T16:09:05Z,333.163,1166,-5655.300293,-10061.400391,1439.200073,151,5.7,-4.1,0,0,0,0,0,0,0,0,0,0,0,0,0,0,0,0,0
2026-03-21T16:09:05Z,333.377,1167,-5655.300293,-10061.400391,1439.200073,151,5.7,-4.1,0,0,0,0,0,0,0,0,0,0,0,0,0,0,0,0,0
2026-03-21T16:09:06Z,333.637,1168,-5655.300293,-10061.400391,1439.200073,151,5.7,-4.1,0,0,0,0,0,0,0,0,0,0,0,0,0,0,0,0,0
2026-03-21T16:09:06Z,333.905,1169,-5655.300293,-10061.400391,1439.200073,151,5.7,-4.1,0,0,0,0,0,0,0,0,0,0,0,0,0,0,0,0,0
2026-03-21T16:09:06Z,334.162,1170,-5655.700195,-10060.799805,1439.200073,152,6,-3.2,0,0,0,0,0,0,0,0,0,0,0,0,0,0,0,0,0
2026-03-21T16:09:06Z,334.409,1171,-5655.700195,-10060.799805,1439.200073,152,6,-3.2,0,0,0,0,0,0,0,0,0,0,0,0,0,0,0,0,0
2026-03-21T16:09:07Z,334.671,1172,-5655.700195,-10060.799805,1439.200073,152,6,-3.2,0,0,0,0,0,0,0,0,0,0,0,0,0,0,0,0,0
2026-03-21T16:09:07Z,334.938,1173,-5656.100098,-10060,1439.200073,153.300003,4.1,-2.9,0,0,0,0,0,1,0,0,0,0,0,0,0,0,0,0,0
2026-03-21T16:09:07Z,335.155,1174,-5656.100098,-10060,1439.200073,153.300003,4.1,-2.9,0,0,0,0,0,1,0,0,0,0,0,0,0,0,0,0,0
2026-03-21T16:09:07Z,335.380,1175,-5656.100098,-10060,1439.200073,153.300003,4.1,-2.9,0,0,0,0,0,1,0,0,0,0,0,0,0,0,0,0,0
2026-03-21T16:09:08Z,335.644,1176,-5656.100098,-10060,1439.200073,153.300003,4.1,-2.9,0,0,0,0,0,1,0,0,0,0,0,0,0,0,0,0,0
2026-03-21T16:09:08Z,335.906,1177,-5656.100098,-10060,1439.200073,153.300003,4.1,-2.9,0,0,0,0,0,1,0,0,0,0,0,0,0,0,0,0,0
2026-03-21T16:09:13Z,336.121,1178,-5656.600098,-10059.100586,1439.099976,155,-0.7,-2.3,0,0,1,0,0,0,0,0,0,0,0,0,0,0,0,0,0
2026-03-21T16:09:13Z,341.356,1179,-5657.399902,-10057.600586,1439.099976,159.199997,-0.5,-1.8,0,0,0,0,0,0,0,0,0,0,0,0,0,1,0,0,0
2026-03-21T16:09:14Z,341.620,1180,-5657.399902,-10057.600586,1439.099976,159.199997,-0.5,-1.8,0,0,0,0,0,0,0,0,0,0,0,0,0,1,0,0,0
2026-03-21T16:09:14Z,341.886,1181,-5657.399902,-10057.600586,1439.099976,159.199997,-0.5,-1.8,0,0,0,0,0,0,0,0,0,0,0,0,0,1,0,0,0
2026-03-21T16:09:14Z,342.178,1182,-5657.399902,-10057.600586,1439,159.100006,3.1,-0.6,0,0,0,0,0,0,0,0,0,0,0,0,0,0,0,0,0
2026-03-21T16:09:14Z,342.399,1183,-5657.399902,-10057.600586,1439,159.100006,3.1,-0.6,0,0,0,0,0,0,0,0,0,0,0,0,0,0,0,0,0
2026-03-21T16:09:15Z,342.670,1184,-5657.399902,-10057.600586,1439,159.100006,3.1,-0.6,0,0,0,0,0,0,0,0,0,0,0,0,0,0,0,0,0
2026-03-21T16:09:15Z,342.942,1185,-5657.399902,-10057.600586,1439,159.100006,3.1,-0.6,0,0,0,0,0,0,0,0,0,0,0,0,0,0,0,0,0
2026-03-21T16:09:15Z,343.168,1186,-5657.399902,-10057.600586,1439,159.199997,1.5,-1.1,0,0,0,0,0,0,0,0,0,0,0,0,0,0,0,0,0
2026-03-21T16:09:15Z,343.422,1187,-5657.399902,-10057.600586,1439,159.199997,1.5,-1.1,0,0,0,0,0,0,0,0,0,0,0,0,0,0,0,0,0
2026-03-21T16:09:16Z,343.684,1188,-5657.399902,-10057.600586,1439,159.199997,1.5,-1.1,0,0,0,0,0,0,0,0,0,0,0,0,0,0,0,0,0
2026-03-21T16:09:16Z,343.947,1189,-5657.399902,-10057.600586,1439.099976,159.800003,1.4,-1,0,0,0,0,0,0,0,0,0,0,0,0,0,0,0,0,0
2026-03-21T16:09:16Z,344.172,1190,-5657.399902,-10057.600586,1439.099976,159.800003,1.4,-1,0,0,0,0,0,0,0,0,0,0,0,0,0,0,0,0,0
2026-03-21T16:09:16Z,344.440,1191,-5657.399902,-10057.600586,1439.099976,159.800003,1.4,-1,0,0,0,0,0,0,0,0,0,0,0,0,0,0,0,0,0
2026-03-21T16:09:17Z,344.704,1192,-5657.399902,-10057.600586,1439.099976,159.800003,1.4,-1,0,0,0,0,0,0,0,0,0,0,0,0,0,0,0,0,0
2026-03-21T16:09:17Z,344.964,1193,-5657.399902,-10057.600586,1439.099976,159.800003,1.4,-1,0,0,0,0,0,0,0,0,0,0,0,0,0,0,0,0,0
2026-03-21T16:09:17Z,345.229,1194,-5657.399902,-10057.700195,1439.099976,160.800003,1.8,-1,0,0,0,0,0,0,0,0,0,0,0,0,0,0,0,0,0
2026-03-21T16:09:17Z,345.447,1195,-5657.399902,-10057.700195,1439.099976,160.800003,1.8,-1,0,0,0,0,0,0,0,0,0,0,0,0,0,0,0,0,0
2026-03-21T16:09:18Z,345.717,1196,-5657.399902,-10057.700195,1439.099976,160.800003,1.8,-1,0,0,0,0,0,0,0,0,0,0,0,0,0,0,0,0,0
2026-03-21T16:09:18Z,345.982,1197,-5657.399902,-10057.799805,1439.099976,162.300003,1.4,-1,0,0,0,0,0,0,0,0,0,0,0,0,0,0,0,0,0
2026-03-21T16:09:18Z,346.200,1198,-5657.399902,-10057.799805,1439.099976,162.300003,1.4,-1,0,0,0,0,0,0,0,0,0,0,0,0,0,0,0,0,0
2026-03-21T16:09:18Z,346.418,1199,-5657.399902,-10057.799805,1439.099976,162.300003,1.4,-1,0,0,0,0,0,0,0,0,0,0,0,0,0,0,0,0,0
2026-03-21T16:09:19Z,346.680,1200,-5657.399902,-10057.799805,1439.099976,162.300003,1.4,-1,0,0,0,0,0,0,0,0,0,0,0,0,0,0,0,0,0
2026-03-21T16:09:19Z,346.903,1201,-5657.399902,-10057.799805,1439.099976,162.300003,1.4,-1,0,0,0,0,0,0,0,0,0,0,0,0,0,0,0,0,0
2026-03-21T16:09:19Z,347.164,1202,-5657.399902,-10058,1439.099976,164.100006,1.6,-0.9,0,0,0,0,0,0,0,0,0,0,0,0,0,0,0,1,0
2026-03-21T16:09:19Z,347.379,1203,-5657.399902,-10058,1439.099976,164.100006,1.6,-0.9,0,0,0,0,0,0,0,0,0,0,0,0,0,0,0,1,0
2026-03-21T16:09:20Z,347.636,1204,-5657.399902,-10058,1439.099976,164.100006,1.6,-0.9,0,0,0,0,0,0,0,0,0,0,0,0,0,0,0,1,0
2026-03-21T16:09:20Z,347.904,1205,-5657.399902,-10058.200195,1439.099976,166.300003,1.5,-0.7,0,1,0,0,0,0,0,0,0,0,0,0,0,0,0,1,0
2026-03-21T16:09:20Z,348.140,1206,-5657.399902,-10058.200195,1439.099976,166.300003,1.5,-0.7,0,1,0,0,0,0,0,0,0,0,0,0,0,0,0,1,0
2026-03-21T16:09:20Z,348.363,1207,-5657.399902,-10058.200195,1439.099976,166.300003,1.5,-0.7,0,1,0,0,0,0,0,0,0,0,0,0,0,0,0,1,0
2026-03-21T16:09:21Z,348.625,1208,-5657.399902,-10058.200195,1439.099976,166.300003,1.5,-0.7,0,1,0,0,0,0,0,0,0,0,0,0,0,0,0,1,0
2026-03-21T16:09:21Z,348.884,1209,-5657.399902,-10058.200195,1439.099976,166.300003,1.5,-0.7,0,1,0,0,0,0,0,0,0,0,0,0,0,0,0,1,0
2026-03-21T16:09:21Z,349.143,1210,-5657.399902,-10058.400391,1439.099976,168.900009,1.5,-0.4,0,0,0,0,0,0,0,0,0,0,0,0,0,0,0,1,0
2026-03-21T16:09:21Z,349.362,1211,-5657.399902,-10058.400391,1439.099976,168.900009,1.5,-0.4,0,0,0,0,0,0,0,0,0,0,0,0,0,0,0,1,0
2026-03-21T16:09:22Z,349.578,1212,-5657.399902,-10058.400391,1439.099976,168.900009,1.5,-0.4,0,0,0,0,0,0,0,0,0,0,0,0,0,0,0,1,0
2026-03-21T16:09:22Z,349.836,1213,-5657.399902,-10058.400391,1439.099976,168.900009,1.5,-0.4,0,0,0,0,0,0,0,0,0,0,0,0,0,0,0,1,0
2026-03-21T16:09:22Z,350.097,1214,-5657.5,-10058.600586,1439.099976,171.900009,1.9,0.3,0,0,0,0,0,0,0,0,0,0,0,0,0,0,0,0,0
2026-03-21T16:09:22Z,350.321,1215,-5657.5,-10058.600586,1439.099976,171.900009,1.9,0.3,0,0,0,0,0,0,0,0,0,0,0,0,0,0,0,0,0
2026-03-21T16:09:23Z,350.567,1216,-5657.5,-10058.600586,1439.099976,171.900009,1.9,0.3,0,0,0,0,0,0,0,0,0,0,0,0,0,0,0,0,0
2026-03-21T16:09:23Z,350.828,1217,-5657.5,-10058.600586,1439.099976,171.900009,1.9,0.3,0,0,0,0,0,0,0,0,0,0,0,0,0,0,0,0,0
2026-03-21T16:09:23Z,351.088,1218,-5657.5,-10058.900391,1439.099976,175.100006,2.1,1.4,0,0,0,0,0,0,0,0,0,0,0,0,0,0,0,0,0
2026-03-21T16:09:23Z,351.307,1219,-5657.5,-10058.900391,1439.099976,175.100006,2.1,1.4,0,0,0,0,0,0,0,0,0,0,0,0,0,0,0,0,0
2026-03-21T16:09:24Z,351.571,1220,-5657.5,-10058.900391,1439.099976,175.100006,2.1,1.4,0,0,0,0,0,0,0,0,0,0,0,0,0,0,0,0,0
2026-03-21T16:09:24Z,351.796,1221,-5657.5,-10058.900391,1439.099976,175.100006,2.1,1.4,0,0,0,0,0,0,0,0,0,0,0,0,0,0,0,0,0
2026-03-21T16:09:24Z,352.035,1222,-5657.600098,-10059.100586,1439.200073,178.400009,2.4,2,0,0,0,0,0,0,0,0,0,0,0,0,0,0,0,0,0
2026-03-21T16:09:24Z,352.258,1223,-5657.600098,-10059.100586,1439.200073,178.400009,2.4,2,0,0,0,0,0,0,0,0,0,0,0,0,0,0,0,0,0
2026-03-21T16:09:24Z,352.515,1224,-5657.600098,-10059.100586,1439.200073,178.400009,2.4,2,0,0,0,0,0,0,0,0,0,0,0,0,0,0,0,0,0
2026-03-21T16:09:25Z,352.775,1225,-5657.600098,-10059.100586,1439.200073,178.400009,2.4,2,0,0,0,0,0,0,0,0,0,0,0,0,0,0,0,0,0
2026-03-21T16:09:25Z,353.038,1226,-5657.600098,-10059.100586,1439.200073,178.400009,2.4,2,0,0,0,0,0,0,0,0,0,0,0,0,0,0,0,0,0
2026-03-21T16:09:25Z,353.308,1227,-5657.700195,-10059.400391,1439.200073,182.300003,3.3,2.1,0,0,0,0,0,0,0,0,0,0,0,0,0,0,0,0,0
2026-03-21T16:09:26Z,353.562,1228,-5657.700195,-10059.400391,1439.200073,182.300003,3.3,2.1,0,0,0,0,0,0,0,0,0,0,0,0,0,0,0,0,0
2026-03-21T16:09:26Z,353.828,1229,-5657.700195,-10059.400391,1439.200073,182.300003,3.3,2.1,0,0,0,0,0,0,0,0,0,0,0,0,0,0,0,0,0
2026-03-21T16:09:26Z,354.092,1230,-5657.800293,-10059.700195,1439.200073,186.100006,3.6,1.5,0,0,0,0,0,0,0,0,0,0,0,0,0,0,0,0,0
2026-03-21T16:09:26Z,354.310,1231,-5657.800293,-10059.700195,1439.200073,186.100006,3.6,1.5,0,0,0,0,0,0,0,0,0,0,0,0,0,0,0,0,0
2026-03-21T16:09:27Z,354.584,1232,-5657.800293,-10059.700195,1439.200073,186.100006,3.6,1.5,0,0,0,0,0,0,0,0,0,0,0,0,0,0,0,0,0
2026-03-21T16:09:27Z,354.845,1233,-5657.800293,-10059.700195,1439.200073,186.100006,3.6,1.5,0,0,0,0,0,0,0,0,0,0,0,0,0,0,0,0,0
2026-03-21T16:09:27Z,355.086,1234,-5657.899902,-10060.100586,1439.200073,190.600006,3.4,1.1,0,0,0,0,0,0,0,0,0,0,0,0,0,0,0,0,0
2026-03-21T16:09:27Z,355.313,1235,-5657.899902,-10060.100586,1439.200073,190.600006,3.4,1.1,0,0,0,0,0,0,0,0,0,0,0,0,0,0,0,0,0
2026-03-21T16:09:28Z,355.577,1236,-5657.899902,-10060.100586,1439.200073,190.600006,3.4,1.1,0,0,0,0,0,0,0,0,0,0,0,0,0,0,0,0,0
2026-03-21T16:09:28Z,355.838,1237,-5657.899902,-10060.100586,1439.200073,190.600006,3.4,1.1,0,0,0,0,0,0,0,0,0,0,0,0,0,0,0,0,0
2026-03-21T16:09:28Z,356.137,1238,-5658.200195,-10060.400391,1439.200073,195.699997,3.6,1.4,0,1,0,0,0,1,0,0,0,0,0,0,0,0,0,0,0
2026-03-21T16:09:28Z,356.395,1239,-5658.200195,-10060.400391,1439.200073,195.699997,3.6,1.4,0,1,0,0,0,1,0,0,0,0,0,0,0,0,0,0,0
2026-03-21T16:09:29Z,356.654,1240,-5658.200195,-10060.400391,1439.200073,195.699997,3.6,1.4,0,1,0,0,0,1,0,0,0,0,0,0,0,0,0,0,0
2026-03-21T16:09:29Z,356.918,1241,-5658.200195,-10060.400391,1439.200073,195.699997,3.6,1.4,0,1,0,0,0,1,0,0,0,0,0,0,0,0,0,0,0
2026-03-21T16:09:29Z,357.135,1242,-5658.399902,-10060.799805,1439.200073,200.100006,3.1,2.2,0,1,0,0,0,0,0,0,0,0,0,0,0,0,0,0,0
2026-03-21T16:09:29Z,357.399,1243,-5658.399902,-10060.799805,1439.200073,200.100006,3.1,2.2,0,1,0,0,0,0,0,0,0,0,0,0,0,0,0,0,0
2026-03-21T16:09:30Z,357.664,1244,-5658.399902,-10060.799805,1439.200073,200.100006,3.1,2.2,0,1,0,0,0,0,0,0,0,0,0,0,0,0,0,0,0
2026-03-21T16:09:30Z,357.924,1245,-5658.600098,-10061.200195,1439.300049,202.800003,2.7,2.8,0,1,0,0,0,0,0,0,0,0,0,0,0,0,0,0,0
2026-03-21T16:09:30Z,358.160,1246,-5658.600098,-10061.200195,1439.300049,202.800003,2.7,2.8,0,1,0,0,0,0,0,0,0,0,0,0,0,0,0,0,0
2026-03-21T16:09:30Z,358.374,1247,-5658.600098,-10061.200195,1439.300049,202.800003,2.7,2.8,0,1,0,0,0,0,0,0,0,0,0,0,0,0,0,0,0
2026-03-21T16:09:31Z,358.587,1248,-5658.600098,-10061.200195,1439.300049,202.800003,2.7,2.8,0,1,0,0,0,0,0,0,0,0,0,0,0,0,0,0,0
2026-03-21T16:09:31Z,358.801,1249,-5658.600098,-10061.200195,1439.300049,202.800003,2.7,2.8,0,1,0,0,0,0,0,0,0,0,0,0,0,0,0,0,0
2026-03-21T16:09:31Z,359.057,1250,-5658.899902,-10061.700195,1439.300049,205.600006,3.1,2.5,0,1,0,0,0,0,0,1,0,0,0,0,0,0,0,0,0
2026-03-21T16:09:31Z,359.270,1251,-5658.899902,-10061.700195,1439.300049,205.600006,3.1,2.5,0,1,0,0,0,0,0,1,0,0,0,0,0,0,0,0,0
2026-03-21T16:09:32Z,359.531,1252,-5658.899902,-10061.700195,1439.300049,205.600006,3.1,2.5,0,1,0,0,0,0,0,1,0,0,0,0,0,0,0,0,0
2026-03-21T16:09:32Z,359.791,1253,-5658.899902,-10061.700195,1439.300049,205.600006,3.1,2.5,0,1,0,0,0,0,0,1,0,0,0,0,0,0,0,0,0
2026-03-21T16:09:32Z,360.004,1254,-5659.200195,-10062.299805,1439.300049,206,3.7,2.8,0,0,0,0,0,0,0,0,0,0,0,0,0,0,0,0,0
2026-03-21T16:09:32Z,360.241,1255,-5659.200195,-10062.299805,1439.300049,206,3.7,2.8,0,0,0,0,0,0,0,0,0,0,0,0,0,0,0,0,0
2026-03-21T16:09:32Z,360.453,1256,-5659.200195,-10062.299805,1439.300049,206,3.7,2.8,0,0,0,0,0,0,0,0,0,0,0,0,0,0,0,0,0
2026-03-21T16:09:33Z,360.714,1257,-5659.200195,-10062.299805,1439.300049,206,3.7,2.8,0,0,0,0,0,0,0,0,0,0,0,0,0,0,0,0,0
2026-03-21T16:09:33Z,360.979,1258,-5659.200195,-10062.299805,1439.300049,206,3.7,2.8,0,0,0,0,0,0,0,0,0,0,0,0,0,0,0,0,0
2026-03-21T16:09:33Z,361.293,1259,-5659.5,-10062.900391,1439.300049,205.400009,3.7,2.7,0,0,0,0,0,0,0,0,0,0,0,0,0,0,0,0,0
2026-03-21T16:09:34Z,361.557,1260,-5659.5,-10062.900391,1439.300049,205.400009,3.7,2.7,0,0,0,0,0,0,0,0,0,0,0,0,0,0,0,0,0
2026-03-21T16:09:34Z,361.820,1261,-5659.5,-10062.900391,1439.300049,205.400009,3.7,2.7,0,0,0,0,0,0,0,0,0,0,0,0,0,0,0,0,0
2026-03-21T16:09:34Z,362.067,1262,-5659.800293,-10063.600586,1439.400024,204,3.6,2.4,0,0,0,0,0,0,0,0,0,0,0,0,0,0,0,0,0
2026-03-21T16:09:34Z,362.281,1263,-5659.800293,-10063.600586,1439.400024,204,3.6,2.4,0,0,0,0,0,0,0,0,0,0,0,0,0,0,0,0,0
2026-03-21T16:09:35Z,362.540,1264,-5659.800293,-10063.600586,1439.400024,204,3.6,2.4,0,0,0,0,0,0,0,0,0,0,0,0,0,0,0,0,0
2026-03-21T16:09:35Z,362.781,1265,-5659.800293,-10063.600586,1439.400024,204,3.6,2.4,0,0,0,0,0,0,0,0,0,0,0,0,0,0,0,0,0
2026-03-21T16:09:35Z,363.041,1266,-5660.100098,-10064.5,1439.400024,201.699997,3.7,2.4,0,0,0,0,0,0,0,0,0,0,0,0,0,0,0,0,0
2026-03-21T16:09:35Z,363.254,1267,-5660.100098,-10064.5,1439.400024,201.699997,3.7,2.4,0,0,0,0,0,0,0,0,0,0,0,0,0,0,0,0,0
2026-03-21T16:09:35Z,363.471,1268,-5660.100098,-10064.5,1439.400024,201.699997,3.7,2.4,0,0,0,0,0,0,0,0,0,0,0,0,0,0,0,0,0
2026-03-21T16:09:36Z,363.728,1269,-5660.100098,-10064.5,1439.400024,201.699997,3.7,2.4,0,0,0,0,0,0,0,0,0,0,0,0,0,0,0,0,0
2026-03-21T16:09:36Z,363.990,1270,-5660.100098,-10064.5,1439.400024,201.699997,3.7,2.4,0,0,0,0,0,0,0,0,0,0,0,0,0,0,0,0,0
2026-03-21T16:09:36Z,364.305,1271,-5660.300293,-10065.299805,1439.5,198.699997,3.9,2.3,0,0,0,0,0,0,0,0,0,0,0,0,0,0,0,0,0
2026-03-21T16:09:37Z,364.564,1272,-5660.300293,-10065.299805,1439.5,198.699997,3.9,2.3,0,0,0,0,0,0,0,0,0,0,0,0,0,0,0,0,0
2026-03-21T16:09:37Z,364.807,1273,-5660.300293,-10065.299805,1439.5,198.699997,3.9,2.3,0,0,0,0,0,0,0,0,0,0,0,0,0,0,0,0,0
2026-03-21T16:09:37Z,365.068,1274,-5660.300293,-10065.299805,1439.5,198.699997,3.9,2.3,0,0,0,0,0,0,0,0,0,0,0,0,0,0,0,0,0
2026-03-21T16:09:37Z,365.369,1275,-5660.5,-10066,1439.700073,191.699997,11.8,9.8,0,0,0,0,0,0,0,0,0,0,0,0,0,0,0,0,0
2026-03-21T16:09:38Z,365.588,1276,-5660.5,-10066,1439.700073,191.699997,11.8,9.8,0,0,0,0,0,0,0,0,0,0,0,0,0,0,0,0,0
2026-03-21T16:09:38Z,365.845,1277,-5660.5,-10066,1439.700073,191.699997,11.8,9.8,0,0,0,0,0,0,0,0,0,0,0,0,0,0,0,0,0
2026-03-21T16:09:38Z,366.103,1278,-5660.5,-10066.5,1439.900024,188.800003,17,11.6,0,0,0,0,0,0,0,0,0,0,0,0,0,0,0,0,0
2026-03-21T16:09:38Z,366.321,1279,-5660.5,-10066.5,1439.900024,188.800003,17,11.6,0,0,0,0,0,0,0,0,0,0,0,0,0,0,0,0,0
2026-03-21T16:09:39Z,366.579,1280,-5660.5,-10066.5,1439.900024,188.800003,17,11.6,0,0,0,0,0,0,0,0,0,0,0,0,0,0,0,0,0
2026-03-21T16:09:39Z,366.855,1281,-5660.5,-10066.5,1439.900024,188.800003,17,11.6,0,0,0,0,0,0,0,0,0,0,0,0,0,0,0,0,0
2026-03-21T16:09:39Z,367.074,1282,-5660.600098,-10067,1440.099976,187.900009,22.5,13.2,0,0,0,0,0,0,0,0,0,0,0,0,0,0,0,0,0
2026-03-21T16:09:39Z,367.305,1283,-5660.600098,-10067,1440.099976,187.900009,22.5,13.2,0,0,0,0,0,0,0,0,0,0,0,0,0,0,0,0,0
2026-03-21T16:09:40Z,367.564,1284,-5660.600098,-10067,1440.099976,187.900009,22.5,13.2,0,0,0,0,0,0,0,0,0,0,0,0,0,0,0,0,0
2026-03-21T16:09:40Z,367.827,1285,-5660.600098,-10067,1440.099976,187.900009,22.5,13.2,0,0,0,0,0,0,0,0,0,0,0,0,0,0,0,0,0
2026-03-21T16:09:40Z,368.092,1286,-5660.700195,-10067.5,1440.400024,188.800003,29.9,12.400001,0,0,0,0,0,0,0,0,0,0,0,0,0,0,0,0,0
2026-03-21T16:09:40Z,368.366,1287,-5660.700195,-10067.5,1440.400024,188.800003,29.9,12.400001,0,0,0,0,0,0,0,0,0,0,0,0,0,0,0,0,0
2026-03-21T16:09:41Z,368.628,1288,-5660.700195,-10067.5,1440.400024,188.800003,29.9,12.400001,0,0,0,0,0,0,0,0,0,0,0,0,0,0,0,0,0
2026-03-21T16:09:41Z,368.896,1289,-5660.700195,-10067.5,1440.400024,188.800003,29.9,12.400001,0,0,0,0,0,0,0,0,0,0,0,0,0,0,0,0,0
2026-03-21T16:09:41Z,369.153,1290,-5660.899902,-10068.200195,1440.5,189,37.299999,3.5,0,0,0,0,0,0,0,0,0,0,0,0,0,0,0,0,0
2026-03-21T16:09:41Z,369.367,1291,-5660.899902,-10068.200195,1440.5,189,37.299999,3.5,0,0,0,0,0,0,0,0,0,0,0,0,0,0,0,0,0
2026-03-21T16:09:42Z,369.631,1292,-5660.899902,-10068.200195,1440.5,189,37.299999,3.5,0,0,0,0,0,0,0,0,0,0,0,0,0,0,0,0,0
2026-03-21T16:09:42Z,369.854,1293,-5660.899902,-10068.200195,1440.5,189,37.299999,3.5,0,0,0,0,0,0,0,0,0,0,0,0,0,0,0,0,0
2026-03-21T16:09:42Z,370.135,1294,-5660.700195,-10068.600586,1440.400024,177.600006,35,8.8,0,0,0,0,0,0,0,0,0,0,0,0,0,0,0,0,0
2026-03-21T16:09:42Z,370.355,1295,-5660.700195,-10068.600586,1440.400024,177.600006,35,8.8,0,0,0,0,0,0,0,0,0,0,0,0,0,0,0,0,0
2026-03-21T16:09:43Z,370.615,1296,-5660.700195,-10068.600586,1440.400024,177.600006,35,8.8,0,0,0,0,0,0,0,0,0,0,0,0,0,0,0,0,0
2026-03-21T16:09:43Z,370.837,1297,-5660.700195,-10068.600586,1440.400024,177.600006,35,8.8,0,0,0,0,0,0,0,0,0,0,0,0,0,0,0,0,0
2026-03-21T16:09:43Z,371.105,1298,-5660.600098,-10068.700195,1440.400024,175.300003,29.5,16.4,0,0,0,0,0,0,0,0,0,0,0,0,0,0,0,0,0
2026-03-21T16:09:43Z,371.319,1299,-5660.600098,-10068.700195,1440.400024,175.300003,29.5,16.4,0,0,0,0,0,0,0,0,0,0,0,0,0,0,0,0,0
2026-03-21T16:09:44Z,371.582,1300,-5660.600098,-10068.700195,1440.400024,175.300003,29.5,16.4,0,0,0,0,0,0,0,0,0,0,0,0,0,0,0,0,0
2026-03-21T16:09:44Z,371.843,1301,-5660.600098,-10068.700195,1440.400024,175.300003,29.5,16.4,0,0,0,0,0,0,0,0,0,0,0,0,0,0,0,0,0
2026-03-21T16:09:44Z,372.090,1302,-5660.600098,-10068.900391,1440.400024,173.699997,27.300001,13.2,0,0,0,0,0,0,0,0,0,0,0,0,0,0,0,0,0
2026-03-21T16:09:44Z,372.352,1303,-5660.600098,-10068.900391,1440.400024,173.699997,27.300001,13.2,0,0,0,0,0,0,0,0,0,0,0,0,0,0,0,0,0
2026-03-21T16:09:45Z,372.567,1304,-5660.600098,-10068.900391,1440.400024,173.699997,27.300001,13.2,0,0,0,0,0,0,0,0,0,0,0,0,0,0,0,0,0
2026-03-21T16:09:45Z,372.828,1305,-5660.600098,-10068.900391,1440.400024,173.699997,27.300001,13.2,0,0,0,0,0,0,0,0,0,0,0,0,0,0,0,0,0
2026-03-21T16:09:45Z,373.132,1306,-5660.600098,-10069,1440.5,171.199997,24.4,16.700001,0,0,0,0,0,0,0,0,0,0,0,0,0,0,0,0,0
2026-03-21T16:09:45Z,373.397,1307,-5660.600098,-10069,1440.5,171.199997,24.4,16.700001,0,0,0,0,0,0,0,0,0,0,0,0,0,0,0,0,0
2026-03-21T16:09:46Z,373.627,1308,-5660.600098,-10069,1440.5,171.199997,24.4,16.700001,0,0,0,0,0,0,0,0,0,0,0,0,0,0,0,0,0
2026-03-21T16:09:46Z,373.895,1309,-5660.600098,-10069,1440.400024,168.199997,21.200001,19.6,0,0,0,0,0,0,0,0,0,0,0,0,0,0,0,0,0
2026-03-21T16:09:46Z,374.186,1310,-5660.600098,-10069,1440.400024,168.199997,21.200001,19.6,0,0,0,0,0,0,0,0,0,0,0,0,0,0,0,0,0
2026-03-21T16:09:46Z,374.410,1311,-5660.600098,-10069,1440.400024,168.199997,21.200001,19.6,0,0,0,0,0,0,0,0,0,0,0,0,0,0,0,0,0
2026-03-21T16:09:47Z,374.668,1312,-5660.600098,-10069,1440.400024,168.199997,21.200001,19.6,0,0,0,0,0,0,0,0,0,0,0,0,0,0,0,0,0
2026-03-21T16:09:47Z,374.930,1313,-5660.600098,-10069,1440.5,166.800003,19.200001,21,0,0,0,0,0,0,0,0,0,0,0,0,0,0,0,0,0
2026-03-21T16:09:47Z,375.157,1314,-5660.600098,-10069,1440.5,166.800003,19.200001,21,0,0,0,0,0,0,0,0,0,0,0,0,0,0,0,0,0
2026-03-21T16:09:47Z,375.427,1315,-5660.600098,-10069,1440.5,166.800003,19.200001,21,0,0,0,0,0,0,0,0,0,0,0,0,0,0,0,0,0
2026-03-21T16:09:48Z,375.685,1316,-5660.600098,-10069,1440.5,166.800003,19.200001,21,0,0,0,0,0,0,0,0,0,0,0,0,0,0,0,0,0
2026-03-21T16:09:48Z,375.948,1317,-5660.600098,-10069,1440.5,166.400009,19.200001,21,0,0,0,0,0,0,0,0,0,0,0,0,0,0,0,0,0
2026-03-21T16:09:48Z,376.175,1318,-5660.600098,-10069,1440.5,166.400009,19.200001,21,0,0,0,0,0,0,0,0,0,0,0,0,0,0,0,0,0
2026-03-21T16:09:48Z,376.441,1319,-5660.600098,-10069,1440.5,166.400009,19.200001,21,0,0,0,0,0,0,0,0,0,0,0,0,0,0,0,0,0
2026-03-21T16:09:49Z,376.698,1320,-5660.600098,-10069,1440.5,166.400009,19.200001,21,0,0,0,0,0,0,0,0,0,0,0,0,0,0,0,0,0
2026-03-21T16:09:49Z,376.964,1321,-5660.600098,-10069,1440.400024,166.600006,21.200001,19,0,0,0,0,0,0,0,0,0,0,0,0,0,0,0,0,0
2026-03-21T16:09:49Z,377.179,1322,-5660.600098,-10069,1440.400024,166.600006,21.200001,19,0,0,0,0,0,0,0,0,0,0,0,0,0,0,0,0,0
2026-03-21T16:09:49Z,377.406,1323,-5660.600098,-10069,1440.400024,166.600006,21.200001,19,0,0,0,0,0,0,0,0,0,0,0,0,0,0,0,0,0
2026-03-21T16:09:50Z,377.665,1324,-5660.600098,-10069,1440.400024,166.600006,21.200001,19,0,0,0,0,0,0,0,0,0,0,0,0,0,0,0,0,0
2026-03-21T16:09:50Z,377.928,1325,-5660.600098,-10069,1440.400024,167.300003,25,15.400001,0,0,0,0,0,0,0,0,0,0,0,0,0,0,0,0,0
2026-03-21T16:09:50Z,378.148,1326,-5660.600098,-10069,1440.400024,167.300003,25,15.400001,0,0,0,0,0,0,0,0,0,0,0,0,0,0,0,0,0
2026-03-21T16:09:50Z,378.362,1327,-5660.600098,-10069,1440.400024,167.300003,25,15.400001,0,0,0,0,0,0,0,0,0,0,0,0,0,0,0,0,0
2026-03-21T16:09:51Z,378.620,1328,-5660.600098,-10069,1440.400024,167.300003,25,15.400001,0,0,0,0,0,0,0,0,0,0,0,0,0,0,0,0,0
2026-03-21T16:09:51Z,378.893,1329,-5660.600098,-10069,1440.400024,167.300003,25,15.400001,0,0,0,0,0,0,0,0,0,0,0,0,0,0,0,0,0
2026-03-21T16:09:51Z,379.202,1330,-5660.700195,-10069,1440.5,167.800003,27,11.400001,0,0,0,0,0,0,0,0,0,0,0,0,1,0,0,0,0
2026-03-21T16:09:51Z,379.419,1331,-5660.700195,-10069,1440.5,167.800003,27,11.400001,0,0,0,0,0,0,0,0,0,0,0,0,1,0,0,0,0
2026-03-21T16:09:52Z,379.678,1332,-5660.700195,-10069,1440.5,167.800003,27,11.400001,0,0,0,0,0,0,0,0,0,0,0,0,1,0,0,0,0
2026-03-21T16:09:52Z,379.895,1333,-5660.700195,-10069,1440.5,167.800003,27,11.400001,0,0,0,0,0,0,0,0,0,0,0,0,1,0,0,0,0
2026-03-21T16:09:52Z,380.167,1334,-5660.700195,-10069,1440.5,167.900009,26.6,11.3,0,0,0,0,0,0,0,0,0,0,0,0,1,0,0,0,0
2026-03-21T16:09:52Z,380.384,1335,-5660.700195,-10069,1440.5,167.900009,26.6,11.3,0,0,0,0,0,0,0,0,0,0,0,0,1,0,0,0,0
2026-03-21T16:09:53Z,380.644,1336,-5660.700195,-10069,1440.5,167.900009,26.6,11.3,0,0,0,0,0,0,0,0,0,0,0,0,1,0,0,0,0
2026-03-21T16:09:53Z,380.904,1337,-5660.700195,-10069,1440.5,167.900009,26.6,11.3,0,0,0,0,0,0,0,0,0,0,0,0,1,0,0,0,0
2026-03-21T16:09:53Z,381.191,1338,-5660.600098,-10069,1440.400024,167.600006,25.700001,14.3,0,0,0,0,0,0,0,0,0,0,0,0,0,0,0,0,0
2026-03-21T16:09:53Z,381.408,1339,-5660.600098,-10069,1440.400024,167.600006,25.700001,14.3,0,0,0,0,0,0,0,0,0,0,0,0,0,0,0,0,0
2026-03-21T16:09:54Z,381.671,1340,-5660.600098,-10069,1440.400024,167.600006,25.700001,14.3,0,0,0,0,0,0,0,0,0,0,0,0,0,0,0,0,0
2026-03-21T16:09:54Z,381.913,1341,-5660.600098,-10069,1440.400024,167.199997,26.200001,15,0,0,0,0,0,0,0,0,0,0,0,0,0,0,0,0,0
2026-03-21T16:09:54Z,382.189,1342,-5660.600098,-10069,1440.400024,167.199997,26.200001,15,0,0,0,0,0,0,0,0,0,0,0,0,0,0,0,0,0
2026-03-21T16:09:54Z,382.408,1343,-5660.600098,-10069,1440.400024,167.199997,26.200001,15,0,0,0,0,0,0,0,0,0,0,0,0,0,0,0,0,0
2026-03-21T16:09:55Z,382.636,1344,-5660.600098,-10069,1440.400024,167.199997,26.200001,15,0,0,0,0,0,0,0,0,0,0,0,0,0,0,0,0,0
2026-03-21T16:09:55Z,382.903,1345,-5660.600098,-10069,1440.5,166.699997,26.200001,13.1,0,0,0,0,0,0,0,0,0,0,0,0,0,0,0,0,0
2026-03-21T16:09:55Z,383.122,1346,-5660.600098,-10069,1440.5,166.699997,26.200001,13.1,0,0,0,0,0,0,0,0,0,0,0,0,0,0,0,0,0
2026-03-21T16:09:55Z,383.383,1347,-5660.600098,-10069,1440.5,166.699997,26.200001,13.1,0,0,0,0,0,0,0,0,0,0,0,0,0,0,0,0,0
2026-03-21T16:09:56Z,383.643,1348,-5660.600098,-10069,1440.5,166.699997,26.200001,13.1,0,0,0,0,0,0,0,0,0,0,0,0,0,0,0,0,0
2026-03-21T16:09:56Z,383.911,1349,-5660.700195,-10069,1440.400024,166.600006,26.800001,11.1,0,0,0,0,0,0,0,0,0,0,0,0,1,0,0,0,0
2026-03-21T16:09:56Z,384.157,1350,-5660.700195,-10069,1440.400024,166.600006,26.800001,11.1,0,0,0,0,0,0,0,0,0,0,0,0,1,0,0,0,0
2026-03-21T16:09:56Z,384.390,1351,-5660.700195,-10069,1440.400024,166.600006,26.800001,11.1,0,0,0,0,0,0,0,0,0,0,0,0,1,0,0,0,0
2026-03-21T16:09:57Z,384.640,1352,-5660.700195,-10069,1440.400024,166.600006,26.800001,11.1,0,0,0,0,0,0,0,0,0,0,0,0,1,0,0,0,0
2026-03-21T16:09:57Z,384.901,1353,-5660.600098,-10069.100586,1440.400024,167,28.9,12.5,0,0,0,0,0,0,0,0,0,0,0,0,1,0,0,0,0
2026-03-21T16:09:57Z,385.202,1354,-5660.600098,-10069.100586,1440.400024,167,28.9,12.5,0,0,0,0,0,0,0,0,0,0,0,0,1,0,0,0,0
2026-03-21T16:09:57Z,385.435,1355,-5660.600098,-10069.100586,1440.400024,167,28.9,12.5,0,0,0,0,0,0,0,0,0,0,0,0,1,0,0,0,0
2026-03-21T16:09:58Z,385.694,1356,-5660.600098,-10069.100586,1440.400024,167,28.9,12.5,0,0,0,0,0,0,0,0,0,0,0,0,1,0,0,0,0
2026-03-21T16:09:58Z,385.960,1357,-5660.700195,-10068.900391,1440.400024,168.300003,29.700001,11.900001,0,0,0,0,0,0,0,0,0,0,0,0,0,0,0,0,0
2026-03-21T16:09:58Z,386.198,1358,-5660.700195,-10068.900391,1440.400024,168.300003,29.700001,11.900001,0,0,0,0,0,0,0,0,0,0,0,0,0,0,0,0,0
2026-03-21T16:09:58Z,386.458,1359,-5660.700195,-10068.900391,1440.400024,168.300003,29.700001,11.900001,0,0,0,0,0,0,0,0,0,0,0,0,0,0,0,0,0
2026-03-21T16:09:59Z,386.685,1360,-5660.700195,-10068.900391,1440.400024,168.300003,29.700001,11.900001,0,0,0,0,0,0,0,0,0,0,0,0,0,0,0,0,0
2026-03-21T16:09:59Z,386.952,1361,-5660.700195,-10068.900391,1440.400024,168.300003,29.700001,11.900001,0,0,0,0,0,0,0,0,0,0,0,0,0,0,0,0,0
2026-03-21T16:09:59Z,387.231,1362,-5661,-10068.299805,1440.5,172.699997,32.5,10.900001,0,0,0,0,0,0,0,0,0,0,0,0,0,0,0,0,0
2026-03-21T16:09:59Z,387.458,1363,-5661,-10068.299805,1440.5,172.699997,32.5,10.900001,0,0,0,0,0,0,0,0,0,0,0,0,0,0,0,0,0
2026-03-21T16:10:00Z,387.714,1364,-5661,-10068.299805,1440.5,172.699997,32.5,10.900001,0,0,0,0,0,0,0,0,0,0,0,0,0,0,0,0,0
2026-03-21T16:10:00Z,387.980,1365,-5661,-10068.299805,1440.5,172.699997,32.5,10.900001,0,0,0,0,0,0,0,0,0,0,0,0,0,0,0,0,0
2026-03-21T16:10:00Z,388.245,1366,-5661.300293,-10067.700195,1440.300049,178.800003,32.600002,3.6,0,0,0,0,0,0,0,0,0,0,0,0,0,0,0,0,0
2026-03-21T16:10:00Z,388.470,1367,-5661.300293,-10067.700195,1440.300049,178.800003,32.600002,3.6,0,0,0,0,0,0,0,0,0,0,0,0,0,0,0,0,0
2026-03-21T16:10:01Z,388.720,1368,-5661.300293,-10067.700195,1440.300049,178.800003,32.600002,3.6,0,0,0,0,0,0,0,0,0,0,0,0,0,0,0,0,0
2026-03-21T16:10:01Z,388.987,1369,-5661.5,-10067,1440.099976,184.600006,27.1,2.3,0,0,0,0,0,0,0,0,1,0,0,0,0,0,0,0,0
2026-03-21T16:10:01Z,389.230,1370,-5661.5,-10067,1440.099976,184.600006,27.1,2.3,0,0,0,0,0,0,0,0,1,0,0,0,0,0,0,0,0
2026-03-21T16:10:01Z,389.488,1371,-5661.5,-10067,1440.099976,184.600006,27.1,2.3,0,0,0,0,0,0,0,0,1,0,0,0,0,0,0,0,0
2026-03-21T16:10:02Z,389.761,1372,-5661.5,-10067,1440.099976,184.600006,27.1,2.3,0,0,0,0,0,0,0,0,1,0,0,0,0,0,0,0,0
2026-03-21T16:10:02Z,390.024,1373,-5661.5,-10066,1439.700073,186.199997,13.2,4.8,0,0,0,0,0,0,0,0,1,0,0,0,0,0,0,0,0
2026-03-21T16:10:02Z,390.255,1374,-5661.5,-10066,1439.700073,186.199997,13.2,4.8,0,0,0,0,0,0,0,0,1,0,0,0,0,0,0,0,0
2026-03-21T16:10:03Z,390.516,1375,-5661.5,-10066,1439.700073,186.199997,13.2,4.8,0,0,0,0,0,0,0,0,1,0,0,0,0,0,0,0,0
2026-03-21T16:10:03Z,390.780,1376,-5661.5,-10066,1439.700073,186.199997,13.2,4.8,0,0,0,0,0,0,0,0,1,0,0,0,0,0,0,0,0
2026-03-21T16:10:03Z,391.042,1377,-5661.5,-10066,1439.700073,186.199997,13.2,4.8,0,0,0,0,0,0,0,0,1,0,0,0,0,0,0,0,0
2026-03-21T16:10:03Z,391.336,1378,-5661.399902,-10064.799805,1439.400024,187.300003,-3,1.1,0,0,0,0,0,0,0,0,0,0,0,0,0,0,0,0,0
2026-03-21T16:10:04Z,391.599,1379,-5661.399902,-10064.799805,1439.400024,187.300003,-3,1.1,0,0,0,0,0,0,0,0,0,0,0,0,0,0,0,0,0
2026-03-21T16:10:04Z,391.857,1380,-5661.399902,-10064.799805,1439.400024,187.300003,-3,1.1,0,0,0,0,0,0,0,0,0,0,0,0,0,0,0,0,0
2026-03-21T16:10:09Z,392.139,1381,-5661.399902,-10063.900391,1439.300049,188.900009,4.4,1.8,0,0,0,0,0,0,0,0,0,0,0,0,0,0,0,0,0
2026-03-21T16:10:09Z,397.383,1382,-5660.800293,-10059.799805,1439.099976,196.300003,3.6,3.1,0,0,0,0,1,0,0,0,0,0,0,0,0,0,0,0,0
2026-03-21T16:10:10Z,397.641,1383,-5660.800293,-10059.799805,1439.099976,196.300003,3.6,3.1,0,0,0,0,1,0,0,0,0,0,0,0,0,0,0,0,0
2026-03-21T16:10:10Z,397.900,1384,-5660.800293,-10059.700195,1439.099976,196,0.8,2.8,0,0,0,0,0,0,0,0,0,0,0,0,0,1,0,0,0
2026-03-21T16:10:10Z,398.148,1385,-5660.800293,-10059.700195,1439.099976,196,0.8,2.8,0,0,0,0,0,0,0,0,0,0,0,0,0,1,0,0,0
2026-03-21T16:10:10Z,398.410,1386,-5660.800293,-10059.700195,1439.099976,196,0.8,2.8,0,0,0,0,0,0,0,0,0,0,0,0,0,1,0,0,0
2026-03-21T16:10:11Z,398.676,1387,-5660.800293,-10059.700195,1439.099976,196,0.8,2.8,0,0,0,0,0,0,0,0,0,0,0,0,0,1,0,0,0
2026-03-21T16:10:11Z,398.941,1388,-5660.800293,-10059.799805,1439.099976,196.300003,4,2.9,0,0,0,0,1,0,0,0,0,0,0,0,0,0,0,0,0
2026-03-21T16:10:11Z,399.193,1389,-5660.800293,-10059.799805,1439.099976,196.300003,4,2.9,0,0,0,0,1,0,0,0,0,0,0,0,0,0,0,0,0
2026-03-21T16:10:11Z,399.441,1390,-5660.800293,-10059.799805,1439.099976,196.300003,4,2.9,0,0,0,0,1,0,0,0,0,0,0,0,0,0,0,0,0
2026-03-21T16:10:12Z,399.705,1391,-5660.800293,-10059.799805,1439.099976,196.300003,4,2.9,0,0,0,0,1,0,0,0,0,0,0,0,0,0,0,0,0
2026-03-21T16:10:12Z,399.968,1392,-5660.800293,-10059.799805,1439.099976,196.699997,2.8,2.8,0,0,0,0,0,0,0,0,0,0,0,0,0,0,0,0,0
2026-03-21T16:10:12Z,400.199,1393,-5660.800293,-10059.799805,1439.099976,196.699997,2.8,2.8,0,0,0,0,0,0,0,0,0,0,0,0,0,0,0,0,0
2026-03-21T16:10:12Z,400.438,1394,-5660.800293,-10059.799805,1439.099976,196.699997,2.8,2.8,0,0,0,0,0,0,0,0,0,0,0,0,0,0,0,0,0
2026-03-21T16:10:13Z,400.696,1395,-5660.800293,-10059.799805,1439.099976,196.699997,2.8,2.8,0,0,0,0,0,0,0,0,0,0,0,0,0,0,0,0,0
2026-03-21T16:10:13Z,400.959,1396,-5660.899902,-10059.900391,1439.099976,197.699997,3.1,2.8,0,0,0,0,0,0,0,0,0,0,0,0,0,0,0,0,0
2026-03-21T16:10:13Z,401.197,1397,-5660.899902,-10059.900391,1439.099976,197.699997,3.1,2.8,0,0,0,0,0,0,0,0,0,0,0,0,0,0,0,0,0
2026-03-21T16:10:13Z,401.430,1398,-5660.899902,-10059.900391,1439.099976,197.699997,3.1,2.8,0,0,0,0,0,0,0,0,0,0,0,0,0,0,0,0,0
2026-03-21T16:10:14Z,401.694,1399,-5660.899902,-10059.900391,1439.099976,197.699997,3.1,2.8,0,0,0,0,0,0,0,0,0,0,0,0,0,0,0,0,0
2026-03-21T16:10:14Z,401.960,1400,-5661,-10060.100586,1439.200073,199.300003,3.2,2.9,0,0,0,0,0,0,0,0,0,0,0,0,0,0,0,0,0
2026-03-21T16:10:14Z,402.188,1401,-5661,-10060.100586,1439.200073,199.300003,3.2,2.9,0,0,0,0,0,0,0,0,0,0,0,0,0,0,0,0,0
2026-03-21T16:10:14Z,402.451,1402,-5661,-10060.100586,1439.200073,199.300003,3.2,2.9,0,0,0,0,0,0,0,0,0,0,0,0,0,0,0,0,0
2026-03-21T16:10:15Z,402.722,1403,-5661,-10060.100586,1439.200073,199.300003,3.2,2.9,0,0,0,0,0,0,0,0,0,0,0,0,0,0,0,0,0
2026-03-21T16:10:15Z,402.985,1404,-5661.100098,-10060.400391,1439.099976,201,2.9,2.9,0,0,0,0,0,0,0,0,0,0,0,0,0,0,0,0,0
2026-03-21T16:10:15Z,403.223,1405,-5661.100098,-10060.400391,1439.099976,201,2.9,2.9,0,0,0,0,0,0,0,0,0,0,0,0,0,0,0,0,0
2026-03-21T16:10:15Z,403.456,1406,-5661.100098,-10060.400391,1439.099976,201,2.9,2.9,0,0,0,0,0,0,0,0,0,0,0,0,0,0,0,0,0
2026-03-21T16:10:16Z,403.722,1407,-5661.100098,-10060.400391,1439.099976,201,2.9,2.9,0,0,0,0,0,0,0,0,0,0,0,0,0,0,0,0,0
2026-03-21T16:10:16Z,403.989,1408,-5661.200195,-10060.600586,1439.099976,203,3.4,3,0,0,0,0,0,0,0,0,0,0,0,0,0,0,0,0,0
2026-03-21T16:10:16Z,404.234,1409,-5661.200195,-10060.600586,1439.099976,203,3.4,3,0,0,0,0,0,0,0,0,0,0,0,0,0,0,0,0,0
2026-03-21T16:10:16Z,404.498,1410,-5661.200195,-10060.600586,1439.099976,203,3.4,3,0,0,0,0,0,0,0,0,0,0,0,0,0,0,0,0,0
2026-03-21T16:10:17Z,404.760,1411,-5661.200195,-10060.600586,1439.099976,203,3.4,3,0,0,0,0,0,0,0,0,0,0,0,0,0,0,0,0,0
2026-03-21T16:10:17Z,405.022,1412,-5661.399902,-10060.900391,1439.200073,204.900009,3.5,3.2,0,0,0,0,0,0,0,0,0,0,0,0,0,0,0,0,0
2026-03-21T16:10:17Z,405.268,1413,-5661.399902,-10060.900391,1439.200073,204.900009,3.5,3.2,0,0,0,0,0,0,0,0,0,0,0,0,0,0,0,0,0
2026-03-21T16:10:18Z,405.529,1414,-5661.399902,-10060.900391,1439.200073,204.900009,3.5,3.2,0,0,0,0,0,0,0,0,0,0,0,0,0,0,0,0,0
2026-03-21T16:10:18Z,405.786,1415,-5661.399902,-10060.900391,1439.200073,204.900009,3.5,3.2,0,0,0,0,0,0,0,0,0,0,0,0,0,0,0,0,0
2026-03-21T16:10:18Z,406.053,1416,-5661.700195,-10061.400391,1439.200073,206.699997,3.4,3.1,0,0,0,0,0,0,0,0,0,0,0,0,0,0,0,0,0
2026-03-21T16:10:18Z,406.291,1417,-5661.700195,-10061.400391,1439.200073,206.699997,3.4,3.1,0,0,0,0,0,0,0,0,0,0,0,0,0,0,0,0,0
2026-03-21T16:10:19Z,406.555,1418,-5661.700195,-10061.400391,1439.200073,206.699997,3.4,3.1,0,0,0,0,0,0,0,0,0,0,0,0,0,0,0,0,0
2026-03-21T16:10:19Z,406.812,1419,-5661.700195,-10061.400391,1439.200073,206.699997,3.4,3.1,0,0,0,0,0,0,0,0,0,0,0,0,0,0,0,0,0
2026-03-21T16:10:19Z,407.070,1420,-5661.899902,-10061.799805,1439.200073,208.400009,3.5,3.3,0,0,0,0,0,0,0,0,0,0,0,0,0,0,0,0,0
2026-03-21T16:10:19Z,407.299,1421,-5661.899902,-10061.799805,1439.200073,208.400009,3.5,3.3,0,0,0,0,0,0,0,0,0,0,0,0,0,0,0,0,0
2026-03-21T16:10:20Z,407.559,1422,-5661.899902,-10061.799805,1439.200073,208.400009,3.5,3.3,0,0,0,0,0,0,0,0,0,0,0,0,0,0,0,0,0
2026-03-21T16:10:20Z,407.822,1423,-5661.899902,-10061.799805,1439.200073,208.400009,3.5,3.3,0,0,0,0,0,0,0,0,0,0,0,0,0,0,0,0,0
2026-03-21T16:10:20Z,408.077,1424,-5662.200195,-10062.299805,1439.200073,210,3.7,3.7,0,0,0,0,0,0,0,0,0,0,0,0,0,0,0,0,0
2026-03-21T16:10:20Z,408.383,1425,-5662.200195,-10062.299805,1439.200073,210,3.7,3.7,0,0,0,0,0,0,0,0,0,0,0,0,0,0,0,0,0
2026-03-21T16:10:21Z,408.645,1426,-5662.200195,-10062.299805,1439.200073,210,3.7,3.7,0,0,0,0,0,0,0,0,0,0,0,0,0,0,0,0,0
2026-03-21T16:10:21Z,408.902,1427,-5662.600098,-10062.700195,1439.300049,211.900009,3.8,3.4,0,0,0,0,0,0,0,0,0,1,0,0,0,0,0,0,0
2026-03-21T16:10:21Z,409.196,1428,-5662.600098,-10062.700195,1439.300049,211.900009,3.8,3.4,0,0,0,0,0,0,0,0,0,1,0,0,0,0,0,0,0
2026-03-21T16:10:21Z,409.427,1429,-5662.600098,-10062.700195,1439.300049,211.900009,3.8,3.4,0,0,0,0,0,0,0,0,0,1,0,0,0,0,0,0,0
2026-03-21T16:10:22Z,409.688,1430,-5662.600098,-10062.700195,1439.300049,211.900009,3.8,3.4,0,0,0,0,0,0,0,0,0,1,0,0,0,0,0,0,0
2026-03-21T16:10:22Z,409.953,1431,-5663,-10063.299805,1439.300049,215.600006,3.8,3.1,0,0,0,0,0,0,0,0,0,0,0,0,0,0,0,0,0
2026-03-21T16:10:22Z,410.247,1432,-5663,-10063.299805,1439.300049,215.600006,3.8,3.1,0,0,0,0,0,0,0,0,0,0,0,0,0,0,0,0,0
2026-03-21T16:10:22Z,410.511,1433,-5663,-10063.299805,1439.300049,215.600006,3.8,3.1,0,0,0,0,0,0,0,0,0,0,0,0,0,0,0,0,0
2026-03-21T16:10:23Z,410.769,1434,-5663,-10063.299805,1439.300049,215.600006,3.8,3.1,0,0,0,0,0,0,0,0,0,0,0,0,0,0,0,0,0
2026-03-21T16:10:23Z,411.038,1435,-5663.600098,-10063.799805,1439.300049,220.800003,3.5,3.1,0,0,0,0,0,0,0,1,0,0,0,0,0,0,0,0,0
2026-03-21T16:10:23Z,411.282,1436,-5663.600098,-10063.799805,1439.300049,220.800003,3.5,3.1,0,0,0,0,0,0,0,1,0,0,0,0,0,0,0,0,0
2026-03-21T16:10:23Z,411.541,1437,-5663.600098,-10063.799805,1439.300049,220.800003,3.5,3.1,0,0,0,0,0,0,0,1,0,0,0,0,0,0,0,0,0
2026-03-21T16:10:24Z,411.766,1438,-5663.600098,-10063.799805,1439.300049,220.800003,3.5,3.1,0,0,0,0,0,0,0,1,0,0,0,0,0,0,0,0,0
2026-03-21T16:10:24Z,412.033,1439,-5664.300293,-10064.299805,1439.400024,226.800003,3.4,3.4,0,0,0,0,0,0,0,1,0,0,0,0,0,0,0,0,0
2026-03-21T16:10:24Z,412.266,1440,-5664.300293,-10064.299805,1439.400024,226.800003,3.4,3.4,0,0,0,0,0,0,0,1,0,0,0,0,0,0,0,0,0
2026-03-21T16:10:24Z,412.498,1441,-5664.300293,-10064.299805,1439.400024,226.800003,3.4,3.4,0,0,0,0,0,0,0,1,0,0,0,0,0,0,0,0,0
2026-03-21T16:10:25Z,412.765,1442,-5664.300293,-10064.299805,1439.400024,226.800003,3.4,3.4,0,0,0,0,0,0,0,1,0,0,0,0,0,0,0,0,0
2026-03-21T16:10:25Z,413.027,1443,-5665,-10064.799805,1439.400024,230.300003,4,3.9,0,0,0,0,0,0,0,0,0,0,0,0,0,0,0,0,0
2026-03-21T16:10:25Z,413.263,1444,-5665,-10064.799805,1439.400024,230.300003,4,3.9,0,0,0,0,0,0,0,0,0,0,0,0,0,0,0,0,0
2026-03-21T16:10:25Z,413.521,1445,-5665,-10064.799805,1439.400024,230.300003,4,3.9,0,0,0,0,0,0,0,0,0,0,0,0,0,0,0,0,0
2026-03-21T16:10:26Z,413.742,1446,-5665,-10064.799805,1439.400024,230.300003,4,3.9,0,0,0,0,0,0,0,0,0,0,0,0,0,0,0,0,0
2026-03-21T16:10:26Z,414.006,1447,-5665.600098,-10065.400391,1439.5,234.5,2.8,4.1,0,0,0,0,0,0,0,0,0,0,0,0,0,0,0,0,0
2026-03-21T16:10:26Z,414.230,1448,-5665.600098,-10065.400391,1439.5,234.5,2.8,4.1,0,0,0,0,0,0,0,0,0,0,0,0,0,0,0,0,0
2026-03-21T16:10:26Z,414.450,1449,-5665.600098,-10065.400391,1439.5,234.5,2.8,4.1,0,0,0,0,0,0,0,0,0,0,0,0,0,0,0,0,0
2026-03-21T16:10:27Z,414.711,1450,-5665.600098,-10065.400391,1439.5,234.5,2.8,4.1,0,0,0,0,0,0,0,0,0,0,0,0,0,0,0,0,0
2026-03-21T16:10:27Z,414.974,1451,-5665.600098,-10065.400391,1439.5,234.5,2.8,4.1,0,0,0,0,0,0,0,0,0,0,0,0,0,0,0,0,0
2026-03-21T16:10:27Z,415.255,1452,-5665.5,-10065.700195,1439.5,247.800003,0.3,4.4,0,0,0,0,0,0,0,0,0,0,0,0,0,0,0,0,0
2026-03-21T16:10:27Z,415.486,1453,-5665.5,-10065.700195,1439.5,247.800003,0.3,4.4,0,0,0,0,0,0,0,0,0,0,0,0,0,0,0,0,0
2026-03-21T16:10:28Z,415.748,1454,-5665.5,-10065.700195,1439.5,247.800003,0.3,4.4,0,0,0,0,0,0,0,0,0,0,0,0,0,0,0,0,0
2026-03-21T16:10:28Z,415.989,1455,-5665.5,-10065.900391,1439.5,253.5,3.5,2.1,0,0,0,0,0,0,0,0,0,0,0,0,0,0,0,0,0
2026-03-21T16:10:28Z,416.213,1456,-5665.5,-10065.900391,1439.5,253.5,3.5,2.1,0,0,0,0,0,0,0,0,0,0,0,0,0,0,0,0,0
2026-03-21T16:10:28Z,416.440,1457,-5665.5,-10065.900391,1439.5,253.5,3.5,2.1,0,0,0,0,0,0,0,0,0,0,0,0,0,0,0,0,0
2026-03-21T16:10:29Z,416.694,1458,-5665.5,-10065.900391,1439.5,253.5,3.5,2.1,0,0,0,0,0,0,0,0,0,0,0,0,0,0,0,0,0
2026-03-21T16:10:29Z,416.957,1459,-5665.600098,-10066,1439.5,252.800003,3,3.7,0,0,0,0,0,0,0,0,0,0,0,0,0,0,0,0,0
2026-03-21T16:10:29Z,417.177,1460,-5665.600098,-10066,1439.5,252.800003,3,3.7,0,0,0,0,0,0,0,0,0,0,0,0,0,0,0,0,0
2026-03-21T16:10:29Z,417.445,1461,-5665.600098,-10066,1439.5,252.800003,3,3.7,0,0,0,0,0,0,0,0,0,0,0,0,0,0,0,0,0
2026-03-21T16:10:30Z,417.707,1462,-5665.600098,-10066,1439.5,252.800003,3,3.7,0,0,0,0,0,0,0,0,0,0,0,0,0,0,0,0,0
2026-03-21T16:10:30Z,417.972,1463,-5665.600098,-10066.100586,1439.5,252.400009,0.9,4.8,0,0,0,0,0,0,0,0,0,0,0,0,0,0,0,0,0
2026-03-21T16:10:30Z,418.194,1464,-5665.600098,-10066.100586,1439.5,252.400009,0.9,4.8,0,0,0,0,0,0,0,0,0,0,0,0,0,0,0,0,0
2026-03-21T16:10:30Z,418.428,1465,-5665.600098,-10066.100586,1439.5,252.400009,0.9,4.8,0,0,0,0,0,0,0,0,0,0,0,0,0,0,0,0,0
2026-03-21T16:10:31Z,418.684,1466,-5665.600098,-10066.100586,1439.5,252.400009,0.9,4.8,0,0,0,0,0,0,0,0,0,0,0,0,0,0,0,0,0
2026-03-21T16:10:31Z,418.909,1467,-5665.600098,-10066.100586,1439.5,252.5,1,4.6,0,0,0,0,0,0,0,0,0,0,0,0,0,0,0,0,0
2026-03-21T16:10:31Z,419.168,1468,-5665.600098,-10066.100586,1439.5,252.5,1,4.6,0,0,0,0,0,0,0,0,0,0,0,0,0,0,0,0,0
2026-03-21T16:10:31Z,419.439,1469,-5665.600098,-10066.100586,1439.5,252.5,1,4.6,0,0,0,0,0,0,0,0,0,0,0,0,0,0,0,0,0
2026-03-21T16:10:32Z,419.704,1470,-5665.600098,-10066.100586,1439.5,252.5,1,4.6,0,0,0,0,0,0,0,0,0,0,0,0,0,0,0,0,0
2026-03-21T16:10:32Z,419.930,1471,-5665.600098,-10066.100586,1439.5,252.5,1,4.6,0,0,0,0,0,0,0,0,0,0,0,0,0,0,0,0,0
2026-03-21T16:10:32Z,420.226,1472,-5665.600098,-10066.100586,1439.5,252.600006,1.7,4.8,0,0,0,0,0,0,0,0,0,0,0,0,0,0,0,0,0
2026-03-21T16:10:32Z,420.493,1473,-5665.600098,-10066.100586,1439.5,252.600006,1.7,4.8,0,0,0,0,0,0,0,0,0,0,0,0,0,0,0,0,0
2026-03-21T16:10:33Z,420.754,1474,-5665.600098,-10066.100586,1439.5,252.600006,1.7,4.8,0,0,0,0,0,0,0,0,0,0,0,0,0,0,0,0,0
2026-03-21T16:10:33Z,421.015,1475,-5665.600098,-10066.100586,1439.5,252.800003,1.9,4.4,0,0,0,0,0,0,0,0,0,0,0,0,0,0,0,0,0
2026-03-21T16:10:33Z,421.234,1476,-5665.600098,-10066.100586,1439.5,252.800003,1.9,4.4,0,0,0,0,0,0,0,0,0,0,0,0,0,0,0,0,0
2026-03-21T16:10:33Z,421.454,1477,-5665.600098,-10066.100586,1439.5,252.800003,1.9,4.4,0,0,0,0,0,0,0,0,0,0,0,0,0,0,0,0,0
2026-03-21T16:10:34Z,421.719,1478,-5665.600098,-10066.100586,1439.5,252.800003,1.9,4.4,0,0,0,0,0,0,0,0,0,0,0,0,0,0,0,0,0
2026-03-21T16:10:34Z,421.949,1479,-5665.600098,-10066.100586,1439.5,252.800003,1.9,4.4,0,0,0,0,0,0,0,0,0,0,0,0,0,0,0,0,0
2026-03-21T16:10:34Z,422.247,1480,-5665.600098,-10066.100586,1439.5,252.900009,1.8,4.5,0,0,0,0,0,0,0,0,0,0,0,0,0,0,0,0,0
2026-03-21T16:10:34Z,422.470,1481,-5665.600098,-10066.100586,1439.5,252.900009,1.8,4.5,0,0,0,0,0,0,0,0,0,0,0,0,0,0,0,0,0
2026-03-21T16:10:35Z,422.745,1482,-5665.600098,-10066.100586,1439.5,252.900009,1.8,4.5,0,0,0,0,0,0,0,0,0,0,0,0,0,0,0,0,0
2026-03-21T16:10:35Z,423.006,1483,-5665.600098,-10066.100586,1439.5,252.900009,1.5,4.6,0,0,0,0,0,0,0,0,0,0,0,0,0,0,0,0,0
2026-03-21T16:10:35Z,423.285,1484,-5665.600098,-10066.100586,1439.5,252.900009,1.5,4.6,0,0,0,0,0,0,0,0,0,0,0,0,0,0,0,0,0
2026-03-21T16:10:36Z,423.555,1485,-5665.600098,-10066.100586,1439.5,252.900009,1.5,4.6,0,0,0,0,0,0,0,0,0,0,0,0,0,0,0,0,0
2026-03-21T16:10:36Z,423.813,1486,-5665.600098,-10066.100586,1439.5,252.900009,1.5,4.6,0,0,0,0,0,0,0,0,0,0,0,0,0,0,0,0,0
2026-03-21T16:10:36Z,424.063,1487,-5665.5,-10066,1439.5,253,1.1,4.2,0,0,0,0,0,0,0,0,0,0,0,0,0,0,0,0,0
2026-03-21T16:10:36Z,424.323,1488,-5665.5,-10066,1439.5,253,1.1,4.2,0,0,0,0,0,0,0,0,0,0,0,0,0,0,0,0,0
2026-03-21T16:10:37Z,424.585,1489,-5665.5,-10066,1439.5,253,1.1,4.2,0,0,0,0,0,0,0,0,0,0,0,0,0,0,0,0,0
2026-03-21T16:10:37Z,424.848,1490,-5665.5,-10066,1439.5,253,1.1,4.2,0,0,0,0,0,0,0,0,0,0,0,0,0,0,0,0,0
2026-03-21T16:10:37Z,425.140,1491,-5665.300293,-10066,1439.5,253.400009,1.2,4.3,0,0,0,0,0,0,0,0,0,0,0,0,0,0,0,0,0
2026-03-21T16:10:37Z,425.391,1492,-5665.300293,-10066,1439.5,253.400009,1.2,4.3,0,0,0,0,0,0,0,0,0,0,0,0,0,0,0,0,0
2026-03-21T16:10:38Z,425.661,1493,-5665.300293,-10066,1439.5,253.400009,1.2,4.3,0,0,0,0,0,0,0,0,0,0,0,0,0,0,0,0,0
2026-03-21T16:10:38Z,425.930,1494,-5665.300293,-10066,1439.5,253.400009,1.2,4.3,0,0,0,0,0,0,0,0,0,0,0,0,0,0,0,0,0
2026-03-21T16:10:38Z,426.189,1495,-5664.899902,-10065.799805,1439.5,254,1.1,4.5,0,0,0,0,0,0,0,0,0,0,0,0,0,0,0,0,0
2026-03-21T16:10:38Z,426.465,1496,-5664.899902,-10065.799805,1439.5,254,1.1,4.5,0,0,0,0,0,0,0,0,0,0,0,0,0,0,0,0,0
2026-03-21T16:10:39Z,426.737,1497,-5664.899902,-10065.799805,1439.5,254,1.1,4.5,0,0,0,0,0,0,0,0,0,0,0,0,0,0,0,0,0
2026-03-21T16:10:39Z,427.013,1498,-5664.5,-10065.700195,1439.5,254.699997,0.8,4.4,0,0,0,0,0,0,0,0,0,0,0,0,0,0,0,0,0
2026-03-21T16:10:39Z,427.278,1499,-5664.5,-10065.700195,1439.5,254.699997,0.8,4.4,0,0,0,0,0,0,0,0,0,0,0,0,0,0,0,0,0
2026-03-21T16:10:40Z,427.537,1500,-5664.5,-10065.700195,1439.5,254.699997,0.8,4.4,0,0,0,0,0,0,0,0,0,0,0,0,0,0,0,0,0
2026-03-21T16:10:40Z,427.809,1501,-5664.5,-10065.700195,1439.5,254.699997,0.8,4.4,0,0,0,0,0,0,0,0,0,0,0,0,0,0,0,0,0
2026-03-21T16:10:40Z,428.073,1502,-5663.800293,-10065.5,1439.5,255.699997,0.5,4.2,0,0,0,0,0,0,1,0,0,0,0,0,0,0,0,0,0
2026-03-21T16:10:40Z,428.318,1503,-5663.800293,-10065.5,1439.5,255.699997,0.5,4.2,0,0,0,0,0,0,1,0,0,0,0,0,0,0,0,0,0
2026-03-21T16:10:41Z,428.587,1504,-5663.800293,-10065.5,1439.5,255.699997,0.5,4.2,0,0,0,0,0,0,1,0,0,0,0,0,0,0,0,0,0
2026-03-21T16:10:41Z,428.856,1505,-5663.800293,-10065.5,1439.5,255.699997,0.5,4.2,0,0,0,0,0,0,1,0,0,0,0,0,0,0,0,0,0
2026-03-21T16:10:41Z,429.129,1506,-5663.100098,-10065.299805,1439.5,256.700012,0.1,4.1,0,0,0,0,0,0,1,0,0,0,0,0,0,0,0,0,0
2026-03-21T16:10:41Z,429.380,1507,-5663.100098,-10065.299805,1439.5,256.700012,0.1,4.1,0,0,0,0,0,0,1,0,0,0,0,0,0,0,0,0,0
2026-03-21T16:10:42Z,429.653,1508,-5663.100098,-10065.299805,1439.5,256.700012,0.1,4.1,0,0,0,0,0,0,1,0,0,0,0,0,0,0,0,0,0
2026-03-21T16:10:42Z,429.919,1509,-5663.100098,-10065.299805,1439.5,256.700012,0.1,4.1,0,0,0,0,0,0,1,0,0,0,0,0,0,0,0,0,0
2026-03-21T16:10:42Z,430.178,1510,-5662.300293,-10065.100586,1439.5,257.899994,-0.5,3.9,0,0,0,0,0,1,1,0,0,0,0,0,0,0,0,0,0
2026-03-21T16:10:42Z,430.436,1511,-5662.300293,-10065.100586,1439.5,257.899994,-0.5,3.9,0,0,0,0,0,1,1,0,0,0,0,0,0,0,0,0,0
2026-03-21T16:10:43Z,430.699,1512,-5662.300293,-10065.100586,1439.5,257.899994,-0.5,3.9,0,0,0,0,0,1,1,0,0,0,0,0,0,0,0,0,0
2026-03-21T16:10:48Z,430.969,1513,-5662.300293,-10065.100586,1439.5,257.899994,-0.5,3.9,0,0,0,0,0,1,1,0,0,0,0,0,0,0,0,0,0
2026-03-21T16:10:48Z,436.286,1514,-5659.200195,-10064.299805,1439.400024,263.899994,-0.2,3.2,0,0,0,0,0,0,0,0,0,0,1,0,0,0,0,0,0
2026-03-21T16:10:49Z,436.542,1515,-5659.200195,-10064.299805,1439.400024,263.899994,-0.2,3.2,0,0,0,0,0,0,0,0,0,0,1,0,0,0,0,0,0
2026-03-21T16:10:49Z,436.812,1516,-5659.200195,-10064.299805,1439.400024,263.899994,-0.2,3.2,0,0,0,0,0,0,0,0,0,0,1,0,0,0,0,0,0
2026-03-21T16:10:49Z,437.074,1517,-5659.200195,-10064.299805,1439.400024,263.899994,0,3.3,0,0,0,0,0,0,0,0,0,0,1,0,0,0,0,0,0
2026-03-21T16:10:49Z,437.332,1518,-5659.200195,-10064.299805,1439.400024,263.899994,0,3.3,0,0,0,0,0,0,0,0,0,0,1,0,0,0,0,0,0
2026-03-21T16:10:50Z,437.583,1519,-5659.200195,-10064.299805,1439.400024,263.899994,0,3.3,0,0,0,0,0,0,0,0,0,0,1,0,0,0,0,0,0
2026-03-21T16:10:50Z,437.862,1520,-5659.200195,-10064.299805,1439.400024,263.899994,0,3.3,0,0,0,0,0,0,0,0,0,0,1,0,0,0,0,0,0
2026-03-21T16:10:50Z,438.142,1521,-5659.200195,-10064.299805,1439.400024,264.100006,0.1,3.2,0,0,0,0,0,0,0,0,0,0,0,0,0,0,0,0,0
2026-03-21T16:10:50Z,438.386,1522,-5659.200195,-10064.299805,1439.400024,264.100006,0.1,3.2,0,0,0,0,0,0,0,0,0,0,0,0,0,0,0,0,0
2026-03-21T16:10:51Z,438.646,1523,-5659.200195,-10064.299805,1439.400024,264.100006,0.1,3.2,0,0,0,0,0,0,0,0,0,0,0,0,0,0,0,0,0
2026-03-21T16:10:51Z,438.892,1524,-5659.200195,-10064.299805,1439.400024,264.800018,0.1,3.2,0,0,0,0,0,0,0,0,0,0,0,0,0,0,0,0,0
2026-03-21T16:10:51Z,439.204,1525,-5659.200195,-10064.299805,1439.400024,264.800018,0.1,3.2,0,0,0,0,0,0,0,0,0,0,0,0,0,0,0,0,0
2026-03-21T16:10:51Z,439.452,1526,-5659.200195,-10064.299805,1439.400024,264.800018,0.1,3.2,0,0,0,0,0,0,0,0,0,0,0,0,0,0,0,0,0
2026-03-21T16:10:52Z,439.709,1527,-5659.200195,-10064.299805,1439.400024,264.800018,0.1,3.2,0,0,0,0,0,0,0,0,0,0,0,0,0,0,0,0,0
2026-03-21T16:10:52Z,439.959,1528,-5659.300293,-10064.299805,1439.400024,265.800018,0,3.2,0,0,0,0,0,0,0,0,0,0,1,0,0,0,0,0,0
2026-03-21T16:10:52Z,440.222,1529,-5659.300293,-10064.299805,1439.400024,265.800018,0,3.2,0,0,0,0,0,0,0,0,0,0,1,0,0,0,0,0,0
2026-03-21T16:10:52Z,440.490,1530,-5659.300293,-10064.299805,1439.400024,265.800018,0,3.2,0,0,0,0,0,0,0,0,0,0,1,0,0,0,0,0,0
2026-03-21T16:10:53Z,440.746,1531,-5659.300293,-10064.299805,1439.400024,265.800018,0,3.2,0,0,0,0,0,0,0,0,0,0,1,0,0,0,0,0,0
2026-03-21T16:10:53Z,441.009,1532,-5659.399902,-10064.299805,1439.400024,267.399994,-0.2,3.2,0,0,0,0,0,0,0,0,0,0,1,0,0,0,0,0,0
2026-03-21T16:10:53Z,441.249,1533,-5659.399902,-10064.299805,1439.400024,267.399994,-0.2,3.2,0,0,0,0,0,0,0,0,0,0,1,0,0,0,0,0,0
2026-03-21T16:10:54Z,441.519,1534,-5659.399902,-10064.299805,1439.400024,267.399994,-0.2,3.2,0,0,0,0,0,0,0,0,0,0,1,0,0,0,0,0,0
2026-03-21T16:10:54Z,441.801,1535,-5659.399902,-10064.299805,1439.400024,267.399994,-0.2,3.2,0,0,0,0,0,0,0,0,0,0,1,0,0,0,0,0,0
2026-03-21T16:10:54Z,442.055,1536,-5659.600098,-10064.200195,1439.400024,269.399994,-0.2,3.2,0,0,0,0,0,0,0,0,0,0,0,0,0,0,0,0,0
2026-03-21T16:10:54Z,442.332,1537,-5659.600098,-10064.200195,1439.400024,269.399994,-0.2,3.2,0,0,0,0,0,0,0,0,0,0,0,0,0,0,0,0,0
2026-03-21T16:10:55Z,442.590,1538,-5659.600098,-10064.200195,1439.400024,269.399994,-0.2,3.2,0,0,0,0,0,0,0,0,0,0,0,0,0,0,0,0,0
2026-03-21T16:10:55Z,442.859,1539,-5659.600098,-10064.200195,1439.400024,269.399994,-0.2,3.2,0,0,0,0,0,0,0,0,0,0,0,0,0,0,0,0,0
2026-03-21T16:10:55Z,443.128,1540,-5659.800293,-10064.200195,1439.400024,271.800018,-0.3,3.2,0,0,1,0,0,0,0,0,0,0,0,0,0,0,0,0,0
2026-03-21T16:10:55Z,443.380,1541,-5659.800293,-10064.200195,1439.400024,271.800018,-0.3,3.2,0,0,1,0,0,0,0,0,0,0,0,0,0,0,0,0,0
2026-03-21T16:10:56Z,443.639,1542,-5659.800293,-10064.200195,1439.400024,271.800018,-0.3,3.2,0,0,1,0,0,0,0,0,0,0,0,0,0,0,0,0,0
2026-03-21T16:10:56Z,443.905,1543,-5659.800293,-10064.200195,1439.400024,271.800018,-0.3,3.2,0,0,1,0,0,0,0,0,0,0,0,0,0,0,0,0,0
2026-03-21T16:10:56Z,444.191,1544,-5660,-10064.100586,1439.400024,274.5,-0.6,3.3,0,0,1,0,0,0,0,0,0,0,0,0,0,0,0,0,0
2026-03-21T16:10:56Z,444.458,1545,-5660,-10064.100586,1439.400024,274.5,-0.6,3.3,0,0,1,0,0,0,0,0,0,0,0,0,0,0,0,0,0
2026-03-21T16:10:57Z,444.727,1546,-5660,-10064.100586,1439.400024,274.5,-0.6,3.3,0,0,1,0,0,0,0,0,0,0,0,0,0,0,0,0,0
2026-03-21T16:10:57Z,444.986,1547,-5660.200195,-10064,1439.400024,277.5,-0.8,3.3,0,0,0,0,0,0,0,0,0,0,0,0,0,0,0,0,0
2026-03-21T16:10:57Z,445.233,1548,-5660.200195,-10064,1439.400024,277.5,-0.8,3.3,0,0,0,0,0,0,0,0,0,0,0,0,0,0,0,0,0
2026-03-21T16:10:57Z,445.498,1549,-5660.200195,-10064,1439.400024,277.5,-0.8,3.3,0,0,0,0,0,0,0,0,0,0,0,0,0,0,0,0,0
2026-03-21T16:10:58Z,445.751,1550,-5660.200195,-10064,1439.400024,277.5,-0.8,3.3,0,0,0,0,0,0,0,0,0,0,0,0,0,0,0,0,0
2026-03-21T16:10:58Z,445.996,1551,-5660.399902,-10063.900391,1439.400024,280.700012,-1,3.3,0,0,0,0,0,0,0,0,0,0,0,0,0,0,0,0,0
2026-03-21T16:10:58Z,446.258,1552,-5660.399902,-10063.900391,1439.400024,280.700012,-1,3.3,0,0,0,0,0,0,0,0,0,0,0,0,0,0,0,0,0
2026-03-21T16:10:59Z,446.514,1553,-5660.399902,-10063.900391,1439.400024,280.700012,-1,3.3,0,0,0,0,0,0,0,0,0,0,0,0,0,0,0,0,0
2026-03-21T16:10:59Z,446.786,1554,-5660.399902,-10063.900391,1439.400024,280.700012,-1,3.3,0,0,0,0,0,0,0,0,0,0,0,0,0,0,0,0,0
2026-03-21T16:10:59Z,447.054,1555,-5660.700195,-10063.700195,1439.400024,284.399994,-1.3,3.3,0,0,0,0,0,0,0,0,0,0,0,0,0,0,0,0,0
2026-03-21T16:10:59Z,447.330,1556,-5660.700195,-10063.700195,1439.400024,284.399994,-1.3,3.3,0,0,0,0,0,0,0,0,0,0,0,0,0,0,0,0,0
2026-03-21T16:11:00Z,447.586,1557,-5660.700195,-10063.700195,1439.400024,284.399994,-1.3,3.3,0,0,0,0,0,0,0,0,0,0,0,0,0,0,0,0,0
2026-03-21T16:11:00Z,447.847,1558,-5660.700195,-10063.700195,1439.400024,284.399994,-1.3,3.3,0,0,0,0,0,0,0,0,0,0,0,0,0,0,0,0,0
2026-03-21T16:11:00Z,448.140,1559,-5661,-10063.5,1439.300049,288.5,-1.6,3.2,0,0,0,0,0,0,0,0,0,0,0,0,0,0,0,0,0
2026-03-21T16:11:00Z,448.400,1560,-5661,-10063.5,1439.300049,288.5,-1.6,3.2,0,0,0,0,0,0,0,0,0,0,0,0,0,0,0,0,0
2026-03-21T16:11:01Z,448.660,1561,-5661,-10063.5,1439.300049,288.5,-1.6,3.2,0,0,0,0,0,0,0,0,0,0,0,0,0,0,0,0,0
2026-03-21T16:11:01Z,448.905,1562,-5661,-10063.5,1439.300049,288.5,-1.6,3.2,0,0,0,0,0,0,0,0,0,0,0,0,0,0,0,0,0
2026-03-21T16:11:01Z,449.165,1563,-5661.300293,-10063.299805,1439.300049,293.200012,-2.2,2.9,0,0,1,0,0,0,0,0,0,0,0,0,0,0,0,0,0
2026-03-21T16:11:01Z,449.427,1564,-5661.300293,-10063.299805,1439.300049,293.200012,-2.2,2.9,0,0,1,0,0,0,0,0,0,0,0,0,0,0,0,0,0
2026-03-21T16:11:02Z,449.686,1565,-5661.300293,-10063.299805,1439.300049,293.200012,-2.2,2.9,0,0,1,0,0,0,0,0,0,0,0,0,0,0,0,0,0
2026-03-21T16:11:02Z,449.937,1566,-5661.300293,-10063.299805,1439.300049,293.200012,-2.2,2.9,0,0,1,0,0,0,0,0,0,0,0,0,0,0,0,0,0
2026-03-21T16:11:02Z,450.203,1567,-5661.600098,-10063,1439.300049,298.600006,-2.7,2.6,0,0,0,0,0,0,0,0,0,0,0,0,0,0,0,0,0
2026-03-21T16:11:02Z,450.463,1568,-5661.600098,-10063,1439.300049,298.600006,-2.7,2.6,0,0,0,0,0,0,0,0,0,0,0,0,0,0,0,0,0
2026-03-21T16:11:03Z,450.722,1569,-5661.600098,-10063,1439.300049,298.600006,-2.7,2.6,0,0,0,0,0,0,0,0,0,0,0,0,0,0,0,0,0
2026-03-21T16:11:03Z,451.006,1570,-5661.899902,-10062.600586,1439.300049,304.399994,-3.3,2.3,0,0,0,0,0,0,0,0,0,0,0,0,0,0,0,0,0
2026-03-21T16:11:03Z,451.264,1571,-5661.899902,-10062.600586,1439.300049,304.399994,-3.3,2.3,0,0,0,0,0,0,0,0,0,0,0,0,0,0,0,0,0
2026-03-21T16:11:04Z,451.525,1572,-5661.899902,-10062.600586,1439.300049,304.399994,-3.3,2.3,0,0,0,0,0,0,0,0,0,0,0,0,0,0,0,0,0
2026-03-21T16:11:04Z,451.785,1573,-5661.899902,-10062.600586,1439.300049,304.399994,-3.3,2.3,0,0,0,0,0,0,0,0,0,0,0,0,0,0,0,0,0
2026-03-21T16:11:04Z,452.048,1574,-5662.300293,-10062.200195,1439.200073,310.899994,-3.7,1.8,0,0,0,0,0,0,0,0,0,0,0,0,0,0,0,0,0
2026-03-21T16:11:04Z,452.334,1575,-5662.300293,-10062.200195,1439.200073,310.899994,-3.7,1.8,0,0,0,0,0,0,0,0,0,0,0,0,0,0,0,0,0
2026-03-21T16:11:05Z,452.594,1576,-5662.300293,-10062.200195,1439.200073,310.899994,-3.7,1.8,0,0,0,0,0,0,0,0,0,0,0,0,0,0,0,0,0
2026-03-21T16:11:05Z,452.851,1577,-5662.300293,-10062.200195,1439.200073,310.899994,-3.7,1.8,0,0,0,0,0,0,0,0,0,0,0,0,0,0,0,0,0
2026-03-21T16:11:05Z,453.101,1578,-5662.5,-10061.700195,1439.200073,317.800018,-3.7,1.3,0,0,0,0,0,0,0,0,0,0,0,0,0,0,0,0,0
2026-03-21T16:11:05Z,453.362,1579,-5662.5,-10061.700195,1439.200073,317.800018,-3.7,1.3,0,0,0,0,0,0,0,0,0,0,0,0,0,0,0,0,0
2026-03-21T16:11:06Z,453.621,1580,-5662.5,-10061.700195,1439.200073,317.800018,-3.7,1.3,0,0,0,0,0,0,0,0,0,0,0,0,0,0,0,0,0
2026-03-21T16:11:06Z,453.896,1581,-5662.5,-10061.700195,1439.200073,317.800018,-3.7,1.3,0,0,0,0,0,0,0,0,0,0,0,0,0,0,0,0,0
2026-03-21T16:11:06Z,454.162,1582,-5662.800293,-10061,1439.099976,325.899994,-3,0,0,0,0,0,0,0,0,0,0,0,0,0,0,0,0,0,0
2026-03-21T16:11:06Z,454.444,1583,-5662.800293,-10061,1439.099976,325.899994,-3,0,0,0,0,0,0,0,0,0,0,0,0,0,0,0,0,0,0
2026-03-21T16:11:07Z,454.720,1584,-5662.800293,-10061,1439.099976,325.899994,-3,0,0,0,0,0,0,0,0,0,0,0,0,0,0,0,0,0,0
2026-03-21T16:11:07Z,454.981,1585,-5663,-10060.200195,1439.099976,334.700012,-1.4,-1.1,0,0,0,0,0,0,0,0,0,0,0,0,0,0,0,0,0
2026-03-21T16:11:07Z,455.225,1586,-5663,-10060.200195,1439.099976,334.700012,-1.4,-1.1,0,0,0,0,0,0,0,0,0,0,0,0,0,0,0,0,0
2026-03-21T16:11:07Z,455.486,1587,-5663,-10060.200195,1439.099976,334.700012,-1.4,-1.1,0,0,0,0,0,0,0,0,0,0,0,0,0,0,0,0,0
2026-03-21T16:11:08Z,455.758,1588,-5663,-10060.200195,1439.099976,334.700012,-1.4,-1.1,0,0,0,0,0,0,0,0,0,0,0,0,0,0,0,0,0
2026-03-21T16:11:08Z,456.016,1589,-5663.100098,-10059.5,1439,343.399994,-5.5,-5.1,0,0,0,0,0,0,0,0,0,0,0,0,0,0,0,0,0
2026-03-21T16:11:08Z,456.278,1590,-5663.100098,-10059.5,1439,343.399994,-5.5,-5.1,0,0,0,0,0,0,0,0,0,0,0,0,0,0,0,0,0
2026-03-21T16:11:09Z,456.535,1591,-5663.100098,-10059.5,1439,343.399994,-5.5,-5.1,0,0,0,0,0,0,0,0,0,0,0,0,0,0,0,0,0
2026-03-21T16:11:09Z,456.795,1592,-5663.100098,-10059.5,1439,343.399994,-5.5,-5.1,0,0,0,0,0,0,0,0,0,0,0,0,0,0,0,0,0
2026-03-21T16:11:09Z,457.052,1593,-5663,-10058.799805,1438.900024,352.700012,-8.6,-11,0,0,0,0,0,0,0,0,0,0,0,0,0,0,0,0,0
2026-03-21T16:11:09Z,457.315,1594,-5663,-10058.799805,1438.900024,352.700012,-8.6,-11,0,0,0,0,0,0,0,0,0,0,0,0,0,0,0,0,0
2026-03-21T16:11:10Z,457.578,1595,-5663,-10058.799805,1438.900024,352.700012,-8.6,-11,0,0,0,0,0,0,0,0,0,0,0,0,0,0,0,0,0
2026-03-21T16:11:10Z,457.837,1596,-5663,-10058.799805,1438.900024,352.700012,-8.6,-11,0,0,0,0,0,0,0,0,0,0,0,0,0,0,0,0,0
2026-03-21T16:11:10Z,458.102,1597,-5662.899902,-10058.100586,1438.900024,1.6,-12.3,-11.1,0,0,0,0,0,0,0,0,0,0,0,0,0,0,0,0,0
2026-03-21T16:11:10Z,458.377,1598,-5662.899902,-10058.100586,1438.900024,1.6,-12.3,-11.1,0,0,0,0,0,0,0,0,0,0,0,0,0,0,0,0,0
2026-03-21T16:11:11Z,458.636,1599,-5662.899902,-10058.100586,1438.900024,1.6,-12.3,-11.1,0,0,0,0,0,0,0,0,0,0,0,0,0,0,0,0,0
2026-03-21T16:11:11Z,458.909,1600,-5662.899902,-10058.100586,1438.900024,1.6,-12.3,-11.1,0,0,0,0,0,0,0,0,0,0,0,0,0,0,0,0,0
2026-03-21T16:11:11Z,459.191,1601,-5662.700195,-10057.400391,1438.900024,11.1,-7.6,-13.1,0,0,0,0,0,0,0,0,0,0,0,0,0,0,0,0,0
2026-03-21T16:11:11Z,459.458,1602,-5662.700195,-10057.400391,1438.900024,11.1,-7.6,-13.1,0,0,0,0,0,0,0,0,0,0,0,0,0,0,0,0,0
2026-03-21T16:11:12Z,459.732,1603,-5662.700195,-10057.400391,1438.900024,11.1,-7.6,-13.1,0,0,0,0,0,0,0,0,0,0,0,0,0,0,0,0,0
2026-03-21T16:11:12Z,460.009,1604,-5662.399902,-10056.700195,1438.800049,23.5,3.9,-8.6,0,0,0,0,0,0,0,0,0,0,0,0,0,0,0,0,0
2026-03-21T16:11:12Z,460.354,1605,-5662.399902,-10056.700195,1438.800049,23.5,3.9,-8.6,0,0,0,0,0,0,0,0,0,0,0,0,0,0,0,0,0
2026-03-21T16:11:13Z,460.619,1606,-5662.399902,-10056.700195,1438.800049,23.5,3.9,-8.6,0,0,0,0,0,0,0,0,0,0,0,0,0,0,0,0,0
2026-03-21T16:11:13Z,460.900,1607,-5662.399902,-10056.700195,1438.800049,23.5,3.9,-8.6,0,0,0,0,0,0,0,0,0,0,0,0,0,0,0,0,0
2026-03-21T16:11:13Z,461.238,1608,-5661.800293,-10056.200195,1438.700073,34.799999,8.1,-11.8,0,0,0,0,0,0,0,0,0,0,0,0,0,0,0,0,0
2026-03-21T16:11:14Z,461.520,1609,-5661.800293,-10056.200195,1438.700073,34.799999,8.1,-11.8,0,0,0,0,0,0,0,0,0,0,0,0,0,0,0,0,0
2026-03-21T16:11:14Z,461.783,1610,-5661.800293,-10056.200195,1438.700073,34.799999,8.1,-11.8,0,0,0,0,0,0,0,0,0,0,0,0,0,0,0,0,0
2026-03-21T16:11:14Z,462.047,1611,-5661.300293,-10055.799805,1438.900024,48.299999,0.1,-5.6,0,0,0,0,0,0,0,0,0,0,0,0,0,0,0,0,0
2026-03-21T16:11:14Z,462.336,1612,-5661.300293,-10055.799805,1438.900024,48.299999,0.1,-5.6,0,0,0,0,0,0,0,0,0,0,0,0,0,0,0,0,0
2026-03-21T16:11:15Z,462.603,1613,-5661.300293,-10055.799805,1438.900024,48.299999,0.1,-5.6,0,0,0,0,0,0,0,0,0,0,0,0,0,0,0,0,0
2026-03-21T16:11:15Z,462.868,1614,-5661.300293,-10055.799805,1438.900024,48.299999,0.1,-5.6,0,0,0,0,0,0,0,0,0,0,0,0,0,0,0,0,0
2026-03-21T16:11:15Z,463.143,1615,-5660.700195,-10055.5,1438.900024,56.5,0.3,-4.3,0,0,0,0,0,0,0,0,0,0,0,0,0,0,0,0,0
2026-03-21T16:11:15Z,463.405,1616,-5660.700195,-10055.5,1438.900024,56.5,0.3,-4.3,0,0,0,0,0,0,0,0,0,0,0,0,0,0,0,0,0
2026-03-21T16:11:16Z,463.676,1617,-5660.700195,-10055.5,1438.900024,56.5,0.3,-4.3,0,0,0,0,0,0,0,0,0,0,0,0,0,0,0,0,0
2026-03-21T16:11:16Z,463.956,1618,-5660,-10055.299805,1438.900024,65.400002,0.6,-2.8,0,0,0,0,0,0,0,0,0,0,0,0,0,0,0,0,0
2026-03-21T16:11:16Z,464.307,1619,-5660,-10055.299805,1438.900024,65.400002,0.6,-2.8,0,0,0,0,0,0,0,0,0,0,0,0,0,0,0,0,0
2026-03-21T16:11:17Z,464.565,1620,-5660,-10055.299805,1438.900024,65.400002,0.6,-2.8,0,0,0,0,0,0,0,0,0,0,0,0,0,0,0,0,0
2026-03-21T16:11:17Z,464.827,1621,-5660,-10055.299805,1438.900024,65.400002,0.6,-2.8,0,0,0,0,0,0,0,0,0,0,0,0,0,0,0,0,0
2026-03-21T16:11:17Z,465.124,1622,-5659.100098,-10055.299805,1438.900024,75.200005,3,-3,0,0,0,0,0,0,0,0,0,0,0,0,0,0,0,0,0
2026-03-21T16:11:17Z,465.381,1623,-5659.100098,-10055.299805,1438.900024,75.200005,3,-3,0,0,0,0,0,0,0,0,0,0,0,0,0,0,0,0,0
2026-03-21T16:11:18Z,465.640,1624,-5659.100098,-10055.299805,1438.900024,75.200005,3,-3,0,0,0,0,0,0,0,0,0,0,0,0,0,0,0,0,0
2026-03-21T16:11:18Z,465.905,1625,-5659.100098,-10055.299805,1438.900024,75.200005,3,-3,0,0,0,0,0,0,0,0,0,0,0,0,0,0,0,0,0
2026-03-21T16:11:18Z,466.177,1626,-5658.300293,-10055.299805,1439,85,2.3,-3.2,0,0,0,0,0,0,0,0,0,0,0,0,0,0,0,0,0
2026-03-21T16:11:18Z,466.448,1627,-5658.300293,-10055.299805,1439,85,2.3,-3.2,0,0,0,0,0,0,0,0,0,0,0,0,0,0,0,0,0
2026-03-21T16:11:19Z,466.762,1628,-5658.300293,-10055.299805,1439,85,2.3,-3.2,0,0,0,0,0,0,0,0,0,0,0,0,0,0,0,0,0
2026-03-21T16:11:19Z,467.024,1629,-5657.5,-10055.5,1439,94,2.7,-2.1,0,0,0,0,0,0,0,0,0,0,0,0,0,0,0,0,0
2026-03-21T16:11:19Z,467.282,1630,-5657.5,-10055.5,1439,94,2.7,-2.1,0,0,0,0,0,0,0,0,0,0,0,0,0,0,0,0,0
2026-03-21T16:11:20Z,467.562,1631,-5657.5,-10055.5,1439,94,2.7,-2.1,0,0,0,0,0,0,0,0,0,0,0,0,0,0,0,0,0
2026-03-21T16:11:20Z,467.857,1632,-5657.5,-10055.5,1439,94,2.7,-2.1,0,0,0,0,0,0,0,0,0,0,0,0,0,0,0,0,0
2026-03-21T16:11:20Z,468.113,1633,-5656.800293,-10055.799805,1439.099976,103,3.3,-2.2,0,0,0,0,0,0,0,0,0,0,0,0,0,0,0,0,0
2026-03-21T16:11:20Z,468.378,1634,-5656.800293,-10055.799805,1439.099976,103,3.3,-2.2,0,0,0,0,0,0,0,0,0,0,0,0,0,0,0,0,0
2026-03-21T16:11:21Z,468.647,1635,-5656.800293,-10055.799805,1439.099976,103,3.3,-2.2,0,0,0,0,0,0,0,0,0,0,0,0,0,0,0,0,0
2026-03-21T16:11:21Z,468.911,1636,-5656.800293,-10055.799805,1439.099976,103,3.3,-2.2,0,0,0,0,0,0,0,0,0,0,0,0,0,0,0,0,0
2026-03-21T16:11:21Z,469.188,1637,-5656.200195,-10056.200195,1439.099976,110.900002,1.8,-0.7,0,0,0,0,0,0,0,0,0,0,0,0,0,0,0,0,0
2026-03-21T16:11:21Z,469.438,1638,-5656.200195,-10056.200195,1439.099976,110.900002,1.8,-0.7,0,0,0,0,0,0,0,0,0,0,0,0,0,0,0,0,0
2026-03-21T16:11:22Z,469.696,1639,-5656.200195,-10056.200195,1439.099976,110.900002,1.8,-0.7,0,0,0,0,0,0,0,0,0,0,0,0,0,0,0,0,0
2026-03-21T16:11:22Z,469.959,1640,-5656.200195,-10056.200195,1439.099976,110.900002,1.8,-0.7,0,0,0,0,0,0,0,0,0,0,0,0,0,0,0,0,0
2026-03-21T16:11:22Z,470.229,1641,-5655.5,-10056.600586,1439.099976,115.200005,0.3,2.4,0,0,0,0,0,0,0,0,0,0,0,0,0,0,0,0,0
2026-03-21T16:11:22Z,470.489,1642,-5655.5,-10056.600586,1439.099976,115.200005,0.3,2.4,0,0,0,0,0,0,0,0,0,0,0,0,0,0,0,0,0
2026-03-21T16:11:23Z,470.749,1643,-5655.5,-10056.600586,1439.099976,115.200005,0.3,2.4,0,0,0,0,0,0,0,0,0,0,0,0,0,0,0,0,0
2026-03-21T16:11:23Z,471.012,1644,-5654.700195,-10056.900391,1439,115.800003,0.6,2.6,0,0,0,0,0,0,0,0,0,0,0,0,0,0,0,0,0
2026-03-21T16:11:23Z,471.285,1645,-5654.700195,-10056.900391,1439,115.800003,0.6,2.6,0,0,0,0,0,0,0,0,0,0,0,0,0,0,0,0,0
2026-03-21T16:11:23Z,471.543,1646,-5654.700195,-10056.900391,1439,115.800003,0.6,2.6,0,0,0,0,0,0,0,0,0,0,0,0,0,0,0,0,0
2026-03-21T16:11:24Z,471.778,1647,-5654.700195,-10056.900391,1439,115.800003,0.6,2.6,0,0,0,0,0,0,0,0,0,0,0,0,0,0,0,0,0
2026-03-21T16:11:24Z,472.045,1648,-5653.899902,-10057.299805,1439.099976,115.800003,1.1,1.2,0,0,0,0,0,0,0,0,0,0,0,0,0,0,0,0,0
2026-03-21T16:11:24Z,472.283,1649,-5653.899902,-10057.299805,1439.099976,115.800003,1.1,1.2,0,0,0,0,0,0,0,0,0,0,0,0,0,0,0,0,0
2026-03-21T16:11:25Z,472.541,1650,-5653.899902,-10057.299805,1439.099976,115.800003,1.1,1.2,0,0,0,0,0,0,0,0,0,0,0,0,0,0,0,0,0
2026-03-21T16:11:25Z,472.810,1651,-5653.899902,-10057.299805,1439.099976,115.800003,1.1,1.2,0,0,0,0,0,0,0,0,0,0,0,0,0,0,0,0,0
2026-03-21T16:11:25Z,473.070,1652,-5653,-10057.799805,1439.200073,115.400002,4.1,2.2,0,0,0,0,0,0,0,0,0,0,0,0,0,0,0,0,0
2026-03-21T16:11:25Z,473.309,1653,-5653,-10057.799805,1439.200073,115.400002,4.1,2.2,0,0,0,0,0,0,0,0,0,0,0,0,0,0,0,0,0
2026-03-21T16:11:26Z,473.571,1654,-5653,-10057.799805,1439.200073,115.400002,4.1,2.2,0,0,0,0,0,0,0,0,0,0,0,0,0,0,0,0,0
2026-03-21T16:11:26Z,473.834,1655,-5653,-10057.799805,1439.200073,115.400002,4.1,2.2,0,0,0,0,0,0,0,0,0,0,0,0,0,0,0,0,0
2026-03-21T16:11:26Z,474.101,1656,-5652.100098,-10058.200195,1439.200073,114.400002,8.1,3.8,0,0,0,0,0,0,0,0,0,0,0,0,0,0,0,0,0
2026-03-21T16:11:26Z,474.355,1657,-5652.100098,-10058.200195,1439.200073,114.400002,8.1,3.8,0,0,0,0,0,0,0,0,0,0,0,0,0,0,0,0,0
2026-03-21T16:11:27Z,474.622,1658,-5652.100098,-10058.200195,1439.200073,114.400002,8.1,3.8,0,0,0,0,0,0,0,0,0,0,0,0,0,0,0,0,0
2026-03-21T16:11:27Z,474.883,1659,-5652.100098,-10058.200195,1439.200073,114.400002,8.1,3.8,0,0,0,0,0,0,0,0,0,0,0,0,0,0,0,0,0
2026-03-21T16:11:27Z,475.147,1660,-5651,-10058.5,1439.200073,111.400002,6.5,3.6,0,0,0,0,0,0,0,0,1,0,0,0,0,0,0,0,0
2026-03-21T16:11:27Z,475.379,1661,-5651,-10058.5,1439.200073,111.400002,6.5,3.6,0,0,0,0,0,0,0,0,1,0,0,0,0,0,0,0,0
2026-03-21T16:11:28Z,475.640,1662,-5651,-10058.5,1439.200073,111.400002,6.5,3.6,0,0,0,0,0,0,0,0,1,0,0,0,0,0,0,0,0
2026-03-21T16:11:28Z,475.907,1663,-5651,-10058.5,1439.200073,111.400002,6.5,3.6,0,0,0,0,0,0,0,0,1,0,0,0,0,0,0,0,0
2026-03-21T16:11:28Z,476.168,1664,-5650.100098,-10058.799805,1439.300049,107.5,0.3,-1.3,0,0,0,0,0,0,0,0,1,0,0,0,0,0,0,0,0
2026-03-21T16:11:28Z,476.443,1665,-5650.100098,-10058.799805,1439.300049,107.5,0.3,-1.3,0,0,0,0,0,0,0,0,1,0,0,0,0,0,0,0,0
2026-03-21T16:11:29Z,476.676,1666,-5650.100098,-10058.799805,1439.300049,107.5,0.3,-1.3,0,0,0,0,0,0,0,0,1,0,0,0,0,0,0,0,0
2026-03-21T16:11:29Z,476.938,1667,-5650.100098,-10058.799805,1439.300049,107.5,0.3,-1.3,0,0,0,0,0,0,0,0,1,0,0,0,0,0,0,0,0
2026-03-21T16:11:29Z,477.184,1668,-5649,-10059,1439.400024,102.400002,0.1,-1.1,0,0,0,0,0,0,0,0,0,0,0,0,0,0,0,0,0
2026-03-21T16:11:29Z,477.426,1669,-5649,-10059,1439.400024,102.400002,0.1,-1.1,0,0,0,0,0,0,0,0,0,0,0,0,0,0,0,0,0
2026-03-21T16:11:30Z,477.690,1670,-5649,-10059,1439.400024,102.400002,0.1,-1.1,0,0,0,0,0,0,0,0,0,0,0,0,0,0,0,0,0
2026-03-21T16:11:30Z,477.961,1671,-5649,-10059,1439.400024,102.400002,0.1,-1.1,0,0,0,0,0,0,0,0,0,0,0,0,0,0,0,0,0
2026-03-21T16:11:30Z,478.250,1672,-5647.899902,-10059.100586,1439.400024,98.599998,2.8,-0.3,0,0,0,0,0,0,0,0,0,0,0,0,0,0,0,0,0
2026-03-21T16:11:30Z,478.512,1673,-5647.899902,-10059.100586,1439.400024,98.599998,2.8,-0.3,0,0,0,0,0,0,0,0,0,0,0,0,0,0,0,0,0
2026-03-21T16:11:31Z,478.773,1674,-5647.899902,-10059.100586,1439.400024,98.599998,2.8,-0.3,0,0,0,0,0,0,0,0,0,0,0,0,0,0,0,0,0
2026-03-21T16:11:31Z,478.996,1675,-5646.800293,-10059.299805,1439.400024,97.599998,1.7,-1.3,0,0,0,0,0,0,0,0,0,0,0,0,0,0,0,0,0
2026-03-21T16:11:31Z,479.227,1676,-5646.800293,-10059.299805,1439.400024,97.599998,1.7,-1.3,0,0,0,0,0,0,0,0,0,0,0,0,0,0,0,0,0
2026-03-21T16:11:31Z,479.494,1677,-5646.800293,-10059.299805,1439.400024,97.599998,1.7,-1.3,0,0,0,0,0,0,0,0,0,0,0,0,0,0,0,0,0
2026-03-21T16:11:32Z,479.755,1678,-5646.800293,-10059.299805,1439.400024,97.599998,1.7,-1.3,0,0,0,0,0,0,0,0,0,0,0,0,0,0,0,0,0
2026-03-21T16:11:32Z,480.016,1679,-5646.800293,-10059.299805,1439.400024,97.599998,1.7,-1.3,0,0,0,0,0,0,0,0,0,0,0,0,0,0,0,0,0
2026-03-21T16:11:32Z,480.296,1680,-5645.5,-10059.400391,1439.400024,98.700005,0.3,-0.7,0,0,0,0,0,0,0,0,0,0,0,0,0,0,0,0,0
2026-03-21T16:11:33Z,480.568,1681,-5645.5,-10059.400391,1439.400024,98.700005,0.3,-0.7,0,0,0,0,0,0,0,0,0,0,0,0,0,0,0,0,0
2026-03-21T16:11:33Z,480.838,1682,-5645.5,-10059.400391,1439.400024,98.700005,0.3,-0.7,0,0,0,0,0,0,0,0,0,0,0,0,0,0,0,0,0
2026-03-21T16:11:33Z,481.104,1683,-5644.5,-10059.900391,1439.400024,109.800003,0.2,-2.8,0,0,0,0,1,0,0,0,0,0,0,0,1,0,0,0,0
2026-03-21T16:11:33Z,481.350,1684,-5644.5,-10059.900391,1439.400024,109.800003,0.2,-2.8,0,0,0,0,1,0,0,0,0,0,0,0,1,0,0,0,0
2026-03-21T16:11:34Z,481.614,1685,-5644.5,-10059.900391,1439.400024,109.800003,0.2,-2.8,0,0,0,0,1,0,0,0,0,0,0,0,1,0,0,0,0
2026-03-21T16:11:34Z,481.879,1686,-5644.5,-10059.900391,1439.400024,109.800003,0.2,-2.8,0,0,0,0,1,0,0,0,0,0,0,0,1,0,0,0,0
2026-03-21T16:11:34Z,482.119,1687,-5643.700195,-10060.5,1439.400024,119,2,-1.7,0,0,0,0,0,0,0,0,0,0,0,0,0,0,0,0,0
2026-03-21T16:11:34Z,482.376,1688,-5643.700195,-10060.5,1439.400024,119,2,-1.7,0,0,0,0,0,0,0,0,0,0,0,0,0,0,0,0,0
2026-03-21T16:11:35Z,482.634,1689,-5643.700195,-10060.5,1439.400024,119,2,-1.7,0,0,0,0,0,0,0,0,0,0,0,0,0,0,0,0,0
2026-03-21T16:11:35Z,482.897,1690,-5643.700195,-10060.5,1439.400024,119,2,-1.7,0,0,0,0,0,0,0,0,0,0,0,0,0,0,0,0,0
2026-03-21T16:11:35Z,483.157,1691,-5642.800293,-10061.200195,1439.5,126.5,1.4,-0.8,0,0,0,0,0,0,0,0,0,0,0,0,0,0,0,0,0
2026-03-21T16:11:35Z,483.388,1692,-5642.800293,-10061.200195,1439.5,126.5,1.4,-0.8,0,0,0,0,0,0,0,0,0,0,0,0,0,0,0,0,0
2026-03-21T16:11:36Z,483.651,1693,-5642.800293,-10061.200195,1439.5,126.5,1.4,-0.8,0,0,0,0,0,0,0,0,0,0,0,0,0,0,0,0,0
2026-03-21T16:11:36Z,483.911,1694,-5642.800293,-10061.200195,1439.5,126.5,1.4,-0.8,0,0,0,0,0,0,0,0,0,0,0,0,0,0,0,0,0
2026-03-21T16:11:36Z,484.168,1695,-5642.100098,-10062.100586,1439.5,138.5,0.2,-2.9,0,0,0,0,0,0,0,0,0,0,0,0,0,0,0,0,0
2026-03-21T16:11:36Z,484.396,1696,-5642.100098,-10062.100586,1439.5,138.5,0.2,-2.9,0,0,0,0,0,0,0,0,0,0,0,0,0,0,0,0,0
2026-03-21T16:11:37Z,484.656,1697,-5642.100098,-10062.100586,1439.5,138.5,0.2,-2.9,0,0,0,0,0,0,0,0,0,0,0,0,0,0,0,0,0
2026-03-21T16:11:37Z,484.918,1698,-5642.100098,-10062.100586,1439.5,138.5,0.2,-2.9,0,0,0,0,0,0,0,0,0,0,0,0,0,0,0,0,0
2026-03-21T16:11:37Z,485.183,1699,-5641.700195,-10063,1439.5,149.400009,1.3,-2.4,0,0,0,0,0,0,0,0,0,0,0,0,0,0,0,0,0
2026-03-21T16:11:37Z,485.455,1700,-5641.700195,-10063,1439.5,149.400009,1.3,-2.4,0,0,0,0,0,0,0,0,0,0,0,0,0,0,0,0,0
2026-03-21T16:11:38Z,485.717,1701,-5641.700195,-10063,1439.5,149.400009,1.3,-2.4,0,0,0,0,0,0,0,0,0,0,0,0,0,0,0,0,0
2026-03-21T16:11:38Z,485.953,1702,-5641.700195,-10063,1439.5,149.400009,1.3,-2.4,0,0,0,0,0,0,0,0,0,0,0,0,0,0,0,0,0
2026-03-21T16:11:38Z,486.237,1703,-5641.5,-10064,1439.5,159.5,1.5,-1.2,0,0,0,0,1,1,1,0,0,0,0,0,0,0,0,0,0
2026-03-21T16:11:38Z,486.501,1704,-5641.5,-10064,1439.5,159.5,1.5,-1.2,0,0,0,0,1,1,1,0,0,0,0,0,0,0,0,0,0
2026-03-21T16:11:39Z,486.721,1705,-5641.5,-10064,1439.5,159.5,1.5,-1.2,0,0,0,0,1,1,1,0,0,0,0,0,0,0,0,0,0
2026-03-21T16:11:39Z,486.992,1706,-5641.399902,-10065,1439.5,171,0.5,-2.1,0,0,0,0,0,0,0,0,0,0,0,0,0,0,0,0,0
2026-03-21T16:11:39Z,487.257,1707,-5641.399902,-10065,1439.5,171,0.5,-2.1,0,0,0,0,0,0,0,0,0,0,0,0,0,0,0,0,0
2026-03-21T16:11:40Z,487.522,1708,-5641.399902,-10065,1439.5,171,0.5,-2.1,0,0,0,0,0,0,0,0,0,0,0,0,0,0,0,0,0
2026-03-21T16:11:40Z,487.786,1709,-5641.399902,-10065,1439.5,171,0.5,-2.1,0,0,0,0,0,0,0,0,0,0,0,0,0,0,0,0,0
2026-03-21T16:11:40Z,488.005,1710,-5641.399902,-10065.700195,1439.700073,165.5,5.6,7.9,0,0,0,0,0,0,0,0,0,0,0,0,0,0,0,0,0
2026-03-21T16:11:40Z,488.268,1711,-5641.399902,-10065.700195,1439.700073,165.5,5.6,7.9,0,0,0,0,0,0,0,0,0,0,0,0,0,0,0,0,0
2026-03-21T16:11:40Z,488.490,1712,-5641.399902,-10065.700195,1439.700073,165.5,5.6,7.9,0,0,0,0,0,0,0,0,0,0,0,0,0,0,0,0,0
2026-03-21T16:11:41Z,488.755,1713,-5641.399902,-10065.700195,1439.700073,165.5,5.6,7.9,0,0,0,0,0,0,0,0,0,0,0,0,0,0,0,0,0
2026-03-21T16:11:41Z,489.025,1714,-5641.399902,-10066,1439.800049,163.600006,6.5,9.7,0,0,0,0,0,0,0,0,0,0,0,0,0,0,0,0,0
2026-03-21T16:11:41Z,489.254,1715,-5641.399902,-10066,1439.800049,163.600006,6.5,9.7,0,0,0,0,0,0,0,0,0,0,0,0,0,0,0,0,0
2026-03-21T16:11:41Z,489.484,1716,-5641.399902,-10066,1439.800049,163.600006,6.5,9.7,0,0,0,0,0,0,0,0,0,0,0,0,0,0,0,0,0
2026-03-21T16:11:42Z,489.739,1717,-5641.399902,-10066,1439.800049,163.600006,6.5,9.7,0,0,0,0,0,0,0,0,0,0,0,0,0,0,0,0,0
2026-03-21T16:11:42Z,490.001,1718,-5641.399902,-10066.100586,1439.800049,164.100006,7.8,6.4,0,0,0,0,0,0,0,0,0,0,0,0,0,0,0,0,0
2026-03-21T16:11:42Z,490.226,1719,-5641.399902,-10066.100586,1439.800049,164.100006,7.8,6.4,0,0,0,0,0,0,0,0,0,0,0,0,0,0,0,0,0
2026-03-21T16:11:42Z,490.448,1720,-5641.399902,-10066.100586,1439.800049,164.100006,7.8,6.4,0,0,0,0,0,0,0,0,0,0,0,0,0,0,0,0,0
2026-03-21T16:11:43Z,490.714,1721,-5641.399902,-10066.100586,1439.800049,164.100006,7.8,6.4,0,0,0,0,0,0,0,0,0,0,0,0,0,0,0,0,0
2026-03-21T16:11:43Z,490.952,1722,-5641.5,-10066.100586,1439.800049,163.300003,9.400001,3.9,0,0,0,0,0,0,0,0,0,0,0,0,0,0,0,0,0
2026-03-21T16:11:43Z,491.176,1723,-5641.5,-10066.100586,1439.800049,163.300003,9.400001,3.9,0,0,0,0,0,0,0,0,0,0,0,0,0,0,0,0,0
2026-03-21T16:11:43Z,491.445,1724,-5641.5,-10066.100586,1439.800049,163.300003,9.400001,3.9,0,0,0,0,0,0,0,0,0,0,0,0,0,0,0,0,0
2026-03-21T16:11:44Z,491.711,1725,-5641.5,-10066.100586,1439.800049,163.300003,9.400001,3.9,0,0,0,0,0,0,0,0,0,0,0,0,0,0,0,0,0
2026-03-21T16:11:44Z,491.975,1726,-5641.399902,-10066,1439.700073,161,10.400001,3.4,0,0,0,0,0,0,0,0,0,0,0,0,0,0,0,0,0
2026-03-21T16:11:44Z,492.205,1727,-5641.399902,-10066,1439.700073,161,10.400001,3.4,0,0,0,0,0,0,0,0,0,0,0,0,0,0,0,0,0
2026-03-21T16:11:44Z,492.475,1728,-5641.399902,-10066,1439.700073,161,10.400001,3.4,0,0,0,0,0,0,0,0,0,0,0,0,0,0,0,0,0
2026-03-21T16:11:45Z,492.735,1729,-5641.399902,-10066,1439.700073,161,10.400001,3.4,0,0,0,0,0,0,0,0,0,0,0,0,0,0,0,0,0
2026-03-21T16:11:45Z,493.001,1730,-5641.399902,-10066,1439.700073,161,10.400001,3.4,0,0,0,0,0,0,0,0,0,0,0,0,0,0,0,0,0
2026-03-21T16:11:45Z,493.290,1731,-5641.5,-10065.900391,1439.700073,158.800003,7.7,1.4,0,0,0,0,0,0,0,0,0,0,0,0,0,0,0,0,0
2026-03-21T16:11:45Z,493.512,1732,-5641.5,-10065.900391,1439.700073,158.800003,7.7,1.4,0,0,0,0,0,0,0,0,0,0,0,0,0,0,0,0,0
2026-03-21T16:11:46Z,493.770,1733,-5641.5,-10065.900391,1439.700073,158.800003,7.7,1.4,0,0,0,0,0,0,0,0,0,0,0,0,0,0,0,0,0
2026-03-21T16:11:46Z,494.038,1734,-5641.600098,-10065.700195,1439.599976,158,2.8,-1.6,0,0,0,0,0,0,0,0,0,0,0,0,0,0,0,0,0
2026-03-21T16:11:46Z,494.257,1735,-5641.600098,-10065.700195,1439.599976,158,2.8,-1.6,0,0,0,0,0,0,0,0,0,0,0,0,0,0,0,0,0
2026-03-21T16:11:46Z,494.501,1736,-5641.600098,-10065.700195,1439.599976,158,2.8,-1.6,0,0,0,0,0,0,0,0,0,0,0,0,0,0,0,0,0
2026-03-21T16:11:47Z,494.761,1737,-5641.600098,-10065.700195,1439.599976,158,2.8,-1.6,0,0,0,0,0,0,0,0,0,0,0,0,0,0,0,0,0
2026-03-21T16:11:47Z,495.025,1738,-5641.600098,-10065.5,1439.5,157.100006,0.7,-1.8,0,0,0,0,0,0,0,0,0,0,0,0,0,0,0,0,0
2026-03-21T16:11:47Z,495.292,1739,-5641.600098,-10065.5,1439.5,157.100006,0.7,-1.8,0,0,0,0,0,0,0,0,0,0,0,0,0,0,0,0,0
2026-03-21T16:11:48Z,495.556,1740,-5641.600098,-10065.5,1439.5,157.100006,0.7,-1.8,0,0,0,0,0,0,0,0,0,0,0,0,0,0,0,0,0
2026-03-21T16:11:48Z,495.829,1741,-5641.600098,-10065.5,1439.5,157.100006,0.7,-1.8,0,0,0,0,0,0,0,0,0,0,0,0,0,0,0,0,0
2026-03-21T16:11:48Z,496.093,1742,-5641.600098,-10065.5,1439.5,156.5,2.2,-0.5,0,0,0,0,0,0,0,0,0,0,0,0,0,0,0,0,0
2026-03-21T16:11:48Z,496.312,1743,-5641.600098,-10065.5,1439.5,156.5,2.2,-0.5,0,0,0,0,0,0,0,0,0,0,0,0,0,0,0,0,0
2026-03-21T16:11:49Z,496.571,1744,-5641.600098,-10065.5,1439.5,156.5,2.2,-0.5,0,0,0,0,0,0,0,0,0,0,0,0,0,0,0,0,0
2026-03-21T16:11:49Z,496.803,1745,-5641.600098,-10065.5,1439.5,156.5,2.2,-0.5,0,0,0,0,0,0,0,0,0,0,0,0,0,0,0,0,0
2026-03-21T16:11:49Z,497.071,1746,-5641.600098,-10065.400391,1439.5,156.199997,1.1,-0.9,0,0,0,0,0,0,0,0,0,0,0,0,0,0,0,0,0
2026-03-21T16:11:49Z,497.290,1747,-5641.600098,-10065.400391,1439.5,156.199997,1.1,-0.9,0,0,0,0,0,0,0,0,0,0,0,0,0,0,0,0,0
2026-03-21T16:11:49Z,497.555,1748,-5641.600098,-10065.400391,1439.5,156.199997,1.1,-0.9,0,0,0,0,0,0,0,0,0,0,0,0,0,0,0,0,0
2026-03-21T16:11:50Z,497.772,1749,-5641.600098,-10065.400391,1439.5,156.199997,1.1,-0.9,0,0,0,0,0,0,0,0,0,0,0,0,0,0,0,0,0
2026-03-21T16:11:50Z,498.039,1750,-5641.600098,-10065.400391,1439.599976,156.600006,0.9,-0.9,0,0,0,0,0,0,0,0,0,0,0,0,0,0,0,0,0
2026-03-21T16:11:50Z,498.258,1751,-5641.600098,-10065.400391,1439.599976,156.600006,0.9,-0.9,0,0,0,0,0,0,0,0,0,0,0,0,0,0,0,0,0
2026-03-21T16:11:50Z,498.475,1752,-5641.600098,-10065.400391,1439.599976,156.600006,0.9,-0.9,0,0,0,0,0,0,0,0,0,0,0,0,0,0,0,0,0
2026-03-21T16:11:51Z,498.738,1753,-5641.600098,-10065.400391,1439.599976,156.600006,0.9,-0.9,0,0,0,0,0,0,0,0,0,0,0,0,0,0,0,0,0
2026-03-21T16:11:51Z,499.003,1754,-5641.600098,-10065.5,1439.599976,157.400009,1.4,-0.8,0,0,0,0,0,0,0,0,0,0,0,0,0,0,0,0,0
2026-03-21T16:11:51Z,499.221,1755,-5641.600098,-10065.5,1439.599976,157.400009,1.4,-0.8,0,0,0,0,0,0,0,0,0,0,0,0,0,0,0,0,0
2026-03-21T16:11:51Z,499.449,1756,-5641.600098,-10065.5,1439.599976,157.400009,1.4,-0.8,0,0,0,0,0,0,0,0,0,0,0,0,0,0,0,0,0
2026-03-21T16:11:52Z,499.724,1757,-5641.600098,-10065.5,1439.599976,157.400009,1.4,-0.8,0,0,0,0,0,0,0,0,0,0,0,0,0,0,0,0,0
2026-03-21T16:11:52Z,499.993,1758,-5641.600098,-10065.600586,1439.5,157.900009,1.3,-0.5,0,0,0,0,1,0,0,0,0,0,0,0,0,0,0,0,0
2026-03-21T16:11:52Z,500.213,1759,-5641.600098,-10065.600586,1439.5,157.900009,1.3,-0.5,0,0,0,0,1,0,0,0,0,0,0,0,0,0,0,0,0
2026-03-21T16:11:52Z,500.433,1760,-5641.600098,-10065.600586,1439.5,157.900009,1.3,-0.5,0,0,0,0,1,0,0,0,0,0,0,0,0,0,0,0,0
2026-03-21T16:11:53Z,500.700,1761,-5641.600098,-10065.600586,1439.5,157.900009,1.3,-0.5,0,0,0,0,1,0,0,0,0,0,0,0,0,0,0,0,0
2026-03-21T16:11:53Z,500.959,1762,-5641.600098,-10065.600586,1439.5,157.900009,1.1,-0.8,0,0,0,0,0,0,0,0,0,0,0,0,0,0,0,0,0
2026-03-21T16:11:53Z,501.178,1763,-5641.600098,-10065.600586,1439.5,157.900009,1.1,-0.8,0,0,0,0,0,0,0,0,0,0,0,0,0,0,0,0,0
2026-03-21T16:11:53Z,501.402,1764,-5641.600098,-10065.600586,1439.5,157.900009,1.1,-0.8,0,0,0,0,0,0,0,0,0,0,0,0,0,0,0,0,0
2026-03-21T16:11:54Z,501.672,1765,-5641.600098,-10065.600586,1439.5,157.900009,1.1,-0.8,0,0,0,0,0,0,0,0,0,0,0,0,0,0,0,0,0
2026-03-21T16:11:54Z,501.946,1766,-5641.600098,-10065.600586,1439.599976,157.900009,1.1,-0.9,0,0,0,0,1,0,0,0,0,0,0,0,0,0,0,0,0
2026-03-21T16:11:54Z,502.196,1767,-5641.600098,-10065.600586,1439.599976,157.900009,1.1,-0.9,0,0,0,0,1,0,0,0,0,0,0,0,0,0,0,0,0
2026-03-21T16:11:54Z,502.460,1768,-5641.600098,-10065.600586,1439.599976,157.900009,1.1,-0.9,0,0,0,0,1,0,0,0,0,0,0,0,0,0,0,0,0
2026-03-21T16:11:55Z,502.720,1769,-5641.600098,-10065.600586,1439.599976,157.900009,1.1,-0.9,0,0,0,0,1,0,0,0,0,0,0,0,0,0,0,0,0
2026-03-21T16:11:55Z,502.980,1770,-5641.600098,-10065.600586,1439.5,157.800003,1.3,-0.7,0,0,0,0,0,0,0,0,0,0,0,0,0,0,0,0,0
2026-03-21T16:11:55Z,503.202,1771,-5641.600098,-10065.600586,1439.5,157.800003,1.3,-0.7,0,0,0,0,0,0,0,0,0,0,0,0,0,0,0,0,0
2026-03-21T16:11:55Z,503.425,1772,-5641.600098,-10065.600586,1439.5,157.800003,1.3,-0.7,0,0,0,0,0,0,0,0,0,0,0,0,0,0,0,0,0
2026-03-21T16:11:56Z,503.685,1773,-5641.600098,-10065.600586,1439.5,157.800003,1.3,-0.7,0,0,0,0,0,0,0,0,0,0,0,0,0,0,0,0,0
2026-03-21T16:11:56Z,503.945,1774,-5641.600098,-10065.600586,1439.5,157.699997,1.6,-0.7,0,0,0,0,0,0,0,0,0,0,0,0,0,0,0,0,0
2026-03-21T16:11:56Z,504.162,1775,-5641.600098,-10065.600586,1439.5,157.699997,1.6,-0.7,0,0,0,0,0,0,0,0,0,0,0,0,0,0,0,0,0
2026-03-21T16:11:56Z,504.426,1776,-5641.600098,-10065.600586,1439.5,157.699997,1.6,-0.7,0,0,0,0,0,0,0,0,0,0,0,0,0,0,0,0,0
2026-03-21T16:11:57Z,504.696,1777,-5641.600098,-10065.600586,1439.5,157.699997,1.6,-0.7,0,0,0,0,0,0,0,0,0,0,0,0,0,0,0,0,0
2026-03-21T16:11:57Z,504.946,1778,-5641.600098,-10065.600586,1439.5,157.699997,1.6,-0.7,0,0,0,0,0,0,0,0,0,0,0,0,0,0,0,0,0
