iso_time_utc,elapsed_s,step_idx,rover_pos_x,rover_pos_y,rover_pos_z,heading,pitch,roll,lidar_00_front_left_wheel_hub_yaw_p30_yaw_30_pitch_0_cm_is_obstacle,lidar_01_front_left_frame_yaw_p20_pitch_n20_yaw_20_pitch_-20_cm_is_obstacle,lidar_02_front_center_frame_forward_yaw_0_pitch_0_cm_is_obstacle,lidar_03_front_right_frame_yaw_n20_pitch_n20_yaw_-20_pitch_-20_cm_is_obstacle,lidar_04_front_right_wheel_hub_yaw_n30_yaw_-30_pitch_0_cm_is_obstacle,lidar_05_front_left_frame_pitch_n25_yaw_0_pitch_-25_cm_is_obstacle,lidar_06_front_right_frame_pitch_n25_yaw_0_pitch_-25_cm_is_obstacle,lidar_07_left_mid_frame_left_pitch_n20_yaw_90_pitch_-20_cm_is_obstacle,lidar_08_right_mid_frame_right_pitch_n20_yaw_-90_pitch_-20_cm_is_obstacle,lidar_09_rear_left_wheel_hub_back_yaw_p40_yaw_140_pitch_0_cm_is_obstacle,lidar_10_rear_left_frame_backward_yaw_180_pitch_0_cm_is_obstacle,lidar_11_rear_right_frame_backward_yaw_180_pitch_0_cm_is_obstacle,lidar_12_rear_right_wheel_hub_back_yaw_n40_yaw_-140_pitch_0_cm_is_obstacle,lidar_13_front_left_frame_yaw_p20_pitch_n10_yaw_20_pitch_-10_cm_is_obstacle,lidar_14_front_right_frame_yaw_n20_pitch_n10_yaw_-20_pitch_-10_cm_is_obstacle,lidar_15_front_left_wheel_hub_yaw_p15_yaw_15_pitch_0_cm_is_obstacle,lidar_16_front_right_wheel_hub_yaw_n15_yaw_-15_pitch_0_cm_is_obstacle
2026-03-21T16:13:57Z,624.673,2201,-5658.399902,-10077.299805,1440.200073,303.300018,-0.6,2.6,0,0,0,0,0,0,0,0,0,0,0,0,0,0,0,0,0
2026-03-21T16:13:57Z,624.889,2202,-5658.399902,-10077.299805,1440.200073,303.300018,-0.6,2.6,0,0,0,0,0,0,0,0,0,0,0,0,0,0,0,0,0
2026-03-21T16:13:57Z,625.124,2203,-5659.5,-10076.700195,1440.200073,302.5,-0.4,2.2,0,0,0,0,0,0,0,0,0,0,0,0,0,0,0,0,0
2026-03-21T16:13:57Z,625.369,2204,-5659.5,-10076.700195,1440.200073,302.5,-0.4,2.2,0,0,0,0,0,0,0,0,0,0,0,0,0,0,0,0,0
2026-03-21T16:13:58Z,625.632,2205,-5659.5,-10076.700195,1440.200073,302.5,-0.4,2.2,0,0,0,0,0,0,0,0,0,0,0,0,0,0,0,0,0
2026-03-21T16:13:58Z,625.894,2206,-5659.5,-10076.700195,1440.200073,302.5,-0.4,2.2,0,0,0,0,0,0,0,0,0,0,0,0,0,0,0,0,0
2026-03-21T16:13:58Z,626.146,2207,-5660.5,-10076,1440.099976,304.100006,-0.2,1.8,0,0,0,0,0,0,0,0,0,0,0,0,0,0,0,0,0
2026-03-21T16:13:58Z,626.361,2208,-5660.5,-10076,1440.099976,304.100006,-0.2,1.8,0,0,0,0,0,0,0,0,0,0,0,0,0,0,0,0,0
2026-03-21T16:13:59Z,626.616,2209,-5660.5,-10076,1440.099976,304.100006,-0.2,1.8,0,0,0,0,0,0,0,0,0,0,0,0,0,0,0,0,0
2026-03-21T16:13:59Z,626.874,2210,-5660.5,-10076,1440.099976,304.100006,-0.2,1.8,0,0,0,0,0,0,0,0,0,0,0,0,0,0,0,0,0
2026-03-21T16:13:59Z,627.124,2211,-5661.399902,-10075,1440.099976,312.300018,-1.5,1.2,0,0,0,0,0,0,0,0,0,0,0,0,0,0,0,0,0
2026-03-21T16:13:59Z,627.347,2212,-5661.399902,-10075,1440.099976,312.300018,-1.5,1.2,0,0,0,0,0,0,0,0,0,0,0,0,0,0,0,0,0
2026-03-21T16:14:00Z,627.601,2213,-5661.399902,-10075,1440.099976,312.300018,-1.5,1.2,0,0,0,0,0,0,0,0,0,0,0,0,0,0,0,0,0
2026-03-21T16:14:00Z,627.868,2214,-5661.399902,-10075,1440.099976,312.300018,-1.5,1.2,0,0,0,0,0,0,0,0,0,0,0,0,0,0,0,0,0
2026-03-21T16:14:00Z,628.119,2215,-5662.100098,-10074,1440.099976,322.600006,-2,1,0,0,0,0,0,0,0,0,0,0,0,0,0,0,0,0,0
2026-03-21T16:14:00Z,628.345,2216,-5662.100098,-10074,1440.099976,322.600006,-2,1,0,0,0,0,0,0,0,0,0,0,0,0,0,0,0,0,0
2026-03-21T16:14:01Z,628.600,2217,-5662.100098,-10074,1440.099976,322.600006,-2,1,0,0,0,0,0,0,0,0,0,0,0,0,0,0,0,0,0
2026-03-21T16:14:01Z,628.862,2218,-5662.100098,-10074,1440.099976,322.600006,-2,1,0,0,0,0,0,0,0,0,0,0,0,0,0,0,0,0,0
2026-03-21T16:14:01Z,629.088,2219,-5662.600098,-10072.799805,1440,334.200012,-2.3,0.5,0,0,0,0,0,0,0,0,0,0,0,0,0,0,0,0,0
2026-03-21T16:14:01Z,629.311,2220,-5662.600098,-10072.799805,1440,334.200012,-2.3,0.5,0,0,0,0,0,0,0,0,0,0,0,0,0,0,0,0,0
2026-03-21T16:14:02Z,629.570,2221,-5662.600098,-10072.799805,1440,334.200012,-2.3,0.5,0,0,0,0,0,0,0,0,0,0,0,0,0,0,0,0,0
2026-03-21T16:14:02Z,629.831,2222,-5662.600098,-10072.799805,1440,334.200012,-2.3,0.5,0,0,0,0,0,0,0,0,0,0,0,0,0,0,0,0,0
2026-03-21T16:14:02Z,630.090,2223,-5662.800293,-10071.400391,1439.900024,348.399994,-3,-0.9,0,0,0,0,0,0,0,0,0,0,0,0,0,0,0,0,0
2026-03-21T16:14:02Z,630.330,2224,-5662.800293,-10071.400391,1439.900024,348.399994,-3,-0.9,0,0,0,0,0,0,0,0,0,0,0,0,0,0,0,0,0
2026-03-21T16:14:03Z,630.585,2225,-5662.800293,-10071.400391,1439.900024,348.399994,-3,-0.9,0,0,0,0,0,0,0,0,0,0,0,0,0,0,0,0,0
2026-03-21T16:14:03Z,630.841,2226,-5662.800293,-10071.400391,1439.900024,348.399994,-3,-0.9,0,0,0,0,0,0,0,0,0,0,0,0,0,0,0,0,0
2026-03-21T16:14:03Z,631.101,2227,-5662.600098,-10069.900391,1439.800049,4.3,-3.1,-1.9,0,0,0,0,0,0,0,0,0,1,0,0,0,0,0,0,0
2026-03-21T16:14:03Z,631.344,2228,-5662.600098,-10069.900391,1439.800049,4.3,-3.1,-1.9,0,0,0,0,0,0,0,0,0,1,0,0,0,0,0,0,0
2026-03-21T16:14:04Z,631.579,2229,-5662.600098,-10069.900391,1439.800049,4.3,-3.1,-1.9,0,0,0,0,0,0,0,0,0,1,0,0,0,0,0,0,0
2026-03-21T16:14:04Z,631.833,2230,-5662.600098,-10069.900391,1439.800049,4.3,-3.1,-1.9,0,0,0,0,0,0,0,0,0,1,0,0,0,0,0,0,0
2026-03-21T16:14:04Z,632.088,2231,-5662.200195,-10068.400391,1439.700073,11,-2.1,-1.6,0,0,0,0,0,0,0,1,0,0,0,0,0,0,0,0,0
2026-03-21T16:14:04Z,632.318,2232,-5662.200195,-10068.400391,1439.700073,11,-2.1,-1.6,0,0,0,0,0,0,0,1,0,0,0,0,0,0,0,0,0
2026-03-21T16:14:05Z,632.572,2233,-5662.200195,-10068.400391,1439.700073,11,-2.1,-1.6,0,0,0,0,0,0,0,1,0,0,0,0,0,0,0,0,0
2026-03-21T16:14:05Z,632.825,2234,-5662.200195,-10068.400391,1439.700073,11,-2.1,-1.6,0,0,0,0,0,0,0,1,0,0,0,0,0,0,0,0,0
2026-03-21T16:14:05Z,633.074,2235,-5661.899902,-10066.900391,1439.599976,13.400001,-4.3,-2.3,0,0,0,0,0,0,0,0,0,0,0,0,0,0,0,0,0
2026-03-21T16:14:05Z,633.305,2236,-5661.899902,-10066.900391,1439.599976,13.400001,-4.3,-2.3,0,0,0,0,0,0,0,0,0,0,0,0,0,0,0,0,0
2026-03-21T16:14:06Z,633.561,2237,-5661.899902,-10066.900391,1439.599976,13.400001,-4.3,-2.3,0,0,0,0,0,0,0,0,0,0,0,0,0,0,0,0,0
2026-03-21T16:14:06Z,633.821,2238,-5661.899902,-10066.900391,1439.599976,13.400001,-4.3,-2.3,0,0,0,0,0,0,0,0,0,0,0,0,0,0,0,0,0
2026-03-21T16:14:06Z,634.075,2239,-5661.200195,-10065.700195,1439.5,28.300001,-3.1,-4.8,0,0,0,0,0,0,0,0,0,0,0,0,0,0,0,0,0
2026-03-21T16:14:06Z,634.312,2240,-5661.200195,-10065.700195,1439.5,28.300001,-3.1,-4.8,0,0,0,0,0,0,0,0,0,0,0,0,0,0,0,0,0
2026-03-21T16:14:07Z,634.569,2241,-5661.200195,-10065.700195,1439.5,28.300001,-3.1,-4.8,0,0,0,0,0,0,0,0,0,0,0,0,0,0,0,0,0
2026-03-21T16:14:07Z,634.824,2242,-5661.200195,-10065.700195,1439.5,28.300001,-3.1,-4.8,0,0,0,0,0,0,0,0,0,0,0,0,0,0,0,0,0
2026-03-21T16:14:07Z,635.079,2243,-5660.200195,-10064.700195,1439.400024,41.200001,-0.7,-3.3,0,0,0,0,0,0,0,0,0,0,0,0,0,0,0,0,0
2026-03-21T16:14:07Z,635.310,2244,-5660.200195,-10064.700195,1439.400024,41.200001,-0.7,-3.3,0,0,0,0,0,0,0,0,0,0,0,0,0,0,0,0,0
2026-03-21T16:14:08Z,635.539,2245,-5660.200195,-10064.700195,1439.400024,41.200001,-0.7,-3.3,0,0,0,0,0,0,0,0,0,0,0,0,0,0,0,0,0
2026-03-21T16:14:08Z,635.826,2246,-5660.200195,-10064.700195,1439.400024,41.200001,-0.7,-3.3,0,0,0,0,0,0,0,0,0,0,0,0,0,0,0,0,0
2026-03-21T16:14:08Z,636.078,2247,-5659.100098,-10064,1439.400024,55.100002,-1.8,-5,0,0,0,0,0,0,0,0,0,0,0,0,0,0,0,0,0
2026-03-21T16:14:08Z,636.306,2248,-5659.100098,-10064,1439.400024,55.100002,-1.8,-5,0,0,0,0,0,0,0,0,0,0,0,0,0,0,0,0,0
2026-03-21T16:14:09Z,636.530,2249,-5659.100098,-10064,1439.400024,55.100002,-1.8,-5,0,0,0,0,0,0,0,0,0,0,0,0,0,0,0,0,0
2026-03-21T16:14:09Z,636.782,2250,-5659.100098,-10064,1439.400024,55.100002,-1.8,-5,0,0,0,0,0,0,0,0,0,0,0,0,0,0,0,0,0
2026-03-21T16:14:09Z,637.041,2251,-5657.899902,-10063.600586,1439.400024,71.599998,0.2,-4.9,0,0,0,0,0,0,0,0,0,0,0,0,0,0,0,0,0
2026-03-21T16:14:09Z,637.271,2252,-5657.899902,-10063.600586,1439.400024,71.599998,0.2,-4.9,0,0,0,0,0,0,0,0,0,0,0,0,0,0,0,0,0
2026-03-21T16:14:10Z,637.536,2253,-5657.899902,-10063.600586,1439.400024,71.599998,0.2,-4.9,0,0,0,0,0,0,0,0,0,0,0,0,0,0,0,0,0
2026-03-21T16:14:10Z,637.796,2254,-5657.899902,-10063.600586,1439.400024,71.599998,0.2,-4.9,0,0,0,0,0,0,0,0,0,0,0,0,0,0,0,0,0
2026-03-21T16:14:10Z,638.049,2255,-5656.600098,-10063.5,1439.400024,82.900002,1.7,-4.4,0,0,0,0,0,0,0,0,0,0,0,0,0,0,0,0,0
2026-03-21T16:14:10Z,638.274,2256,-5656.600098,-10063.5,1439.400024,82.900002,1.7,-4.4,0,0,0,0,0,0,0,0,0,0,0,0,0,0,0,0,0
2026-03-21T16:14:11Z,638.527,2257,-5656.600098,-10063.5,1439.400024,82.900002,1.7,-4.4,0,0,0,0,0,0,0,0,0,0,0,0,0,0,0,0,0
2026-03-21T16:14:11Z,638.780,2258,-5656.600098,-10063.5,1439.400024,82.900002,1.7,-4.4,0,0,0,0,0,0,0,0,0,0,0,0,0,0,0,0,0
2026-03-21T16:14:11Z,639.046,2259,-5655.399902,-10063.900391,1439.599976,98.900002,8.400001,-10.3,0,0,0,0,0,0,0,0,0,0,0,0,0,0,0,0,0
2026-03-21T16:14:11Z,639.261,2260,-5655.399902,-10063.900391,1439.599976,98.900002,8.400001,-10.3,0,0,0,0,0,0,0,0,0,0,0,0,0,0,0,0,0
2026-03-21T16:14:11Z,639.482,2261,-5655.399902,-10063.900391,1439.599976,98.900002,8.400001,-10.3,0,0,0,0,0,0,0,0,0,0,0,0,0,0,0,0,0
2026-03-21T16:14:12Z,639.739,2262,-5655.399902,-10063.900391,1439.599976,98.900002,8.400001,-10.3,0,0,0,0,0,0,0,0,0,0,0,0,0,0,0,0,0
2026-03-21T16:14:12Z,640.000,2263,-5655.399902,-10063.900391,1439.599976,98.900002,8.400001,-10.3,0,0,0,0,0,0,0,0,0,0,0,0,0,0,0,0,0
2026-03-21T16:14:12Z,640.230,2264,-5654.800293,-10064.100586,1439.800049,107.900002,17,-9.7,0,0,0,0,0,0,1,0,0,0,0,0,0,0,0,0,0
2026-03-21T16:14:12Z,640.447,2265,-5654.800293,-10064.100586,1439.800049,107.900002,17,-9.7,0,0,0,0,0,0,1,0,0,0,0,0,0,0,0,0,0
2026-03-21T16:14:13Z,640.701,2266,-5654.800293,-10064.100586,1439.800049,107.900002,17,-9.7,0,0,0,0,0,0,1,0,0,0,0,0,0,0,0,0,0
2026-03-21T16:14:13Z,640.973,2267,-5654.200195,-10064.299805,1440.099976,116.300003,26.700001,-3.5,0,0,0,0,0,0,0,0,0,0,0,0,0,0,0,0,0
2026-03-21T16:14:13Z,641.281,2268,-5654.200195,-10064.299805,1440.099976,116.300003,26.700001,-3.5,0,0,0,0,0,0,0,0,0,0,0,0,0,0,0,0,0
2026-03-21T16:14:14Z,641.537,2269,-5654.200195,-10064.299805,1440.099976,116.300003,26.700001,-3.5,0,0,0,0,0,0,0,0,0,0,0,0,0,0,0,0,0
2026-03-21T16:14:14Z,641.798,2270,-5654.200195,-10064.299805,1440.099976,116.300003,26.700001,-3.5,0,0,0,0,0,0,0,0,0,0,0,0,0,0,0,0,0
2026-03-21T16:14:14Z,642.059,2271,-5653.600098,-10064.799805,1440.400024,124.599998,40.600002,-3.5,0,0,0,0,0,0,0,0,0,0,0,0,0,0,0,0,0
2026-03-21T16:14:14Z,642.334,2272,-5653.600098,-10064.799805,1440.400024,124.599998,40.600002,-3.5,0,0,0,0,0,0,0,0,0,0,0,0,0,0,0,0,0
2026-03-21T16:14:15Z,642.553,2273,-5653.600098,-10064.799805,1440.400024,124.599998,40.600002,-3.5,0,0,0,0,0,0,0,0,0,0,0,0,0,0,0,0,0
2026-03-21T16:14:15Z,642.820,2274,-5653.600098,-10064.799805,1440.400024,124.599998,40.600002,-3.5,0,0,0,0,0,0,0,0,0,0,0,0,0,0,0,0,0
2026-03-21T16:14:15Z,643.081,2275,-5653.200195,-10065.100586,1440.599976,121.700005,55.799999,-1.1,0,0,0,0,0,0,0,0,0,0,0,0,0,0,0,0,0
2026-03-21T16:14:15Z,643.299,2276,-5653.200195,-10065.100586,1440.599976,121.700005,55.799999,-1.1,0,0,0,0,0,0,0,0,0,0,0,0,0,0,0,0,0
2026-03-21T16:14:16Z,643.569,2277,-5653.200195,-10065.100586,1440.599976,121.700005,55.799999,-1.1,0,0,0,0,0,0,0,0,0,0,0,0,0,0,0,0,0
2026-03-21T16:14:16Z,643.834,2278,-5653.200195,-10065.100586,1440.599976,121.700005,55.799999,-1.1,0,0,0,0,0,0,0,0,0,0,0,0,0,0,0,0,0
2026-03-21T16:14:16Z,644.095,2279,-5653.200195,-10065.200195,1440.700073,121,58,-2.7,0,0,0,0,0,0,0,0,0,0,0,0,0,0,0,0,0
2026-03-21T16:14:16Z,644.314,2280,-5653.200195,-10065.200195,1440.700073,121,58,-2.7,0,0,0,0,0,0,0,0,0,0,0,0,0,0,0,0,0
2026-03-21T16:14:17Z,644.569,2281,-5653.200195,-10065.200195,1440.700073,121,58,-2.7,0,0,0,0,0,0,0,0,0,0,0,0,0,0,0,0,0
2026-03-21T16:14:17Z,644.839,2282,-5653.200195,-10065.200195,1440.700073,121,58,-2.7,0,0,0,0,0,0,0,0,0,0,0,0,0,0,0,0,0
2026-03-21T16:14:17Z,645.095,2283,-5653.200195,-10065.100586,1440.599976,119.200005,53.400002,-1.2,0,0,0,0,0,0,0,0,0,0,0,0,0,0,0,0,0
2026-03-21T16:14:17Z,645.322,2284,-5653.200195,-10065.100586,1440.599976,119.200005,53.400002,-1.2,0,0,0,0,0,0,0,0,0,0,0,0,0,0,0,0,0
2026-03-21T16:14:18Z,645.582,2285,-5653.200195,-10065.100586,1440.599976,119.200005,53.400002,-1.2,0,0,0,0,0,0,0,0,0,0,0,0,0,0,0,0,0
2026-03-21T16:14:18Z,645.811,2286,-5653.200195,-10065.100586,1440.599976,119.200005,53.400002,-1.2,0,0,0,0,0,0,0,0,0,0,0,0,0,0,0,0,0
2026-03-21T16:14:18Z,646.070,2287,-5653.200195,-10065.100586,1440.599976,118.599998,52.900002,-1.6,0,0,0,0,0,0,0,0,0,0,0,0,0,0,0,0,0
2026-03-21T16:14:18Z,646.315,2288,-5653.200195,-10065.100586,1440.599976,118.599998,52.900002,-1.6,0,0,0,0,0,0,0,0,0,0,0,0,0,0,0,0,0
2026-03-21T16:14:19Z,646.576,2289,-5653.200195,-10065.100586,1440.599976,118.599998,52.900002,-1.6,0,0,0,0,0,0,0,0,0,0,0,0,0,0,0,0,0
2026-03-21T16:14:19Z,646.839,2290,-5653.200195,-10065.100586,1440.599976,118.599998,52.900002,-1.6,0,0,0,0,0,0,0,0,0,0,0,0,0,0,0,0,0
2026-03-21T16:14:19Z,647.100,2291,-5653.200195,-10065.100586,1440.5,116.800003,52.100002,-2.7,0,0,0,0,0,0,0,0,0,0,0,0,0,0,0,0,0
2026-03-21T16:14:19Z,647.328,2292,-5653.200195,-10065.100586,1440.5,116.800003,52.100002,-2.7,0,0,0,0,0,0,0,0,0,0,0,0,0,0,0,0,0
2026-03-21T16:14:20Z,647.589,2293,-5653.200195,-10065.100586,1440.5,116.800003,52.100002,-2.7,0,0,0,0,0,0,0,0,0,0,0,0,0,0,0,0,0
2026-03-21T16:14:20Z,647.857,2294,-5653.200195,-10065.100586,1440.5,116.800003,52.100002,-2.7,0,0,0,0,0,0,0,0,0,0,0,0,0,0,0,0,0
2026-03-21T16:14:20Z,648.154,2295,-5653.200195,-10065.100586,1440.5,116.800003,52.100002,-2.7,0,0,0,0,0,0,0,0,0,0,0,0,0,0,0,0,0
2026-03-21T16:14:20Z,648.409,2296,-5653.200195,-10065.100586,1440.5,116.800003,52.100002,-2.7,0,0,0,0,0,0,0,0,0,0,0,0,0,0,0,0,0
2026-03-21T16:14:21Z,648.668,2297,-5653.200195,-10065.100586,1440.5,116.800003,52.100002,-2.7,0,0,0,0,0,0,0,0,0,0,0,0,0,0,0,0,0
2026-03-21T16:14:21Z,648.932,2298,-5653.200195,-10065.100586,1440.5,116.700005,52.200001,-2.8,0,0,0,0,0,0,0,0,0,0,0,0,0,0,0,0,0
2026-03-21T16:14:21Z,649.187,2299,-5653.200195,-10065.100586,1440.5,116.700005,52.200001,-2.8,0,0,0,0,0,0,0,0,0,0,0,0,0,0,0,0,0
2026-03-21T16:14:21Z,649.449,2300,-5653.200195,-10065.100586,1440.5,116.700005,52.200001,-2.8,0,0,0,0,0,0,0,0,0,0,0,0,0,0,0,0,0
2026-03-21T16:14:22Z,649.711,2301,-5653.200195,-10065.100586,1440.5,116.700005,52.200001,-2.8,0,0,0,0,0,0,0,0,0,0,0,0,0,0,0,0,0
2026-03-21T16:14:22Z,649.959,2302,-5653.600098,-10064.900391,1440.400024,118,41.100002,-2.1,0,0,0,0,0,0,0,0,0,0,0,0,0,0,0,0,0
2026-03-21T16:14:22Z,650.195,2303,-5653.600098,-10064.900391,1440.400024,118,41.100002,-2.1,0,0,0,0,0,0,0,0,0,0,0,0,0,0,0,0,0
2026-03-21T16:14:22Z,650.464,2304,-5653.600098,-10064.900391,1440.400024,118,41.100002,-2.1,0,0,0,0,0,0,0,0,0,0,0,0,0,0,0,0,0
2026-03-21T16:14:23Z,650.723,2305,-5653.600098,-10064.900391,1440.400024,118,41.100002,-2.1,0,0,0,0,0,0,0,0,0,0,0,0,0,0,0,0,0
2026-03-21T16:14:23Z,650.961,2306,-5654.200195,-10064.600586,1440.099976,118.200005,30.700001,-2,0,0,0,0,0,0,0,0,0,0,0,0,0,0,0,0,0
2026-03-21T16:14:23Z,651.190,2307,-5654.200195,-10064.600586,1440.099976,118.200005,30.700001,-2,0,0,0,0,0,0,0,0,0,0,0,0,0,0,0,0,0
2026-03-21T16:14:23Z,651.420,2308,-5654.200195,-10064.600586,1440.099976,118.200005,30.700001,-2,0,0,0,0,0,0,0,0,0,0,0,0,0,0,0,0,0
2026-03-21T16:14:24Z,651.658,2309,-5654.200195,-10064.600586,1440.099976,118.200005,30.700001,-2,0,0,0,0,0,0,0,0,0,0,0,0,0,0,0,0,0
2026-03-21T16:14:24Z,651.921,2310,-5654.700195,-10064.200195,1439.900024,117.900002,19.800001,-1.7,0,0,0,0,0,0,0,0,0,0,0,0,0,0,0,0,0
2026-03-21T16:14:24Z,652.148,2311,-5654.700195,-10064.200195,1439.900024,117.900002,19.800001,-1.7,0,0,0,0,0,0,0,0,0,0,0,0,0,0,0,0,0
2026-03-21T16:14:24Z,652.379,2312,-5654.700195,-10064.200195,1439.900024,117.900002,19.800001,-1.7,0,0,0,0,0,0,0,0,0,0,0,0,0,0,0,0,0
2026-03-21T16:14:25Z,652.638,2313,-5654.700195,-10064.200195,1439.900024,117.900002,19.800001,-1.7,0,0,0,0,0,0,0,0,0,0,0,0,0,0,0,0,0
2026-03-21T16:14:25Z,652.904,2314,-5654.700195,-10064.200195,1439.900024,117.900002,19.800001,-1.7,0,0,0,0,0,0,0,0,0,0,0,0,0,0,0,0,0
2026-03-21T16:14:25Z,653.166,2315,-5655.399902,-10063.900391,1439.599976,117.700005,5.7,-1.4,0,0,1,0,0,0,1,0,0,0,0,0,0,0,0,0,0
2026-03-21T16:14:25Z,653.430,2316,-5655.399902,-10063.900391,1439.599976,117.700005,5.7,-1.4,0,0,1,0,0,0,1,0,0,0,0,0,0,0,0,0,0
2026-03-21T16:14:26Z,653.688,2317,-5655.399902,-10063.900391,1439.599976,117.700005,5.7,-1.4,0,0,1,0,0,0,1,0,0,0,0,0,0,0,0,0,0
2026-03-21T16:14:26Z,653.949,2318,-5655.399902,-10063.900391,1439.599976,117.700005,5.7,-1.4,0,0,1,0,0,0,1,0,0,0,0,0,0,0,0,0,0
2026-03-21T16:14:26Z,654.207,2319,-5656.100098,-10063.5,1439.300049,118.599998,-3.5,-1.8,0,0,0,1,0,1,1,0,1,0,0,0,0,0,1,0,0
2026-03-21T16:14:26Z,654.436,2320,-5656.100098,-10063.5,1439.300049,118.599998,-3.5,-1.8,0,0,0,1,0,1,1,0,1,0,0,0,0,0,1,0,0
2026-03-21T16:14:27Z,654.695,2321,-5656.100098,-10063.5,1439.300049,118.599998,-3.5,-1.8,0,0,0,1,0,1,1,0,1,0,0,0,0,0,1,0,0
2026-03-21T16:14:27Z,654.959,2322,-5656.100098,-10063.5,1439.300049,118.599998,-3.5,-1.8,0,0,0,1,0,1,1,0,1,0,0,0,0,0,1,0,0
2026-03-21T16:14:27Z,655.245,2323,-5656.800293,-10063.200195,1439.300049,119.700005,3.6,-1.9,0,0,1,0,0,1,1,0,1,0,0,0,0,0,0,0,0
2026-03-21T16:14:27Z,655.478,2324,-5656.800293,-10063.200195,1439.300049,119.700005,3.6,-1.9,0,0,1,0,0,1,1,0,1,0,0,0,0,0,0,0,0
2026-03-21T16:14:28Z,655.740,2325,-5656.800293,-10063.200195,1439.300049,119.700005,3.6,-1.9,0,0,1,0,0,1,1,0,1,0,0,0,0,0,0,0,0
2026-03-21T16:14:28Z,655.984,2326,-5657.700195,-10062.700195,1439.400024,121.300003,4.6,-1.8,0,0,0,0,0,1,0,0,0,0,0,0,0,0,0,0,0
2026-03-21T16:14:28Z,656.233,2327,-5657.700195,-10062.700195,1439.400024,121.300003,4.6,-1.8,0,0,0,0,0,1,0,0,0,0,0,0,0,0,0,0,0
2026-03-21T16:14:28Z,656.460,2328,-5657.700195,-10062.700195,1439.400024,121.300003,4.6,-1.8,0,0,0,0,0,1,0,0,0,0,0,0,0,0,0,0,0
2026-03-21T16:14:29Z,656.721,2329,-5657.700195,-10062.700195,1439.400024,121.300003,4.6,-1.8,0,0,0,0,0,1,0,0,0,0,0,0,0,0,0,0,0
2026-03-21T16:14:34Z,656.985,2330,-5658.600098,-10062.200195,1439.400024,122.5,1.7,-2,0,0,1,0,0,1,0,0,0,0,0,0,0,0,0,0,0
2026-03-21T16:14:34Z,662.221,2331,-5660.300293,-10061.200195,1439.200073,126.400002,4.5,-1.7,0,0,0,0,0,0,0,0,0,0,0,0,0,1,0,0,0
2026-03-21T16:14:34Z,662.466,2332,-5660.300293,-10061.200195,1439.200073,126.400002,4.5,-1.7,0,0,0,0,0,0,0,0,0,0,0,0,0,1,0,0,0
2026-03-21T16:14:35Z,662.724,2333,-5660.300293,-10061.200195,1439.200073,126.400002,4.5,-1.7,0,0,0,0,0,0,0,0,0,0,0,0,0,1,0,0,0
2026-03-21T16:14:35Z,662.980,2334,-5660.300293,-10061.200195,1439.200073,126.400002,4.3,-1.7,0,0,0,0,0,0,0,0,0,0,0,0,0,1,0,0,0
2026-03-21T16:14:35Z,663.217,2335,-5660.300293,-10061.200195,1439.200073,126.400002,4.3,-1.7,0,0,0,0,0,0,0,0,0,0,0,0,0,1,0,0,0
2026-03-21T16:14:35Z,663.483,2336,-5660.300293,-10061.200195,1439.200073,126.400002,4.3,-1.7,0,0,0,0,0,0,0,0,0,0,0,0,0,1,0,0,0
2026-03-21T16:14:36Z,663.741,2337,-5660.300293,-10061.200195,1439.200073,126.400002,4.3,-1.7,0,0,0,0,0,0,0,0,0,0,0,0,0,1,0,0,0
2026-03-21T16:14:36Z,663.990,2338,-5660.300293,-10061.200195,1439.200073,126.700005,3.6,-1.8,0,0,0,0,0,0,0,0,0,0,0,0,0,0,0,0,0
2026-03-21T16:14:36Z,664.223,2339,-5660.300293,-10061.200195,1439.200073,126.700005,3.6,-1.8,0,0,0,0,0,0,0,0,0,0,0,0,0,0,0,0,0
2026-03-21T16:14:36Z,664.468,2340,-5660.300293,-10061.200195,1439.200073,126.700005,3.6,-1.8,0,0,0,0,0,0,0,0,0,0,0,0,0,0,0,0,0
2026-03-21T16:14:37Z,664.724,2341,-5660.300293,-10061.200195,1439.200073,126.700005,3.6,-1.8,0,0,0,0,0,0,0,0,0,0,0,0,0,0,0,0,0
2026-03-21T16:14:37Z,664.956,2342,-5660.200195,-10061.299805,1439.200073,127.099998,4.2,-1.7,0,0,0,0,0,0,0,0,0,0,0,0,0,1,0,0,0
2026-03-21T16:14:37Z,665.185,2343,-5660.200195,-10061.299805,1439.200073,127.099998,4.2,-1.7,0,0,0,0,0,0,0,0,0,0,0,0,0,1,0,0,0
2026-03-21T16:14:37Z,665.420,2344,-5660.200195,-10061.299805,1439.200073,127.099998,4.2,-1.7,0,0,0,0,0,0,0,0,0,0,0,0,0,1,0,0,0
2026-03-21T16:14:38Z,665.678,2345,-5660.200195,-10061.299805,1439.200073,127.099998,4.2,-1.7,0,0,0,0,0,0,0,0,0,0,0,0,0,1,0,0,0
2026-03-21T16:14:38Z,665.921,2346,-5660.100098,-10061.400391,1439.200073,127.700005,3.6,-1.7,0,0,0,0,0,0,0,0,0,0,0,0,0,0,0,0,0
2026-03-21T16:14:38Z,666.214,2347,-5660.100098,-10061.400391,1439.200073,127.700005,3.6,-1.7,0,0,0,0,0,0,0,0,0,0,0,0,0,0,0,0,0
2026-03-21T16:14:38Z,666.476,2348,-5660.100098,-10061.400391,1439.200073,127.700005,3.6,-1.7,0,0,0,0,0,0,0,0,0,0,0,0,0,0,0,0,0
2026-03-21T16:14:39Z,666.753,2349,-5660.100098,-10061.400391,1439.200073,127.700005,3.6,-1.7,0,0,0,0,0,0,0,0,0,0,0,0,0,0,0,0,0
2026-03-21T16:14:39Z,667.015,2350,-5659.899902,-10061.600586,1439.200073,128.800003,3.9,-1.7,0,1,0,0,0,0,0,0,0,0,0,0,0,1,0,0,0
2026-03-21T16:14:39Z,667.246,2351,-5659.899902,-10061.600586,1439.200073,128.800003,3.9,-1.7,0,1,0,0,0,0,0,0,0,0,0,0,0,1,0,0,0
2026-03-21T16:14:39Z,667.475,2352,-5659.899902,-10061.600586,1439.200073,128.800003,3.9,-1.7,0,1,0,0,0,0,0,0,0,0,0,0,0,1,0,0,0
2026-03-21T16:14:40Z,667.734,2353,-5659.899902,-10061.600586,1439.200073,128.800003,3.9,-1.7,0,1,0,0,0,0,0,0,0,0,0,0,0,1,0,0,0
2026-03-21T16:14:40Z,668.003,2354,-5659.600098,-10061.799805,1439.200073,129.800003,4.1,-1.7,0,1,0,0,0,1,0,0,0,0,0,0,0,1,0,0,0
2026-03-21T16:14:40Z,668.241,2355,-5659.600098,-10061.799805,1439.200073,129.800003,4.1,-1.7,0,1,0,0,0,1,0,0,0,0,0,0,0,1,0,0,0
2026-03-21T16:14:40Z,668.510,2356,-5659.600098,-10061.799805,1439.200073,129.800003,4.1,-1.7,0,1,0,0,0,1,0,0,0,0,0,0,0,1,0,0,0
2026-03-21T16:14:41Z,668.768,2357,-5659.600098,-10061.799805,1439.200073,129.800003,4.1,-1.7,0,1,0,0,0,1,0,0,0,0,0,0,0,1,0,0,0
2026-03-21T16:14:41Z,669.035,2358,-5659.399902,-10062.100586,1439.300049,131.400009,3.7,-1.8,0,1,0,0,0,0,0,0,0,0,0,0,0,0,0,0,0
2026-03-21T16:14:41Z,669.285,2359,-5659.399902,-10062.100586,1439.300049,131.400009,3.7,-1.8,0,1,0,0,0,0,0,0,0,0,0,0,0,0,0,0,0
2026-03-21T16:14:42Z,669.539,2360,-5659.399902,-10062.100586,1439.300049,131.400009,3.7,-1.8,0,1,0,0,0,0,0,0,0,0,0,0,0,0,0,0,0
2026-03-21T16:14:42Z,669.808,2361,-5659.399902,-10062.100586,1439.300049,131.400009,3.7,-1.8,0,1,0,0,0,0,0,0,0,0,0,0,0,0,0,0,0
2026-03-21T16:14:42Z,670.062,2362,-5659.100098,-10062.400391,1439.300049,134.100006,3.8,-1.8,0,1,0,0,0,0,0,0,0,0,0,0,0,0,0,0,0
2026-03-21T16:14:42Z,670.292,2363,-5659.100098,-10062.400391,1439.300049,134.100006,3.8,-1.8,0,1,0,0,0,0,0,0,0,0,0,0,0,0,0,0,0
2026-03-21T16:14:43Z,670.545,2364,-5659.100098,-10062.400391,1439.300049,134.100006,3.8,-1.8,0,1,0,0,0,0,0,0,0,0,0,0,0,0,0,0,0
2026-03-21T16:14:43Z,670.787,2365,-5659.100098,-10062.400391,1439.300049,134.100006,3.8,-1.8,0,1,0,0,0,0,0,0,0,0,0,0,0,0,0,0,0
2026-03-21T16:14:43Z,671.026,2366,-5658.800293,-10062.900391,1439.300049,137.5,3.9,-1.7,0,0,0,0,1,0,0,0,0,0,0,0,0,0,0,0,0
2026-03-21T16:14:43Z,671.260,2367,-5658.800293,-10062.900391,1439.300049,137.5,3.9,-1.7,0,0,0,0,1,0,0,0,0,0,0,0,0,0,0,0,0
2026-03-21T16:14:43Z,671.492,2368,-5658.800293,-10062.900391,1439.300049,137.5,3.9,-1.7,0,0,0,0,1,0,0,0,0,0,0,0,0,0,0,0,0
2026-03-21T16:14:44Z,671.747,2369,-5658.800293,-10062.900391,1439.300049,137.5,3.9,-1.7,0,0,0,0,1,0,0,0,0,0,0,0,0,0,0,0,0
2026-03-21T16:14:44Z,672.009,2370,-5658.5,-10063.299805,1439.400024,141,4,-1.5,0,0,0,0,1,0,0,0,0,0,0,0,0,0,0,0,0
2026-03-21T16:14:44Z,672.236,2371,-5658.5,-10063.299805,1439.400024,141,4,-1.5,0,0,0,0,1,0,0,0,0,0,0,0,0,0,0,0,0
2026-03-21T16:14:44Z,672.498,2372,-5658.5,-10063.299805,1439.400024,141,4,-1.5,0,0,0,0,1,0,0,0,0,0,0,0,0,0,0,0,0
2026-03-21T16:14:45Z,672.725,2373,-5658.5,-10063.299805,1439.400024,141,4,-1.5,0,0,0,0,1,0,0,0,0,0,0,0,0,0,0,0,0
2026-03-21T16:14:45Z,672.982,2374,-5658.300293,-10063.799805,1439.400024,145.400009,3.9,-1.3,0,0,0,0,1,0,0,0,0,0,0,0,0,0,0,0,0
2026-03-21T16:14:45Z,673.207,2375,-5658.300293,-10063.799805,1439.400024,145.400009,3.9,-1.3,0,0,0,0,1,0,0,0,0,0,0,0,0,0,0,0,0
2026-03-21T16:14:45Z,673.444,2376,-5658.300293,-10063.799805,1439.400024,145.400009,3.9,-1.3,0,0,0,0,1,0,0,0,0,0,0,0,0,0,0,0,0
2026-03-21T16:14:46Z,673.700,2377,-5658.300293,-10063.799805,1439.400024,145.400009,3.9,-1.3,0,0,0,0,1,0,0,0,0,0,0,0,0,0,0,0,0
2026-03-21T16:14:46Z,673.922,2378,-5658.300293,-10063.799805,1439.400024,145.400009,3.9,-1.3,0,0,0,0,1,0,0,0,0,0,0,0,0,0,0,0,0
2026-03-21T16:14:46Z,674.223,2379,-5658,-10064.400391,1439.5,150,3.8,-1,0,0,0,0,0,0,0,0,0,0,0,0,0,0,0,0,0
2026-03-21T16:14:46Z,674.491,2380,-5658,-10064.400391,1439.5,150,3.8,-1,0,0,0,0,0,0,0,0,0,0,0,0,0,0,0,0,0
2026-03-21T16:14:47Z,674.747,2381,-5658,-10064.400391,1439.5,150,3.8,-1,0,0,0,0,0,0,0,0,0,0,0,0,0,0,0,0,0
2026-03-21T16:14:47Z,675.006,2382,-5657.800293,-10065.200195,1439.5,155.300003,3.9,-0.9,0,0,0,0,0,0,0,0,0,0,0,0,0,0,0,0,0
2026-03-21T16:14:47Z,675.248,2383,-5657.800293,-10065.200195,1439.5,155.300003,3.9,-0.9,0,0,0,0,0,0,0,0,0,0,0,0,0,0,0,0,0
2026-03-21T16:14:47Z,675.481,2384,-5657.800293,-10065.200195,1439.5,155.300003,3.9,-0.9,0,0,0,0,0,0,0,0,0,0,0,0,0,0,0,0,0
2026-03-21T16:14:48Z,675.738,2385,-5657.800293,-10065.200195,1439.5,155.300003,3.9,-0.9,0,0,0,0,0,0,0,0,0,0,0,0,0,0,0,0,0
2026-03-21T16:14:48Z,675.995,2386,-5657.800293,-10065.200195,1439.5,155.300003,3.9,-0.9,0,0,0,0,0,0,0,0,0,0,0,0,0,0,0,0,0
2026-03-21T16:14:48Z,676.217,2387,-5657.5,-10065.900391,1439.5,159.400009,4,-0.4,0,0,0,0,0,0,0,0,0,0,0,0,0,0,0,0,0
2026-03-21T16:14:48Z,676.444,2388,-5657.5,-10065.900391,1439.5,159.400009,4,-0.4,0,0,0,0,0,0,0,0,0,0,0,0,0,0,0,0,0
2026-03-21T16:14:49Z,676.696,2389,-5657.5,-10065.900391,1439.5,159.400009,4,-0.4,0,0,0,0,0,0,0,0,0,0,0,0,0,0,0,0,0
2026-03-21T16:14:49Z,676.954,2390,-5657.399902,-10066.700195,1439.599976,162.5,6.8,-3.8,0,0,0,0,0,0,0,0,0,0,0,0,0,0,0,0,0
2026-03-21T16:14:49Z,677.174,2391,-5657.399902,-10066.700195,1439.599976,162.5,6.8,-3.8,0,0,0,0,0,0,0,0,0,0,0,0,0,0,0,0,0
2026-03-21T16:14:49Z,677.407,2392,-5657.399902,-10066.700195,1439.599976,162.5,6.8,-3.8,0,0,0,0,0,0,0,0,0,0,0,0,0,0,0,0,0
2026-03-21T16:14:50Z,677.662,2393,-5657.399902,-10066.700195,1439.599976,162.5,6.8,-3.8,0,0,0,0,0,0,0,0,0,0,0,0,0,0,0,0,0
2026-03-21T16:14:50Z,677.920,2394,-5657.200195,-10067.600586,1439.800049,164.400009,13.1,-8.3,0,0,0,0,0,0,0,0,0,0,0,0,0,0,0,0,0
2026-03-21T16:14:50Z,678.190,2395,-5657.200195,-10067.600586,1439.800049,164.400009,13.1,-8.3,0,0,0,0,0,0,0,0,0,0,0,0,0,0,0,0,0
2026-03-21T16:14:50Z,678.415,2396,-5657.200195,-10067.600586,1439.800049,164.400009,13.1,-8.3,0,0,0,0,0,0,0,0,0,0,0,0,0,0,0,0,0
2026-03-21T16:14:51Z,678.672,2397,-5657.200195,-10067.600586,1439.800049,164.400009,13.1,-8.3,0,0,0,0,0,0,0,0,0,0,0,0,0,0,0,0,0
2026-03-21T16:14:51Z,678.929,2398,-5657.200195,-10067.600586,1439.800049,164.400009,13.1,-8.3,0,0,0,0,0,0,0,0,0,0,0,0,0,0,0,0,0
2026-03-21T16:14:51Z,679.218,2399,-5656.800293,-10068.400391,1440,165,12.8,0.1,0,0,0,0,0,0,0,0,0,0,0,0,0,0,0,0,0
2026-03-21T16:14:51Z,679.448,2400,-5656.800293,-10068.400391,1440,165,12.8,0.1,0,0,0,0,0,0,0,0,0,0,0,0,0,0,0,0,0
2026-03-21T16:14:52Z,679.701,2401,-5656.800293,-10068.400391,1440,165,12.8,0.1,0,0,0,0,0,0,0,0,0,0,0,0,0,0,0,0,0
2026-03-21T16:14:52Z,679.961,2402,-5656.700195,-10069,1440,165.400009,8.6,-4.6,0,0,0,0,0,0,0,0,0,0,0,0,0,0,0,0,0
2026-03-21T16:14:52Z,680.193,2403,-5656.700195,-10069,1440,165.400009,8.6,-4.6,0,0,0,0,0,0,0,0,0,0,0,0,0,0,0,0,0
2026-03-21T16:14:52Z,680.440,2404,-5656.700195,-10069,1440,165.400009,8.6,-4.6,0,0,0,0,0,0,0,0,0,0,0,0,0,0,0,0,0
2026-03-21T16:14:53Z,680.695,2405,-5656.700195,-10069,1440,165.400009,8.6,-4.6,0,0,0,0,0,0,0,0,0,0,0,0,0,0,0,0,0
2026-03-21T16:14:53Z,680.960,2406,-5656.600098,-10069.600586,1440,168.100006,-0.5,-14.3,0,0,0,0,0,0,0,0,0,0,0,0,0,0,0,0,0
2026-03-21T16:14:53Z,681.190,2407,-5656.600098,-10069.600586,1440,168.100006,-0.5,-14.3,0,0,0,0,0,0,0,0,0,0,0,0,0,0,0,0,0
2026-03-21T16:14:53Z,681.409,2408,-5656.600098,-10069.600586,1440,168.100006,-0.5,-14.3,0,0,0,0,0,0,0,0,0,0,0,0,0,0,0,0,0
2026-03-21T16:14:54Z,681.631,2409,-5656.600098,-10069.600586,1440,168.100006,-0.5,-14.3,0,0,0,0,0,0,0,0,0,0,0,0,0,0,0,0,0
2026-03-21T16:14:54Z,681.891,2410,-5656.600098,-10069.600586,1440,168.100006,-0.5,-14.3,0,0,0,0,0,0,0,0,0,0,0,0,0,0,0,0,0
2026-03-21T16:14:54Z,682.187,2411,-5656.5,-10070.200195,1440,170.699997,-4.1,-12.2,0,0,0,0,0,0,0,0,0,0,0,0,0,0,0,0,0
2026-03-21T16:14:54Z,682.409,2412,-5656.5,-10070.200195,1440,170.699997,-4.1,-12.2,0,0,0,0,0,0,0,0,0,0,0,0,0,0,0,0,0
2026-03-21T16:14:55Z,682.627,2413,-5656.5,-10070.200195,1440,170.699997,-4.1,-12.2,0,0,0,0,0,0,0,0,0,0,0,0,0,0,0,0,0
2026-03-21T16:14:55Z,682.889,2414,-5656.5,-10070.200195,1440,170.699997,-4.1,-12.2,0,0,0,0,0,0,0,0,0,0,0,0,0,0,0,0,0
2026-03-21T16:14:55Z,683.141,2415,-5656.200195,-10070.900391,1440,173.199997,-1.3,-3.5,0,0,0,0,0,0,0,0,0,0,0,0,0,0,0,0,0
2026-03-21T16:14:55Z,683.360,2416,-5656.200195,-10070.900391,1440,173.199997,-1.3,-3.5,0,0,0,0,0,0,0,0,0,0,0,0,0,0,0,0,0
2026-03-21T16:14:56Z,683.577,2417,-5656.200195,-10070.900391,1440,173.199997,-1.3,-3.5,0,0,0,0,0,0,0,0,0,0,0,0,0,0,0,0,0
2026-03-21T16:14:56Z,683.845,2418,-5656.200195,-10070.900391,1440,173.199997,-1.3,-3.5,0,0,0,0,0,0,0,0,0,0,0,0,0,0,0,0,0
2026-03-21T16:14:56Z,684.101,2419,-5655.899902,-10071.700195,1439.900024,173.600006,5.5,2.9,0,0,0,0,0,0,0,0,0,0,0,0,0,0,0,0,0
2026-03-21T16:14:56Z,684.326,2420,-5655.899902,-10071.700195,1439.900024,173.600006,5.5,2.9,0,0,0,0,0,0,0,0,0,0,0,0,0,0,0,0,0
2026-03-21T16:14:57Z,684.592,2421,-5655.899902,-10071.700195,1439.900024,173.600006,5.5,2.9,0,0,0,0,0,0,0,0,0,0,0,0,0,0,0,0,0
2026-03-21T16:14:57Z,684.853,2422,-5655.899902,-10071.700195,1439.900024,173.600006,5.5,2.9,0,0,0,0,0,0,0,0,0,0,0,0,0,0,0,0,0
2026-03-21T16:14:57Z,685.112,2423,-5655.700195,-10072.400391,1439.800049,169.300003,5.2,0.1,0,0,0,0,0,0,0,0,0,0,0,0,0,0,0,0,0
2026-03-21T16:14:57Z,685.374,2424,-5655.700195,-10072.400391,1439.800049,169.300003,5.2,0.1,0,0,0,0,0,0,0,0,0,0,0,0,0,0,0,0,0
2026-03-21T16:14:58Z,685.632,2425,-5655.700195,-10072.400391,1439.800049,169.300003,5.2,0.1,0,0,0,0,0,0,0,0,0,0,0,0,0,0,0,0,0
2026-03-21T16:14:58Z,685.873,2426,-5655.700195,-10072.400391,1439.800049,169.300003,5.2,0.1,0,0,0,0,0,0,0,0,0,0,0,0,0,0,0,0,0
2026-03-21T16:14:58Z,686.094,2427,-5655.399902,-10073,1439.900024,160.300003,1.6,0,0,0,0,0,0,0,0,0,0,0,0,0,0,0,0,0,0
2026-03-21T16:14:58Z,686.314,2428,-5655.399902,-10073,1439.900024,160.300003,1.6,0,0,0,0,0,0,0,0,0,0,0,0,0,0,0,0,0,0
2026-03-21T16:14:59Z,686.581,2429,-5655.399902,-10073,1439.900024,160.300003,1.6,0,0,0,0,0,0,0,0,0,0,0,0,0,0,0,0,0,0
2026-03-21T16:14:59Z,686.840,2430,-5655.399902,-10073,1439.900024,160.300003,1.6,0,0,0,0,0,0,0,0,0,0,0,0,0,0,0,0,0,0
2026-03-21T16:14:59Z,687.098,2431,-5654.899902,-10073.600586,1440,151.300003,2.5,-0.9,0,0,0,0,0,0,0,0,0,0,0,1,0,0,0,0,0
2026-03-21T16:14:59Z,687.390,2432,-5654.899902,-10073.600586,1440,151.300003,2.5,-0.9,0,0,0,0,0,0,0,0,0,0,0,1,0,0,0,0,0
2026-03-21T16:15:00Z,687.645,2433,-5654.899902,-10073.600586,1440,151.300003,2.5,-0.9,0,0,0,0,0,0,0,0,0,0,0,1,0,0,0,0,0
2026-03-21T16:15:00Z,687.909,2434,-5654.899902,-10073.600586,1440,151.300003,2.5,-0.9,0,0,0,0,0,0,0,0,0,0,0,1,0,0,0,0,0
2026-03-21T16:15:00Z,688.154,2435,-5654.399902,-10074.200195,1440.099976,145,2.9,-1.2,0,1,0,0,0,0,0,0,0,0,0,1,0,0,0,0,0
2026-03-21T16:15:00Z,688.372,2436,-5654.399902,-10074.200195,1440.099976,145,2.9,-1.2,0,1,0,0,0,0,0,0,0,0,0,1,0,0,0,0,0
2026-03-21T16:15:01Z,688.615,2437,-5654.399902,-10074.200195,1440.099976,145,2.9,-1.2,0,1,0,0,0,0,0,0,0,0,0,1,0,0,0,0,0
2026-03-21T16:15:01Z,688.839,2438,-5654.399902,-10074.200195,1440.099976,145,2.9,-1.2,0,1,0,0,0,0,0,0,0,0,0,1,0,0,0,0,0
2026-03-21T16:15:01Z,689.124,2439,-5653.899902,-10074.600586,1440,138.199997,1.9,-0.1,0,1,0,0,0,1,0,0,0,0,0,0,0,0,0,0,0
2026-03-21T16:15:01Z,689.341,2440,-5653.899902,-10074.600586,1440,138.199997,1.9,-0.1,0,1,0,0,0,1,0,0,0,0,0,0,0,0,0,0,0
2026-03-21T16:15:02Z,689.596,2441,-5653.899902,-10074.600586,1440,138.199997,1.9,-0.1,0,1,0,0,0,1,0,0,0,0,0,0,0,0,0,0,0
2026-03-21T16:15:02Z,689.817,2442,-5653.899902,-10074.600586,1440,138.199997,1.9,-0.1,0,1,0,0,0,1,0,0,0,0,0,0,0,0,0,0,0
2026-03-21T16:15:02Z,690.075,2443,-5653.100098,-10075.100586,1440,128.199997,1.9,-0.4,0,1,1,1,0,1,1,0,0,0,0,0,0,0,1,0,0
2026-03-21T16:15:02Z,690.289,2444,-5653.100098,-10075.100586,1440,128.199997,1.9,-0.4,0,1,1,1,0,1,1,0,0,0,0,0,0,0,1,0,0
2026-03-21T16:15:03Z,690.550,2445,-5653.100098,-10075.100586,1440,128.199997,1.9,-0.4,0,1,1,1,0,1,1,0,0,0,0,0,0,0,1,0,0
2026-03-21T16:15:03Z,690.812,2446,-5653.100098,-10075.100586,1440,128.199997,1.9,-0.4,0,1,1,1,0,1,1,0,0,0,0,0,0,0,1,0,0
2026-03-21T16:15:03Z,691.068,2447,-5652.300293,-10075.400391,1440,118.599998,2.3,-1.3,0,0,1,1,0,0,1,0,0,0,0,0,0,0,0,0,0
2026-03-21T16:15:03Z,691.313,2448,-5652.300293,-10075.400391,1440,118.599998,2.3,-1.3,0,0,1,1,0,0,1,0,0,0,0,0,0,0,0,0,0
2026-03-21T16:15:04Z,691.569,2449,-5652.300293,-10075.400391,1440,118.599998,2.3,-1.3,0,0,1,1,0,0,1,0,0,0,0,0,0,0,0,0,0
2026-03-21T16:15:04Z,691.828,2450,-5652.300293,-10075.400391,1440,118.599998,2.3,-1.3,0,0,1,1,0,0,1,0,0,0,0,0,0,0,0,0,0
2026-03-21T16:15:04Z,692.086,2451,-5651.300293,-10075.5,1440.099976,107.400002,0.9,-1.1,0,1,0,0,0,1,1,0,0,0,0,0,0,1,1,1,1
2026-03-21T16:15:04Z,692.306,2452,-5651.300293,-10075.5,1440.099976,107.400002,0.9,-1.1,0,1,0,0,0,1,1,0,0,0,0,0,0,1,1,1,1
2026-03-21T16:15:05Z,692.559,2453,-5651.300293,-10075.5,1440.099976,107.400002,0.9,-1.1,0,1,0,0,0,1,1,0,0,0,0,0,0,1,1,1,1
2026-03-21T16:15:05Z,692.813,2454,-5651.300293,-10075.5,1440.099976,107.400002,0.9,-1.1,0,1,0,0,0,1,1,0,0,0,0,0,0,1,1,1,1
2026-03-21T16:15:05Z,693.028,2455,-5650.399902,-10075.600586,1440.099976,99.700005,0.8,-1.3,0,1,0,0,0,0,0,0,0,0,0,0,0,1,0,0,0
2026-03-21T16:15:05Z,693.240,2456,-5650.399902,-10075.600586,1440.099976,99.700005,0.8,-1.3,0,1,0,0,0,0,0,0,0,0,0,0,0,1,0,0,0
2026-03-21T16:15:05Z,693.452,2457,-5650.399902,-10075.600586,1440.099976,99.700005,0.8,-1.3,0,1,0,0,0,0,0,0,0,0,0,0,0,1,0,0,0
2026-03-21T16:15:06Z,693.662,2458,-5650.399902,-10075.600586,1440.099976,99.700005,0.8,-1.3,0,1,0,0,0,0,0,0,0,0,0,0,0,1,0,0,0
2026-03-21T16:15:06Z,693.916,2459,-5650.399902,-10075.600586,1440.099976,99.700005,0.8,-1.3,0,1,0,0,0,0,0,0,0,0,0,0,0,1,0,0,0
2026-03-21T16:15:06Z,694.203,2460,-5649.600098,-10075.600586,1440.099976,89.200005,2.2,0.9,0,0,0,0,0,1,0,0,0,0,0,0,0,0,0,0,0
2026-03-21T16:15:06Z,694.431,2461,-5649.600098,-10075.600586,1440.099976,89.200005,2.2,0.9,0,0,0,0,0,1,0,0,0,0,0,0,0,0,0,0,0
2026-03-21T16:15:07Z,694.691,2462,-5649.600098,-10075.600586,1440.099976,89.200005,2.2,0.9,0,0,0,0,0,1,0,0,0,0,0,0,0,0,0,0,0
2026-03-21T16:15:07Z,694.948,2463,-5649.300293,-10075.700195,1440.099976,74.400002,0.4,-1.1,0,0,0,0,0,0,0,0,1,0,0,0,0,0,0,0,0
2026-03-21T16:15:07Z,695.168,2464,-5649.300293,-10075.700195,1440.099976,74.400002,0.4,-1.1,0,0,0,0,0,0,0,0,1,0,0,0,0,0,0,0,0
2026-03-21T16:15:07Z,695.384,2465,-5649.300293,-10075.700195,1440.099976,74.400002,0.4,-1.1,0,0,0,0,0,0,0,0,1,0,0,0,0,0,0,0,0
2026-03-21T16:15:08Z,695.641,2466,-5649.300293,-10075.700195,1440.099976,74.400002,0.4,-1.1,0,0,0,0,0,0,0,0,1,0,0,0,0,0,0,0,0
2026-03-21T16:15:08Z,695.903,2467,-5649.300293,-10075.700195,1440.099976,74.400002,0.4,-1.1,0,0,0,0,0,0,0,0,1,0,0,0,0,0,0,0,0
2026-03-21T16:15:08Z,696.184,2468,-5649.399902,-10075.700195,1440,74.599998,-0.9,-1.7,0,0,0,0,0,0,0,0,1,0,0,0,0,0,0,0,0
2026-03-21T16:15:08Z,696.399,2469,-5649.399902,-10075.700195,1440,74.599998,-0.9,-1.7,0,0,0,0,0,0,0,0,1,0,0,0,0,0,0,0,0
2026-03-21T16:15:09Z,696.653,2470,-5649.399902,-10075.700195,1440,74.599998,-0.9,-1.7,0,0,0,0,0,0,0,0,1,0,0,0,0,0,0,0,0
2026-03-21T16:15:09Z,696.916,2471,-5649.300293,-10075.700195,1440,74.800003,0.1,-1.6,0,0,0,0,0,0,0,0,1,0,0,0,0,0,0,0,0
2026-03-21T16:15:09Z,697.131,2472,-5649.300293,-10075.700195,1440,74.800003,0.1,-1.6,0,0,0,0,0,0,0,0,1,0,0,0,0,0,0,0,0
2026-03-21T16:15:09Z,697.351,2473,-5649.300293,-10075.700195,1440,74.800003,0.1,-1.6,0,0,0,0,0,0,0,0,1,0,0,0,0,0,0,0,0
2026-03-21T16:15:10Z,697.608,2474,-5649.300293,-10075.700195,1440,74.800003,0.1,-1.6,0,0,0,0,0,0,0,0,1,0,0,0,0,0,0,0,0
2026-03-21T16:15:10Z,697.871,2475,-5649.300293,-10075.700195,1440,74.800003,0.1,-1.6,0,0,0,0,0,0,0,0,1,0,0,0,0,0,0,0,0
2026-03-21T16:15:10Z,698.145,2476,-5649.300293,-10075.700195,1440.099976,75,-1.9,-1.5,0,0,0,0,0,0,0,0,1,0,0,0,0,0,0,0,0
2026-03-21T16:15:10Z,698.360,2477,-5649.300293,-10075.700195,1440.099976,75,-1.9,-1.5,0,0,0,0,0,0,0,0,1,0,0,0,0,0,0,0,0
2026-03-21T16:15:11Z,698.617,2478,-5649.300293,-10075.700195,1440.099976,75,-1.9,-1.5,0,0,0,0,0,0,0,0,1,0,0,0,0,0,0,0,0
2026-03-21T16:15:11Z,698.876,2479,-5649.300293,-10075.700195,1440.099976,75,-1.9,-1.5,0,0,0,0,0,0,0,0,1,0,0,0,0,0,0,0,0
2026-03-21T16:15:11Z,699.158,2480,-5649.300293,-10075.700195,1440,75,-0.2,-1.6,0,0,0,0,0,0,0,0,1,0,0,0,0,0,0,0,0
2026-03-21T16:15:11Z,699.375,2481,-5649.300293,-10075.700195,1440,75,-0.2,-1.6,0,0,0,0,0,0,0,0,1,0,0,0,0,0,0,0,0
2026-03-21T16:15:12Z,699.631,2482,-5649.300293,-10075.700195,1440,75,-0.2,-1.6,0,0,0,0,0,0,0,0,1,0,0,0,0,0,0,0,0
2026-03-21T16:15:12Z,699.889,2483,-5649.300293,-10075.700195,1440,75,-0.2,-1.6,0,0,0,0,0,0,0,0,1,0,0,0,0,0,0,0,0
2026-03-21T16:15:12Z,700.175,2484,-5649.300293,-10075.700195,1440,75,-0.9,-1.5,0,0,0,0,0,0,0,0,1,0,0,0,0,0,0,0,0
2026-03-21T16:15:12Z,700.390,2485,-5649.300293,-10075.700195,1440,75,-0.9,-1.5,0,0,0,0,0,0,0,0,1,0,0,0,0,0,0,0,0
2026-03-21T16:15:13Z,700.645,2486,-5649.300293,-10075.700195,1440,75,-0.9,-1.5,0,0,0,0,0,0,0,0,1,0,0,0,0,0,0,0,0
2026-03-21T16:15:13Z,700.881,2487,-5649.300293,-10075.700195,1440,75,-0.9,-1.5,0,0,0,0,0,0,0,0,1,0,0,0,0,0,0,0,0
2026-03-21T16:15:13Z,701.094,2488,-5649.300293,-10075.700195,1440.099976,75,-1,-1.5,0,0,0,0,0,0,0,0,1,0,0,0,0,0,0,0,0
2026-03-21T16:15:13Z,701.348,2489,-5649.300293,-10075.700195,1440.099976,75,-1,-1.5,0,0,0,0,0,0,0,0,1,0,0,0,0,0,0,0,0
2026-03-21T16:15:14Z,701.605,2490,-5649.300293,-10075.700195,1440.099976,75,-1,-1.5,0,0,0,0,0,0,0,0,1,0,0,0,0,0,0,0,0
2026-03-21T16:15:14Z,701.867,2491,-5649.300293,-10075.700195,1440.099976,75,-1,-1.5,0,0,0,0,0,0,0,0,1,0,0,0,0,0,0,0,0
2026-03-21T16:15:14Z,702.083,2492,-5649.300293,-10075.700195,1440,75,-0.5,-1.6,0,0,0,0,0,0,0,0,1,0,0,0,0,0,0,0,0
2026-03-21T16:15:14Z,702.301,2493,-5649.300293,-10075.700195,1440,75,-0.5,-1.6,0,0,0,0,0,0,0,0,1,0,0,0,0,0,0,0,0
2026-03-21T16:15:15Z,702.561,2494,-5649.300293,-10075.700195,1440,75,-0.5,-1.6,0,0,0,0,0,0,0,0,1,0,0,0,0,0,0,0,0
2026-03-21T16:15:15Z,702.817,2495,-5649.300293,-10075.700195,1440,75,-0.5,-1.6,0,0,0,0,0,0,0,0,1,0,0,0,0,0,0,0,0
2026-03-21T16:15:15Z,703.031,2496,-5649.300293,-10075.700195,1440,75.099998,-1,-1.5,0,0,0,0,0,0,0,0,1,0,0,0,0,0,0,0,0
2026-03-21T16:15:15Z,703.271,2497,-5649.300293,-10075.700195,1440,75.099998,-1,-1.5,0,0,0,0,0,0,0,0,1,0,0,0,0,0,0,0,0
2026-03-21T16:15:16Z,703.543,2498,-5649.300293,-10075.700195,1440,75.099998,-1,-1.5,0,0,0,0,0,0,0,0,1,0,0,0,0,0,0,0,0
2026-03-21T16:15:16Z,703.810,2499,-5649.300293,-10075.700195,1440,75.099998,-1,-1.5,0,0,0,0,0,0,0,0,1,0,0,0,0,0,0,0,0
2026-03-21T16:15:16Z,704.068,2500,-5649.399902,-10075.700195,1440.099976,75.200005,-1.5,-1.6,0,0,0,0,0,0,0,0,1,0,0,0,0,0,0,0,0
2026-03-21T16:15:16Z,704.290,2501,-5649.399902,-10075.700195,1440.099976,75.200005,-1.5,-1.6,0,0,0,0,0,0,0,0,1,0,0,0,0,0,0,0,0
2026-03-21T16:15:17Z,704.558,2502,-5649.399902,-10075.700195,1440.099976,75.200005,-1.5,-1.6,0,0,0,0,0,0,0,0,1,0,0,0,0,0,0,0,0
2026-03-21T16:15:17Z,704.823,2503,-5649.399902,-10075.700195,1440.099976,75.200005,-1.5,-1.6,0,0,0,0,0,0,0,0,1,0,0,0,0,0,0,0,0
2026-03-21T16:15:17Z,705.079,2504,-5649.800293,-10075.799805,1440.099976,75.900002,-1.1,-1.6,0,0,0,0,0,1,0,0,1,0,0,0,0,0,0,0,0
2026-03-21T16:15:17Z,705.317,2505,-5649.800293,-10075.799805,1440.099976,75.900002,-1.1,-1.6,0,0,0,0,0,1,0,0,1,0,0,0,0,0,0,0,0
2026-03-21T16:15:18Z,705.573,2506,-5649.800293,-10075.799805,1440.099976,75.900002,-1.1,-1.6,0,0,0,0,0,1,0,0,1,0,0,0,0,0,0,0,0
2026-03-21T16:15:18Z,705.837,2507,-5649.800293,-10075.799805,1440.099976,75.900002,-1.1,-1.6,0,0,0,0,0,1,0,0,1,0,0,0,0,0,0,0,0
2026-03-21T16:15:18Z,706.092,2508,-5650.5,-10076,1440.099976,77,-0.8,-1.6,0,0,0,0,0,1,1,0,1,0,0,0,0,0,0,0,0
2026-03-21T16:15:18Z,706.327,2509,-5650.5,-10076,1440.099976,77,-0.8,-1.6,0,0,0,0,0,1,1,0,1,0,0,0,0,0,0,0,0
2026-03-21T16:15:19Z,706.585,2510,-5650.5,-10076,1440.099976,77,-0.8,-1.6,0,0,0,0,0,1,1,0,1,0,0,0,0,0,0,0,0
2026-03-21T16:15:19Z,706.847,2511,-5650.5,-10076,1440.099976,77,-0.8,-1.6,0,0,0,0,0,1,1,0,1,0,0,0,0,0,0,0,0
2026-03-21T16:15:19Z,707.107,2512,-5651.300293,-10076.200195,1440.099976,78.300003,-0.8,-1.7,0,0,0,0,0,1,1,0,0,0,0,0,0,0,0,0,0
2026-03-21T16:15:19Z,707.340,2513,-5651.300293,-10076.200195,1440.099976,78.300003,-0.8,-1.7,0,0,0,0,0,1,1,0,0,0,0,0,0,0,0,0,0
2026-03-21T16:15:20Z,707.574,2514,-5651.300293,-10076.200195,1440.099976,78.300003,-0.8,-1.7,0,0,0,0,0,1,1,0,0,0,0,0,0,0,0,0,0
2026-03-21T16:15:20Z,707.841,2515,-5651.300293,-10076.200195,1440.099976,78.300003,-0.8,-1.7,0,0,0,0,0,1,1,0,0,0,0,0,0,0,0,0,0
2026-03-21T16:15:20Z,708.078,2516,-5652.600098,-10076.5,1440.099976,80.099998,-0.6,-1.6,0,0,0,1,1,1,0,0,0,0,0,0,0,0,0,0,0
2026-03-21T16:15:20Z,708.303,2517,-5652.600098,-10076.5,1440.099976,80.099998,-0.6,-1.6,0,0,0,1,1,1,0,0,0,0,0,0,0,0,0,0,0
2026-03-21T16:15:21Z,708.559,2518,-5652.600098,-10076.5,1440.099976,80.099998,-0.6,-1.6,0,0,0,1,1,1,0,0,0,0,0,0,0,0,0,0,0
2026-03-21T16:15:21Z,708.805,2519,-5652.600098,-10076.5,1440.099976,80.099998,-0.6,-1.6,0,0,0,1,1,1,0,0,0,0,0,0,0,0,0,0,0
2026-03-21T16:15:21Z,709.069,2520,-5653.800293,-10076.799805,1440.099976,81.900002,-0.5,-1.5,0,0,0,0,1,1,0,0,0,0,0,0,0,0,0,0,1
2026-03-21T16:15:21Z,709.315,2521,-5653.800293,-10076.799805,1440.099976,81.900002,-0.5,-1.5,0,0,0,0,1,1,0,0,0,0,0,0,0,0,0,0,1
2026-03-21T16:15:22Z,709.569,2522,-5653.800293,-10076.799805,1440.099976,81.900002,-0.5,-1.5,0,0,0,0,1,1,0,0,0,0,0,0,0,0,0,0,1
2026-03-21T16:15:22Z,709.831,2523,-5653.800293,-10076.799805,1440.099976,81.900002,-0.5,-1.5,0,0,0,0,1,1,0,0,0,0,0,0,0,0,0,0,1
2026-03-21T16:15:22Z,710.092,2524,-5655.100098,-10077,1440.099976,83.800003,0.3,-1.6,0,0,0,1,1,0,0,0,0,0,0,0,0,0,0,0,1
2026-03-21T16:15:22Z,710.337,2525,-5655.100098,-10077,1440.099976,83.800003,0.3,-1.6,0,0,0,1,1,0,0,0,0,0,0,0,0,0,0,0,1
2026-03-21T16:15:23Z,710.596,2526,-5655.100098,-10077,1440.099976,83.800003,0.3,-1.6,0,0,0,1,1,0,0,0,0,0,0,0,0,0,0,0,1
2026-03-21T16:15:23Z,710.862,2527,-5655.100098,-10077,1440.099976,83.800003,0.3,-1.6,0,0,0,1,1,0,0,0,0,0,0,0,0,0,0,0,1
2026-03-21T16:15:28Z,711.118,2528,-5656.399902,-10077.200195,1440.099976,85.800003,-0.4,-1.8,0,0,0,1,1,0,0,0,0,0,0,0,0,0,0,0,1
2026-03-21T16:15:28Z,716.354,2529,-5659.399902,-10077.400391,1440.200073,90.300003,-0.5,-2.5,0,0,0,0,0,0,0,0,0,0,0,0,0,0,1,0,0
2026-03-21T16:15:29Z,716.589,2530,-5659.399902,-10077.400391,1440.200073,90.300003,-0.5,-2.5,0,0,0,0,0,0,0,0,0,0,0,0,0,0,1,0,0
2026-03-21T16:15:29Z,716.826,2531,-5659.399902,-10077.400391,1440.200073,90.300003,-0.5,-2.5,0,0,0,0,0,0,0,0,0,0,0,0,0,0,1,0,0
2026-03-21T16:15:29Z,717.084,2532,-5659.399902,-10077.400391,1440.200073,90.300003,-0.1,-2.5,0,0,0,0,0,0,0,0,0,0,0,0,0,0,1,0,0
2026-03-21T16:15:29Z,717.332,2533,-5659.399902,-10077.400391,1440.200073,90.300003,-0.1,-2.5,0,0,0,0,0,0,0,0,0,0,0,0,0,0,1,0,0
2026-03-21T16:15:30Z,717.589,2534,-5659.399902,-10077.400391,1440.200073,90.300003,-0.1,-2.5,0,0,0,0,0,0,0,0,0,0,0,0,0,0,1,0,0
2026-03-21T16:15:30Z,717.849,2535,-5659.399902,-10077.400391,1440.200073,90.300003,-0.1,-2.5,0,0,0,0,0,0,0,0,0,0,0,0,0,0,1,0,0
2026-03-21T16:15:30Z,718.096,2536,-5659.300293,-10077.400391,1440.200073,90.5,0.1,-2.5,0,0,0,0,0,0,0,0,0,0,0,0,0,0,1,0,0
2026-03-21T16:15:30Z,718.328,2537,-5659.300293,-10077.400391,1440.200073,90.5,0.1,-2.5,0,0,0,0,0,0,0,0,0,0,0,0,0,0,1,0,0
2026-03-21T16:15:31Z,718.591,2538,-5659.300293,-10077.400391,1440.200073,90.5,0.1,-2.5,0,0,0,0,0,0,0,0,0,0,0,0,0,0,1,0,0
2026-03-21T16:15:31Z,718.826,2539,-5659.300293,-10077.400391,1440.200073,90.5,0.1,-2.5,0,0,0,0,0,0,0,0,0,0,0,0,0,0,1,0,0
2026-03-21T16:15:31Z,719.080,2540,-5659.200195,-10077.400391,1440.200073,91.300003,0,-2.5,0,0,0,0,0,0,0,0,0,0,0,0,0,0,1,0,0
2026-03-21T16:15:31Z,719.346,2541,-5659.200195,-10077.400391,1440.200073,91.300003,0,-2.5,0,0,0,0,0,0,0,0,0,0,0,0,0,0,1,0,0
2026-03-21T16:15:32Z,719.598,2542,-5659.200195,-10077.400391,1440.200073,91.300003,0,-2.5,0,0,0,0,0,0,0,0,0,0,0,0,0,0,1,0,0
2026-03-21T16:15:32Z,719.834,2543,-5659.200195,-10077.400391,1440.200073,91.300003,0,-2.5,0,0,0,0,0,0,0,0,0,0,0,0,0,0,1,0,0
2026-03-21T16:15:32Z,720.088,2544,-5658.899902,-10077.5,1440.200073,92.599998,0.2,-2.5,0,0,0,0,0,0,0,0,0,0,0,0,0,0,1,0,0
2026-03-21T16:15:32Z,720.339,2545,-5658.899902,-10077.5,1440.200073,92.599998,0.2,-2.5,0,0,0,0,0,0,0,0,0,0,0,0,0,0,1,0,0
2026-03-21T16:15:33Z,720.592,2546,-5658.899902,-10077.5,1440.200073,92.599998,0.2,-2.5,0,0,0,0,0,0,0,0,0,0,0,0,0,0,1,0,0
2026-03-21T16:15:33Z,720.848,2547,-5658.899902,-10077.5,1440.200073,92.599998,0.2,-2.5,0,0,0,0,0,0,0,0,0,0,0,0,0,0,1,0,0
2026-03-21T16:15:33Z,721.131,2548,-5658.600098,-10077.5,1440.200073,94.300003,0.4,-2.4,0,0,0,0,0,0,0,0,0,0,0,0,0,0,1,0,0
2026-03-21T16:15:33Z,721.369,2549,-5658.600098,-10077.5,1440.200073,94.300003,0.4,-2.4,0,0,0,0,0,0,0,0,0,0,0,0,0,0,1,0,0
2026-03-21T16:15:34Z,721.625,2550,-5658.600098,-10077.5,1440.200073,94.300003,0.4,-2.4,0,0,0,0,0,0,0,0,0,0,0,0,0,0,1,0,0
2026-03-21T16:15:34Z,721.879,2551,-5658.600098,-10077.5,1440.200073,94.300003,0.4,-2.4,0,0,0,0,0,0,0,0,0,0,0,0,0,0,1,0,0
2026-03-21T16:15:34Z,722.136,2552,-5658.200195,-10077.600586,1440.200073,96.599998,0.4,-2.4,0,0,1,0,0,0,0,0,0,0,0,0,0,0,1,0,0
2026-03-21T16:15:34Z,722.371,2553,-5658.200195,-10077.600586,1440.200073,96.599998,0.4,-2.4,0,0,1,0,0,0,0,0,0,0,0,0,0,0,1,0,0
2026-03-21T16:15:35Z,722.640,2554,-5658.200195,-10077.600586,1440.200073,96.599998,0.4,-2.4,0,0,1,0,0,0,0,0,0,0,0,0,0,0,1,0,0
2026-03-21T16:15:35Z,722.896,2555,-5657.800293,-10077.700195,1440.200073,99.099998,0.7,-2.3,0,0,1,0,0,0,0,0,0,0,0,0,0,0,1,0,0
2026-03-21T16:15:35Z,723.190,2556,-5657.800293,-10077.700195,1440.200073,99.099998,0.7,-2.3,0,0,1,0,0,0,0,0,0,0,0,0,0,0,1,0,0
2026-03-21T16:15:35Z,723.434,2557,-5657.800293,-10077.700195,1440.200073,99.099998,0.7,-2.3,0,0,1,0,0,0,0,0,0,0,0,0,0,0,1,0,0
2026-03-21T16:15:36Z,723.664,2558,-5657.800293,-10077.700195,1440.200073,99.099998,0.7,-2.3,0,0,1,0,0,0,0,0,0,0,0,0,0,0,1,0,0
2026-03-21T16:15:36Z,723.919,2559,-5657.800293,-10077.700195,1440.200073,99.099998,0.7,-2.3,0,0,1,0,0,0,0,0,0,0,0,0,0,0,1,0,0
2026-03-21T16:15:36Z,724.174,2560,-5657.300293,-10077.900391,1440.200073,102.599998,0.9,-2.2,0,0,1,0,0,0,0,0,0,0,0,0,0,0,0,0,0
2026-03-21T16:15:36Z,724.421,2561,-5657.300293,-10077.900391,1440.200073,102.599998,0.9,-2.2,0,0,1,0,0,0,0,0,0,0,0,0,0,0,0,0,0
2026-03-21T16:15:37Z,724.680,2562,-5657.300293,-10077.900391,1440.200073,102.599998,0.9,-2.2,0,0,1,0,0,0,0,0,0,0,0,0,0,0,0,0,0
2026-03-21T16:15:37Z,724.936,2563,-5656.800293,-10078.100586,1440.200073,106.300003,0.9,-2.1,0,0,1,0,0,0,0,0,0,0,0,0,0,0,0,0,0
2026-03-21T16:15:37Z,725.245,2564,-5656.800293,-10078.100586,1440.200073,106.300003,0.9,-2.1,0,0,1,0,0,0,0,0,0,0,0,0,0,0,0,0,0
2026-03-21T16:15:37Z,725.498,2565,-5656.800293,-10078.100586,1440.200073,106.300003,0.9,-2.1,0,0,1,0,0,0,0,0,0,0,0,0,0,0,0,0,0
2026-03-21T16:15:38Z,725.757,2566,-5656.800293,-10078.100586,1440.200073,106.300003,0.9,-2.1,0,0,1,0,0,0,0,0,0,0,0,0,0,0,0,0,0
2026-03-21T16:15:38Z,726.014,2567,-5656.200195,-10078.400391,1440.200073,110.300003,0.8,-2.1,0,1,0,0,0,1,0,0,0,0,0,0,0,0,0,0,0
2026-03-21T16:15:38Z,726.250,2568,-5656.200195,-10078.400391,1440.200073,110.300003,0.8,-2.1,0,1,0,0,0,1,0,0,0,0,0,0,0,0,0,0,0
2026-03-21T16:15:38Z,726.514,2569,-5656.200195,-10078.400391,1440.200073,110.300003,0.8,-2.1,0,1,0,0,0,1,0,0,0,0,0,0,0,0,0,0,0
2026-03-21T16:15:39Z,726.772,2570,-5656.200195,-10078.400391,1440.200073,110.300003,0.8,-2.1,0,1,0,0,0,1,0,0,0,0,0,0,0,0,0,0,0
2026-03-21T16:15:39Z,727.029,2571,-5655.600098,-10078.700195,1440.200073,114,0.8,-2.1,0,1,0,0,0,1,0,0,0,0,0,0,0,0,0,0,0
2026-03-21T16:15:39Z,727.260,2572,-5655.600098,-10078.700195,1440.200073,114,0.8,-2.1,0,1,0,0,0,1,0,0,0,0,0,0,0,0,0,0,0
2026-03-21T16:15:39Z,727.513,2573,-5655.600098,-10078.700195,1440.200073,114,0.8,-2.1,0,1,0,0,0,1,0,0,0,0,0,0,0,0,0,0,0
2026-03-21T16:15:40Z,727.767,2574,-5655.600098,-10078.700195,1440.200073,114,0.8,-2.1,0,1,0,0,0,1,0,0,0,0,0,0,0,0,0,0,0
2026-03-21T16:15:40Z,727.993,2575,-5654.899902,-10079.200195,1440.200073,117.599998,0.9,-1.8,0,1,0,0,0,1,0,0,0,0,0,0,0,0,0,0,0
2026-03-21T16:15:40Z,728.265,2576,-5654.899902,-10079.200195,1440.200073,117.599998,0.9,-1.8,0,1,0,0,0,1,0,0,0,0,0,0,0,0,0,0,0
2026-03-21T16:15:40Z,728.523,2577,-5654.899902,-10079.200195,1440.200073,117.599998,0.9,-1.8,0,1,0,0,0,1,0,0,0,0,0,0,0,0,0,0,0
2026-03-21T16:15:41Z,728.776,2578,-5654.899902,-10079.200195,1440.200073,117.599998,0.9,-1.8,0,1,0,0,0,1,0,0,0,0,0,0,0,0,0,0,0
2026-03-21T16:15:41Z,729.030,2579,-5654.200195,-10079.600586,1440.200073,120.5,1.1,-1.2,0,1,0,0,0,1,0,0,0,0,0,0,0,0,0,0,0
2026-03-21T16:15:41Z,729.325,2580,-5654.200195,-10079.600586,1440.200073,120.5,1.1,-1.2,0,1,0,0,0,1,0,0,0,0,0,0,0,0,0,0,0
2026-03-21T16:15:42Z,729.586,2581,-5654.200195,-10079.600586,1440.200073,120.5,1.1,-1.2,0,1,0,0,0,1,0,0,0,0,0,0,0,0,0,0,0
2026-03-21T16:15:42Z,729.842,2582,-5654.200195,-10079.600586,1440.200073,120.5,1.1,-1.2,0,1,0,0,0,1,0,0,0,0,0,0,0,0,0,0,0
2026-03-21T16:15:42Z,730.110,2583,-5653.300293,-10080.200195,1440.200073,121.5,1.2,-1,0,1,0,0,0,0,0,0,0,0,0,0,0,0,0,0,0
2026-03-21T16:15:42Z,730.364,2584,-5653.300293,-10080.200195,1440.200073,121.5,1.2,-1,0,1,0,0,0,0,0,0,0,0,0,0,0,0,0,0,0
2026-03-21T16:15:43Z,730.618,2585,-5653.300293,-10080.200195,1440.200073,121.5,1.2,-1,0,1,0,0,0,0,0,0,0,0,0,0,0,0,0,0,0
2026-03-21T16:15:43Z,730.868,2586,-5653.300293,-10080.200195,1440.200073,121.5,1.2,-1,0,1,0,0,0,0,0,0,0,0,0,0,0,0,0,0,0
2026-03-21T16:15:43Z,731.124,2587,-5652.399902,-10080.799805,1440.200073,121.599998,0.9,-1,0,0,0,0,0,0,0,0,0,0,0,0,0,0,0,0,0
2026-03-21T16:15:43Z,731.345,2588,-5652.399902,-10080.799805,1440.200073,121.599998,0.9,-1,0,0,0,0,0,0,0,0,0,0,0,0,0,0,0,0,0
2026-03-21T16:15:44Z,731.586,2589,-5652.399902,-10080.799805,1440.200073,121.599998,0.9,-1,0,0,0,0,0,0,0,0,0,0,0,0,0,0,0,0,0
2026-03-21T16:15:44Z,731.849,2590,-5652.399902,-10080.799805,1440.200073,121.599998,0.9,-1,0,0,0,0,0,0,0,0,0,0,0,0,0,0,0,0,0
2026-03-21T16:15:44Z,732.076,2591,-5652,-10081.299805,1440.300049,113.099998,-0.3,0.8,0,0,0,0,0,0,0,0,0,0,0,0,0,0,0,0,0
2026-03-21T16:15:44Z,732.298,2592,-5652,-10081.299805,1440.300049,113.099998,-0.3,0.8,0,0,0,0,0,0,0,0,0,0,0,0,0,0,0,0,0
2026-03-21T16:15:45Z,732.552,2593,-5652,-10081.299805,1440.300049,113.099998,-0.3,0.8,0,0,0,0,0,0,0,0,0,0,0,0,0,0,0,0,0
2026-03-21T16:15:45Z,732.814,2594,-5652,-10081.299805,1440.300049,113.099998,-0.3,0.8,0,0,0,0,0,0,0,0,0,0,0,0,0,0,0,0,0
2026-03-21T16:15:45Z,733.069,2595,-5652.200195,-10081.799805,1440.300049,95,-0.5,-0.4,0,1,0,0,0,1,0,0,0,0,0,0,0,0,0,0,0
2026-03-21T16:15:45Z,733.297,2596,-5652.200195,-10081.799805,1440.300049,95,-0.5,-0.4,0,1,0,0,0,1,0,0,0,0,0,0,0,0,0,0,0
2026-03-21T16:15:46Z,733.550,2597,-5652.200195,-10081.799805,1440.300049,95,-0.5,-0.4,0,1,0,0,0,1,0,0,0,0,0,0,0,0,0,0,0
2026-03-21T16:15:46Z,733.810,2598,-5652.200195,-10081.799805,1440.300049,95,-0.5,-0.4,0,1,0,0,0,1,0,0,0,0,0,0,0,0,0,0,0
2026-03-21T16:15:46Z,734.066,2599,-5652.300293,-10082.100586,1440.200073,85.5,0.5,2.5,0,1,1,0,0,1,0,0,0,0,0,0,0,0,0,0,0
2026-03-21T16:15:46Z,734.291,2600,-5652.300293,-10082.100586,1440.200073,85.5,0.5,2.5,0,1,1,0,0,1,0,0,0,0,0,0,0,0,0,0,0
2026-03-21T16:15:47Z,734.544,2601,-5652.300293,-10082.100586,1440.200073,85.5,0.5,2.5,0,1,1,0,0,1,0,0,0,0,0,0,0,0,0,0,0
2026-03-21T16:15:47Z,734.808,2602,-5652.300293,-10082.100586,1440.200073,85.5,0.5,2.5,0,1,1,0,0,1,0,0,0,0,0,0,0,0,0,0,0
2026-03-21T16:15:47Z,735.062,2603,-5652.399902,-10082.100586,1440.200073,85.5,0.1,-1.1,0,1,1,0,0,1,0,0,0,0,0,0,0,0,0,0,0
2026-03-21T16:15:47Z,735.279,2604,-5652.399902,-10082.100586,1440.200073,85.5,0.1,-1.1,0,1,1,0,0,1,0,0,0,0,0,0,0,0,0,0,0
2026-03-21T16:15:48Z,735.536,2605,-5652.399902,-10082.100586,1440.200073,85.5,0.1,-1.1,0,1,1,0,0,1,0,0,0,0,0,0,0,0,0,0,0
2026-03-21T16:15:48Z,735.799,2606,-5652.399902,-10082.100586,1440.200073,85.5,0.1,-1.1,0,1,1,0,0,1,0,0,0,0,0,0,0,0,0,0,0
2026-03-21T16:15:48Z,736.053,2607,-5652.399902,-10082.100586,1440.300049,85.5,-0.2,-0.1,0,1,1,0,0,1,0,0,0,0,0,0,0,0,0,0,0
2026-03-21T16:15:48Z,736.273,2608,-5652.399902,-10082.100586,1440.300049,85.5,-0.2,-0.1,0,1,1,0,0,1,0,0,0,0,0,0,0,0,0,0,0
2026-03-21T16:15:48Z,736.494,2609,-5652.399902,-10082.100586,1440.300049,85.5,-0.2,-0.1,0,1,1,0,0,1,0,0,0,0,0,0,0,0,0,0,0
2026-03-21T16:15:49Z,736.746,2610,-5652.399902,-10082.100586,1440.300049,85.5,-0.2,-0.1,0,1,1,0,0,1,0,0,0,0,0,0,0,0,0,0,0
2026-03-21T16:15:49Z,737.005,2611,-5652.300293,-10082.100586,1440.200073,85.599998,0.2,-0.3,0,1,1,0,0,1,0,0,0,0,0,0,0,0,0,0,0
2026-03-21T16:15:49Z,737.240,2612,-5652.300293,-10082.100586,1440.200073,85.599998,0.2,-0.3,0,1,1,0,0,1,0,0,0,0,0,0,0,0,0,0,0
2026-03-21T16:15:49Z,737.495,2613,-5652.300293,-10082.100586,1440.200073,85.599998,0.2,-0.3,0,1,1,0,0,1,0,0,0,0,0,0,0,0,0,0,0
2026-03-21T16:15:50Z,737.754,2614,-5652.300293,-10082.100586,1440.200073,85.599998,0.2,-0.3,0,1,1,0,0,1,0,0,0,0,0,0,0,0,0,0,0
2026-03-21T16:15:50Z,738.011,2615,-5652,-10082.100586,1440.200073,85.700005,0.1,-0.2,0,1,1,0,0,1,0,0,0,0,0,0,0,0,0,0,0
2026-03-21T16:15:50Z,738.228,2616,-5652,-10082.100586,1440.200073,85.700005,0.1,-0.2,0,1,1,0,0,1,0,0,0,0,0,0,0,0,0,0,0
2026-03-21T16:15:50Z,738.483,2617,-5652,-10082.100586,1440.200073,85.700005,0.1,-0.2,0,1,1,0,0,1,0,0,0,0,0,0,0,0,0,0,0
2026-03-21T16:15:51Z,738.705,2618,-5652,-10082.100586,1440.200073,85.700005,0.1,-0.2,0,1,1,0,0,1,0,0,0,0,0,0,0,0,0,0,0
2026-03-21T16:15:51Z,738.930,2619,-5651.700195,-10082,1440.200073,85.800003,-0.2,-0.2,0,1,1,0,0,1,0,0,0,0,0,0,0,0,0,0,0
2026-03-21T16:15:51Z,739.177,2620,-5651.700195,-10082,1440.200073,85.800003,-0.2,-0.2,0,1,1,0,0,1,0,0,0,0,0,0,0,0,0,0,0
2026-03-21T16:15:51Z,739.403,2621,-5651.700195,-10082,1440.200073,85.800003,-0.2,-0.2,0,1,1,0,0,1,0,0,0,0,0,0,0,0,0,0,0
2026-03-21T16:15:52Z,739.658,2622,-5651.700195,-10082,1440.200073,85.800003,-0.2,-0.2,0,1,1,0,0,1,0,0,0,0,0,0,0,0,0,0,0
2026-03-21T16:15:52Z,739.914,2623,-5651.399902,-10082,1440.200073,84,-0.2,0.7,0,1,1,0,0,1,0,0,0,0,0,0,0,0,0,0,0
2026-03-21T16:15:52Z,740.130,2624,-5651.399902,-10082,1440.200073,84,-0.2,0.7,0,1,1,0,0,1,0,0,0,0,0,0,0,0,0,0,0
2026-03-21T16:15:52Z,740.351,2625,-5651.399902,-10082,1440.200073,84,-0.2,0.7,0,1,1,0,0,1,0,0,0,0,0,0,0,0,0,0,0
2026-03-21T16:15:53Z,740.606,2626,-5651.399902,-10082,1440.200073,84,-0.2,0.7,0,1,1,0,0,1,0,0,0,0,0,0,0,0,0,0,0
2026-03-21T16:15:53Z,740.867,2627,-5651.399902,-10082,1440.200073,84,-0.2,0.7,0,1,1,0,0,1,0,0,0,0,0,0,0,0,0,0,0
2026-03-21T16:15:53Z,741.152,2628,-5651.300293,-10082,1440.200073,83.700005,0.2,0,0,0,1,0,0,1,0,0,0,0,0,0,0,0,0,0,0
2026-03-21T16:15:53Z,741.371,2629,-5651.300293,-10082,1440.200073,83.700005,0.2,0,0,0,1,0,0,1,0,0,0,0,0,0,0,0,0,0,0
2026-03-21T16:15:54Z,741.625,2630,-5651.300293,-10082,1440.200073,83.700005,0.2,0,0,0,1,0,0,1,0,0,0,0,0,0,0,0,0,0,0
2026-03-21T16:15:54Z,741.883,2631,-5651.300293,-10082,1440.200073,83.599998,0.3,0.2,0,0,1,0,0,1,0,0,0,0,0,0,0,0,0,0,0
2026-03-21T16:15:54Z,742.165,2632,-5651.300293,-10082,1440.200073,83.599998,0.3,0.2,0,0,1,0,0,1,0,0,0,0,0,0,0,0,0,0,0
2026-03-21T16:15:54Z,742.384,2633,-5651.300293,-10082,1440.200073,83.599998,0.3,0.2,0,0,1,0,0,1,0,0,0,0,0,0,0,0,0,0,0
2026-03-21T16:15:55Z,742.647,2634,-5651.300293,-10082,1440.200073,83.599998,0.3,0.2,0,0,1,0,0,1,0,0,0,0,0,0,0,0,0,0,0
2026-03-21T16:15:55Z,742.901,2635,-5651.300293,-10082,1440.200073,83.400002,0.1,0.1,0,0,1,0,0,1,1,0,0,0,0,0,0,0,0,0,0
2026-03-21T16:15:55Z,743.160,2636,-5651.300293,-10082,1440.200073,83.400002,0.1,0.1,0,0,1,0,0,1,1,0,0,0,0,0,0,0,0,0,0
2026-03-21T16:15:55Z,743.380,2637,-5651.300293,-10082,1440.200073,83.400002,0.1,0.1,0,0,1,0,0,1,1,0,0,0,0,0,0,0,0,0,0
2026-03-21T16:15:56Z,743.637,2638,-5651.300293,-10082,1440.200073,83.400002,0.1,0.1,0,0,1,0,0,1,1,0,0,0,0,0,0,0,0,0,0
2026-03-21T16:15:56Z,743.894,2639,-5651.300293,-10082,1440.200073,83.400002,0.1,0.1,0,0,1,0,0,1,1,0,0,0,0,0,0,0,0,0,0
2026-03-21T16:15:56Z,744.179,2640,-5651.300293,-10082,1440.200073,83.300003,0.2,0.1,0,0,1,0,0,1,1,0,0,0,0,0,0,0,0,0,0
2026-03-21T16:15:56Z,744.402,2641,-5651.300293,-10082,1440.200073,83.300003,0.2,0.1,0,0,1,0,0,1,1,0,0,0,0,0,0,0,0,0,0
2026-03-21T16:15:57Z,744.655,2642,-5651.300293,-10082,1440.200073,83.300003,0.2,0.1,0,0,1,0,0,1,1,0,0,0,0,0,0,0,0,0,0
2026-03-21T16:15:57Z,744.916,2643,-5651.300293,-10082.100586,1440.200073,83.099998,0.2,0.2,0,0,1,0,0,1,0,0,0,0,0,0,0,0,0,0,0
2026-03-21T16:15:57Z,745.136,2644,-5651.300293,-10082.100586,1440.200073,83.099998,0.2,0.2,0,0,1,0,0,1,0,0,0,0,0,0,0,0,0,0,0
2026-03-21T16:15:57Z,745.357,2645,-5651.300293,-10082.100586,1440.200073,83.099998,0.2,0.2,0,0,1,0,0,1,0,0,0,0,0,0,0,0,0,0,0
2026-03-21T16:15:58Z,745.615,2646,-5651.300293,-10082.100586,1440.200073,83.099998,0.2,0.2,0,0,1,0,0,1,0,0,0,0,0,0,0,0,0,0,0
2026-03-21T16:15:58Z,745.855,2647,-5651.300293,-10082.100586,1440.200073,83.099998,0.2,0.2,0,0,1,0,0,1,0,0,0,0,0,0,0,0,0,0,0
2026-03-21T16:15:58Z,746.106,2648,-5651.300293,-10082.100586,1440.200073,83,0.1,0.1,0,0,1,0,0,1,0,0,0,0,0,0,0,0,0,0,0
2026-03-21T16:15:58Z,746.443,2649,-5651.300293,-10082.100586,1440.200073,83,0.1,0.1,0,0,1,0,0,1,0,0,0,0,0,0,0,0,0,0,0
2026-03-21T16:15:59Z,746.717,2650,-5651.300293,-10082.100586,1440.200073,83,0.1,0.1,0,0,1,0,0,1,0,0,0,0,0,0,0,0,0,0,0
2026-03-21T16:15:59Z,746.999,2651,-5651.300293,-10082.100586,1440.200073,82.800003,0.2,0.2,0,0,1,0,0,1,0,0,0,0,0,0,0,0,0,0,0
2026-03-21T16:15:59Z,747.286,2652,-5651.300293,-10082.100586,1440.200073,82.800003,0.2,0.2,0,0,1,0,0,1,0,0,0,0,0,0,0,0,0,0,0
2026-03-21T16:16:00Z,747.570,2653,-5651.300293,-10082.100586,1440.200073,82.800003,0.2,0.2,0,0,1,0,0,1,0,0,0,0,0,0,0,0,0,0,0
2026-03-21T16:16:00Z,747.859,2654,-5651.300293,-10082.100586,1440.200073,82.800003,0.2,0.2,0,0,1,0,0,1,0,0,0,0,0,0,0,0,0,0,0
2026-03-21T16:16:00Z,748.146,2655,-5651.600098,-10082.100586,1440.200073,83.099998,-2.1,-0.3,0,1,1,0,0,1,0,0,0,0,0,0,0,0,0,0,0
2026-03-21T16:16:00Z,748.431,2656,-5651.600098,-10082.100586,1440.200073,83.099998,-2.1,-0.3,0,1,1,0,0,1,0,0,0,0,0,0,0,0,0,0,0
2026-03-21T16:16:01Z,748.762,2657,-5651.600098,-10082.100586,1440.200073,83.099998,-2.1,-0.3,0,1,1,0,0,1,0,0,0,0,0,0,0,0,0,0,0
2026-03-21T16:16:01Z,749.047,2658,-5652.100098,-10082.200195,1440.200073,83.900002,-0.5,-0.2,0,1,1,0,0,1,0,0,0,0,0,0,0,0,0,0,0
2026-03-21T16:16:01Z,749.328,2659,-5652.100098,-10082.200195,1440.200073,83.900002,-0.5,-0.2,0,1,1,0,0,1,0,0,0,0,0,0,0,0,0,0,0
2026-03-21T16:16:02Z,749.705,2660,-5652.100098,-10082.200195,1440.200073,83.900002,-0.5,-0.2,0,1,1,0,0,1,0,0,0,0,0,0,0,0,0,0,0
2026-03-21T16:16:02Z,750.008,2661,-5652.800293,-10082.299805,1440.200073,85,-1.2,-0.3,0,1,1,0,0,1,0,0,0,0,0,0,0,0,0,0,0
2026-03-21T16:16:02Z,750.346,2662,-5652.800293,-10082.299805,1440.200073,85,-1.2,-0.3,0,1,1,0,0,1,0,0,0,0,0,0,0,0,0,0,0
2026-03-21T16:16:03Z,750.629,2663,-5652.800293,-10082.299805,1440.200073,85,-1.2,-0.3,0,1,1,0,0,1,0,0,0,0,0,0,0,0,0,0,0
2026-03-21T16:16:03Z,750.924,2664,-5653.800293,-10082.400391,1440.300049,86.400002,-1.6,-0.4,0,1,1,0,0,1,0,0,0,0,0,0,0,0,0,0,0
2026-03-21T16:16:03Z,751.261,2665,-5653.800293,-10082.400391,1440.300049,86.400002,-1.6,-0.4,0,1,1,0,0,1,0,0,0,0,0,0,0,0,0,0,0
2026-03-21T16:16:04Z,751.532,2666,-5653.800293,-10082.400391,1440.300049,86.400002,-1.6,-0.4,0,1,1,0,0,1,0,0,0,0,0,0,0,0,0,0,0
2026-03-21T16:16:04Z,751.897,2667,-5653.800293,-10082.400391,1440.300049,86.400002,-1.6,-0.4,0,1,1,0,0,1,0,0,0,0,0,0,0,0,0,0,0
2026-03-21T16:16:04Z,752.174,2668,-5655,-10082.5,1440.300049,86.400002,-1.4,-0.2,0,1,1,0,0,1,0,0,0,0,0,0,0,0,0,0,0
2026-03-21T16:16:05Z,752.509,2669,-5655,-10082.5,1440.300049,86.400002,-1.4,-0.2,0,1,1,0,0,1,0,0,0,0,0,0,0,0,0,0,0
2026-03-21T16:16:05Z,752.786,2670,-5655,-10082.5,1440.300049,86.400002,-1.4,-0.2,0,1,1,0,0,1,0,0,0,0,0,0,0,0,0,0,0
2026-03-21T16:16:05Z,753.065,2671,-5656.300293,-10082.5,1440.300049,84.5,-2,-1,0,1,1,0,0,0,0,0,0,0,0,0,0,1,0,0,0
2026-03-21T16:16:05Z,753.405,2672,-5656.300293,-10082.5,1440.300049,84.5,-2,-1,0,1,1,0,0,0,0,0,0,0,0,0,0,1,0,0,0
2026-03-21T16:16:06Z,753.680,2673,-5656.300293,-10082.5,1440.300049,84.5,-2,-1,0,1,1,0,0,0,0,0,0,0,0,0,0,1,0,0,0
2026-03-21T16:16:06Z,754.022,2674,-5657.600098,-10082.600586,1440.300049,82.5,-0.9,-1.2,0,0,1,0,0,0,0,0,0,0,0,0,0,0,0,0,0
2026-03-21T16:16:11Z,754.313,2675,-5657.600098,-10082.600586,1440.300049,82.5,-0.9,-1.2,0,0,1,0,0,0,0,0,0,0,0,0,0,0,0,0,0
2026-03-21T16:16:12Z,759.636,2676,-5662,-10083.200195,1440.5,76,-1.8,-1.2,0,0,1,0,0,0,0,0,0,0,0,0,0,0,0,0,0
2026-03-21T16:16:12Z,759.923,2677,-5662,-10083.200195,1440.5,76,-1.8,-1.3,0,0,1,0,0,0,0,0,0,0,0,0,0,0,0,0,0
2026-03-21T16:16:12Z,760.231,2678,-5662,-10083.200195,1440.5,76,-1.8,-1.3,0,0,1,0,0,0,0,0,0,0,0,0,0,0,0,0,0
2026-03-21T16:16:13Z,760.535,2679,-5662,-10083.200195,1440.5,76,-1.8,-1.3,0,0,1,0,0,0,0,0,0,0,0,0,0,0,0,0,0
2026-03-21T16:16:13Z,760.878,2680,-5662,-10083.200195,1440.5,76,-1.8,-1.3,0,0,1,0,0,0,0,0,0,0,0,0,0,0,0,0,0
2026-03-21T16:16:13Z,761.157,2681,-5662,-10083.200195,1440.5,75.200005,-1.5,-1.1,0,0,1,0,0,0,0,0,0,0,0,0,0,0,0,0,0
2026-03-21T16:16:14Z,761.494,2682,-5662,-10083.200195,1440.5,75.200005,-1.5,-1.1,0,0,1,0,0,0,0,0,0,0,0,0,0,0,0,0,0
2026-03-21T16:16:14Z,761.837,2683,-5662,-10083.200195,1440.5,75.200005,-1.5,-1.1,0,0,1,0,0,0,0,0,0,0,0,0,0,0,0,0,0
2026-03-21T16:16:14Z,762.135,2684,-5661.800293,-10083.100586,1440.5,73.400002,-1.7,-1.1,0,0,1,0,0,0,0,0,0,0,0,0,0,0,0,0,0
2026-03-21T16:16:14Z,762.477,2685,-5661.800293,-10083.100586,1440.5,73.400002,-1.7,-1.1,0,0,1,0,0,0,0,0,0,0,0,0,0,0,0,0,0
2026-03-21T16:16:15Z,762.767,2686,-5661.800293,-10083.100586,1440.5,73.400002,-1.7,-1.1,0,0,1,0,0,0,0,0,0,0,0,0,0,0,0,0,0
2026-03-21T16:16:15Z,763.058,2687,-5661.700195,-10083,1440.5,70.900002,-1.7,-1,0,0,0,0,0,0,0,0,0,0,0,0,0,0,0,0,0
2026-03-21T16:16:15Z,763.392,2688,-5661.700195,-10083,1440.5,70.900002,-1.7,-1,0,0,0,0,0,0,0,0,0,0,0,0,0,0,0,0,0
2026-03-21T16:16:16Z,763.697,2689,-5661.700195,-10083,1440.5,70.900002,-1.7,-1,0,0,0,0,0,0,0,0,0,0,0,0,0,0,0,0,0
2026-03-21T16:16:16Z,764.012,2690,-5661.5,-10082.799805,1440.5,67.400002,-1.7,-0.8,0,0,0,0,0,0,0,0,0,0,0,0,0,0,1,0,0
2026-03-21T16:16:16Z,764.387,2691,-5661.5,-10082.799805,1440.5,67.400002,-1.7,-0.8,0,0,0,0,0,0,0,0,0,0,0,0,0,0,1,0,0
2026-03-21T16:16:17Z,764.700,2692,-5661.5,-10082.799805,1440.5,67.400002,-1.7,-0.8,0,0,0,0,0,0,0,0,0,0,0,0,0,0,1,0,0
2026-03-21T16:16:17Z,765.061,2693,-5661.200195,-10082.600586,1440.5,63.100002,-1.8,-0.6,0,0,1,0,0,0,0,0,0,0,0,0,0,0,1,0,0
2026-03-21T16:16:17Z,765.401,2694,-5661.200195,-10082.600586,1440.5,63.100002,-1.8,-0.6,0,0,1,0,0,0,0,0,0,0,0,0,0,0,1,0,0
2026-03-21T16:16:18Z,765.697,2695,-5661.200195,-10082.600586,1440.5,63.100002,-1.8,-0.6,0,0,1,0,0,0,0,0,0,0,0,0,0,0,1,0,0
2026-03-21T16:16:18Z,765.997,2696,-5660.899902,-10082.299805,1440.400024,58,-1.8,-0.4,0,0,0,0,0,0,0,0,0,0,0,0,0,0,1,0,0
2026-03-21T16:16:18Z,766.358,2697,-5660.899902,-10082.299805,1440.400024,58,-1.8,-0.4,0,0,0,0,0,0,0,0,0,0,0,0,0,0,1,0,0
2026-03-21T16:16:19Z,766.659,2698,-5660.899902,-10082.299805,1440.400024,58,-1.8,-0.4,0,0,0,0,0,0,0,0,0,0,0,0,0,0,1,0,0
2026-03-21T16:16:19Z,767.007,2699,-5660.600098,-10081.900391,1440.400024,52.600002,-1.8,-0.2,0,0,0,0,0,0,0,0,0,0,0,0,0,0,0,0,0
2026-03-21T16:16:19Z,767.345,2700,-5660.600098,-10081.900391,1440.400024,52.600002,-1.8,-0.2,0,0,0,0,0,0,0,0,0,0,0,0,0,0,0,0,0
2026-03-21T16:16:20Z,767.698,2701,-5660.600098,-10081.900391,1440.400024,52.600002,-1.8,-0.2,0,0,0,0,0,0,0,0,0,0,0,0,0,0,0,0,0
2026-03-21T16:16:20Z,768.080,2702,-5660.399902,-10081.5,1440.400024,46,-1.7,0,0,0,0,0,0,0,0,0,0,0,0,0,0,0,1,0,0
2026-03-21T16:16:21Z,768.432,2703,-5660.399902,-10081.5,1440.400024,46,-1.7,0,0,0,0,0,0,0,0,0,0,0,0,0,0,0,1,0,0
2026-03-21T16:16:21Z,768.814,2704,-5660.399902,-10081.5,1440.400024,46,-1.7,0,0,0,0,0,0,0,0,0,0,0,0,0,0,0,1,0,0
2026-03-21T16:16:21Z,769.109,2705,-5660.100098,-10080.900391,1440.400024,38,-1.7,0.2,0,0,0,0,0,0,0,0,0,0,0,0,0,0,0,0,0
2026-03-21T16:16:22Z,769.449,2706,-5660.100098,-10080.900391,1440.400024,38,-1.7,0.2,0,0,0,0,0,0,0,0,0,0,0,0,0,0,0,0,0
2026-03-21T16:16:22Z,769.824,2707,-5660.100098,-10080.900391,1440.400024,38,-1.7,0.2,0,0,0,0,0,0,0,0,0,0,0,0,0,0,0,0,0
2026-03-21T16:16:22Z,770.118,2708,-5659.800293,-10080.100586,1440.300049,28.800001,-1.6,0.5,0,0,1,0,0,0,0,0,0,0,0,0,0,0,0,0,0
2026-03-21T16:16:22Z,770.424,2709,-5659.800293,-10080.100586,1440.300049,28.800001,-1.6,0.5,0,0,1,0,0,0,0,0,0,0,0,0,0,0,0,0,0
2026-03-21T16:16:23Z,770.724,2710,-5659.800293,-10080.100586,1440.300049,28.800001,-1.6,0.5,0,0,1,0,0,0,0,0,0,0,0,0,0,0,0,0,0
2026-03-21T16:16:23Z,771.102,2711,-5659.700195,-10079.400391,1440.300049,20.9,-1.6,0.8,0,0,0,0,0,0,0,0,0,0,0,0,0,0,0,0,0
2026-03-21T16:16:24Z,771.451,2712,-5659.700195,-10079.400391,1440.300049,20.9,-1.6,0.8,0,0,0,0,0,0,0,0,0,0,0,0,0,0,0,0,0
2026-03-21T16:16:24Z,771.790,2713,-5659.700195,-10079.400391,1440.300049,20.9,-1.6,0.8,0,0,0,0,0,0,0,0,0,0,0,0,0,0,0,0,0
2026-03-21T16:16:24Z,772.093,2714,-5659.5,-10078.400391,1440.200073,16.700001,-1.3,0.2,0,0,0,0,0,0,0,0,0,0,0,0,0,0,0,0,0
2026-03-21T16:16:25Z,772.427,2715,-5659.5,-10078.400391,1440.200073,16.700001,-1.3,0.2,0,0,0,0,0,0,0,0,0,0,0,0,0,0,0,0,0
2026-03-21T16:16:25Z,772.804,2716,-5659.5,-10078.400391,1440.200073,16.700001,-1.3,0.2,0,0,0,0,0,0,0,0,0,0,0,0,0,0,0,0,0
2026-03-21T16:16:25Z,773.172,2717,-5659.200195,-10077.299805,1440.200073,14.2,-1.6,0.3,0,1,0,0,0,0,0,0,0,0,0,0,0,0,0,0,0
2026-03-21T16:16:26Z,773.514,2718,-5659.200195,-10077.299805,1440.200073,14.2,-1.6,0.3,0,1,0,0,0,0,0,0,0,0,0,0,0,0,0,0,0
2026-03-21T16:16:26Z,773.861,2719,-5659.200195,-10077.299805,1440.200073,14.2,-1.6,0.3,0,1,0,0,0,0,0,0,0,0,0,0,0,0,0,0,0
2026-03-21T16:16:26Z,774.190,2720,-5658.800293,-10075.799805,1440.099976,14,-1.6,-0.3,0,0,0,0,0,0,0,0,0,0,0,0,0,0,0,0,0
2026-03-21T16:16:27Z,774.484,2721,-5658.800293,-10075.799805,1440.099976,14,-1.6,-0.3,0,0,0,0,0,0,0,0,0,0,0,0,0,0,0,0,0
2026-03-21T16:16:27Z,774.802,2722,-5658.800293,-10075.799805,1440.099976,14,-1.6,-0.3,0,0,0,0,0,0,0,0,0,0,0,0,0,0,0,0,0
2026-03-21T16:16:27Z,775.085,2723,-5658.5,-10074.400391,1440,14.400001,-2.5,-0.5,0,0,0,0,0,0,0,0,0,0,0,0,0,0,0,0,0
2026-03-21T16:16:27Z,775.428,2724,-5658.5,-10074.400391,1440,14.400001,-2.5,-0.5,0,0,0,0,0,0,0,0,0,0,0,0,0,0,0,0,0
2026-03-21T16:16:28Z,775.713,2725,-5658.5,-10074.400391,1440,14.400001,-2.5,-0.5,0,0,0,0,0,0,0,0,0,0,0,0,0,0,0,0,0
2026-03-21T16:16:28Z,776.027,2726,-5658,-10073.400391,1440,10.900001,-2,0.7,0,0,0,0,0,0,0,0,0,0,0,0,0,0,0,0,0
2026-03-21T16:16:28Z,776.367,2727,-5658,-10073.400391,1440,10.900001,-2,0.7,0,0,0,0,0,0,0,0,0,0,0,0,0,0,0,0,0
2026-03-21T16:16:29Z,776.644,2728,-5658,-10073.400391,1440,10.900001,-2,0.7,0,0,0,0,0,0,0,0,0,0,0,0,0,0,0,0,0
2026-03-21T16:16:29Z,776.941,2729,-5657.700195,-10073.200195,1440,8.400001,-1.5,1.2,0,0,0,0,0,0,0,0,0,0,0,0,0,0,0,0,0
2026-03-21T16:16:29Z,777.240,2730,-5657.700195,-10073.200195,1440,8.400001,-1.5,1.2,0,0,0,0,0,0,0,0,0,0,0,0,0,0,0,0,0
2026-03-21T16:16:30Z,777.514,2731,-5657.700195,-10073.200195,1440,8.400001,-1.5,1.2,0,0,0,0,0,0,0,0,0,0,0,0,0,0,0,0,0
2026-03-21T16:16:30Z,777.802,2732,-5657.700195,-10073.200195,1440,8.400001,-1.5,1.2,0,0,0,0,0,0,0,0,0,0,0,0,0,0,0,0,0
2026-03-21T16:16:30Z,778.118,2733,-5657.700195,-10073.200195,1440,8.2,-1.6,0.2,0,0,0,0,0,0,0,0,0,0,0,0,0,0,0,0,0
2026-03-21T16:16:30Z,778.411,2734,-5657.700195,-10073.200195,1440,8.2,-1.6,0.2,0,0,0,0,0,0,0,0,0,0,0,0,0,0,0,0,0
2026-03-21T16:16:31Z,778.701,2735,-5657.700195,-10073.200195,1440,8.2,-1.6,0.2,0,0,0,0,0,0,0,0,0,0,0,0,0,0,0,0,0
2026-03-21T16:16:31Z,778.973,2736,-5657.700195,-10073.200195,1440,7.9,-1.2,0.4,0,0,0,0,0,0,0,0,0,0,0,0,0,0,0,0,0
2026-03-21T16:16:31Z,779.262,2737,-5657.700195,-10073.200195,1440,7.9,-1.2,0.4,0,0,0,0,0,0,0,0,0,0,0,0,0,0,0,0,0
2026-03-21T16:16:32Z,779.576,2738,-5657.700195,-10073.200195,1440,7.9,-1.2,0.4,0,0,0,0,0,0,0,0,0,0,0,0,0,0,0,0,0
2026-03-21T16:16:32Z,779.916,2739,-5657.700195,-10073.200195,1440,7.6,-1.5,0.3,0,0,0,0,0,0,0,0,0,0,0,0,0,0,0,0,0
2026-03-21T16:16:32Z,780.247,2740,-5657.700195,-10073.200195,1440,7.6,-1.5,0.3,0,0,0,0,0,0,0,0,0,0,0,0,0,0,0,0,0
2026-03-21T16:16:33Z,780.538,2741,-5657.700195,-10073.200195,1440,7.6,-1.5,0.3,0,0,0,0,0,0,0,0,0,0,0,0,0,0,0,0,0
2026-03-21T16:16:33Z,780.826,2742,-5657.700195,-10073.200195,1440,7.6,-1.5,0.3,0,0,0,0,0,0,0,0,0,0,0,0,0,0,0,0,0
2026-03-21T16:16:33Z,781.149,2743,-5657.700195,-10073.200195,1440,7.4,-1.3,0.3,1,0,0,0,0,0,0,0,0,0,0,0,0,0,0,0,0
2026-03-21T16:16:34Z,781.487,2744,-5657.700195,-10073.200195,1440,7.4,-1.3,0.3,1,0,0,0,0,0,0,0,0,0,0,0,0,0,0,0,0
2026-03-21T16:16:34Z,781.785,2745,-5657.700195,-10073.200195,1440,7.4,-1.3,0.3,1,0,0,0,0,0,0,0,0,0,0,0,0,0,0,0,0
2026-03-21T16:16:34Z,782.128,2746,-5657.700195,-10073.200195,1440,7.1,-1.4,0.4,0,0,0,0,0,0,0,0,0,0,0,0,0,0,0,0,0
2026-03-21T16:16:34Z,782.418,2747,-5657.700195,-10073.200195,1440,7.1,-1.4,0.4,0,0,0,0,0,0,0,0,0,0,0,0,0,0,0,0,0
2026-03-21T16:16:35Z,782.712,2748,-5657.700195,-10073.200195,1440,7.1,-1.4,0.4,0,0,0,0,0,0,0,0,0,0,0,0,0,0,0,0,0
2026-03-21T16:16:35Z,782.979,2749,-5657.700195,-10073.100586,1440,6.9,-1.4,0.3,0,0,0,0,0,0,0,0,0,0,0,0,0,0,0,0,0
2026-03-21T16:16:35Z,783.318,2750,-5657.700195,-10073.100586,1440,6.9,-1.4,0.3,0,0,0,0,0,0,0,0,0,0,0,0,0,0,0,0,0
2026-03-21T16:16:36Z,783.622,2751,-5657.700195,-10073.100586,1440,6.9,-1.4,0.3,0,0,0,0,0,0,0,0,0,0,0,0,0,0,0,0,0
2026-03-21T16:16:36Z,783.961,2752,-5657.700195,-10073.299805,1440,6.4,-4.1,-0.4,0,0,0,0,0,0,0,0,0,0,0,0,0,0,0,0,0
2026-03-21T16:16:36Z,784.247,2753,-5657.700195,-10073.299805,1440,6.4,-4.1,-0.4,0,0,0,0,0,0,0,0,0,0,0,0,0,0,0,0,0
2026-03-21T16:16:37Z,784.583,2754,-5657.700195,-10073.299805,1440,6.4,-4.1,-0.4,0,0,0,0,0,0,0,0,0,0,0,0,0,0,0,0,0
2026-03-21T16:16:37Z,784.879,2755,-5657.700195,-10073.299805,1440,6.4,-4.1,-0.4,0,0,0,0,0,0,0,0,0,0,0,0,0,0,0,0,0
2026-03-21T16:16:37Z,785.203,2756,-5657.700195,-10073.799805,1440,5.6,-2.7,-0.2,0,0,0,0,0,0,0,0,0,0,0,0,0,0,0,0,0
2026-03-21T16:16:38Z,785.490,2757,-5657.700195,-10073.799805,1440,5.6,-2.7,-0.2,0,0,0,0,0,0,0,0,0,0,0,0,0,0,0,0,0
2026-03-21T16:16:38Z,785.789,2758,-5657.700195,-10073.799805,1440,5.6,-2.7,-0.2,0,0,0,0,0,0,0,0,0,0,0,0,0,0,0,0,0
2026-03-21T16:16:38Z,786.119,2759,-5657.800293,-10074.600586,1440,4.4,-3.3,-0.2,0,0,0,0,0,0,0,0,0,0,0,0,0,0,0,0,0
2026-03-21T16:16:38Z,786.421,2760,-5657.800293,-10074.600586,1440,4.4,-3.3,-0.2,0,0,0,0,0,0,0,0,0,0,0,0,0,0,0,0,0
2026-03-21T16:16:39Z,786.762,2761,-5657.800293,-10074.600586,1440,4.4,-3.3,-0.2,0,0,0,0,0,0,0,0,0,0,0,0,0,0,0,0,0
2026-03-21T16:16:39Z,787.073,2762,-5657.899902,-10075.600586,1440.099976,2.9,-3.4,0,0,1,0,0,0,1,0,0,0,0,0,0,0,0,0,0,0
2026-03-21T16:16:39Z,787.411,2763,-5657.899902,-10075.600586,1440.099976,2.9,-3.4,0,0,1,0,0,0,1,0,0,0,0,0,0,0,0,0,0,0
2026-03-21T16:16:40Z,787.701,2764,-5657.899902,-10075.600586,1440.099976,2.9,-3.4,0,0,1,0,0,0,1,0,0,0,0,0,0,0,0,0,0,0
2026-03-21T16:16:40Z,788.006,2765,-5658,-10076.900391,1440.200073,0.9,-2.8,0.1,0,1,0,0,0,1,0,0,0,0,0,0,0,0,0,0,0
2026-03-21T16:16:40Z,788.366,2766,-5658,-10076.900391,1440.200073,0.9,-2.8,0.1,0,1,0,0,0,1,0,0,0,0,0,0,0,0,0,0,0
2026-03-21T16:16:41Z,788.654,2767,-5658,-10076.900391,1440.200073,0.9,-2.8,0.1,0,1,0,0,0,1,0,0,0,0,0,0,0,0,0,0,0
2026-03-21T16:16:41Z,789.021,2768,-5658.100098,-10078.5,1440.200073,358.5,-2.4,0.4,0,0,0,0,0,0,0,0,0,0,0,0,0,0,0,0,0
2026-03-21T16:16:41Z,789.350,2769,-5658.100098,-10078.5,1440.200073,358.5,-2.4,0.4,0,0,0,0,0,0,0,0,0,0,0,0,0,0,0,0,0
2026-03-21T16:16:42Z,789.630,2770,-5658.100098,-10078.5,1440.200073,358.5,-2.4,0.4,0,0,0,0,0,0,0,0,0,0,0,0,0,0,0,0,0
2026-03-21T16:16:42Z,789.916,2771,-5658.100098,-10078.5,1440.200073,358.5,-2.4,0.4,0,0,0,0,0,0,0,0,0,0,0,0,0,0,0,0,0
2026-03-21T16:16:42Z,790.197,2772,-5658.100098,-10080.100586,1440.300049,356.200012,-1.1,0.7,0,0,0,0,0,0,0,0,0,0,0,0,0,0,0,0,0
2026-03-21T16:16:43Z,790.490,2773,-5658.100098,-10080.100586,1440.300049,356.200012,-1.1,0.7,0,0,0,0,0,0,0,0,0,0,0,0,0,0,0,0,0
2026-03-21T16:16:43Z,790.832,2774,-5658.100098,-10080.100586,1440.300049,356.200012,-1.1,0.7,0,0,0,0,0,0,0,0,0,0,0,0,0,0,0,0,0
2026-03-21T16:16:48Z,791.112,2775,-5658,-10081.700195,1440.300049,354,-1,0.8,0,0,0,0,0,0,0,0,0,0,0,0,0,0,0,0,0
2026-03-21T16:16:48Z,796.465,2776,-5657.600098,-10085.5,1440.400024,348.5,0.3,1.5,0,0,0,0,0,0,0,0,0,0,0,0,0,0,0,0,0
2026-03-21T16:16:49Z,796.720,2777,-5657.600098,-10085.5,1440.400024,348.5,0.3,1.5,0,0,0,0,0,0,0,0,0,0,0,0,0,0,0,0,0
2026-03-21T16:16:49Z,796.974,2778,-5657.600098,-10085.5,1440.400024,348.5,0.1,1.5,0,0,0,0,0,0,0,0,0,0,0,0,0,0,0,0,0
2026-03-21T16:16:49Z,797.229,2779,-5657.600098,-10085.5,1440.400024,348.5,0.1,1.5,0,0,0,0,0,0,0,0,0,0,0,0,0,0,0,0,0
2026-03-21T16:16:49Z,797.487,2780,-5657.600098,-10085.5,1440.400024,348.5,0.1,1.5,0,0,0,0,0,0,0,0,0,0,0,0,0,0,0,0,0
2026-03-21T16:16:50Z,797.742,2781,-5657.600098,-10085.5,1440.400024,348.5,0.1,1.5,0,0,0,0,0,0,0,0,0,0,0,0,0,0,0,0,0
2026-03-21T16:16:50Z,797.978,2782,-5657.600098,-10085.400391,1440.400024,349.100006,0.5,1.4,0,0,0,0,0,0,0,0,0,0,0,0,0,0,0,0,0
2026-03-21T16:16:50Z,798.215,2783,-5657.600098,-10085.400391,1440.400024,349.100006,0.5,1.4,0,0,0,0,0,0,0,0,0,0,0,0,0,0,0,0,0
2026-03-21T16:16:50Z,798.466,2784,-5657.600098,-10085.400391,1440.400024,349.100006,0.5,1.4,0,0,0,0,0,0,0,0,0,0,0,0,0,0,0,0,0
2026-03-21T16:16:51Z,798.720,2785,-5657.600098,-10085.400391,1440.400024,349.100006,0.5,1.4,0,0,0,0,0,0,0,0,0,0,0,0,0,0,0,0,0
2026-03-21T16:16:51Z,798.979,2786,-5657.600098,-10085.299805,1440.400024,350.899994,0.1,1.4,0,0,0,0,0,0,0,0,0,0,0,0,0,0,0,0,0
2026-03-21T16:16:51Z,799.217,2787,-5657.600098,-10085.299805,1440.400024,350.899994,0.1,1.4,0,0,0,0,0,0,0,0,0,0,0,0,0,0,0,0,0
2026-03-21T16:16:51Z,799.476,2788,-5657.600098,-10085.299805,1440.400024,350.899994,0.1,1.4,0,0,0,0,0,0,0,0,0,0,0,0,0,0,0,0,0
2026-03-21T16:16:52Z,799.714,2789,-5657.600098,-10085.299805,1440.400024,350.899994,0.1,1.4,0,0,0,0,0,0,0,0,0,0,0,0,0,0,0,0,0
2026-03-21T16:16:52Z,799.951,2790,-5657.600098,-10085.299805,1440.400024,350.899994,0.1,1.4,0,0,0,0,0,0,0,0,0,0,0,0,0,0,0,0,0
2026-03-21T16:16:52Z,800.191,2791,-5657.5,-10085.100586,1440.400024,353.600006,0.1,1.3,0,0,0,0,0,0,0,0,0,0,0,0,0,0,0,0,0
2026-03-21T16:16:52Z,800.429,2792,-5657.5,-10085.100586,1440.400024,353.600006,0.1,1.3,0,0,0,0,0,0,0,0,0,0,0,0,0,0,0,0,0
2026-03-21T16:16:53Z,800.691,2793,-5657.5,-10085.100586,1440.400024,353.600006,0.1,1.3,0,0,0,0,0,0,0,0,0,0,0,0,0,0,0,0,0
2026-03-21T16:16:53Z,800.931,2794,-5657.5,-10084.799805,1440.400024,357,-0.1,1.3,0,0,0,0,0,0,0,0,0,0,0,0,0,0,0,0,0
2026-03-21T16:16:53Z,801.163,2795,-5657.5,-10084.799805,1440.400024,357,-0.1,1.3,0,0,0,0,0,0,0,0,0,0,0,0,0,0,0,0,0
2026-03-21T16:16:53Z,801.422,2796,-5657.5,-10084.799805,1440.400024,357,-0.1,1.3,0,0,0,0,0,0,0,0,0,0,0,0,0,0,0,0,0
2026-03-21T16:16:54Z,801.662,2797,-5657.5,-10084.799805,1440.400024,357,-0.1,1.3,0,0,0,0,0,0,0,0,0,0,0,0,0,0,0,0,0
2026-03-21T16:16:54Z,801.922,2798,-5657.399902,-10084.5,1440.400024,1.3,-0.2,1.2,0,0,0,0,0,0,0,0,0,0,0,0,0,0,0,0,0
2026-03-21T16:16:54Z,802.157,2799,-5657.399902,-10084.5,1440.400024,1.3,-0.2,1.2,0,0,0,0,0,0,0,0,0,0,0,0,0,0,0,0,0
2026-03-21T16:16:54Z,802.389,2800,-5657.399902,-10084.5,1440.400024,1.3,-0.2,1.2,0,0,0,0,0,0,0,0,0,0,0,0,0,0,0,0,0
2026-03-21T16:16:55Z,802.646,2801,-5657.399902,-10084.5,1440.400024,1.3,-0.2,1.2,0,0,0,0,0,0,0,0,0,0,0,0,0,0,0,0,0
2026-03-21T16:16:55Z,802.916,2802,-5657.200195,-10084.100586,1440.400024,6.1,-0.4,1.1,0,0,0,0,0,0,0,0,0,0,0,0,0,0,0,0,0
2026-03-21T16:16:55Z,803.155,2803,-5657.200195,-10084.100586,1440.400024,6.1,-0.4,1.1,0,0,0,0,0,0,0,0,0,0,0,0,0,0,0,0,0
2026-03-21T16:16:55Z,803.408,2804,-5657.200195,-10084.100586,1440.400024,6.1,-0.4,1.1,0,0,0,0,0,0,0,0,0,0,0,0,0,0,0,0,0
2026-03-21T16:16:56Z,803.663,2805,-5657.200195,-10084.100586,1440.400024,6.1,-0.4,1.1,0,0,0,0,0,0,0,0,0,0,0,0,0,0,0,0,0
2026-03-21T16:16:56Z,803.923,2806,-5657,-10083.700195,1440.400024,11.6,-0.5,0.9,0,0,0,0,0,0,0,0,0,0,0,0,0,0,0,0,0
2026-03-21T16:16:56Z,804.156,2807,-5657,-10083.700195,1440.400024,11.6,-0.5,0.9,0,0,0,0,0,0,0,0,0,0,0,0,0,0,0,0,0
2026-03-21T16:16:56Z,804.397,2808,-5657,-10083.700195,1440.400024,11.6,-0.5,0.9,0,0,0,0,0,0,0,0,0,0,0,0,0,0,0,0,0
2026-03-21T16:16:57Z,804.656,2809,-5657,-10083.700195,1440.400024,11.6,-0.5,0.9,0,0,0,0,0,0,0,0,0,0,0,0,0,0,0,0,0
2026-03-21T16:16:57Z,804.916,2810,-5657,-10083.700195,1440.400024,11.6,-0.5,0.9,0,0,0,0,0,0,0,0,0,0,0,0,0,0,0,0,0
2026-03-21T16:16:57Z,805.150,2811,-5656.700195,-10083.299805,1440.300049,18.200001,-0.6,0.7,0,0,0,0,1,0,0,0,0,0,0,0,0,0,0,0,0
2026-03-21T16:16:57Z,805.386,2812,-5656.700195,-10083.299805,1440.300049,18.200001,-0.6,0.7,0,0,0,0,1,0,0,0,0,0,0,0,0,0,0,0,0
2026-03-21T16:16:58Z,805.624,2813,-5656.700195,-10083.299805,1440.300049,18.200001,-0.6,0.7,0,0,0,0,1,0,0,0,0,0,0,0,0,0,0,0,0
2026-03-21T16:16:58Z,805.861,2814,-5656.700195,-10083.299805,1440.300049,18.200001,-0.6,0.7,0,0,0,0,1,0,0,0,0,0,0,0,0,0,0,0,0
2026-03-21T16:16:58Z,806.141,2815,-5656.399902,-10082.900391,1440.300049,24.300001,-0.7,0.5,0,0,0,0,1,0,0,0,0,0,0,0,0,0,0,0,0
2026-03-21T16:16:58Z,806.384,2816,-5656.399902,-10082.900391,1440.300049,24.300001,-0.7,0.5,0,0,0,0,1,0,0,0,0,0,0,0,0,0,0,0,0
2026-03-21T16:16:59Z,806.636,2817,-5656.399902,-10082.900391,1440.300049,24.300001,-0.7,0.5,0,0,0,0,1,0,0,0,0,0,0,0,0,0,0,0,0
2026-03-21T16:16:59Z,806.899,2818,-5656.399902,-10082.900391,1440.300049,24.300001,-0.7,0.5,0,0,0,0,1,0,0,0,0,0,0,0,0,0,0,0,0
2026-03-21T16:16:59Z,807.134,2819,-5656,-10082.400391,1440.300049,32,-0.8,0.3,0,0,0,0,0,0,0,0,0,0,0,0,0,0,0,0,0
2026-03-21T16:16:59Z,807.369,2820,-5656,-10082.400391,1440.300049,32,-0.8,0.3,0,0,0,0,0,0,0,0,0,0,0,0,0,0,0,0,0
2026-03-21T16:17:00Z,807.622,2821,-5656,-10082.400391,1440.300049,32,-0.8,0.3,0,0,0,0,0,0,0,0,0,0,0,0,0,0,0,0,0
2026-03-21T16:17:00Z,807.871,2822,-5656,-10082.400391,1440.300049,32,-0.8,0.3,0,0,0,0,0,0,0,0,0,0,0,0,0,0,0,0,0
2026-03-21T16:17:00Z,808.127,2823,-5655.5,-10082,1440.300049,39.700001,-0.9,0,0,0,0,0,0,0,0,0,0,0,0,0,0,0,0,0,0
2026-03-21T16:17:00Z,808.362,2824,-5655.5,-10082,1440.300049,39.700001,-0.9,0,0,0,0,0,0,0,0,0,0,0,0,0,0,0,0,0,0
2026-03-21T16:17:01Z,808.598,2825,-5655.5,-10082,1440.300049,39.700001,-0.9,0,0,0,0,0,0,0,0,0,0,0,0,0,0,0,0,0,0
2026-03-21T16:17:01Z,808.837,2826,-5655.5,-10082,1440.300049,39.700001,-0.9,0,0,0,0,0,0,0,0,0,0,0,0,0,0,0,0,0,0
2026-03-21T16:17:01Z,809.123,2827,-5654.899902,-10081.700195,1440.300049,47.700001,-0.8,-0.3,0,0,0,1,0,0,0,0,0,0,0,0,0,0,0,0,0
2026-03-21T16:17:01Z,809.360,2828,-5654.899902,-10081.700195,1440.300049,47.700001,-0.8,-0.3,0,0,0,1,0,0,0,0,0,0,0,0,0,0,0,0,0
2026-03-21T16:17:02Z,809.620,2829,-5654.899902,-10081.700195,1440.300049,47.700001,-0.8,-0.3,0,0,0,1,0,0,0,0,0,0,0,0,0,0,0,0,0
2026-03-21T16:17:02Z,809.915,2830,-5654.899902,-10081.700195,1440.300049,47.700001,-0.8,-0.3,0,0,0,1,0,0,0,0,0,0,0,0,0,0,0,0,0
2026-03-21T16:17:02Z,810.185,2831,-5654.200195,-10081.400391,1440.200073,56.400002,-0.7,-0.6,0,0,0,1,0,0,0,0,0,0,0,0,0,0,0,0,1
2026-03-21T16:17:02Z,810.412,2832,-5654.200195,-10081.400391,1440.200073,56.400002,-0.7,-0.6,0,0,0,1,0,0,0,0,0,0,0,0,0,0,0,0,1
2026-03-21T16:17:03Z,810.649,2833,-5654.200195,-10081.400391,1440.200073,56.400002,-0.7,-0.6,0,0,0,1,0,0,0,0,0,0,0,0,0,0,0,0,1
2026-03-21T16:17:03Z,810.907,2834,-5654.200195,-10081.400391,1440.200073,56.400002,-0.7,-0.6,0,0,0,1,0,0,0,0,0,0,0,0,0,0,0,0,1
2026-03-21T16:17:03Z,811.180,2835,-5653.5,-10081.200195,1440.200073,64.5,-0.3,-0.6,0,0,0,1,0,0,1,0,0,0,0,0,0,0,1,0,0
2026-03-21T16:17:03Z,811.444,2836,-5653.5,-10081.200195,1440.200073,64.5,-0.3,-0.6,0,0,0,1,0,0,1,0,0,0,0,0,0,0,1,0,0
2026-03-21T16:17:04Z,811.702,2837,-5653.5,-10081.200195,1440.200073,64.5,-0.3,-0.6,0,0,0,1,0,0,1,0,0,0,0,0,0,0,1,0,0
2026-03-21T16:17:04Z,811.964,2838,-5652.700195,-10081.100586,1440.200073,73.599998,-0.1,-0.9,0,0,1,1,0,0,1,0,0,0,0,0,0,0,1,0,1
2026-03-21T16:17:04Z,812.209,2839,-5652.700195,-10081.100586,1440.200073,73.599998,-0.1,-0.9,0,0,1,1,0,0,1,0,0,0,0,0,0,0,1,0,1
2026-03-21T16:17:04Z,812.465,2840,-5652.700195,-10081.100586,1440.200073,73.599998,-0.1,-0.9,0,0,1,1,0,0,1,0,0,0,0,0,0,0,1,0,1
2026-03-21T16:17:05Z,812.731,2841,-5652.700195,-10081.100586,1440.200073,73.599998,-0.1,-0.9,0,0,1,1,0,0,1,0,0,0,0,0,0,0,1,0,1
2026-03-21T16:17:05Z,812.987,2842,-5651.899902,-10081.200195,1440.200073,83.099998,0,-1.1,0,1,1,1,0,1,1,0,0,0,0,0,0,1,1,0,0
2026-03-21T16:17:05Z,813.217,2843,-5651.899902,-10081.200195,1440.200073,83.099998,0,-1.1,0,1,1,1,0,1,1,0,0,0,0,0,0,1,1,0,0
2026-03-21T16:17:05Z,813.458,2844,-5651.899902,-10081.200195,1440.200073,83.099998,0,-1.1,0,1,1,1,0,1,1,0,0,0,0,0,0,1,1,0,0
2026-03-21T16:17:06Z,813.718,2845,-5651.899902,-10081.200195,1440.200073,83.099998,0,-1.1,0,1,1,1,0,1,1,0,0,0,0,0,0,1,1,0,0
2026-03-21T16:17:06Z,814.003,2846,-5651.300293,-10081.299805,1440.300049,90.400002,1.8,-0.1,0,0,1,0,0,1,0,0,0,0,0,0,0,0,0,0,0
2026-03-21T16:17:06Z,814.241,2847,-5651.300293,-10081.299805,1440.300049,90.400002,1.8,-0.1,0,0,1,0,0,1,0,0,0,0,0,0,0,0,0,0,0
2026-03-21T16:17:06Z,814.499,2848,-5651.300293,-10081.299805,1440.300049,90.400002,1.8,-0.1,0,0,1,0,0,1,0,0,0,0,0,0,0,0,0,0,0
2026-03-21T16:17:07Z,814.731,2849,-5651.300293,-10081.299805,1440.300049,90.400002,1.8,-0.1,0,0,1,0,0,1,0,0,0,0,0,0,0,0,0,0,0
2026-03-21T16:17:07Z,814.993,2850,-5651.399902,-10081.5,1440.300049,96.5,1.5,-0.4,0,0,0,0,0,1,0,0,0,0,0,0,0,0,0,0,0
2026-03-21T16:17:07Z,815.238,2851,-5651.399902,-10081.5,1440.300049,96.5,1.5,-0.4,0,0,0,0,0,1,0,0,0,0,0,0,0,0,0,0,0
2026-03-21T16:17:07Z,815.502,2852,-5651.399902,-10081.5,1440.300049,96.5,1.5,-0.4,0,0,0,0,0,1,0,0,0,0,0,0,0,0,0,0,0
2026-03-21T16:17:08Z,815.761,2853,-5651.399902,-10081.5,1440.300049,96.5,1.5,-0.4,0,0,0,0,0,1,0,0,0,0,0,0,0,0,0,0,0
2026-03-21T16:17:08Z,816.018,2854,-5651.399902,-10081.5,1440.200073,97,3.1,2.3,0,0,0,0,0,1,0,0,0,0,0,0,0,0,0,0,0
2026-03-21T16:17:08Z,816.253,2855,-5651.399902,-10081.5,1440.200073,97,3.1,2.3,0,0,0,0,0,1,0,0,0,0,0,0,0,0,0,0,0
2026-03-21T16:17:08Z,816.507,2856,-5651.399902,-10081.5,1440.200073,97,3.1,2.3,0,0,0,0,0,1,0,0,0,0,0,0,0,0,0,0,0
2026-03-21T16:17:09Z,816.761,2857,-5651.399902,-10081.5,1440.200073,97,3.1,2.3,0,0,0,0,0,1,0,0,0,0,0,0,0,0,0,0,0
2026-03-21T16:17:09Z,817.022,2858,-5651.399902,-10081.5,1440.200073,97,3,1,0,0,0,0,0,1,0,0,0,1,0,0,0,0,0,0,0
2026-03-21T16:17:09Z,817.256,2859,-5651.399902,-10081.5,1440.200073,97,3,1,0,0,0,0,0,1,0,0,0,1,0,0,0,0,0,0,0
2026-03-21T16:17:09Z,817.511,2860,-5651.399902,-10081.5,1440.200073,97,3,1,0,0,0,0,0,1,0,0,0,1,0,0,0,0,0,0,0
2026-03-21T16:17:10Z,817.769,2861,-5651.399902,-10081.5,1440.200073,97,3,1,0,0,0,0,0,1,0,0,0,1,0,0,0,0,0,0,0
2026-03-21T16:17:10Z,818.016,2862,-5651.399902,-10081.5,1440.300049,96.900002,1.5,1.2,0,0,0,0,0,1,0,0,0,1,0,0,0,0,0,0,0
2026-03-21T16:17:10Z,818.249,2863,-5651.399902,-10081.5,1440.300049,96.900002,1.5,1.2,0,0,0,0,0,1,0,0,0,1,0,0,0,0,0,0,0
2026-03-21T16:17:10Z,818.486,2864,-5651.399902,-10081.5,1440.300049,96.900002,1.5,1.2,0,0,0,0,0,1,0,0,0,1,0,0,0,0,0,0,0
2026-03-21T16:17:11Z,818.741,2865,-5651.399902,-10081.5,1440.300049,96.900002,1.5,1.2,0,0,0,0,0,1,0,0,0,1,0,0,0,0,0,0,0
2026-03-21T16:17:11Z,818.974,2866,-5651.399902,-10081.5,1440.200073,96.800003,2.7,1.2,0,0,0,0,0,1,0,0,0,1,0,0,0,0,0,0,0
2026-03-21T16:17:11Z,819.224,2867,-5651.399902,-10081.5,1440.200073,96.800003,2.7,1.2,0,0,0,0,0,1,0,0,0,1,0,0,0,0,0,0,0
2026-03-21T16:17:11Z,819.475,2868,-5651.399902,-10081.5,1440.200073,96.800003,2.7,1.2,0,0,0,0,0,1,0,0,0,1,0,0,0,0,0,0,0
2026-03-21T16:17:12Z,819.735,2869,-5651.399902,-10081.5,1440.200073,96.800003,2.7,1.2,0,0,0,0,0,1,0,0,0,1,0,0,0,0,0,0,0
2026-03-21T16:17:12Z,819.995,2870,-5651.399902,-10081.5,1440.200073,96.700005,2.8,1.3,0,0,0,0,0,1,0,0,0,1,0,0,0,0,0,0,0
2026-03-21T16:17:12Z,820.236,2871,-5651.399902,-10081.5,1440.200073,96.700005,2.8,1.3,0,0,0,0,0,1,0,0,0,1,0,0,0,0,0,0,0
2026-03-21T16:17:12Z,820.498,2872,-5651.399902,-10081.5,1440.200073,96.700005,2.8,1.3,0,0,0,0,0,1,0,0,0,1,0,0,0,0,0,0,0
2026-03-21T16:17:13Z,820.733,2873,-5651.399902,-10081.5,1440.200073,96.700005,2.8,1.3,0,0,0,0,0,1,0,0,0,1,0,0,0,0,0,0,0
2026-03-21T16:17:13Z,820.993,2874,-5651.399902,-10081.5,1440.300049,96.599998,2,1.2,0,0,0,0,0,1,0,0,0,1,0,0,0,0,0,0,0
2026-03-21T16:17:13Z,821.225,2875,-5651.399902,-10081.5,1440.300049,96.599998,2,1.2,0,0,0,0,0,1,0,0,0,1,0,0,0,0,0,0,0
2026-03-21T16:17:13Z,821.460,2876,-5651.399902,-10081.5,1440.300049,96.599998,2,1.2,0,0,0,0,0,1,0,0,0,1,0,0,0,0,0,0,0
2026-03-21T16:17:14Z,821.744,2877,-5651.399902,-10081.5,1440.300049,96.599998,2,1.2,0,0,0,0,0,1,0,0,0,1,0,0,0,0,0,0,0
2026-03-21T16:17:14Z,822.001,2878,-5651.5,-10081.5,1440.200073,96.800003,0.9,0.5,0,0,0,0,0,1,0,0,0,0,0,0,0,0,0,0,0
2026-03-21T16:17:14Z,822.242,2879,-5651.5,-10081.5,1440.200073,96.800003,0.9,0.5,0,0,0,0,0,1,0,0,0,0,0,0,0,0,0,0,0
2026-03-21T16:17:14Z,822.499,2880,-5651.5,-10081.5,1440.200073,96.800003,0.9,0.5,0,0,0,0,0,1,0,0,0,0,0,0,0,0,0,0,0
2026-03-21T16:17:15Z,822.755,2881,-5651.5,-10081.5,1440.200073,96.800003,0.9,0.5,0,0,0,0,0,1,0,0,0,0,0,0,0,0,0,0,0
2026-03-21T16:17:15Z,823.013,2882,-5651.899902,-10081.5,1440.200073,97.200005,-2.4,-0.8,0,1,1,0,0,1,0,0,0,0,0,0,0,0,0,0,0
2026-03-21T16:17:15Z,823.244,2883,-5651.899902,-10081.5,1440.200073,97.200005,-2.4,-0.8,0,1,1,0,0,1,0,0,0,0,0,0,0,0,0,0,0
2026-03-21T16:17:15Z,823.508,2884,-5651.899902,-10081.5,1440.200073,97.200005,-2.4,-0.8,0,1,1,0,0,1,0,0,0,0,0,0,0,0,0,0,0
2026-03-21T16:17:16Z,823.760,2885,-5651.899902,-10081.5,1440.200073,97.200005,-2.4,-0.8,0,1,1,0,0,1,0,0,0,0,0,0,0,0,0,0,0
2026-03-21T16:17:16Z,823.991,2886,-5652.5,-10081.400391,1440.200073,98.200005,-0.8,-0.5,0,1,0,0,0,1,0,0,0,0,0,0,0,0,0,0,0
2026-03-21T16:17:16Z,824.225,2887,-5652.5,-10081.400391,1440.200073,98.200005,-0.8,-0.5,0,1,0,0,0,1,0,0,0,0,0,0,0,0,0,0,0
2026-03-21T16:17:16Z,824.481,2888,-5652.5,-10081.400391,1440.200073,98.200005,-0.8,-0.5,0,1,0,0,0,1,0,0,0,0,0,0,0,0,0,0,0
2026-03-21T16:17:17Z,824.742,2889,-5652.5,-10081.400391,1440.200073,98.200005,-0.8,-0.5,0,1,0,0,0,1,0,0,0,0,0,0,0,0,0,0,0
2026-03-21T16:17:17Z,824.999,2890,-5653.399902,-10081.299805,1440.200073,99.400002,0.2,-0.8,0,1,0,0,0,1,0,0,0,0,0,0,0,0,0,0,0
2026-03-21T16:17:17Z,825.269,2891,-5653.399902,-10081.299805,1440.200073,99.400002,0.2,-0.8,0,1,0,0,0,1,0,0,0,0,0,0,0,0,0,0,0
2026-03-21T16:17:18Z,825.540,2892,-5653.399902,-10081.299805,1440.200073,99.400002,0.2,-0.8,0,1,0,0,0,1,0,0,0,0,0,0,0,0,0,0,0
2026-03-21T16:17:18Z,825.796,2893,-5653.399902,-10081.299805,1440.200073,99.400002,0.2,-0.8,0,1,0,0,0,1,0,0,0,0,0,0,0,0,0,0,0
2026-03-21T16:17:18Z,826.053,2894,-5654.200195,-10081.200195,1440.300049,100.700005,-1.4,-1,0,1,0,0,0,1,0,0,0,0,0,0,0,0,0,0,0
2026-03-21T16:17:18Z,826.289,2895,-5654.200195,-10081.200195,1440.300049,100.700005,-1.4,-1,0,1,0,0,0,1,0,0,0,0,0,0,0,0,0,0,0
2026-03-21T16:17:19Z,826.525,2896,-5654.200195,-10081.200195,1440.300049,100.700005,-1.4,-1,0,1,0,0,0,1,0,0,0,0,0,0,0,0,0,0,0
2026-03-21T16:17:19Z,826.786,2897,-5654.200195,-10081.200195,1440.300049,100.700005,-1.4,-1,0,1,0,0,0,1,0,0,0,0,0,0,0,0,0,0,0
2026-03-21T16:17:19Z,827.045,2898,-5655.300293,-10081,1440.300049,102.300003,-1.4,-0.9,0,1,0,0,0,1,0,0,0,0,0,0,0,0,0,0,0
2026-03-21T16:17:19Z,827.290,2899,-5655.300293,-10081,1440.300049,102.300003,-1.4,-0.9,0,1,0,0,0,1,0,0,0,0,0,0,0,0,0,0,0
2026-03-21T16:17:20Z,827.526,2900,-5655.300293,-10081,1440.300049,102.300003,-1.4,-0.9,0,1,0,0,0,1,0,0,0,0,0,0,0,0,0,0,0
2026-03-21T16:17:25Z,827.779,2901,-5655.300293,-10081,1440.300049,102.300003,-1.4,-0.9,0,1,0,0,0,1,0,0,0,0,0,0,0,0,0,0,0
2026-03-21T16:17:25Z,833.077,2902,-5658.399902,-10080.400391,1440.300049,106.800003,-0.4,-2,0,0,0,0,0,0,0,0,0,0,0,0,0,0,0,0,0
2026-03-21T16:17:25Z,833.334,2903,-5658.399902,-10080.400391,1440.300049,106.800003,-0.4,-2,0,0,0,0,0,0,0,0,0,0,0,0,0,0,0,0,0
2026-03-21T16:17:26Z,833.588,2904,-5658.399902,-10080.400391,1440.300049,106.800003,-0.4,-2,0,0,0,0,0,0,0,0,0,0,0,0,0,0,0,0,0
2026-03-21T16:17:26Z,833.852,2905,-5658.399902,-10080.400391,1440.300049,106.800003,-0.4,-2,0,0,0,0,0,0,0,0,0,0,0,0,0,0,0,0,0
2026-03-21T16:17:26Z,834.109,2906,-5658.399902,-10080.400391,1440.300049,106.800003,0.3,-2.1,0,0,0,0,0,0,0,0,0,0,0,0,0,0,0,0,0
2026-03-21T16:17:26Z,834.373,2907,-5658.399902,-10080.400391,1440.300049,106.800003,0.3,-2.1,0,0,0,0,0,0,0,0,0,0,0,0,0,0,0,0,0
2026-03-21T16:17:27Z,834.636,2908,-5658.399902,-10080.400391,1440.300049,106.800003,0.3,-2.1,0,0,0,0,0,0,0,0,0,0,0,0,0,0,0,0,0
2026-03-21T16:17:27Z,834.889,2909,-5658.399902,-10080.400391,1440.300049,106.800003,0.3,-2.1,0,0,0,0,0,0,0,0,0,0,0,0,0,0,0,0,0
2026-03-21T16:17:27Z,835.178,2910,-5658.399902,-10080.400391,1440.300049,107.200005,0.1,-2.1,0,0,0,0,0,0,0,0,0,0,0,0,0,0,0,0,0
2026-03-21T16:17:27Z,835.431,2911,-5658.399902,-10080.400391,1440.300049,107.200005,0.1,-2.1,0,0,0,0,0,0,0,0,0,0,0,0,0,0,0,0,0
2026-03-21T16:17:28Z,835.686,2912,-5658.399902,-10080.400391,1440.300049,107.200005,0.1,-2.1,0,0,0,0,0,0,0,0,0,0,0,0,0,0,0,0,0
2026-03-21T16:17:28Z,835.945,2913,-5658.399902,-10080.400391,1440.300049,107.200005,0.1,-2.1,0,0,0,0,0,0,0,0,0,0,0,0,0,0,0,0,0
2026-03-21T16:17:28Z,836.188,2914,-5658.300293,-10080.400391,1440.300049,108.200005,0.1,-2.1,0,0,0,0,0,0,0,0,0,0,0,0,0,0,0,0,0
2026-03-21T16:17:28Z,836.434,2915,-5658.300293,-10080.400391,1440.300049,108.200005,0.1,-2.1,0,0,0,0,0,0,0,0,0,0,0,0,0,0,0,0,0
2026-03-21T16:17:29Z,836.695,2916,-5658.300293,-10080.400391,1440.300049,108.200005,0.1,-2.1,0,0,0,0,0,0,0,0,0,0,0,0,0,0,0,0,0
2026-03-21T16:17:29Z,836.954,2917,-5658.200195,-10080.5,1440.300049,109.5,0.2,-2.1,0,0,0,0,0,0,0,0,0,0,0,0,0,0,0,0,0
2026-03-21T16:17:29Z,837.203,2918,-5658.200195,-10080.5,1440.300049,109.5,0.2,-2.1,0,0,0,0,0,0,0,0,0,0,0,0,0,0,0,0,0
2026-03-21T16:17:29Z,837.464,2919,-5658.200195,-10080.5,1440.300049,109.5,0.2,-2.1,0,0,0,0,0,0,0,0,0,0,0,0,0,0,0,0,0
2026-03-21T16:17:30Z,837.723,2920,-5658.200195,-10080.5,1440.300049,109.5,0.2,-2.1,0,0,0,0,0,0,0,0,0,0,0,0,0,0,0,0,0
2026-03-21T16:17:30Z,837.987,2921,-5658,-10080.600586,1440.300049,111.099998,0.2,-2.1,0,1,0,0,0,0,0,0,0,0,0,0,0,0,0,0,0
2026-03-21T16:17:30Z,838.222,2922,-5658,-10080.600586,1440.300049,111.099998,0.2,-2.1,0,1,0,0,0,0,0,0,0,0,0,0,0,0,0,0,0
2026-03-21T16:17:30Z,838.467,2923,-5658,-10080.600586,1440.300049,111.099998,0.2,-2.1,0,1,0,0,0,0,0,0,0,0,0,0,0,0,0,0,0
2026-03-21T16:17:31Z,838.726,2924,-5658,-10080.600586,1440.300049,111.099998,0.2,-2.1,0,1,0,0,0,0,0,0,0,0,0,0,0,0,0,0,0
2026-03-21T16:17:31Z,838.984,2925,-5657.899902,-10080.700195,1440.300049,113.200005,0.2,-2.2,0,1,0,0,0,0,0,0,0,0,0,0,0,0,0,0,0
2026-03-21T16:17:31Z,839.223,2926,-5657.899902,-10080.700195,1440.300049,113.200005,0.2,-2.2,0,1,0,0,0,0,0,0,0,0,0,0,0,0,0,0,0
2026-03-21T16:17:31Z,839.481,2927,-5657.899902,-10080.700195,1440.300049,113.200005,0.2,-2.2,0,1,0,0,0,0,0,0,0,0,0,0,0,0,0,0,0
2026-03-21T16:17:32Z,839.743,2928,-5657.899902,-10080.700195,1440.300049,113.200005,0.2,-2.2,0,1,0,0,0,0,0,0,0,0,0,0,0,0,0,0,0
2026-03-21T16:17:32Z,840.001,2929,-5657.899902,-10080.700195,1440.300049,113.200005,0.2,-2.2,0,1,0,0,0,0,0,0,0,0,0,0,0,0,0,0,0
2026-03-21T16:17:32Z,840.281,2930,-5657.700195,-10080.900391,1440.300049,116.300003,0.2,-1.9,0,0,0,0,0,0,0,0,0,0,0,0,0,0,0,0,0
2026-03-21T16:17:33Z,840.537,2931,-5657.700195,-10080.900391,1440.300049,116.300003,0.2,-1.9,0,0,0,0,0,0,0,0,0,0,0,0,0,0,0,0,0
2026-03-21T16:17:33Z,840.794,2932,-5657.700195,-10080.900391,1440.300049,116.300003,0.2,-1.9,0,0,0,0,0,0,0,0,0,0,0,0,0,0,0,0,0
2026-03-21T16:17:33Z,841.052,2933,-5657.700195,-10080.900391,1440.300049,116.300003,0.2,-1.9,0,0,0,0,0,0,0,0,0,0,0,0,0,0,0,0,0
2026-03-21T16:17:33Z,841.332,2934,-5657.5,-10081.100586,1440.300049,119.200005,0.4,-1.7,0,0,0,0,0,0,0,0,0,0,0,0,0,0,0,0,0
2026-03-21T16:17:34Z,841.586,2935,-5657.5,-10081.100586,1440.300049,119.200005,0.4,-1.7,0,0,0,0,0,0,0,0,0,0,0,0,0,0,0,0,0
2026-03-21T16:17:34Z,841.828,2936,-5657.5,-10081.100586,1440.300049,119.200005,0.4,-1.7,0,0,0,0,0,0,0,0,0,0,0,0,0,0,0,0,0
2026-03-21T16:17:34Z,842.081,2937,-5657.200195,-10081.299805,1440.300049,122.5,0.4,-1.8,0,0,0,0,0,0,0,0,0,0,0,0,0,0,0,0,0
2026-03-21T16:17:34Z,842.392,2938,-5657.200195,-10081.299805,1440.300049,122.5,0.4,-1.8,0,0,0,0,0,0,0,0,0,0,0,0,0,0,0,0,0
2026-03-21T16:17:35Z,842.656,2939,-5657.200195,-10081.299805,1440.300049,122.5,0.4,-1.8,0,0,0,0,0,0,0,0,0,0,0,0,0,0,0,0,0
2026-03-21T16:17:35Z,842.912,2940,-5657.200195,-10081.299805,1440.300049,122.5,0.4,-1.8,0,0,0,0,0,0,0,0,0,0,0,0,0,0,0,0,0
2026-03-21T16:17:35Z,843.198,2941,-5657,-10081.600586,1440.300049,125.800003,0.4,-1.6,0,0,0,0,0,0,0,0,0,0,0,0,0,0,0,0,0
2026-03-21T16:17:35Z,843.450,2942,-5657,-10081.600586,1440.300049,125.800003,0.4,-1.6,0,0,0,0,0,0,0,0,0,0,0,0,0,0,0,0,0
2026-03-21T16:17:36Z,843.709,2943,-5657,-10081.600586,1440.300049,125.800003,0.4,-1.6,0,0,0,0,0,0,0,0,0,0,0,0,0,0,0,0,0
2026-03-21T16:17:36Z,843.967,2944,-5657,-10081.600586,1440.300049,125.800003,0.4,-1.6,0,0,0,0,0,0,0,0,0,0,0,0,0,0,0,0,0
2026-03-21T16:17:36Z,844.220,2945,-5656.800293,-10081.900391,1440.300049,129.800003,0.5,-1.6,0,0,0,0,0,0,0,0,0,0,0,0,0,0,0,0,0
2026-03-21T16:17:36Z,844.458,2946,-5656.800293,-10081.900391,1440.300049,129.800003,0.5,-1.6,0,0,0,0,0,0,0,0,0,0,0,0,0,0,0,0,0
2026-03-21T16:17:37Z,844.712,2947,-5656.800293,-10081.900391,1440.300049,129.800003,0.5,-1.6,0,0,0,0,0,0,0,0,0,0,0,0,0,0,0,0,0
2026-03-21T16:17:37Z,844.970,2948,-5656.800293,-10081.900391,1440.300049,129.800003,0.5,-1.6,0,0,0,0,0,0,0,0,0,0,0,0,0,0,0,0,0
2026-03-21T16:17:37Z,845.251,2949,-5656.600098,-10082.200195,1440.300049,134,0.4,-1.6,0,0,0,0,0,0,0,0,0,0,0,0,0,0,0,0,0
2026-03-21T16:17:37Z,845.501,2950,-5656.600098,-10082.200195,1440.300049,134,0.4,-1.6,0,0,0,0,0,0,0,0,0,0,0,0,0,0,0,0,0
2026-03-21T16:17:38Z,845.757,2951,-5656.600098,-10082.200195,1440.300049,134,0.4,-1.6,0,0,0,0,0,0,0,0,0,0,0,0,0,0,0,0,0
2026-03-21T16:17:38Z,845.995,2952,-5656.600098,-10082.200195,1440.300049,134,0.4,-1.6,0,0,0,0,0,0,0,0,0,0,0,0,0,0,0,0,0
2026-03-21T16:17:38Z,846.287,2953,-5656.300293,-10082.600586,1440.300049,137.699997,0.4,-1.6,0,0,0,0,0,0,0,0,0,1,0,0,0,0,0,0,0
2026-03-21T16:17:39Z,846.561,2954,-5656.300293,-10082.600586,1440.300049,137.699997,0.4,-1.6,0,0,0,0,0,0,0,0,0,1,0,0,0,0,0,0,0
2026-03-21T16:17:39Z,846.812,2955,-5656.300293,-10082.600586,1440.300049,137.699997,0.4,-1.6,0,0,0,0,0,0,0,0,0,1,0,0,0,0,0,0,0
2026-03-21T16:17:39Z,847.068,2956,-5656.100098,-10083,1440.300049,141.800003,0.4,-1.7,0,0,0,0,0,0,0,0,0,1,0,0,0,0,0,0,0
2026-03-21T16:17:39Z,847.301,2957,-5656.100098,-10083,1440.300049,141.800003,0.4,-1.7,0,0,0,0,0,0,0,0,0,1,0,0,0,0,0,0,0
2026-03-21T16:17:40Z,847.553,2958,-5656.100098,-10083,1440.300049,141.800003,0.4,-1.7,0,0,0,0,0,0,0,0,0,1,0,0,0,0,0,0,0
2026-03-21T16:17:40Z,847.808,2959,-5656.100098,-10083,1440.300049,141.800003,0.4,-1.7,0,0,0,0,0,0,0,0,0,1,0,0,0,0,0,0,0
2026-03-21T16:17:40Z,848.063,2960,-5655.899902,-10083.400391,1440.300049,146.100006,0.3,-1.7,0,0,0,0,0,0,0,0,0,1,0,0,0,0,0,0,0
2026-03-21T16:17:40Z,848.299,2961,-5655.899902,-10083.400391,1440.300049,146.100006,0.3,-1.7,0,0,0,0,0,0,0,0,0,1,0,0,0,0,0,0,0
2026-03-21T16:17:41Z,848.560,2962,-5655.899902,-10083.400391,1440.300049,146.100006,0.3,-1.7,0,0,0,0,0,0,0,0,0,1,0,0,0,0,0,0,0
2026-03-21T16:17:41Z,848.818,2963,-5655.899902,-10083.400391,1440.300049,146.100006,0.3,-1.7,0,0,0,0,0,0,0,0,0,1,0,0,0,0,0,0,0
2026-03-21T16:17:41Z,849.092,2964,-5655.700195,-10084,1440.300049,150.5,0.5,-1.6,0,0,0,0,0,0,0,0,0,0,0,0,0,0,0,0,0
2026-03-21T16:17:41Z,849.371,2965,-5655.700195,-10084,1440.300049,150.5,0.5,-1.6,0,0,0,0,0,0,0,0,0,0,0,0,0,0,0,0,0
2026-03-21T16:17:42Z,849.622,2966,-5655.700195,-10084,1440.300049,150.5,0.5,-1.6,0,0,0,0,0,0,0,0,0,0,0,0,0,0,0,0,0
2026-03-21T16:17:42Z,849.882,2967,-5655.700195,-10084,1440.300049,150.5,0.5,-1.6,0,0,0,0,0,0,0,0,0,0,0,0,0,0,0,0,0
2026-03-21T16:17:42Z,850.136,2968,-5655.5,-10084.5,1440.300049,154.600006,0.6,-1.8,0,0,0,0,0,0,0,0,0,0,0,0,0,0,0,0,0
2026-03-21T16:17:42Z,850.382,2969,-5655.5,-10084.5,1440.300049,154.600006,0.6,-1.8,0,0,0,0,0,0,0,0,0,0,0,0,0,0,0,0,0
2026-03-21T16:17:43Z,850.640,2970,-5655.5,-10084.5,1440.300049,154.600006,0.6,-1.8,0,0,0,0,0,0,0,0,0,0,0,0,0,0,0,0,0
2026-03-21T16:17:43Z,850.898,2971,-5655.5,-10084.5,1440.300049,154.600006,0.6,-1.8,0,0,0,0,0,0,0,0,0,0,0,0,0,0,0,0,0
2026-03-21T16:17:43Z,851.179,2972,-5655.300293,-10085.200195,1440.300049,158.400009,0.6,-1.9,0,0,0,0,0,0,0,0,0,0,0,0,0,0,0,0,0
2026-03-21T16:17:43Z,851.408,2973,-5655.300293,-10085.200195,1440.300049,158.400009,0.6,-1.9,0,0,0,0,0,0,0,0,0,0,0,0,0,0,0,0,0
2026-03-21T16:17:44Z,851.660,2974,-5655.300293,-10085.200195,1440.300049,158.400009,0.6,-1.9,0,0,0,0,0,0,0,0,0,0,0,0,0,0,0,0,0
2026-03-21T16:17:44Z,851.916,2975,-5655.300293,-10085.200195,1440.300049,158.400009,0.6,-1.9,0,0,0,0,0,0,0,0,0,0,0,0,0,0,0,0,0
2026-03-21T16:17:44Z,852.169,2976,-5655.100098,-10085.799805,1440.300049,160.300003,0.6,-1.5,0,0,0,0,0,0,0,0,0,0,0,0,0,0,0,0,0
2026-03-21T16:17:44Z,852.415,2977,-5655.100098,-10085.799805,1440.300049,160.300003,0.6,-1.5,0,0,0,0,0,0,0,0,0,0,0,0,0,0,0,0,0
2026-03-21T16:17:45Z,852.667,2978,-5655.100098,-10085.799805,1440.300049,160.300003,0.6,-1.5,0,0,0,0,0,0,0,0,0,0,0,0,0,0,0,0,0
2026-03-21T16:17:45Z,852.929,2979,-5654.800293,-10086.600586,1440.300049,160.400009,0.6,-1.3,0,0,0,0,0,0,0,0,0,0,0,0,0,0,0,0,0
2026-03-21T16:17:45Z,853.160,2980,-5654.800293,-10086.600586,1440.300049,160.400009,0.6,-1.3,0,0,0,0,0,0,0,0,0,0,0,0,0,0,0,0,0
2026-03-21T16:17:45Z,853.405,2981,-5654.800293,-10086.600586,1440.300049,160.400009,0.6,-1.3,0,0,0,0,0,0,0,0,0,0,0,0,0,0,0,0,0
2026-03-21T16:17:46Z,853.660,2982,-5654.800293,-10086.600586,1440.300049,160.400009,0.6,-1.3,0,0,0,0,0,0,0,0,0,0,0,0,0,0,0,0,0
2026-03-21T16:17:46Z,853.888,2983,-5654.800293,-10086.600586,1440.300049,160.400009,0.6,-1.3,0,0,0,0,0,0,0,0,0,0,0,0,0,0,0,0,0
2026-03-21T16:17:46Z,854.171,2984,-5654.5,-10087.5,1440.300049,158.699997,0.5,-1.1,0,0,0,0,0,0,0,0,0,0,0,0,0,0,0,0,0
2026-03-21T16:17:46Z,854.398,2985,-5654.5,-10087.5,1440.300049,158.699997,0.5,-1.1,0,0,0,0,0,0,0,0,0,0,0,0,0,0,0,0,0
2026-03-21T16:17:47Z,854.652,2986,-5654.5,-10087.5,1440.300049,158.699997,0.5,-1.1,0,0,0,0,0,0,0,0,0,0,0,0,0,0,0,0,0
2026-03-21T16:17:47Z,854.914,2987,-5654.5,-10087.5,1440.300049,158.699997,0.5,-1.1,0,0,0,0,0,0,0,0,0,0,0,0,0,0,0,0,0
2026-03-21T16:17:47Z,855.167,2988,-5653.899902,-10088.400391,1440.300049,152.699997,-0.5,0.1,0,0,0,0,0,0,0,0,0,0,0,0,0,0,0,0,0
2026-03-21T16:17:47Z,855.428,2989,-5653.899902,-10088.400391,1440.300049,152.699997,-0.5,0.1,0,0,0,0,0,0,0,0,0,0,0,0,0,0,0,0,0
2026-03-21T16:17:48Z,855.684,2990,-5653.899902,-10088.400391,1440.300049,152.699997,-0.5,0.1,0,0,0,0,0,0,0,0,0,0,0,0,0,0,0,0,0
2026-03-21T16:17:48Z,855.942,2991,-5653.899902,-10088.400391,1440.300049,152.699997,-0.5,0.1,0,0,0,0,0,0,0,0,0,0,0,0,0,0,0,0,0
2026-03-21T16:17:48Z,856.162,2992,-5653.300293,-10089.200195,1440.300049,144.600006,-2.2,2.1,0,0,0,0,0,0,0,0,0,0,0,0,0,0,0,0,0
2026-03-21T16:17:48Z,856.390,2993,-5653.300293,-10089.200195,1440.300049,144.600006,-2.2,2.1,0,0,0,0,0,0,0,0,0,0,0,0,0,0,0,0,0
2026-03-21T16:17:49Z,856.648,2994,-5653.300293,-10089.200195,1440.300049,144.600006,-2.2,2.1,0,0,0,0,0,0,0,0,0,0,0,0,0,0,0,0,0
2026-03-21T16:17:49Z,856.896,2995,-5653.300293,-10089.200195,1440.300049,144.600006,-2.2,2.1,0,0,0,0,0,0,0,0,0,0,0,0,0,0,0,0,0
2026-03-21T16:17:49Z,857.176,2996,-5652.600098,-10089.700195,1440.200073,134.5,-5.5,5.6,0,0,0,0,0,0,0,0,0,0,0,0,0,0,0,0,0
2026-03-21T16:17:49Z,857.398,2997,-5652.600098,-10089.700195,1440.200073,134.5,-5.5,5.6,0,0,0,0,0,0,0,0,0,0,0,0,0,0,0,0,0
2026-03-21T16:17:50Z,857.641,2998,-5652.600098,-10089.700195,1440.200073,134.5,-5.5,5.6,0,0,0,0,0,0,0,0,0,0,0,0,0,0,0,0,0
2026-03-21T16:17:50Z,857.897,2999,-5652.600098,-10089.700195,1440.200073,134.5,-5.5,5.6,0,0,0,0,0,0,0,0,0,0,0,0,0,0,0,0,0
2026-03-21T16:17:50Z,858.151,3000,-5651.800293,-10090.100586,1440.200073,123.200005,-2.5,1.7,0,0,0,0,0,0,0,0,0,0,0,0,0,0,0,0,0
2026-03-21T16:17:50Z,858.421,3001,-5651.800293,-10090.100586,1440.200073,123.200005,-2.5,1.7,0,0,0,0,0,0,0,0,0,0,0,0,0,0,0,0,0
2026-03-21T16:17:51Z,858.645,3002,-5651.800293,-10090.100586,1440.200073,123.200005,-2.5,1.7,0,0,0,0,0,0,0,0,0,0,0,0,0,0,0,0,0
2026-03-21T16:17:51Z,858.872,3003,-5651.800293,-10090.100586,1440.200073,123.200005,-2.5,1.7,0,0,0,0,0,0,0,0,0,0,0,0,0,0,0,0,0
2026-03-21T16:17:51Z,859.130,3004,-5650.800293,-10090.400391,1440.200073,114,5.1,2.9,0,0,0,0,0,0,0,0,0,0,0,0,0,0,0,0,0
2026-03-21T16:17:51Z,859.357,3005,-5650.800293,-10090.400391,1440.200073,114,5.1,2.9,0,0,0,0,0,0,0,0,0,0,0,0,0,0,0,0,0
2026-03-21T16:17:52Z,859.589,3006,-5650.800293,-10090.400391,1440.200073,114,5.1,2.9,0,0,0,0,0,0,0,0,0,0,0,0,0,0,0,0,0
2026-03-21T16:17:52Z,859.855,3007,-5650.800293,-10090.400391,1440.200073,114,5.1,2.9,0,0,0,0,0,0,0,0,0,0,0,0,0,0,0,0,0
2026-03-21T16:17:52Z,860.111,3008,-5649.899902,-10090.600586,1440.200073,106.5,3.4,5.7,0,0,0,0,0,0,0,0,0,0,0,0,0,0,0,0,0
2026-03-21T16:17:52Z,860.335,3009,-5649.899902,-10090.600586,1440.200073,106.5,3.4,5.7,0,0,0,0,0,0,0,0,0,0,0,0,0,0,0,0,0
2026-03-21T16:17:52Z,860.555,3010,-5649.899902,-10090.600586,1440.200073,106.5,3.4,5.7,0,0,0,0,0,0,0,0,0,0,0,0,0,0,0,0,0
2026-03-21T16:17:53Z,860.770,3011,-5649.899902,-10090.600586,1440.200073,106.5,3.4,5.7,0,0,0,0,0,0,0,0,0,0,0,0,0,0,0,0,0
2026-03-21T16:17:53Z,861.017,3012,-5649.200195,-10090.600586,1440.200073,96.900002,-4.9,0.1,0,0,0,0,0,0,0,0,0,0,0,0,0,0,0,0,0
2026-03-21T16:17:53Z,861.245,3013,-5649.200195,-10090.600586,1440.200073,96.900002,-4.9,0.1,0,0,0,0,0,0,0,0,0,0,0,0,0,0,0,0,0
2026-03-21T16:17:53Z,861.504,3014,-5649.200195,-10090.600586,1440.200073,96.900002,-4.9,0.1,0,0,0,0,0,0,0,0,0,0,0,0,0,0,0,0,0
2026-03-21T16:17:54Z,861.748,3015,-5649.200195,-10090.600586,1440.200073,96.900002,-4.9,0.1,0,0,0,0,0,0,0,0,0,0,0,0,0,0,0,0,0
2026-03-21T16:17:54Z,862.010,3016,-5648.100098,-10090.5,1440.200073,85.900002,-1.3,1,0,0,0,0,0,0,0,0,0,0,0,0,0,0,0,0,0
2026-03-21T16:17:54Z,862.229,3017,-5648.100098,-10090.5,1440.200073,85.900002,-1.3,1,0,0,0,0,0,0,0,0,0,0,0,0,0,0,0,0,0
2026-03-21T16:17:54Z,862.481,3018,-5648.100098,-10090.5,1440.200073,85.900002,-1.3,1,0,0,0,0,0,0,0,0,0,0,0,0,0,0,0,0,0
2026-03-21T16:17:55Z,862.739,3019,-5648.100098,-10090.5,1440.200073,85.900002,-1.3,1,0,0,0,0,0,0,0,0,0,0,0,0,0,0,0,0,0
2026-03-21T16:17:55Z,862.959,3020,-5647.100098,-10090.200195,1440.099976,79.400002,1.1,1,0,0,0,0,0,0,0,0,0,1,0,0,0,0,0,0,0
2026-03-21T16:17:55Z,863.181,3021,-5647.100098,-10090.200195,1440.099976,79.400002,1.1,1,0,0,0,0,0,0,0,0,0,1,0,0,0,0,0,0,0
2026-03-21T16:17:55Z,863.437,3022,-5647.100098,-10090.200195,1440.099976,79.400002,1.1,1,0,0,0,0,0,0,0,0,0,1,0,0,0,0,0,0,0
2026-03-21T16:17:56Z,863.658,3023,-5647.100098,-10090.200195,1440.099976,79.400002,1.1,1,0,0,0,0,0,0,0,0,0,1,0,0,0,0,0,0,0
2026-03-21T16:17:56Z,863.918,3024,-5647.100098,-10090.200195,1440.099976,79.400002,1.1,1,0,0,0,0,0,0,0,0,0,1,0,0,0,0,0,0,0
2026-03-21T16:17:56Z,864.173,3025,-5646.100098,-10089.600586,1440.099976,65.900002,-3,2.8,0,0,0,0,0,0,0,0,0,0,0,0,0,0,0,0,0
2026-03-21T16:17:56Z,864.395,3026,-5646.100098,-10089.600586,1440.099976,65.900002,-3,2.8,0,0,0,0,0,0,0,0,0,0,0,0,0,0,0,0,0
2026-03-21T16:17:57Z,864.646,3027,-5646.100098,-10089.600586,1440.099976,65.900002,-3,2.8,0,0,0,0,0,0,0,0,0,0,0,0,0,0,0,0,0
2026-03-21T16:17:57Z,864.907,3028,-5646.100098,-10089.600586,1440.099976,65.900002,-3,2.8,0,0,0,0,0,0,0,0,0,0,0,0,0,0,0,0,0
2026-03-21T16:17:57Z,865.210,3029,-5645.200195,-10088.799805,1440.099976,53.799999,-0.2,1.6,0,0,0,0,0,0,0,0,0,1,0,0,0,0,0,0,0
2026-03-21T16:17:57Z,865.462,3030,-5645.200195,-10088.799805,1440.099976,53.799999,-0.2,1.6,0,0,0,0,0,0,0,0,0,1,0,0,0,0,0,0,0
2026-03-21T16:17:58Z,865.686,3031,-5645.200195,-10088.799805,1440.099976,53.799999,-0.2,1.6,0,0,0,0,0,0,0,0,0,1,0,0,0,0,0,0,0
2026-03-21T16:17:58Z,865.944,3032,-5644.5,-10087.799805,1440,41.5,-0.9,2.6,0,0,0,0,0,0,0,0,0,1,0,0,0,0,0,0,0
2026-03-21T16:17:58Z,866.165,3033,-5644.5,-10087.799805,1440,41.5,-0.9,2.6,0,0,0,0,0,0,0,0,0,1,0,0,0,0,0,0,0
2026-03-21T16:17:58Z,866.429,3034,-5644.5,-10087.799805,1440,41.5,-0.9,2.6,0,0,0,0,0,0,0,0,0,1,0,0,0,0,0,0,0
2026-03-21T16:17:59Z,866.683,3035,-5644.5,-10087.799805,1440,41.5,-0.9,2.6,0,0,0,0,0,0,0,0,0,1,0,0,0,0,0,0,0
2026-03-21T16:17:59Z,866.943,3036,-5644.5,-10087.799805,1440,41.5,-0.9,2.6,0,0,0,0,0,0,0,0,0,1,0,0,0,0,0,0,0
2026-03-21T16:17:59Z,867.183,3037,-5643.899902,-10086.700195,1440,32.600002,-0.2,1.4,0,0,0,0,0,0,0,0,0,0,0,0,0,0,0,0,0
2026-03-21T16:17:59Z,867.405,3038,-5643.899902,-10086.700195,1440,32.600002,-0.2,1.4,0,0,0,0,0,0,0,0,0,0,0,0,0,0,0,0,0
2026-03-21T16:18:00Z,867.621,3039,-5643.899902,-10086.700195,1440,32.600002,-0.2,1.4,0,0,0,0,0,0,0,0,0,0,0,0,0,0,0,0,0
2026-03-21T16:18:00Z,867.837,3040,-5643.899902,-10086.700195,1440,32.600002,-0.2,1.4,0,0,0,0,0,0,0,0,0,0,0,0,0,0,0,0,0
2026-03-21T16:18:00Z,868.055,3041,-5643.200195,-10085.400391,1440,29.200001,0.6,1.9,0,0,0,0,0,0,0,1,0,1,0,0,0,0,0,0,0
2026-03-21T16:18:00Z,868.276,3042,-5643.200195,-10085.400391,1440,29.200001,0.6,1.9,0,0,0,0,0,0,0,1,0,1,0,0,0,0,0,0,0
2026-03-21T16:18:01Z,868.534,3043,-5643.200195,-10085.400391,1440,29.200001,0.6,1.9,0,0,0,0,0,0,0,1,0,1,0,0,0,0,0,0,0
2026-03-21T16:18:01Z,868.791,3044,-5643.200195,-10085.400391,1440,29.200001,0.6,1.9,0,0,0,0,0,0,0,1,0,1,0,0,0,0,0,0,0
2026-03-21T16:18:01Z,869.055,3045,-5642.5,-10084.799805,1439.900024,34,-1.9,4.3,0,0,0,0,0,0,0,1,0,1,0,0,0,0,0,0,0
2026-03-21T16:18:01Z,869.292,3046,-5642.5,-10084.799805,1439.900024,34,-1.9,4.3,0,0,0,0,0,0,0,1,0,1,0,0,0,0,0,0,0
2026-03-21T16:18:01Z,869.548,3047,-5642.5,-10084.799805,1439.900024,34,-1.9,4.3,0,0,0,0,0,0,0,1,0,1,0,0,0,0,0,0,0
2026-03-21T16:18:02Z,869.769,3048,-5642.5,-10084.799805,1439.900024,34,-1.9,4.3,0,0,0,0,0,0,0,1,0,1,0,0,0,0,0,0,0
2026-03-21T16:18:02Z,870.027,3049,-5642,-10084.100586,1439.900024,33,0.4,2,0,0,0,0,0,0,0,1,0,0,0,0,0,0,0,0,0
2026-03-21T16:18:02Z,870.247,3050,-5642,-10084.100586,1439.900024,33,0.4,2,0,0,0,0,0,0,0,1,0,0,0,0,0,0,0,0,0
2026-03-21T16:18:02Z,870.505,3051,-5642,-10084.100586,1439.900024,33,0.4,2,0,0,0,0,0,0,0,1,0,0,0,0,0,0,0,0,0
2026-03-21T16:18:03Z,870.763,3052,-5642,-10084.100586,1439.900024,33,0.4,2,0,0,0,0,0,0,0,1,0,0,0,0,0,0,0,0,0
2026-03-21T16:18:03Z,871.023,3053,-5641.600098,-10083.200195,1439.900024,27.300001,-1,2.7,0,0,0,0,0,0,0,1,0,0,0,0,0,0,0,0,0
2026-03-21T16:18:03Z,871.244,3054,-5641.600098,-10083.200195,1439.900024,27.300001,-1,2.7,0,0,0,0,0,0,0,1,0,0,0,0,0,0,0,0,0
2026-03-21T16:18:03Z,871.508,3055,-5641.600098,-10083.200195,1439.900024,27.300001,-1,2.7,0,0,0,0,0,0,0,1,0,0,0,0,0,0,0,0,0
2026-03-21T16:18:04Z,871.762,3056,-5641.600098,-10083.200195,1439.900024,27.300001,-1,2.7,0,0,0,0,0,0,0,1,0,0,0,0,0,0,0,0,0
2026-03-21T16:18:04Z,872.021,3057,-5641.300293,-10082.400391,1439.900024,15.900001,-0.3,3.6,0,0,0,0,0,0,0,1,0,1,0,0,0,0,0,0,0
2026-03-21T16:18:04Z,872.238,3058,-5641.300293,-10082.400391,1439.900024,15.900001,-0.3,3.6,0,0,0,0,0,0,0,1,0,1,0,0,0,0,0,0,0
2026-03-21T16:18:04Z,872.492,3059,-5641.300293,-10082.400391,1439.900024,15.900001,-0.3,3.6,0,0,0,0,0,0,0,1,0,1,0,0,0,0,0,0,0
2026-03-21T16:18:05Z,872.727,3060,-5641.300293,-10082.400391,1439.900024,15.900001,-0.3,3.6,0,0,0,0,0,0,0,1,0,1,0,0,0,0,0,0,0
2026-03-21T16:18:05Z,872.945,3061,-5641.300293,-10082.400391,1439.900024,15.900001,-0.3,3.6,0,0,0,0,0,0,0,1,0,1,0,0,0,0,0,0,0
2026-03-21T16:18:05Z,873.160,3062,-5641.100098,-10081.5,1439.900024,11.5,1,2.4,0,0,0,0,0,0,0,1,0,0,0,0,0,0,0,0,0
2026-03-21T16:18:05Z,873.373,3063,-5641.100098,-10081.5,1439.900024,11.5,1,2.4,0,0,0,0,0,0,0,1,0,0,0,0,0,0,0,0,0
2026-03-21T16:18:06Z,873.630,3064,-5641.100098,-10081.5,1439.900024,11.5,1,2.4,0,0,0,0,0,0,0,1,0,0,0,0,0,0,0,0,0
2026-03-21T16:18:06Z,873.849,3065,-5641.100098,-10081.5,1439.900024,11.5,1,2.4,0,0,0,0,0,0,0,1,0,0,0,0,0,0,0,0,0
2026-03-21T16:18:06Z,874.075,3066,-5641,-10080.299805,1439.800049,9.3,0.1,2.4,0,0,0,0,0,0,0,1,0,0,0,0,0,0,0,0,0
2026-03-21T16:18:06Z,874.289,3067,-5641,-10080.299805,1439.800049,9.3,0.1,2.4,0,0,0,0,0,0,0,1,0,0,0,0,0,0,0,0,0
2026-03-21T16:18:07Z,874.548,3068,-5641,-10080.299805,1439.800049,9.3,0.1,2.4,0,0,0,0,0,0,0,1,0,0,0,0,0,0,0,0,0
2026-03-21T16:18:07Z,874.803,3069,-5641,-10080.299805,1439.800049,9.3,0.1,2.4,0,0,0,0,0,0,0,1,0,0,0,0,0,0,0,0,0
2026-03-21T16:18:07Z,875.063,3070,-5640.800293,-10078.900391,1439.800049,8.1,0.3,2.8,0,0,0,0,0,0,0,0,0,0,0,0,0,0,0,0,0
