iso_time_utc,elapsed_s,step_idx,rover_pos_x,rover_pos_y,rover_pos_z,heading,pitch,roll,lidar_00_front_left_wheel_hub_yaw_p30_yaw_30_pitch_0_cm_is_obstacle,lidar_01_front_left_frame_yaw_p20_pitch_n20_yaw_20_pitch_-20_cm_is_obstacle,lidar_02_front_center_frame_forward_yaw_0_pitch_0_cm_is_obstacle,lidar_03_front_right_frame_yaw_n20_pitch_n20_yaw_-20_pitch_-20_cm_is_obstacle,lidar_04_front_right_wheel_hub_yaw_n30_yaw_-30_pitch_0_cm_is_obstacle,lidar_05_front_left_frame_pitch_n25_yaw_0_pitch_-25_cm_is_obstacle,lidar_06_front_right_frame_pitch_n25_yaw_0_pitch_-25_cm_is_obstacle,lidar_07_left_mid_frame_left_pitch_n20_yaw_90_pitch_-20_cm_is_obstacle,lidar_08_right_mid_frame_right_pitch_n20_yaw_-90_pitch_-20_cm_is_obstacle,lidar_09_rear_left_wheel_hub_back_yaw_p40_yaw_140_pitch_0_cm_is_obstacle,lidar_10_rear_left_frame_backward_yaw_180_pitch_0_cm_is_obstacle,lidar_11_rear_right_frame_backward_yaw_180_pitch_0_cm_is_obstacle,lidar_12_rear_right_wheel_hub_back_yaw_n40_yaw_-140_pitch_0_cm_is_obstacle,lidar_13_front_left_frame_yaw_p20_pitch_n10_yaw_20_pitch_-10_cm_is_obstacle,lidar_14_front_right_frame_yaw_n20_pitch_n10_yaw_-20_pitch_-10_cm_is_obstacle,lidar_15_front_left_wheel_hub_yaw_p15_yaw_15_pitch_0_cm_is_obstacle,lidar_16_front_right_wheel_hub_yaw_n15_yaw_-15_pitch_0_cm_is_obstacle
2026-03-22T00:06:48Z,1068.924,3757,-5628.600098,-10053.400391,1439.400024,84,7.3,-7.7,0,0,0,0,0,0,0,0,0,0,0,0,0,0,0,0,0
2026-03-22T00:06:48Z,1069.556,3758,-5628.600098,-10053.400391,1439.400024,84,7.3,-7.7,0,0,0,0,0,0,0,0,0,0,0,0,0,0,0,0,0
2026-03-22T00:06:49Z,1070.281,3759,-5627.600098,-10053.200195,1439.5,84.099998,-5,2,0,0,0,0,0,0,0,0,0,0,0,0,0,0,0,0,0
2026-03-22T00:06:49Z,1070.850,3760,-5626.600098,-10053.200195,1439.400024,85.400002,-6.1,3.7,0,0,0,0,0,0,0,0,0,0,0,0,0,0,0,0,0
2026-03-22T00:06:50Z,1071.482,3761,-5626.600098,-10053.200195,1439.400024,85.400002,-6.1,3.7,0,0,0,0,0,0,0,0,0,0,0,0,0,0,0,0,0
2026-03-22T00:06:51Z,1072.138,3762,-5625.399902,-10053.299805,1439.400024,90.099998,2,-1.1,0,0,0,0,0,0,0,0,0,0,0,0,0,0,0,0,0
2026-03-22T00:06:51Z,1072.774,3763,-5625.399902,-10053.299805,1439.400024,90.099998,2,-1.1,0,0,0,0,0,0,0,0,0,0,0,0,0,0,0,0,0
2026-03-22T00:06:52Z,1073.362,3764,-5624.399902,-10053.400391,1439.300049,93.800003,-0.9,-0.4,0,0,0,0,0,0,0,0,0,0,0,0,0,0,0,0,0
2026-03-22T00:06:53Z,1073.991,3765,-5623.600098,-10053.700195,1439.200073,104.700005,-5.5,-1.8,0,0,0,0,0,0,0,0,0,0,0,0,0,0,0,0,0
2026-03-22T00:06:54Z,1075.533,3766,-5622.700195,-10054.200195,1439.200073,114.800003,-2.7,-1.6,0,0,0,0,0,0,0,0,0,0,0,0,0,0,0,0,0
2026-03-22T00:06:55Z,1076.375,3767,-5622.100098,-10054.600586,1439.200073,119.800003,-1.1,-1,0,0,0,0,0,0,0,0,0,0,0,0,0,0,0,0,0
2026-03-22T00:06:56Z,1077.212,3768,-5621.399902,-10055.200195,1439.099976,126.400002,-3.3,-2.3,0,0,0,0,0,0,0,0,0,0,0,0,0,0,0,0,0
2026-03-22T00:06:57Z,1078.087,3769,-5621,-10055.799805,1439.099976,136.100006,-4.5,-4.1,0,0,0,0,0,0,0,0,0,0,0,0,0,0,0,0,0
2026-03-22T00:06:58Z,1078.814,3770,-5621,-10055.799805,1439.099976,136.100006,-4.5,-4.1,0,0,0,0,0,0,0,0,0,0,0,0,0,0,0,0,0
2026-03-22T00:06:58Z,1079.597,3771,-5620.600098,-10056.600586,1439,144.900009,-2.5,-3.4,0,0,0,0,0,0,0,0,0,0,0,0,0,0,0,0,0
2026-03-22T00:07:00Z,1080.476,3772,-5620.300293,-10057.299805,1439,152.300003,-1.5,-3,0,0,0,0,0,0,0,0,0,0,0,0,0,0,0,0,0
2026-03-22T00:07:01Z,1081.876,3773,-5620.100098,-10058.299805,1439,162.400009,-2.6,-4.4,0,0,0,0,0,0,0,0,0,0,0,0,0,0,0,0,0
2026-03-22T00:07:01Z,1082.593,3774,-5620.100098,-10059.200195,1439,173.400009,-3,-5.4,0,0,0,0,0,0,0,0,0,0,0,0,0,0,0,0,0
2026-03-22T00:07:02Z,1083.333,3775,-5620.200195,-10059.799805,1439,181.699997,-1.3,-4.9,0,0,0,0,0,0,0,0,0,0,0,0,0,0,0,0,0
2026-03-22T00:07:03Z,1084.040,3776,-5620.5,-10060.799805,1439,190.800003,1.8,-2.9,0,0,0,0,0,0,0,0,0,0,0,0,0,0,0,0,0
2026-03-22T00:07:03Z,1084.748,3777,-5620.5,-10060.799805,1439,190.800003,1.8,-2.9,0,0,0,0,0,0,0,0,0,0,0,0,0,0,0,0,0
2026-03-22T00:07:04Z,1085.430,3778,-5620.899902,-10061.700195,1439,198.300003,0.8,-3.6,0,0,0,0,0,0,0,0,0,0,0,0,0,0,0,0,0
2026-03-22T00:07:05Z,1086.069,3779,-5621.399902,-10062.400391,1439,208.900009,-1.5,-6.3,0,0,0,0,0,0,0,0,0,0,0,0,0,0,0,0,0
2026-03-22T00:07:05Z,1086.722,3780,-5621.399902,-10062.400391,1439,208.900009,-1.5,-6.3,0,0,0,0,0,0,0,0,0,0,0,0,0,0,0,0,0
2026-03-22T00:07:06Z,1087.386,3781,-5622.100098,-10063.100586,1439,218.400009,1.1,-5.2,0,0,0,0,0,0,0,0,0,0,0,0,0,0,0,0,0
2026-03-22T00:07:07Z,1088.120,3782,-5622.800293,-10063.799805,1439,222.400009,3.4,-2.7,0,0,0,0,0,0,0,0,0,0,0,0,0,0,0,0,0
2026-03-22T00:07:07Z,1088.846,3783,-5622.800293,-10063.799805,1439,222.400009,3.4,-2.7,0,0,0,0,0,0,0,0,0,0,0,0,0,0,0,0,0
2026-03-22T00:07:08Z,1089.467,3784,-5623.5,-10064.5,1439.099976,224.400009,2,-2.8,0,0,0,0,0,0,0,0,0,0,0,0,0,0,0,0,0
2026-03-22T00:07:09Z,1090.079,3785,-5624.300293,-10065.299805,1439.099976,225.199997,0.3,-3.2,0,0,0,0,0,0,0,0,0,0,0,0,0,0,0,0,0
2026-03-22T00:07:09Z,1090.675,3786,-5624.300293,-10065.299805,1439.099976,225.199997,0.3,-3.2,0,0,0,0,0,0,0,0,0,0,0,0,0,0,0,0,0
2026-03-22T00:07:10Z,1091.271,3787,-5625,-10066,1439.099976,225.199997,0.9,-2.8,0,0,0,0,0,0,0,0,0,0,0,0,0,0,0,0,0
2026-03-22T00:07:10Z,1091.857,3788,-5625,-10066,1439.099976,225.199997,0.9,-2.8,0,0,0,0,0,0,0,0,0,0,0,0,0,0,0,0,0
2026-03-22T00:07:11Z,1092.453,3789,-5625.800293,-10066.700195,1439.099976,225.100006,1.9,-2.5,0,0,0,0,0,0,0,0,0,0,0,0,0,0,0,0,0
2026-03-22T00:07:12Z,1093.077,3790,-5626.5,-10067.400391,1439.099976,227.400009,1.6,-3.2,0,0,0,0,0,0,0,0,0,0,0,0,0,0,0,0,0
2026-03-22T00:07:12Z,1093.755,3791,-5626.5,-10067.400391,1439.099976,227.400009,1.6,-3.2,0,0,0,0,0,0,0,0,0,0,0,0,0,0,0,0,0
2026-03-22T00:07:13Z,1094.423,3792,-5627.399902,-10068,1439.200073,232.5,2.2,-3.4,0,0,1,0,0,0,0,0,0,0,0,0,0,0,0,0,0
2026-03-22T00:07:14Z,1094.994,3793,-5628.300293,-10068.5,1439.200073,237.800003,2.3,-2.8,0,0,1,0,0,0,0,0,0,0,0,0,0,0,0,0,0
2026-03-22T00:07:14Z,1095.571,3794,-5628.300293,-10068.5,1439.200073,237.800003,2.3,-2.8,0,0,1,0,0,0,0,0,0,0,0,0,0,0,0,0,0
2026-03-22T00:07:15Z,1096.226,3795,-5629.300293,-10069,1439.300049,241.800003,2,-1.7,0,0,0,0,0,0,0,0,0,0,0,0,0,0,0,0,0
2026-03-22T00:07:16Z,1096.801,3796,-5629.300293,-10069,1439.300049,241.800003,2,-1.7,0,0,0,0,0,0,0,0,0,0,0,0,0,0,0,0,0
2026-03-22T00:07:16Z,1097.813,3797,-5630.200195,-10069.400391,1439.300049,244.100006,2,-1.3,0,0,0,0,1,0,0,0,0,0,0,0,0,0,0,0,0
2026-03-22T00:07:17Z,1098.371,3798,-5631.200195,-10069.900391,1439.300049,245.400009,1.8,-1.2,0,0,0,0,1,0,0,0,0,0,0,0,0,0,0,0,0
2026-03-22T00:07:17Z,1098.881,3799,-5631.200195,-10069.900391,1439.300049,245.400009,1.8,-1.2,0,0,0,0,1,0,0,0,0,0,0,0,0,0,0,0,0
2026-03-22T00:07:18Z,1099.462,3800,-5632.200195,-10070.299805,1439.400024,246,1.5,-0.8,0,0,0,0,1,0,0,0,0,0,0,0,0,0,0,0,0
2026-03-22T00:07:18Z,1099.995,3801,-5633.100098,-10070.700195,1439.400024,246.300003,1.6,-0.7,0,0,0,0,0,0,0,0,0,0,0,0,0,0,0,0,0
2026-03-22T00:07:19Z,1100.477,3802,-5633.100098,-10070.700195,1439.400024,246.300003,1.6,-0.7,0,0,0,0,0,0,0,0,0,0,0,0,0,0,0,0,0
2026-03-22T00:07:19Z,1100.971,3803,-5634.100098,-10071.100586,1439.400024,246.5,2.1,-0.7,0,0,0,0,0,0,0,0,0,0,0,0,0,0,0,0,0
2026-03-22T00:07:20Z,1101.452,3804,-5634.100098,-10071.100586,1439.400024,246.5,2.1,-0.7,0,0,0,0,0,0,0,0,0,0,0,0,0,0,0,0,0
2026-03-22T00:07:20Z,1102.013,3805,-5635,-10071.5,1439.5,246.5,2.4,-0.5,0,0,0,0,0,0,0,0,0,0,0,0,0,0,0,0,0
2026-03-22T00:07:21Z,1102.499,3806,-5635,-10071.5,1439.5,246.5,2.4,-0.5,0,0,0,0,0,0,0,0,0,0,0,0,0,0,0,0,0
2026-03-22T00:07:21Z,1103.027,3807,-5635.899902,-10071.900391,1439.5,246.900009,2.4,-0.3,0,0,0,0,0,0,0,0,0,0,0,0,0,0,0,0,0
2026-03-22T00:07:22Z,1103.498,3808,-5635.899902,-10071.900391,1439.5,246.900009,2.4,-0.3,0,0,0,0,0,0,0,0,0,0,0,0,0,0,0,0,0
2026-03-22T00:07:22Z,1103.987,3809,-5635.899902,-10071.900391,1439.5,246.900009,2.4,-0.3,0,0,0,0,0,0,0,0,0,0,0,0,0,0,0,0,0
2026-03-22T00:07:23Z,1104.448,3810,-5636.899902,-10072.299805,1439.599976,247.199997,2.4,-0.1,0,0,0,0,0,0,0,0,1,0,0,0,0,0,0,0,0
2026-03-22T00:07:23Z,1104.915,3811,-5637.700195,-10072.700195,1439.599976,247.199997,2.4,0,0,0,0,0,0,1,0,0,1,0,0,0,0,0,0,0,0
2026-03-22T00:07:24Z,1105.440,3812,-5637.700195,-10072.700195,1439.599976,247.199997,2.4,0,0,0,0,0,0,1,0,0,1,0,0,0,0,0,0,0,0
2026-03-22T00:07:24Z,1105.889,3813,-5637.700195,-10072.700195,1439.599976,247.199997,2.4,0,0,0,0,0,0,1,0,0,1,0,0,0,0,0,0,0,0
2026-03-22T00:07:25Z,1106.322,3814,-5638.600098,-10073,1439.599976,247.199997,2.6,0,0,0,0,0,0,1,0,0,0,0,0,0,0,0,1,0,0
2026-03-22T00:07:25Z,1106.745,3815,-5638.600098,-10073,1439.599976,247.199997,2.6,0,0,0,0,0,0,1,0,0,0,0,0,0,0,0,1,0,0
2026-03-22T00:07:26Z,1107.208,3816,-5639.5,-10073.400391,1439.700073,247.199997,2.8,0,0,0,0,1,0,1,0,0,0,0,0,0,0,0,1,0,0
2026-03-22T00:07:26Z,1107.629,3817,-5639.5,-10073.400391,1439.700073,247.199997,2.8,0,0,0,0,1,0,1,0,0,0,0,0,0,0,0,1,0,0
2026-03-22T00:07:27Z,1108.187,3818,-5640.5,-10073.799805,1439.700073,247.400009,2.9,0.1,0,1,0,1,0,1,1,0,0,0,0,0,0,0,1,0,0
2026-03-22T00:07:27Z,1108.633,3819,-5640.5,-10073.799805,1439.700073,247.400009,2.9,0.1,0,1,0,1,0,1,1,0,0,0,0,0,0,0,1,0,0
2026-03-22T00:07:27Z,1109.062,3820,-5641.399902,-10074.200195,1439.800049,247.600006,2.8,0.1,0,0,0,0,0,1,0,0,0,0,0,0,0,0,0,0,0
2026-03-22T00:07:28Z,1109.513,3821,-5641.399902,-10074.200195,1439.800049,247.600006,2.8,0.1,0,0,0,0,0,1,0,0,0,0,0,0,0,0,0,0,0
2026-03-22T00:07:28Z,1109.943,3822,-5641.700195,-10074,1439.800049,235.900009,-0.1,-1.3,0,1,0,1,0,1,0,0,0,0,0,0,0,0,1,0,1
2026-03-22T00:07:29Z,1110.474,3823,-5641.700195,-10074,1439.800049,235.900009,-0.1,-1.3,0,1,0,1,0,1,0,0,0,0,0,0,0,0,1,0,1
2026-03-22T00:07:29Z,1110.910,3824,-5641.700195,-10074,1439.800049,235.900009,-0.1,-1.3,0,1,0,1,0,1,0,0,0,0,0,0,0,0,1,0,1
2026-03-22T00:07:30Z,1111.395,3825,-5641.899902,-10073.799805,1439.800049,226.100006,3,0.7,0,1,0,0,0,1,0,0,0,0,0,0,0,0,0,0,0
2026-03-22T00:07:30Z,1111.808,3826,-5641.899902,-10073.799805,1439.800049,225.100006,4.6,1.4,0,1,0,0,0,1,0,0,0,0,0,0,0,0,0,0,0
2026-03-22T00:07:31Z,1112.285,3827,-5641.899902,-10073.799805,1439.800049,225.100006,4.6,1.4,0,1,0,0,0,1,0,0,0,0,0,0,0,0,0,0,0
2026-03-22T00:07:31Z,1112.696,3828,-5641.899902,-10073.799805,1439.800049,225.100006,4.6,1.4,0,1,0,0,0,1,0,0,0,0,0,0,0,0,0,0,0
2026-03-22T00:07:32Z,1113.100,3829,-5641.899902,-10073.799805,1439.800049,225.199997,2.2,-1.3,0,1,0,1,0,1,0,0,0,0,0,0,0,0,0,0,0
2026-03-22T00:07:32Z,1113.607,3830,-5641.899902,-10073.799805,1439.800049,225.199997,2.2,-1.3,0,1,0,1,0,1,0,0,0,0,0,0,0,0,0,0,0
2026-03-22T00:07:32Z,1114.035,3831,-5642,-10073.799805,1439.800049,225.699997,3.2,-0.4,0,1,0,0,0,1,0,0,0,0,0,0,0,0,0,0,0
2026-03-22T00:07:33Z,1114.445,3832,-5642,-10073.799805,1439.800049,225.699997,3.2,-0.4,0,1,0,0,0,1,0,0,0,0,0,0,0,0,0,0,0
2026-03-22T00:07:33Z,1114.910,3833,-5642,-10073.900391,1439.800049,226.400009,3.2,-0.5,0,1,0,0,0,1,0,0,0,0,0,0,0,0,0,0,0
2026-03-22T00:07:34Z,1115.405,3834,-5642,-10073.900391,1439.800049,226.400009,3.2,-0.5,0,1,0,0,0,1,0,0,0,0,0,0,0,0,0,0,0
2026-03-22T00:07:34Z,1115.822,3835,-5642,-10073.900391,1439.800049,226.400009,3.2,-0.5,0,1,0,0,0,1,0,0,0,0,0,0,0,0,0,0,0
2026-03-22T00:07:35Z,1116.243,3836,-5642,-10073.900391,1439.800049,226.600006,3,-1.1,0,1,0,0,0,1,0,0,0,0,0,0,0,0,0,0,0
2026-03-22T00:07:35Z,1116.643,3837,-5642,-10073.900391,1439.800049,226.600006,3,-1.1,0,1,0,0,0,1,0,0,0,0,0,0,0,0,0,0,0
2026-03-22T00:07:36Z,1117.331,3838,-5642,-10073.900391,1439.800049,226.699997,3.6,-0.8,0,1,0,0,0,1,0,0,0,0,0,0,0,0,0,0,1
2026-03-22T00:07:36Z,1117.819,3839,-5642,-10073.900391,1439.800049,226.699997,3.6,-0.8,0,1,0,0,0,1,0,0,0,0,0,0,0,0,0,0,1
2026-03-22T00:07:37Z,1118.295,3840,-5642,-10073.900391,1439.800049,226.800003,3.5,-0.9,0,1,0,0,0,1,0,0,0,0,0,0,0,0,0,0,1
2026-03-22T00:07:37Z,1118.720,3841,-5642,-10073.900391,1439.800049,226.800003,3.5,-0.9,0,1,0,0,0,1,0,0,0,0,0,0,0,0,0,0,1
2026-03-22T00:07:38Z,1119.194,3842,-5642,-10073.900391,1439.800049,227,3.2,-0.9,0,1,0,1,0,1,0,0,0,0,0,0,0,0,0,0,1
2026-03-22T00:07:38Z,1119.630,3843,-5642,-10073.900391,1439.800049,227,3.2,-0.9,0,1,0,1,0,1,0,0,0,0,0,0,0,0,0,0,1
2026-03-22T00:07:38Z,1120.041,3844,-5642,-10073.900391,1439.800049,227.100006,3.2,-0.8,0,1,0,1,0,1,0,0,0,0,0,0,0,0,0,0,1
2026-03-22T00:07:39Z,1120.478,3845,-5642,-10073.900391,1439.800049,227.100006,3.2,-0.8,0,1,0,1,0,1,0,0,0,0,0,0,0,0,0,0,1
2026-03-22T00:07:39Z,1120.861,3846,-5642,-10073.900391,1439.800049,227.100006,2,-0.4,0,1,0,1,0,1,0,0,0,0,0,0,0,0,0,0,0
2026-03-22T00:07:40Z,1121.255,3847,-5642,-10073.900391,1439.800049,227.100006,2,-0.4,0,1,0,1,0,1,0,0,0,0,0,0,0,0,0,0,0
2026-03-22T00:07:40Z,1121.628,3848,-5642,-10073.900391,1439.800049,227.100006,2,-0.4,0,1,0,1,0,1,0,0,0,0,0,0,0,0,0,0,0
2026-03-22T00:07:40Z,1122.028,3849,-5641.800293,-10073.700195,1439.800049,226.800003,1.1,-0.3,0,1,0,1,0,1,0,0,0,0,0,0,0,0,0,0,0
2026-03-22T00:07:41Z,1122.460,3850,-5641.800293,-10073.700195,1439.800049,226.800003,1.1,-0.3,0,1,0,1,0,1,0,0,0,0,0,0,0,0,0,0,0
2026-03-22T00:07:41Z,1122.861,3851,-5641.800293,-10073.700195,1439.800049,226.800003,1.1,-0.3,0,1,0,1,0,1,0,0,0,0,0,0,0,0,0,0,0
2026-03-22T00:07:42Z,1123.255,3852,-5641.5,-10073.5,1439.800049,226.199997,2.3,-0.5,0,0,0,1,0,1,0,0,0,0,0,0,0,0,0,0,0
2026-03-22T00:07:42Z,1123.658,3853,-5641.5,-10073.5,1439.800049,226.199997,2.3,-0.5,0,0,0,1,0,1,0,0,0,0,0,0,0,0,0,0,0
2026-03-22T00:07:42Z,1124.048,3854,-5641.100098,-10073.100586,1439.700073,225.400009,2.4,-0.5,0,0,0,1,0,0,0,0,0,0,0,0,0,0,0,0,0
2026-03-22T00:07:43Z,1124.442,3855,-5641.100098,-10073.100586,1439.700073,225.400009,2.4,-0.5,0,0,0,1,0,0,0,0,0,0,0,0,0,0,0,0,0
2026-03-22T00:07:43Z,1124.827,3856,-5641.100098,-10073.100586,1439.700073,225.400009,2.4,-0.5,0,0,0,1,0,0,0,0,0,0,0,0,0,0,0,0,0
2026-03-22T00:07:44Z,1125.192,3857,-5640.700195,-10072.700195,1439.700073,224.699997,1.6,-0.6,0,0,0,1,0,1,0,0,0,0,0,0,0,0,0,0,0
2026-03-22T00:07:44Z,1125.610,3858,-5640.700195,-10072.700195,1439.700073,224.699997,1.6,-0.6,0,0,0,1,0,1,0,0,0,0,0,0,0,0,0,0,0
2026-03-22T00:07:44Z,1126.010,3859,-5640.300293,-10072.5,1439.700073,223.199997,1.9,-1.9,0,0,1,0,0,0,1,0,0,0,0,0,0,0,0,0,0
2026-03-22T00:07:45Z,1126.374,3860,-5640.300293,-10072.5,1439.700073,223.199997,1.9,-1.9,0,0,1,0,0,0,1,0,0,0,0,0,0,0,0,0,0
2026-03-22T00:07:45Z,1126.751,3861,-5640.300293,-10072.5,1439.700073,223.199997,1.9,-1.9,0,0,1,0,0,0,1,0,0,0,0,0,0,0,0,0,0
2026-03-22T00:07:45Z,1127.129,3862,-5640,-10072.5,1439.700073,220.199997,2.5,-1.5,0,0,1,0,0,0,1,0,0,0,0,0,0,0,0,0,0
2026-03-22T00:07:46Z,1127.493,3863,-5640,-10072.5,1439.700073,220.199997,2.5,-1.5,0,0,1,0,0,0,1,0,0,0,0,0,0,0,0,0,0
2026-03-22T00:07:51Z,1127.864,3864,-5639.700195,-10072.400391,1439.700073,216.199997,1.8,-2.8,0,0,1,0,0,0,1,0,0,0,0,0,0,0,0,0,0
2026-03-22T00:07:52Z,1133.470,3865,-5639.600098,-10072.400391,1439.700073,213.300003,2.3,-1.3,0,0,1,0,0,0,0,0,0,0,0,0,0,0,0,0,0
2026-03-22T00:07:53Z,1134.445,3866,-5639.600098,-10072.400391,1439.700073,213.300003,2.5,-1.1,0,0,1,0,0,0,0,0,0,0,0,0,0,0,0,0,0
2026-03-22T00:07:53Z,1134.829,3867,-5639.600098,-10072.400391,1439.700073,213.300003,2.5,-1.1,0,0,1,0,0,0,0,0,0,0,0,0,0,0,0,0,0
2026-03-22T00:07:54Z,1135.257,3868,-5639.600098,-10072.400391,1439.700073,213.400009,2.6,-1.2,0,0,1,0,0,0,0,0,0,0,0,0,0,0,0,0,0
2026-03-22T00:07:55Z,1135.697,3869,-5639.600098,-10072.400391,1439.700073,213.400009,2.6,-1.2,0,0,1,0,0,0,0,0,0,0,0,0,0,0,0,0,0
2026-03-22T00:07:55Z,1136.833,3870,-5639.700195,-10072.5,1439.700073,215.100006,2.7,-1.1,0,0,1,0,0,0,0,0,0,0,0,0,0,0,0,0,0
2026-03-22T00:07:56Z,1137.272,3871,-5639.700195,-10072.5,1439.700073,215.100006,2.7,-1.1,0,0,1,0,0,0,0,0,0,0,0,0,0,0,0,0,0
2026-03-22T00:07:56Z,1137.811,3872,-5639.700195,-10072.5,1439.700073,215.100006,2.7,-1.1,0,0,1,0,0,0,0,0,0,0,0,0,0,0,0,0,0
2026-03-22T00:07:57Z,1138.242,3873,-5639.800293,-10072.600586,1439.700073,216.699997,2.7,-1.1,0,0,1,0,0,1,0,0,0,0,0,0,0,0,0,0,0
2026-03-22T00:07:57Z,1138.702,3874,-5639.800293,-10072.600586,1439.700073,216.699997,2.7,-1.1,0,0,1,0,0,1,0,0,0,0,0,0,0,0,0,0,0
2026-03-22T00:07:58Z,1139.103,3875,-5639.899902,-10072.700195,1439.700073,218.600006,2.7,-1,0,0,1,0,0,0,0,0,0,0,0,0,0,0,0,0,0
2026-03-22T00:07:58Z,1139.631,3876,-5639.899902,-10072.700195,1439.700073,218.600006,2.7,-1,0,0,1,0,0,0,0,0,0,0,0,0,0,0,0,0,0
2026-03-22T00:07:58Z,1140.099,3877,-5640.100098,-10072.799805,1439.700073,221,2.8,-0.9,0,0,1,0,0,0,0,0,0,0,0,0,0,0,0,0,0
2026-03-22T00:07:59Z,1140.486,3878,-5640.100098,-10072.799805,1439.700073,221,2.8,-0.9,0,0,1,0,0,0,0,0,0,0,0,0,0,0,0,0,0
2026-03-22T00:07:59Z,1140.894,3879,-5640.300293,-10072.900391,1439.700073,223.5,2.8,-0.8,0,0,1,0,0,0,0,0,0,0,0,0,0,0,0,0,0
2026-03-22T00:08:00Z,1141.323,3880,-5640.300293,-10072.900391,1439.700073,223.5,2.8,-0.8,0,0,1,0,0,0,0,0,0,0,0,0,0,0,0,0,0
2026-03-22T00:08:01Z,1142.372,3881,-5640.5,-10073,1439.700073,226.300003,2.9,-0.7,0,0,0,0,0,0,0,0,0,0,0,0,0,0,0,0,0
2026-03-22T00:08:01Z,1142.787,3882,-5640.5,-10073,1439.700073,226.300003,2.9,-0.7,0,0,0,0,0,0,0,0,0,0,0,0,0,0,0,0,0
2026-03-22T00:08:02Z,1143.166,3883,-5640.700195,-10073.100586,1439.700073,229.5,2.9,-0.6,0,0,0,1,0,1,0,0,0,0,0,0,0,0,1,0,1
2026-03-22T00:08:02Z,1143.746,3884,-5640.700195,-10073.100586,1439.700073,229.5,2.9,-0.6,0,0,0,1,0,1,0,0,0,0,0,0,0,0,1,0,1
2026-03-22T00:08:03Z,1144.517,3885,-5640.899902,-10073.200195,1439.700073,232.600006,2.9,-0.4,0,0,0,1,0,1,0,0,0,0,0,0,0,0,1,0,0
2026-03-22T00:08:03Z,1144.901,3886,-5640.899902,-10073.200195,1439.700073,232.600006,2.9,-0.4,0,0,0,1,0,1,0,0,0,0,0,0,0,0,1,0,0
2026-03-22T00:08:04Z,1145.282,3887,-5641.200195,-10073.299805,1439.700073,236.199997,3,-0.2,0,1,0,1,0,1,1,0,0,0,0,0,0,0,1,0,0
2026-03-22T00:08:04Z,1145.671,3888,-5641.200195,-10073.299805,1439.700073,236.199997,3,-0.2,0,1,0,1,0,1,1,0,0,0,0,0,0,0,1,0,0
2026-03-22T00:08:04Z,1146.035,3889,-5641.5,-10073.400391,1439.700073,239.400009,2.9,0,0,1,0,0,0,1,1,0,0,0,0,0,0,0,0,0,0
2026-03-22T00:08:05Z,1146.424,3890,-5641.5,-10073.400391,1439.700073,239.400009,2.9,0,0,1,0,0,0,1,1,0,0,0,0,0,0,0,0,0,0
2026-03-22T00:08:05Z,1146.784,3891,-5641.5,-10073.400391,1439.700073,239.400009,2.9,0,0,1,0,0,0,1,1,0,0,0,0,0,0,0,0,0,0
2026-03-22T00:08:05Z,1147.154,3892,-5641.800293,-10073.400391,1439.800049,243.100006,2.9,0.2,0,1,0,0,0,1,0,0,0,0,0,0,0,0,0,0,0
2026-03-22T00:08:06Z,1147.521,3893,-5641.800293,-10073.400391,1439.800049,243.100006,2.9,0.2,0,1,0,0,0,1,0,0,0,0,0,0,0,0,0,0,0
2026-03-22T00:08:06Z,1147.887,3894,-5642.100098,-10073.400391,1439.800049,245.5,2.7,0.7,0,1,0,0,0,1,0,0,0,0,0,0,0,0,0,0,0
2026-03-22T00:08:07Z,1148.339,3895,-5642.100098,-10073.400391,1439.800049,245.5,2.7,0.7,0,1,0,0,0,1,0,0,0,0,0,0,0,0,0,0,0
2026-03-22T00:08:07Z,1148.818,3896,-5642.100098,-10073.400391,1439.800049,243.699997,2.6,1.8,0,1,0,0,0,1,0,0,0,0,0,0,0,0,0,0,0
2026-03-22T00:08:08Z,1149.209,3897,-5642.100098,-10073.400391,1439.800049,243.699997,2.6,1.8,0,1,0,0,0,1,0,0,0,0,0,0,0,0,0,0,0
2026-03-22T00:08:08Z,1149.693,3898,-5642.100098,-10073.400391,1439.800049,243.699997,2.6,1.8,0,1,0,0,0,1,0,0,0,0,0,0,0,0,0,0,0
2026-03-22T00:08:08Z,1150.085,3899,-5642.200195,-10073.400391,1439.800049,243.900009,3.3,1.3,0,0,0,0,0,1,0,0,0,0,0,0,0,0,0,0,0
2026-03-22T00:08:09Z,1150.495,3900,-5642.200195,-10073.400391,1439.800049,243.900009,3.3,1.3,0,0,0,0,0,1,0,0,0,0,0,0,0,0,0,0,0
2026-03-22T00:08:09Z,1150.915,3901,-5642.200195,-10073.400391,1439.800049,243.800003,3.7,1,0,0,0,0,0,1,0,0,0,0,0,0,0,0,0,0,0
2026-03-22T00:08:10Z,1151.345,3902,-5642.200195,-10073.400391,1439.800049,243.800003,3.7,1,0,0,0,0,0,1,0,0,0,0,0,0,0,0,0,0,0
2026-03-22T00:08:10Z,1151.938,3903,-5642.200195,-10073.400391,1439.800049,243.699997,3.6,1.1,0,0,0,0,0,1,0,0,0,0,0,0,0,0,0,0,0
2026-03-22T00:08:11Z,1152.328,3904,-5642.200195,-10073.400391,1439.800049,243.699997,3.6,1.1,0,0,0,0,0,1,0,0,0,0,0,0,0,0,0,0,0
2026-03-22T00:08:11Z,1152.730,3905,-5642.200195,-10073.400391,1439.800049,243.699997,3.6,1.1,0,0,0,0,0,1,0,0,0,0,0,0,0,0,0,0,0
2026-03-22T00:08:12Z,1153.464,3906,-5642.200195,-10073.400391,1439.800049,243.600006,3.3,1.1,0,0,0,0,0,1,0,0,0,0,0,0,0,0,0,0,0
2026-03-22T00:08:12Z,1153.918,3907,-5642.200195,-10073.400391,1439.800049,243.600006,3.3,1,0,0,0,0,0,1,0,0,0,0,0,0,0,0,0,0,0
2026-03-22T00:08:13Z,1154.402,3908,-5642.200195,-10073.400391,1439.800049,243.600006,3.3,1,0,0,0,0,0,1,0,0,0,0,0,0,0,0,0,0,0
2026-03-22T00:08:13Z,1154.810,3909,-5642.200195,-10073.400391,1439.800049,243.600006,3.3,1,0,0,0,0,0,1,0,0,0,0,0,0,0,0,0,0,0
2026-03-22T00:08:14Z,1155.350,3910,-5642.200195,-10073.400391,1439.800049,243.5,3.5,1.1,0,0,0,0,0,1,0,0,0,0,0,0,0,0,0,0,0
2026-03-22T00:08:15Z,1156.313,3911,-5642.100098,-10073.299805,1439.800049,243.300003,2,0.7,0,1,0,0,0,1,0,0,0,0,0,0,0,0,0,0,0
2026-03-22T00:08:15Z,1156.726,3912,-5642.100098,-10073.299805,1439.800049,243.300003,2,0.7,0,1,0,0,0,1,0,0,0,0,0,0,0,0,0,0,0
2026-03-22T00:08:16Z,1157.253,3913,-5642,-10073.200195,1439.800049,243.5,1.1,0.3,0,1,0,0,0,1,1,0,0,0,0,0,0,0,0,0,0
2026-03-22T00:08:16Z,1157.592,3914,-5642,-10073.200195,1439.800049,243.5,1.1,0.3,0,1,0,0,0,1,1,0,0,0,0,0,0,0,0,0,0
2026-03-22T00:08:17Z,1158.003,3915,-5642,-10073.200195,1439.800049,243.5,1.1,0.3,0,1,0,0,0,1,1,0,0,0,0,0,0,0,0,0,0
2026-03-22T00:08:17Z,1158.651,3916,-5641.700195,-10073.100586,1439.800049,244.100006,2.3,0.6,0,1,0,0,0,1,1,0,0,0,0,0,0,0,0,0,0
2026-03-22T00:08:18Z,1159.190,3917,-5641.300293,-10072.900391,1439.700073,244.699997,2.5,0.5,0,1,0,0,0,1,1,0,0,0,0,0,0,0,0,0,0
2026-03-22T00:08:18Z,1159.685,3918,-5641.300293,-10072.900391,1439.700073,244.699997,2.5,0.5,0,1,0,0,0,1,1,0,0,0,0,0,0,0,0,0,0
2026-03-22T00:08:18Z,1160.091,3919,-5640.800293,-10072.600586,1439.700073,245.400009,1.8,0.4,0,0,0,0,0,1,0,0,0,0,0,0,0,0,0,0,0
2026-03-22T00:08:19Z,1160.485,3920,-5640.800293,-10072.600586,1439.700073,245.400009,1.8,0.4,0,0,0,0,0,1,0,0,0,0,0,0,0,0,0,0,0
2026-03-22T00:08:19Z,1160.912,3921,-5640.300293,-10072.400391,1439.700073,246.300003,1.5,0.4,0,0,0,0,0,1,0,0,0,0,0,0,0,0,0,0,0
2026-03-22T00:08:20Z,1161.285,3922,-5640.300293,-10072.400391,1439.700073,246.300003,1.5,0.4,0,0,0,0,0,1,0,0,0,0,0,0,0,0,0,0,0
2026-03-22T00:08:20Z,1161.665,3923,-5640.300293,-10072.400391,1439.700073,246.300003,1.5,0.4,0,0,0,0,0,1,0,0,0,0,0,0,0,0,0,0,0
2026-03-22T00:08:20Z,1162.032,3924,-5639.600098,-10072,1439.700073,247.400009,1.7,0.4,0,0,0,0,0,1,0,0,0,0,0,0,0,0,0,0,0
2026-03-22T00:08:21Z,1162.481,3925,-5639.600098,-10072,1439.700073,247.400009,1.7,0.4,0,0,0,0,0,1,0,0,0,0,0,0,0,0,0,0,0
2026-03-22T00:08:27Z,1162.897,3926,-5638.899902,-10071.700195,1439.599976,248.699997,1.6,0.3,0,1,0,0,0,1,0,0,0,0,0,0,0,0,0,0,0
2026-03-22T00:08:28Z,1169.153,3927,-5636.100098,-10070.600586,1439.5,253.100006,1.9,-0.3,0,0,0,0,0,0,0,0,0,0,0,0,0,0,0,0,0
2026-03-22T00:08:28Z,1170.058,3928,-5636.100098,-10070.600586,1439.5,253.199997,1.9,-0.2,0,0,0,0,0,0,0,0,0,0,0,0,0,0,0,0,0
2026-03-22T00:08:29Z,1170.453,3929,-5636.100098,-10070.600586,1439.5,253.199997,1.9,-0.2,0,0,0,0,0,0,0,0,0,0,0,0,0,0,0,0,0
2026-03-22T00:08:29Z,1170.825,3930,-5636.200195,-10070.600586,1439.5,253.600006,2.6,-0.3,0,0,0,0,0,0,0,0,0,0,0,0,0,0,0,0,0
2026-03-22T00:08:30Z,1171.227,3931,-5636.200195,-10070.600586,1439.5,253.600006,2.6,-0.3,0,0,0,0,0,0,0,0,0,0,0,0,0,0,0,0,0
2026-03-22T00:08:30Z,1171.605,3932,-5636.200195,-10070.600586,1439.5,253.600006,2.6,-0.3,0,0,0,0,0,0,0,0,0,0,0,0,0,0,0,0,0
2026-03-22T00:08:31Z,1172.089,3933,-5636.300293,-10070.600586,1439.5,254.5,2.3,-0.2,0,0,0,0,0,0,0,0,0,0,0,0,0,0,0,0,0
2026-03-22T00:08:31Z,1172.632,3934,-5636.300293,-10070.600586,1439.5,254.5,2.3,-0.2,0,0,0,0,0,0,0,0,0,0,0,0,0,0,0,0,0
2026-03-22T00:08:31Z,1172.987,3935,-5636.300293,-10070.600586,1439.5,255.600006,2.2,-0.1,0,0,0,0,0,0,0,0,0,0,0,0,0,0,0,0,0
2026-03-22T00:08:32Z,1173.405,3936,-5636.300293,-10070.600586,1439.5,255.600006,2.2,-0.1,0,0,0,0,0,0,0,0,0,0,0,0,0,0,0,0,0
2026-03-22T00:08:32Z,1173.822,3937,-5636.5,-10070.600586,1439.5,257,2.2,-0.1,0,0,0,0,0,0,0,0,0,0,0,0,0,0,0,0,0
2026-03-22T00:08:33Z,1174.286,3938,-5636.5,-10070.600586,1439.5,257,2.2,-0.1,0,0,0,0,0,0,0,0,0,0,0,0,0,0,0,0,0
2026-03-22T00:08:33Z,1174.634,3939,-5636.5,-10070.600586,1439.5,257,2.2,-0.1,0,0,0,0,0,0,0,0,0,0,0,0,0,0,0,0,0
2026-03-22T00:08:34Z,1175.228,3940,-5636.5,-10070.600586,1439.5,257.800018,1.7,-0.1,0,0,0,0,0,0,0,0,0,0,0,0,0,0,0,0,0
2026-03-22T00:08:34Z,1175.836,3941,-5636.5,-10070.600586,1439.5,257.899994,1.9,0,0,0,0,0,0,0,0,0,0,0,0,0,0,0,0,0,0
2026-03-22T00:08:35Z,1176.322,3942,-5636.5,-10070.600586,1439.5,257.899994,1.9,0,0,0,0,0,0,0,0,0,0,0,0,0,0,0,0,0,0
2026-03-22T00:08:36Z,1176.801,3943,-5636.5,-10070.600586,1439.5,257.899994,1.9,0,0,0,0,0,0,0,0,0,0,0,0,0,0,0,0,0,0
2026-03-22T00:08:36Z,1177.899,3944,-5636.5,-10070.600586,1439.5,258.100006,2.2,0,0,0,0,0,0,0,0,0,0,0,0,0,0,0,0,0,0
2026-03-22T00:08:37Z,1178.324,3945,-5636.5,-10070.600586,1439.5,258.100006,2.2,0,0,0,0,0,0,0,0,0,0,0,0,0,0,0,0,0,0
2026-03-22T00:08:37Z,1178.741,3946,-5636.5,-10070.600586,1439.5,258.100006,2.2,0,0,0,0,0,0,0,0,0,0,0,0,0,0,0,0,0,0
2026-03-22T00:08:38Z,1179.193,3947,-5636.5,-10070.600586,1439.5,258.100006,2,0.1,0,0,0,0,0,0,0,0,0,0,0,0,0,0,0,0,0
2026-03-22T00:08:38Z,1179.562,3948,-5636.5,-10070.600586,1439.5,258.100006,2,0.1,0,0,0,0,0,0,0,0,0,0,0,0,0,0,0,0,0
2026-03-22T00:08:38Z,1179.916,3949,-5636.5,-10070.600586,1439.5,258.200012,2,0.1,0,0,0,0,0,0,0,0,0,0,0,0,0,0,0,0,0
2026-03-22T00:08:39Z,1180.361,3950,-5636.5,-10070.600586,1439.5,258.200012,2,0.1,0,0,0,0,0,0,0,0,0,0,0,0,0,0,0,0,0
2026-03-22T00:08:40Z,1181.511,3951,-5636.5,-10070.600586,1439.5,258.200012,2,0.1,0,0,0,0,0,0,0,0,0,0,0,0,0,0,0,0,0
2026-03-22T00:08:40Z,1181.882,3952,-5636.5,-10070.600586,1439.5,258.200012,2,0.1,0,0,0,0,0,0,0,0,0,0,0,0,0,0,0,0,0
2026-03-22T00:08:41Z,1182.426,3953,-5636.399902,-10070.600586,1439.5,258.100006,1.2,0,0,0,0,0,0,0,0,0,0,0,0,0,0,0,0,0,0
2026-03-22T00:08:41Z,1182.932,3954,-5636.200195,-10070.5,1439.5,258.399994,0.9,-0.1,0,0,0,0,0,0,0,0,0,0,0,0,0,0,0,0,0
2026-03-22T00:08:42Z,1183.473,3955,-5636.200195,-10070.5,1439.5,258.399994,0.9,-0.1,0,0,0,0,0,0,0,0,0,0,0,0,0,0,0,0,0
2026-03-22T00:08:43Z,1184.010,3956,-5636.200195,-10070.5,1439.5,258.399994,0.9,-0.1,0,0,0,0,0,0,0,0,0,0,0,0,0,0,0,0,0
2026-03-22T00:08:43Z,1184.964,3957,-5635.5,-10070.400391,1439.5,259.600006,1.6,-0.2,0,0,0,0,0,0,0,0,0,0,0,0,0,0,0,0,0
2026-03-22T00:08:44Z,1185.465,3958,-5635.5,-10070.400391,1439.5,259.600006,1.6,-0.2,0,0,0,0,0,0,0,0,0,0,0,0,0,0,0,0,0
2026-03-22T00:08:45Z,1186.561,3959,-5634.899902,-10070.200195,1439.5,260.300018,1.3,-0.1,0,0,0,0,0,0,0,0,0,0,0,0,0,0,0,0,0
2026-03-22T00:08:46Z,1187.438,3960,-5634.399902,-10070.200195,1439.400024,259.700012,1.4,0,0,0,0,0,0,0,0,0,0,0,0,0,0,0,0,0,0
2026-03-22T00:08:46Z,1187.839,3961,-5634.399902,-10070.200195,1439.400024,259.700012,1.4,0,0,0,0,0,0,0,0,0,0,0,0,0,0,0,0,0,0
2026-03-22T00:08:52Z,1188.227,3962,-5633.600098,-10070,1439.400024,258.600006,1.7,-0.6,0,0,0,1,0,0,0,0,0,0,0,0,0,0,0,0,0
2026-03-22T00:08:52Z,1193.648,3963,-5631.300293,-10069.600586,1439.300049,254.400009,2.2,-1,0,0,0,1,1,0,0,0,0,0,0,0,0,0,0,0,1
2026-03-22T00:08:53Z,1194.120,3964,-5631.300293,-10069.600586,1439.400024,254.5,0.8,-0.7,0,0,0,0,1,0,0,0,0,0,0,0,0,0,0,0,1
2026-03-22T00:08:53Z,1194.552,3965,-5631.300293,-10069.600586,1439.400024,254.5,0.8,-0.7,0,0,0,0,1,0,0,0,0,0,0,0,0,0,0,0,1
2026-03-22T00:08:53Z,1195.071,3966,-5631.399902,-10069.600586,1439.400024,254.400009,2,-0.8,0,0,0,1,0,0,0,0,0,0,0,0,0,0,0,0,1
2026-03-22T00:08:54Z,1195.510,3967,-5631.399902,-10069.600586,1439.400024,254.400009,2,-0.8,0,0,0,1,0,0,0,0,0,0,0,0,0,0,0,0,1
2026-03-22T00:08:54Z,1195.952,3968,-5631.399902,-10069.600586,1439.300049,254.300003,2.4,-0.8,0,0,0,1,0,0,0,0,0,0,0,0,0,0,0,0,1
2026-03-22T00:08:55Z,1196.407,3969,-5631.399902,-10069.600586,1439.300049,254.300003,2.4,-0.8,0,0,0,1,0,0,0,0,0,0,0,0,0,0,0,0,1
2026-03-22T00:08:55Z,1196.872,3970,-5631.399902,-10069.700195,1439.300049,253.699997,1.8,-0.8,0,0,0,0,1,0,0,0,0,0,0,0,0,0,0,0,1
2026-03-22T00:08:56Z,1197.381,3971,-5631.399902,-10069.700195,1439.300049,253.699997,1.8,-0.8,0,0,0,0,1,0,0,0,0,0,0,0,0,0,0,0,1
2026-03-22T00:08:56Z,1197.823,3972,-5631.5,-10069.700195,1439.300049,252.900009,2,-0.8,0,0,0,0,1,0,0,0,0,0,0,0,0,0,0,0,1
2026-03-22T00:08:57Z,1198.255,3973,-5631.5,-10069.700195,1439.300049,252.900009,2,-0.8,0,0,0,0,1,0,0,0,0,0,0,0,0,0,0,0,1
2026-03-22T00:08:57Z,1198.668,3974,-5631.5,-10069.700195,1439.300049,252.900009,2,-0.8,0,0,0,0,1,0,0,0,0,0,0,0,0,0,0,0,1
2026-03-22T00:08:57Z,1199.090,3975,-5631.5,-10069.799805,1439.400024,251.5,2.1,-0.9,0,0,0,0,1,0,0,0,0,0,0,0,0,0,0,0,1
2026-03-22T00:08:58Z,1199.499,3976,-5631.5,-10069.799805,1439.400024,251.5,2.1,-0.9,0,0,0,0,1,0,0,0,0,0,0,0,0,0,0,0,1
2026-03-22T00:08:58Z,1200.018,3977,-5631.600098,-10069.799805,1439.400024,250,1.9,-0.9,0,0,0,0,1,0,0,0,0,0,0,0,0,0,0,0,1
2026-03-22T00:08:59Z,1200.429,3978,-5631.600098,-10069.799805,1439.400024,250,1.9,-0.9,0,0,0,0,1,0,0,0,0,0,0,0,0,0,0,0,1
2026-03-22T00:08:59Z,1200.845,3979,-5631.600098,-10069.799805,1439.400024,250,1.9,-0.9,0,0,0,0,1,0,0,0,0,0,0,0,0,0,0,0,1
2026-03-22T00:09:00Z,1201.257,3980,-5631.800293,-10069.900391,1439.400024,248.100006,1.9,-0.9,0,0,0,0,1,0,0,0,0,0,0,0,0,0,0,0,0
2026-03-22T00:09:00Z,1201.746,3981,-5631.800293,-10069.900391,1439.400024,248.100006,1.9,-0.9,0,0,0,0,1,0,0,0,0,0,0,0,0,0,0,0,0
2026-03-22T00:09:01Z,1202.153,3982,-5631.899902,-10070,1439.400024,245.900009,2.1,-1,0,0,0,0,1,0,0,0,0,0,0,0,0,0,0,0,0
2026-03-22T00:09:01Z,1202.602,3983,-5631.899902,-10070,1439.400024,245.900009,2.1,-1,0,0,0,0,1,0,0,0,0,0,0,0,0,0,0,0,0
2026-03-22T00:09:01Z,1203.036,3984,-5632.100098,-10070.200195,1439.400024,243.300003,1.9,-1,0,0,0,0,0,0,0,0,0,0,0,0,0,0,0,0,0
2026-03-22T00:09:02Z,1203.501,3985,-5632.100098,-10070.200195,1439.400024,243.300003,1.9,-1,0,0,0,0,0,0,0,0,0,0,0,0,0,0,0,0,0
2026-03-22T00:09:02Z,1203.956,3986,-5632.100098,-10070.200195,1439.400024,243.300003,1.9,-1,0,0,0,0,0,0,0,0,0,0,0,0,0,0,0,0,0
2026-03-22T00:09:03Z,1204.374,3987,-5632.200195,-10070.400391,1439.400024,240.5,1.8,-1,0,0,0,0,0,0,0,0,0,0,0,0,0,0,0,0,0
2026-03-22T00:09:03Z,1204.788,3988,-5632.200195,-10070.400391,1439.400024,240.5,1.8,-1,0,0,0,0,0,0,0,0,0,0,0,0,0,0,0,0,0
2026-03-22T00:09:04Z,1205.248,3989,-5632.399902,-10070.5,1439.400024,237.400009,1.8,-1,0,0,1,0,0,0,0,0,0,0,0,0,0,0,0,0,0
2026-03-22T00:09:04Z,1205.763,3990,-5632.399902,-10070.5,1439.400024,237.400009,1.8,-1,0,0,1,0,0,0,0,0,0,0,0,0,0,0,0,0,0
2026-03-22T00:09:05Z,1206.210,3991,-5632.600098,-10070.799805,1439.400024,233.900009,1.8,-0.9,0,0,1,0,0,0,0,0,0,0,0,0,0,0,0,0,0
2026-03-22T00:09:05Z,1206.609,3992,-5632.600098,-10070.799805,1439.400024,233.900009,1.8,-0.9,0,0,1,0,0,0,0,0,0,0,0,0,0,0,0,0,0
2026-03-22T00:09:06Z,1207.050,3993,-5632.700195,-10071,1439.400024,230.5,1.7,-0.9,0,0,1,0,0,0,0,0,0,0,0,0,0,0,0,0,0
2026-03-22T00:09:06Z,1207.559,3994,-5632.700195,-10071,1439.400024,230.5,1.7,-0.9,0,0,1,0,0,0,0,0,0,0,0,0,0,0,0,0,0
2026-03-22T00:09:06Z,1208.031,3995,-5632.899902,-10071.299805,1439.400024,226,1.8,-0.7,0,0,0,0,0,0,0,0,0,0,0,0,0,0,0,0,0
2026-03-22T00:09:07Z,1208.426,3996,-5632.899902,-10071.299805,1439.400024,226,1.8,-0.7,0,0,0,0,0,0,0,0,0,0,0,0,0,0,0,0,0
2026-03-22T00:09:07Z,1208.844,3997,-5632.899902,-10071.299805,1439.400024,226,1.8,-0.7,0,0,0,0,0,0,0,0,0,0,0,0,0,0,0,0,0
2026-03-22T00:09:08Z,1209.244,3998,-5633.100098,-10071.700195,1439.400024,221.199997,2.1,-0.2,0,0,0,0,0,0,0,0,0,0,0,0,0,0,0,0,0
2026-03-22T00:09:08Z,1209.678,3999,-5633.100098,-10071.700195,1439.400024,221.199997,2.1,-0.2,0,0,0,0,0,0,0,0,0,0,0,0,0,0,0,0,0
2026-03-22T00:09:08Z,1210.061,4000,-5633.200195,-10072.100586,1439.5,216.400009,2.4,0.7,0,0,0,0,0,0,0,0,0,0,0,0,0,0,0,0,0
2026-03-22T00:09:09Z,1210.457,4001,-5633.200195,-10072.100586,1439.5,216.400009,2.4,0.7,0,0,0,0,0,0,0,0,0,0,0,0,0,0,0,0,0
2026-03-22T00:09:09Z,1210.850,4002,-5633.200195,-10072.100586,1439.5,216.400009,2.4,0.7,0,0,0,0,0,0,0,0,0,0,0,0,0,0,0,0,0
2026-03-22T00:09:10Z,1211.251,4003,-5633.399902,-10072.5,1439.5,211.300003,2.6,1.5,0,0,0,0,0,0,0,0,0,0,0,0,0,0,0,0,0
2026-03-22T00:09:10Z,1211.640,4004,-5633.399902,-10072.5,1439.5,211.300003,2.6,1.5,0,0,0,0,0,0,0,0,0,0,0,0,0,0,0,0,0
2026-03-22T00:09:11Z,1212.104,4005,-5633.5,-10073,1439.5,205.300003,2,1.8,0,0,0,0,0,0,0,0,0,0,0,0,0,0,0,0,0
2026-03-22T00:09:11Z,1212.542,4006,-5633.5,-10073,1439.5,205.300003,2,1.8,0,0,0,0,0,0,0,0,0,0,0,0,0,0,0,0,0
2026-03-22T00:09:11Z,1213.033,4007,-5633.5,-10073.5,1439.5,199.100006,1,1.6,0,0,0,0,0,0,0,0,0,0,0,0,0,0,0,0,0
2026-03-22T00:09:12Z,1213.433,4008,-5633.5,-10073.5,1439.5,199.100006,1,1.6,0,0,0,0,0,0,0,0,0,0,0,0,0,0,0,0,0
2026-03-22T00:09:13Z,1213.910,4009,-5633.5,-10074,1439.5,192.300003,0,0.8,0,0,0,0,0,0,0,0,0,0,0,0,0,0,0,0,0
2026-03-22T00:09:13Z,1214.643,4010,-5633.5,-10074,1439.5,192.300003,0,0.8,0,0,0,0,0,0,0,0,0,0,0,0,0,0,0,0,0
2026-03-22T00:09:14Z,1215.167,4011,-5633.5,-10074.600586,1439.5,187.300003,-0.8,-1.1,0,0,0,0,0,0,0,0,0,0,0,0,0,0,0,0,0
2026-03-22T00:09:14Z,1215.562,4012,-5633.5,-10074.600586,1439.5,187.300003,-0.8,-1.1,0,0,0,0,0,0,0,0,0,0,0,0,0,0,0,0,0
2026-03-22T00:09:14Z,1216.050,4013,-5633.600098,-10075.299805,1439.5,185.5,-0.9,-2.8,0,0,0,0,0,0,0,0,0,0,0,0,0,0,0,0,0
2026-03-22T00:09:15Z,1216.479,4014,-5633.600098,-10075.299805,1439.5,185.5,-0.9,-2.8,0,0,0,0,0,0,0,0,0,0,0,0,0,0,0,0,0
2026-03-22T00:09:15Z,1216.852,4015,-5633.700195,-10076.100586,1439.400024,185.400009,-0.3,-4.1,0,0,0,0,0,0,0,0,0,0,0,0,0,0,0,0,0
2026-03-22T00:09:16Z,1217.328,4016,-5633.700195,-10076.100586,1439.400024,185.400009,-0.3,-4.1,0,0,0,0,0,0,0,0,0,0,0,0,0,0,0,0,0
2026-03-22T00:09:16Z,1217.792,4017,-5633.700195,-10076.100586,1439.400024,185.400009,-0.3,-4.1,0,0,0,0,0,0,0,0,0,0,0,0,0,0,0,0,0
2026-03-22T00:09:17Z,1218.257,4018,-5633.800293,-10076.900391,1439.400024,186.300003,0.9,-5.2,0,0,0,0,0,0,0,0,0,0,0,0,0,0,0,0,0
2026-03-22T00:09:17Z,1218.663,4019,-5633.800293,-10076.900391,1439.400024,186.300003,0.9,-5.2,0,0,0,0,0,0,0,0,0,0,0,0,0,0,0,0,0
2026-03-22T00:09:17Z,1219.113,4020,-5634,-10077.799805,1439.400024,190,2.4,-5.5,0,0,0,0,0,0,0,0,0,0,0,0,0,0,0,0,0
2026-03-22T00:09:18Z,1219.507,4021,-5634,-10077.799805,1439.400024,190,2.4,-5.5,0,0,0,0,0,0,0,0,0,0,0,0,0,0,0,0,0
2026-03-22T00:09:18Z,1219.887,4022,-5634.200195,-10078.700195,1439.5,194.800003,4.1,-4.2,0,0,0,0,0,0,0,0,0,0,0,0,0,0,0,0,0
2026-03-22T00:09:19Z,1220.280,4023,-5634.200195,-10078.700195,1439.5,194.800003,4.1,-4.2,0,0,0,0,0,0,0,0,0,0,0,0,0,0,0,0,0
2026-03-22T00:09:19Z,1220.672,4024,-5634.200195,-10078.700195,1439.5,194.800003,4.1,-4.2,0,0,0,0,0,0,0,0,0,0,0,0,0,0,0,0,0
2026-03-22T00:09:19Z,1221.059,4025,-5634.700195,-10079.600586,1439.5,200.900009,4.7,-2.6,0,0,0,0,0,0,0,0,0,0,0,0,0,0,0,0,0
2026-03-22T00:09:20Z,1221.447,4026,-5634.700195,-10079.600586,1439.5,200.900009,4.7,-2.6,0,0,0,0,0,0,0,0,0,0,0,0,0,0,0,0,0
2026-03-22T00:09:20Z,1221.930,4027,-5635.100098,-10080.400391,1439.599976,206.800003,3,-1.9,0,0,0,0,0,0,0,0,0,0,0,0,0,0,0,0,0
2026-03-22T00:09:21Z,1222.413,4028,-5635.100098,-10080.400391,1439.599976,206.800003,3,-1.9,0,0,0,0,0,0,0,0,0,0,0,0,0,0,0,0,0
2026-03-22T00:09:21Z,1222.972,4029,-5635.800293,-10081.100586,1439.700073,217.600006,-1.5,-2.8,0,0,0,0,0,0,0,0,0,0,0,0,0,0,0,0,0
2026-03-22T00:09:22Z,1223.481,4030,-5635.800293,-10081.100586,1439.700073,217.600006,-1.5,-2.8,0,0,0,0,0,0,0,0,0,0,0,0,0,0,0,0,0
2026-03-22T00:09:22Z,1223.940,4031,-5636.5,-10081.700195,1439.700073,228.900009,-0.8,-1.5,0,0,0,0,0,0,0,0,0,0,0,0,0,0,0,0,0
2026-03-22T00:09:23Z,1224.421,4032,-5636.5,-10081.700195,1439.700073,228.900009,-0.8,-1.5,0,0,0,0,0,0,0,0,0,0,0,0,0,0,0,0,0
2026-03-22T00:09:24Z,1224.919,4033,-5636.5,-10081.700195,1439.700073,228.900009,-0.8,-1.5,0,0,0,0,0,0,0,0,0,0,0,0,0,0,0,0,0
2026-03-22T00:09:25Z,1225.780,4034,-5637.300293,-10082.100586,1439.700073,237.300003,3.8,-1.7,0,0,0,0,0,0,0,0,0,0,0,0,0,0,0,0,0
2026-03-22T00:09:25Z,1226.833,4035,-5638.899902,-10082.600586,1439.700073,251.800003,1.9,-2.4,0,0,0,1,1,0,0,0,0,0,0,0,0,0,0,0,1
2026-03-22T00:09:26Z,1227.254,4036,-5638.899902,-10082.600586,1439.700073,251.800003,1.9,-2.4,0,0,0,1,1,0,0,0,0,0,0,0,0,0,0,0,1
2026-03-22T00:09:26Z,1227.622,4037,-5638.899902,-10082.600586,1439.700073,251.800003,1.9,-2.4,0,0,0,1,1,0,0,0,0,0,0,0,0,0,0,0,1
2026-03-22T00:09:26Z,1227.997,4038,-5639.800293,-10082.700195,1439.800049,259.300018,2.2,-0.3,0,0,0,0,0,0,0,0,0,0,0,0,0,0,0,0,0
2026-03-22T00:09:27Z,1228.486,4039,-5639.800293,-10082.700195,1439.800049,259.300018,2.2,-0.3,0,0,0,0,0,0,0,0,0,0,0,0,0,0,0,0,0
2026-03-22T00:09:27Z,1228.848,4040,-5639.800293,-10082.700195,1439.800049,259.300018,2.2,-0.3,0,0,0,0,0,0,0,0,0,0,0,0,0,0,0,0,0
2026-03-22T00:09:28Z,1229.283,4041,-5640.700195,-10082.700195,1439.900024,265.700012,7.4,-4.2,0,0,0,0,0,0,0,0,0,0,0,0,0,0,0,0,0
2026-03-22T00:09:28Z,1229.675,4042,-5640.700195,-10082.700195,1439.900024,265.700012,7.4,-4.2,0,0,0,0,0,0,0,0,0,0,0,0,0,0,0,0,0
2026-03-22T00:09:29Z,1230.355,4043,-5641.300293,-10082.600586,1440.099976,270.5,13.7,-8.6,0,0,0,0,0,0,0,0,0,0,0,0,0,0,0,0,0
2026-03-22T00:09:30Z,1231.284,4044,-5641.600098,-10082.700195,1440.300049,272.399994,19.200001,-8.1,0,0,0,0,0,0,0,0,0,0,0,0,0,0,0,0,0
2026-03-22T00:09:30Z,1231.694,4045,-5641.600098,-10082.700195,1440.300049,272.399994,19.200001,-8.1,0,0,0,0,0,0,0,0,0,0,0,0,0,0,0,0,0
2026-03-22T00:09:30Z,1232.055,4046,-5641.899902,-10082.700195,1440.5,273.300018,23.4,-7.3,0,0,0,0,0,0,0,0,0,0,0,0,0,0,0,0,0
2026-03-22T00:09:31Z,1232.423,4047,-5641.899902,-10082.700195,1440.5,273.300018,23.4,-7.3,0,0,0,0,0,0,0,0,0,0,0,0,0,0,0,0,0
2026-03-22T00:09:32Z,1232.824,4048,-5642.200195,-10082.600586,1440.599976,274.100006,31.300001,-7.9,0,0,0,0,0,0,0,0,0,0,0,0,0,0,0,0,0
2026-03-22T00:09:33Z,1234.247,4049,-5642.399902,-10082.700195,1440.700073,274.5,42,-4.2,0,0,0,0,0,0,0,0,0,0,0,0,0,0,0,0,0
2026-03-22T00:09:33Z,1234.704,4050,-5642.399902,-10082.700195,1440.700073,274.5,42,-4.2,0,0,0,0,0,0,0,0,0,0,0,0,0,0,0,0,0
2026-03-22T00:09:33Z,1235.148,4051,-5642.5,-10082.700195,1440.800049,275,47.700001,-1.1,0,0,0,0,0,0,0,0,0,0,0,0,0,0,0,0,0
2026-03-22T00:09:34Z,1235.526,4052,-5642.5,-10082.700195,1440.800049,275,47.700001,-1.1,0,0,0,0,0,0,0,0,0,0,0,0,0,0,0,0,0
2026-03-22T00:09:35Z,1235.909,4053,-5642.5,-10082.600586,1440.700073,276.300018,43.600002,-3,0,0,0,0,0,0,0,0,0,0,0,0,0,0,0,0,0
2026-03-22T00:09:35Z,1236.843,4054,-5642.399902,-10082.600586,1440.599976,278.300018,39.600002,-4.7,0,0,0,0,0,0,0,0,0,0,0,0,0,0,0,0,0
2026-03-22T00:09:36Z,1237.414,4055,-5642.399902,-10082.600586,1440.599976,278.300018,39.600002,-4.7,0,0,0,0,0,0,0,0,0,0,0,0,0,0,0,0,0
2026-03-22T00:09:36Z,1237.879,4056,-5642.300293,-10082.600586,1440.599976,280.300018,35.600002,-4.1,0,0,0,0,0,0,0,0,0,0,0,0,0,0,0,0,0
2026-03-22T00:09:37Z,1238.278,4057,-5642.300293,-10082.600586,1440.599976,280.300018,35.600002,-4.1,0,0,0,0,0,0,0,0,0,0,0,0,0,0,0,0,0
2026-03-22T00:09:37Z,1238.705,4058,-5642.300293,-10082.600586,1440.599976,280.300018,35.600002,-4.1,0,0,0,0,0,0,0,0,0,0,0,0,0,0,0,0,0
2026-03-22T00:09:38Z,1239.253,4059,-5642.100098,-10082.600586,1440.5,282.100006,30,-3.1,0,0,0,0,0,0,0,0,0,0,0,0,0,0,0,0,0
2026-03-22T00:09:38Z,1239.686,4060,-5642.100098,-10082.600586,1440.5,282.100006,30,-3.1,0,0,0,0,0,0,0,0,0,0,0,0,0,0,0,0,0
2026-03-22T00:09:38Z,1240.080,4061,-5641.800293,-10082.700195,1440.300049,283.700012,23.1,-2.5,0,0,0,0,0,0,0,0,0,0,0,0,0,0,0,0,0
2026-03-22T00:09:39Z,1240.477,4062,-5641.800293,-10082.700195,1440.300049,283.700012,23.1,-2.5,0,0,0,0,0,0,0,0,0,0,0,0,0,0,0,0,0
2026-03-22T00:09:39Z,1240.869,4063,-5641.5,-10082.700195,1440.200073,285,15.6,-2.1,0,0,0,0,0,0,0,0,0,0,0,0,0,0,0,0,0
2026-03-22T00:09:40Z,1241.365,4064,-5641.5,-10082.700195,1440.200073,285,15.6,-2.1,0,0,0,0,0,0,0,0,0,0,0,0,0,0,0,0,0
2026-03-22T00:09:41Z,1241.745,4065,-5641.5,-10082.700195,1440.200073,285,15.6,-2.1,0,0,0,0,0,0,0,0,0,0,0,0,0,0,0,0,0
2026-03-22T00:09:41Z,1242.834,4066,-5641.300293,-10082.799805,1440,286.399994,10.6,-0.6,0,1,0,0,0,1,1,0,0,0,0,0,0,0,0,0,0
2026-03-22T00:09:42Z,1243.407,4067,-5641,-10082.900391,1439.900024,287.100006,4.6,2,0,0,0,0,0,1,1,0,0,0,0,0,0,0,0,0,0
2026-03-22T00:09:42Z,1243.794,4068,-5641,-10082.900391,1439.900024,287.100006,4.6,2,0,0,0,0,0,1,1,0,0,0,0,0,0,0,0,0,0
2026-03-22T00:09:43Z,1244.269,4069,-5640.700195,-10082.900391,1439.800049,287.600006,0.5,0.5,0,1,0,1,1,1,1,0,0,0,0,0,0,0,1,0,0
2026-03-22T00:09:43Z,1244.662,4070,-5640.700195,-10082.900391,1439.800049,287.600006,0.5,0.5,0,1,0,1,1,1,1,0,0,0,0,0,0,0,1,0,0
2026-03-22T00:09:43Z,1245.062,4071,-5640.700195,-10083,1439.800049,287.899994,4.3,0.7,0,0,1,1,0,0,1,0,0,0,0,0,0,0,0,0,0
2026-03-22T00:09:44Z,1245.528,4072,-5640.700195,-10083,1439.800049,287.899994,4.3,0.7,0,0,1,1,0,0,1,0,0,0,0,0,0,0,0,0,0
2026-03-22T00:09:45Z,1246.523,4073,-5640.600098,-10083,1439.900024,288.100006,2.8,0.8,0,0,1,1,0,0,1,0,0,0,0,0,0,0,0,0,0
2026-03-22T00:09:45Z,1246.988,4074,-5640.5,-10083,1439.900024,288.200012,1.7,0.8,0,0,1,1,1,0,1,0,0,0,0,0,0,0,0,0,0
2026-03-22T00:09:46Z,1247.369,4075,-5640.5,-10083,1439.900024,288.200012,1.7,0.8,0,0,1,1,1,0,1,0,0,0,0,0,0,0,0,0,0
2026-03-22T00:09:47Z,1248.456,4076,-5640.600098,-10083,1439.800049,288.100006,3.8,0.8,0,0,1,1,0,0,1,0,0,0,0,0,0,0,0,0,0
2026-03-22T00:09:47Z,1248.846,4077,-5640.600098,-10083,1439.800049,288.100006,3.8,0.8,0,0,1,1,0,0,1,0,0,0,0,0,0,0,0,0,0
2026-03-22T00:09:48Z,1249.342,4078,-5640.600098,-10083,1439.800049,287.800018,2.8,0.8,0,0,1,1,0,1,1,0,0,0,0,0,0,0,0,0,0
2026-03-22T00:09:48Z,1249.680,4079,-5640.600098,-10083,1439.800049,287.800018,2.8,0.8,0,0,1,1,0,1,1,0,0,0,0,0,0,0,0,0,0
2026-03-22T00:09:48Z,1250.071,4080,-5640.800293,-10082.900391,1439.900024,287.399994,2.5,0.8,0,0,0,1,0,1,1,0,0,0,0,0,0,0,0,0,0
2026-03-22T00:09:49Z,1250.481,4081,-5640.800293,-10082.900391,1439.900024,287.399994,2.5,0.8,0,0,0,1,0,1,1,0,0,0,0,0,0,0,0,0,0
2026-03-22T00:09:49Z,1250.881,4082,-5640.899902,-10082.900391,1439.900024,287.100006,2.6,0.6,0,0,0,1,0,1,1,0,0,0,0,0,0,0,0,0,0
2026-03-22T00:09:50Z,1251.319,4083,-5640.899902,-10082.900391,1439.900024,287.100006,2.6,0.6,0,0,0,1,0,1,1,0,0,0,0,0,0,0,0,0,0
2026-03-22T00:09:50Z,1251.776,4084,-5640.899902,-10082.900391,1439.900024,287.100006,2.6,0.6,0,0,0,1,0,1,1,0,0,0,0,0,0,0,0,0,0
2026-03-22T00:09:51Z,1252.228,4085,-5640.899902,-10082.900391,1439.900024,287.100006,2.7,0.7,0,0,0,1,0,1,1,0,0,0,0,0,0,0,0,0,0
2026-03-22T00:09:51Z,1252.580,4086,-5640.899902,-10082.900391,1439.900024,287.100006,2.7,0.7,0,0,0,1,0,1,1,0,0,0,0,0,0,0,0,0,0
2026-03-22T00:09:52Z,1252.980,4087,-5640.899902,-10082.900391,1439.900024,287.200012,3.2,0.5,0,0,0,1,0,1,1,0,0,0,0,0,0,0,0,0,0
2026-03-22T00:09:53Z,1254.219,4088,-5640.899902,-10082.900391,1439.900024,287.399994,2.9,0.6,0,0,0,1,0,1,1,0,0,0,0,0,0,0,0,0,0
2026-03-22T00:09:53Z,1254.652,4089,-5640.899902,-10082.900391,1439.900024,287.399994,2.9,0.6,0,0,0,1,0,1,1,0,0,0,0,0,0,0,0,0,0
2026-03-22T00:09:53Z,1255.111,4090,-5640.899902,-10082.900391,1439.900024,287.399994,2.4,0.6,0,0,0,1,0,1,1,0,0,0,0,0,0,0,0,0,0
2026-03-22T00:09:54Z,1255.502,4091,-5640.899902,-10082.900391,1439.900024,287.399994,2.4,0.6,0,0,0,1,0,1,1,0,0,0,0,0,0,0,0,0,0
2026-03-22T00:09:55Z,1255.892,4092,-5640.899902,-10082.900391,1439.900024,287.5,2.6,0.7,0,0,0,1,0,1,1,0,0,0,0,0,0,0,0,0,0
2026-03-22T00:09:55Z,1256.914,4093,-5640.899902,-10082.900391,1439.900024,287.5,3,0.7,0,0,0,1,0,1,1,0,0,0,0,0,0,0,0,0,0
2026-03-22T00:09:56Z,1257.294,4094,-5640.899902,-10082.900391,1439.900024,287.5,3,0.7,0,0,0,1,0,1,1,0,0,0,0,0,0,0,0,0,0
2026-03-22T00:09:56Z,1257.633,4095,-5640.899902,-10082.900391,1439.900024,287.5,3,0.7,0,0,0,1,0,1,1,0,0,0,0,0,0,0,0,0,0
2026-03-22T00:09:56Z,1257.963,4096,-5640.899902,-10082.900391,1439.900024,287.5,2.9,0.7,0,0,0,1,0,1,1,0,0,0,0,0,0,0,0,0,0
2026-03-22T00:09:57Z,1258.307,4097,-5640.899902,-10082.900391,1439.900024,287.5,2.9,0.7,0,0,0,1,0,1,1,0,0,0,0,0,0,0,0,0,0
2026-03-22T00:09:58Z,1258.782,4098,-5640.899902,-10082.900391,1439.900024,287.5,2.9,0.7,0,0,0,1,0,1,1,0,0,0,0,0,0,0,0,0,0
2026-03-22T00:09:58Z,1259.777,4099,-5640.800293,-10083,1439.900024,287.300018,1.2,0.8,0,0,0,1,0,1,1,0,0,0,0,0,0,0,0,0,0
2026-03-22T00:09:58Z,1260.221,4100,-5640.5,-10083,1439.900024,286.899994,1.6,0.7,0,0,1,1,1,0,1,0,0,0,0,0,0,0,0,0,0
2026-03-22T00:09:59Z,1260.523,4101,-5640.5,-10083,1439.900024,286.899994,1.6,0.7,0,0,1,1,1,0,1,0,0,0,0,0,0,0,0,0,0
2026-03-22T00:09:59Z,1260.875,4102,-5640.5,-10083,1439.900024,286.899994,1.6,0.7,0,0,1,1,1,0,1,0,0,0,0,0,0,0,0,0,0
2026-03-22T00:10:00Z,1261.264,4103,-5640.100098,-10083.200195,1439.800049,286.200012,2.1,0.7,0,0,1,1,1,0,1,0,0,0,0,0,0,0,0,0,0
2026-03-22T00:10:00Z,1261.687,4104,-5640.100098,-10083.200195,1439.800049,286.200012,2.1,0.7,0,0,1,1,1,0,1,0,0,0,0,0,0,0,0,0,0
2026-03-22T00:10:00Z,1262.047,4105,-5639.600098,-10083.400391,1439.800049,285.399994,1.4,0.8,0,0,1,1,1,0,1,0,0,0,0,0,0,0,0,0,0
2026-03-22T00:10:01Z,1262.379,4106,-5639.600098,-10083.400391,1439.800049,285.399994,1.4,0.8,0,0,1,1,1,0,1,0,0,0,0,0,0,0,0,0,0
2026-03-22T00:10:01Z,1262.737,4107,-5639.600098,-10083.400391,1439.800049,285.399994,1.4,0.8,0,0,1,1,1,0,1,0,0,0,0,0,0,0,0,0,0
2026-03-22T00:10:01Z,1263.086,4108,-5639,-10083.5,1439.800049,284.5,1.7,0.8,0,0,1,1,1,0,1,0,0,0,0,0,0,0,0,0,0
2026-03-22T00:10:02Z,1263.409,4109,-5639,-10083.5,1439.800049,284.5,1.7,0.8,0,0,1,1,1,0,1,0,0,0,0,0,0,0,0,0,0
2026-03-22T00:10:02Z,1263.781,4110,-5639,-10083.5,1439.800049,284.5,1.7,0.8,0,0,1,1,1,0,1,0,0,0,0,0,0,0,0,0,0
2026-03-22T00:10:03Z,1264.102,4111,-5638.200195,-10083.799805,1439.800049,283.200012,2.2,0.8,0,0,1,1,1,0,1,0,0,0,0,0,0,0,0,0,0
2026-03-22T00:10:08Z,1265.179,4112,-5637.399902,-10084,1439.700073,282,2.1,0.7,0,0,1,1,1,0,1,0,0,0,0,0,0,0,0,0,1
2026-03-22T00:10:09Z,1270.525,4113,-5634.399902,-10084.799805,1439.700073,274.399994,-0.8,-1.4,0,0,0,0,0,0,0,0,0,0,0,0,0,0,1,0,0
2026-03-22T00:10:09Z,1270.862,4114,-5634.399902,-10084.799805,1439.700073,275.200012,1.6,-1.2,0,0,0,0,0,0,0,0,0,0,0,0,0,0,0,0,0
2026-03-22T00:10:10Z,1271.246,4115,-5634.399902,-10084.799805,1439.700073,275.200012,1.6,-1.2,0,0,0,0,0,0,0,0,0,0,0,0,0,0,0,0,0
2026-03-22T00:10:10Z,1271.607,4116,-5634.399902,-10084.799805,1439.700073,275.200012,1.6,-1.2,0,0,0,0,0,0,0,0,0,0,0,0,0,0,0,0,0
2026-03-22T00:10:10Z,1271.980,4117,-5634.399902,-10084.799805,1439.599976,275.100006,2.5,-1.2,0,0,0,0,0,0,0,0,0,0,0,0,0,0,0,0,1
2026-03-22T00:10:11Z,1272.313,4118,-5634.399902,-10084.799805,1439.599976,275.100006,2.5,-1.2,0,0,0,0,0,0,0,0,0,0,0,0,0,0,0,0,1
2026-03-22T00:10:11Z,1272.692,4119,-5634.399902,-10084.799805,1439.599976,275.100006,2.5,-1.2,0,0,0,0,0,0,0,0,0,0,0,0,0,0,0,0,1
2026-03-22T00:10:11Z,1273.019,4120,-5634.399902,-10084.799805,1439.599976,274.800018,0.9,-1,0,0,0,0,0,0,0,0,0,0,0,0,0,0,1,0,0
2026-03-22T00:10:12Z,1273.345,4121,-5634.399902,-10084.799805,1439.599976,274.800018,0.9,-1,0,0,0,0,0,0,0,0,0,0,0,0,0,0,1,0,0
2026-03-22T00:10:13Z,1273.784,4122,-5634.399902,-10084.799805,1439.599976,274.800018,0.9,-1,0,0,0,0,0,0,0,0,0,0,0,0,0,0,1,0,0
2026-03-22T00:10:13Z,1274.808,4123,-5634.600098,-10084.900391,1439.700073,272.700012,1.6,-1.3,0,0,0,0,0,0,0,0,0,0,0,0,0,0,0,0,1
2026-03-22T00:10:14Z,1275.213,4124,-5634.600098,-10084.900391,1439.700073,272.700012,1.6,-1.3,0,0,0,0,0,0,0,0,0,0,0,0,0,0,0,0,1
2026-03-22T00:10:14Z,1275.635,4125,-5634.600098,-10084.900391,1439.700073,272.700012,1.6,-1.3,0,0,0,0,0,0,0,0,0,0,0,0,0,0,0,0,1
2026-03-22T00:10:15Z,1276.213,4126,-5634.700195,-10084.900391,1439.599976,271.100006,1.3,-1.2,0,0,0,0,0,0,0,0,0,0,0,0,0,0,0,0,0
2026-03-22T00:10:15Z,1276.817,4127,-5634.700195,-10084.900391,1439.599976,271.100006,1.3,-1.2,0,0,0,0,0,0,0,0,0,0,0,0,0,0,0,0,0
2026-03-22T00:10:16Z,1277.353,4128,-5634.800293,-10084.900391,1439.599976,269.399994,1.7,-1.1,0,0,0,0,0,0,0,0,0,0,0,0,0,0,0,0,1
2026-03-22T00:10:16Z,1277.806,4129,-5634.800293,-10084.900391,1439.599976,269.399994,1.7,-1.1,0,0,0,0,0,0,0,0,0,0,0,0,0,0,0,0,1
2026-03-22T00:10:16Z,1278.136,4130,-5635,-10085,1439.599976,267.100006,2.1,-0.8,0,0,0,0,1,0,0,0,0,0,0,0,0,0,0,0,1
2026-03-22T00:10:17Z,1278.485,4131,-5635,-10085,1439.599976,267.100006,2.1,-0.8,0,0,0,0,1,0,0,0,0,0,0,0,0,0,0,0,1
2026-03-22T00:10:17Z,1278.935,4132,-5635,-10085,1439.599976,267.100006,2.1,-0.8,0,0,0,0,1,0,0,0,0,0,0,0,0,0,0,0,1
2026-03-22T00:10:18Z,1279.295,4133,-5635.200195,-10085.100586,1439.700073,264.600006,2.4,-0.2,0,0,0,0,1,0,0,0,0,0,0,0,0,0,0,0,1
2026-03-22T00:10:18Z,1279.678,4134,-5635.200195,-10085.100586,1439.700073,264.600006,2.4,-0.2,0,0,0,0,1,0,0,0,0,0,0,0,0,0,0,0,1
2026-03-22T00:10:18Z,1280.033,4135,-5635.399902,-10085.200195,1439.700073,261.800018,2.9,0.2,0,0,0,0,1,0,0,0,0,0,0,0,0,0,0,0,1
2026-03-22T00:10:19Z,1280.428,4136,-5635.399902,-10085.200195,1439.700073,261.800018,2.9,0.2,0,0,0,0,1,0,0,0,0,0,0,0,0,0,0,0,1
2026-03-22T00:10:19Z,1280.777,4137,-5635.399902,-10085.200195,1439.700073,261.800018,2.9,0.2,0,0,0,0,1,0,0,0,0,0,0,0,0,0,0,0,1
2026-03-22T00:10:20Z,1281.323,4138,-5635.700195,-10085.299805,1439.599976,258.5,3.2,0.2,0,0,0,0,1,0,0,0,0,0,0,0,0,0,0,0,0
2026-03-22T00:10:21Z,1282.103,4139,-5635.899902,-10085.400391,1439.700073,255.199997,3,0,0,0,0,0,1,0,0,0,0,0,0,0,0,0,0,0,0
2026-03-22T00:10:21Z,1282.557,4140,-5635.899902,-10085.400391,1439.700073,255.199997,3,0,0,0,0,0,1,0,0,0,0,0,0,0,0,0,0,0,0
2026-03-22T00:10:21Z,1282.946,4141,-5636.100098,-10085.600586,1439.700073,251.699997,2.9,-0.1,0,0,0,0,1,0,0,0,0,0,0,0,0,0,0,0,0
2026-03-22T00:10:22Z,1283.513,4142,-5636.100098,-10085.600586,1439.700073,251.699997,2.9,-0.1,0,0,0,0,1,0,0,0,0,0,0,0,0,0,0,0,0
2026-03-22T00:10:22Z,1283.922,4143,-5636.399902,-10085.799805,1439.700073,247.300003,2.9,-0.3,0,0,0,0,0,0,0,0,0,0,0,0,0,0,0,0,0
2026-03-22T00:10:23Z,1284.447,4144,-5636.399902,-10085.799805,1439.700073,247.300003,2.9,-0.3,0,0,0,0,0,0,0,0,0,0,0,0,0,0,0,0,0
2026-03-22T00:10:23Z,1284.803,4145,-5636.399902,-10085.799805,1439.700073,247.300003,2.9,-0.3,0,0,0,0,0,0,0,0,0,0,0,0,0,0,0,0,0
2026-03-22T00:10:23Z,1285.170,4146,-5636.700195,-10086,1439.700073,243.300003,2.9,-0.5,0,0,0,0,0,0,0,0,0,0,0,0,0,0,0,0,0
2026-03-22T00:10:24Z,1285.528,4147,-5636.700195,-10086,1439.700073,243.300003,2.9,-0.5,0,0,0,0,0,0,0,0,0,0,0,0,0,0,0,0,0
2026-03-22T00:10:24Z,1285.893,4148,-5636.700195,-10086,1439.700073,243.300003,2.9,-0.5,0,0,0,0,0,0,0,0,0,0,0,0,0,0,0,0,0
2026-03-22T00:10:25Z,1286.261,4149,-5636.899902,-10086.299805,1439.700073,238.300003,2.9,-0.7,0,0,0,0,0,0,0,0,0,0,0,0,0,0,0,0,0
2026-03-22T00:10:25Z,1286.610,4150,-5636.899902,-10086.299805,1439.700073,238.300003,2.9,-0.7,0,0,0,0,0,0,0,0,0,0,0,0,0,0,0,0,0
2026-03-22T00:10:26Z,1287.231,4151,-5637.200195,-10086.600586,1439.700073,235,3,-1.1,0,0,0,0,0,0,0,0,0,0,0,0,0,0,0,0,0
2026-03-22T00:10:26Z,1288.012,4152,-5637.600098,-10086.900391,1439.800049,233,3.1,-1.3,0,0,0,0,0,0,0,0,0,0,0,0,0,0,0,0,0
2026-03-22T00:10:27Z,1288.371,4153,-5637.600098,-10086.900391,1439.800049,233,3.1,-1.3,0,0,0,0,0,0,0,0,0,0,0,0,0,0,0,0,0
2026-03-22T00:10:27Z,1288.738,4154,-5637.600098,-10086.900391,1439.800049,233,3.1,-1.3,0,0,0,0,0,0,0,0,0,0,0,0,0,0,0,0,0
2026-03-22T00:10:27Z,1289.071,4155,-5638,-10087.200195,1439.800049,232.100006,2.9,-1.1,0,0,0,0,0,0,0,0,0,0,0,0,0,0,0,0,0
2026-03-22T00:10:28Z,1289.404,4156,-5638,-10087.200195,1439.800049,232.100006,2.9,-1.1,0,0,0,0,0,0,0,0,0,0,0,0,0,0,0,0,0
2026-03-22T00:10:28Z,1289.730,4157,-5638,-10087.200195,1439.800049,232.100006,2.9,-1.1,0,0,0,0,0,0,0,0,0,0,0,0,0,0,0,0,0
2026-03-22T00:10:28Z,1290.114,4158,-5638.399902,-10087.600586,1439.800049,231.699997,2.8,-1,0,0,0,0,0,0,0,0,0,0,0,0,0,0,0,0,0
2026-03-22T00:10:29Z,1290.459,4159,-5638.399902,-10087.600586,1439.800049,231.699997,2.8,-1,0,0,0,0,0,0,0,0,0,0,0,0,0,0,0,0,0
2026-03-22T00:10:29Z,1290.846,4160,-5638.399902,-10087.600586,1439.800049,231.699997,2.8,-1,0,0,0,0,0,0,0,0,0,0,0,0,0,0,0,0,0
2026-03-22T00:10:30Z,1291.196,4161,-5639,-10088.100586,1439.800049,231.699997,2.8,-1,0,0,0,0,0,0,0,0,0,0,0,0,0,0,0,0,0
2026-03-22T00:10:30Z,1291.557,4162,-5639,-10088.100586,1439.800049,231.699997,2.8,-1,0,0,0,0,0,0,0,0,0,0,0,0,0,0,0,0,0
2026-03-22T00:10:30Z,1291.905,4163,-5639,-10088.100586,1439.800049,231.699997,2.8,-1,0,0,0,0,0,0,0,0,0,0,0,0,0,0,0,0,0
2026-03-22T00:10:31Z,1292.226,4164,-5639.600098,-10088.600586,1439.900024,231.699997,2.7,-0.9,0,0,0,0,0,0,0,0,0,0,0,0,0,0,0,0,0
2026-03-22T00:10:31Z,1292.563,4165,-5639.600098,-10088.600586,1439.900024,231.699997,2.7,-0.9,0,0,0,0,0,0,0,0,0,0,0,0,0,0,0,0,0
2026-03-22T00:10:31Z,1293.162,4166,-5640.200195,-10089,1439.900024,232.199997,2.5,-1.1,0,0,0,0,0,0,0,0,0,0,0,0,0,0,0,0,0
2026-03-22T00:10:32Z,1293.500,4167,-5640.200195,-10089,1439.900024,232.199997,2.5,-1.1,0,0,0,0,0,0,0,0,0,0,0,0,0,0,0,0,0
2026-03-22T00:10:32Z,1293.908,4168,-5641,-10089.5,1439.900024,236.300003,2.1,-1.9,0,0,0,0,0,0,0,0,0,0,0,0,0,0,0,0,0
2026-03-22T00:10:33Z,1294.262,4169,-5641,-10089.5,1439.900024,236.300003,2.1,-1.9,0,0,0,0,0,0,0,0,0,0,0,0,0,0,0,0,0
2026-03-22T00:10:33Z,1294.593,4170,-5641,-10089.5,1439.900024,236.300003,2.1,-1.9,0,0,0,0,0,0,0,0,0,0,0,0,0,0,0,0,0
2026-03-22T00:10:33Z,1294.921,4171,-5641.800293,-10089.799805,1439.900024,243.300003,1.4,-2.2,0,0,0,0,0,0,0,0,0,0,0,0,0,0,0,0,0
2026-03-22T00:10:34Z,1295.238,4172,-5641.800293,-10089.799805,1439.900024,243.300003,1.4,-2.2,0,0,0,0,0,0,0,0,0,0,0,0,0,0,0,0,0
2026-03-22T00:10:34Z,1295.568,4173,-5641.800293,-10089.799805,1439.900024,243.300003,1.4,-2.2,0,0,0,0,0,0,0,0,0,0,0,0,0,0,0,0,0
2026-03-22T00:10:34Z,1295.899,4174,-5642.600098,-10089.900391,1440,251.900009,1.7,-1.9,0,0,0,0,0,0,0,0,0,0,0,0,0,0,0,0,0
2026-03-22T00:10:35Z,1296.262,4175,-5642.600098,-10089.900391,1440,251.900009,1.7,-1.9,0,0,0,0,0,0,0,0,0,0,0,0,0,0,0,0,0
2026-03-22T00:10:35Z,1296.596,4176,-5642.600098,-10089.900391,1440,251.900009,1.7,-1.9,0,0,0,0,0,0,0,0,0,0,0,0,0,0,0,0,0
2026-03-22T00:10:35Z,1296.933,4177,-5643.5,-10090.100586,1440,257,3,-0.3,0,0,0,0,0,0,0,0,0,0,0,0,0,0,0,0,0
2026-03-22T00:10:36Z,1297.245,4178,-5643.5,-10090.100586,1440,257,3,-0.3,0,0,0,0,0,0,0,0,0,0,0,0,0,0,0,0,0
2026-03-22T00:10:36Z,1297.586,4179,-5643.5,-10090.100586,1440,257,3,-0.3,0,0,0,0,0,0,0,0,0,0,0,0,0,0,0,0,0
2026-03-22T00:10:36Z,1297.983,4180,-5644.399902,-10090.200195,1440,259.800018,2.9,-0.2,0,0,0,0,0,0,0,0,0,0,0,0,0,0,0,0,0
2026-03-22T00:10:37Z,1298.327,4181,-5644.399902,-10090.200195,1440,259.800018,2.9,-0.2,0,0,0,0,0,0,0,0,0,0,0,0,0,0,0,0,0
2026-03-22T00:10:37Z,1298.623,4182,-5644.399902,-10090.200195,1440,259.800018,2.9,-0.2,0,0,0,0,0,0,0,0,0,0,0,0,0,0,0,0,0
2026-03-22T00:10:37Z,1298.979,4183,-5645.399902,-10090.299805,1440.099976,261.700012,1.7,-0.7,0,0,1,0,0,0,0,0,0,0,0,0,0,0,0,0,0
2026-03-22T00:10:38Z,1299.331,4184,-5645.399902,-10090.299805,1440.099976,261.700012,1.7,-0.7,0,0,1,0,0,0,0,0,0,0,0,0,0,0,0,0,0
2026-03-22T00:10:38Z,1299.637,4185,-5645.399902,-10090.299805,1440.099976,261.700012,1.7,-0.7,0,0,1,0,0,0,0,0,0,0,0,0,0,0,0,0,0
2026-03-22T00:10:38Z,1299.975,4186,-5645.399902,-10090.299805,1440.099976,261.700012,1.7,-0.7,0,0,1,0,0,0,0,0,0,0,0,0,0,0,0,0,0
2026-03-22T00:10:39Z,1300.295,4187,-5646.399902,-10090.5,1440.099976,262.300018,1.3,-0.5,0,0,1,0,0,0,0,0,0,0,0,0,0,0,0,0,0
2026-03-22T00:10:39Z,1300.659,4188,-5646.399902,-10090.5,1440.099976,262.300018,1.3,-0.5,0,0,1,0,0,0,0,0,0,0,0,0,0,0,0,0,0
2026-03-22T00:10:39Z,1301.036,4189,-5647.399902,-10090.600586,1440.099976,262.700012,2,-0.5,0,0,1,0,0,0,0,0,0,0,0,0,0,0,0,0,0
2026-03-22T00:10:40Z,1301.333,4190,-5647.399902,-10090.600586,1440.099976,262.700012,2,-0.5,0,0,1,0,0,0,0,0,0,0,0,0,0,0,0,0,0
2026-03-22T00:10:40Z,1301.669,4191,-5647.399902,-10090.600586,1440.099976,262.700012,2,-0.5,0,0,1,0,0,0,0,0,0,0,0,0,0,0,0,0,0
2026-03-22T00:10:40Z,1302.038,4192,-5648.399902,-10090.700195,1440.200073,263.5,2.3,-0.6,0,0,1,0,0,0,0,0,0,0,0,0,1,0,0,0,0
2026-03-22T00:10:41Z,1302.362,4193,-5648.399902,-10090.700195,1440.200073,263.5,2.3,-0.6,0,0,1,0,0,0,0,0,0,0,0,0,1,0,0,0,0
2026-03-22T00:10:41Z,1302.669,4194,-5648.399902,-10090.700195,1440.200073,263.5,2.3,-0.6,0,0,1,0,0,0,0,0,0,0,0,0,1,0,0,0,0
2026-03-22T00:10:41Z,1302.960,4195,-5649.300293,-10090.799805,1440.200073,264.300018,1.9,-0.6,0,0,1,0,0,0,0,0,0,0,0,0,1,0,0,0,0
2026-03-22T00:10:42Z,1303.286,4196,-5649.300293,-10090.799805,1440.200073,264.300018,1.9,-0.6,0,0,1,0,0,0,0,0,0,0,0,0,1,0,0,0,0
2026-03-22T00:10:42Z,1303.578,4197,-5649.300293,-10090.799805,1440.200073,264.300018,1.9,-0.6,0,0,1,0,0,0,0,0,0,0,0,0,1,0,0,0,0
2026-03-22T00:10:42Z,1303.916,4198,-5649.300293,-10090.799805,1440.200073,264.300018,1.9,-0.6,0,0,1,0,0,0,0,0,0,0,0,0,1,0,0,0,0
2026-03-22T00:10:42Z,1304.215,4199,-5650.300293,-10090.900391,1440.200073,264.5,1.9,-0.1,0,0,1,0,0,0,0,0,0,0,0,0,1,0,0,0,0
2026-03-22T00:10:43Z,1304.506,4200,-5650.300293,-10090.900391,1440.200073,264.5,1.9,-0.1,0,0,1,0,0,0,0,0,0,0,0,0,1,0,0,0,0
2026-03-22T00:10:43Z,1304.798,4201,-5650.300293,-10090.900391,1440.200073,264.5,1.9,-0.1,0,0,1,0,0,0,0,0,0,0,0,0,1,0,0,0,0
2026-03-22T00:10:43Z,1305.142,4202,-5651.300293,-10091,1440.200073,264.600006,0.4,0.7,0,0,1,0,0,0,0,0,0,0,0,0,1,0,0,0,0
2026-03-22T00:10:44Z,1305.459,4203,-5651.300293,-10091,1440.200073,264.600006,0.4,0.7,0,0,1,0,0,0,0,0,0,0,0,0,1,0,0,0,0
2026-03-22T00:10:44Z,1305.784,4204,-5651.300293,-10091,1440.200073,264.600006,0.4,0.7,0,0,1,0,0,0,0,0,0,0,0,0,1,0,0,0,0
2026-03-22T00:10:44Z,1306.095,4205,-5652.200195,-10091.100586,1440.200073,264.800018,-0.5,0.5,0,0,1,0,0,0,0,0,0,0,0,0,0,0,0,0,0
2026-03-22T00:10:45Z,1306.398,4206,-5652.200195,-10091.100586,1440.200073,264.800018,-0.5,0.5,0,0,1,0,0,0,0,0,0,0,0,0,0,0,0,0,0
2026-03-22T00:10:45Z,1306.688,4207,-5652.200195,-10091.100586,1440.200073,264.800018,-0.5,0.5,0,0,1,0,0,0,0,0,0,0,0,0,0,0,0,0,0
2026-03-22T00:10:45Z,1307.031,4208,-5653.200195,-10091.100586,1440.300049,265.200012,2.4,-0.6,0,0,1,0,0,0,0,0,0,0,0,0,0,0,0,0,0
2026-03-22T00:10:46Z,1307.314,4209,-5653.200195,-10091.100586,1440.300049,265.200012,2.4,-0.6,0,0,1,0,0,0,0,0,0,0,0,0,0,0,0,0,0
2026-03-22T00:10:46Z,1307.638,4210,-5653.200195,-10091.100586,1440.300049,265.200012,2.4,-0.6,0,0,1,0,0,0,0,0,0,0,0,0,0,0,0,0,0
2026-03-22T00:10:46Z,1307.927,4211,-5653.200195,-10091.100586,1440.300049,265.200012,2.4,-0.6,0,0,1,0,0,0,0,0,0,0,0,0,0,0,0,0,0
2026-03-22T00:10:46Z,1308.218,4212,-5654.200195,-10091.200195,1440.300049,265.200012,3.9,0.2,0,0,1,0,0,0,0,0,0,0,0,0,0,0,0,0,0
2026-03-22T00:10:47Z,1308.518,4213,-5654.200195,-10091.200195,1440.300049,265.200012,3.9,0.2,0,0,1,0,0,0,0,0,0,0,0,0,0,0,0,0,0
2026-03-22T00:10:47Z,1308.795,4214,-5654.200195,-10091.200195,1440.300049,265.200012,3.9,0.2,0,0,1,0,0,0,0,0,0,0,0,0,0,0,0,0,0
2026-03-22T00:10:47Z,1309.079,4215,-5655.100098,-10091.299805,1440.400024,265.600006,2.8,0.5,0,0,1,0,0,0,0,0,0,0,0,0,0,0,0,0,0
2026-03-22T00:10:48Z,1309.376,4216,-5655.100098,-10091.299805,1440.400024,265.600006,2.8,0.5,0,0,1,0,0,0,0,0,0,0,0,0,0,0,0,0,0
2026-03-22T00:10:48Z,1309.656,4217,-5655.100098,-10091.299805,1440.400024,265.600006,2.8,0.5,0,0,1,0,0,0,0,0,0,0,0,0,0,0,0,0,0
2026-03-22T00:10:48Z,1309.968,4218,-5656,-10091.299805,1440.400024,266,1.3,-0.6,0,0,1,0,0,0,0,0,0,0,0,0,0,0,0,0,0
2026-03-22T00:10:49Z,1310.252,4219,-5656,-10091.299805,1440.400024,266,1.3,-0.6,0,0,1,0,0,0,0,0,0,0,0,0,0,0,0,0,0
2026-03-22T00:10:49Z,1310.536,4220,-5656,-10091.299805,1440.400024,266,1.3,-0.6,0,0,1,0,0,0,0,0,0,0,0,0,0,0,0,0,0
2026-03-22T00:10:49Z,1310.814,4221,-5656,-10091.299805,1440.400024,266,1.3,-0.6,0,0,1,0,0,0,0,0,0,0,0,0,0,0,0,0,0
2026-03-22T00:10:49Z,1311.090,4222,-5657.100098,-10091.400391,1440.400024,266.100006,1.9,-0.7,0,0,1,0,0,0,0,0,0,0,0,0,0,0,0,0,0
2026-03-22T00:10:50Z,1311.438,4223,-5657.100098,-10091.400391,1440.400024,266.100006,1.9,-0.7,0,0,1,0,0,0,0,0,0,0,0,0,0,0,0,0,0
2026-03-22T00:10:50Z,1311.707,4224,-5657.100098,-10091.400391,1440.400024,266.100006,1.9,-0.7,0,0,1,0,0,0,0,0,0,0,0,0,0,0,0,0,0
2026-03-22T00:10:50Z,1311.980,4225,-5658,-10091.5,1440.5,266.100006,2.9,-0.4,0,0,1,0,0,0,0,0,0,0,0,0,0,0,0,0,0
2026-03-22T00:10:51Z,1312.252,4226,-5658,-10091.5,1440.5,266.100006,2.9,-0.4,0,0,1,0,0,0,0,0,0,0,0,0,0,0,0,0,0
2026-03-22T00:10:51Z,1312.530,4227,-5658,-10091.5,1440.5,266.100006,2.9,-0.4,0,0,1,0,0,0,0,0,0,0,0,0,0,0,0,0,0
2026-03-22T00:10:51Z,1312.811,4228,-5658,-10091.5,1440.5,266.100006,2.9,-0.4,0,0,1,0,0,0,0,0,0,0,0,0,0,0,0,0,0
2026-03-22T00:10:51Z,1313.135,4229,-5659,-10091.5,1440.5,266.300018,3.1,-0.3,0,0,1,0,0,0,0,0,0,0,0,0,0,0,0,0,0
2026-03-22T00:10:52Z,1313.407,4230,-5659,-10091.5,1440.5,266.300018,3.1,-0.3,0,0,1,0,0,0,0,0,0,0,0,0,0,0,0,0,0
2026-03-22T00:10:52Z,1313.703,4231,-5659,-10091.5,1440.5,266.300018,3.1,-0.3,0,0,1,0,0,0,0,0,0,0,0,0,0,0,0,0,0
2026-03-22T00:10:52Z,1313.985,4232,-5659.899902,-10091.600586,1440.599976,266.5,3.4,-0.3,0,0,1,0,0,1,0,0,0,0,0,0,0,1,1,0,0
2026-03-22T00:10:53Z,1314.257,4233,-5659.899902,-10091.600586,1440.599976,266.5,3.4,-0.3,0,0,1,0,0,1,0,0,0,0,0,0,0,1,1,0,0
2026-03-22T00:10:53Z,1314.550,4234,-5659.899902,-10091.600586,1440.599976,266.5,3.4,-0.3,0,0,1,0,0,1,0,0,0,0,0,0,0,1,1,0,0
2026-03-22T00:10:53Z,1314.832,4235,-5659.899902,-10091.600586,1440.599976,266.5,3.4,-0.3,0,0,1,0,0,1,0,0,0,0,0,0,0,1,1,0,0
2026-03-22T00:10:53Z,1315.102,4236,-5661,-10091.700195,1440.599976,266.700012,3.9,-0.2,0,0,1,0,0,1,0,0,0,0,0,0,0,1,1,0,0
2026-03-22T00:10:54Z,1315.373,4237,-5661,-10091.700195,1440.599976,266.700012,3.9,-0.2,0,0,1,0,0,1,0,0,0,0,0,0,0,1,1,0,0
2026-03-22T00:10:54Z,1315.641,4238,-5661,-10091.700195,1440.599976,266.700012,3.9,-0.2,0,0,1,0,0,1,0,0,0,0,0,0,0,1,1,0,0
2026-03-22T00:10:54Z,1315.985,4239,-5661.899902,-10091.700195,1440.700073,267,4,-0.1,0,1,1,0,1,1,1,0,0,0,0,0,0,1,1,0,1
2026-03-22T00:10:55Z,1316.271,4240,-5661.899902,-10091.700195,1440.700073,267,4,-0.1,0,1,1,0,1,1,1,0,0,0,0,0,0,1,1,0,1
2026-03-22T00:10:55Z,1316.537,4241,-5661.899902,-10091.700195,1440.700073,267,4,-0.1,0,1,1,0,1,1,1,0,0,0,0,0,0,1,1,0,1
2026-03-22T00:10:55Z,1316.829,4242,-5661.899902,-10091.700195,1440.700073,267,4,-0.1,0,1,1,0,1,1,1,0,0,0,0,0,0,1,1,0,1
2026-03-22T00:10:55Z,1317.103,4243,-5662.800293,-10091.700195,1440.700073,267,3.6,0.2,0,1,1,1,1,1,1,0,0,0,0,0,0,1,1,1,0
2026-03-22T00:10:56Z,1317.388,4244,-5662.800293,-10091.700195,1440.700073,267,3.6,0.2,0,1,1,1,1,1,1,0,0,0,0,0,0,1,1,1,0
2026-03-22T00:10:56Z,1317.652,4245,-5662.800293,-10091.700195,1440.700073,267,3.6,0.2,0,1,1,1,1,1,1,0,0,0,0,0,0,1,1,1,0
2026-03-22T00:10:56Z,1317.926,4246,-5663,-10091.799805,1440.800049,272.5,0.2,0.3,0,0,1,1,0,1,1,0,0,0,0,0,0,1,1,0,0
2026-03-22T00:10:56Z,1318.188,4247,-5663,-10091.799805,1440.800049,272.5,0.2,0.3,0,0,1,1,0,1,1,0,0,0,0,0,0,1,1,0,0
2026-03-22T00:10:57Z,1318.469,4248,-5663,-10091.799805,1440.800049,272.5,0.2,0.3,0,0,1,1,0,1,1,0,0,0,0,0,0,1,1,0,0
2026-03-22T00:10:57Z,1318.755,4249,-5663,-10091.799805,1440.800049,272.5,0.2,0.3,0,0,1,1,0,1,1,0,0,0,0,0,0,1,1,0,0
2026-03-22T00:10:57Z,1319.031,4250,-5663,-10091.900391,1440.800049,273.899994,5,0.7,0,1,1,1,1,1,1,0,0,0,0,0,0,1,1,0,0
2026-03-22T00:10:58Z,1319.323,4251,-5663,-10091.900391,1440.800049,273.899994,5,0.7,0,1,1,1,1,1,1,0,0,0,0,0,0,1,1,0,0
2026-03-22T00:10:58Z,1319.586,4252,-5663,-10091.900391,1440.800049,273.899994,5,0.7,0,1,1,1,1,1,1,0,0,0,0,0,0,1,1,0,0
2026-03-22T00:10:58Z,1319.849,4253,-5663,-10091.900391,1440.800049,273.899994,5,0.7,0,1,1,1,1,1,1,0,0,0,0,0,0,1,1,0,0
2026-03-22T00:10:58Z,1320.110,4254,-5663,-10091.900391,1440.700073,273.800018,5.6,0.6,0,1,1,1,1,1,1,0,0,0,0,0,0,1,1,0,0
2026-03-22T00:10:59Z,1320.376,4255,-5663,-10091.900391,1440.700073,273.800018,5.6,0.6,0,1,1,1,1,1,1,0,0,0,0,0,0,1,1,0,0
2026-03-22T00:10:59Z,1320.670,4256,-5663,-10091.900391,1440.700073,273.800018,5.6,0.6,0,1,1,1,1,1,1,0,0,0,0,0,0,1,1,0,0
2026-03-22T00:10:59Z,1320.962,4257,-5663.100098,-10091.900391,1440.700073,273.600006,3.7,1,0,1,1,1,1,0,1,0,0,0,0,0,0,1,1,0,1
2026-03-22T00:11:00Z,1321.286,4258,-5663.100098,-10091.900391,1440.700073,273.600006,3.7,1,0,1,1,1,1,0,1,0,0,0,0,0,0,1,1,0,1
2026-03-22T00:11:00Z,1321.553,4259,-5663.100098,-10091.900391,1440.700073,273.600006,3.7,1,0,1,1,1,1,0,1,0,0,0,0,0,0,1,1,0,1
2026-03-22T00:11:00Z,1321.822,4260,-5663.100098,-10091.900391,1440.700073,273.600006,3.7,1,0,1,1,1,1,0,1,0,0,0,0,0,0,1,1,0,1
2026-03-22T00:11:00Z,1322.082,4261,-5663.100098,-10091.900391,1440.800049,273,3.1,0.6,0,1,1,1,1,0,1,0,0,0,0,0,0,1,1,0,1
2026-03-22T00:11:01Z,1322.360,4262,-5663.100098,-10091.900391,1440.800049,273,3.1,0.6,0,1,1,1,1,0,1,0,0,0,0,0,0,1,1,0,1
2026-03-22T00:11:01Z,1322.620,4263,-5663.100098,-10091.900391,1440.800049,273,3.1,0.6,0,1,1,1,1,0,1,0,0,0,0,0,0,1,1,0,1
2026-03-22T00:11:01Z,1322.884,4264,-5663.100098,-10091.900391,1440.800049,273,2.9,0.6,0,1,1,1,1,0,1,0,0,0,0,0,0,1,1,0,1
2026-03-22T00:11:01Z,1323.145,4265,-5663.100098,-10091.900391,1440.800049,273,2.9,0.6,0,1,1,1,1,0,1,0,0,0,0,0,0,1,1,0,1
2026-03-22T00:11:02Z,1323.413,4266,-5663.100098,-10091.900391,1440.800049,273,2.9,0.6,0,1,1,1,1,0,1,0,0,0,0,0,0,1,1,0,1
2026-03-22T00:11:02Z,1323.674,4267,-5663.100098,-10091.900391,1440.800049,273,2.9,0.6,0,1,1,1,1,0,1,0,0,0,0,0,0,1,1,0,1
2026-03-22T00:11:02Z,1323.947,4268,-5663.100098,-10091.900391,1440.800049,273,2.9,0.6,0,1,1,1,1,0,1,0,0,0,0,0,0,1,1,0,1
2026-03-22T00:11:02Z,1324.210,4269,-5663.100098,-10091.900391,1440.700073,273,4.1,0.6,0,1,1,1,1,1,1,0,0,0,0,0,0,1,1,0,1
2026-03-22T00:11:03Z,1324.473,4270,-5663.100098,-10091.900391,1440.700073,273,4.1,0.6,0,1,1,1,1,1,1,0,0,0,0,0,0,1,1,0,1
2026-03-22T00:11:03Z,1324.738,4271,-5663.100098,-10091.900391,1440.700073,273,4.1,0.6,0,1,1,1,1,1,1,0,0,0,0,0,0,1,1,0,1
2026-03-22T00:11:03Z,1325.010,4272,-5663.100098,-10091.900391,1440.700073,273,4.2,0.6,0,1,1,1,1,1,1,0,0,0,0,0,0,1,1,0,0
2026-03-22T00:11:04Z,1325.303,4273,-5663.100098,-10091.900391,1440.700073,273,4.2,0.6,0,1,1,1,1,1,1,0,0,0,0,0,0,1,1,0,0
2026-03-22T00:11:04Z,1325.567,4274,-5663.100098,-10091.900391,1440.700073,273,4.2,0.6,0,1,1,1,1,1,1,0,0,0,0,0,0,1,1,0,0
2026-03-22T00:11:04Z,1325.831,4275,-5663.100098,-10091.900391,1440.800049,273,3.4,0.6,0,1,1,1,1,0,1,0,0,0,0,0,0,1,1,0,1
2026-03-22T00:11:04Z,1326.091,4276,-5663.100098,-10091.900391,1440.800049,273,3.4,0.6,0,1,1,1,1,0,1,0,0,0,0,0,0,1,1,0,1
2026-03-22T00:11:05Z,1326.368,4277,-5663.100098,-10091.900391,1440.800049,273,3.4,0.6,0,1,1,1,1,0,1,0,0,0,0,0,0,1,1,0,1
2026-03-22T00:11:05Z,1326.625,4278,-5663.100098,-10091.900391,1440.800049,273,3.4,0.6,0,1,1,1,1,0,1,0,0,0,0,0,0,1,1,0,1
2026-03-22T00:11:05Z,1326.912,4279,-5663.100098,-10091.900391,1440.800049,273,3.3,0.6,0,1,1,1,1,0,1,0,0,0,0,0,0,1,1,0,1
2026-03-22T00:11:05Z,1327.164,4280,-5663.100098,-10091.900391,1440.800049,273,3.3,0.6,0,1,1,1,1,0,1,0,0,0,0,0,0,1,1,0,1
2026-03-22T00:11:06Z,1327.429,4281,-5663.100098,-10091.900391,1440.800049,273,3.3,0.6,0,1,1,1,1,0,1,0,0,0,0,0,0,1,1,0,1
2026-03-22T00:11:06Z,1327.660,4282,-5663.100098,-10091.900391,1440.800049,273,3.3,0.6,0,1,1,1,1,0,1,0,0,0,0,0,0,1,1,0,1
2026-03-22T00:11:06Z,1327.893,4283,-5663.100098,-10091.900391,1440.700073,273,3.8,0.6,0,1,1,1,1,1,1,0,0,0,0,0,0,1,1,0,1
2026-03-22T00:11:06Z,1328.133,4284,-5663.100098,-10091.900391,1440.700073,273,3.8,0.6,0,1,1,1,1,1,1,0,0,0,0,0,0,1,1,0,1
2026-03-22T00:11:07Z,1328.389,4285,-5663.100098,-10091.900391,1440.700073,273,3.8,0.6,0,1,1,1,1,1,1,0,0,0,0,0,0,1,1,0,1
2026-03-22T00:11:07Z,1328.625,4286,-5663.100098,-10091.900391,1440.700073,273,3.8,0.6,0,1,1,1,1,1,1,0,0,0,0,0,0,1,1,0,1
2026-03-22T00:11:07Z,1328.906,4287,-5662.899902,-10091.900391,1440.700073,272.800018,2.9,0.8,0,1,1,1,0,0,1,0,0,0,0,0,0,1,1,0,0
2026-03-22T00:11:07Z,1329.181,4288,-5662.899902,-10091.900391,1440.700073,272.800018,2.9,0.8,0,1,1,1,0,0,1,0,0,0,0,0,0,1,1,0,0
2026-03-22T00:11:08Z,1329.425,4289,-5662.899902,-10091.900391,1440.700073,272.800018,2.9,0.8,0,1,1,1,0,0,1,0,0,0,0,0,0,1,1,0,0
2026-03-22T00:11:08Z,1329.671,4290,-5662.899902,-10091.900391,1440.700073,272.800018,2.9,0.8,0,1,1,1,0,0,1,0,0,0,0,0,0,1,1,0,0
2026-03-22T00:11:08Z,1329.926,4291,-5662.700195,-10091.900391,1440.700073,272.5,3,0.7,0,1,1,1,1,1,1,0,0,0,0,0,0,1,1,0,0
2026-03-22T00:11:08Z,1330.201,4292,-5662.700195,-10091.900391,1440.700073,272.5,3,0.7,0,1,1,1,1,1,1,0,0,0,0,0,0,1,1,0,0
2026-03-22T00:11:09Z,1330.446,4293,-5662.700195,-10091.900391,1440.700073,272.5,3,0.7,0,1,1,1,1,1,1,0,0,0,0,0,0,1,1,0,0
2026-03-22T00:11:10Z,1330.999,4294,-5662.300293,-10091.900391,1440.700073,271.899994,3.2,0.3,0,0,1,1,1,1,1,0,0,0,0,0,0,1,1,0,0
2026-03-22T00:11:10Z,1331.713,4295,-5662.300293,-10091.900391,1440.700073,271.899994,3.2,0.3,0,0,1,1,1,1,1,0,0,0,0,0,0,1,1,0,0
2026-03-22T00:11:10Z,1332.064,4296,-5661.800293,-10092,1440.700073,271.100006,2.6,0.1,0,0,1,0,0,1,1,0,0,0,0,0,0,1,1,0,1
2026-03-22T00:11:11Z,1332.347,4297,-5661.800293,-10092,1440.700073,271.100006,2.6,0.1,0,0,1,0,0,1,1,0,0,0,0,0,0,1,1,0,1
2026-03-22T00:11:11Z,1332.618,4298,-5661.800293,-10092,1440.700073,271.100006,2.6,0.1,0,0,1,0,0,1,1,0,0,0,0,0,0,1,1,0,1
2026-03-22T00:11:11Z,1332.875,4299,-5661.200195,-10092,1440.599976,270.300018,2.4,0,0,0,1,0,0,1,0,0,0,0,0,0,0,1,1,0,0
2026-03-22T00:11:11Z,1333.155,4300,-5661.200195,-10092,1440.599976,270.300018,2.4,0,0,0,1,0,0,1,0,0,0,0,0,0,0,1,1,0,0
2026-03-22T00:11:12Z,1333.406,4301,-5661.200195,-10092,1440.599976,270.300018,2.4,0,0,0,1,0,0,1,0,0,0,0,0,0,0,1,1,0,0
2026-03-22T00:11:12Z,1333.659,4302,-5661.200195,-10092,1440.599976,270.300018,2.4,0,0,0,1,0,0,1,0,0,0,0,0,0,0,1,1,0,0
2026-03-22T00:11:12Z,1333.917,4303,-5660.5,-10092,1440.599976,269.200012,3,-0.2,0,0,1,0,0,1,0,0,0,0,0,0,0,1,1,0,0
2026-03-22T00:11:12Z,1334.178,4304,-5660.5,-10092,1440.599976,269.200012,3,-0.2,0,0,1,0,0,1,0,0,0,0,0,0,0,1,1,0,0
2026-03-22T00:11:13Z,1334.438,4305,-5660.5,-10092,1440.599976,269.200012,3,-0.2,0,0,1,0,0,1,0,0,0,0,0,0,0,1,1,0,0
2026-03-22T00:11:13Z,1334.703,4306,-5660.5,-10092,1440.599976,269.200012,3,-0.2,0,0,1,0,0,1,0,0,0,0,0,0,0,1,1,0,0
2026-03-22T00:11:18Z,1334.978,4307,-5659.600098,-10092,1440.5,267.899994,3.2,-0.4,0,0,1,0,0,0,0,0,0,0,0,0,0,1,0,0,0
2026-03-22T00:11:18Z,1340.256,4308,-5657.399902,-10092,1440.400024,264.300018,1.8,-0.6,0,0,1,0,0,0,0,0,0,0,0,0,0,0,0,0,0
2026-03-22T00:11:19Z,1340.502,4309,-5657.399902,-10092,1440.400024,264.300018,1.8,-0.6,0,0,1,0,0,0,0,0,0,0,0,0,0,0,0,0,0
2026-03-22T00:11:19Z,1340.753,4310,-5657.399902,-10092,1440.400024,264.300018,1.8,-0.6,0,0,1,0,0,0,0,0,0,0,0,0,0,0,0,0,0
2026-03-22T00:11:19Z,1341.014,4311,-5657.399902,-10092,1440.5,264.300018,1.7,-0.7,0,0,1,0,0,0,0,0,0,0,0,0,0,0,0,0,0
2026-03-22T00:11:19Z,1341.271,4312,-5657.399902,-10092,1440.5,264.300018,1.7,-0.7,0,0,1,0,0,0,0,0,0,0,0,0,0,0,0,0,0
2026-03-22T00:11:20Z,1341.517,4313,-5657.399902,-10092,1440.5,264.300018,1.7,-0.7,0,0,1,0,0,0,0,0,0,0,0,0,0,0,0,0,0
2026-03-22T00:11:20Z,1341.766,4314,-5657.399902,-10092,1440.5,264.300018,1.7,-0.7,0,0,1,0,0,0,0,0,0,0,0,0,0,0,0,0,0
2026-03-22T00:11:20Z,1342.012,4315,-5657.399902,-10092,1440.400024,264.200012,2.8,-0.7,0,0,1,0,0,0,0,0,0,0,0,0,0,0,0,0,0
2026-03-22T00:11:20Z,1342.275,4316,-5657.399902,-10092,1440.400024,264.200012,2.8,-0.7,0,0,1,0,0,0,0,0,0,0,0,0,0,0,0,0,0
2026-03-22T00:11:21Z,1342.520,4317,-5657.399902,-10092,1440.400024,264.200012,2.8,-0.7,0,0,1,0,0,0,0,0,0,0,0,0,0,0,0,0,0
2026-03-22T00:11:21Z,1342.766,4318,-5657.399902,-10092,1440.400024,264.200012,2.8,-0.7,0,0,1,0,0,0,0,0,0,0,0,0,0,0,0,0,0
2026-03-22T00:11:21Z,1343.011,4319,-5657.399902,-10092,1440.400024,263.600006,2.5,-0.6,0,0,1,0,0,0,0,0,0,0,0,0,0,0,0,0,0
2026-03-22T00:11:21Z,1343.284,4320,-5657.399902,-10092,1440.400024,263.600006,2.5,-0.6,0,0,1,0,0,0,0,0,0,0,0,0,0,0,0,0,0
2026-03-22T00:11:22Z,1343.528,4321,-5657.399902,-10092,1440.400024,263.600006,2.5,-0.6,0,0,1,0,0,0,0,0,0,0,0,0,0,0,0,0,0
2026-03-22T00:11:22Z,1343.781,4322,-5657.399902,-10092,1440.400024,263.600006,2.5,-0.6,0,0,1,0,0,0,0,0,0,0,0,0,0,0,0,0,0
2026-03-22T00:11:22Z,1344.050,4323,-5657.5,-10092,1440.400024,262.700012,2.3,-0.7,0,0,1,0,0,0,0,0,0,0,0,0,0,0,0,0,0
2026-03-22T00:11:23Z,1344.314,4324,-5657.5,-10092,1440.400024,262.700012,2.3,-0.7,0,0,1,0,0,0,0,0,0,0,0,0,0,0,0,0,0
2026-03-22T00:11:23Z,1344.577,4325,-5657.5,-10092,1440.400024,262.700012,2.3,-0.7,0,0,1,0,0,0,0,0,0,0,0,0,0,0,0,0,0
2026-03-22T00:11:23Z,1344.831,4326,-5657.5,-10092,1440.400024,262.700012,2.3,-0.7,0,0,1,0,0,0,0,0,0,0,0,0,0,0,0,0,0
2026-03-22T00:11:23Z,1345.079,4327,-5657.600098,-10092.100586,1440.5,261.399994,2.5,-0.8,0,0,1,0,0,0,0,0,0,0,0,0,0,0,0,0,0
2026-03-22T00:11:24Z,1345.321,4328,-5657.600098,-10092.100586,1440.5,261.399994,2.5,-0.8,0,0,1,0,0,0,0,0,0,0,0,0,0,0,0,0,0
2026-03-22T00:11:24Z,1345.570,4329,-5657.600098,-10092.100586,1440.5,261.399994,2.5,-0.8,0,0,1,0,0,0,0,0,0,0,0,0,0,0,0,0,0
2026-03-22T00:11:24Z,1345.814,4330,-5657.600098,-10092.100586,1440.5,261.399994,2.5,-0.8,0,0,1,0,0,0,0,0,0,0,0,0,0,0,0,0,0
2026-03-22T00:11:24Z,1346.078,4331,-5657.700195,-10092.200195,1440.5,259.800018,2.5,-0.8,0,0,1,0,0,0,0,0,0,0,0,0,0,0,0,0,0
2026-03-22T00:11:25Z,1346.348,4332,-5657.700195,-10092.200195,1440.5,259.800018,2.5,-0.8,0,0,1,0,0,0,0,0,0,0,0,0,0,0,0,0,0
2026-03-22T00:11:25Z,1346.608,4333,-5657.700195,-10092.200195,1440.5,259.800018,2.5,-0.8,0,0,1,0,0,0,0,0,0,0,0,0,0,0,0,0,0
2026-03-22T00:11:25Z,1346.866,4334,-5657.899902,-10092.200195,1440.5,257.899994,2.5,-0.9,0,0,0,0,0,0,0,0,0,0,0,0,0,0,0,0,0
2026-03-22T00:11:25Z,1347.160,4335,-5657.899902,-10092.200195,1440.5,257.899994,2.5,-0.9,0,0,0,0,0,0,0,0,0,0,0,0,0,0,0,0,0
2026-03-22T00:11:26Z,1347.417,4336,-5657.899902,-10092.200195,1440.5,257.899994,2.5,-0.9,0,0,0,0,0,0,0,0,0,0,0,0,0,0,0,0,0
2026-03-22T00:11:26Z,1347.681,4337,-5657.899902,-10092.200195,1440.5,257.899994,2.5,-0.9,0,0,0,0,0,0,0,0,0,0,0,0,0,0,0,0,0
2026-03-22T00:11:26Z,1347.923,4338,-5658,-10092.200195,1440.5,257.899994,2.5,-0.9,0,0,0,0,0,0,0,0,0,0,0,0,0,0,0,0,0
2026-03-22T00:11:26Z,1348.180,4339,-5658,-10092.299805,1440.5,255.699997,2.7,-1,0,0,1,0,0,0,0,0,0,0,0,0,0,0,0,0,0
2026-03-22T00:11:27Z,1348.445,4340,-5658,-10092.299805,1440.5,255.699997,2.7,-1,0,0,1,0,0,0,0,0,0,0,0,0,0,0,0,0,0
2026-03-22T00:11:27Z,1348.704,4341,-5658,-10092.299805,1440.5,255.699997,2.7,-1,0,0,1,0,0,0,0,0,0,0,0,0,0,0,0,0,0
2026-03-22T00:11:27Z,1348.972,4342,-5658,-10092.299805,1440.5,255.699997,2.7,-1,0,0,1,0,0,0,0,0,0,0,0,0,0,0,0,0,0
2026-03-22T00:11:27Z,1349.235,4343,-5658.200195,-10092.400391,1440.5,253.199997,2.7,-1.1,0,0,1,0,0,0,0,0,0,0,0,0,0,0,0,0,0
2026-03-22T00:11:28Z,1349.497,4344,-5658.200195,-10092.400391,1440.5,253.199997,2.7,-1.1,0,0,1,0,0,0,0,0,0,0,0,0,0,0,0,0,0
2026-03-22T00:11:28Z,1349.740,4345,-5658.200195,-10092.400391,1440.5,253.199997,2.7,-1.1,0,0,1,0,0,0,0,0,0,0,0,0,0,0,0,0,0
2026-03-22T00:11:28Z,1350.012,4346,-5658.399902,-10092.600586,1440.5,250.300003,2.7,-1.2,0,0,0,0,0,0,0,0,0,0,0,0,0,0,0,0,0
2026-03-22T00:11:29Z,1350.284,4347,-5658.399902,-10092.600586,1440.5,250.300003,2.7,-1.2,0,0,0,0,0,0,0,0,0,0,0,0,0,0,0,0,0
2026-03-22T00:11:29Z,1350.548,4348,-5658.399902,-10092.600586,1440.5,250.300003,2.7,-1.2,0,0,0,0,0,0,0,0,0,0,0,0,0,0,0,0,0
2026-03-22T00:11:29Z,1350.814,4349,-5658.399902,-10092.600586,1440.5,250.300003,2.7,-1.2,0,0,0,0,0,0,0,0,0,0,0,0,0,0,0,0,0
2026-03-22T00:11:29Z,1351.091,4350,-5658.600098,-10092.700195,1440.5,247,2.8,-1.3,0,0,0,0,0,0,0,0,0,0,0,0,0,0,0,0,0
2026-03-22T00:11:30Z,1351.382,4351,-5658.600098,-10092.700195,1440.5,247,2.8,-1.3,0,0,0,0,0,0,0,0,0,0,0,0,0,0,0,0,0
2026-03-22T00:11:30Z,1351.651,4352,-5658.600098,-10092.700195,1440.5,247,2.8,-1.3,0,0,0,0,0,0,0,0,0,0,0,0,0,0,0,0,0
2026-03-22T00:11:30Z,1351.901,4353,-5658.600098,-10092.700195,1440.5,247,2.8,-1.3,0,0,0,0,0,0,0,0,0,0,0,0,0,0,0,0,0
2026-03-22T00:11:30Z,1352.176,4354,-5658.800293,-10092.900391,1440.5,243.199997,2.9,-1.5,0,0,0,0,0,0,0,0,0,0,0,0,0,0,0,0,0
2026-03-22T00:11:31Z,1352.438,4355,-5658.800293,-10092.900391,1440.5,243.199997,2.9,-1.5,0,0,0,0,0,0,0,0,0,0,0,0,0,0,0,0,0
2026-03-22T00:11:31Z,1352.709,4356,-5658.800293,-10092.900391,1440.5,243.199997,2.9,-1.5,0,0,0,0,0,0,0,0,0,0,0,0,0,0,0,0,0
2026-03-22T00:11:31Z,1352.960,4357,-5658.800293,-10092.900391,1440.5,243.199997,2.9,-1.5,0,0,0,0,0,0,0,0,0,0,0,0,0,0,0,0,0
2026-03-22T00:11:31Z,1353.219,4358,-5659,-10093.200195,1440.5,239.199997,2.9,-1.6,0,0,0,0,0,0,0,0,0,0,0,0,0,0,0,0,0
2026-03-22T00:11:32Z,1353.462,4359,-5659,-10093.200195,1440.5,239.199997,2.9,-1.6,0,0,0,0,0,0,0,0,0,0,0,0,0,0,0,0,0
2026-03-22T00:11:32Z,1353.704,4360,-5659,-10093.200195,1440.5,239.199997,2.9,-1.6,0,0,0,0,0,0,0,0,0,0,0,0,0,0,0,0,0
2026-03-22T00:11:32Z,1353.949,4361,-5659.300293,-10093.5,1440.5,234.900009,2.9,-1.7,0,0,0,0,0,0,0,0,0,0,0,0,0,0,0,0,0
2026-03-22T00:11:32Z,1354.189,4362,-5659.300293,-10093.5,1440.5,234.900009,2.9,-1.7,0,0,0,0,0,0,0,0,0,0,0,0,0,0,0,0,0
2026-03-22T00:11:33Z,1354.445,4363,-5659.300293,-10093.5,1440.5,234.900009,2.9,-1.7,0,0,0,0,0,0,0,0,0,0,0,0,0,0,0,0,0
2026-03-22T00:11:33Z,1354.708,4364,-5659.300293,-10093.5,1440.5,234.900009,2.9,-1.7,0,0,0,0,0,0,0,0,0,0,0,0,0,0,0,0,0
2026-03-22T00:11:33Z,1354.960,4365,-5659.5,-10093.799805,1440.5,230.199997,2.8,-1.9,0,0,0,0,0,0,0,0,0,0,0,0,0,0,0,0,0
2026-03-22T00:11:33Z,1355.224,4366,-5659.5,-10093.799805,1440.5,230.199997,2.8,-1.9,0,0,0,0,0,0,0,0,0,0,0,0,0,0,0,0,0
2026-03-22T00:11:34Z,1355.477,4367,-5659.5,-10093.799805,1440.5,230.199997,2.8,-1.9,0,0,0,0,0,0,0,0,0,0,0,0,0,0,0,0,0
2026-03-22T00:11:34Z,1355.741,4368,-5659.5,-10093.799805,1440.5,230.199997,2.8,-1.9,0,0,0,0,0,0,0,0,0,0,0,0,0,0,0,0,0
2026-03-22T00:11:34Z,1356.025,4369,-5659.700195,-10094.100586,1440.599976,225.100006,2.7,-2.1,0,0,0,0,0,0,0,0,0,0,0,0,0,0,0,0,0
2026-03-22T00:11:35Z,1356.313,4370,-5659.700195,-10094.100586,1440.599976,225.100006,2.7,-2.1,0,0,0,0,0,0,0,0,0,0,0,0,0,0,0,0,0
2026-03-22T00:11:35Z,1356.558,4371,-5659.700195,-10094.100586,1440.599976,225.100006,2.7,-2.1,0,0,0,0,0,0,0,0,0,0,0,0,0,0,0,0,0
2026-03-22T00:11:35Z,1356.822,4372,-5659.700195,-10094.100586,1440.599976,225.100006,2.7,-2.1,0,0,0,0,0,0,0,0,0,0,0,0,0,0,0,0,0
2026-03-22T00:11:35Z,1357.096,4373,-5659.899902,-10094.5,1440.599976,220.199997,2.6,-2.2,0,0,0,0,0,0,0,0,0,0,0,0,0,0,0,0,0
2026-03-22T00:11:36Z,1357.353,4374,-5659.899902,-10094.5,1440.599976,220.199997,2.6,-2.2,0,0,0,0,0,0,0,0,0,0,0,0,0,0,0,0,0
2026-03-22T00:11:36Z,1357.612,4375,-5659.899902,-10094.5,1440.599976,220.199997,2.6,-2.2,0,0,0,0,0,0,0,0,0,0,0,0,0,0,0,0,0
2026-03-22T00:11:36Z,1357.858,4376,-5659.899902,-10094.5,1440.599976,220.199997,2.6,-2.2,0,0,0,0,0,0,0,0,0,0,0,0,0,0,0,0,0
2026-03-22T00:11:36Z,1358.118,4377,-5660.100098,-10095,1440.599976,213.900009,2.6,-2.3,0,0,0,0,0,0,0,0,0,0,0,0,0,0,0,0,0
2026-03-22T00:11:37Z,1358.379,4378,-5660.100098,-10095,1440.599976,213.900009,2.6,-2.3,0,0,0,0,0,0,0,0,0,0,0,0,0,0,0,0,0
2026-03-22T00:11:37Z,1358.615,4379,-5660.100098,-10095,1440.599976,213.900009,2.6,-2.3,0,0,0,0,0,0,0,0,0,0,0,0,0,0,0,0,0
2026-03-22T00:11:37Z,1358.859,4380,-5660.100098,-10095,1440.599976,213.900009,2.6,-2.3,0,0,0,0,0,0,0,0,0,0,0,0,0,0,0,0,0
2026-03-22T00:11:37Z,1359.100,4381,-5660.300293,-10095.5,1440.599976,209.900009,3,-2.9,0,0,0,0,0,0,0,0,0,0,0,0,0,0,0,0,0
2026-03-22T00:11:38Z,1359.347,4382,-5660.300293,-10095.5,1440.599976,209.900009,3,-2.9,0,0,0,0,0,0,0,0,0,0,0,0,0,0,0,0,0
2026-03-22T00:11:38Z,1359.592,4383,-5660.300293,-10095.5,1440.599976,209.900009,3,-2.9,0,0,0,0,0,0,0,0,0,0,0,0,0,0,0,0,0
2026-03-22T00:11:38Z,1359.835,4384,-5660.300293,-10095.5,1440.599976,209.900009,3,-2.9,0,0,0,0,0,0,0,0,0,0,0,0,0,0,0,0,0
2026-03-22T00:11:38Z,1360.124,4385,-5660.600098,-10096.100586,1440.599976,208.100006,3.5,-3.6,0,0,0,0,0,0,0,0,0,0,0,0,0,0,0,0,0
2026-03-22T00:11:39Z,1360.374,4386,-5660.600098,-10096.100586,1440.599976,208.100006,3.5,-3.6,0,0,0,0,0,0,0,0,0,0,0,0,0,0,0,0,0
2026-03-22T00:11:39Z,1360.630,4387,-5660.600098,-10096.100586,1440.599976,208.100006,3.5,-3.6,0,0,0,0,0,0,0,0,0,0,0,0,0,0,0,0,0
2026-03-22T00:11:39Z,1360.884,4388,-5660.600098,-10096.100586,1440.599976,208.100006,3.5,-3.6,0,0,0,0,0,0,0,0,0,0,0,0,0,0,0,0,0
2026-03-22T00:11:39Z,1361.146,4389,-5660.899902,-10096.700195,1440.599976,207.900009,3.9,-3.4,0,0,0,0,0,0,0,0,0,0,0,0,0,0,0,0,0
2026-03-22T00:11:40Z,1361.398,4390,-5660.899902,-10096.700195,1440.599976,207.900009,3.9,-3.4,0,0,0,0,0,0,0,0,0,0,0,0,0,0,0,0,0
2026-03-22T00:11:40Z,1361.646,4391,-5660.899902,-10096.700195,1440.599976,207.900009,3.9,-3.4,0,0,0,0,0,0,0,0,0,0,0,0,0,0,0,0,0
2026-03-22T00:11:40Z,1361.885,4392,-5660.899902,-10096.700195,1440.599976,207.900009,3.9,-3.4,0,0,0,0,0,0,0,0,0,0,0,0,0,0,0,0,0
2026-03-22T00:11:40Z,1362.156,4393,-5661.300293,-10097.5,1440.700073,208.199997,4.1,-2.8,0,0,0,0,0,0,0,0,0,0,0,0,0,0,0,0,0
2026-03-22T00:11:41Z,1362.401,4394,-5661.300293,-10097.5,1440.700073,208.199997,4.1,-2.8,0,0,0,0,0,0,0,0,0,0,0,0,0,0,0,0,0
2026-03-22T00:11:41Z,1362.642,4395,-5661.300293,-10097.5,1440.700073,208.199997,4.1,-2.8,0,0,0,0,0,0,0,0,0,0,0,0,0,0,0,0,0
2026-03-22T00:11:41Z,1362.899,4396,-5661.300293,-10097.5,1440.700073,208.199997,4.1,-2.8,0,0,0,0,0,0,0,0,0,0,0,0,0,0,0,0,0
2026-03-22T00:11:41Z,1363.173,4397,-5661.700195,-10098.200195,1440.700073,210,4.2,-3.1,0,0,0,0,0,0,0,0,0,0,0,0,0,0,0,0,0
2026-03-22T00:11:42Z,1363.431,4398,-5661.700195,-10098.200195,1440.700073,210,4.2,-3.1,0,0,0,0,0,0,0,0,0,0,0,0,0,0,0,0,0
2026-03-22T00:11:42Z,1363.844,4399,-5661.700195,-10098.200195,1440.700073,210,4.2,-3.1,0,0,0,0,0,0,0,0,0,0,0,0,0,0,0,0,0
2026-03-22T00:11:42Z,1364.103,4400,-5662.399902,-10099,1440.800049,215.5,3.9,-3.7,0,0,0,0,0,0,0,0,0,0,0,0,0,0,0,0,0
2026-03-22T00:11:43Z,1364.339,4401,-5662.399902,-10099,1440.800049,215.5,3.9,-3.7,0,0,0,0,0,0,0,0,0,0,0,0,0,0,0,0,0
2026-03-22T00:11:43Z,1364.590,4402,-5662.399902,-10099,1440.800049,215.5,3.9,-3.7,0,0,0,0,0,0,0,0,0,0,0,0,0,0,0,0,0
2026-03-22T00:11:43Z,1364.836,4403,-5662.399902,-10099,1440.800049,215.5,3.9,-3.7,0,0,0,0,0,0,0,0,0,0,0,0,0,0,0,0,0
2026-03-22T00:11:43Z,1365.078,4404,-5663,-10099.5,1440.900024,223.800003,3.5,-3.8,0,0,0,0,0,0,0,0,0,0,0,0,0,0,0,0,0
2026-03-22T00:11:44Z,1365.332,4405,-5663,-10099.5,1440.900024,223.800003,3.5,-3.8,0,0,0,0,0,0,0,0,0,0,0,0,0,0,0,0,0
2026-03-22T00:11:44Z,1365.569,4406,-5663,-10099.5,1440.900024,223.800003,3.5,-3.8,0,0,0,0,0,0,0,0,0,0,0,0,0,0,0,0,0
2026-03-22T00:11:44Z,1365.821,4407,-5663,-10099.5,1440.900024,223.800003,3.5,-3.8,0,0,0,0,0,0,0,0,0,0,0,0,0,0,0,0,0
2026-03-22T00:11:44Z,1366.121,4408,-5663.700195,-10099.900391,1441,233.100006,4.5,-3.3,0,0,0,0,0,0,0,0,0,0,0,0,0,0,0,0,0
2026-03-22T00:11:45Z,1366.360,4409,-5663.700195,-10099.900391,1441,233.100006,4.5,-3.3,0,0,0,0,0,0,0,0,0,0,0,0,0,0,0,0,0
2026-03-22T00:11:45Z,1366.602,4410,-5663.700195,-10099.900391,1441,233.100006,4.5,-3.3,0,0,0,0,0,0,0,0,0,0,0,0,0,0,0,0,0
2026-03-22T00:11:45Z,1366.851,4411,-5663.700195,-10099.900391,1441,233.100006,4.5,-3.3,0,0,0,0,0,0,0,0,0,0,0,0,0,0,0,0,0
2026-03-22T00:11:45Z,1367.108,4412,-5664.600098,-10100.200195,1441,242.400009,5.4,-2.4,0,0,0,0,0,0,0,0,0,0,0,0,0,0,0,0,0
2026-03-22T00:11:46Z,1367.343,4413,-5664.600098,-10100.200195,1441,242.400009,5.4,-2.4,0,0,0,0,0,0,0,0,0,0,0,0,0,0,0,0,0
2026-03-22T00:11:46Z,1367.577,4414,-5664.600098,-10100.200195,1441,242.400009,5.4,-2.4,0,0,0,0,0,0,0,0,0,0,0,0,0,0,0,0,0
2026-03-22T00:11:46Z,1367.818,4415,-5664.600098,-10100.200195,1441,242.400009,5.4,-2.4,0,0,0,0,0,0,0,0,0,0,0,0,0,0,0,0,0
2026-03-22T00:11:46Z,1368.054,4416,-5665.399902,-10100.400391,1441.099976,251.100006,5.4,-2,0,0,0,0,1,0,0,0,0,0,0,0,0,0,0,0,0
2026-03-22T00:11:47Z,1368.290,4417,-5665.399902,-10100.400391,1441.099976,251.100006,5.4,-2,0,0,0,0,1,0,0,0,0,0,0,0,0,0,0,0,0
2026-03-22T00:11:47Z,1368.538,4418,-5665.399902,-10100.400391,1441.099976,251.100006,5.4,-2,0,0,0,0,1,0,0,0,0,0,0,0,0,0,0,0,0
2026-03-22T00:11:47Z,1368.776,4419,-5665.399902,-10100.400391,1441.099976,251.100006,5.4,-2,0,0,0,0,1,0,0,0,0,0,0,0,0,0,0,0,0
2026-03-22T00:11:47Z,1369.038,4420,-5666.300293,-10100.600586,1441.200073,256,6.1,-1,0,0,0,0,0,0,0,0,0,0,0,0,0,0,0,0,0
2026-03-22T00:11:47Z,1369.265,4421,-5666.300293,-10100.600586,1441.200073,256,6.1,-1,0,0,0,0,0,0,0,0,0,0,0,0,0,0,0,0,0
2026-03-22T00:11:48Z,1369.517,4422,-5666.300293,-10100.600586,1441.200073,256,6.1,-1,0,0,0,0,0,0,0,0,0,0,0,0,0,0,0,0,0
2026-03-22T00:11:48Z,1369.756,4423,-5666.300293,-10100.600586,1441.200073,256,6.1,-1,0,0,0,0,0,0,0,0,0,0,0,0,0,0,0,0,0
2026-03-22T00:11:48Z,1370.004,4424,-5667.300293,-10100.700195,1441.300049,259,6.8,-1.2,0,0,0,0,0,0,0,0,0,0,0,0,0,0,0,0,0
2026-03-22T00:11:48Z,1370.249,4425,-5667.300293,-10100.700195,1441.300049,259,6.8,-1.2,0,0,0,0,0,0,0,0,0,0,0,0,0,0,0,0,0
2026-03-22T00:11:49Z,1370.488,4426,-5667.300293,-10100.700195,1441.300049,259,6.8,-1.2,0,0,0,0,0,0,0,0,0,0,0,0,0,0,0,0,0
2026-03-22T00:11:49Z,1370.730,4427,-5667.300293,-10100.700195,1441.300049,259,6.8,-1.2,0,0,0,0,0,0,0,0,0,0,0,0,0,0,0,0,0
2026-03-22T00:11:49Z,1370.967,4428,-5668.300293,-10100.799805,1441.400024,261.300018,5.5,-1.2,0,0,0,0,0,0,0,0,0,0,0,0,0,0,0,0,0
2026-03-22T00:11:49Z,1371.240,4429,-5668.300293,-10100.799805,1441.400024,261.300018,5.5,-1.2,0,0,0,0,0,0,0,0,0,0,0,0,0,0,0,0,0
2026-03-22T00:11:50Z,1371.478,4430,-5668.300293,-10100.799805,1441.400024,261.300018,5.5,-1.2,0,0,0,0,0,0,0,0,0,0,0,0,0,0,0,0,0
2026-03-22T00:11:50Z,1371.728,4431,-5668.300293,-10100.799805,1441.400024,261.300018,5.5,-1.2,0,0,0,0,0,0,0,0,0,0,0,0,0,0,0,0,0
2026-03-22T00:11:50Z,1371.967,4432,-5669.200195,-10101,1441.400024,262,3.4,-0.8,0,0,0,0,0,0,0,0,0,0,0,0,0,0,0,0,0
2026-03-22T00:11:50Z,1372.192,4433,-5669.200195,-10101,1441.400024,262,3.4,-0.8,0,0,0,0,0,0,0,0,0,0,0,0,0,0,0,0,0
2026-03-22T00:11:51Z,1372.420,4434,-5669.200195,-10101,1441.400024,262,3.4,-0.8,0,0,0,0,0,0,0,0,0,0,0,0,0,0,0,0,0
2026-03-22T00:11:51Z,1372.657,4435,-5669.200195,-10101,1441.400024,262,3.4,-0.8,0,0,0,0,0,0,0,0,0,0,0,0,0,0,0,0,0
2026-03-22T00:11:51Z,1372.906,4436,-5669.200195,-10101,1441.400024,262,3.4,-0.8,0,0,0,0,0,0,0,0,0,0,0,0,0,0,0,0,0
2026-03-22T00:11:51Z,1373.188,4437,-5670.200195,-10101.100586,1441.5,262.5,2.5,-1.2,0,0,0,0,0,0,0,0,0,0,0,0,0,0,0,0,0
2026-03-22T00:11:52Z,1373.434,4438,-5670.200195,-10101.100586,1441.5,262.5,2.5,-1.2,0,0,0,0,0,0,0,0,0,0,0,0,0,0,0,0,0
2026-03-22T00:11:52Z,1373.671,4439,-5670.200195,-10101.100586,1441.5,262.5,2.5,-1.2,0,0,0,0,0,0,0,0,0,0,0,0,0,0,0,0,0
2026-03-22T00:11:52Z,1373.909,4440,-5670.200195,-10101.100586,1441.5,262.5,2.5,-1.2,0,0,0,0,0,0,0,0,0,0,0,0,0,0,0,0,0
2026-03-22T00:11:52Z,1374.192,4441,-5671.100098,-10101.200195,1441.5,263.300018,2.3,-1.3,0,0,0,0,0,0,0,0,0,0,0,0,0,0,0,0,0
2026-03-22T00:11:53Z,1374.424,4442,-5671.100098,-10101.200195,1441.5,263.300018,2.3,-1.3,0,0,0,0,0,0,0,0,0,0,0,0,0,0,0,0,0
2026-03-22T00:11:53Z,1374.660,4443,-5671.100098,-10101.200195,1441.5,263.300018,2.3,-1.3,0,0,0,0,0,0,0,0,0,0,0,0,0,0,0,0,0
2026-03-22T00:11:53Z,1374.896,4444,-5671.100098,-10101.200195,1441.5,263.300018,2.3,-1.3,0,0,0,0,0,0,0,0,0,0,0,0,0,0,0,0,0
2026-03-22T00:11:53Z,1375.195,4445,-5672.100098,-10101.299805,1441.599976,264.100006,2.5,-1.2,0,0,0,0,0,0,0,0,0,0,0,0,0,0,0,0,0
2026-03-22T00:11:54Z,1375.434,4446,-5672.100098,-10101.299805,1441.599976,264.100006,2.5,-1.2,0,0,0,0,0,0,0,0,0,0,0,0,0,0,0,0,0
2026-03-22T00:11:54Z,1375.662,4447,-5672.100098,-10101.299805,1441.599976,264.100006,2.5,-1.2,0,0,0,0,0,0,0,0,0,0,0,0,0,0,0,0,0
2026-03-22T00:11:54Z,1375.910,4448,-5673.100098,-10101.400391,1441.599976,264.399994,2.6,-1,0,0,0,0,0,0,0,0,0,0,0,0,0,0,0,0,0
2026-03-22T00:11:54Z,1376.193,4449,-5673.100098,-10101.400391,1441.599976,264.399994,2.6,-1,0,0,0,0,0,0,0,0,0,0,0,0,0,0,0,0,0
2026-03-22T00:11:55Z,1376.446,4450,-5673.100098,-10101.400391,1441.599976,264.399994,2.6,-1,0,0,0,0,0,0,0,0,0,0,0,0,0,0,0,0,0
2026-03-22T00:11:55Z,1376.679,4451,-5673.100098,-10101.400391,1441.599976,264.399994,2.6,-1,0,0,0,0,0,0,0,0,0,0,0,0,0,0,0,0,0
2026-03-22T00:11:55Z,1376.922,4452,-5673.100098,-10101.400391,1441.599976,264.399994,2.6,-1,0,0,0,0,0,0,0,0,0,0,0,0,0,0,0,0,0
2026-03-22T00:11:55Z,1377.172,4453,-5674.100098,-10101.5,1441.700073,264.700012,2.6,-1.1,0,0,0,0,0,1,0,0,0,0,0,0,0,0,0,0,0
2026-03-22T00:11:56Z,1377.410,4454,-5674.100098,-10101.5,1441.700073,264.700012,2.6,-1.1,0,0,0,0,0,1,0,0,0,0,0,0,0,0,0,0,0
2026-03-22T00:11:56Z,1377.644,4455,-5674.100098,-10101.5,1441.700073,264.700012,2.6,-1.1,0,0,0,0,0,1,0,0,0,0,0,0,0,0,0,0,0
2026-03-22T00:11:56Z,1377.879,4456,-5674.100098,-10101.5,1441.700073,264.700012,2.6,-1.1,0,0,0,0,0,1,0,0,0,0,0,0,0,0,0,0,0
2026-03-22T00:11:56Z,1378.124,4457,-5674.899902,-10101.5,1441.700073,265,2.7,-1.1,0,0,0,0,0,1,1,0,0,0,0,0,0,0,0,0,0
2026-03-22T00:11:57Z,1378.359,4458,-5674.899902,-10101.5,1441.700073,265,2.7,-1.1,0,0,0,0,0,1,1,0,0,0,0,0,0,0,0,0,0
2026-03-22T00:11:57Z,1378.616,4459,-5674.899902,-10101.5,1441.700073,265,2.7,-1.1,0,0,0,0,0,1,1,0,0,0,0,0,0,0,0,0,0
2026-03-22T00:11:57Z,1378.859,4460,-5674.899902,-10101.5,1441.700073,265,2.7,-1.1,0,0,0,0,0,1,1,0,0,0,0,0,0,0,0,0,0
2026-03-22T00:11:57Z,1379.108,4461,-5676,-10101.600586,1441.700073,265.399994,2.4,-1.9,0,0,0,0,0,1,1,0,0,0,0,0,0,0,0,0,0
2026-03-22T00:11:58Z,1379.340,4462,-5676,-10101.600586,1441.700073,265.399994,2.4,-1.9,0,0,0,0,0,1,1,0,0,0,0,0,0,0,0,0,0
2026-03-22T00:11:58Z,1379.602,4463,-5676,-10101.600586,1441.700073,265.399994,2.4,-1.9,0,0,0,0,0,1,1,0,0,0,0,0,0,0,0,0,0
2026-03-22T00:11:58Z,1379.826,4464,-5676,-10101.600586,1441.700073,265.399994,2.4,-1.9,0,0,0,0,0,1,1,0,0,0,0,0,0,0,0,0,0
2026-03-22T00:11:58Z,1380.058,4465,-5676.899902,-10101.600586,1441.700073,265.899994,-0.2,-4.3,0,0,1,1,0,1,1,0,0,0,0,0,0,0,1,0,0
2026-03-22T00:11:59Z,1380.281,4466,-5676.899902,-10101.600586,1441.700073,265.899994,-0.2,-4.3,0,0,1,1,0,1,1,0,0,0,0,0,0,0,1,0,0
2026-03-22T00:11:59Z,1380.530,4467,-5676.899902,-10101.600586,1441.700073,265.899994,-0.2,-4.3,0,0,1,1,0,1,1,0,0,0,0,0,0,0,1,0,0
2026-03-22T00:11:59Z,1380.773,4468,-5676.899902,-10101.600586,1441.700073,265.899994,-0.2,-4.3,0,0,1,1,0,1,1,0,0,0,0,0,0,0,1,0,0
2026-03-22T00:11:59Z,1381.020,4469,-5677.800293,-10101.700195,1441.700073,266.5,-2.6,-6.5,0,1,1,1,0,1,1,0,0,0,0,0,0,1,1,0,0
2026-03-22T00:11:59Z,1381.253,4470,-5677.800293,-10101.700195,1441.700073,266.5,-2.6,-6.5,0,1,1,1,0,1,1,0,0,0,0,0,0,1,1,0,0
2026-03-22T00:12:00Z,1381.483,4471,-5677.800293,-10101.700195,1441.700073,266.5,-2.6,-6.5,0,1,1,1,0,1,1,0,0,0,0,0,0,1,1,0,0
2026-03-22T00:12:00Z,1381.720,4472,-5677.800293,-10101.700195,1441.700073,266.5,-2.6,-6.5,0,1,1,1,0,1,1,0,0,0,0,0,0,1,1,0,0
2026-03-22T00:12:00Z,1381.962,4473,-5678.300293,-10101.5,1441.700073,259.800018,-9.3,-11.7,0,1,0,1,0,1,1,0,0,0,0,0,0,0,1,0,0
2026-03-22T00:12:00Z,1382.183,4474,-5678.300293,-10101.5,1441.700073,259.800018,-9.3,-11.7,0,1,0,1,0,1,1,0,0,0,0,0,0,0,1,0,0
2026-03-22T00:12:01Z,1382.418,4475,-5678.300293,-10101.5,1441.700073,259.800018,-9.3,-11.7,0,1,0,1,0,1,1,0,0,0,0,0,0,0,1,0,0
2026-03-22T00:12:01Z,1382.667,4476,-5678.300293,-10101.5,1441.700073,259.800018,-9.3,-11.7,0,1,0,1,0,1,1,0,0,0,0,0,0,0,1,0,0
2026-03-22T00:12:01Z,1382.903,4477,-5678.5,-10101.299805,1441.800049,252,-11.6,-12.2,0,1,0,1,0,1,1,0,0,0,0,0,0,0,1,0,0
2026-03-22T00:12:01Z,1383.168,4478,-5678.5,-10101.299805,1441.800049,252,-11.6,-12.2,0,1,0,1,0,1,1,0,0,0,0,0,0,0,1,0,0
2026-03-22T00:12:02Z,1383.395,4479,-5678.5,-10101.299805,1441.800049,252,-11.6,-12.2,0,1,0,1,0,1,1,0,0,0,0,0,0,0,1,0,0
2026-03-22T00:12:02Z,1383.630,4480,-5678.5,-10101.299805,1441.800049,252,-11.6,-12.2,0,1,0,1,0,1,1,0,0,0,0,0,0,0,1,0,0
2026-03-22T00:12:02Z,1383.864,4481,-5678.600098,-10101.100586,1442,245.800003,-6.5,-11.6,0,1,0,1,0,1,1,0,0,0,0,0,0,1,1,0,0
2026-03-22T00:12:02Z,1384.091,4482,-5678.600098,-10101.100586,1442,245.800003,-6.5,-11.6,0,1,0,1,0,1,1,0,0,0,0,0,0,1,1,0,0
2026-03-22T00:12:03Z,1384.335,4483,-5678.600098,-10101.100586,1442,245.800003,-6.5,-11.6,0,1,0,1,0,1,1,0,0,0,0,0,0,1,1,0,0
2026-03-22T00:12:03Z,1384.577,4484,-5678.600098,-10101.100586,1442,245.800003,-6.5,-11.6,0,1,0,1,0,1,1,0,0,0,0,0,0,1,1,0,0
2026-03-22T00:12:03Z,1384.819,4485,-5678.600098,-10101.100586,1442,245.800003,-6.5,-11.6,0,1,0,1,0,1,1,0,0,0,0,0,0,1,1,0,0
2026-03-22T00:12:03Z,1385.081,4486,-5678.600098,-10101.100586,1441.900024,242.400009,-1.4,-6.1,0,1,0,1,0,1,1,0,0,0,0,1,0,1,0,0,0
2026-03-22T00:12:04Z,1385.322,4487,-5678.600098,-10101.100586,1441.900024,242.400009,-1.4,-6.1,0,1,0,1,0,1,1,0,0,0,0,1,0,1,0,0,0
2026-03-22T00:12:04Z,1385.555,4488,-5678.600098,-10101.100586,1441.900024,242.400009,-1.4,-6.1,0,1,0,1,0,1,1,0,0,0,0,1,0,1,0,0,0
2026-03-22T00:12:04Z,1385.797,4489,-5678.600098,-10101.100586,1441.900024,242.400009,-1.4,-6.1,0,1,0,1,0,1,1,0,0,0,0,1,0,1,0,0,0
2026-03-22T00:12:04Z,1386.047,4490,-5678.600098,-10101.100586,1441.800049,241.699997,3.2,0,0,1,0,0,0,1,0,0,0,0,0,0,0,1,0,0,0
2026-03-22T00:12:04Z,1386.284,4491,-5678.600098,-10101.100586,1441.800049,241.699997,3.2,0,0,1,0,0,0,1,0,0,0,0,0,0,0,1,0,0,0
2026-03-22T00:12:05Z,1386.518,4492,-5678.600098,-10101.100586,1441.800049,241.699997,3.2,0,0,1,0,0,0,1,0,0,0,0,0,0,0,1,0,0,0
2026-03-22T00:12:05Z,1386.740,4493,-5678.600098,-10101.100586,1441.800049,241.699997,3.2,0,0,1,0,0,0,1,0,0,0,0,0,0,0,1,0,0,0
2026-03-22T00:12:05Z,1386.971,4494,-5678.600098,-10101,1441.700073,241.699997,2.1,-3.6,0,1,0,0,0,1,1,0,0,0,0,0,0,1,0,0,0
2026-03-22T00:12:05Z,1387.208,4495,-5678.600098,-10101,1441.700073,241.699997,2.1,-3.6,0,1,0,0,0,1,1,0,0,0,0,0,0,1,0,0,0
2026-03-22T00:12:06Z,1387.432,4496,-5678.600098,-10101,1441.700073,241.699997,2.1,-3.6,0,1,0,0,0,1,1,0,0,0,0,0,0,1,0,0,0
2026-03-22T00:12:06Z,1387.672,4497,-5678.600098,-10101,1441.700073,241.699997,2.1,-3.6,0,1,0,0,0,1,1,0,0,0,0,0,0,1,0,0,0
2026-03-22T00:12:06Z,1387.912,4498,-5678.5,-10101,1441.800049,242.100006,-3.9,-8.1,0,1,0,1,0,1,1,0,0,0,0,0,0,1,1,0,1
2026-03-22T00:12:06Z,1388.146,4499,-5678.5,-10101,1441.800049,242.100006,-3.9,-8.1,0,1,0,1,0,1,1,0,0,0,0,0,0,1,1,0,1
2026-03-22T00:12:07Z,1388.373,4500,-5678.5,-10101,1441.800049,242.100006,-3.9,-8.1,0,1,0,1,0,1,1,0,0,0,0,0,0,1,1,0,1
2026-03-22T00:12:07Z,1388.616,4501,-5678.5,-10101,1441.800049,242.100006,-3.9,-8.1,0,1,0,1,0,1,1,0,0,0,0,0,0,1,1,0,1
2026-03-22T00:12:07Z,1388.857,4502,-5678.5,-10101,1441.800049,242.600006,-6.6,-11.400001,0,1,1,1,0,1,1,0,0,0,0,0,0,1,1,0,0
2026-03-22T00:12:07Z,1389.109,4503,-5678.5,-10101,1441.800049,242.600006,-6.6,-11.400001,0,1,1,1,0,1,1,0,0,0,0,0,0,1,1,0,0
2026-03-22T00:12:08Z,1389.347,4504,-5678.5,-10101,1441.800049,242.600006,-6.6,-11.400001,0,1,1,1,0,1,1,0,0,0,0,0,0,1,1,0,0
2026-03-22T00:12:08Z,1389.589,4505,-5678.5,-10101,1441.800049,242.600006,-6.6,-11.400001,0,1,1,1,0,1,1,0,0,0,0,0,0,1,1,0,0
2026-03-22T00:12:08Z,1389.845,4506,-5678.5,-10101,1441.800049,242.5,-4.7,-10.6,0,1,0,1,0,1,1,0,0,0,0,0,0,1,1,0,1
2026-03-22T00:12:08Z,1390.152,4507,-5678.5,-10101,1441.800049,242.5,-4.7,-10.6,0,1,0,1,0,1,1,0,0,0,0,0,0,1,1,0,1
2026-03-22T00:12:09Z,1390.373,4508,-5678.5,-10101,1441.800049,242.5,-4.7,-10.6,0,1,0,1,0,1,1,0,0,0,0,0,0,1,1,0,1
2026-03-22T00:12:09Z,1390.604,4509,-5678.5,-10101,1441.800049,242.5,-4.7,-10.6,0,1,0,1,0,1,1,0,0,0,0,0,0,1,1,0,1
2026-03-22T00:12:09Z,1390.849,4510,-5678.5,-10101,1441.800049,242.5,-4.7,-10.6,0,1,0,1,0,1,1,0,0,0,0,0,0,1,1,0,1
2026-03-22T00:12:09Z,1391.099,4511,-5678.600098,-10101,1441.800049,242.400009,-2.4,-6.9,0,1,0,1,0,1,1,0,0,0,0,1,0,1,1,0,0
2026-03-22T00:12:10Z,1391.351,4512,-5678.600098,-10101,1441.800049,242.400009,-2.4,-6.9,0,1,0,1,0,1,1,0,0,0,0,1,0,1,1,0,0
2026-03-22T00:12:10Z,1391.610,4513,-5678.600098,-10101,1441.800049,242.400009,-2.4,-6.9,0,1,0,1,0,1,1,0,0,0,0,1,0,1,1,0,0
2026-03-22T00:12:10Z,1391.904,4514,-5678.600098,-10101.100586,1441.800049,242.400009,-0.1,-4,0,1,0,1,0,1,1,0,0,0,0,0,0,1,0,0,0
2026-03-22T00:12:10Z,1392.228,4515,-5678.600098,-10101.100586,1441.800049,242.400009,-0.1,-4,0,1,0,1,0,1,1,0,0,0,0,0,0,1,0,0,0
2026-03-22T00:12:11Z,1392.482,4516,-5678.600098,-10101.100586,1441.800049,242.400009,-0.1,-4,0,1,0,1,0,1,1,0,0,0,0,0,0,1,0,0,0
2026-03-22T00:12:11Z,1392.709,4517,-5678.600098,-10101.100586,1441.800049,242.400009,-0.1,-4,0,1,0,1,0,1,1,0,0,0,0,0,0,1,0,0,0
2026-03-22T00:12:11Z,1392.951,4518,-5678.600098,-10101.100586,1441.800049,242.5,-0.4,-4.8,0,1,0,1,0,1,1,0,0,0,0,0,0,1,0,0,0
2026-03-22T00:12:11Z,1393.200,4519,-5678.600098,-10101.100586,1441.800049,242.5,-0.4,-4.8,0,1,0,1,0,1,1,0,0,0,0,0,0,1,0,0,0
2026-03-22T00:12:12Z,1393.435,4520,-5678.600098,-10101.100586,1441.800049,242.5,-0.4,-4.8,0,1,0,1,0,1,1,0,0,0,0,0,0,1,0,0,0
2026-03-22T00:12:12Z,1393.668,4521,-5678.600098,-10101.100586,1441.800049,242.5,-0.4,-4.8,0,1,0,1,0,1,1,0,0,0,0,0,0,1,0,0,0
2026-03-22T00:12:12Z,1393.898,4522,-5678.600098,-10101.100586,1441.800049,242.5,-0.4,-4.8,0,1,0,1,0,1,1,0,0,0,0,0,0,1,0,0,0
2026-03-22T00:12:12Z,1394.125,4523,-5678.5,-10101,1441.800049,242.800003,-2.5,-6.6,0,1,0,1,0,1,1,0,0,0,0,1,0,1,1,0,0
2026-03-22T00:12:13Z,1394.357,4524,-5678.5,-10101,1441.800049,242.800003,-2.5,-6.6,0,1,0,1,0,1,1,0,0,0,0,1,0,1,1,0,0
2026-03-22T00:12:13Z,1394.604,4525,-5678.5,-10101,1441.800049,242.800003,-2.5,-6.6,0,1,0,1,0,1,1,0,0,0,0,1,0,1,1,0,0
2026-03-22T00:12:14Z,1395.269,4526,-5678.5,-10101,1441.800049,243,-2.9,-7.7,0,1,0,1,0,1,1,0,0,0,0,0,0,1,1,0,0
2026-03-22T00:12:14Z,1395.548,4527,-5678.5,-10101,1441.800049,243,-2.9,-7.7,0,1,0,1,0,1,1,0,0,0,0,0,0,1,1,0,0
2026-03-22T00:12:14Z,1395.790,4528,-5678.5,-10101,1441.800049,243,-2.9,-7.7,0,1,0,1,0,1,1,0,0,0,0,0,0,1,1,0,0
2026-03-22T00:12:14Z,1396.044,4529,-5678.399902,-10101,1441.800049,243,-2.4,-7.3,0,1,0,1,0,1,1,0,0,0,0,1,0,1,1,0,0
2026-03-22T00:12:15Z,1396.337,4530,-5678.399902,-10101,1441.800049,243,-2.4,-7.3,0,1,0,1,0,1,1,0,0,0,0,1,0,1,1,0,0
2026-03-22T00:12:15Z,1396.579,4531,-5678.399902,-10101,1441.800049,243,-2.4,-7.3,0,1,0,1,0,1,1,0,0,0,0,1,0,1,1,0,0
2026-03-22T00:12:15Z,1396.973,4532,-5678.399902,-10100.900391,1441.700073,243.199997,-1.9,-6,0,1,0,1,0,1,1,0,0,0,0,1,0,1,1,0,0
2026-03-22T00:12:15Z,1397.254,4533,-5678.399902,-10100.900391,1441.700073,243.199997,-1.9,-6,0,1,0,1,0,1,1,0,0,0,0,1,0,1,1,0,0
2026-03-22T00:12:16Z,1397.527,4534,-5678.399902,-10100.900391,1441.700073,243.199997,-1.9,-6,0,1,0,1,0,1,1,0,0,0,0,1,0,1,1,0,0
2026-03-22T00:12:16Z,1397.880,4535,-5678.399902,-10100.900391,1441.700073,243.199997,-1.9,-6,0,1,0,1,0,1,1,0,0,0,0,1,0,1,1,0,0
2026-03-22T00:12:16Z,1398.116,4536,-5678.300293,-10100.900391,1441.700073,242.100006,-2.1,-6,0,1,0,1,0,1,1,0,0,0,0,1,0,1,1,0,0
2026-03-22T00:12:17Z,1398.346,4537,-5678.300293,-10100.900391,1441.700073,242.100006,-2.1,-6,0,1,0,1,0,1,1,0,0,0,0,1,0,1,1,0,0
2026-03-22T00:12:17Z,1398.591,4538,-5678.300293,-10100.900391,1441.700073,242.100006,-2.1,-6,0,1,0,1,0,1,1,0,0,0,0,1,0,1,1,0,0
2026-03-22T00:12:17Z,1398.824,4539,-5678.300293,-10100.900391,1441.700073,242.100006,-2.1,-6,0,1,0,1,0,1,1,0,0,0,0,1,0,1,1,0,0
2026-03-22T00:12:17Z,1399.054,4540,-5678.200195,-10100.900391,1441.700073,240.600006,-1.9,-6.5,0,1,0,1,0,1,1,0,0,0,0,1,0,1,1,0,0
2026-03-22T00:12:18Z,1399.308,4541,-5678.200195,-10100.900391,1441.700073,240.600006,-1.9,-6.5,0,1,0,1,0,1,1,0,0,0,0,1,0,1,1,0,0
2026-03-22T00:12:18Z,1399.534,4542,-5678.200195,-10100.900391,1441.700073,240.600006,-1.9,-6.5,0,1,0,1,0,1,1,0,0,0,0,1,0,1,1,0,0
2026-03-22T00:12:18Z,1399.791,4543,-5678.200195,-10100.900391,1441.700073,240.600006,-1.9,-6.5,0,1,0,1,0,1,1,0,0,0,0,1,0,1,1,0,0
2026-03-22T00:12:23Z,1400.061,4544,-5678.200195,-10100.900391,1441.700073,239.400009,-2.2,-6.4,0,1,0,1,0,1,1,0,0,0,0,1,0,1,1,0,0
2026-03-22T00:12:24Z,1405.313,4545,-5678.100098,-10101,1441.800049,237.900009,-0.3,-5.1,0,1,0,1,0,1,1,0,0,0,0,0,0,1,0,0,0
2026-03-22T00:12:24Z,1405.545,4546,-5678.100098,-10101,1441.800049,237.900009,-0.3,-5.1,0,1,0,1,0,1,1,0,0,0,0,0,0,1,0,0,0
2026-03-22T00:12:24Z,1405.800,4547,-5678.100098,-10101,1441.800049,237.900009,-0.3,-5.1,0,1,0,1,0,1,1,0,0,0,0,0,0,1,0,0,0
2026-03-22T00:12:24Z,1406.072,4548,-5678.100098,-10101,1441.800049,237.900009,-0.5,-5.4,0,1,0,1,0,1,1,0,0,0,0,0,0,1,0,0,0
2026-03-22T00:12:25Z,1406.356,4549,-5678.100098,-10101,1441.800049,237.900009,-0.5,-5.4,0,1,0,1,0,1,1,0,0,0,0,0,0,1,0,0,0
2026-03-22T00:12:25Z,1406.707,4550,-5678.100098,-10101,1441.800049,237.900009,-0.5,-5.4,0,1,0,1,0,1,1,0,0,0,0,0,0,1,0,0,0
2026-03-22T00:12:25Z,1406.945,4551,-5678.100098,-10101,1441.800049,238,-1.1,-6,0,1,0,1,0,1,1,0,0,0,0,0,0,1,0,0,0
2026-03-22T00:12:25Z,1407.185,4552,-5678.100098,-10101,1441.800049,238,-1.1,-6,0,1,0,1,0,1,1,0,0,0,0,0,0,1,0,0,0
2026-03-22T00:12:26Z,1407.423,4553,-5678.100098,-10101,1441.800049,238,-1.1,-6,0,1,0,1,0,1,1,0,0,0,0,0,0,1,0,0,0
2026-03-22T00:12:26Z,1407.658,4554,-5678.100098,-10101,1441.800049,238,-1.1,-6,0,1,0,1,0,1,1,0,0,0,0,0,0,1,0,0,0
2026-03-22T00:12:26Z,1407.895,4555,-5678.200195,-10101,1441.700073,238.5,-1.6,-6.5,0,1,0,1,0,1,1,0,0,0,0,1,0,1,1,0,0
2026-03-22T00:12:26Z,1408.125,4556,-5678.200195,-10101,1441.700073,238.5,-1.6,-6.5,0,1,0,1,0,1,1,0,0,0,0,1,0,1,1,0,0
2026-03-22T00:12:27Z,1408.384,4557,-5678.200195,-10101,1441.700073,238.5,-1.6,-6.5,0,1,0,1,0,1,1,0,0,0,0,1,0,1,1,0,0
2026-03-22T00:12:27Z,1408.638,4558,-5678.200195,-10101,1441.700073,238.5,-1.6,-6.5,0,1,0,1,0,1,1,0,0,0,0,1,0,1,1,0,0
2026-03-22T00:12:27Z,1408.876,4559,-5678.200195,-10101,1441.700073,239.100006,-1.7,-6.5,0,1,0,1,0,1,1,0,0,0,0,1,0,1,1,0,0
2026-03-22T00:12:27Z,1409.104,4560,-5678.200195,-10101,1441.700073,239.100006,-1.7,-6.5,0,1,0,1,0,1,1,0,0,0,0,1,0,1,1,0,0
2026-03-22T00:12:28Z,1409.348,4561,-5678.200195,-10101,1441.700073,239.100006,-1.7,-6.5,0,1,0,1,0,1,1,0,0,0,0,1,0,1,1,0,0
2026-03-22T00:12:28Z,1409.589,4562,-5678.200195,-10101,1441.700073,239.100006,-1.7,-6.5,0,1,0,1,0,1,1,0,0,0,0,1,0,1,1,0,0
2026-03-22T00:12:28Z,1409.818,4563,-5678.200195,-10101,1441.700073,239.100006,-1.7,-6.5,0,1,0,1,0,1,1,0,0,0,0,1,0,1,1,0,0
2026-03-22T00:12:28Z,1410.052,4564,-5678.300293,-10101,1441.800049,240,-1.3,-6.1,0,1,0,1,0,1,1,0,0,0,0,1,0,1,1,0,0
2026-03-22T00:12:29Z,1410.296,4565,-5678.300293,-10101,1441.800049,240,-1.3,-6.1,0,1,0,1,0,1,1,0,0,0,0,1,0,1,1,0,0
2026-03-22T00:12:29Z,1410.539,4566,-5678.300293,-10101,1441.800049,240,-1.3,-6.1,0,1,0,1,0,1,1,0,0,0,0,1,0,1,1,0,0
2026-03-22T00:12:29Z,1410.779,4567,-5678.300293,-10101,1441.800049,240,-1.3,-6.1,0,1,0,1,0,1,1,0,0,0,0,1,0,1,1,0,0
2026-03-22T00:12:29Z,1411.015,4568,-5678.399902,-10101.100586,1441.800049,241.100006,-0.9,-5.7,0,1,0,1,0,1,1,0,0,0,0,0,0,1,1,0,0
2026-03-22T00:12:29Z,1411.256,4569,-5678.399902,-10101.100586,1441.800049,241.100006,-0.9,-5.7,0,1,0,1,0,1,1,0,0,0,0,0,0,1,1,0,0
2026-03-22T00:12:30Z,1411.503,4570,-5678.399902,-10101.100586,1441.800049,241.100006,-0.9,-5.7,0,1,0,1,0,1,1,0,0,0,0,0,0,1,1,0,0
2026-03-22T00:12:30Z,1411.753,4571,-5678.399902,-10101.100586,1441.800049,241.100006,-0.9,-5.7,0,1,0,1,0,1,1,0,0,0,0,0,0,1,1,0,0
2026-03-22T00:12:30Z,1411.986,4572,-5678.5,-10101.100586,1441.800049,242.300003,-0.8,-5.4,0,1,0,1,0,1,1,0,0,0,0,0,0,1,0,0,0
2026-03-22T00:12:30Z,1412.271,4573,-5678.5,-10101.100586,1441.800049,242.300003,-0.8,-5.4,0,1,0,1,0,1,1,0,0,0,0,0,0,1,0,0,0
2026-03-22T00:12:31Z,1412.518,4574,-5678.5,-10101.100586,1441.800049,242.300003,-0.8,-5.4,0,1,0,1,0,1,1,0,0,0,0,0,0,1,0,0,0
2026-03-22T00:12:31Z,1412.757,4575,-5678.5,-10101.100586,1441.800049,242.300003,-0.8,-5.4,0,1,0,1,0,1,1,0,0,0,0,0,0,1,0,0,0
2026-03-22T00:12:31Z,1412.991,4576,-5678.600098,-10101.100586,1441.800049,243.800003,-0.8,-5.5,0,1,0,0,0,1,1,0,0,0,0,0,0,1,0,0,0
2026-03-22T00:12:31Z,1413.241,4577,-5678.600098,-10101.100586,1441.800049,243.800003,-0.8,-5.5,0,1,0,0,0,1,1,0,0,0,0,0,0,1,0,0,0
2026-03-22T00:12:32Z,1413.479,4578,-5678.600098,-10101.100586,1441.800049,243.800003,-0.8,-5.5,0,1,0,0,0,1,1,0,0,0,0,0,0,1,0,0,0
2026-03-22T00:12:32Z,1413.717,4579,-5678.600098,-10101.100586,1441.800049,243.800003,-0.8,-5.5,0,1,0,0,0,1,1,0,0,0,0,0,0,1,0,0,0
2026-03-22T00:12:32Z,1413.976,4580,-5678.600098,-10101.100586,1441.800049,244.199997,-1,-5.2,0,1,0,0,0,1,1,0,0,0,0,0,0,1,0,0,0
2026-03-22T00:12:32Z,1414.218,4581,-5678.600098,-10101.100586,1441.800049,244.199997,-1,-5.2,0,1,0,0,0,1,1,0,0,0,0,0,0,1,0,0,0
2026-03-22T00:12:33Z,1414.462,4582,-5678.600098,-10101.100586,1441.800049,244.199997,-1,-5.2,0,1,0,0,0,1,1,0,0,0,0,0,0,1,0,0,0
2026-03-22T00:12:33Z,1414.691,4583,-5678.600098,-10101.100586,1441.800049,244.199997,-1,-5.2,0,1,0,0,0,1,1,0,0,0,0,0,0,1,0,0,0
2026-03-22T00:12:33Z,1414.932,4584,-5678.600098,-10101.100586,1441.800049,244.300003,-0.8,-4.9,0,1,0,0,0,1,1,0,0,0,0,0,0,1,0,0,0
2026-03-22T00:12:33Z,1415.159,4585,-5678.600098,-10101.100586,1441.800049,244.300003,-0.8,-4.9,0,1,0,0,0,1,1,0,0,0,0,0,0,1,0,0,0
2026-03-22T00:12:34Z,1415.402,4586,-5678.600098,-10101.100586,1441.800049,244.300003,-0.8,-4.9,0,1,0,0,0,1,1,0,0,0,0,0,0,1,0,0,0
2026-03-22T00:12:34Z,1415.657,4587,-5678.600098,-10101.100586,1441.800049,244.300003,-0.8,-4.9,0,1,0,0,0,1,1,0,0,0,0,0,0,1,0,0,0
2026-03-22T00:12:34Z,1415.898,4588,-5678.600098,-10101.100586,1441.800049,244.300003,-0.6,-4.8,0,1,0,0,0,1,1,0,0,0,0,0,0,1,0,0,0
2026-03-22T00:12:34Z,1416.132,4589,-5678.600098,-10101.100586,1441.800049,244.300003,-0.6,-4.8,0,1,0,0,0,1,1,0,0,0,0,0,0,1,0,0,0
2026-03-22T00:12:35Z,1416.389,4590,-5678.600098,-10101.100586,1441.800049,244.300003,-0.6,-4.8,0,1,0,0,0,1,1,0,0,0,0,0,0,1,0,0,0
2026-03-22T00:12:35Z,1416.624,4591,-5678.600098,-10101.100586,1441.800049,244.300003,-0.6,-4.8,0,1,0,0,0,1,1,0,0,0,0,0,0,1,0,0,0
2026-03-22T00:12:35Z,1416.862,4592,-5678.600098,-10101.100586,1441.800049,244.400009,-0.6,-5,0,1,0,0,0,1,1,0,0,0,0,0,0,1,0,0,0
2026-03-22T00:12:35Z,1417.091,4593,-5678.600098,-10101.100586,1441.800049,244.400009,-0.6,-5,0,1,0,0,0,1,1,0,0,0,0,0,0,1,0,0,0
2026-03-22T00:12:36Z,1417.328,4594,-5678.600098,-10101.100586,1441.800049,244.400009,-0.6,-5,0,1,0,0,0,1,1,0,0,0,0,0,0,1,0,0,0
2026-03-22T00:12:36Z,1417.581,4595,-5678.600098,-10101.100586,1441.800049,244.400009,-0.6,-5,0,1,0,0,0,1,1,0,0,0,0,0,0,1,0,0,0
2026-03-22T00:12:36Z,1417.824,4596,-5678.600098,-10101.100586,1441.800049,244.400009,-0.6,-5,0,1,0,0,0,1,1,0,0,0,0,0,0,1,0,0,0
2026-03-22T00:12:36Z,1418.074,4597,-5678.600098,-10101.100586,1441.800049,244.400009,-0.7,-5,0,1,0,0,0,1,1,0,0,0,0,0,0,1,0,0,0
2026-03-22T00:12:37Z,1418.328,4598,-5678.600098,-10101.100586,1441.800049,244.400009,-0.7,-5,0,1,0,0,0,1,1,0,0,0,0,0,0,1,0,0,0
2026-03-22T00:12:37Z,1418.564,4599,-5678.600098,-10101.100586,1441.800049,244.400009,-0.7,-5,0,1,0,0,0,1,1,0,0,0,0,0,0,1,0,0,0
2026-03-22T00:12:37Z,1418.801,4600,-5678.600098,-10101.100586,1441.800049,244.400009,-0.7,-5,0,1,0,0,0,1,1,0,0,0,0,0,0,1,0,0,0
2026-03-22T00:12:37Z,1419.055,4601,-5678.600098,-10101.200195,1441.800049,244.400009,-0.7,-5,0,1,0,0,0,1,1,0,0,0,0,0,0,1,0,0,0
2026-03-22T00:12:38Z,1419.314,4602,-5678.600098,-10101.200195,1441.800049,244.400009,-0.7,-5,0,1,0,0,0,1,1,0,0,0,0,0,0,1,0,0,0
2026-03-22T00:12:38Z,1419.570,4603,-5678.600098,-10101.200195,1441.800049,244.400009,-0.7,-5,0,1,0,0,0,1,1,0,0,0,0,0,0,1,0,0,0
2026-03-22T00:12:38Z,1419.817,4604,-5678.600098,-10101.200195,1441.800049,244.400009,-0.7,-5,0,1,0,0,0,1,1,0,0,0,0,0,0,1,0,0,0
2026-03-22T00:12:38Z,1420.048,4605,-5678.600098,-10101.100586,1441.800049,244.400009,-1,-5,0,1,0,0,0,1,1,0,0,0,0,0,0,1,0,0,0
2026-03-22T00:12:38Z,1420.287,4606,-5678.600098,-10101.100586,1441.800049,244.400009,-1,-5,0,1,0,0,0,1,1,0,0,0,0,0,0,1,0,0,0
2026-03-22T00:12:39Z,1420.527,4607,-5678.600098,-10101.100586,1441.800049,244.400009,-1,-5,0,1,0,0,0,1,1,0,0,0,0,0,0,1,0,0,0
2026-03-22T00:12:39Z,1420.775,4608,-5678.600098,-10101.100586,1441.800049,244.400009,-1,-5,0,1,0,0,0,1,1,0,0,0,0,0,0,1,0,0,0
2026-03-22T00:12:39Z,1421.010,4609,-5678.5,-10101.100586,1441.800049,244.600006,-1.8,-5.6,0,1,0,1,0,1,1,0,0,0,0,1,0,1,0,0,0
2026-03-22T00:12:39Z,1421.241,4610,-5678.5,-10101.100586,1441.800049,244.600006,-1.8,-5.6,0,1,0,1,0,1,1,0,0,0,0,1,0,1,0,0,0
2026-03-22T00:12:40Z,1421.477,4611,-5678.5,-10101.100586,1441.800049,244.600006,-1.8,-5.6,0,1,0,1,0,1,1,0,0,0,0,1,0,1,0,0,0
2026-03-22T00:12:40Z,1421.722,4612,-5678.5,-10101.100586,1441.800049,244.600006,-1.8,-5.6,0,1,0,1,0,1,1,0,0,0,0,1,0,1,0,0,0
2026-03-22T00:12:40Z,1421.965,4613,-5678.399902,-10101,1441.800049,244.699997,-2,-6.6,0,1,0,1,0,1,1,0,0,0,0,1,0,1,0,0,0
2026-03-22T00:12:40Z,1422.221,4614,-5678.399902,-10101,1441.800049,244.699997,-2,-6.6,0,1,0,1,0,1,1,0,0,0,0,1,0,1,0,0,0
2026-03-22T00:12:41Z,1422.468,4615,-5678.399902,-10101,1441.800049,244.699997,-2,-6.6,0,1,0,1,0,1,1,0,0,0,0,1,0,1,0,0,0
2026-03-22T00:12:41Z,1422.705,4616,-5678.399902,-10101,1441.800049,244.699997,-2,-6.6,0,1,0,1,0,1,1,0,0,0,0,1,0,1,0,0,0
2026-03-22T00:12:41Z,1422.948,4617,-5678.300293,-10100.900391,1441.700073,245,-2.5,-6.9,0,1,0,1,0,1,1,0,0,0,0,0,0,1,1,0,0
2026-03-22T00:12:41Z,1423.192,4618,-5678.300293,-10100.900391,1441.700073,245,-2.5,-6.9,0,1,0,1,0,1,1,0,0,0,0,0,0,1,1,0,0
2026-03-22T00:12:42Z,1423.433,4619,-5678.300293,-10100.900391,1441.700073,245,-2.5,-6.9,0,1,0,1,0,1,1,0,0,0,0,0,0,1,1,0,0
2026-03-22T00:12:42Z,1423.667,4620,-5678.300293,-10100.900391,1441.700073,245,-2.5,-6.9,0,1,0,1,0,1,1,0,0,0,0,0,0,1,1,0,0
2026-03-22T00:12:42Z,1423.905,4621,-5678.200195,-10100.900391,1441.700073,244,-2.4,-7.2,0,1,0,1,0,1,1,0,0,0,0,1,0,1,1,0,0
2026-03-22T00:12:42Z,1424.135,4622,-5678.200195,-10100.900391,1441.700073,244,-2.4,-7.2,0,1,0,1,0,1,1,0,0,0,0,1,0,1,1,0,0
2026-03-22T00:12:43Z,1424.367,4623,-5678.200195,-10100.900391,1441.700073,244,-2.4,-7.2,0,1,0,1,0,1,1,0,0,0,0,1,0,1,1,0,0
2026-03-22T00:12:43Z,1424.608,4624,-5678.200195,-10100.900391,1441.700073,244,-2.4,-7.2,0,1,0,1,0,1,1,0,0,0,0,1,0,1,1,0,0
2026-03-22T00:12:43Z,1424.848,4625,-5678.100098,-10101,1441.700073,242.5,-2.8,-7.2,0,1,0,1,0,1,1,0,0,0,0,1,0,1,1,0,1
2026-03-22T00:12:43Z,1425.078,4626,-5678.100098,-10101,1441.700073,242.5,-2.8,-7.2,0,1,0,1,0,1,1,0,0,0,0,1,0,1,1,0,1
2026-03-22T00:12:44Z,1425.322,4627,-5678.100098,-10101,1441.700073,242.5,-2.8,-7.2,0,1,0,1,0,1,1,0,0,0,0,1,0,1,1,0,1
2026-03-22T00:12:44Z,1425.566,4628,-5678.100098,-10101,1441.700073,242.5,-2.8,-7.2,0,1,0,1,0,1,1,0,0,0,0,1,0,1,1,0,1
2026-03-22T00:12:44Z,1425.819,4629,-5678.100098,-10101,1441.700073,242.5,-2.8,-7.2,0,1,0,1,0,1,1,0,0,0,0,1,0,1,1,0,1
2026-03-22T00:12:44Z,1426.077,4630,-5678.100098,-10101,1441.700073,241.300003,-3.1,-7,0,1,0,1,0,1,1,0,0,0,0,0,0,1,1,0,1
2026-03-22T00:12:45Z,1426.306,4631,-5678.100098,-10101,1441.700073,241.300003,-3.1,-7,0,1,0,1,0,1,1,0,0,0,0,0,0,1,1,0,1
2026-03-22T00:12:45Z,1426.542,4632,-5678.100098,-10101,1441.700073,241.300003,-3.1,-7,0,1,0,1,0,1,1,0,0,0,0,0,0,1,1,0,1
2026-03-22T00:12:45Z,1426.786,4633,-5678.100098,-10101,1441.700073,241.300003,-3.1,-7,0,1,0,1,0,1,1,0,0,0,0,0,0,1,1,0,1
2026-03-22T00:12:50Z,1427.024,4634,-5678,-10101,1441.700073,240.400009,-2.9,-7,0,1,0,1,0,1,1,0,0,0,0,1,0,1,1,0,1
2026-03-22T00:12:50Z,1432.262,4635,-5678,-10101.100586,1441.800049,238.699997,0,-5.2,0,1,0,1,0,1,1,0,0,0,0,0,0,1,0,0,0
2026-03-22T00:12:51Z,1432.505,4636,-5678,-10101.100586,1441.800049,238.699997,0,-5.2,0,1,0,1,0,1,1,0,0,0,0,0,0,1,0,0,0
2026-03-22T00:12:51Z,1432.741,4637,-5678,-10101.100586,1441.800049,238.699997,0,-5.2,0,1,0,1,0,1,1,0,0,0,0,0,0,1,0,0,0
2026-03-22T00:12:51Z,1432.989,4638,-5678,-10101.100586,1441.800049,238.600006,-0.1,-5.6,0,1,0,1,0,1,1,0,0,0,0,0,0,1,0,0,0
2026-03-22T00:12:51Z,1433.219,4639,-5678,-10101.100586,1441.800049,238.600006,-0.1,-5.6,0,1,0,1,0,1,1,0,0,0,0,0,0,1,0,0,0
2026-03-22T00:12:52Z,1433.452,4640,-5678,-10101.100586,1441.800049,238.600006,-0.1,-5.6,0,1,0,1,0,1,1,0,0,0,0,0,0,1,0,0,0
2026-03-22T00:12:52Z,1433.697,4641,-5678,-10101.100586,1441.800049,238.600006,-0.1,-5.6,0,1,0,1,0,1,1,0,0,0,0,0,0,1,0,0,0
2026-03-22T00:12:52Z,1433.955,4642,-5678,-10101.100586,1441.700073,238.800003,-0.8,-6.2,0,1,0,1,0,1,1,0,0,0,0,0,0,1,0,0,0
2026-03-22T00:12:52Z,1434.206,4643,-5678,-10101.100586,1441.700073,238.800003,-0.8,-6.2,0,1,0,1,0,1,1,0,0,0,0,0,0,1,0,0,0
2026-03-22T00:12:53Z,1434.447,4644,-5678,-10101.100586,1441.700073,238.800003,-0.8,-6.2,0,1,0,1,0,1,1,0,0,0,0,0,0,1,0,0,0
2026-03-22T00:12:53Z,1434.690,4645,-5678,-10101.100586,1441.700073,238.800003,-0.8,-6.2,0,1,0,1,0,1,1,0,0,0,0,0,0,1,0,0,0
2026-03-22T00:12:53Z,1434.932,4646,-5678,-10101.100586,1441.700073,238.800003,-0.8,-6.2,0,1,0,1,0,1,1,0,0,0,0,0,0,1,0,0,0
2026-03-22T00:12:53Z,1435.175,4647,-5678,-10101.100586,1441.700073,239.300003,-1.4,-6.7,0,1,0,1,0,1,1,0,0,0,0,1,0,1,0,0,0
2026-03-22T00:12:54Z,1435.403,4648,-5678,-10101.100586,1441.700073,239.300003,-1.4,-6.7,0,1,0,1,0,1,1,0,0,0,0,1,0,1,0,0,0
2026-03-22T00:12:54Z,1435.638,4649,-5678,-10101.100586,1441.700073,239.300003,-1.4,-6.7,0,1,0,1,0,1,1,0,0,0,0,1,0,1,0,0,0
2026-03-22T00:12:54Z,1435.888,4650,-5678,-10101.100586,1441.700073,239.300003,-1.4,-6.7,0,1,0,1,0,1,1,0,0,0,0,1,0,1,0,0,0
2026-03-22T00:12:54Z,1436.132,4651,-5678.100098,-10101.100586,1441.700073,240.100006,-1.1,-6.4,0,1,0,1,0,1,1,0,0,0,0,0,0,1,1,0,0
2026-03-22T00:12:55Z,1436.369,4652,-5678.100098,-10101.100586,1441.700073,240.100006,-1.1,-6.4,0,1,0,1,0,1,1,0,0,0,0,0,0,1,1,0,0
2026-03-22T00:12:55Z,1436.617,4653,-5678.100098,-10101.100586,1441.700073,240.100006,-1.1,-6.4,0,1,0,1,0,1,1,0,0,0,0,0,0,1,1,0,0
2026-03-22T00:12:55Z,1436.873,4654,-5678.100098,-10101.100586,1441.700073,240.100006,-1.1,-6.4,0,1,0,1,0,1,1,0,0,0,0,0,0,1,1,0,0
2026-03-22T00:12:55Z,1437.116,4655,-5678.200195,-10101.100586,1441.800049,241.100006,-0.7,-5.8,0,1,0,1,0,1,1,0,0,0,0,0,0,1,1,0,0
2026-03-22T00:12:56Z,1437.347,4656,-5678.200195,-10101.100586,1441.800049,241.100006,-0.7,-5.8,0,1,0,1,0,1,1,0,0,0,0,0,0,1,1,0,0
2026-03-22T00:12:56Z,1437.588,4657,-5678.200195,-10101.100586,1441.800049,241.100006,-0.7,-5.8,0,1,0,1,0,1,1,0,0,0,0,0,0,1,1,0,0
2026-03-22T00:12:56Z,1437.824,4658,-5678.200195,-10101.100586,1441.800049,241.100006,-0.7,-5.8,0,1,0,1,0,1,1,0,0,0,0,0,0,1,1,0,0
2026-03-22T00:12:56Z,1438.062,4659,-5678.300293,-10101.200195,1441.800049,242.300003,-0.6,-5.5,0,1,0,1,0,1,1,0,0,0,0,0,0,1,1,0,0
2026-03-22T00:12:57Z,1438.294,4660,-5678.300293,-10101.200195,1441.800049,242.300003,-0.6,-5.5,0,1,0,1,0,1,1,0,0,0,0,0,0,1,1,0,0
2026-03-22T00:12:57Z,1438.534,4661,-5678.300293,-10101.200195,1441.800049,242.300003,-0.6,-5.5,0,1,0,1,0,1,1,0,0,0,0,0,0,1,1,0,0
2026-03-22T00:12:57Z,1438.775,4662,-5678.300293,-10101.200195,1441.800049,242.300003,-0.6,-5.5,0,1,0,1,0,1,1,0,0,0,0,0,0,1,1,0,0
2026-03-22T00:12:57Z,1439.014,4663,-5678.399902,-10101.200195,1441.800049,243.699997,-0.8,-5.4,0,1,0,1,0,1,1,0,0,0,0,0,0,1,0,0,0
2026-03-22T00:12:57Z,1439.244,4664,-5678.399902,-10101.200195,1441.800049,243.699997,-0.8,-5.4,0,1,0,1,0,1,1,0,0,0,0,0,0,1,0,0,0
2026-03-22T00:12:58Z,1439.482,4665,-5678.399902,-10101.200195,1441.800049,243.699997,-0.8,-5.4,0,1,0,1,0,1,1,0,0,0,0,0,0,1,0,0,0
2026-03-22T00:12:58Z,1439.725,4666,-5678.399902,-10101.200195,1441.800049,243.699997,-0.8,-5.4,0,1,0,1,0,1,1,0,0,0,0,0,0,1,0,0,0
2026-03-22T00:12:58Z,1439.954,4667,-5678.5,-10101.200195,1441.800049,245.199997,-1.1,-5.4,0,1,0,1,0,1,1,0,0,0,0,0,0,1,0,0,0
2026-03-22T00:12:58Z,1440.198,4668,-5678.5,-10101.200195,1441.800049,245.199997,-1.1,-5.4,0,1,0,1,0,1,1,0,0,0,0,0,0,1,0,0,0
2026-03-22T00:12:59Z,1440.448,4669,-5678.5,-10101.200195,1441.800049,245.199997,-1.1,-5.4,0,1,0,1,0,1,1,0,0,0,0,0,0,1,0,0,0
2026-03-22T00:12:59Z,1440.685,4670,-5678.5,-10101.200195,1441.800049,245.199997,-1.1,-5.4,0,1,0,1,0,1,1,0,0,0,0,0,0,1,0,0,0
2026-03-22T00:12:59Z,1440.922,4671,-5678.600098,-10101.200195,1441.800049,246.400009,-1.1,-5.3,0,1,0,0,0,1,1,0,0,0,0,0,0,1,0,0,0
2026-03-22T00:12:59Z,1441.163,4672,-5678.600098,-10101.200195,1441.800049,246.400009,-1.1,-5.3,0,1,0,0,0,1,1,0,0,0,0,0,0,1,0,0,0
2026-03-22T00:13:00Z,1441.421,4673,-5678.600098,-10101.200195,1441.800049,246.400009,-1.1,-5.3,0,1,0,0,0,1,1,0,0,0,0,0,0,1,0,0,0
2026-03-22T00:13:00Z,1441.656,4674,-5678.600098,-10101.200195,1441.800049,246.400009,-1.1,-5.3,0,1,0,0,0,1,1,0,0,0,0,0,0,1,0,0,0
2026-03-22T00:13:00Z,1441.885,4675,-5678.600098,-10101.200195,1441.800049,246.600006,-1.3,-4.2,0,1,0,0,0,1,1,0,0,0,0,0,0,1,0,0,0
2026-03-22T00:13:00Z,1442.146,4676,-5678.600098,-10101.200195,1441.800049,246.600006,-1.3,-4.2,0,1,0,0,0,1,1,0,0,0,0,0,0,1,0,0,0
2026-03-22T00:13:01Z,1442.385,4677,-5678.600098,-10101.200195,1441.800049,246.600006,-1.3,-4.2,0,1,0,0,0,1,1,0,0,0,0,0,0,1,0,0,0
2026-03-22T00:13:01Z,1442.634,4678,-5678.600098,-10101.200195,1441.800049,246.600006,-1.3,-4.2,0,1,0,0,0,1,1,0,0,0,0,0,0,1,0,0,0
2026-03-22T00:13:01Z,1442.872,4679,-5678.600098,-10101.200195,1441.800049,246.600006,-0.9,-4,0,1,0,0,0,1,1,0,0,0,0,0,0,1,0,0,0
2026-03-22T00:13:01Z,1443.100,4680,-5678.600098,-10101.200195,1441.800049,246.600006,-0.9,-4,0,1,0,0,0,1,1,0,0,0,0,0,0,1,0,0,0
2026-03-22T00:13:02Z,1443.338,4681,-5678.600098,-10101.200195,1441.800049,246.600006,-0.9,-4,0,1,0,0,0,1,1,0,0,0,0,0,0,1,0,0,0
2026-03-22T00:13:02Z,1443.583,4682,-5678.600098,-10101.200195,1441.800049,246.600006,-0.9,-4,0,1,0,0,0,1,1,0,0,0,0,0,0,1,0,0,0
2026-03-22T00:13:02Z,1443.818,4683,-5678.600098,-10101.200195,1441.800049,246.600006,-0.9,-4,0,1,0,0,0,1,1,0,0,0,0,0,0,1,0,0,0
2026-03-22T00:13:02Z,1444.062,4684,-5678.600098,-10101.200195,1441.800049,246.600006,-0.7,-4.5,0,1,0,0,0,1,1,0,0,0,0,0,0,1,0,0,0
2026-03-22T00:13:03Z,1444.316,4685,-5678.600098,-10101.200195,1441.800049,246.600006,-0.7,-4.5,0,1,0,0,0,1,1,0,0,0,0,0,0,1,0,0,0
2026-03-22T00:13:03Z,1444.551,4686,-5678.600098,-10101.200195,1441.800049,246.600006,-0.7,-4.5,0,1,0,0,0,1,1,0,0,0,0,0,0,1,0,0,0
2026-03-22T00:13:03Z,1444.783,4687,-5678.600098,-10101.200195,1441.800049,246.600006,-0.7,-4.5,0,1,0,0,0,1,1,0,0,0,0,0,0,1,0,0,0
2026-03-22T00:13:03Z,1445.026,4688,-5678.600098,-10101.200195,1441.800049,246.699997,-0.8,-4.9,0,1,0,0,0,1,1,0,0,0,0,0,0,1,0,0,0
2026-03-22T00:13:03Z,1445.256,4689,-5678.600098,-10101.200195,1441.800049,246.699997,-0.8,-4.9,0,1,0,0,0,1,1,0,0,0,0,0,0,1,0,0,0
2026-03-22T00:13:04Z,1445.495,4690,-5678.600098,-10101.200195,1441.800049,246.699997,-0.8,-4.9,0,1,0,0,0,1,1,0,0,0,0,0,0,1,0,0,0
2026-03-22T00:13:04Z,1445.733,4691,-5678.600098,-10101.200195,1441.800049,246.699997,-0.8,-4.9,0,1,0,0,0,1,1,0,0,0,0,0,0,1,0,0,0
2026-03-22T00:13:04Z,1445.977,4692,-5678.600098,-10101.200195,1441.800049,246.699997,-0.8,-4.7,0,1,0,0,0,1,1,0,0,0,0,0,0,1,0,0,0
2026-03-22T00:13:04Z,1446.224,4693,-5678.600098,-10101.200195,1441.800049,246.699997,-0.8,-4.7,0,1,0,0,0,1,1,0,0,0,0,0,0,1,0,0,0
2026-03-22T00:13:05Z,1446.459,4694,-5678.600098,-10101.200195,1441.800049,246.699997,-0.8,-4.7,0,1,0,0,0,1,1,0,0,0,0,0,0,1,0,0,0
2026-03-22T00:13:05Z,1446.697,4695,-5678.600098,-10101.200195,1441.800049,246.699997,-0.8,-4.7,0,1,0,0,0,1,1,0,0,0,0,0,0,1,0,0,0
2026-03-22T00:13:05Z,1446.929,4696,-5678.600098,-10101.200195,1441.800049,246.699997,-1.1,-4.5,0,1,0,0,0,1,1,0,0,0,0,0,0,1,0,0,0
2026-03-22T00:13:05Z,1447.188,4697,-5678.600098,-10101.200195,1441.800049,246.699997,-1.1,-4.5,0,1,0,0,0,1,1,0,0,0,0,0,0,1,0,0,0
2026-03-22T00:13:06Z,1447.418,4698,-5678.600098,-10101.200195,1441.800049,246.699997,-1.1,-4.5,0,1,0,0,0,1,1,0,0,0,0,0,0,1,0,0,0
2026-03-22T00:13:06Z,1447.657,4699,-5678.600098,-10101.200195,1441.800049,246.699997,-1.1,-4.5,0,1,0,0,0,1,1,0,0,0,0,0,0,1,0,0,0
2026-03-22T00:13:06Z,1447.901,4700,-5678.5,-10101.200195,1441.800049,246.800003,-1.6,-5,0,1,0,0,0,1,1,0,0,0,0,0,0,1,0,0,0
2026-03-22T00:13:06Z,1448.143,4701,-5678.5,-10101.200195,1441.800049,246.800003,-1.6,-5,0,1,0,0,0,1,1,0,0,0,0,0,0,1,0,0,0
2026-03-22T00:13:07Z,1448.374,4702,-5678.5,-10101.200195,1441.800049,246.800003,-1.6,-5,0,1,0,0,0,1,1,0,0,0,0,0,0,1,0,0,0
2026-03-22T00:13:07Z,1448.624,4703,-5678.5,-10101.200195,1441.800049,246.800003,-1.6,-5,0,1,0,0,0,1,1,0,0,0,0,0,0,1,0,0,0
2026-03-22T00:13:07Z,1448.865,4704,-5678.399902,-10101.100586,1441.800049,247,-1.9,-6,0,1,0,1,0,1,1,0,0,0,0,0,0,1,0,0,0
2026-03-22T00:13:07Z,1449.094,4705,-5678.399902,-10101.100586,1441.800049,247,-1.9,-6,0,1,0,1,0,1,1,0,0,0,0,0,0,1,0,0,0
2026-03-22T00:13:08Z,1449.340,4706,-5678.399902,-10101.100586,1441.800049,247,-1.9,-6,0,1,0,1,0,1,1,0,0,0,0,0,0,1,0,0,0
2026-03-22T00:13:08Z,1449.575,4707,-5678.399902,-10101.100586,1441.800049,247,-1.9,-6,0,1,0,1,0,1,1,0,0,0,0,0,0,1,0,0,0
2026-03-22T00:13:08Z,1449.811,4708,-5678.200195,-10101,1441.700073,247.300003,-2.3,-6.6,0,1,0,1,0,1,1,0,0,0,0,0,0,1,0,0,0
2026-03-22T00:13:08Z,1450.075,4709,-5678.200195,-10101,1441.700073,247.300003,-2.3,-6.6,0,1,0,1,0,1,1,0,0,0,0,0,0,1,0,0,0
2026-03-22T00:13:09Z,1450.316,4710,-5678.200195,-10101,1441.700073,247.300003,-2.3,-6.6,0,1,0,1,0,1,1,0,0,0,0,0,0,1,0,0,0
2026-03-22T00:13:09Z,1450.548,4711,-5678.200195,-10101,1441.700073,247.300003,-2.3,-6.6,0,1,0,1,0,1,1,0,0,0,0,0,0,1,0,0,0
2026-03-22T00:13:09Z,1450.776,4712,-5678.200195,-10101,1441.700073,247.300003,-2.3,-6.6,0,1,0,1,0,1,1,0,0,0,0,0,0,1,0,0,0
2026-03-22T00:13:09Z,1451.010,4713,-5678,-10100.900391,1441.700073,247.600006,-2.5,-6.9,0,1,0,1,0,1,1,0,0,0,0,0,0,1,1,0,0
2026-03-22T00:13:09Z,1451.251,4714,-5678,-10100.900391,1441.700073,247.600006,-2.5,-6.9,0,1,0,1,0,1,1,0,0,0,0,0,0,1,1,0,0
2026-03-22T00:13:10Z,1451.479,4715,-5678,-10100.900391,1441.700073,247.600006,-2.5,-6.9,0,1,0,1,0,1,1,0,0,0,0,0,0,1,1,0,0
2026-03-22T00:13:10Z,1451.713,4716,-5678,-10100.900391,1441.700073,247.600006,-2.5,-6.9,0,1,0,1,0,1,1,0,0,0,0,0,0,1,1,0,0
2026-03-22T00:13:10Z,1451.948,4717,-5677.899902,-10100.900391,1441.700073,247.100006,-2.6,-7.6,0,1,0,1,0,1,1,0,0,0,0,0,0,1,1,0,0
2026-03-22T00:13:10Z,1452.199,4718,-5677.899902,-10100.900391,1441.700073,247.100006,-2.6,-7.6,0,1,0,1,0,1,1,0,0,0,0,0,0,1,1,0,0
2026-03-22T00:13:11Z,1452.430,4719,-5677.899902,-10100.900391,1441.700073,247.100006,-2.6,-7.6,0,1,0,1,0,1,1,0,0,0,0,0,0,1,1,0,0
2026-03-22T00:13:11Z,1452.665,4720,-5677.899902,-10100.900391,1441.700073,247.100006,-2.6,-7.6,0,1,0,1,0,1,1,0,0,0,0,0,0,1,1,0,0
2026-03-22T00:13:11Z,1452.899,4721,-5677.899902,-10100.900391,1441.700073,246.5,-2.6,-7.4,0,1,0,1,0,1,1,0,0,0,0,0,0,1,1,0,0
2026-03-22T00:13:11Z,1453.137,4722,-5677.899902,-10100.900391,1441.700073,246.5,-2.6,-7.4,0,1,0,1,0,1,1,0,0,0,0,0,0,1,1,0,0
2026-03-22T00:13:12Z,1453.370,4723,-5677.899902,-10100.900391,1441.700073,246.5,-2.6,-7.4,0,1,0,1,0,1,1,0,0,0,0,0,0,1,1,0,0
2026-03-22T00:13:12Z,1453.617,4724,-5677.899902,-10100.900391,1441.700073,246.5,-2.6,-7.4,0,1,0,1,0,1,1,0,0,0,0,0,0,1,1,0,0
2026-03-22T00:13:17Z,1453.861,4725,-5677.899902,-10100.900391,1441.700073,246.5,-2.6,-7.4,0,1,0,1,0,1,1,0,0,0,0,0,0,1,1,0,0
2026-03-22T00:13:17Z,1459.137,4726,-5677.800293,-10101,1441.700073,245.400009,-0.8,-5.4,0,1,0,1,0,1,1,0,0,0,0,0,0,1,1,0,0
2026-03-22T00:13:18Z,1459.389,4727,-5677.800293,-10101,1441.700073,245.400009,-0.8,-5.4,0,1,0,1,0,1,1,0,0,0,0,0,0,1,1,0,0
2026-03-22T00:13:18Z,1459.625,4728,-5677.800293,-10101,1441.700073,245.400009,-0.8,-5.4,0,1,0,1,0,1,1,0,0,0,0,0,0,1,1,0,0
2026-03-22T00:13:18Z,1459.860,4729,-5677.800293,-10101,1441.700073,245.5,-1.3,-5.9,0,1,0,1,0,1,1,0,0,0,0,0,0,1,1,0,0
2026-03-22T00:13:18Z,1460.107,4730,-5677.800293,-10101,1441.700073,245.5,-1.3,-5.9,0,1,0,1,0,1,1,0,0,0,0,0,0,1,1,0,0
2026-03-22T00:13:19Z,1460.347,4731,-5677.800293,-10101,1441.700073,245.5,-1.3,-5.9,0,1,0,1,0,1,1,0,0,0,0,0,0,1,1,0,0
2026-03-22T00:13:19Z,1460.593,4732,-5677.800293,-10101,1441.700073,245.5,-1.3,-5.9,0,1,0,1,0,1,1,0,0,0,0,0,0,1,1,0,0
2026-03-22T00:13:19Z,1460.827,4733,-5677.800293,-10101,1441.700073,245.5,-1.3,-5.9,0,1,0,1,0,1,1,0,0,0,0,0,0,1,1,0,0
2026-03-22T00:13:19Z,1461.117,4734,-5677.800293,-10101,1441.700073,245.600006,-1.7,-6.4,0,1,0,1,0,1,1,0,0,0,0,0,0,1,1,0,0
2026-03-22T00:13:20Z,1461.358,4735,-5677.800293,-10101,1441.700073,245.600006,-1.7,-6.4,0,1,0,1,0,1,1,0,0,0,0,0,0,1,1,0,0
2026-03-22T00:13:20Z,1461.598,4736,-5677.800293,-10101,1441.700073,245.600006,-1.7,-6.4,0,1,0,1,0,1,1,0,0,0,0,0,0,1,1,0,0
2026-03-22T00:13:20Z,1461.833,4737,-5677.800293,-10101,1441.700073,245.600006,-1.7,-6.4,0,1,0,1,0,1,1,0,0,0,0,0,0,1,1,0,0
2026-03-22T00:13:20Z,1462.095,4738,-5677.899902,-10101,1441.700073,246,-1.6,-6.3,0,1,0,1,0,1,1,0,0,0,0,0,0,1,1,0,0
2026-03-22T00:13:21Z,1462.339,4739,-5677.899902,-10101,1441.700073,246,-1.6,-6.3,0,1,0,1,0,1,1,0,0,0,0,0,0,1,1,0,0
2026-03-22T00:13:21Z,1462.590,4740,-5677.899902,-10101,1441.700073,246,-1.6,-6.3,0,1,0,1,0,1,1,0,0,0,0,0,0,1,1,0,0
2026-03-22T00:13:21Z,1462.824,4741,-5677.899902,-10101,1441.700073,246,-1.6,-6.3,0,1,0,1,0,1,1,0,0,0,0,0,0,1,1,0,0
2026-03-22T00:13:21Z,1463.068,4742,-5677.899902,-10101,1441.700073,246.5,-1.2,-5.9,0,1,0,1,0,1,1,0,0,0,0,0,0,1,1,0,0
2026-03-22T00:13:22Z,1463.300,4743,-5677.899902,-10101,1441.700073,246.5,-1.2,-5.9,0,1,0,1,0,1,1,0,0,0,0,0,0,1,1,0,0
2026-03-22T00:13:22Z,1463.531,4744,-5677.899902,-10101,1441.700073,246.5,-1.2,-5.9,0,1,0,1,0,1,1,0,0,0,0,0,0,1,1,0,0
2026-03-22T00:13:22Z,1463.768,4745,-5677.899902,-10101,1441.700073,246.5,-1.2,-5.9,0,1,0,1,0,1,1,0,0,0,0,0,0,1,1,0,0
2026-03-22T00:13:22Z,1464.001,4746,-5678,-10101,1441.800049,247.400009,-0.8,-5.5,0,1,0,1,0,1,1,0,0,0,0,0,0,1,0,0,0
2026-03-22T00:13:22Z,1464.245,4747,-5678,-10101,1441.800049,247.400009,-0.8,-5.5,0,1,0,1,0,1,1,0,0,0,0,0,0,1,0,0,0
2026-03-22T00:13:23Z,1464.474,4748,-5678,-10101,1441.800049,247.400009,-0.8,-5.5,0,1,0,1,0,1,1,0,0,0,0,0,0,1,0,0,0
2026-03-22T00:13:23Z,1464.722,4749,-5678,-10101,1441.800049,247.400009,-0.8,-5.5,0,1,0,1,0,1,1,0,0,0,0,0,0,1,0,0,0
2026-03-22T00:13:23Z,1464.967,4750,-5678.100098,-10101.100586,1441.800049,248.400009,-0.7,-5.4,0,1,0,1,0,1,1,0,0,0,0,0,0,1,0,0,0
2026-03-22T00:13:23Z,1465.197,4751,-5678.100098,-10101.100586,1441.800049,248.400009,-0.7,-5.4,0,1,0,1,0,1,1,0,0,0,0,0,0,1,0,0,0
2026-03-22T00:13:24Z,1465.435,4752,-5678.100098,-10101.100586,1441.800049,248.400009,-0.7,-5.4,0,1,0,1,0,1,1,0,0,0,0,0,0,1,0,0,0
2026-03-22T00:13:24Z,1465.678,4753,-5678.100098,-10101.100586,1441.800049,248.400009,-0.7,-5.4,0,1,0,1,0,1,1,0,0,0,0,0,0,1,0,0,0
2026-03-22T00:13:24Z,1465.938,4754,-5678.200195,-10101.100586,1441.800049,249.600006,-0.8,-5.5,0,1,0,1,0,1,1,0,0,0,0,0,0,1,0,0,0
2026-03-22T00:13:24Z,1466.168,4755,-5678.200195,-10101.100586,1441.800049,249.600006,-0.8,-5.5,0,1,0,1,0,1,1,0,0,0,0,0,0,1,0,0,0
2026-03-22T00:13:25Z,1466.418,4756,-5678.200195,-10101.100586,1441.800049,249.600006,-0.8,-5.5,0,1,0,1,0,1,1,0,0,0,0,0,0,1,0,0,0
2026-03-22T00:13:25Z,1466.669,4757,-5678.200195,-10101.100586,1441.800049,249.600006,-0.8,-5.5,0,1,0,1,0,1,1,0,0,0,0,0,0,1,0,0,0
2026-03-22T00:13:25Z,1466.912,4758,-5678.300293,-10101.100586,1441.800049,251,-1.1,-5.5,0,1,0,1,0,1,1,0,0,0,0,0,0,1,0,0,0
2026-03-22T00:13:25Z,1467.159,4759,-5678.300293,-10101.100586,1441.800049,251,-1.1,-5.5,0,1,0,1,0,1,1,0,0,0,0,0,0,1,0,0,0
2026-03-22T00:13:26Z,1467.399,4760,-5678.300293,-10101.100586,1441.800049,251,-1.1,-5.5,0,1,0,1,0,1,1,0,0,0,0,0,0,1,0,0,0
2026-03-22T00:13:26Z,1467.636,4761,-5678.300293,-10101.100586,1441.800049,251,-1.1,-5.5,0,1,0,1,0,1,1,0,0,0,0,0,0,1,0,0,0
2026-03-22T00:13:26Z,1467.872,4762,-5678.300293,-10101.100586,1441.800049,251,-1.1,-5.5,0,1,0,1,0,1,1,0,0,0,0,0,0,1,0,0,0
2026-03-22T00:13:26Z,1468.104,4763,-5678.5,-10101.100586,1441.800049,252.600006,-1.4,-5.3,0,1,1,1,0,1,1,0,0,0,0,0,0,1,0,0,0
2026-03-22T00:13:27Z,1468.334,4764,-5678.5,-10101.100586,1441.800049,252.600006,-1.4,-5.3,0,1,1,1,0,1,1,0,0,0,0,0,0,1,0,0,0
2026-03-22T00:13:27Z,1468.587,4765,-5678.5,-10101.100586,1441.800049,252.600006,-1.4,-5.3,0,1,1,1,0,1,1,0,0,0,0,0,0,1,0,0,0
2026-03-22T00:13:27Z,1468.836,4766,-5678.5,-10101.100586,1441.800049,252.600006,-2.5,-4.7,0,0,1,1,0,0,1,0,0,0,0,0,0,1,1,0,0
2026-03-22T00:13:27Z,1469.106,4767,-5678.5,-10101.100586,1441.800049,252.600006,-2.5,-4.7,0,0,1,1,0,0,1,0,0,0,0,0,0,1,1,0,0
2026-03-22T00:13:28Z,1469.355,4768,-5678.5,-10101.100586,1441.800049,252.600006,-2.5,-4.7,0,0,1,1,0,0,1,0,0,0,0,0,0,1,1,0,0
2026-03-22T00:13:28Z,1469.596,4769,-5678.5,-10101.100586,1441.800049,252.600006,-2.5,-4.7,0,0,1,1,0,0,1,0,0,0,0,0,0,1,1,0,0
2026-03-22T00:13:28Z,1469.826,4770,-5678.5,-10101.100586,1441.800049,252.600006,-2.5,-4.7,0,0,1,1,0,0,1,0,0,0,0,0,0,1,1,0,0
2026-03-22T00:13:28Z,1470.071,4771,-5678.5,-10101.100586,1441.800049,252.600006,-1.4,-4.6,0,1,1,1,0,1,1,0,0,0,0,0,0,1,0,0,0
2026-03-22T00:13:29Z,1470.300,4772,-5678.5,-10101.100586,1441.800049,252.600006,-1.4,-4.6,0,1,1,1,0,1,1,0,0,0,0,0,0,1,0,0,0
2026-03-22T00:13:29Z,1470.552,4773,-5678.5,-10101.100586,1441.800049,252.600006,-1.4,-4.6,0,1,1,1,0,1,1,0,0,0,0,0,0,1,0,0,0
2026-03-22T00:13:29Z,1470.783,4774,-5678.5,-10101.100586,1441.800049,252.600006,-1.4,-4.6,0,1,1,1,0,1,1,0,0,0,0,0,0,1,0,0,0
2026-03-22T00:13:29Z,1471.020,4775,-5678.5,-10101.100586,1441.800049,252.400009,-1.1,-4.5,0,1,1,1,0,1,1,0,0,0,0,0,0,1,0,0,0
2026-03-22T00:13:29Z,1471.257,4776,-5678.5,-10101.100586,1441.800049,252.400009,-1.1,-4.5,0,1,1,1,0,1,1,0,0,0,0,0,0,1,0,0,0
2026-03-22T00:13:30Z,1471.491,4777,-5678.5,-10101.100586,1441.800049,252.400009,-1.1,-4.5,0,1,1,1,0,1,1,0,0,0,0,0,0,1,0,0,0
2026-03-22T00:13:30Z,1471.738,4778,-5678.5,-10101.100586,1441.800049,252.400009,-1.1,-4.5,0,1,1,1,0,1,1,0,0,0,0,0,0,1,0,0,0
2026-03-22T00:13:30Z,1471.987,4779,-5678.5,-10101.100586,1441.800049,252.400009,-1.1,-4.3,0,1,1,1,0,1,1,0,0,0,0,0,0,1,0,0,0
2026-03-22T00:13:30Z,1472.221,4780,-5678.5,-10101.100586,1441.800049,252.400009,-1.1,-4.3,0,1,1,1,0,1,1,0,0,0,0,0,0,1,0,0,0
2026-03-22T00:13:31Z,1472.478,4781,-5678.5,-10101.100586,1441.800049,252.400009,-1.1,-4.3,0,1,1,1,0,1,1,0,0,0,0,0,0,1,0,0,0
2026-03-22T00:13:31Z,1472.720,4782,-5678.5,-10101.100586,1441.800049,252.400009,-1.1,-4.3,0,1,1,1,0,1,1,0,0,0,0,0,0,1,0,0,0
2026-03-22T00:13:31Z,1472.958,4783,-5678.600098,-10101.100586,1441.800049,252.300003,-1.1,-4.4,0,1,1,1,0,1,1,0,0,0,0,0,0,1,0,0,0
2026-03-22T00:13:31Z,1473.191,4784,-5678.600098,-10101.100586,1441.800049,252.300003,-1.1,-4.4,0,1,1,1,0,1,1,0,0,0,0,0,0,1,0,0,0
2026-03-22T00:13:32Z,1473.423,4785,-5678.600098,-10101.100586,1441.800049,252.300003,-1.1,-4.4,0,1,1,1,0,1,1,0,0,0,0,0,0,1,0,0,0
2026-03-22T00:13:32Z,1473.661,4786,-5678.600098,-10101.100586,1441.800049,252.300003,-1.1,-4.4,0,1,1,1,0,1,1,0,0,0,0,0,0,1,0,0,0
2026-03-22T00:13:32Z,1473.917,4787,-5678.600098,-10101.100586,1441.800049,252.300003,-1.2,-4.4,0,1,1,1,0,1,1,0,0,0,0,0,0,1,0,0,0
2026-03-22T00:13:32Z,1474.147,4788,-5678.600098,-10101.100586,1441.800049,252.300003,-1.2,-4.4,0,1,1,1,0,1,1,0,0,0,0,0,0,1,0,0,0
2026-03-22T00:13:33Z,1474.383,4789,-5678.600098,-10101.100586,1441.800049,252.300003,-1.2,-4.4,0,1,1,1,0,1,1,0,0,0,0,0,0,1,0,0,0
2026-03-22T00:13:33Z,1474.635,4790,-5678.600098,-10101.100586,1441.800049,252.300003,-1.2,-4.4,0,1,1,1,0,1,1,0,0,0,0,0,0,1,0,0,0
2026-03-22T00:13:33Z,1474.872,4791,-5678.5,-10101.100586,1441.800049,252.199997,-1.3,-4.4,0,1,1,1,0,1,1,0,0,0,0,0,0,1,0,0,0
2026-03-22T00:13:33Z,1475.101,4792,-5678.5,-10101.100586,1441.800049,252.199997,-1.3,-4.4,0,1,1,1,0,1,1,0,0,0,0,0,0,1,0,0,0
2026-03-22T00:13:34Z,1475.347,4793,-5678.5,-10101.100586,1441.800049,252.199997,-1.3,-4.4,0,1,1,1,0,1,1,0,0,0,0,0,0,1,0,0,0
2026-03-22T00:13:34Z,1475.583,4794,-5678.5,-10101.100586,1441.800049,252.199997,-1.3,-4.4,0,1,1,1,0,1,1,0,0,0,0,0,0,1,0,0,0
2026-03-22T00:13:34Z,1475.817,4795,-5678.5,-10101,1441.800049,252.300003,-1.7,-5,0,1,1,1,0,1,1,0,0,0,0,0,0,1,0,0,0
2026-03-22T00:13:34Z,1476.051,4796,-5678.5,-10101,1441.800049,252.300003,-1.7,-5,0,1,1,1,0,1,1,0,0,0,0,0,0,1,0,0,0
2026-03-22T00:13:35Z,1476.298,4797,-5678.5,-10101,1441.800049,252.300003,-1.7,-5,0,1,1,1,0,1,1,0,0,0,0,0,0,1,0,0,0
2026-03-22T00:13:35Z,1476.530,4798,-5678.5,-10101,1441.800049,252.300003,-1.7,-5,0,1,1,1,0,1,1,0,0,0,0,0,0,1,0,0,0
2026-03-22T00:13:35Z,1476.767,4799,-5678.5,-10101,1441.800049,252.300003,-1.7,-5,0,1,1,1,0,1,1,0,0,0,0,0,0,1,0,0,0
2026-03-22T00:13:35Z,1477.012,4800,-5678.300293,-10101,1441.800049,252.5,-1.9,-5.8,0,1,1,1,0,1,1,0,0,0,0,0,0,1,1,0,0
2026-03-22T00:13:35Z,1477.259,4801,-5678.300293,-10101,1441.800049,252.5,-1.9,-5.8,0,1,1,1,0,1,1,0,0,0,0,0,0,1,1,0,0
2026-03-22T00:13:36Z,1477.498,4802,-5678.300293,-10101,1441.800049,252.5,-1.9,-5.8,0,1,1,1,0,1,1,0,0,0,0,0,0,1,1,0,0
2026-03-22T00:13:36Z,1477.734,4803,-5678.300293,-10101,1441.800049,252.5,-1.9,-5.8,0,1,1,1,0,1,1,0,0,0,0,0,0,1,1,0,0
2026-03-22T00:13:36Z,1477.967,4804,-5678.200195,-10100.900391,1441.700073,252.800003,-2.2,-6.3,0,1,1,1,0,1,1,0,0,0,0,0,0,1,1,0,0
2026-03-22T00:13:36Z,1478.198,4805,-5678.200195,-10100.900391,1441.700073,252.800003,-2.2,-6.3,0,1,1,1,0,1,1,0,0,0,0,0,0,1,1,0,0
2026-03-22T00:13:37Z,1478.446,4806,-5678.200195,-10100.900391,1441.700073,252.800003,-2.2,-6.3,0,1,1,1,0,1,1,0,0,0,0,0,0,1,1,0,0
2026-03-22T00:13:37Z,1478.738,4807,-5678.200195,-10100.900391,1441.700073,252.800003,-2.2,-6.3,0,1,1,1,0,1,1,0,0,0,0,0,0,1,1,0,0
2026-03-22T00:13:37Z,1479.096,4808,-5677.899902,-10100.799805,1441.700073,253,-2.6,-6.7,0,1,1,1,0,1,1,0,0,0,0,0,0,1,1,0,0
2026-03-22T00:13:38Z,1479.327,4809,-5677.899902,-10100.799805,1441.700073,253,-2.6,-6.7,0,1,1,1,0,1,1,0,0,0,0,0,0,1,1,0,0
2026-03-22T00:13:38Z,1479.575,4810,-5677.899902,-10100.799805,1441.700073,253,-2.6,-6.7,0,1,1,1,0,1,1,0,0,0,0,0,0,1,1,0,0
2026-03-22T00:13:38Z,1479.980,4811,-5677.800293,-10100.799805,1441.700073,253.199997,-1.8,-7.2,0,1,1,1,0,1,1,0,0,0,0,0,0,1,1,0,0
2026-03-22T00:13:38Z,1480.222,4812,-5677.800293,-10100.799805,1441.700073,253.199997,-1.8,-7.2,0,1,1,1,0,1,1,0,0,0,0,0,0,1,1,0,0
2026-03-22T00:13:39Z,1480.458,4813,-5677.800293,-10100.799805,1441.700073,253.199997,-1.8,-7.2,0,1,1,1,0,1,1,0,0,0,0,0,0,1,1,0,0
2026-03-22T00:13:39Z,1480.682,4814,-5677.800293,-10100.799805,1441.700073,253.199997,-1.8,-7.2,0,1,1,1,0,1,1,0,0,0,0,0,0,1,1,0,0
2026-03-22T00:13:39Z,1480.918,4815,-5677.800293,-10100.900391,1441.700073,252.699997,-2.9,-6.3,0,1,1,1,0,1,1,0,0,0,0,0,0,1,1,0,0
2026-03-22T00:13:39Z,1481.147,4816,-5677.800293,-10100.900391,1441.700073,252.699997,-2.9,-6.3,0,1,1,1,0,1,1,0,0,0,0,0,0,1,1,0,0
2026-03-22T00:13:40Z,1481.389,4817,-5677.800293,-10100.900391,1441.700073,252.699997,-2.9,-6.3,0,1,1,1,0,1,1,0,0,0,0,0,0,1,1,0,0
2026-03-22T00:13:40Z,1481.627,4818,-5677.800293,-10100.900391,1441.700073,252.699997,-2.9,-6.3,0,1,1,1,0,1,1,0,0,0,0,0,0,1,1,0,0
2026-03-22T00:13:45Z,1481.878,4819,-5677.800293,-10100.900391,1441.700073,252.699997,-2.1,-6.6,0,1,1,1,0,1,1,0,0,0,0,0,0,1,1,0,0
2026-03-22T00:13:45Z,1487.168,4820,-5677.800293,-10100.900391,1441.700073,252.600006,-1.4,-5.8,0,1,1,1,0,1,1,0,0,0,0,0,0,1,1,0,0
2026-03-22T00:13:46Z,1487.408,4821,-5677.800293,-10100.900391,1441.700073,252.600006,-1.4,-5.8,0,1,1,1,0,1,1,0,0,0,0,0,0,1,1,0,0
2026-03-22T00:13:46Z,1487.673,4822,-5677.800293,-10100.900391,1441.700073,252.600006,-1.4,-5.8,0,1,1,1,0,1,1,0,0,0,0,0,0,1,1,0,0
2026-03-22T00:13:46Z,1487.925,4823,-5677.800293,-10100.900391,1441.700073,252.600006,-1.4,-5.8,0,1,1,1,0,1,1,0,0,0,0,0,0,1,1,0,0
2026-03-22T00:13:46Z,1488.163,4824,-5677.800293,-10100.900391,1441.700073,252.600006,-1.7,-6.1,0,1,1,1,0,1,1,0,0,0,0,0,0,1,1,0,0
2026-03-22T00:13:47Z,1488.397,4825,-5677.800293,-10100.900391,1441.700073,252.600006,-1.7,-6.1,0,1,1,1,0,1,1,0,0,0,0,0,0,1,1,0,0
2026-03-22T00:13:47Z,1488.643,4826,-5677.800293,-10100.900391,1441.700073,252.600006,-1.7,-6.1,0,1,1,1,0,1,1,0,0,0,0,0,0,1,1,0,0
2026-03-22T00:13:47Z,1488.877,4827,-5677.800293,-10100.900391,1441.700073,252.600006,-1.4,-6,0,1,1,1,0,1,1,0,0,0,0,0,0,1,1,0,0
2026-03-22T00:13:47Z,1489.107,4828,-5677.800293,-10100.900391,1441.700073,252.600006,-1.4,-6,0,1,1,1,0,1,1,0,0,0,0,0,0,1,1,0,0
2026-03-22T00:13:48Z,1489.356,4829,-5677.800293,-10100.900391,1441.700073,252.600006,-1.4,-6,0,1,1,1,0,1,1,0,0,0,0,0,0,1,1,0,0
2026-03-22T00:13:48Z,1489.584,4830,-5677.800293,-10100.900391,1441.700073,252.600006,-1.4,-6,0,1,1,1,0,1,1,0,0,0,0,0,0,1,1,0,0
2026-03-22T00:13:48Z,1489.827,4831,-5677.800293,-10100.900391,1441.700073,253,-1,-5.6,0,1,1,1,0,1,1,0,0,0,0,0,0,1,1,0,0
2026-03-22T00:13:48Z,1490.087,4832,-5677.800293,-10100.900391,1441.700073,253,-1,-5.6,0,1,1,1,0,1,1,0,0,0,0,0,0,1,1,0,0
2026-03-22T00:13:49Z,1490.325,4833,-5677.800293,-10100.900391,1441.700073,253,-1,-5.6,0,1,1,1,0,1,1,0,0,0,0,0,0,1,1,0,0
2026-03-22T00:13:49Z,1490.580,4834,-5677.800293,-10100.900391,1441.700073,253,-1,-5.6,0,1,1,1,0,1,1,0,0,0,0,0,0,1,1,0,0
2026-03-22T00:13:49Z,1490.818,4835,-5677.800293,-10100.900391,1441.700073,253,-1,-5.6,0,1,1,1,0,1,1,0,0,0,0,0,0,1,1,0,0
2026-03-22T00:13:49Z,1491.055,4836,-5677.899902,-10100.900391,1441.700073,253.5,-0.8,-5.2,0,1,1,1,0,1,1,0,0,0,0,0,0,1,1,0,0
2026-03-22T00:13:50Z,1491.308,4837,-5677.899902,-10100.900391,1441.700073,253.5,-0.8,-5.2,0,1,1,1,0,1,1,0,0,0,0,0,0,1,1,0,0
2026-03-22T00:13:50Z,1491.548,4838,-5677.899902,-10100.900391,1441.700073,253.5,-0.8,-5.2,0,1,1,1,0,1,1,0,0,0,0,0,0,1,1,0,0
2026-03-22T00:13:50Z,1491.799,4839,-5677.899902,-10100.900391,1441.700073,253.5,-0.8,-5.2,0,1,1,1,0,1,1,0,0,0,0,0,0,1,1,0,0
2026-03-22T00:13:50Z,1492.049,4840,-5678,-10100.900391,1441.800049,254.300003,-0.7,-5.2,0,1,1,1,0,1,1,0,0,0,0,0,0,1,1,0,0
2026-03-22T00:13:51Z,1492.290,4841,-5678,-10100.900391,1441.800049,254.300003,-0.7,-5.2,0,1,1,1,0,1,1,0,0,0,0,0,0,1,1,0,0
2026-03-22T00:13:51Z,1492.543,4842,-5678,-10100.900391,1441.800049,254.300003,-0.7,-5.2,0,1,1,1,0,1,1,0,0,0,0,0,0,1,1,0,0
2026-03-22T00:13:51Z,1492.795,4843,-5678,-10100.900391,1441.800049,254.300003,-0.7,-5.2,0,1,1,1,0,1,1,0,0,0,0,0,0,1,1,0,0
2026-03-22T00:13:51Z,1493.037,4844,-5678,-10100.900391,1441.800049,255.300003,-0.8,-5.3,0,1,1,1,0,1,1,0,0,0,0,0,0,1,1,0,0
2026-03-22T00:13:51Z,1493.271,4845,-5678,-10100.900391,1441.800049,255.300003,-0.8,-5.3,0,1,1,1,0,1,1,0,0,0,0,0,0,1,1,0,0
2026-03-22T00:13:52Z,1493.502,4846,-5678,-10100.900391,1441.800049,255.300003,-0.8,-5.3,0,1,1,1,0,1,1,0,0,0,0,0,0,1,1,0,0
2026-03-22T00:13:52Z,1493.736,4847,-5678,-10100.900391,1441.800049,255.300003,-0.8,-5.3,0,1,1,1,0,1,1,0,0,0,0,0,0,1,1,0,0
2026-03-22T00:13:52Z,1493.974,4848,-5678.200195,-10100.900391,1441.700073,256.600006,-1,-5.5,0,1,1,1,0,1,1,0,0,0,0,0,0,1,1,0,0
2026-03-22T00:13:53Z,1494.275,4849,-5678.200195,-10100.900391,1441.700073,256.600006,-1,-5.5,0,1,1,1,0,1,1,0,0,0,0,0,0,1,1,0,0
2026-03-22T00:13:53Z,1494.654,4850,-5678.200195,-10100.900391,1441.700073,256.600006,-1,-5.5,0,1,1,1,0,1,1,0,0,0,0,0,0,1,1,0,0
2026-03-22T00:13:53Z,1495.009,4851,-5678.300293,-10100.900391,1441.800049,258,-1.4,-5.2,0,1,1,1,0,1,1,0,0,0,0,0,0,1,1,0,0
2026-03-22T00:13:53Z,1495.274,4852,-5678.300293,-10100.900391,1441.800049,258,-1.4,-5.2,0,1,1,1,0,1,1,0,0,0,0,0,0,1,1,0,0
2026-03-22T00:13:54Z,1495.512,4853,-5678.300293,-10100.900391,1441.800049,258,-1.4,-5.2,0,1,1,1,0,1,1,0,0,0,0,0,0,1,1,0,0
2026-03-22T00:13:54Z,1495.772,4854,-5678.300293,-10100.900391,1441.800049,258,-1.4,-5.2,0,1,1,1,0,1,1,0,0,0,0,0,0,1,1,0,0
2026-03-22T00:13:54Z,1496.011,4855,-5678.399902,-10100.900391,1441.800049,259.600006,-1.2,-4.6,0,0,1,1,0,1,1,0,0,0,0,0,1,0,0,0,0
2026-03-22T00:13:54Z,1496.264,4856,-5678.399902,-10100.900391,1441.800049,259.600006,-1.2,-4.6,0,0,1,1,0,1,1,0,0,0,0,0,1,0,0,0,0
2026-03-22T00:13:55Z,1496.520,4857,-5678.399902,-10100.900391,1441.800049,259.600006,-1.2,-4.6,0,0,1,1,0,1,1,0,0,0,0,0,1,0,0,0,0
2026-03-22T00:13:55Z,1496.756,4858,-5678.399902,-10100.900391,1441.800049,259.600006,-1.2,-4.6,0,0,1,1,0,1,1,0,0,0,0,0,1,0,0,0,0
2026-03-22T00:13:55Z,1496.998,4859,-5678.399902,-10100.900391,1441.800049,258.899994,-2.3,-4.1,0,0,1,1,0,1,1,0,0,0,0,0,0,0,0,0,0
2026-03-22T00:13:55Z,1497.226,4860,-5678.399902,-10100.900391,1441.800049,258.899994,-2.3,-4.1,0,0,1,1,0,1,1,0,0,0,0,0,0,0,0,0,0
2026-03-22T00:13:56Z,1497.461,4861,-5678.399902,-10100.900391,1441.800049,258.899994,-2.3,-4.1,0,0,1,1,0,1,1,0,0,0,0,0,0,0,0,0,0
2026-03-22T00:13:56Z,1497.691,4862,-5678.399902,-10100.900391,1441.800049,258.899994,-2.3,-4.1,0,0,1,1,0,1,1,0,0,0,0,0,0,0,0,0,0
2026-03-22T00:13:56Z,1497.923,4863,-5678.399902,-10100.900391,1441.800049,258.700012,-1.8,-4.6,0,0,1,1,0,1,1,0,0,0,0,0,0,0,0,0,0
2026-03-22T00:13:56Z,1498.153,4864,-5678.399902,-10100.900391,1441.800049,258.700012,-1.8,-4.6,0,0,1,1,0,1,1,0,0,0,0,0,0,0,0,0,0
2026-03-22T00:13:57Z,1498.395,4865,-5678.399902,-10100.900391,1441.800049,258.700012,-1.8,-4.6,0,0,1,1,0,1,1,0,0,0,0,0,0,0,0,0,0
2026-03-22T00:13:57Z,1498.648,4866,-5678.399902,-10100.900391,1441.800049,258.700012,-1.8,-4.6,0,0,1,1,0,1,1,0,0,0,0,0,0,0,0,0,0
2026-03-22T00:13:57Z,1498.904,4867,-5678.5,-10100.900391,1441.800049,258.5,-0.9,-4.5,0,0,1,1,0,1,1,0,0,0,0,0,1,0,0,0,0
2026-03-22T00:13:57Z,1499.134,4868,-5678.5,-10100.900391,1441.800049,258.5,-0.9,-4.5,0,0,1,1,0,1,1,0,0,0,0,0,1,0,0,0,0
2026-03-22T00:13:58Z,1499.363,4869,-5678.5,-10100.900391,1441.800049,258.5,-0.9,-4.5,0,0,1,1,0,1,1,0,0,0,0,0,1,0,0,0,0
2026-03-22T00:13:58Z,1499.599,4870,-5678.5,-10100.900391,1441.800049,258.5,-0.9,-4.5,0,0,1,1,0,1,1,0,0,0,0,0,1,0,0,0,0
2026-03-22T00:13:58Z,1499.843,4871,-5678.5,-10100.900391,1441.800049,258.399994,-1,-4.2,0,0,1,1,0,1,1,0,0,0,0,0,1,0,0,0,0
2026-03-22T00:13:58Z,1500.135,4872,-5678.5,-10100.900391,1441.800049,258.399994,-1,-4.2,0,0,1,1,0,1,1,0,0,0,0,0,1,0,0,0,0
2026-03-22T00:13:59Z,1500.399,4873,-5678.5,-10100.900391,1441.800049,258.399994,-1,-4.2,0,0,1,1,0,1,1,0,0,0,0,0,1,0,0,0,0
2026-03-22T00:13:59Z,1500.643,4874,-5678.5,-10100.900391,1441.800049,258.399994,-1,-4.2,0,0,1,1,0,1,1,0,0,0,0,0,1,0,0,0,0
2026-03-22T00:13:59Z,1500.872,4875,-5678.5,-10100.900391,1441.800049,258.300018,-1.2,-4.2,0,0,1,1,0,1,1,0,0,0,0,0,1,0,0,0,0
2026-03-22T00:13:59Z,1501.149,4876,-5678.5,-10100.900391,1441.800049,258.300018,-1.2,-4.2,0,0,1,1,0,1,1,0,0,0,0,0,1,0,0,0,0
2026-03-22T00:14:00Z,1501.381,4877,-5678.5,-10100.900391,1441.800049,258.300018,-1.2,-4.2,0,0,1,1,0,1,1,0,0,0,0,0,1,0,0,0,0
2026-03-22T00:14:00Z,1501.625,4878,-5678.5,-10100.900391,1441.800049,258.300018,-1.2,-4.2,0,0,1,1,0,1,1,0,0,0,0,0,1,0,0,0,0
2026-03-22T00:14:00Z,1501.872,4879,-5678.5,-10100.900391,1441.800049,258.300018,-1.4,-4.4,0,0,1,1,0,1,1,0,0,0,0,0,0,0,0,0,0
2026-03-22T00:14:00Z,1502.133,4880,-5678.5,-10100.900391,1441.800049,258.300018,-1.4,-4.4,0,0,1,1,0,1,1,0,0,0,0,0,0,0,0,0,0
2026-03-22T00:14:01Z,1502.369,4881,-5678.5,-10100.900391,1441.800049,258.300018,-1.4,-4.4,0,0,1,1,0,1,1,0,0,0,0,0,0,0,0,0,0
2026-03-22T00:14:01Z,1502.611,4882,-5678.5,-10100.900391,1441.800049,258.300018,-1.4,-4.4,0,0,1,1,0,1,1,0,0,0,0,0,0,0,0,0,0
2026-03-22T00:14:01Z,1502.863,4883,-5678.5,-10100.900391,1441.800049,258.200012,-1.4,-4.3,0,0,1,1,0,1,1,0,0,0,0,0,1,1,0,0,0
2026-03-22T00:14:01Z,1503.094,4884,-5678.5,-10100.900391,1441.800049,258.200012,-1.4,-4.3,0,0,1,1,0,1,1,0,0,0,0,0,1,1,0,0,0
2026-03-22T00:14:02Z,1503.335,4885,-5678.5,-10100.900391,1441.800049,258.200012,-1.4,-4.3,0,0,1,1,0,1,1,0,0,0,0,0,1,1,0,0,0
2026-03-22T00:14:02Z,1503.574,4886,-5678.5,-10100.900391,1441.800049,258.200012,-1.4,-4.3,0,0,1,1,0,1,1,0,0,0,0,0,1,1,0,0,0
2026-03-22T00:14:02Z,1503.809,4887,-5678.5,-10100.900391,1441.800049,258.200012,-1.4,-4.3,0,0,1,1,0,1,1,0,0,0,0,0,1,1,0,0,0
2026-03-22T00:14:02Z,1504.080,4888,-5678.300293,-10100.900391,1441.800049,258.399994,-1.9,-4.5,0,0,1,1,0,1,1,0,0,0,0,0,1,0,0,0,0
2026-03-22T00:14:03Z,1504.326,4889,-5678.300293,-10100.900391,1441.800049,258.399994,-1.9,-4.5,0,0,1,1,0,1,1,0,0,0,0,0,1,0,0,0,0
2026-03-22T00:14:03Z,1504.569,4890,-5678.300293,-10100.900391,1441.800049,258.399994,-1.9,-4.5,0,0,1,1,0,1,1,0,0,0,0,0,1,0,0,0,0
2026-03-22T00:14:03Z,1504.805,4891,-5678.300293,-10100.900391,1441.800049,258.399994,-1.9,-4.5,0,0,1,1,0,1,1,0,0,0,0,0,1,0,0,0,0
2026-03-22T00:14:03Z,1505.074,4892,-5678.200195,-10100.799805,1441.800049,258.5,-1.6,-5.2,0,0,1,1,0,1,1,0,0,0,0,0,1,0,0,0,0
2026-03-22T00:14:04Z,1505.324,4893,-5678.200195,-10100.799805,1441.800049,258.5,-1.6,-5.2,0,0,1,1,0,1,1,0,0,0,0,0,1,0,0,0,0
2026-03-22T00:14:04Z,1505.557,4894,-5678.200195,-10100.799805,1441.800049,258.5,-1.6,-5.2,0,0,1,1,0,1,1,0,0,0,0,0,1,0,0,0,0
2026-03-22T00:14:04Z,1505.792,4895,-5678.200195,-10100.799805,1441.800049,258.5,-1.6,-5.2,0,0,1,1,0,1,1,0,0,0,0,0,1,0,0,0,0
2026-03-22T00:14:04Z,1506.034,4896,-5677.899902,-10100.799805,1441.700073,258.600006,-1.6,-5.6,0,0,1,1,0,1,1,0,0,0,0,0,0,0,1,0,0
2026-03-22T00:14:05Z,1506.278,4897,-5677.899902,-10100.799805,1441.700073,258.600006,-1.6,-5.6,0,0,1,1,0,1,1,0,0,0,0,0,0,0,1,0,0
2026-03-22T00:14:05Z,1506.606,4898,-5677.899902,-10100.799805,1441.700073,258.600006,-1.6,-5.6,0,0,1,1,0,1,1,0,0,0,0,0,0,0,1,0,0
2026-03-22T00:14:05Z,1506.997,4899,-5677.700195,-10100.799805,1441.700073,259.100006,-1.7,-6,0,0,1,1,0,1,1,0,0,0,0,0,0,0,1,0,0
2026-03-22T00:14:06Z,1507.298,4900,-5677.700195,-10100.799805,1441.700073,259.100006,-1.7,-6,0,0,1,1,0,1,1,0,0,0,0,0,0,0,1,0,0
2026-03-22T00:14:06Z,1507.553,4901,-5677.700195,-10100.799805,1441.700073,259.100006,-1.7,-6,0,0,1,1,0,1,1,0,0,0,0,0,0,0,1,0,0
2026-03-22T00:14:06Z,1507.823,4902,-5677.700195,-10100.799805,1441.700073,259.100006,-1.7,-6,0,0,1,1,0,1,1,0,0,0,0,0,0,0,1,0,0
2026-03-22T00:14:06Z,1508.129,4903,-5677.300293,-10100.700195,1441.700073,259.800018,-1.7,-4.8,0,1,1,0,0,1,1,0,0,0,0,0,0,0,0,0,0
2026-03-22T00:14:07Z,1508.367,4904,-5677.300293,-10100.700195,1441.700073,259.800018,-1.7,-4.8,0,1,1,0,0,1,1,0,0,0,0,0,0,0,0,0,0
2026-03-22T00:14:07Z,1508.608,4905,-5677.300293,-10100.700195,1441.700073,259.800018,-1.7,-4.8,0,1,1,0,0,1,1,0,0,0,0,0,0,0,0,0,0
2026-03-22T00:14:07Z,1508.869,4906,-5677.300293,-10100.700195,1441.700073,259.800018,-1.7,-4.8,0,1,1,0,0,1,1,0,0,0,0,0,0,0,0,0,0
2026-03-22T00:14:07Z,1509.123,4907,-5677,-10100.600586,1441.700073,260.600006,-0.9,-3.9,0,1,1,0,0,1,0,0,0,0,0,0,0,0,0,0,0
2026-03-22T00:14:08Z,1509.354,4908,-5677,-10100.600586,1441.700073,260.600006,-0.9,-3.9,0,1,1,0,0,1,0,0,0,0,0,0,0,0,0,0,0
2026-03-22T00:14:08Z,1509.600,4909,-5677,-10100.600586,1441.700073,260.600006,-0.9,-3.9,0,1,1,0,0,1,0,0,0,0,0,0,0,0,0,0,0
2026-03-22T00:14:08Z,1509.835,4910,-5677,-10100.600586,1441.700073,260.600006,-0.9,-3.9,0,1,1,0,0,1,0,0,0,0,0,0,0,0,0,0,0
2026-03-22T00:14:13Z,1510.080,4911,-5676.5,-10100.600586,1441.700073,260.399994,0.4,-2.5,0,1,1,0,0,1,0,0,0,0,0,0,0,0,0,0,0
2026-03-22T00:14:14Z,1515.329,4912,-5675.800293,-10100.5,1441.800049,260.700012,3.2,-0.4,0,1,0,0,0,1,0,0,0,0,0,0,0,0,0,0,0
2026-03-22T00:14:14Z,1515.586,4913,-5675.800293,-10100.5,1441.800049,260.700012,3.2,-0.4,0,1,0,0,0,1,0,0,0,0,0,0,0,0,0,0,0
2026-03-22T00:14:14Z,1515.848,4914,-5675.800293,-10100.5,1441.800049,260.700012,3.2,-0.4,0,1,0,0,0,1,0,0,0,0,0,0,0,0,0,0,0
2026-03-22T00:14:14Z,1516.114,4915,-5675.800293,-10100.5,1441.700073,260.700012,3.6,-0.6,0,1,0,0,0,1,0,0,0,0,0,0,0,0,0,0,0
2026-03-22T00:14:15Z,1516.360,4916,-5675.800293,-10100.5,1441.700073,260.700012,3.6,-0.6,0,1,0,0,0,1,0,0,0,0,0,0,0,0,0,0,0
2026-03-22T00:14:15Z,1516.599,4917,-5675.800293,-10100.5,1441.700073,260.700012,3.6,-0.6,0,1,0,0,0,1,0,0,0,0,0,0,0,0,0,0,0
2026-03-22T00:14:15Z,1516.844,4918,-5675.800293,-10100.5,1441.700073,260.800018,2.6,-0.6,0,1,0,0,0,1,0,0,0,0,0,0,0,0,0,0,0
2026-03-22T00:14:15Z,1517.114,4919,-5675.800293,-10100.5,1441.700073,260.800018,2.6,-0.6,0,1,0,0,0,1,0,0,0,0,0,0,0,0,0,0,0
2026-03-22T00:14:16Z,1517.373,4920,-5675.800293,-10100.5,1441.700073,260.800018,2.6,-0.6,0,1,0,0,0,1,0,0,0,0,0,0,0,0,0,0,0
2026-03-22T00:14:16Z,1517.621,4921,-5675.800293,-10100.5,1441.700073,260.800018,2.6,-0.6,0,1,0,0,0,1,0,0,0,0,0,0,0,0,0,0,0
2026-03-22T00:14:16Z,1517.858,4922,-5675.800293,-10100.5,1441.700073,261.600006,3.1,-0.5,0,1,0,0,0,1,0,0,0,0,0,0,0,0,0,0,0
2026-03-22T00:14:16Z,1518.096,4923,-5675.800293,-10100.5,1441.700073,261.600006,3.1,-0.5,0,1,0,0,0,1,0,0,0,0,0,0,0,0,0,0,0
2026-03-22T00:14:17Z,1518.351,4924,-5675.800293,-10100.5,1441.700073,261.600006,3.1,-0.5,0,1,0,0,0,1,0,0,0,0,0,0,0,0,0,0,0
2026-03-22T00:14:17Z,1518.608,4925,-5675.800293,-10100.5,1441.700073,261.600006,3.1,-0.5,0,1,0,0,0,1,0,0,0,0,0,0,0,0,0,0,0
2026-03-22T00:14:17Z,1518.848,4926,-5675.800293,-10100.5,1441.700073,261.600006,3.1,-0.5,0,1,0,0,0,1,0,0,0,0,0,0,0,0,0,0,0
2026-03-22T00:14:17Z,1519.132,4927,-5675.800293,-10100.5,1441.700073,262.200012,3.2,-0.4,0,1,0,0,0,1,0,0,0,0,0,0,0,0,0,0,0
2026-03-22T00:14:18Z,1519.384,4928,-5675.800293,-10100.5,1441.700073,262.200012,3.2,-0.4,0,1,0,0,0,1,0,0,0,0,0,0,0,0,0,0,0
2026-03-22T00:14:18Z,1519.634,4929,-5675.800293,-10100.5,1441.700073,262.200012,3.2,-0.4,0,1,0,0,0,1,0,0,0,0,0,0,0,0,0,0,0
2026-03-22T00:14:18Z,1519.878,4930,-5675.899902,-10100.5,1441.700073,262.800018,2.8,-0.6,0,1,1,0,0,1,0,0,0,0,0,0,0,0,0,0,0
2026-03-22T00:14:18Z,1520.118,4931,-5675.899902,-10100.5,1441.700073,262.800018,2.8,-0.6,0,1,1,0,0,1,0,0,0,0,0,0,0,0,0,0,0
2026-03-22T00:14:19Z,1520.380,4932,-5675.899902,-10100.5,1441.700073,262.800018,2.8,-0.6,0,1,1,0,0,1,0,0,0,0,0,0,0,0,0,0,0
2026-03-22T00:14:19Z,1520.620,4933,-5675.899902,-10100.5,1441.700073,262.800018,2.8,-0.6,0,1,1,0,0,1,0,0,0,0,0,0,0,0,0,0,0
2026-03-22T00:14:19Z,1520.866,4934,-5675.899902,-10100.5,1441.700073,263.5,3,-0.6,0,1,1,0,0,1,0,0,0,0,0,0,0,0,0,0,0
2026-03-22T00:14:19Z,1521.141,4935,-5675.899902,-10100.5,1441.700073,263.5,3,-0.6,0,1,1,0,0,1,0,0,0,0,0,0,0,0,0,0,0
2026-03-22T00:14:20Z,1521.400,4936,-5675.899902,-10100.5,1441.700073,263.5,3,-0.6,0,1,1,0,0,1,0,0,0,0,0,0,0,0,0,0,0
2026-03-22T00:14:20Z,1521.639,4937,-5675.899902,-10100.5,1441.700073,263.5,3,-0.6,0,1,1,0,0,1,0,0,0,0,0,0,0,0,0,0,0
2026-03-22T00:14:20Z,1521.874,4938,-5675.899902,-10100.5,1441.700073,264,3,-0.7,0,1,1,0,0,1,0,0,0,0,0,0,0,0,0,0,0
2026-03-22T00:14:20Z,1522.149,4939,-5675.899902,-10100.5,1441.700073,264,3,-0.7,0,1,1,0,0,1,0,0,0,0,0,0,0,0,0,0,0
2026-03-22T00:14:21Z,1522.388,4940,-5675.899902,-10100.5,1441.700073,264,3,-0.7,0,1,1,0,0,1,0,0,0,0,0,0,0,0,0,0,0
2026-03-22T00:14:21Z,1522.625,4941,-5675.899902,-10100.5,1441.700073,264,3,-0.7,0,1,1,0,0,1,0,0,0,0,0,0,0,0,0,0,0
2026-03-22T00:14:21Z,1522.871,4942,-5675.899902,-10100.5,1441.700073,264.5,2.9,-0.7,0,1,1,0,0,1,0,0,0,0,0,0,0,0,0,0,0
2026-03-22T00:14:21Z,1523.105,4943,-5675.899902,-10100.5,1441.700073,264.5,2.9,-0.7,0,1,1,0,0,1,0,0,0,0,0,0,0,0,0,0,0
2026-03-22T00:14:22Z,1523.358,4944,-5675.899902,-10100.5,1441.700073,264.5,2.9,-0.7,0,1,1,0,0,1,0,0,0,0,0,0,0,0,0,0,0
2026-03-22T00:14:22Z,1523.631,4945,-5675.899902,-10100.5,1441.700073,264.5,2.9,-0.7,0,1,1,0,0,1,0,0,0,0,0,0,0,0,0,0,0
2026-03-22T00:14:22Z,1523.888,4946,-5676,-10100.5,1441.700073,265.100006,2.8,-0.7,0,1,1,0,0,1,0,0,0,0,0,0,0,0,0,0,0
2026-03-22T00:14:22Z,1524.127,4947,-5676,-10100.5,1441.700073,265.100006,2.8,-0.7,0,1,1,0,0,1,0,0,0,0,0,0,0,0,0,0,0
2026-03-22T00:14:23Z,1524.362,4948,-5676,-10100.5,1441.700073,265.100006,2.8,-0.7,0,1,1,0,0,1,0,0,0,0,0,0,0,0,0,0,0
2026-03-22T00:14:23Z,1524.602,4949,-5676,-10100.5,1441.700073,265.100006,2.8,-0.7,0,1,1,0,0,1,0,0,0,0,0,0,0,0,0,0,0
2026-03-22T00:14:23Z,1524.842,4950,-5676,-10100.5,1441.700073,265.100006,2.8,-0.7,0,1,1,0,0,1,0,0,0,0,0,0,0,0,0,0,0
2026-03-22T00:14:23Z,1525.087,4951,-5676,-10100.5,1441.700073,265.399994,2.8,-0.8,0,1,1,0,0,1,0,0,0,0,0,0,0,0,0,0,0
2026-03-22T00:14:24Z,1525.327,4952,-5676,-10100.5,1441.700073,265.399994,2.8,-0.8,0,1,1,0,0,1,0,0,0,0,0,0,0,0,0,0,0
2026-03-22T00:14:24Z,1525.583,4953,-5676,-10100.5,1441.700073,265.399994,2.8,-0.8,0,1,1,0,0,1,0,0,0,0,0,0,0,0,0,0,0
2026-03-22T00:14:24Z,1525.852,4954,-5676,-10100.5,1441.700073,265.399994,2.8,-0.8,0,1,1,0,0,1,0,0,0,0,0,0,0,0,0,0,0
2026-03-22T00:14:24Z,1526.092,4955,-5676,-10100.5,1441.700073,265.200012,2.6,-0.9,0,1,1,0,0,1,0,0,0,0,0,0,0,0,0,0,0
2026-03-22T00:14:25Z,1526.329,4956,-5676,-10100.5,1441.700073,265.200012,2.6,-0.9,0,1,1,0,0,1,0,0,0,0,0,0,0,0,0,0,0
2026-03-22T00:14:25Z,1526.568,4957,-5676,-10100.5,1441.700073,265.200012,2.6,-0.9,0,1,1,0,0,1,0,0,0,0,0,0,0,0,0,0,0
2026-03-22T00:14:25Z,1526.809,4958,-5676,-10100.5,1441.700073,265.200012,2.6,-0.9,0,1,1,0,0,1,0,0,0,0,0,0,0,0,0,0,0
2026-03-22T00:14:25Z,1527.055,4959,-5676.100098,-10100.5,1441.700073,264.200012,2.3,-1,0,1,1,0,0,1,0,0,0,0,0,0,0,0,0,0,0
2026-03-22T00:14:26Z,1527.302,4960,-5676.100098,-10100.5,1441.700073,264.200012,2.3,-1,0,1,1,0,0,1,0,0,0,0,0,0,0,0,0,0,0
2026-03-22T00:14:26Z,1527.549,4961,-5676.100098,-10100.5,1441.700073,264.200012,2.3,-1,0,1,1,0,0,1,0,0,0,0,0,0,0,0,0,0,0
2026-03-22T00:14:26Z,1527.800,4962,-5676.100098,-10100.5,1441.700073,264.200012,2.3,-1,0,1,1,0,0,1,0,0,0,0,0,0,0,0,0,0,0
2026-03-22T00:14:26Z,1528.069,4963,-5676.200195,-10100.600586,1441.700073,262.899994,2.1,-1.5,0,1,1,0,0,1,0,0,0,0,0,0,0,0,0,0,0
2026-03-22T00:14:27Z,1528.323,4964,-5676.200195,-10100.600586,1441.700073,262.899994,2.1,-1.5,0,1,1,0,0,1,0,0,0,0,0,0,0,0,0,0,0
2026-03-22T00:14:27Z,1528.582,4965,-5676.200195,-10100.600586,1441.700073,262.899994,2.1,-1.5,0,1,1,0,0,1,0,0,0,0,0,0,0,0,0,0,0
2026-03-22T00:14:27Z,1528.831,4966,-5676.200195,-10100.600586,1441.700073,262.899994,2.1,-1.5,0,1,1,0,0,1,0,0,0,0,0,0,0,0,0,0,0
2026-03-22T00:14:27Z,1529.076,4967,-5676.300293,-10100.600586,1441.700073,261.200012,1.6,-2.1,0,1,1,0,0,1,0,0,0,0,0,0,0,0,0,0,0
2026-03-22T00:14:28Z,1529.340,4968,-5676.300293,-10100.600586,1441.700073,261.200012,1.6,-2.1,0,1,1,0,0,1,0,0,0,0,0,0,0,0,0,0,0
2026-03-22T00:14:28Z,1529.579,4969,-5676.300293,-10100.600586,1441.700073,261.200012,1.6,-2.1,0,1,1,0,0,1,0,0,0,0,0,0,0,0,0,0,0
2026-03-22T00:14:28Z,1529.818,4970,-5676.300293,-10100.600586,1441.700073,261.200012,1.6,-2.1,0,1,1,0,0,1,0,0,0,0,0,0,0,0,0,0,0
2026-03-22T00:14:28Z,1530.077,4971,-5676.399902,-10100.700195,1441.700073,259.700012,1.2,-2.6,0,1,1,0,0,1,1,0,0,0,0,0,0,0,0,0,0
2026-03-22T00:14:29Z,1530.322,4972,-5676.399902,-10100.700195,1441.700073,259.700012,1.2,-2.6,0,1,1,0,0,1,1,0,0,0,0,0,0,0,0,0,0
2026-03-22T00:14:29Z,1530.571,4973,-5676.399902,-10100.700195,1441.700073,259.700012,1.2,-2.6,0,1,1,0,0,1,1,0,0,0,0,0,0,0,0,0,0
2026-03-22T00:14:29Z,1530.821,4974,-5676.399902,-10100.700195,1441.700073,259.700012,1.2,-2.6,0,1,1,0,0,1,1,0,0,0,0,0,0,0,0,0,0
2026-03-22T00:14:29Z,1531.085,4975,-5676.600098,-10100.799805,1441.700073,257.100006,0.5,-3.4,0,1,1,1,0,1,1,0,0,0,0,0,0,0,1,0,0
2026-03-22T00:14:30Z,1531.330,4976,-5676.600098,-10100.799805,1441.700073,257.100006,0.5,-3.4,0,1,1,1,0,1,1,0,0,0,0,0,0,0,1,0,0
2026-03-22T00:14:30Z,1531.578,4977,-5676.600098,-10100.799805,1441.700073,257.100006,0.5,-3.4,0,1,1,1,0,1,1,0,0,0,0,0,0,0,1,0,0
2026-03-22T00:14:30Z,1531.827,4978,-5676.600098,-10100.799805,1441.700073,257.100006,0.5,-3.4,0,1,1,1,0,1,1,0,0,0,0,0,0,0,1,0,0
2026-03-22T00:14:30Z,1532.106,4979,-5676.800293,-10100.900391,1441.700073,254.199997,-0.3,-4.2,0,1,0,1,0,1,1,0,0,0,0,0,0,1,1,0,0
2026-03-22T00:14:31Z,1532.352,4980,-5676.800293,-10100.900391,1441.700073,254.199997,-0.3,-4.2,0,1,0,1,0,1,1,0,0,0,0,0,0,1,1,0,0
2026-03-22T00:14:31Z,1532.601,4981,-5676.800293,-10100.900391,1441.700073,254.199997,-0.3,-4.2,0,1,0,1,0,1,1,0,0,0,0,0,0,1,1,0,0
2026-03-22T00:14:31Z,1532.857,4982,-5676.800293,-10100.900391,1441.700073,254.199997,-0.3,-4.2,0,1,0,1,0,1,1,0,0,0,0,0,0,1,1,0,0
2026-03-22T00:14:31Z,1533.104,4983,-5676.899902,-10101,1441.700073,250.900009,-1.1,-5.1,0,1,0,1,0,1,1,0,0,0,0,0,0,1,1,0,0
2026-03-22T00:14:32Z,1533.341,4984,-5676.899902,-10101,1441.700073,250.900009,-1.1,-5.1,0,1,0,1,0,1,1,0,0,0,0,0,0,1,1,0,0
2026-03-22T00:14:32Z,1533.581,4985,-5676.899902,-10101,1441.700073,250.900009,-1.1,-5.1,0,1,0,1,0,1,1,0,0,0,0,0,0,1,1,0,0
2026-03-22T00:14:32Z,1533.821,4986,-5677.100098,-10101.100586,1441.700073,247.600006,-1.6,-6,0,1,0,1,0,1,1,0,0,0,0,0,0,1,1,0,0
2026-03-22T00:14:32Z,1534.074,4987,-5677.100098,-10101.100586,1441.700073,247.600006,-1.6,-6,0,1,0,1,0,1,1,0,0,0,0,0,0,1,1,0,0
2026-03-22T00:14:33Z,1534.332,4988,-5677.100098,-10101.100586,1441.700073,247.600006,-1.6,-6,0,1,0,1,0,1,1,0,0,0,0,0,0,1,1,0,0
2026-03-22T00:14:33Z,1534.585,4989,-5677.100098,-10101.100586,1441.700073,247.600006,-1.6,-6,0,1,0,1,0,1,1,0,0,0,0,0,0,1,1,0,0
2026-03-22T00:14:33Z,1534.846,4990,-5677.100098,-10101.100586,1441.700073,247.600006,-1.6,-6,0,1,0,1,0,1,1,0,0,0,0,0,0,1,1,0,0
2026-03-22T00:14:33Z,1535.121,4991,-5677.300293,-10101.299805,1441.700073,243.600006,-1.3,-6.9,0,1,0,1,0,1,1,0,0,0,0,0,0,1,0,0,1
2026-03-22T00:14:34Z,1535.365,4992,-5677.300293,-10101.299805,1441.700073,243.600006,-1.3,-6.9,0,1,0,1,0,1,1,0,0,0,0,0,0,1,0,0,1
2026-03-22T00:14:34Z,1535.612,4993,-5677.300293,-10101.299805,1441.700073,243.600006,-1.3,-6.9,0,1,0,1,0,1,1,0,0,0,0,0,0,1,0,0,1
2026-03-22T00:14:34Z,1535.867,4994,-5677.5,-10101.5,1441.700073,239.699997,-0.9,-6.2,0,0,0,0,0,1,1,0,0,0,0,0,0,0,0,0,0
2026-03-22T00:14:34Z,1536.152,4995,-5677.5,-10101.5,1441.700073,239.699997,-0.9,-6.2,0,0,0,0,0,1,1,0,0,0,0,0,0,0,0,0,0
2026-03-22T00:14:35Z,1536.379,4996,-5677.5,-10101.5,1441.700073,239.699997,-0.9,-6.2,0,0,0,0,0,1,1,0,0,0,0,0,0,0,0,0,0
2026-03-22T00:14:35Z,1536.609,4997,-5677.5,-10101.5,1441.700073,239.699997,-0.9,-6.2,0,0,0,0,0,1,1,0,0,0,0,0,0,0,0,0,0
2026-03-22T00:14:35Z,1536.849,4998,-5677.600098,-10101.799805,1441.700073,235,-1.7,-4.3,0,0,0,0,0,0,1,0,0,0,0,1,0,0,0,0,0
2026-03-22T00:14:35Z,1537.113,4999,-5677.600098,-10101.799805,1441.700073,235,-1.7,-4.3,0,0,0,0,0,0,1,0,0,0,0,1,0,0,0,0,0
2026-03-22T00:14:36Z,1537.363,5000,-5677.600098,-10101.799805,1441.700073,235,-1.7,-4.3,0,0,0,0,0,0,1,0,0,0,0,1,0,0,0,0,0
2026-03-22T00:14:36Z,1537.610,5001,-5677.600098,-10101.799805,1441.700073,235,-1.7,-4.3,0,0,0,0,0,0,1,0,0,0,0,1,0,0,0,0,0
2026-03-22T00:14:36Z,1537.850,5002,-5677.600098,-10101.799805,1441.700073,235,-1.7,-4.3,0,0,0,0,0,0,1,0,0,0,0,1,0,0,0,0,0
2026-03-22T00:14:36Z,1538.118,5003,-5677.800293,-10102,1441.700073,230,-4.2,-2.9,0,0,0,0,0,0,1,0,0,0,1,0,0,0,0,0,0
2026-03-22T00:14:37Z,1538.369,5004,-5677.800293,-10102,1441.700073,230,-4.2,-2.9,0,0,0,0,0,0,1,0,0,0,1,0,0,0,0,0,0
2026-03-22T00:14:37Z,1538.597,5005,-5677.800293,-10102,1441.700073,230,-4.2,-2.9,0,0,0,0,0,0,1,0,0,0,1,0,0,0,0,0,0
2026-03-22T00:14:37Z,1538.849,5006,-5677.700195,-10102.100586,1441.700073,232.100006,-6.8,-7.2,0,0,0,1,1,0,1,0,0,0,0,0,0,0,0,0,1
2026-03-22T00:14:37Z,1539.091,5007,-5677.700195,-10102.100586,1441.700073,232.100006,-6.8,-7.2,0,0,0,1,1,0,1,0,0,0,0,0,0,0,0,0,1
2026-03-22T00:14:38Z,1539.323,5008,-5677.700195,-10102.100586,1441.700073,232.100006,-6.8,-7.2,0,0,0,1,1,0,1,0,0,0,0,0,0,0,0,0,1
2026-03-22T00:14:38Z,1539.558,5009,-5677.700195,-10102.100586,1441.700073,232.100006,-6.8,-7.2,0,0,0,1,1,0,1,0,0,0,0,0,0,0,0,0,1
2026-03-22T00:14:38Z,1539.791,5010,-5677.700195,-10102.100586,1441.700073,232.100006,-6.8,-7.2,0,0,0,1,1,0,1,0,0,0,0,0,0,0,0,0,1
2026-03-22T00:14:38Z,1540.039,5011,-5677.800293,-10102.200195,1441.599976,232,-7,-7.2,0,0,0,1,1,0,1,0,0,0,0,0,0,0,0,0,1
2026-03-22T00:14:38Z,1540.281,5012,-5677.800293,-10102.200195,1441.599976,232,-7,-7.2,0,0,0,1,1,0,1,0,0,0,0,0,0,0,0,0,1
2026-03-22T00:14:39Z,1540.513,5013,-5677.800293,-10102.200195,1441.599976,232,-7,-7.2,0,0,0,1,1,0,1,0,0,0,0,0,0,0,0,0,1
2026-03-22T00:14:39Z,1540.759,5014,-5677.800293,-10102.200195,1441.599976,232,-7,-7.2,0,0,0,1,1,0,1,0,0,0,0,0,0,0,0,0,1
2026-03-22T00:14:39Z,1541.029,5015,-5677.800293,-10102.200195,1441.599976,231.900009,-4.5,-3.9,0,0,0,1,1,0,1,0,0,0,0,0,0,0,0,0,1
2026-03-22T00:14:39Z,1541.270,5016,-5677.800293,-10102.200195,1441.599976,231.900009,-4.5,-3.9,0,0,0,1,1,0,1,0,0,0,0,0,0,0,0,0,1
2026-03-22T00:14:40Z,1541.515,5017,-5677.800293,-10102.200195,1441.599976,231.900009,-4.5,-3.9,0,0,0,1,1,0,1,0,0,0,0,0,0,0,0,0,1
2026-03-22T00:14:40Z,1541.757,5018,-5677.800293,-10102.200195,1441.599976,231.900009,-4.5,-3.9,0,0,0,1,1,0,1,0,0,0,0,0,0,0,0,0,1
2026-03-22T00:14:40Z,1542.009,5019,-5677.700195,-10102.200195,1441.599976,231.900009,-5.4,-4.1,0,0,0,1,1,0,1,0,0,0,0,0,0,0,0,0,1
2026-03-22T00:14:40Z,1542.262,5020,-5677.700195,-10102.200195,1441.599976,231.900009,-5.4,-4.1,0,0,0,1,1,0,1,0,0,0,0,0,0,0,0,0,1
2026-03-22T00:14:41Z,1542.510,5021,-5677.700195,-10102.200195,1441.599976,231.900009,-5.4,-4.1,0,0,0,1,1,0,1,0,0,0,0,0,0,0,0,0,1
2026-03-22T00:14:41Z,1542.761,5022,-5677.700195,-10102.200195,1441.599976,231.900009,-5.4,-4.1,0,0,0,1,1,0,1,0,0,0,0,0,0,0,0,0,1
2026-03-22T00:14:41Z,1543.009,5023,-5677.700195,-10102.200195,1441.599976,232.100006,-6.4,-4.6,0,0,0,1,1,0,1,0,0,0,0,0,0,0,0,0,1
2026-03-22T00:14:41Z,1543.253,5024,-5677.700195,-10102.200195,1441.599976,232.100006,-6.4,-4.6,0,0,0,1,1,0,1,0,0,0,0,0,0,0,0,0,1
2026-03-22T00:14:42Z,1543.502,5025,-5677.700195,-10102.200195,1441.599976,232.100006,-6.4,-4.6,0,0,0,1,1,0,1,0,0,0,0,0,0,0,0,0,1
2026-03-22T00:14:42Z,1543.744,5026,-5677.700195,-10102.200195,1441.599976,232.100006,-6.4,-4.6,0,0,0,1,1,0,1,0,0,0,0,0,0,0,0,0,1
2026-03-22T00:14:42Z,1543.986,5027,-5677.700195,-10102.299805,1441.599976,232.199997,-5.8,-4,0,0,0,1,1,0,1,0,0,0,0,0,0,0,0,0,1
2026-03-22T00:14:42Z,1544.257,5028,-5677.700195,-10102.299805,1441.599976,232.199997,-5.8,-4,0,0,0,1,1,0,1,0,0,0,0,0,0,0,0,0,1
2026-03-22T00:14:43Z,1544.501,5029,-5677.700195,-10102.299805,1441.599976,232.199997,-5.8,-4,0,0,0,1,1,0,1,0,0,0,0,0,0,0,0,0,1
2026-03-22T00:14:43Z,1544.749,5030,-5677.700195,-10102.299805,1441.599976,232.199997,-5.8,-4,0,0,0,1,1,0,1,0,0,0,0,0,0,0,0,0,1
2026-03-22T00:14:43Z,1545.000,5031,-5677.700195,-10102.299805,1441.599976,232.300003,-5.5,-4.2,0,0,0,1,1,0,1,0,0,0,0,0,0,0,0,0,1
2026-03-22T00:14:43Z,1545.251,5032,-5677.700195,-10102.299805,1441.599976,232.300003,-5.5,-4.2,0,0,0,1,1,0,1,0,0,0,0,0,0,0,0,0,1
2026-03-22T00:14:44Z,1545.491,5033,-5677.700195,-10102.299805,1441.599976,232.300003,-5.5,-4.2,0,0,0,1,1,0,1,0,0,0,0,0,0,0,0,0,1
2026-03-22T00:14:44Z,1545.723,5034,-5677.700195,-10102.299805,1441.599976,232.300003,-5.5,-4.2,0,0,0,1,1,0,1,0,0,0,0,0,0,0,0,0,1
2026-03-22T00:14:44Z,1545.953,5035,-5677.700195,-10102.299805,1441.599976,232.400009,-5.7,-4.4,0,0,0,1,1,0,1,0,0,0,0,0,0,0,0,0,1
2026-03-22T00:14:44Z,1546.200,5036,-5677.700195,-10102.299805,1441.599976,232.400009,-5.7,-4.4,0,0,0,1,1,0,1,0,0,0,0,0,0,0,0,0,1
2026-03-22T00:14:45Z,1546.442,5037,-5677.700195,-10102.299805,1441.599976,232.400009,-5.7,-4.4,0,0,0,1,1,0,1,0,0,0,0,0,0,0,0,0,1
2026-03-22T00:14:45Z,1546.687,5038,-5677.700195,-10102.299805,1441.599976,232.400009,-5.7,-4.4,0,0,0,1,1,0,1,0,0,0,0,0,0,0,0,0,1
2026-03-22T00:14:45Z,1546.929,5039,-5677.700195,-10102.299805,1441.599976,232.5,-5.9,-4.2,0,0,0,1,1,0,1,0,0,0,0,0,0,0,0,0,1
2026-03-22T00:14:45Z,1547.174,5040,-5677.700195,-10102.299805,1441.599976,232.5,-5.9,-4.2,0,0,0,1,1,0,1,0,0,0,0,0,0,0,0,0,1
2026-03-22T00:14:46Z,1547.421,5041,-5677.700195,-10102.299805,1441.599976,232.5,-5.9,-4.2,0,0,0,1,1,0,1,0,0,0,0,0,0,0,0,0,1
2026-03-22T00:14:46Z,1547.668,5042,-5677.700195,-10102.299805,1441.599976,232.5,-5.9,-4.2,0,0,0,1,1,0,1,0,0,0,0,0,0,0,0,0,1
2026-03-22T00:14:46Z,1547.904,5043,-5677.700195,-10102.200195,1441.599976,232.600006,-6.7,-4.2,0,0,0,1,1,0,1,0,0,0,0,0,0,0,0,0,1
2026-03-22T00:14:46Z,1548.148,5044,-5677.700195,-10102.200195,1441.599976,232.600006,-6.7,-4.2,0,0,0,1,1,0,1,0,0,0,0,0,0,0,0,0,1
2026-03-22T00:14:47Z,1548.409,5045,-5677.700195,-10102.200195,1441.599976,232.600006,-6.7,-4.2,0,0,0,1,1,0,1,0,0,0,0,0,0,0,0,0,1
2026-03-22T00:14:47Z,1548.670,5046,-5677.700195,-10102.200195,1441.599976,232.600006,-6.7,-4.2,0,0,0,1,1,0,1,0,0,0,0,0,0,0,0,0,1
2026-03-22T00:14:47Z,1548.913,5047,-5677.700195,-10102.200195,1441.599976,232.600006,-6.7,-4.2,0,0,0,1,1,0,1,0,0,0,0,0,0,0,0,0,1
2026-03-22T00:14:47Z,1549.155,5048,-5677.5,-10102.100586,1441.599976,232.400009,-7.3,-3.9,0,0,0,1,1,0,1,0,0,0,0,0,0,0,0,0,1
2026-03-22T00:14:48Z,1549.387,5049,-5677.5,-10102.100586,1441.599976,232.400009,-7.3,-3.9,0,0,0,1,1,0,1,0,0,0,0,0,0,0,0,0,1
2026-03-22T00:14:48Z,1549.637,5050,-5677.5,-10102.100586,1441.599976,232.400009,-7.3,-3.9,0,0,0,1,1,0,1,0,0,0,0,0,0,0,0,0,1
2026-03-22T00:14:48Z,1549.892,5051,-5677.300293,-10102,1441.599976,231.900009,-5.8,-3.9,0,0,0,1,1,0,1,0,0,0,0,0,0,0,0,0,1
2026-03-22T00:14:48Z,1550.146,5052,-5677.300293,-10102,1441.599976,231.900009,-5.8,-3.9,0,0,0,1,1,0,1,0,0,0,0,0,0,0,0,0,1
2026-03-22T00:14:49Z,1550.392,5053,-5677.300293,-10102,1441.599976,231.900009,-5.8,-3.9,0,0,0,1,1,0,1,0,0,0,0,0,0,0,0,0,1
2026-03-22T00:14:49Z,1550.627,5054,-5677.300293,-10102,1441.599976,231.900009,-5.8,-3.9,0,0,0,1,1,0,1,0,0,0,0,0,0,0,0,0,1
2026-03-22T00:14:49Z,1550.867,5055,-5677,-10101.700195,1441.700073,232.100006,-3.8,-4.1,0,0,0,1,1,0,1,0,0,0,0,0,0,0,0,0,1
2026-03-22T00:14:49Z,1551.098,5056,-5677,-10101.700195,1441.700073,232.100006,-3.8,-4.1,0,0,0,1,1,0,1,0,0,0,0,0,0,0,0,0,1
2026-03-22T00:14:50Z,1551.325,5057,-5677,-10101.700195,1441.700073,232.100006,-3.8,-4.1,0,0,0,1,1,0,1,0,0,0,0,0,0,0,0,0,1
2026-03-22T00:14:50Z,1551.566,5058,-5677,-10101.700195,1441.700073,232.100006,-3.8,-4.1,0,0,0,1,1,0,1,0,0,0,0,0,0,0,0,0,1
2026-03-22T00:14:50Z,1551.812,5059,-5677,-10101.700195,1441.700073,232.100006,-3.8,-4.1,0,0,0,1,1,0,1,0,0,0,0,0,0,0,0,0,1
2026-03-22T00:14:50Z,1552.090,5060,-5676.600098,-10101.400391,1441.700073,232.699997,-1.5,-3.6,0,0,0,1,1,0,1,0,0,0,0,1,0,0,0,0,1
2026-03-22T00:14:51Z,1552.339,5061,-5676.600098,-10101.400391,1441.700073,232.699997,-1.5,-3.6,0,0,0,1,1,0,1,0,0,0,0,1,0,0,0,0,1
2026-03-22T00:14:51Z,1552.584,5062,-5676.600098,-10101.400391,1441.700073,232.699997,-1.5,-3.6,0,0,0,1,1,0,1,0,0,0,0,1,0,0,0,0,1
2026-03-22T00:14:51Z,1552.832,5063,-5676.600098,-10101.400391,1441.700073,232.699997,-1.5,-3.6,0,0,0,1,1,0,1,0,0,0,0,1,0,0,0,0,1
2026-03-22T00:14:51Z,1553.091,5064,-5676.100098,-10101,1441.800049,233.400009,2.2,-2.7,0,0,0,0,0,0,1,0,0,0,0,0,0,0,0,0,0
2026-03-22T00:14:52Z,1553.343,5065,-5676.100098,-10101,1441.800049,233.400009,2.2,-2.7,0,0,0,0,0,0,1,0,0,0,0,0,0,0,0,0,0
2026-03-22T00:14:52Z,1553.576,5066,-5676.100098,-10101,1441.800049,233.400009,2.2,-2.7,0,0,0,0,0,0,1,0,0,0,0,0,0,0,0,0,0
2026-03-22T00:14:52Z,1553.826,5067,-5676.100098,-10101,1441.800049,233.400009,2.2,-2.7,0,0,0,0,0,0,1,0,0,0,0,0,0,0,0,0,0
2026-03-22T00:14:57Z,1554.077,5068,-5675.600098,-10100.600586,1441.800049,234.5,3.5,-1.2,0,0,0,0,0,0,1,0,0,0,0,0,0,0,0,0,0
2026-03-22T00:14:58Z,1559.326,5069,-5674.300293,-10099.700195,1441.700073,236.600006,-0.5,-1.5,0,0,0,1,0,0,1,0,0,0,0,0,0,0,0,0,1
2026-03-22T00:14:58Z,1559.559,5070,-5674.300293,-10099.700195,1441.700073,236.600006,-0.5,-1.5,0,0,0,1,0,0,1,0,0,0,0,0,0,0,0,0,1
2026-03-22T00:14:58Z,1559.789,5071,-5674.300293,-10099.700195,1441.700073,236.600006,-0.5,-1.5,0,0,0,1,0,0,1,0,0,0,0,0,0,0,0,0,1
2026-03-22T00:14:58Z,1560.049,5072,-5674.399902,-10099.700195,1441.700073,236.5,2.4,-1.5,0,0,0,1,0,0,1,0,0,0,0,1,0,0,0,0,0
2026-03-22T00:14:59Z,1560.294,5073,-5674.399902,-10099.700195,1441.700073,236.5,2.4,-1.5,0,0,0,1,0,0,1,0,0,0,0,1,0,0,0,0,0
2026-03-22T00:14:59Z,1560.532,5074,-5674.399902,-10099.700195,1441.700073,236.5,2.4,-1.5,0,0,0,1,0,0,1,0,0,0,0,1,0,0,0,0,0
2026-03-22T00:14:59Z,1560.765,5075,-5674.399902,-10099.700195,1441.700073,236.5,2.4,-1.5,0,0,0,1,0,0,1,0,0,0,0,1,0,0,0,0,0
2026-03-22T00:14:59Z,1560.998,5076,-5674.399902,-10099.700195,1441.700073,236.5,3.2,-1.7,0,0,0,1,0,0,1,0,0,0,0,1,0,0,0,0,0
2026-03-22T00:14:59Z,1561.232,5077,-5674.399902,-10099.700195,1441.700073,236.5,3.2,-1.7,0,0,0,1,0,0,1,0,0,0,0,1,0,0,0,0,0
2026-03-22T00:15:00Z,1561.465,5078,-5674.399902,-10099.700195,1441.700073,236.5,3.2,-1.7,0,0,0,1,0,0,1,0,0,0,0,1,0,0,0,0,0
2026-03-22T00:15:00Z,1561.702,5079,-5674.399902,-10099.700195,1441.700073,236.5,3.2,-1.7,0,0,0,1,0,0,1,0,0,0,0,1,0,0,0,0,0
2026-03-22T00:15:00Z,1561.940,5080,-5674.399902,-10099.700195,1441.700073,236.800003,1.9,-1.9,0,0,0,1,0,0,1,0,0,0,0,1,0,0,0,0,0
2026-03-22T00:15:00Z,1562.197,5081,-5674.399902,-10099.700195,1441.700073,236.800003,1.9,-1.9,0,0,0,1,0,0,1,0,0,0,0,1,0,0,0,0,0
2026-03-22T00:15:01Z,1562.463,5082,-5674.399902,-10099.700195,1441.700073,236.800003,1.9,-1.9,0,0,0,1,0,0,1,0,0,0,0,1,0,0,0,0,0
2026-03-22T00:15:01Z,1562.725,5083,-5674.399902,-10099.700195,1441.700073,236.800003,1.9,-1.9,0,0,0,1,0,0,1,0,0,0,0,1,0,0,0,0,0
2026-03-22T00:15:01Z,1562.974,5084,-5674.399902,-10099.799805,1441.700073,237,1.9,-1.1,0,0,0,1,0,0,1,0,0,0,0,1,0,0,0,0,0
2026-03-22T00:15:01Z,1563.222,5085,-5674.399902,-10099.799805,1441.700073,237,1.9,-1.1,0,0,0,1,0,0,1,0,0,0,0,1,0,0,0,0,0
2026-03-22T00:15:02Z,1563.523,5086,-5674.399902,-10099.799805,1441.700073,237,1.9,-1.1,0,0,0,1,0,0,1,0,0,0,0,1,0,0,0,0,0
2026-03-22T00:15:02Z,1563.792,5087,-5674.399902,-10099.799805,1441.700073,237,1.9,-1.1,0,0,0,1,0,0,1,0,0,0,0,1,0,0,0,0,0
2026-03-22T00:15:02Z,1564.022,5088,-5674.399902,-10099.799805,1441.700073,237.100006,2,-1,0,0,0,1,0,0,1,0,0,0,0,1,0,0,0,0,0
2026-03-22T00:15:03Z,1564.308,5089,-5674.399902,-10099.799805,1441.700073,237.100006,2,-1,0,0,0,1,0,0,1,0,0,0,0,1,0,0,0,0,0
2026-03-22T00:15:03Z,1564.609,5090,-5674.399902,-10099.799805,1441.700073,237.100006,2,-1,0,0,0,1,0,0,1,0,0,0,0,1,0,0,0,0,0
2026-03-22T00:15:03Z,1564.860,5091,-5674.399902,-10099.799805,1441.700073,237.400009,2,-1.3,0,0,0,1,0,0,1,0,0,0,0,1,0,0,0,0,0
2026-03-22T00:15:03Z,1565.093,5092,-5674.399902,-10099.799805,1441.700073,237.400009,2,-1.3,0,0,0,1,0,0,1,0,0,0,0,1,0,0,0,0,0
2026-03-22T00:15:04Z,1565.344,5093,-5674.399902,-10099.799805,1441.700073,237.400009,2,-1.3,0,0,0,1,0,0,1,0,0,0,0,1,0,0,0,0,0
2026-03-22T00:15:04Z,1565.597,5094,-5674.399902,-10099.799805,1441.700073,237.400009,2,-1.3,0,0,0,1,0,0,1,0,0,0,0,1,0,0,0,0,0
2026-03-22T00:15:04Z,1565.850,5095,-5674.399902,-10099.799805,1441.700073,237.400009,2,-1.3,0,0,0,1,0,0,1,0,0,0,0,1,0,0,0,0,0
2026-03-22T00:15:04Z,1566.135,5096,-5674.399902,-10099.799805,1441.700073,237.600006,2.1,-1.4,0,0,0,1,0,0,1,0,0,0,0,1,0,0,0,0,0
2026-03-22T00:15:05Z,1566.379,5097,-5674.399902,-10099.799805,1441.700073,237.600006,2.1,-1.4,0,0,0,1,0,0,1,0,0,0,0,1,0,0,0,0,0
2026-03-22T00:15:05Z,1566.617,5098,-5674.399902,-10099.799805,1441.700073,237.600006,2.1,-1.4,0,0,0,1,0,0,1,0,0,0,0,1,0,0,0,0,0
2026-03-22T00:15:05Z,1566.852,5099,-5674.399902,-10099.799805,1441.700073,237.800003,2.1,-1.3,0,0,0,1,0,0,1,0,0,0,0,1,0,0,0,0,0
2026-03-22T00:15:05Z,1567.084,5100,-5674.399902,-10099.799805,1441.700073,237.800003,2.1,-1.3,0,0,0,1,0,0,1,0,0,0,0,1,0,0,0,0,0
2026-03-22T00:15:06Z,1567.325,5101,-5674.399902,-10099.799805,1441.700073,237.800003,2.1,-1.3,0,0,0,1,0,0,1,0,0,0,0,1,0,0,0,0,0
2026-03-22T00:15:06Z,1567.591,5102,-5674.399902,-10099.799805,1441.700073,237.800003,2.1,-1.3,0,0,0,1,0,0,1,0,0,0,0,1,0,0,0,0,0
2026-03-22T00:15:06Z,1567.833,5103,-5674.399902,-10099.799805,1441.700073,237.800003,2.1,-1.3,0,0,0,1,0,0,1,0,0,0,0,1,0,0,0,0,0
2026-03-22T00:15:06Z,1568.093,5104,-5674.399902,-10099.799805,1441.700073,238,2,-1.2,0,0,0,1,0,0,1,0,0,0,0,1,0,0,0,0,0
2026-03-22T00:15:07Z,1568.323,5105,-5674.399902,-10099.799805,1441.700073,238,2,-1.2,0,0,0,1,0,0,1,0,0,0,0,1,0,0,0,0,0
2026-03-22T00:15:07Z,1568.561,5106,-5674.399902,-10099.799805,1441.700073,238,2,-1.2,0,0,0,1,0,0,1,0,0,0,0,1,0,0,0,0,0
2026-03-22T00:15:07Z,1568.828,5107,-5674.399902,-10099.799805,1441.700073,238,2,-1.2,0,0,0,1,0,0,1,0,0,0,0,1,0,0,0,0,0
2026-03-22T00:15:07Z,1569.104,5108,-5674.399902,-10099.799805,1441.700073,238.300003,2.1,-1.2,0,0,0,1,0,0,1,0,0,0,0,1,0,0,0,0,0
2026-03-22T00:15:08Z,1569.351,5109,-5674.399902,-10099.799805,1441.700073,238.300003,2.1,-1.2,0,0,0,1,0,0,1,0,0,0,0,1,0,0,0,0,0
2026-03-22T00:15:08Z,1569.599,5110,-5674.399902,-10099.799805,1441.700073,238.300003,2.1,-1.2,0,0,0,1,0,0,1,0,0,0,0,1,0,0,0,0,0
2026-03-22T00:15:08Z,1569.840,5111,-5674.399902,-10099.799805,1441.700073,238.300003,2.1,-1.2,0,0,0,1,0,0,1,0,0,0,0,1,0,0,0,0,0
2026-03-22T00:15:08Z,1570.096,5112,-5674.5,-10099.799805,1441.700073,238.5,2.1,-1.3,0,0,0,1,0,0,1,0,0,0,0,1,0,0,0,0,0
2026-03-22T00:15:09Z,1570.327,5113,-5674.5,-10099.799805,1441.700073,238.5,2.1,-1.3,0,0,0,1,0,0,1,0,0,0,0,1,0,0,0,0,0
2026-03-22T00:15:09Z,1570.568,5114,-5674.5,-10099.799805,1441.700073,238.5,2.1,-1.3,0,0,0,1,0,0,1,0,0,0,0,1,0,0,0,0,0
2026-03-22T00:15:09Z,1570.827,5115,-5674.5,-10099.799805,1441.700073,238.699997,2.1,-1.2,0,0,0,1,0,0,1,0,0,0,0,1,0,0,0,0,0
2026-03-22T00:15:09Z,1571.057,5116,-5674.5,-10099.799805,1441.700073,238.699997,2.1,-1.2,0,0,0,1,0,0,1,0,0,0,0,1,0,0,0,0,0
2026-03-22T00:15:10Z,1571.323,5117,-5674.5,-10099.799805,1441.700073,238.699997,2.1,-1.2,0,0,0,1,0,0,1,0,0,0,0,1,0,0,0,0,0
2026-03-22T00:15:10Z,1571.558,5118,-5674.5,-10099.799805,1441.700073,238.699997,2.1,-1.2,0,0,0,1,0,0,1,0,0,0,0,1,0,0,0,0,0
2026-03-22T00:15:10Z,1571.804,5119,-5674.5,-10099.799805,1441.700073,238.699997,2.1,-1.2,0,0,0,1,0,0,1,0,0,0,0,1,0,0,0,0,0
2026-03-22T00:15:10Z,1572.035,5120,-5674.5,-10099.799805,1441.700073,238.900009,2.1,-1.2,0,0,0,1,0,0,1,0,0,0,0,1,0,0,0,0,0
2026-03-22T00:15:10Z,1572.268,5121,-5674.5,-10099.799805,1441.700073,238.900009,2.1,-1.2,0,0,0,1,0,0,1,0,0,0,0,1,0,0,0,0,0
2026-03-22T00:15:11Z,1572.507,5122,-5674.5,-10099.799805,1441.700073,238.900009,2.1,-1.2,0,0,0,1,0,0,1,0,0,0,0,1,0,0,0,0,0
2026-03-22T00:15:11Z,1572.902,5123,-5674.5,-10099.799805,1441.700073,239.100006,2.1,-1.2,0,0,0,1,0,0,1,0,0,0,0,1,0,0,0,0,0
2026-03-22T00:15:11Z,1573.211,5124,-5674.5,-10099.799805,1441.700073,239.100006,2.1,-1.2,0,0,0,1,0,0,1,0,0,0,0,1,0,0,0,0,0
2026-03-22T00:15:12Z,1573.450,5125,-5674.5,-10099.799805,1441.700073,239.100006,2.1,-1.2,0,0,0,1,0,0,1,0,0,0,0,1,0,0,0,0,0
2026-03-22T00:15:12Z,1573.686,5126,-5674.5,-10099.799805,1441.700073,239.100006,2.1,-1.2,0,0,0,1,0,0,1,0,0,0,0,1,0,0,0,0,0
2026-03-22T00:15:12Z,1573.922,5127,-5674.5,-10099.900391,1441.700073,239.400009,2.2,-1.3,0,0,0,1,0,0,1,0,0,0,0,0,0,0,0,0,0
2026-03-22T00:15:12Z,1574.214,5128,-5674.5,-10099.900391,1441.700073,239.400009,2.2,-1.3,0,0,0,1,0,0,1,0,0,0,0,0,0,0,0,0,0
2026-03-22T00:15:13Z,1574.472,5129,-5674.5,-10099.900391,1441.700073,239.400009,2.2,-1.3,0,0,0,1,0,0,1,0,0,0,0,0,0,0,0,0,0
2026-03-22T00:15:13Z,1574.709,5130,-5674.5,-10099.900391,1441.700073,239.400009,2.2,-1.3,0,0,0,1,0,0,1,0,0,0,0,0,0,0,0,0,0
2026-03-22T00:15:13Z,1574.945,5131,-5674.5,-10099.900391,1441.700073,239.600006,2.1,-1.2,0,0,0,1,0,0,1,0,0,0,0,0,0,0,0,0,0
2026-03-22T00:15:13Z,1575.202,5132,-5674.5,-10099.900391,1441.700073,239.600006,2.1,-1.2,0,0,0,1,0,0,1,0,0,0,0,0,0,0,0,0,0
2026-03-22T00:15:14Z,1575.473,5133,-5674.5,-10099.900391,1441.700073,239.600006,2.1,-1.2,0,0,0,1,0,0,1,0,0,0,0,0,0,0,0,0,0
2026-03-22T00:15:14Z,1575.944,5134,-5674.5,-10099.900391,1441.700073,239.900009,2.1,-1.2,0,0,0,1,0,0,1,0,0,0,0,0,0,0,0,0,0
2026-03-22T00:15:14Z,1576.243,5135,-5674.5,-10099.900391,1441.700073,239.900009,2.1,-1.2,0,0,0,1,0,0,1,0,0,0,0,0,0,0,0,0,0
2026-03-22T00:15:15Z,1576.487,5136,-5674.5,-10099.900391,1441.700073,239.900009,2.1,-1.2,0,0,0,1,0,0,1,0,0,0,0,0,0,0,0,0,0
2026-03-22T00:15:15Z,1576.724,5137,-5674.5,-10099.900391,1441.700073,239.900009,2.1,-1.2,0,0,0,1,0,0,1,0,0,0,0,0,0,0,0,0,0
2026-03-22T00:15:15Z,1576.970,5138,-5674.5,-10099.900391,1441.700073,240.100006,2.1,-1.2,0,0,0,1,0,0,1,0,0,0,0,0,0,0,0,0,0
2026-03-22T00:15:15Z,1577.232,5139,-5674.5,-10099.900391,1441.700073,240.100006,2.1,-1.2,0,0,0,1,0,0,1,0,0,0,0,0,0,0,0,0,0
2026-03-22T00:15:16Z,1577.471,5140,-5674.5,-10099.900391,1441.700073,240.100006,2.1,-1.2,0,0,0,1,0,0,1,0,0,0,0,0,0,0,0,0,0
2026-03-22T00:15:16Z,1577.720,5141,-5674.5,-10099.900391,1441.700073,240.100006,2.1,-1.2,0,0,0,1,0,0,1,0,0,0,0,0,0,0,0,0,0
2026-03-22T00:15:16Z,1577.948,5142,-5674.5,-10099.900391,1441.700073,240.400009,2.1,-1.2,0,0,0,1,0,0,1,0,0,0,0,0,0,0,0,0,0
2026-03-22T00:15:17Z,1578.299,5143,-5674.5,-10099.900391,1441.700073,240.400009,2.1,-1.2,0,0,0,1,0,0,1,0,0,0,0,0,0,0,0,0,0
2026-03-22T00:15:17Z,1578.809,5144,-5674.5,-10099.900391,1441.700073,240.400009,2.1,-1.2,0,0,0,1,0,0,1,0,0,0,0,0,0,0,0,0,0
2026-03-22T00:15:17Z,1579.043,5145,-5674.5,-10099.900391,1441.700073,240.600006,2.1,-1.2,0,0,0,1,0,0,1,0,0,0,0,0,0,0,0,0,0
2026-03-22T00:15:17Z,1579.273,5146,-5674.5,-10099.900391,1441.700073,240.600006,2.1,-1.2,0,0,0,1,0,0,1,0,0,0,0,0,0,0,0,0,0
2026-03-22T00:15:18Z,1579.525,5147,-5674.5,-10099.900391,1441.700073,240.600006,2.1,-1.2,0,0,0,1,0,0,1,0,0,0,0,0,0,0,0,0,0
2026-03-22T00:15:18Z,1579.757,5148,-5674.5,-10099.900391,1441.700073,240.600006,2.1,-1.2,0,0,0,1,0,0,1,0,0,0,0,0,0,0,0,0,0
2026-03-22T00:15:18Z,1579.994,5149,-5674.5,-10099.900391,1441.700073,240.800003,2.1,-1.1,0,0,0,1,0,0,1,0,0,0,0,0,0,0,0,0,0
2026-03-22T00:15:18Z,1580.244,5150,-5674.5,-10099.900391,1441.700073,240.800003,2.1,-1.1,0,0,0,1,0,0,1,0,0,0,0,0,0,0,0,0,0
2026-03-22T00:15:19Z,1580.503,5151,-5674.5,-10099.900391,1441.700073,240.800003,2.1,-1.1,0,0,0,1,0,0,1,0,0,0,0,0,0,0,0,0,0
2026-03-22T00:15:19Z,1580.739,5152,-5674.5,-10099.900391,1441.700073,240.800003,2.1,-1.1,0,0,0,1,0,0,1,0,0,0,0,0,0,0,0,0,0
2026-03-22T00:15:19Z,1580.971,5153,-5674.600098,-10099.900391,1441.700073,241.100006,2.2,-1.2,0,0,0,1,0,0,1,0,0,0,0,0,0,0,0,0,0
2026-03-22T00:15:19Z,1581.230,5154,-5674.600098,-10099.900391,1441.700073,241.100006,2.2,-1.2,0,0,0,1,0,0,1,0,0,0,0,0,0,0,0,0,0
2026-03-22T00:15:20Z,1581.473,5155,-5674.600098,-10099.900391,1441.700073,241.100006,2.2,-1.2,0,0,0,1,0,0,1,0,0,0,0,0,0,0,0,0,0
2026-03-22T00:15:20Z,1581.760,5156,-5674.600098,-10099.900391,1441.700073,241.100006,2.2,-1.2,0,0,0,1,0,0,1,0,0,0,0,0,0,0,0,0,0
2026-03-22T00:15:20Z,1582.026,5157,-5674.600098,-10099.900391,1441.700073,241.300003,2.1,-1.2,0,0,0,1,0,0,1,0,0,0,0,0,0,0,0,0,0
2026-03-22T00:15:20Z,1582.261,5158,-5674.600098,-10099.900391,1441.700073,241.300003,2.1,-1.2,0,0,0,1,0,0,1,0,0,0,0,0,0,0,0,0,0
2026-03-22T00:15:21Z,1582.506,5159,-5674.600098,-10099.900391,1441.700073,241.300003,2.1,-1.2,0,0,0,1,0,0,1,0,0,0,0,0,0,0,0,0,0
2026-03-22T00:15:21Z,1582.737,5160,-5674.600098,-10099.900391,1441.700073,241.300003,2.1,-1.2,0,0,0,1,0,0,1,0,0,0,0,0,0,0,0,0,0
2026-03-22T00:15:21Z,1582.974,5161,-5674.600098,-10099.900391,1441.700073,241.600006,2.1,-1.2,0,0,0,1,0,0,1,0,0,0,0,0,0,0,0,0,0
2026-03-22T00:15:21Z,1583.228,5162,-5674.600098,-10099.900391,1441.700073,241.600006,2.1,-1.2,0,0,0,1,0,0,1,0,0,0,0,0,0,0,0,0,0
2026-03-22T00:15:22Z,1583.463,5163,-5674.600098,-10099.900391,1441.700073,241.600006,2.1,-1.2,0,0,0,1,0,0,1,0,0,0,0,0,0,0,0,0,0
2026-03-22T00:15:22Z,1583.705,5164,-5674.600098,-10099.900391,1441.700073,241.600006,2.1,-1.2,0,0,0,1,0,0,1,0,0,0,0,0,0,0,0,0,0
2026-03-22T00:15:22Z,1583.945,5165,-5674.600098,-10099.900391,1441.700073,241.800003,2.2,-1.1,0,0,0,1,0,0,1,0,0,0,0,0,0,0,0,0,0
2026-03-22T00:15:22Z,1584.200,5166,-5674.600098,-10099.900391,1441.700073,241.800003,2.2,-1.1,0,0,0,1,0,0,1,0,0,0,0,0,0,0,0,0,0
2026-03-22T00:15:23Z,1584.459,5167,-5674.600098,-10099.900391,1441.700073,241.800003,2.2,-1.1,0,0,0,1,0,0,1,0,0,0,0,0,0,0,0,0,0
2026-03-22T00:15:23Z,1584.704,5168,-5674.600098,-10099.900391,1441.700073,241.800003,2.2,-1.1,0,0,0,1,0,0,1,0,0,0,0,0,0,0,0,0,0
2026-03-22T00:15:23Z,1584.941,5169,-5674.600098,-10100,1441.700073,242.100006,2.2,-1.1,0,0,0,1,0,0,1,0,0,0,0,0,0,0,0,0,0
2026-03-22T00:15:23Z,1585.205,5170,-5674.600098,-10100,1441.700073,242.100006,2.2,-1.1,0,0,0,1,0,0,1,0,0,0,0,0,0,0,0,0,0
2026-03-22T00:15:24Z,1585.448,5171,-5674.600098,-10100,1441.700073,242.100006,2.2,-1.1,0,0,0,1,0,0,1,0,0,0,0,0,0,0,0,0,0
2026-03-22T00:15:24Z,1585.711,5172,-5674.600098,-10100,1441.700073,242.100006,2.2,-1.1,0,0,0,1,0,0,1,0,0,0,0,0,0,0,0,0,0
2026-03-22T00:15:24Z,1585.971,5173,-5674.600098,-10100,1441.700073,242.300003,2.2,-1.1,0,0,0,1,0,0,1,0,0,0,0,0,0,0,0,0,0
2026-03-22T00:15:24Z,1586.202,5174,-5674.600098,-10100,1441.700073,242.300003,2.2,-1.1,0,0,0,1,0,0,1,0,0,0,0,0,0,0,0,0,0
2026-03-22T00:15:25Z,1586.439,5175,-5674.600098,-10100,1441.700073,242.300003,2.2,-1.1,0,0,0,1,0,0,1,0,0,0,0,0,0,0,0,0,0
2026-03-22T00:15:25Z,1586.700,5176,-5674.600098,-10100,1441.700073,242.300003,2.2,-1.1,0,0,0,1,0,0,1,0,0,0,0,0,0,0,0,0,0
2026-03-22T00:15:25Z,1586.939,5177,-5674.600098,-10100,1441.700073,242.600006,2.2,-1.1,0,0,0,1,0,0,1,0,0,0,0,0,0,0,0,0,0
2026-03-22T00:15:25Z,1587.193,5178,-5674.600098,-10100,1441.700073,242.600006,2.2,-1.1,0,0,0,1,0,0,1,0,0,0,0,0,0,0,0,0,0
2026-03-22T00:15:26Z,1587.451,5179,-5674.600098,-10100,1441.700073,242.600006,2.2,-1.1,0,0,0,1,0,0,1,0,0,0,0,0,0,0,0,0,0
2026-03-22T00:15:26Z,1587.688,5180,-5674.600098,-10100,1441.700073,242.600006,2.2,-1.1,0,0,0,1,0,0,1,0,0,0,0,0,0,0,0,0,0
2026-03-22T00:15:26Z,1587.922,5181,-5674.600098,-10100,1441.700073,242.800003,2.2,-1.1,0,0,0,1,0,0,1,0,0,0,0,0,0,0,0,0,0
2026-03-22T00:15:26Z,1588.153,5182,-5674.600098,-10100,1441.700073,242.800003,2.2,-1.1,0,0,0,1,0,0,1,0,0,0,0,0,0,0,0,0,0
2026-03-22T00:15:27Z,1588.385,5183,-5674.600098,-10100,1441.700073,242.800003,2.2,-1.1,0,0,0,1,0,0,1,0,0,0,0,0,0,0,0,0,0
2026-03-22T00:15:27Z,1588.636,5184,-5674.600098,-10100,1441.700073,242.800003,2.2,-1.1,0,0,0,1,0,0,1,0,0,0,0,0,0,0,0,0,0
2026-03-22T00:15:27Z,1588.874,5185,-5674.600098,-10100,1441.700073,243.100006,2.2,-1.1,0,0,0,1,0,0,1,0,0,0,0,0,0,0,0,0,0
2026-03-22T00:15:27Z,1589.118,5186,-5674.600098,-10100,1441.700073,243.100006,2.2,-1.1,0,0,0,1,0,0,1,0,0,0,0,0,0,0,0,0,0
2026-03-22T00:15:28Z,1589.360,5187,-5674.600098,-10100,1441.700073,243.100006,2.2,-1.1,0,0,0,1,0,0,1,0,0,0,0,0,0,0,0,0,0
2026-03-22T00:15:28Z,1589.607,5188,-5674.600098,-10100,1441.700073,243.100006,2.2,-1.1,0,0,0,1,0,0,1,0,0,0,0,0,0,0,0,0,0
2026-03-22T00:15:28Z,1589.861,5189,-5674.600098,-10100,1441.700073,243.300003,2.2,-1.1,0,0,0,1,0,0,1,0,0,0,0,0,0,0,0,0,0
2026-03-22T00:15:28Z,1590.098,5190,-5674.600098,-10100,1441.700073,243.300003,2.2,-1.1,0,0,0,1,0,0,1,0,0,0,0,0,0,0,0,0,0
2026-03-22T00:15:29Z,1590.336,5191,-5674.600098,-10100,1441.700073,243.300003,2.2,-1.1,0,0,0,1,0,0,1,0,0,0,0,0,0,0,0,0,0
2026-03-22T00:15:29Z,1590.578,5192,-5674.600098,-10100,1441.700073,243.300003,2.2,-1.1,0,0,0,1,0,0,1,0,0,0,0,0,0,0,0,0,0
2026-03-22T00:15:29Z,1590.816,5193,-5674.600098,-10100,1441.700073,243.300003,2.2,-1.1,0,0,0,1,0,0,1,0,0,0,0,0,0,0,0,0,0
2026-03-22T00:15:29Z,1591.057,5194,-5674.700195,-10100,1441.700073,243.600006,2.2,-1.1,0,0,0,1,0,1,1,0,0,0,0,0,0,0,0,0,0
2026-03-22T00:15:30Z,1591.291,5195,-5674.700195,-10100,1441.700073,243.600006,2.2,-1.1,0,0,0,1,0,1,1,0,0,0,0,0,0,0,0,0,0
2026-03-22T00:15:30Z,1591.546,5196,-5674.700195,-10100,1441.700073,243.600006,2.2,-1.1,0,0,0,1,0,1,1,0,0,0,0,0,0,0,0,0,0
2026-03-22T00:15:30Z,1591.789,5197,-5674.700195,-10100,1441.700073,243.600006,2.2,-1.1,0,0,0,1,0,1,1,0,0,0,0,0,0,0,0,0,0
2026-03-22T00:15:30Z,1592.025,5198,-5674.700195,-10100,1441.700073,243.800003,2.2,-1.1,0,0,0,1,0,1,1,0,0,0,0,0,0,0,0,0,0
2026-03-22T00:15:30Z,1592.264,5199,-5674.700195,-10100,1441.700073,243.800003,2.2,-1.1,0,0,0,1,0,1,1,0,0,0,0,0,0,0,0,0,0
2026-03-22T00:15:31Z,1592.512,5200,-5674.700195,-10100,1441.700073,243.800003,2.2,-1.1,0,0,0,1,0,1,1,0,0,0,0,0,0,0,0,0,0
2026-03-22T00:15:31Z,1592.756,5201,-5674.700195,-10100,1441.700073,243.800003,2.2,-1.1,0,0,0,1,0,1,1,0,0,0,0,0,0,0,0,0,0
2026-03-22T00:15:31Z,1593.001,5202,-5674.700195,-10100,1441.700073,244.100006,2.2,-1,0,0,0,1,0,1,1,0,0,0,0,0,0,0,0,0,0
2026-03-22T00:15:31Z,1593.287,5203,-5674.700195,-10100,1441.700073,244.100006,2.2,-1,0,0,0,1,0,1,1,0,0,0,0,0,0,0,0,0,0
2026-03-22T00:15:32Z,1593.514,5204,-5674.700195,-10100,1441.700073,244.100006,2.2,-1,0,0,0,1,0,1,1,0,0,0,0,0,0,0,0,0,0
2026-03-22T00:15:32Z,1593.760,5205,-5674.700195,-10100,1441.700073,244.100006,2.2,-1,0,0,0,1,0,1,1,0,0,0,0,0,0,0,0,0,0
2026-03-22T00:15:32Z,1593.997,5206,-5674.700195,-10100,1441.700073,244.400009,2.2,-1.1,0,0,0,1,0,1,1,0,0,0,0,0,0,0,0,0,0
2026-03-22T00:15:32Z,1594.242,5207,-5674.700195,-10100,1441.700073,244.400009,2.2,-1.1,0,0,0,1,0,1,1,0,0,0,0,0,0,0,0,0,0
2026-03-22T00:15:33Z,1594.487,5208,-5674.700195,-10100,1441.700073,244.400009,2.2,-1.1,0,0,0,1,0,1,1,0,0,0,0,0,0,0,0,0,0
2026-03-22T00:15:33Z,1594.721,5209,-5674.700195,-10100,1441.700073,244.400009,2.2,-1.1,0,0,0,1,0,1,1,0,0,0,0,0,0,0,0,0,0
2026-03-22T00:15:33Z,1594.964,5210,-5674.700195,-10100,1441.700073,244.600006,2.2,-1.1,0,0,0,1,0,1,1,0,0,0,0,0,0,0,0,0,0
2026-03-22T00:15:34Z,1595.371,5211,-5674.700195,-10100,1441.700073,244.600006,2.2,-1.1,0,0,0,1,0,1,1,0,0,0,0,0,0,0,0,0,0
2026-03-22T00:15:34Z,1595.640,5212,-5674.700195,-10100,1441.700073,244.600006,2.2,-1.1,0,0,0,1,0,1,1,0,0,0,0,0,0,0,0,0,0
2026-03-22T00:15:34Z,1595.895,5213,-5674.700195,-10100.100586,1441.700073,245,2.2,-1,0,0,0,1,0,1,1,0,0,0,0,0,0,0,0,0,0
2026-03-22T00:15:34Z,1596.133,5214,-5674.700195,-10100.100586,1441.700073,245,2.2,-1,0,0,0,1,0,1,1,0,0,0,0,0,0,0,0,0,0
2026-03-22T00:15:35Z,1596.361,5215,-5674.700195,-10100.100586,1441.700073,245,2.2,-1,0,0,0,1,0,1,1,0,0,0,0,0,0,0,0,0,0
2026-03-22T00:15:35Z,1596.606,5216,-5674.700195,-10100.100586,1441.700073,245,2.2,-1,0,0,0,1,0,1,1,0,0,0,0,0,0,0,0,0,0
2026-03-22T00:15:35Z,1596.867,5217,-5674.700195,-10100.100586,1441.700073,245.199997,2.2,-1,0,0,0,1,0,1,1,0,0,0,0,0,0,0,0,0,0
2026-03-22T00:15:35Z,1597.099,5218,-5674.700195,-10100.100586,1441.700073,245.199997,2.2,-1,0,0,0,1,0,1,1,0,0,0,0,0,0,0,0,0,0
2026-03-22T00:15:36Z,1597.346,5219,-5674.700195,-10100.100586,1441.700073,245.199997,2.2,-1,0,0,0,1,0,1,1,0,0,0,0,0,0,0,0,0,0
2026-03-22T00:15:36Z,1597.596,5220,-5674.700195,-10100.100586,1441.700073,245.199997,2.2,-1,0,0,0,1,0,1,1,0,0,0,0,0,0,0,0,0,0
2026-03-22T00:15:36Z,1597.929,5221,-5674.700195,-10100.100586,1441.700073,245.5,2.2,-1,0,0,0,1,0,1,1,0,0,0,0,0,0,0,0,0,0
2026-03-22T00:15:36Z,1598.199,5222,-5674.700195,-10100.100586,1441.700073,245.5,2.2,-1,0,0,0,1,0,1,1,0,0,0,0,0,0,0,0,0,0
2026-03-22T00:15:37Z,1598.444,5223,-5674.700195,-10100.100586,1441.700073,245.5,2.2,-1,0,0,0,1,0,1,1,0,0,0,0,0,0,0,0,0,0
2026-03-22T00:15:37Z,1598.747,5224,-5674.700195,-10100.100586,1441.700073,245.5,2.2,-1,0,0,0,1,0,1,1,0,0,0,0,0,0,0,0,0,0
2026-03-22T00:15:37Z,1599.020,5225,-5674.700195,-10100.100586,1441.700073,245.800003,2.2,-1,0,0,0,1,0,1,1,0,0,0,0,0,0,0,0,0,0
2026-03-22T00:15:37Z,1599.265,5226,-5674.700195,-10100.100586,1441.700073,245.800003,2.2,-1,0,0,0,1,0,1,1,0,0,0,0,0,0,0,0,0,0
2026-03-22T00:15:38Z,1599.510,5227,-5674.700195,-10100.100586,1441.700073,245.800003,2.2,-1,0,0,0,1,0,1,1,0,0,0,0,0,0,0,0,0,0
2026-03-22T00:15:38Z,1599.761,5228,-5674.700195,-10100.100586,1441.700073,245.800003,2.2,-1,0,0,0,1,0,1,1,0,0,0,0,0,0,0,0,0,0
2026-03-22T00:15:38Z,1600.020,5229,-5674.800293,-10100.100586,1441.700073,246,2.3,-1,0,0,0,1,0,1,1,0,0,0,0,0,0,0,0,0,0
2026-03-22T00:15:39Z,1600.285,5230,-5674.800293,-10100.100586,1441.700073,246,2.3,-1,0,0,0,1,0,1,1,0,0,0,0,0,0,0,0,0,0
2026-03-22T00:15:39Z,1600.535,5231,-5674.800293,-10100.100586,1441.700073,246,2.3,-1,0,0,0,1,0,1,1,0,0,0,0,0,0,0,0,0,0
2026-03-22T00:15:39Z,1600.793,5232,-5674.800293,-10100.100586,1441.700073,246,2.3,-1,0,0,0,1,0,1,1,0,0,0,0,0,0,0,0,0,0
2026-03-22T00:15:39Z,1601.034,5233,-5674.800293,-10100.100586,1441.700073,246.300003,2.3,-1,0,0,0,1,0,1,1,0,0,0,0,0,0,0,0,0,0
2026-03-22T00:15:39Z,1601.276,5234,-5674.800293,-10100.100586,1441.700073,246.300003,2.3,-1,0,0,0,1,0,1,1,0,0,0,0,0,0,0,0,0,0
2026-03-22T00:15:40Z,1601.502,5235,-5674.800293,-10100.100586,1441.700073,246.300003,2.3,-1,0,0,0,1,0,1,1,0,0,0,0,0,0,0,0,0,0
2026-03-22T00:15:40Z,1601.753,5236,-5674.800293,-10100.100586,1441.700073,246.300003,2.3,-1,0,0,0,1,0,1,1,0,0,0,0,0,0,0,0,0,0
2026-03-22T00:15:40Z,1602.004,5237,-5674.800293,-10100.100586,1441.700073,246.600006,2.3,-1,0,0,0,1,0,1,1,0,0,0,0,0,0,0,0,0,0
2026-03-22T00:15:40Z,1602.248,5238,-5674.800293,-10100.100586,1441.700073,246.600006,2.3,-1,0,0,0,1,0,1,1,0,0,0,0,0,0,0,0,0,0
2026-03-22T00:15:41Z,1602.492,5239,-5674.800293,-10100.100586,1441.700073,246.600006,2.3,-1,0,0,0,1,0,1,1,0,0,0,0,0,0,0,0,0,0
2026-03-22T00:15:41Z,1602.745,5240,-5674.800293,-10100.100586,1441.700073,246.600006,2.3,-1,0,0,0,1,0,1,1,0,0,0,0,0,0,0,0,0,0
2026-03-22T00:15:41Z,1602.985,5241,-5674.800293,-10100.100586,1441.700073,246.900009,2.3,-1,0,0,0,1,0,1,1,0,0,0,0,0,0,0,0,0,0
2026-03-22T00:15:41Z,1603.251,5242,-5674.800293,-10100.100586,1441.700073,246.900009,2.3,-1,0,0,0,1,0,1,1,0,0,0,0,0,0,0,0,0,0
2026-03-22T00:15:42Z,1603.501,5243,-5674.800293,-10100.100586,1441.700073,246.900009,2.3,-1,0,0,0,1,0,1,1,0,0,0,0,0,0,0,0,0,0
2026-03-22T00:15:42Z,1603.750,5244,-5674.800293,-10100.100586,1441.700073,246.900009,2.3,-1,0,0,0,1,0,1,1,0,0,0,0,0,0,0,0,0,0
2026-03-22T00:15:42Z,1604.007,5245,-5674.800293,-10100.100586,1441.700073,247.199997,2.3,-1,0,0,0,1,0,1,1,0,0,0,0,0,0,0,0,0,0
2026-03-22T00:15:42Z,1604.258,5246,-5674.800293,-10100.100586,1441.700073,247.199997,2.3,-1,0,0,0,1,0,1,1,0,0,0,0,0,0,0,0,0,0
2026-03-22T00:15:43Z,1604.498,5247,-5674.800293,-10100.100586,1441.700073,247.199997,2.3,-1,0,0,0,1,0,1,1,0,0,0,0,0,0,0,0,0,0
2026-03-22T00:15:43Z,1604.726,5248,-5674.800293,-10100.100586,1441.700073,247.199997,2.3,-1,0,0,0,1,0,1,1,0,0,0,0,0,0,0,0,0,0
2026-03-22T00:15:43Z,1604.982,5249,-5674.800293,-10100.100586,1441.700073,247.400009,2.3,-1,0,0,0,1,0,1,1,0,0,0,0,0,0,0,0,0,0
2026-03-22T00:15:43Z,1605.245,5250,-5674.800293,-10100.100586,1441.700073,247.400009,2.3,-1,0,0,0,1,0,1,1,0,0,0,0,0,0,0,0,0,0
2026-03-22T00:15:44Z,1605.485,5251,-5674.800293,-10100.100586,1441.700073,247.400009,2.3,-1,0,0,0,1,0,1,1,0,0,0,0,0,0,0,0,0,0
2026-03-22T00:15:44Z,1605.713,5252,-5674.800293,-10100.100586,1441.700073,247.400009,2.3,-1,0,0,0,1,0,1,1,0,0,0,0,0,0,0,0,0,0
2026-03-22T00:15:45Z,1606.209,5253,-5674.800293,-10100.100586,1441.700073,247.800003,2.3,-1,0,0,0,1,0,1,1,0,0,0,0,0,0,0,0,0,0
2026-03-22T00:15:45Z,1606.688,5254,-5674.800293,-10100.100586,1441.700073,247.800003,2.3,-1,0,0,0,1,0,1,1,0,0,0,0,0,0,0,0,0,0
2026-03-22T00:15:45Z,1606.938,5255,-5674.800293,-10100.100586,1441.700073,248.100006,2.3,-1,0,0,0,1,0,1,1,0,0,0,0,0,0,0,0,0,0
2026-03-22T00:15:45Z,1607.171,5256,-5674.800293,-10100.100586,1441.700073,248.100006,2.3,-1,0,0,0,1,0,1,1,0,0,0,0,0,0,0,0,0,0
2026-03-22T00:15:46Z,1607.413,5257,-5674.800293,-10100.100586,1441.700073,248.100006,2.3,-1,0,0,0,1,0,1,1,0,0,0,0,0,0,0,0,0,0
2026-03-22T00:15:46Z,1607.678,5258,-5674.800293,-10100.100586,1441.700073,248.100006,2.3,-1,0,0,0,1,0,1,1,0,0,0,0,0,0,0,0,0,0
2026-03-22T00:15:46Z,1607.935,5259,-5674.800293,-10100.200195,1441.700073,248.400009,2.3,-1,0,0,0,1,0,1,1,0,0,0,0,0,0,0,0,0,0
2026-03-22T00:15:46Z,1608.175,5260,-5674.800293,-10100.200195,1441.700073,248.400009,2.3,-1,0,0,0,1,0,1,1,0,0,0,0,0,0,0,0,0,0
2026-03-22T00:15:47Z,1608.427,5261,-5674.800293,-10100.200195,1441.700073,248.400009,2.3,-1,0,0,0,1,0,1,1,0,0,0,0,0,0,0,0,0,0
2026-03-22T00:15:47Z,1608.679,5262,-5674.800293,-10100.200195,1441.700073,248.400009,2.3,-1,0,0,0,1,0,1,1,0,0,0,0,0,0,0,0,0,0
2026-03-22T00:15:47Z,1608.925,5263,-5674.899902,-10100.200195,1441.700073,248.699997,2.3,-0.9,0,0,0,1,0,1,1,0,0,0,0,0,0,0,0,0,0
2026-03-22T00:15:47Z,1609.162,5264,-5674.899902,-10100.200195,1441.700073,248.699997,2.3,-0.9,0,0,0,1,0,1,1,0,0,0,0,0,0,0,0,0,0
2026-03-22T00:15:48Z,1609.412,5265,-5674.899902,-10100.200195,1441.700073,248.699997,2.3,-0.9,0,0,0,1,0,1,1,0,0,0,0,0,0,0,0,0,0
2026-03-22T00:15:48Z,1609.656,5266,-5674.899902,-10100.200195,1441.700073,248.699997,2.3,-0.9,0,0,0,1,0,1,1,0,0,0,0,0,0,0,0,0,0
2026-03-22T00:15:48Z,1609.890,5267,-5674.899902,-10100.200195,1441.700073,249,2.3,-0.9,0,0,0,1,0,1,1,0,0,0,0,0,0,0,0,0,0
2026-03-22T00:15:48Z,1610.134,5268,-5674.899902,-10100.200195,1441.700073,249,2.3,-0.9,0,0,0,1,0,1,1,0,0,0,0,0,0,0,0,0,0
2026-03-22T00:15:49Z,1610.366,5269,-5674.899902,-10100.200195,1441.700073,249,2.3,-0.9,0,0,0,1,0,1,1,0,0,0,0,0,0,0,0,0,0
2026-03-22T00:15:49Z,1610.607,5270,-5674.899902,-10100.200195,1441.700073,249,2.3,-0.9,0,0,0,1,0,1,1,0,0,0,0,0,0,0,0,0,0
2026-03-22T00:15:49Z,1610.857,5271,-5674.899902,-10100.200195,1441.700073,249,2.3,-0.9,0,0,0,1,0,1,1,0,0,0,0,0,0,0,0,0,0
2026-03-22T00:15:49Z,1611.101,5272,-5674.899902,-10100.200195,1441.700073,249.300003,2.4,-0.9,0,0,0,1,0,1,1,0,0,0,0,0,0,0,0,0,0
2026-03-22T00:15:50Z,1611.341,5273,-5674.899902,-10100.200195,1441.700073,249.300003,2.4,-0.9,0,0,0,1,0,1,1,0,0,0,0,0,0,0,0,0,0
2026-03-22T00:15:50Z,1611.573,5274,-5674.899902,-10100.200195,1441.700073,249.300003,2.4,-0.9,0,0,0,1,0,1,1,0,0,0,0,0,0,0,0,0,0
2026-03-22T00:15:50Z,1611.813,5275,-5674.899902,-10100.200195,1441.700073,249.300003,2.4,-0.9,0,0,0,1,0,1,1,0,0,0,0,0,0,0,0,0,0
2026-03-22T00:15:50Z,1612.049,5276,-5674.899902,-10100.200195,1441.700073,249.699997,2.4,-0.9,0,0,0,1,0,1,1,0,0,0,0,0,0,0,0,0,0
2026-03-22T00:15:51Z,1612.292,5277,-5674.899902,-10100.200195,1441.700073,249.699997,2.4,-0.9,0,0,0,1,0,1,1,0,0,0,0,0,0,0,0,0,0
2026-03-22T00:15:51Z,1612.541,5278,-5674.899902,-10100.200195,1441.700073,249.699997,2.4,-0.9,0,0,0,1,0,1,1,0,0,0,0,0,0,0,0,0,0
2026-03-22T00:15:51Z,1612.779,5279,-5674.899902,-10100.200195,1441.700073,249.699997,2.4,-0.9,0,0,0,1,0,1,1,0,0,0,0,0,0,0,0,0,0
2026-03-22T00:15:51Z,1613.022,5280,-5674.899902,-10100.200195,1441.700073,250,2.4,-0.9,0,0,0,1,0,1,1,0,0,0,0,0,0,0,0,0,0
2026-03-22T00:15:51Z,1613.260,5281,-5674.899902,-10100.200195,1441.700073,250,2.4,-0.9,0,0,0,1,0,1,1,0,0,0,0,0,0,0,0,0,0
2026-03-22T00:15:52Z,1613.491,5282,-5674.899902,-10100.200195,1441.700073,250,2.4,-0.9,0,0,0,1,0,1,1,0,0,0,0,0,0,0,0,0,0
2026-03-22T00:15:52Z,1613.730,5283,-5674.899902,-10100.200195,1441.700073,250,2.4,-0.9,0,0,0,1,0,1,1,0,0,0,0,0,0,0,0,0,0
2026-03-22T00:15:52Z,1613.967,5284,-5674.899902,-10100.200195,1441.700073,250.300003,2.4,-0.9,0,1,0,0,0,1,1,0,0,0,0,0,0,0,0,0,0
2026-03-22T00:15:52Z,1614.219,5285,-5674.899902,-10100.200195,1441.700073,250.300003,2.4,-0.9,0,1,0,0,0,1,1,0,0,0,0,0,0,0,0,0,0
2026-03-22T00:15:53Z,1614.472,5286,-5674.899902,-10100.200195,1441.700073,250.300003,2.4,-0.9,0,1,0,0,0,1,1,0,0,0,0,0,0,0,0,0,0
2026-03-22T00:15:53Z,1614.714,5287,-5674.899902,-10100.200195,1441.700073,250.300003,2.4,-0.9,0,1,0,0,0,1,1,0,0,0,0,0,0,0,0,0,0
2026-03-22T00:15:53Z,1614.957,5288,-5674.899902,-10100.200195,1441.700073,250.300003,2.4,-0.9,0,1,0,0,0,1,1,0,0,0,0,0,0,0,0,0,0
2026-03-22T00:15:53Z,1615.208,5289,-5674.899902,-10100.200195,1441.700073,250.600006,2.4,-0.9,0,1,0,1,0,1,1,0,0,0,0,0,0,0,0,0,0
2026-03-22T00:15:54Z,1615.453,5290,-5674.899902,-10100.200195,1441.700073,250.600006,2.4,-0.9,0,1,0,1,0,1,1,0,0,0,0,0,0,0,0,0,0
2026-03-22T00:15:54Z,1615.694,5291,-5674.899902,-10100.200195,1441.700073,250.600006,2.4,-0.9,0,1,0,1,0,1,1,0,0,0,0,0,0,0,0,0,0
2026-03-22T00:15:54Z,1615.930,5292,-5674.899902,-10100.200195,1441.700073,250.900009,2.4,-0.9,0,1,0,1,0,1,1,0,0,0,0,0,0,0,0,0,0
2026-03-22T00:15:54Z,1616.189,5293,-5674.899902,-10100.200195,1441.700073,250.900009,2.4,-0.9,0,1,0,1,0,1,1,0,0,0,0,0,0,0,0,0,0
2026-03-22T00:15:55Z,1616.424,5294,-5674.899902,-10100.200195,1441.700073,250.900009,2.4,-0.9,0,1,0,1,0,1,1,0,0,0,0,0,0,0,0,0,0
2026-03-22T00:15:55Z,1616.668,5295,-5674.899902,-10100.200195,1441.700073,250.900009,2.4,-0.9,0,1,0,1,0,1,1,0,0,0,0,0,0,0,0,0,0
2026-03-22T00:15:55Z,1616.924,5296,-5675,-10100.200195,1441.700073,251.300003,2.4,-0.9,0,1,0,1,0,1,1,0,0,0,0,0,0,0,0,0,0
2026-03-22T00:15:55Z,1617.188,5297,-5675,-10100.200195,1441.700073,251.300003,2.4,-0.9,0,1,0,1,0,1,1,0,0,0,0,0,0,0,0,0,0
2026-03-22T00:15:56Z,1617.441,5298,-5675,-10100.200195,1441.700073,251.300003,2.4,-0.9,0,1,0,1,0,1,1,0,0,0,0,0,0,0,0,0,0
2026-03-22T00:15:56Z,1617.676,5299,-5675,-10100.200195,1441.700073,251.300003,2.4,-0.9,0,1,0,1,0,1,1,0,0,0,0,0,0,0,0,0,0
2026-03-22T00:15:56Z,1617.927,5300,-5675,-10100.200195,1441.700073,251.600006,2.4,-0.9,0,1,0,1,0,1,1,0,0,0,0,0,0,0,0,0,0
2026-03-22T00:15:56Z,1618.168,5301,-5675,-10100.200195,1441.700073,251.600006,2.4,-0.9,0,1,0,1,0,1,1,0,0,0,0,0,0,0,0,0,0
2026-03-22T00:15:57Z,1618.405,5302,-5675,-10100.200195,1441.700073,251.600006,2.4,-0.9,0,1,0,1,0,1,1,0,0,0,0,0,0,0,0,0,0
2026-03-22T00:15:57Z,1618.657,5303,-5675,-10100.200195,1441.700073,251.600006,2.4,-0.9,0,1,0,1,0,1,1,0,0,0,0,0,0,0,0,0,0
2026-03-22T00:15:57Z,1618.913,5304,-5675,-10100.200195,1441.700073,251.900009,2.4,-0.9,0,1,0,0,0,1,1,0,0,0,0,0,0,0,1,0,0
2026-03-22T00:15:57Z,1619.159,5305,-5675,-10100.200195,1441.700073,251.900009,2.4,-0.9,0,1,0,0,0,1,1,0,0,0,0,0,0,0,1,0,0
2026-03-22T00:15:58Z,1619.401,5306,-5675,-10100.200195,1441.700073,251.900009,2.4,-0.9,0,1,0,0,0,1,1,0,0,0,0,0,0,0,1,0,0
2026-03-22T00:15:58Z,1619.655,5307,-5675,-10100.200195,1441.700073,251.900009,2.4,-0.9,0,1,0,0,0,1,1,0,0,0,0,0,0,0,1,0,0
2026-03-22T00:15:58Z,1619.900,5308,-5675,-10100.200195,1441.700073,252.300003,2.4,-0.8,0,1,0,0,0,1,1,0,0,0,0,0,0,0,0,0,0
2026-03-22T00:15:58Z,1620.150,5309,-5675,-10100.200195,1441.700073,252.300003,2.4,-0.8,0,1,0,0,0,1,1,0,0,0,0,0,0,0,0,0,0
2026-03-22T00:15:59Z,1620.390,5310,-5675,-10100.200195,1441.700073,252.300003,2.4,-0.8,0,1,0,0,0,1,1,0,0,0,0,0,0,0,0,0,0
2026-03-22T00:15:59Z,1620.628,5311,-5675,-10100.200195,1441.700073,252.300003,2.4,-0.8,0,1,0,0,0,1,1,0,0,0,0,0,0,0,0,0,0
2026-03-22T00:15:59Z,1620.885,5312,-5675,-10100.299805,1441.700073,252.600006,2.5,-0.9,0,1,0,0,0,1,1,0,0,0,0,0,0,0,1,0,0
2026-03-22T00:15:59Z,1621.114,5313,-5675,-10100.299805,1441.700073,252.600006,2.5,-0.9,0,1,0,0,0,1,1,0,0,0,0,0,0,0,1,0,0
2026-03-22T00:16:00Z,1621.370,5314,-5675,-10100.299805,1441.700073,252.600006,2.5,-0.9,0,1,0,0,0,1,1,0,0,0,0,0,0,0,1,0,0
2026-03-22T00:16:00Z,1621.621,5315,-5675,-10100.299805,1441.700073,252.600006,2.5,-0.9,0,1,0,0,0,1,1,0,0,0,0,0,0,0,1,0,0
2026-03-22T00:16:00Z,1621.857,5316,-5675,-10100.299805,1441.700073,252.900009,2.5,-0.8,0,1,0,0,0,1,1,0,0,0,0,0,0,0,0,0,0
2026-03-22T00:16:00Z,1622.096,5317,-5675,-10100.299805,1441.700073,252.900009,2.5,-0.8,0,1,0,0,0,1,1,0,0,0,0,0,0,0,0,0,0
2026-03-22T00:16:01Z,1622.332,5318,-5675,-10100.299805,1441.700073,252.900009,2.5,-0.8,0,1,0,0,0,1,1,0,0,0,0,0,0,0,0,0,0
2026-03-22T00:16:01Z,1622.587,5319,-5675,-10100.299805,1441.700073,252.900009,2.5,-0.8,0,1,0,0,0,1,1,0,0,0,0,0,0,0,0,0,0
2026-03-22T00:16:01Z,1622.826,5320,-5675,-10100.299805,1441.700073,252.900009,2.5,-0.8,0,1,0,0,0,1,1,0,0,0,0,0,0,0,0,0,0
2026-03-22T00:16:01Z,1623.085,5321,-5675,-10100.299805,1441.700073,253.300003,2.5,-0.8,0,1,0,0,0,1,1,0,0,0,0,0,0,0,0,0,0
2026-03-22T00:16:02Z,1623.325,5322,-5675,-10100.299805,1441.700073,253.300003,2.5,-0.8,0,1,0,0,0,1,1,0,0,0,0,0,0,0,0,0,0
2026-03-22T00:16:02Z,1623.563,5323,-5675,-10100.299805,1441.700073,253.300003,2.5,-0.8,0,1,0,0,0,1,1,0,0,0,0,0,0,0,0,0,0
2026-03-22T00:16:02Z,1623.804,5324,-5675.100098,-10100.299805,1441.700073,253.600006,2.5,-0.8,0,1,0,0,0,1,1,0,0,0,0,0,0,0,0,0,0
2026-03-22T00:16:02Z,1624.103,5325,-5675.100098,-10100.299805,1441.700073,253.600006,2.5,-0.8,0,1,0,0,0,1,1,0,0,0,0,0,0,0,0,0,0
2026-03-22T00:16:03Z,1624.345,5326,-5675.100098,-10100.299805,1441.700073,253.600006,2.5,-0.8,0,1,0,0,0,1,1,0,0,0,0,0,0,0,0,0,0
2026-03-22T00:16:03Z,1624.584,5327,-5675.100098,-10100.299805,1441.700073,253.600006,2.5,-0.8,0,1,0,0,0,1,1,0,0,0,0,0,0,0,0,0,0
2026-03-22T00:16:03Z,1624.823,5328,-5675.100098,-10100.299805,1441.700073,254,2.5,-0.8,0,1,0,0,0,1,1,0,0,0,0,0,0,0,0,0,0
2026-03-22T00:16:03Z,1625.085,5329,-5675.100098,-10100.299805,1441.700073,254,2.5,-0.8,0,1,0,0,0,1,1,0,0,0,0,0,0,0,0,0,0
2026-03-22T00:16:04Z,1625.342,5330,-5675.100098,-10100.299805,1441.700073,254,2.5,-0.8,0,1,0,0,0,1,1,0,0,0,0,0,0,0,0,0,0
2026-03-22T00:16:04Z,1625.586,5331,-5675.100098,-10100.299805,1441.700073,254,2.5,-0.8,0,1,0,0,0,1,1,0,0,0,0,0,0,0,0,0,0
2026-03-22T00:16:04Z,1625.827,5332,-5675.100098,-10100.299805,1441.700073,254,2.5,-0.8,0,1,0,0,0,1,1,0,0,0,0,0,0,0,0,0,0
2026-03-22T00:16:04Z,1626.103,5333,-5675.100098,-10100.299805,1441.700073,254.300003,2.5,-0.8,0,1,0,0,0,1,1,0,0,0,0,0,0,0,0,0,0
2026-03-22T00:16:05Z,1626.341,5334,-5675.100098,-10100.299805,1441.700073,254.300003,2.5,-0.8,0,1,0,0,0,1,1,0,0,0,0,0,0,0,0,0,0
2026-03-22T00:16:05Z,1626.571,5335,-5675.100098,-10100.299805,1441.700073,254.300003,2.5,-0.8,0,1,0,0,0,1,1,0,0,0,0,0,0,0,0,0,0
2026-03-22T00:16:05Z,1626.817,5336,-5675.100098,-10100.299805,1441.700073,254.300003,2.5,-0.8,0,1,0,0,0,1,1,0,0,0,0,0,0,0,0,0,0
2026-03-22T00:16:05Z,1627.048,5337,-5675.100098,-10100.299805,1441.700073,254.699997,2.5,-0.8,0,1,0,0,0,1,1,0,0,0,0,0,0,0,0,0,0
2026-03-22T00:16:06Z,1627.284,5338,-5675.100098,-10100.299805,1441.700073,254.699997,2.5,-0.8,0,1,0,0,0,1,1,0,0,0,0,0,0,0,0,0,0
2026-03-22T00:16:06Z,1627.532,5339,-5675.100098,-10100.299805,1441.700073,254.699997,2.5,-0.8,0,1,0,0,0,1,1,0,0,0,0,0,0,0,0,0,0
2026-03-22T00:16:06Z,1627.782,5340,-5675.100098,-10100.299805,1441.700073,254.699997,2.5,-0.8,0,1,0,0,0,1,1,0,0,0,0,0,0,0,0,0,0
2026-03-22T00:16:06Z,1628.062,5341,-5675.100098,-10100.299805,1441.700073,255,2.5,-0.8,0,1,0,0,0,1,1,0,0,0,0,0,0,0,0,0,0
2026-03-22T00:16:07Z,1628.308,5342,-5675.100098,-10100.299805,1441.700073,255,2.5,-0.8,0,1,0,0,0,1,1,0,0,0,0,0,0,0,0,0,0
2026-03-22T00:16:07Z,1628.543,5343,-5675.100098,-10100.299805,1441.700073,255,2.5,-0.8,0,1,0,0,0,1,1,0,0,0,0,0,0,0,0,0,0
2026-03-22T00:16:07Z,1628.799,5344,-5675.100098,-10100.299805,1441.700073,255,2.5,-0.8,0,1,0,0,0,1,1,0,0,0,0,0,0,0,0,0,0
2026-03-22T00:16:07Z,1629.042,5345,-5675.100098,-10100.299805,1441.700073,255.400009,2.5,-0.8,0,1,0,0,0,1,1,0,0,0,0,0,0,0,0,0,0
2026-03-22T00:16:08Z,1629.275,5346,-5675.100098,-10100.299805,1441.700073,255.400009,2.5,-0.8,0,1,0,0,0,1,1,0,0,0,0,0,0,0,0,0,0
2026-03-22T00:16:08Z,1629.531,5347,-5675.100098,-10100.299805,1441.700073,255.400009,2.5,-0.8,0,1,0,0,0,1,1,0,0,0,0,0,0,0,0,0,0
2026-03-22T00:16:08Z,1629.763,5348,-5675.100098,-10100.299805,1441.700073,255.400009,2.5,-0.8,0,1,0,0,0,1,1,0,0,0,0,0,0,0,0,0,0
2026-03-22T00:16:08Z,1630.002,5349,-5675.100098,-10100.299805,1441.700073,255.699997,2.6,-0.8,0,1,0,0,0,1,1,0,0,0,0,0,0,0,0,0,0
2026-03-22T00:16:08Z,1630.235,5350,-5675.100098,-10100.299805,1441.700073,255.699997,2.6,-0.8,0,1,0,0,0,1,1,0,0,0,0,0,0,0,0,0,0
2026-03-22T00:16:09Z,1630.477,5351,-5675.100098,-10100.299805,1441.700073,255.699997,2.6,-0.8,0,1,0,0,0,1,1,0,0,0,0,0,0,0,0,0,0
2026-03-22T00:16:09Z,1630.713,5352,-5675.100098,-10100.299805,1441.700073,255.699997,2.6,-0.8,0,1,0,0,0,1,1,0,0,0,0,0,0,0,0,0,0
2026-03-22T00:16:09Z,1630.954,5353,-5675.200195,-10100.299805,1441.700073,256.100006,2.6,-0.7,0,1,0,0,0,1,1,0,0,0,0,0,0,0,0,0,0
2026-03-22T00:16:09Z,1631.224,5354,-5675.200195,-10100.299805,1441.700073,256.100006,2.6,-0.7,0,1,0,0,0,1,1,0,0,0,0,0,0,0,0,0,0
2026-03-22T00:16:10Z,1631.478,5355,-5675.200195,-10100.299805,1441.700073,256.100006,2.6,-0.7,0,1,0,0,0,1,1,0,0,0,0,0,0,0,0,0,0
2026-03-22T00:16:10Z,1631.719,5356,-5675.200195,-10100.299805,1441.700073,256.100006,2.6,-0.7,0,1,0,0,0,1,1,0,0,0,0,0,0,0,0,0,0
2026-03-22T00:16:10Z,1631.955,5357,-5675.200195,-10100.299805,1441.700073,256.399994,2.7,-0.6,0,1,0,0,0,1,1,0,0,0,0,0,0,0,0,0,0
2026-03-22T00:16:10Z,1632.208,5358,-5675.200195,-10100.299805,1441.700073,256.399994,2.7,-0.6,0,1,0,0,0,1,1,0,0,0,0,0,0,0,0,0,0
2026-03-22T00:16:11Z,1632.445,5359,-5675.200195,-10100.299805,1441.700073,256.399994,2.7,-0.6,0,1,0,0,0,1,1,0,0,0,0,0,0,0,0,0,0
2026-03-22T00:16:11Z,1632.688,5360,-5675.200195,-10100.299805,1441.700073,256.399994,2.7,-0.6,0,1,0,0,0,1,1,0,0,0,0,0,0,0,0,0,0
2026-03-22T00:16:11Z,1632.926,5361,-5675.200195,-10100.299805,1441.700073,256.800018,2.7,-0.6,0,1,0,0,0,1,0,0,0,0,0,0,0,0,0,0,0
2026-03-22T00:16:11Z,1633.165,5362,-5675.200195,-10100.299805,1441.700073,256.800018,2.7,-0.6,0,1,0,0,0,1,0,0,0,0,0,0,0,0,0,0,0
2026-03-22T00:16:12Z,1633.404,5363,-5675.200195,-10100.299805,1441.700073,256.800018,2.7,-0.6,0,1,0,0,0,1,0,0,0,0,0,0,0,0,0,0,0
2026-03-22T00:16:12Z,1633.648,5364,-5675.200195,-10100.299805,1441.700073,256.800018,2.7,-0.6,0,1,0,0,0,1,0,0,0,0,0,0,0,0,0,0,0
2026-03-22T00:16:12Z,1633.899,5365,-5675.200195,-10100.299805,1441.700073,257.100006,2.7,-0.5,0,1,0,0,0,1,0,0,0,0,0,0,0,0,0,0,0
2026-03-22T00:16:12Z,1634.130,5366,-5675.200195,-10100.299805,1441.700073,257.100006,2.7,-0.5,0,1,0,0,0,1,0,0,0,0,0,0,0,0,0,0,0
2026-03-22T00:16:13Z,1634.360,5367,-5675.200195,-10100.299805,1441.700073,257.100006,2.7,-0.5,0,1,0,0,0,1,0,0,0,0,0,0,0,0,0,0,0
2026-03-22T00:16:13Z,1634.610,5368,-5675.200195,-10100.299805,1441.700073,257.100006,2.7,-0.5,0,1,0,0,0,1,0,0,0,0,0,0,0,0,0,0,0
2026-03-22T00:16:13Z,1634.859,5369,-5675.200195,-10100.400391,1441.700073,257.5,2.8,-0.5,0,1,0,0,0,1,0,0,0,0,0,0,0,0,0,0,0
2026-03-22T00:16:13Z,1635.132,5370,-5675.200195,-10100.400391,1441.700073,257.5,2.8,-0.5,0,1,0,0,0,1,0,0,0,0,0,0,0,0,0,0,0
2026-03-22T00:16:14Z,1635.385,5371,-5675.200195,-10100.400391,1441.700073,257.5,2.8,-0.5,0,1,0,0,0,1,0,0,0,0,0,0,0,0,0,0,0
2026-03-22T00:16:14Z,1635.620,5372,-5675.200195,-10100.400391,1441.700073,257.5,2.8,-0.5,0,1,0,0,0,1,0,0,0,0,0,0,0,0,0,0,0
2026-03-22T00:16:14Z,1635.856,5373,-5675.200195,-10100.400391,1441.700073,257.899994,2.8,-0.4,0,1,0,0,0,1,0,0,0,0,0,0,0,0,0,0,0
2026-03-22T00:16:14Z,1636.090,5374,-5675.200195,-10100.400391,1441.700073,257.899994,2.8,-0.4,0,1,0,0,0,1,0,0,0,0,0,0,0,0,0,0,0
2026-03-22T00:16:15Z,1636.349,5375,-5675.200195,-10100.400391,1441.700073,257.899994,2.8,-0.4,0,1,0,0,0,1,0,0,0,0,0,0,0,0,0,0,0
2026-03-22T00:16:15Z,1636.584,5376,-5675.200195,-10100.400391,1441.700073,257.899994,2.8,-0.4,0,1,0,0,0,1,0,0,0,0,0,0,0,0,0,0,0
2026-03-22T00:16:15Z,1636.832,5377,-5675.200195,-10100.400391,1441.700073,258.200012,2.8,-0.5,0,1,0,0,0,1,0,0,0,0,0,0,0,0,0,0,0
2026-03-22T00:16:15Z,1637.104,5378,-5675.200195,-10100.400391,1441.700073,258.200012,2.8,-0.5,0,1,0,0,0,1,0,0,0,0,0,0,0,0,0,0,0
2026-03-22T00:16:16Z,1637.335,5379,-5675.200195,-10100.400391,1441.700073,258.200012,2.8,-0.5,0,1,0,0,0,1,0,0,0,0,0,0,0,0,0,0,0
2026-03-22T00:16:16Z,1637.579,5380,-5675.200195,-10100.400391,1441.700073,258.200012,2.8,-0.5,0,1,0,0,0,1,0,0,0,0,0,0,0,0,0,0,0
2026-03-22T00:16:16Z,1637.812,5381,-5675.200195,-10100.400391,1441.700073,258.200012,2.8,-0.5,0,1,0,0,0,1,0,0,0,0,0,0,0,0,0,0,0
2026-03-22T00:16:16Z,1638.056,5382,-5675.300293,-10100.400391,1441.700073,258.600006,2.8,-0.4,0,1,0,0,0,1,0,0,0,0,0,0,0,0,0,0,0
2026-03-22T00:16:17Z,1638.299,5383,-5675.300293,-10100.400391,1441.700073,258.600006,2.8,-0.4,0,1,0,0,0,1,0,0,0,0,0,0,0,0,0,0,0
2026-03-22T00:16:17Z,1638.550,5384,-5675.300293,-10100.400391,1441.700073,258.600006,2.8,-0.4,0,1,0,0,0,1,0,0,0,0,0,0,0,0,0,0,0
2026-03-22T00:16:17Z,1638.799,5385,-5675.300293,-10100.400391,1441.700073,258.600006,2.8,-0.4,0,1,0,0,0,1,0,0,0,0,0,0,0,0,0,0,0
2026-03-22T00:16:17Z,1639.033,5386,-5675.300293,-10100.400391,1441.700073,259,2.9,-0.4,0,1,0,0,0,1,0,0,0,0,0,0,0,0,0,0,0
2026-03-22T00:16:17Z,1639.263,5387,-5675.300293,-10100.400391,1441.700073,259,2.9,-0.4,0,1,0,0,0,1,0,0,0,0,0,0,0,0,0,0,0
2026-03-22T00:16:18Z,1639.500,5388,-5675.300293,-10100.400391,1441.700073,259,2.9,-0.4,0,1,0,0,0,1,0,0,0,0,0,0,0,0,0,0,0
2026-03-22T00:16:18Z,1639.747,5389,-5675.300293,-10100.400391,1441.700073,259,2.9,-0.4,0,1,0,0,0,1,0,0,0,0,0,0,0,0,0,0,0
2026-03-22T00:16:18Z,1639.997,5390,-5675.300293,-10100.400391,1441.700073,259.399994,2.9,-0.3,0,1,0,0,0,1,0,0,0,0,0,0,0,0,0,0,0
2026-03-22T00:16:18Z,1640.238,5391,-5675.300293,-10100.400391,1441.700073,259.399994,2.9,-0.3,0,1,0,0,0,1,0,0,0,0,0,0,0,0,0,0,0
2026-03-22T00:16:19Z,1640.483,5392,-5675.300293,-10100.400391,1441.700073,259.399994,2.9,-0.3,0,1,0,0,0,1,0,0,0,0,0,0,0,0,0,0,0
2026-03-22T00:16:19Z,1640.715,5393,-5675.300293,-10100.400391,1441.700073,259.399994,2.9,-0.3,0,1,0,0,0,1,0,0,0,0,0,0,0,0,0,0,0
2026-03-22T00:16:19Z,1640.967,5394,-5675.300293,-10100.400391,1441.700073,259.800018,3,-0.2,0,1,0,0,0,1,0,0,0,0,0,0,0,0,0,0,0
2026-03-22T00:16:19Z,1641.209,5395,-5675.300293,-10100.400391,1441.700073,259.800018,3,-0.2,0,1,0,0,0,1,0,0,0,0,0,0,0,0,0,0,0
2026-03-22T00:16:20Z,1641.451,5396,-5675.300293,-10100.400391,1441.700073,259.800018,3,-0.2,0,1,0,0,0,1,0,0,0,0,0,0,0,0,0,0,0
2026-03-22T00:16:20Z,1641.695,5397,-5675.300293,-10100.400391,1441.700073,259.800018,3,-0.2,0,1,0,0,0,1,0,0,0,0,0,0,0,0,0,0,0
2026-03-22T00:16:20Z,1641.943,5398,-5675.300293,-10100.400391,1441.700073,260.200012,3,-0.2,0,1,0,0,0,1,0,0,0,0,0,0,0,0,0,0,0
2026-03-22T00:16:20Z,1642.205,5399,-5675.300293,-10100.400391,1441.700073,260.200012,3,-0.2,0,1,0,0,0,1,0,0,0,0,0,0,0,0,0,0,0
2026-03-22T00:16:21Z,1642.440,5400,-5675.300293,-10100.400391,1441.700073,260.200012,3,-0.2,0,1,0,0,0,1,0,0,0,0,0,0,0,0,0,0,0
2026-03-22T00:16:21Z,1642.701,5401,-5675.300293,-10100.400391,1441.700073,260.200012,3,-0.2,0,1,0,0,0,1,0,0,0,0,0,0,0,0,0,0,0
2026-03-22T00:16:21Z,1642.942,5402,-5675.300293,-10100.400391,1441.700073,260.600006,3.1,-0.2,0,1,0,0,0,1,0,0,0,0,0,0,0,0,0,0,0
2026-03-22T00:16:21Z,1643.184,5403,-5675.300293,-10100.400391,1441.700073,260.600006,3.1,-0.2,0,1,0,0,0,1,0,0,0,0,0,0,0,0,0,0,0
2026-03-22T00:16:22Z,1643.435,5404,-5675.300293,-10100.400391,1441.700073,260.600006,3.1,-0.2,0,1,0,0,0,1,0,0,0,0,0,0,0,0,0,0,0
2026-03-22T00:16:22Z,1643.683,5405,-5675.300293,-10100.400391,1441.700073,260.600006,3.1,-0.2,0,1,0,0,0,1,0,0,0,0,0,0,0,0,0,0,0
2026-03-22T00:16:22Z,1643.927,5406,-5675.399902,-10100.400391,1441.700073,261,3.1,-0.1,0,1,0,0,0,1,0,0,0,0,0,0,0,0,0,0,0
2026-03-22T00:16:22Z,1644.158,5407,-5675.399902,-10100.400391,1441.700073,261,3.1,-0.1,0,1,0,0,0,1,0,0,0,0,0,0,0,0,0,0,0
2026-03-22T00:16:23Z,1644.406,5408,-5675.399902,-10100.400391,1441.700073,261,3.1,-0.1,0,1,0,0,0,1,0,0,0,0,0,0,0,0,0,0,0
2026-03-22T00:16:23Z,1644.650,5409,-5675.399902,-10100.400391,1441.700073,261,3.1,-0.1,0,1,0,0,0,1,0,0,0,0,0,0,0,0,0,0,0
2026-03-22T00:16:23Z,1644.882,5410,-5675.399902,-10100.400391,1441.700073,261.399994,3.2,0,0,1,0,0,0,1,0,0,0,0,0,0,0,0,0,0,0
2026-03-22T00:16:23Z,1645.148,5411,-5675.399902,-10100.400391,1441.700073,261.399994,3.2,0,0,1,0,0,0,1,0,0,0,0,0,0,0,0,0,0,0
2026-03-22T00:16:24Z,1645.398,5412,-5675.399902,-10100.400391,1441.700073,261.399994,3.2,0,0,1,0,0,0,1,0,0,0,0,0,0,0,0,0,0,0
2026-03-22T00:16:24Z,1645.629,5413,-5675.399902,-10100.400391,1441.700073,261.399994,3.2,0,0,1,0,0,0,1,0,0,0,0,0,0,0,0,0,0,0
2026-03-22T00:16:24Z,1645.862,5414,-5675.399902,-10100.400391,1441.700073,261.399994,3.2,0,0,1,0,0,0,1,0,0,0,0,0,0,0,0,0,0,0
2026-03-22T00:16:24Z,1646.104,5415,-5675.399902,-10100.400391,1441.700073,261.800018,3.2,-0.1,0,1,0,0,0,1,0,0,0,0,0,0,0,0,0,0,0
2026-03-22T00:16:25Z,1646.351,5416,-5675.399902,-10100.400391,1441.700073,261.800018,3.2,-0.1,0,1,0,0,0,1,0,0,0,0,0,0,0,0,0,0,0
2026-03-22T00:16:25Z,1646.590,5417,-5675.399902,-10100.400391,1441.700073,261.800018,3.2,-0.1,0,1,0,0,0,1,0,0,0,0,0,0,0,0,0,0,0
2026-03-22T00:16:25Z,1646.832,5418,-5675.399902,-10100.400391,1441.700073,262.200012,3.2,-0.1,0,1,0,0,0,1,0,0,0,0,0,0,0,0,0,0,0
2026-03-22T00:16:25Z,1647.113,5419,-5675.399902,-10100.400391,1441.700073,262.200012,3.2,-0.1,0,1,0,0,0,1,0,0,0,0,0,0,0,0,0,0,0
2026-03-22T00:16:26Z,1647.360,5420,-5675.399902,-10100.400391,1441.700073,262.200012,3.2,-0.1,0,1,0,0,0,1,0,0,0,0,0,0,0,0,0,0,0
2026-03-22T00:16:26Z,1647.596,5421,-5675.399902,-10100.400391,1441.700073,262.200012,3.2,-0.1,0,1,0,0,0,1,0,0,0,0,0,0,0,0,0,0,0
2026-03-22T00:16:26Z,1647.829,5422,-5675.399902,-10100.400391,1441.700073,262.200012,3.2,-0.1,0,1,0,0,0,1,0,0,0,0,0,0,0,0,0,0,0
2026-03-22T00:16:26Z,1648.077,5423,-5675.399902,-10100.400391,1441.700073,262.5,3.2,-0.2,0,1,0,0,0,1,0,0,0,0,0,0,0,0,0,0,0
2026-03-22T00:16:27Z,1648.308,5424,-5675.399902,-10100.400391,1441.700073,262.5,3.2,-0.2,0,1,0,0,0,1,0,0,0,0,0,0,0,0,0,0,0
2026-03-22T00:16:27Z,1648.551,5425,-5675.399902,-10100.400391,1441.700073,262.5,3.2,-0.2,0,1,0,0,0,1,0,0,0,0,0,0,0,0,0,0,0
2026-03-22T00:16:27Z,1648.798,5426,-5675.399902,-10100.400391,1441.700073,262.5,3.2,-0.2,0,1,0,0,0,1,0,0,0,0,0,0,0,0,0,0,0
2026-03-22T00:16:27Z,1649.030,5427,-5675.399902,-10100.400391,1441.700073,262.800018,3.1,-0.2,0,1,1,0,0,1,0,0,0,0,0,0,0,0,0,0,0
2026-03-22T00:16:27Z,1649.265,5428,-5675.399902,-10100.400391,1441.700073,262.800018,3.1,-0.2,0,1,1,0,0,1,0,0,0,0,0,0,0,0,0,0,0
2026-03-22T00:16:28Z,1649.508,5429,-5675.399902,-10100.400391,1441.700073,262.800018,3.1,-0.2,0,1,1,0,0,1,0,0,0,0,0,0,0,0,0,0,0
2026-03-22T00:16:28Z,1649.745,5430,-5675.399902,-10100.400391,1441.700073,262.800018,3.1,-0.2,0,1,1,0,0,1,0,0,0,0,0,0,0,0,0,0,0
2026-03-22T00:16:28Z,1649.992,5431,-5675.5,-10100.400391,1441.700073,263.100006,3.2,-0.1,0,1,1,0,0,1,0,0,0,0,0,0,0,0,0,0,0
2026-03-22T00:16:28Z,1650.225,5432,-5675.5,-10100.400391,1441.700073,263.100006,3.2,-0.1,0,1,1,0,0,1,0,0,0,0,0,0,0,0,0,0,0
2026-03-22T00:16:29Z,1650.470,5433,-5675.5,-10100.400391,1441.700073,263.100006,3.2,-0.1,0,1,1,0,0,1,0,0,0,0,0,0,0,0,0,0,0
2026-03-22T00:16:29Z,1650.720,5434,-5675.5,-10100.400391,1441.700073,263.100006,3.2,-0.1,0,1,1,0,0,1,0,0,0,0,0,0,0,0,0,0,0
2026-03-22T00:16:29Z,1650.958,5435,-5675.5,-10100.400391,1441.700073,263.399994,3.3,0,0,1,0,0,0,1,0,0,0,0,0,0,0,0,0,0,0
2026-03-22T00:16:29Z,1651.216,5436,-5675.5,-10100.400391,1441.700073,263.399994,3.3,0,0,1,0,0,0,1,0,0,0,0,0,0,0,0,0,0,0
2026-03-22T00:16:30Z,1651.465,5437,-5675.5,-10100.400391,1441.700073,263.399994,3.3,0,0,1,0,0,0,1,0,0,0,0,0,0,0,0,0,0,0
2026-03-22T00:16:30Z,1651.717,5438,-5675.5,-10100.400391,1441.700073,263.399994,3.3,0,0,1,0,0,0,1,0,0,0,0,0,0,0,0,0,0,0
2026-03-22T00:16:30Z,1651.950,5439,-5675.5,-10100.5,1441.700073,263.700012,3.3,0,0,1,0,0,0,1,0,0,0,0,0,0,0,0,0,0,0
2026-03-22T00:16:30Z,1652.193,5440,-5675.5,-10100.5,1441.700073,263.700012,3.3,0,0,1,0,0,0,1,0,0,0,0,0,0,0,0,0,0,0
2026-03-22T00:16:31Z,1652.438,5441,-5675.5,-10100.5,1441.700073,263.700012,3.3,0,0,1,0,0,0,1,0,0,0,0,0,0,0,0,0,0,0
2026-03-22T00:16:31Z,1652.692,5442,-5675.5,-10100.5,1441.700073,263.700012,3.3,0,0,1,0,0,0,1,0,0,0,0,0,0,0,0,0,0,0
2026-03-22T00:16:31Z,1652.931,5443,-5675.5,-10100.5,1441.700073,264,3.3,0,0,1,0,0,0,1,0,0,0,0,0,0,0,0,0,0,0
2026-03-22T00:16:31Z,1653.188,5444,-5675.5,-10100.5,1441.700073,264,3.3,0,0,1,0,0,0,1,0,0,0,0,0,0,0,0,0,0,0
2026-03-22T00:16:32Z,1653.435,5445,-5675.5,-10100.5,1441.700073,264,3.3,0,0,1,0,0,0,1,0,0,0,0,0,0,0,0,0,0,0
2026-03-22T00:16:32Z,1653.679,5446,-5675.5,-10100.5,1441.700073,264,3.3,0,0,1,0,0,0,1,0,0,0,0,0,0,0,0,0,0,0
2026-03-22T00:16:32Z,1653.925,5447,-5675.5,-10100.5,1441.700073,264.399994,3.3,0,0,1,0,0,0,1,0,0,0,0,0,0,0,0,0,0,0
2026-03-22T00:16:32Z,1654.167,5448,-5675.5,-10100.5,1441.700073,264.399994,3.3,0,0,1,0,0,0,1,0,0,0,0,0,0,0,0,0,0,0
2026-03-22T00:16:33Z,1654.403,5449,-5675.5,-10100.5,1441.700073,264.399994,3.3,0,0,1,0,0,0,1,0,0,0,0,0,0,0,0,0,0,0
2026-03-22T00:16:33Z,1654.653,5450,-5675.5,-10100.5,1441.700073,264.399994,3.3,0,0,1,0,0,0,1,0,0,0,0,0,0,0,0,0,0,0
2026-03-22T00:16:33Z,1654.899,5451,-5675.5,-10100.5,1441.700073,264.800018,3.3,0,0,1,0,0,0,1,0,0,0,0,0,0,0,0,0,0,0
2026-03-22T00:16:33Z,1655.129,5452,-5675.5,-10100.5,1441.700073,264.800018,3.3,0,0,1,0,0,0,1,0,0,0,0,0,0,0,0,0,0,0
2026-03-22T00:16:34Z,1655.373,5453,-5675.5,-10100.5,1441.700073,264.800018,3.3,0,0,1,0,0,0,1,0,0,0,0,0,0,0,0,0,0,0
2026-03-22T00:16:34Z,1655.634,5454,-5675.5,-10100.5,1441.700073,264.800018,3.3,0,0,1,0,0,0,1,0,0,0,0,0,0,0,0,0,0,0
2026-03-22T00:16:34Z,1655.870,5455,-5675.5,-10100.5,1441.700073,264.800018,3.3,0,0,1,0,0,0,1,0,0,0,0,0,0,0,0,0,0,0
2026-03-22T00:16:34Z,1656.130,5456,-5675.5,-10100.5,1441.700073,265.100006,3.2,0,0,1,0,0,0,1,0,0,0,0,0,0,0,0,0,0,0
2026-03-22T00:16:35Z,1656.373,5457,-5675.5,-10100.5,1441.700073,265.100006,3.2,0,0,1,0,0,0,1,0,0,0,0,0,0,0,0,0,0,0
2026-03-22T00:16:35Z,1656.610,5458,-5675.5,-10100.5,1441.700073,265.100006,3.2,0,0,1,0,0,0,1,0,0,0,0,0,0,0,0,0,0,0
2026-03-22T00:16:35Z,1656.858,5459,-5675.5,-10100.5,1441.700073,265.100006,3.2,0,0,1,0,0,0,1,0,0,0,0,0,0,0,0,0,0,0
2026-03-22T00:16:35Z,1657.106,5460,-5675.600098,-10100.5,1441.700073,265.399994,3.2,0,0,1,0,0,0,1,0,0,0,0,0,0,0,0,0,0,0
2026-03-22T00:16:36Z,1657.352,5461,-5675.600098,-10100.5,1441.700073,265.399994,3.2,0,0,1,0,0,0,1,0,0,0,0,0,0,0,0,0,0,0
2026-03-22T00:16:36Z,1657.587,5462,-5675.600098,-10100.5,1441.700073,265.399994,3.2,0,0,1,0,0,0,1,0,0,0,0,0,0,0,0,0,0,0
2026-03-22T00:16:36Z,1657.840,5463,-5675.600098,-10100.5,1441.700073,265.399994,3.2,0,0,1,0,0,0,1,0,0,0,0,0,0,0,0,0,0,0
2026-03-22T00:16:36Z,1658.095,5464,-5675.600098,-10100.5,1441.700073,265.800018,3.3,0,0,1,0,0,0,1,0,0,0,0,0,0,0,0,0,0,0
2026-03-22T00:16:37Z,1658.325,5465,-5675.600098,-10100.5,1441.700073,265.800018,3.3,0,0,1,0,0,0,1,0,0,0,0,0,0,0,0,0,0,0
2026-03-22T00:16:37Z,1658.570,5466,-5675.600098,-10100.5,1441.700073,265.800018,3.3,0,0,1,0,0,0,1,0,0,0,0,0,0,0,0,0,0,0
2026-03-22T00:16:37Z,1658.806,5467,-5675.600098,-10100.5,1441.700073,265.800018,3.3,0,0,1,0,0,0,1,0,0,0,0,0,0,0,0,0,0,0
2026-03-22T00:16:37Z,1659.043,5468,-5675.600098,-10100.5,1441.700073,266.100006,3.3,0,0,1,0,0,0,1,0,0,0,0,0,0,0,0,0,0,0
2026-03-22T00:16:37Z,1659.279,5469,-5675.600098,-10100.5,1441.700073,266.100006,3.3,0,0,1,0,0,0,1,0,0,0,0,0,0,0,0,0,0,0
2026-03-22T00:16:38Z,1659.521,5470,-5675.600098,-10100.5,1441.700073,266.100006,3.3,0,0,1,0,0,0,1,0,0,0,0,0,0,0,0,0,0,0
2026-03-22T00:16:38Z,1659.777,5471,-5675.600098,-10100.5,1441.700073,266.100006,3.3,0,0,1,0,0,0,1,0,0,0,0,0,0,0,0,0,0,0
2026-03-22T00:16:38Z,1660.015,5472,-5675.600098,-10100.5,1441.700073,266.5,3.2,0.1,0,1,0,0,0,1,0,0,0,0,0,0,0,0,0,0,0
2026-03-22T00:16:38Z,1660.245,5473,-5675.600098,-10100.5,1441.700073,266.5,3.2,0.1,0,1,0,0,0,1,0,0,0,0,0,0,0,0,0,0,0
2026-03-22T00:16:39Z,1660.488,5474,-5675.600098,-10100.5,1441.700073,266.5,3.2,0.1,0,1,0,0,0,1,0,0,0,0,0,0,0,0,0,0,0
2026-03-22T00:16:39Z,1660.733,5475,-5675.600098,-10100.5,1441.700073,266.5,3.2,0.1,0,1,0,0,0,1,0,0,0,0,0,0,0,0,0,0,0
2026-03-22T00:16:39Z,1660.981,5476,-5675.600098,-10100.5,1441.700073,266.800018,3.3,0.1,0,1,0,0,0,1,0,0,0,0,0,0,0,0,0,0,0
2026-03-22T00:16:39Z,1661.212,5477,-5675.600098,-10100.5,1441.700073,266.800018,3.3,0.1,0,1,0,0,0,1,0,0,0,0,0,0,0,0,0,0,0
2026-03-22T00:16:40Z,1661.452,5478,-5675.600098,-10100.5,1441.700073,266.800018,3.3,0.1,0,1,0,0,0,1,0,0,0,0,0,0,0,0,0,0,0
2026-03-22T00:16:40Z,1661.685,5479,-5675.600098,-10100.5,1441.700073,266.800018,3.3,0.1,0,1,0,0,0,1,0,0,0,0,0,0,0,0,0,0,0
2026-03-22T00:16:40Z,1661.943,5480,-5675.600098,-10100.5,1441.700073,266.800018,3.3,0.1,0,1,0,0,0,1,0,0,0,0,0,0,0,0,0,0,0
2026-03-22T00:16:40Z,1662.188,5481,-5675.600098,-10100.5,1441.700073,267.200012,3.3,0.1,0,1,0,0,0,1,0,0,0,0,0,0,0,0,0,0,0
2026-03-22T00:16:41Z,1662.419,5482,-5675.600098,-10100.5,1441.700073,267.200012,3.3,0.1,0,1,0,0,0,1,0,0,0,0,0,0,0,0,0,0,0
2026-03-22T00:16:41Z,1662.663,5483,-5675.600098,-10100.5,1441.700073,267.200012,3.3,0.1,0,1,0,0,0,1,0,0,0,0,0,0,0,0,0,0,0
2026-03-22T00:16:41Z,1662.917,5484,-5675.700195,-10100.5,1441.700073,267.600006,3.2,0.1,0,1,0,0,0,1,0,0,0,0,0,0,0,0,0,0,0
2026-03-22T00:16:41Z,1663.147,5485,-5675.700195,-10100.5,1441.700073,267.600006,3.2,0.1,0,1,0,0,0,1,0,0,0,0,0,0,0,0,0,0,0
2026-03-22T00:16:42Z,1663.391,5486,-5675.700195,-10100.5,1441.700073,267.600006,3.2,0.1,0,1,0,0,0,1,0,0,0,0,0,0,0,0,0,0,0
2026-03-22T00:16:42Z,1663.633,5487,-5675.700195,-10100.5,1441.700073,267.600006,3.2,0.1,0,1,0,0,0,1,0,0,0,0,0,0,0,0,0,0,0
2026-03-22T00:16:42Z,1663.871,5488,-5675.700195,-10100.5,1441.700073,268,3.2,0.1,0,1,0,0,0,1,0,0,0,0,0,0,0,0,0,0,0
2026-03-22T00:16:42Z,1664.107,5489,-5675.700195,-10100.5,1441.700073,268,3.2,0.1,0,1,0,0,0,1,0,0,0,0,0,0,0,0,0,0,0
2026-03-22T00:16:43Z,1664.364,5490,-5675.700195,-10100.5,1441.700073,268,3.2,0.1,0,1,0,0,0,1,0,0,0,0,0,0,0,0,0,0,0
2026-03-22T00:16:43Z,1664.603,5491,-5675.700195,-10100.5,1441.700073,268,3.2,0.1,0,1,0,0,0,1,0,0,0,0,0,0,0,0,0,0,0
2026-03-22T00:16:43Z,1664.864,5492,-5675.700195,-10100.5,1441.700073,268,3.2,0.1,0,1,0,0,0,1,0,0,0,0,0,0,0,0,0,0,0
2026-03-22T00:16:43Z,1665.112,5493,-5675.700195,-10100.5,1441.700073,268.399994,3.2,0.1,0,1,0,0,0,1,0,0,0,0,0,0,0,0,0,0,0
2026-03-22T00:16:44Z,1665.356,5494,-5675.700195,-10100.5,1441.700073,268.399994,3.2,0.1,0,1,0,0,0,1,0,0,0,0,0,0,0,0,0,0,0
2026-03-22T00:16:44Z,1665.594,5495,-5675.700195,-10100.5,1441.700073,268.399994,3.2,0.1,0,1,0,0,0,1,0,0,0,0,0,0,0,0,0,0,0
2026-03-22T00:16:44Z,1665.837,5496,-5675.700195,-10100.5,1441.700073,268.700012,3.2,0.1,0,1,0,0,0,1,0,0,0,0,0,0,0,0,0,0,0
2026-03-22T00:16:44Z,1666.070,5497,-5675.700195,-10100.5,1441.700073,268.700012,3.2,0.1,0,1,0,0,0,1,0,0,0,0,0,0,0,0,0,0,0
2026-03-22T00:16:45Z,1666.315,5498,-5675.700195,-10100.5,1441.700073,268.700012,3.2,0.1,0,1,0,0,0,1,0,0,0,0,0,0,0,0,0,0,0
2026-03-22T00:16:45Z,1666.552,5499,-5675.700195,-10100.5,1441.700073,268.700012,3.2,0.1,0,1,0,0,0,1,0,0,0,0,0,0,0,0,0,0,0
2026-03-22T00:16:45Z,1666.784,5500,-5675.700195,-10100.5,1441.700073,268.700012,3.2,0.1,0,1,0,0,0,1,0,0,0,0,0,0,0,0,0,0,0
2026-03-22T00:16:45Z,1667.025,5501,-5675.700195,-10100.5,1441.700073,269.100006,3.2,0.1,0,1,0,0,0,1,0,0,0,0,0,0,0,0,0,0,0
2026-03-22T00:16:45Z,1667.260,5502,-5675.700195,-10100.5,1441.700073,269.100006,3.2,0.1,0,1,0,0,0,1,0,0,0,0,0,0,0,0,0,0,0
2026-03-22T00:16:46Z,1667.522,5503,-5675.700195,-10100.5,1441.700073,269.100006,3.2,0.1,0,1,0,0,0,1,0,0,0,0,0,0,0,0,0,0,0
2026-03-22T00:16:46Z,1667.772,5504,-5675.700195,-10100.5,1441.700073,269.100006,3.2,0.1,0,1,0,0,0,1,0,0,0,0,0,0,0,0,0,0,0
2026-03-22T00:16:46Z,1668.005,5505,-5675.700195,-10100.5,1441.700073,269.5,3.2,0.1,0,1,0,0,0,1,0,0,0,0,0,0,0,0,0,0,0
2026-03-22T00:16:46Z,1668.234,5506,-5675.700195,-10100.5,1441.700073,269.5,3.2,0.1,0,1,0,0,0,1,0,0,0,0,0,0,0,0,0,0,0
2026-03-22T00:16:47Z,1668.469,5507,-5675.700195,-10100.5,1441.700073,269.5,3.2,0.1,0,1,0,0,0,1,0,0,0,0,0,0,0,0,0,0,0
2026-03-22T00:16:47Z,1668.709,5508,-5675.700195,-10100.5,1441.700073,269.5,3.2,0.1,0,1,0,0,0,1,0,0,0,0,0,0,0,0,0,0,0
2026-03-22T00:16:47Z,1668.940,5509,-5675.800293,-10100.5,1441.700073,269.899994,3.2,0.1,0,1,0,0,0,1,0,0,0,0,0,0,0,0,0,0,0
2026-03-22T00:16:47Z,1669.195,5510,-5675.800293,-10100.5,1441.700073,269.899994,3.2,0.1,0,1,0,0,0,1,0,0,0,0,0,0,0,0,0,0,0
2026-03-22T00:16:48Z,1669.432,5511,-5675.800293,-10100.5,1441.700073,269.899994,3.2,0.1,0,1,0,0,0,1,0,0,0,0,0,0,0,0,0,0,0
2026-03-22T00:16:48Z,1669.667,5512,-5675.800293,-10100.5,1441.700073,269.899994,3.2,0.1,0,1,0,0,0,1,0,0,0,0,0,0,0,0,0,0,0
2026-03-22T00:16:48Z,1669.910,5513,-5675.800293,-10100.5,1441.700073,270.300018,3.2,0.1,0,1,0,0,0,1,0,0,0,0,0,0,0,0,0,0,0
2026-03-22T00:16:48Z,1670.151,5514,-5675.800293,-10100.5,1441.700073,270.300018,3.2,0.1,0,1,0,0,0,1,0,0,0,0,0,0,0,0,0,0,0
2026-03-22T00:16:49Z,1670.397,5515,-5675.800293,-10100.5,1441.700073,270.300018,3.2,0.1,0,1,0,0,0,1,0,0,0,0,0,0,0,0,0,0,0
2026-03-22T00:16:49Z,1670.646,5516,-5675.800293,-10100.5,1441.700073,270.300018,3.2,0.1,0,1,0,0,0,1,0,0,0,0,0,0,0,0,0,0,0
2026-03-22T00:16:49Z,1670.882,5517,-5675.800293,-10100.5,1441.700073,270.700012,3.1,0.1,0,1,0,0,0,1,0,0,0,0,0,0,0,0,0,0,0
2026-03-22T00:16:49Z,1671.135,5518,-5675.800293,-10100.5,1441.700073,270.700012,3.1,0.1,0,1,0,0,0,1,0,0,0,0,0,0,0,0,0,0,0
2026-03-22T00:16:50Z,1671.386,5519,-5675.800293,-10100.5,1441.700073,270.700012,3.1,0.1,0,1,0,0,0,1,0,0,0,0,0,0,0,0,0,0,0
2026-03-22T00:16:50Z,1671.622,5520,-5675.800293,-10100.5,1441.700073,270.700012,3.1,0.1,0,1,0,0,0,1,0,0,0,0,0,0,0,0,0,0,0
2026-03-22T00:16:50Z,1671.873,5521,-5675.800293,-10100.5,1441.700073,271.100006,3.1,0.1,0,1,0,0,0,1,0,0,0,0,0,0,0,0,0,0,0
2026-03-22T00:16:50Z,1672.106,5522,-5675.800293,-10100.5,1441.700073,271.100006,3.1,0.1,0,1,0,0,0,1,0,0,0,0,0,0,0,0,0,0,0
2026-03-22T00:16:51Z,1672.351,5523,-5675.800293,-10100.5,1441.700073,271.100006,3.1,0.1,0,1,0,0,0,1,0,0,0,0,0,0,0,0,0,0,0
2026-03-22T00:16:51Z,1672.595,5524,-5675.800293,-10100.5,1441.700073,271.100006,3.1,0.1,0,1,0,0,0,1,0,0,0,0,0,0,0,0,0,0,0
2026-03-22T00:16:51Z,1672.833,5525,-5675.800293,-10100.5,1441.700073,271.5,3.1,0.1,0,1,0,0,0,1,0,0,0,0,0,0,0,0,0,0,0
2026-03-22T00:16:51Z,1673.078,5526,-5675.800293,-10100.5,1441.700073,271.5,3.1,0.1,0,1,0,0,0,1,0,0,0,0,0,0,0,0,0,0,0
2026-03-22T00:16:52Z,1673.341,5527,-5675.800293,-10100.5,1441.700073,271.5,3.1,0.1,0,1,0,0,0,1,0,0,0,0,0,0,0,0,0,0,0
2026-03-22T00:16:52Z,1673.583,5528,-5675.800293,-10100.5,1441.700073,271.5,3.1,0.1,0,1,0,0,0,1,0,0,0,0,0,0,0,0,0,0,0
2026-03-22T00:16:52Z,1673.831,5529,-5675.800293,-10100.5,1441.700073,271.899994,3.1,0.1,0,1,0,0,0,1,0,0,0,0,0,0,0,0,0,0,0
2026-03-22T00:16:52Z,1674.115,5530,-5675.800293,-10100.5,1441.700073,271.899994,3.1,0.1,0,1,0,0,0,1,0,0,0,0,0,0,0,0,0,0,0
2026-03-22T00:16:53Z,1674.362,5531,-5675.800293,-10100.5,1441.700073,271.899994,3.1,0.1,0,1,0,0,0,1,0,0,0,0,0,0,0,0,0,0,0
2026-03-22T00:16:53Z,1674.606,5532,-5675.800293,-10100.5,1441.700073,271.899994,3.1,0.1,0,1,0,0,0,1,0,0,0,0,0,0,0,0,0,0,0
2026-03-22T00:16:53Z,1674.856,5533,-5675.800293,-10100.5,1441.700073,272.300018,3,0.1,0,1,0,0,0,1,0,0,0,0,0,0,0,0,0,0,0
2026-03-22T00:16:53Z,1675.093,5534,-5675.800293,-10100.5,1441.700073,272.300018,3,0.1,0,1,0,0,0,1,0,0,0,0,0,0,0,0,0,0,0
2026-03-22T00:16:54Z,1675.327,5535,-5675.800293,-10100.5,1441.700073,272.300018,3,0.1,0,1,0,0,0,1,0,0,0,0,0,0,0,0,0,0,0
2026-03-22T00:16:54Z,1675.579,5536,-5675.800293,-10100.5,1441.700073,272.300018,3,0.1,0,1,0,0,0,1,0,0,0,0,0,0,0,0,0,0,0
2026-03-22T00:16:54Z,1675.844,5537,-5675.899902,-10100.5,1441.700073,272.800018,3.1,0.1,0,1,0,0,0,1,0,0,0,0,0,0,0,0,0,0,0
2026-03-22T00:16:55Z,1676.352,5538,-5675.899902,-10100.5,1441.700073,272.800018,3.1,0.1,0,1,0,0,0,1,0,0,0,0,0,0,0,0,0,0,0
2026-03-22T00:16:55Z,1676.729,5539,-5675.899902,-10100.5,1441.700073,272.800018,3.1,0.1,0,1,0,0,0,1,0,0,0,0,0,0,0,0,0,0,0
2026-03-22T00:16:55Z,1676.963,5540,-5675.899902,-10100.5,1441.700073,272.800018,3.1,0.1,0,1,0,0,0,1,0,0,0,0,0,0,0,0,0,0,0
2026-03-22T00:16:55Z,1677.228,5541,-5675.899902,-10100.5,1441.700073,273.200012,3.1,0.2,0,1,0,0,0,1,0,0,0,0,0,0,0,0,0,0,0
2026-03-22T00:16:56Z,1677.462,5542,-5675.899902,-10100.5,1441.700073,273.200012,3.1,0.2,0,1,0,0,0,1,0,0,0,0,0,0,0,0,0,0,0
2026-03-22T00:16:56Z,1677.970,5543,-5675.899902,-10100.600586,1441.700073,273.5,3,0.3,0,1,0,0,0,1,0,0,0,0,0,0,0,0,0,0,0
2026-03-22T00:16:56Z,1678.231,5544,-5675.899902,-10100.600586,1441.700073,273.5,3,0.3,0,1,0,0,0,1,0,0,0,0,0,0,0,0,0,0,0
2026-03-22T00:16:57Z,1678.465,5545,-5675.899902,-10100.600586,1441.700073,273.5,3,0.3,0,1,0,0,0,1,0,0,0,0,0,0,0,0,0,0,0
2026-03-22T00:16:57Z,1678.724,5546,-5675.899902,-10100.600586,1441.700073,273.5,3,0.3,0,1,0,0,0,1,0,0,0,0,0,0,0,0,0,0,0
2026-03-22T00:16:57Z,1678.970,5547,-5675.899902,-10100.600586,1441.700073,273.600006,3.4,-0.9,0,0,0,0,0,1,0,0,0,0,0,0,0,0,0,0,0
2026-03-22T00:16:57Z,1679.218,5548,-5675.899902,-10100.600586,1441.700073,273.600006,3.4,-0.9,0,0,0,0,0,1,0,0,0,0,0,0,0,0,0,0,0
2026-03-22T00:16:58Z,1679.453,5549,-5675.899902,-10100.600586,1441.700073,273.600006,3.4,-0.9,0,0,0,0,0,1,0,0,0,0,0,0,0,0,0,0,0
2026-03-22T00:16:58Z,1679.712,5550,-5675.899902,-10100.600586,1441.700073,273.600006,3.4,-0.9,0,0,0,0,0,1,0,0,0,0,0,0,0,0,0,0,0
2026-03-22T00:16:58Z,1679.942,5551,-5675.899902,-10100.600586,1441.800049,273.700012,2.8,-0.3,0,1,0,0,0,1,0,0,0,0,0,0,0,0,0,0,0
2026-03-22T00:16:58Z,1680.203,5552,-5675.899902,-10100.600586,1441.800049,273.700012,2.8,-0.3,0,1,0,0,0,1,0,0,0,0,0,0,0,0,0,0,0
2026-03-22T00:16:59Z,1680.454,5553,-5675.899902,-10100.600586,1441.800049,273.700012,2.8,-0.3,0,1,0,0,0,1,0,0,0,0,0,0,0,0,0,0,0
2026-03-22T00:16:59Z,1680.694,5554,-5675.899902,-10100.600586,1441.800049,273.700012,2.8,-0.3,0,1,0,0,0,1,0,0,0,0,0,0,0,0,0,0,0
2026-03-22T00:16:59Z,1680.959,5555,-5675.899902,-10100.600586,1441.700073,274,2.9,-0.4,0,1,0,0,0,1,0,0,0,0,0,0,0,0,0,0,0
2026-03-22T00:17:00Z,1681.224,5556,-5675.899902,-10100.600586,1441.700073,274,2.9,-0.4,0,1,0,0,0,1,0,0,0,0,0,0,0,0,0,0,0
2026-03-22T00:17:00Z,1681.863,5557,-5675.899902,-10100.600586,1441.700073,274.200012,3.1,-0.4,0,1,0,0,0,1,0,0,0,0,0,0,0,0,0,0,0
2026-03-22T00:17:01Z,1682.280,5558,-5675.899902,-10100.600586,1441.700073,274.200012,3.1,-0.4,0,1,0,0,0,1,0,0,0,0,0,0,0,0,0,0,0
2026-03-22T00:17:01Z,1682.544,5559,-5675.899902,-10100.600586,1441.700073,274.200012,3.1,-0.4,0,1,0,0,0,1,0,0,0,0,0,0,0,0,0,0,0
2026-03-22T00:17:01Z,1682.778,5560,-5675.899902,-10100.600586,1441.700073,274.200012,3.1,-0.4,0,1,0,0,0,1,0,0,0,0,0,0,0,0,0,0,0
2026-03-22T00:17:01Z,1683.096,5561,-5675.899902,-10100.600586,1441.700073,274.399994,2.8,-0.2,0,1,0,0,0,1,0,0,0,0,0,0,0,0,0,0,0
2026-03-22T00:17:02Z,1683.392,5562,-5675.899902,-10100.600586,1441.700073,274.399994,2.8,-0.2,0,1,0,0,0,1,0,0,0,0,0,0,0,0,0,0,0
2026-03-22T00:17:02Z,1683.651,5563,-5675.899902,-10100.600586,1441.700073,274.399994,2.8,-0.2,0,1,0,0,0,1,0,0,0,0,0,0,0,0,0,0,0
2026-03-22T00:17:02Z,1683.910,5564,-5675.899902,-10100.600586,1441.700073,274.600006,2.7,-0.1,0,1,0,0,0,1,0,0,0,0,0,0,0,0,0,0,0
2026-03-22T00:17:02Z,1684.139,5565,-5675.899902,-10100.600586,1441.700073,274.600006,2.7,-0.1,0,1,0,0,0,1,0,0,0,0,0,0,0,0,0,0,0
2026-03-22T00:17:03Z,1684.366,5566,-5675.899902,-10100.600586,1441.700073,274.600006,2.7,-0.1,0,1,0,0,0,1,0,0,0,0,0,0,0,0,0,0,0
2026-03-22T00:17:03Z,1684.602,5567,-5675.899902,-10100.600586,1441.700073,274.600006,2.7,-0.1,0,1,0,0,0,1,0,0,0,0,0,0,0,0,0,0,0
2026-03-22T00:17:03Z,1684.837,5568,-5676,-10100.600586,1441.700073,274.800018,2.7,-0.1,0,1,0,0,0,1,0,0,0,0,0,0,0,0,0,0,0
2026-03-22T00:17:03Z,1685.127,5569,-5676,-10100.600586,1441.700073,274.800018,2.7,-0.1,0,1,0,0,0,1,0,0,0,0,0,0,0,0,0,0,0
2026-03-22T00:17:04Z,1685.373,5570,-5676,-10100.600586,1441.700073,274.800018,2.7,-0.1,0,1,0,0,0,1,0,0,0,0,0,0,0,0,0,0,0
2026-03-22T00:17:04Z,1685.617,5571,-5676,-10100.600586,1441.700073,274.800018,2.7,-0.1,0,1,0,0,0,1,0,0,0,0,0,0,0,0,0,0,0
2026-03-22T00:17:04Z,1685.852,5572,-5676,-10100.600586,1441.700073,275,2.8,-0.1,0,1,0,0,0,1,0,0,0,0,0,0,0,0,0,0,0
2026-03-22T00:17:04Z,1686.081,5573,-5676,-10100.600586,1441.700073,275,2.8,-0.1,0,1,0,0,0,1,0,0,0,0,0,0,0,0,0,0,0
2026-03-22T00:17:05Z,1686.335,5574,-5676,-10100.600586,1441.700073,275,2.8,-0.1,0,1,0,0,0,1,0,0,0,0,0,0,0,0,0,0,0
2026-03-22T00:17:05Z,1686.569,5575,-5676,-10100.600586,1441.700073,275,2.8,-0.1,0,1,0,0,0,1,0,0,0,0,0,0,0,0,0,0,0
2026-03-22T00:17:05Z,1686.812,5576,-5676,-10100.600586,1441.700073,275,2.8,-0.1,0,1,0,0,0,1,0,0,0,0,0,0,0,0,0,0,0
2026-03-22T00:17:05Z,1687.055,5577,-5676,-10100.600586,1441.700073,275.200012,2.8,-0.1,0,1,0,0,0,1,0,0,0,0,0,0,0,0,0,0,0
2026-03-22T00:17:05Z,1687.289,5578,-5676,-10100.600586,1441.700073,275.200012,2.8,-0.1,0,1,0,0,0,1,0,0,0,0,0,0,0,0,0,0,0
2026-03-22T00:17:06Z,1687.524,5579,-5676,-10100.600586,1441.700073,275.200012,2.8,-0.1,0,1,0,0,0,1,0,0,0,0,0,0,0,0,0,0,0
2026-03-22T00:17:06Z,1687.770,5580,-5676,-10100.600586,1441.700073,275.200012,2.8,-0.1,0,1,0,0,0,1,0,0,0,0,0,0,0,0,0,0,0
2026-03-22T00:17:06Z,1688.021,5581,-5676,-10100.600586,1441.700073,275.5,3,-0.4,0,1,0,0,0,1,0,0,0,0,0,0,0,0,0,0,0
2026-03-22T00:17:06Z,1688.261,5582,-5676,-10100.600586,1441.700073,275.5,3,-0.4,0,1,0,0,0,1,0,0,0,0,0,0,0,0,0,0,0
2026-03-22T00:17:07Z,1688.527,5583,-5676,-10100.600586,1441.700073,275.5,3,-0.4,0,1,0,0,0,1,0,0,0,0,0,0,0,0,0,0,0
2026-03-22T00:17:07Z,1688.774,5584,-5676,-10100.600586,1441.700073,275.5,3,-0.4,0,1,0,0,0,1,0,0,0,0,0,0,0,0,0,0,0
2026-03-22T00:17:07Z,1689.006,5585,-5676,-10100.600586,1441.700073,275.899994,3,-0.3,0,1,0,0,0,1,0,0,0,0,0,0,0,0,0,0,0
2026-03-22T00:17:07Z,1689.240,5586,-5676,-10100.600586,1441.700073,275.899994,3,-0.3,0,1,0,0,0,1,0,0,0,0,0,0,0,0,0,0,0
2026-03-22T00:17:08Z,1689.478,5587,-5676,-10100.600586,1441.700073,275.899994,3,-0.3,0,1,0,0,0,1,0,0,0,0,0,0,0,0,0,0,0
2026-03-22T00:17:08Z,1689.711,5588,-5676,-10100.600586,1441.700073,275.899994,3,-0.3,0,1,0,0,0,1,0,0,0,0,0,0,0,0,0,0,0
2026-03-22T00:17:08Z,1689.952,5589,-5676,-10100.600586,1441.700073,276.100006,2.8,-0.3,0,1,0,0,0,1,0,0,0,0,0,0,0,0,0,0,0
2026-03-22T00:17:08Z,1690.209,5590,-5676,-10100.600586,1441.700073,276.100006,2.8,-0.3,0,1,0,0,0,1,0,0,0,0,0,0,0,0,0,0,0
2026-03-22T00:17:09Z,1690.454,5591,-5676,-10100.600586,1441.700073,276.100006,2.8,-0.3,0,1,0,0,0,1,0,0,0,0,0,0,0,0,0,0,0
2026-03-22T00:17:09Z,1690.690,5592,-5676,-10100.600586,1441.700073,276.100006,2.8,-0.3,0,1,0,0,0,1,0,0,0,0,0,0,0,0,0,0,0
2026-03-22T00:17:09Z,1690.933,5593,-5676,-10100.600586,1441.700073,276.399994,2.9,-0.3,0,1,0,0,0,1,0,0,0,0,0,0,0,0,0,0,0
2026-03-22T00:17:09Z,1691.181,5594,-5676,-10100.600586,1441.700073,276.399994,2.9,-0.3,0,1,0,0,0,1,0,0,0,0,0,0,0,0,0,0,0
2026-03-22T00:17:10Z,1691.412,5595,-5676,-10100.600586,1441.700073,276.399994,2.9,-0.3,0,1,0,0,0,1,0,0,0,0,0,0,0,0,0,0,0
2026-03-22T00:17:10Z,1691.667,5596,-5676,-10100.600586,1441.700073,276.399994,2.9,-0.3,0,1,0,0,0,1,0,0,0,0,0,0,0,0,0,0,0
2026-03-22T00:17:10Z,1691.902,5597,-5676.100098,-10100.600586,1441.700073,276.5,2.9,-0.2,0,0,0,0,0,1,0,0,0,0,0,0,0,0,0,0,0
2026-03-22T00:17:10Z,1692.138,5598,-5676.100098,-10100.600586,1441.700073,276.5,2.9,-0.2,0,0,0,0,0,1,0,0,0,0,0,0,0,0,0,0,0
2026-03-22T00:17:11Z,1692.374,5599,-5676.100098,-10100.600586,1441.700073,276.5,2.9,-0.2,0,0,0,0,0,1,0,0,0,0,0,0,0,0,0,0,0
2026-03-22T00:17:11Z,1692.617,5600,-5676.100098,-10100.600586,1441.700073,276.5,2.9,-0.2,0,0,0,0,0,1,0,0,0,0,0,0,0,0,0,0,0
2026-03-22T00:17:11Z,1692.854,5601,-5676.100098,-10100.600586,1441.700073,276.5,2.9,-0.2,0,0,0,0,0,1,0,0,0,0,0,0,0,0,0,0,0
2026-03-22T00:17:11Z,1693.133,5602,-5676.100098,-10100.600586,1441.700073,276.800018,2.7,-0.2,0,1,0,0,0,1,0,0,0,0,0,0,0,0,0,0,0
2026-03-22T00:17:12Z,1693.366,5603,-5676.100098,-10100.600586,1441.700073,276.800018,2.7,-0.2,0,1,0,0,0,1,0,0,0,0,0,0,0,0,0,0,0
2026-03-22T00:17:12Z,1693.612,5604,-5676.100098,-10100.600586,1441.700073,276.800018,2.7,-0.2,0,1,0,0,0,1,0,0,0,0,0,0,0,0,0,0,0
2026-03-22T00:17:12Z,1693.849,5605,-5676.100098,-10100.600586,1441.700073,276.800018,2.7,-0.2,0,1,0,0,0,1,0,0,0,0,0,0,0,0,0,0,0
2026-03-22T00:17:12Z,1694.130,5606,-5676.100098,-10100.600586,1441.700073,277,2.7,-0.1,0,1,0,0,0,1,0,0,0,0,0,0,0,0,0,0,0
2026-03-22T00:17:13Z,1694.372,5607,-5676.100098,-10100.600586,1441.700073,277,2.7,-0.1,0,1,0,0,0,1,0,0,0,0,0,0,0,0,0,0,0
2026-03-22T00:17:13Z,1694.613,5608,-5676.100098,-10100.600586,1441.700073,277,2.7,-0.1,0,1,0,0,0,1,0,0,0,0,0,0,0,0,0,0,0
2026-03-22T00:17:13Z,1694.872,5609,-5676.100098,-10100.600586,1441.700073,277.100006,2.8,-0.1,0,1,0,0,0,1,0,0,0,0,0,0,0,0,0,0,0
2026-03-22T00:17:13Z,1695.116,5610,-5676.100098,-10100.600586,1441.700073,277.100006,2.8,-0.1,0,1,0,0,0,1,0,0,0,0,0,0,0,0,0,0,0
2026-03-22T00:17:14Z,1695.390,5611,-5676.100098,-10100.600586,1441.700073,277.100006,2.8,-0.1,0,1,0,0,0,1,0,0,0,0,0,0,0,0,0,0,0
2026-03-22T00:17:14Z,1695.645,5612,-5676.100098,-10100.600586,1441.700073,277.100006,2.8,-0.1,0,1,0,0,0,1,0,0,0,0,0,0,0,0,0,0,0
2026-03-22T00:17:14Z,1695.894,5613,-5676.100098,-10100.600586,1441.700073,277.100006,2.8,-0.1,0,1,0,0,0,1,0,0,0,0,0,0,0,0,0,0,0
2026-03-22T00:17:14Z,1696.154,5614,-5675.899902,-10100.600586,1441.700073,276.899994,1.7,-0.2,0,1,1,0,0,1,0,0,0,0,0,0,0,0,0,0,0
2026-03-22T00:17:15Z,1696.393,5615,-5675.899902,-10100.600586,1441.700073,276.899994,1.7,-0.2,0,1,1,0,0,1,0,0,0,0,0,0,0,0,0,0,0
2026-03-22T00:17:15Z,1696.644,5616,-5675.899902,-10100.600586,1441.700073,276.899994,1.7,-0.2,0,1,1,0,0,1,0,0,0,0,0,0,0,0,0,0,0
2026-03-22T00:17:15Z,1696.894,5617,-5675.700195,-10100.600586,1441.700073,276.5,2.1,0,0,1,0,0,0,1,0,0,0,0,0,0,0,0,0,0,0
2026-03-22T00:17:15Z,1697.133,5618,-5675.700195,-10100.600586,1441.700073,276.5,2.1,0,0,1,0,0,0,1,0,0,0,0,0,0,0,0,0,0,0
2026-03-22T00:17:16Z,1697.383,5619,-5675.700195,-10100.600586,1441.700073,276.5,2.1,0,0,1,0,0,0,1,0,0,0,0,0,0,0,0,0,0,0
2026-03-22T00:17:16Z,1697.631,5620,-5675.700195,-10100.600586,1441.700073,276.5,2.1,0,0,1,0,0,0,1,0,0,0,0,0,0,0,0,0,0,0
2026-03-22T00:17:16Z,1697.875,5621,-5675.399902,-10100.700195,1441.700073,276,3,0.3,0,1,0,0,0,1,0,0,0,0,0,0,0,0,0,0,0
2026-03-22T00:17:16Z,1698.113,5622,-5675.399902,-10100.700195,1441.700073,276,3,0.3,0,1,0,0,0,1,0,0,0,0,0,0,0,0,0,0,0
2026-03-22T00:17:17Z,1698.362,5623,-5675.399902,-10100.700195,1441.700073,276,3,0.3,0,1,0,0,0,1,0,0,0,0,0,0,0,0,0,0,0
2026-03-22T00:17:17Z,1698.603,5624,-5675.399902,-10100.700195,1441.700073,276,3,0.3,0,1,0,0,0,1,0,0,0,0,0,0,0,0,0,0,0
2026-03-22T00:17:17Z,1698.843,5625,-5675.399902,-10100.700195,1441.700073,276,3,0.3,0,1,0,0,0,1,0,0,0,0,0,0,0,0,0,0,0
2026-03-22T00:17:17Z,1699.089,5626,-5674.899902,-10100.799805,1441.700073,275.300018,2.5,0.2,0,1,0,0,0,1,0,0,0,0,0,0,0,0,0,0,0
2026-03-22T00:17:18Z,1699.345,5627,-5674.899902,-10100.799805,1441.700073,275.300018,2.5,0.2,0,1,0,0,0,1,0,0,0,0,0,0,0,0,0,0,0
2026-03-22T00:17:18Z,1699.587,5628,-5674.899902,-10100.799805,1441.700073,275.300018,2.5,0.2,0,1,0,0,0,1,0,0,0,0,0,0,0,0,0,0,0
2026-03-22T00:17:18Z,1699.834,5629,-5674.899902,-10100.799805,1441.700073,275.300018,2.5,0.2,0,1,0,0,0,1,0,0,0,0,0,0,0,0,0,0,0
2026-03-22T00:17:18Z,1700.088,5630,-5674.300293,-10100.799805,1441.700073,274.399994,1.5,-0.6,0,1,1,0,0,0,0,0,0,0,0,0,0,0,0,0,0
2026-03-22T00:17:19Z,1700.327,5631,-5674.300293,-10100.799805,1441.700073,274.399994,1.5,-0.6,0,1,1,0,0,0,0,0,0,0,0,0,0,0,0,0,0
2026-03-22T00:17:19Z,1700.567,5632,-5674.300293,-10100.799805,1441.700073,274.399994,1.5,-0.6,0,1,1,0,0,0,0,0,0,0,0,0,0,0,0,0,0
2026-03-22T00:17:19Z,1700.810,5633,-5674.300293,-10100.799805,1441.700073,274.399994,1.5,-0.6,0,1,1,0,0,0,0,0,0,0,0,0,0,0,0,0,0
2026-03-22T00:17:19Z,1701.049,5634,-5673.800293,-10100.900391,1441.599976,273.5,1.4,-0.7,0,1,1,0,0,0,0,0,0,0,0,0,0,0,0,0,0
2026-03-22T00:17:20Z,1701.289,5635,-5673.800293,-10100.900391,1441.599976,273.5,1.4,-0.7,0,1,1,0,0,0,0,0,0,0,0,0,0,0,0,0,0
2026-03-22T00:17:20Z,1701.535,5636,-5673.800293,-10100.900391,1441.599976,273.5,1.4,-0.7,0,1,1,0,0,0,0,0,0,0,0,0,0,0,0,0,0
2026-03-22T00:17:20Z,1701.792,5637,-5673.800293,-10100.900391,1441.599976,273.5,1.4,-0.7,0,1,1,0,0,0,0,0,0,0,0,0,0,0,0,0,0
2026-03-22T00:17:25Z,1702.037,5638,-5673,-10100.900391,1441.599976,272.899994,2.2,-0.8,0,1,0,0,0,0,0,0,1,0,0,0,0,0,0,0,0
2026-03-22T00:17:26Z,1707.300,5639,-5671,-10101,1441.5,275.200012,2.3,-0.5,0,0,0,0,0,0,0,0,1,0,0,0,0,1,0,0,0
2026-03-22T00:17:26Z,1707.573,5640,-5671,-10101,1441.5,275.200012,2.3,-0.5,0,0,0,0,0,0,0,0,1,0,0,0,0,1,0,0,0
2026-03-22T00:17:26Z,1707.833,5641,-5671,-10101,1441.5,275.200012,2,-0.5,0,0,0,0,0,0,0,0,0,0,0,0,0,1,0,0,0
2026-03-22T00:17:26Z,1708.078,5642,-5671,-10101,1441.5,275.200012,2,-0.5,0,0,0,0,0,0,0,0,0,0,0,0,0,1,0,0,0
2026-03-22T00:17:27Z,1708.319,5643,-5671,-10101,1441.5,275.200012,2,-0.5,0,0,0,0,0,0,0,0,0,0,0,0,0,1,0,0,0
2026-03-22T00:17:27Z,1708.567,5644,-5671,-10101,1441.5,275.200012,2,-0.5,0,0,0,0,0,0,0,0,0,0,0,0,0,1,0,0,0
2026-03-22T00:17:27Z,1708.811,5645,-5671,-10101,1441.5,275.200012,2,-0.5,0,0,0,0,0,0,0,0,0,0,0,0,0,1,0,0,0
2026-03-22T00:17:27Z,1709.053,5646,-5671,-10101,1441.5,275.300018,3.2,-0.5,0,0,0,0,0,0,0,0,0,0,0,0,0,0,0,0,0
2026-03-22T00:17:28Z,1709.296,5647,-5671,-10101,1441.5,275.300018,3.2,-0.5,0,0,0,0,0,0,0,0,0,0,0,0,0,0,0,0,0
2026-03-22T00:17:28Z,1709.541,5648,-5671,-10101,1441.5,275.300018,3.2,-0.5,0,0,0,0,0,0,0,0,0,0,0,0,0,0,0,0,0
2026-03-22T00:17:28Z,1709.782,5649,-5671,-10101,1441.5,275.300018,3.2,-0.5,0,0,0,0,0,0,0,0,0,0,0,0,0,0,0,0,0
2026-03-22T00:17:28Z,1710.042,5650,-5671.100098,-10101,1441.5,275.800018,2.9,-0.5,0,0,0,0,0,0,0,0,1,0,0,0,0,0,0,0,0
2026-03-22T00:17:29Z,1710.300,5651,-5671.100098,-10101,1441.5,275.800018,2.9,-0.5,0,0,0,0,0,0,0,0,1,0,0,0,0,0,0,0,0
2026-03-22T00:17:29Z,1710.567,5652,-5671.100098,-10101,1441.5,275.800018,2.9,-0.5,0,0,0,0,0,0,0,0,1,0,0,0,0,0,0,0,0
2026-03-22T00:17:29Z,1710.808,5653,-5671.100098,-10101,1441.5,275.800018,2.9,-0.5,0,0,0,0,0,0,0,0,1,0,0,0,0,0,0,0,0
2026-03-22T00:17:29Z,1711.054,5654,-5671.100098,-10101,1441.5,276.700012,2.7,-0.5,0,0,0,0,0,0,0,0,1,0,0,0,0,0,0,0,0
2026-03-22T00:17:30Z,1711.292,5655,-5671.100098,-10101,1441.5,276.700012,2.7,-0.5,0,0,0,0,0,0,0,0,1,0,0,0,0,0,0,0,0
2026-03-22T00:17:30Z,1711.549,5656,-5671.100098,-10101,1441.5,276.700012,2.7,-0.5,0,0,0,0,0,0,0,0,1,0,0,0,0,0,0,0,0
2026-03-22T00:17:30Z,1711.794,5657,-5671.100098,-10101,1441.5,276.700012,2.7,-0.5,0,0,0,0,0,0,0,0,1,0,0,0,0,0,0,0,0
2026-03-22T00:17:30Z,1712.066,5658,-5671.200195,-10100.900391,1441.5,277.700012,2.9,-0.4,0,0,0,0,0,0,0,0,1,0,0,0,0,0,0,0,0
2026-03-22T00:17:31Z,1712.308,5659,-5671.200195,-10100.900391,1441.5,277.700012,2.9,-0.4,0,0,0,0,0,0,0,0,1,0,0,0,0,0,0,0,0
2026-03-22T00:17:31Z,1712.571,5660,-5671.200195,-10100.900391,1441.5,277.700012,2.9,-0.4,0,0,0,0,0,0,0,0,1,0,0,0,0,0,0,0,0
2026-03-22T00:17:31Z,1712.813,5661,-5671.200195,-10100.900391,1441.5,277.700012,2.9,-0.4,0,0,0,0,0,0,0,0,1,0,0,0,0,0,0,0,0
2026-03-22T00:17:31Z,1713.082,5662,-5671.300293,-10100.900391,1441.599976,279.300018,2.8,-0.3,0,0,0,0,0,0,0,0,1,0,0,0,0,0,0,0,0
2026-03-22T00:17:32Z,1713.336,5663,-5671.300293,-10100.900391,1441.599976,279.300018,2.8,-0.3,0,0,0,0,0,0,0,0,1,0,0,0,0,0,0,0,0
2026-03-22T00:17:32Z,1713.577,5664,-5671.300293,-10100.900391,1441.599976,279.300018,2.8,-0.3,0,0,0,0,0,0,0,0,1,0,0,0,0,0,0,0,0
2026-03-22T00:17:32Z,1713.816,5665,-5671.300293,-10100.900391,1441.599976,279.300018,2.8,-0.3,0,0,0,0,0,0,0,0,1,0,0,0,0,0,0,0,0
2026-03-22T00:17:32Z,1714.062,5666,-5671.5,-10100.799805,1441.599976,281.100006,2.7,-0.2,0,0,0,0,0,0,0,0,1,0,0,0,0,0,0,0,0
2026-03-22T00:17:33Z,1714.302,5667,-5671.5,-10100.799805,1441.599976,281.100006,2.7,-0.2,0,0,0,0,0,0,0,0,1,0,0,0,0,0,0,0,0
2026-03-22T00:17:33Z,1714.542,5668,-5671.5,-10100.799805,1441.599976,281.100006,2.7,-0.2,0,0,0,0,0,0,0,0,1,0,0,0,0,0,0,0,0
2026-03-22T00:17:33Z,1714.785,5669,-5671.5,-10100.799805,1441.599976,281.100006,2.7,-0.2,0,0,0,0,0,0,0,0,1,0,0,0,0,0,0,0,0
2026-03-22T00:17:33Z,1715.043,5670,-5671.600098,-10100.700195,1441.599976,283.399994,2.9,-0.1,0,0,0,0,0,0,0,0,1,0,0,0,0,0,0,0,0
2026-03-22T00:17:34Z,1715.296,5671,-5671.600098,-10100.700195,1441.599976,283.399994,2.9,-0.1,0,0,0,0,0,0,0,0,1,0,0,0,0,0,0,0,0
2026-03-22T00:17:34Z,1715.542,5672,-5671.600098,-10100.700195,1441.599976,283.399994,2.9,-0.1,0,0,0,0,0,0,0,0,1,0,0,0,0,0,0,0,0
2026-03-22T00:17:34Z,1715.785,5673,-5671.600098,-10100.700195,1441.599976,283.399994,2.9,-0.1,0,0,0,0,0,0,0,0,1,0,0,0,0,0,0,0,0
2026-03-22T00:17:34Z,1716.026,5674,-5671.800293,-10100.600586,1441.599976,285.600006,2.9,0,0,0,0,0,0,0,0,0,1,0,0,0,0,0,0,0,0
2026-03-22T00:17:34Z,1716.266,5675,-5671.800293,-10100.600586,1441.599976,285.600006,2.9,0,0,0,0,0,0,0,0,0,1,0,0,0,0,0,0,0,0
2026-03-22T00:17:35Z,1716.509,5676,-5671.800293,-10100.600586,1441.599976,285.600006,2.9,0,0,0,0,0,0,0,0,0,1,0,0,0,0,0,0,0,0
2026-03-22T00:17:35Z,1716.757,5677,-5671.800293,-10100.600586,1441.599976,285.600006,2.9,0,0,0,0,0,0,0,0,0,1,0,0,0,0,0,0,0,0
2026-03-22T00:17:35Z,1716.994,5678,-5671.899902,-10100.5,1441.599976,288.399994,2.8,0.2,0,0,0,0,0,0,0,0,1,0,0,0,0,0,0,0,0
2026-03-22T00:17:35Z,1717.254,5679,-5671.899902,-10100.5,1441.599976,288.399994,2.8,0.2,0,0,0,0,0,0,0,0,1,0,0,0,0,0,0,0,0
2026-03-22T00:17:36Z,1717.508,5680,-5671.899902,-10100.5,1441.599976,288.399994,2.8,0.2,0,0,0,0,0,0,0,0,1,0,0,0,0,0,0,0,0
2026-03-22T00:17:36Z,1717.756,5681,-5671.899902,-10100.5,1441.599976,288.399994,2.8,0.2,0,0,0,0,0,0,0,0,1,0,0,0,0,0,0,0,0
2026-03-22T00:17:36Z,1718.028,5682,-5672.100098,-10100.299805,1441.599976,291.399994,2.7,0.4,0,0,0,0,0,0,0,0,1,0,0,0,0,0,0,0,0
2026-03-22T00:17:36Z,1718.270,5683,-5672.100098,-10100.299805,1441.599976,291.399994,2.7,0.4,0,0,0,0,0,0,0,0,1,0,0,0,0,0,0,0,0
2026-03-22T00:17:37Z,1718.510,5684,-5672.100098,-10100.299805,1441.599976,291.399994,2.7,0.4,0,0,0,0,0,0,0,0,1,0,0,0,0,0,0,0,0
2026-03-22T00:17:37Z,1718.752,5685,-5672.100098,-10100.299805,1441.599976,291.399994,2.7,0.4,0,0,0,0,0,0,0,0,1,0,0,0,0,0,0,0,0
2026-03-22T00:17:37Z,1719.010,5686,-5672.399902,-10100.200195,1441.599976,294.800018,2.8,0.6,0,0,0,0,0,0,0,0,1,0,0,0,0,0,0,0,0
2026-03-22T00:17:37Z,1719.246,5687,-5672.399902,-10100.200195,1441.599976,294.800018,2.8,0.6,0,0,0,0,0,0,0,0,1,0,0,0,0,0,0,0,0
2026-03-22T00:17:38Z,1719.497,5688,-5672.399902,-10100.200195,1441.599976,294.800018,2.8,0.6,0,0,0,0,0,0,0,0,1,0,0,0,0,0,0,0,0
2026-03-22T00:17:38Z,1719.747,5689,-5672.399902,-10100.200195,1441.599976,294.800018,2.8,0.6,0,0,0,0,0,0,0,0,1,0,0,0,0,0,0,0,0
2026-03-22T00:17:38Z,1719.987,5690,-5672.600098,-10100.200195,1441.599976,294.800018,2.8,0.6,0,0,0,0,0,0,0,0,1,0,0,0,0,0,0,0,0
2026-03-22T00:17:38Z,1720.247,5691,-5672.600098,-10099.900391,1441.599976,298.800018,2.7,0.7,0,0,1,0,0,1,1,0,1,0,0,0,0,0,0,0,0
2026-03-22T00:17:39Z,1720.492,5692,-5672.600098,-10099.900391,1441.599976,298.800018,2.7,0.7,0,0,1,0,0,1,1,0,1,0,0,0,0,0,0,0,0
2026-03-22T00:17:39Z,1720.744,5693,-5672.600098,-10099.900391,1441.599976,298.800018,2.7,0.7,0,0,1,0,0,1,1,0,1,0,0,0,0,0,0,0,0
2026-03-22T00:17:39Z,1720.981,5694,-5672.800293,-10099.700195,1441.599976,303,2.5,0.9,0,0,1,1,0,0,1,0,1,0,0,0,0,0,1,0,0
2026-03-22T00:17:39Z,1721.228,5695,-5672.800293,-10099.700195,1441.599976,303,2.5,0.9,0,0,1,1,0,0,1,0,1,0,0,0,0,0,1,0,0
2026-03-22T00:17:40Z,1721.482,5696,-5672.800293,-10099.700195,1441.599976,303,2.5,0.9,0,0,1,1,0,0,1,0,1,0,0,0,0,0,1,0,0
2026-03-22T00:17:40Z,1721.733,5697,-5672.800293,-10099.700195,1441.599976,303,2.5,0.9,0,0,1,1,0,0,1,0,1,0,0,0,0,0,1,0,0
2026-03-22T00:17:40Z,1721.972,5698,-5673,-10099.400391,1441.599976,307.200012,2.4,1.1,0,0,0,0,1,0,0,0,1,0,0,0,0,0,0,0,0
2026-03-22T00:17:40Z,1722.210,5699,-5673,-10099.400391,1441.599976,307.200012,2.4,1.1,0,0,0,0,1,0,0,0,1,0,0,0,0,0,0,0,0
2026-03-22T00:17:41Z,1722.451,5700,-5673,-10099.400391,1441.599976,307.200012,2.4,1.1,0,0,0,0,1,0,0,0,1,0,0,0,0,0,0,0,0
2026-03-22T00:17:41Z,1722.718,5701,-5673,-10099.400391,1441.599976,307.200012,2.4,1.1,0,0,0,0,1,0,0,0,1,0,0,0,0,0,0,0,0
2026-03-22T00:17:41Z,1722.965,5702,-5673.200195,-10099.200195,1441.599976,306.700012,2,1.5,0,0,0,0,1,0,0,0,1,0,0,0,0,0,0,0,0
2026-03-22T00:17:41Z,1723.232,5703,-5673.200195,-10099.200195,1441.599976,306.700012,2,1.5,0,0,0,0,1,0,0,0,1,0,0,0,0,0,0,0,0
2026-03-22T00:17:42Z,1723.499,5704,-5673.200195,-10099.200195,1441.599976,306.700012,2,1.5,0,0,0,0,1,0,0,0,1,0,0,0,0,0,0,0,0
2026-03-22T00:17:42Z,1723.737,5705,-5673.200195,-10099.200195,1441.599976,306.700012,2,1.5,0,0,0,0,1,0,0,0,1,0,0,0,0,0,0,0,0
2026-03-22T00:17:42Z,1723.986,5706,-5673.200195,-10099.200195,1441.599976,306.700012,2.2,1.3,0,0,0,0,0,0,0,0,1,0,0,0,0,0,0,0,0
2026-03-22T00:17:42Z,1724.233,5707,-5673.200195,-10099.200195,1441.599976,306.700012,2.2,1.3,0,0,0,0,0,0,0,0,1,0,0,0,0,0,0,0,0
2026-03-22T00:17:43Z,1724.475,5708,-5673.200195,-10099.200195,1441.599976,306.700012,2.2,1.3,0,0,0,0,0,0,0,0,1,0,0,0,0,0,0,0,0
2026-03-22T00:17:43Z,1724.711,5709,-5673.200195,-10099.200195,1441.599976,306.700012,2.2,1.3,0,0,0,0,0,0,0,0,1,0,0,0,0,0,0,0,0
2026-03-22T00:17:43Z,1724.950,5710,-5673.200195,-10099.200195,1441.599976,306.700012,2.3,1.1,0,0,0,0,0,0,0,0,1,0,0,0,0,0,0,0,0
2026-03-22T00:17:43Z,1725.207,5711,-5673.200195,-10099.200195,1441.599976,306.700012,2.3,1.1,0,0,0,0,0,0,0,0,1,0,0,0,0,0,0,0,0
2026-03-22T00:17:44Z,1725.450,5712,-5673.200195,-10099.200195,1441.599976,306.700012,2.3,1.1,0,0,0,0,0,0,0,0,1,0,0,0,0,0,0,0,0
2026-03-22T00:17:44Z,1725.694,5713,-5673.200195,-10099.200195,1441.599976,306.700012,2.3,1.1,0,0,0,0,0,0,0,0,1,0,0,0,0,0,0,0,0
2026-03-22T00:17:44Z,1725.932,5714,-5673.200195,-10099.200195,1441.599976,306.600006,2.3,1.2,0,0,0,0,0,0,0,0,1,0,0,0,0,0,0,0,0
2026-03-22T00:17:44Z,1726.193,5715,-5673.200195,-10099.200195,1441.599976,306.600006,2.3,1.2,0,0,0,0,0,0,0,0,1,0,0,0,0,0,0,0,0
2026-03-22T00:17:45Z,1726.444,5716,-5673.200195,-10099.200195,1441.599976,306.600006,2.3,1.2,0,0,0,0,0,0,0,0,1,0,0,0,0,0,0,0,0
2026-03-22T00:17:45Z,1726.688,5717,-5673.200195,-10099.200195,1441.599976,306.600006,2.3,1.2,0,0,0,0,0,0,0,0,1,0,0,0,0,0,0,0,0
2026-03-22T00:17:45Z,1726.935,5718,-5673.200195,-10099.200195,1441.599976,306.600006,2.2,1.2,0,0,0,0,0,0,0,0,1,0,0,0,0,0,0,0,0
2026-03-22T00:17:45Z,1727.194,5719,-5673.200195,-10099.200195,1441.599976,306.600006,2.2,1.2,0,0,0,0,0,0,0,0,1,0,0,0,0,0,0,0,0
2026-03-22T00:17:46Z,1727.434,5720,-5673.200195,-10099.200195,1441.599976,306.600006,2.2,1.2,0,0,0,0,0,0,0,0,1,0,0,0,0,0,0,0,0
2026-03-22T00:17:46Z,1727.697,5721,-5673.200195,-10099.200195,1441.599976,306.600006,2.2,1.2,0,0,0,0,0,0,0,0,1,0,0,0,0,0,0,0,0
2026-03-22T00:17:46Z,1727.956,5722,-5673.200195,-10099.200195,1441.599976,306.5,2.2,1.2,0,0,0,0,0,0,0,0,1,0,0,0,0,0,0,0,0
2026-03-22T00:17:46Z,1728.200,5723,-5673.200195,-10099.200195,1441.599976,306.5,2.2,1.2,0,0,0,0,0,0,0,0,1,0,0,0,0,0,0,0,0
2026-03-22T00:17:47Z,1728.450,5724,-5673.200195,-10099.200195,1441.599976,306.5,2.2,1.2,0,0,0,0,0,0,0,0,1,0,0,0,0,0,0,0,0
2026-03-22T00:17:47Z,1728.687,5725,-5673.200195,-10099.200195,1441.599976,306.5,2.2,1.2,0,0,0,0,0,0,0,0,1,0,0,0,0,0,0,0,0
2026-03-22T00:17:47Z,1728.949,5726,-5673.200195,-10099.200195,1441.599976,306.5,2.2,1.2,0,0,0,0,0,0,0,0,1,0,0,0,0,0,0,0,0
2026-03-22T00:17:47Z,1729.204,5727,-5673.200195,-10099.200195,1441.599976,306.5,2.2,1.2,0,0,0,0,0,0,0,0,1,0,0,0,0,0,0,0,0
2026-03-22T00:17:48Z,1729.446,5728,-5673.200195,-10099.200195,1441.599976,306.5,2.2,1.2,0,0,0,0,0,0,0,0,1,0,0,0,0,0,0,0,0
2026-03-22T00:17:48Z,1729.687,5729,-5673.200195,-10099.200195,1441.599976,306.5,2.2,1.2,0,0,0,0,0,0,0,0,1,0,0,0,0,0,0,0,0
2026-03-22T00:17:48Z,1729.927,5730,-5673.200195,-10099.200195,1441.599976,306.399994,2.2,1.2,0,0,0,0,0,0,0,0,1,0,0,0,0,0,0,0,0
2026-03-22T00:17:48Z,1730.168,5731,-5673.200195,-10099.200195,1441.599976,306.399994,2.2,1.2,0,0,0,0,0,0,0,0,1,0,0,0,0,0,0,0,0
2026-03-22T00:17:49Z,1730.421,5732,-5673.200195,-10099.200195,1441.599976,306.399994,2.2,1.2,0,0,0,0,0,0,0,0,1,0,0,0,0,0,0,0,0
2026-03-22T00:17:49Z,1730.664,5733,-5673.200195,-10099.200195,1441.599976,306.399994,2.2,1.2,0,0,0,0,0,0,0,0,1,0,0,0,0,0,0,0,0
2026-03-22T00:17:49Z,1730.923,5734,-5673.200195,-10099.200195,1441.599976,306.399994,2.2,1.2,0,0,0,0,0,0,0,0,1,0,0,0,0,0,0,0,0
2026-03-22T00:17:49Z,1731.169,5735,-5673,-10099.299805,1441.599976,306.100006,1,1.3,0,0,1,0,1,0,0,0,1,0,0,0,0,0,0,0,0
2026-03-22T00:17:50Z,1731.417,5736,-5673,-10099.299805,1441.599976,306.100006,1,1.3,0,0,1,0,1,0,0,0,1,0,0,0,0,0,0,0,0
2026-03-22T00:17:50Z,1731.680,5737,-5673,-10099.299805,1441.599976,306.100006,1,1.3,0,0,1,0,1,0,0,0,1,0,0,0,0,0,0,0,0
2026-03-22T00:17:50Z,1731.934,5738,-5673,-10099.299805,1441.599976,306.100006,1,1.3,0,0,1,0,1,0,0,0,1,0,0,0,0,0,0,0,0
2026-03-22T00:17:50Z,1732.214,5739,-5672.700195,-10099.5,1441.599976,305.5,1.7,1.2,0,0,1,0,1,0,0,0,1,0,0,0,0,0,0,0,0
2026-03-22T00:17:51Z,1732.462,5740,-5672.700195,-10099.5,1441.599976,305.5,1.7,1.2,0,0,1,0,1,0,0,0,1,0,0,0,0,0,0,0,0
2026-03-22T00:17:51Z,1732.727,5741,-5672.700195,-10099.5,1441.599976,305.5,1.7,1.2,0,0,1,0,1,0,0,0,1,0,0,0,0,0,0,0,0
2026-03-22T00:17:51Z,1732.975,5742,-5672.300293,-10099.799805,1441.599976,304.700012,1.7,1.1,0,0,1,0,1,0,0,0,1,0,0,0,0,0,0,0,0
2026-03-22T00:17:51Z,1733.217,5743,-5672.300293,-10099.799805,1441.599976,304.700012,1.7,1.1,0,0,1,0,1,0,0,0,1,0,0,0,0,0,0,0,0
2026-03-22T00:17:52Z,1733.461,5744,-5672.300293,-10099.799805,1441.599976,304.700012,1.7,1.1,0,0,1,0,1,0,0,0,1,0,0,0,0,0,0,0,0
2026-03-22T00:17:52Z,1733.709,5745,-5672.300293,-10099.799805,1441.599976,304.700012,1.7,1.1,0,0,1,0,1,0,0,0,1,0,0,0,0,0,0,0,0
2026-03-22T00:17:52Z,1733.946,5746,-5671.800293,-10100.200195,1441.599976,303.800018,1.3,1,0,0,1,0,1,1,1,0,1,0,0,0,0,0,0,0,0
2026-03-22T00:17:52Z,1734.186,5747,-5671.800293,-10100.200195,1441.599976,303.800018,1.3,1,0,0,1,0,1,1,1,0,1,0,0,0,0,0,0,0,0
2026-03-22T00:17:53Z,1734.461,5748,-5671.800293,-10100.200195,1441.599976,303.800018,1.3,1,0,0,1,0,1,1,1,0,1,0,0,0,0,0,0,0,0
2026-03-22T00:17:53Z,1734.704,5749,-5671.800293,-10100.200195,1441.599976,303.800018,1.3,1,0,0,1,0,1,1,1,0,1,0,0,0,0,0,0,0,0
2026-03-22T00:17:53Z,1734.943,5750,-5671.200195,-10100.600586,1441.5,302.600006,1.9,0.7,0,0,1,0,1,0,0,0,1,0,0,0,0,0,0,0,0
2026-03-22T00:17:53Z,1735.216,5751,-5671.200195,-10100.600586,1441.5,302.600006,1.9,0.7,0,0,1,0,1,1,1,0,1,0,0,0,0,0,0,0,0
2026-03-22T00:17:54Z,1735.488,5752,-5671.200195,-10100.600586,1441.5,302.600006,1.9,0.7,0,0,1,0,1,1,1,0,1,0,0,0,0,0,0,0,0
2026-03-22T00:17:54Z,1735.732,5753,-5671.200195,-10100.600586,1441.5,302.600006,1.9,0.7,0,0,1,0,1,1,1,0,1,0,0,0,0,0,0,0,0
2026-03-22T00:17:54Z,1735.976,5754,-5670.5,-10101.100586,1441.5,301.399994,2.2,0.6,0,0,1,0,1,0,1,0,0,0,0,0,0,0,0,0,0
2026-03-22T00:17:54Z,1736.233,5755,-5670.5,-10101.100586,1441.5,301.399994,2.2,0.6,0,0,1,0,1,0,1,0,0,0,0,0,0,0,0,0,0
2026-03-22T00:17:55Z,1736.485,5756,-5670.5,-10101.100586,1441.5,301.399994,2.2,0.6,0,0,1,0,1,0,1,0,0,0,0,0,0,0,0,0,0
2026-03-22T00:17:55Z,1736.729,5757,-5670.5,-10101.100586,1441.5,301.399994,2.2,0.6,0,0,1,0,1,0,1,0,0,0,0,0,0,0,0,0,0
2026-03-22T00:18:00Z,1736.971,5758,-5669.600098,-10101.700195,1441.5,299.800018,2.4,0.8,0,0,1,0,1,0,1,0,0,0,0,0,0,0,0,0,0
2026-03-22T00:18:00Z,1742.233,5759,-5667,-10103.200195,1441.300049,296.200012,3.4,1.6,0,0,0,0,1,0,0,0,0,0,0,0,0,1,0,0,0
2026-03-22T00:18:01Z,1742.479,5760,-5667,-10103.200195,1441.300049,296.200012,3.4,1.6,0,0,0,0,1,0,0,0,0,0,0,0,0,1,0,0,0
2026-03-22T00:18:01Z,1742.717,5761,-5667,-10103.200195,1441.300049,296.200012,3.4,1.6,0,0,0,0,1,0,0,0,0,0,0,0,0,1,0,0,0
2026-03-22T00:18:01Z,1742.960,5762,-5667.100098,-10103.200195,1441.300049,296.200012,5.4,1.7,0,0,0,0,1,0,0,0,0,0,0,0,0,0,0,0,0
2026-03-22T00:18:01Z,1743.216,5763,-5667.100098,-10103.200195,1441.300049,296.200012,5.4,1.7,0,0,0,0,1,0,0,0,0,0,0,0,0,0,0,0,0
2026-03-22T00:18:02Z,1743.462,5764,-5667.100098,-10103.200195,1441.300049,296.200012,5.4,1.7,0,0,0,0,1,0,0,0,0,0,0,0,0,0,0,0,0
2026-03-22T00:18:02Z,1743.725,5765,-5667.100098,-10103.200195,1441.300049,296.200012,5.4,1.7,0,0,0,0,1,0,0,0,0,0,0,0,0,0,0,0,0
2026-03-22T00:18:02Z,1743.967,5766,-5667.100098,-10103.200195,1441.300049,296.200012,5.1,1.7,0,0,0,0,1,0,0,0,0,0,0,0,0,0,0,0,0
2026-03-22T00:18:02Z,1744.208,5767,-5667.100098,-10103.200195,1441.300049,296.200012,5.1,1.7,0,0,0,0,1,0,0,0,0,0,0,0,0,0,0,0,0
2026-03-22T00:18:03Z,1744.449,5768,-5667.100098,-10103.200195,1441.300049,296.200012,5.1,1.7,0,0,0,0,1,0,0,0,0,0,0,0,0,0,0,0,0
2026-03-22T00:18:03Z,1744.699,5769,-5667.100098,-10103.200195,1441.300049,296.200012,5.1,1.7,0,0,0,0,1,0,0,0,0,0,0,0,0,0,0,0,0
2026-03-22T00:18:03Z,1744.943,5770,-5667.100098,-10103.200195,1441.300049,295.5,5,1.7,0,0,0,0,1,0,0,0,0,0,0,0,0,0,0,0,0
2026-03-22T00:18:03Z,1745.202,5771,-5667.100098,-10103.200195,1441.300049,295.5,5,1.7,0,0,0,0,1,0,0,0,0,0,0,0,0,0,0,0,0
2026-03-22T00:18:04Z,1745.456,5772,-5667.100098,-10103.200195,1441.300049,295.5,5,1.7,0,0,0,0,1,0,0,0,0,0,0,0,0,0,0,0,0
2026-03-22T00:18:04Z,1745.717,5773,-5667.100098,-10103.200195,1441.300049,295.5,5,1.7,0,0,0,0,1,0,0,0,0,0,0,0,0,0,0,0,0
2026-03-22T00:18:04Z,1745.974,5774,-5667.200195,-10103.100586,1441.300049,294.300018,5.3,1.5,0,0,0,0,0,0,0,0,0,0,0,0,0,0,0,0,0
2026-03-22T00:18:05Z,1746.252,5775,-5667.200195,-10103.100586,1441.300049,294.300018,5.3,1.5,0,0,0,0,0,0,0,0,0,0,0,0,0,0,0,0,0
2026-03-22T00:18:05Z,1746.538,5776,-5667.200195,-10103.100586,1441.300049,294.300018,5.3,1.5,0,0,0,0,0,0,0,0,0,0,0,0,0,0,0,0,0
2026-03-22T00:18:05Z,1746.778,5777,-5667.200195,-10103.100586,1441.300049,294.300018,5.3,1.5,0,0,0,0,0,0,0,0,0,0,0,0,0,0,0,0,0
2026-03-22T00:18:05Z,1747.060,5778,-5667.300293,-10103.100586,1441.300049,292.700012,5,1.3,0,0,0,0,1,0,0,0,0,0,0,0,0,0,0,0,0
2026-03-22T00:18:06Z,1747.318,5779,-5667.300293,-10103.100586,1441.300049,292.700012,5,1.3,0,0,0,0,1,0,0,0,0,0,0,0,0,0,0,0,0
2026-03-22T00:18:06Z,1747.597,5780,-5667.300293,-10103.100586,1441.300049,292.700012,5,1.3,0,0,0,0,1,0,0,0,0,0,0,0,0,0,0,0,0
2026-03-22T00:18:06Z,1747.832,5781,-5667.300293,-10103.100586,1441.300049,292.700012,5,1.3,0,0,0,0,1,0,0,0,0,0,0,0,0,0,0,0,0
2026-03-22T00:18:06Z,1748.126,5782,-5667.5,-10103.100586,1441.300049,290.800018,5.2,1.1,0,0,0,0,0,0,0,0,0,0,0,0,0,0,0,0,0
2026-03-22T00:18:07Z,1748.481,5783,-5667.5,-10103.100586,1441.300049,290.800018,5.2,1.1,0,0,0,0,0,0,0,0,0,0,0,0,0,0,0,0,0
2026-03-22T00:18:07Z,1748.739,5784,-5667.5,-10103.100586,1441.300049,290.800018,5.2,1.1,0,0,0,0,0,0,0,0,0,0,0,0,0,0,0,0,0
2026-03-22T00:18:08Z,1749.018,5785,-5667.700195,-10103.100586,1441.300049,288.399994,5.3,0.7,0,0,0,1,0,0,0,0,0,0,0,0,0,0,0,0,0
2026-03-22T00:18:09Z,1750.378,5786,-5667.899902,-10103.100586,1441.300049,285.800018,5.1,0.4,0,0,0,1,0,0,0,0,0,0,0,0,0,0,0,0,0
2026-03-22T00:18:09Z,1750.614,5787,-5667.899902,-10103.100586,1441.300049,285.800018,5.1,0.4,0,0,0,1,0,0,0,0,0,0,0,0,0,0,0,0,0
2026-03-22T00:18:09Z,1750.898,5788,-5668.100098,-10103.100586,1441.300049,282.899994,4.9,0.2,0,0,0,1,0,0,0,0,0,0,0,0,0,0,0,0,0
2026-03-22T00:18:09Z,1751.231,5789,-5668.100098,-10103.100586,1441.300049,282.899994,4.9,0.2,0,0,0,1,0,0,0,0,0,0,0,0,0,0,0,0,0
2026-03-22T00:18:10Z,1751.537,5790,-5668.100098,-10103.100586,1441.300049,282.899994,4.9,0.2,0,0,0,1,0,0,0,0,0,0,0,0,0,0,0,0,0
2026-03-22T00:18:10Z,1751.856,5791,-5668.100098,-10103.100586,1441.300049,282.899994,4.9,0.2,0,0,0,1,0,0,0,0,0,0,0,0,0,0,0,0,0
2026-03-22T00:18:10Z,1752.131,5792,-5668.399902,-10103.200195,1441.400024,279.700012,4.7,-0.1,0,0,0,0,0,0,0,0,0,0,0,0,0,0,0,0,0
2026-03-22T00:18:11Z,1752.407,5793,-5668.399902,-10103.200195,1441.400024,279.700012,4.7,-0.1,0,0,0,0,0,0,0,0,0,0,0,0,0,0,0,0,0
2026-03-22T00:18:11Z,1752.675,5794,-5668.399902,-10103.200195,1441.400024,279.700012,4.7,-0.1,0,0,0,0,0,0,0,0,0,0,0,0,0,0,0,0,0
2026-03-22T00:18:11Z,1752.922,5795,-5668.700195,-10103.200195,1441.400024,276,4.5,-0.5,0,0,0,0,0,0,0,0,0,0,0,0,0,0,0,0,0
2026-03-22T00:18:11Z,1753.170,5796,-5668.700195,-10103.200195,1441.400024,276,4.5,-0.5,0,0,0,0,0,0,0,0,0,0,0,0,0,0,0,0,0
2026-03-22T00:18:12Z,1753.415,5797,-5668.700195,-10103.200195,1441.400024,276,4.5,-0.5,0,0,0,0,0,0,0,0,0,0,0,0,0,0,0,0,0
2026-03-22T00:18:12Z,1753.655,5798,-5668.700195,-10103.200195,1441.400024,276,4.5,-0.5,0,0,0,0,0,0,0,0,0,0,0,0,0,0,0,0,0
2026-03-22T00:18:12Z,1753.903,5799,-5668.899902,-10103.299805,1441.400024,272.600006,4.3,-0.8,0,0,0,0,0,0,0,0,0,0,0,0,0,0,0,0,0
2026-03-22T00:18:12Z,1754.138,5800,-5668.899902,-10103.299805,1441.400024,272.600006,4.3,-0.8,0,0,0,0,0,0,0,0,0,0,0,0,0,0,0,0,0
2026-03-22T00:18:13Z,1754.397,5801,-5668.899902,-10103.299805,1441.400024,272.600006,4.3,-0.8,0,0,0,0,0,0,0,0,0,0,0,0,0,0,0,0,0
2026-03-22T00:18:13Z,1754.658,5802,-5668.899902,-10103.299805,1441.400024,272.600006,4.3,-0.8,0,0,0,0,0,0,0,0,0,0,0,0,0,0,0,0,0
2026-03-22T00:18:13Z,1754.932,5803,-5669.300293,-10103.400391,1441.400024,268.100006,3.8,-1.1,0,0,0,0,0,0,0,0,0,0,0,0,0,0,0,0,0
2026-03-22T00:18:13Z,1755.223,5804,-5669.300293,-10103.400391,1441.400024,268.100006,3.8,-1.1,0,0,0,0,0,0,0,0,0,0,0,0,0,0,0,0,0
2026-03-22T00:18:14Z,1755.466,5805,-5669.300293,-10103.400391,1441.400024,268.100006,3.8,-1.1,0,0,0,0,0,0,0,0,0,0,0,0,0,0,0,0,0
2026-03-22T00:18:14Z,1755.705,5806,-5669.300293,-10103.400391,1441.400024,268.100006,3.8,-1.1,0,0,0,0,0,0,0,0,0,0,0,0,0,0,0,0,0
2026-03-22T00:18:14Z,1755.975,5807,-5669.600098,-10103.5,1441.400024,264,3.5,-1.4,0,0,0,0,0,0,0,0,0,0,0,0,0,0,0,0,0
2026-03-22T00:18:14Z,1756.223,5808,-5669.600098,-10103.5,1441.400024,264,3.5,-1.4,0,0,0,0,0,0,0,0,0,0,0,0,0,0,0,0,0
2026-03-22T00:18:15Z,1756.464,5809,-5669.600098,-10103.5,1441.400024,264,3.5,-1.4,0,0,0,0,0,0,0,0,0,0,0,0,0,0,0,0,0
2026-03-22T00:18:15Z,1756.708,5810,-5669.600098,-10103.5,1441.400024,264,3.5,-1.4,0,0,0,0,0,0,0,0,0,0,0,0,0,0,0,0,0
2026-03-22T00:18:15Z,1756.975,5811,-5669.600098,-10103.5,1441.400024,264,3.5,-1.4,0,0,0,0,0,0,0,0,0,0,0,0,0,0,0,0,0
2026-03-22T00:18:16Z,1757.282,5812,-5670,-10103.700195,1441.400024,259.200012,3,-1.7,0,0,0,0,0,0,0,0,0,0,0,0,0,0,0,0,0
2026-03-22T00:18:16Z,1757.533,5813,-5670,-10103.700195,1441.400024,259.200012,3,-1.7,0,0,0,0,0,0,0,0,0,0,0,0,0,0,0,0,0
2026-03-22T00:18:16Z,1757.780,5814,-5670,-10103.700195,1441.400024,259.200012,3,-1.7,0,0,0,0,0,0,0,0,0,0,0,0,0,0,0,0,0
2026-03-22T00:18:16Z,1758.014,5815,-5670.300293,-10103.900391,1441.5,254.400009,2.5,-1.8,0,0,0,0,0,0,0,0,0,0,0,0,0,0,0,0,1
2026-03-22T00:18:16Z,1758.254,5816,-5670.300293,-10103.900391,1441.5,254.400009,2.5,-1.8,0,0,0,0,0,0,0,0,0,0,0,0,0,0,0,0,1
2026-03-22T00:18:17Z,1758.508,5817,-5670.300293,-10103.900391,1441.5,254.400009,2.5,-1.8,0,0,0,0,0,0,0,0,0,0,0,0,0,0,0,0,1
2026-03-22T00:18:17Z,1758.744,5818,-5670.300293,-10103.900391,1441.5,254.400009,2.5,-1.8,0,0,0,0,0,0,0,0,0,0,0,0,0,0,0,0,1
2026-03-22T00:18:17Z,1758.980,5819,-5670.300293,-10103.900391,1441.5,254.400009,2.5,-1.8,0,0,0,0,0,0,0,0,0,0,0,0,0,0,0,0,1
2026-03-22T00:18:17Z,1759.273,5820,-5670.700195,-10104.100586,1441.5,248.800003,2.3,-1.7,0,0,0,0,0,0,0,0,0,0,0,0,0,0,0,0,1
2026-03-22T00:18:18Z,1759.526,5821,-5670.700195,-10104.100586,1441.5,248.800003,2.3,-1.7,0,0,0,0,0,0,0,0,0,0,0,0,0,0,0,0,1
2026-03-22T00:18:18Z,1759.785,5822,-5670.700195,-10104.100586,1441.5,248.800003,2.3,-1.7,0,0,0,0,0,0,0,0,0,0,0,0,0,0,0,0,1
2026-03-22T00:18:18Z,1760.030,5823,-5671.100098,-10104.400391,1441.5,243.300003,2.1,-1.7,0,0,0,0,0,0,0,0,0,0,0,0,0,0,0,0,0
2026-03-22T00:18:19Z,1760.297,5824,-5671.100098,-10104.400391,1441.5,243.300003,2.1,-1.7,0,0,0,0,0,0,0,0,0,0,0,0,0,0,0,0,0
2026-03-22T00:18:19Z,1760.539,5825,-5671.100098,-10104.400391,1441.5,243.300003,2.1,-1.7,0,0,0,0,0,0,0,0,0,0,0,0,0,0,0,0,0
2026-03-22T00:18:19Z,1760.778,5826,-5671.100098,-10104.400391,1441.5,243.300003,2.1,-1.7,0,0,0,0,0,0,0,0,0,0,0,0,0,0,0,0,0
2026-03-22T00:18:19Z,1761.013,5827,-5671.399902,-10104.799805,1441.5,236.900009,1.8,-1.9,0,0,0,0,0,0,0,0,0,0,0,0,0,0,0,0,0
2026-03-22T00:18:19Z,1761.266,5828,-5671.399902,-10104.799805,1441.5,236.900009,1.8,-1.9,0,0,0,0,0,0,0,0,0,0,0,0,0,0,0,0,0
2026-03-22T00:18:20Z,1761.507,5829,-5671.399902,-10104.799805,1441.5,236.900009,1.8,-1.9,0,0,0,0,0,0,0,0,0,0,0,0,0,0,0,0,0
2026-03-22T00:18:20Z,1761.747,5830,-5671.399902,-10104.799805,1441.5,236.900009,1.8,-1.9,0,0,0,0,0,0,0,0,0,0,0,0,0,0,0,0,0
2026-03-22T00:18:20Z,1761.988,5831,-5671.700195,-10105.200195,1441.5,231.5,1.6,-2,0,0,0,0,0,0,0,0,0,0,0,0,0,0,0,0,0
2026-03-22T00:18:20Z,1762.239,5832,-5671.700195,-10105.200195,1441.5,231.5,1.6,-2,0,0,0,0,0,0,0,0,0,0,0,0,0,0,0,0,0
2026-03-22T00:18:21Z,1762.490,5833,-5671.700195,-10105.200195,1441.5,231.5,1.6,-2,0,0,0,0,0,0,0,0,0,0,0,0,0,0,0,0,0
2026-03-22T00:18:21Z,1762.737,5834,-5671.700195,-10105.200195,1441.5,231.5,1.6,-2,0,0,0,0,0,0,0,0,0,0,0,0,0,0,0,0,0
2026-03-22T00:18:21Z,1762.990,5835,-5672.100098,-10105.799805,1441.5,224.5,1.4,-2.2,0,0,0,0,0,0,0,0,0,0,0,0,0,0,0,0,0
2026-03-22T00:18:21Z,1763.242,5836,-5672.100098,-10105.799805,1441.5,224.5,1.4,-2.2,0,0,0,0,0,0,0,0,0,0,0,0,0,0,0,0,0
2026-03-22T00:18:22Z,1763.479,5837,-5672.100098,-10105.799805,1441.5,224.5,1.4,-2.2,0,0,0,0,0,0,0,0,0,0,0,0,0,0,0,0,0
2026-03-22T00:18:22Z,1763.722,5838,-5672.100098,-10105.799805,1441.5,224.5,1.4,-2.2,0,0,0,0,0,0,0,0,0,0,0,0,0,0,0,0,0
2026-03-22T00:18:22Z,1763.984,5839,-5672.399902,-10106.299805,1441.5,219.400009,1.3,-2.4,0,0,0,0,0,0,0,0,0,0,0,0,0,0,0,0,0
2026-03-22T00:18:22Z,1764.217,5840,-5672.399902,-10106.299805,1441.5,219.400009,1.3,-2.4,0,0,0,0,0,0,0,0,0,0,0,0,0,0,0,0,0
2026-03-22T00:18:23Z,1764.471,5841,-5672.399902,-10106.299805,1441.5,219.400009,1.3,-2.4,0,0,0,0,0,0,0,0,0,0,0,0,0,0,0,0,0
2026-03-22T00:18:23Z,1764.715,5842,-5672.399902,-10106.299805,1441.5,219.400009,1.3,-2.4,0,0,0,0,0,0,0,0,0,0,0,0,0,0,0,0,0
2026-03-22T00:18:23Z,1764.953,5843,-5672.399902,-10106.299805,1441.5,219.400009,1.3,-2.4,0,0,0,0,0,0,0,0,0,0,0,0,0,0,0,0,0
2026-03-22T00:18:23Z,1765.213,5844,-5672.899902,-10106.900391,1441.5,216.400009,1.4,-2.7,0,0,0,0,0,0,0,0,0,0,0,0,1,0,0,0,0
2026-03-22T00:18:24Z,1765.447,5845,-5672.899902,-10106.900391,1441.5,216.400009,1.4,-2.7,0,0,0,0,0,0,0,0,0,0,0,0,1,0,0,0,0
2026-03-22T00:18:24Z,1765.707,5846,-5672.899902,-10106.900391,1441.5,216.400009,1.4,-2.7,0,0,0,0,0,0,0,0,0,0,0,0,1,0,0,0,0
2026-03-22T00:18:24Z,1765.948,5847,-5673.300293,-10107.600586,1441.5,215.400009,1.3,-2.7,0,0,0,0,0,0,0,0,0,0,0,0,1,0,0,0,0
2026-03-22T00:18:24Z,1766.184,5848,-5673.300293,-10107.600586,1441.5,215.400009,1.3,-2.7,0,0,0,0,0,0,0,0,0,0,0,0,1,0,0,0,0
2026-03-22T00:18:25Z,1766.430,5849,-5673.300293,-10107.600586,1441.5,215.400009,1.3,-2.7,0,0,0,0,0,0,0,0,0,0,0,0,1,0,0,0,0
2026-03-22T00:18:25Z,1766.674,5850,-5673.300293,-10107.600586,1441.5,215.400009,1.3,-2.7,0,0,0,0,0,0,0,0,0,0,0,0,1,0,0,0,0
2026-03-22T00:18:25Z,1766.940,5851,-5673.800293,-10108.299805,1441.5,215.400009,1.2,-2.6,0,0,0,0,0,0,0,0,0,0,0,0,0,0,0,0,0
2026-03-22T00:18:25Z,1767.199,5852,-5673.800293,-10108.299805,1441.5,215.400009,1.2,-2.6,0,0,0,0,0,0,0,0,0,0,0,0,0,0,0,0,0
2026-03-22T00:18:26Z,1767.456,5853,-5673.800293,-10108.299805,1441.5,215.400009,1.2,-2.6,0,0,0,0,0,0,0,0,0,0,0,0,0,0,0,0,0
2026-03-22T00:18:26Z,1767.701,5854,-5673.800293,-10108.299805,1441.5,215.400009,1.2,-2.6,0,0,0,0,0,0,0,0,0,0,0,0,0,0,0,0,0
2026-03-22T00:18:26Z,1767.960,5855,-5674.5,-10109.200195,1441.599976,216.300003,1.3,-2.7,0,0,0,0,0,0,0,0,0,0,0,0,0,0,0,0,0
2026-03-22T00:18:26Z,1768.205,5856,-5674.5,-10109.200195,1441.599976,216.300003,1.3,-2.7,0,0,0,0,0,0,0,0,0,0,0,0,0,0,0,0,0
2026-03-22T00:18:27Z,1768.459,5857,-5674.5,-10109.200195,1441.599976,216.300003,1.3,-2.7,0,0,0,0,0,0,0,0,0,0,0,0,0,0,0,0,0
2026-03-22T00:18:27Z,1768.717,5858,-5674.5,-10109.200195,1441.599976,216.300003,1.3,-2.7,0,0,0,0,0,0,0,0,0,0,0,0,0,0,0,0,0
2026-03-22T00:18:27Z,1768.957,5859,-5675.200195,-10110,1441.599976,220,0.9,-3.4,0,0,0,0,0,0,0,0,0,0,0,0,0,0,0,0,0
2026-03-22T00:18:27Z,1769.224,5860,-5675.200195,-10110,1441.599976,220,0.9,-3.4,0,0,0,0,0,0,0,0,0,0,0,0,0,0,0,0,0
2026-03-22T00:18:28Z,1769.448,5861,-5675.200195,-10110,1441.599976,220,0.9,-3.4,0,0,0,0,0,0,0,0,0,0,0,0,0,0,0,0,0
2026-03-22T00:18:28Z,1769.681,5862,-5675.200195,-10110,1441.599976,220,0.9,-3.4,0,0,0,0,0,0,0,0,0,0,0,0,0,0,0,0,0
2026-03-22T00:18:28Z,1769.908,5863,-5675.200195,-10110,1441.599976,220,0.9,-3.4,0,0,0,0,0,0,0,0,0,0,0,0,0,0,0,0,0
2026-03-22T00:18:28Z,1770.131,5864,-5676,-10110.700195,1441.599976,227.199997,0.9,-3.8,0,0,0,0,0,0,0,0,0,0,0,0,0,0,0,0,0
2026-03-22T00:18:29Z,1770.355,5865,-5676,-10110.700195,1441.599976,227.199997,0.9,-3.8,0,0,0,0,0,0,0,0,0,0,0,0,0,0,0,0,0
2026-03-22T00:18:29Z,1770.582,5866,-5676,-10110.700195,1441.599976,227.199997,0.9,-3.8,0,0,0,0,0,0,0,0,0,0,0,0,0,0,0,0,0
2026-03-22T00:18:29Z,1770.817,5867,-5676,-10110.700195,1441.599976,227.199997,0.9,-3.8,0,0,0,0,0,0,0,0,0,0,0,0,0,0,0,0,0
2026-03-22T00:18:29Z,1771.055,5868,-5676.899902,-10111.200195,1441.599976,235.100006,1.1,-3.5,0,0,0,0,0,0,0,0,0,0,0,0,0,0,0,0,0
2026-03-22T00:18:29Z,1771.271,5869,-5676.899902,-10111.200195,1441.599976,235.100006,1.1,-3.5,0,0,0,0,0,0,0,0,0,0,0,0,0,0,0,0,0
2026-03-22T00:18:30Z,1771.502,5870,-5676.899902,-10111.200195,1441.599976,235.100006,1.1,-3.5,0,0,0,0,0,0,0,0,0,0,0,0,0,0,0,0,0
2026-03-22T00:18:30Z,1771.733,5871,-5676.899902,-10111.200195,1441.599976,235.100006,1.1,-3.5,0,0,0,0,0,0,0,0,0,0,0,0,0,0,0,0,0
2026-03-22T00:18:30Z,1771.963,5872,-5677.700195,-10111.5,1441.700073,243,1.6,-3.3,0,0,0,0,0,0,0,0,0,0,0,0,0,0,0,0,0
2026-03-22T00:18:30Z,1772.192,5873,-5677.700195,-10111.5,1441.700073,243,1.6,-3.3,0,0,0,0,0,0,0,0,0,0,0,0,0,0,0,0,0
2026-03-22T00:18:31Z,1772.413,5874,-5677.700195,-10111.5,1441.700073,243,1.6,-3.3,0,0,0,0,0,0,0,0,0,0,0,0,0,0,0,0,0
2026-03-22T00:18:31Z,1772.642,5875,-5677.700195,-10111.5,1441.700073,243,1.6,-3.3,0,0,0,0,0,0,0,0,0,0,0,0,0,0,0,0,0
2026-03-22T00:18:31Z,1772.877,5876,-5677.700195,-10111.5,1441.700073,243,1.6,-3.3,0,0,0,0,0,0,0,0,0,0,0,0,0,0,0,0,0
2026-03-22T00:18:31Z,1773.104,5877,-5678.5,-10111.700195,1441.700073,251.199997,2.1,-3.1,0,0,0,0,0,0,0,0,0,0,0,0,0,0,0,0,0
2026-03-22T00:18:32Z,1773.331,5878,-5678.5,-10111.700195,1441.700073,251.199997,2.1,-3.1,0,0,0,0,0,0,0,0,0,0,0,0,0,0,0,0,0
2026-03-22T00:18:32Z,1773.578,5879,-5678.5,-10111.700195,1441.700073,251.199997,2.1,-3.1,0,0,0,0,0,0,0,0,0,0,0,0,0,0,0,0,0
2026-03-22T00:18:32Z,1773.798,5880,-5678.5,-10111.700195,1441.700073,251.199997,2.1,-3.1,0,0,0,0,0,0,0,0,0,0,0,0,0,0,0,0,0
2026-03-22T00:18:32Z,1774.031,5881,-5679.5,-10111.700195,1441.700073,260.700012,2.6,-2.6,0,0,0,0,0,0,0,0,0,0,0,0,0,0,0,0,0
2026-03-22T00:18:32Z,1774.254,5882,-5679.5,-10111.700195,1441.700073,260.700012,2.6,-2.6,0,0,0,0,0,0,0,0,0,0,0,0,0,0,0,0,0
2026-03-22T00:18:33Z,1774.498,5883,-5679.5,-10111.700195,1441.700073,260.700012,2.6,-2.6,0,0,0,0,0,0,0,0,0,0,0,0,0,0,0,0,0
2026-03-22T00:18:33Z,1774.728,5884,-5679.5,-10111.700195,1441.700073,260.700012,2.6,-2.6,0,0,0,0,0,0,0,0,0,0,0,0,0,0,0,0,0
2026-03-22T00:18:33Z,1774.954,5885,-5680.5,-10111.600586,1441.800049,270.399994,2.9,-2.2,0,0,0,0,0,0,0,0,0,0,0,0,0,0,0,0,0
2026-03-22T00:18:33Z,1775.206,5886,-5680.5,-10111.600586,1441.800049,270.399994,2.9,-2.2,0,0,0,0,0,0,0,0,0,0,0,0,0,0,0,0,0
2026-03-22T00:18:34Z,1775.438,5887,-5680.5,-10111.600586,1441.800049,270.399994,2.9,-2.2,0,0,0,0,0,0,0,0,0,0,0,0,0,0,0,0,0
2026-03-22T00:18:34Z,1775.670,5888,-5680.5,-10111.600586,1441.800049,270.399994,2.9,-2.2,0,0,0,0,0,0,0,0,0,0,0,0,0,0,0,0,0
2026-03-22T00:18:34Z,1775.906,5889,-5680.5,-10111.600586,1441.800049,270.399994,2.9,-2.2,0,0,0,0,0,0,0,0,0,0,0,0,0,0,0,0,0
2026-03-22T00:18:34Z,1776.139,5890,-5681.399902,-10111.299805,1441.800049,280,3.1,-1.8,0,0,0,0,0,0,0,0,0,0,0,0,0,0,0,0,0
2026-03-22T00:18:35Z,1776.354,5891,-5681.399902,-10111.299805,1441.800049,280,3.1,-1.8,0,0,0,0,0,0,0,0,0,0,0,0,0,0,0,0,0
2026-03-22T00:18:35Z,1776.588,5892,-5681.399902,-10111.299805,1441.800049,280,3.1,-1.8,0,0,0,0,0,0,0,0,0,0,0,0,0,0,0,0,0
2026-03-22T00:18:35Z,1776.817,5893,-5681.399902,-10111.299805,1441.800049,280,3.1,-1.8,0,0,0,0,0,0,0,0,0,0,0,0,0,0,0,0,0
2026-03-22T00:18:35Z,1777.052,5894,-5682.300293,-10110.900391,1441.900024,289.800018,2.9,-1.4,0,0,0,0,0,0,0,0,0,0,0,0,0,0,0,0,0
2026-03-22T00:18:35Z,1777.274,5895,-5682.300293,-10110.900391,1441.900024,289.800018,2.9,-1.4,0,0,0,0,0,0,0,0,0,0,0,0,0,0,0,0,0
2026-03-22T00:18:36Z,1777.511,5896,-5682.300293,-10110.900391,1441.900024,289.800018,2.9,-1.4,0,0,0,0,0,0,0,0,0,0,0,0,0,0,0,0,0
2026-03-22T00:18:36Z,1777.739,5897,-5682.300293,-10110.900391,1441.900024,289.800018,2.9,-1.4,0,0,0,0,0,0,0,0,0,0,0,0,0,0,0,0,0
2026-03-22T00:18:36Z,1777.958,5898,-5683.200195,-10110.299805,1441.900024,298.800018,3.2,-1,0,0,0,0,0,0,0,0,0,0,0,0,0,0,0,0,0
2026-03-22T00:18:36Z,1778.205,5899,-5683.200195,-10110.299805,1441.900024,298.800018,3.2,-1,0,0,0,0,0,0,0,0,0,0,0,0,0,0,0,0,0
2026-03-22T00:18:37Z,1778.439,5900,-5683.200195,-10110.299805,1441.900024,298.800018,3.2,-1,0,0,0,0,0,0,0,0,0,0,0,0,0,0,0,0,0
2026-03-22T00:18:37Z,1778.668,5901,-5683.200195,-10110.299805,1441.900024,298.800018,3.2,-1,0,0,0,0,0,0,0,0,0,0,0,0,0,0,0,0,0
2026-03-22T00:18:37Z,1778.907,5902,-5683.200195,-10110.299805,1441.900024,298.800018,3.2,-1,0,0,0,0,0,0,0,0,0,0,0,0,0,0,0,0,0
2026-03-22T00:18:37Z,1779.181,5903,-5684.200195,-10109.600586,1442,306.100006,3.9,-0.2,0,0,0,0,0,0,0,0,1,0,0,0,0,0,0,0,0
2026-03-22T00:18:38Z,1779.410,5904,-5684.200195,-10109.600586,1442,306.100006,3.9,-0.2,0,0,0,0,0,0,0,0,1,0,0,0,0,0,0,0,0
2026-03-22T00:18:38Z,1779.640,5905,-5684.200195,-10109.600586,1442,306.100006,3.9,-0.2,0,0,0,0,0,0,0,0,1,0,0,0,0,0,0,0,0
2026-03-22T00:18:38Z,1779.884,5906,-5684.200195,-10109.600586,1442,306.100006,3.9,-0.2,0,0,0,0,0,0,0,0,1,0,0,0,0,0,0,0,0
2026-03-22T00:18:38Z,1780.118,5907,-5685.200195,-10108.700195,1442,309,3.5,1,0,0,0,0,0,0,0,0,1,0,0,0,0,0,0,0,0
2026-03-22T00:18:39Z,1780.353,5908,-5685.200195,-10108.700195,1442,309,3.5,1,0,0,0,0,0,0,0,0,1,0,0,0,0,0,0,0,0
2026-03-22T00:18:39Z,1780.591,5909,-5685.200195,-10108.700195,1442,309,3.5,1,0,0,0,0,0,0,0,0,1,0,0,0,0,0,0,0,0
2026-03-22T00:18:39Z,1780.826,5910,-5685.200195,-10108.700195,1442,309,3.5,1,0,0,0,0,0,0,0,0,1,0,0,0,0,0,0,0,0
2026-03-22T00:18:39Z,1781.069,5911,-5686.100098,-10107.900391,1442.099976,309.700012,3.7,1.1,0,0,0,0,0,0,0,0,1,0,0,0,0,0,0,0,0
2026-03-22T00:18:40Z,1781.301,5912,-5686.100098,-10107.900391,1442.099976,309.700012,3.7,1.1,0,0,0,0,0,0,0,0,1,0,0,0,0,0,0,0,0
2026-03-22T00:18:40Z,1781.533,5913,-5686.100098,-10107.900391,1442.099976,309.700012,3.7,1.1,0,0,0,0,0,0,0,0,1,0,0,0,0,0,0,0,0
2026-03-22T00:18:40Z,1781.762,5914,-5686.100098,-10107.900391,1442.099976,309.700012,3.7,1.1,0,0,0,0,0,0,0,0,1,0,0,0,0,0,0,0,0
2026-03-22T00:18:40Z,1781.980,5915,-5687,-10107.100586,1442.099976,310.200012,1.6,-2.7,0,0,1,0,0,0,0,0,0,0,0,0,0,0,0,0,0
2026-03-22T00:18:40Z,1782.199,5916,-5687,-10107.100586,1442.099976,310.200012,1.6,-2.7,0,0,1,0,0,0,0,0,0,0,0,0,0,0,0,0,0
2026-03-22T00:18:41Z,1782.427,5917,-5687,-10107.100586,1442.099976,310.200012,1.6,-2.7,0,0,1,0,0,0,0,0,0,0,0,0,0,0,0,0,0
2026-03-22T00:18:41Z,1782.661,5918,-5687,-10107.100586,1442.099976,310.200012,1.6,-2.7,0,0,1,0,0,0,0,0,0,0,0,0,0,0,0,0,0
2026-03-22T00:18:41Z,1782.892,5919,-5687.899902,-10106.299805,1442.099976,310.399994,-2,-2.5,0,0,1,0,0,0,0,0,0,0,0,0,0,0,0,0,0
2026-03-22T00:18:41Z,1783.147,5920,-5687.899902,-10106.299805,1442.099976,310.399994,-2,-2.5,0,0,1,0,0,0,0,0,0,0,0,0,0,0,0,0,0
2026-03-22T00:18:42Z,1783.392,5921,-5687.899902,-10106.299805,1442.099976,310.399994,-2,-2.5,0,0,1,0,0,0,0,0,0,0,0,0,0,0,0,0,0
2026-03-22T00:18:42Z,1783.627,5922,-5687.899902,-10106.299805,1442.099976,310.399994,-2,-2.5,0,0,1,0,0,0,0,0,0,0,0,0,0,0,0,0,0
2026-03-22T00:18:42Z,1783.858,5923,-5687.899902,-10106.299805,1442.099976,310.399994,-2,-2.5,0,0,1,0,0,0,0,0,0,0,0,0,0,0,0,0,0
2026-03-22T00:18:42Z,1784.125,5924,-5688.800293,-10105.5,1442.099976,310.399994,-3.5,-6.1,0,0,1,0,0,0,0,0,0,0,0,0,1,0,0,0,0
2026-03-22T00:18:43Z,1784.343,5925,-5688.800293,-10105.5,1442.099976,310.399994,-3.5,-6.1,0,0,1,0,0,0,0,0,0,0,0,0,1,0,0,0,0
2026-03-22T00:18:43Z,1784.583,5926,-5688.800293,-10105.5,1442.099976,310.399994,-3.5,-6.1,0,0,1,0,0,0,0,0,0,0,0,0,1,0,0,0,0
2026-03-22T00:18:43Z,1784.809,5927,-5688.800293,-10105.5,1442.099976,310.399994,-3.5,-6.1,0,0,1,0,0,0,0,0,0,0,0,0,1,0,0,0,0
2026-03-22T00:18:43Z,1785.047,5928,-5689.800293,-10104.5,1442,310.100006,-0.2,-16.6,0,1,0,0,0,0,0,0,0,0,0,0,0,0,0,0,0
2026-03-22T00:18:43Z,1785.271,5929,-5689.800293,-10104.5,1442,310.100006,-0.2,-16.6,0,1,0,0,0,0,0,0,0,0,0,0,0,0,0,0,0
2026-03-22T00:18:44Z,1785.498,5930,-5689.800293,-10104.5,1442,310.100006,-0.2,-16.6,0,1,0,0,0,0,0,0,0,0,0,0,0,0,0,0,0
2026-03-22T00:18:44Z,1785.733,5931,-5689.800293,-10104.5,1442,310.100006,-0.2,-16.6,0,1,0,0,0,0,0,0,0,0,0,0,0,0,0,0,0
2026-03-22T00:18:44Z,1785.961,5932,-5690.899902,-10103.600586,1441.900024,307.700012,8.5,-15.6,0,0,0,0,0,1,1,0,0,0,0,0,0,0,0,0,0
