iso_time_utc,elapsed_s,step_idx,rover_pos_x,rover_pos_y,rover_pos_z,heading,pitch,roll,lidar_00_front_left_wheel_hub_yaw_p30_yaw_30_pitch_0_cm_is_obstacle,lidar_01_front_left_frame_yaw_p20_pitch_n20_yaw_20_pitch_-20_cm_is_obstacle,lidar_02_front_center_frame_forward_yaw_0_pitch_0_cm_is_obstacle,lidar_03_front_right_frame_yaw_n20_pitch_n20_yaw_-20_pitch_-20_cm_is_obstacle,lidar_04_front_right_wheel_hub_yaw_n30_yaw_-30_pitch_0_cm_is_obstacle,lidar_05_front_left_frame_pitch_n25_yaw_0_pitch_-25_cm_is_obstacle,lidar_06_front_right_frame_pitch_n25_yaw_0_pitch_-25_cm_is_obstacle,lidar_07_left_mid_frame_left_pitch_n20_yaw_90_pitch_-20_cm_is_obstacle,lidar_08_right_mid_frame_right_pitch_n20_yaw_-90_pitch_-20_cm_is_obstacle,lidar_09_rear_left_wheel_hub_back_yaw_p40_yaw_140_pitch_0_cm_is_obstacle,lidar_10_rear_left_frame_backward_yaw_180_pitch_0_cm_is_obstacle,lidar_11_rear_right_frame_backward_yaw_180_pitch_0_cm_is_obstacle,lidar_12_rear_right_wheel_hub_back_yaw_n40_yaw_-140_pitch_0_cm_is_obstacle,lidar_13_front_left_frame_yaw_p20_pitch_n10_yaw_20_pitch_-10_cm_is_obstacle,lidar_14_front_right_frame_yaw_n20_pitch_n10_yaw_-20_pitch_-10_cm_is_obstacle,lidar_15_front_left_wheel_hub_yaw_p15_yaw_15_pitch_0_cm_is_obstacle,lidar_16_front_right_wheel_hub_yaw_n15_yaw_-15_pitch_0_cm_is_obstacle
2026-03-22T00:29:22Z,2423.564,8323,-5692.200195,-10100.700195,1442.400024,206.900009,0.3,0.4,0,0,0,0,0,0,0,0,1,0,0,0,0,0,0,0,0
2026-03-22T00:29:22Z,2423.807,8324,-5692.200195,-10100.700195,1442.400024,206.900009,0.3,0.4,0,0,0,0,0,0,0,0,1,0,0,0,0,0,0,0,0
2026-03-22T00:29:22Z,2424.050,8325,-5692.700195,-10101.600586,1442.300049,207.100006,-3.4,-2.6,0,0,0,0,0,0,0,0,1,0,0,0,0,0,0,0,0
2026-03-22T00:29:23Z,2424.300,8326,-5692.700195,-10101.600586,1442.300049,207.100006,-3.4,-2.6,0,0,0,0,0,0,0,0,1,0,0,0,0,0,0,0,0
2026-03-22T00:29:23Z,2424.535,8327,-5692.700195,-10101.600586,1442.300049,207.100006,-3.4,-2.6,0,0,0,0,0,0,0,0,1,0,0,0,0,0,0,0,0
2026-03-22T00:29:23Z,2424.774,8328,-5692.700195,-10101.600586,1442.300049,207.100006,-3.4,-2.6,0,0,0,0,0,0,0,0,1,0,0,0,0,0,0,0,0
2026-03-22T00:29:23Z,2425.020,8329,-5693.200195,-10102.299805,1442.300049,207.699997,-7.1,-6.1,0,0,0,0,0,0,0,0,1,0,0,0,0,0,0,0,0
2026-03-22T00:29:23Z,2425.256,8330,-5693.200195,-10102.299805,1442.300049,207.699997,-7.1,-6.1,0,0,0,0,0,0,0,0,1,0,0,0,0,0,0,0,0
2026-03-22T00:29:24Z,2425.488,8331,-5693.200195,-10102.299805,1442.300049,207.699997,-7.1,-6.1,0,0,0,0,0,0,0,0,1,0,0,0,0,0,0,0,0
2026-03-22T00:29:24Z,2425.722,8332,-5693.200195,-10102.299805,1442.300049,207.699997,-7.1,-6.1,0,0,0,0,0,0,0,0,1,0,0,0,0,0,0,0,0
2026-03-22T00:29:24Z,2425.956,8333,-5693.700195,-10103,1442.200073,215.199997,-7.4,-8.2,0,0,0,0,0,0,0,0,1,0,0,0,0,0,0,0,0
2026-03-22T00:29:24Z,2426.222,8334,-5693.700195,-10103,1442.200073,215.199997,-7.4,-8.2,0,0,0,0,0,0,0,0,1,0,0,0,0,0,0,0,0
2026-03-22T00:29:25Z,2426.446,8335,-5693.700195,-10103,1442.200073,215.199997,-7.4,-8.2,0,0,0,0,0,0,0,0,1,0,0,0,0,0,0,0,0
2026-03-22T00:29:25Z,2426.680,8336,-5693.700195,-10103,1442.200073,215.199997,-7.4,-8.2,0,0,0,0,0,0,0,0,1,0,0,0,0,0,0,0,0
2026-03-22T00:29:25Z,2426.930,8337,-5693.700195,-10103,1442.200073,215.199997,-7.4,-8.2,0,0,0,0,0,0,0,0,1,0,0,0,0,0,0,0,0
2026-03-22T00:29:25Z,2427.162,8338,-5694.300293,-10103.600586,1442.300049,227,-2.4,-7.8,0,0,0,0,0,0,0,0,1,0,0,0,0,0,0,0,0
2026-03-22T00:29:26Z,2427.397,8339,-5694.300293,-10103.600586,1442.300049,227,-2.4,-7.8,0,0,0,0,0,0,0,0,1,0,0,0,0,0,0,0,0
2026-03-22T00:29:26Z,2427.645,8340,-5694.300293,-10103.600586,1442.300049,227,-2.4,-7.8,0,0,0,0,0,0,0,0,1,0,0,0,0,0,0,0,0
2026-03-22T00:29:26Z,2427.877,8341,-5694.300293,-10103.600586,1442.300049,227,-2.4,-7.8,0,0,0,0,0,0,0,0,1,0,0,0,0,0,0,0,0
2026-03-22T00:29:26Z,2428.144,8342,-5694.899902,-10104.100586,1442.200073,237.199997,5.9,-6.8,0,0,0,0,0,0,0,0,1,0,0,0,0,0,0,0,0
2026-03-22T00:29:27Z,2428.406,8343,-5694.899902,-10104.100586,1442.200073,237.199997,5.9,-6.8,0,0,0,0,0,0,0,0,1,0,0,0,0,0,0,0,0
2026-03-22T00:29:27Z,2428.670,8344,-5694.899902,-10104.100586,1442.200073,237.199997,5.9,-6.8,0,0,0,0,0,0,0,0,1,0,0,0,0,0,0,0,0
2026-03-22T00:29:27Z,2428.906,8345,-5694.899902,-10104.100586,1442.200073,237.199997,5.9,-6.8,0,0,0,0,0,0,0,0,1,0,0,0,0,0,0,0,0
2026-03-22T00:29:27Z,2429.144,8346,-5695.600098,-10104.299805,1442.300049,242.800003,10.5,-7.8,0,0,0,0,0,0,0,0,1,0,0,0,0,0,0,0,0
2026-03-22T00:29:28Z,2429.388,8347,-5695.600098,-10104.299805,1442.300049,242.800003,10.5,-7.8,0,0,0,0,0,0,0,0,1,0,0,0,0,0,0,0,0
2026-03-22T00:29:28Z,2429.628,8348,-5695.600098,-10104.299805,1442.300049,242.800003,10.5,-7.8,0,0,0,0,0,0,0,0,1,0,0,0,0,0,0,0,0
2026-03-22T00:29:28Z,2429.879,8349,-5695.600098,-10104.299805,1442.300049,242.800003,10.5,-7.8,0,0,0,0,0,0,0,0,1,0,0,0,0,0,0,0,0
2026-03-22T00:29:28Z,2430.116,8350,-5696.200195,-10104.5,1442.300049,248.100006,5.5,-6.6,0,0,0,0,0,0,0,0,1,0,0,0,0,0,0,0,0
2026-03-22T00:29:29Z,2430.381,8351,-5696.200195,-10104.5,1442.300049,248.100006,5.5,-6.6,0,0,0,0,0,0,0,0,1,0,0,0,0,0,0,0,0
2026-03-22T00:29:29Z,2430.626,8352,-5696.200195,-10104.5,1442.300049,248.100006,5.5,-6.6,0,0,0,0,0,0,0,0,1,0,0,0,0,0,0,0,0
2026-03-22T00:29:29Z,2430.870,8353,-5696.700195,-10104.600586,1442.300049,255.400009,-3.2,-2.4,0,0,1,1,0,0,0,0,1,0,0,0,0,0,0,0,0
2026-03-22T00:29:29Z,2431.129,8354,-5696.700195,-10104.600586,1442.300049,255.400009,-3.2,-2.4,0,0,1,1,0,0,0,0,1,0,0,0,0,0,0,0,0
2026-03-22T00:29:30Z,2431.395,8355,-5696.700195,-10104.600586,1442.300049,255.400009,-3.2,-2.4,0,0,1,1,0,0,0,0,1,0,0,0,0,0,0,0,0
2026-03-22T00:29:30Z,2431.660,8356,-5696.700195,-10104.600586,1442.300049,255.400009,-3.2,-2.4,0,0,1,1,0,0,0,0,1,0,0,0,0,0,0,0,0
2026-03-22T00:29:30Z,2431.913,8357,-5697.300293,-10104.600586,1442.300049,264.300018,-4.4,-0.3,0,1,1,0,0,1,0,0,1,0,0,1,0,0,0,0,0
2026-03-22T00:29:30Z,2432.168,8358,-5697.300293,-10104.600586,1442.300049,264.300018,-4.4,-0.3,0,1,1,0,0,1,0,0,1,0,0,1,0,0,0,0,0
2026-03-22T00:29:31Z,2432.425,8359,-5697.300293,-10104.600586,1442.300049,264.300018,-4.4,-0.3,0,1,1,0,0,1,0,0,1,0,0,1,0,0,0,0,0
2026-03-22T00:29:31Z,2432.704,8360,-5697.300293,-10104.600586,1442.300049,264.300018,-4.4,-0.3,0,1,1,0,0,1,0,0,1,0,0,1,0,0,0,0,0
2026-03-22T00:29:31Z,2432.962,8361,-5698,-10104.5,1442.300049,270.700012,0.6,-0.6,0,0,0,0,0,0,0,0,1,0,0,0,0,0,0,0,0
2026-03-22T00:29:32Z,2433.320,8362,-5698,-10104.5,1442.300049,270.700012,0.6,-0.6,0,0,0,0,0,0,0,0,1,0,0,0,0,0,0,0,0
2026-03-22T00:29:32Z,2433.592,8363,-5698,-10104.5,1442.300049,270.700012,0.6,-0.6,0,0,0,0,0,0,0,0,1,0,0,0,0,0,0,0,0
2026-03-22T00:29:32Z,2433.860,8364,-5698,-10104.5,1442.300049,270.700012,0.6,-0.6,0,0,0,0,0,0,0,0,1,0,0,0,0,0,0,0,0
2026-03-22T00:29:32Z,2434.126,8365,-5698.700195,-10104.299805,1442.300049,275.899994,2.4,-1,0,0,0,0,0,0,0,0,1,0,0,0,0,0,0,0,0
2026-03-22T00:29:33Z,2434.441,8366,-5698.700195,-10104.299805,1442.300049,275.899994,2.4,-1,0,0,0,0,0,0,0,0,1,0,0,0,0,0,0,0,0
2026-03-22T00:29:33Z,2434.712,8367,-5698.700195,-10104.299805,1442.300049,275.899994,2.4,-1,0,0,0,0,0,0,0,0,1,0,0,0,0,0,0,0,0
2026-03-22T00:29:33Z,2434.980,8368,-5699.300293,-10104.100586,1442.300049,282.899994,-0.7,-2,0,0,0,0,0,0,0,0,1,0,0,0,0,0,0,0,0
2026-03-22T00:29:34Z,2435.295,8369,-5699.300293,-10104.100586,1442.300049,282.899994,-0.7,-2,0,0,0,0,0,0,0,0,1,0,0,0,0,0,0,0,0
2026-03-22T00:29:34Z,2435.626,8370,-5699.300293,-10104.100586,1442.300049,282.899994,-0.7,-2,0,0,0,0,0,0,0,0,1,0,0,0,0,0,0,0,0
2026-03-22T00:29:34Z,2435.912,8371,-5699.899902,-10103.700195,1442.300049,291.300018,-1.6,-1.9,0,0,0,0,0,0,0,0,1,0,0,0,0,0,0,0,0
2026-03-22T00:29:34Z,2436.196,8372,-5699.899902,-10103.700195,1442.300049,291.300018,-1.6,-1.9,0,0,0,0,0,0,0,0,1,0,0,0,0,0,0,0,0
2026-03-22T00:29:35Z,2436.521,8373,-5699.899902,-10103.700195,1442.300049,291.300018,-1.6,-1.9,0,0,0,0,0,0,0,0,1,0,0,0,0,0,0,0,0
2026-03-22T00:29:35Z,2436.797,8374,-5699.899902,-10103.700195,1442.300049,291.300018,-1.6,-1.9,0,0,0,0,0,0,0,0,1,0,0,0,0,0,0,0,0
2026-03-22T00:29:35Z,2437.082,8375,-5700.600098,-10103.200195,1442.300049,299.600006,0.6,-0.8,0,0,0,0,0,0,0,0,1,0,0,0,0,0,0,0,0
2026-03-22T00:29:36Z,2437.366,8376,-5700.600098,-10103.200195,1442.300049,299.600006,0.6,-0.8,0,0,0,0,0,0,0,0,1,0,0,0,0,0,0,0,0
2026-03-22T00:29:36Z,2437.650,8377,-5700.600098,-10103.200195,1442.300049,299.600006,0.6,-0.8,0,0,0,0,0,0,0,0,1,0,0,0,0,0,0,0,0
2026-03-22T00:29:36Z,2437.979,8378,-5701.200195,-10102.700195,1442.300049,306.800018,0.3,-1,0,0,0,0,0,0,0,0,1,0,0,0,0,0,0,0,0
2026-03-22T00:29:37Z,2438.295,8379,-5701.200195,-10102.700195,1442.300049,306.800018,0.3,-1,0,0,0,0,0,0,0,0,1,0,0,0,0,0,0,0,0
2026-03-22T00:29:37Z,2438.601,8380,-5701.200195,-10102.700195,1442.300049,306.800018,0.3,-1,0,0,0,0,0,0,0,0,1,0,0,0,0,0,0,0,0
2026-03-22T00:29:37Z,2438.917,8381,-5701.600098,-10101.900391,1442.300049,316.800018,-1.5,-2.4,0,0,0,0,0,0,0,0,1,0,0,0,0,0,0,0,0
2026-03-22T00:29:38Z,2439.261,8382,-5701.600098,-10101.900391,1442.300049,316.800018,-1.5,-2.4,0,0,0,0,0,0,0,0,1,0,0,0,0,0,0,0,0
2026-03-22T00:29:38Z,2439.548,8383,-5701.600098,-10101.900391,1442.300049,316.800018,-1.5,-2.4,0,0,0,0,0,0,0,0,1,0,0,0,0,0,0,0,0
2026-03-22T00:29:38Z,2439.850,8384,-5701.600098,-10101.900391,1442.300049,316.800018,-1.5,-2.4,0,0,0,0,0,0,0,0,1,0,0,0,0,0,0,0,0
2026-03-22T00:29:38Z,2440.144,8385,-5702.100098,-10101,1442.300049,327.899994,-0.3,-2,0,0,0,0,0,0,0,0,1,0,0,0,1,0,0,0,0
2026-03-22T00:29:39Z,2440.441,8386,-5702.100098,-10101,1442.300049,327.899994,-0.3,-2,0,0,0,0,0,0,0,0,1,0,0,0,1,0,0,0,0
2026-03-22T00:29:39Z,2440.745,8387,-5702.100098,-10101,1442.300049,327.899994,-0.3,-2,0,0,0,0,0,0,0,0,1,0,0,0,1,0,0,0,0
2026-03-22T00:29:39Z,2441.058,8388,-5702.300293,-10100.100586,1442.300049,338.700012,0.7,-3,0,0,0,0,0,0,0,0,1,0,0,0,0,0,0,0,0
2026-03-22T00:29:40Z,2441.349,8389,-5702.300293,-10100.100586,1442.300049,338.700012,0.7,-3,0,0,0,0,0,0,0,0,1,0,0,0,0,0,0,0,0
2026-03-22T00:29:40Z,2441.695,8390,-5702.300293,-10100.100586,1442.300049,338.700012,0.7,-3,0,0,0,0,0,0,0,0,1,0,0,0,0,0,0,0,0
2026-03-22T00:29:40Z,2441.991,8391,-5702.700195,-10099.100586,1442.300049,339,1.3,-2.2,0,0,0,0,0,0,0,0,0,0,0,0,0,0,0,0,0
2026-03-22T00:29:41Z,2442.305,8392,-5702.700195,-10099.100586,1442.300049,339,1.3,-2.2,0,0,0,0,0,0,0,0,0,0,0,0,0,0,0,0,0
2026-03-22T00:29:41Z,2442.593,8393,-5702.700195,-10099.100586,1442.300049,339,1.3,-2.2,0,0,0,0,0,0,0,0,0,0,0,0,0,0,0,0,0
2026-03-22T00:29:41Z,2442.890,8394,-5702.700195,-10099.100586,1442.300049,339,1.3,-2.2,0,0,0,0,0,0,0,0,0,0,0,0,0,0,0,0,0
2026-03-22T00:29:41Z,2443.184,8395,-5703,-10098.200195,1442.200073,343.600006,-2.3,-2.4,0,0,0,0,0,0,0,0,0,0,0,0,0,0,0,0,0
2026-03-22T00:29:42Z,2443.512,8396,-5703,-10098.200195,1442.200073,343.600006,-2.3,-2.4,0,0,0,0,0,0,0,0,0,0,0,0,0,0,0,0,0
2026-03-22T00:29:42Z,2443.826,8397,-5703,-10098.200195,1442.200073,343.600006,-2.3,-2.4,0,0,0,0,0,0,0,0,0,0,0,0,0,0,0,0,0
2026-03-22T00:29:42Z,2444.158,8398,-5703.200195,-10097,1442.200073,349.5,0.7,-2.9,0,0,0,0,0,0,0,0,0,0,0,0,1,0,0,0,0
2026-03-22T00:29:43Z,2444.491,8399,-5703.200195,-10097,1442.200073,349.5,0.7,-2.9,0,0,0,0,0,0,0,0,0,0,0,0,1,0,0,0,0
2026-03-22T00:29:43Z,2444.777,8400,-5703.200195,-10097,1442.200073,349.5,0.7,-2.9,0,0,0,0,0,0,0,0,0,0,0,0,1,0,0,0,0
2026-03-22T00:29:43Z,2445.076,8401,-5703.300293,-10095.799805,1442.200073,352.800018,1.1,-1.9,0,0,0,0,0,0,0,0,0,0,0,0,0,0,0,0,0
2026-03-22T00:29:44Z,2445.428,8402,-5703.300293,-10095.799805,1442.200073,352.800018,1.1,-1.9,0,0,0,0,0,0,0,0,0,0,0,0,0,0,0,0,0
2026-03-22T00:29:44Z,2445.721,8403,-5703.300293,-10095.799805,1442.200073,352.800018,1.1,-1.9,0,0,0,0,0,0,0,0,0,0,0,0,0,0,0,0,0
2026-03-22T00:29:44Z,2446.045,8404,-5703.399902,-10094.600586,1442.200073,355.100006,-1.2,-2.5,0,0,0,0,0,0,0,0,0,0,0,0,0,0,0,0,0
2026-03-22T00:29:45Z,2446.343,8405,-5703.399902,-10094.600586,1442.200073,355.100006,-1.2,-2.5,0,0,0,0,0,0,0,0,0,0,0,0,0,0,0,0,0
2026-03-22T00:29:45Z,2446.633,8406,-5703.399902,-10094.600586,1442.200073,355.100006,-1.2,-2.5,0,0,0,0,0,0,0,0,0,0,0,0,0,0,0,0,0
2026-03-22T00:29:45Z,2446.965,8407,-5703.5,-10093.299805,1442.099976,355.700012,-1.2,-2.5,0,1,0,0,0,0,0,0,0,0,0,0,0,0,0,0,0
2026-03-22T00:29:46Z,2447.275,8408,-5703.5,-10093.299805,1442.099976,355.700012,-1.2,-2.5,0,1,0,0,0,0,0,0,0,0,0,0,0,0,0,0,0
2026-03-22T00:29:46Z,2447.590,8409,-5703.5,-10093.299805,1442.099976,355.700012,-1.2,-2.5,0,1,0,0,0,0,0,0,0,0,0,0,0,0,0,0,0
2026-03-22T00:29:46Z,2447.876,8410,-5703.5,-10093.299805,1442.099976,355.700012,-1.2,-2.5,0,1,0,0,0,0,0,0,0,0,0,0,0,0,0,0,0
2026-03-22T00:29:46Z,2448.186,8411,-5703.600098,-10091.900391,1442.099976,356,-0.8,-3,0,0,0,0,0,0,0,0,0,0,0,0,0,0,0,0,0
2026-03-22T00:29:47Z,2448.480,8412,-5703.600098,-10091.900391,1442.099976,356,-0.8,-3,0,0,0,0,0,0,0,0,0,0,0,0,0,0,0,0,0
2026-03-22T00:29:47Z,2448.765,8413,-5703.600098,-10091.900391,1442.099976,356,-0.8,-3,0,0,0,0,0,0,0,0,0,0,0,0,0,0,0,0,0
2026-03-22T00:29:47Z,2449.077,8414,-5703.600098,-10090.700195,1442,356.300018,-2.2,-3.1,0,0,0,0,0,0,0,0,0,0,0,0,0,0,0,0,0
2026-03-22T00:29:48Z,2449.408,8415,-5703.600098,-10090.700195,1442,356.300018,-2.2,-3.1,0,0,0,0,0,0,0,0,0,0,0,0,0,0,0,0,0
2026-03-22T00:29:48Z,2449.686,8416,-5703.600098,-10090.700195,1442,356.300018,-2.2,-3.1,0,0,0,0,0,0,0,0,0,0,0,0,0,0,0,0,0
2026-03-22T00:29:48Z,2449.973,8417,-5703.700195,-10089.5,1442,356.700012,-3.1,-3,0,0,0,0,0,0,0,0,0,0,0,0,0,0,0,0,0
2026-03-22T00:29:48Z,2450.249,8418,-5703.700195,-10089.5,1442,356.700012,-3.1,-3,0,0,0,0,0,0,0,0,0,0,0,0,0,0,0,0,0
2026-03-22T00:29:49Z,2450.523,8419,-5703.700195,-10089.5,1442,356.700012,-3.1,-3,0,0,0,0,0,0,0,0,0,0,0,0,0,0,0,0,0
2026-03-22T00:29:49Z,2450.801,8420,-5703.700195,-10089.5,1442,356.700012,-3.1,-3,0,0,0,0,0,0,0,0,0,0,0,0,0,0,0,0,0
2026-03-22T00:29:49Z,2451.110,8421,-5703.800293,-10088.100586,1441.900024,357.100006,-3.3,-3.2,0,0,0,0,0,0,0,0,0,0,0,0,0,0,0,0,0
2026-03-22T00:29:50Z,2451.401,8422,-5703.800293,-10088.100586,1441.900024,357.100006,-3.3,-3.2,0,0,0,0,0,0,0,0,0,0,0,0,0,0,0,0,0
2026-03-22T00:29:50Z,2451.676,8423,-5703.800293,-10088.100586,1441.900024,357.100006,-3.3,-3.2,0,0,0,0,0,0,0,0,0,0,0,0,0,0,0,0,0
2026-03-22T00:29:50Z,2451.954,8424,-5703.800293,-10086.799805,1441.800049,357.399994,-3.3,-3.2,0,0,0,0,0,0,0,0,0,0,0,0,0,0,0,0,0
2026-03-22T00:29:51Z,2452.255,8425,-5703.800293,-10086.799805,1441.800049,357.399994,-3.3,-3.2,0,0,0,0,0,0,0,0,0,0,0,0,0,0,0,0,0
2026-03-22T00:29:51Z,2452.539,8426,-5703.800293,-10086.799805,1441.800049,357.399994,-3.3,-3.2,0,0,0,0,0,0,0,0,0,0,0,0,0,0,0,0,0
2026-03-22T00:29:51Z,2452.837,8427,-5703.800293,-10086.799805,1441.800049,357.399994,-3.3,-3.2,0,0,0,0,0,0,0,0,0,0,0,0,0,0,0,0,0
2026-03-22T00:29:51Z,2453.133,8428,-5703.899902,-10085.600586,1441.700073,357.5,-5,-2.7,0,0,0,0,0,0,0,0,0,0,0,0,0,0,0,0,0
2026-03-22T00:29:52Z,2453.424,8429,-5703.899902,-10085.600586,1441.700073,357.5,-5,-2.7,0,0,0,0,0,0,0,0,0,0,0,0,0,0,0,0,0
2026-03-22T00:29:52Z,2453.722,8430,-5703.899902,-10085.600586,1441.700073,357.5,-5,-2.7,0,0,0,0,0,0,0,0,0,0,0,0,0,0,0,0,0
2026-03-22T00:29:52Z,2454.002,8431,-5704,-10084.299805,1441.5,357.600006,-6.7,-2.7,0,0,0,0,0,0,0,0,0,0,0,0,0,0,0,0,0
2026-03-22T00:29:53Z,2454.272,8432,-5704,-10084.299805,1441.5,357.600006,-6.7,-2.7,0,0,0,0,0,0,0,0,0,0,0,0,0,0,0,0,0
2026-03-22T00:29:53Z,2454.575,8433,-5704,-10084.299805,1441.5,357.600006,-6.7,-2.7,0,0,0,0,0,0,0,0,0,0,0,0,0,0,0,0,0
2026-03-22T00:29:53Z,2454.882,8434,-5704,-10084.299805,1441.5,357.600006,-6.7,-2.7,0,0,0,0,0,0,0,0,0,0,0,0,0,0,0,0,0
2026-03-22T00:29:53Z,2455.176,8435,-5704,-10083,1441.400024,357.600006,-6.4,-2.3,0,0,0,0,0,0,0,0,0,0,0,0,0,0,0,0,0
2026-03-22T00:29:54Z,2455.448,8436,-5704,-10083,1441.400024,357.600006,-6.4,-2.3,0,0,0,0,0,0,0,0,0,0,0,0,0,0,0,0,0
2026-03-22T00:29:54Z,2455.725,8437,-5704,-10083,1441.400024,357.600006,-6.4,-2.3,0,0,0,0,0,0,0,0,0,0,0,0,0,0,0,0,0
2026-03-22T00:29:54Z,2455.992,8438,-5704.100098,-10081.600586,1441.200073,357.700012,-5.5,-1.8,0,0,0,0,0,0,0,0,0,0,0,0,0,0,0,0,0
2026-03-22T00:29:54Z,2456.261,8439,-5704.100098,-10081.600586,1441.200073,357.700012,-5.5,-1.8,0,0,0,0,0,0,0,0,0,0,0,0,0,0,0,0,0
2026-03-22T00:29:55Z,2456.528,8440,-5704.100098,-10081.600586,1441.200073,357.700012,-5.5,-1.8,0,0,0,0,0,0,0,0,0,0,0,0,0,0,0,0,0
2026-03-22T00:29:55Z,2456.852,8441,-5704.100098,-10081.600586,1441.200073,357.700012,-5.5,-1.8,0,0,0,0,0,0,0,0,0,0,0,0,0,0,0,0,0
2026-03-22T00:29:55Z,2457.119,8442,-5704.100098,-10080.200195,1441,357.899994,-6.5,-1.9,0,0,0,0,0,0,0,0,0,0,0,0,0,0,0,0,0
2026-03-22T00:29:56Z,2457.387,8443,-5704.100098,-10080.200195,1441,357.899994,-6.5,-1.9,0,0,0,0,0,0,0,0,0,0,0,0,0,0,0,0,0
2026-03-22T00:29:56Z,2457.647,8444,-5704.100098,-10080.200195,1441,357.899994,-6.5,-1.9,0,0,0,0,0,0,0,0,0,0,0,0,0,0,0,0,0
2026-03-22T00:29:56Z,2457.914,8445,-5704.100098,-10080.200195,1441,357.899994,-6.5,-1.9,0,0,0,0,0,0,0,0,0,0,0,0,0,0,0,0,0
2026-03-22T00:29:56Z,2458.190,8446,-5704.200195,-10078.799805,1440.900024,358.100006,-7.3,-1.5,0,0,0,0,0,0,0,0,0,0,0,0,0,0,0,0,0
2026-03-22T00:29:57Z,2458.479,8447,-5704.200195,-10078.799805,1440.900024,358.100006,-7.3,-1.5,0,0,0,0,0,0,0,0,0,0,0,0,0,0,0,0,0
2026-03-22T00:29:57Z,2458.743,8448,-5704.200195,-10078.799805,1440.900024,358.100006,-7.3,-1.5,0,0,0,0,0,0,0,0,0,0,0,0,0,0,0,0,0
2026-03-22T00:29:57Z,2459.001,8449,-5704.200195,-10077.400391,1440.700073,358.300018,-6.7,-1.2,0,0,0,0,0,0,0,0,0,0,0,0,0,0,0,0,0
2026-03-22T00:29:57Z,2459.263,8450,-5704.200195,-10077.400391,1440.700073,358.300018,-6.7,-1.2,0,0,0,0,0,0,0,0,0,0,0,0,0,0,0,0,0
2026-03-22T00:29:58Z,2459.526,8451,-5704.200195,-10077.400391,1440.700073,358.300018,-6.7,-1.2,0,0,0,0,0,0,0,0,0,0,0,0,0,0,0,0,0
2026-03-22T00:29:58Z,2459.794,8452,-5704.200195,-10077.400391,1440.700073,358.300018,-6.7,-1.2,0,0,0,0,0,0,0,0,0,0,0,0,0,0,0,0,0
2026-03-22T00:29:58Z,2460.053,8453,-5704.300293,-10075.900391,1440.5,358.600006,-6.3,-1.2,0,0,0,0,0,0,0,0,0,0,0,0,0,0,0,0,0
2026-03-22T00:29:59Z,2460.311,8454,-5704.300293,-10075.900391,1440.5,358.600006,-6.3,-1.2,0,0,0,0,0,0,0,0,0,0,0,0,0,0,0,0,0
2026-03-22T00:29:59Z,2460.585,8455,-5704.300293,-10075.900391,1440.5,358.600006,-6.3,-1.2,0,0,0,0,0,0,0,0,0,0,0,0,0,0,0,0,0
2026-03-22T00:29:59Z,2460.856,8456,-5704.300293,-10075.900391,1440.5,358.600006,-6.3,-1.2,0,0,0,0,0,0,0,0,0,0,0,0,0,0,0,0,0
2026-03-22T00:29:59Z,2461.138,8457,-5704.300293,-10074.400391,1440.300049,358.899994,-6.3,-1,0,0,0,0,0,0,0,0,0,0,0,0,0,0,0,0,0
2026-03-22T00:30:00Z,2461.396,8458,-5704.300293,-10074.400391,1440.300049,358.899994,-6.3,-1,0,0,0,0,0,0,0,0,0,0,0,0,0,0,0,0,0
2026-03-22T00:30:00Z,2461.649,8459,-5704.300293,-10074.400391,1440.300049,358.899994,-6.3,-1,0,0,0,0,0,0,0,0,0,0,0,0,0,0,0,0,0
2026-03-22T00:30:00Z,2461.901,8460,-5704.300293,-10073,1440.099976,359,-6.2,-0.6,0,0,0,0,0,0,0,0,0,0,0,0,0,0,0,0,0
2026-03-22T00:30:00Z,2462.189,8461,-5704.300293,-10073,1440.099976,359,-6.2,-0.6,0,0,0,0,0,0,0,0,0,0,0,0,0,0,0,0,0
2026-03-22T00:30:01Z,2462.458,8462,-5704.300293,-10073,1440.099976,359,-6.2,-0.6,0,0,0,0,0,0,0,0,0,0,0,0,0,0,0,0,0
2026-03-22T00:30:01Z,2462.733,8463,-5704.300293,-10073,1440.099976,359,-6.2,-0.6,0,0,0,0,0,0,0,0,0,0,0,0,0,0,0,0,0
2026-03-22T00:30:01Z,2462.983,8464,-5704.399902,-10071.299805,1439.900024,359,-6,-0.6,0,0,0,0,0,0,0,0,0,0,0,0,0,0,0,0,0
2026-03-22T00:30:01Z,2463.250,8465,-5704.399902,-10071.299805,1439.900024,359,-6,-0.6,0,0,0,0,0,0,0,0,0,0,0,0,0,0,0,0,0
2026-03-22T00:30:02Z,2463.500,8466,-5704.399902,-10071.299805,1439.900024,359,-6,-0.6,0,0,0,0,0,0,0,0,0,0,0,0,0,0,0,0,0
2026-03-22T00:30:02Z,2463.753,8467,-5704.399902,-10071.299805,1439.900024,359,-6,-0.6,0,0,0,0,0,0,0,0,0,0,0,0,0,0,0,0,0
2026-03-22T00:30:02Z,2464.008,8468,-5704.300293,-10069.799805,1439.800049,0.3,-5.4,-1.2,0,0,0,0,0,0,0,0,0,0,0,0,0,0,0,0,0
2026-03-22T00:30:02Z,2464.277,8469,-5704.300293,-10069.799805,1439.800049,0.3,-5.4,-1.2,0,0,0,0,0,0,0,0,0,0,0,0,0,0,0,0,0
2026-03-22T00:30:03Z,2464.527,8470,-5704.300293,-10069.799805,1439.800049,0.3,-5.4,-1.2,0,0,0,0,0,0,0,0,0,0,0,0,0,0,0,0,0
2026-03-22T00:30:03Z,2464.783,8471,-5704.300293,-10069.799805,1439.800049,0.3,-5.4,-1.2,0,0,0,0,0,0,0,0,0,0,0,0,0,0,0,0,0
2026-03-22T00:30:03Z,2465.056,8472,-5704.200195,-10068.299805,1439.599976,4.9,-5,-2.1,0,0,0,0,0,0,0,0,0,0,0,0,0,0,0,0,0
2026-03-22T00:30:04Z,2465.298,8473,-5704.200195,-10068.299805,1439.599976,4.9,-5,-2.1,0,0,0,0,0,0,0,0,0,0,0,0,0,0,0,0,0
2026-03-22T00:30:04Z,2465.540,8474,-5704.200195,-10068.299805,1439.599976,4.9,-5,-2.1,0,0,0,0,0,0,0,0,0,0,0,0,0,0,0,0,0
2026-03-22T00:30:04Z,2465.783,8475,-5704.200195,-10068.299805,1439.599976,4.9,-5,-2.1,0,0,0,0,0,0,0,0,0,0,0,0,0,0,0,0,0
2026-03-22T00:30:04Z,2466.036,8476,-5703.899902,-10066.700195,1439.5,9.400001,-5.1,-2.2,0,0,0,0,0,0,0,0,0,0,0,0,0,0,0,0,0
2026-03-22T00:30:04Z,2466.275,8477,-5703.899902,-10066.700195,1439.5,9.400001,-5.1,-2.2,0,0,0,0,0,0,0,0,0,0,0,0,0,0,0,0,0
2026-03-22T00:30:05Z,2466.516,8478,-5703.899902,-10066.700195,1439.5,9.400001,-5.1,-2.2,0,0,0,0,0,0,0,0,0,0,0,0,0,0,0,0,0
2026-03-22T00:30:05Z,2466.759,8479,-5703.899902,-10066.700195,1439.5,9.400001,-5.1,-2.2,0,0,0,0,0,0,0,0,0,0,0,0,0,0,0,0,0
2026-03-22T00:30:05Z,2467.000,8480,-5703.5,-10065.200195,1439.300049,14,-5.6,-3,0,0,0,0,0,0,0,0,0,0,0,0,0,0,0,0,0
2026-03-22T00:30:05Z,2467.238,8481,-5703.5,-10065.200195,1439.300049,14,-5.6,-3,0,0,0,0,0,0,0,0,0,0,0,0,0,0,0,0,0
2026-03-22T00:30:06Z,2467.484,8482,-5703.5,-10065.200195,1439.300049,14,-5.6,-3,0,0,0,0,0,0,0,0,0,0,0,0,0,0,0,0,0
2026-03-22T00:30:06Z,2467.719,8483,-5703.5,-10065.200195,1439.300049,14,-5.6,-3,0,0,0,0,0,0,0,0,0,0,0,0,0,0,0,0,0
2026-03-22T00:30:06Z,2467.963,8484,-5703,-10063.799805,1439.099976,18,-5.9,-3.5,0,0,1,0,0,0,0,0,0,0,0,0,0,0,0,0,0
2026-03-22T00:30:06Z,2468.222,8485,-5703,-10063.799805,1439.099976,18,-5.9,-3.5,0,0,1,0,0,0,0,0,0,0,0,0,0,0,0,0,0
2026-03-22T00:30:07Z,2468.456,8486,-5703,-10063.799805,1439.099976,18,-5.9,-3.5,0,0,1,0,0,0,0,0,0,0,0,0,0,0,0,0,0
2026-03-22T00:30:07Z,2468.698,8487,-5703,-10063.799805,1439.099976,18,-5.9,-3.5,0,0,1,0,0,0,0,0,0,0,0,0,0,0,0,0,0
2026-03-22T00:30:07Z,2468.940,8488,-5702.5,-10062.400391,1439,20.6,-5.4,-3.7,0,0,1,0,0,0,0,0,0,0,0,0,0,0,0,0,0
2026-03-22T00:30:07Z,2469.170,8489,-5702.5,-10062.400391,1439,20.6,-5.4,-3.7,0,0,1,0,0,0,0,0,0,0,0,0,0,0,0,0,0
2026-03-22T00:30:08Z,2469.407,8490,-5702.5,-10062.400391,1439,20.6,-5.4,-3.7,0,0,1,0,0,0,0,0,0,0,0,0,0,0,0,0,0
2026-03-22T00:30:08Z,2469.655,8491,-5702.5,-10062.400391,1439,20.6,-5.4,-3.7,0,0,1,0,0,0,0,0,0,0,0,0,0,0,0,0,0
2026-03-22T00:30:08Z,2469.903,8492,-5702.5,-10062.400391,1439,20.6,-5.4,-3.7,0,0,1,0,0,0,0,0,0,0,0,0,0,0,0,0,0
2026-03-22T00:30:08Z,2470.143,8493,-5701.800293,-10060.900391,1438.800049,23.700001,-5.3,-4.3,0,0,1,0,0,0,0,0,0,0,0,0,0,0,0,0,0
2026-03-22T00:30:09Z,2470.374,8494,-5701.800293,-10060.900391,1438.800049,23.700001,-5.3,-4.3,0,0,1,0,0,0,0,0,0,0,0,0,0,0,0,0,0
2026-03-22T00:30:09Z,2470.603,8495,-5701.800293,-10060.900391,1438.800049,23.700001,-5.3,-4.3,0,0,1,0,0,0,0,0,0,0,0,0,0,0,0,0,0
2026-03-22T00:30:09Z,2470.845,8496,-5701.800293,-10060.900391,1438.800049,23.700001,-5.3,-4.3,0,0,1,0,0,0,0,0,0,0,0,0,0,0,0,0,0
2026-03-22T00:30:09Z,2471.081,8497,-5701.100098,-10059.5,1438.599976,25.9,-6.3,-4.3,0,0,1,0,0,0,0,0,0,0,0,0,0,0,0,0,0
2026-03-22T00:30:10Z,2471.324,8498,-5701.100098,-10059.5,1438.599976,25.9,-6.3,-4.3,0,0,1,0,0,0,0,0,0,0,0,0,0,0,0,0,0
2026-03-22T00:30:10Z,2471.568,8499,-5701.100098,-10059.5,1438.599976,25.9,-6.3,-4.3,0,0,1,0,0,0,0,0,0,0,0,0,0,0,0,0,0
2026-03-22T00:30:10Z,2471.797,8500,-5701.100098,-10059.5,1438.599976,25.9,-6.3,-4.3,0,0,1,0,0,0,0,0,0,0,0,0,0,0,0,0,0
2026-03-22T00:30:10Z,2472.032,8501,-5700.399902,-10058,1438.400024,26.800001,-6.4,-4.5,0,1,1,0,0,1,0,0,0,0,0,0,0,0,0,0,0
2026-03-22T00:30:10Z,2472.255,8502,-5700.399902,-10058,1438.400024,26.800001,-6.4,-4.5,0,1,1,0,0,1,0,0,0,0,0,0,0,0,0,0,0
2026-03-22T00:30:11Z,2472.497,8503,-5700.399902,-10058,1438.400024,26.800001,-6.4,-4.5,0,1,1,0,0,1,0,0,0,0,0,0,0,0,0,0,0
2026-03-22T00:30:11Z,2472.740,8504,-5700.399902,-10058,1438.400024,26.800001,-6.4,-4.5,0,1,1,0,0,1,0,0,0,0,0,0,0,0,0,0,0
2026-03-22T00:30:11Z,2472.967,8505,-5699.600098,-10056.600586,1438.200073,27.300001,-5.7,-4.7,0,1,1,0,0,1,0,0,0,0,0,0,0,1,0,0,0
2026-03-22T00:30:11Z,2473.188,8506,-5699.600098,-10056.600586,1438.200073,27.300001,-5.7,-4.7,0,1,1,0,0,1,0,0,0,0,0,0,0,1,0,0,0
2026-03-22T00:30:12Z,2473.422,8507,-5699.600098,-10056.600586,1438.200073,27.300001,-5.7,-4.7,0,1,1,0,0,1,0,0,0,0,0,0,0,1,0,0,0
2026-03-22T00:30:12Z,2473.671,8508,-5699.600098,-10056.600586,1438.200073,27.300001,-5.7,-4.7,0,1,1,0,0,1,0,0,0,0,0,0,0,1,0,0,0
2026-03-22T00:30:12Z,2473.902,8509,-5699.600098,-10056.600586,1438.200073,27.300001,-5.7,-4.7,0,1,1,0,0,1,0,0,0,0,0,0,0,1,0,0,0
2026-03-22T00:30:12Z,2474.181,8510,-5698.800293,-10055.100586,1438,27.800001,-6,-4.9,0,0,0,0,0,1,0,0,0,0,0,0,0,0,0,0,0
2026-03-22T00:30:13Z,2474.424,8511,-5698.800293,-10055.100586,1438,27.800001,-6,-4.9,0,0,0,0,0,1,0,0,0,0,0,0,0,0,0,0,0
2026-03-22T00:30:13Z,2474.659,8512,-5698.800293,-10055.100586,1438,27.800001,-6,-4.9,0,0,0,0,0,1,0,0,0,0,0,0,0,0,0,0,0
2026-03-22T00:30:13Z,2474.893,8513,-5698.300293,-10054.299805,1437.900024,12.400001,-7.4,-5.1,0,0,1,0,0,0,1,0,0,0,0,0,0,0,0,0,0
2026-03-22T00:30:13Z,2475.110,8514,-5698.300293,-10054.299805,1437.900024,12.400001,-7.4,-5.1,0,0,1,0,0,0,1,0,0,0,0,0,0,0,0,0,0
2026-03-22T00:30:14Z,2475.349,8515,-5698.300293,-10054.299805,1437.900024,12.400001,-7.4,-5.1,0,0,1,0,0,0,1,0,0,0,0,0,0,0,0,0,0
2026-03-22T00:30:14Z,2475.578,8516,-5698.300293,-10054.299805,1437.900024,12.400001,-7.4,-5.1,0,0,1,0,0,0,1,0,0,0,0,0,0,0,0,0,0
2026-03-22T00:30:14Z,2475.816,8517,-5698.300293,-10054.299805,1437.900024,12.400001,-7.4,-5.1,0,0,1,0,0,0,1,0,0,0,0,0,0,0,0,0,0
2026-03-22T00:30:14Z,2476.056,8518,-5698.100098,-10054.200195,1437.900024,6.9,-7.3,-1.1,0,0,1,0,0,1,1,0,0,0,0,0,0,0,0,0,0
2026-03-22T00:30:14Z,2476.275,8519,-5698.100098,-10054.200195,1437.900024,6.9,-7.3,-1.1,0,0,1,0,0,1,1,0,0,0,0,0,0,0,0,0,0
2026-03-22T00:30:15Z,2476.512,8520,-5698.100098,-10054.200195,1437.900024,6.9,-7.3,-1.1,0,0,1,0,0,1,1,0,0,0,0,0,0,0,0,0,0
2026-03-22T00:30:15Z,2476.759,8521,-5698.100098,-10054.200195,1437.900024,6.9,-7.3,-1.1,0,0,1,0,0,1,1,0,0,0,0,0,0,0,0,0,0
2026-03-22T00:30:15Z,2476.988,8522,-5698.100098,-10054.200195,1437.900024,7.4,-7.1,-3.2,0,0,1,0,0,0,1,0,0,0,0,0,0,0,0,0,0
2026-03-22T00:30:15Z,2477.216,8523,-5698.100098,-10054.200195,1437.900024,7.4,-7.1,-3.2,0,0,1,0,0,0,1,0,0,0,0,0,0,0,0,0,0
2026-03-22T00:30:16Z,2477.445,8524,-5698.100098,-10054.200195,1437.900024,7.4,-7.1,-3.2,0,0,1,0,0,0,1,0,0,0,0,0,0,0,0,0,0
2026-03-22T00:30:16Z,2477.688,8525,-5698.100098,-10054.200195,1437.900024,7.4,-7.1,-3.2,0,0,1,0,0,0,1,0,0,0,0,0,0,0,0,0,0
2026-03-22T00:30:16Z,2477.928,8526,-5698.100098,-10054.200195,1437.900024,7.3,-6.3,-2.8,0,0,1,0,0,0,1,0,0,0,0,0,0,0,0,0,0
2026-03-22T00:30:16Z,2478.148,8527,-5698.100098,-10054.200195,1437.900024,7.3,-6.3,-2.8,0,0,1,0,0,0,1,0,0,0,0,0,0,0,0,0,0
2026-03-22T00:30:17Z,2478.391,8528,-5698.100098,-10054.200195,1437.900024,7.3,-6.3,-2.8,0,0,1,0,0,0,1,0,0,0,0,0,0,0,0,0,0
2026-03-22T00:30:17Z,2478.617,8529,-5698.100098,-10054.200195,1437.900024,7.3,-6.3,-2.8,0,0,1,0,0,0,1,0,0,0,0,0,0,0,0,0,0
2026-03-22T00:30:17Z,2478.914,8530,-5698.100098,-10054.200195,1437.900024,7.3,-7,-2.8,0,0,1,0,0,0,1,0,0,0,0,0,0,0,0,0,0
2026-03-22T00:30:17Z,2479.166,8531,-5698.100098,-10054.200195,1437.900024,7.3,-7,-2.8,0,0,1,0,0,0,1,0,0,0,0,0,0,0,0,0,0
2026-03-22T00:30:18Z,2479.400,8532,-5698.100098,-10054.200195,1437.900024,7.3,-7,-2.8,0,0,1,0,0,0,1,0,0,0,0,0,0,0,0,0,0
2026-03-22T00:30:18Z,2479.632,8533,-5698.100098,-10054.200195,1437.900024,7.3,-7,-2.8,0,0,1,0,0,0,1,0,0,0,0,0,0,0,0,0,0
2026-03-22T00:30:18Z,2479.866,8534,-5698.100098,-10054.200195,1437.900024,7.3,-6.7,-2.8,0,0,1,0,0,0,1,0,0,0,0,0,0,0,0,0,0
2026-03-22T00:30:19Z,2480.169,8535,-5698.100098,-10054.200195,1437.900024,7.3,-6.7,-2.8,0,0,1,0,0,0,1,0,0,0,0,0,0,0,0,0,0
2026-03-22T00:30:19Z,2480.879,8536,-5698.100098,-10054.200195,1437.900024,7.3,-6.6,-2.8,0,0,1,0,0,0,1,0,0,0,0,0,0,0,0,0,0
2026-03-22T00:30:19Z,2481.115,8537,-5698.100098,-10054.200195,1437.900024,7.3,-6.6,-2.8,0,0,1,0,0,0,1,0,0,0,0,0,0,0,0,0,0
2026-03-22T00:30:20Z,2481.375,8538,-5698.100098,-10054.200195,1437.900024,7.3,-6.6,-2.8,0,0,1,0,0,0,1,0,0,0,0,0,0,0,0,0,0
2026-03-22T00:30:20Z,2481.612,8539,-5698.100098,-10054.200195,1437.900024,7.3,-6.6,-2.8,0,0,1,0,0,0,1,0,0,0,0,0,0,0,0,0,0
2026-03-22T00:30:20Z,2481.841,8540,-5698.100098,-10054.200195,1437.900024,7.3,-7.4,-2.8,0,0,1,0,0,0,1,0,0,0,0,0,0,0,0,0,0
2026-03-22T00:30:20Z,2482.094,8541,-5698.100098,-10054.200195,1437.900024,7.3,-7.4,-2.8,0,0,1,0,0,0,1,0,0,0,0,0,0,0,0,0,0
2026-03-22T00:30:21Z,2482.380,8542,-5698.100098,-10054.200195,1437.900024,7.3,-7.4,-2.8,0,0,1,0,0,0,1,0,0,0,0,0,0,0,0,0,0
2026-03-22T00:30:21Z,2482.798,8543,-5698.100098,-10054.200195,1437.900024,7.3,-7.4,-2.8,0,0,1,0,0,0,1,0,0,0,0,0,0,0,0,0,0
2026-03-22T00:30:22Z,2483.033,8544,-5698.200195,-10054.600586,1438,6.7,-8.7,-2.7,0,0,1,1,0,1,1,0,0,0,0,0,0,0,1,0,0
2026-03-22T00:30:23Z,2483.594,8545,-5698.200195,-10054.600586,1438,6.7,-8.7,-2.7,0,0,1,1,0,1,1,0,0,0,0,0,0,0,1,0,0
2026-03-22T00:30:23Z,2484.939,8546,-5698.399902,-10056.100586,1438.200073,4.5,-8.6,-2.5,0,1,1,1,0,1,1,0,0,0,0,0,0,0,1,0,0
2026-03-22T00:30:24Z,2485.356,8547,-5698.399902,-10056.100586,1438.200073,4.5,-8.6,-2.5,0,1,1,1,0,1,1,0,0,0,0,0,0,0,1,0,0
2026-03-22T00:30:24Z,2485.706,8548,-5698.399902,-10056.100586,1438.200073,4.5,-8.6,-2.5,0,1,1,1,0,1,1,0,0,0,0,0,0,0,1,0,0
2026-03-22T00:30:24Z,2485.959,8549,-5698.5,-10057,1438.300049,3,-8,-2.3,0,0,1,0,0,1,1,0,0,0,0,0,0,0,0,0,0
2026-03-22T00:30:24Z,2486.182,8550,-5698.5,-10057,1438.300049,3,-8,-2.3,0,0,1,0,0,1,1,0,0,0,0,0,0,0,0,0,0
2026-03-22T00:30:25Z,2486.428,8551,-5698.5,-10057,1438.300049,3,-8,-2.3,0,0,1,0,0,1,1,0,0,0,0,0,0,0,0,0,0
2026-03-22T00:30:25Z,2486.667,8552,-5698.5,-10057,1438.300049,3,-8,-2.3,0,0,1,0,0,1,1,0,0,0,0,0,0,0,0,0,0
2026-03-22T00:30:25Z,2486.911,8553,-5698.5,-10058.100586,1438.5,3.5,-8.3,-2.8,0,0,1,0,0,1,1,0,0,0,0,0,0,0,0,0,0
2026-03-22T00:30:25Z,2487.144,8554,-5698.5,-10058.100586,1438.5,3.5,-8.3,-2.8,0,0,1,0,0,1,1,0,0,0,0,0,0,0,0,0,0
2026-03-22T00:30:26Z,2487.371,8555,-5698.5,-10058.100586,1438.5,3.5,-8.3,-2.8,0,0,1,0,0,1,1,0,0,0,0,0,0,0,0,0,0
2026-03-22T00:30:26Z,2487.616,8556,-5698.5,-10058.100586,1438.5,3.5,-8.3,-2.8,0,0,1,0,0,1,1,0,0,0,0,0,0,0,0,0,0
2026-03-22T00:30:26Z,2487.845,8557,-5698.600098,-10059.400391,1438.599976,5.4,-8.3,-2.2,0,0,1,0,0,0,0,0,0,0,0,0,0,0,0,0,0
2026-03-22T00:30:26Z,2488.116,8558,-5698.600098,-10059.400391,1438.599976,5.4,-8.3,-2.2,0,0,1,0,0,0,0,0,0,0,0,0,0,0,0,0,0
2026-03-22T00:30:27Z,2488.366,8559,-5698.600098,-10059.400391,1438.599976,5.4,-8.3,-2.2,0,0,1,0,0,0,0,0,0,0,0,0,0,0,0,0,0
2026-03-22T00:30:27Z,2488.597,8560,-5698.600098,-10059.400391,1438.599976,5.4,-8.3,-2.2,0,0,1,0,0,0,0,0,0,0,0,0,0,0,0,0,0
2026-03-22T00:30:27Z,2488.840,8561,-5698.600098,-10059.400391,1438.599976,5.4,-8.3,-2.2,0,0,1,0,0,0,0,0,0,0,0,0,0,0,0,0,0
2026-03-22T00:30:32Z,2489.075,8562,-5698.700195,-10060.600586,1438.800049,7.2,-7.1,-2.4,0,0,1,0,0,0,0,0,0,0,0,0,0,0,0,0,0
2026-03-22T00:30:33Z,2494.313,8563,-5698.899902,-10062.799805,1439.099976,10.7,-5.8,-3.1,0,0,1,0,0,0,0,0,0,0,0,0,0,0,0,0,0
2026-03-22T00:30:33Z,2494.564,8564,-5698.899902,-10062.799805,1439.099976,10.7,-5.8,-3.1,0,0,1,0,0,0,0,0,0,0,0,0,0,0,0,0,0
2026-03-22T00:30:33Z,2494.799,8565,-5698.899902,-10062.799805,1439.099976,10.8,-6.3,-3.1,0,0,1,0,0,0,0,0,0,0,0,0,0,0,0,0,0
2026-03-22T00:30:33Z,2495.085,8566,-5698.899902,-10062.799805,1439.099976,10.8,-6.3,-3.1,0,0,1,0,0,0,0,0,0,0,0,0,0,0,0,0,0
2026-03-22T00:30:34Z,2495.321,8567,-5698.899902,-10062.799805,1439.099976,10.8,-6.3,-3.1,0,0,1,0,0,0,0,0,0,0,0,0,0,0,0,0,0
2026-03-22T00:30:34Z,2495.564,8568,-5698.899902,-10062.799805,1439.099976,10.8,-6.3,-3.1,0,0,1,0,0,0,0,0,0,0,0,0,0,0,0,0,0
2026-03-22T00:30:34Z,2495.814,8569,-5698.899902,-10062.799805,1439.099976,10.8,-6.3,-3.1,0,0,1,0,0,0,0,0,0,0,0,0,0,0,0,0,0
2026-03-22T00:30:34Z,2496.097,8570,-5698.899902,-10062.799805,1439.099976,11.1,-5.9,-3.2,0,0,1,0,0,0,0,0,0,0,0,0,0,0,0,0,0
2026-03-22T00:30:35Z,2496.331,8571,-5698.899902,-10062.799805,1439.099976,11.1,-5.9,-3.2,0,0,1,0,0,0,0,0,0,0,0,0,0,0,0,0,0
2026-03-22T00:30:35Z,2496.569,8572,-5698.899902,-10062.799805,1439.099976,11.1,-5.9,-3.2,0,0,1,0,0,0,0,0,0,0,0,0,0,0,0,0,0
2026-03-22T00:30:35Z,2496.809,8573,-5698.899902,-10062.799805,1439.099976,11.1,-5.9,-3.2,0,0,1,0,0,0,0,0,0,0,0,0,0,0,0,0,0
2026-03-22T00:30:35Z,2497.066,8574,-5698.800293,-10062.700195,1439.099976,12.2,-6.1,-3.3,0,0,1,0,0,0,0,0,0,0,0,0,0,0,0,0,0
2026-03-22T00:30:36Z,2497.308,8575,-5698.800293,-10062.700195,1439.099976,12.2,-6.1,-3.3,0,0,1,0,0,0,0,0,0,0,0,0,0,0,0,0,0
2026-03-22T00:30:36Z,2497.543,8576,-5698.800293,-10062.700195,1439.099976,12.2,-6.1,-3.3,0,0,1,0,0,0,0,0,0,0,0,0,0,0,0,0,0
2026-03-22T00:30:36Z,2497.782,8577,-5698.800293,-10062.700195,1439.099976,12.2,-6.1,-3.3,0,0,1,0,0,0,0,0,0,0,0,0,0,0,0,0,0
2026-03-22T00:30:36Z,2498.033,8578,-5698.800293,-10062.600586,1439.099976,14.1,-5.8,-3.5,0,0,1,0,0,0,0,0,0,0,0,0,0,0,0,0,0
2026-03-22T00:30:36Z,2498.273,8579,-5698.800293,-10062.600586,1439.099976,14.1,-5.8,-3.5,0,0,1,0,0,0,0,0,0,0,0,0,0,0,0,0,0
2026-03-22T00:30:37Z,2498.509,8580,-5698.800293,-10062.600586,1439.099976,14.1,-5.8,-3.5,0,0,1,0,0,0,0,0,0,0,0,0,0,0,0,0,0
2026-03-22T00:30:37Z,2498.755,8581,-5698.800293,-10062.600586,1439.099976,14.1,-5.8,-3.5,0,0,1,0,0,0,0,0,0,0,0,0,0,0,0,0,0
2026-03-22T00:30:37Z,2498.994,8582,-5698.600098,-10062.400391,1439.099976,16.4,-5.8,-3.9,0,0,0,0,0,0,0,0,0,0,0,0,0,0,0,0,0
2026-03-22T00:30:38Z,2499.275,8583,-5698.600098,-10062.400391,1439.099976,16.4,-5.8,-3.9,0,0,0,0,0,0,0,0,0,0,0,0,0,0,0,0,0
2026-03-22T00:30:38Z,2499.538,8584,-5698.600098,-10062.400391,1439.099976,16.4,-5.8,-3.9,0,0,0,0,0,0,0,0,0,0,0,0,0,0,0,0,0
2026-03-22T00:30:38Z,2499.780,8585,-5698.600098,-10062.400391,1439.099976,16.4,-5.8,-3.9,0,0,0,0,0,0,0,0,0,0,0,0,0,0,0,0,0
2026-03-22T00:30:38Z,2500.008,8586,-5698.5,-10062.200195,1439,18.4,-5.6,-4.2,0,0,0,0,0,0,0,0,0,0,0,0,0,0,0,0,0
2026-03-22T00:30:38Z,2500.246,8587,-5698.5,-10062.200195,1439,18.4,-5.6,-4.2,0,0,0,0,0,0,0,0,0,0,0,0,0,0,0,0,0
2026-03-22T00:30:39Z,2500.496,8588,-5698.5,-10062.200195,1439,18.4,-5.6,-4.2,0,0,0,0,0,0,0,0,0,0,0,0,0,0,0,0,0
2026-03-22T00:30:39Z,2500.737,8589,-5698.5,-10062.200195,1439,18.4,-5.6,-4.2,0,0,0,0,0,0,0,0,0,0,0,0,0,0,0,0,0
2026-03-22T00:30:39Z,2501.012,8590,-5698.300293,-10061.900391,1439,21.200001,-5.4,-4.8,0,0,0,0,0,0,0,0,0,0,0,0,0,0,0,0,0
2026-03-22T00:30:39Z,2501.244,8591,-5698.300293,-10061.900391,1439,21.200001,-5.4,-4.8,0,0,0,0,0,0,0,0,0,0,0,0,0,0,0,0,0
2026-03-22T00:30:40Z,2501.509,8592,-5698.300293,-10061.900391,1439,21.200001,-5.4,-4.8,0,0,0,0,0,0,0,0,0,0,0,0,0,0,0,0,0
2026-03-22T00:30:40Z,2501.746,8593,-5698.300293,-10061.900391,1439,21.200001,-5.4,-4.8,0,0,0,0,0,0,0,0,0,0,0,0,0,0,0,0,0
2026-03-22T00:30:40Z,2502.002,8594,-5698.100098,-10061.5,1438.900024,23.5,-5.3,-4.7,0,0,0,0,0,0,0,0,0,0,0,0,0,0,0,0,0
2026-03-22T00:30:40Z,2502.250,8595,-5698.100098,-10061.5,1438.900024,23.5,-5.3,-4.7,0,0,0,0,0,0,0,0,0,0,0,0,0,0,0,0,0
2026-03-22T00:30:41Z,2502.526,8596,-5698.100098,-10061.5,1438.900024,23.5,-5.3,-4.7,0,0,0,0,0,0,0,0,0,0,0,0,0,0,0,0,0
2026-03-22T00:30:41Z,2502.874,8597,-5697.899902,-10061.100586,1438.900024,25.700001,-5.1,-5.2,0,0,0,0,0,0,0,0,0,0,0,0,0,0,0,0,0
2026-03-22T00:30:41Z,2503.182,8598,-5697.899902,-10061.100586,1438.900024,25.700001,-5.1,-5.2,0,0,0,0,0,0,0,0,0,0,0,0,0,0,0,0,0
2026-03-22T00:30:42Z,2503.518,8599,-5697.899902,-10061.100586,1438.900024,25.700001,-5.1,-5.2,0,0,0,0,0,0,0,0,0,0,0,0,0,0,0,0,0
2026-03-22T00:30:42Z,2503.936,8600,-5697.600098,-10060.5,1438.800049,27.9,-5,-5.3,0,0,0,0,0,0,0,0,0,0,0,0,0,0,0,0,0
2026-03-22T00:30:42Z,2504.186,8601,-5697.600098,-10060.5,1438.800049,27.9,-5,-5.3,0,0,0,0,0,0,0,0,0,0,0,0,0,0,0,0,0
2026-03-22T00:30:43Z,2504.419,8602,-5697.600098,-10060.5,1438.800049,27.9,-5,-5.3,0,0,0,0,0,0,0,0,0,0,0,0,0,0,0,0,0
2026-03-22T00:30:43Z,2504.647,8603,-5697.600098,-10060.5,1438.800049,27.9,-5,-5.3,0,0,0,0,0,0,0,0,0,0,0,0,0,0,0,0,0
2026-03-22T00:30:43Z,2504.886,8604,-5697.200195,-10060,1438.800049,30.1,-4.9,-5.9,0,0,0,0,0,0,0,0,0,0,0,0,0,0,0,0,0
2026-03-22T00:30:43Z,2505.150,8605,-5697.200195,-10060,1438.800049,30.1,-4.9,-5.9,0,0,0,0,0,0,0,0,0,0,0,0,0,0,0,0,0
2026-03-22T00:30:44Z,2505.397,8606,-5697.200195,-10060,1438.800049,30.1,-4.9,-5.9,0,0,0,0,0,0,0,0,0,0,0,0,0,0,0,0,0
2026-03-22T00:30:44Z,2505.631,8607,-5697.200195,-10060,1438.800049,30.1,-4.9,-5.9,0,0,0,0,0,0,0,0,0,0,0,0,0,0,0,0,0
2026-03-22T00:30:44Z,2505.866,8608,-5696.700195,-10059.299805,1438.700073,34.200001,-4.5,-6.7,0,0,0,0,0,0,0,0,0,0,0,0,0,0,0,0,0
2026-03-22T00:30:44Z,2506.109,8609,-5696.700195,-10059.299805,1438.700073,34.200001,-4.5,-6.7,0,0,0,0,0,0,0,0,0,0,0,0,0,0,0,0,0
2026-03-22T00:30:45Z,2506.363,8610,-5696.700195,-10059.299805,1438.700073,34.200001,-4.5,-6.7,0,0,0,0,0,0,0,0,0,0,0,0,0,0,0,0,0
2026-03-22T00:30:45Z,2506.594,8611,-5696.700195,-10059.299805,1438.700073,34.200001,-4.5,-6.7,0,0,0,0,0,0,0,0,0,0,0,0,0,0,0,0,0
2026-03-22T00:30:45Z,2506.829,8612,-5696.700195,-10059.299805,1438.700073,34.200001,-4.5,-6.7,0,0,0,0,0,0,0,0,0,0,0,0,0,0,0,0,0
2026-03-22T00:30:45Z,2507.067,8613,-5696,-10058.700195,1438.599976,40.400002,-4,-7.5,0,0,0,0,0,0,0,0,0,0,0,0,0,0,0,0,0
2026-03-22T00:30:45Z,2507.297,8614,-5696,-10058.700195,1438.599976,40.400002,-4,-7.5,0,0,0,0,0,0,0,0,0,0,0,0,0,0,0,0,0
2026-03-22T00:30:46Z,2507.525,8615,-5696,-10058.700195,1438.599976,40.400002,-4,-7.5,0,0,0,0,0,0,0,0,0,0,0,0,0,0,0,0,0
2026-03-22T00:30:46Z,2507.749,8616,-5696,-10058.700195,1438.599976,40.400002,-4,-7.5,0,0,0,0,0,0,0,0,0,0,0,0,0,0,0,0,0
2026-03-22T00:30:46Z,2507.984,8617,-5695.200195,-10058.100586,1438.599976,49,-2.7,-8.900001,0,0,0,0,0,0,0,0,0,1,0,0,0,0,0,0,0
2026-03-22T00:30:46Z,2508.211,8618,-5695.200195,-10058.100586,1438.599976,49,-2.7,-8.900001,0,0,0,0,0,0,0,0,0,1,0,0,0,0,0,0,0
2026-03-22T00:30:47Z,2508.449,8619,-5695.200195,-10058.100586,1438.599976,49,-2.7,-8.900001,0,0,0,0,0,0,0,0,0,1,0,0,0,0,0,0,0
2026-03-22T00:30:47Z,2508.686,8620,-5695.200195,-10058.100586,1438.599976,49,-2.7,-8.900001,0,0,0,0,0,0,0,0,0,1,0,0,0,0,0,0,0
2026-03-22T00:30:47Z,2508.920,8621,-5694.399902,-10057.700195,1438.5,55.700001,-2.8,-7.2,0,0,0,0,0,0,0,0,0,0,0,0,0,0,1,0,0
2026-03-22T00:30:47Z,2509.153,8622,-5694.399902,-10057.700195,1438.5,55.700001,-2.8,-7.2,0,0,0,0,0,0,0,0,0,0,0,0,0,0,1,0,0
2026-03-22T00:30:48Z,2509.391,8623,-5694.399902,-10057.700195,1438.5,55.700001,-2.8,-7.2,0,0,0,0,0,0,0,0,0,0,0,0,0,0,1,0,0
2026-03-22T00:30:48Z,2509.619,8624,-5694.399902,-10057.700195,1438.5,55.700001,-2.8,-7.2,0,0,0,0,0,0,0,0,0,0,0,0,0,0,1,0,0
2026-03-22T00:30:48Z,2509.850,8625,-5694.399902,-10057.700195,1438.5,55.700001,-2.8,-7.2,0,0,0,0,0,0,0,0,0,0,0,0,0,0,1,0,0
2026-03-22T00:30:48Z,2510.083,8626,-5693.5,-10057.100586,1438.400024,58.600002,-5.1,-3.9,0,0,0,0,0,0,0,1,0,0,0,0,0,0,1,0,0
2026-03-22T00:30:49Z,2510.523,8627,-5693.5,-10057.100586,1438.400024,58.600002,-5.1,-3.9,0,0,0,0,0,0,0,1,0,0,0,0,0,0,1,0,0
2026-03-22T00:30:49Z,2510.745,8628,-5693.5,-10057.100586,1438.400024,58.600002,-5.1,-3.9,0,0,0,0,0,0,0,1,0,0,0,0,0,0,1,0,0
2026-03-22T00:30:49Z,2510.983,8629,-5692.399902,-10056.5,1438.300049,58.400002,-4.2,-4.7,0,0,0,0,0,0,0,1,0,0,0,0,0,0,1,0,1
2026-03-22T00:30:49Z,2511.206,8630,-5692.399902,-10056.5,1438.300049,58.400002,-4.2,-4.7,0,0,0,0,0,0,0,1,0,0,0,0,0,0,1,0,1
2026-03-22T00:30:50Z,2511.430,8631,-5692.399902,-10056.5,1438.300049,58.400002,-4.2,-4.7,0,0,0,0,0,0,0,1,0,0,0,0,0,0,1,0,1
2026-03-22T00:30:50Z,2511.674,8632,-5692.399902,-10056.5,1438.300049,58.400002,-4.2,-4.7,0,0,0,0,0,0,0,1,0,0,0,0,0,0,1,0,1
2026-03-22T00:30:50Z,2511.902,8633,-5691.5,-10055.799805,1438.300049,56.700001,-0.5,-3.5,0,0,0,1,0,0,0,0,0,0,0,0,0,0,0,0,0
2026-03-22T00:30:50Z,2512.177,8634,-5691.5,-10055.799805,1438.300049,56.700001,-0.5,-3.5,0,0,0,1,0,0,0,0,0,0,0,0,0,0,0,0,0
2026-03-22T00:30:51Z,2512.397,8635,-5691.5,-10055.799805,1438.300049,56.700001,-0.5,-3.5,0,0,0,1,0,0,0,0,0,0,0,0,0,0,0,0,0
2026-03-22T00:30:51Z,2512.721,8636,-5691.5,-10055.799805,1438.300049,56.700001,-0.5,-3.5,0,0,0,1,0,0,0,0,0,0,0,0,0,0,0,0,0
2026-03-22T00:30:51Z,2512.969,8637,-5690.300293,-10054.900391,1438.300049,53.5,4.9,-2.5,0,0,0,0,0,0,0,0,0,0,0,0,0,0,0,0,0
2026-03-22T00:30:51Z,2513.259,8638,-5690.300293,-10054.900391,1438.300049,53.5,4.9,-2.5,0,0,0,0,0,0,0,0,0,0,0,0,0,0,0,0,0
2026-03-22T00:30:52Z,2513.654,8639,-5690.300293,-10054.900391,1438.300049,53.5,4.9,-2.5,0,0,0,0,0,0,0,0,0,0,0,0,0,0,0,0,0
2026-03-22T00:30:52Z,2513.877,8640,-5689.5,-10054.200195,1438.200073,50.200001,0.5,-3.6,0,0,0,0,0,0,0,0,0,0,0,0,0,0,0,0,0
2026-03-22T00:30:52Z,2514.137,8641,-5689.5,-10054.200195,1438.200073,50.200001,0.5,-3.6,0,0,0,0,0,0,0,0,0,0,0,0,0,0,0,0,0
2026-03-22T00:30:53Z,2514.378,8642,-5689.5,-10054.200195,1438.200073,50.200001,0.5,-3.6,0,0,0,0,0,0,0,0,0,0,0,0,0,0,0,0,0
2026-03-22T00:30:53Z,2514.611,8643,-5689.5,-10054.200195,1438.200073,50.200001,0.5,-3.6,0,0,0,0,0,0,0,0,0,0,0,0,0,0,0,0,0
2026-03-22T00:30:53Z,2514.847,8644,-5689.5,-10054.200195,1438.200073,50.200001,0.5,-3.6,0,0,0,0,0,0,0,0,0,0,0,0,0,0,0,0,0
2026-03-22T00:30:53Z,2515.071,8645,-5688.800293,-10053.400391,1438.200073,39.200001,-7.3,-6.8,0,0,0,0,0,0,0,0,0,0,0,0,0,0,0,0,0
2026-03-22T00:30:54Z,2515.295,8646,-5688.800293,-10053.400391,1438.200073,39.200001,-7.3,-6.8,0,0,0,0,0,0,0,0,0,0,0,0,0,0,0,0,0
2026-03-22T00:30:54Z,2515.540,8647,-5688.800293,-10053.400391,1438.200073,39.200001,-7.3,-6.8,0,0,0,0,0,0,0,0,0,0,0,0,0,0,0,0,0
2026-03-22T00:30:54Z,2515.770,8648,-5688.800293,-10053.400391,1438.200073,39.200001,-7.3,-6.8,0,0,0,0,0,0,0,0,0,0,0,0,0,0,0,0,0
2026-03-22T00:30:54Z,2516.008,8649,-5688.399902,-10052.400391,1438.099976,27.4,-4.2,-5.3,0,0,0,0,0,0,0,0,1,0,0,0,0,0,0,0,0
2026-03-22T00:30:54Z,2516.244,8650,-5688.399902,-10052.400391,1438.099976,27.4,-4.2,-5.3,0,0,0,0,0,0,0,0,1,0,0,0,0,0,0,0,0
2026-03-22T00:30:55Z,2516.458,8651,-5688.399902,-10052.400391,1438.099976,27.4,-4.2,-5.3,0,0,0,0,0,0,0,0,1,0,0,0,0,0,0,0,0
2026-03-22T00:30:55Z,2516.770,8652,-5688.399902,-10052.400391,1438.099976,27.4,-4.2,-5.3,0,0,0,0,0,0,0,0,1,0,0,0,0,0,0,0,0
2026-03-22T00:30:55Z,2517.164,8653,-5688.100098,-10051.299805,1438,20.200001,-3.7,-5.1,0,0,0,0,0,0,0,0,1,0,0,0,0,0,0,0,0
2026-03-22T00:30:56Z,2517.428,8654,-5688.100098,-10051.299805,1438,20.200001,-3.7,-5.1,0,0,0,0,0,0,0,0,1,0,0,0,0,0,0,0,0
2026-03-22T00:30:56Z,2517.670,8655,-5688.100098,-10051.299805,1438,20.200001,-3.7,-5.1,0,0,0,0,0,0,0,0,1,0,0,0,0,0,0,0,0
2026-03-22T00:30:56Z,2517.917,8656,-5688.100098,-10050.400391,1437.800049,9.2,-8.1,-3.1,0,0,0,0,0,0,0,0,0,0,0,0,0,0,0,0,0
2026-03-22T00:30:56Z,2518.139,8657,-5688.100098,-10050.400391,1437.800049,9.2,-8.1,-3.1,0,0,0,0,0,0,0,0,0,0,0,0,0,0,0,0,0
2026-03-22T00:30:57Z,2518.414,8658,-5688.100098,-10050.400391,1437.800049,9.2,-8.1,-3.1,0,0,0,0,0,0,0,0,0,0,0,0,0,0,0,0,0
2026-03-22T00:30:57Z,2518.628,8659,-5688.100098,-10050.400391,1437.800049,9.2,-8.1,-3.1,0,0,0,0,0,0,0,0,0,0,0,0,0,0,0,0,0
2026-03-22T00:30:57Z,2518.858,8660,-5688.100098,-10050.400391,1437.800049,9.2,-8.1,-3.1,0,0,0,0,0,0,0,0,0,0,0,0,0,0,0,0,0
2026-03-22T00:30:57Z,2519.091,8661,-5688.200195,-10049.400391,1437.700073,357.399994,-6.8,-3,0,0,0,0,0,0,0,0,0,1,0,0,0,0,0,0,0
2026-03-22T00:30:58Z,2519.306,8662,-5688.200195,-10049.400391,1437.700073,357.399994,-6.8,-3,0,0,0,0,0,0,0,0,0,1,0,0,0,0,0,0,0
2026-03-22T00:30:58Z,2519.562,8663,-5688.200195,-10049.400391,1437.700073,357.399994,-6.8,-3,0,0,0,0,0,0,0,0,0,1,0,0,0,0,0,0,0
2026-03-22T00:30:58Z,2519.794,8664,-5688.200195,-10049.400391,1437.700073,357.399994,-6.8,-3,0,0,0,0,0,0,0,0,0,1,0,0,0,0,0,0,0
2026-03-22T00:30:58Z,2520.025,8665,-5688.600098,-10048.400391,1437.599976,347.600006,-6.2,-2.9,0,0,0,0,0,0,0,0,0,1,0,0,0,0,0,0,0
2026-03-22T00:30:58Z,2520.264,8666,-5688.600098,-10048.400391,1437.599976,347.600006,-6.2,-2.9,0,0,0,0,0,0,0,0,0,1,0,0,0,0,0,0,0
2026-03-22T00:30:59Z,2520.522,8667,-5688.600098,-10048.400391,1437.599976,347.600006,-6.2,-2.9,0,0,0,0,0,0,0,0,0,1,0,0,0,0,0,0,0
2026-03-22T00:30:59Z,2520.758,8668,-5688.600098,-10048.400391,1437.599976,347.600006,-6.2,-2.9,0,0,0,0,0,0,0,0,0,1,0,0,0,0,0,0,0
2026-03-22T00:30:59Z,2521.003,8669,-5689.100098,-10047.5,1437.400024,336.800018,-8.400001,-0.7,0,0,0,0,0,0,0,0,0,1,0,0,0,0,0,0,0
2026-03-22T00:30:59Z,2521.217,8670,-5689.100098,-10047.5,1437.400024,336.800018,-8.400001,-0.7,0,0,0,0,0,0,0,0,0,1,0,0,0,0,0,0,0
2026-03-22T00:31:00Z,2521.466,8671,-5689.100098,-10047.5,1437.400024,336.800018,-8.400001,-0.7,0,0,0,0,0,0,0,0,0,1,0,0,0,0,0,0,0
2026-03-22T00:31:00Z,2521.683,8672,-5689.100098,-10047.5,1437.400024,336.800018,-8.400001,-0.7,0,0,0,0,0,0,0,0,0,1,0,0,0,0,0,0,0
2026-03-22T00:31:00Z,2521.913,8673,-5689.700195,-10046.700195,1437.300049,326.300018,-9.8,0.5,0,0,0,0,0,0,0,0,0,0,0,0,0,0,0,0,0
2026-03-22T00:31:00Z,2522.130,8674,-5689.700195,-10046.700195,1437.300049,326.300018,-9.8,0.5,0,0,0,0,0,0,0,0,0,0,0,0,0,0,0,0,0
2026-03-22T00:31:01Z,2522.350,8675,-5689.700195,-10046.700195,1437.300049,326.300018,-9.8,0.5,0,0,0,0,0,0,0,0,0,0,0,0,0,0,0,0,0
2026-03-22T00:31:01Z,2522.586,8676,-5689.700195,-10046.700195,1437.300049,326.300018,-9.8,0.5,0,0,0,0,0,0,0,0,0,0,0,0,0,0,0,0,0
2026-03-22T00:31:01Z,2522.813,8677,-5689.700195,-10046.700195,1437.300049,326.300018,-9.8,0.5,0,0,0,0,0,0,0,0,0,0,0,0,0,0,0,0,0
2026-03-22T00:31:01Z,2523.050,8678,-5689.899902,-10046.299805,1437.099976,319.600006,-16.200001,-1.6,0,0,0,0,0,0,0,0,0,0,1,1,0,0,0,0,0
2026-03-22T00:31:02Z,2523.297,8679,-5689.899902,-10046.299805,1437.099976,319.600006,-16.200001,-1.6,0,0,0,0,0,0,0,0,0,0,1,1,0,0,0,0,0
2026-03-22T00:31:02Z,2523.543,8680,-5689.899902,-10046.299805,1437.099976,319.600006,-16.200001,-1.6,0,0,0,0,0,0,0,0,0,0,1,1,0,0,0,0,0
2026-03-22T00:31:02Z,2523.771,8681,-5689.899902,-10046.299805,1437.099976,319.600006,-16.200001,-1.6,0,0,0,0,0,0,0,0,0,0,1,1,0,0,0,0,0
2026-03-22T00:31:02Z,2523.996,8682,-5689.899902,-10046.200195,1437.099976,317.399994,-12.3,-2,0,0,0,0,0,0,0,0,0,1,1,0,0,0,0,0,0
2026-03-22T00:31:02Z,2524.247,8683,-5689.899902,-10046.200195,1437.099976,317.399994,-12.3,-2,0,0,0,0,0,0,0,0,0,1,1,0,0,0,0,0,0
2026-03-22T00:31:03Z,2524.481,8684,-5689.899902,-10046.200195,1437.099976,317.399994,-12.3,-2,0,0,0,0,0,0,0,0,0,1,1,0,0,0,0,0,0
2026-03-22T00:31:03Z,2524.710,8685,-5689.899902,-10046.200195,1437.099976,317.399994,-12.3,-2,0,0,0,0,0,0,0,0,0,1,1,0,0,0,0,0,0
2026-03-22T00:31:04Z,2525.332,8686,-5689.899902,-10046.200195,1437.099976,317.600006,-12,-2.3,0,0,0,0,0,0,0,0,0,1,1,0,0,0,0,0,0
2026-03-22T00:31:04Z,2525.550,8687,-5689.899902,-10046.200195,1437.099976,317.600006,-12,-2.3,0,0,0,0,0,0,0,0,0,1,1,0,0,0,0,0,0
2026-03-22T00:31:04Z,2525.780,8688,-5689.899902,-10046.200195,1437.099976,317.600006,-12,-2.3,0,0,0,0,0,0,0,0,0,1,1,0,0,0,0,0,0
2026-03-22T00:31:04Z,2526.107,8689,-5689.899902,-10046.200195,1437.099976,317.5,-12.2,-1.9,0,0,0,0,0,0,0,0,0,1,1,0,0,0,0,0,0
2026-03-22T00:31:05Z,2526.356,8690,-5689.899902,-10046.200195,1437.099976,317.5,-12.2,-1.9,0,0,0,0,0,0,0,0,0,1,1,0,0,0,0,0,0
2026-03-22T00:31:05Z,2526.747,8691,-5689.899902,-10046.200195,1437.099976,317.5,-12.2,-1.9,0,0,0,0,0,0,0,0,0,1,1,0,0,0,0,0,0
2026-03-22T00:31:05Z,2526.983,8692,-5689.899902,-10046.200195,1437.099976,317.399994,-11.5,-1.8,0,0,0,0,0,0,0,0,0,1,1,0,0,0,0,0,0
2026-03-22T00:31:05Z,2527.194,8693,-5689.899902,-10046.200195,1437.099976,317.399994,-11.5,-1.8,0,0,0,0,0,0,0,0,0,1,1,0,0,0,0,0,0
2026-03-22T00:31:06Z,2527.408,8694,-5689.899902,-10046.200195,1437.099976,317.399994,-11.5,-1.8,0,0,0,0,0,0,0,0,0,1,1,0,0,0,0,0,0
2026-03-22T00:31:06Z,2527.630,8695,-5689.899902,-10046.200195,1437.099976,317.399994,-11.5,-1.8,0,0,0,0,0,0,0,0,0,1,1,0,0,0,0,0,0
2026-03-22T00:31:06Z,2527.858,8696,-5689.899902,-10046.200195,1437.099976,317.300018,-11.900001,-1.9,0,0,0,0,0,0,0,0,0,1,1,0,0,0,0,0,0
2026-03-22T00:31:06Z,2528.070,8697,-5689.899902,-10046.200195,1437.099976,317.300018,-11.900001,-1.9,0,0,0,0,0,0,0,0,0,1,1,0,0,0,0,0,0
2026-03-22T00:31:06Z,2528.302,8698,-5689.899902,-10046.200195,1437.099976,317.300018,-11.900001,-1.9,0,0,0,0,0,0,0,0,0,1,1,0,0,0,0,0,0
2026-03-22T00:31:07Z,2528.521,8699,-5689.899902,-10046.200195,1437.099976,317.300018,-11.900001,-1.9,0,0,0,0,0,0,0,0,0,1,1,0,0,0,0,0,0
2026-03-22T00:31:07Z,2528.763,8700,-5689.899902,-10046.200195,1437.099976,317.300018,-11.900001,-1.9,0,0,0,0,0,0,0,0,0,1,1,0,0,0,0,0,0
2026-03-22T00:31:07Z,2528.993,8701,-5689.899902,-10046.200195,1437.099976,317.200012,-12,-1.9,0,0,0,0,0,0,0,0,0,1,1,0,0,0,0,0,0
2026-03-22T00:31:08Z,2529.251,8702,-5689.899902,-10046.200195,1437.099976,317.200012,-12,-1.9,0,0,0,0,0,0,0,0,0,1,1,0,0,0,0,0,0
2026-03-22T00:31:08Z,2529.529,8703,-5689.899902,-10046.200195,1437.099976,317.200012,-12,-1.9,0,0,0,0,0,0,0,0,0,1,1,0,0,0,0,0,0
2026-03-22T00:31:08Z,2529.815,8704,-5689.899902,-10046.200195,1437.099976,317.5,-12.2,-1.4,0,0,0,0,0,0,0,0,0,1,1,0,0,0,0,0,0
2026-03-22T00:31:08Z,2530.140,8705,-5689.899902,-10046.200195,1437.099976,317.5,-12.2,-1.4,0,0,0,0,0,0,0,0,0,1,1,0,0,0,0,0,0
2026-03-22T00:31:09Z,2530.394,8706,-5689.899902,-10046.200195,1437.099976,317.5,-12.2,-1.4,0,0,0,0,0,0,0,0,0,1,1,0,0,0,0,0,0
2026-03-22T00:31:09Z,2530.992,8707,-5689.600098,-10046.5,1437.200073,318,-11.2,-0.4,0,0,0,0,0,0,0,0,0,1,1,0,0,0,0,0,0
2026-03-22T00:31:10Z,2531.355,8708,-5689.600098,-10046.5,1437.200073,318,-11.2,-0.4,0,0,0,0,0,0,0,0,0,1,1,0,0,0,0,0,0
2026-03-22T00:31:10Z,2531.700,8709,-5689.600098,-10046.5,1437.200073,318,-11.2,-0.4,0,0,0,0,0,0,0,0,0,1,1,0,0,0,0,0,0
2026-03-22T00:31:10Z,2531.988,8710,-5689.300293,-10046.799805,1437.300049,318.800018,-9.3,1.1,0,0,0,0,0,0,0,0,0,0,0,0,0,0,0,0,0
2026-03-22T00:31:11Z,2532.268,8711,-5689.300293,-10046.799805,1437.300049,318.800018,-9.3,1.1,0,0,0,0,0,0,0,0,0,0,0,0,0,0,0,0,0
2026-03-22T00:31:11Z,2532.541,8712,-5689.300293,-10046.799805,1437.300049,318.800018,-9.3,1.1,0,0,0,0,0,0,0,0,0,0,0,0,0,0,0,0,0
2026-03-22T00:31:11Z,2532.816,8713,-5689.300293,-10046.799805,1437.300049,318.800018,-9.3,1.1,0,0,0,0,0,0,0,0,0,0,0,0,0,0,0,0,0
2026-03-22T00:31:11Z,2533.088,8714,-5688.800293,-10047.400391,1437.400024,320.100006,-8.3,1.9,0,0,0,0,0,0,0,0,0,0,0,1,0,0,0,0,0
2026-03-22T00:31:12Z,2533.408,8715,-5688.800293,-10047.400391,1437.400024,320.100006,-8.3,1.9,0,0,0,0,0,0,0,0,0,0,0,1,0,0,0,0,0
2026-03-22T00:31:12Z,2533.717,8716,-5688.800293,-10047.400391,1437.400024,320.100006,-8.3,1.9,0,0,0,0,0,0,0,0,0,0,0,1,0,0,0,0,0
2026-03-22T00:31:12Z,2534.047,8717,-5688.300293,-10048,1437.5,321.300018,-9.6,-0.2,0,1,0,0,0,0,0,0,0,0,1,1,0,0,0,0,0
2026-03-22T00:31:13Z,2534.332,8718,-5688.300293,-10048,1437.5,321.300018,-9.6,-0.2,0,1,0,0,0,0,0,0,0,0,1,1,0,0,0,0,0
2026-03-22T00:31:13Z,2534.604,8719,-5688.300293,-10048,1437.5,321.300018,-9.6,-0.2,0,1,0,0,0,0,0,0,0,0,1,1,0,0,0,0,0
2026-03-22T00:31:13Z,2534.861,8720,-5688.300293,-10048,1437.5,321.300018,-9.6,-0.2,0,1,0,0,0,0,0,0,0,0,1,1,0,0,0,0,0
2026-03-22T00:31:13Z,2535.110,8721,-5687.600098,-10048.700195,1437.700073,322.700012,-8.2,-0.3,0,1,0,0,0,0,0,0,0,0,1,1,0,0,0,0,0
2026-03-22T00:31:14Z,2535.382,8722,-5687.600098,-10048.700195,1437.700073,322.700012,-8.2,-0.3,0,1,0,0,0,0,0,0,0,0,1,1,0,0,0,0,0
2026-03-22T00:31:14Z,2535.638,8723,-5687.600098,-10048.700195,1437.700073,322.700012,-8.2,-0.3,0,1,0,0,0,0,0,0,0,0,1,1,0,0,0,0,0
2026-03-22T00:31:14Z,2535.908,8724,-5687.600098,-10048.700195,1437.700073,322.700012,-8.2,-0.3,0,1,0,0,0,0,0,0,0,0,1,1,0,0,0,0,0
2026-03-22T00:31:14Z,2536.181,8725,-5686.899902,-10049.600586,1437.800049,325,-7.5,1,0,1,0,0,0,0,0,0,0,0,1,1,0,0,0,0,0
2026-03-22T00:31:15Z,2536.450,8726,-5686.899902,-10049.600586,1437.800049,325,-7.5,1,0,1,0,0,0,0,0,0,0,0,1,1,0,0,0,0,0
2026-03-22T00:31:15Z,2536.699,8727,-5686.899902,-10049.600586,1437.800049,325,-7.5,1,0,1,0,0,0,0,0,0,0,0,1,1,0,0,0,0,0
2026-03-22T00:31:15Z,2536.949,8728,-5686.200195,-10050.5,1438,326.800018,-7.4,-0.2,0,0,0,0,0,0,0,0,0,0,1,1,0,0,0,0,0
2026-03-22T00:31:20Z,2537.199,8729,-5686.200195,-10050.5,1438,326.800018,-7.4,-0.2,0,0,0,0,0,0,0,0,0,0,1,1,0,0,0,0,0
2026-03-22T00:31:21Z,2542.460,8730,-5686.100098,-10050.799805,1438.099976,323.700012,-6.9,0.9,0,1,0,0,0,0,0,0,0,0,1,1,0,0,0,0,0
2026-03-22T00:31:21Z,2542.717,8731,-5686.100098,-10050.799805,1438.099976,323.700012,-6.9,0.9,0,1,0,0,0,0,0,0,0,0,1,1,0,0,0,0,0
2026-03-22T00:31:21Z,2542.978,8732,-5686.100098,-10050.799805,1438.099976,323.600006,-7.9,1.1,0,0,0,0,0,0,0,0,0,0,1,0,0,0,0,0,0
2026-03-22T00:31:21Z,2543.238,8733,-5686.100098,-10050.799805,1438.099976,323.600006,-7.9,1.1,0,0,0,0,0,0,0,0,0,0,1,0,0,0,0,0,0
2026-03-22T00:31:22Z,2543.506,8734,-5686.100098,-10050.799805,1438.099976,323.600006,-7.9,1.1,0,0,0,0,0,0,0,0,0,0,1,0,0,0,0,0,0
2026-03-22T00:31:22Z,2543.757,8735,-5686.100098,-10050.799805,1438.099976,323.600006,-7.9,1.1,0,0,0,0,0,0,0,0,0,0,1,0,0,0,0,0,0
2026-03-22T00:31:22Z,2544.015,8736,-5686.100098,-10050.799805,1438,323.700012,-6.2,1,0,1,0,0,0,0,0,0,0,0,1,1,0,0,0,0,0
2026-03-22T00:31:23Z,2544.329,8737,-5686.100098,-10050.799805,1438,323.700012,-6.2,1,0,1,0,0,0,0,0,0,0,0,1,1,0,0,0,0,0
2026-03-22T00:31:23Z,2544.597,8738,-5686.100098,-10050.799805,1438,323.700012,-6.2,1,0,1,0,0,0,0,0,0,0,0,1,1,0,0,0,0,0
2026-03-22T00:31:23Z,2544.843,8739,-5686.100098,-10050.799805,1438,324,-7.2,0.9,0,0,0,0,0,0,0,0,0,0,1,1,0,0,0,0,0
2026-03-22T00:31:23Z,2545.114,8740,-5686.100098,-10050.799805,1438,324,-7.2,0.9,0,0,0,0,0,0,0,0,0,0,1,1,0,0,0,0,0
2026-03-22T00:31:24Z,2545.441,8741,-5686.100098,-10050.799805,1438,324,-7.2,0.9,0,0,0,0,0,0,0,0,0,0,1,1,0,0,0,0,0
2026-03-22T00:31:24Z,2545.765,8742,-5686.100098,-10050.799805,1438,324,-7.2,0.9,0,0,0,0,0,0,0,0,0,0,1,1,0,0,0,0,0
2026-03-22T00:31:24Z,2546.058,8743,-5686.100098,-10050.700195,1438,325.100006,-6.8,0.6,0,1,0,0,0,0,0,0,0,0,1,1,0,0,0,0,0
2026-03-22T00:31:25Z,2546.347,8744,-5686.100098,-10050.700195,1438,325.100006,-6.8,0.6,0,1,0,0,0,0,0,0,0,0,1,1,0,0,0,0,0
2026-03-22T00:31:25Z,2546.679,8745,-5686.100098,-10050.700195,1438,325.100006,-6.8,0.6,0,1,0,0,0,0,0,0,0,0,1,1,0,0,0,0,0
2026-03-22T00:31:26Z,2547.463,8746,-5686.100098,-10050.600586,1438,327.100006,-6.4,-0.1,0,0,0,0,0,0,0,0,0,0,1,1,0,0,0,0,0
2026-03-22T00:31:26Z,2548.069,8747,-5686.200195,-10050.400391,1438,329.5,-6.1,-0.7,0,0,0,0,0,0,0,0,0,0,1,1,0,0,0,0,0
2026-03-22T00:31:27Z,2548.365,8748,-5686.200195,-10050.400391,1438,329.5,-6.1,-0.7,0,0,0,0,0,0,0,0,0,0,1,1,0,0,0,0,0
2026-03-22T00:31:27Z,2548.653,8749,-5686.200195,-10050.400391,1438,329.5,-6.1,-0.7,0,0,0,0,0,0,0,0,0,0,1,1,0,0,0,0,0
2026-03-22T00:31:27Z,2548.925,8750,-5686.200195,-10050.200195,1438,332.5,-6.6,-0.9,0,0,0,0,0,0,0,0,0,0,0,1,0,0,0,0,0
2026-03-22T00:31:28Z,2549.287,8751,-5686.200195,-10050.200195,1438,332.5,-6.6,-0.9,0,0,0,0,0,0,0,0,0,0,0,1,0,0,0,0,0
2026-03-22T00:31:28Z,2549.554,8752,-5686.200195,-10050.200195,1438,332.5,-6.6,-0.9,0,0,0,0,0,0,0,0,0,0,0,1,0,0,0,0,0
2026-03-22T00:31:28Z,2549.823,8753,-5686.200195,-10050.200195,1438,332.5,-6.6,-0.9,0,0,0,0,0,0,0,0,0,0,0,1,0,0,0,0,0
2026-03-22T00:31:28Z,2550.108,8754,-5686.300293,-10049.900391,1437.900024,336,-7.1,-0.8,0,0,0,0,0,0,0,0,0,0,0,1,0,0,0,0,0
2026-03-22T00:31:29Z,2550.364,8755,-5686.300293,-10049.900391,1437.900024,336,-7.1,-0.8,0,0,0,0,0,0,0,0,0,0,0,1,0,0,0,0,0
2026-03-22T00:31:29Z,2550.609,8756,-5686.300293,-10049.900391,1437.900024,336,-7.1,-0.8,0,0,0,0,0,0,0,0,0,0,0,1,0,0,0,0,0
2026-03-22T00:31:29Z,2550.877,8757,-5686.300293,-10049.600586,1437.800049,340.300018,-8.2,-0.2,0,0,0,0,0,0,0,0,0,0,0,1,0,0,0,0,0
2026-03-22T00:31:29Z,2551.138,8758,-5686.300293,-10049.600586,1437.800049,340.300018,-8.2,-0.2,0,0,0,0,0,0,0,0,0,0,0,1,0,0,0,0,0
2026-03-22T00:31:30Z,2551.487,8759,-5686.300293,-10049.600586,1437.800049,340.300018,-8.2,-0.2,0,0,0,0,0,0,0,0,0,0,0,1,0,0,0,0,0
2026-03-22T00:31:30Z,2551.745,8760,-5686.300293,-10049.600586,1437.800049,340.300018,-8.2,-0.2,0,0,0,0,0,0,0,0,0,0,0,1,0,0,0,0,0
2026-03-22T00:31:30Z,2552.010,8761,-5686.300293,-10049.200195,1437.700073,345.399994,-9.6,0.3,0,0,0,0,0,0,0,0,0,0,0,0,0,0,0,0,0
2026-03-22T00:31:30Z,2552.265,8762,-5686.300293,-10049.200195,1437.700073,345.399994,-9.6,0.3,0,0,0,0,0,0,0,0,0,0,0,0,0,0,0,0,0
2026-03-22T00:31:31Z,2552.516,8763,-5686.300293,-10049.200195,1437.700073,345.399994,-9.6,0.3,0,0,0,0,0,0,0,0,0,0,0,0,0,0,0,0,0
2026-03-22T00:31:31Z,2552.771,8764,-5686.300293,-10049.200195,1437.700073,345.399994,-9.6,0.3,0,0,0,0,0,0,0,0,0,0,0,0,0,0,0,0,0
2026-03-22T00:31:31Z,2553.041,8765,-5686.300293,-10048.799805,1437.700073,351.600006,-10.5,1.4,0,0,0,0,0,0,0,0,0,0,0,0,0,0,0,0,0
2026-03-22T00:31:32Z,2553.301,8766,-5686.300293,-10048.799805,1437.700073,351.600006,-10.5,1.4,0,0,0,0,0,0,0,0,0,0,0,0,0,0,0,0,0
2026-03-22T00:31:32Z,2553.696,8767,-5686.300293,-10048.799805,1437.700073,351.600006,-10.5,1.4,0,0,0,0,0,0,0,0,0,0,0,0,0,0,0,0,0
2026-03-22T00:31:32Z,2554.215,8768,-5686.200195,-10048.400391,1437.599976,358.100006,-10.400001,1.5,0,0,0,0,0,0,0,0,0,0,0,0,0,0,0,0,0
2026-03-22T00:31:33Z,2554.470,8769,-5686.200195,-10048.400391,1437.599976,358.100006,-10.400001,1.5,0,0,0,0,0,0,0,0,0,0,0,0,0,0,0,0,0
2026-03-22T00:31:33Z,2554.725,8770,-5686.200195,-10048.400391,1437.599976,358.100006,-10.400001,1.5,0,0,0,0,0,0,0,0,0,0,0,0,0,0,0,0,0
2026-03-22T00:31:33Z,2554.983,8771,-5685.899902,-10047.900391,1437.5,6.6,-12.900001,-3,0,0,0,0,0,0,0,0,0,0,0,0,0,0,0,0,0
2026-03-22T00:31:33Z,2555.236,8772,-5685.899902,-10047.900391,1437.5,6.6,-12.900001,-3,0,0,0,0,0,0,0,0,0,0,0,0,0,0,0,0,0
2026-03-22T00:31:34Z,2555.499,8773,-5685.899902,-10047.900391,1437.5,6.6,-12.900001,-3,0,0,0,0,0,0,0,0,0,0,0,0,0,0,0,0,0
2026-03-22T00:31:34Z,2555.757,8774,-5685.899902,-10047.900391,1437.5,6.6,-12.900001,-3,0,0,0,0,0,0,0,0,0,0,0,0,0,0,0,0,0
2026-03-22T00:31:35Z,2556.165,8775,-5685.700195,-10047.5,1437.400024,14.2,-17.4,-5.7,0,0,0,0,0,0,0,0,0,0,0,0,0,0,0,0,0
2026-03-22T00:31:35Z,2557.127,8776,-5685.399902,-10046.900391,1437.200073,19.4,-16.800001,-7.8,0,0,0,0,0,0,0,0,0,0,0,0,0,0,0,0,0
2026-03-22T00:31:36Z,2557.386,8777,-5685.399902,-10046.900391,1437.200073,19.4,-16.800001,-7.8,0,0,0,0,0,0,0,0,0,0,0,0,0,0,0,0,0
2026-03-22T00:31:36Z,2557.635,8778,-5685.399902,-10046.900391,1437.200073,19.4,-16.800001,-7.8,0,0,0,0,0,0,0,0,0,0,0,0,0,0,0,0,0
2026-03-22T00:31:36Z,2557.882,8779,-5685.399902,-10046.900391,1437.200073,19.4,-16.800001,-7.8,0,0,0,0,0,0,0,0,0,0,0,0,0,0,0,0,0
2026-03-22T00:31:36Z,2558.126,8780,-5685.100098,-10046.299805,1437.300049,21.200001,-16.1,-9.900001,0,0,0,0,0,0,0,0,0,0,0,0,0,0,0,0,0
2026-03-22T00:31:37Z,2558.368,8781,-5685.100098,-10046.299805,1437.300049,21.200001,-16.1,-9.900001,0,0,0,0,0,0,0,0,0,0,0,0,0,0,0,0,0
2026-03-22T00:31:37Z,2558.612,8782,-5685.100098,-10046.299805,1437.300049,21.200001,-16.1,-9.900001,0,0,0,0,0,0,0,0,0,0,0,0,0,0,0,0,0
2026-03-22T00:31:37Z,2558.852,8783,-5684.899902,-10045.600586,1437.300049,19.300001,-9.1,-11.8,0,0,0,0,0,0,0,0,0,0,0,0,0,0,0,0,0
2026-03-22T00:31:37Z,2559.100,8784,-5684.899902,-10045.600586,1437.300049,19.300001,-9.1,-11.8,0,0,0,0,0,0,0,0,0,0,0,0,0,0,0,0,0
2026-03-22T00:31:38Z,2559.344,8785,-5684.899902,-10045.600586,1437.300049,19.300001,-9.1,-11.8,0,0,0,0,0,0,0,0,0,0,0,0,0,0,0,0,0
2026-03-22T00:31:38Z,2559.585,8786,-5684.899902,-10045.600586,1437.300049,19.300001,-9.1,-11.8,0,0,0,0,0,0,0,0,0,0,0,0,0,0,0,0,0
2026-03-22T00:31:38Z,2559.825,8787,-5684.600098,-10044.700195,1437.099976,14.900001,6.2,-11.1,0,0,0,0,0,0,0,0,0,0,0,0,0,0,0,0,0
2026-03-22T00:31:38Z,2560.073,8788,-5684.600098,-10044.700195,1437.099976,14.900001,6.2,-11.1,0,0,0,0,0,0,0,0,0,0,0,0,0,0,0,0,0
2026-03-22T00:31:39Z,2560.326,8789,-5684.600098,-10044.700195,1437.099976,14.900001,6.2,-11.1,0,0,0,0,0,0,0,0,0,0,0,0,0,0,0,0,0
2026-03-22T00:31:39Z,2560.573,8790,-5684.600098,-10044.700195,1437.099976,14.900001,6.2,-11.1,0,0,0,0,0,0,0,0,0,0,0,0,0,0,0,0,0
2026-03-22T00:31:39Z,2560.821,8791,-5684.600098,-10044.700195,1437.099976,14.900001,6.2,-11.1,0,0,0,0,0,0,0,0,0,0,0,0,0,0,0,0,0
2026-03-22T00:31:39Z,2561.074,8792,-5684.399902,-10043.799805,1437,11.2,14.900001,-10.900001,0,0,0,0,0,0,0,0,0,0,0,0,0,0,0,0,0
2026-03-22T00:31:40Z,2561.320,8793,-5684.399902,-10043.799805,1437,11.2,14.900001,-10.900001,0,0,0,0,0,0,0,0,0,0,0,0,0,0,0,0,0
2026-03-22T00:31:40Z,2561.570,8794,-5684.399902,-10043.799805,1437,11.2,14.900001,-10.900001,0,0,0,0,0,0,0,0,0,0,0,0,0,0,0,0,0
2026-03-22T00:31:40Z,2561.814,8795,-5684.399902,-10043.799805,1437,11.2,14.900001,-10.900001,0,0,0,0,0,0,0,0,0,0,0,0,0,0,0,0,0
2026-03-22T00:31:40Z,2562.060,8796,-5684.300293,-10043.100586,1437,11.900001,2.7,-9.8,0,0,0,0,0,0,0,0,0,0,0,0,0,0,0,0,0
2026-03-22T00:31:41Z,2562.307,8797,-5684.300293,-10043.100586,1437,11.900001,2.7,-9.8,0,0,0,0,0,0,0,0,0,0,0,0,0,0,0,0,0
2026-03-22T00:31:41Z,2562.540,8798,-5684.300293,-10043.100586,1437,11.900001,2.7,-9.8,0,0,0,0,0,0,0,0,0,0,0,0,0,0,0,0,0
2026-03-22T00:31:41Z,2562.788,8799,-5684.300293,-10043.100586,1437,11.900001,2.7,-9.8,0,0,0,0,0,0,0,0,0,0,0,0,0,0,0,0,0
2026-03-22T00:31:41Z,2563.034,8800,-5684.300293,-10042.200195,1437.099976,9,-0.5,-8,0,0,0,0,0,0,0,0,0,0,0,0,0,0,0,0,0
2026-03-22T00:31:41Z,2563.261,8801,-5684.300293,-10042.200195,1437.099976,9,-0.5,-8,0,0,0,0,0,0,0,0,0,0,0,0,0,0,0,0,0
2026-03-22T00:31:42Z,2563.500,8802,-5684.300293,-10042.200195,1437.099976,9,-0.5,-8,0,0,0,0,0,0,0,0,0,0,0,0,0,0,0,0,0
2026-03-22T00:31:42Z,2563.739,8803,-5684.300293,-10042.200195,1437.099976,9,-0.5,-8,0,0,0,0,0,0,0,0,0,0,0,0,0,0,0,0,0
2026-03-22T00:31:42Z,2563.976,8804,-5684.300293,-10041.299805,1437.200073,5,-3,-8.5,0,0,0,0,0,0,0,0,0,0,0,0,0,0,0,0,0
2026-03-22T00:31:42Z,2564.216,8805,-5684.300293,-10041.299805,1437.200073,5,-3,-8.5,0,0,0,0,0,0,0,0,0,0,0,0,0,0,0,0,0
2026-03-22T00:31:43Z,2564.441,8806,-5684.300293,-10041.299805,1437.200073,5,-3,-8.5,0,0,0,0,0,0,0,0,0,0,0,0,0,0,0,0,0
2026-03-22T00:31:43Z,2564.677,8807,-5684.300293,-10041.299805,1437.200073,5,-3,-8.5,0,0,0,0,0,0,0,0,0,0,0,0,0,0,0,0,0
2026-03-22T00:31:43Z,2564.918,8808,-5684.300293,-10040.299805,1437.200073,359.899994,-8.7,-5.7,0,0,0,0,0,0,0,0,0,0,0,0,0,0,0,0,0
2026-03-22T00:31:43Z,2565.152,8809,-5684.300293,-10040.299805,1437.200073,359.899994,-8.7,-5.7,0,0,0,0,0,0,0,0,0,0,0,0,0,0,0,0,0
2026-03-22T00:31:44Z,2565.374,8810,-5684.300293,-10040.299805,1437.200073,359.899994,-8.7,-5.7,0,0,0,0,0,0,0,0,0,0,0,0,0,0,0,0,0
2026-03-22T00:31:44Z,2565.610,8811,-5684.300293,-10040.299805,1437.200073,359.899994,-8.7,-5.7,0,0,0,0,0,0,0,0,0,0,0,0,0,0,0,0,0
2026-03-22T00:31:44Z,2565.839,8812,-5684.5,-10039.400391,1437,347.800018,-8.3,-3.8,0,0,0,0,0,0,0,0,0,0,0,0,0,0,0,0,0
2026-03-22T00:31:44Z,2566.079,8813,-5684.5,-10039.400391,1437,347.800018,-8.3,-3.8,0,0,0,0,0,0,0,0,0,0,0,0,0,0,0,0,0
2026-03-22T00:31:45Z,2566.324,8814,-5684.5,-10039.400391,1437,347.800018,-8.3,-3.8,0,0,0,0,0,0,0,0,0,0,0,0,0,0,0,0,0
2026-03-22T00:31:45Z,2566.565,8815,-5684.5,-10039.400391,1437,347.800018,-8.3,-3.8,0,0,0,0,0,0,0,0,0,0,0,0,0,0,0,0,0
2026-03-22T00:31:45Z,2566.797,8816,-5684.5,-10039.400391,1437,347.800018,-8.3,-3.8,0,0,0,0,0,0,0,0,0,0,0,0,0,0,0,0,0
2026-03-22T00:31:45Z,2567.036,8817,-5685,-10038.5,1436.700073,335.600006,-4.8,-5.6,0,0,0,0,0,0,0,0,0,0,0,0,0,0,0,0,0
2026-03-22T00:31:45Z,2567.256,8818,-5685,-10038.5,1436.700073,335.600006,-4.8,-5.6,0,0,0,0,0,0,0,0,0,0,0,0,0,0,0,0,0
2026-03-22T00:31:46Z,2567.477,8819,-5685,-10038.5,1436.700073,335.600006,-4.8,-5.6,0,0,0,0,0,0,0,0,0,0,0,0,0,0,0,0,0
2026-03-22T00:31:46Z,2567.714,8820,-5685,-10038.5,1436.700073,335.600006,-4.8,-5.6,0,0,0,0,0,0,0,0,0,0,0,0,0,0,0,0,0
2026-03-22T00:31:46Z,2567.951,8821,-5685.700195,-10037.799805,1436.599976,323.899994,-6.9,-4.4,0,0,0,0,0,0,0,0,0,0,0,0,0,0,0,0,0
2026-03-22T00:31:46Z,2568.173,8822,-5685.700195,-10037.799805,1436.599976,323.899994,-6.9,-4.4,0,0,0,0,0,0,0,0,0,0,0,0,0,0,0,0,0
2026-03-22T00:31:47Z,2568.418,8823,-5685.700195,-10037.799805,1436.599976,323.899994,-6.9,-4.4,0,0,0,0,0,0,0,0,0,0,0,0,0,0,0,0,0
2026-03-22T00:31:47Z,2568.661,8824,-5685.700195,-10037.799805,1436.599976,323.899994,-6.9,-4.4,0,0,0,0,0,0,0,0,0,0,0,0,0,0,0,0,0
2026-03-22T00:31:47Z,2568.892,8825,-5686.5,-10037.100586,1436.599976,312.300018,-9.900001,-1.4,0,0,0,0,0,0,0,0,0,0,0,0,0,0,0,0,0
2026-03-22T00:31:47Z,2569.125,8826,-5686.5,-10037.100586,1436.599976,312.300018,-9.900001,-1.4,0,0,0,0,0,0,0,0,0,0,0,0,0,0,0,0,0
2026-03-22T00:31:48Z,2569.362,8827,-5686.5,-10037.100586,1436.599976,312.300018,-9.900001,-1.4,0,0,0,0,0,0,0,0,0,0,0,0,0,0,0,0,0
2026-03-22T00:31:48Z,2569.590,8828,-5686.5,-10037.100586,1436.599976,312.300018,-9.900001,-1.4,0,0,0,0,0,0,0,0,0,0,0,0,0,0,0,0,0
2026-03-22T00:31:48Z,2569.823,8829,-5687.200195,-10036.700195,1436.400024,299.700012,-11.400001,1.3,0,0,0,0,0,0,0,0,0,0,0,0,0,0,0,0,0
2026-03-22T00:31:48Z,2570.048,8830,-5687.200195,-10036.700195,1436.400024,299.700012,-11.400001,1.3,0,0,0,0,0,0,0,0,0,0,0,0,0,0,0,0,0
2026-03-22T00:31:48Z,2570.279,8831,-5687.200195,-10036.700195,1436.400024,299.700012,-11.400001,1.3,0,0,0,0,0,0,0,0,0,0,0,0,0,0,0,0,0
2026-03-22T00:31:49Z,2570.511,8832,-5687.200195,-10036.700195,1436.400024,299.700012,-11.400001,1.3,0,0,0,0,0,0,0,0,0,0,0,0,0,0,0,0,0
2026-03-22T00:31:49Z,2570.739,8833,-5687.200195,-10036.700195,1436.400024,299.700012,-11.400001,1.3,0,0,0,0,0,0,0,0,0,0,0,0,0,0,0,0,0
2026-03-22T00:31:49Z,2570.970,8834,-5688.100098,-10036.5,1436.200073,288.600006,-9,4.1,0,0,0,0,0,0,0,0,0,0,0,0,0,0,0,0,0
2026-03-22T00:31:49Z,2571.217,8835,-5688.100098,-10036.5,1436.200073,288.600006,-9,4.1,0,0,0,0,0,0,0,0,0,0,0,0,0,0,0,0,0
2026-03-22T00:31:50Z,2571.434,8836,-5688.100098,-10036.5,1436.200073,288.600006,-9,4.1,0,0,0,0,0,0,0,0,0,0,0,0,0,0,0,0,0
2026-03-22T00:31:50Z,2571.825,8837,-5688.100098,-10036.5,1436.200073,288.600006,-9,4.1,0,0,0,0,0,0,0,0,0,0,0,0,0,0,0,0,0
2026-03-22T00:31:51Z,2572.661,8838,-5688.800293,-10036.5,1436.099976,280.800018,-6.4,5.9,0,0,0,0,0,0,0,0,0,0,0,0,0,0,0,0,0
2026-03-22T00:31:51Z,2573.267,8839,-5689.600098,-10036.600586,1436,272.5,-6.6,6.4,0,0,0,0,0,0,0,0,0,0,0,0,0,0,0,0,0
2026-03-22T00:31:52Z,2573.503,8840,-5689.600098,-10036.600586,1436,272.5,-6.6,6.4,0,0,0,0,0,0,0,0,0,0,0,0,0,0,0,0,0
2026-03-22T00:31:52Z,2573.862,8841,-5689.600098,-10036.600586,1436,272.5,-6.6,6.4,0,0,0,0,0,0,0,0,0,0,0,0,0,0,0,0,0
2026-03-22T00:31:52Z,2574.136,8842,-5690.300293,-10036.700195,1436,264.200012,-7.3,7.1,0,0,0,0,0,0,0,0,0,0,0,0,0,0,0,0,0
2026-03-22T00:31:53Z,2574.361,8843,-5690.300293,-10036.700195,1436,264.200012,-7.3,7.1,0,0,0,0,0,0,0,0,0,0,0,0,0,0,0,0,0
2026-03-22T00:31:53Z,2574.698,8844,-5690.300293,-10036.700195,1436,264.200012,-7.3,7.1,0,0,0,0,0,0,0,0,0,0,0,0,0,0,0,0,0
2026-03-22T00:31:53Z,2574.979,8845,-5691.100098,-10036.900391,1435.900024,258.800018,-5.7,7.7,0,0,0,0,0,0,0,0,0,0,0,0,0,0,0,0,0
2026-03-22T00:31:53Z,2575.306,8846,-5691.100098,-10036.900391,1435.900024,258.800018,-5.7,7.7,0,0,0,0,0,0,0,0,0,0,0,0,0,0,0,0,0
2026-03-22T00:31:54Z,2575.664,8847,-5691.100098,-10036.900391,1435.900024,258.800018,-5.7,7.7,0,0,0,0,0,0,0,0,0,0,0,0,0,0,0,0,0
2026-03-22T00:31:54Z,2576.110,8848,-5691.899902,-10037.200195,1435.800049,255.900009,-4.1,8.2,0,0,0,0,0,0,0,0,0,0,0,0,0,0,0,0,0
2026-03-22T00:31:55Z,2576.339,8849,-5691.899902,-10037.200195,1435.800049,255.900009,-4.1,8.2,0,0,0,0,0,0,0,0,0,0,0,0,0,0,0,0,0
2026-03-22T00:31:55Z,2576.578,8850,-5691.899902,-10037.200195,1435.800049,255.900009,-4.1,8.2,0,0,0,0,0,0,0,0,0,0,0,0,0,0,0,0,0
2026-03-22T00:31:55Z,2576.811,8851,-5691.899902,-10037.200195,1435.800049,255.900009,-4.1,8.2,0,0,0,0,0,0,0,0,0,0,0,0,0,0,0,0,0
2026-03-22T00:31:55Z,2577.081,8852,-5692.600098,-10037.400391,1435.800049,253.900009,-4.1,8.400001,0,0,0,0,0,0,0,0,0,1,0,0,0,0,0,0,0
2026-03-22T00:31:56Z,2577.310,8853,-5692.600098,-10037.400391,1435.800049,253.900009,-4.1,8.400001,0,0,0,0,0,0,0,0,0,1,0,0,0,0,0,0,0
2026-03-22T00:31:56Z,2577.538,8854,-5692.600098,-10037.400391,1435.800049,253.900009,-4.1,8.400001,0,0,0,0,0,0,0,0,0,1,0,0,0,0,0,0,0
2026-03-22T00:31:56Z,2577.772,8855,-5692.600098,-10037.400391,1435.800049,253.900009,-4.1,8.400001,0,0,0,0,0,0,0,0,0,1,0,0,0,0,0,0,0
2026-03-22T00:31:56Z,2577.998,8856,-5693.399902,-10037.700195,1435.700073,250.900009,-4.3,8.6,0,0,0,0,0,0,0,0,0,1,0,0,0,0,0,0,0
2026-03-22T00:31:56Z,2578.215,8857,-5693.399902,-10037.700195,1435.700073,250.900009,-4.3,8.6,0,0,0,0,0,0,0,0,0,1,0,0,0,0,0,0,0
2026-03-22T00:31:57Z,2578.446,8858,-5693.399902,-10037.700195,1435.700073,250.900009,-4.3,8.6,0,0,0,0,0,0,0,0,0,1,0,0,0,0,0,0,0
2026-03-22T00:31:57Z,2578.668,8859,-5693.399902,-10037.700195,1435.700073,250.900009,-4.3,8.6,0,0,0,0,0,0,0,0,0,1,0,0,0,0,0,0,0
2026-03-22T00:31:57Z,2578.900,8860,-5693.399902,-10037.700195,1435.700073,250.900009,-4.3,8.6,0,0,0,0,0,0,0,0,0,1,0,0,0,0,0,0,0
2026-03-22T00:31:57Z,2579.135,8861,-5694.200195,-10038.100586,1435.700073,247.699997,-2.5,9,0,0,0,0,0,0,0,0,0,1,0,0,0,0,0,0,0
2026-03-22T00:31:58Z,2579.357,8862,-5694.200195,-10038.100586,1435.700073,247.699997,-2.5,9,0,0,0,0,0,0,0,0,0,1,0,0,0,0,0,0,0
2026-03-22T00:31:58Z,2579.577,8863,-5694.200195,-10038.100586,1435.700073,247.699997,-2.5,9,0,0,0,0,0,0,0,0,0,1,0,0,0,0,0,0,0
2026-03-22T00:31:58Z,2579.791,8864,-5694.200195,-10038.100586,1435.700073,247.699997,-2.5,9,0,0,0,0,0,0,0,0,0,1,0,0,0,0,0,0,0
2026-03-22T00:31:58Z,2580.002,8865,-5694.899902,-10038.5,1435.700073,244.199997,-0.2,9.1,0,0,0,0,0,0,0,0,0,1,0,0,0,0,0,0,0
2026-03-22T00:31:58Z,2580.221,8866,-5694.899902,-10038.5,1435.700073,244.199997,-0.2,9.1,0,0,0,0,0,0,0,0,0,1,0,0,0,0,0,0,0
2026-03-22T00:31:59Z,2580.450,8867,-5694.899902,-10038.5,1435.700073,244.199997,-0.2,9.1,0,0,0,0,0,0,0,0,0,1,0,0,0,0,0,0,0
2026-03-22T00:31:59Z,2580.688,8868,-5694.899902,-10038.5,1435.700073,244.199997,-0.2,9.1,0,0,0,0,0,0,0,0,0,1,0,0,0,0,0,0,0
2026-03-22T00:31:59Z,2580.907,8869,-5695.700195,-10039,1435.700073,240,0.4,8.6,0,0,0,0,0,0,0,0,0,1,0,0,0,0,0,0,0
2026-03-22T00:31:59Z,2581.125,8870,-5695.700195,-10039,1435.700073,240,0.4,8.6,0,0,0,0,0,0,0,0,0,1,0,0,0,0,0,0,0
2026-03-22T00:32:00Z,2581.514,8871,-5695.700195,-10039,1435.700073,240,0.4,8.6,0,0,0,0,0,0,0,0,0,1,0,0,0,0,0,0,0
2026-03-22T00:32:00Z,2581.842,8872,-5695.700195,-10039,1435.700073,240,0.4,8.6,0,0,0,0,0,0,0,0,0,1,0,0,0,0,0,0,0
2026-03-22T00:32:00Z,2582.053,8873,-5696.300293,-10039.5,1435.700073,232.5,0.8,9.400001,0,0,0,0,0,0,0,0,0,1,0,0,0,0,0,0,0
2026-03-22T00:32:00Z,2582.268,8874,-5696.300293,-10039.5,1435.700073,232.5,0.8,9.400001,0,0,0,0,0,0,0,0,0,1,0,0,0,0,0,0,0
2026-03-22T00:32:01Z,2582.503,8875,-5696.300293,-10039.5,1435.700073,232.5,0.8,9.400001,0,0,0,0,0,0,0,0,0,1,0,0,0,0,0,0,0
2026-03-22T00:32:01Z,2582.743,8876,-5696.300293,-10039.5,1435.700073,232.5,0.8,9.400001,0,0,0,0,0,0,0,0,0,1,0,0,0,0,0,0,0
2026-03-22T00:32:01Z,2582.972,8877,-5696.700195,-10040.200195,1435.700073,223.5,2.6,9.7,0,0,0,0,0,0,0,0,0,1,0,0,0,0,0,0,0
2026-03-22T00:32:01Z,2583.196,8878,-5696.700195,-10040.200195,1435.700073,223.5,2.6,9.7,0,0,0,0,0,0,0,0,0,1,0,0,0,0,0,0,0
2026-03-22T00:32:02Z,2583.428,8879,-5696.700195,-10040.200195,1435.700073,223.5,2.6,9.7,0,0,0,0,0,0,0,0,0,1,0,0,0,0,0,0,0
2026-03-22T00:32:02Z,2583.648,8880,-5696.700195,-10040.200195,1435.700073,223.5,2.6,9.7,0,0,0,0,0,0,0,0,0,1,0,0,0,0,0,0,0
2026-03-22T00:32:02Z,2583.884,8881,-5697.100098,-10040.900391,1435.800049,215,4.9,8.8,0,0,0,0,0,0,0,0,0,1,0,0,0,0,0,0,0
2026-03-22T00:32:02Z,2584.095,8882,-5697.100098,-10040.900391,1435.800049,215,4.9,8.8,0,0,0,0,0,0,0,0,0,1,0,0,0,0,0,0,0
2026-03-22T00:32:03Z,2584.312,8883,-5697.100098,-10040.900391,1435.800049,215,4.9,8.8,0,0,0,0,0,0,0,0,0,1,0,0,0,0,0,0,0
2026-03-22T00:32:03Z,2584.547,8884,-5697.100098,-10040.900391,1435.800049,215,4.9,8.8,0,0,0,0,0,0,0,0,0,1,0,0,0,0,0,0,0
2026-03-22T00:32:03Z,2584.793,8885,-5697.100098,-10040.900391,1435.800049,215,4.9,8.8,0,0,0,0,0,0,0,0,0,1,0,0,0,0,0,0,0
2026-03-22T00:32:03Z,2585.036,8886,-5697.5,-10041.5,1435.900024,215.900009,9.1,9.400001,0,1,0,0,0,0,0,1,0,1,0,0,0,0,0,0,0
2026-03-22T00:32:03Z,2585.270,8887,-5697.5,-10041.5,1435.900024,215.900009,9.1,9.400001,0,1,0,0,0,0,0,1,0,1,0,0,0,0,0,0,0
2026-03-22T00:32:04Z,2585.511,8888,-5697.5,-10041.5,1435.900024,215.900009,9.1,9.400001,0,1,0,0,0,0,0,1,0,1,0,0,0,0,0,0,0
2026-03-22T00:32:04Z,2585.747,8889,-5697.5,-10041.5,1435.900024,215.900009,9.1,9.400001,0,1,0,0,0,0,0,1,0,1,0,0,0,0,0,0,0
2026-03-22T00:32:04Z,2585.980,8890,-5698,-10041.900391,1436,219.900009,6.4,7.7,0,0,0,0,0,0,0,1,0,1,0,0,0,0,0,0,0
2026-03-22T00:32:04Z,2586.201,8891,-5698,-10041.900391,1436,219.900009,6.4,7.7,0,0,0,0,0,0,0,1,0,1,0,0,0,0,0,0,0
2026-03-22T00:32:05Z,2586.600,8892,-5698,-10041.900391,1436,219.900009,6.4,7.7,0,0,0,0,0,0,0,1,0,1,0,0,0,0,0,0,0
2026-03-22T00:32:05Z,2586.840,8893,-5698.200195,-10042.299805,1436,216.300003,3.2,8.8,0,0,1,0,0,0,0,1,0,1,0,0,0,0,0,0,0
2026-03-22T00:32:05Z,2587.088,8894,-5698.200195,-10042.299805,1436,216.300003,3.2,8.8,0,0,1,0,0,0,0,1,0,1,0,0,0,0,0,0,0
2026-03-22T00:32:06Z,2587.317,8895,-5698.200195,-10042.299805,1436,216.300003,3.2,8.8,0,0,1,0,0,0,0,1,0,1,0,0,0,0,0,0,0
2026-03-22T00:32:06Z,2587.529,8896,-5698.200195,-10042.299805,1436,216.300003,3.2,8.8,0,0,1,0,0,0,0,1,0,1,0,0,0,0,0,0,0
2026-03-22T00:32:06Z,2587.775,8897,-5698.200195,-10042.299805,1436,216.300003,3.2,8.8,0,0,1,0,0,0,0,1,0,1,0,0,0,0,0,0,0
2026-03-22T00:32:06Z,2588.002,8898,-5698.399902,-10042.700195,1436,214.900009,7.6,9.8,0,0,0,0,0,0,0,1,0,1,0,0,0,0,0,0,0
2026-03-22T00:32:06Z,2588.219,8899,-5698.399902,-10042.700195,1436,214.900009,7.6,9.8,0,0,0,0,0,0,0,1,0,1,0,0,0,0,0,0,0
2026-03-22T00:32:07Z,2588.453,8900,-5698.399902,-10042.700195,1436,214.900009,7.6,9.8,0,0,0,0,0,0,0,1,0,1,0,0,0,0,0,0,0
2026-03-22T00:32:07Z,2588.695,8901,-5698.399902,-10042.700195,1436,214.900009,7.6,9.8,0,0,0,0,0,0,0,1,0,1,0,0,0,0,0,0,0
2026-03-22T00:32:07Z,2588.916,8902,-5698.399902,-10042.700195,1436,214.900009,7.6,9.8,0,0,0,0,0,0,0,1,0,1,0,0,0,0,0,0,0
2026-03-22T00:32:07Z,2589.143,8903,-5698.700195,-10043,1436.099976,215.100006,9.3,7.3,0,0,0,0,0,0,0,1,0,0,0,0,0,0,0,0,0
2026-03-22T00:32:08Z,2589.355,8904,-5698.700195,-10043,1436.099976,215.100006,9.3,7.3,0,0,0,0,0,0,0,1,0,0,0,0,0,0,0,0,0
2026-03-22T00:32:08Z,2589.589,8905,-5698.700195,-10043,1436.099976,215.100006,9.3,7.3,0,0,0,0,0,0,0,1,0,0,0,0,0,0,0,0,0
2026-03-22T00:32:08Z,2589.824,8906,-5698.700195,-10043,1436.099976,215.100006,9.3,7.3,0,0,0,0,0,0,0,1,0,0,0,0,0,0,0,0,0
2026-03-22T00:32:08Z,2590.072,8907,-5698.899902,-10043.100586,1436.200073,210.300003,5.7,7.6,0,0,0,0,0,0,0,1,0,1,0,0,0,0,0,0,0
2026-03-22T00:32:09Z,2590.307,8908,-5698.899902,-10043.100586,1436.200073,210.300003,5.7,7.6,0,0,0,0,0,0,0,1,0,1,0,0,0,0,0,0,0
2026-03-22T00:32:09Z,2590.541,8909,-5698.899902,-10043.100586,1436.200073,210.300003,5.7,7.6,0,0,0,0,0,0,0,1,0,1,0,0,0,0,0,0,0
2026-03-22T00:32:09Z,2590.776,8910,-5698.899902,-10043.100586,1436.200073,210.300003,5.7,7.6,0,0,0,0,0,0,0,1,0,1,0,0,0,0,0,0,0
2026-03-22T00:32:09Z,2591.008,8911,-5699,-10043.299805,1436.200073,205.800003,7.8,6.5,0,0,0,0,0,0,0,1,0,1,0,0,0,0,0,0,0
2026-03-22T00:32:09Z,2591.226,8912,-5699,-10043.299805,1436.200073,205.800003,7.8,6.5,0,0,0,0,0,0,0,1,0,1,0,0,0,0,0,0,0
2026-03-22T00:32:10Z,2591.463,8913,-5699,-10043.299805,1436.200073,205.800003,7.8,6.5,0,0,0,0,0,0,0,1,0,1,0,0,0,0,0,0,0
2026-03-22T00:32:10Z,2591.699,8914,-5699,-10043.299805,1436.200073,205.800003,7.8,6.5,0,0,0,0,0,0,0,1,0,1,0,0,0,0,0,0,0
2026-03-22T00:32:10Z,2591.940,8915,-5699,-10043.299805,1436.200073,204.900009,9.2,6.6,0,0,0,0,0,0,0,1,0,1,0,0,0,0,0,0,0
2026-03-22T00:32:10Z,2592.176,8916,-5699,-10043.299805,1436.200073,204.900009,9.2,6.6,0,0,0,0,0,0,0,1,0,1,0,0,0,0,0,0,0
2026-03-22T00:32:11Z,2592.461,8917,-5699,-10043.299805,1436.200073,204.900009,9.2,6.6,0,0,0,0,0,0,0,1,0,1,0,0,0,0,0,0,0
2026-03-22T00:32:11Z,2592.771,8918,-5699,-10043.299805,1436.200073,204.900009,9.2,6.6,0,0,0,0,0,0,0,1,0,1,0,0,0,0,0,0,0
2026-03-22T00:32:11Z,2592.997,8919,-5699,-10043.299805,1436.200073,204.5,8.3,6,0,0,0,0,0,0,0,1,0,0,0,0,0,0,0,0,0
2026-03-22T00:32:11Z,2593.233,8920,-5699,-10043.299805,1436.200073,204.5,8.3,6,0,0,0,0,0,0,0,1,0,0,0,0,0,0,0,0,0
2026-03-22T00:32:12Z,2593.459,8921,-5699,-10043.299805,1436.200073,204.5,8.3,6,0,0,0,0,0,0,0,1,0,0,0,0,0,0,0,0,0
2026-03-22T00:32:12Z,2593.704,8922,-5699,-10043.299805,1436.200073,204.5,8.3,6,0,0,0,0,0,0,0,1,0,0,0,0,0,0,0,0,0
2026-03-22T00:32:12Z,2593.949,8923,-5699,-10043.299805,1436.200073,204.100006,8.400001,5.6,0,0,0,0,0,0,0,1,0,0,0,0,0,0,0,0,0
2026-03-22T00:32:13Z,2594.276,8924,-5699,-10043.299805,1436.200073,204.100006,8.400001,5.6,0,0,0,0,0,0,0,1,0,0,0,0,0,0,0,0,0
2026-03-22T00:32:13Z,2594.750,8925,-5699,-10043.299805,1436.200073,204.100006,8.400001,5.6,0,0,0,0,0,0,0,1,0,0,0,0,0,0,0,0,0
2026-03-22T00:32:13Z,2595.197,8926,-5699.100098,-10043.299805,1436.200073,203.800003,8.7,5.8,0,0,0,0,0,0,0,1,0,0,0,0,0,0,0,0,0
2026-03-22T00:32:14Z,2595.460,8927,-5699.100098,-10043.299805,1436.200073,203.800003,8.7,5.8,0,0,0,0,0,0,0,1,0,0,0,0,0,0,0,0,0
2026-03-22T00:32:14Z,2595.692,8928,-5699.100098,-10043.299805,1436.200073,203.800003,8.7,5.8,0,0,0,0,0,0,0,1,0,0,0,0,0,0,0,0,0
2026-03-22T00:32:14Z,2595.925,8929,-5699.100098,-10043.299805,1436.200073,203.5,8.6,5.6,0,0,0,0,0,0,0,1,0,0,0,0,0,0,0,0,0
2026-03-22T00:32:14Z,2596.160,8930,-5699.100098,-10043.299805,1436.200073,203.5,8.6,5.6,0,0,0,0,0,0,0,1,0,0,0,0,0,0,0,0,0
2026-03-22T00:32:15Z,2596.389,8931,-5699.100098,-10043.299805,1436.200073,203.5,8.6,5.6,0,0,0,0,0,0,0,1,0,0,0,0,0,0,0,0,0
2026-03-22T00:32:15Z,2596.620,8932,-5699.100098,-10043.299805,1436.200073,203.5,8.6,5.6,0,0,0,0,0,0,0,1,0,0,0,0,0,0,0,0,0
2026-03-22T00:32:15Z,2596.851,8933,-5699.100098,-10043.299805,1436.200073,203.100006,8.5,5.3,0,0,0,0,0,0,0,1,0,0,0,0,0,0,0,0,0
2026-03-22T00:32:15Z,2597.118,8934,-5699.100098,-10043.299805,1436.200073,203.100006,8.5,5.3,0,0,0,0,0,0,0,1,0,0,0,0,0,0,0,0,0
2026-03-22T00:32:16Z,2597.381,8935,-5699.100098,-10043.299805,1436.200073,203.100006,8.5,5.3,0,0,0,0,0,0,0,1,0,0,0,0,0,0,0,0,0
2026-03-22T00:32:16Z,2597.614,8936,-5699.100098,-10043.299805,1436.200073,203.100006,8.5,5.3,0,0,0,0,0,0,0,1,0,0,0,0,0,0,0,0,0
2026-03-22T00:32:16Z,2597.856,8937,-5699.100098,-10043.299805,1436.200073,202.900009,8.1,5.1,0,0,0,0,0,0,0,1,0,0,0,0,0,0,0,0,0
2026-03-22T00:32:17Z,2598.527,8938,-5699.100098,-10043.299805,1436.200073,202.900009,8.1,5.1,0,0,0,0,0,0,0,1,0,0,0,0,0,0,0,0,0
2026-03-22T00:32:17Z,2598.762,8939,-5699.100098,-10043.299805,1436.200073,202.900009,8.1,5.1,0,0,0,0,0,0,0,1,0,0,0,0,0,0,0,0,0
2026-03-22T00:32:17Z,2599.007,8940,-5699,-10043.100586,1436.099976,202.900009,7.2,5.2,0,1,0,0,0,0,0,1,0,1,0,0,0,0,0,0,0
2026-03-22T00:32:17Z,2599.248,8941,-5699,-10043.100586,1436.099976,202.900009,7.2,5.2,0,1,0,0,0,0,0,1,0,1,0,0,0,0,0,0,0
2026-03-22T00:32:18Z,2599.490,8942,-5699,-10043.100586,1436.099976,202.900009,7.2,5.2,0,1,0,0,0,0,0,1,0,1,0,0,0,0,0,0,0
2026-03-22T00:32:18Z,2599.735,8943,-5699,-10043.100586,1436.099976,202.900009,7.2,5.2,0,1,0,0,0,0,0,1,0,1,0,0,0,0,0,0,0
2026-03-22T00:32:18Z,2599.965,8944,-5698.899902,-10042.799805,1436.099976,202.900009,8,5.4,0,1,0,0,0,0,0,1,0,1,0,0,0,0,0,0,0
2026-03-22T00:32:18Z,2600.223,8945,-5698.899902,-10042.799805,1436.099976,202.900009,8,5.4,0,1,0,0,0,0,0,1,0,1,0,0,0,0,0,0,0
2026-03-22T00:32:19Z,2600.464,8946,-5698.899902,-10042.799805,1436.099976,202.900009,8,5.4,0,1,0,0,0,0,0,1,0,1,0,0,0,0,0,0,0
2026-03-22T00:32:19Z,2600.696,8947,-5698.899902,-10042.799805,1436.099976,202.900009,8,5.4,0,1,0,0,0,0,0,1,0,1,0,0,0,0,0,0,0
2026-03-22T00:32:19Z,2600.932,8948,-5698.700195,-10042.400391,1436,202.900009,8,5.7,0,1,0,0,0,0,0,1,0,1,0,0,0,0,0,0,0
2026-03-22T00:32:19Z,2601.189,8949,-5698.700195,-10042.400391,1436,202.900009,8,5.7,0,1,0,0,0,0,0,1,0,1,0,0,0,0,0,0,0
2026-03-22T00:32:20Z,2601.419,8950,-5698.700195,-10042.400391,1436,202.900009,8,5.7,0,1,0,0,0,0,0,1,0,1,0,0,0,0,0,0,0
2026-03-22T00:32:20Z,2601.652,8951,-5698.700195,-10042.400391,1436,202.900009,8,5.7,0,1,0,0,0,0,0,1,0,1,0,0,0,0,0,0,0
2026-03-22T00:32:20Z,2601.892,8952,-5698.5,-10041.900391,1435.900024,203,7.5,6,0,1,0,0,0,0,0,1,0,1,0,0,0,0,0,0,0
2026-03-22T00:32:20Z,2602.138,8953,-5698.5,-10041.900391,1435.900024,203,7.5,6,0,1,0,0,0,0,0,1,0,1,0,0,0,0,0,0,0
2026-03-22T00:32:21Z,2602.381,8954,-5698.5,-10041.900391,1435.900024,203,7.5,6,0,1,0,0,0,0,0,1,0,1,0,0,0,0,0,0,0
2026-03-22T00:32:21Z,2602.628,8955,-5698.5,-10041.900391,1435.900024,203,7.5,6,0,1,0,0,0,0,0,1,0,1,0,0,0,0,0,0,0
2026-03-22T00:32:21Z,2602.870,8956,-5698.5,-10041.900391,1435.900024,203,7.5,6,0,1,0,0,0,0,0,1,0,1,0,0,0,0,0,0,0
2026-03-22T00:32:21Z,2603.119,8957,-5698.200195,-10041.299805,1435.800049,202.100006,7.1,5.8,0,1,0,0,0,0,0,0,0,1,0,0,0,0,0,0,0
2026-03-22T00:32:22Z,2603.360,8958,-5698.200195,-10041.299805,1435.800049,202.100006,7.1,5.8,0,1,0,0,0,0,0,0,0,1,0,0,0,0,0,0,0
2026-03-22T00:32:22Z,2603.598,8959,-5698.200195,-10041.299805,1435.800049,202.100006,7.1,5.8,0,1,0,0,0,0,0,0,0,1,0,0,0,0,0,0,0
2026-03-22T00:32:22Z,2603.854,8960,-5697.800293,-10040.5,1435.700073,200.699997,6.3,5.8,0,0,0,0,0,0,0,0,0,0,0,0,0,1,0,0,0
2026-03-22T00:32:22Z,2604.090,8961,-5697.800293,-10040.5,1435.700073,200.699997,6.3,5.8,0,0,0,0,0,0,0,0,0,0,0,0,0,1,0,0,0
2026-03-22T00:32:23Z,2604.322,8962,-5697.800293,-10040.5,1435.700073,200.699997,6.3,5.8,0,0,0,0,0,0,0,0,0,0,0,0,0,1,0,0,0
2026-03-22T00:32:23Z,2604.562,8963,-5697.800293,-10040.5,1435.700073,200.699997,6.3,5.8,0,0,0,0,0,0,0,0,0,0,0,0,0,1,0,0,0
2026-03-22T00:32:23Z,2604.801,8964,-5697.800293,-10040.5,1435.700073,200.699997,6.3,5.8,0,0,0,0,0,0,0,0,0,0,0,0,0,1,0,0,0
2026-03-22T00:32:28Z,2605.060,8965,-5697.5,-10039.600586,1435.599976,199,5.2,6.1,0,1,0,0,0,0,0,0,0,0,0,0,0,1,0,0,0
2026-03-22T00:32:29Z,2610.313,8966,-5696.200195,-10036,1435.200073,194,7.6,6,0,1,0,0,0,0,0,0,0,0,0,0,0,1,0,0,0
2026-03-22T00:32:29Z,2610.559,8967,-5696.200195,-10036,1435.200073,194,7.6,6,0,1,0,0,0,0,0,0,0,0,0,0,0,1,0,0,0
2026-03-22T00:32:29Z,2610.809,8968,-5696.200195,-10035.900391,1435.200073,193.900009,7.2,6,0,1,0,0,0,0,0,0,0,0,0,0,0,1,0,0,0
2026-03-22T00:32:29Z,2611.115,8969,-5696.200195,-10035.900391,1435.200073,193.900009,7.2,6,0,1,0,0,0,0,0,0,0,0,0,0,0,1,0,0,0
2026-03-22T00:32:30Z,2611.377,8970,-5696.200195,-10035.900391,1435.200073,193.900009,7.2,6,0,1,0,0,0,0,0,0,0,0,0,0,0,1,0,0,0
2026-03-22T00:32:30Z,2611.647,8971,-5696.200195,-10035.900391,1435.200073,193.900009,7.2,6,0,1,0,0,0,0,0,0,0,0,0,0,0,1,0,0,0
2026-03-22T00:32:30Z,2611.893,8972,-5696.200195,-10036,1435.200073,193.400009,6.3,6.1,0,1,0,0,0,0,0,0,0,0,0,0,0,1,0,0,0
2026-03-22T00:32:30Z,2612.149,8973,-5696.200195,-10036,1435.200073,193.400009,6.3,6.1,0,1,0,0,0,0,0,0,0,0,0,0,0,1,0,0,0
2026-03-22T00:32:31Z,2612.406,8974,-5696.200195,-10036,1435.200073,193.400009,6.3,6.1,0,1,0,0,0,0,0,0,0,0,0,0,0,1,0,0,0
2026-03-22T00:32:31Z,2612.651,8975,-5696.200195,-10036,1435.200073,193.400009,6.3,6.1,0,1,0,0,0,0,0,0,0,0,0,0,0,1,0,0,0
2026-03-22T00:32:31Z,2612.906,8976,-5696.200195,-10036.100586,1435.200073,192.400009,7.4,5.9,0,1,0,0,0,0,0,0,0,0,0,0,0,1,0,0,0
2026-03-22T00:32:31Z,2613.174,8977,-5696.200195,-10036.100586,1435.200073,192.400009,7.4,5.9,0,1,0,0,0,0,0,0,0,0,0,0,0,1,0,0,0
2026-03-22T00:32:32Z,2613.433,8978,-5696.200195,-10036.100586,1435.200073,192.400009,7.4,5.9,0,1,0,0,0,0,0,0,0,0,0,0,0,1,0,0,0
2026-03-22T00:32:32Z,2613.687,8979,-5696.200195,-10036.100586,1435.200073,192.400009,7.4,5.9,0,1,0,0,0,0,0,0,0,0,0,0,0,1,0,0,0
2026-03-22T00:32:32Z,2613.963,8980,-5696.200195,-10036.200195,1435.300049,191,6.9,5.7,0,1,1,0,0,0,0,0,0,0,0,0,0,1,0,0,0
2026-03-22T00:32:32Z,2614.216,8981,-5696.200195,-10036.200195,1435.300049,191,6.9,5.7,0,1,1,0,0,0,0,0,0,0,0,0,0,1,0,0,0
2026-03-22T00:32:33Z,2614.465,8982,-5696.200195,-10036.200195,1435.300049,191,6.9,5.7,0,1,1,0,0,0,0,0,0,0,0,0,0,1,0,0,0
2026-03-22T00:32:33Z,2614.738,8983,-5696.200195,-10036.200195,1435.300049,191,6.9,5.7,0,1,1,0,0,0,0,0,0,0,0,0,0,1,0,0,0
2026-03-22T00:32:33Z,2615.104,8984,-5696.200195,-10036.299805,1435.300049,189.199997,6.9,5.5,0,1,1,0,0,0,0,0,0,0,0,0,0,1,0,0,0
2026-03-22T00:32:34Z,2615.349,8985,-5696.200195,-10036.299805,1435.300049,189.199997,6.9,5.5,0,1,1,0,0,0,0,0,0,0,0,0,0,1,0,0,0
2026-03-22T00:32:34Z,2615.595,8986,-5696.200195,-10036.299805,1435.300049,189.199997,6.9,5.5,0,1,1,0,0,0,0,0,0,0,0,0,0,1,0,0,0
2026-03-22T00:32:34Z,2615.845,8987,-5696.200195,-10036.299805,1435.300049,189.199997,6.9,5.5,0,1,1,0,0,0,0,0,0,0,0,0,0,1,0,0,0
2026-03-22T00:32:34Z,2616.110,8988,-5696.200195,-10036.5,1435.300049,187.100006,7.3,5.2,0,1,1,0,0,1,0,0,0,0,0,0,0,0,0,0,0
2026-03-22T00:32:35Z,2616.354,8989,-5696.200195,-10036.5,1435.300049,187.100006,7.3,5.2,0,1,1,0,0,1,0,0,0,0,0,0,0,0,0,0,0
2026-03-22T00:32:35Z,2616.599,8990,-5696.200195,-10036.5,1435.300049,187.100006,7.3,5.2,0,1,1,0,0,1,0,0,0,0,0,0,0,0,0,0,0
2026-03-22T00:32:35Z,2616.852,8991,-5696.200195,-10036.5,1435.300049,187.100006,7.3,5.2,0,1,1,0,0,1,0,0,0,0,0,0,0,0,0,0,0
2026-03-22T00:32:35Z,2617.122,8992,-5696.100098,-10036.600586,1435.300049,185,7.3,4.9,0,1,1,0,0,1,0,0,0,0,0,0,0,0,0,0,0
2026-03-22T00:32:36Z,2617.378,8993,-5696.100098,-10036.600586,1435.300049,185,7.3,4.9,0,1,1,0,0,1,0,0,0,0,0,0,0,0,0,0,0
2026-03-22T00:32:36Z,2617.637,8994,-5696.100098,-10036.600586,1435.300049,185,7.3,4.9,0,1,1,0,0,1,0,0,0,0,0,0,0,0,0,0,0
2026-03-22T00:32:36Z,2617.889,8995,-5696.100098,-10036.799805,1435.400024,182.199997,7.3,4.6,0,1,1,0,0,1,1,0,0,0,0,0,0,0,0,0,0
2026-03-22T00:32:36Z,2618.146,8996,-5696.100098,-10036.799805,1435.400024,182.199997,7.3,4.6,0,1,1,0,0,1,1,0,0,0,0,0,0,0,0,0,0
2026-03-22T00:32:37Z,2618.390,8997,-5696.100098,-10036.799805,1435.400024,182.199997,7.3,4.6,0,1,1,0,0,1,1,0,0,0,0,0,0,0,0,0,0
2026-03-22T00:32:37Z,2618.630,8998,-5696.100098,-10036.799805,1435.400024,182.199997,7.3,4.6,0,1,1,0,0,1,1,0,0,0,0,0,0,0,0,0,0
2026-03-22T00:32:37Z,2618.888,8999,-5696,-10037.100586,1435.400024,179.100006,7.5,4.1,0,1,1,0,0,1,1,0,0,0,0,0,0,0,0,0,0
2026-03-22T00:32:37Z,2619.130,9000,-5696,-10037.100586,1435.400024,179.100006,7.5,4.1,0,1,1,0,0,1,1,0,0,0,0,0,0,0,0,0,0
2026-03-22T00:32:38Z,2619.378,9001,-5696,-10037.100586,1435.400024,179.100006,7.5,4.1,0,1,1,0,0,1,1,0,0,0,0,0,0,0,0,0,0
2026-03-22T00:32:38Z,2619.641,9002,-5696,-10037.100586,1435.400024,179.100006,7.5,4.1,0,1,1,0,0,1,1,0,0,0,0,0,0,0,0,0,0
2026-03-22T00:32:38Z,2619.903,9003,-5696,-10037.100586,1435.400024,179.100006,7.5,4.1,0,1,1,0,0,1,1,0,0,0,0,0,0,0,0,0,0
2026-03-22T00:32:38Z,2620.179,9004,-5695.899902,-10037.400391,1435.400024,175.400009,7.7,3.7,0,0,1,1,0,1,1,0,0,0,0,0,0,0,0,0,0
2026-03-22T00:32:39Z,2620.437,9005,-5695.899902,-10037.400391,1435.400024,175.400009,7.7,3.7,0,0,1,1,0,1,1,0,0,0,0,0,0,0,0,0,0
2026-03-22T00:32:39Z,2620.679,9006,-5695.899902,-10037.400391,1435.400024,175.400009,7.7,3.7,0,0,1,1,0,1,1,0,0,0,0,0,0,0,0,0,0
2026-03-22T00:32:39Z,2620.918,9007,-5695.800293,-10037.600586,1435.5,171.600006,7.8,3.2,0,0,1,1,0,1,1,0,0,0,0,0,0,0,0,0,0
2026-03-22T00:32:39Z,2621.210,9008,-5695.800293,-10037.600586,1435.5,171.600006,7.8,3.2,0,0,1,1,0,1,1,0,0,0,0,0,0,0,0,0,0
2026-03-22T00:32:40Z,2621.455,9009,-5695.800293,-10037.600586,1435.5,171.600006,7.8,3.2,0,0,1,1,0,1,1,0,0,0,0,0,0,0,0,0,0
2026-03-22T00:32:40Z,2621.700,9010,-5695.800293,-10037.600586,1435.5,171.600006,7.8,3.2,0,0,1,1,0,1,1,0,0,0,0,0,0,0,0,0,0
2026-03-22T00:32:40Z,2621.943,9011,-5695.600098,-10037.900391,1435.5,167.600006,8,2.7,0,0,1,1,0,0,1,0,0,0,0,0,0,0,0,0,1
2026-03-22T00:32:40Z,2622.221,9012,-5695.600098,-10037.900391,1435.5,167.600006,8,2.7,0,0,1,1,0,0,1,0,0,0,0,0,0,0,0,0,1
2026-03-22T00:32:41Z,2622.468,9013,-5695.600098,-10037.900391,1435.5,167.600006,8,2.7,0,0,1,1,0,0,1,0,0,0,0,0,0,0,0,0,1
2026-03-22T00:32:41Z,2622.705,9014,-5695.600098,-10037.900391,1435.5,167.600006,8,2.7,0,0,1,1,0,0,1,0,0,0,0,0,0,0,0,0,1
2026-03-22T00:32:41Z,2622.943,9015,-5695.399902,-10038.200195,1435.599976,162.800003,8.1,2.2,0,0,0,1,0,0,1,0,0,0,0,0,0,0,0,0,1
2026-03-22T00:32:41Z,2623.196,9016,-5695.399902,-10038.200195,1435.599976,162.800003,8.1,2.2,0,0,0,1,0,0,1,0,0,0,0,0,0,0,0,0,1
2026-03-22T00:32:42Z,2623.450,9017,-5695.399902,-10038.200195,1435.599976,162.800003,8.1,2.2,0,0,0,1,0,0,1,0,0,0,0,0,0,0,0,0,1
2026-03-22T00:32:42Z,2623.692,9018,-5695.399902,-10038.200195,1435.599976,162.800003,8.1,2.2,0,0,0,1,0,0,1,0,0,0,0,0,0,0,0,0,1
2026-03-22T00:32:42Z,2623.952,9019,-5695.200195,-10038.5,1435.599976,158.100006,8.400001,1.8,0,0,0,1,1,0,1,0,0,0,0,0,0,0,0,0,1
2026-03-22T00:32:42Z,2624.189,9020,-5695.200195,-10038.5,1435.599976,158.100006,8.400001,1.8,0,0,0,1,1,0,1,0,0,0,0,0,0,0,0,0,1
2026-03-22T00:32:43Z,2624.432,9021,-5695.200195,-10038.5,1435.599976,158.100006,8.400001,1.8,0,0,0,1,1,0,1,0,0,0,0,0,0,0,0,0,1
2026-03-22T00:32:43Z,2624.678,9022,-5695.200195,-10038.5,1435.599976,158.100006,8.400001,1.8,0,0,0,1,1,0,1,0,0,0,0,0,0,0,0,0,1
2026-03-22T00:32:43Z,2624.915,9023,-5695.200195,-10038.5,1435.599976,158.100006,8.400001,1.8,0,0,0,1,1,0,1,0,0,0,0,0,0,0,0,0,1
2026-03-22T00:32:43Z,2625.151,9024,-5694.899902,-10038.900391,1435.700073,152.400009,8.7,1.2,0,0,0,1,0,0,0,0,0,0,0,0,0,0,0,0,0
2026-03-22T00:32:44Z,2625.387,9025,-5694.899902,-10038.900391,1435.700073,152.400009,8.7,1.2,0,0,0,1,0,0,0,0,0,0,0,0,0,0,0,0,0
2026-03-22T00:32:44Z,2625.629,9026,-5694.899902,-10038.900391,1435.700073,152.400009,8.7,1.2,0,0,0,1,0,0,0,0,0,0,0,0,0,0,0,0,0
2026-03-22T00:32:44Z,2625.863,9027,-5694.899902,-10038.900391,1435.700073,152.400009,8.7,1.2,0,0,0,1,0,0,0,0,0,0,0,0,0,0,0,0,0
2026-03-22T00:32:44Z,2626.104,9028,-5694.5,-10039.200195,1435.800049,146.699997,9,0.5,0,0,1,0,0,0,0,0,0,0,0,0,0,0,0,0,0
2026-03-22T00:32:45Z,2626.340,9029,-5694.5,-10039.200195,1435.800049,146.699997,9,0.5,0,0,1,0,0,0,0,0,0,0,0,0,0,0,0,0,0
2026-03-22T00:32:45Z,2626.577,9030,-5694.5,-10039.200195,1435.800049,146.699997,9,0.5,0,0,1,0,0,0,0,0,0,0,0,0,0,0,0,0,0
2026-03-22T00:32:45Z,2626.812,9031,-5694.5,-10039.200195,1435.800049,146.699997,9,0.5,0,0,1,0,0,0,0,0,0,0,0,0,0,0,0,0,0
2026-03-22T00:32:45Z,2627.043,9032,-5694.100098,-10039.5,1435.800049,140.5,9.3,-0.2,0,0,1,0,0,0,0,0,0,0,0,0,0,0,0,0,0
2026-03-22T00:32:45Z,2627.283,9033,-5694.100098,-10039.5,1435.800049,140.5,9.3,-0.2,0,0,1,0,0,0,0,0,0,0,0,0,0,0,0,0,0
2026-03-22T00:32:46Z,2627.511,9034,-5694.100098,-10039.5,1435.800049,140.5,9.3,-0.2,0,0,1,0,0,0,0,0,0,0,0,0,0,0,0,0,0
2026-03-22T00:32:46Z,2627.745,9035,-5694.100098,-10039.5,1435.800049,140.5,9.3,-0.2,0,0,1,0,0,0,0,0,0,0,0,0,0,0,0,0,0
2026-03-22T00:32:46Z,2628.009,9036,-5693.600098,-10039.799805,1435.900024,133.800003,9.400001,-0.6,0,0,0,0,0,0,0,0,1,0,0,0,0,0,0,0,0
2026-03-22T00:32:46Z,2628.252,9037,-5693.600098,-10039.799805,1435.900024,133.800003,9.400001,-0.6,0,0,0,0,0,0,0,0,1,0,0,0,0,0,0,0,0
2026-03-22T00:32:47Z,2628.528,9038,-5693.600098,-10039.799805,1435.900024,133.800003,9.400001,-0.6,0,0,0,0,0,0,0,0,1,0,0,0,0,0,0,0,0
2026-03-22T00:32:47Z,2628.810,9039,-5693.600098,-10039.799805,1435.900024,133.800003,9.400001,-0.6,0,0,0,0,0,0,0,0,1,0,0,0,0,0,0,0,0
2026-03-22T00:32:47Z,2629.049,9040,-5693.100098,-10040.100586,1436,126.400002,9.7,-1.6,0,0,0,0,0,0,0,0,1,0,0,0,0,0,0,0,0
2026-03-22T00:32:48Z,2629.298,9041,-5693.100098,-10040.100586,1436,126.400002,9.7,-1.6,0,0,0,0,0,0,0,0,1,0,0,0,0,0,0,0,0
2026-03-22T00:32:48Z,2629.547,9042,-5693.100098,-10040.100586,1436,126.400002,9.7,-1.6,0,0,0,0,0,0,0,0,1,0,0,0,0,0,0,0,0
2026-03-22T00:32:48Z,2629.797,9043,-5693.100098,-10040.100586,1436,126.400002,9.7,-1.6,0,0,0,0,0,0,0,0,1,0,0,0,0,0,0,0,0
2026-03-22T00:32:48Z,2630.071,9044,-5692.600098,-10040.200195,1436.099976,120.200005,9.900001,-2.3,0,0,0,0,0,0,0,0,1,0,0,0,0,0,0,0,0
2026-03-22T00:32:49Z,2630.340,9045,-5692.600098,-10040.200195,1436.099976,120.200005,9.900001,-2.3,0,0,0,0,0,0,0,0,1,0,0,0,0,0,0,0,0
2026-03-22T00:32:49Z,2630.583,9046,-5692.600098,-10040.200195,1436.099976,120.200005,9.900001,-2.3,0,0,0,0,0,0,0,0,1,0,0,0,0,0,0,0,0
2026-03-22T00:32:49Z,2630.832,9047,-5692.600098,-10040.200195,1436.099976,120.200005,9.900001,-2.3,0,0,0,0,0,0,0,0,1,0,0,0,0,0,0,0,0
2026-03-22T00:32:49Z,2631.058,9048,-5691.800293,-10040.400391,1436.200073,111.400002,9.5,-3.1,0,0,0,0,0,0,0,0,1,0,0,0,0,0,0,0,0
2026-03-22T00:32:50Z,2631.474,9049,-5691.800293,-10040.400391,1436.200073,111.400002,9.5,-3.1,0,0,0,0,0,0,0,0,1,0,0,0,0,0,0,0,0
2026-03-22T00:32:50Z,2631.833,9050,-5691.800293,-10040.400391,1436.200073,111.400002,9.5,-3.1,0,0,0,0,0,0,0,0,1,0,0,0,0,0,0,0,0
2026-03-22T00:32:50Z,2632.069,9051,-5691.200195,-10040.400391,1436.300049,103.900002,8.8,-4.2,0,0,0,0,0,0,0,0,0,0,0,0,0,0,0,0,0
2026-03-22T00:32:51Z,2632.300,9052,-5691.200195,-10040.400391,1436.300049,103.900002,8.8,-4.2,0,0,0,0,0,0,0,0,0,0,0,0,0,0,0,0,0
2026-03-22T00:32:51Z,2632.534,9053,-5691.200195,-10040.400391,1436.300049,103.900002,8.8,-4.2,0,0,0,0,0,0,0,0,0,0,0,0,0,0,0,0,0
2026-03-22T00:32:51Z,2632.773,9054,-5691.200195,-10040.400391,1436.300049,103.900002,8.8,-4.2,0,0,0,0,0,0,0,0,0,0,0,0,0,0,0,0,0
2026-03-22T00:32:51Z,2633.008,9055,-5690.399902,-10040.299805,1436.300049,95.300003,7.6,-5.1,0,0,0,0,0,0,0,0,0,0,0,0,0,0,0,0,0
2026-03-22T00:32:51Z,2633.237,9056,-5690.399902,-10040.299805,1436.300049,95.300003,7.6,-5.1,0,0,0,0,0,0,0,0,0,0,0,0,0,0,0,0,0
2026-03-22T00:32:52Z,2633.466,9057,-5690.399902,-10040.299805,1436.300049,95.300003,7.6,-5.1,0,0,0,0,0,0,0,0,0,0,0,0,0,0,0,0,0
2026-03-22T00:32:52Z,2633.703,9058,-5690.399902,-10040.299805,1436.300049,95.300003,7.6,-5.1,0,0,0,0,0,0,0,0,0,0,0,0,0,0,0,0,0
2026-03-22T00:32:52Z,2633.943,9059,-5689.600098,-10040.100586,1436.400024,85.900002,6.5,-5.7,0,0,0,0,0,0,0,0,0,0,0,0,0,0,0,0,0
2026-03-22T00:32:52Z,2634.168,9060,-5689.600098,-10040.100586,1436.400024,85.900002,6.5,-5.7,0,0,0,0,0,0,0,0,0,0,0,0,0,0,0,0,0
2026-03-22T00:32:53Z,2634.401,9061,-5689.600098,-10040.100586,1436.400024,85.900002,6.5,-5.7,0,0,0,0,0,0,0,0,0,0,0,0,0,0,0,0,0
2026-03-22T00:32:53Z,2634.639,9062,-5689.600098,-10040.100586,1436.400024,85.900002,6.5,-5.7,0,0,0,0,0,0,0,0,0,0,0,0,0,0,0,0,0
2026-03-22T00:32:53Z,2634.866,9063,-5688.800293,-10039.700195,1436.5,75.700005,5.4,-6.4,0,0,0,0,0,0,0,0,0,0,0,0,0,0,0,0,0
2026-03-22T00:32:53Z,2635.088,9064,-5688.800293,-10039.700195,1436.5,75.700005,5.4,-6.4,0,0,0,0,0,0,0,0,0,0,0,0,0,0,0,0,0
2026-03-22T00:32:54Z,2635.310,9065,-5688.800293,-10039.700195,1436.5,75.700005,5.4,-6.4,0,0,0,0,0,0,0,0,0,0,0,0,0,0,0,0,0
2026-03-22T00:32:54Z,2635.536,9066,-5688.800293,-10039.700195,1436.5,75.700005,5.4,-6.4,0,0,0,0,0,0,0,0,0,0,0,0,0,0,0,0,0
2026-03-22T00:32:54Z,2635.764,9067,-5688.800293,-10039.700195,1436.5,75.700005,5.4,-6.4,0,0,0,0,0,0,0,0,0,0,0,0,0,0,0,0,0
2026-03-22T00:32:54Z,2636.001,9068,-5687.899902,-10039.299805,1436.5,67.5,5,-7.7,0,0,0,0,0,0,0,0,0,0,0,0,0,0,0,0,0
2026-03-22T00:32:54Z,2636.278,9069,-5687.899902,-10039.299805,1436.5,67.5,5,-7.7,0,0,0,0,0,0,0,0,0,0,0,0,0,0,0,0,0
2026-03-22T00:32:55Z,2636.520,9070,-5687.899902,-10039.299805,1436.5,67.5,5,-7.7,0,0,0,0,0,0,0,0,0,0,0,0,0,0,0,0,0
2026-03-22T00:32:55Z,2636.763,9071,-5687.899902,-10039.299805,1436.5,67.5,5,-7.7,0,0,0,0,0,0,0,0,0,0,0,0,0,0,0,0,0
2026-03-22T00:32:55Z,2637.069,9072,-5686.800293,-10038.799805,1436.599976,66.700005,5.6,-8.1,0,0,0,0,0,0,0,0,0,0,0,0,0,0,0,0,0
2026-03-22T00:32:56Z,2637.298,9073,-5686.800293,-10038.799805,1436.599976,66.700005,5.6,-8.1,0,0,0,0,0,0,0,0,0,0,0,0,0,0,0,0,0
2026-03-22T00:32:56Z,2637.556,9074,-5686.800293,-10038.799805,1436.599976,66.700005,5.6,-8.1,0,0,0,0,0,0,0,0,0,0,0,0,0,0,0,0,0
2026-03-22T00:32:56Z,2637.778,9075,-5686.800293,-10038.799805,1436.599976,66.700005,5.6,-8.1,0,0,0,0,0,0,0,0,0,0,0,0,0,0,0,0,0
2026-03-22T00:32:56Z,2638.025,9076,-5685.700195,-10038.299805,1436.700073,66.900002,8.1,-7,0,0,0,0,0,0,0,0,0,0,0,0,0,0,0,0,0
2026-03-22T00:32:56Z,2638.242,9077,-5685.700195,-10038.299805,1436.700073,66.900002,8.1,-7,0,0,0,0,0,0,0,0,0,0,0,0,0,0,0,0,0
2026-03-22T00:32:57Z,2638.476,9078,-5685.700195,-10038.299805,1436.700073,66.900002,8.1,-7,0,0,0,0,0,0,0,0,0,0,0,0,0,0,0,0,0
2026-03-22T00:32:57Z,2638.713,9079,-5685.700195,-10038.299805,1436.700073,66.900002,8.1,-7,0,0,0,0,0,0,0,0,0,0,0,0,0,0,0,0,0
2026-03-22T00:32:57Z,2638.947,9080,-5684.5,-10037.799805,1436.800049,67.900002,4.4,-7.4,0,0,0,0,0,0,0,0,0,0,0,0,0,0,0,0,0
2026-03-22T00:32:57Z,2639.167,9081,-5684.5,-10037.799805,1436.800049,67.900002,4.4,-7.4,0,0,0,0,0,0,0,0,0,0,0,0,0,0,0,0,0
2026-03-22T00:32:58Z,2639.399,9082,-5684.5,-10037.799805,1436.800049,67.900002,4.4,-7.4,0,0,0,0,0,0,0,0,0,0,0,0,0,0,0,0,0
2026-03-22T00:32:58Z,2639.631,9083,-5684.5,-10037.799805,1436.800049,67.900002,4.4,-7.4,0,0,0,0,0,0,0,0,0,0,0,0,0,0,0,0,0
2026-03-22T00:32:58Z,2639.870,9084,-5683.5,-10037.400391,1436.700073,70.599998,-4.8,-8.7,0,0,0,0,0,0,0,0,0,0,0,0,0,0,0,0,0
2026-03-22T00:32:58Z,2640.115,9085,-5683.5,-10037.400391,1436.700073,70.599998,-4.8,-8.7,0,0,0,0,0,0,0,0,0,0,0,0,0,0,0,0,0
2026-03-22T00:32:59Z,2640.349,9086,-5683.5,-10037.400391,1436.700073,70.599998,-4.8,-8.7,0,0,0,0,0,0,0,0,0,0,0,0,0,0,0,0,0
2026-03-22T00:32:59Z,2640.585,9087,-5683.5,-10037.400391,1436.700073,70.599998,-4.8,-8.7,0,0,0,0,0,0,0,0,0,0,0,0,0,0,0,0,0
2026-03-22T00:32:59Z,2640.818,9088,-5683.5,-10037.400391,1436.700073,70.599998,-4.8,-8.7,0,0,0,0,0,0,0,0,0,0,0,0,0,0,0,0,0
2026-03-22T00:32:59Z,2641.060,9089,-5682.399902,-10037.400391,1436.700073,82,-11.400001,-17.6,0,0,0,0,0,0,0,0,0,0,0,0,0,0,0,0,0
2026-03-22T00:32:59Z,2641.291,9090,-5682.399902,-10037.400391,1436.700073,82,-11.400001,-17.6,0,0,0,0,0,0,0,0,0,0,0,0,0,0,0,0,0
2026-03-22T00:33:00Z,2641.524,9091,-5682.399902,-10037.400391,1436.700073,82,-11.400001,-17.6,0,0,0,0,0,0,0,0,0,0,0,0,0,0,0,0,0
2026-03-22T00:33:00Z,2641.762,9092,-5682.399902,-10037.400391,1436.700073,82,-11.400001,-17.6,0,0,0,0,0,0,0,0,0,0,0,0,0,0,0,0,0
2026-03-22T00:33:00Z,2641.991,9093,-5681.5,-10037.400391,1436.700073,96.800003,-11.3,-17.200001,0,0,0,0,0,0,0,0,0,0,0,0,0,0,0,0,0
2026-03-22T00:33:00Z,2642.222,9094,-5681.5,-10037.400391,1436.700073,96.800003,-11.3,-17.200001,0,0,0,0,0,0,0,0,0,0,0,0,0,0,0,0,0
2026-03-22T00:33:01Z,2642.468,9095,-5681.5,-10037.400391,1436.700073,96.800003,-11.3,-17.200001,0,0,0,0,0,0,0,0,0,0,0,0,0,0,0,0,0
2026-03-22T00:33:01Z,2642.707,9096,-5681.5,-10037.400391,1436.700073,96.800003,-11.3,-17.200001,0,0,0,0,0,0,0,0,0,0,0,0,0,0,0,0,0
2026-03-22T00:33:01Z,2642.942,9097,-5680.5,-10037.299805,1436.5,112.300003,-5.1,-8.5,0,0,0,0,0,0,0,0,0,0,0,0,0,0,0,0,0
2026-03-22T00:33:01Z,2643.216,9098,-5680.5,-10037.299805,1436.5,112.300003,-5.1,-8.5,0,0,0,0,0,0,0,0,0,0,0,0,0,0,0,0,0
2026-03-22T00:33:02Z,2643.455,9099,-5680.5,-10037.299805,1436.5,112.300003,-5.1,-8.5,0,0,0,0,0,0,0,0,0,0,0,0,0,0,0,0,0
2026-03-22T00:33:02Z,2643.689,9100,-5680.5,-10037.299805,1436.5,112.300003,-5.1,-8.5,0,0,0,0,0,0,0,0,0,0,0,0,0,0,0,0,0
2026-03-22T00:33:02Z,2643.928,9101,-5679.800293,-10037.5,1436.300049,119.900002,-5.5,-12.5,0,0,0,0,0,0,0,0,0,0,0,0,0,0,0,0,0
2026-03-22T00:33:02Z,2644.158,9102,-5679.800293,-10037.5,1436.300049,119.900002,-5.5,-12.5,0,0,0,0,0,0,0,0,0,0,0,0,0,0,0,0,0
2026-03-22T00:33:03Z,2644.399,9103,-5679.800293,-10037.5,1436.300049,119.900002,-5.5,-12.5,0,0,0,0,0,0,0,0,0,0,0,0,0,0,0,0,0
2026-03-22T00:33:03Z,2644.651,9104,-5679.800293,-10037.5,1436.300049,119.900002,-5.5,-12.5,0,0,0,0,0,0,0,0,0,0,0,0,0,0,0,0,0
2026-03-22T00:33:03Z,2644.887,9105,-5679.800293,-10037.5,1436.300049,119.900002,-5.5,-12.5,0,0,0,0,0,0,0,0,0,0,0,0,0,0,0,0,0
2026-03-22T00:33:03Z,2645.124,9106,-5679.300293,-10038,1436.099976,127.300003,-13.1,-23.800001,0,0,0,0,0,0,0,0,0,0,0,0,0,0,0,0,0
2026-03-22T00:33:04Z,2645.358,9107,-5679.300293,-10038,1436.099976,127.300003,-13.1,-23.800001,0,0,0,0,0,0,0,0,0,0,0,0,0,0,0,0,0
2026-03-22T00:33:04Z,2645.601,9108,-5679.300293,-10038,1436.099976,127.300003,-13.1,-23.800001,0,0,0,0,0,0,0,0,0,0,0,0,0,0,0,0,0
2026-03-22T00:33:04Z,2645.836,9109,-5679.300293,-10038,1436.099976,127.300003,-13.1,-23.800001,0,0,0,0,0,0,0,0,0,0,0,0,0,0,0,0,0
2026-03-22T00:33:04Z,2646.067,9110,-5678.899902,-10038.400391,1436.099976,135.5,-10.5,-21.800001,0,0,0,0,0,0,0,0,0,0,0,0,0,0,0,0,0
2026-03-22T00:33:04Z,2646.296,9111,-5678.899902,-10038.400391,1436.099976,135.5,-10.5,-21.800001,0,0,0,0,0,0,0,0,0,0,0,0,0,0,0,0,0
2026-03-22T00:33:05Z,2646.526,9112,-5678.899902,-10038.400391,1436.099976,135.5,-10.5,-21.800001,0,0,0,0,0,0,0,0,0,0,0,0,0,0,0,0,0
2026-03-22T00:33:05Z,2646.759,9113,-5678.899902,-10038.400391,1436.099976,135.5,-10.5,-21.800001,0,0,0,0,0,0,0,0,0,0,0,0,0,0,0,0,0
2026-03-22T00:33:05Z,2646.993,9114,-5678.5,-10038.900391,1436.200073,141.400009,-3.4,-19.9,0,0,0,0,0,0,0,0,0,0,0,0,0,0,0,0,0
2026-03-22T00:33:05Z,2647.221,9115,-5678.5,-10038.900391,1436.200073,141.400009,-3.4,-19.9,0,0,0,0,0,0,0,0,0,0,0,0,0,0,0,0,0
2026-03-22T00:33:06Z,2647.449,9116,-5678.5,-10038.900391,1436.200073,141.400009,-3.4,-19.9,0,0,0,0,0,0,0,0,0,0,0,0,0,0,0,0,0
2026-03-22T00:33:06Z,2647.695,9117,-5678.5,-10038.900391,1436.200073,141.400009,-3.4,-19.9,0,0,0,0,0,0,0,0,0,0,0,0,0,0,0,0,0
2026-03-22T00:33:06Z,2647.935,9118,-5678.200195,-10039.600586,1436.300049,145.5,5.4,-22.200001,0,0,0,0,0,0,0,0,0,0,0,0,0,0,0,0,0
2026-03-22T00:33:06Z,2648.171,9119,-5678.200195,-10039.600586,1436.300049,145.5,5.4,-22.200001,0,0,0,0,0,0,0,0,0,0,0,0,0,0,0,0,0
2026-03-22T00:33:07Z,2648.400,9120,-5678.200195,-10039.600586,1436.300049,145.5,5.4,-22.200001,0,0,0,0,0,0,0,0,0,0,0,0,0,0,0,0,0
2026-03-22T00:33:07Z,2648.640,9121,-5678.200195,-10039.600586,1436.300049,145.5,5.4,-22.200001,0,0,0,0,0,0,0,0,0,0,0,0,0,0,0,0,0
2026-03-22T00:33:07Z,2648.885,9122,-5678,-10040.299805,1436.400024,151.400009,11.3,-24.5,0,0,0,0,0,0,0,0,0,0,0,0,0,0,0,0,0
2026-03-22T00:33:07Z,2649.110,9123,-5678,-10040.299805,1436.400024,151.400009,11.3,-24.5,0,0,0,0,0,0,0,0,0,0,0,0,0,0,0,0,0
2026-03-22T00:33:08Z,2649.340,9124,-5678,-10040.299805,1436.400024,151.400009,11.3,-24.5,0,0,0,0,0,0,0,0,0,0,0,0,0,0,0,0,0
2026-03-22T00:33:08Z,2649.578,9125,-5678,-10040.299805,1436.400024,151.400009,11.3,-24.5,0,0,0,0,0,0,0,0,0,0,0,0,0,0,0,0,0
2026-03-22T00:33:08Z,2649.816,9126,-5678,-10040.299805,1436.400024,151.400009,11.3,-24.5,0,0,0,0,0,0,0,0,0,0,0,0,0,0,0,0,0
2026-03-22T00:33:08Z,2650.075,9127,-5677.899902,-10040.799805,1436.5,158.600006,14.1,-23.200001,0,0,0,0,0,0,0,0,0,0,0,0,0,0,0,0,0
2026-03-22T00:33:09Z,2650.307,9128,-5677.899902,-10040.799805,1436.5,158.600006,14.1,-23.200001,0,0,0,0,0,0,0,0,0,0,0,0,0,0,0,0,0
2026-03-22T00:33:09Z,2650.547,9129,-5677.899902,-10040.799805,1436.5,158.600006,14.1,-23.200001,0,0,0,0,0,0,0,0,0,0,0,0,0,0,0,0,0
2026-03-22T00:33:09Z,2650.787,9130,-5677.899902,-10040.799805,1436.5,158.600006,14.1,-23.200001,0,0,0,0,0,0,0,0,0,0,0,0,0,0,0,0,0
2026-03-22T00:33:09Z,2651.047,9131,-5677.899902,-10041.400391,1436.599976,167.5,14.2,-19.200001,0,0,0,0,0,0,0,0,0,0,0,0,0,0,0,0,0
2026-03-22T00:33:09Z,2651.271,9132,-5677.899902,-10041.400391,1436.599976,167.5,14.2,-19.200001,0,0,0,0,0,0,0,0,0,0,0,0,0,0,0,0,0
2026-03-22T00:33:10Z,2651.509,9133,-5677.899902,-10041.400391,1436.599976,167.5,14.2,-19.200001,0,0,0,0,0,0,0,0,0,0,0,0,0,0,0,0,0
2026-03-22T00:33:10Z,2651.734,9134,-5677.899902,-10041.400391,1436.599976,167.5,14.2,-19.200001,0,0,0,0,0,0,0,0,0,0,0,0,0,0,0,0,0
2026-03-22T00:33:10Z,2651.954,9135,-5677.899902,-10041.400391,1436.599976,167.5,14.2,-19.200001,0,0,0,0,0,0,0,0,0,0,0,0,0,0,0,0,0
2026-03-22T00:33:10Z,2652.218,9136,-5678,-10042,1436.800049,175.800003,14.900001,-16.300001,0,0,0,0,0,0,0,0,0,0,0,0,0,0,0,0,0
2026-03-22T00:33:11Z,2652.456,9137,-5678,-10042,1436.800049,175.800003,14.900001,-16.300001,0,0,0,0,0,0,0,0,0,0,0,0,0,0,0,0,0
2026-03-22T00:33:11Z,2652.684,9138,-5678,-10042,1436.800049,175.800003,14.900001,-16.300001,0,0,0,0,0,0,0,0,0,0,0,0,0,0,0,0,0
2026-03-22T00:33:11Z,2652.922,9139,-5678,-10042,1436.800049,175.800003,14.900001,-16.300001,0,0,0,0,0,0,0,0,0,0,0,0,0,0,0,0,0
2026-03-22T00:33:11Z,2653.185,9140,-5678.200195,-10042.600586,1437.099976,183.800003,18.5,-13,0,0,0,0,0,0,0,0,0,0,0,0,0,0,0,0,0
2026-03-22T00:33:12Z,2653.416,9141,-5678.200195,-10042.600586,1437.099976,183.800003,18.5,-13,0,0,0,0,0,0,0,0,0,0,0,0,0,0,0,0,0
2026-03-22T00:33:12Z,2653.653,9142,-5678.200195,-10042.600586,1437.099976,183.800003,18.5,-13,0,0,0,0,0,0,0,0,0,0,0,0,0,0,0,0,0
2026-03-22T00:33:12Z,2653.892,9143,-5678.399902,-10043.100586,1437.400024,193.400009,21.4,-8.6,0,0,0,0,0,0,1,0,0,0,0,0,0,0,0,0,0
2026-03-22T00:33:12Z,2654.110,9144,-5678.399902,-10043.100586,1437.400024,193.400009,21.4,-8.6,0,0,0,0,0,0,1,0,0,0,0,0,0,0,0,0,0
2026-03-22T00:33:13Z,2654.328,9145,-5678.399902,-10043.100586,1437.400024,193.400009,21.4,-8.6,0,0,0,0,0,0,1,0,0,0,0,0,0,0,0,0,0
2026-03-22T00:33:13Z,2654.559,9146,-5678.399902,-10043.100586,1437.400024,193.400009,21.4,-8.6,0,0,0,0,0,0,1,0,0,0,0,0,0,0,0,0,0
2026-03-22T00:33:13Z,2654.796,9147,-5678.399902,-10043.100586,1437.400024,193.400009,21.4,-8.6,0,0,0,0,0,0,1,0,0,0,0,0,0,0,0,0,0
2026-03-22T00:33:13Z,2655.032,9148,-5678.800293,-10043.700195,1437.700073,202.800003,22.200001,-8.900001,0,0,0,0,0,1,1,0,0,0,0,0,0,0,0,0,0
2026-03-22T00:33:13Z,2655.253,9149,-5678.800293,-10043.700195,1437.700073,202.800003,22.200001,-8.900001,0,0,0,0,0,1,1,0,0,0,0,0,0,0,0,0,0
2026-03-22T00:33:14Z,2655.488,9150,-5678.800293,-10043.700195,1437.700073,202.800003,22.200001,-8.900001,0,0,0,0,0,1,1,0,0,0,0,0,0,0,0,0,0
2026-03-22T00:33:14Z,2655.735,9151,-5678.800293,-10043.700195,1437.700073,202.800003,22.200001,-8.900001,0,0,0,0,0,1,1,0,0,0,0,0,0,0,0,0,0
2026-03-22T00:33:14Z,2655.963,9152,-5679.200195,-10044.100586,1437.800049,209.100006,18.6,-7,0,0,0,0,0,0,1,0,0,0,0,0,0,0,0,0,0
2026-03-22T00:33:14Z,2656.203,9153,-5679.200195,-10044.100586,1437.800049,209.100006,18.6,-7,0,0,0,0,0,0,1,0,0,0,0,0,0,0,0,0,0
2026-03-22T00:33:15Z,2656.431,9154,-5679.200195,-10044.100586,1437.800049,209.100006,18.6,-7,0,0,0,0,0,0,1,0,0,0,0,0,0,0,0,0,0
2026-03-22T00:33:15Z,2656.661,9155,-5679.200195,-10044.100586,1437.800049,209.100006,18.6,-7,0,0,0,0,0,0,1,0,0,0,0,0,0,0,0,0,0
2026-03-22T00:33:15Z,2656.895,9156,-5679.399902,-10044.600586,1437.800049,212.800003,8.400001,0.5,0,0,0,0,0,0,0,0,0,0,0,0,0,0,0,0,0
2026-03-22T00:33:15Z,2657.114,9157,-5679.399902,-10044.600586,1437.800049,212.800003,8.400001,0.5,0,0,0,0,0,0,0,0,0,0,0,0,0,0,0,0,0
2026-03-22T00:33:16Z,2657.341,9158,-5679.399902,-10044.600586,1437.800049,212.800003,8.400001,0.5,0,0,0,0,0,0,0,0,0,0,0,0,0,0,0,0,0
2026-03-22T00:33:16Z,2657.573,9159,-5679.399902,-10044.600586,1437.800049,212.800003,8.400001,0.5,0,0,0,0,0,0,0,0,0,0,0,0,0,0,0,0,0
2026-03-22T00:33:16Z,2657.811,9160,-5679.399902,-10044.600586,1437.800049,212.800003,8.400001,0.5,0,0,0,0,0,0,0,0,0,0,0,0,0,0,0,0,0
2026-03-22T00:33:16Z,2658.032,9161,-5679.800293,-10045.100586,1437.700073,214.600006,-1.4,6.4,0,0,0,0,0,0,0,0,0,0,0,0,0,1,0,0,0
2026-03-22T00:33:16Z,2658.259,9162,-5679.800293,-10045.100586,1437.700073,214.600006,-1.4,6.4,0,0,0,0,0,0,0,0,0,0,0,0,0,1,0,0,0
2026-03-22T00:33:17Z,2658.483,9163,-5679.800293,-10045.100586,1437.700073,214.600006,-1.4,6.4,0,0,0,0,0,0,0,0,0,0,0,0,0,1,0,0,0
2026-03-22T00:33:17Z,2658.720,9164,-5679.800293,-10045.100586,1437.700073,214.600006,-1.4,6.4,0,0,0,0,0,0,0,0,0,0,0,0,0,1,0,0,0
2026-03-22T00:33:17Z,2658.954,9165,-5680.300293,-10045.700195,1437.800049,217.300003,0.9,5.1,0,1,0,0,0,0,0,0,0,0,0,0,0,0,0,0,0
2026-03-22T00:33:17Z,2659.173,9166,-5680.300293,-10045.700195,1437.800049,217.300003,0.9,5.1,0,1,0,0,0,0,0,0,0,0,0,0,0,0,0,0,0
2026-03-22T00:33:18Z,2659.410,9167,-5680.300293,-10045.700195,1437.800049,217.300003,0.9,5.1,0,1,0,0,0,0,0,0,0,0,0,0,0,0,0,0,0
2026-03-22T00:33:18Z,2659.647,9168,-5680.300293,-10045.700195,1437.800049,217.300003,0.9,5.1,0,1,0,0,0,0,0,0,0,0,0,0,0,0,0,0,0
2026-03-22T00:33:18Z,2659.868,9169,-5680.700195,-10046.200195,1438,219.5,1.5,6,0,1,0,0,0,0,0,0,0,0,0,0,0,0,0,0,0
2026-03-22T00:33:18Z,2660.088,9170,-5680.700195,-10046.200195,1438,219.5,1.5,6,0,1,0,0,0,0,0,0,0,0,0,0,0,0,0,0,0
2026-03-22T00:33:19Z,2660.306,9171,-5680.700195,-10046.200195,1438,219.5,1.5,6,0,1,0,0,0,0,0,0,0,0,0,0,0,0,0,0,0
2026-03-22T00:33:19Z,2660.540,9172,-5680.700195,-10046.200195,1438,219.5,1.5,6,0,1,0,0,0,0,0,0,0,0,0,0,0,0,0,0,0
2026-03-22T00:33:19Z,2660.779,9173,-5680.700195,-10046.200195,1438,219.5,1.5,6,0,1,0,0,0,0,0,0,0,0,0,0,0,0,0,0,0
2026-03-22T00:33:19Z,2661.013,9174,-5681.200195,-10046.700195,1438,221.800003,0.8,7.6,0,1,0,0,0,0,0,0,0,0,0,0,0,0,0,0,0
2026-03-22T00:33:19Z,2661.229,9175,-5681.200195,-10046.700195,1438,221.800003,0.8,7.6,0,1,0,0,0,0,0,0,0,0,0,0,0,0,0,0,0
2026-03-22T00:33:20Z,2661.467,9176,-5681.200195,-10046.700195,1438,221.800003,0.8,7.6,0,1,0,0,0,0,0,0,0,0,0,0,0,0,0,0,0
2026-03-22T00:33:20Z,2661.700,9177,-5681.200195,-10046.700195,1438,221.800003,0.8,7.6,0,1,0,0,0,0,0,0,0,0,0,0,0,0,0,0,0
2026-03-22T00:33:20Z,2661.916,9178,-5681.800293,-10047.299805,1437.900024,224.600006,0.7,6.8,0,0,0,0,0,0,0,0,0,0,0,0,0,0,0,0,0
2026-03-22T00:33:20Z,2662.131,9179,-5681.800293,-10047.299805,1437.900024,224.600006,0.7,6.8,0,0,0,0,0,0,0,0,0,0,0,0,0,0,0,0,0
2026-03-22T00:33:21Z,2662.351,9180,-5681.800293,-10047.299805,1437.900024,224.600006,0.7,6.8,0,0,0,0,0,0,0,0,0,0,0,0,0,0,0,0,0
2026-03-22T00:33:21Z,2662.573,9181,-5681.800293,-10047.299805,1437.900024,224.600006,0.7,6.8,0,0,0,0,0,0,0,0,0,0,0,0,0,0,0,0,0
2026-03-22T00:33:21Z,2662.813,9182,-5681.800293,-10047.299805,1437.900024,224.600006,0.7,6.8,0,0,0,0,0,0,0,0,0,0,0,0,0,0,0,0,0
2026-03-22T00:33:21Z,2663.040,9183,-5682.399902,-10047.799805,1437.800049,227.400009,2.5,5.5,0,0,0,0,0,0,0,0,0,0,0,0,0,0,0,0,0
2026-03-22T00:33:21Z,2663.255,9184,-5682.399902,-10047.799805,1437.800049,227.400009,2.5,5.5,0,0,0,0,0,0,0,0,0,0,0,0,0,0,0,0,0
2026-03-22T00:33:22Z,2663.489,9185,-5682.399902,-10047.799805,1437.800049,227.400009,2.5,5.5,0,0,0,0,0,0,0,0,0,0,0,0,0,0,0,0,0
2026-03-22T00:33:22Z,2663.728,9186,-5682.399902,-10047.799805,1437.800049,227.400009,2.5,5.5,0,0,0,0,0,0,0,0,0,0,0,0,0,0,0,0,0
2026-03-22T00:33:22Z,2663.947,9187,-5683.100098,-10048.400391,1437.900024,229.600006,4.6,7.4,0,0,0,0,0,0,0,0,0,0,0,0,0,0,0,0,0
2026-03-22T00:33:22Z,2664.202,9188,-5683.100098,-10048.400391,1437.900024,229.600006,4.6,7.4,0,0,0,0,0,0,0,0,0,0,0,0,0,0,0,0,0
2026-03-22T00:33:23Z,2664.422,9189,-5683.100098,-10048.400391,1437.900024,229.600006,4.6,7.4,0,0,0,0,0,0,0,0,0,0,0,0,0,0,0,0,0
2026-03-22T00:33:23Z,2664.660,9190,-5683.100098,-10048.400391,1437.900024,229.600006,4.6,7.4,0,0,0,0,0,0,0,0,0,0,0,0,0,0,0,0,0
2026-03-22T00:33:23Z,2664.898,9191,-5683.100098,-10048.400391,1437.900024,229.600006,4.6,7.4,0,0,0,0,0,0,0,0,0,0,0,0,0,0,0,0,0
2026-03-22T00:33:23Z,2665.137,9192,-5683.899902,-10049,1437.900024,230.900009,3.9,9.6,0,0,0,0,0,0,0,1,0,0,0,0,0,0,0,0,0
2026-03-22T00:33:24Z,2665.352,9193,-5683.899902,-10049,1437.900024,230.900009,3.9,9.6,0,0,0,0,0,0,0,1,0,0,0,0,0,0,0,0,0
2026-03-22T00:33:24Z,2665.582,9194,-5683.899902,-10049,1437.900024,230.900009,3.9,9.6,0,0,0,0,0,0,0,1,0,0,0,0,0,0,0,0,0
2026-03-22T00:33:24Z,2665.818,9195,-5683.899902,-10049,1437.900024,230.900009,3.9,9.6,0,0,0,0,0,0,0,1,0,0,0,0,0,0,0,0,0
2026-03-22T00:33:24Z,2666.060,9196,-5684.600098,-10049.5,1438,231.300003,1.9,9.400001,0,0,0,0,0,0,0,1,0,1,0,0,0,0,0,0,0
2026-03-22T00:33:24Z,2666.275,9197,-5684.600098,-10049.5,1438,231.300003,1.9,9.400001,0,0,0,0,0,0,0,1,0,1,0,0,0,0,0,0,0
2026-03-22T00:33:25Z,2666.513,9198,-5684.600098,-10049.5,1438,231.300003,1.9,9.400001,0,0,0,0,0,0,0,1,0,1,0,0,0,0,0,0,0
2026-03-22T00:33:25Z,2666.750,9199,-5684.600098,-10049.5,1438,231.300003,1.9,9.400001,0,0,0,0,0,0,0,1,0,1,0,0,0,0,0,0,0
2026-03-22T00:33:25Z,2666.986,9200,-5685.300293,-10050,1438,233.600006,1.7,7,0,0,0,0,0,0,0,1,0,0,0,0,0,0,0,0,0
2026-03-22T00:33:25Z,2667.199,9201,-5685.300293,-10050,1438,233.600006,1.7,7,0,0,0,0,0,0,0,1,0,0,0,0,0,0,0,0,0
2026-03-22T00:33:26Z,2667.412,9202,-5685.300293,-10050,1438,233.600006,1.7,7,0,0,0,0,0,0,0,1,0,0,0,0,0,0,0,0,0
2026-03-22T00:33:26Z,2667.649,9203,-5685.300293,-10050,1438,233.600006,1.7,7,0,0,0,0,0,0,0,1,0,0,0,0,0,0,0,0,0
2026-03-22T00:33:26Z,2667.892,9204,-5685.300293,-10050,1438,233.600006,1.7,7,0,0,0,0,0,0,0,1,0,0,0,0,0,0,0,0,0
2026-03-22T00:33:26Z,2668.162,9205,-5686.100098,-10050.400391,1438,237.100006,1.4,5.1,0,0,0,0,0,0,0,0,0,0,0,0,0,0,0,0,0
2026-03-22T00:33:27Z,2668.395,9206,-5686.100098,-10050.400391,1438,237.100006,1.4,5.1,0,0,0,0,0,0,0,0,0,0,0,0,0,0,0,0,0
2026-03-22T00:33:27Z,2668.628,9207,-5686.100098,-10050.400391,1438,237.100006,1.4,5.1,0,0,0,0,0,0,0,0,0,0,0,0,0,0,0,0,0
2026-03-22T00:33:27Z,2668.859,9208,-5686.100098,-10050.400391,1438,237.100006,1.4,5.1,0,0,0,0,0,0,0,0,0,0,0,0,0,0,0,0,0
2026-03-22T00:33:27Z,2669.085,9209,-5687,-10050.900391,1438,242.400009,-0.2,6.2,0,0,0,0,1,0,0,0,0,0,0,0,0,0,0,0,0
2026-03-22T00:33:28Z,2669.310,9210,-5687,-10050.900391,1438,242.400009,-0.2,6.2,0,0,0,0,1,0,0,0,0,0,0,0,0,0,0,0,0
2026-03-22T00:33:28Z,2669.535,9211,-5687,-10050.900391,1438,242.400009,-0.2,6.2,0,0,0,0,1,0,0,0,0,0,0,0,0,0,0,0,0
2026-03-22T00:33:28Z,2669.773,9212,-5687,-10050.900391,1438,242.400009,-0.2,6.2,0,0,0,0,1,0,0,0,0,0,0,0,0,0,0,0,0
2026-03-22T00:33:28Z,2669.995,9213,-5687,-10050.900391,1438,242.400009,-0.2,6.2,0,0,0,0,1,0,0,0,0,0,0,0,0,0,0,0,0
2026-03-22T00:33:28Z,2670.265,9214,-5688,-10051.200195,1438,248.400009,-0.6,6.9,0,0,0,0,1,0,0,0,0,0,0,0,0,0,0,0,1
2026-03-22T00:33:29Z,2670.503,9215,-5688,-10051.200195,1438,248.400009,-0.6,6.9,0,0,0,0,1,0,0,0,0,0,0,0,0,0,0,0,1
2026-03-22T00:33:29Z,2670.740,9216,-5688,-10051.200195,1438,248.400009,-0.6,6.9,0,0,0,0,1,0,0,0,0,0,0,0,0,0,0,0,1
2026-03-22T00:33:29Z,2670.980,9217,-5688.899902,-10051.400391,1437.900024,254.400009,-1.1,6.7,0,0,0,1,1,0,0,0,0,0,0,0,0,0,0,0,1
2026-03-22T00:33:29Z,2671.210,9218,-5688.899902,-10051.400391,1437.900024,254.400009,-1.1,6.7,0,0,0,1,1,0,0,0,0,0,0,0,0,0,0,0,1
2026-03-22T00:33:30Z,2671.445,9219,-5688.899902,-10051.400391,1437.900024,254.400009,-1.1,6.7,0,0,0,1,1,0,0,0,0,0,0,0,0,0,0,0,1
2026-03-22T00:33:30Z,2671.683,9220,-5688.899902,-10051.400391,1437.900024,254.400009,-1.1,6.7,0,0,0,1,1,0,0,0,0,0,0,0,0,0,0,0,1
2026-03-22T00:33:30Z,2671.929,9221,-5689.899902,-10051.5,1437.900024,261.300018,-1.9,6.3,0,0,0,1,1,0,1,0,0,0,0,0,0,0,0,0,1
2026-03-22T00:33:30Z,2672.169,9222,-5689.899902,-10051.5,1437.900024,261.300018,-1.9,6.3,0,0,0,1,1,0,1,0,0,0,0,0,0,0,0,0,1
2026-03-22T00:33:31Z,2672.396,9223,-5689.899902,-10051.5,1437.900024,261.300018,-1.9,6.3,0,0,0,1,1,0,1,0,0,0,0,0,0,0,0,0,1
2026-03-22T00:33:31Z,2672.627,9224,-5689.899902,-10051.5,1437.900024,261.300018,-1.9,6.3,0,0,0,1,1,0,1,0,0,0,0,0,0,0,0,0,1
2026-03-22T00:33:31Z,2672.866,9225,-5689.899902,-10051.5,1437.900024,261.300018,-1.9,6.3,0,0,0,1,1,0,1,0,0,0,0,0,0,0,0,0,1
2026-03-22T00:33:31Z,2673.091,9226,-5690.899902,-10051.400391,1437.800049,270,-2.8,6.1,0,0,0,1,0,0,1,0,0,0,0,0,0,0,0,0,0
2026-03-22T00:33:32Z,2673.325,9227,-5690.899902,-10051.400391,1437.800049,270,-2.8,6.1,0,0,0,1,0,0,1,0,0,0,0,0,0,0,0,0,0
2026-03-22T00:33:32Z,2673.569,9228,-5690.899902,-10051.400391,1437.800049,270,-2.8,6.1,0,0,0,1,0,0,1,0,0,0,0,0,0,0,0,0,0
2026-03-22T00:33:32Z,2673.804,9229,-5690.899902,-10051.400391,1437.800049,270,-2.8,6.1,0,0,0,1,0,0,1,0,0,0,0,0,0,0,0,0,0
2026-03-22T00:33:32Z,2674.046,9230,-5691.800293,-10051.200195,1437.700073,278.100006,-3.9,5.7,0,0,1,0,0,0,1,0,0,0,0,0,0,1,0,0,0
2026-03-22T00:33:32Z,2674.271,9231,-5691.800293,-10051.200195,1437.700073,278.100006,-3.9,5.7,0,0,1,0,0,0,1,0,0,0,0,0,0,1,0,0,0
2026-03-22T00:33:33Z,2674.491,9232,-5691.800293,-10051.200195,1437.700073,278.100006,-3.9,5.7,0,0,1,0,0,0,1,0,0,0,0,0,0,1,0,0,0
2026-03-22T00:33:33Z,2674.723,9233,-5691.800293,-10051.200195,1437.700073,278.100006,-3.9,5.7,0,0,1,0,0,0,1,0,0,0,0,0,0,1,0,0,0
2026-03-22T00:33:33Z,2674.943,9234,-5691.800293,-10051.200195,1437.700073,278.100006,-3.9,5.7,0,0,1,0,0,0,1,0,0,0,0,0,0,1,0,0,0
2026-03-22T00:33:33Z,2675.183,9235,-5693,-10050.700195,1437.599976,287.899994,-5.7,5.4,0,0,1,0,0,1,0,0,0,0,0,0,0,0,0,0,0
2026-03-22T00:33:34Z,2675.394,9236,-5693,-10050.700195,1437.599976,287.899994,-5.7,5.4,0,0,1,0,0,1,0,0,0,0,0,0,0,0,0,0,0
2026-03-22T00:33:34Z,2675.621,9237,-5693,-10050.700195,1437.599976,287.899994,-5.7,5.4,0,0,1,0,0,1,0,0,0,0,0,0,0,0,0,0,0
2026-03-22T00:33:34Z,2675.850,9238,-5693.399902,-10050.5,1437.800049,289.200012,-1,-6.7,0,0,1,0,0,0,0,0,0,0,0,0,0,0,0,1,0
2026-03-22T00:33:34Z,2676.090,9239,-5693.399902,-10050.5,1437.800049,289.200012,-1,-6.7,0,0,1,0,0,0,0,0,0,0,0,0,0,0,0,1,0
2026-03-22T00:33:35Z,2676.311,9240,-5693.399902,-10050.5,1437.800049,289.200012,-1,-6.7,0,0,1,0,0,0,0,0,0,0,0,0,0,0,0,1,0
2026-03-22T00:33:35Z,2676.546,9241,-5693.399902,-10050.5,1437.800049,289.200012,-1,-6.7,0,0,1,0,0,0,0,0,0,0,0,0,0,0,0,1,0
2026-03-22T00:33:35Z,2676.780,9242,-5693.399902,-10050.5,1437.800049,289.200012,-1,-6.7,0,0,1,0,0,0,0,0,0,0,0,0,0,0,0,1,0
2026-03-22T00:33:35Z,2677.000,9243,-5693.399902,-10050.700195,1438,282.600006,-5.9,-4.9,0,0,0,0,1,1,0,0,1,0,1,0,0,0,0,0,0
2026-03-22T00:33:35Z,2677.210,9244,-5693.399902,-10050.700195,1438,282.600006,-5.9,-4.9,0,0,0,0,1,1,0,0,1,0,1,0,0,0,0,0,0
2026-03-22T00:33:36Z,2677.426,9245,-5693.399902,-10050.700195,1438,282.600006,-5.9,-4.9,0,0,0,0,1,1,0,0,1,0,1,0,0,0,0,0,0
2026-03-22T00:33:36Z,2677.662,9246,-5693.399902,-10050.700195,1438,282.600006,-5.9,-4.9,0,0,0,0,1,1,0,0,1,0,1,0,0,0,0,0,0
2026-03-22T00:33:36Z,2677.897,9247,-5693.5,-10050.799805,1438,278.800018,-10.900001,-3.5,0,0,0,1,1,1,1,0,1,0,0,0,0,0,0,0,0
2026-03-22T00:33:36Z,2678.109,9248,-5693.5,-10050.799805,1438,278.800018,-10.900001,-3.5,0,0,0,1,1,1,1,0,1,0,0,0,0,0,0,0,0
2026-03-22T00:33:37Z,2678.321,9249,-5693.5,-10050.799805,1438,278.800018,-10.900001,-3.5,0,0,0,1,1,1,1,0,1,0,0,0,0,0,0,0,0
2026-03-22T00:33:37Z,2678.534,9250,-5693.5,-10050.799805,1438,278.800018,-10.900001,-3.5,0,0,0,1,1,1,1,0,1,0,0,0,0,0,0,0,0
2026-03-22T00:33:37Z,2678.777,9251,-5693.5,-10050.799805,1438,278.800018,-10.900001,-3.5,0,0,0,1,1,1,1,0,1,0,0,0,0,0,0,0,0
2026-03-22T00:33:37Z,2678.992,9252,-5693.600098,-10051,1437.800049,279.300018,-10.5,3.4,0,0,0,1,0,1,1,0,1,0,0,0,0,0,0,0,0
2026-03-22T00:33:37Z,2679.211,9253,-5693.600098,-10051,1437.800049,279.300018,-10.5,3.4,0,0,0,1,0,1,1,0,1,0,0,0,0,0,0,0,0
2026-03-22T00:33:38Z,2679.446,9254,-5693.600098,-10051,1437.800049,279.300018,-10.5,3.4,0,0,0,1,0,1,1,0,1,0,0,0,0,0,0,0,0
2026-03-22T00:33:38Z,2679.667,9255,-5693.600098,-10051,1437.800049,279.300018,-10.5,3.4,0,0,0,1,0,1,1,0,1,0,0,0,0,0,0,0,0
2026-03-22T00:33:38Z,2679.905,9256,-5693.600098,-10051,1437.800049,279.300018,-10.5,3.4,0,0,0,1,0,1,1,0,1,0,0,0,0,0,0,0,0
2026-03-22T00:33:38Z,2680.145,9257,-5693.899902,-10051.200195,1437.5,279.600006,-1.9,11.1,0,0,0,0,0,0,0,0,0,0,0,0,0,0,0,0,0
2026-03-22T00:33:39Z,2680.374,9258,-5693.899902,-10051.200195,1437.5,279.600006,-1.9,11.1,0,0,0,0,0,0,0,0,0,0,0,0,0,0,0,0,0
2026-03-22T00:33:39Z,2680.605,9259,-5693.899902,-10051.200195,1437.5,279.600006,-1.9,11.1,0,0,0,0,0,0,0,0,0,0,0,0,0,0,0,0,0
2026-03-22T00:33:39Z,2680.843,9260,-5693.899902,-10051.100586,1437.5,279.5,-1.7,5.6,0,0,0,0,0,0,0,0,1,0,0,0,0,0,0,0,0
2026-03-22T00:33:39Z,2681.066,9261,-5693.899902,-10051.100586,1437.5,279.5,-1.7,5.6,0,0,0,0,0,0,0,0,1,0,0,0,0,0,0,0,0
2026-03-22T00:33:39Z,2681.289,9262,-5693.899902,-10051.100586,1437.5,279.5,-1.7,5.6,0,0,0,0,0,0,0,0,1,0,0,0,0,0,0,0,0
2026-03-22T00:33:40Z,2681.526,9263,-5693.899902,-10051.100586,1437.5,279.5,-1.7,5.6,0,0,0,0,0,0,0,0,1,0,0,0,0,0,0,0,0
2026-03-22T00:33:40Z,2681.752,9264,-5693.899902,-10051.100586,1437.5,279.5,-1.7,5.6,0,0,0,0,0,0,0,0,1,0,0,0,0,0,0,0,0
2026-03-22T00:33:40Z,2681.989,9265,-5693.899902,-10051.200195,1437.599976,279.200012,-6,7.7,0,0,0,0,0,0,1,0,1,0,0,0,0,0,0,0,0
2026-03-22T00:33:40Z,2682.204,9266,-5693.899902,-10051.200195,1437.599976,279.200012,-6,7.7,0,0,0,0,0,0,1,0,1,0,0,0,0,0,0,0,0
2026-03-22T00:33:41Z,2682.427,9267,-5693.899902,-10051.200195,1437.599976,279.200012,-6,7.7,0,0,0,0,0,0,1,0,1,0,0,0,0,0,0,0,0
2026-03-22T00:33:41Z,2682.650,9268,-5693.899902,-10051.200195,1437.599976,279.200012,-6,7.7,0,0,0,0,0,0,1,0,1,0,0,0,0,0,0,0,0
2026-03-22T00:33:41Z,2682.898,9269,-5693.899902,-10051.100586,1437.700073,279.100006,-5.8,8.2,0,0,0,0,0,0,1,0,1,0,0,0,0,0,0,0,0
2026-03-22T00:33:41Z,2683.116,9270,-5693.899902,-10051.100586,1437.700073,279.100006,-5.8,8.2,0,0,0,0,0,0,1,0,1,0,0,0,0,0,0,0,0
2026-03-22T00:33:42Z,2683.347,9271,-5693.899902,-10051.100586,1437.700073,279.100006,-5.8,8.2,0,0,0,0,0,0,1,0,1,0,0,0,0,0,0,0,0
2026-03-22T00:33:42Z,2683.571,9272,-5693.899902,-10051.100586,1437.700073,279.100006,-5.8,8.2,0,0,0,0,0,0,1,0,1,0,0,0,0,0,0,0,0
2026-03-22T00:33:42Z,2683.811,9273,-5693.899902,-10051.100586,1437.700073,279.100006,-5.8,8.2,0,0,0,0,0,0,1,0,1,0,0,0,0,0,0,0,0
2026-03-22T00:33:42Z,2684.069,9274,-5693.899902,-10051.100586,1437.599976,279.100006,-3,7.6,0,0,0,0,0,0,0,0,1,0,0,0,0,0,0,0,0
2026-03-22T00:33:42Z,2684.298,9275,-5693.899902,-10051.100586,1437.599976,279.100006,-3,7.6,0,0,0,0,0,0,0,0,1,0,0,0,0,0,0,0,0
2026-03-22T00:33:43Z,2684.527,9276,-5693.899902,-10051.100586,1437.599976,279.100006,-3,7.6,0,0,0,0,0,0,0,0,1,0,0,0,0,0,0,0,0
2026-03-22T00:33:43Z,2684.770,9277,-5693.899902,-10051.100586,1437.599976,279.100006,-3,7.6,0,0,0,0,0,0,0,0,1,0,0,0,0,0,0,0,0
2026-03-22T00:33:43Z,2684.996,9278,-5693.899902,-10051.200195,1437.599976,279.100006,-2.6,7.6,0,0,0,0,0,0,0,0,1,0,0,0,0,0,0,0,0
2026-03-22T00:33:43Z,2685.236,9279,-5693.899902,-10051.200195,1437.599976,279.100006,-2.6,7.6,0,0,0,0,0,0,0,0,1,0,0,0,0,0,0,0,0
2026-03-22T00:33:44Z,2685.474,9280,-5693.899902,-10051.200195,1437.599976,279.100006,-2.6,7.6,0,0,0,0,0,0,0,0,1,0,0,0,0,0,0,0,0
2026-03-22T00:33:44Z,2685.719,9281,-5693.899902,-10051.200195,1437.599976,279.100006,-2.6,7.6,0,0,0,0,0,0,0,0,1,0,0,0,0,0,0,0,0
2026-03-22T00:33:44Z,2685.963,9282,-5693.899902,-10051.200195,1437.599976,279,-4.1,7.6,0,0,0,0,0,0,1,0,1,0,0,0,0,0,0,0,0
2026-03-22T00:33:44Z,2686.199,9283,-5693.899902,-10051.200195,1437.599976,279,-4.1,7.6,0,0,0,0,0,0,1,0,1,0,0,0,0,0,0,0,0
2026-03-22T00:33:45Z,2686.415,9284,-5693.899902,-10051.200195,1437.599976,279,-4.1,7.6,0,0,0,0,0,0,1,0,1,0,0,0,0,0,0,0,0
2026-03-22T00:33:45Z,2686.658,9285,-5693.899902,-10051.200195,1437.599976,279,-4.1,7.6,0,0,0,0,0,0,1,0,1,0,0,0,0,0,0,0,0
2026-03-22T00:33:45Z,2686.874,9286,-5693.899902,-10051.200195,1437.599976,278.800018,-5.2,7.6,0,0,0,0,0,0,1,0,1,0,0,0,0,0,0,0,0
2026-03-22T00:33:45Z,2687.088,9287,-5693.899902,-10051.200195,1437.599976,278.800018,-5.2,7.6,0,0,0,0,0,0,1,0,1,0,0,0,0,0,0,0,0
2026-03-22T00:33:46Z,2687.311,9288,-5693.899902,-10051.200195,1437.599976,278.800018,-5.2,7.6,0,0,0,0,0,0,1,0,1,0,0,0,0,0,0,0,0
2026-03-22T00:33:46Z,2687.555,9289,-5693.899902,-10051.200195,1437.599976,278.800018,-5.2,7.6,0,0,0,0,0,0,1,0,1,0,0,0,0,0,0,0,0
2026-03-22T00:33:46Z,2687.798,9290,-5693.899902,-10051.200195,1437.599976,278.800018,-5.2,7.6,0,0,0,0,0,0,1,0,1,0,0,0,0,0,0,0,0
2026-03-22T00:33:46Z,2688.019,9291,-5693.800293,-10051.200195,1437.599976,278.800018,-4.6,7.7,0,0,0,0,0,0,1,0,1,0,0,0,0,0,0,0,0
2026-03-22T00:33:46Z,2688.244,9292,-5693.800293,-10051.200195,1437.599976,278.800018,-4.6,7.7,0,0,0,0,0,0,1,0,1,0,0,0,0,0,0,0,0
2026-03-22T00:33:47Z,2688.486,9293,-5693.800293,-10051.200195,1437.599976,278.800018,-4.6,7.7,0,0,0,0,0,0,1,0,1,0,0,0,0,0,0,0,0
2026-03-22T00:33:47Z,2688.720,9294,-5693.800293,-10051.200195,1437.599976,278.800018,-4.6,7.7,0,0,0,0,0,0,1,0,1,0,0,0,0,0,0,0,0
2026-03-22T00:33:47Z,2688.947,9295,-5693.800293,-10051.200195,1437.599976,278.800018,-4.6,7.7,0,0,0,0,0,0,1,0,1,0,0,0,0,0,0,0,0
2026-03-22T00:33:47Z,2689.186,9296,-5693.5,-10051.200195,1437.599976,278.300018,-4.9,7.7,0,0,0,0,0,0,1,0,1,0,0,0,0,0,0,0,0
2026-03-22T00:33:48Z,2689.429,9297,-5693.5,-10051.200195,1437.599976,278.300018,-4.9,7.7,0,0,0,0,0,0,1,0,1,0,0,0,0,0,0,0,0
2026-03-22T00:33:48Z,2689.656,9298,-5693.5,-10051.200195,1437.599976,278.300018,-4.9,7.7,0,0,0,0,0,0,1,0,1,0,0,0,0,0,0,0,0
2026-03-22T00:33:48Z,2689.876,9299,-5693.100098,-10051.299805,1437.700073,277.600006,-5.3,7.7,0,0,1,0,0,0,1,0,1,0,0,0,0,0,0,0,0
2026-03-22T00:33:48Z,2690.088,9300,-5693.100098,-10051.299805,1437.700073,277.600006,-5.3,7.7,0,0,1,0,0,0,1,0,1,0,0,0,0,0,0,0,0
2026-03-22T00:33:49Z,2690.315,9301,-5693.100098,-10051.299805,1437.700073,277.600006,-5.3,7.7,0,0,1,0,0,0,1,0,1,0,0,0,0,0,0,0,0
2026-03-22T00:33:49Z,2690.548,9302,-5693.100098,-10051.299805,1437.700073,277.600006,-5.3,7.7,0,0,1,0,0,0,1,0,1,0,0,0,0,0,0,0,0
2026-03-22T00:33:49Z,2690.789,9303,-5693.100098,-10051.299805,1437.700073,277.600006,-5.3,7.7,0,0,1,0,0,0,1,0,1,0,0,0,0,0,0,0,0
2026-03-22T00:33:49Z,2691.024,9304,-5692.600098,-10051.400391,1437.700073,276.899994,-4.9,7.7,0,0,1,1,0,0,1,0,0,0,0,0,0,0,0,0,0
2026-03-22T00:33:49Z,2691.238,9305,-5692.600098,-10051.400391,1437.700073,276.899994,-4.9,7.7,0,0,1,1,0,0,1,0,0,0,0,0,0,0,0,0,0
2026-03-22T00:33:50Z,2691.453,9306,-5692.600098,-10051.400391,1437.700073,276.899994,-4.9,7.7,0,0,1,1,0,0,1,0,0,0,0,0,0,0,0,0,0
2026-03-22T00:33:50Z,2691.696,9307,-5692.600098,-10051.400391,1437.700073,276.899994,-4.9,7.7,0,0,1,1,0,0,1,0,0,0,0,0,0,0,0,0,0
2026-03-22T00:33:50Z,2691.939,9308,-5692,-10051.5,1437.800049,276.100006,-4.6,7.6,0,0,1,1,0,0,1,0,0,0,0,0,0,0,0,0,0
2026-03-22T00:33:50Z,2692.156,9309,-5692,-10051.5,1437.800049,276.100006,-4.6,7.6,0,0,1,1,0,0,1,0,0,0,0,0,0,0,0,0,0
2026-03-22T00:33:51Z,2692.368,9310,-5692,-10051.5,1437.800049,276.100006,-4.6,7.6,0,0,1,1,0,0,1,0,0,0,0,0,0,0,0,0,0
2026-03-22T00:33:51Z,2692.581,9311,-5692,-10051.5,1437.800049,276.100006,-4.6,7.6,0,0,1,1,0,0,1,0,0,0,0,0,0,0,0,0,0
2026-03-22T00:33:51Z,2692.813,9312,-5692,-10051.5,1437.800049,276.100006,-4.6,7.6,0,0,1,1,0,0,1,0,0,0,0,0,0,0,0,0,0
2026-03-22T00:33:51Z,2693.049,9313,-5691.300293,-10051.5,1437.800049,275.100006,-4.6,7.3,0,0,1,1,0,0,1,0,0,0,1,0,0,0,0,0,0
2026-03-22T00:33:51Z,2693.261,9314,-5691.300293,-10051.5,1437.800049,275.100006,-4.6,7.3,0,0,1,1,0,0,1,0,0,0,1,0,0,0,0,0,0
2026-03-22T00:33:52Z,2693.506,9315,-5691.300293,-10051.5,1437.800049,275.100006,-4.6,7.3,0,0,1,1,0,0,1,0,0,0,1,0,0,0,0,0,0
2026-03-22T00:33:57Z,2693.736,9316,-5691.300293,-10051.5,1437.800049,275.100006,-4.6,7.3,0,0,1,1,0,0,1,0,0,0,1,0,0,0,0,0,0
2026-03-22T00:33:57Z,2698.995,9317,-5688.800293,-10051.700195,1438,278,-4.6,6.9,0,0,1,1,1,0,0,0,0,0,0,0,0,0,0,0,1
2026-03-22T00:33:57Z,2699.226,9318,-5688.800293,-10051.700195,1438,278,-4.6,6.9,0,0,1,1,1,0,0,0,0,0,0,0,0,0,0,0,1
2026-03-22T00:33:58Z,2699.465,9319,-5688.800293,-10051.700195,1438,278,-4.6,6.9,0,0,1,1,1,0,0,0,0,0,0,0,0,0,0,0,1
2026-03-22T00:33:58Z,2699.707,9320,-5688.800293,-10051.700195,1438,278,-4.6,6.9,0,0,1,1,1,0,0,0,0,0,0,0,0,0,0,0,1
2026-03-22T00:33:58Z,2699.946,9321,-5688.800293,-10051.700195,1438,278.100006,-3.5,6.9,0,0,1,1,1,0,0,0,0,0,1,0,0,0,0,0,1
2026-03-22T00:33:58Z,2700.164,9322,-5688.800293,-10051.700195,1438,278.100006,-3.5,6.9,0,0,1,1,1,0,0,0,0,0,1,0,0,0,0,0,1
2026-03-22T00:33:59Z,2700.409,9323,-5688.800293,-10051.700195,1438,278.100006,-3.5,6.9,0,0,1,1,1,0,0,0,0,0,1,0,0,0,0,0,1
2026-03-22T00:33:59Z,2700.644,9324,-5688.800293,-10051.700195,1438,278.100006,-3.5,6.9,0,0,1,1,1,0,0,0,0,0,1,0,0,0,0,0,1
2026-03-22T00:33:59Z,2700.870,9325,-5688.800293,-10051.700195,1438,278.300018,-3.9,6.9,0,0,1,1,1,0,0,0,0,0,1,0,0,0,0,0,1
2026-03-22T00:33:59Z,2701.088,9326,-5688.800293,-10051.700195,1438,278.300018,-3.9,6.9,0,0,1,1,1,0,0,0,0,0,1,0,0,0,0,0,1
2026-03-22T00:34:00Z,2701.317,9327,-5688.800293,-10051.700195,1438,278.300018,-3.9,6.9,0,0,1,1,1,0,0,0,0,0,1,0,0,0,0,0,1
2026-03-22T00:34:00Z,2701.547,9328,-5688.800293,-10051.700195,1438,278.300018,-3.9,6.9,0,0,1,1,1,0,0,0,0,0,1,0,0,0,0,0,1
2026-03-22T00:34:00Z,2701.778,9329,-5688.800293,-10051.700195,1438,278.300018,-3.9,6.9,0,0,1,1,1,0,0,0,0,0,1,0,0,0,0,0,1
2026-03-22T00:34:00Z,2702.010,9330,-5688.899902,-10051.700195,1438,278.800018,-4.1,6.8,0,0,1,1,1,0,0,0,0,0,1,0,0,0,0,0,1
2026-03-22T00:34:00Z,2702.244,9331,-5688.899902,-10051.700195,1438,278.800018,-4.1,6.8,0,0,1,1,1,0,0,0,0,0,1,0,0,0,0,0,1
2026-03-22T00:34:01Z,2702.459,9332,-5688.899902,-10051.700195,1438,278.800018,-4.1,6.8,0,0,1,1,1,0,0,0,0,0,1,0,0,0,0,0,1
2026-03-22T00:34:01Z,2702.699,9333,-5688.899902,-10051.700195,1438,278.800018,-4.1,6.8,0,0,1,1,1,0,0,0,0,0,1,0,0,0,0,0,1
2026-03-22T00:34:01Z,2702.913,9334,-5689,-10051.600586,1438,279.899994,-3.9,6.8,0,0,1,1,1,0,0,0,0,0,1,0,0,0,0,0,1
2026-03-22T00:34:01Z,2703.126,9335,-5689,-10051.600586,1438,279.899994,-3.9,6.8,0,0,1,1,1,0,0,0,0,0,1,0,0,0,0,0,1
2026-03-22T00:34:02Z,2703.337,9336,-5689,-10051.600586,1438,279.899994,-3.9,6.8,0,0,1,1,1,0,0,0,0,0,1,0,0,0,0,0,1
2026-03-22T00:34:02Z,2703.555,9337,-5689,-10051.600586,1438,279.899994,-3.9,6.8,0,0,1,1,1,0,0,0,0,0,1,0,0,0,0,0,1
2026-03-22T00:34:02Z,2703.768,9338,-5689,-10051.600586,1438,279.899994,-3.9,6.8,0,0,1,1,1,0,0,0,0,0,1,0,0,0,0,0,1
2026-03-22T00:34:02Z,2703.987,9339,-5689,-10051.600586,1438,281.200012,-4.2,6.6,0,0,1,1,1,0,0,0,0,0,1,0,0,0,0,0,1
2026-03-22T00:34:02Z,2704.198,9340,-5689,-10051.600586,1438,281.200012,-4.2,6.6,0,0,1,1,1,0,0,0,0,0,1,0,0,0,0,0,1
2026-03-22T00:34:03Z,2704.434,9341,-5689,-10051.600586,1438,281.200012,-4.2,6.6,0,0,1,1,1,0,0,0,0,0,1,0,0,0,0,0,1
2026-03-22T00:34:03Z,2704.663,9342,-5689,-10051.600586,1438,281.200012,-4.2,6.6,0,0,1,1,1,0,0,0,0,0,1,0,0,0,0,0,1
2026-03-22T00:34:03Z,2704.886,9343,-5689.200195,-10051.5,1437.900024,282.800018,-4.5,6.5,0,0,1,1,1,1,0,0,0,0,1,0,0,0,0,0,1
2026-03-22T00:34:03Z,2705.117,9344,-5689.200195,-10051.5,1437.900024,282.800018,-4.5,6.5,0,0,1,1,1,1,0,0,0,0,1,0,0,0,0,0,1
2026-03-22T00:34:04Z,2705.419,9345,-5689.200195,-10051.5,1437.900024,282.800018,-4.5,6.5,0,0,1,1,1,1,0,0,0,0,1,0,0,0,0,0,1
2026-03-22T00:34:04Z,2705.639,9346,-5689.200195,-10051.5,1437.900024,282.800018,-4.5,6.5,0,0,1,1,1,1,0,0,0,0,1,0,0,0,0,0,1
2026-03-22T00:34:04Z,2705.873,9347,-5689.200195,-10051.5,1437.900024,282.800018,-4.5,6.5,0,0,1,1,1,1,0,0,0,0,1,0,0,0,0,0,1
2026-03-22T00:34:04Z,2706.115,9348,-5689.300293,-10051.400391,1437.900024,284.600006,-4.5,6.3,0,0,1,1,1,1,0,0,0,0,1,0,0,0,0,0,1
2026-03-22T00:34:05Z,2706.330,9349,-5689.300293,-10051.400391,1437.900024,284.600006,-4.5,6.3,0,0,1,1,1,1,0,0,0,0,1,0,0,0,0,0,1
2026-03-22T00:34:05Z,2706.546,9350,-5689.300293,-10051.400391,1437.900024,284.600006,-4.5,6.3,0,0,1,1,1,1,0,0,0,0,1,0,0,0,0,0,1
2026-03-22T00:34:05Z,2706.783,9351,-5689.300293,-10051.400391,1437.900024,284.600006,-4.5,6.3,0,0,1,1,1,1,0,0,0,0,1,0,0,0,0,0,1
2026-03-22T00:34:05Z,2707.020,9352,-5689.5,-10051.299805,1437.900024,287,-4.8,6,0,0,0,1,1,1,0,0,0,0,1,0,0,0,1,0,1
2026-03-22T00:34:05Z,2707.262,9353,-5689.5,-10051.299805,1437.900024,287,-4.8,6,0,0,0,1,1,1,0,0,0,0,1,0,0,0,1,0,1
2026-03-22T00:34:06Z,2707.484,9354,-5689.5,-10051.299805,1437.900024,287,-4.8,6,0,0,0,1,1,1,0,0,0,0,1,0,0,0,1,0,1
2026-03-22T00:34:06Z,2707.718,9355,-5689.5,-10051.299805,1437.900024,287,-4.8,6,0,0,0,1,1,1,0,0,0,0,1,0,0,0,1,0,1
2026-03-22T00:34:06Z,2707.961,9356,-5689.5,-10051.299805,1437.900024,287,-4.8,6,0,0,0,1,1,1,0,0,0,0,1,0,0,0,1,0,1
2026-03-22T00:34:06Z,2708.231,9357,-5689.700195,-10051.200195,1437.900024,289.100006,-5.1,5.8,0,0,0,1,1,1,1,0,0,0,1,0,0,0,1,0,1
2026-03-22T00:34:07Z,2708.558,9358,-5689.700195,-10051.200195,1437.900024,289.100006,-5.1,5.8,0,0,0,1,1,1,1,0,0,0,1,0,0,0,1,0,1
2026-03-22T00:34:07Z,2708.878,9359,-5689.899902,-10051.100586,1437.800049,291.300018,-5.3,5.5,0,0,0,1,0,1,1,0,0,0,1,1,0,1,1,0,1
2026-03-22T00:34:07Z,2709.091,9360,-5689.899902,-10051.100586,1437.800049,291.300018,-5.3,5.5,0,0,0,1,0,1,1,0,0,0,1,1,0,1,1,0,1
2026-03-22T00:34:08Z,2709.302,9361,-5689.899902,-10051.100586,1437.800049,291.300018,-5.3,5.5,0,0,0,1,0,1,1,0,0,0,1,1,0,1,1,0,1
2026-03-22T00:34:08Z,2709.534,9362,-5689.899902,-10051.100586,1437.800049,291.300018,-5.3,5.5,0,0,0,1,0,1,1,0,0,0,1,1,0,1,1,0,1
2026-03-22T00:34:08Z,2709.755,9363,-5689.899902,-10051.100586,1437.800049,291.300018,-5.3,5.5,0,0,0,1,0,1,1,0,0,0,1,1,0,1,1,0,1
2026-03-22T00:34:08Z,2709.987,9364,-5690.200195,-10050.900391,1437.800049,293.899994,-5.6,5.3,0,0,0,1,0,0,1,0,0,0,1,1,0,0,1,0,1
2026-03-22T00:34:08Z,2710.205,9365,-5690.200195,-10050.900391,1437.800049,293.899994,-5.6,5.3,0,0,0,1,0,0,1,0,0,0,1,1,0,0,1,0,1
2026-03-22T00:34:09Z,2710.425,9366,-5690.200195,-10050.900391,1437.800049,293.899994,-5.6,5.3,0,0,0,1,0,0,1,0,0,0,1,1,0,0,1,0,1
2026-03-22T00:34:09Z,2710.655,9367,-5690.200195,-10050.900391,1437.800049,293.899994,-5.6,5.3,0,0,0,1,0,0,1,0,0,0,1,1,0,0,1,0,1
2026-03-22T00:34:09Z,2711.102,9368,-5690.600098,-10050.600586,1437.700073,296.899994,-5.8,5,0,0,0,1,1,0,1,0,0,0,0,0,0,0,1,0,1
2026-03-22T00:34:10Z,2711.374,9369,-5690.600098,-10050.600586,1437.700073,296.899994,-5.8,5,0,0,0,1,1,0,1,0,0,0,0,0,0,0,1,0,1
2026-03-22T00:34:10Z,2711.727,9370,-5690.600098,-10050.600586,1437.700073,296.899994,-5.8,5,0,0,0,1,1,0,1,0,0,0,0,0,0,0,1,0,1
2026-03-22T00:34:10Z,2711.944,9371,-5690.600098,-10050.600586,1437.700073,296.899994,-5.8,5,0,0,0,1,1,0,1,0,0,0,0,0,0,0,1,0,1
2026-03-22T00:34:10Z,2712.209,9372,-5690.899902,-10050.400391,1437.700073,300.200012,-6.1,4.6,0,0,1,1,1,0,1,0,0,0,0,0,0,0,1,1,1
2026-03-22T00:34:11Z,2712.444,9373,-5690.899902,-10050.400391,1437.700073,300.200012,-6.1,4.6,0,0,1,1,1,0,1,0,0,0,0,0,0,0,1,1,1
2026-03-22T00:34:11Z,2712.681,9374,-5690.899902,-10050.400391,1437.700073,300.200012,-6.1,4.6,0,0,1,1,1,0,1,0,0,0,0,0,0,0,1,1,1
2026-03-22T00:34:11Z,2712.925,9375,-5691.399902,-10050,1437.599976,305,-6.7,3.9,0,1,1,1,1,1,1,0,0,0,0,0,0,1,0,1,1
2026-03-22T00:34:11Z,2713.165,9376,-5691.399902,-10050,1437.599976,305,-6.7,3.9,0,1,1,1,1,1,1,0,0,0,0,0,0,1,0,1,1
2026-03-22T00:34:12Z,2713.383,9377,-5691.399902,-10050,1437.599976,305,-6.7,3.9,0,1,1,1,1,1,1,0,0,0,0,0,0,1,0,1,1
2026-03-22T00:34:12Z,2713.623,9378,-5691.399902,-10050,1437.599976,305,-6.7,3.9,0,1,1,1,1,1,1,0,0,0,0,0,0,1,0,1,1
2026-03-22T00:34:12Z,2713.860,9379,-5691.399902,-10050,1437.599976,305,-6.7,3.9,0,1,1,1,1,1,1,0,0,0,0,0,0,1,0,1,1
2026-03-22T00:34:12Z,2714.119,9380,-5691.700195,-10049.5,1437.5,312,-7.5,2.5,0,1,1,1,0,1,1,0,0,0,0,0,0,1,1,0,1
2026-03-22T00:34:13Z,2714.338,9381,-5691.700195,-10049.5,1437.5,312,-7.5,2.5,0,1,1,1,0,1,1,0,0,0,0,0,0,1,1,0,1
2026-03-22T00:34:13Z,2714.572,9382,-5691.700195,-10049.5,1437.5,312,-7.5,2.5,0,1,1,1,0,1,1,0,0,0,0,0,0,1,1,0,1
2026-03-22T00:34:13Z,2714.802,9383,-5691.700195,-10049.5,1437.5,312,-7.5,2.5,0,1,1,1,0,1,1,0,0,0,0,0,0,1,1,0,1
2026-03-22T00:34:13Z,2715.069,9384,-5691.899902,-10049.100586,1437.5,320.399994,-7.6,1,0,1,1,0,0,1,0,0,0,0,0,0,0,1,0,0,0
2026-03-22T00:34:13Z,2715.298,9385,-5691.899902,-10049.100586,1437.5,320.399994,-7.6,1,0,1,1,0,0,1,0,0,0,0,0,0,0,1,0,0,0
2026-03-22T00:34:14Z,2715.521,9386,-5691.899902,-10049.100586,1437.5,320.399994,-7.6,1,0,1,1,0,0,1,0,0,0,0,0,0,0,1,0,0,0
2026-03-22T00:34:14Z,2715.737,9387,-5691.899902,-10049.100586,1437.5,320.399994,-7.6,1,0,1,1,0,0,1,0,0,0,0,0,0,0,1,0,0,0
2026-03-22T00:34:14Z,2715.975,9388,-5692,-10049.100586,1437.400024,320.200012,-8.3,5.4,0,1,1,0,0,1,0,0,0,0,0,0,0,1,0,0,0
2026-03-22T00:34:14Z,2716.194,9389,-5692,-10049.100586,1437.400024,320.200012,-8.3,5.4,0,1,1,0,0,1,0,0,0,0,0,0,0,1,0,0,0
2026-03-22T00:34:15Z,2716.437,9390,-5692,-10049.100586,1437.400024,320.200012,-8.3,5.4,0,1,1,0,0,1,0,0,0,0,0,0,0,1,0,0,0
2026-03-22T00:34:15Z,2716.656,9391,-5692,-10049.100586,1437.400024,320.200012,-8.3,5.4,0,1,1,0,0,1,0,0,0,0,0,0,0,1,0,0,0
2026-03-22T00:34:15Z,2716.887,9392,-5692,-10049.100586,1437.400024,320.100006,-7.6,4,0,1,1,0,0,1,0,0,0,1,0,0,0,1,0,0,0
2026-03-22T00:34:15Z,2717.100,9393,-5692,-10049.100586,1437.400024,320.100006,-7.6,4,0,1,1,0,0,1,0,0,0,1,0,0,0,1,0,0,0
2026-03-22T00:34:16Z,2717.317,9394,-5692,-10049.100586,1437.400024,320.100006,-7.6,4,0,1,1,0,0,1,0,0,0,1,0,0,0,1,0,0,0
2026-03-22T00:34:16Z,2717.562,9395,-5692,-10049.100586,1437.400024,320.100006,-7.6,4,0,1,1,0,0,1,0,0,0,1,0,0,0,1,0,0,0
2026-03-22T00:34:16Z,2717.801,9396,-5692,-10049.100586,1437.400024,320.100006,-7.6,4,0,1,1,0,0,1,0,0,0,1,0,0,0,1,0,0,0
2026-03-22T00:34:16Z,2718.037,9397,-5692,-10049.100586,1437.400024,319.899994,-9.1,3.7,0,1,1,0,0,1,1,0,0,1,0,0,0,1,0,0,0
2026-03-22T00:34:16Z,2718.275,9398,-5692,-10049.100586,1437.400024,319.899994,-9.1,3.7,0,1,1,0,0,1,1,0,0,1,0,0,0,1,0,0,0
2026-03-22T00:34:17Z,2718.490,9399,-5692,-10049.100586,1437.400024,319.899994,-9.1,3.7,0,1,1,0,0,1,1,0,0,1,0,0,0,1,0,0,0
2026-03-22T00:34:17Z,2718.726,9400,-5692,-10049.100586,1437.400024,319.899994,-9.1,3.7,0,1,1,0,0,1,1,0,0,1,0,0,0,1,0,0,0
2026-03-22T00:34:17Z,2718.970,9401,-5692,-10049.100586,1437.400024,319.800018,-8.400001,3.9,0,1,1,0,0,1,0,0,0,1,0,0,0,1,0,0,0
2026-03-22T00:34:17Z,2719.185,9402,-5692,-10049.100586,1437.400024,319.800018,-8.400001,3.9,0,1,1,0,0,1,0,0,0,1,0,0,0,1,0,0,0
2026-03-22T00:34:18Z,2719.425,9403,-5692,-10049.100586,1437.400024,319.800018,-8.400001,3.9,0,1,1,0,0,1,0,0,0,1,0,0,0,1,0,0,0
2026-03-22T00:34:18Z,2719.642,9404,-5692,-10049.100586,1437.400024,319.800018,-8.400001,3.9,0,1,1,0,0,1,0,0,0,1,0,0,0,1,0,0,0
2026-03-22T00:34:18Z,2719.857,9405,-5692,-10049.100586,1437.400024,319.700012,-8.6,3.9,0,1,1,0,0,1,1,0,0,1,0,0,0,1,0,0,0
2026-03-22T00:34:18Z,2720.114,9406,-5692,-10049.100586,1437.400024,319.700012,-8.6,3.9,0,1,1,0,0,1,1,0,0,1,0,0,0,1,0,0,0
2026-03-22T00:34:19Z,2720.330,9407,-5692,-10049.100586,1437.400024,319.700012,-8.6,3.9,0,1,1,0,0,1,1,0,0,1,0,0,0,1,0,0,0
2026-03-22T00:34:19Z,2720.557,9408,-5692,-10049.100586,1437.400024,319.700012,-8.6,3.9,0,1,1,0,0,1,1,0,0,1,0,0,0,1,0,0,0
2026-03-22T00:34:19Z,2720.794,9409,-5692,-10049.100586,1437.400024,319.700012,-8.6,3.9,0,1,1,0,0,1,1,0,0,1,0,0,0,1,0,0,0
2026-03-22T00:34:19Z,2721.036,9410,-5692,-10049.100586,1437.400024,319.600006,-8.8,3.8,0,1,1,0,0,1,1,0,0,1,0,0,0,1,0,0,0
2026-03-22T00:34:19Z,2721.266,9411,-5692,-10049.100586,1437.400024,319.600006,-8.8,3.8,0,1,1,0,0,1,1,0,0,1,0,0,0,1,0,0,0
2026-03-22T00:34:20Z,2721.508,9412,-5692,-10049.100586,1437.400024,319.600006,-8.8,3.8,0,1,1,0,0,1,1,0,0,1,0,0,0,1,0,0,0
2026-03-22T00:34:20Z,2721.755,9413,-5692,-10049.100586,1437.400024,319.600006,-8.8,3.8,0,1,1,0,0,1,1,0,0,1,0,0,0,1,0,0,0
2026-03-22T00:34:20Z,2721.978,9414,-5691.800293,-10049.200195,1437.400024,319.300018,-10.7,2.4,0,1,1,0,0,1,1,0,0,1,0,0,0,1,0,0,0
2026-03-22T00:34:20Z,2722.192,9415,-5691.800293,-10049.200195,1437.400024,319.300018,-10.7,2.4,0,1,1,0,0,1,1,0,0,1,0,0,0,1,0,0,0
2026-03-22T00:34:21Z,2722.409,9416,-5691.800293,-10049.200195,1437.400024,319.300018,-10.7,2.4,0,1,1,0,0,1,1,0,0,1,0,0,0,1,0,0,0
2026-03-22T00:34:21Z,2722.648,9417,-5691.800293,-10049.200195,1437.400024,319.300018,-10.7,2.4,0,1,1,0,0,1,1,0,0,1,0,0,0,1,0,0,0
2026-03-22T00:34:21Z,2722.893,9418,-5691.5,-10049.5,1437.5,319.899994,-8.3,1.6,0,1,1,1,0,1,1,0,0,0,0,0,0,1,1,0,0
2026-03-22T00:34:21Z,2723.107,9419,-5691.5,-10049.5,1437.5,319.899994,-8.3,1.6,0,1,1,1,0,1,1,0,0,0,0,0,0,1,1,0,0
2026-03-22T00:34:22Z,2723.322,9420,-5691.5,-10049.5,1437.5,319.899994,-8.3,1.6,0,1,1,1,0,1,1,0,0,0,0,0,0,1,1,0,0
2026-03-22T00:34:22Z,2723.545,9421,-5691.5,-10049.5,1437.5,319.899994,-8.3,1.6,0,1,1,1,0,1,1,0,0,0,0,0,0,1,1,0,0
2026-03-22T00:34:22Z,2723.794,9422,-5691.5,-10049.5,1437.5,319.899994,-8.3,1.6,0,1,1,1,0,1,1,0,0,0,0,0,0,1,1,0,0
2026-03-22T00:34:22Z,2724.023,9423,-5691.100098,-10050,1437.599976,320.800018,-8,2,0,1,1,1,0,1,1,0,0,0,0,0,0,0,1,0,0
2026-03-22T00:34:22Z,2724.255,9424,-5691.100098,-10050,1437.599976,320.800018,-8,2,0,1,1,1,0,1,1,0,0,0,0,0,0,0,1,0,0
2026-03-22T00:34:23Z,2724.485,9425,-5691.100098,-10050,1437.599976,320.800018,-8,2,0,1,1,1,0,1,1,0,0,0,0,0,0,0,1,0,0
2026-03-22T00:34:23Z,2724.809,9426,-5691.100098,-10050,1437.599976,320.800018,-8,2,0,1,1,1,0,1,1,0,0,0,0,0,0,0,1,0,0
2026-03-22T00:34:23Z,2725.029,9427,-5690.600098,-10050.600586,1437.700073,322,-9.2,2.3,0,1,1,0,0,1,1,0,0,0,0,0,0,0,1,0,0
2026-03-22T00:34:24Z,2725.296,9428,-5690.600098,-10050.600586,1437.700073,322,-9.2,2.3,0,1,1,0,0,1,1,0,0,0,0,0,0,0,1,0,0
2026-03-22T00:34:24Z,2725.643,9429,-5690.600098,-10050.600586,1437.700073,322,-9.2,2.3,0,1,1,0,0,1,1,0,0,0,0,0,0,0,1,0,0
2026-03-22T00:34:24Z,2726.006,9430,-5690.100098,-10051.299805,1437.800049,323.399994,-8.400001,1.9,0,1,1,0,0,1,1,0,0,0,0,0,0,0,0,0,0
2026-03-22T00:34:24Z,2726.255,9431,-5690.100098,-10051.299805,1437.800049,323.399994,-8.400001,1.9,0,1,1,0,0,1,1,0,0,0,0,0,0,0,0,0,0
2026-03-22T00:34:25Z,2726.483,9432,-5690.100098,-10051.299805,1437.800049,323.399994,-8.400001,1.9,0,1,1,0,0,1,1,0,0,0,0,0,0,0,0,0,0
2026-03-22T00:34:25Z,2726.702,9433,-5690.100098,-10051.299805,1437.800049,323.399994,-8.400001,1.9,0,1,1,0,0,1,1,0,0,0,0,0,0,0,0,0,0
2026-03-22T00:34:25Z,2726.936,9434,-5689.399902,-10052.100586,1438,324.899994,-8.1,1.6,0,1,1,0,0,1,0,0,0,0,0,0,0,0,0,0,0
2026-03-22T00:34:25Z,2727.151,9435,-5689.399902,-10052.100586,1438,324.899994,-8.1,1.6,0,1,1,0,0,1,0,0,0,0,0,0,0,0,0,0,0
2026-03-22T00:34:26Z,2727.390,9436,-5689.399902,-10052.100586,1438,324.899994,-8.1,1.6,0,1,1,0,0,1,0,0,0,0,0,0,0,0,0,0,0
2026-03-22T00:34:26Z,2727.622,9437,-5689.399902,-10052.100586,1438,324.899994,-8.1,1.6,0,1,1,0,0,1,0,0,0,0,0,0,0,0,0,0,0
2026-03-22T00:34:26Z,2727.848,9438,-5688.700195,-10053.100586,1438.200073,326.600006,-8.2,1.6,0,1,0,0,0,0,0,0,0,0,0,0,0,0,0,0,0
2026-03-22T00:34:26Z,2728.061,9439,-5688.700195,-10053.100586,1438.200073,326.600006,-8.2,1.6,0,1,0,0,0,0,0,0,0,0,0,0,0,0,0,0,0
2026-03-22T00:34:26Z,2728.281,9440,-5688.700195,-10053.100586,1438.200073,326.600006,-8.2,1.6,0,1,0,0,0,0,0,0,0,0,0,0,0,0,0,0,0
2026-03-22T00:34:27Z,2728.511,9441,-5688.700195,-10053.100586,1438.200073,326.600006,-8.2,1.6,0,1,0,0,0,0,0,0,0,0,0,0,0,0,0,0,0
2026-03-22T00:34:27Z,2728.745,9442,-5688.700195,-10053.100586,1438.200073,326.600006,-8.2,1.6,0,1,0,0,0,0,0,0,0,0,0,0,0,0,0,0,0
2026-03-22T00:34:32Z,2728.990,9443,-5688,-10054.100586,1438.300049,327,-7.9,2.1,0,0,0,0,0,0,0,0,0,0,0,0,0,0,0,0,0
2026-03-22T00:34:32Z,2734.216,9444,-5686.399902,-10056.600586,1438.800049,328.700012,-7.1,2.9,0,0,0,0,0,0,0,0,0,0,1,1,0,1,0,0,0
2026-03-22T00:34:33Z,2734.445,9445,-5686.399902,-10056.600586,1438.800049,328.700012,-7.1,2.9,0,0,0,0,0,0,0,0,0,0,1,1,0,1,0,0,0
2026-03-22T00:34:33Z,2734.678,9446,-5686.399902,-10056.600586,1438.800049,328.700012,-7.1,2.9,0,0,0,0,0,0,0,0,0,0,1,1,0,1,0,0,0
2026-03-22T00:34:33Z,2734.917,9447,-5686.399902,-10056.600586,1438.700073,328.700012,-6.7,2.7,0,0,0,0,0,0,0,0,0,0,1,1,0,0,0,0,0
2026-03-22T00:34:33Z,2735.139,9448,-5686.399902,-10056.600586,1438.700073,328.700012,-6.7,2.7,0,0,0,0,0,0,0,0,0,0,1,1,0,0,0,0,0
2026-03-22T00:34:34Z,2735.356,9449,-5686.399902,-10056.600586,1438.700073,328.700012,-6.7,2.7,0,0,0,0,0,0,0,0,0,0,1,1,0,0,0,0,0
2026-03-22T00:34:34Z,2735.605,9450,-5686.399902,-10056.600586,1438.700073,328.700012,-6.7,2.7,0,0,0,0,0,0,0,0,0,0,1,1,0,0,0,0,0
2026-03-22T00:34:34Z,2735.846,9451,-5686.399902,-10056.600586,1438.700073,328.700012,-6.7,2.7,0,0,0,0,0,0,0,0,0,0,1,1,0,0,0,0,0
2026-03-22T00:34:34Z,2736.074,9452,-5686.399902,-10056.5,1438.700073,328.800018,-7,2.7,0,0,0,0,0,0,0,0,0,0,1,1,0,1,0,0,0
2026-03-22T00:34:35Z,2736.294,9453,-5686.399902,-10056.5,1438.700073,328.800018,-7,2.7,0,0,0,0,0,0,0,0,0,0,1,1,0,1,0,0,0
2026-03-22T00:34:35Z,2736.533,9454,-5686.399902,-10056.5,1438.700073,328.800018,-7,2.7,0,0,0,0,0,0,0,0,0,0,1,1,0,1,0,0,0
2026-03-22T00:34:35Z,2736.766,9455,-5686.399902,-10056.5,1438.700073,328.800018,-7,2.7,0,0,0,0,0,0,0,0,0,0,1,1,0,1,0,0,0
2026-03-22T00:34:35Z,2737.002,9456,-5686.5,-10056.400391,1438.700073,328.899994,-6.6,2.5,0,0,0,0,0,0,0,0,0,0,1,1,0,0,0,0,0
2026-03-22T00:34:35Z,2737.218,9457,-5686.5,-10056.400391,1438.700073,328.899994,-6.6,2.5,0,0,0,0,0,0,0,0,0,0,1,1,0,0,0,0,0
2026-03-22T00:34:36Z,2737.435,9458,-5686.5,-10056.400391,1438.700073,328.899994,-6.6,2.5,0,0,0,0,0,0,0,0,0,0,1,1,0,0,0,0,0
2026-03-22T00:34:36Z,2737.658,9459,-5686.5,-10056.400391,1438.700073,328.899994,-6.6,2.5,0,0,0,0,0,0,0,0,0,0,1,1,0,0,0,0,0
2026-03-22T00:34:36Z,2737.897,9460,-5686.600098,-10056.200195,1438.700073,329,-6.7,2.2,0,0,0,0,0,0,0,0,0,0,1,1,0,0,0,0,0
2026-03-22T00:34:36Z,2738.134,9461,-5686.600098,-10056.200195,1438.700073,329,-6.7,2.2,0,0,0,0,0,0,0,0,0,0,1,1,0,0,0,0,0
2026-03-22T00:34:37Z,2738.397,9462,-5686.600098,-10056.200195,1438.700073,329,-6.7,2.2,0,0,0,0,0,0,0,0,0,0,1,1,0,0,0,0,0
2026-03-22T00:34:37Z,2738.625,9463,-5686.600098,-10056.200195,1438.700073,329,-6.7,2.2,0,0,0,0,0,0,0,0,0,0,1,1,0,0,0,0,0
2026-03-22T00:34:37Z,2738.866,9464,-5686.800293,-10055.900391,1438.599976,329.300018,-6.5,1.7,0,0,0,0,0,0,0,0,0,0,0,0,0,0,0,0,0
2026-03-22T00:34:37Z,2739.101,9465,-5686.800293,-10055.900391,1438.599976,329.300018,-6.5,1.7,0,0,0,0,0,0,0,0,0,0,0,0,0,0,0,0,0
2026-03-22T00:34:38Z,2739.333,9466,-5686.800293,-10055.900391,1438.599976,329.300018,-6.5,1.7,0,0,0,0,0,0,0,0,0,0,0,0,0,0,0,0,0
2026-03-22T00:34:38Z,2739.585,9467,-5686.800293,-10055.900391,1438.599976,329.300018,-6.5,1.7,0,0,0,0,0,0,0,0,0,0,0,0,0,0,0,0,0
2026-03-22T00:34:38Z,2739.848,9468,-5686.800293,-10055.900391,1438.599976,329.300018,-6.5,1.7,0,0,0,0,0,0,0,0,0,0,0,0,0,0,0,0,0
2026-03-22T00:34:38Z,2740.063,9469,-5687,-10055.5,1438.5,329.600006,-6.6,1,0,0,0,0,0,0,0,0,0,0,0,0,0,0,0,0,0
2026-03-22T00:34:39Z,2740.337,9470,-5687,-10055.5,1438.5,329.600006,-6.6,1,0,0,0,0,0,0,0,0,0,0,0,0,0,0,0,0,0
2026-03-22T00:34:39Z,2740.560,9471,-5687,-10055.5,1438.5,329.600006,-6.6,1,0,0,0,0,0,0,0,0,0,0,0,0,0,0,0,0,0
2026-03-22T00:34:39Z,2740.806,9472,-5687,-10055.5,1438.5,329.600006,-6.6,1,0,0,0,0,0,0,0,0,0,0,0,0,0,0,0,0,0
2026-03-22T00:34:39Z,2741.200,9473,-5687.200195,-10055.100586,1438.5,329.800018,-6.4,1,0,0,0,0,0,0,0,0,0,0,0,0,0,0,0,0,0
2026-03-22T00:34:40Z,2741.444,9474,-5687.200195,-10055.100586,1438.5,329.800018,-6.4,1,0,0,0,0,0,0,0,0,0,0,0,0,0,0,0,0,0
2026-03-22T00:34:40Z,2741.681,9475,-5687.200195,-10055.100586,1438.5,329.800018,-6.4,1,0,0,0,0,0,0,0,0,0,0,0,0,0,0,0,0,0
2026-03-22T00:34:40Z,2741.921,9476,-5687.5,-10054.600586,1438.400024,329.899994,-6.6,1,0,0,0,0,0,0,0,0,0,0,0,0,0,0,0,0,0
2026-03-22T00:34:40Z,2742.159,9477,-5687.5,-10054.600586,1438.400024,329.899994,-6.6,1,0,0,0,0,0,0,0,0,0,0,0,0,0,0,0,0,0
2026-03-22T00:34:41Z,2742.498,9478,-5687.5,-10054.600586,1438.400024,329.899994,-6.6,1,0,0,0,0,0,0,0,0,0,0,0,0,0,0,0,0,0
2026-03-22T00:34:41Z,2742.725,9479,-5687.5,-10054.600586,1438.400024,329.899994,-6.6,1,0,0,0,0,0,0,0,0,0,0,0,0,0,0,0,0,0
2026-03-22T00:34:41Z,2742.954,9480,-5687.899902,-10054,1438.300049,329.899994,-7,1.3,0,0,0,0,0,0,0,0,0,0,0,0,0,0,0,0,0
2026-03-22T00:34:41Z,2743.186,9481,-5687.899902,-10054,1438.300049,329.899994,-7,1.3,0,0,0,0,0,0,0,0,0,0,0,0,0,0,0,0,0
2026-03-22T00:34:42Z,2743.429,9482,-5687.899902,-10054,1438.300049,329.899994,-7,1.3,0,0,0,0,0,0,0,0,0,0,0,0,0,0,0,0,0
2026-03-22T00:34:42Z,2743.658,9483,-5687.899902,-10054,1438.300049,329.899994,-7,1.3,0,0,0,0,0,0,0,0,0,0,0,0,0,0,0,0,0
2026-03-22T00:34:42Z,2743.894,9484,-5688.300293,-10053.299805,1438.200073,329.899994,-7.3,1.5,0,1,0,0,0,0,0,0,0,0,0,0,0,0,0,0,0
2026-03-22T00:34:42Z,2744.112,9485,-5688.300293,-10053.299805,1438.200073,329.899994,-7.3,1.5,0,1,0,0,0,0,0,0,0,0,0,0,0,0,0,0,0
2026-03-22T00:34:43Z,2744.342,9486,-5688.300293,-10053.299805,1438.200073,329.899994,-7.3,1.5,0,1,0,0,0,0,0,0,0,0,0,0,0,0,0,0,0
2026-03-22T00:34:43Z,2744.582,9487,-5688.300293,-10053.299805,1438.200073,329.899994,-7.3,1.5,0,1,0,0,0,0,0,0,0,0,0,0,0,0,0,0,0
2026-03-22T00:34:43Z,2744.811,9488,-5688.300293,-10053.299805,1438.200073,329.899994,-7.3,1.5,0,1,0,0,0,0,0,0,0,0,0,0,0,0,0,0,0
2026-03-22T00:34:43Z,2745.043,9489,-5688.800293,-10052.400391,1438.099976,329.700012,-6.8,0.6,0,1,0,0,0,1,0,0,0,0,0,0,0,0,0,0,0
2026-03-22T00:34:43Z,2745.285,9490,-5688.800293,-10052.400391,1438.099976,329.700012,-6.8,0.6,0,1,0,0,0,1,0,0,0,0,0,0,0,0,0,0,0
2026-03-22T00:34:44Z,2745.527,9491,-5688.800293,-10052.400391,1438.099976,329.700012,-6.8,0.6,0,1,0,0,0,1,0,0,0,0,0,0,0,0,0,0,0
2026-03-22T00:34:44Z,2745.745,9492,-5688.800293,-10052.400391,1438.099976,329.700012,-6.8,0.6,0,1,0,0,0,1,0,0,0,0,0,0,0,0,0,0,0
2026-03-22T00:34:44Z,2745.986,9493,-5689.399902,-10051.400391,1437.900024,329.300018,-6.9,0.8,0,1,0,0,0,1,0,0,0,0,0,0,0,0,0,0,0
2026-03-22T00:34:44Z,2746.206,9494,-5689.399902,-10051.400391,1437.900024,329.300018,-6.9,0.8,0,1,0,0,0,1,0,0,0,0,0,0,0,0,0,0,0
2026-03-22T00:34:45Z,2746.437,9495,-5689.399902,-10051.400391,1437.900024,329.300018,-6.9,0.8,0,1,0,0,0,1,0,0,0,0,0,0,0,0,0,0,0
2026-03-22T00:34:45Z,2746.671,9496,-5689.399902,-10051.400391,1437.900024,329.300018,-6.9,0.8,0,1,0,0,0,1,0,0,0,0,0,0,0,0,0,0,0
2026-03-22T00:34:45Z,2746.887,9497,-5690,-10050.400391,1437.700073,329,-7.9,1.1,0,0,0,0,0,1,0,0,0,1,0,0,0,0,0,0,0
2026-03-22T00:34:45Z,2747.139,9498,-5690,-10050.400391,1437.700073,329,-7.9,1.1,0,0,0,0,0,1,0,0,0,1,0,0,0,0,0,0,0
2026-03-22T00:34:46Z,2747.369,9499,-5690,-10050.400391,1437.700073,329,-7.9,1.1,0,0,0,0,0,1,0,0,0,1,0,0,0,0,0,0,0
2026-03-22T00:34:46Z,2747.619,9500,-5690,-10050.400391,1437.700073,329,-7.9,1.1,0,0,0,0,0,1,0,0,0,1,0,0,0,0,0,0,0
2026-03-22T00:34:46Z,2747.861,9501,-5690,-10050.400391,1437.700073,329,-7.9,1.1,0,0,0,0,0,1,0,0,0,1,0,0,0,0,0,0,0
2026-03-22T00:34:46Z,2748.132,9502,-5690.600098,-10049.299805,1437.599976,329.5,-8.2,0.5,0,0,0,0,0,1,0,0,0,1,0,0,0,0,0,0,0
2026-03-22T00:34:47Z,2748.355,9503,-5690.600098,-10049.299805,1437.599976,329.5,-8.2,0.5,0,0,0,0,0,1,0,0,0,1,0,0,0,0,0,0,0
2026-03-22T00:34:47Z,2748.585,9504,-5690.600098,-10049.299805,1437.599976,329.5,-8.2,0.5,0,0,0,0,0,1,0,0,0,1,0,0,0,0,0,0,0
2026-03-22T00:34:47Z,2748.802,9505,-5690.600098,-10049.299805,1437.599976,329.5,-8.2,0.5,0,0,0,0,0,1,0,0,0,1,0,0,0,0,0,0,0
2026-03-22T00:34:47Z,2749.017,9506,-5691.200195,-10048.400391,1437.5,324.200012,-3.7,7.5,0,0,0,0,0,0,1,0,0,1,0,0,0,0,0,0,0
2026-03-22T00:34:47Z,2749.253,9507,-5691.200195,-10048.400391,1437.5,324.200012,-3.7,7.5,0,0,0,0,0,0,1,0,0,1,0,0,0,0,0,0,0
2026-03-22T00:34:48Z,2749.486,9508,-5691.200195,-10048.400391,1437.5,324.200012,-3.7,7.5,0,0,0,0,0,0,1,0,0,1,0,0,0,0,0,0,0
2026-03-22T00:34:48Z,2749.715,9509,-5691.200195,-10048.400391,1437.5,324.200012,-3.7,7.5,0,0,0,0,0,0,1,0,0,1,0,0,0,0,0,0,0
2026-03-22T00:34:48Z,2749.939,9510,-5691.5,-10048,1437.599976,317.200012,0.4,14.900001,0,0,0,0,0,0,1,0,0,0,0,0,0,0,0,0,0
