{
  "confusion_matrix": [
    [
      3501022,
      14237
    ],
    [
      63944,
      390025
    ]
  ],
  "per_class_recall": [
    0.9959499428064902,
    0.859144567140047
  ],
  "overall_accuracy": 0.9803032226921709,
  "best_epoch": 18,
  "best_val_loss": 0.07538543285165744,
  "num_train_samples": 702440,
  "num_val_samples": 233484,
  "binary_obstacle_only": true
}