{
  "confusion_matrix": [
    [
      3034164,
      18339
    ],
    [
      33248,
      375806
    ]
  ],
  "per_class_recall": [
    0.9939921434966649,
    0.9187197778288441
  ],
  "overall_accuracy": 0.9850971687018298,
  "best_epoch": 8,
  "best_val_loss": 0.04196243229377757,
  "num_train_samples": 608915,
  "num_val_samples": 203621,
  "binary_obstacle_only": true
}