{
  "confusion_matrix": [
    [
      3487273,
      27986
    ],
    [
      79705,
      374264
    ]
  ],
  "per_class_recall": [
    0.9920387089543047,
    0.8244263374811936
  ],
  "overall_accuracy": 0.9728685275826937,
  "best_epoch": 29,
  "best_val_loss": 0.07572226413707993,
  "num_train_samples": 702440,
  "num_val_samples": 233484,
  "binary_obstacle_only": true
}