{
  "subset_files": [
    "world_779_20260303_191807_073132_seed_263019746.txt",
    "world_372_20260303_191701_036212_seed_1760110926.txt",
    "world_606_20260303_191736_934485_seed_1558507068.txt",
    "world_414_20260303_191708_276523_seed_1361796111.txt",
    "world_065_20260303_191610_973086_seed_542175596.txt",
    "world_329_20260303_191654_368481_seed_1009424864.txt",
    "world_984_20260303_191840_315451_seed_1057433612.txt",
    "world_080_20260303_191612_838278_seed_2119569064.txt",
    "world_750_20260303_191803_068432_seed_2058757368.txt",
    "world_105_20260303_191616_661292_seed_914123128.txt",
    "world_755_20260303_191803_403693_seed_352842333.txt",
    "world_881_20260303_191823_220393_seed_2056121741.txt",
    "world_314_20260303_191652_773811_seed_7807895.txt",
    "world_934_20260303_191832_711293_seed_267681767.txt",
    "world_673_20260303_191748_649203_seed_1717401757.txt",
    "world_733_20260303_191759_578797_seed_157009314.txt",
    "world_894_20260303_191825_380079_seed_1079315001.txt",
    "world_610_20260303_191737_384053_seed_437888336.txt",
    "world_922_20260303_191830_446407_seed_967151707.txt",
    "world_111_20260303_191617_999392_seed_1548657125.txt",
    "world_268_20260303_191645_217357_seed_84260574.txt",
    "world_183_20260303_191630_438500_seed_1123275501.txt",
    "world_884_20260303_191824_109967_seed_1618354487.txt",
    "world_031_20260303_191605_901244_seed_805891787.txt"
  ],
  "subset_file_count": 24,
  "subset_samples": 18751,
  "add_cm_on_hits_only": 200.0,
  "baseline": {
    "overall_accuracy": 0.9854250910539674,
    "per_class_recall": [
      0.9947549721446494,
      0.9134854488318076
    ],
    "confusion_matrix": [
      [
        280692,
        1480
      ],
      [
        3166,
        33429
      ]
    ]
  },
  "perturbed": {
    "overall_accuracy": 0.880828316607428,
    "per_class_recall": [
      0.8852969111038658,
      0.84637245525345
    ],
    "confusion_matrix": [
      [
        249806,
        32366
      ],
      [
        5622,
        30973
      ]
    ]
  },
  "delta": {
    "overall_accuracy": -0.10459677444653936,
    "per_class_recall": [
      -0.1094580610407836,
      -0.06711299357835765
    ]
  }
}