sample_idx,sensor_idx,distance_cm,x_cm,y_cm,z_cm,pose_x_cm,pose_y_cm,pose_z_cm,heading_deg
0,1,556.789978,213.730637,659.161499,-170.432083,369.970703,1499.999878,20.001301,-117.800003
0,3,603.109985,-267.790680,866.800537,-186.274460,369.970703,1499.999878,20.001301,-117.800003
0,5,450.170013,94.456284,816.629639,-170.248764,369.970703,1499.999878,20.001301,-117.800003
0,6,459.630005,-42.229500,879.003540,-174.246735,369.970703,1499.999878,20.001301,-117.800003
0,7,409.950012,899.956238,1175.351074,-120.209862,369.970703,1499.999878,20.001301,-117.800003
0,8,430.489990,-214.399292,1762.884155,-127.234947,369.970703,1499.999878,20.001301,-117.800003
0,9,670.030029,1329.441772,1817.425049,20.001301,369.970703,1499.999878,20.001301,-117.800003
0,10,204.059998,685.151794,1926.262451,20.001301,369.970703,1499.999878,20.001301,-117.800003
0,11,197.800003,567.236694,1981.355225,20.001301,369.970703,1499.999878,20.001301,-117.800003
0,12,598.559998,153.568390,2375.500000,20.001301,369.970703,1499.999878,20.001301,-117.800003
0,16,999.619995,-642.531433,659.668396,20.001301,369.970703,1499.999878,20.001301,-117.800003
1,1,539.640015,195.947083,625.128113,-154.568848,350.000000,1449.999878,29.998899,-117.800003
1,2,975.679993,-256.619843,299.443146,29.998899,350.000000,1449.999878,29.998899,-117.800003
1,3,582.320007,-273.288879,829.923401,-169.166275,350.000000,1449.999878,29.998899,-117.800003
1,5,437.410004,79.879112,776.859375,-154.858551,350.000000,1449.999878,29.998899,-117.800003
1,6,446.890015,-56.815132,839.217224,-158.864975,350.000000,1449.999878,29.998899,-117.800003
1,7,408.660004,878.913208,1125.916382,-109.771049,350.000000,1449.999878,29.998899,-117.800003
1,8,430.369995,-234.270248,1712.831543,-117.196304,350.000000,1449.999878,29.998899,-117.800003
1,9,658.780029,1299.055054,1763.174316,29.998899,350.000000,1449.999878,29.998899,-117.800003
1,10,222.259995,673.669312,1892.361816,29.998899,350.000000,1449.999878,29.998899,-117.800003
1,11,215.369995,555.460388,1946.897339,29.998899,350.000000,1449.999878,29.998899,-117.800003
1,12,617.340027,129.629013,2343.855957,29.998899,350.000000,1449.999878,29.998899,-117.800003
1,16,931.549988,-616.252563,659.613403,29.998899,350.000000,1449.999878,29.998899,-117.800003
2,1,539.640015,195.947083,625.128113,-154.568848,350.000000,1449.999878,29.998899,-117.800003
2,2,975.679993,-256.619843,299.443146,29.998899,350.000000,1449.999878,29.998899,-117.800003
2,3,582.320007,-273.288879,829.923401,-169.166275,350.000000,1449.999878,29.998899,-117.800003
2,5,437.410004,79.879112,776.859375,-154.858551,350.000000,1449.999878,29.998899,-117.800003
2,6,446.890015,-56.815132,839.217224,-158.864975,350.000000,1449.999878,29.998899,-117.800003
2,7,408.660004,878.913208,1125.916382,-109.771049,350.000000,1449.999878,29.998899,-117.800003
2,8,430.369995,-234.270248,1712.831543,-117.196304,350.000000,1449.999878,29.998899,-117.800003
2,9,658.780029,1299.055054,1763.174316,29.998899,350.000000,1449.999878,29.998899,-117.800003
2,10,222.259995,673.669312,1892.361816,29.998899,350.000000,1449.999878,29.998899,-117.800003
2,11,215.369995,555.460388,1946.897339,29.998899,350.000000,1449.999878,29.998899,-117.800003
2,12,617.340027,129.629013,2343.855957,29.998899,350.000000,1449.999878,29.998899,-117.800003
2,16,931.549988,-616.252563,659.613403,29.998899,350.000000,1449.999878,29.998899,-117.800003
3,1,539.640015,195.947083,625.128113,-154.568848,350.000000,1449.999878,29.998899,-117.800003
3,2,975.679993,-256.619843,299.443146,29.998899,350.000000,1449.999878,29.998899,-117.800003
3,3,582.320007,-273.288879,829.923401,-169.166275,350.000000,1449.999878,29.998899,-117.800003
3,5,437.410004,79.879112,776.859375,-154.858551,350.000000,1449.999878,29.998899,-117.800003
3,6,446.890015,-56.815132,839.217224,-158.864975,350.000000,1449.999878,29.998899,-117.800003
3,7,408.660004,878.913208,1125.916382,-109.771049,350.000000,1449.999878,29.998899,-117.800003
3,8,430.369995,-234.270248,1712.831543,-117.196304,350.000000,1449.999878,29.998899,-117.800003
3,9,658.780029,1299.055054,1763.174316,29.998899,350.000000,1449.999878,29.998899,-117.800003
3,10,222.259995,673.669312,1892.361816,29.998899,350.000000,1449.999878,29.998899,-117.800003
3,11,215.369995,555.460388,1946.897339,29.998899,350.000000,1449.999878,29.998899,-117.800003
3,12,617.340027,129.629013,2343.855957,29.998899,350.000000,1449.999878,29.998899,-117.800003
3,16,931.549988,-616.252563,659.613403,29.998899,350.000000,1449.999878,29.998899,-117.800003
4,1,539.640015,195.947083,625.128113,-154.568848,350.000000,1449.999878,29.998899,-117.800003
4,2,975.679993,-256.619843,299.443146,29.998899,350.000000,1449.999878,29.998899,-117.800003
4,3,582.320007,-273.288879,829.923401,-169.166275,350.000000,1449.999878,29.998899,-117.800003
4,5,437.410004,79.879112,776.859375,-154.858551,350.000000,1449.999878,29.998899,-117.800003
4,6,446.890015,-56.815132,839.217224,-158.864975,350.000000,1449.999878,29.998899,-117.800003
4,7,408.660004,878.913208,1125.916382,-109.771049,350.000000,1449.999878,29.998899,-117.800003
4,8,430.369995,-234.270248,1712.831543,-117.196304,350.000000,1449.999878,29.998899,-117.800003
4,9,658.780029,1299.055054,1763.174316,29.998899,350.000000,1449.999878,29.998899,-117.800003
4,10,222.259995,673.669312,1892.361816,29.998899,350.000000,1449.999878,29.998899,-117.800003
4,11,215.369995,555.460388,1946.897339,29.998899,350.000000,1449.999878,29.998899,-117.800003
4,12,617.340027,129.629013,2343.855957,29.998899,350.000000,1449.999878,29.998899,-117.800003
4,16,931.549988,-616.252563,659.613403,29.998899,350.000000,1449.999878,29.998899,-117.800003
5,1,539.640015,195.947083,625.128113,-154.568848,350.000000,1449.999878,29.998899,-117.800003
5,2,975.679993,-256.619843,299.443146,29.998899,350.000000,1449.999878,29.998899,-117.800003
5,3,582.320007,-273.288879,829.923401,-169.166275,350.000000,1449.999878,29.998899,-117.800003
5,5,437.410004,79.879112,776.859375,-154.858551,350.000000,1449.999878,29.998899,-117.800003
5,6,446.890015,-56.815132,839.217224,-158.864975,350.000000,1449.999878,29.998899,-117.800003
5,7,408.660004,878.913208,1125.916382,-109.771049,350.000000,1449.999878,29.998899,-117.800003
5,8,430.369995,-234.270248,1712.831543,-117.196304,350.000000,1449.999878,29.998899,-117.800003
5,9,658.780029,1299.055054,1763.174316,29.998899,350.000000,1449.999878,29.998899,-117.800003
5,10,222.259995,673.669312,1892.361816,29.998899,350.000000,1449.999878,29.998899,-117.800003
5,11,215.369995,555.460388,1946.897339,29.998899,350.000000,1449.999878,29.998899,-117.800003
5,12,617.340027,129.629013,2343.855957,29.998899,350.000000,1449.999878,29.998899,-117.800003
5,16,931.549988,-616.252563,659.613403,29.998899,350.000000,1449.999878,29.998899,-117.800003
6,1,539.640015,195.947083,625.128113,-154.568848,350.000000,1449.999878,29.998899,-117.800003
6,2,975.679993,-256.619843,299.443146,29.998899,350.000000,1449.999878,29.998899,-117.800003
6,3,582.320007,-273.288879,829.923401,-169.166275,350.000000,1449.999878,29.998899,-117.800003
6,5,437.410004,79.879112,776.859375,-154.858551,350.000000,1449.999878,29.998899,-117.800003
6,6,446.890015,-56.815132,839.217224,-158.864975,350.000000,1449.999878,29.998899,-117.800003
6,7,408.660004,878.913208,1125.916382,-109.771049,350.000000,1449.999878,29.998899,-117.800003
6,8,430.369995,-234.270248,1712.831543,-117.196304,350.000000,1449.999878,29.998899,-117.800003
6,9,658.780029,1299.055054,1763.174316,29.998899,350.000000,1449.999878,29.998899,-117.800003
6,10,222.259995,673.669312,1892.361816,29.998899,350.000000,1449.999878,29.998899,-117.800003
6,11,215.369995,555.460388,1946.897339,29.998899,350.000000,1449.999878,29.998899,-117.800003
6,12,617.340027,129.629013,2343.855957,29.998899,350.000000,1449.999878,29.998899,-117.800003
6,16,931.549988,-616.252563,659.613403,29.998899,350.000000,1449.999878,29.998899,-117.800003
7,1,539.640015,195.947083,625.128113,-154.568848,350.000000,1449.999878,29.998899,-117.800003
7,2,975.679993,-256.619843,299.443146,29.998899,350.000000,1449.999878,29.998899,-117.800003
7,3,582.320007,-273.288879,829.923401,-169.166275,350.000000,1449.999878,29.998899,-117.800003
7,5,437.410004,79.879112,776.859375,-154.858551,350.000000,1449.999878,29.998899,-117.800003
7,6,446.890015,-56.815132,839.217224,-158.864975,350.000000,1449.999878,29.998899,-117.800003
7,7,408.660004,878.913208,1125.916382,-109.771049,350.000000,1449.999878,29.998899,-117.800003
7,8,430.369995,-234.270248,1712.831543,-117.196304,350.000000,1449.999878,29.998899,-117.800003
7,9,658.780029,1299.055054,1763.174316,29.998899,350.000000,1449.999878,29.998899,-117.800003
7,10,222.259995,673.669312,1892.361816,29.998899,350.000000,1449.999878,29.998899,-117.800003
7,11,215.369995,555.460388,1946.897339,29.998899,350.000000,1449.999878,29.998899,-117.800003
7,12,617.340027,129.629013,2343.855957,29.998899,350.000000,1449.999878,29.998899,-117.800003
7,16,931.549988,-616.252563,659.613403,29.998899,350.000000,1449.999878,29.998899,-117.800003
8,1,539.640015,195.947083,625.128113,-154.568848,350.000000,1449.999878,29.998899,-117.800003
8,2,975.679993,-256.619843,299.443146,29.998899,350.000000,1449.999878,29.998899,-117.800003
8,3,582.320007,-273.288879,829.923401,-169.166275,350.000000,1449.999878,29.998899,-117.800003
8,5,437.410004,79.879112,776.859375,-154.858551,350.000000,1449.999878,29.998899,-117.800003
8,6,446.890015,-56.815132,839.217224,-158.864975,350.000000,1449.999878,29.998899,-117.800003
8,7,408.660004,878.913208,1125.916382,-109.771049,350.000000,1449.999878,29.998899,-117.800003
8,8,430.369995,-234.270248,1712.831543,-117.196304,350.000000,1449.999878,29.998899,-117.800003
8,9,658.780029,1299.055054,1763.174316,29.998899,350.000000,1449.999878,29.998899,-117.800003
8,10,222.259995,673.669312,1892.361816,29.998899,350.000000,1449.999878,29.998899,-117.800003
8,11,215.369995,555.460388,1946.897339,29.998899,350.000000,1449.999878,29.998899,-117.800003
8,12,617.340027,129.629013,2343.855957,29.998899,350.000000,1449.999878,29.998899,-117.800003
8,16,931.549988,-616.252563,659.613403,29.998899,350.000000,1449.999878,29.998899,-117.800003
9,1,539.640015,195.947083,625.128113,-154.568848,350.000000,1449.999878,29.998899,-117.800003
9,2,975.679993,-256.619843,299.443146,29.998899,350.000000,1449.999878,29.998899,-117.800003
9,3,582.320007,-273.288879,829.923401,-169.166275,350.000000,1449.999878,29.998899,-117.800003
9,5,437.410004,79.879112,776.859375,-154.858551,350.000000,1449.999878,29.998899,-117.800003
9,6,446.890015,-56.815132,839.217224,-158.864975,350.000000,1449.999878,29.998899,-117.800003
9,7,408.660004,878.913208,1125.916382,-109.771049,350.000000,1449.999878,29.998899,-117.800003
9,8,430.369995,-234.270248,1712.831543,-117.196304,350.000000,1449.999878,29.998899,-117.800003
9,9,658.780029,1299.055054,1763.174316,29.998899,350.000000,1449.999878,29.998899,-117.800003
9,10,222.259995,673.669312,1892.361816,29.998899,350.000000,1449.999878,29.998899,-117.800003
9,11,215.369995,555.460388,1946.897339,29.998899,350.000000,1449.999878,29.998899,-117.800003
9,12,617.340027,129.629013,2343.855957,29.998899,350.000000,1449.999878,29.998899,-117.800003
9,16,931.549988,-616.252563,659.613403,29.998899,350.000000,1449.999878,29.998899,-117.800003
10,1,539.640015,195.947083,625.128113,-154.568848,350.000000,1449.999878,29.998899,-117.800003
10,2,975.679993,-256.619843,299.443146,29.998899,350.000000,1449.999878,29.998899,-117.800003
10,3,582.320007,-273.288879,829.923401,-169.166275,350.000000,1449.999878,29.998899,-117.800003
10,5,437.410004,79.879112,776.859375,-154.858551,350.000000,1449.999878,29.998899,-117.800003
10,6,446.890015,-56.815132,839.217224,-158.864975,350.000000,1449.999878,29.998899,-117.800003
10,7,408.660004,878.913208,1125.916382,-109.771049,350.000000,1449.999878,29.998899,-117.800003
10,8,430.369995,-234.270248,1712.831543,-117.196304,350.000000,1449.999878,29.998899,-117.800003
10,9,658.780029,1299.055054,1763.174316,29.998899,350.000000,1449.999878,29.998899,-117.800003
10,10,222.259995,673.669312,1892.361816,29.998899,350.000000,1449.999878,29.998899,-117.800003
10,11,215.369995,555.460388,1946.897339,29.998899,350.000000,1449.999878,29.998899,-117.800003
10,12,617.340027,129.629013,2343.855957,29.998899,350.000000,1449.999878,29.998899,-117.800003
10,16,931.549988,-616.252563,659.613403,29.998899,350.000000,1449.999878,29.998899,-117.800003
11,1,539.640015,195.947083,625.128113,-154.568848,350.000000,1449.999878,29.998899,-117.800003
11,2,975.679993,-256.619843,299.443146,29.998899,350.000000,1449.999878,29.998899,-117.800003
11,3,582.320007,-273.288879,829.923401,-169.166275,350.000000,1449.999878,29.998899,-117.800003
11,5,437.410004,79.879112,776.859375,-154.858551,350.000000,1449.999878,29.998899,-117.800003
11,6,446.890015,-56.815132,839.217224,-158.864975,350.000000,1449.999878,29.998899,-117.800003
11,7,408.660004,878.913208,1125.916382,-109.771049,350.000000,1449.999878,29.998899,-117.800003
11,8,430.369995,-234.270248,1712.831543,-117.196304,350.000000,1449.999878,29.998899,-117.800003
11,9,658.780029,1299.055054,1763.174316,29.998899,350.000000,1449.999878,29.998899,-117.800003
11,10,222.259995,673.669312,1892.361816,29.998899,350.000000,1449.999878,29.998899,-117.800003
11,11,215.369995,555.460388,1946.897339,29.998899,350.000000,1449.999878,29.998899,-117.800003
11,12,617.340027,129.629013,2343.855957,29.998899,350.000000,1449.999878,29.998899,-117.800003
11,16,931.549988,-616.252563,659.613403,29.998899,350.000000,1449.999878,29.998899,-117.800003
12,1,519.469971,159.936401,583.682312,-147.670288,310.009796,1390.038940,29.998899,-117.699997
12,2,903.080017,-260.853363,302.704742,29.998899,310.009796,1390.038940,29.998899,-117.699997
12,3,556.280029,-294.097382,785.343872,-160.260071,310.009796,1390.038940,29.998899,-117.699997
12,4,928.479980,-807.930786,786.441406,29.998899,310.009796,1390.038940,29.998899,-117.699997
12,5,422.290009,47.434147,728.560852,-148.468567,310.009796,1390.038940,29.998899,-117.699997
12,6,431.489990,-89.250755,790.904724,-152.356644,310.009796,1390.038940,29.998899,-117.699997
12,7,409.660004,840.319885,1066.442383,-110.113075,310.009796,1390.038940,29.998899,-117.699997
12,8,430.790009,-275.067749,1652.033936,-117.339958,310.009796,1390.038940,29.998899,-117.699997
12,9,650.289978,1250.661743,1701.647827,29.998899,310.009796,1390.038940,29.998899,-117.699997
12,10,250.970001,646.252136,1858.384888,29.998899,310.009796,1390.038940,29.998899,-117.699997
12,11,242.529999,527.227661,1911.341553,29.998899,310.009796,1390.038940,29.998899,-117.699997
12,12,644.989990,82.188698,2310.524170,29.998899,310.009796,1390.038940,29.998899,-117.699997
12,14,989.359985,-628.112671,481.413300,-141.801651,310.009796,1390.038940,29.998899,-117.699997
12,15,963.280029,198.947342,115.091339,29.998899,310.009796,1390.038940,29.998899,-117.699997
12,16,851.539978,-600.602173,656.767700,29.998899,310.009796,1390.038940,29.998899,-117.699997
13,1,519.469971,159.936401,583.682312,-147.670288,310.009796,1390.038940,29.998899,-117.699997
13,2,903.080017,-260.853363,302.704742,29.998899,310.009796,1390.038940,29.998899,-117.699997
13,3,556.280029,-294.097382,785.343872,-160.260071,310.009796,1390.038940,29.998899,-117.699997
13,4,928.479980,-807.930786,786.441406,29.998899,310.009796,1390.038940,29.998899,-117.699997
13,5,422.290009,47.434147,728.560852,-148.468567,310.009796,1390.038940,29.998899,-117.699997
13,6,431.489990,-89.250755,790.904724,-152.356644,310.009796,1390.038940,29.998899,-117.699997
13,7,409.660004,840.319885,1066.442383,-110.113075,310.009796,1390.038940,29.998899,-117.699997
13,8,430.790009,-275.067749,1652.033936,-117.339958,310.009796,1390.038940,29.998899,-117.699997
13,9,650.289978,1250.661743,1701.647827,29.998899,310.009796,1390.038940,29.998899,-117.699997
13,10,250.970001,646.252136,1858.384888,29.998899,310.009796,1390.038940,29.998899,-117.699997
13,11,242.529999,527.227661,1911.341553,29.998899,310.009796,1390.038940,29.998899,-117.699997
13,12,644.989990,82.188698,2310.524170,29.998899,310.009796,1390.038940,29.998899,-117.699997
13,14,989.359985,-628.112671,481.413300,-141.801651,310.009796,1390.038940,29.998899,-117.699997
13,15,963.280029,198.947342,115.091339,29.998899,310.009796,1390.038940,29.998899,-117.699997
13,16,851.539978,-600.602173,656.767700,29.998899,310.009796,1390.038940,29.998899,-117.699997
14,1,519.469971,159.936401,583.682312,-147.670288,310.009796,1390.038940,29.998899,-117.699997
14,2,903.080017,-260.853363,302.704742,29.998899,310.009796,1390.038940,29.998899,-117.699997
14,3,556.280029,-294.097382,785.343872,-160.260071,310.009796,1390.038940,29.998899,-117.699997
14,4,928.479980,-807.930786,786.441406,29.998899,310.009796,1390.038940,29.998899,-117.699997
14,5,422.290009,47.434147,728.560852,-148.468567,310.009796,1390.038940,29.998899,-117.699997
14,6,431.489990,-89.250755,790.904724,-152.356644,310.009796,1390.038940,29.998899,-117.699997
14,7,409.660004,840.319885,1066.442383,-110.113075,310.009796,1390.038940,29.998899,-117.699997
14,8,430.790009,-275.067749,1652.033936,-117.339958,310.009796,1390.038940,29.998899,-117.699997
14,9,650.289978,1250.661743,1701.647827,29.998899,310.009796,1390.038940,29.998899,-117.699997
14,10,250.970001,646.252136,1858.384888,29.998899,310.009796,1390.038940,29.998899,-117.699997
14,11,242.529999,527.227661,1911.341553,29.998899,310.009796,1390.038940,29.998899,-117.699997
14,12,644.989990,82.188698,2310.524170,29.998899,310.009796,1390.038940,29.998899,-117.699997
14,14,989.359985,-628.112671,481.413300,-141.801651,310.009796,1390.038940,29.998899,-117.699997
14,15,963.280029,198.947342,115.091339,29.998899,310.009796,1390.038940,29.998899,-117.699997
14,16,851.539978,-600.602173,656.767700,29.998899,310.009796,1390.038940,29.998899,-117.699997
15,1,519.469971,159.936401,583.682312,-147.670288,310.009796,1390.038940,29.998899,-117.699997
15,2,903.080017,-260.853363,302.704742,29.998899,310.009796,1390.038940,29.998899,-117.699997
15,3,556.280029,-294.097382,785.343872,-160.260071,310.009796,1390.038940,29.998899,-117.699997
15,4,928.479980,-807.930786,786.441406,29.998899,310.009796,1390.038940,29.998899,-117.699997
15,5,422.290009,47.434147,728.560852,-148.468567,310.009796,1390.038940,29.998899,-117.699997
15,6,431.489990,-89.250755,790.904724,-152.356644,310.009796,1390.038940,29.998899,-117.699997
15,7,409.660004,840.319885,1066.442383,-110.113075,310.009796,1390.038940,29.998899,-117.699997
15,8,430.790009,-275.067749,1652.033936,-117.339958,310.009796,1390.038940,29.998899,-117.699997
15,9,650.289978,1250.661743,1701.647827,29.998899,310.009796,1390.038940,29.998899,-117.699997
15,10,250.970001,646.252136,1858.384888,29.998899,310.009796,1390.038940,29.998899,-117.699997
15,11,242.529999,527.227661,1911.341553,29.998899,310.009796,1390.038940,29.998899,-117.699997
15,12,644.989990,82.188698,2310.524170,29.998899,310.009796,1390.038940,29.998899,-117.699997
15,14,989.359985,-628.112671,481.413300,-141.801651,310.009796,1390.038940,29.998899,-117.699997
15,15,963.280029,198.947342,115.091339,29.998899,310.009796,1390.038940,29.998899,-117.699997
15,16,851.539978,-600.602173,656.767700,29.998899,310.009796,1390.038940,29.998899,-117.699997
16,1,519.469971,159.936401,583.682312,-147.670288,310.009796,1390.038940,29.998899,-117.699997
16,2,903.080017,-260.853363,302.704742,29.998899,310.009796,1390.038940,29.998899,-117.699997
16,3,556.280029,-294.097382,785.343872,-160.260071,310.009796,1390.038940,29.998899,-117.699997
16,4,928.479980,-807.930786,786.441406,29.998899,310.009796,1390.038940,29.998899,-117.699997
16,5,422.290009,47.434147,728.560852,-148.468567,310.009796,1390.038940,29.998899,-117.699997
16,6,431.489990,-89.250755,790.904724,-152.356644,310.009796,1390.038940,29.998899,-117.699997
16,7,409.660004,840.319885,1066.442383,-110.113075,310.009796,1390.038940,29.998899,-117.699997
16,8,430.790009,-275.067749,1652.033936,-117.339958,310.009796,1390.038940,29.998899,-117.699997
16,9,650.289978,1250.661743,1701.647827,29.998899,310.009796,1390.038940,29.998899,-117.699997
16,10,250.970001,646.252136,1858.384888,29.998899,310.009796,1390.038940,29.998899,-117.699997
16,11,242.529999,527.227661,1911.341553,29.998899,310.009796,1390.038940,29.998899,-117.699997
16,12,644.989990,82.188698,2310.524170,29.998899,310.009796,1390.038940,29.998899,-117.699997
16,14,989.359985,-628.112671,481.413300,-141.801651,310.009796,1390.038940,29.998899,-117.699997
16,15,963.280029,198.947342,115.091339,29.998899,310.009796,1390.038940,29.998899,-117.699997
16,16,851.539978,-600.602173,656.767700,29.998899,310.009796,1390.038940,29.998899,-117.699997
17,1,519.469971,159.936401,583.682312,-147.670288,310.009796,1390.038940,29.998899,-117.699997
17,2,903.080017,-260.853363,302.704742,29.998899,310.009796,1390.038940,29.998899,-117.699997
17,3,556.280029,-294.097382,785.343872,-160.260071,310.009796,1390.038940,29.998899,-117.699997
17,4,928.479980,-807.930786,786.441406,29.998899,310.009796,1390.038940,29.998899,-117.699997
17,5,422.290009,47.434147,728.560852,-148.468567,310.009796,1390.038940,29.998899,-117.699997
17,6,431.489990,-89.250755,790.904724,-152.356644,310.009796,1390.038940,29.998899,-117.699997
17,7,409.660004,840.319885,1066.442383,-110.113075,310.009796,1390.038940,29.998899,-117.699997
17,8,430.790009,-275.067749,1652.033936,-117.339958,310.009796,1390.038940,29.998899,-117.699997
17,9,650.289978,1250.661743,1701.647827,29.998899,310.009796,1390.038940,29.998899,-117.699997
17,10,250.970001,646.252136,1858.384888,29.998899,310.009796,1390.038940,29.998899,-117.699997
17,11,242.529999,527.227661,1911.341553,29.998899,310.009796,1390.038940,29.998899,-117.699997
17,12,644.989990,82.188698,2310.524170,29.998899,310.009796,1390.038940,29.998899,-117.699997
17,14,989.359985,-628.112671,481.413300,-141.801651,310.009796,1390.038940,29.998899,-117.699997
17,15,963.280029,198.947342,115.091339,29.998899,310.009796,1390.038940,29.998899,-117.699997
17,16,851.539978,-600.602173,656.767700,29.998899,310.009796,1390.038940,29.998899,-117.699997
18,1,519.469971,159.936401,583.682312,-147.670288,310.009796,1390.038940,29.998899,-117.699997
18,2,903.080017,-260.853363,302.704742,29.998899,310.009796,1390.038940,29.998899,-117.699997
18,3,556.280029,-294.097382,785.343872,-160.260071,310.009796,1390.038940,29.998899,-117.699997
18,4,928.479980,-807.930786,786.441406,29.998899,310.009796,1390.038940,29.998899,-117.699997
18,5,422.290009,47.434147,728.560852,-148.468567,310.009796,1390.038940,29.998899,-117.699997
18,6,431.489990,-89.250755,790.904724,-152.356644,310.009796,1390.038940,29.998899,-117.699997
18,7,409.660004,840.319885,1066.442383,-110.113075,310.009796,1390.038940,29.998899,-117.699997
18,8,430.790009,-275.067749,1652.033936,-117.339958,310.009796,1390.038940,29.998899,-117.699997
18,9,650.289978,1250.661743,1701.647827,29.998899,310.009796,1390.038940,29.998899,-117.699997
18,10,250.970001,646.252136,1858.384888,29.998899,310.009796,1390.038940,29.998899,-117.699997
18,11,242.529999,527.227661,1911.341553,29.998899,310.009796,1390.038940,29.998899,-117.699997
18,12,644.989990,82.188698,2310.524170,29.998899,310.009796,1390.038940,29.998899,-117.699997
18,14,989.359985,-628.112671,481.413300,-141.801651,310.009796,1390.038940,29.998899,-117.699997
18,15,963.280029,198.947342,115.091339,29.998899,310.009796,1390.038940,29.998899,-117.699997
18,16,851.539978,-600.602173,656.767700,29.998899,310.009796,1390.038940,29.998899,-117.699997
19,1,519.469971,159.936401,583.682312,-147.670288,310.009796,1390.038940,29.998899,-117.699997
19,2,903.080017,-260.853363,302.704742,29.998899,310.009796,1390.038940,29.998899,-117.699997
19,3,556.280029,-294.097382,785.343872,-160.260071,310.009796,1390.038940,29.998899,-117.699997
19,4,928.479980,-807.930786,786.441406,29.998899,310.009796,1390.038940,29.998899,-117.699997
19,5,422.290009,47.434147,728.560852,-148.468567,310.009796,1390.038940,29.998899,-117.699997
19,6,431.489990,-89.250755,790.904724,-152.356644,310.009796,1390.038940,29.998899,-117.699997
19,7,409.660004,840.319885,1066.442383,-110.113075,310.009796,1390.038940,29.998899,-117.699997
19,8,430.790009,-275.067749,1652.033936,-117.339958,310.009796,1390.038940,29.998899,-117.699997
19,9,650.289978,1250.661743,1701.647827,29.998899,310.009796,1390.038940,29.998899,-117.699997
19,10,250.970001,646.252136,1858.384888,29.998899,310.009796,1390.038940,29.998899,-117.699997
19,11,242.529999,527.227661,1911.341553,29.998899,310.009796,1390.038940,29.998899,-117.699997
19,12,644.989990,82.188698,2310.524170,29.998899,310.009796,1390.038940,29.998899,-117.699997
19,14,989.359985,-628.112671,481.413300,-141.801651,310.009796,1390.038940,29.998899,-117.699997
19,15,963.280029,198.947342,115.091339,29.998899,310.009796,1390.038940,29.998899,-117.699997
19,16,851.539978,-600.602173,656.767700,29.998899,310.009796,1390.038940,29.998899,-117.699997
20,1,519.469971,159.936401,583.682312,-147.670288,310.009796,1390.038940,29.998899,-117.699997
20,2,903.080017,-260.853363,302.704742,29.998899,310.009796,1390.038940,29.998899,-117.699997
20,3,556.280029,-294.097382,785.343872,-160.260071,310.009796,1390.038940,29.998899,-117.699997
20,4,928.479980,-807.930786,786.441406,29.998899,310.009796,1390.038940,29.998899,-117.699997
20,5,422.290009,47.434147,728.560852,-148.468567,310.009796,1390.038940,29.998899,-117.699997
20,6,431.489990,-89.250755,790.904724,-152.356644,310.009796,1390.038940,29.998899,-117.699997
20,7,409.660004,840.319885,1066.442383,-110.113075,310.009796,1390.038940,29.998899,-117.699997
20,8,430.790009,-275.067749,1652.033936,-117.339958,310.009796,1390.038940,29.998899,-117.699997
20,9,650.289978,1250.661743,1701.647827,29.998899,310.009796,1390.038940,29.998899,-117.699997
20,10,250.970001,646.252136,1858.384888,29.998899,310.009796,1390.038940,29.998899,-117.699997
20,11,242.529999,527.227661,1911.341553,29.998899,310.009796,1390.038940,29.998899,-117.699997
20,12,644.989990,82.188698,2310.524170,29.998899,310.009796,1390.038940,29.998899,-117.699997
20,14,989.359985,-628.112671,481.413300,-141.801651,310.009796,1390.038940,29.998899,-117.699997
20,15,963.280029,198.947342,115.091339,29.998899,310.009796,1390.038940,29.998899,-117.699997
20,16,851.539978,-600.602173,656.767700,29.998899,310.009796,1390.038940,29.998899,-117.699997
21,1,519.469971,159.936401,583.682312,-147.670288,310.009796,1390.038940,29.998899,-117.699997
21,2,903.080017,-260.853363,302.704742,29.998899,310.009796,1390.038940,29.998899,-117.699997
21,3,556.280029,-294.097382,785.343872,-160.260071,310.009796,1390.038940,29.998899,-117.699997
21,4,928.479980,-807.930786,786.441406,29.998899,310.009796,1390.038940,29.998899,-117.699997
21,5,422.290009,47.434147,728.560852,-148.468567,310.009796,1390.038940,29.998899,-117.699997
21,6,431.489990,-89.250755,790.904724,-152.356644,310.009796,1390.038940,29.998899,-117.699997
21,7,409.660004,840.319885,1066.442383,-110.113075,310.009796,1390.038940,29.998899,-117.699997
21,8,430.790009,-275.067749,1652.033936,-117.339958,310.009796,1390.038940,29.998899,-117.699997
21,9,650.289978,1250.661743,1701.647827,29.998899,310.009796,1390.038940,29.998899,-117.699997
21,10,250.970001,646.252136,1858.384888,29.998899,310.009796,1390.038940,29.998899,-117.699997
21,11,242.529999,527.227661,1911.341553,29.998899,310.009796,1390.038940,29.998899,-117.699997
21,12,644.989990,82.188698,2310.524170,29.998899,310.009796,1390.038940,29.998899,-117.699997
21,14,989.359985,-628.112671,481.413300,-141.801651,310.009796,1390.038940,29.998899,-117.699997
21,15,963.280029,198.947342,115.091339,29.998899,310.009796,1390.038940,29.998899,-117.699997
21,16,851.539978,-600.602173,656.767700,29.998899,310.009796,1390.038940,29.998899,-117.699997
22,1,519.469971,159.936401,583.682312,-147.670288,310.009796,1390.038940,29.998899,-117.699997
22,2,903.080017,-260.853363,302.704742,29.998899,310.009796,1390.038940,29.998899,-117.699997
22,3,556.280029,-294.097382,785.343872,-160.260071,310.009796,1390.038940,29.998899,-117.699997
22,4,928.479980,-807.930786,786.441406,29.998899,310.009796,1390.038940,29.998899,-117.699997
22,5,422.290009,47.434147,728.560852,-148.468567,310.009796,1390.038940,29.998899,-117.699997
22,6,431.489990,-89.250755,790.904724,-152.356644,310.009796,1390.038940,29.998899,-117.699997
22,7,409.660004,840.319885,1066.442383,-110.113075,310.009796,1390.038940,29.998899,-117.699997
22,8,430.790009,-275.067749,1652.033936,-117.339958,310.009796,1390.038940,29.998899,-117.699997
22,9,650.289978,1250.661743,1701.647827,29.998899,310.009796,1390.038940,29.998899,-117.699997
22,10,250.970001,646.252136,1858.384888,29.998899,310.009796,1390.038940,29.998899,-117.699997
22,11,242.529999,527.227661,1911.341553,29.998899,310.009796,1390.038940,29.998899,-117.699997
22,12,644.989990,82.188698,2310.524170,29.998899,310.009796,1390.038940,29.998899,-117.699997
22,14,989.359985,-628.112671,481.413300,-141.801651,310.009796,1390.038940,29.998899,-117.699997
22,15,963.280029,198.947342,115.091339,29.998899,310.009796,1390.038940,29.998899,-117.699997
22,16,851.539978,-600.602173,656.767700,29.998899,310.009796,1390.038940,29.998899,-117.699997
23,1,535.349976,127.907715,498.875031,-143.104080,279.980499,1320.019531,39.996399,-117.699997
23,2,822.719971,-253.527939,303.835541,39.996399,279.980499,1320.019531,39.996399,-117.699997
23,3,570.330017,-333.891785,706.438782,-155.067947,279.980499,1320.019531,39.996399,-117.699997
23,5,434.690002,12.180856,648.591125,-143.711533,279.980499,1320.019531,39.996399,-117.699997
23,6,444.660004,-124.828453,710.317139,-147.925034,279.980499,1320.019531,39.996399,-117.699997
23,7,412.109985,812.328979,995.352722,-100.953514,279.980499,1320.019531,39.996399,-117.699997
23,8,434.399994,-308.100555,1583.591309,-108.577148,279.980499,1320.019531,39.996399,-117.699997
23,9,665.900024,1235.074951,1637.551636,39.996399,279.980499,1320.019531,39.996399,-117.699997
23,10,235.130005,608.859741,1774.340698,39.996399,279.980499,1320.019531,39.996399,-117.699997
23,11,226.729996,489.853882,1827.332886,39.996399,279.980499,1320.019531,39.996399,-117.699997
23,12,624.140015,56.601074,2220.133301,39.996399,279.980499,1320.019531,39.996399,-117.699997
23,14,932.210022,-616.514221,449.272125,-121.880173,279.980499,1320.019531,39.996399,-117.699997
23,15,881.320007,186.936630,125.026672,39.996399,279.980499,1320.019531,39.996399,-117.699997
24,1,535.349976,127.907715,498.875031,-143.104080,279.980499,1320.019531,39.996399,-117.699997
24,2,822.719971,-253.527939,303.835541,39.996399,279.980499,1320.019531,39.996399,-117.699997
24,3,570.330017,-333.891785,706.438782,-155.067947,279.980499,1320.019531,39.996399,-117.699997
24,5,434.690002,12.180856,648.591125,-143.711533,279.980499,1320.019531,39.996399,-117.699997
24,6,444.660004,-124.828453,710.317139,-147.925034,279.980499,1320.019531,39.996399,-117.699997
24,7,412.109985,812.328979,995.352722,-100.953514,279.980499,1320.019531,39.996399,-117.699997
24,8,434.399994,-308.100555,1583.591309,-108.577148,279.980499,1320.019531,39.996399,-117.699997
24,9,665.900024,1235.074951,1637.551636,39.996399,279.980499,1320.019531,39.996399,-117.699997
24,10,235.130005,608.859741,1774.340698,39.996399,279.980499,1320.019531,39.996399,-117.699997
24,11,226.729996,489.853882,1827.332886,39.996399,279.980499,1320.019531,39.996399,-117.699997
24,12,624.140015,56.601074,2220.133301,39.996399,279.980499,1320.019531,39.996399,-117.699997
24,14,932.210022,-616.514221,449.272125,-121.880173,279.980499,1320.019531,39.996399,-117.699997
24,15,881.320007,186.936630,125.026672,39.996399,279.980499,1320.019531,39.996399,-117.699997
25,1,535.349976,127.907715,498.875031,-143.104080,279.980499,1320.019531,39.996399,-117.699997
25,2,822.719971,-253.527939,303.835541,39.996399,279.980499,1320.019531,39.996399,-117.699997
25,3,570.330017,-333.891785,706.438782,-155.067947,279.980499,1320.019531,39.996399,-117.699997
25,5,434.690002,12.180856,648.591125,-143.711533,279.980499,1320.019531,39.996399,-117.699997
25,6,444.660004,-124.828453,710.317139,-147.925034,279.980499,1320.019531,39.996399,-117.699997
25,7,412.109985,812.328979,995.352722,-100.953514,279.980499,1320.019531,39.996399,-117.699997
25,8,434.399994,-308.100555,1583.591309,-108.577148,279.980499,1320.019531,39.996399,-117.699997
25,9,665.900024,1235.074951,1637.551636,39.996399,279.980499,1320.019531,39.996399,-117.699997
25,10,235.130005,608.859741,1774.340698,39.996399,279.980499,1320.019531,39.996399,-117.699997
25,11,226.729996,489.853882,1827.332886,39.996399,279.980499,1320.019531,39.996399,-117.699997
25,12,624.140015,56.601074,2220.133301,39.996399,279.980499,1320.019531,39.996399,-117.699997
25,14,932.210022,-616.514221,449.272125,-121.880173,279.980499,1320.019531,39.996399,-117.699997
25,15,881.320007,186.936630,125.026672,39.996399,279.980499,1320.019531,39.996399,-117.699997
26,1,535.349976,127.907715,498.875031,-143.104080,279.980499,1320.019531,39.996399,-117.699997
26,2,822.719971,-253.527939,303.835541,39.996399,279.980499,1320.019531,39.996399,-117.699997
26,3,570.330017,-333.891785,706.438782,-155.067947,279.980499,1320.019531,39.996399,-117.699997
26,5,434.690002,12.180856,648.591125,-143.711533,279.980499,1320.019531,39.996399,-117.699997
26,6,444.660004,-124.828453,710.317139,-147.925034,279.980499,1320.019531,39.996399,-117.699997
26,7,412.109985,812.328979,995.352722,-100.953514,279.980499,1320.019531,39.996399,-117.699997
26,8,434.399994,-308.100555,1583.591309,-108.577148,279.980499,1320.019531,39.996399,-117.699997
26,9,665.900024,1235.074951,1637.551636,39.996399,279.980499,1320.019531,39.996399,-117.699997
26,10,235.130005,608.859741,1774.340698,39.996399,279.980499,1320.019531,39.996399,-117.699997
26,11,226.729996,489.853882,1827.332886,39.996399,279.980499,1320.019531,39.996399,-117.699997
26,12,624.140015,56.601074,2220.133301,39.996399,279.980499,1320.019531,39.996399,-117.699997
26,14,932.210022,-616.514221,449.272125,-121.880173,279.980499,1320.019531,39.996399,-117.699997
26,15,881.320007,186.936630,125.026672,39.996399,279.980499,1320.019531,39.996399,-117.699997
27,1,535.349976,127.907715,498.875031,-143.104080,279.980499,1320.019531,39.996399,-117.699997
27,2,822.719971,-253.527939,303.835541,39.996399,279.980499,1320.019531,39.996399,-117.699997
27,3,570.330017,-333.891785,706.438782,-155.067947,279.980499,1320.019531,39.996399,-117.699997
27,5,434.690002,12.180856,648.591125,-143.711533,279.980499,1320.019531,39.996399,-117.699997
27,6,444.660004,-124.828453,710.317139,-147.925034,279.980499,1320.019531,39.996399,-117.699997
27,7,412.109985,812.328979,995.352722,-100.953514,279.980499,1320.019531,39.996399,-117.699997
27,8,434.399994,-308.100555,1583.591309,-108.577148,279.980499,1320.019531,39.996399,-117.699997
27,9,665.900024,1235.074951,1637.551636,39.996399,279.980499,1320.019531,39.996399,-117.699997
27,10,235.130005,608.859741,1774.340698,39.996399,279.980499,1320.019531,39.996399,-117.699997
27,11,226.729996,489.853882,1827.332886,39.996399,279.980499,1320.019531,39.996399,-117.699997
27,12,624.140015,56.601074,2220.133301,39.996399,279.980499,1320.019531,39.996399,-117.699997
27,14,932.210022,-616.514221,449.272125,-121.880173,279.980499,1320.019531,39.996399,-117.699997
27,15,881.320007,186.936630,125.026672,39.996399,279.980499,1320.019531,39.996399,-117.699997
28,1,535.349976,127.907715,498.875031,-143.104080,279.980499,1320.019531,39.996399,-117.699997
28,2,822.719971,-253.527939,303.835541,39.996399,279.980499,1320.019531,39.996399,-117.699997
28,3,570.330017,-333.891785,706.438782,-155.067947,279.980499,1320.019531,39.996399,-117.699997
28,5,434.690002,12.180856,648.591125,-143.711533,279.980499,1320.019531,39.996399,-117.699997
28,6,444.660004,-124.828453,710.317139,-147.925034,279.980499,1320.019531,39.996399,-117.699997
28,7,412.109985,812.328979,995.352722,-100.953514,279.980499,1320.019531,39.996399,-117.699997
28,8,434.399994,-308.100555,1583.591309,-108.577148,279.980499,1320.019531,39.996399,-117.699997
28,9,665.900024,1235.074951,1637.551636,39.996399,279.980499,1320.019531,39.996399,-117.699997
28,10,235.130005,608.859741,1774.340698,39.996399,279.980499,1320.019531,39.996399,-117.699997
28,11,226.729996,489.853882,1827.332886,39.996399,279.980499,1320.019531,39.996399,-117.699997
28,12,624.140015,56.601074,2220.133301,39.996399,279.980499,1320.019531,39.996399,-117.699997
28,14,932.210022,-616.514221,449.272125,-121.880173,279.980499,1320.019531,39.996399,-117.699997
28,15,881.320007,186.936630,125.026672,39.996399,279.980499,1320.019531,39.996399,-117.699997
29,1,535.349976,127.907715,498.875031,-143.104080,279.980499,1320.019531,39.996399,-117.699997
29,2,822.719971,-253.527939,303.835541,39.996399,279.980499,1320.019531,39.996399,-117.699997
29,3,570.330017,-333.891785,706.438782,-155.067947,279.980499,1320.019531,39.996399,-117.699997
29,5,434.690002,12.180856,648.591125,-143.711533,279.980499,1320.019531,39.996399,-117.699997
29,6,444.660004,-124.828453,710.317139,-147.925034,279.980499,1320.019531,39.996399,-117.699997
29,7,412.109985,812.328979,995.352722,-100.953514,279.980499,1320.019531,39.996399,-117.699997
29,8,434.399994,-308.100555,1583.591309,-108.577148,279.980499,1320.019531,39.996399,-117.699997
29,9,665.900024,1235.074951,1637.551636,39.996399,279.980499,1320.019531,39.996399,-117.699997
29,10,235.130005,608.859741,1774.340698,39.996399,279.980499,1320.019531,39.996399,-117.699997
29,11,226.729996,489.853882,1827.332886,39.996399,279.980499,1320.019531,39.996399,-117.699997
29,12,624.140015,56.601074,2220.133301,39.996399,279.980499,1320.019531,39.996399,-117.699997
29,14,932.210022,-616.514221,449.272125,-121.880173,279.980499,1320.019531,39.996399,-117.699997
29,15,881.320007,186.936630,125.026672,39.996399,279.980499,1320.019531,39.996399,-117.699997
30,1,535.349976,127.907715,498.875031,-143.104080,279.980499,1320.019531,39.996399,-117.699997
30,2,822.719971,-253.527939,303.835541,39.996399,279.980499,1320.019531,39.996399,-117.699997
30,3,570.330017,-333.891785,706.438782,-155.067947,279.980499,1320.019531,39.996399,-117.699997
30,5,434.690002,12.180856,648.591125,-143.711533,279.980499,1320.019531,39.996399,-117.699997
30,6,444.660004,-124.828453,710.317139,-147.925034,279.980499,1320.019531,39.996399,-117.699997
30,7,412.109985,812.328979,995.352722,-100.953514,279.980499,1320.019531,39.996399,-117.699997
30,8,434.399994,-308.100555,1583.591309,-108.577148,279.980499,1320.019531,39.996399,-117.699997
30,9,665.900024,1235.074951,1637.551636,39.996399,279.980499,1320.019531,39.996399,-117.699997
30,10,235.130005,608.859741,1774.340698,39.996399,279.980499,1320.019531,39.996399,-117.699997
30,11,226.729996,489.853882,1827.332886,39.996399,279.980499,1320.019531,39.996399,-117.699997
30,12,624.140015,56.601074,2220.133301,39.996399,279.980499,1320.019531,39.996399,-117.699997
30,14,932.210022,-616.514221,449.272125,-121.880173,279.980499,1320.019531,39.996399,-117.699997
30,15,881.320007,186.936630,125.026672,39.996399,279.980499,1320.019531,39.996399,-117.699997
31,1,535.349976,127.907715,498.875031,-143.104080,279.980499,1320.019531,39.996399,-117.699997
31,2,822.719971,-253.527939,303.835541,39.996399,279.980499,1320.019531,39.996399,-117.699997
31,3,570.330017,-333.891785,706.438782,-155.067947,279.980499,1320.019531,39.996399,-117.699997
31,5,434.690002,12.180856,648.591125,-143.711533,279.980499,1320.019531,39.996399,-117.699997
31,6,444.660004,-124.828453,710.317139,-147.925034,279.980499,1320.019531,39.996399,-117.699997
31,7,412.109985,812.328979,995.352722,-100.953514,279.980499,1320.019531,39.996399,-117.699997
31,8,434.399994,-308.100555,1583.591309,-108.577148,279.980499,1320.019531,39.996399,-117.699997
31,9,665.900024,1235.074951,1637.551636,39.996399,279.980499,1320.019531,39.996399,-117.699997
31,10,235.130005,608.859741,1774.340698,39.996399,279.980499,1320.019531,39.996399,-117.699997
31,11,226.729996,489.853882,1827.332886,39.996399,279.980499,1320.019531,39.996399,-117.699997
31,12,624.140015,56.601074,2220.133301,39.996399,279.980499,1320.019531,39.996399,-117.699997
31,14,932.210022,-616.514221,449.272125,-121.880173,279.980499,1320.019531,39.996399,-117.699997
31,15,881.320007,186.936630,125.026672,39.996399,279.980499,1320.019531,39.996399,-117.699997
32,1,535.349976,127.907715,498.875031,-143.104080,279.980499,1320.019531,39.996399,-117.699997
32,2,822.719971,-253.527939,303.835541,39.996399,279.980499,1320.019531,39.996399,-117.699997
32,3,570.330017,-333.891785,706.438782,-155.067947,279.980499,1320.019531,39.996399,-117.699997
32,5,434.690002,12.180856,648.591125,-143.711533,279.980499,1320.019531,39.996399,-117.699997
32,6,444.660004,-124.828453,710.317139,-147.925034,279.980499,1320.019531,39.996399,-117.699997
32,7,412.109985,812.328979,995.352722,-100.953514,279.980499,1320.019531,39.996399,-117.699997
32,8,434.399994,-308.100555,1583.591309,-108.577148,279.980499,1320.019531,39.996399,-117.699997
32,9,665.900024,1235.074951,1637.551636,39.996399,279.980499,1320.019531,39.996399,-117.699997
32,10,235.130005,608.859741,1774.340698,39.996399,279.980499,1320.019531,39.996399,-117.699997
32,11,226.729996,489.853882,1827.332886,39.996399,279.980499,1320.019531,39.996399,-117.699997
32,12,624.140015,56.601074,2220.133301,39.996399,279.980499,1320.019531,39.996399,-117.699997
32,14,932.210022,-616.514221,449.272125,-121.880173,279.980499,1320.019531,39.996399,-117.699997
32,15,881.320007,186.936630,125.026672,39.996399,279.980499,1320.019531,39.996399,-117.699997
33,1,535.349976,127.907715,498.875031,-143.104080,279.980499,1320.019531,39.996399,-117.699997
33,2,822.719971,-253.527939,303.835541,39.996399,279.980499,1320.019531,39.996399,-117.699997
33,3,570.330017,-333.891785,706.438782,-155.067947,279.980499,1320.019531,39.996399,-117.699997
33,5,434.690002,12.180856,648.591125,-143.711533,279.980499,1320.019531,39.996399,-117.699997
33,6,444.660004,-124.828453,710.317139,-147.925034,279.980499,1320.019531,39.996399,-117.699997
33,7,412.109985,812.328979,995.352722,-100.953514,279.980499,1320.019531,39.996399,-117.699997
33,8,434.399994,-308.100555,1583.591309,-108.577148,279.980499,1320.019531,39.996399,-117.699997
33,9,665.900024,1235.074951,1637.551636,39.996399,279.980499,1320.019531,39.996399,-117.699997
33,10,235.130005,608.859741,1774.340698,39.996399,279.980499,1320.019531,39.996399,-117.699997
33,11,226.729996,489.853882,1827.332886,39.996399,279.980499,1320.019531,39.996399,-117.699997
33,12,624.140015,56.601074,2220.133301,39.996399,279.980499,1320.019531,39.996399,-117.699997
33,14,932.210022,-616.514221,449.272125,-121.880173,279.980499,1320.019531,39.996399,-117.699997
33,15,881.320007,186.936630,125.026672,39.996399,279.980499,1320.019531,39.996399,-117.699997
34,1,525.619995,79.132774,427.955261,-139.776230,229.980499,1240.038940,39.996399,-117.699997
34,2,735.510010,-262.989105,301.070160,39.996399,229.980499,1240.038940,39.996399,-117.699997
34,3,556.969971,-374.606201,634.907532,-150.498550,229.980499,1240.038940,39.996399,-117.699997
34,5,428.200012,-35.084976,573.818481,-140.968750,229.980499,1240.038940,39.996399,-117.699997
34,6,436.029999,-171.192719,637.261658,-144.277847,229.980499,1240.038940,39.996399,-117.699997
34,7,412.220001,762.420471,915.324158,-100.991142,229.980499,1240.038940,39.996399,-117.699997
34,8,435.369995,-358.907593,1504.034424,-108.908905,229.980499,1240.038940,39.996399,-117.699997
34,9,662.000000,1181.466675,1556.091309,39.996399,229.980499,1240.038940,39.996399,-117.699997
34,10,247.570007,564.642395,1705.374512,39.996399,229.980499,1240.038940,39.996399,-117.699997
34,11,238.380005,445.269287,1757.667236,39.996399,229.980499,1240.038940,39.996399,-117.699997
34,12,635.119995,4.262005,2150.880859,39.996399,229.980499,1240.038940,39.996399,-117.699997
34,14,844.760010,-602.816162,427.252441,-106.694633,229.980499,1240.038940,39.996399,-117.699997
34,15,802.059998,154.361633,122.367058,39.996399,229.980499,1240.038940,39.996399,-117.699997
35,1,525.619995,79.132774,427.955261,-139.776230,229.980499,1240.038940,39.996399,-117.699997
35,2,735.510010,-262.989105,301.070160,39.996399,229.980499,1240.038940,39.996399,-117.699997
35,3,556.969971,-374.606201,634.907532,-150.498550,229.980499,1240.038940,39.996399,-117.699997
35,5,428.200012,-35.084976,573.818481,-140.968750,229.980499,1240.038940,39.996399,-117.699997
35,6,436.029999,-171.192719,637.261658,-144.277847,229.980499,1240.038940,39.996399,-117.699997
35,7,412.220001,762.420471,915.324158,-100.991142,229.980499,1240.038940,39.996399,-117.699997
35,8,435.369995,-358.907593,1504.034424,-108.908905,229.980499,1240.038940,39.996399,-117.699997
35,9,662.000000,1181.466675,1556.091309,39.996399,229.980499,1240.038940,39.996399,-117.699997
35,10,247.570007,564.642395,1705.374512,39.996399,229.980499,1240.038940,39.996399,-117.699997
35,11,238.380005,445.269287,1757.667236,39.996399,229.980499,1240.038940,39.996399,-117.699997
35,12,635.119995,4.262005,2150.880859,39.996399,229.980499,1240.038940,39.996399,-117.699997
35,14,844.760010,-602.816162,427.252441,-106.694633,229.980499,1240.038940,39.996399,-117.699997
35,15,802.059998,154.361633,122.367058,39.996399,229.980499,1240.038940,39.996399,-117.699997
36,1,525.619995,79.132774,427.955261,-139.776230,229.980499,1240.038940,39.996399,-117.699997
36,2,735.510010,-262.989105,301.070160,39.996399,229.980499,1240.038940,39.996399,-117.699997
36,3,556.969971,-374.606201,634.907532,-150.498550,229.980499,1240.038940,39.996399,-117.699997
36,5,428.200012,-35.084976,573.818481,-140.968750,229.980499,1240.038940,39.996399,-117.699997
36,6,436.029999,-171.192719,637.261658,-144.277847,229.980499,1240.038940,39.996399,-117.699997
36,7,412.220001,762.420471,915.324158,-100.991142,229.980499,1240.038940,39.996399,-117.699997
36,8,435.369995,-358.907593,1504.034424,-108.908905,229.980499,1240.038940,39.996399,-117.699997
36,9,662.000000,1181.466675,1556.091309,39.996399,229.980499,1240.038940,39.996399,-117.699997
36,10,247.570007,564.642395,1705.374512,39.996399,229.980499,1240.038940,39.996399,-117.699997
36,11,238.380005,445.269287,1757.667236,39.996399,229.980499,1240.038940,39.996399,-117.699997
36,12,635.119995,4.262005,2150.880859,39.996399,229.980499,1240.038940,39.996399,-117.699997
36,14,844.760010,-602.816162,427.252441,-106.694633,229.980499,1240.038940,39.996399,-117.699997
36,15,802.059998,154.361633,122.367058,39.996399,229.980499,1240.038940,39.996399,-117.699997
37,1,525.619995,79.132774,427.955261,-139.776230,229.980499,1240.038940,39.996399,-117.699997
37,2,735.510010,-262.989105,301.070160,39.996399,229.980499,1240.038940,39.996399,-117.699997
37,3,556.969971,-374.606201,634.907532,-150.498550,229.980499,1240.038940,39.996399,-117.699997
37,5,428.200012,-35.084976,573.818481,-140.968750,229.980499,1240.038940,39.996399,-117.699997
37,6,436.029999,-171.192719,637.261658,-144.277847,229.980499,1240.038940,39.996399,-117.699997
37,7,412.220001,762.420471,915.324158,-100.991142,229.980499,1240.038940,39.996399,-117.699997
37,8,435.369995,-358.907593,1504.034424,-108.908905,229.980499,1240.038940,39.996399,-117.699997
37,9,662.000000,1181.466675,1556.091309,39.996399,229.980499,1240.038940,39.996399,-117.699997
37,10,247.570007,564.642395,1705.374512,39.996399,229.980499,1240.038940,39.996399,-117.699997
37,11,238.380005,445.269287,1757.667236,39.996399,229.980499,1240.038940,39.996399,-117.699997
37,12,635.119995,4.262005,2150.880859,39.996399,229.980499,1240.038940,39.996399,-117.699997
37,14,844.760010,-602.816162,427.252441,-106.694633,229.980499,1240.038940,39.996399,-117.699997
37,15,802.059998,154.361633,122.367058,39.996399,229.980499,1240.038940,39.996399,-117.699997
38,1,525.619995,79.132774,427.955261,-139.776230,229.980499,1240.038940,39.996399,-117.699997
38,2,735.510010,-262.989105,301.070160,39.996399,229.980499,1240.038940,39.996399,-117.699997
38,3,556.969971,-374.606201,634.907532,-150.498550,229.980499,1240.038940,39.996399,-117.699997
38,5,428.200012,-35.084976,573.818481,-140.968750,229.980499,1240.038940,39.996399,-117.699997
38,6,436.029999,-171.192719,637.261658,-144.277847,229.980499,1240.038940,39.996399,-117.699997
38,7,412.220001,762.420471,915.324158,-100.991142,229.980499,1240.038940,39.996399,-117.699997
38,8,435.369995,-358.907593,1504.034424,-108.908905,229.980499,1240.038940,39.996399,-117.699997
38,9,662.000000,1181.466675,1556.091309,39.996399,229.980499,1240.038940,39.996399,-117.699997
38,10,247.570007,564.642395,1705.374512,39.996399,229.980499,1240.038940,39.996399,-117.699997
38,11,238.380005,445.269287,1757.667236,39.996399,229.980499,1240.038940,39.996399,-117.699997
38,12,635.119995,4.262005,2150.880859,39.996399,229.980499,1240.038940,39.996399,-117.699997
38,14,844.760010,-602.816162,427.252441,-106.694633,229.980499,1240.038940,39.996399,-117.699997
38,15,802.059998,154.361633,122.367058,39.996399,229.980499,1240.038940,39.996399,-117.699997
39,1,525.619995,79.132774,427.955261,-139.776230,229.980499,1240.038940,39.996399,-117.699997
39,2,735.510010,-262.989105,301.070160,39.996399,229.980499,1240.038940,39.996399,-117.699997
39,3,556.969971,-374.606201,634.907532,-150.498550,229.980499,1240.038940,39.996399,-117.699997
39,5,428.200012,-35.084976,573.818481,-140.968750,229.980499,1240.038940,39.996399,-117.699997
39,6,436.029999,-171.192719,637.261658,-144.277847,229.980499,1240.038940,39.996399,-117.699997
39,7,412.220001,762.420471,915.324158,-100.991142,229.980499,1240.038940,39.996399,-117.699997
39,8,435.369995,-358.907593,1504.034424,-108.908905,229.980499,1240.038940,39.996399,-117.699997
39,9,662.000000,1181.466675,1556.091309,39.996399,229.980499,1240.038940,39.996399,-117.699997
39,10,247.570007,564.642395,1705.374512,39.996399,229.980499,1240.038940,39.996399,-117.699997
39,11,238.380005,445.269287,1757.667236,39.996399,229.980499,1240.038940,39.996399,-117.699997
39,12,635.119995,4.262005,2150.880859,39.996399,229.980499,1240.038940,39.996399,-117.699997
39,14,844.760010,-602.816162,427.252441,-106.694633,229.980499,1240.038940,39.996399,-117.699997
39,15,802.059998,154.361633,122.367058,39.996399,229.980499,1240.038940,39.996399,-117.699997
40,1,525.619995,79.132774,427.955261,-139.776230,229.980499,1240.038940,39.996399,-117.699997
40,2,735.510010,-262.989105,301.070160,39.996399,229.980499,1240.038940,39.996399,-117.699997
40,3,556.969971,-374.606201,634.907532,-150.498550,229.980499,1240.038940,39.996399,-117.699997
40,5,428.200012,-35.084976,573.818481,-140.968750,229.980499,1240.038940,39.996399,-117.699997
40,6,436.029999,-171.192719,637.261658,-144.277847,229.980499,1240.038940,39.996399,-117.699997
40,7,412.220001,762.420471,915.324158,-100.991142,229.980499,1240.038940,39.996399,-117.699997
40,8,435.369995,-358.907593,1504.034424,-108.908905,229.980499,1240.038940,39.996399,-117.699997
40,9,662.000000,1181.466675,1556.091309,39.996399,229.980499,1240.038940,39.996399,-117.699997
40,10,247.570007,564.642395,1705.374512,39.996399,229.980499,1240.038940,39.996399,-117.699997
40,11,238.380005,445.269287,1757.667236,39.996399,229.980499,1240.038940,39.996399,-117.699997
40,12,635.119995,4.262005,2150.880859,39.996399,229.980499,1240.038940,39.996399,-117.699997
40,14,844.760010,-602.816162,427.252441,-106.694633,229.980499,1240.038940,39.996399,-117.699997
40,15,802.059998,154.361633,122.367058,39.996399,229.980499,1240.038940,39.996399,-117.699997
41,1,525.619995,79.132774,427.955261,-139.776230,229.980499,1240.038940,39.996399,-117.699997
41,2,735.510010,-262.989105,301.070160,39.996399,229.980499,1240.038940,39.996399,-117.699997
41,3,556.969971,-374.606201,634.907532,-150.498550,229.980499,1240.038940,39.996399,-117.699997
41,5,428.200012,-35.084976,573.818481,-140.968750,229.980499,1240.038940,39.996399,-117.699997
41,6,436.029999,-171.192719,637.261658,-144.277847,229.980499,1240.038940,39.996399,-117.699997
41,7,412.220001,762.420471,915.324158,-100.991142,229.980499,1240.038940,39.996399,-117.699997
41,8,435.369995,-358.907593,1504.034424,-108.908905,229.980499,1240.038940,39.996399,-117.699997
41,9,662.000000,1181.466675,1556.091309,39.996399,229.980499,1240.038940,39.996399,-117.699997
41,10,247.570007,564.642395,1705.374512,39.996399,229.980499,1240.038940,39.996399,-117.699997
41,11,238.380005,445.269287,1757.667236,39.996399,229.980499,1240.038940,39.996399,-117.699997
41,12,635.119995,4.262005,2150.880859,39.996399,229.980499,1240.038940,39.996399,-117.699997
41,14,844.760010,-602.816162,427.252441,-106.694633,229.980499,1240.038940,39.996399,-117.699997
41,15,802.059998,154.361633,122.367058,39.996399,229.980499,1240.038940,39.996399,-117.699997
42,1,525.619995,79.132774,427.955261,-139.776230,229.980499,1240.038940,39.996399,-117.699997
42,2,735.510010,-262.989105,301.070160,39.996399,229.980499,1240.038940,39.996399,-117.699997
42,3,556.969971,-374.606201,634.907532,-150.498550,229.980499,1240.038940,39.996399,-117.699997
42,5,428.200012,-35.084976,573.818481,-140.968750,229.980499,1240.038940,39.996399,-117.699997
42,6,436.029999,-171.192719,637.261658,-144.277847,229.980499,1240.038940,39.996399,-117.699997
42,7,412.220001,762.420471,915.324158,-100.991142,229.980499,1240.038940,39.996399,-117.699997
42,8,435.369995,-358.907593,1504.034424,-108.908905,229.980499,1240.038940,39.996399,-117.699997
42,9,662.000000,1181.466675,1556.091309,39.996399,229.980499,1240.038940,39.996399,-117.699997
42,10,247.570007,564.642395,1705.374512,39.996399,229.980499,1240.038940,39.996399,-117.699997
42,11,238.380005,445.269287,1757.667236,39.996399,229.980499,1240.038940,39.996399,-117.699997
42,12,635.119995,4.262005,2150.880859,39.996399,229.980499,1240.038940,39.996399,-117.699997
42,14,844.760010,-602.816162,427.252441,-106.694633,229.980499,1240.038940,39.996399,-117.699997
42,15,802.059998,154.361633,122.367058,39.996399,229.980499,1240.038940,39.996399,-117.699997
43,1,525.619995,79.132774,427.955261,-139.776230,229.980499,1240.038940,39.996399,-117.699997
43,2,735.510010,-262.989105,301.070160,39.996399,229.980499,1240.038940,39.996399,-117.699997
43,3,556.969971,-374.606201,634.907532,-150.498550,229.980499,1240.038940,39.996399,-117.699997
43,5,428.200012,-35.084976,573.818481,-140.968750,229.980499,1240.038940,39.996399,-117.699997
43,6,436.029999,-171.192719,637.261658,-144.277847,229.980499,1240.038940,39.996399,-117.699997
43,7,412.220001,762.420471,915.324158,-100.991142,229.980499,1240.038940,39.996399,-117.699997
43,8,435.369995,-358.907593,1504.034424,-108.908905,229.980499,1240.038940,39.996399,-117.699997
43,9,662.000000,1181.466675,1556.091309,39.996399,229.980499,1240.038940,39.996399,-117.699997
43,10,247.570007,564.642395,1705.374512,39.996399,229.980499,1240.038940,39.996399,-117.699997
43,11,238.380005,445.269287,1757.667236,39.996399,229.980499,1240.038940,39.996399,-117.699997
43,12,635.119995,4.262005,2150.880859,39.996399,229.980499,1240.038940,39.996399,-117.699997
43,14,844.760010,-602.816162,427.252441,-106.694633,229.980499,1240.038940,39.996399,-117.699997
43,15,802.059998,154.361633,122.367058,39.996399,229.980499,1240.038940,39.996399,-117.699997
44,1,525.619995,79.132774,427.955261,-139.776230,229.980499,1240.038940,39.996399,-117.699997
44,2,735.510010,-262.989105,301.070160,39.996399,229.980499,1240.038940,39.996399,-117.699997
44,3,556.969971,-374.606201,634.907532,-150.498550,229.980499,1240.038940,39.996399,-117.699997
44,5,428.200012,-35.084976,573.818481,-140.968750,229.980499,1240.038940,39.996399,-117.699997
44,6,436.029999,-171.192719,637.261658,-144.277847,229.980499,1240.038940,39.996399,-117.699997
44,7,412.220001,762.420471,915.324158,-100.991142,229.980499,1240.038940,39.996399,-117.699997
44,8,435.369995,-358.907593,1504.034424,-108.908905,229.980499,1240.038940,39.996399,-117.699997
44,9,662.000000,1181.466675,1556.091309,39.996399,229.980499,1240.038940,39.996399,-117.699997
44,10,247.570007,564.642395,1705.374512,39.996399,229.980499,1240.038940,39.996399,-117.699997
44,11,238.380005,445.269287,1757.667236,39.996399,229.980499,1240.038940,39.996399,-117.699997
44,12,635.119995,4.262005,2150.880859,39.996399,229.980499,1240.038940,39.996399,-117.699997
44,14,844.760010,-602.816162,427.252441,-106.694633,229.980499,1240.038940,39.996399,-117.699997
44,15,802.059998,154.361633,122.367058,39.996399,229.980499,1240.038940,39.996399,-117.699997
45,1,525.619995,79.132774,427.955261,-139.776230,229.980499,1240.038940,39.996399,-117.699997
45,2,735.510010,-262.989105,301.070160,39.996399,229.980499,1240.038940,39.996399,-117.699997
45,3,556.969971,-374.606201,634.907532,-150.498550,229.980499,1240.038940,39.996399,-117.699997
45,5,428.200012,-35.084976,573.818481,-140.968750,229.980499,1240.038940,39.996399,-117.699997
45,6,436.029999,-171.192719,637.261658,-144.277847,229.980499,1240.038940,39.996399,-117.699997
45,7,412.220001,762.420471,915.324158,-100.991142,229.980499,1240.038940,39.996399,-117.699997
45,8,435.369995,-358.907593,1504.034424,-108.908905,229.980499,1240.038940,39.996399,-117.699997
45,9,662.000000,1181.466675,1556.091309,39.996399,229.980499,1240.038940,39.996399,-117.699997
45,10,247.570007,564.642395,1705.374512,39.996399,229.980499,1240.038940,39.996399,-117.699997
45,11,238.380005,445.269287,1757.667236,39.996399,229.980499,1240.038940,39.996399,-117.699997
45,12,635.119995,4.262005,2150.880859,39.996399,229.980499,1240.038940,39.996399,-117.699997
45,14,844.760010,-602.816162,427.252441,-106.694633,229.980499,1240.038940,39.996399,-117.699997
45,15,802.059998,154.361633,122.367058,39.996399,229.980499,1240.038940,39.996399,-117.699997
46,1,525.619995,79.132774,427.955261,-139.776230,229.980499,1240.038940,39.996399,-117.699997
46,2,735.510010,-262.989105,301.070160,39.996399,229.980499,1240.038940,39.996399,-117.699997
46,3,556.969971,-374.606201,634.907532,-150.498550,229.980499,1240.038940,39.996399,-117.699997
46,5,428.200012,-35.084976,573.818481,-140.968750,229.980499,1240.038940,39.996399,-117.699997
46,6,436.029999,-171.192719,637.261658,-144.277847,229.980499,1240.038940,39.996399,-117.699997
46,7,412.220001,762.420471,915.324158,-100.991142,229.980499,1240.038940,39.996399,-117.699997
46,8,435.369995,-358.907593,1504.034424,-108.908905,229.980499,1240.038940,39.996399,-117.699997
46,9,662.000000,1181.466675,1556.091309,39.996399,229.980499,1240.038940,39.996399,-117.699997
46,10,247.570007,564.642395,1705.374512,39.996399,229.980499,1240.038940,39.996399,-117.699997
46,11,238.380005,445.269287,1757.667236,39.996399,229.980499,1240.038940,39.996399,-117.699997
46,12,635.119995,4.262005,2150.880859,39.996399,229.980499,1240.038940,39.996399,-117.699997
46,14,844.760010,-602.816162,427.252441,-106.694633,229.980499,1240.038940,39.996399,-117.699997
46,15,802.059998,154.361633,122.367058,39.996399,229.980499,1240.038940,39.996399,-117.699997
47,1,519.219971,29.938578,333.915100,-127.589691,179.980499,1140.038940,49.993999,-117.699997
47,2,620.080017,-259.332397,303.271149,49.993999,179.980499,1140.038940,49.993999,-117.699997
47,3,550.000000,-419.761902,539.315491,-138.117081,179.980499,1140.038940,49.993999,-117.699997
47,5,423.119995,-82.944817,477.894867,-128.824234,179.980499,1140.038940,49.993999,-117.699997
47,6,429.579987,-218.475388,542.437439,-131.554352,179.980499,1140.038940,49.993999,-117.699997
47,7,411.399994,711.738220,815.682312,-90.713081,179.980499,1140.038940,49.993999,-117.699997
47,8,434.679993,-408.333527,1403.733032,-98.675316,179.980499,1140.038940,49.993999,-117.699997
47,9,659.429993,1129.088867,1455.116089,49.993999,179.980499,1140.038940,49.993999,-117.699997
47,10,254.970001,518.082214,1611.926392,49.993999,179.980499,1140.038940,49.993999,-117.699997
47,11,245.029999,398.360504,1663.555054,49.993999,179.980499,1140.038940,49.993999,-117.699997
47,12,641.820007,-47.165302,2057.427002,49.993999,179.980499,1140.038940,49.993999,-117.699997
47,14,737.179993,-574.455444,398.555176,-78.015961,179.980499,1140.038940,49.993999,-117.699997
47,15,696.070007,127.663132,125.763954,49.993999,179.980499,1140.038940,49.993999,-117.699997
47,16,670.150024,-607.620117,540.073792,49.993999,179.980499,1140.038940,49.993999,-117.699997
48,1,519.219971,29.938578,333.915100,-127.589691,179.980499,1140.038940,49.993999,-117.699997
48,2,620.080017,-259.332397,303.271149,49.993999,179.980499,1140.038940,49.993999,-117.699997
48,3,550.000000,-419.761902,539.315491,-138.117081,179.980499,1140.038940,49.993999,-117.699997
48,5,423.119995,-82.944817,477.894867,-128.824234,179.980499,1140.038940,49.993999,-117.699997
48,6,429.579987,-218.475388,542.437439,-131.554352,179.980499,1140.038940,49.993999,-117.699997
48,7,411.399994,711.738220,815.682312,-90.713081,179.980499,1140.038940,49.993999,-117.699997
48,8,434.679993,-408.333527,1403.733032,-98.675316,179.980499,1140.038940,49.993999,-117.699997
48,9,659.429993,1129.088867,1455.116089,49.993999,179.980499,1140.038940,49.993999,-117.699997
48,10,254.970001,518.082214,1611.926392,49.993999,179.980499,1140.038940,49.993999,-117.699997
48,11,245.029999,398.360504,1663.555054,49.993999,179.980499,1140.038940,49.993999,-117.699997
48,12,641.820007,-47.165302,2057.427002,49.993999,179.980499,1140.038940,49.993999,-117.699997
48,14,737.179993,-574.455444,398.555176,-78.015961,179.980499,1140.038940,49.993999,-117.699997
48,15,696.070007,127.663132,125.763954,49.993999,179.980499,1140.038940,49.993999,-117.699997
48,16,670.150024,-607.620117,540.073792,49.993999,179.980499,1140.038940,49.993999,-117.699997
49,1,519.219971,29.938578,333.915100,-127.589691,179.980499,1140.038940,49.993999,-117.699997
49,2,620.080017,-259.332397,303.271149,49.993999,179.980499,1140.038940,49.993999,-117.699997
49,3,550.000000,-419.761902,539.315491,-138.117081,179.980499,1140.038940,49.993999,-117.699997
49,5,423.119995,-82.944817,477.894867,-128.824234,179.980499,1140.038940,49.993999,-117.699997
49,6,429.579987,-218.475388,542.437439,-131.554352,179.980499,1140.038940,49.993999,-117.699997
49,7,411.399994,711.738220,815.682312,-90.713081,179.980499,1140.038940,49.993999,-117.699997
49,8,434.679993,-408.333527,1403.733032,-98.675316,179.980499,1140.038940,49.993999,-117.699997
49,9,659.429993,1129.088867,1455.116089,49.993999,179.980499,1140.038940,49.993999,-117.699997
49,10,254.970001,518.082214,1611.926392,49.993999,179.980499,1140.038940,49.993999,-117.699997
49,11,245.029999,398.360504,1663.555054,49.993999,179.980499,1140.038940,49.993999,-117.699997
49,12,641.820007,-47.165302,2057.427002,49.993999,179.980499,1140.038940,49.993999,-117.699997
49,14,737.179993,-574.455444,398.555176,-78.015961,179.980499,1140.038940,49.993999,-117.699997
49,15,696.070007,127.663132,125.763954,49.993999,179.980499,1140.038940,49.993999,-117.699997
49,16,670.150024,-607.620117,540.073792,49.993999,179.980499,1140.038940,49.993999,-117.699997
50,1,519.219971,29.938578,333.915100,-127.589691,179.980499,1140.038940,49.993999,-117.699997
50,2,620.080017,-259.332397,303.271149,49.993999,179.980499,1140.038940,49.993999,-117.699997
50,3,550.000000,-419.761902,539.315491,-138.117081,179.980499,1140.038940,49.993999,-117.699997
50,5,423.119995,-82.944817,477.894867,-128.824234,179.980499,1140.038940,49.993999,-117.699997
50,6,429.579987,-218.475388,542.437439,-131.554352,179.980499,1140.038940,49.993999,-117.699997
50,7,411.399994,711.738220,815.682312,-90.713081,179.980499,1140.038940,49.993999,-117.699997
50,8,434.679993,-408.333527,1403.733032,-98.675316,179.980499,1140.038940,49.993999,-117.699997
50,9,659.429993,1129.088867,1455.116089,49.993999,179.980499,1140.038940,49.993999,-117.699997
50,10,254.970001,518.082214,1611.926392,49.993999,179.980499,1140.038940,49.993999,-117.699997
50,11,245.029999,398.360504,1663.555054,49.993999,179.980499,1140.038940,49.993999,-117.699997
50,12,641.820007,-47.165302,2057.427002,49.993999,179.980499,1140.038940,49.993999,-117.699997
50,14,737.179993,-574.455444,398.555176,-78.015961,179.980499,1140.038940,49.993999,-117.699997
50,15,696.070007,127.663132,125.763954,49.993999,179.980499,1140.038940,49.993999,-117.699997
50,16,670.150024,-607.620117,540.073792,49.993999,179.980499,1140.038940,49.993999,-117.699997
51,1,519.219971,29.938578,333.915100,-127.589691,179.980499,1140.038940,49.993999,-117.699997
51,2,620.080017,-259.332397,303.271149,49.993999,179.980499,1140.038940,49.993999,-117.699997
51,3,550.000000,-419.761902,539.315491,-138.117081,179.980499,1140.038940,49.993999,-117.699997
51,5,423.119995,-82.944817,477.894867,-128.824234,179.980499,1140.038940,49.993999,-117.699997
51,6,429.579987,-218.475388,542.437439,-131.554352,179.980499,1140.038940,49.993999,-117.699997
51,7,411.399994,711.738220,815.682312,-90.713081,179.980499,1140.038940,49.993999,-117.699997
51,8,434.679993,-408.333527,1403.733032,-98.675316,179.980499,1140.038940,49.993999,-117.699997
51,9,659.429993,1129.088867,1455.116089,49.993999,179.980499,1140.038940,49.993999,-117.699997
51,10,254.970001,518.082214,1611.926392,49.993999,179.980499,1140.038940,49.993999,-117.699997
51,11,245.029999,398.360504,1663.555054,49.993999,179.980499,1140.038940,49.993999,-117.699997
51,12,641.820007,-47.165302,2057.427002,49.993999,179.980499,1140.038940,49.993999,-117.699997
51,14,737.179993,-574.455444,398.555176,-78.015961,179.980499,1140.038940,49.993999,-117.699997
51,15,696.070007,127.663132,125.763954,49.993999,179.980499,1140.038940,49.993999,-117.699997
51,16,670.150024,-607.620117,540.073792,49.993999,179.980499,1140.038940,49.993999,-117.699997
52,1,519.219971,29.938578,333.915100,-127.589691,179.980499,1140.038940,49.993999,-117.699997
52,2,620.080017,-259.332397,303.271149,49.993999,179.980499,1140.038940,49.993999,-117.699997
52,3,550.000000,-419.761902,539.315491,-138.117081,179.980499,1140.038940,49.993999,-117.699997
52,5,423.119995,-82.944817,477.894867,-128.824234,179.980499,1140.038940,49.993999,-117.699997
52,6,429.579987,-218.475388,542.437439,-131.554352,179.980499,1140.038940,49.993999,-117.699997
52,7,411.399994,711.738220,815.682312,-90.713081,179.980499,1140.038940,49.993999,-117.699997
52,8,434.679993,-408.333527,1403.733032,-98.675316,179.980499,1140.038940,49.993999,-117.699997
52,9,659.429993,1129.088867,1455.116089,49.993999,179.980499,1140.038940,49.993999,-117.699997
52,10,254.970001,518.082214,1611.926392,49.993999,179.980499,1140.038940,49.993999,-117.699997
52,11,245.029999,398.360504,1663.555054,49.993999,179.980499,1140.038940,49.993999,-117.699997
52,12,641.820007,-47.165302,2057.427002,49.993999,179.980499,1140.038940,49.993999,-117.699997
52,14,737.179993,-574.455444,398.555176,-78.015961,179.980499,1140.038940,49.993999,-117.699997
52,15,696.070007,127.663132,125.763954,49.993999,179.980499,1140.038940,49.993999,-117.699997
52,16,670.150024,-607.620117,540.073792,49.993999,179.980499,1140.038940,49.993999,-117.699997
53,1,519.219971,29.938578,333.915100,-127.589691,179.980499,1140.038940,49.993999,-117.699997
53,2,620.080017,-259.332397,303.271149,49.993999,179.980499,1140.038940,49.993999,-117.699997
53,3,550.000000,-419.761902,539.315491,-138.117081,179.980499,1140.038940,49.993999,-117.699997
53,5,423.119995,-82.944817,477.894867,-128.824234,179.980499,1140.038940,49.993999,-117.699997
53,6,429.579987,-218.475388,542.437439,-131.554352,179.980499,1140.038940,49.993999,-117.699997
53,7,411.399994,711.738220,815.682312,-90.713081,179.980499,1140.038940,49.993999,-117.699997
53,8,434.679993,-408.333527,1403.733032,-98.675316,179.980499,1140.038940,49.993999,-117.699997
53,9,659.429993,1129.088867,1455.116089,49.993999,179.980499,1140.038940,49.993999,-117.699997
53,10,254.970001,518.082214,1611.926392,49.993999,179.980499,1140.038940,49.993999,-117.699997
53,11,245.029999,398.360504,1663.555054,49.993999,179.980499,1140.038940,49.993999,-117.699997
53,12,641.820007,-47.165302,2057.427002,49.993999,179.980499,1140.038940,49.993999,-117.699997
53,14,737.179993,-574.455444,398.555176,-78.015961,179.980499,1140.038940,49.993999,-117.699997
53,15,696.070007,127.663132,125.763954,49.993999,179.980499,1140.038940,49.993999,-117.699997
53,16,670.150024,-607.620117,540.073792,49.993999,179.980499,1140.038940,49.993999,-117.699997
54,1,519.219971,29.938578,333.915100,-127.589691,179.980499,1140.038940,49.993999,-117.699997
54,2,620.080017,-259.332397,303.271149,49.993999,179.980499,1140.038940,49.993999,-117.699997
54,3,550.000000,-419.761902,539.315491,-138.117081,179.980499,1140.038940,49.993999,-117.699997
54,5,423.119995,-82.944817,477.894867,-128.824234,179.980499,1140.038940,49.993999,-117.699997
54,6,429.579987,-218.475388,542.437439,-131.554352,179.980499,1140.038940,49.993999,-117.699997
54,7,411.399994,711.738220,815.682312,-90.713081,179.980499,1140.038940,49.993999,-117.699997
54,8,434.679993,-408.333527,1403.733032,-98.675316,179.980499,1140.038940,49.993999,-117.699997
54,9,659.429993,1129.088867,1455.116089,49.993999,179.980499,1140.038940,49.993999,-117.699997
54,10,254.970001,518.082214,1611.926392,49.993999,179.980499,1140.038940,49.993999,-117.699997
54,11,245.029999,398.360504,1663.555054,49.993999,179.980499,1140.038940,49.993999,-117.699997
54,12,641.820007,-47.165302,2057.427002,49.993999,179.980499,1140.038940,49.993999,-117.699997
54,14,737.179993,-574.455444,398.555176,-78.015961,179.980499,1140.038940,49.993999,-117.699997
54,15,696.070007,127.663132,125.763954,49.993999,179.980499,1140.038940,49.993999,-117.699997
54,16,670.150024,-607.620117,540.073792,49.993999,179.980499,1140.038940,49.993999,-117.699997
55,1,519.219971,29.938578,333.915100,-127.589691,179.980499,1140.038940,49.993999,-117.699997
55,2,620.080017,-259.332397,303.271149,49.993999,179.980499,1140.038940,49.993999,-117.699997
55,3,550.000000,-419.761902,539.315491,-138.117081,179.980499,1140.038940,49.993999,-117.699997
55,5,423.119995,-82.944817,477.894867,-128.824234,179.980499,1140.038940,49.993999,-117.699997
55,6,429.579987,-218.475388,542.437439,-131.554352,179.980499,1140.038940,49.993999,-117.699997
55,7,411.399994,711.738220,815.682312,-90.713081,179.980499,1140.038940,49.993999,-117.699997
55,8,434.679993,-408.333527,1403.733032,-98.675316,179.980499,1140.038940,49.993999,-117.699997
55,9,659.429993,1129.088867,1455.116089,49.993999,179.980499,1140.038940,49.993999,-117.699997
55,10,254.970001,518.082214,1611.926392,49.993999,179.980499,1140.038940,49.993999,-117.699997
55,11,245.029999,398.360504,1663.555054,49.993999,179.980499,1140.038940,49.993999,-117.699997
55,12,641.820007,-47.165302,2057.427002,49.993999,179.980499,1140.038940,49.993999,-117.699997
55,14,737.179993,-574.455444,398.555176,-78.015961,179.980499,1140.038940,49.993999,-117.699997
55,15,696.070007,127.663132,125.763954,49.993999,179.980499,1140.038940,49.993999,-117.699997
55,16,670.150024,-607.620117,540.073792,49.993999,179.980499,1140.038940,49.993999,-117.699997
56,1,519.219971,29.938578,333.915100,-127.589691,179.980499,1140.038940,49.993999,-117.699997
56,2,620.080017,-259.332397,303.271149,49.993999,179.980499,1140.038940,49.993999,-117.699997
56,3,550.000000,-419.761902,539.315491,-138.117081,179.980499,1140.038940,49.993999,-117.699997
56,5,423.119995,-82.944817,477.894867,-128.824234,179.980499,1140.038940,49.993999,-117.699997
56,6,429.579987,-218.475388,542.437439,-131.554352,179.980499,1140.038940,49.993999,-117.699997
56,7,411.399994,711.738220,815.682312,-90.713081,179.980499,1140.038940,49.993999,-117.699997
56,8,434.679993,-408.333527,1403.733032,-98.675316,179.980499,1140.038940,49.993999,-117.699997
56,9,659.429993,1129.088867,1455.116089,49.993999,179.980499,1140.038940,49.993999,-117.699997
56,10,254.970001,518.082214,1611.926392,49.993999,179.980499,1140.038940,49.993999,-117.699997
56,11,245.029999,398.360504,1663.555054,49.993999,179.980499,1140.038940,49.993999,-117.699997
56,12,641.820007,-47.165302,2057.427002,49.993999,179.980499,1140.038940,49.993999,-117.699997
56,14,737.179993,-574.455444,398.555176,-78.015961,179.980499,1140.038940,49.993999,-117.699997
56,15,696.070007,127.663132,125.763954,49.993999,179.980499,1140.038940,49.993999,-117.699997
56,16,670.150024,-607.620117,540.073792,49.993999,179.980499,1140.038940,49.993999,-117.699997
57,1,519.219971,29.938578,333.915100,-127.589691,179.980499,1140.038940,49.993999,-117.699997
57,2,620.080017,-259.332397,303.271149,49.993999,179.980499,1140.038940,49.993999,-117.699997
57,3,550.000000,-419.761902,539.315491,-138.117081,179.980499,1140.038940,49.993999,-117.699997
57,5,423.119995,-82.944817,477.894867,-128.824234,179.980499,1140.038940,49.993999,-117.699997
57,6,429.579987,-218.475388,542.437439,-131.554352,179.980499,1140.038940,49.993999,-117.699997
57,7,411.399994,711.738220,815.682312,-90.713081,179.980499,1140.038940,49.993999,-117.699997
57,8,434.679993,-408.333527,1403.733032,-98.675316,179.980499,1140.038940,49.993999,-117.699997
57,9,659.429993,1129.088867,1455.116089,49.993999,179.980499,1140.038940,49.993999,-117.699997
57,10,254.970001,518.082214,1611.926392,49.993999,179.980499,1140.038940,49.993999,-117.699997
57,11,245.029999,398.360504,1663.555054,49.993999,179.980499,1140.038940,49.993999,-117.699997
57,12,641.820007,-47.165302,2057.427002,49.993999,179.980499,1140.038940,49.993999,-117.699997
57,14,737.179993,-574.455444,398.555176,-78.015961,179.980499,1140.038940,49.993999,-117.699997
57,15,696.070007,127.663132,125.763954,49.993999,179.980499,1140.038940,49.993999,-117.699997
57,16,670.150024,-607.620117,540.073792,49.993999,179.980499,1140.038940,49.993999,-117.699997
58,1,519.219971,29.938578,333.915100,-127.589691,179.980499,1140.038940,49.993999,-117.699997
58,2,620.080017,-259.332397,303.271149,49.993999,179.980499,1140.038940,49.993999,-117.699997
58,3,550.000000,-419.761902,539.315491,-138.117081,179.980499,1140.038940,49.993999,-117.699997
58,5,423.119995,-82.944817,477.894867,-128.824234,179.980499,1140.038940,49.993999,-117.699997
58,6,429.579987,-218.475388,542.437439,-131.554352,179.980499,1140.038940,49.993999,-117.699997
58,7,411.399994,711.738220,815.682312,-90.713081,179.980499,1140.038940,49.993999,-117.699997
58,8,434.679993,-408.333527,1403.733032,-98.675316,179.980499,1140.038940,49.993999,-117.699997
58,9,659.429993,1129.088867,1455.116089,49.993999,179.980499,1140.038940,49.993999,-117.699997
58,10,254.970001,518.082214,1611.926392,49.993999,179.980499,1140.038940,49.993999,-117.699997
58,11,245.029999,398.360504,1663.555054,49.993999,179.980499,1140.038940,49.993999,-117.699997
58,12,641.820007,-47.165302,2057.427002,49.993999,179.980499,1140.038940,49.993999,-117.699997
58,14,737.179993,-574.455444,398.555176,-78.015961,179.980499,1140.038940,49.993999,-117.699997
58,15,696.070007,127.663132,125.763954,49.993999,179.980499,1140.038940,49.993999,-117.699997
58,16,670.150024,-607.620117,540.073792,49.993999,179.980499,1140.038940,49.993999,-117.699997
59,1,510.690002,-18.987450,241.858368,-114.674667,129.980499,1040.038940,59.991600,-117.699997
59,2,506.029999,-256.317139,304.250305,59.991600,129.980499,1040.038940,59.991600,-117.699997
59,3,539.669983,-462.582275,445.848450,-124.586403,129.980499,1040.038940,59.991600,-117.699997
59,5,415.579987,-129.768280,383.945251,-115.640091,129.980499,1040.038940,59.991600,-117.699997
59,6,421.059998,-264.886017,449.274170,-117.956047,129.980499,1040.038940,59.991600,-117.699997
59,7,412.809998,662.911377,715.066406,-81.197731,129.980499,1040.038940,59.991600,-117.699997
59,8,433.579987,-457.418304,1303.252563,-88.301491,129.980499,1040.038940,59.991600,-117.699997
59,9,659.090027,1078.774292,1354.987061,59.991600,129.980499,1040.038940,59.991600,-117.699997
59,10,270.809998,475.445282,1525.951050,59.991600,129.980499,1040.038940,59.991600,-117.699997
59,11,257.459991,354.138489,1574.560547,59.991600,129.980499,1040.038940,59.991600,-117.699997
59,12,652.770020,-99.497986,1968.125732,59.991600,129.980499,1040.038940,59.991600,-117.699997
59,13,684.520020,-45.011440,49.380699,-58.874054,129.980499,1040.038940,59.991600,-117.699997
59,14,629.400024,-545.949158,369.990448,-49.302567,129.980499,1040.038940,59.991600,-117.699997
59,15,592.109985,100.518341,127.180550,59.991600,129.980499,1040.038940,59.991600,-117.699997
59,16,568.049988,-588.380005,515.108643,59.991600,129.980499,1040.038940,59.991600,-117.699997
60,1,510.690002,-18.987450,241.858368,-114.674667,129.980499,1040.038940,59.991600,-117.699997
60,2,506.029999,-256.317139,304.250305,59.991600,129.980499,1040.038940,59.991600,-117.699997
60,3,539.669983,-462.582275,445.848450,-124.586403,129.980499,1040.038940,59.991600,-117.699997
60,5,415.579987,-129.768280,383.945251,-115.640091,129.980499,1040.038940,59.991600,-117.699997
60,6,421.059998,-264.886017,449.274170,-117.956047,129.980499,1040.038940,59.991600,-117.699997
60,7,412.809998,662.911377,715.066406,-81.197731,129.980499,1040.038940,59.991600,-117.699997
60,8,433.579987,-457.418304,1303.252563,-88.301491,129.980499,1040.038940,59.991600,-117.699997
60,9,659.090027,1078.774292,1354.987061,59.991600,129.980499,1040.038940,59.991600,-117.699997
60,10,270.809998,475.445282,1525.951050,59.991600,129.980499,1040.038940,59.991600,-117.699997
60,11,257.459991,354.138489,1574.560547,59.991600,129.980499,1040.038940,59.991600,-117.699997
60,12,652.770020,-99.497986,1968.125732,59.991600,129.980499,1040.038940,59.991600,-117.699997
60,13,684.520020,-45.011440,49.380699,-58.874054,129.980499,1040.038940,59.991600,-117.699997
60,14,629.400024,-545.949158,369.990448,-49.302567,129.980499,1040.038940,59.991600,-117.699997
60,15,592.109985,100.518341,127.180550,59.991600,129.980499,1040.038940,59.991600,-117.699997
60,16,568.049988,-588.380005,515.108643,59.991600,129.980499,1040.038940,59.991600,-117.699997
61,1,510.690002,-18.987450,241.858368,-114.674667,129.980499,1040.038940,59.991600,-117.699997
61,2,506.029999,-256.317139,304.250305,59.991600,129.980499,1040.038940,59.991600,-117.699997
61,3,539.669983,-462.582275,445.848450,-124.586403,129.980499,1040.038940,59.991600,-117.699997
61,5,415.579987,-129.768280,383.945251,-115.640091,129.980499,1040.038940,59.991600,-117.699997
61,6,421.059998,-264.886017,449.274170,-117.956047,129.980499,1040.038940,59.991600,-117.699997
61,7,412.809998,662.911377,715.066406,-81.197731,129.980499,1040.038940,59.991600,-117.699997
61,8,433.579987,-457.418304,1303.252563,-88.301491,129.980499,1040.038940,59.991600,-117.699997
61,9,659.090027,1078.774292,1354.987061,59.991600,129.980499,1040.038940,59.991600,-117.699997
61,10,270.809998,475.445282,1525.951050,59.991600,129.980499,1040.038940,59.991600,-117.699997
61,11,257.459991,354.138489,1574.560547,59.991600,129.980499,1040.038940,59.991600,-117.699997
61,12,652.770020,-99.497986,1968.125732,59.991600,129.980499,1040.038940,59.991600,-117.699997
61,13,684.520020,-45.011440,49.380699,-58.874054,129.980499,1040.038940,59.991600,-117.699997
61,14,629.400024,-545.949158,369.990448,-49.302567,129.980499,1040.038940,59.991600,-117.699997
61,15,592.109985,100.518341,127.180550,59.991600,129.980499,1040.038940,59.991600,-117.699997
61,16,568.049988,-588.380005,515.108643,59.991600,129.980499,1040.038940,59.991600,-117.699997
62,1,510.690002,-18.987450,241.858368,-114.674667,129.980499,1040.038940,59.991600,-117.699997
62,2,506.029999,-256.317139,304.250305,59.991600,129.980499,1040.038940,59.991600,-117.699997
62,3,539.669983,-462.582275,445.848450,-124.586403,129.980499,1040.038940,59.991600,-117.699997
62,5,415.579987,-129.768280,383.945251,-115.640091,129.980499,1040.038940,59.991600,-117.699997
62,6,421.059998,-264.886017,449.274170,-117.956047,129.980499,1040.038940,59.991600,-117.699997
62,7,412.809998,662.911377,715.066406,-81.197731,129.980499,1040.038940,59.991600,-117.699997
62,8,433.579987,-457.418304,1303.252563,-88.301491,129.980499,1040.038940,59.991600,-117.699997
62,9,659.090027,1078.774292,1354.987061,59.991600,129.980499,1040.038940,59.991600,-117.699997
62,10,270.809998,475.445282,1525.951050,59.991600,129.980499,1040.038940,59.991600,-117.699997
62,11,257.459991,354.138489,1574.560547,59.991600,129.980499,1040.038940,59.991600,-117.699997
62,12,652.770020,-99.497986,1968.125732,59.991600,129.980499,1040.038940,59.991600,-117.699997
62,13,684.520020,-45.011440,49.380699,-58.874054,129.980499,1040.038940,59.991600,-117.699997
62,14,629.400024,-545.949158,369.990448,-49.302567,129.980499,1040.038940,59.991600,-117.699997
62,15,592.109985,100.518341,127.180550,59.991600,129.980499,1040.038940,59.991600,-117.699997
62,16,568.049988,-588.380005,515.108643,59.991600,129.980499,1040.038940,59.991600,-117.699997
63,1,510.690002,-18.987450,241.858368,-114.674667,129.980499,1040.038940,59.991600,-117.699997
63,2,506.029999,-256.317139,304.250305,59.991600,129.980499,1040.038940,59.991600,-117.699997
63,3,539.669983,-462.582275,445.848450,-124.586403,129.980499,1040.038940,59.991600,-117.699997
63,5,415.579987,-129.768280,383.945251,-115.640091,129.980499,1040.038940,59.991600,-117.699997
63,6,421.059998,-264.886017,449.274170,-117.956047,129.980499,1040.038940,59.991600,-117.699997
63,7,412.809998,662.911377,715.066406,-81.197731,129.980499,1040.038940,59.991600,-117.699997
63,8,433.579987,-457.418304,1303.252563,-88.301491,129.980499,1040.038940,59.991600,-117.699997
63,9,659.090027,1078.774292,1354.987061,59.991600,129.980499,1040.038940,59.991600,-117.699997
63,10,270.809998,475.445282,1525.951050,59.991600,129.980499,1040.038940,59.991600,-117.699997
63,11,257.459991,354.138489,1574.560547,59.991600,129.980499,1040.038940,59.991600,-117.699997
63,12,652.770020,-99.497986,1968.125732,59.991600,129.980499,1040.038940,59.991600,-117.699997
63,13,684.520020,-45.011440,49.380699,-58.874054,129.980499,1040.038940,59.991600,-117.699997
63,14,629.400024,-545.949158,369.990448,-49.302567,129.980499,1040.038940,59.991600,-117.699997
63,15,592.109985,100.518341,127.180550,59.991600,129.980499,1040.038940,59.991600,-117.699997
63,16,568.049988,-588.380005,515.108643,59.991600,129.980499,1040.038940,59.991600,-117.699997
64,1,510.690002,-18.987450,241.858368,-114.674667,129.980499,1040.038940,59.991600,-117.699997
64,2,506.029999,-256.317139,304.250305,59.991600,129.980499,1040.038940,59.991600,-117.699997
64,3,539.669983,-462.582275,445.848450,-124.586403,129.980499,1040.038940,59.991600,-117.699997
64,5,415.579987,-129.768280,383.945251,-115.640091,129.980499,1040.038940,59.991600,-117.699997
64,6,421.059998,-264.886017,449.274170,-117.956047,129.980499,1040.038940,59.991600,-117.699997
64,7,412.809998,662.911377,715.066406,-81.197731,129.980499,1040.038940,59.991600,-117.699997
64,8,433.579987,-457.418304,1303.252563,-88.301491,129.980499,1040.038940,59.991600,-117.699997
64,9,659.090027,1078.774292,1354.987061,59.991600,129.980499,1040.038940,59.991600,-117.699997
64,10,270.809998,475.445282,1525.951050,59.991600,129.980499,1040.038940,59.991600,-117.699997
64,11,257.459991,354.138489,1574.560547,59.991600,129.980499,1040.038940,59.991600,-117.699997
64,12,652.770020,-99.497986,1968.125732,59.991600,129.980499,1040.038940,59.991600,-117.699997
64,13,684.520020,-45.011440,49.380699,-58.874054,129.980499,1040.038940,59.991600,-117.699997
64,14,629.400024,-545.949158,369.990448,-49.302567,129.980499,1040.038940,59.991600,-117.699997
64,15,592.109985,100.518341,127.180550,59.991600,129.980499,1040.038940,59.991600,-117.699997
64,16,568.049988,-588.380005,515.108643,59.991600,129.980499,1040.038940,59.991600,-117.699997
65,1,510.690002,-18.987450,241.858368,-114.674667,129.980499,1040.038940,59.991600,-117.699997
65,2,506.029999,-256.317139,304.250305,59.991600,129.980499,1040.038940,59.991600,-117.699997
65,3,539.669983,-462.582275,445.848450,-124.586403,129.980499,1040.038940,59.991600,-117.699997
65,5,415.579987,-129.768280,383.945251,-115.640091,129.980499,1040.038940,59.991600,-117.699997
65,6,421.059998,-264.886017,449.274170,-117.956047,129.980499,1040.038940,59.991600,-117.699997
65,7,412.809998,662.911377,715.066406,-81.197731,129.980499,1040.038940,59.991600,-117.699997
65,8,433.579987,-457.418304,1303.252563,-88.301491,129.980499,1040.038940,59.991600,-117.699997
65,9,659.090027,1078.774292,1354.987061,59.991600,129.980499,1040.038940,59.991600,-117.699997
65,10,270.809998,475.445282,1525.951050,59.991600,129.980499,1040.038940,59.991600,-117.699997
65,11,257.459991,354.138489,1574.560547,59.991600,129.980499,1040.038940,59.991600,-117.699997
65,12,652.770020,-99.497986,1968.125732,59.991600,129.980499,1040.038940,59.991600,-117.699997
65,13,684.520020,-45.011440,49.380699,-58.874054,129.980499,1040.038940,59.991600,-117.699997
65,14,629.400024,-545.949158,369.990448,-49.302567,129.980499,1040.038940,59.991600,-117.699997
65,15,592.109985,100.518341,127.180550,59.991600,129.980499,1040.038940,59.991600,-117.699997
65,16,568.049988,-588.380005,515.108643,59.991600,129.980499,1040.038940,59.991600,-117.699997
66,1,510.690002,-18.987450,241.858368,-114.674667,129.980499,1040.038940,59.991600,-117.699997
66,2,506.029999,-256.317139,304.250305,59.991600,129.980499,1040.038940,59.991600,-117.699997
66,3,539.669983,-462.582275,445.848450,-124.586403,129.980499,1040.038940,59.991600,-117.699997
66,5,415.579987,-129.768280,383.945251,-115.640091,129.980499,1040.038940,59.991600,-117.699997
66,6,421.059998,-264.886017,449.274170,-117.956047,129.980499,1040.038940,59.991600,-117.699997
66,7,412.809998,662.911377,715.066406,-81.197731,129.980499,1040.038940,59.991600,-117.699997
66,8,433.579987,-457.418304,1303.252563,-88.301491,129.980499,1040.038940,59.991600,-117.699997
66,9,659.090027,1078.774292,1354.987061,59.991600,129.980499,1040.038940,59.991600,-117.699997
66,10,270.809998,475.445282,1525.951050,59.991600,129.980499,1040.038940,59.991600,-117.699997
66,11,257.459991,354.138489,1574.560547,59.991600,129.980499,1040.038940,59.991600,-117.699997
66,12,652.770020,-99.497986,1968.125732,59.991600,129.980499,1040.038940,59.991600,-117.699997
66,13,684.520020,-45.011440,49.380699,-58.874054,129.980499,1040.038940,59.991600,-117.699997
66,14,629.400024,-545.949158,369.990448,-49.302567,129.980499,1040.038940,59.991600,-117.699997
66,15,592.109985,100.518341,127.180550,59.991600,129.980499,1040.038940,59.991600,-117.699997
66,16,568.049988,-588.380005,515.108643,59.991600,129.980499,1040.038940,59.991600,-117.699997
67,1,510.690002,-18.987450,241.858368,-114.674667,129.980499,1040.038940,59.991600,-117.699997
67,2,506.029999,-256.317139,304.250305,59.991600,129.980499,1040.038940,59.991600,-117.699997
67,3,539.669983,-462.582275,445.848450,-124.586403,129.980499,1040.038940,59.991600,-117.699997
67,5,415.579987,-129.768280,383.945251,-115.640091,129.980499,1040.038940,59.991600,-117.699997
67,6,421.059998,-264.886017,449.274170,-117.956047,129.980499,1040.038940,59.991600,-117.699997
67,7,412.809998,662.911377,715.066406,-81.197731,129.980499,1040.038940,59.991600,-117.699997
67,8,433.579987,-457.418304,1303.252563,-88.301491,129.980499,1040.038940,59.991600,-117.699997
67,9,659.090027,1078.774292,1354.987061,59.991600,129.980499,1040.038940,59.991600,-117.699997
67,10,270.809998,475.445282,1525.951050,59.991600,129.980499,1040.038940,59.991600,-117.699997
67,11,257.459991,354.138489,1574.560547,59.991600,129.980499,1040.038940,59.991600,-117.699997
67,12,652.770020,-99.497986,1968.125732,59.991600,129.980499,1040.038940,59.991600,-117.699997
67,13,684.520020,-45.011440,49.380699,-58.874054,129.980499,1040.038940,59.991600,-117.699997
67,14,629.400024,-545.949158,369.990448,-49.302567,129.980499,1040.038940,59.991600,-117.699997
67,15,592.109985,100.518341,127.180550,59.991600,129.980499,1040.038940,59.991600,-117.699997
67,16,568.049988,-588.380005,515.108643,59.991600,129.980499,1040.038940,59.991600,-117.699997
68,1,510.690002,-18.987450,241.858368,-114.674667,129.980499,1040.038940,59.991600,-117.699997
68,2,506.029999,-256.317139,304.250305,59.991600,129.980499,1040.038940,59.991600,-117.699997
68,3,539.669983,-462.582275,445.848450,-124.586403,129.980499,1040.038940,59.991600,-117.699997
68,5,415.579987,-129.768280,383.945251,-115.640091,129.980499,1040.038940,59.991600,-117.699997
68,6,421.059998,-264.886017,449.274170,-117.956047,129.980499,1040.038940,59.991600,-117.699997
68,7,412.809998,662.911377,715.066406,-81.197731,129.980499,1040.038940,59.991600,-117.699997
68,8,433.579987,-457.418304,1303.252563,-88.301491,129.980499,1040.038940,59.991600,-117.699997
68,9,659.090027,1078.774292,1354.987061,59.991600,129.980499,1040.038940,59.991600,-117.699997
68,10,270.809998,475.445282,1525.951050,59.991600,129.980499,1040.038940,59.991600,-117.699997
68,11,257.459991,354.138489,1574.560547,59.991600,129.980499,1040.038940,59.991600,-117.699997
68,12,652.770020,-99.497986,1968.125732,59.991600,129.980499,1040.038940,59.991600,-117.699997
68,13,684.520020,-45.011440,49.380699,-58.874054,129.980499,1040.038940,59.991600,-117.699997
68,14,629.400024,-545.949158,369.990448,-49.302567,129.980499,1040.038940,59.991600,-117.699997
68,15,592.109985,100.518341,127.180550,59.991600,129.980499,1040.038940,59.991600,-117.699997
68,16,568.049988,-588.380005,515.108643,59.991600,129.980499,1040.038940,59.991600,-117.699997
69,1,510.690002,-18.987450,241.858368,-114.674667,129.980499,1040.038940,59.991600,-117.699997
69,2,506.029999,-256.317139,304.250305,59.991600,129.980499,1040.038940,59.991600,-117.699997
69,3,539.669983,-462.582275,445.848450,-124.586403,129.980499,1040.038940,59.991600,-117.699997
69,5,415.579987,-129.768280,383.945251,-115.640091,129.980499,1040.038940,59.991600,-117.699997
69,6,421.059998,-264.886017,449.274170,-117.956047,129.980499,1040.038940,59.991600,-117.699997
69,7,412.809998,662.911377,715.066406,-81.197731,129.980499,1040.038940,59.991600,-117.699997
69,8,433.579987,-457.418304,1303.252563,-88.301491,129.980499,1040.038940,59.991600,-117.699997
69,9,659.090027,1078.774292,1354.987061,59.991600,129.980499,1040.038940,59.991600,-117.699997
69,10,270.809998,475.445282,1525.951050,59.991600,129.980499,1040.038940,59.991600,-117.699997
69,11,257.459991,354.138489,1574.560547,59.991600,129.980499,1040.038940,59.991600,-117.699997
69,12,652.770020,-99.497986,1968.125732,59.991600,129.980499,1040.038940,59.991600,-117.699997
69,13,684.520020,-45.011440,49.380699,-58.874054,129.980499,1040.038940,59.991600,-117.699997
69,14,629.400024,-545.949158,369.990448,-49.302567,129.980499,1040.038940,59.991600,-117.699997
69,15,592.109985,100.518341,127.180550,59.991600,129.980499,1040.038940,59.991600,-117.699997
69,16,568.049988,-588.380005,515.108643,59.991600,129.980499,1040.038940,59.991600,-117.699997
70,0,437.890015,188.254974,157.208450,59.991600,69.970703,929.980408,59.991600,-117.699997
70,1,365.589996,-60.728321,266.919739,-65.047546,69.970703,929.980408,59.991600,-117.699997
70,2,381.239990,-258.319305,304.679993,59.991600,69.970703,929.980408,59.991600,-117.699997
70,3,508.470001,-500.907257,355.521515,-113.915382,69.970703,929.980408,59.991600,-117.699997
70,4,537.929993,-717.852905,535.074097,59.991600,69.970703,929.980408,59.991600,-117.699997
70,5,394.799988,-181.023682,290.561340,-106.858086,69.970703,929.980408,59.991600,-117.699997
70,6,398.890015,-315.555817,357.005646,-108.586601,69.970703,929.980408,59.991600,-117.699997
70,7,415.290009,604.964905,603.924561,-82.045952,69.970703,929.980408,59.991600,-117.699997
70,8,430.420013,-514.799011,1191.813721,-87.220718,69.970703,929.980408,59.991600,-117.699997
70,9,651.450012,1011.695862,1242.029419,59.991600,69.970703,929.980408,59.991600,-117.699997
70,10,315.709991,436.306885,1455.646606,59.991600,69.970703,929.980408,59.991600,-117.699997
70,11,298.609985,313.256927,1500.935913,59.991600,69.970703,929.980408,59.991600,-117.699997
70,12,689.599976,-167.353683,1894.051636,59.991600,69.970703,929.980408,59.991600,-117.699997
70,13,454.200012,-74.630379,164.097824,-18.879404,69.970703,929.980408,59.991600,-117.699997
70,14,537.640015,-539.121460,320.749268,-33.368610,69.970703,929.980408,59.991600,-117.699997
70,15,483.640015,64.355247,122.938148,59.991600,69.970703,929.980408,59.991600,-117.699997
70,16,448.040009,-567.003906,493.247131,59.991600,69.970703,929.980408,59.991600,-117.699997
71,0,437.890015,188.254974,157.208450,59.991600,69.970703,929.980408,59.991600,-117.699997
71,1,365.589996,-60.728321,266.919739,-65.047546,69.970703,929.980408,59.991600,-117.699997
71,2,381.239990,-258.319305,304.679993,59.991600,69.970703,929.980408,59.991600,-117.699997
71,3,508.470001,-500.907257,355.521515,-113.915382,69.970703,929.980408,59.991600,-117.699997
71,4,537.929993,-717.852905,535.074097,59.991600,69.970703,929.980408,59.991600,-117.699997
71,5,394.799988,-181.023682,290.561340,-106.858086,69.970703,929.980408,59.991600,-117.699997
71,6,398.890015,-315.555817,357.005646,-108.586601,69.970703,929.980408,59.991600,-117.699997
71,7,415.290009,604.964905,603.924561,-82.045952,69.970703,929.980408,59.991600,-117.699997
71,8,430.420013,-514.799011,1191.813721,-87.220718,69.970703,929.980408,59.991600,-117.699997
71,9,651.450012,1011.695862,1242.029419,59.991600,69.970703,929.980408,59.991600,-117.699997
71,10,315.709991,436.306885,1455.646606,59.991600,69.970703,929.980408,59.991600,-117.699997
71,11,298.609985,313.256927,1500.935913,59.991600,69.970703,929.980408,59.991600,-117.699997
71,12,689.599976,-167.353683,1894.051636,59.991600,69.970703,929.980408,59.991600,-117.699997
71,13,454.200012,-74.630379,164.097824,-18.879404,69.970703,929.980408,59.991600,-117.699997
71,14,537.640015,-539.121460,320.749268,-33.368610,69.970703,929.980408,59.991600,-117.699997
71,15,483.640015,64.355247,122.938148,59.991600,69.970703,929.980408,59.991600,-117.699997
71,16,448.040009,-567.003906,493.247131,59.991600,69.970703,929.980408,59.991600,-117.699997
72,0,437.890015,188.254974,157.208450,59.991600,69.970703,929.980408,59.991600,-117.699997
72,1,365.589996,-60.728321,266.919739,-65.047546,69.970703,929.980408,59.991600,-117.699997
72,2,381.239990,-258.319305,304.679993,59.991600,69.970703,929.980408,59.991600,-117.699997
72,3,508.470001,-500.907257,355.521515,-113.915382,69.970703,929.980408,59.991600,-117.699997
72,4,537.929993,-717.852905,535.074097,59.991600,69.970703,929.980408,59.991600,-117.699997
72,5,394.799988,-181.023682,290.561340,-106.858086,69.970703,929.980408,59.991600,-117.699997
72,6,398.890015,-315.555817,357.005646,-108.586601,69.970703,929.980408,59.991600,-117.699997
72,7,415.290009,604.964905,603.924561,-82.045952,69.970703,929.980408,59.991600,-117.699997
72,8,430.420013,-514.799011,1191.813721,-87.220718,69.970703,929.980408,59.991600,-117.699997
72,9,651.450012,1011.695862,1242.029419,59.991600,69.970703,929.980408,59.991600,-117.699997
72,10,315.709991,436.306885,1455.646606,59.991600,69.970703,929.980408,59.991600,-117.699997
72,11,298.609985,313.256927,1500.935913,59.991600,69.970703,929.980408,59.991600,-117.699997
72,12,689.599976,-167.353683,1894.051636,59.991600,69.970703,929.980408,59.991600,-117.699997
72,13,454.200012,-74.630379,164.097824,-18.879404,69.970703,929.980408,59.991600,-117.699997
72,14,537.640015,-539.121460,320.749268,-33.368610,69.970703,929.980408,59.991600,-117.699997
72,15,483.640015,64.355247,122.938148,59.991600,69.970703,929.980408,59.991600,-117.699997
72,16,448.040009,-567.003906,493.247131,59.991600,69.970703,929.980408,59.991600,-117.699997
73,0,437.890015,188.254974,157.208450,59.991600,69.970703,929.980408,59.991600,-117.699997
73,1,365.589996,-60.728321,266.919739,-65.047546,69.970703,929.980408,59.991600,-117.699997
73,2,381.239990,-258.319305,304.679993,59.991600,69.970703,929.980408,59.991600,-117.699997
73,3,508.470001,-500.907257,355.521515,-113.915382,69.970703,929.980408,59.991600,-117.699997
73,4,537.929993,-717.852905,535.074097,59.991600,69.970703,929.980408,59.991600,-117.699997
73,5,394.799988,-181.023682,290.561340,-106.858086,69.970703,929.980408,59.991600,-117.699997
73,6,398.890015,-315.555817,357.005646,-108.586601,69.970703,929.980408,59.991600,-117.699997
73,7,415.290009,604.964905,603.924561,-82.045952,69.970703,929.980408,59.991600,-117.699997
73,8,430.420013,-514.799011,1191.813721,-87.220718,69.970703,929.980408,59.991600,-117.699997
73,9,651.450012,1011.695862,1242.029419,59.991600,69.970703,929.980408,59.991600,-117.699997
73,10,315.709991,436.306885,1455.646606,59.991600,69.970703,929.980408,59.991600,-117.699997
73,11,298.609985,313.256927,1500.935913,59.991600,69.970703,929.980408,59.991600,-117.699997
73,12,689.599976,-167.353683,1894.051636,59.991600,69.970703,929.980408,59.991600,-117.699997
73,13,454.200012,-74.630379,164.097824,-18.879404,69.970703,929.980408,59.991600,-117.699997
73,14,537.640015,-539.121460,320.749268,-33.368610,69.970703,929.980408,59.991600,-117.699997
73,15,483.640015,64.355247,122.938148,59.991600,69.970703,929.980408,59.991600,-117.699997
73,16,448.040009,-567.003906,493.247131,59.991600,69.970703,929.980408,59.991600,-117.699997
74,0,437.890015,188.254974,157.208450,59.991600,69.970703,929.980408,59.991600,-117.699997
74,1,365.589996,-60.728321,266.919739,-65.047546,69.970703,929.980408,59.991600,-117.699997
74,2,381.239990,-258.319305,304.679993,59.991600,69.970703,929.980408,59.991600,-117.699997
74,3,508.470001,-500.907257,355.521515,-113.915382,69.970703,929.980408,59.991600,-117.699997
74,4,537.929993,-717.852905,535.074097,59.991600,69.970703,929.980408,59.991600,-117.699997
74,5,394.799988,-181.023682,290.561340,-106.858086,69.970703,929.980408,59.991600,-117.699997
74,6,398.890015,-315.555817,357.005646,-108.586601,69.970703,929.980408,59.991600,-117.699997
74,7,415.290009,604.964905,603.924561,-82.045952,69.970703,929.980408,59.991600,-117.699997
74,8,430.420013,-514.799011,1191.813721,-87.220718,69.970703,929.980408,59.991600,-117.699997
74,9,651.450012,1011.695862,1242.029419,59.991600,69.970703,929.980408,59.991600,-117.699997
74,10,315.709991,436.306885,1455.646606,59.991600,69.970703,929.980408,59.991600,-117.699997
74,11,298.609985,313.256927,1500.935913,59.991600,69.970703,929.980408,59.991600,-117.699997
74,12,689.599976,-167.353683,1894.051636,59.991600,69.970703,929.980408,59.991600,-117.699997
74,13,454.200012,-74.630379,164.097824,-18.879404,69.970703,929.980408,59.991600,-117.699997
74,14,537.640015,-539.121460,320.749268,-33.368610,69.970703,929.980408,59.991600,-117.699997
74,15,483.640015,64.355247,122.938148,59.991600,69.970703,929.980408,59.991600,-117.699997
74,16,448.040009,-567.003906,493.247131,59.991600,69.970703,929.980408,59.991600,-117.699997
75,0,437.890015,188.254974,157.208450,59.991600,69.970703,929.980408,59.991600,-117.699997
75,1,365.589996,-60.728321,266.919739,-65.047546,69.970703,929.980408,59.991600,-117.699997
75,2,381.239990,-258.319305,304.679993,59.991600,69.970703,929.980408,59.991600,-117.699997
75,3,508.470001,-500.907257,355.521515,-113.915382,69.970703,929.980408,59.991600,-117.699997
75,4,537.929993,-717.852905,535.074097,59.991600,69.970703,929.980408,59.991600,-117.699997
75,5,394.799988,-181.023682,290.561340,-106.858086,69.970703,929.980408,59.991600,-117.699997
75,6,398.890015,-315.555817,357.005646,-108.586601,69.970703,929.980408,59.991600,-117.699997
75,7,415.290009,604.964905,603.924561,-82.045952,69.970703,929.980408,59.991600,-117.699997
75,8,430.420013,-514.799011,1191.813721,-87.220718,69.970703,929.980408,59.991600,-117.699997
75,9,651.450012,1011.695862,1242.029419,59.991600,69.970703,929.980408,59.991600,-117.699997
75,10,315.709991,436.306885,1455.646606,59.991600,69.970703,929.980408,59.991600,-117.699997
75,11,298.609985,313.256927,1500.935913,59.991600,69.970703,929.980408,59.991600,-117.699997
75,12,689.599976,-167.353683,1894.051636,59.991600,69.970703,929.980408,59.991600,-117.699997
75,13,454.200012,-74.630379,164.097824,-18.879404,69.970703,929.980408,59.991600,-117.699997
75,14,537.640015,-539.121460,320.749268,-33.368610,69.970703,929.980408,59.991600,-117.699997
75,15,483.640015,64.355247,122.938148,59.991600,69.970703,929.980408,59.991600,-117.699997
75,16,448.040009,-567.003906,493.247131,59.991600,69.970703,929.980408,59.991600,-117.699997
76,0,437.890015,188.254974,157.208450,59.991600,69.970703,929.980408,59.991600,-117.699997
76,1,365.589996,-60.728321,266.919739,-65.047546,69.970703,929.980408,59.991600,-117.699997
76,2,381.239990,-258.319305,304.679993,59.991600,69.970703,929.980408,59.991600,-117.699997
76,3,508.470001,-500.907257,355.521515,-113.915382,69.970703,929.980408,59.991600,-117.699997
76,4,537.929993,-717.852905,535.074097,59.991600,69.970703,929.980408,59.991600,-117.699997
76,5,394.799988,-181.023682,290.561340,-106.858086,69.970703,929.980408,59.991600,-117.699997
76,6,398.890015,-315.555817,357.005646,-108.586601,69.970703,929.980408,59.991600,-117.699997
76,7,415.290009,604.964905,603.924561,-82.045952,69.970703,929.980408,59.991600,-117.699997
76,8,430.420013,-514.799011,1191.813721,-87.220718,69.970703,929.980408,59.991600,-117.699997
76,9,651.450012,1011.695862,1242.029419,59.991600,69.970703,929.980408,59.991600,-117.699997
76,10,315.709991,436.306885,1455.646606,59.991600,69.970703,929.980408,59.991600,-117.699997
76,11,298.609985,313.256927,1500.935913,59.991600,69.970703,929.980408,59.991600,-117.699997
76,12,689.599976,-167.353683,1894.051636,59.991600,69.970703,929.980408,59.991600,-117.699997
76,13,454.200012,-74.630379,164.097824,-18.879404,69.970703,929.980408,59.991600,-117.699997
76,14,537.640015,-539.121460,320.749268,-33.368610,69.970703,929.980408,59.991600,-117.699997
76,15,483.640015,64.355247,122.938148,59.991600,69.970703,929.980408,59.991600,-117.699997
76,16,448.040009,-567.003906,493.247131,59.991600,69.970703,929.980408,59.991600,-117.699997
77,0,437.890015,188.254974,157.208450,59.991600,69.970703,929.980408,59.991600,-117.699997
77,1,365.589996,-60.728321,266.919739,-65.047546,69.970703,929.980408,59.991600,-117.699997
77,2,381.239990,-258.319305,304.679993,59.991600,69.970703,929.980408,59.991600,-117.699997
77,3,508.470001,-500.907257,355.521515,-113.915382,69.970703,929.980408,59.991600,-117.699997
77,4,537.929993,-717.852905,535.074097,59.991600,69.970703,929.980408,59.991600,-117.699997
77,5,394.799988,-181.023682,290.561340,-106.858086,69.970703,929.980408,59.991600,-117.699997
77,6,398.890015,-315.555817,357.005646,-108.586601,69.970703,929.980408,59.991600,-117.699997
77,7,415.290009,604.964905,603.924561,-82.045952,69.970703,929.980408,59.991600,-117.699997
77,8,430.420013,-514.799011,1191.813721,-87.220718,69.970703,929.980408,59.991600,-117.699997
77,9,651.450012,1011.695862,1242.029419,59.991600,69.970703,929.980408,59.991600,-117.699997
77,10,315.709991,436.306885,1455.646606,59.991600,69.970703,929.980408,59.991600,-117.699997
77,11,298.609985,313.256927,1500.935913,59.991600,69.970703,929.980408,59.991600,-117.699997
77,12,689.599976,-167.353683,1894.051636,59.991600,69.970703,929.980408,59.991600,-117.699997
77,13,454.200012,-74.630379,164.097824,-18.879404,69.970703,929.980408,59.991600,-117.699997
77,14,537.640015,-539.121460,320.749268,-33.368610,69.970703,929.980408,59.991600,-117.699997
77,15,483.640015,64.355247,122.938148,59.991600,69.970703,929.980408,59.991600,-117.699997
77,16,448.040009,-567.003906,493.247131,59.991600,69.970703,929.980408,59.991600,-117.699997
78,0,437.890015,188.254974,157.208450,59.991600,69.970703,929.980408,59.991600,-117.699997
78,1,365.589996,-60.728321,266.919739,-65.047546,69.970703,929.980408,59.991600,-117.699997
78,2,381.239990,-258.319305,304.679993,59.991600,69.970703,929.980408,59.991600,-117.699997
78,3,508.470001,-500.907257,355.521515,-113.915382,69.970703,929.980408,59.991600,-117.699997
78,4,537.929993,-717.852905,535.074097,59.991600,69.970703,929.980408,59.991600,-117.699997
78,5,394.799988,-181.023682,290.561340,-106.858086,69.970703,929.980408,59.991600,-117.699997
78,6,398.890015,-315.555817,357.005646,-108.586601,69.970703,929.980408,59.991600,-117.699997
78,7,415.290009,604.964905,603.924561,-82.045952,69.970703,929.980408,59.991600,-117.699997
78,8,430.420013,-514.799011,1191.813721,-87.220718,69.970703,929.980408,59.991600,-117.699997
78,9,651.450012,1011.695862,1242.029419,59.991600,69.970703,929.980408,59.991600,-117.699997
78,10,315.709991,436.306885,1455.646606,59.991600,69.970703,929.980408,59.991600,-117.699997
78,11,298.609985,313.256927,1500.935913,59.991600,69.970703,929.980408,59.991600,-117.699997
78,12,689.599976,-167.353683,1894.051636,59.991600,69.970703,929.980408,59.991600,-117.699997
78,13,454.200012,-74.630379,164.097824,-18.879404,69.970703,929.980408,59.991600,-117.699997
78,14,537.640015,-539.121460,320.749268,-33.368610,69.970703,929.980408,59.991600,-117.699997
78,15,483.640015,64.355247,122.938148,59.991600,69.970703,929.980408,59.991600,-117.699997
78,16,448.040009,-567.003906,493.247131,59.991600,69.970703,929.980408,59.991600,-117.699997
79,0,437.890015,188.254974,157.208450,59.991600,69.970703,929.980408,59.991600,-117.699997
79,1,365.589996,-60.728321,266.919739,-65.047546,69.970703,929.980408,59.991600,-117.699997
79,2,381.239990,-258.319305,304.679993,59.991600,69.970703,929.980408,59.991600,-117.699997
79,3,508.470001,-500.907257,355.521515,-113.915382,69.970703,929.980408,59.991600,-117.699997
79,4,537.929993,-717.852905,535.074097,59.991600,69.970703,929.980408,59.991600,-117.699997
79,5,394.799988,-181.023682,290.561340,-106.858086,69.970703,929.980408,59.991600,-117.699997
79,6,398.890015,-315.555817,357.005646,-108.586601,69.970703,929.980408,59.991600,-117.699997
79,7,415.290009,604.964905,603.924561,-82.045952,69.970703,929.980408,59.991600,-117.699997
79,8,430.420013,-514.799011,1191.813721,-87.220718,69.970703,929.980408,59.991600,-117.699997
79,9,651.450012,1011.695862,1242.029419,59.991600,69.970703,929.980408,59.991600,-117.699997
79,10,315.709991,436.306885,1455.646606,59.991600,69.970703,929.980408,59.991600,-117.699997
79,11,298.609985,313.256927,1500.935913,59.991600,69.970703,929.980408,59.991600,-117.699997
79,12,689.599976,-167.353683,1894.051636,59.991600,69.970703,929.980408,59.991600,-117.699997
79,13,454.200012,-74.630379,164.097824,-18.879404,69.970703,929.980408,59.991600,-117.699997
79,14,537.640015,-539.121460,320.749268,-33.368610,69.970703,929.980408,59.991600,-117.699997
79,15,483.640015,64.355247,122.938148,59.991600,69.970703,929.980408,59.991600,-117.699997
79,16,448.040009,-567.003906,493.247131,59.991600,69.970703,929.980408,59.991600,-117.699997
80,0,437.890015,188.254974,157.208450,59.991600,69.970703,929.980408,59.991600,-117.699997
80,1,365.589996,-60.728321,266.919739,-65.047546,69.970703,929.980408,59.991600,-117.699997
80,2,381.239990,-258.319305,304.679993,59.991600,69.970703,929.980408,59.991600,-117.699997
80,3,508.470001,-500.907257,355.521515,-113.915382,69.970703,929.980408,59.991600,-117.699997
80,4,537.929993,-717.852905,535.074097,59.991600,69.970703,929.980408,59.991600,-117.699997
80,5,394.799988,-181.023682,290.561340,-106.858086,69.970703,929.980408,59.991600,-117.699997
80,6,398.890015,-315.555817,357.005646,-108.586601,69.970703,929.980408,59.991600,-117.699997
80,7,415.290009,604.964905,603.924561,-82.045952,69.970703,929.980408,59.991600,-117.699997
80,8,430.420013,-514.799011,1191.813721,-87.220718,69.970703,929.980408,59.991600,-117.699997
80,9,651.450012,1011.695862,1242.029419,59.991600,69.970703,929.980408,59.991600,-117.699997
80,10,315.709991,436.306885,1455.646606,59.991600,69.970703,929.980408,59.991600,-117.699997
80,11,298.609985,313.256927,1500.935913,59.991600,69.970703,929.980408,59.991600,-117.699997
80,12,689.599976,-167.353683,1894.051636,59.991600,69.970703,929.980408,59.991600,-117.699997
80,13,454.200012,-74.630379,164.097824,-18.879404,69.970703,929.980408,59.991600,-117.699997
80,14,537.640015,-539.121460,320.749268,-33.368610,69.970703,929.980408,59.991600,-117.699997
80,15,483.640015,64.355247,122.938148,59.991600,69.970703,929.980408,59.991600,-117.699997
80,16,448.040009,-567.003906,493.247131,59.991600,69.970703,929.980408,59.991600,-117.699997
81,0,437.890015,188.254974,157.208450,59.991600,69.970703,929.980408,59.991600,-117.699997
81,1,365.589996,-60.728321,266.919739,-65.047546,69.970703,929.980408,59.991600,-117.699997
81,2,381.239990,-258.319305,304.679993,59.991600,69.970703,929.980408,59.991600,-117.699997
81,3,508.470001,-500.907257,355.521515,-113.915382,69.970703,929.980408,59.991600,-117.699997
81,4,537.929993,-717.852905,535.074097,59.991600,69.970703,929.980408,59.991600,-117.699997
81,5,394.799988,-181.023682,290.561340,-106.858086,69.970703,929.980408,59.991600,-117.699997
81,6,398.890015,-315.555817,357.005646,-108.586601,69.970703,929.980408,59.991600,-117.699997
81,7,415.290009,604.964905,603.924561,-82.045952,69.970703,929.980408,59.991600,-117.699997
81,8,430.420013,-514.799011,1191.813721,-87.220718,69.970703,929.980408,59.991600,-117.699997
81,9,651.450012,1011.695862,1242.029419,59.991600,69.970703,929.980408,59.991600,-117.699997
81,10,315.709991,436.306885,1455.646606,59.991600,69.970703,929.980408,59.991600,-117.699997
81,11,298.609985,313.256927,1500.935913,59.991600,69.970703,929.980408,59.991600,-117.699997
81,12,689.599976,-167.353683,1894.051636,59.991600,69.970703,929.980408,59.991600,-117.699997
81,13,454.200012,-74.630379,164.097824,-18.879404,69.970703,929.980408,59.991600,-117.699997
81,14,537.640015,-539.121460,320.749268,-33.368610,69.970703,929.980408,59.991600,-117.699997
81,15,483.640015,64.355247,122.938148,59.991600,69.970703,929.980408,59.991600,-117.699997
81,16,448.040009,-567.003906,493.247131,59.991600,69.970703,929.980408,59.991600,-117.699997
82,1,299.320007,-112.345444,218.670761,-32.372173,10.009800,820.019470,70.001297,-117.699997
82,2,257.799988,-260.900116,304.012085,70.001297,10.009800,820.019470,70.001297,-117.699997
82,3,412.630005,-494.256897,306.172211,-71.126472,10.009800,820.019470,70.001297,-117.699997
82,4,430.920013,-687.362366,482.294250,70.001297,10.009800,820.019470,70.001297,-117.699997
82,5,272.429993,-189.431335,278.794922,-45.132591,10.009800,820.019470,70.001297,-117.699997
82,6,339.279999,-350.403625,294.878143,-73.384621,10.009800,820.019470,70.001297,-117.699997
82,7,416.480011,545.994141,493.443848,-72.443253,10.009800,820.019470,70.001297,-117.699997
82,8,433.730011,-577.513855,1083.298584,-78.343102,10.009800,820.019470,70.001297,-117.699997
82,9,671.510010,970.294678,1139.680420,70.001297,10.009800,820.019470,70.001297,-117.699997
82,10,274.649994,357.259583,1309.331421,70.001297,10.009800,820.019470,70.001297,-117.699997
82,11,263.579987,237.012604,1359.959595,70.001297,10.009800,820.019470,70.001297,-117.699997
82,12,661.369995,-221.300751,1756.508789,70.001297,10.009800,820.019470,70.001297,-117.699997
82,13,289.190002,-112.818115,215.174805,19.783983,10.009800,820.019470,70.001297,-117.699997
82,14,564.469971,-618.625122,193.005798,-28.017881,10.009800,820.019470,70.001297,-117.699997
82,15,360.500000,31.466206,133.104584,70.001297,10.009800,820.019470,70.001297,-117.699997
82,16,358.750000,-566.411926,448.906769,70.001297,10.009800,820.019470,70.001297,-117.699997
83,1,299.320007,-112.345444,218.670761,-32.372173,10.009800,820.019470,70.001297,-117.699997
83,2,257.799988,-260.900116,304.012085,70.001297,10.009800,820.019470,70.001297,-117.699997
83,3,412.630005,-494.256897,306.172211,-71.126472,10.009800,820.019470,70.001297,-117.699997
83,4,430.920013,-687.362366,482.294250,70.001297,10.009800,820.019470,70.001297,-117.699997
83,5,272.429993,-189.431335,278.794922,-45.132591,10.009800,820.019470,70.001297,-117.699997
83,6,339.279999,-350.403625,294.878143,-73.384621,10.009800,820.019470,70.001297,-117.699997
83,7,416.480011,545.994141,493.443848,-72.443253,10.009800,820.019470,70.001297,-117.699997
83,8,433.730011,-577.513855,1083.298584,-78.343102,10.009800,820.019470,70.001297,-117.699997
83,9,671.510010,970.294678,1139.680420,70.001297,10.009800,820.019470,70.001297,-117.699997
83,10,274.649994,357.259583,1309.331421,70.001297,10.009800,820.019470,70.001297,-117.699997
83,11,263.579987,237.012604,1359.959595,70.001297,10.009800,820.019470,70.001297,-117.699997
83,12,661.369995,-221.300751,1756.508789,70.001297,10.009800,820.019470,70.001297,-117.699997
83,13,289.190002,-112.818115,215.174805,19.783983,10.009800,820.019470,70.001297,-117.699997
83,14,564.469971,-618.625122,193.005798,-28.017881,10.009800,820.019470,70.001297,-117.699997
83,15,360.500000,31.466206,133.104584,70.001297,10.009800,820.019470,70.001297,-117.699997
83,16,358.750000,-566.411926,448.906769,70.001297,10.009800,820.019470,70.001297,-117.699997
84,1,299.320007,-112.345444,218.670761,-32.372173,10.009800,820.019470,70.001297,-117.699997
84,2,257.799988,-260.900116,304.012085,70.001297,10.009800,820.019470,70.001297,-117.699997
84,3,412.630005,-494.256897,306.172211,-71.126472,10.009800,820.019470,70.001297,-117.699997
84,4,430.920013,-687.362366,482.294250,70.001297,10.009800,820.019470,70.001297,-117.699997
84,5,272.429993,-189.431335,278.794922,-45.132591,10.009800,820.019470,70.001297,-117.699997
84,6,339.279999,-350.403625,294.878143,-73.384621,10.009800,820.019470,70.001297,-117.699997
84,7,416.480011,545.994141,493.443848,-72.443253,10.009800,820.019470,70.001297,-117.699997
84,8,433.730011,-577.513855,1083.298584,-78.343102,10.009800,820.019470,70.001297,-117.699997
84,9,671.510010,970.294678,1139.680420,70.001297,10.009800,820.019470,70.001297,-117.699997
84,10,274.649994,357.259583,1309.331421,70.001297,10.009800,820.019470,70.001297,-117.699997
84,11,263.579987,237.012604,1359.959595,70.001297,10.009800,820.019470,70.001297,-117.699997
84,12,661.369995,-221.300751,1756.508789,70.001297,10.009800,820.019470,70.001297,-117.699997
84,13,289.190002,-112.818115,215.174805,19.783983,10.009800,820.019470,70.001297,-117.699997
84,14,564.469971,-618.625122,193.005798,-28.017881,10.009800,820.019470,70.001297,-117.699997
84,15,360.500000,31.466206,133.104584,70.001297,10.009800,820.019470,70.001297,-117.699997
84,16,358.750000,-566.411926,448.906769,70.001297,10.009800,820.019470,70.001297,-117.699997
85,1,299.320007,-112.345444,218.670761,-32.372173,10.009800,820.019470,70.001297,-117.699997
85,2,257.799988,-260.900116,304.012085,70.001297,10.009800,820.019470,70.001297,-117.699997
85,3,412.630005,-494.256897,306.172211,-71.126472,10.009800,820.019470,70.001297,-117.699997
85,4,430.920013,-687.362366,482.294250,70.001297,10.009800,820.019470,70.001297,-117.699997
85,5,272.429993,-189.431335,278.794922,-45.132591,10.009800,820.019470,70.001297,-117.699997
85,6,339.279999,-350.403625,294.878143,-73.384621,10.009800,820.019470,70.001297,-117.699997
85,7,416.480011,545.994141,493.443848,-72.443253,10.009800,820.019470,70.001297,-117.699997
85,8,433.730011,-577.513855,1083.298584,-78.343102,10.009800,820.019470,70.001297,-117.699997
85,9,671.510010,970.294678,1139.680420,70.001297,10.009800,820.019470,70.001297,-117.699997
85,10,274.649994,357.259583,1309.331421,70.001297,10.009800,820.019470,70.001297,-117.699997
85,11,263.579987,237.012604,1359.959595,70.001297,10.009800,820.019470,70.001297,-117.699997
85,12,661.369995,-221.300751,1756.508789,70.001297,10.009800,820.019470,70.001297,-117.699997
85,13,289.190002,-112.818115,215.174805,19.783983,10.009800,820.019470,70.001297,-117.699997
85,14,564.469971,-618.625122,193.005798,-28.017881,10.009800,820.019470,70.001297,-117.699997
85,15,360.500000,31.466206,133.104584,70.001297,10.009800,820.019470,70.001297,-117.699997
85,16,358.750000,-566.411926,448.906769,70.001297,10.009800,820.019470,70.001297,-117.699997
86,1,299.320007,-112.345444,218.670761,-32.372173,10.009800,820.019470,70.001297,-117.699997
86,2,257.799988,-260.900116,304.012085,70.001297,10.009800,820.019470,70.001297,-117.699997
86,3,412.630005,-494.256897,306.172211,-71.126472,10.009800,820.019470,70.001297,-117.699997
86,4,430.920013,-687.362366,482.294250,70.001297,10.009800,820.019470,70.001297,-117.699997
86,5,272.429993,-189.431335,278.794922,-45.132591,10.009800,820.019470,70.001297,-117.699997
86,6,339.279999,-350.403625,294.878143,-73.384621,10.009800,820.019470,70.001297,-117.699997
86,7,416.480011,545.994141,493.443848,-72.443253,10.009800,820.019470,70.001297,-117.699997
86,8,433.730011,-577.513855,1083.298584,-78.343102,10.009800,820.019470,70.001297,-117.699997
86,9,671.510010,970.294678,1139.680420,70.001297,10.009800,820.019470,70.001297,-117.699997
86,10,274.649994,357.259583,1309.331421,70.001297,10.009800,820.019470,70.001297,-117.699997
86,11,263.579987,237.012604,1359.959595,70.001297,10.009800,820.019470,70.001297,-117.699997
86,12,661.369995,-221.300751,1756.508789,70.001297,10.009800,820.019470,70.001297,-117.699997
86,13,289.190002,-112.818115,215.174805,19.783983,10.009800,820.019470,70.001297,-117.699997
86,14,564.469971,-618.625122,193.005798,-28.017881,10.009800,820.019470,70.001297,-117.699997
86,15,360.500000,31.466206,133.104584,70.001297,10.009800,820.019470,70.001297,-117.699997
86,16,358.750000,-566.411926,448.906769,70.001297,10.009800,820.019470,70.001297,-117.699997
87,1,299.320007,-112.345444,218.670761,-32.372173,10.009800,820.019470,70.001297,-117.699997
87,2,257.799988,-260.900116,304.012085,70.001297,10.009800,820.019470,70.001297,-117.699997
87,3,412.630005,-494.256897,306.172211,-71.126472,10.009800,820.019470,70.001297,-117.699997
87,4,430.920013,-687.362366,482.294250,70.001297,10.009800,820.019470,70.001297,-117.699997
87,5,272.429993,-189.431335,278.794922,-45.132591,10.009800,820.019470,70.001297,-117.699997
87,6,339.279999,-350.403625,294.878143,-73.384621,10.009800,820.019470,70.001297,-117.699997
87,7,416.480011,545.994141,493.443848,-72.443253,10.009800,820.019470,70.001297,-117.699997
87,8,433.730011,-577.513855,1083.298584,-78.343102,10.009800,820.019470,70.001297,-117.699997
87,9,671.510010,970.294678,1139.680420,70.001297,10.009800,820.019470,70.001297,-117.699997
87,10,274.649994,357.259583,1309.331421,70.001297,10.009800,820.019470,70.001297,-117.699997
87,11,263.579987,237.012604,1359.959595,70.001297,10.009800,820.019470,70.001297,-117.699997
87,12,661.369995,-221.300751,1756.508789,70.001297,10.009800,820.019470,70.001297,-117.699997
87,13,289.190002,-112.818115,215.174805,19.783983,10.009800,820.019470,70.001297,-117.699997
87,14,564.469971,-618.625122,193.005798,-28.017881,10.009800,820.019470,70.001297,-117.699997
87,15,360.500000,31.466206,133.104584,70.001297,10.009800,820.019470,70.001297,-117.699997
87,16,358.750000,-566.411926,448.906769,70.001297,10.009800,820.019470,70.001297,-117.699997
88,1,299.320007,-112.345444,218.670761,-32.372173,10.009800,820.019470,70.001297,-117.699997
88,2,257.799988,-260.900116,304.012085,70.001297,10.009800,820.019470,70.001297,-117.699997
88,3,412.630005,-494.256897,306.172211,-71.126472,10.009800,820.019470,70.001297,-117.699997
88,4,430.920013,-687.362366,482.294250,70.001297,10.009800,820.019470,70.001297,-117.699997
88,5,272.429993,-189.431335,278.794922,-45.132591,10.009800,820.019470,70.001297,-117.699997
88,6,339.279999,-350.403625,294.878143,-73.384621,10.009800,820.019470,70.001297,-117.699997
88,7,416.480011,545.994141,493.443848,-72.443253,10.009800,820.019470,70.001297,-117.699997
88,8,433.730011,-577.513855,1083.298584,-78.343102,10.009800,820.019470,70.001297,-117.699997
88,9,671.510010,970.294678,1139.680420,70.001297,10.009800,820.019470,70.001297,-117.699997
88,10,274.649994,357.259583,1309.331421,70.001297,10.009800,820.019470,70.001297,-117.699997
88,11,263.579987,237.012604,1359.959595,70.001297,10.009800,820.019470,70.001297,-117.699997
88,12,661.369995,-221.300751,1756.508789,70.001297,10.009800,820.019470,70.001297,-117.699997
88,13,289.190002,-112.818115,215.174805,19.783983,10.009800,820.019470,70.001297,-117.699997
88,14,564.469971,-618.625122,193.005798,-28.017881,10.009800,820.019470,70.001297,-117.699997
88,15,360.500000,31.466206,133.104584,70.001297,10.009800,820.019470,70.001297,-117.699997
88,16,358.750000,-566.411926,448.906769,70.001297,10.009800,820.019470,70.001297,-117.699997
89,1,299.320007,-112.345444,218.670761,-32.372173,10.009800,820.019470,70.001297,-117.699997
89,2,257.799988,-260.900116,304.012085,70.001297,10.009800,820.019470,70.001297,-117.699997
89,3,412.630005,-494.256897,306.172211,-71.126472,10.009800,820.019470,70.001297,-117.699997
89,4,430.920013,-687.362366,482.294250,70.001297,10.009800,820.019470,70.001297,-117.699997
89,5,272.429993,-189.431335,278.794922,-45.132591,10.009800,820.019470,70.001297,-117.699997
89,6,339.279999,-350.403625,294.878143,-73.384621,10.009800,820.019470,70.001297,-117.699997
89,7,416.480011,545.994141,493.443848,-72.443253,10.009800,820.019470,70.001297,-117.699997
89,8,433.730011,-577.513855,1083.298584,-78.343102,10.009800,820.019470,70.001297,-117.699997
89,9,671.510010,970.294678,1139.680420,70.001297,10.009800,820.019470,70.001297,-117.699997
89,10,274.649994,357.259583,1309.331421,70.001297,10.009800,820.019470,70.001297,-117.699997
89,11,263.579987,237.012604,1359.959595,70.001297,10.009800,820.019470,70.001297,-117.699997
89,12,661.369995,-221.300751,1756.508789,70.001297,10.009800,820.019470,70.001297,-117.699997
89,13,289.190002,-112.818115,215.174805,19.783983,10.009800,820.019470,70.001297,-117.699997
89,14,564.469971,-618.625122,193.005798,-28.017881,10.009800,820.019470,70.001297,-117.699997
89,15,360.500000,31.466206,133.104584,70.001297,10.009800,820.019470,70.001297,-117.699997
89,16,358.750000,-566.411926,448.906769,70.001297,10.009800,820.019470,70.001297,-117.699997
90,1,299.320007,-112.345444,218.670761,-32.372173,10.009800,820.019470,70.001297,-117.699997
90,2,257.799988,-260.900116,304.012085,70.001297,10.009800,820.019470,70.001297,-117.699997
90,3,412.630005,-494.256897,306.172211,-71.126472,10.009800,820.019470,70.001297,-117.699997
90,4,430.920013,-687.362366,482.294250,70.001297,10.009800,820.019470,70.001297,-117.699997
90,5,272.429993,-189.431335,278.794922,-45.132591,10.009800,820.019470,70.001297,-117.699997
90,6,339.279999,-350.403625,294.878143,-73.384621,10.009800,820.019470,70.001297,-117.699997
90,7,416.480011,545.994141,493.443848,-72.443253,10.009800,820.019470,70.001297,-117.699997
90,8,433.730011,-577.513855,1083.298584,-78.343102,10.009800,820.019470,70.001297,-117.699997
90,9,671.510010,970.294678,1139.680420,70.001297,10.009800,820.019470,70.001297,-117.699997
90,10,274.649994,357.259583,1309.331421,70.001297,10.009800,820.019470,70.001297,-117.699997
90,11,263.579987,237.012604,1359.959595,70.001297,10.009800,820.019470,70.001297,-117.699997
90,12,661.369995,-221.300751,1756.508789,70.001297,10.009800,820.019470,70.001297,-117.699997
90,13,289.190002,-112.818115,215.174805,19.783983,10.009800,820.019470,70.001297,-117.699997
90,14,564.469971,-618.625122,193.005798,-28.017881,10.009800,820.019470,70.001297,-117.699997
90,15,360.500000,31.466206,133.104584,70.001297,10.009800,820.019470,70.001297,-117.699997
90,16,358.750000,-566.411926,448.906769,70.001297,10.009800,820.019470,70.001297,-117.699997
91,1,299.320007,-112.345444,218.670761,-32.372173,10.009800,820.019470,70.001297,-117.699997
91,2,257.799988,-260.900116,304.012085,70.001297,10.009800,820.019470,70.001297,-117.699997
91,3,412.630005,-494.256897,306.172211,-71.126472,10.009800,820.019470,70.001297,-117.699997
91,4,430.920013,-687.362366,482.294250,70.001297,10.009800,820.019470,70.001297,-117.699997
91,5,272.429993,-189.431335,278.794922,-45.132591,10.009800,820.019470,70.001297,-117.699997
91,6,339.279999,-350.403625,294.878143,-73.384621,10.009800,820.019470,70.001297,-117.699997
91,7,416.480011,545.994141,493.443848,-72.443253,10.009800,820.019470,70.001297,-117.699997
91,8,433.730011,-577.513855,1083.298584,-78.343102,10.009800,820.019470,70.001297,-117.699997
91,9,671.510010,970.294678,1139.680420,70.001297,10.009800,820.019470,70.001297,-117.699997
91,10,274.649994,357.259583,1309.331421,70.001297,10.009800,820.019470,70.001297,-117.699997
91,11,263.579987,237.012604,1359.959595,70.001297,10.009800,820.019470,70.001297,-117.699997
91,12,661.369995,-221.300751,1756.508789,70.001297,10.009800,820.019470,70.001297,-117.699997
91,13,289.190002,-112.818115,215.174805,19.783983,10.009800,820.019470,70.001297,-117.699997
91,14,564.469971,-618.625122,193.005798,-28.017881,10.009800,820.019470,70.001297,-117.699997
91,15,360.500000,31.466206,133.104584,70.001297,10.009800,820.019470,70.001297,-117.699997
91,16,358.750000,-566.411926,448.906769,70.001297,10.009800,820.019470,70.001297,-117.699997
92,1,247.190002,-192.308380,205.466721,-4.545060,-10.009800,740.039001,79.998901,-124.699997
92,2,154.490005,-282.973633,345.829132,79.998901,-10.009800,740.039001,79.998901,-124.699997
92,3,276.600006,-468.816071,365.341949,-14.603874,-10.009800,740.039001,79.998901,-124.699997
92,4,246.190002,-576.331055,568.765198,79.998901,-10.009800,740.039001,79.998901,-124.699997
92,5,195.690002,-234.329605,284.334534,-2.703269,-10.009800,740.039001,79.998901,-124.699997
92,6,202.970001,-361.407257,364.302032,-5.779929,-10.009800,740.039001,79.998901,-124.699997
92,7,387.500000,459.790924,366.080322,-52.533905,-10.009800,740.039001,79.998901,-124.699997
92,8,480.359985,-597.093079,1097.901367,-84.293892,-10.009800,740.039001,79.998901,-124.699997
92,9,557.539978,872.143494,910.214294,79.998901,-10.009800,740.039001,79.998901,-124.699997
92,10,510.390015,528.485718,1377.196899,79.998901,-10.009800,740.039001,79.998901,-124.699997
92,11,500.290009,415.857269,1442.899536,79.998901,-10.009800,740.039001,79.998901,-124.699997
92,13,236.630005,-192.499313,204.738907,38.908531,-10.009800,740.039001,79.998901,-124.699997
92,14,263.720001,-468.648376,365.460693,34.204403,-10.009800,740.039001,79.998901,-124.699997
92,15,338.630005,-65.054924,76.219330,79.998901,-10.009800,740.039001,79.998901,-124.699997
92,16,498.470001,-733.922241,351.571136,79.998901,-10.009800,740.039001,79.998901,-124.699997
93,1,247.190002,-192.308380,205.466721,-4.545060,-10.009800,740.039001,79.998901,-124.699997
93,2,154.490005,-282.973633,345.829132,79.998901,-10.009800,740.039001,79.998901,-124.699997
93,3,276.600006,-468.816071,365.341949,-14.603874,-10.009800,740.039001,79.998901,-124.699997
93,4,246.190002,-576.331055,568.765198,79.998901,-10.009800,740.039001,79.998901,-124.699997
93,5,195.690002,-234.329605,284.334534,-2.703269,-10.009800,740.039001,79.998901,-124.699997
93,6,202.970001,-361.407257,364.302032,-5.779929,-10.009800,740.039001,79.998901,-124.699997
93,7,387.500000,459.790924,366.080322,-52.533905,-10.009800,740.039001,79.998901,-124.699997
93,8,480.359985,-597.093079,1097.901367,-84.293892,-10.009800,740.039001,79.998901,-124.699997
93,9,557.539978,872.143494,910.214294,79.998901,-10.009800,740.039001,79.998901,-124.699997
93,10,510.390015,528.485718,1377.196899,79.998901,-10.009800,740.039001,79.998901,-124.699997
93,11,500.290009,415.857269,1442.899536,79.998901,-10.009800,740.039001,79.998901,-124.699997
93,13,236.630005,-192.499313,204.738907,38.908531,-10.009800,740.039001,79.998901,-124.699997
93,14,263.720001,-468.648376,365.460693,34.204403,-10.009800,740.039001,79.998901,-124.699997
93,15,338.630005,-65.054924,76.219330,79.998901,-10.009800,740.039001,79.998901,-124.699997
93,16,498.470001,-733.922241,351.571136,79.998901,-10.009800,740.039001,79.998901,-124.699997
94,1,247.190002,-192.308380,205.466721,-4.545060,-10.009800,740.039001,79.998901,-124.699997
94,2,154.490005,-282.973633,345.829132,79.998901,-10.009800,740.039001,79.998901,-124.699997
94,3,276.600006,-468.816071,365.341949,-14.603874,-10.009800,740.039001,79.998901,-124.699997
94,4,246.190002,-576.331055,568.765198,79.998901,-10.009800,740.039001,79.998901,-124.699997
94,5,195.690002,-234.329605,284.334534,-2.703269,-10.009800,740.039001,79.998901,-124.699997
94,6,202.970001,-361.407257,364.302032,-5.779929,-10.009800,740.039001,79.998901,-124.699997
94,7,387.500000,459.790924,366.080322,-52.533905,-10.009800,740.039001,79.998901,-124.699997
94,8,480.359985,-597.093079,1097.901367,-84.293892,-10.009800,740.039001,79.998901,-124.699997
94,9,557.539978,872.143494,910.214294,79.998901,-10.009800,740.039001,79.998901,-124.699997
94,10,510.390015,528.485718,1377.196899,79.998901,-10.009800,740.039001,79.998901,-124.699997
94,11,500.290009,415.857269,1442.899536,79.998901,-10.009800,740.039001,79.998901,-124.699997
94,13,236.630005,-192.499313,204.738907,38.908531,-10.009800,740.039001,79.998901,-124.699997
94,14,263.720001,-468.648376,365.460693,34.204403,-10.009800,740.039001,79.998901,-124.699997
94,15,338.630005,-65.054924,76.219330,79.998901,-10.009800,740.039001,79.998901,-124.699997
94,16,498.470001,-733.922241,351.571136,79.998901,-10.009800,740.039001,79.998901,-124.699997
95,1,247.190002,-192.308380,205.466721,-4.545060,-10.009800,740.039001,79.998901,-124.699997
95,2,154.490005,-282.973633,345.829132,79.998901,-10.009800,740.039001,79.998901,-124.699997
95,3,276.600006,-468.816071,365.341949,-14.603874,-10.009800,740.039001,79.998901,-124.699997
95,4,246.190002,-576.331055,568.765198,79.998901,-10.009800,740.039001,79.998901,-124.699997
95,5,195.690002,-234.329605,284.334534,-2.703269,-10.009800,740.039001,79.998901,-124.699997
95,6,202.970001,-361.407257,364.302032,-5.779929,-10.009800,740.039001,79.998901,-124.699997
95,7,387.500000,459.790924,366.080322,-52.533905,-10.009800,740.039001,79.998901,-124.699997
95,8,480.359985,-597.093079,1097.901367,-84.293892,-10.009800,740.039001,79.998901,-124.699997
95,9,557.539978,872.143494,910.214294,79.998901,-10.009800,740.039001,79.998901,-124.699997
95,10,510.390015,528.485718,1377.196899,79.998901,-10.009800,740.039001,79.998901,-124.699997
95,11,500.290009,415.857269,1442.899536,79.998901,-10.009800,740.039001,79.998901,-124.699997
95,13,236.630005,-192.499313,204.738907,38.908531,-10.009800,740.039001,79.998901,-124.699997
95,14,263.720001,-468.648376,365.460693,34.204403,-10.009800,740.039001,79.998901,-124.699997
95,15,338.630005,-65.054924,76.219330,79.998901,-10.009800,740.039001,79.998901,-124.699997
95,16,498.470001,-733.922241,351.571136,79.998901,-10.009800,740.039001,79.998901,-124.699997
96,1,247.190002,-192.308380,205.466721,-4.545060,-10.009800,740.039001,79.998901,-124.699997
96,2,154.490005,-282.973633,345.829132,79.998901,-10.009800,740.039001,79.998901,-124.699997
96,3,276.600006,-468.816071,365.341949,-14.603874,-10.009800,740.039001,79.998901,-124.699997
96,4,246.190002,-576.331055,568.765198,79.998901,-10.009800,740.039001,79.998901,-124.699997
96,5,195.690002,-234.329605,284.334534,-2.703269,-10.009800,740.039001,79.998901,-124.699997
96,6,202.970001,-361.407257,364.302032,-5.779929,-10.009800,740.039001,79.998901,-124.699997
96,7,387.500000,459.790924,366.080322,-52.533905,-10.009800,740.039001,79.998901,-124.699997
96,8,480.359985,-597.093079,1097.901367,-84.293892,-10.009800,740.039001,79.998901,-124.699997
96,9,557.539978,872.143494,910.214294,79.998901,-10.009800,740.039001,79.998901,-124.699997
96,10,510.390015,528.485718,1377.196899,79.998901,-10.009800,740.039001,79.998901,-124.699997
96,11,500.290009,415.857269,1442.899536,79.998901,-10.009800,740.039001,79.998901,-124.699997
96,13,236.630005,-192.499313,204.738907,38.908531,-10.009800,740.039001,79.998901,-124.699997
96,14,263.720001,-468.648376,365.460693,34.204403,-10.009800,740.039001,79.998901,-124.699997
96,15,338.630005,-65.054924,76.219330,79.998901,-10.009800,740.039001,79.998901,-124.699997
96,16,498.470001,-733.922241,351.571136,79.998901,-10.009800,740.039001,79.998901,-124.699997
97,1,247.190002,-192.308380,205.466721,-4.545060,-10.009800,740.039001,79.998901,-124.699997
97,2,154.490005,-282.973633,345.829132,79.998901,-10.009800,740.039001,79.998901,-124.699997
97,3,276.600006,-468.816071,365.341949,-14.603874,-10.009800,740.039001,79.998901,-124.699997
97,4,246.190002,-576.331055,568.765198,79.998901,-10.009800,740.039001,79.998901,-124.699997
97,5,195.690002,-234.329605,284.334534,-2.703269,-10.009800,740.039001,79.998901,-124.699997
97,6,202.970001,-361.407257,364.302032,-5.779929,-10.009800,740.039001,79.998901,-124.699997
97,7,387.500000,459.790924,366.080322,-52.533905,-10.009800,740.039001,79.998901,-124.699997
97,8,480.359985,-597.093079,1097.901367,-84.293892,-10.009800,740.039001,79.998901,-124.699997
97,9,557.539978,872.143494,910.214294,79.998901,-10.009800,740.039001,79.998901,-124.699997
97,10,510.390015,528.485718,1377.196899,79.998901,-10.009800,740.039001,79.998901,-124.699997
97,11,500.290009,415.857269,1442.899536,79.998901,-10.009800,740.039001,79.998901,-124.699997
97,13,236.630005,-192.499313,204.738907,38.908531,-10.009800,740.039001,79.998901,-124.699997
97,14,263.720001,-468.648376,365.460693,34.204403,-10.009800,740.039001,79.998901,-124.699997
97,15,338.630005,-65.054924,76.219330,79.998901,-10.009800,740.039001,79.998901,-124.699997
97,16,498.470001,-733.922241,351.571136,79.998901,-10.009800,740.039001,79.998901,-124.699997
98,1,247.190002,-192.308380,205.466721,-4.545060,-10.009800,740.039001,79.998901,-124.699997
98,2,154.490005,-282.973633,345.829132,79.998901,-10.009800,740.039001,79.998901,-124.699997
98,3,276.600006,-468.816071,365.341949,-14.603874,-10.009800,740.039001,79.998901,-124.699997
98,4,246.190002,-576.331055,568.765198,79.998901,-10.009800,740.039001,79.998901,-124.699997
98,5,195.690002,-234.329605,284.334534,-2.703269,-10.009800,740.039001,79.998901,-124.699997
98,6,202.970001,-361.407257,364.302032,-5.779929,-10.009800,740.039001,79.998901,-124.699997
98,7,387.500000,459.790924,366.080322,-52.533905,-10.009800,740.039001,79.998901,-124.699997
98,8,480.359985,-597.093079,1097.901367,-84.293892,-10.009800,740.039001,79.998901,-124.699997
98,9,557.539978,872.143494,910.214294,79.998901,-10.009800,740.039001,79.998901,-124.699997
98,10,510.390015,528.485718,1377.196899,79.998901,-10.009800,740.039001,79.998901,-124.699997
98,11,500.290009,415.857269,1442.899536,79.998901,-10.009800,740.039001,79.998901,-124.699997
98,13,236.630005,-192.499313,204.738907,38.908531,-10.009800,740.039001,79.998901,-124.699997
98,14,263.720001,-468.648376,365.460693,34.204403,-10.009800,740.039001,79.998901,-124.699997
98,15,338.630005,-65.054924,76.219330,79.998901,-10.009800,740.039001,79.998901,-124.699997
98,16,498.470001,-733.922241,351.571136,79.998901,-10.009800,740.039001,79.998901,-124.699997
99,1,247.190002,-192.308380,205.466721,-4.545060,-10.009800,740.039001,79.998901,-124.699997
99,2,154.490005,-282.973633,345.829132,79.998901,-10.009800,740.039001,79.998901,-124.699997
99,3,276.600006,-468.816071,365.341949,-14.603874,-10.009800,740.039001,79.998901,-124.699997
99,4,246.190002,-576.331055,568.765198,79.998901,-10.009800,740.039001,79.998901,-124.699997
99,5,195.690002,-234.329605,284.334534,-2.703269,-10.009800,740.039001,79.998901,-124.699997
99,6,202.970001,-361.407257,364.302032,-5.779929,-10.009800,740.039001,79.998901,-124.699997
99,7,387.500000,459.790924,366.080322,-52.533905,-10.009800,740.039001,79.998901,-124.699997
99,8,480.359985,-597.093079,1097.901367,-84.293892,-10.009800,740.039001,79.998901,-124.699997
99,9,557.539978,872.143494,910.214294,79.998901,-10.009800,740.039001,79.998901,-124.699997
99,10,510.390015,528.485718,1377.196899,79.998901,-10.009800,740.039001,79.998901,-124.699997
99,11,500.290009,415.857269,1442.899536,79.998901,-10.009800,740.039001,79.998901,-124.699997
99,13,236.630005,-192.499313,204.738907,38.908531,-10.009800,740.039001,79.998901,-124.699997
99,14,263.720001,-468.648376,365.460693,34.204403,-10.009800,740.039001,79.998901,-124.699997
99,15,338.630005,-65.054924,76.219330,79.998901,-10.009800,740.039001,79.998901,-124.699997
99,16,498.470001,-733.922241,351.571136,79.998901,-10.009800,740.039001,79.998901,-124.699997
100,1,247.190002,-192.308380,205.466721,-4.545060,-10.009800,740.039001,79.998901,-124.699997
100,2,154.490005,-282.973633,345.829132,79.998901,-10.009800,740.039001,79.998901,-124.699997
100,3,276.600006,-468.816071,365.341949,-14.603874,-10.009800,740.039001,79.998901,-124.699997
100,4,246.190002,-576.331055,568.765198,79.998901,-10.009800,740.039001,79.998901,-124.699997
100,5,195.690002,-234.329605,284.334534,-2.703269,-10.009800,740.039001,79.998901,-124.699997
100,6,202.970001,-361.407257,364.302032,-5.779929,-10.009800,740.039001,79.998901,-124.699997
100,7,387.500000,459.790924,366.080322,-52.533905,-10.009800,740.039001,79.998901,-124.699997
100,8,480.359985,-597.093079,1097.901367,-84.293892,-10.009800,740.039001,79.998901,-124.699997
100,9,557.539978,872.143494,910.214294,79.998901,-10.009800,740.039001,79.998901,-124.699997
100,10,510.390015,528.485718,1377.196899,79.998901,-10.009800,740.039001,79.998901,-124.699997
100,11,500.290009,415.857269,1442.899536,79.998901,-10.009800,740.039001,79.998901,-124.699997
100,13,236.630005,-192.499313,204.738907,38.908531,-10.009800,740.039001,79.998901,-124.699997
100,14,263.720001,-468.648376,365.460693,34.204403,-10.009800,740.039001,79.998901,-124.699997
100,15,338.630005,-65.054924,76.219330,79.998901,-10.009800,740.039001,79.998901,-124.699997
100,16,498.470001,-733.922241,351.571136,79.998901,-10.009800,740.039001,79.998901,-124.699997
101,1,247.190002,-192.308380,205.466721,-4.545060,-10.009800,740.039001,79.998901,-124.699997
101,2,154.490005,-282.973633,345.829132,79.998901,-10.009800,740.039001,79.998901,-124.699997
101,3,276.600006,-468.816071,365.341949,-14.603874,-10.009800,740.039001,79.998901,-124.699997
101,4,246.190002,-576.331055,568.765198,79.998901,-10.009800,740.039001,79.998901,-124.699997
101,5,195.690002,-234.329605,284.334534,-2.703269,-10.009800,740.039001,79.998901,-124.699997
101,6,202.970001,-361.407257,364.302032,-5.779929,-10.009800,740.039001,79.998901,-124.699997
101,7,387.500000,459.790924,366.080322,-52.533905,-10.009800,740.039001,79.998901,-124.699997
101,8,480.359985,-597.093079,1097.901367,-84.293892,-10.009800,740.039001,79.998901,-124.699997
101,9,557.539978,872.143494,910.214294,79.998901,-10.009800,740.039001,79.998901,-124.699997
101,10,510.390015,528.485718,1377.196899,79.998901,-10.009800,740.039001,79.998901,-124.699997
101,11,500.290009,415.857269,1442.899536,79.998901,-10.009800,740.039001,79.998901,-124.699997
101,13,236.630005,-192.499313,204.738907,38.908531,-10.009800,740.039001,79.998901,-124.699997
101,14,263.720001,-468.648376,365.460693,34.204403,-10.009800,740.039001,79.998901,-124.699997
101,15,338.630005,-65.054924,76.219330,79.998901,-10.009800,740.039001,79.998901,-124.699997
101,16,498.470001,-733.922241,351.571136,79.998901,-10.009800,740.039001,79.998901,-124.699997
102,1,247.190002,-192.308380,205.466721,-4.545060,-10.009800,740.039001,79.998901,-124.699997
102,2,154.490005,-282.973633,345.829132,79.998901,-10.009800,740.039001,79.998901,-124.699997
102,3,276.600006,-468.816071,365.341949,-14.603874,-10.009800,740.039001,79.998901,-124.699997
102,4,246.190002,-576.331055,568.765198,79.998901,-10.009800,740.039001,79.998901,-124.699997
102,5,195.690002,-234.329605,284.334534,-2.703269,-10.009800,740.039001,79.998901,-124.699997
102,6,202.970001,-361.407257,364.302032,-5.779929,-10.009800,740.039001,79.998901,-124.699997
102,7,387.500000,459.790924,366.080322,-52.533905,-10.009800,740.039001,79.998901,-124.699997
102,8,480.359985,-597.093079,1097.901367,-84.293892,-10.009800,740.039001,79.998901,-124.699997
102,9,557.539978,872.143494,910.214294,79.998901,-10.009800,740.039001,79.998901,-124.699997
102,10,510.390015,528.485718,1377.196899,79.998901,-10.009800,740.039001,79.998901,-124.699997
102,11,500.290009,415.857269,1442.899536,79.998901,-10.009800,740.039001,79.998901,-124.699997
102,13,236.630005,-192.499313,204.738907,38.908531,-10.009800,740.039001,79.998901,-124.699997
102,14,263.720001,-468.648376,365.460693,34.204403,-10.009800,740.039001,79.998901,-124.699997
102,15,338.630005,-65.054924,76.219330,79.998901,-10.009800,740.039001,79.998901,-124.699997
102,16,498.470001,-733.922241,351.571136,79.998901,-10.009800,740.039001,79.998901,-124.699997
103,1,247.190002,-192.308380,205.466721,-4.545060,-10.009800,740.039001,79.998901,-124.699997
103,2,154.490005,-282.973633,345.829132,79.998901,-10.009800,740.039001,79.998901,-124.699997
103,3,276.600006,-468.816071,365.341949,-14.603874,-10.009800,740.039001,79.998901,-124.699997
103,4,246.190002,-576.331055,568.765198,79.998901,-10.009800,740.039001,79.998901,-124.699997
103,5,195.690002,-234.329605,284.334534,-2.703269,-10.009800,740.039001,79.998901,-124.699997
103,6,202.970001,-361.407257,364.302032,-5.779929,-10.009800,740.039001,79.998901,-124.699997
103,7,387.500000,459.790924,366.080322,-52.533905,-10.009800,740.039001,79.998901,-124.699997
103,8,480.359985,-597.093079,1097.901367,-84.293892,-10.009800,740.039001,79.998901,-124.699997
103,9,557.539978,872.143494,910.214294,79.998901,-10.009800,740.039001,79.998901,-124.699997
103,10,510.390015,528.485718,1377.196899,79.998901,-10.009800,740.039001,79.998901,-124.699997
103,11,500.290009,415.857269,1442.899536,79.998901,-10.009800,740.039001,79.998901,-124.699997
103,13,236.630005,-192.499313,204.738907,38.908531,-10.009800,740.039001,79.998901,-124.699997
103,14,263.720001,-468.648376,365.460693,34.204403,-10.009800,740.039001,79.998901,-124.699997
103,15,338.630005,-65.054924,76.219330,79.998901,-10.009800,740.039001,79.998901,-124.699997
103,16,498.470001,-733.922241,351.571136,79.998901,-10.009800,740.039001,79.998901,-124.699997
104,1,395.200012,-396.531647,140.416611,-55.167465,29.980499,699.999878,79.998901,-144.000000
104,2,223.020004,-413.376984,377.881836,79.998901,29.980499,699.999878,79.998901,-144.000000
104,3,147.880005,-410.612518,531.342896,29.420959,29.980499,699.999878,79.998901,-144.000000
104,4,330.149994,-644.622559,716.752686,79.998901,29.980499,699.999878,79.998901,-144.000000
104,5,380.079987,-467.547760,245.819351,-80.629845,29.980499,699.999878,79.998901,-144.000000
104,6,179.039993,-408.309326,474.268799,4.333329,29.980499,699.999878,79.998901,-144.000000
104,7,446.799988,382.533722,146.699951,-72.815697,29.980499,699.999878,79.998901,-144.000000
104,8,467.100006,-398.506561,1221.709717,-79.758713,29.980499,699.999878,79.998901,-144.000000
104,9,696.229980,1057.155151,559.372620,79.998901,29.980499,699.999878,79.998901,-144.000000
104,10,366.450012,632.353027,1038.763794,79.998901,29.980499,699.999878,79.998901,-144.000000
104,11,361.100006,551.612732,1140.791260,79.998901,29.980499,699.999878,79.998901,-144.000000
104,13,321.959991,-366.168701,185.431549,24.091135,29.980499,699.999878,79.998901,-144.000000
104,14,148.210007,-417.338104,529.414368,54.262501,29.980499,699.999878,79.998901,-144.000000
104,15,413.429993,-288.446289,33.548973,79.998901,29.980499,699.999878,79.998901,-144.000000
104,16,195.529999,-498.824127,681.191040,79.998901,29.980499,699.999878,79.998901,-144.000000
105,1,395.200012,-396.531647,140.416611,-55.167465,29.980499,699.999878,79.998901,-144.000000
105,2,223.020004,-413.376984,377.881836,79.998901,29.980499,699.999878,79.998901,-144.000000
105,3,147.880005,-410.612518,531.342896,29.420959,29.980499,699.999878,79.998901,-144.000000
105,4,330.149994,-644.622559,716.752686,79.998901,29.980499,699.999878,79.998901,-144.000000
105,5,380.079987,-467.547760,245.819351,-80.629845,29.980499,699.999878,79.998901,-144.000000
105,6,179.039993,-408.309326,474.268799,4.333329,29.980499,699.999878,79.998901,-144.000000
105,7,446.799988,382.533722,146.699951,-72.815697,29.980499,699.999878,79.998901,-144.000000
105,8,467.100006,-398.506561,1221.709717,-79.758713,29.980499,699.999878,79.998901,-144.000000
105,9,696.229980,1057.155151,559.372620,79.998901,29.980499,699.999878,79.998901,-144.000000
105,10,366.450012,632.353027,1038.763794,79.998901,29.980499,699.999878,79.998901,-144.000000
105,11,361.100006,551.612732,1140.791260,79.998901,29.980499,699.999878,79.998901,-144.000000
105,13,321.959991,-366.168701,185.431549,24.091135,29.980499,699.999878,79.998901,-144.000000
105,14,148.210007,-417.338104,529.414368,54.262501,29.980499,699.999878,79.998901,-144.000000
105,15,413.429993,-288.446289,33.548973,79.998901,29.980499,699.999878,79.998901,-144.000000
105,16,195.529999,-498.824127,681.191040,79.998901,29.980499,699.999878,79.998901,-144.000000
106,1,395.200012,-396.531647,140.416611,-55.167465,29.980499,699.999878,79.998901,-144.000000
106,2,223.020004,-413.376984,377.881836,79.998901,29.980499,699.999878,79.998901,-144.000000
106,3,147.880005,-410.612518,531.342896,29.420959,29.980499,699.999878,79.998901,-144.000000
106,4,330.149994,-644.622559,716.752686,79.998901,29.980499,699.999878,79.998901,-144.000000
106,5,380.079987,-467.547760,245.819351,-80.629845,29.980499,699.999878,79.998901,-144.000000
106,6,179.039993,-408.309326,474.268799,4.333329,29.980499,699.999878,79.998901,-144.000000
106,7,446.799988,382.533722,146.699951,-72.815697,29.980499,699.999878,79.998901,-144.000000
106,8,467.100006,-398.506561,1221.709717,-79.758713,29.980499,699.999878,79.998901,-144.000000
106,9,696.229980,1057.155151,559.372620,79.998901,29.980499,699.999878,79.998901,-144.000000
106,10,366.450012,632.353027,1038.763794,79.998901,29.980499,699.999878,79.998901,-144.000000
106,11,361.100006,551.612732,1140.791260,79.998901,29.980499,699.999878,79.998901,-144.000000
106,13,321.959991,-366.168701,185.431549,24.091135,29.980499,699.999878,79.998901,-144.000000
106,14,148.210007,-417.338104,529.414368,54.262501,29.980499,699.999878,79.998901,-144.000000
106,15,413.429993,-288.446289,33.548973,79.998901,29.980499,699.999878,79.998901,-144.000000
106,16,195.529999,-498.824127,681.191040,79.998901,29.980499,699.999878,79.998901,-144.000000
107,1,395.200012,-396.531647,140.416611,-55.167465,29.980499,699.999878,79.998901,-144.000000
107,2,223.020004,-413.376984,377.881836,79.998901,29.980499,699.999878,79.998901,-144.000000
107,3,147.880005,-410.612518,531.342896,29.420959,29.980499,699.999878,79.998901,-144.000000
107,4,330.149994,-644.622559,716.752686,79.998901,29.980499,699.999878,79.998901,-144.000000
107,5,380.079987,-467.547760,245.819351,-80.629845,29.980499,699.999878,79.998901,-144.000000
107,6,179.039993,-408.309326,474.268799,4.333329,29.980499,699.999878,79.998901,-144.000000
107,7,446.799988,382.533722,146.699951,-72.815697,29.980499,699.999878,79.998901,-144.000000
107,8,467.100006,-398.506561,1221.709717,-79.758713,29.980499,699.999878,79.998901,-144.000000
107,9,696.229980,1057.155151,559.372620,79.998901,29.980499,699.999878,79.998901,-144.000000
107,10,366.450012,632.353027,1038.763794,79.998901,29.980499,699.999878,79.998901,-144.000000
107,11,361.100006,551.612732,1140.791260,79.998901,29.980499,699.999878,79.998901,-144.000000
107,13,321.959991,-366.168701,185.431549,24.091135,29.980499,699.999878,79.998901,-144.000000
107,14,148.210007,-417.338104,529.414368,54.262501,29.980499,699.999878,79.998901,-144.000000
107,15,413.429993,-288.446289,33.548973,79.998901,29.980499,699.999878,79.998901,-144.000000
107,16,195.529999,-498.824127,681.191040,79.998901,29.980499,699.999878,79.998901,-144.000000
108,1,395.200012,-396.531647,140.416611,-55.167465,29.980499,699.999878,79.998901,-144.000000
108,2,223.020004,-413.376984,377.881836,79.998901,29.980499,699.999878,79.998901,-144.000000
108,3,147.880005,-410.612518,531.342896,29.420959,29.980499,699.999878,79.998901,-144.000000
108,4,330.149994,-644.622559,716.752686,79.998901,29.980499,699.999878,79.998901,-144.000000
108,5,380.079987,-467.547760,245.819351,-80.629845,29.980499,699.999878,79.998901,-144.000000
108,6,179.039993,-408.309326,474.268799,4.333329,29.980499,699.999878,79.998901,-144.000000
108,7,446.799988,382.533722,146.699951,-72.815697,29.980499,699.999878,79.998901,-144.000000
108,8,467.100006,-398.506561,1221.709717,-79.758713,29.980499,699.999878,79.998901,-144.000000
108,9,696.229980,1057.155151,559.372620,79.998901,29.980499,699.999878,79.998901,-144.000000
108,10,366.450012,632.353027,1038.763794,79.998901,29.980499,699.999878,79.998901,-144.000000
108,11,361.100006,551.612732,1140.791260,79.998901,29.980499,699.999878,79.998901,-144.000000
108,13,321.959991,-366.168701,185.431549,24.091135,29.980499,699.999878,79.998901,-144.000000
108,14,148.210007,-417.338104,529.414368,54.262501,29.980499,699.999878,79.998901,-144.000000
108,15,413.429993,-288.446289,33.548973,79.998901,29.980499,699.999878,79.998901,-144.000000
108,16,195.529999,-498.824127,681.191040,79.998901,29.980499,699.999878,79.998901,-144.000000
109,1,395.200012,-396.531647,140.416611,-55.167465,29.980499,699.999878,79.998901,-144.000000
109,2,223.020004,-413.376984,377.881836,79.998901,29.980499,699.999878,79.998901,-144.000000
109,3,147.880005,-410.612518,531.342896,29.420959,29.980499,699.999878,79.998901,-144.000000
109,4,330.149994,-644.622559,716.752686,79.998901,29.980499,699.999878,79.998901,-144.000000
109,5,380.079987,-467.547760,245.819351,-80.629845,29.980499,699.999878,79.998901,-144.000000
109,6,179.039993,-408.309326,474.268799,4.333329,29.980499,699.999878,79.998901,-144.000000
109,7,446.799988,382.533722,146.699951,-72.815697,29.980499,699.999878,79.998901,-144.000000
109,8,467.100006,-398.506561,1221.709717,-79.758713,29.980499,699.999878,79.998901,-144.000000
109,9,696.229980,1057.155151,559.372620,79.998901,29.980499,699.999878,79.998901,-144.000000
109,10,366.450012,632.353027,1038.763794,79.998901,29.980499,699.999878,79.998901,-144.000000
109,11,361.100006,551.612732,1140.791260,79.998901,29.980499,699.999878,79.998901,-144.000000
109,13,321.959991,-366.168701,185.431549,24.091135,29.980499,699.999878,79.998901,-144.000000
109,14,148.210007,-417.338104,529.414368,54.262501,29.980499,699.999878,79.998901,-144.000000
109,15,413.429993,-288.446289,33.548973,79.998901,29.980499,699.999878,79.998901,-144.000000
109,16,195.529999,-498.824127,681.191040,79.998901,29.980499,699.999878,79.998901,-144.000000
110,1,395.200012,-396.531647,140.416611,-55.167465,29.980499,699.999878,79.998901,-144.000000
110,2,223.020004,-413.376984,377.881836,79.998901,29.980499,699.999878,79.998901,-144.000000
110,3,147.880005,-410.612518,531.342896,29.420959,29.980499,699.999878,79.998901,-144.000000
110,4,330.149994,-644.622559,716.752686,79.998901,29.980499,699.999878,79.998901,-144.000000
110,5,380.079987,-467.547760,245.819351,-80.629845,29.980499,699.999878,79.998901,-144.000000
110,6,179.039993,-408.309326,474.268799,4.333329,29.980499,699.999878,79.998901,-144.000000
110,7,446.799988,382.533722,146.699951,-72.815697,29.980499,699.999878,79.998901,-144.000000
110,8,467.100006,-398.506561,1221.709717,-79.758713,29.980499,699.999878,79.998901,-144.000000
110,9,696.229980,1057.155151,559.372620,79.998901,29.980499,699.999878,79.998901,-144.000000
110,10,366.450012,632.353027,1038.763794,79.998901,29.980499,699.999878,79.998901,-144.000000
110,11,361.100006,551.612732,1140.791260,79.998901,29.980499,699.999878,79.998901,-144.000000
110,13,321.959991,-366.168701,185.431549,24.091135,29.980499,699.999878,79.998901,-144.000000
110,14,148.210007,-417.338104,529.414368,54.262501,29.980499,699.999878,79.998901,-144.000000
110,15,413.429993,-288.446289,33.548973,79.998901,29.980499,699.999878,79.998901,-144.000000
110,16,195.529999,-498.824127,681.191040,79.998901,29.980499,699.999878,79.998901,-144.000000
111,1,395.200012,-396.531647,140.416611,-55.167465,29.980499,699.999878,79.998901,-144.000000
111,2,223.020004,-413.376984,377.881836,79.998901,29.980499,699.999878,79.998901,-144.000000
111,3,147.880005,-410.612518,531.342896,29.420959,29.980499,699.999878,79.998901,-144.000000
111,4,330.149994,-644.622559,716.752686,79.998901,29.980499,699.999878,79.998901,-144.000000
111,5,380.079987,-467.547760,245.819351,-80.629845,29.980499,699.999878,79.998901,-144.000000
111,6,179.039993,-408.309326,474.268799,4.333329,29.980499,699.999878,79.998901,-144.000000
111,7,446.799988,382.533722,146.699951,-72.815697,29.980499,699.999878,79.998901,-144.000000
111,8,467.100006,-398.506561,1221.709717,-79.758713,29.980499,699.999878,79.998901,-144.000000
111,9,696.229980,1057.155151,559.372620,79.998901,29.980499,699.999878,79.998901,-144.000000
111,10,366.450012,632.353027,1038.763794,79.998901,29.980499,699.999878,79.998901,-144.000000
111,11,361.100006,551.612732,1140.791260,79.998901,29.980499,699.999878,79.998901,-144.000000
111,13,321.959991,-366.168701,185.431549,24.091135,29.980499,699.999878,79.998901,-144.000000
111,14,148.210007,-417.338104,529.414368,54.262501,29.980499,699.999878,79.998901,-144.000000
111,15,413.429993,-288.446289,33.548973,79.998901,29.980499,699.999878,79.998901,-144.000000
111,16,195.529999,-498.824127,681.191040,79.998901,29.980499,699.999878,79.998901,-144.000000
112,1,395.200012,-396.531647,140.416611,-55.167465,29.980499,699.999878,79.998901,-144.000000
112,2,223.020004,-413.376984,377.881836,79.998901,29.980499,699.999878,79.998901,-144.000000
112,3,147.880005,-410.612518,531.342896,29.420959,29.980499,699.999878,79.998901,-144.000000
112,4,330.149994,-644.622559,716.752686,79.998901,29.980499,699.999878,79.998901,-144.000000
112,5,380.079987,-467.547760,245.819351,-80.629845,29.980499,699.999878,79.998901,-144.000000
112,6,179.039993,-408.309326,474.268799,4.333329,29.980499,699.999878,79.998901,-144.000000
112,7,446.799988,382.533722,146.699951,-72.815697,29.980499,699.999878,79.998901,-144.000000
112,8,467.100006,-398.506561,1221.709717,-79.758713,29.980499,699.999878,79.998901,-144.000000
112,9,696.229980,1057.155151,559.372620,79.998901,29.980499,699.999878,79.998901,-144.000000
112,10,366.450012,632.353027,1038.763794,79.998901,29.980499,699.999878,79.998901,-144.000000
112,11,361.100006,551.612732,1140.791260,79.998901,29.980499,699.999878,79.998901,-144.000000
112,13,321.959991,-366.168701,185.431549,24.091135,29.980499,699.999878,79.998901,-144.000000
112,14,148.210007,-417.338104,529.414368,54.262501,29.980499,699.999878,79.998901,-144.000000
112,15,413.429993,-288.446289,33.548973,79.998901,29.980499,699.999878,79.998901,-144.000000
112,16,195.529999,-498.824127,681.191040,79.998901,29.980499,699.999878,79.998901,-144.000000
113,1,395.200012,-396.531647,140.416611,-55.167465,29.980499,699.999878,79.998901,-144.000000
113,2,223.020004,-413.376984,377.881836,79.998901,29.980499,699.999878,79.998901,-144.000000
113,3,147.880005,-410.612518,531.342896,29.420959,29.980499,699.999878,79.998901,-144.000000
113,4,330.149994,-644.622559,716.752686,79.998901,29.980499,699.999878,79.998901,-144.000000
113,5,380.079987,-467.547760,245.819351,-80.629845,29.980499,699.999878,79.998901,-144.000000
113,6,179.039993,-408.309326,474.268799,4.333329,29.980499,699.999878,79.998901,-144.000000
113,7,446.799988,382.533722,146.699951,-72.815697,29.980499,699.999878,79.998901,-144.000000
113,8,467.100006,-398.506561,1221.709717,-79.758713,29.980499,699.999878,79.998901,-144.000000
113,9,696.229980,1057.155151,559.372620,79.998901,29.980499,699.999878,79.998901,-144.000000
113,10,366.450012,632.353027,1038.763794,79.998901,29.980499,699.999878,79.998901,-144.000000
113,11,361.100006,551.612732,1140.791260,79.998901,29.980499,699.999878,79.998901,-144.000000
113,13,321.959991,-366.168701,185.431549,24.091135,29.980499,699.999878,79.998901,-144.000000
113,14,148.210007,-417.338104,529.414368,54.262501,29.980499,699.999878,79.998901,-144.000000
113,15,413.429993,-288.446289,33.548973,79.998901,29.980499,699.999878,79.998901,-144.000000
113,16,195.529999,-498.824127,681.191040,79.998901,29.980499,699.999878,79.998901,-144.000000
114,1,395.200012,-396.531647,140.416611,-55.167465,29.980499,699.999878,79.998901,-144.000000
114,2,223.020004,-413.376984,377.881836,79.998901,29.980499,699.999878,79.998901,-144.000000
114,3,147.880005,-410.612518,531.342896,29.420959,29.980499,699.999878,79.998901,-144.000000
114,4,330.149994,-644.622559,716.752686,79.998901,29.980499,699.999878,79.998901,-144.000000
114,5,380.079987,-467.547760,245.819351,-80.629845,29.980499,699.999878,79.998901,-144.000000
114,6,179.039993,-408.309326,474.268799,4.333329,29.980499,699.999878,79.998901,-144.000000
114,7,446.799988,382.533722,146.699951,-72.815697,29.980499,699.999878,79.998901,-144.000000
114,8,467.100006,-398.506561,1221.709717,-79.758713,29.980499,699.999878,79.998901,-144.000000
114,9,696.229980,1057.155151,559.372620,79.998901,29.980499,699.999878,79.998901,-144.000000
114,10,366.450012,632.353027,1038.763794,79.998901,29.980499,699.999878,79.998901,-144.000000
114,11,361.100006,551.612732,1140.791260,79.998901,29.980499,699.999878,79.998901,-144.000000
114,13,321.959991,-366.168701,185.431549,24.091135,29.980499,699.999878,79.998901,-144.000000
114,14,148.210007,-417.338104,529.414368,54.262501,29.980499,699.999878,79.998901,-144.000000
114,15,413.429993,-288.446289,33.548973,79.998901,29.980499,699.999878,79.998901,-144.000000
114,16,195.529999,-498.824127,681.191040,79.998901,29.980499,699.999878,79.998901,-144.000000
115,1,378.750000,-430.993164,188.298233,-49.541229,39.990200,690.039001,79.998901,-149.800003
115,2,287.250000,-489.162079,382.065063,79.998901,39.990200,690.039001,79.998901,-149.800003
115,3,159.320007,-425.971344,564.866455,25.508247,39.990200,690.039001,79.998901,-149.800003
115,4,221.130005,-520.447021,775.259460,79.998901,39.990200,690.039001,79.998901,-149.800003
115,5,412.220001,-526.064148,273.809601,-94.212799,39.990200,690.039001,79.998901,-149.800003
115,6,206.309998,-440.228027,497.323303,-7.191473,39.990200,690.039001,79.998901,-149.800003
115,7,646.159973,429.058411,-57.966934,-141.000824,39.990200,690.039001,79.998901,-149.800003
115,8,333.959991,-270.648041,1144.249268,-34.222145,39.990200,690.039001,79.998901,-149.800003
115,10,137.669998,475.784454,851.114136,79.998901,39.990200,690.039001,79.998901,-149.800003
115,11,98.750000,376.754303,943.892334,79.998901,39.990200,690.039001,79.998901,-149.800003
115,12,345.410004,234.663498,1308.996948,79.998901,39.990200,690.039001,79.998901,-149.800003
115,13,342.040009,-418.789520,202.945496,20.604277,39.990200,690.039001,79.998901,-149.800003
115,14,145.429993,-419.582672,566.015991,54.745247,39.990200,690.039001,79.998901,-149.800003
115,15,432.940002,-357.902985,45.335152,79.998901,39.990200,690.039001,79.998901,-149.800003
115,16,181.119995,-474.102173,728.543640,79.998901,39.990200,690.039001,79.998901,-149.800003
116,1,378.750000,-430.993164,188.298233,-49.541229,39.990200,690.039001,79.998901,-149.800003
116,2,287.250000,-489.162079,382.065063,79.998901,39.990200,690.039001,79.998901,-149.800003
116,3,159.320007,-425.971344,564.866455,25.508247,39.990200,690.039001,79.998901,-149.800003
116,4,221.130005,-520.447021,775.259460,79.998901,39.990200,690.039001,79.998901,-149.800003
116,5,412.220001,-526.064148,273.809601,-94.212799,39.990200,690.039001,79.998901,-149.800003
116,6,206.309998,-440.228027,497.323303,-7.191473,39.990200,690.039001,79.998901,-149.800003
116,7,646.159973,429.058411,-57.966934,-141.000824,39.990200,690.039001,79.998901,-149.800003
116,8,333.959991,-270.648041,1144.249268,-34.222145,39.990200,690.039001,79.998901,-149.800003
116,10,137.669998,475.784454,851.114136,79.998901,39.990200,690.039001,79.998901,-149.800003
116,11,98.750000,376.754303,943.892334,79.998901,39.990200,690.039001,79.998901,-149.800003
116,12,345.410004,234.663498,1308.996948,79.998901,39.990200,690.039001,79.998901,-149.800003
116,13,342.040009,-418.789520,202.945496,20.604277,39.990200,690.039001,79.998901,-149.800003
116,14,145.429993,-419.582672,566.015991,54.745247,39.990200,690.039001,79.998901,-149.800003
116,15,432.940002,-357.902985,45.335152,79.998901,39.990200,690.039001,79.998901,-149.800003
116,16,181.119995,-474.102173,728.543640,79.998901,39.990200,690.039001,79.998901,-149.800003
117,1,378.750000,-430.993164,188.298233,-49.541229,39.990200,690.039001,79.998901,-149.800003
117,2,287.250000,-489.162079,382.065063,79.998901,39.990200,690.039001,79.998901,-149.800003
117,3,159.320007,-425.971344,564.866455,25.508247,39.990200,690.039001,79.998901,-149.800003
117,4,221.130005,-520.447021,775.259460,79.998901,39.990200,690.039001,79.998901,-149.800003
117,5,412.220001,-526.064148,273.809601,-94.212799,39.990200,690.039001,79.998901,-149.800003
117,6,206.309998,-440.228027,497.323303,-7.191473,39.990200,690.039001,79.998901,-149.800003
117,7,646.159973,429.058411,-57.966934,-141.000824,39.990200,690.039001,79.998901,-149.800003
117,8,333.959991,-270.648041,1144.249268,-34.222145,39.990200,690.039001,79.998901,-149.800003
117,10,137.669998,475.784454,851.114136,79.998901,39.990200,690.039001,79.998901,-149.800003
117,11,98.750000,376.754303,943.892334,79.998901,39.990200,690.039001,79.998901,-149.800003
117,12,345.410004,234.663498,1308.996948,79.998901,39.990200,690.039001,79.998901,-149.800003
117,13,342.040009,-418.789520,202.945496,20.604277,39.990200,690.039001,79.998901,-149.800003
117,14,145.429993,-419.582672,566.015991,54.745247,39.990200,690.039001,79.998901,-149.800003
117,15,432.940002,-357.902985,45.335152,79.998901,39.990200,690.039001,79.998901,-149.800003
117,16,181.119995,-474.102173,728.543640,79.998901,39.990200,690.039001,79.998901,-149.800003
118,1,378.750000,-430.993164,188.298233,-49.541229,39.990200,690.039001,79.998901,-149.800003
118,2,287.250000,-489.162079,382.065063,79.998901,39.990200,690.039001,79.998901,-149.800003
118,3,159.320007,-425.971344,564.866455,25.508247,39.990200,690.039001,79.998901,-149.800003
118,4,221.130005,-520.447021,775.259460,79.998901,39.990200,690.039001,79.998901,-149.800003
118,5,412.220001,-526.064148,273.809601,-94.212799,39.990200,690.039001,79.998901,-149.800003
118,6,206.309998,-440.228027,497.323303,-7.191473,39.990200,690.039001,79.998901,-149.800003
118,7,646.159973,429.058411,-57.966934,-141.000824,39.990200,690.039001,79.998901,-149.800003
118,8,333.959991,-270.648041,1144.249268,-34.222145,39.990200,690.039001,79.998901,-149.800003
118,10,137.669998,475.784454,851.114136,79.998901,39.990200,690.039001,79.998901,-149.800003
118,11,98.750000,376.754303,943.892334,79.998901,39.990200,690.039001,79.998901,-149.800003
118,12,345.410004,234.663498,1308.996948,79.998901,39.990200,690.039001,79.998901,-149.800003
118,13,342.040009,-418.789520,202.945496,20.604277,39.990200,690.039001,79.998901,-149.800003
118,14,145.429993,-419.582672,566.015991,54.745247,39.990200,690.039001,79.998901,-149.800003
118,15,432.940002,-357.902985,45.335152,79.998901,39.990200,690.039001,79.998901,-149.800003
118,16,181.119995,-474.102173,728.543640,79.998901,39.990200,690.039001,79.998901,-149.800003
119,1,378.750000,-430.993164,188.298233,-49.541229,39.990200,690.039001,79.998901,-149.800003
119,2,287.250000,-489.162079,382.065063,79.998901,39.990200,690.039001,79.998901,-149.800003
119,3,159.320007,-425.971344,564.866455,25.508247,39.990200,690.039001,79.998901,-149.800003
119,4,221.130005,-520.447021,775.259460,79.998901,39.990200,690.039001,79.998901,-149.800003
119,5,412.220001,-526.064148,273.809601,-94.212799,39.990200,690.039001,79.998901,-149.800003
119,6,206.309998,-440.228027,497.323303,-7.191473,39.990200,690.039001,79.998901,-149.800003
119,7,646.159973,429.058411,-57.966934,-141.000824,39.990200,690.039001,79.998901,-149.800003
119,8,333.959991,-270.648041,1144.249268,-34.222145,39.990200,690.039001,79.998901,-149.800003
119,10,137.669998,475.784454,851.114136,79.998901,39.990200,690.039001,79.998901,-149.800003
119,11,98.750000,376.754303,943.892334,79.998901,39.990200,690.039001,79.998901,-149.800003
119,12,345.410004,234.663498,1308.996948,79.998901,39.990200,690.039001,79.998901,-149.800003
119,13,342.040009,-418.789520,202.945496,20.604277,39.990200,690.039001,79.998901,-149.800003
119,14,145.429993,-419.582672,566.015991,54.745247,39.990200,690.039001,79.998901,-149.800003
119,15,432.940002,-357.902985,45.335152,79.998901,39.990200,690.039001,79.998901,-149.800003
119,16,181.119995,-474.102173,728.543640,79.998901,39.990200,690.039001,79.998901,-149.800003
120,1,378.750000,-430.993164,188.298233,-49.541229,39.990200,690.039001,79.998901,-149.800003
120,2,287.250000,-489.162079,382.065063,79.998901,39.990200,690.039001,79.998901,-149.800003
120,3,159.320007,-425.971344,564.866455,25.508247,39.990200,690.039001,79.998901,-149.800003
120,4,221.130005,-520.447021,775.259460,79.998901,39.990200,690.039001,79.998901,-149.800003
120,5,412.220001,-526.064148,273.809601,-94.212799,39.990200,690.039001,79.998901,-149.800003
120,6,206.309998,-440.228027,497.323303,-7.191473,39.990200,690.039001,79.998901,-149.800003
120,7,646.159973,429.058411,-57.966934,-141.000824,39.990200,690.039001,79.998901,-149.800003
120,8,333.959991,-270.648041,1144.249268,-34.222145,39.990200,690.039001,79.998901,-149.800003
120,10,137.669998,475.784454,851.114136,79.998901,39.990200,690.039001,79.998901,-149.800003
120,11,98.750000,376.754303,943.892334,79.998901,39.990200,690.039001,79.998901,-149.800003
120,12,345.410004,234.663498,1308.996948,79.998901,39.990200,690.039001,79.998901,-149.800003
120,13,342.040009,-418.789520,202.945496,20.604277,39.990200,690.039001,79.998901,-149.800003
120,14,145.429993,-419.582672,566.015991,54.745247,39.990200,690.039001,79.998901,-149.800003
120,15,432.940002,-357.902985,45.335152,79.998901,39.990200,690.039001,79.998901,-149.800003
120,16,181.119995,-474.102173,728.543640,79.998901,39.990200,690.039001,79.998901,-149.800003
121,1,378.750000,-430.993164,188.298233,-49.541229,39.990200,690.039001,79.998901,-149.800003
121,2,287.250000,-489.162079,382.065063,79.998901,39.990200,690.039001,79.998901,-149.800003
121,3,159.320007,-425.971344,564.866455,25.508247,39.990200,690.039001,79.998901,-149.800003
121,4,221.130005,-520.447021,775.259460,79.998901,39.990200,690.039001,79.998901,-149.800003
121,5,412.220001,-526.064148,273.809601,-94.212799,39.990200,690.039001,79.998901,-149.800003
121,6,206.309998,-440.228027,497.323303,-7.191473,39.990200,690.039001,79.998901,-149.800003
121,7,646.159973,429.058411,-57.966934,-141.000824,39.990200,690.039001,79.998901,-149.800003
121,8,333.959991,-270.648041,1144.249268,-34.222145,39.990200,690.039001,79.998901,-149.800003
121,10,137.669998,475.784454,851.114136,79.998901,39.990200,690.039001,79.998901,-149.800003
121,11,98.750000,376.754303,943.892334,79.998901,39.990200,690.039001,79.998901,-149.800003
121,12,345.410004,234.663498,1308.996948,79.998901,39.990200,690.039001,79.998901,-149.800003
121,13,342.040009,-418.789520,202.945496,20.604277,39.990200,690.039001,79.998901,-149.800003
121,14,145.429993,-419.582672,566.015991,54.745247,39.990200,690.039001,79.998901,-149.800003
121,15,432.940002,-357.902985,45.335152,79.998901,39.990200,690.039001,79.998901,-149.800003
121,16,181.119995,-474.102173,728.543640,79.998901,39.990200,690.039001,79.998901,-149.800003
122,1,378.750000,-430.993164,188.298233,-49.541229,39.990200,690.039001,79.998901,-149.800003
122,2,287.250000,-489.162079,382.065063,79.998901,39.990200,690.039001,79.998901,-149.800003
122,3,159.320007,-425.971344,564.866455,25.508247,39.990200,690.039001,79.998901,-149.800003
122,4,221.130005,-520.447021,775.259460,79.998901,39.990200,690.039001,79.998901,-149.800003
122,5,412.220001,-526.064148,273.809601,-94.212799,39.990200,690.039001,79.998901,-149.800003
122,6,206.309998,-440.228027,497.323303,-7.191473,39.990200,690.039001,79.998901,-149.800003
122,7,646.159973,429.058411,-57.966934,-141.000824,39.990200,690.039001,79.998901,-149.800003
122,8,333.959991,-270.648041,1144.249268,-34.222145,39.990200,690.039001,79.998901,-149.800003
122,10,137.669998,475.784454,851.114136,79.998901,39.990200,690.039001,79.998901,-149.800003
122,11,98.750000,376.754303,943.892334,79.998901,39.990200,690.039001,79.998901,-149.800003
122,12,345.410004,234.663498,1308.996948,79.998901,39.990200,690.039001,79.998901,-149.800003
122,13,342.040009,-418.789520,202.945496,20.604277,39.990200,690.039001,79.998901,-149.800003
122,14,145.429993,-419.582672,566.015991,54.745247,39.990200,690.039001,79.998901,-149.800003
122,15,432.940002,-357.902985,45.335152,79.998901,39.990200,690.039001,79.998901,-149.800003
122,16,181.119995,-474.102173,728.543640,79.998901,39.990200,690.039001,79.998901,-149.800003
123,1,378.750000,-430.993164,188.298233,-49.541229,39.990200,690.039001,79.998901,-149.800003
123,2,287.250000,-489.162079,382.065063,79.998901,39.990200,690.039001,79.998901,-149.800003
123,3,159.320007,-425.971344,564.866455,25.508247,39.990200,690.039001,79.998901,-149.800003
123,4,221.130005,-520.447021,775.259460,79.998901,39.990200,690.039001,79.998901,-149.800003
123,5,412.220001,-526.064148,273.809601,-94.212799,39.990200,690.039001,79.998901,-149.800003
123,6,206.309998,-440.228027,497.323303,-7.191473,39.990200,690.039001,79.998901,-149.800003
123,7,646.159973,429.058411,-57.966934,-141.000824,39.990200,690.039001,79.998901,-149.800003
123,8,333.959991,-270.648041,1144.249268,-34.222145,39.990200,690.039001,79.998901,-149.800003
123,10,137.669998,475.784454,851.114136,79.998901,39.990200,690.039001,79.998901,-149.800003
123,11,98.750000,376.754303,943.892334,79.998901,39.990200,690.039001,79.998901,-149.800003
123,12,345.410004,234.663498,1308.996948,79.998901,39.990200,690.039001,79.998901,-149.800003
123,13,342.040009,-418.789520,202.945496,20.604277,39.990200,690.039001,79.998901,-149.800003
123,14,145.429993,-419.582672,566.015991,54.745247,39.990200,690.039001,79.998901,-149.800003
123,15,432.940002,-357.902985,45.335152,79.998901,39.990200,690.039001,79.998901,-149.800003
123,16,181.119995,-474.102173,728.543640,79.998901,39.990200,690.039001,79.998901,-149.800003
124,1,378.750000,-430.993164,188.298233,-49.541229,39.990200,690.039001,79.998901,-149.800003
124,2,287.250000,-489.162079,382.065063,79.998901,39.990200,690.039001,79.998901,-149.800003
124,3,159.320007,-425.971344,564.866455,25.508247,39.990200,690.039001,79.998901,-149.800003
124,4,221.130005,-520.447021,775.259460,79.998901,39.990200,690.039001,79.998901,-149.800003
124,5,412.220001,-526.064148,273.809601,-94.212799,39.990200,690.039001,79.998901,-149.800003
124,6,206.309998,-440.228027,497.323303,-7.191473,39.990200,690.039001,79.998901,-149.800003
124,7,646.159973,429.058411,-57.966934,-141.000824,39.990200,690.039001,79.998901,-149.800003
124,8,333.959991,-270.648041,1144.249268,-34.222145,39.990200,690.039001,79.998901,-149.800003
124,10,137.669998,475.784454,851.114136,79.998901,39.990200,690.039001,79.998901,-149.800003
124,11,98.750000,376.754303,943.892334,79.998901,39.990200,690.039001,79.998901,-149.800003
124,12,345.410004,234.663498,1308.996948,79.998901,39.990200,690.039001,79.998901,-149.800003
124,13,342.040009,-418.789520,202.945496,20.604277,39.990200,690.039001,79.998901,-149.800003
124,14,145.429993,-419.582672,566.015991,54.745247,39.990200,690.039001,79.998901,-149.800003
124,15,432.940002,-357.902985,45.335152,79.998901,39.990200,690.039001,79.998901,-149.800003
124,16,181.119995,-474.102173,728.543640,79.998901,39.990200,690.039001,79.998901,-149.800003
125,1,378.750000,-430.993164,188.298233,-49.541229,39.990200,690.039001,79.998901,-149.800003
125,2,287.250000,-489.162079,382.065063,79.998901,39.990200,690.039001,79.998901,-149.800003
125,3,159.320007,-425.971344,564.866455,25.508247,39.990200,690.039001,79.998901,-149.800003
125,4,221.130005,-520.447021,775.259460,79.998901,39.990200,690.039001,79.998901,-149.800003
125,5,412.220001,-526.064148,273.809601,-94.212799,39.990200,690.039001,79.998901,-149.800003
125,6,206.309998,-440.228027,497.323303,-7.191473,39.990200,690.039001,79.998901,-149.800003
125,7,646.159973,429.058411,-57.966934,-141.000824,39.990200,690.039001,79.998901,-149.800003
125,8,333.959991,-270.648041,1144.249268,-34.222145,39.990200,690.039001,79.998901,-149.800003
125,10,137.669998,475.784454,851.114136,79.998901,39.990200,690.039001,79.998901,-149.800003
125,11,98.750000,376.754303,943.892334,79.998901,39.990200,690.039001,79.998901,-149.800003
125,12,345.410004,234.663498,1308.996948,79.998901,39.990200,690.039001,79.998901,-149.800003
125,13,342.040009,-418.789520,202.945496,20.604277,39.990200,690.039001,79.998901,-149.800003
125,14,145.429993,-419.582672,566.015991,54.745247,39.990200,690.039001,79.998901,-149.800003
125,15,432.940002,-357.902985,45.335152,79.998901,39.990200,690.039001,79.998901,-149.800003
125,16,181.119995,-474.102173,728.543640,79.998901,39.990200,690.039001,79.998901,-149.800003
126,1,378.750000,-430.993164,188.298233,-49.541229,39.990200,690.039001,79.998901,-149.800003
126,2,287.250000,-489.162079,382.065063,79.998901,39.990200,690.039001,79.998901,-149.800003
126,3,159.320007,-425.971344,564.866455,25.508247,39.990200,690.039001,79.998901,-149.800003
126,4,221.130005,-520.447021,775.259460,79.998901,39.990200,690.039001,79.998901,-149.800003
126,5,412.220001,-526.064148,273.809601,-94.212799,39.990200,690.039001,79.998901,-149.800003
126,6,206.309998,-440.228027,497.323303,-7.191473,39.990200,690.039001,79.998901,-149.800003
126,7,646.159973,429.058411,-57.966934,-141.000824,39.990200,690.039001,79.998901,-149.800003
126,8,333.959991,-270.648041,1144.249268,-34.222145,39.990200,690.039001,79.998901,-149.800003
126,10,137.669998,475.784454,851.114136,79.998901,39.990200,690.039001,79.998901,-149.800003
126,11,98.750000,376.754303,943.892334,79.998901,39.990200,690.039001,79.998901,-149.800003
126,12,345.410004,234.663498,1308.996948,79.998901,39.990200,690.039001,79.998901,-149.800003
126,13,342.040009,-418.789520,202.945496,20.604277,39.990200,690.039001,79.998901,-149.800003
126,14,145.429993,-419.582672,566.015991,54.745247,39.990200,690.039001,79.998901,-149.800003
126,15,432.940002,-357.902985,45.335152,79.998901,39.990200,690.039001,79.998901,-149.800003
126,16,181.119995,-474.102173,728.543640,79.998901,39.990200,690.039001,79.998901,-149.800003
127,1,436.100006,-456.427032,147.777481,-79.153687,50.000000,690.039001,70.001297,-149.900009
127,2,302.119995,-492.553802,375.531677,70.001297,50.000000,690.039001,70.001297,-149.900009
127,3,170.889999,-426.883057,563.773315,11.553478,50.000000,690.039001,70.001297,-149.900009
127,4,224.350006,-513.507629,776.231934,70.001297,50.000000,690.039001,70.001297,-149.900009
127,5,385.980011,-496.205383,286.724915,-93.120903,50.000000,690.039001,70.001297,-149.900009
127,6,205.210007,-429.691376,498.661743,-16.724195,50.000000,690.039001,70.001297,-149.900009
127,7,411.760010,327.297333,131.916763,-70.828918,50.000000,690.039001,70.001297,-149.900009
127,8,463.970001,-321.114258,1250.485840,-88.685783,50.000000,690.039001,70.001297,-149.900009
127,9,653.229980,1014.918335,451.963531,70.001297,50.000000,690.039001,70.001297,-149.900009
127,10,261.130005,592.886353,912.269714,70.001297,50.000000,690.039001,70.001297,-149.900009
127,11,263.510010,529.749023,1025.932983,70.001297,50.000000,690.039001,70.001297,-149.900009
127,13,364.250000,-423.659363,186.967148,6.749951,50.000000,690.039001,70.001297,-149.900009
127,14,164.380005,-428.161560,563.545593,41.457012,50.000000,690.039001,70.001297,-149.900009
127,15,468.779999,-374.316315,20.643736,70.001297,50.000000,690.039001,70.001297,-149.900009
127,16,182.199997,-465.067078,729.159546,70.001297,50.000000,690.039001,70.001297,-149.900009
128,1,436.100006,-456.427032,147.777481,-79.153687,50.000000,690.039001,70.001297,-149.900009
128,2,302.119995,-492.553802,375.531677,70.001297,50.000000,690.039001,70.001297,-149.900009
128,3,170.889999,-426.883057,563.773315,11.553478,50.000000,690.039001,70.001297,-149.900009
128,4,224.350006,-513.507629,776.231934,70.001297,50.000000,690.039001,70.001297,-149.900009
128,5,385.980011,-496.205383,286.724915,-93.120903,50.000000,690.039001,70.001297,-149.900009
128,6,205.210007,-429.691376,498.661743,-16.724195,50.000000,690.039001,70.001297,-149.900009
128,7,411.760010,327.297333,131.916763,-70.828918,50.000000,690.039001,70.001297,-149.900009
128,8,463.970001,-321.114258,1250.485840,-88.685783,50.000000,690.039001,70.001297,-149.900009
128,9,653.229980,1014.918335,451.963531,70.001297,50.000000,690.039001,70.001297,-149.900009
128,10,261.130005,592.886353,912.269714,70.001297,50.000000,690.039001,70.001297,-149.900009
128,11,263.510010,529.749023,1025.932983,70.001297,50.000000,690.039001,70.001297,-149.900009
128,13,364.250000,-423.659363,186.967148,6.749951,50.000000,690.039001,70.001297,-149.900009
128,14,164.380005,-428.161560,563.545593,41.457012,50.000000,690.039001,70.001297,-149.900009
128,15,468.779999,-374.316315,20.643736,70.001297,50.000000,690.039001,70.001297,-149.900009
128,16,182.199997,-465.067078,729.159546,70.001297,50.000000,690.039001,70.001297,-149.900009
129,1,436.100006,-456.427032,147.777481,-79.153687,50.000000,690.039001,70.001297,-149.900009
129,2,302.119995,-492.553802,375.531677,70.001297,50.000000,690.039001,70.001297,-149.900009
129,3,170.889999,-426.883057,563.773315,11.553478,50.000000,690.039001,70.001297,-149.900009
129,4,224.350006,-513.507629,776.231934,70.001297,50.000000,690.039001,70.001297,-149.900009
129,5,385.980011,-496.205383,286.724915,-93.120903,50.000000,690.039001,70.001297,-149.900009
129,6,205.210007,-429.691376,498.661743,-16.724195,50.000000,690.039001,70.001297,-149.900009
129,7,411.760010,327.297333,131.916763,-70.828918,50.000000,690.039001,70.001297,-149.900009
129,8,463.970001,-321.114258,1250.485840,-88.685783,50.000000,690.039001,70.001297,-149.900009
129,9,653.229980,1014.918335,451.963531,70.001297,50.000000,690.039001,70.001297,-149.900009
129,10,261.130005,592.886353,912.269714,70.001297,50.000000,690.039001,70.001297,-149.900009
129,11,263.510010,529.749023,1025.932983,70.001297,50.000000,690.039001,70.001297,-149.900009
129,13,364.250000,-423.659363,186.967148,6.749951,50.000000,690.039001,70.001297,-149.900009
129,14,164.380005,-428.161560,563.545593,41.457012,50.000000,690.039001,70.001297,-149.900009
129,15,468.779999,-374.316315,20.643736,70.001297,50.000000,690.039001,70.001297,-149.900009
129,16,182.199997,-465.067078,729.159546,70.001297,50.000000,690.039001,70.001297,-149.900009
130,1,436.100006,-456.427032,147.777481,-79.153687,50.000000,690.039001,70.001297,-149.900009
130,2,302.119995,-492.553802,375.531677,70.001297,50.000000,690.039001,70.001297,-149.900009
130,3,170.889999,-426.883057,563.773315,11.553478,50.000000,690.039001,70.001297,-149.900009
130,4,224.350006,-513.507629,776.231934,70.001297,50.000000,690.039001,70.001297,-149.900009
130,5,385.980011,-496.205383,286.724915,-93.120903,50.000000,690.039001,70.001297,-149.900009
130,6,205.210007,-429.691376,498.661743,-16.724195,50.000000,690.039001,70.001297,-149.900009
130,7,411.760010,327.297333,131.916763,-70.828918,50.000000,690.039001,70.001297,-149.900009
130,8,463.970001,-321.114258,1250.485840,-88.685783,50.000000,690.039001,70.001297,-149.900009
130,9,653.229980,1014.918335,451.963531,70.001297,50.000000,690.039001,70.001297,-149.900009
130,10,261.130005,592.886353,912.269714,70.001297,50.000000,690.039001,70.001297,-149.900009
130,11,263.510010,529.749023,1025.932983,70.001297,50.000000,690.039001,70.001297,-149.900009
130,13,364.250000,-423.659363,186.967148,6.749951,50.000000,690.039001,70.001297,-149.900009
130,14,164.380005,-428.161560,563.545593,41.457012,50.000000,690.039001,70.001297,-149.900009
130,15,468.779999,-374.316315,20.643736,70.001297,50.000000,690.039001,70.001297,-149.900009
130,16,182.199997,-465.067078,729.159546,70.001297,50.000000,690.039001,70.001297,-149.900009
131,1,436.100006,-456.427032,147.777481,-79.153687,50.000000,690.039001,70.001297,-149.900009
131,2,302.119995,-492.553802,375.531677,70.001297,50.000000,690.039001,70.001297,-149.900009
131,3,170.889999,-426.883057,563.773315,11.553478,50.000000,690.039001,70.001297,-149.900009
131,4,224.350006,-513.507629,776.231934,70.001297,50.000000,690.039001,70.001297,-149.900009
131,5,385.980011,-496.205383,286.724915,-93.120903,50.000000,690.039001,70.001297,-149.900009
131,6,205.210007,-429.691376,498.661743,-16.724195,50.000000,690.039001,70.001297,-149.900009
131,7,411.760010,327.297333,131.916763,-70.828918,50.000000,690.039001,70.001297,-149.900009
131,8,463.970001,-321.114258,1250.485840,-88.685783,50.000000,690.039001,70.001297,-149.900009
131,9,653.229980,1014.918335,451.963531,70.001297,50.000000,690.039001,70.001297,-149.900009
131,10,261.130005,592.886353,912.269714,70.001297,50.000000,690.039001,70.001297,-149.900009
131,11,263.510010,529.749023,1025.932983,70.001297,50.000000,690.039001,70.001297,-149.900009
131,13,364.250000,-423.659363,186.967148,6.749951,50.000000,690.039001,70.001297,-149.900009
131,14,164.380005,-428.161560,563.545593,41.457012,50.000000,690.039001,70.001297,-149.900009
131,15,468.779999,-374.316315,20.643736,70.001297,50.000000,690.039001,70.001297,-149.900009
131,16,182.199997,-465.067078,729.159546,70.001297,50.000000,690.039001,70.001297,-149.900009
132,1,436.100006,-456.427032,147.777481,-79.153687,50.000000,690.039001,70.001297,-149.900009
132,2,302.119995,-492.553802,375.531677,70.001297,50.000000,690.039001,70.001297,-149.900009
132,3,170.889999,-426.883057,563.773315,11.553478,50.000000,690.039001,70.001297,-149.900009
132,4,224.350006,-513.507629,776.231934,70.001297,50.000000,690.039001,70.001297,-149.900009
132,5,385.980011,-496.205383,286.724915,-93.120903,50.000000,690.039001,70.001297,-149.900009
132,6,205.210007,-429.691376,498.661743,-16.724195,50.000000,690.039001,70.001297,-149.900009
132,7,411.760010,327.297333,131.916763,-70.828918,50.000000,690.039001,70.001297,-149.900009
132,8,463.970001,-321.114258,1250.485840,-88.685783,50.000000,690.039001,70.001297,-149.900009
132,9,653.229980,1014.918335,451.963531,70.001297,50.000000,690.039001,70.001297,-149.900009
132,10,261.130005,592.886353,912.269714,70.001297,50.000000,690.039001,70.001297,-149.900009
132,11,263.510010,529.749023,1025.932983,70.001297,50.000000,690.039001,70.001297,-149.900009
132,13,364.250000,-423.659363,186.967148,6.749951,50.000000,690.039001,70.001297,-149.900009
132,14,164.380005,-428.161560,563.545593,41.457012,50.000000,690.039001,70.001297,-149.900009
132,15,468.779999,-374.316315,20.643736,70.001297,50.000000,690.039001,70.001297,-149.900009
132,16,182.199997,-465.067078,729.159546,70.001297,50.000000,690.039001,70.001297,-149.900009
133,1,436.100006,-456.427032,147.777481,-79.153687,50.000000,690.039001,70.001297,-149.900009
133,2,302.119995,-492.553802,375.531677,70.001297,50.000000,690.039001,70.001297,-149.900009
133,3,170.889999,-426.883057,563.773315,11.553478,50.000000,690.039001,70.001297,-149.900009
133,4,224.350006,-513.507629,776.231934,70.001297,50.000000,690.039001,70.001297,-149.900009
133,5,385.980011,-496.205383,286.724915,-93.120903,50.000000,690.039001,70.001297,-149.900009
133,6,205.210007,-429.691376,498.661743,-16.724195,50.000000,690.039001,70.001297,-149.900009
133,7,411.760010,327.297333,131.916763,-70.828918,50.000000,690.039001,70.001297,-149.900009
133,8,463.970001,-321.114258,1250.485840,-88.685783,50.000000,690.039001,70.001297,-149.900009
133,9,653.229980,1014.918335,451.963531,70.001297,50.000000,690.039001,70.001297,-149.900009
133,10,261.130005,592.886353,912.269714,70.001297,50.000000,690.039001,70.001297,-149.900009
133,11,263.510010,529.749023,1025.932983,70.001297,50.000000,690.039001,70.001297,-149.900009
133,13,364.250000,-423.659363,186.967148,6.749951,50.000000,690.039001,70.001297,-149.900009
133,14,164.380005,-428.161560,563.545593,41.457012,50.000000,690.039001,70.001297,-149.900009
133,15,468.779999,-374.316315,20.643736,70.001297,50.000000,690.039001,70.001297,-149.900009
133,16,182.199997,-465.067078,729.159546,70.001297,50.000000,690.039001,70.001297,-149.900009
134,1,436.100006,-456.427032,147.777481,-79.153687,50.000000,690.039001,70.001297,-149.900009
134,2,302.119995,-492.553802,375.531677,70.001297,50.000000,690.039001,70.001297,-149.900009
134,3,170.889999,-426.883057,563.773315,11.553478,50.000000,690.039001,70.001297,-149.900009
134,4,224.350006,-513.507629,776.231934,70.001297,50.000000,690.039001,70.001297,-149.900009
134,5,385.980011,-496.205383,286.724915,-93.120903,50.000000,690.039001,70.001297,-149.900009
134,6,205.210007,-429.691376,498.661743,-16.724195,50.000000,690.039001,70.001297,-149.900009
134,7,411.760010,327.297333,131.916763,-70.828918,50.000000,690.039001,70.001297,-149.900009
134,8,463.970001,-321.114258,1250.485840,-88.685783,50.000000,690.039001,70.001297,-149.900009
134,9,653.229980,1014.918335,451.963531,70.001297,50.000000,690.039001,70.001297,-149.900009
134,10,261.130005,592.886353,912.269714,70.001297,50.000000,690.039001,70.001297,-149.900009
134,11,263.510010,529.749023,1025.932983,70.001297,50.000000,690.039001,70.001297,-149.900009
134,13,364.250000,-423.659363,186.967148,6.749951,50.000000,690.039001,70.001297,-149.900009
134,14,164.380005,-428.161560,563.545593,41.457012,50.000000,690.039001,70.001297,-149.900009
134,15,468.779999,-374.316315,20.643736,70.001297,50.000000,690.039001,70.001297,-149.900009
134,16,182.199997,-465.067078,729.159546,70.001297,50.000000,690.039001,70.001297,-149.900009
135,1,436.100006,-456.427032,147.777481,-79.153687,50.000000,690.039001,70.001297,-149.900009
135,2,302.119995,-492.553802,375.531677,70.001297,50.000000,690.039001,70.001297,-149.900009
135,3,170.889999,-426.883057,563.773315,11.553478,50.000000,690.039001,70.001297,-149.900009
135,4,224.350006,-513.507629,776.231934,70.001297,50.000000,690.039001,70.001297,-149.900009
135,5,385.980011,-496.205383,286.724915,-93.120903,50.000000,690.039001,70.001297,-149.900009
135,6,205.210007,-429.691376,498.661743,-16.724195,50.000000,690.039001,70.001297,-149.900009
135,7,411.760010,327.297333,131.916763,-70.828918,50.000000,690.039001,70.001297,-149.900009
135,8,463.970001,-321.114258,1250.485840,-88.685783,50.000000,690.039001,70.001297,-149.900009
135,9,653.229980,1014.918335,451.963531,70.001297,50.000000,690.039001,70.001297,-149.900009
135,10,261.130005,592.886353,912.269714,70.001297,50.000000,690.039001,70.001297,-149.900009
135,11,263.510010,529.749023,1025.932983,70.001297,50.000000,690.039001,70.001297,-149.900009
135,13,364.250000,-423.659363,186.967148,6.749951,50.000000,690.039001,70.001297,-149.900009
135,14,164.380005,-428.161560,563.545593,41.457012,50.000000,690.039001,70.001297,-149.900009
135,15,468.779999,-374.316315,20.643736,70.001297,50.000000,690.039001,70.001297,-149.900009
135,16,182.199997,-465.067078,729.159546,70.001297,50.000000,690.039001,70.001297,-149.900009
136,1,436.100006,-456.427032,147.777481,-79.153687,50.000000,690.039001,70.001297,-149.900009
136,2,302.119995,-492.553802,375.531677,70.001297,50.000000,690.039001,70.001297,-149.900009
136,3,170.889999,-426.883057,563.773315,11.553478,50.000000,690.039001,70.001297,-149.900009
136,4,224.350006,-513.507629,776.231934,70.001297,50.000000,690.039001,70.001297,-149.900009
136,5,385.980011,-496.205383,286.724915,-93.120903,50.000000,690.039001,70.001297,-149.900009
136,6,205.210007,-429.691376,498.661743,-16.724195,50.000000,690.039001,70.001297,-149.900009
136,7,411.760010,327.297333,131.916763,-70.828918,50.000000,690.039001,70.001297,-149.900009
136,8,463.970001,-321.114258,1250.485840,-88.685783,50.000000,690.039001,70.001297,-149.900009
136,9,653.229980,1014.918335,451.963531,70.001297,50.000000,690.039001,70.001297,-149.900009
136,10,261.130005,592.886353,912.269714,70.001297,50.000000,690.039001,70.001297,-149.900009
136,11,263.510010,529.749023,1025.932983,70.001297,50.000000,690.039001,70.001297,-149.900009
136,13,364.250000,-423.659363,186.967148,6.749951,50.000000,690.039001,70.001297,-149.900009
136,14,164.380005,-428.161560,563.545593,41.457012,50.000000,690.039001,70.001297,-149.900009
136,15,468.779999,-374.316315,20.643736,70.001297,50.000000,690.039001,70.001297,-149.900009
136,16,182.199997,-465.067078,729.159546,70.001297,50.000000,690.039001,70.001297,-149.900009
137,1,436.100006,-456.427032,147.777481,-79.153687,50.000000,690.039001,70.001297,-149.900009
137,2,302.119995,-492.553802,375.531677,70.001297,50.000000,690.039001,70.001297,-149.900009
137,3,170.889999,-426.883057,563.773315,11.553478,50.000000,690.039001,70.001297,-149.900009
137,4,224.350006,-513.507629,776.231934,70.001297,50.000000,690.039001,70.001297,-149.900009
137,5,385.980011,-496.205383,286.724915,-93.120903,50.000000,690.039001,70.001297,-149.900009
137,6,205.210007,-429.691376,498.661743,-16.724195,50.000000,690.039001,70.001297,-149.900009
137,7,411.760010,327.297333,131.916763,-70.828918,50.000000,690.039001,70.001297,-149.900009
137,8,463.970001,-321.114258,1250.485840,-88.685783,50.000000,690.039001,70.001297,-149.900009
137,9,653.229980,1014.918335,451.963531,70.001297,50.000000,690.039001,70.001297,-149.900009
137,10,261.130005,592.886353,912.269714,70.001297,50.000000,690.039001,70.001297,-149.900009
137,11,263.510010,529.749023,1025.932983,70.001297,50.000000,690.039001,70.001297,-149.900009
137,13,364.250000,-423.659363,186.967148,6.749951,50.000000,690.039001,70.001297,-149.900009
137,14,164.380005,-428.161560,563.545593,41.457012,50.000000,690.039001,70.001297,-149.900009
137,15,468.779999,-374.316315,20.643736,70.001297,50.000000,690.039001,70.001297,-149.900009
137,16,182.199997,-465.067078,729.159546,70.001297,50.000000,690.039001,70.001297,-149.900009
138,1,436.100006,-456.427032,147.777481,-79.153687,50.000000,690.039001,70.001297,-149.900009
138,2,302.119995,-492.553802,375.531677,70.001297,50.000000,690.039001,70.001297,-149.900009
138,3,170.889999,-426.883057,563.773315,11.553478,50.000000,690.039001,70.001297,-149.900009
138,4,224.350006,-513.507629,776.231934,70.001297,50.000000,690.039001,70.001297,-149.900009
138,5,385.980011,-496.205383,286.724915,-93.120903,50.000000,690.039001,70.001297,-149.900009
138,6,205.210007,-429.691376,498.661743,-16.724195,50.000000,690.039001,70.001297,-149.900009
138,7,411.760010,327.297333,131.916763,-70.828918,50.000000,690.039001,70.001297,-149.900009
138,8,463.970001,-321.114258,1250.485840,-88.685783,50.000000,690.039001,70.001297,-149.900009
138,9,653.229980,1014.918335,451.963531,70.001297,50.000000,690.039001,70.001297,-149.900009
138,10,261.130005,592.886353,912.269714,70.001297,50.000000,690.039001,70.001297,-149.900009
138,11,263.510010,529.749023,1025.932983,70.001297,50.000000,690.039001,70.001297,-149.900009
138,13,364.250000,-423.659363,186.967148,6.749951,50.000000,690.039001,70.001297,-149.900009
138,14,164.380005,-428.161560,563.545593,41.457012,50.000000,690.039001,70.001297,-149.900009
138,15,468.779999,-374.316315,20.643736,70.001297,50.000000,690.039001,70.001297,-149.900009
138,16,182.199997,-465.067078,729.159546,70.001297,50.000000,690.039001,70.001297,-149.900009
139,1,434.709991,-453.696625,147.017899,-68.680672,50.000000,690.039001,79.998901,-149.699997
139,2,299.500000,-489.190491,374.961456,79.998901,50.000000,690.039001,79.998901,-149.699997
139,3,169.740005,-425.376160,562.302612,21.944399,50.000000,690.039001,79.998901,-149.699997
139,4,223.410004,-512.865112,774.269226,79.998901,50.000000,690.039001,79.998901,-149.699997
139,5,375.089996,-486.272675,289.800171,-78.520981,50.000000,690.039001,79.998901,-149.699997
139,6,204.100006,-428.151794,497.495941,-6.257490,50.000000,690.039001,79.998901,-149.699997
139,7,417.679993,332.050659,128.085144,-62.856071,50.000000,690.039001,79.998901,-149.699997
139,8,469.779999,-325.822968,1253.900757,-80.675323,50.000000,690.039001,79.998901,-149.699997
139,9,650.229980,1012.786438,455.838837,79.998901,50.000000,690.039001,79.998901,-149.699997
139,10,307.380005,632.039307,937.497925,79.998901,50.000000,690.039001,79.998901,-149.699997
139,11,309.739990,568.488281,1050.930054,79.998901,50.000000,690.039001,79.998901,-149.699997
139,13,367.480011,-423.932220,182.869308,16.186666,50.000000,690.039001,79.998901,-149.699997
139,14,162.970001,-426.350891,562.125488,51.699455,50.000000,690.039001,79.998901,-149.699997
139,15,471.700012,-374.030884,17.091042,79.998901,50.000000,690.039001,79.998901,-149.699997
139,16,181.330002,-464.361359,727.590881,79.998901,50.000000,690.039001,79.998901,-149.699997
140,1,434.709991,-453.696625,147.017899,-68.680672,50.000000,690.039001,79.998901,-149.699997
140,2,299.500000,-489.190491,374.961456,79.998901,50.000000,690.039001,79.998901,-149.699997
140,3,169.740005,-425.376160,562.302612,21.944399,50.000000,690.039001,79.998901,-149.699997
140,4,223.410004,-512.865112,774.269226,79.998901,50.000000,690.039001,79.998901,-149.699997
140,5,375.089996,-486.272675,289.800171,-78.520981,50.000000,690.039001,79.998901,-149.699997
140,6,204.100006,-428.151794,497.495941,-6.257490,50.000000,690.039001,79.998901,-149.699997
140,7,417.679993,332.050659,128.085144,-62.856071,50.000000,690.039001,79.998901,-149.699997
140,8,469.779999,-325.822968,1253.900757,-80.675323,50.000000,690.039001,79.998901,-149.699997
140,9,650.229980,1012.786438,455.838837,79.998901,50.000000,690.039001,79.998901,-149.699997
140,10,307.380005,632.039307,937.497925,79.998901,50.000000,690.039001,79.998901,-149.699997
140,11,309.739990,568.488281,1050.930054,79.998901,50.000000,690.039001,79.998901,-149.699997
140,13,367.480011,-423.932220,182.869308,16.186666,50.000000,690.039001,79.998901,-149.699997
140,14,162.970001,-426.350891,562.125488,51.699455,50.000000,690.039001,79.998901,-149.699997
140,15,471.700012,-374.030884,17.091042,79.998901,50.000000,690.039001,79.998901,-149.699997
140,16,181.330002,-464.361359,727.590881,79.998901,50.000000,690.039001,79.998901,-149.699997
141,1,434.709991,-453.696625,147.017899,-68.680672,50.000000,690.039001,79.998901,-149.699997
141,2,299.500000,-489.190491,374.961456,79.998901,50.000000,690.039001,79.998901,-149.699997
141,3,169.740005,-425.376160,562.302612,21.944399,50.000000,690.039001,79.998901,-149.699997
141,4,223.410004,-512.865112,774.269226,79.998901,50.000000,690.039001,79.998901,-149.699997
141,5,375.089996,-486.272675,289.800171,-78.520981,50.000000,690.039001,79.998901,-149.699997
141,6,204.100006,-428.151794,497.495941,-6.257490,50.000000,690.039001,79.998901,-149.699997
141,7,417.679993,332.050659,128.085144,-62.856071,50.000000,690.039001,79.998901,-149.699997
141,8,469.779999,-325.822968,1253.900757,-80.675323,50.000000,690.039001,79.998901,-149.699997
141,9,650.229980,1012.786438,455.838837,79.998901,50.000000,690.039001,79.998901,-149.699997
141,10,307.380005,632.039307,937.497925,79.998901,50.000000,690.039001,79.998901,-149.699997
141,11,309.739990,568.488281,1050.930054,79.998901,50.000000,690.039001,79.998901,-149.699997
141,13,367.480011,-423.932220,182.869308,16.186666,50.000000,690.039001,79.998901,-149.699997
141,14,162.970001,-426.350891,562.125488,51.699455,50.000000,690.039001,79.998901,-149.699997
141,15,471.700012,-374.030884,17.091042,79.998901,50.000000,690.039001,79.998901,-149.699997
141,16,181.330002,-464.361359,727.590881,79.998901,50.000000,690.039001,79.998901,-149.699997
142,1,434.709991,-453.696625,147.017899,-68.680672,50.000000,690.039001,79.998901,-149.699997
142,2,299.500000,-489.190491,374.961456,79.998901,50.000000,690.039001,79.998901,-149.699997
142,3,169.740005,-425.376160,562.302612,21.944399,50.000000,690.039001,79.998901,-149.699997
142,4,223.410004,-512.865112,774.269226,79.998901,50.000000,690.039001,79.998901,-149.699997
142,5,375.089996,-486.272675,289.800171,-78.520981,50.000000,690.039001,79.998901,-149.699997
142,6,204.100006,-428.151794,497.495941,-6.257490,50.000000,690.039001,79.998901,-149.699997
142,7,417.679993,332.050659,128.085144,-62.856071,50.000000,690.039001,79.998901,-149.699997
142,8,469.779999,-325.822968,1253.900757,-80.675323,50.000000,690.039001,79.998901,-149.699997
142,9,650.229980,1012.786438,455.838837,79.998901,50.000000,690.039001,79.998901,-149.699997
142,10,307.380005,632.039307,937.497925,79.998901,50.000000,690.039001,79.998901,-149.699997
142,11,309.739990,568.488281,1050.930054,79.998901,50.000000,690.039001,79.998901,-149.699997
142,13,367.480011,-423.932220,182.869308,16.186666,50.000000,690.039001,79.998901,-149.699997
142,14,162.970001,-426.350891,562.125488,51.699455,50.000000,690.039001,79.998901,-149.699997
142,15,471.700012,-374.030884,17.091042,79.998901,50.000000,690.039001,79.998901,-149.699997
142,16,181.330002,-464.361359,727.590881,79.998901,50.000000,690.039001,79.998901,-149.699997
143,1,434.709991,-453.696625,147.017899,-68.680672,50.000000,690.039001,79.998901,-149.699997
143,2,299.500000,-489.190491,374.961456,79.998901,50.000000,690.039001,79.998901,-149.699997
143,3,169.740005,-425.376160,562.302612,21.944399,50.000000,690.039001,79.998901,-149.699997
143,4,223.410004,-512.865112,774.269226,79.998901,50.000000,690.039001,79.998901,-149.699997
143,5,375.089996,-486.272675,289.800171,-78.520981,50.000000,690.039001,79.998901,-149.699997
143,6,204.100006,-428.151794,497.495941,-6.257490,50.000000,690.039001,79.998901,-149.699997
143,7,417.679993,332.050659,128.085144,-62.856071,50.000000,690.039001,79.998901,-149.699997
143,8,469.779999,-325.822968,1253.900757,-80.675323,50.000000,690.039001,79.998901,-149.699997
143,9,650.229980,1012.786438,455.838837,79.998901,50.000000,690.039001,79.998901,-149.699997
143,10,307.380005,632.039307,937.497925,79.998901,50.000000,690.039001,79.998901,-149.699997
143,11,309.739990,568.488281,1050.930054,79.998901,50.000000,690.039001,79.998901,-149.699997
143,13,367.480011,-423.932220,182.869308,16.186666,50.000000,690.039001,79.998901,-149.699997
143,14,162.970001,-426.350891,562.125488,51.699455,50.000000,690.039001,79.998901,-149.699997
143,15,471.700012,-374.030884,17.091042,79.998901,50.000000,690.039001,79.998901,-149.699997
143,16,181.330002,-464.361359,727.590881,79.998901,50.000000,690.039001,79.998901,-149.699997
144,1,434.709991,-453.696625,147.017899,-68.680672,50.000000,690.039001,79.998901,-149.699997
144,2,299.500000,-489.190491,374.961456,79.998901,50.000000,690.039001,79.998901,-149.699997
144,3,169.740005,-425.376160,562.302612,21.944399,50.000000,690.039001,79.998901,-149.699997
144,4,223.410004,-512.865112,774.269226,79.998901,50.000000,690.039001,79.998901,-149.699997
144,5,375.089996,-486.272675,289.800171,-78.520981,50.000000,690.039001,79.998901,-149.699997
144,6,204.100006,-428.151794,497.495941,-6.257490,50.000000,690.039001,79.998901,-149.699997
144,7,417.679993,332.050659,128.085144,-62.856071,50.000000,690.039001,79.998901,-149.699997
144,8,469.779999,-325.822968,1253.900757,-80.675323,50.000000,690.039001,79.998901,-149.699997
144,9,650.229980,1012.786438,455.838837,79.998901,50.000000,690.039001,79.998901,-149.699997
144,10,307.380005,632.039307,937.497925,79.998901,50.000000,690.039001,79.998901,-149.699997
144,11,309.739990,568.488281,1050.930054,79.998901,50.000000,690.039001,79.998901,-149.699997
144,13,367.480011,-423.932220,182.869308,16.186666,50.000000,690.039001,79.998901,-149.699997
144,14,162.970001,-426.350891,562.125488,51.699455,50.000000,690.039001,79.998901,-149.699997
144,15,471.700012,-374.030884,17.091042,79.998901,50.000000,690.039001,79.998901,-149.699997
144,16,181.330002,-464.361359,727.590881,79.998901,50.000000,690.039001,79.998901,-149.699997
145,1,434.709991,-453.696625,147.017899,-68.680672,50.000000,690.039001,79.998901,-149.699997
145,2,299.500000,-489.190491,374.961456,79.998901,50.000000,690.039001,79.998901,-149.699997
145,3,169.740005,-425.376160,562.302612,21.944399,50.000000,690.039001,79.998901,-149.699997
145,4,223.410004,-512.865112,774.269226,79.998901,50.000000,690.039001,79.998901,-149.699997
145,5,375.089996,-486.272675,289.800171,-78.520981,50.000000,690.039001,79.998901,-149.699997
145,6,204.100006,-428.151794,497.495941,-6.257490,50.000000,690.039001,79.998901,-149.699997
145,7,417.679993,332.050659,128.085144,-62.856071,50.000000,690.039001,79.998901,-149.699997
145,8,469.779999,-325.822968,1253.900757,-80.675323,50.000000,690.039001,79.998901,-149.699997
145,9,650.229980,1012.786438,455.838837,79.998901,50.000000,690.039001,79.998901,-149.699997
145,10,307.380005,632.039307,937.497925,79.998901,50.000000,690.039001,79.998901,-149.699997
145,11,309.739990,568.488281,1050.930054,79.998901,50.000000,690.039001,79.998901,-149.699997
145,13,367.480011,-423.932220,182.869308,16.186666,50.000000,690.039001,79.998901,-149.699997
145,14,162.970001,-426.350891,562.125488,51.699455,50.000000,690.039001,79.998901,-149.699997
145,15,471.700012,-374.030884,17.091042,79.998901,50.000000,690.039001,79.998901,-149.699997
145,16,181.330002,-464.361359,727.590881,79.998901,50.000000,690.039001,79.998901,-149.699997
146,1,434.709991,-453.696625,147.017899,-68.680672,50.000000,690.039001,79.998901,-149.699997
146,2,299.500000,-489.190491,374.961456,79.998901,50.000000,690.039001,79.998901,-149.699997
146,3,169.740005,-425.376160,562.302612,21.944399,50.000000,690.039001,79.998901,-149.699997
146,4,223.410004,-512.865112,774.269226,79.998901,50.000000,690.039001,79.998901,-149.699997
146,5,375.089996,-486.272675,289.800171,-78.520981,50.000000,690.039001,79.998901,-149.699997
146,6,204.100006,-428.151794,497.495941,-6.257490,50.000000,690.039001,79.998901,-149.699997
146,7,417.679993,332.050659,128.085144,-62.856071,50.000000,690.039001,79.998901,-149.699997
146,8,469.779999,-325.822968,1253.900757,-80.675323,50.000000,690.039001,79.998901,-149.699997
146,9,650.229980,1012.786438,455.838837,79.998901,50.000000,690.039001,79.998901,-149.699997
146,10,307.380005,632.039307,937.497925,79.998901,50.000000,690.039001,79.998901,-149.699997
146,11,309.739990,568.488281,1050.930054,79.998901,50.000000,690.039001,79.998901,-149.699997
146,13,367.480011,-423.932220,182.869308,16.186666,50.000000,690.039001,79.998901,-149.699997
146,14,162.970001,-426.350891,562.125488,51.699455,50.000000,690.039001,79.998901,-149.699997
146,15,471.700012,-374.030884,17.091042,79.998901,50.000000,690.039001,79.998901,-149.699997
146,16,181.330002,-464.361359,727.590881,79.998901,50.000000,690.039001,79.998901,-149.699997
147,1,434.709991,-453.696625,147.017899,-68.680672,50.000000,690.039001,79.998901,-149.699997
147,2,299.500000,-489.190491,374.961456,79.998901,50.000000,690.039001,79.998901,-149.699997
147,3,169.740005,-425.376160,562.302612,21.944399,50.000000,690.039001,79.998901,-149.699997
147,4,223.410004,-512.865112,774.269226,79.998901,50.000000,690.039001,79.998901,-149.699997
147,5,375.089996,-486.272675,289.800171,-78.520981,50.000000,690.039001,79.998901,-149.699997
147,6,204.100006,-428.151794,497.495941,-6.257490,50.000000,690.039001,79.998901,-149.699997
147,7,417.679993,332.050659,128.085144,-62.856071,50.000000,690.039001,79.998901,-149.699997
147,8,469.779999,-325.822968,1253.900757,-80.675323,50.000000,690.039001,79.998901,-149.699997
147,9,650.229980,1012.786438,455.838837,79.998901,50.000000,690.039001,79.998901,-149.699997
147,10,307.380005,632.039307,937.497925,79.998901,50.000000,690.039001,79.998901,-149.699997
147,11,309.739990,568.488281,1050.930054,79.998901,50.000000,690.039001,79.998901,-149.699997
147,13,367.480011,-423.932220,182.869308,16.186666,50.000000,690.039001,79.998901,-149.699997
147,14,162.970001,-426.350891,562.125488,51.699455,50.000000,690.039001,79.998901,-149.699997
147,15,471.700012,-374.030884,17.091042,79.998901,50.000000,690.039001,79.998901,-149.699997
147,16,181.330002,-464.361359,727.590881,79.998901,50.000000,690.039001,79.998901,-149.699997
148,1,434.709991,-453.696625,147.017899,-68.680672,50.000000,690.039001,79.998901,-149.699997
148,2,299.500000,-489.190491,374.961456,79.998901,50.000000,690.039001,79.998901,-149.699997
148,3,169.740005,-425.376160,562.302612,21.944399,50.000000,690.039001,79.998901,-149.699997
148,4,223.410004,-512.865112,774.269226,79.998901,50.000000,690.039001,79.998901,-149.699997
148,5,375.089996,-486.272675,289.800171,-78.520981,50.000000,690.039001,79.998901,-149.699997
148,6,204.100006,-428.151794,497.495941,-6.257490,50.000000,690.039001,79.998901,-149.699997
148,7,417.679993,332.050659,128.085144,-62.856071,50.000000,690.039001,79.998901,-149.699997
148,8,469.779999,-325.822968,1253.900757,-80.675323,50.000000,690.039001,79.998901,-149.699997
148,9,650.229980,1012.786438,455.838837,79.998901,50.000000,690.039001,79.998901,-149.699997
148,10,307.380005,632.039307,937.497925,79.998901,50.000000,690.039001,79.998901,-149.699997
148,11,309.739990,568.488281,1050.930054,79.998901,50.000000,690.039001,79.998901,-149.699997
148,13,367.480011,-423.932220,182.869308,16.186666,50.000000,690.039001,79.998901,-149.699997
148,14,162.970001,-426.350891,562.125488,51.699455,50.000000,690.039001,79.998901,-149.699997
148,15,471.700012,-374.030884,17.091042,79.998901,50.000000,690.039001,79.998901,-149.699997
148,16,181.330002,-464.361359,727.590881,79.998901,50.000000,690.039001,79.998901,-149.699997
149,1,434.709991,-453.696625,147.017899,-68.680672,50.000000,690.039001,79.998901,-149.699997
149,2,299.500000,-489.190491,374.961456,79.998901,50.000000,690.039001,79.998901,-149.699997
149,3,169.740005,-425.376160,562.302612,21.944399,50.000000,690.039001,79.998901,-149.699997
149,4,223.410004,-512.865112,774.269226,79.998901,50.000000,690.039001,79.998901,-149.699997
149,5,375.089996,-486.272675,289.800171,-78.520981,50.000000,690.039001,79.998901,-149.699997
149,6,204.100006,-428.151794,497.495941,-6.257490,50.000000,690.039001,79.998901,-149.699997
149,7,417.679993,332.050659,128.085144,-62.856071,50.000000,690.039001,79.998901,-149.699997
149,8,469.779999,-325.822968,1253.900757,-80.675323,50.000000,690.039001,79.998901,-149.699997
149,9,650.229980,1012.786438,455.838837,79.998901,50.000000,690.039001,79.998901,-149.699997
149,10,307.380005,632.039307,937.497925,79.998901,50.000000,690.039001,79.998901,-149.699997
149,11,309.739990,568.488281,1050.930054,79.998901,50.000000,690.039001,79.998901,-149.699997
149,13,367.480011,-423.932220,182.869308,16.186666,50.000000,690.039001,79.998901,-149.699997
149,14,162.970001,-426.350891,562.125488,51.699455,50.000000,690.039001,79.998901,-149.699997
149,15,471.700012,-374.030884,17.091042,79.998901,50.000000,690.039001,79.998901,-149.699997
149,16,181.330002,-464.361359,727.590881,79.998901,50.000000,690.039001,79.998901,-149.699997
150,1,436.029999,-455.437653,146.944916,-69.132141,50.000000,690.039001,79.998901,-149.800003
150,2,300.250000,-490.387848,375.525818,79.998901,50.000000,690.039001,79.998901,-149.800003
150,3,171.940002,-427.633026,562.766418,21.191956,50.000000,690.039001,79.998901,-149.800003
150,4,226.110001,-515.417236,775.242126,79.998901,50.000000,690.039001,79.998901,-149.800003
150,5,442.029999,-539.404480,260.219482,-106.811050,50.000000,690.039001,79.998901,-149.800003
150,6,206.330002,-430.233887,497.314178,-7.199927,50.000000,690.039001,79.998901,-149.800003
150,7,459.970001,351.059174,93.247749,-77.320107,50.000000,690.039001,79.998901,-149.800003
150,8,449.000000,-315.015839,1237.679321,-73.568146,50.000000,690.039001,79.998901,-149.800003
150,9,809.210022,1169.036377,427.098816,79.998901,50.000000,690.039001,79.998901,-149.800003
150,10,221.880005,558.574829,893.473450,79.998901,50.000000,690.039001,79.998901,-149.800003
150,11,214.750000,487.019958,1002.242615,79.998901,50.000000,690.039001,79.998901,-149.800003
150,12,708.640015,367.713074,1650.753174,79.998901,50.000000,690.039001,79.998901,-149.800003
150,13,351.220001,-414.566650,195.999817,19.010187,50.000000,690.039001,79.998901,-149.800003
150,14,161.910004,-425.546021,563.141968,51.883522,50.000000,690.039001,79.998901,-149.800003
150,15,447.890015,-358.427460,34.727062,79.998901,50.000000,690.039001,79.998901,-149.800003
150,16,183.600006,-466.485626,727.893433,79.998901,50.000000,690.039001,79.998901,-149.800003
151,1,436.029999,-455.437653,146.944916,-69.132141,50.000000,690.039001,79.998901,-149.800003
151,2,300.250000,-490.387848,375.525818,79.998901,50.000000,690.039001,79.998901,-149.800003
151,3,171.940002,-427.633026,562.766418,21.191956,50.000000,690.039001,79.998901,-149.800003
151,4,226.110001,-515.417236,775.242126,79.998901,50.000000,690.039001,79.998901,-149.800003
151,5,442.029999,-539.404480,260.219482,-106.811050,50.000000,690.039001,79.998901,-149.800003
151,6,206.330002,-430.233887,497.314178,-7.199927,50.000000,690.039001,79.998901,-149.800003
151,7,459.970001,351.059174,93.247749,-77.320107,50.000000,690.039001,79.998901,-149.800003
151,8,449.000000,-315.015839,1237.679321,-73.568146,50.000000,690.039001,79.998901,-149.800003
151,9,809.210022,1169.036377,427.098816,79.998901,50.000000,690.039001,79.998901,-149.800003
151,10,221.880005,558.574829,893.473450,79.998901,50.000000,690.039001,79.998901,-149.800003
151,11,214.750000,487.019958,1002.242615,79.998901,50.000000,690.039001,79.998901,-149.800003
151,12,708.640015,367.713074,1650.753174,79.998901,50.000000,690.039001,79.998901,-149.800003
151,13,351.220001,-414.566650,195.999817,19.010187,50.000000,690.039001,79.998901,-149.800003
151,14,161.910004,-425.546021,563.141968,51.883522,50.000000,690.039001,79.998901,-149.800003
151,15,447.890015,-358.427460,34.727062,79.998901,50.000000,690.039001,79.998901,-149.800003
151,16,183.600006,-466.485626,727.893433,79.998901,50.000000,690.039001,79.998901,-149.800003
152,1,436.029999,-455.437653,146.944916,-69.132141,50.000000,690.039001,79.998901,-149.800003
152,2,300.250000,-490.387848,375.525818,79.998901,50.000000,690.039001,79.998901,-149.800003
152,3,171.940002,-427.633026,562.766418,21.191956,50.000000,690.039001,79.998901,-149.800003
152,4,226.110001,-515.417236,775.242126,79.998901,50.000000,690.039001,79.998901,-149.800003
152,5,442.029999,-539.404480,260.219482,-106.811050,50.000000,690.039001,79.998901,-149.800003
152,6,206.330002,-430.233887,497.314178,-7.199927,50.000000,690.039001,79.998901,-149.800003
152,7,459.970001,351.059174,93.247749,-77.320107,50.000000,690.039001,79.998901,-149.800003
152,8,449.000000,-315.015839,1237.679321,-73.568146,50.000000,690.039001,79.998901,-149.800003
152,9,809.210022,1169.036377,427.098816,79.998901,50.000000,690.039001,79.998901,-149.800003
152,10,221.880005,558.574829,893.473450,79.998901,50.000000,690.039001,79.998901,-149.800003
152,11,214.750000,487.019958,1002.242615,79.998901,50.000000,690.039001,79.998901,-149.800003
152,12,708.640015,367.713074,1650.753174,79.998901,50.000000,690.039001,79.998901,-149.800003
152,13,351.220001,-414.566650,195.999817,19.010187,50.000000,690.039001,79.998901,-149.800003
152,14,161.910004,-425.546021,563.141968,51.883522,50.000000,690.039001,79.998901,-149.800003
152,15,447.890015,-358.427460,34.727062,79.998901,50.000000,690.039001,79.998901,-149.800003
152,16,183.600006,-466.485626,727.893433,79.998901,50.000000,690.039001,79.998901,-149.800003
153,1,436.029999,-455.437653,146.944916,-69.132141,50.000000,690.039001,79.998901,-149.800003
153,2,300.250000,-490.387848,375.525818,79.998901,50.000000,690.039001,79.998901,-149.800003
153,3,171.940002,-427.633026,562.766418,21.191956,50.000000,690.039001,79.998901,-149.800003
153,4,226.110001,-515.417236,775.242126,79.998901,50.000000,690.039001,79.998901,-149.800003
153,5,442.029999,-539.404480,260.219482,-106.811050,50.000000,690.039001,79.998901,-149.800003
153,6,206.330002,-430.233887,497.314178,-7.199927,50.000000,690.039001,79.998901,-149.800003
153,7,459.970001,351.059174,93.247749,-77.320107,50.000000,690.039001,79.998901,-149.800003
153,8,449.000000,-315.015839,1237.679321,-73.568146,50.000000,690.039001,79.998901,-149.800003
153,9,809.210022,1169.036377,427.098816,79.998901,50.000000,690.039001,79.998901,-149.800003
153,10,221.880005,558.574829,893.473450,79.998901,50.000000,690.039001,79.998901,-149.800003
153,11,214.750000,487.019958,1002.242615,79.998901,50.000000,690.039001,79.998901,-149.800003
153,12,708.640015,367.713074,1650.753174,79.998901,50.000000,690.039001,79.998901,-149.800003
153,13,351.220001,-414.566650,195.999817,19.010187,50.000000,690.039001,79.998901,-149.800003
153,14,161.910004,-425.546021,563.141968,51.883522,50.000000,690.039001,79.998901,-149.800003
153,15,447.890015,-358.427460,34.727062,79.998901,50.000000,690.039001,79.998901,-149.800003
153,16,183.600006,-466.485626,727.893433,79.998901,50.000000,690.039001,79.998901,-149.800003
154,1,436.029999,-455.437653,146.944916,-69.132141,50.000000,690.039001,79.998901,-149.800003
154,2,300.250000,-490.387848,375.525818,79.998901,50.000000,690.039001,79.998901,-149.800003
154,3,171.940002,-427.633026,562.766418,21.191956,50.000000,690.039001,79.998901,-149.800003
154,4,226.110001,-515.417236,775.242126,79.998901,50.000000,690.039001,79.998901,-149.800003
154,5,442.029999,-539.404480,260.219482,-106.811050,50.000000,690.039001,79.998901,-149.800003
154,6,206.330002,-430.233887,497.314178,-7.199927,50.000000,690.039001,79.998901,-149.800003
154,7,459.970001,351.059174,93.247749,-77.320107,50.000000,690.039001,79.998901,-149.800003
154,8,449.000000,-315.015839,1237.679321,-73.568146,50.000000,690.039001,79.998901,-149.800003
154,9,809.210022,1169.036377,427.098816,79.998901,50.000000,690.039001,79.998901,-149.800003
154,10,221.880005,558.574829,893.473450,79.998901,50.000000,690.039001,79.998901,-149.800003
154,11,214.750000,487.019958,1002.242615,79.998901,50.000000,690.039001,79.998901,-149.800003
154,12,708.640015,367.713074,1650.753174,79.998901,50.000000,690.039001,79.998901,-149.800003
154,13,351.220001,-414.566650,195.999817,19.010187,50.000000,690.039001,79.998901,-149.800003
154,14,161.910004,-425.546021,563.141968,51.883522,50.000000,690.039001,79.998901,-149.800003
154,15,447.890015,-358.427460,34.727062,79.998901,50.000000,690.039001,79.998901,-149.800003
154,16,183.600006,-466.485626,727.893433,79.998901,50.000000,690.039001,79.998901,-149.800003
155,1,436.029999,-455.437653,146.944916,-69.132141,50.000000,690.039001,79.998901,-149.800003
155,2,300.250000,-490.387848,375.525818,79.998901,50.000000,690.039001,79.998901,-149.800003
155,3,171.940002,-427.633026,562.766418,21.191956,50.000000,690.039001,79.998901,-149.800003
155,4,226.110001,-515.417236,775.242126,79.998901,50.000000,690.039001,79.998901,-149.800003
155,5,442.029999,-539.404480,260.219482,-106.811050,50.000000,690.039001,79.998901,-149.800003
155,6,206.330002,-430.233887,497.314178,-7.199927,50.000000,690.039001,79.998901,-149.800003
155,7,459.970001,351.059174,93.247749,-77.320107,50.000000,690.039001,79.998901,-149.800003
155,8,449.000000,-315.015839,1237.679321,-73.568146,50.000000,690.039001,79.998901,-149.800003
155,9,809.210022,1169.036377,427.098816,79.998901,50.000000,690.039001,79.998901,-149.800003
155,10,221.880005,558.574829,893.473450,79.998901,50.000000,690.039001,79.998901,-149.800003
155,11,214.750000,487.019958,1002.242615,79.998901,50.000000,690.039001,79.998901,-149.800003
155,12,708.640015,367.713074,1650.753174,79.998901,50.000000,690.039001,79.998901,-149.800003
155,13,351.220001,-414.566650,195.999817,19.010187,50.000000,690.039001,79.998901,-149.800003
155,14,161.910004,-425.546021,563.141968,51.883522,50.000000,690.039001,79.998901,-149.800003
155,15,447.890015,-358.427460,34.727062,79.998901,50.000000,690.039001,79.998901,-149.800003
155,16,183.600006,-466.485626,727.893433,79.998901,50.000000,690.039001,79.998901,-149.800003
156,1,436.029999,-455.437653,146.944916,-69.132141,50.000000,690.039001,79.998901,-149.800003
156,2,300.250000,-490.387848,375.525818,79.998901,50.000000,690.039001,79.998901,-149.800003
156,3,171.940002,-427.633026,562.766418,21.191956,50.000000,690.039001,79.998901,-149.800003
156,4,226.110001,-515.417236,775.242126,79.998901,50.000000,690.039001,79.998901,-149.800003
156,5,442.029999,-539.404480,260.219482,-106.811050,50.000000,690.039001,79.998901,-149.800003
156,6,206.330002,-430.233887,497.314178,-7.199927,50.000000,690.039001,79.998901,-149.800003
156,7,459.970001,351.059174,93.247749,-77.320107,50.000000,690.039001,79.998901,-149.800003
156,8,449.000000,-315.015839,1237.679321,-73.568146,50.000000,690.039001,79.998901,-149.800003
156,9,809.210022,1169.036377,427.098816,79.998901,50.000000,690.039001,79.998901,-149.800003
156,10,221.880005,558.574829,893.473450,79.998901,50.000000,690.039001,79.998901,-149.800003
156,11,214.750000,487.019958,1002.242615,79.998901,50.000000,690.039001,79.998901,-149.800003
156,12,708.640015,367.713074,1650.753174,79.998901,50.000000,690.039001,79.998901,-149.800003
156,13,351.220001,-414.566650,195.999817,19.010187,50.000000,690.039001,79.998901,-149.800003
156,14,161.910004,-425.546021,563.141968,51.883522,50.000000,690.039001,79.998901,-149.800003
156,15,447.890015,-358.427460,34.727062,79.998901,50.000000,690.039001,79.998901,-149.800003
156,16,183.600006,-466.485626,727.893433,79.998901,50.000000,690.039001,79.998901,-149.800003
157,1,436.029999,-455.437653,146.944916,-69.132141,50.000000,690.039001,79.998901,-149.800003
157,2,300.250000,-490.387848,375.525818,79.998901,50.000000,690.039001,79.998901,-149.800003
157,3,171.940002,-427.633026,562.766418,21.191956,50.000000,690.039001,79.998901,-149.800003
157,4,226.110001,-515.417236,775.242126,79.998901,50.000000,690.039001,79.998901,-149.800003
157,5,442.029999,-539.404480,260.219482,-106.811050,50.000000,690.039001,79.998901,-149.800003
157,6,206.330002,-430.233887,497.314178,-7.199927,50.000000,690.039001,79.998901,-149.800003
157,7,459.970001,351.059174,93.247749,-77.320107,50.000000,690.039001,79.998901,-149.800003
157,8,449.000000,-315.015839,1237.679321,-73.568146,50.000000,690.039001,79.998901,-149.800003
157,9,809.210022,1169.036377,427.098816,79.998901,50.000000,690.039001,79.998901,-149.800003
157,10,221.880005,558.574829,893.473450,79.998901,50.000000,690.039001,79.998901,-149.800003
157,11,214.750000,487.019958,1002.242615,79.998901,50.000000,690.039001,79.998901,-149.800003
157,12,708.640015,367.713074,1650.753174,79.998901,50.000000,690.039001,79.998901,-149.800003
157,13,351.220001,-414.566650,195.999817,19.010187,50.000000,690.039001,79.998901,-149.800003
157,14,161.910004,-425.546021,563.141968,51.883522,50.000000,690.039001,79.998901,-149.800003
157,15,447.890015,-358.427460,34.727062,79.998901,50.000000,690.039001,79.998901,-149.800003
157,16,183.600006,-466.485626,727.893433,79.998901,50.000000,690.039001,79.998901,-149.800003
158,1,436.029999,-455.437653,146.944916,-69.132141,50.000000,690.039001,79.998901,-149.800003
158,2,300.250000,-490.387848,375.525818,79.998901,50.000000,690.039001,79.998901,-149.800003
158,3,171.940002,-427.633026,562.766418,21.191956,50.000000,690.039001,79.998901,-149.800003
158,4,226.110001,-515.417236,775.242126,79.998901,50.000000,690.039001,79.998901,-149.800003
158,5,442.029999,-539.404480,260.219482,-106.811050,50.000000,690.039001,79.998901,-149.800003
158,6,206.330002,-430.233887,497.314178,-7.199927,50.000000,690.039001,79.998901,-149.800003
158,7,459.970001,351.059174,93.247749,-77.320107,50.000000,690.039001,79.998901,-149.800003
158,8,449.000000,-315.015839,1237.679321,-73.568146,50.000000,690.039001,79.998901,-149.800003
158,9,809.210022,1169.036377,427.098816,79.998901,50.000000,690.039001,79.998901,-149.800003
158,10,221.880005,558.574829,893.473450,79.998901,50.000000,690.039001,79.998901,-149.800003
158,11,214.750000,487.019958,1002.242615,79.998901,50.000000,690.039001,79.998901,-149.800003
158,12,708.640015,367.713074,1650.753174,79.998901,50.000000,690.039001,79.998901,-149.800003
158,13,351.220001,-414.566650,195.999817,19.010187,50.000000,690.039001,79.998901,-149.800003
158,14,161.910004,-425.546021,563.141968,51.883522,50.000000,690.039001,79.998901,-149.800003
158,15,447.890015,-358.427460,34.727062,79.998901,50.000000,690.039001,79.998901,-149.800003
158,16,183.600006,-466.485626,727.893433,79.998901,50.000000,690.039001,79.998901,-149.800003
159,1,436.029999,-455.437653,146.944916,-69.132141,50.000000,690.039001,79.998901,-149.800003
159,2,300.250000,-490.387848,375.525818,79.998901,50.000000,690.039001,79.998901,-149.800003
159,3,171.940002,-427.633026,562.766418,21.191956,50.000000,690.039001,79.998901,-149.800003
159,4,226.110001,-515.417236,775.242126,79.998901,50.000000,690.039001,79.998901,-149.800003
159,5,442.029999,-539.404480,260.219482,-106.811050,50.000000,690.039001,79.998901,-149.800003
159,6,206.330002,-430.233887,497.314178,-7.199927,50.000000,690.039001,79.998901,-149.800003
159,7,459.970001,351.059174,93.247749,-77.320107,50.000000,690.039001,79.998901,-149.800003
159,8,449.000000,-315.015839,1237.679321,-73.568146,50.000000,690.039001,79.998901,-149.800003
159,9,809.210022,1169.036377,427.098816,79.998901,50.000000,690.039001,79.998901,-149.800003
159,10,221.880005,558.574829,893.473450,79.998901,50.000000,690.039001,79.998901,-149.800003
159,11,214.750000,487.019958,1002.242615,79.998901,50.000000,690.039001,79.998901,-149.800003
159,12,708.640015,367.713074,1650.753174,79.998901,50.000000,690.039001,79.998901,-149.800003
159,13,351.220001,-414.566650,195.999817,19.010187,50.000000,690.039001,79.998901,-149.800003
159,14,161.910004,-425.546021,563.141968,51.883522,50.000000,690.039001,79.998901,-149.800003
159,15,447.890015,-358.427460,34.727062,79.998901,50.000000,690.039001,79.998901,-149.800003
159,16,183.600006,-466.485626,727.893433,79.998901,50.000000,690.039001,79.998901,-149.800003
160,1,436.029999,-455.437653,146.944916,-69.132141,50.000000,690.039001,79.998901,-149.800003
160,2,300.250000,-490.387848,375.525818,79.998901,50.000000,690.039001,79.998901,-149.800003
160,3,171.940002,-427.633026,562.766418,21.191956,50.000000,690.039001,79.998901,-149.800003
160,4,226.110001,-515.417236,775.242126,79.998901,50.000000,690.039001,79.998901,-149.800003
160,5,442.029999,-539.404480,260.219482,-106.811050,50.000000,690.039001,79.998901,-149.800003
160,6,206.330002,-430.233887,497.314178,-7.199927,50.000000,690.039001,79.998901,-149.800003
160,7,459.970001,351.059174,93.247749,-77.320107,50.000000,690.039001,79.998901,-149.800003
160,8,449.000000,-315.015839,1237.679321,-73.568146,50.000000,690.039001,79.998901,-149.800003
160,9,809.210022,1169.036377,427.098816,79.998901,50.000000,690.039001,79.998901,-149.800003
160,10,221.880005,558.574829,893.473450,79.998901,50.000000,690.039001,79.998901,-149.800003
160,11,214.750000,487.019958,1002.242615,79.998901,50.000000,690.039001,79.998901,-149.800003
160,12,708.640015,367.713074,1650.753174,79.998901,50.000000,690.039001,79.998901,-149.800003
160,13,351.220001,-414.566650,195.999817,19.010187,50.000000,690.039001,79.998901,-149.800003
160,14,161.910004,-425.546021,563.141968,51.883522,50.000000,690.039001,79.998901,-149.800003
160,15,447.890015,-358.427460,34.727062,79.998901,50.000000,690.039001,79.998901,-149.800003
160,16,183.600006,-466.485626,727.893433,79.998901,50.000000,690.039001,79.998901,-149.800003
161,1,436.029999,-455.437653,146.944916,-69.132141,50.000000,690.039001,79.998901,-149.800003
161,2,300.250000,-490.387848,375.525818,79.998901,50.000000,690.039001,79.998901,-149.800003
161,3,171.940002,-427.633026,562.766418,21.191956,50.000000,690.039001,79.998901,-149.800003
161,4,226.110001,-515.417236,775.242126,79.998901,50.000000,690.039001,79.998901,-149.800003
161,5,442.029999,-539.404480,260.219482,-106.811050,50.000000,690.039001,79.998901,-149.800003
161,6,206.330002,-430.233887,497.314178,-7.199927,50.000000,690.039001,79.998901,-149.800003
161,7,459.970001,351.059174,93.247749,-77.320107,50.000000,690.039001,79.998901,-149.800003
161,8,449.000000,-315.015839,1237.679321,-73.568146,50.000000,690.039001,79.998901,-149.800003
161,9,809.210022,1169.036377,427.098816,79.998901,50.000000,690.039001,79.998901,-149.800003
161,10,221.880005,558.574829,893.473450,79.998901,50.000000,690.039001,79.998901,-149.800003
161,11,214.750000,487.019958,1002.242615,79.998901,50.000000,690.039001,79.998901,-149.800003
161,12,708.640015,367.713074,1650.753174,79.998901,50.000000,690.039001,79.998901,-149.800003
161,13,351.220001,-414.566650,195.999817,19.010187,50.000000,690.039001,79.998901,-149.800003
161,14,161.910004,-425.546021,563.141968,51.883522,50.000000,690.039001,79.998901,-149.800003
161,15,447.890015,-358.427460,34.727062,79.998901,50.000000,690.039001,79.998901,-149.800003
161,16,183.600006,-466.485626,727.893433,79.998901,50.000000,690.039001,79.998901,-149.800003
162,1,438.839996,-457.127899,144.916245,-70.093216,50.000000,690.039001,79.998901,-149.800003
162,2,301.670013,-491.615112,374.811523,79.998901,50.000000,690.039001,79.998901,-149.800003
162,3,172.710007,-428.345184,562.638306,20.928598,50.000000,690.039001,79.998901,-149.800003
162,4,228.899994,-518.207153,775.232361,79.998901,50.000000,690.039001,79.998901,-149.800003
162,5,396.059998,-503.396240,281.176788,-87.383286,50.000000,690.039001,79.998901,-149.800003
162,6,208.039993,-431.573334,496.534607,-7.922600,50.000000,690.039001,79.998901,-149.800003
162,7,434.570007,339.053009,113.876427,-68.632797,50.000000,690.039001,79.998901,-149.800003
162,8,456.100006,-318.371887,1243.445679,-75.996490,50.000000,690.039001,79.998901,-149.800003
162,9,703.119995,1064.494507,445.156342,79.998901,50.000000,690.039001,79.998901,-149.800003
162,10,273.019989,602.773865,919.197876,79.998901,50.000000,690.039001,79.998901,-149.800003
162,11,270.399994,535.116882,1030.235718,79.998901,50.000000,690.039001,79.998901,-149.800003
162,13,363.940002,-422.585144,186.375717,16.801382,50.000000,690.039001,79.998901,-149.800003
162,14,164.830002,-428.376221,562.632690,51.376469,50.000000,690.039001,79.998901,-149.800003
162,15,464.309998,-369.997559,23.075922,79.998901,50.000000,690.039001,79.998901,-149.800003
162,16,185.500000,-468.319153,727.395264,79.998901,50.000000,690.039001,79.998901,-149.800003
163,1,438.839996,-457.127899,144.916245,-70.093216,50.000000,690.039001,79.998901,-149.800003
163,2,301.670013,-491.615112,374.811523,79.998901,50.000000,690.039001,79.998901,-149.800003
163,3,172.710007,-428.345184,562.638306,20.928598,50.000000,690.039001,79.998901,-149.800003
163,4,228.899994,-518.207153,775.232361,79.998901,50.000000,690.039001,79.998901,-149.800003
163,5,396.059998,-503.396240,281.176788,-87.383286,50.000000,690.039001,79.998901,-149.800003
163,6,208.039993,-431.573334,496.534607,-7.922600,50.000000,690.039001,79.998901,-149.800003
163,7,434.570007,339.053009,113.876427,-68.632797,50.000000,690.039001,79.998901,-149.800003
163,8,456.100006,-318.371887,1243.445679,-75.996490,50.000000,690.039001,79.998901,-149.800003
163,9,703.119995,1064.494507,445.156342,79.998901,50.000000,690.039001,79.998901,-149.800003
163,10,273.019989,602.773865,919.197876,79.998901,50.000000,690.039001,79.998901,-149.800003
163,11,270.399994,535.116882,1030.235718,79.998901,50.000000,690.039001,79.998901,-149.800003
163,13,363.940002,-422.585144,186.375717,16.801382,50.000000,690.039001,79.998901,-149.800003
163,14,164.830002,-428.376221,562.632690,51.376469,50.000000,690.039001,79.998901,-149.800003
163,15,464.309998,-369.997559,23.075922,79.998901,50.000000,690.039001,79.998901,-149.800003
163,16,185.500000,-468.319153,727.395264,79.998901,50.000000,690.039001,79.998901,-149.800003
164,1,438.839996,-457.127899,144.916245,-70.093216,50.000000,690.039001,79.998901,-149.800003
164,2,301.670013,-491.615112,374.811523,79.998901,50.000000,690.039001,79.998901,-149.800003
164,3,172.710007,-428.345184,562.638306,20.928598,50.000000,690.039001,79.998901,-149.800003
164,4,228.899994,-518.207153,775.232361,79.998901,50.000000,690.039001,79.998901,-149.800003
164,5,396.059998,-503.396240,281.176788,-87.383286,50.000000,690.039001,79.998901,-149.800003
164,6,208.039993,-431.573334,496.534607,-7.922600,50.000000,690.039001,79.998901,-149.800003
164,7,434.570007,339.053009,113.876427,-68.632797,50.000000,690.039001,79.998901,-149.800003
164,8,456.100006,-318.371887,1243.445679,-75.996490,50.000000,690.039001,79.998901,-149.800003
164,9,703.119995,1064.494507,445.156342,79.998901,50.000000,690.039001,79.998901,-149.800003
164,10,273.019989,602.773865,919.197876,79.998901,50.000000,690.039001,79.998901,-149.800003
164,11,270.399994,535.116882,1030.235718,79.998901,50.000000,690.039001,79.998901,-149.800003
164,13,363.940002,-422.585144,186.375717,16.801382,50.000000,690.039001,79.998901,-149.800003
164,14,164.830002,-428.376221,562.632690,51.376469,50.000000,690.039001,79.998901,-149.800003
164,15,464.309998,-369.997559,23.075922,79.998901,50.000000,690.039001,79.998901,-149.800003
164,16,185.500000,-468.319153,727.395264,79.998901,50.000000,690.039001,79.998901,-149.800003
165,1,438.839996,-457.127899,144.916245,-70.093216,50.000000,690.039001,79.998901,-149.800003
165,2,301.670013,-491.615112,374.811523,79.998901,50.000000,690.039001,79.998901,-149.800003
165,3,172.710007,-428.345184,562.638306,20.928598,50.000000,690.039001,79.998901,-149.800003
165,4,228.899994,-518.207153,775.232361,79.998901,50.000000,690.039001,79.998901,-149.800003
165,5,396.059998,-503.396240,281.176788,-87.383286,50.000000,690.039001,79.998901,-149.800003
165,6,208.039993,-431.573334,496.534607,-7.922600,50.000000,690.039001,79.998901,-149.800003
165,7,434.570007,339.053009,113.876427,-68.632797,50.000000,690.039001,79.998901,-149.800003
165,8,456.100006,-318.371887,1243.445679,-75.996490,50.000000,690.039001,79.998901,-149.800003
165,9,703.119995,1064.494507,445.156342,79.998901,50.000000,690.039001,79.998901,-149.800003
165,10,273.019989,602.773865,919.197876,79.998901,50.000000,690.039001,79.998901,-149.800003
165,11,270.399994,535.116882,1030.235718,79.998901,50.000000,690.039001,79.998901,-149.800003
165,13,363.940002,-422.585144,186.375717,16.801382,50.000000,690.039001,79.998901,-149.800003
165,14,164.830002,-428.376221,562.632690,51.376469,50.000000,690.039001,79.998901,-149.800003
165,15,464.309998,-369.997559,23.075922,79.998901,50.000000,690.039001,79.998901,-149.800003
165,16,185.500000,-468.319153,727.395264,79.998901,50.000000,690.039001,79.998901,-149.800003
166,1,438.839996,-457.127899,144.916245,-70.093216,50.000000,690.039001,79.998901,-149.800003
166,2,301.670013,-491.615112,374.811523,79.998901,50.000000,690.039001,79.998901,-149.800003
166,3,172.710007,-428.345184,562.638306,20.928598,50.000000,690.039001,79.998901,-149.800003
166,4,228.899994,-518.207153,775.232361,79.998901,50.000000,690.039001,79.998901,-149.800003
166,5,396.059998,-503.396240,281.176788,-87.383286,50.000000,690.039001,79.998901,-149.800003
166,6,208.039993,-431.573334,496.534607,-7.922600,50.000000,690.039001,79.998901,-149.800003
166,7,434.570007,339.053009,113.876427,-68.632797,50.000000,690.039001,79.998901,-149.800003
166,8,456.100006,-318.371887,1243.445679,-75.996490,50.000000,690.039001,79.998901,-149.800003
166,9,703.119995,1064.494507,445.156342,79.998901,50.000000,690.039001,79.998901,-149.800003
166,10,273.019989,602.773865,919.197876,79.998901,50.000000,690.039001,79.998901,-149.800003
166,11,270.399994,535.116882,1030.235718,79.998901,50.000000,690.039001,79.998901,-149.800003
166,13,363.940002,-422.585144,186.375717,16.801382,50.000000,690.039001,79.998901,-149.800003
166,14,164.830002,-428.376221,562.632690,51.376469,50.000000,690.039001,79.998901,-149.800003
166,15,464.309998,-369.997559,23.075922,79.998901,50.000000,690.039001,79.998901,-149.800003
166,16,185.500000,-468.319153,727.395264,79.998901,50.000000,690.039001,79.998901,-149.800003
167,1,438.839996,-457.127899,144.916245,-70.093216,50.000000,690.039001,79.998901,-149.800003
167,2,301.670013,-491.615112,374.811523,79.998901,50.000000,690.039001,79.998901,-149.800003
167,3,172.710007,-428.345184,562.638306,20.928598,50.000000,690.039001,79.998901,-149.800003
167,4,228.899994,-518.207153,775.232361,79.998901,50.000000,690.039001,79.998901,-149.800003
167,5,396.059998,-503.396240,281.176788,-87.383286,50.000000,690.039001,79.998901,-149.800003
167,6,208.039993,-431.573334,496.534607,-7.922600,50.000000,690.039001,79.998901,-149.800003
167,7,434.570007,339.053009,113.876427,-68.632797,50.000000,690.039001,79.998901,-149.800003
167,8,456.100006,-318.371887,1243.445679,-75.996490,50.000000,690.039001,79.998901,-149.800003
167,9,703.119995,1064.494507,445.156342,79.998901,50.000000,690.039001,79.998901,-149.800003
167,10,273.019989,602.773865,919.197876,79.998901,50.000000,690.039001,79.998901,-149.800003
167,11,270.399994,535.116882,1030.235718,79.998901,50.000000,690.039001,79.998901,-149.800003
167,13,363.940002,-422.585144,186.375717,16.801382,50.000000,690.039001,79.998901,-149.800003
167,14,164.830002,-428.376221,562.632690,51.376469,50.000000,690.039001,79.998901,-149.800003
167,15,464.309998,-369.997559,23.075922,79.998901,50.000000,690.039001,79.998901,-149.800003
167,16,185.500000,-468.319153,727.395264,79.998901,50.000000,690.039001,79.998901,-149.800003
168,1,438.839996,-457.127899,144.916245,-70.093216,50.000000,690.039001,79.998901,-149.800003
168,2,301.670013,-491.615112,374.811523,79.998901,50.000000,690.039001,79.998901,-149.800003
168,3,172.710007,-428.345184,562.638306,20.928598,50.000000,690.039001,79.998901,-149.800003
168,4,228.899994,-518.207153,775.232361,79.998901,50.000000,690.039001,79.998901,-149.800003
168,5,396.059998,-503.396240,281.176788,-87.383286,50.000000,690.039001,79.998901,-149.800003
168,6,208.039993,-431.573334,496.534607,-7.922600,50.000000,690.039001,79.998901,-149.800003
168,7,434.570007,339.053009,113.876427,-68.632797,50.000000,690.039001,79.998901,-149.800003
168,8,456.100006,-318.371887,1243.445679,-75.996490,50.000000,690.039001,79.998901,-149.800003
168,9,703.119995,1064.494507,445.156342,79.998901,50.000000,690.039001,79.998901,-149.800003
168,10,273.019989,602.773865,919.197876,79.998901,50.000000,690.039001,79.998901,-149.800003
168,11,270.399994,535.116882,1030.235718,79.998901,50.000000,690.039001,79.998901,-149.800003
168,13,363.940002,-422.585144,186.375717,16.801382,50.000000,690.039001,79.998901,-149.800003
168,14,164.830002,-428.376221,562.632690,51.376469,50.000000,690.039001,79.998901,-149.800003
168,15,464.309998,-369.997559,23.075922,79.998901,50.000000,690.039001,79.998901,-149.800003
168,16,185.500000,-468.319153,727.395264,79.998901,50.000000,690.039001,79.998901,-149.800003
169,1,438.839996,-457.127899,144.916245,-70.093216,50.000000,690.039001,79.998901,-149.800003
169,2,301.670013,-491.615112,374.811523,79.998901,50.000000,690.039001,79.998901,-149.800003
169,3,172.710007,-428.345184,562.638306,20.928598,50.000000,690.039001,79.998901,-149.800003
169,4,228.899994,-518.207153,775.232361,79.998901,50.000000,690.039001,79.998901,-149.800003
169,5,396.059998,-503.396240,281.176788,-87.383286,50.000000,690.039001,79.998901,-149.800003
169,6,208.039993,-431.573334,496.534607,-7.922600,50.000000,690.039001,79.998901,-149.800003
169,7,434.570007,339.053009,113.876427,-68.632797,50.000000,690.039001,79.998901,-149.800003
169,8,456.100006,-318.371887,1243.445679,-75.996490,50.000000,690.039001,79.998901,-149.800003
169,9,703.119995,1064.494507,445.156342,79.998901,50.000000,690.039001,79.998901,-149.800003
169,10,273.019989,602.773865,919.197876,79.998901,50.000000,690.039001,79.998901,-149.800003
169,11,270.399994,535.116882,1030.235718,79.998901,50.000000,690.039001,79.998901,-149.800003
169,13,363.940002,-422.585144,186.375717,16.801382,50.000000,690.039001,79.998901,-149.800003
169,14,164.830002,-428.376221,562.632690,51.376469,50.000000,690.039001,79.998901,-149.800003
169,15,464.309998,-369.997559,23.075922,79.998901,50.000000,690.039001,79.998901,-149.800003
169,16,185.500000,-468.319153,727.395264,79.998901,50.000000,690.039001,79.998901,-149.800003
170,1,438.839996,-457.127899,144.916245,-70.093216,50.000000,690.039001,79.998901,-149.800003
170,2,301.670013,-491.615112,374.811523,79.998901,50.000000,690.039001,79.998901,-149.800003
170,3,172.710007,-428.345184,562.638306,20.928598,50.000000,690.039001,79.998901,-149.800003
170,4,228.899994,-518.207153,775.232361,79.998901,50.000000,690.039001,79.998901,-149.800003
170,5,396.059998,-503.396240,281.176788,-87.383286,50.000000,690.039001,79.998901,-149.800003
170,6,208.039993,-431.573334,496.534607,-7.922600,50.000000,690.039001,79.998901,-149.800003
170,7,434.570007,339.053009,113.876427,-68.632797,50.000000,690.039001,79.998901,-149.800003
170,8,456.100006,-318.371887,1243.445679,-75.996490,50.000000,690.039001,79.998901,-149.800003
170,9,703.119995,1064.494507,445.156342,79.998901,50.000000,690.039001,79.998901,-149.800003
170,10,273.019989,602.773865,919.197876,79.998901,50.000000,690.039001,79.998901,-149.800003
170,11,270.399994,535.116882,1030.235718,79.998901,50.000000,690.039001,79.998901,-149.800003
170,13,363.940002,-422.585144,186.375717,16.801382,50.000000,690.039001,79.998901,-149.800003
170,14,164.830002,-428.376221,562.632690,51.376469,50.000000,690.039001,79.998901,-149.800003
170,15,464.309998,-369.997559,23.075922,79.998901,50.000000,690.039001,79.998901,-149.800003
170,16,185.500000,-468.319153,727.395264,79.998901,50.000000,690.039001,79.998901,-149.800003
171,1,438.839996,-457.127899,144.916245,-70.093216,50.000000,690.039001,79.998901,-149.800003
171,2,301.670013,-491.615112,374.811523,79.998901,50.000000,690.039001,79.998901,-149.800003
171,3,172.710007,-428.345184,562.638306,20.928598,50.000000,690.039001,79.998901,-149.800003
171,4,228.899994,-518.207153,775.232361,79.998901,50.000000,690.039001,79.998901,-149.800003
171,5,396.059998,-503.396240,281.176788,-87.383286,50.000000,690.039001,79.998901,-149.800003
171,6,208.039993,-431.573334,496.534607,-7.922600,50.000000,690.039001,79.998901,-149.800003
171,7,434.570007,339.053009,113.876427,-68.632797,50.000000,690.039001,79.998901,-149.800003
171,8,456.100006,-318.371887,1243.445679,-75.996490,50.000000,690.039001,79.998901,-149.800003
171,9,703.119995,1064.494507,445.156342,79.998901,50.000000,690.039001,79.998901,-149.800003
171,10,273.019989,602.773865,919.197876,79.998901,50.000000,690.039001,79.998901,-149.800003
171,11,270.399994,535.116882,1030.235718,79.998901,50.000000,690.039001,79.998901,-149.800003
171,13,363.940002,-422.585144,186.375717,16.801382,50.000000,690.039001,79.998901,-149.800003
171,14,164.830002,-428.376221,562.632690,51.376469,50.000000,690.039001,79.998901,-149.800003
171,15,464.309998,-369.997559,23.075922,79.998901,50.000000,690.039001,79.998901,-149.800003
171,16,185.500000,-468.319153,727.395264,79.998901,50.000000,690.039001,79.998901,-149.800003
172,1,438.839996,-457.127899,144.916245,-70.093216,50.000000,690.039001,79.998901,-149.800003
172,2,301.670013,-491.615112,374.811523,79.998901,50.000000,690.039001,79.998901,-149.800003
172,3,172.710007,-428.345184,562.638306,20.928598,50.000000,690.039001,79.998901,-149.800003
172,4,228.899994,-518.207153,775.232361,79.998901,50.000000,690.039001,79.998901,-149.800003
172,5,396.059998,-503.396240,281.176788,-87.383286,50.000000,690.039001,79.998901,-149.800003
172,6,208.039993,-431.573334,496.534607,-7.922600,50.000000,690.039001,79.998901,-149.800003
172,7,434.570007,339.053009,113.876427,-68.632797,50.000000,690.039001,79.998901,-149.800003
172,8,456.100006,-318.371887,1243.445679,-75.996490,50.000000,690.039001,79.998901,-149.800003
172,9,703.119995,1064.494507,445.156342,79.998901,50.000000,690.039001,79.998901,-149.800003
172,10,273.019989,602.773865,919.197876,79.998901,50.000000,690.039001,79.998901,-149.800003
172,11,270.399994,535.116882,1030.235718,79.998901,50.000000,690.039001,79.998901,-149.800003
172,13,363.940002,-422.585144,186.375717,16.801382,50.000000,690.039001,79.998901,-149.800003
172,14,164.830002,-428.376221,562.632690,51.376469,50.000000,690.039001,79.998901,-149.800003
172,15,464.309998,-369.997559,23.075922,79.998901,50.000000,690.039001,79.998901,-149.800003
172,16,185.500000,-468.319153,727.395264,79.998901,50.000000,690.039001,79.998901,-149.800003
173,1,439.100006,-457.284302,144.728531,-80.179749,50.000000,690.039001,70.001297,-149.800003
173,2,302.850006,-492.634949,374.217957,70.001297,50.000000,690.039001,70.001297,-149.800003
173,3,171.369995,-427.105865,562.861267,11.389310,50.000000,690.039001,70.001297,-149.800003
173,4,229.649994,-518.957153,775.229736,70.001297,50.000000,690.039001,70.001297,-149.800003
173,5,411.179993,-515.239685,274.283722,-103.770874,50.000000,690.039001,70.001297,-149.800003
173,6,208.759995,-432.137299,496.206360,-18.224485,50.000000,690.039001,70.001297,-149.800003
173,7,436.779999,340.097626,112.081573,-79.386261,50.000000,690.039001,70.001297,-149.800003
173,8,448.239990,-314.656586,1237.062134,-83.305809,50.000000,690.039001,70.001297,-149.800003
173,9,727.840027,1088.853760,440.948761,70.001297,50.000000,690.039001,70.001297,-149.800003
173,10,236.460007,571.175964,900.807495,70.001297,50.000000,690.039001,70.001297,-149.800003
173,11,232.449997,502.317627,1011.146057,70.001297,50.000000,690.039001,70.001297,-149.800003
173,12,764.369995,386.590942,1703.188354,70.001297,50.000000,690.039001,70.001297,-149.800003
173,13,361.279999,-420.908325,188.388306,7.265687,50.000000,690.039001,70.001297,-149.800003
173,14,162.779999,-426.389252,562.990234,41.734848,50.000000,690.039001,70.001297,-149.800003
173,15,457.959991,-365.523132,27.581699,70.001297,50.000000,690.039001,70.001297,-149.800003
173,16,186.149994,-468.946411,727.224854,70.001297,50.000000,690.039001,70.001297,-149.800003
174,1,439.100006,-457.284302,144.728531,-80.179749,50.000000,690.039001,70.001297,-149.800003
174,2,302.850006,-492.634949,374.217957,70.001297,50.000000,690.039001,70.001297,-149.800003
174,3,171.369995,-427.105865,562.861267,11.389310,50.000000,690.039001,70.001297,-149.800003
174,4,229.649994,-518.957153,775.229736,70.001297,50.000000,690.039001,70.001297,-149.800003
174,5,411.179993,-515.239685,274.283722,-103.770874,50.000000,690.039001,70.001297,-149.800003
174,6,208.759995,-432.137299,496.206360,-18.224485,50.000000,690.039001,70.001297,-149.800003
174,7,436.779999,340.097626,112.081573,-79.386261,50.000000,690.039001,70.001297,-149.800003
174,8,448.239990,-314.656586,1237.062134,-83.305809,50.000000,690.039001,70.001297,-149.800003
174,9,727.840027,1088.853760,440.948761,70.001297,50.000000,690.039001,70.001297,-149.800003
174,10,236.460007,571.175964,900.807495,70.001297,50.000000,690.039001,70.001297,-149.800003
174,11,232.449997,502.317627,1011.146057,70.001297,50.000000,690.039001,70.001297,-149.800003
174,12,764.369995,386.590942,1703.188354,70.001297,50.000000,690.039001,70.001297,-149.800003
174,13,361.279999,-420.908325,188.388306,7.265687,50.000000,690.039001,70.001297,-149.800003
174,14,162.779999,-426.389252,562.990234,41.734848,50.000000,690.039001,70.001297,-149.800003
174,15,457.959991,-365.523132,27.581699,70.001297,50.000000,690.039001,70.001297,-149.800003
174,16,186.149994,-468.946411,727.224854,70.001297,50.000000,690.039001,70.001297,-149.800003
175,1,439.100006,-457.284302,144.728531,-80.179749,50.000000,690.039001,70.001297,-149.800003
175,2,302.850006,-492.634949,374.217957,70.001297,50.000000,690.039001,70.001297,-149.800003
175,3,171.369995,-427.105865,562.861267,11.389310,50.000000,690.039001,70.001297,-149.800003
175,4,229.649994,-518.957153,775.229736,70.001297,50.000000,690.039001,70.001297,-149.800003
175,5,411.179993,-515.239685,274.283722,-103.770874,50.000000,690.039001,70.001297,-149.800003
175,6,208.759995,-432.137299,496.206360,-18.224485,50.000000,690.039001,70.001297,-149.800003
175,7,436.779999,340.097626,112.081573,-79.386261,50.000000,690.039001,70.001297,-149.800003
175,8,448.239990,-314.656586,1237.062134,-83.305809,50.000000,690.039001,70.001297,-149.800003
175,9,727.840027,1088.853760,440.948761,70.001297,50.000000,690.039001,70.001297,-149.800003
175,10,236.460007,571.175964,900.807495,70.001297,50.000000,690.039001,70.001297,-149.800003
175,11,232.449997,502.317627,1011.146057,70.001297,50.000000,690.039001,70.001297,-149.800003
175,12,764.369995,386.590942,1703.188354,70.001297,50.000000,690.039001,70.001297,-149.800003
175,13,361.279999,-420.908325,188.388306,7.265687,50.000000,690.039001,70.001297,-149.800003
175,14,162.779999,-426.389252,562.990234,41.734848,50.000000,690.039001,70.001297,-149.800003
175,15,457.959991,-365.523132,27.581699,70.001297,50.000000,690.039001,70.001297,-149.800003
175,16,186.149994,-468.946411,727.224854,70.001297,50.000000,690.039001,70.001297,-149.800003
176,1,439.100006,-457.284302,144.728531,-80.179749,50.000000,690.039001,70.001297,-149.800003
176,2,302.850006,-492.634949,374.217957,70.001297,50.000000,690.039001,70.001297,-149.800003
176,3,171.369995,-427.105865,562.861267,11.389310,50.000000,690.039001,70.001297,-149.800003
176,4,229.649994,-518.957153,775.229736,70.001297,50.000000,690.039001,70.001297,-149.800003
176,5,411.179993,-515.239685,274.283722,-103.770874,50.000000,690.039001,70.001297,-149.800003
176,6,208.759995,-432.137299,496.206360,-18.224485,50.000000,690.039001,70.001297,-149.800003
176,7,436.779999,340.097626,112.081573,-79.386261,50.000000,690.039001,70.001297,-149.800003
176,8,448.239990,-314.656586,1237.062134,-83.305809,50.000000,690.039001,70.001297,-149.800003
176,9,727.840027,1088.853760,440.948761,70.001297,50.000000,690.039001,70.001297,-149.800003
176,10,236.460007,571.175964,900.807495,70.001297,50.000000,690.039001,70.001297,-149.800003
176,11,232.449997,502.317627,1011.146057,70.001297,50.000000,690.039001,70.001297,-149.800003
176,12,764.369995,386.590942,1703.188354,70.001297,50.000000,690.039001,70.001297,-149.800003
176,13,361.279999,-420.908325,188.388306,7.265687,50.000000,690.039001,70.001297,-149.800003
176,14,162.779999,-426.389252,562.990234,41.734848,50.000000,690.039001,70.001297,-149.800003
176,15,457.959991,-365.523132,27.581699,70.001297,50.000000,690.039001,70.001297,-149.800003
176,16,186.149994,-468.946411,727.224854,70.001297,50.000000,690.039001,70.001297,-149.800003
177,1,439.100006,-457.284302,144.728531,-80.179749,50.000000,690.039001,70.001297,-149.800003
177,2,302.850006,-492.634949,374.217957,70.001297,50.000000,690.039001,70.001297,-149.800003
177,3,171.369995,-427.105865,562.861267,11.389310,50.000000,690.039001,70.001297,-149.800003
177,4,229.649994,-518.957153,775.229736,70.001297,50.000000,690.039001,70.001297,-149.800003
177,5,411.179993,-515.239685,274.283722,-103.770874,50.000000,690.039001,70.001297,-149.800003
177,6,208.759995,-432.137299,496.206360,-18.224485,50.000000,690.039001,70.001297,-149.800003
177,7,436.779999,340.097626,112.081573,-79.386261,50.000000,690.039001,70.001297,-149.800003
177,8,448.239990,-314.656586,1237.062134,-83.305809,50.000000,690.039001,70.001297,-149.800003
177,9,727.840027,1088.853760,440.948761,70.001297,50.000000,690.039001,70.001297,-149.800003
177,10,236.460007,571.175964,900.807495,70.001297,50.000000,690.039001,70.001297,-149.800003
177,11,232.449997,502.317627,1011.146057,70.001297,50.000000,690.039001,70.001297,-149.800003
177,12,764.369995,386.590942,1703.188354,70.001297,50.000000,690.039001,70.001297,-149.800003
177,13,361.279999,-420.908325,188.388306,7.265687,50.000000,690.039001,70.001297,-149.800003
177,14,162.779999,-426.389252,562.990234,41.734848,50.000000,690.039001,70.001297,-149.800003
177,15,457.959991,-365.523132,27.581699,70.001297,50.000000,690.039001,70.001297,-149.800003
177,16,186.149994,-468.946411,727.224854,70.001297,50.000000,690.039001,70.001297,-149.800003
178,1,439.100006,-457.284302,144.728531,-80.179749,50.000000,690.039001,70.001297,-149.800003
178,2,302.850006,-492.634949,374.217957,70.001297,50.000000,690.039001,70.001297,-149.800003
178,3,171.369995,-427.105865,562.861267,11.389310,50.000000,690.039001,70.001297,-149.800003
178,4,229.649994,-518.957153,775.229736,70.001297,50.000000,690.039001,70.001297,-149.800003
178,5,411.179993,-515.239685,274.283722,-103.770874,50.000000,690.039001,70.001297,-149.800003
178,6,208.759995,-432.137299,496.206360,-18.224485,50.000000,690.039001,70.001297,-149.800003
178,7,436.779999,340.097626,112.081573,-79.386261,50.000000,690.039001,70.001297,-149.800003
178,8,448.239990,-314.656586,1237.062134,-83.305809,50.000000,690.039001,70.001297,-149.800003
178,9,727.840027,1088.853760,440.948761,70.001297,50.000000,690.039001,70.001297,-149.800003
178,10,236.460007,571.175964,900.807495,70.001297,50.000000,690.039001,70.001297,-149.800003
178,11,232.449997,502.317627,1011.146057,70.001297,50.000000,690.039001,70.001297,-149.800003
178,12,764.369995,386.590942,1703.188354,70.001297,50.000000,690.039001,70.001297,-149.800003
178,13,361.279999,-420.908325,188.388306,7.265687,50.000000,690.039001,70.001297,-149.800003
178,14,162.779999,-426.389252,562.990234,41.734848,50.000000,690.039001,70.001297,-149.800003
178,15,457.959991,-365.523132,27.581699,70.001297,50.000000,690.039001,70.001297,-149.800003
178,16,186.149994,-468.946411,727.224854,70.001297,50.000000,690.039001,70.001297,-149.800003
179,1,439.100006,-457.284302,144.728531,-80.179749,50.000000,690.039001,70.001297,-149.800003
179,2,302.850006,-492.634949,374.217957,70.001297,50.000000,690.039001,70.001297,-149.800003
179,3,171.369995,-427.105865,562.861267,11.389310,50.000000,690.039001,70.001297,-149.800003
179,4,229.649994,-518.957153,775.229736,70.001297,50.000000,690.039001,70.001297,-149.800003
179,5,411.179993,-515.239685,274.283722,-103.770874,50.000000,690.039001,70.001297,-149.800003
179,6,208.759995,-432.137299,496.206360,-18.224485,50.000000,690.039001,70.001297,-149.800003
179,7,436.779999,340.097626,112.081573,-79.386261,50.000000,690.039001,70.001297,-149.800003
179,8,448.239990,-314.656586,1237.062134,-83.305809,50.000000,690.039001,70.001297,-149.800003
179,9,727.840027,1088.853760,440.948761,70.001297,50.000000,690.039001,70.001297,-149.800003
179,10,236.460007,571.175964,900.807495,70.001297,50.000000,690.039001,70.001297,-149.800003
179,11,232.449997,502.317627,1011.146057,70.001297,50.000000,690.039001,70.001297,-149.800003
179,12,764.369995,386.590942,1703.188354,70.001297,50.000000,690.039001,70.001297,-149.800003
179,13,361.279999,-420.908325,188.388306,7.265687,50.000000,690.039001,70.001297,-149.800003
179,14,162.779999,-426.389252,562.990234,41.734848,50.000000,690.039001,70.001297,-149.800003
179,15,457.959991,-365.523132,27.581699,70.001297,50.000000,690.039001,70.001297,-149.800003
179,16,186.149994,-468.946411,727.224854,70.001297,50.000000,690.039001,70.001297,-149.800003
180,1,439.100006,-457.284302,144.728531,-80.179749,50.000000,690.039001,70.001297,-149.800003
180,2,302.850006,-492.634949,374.217957,70.001297,50.000000,690.039001,70.001297,-149.800003
180,3,171.369995,-427.105865,562.861267,11.389310,50.000000,690.039001,70.001297,-149.800003
180,4,229.649994,-518.957153,775.229736,70.001297,50.000000,690.039001,70.001297,-149.800003
180,5,411.179993,-515.239685,274.283722,-103.770874,50.000000,690.039001,70.001297,-149.800003
180,6,208.759995,-432.137299,496.206360,-18.224485,50.000000,690.039001,70.001297,-149.800003
180,7,436.779999,340.097626,112.081573,-79.386261,50.000000,690.039001,70.001297,-149.800003
180,8,448.239990,-314.656586,1237.062134,-83.305809,50.000000,690.039001,70.001297,-149.800003
180,9,727.840027,1088.853760,440.948761,70.001297,50.000000,690.039001,70.001297,-149.800003
180,10,236.460007,571.175964,900.807495,70.001297,50.000000,690.039001,70.001297,-149.800003
180,11,232.449997,502.317627,1011.146057,70.001297,50.000000,690.039001,70.001297,-149.800003
180,12,764.369995,386.590942,1703.188354,70.001297,50.000000,690.039001,70.001297,-149.800003
180,13,361.279999,-420.908325,188.388306,7.265687,50.000000,690.039001,70.001297,-149.800003
180,14,162.779999,-426.389252,562.990234,41.734848,50.000000,690.039001,70.001297,-149.800003
180,15,457.959991,-365.523132,27.581699,70.001297,50.000000,690.039001,70.001297,-149.800003
180,16,186.149994,-468.946411,727.224854,70.001297,50.000000,690.039001,70.001297,-149.800003
181,1,439.100006,-457.284302,144.728531,-80.179749,50.000000,690.039001,70.001297,-149.800003
181,2,302.850006,-492.634949,374.217957,70.001297,50.000000,690.039001,70.001297,-149.800003
181,3,171.369995,-427.105865,562.861267,11.389310,50.000000,690.039001,70.001297,-149.800003
181,4,229.649994,-518.957153,775.229736,70.001297,50.000000,690.039001,70.001297,-149.800003
181,5,411.179993,-515.239685,274.283722,-103.770874,50.000000,690.039001,70.001297,-149.800003
181,6,208.759995,-432.137299,496.206360,-18.224485,50.000000,690.039001,70.001297,-149.800003
181,7,436.779999,340.097626,112.081573,-79.386261,50.000000,690.039001,70.001297,-149.800003
181,8,448.239990,-314.656586,1237.062134,-83.305809,50.000000,690.039001,70.001297,-149.800003
181,9,727.840027,1088.853760,440.948761,70.001297,50.000000,690.039001,70.001297,-149.800003
181,10,236.460007,571.175964,900.807495,70.001297,50.000000,690.039001,70.001297,-149.800003
181,11,232.449997,502.317627,1011.146057,70.001297,50.000000,690.039001,70.001297,-149.800003
181,12,764.369995,386.590942,1703.188354,70.001297,50.000000,690.039001,70.001297,-149.800003
181,13,361.279999,-420.908325,188.388306,7.265687,50.000000,690.039001,70.001297,-149.800003
181,14,162.779999,-426.389252,562.990234,41.734848,50.000000,690.039001,70.001297,-149.800003
181,15,457.959991,-365.523132,27.581699,70.001297,50.000000,690.039001,70.001297,-149.800003
181,16,186.149994,-468.946411,727.224854,70.001297,50.000000,690.039001,70.001297,-149.800003
182,1,439.100006,-457.284302,144.728531,-80.179749,50.000000,690.039001,70.001297,-149.800003
182,2,302.850006,-492.634949,374.217957,70.001297,50.000000,690.039001,70.001297,-149.800003
182,3,171.369995,-427.105865,562.861267,11.389310,50.000000,690.039001,70.001297,-149.800003
182,4,229.649994,-518.957153,775.229736,70.001297,50.000000,690.039001,70.001297,-149.800003
182,5,411.179993,-515.239685,274.283722,-103.770874,50.000000,690.039001,70.001297,-149.800003
182,6,208.759995,-432.137299,496.206360,-18.224485,50.000000,690.039001,70.001297,-149.800003
182,7,436.779999,340.097626,112.081573,-79.386261,50.000000,690.039001,70.001297,-149.800003
182,8,448.239990,-314.656586,1237.062134,-83.305809,50.000000,690.039001,70.001297,-149.800003
182,9,727.840027,1088.853760,440.948761,70.001297,50.000000,690.039001,70.001297,-149.800003
182,10,236.460007,571.175964,900.807495,70.001297,50.000000,690.039001,70.001297,-149.800003
182,11,232.449997,502.317627,1011.146057,70.001297,50.000000,690.039001,70.001297,-149.800003
182,12,764.369995,386.590942,1703.188354,70.001297,50.000000,690.039001,70.001297,-149.800003
182,13,361.279999,-420.908325,188.388306,7.265687,50.000000,690.039001,70.001297,-149.800003
182,14,162.779999,-426.389252,562.990234,41.734848,50.000000,690.039001,70.001297,-149.800003
182,15,457.959991,-365.523132,27.581699,70.001297,50.000000,690.039001,70.001297,-149.800003
182,16,186.149994,-468.946411,727.224854,70.001297,50.000000,690.039001,70.001297,-149.800003
183,1,439.100006,-457.284302,144.728531,-80.179749,50.000000,690.039001,70.001297,-149.800003
183,2,302.850006,-492.634949,374.217957,70.001297,50.000000,690.039001,70.001297,-149.800003
183,3,171.369995,-427.105865,562.861267,11.389310,50.000000,690.039001,70.001297,-149.800003
183,4,229.649994,-518.957153,775.229736,70.001297,50.000000,690.039001,70.001297,-149.800003
183,5,411.179993,-515.239685,274.283722,-103.770874,50.000000,690.039001,70.001297,-149.800003
183,6,208.759995,-432.137299,496.206360,-18.224485,50.000000,690.039001,70.001297,-149.800003
183,7,436.779999,340.097626,112.081573,-79.386261,50.000000,690.039001,70.001297,-149.800003
183,8,448.239990,-314.656586,1237.062134,-83.305809,50.000000,690.039001,70.001297,-149.800003
183,9,727.840027,1088.853760,440.948761,70.001297,50.000000,690.039001,70.001297,-149.800003
183,10,236.460007,571.175964,900.807495,70.001297,50.000000,690.039001,70.001297,-149.800003
183,11,232.449997,502.317627,1011.146057,70.001297,50.000000,690.039001,70.001297,-149.800003
183,12,764.369995,386.590942,1703.188354,70.001297,50.000000,690.039001,70.001297,-149.800003
183,13,361.279999,-420.908325,188.388306,7.265687,50.000000,690.039001,70.001297,-149.800003
183,14,162.779999,-426.389252,562.990234,41.734848,50.000000,690.039001,70.001297,-149.800003
183,15,457.959991,-365.523132,27.581699,70.001297,50.000000,690.039001,70.001297,-149.800003
183,16,186.149994,-468.946411,727.224854,70.001297,50.000000,690.039001,70.001297,-149.800003
184,1,439.100006,-457.284302,144.728531,-80.179749,50.000000,690.039001,70.001297,-149.800003
184,2,302.850006,-492.634949,374.217957,70.001297,50.000000,690.039001,70.001297,-149.800003
184,3,171.369995,-427.105865,562.861267,11.389310,50.000000,690.039001,70.001297,-149.800003
184,4,229.649994,-518.957153,775.229736,70.001297,50.000000,690.039001,70.001297,-149.800003
184,5,411.179993,-515.239685,274.283722,-103.770874,50.000000,690.039001,70.001297,-149.800003
184,6,208.759995,-432.137299,496.206360,-18.224485,50.000000,690.039001,70.001297,-149.800003
184,7,436.779999,340.097626,112.081573,-79.386261,50.000000,690.039001,70.001297,-149.800003
184,8,448.239990,-314.656586,1237.062134,-83.305809,50.000000,690.039001,70.001297,-149.800003
184,9,727.840027,1088.853760,440.948761,70.001297,50.000000,690.039001,70.001297,-149.800003
184,10,236.460007,571.175964,900.807495,70.001297,50.000000,690.039001,70.001297,-149.800003
184,11,232.449997,502.317627,1011.146057,70.001297,50.000000,690.039001,70.001297,-149.800003
184,12,764.369995,386.590942,1703.188354,70.001297,50.000000,690.039001,70.001297,-149.800003
184,13,361.279999,-420.908325,188.388306,7.265687,50.000000,690.039001,70.001297,-149.800003
184,14,162.779999,-426.389252,562.990234,41.734848,50.000000,690.039001,70.001297,-149.800003
184,15,457.959991,-365.523132,27.581699,70.001297,50.000000,690.039001,70.001297,-149.800003
184,16,186.149994,-468.946411,727.224854,70.001297,50.000000,690.039001,70.001297,-149.800003
185,1,439.100006,-457.284302,144.728531,-80.179749,50.000000,690.039001,70.001297,-149.800003
185,2,302.850006,-492.634949,374.217957,70.001297,50.000000,690.039001,70.001297,-149.800003
185,3,171.369995,-427.105865,562.861267,11.389310,50.000000,690.039001,70.001297,-149.800003
185,4,229.649994,-518.957153,775.229736,70.001297,50.000000,690.039001,70.001297,-149.800003
185,5,411.179993,-515.239685,274.283722,-103.770874,50.000000,690.039001,70.001297,-149.800003
185,6,208.759995,-432.137299,496.206360,-18.224485,50.000000,690.039001,70.001297,-149.800003
185,7,436.779999,340.097626,112.081573,-79.386261,50.000000,690.039001,70.001297,-149.800003
185,8,448.239990,-314.656586,1237.062134,-83.305809,50.000000,690.039001,70.001297,-149.800003
185,9,727.840027,1088.853760,440.948761,70.001297,50.000000,690.039001,70.001297,-149.800003
185,10,236.460007,571.175964,900.807495,70.001297,50.000000,690.039001,70.001297,-149.800003
185,11,232.449997,502.317627,1011.146057,70.001297,50.000000,690.039001,70.001297,-149.800003
185,12,764.369995,386.590942,1703.188354,70.001297,50.000000,690.039001,70.001297,-149.800003
185,13,361.279999,-420.908325,188.388306,7.265687,50.000000,690.039001,70.001297,-149.800003
185,14,162.779999,-426.389252,562.990234,41.734848,50.000000,690.039001,70.001297,-149.800003
185,15,457.959991,-365.523132,27.581699,70.001297,50.000000,690.039001,70.001297,-149.800003
185,16,186.149994,-468.946411,727.224854,70.001297,50.000000,690.039001,70.001297,-149.800003
186,1,439.350006,-457.434662,144.548035,-70.267654,50.000000,690.039001,79.998901,-149.800003
186,2,302.880005,-492.660889,374.202850,79.998901,50.000000,690.039001,79.998901,-149.800003
186,3,171.360001,-427.096619,562.862976,21.390327,50.000000,690.039001,79.998901,-149.800003
186,4,229.839996,-519.147156,775.229065,79.998901,50.000000,690.039001,79.998901,-149.800003
186,5,411.630005,-515.592224,274.078552,-93.963455,50.000000,690.039001,79.998901,-149.800003
186,6,208.899994,-432.246979,496.142548,-8.286053,50.000000,690.039001,79.998901,-149.800003
186,7,440.500000,341.856018,109.060364,-70.660973,50.000000,690.039001,79.998901,-149.800003
186,8,452.970001,-316.892395,1240.903564,-74.925964,50.000000,690.039001,79.998901,-149.800003
186,9,732.179993,1093.130371,440.210052,79.998901,50.000000,690.039001,79.998901,-149.800003
186,10,247.990005,581.141052,906.607300,79.998901,50.000000,690.039001,79.998901,-149.800003
186,11,244.100006,512.386414,1017.006287,79.998901,50.000000,690.039001,79.998901,-149.800003
186,12,782.020020,392.569672,1719.794922,79.998901,50.000000,690.039001,79.998901,-149.800003
186,13,361.209991,-420.864197,188.441269,17.275444,50.000000,690.039001,79.998901,-149.800003
186,14,162.860001,-426.466797,562.976257,51.718559,50.000000,690.039001,79.998901,-149.800003
186,15,457.920013,-365.494965,27.610067,79.998901,50.000000,690.039001,79.998901,-149.800003
186,16,186.289993,-469.081512,727.188171,79.998901,50.000000,690.039001,79.998901,-149.800003
187,1,439.350006,-457.434662,144.548035,-70.267654,50.000000,690.039001,79.998901,-149.800003
187,2,302.880005,-492.660889,374.202850,79.998901,50.000000,690.039001,79.998901,-149.800003
187,3,171.360001,-427.096619,562.862976,21.390327,50.000000,690.039001,79.998901,-149.800003
187,4,229.839996,-519.147156,775.229065,79.998901,50.000000,690.039001,79.998901,-149.800003
187,5,411.630005,-515.592224,274.078552,-93.963455,50.000000,690.039001,79.998901,-149.800003
187,6,208.899994,-432.246979,496.142548,-8.286053,50.000000,690.039001,79.998901,-149.800003
187,7,440.500000,341.856018,109.060364,-70.660973,50.000000,690.039001,79.998901,-149.800003
187,8,452.970001,-316.892395,1240.903564,-74.925964,50.000000,690.039001,79.998901,-149.800003
187,9,732.179993,1093.130371,440.210052,79.998901,50.000000,690.039001,79.998901,-149.800003
187,10,247.990005,581.141052,906.607300,79.998901,50.000000,690.039001,79.998901,-149.800003
187,11,244.100006,512.386414,1017.006287,79.998901,50.000000,690.039001,79.998901,-149.800003
187,12,782.020020,392.569672,1719.794922,79.998901,50.000000,690.039001,79.998901,-149.800003
187,13,361.209991,-420.864197,188.441269,17.275444,50.000000,690.039001,79.998901,-149.800003
187,14,162.860001,-426.466797,562.976257,51.718559,50.000000,690.039001,79.998901,-149.800003
187,15,457.920013,-365.494965,27.610067,79.998901,50.000000,690.039001,79.998901,-149.800003
187,16,186.289993,-469.081512,727.188171,79.998901,50.000000,690.039001,79.998901,-149.800003
188,1,439.350006,-457.434662,144.548035,-70.267654,50.000000,690.039001,79.998901,-149.800003
188,2,302.880005,-492.660889,374.202850,79.998901,50.000000,690.039001,79.998901,-149.800003
188,3,171.360001,-427.096619,562.862976,21.390327,50.000000,690.039001,79.998901,-149.800003
188,4,229.839996,-519.147156,775.229065,79.998901,50.000000,690.039001,79.998901,-149.800003
188,5,411.630005,-515.592224,274.078552,-93.963455,50.000000,690.039001,79.998901,-149.800003
188,6,208.899994,-432.246979,496.142548,-8.286053,50.000000,690.039001,79.998901,-149.800003
188,7,440.500000,341.856018,109.060364,-70.660973,50.000000,690.039001,79.998901,-149.800003
188,8,452.970001,-316.892395,1240.903564,-74.925964,50.000000,690.039001,79.998901,-149.800003
188,9,732.179993,1093.130371,440.210052,79.998901,50.000000,690.039001,79.998901,-149.800003
188,10,247.990005,581.141052,906.607300,79.998901,50.000000,690.039001,79.998901,-149.800003
188,11,244.100006,512.386414,1017.006287,79.998901,50.000000,690.039001,79.998901,-149.800003
188,12,782.020020,392.569672,1719.794922,79.998901,50.000000,690.039001,79.998901,-149.800003
188,13,361.209991,-420.864197,188.441269,17.275444,50.000000,690.039001,79.998901,-149.800003
188,14,162.860001,-426.466797,562.976257,51.718559,50.000000,690.039001,79.998901,-149.800003
188,15,457.920013,-365.494965,27.610067,79.998901,50.000000,690.039001,79.998901,-149.800003
188,16,186.289993,-469.081512,727.188171,79.998901,50.000000,690.039001,79.998901,-149.800003
189,1,439.350006,-457.434662,144.548035,-70.267654,50.000000,690.039001,79.998901,-149.800003
189,2,302.880005,-492.660889,374.202850,79.998901,50.000000,690.039001,79.998901,-149.800003
189,3,171.360001,-427.096619,562.862976,21.390327,50.000000,690.039001,79.998901,-149.800003
189,4,229.839996,-519.147156,775.229065,79.998901,50.000000,690.039001,79.998901,-149.800003
189,5,411.630005,-515.592224,274.078552,-93.963455,50.000000,690.039001,79.998901,-149.800003
189,6,208.899994,-432.246979,496.142548,-8.286053,50.000000,690.039001,79.998901,-149.800003
189,7,440.500000,341.856018,109.060364,-70.660973,50.000000,690.039001,79.998901,-149.800003
189,8,452.970001,-316.892395,1240.903564,-74.925964,50.000000,690.039001,79.998901,-149.800003
189,9,732.179993,1093.130371,440.210052,79.998901,50.000000,690.039001,79.998901,-149.800003
189,10,247.990005,581.141052,906.607300,79.998901,50.000000,690.039001,79.998901,-149.800003
189,11,244.100006,512.386414,1017.006287,79.998901,50.000000,690.039001,79.998901,-149.800003
189,12,782.020020,392.569672,1719.794922,79.998901,50.000000,690.039001,79.998901,-149.800003
189,13,361.209991,-420.864197,188.441269,17.275444,50.000000,690.039001,79.998901,-149.800003
189,14,162.860001,-426.466797,562.976257,51.718559,50.000000,690.039001,79.998901,-149.800003
189,15,457.920013,-365.494965,27.610067,79.998901,50.000000,690.039001,79.998901,-149.800003
189,16,186.289993,-469.081512,727.188171,79.998901,50.000000,690.039001,79.998901,-149.800003
190,1,439.350006,-457.434662,144.548035,-70.267654,50.000000,690.039001,79.998901,-149.800003
190,2,302.880005,-492.660889,374.202850,79.998901,50.000000,690.039001,79.998901,-149.800003
190,3,171.360001,-427.096619,562.862976,21.390327,50.000000,690.039001,79.998901,-149.800003
190,4,229.839996,-519.147156,775.229065,79.998901,50.000000,690.039001,79.998901,-149.800003
190,5,411.630005,-515.592224,274.078552,-93.963455,50.000000,690.039001,79.998901,-149.800003
190,6,208.899994,-432.246979,496.142548,-8.286053,50.000000,690.039001,79.998901,-149.800003
190,7,440.500000,341.856018,109.060364,-70.660973,50.000000,690.039001,79.998901,-149.800003
190,8,452.970001,-316.892395,1240.903564,-74.925964,50.000000,690.039001,79.998901,-149.800003
190,9,732.179993,1093.130371,440.210052,79.998901,50.000000,690.039001,79.998901,-149.800003
190,10,247.990005,581.141052,906.607300,79.998901,50.000000,690.039001,79.998901,-149.800003
190,11,244.100006,512.386414,1017.006287,79.998901,50.000000,690.039001,79.998901,-149.800003
190,12,782.020020,392.569672,1719.794922,79.998901,50.000000,690.039001,79.998901,-149.800003
190,13,361.209991,-420.864197,188.441269,17.275444,50.000000,690.039001,79.998901,-149.800003
190,14,162.860001,-426.466797,562.976257,51.718559,50.000000,690.039001,79.998901,-149.800003
190,15,457.920013,-365.494965,27.610067,79.998901,50.000000,690.039001,79.998901,-149.800003
190,16,186.289993,-469.081512,727.188171,79.998901,50.000000,690.039001,79.998901,-149.800003
191,1,439.350006,-457.434662,144.548035,-70.267654,50.000000,690.039001,79.998901,-149.800003
191,2,302.880005,-492.660889,374.202850,79.998901,50.000000,690.039001,79.998901,-149.800003
191,3,171.360001,-427.096619,562.862976,21.390327,50.000000,690.039001,79.998901,-149.800003
191,4,229.839996,-519.147156,775.229065,79.998901,50.000000,690.039001,79.998901,-149.800003
191,5,411.630005,-515.592224,274.078552,-93.963455,50.000000,690.039001,79.998901,-149.800003
191,6,208.899994,-432.246979,496.142548,-8.286053,50.000000,690.039001,79.998901,-149.800003
191,7,440.500000,341.856018,109.060364,-70.660973,50.000000,690.039001,79.998901,-149.800003
191,8,452.970001,-316.892395,1240.903564,-74.925964,50.000000,690.039001,79.998901,-149.800003
191,9,732.179993,1093.130371,440.210052,79.998901,50.000000,690.039001,79.998901,-149.800003
191,10,247.990005,581.141052,906.607300,79.998901,50.000000,690.039001,79.998901,-149.800003
191,11,244.100006,512.386414,1017.006287,79.998901,50.000000,690.039001,79.998901,-149.800003
191,12,782.020020,392.569672,1719.794922,79.998901,50.000000,690.039001,79.998901,-149.800003
191,13,361.209991,-420.864197,188.441269,17.275444,50.000000,690.039001,79.998901,-149.800003
191,14,162.860001,-426.466797,562.976257,51.718559,50.000000,690.039001,79.998901,-149.800003
191,15,457.920013,-365.494965,27.610067,79.998901,50.000000,690.039001,79.998901,-149.800003
191,16,186.289993,-469.081512,727.188171,79.998901,50.000000,690.039001,79.998901,-149.800003
192,1,439.350006,-457.434662,144.548035,-70.267654,50.000000,690.039001,79.998901,-149.800003
192,2,302.880005,-492.660889,374.202850,79.998901,50.000000,690.039001,79.998901,-149.800003
192,3,171.360001,-427.096619,562.862976,21.390327,50.000000,690.039001,79.998901,-149.800003
192,4,229.839996,-519.147156,775.229065,79.998901,50.000000,690.039001,79.998901,-149.800003
192,5,411.630005,-515.592224,274.078552,-93.963455,50.000000,690.039001,79.998901,-149.800003
192,6,208.899994,-432.246979,496.142548,-8.286053,50.000000,690.039001,79.998901,-149.800003
192,7,440.500000,341.856018,109.060364,-70.660973,50.000000,690.039001,79.998901,-149.800003
192,8,452.970001,-316.892395,1240.903564,-74.925964,50.000000,690.039001,79.998901,-149.800003
192,9,732.179993,1093.130371,440.210052,79.998901,50.000000,690.039001,79.998901,-149.800003
192,10,247.990005,581.141052,906.607300,79.998901,50.000000,690.039001,79.998901,-149.800003
192,11,244.100006,512.386414,1017.006287,79.998901,50.000000,690.039001,79.998901,-149.800003
192,12,782.020020,392.569672,1719.794922,79.998901,50.000000,690.039001,79.998901,-149.800003
192,13,361.209991,-420.864197,188.441269,17.275444,50.000000,690.039001,79.998901,-149.800003
192,14,162.860001,-426.466797,562.976257,51.718559,50.000000,690.039001,79.998901,-149.800003
192,15,457.920013,-365.494965,27.610067,79.998901,50.000000,690.039001,79.998901,-149.800003
192,16,186.289993,-469.081512,727.188171,79.998901,50.000000,690.039001,79.998901,-149.800003
193,1,439.350006,-457.434662,144.548035,-70.267654,50.000000,690.039001,79.998901,-149.800003
193,2,302.880005,-492.660889,374.202850,79.998901,50.000000,690.039001,79.998901,-149.800003
193,3,171.360001,-427.096619,562.862976,21.390327,50.000000,690.039001,79.998901,-149.800003
193,4,229.839996,-519.147156,775.229065,79.998901,50.000000,690.039001,79.998901,-149.800003
193,5,411.630005,-515.592224,274.078552,-93.963455,50.000000,690.039001,79.998901,-149.800003
193,6,208.899994,-432.246979,496.142548,-8.286053,50.000000,690.039001,79.998901,-149.800003
193,7,440.500000,341.856018,109.060364,-70.660973,50.000000,690.039001,79.998901,-149.800003
193,8,452.970001,-316.892395,1240.903564,-74.925964,50.000000,690.039001,79.998901,-149.800003
193,9,732.179993,1093.130371,440.210052,79.998901,50.000000,690.039001,79.998901,-149.800003
193,10,247.990005,581.141052,906.607300,79.998901,50.000000,690.039001,79.998901,-149.800003
193,11,244.100006,512.386414,1017.006287,79.998901,50.000000,690.039001,79.998901,-149.800003
193,12,782.020020,392.569672,1719.794922,79.998901,50.000000,690.039001,79.998901,-149.800003
193,13,361.209991,-420.864197,188.441269,17.275444,50.000000,690.039001,79.998901,-149.800003
193,14,162.860001,-426.466797,562.976257,51.718559,50.000000,690.039001,79.998901,-149.800003
193,15,457.920013,-365.494965,27.610067,79.998901,50.000000,690.039001,79.998901,-149.800003
193,16,186.289993,-469.081512,727.188171,79.998901,50.000000,690.039001,79.998901,-149.800003
194,1,439.350006,-457.434662,144.548035,-70.267654,50.000000,690.039001,79.998901,-149.800003
194,2,302.880005,-492.660889,374.202850,79.998901,50.000000,690.039001,79.998901,-149.800003
194,3,171.360001,-427.096619,562.862976,21.390327,50.000000,690.039001,79.998901,-149.800003
194,4,229.839996,-519.147156,775.229065,79.998901,50.000000,690.039001,79.998901,-149.800003
194,5,411.630005,-515.592224,274.078552,-93.963455,50.000000,690.039001,79.998901,-149.800003
194,6,208.899994,-432.246979,496.142548,-8.286053,50.000000,690.039001,79.998901,-149.800003
194,7,440.500000,341.856018,109.060364,-70.660973,50.000000,690.039001,79.998901,-149.800003
194,8,452.970001,-316.892395,1240.903564,-74.925964,50.000000,690.039001,79.998901,-149.800003
194,9,732.179993,1093.130371,440.210052,79.998901,50.000000,690.039001,79.998901,-149.800003
194,10,247.990005,581.141052,906.607300,79.998901,50.000000,690.039001,79.998901,-149.800003
194,11,244.100006,512.386414,1017.006287,79.998901,50.000000,690.039001,79.998901,-149.800003
194,12,782.020020,392.569672,1719.794922,79.998901,50.000000,690.039001,79.998901,-149.800003
194,13,361.209991,-420.864197,188.441269,17.275444,50.000000,690.039001,79.998901,-149.800003
194,14,162.860001,-426.466797,562.976257,51.718559,50.000000,690.039001,79.998901,-149.800003
194,15,457.920013,-365.494965,27.610067,79.998901,50.000000,690.039001,79.998901,-149.800003
194,16,186.289993,-469.081512,727.188171,79.998901,50.000000,690.039001,79.998901,-149.800003
195,1,439.350006,-457.434662,144.548035,-70.267654,50.000000,690.039001,79.998901,-149.800003
195,2,302.880005,-492.660889,374.202850,79.998901,50.000000,690.039001,79.998901,-149.800003
195,3,171.360001,-427.096619,562.862976,21.390327,50.000000,690.039001,79.998901,-149.800003
195,4,229.839996,-519.147156,775.229065,79.998901,50.000000,690.039001,79.998901,-149.800003
195,5,411.630005,-515.592224,274.078552,-93.963455,50.000000,690.039001,79.998901,-149.800003
195,6,208.899994,-432.246979,496.142548,-8.286053,50.000000,690.039001,79.998901,-149.800003
195,7,440.500000,341.856018,109.060364,-70.660973,50.000000,690.039001,79.998901,-149.800003
195,8,452.970001,-316.892395,1240.903564,-74.925964,50.000000,690.039001,79.998901,-149.800003
195,9,732.179993,1093.130371,440.210052,79.998901,50.000000,690.039001,79.998901,-149.800003
195,10,247.990005,581.141052,906.607300,79.998901,50.000000,690.039001,79.998901,-149.800003
195,11,244.100006,512.386414,1017.006287,79.998901,50.000000,690.039001,79.998901,-149.800003
195,12,782.020020,392.569672,1719.794922,79.998901,50.000000,690.039001,79.998901,-149.800003
195,13,361.209991,-420.864197,188.441269,17.275444,50.000000,690.039001,79.998901,-149.800003
195,14,162.860001,-426.466797,562.976257,51.718559,50.000000,690.039001,79.998901,-149.800003
195,15,457.920013,-365.494965,27.610067,79.998901,50.000000,690.039001,79.998901,-149.800003
195,16,186.289993,-469.081512,727.188171,79.998901,50.000000,690.039001,79.998901,-149.800003
196,1,439.350006,-457.434662,144.548035,-70.267654,50.000000,690.039001,79.998901,-149.800003
196,2,302.880005,-492.660889,374.202850,79.998901,50.000000,690.039001,79.998901,-149.800003
196,3,171.360001,-427.096619,562.862976,21.390327,50.000000,690.039001,79.998901,-149.800003
196,4,229.839996,-519.147156,775.229065,79.998901,50.000000,690.039001,79.998901,-149.800003
196,5,411.630005,-515.592224,274.078552,-93.963455,50.000000,690.039001,79.998901,-149.800003
196,6,208.899994,-432.246979,496.142548,-8.286053,50.000000,690.039001,79.998901,-149.800003
196,7,440.500000,341.856018,109.060364,-70.660973,50.000000,690.039001,79.998901,-149.800003
196,8,452.970001,-316.892395,1240.903564,-74.925964,50.000000,690.039001,79.998901,-149.800003
196,9,732.179993,1093.130371,440.210052,79.998901,50.000000,690.039001,79.998901,-149.800003
196,10,247.990005,581.141052,906.607300,79.998901,50.000000,690.039001,79.998901,-149.800003
196,11,244.100006,512.386414,1017.006287,79.998901,50.000000,690.039001,79.998901,-149.800003
196,12,782.020020,392.569672,1719.794922,79.998901,50.000000,690.039001,79.998901,-149.800003
196,13,361.209991,-420.864197,188.441269,17.275444,50.000000,690.039001,79.998901,-149.800003
196,14,162.860001,-426.466797,562.976257,51.718559,50.000000,690.039001,79.998901,-149.800003
196,15,457.920013,-365.494965,27.610067,79.998901,50.000000,690.039001,79.998901,-149.800003
196,16,186.289993,-469.081512,727.188171,79.998901,50.000000,690.039001,79.998901,-149.800003
197,1,439.279999,-457.392548,144.598587,-70.243706,50.000000,690.039001,79.998901,-149.800003
197,2,302.000000,-491.900330,374.645508,79.998901,50.000000,690.039001,79.998901,-149.800003
197,3,171.729996,-427.438812,562.801392,21.263783,50.000000,690.039001,79.998901,-149.800003
197,4,229.520004,-518.827209,775.230225,79.998901,50.000000,690.039001,79.998901,-149.800003
197,5,404.640015,-510.116943,277.265228,-91.009361,50.000000,690.039001,79.998901,-149.800003
197,6,208.570007,-431.988495,496.292999,-8.146594,50.000000,690.039001,79.998901,-149.800003
197,7,441.880005,342.508331,107.939590,-71.132965,50.000000,690.039001,79.998901,-149.800003
197,8,455.190002,-317.941742,1242.706543,-75.685249,50.000000,690.039001,79.998901,-149.800003
197,9,725.039978,1086.094604,441.425354,79.998901,50.000000,690.039001,79.998901,-149.800003
197,10,267.250000,597.786987,916.295471,79.998901,50.000000,690.039001,79.998901,-149.800003
197,11,263.350006,529.023743,1026.689453,79.998901,50.000000,690.039001,79.998901,-149.800003
197,12,810.929993,402.362579,1746.995728,79.998901,50.000000,690.039001,79.998901,-149.800003
197,13,362.339996,-421.576538,187.586304,17.079220,50.000000,690.039001,79.998901,-149.800003
197,14,163.410004,-426.999878,562.880371,51.623051,50.000000,690.039001,79.998901,-149.800003
197,15,460.540009,-367.341095,25.750996,79.998901,50.000000,690.039001,79.998901,-149.800003
197,16,186.000000,-468.801666,727.264160,79.998901,50.000000,690.039001,79.998901,-149.800003
198,1,439.279999,-457.392548,144.598587,-70.243706,50.000000,690.039001,79.998901,-149.800003
198,2,302.000000,-491.900330,374.645508,79.998901,50.000000,690.039001,79.998901,-149.800003
198,3,171.729996,-427.438812,562.801392,21.263783,50.000000,690.039001,79.998901,-149.800003
198,4,229.520004,-518.827209,775.230225,79.998901,50.000000,690.039001,79.998901,-149.800003
198,5,404.640015,-510.116943,277.265228,-91.009361,50.000000,690.039001,79.998901,-149.800003
198,6,208.570007,-431.988495,496.292999,-8.146594,50.000000,690.039001,79.998901,-149.800003
198,7,441.880005,342.508331,107.939590,-71.132965,50.000000,690.039001,79.998901,-149.800003
198,8,455.190002,-317.941742,1242.706543,-75.685249,50.000000,690.039001,79.998901,-149.800003
198,9,725.039978,1086.094604,441.425354,79.998901,50.000000,690.039001,79.998901,-149.800003
198,10,267.250000,597.786987,916.295471,79.998901,50.000000,690.039001,79.998901,-149.800003
198,11,263.350006,529.023743,1026.689453,79.998901,50.000000,690.039001,79.998901,-149.800003
198,12,810.929993,402.362579,1746.995728,79.998901,50.000000,690.039001,79.998901,-149.800003
198,13,362.339996,-421.576538,187.586304,17.079220,50.000000,690.039001,79.998901,-149.800003
198,14,163.410004,-426.999878,562.880371,51.623051,50.000000,690.039001,79.998901,-149.800003
198,15,460.540009,-367.341095,25.750996,79.998901,50.000000,690.039001,79.998901,-149.800003
198,16,186.000000,-468.801666,727.264160,79.998901,50.000000,690.039001,79.998901,-149.800003
199,1,439.279999,-457.392548,144.598587,-70.243706,50.000000,690.039001,79.998901,-149.800003
199,2,302.000000,-491.900330,374.645508,79.998901,50.000000,690.039001,79.998901,-149.800003
199,3,171.729996,-427.438812,562.801392,21.263783,50.000000,690.039001,79.998901,-149.800003
199,4,229.520004,-518.827209,775.230225,79.998901,50.000000,690.039001,79.998901,-149.800003
199,5,404.640015,-510.116943,277.265228,-91.009361,50.000000,690.039001,79.998901,-149.800003
199,6,208.570007,-431.988495,496.292999,-8.146594,50.000000,690.039001,79.998901,-149.800003
199,7,441.880005,342.508331,107.939590,-71.132965,50.000000,690.039001,79.998901,-149.800003
199,8,455.190002,-317.941742,1242.706543,-75.685249,50.000000,690.039001,79.998901,-149.800003
199,9,725.039978,1086.094604,441.425354,79.998901,50.000000,690.039001,79.998901,-149.800003
199,10,267.250000,597.786987,916.295471,79.998901,50.000000,690.039001,79.998901,-149.800003
199,11,263.350006,529.023743,1026.689453,79.998901,50.000000,690.039001,79.998901,-149.800003
199,12,810.929993,402.362579,1746.995728,79.998901,50.000000,690.039001,79.998901,-149.800003
199,13,362.339996,-421.576538,187.586304,17.079220,50.000000,690.039001,79.998901,-149.800003
199,14,163.410004,-426.999878,562.880371,51.623051,50.000000,690.039001,79.998901,-149.800003
199,15,460.540009,-367.341095,25.750996,79.998901,50.000000,690.039001,79.998901,-149.800003
199,16,186.000000,-468.801666,727.264160,79.998901,50.000000,690.039001,79.998901,-149.800003
200,1,439.279999,-457.392548,144.598587,-70.243706,50.000000,690.039001,79.998901,-149.800003
200,2,302.000000,-491.900330,374.645508,79.998901,50.000000,690.039001,79.998901,-149.800003
200,3,171.729996,-427.438812,562.801392,21.263783,50.000000,690.039001,79.998901,-149.800003
200,4,229.520004,-518.827209,775.230225,79.998901,50.000000,690.039001,79.998901,-149.800003
200,5,404.640015,-510.116943,277.265228,-91.009361,50.000000,690.039001,79.998901,-149.800003
200,6,208.570007,-431.988495,496.292999,-8.146594,50.000000,690.039001,79.998901,-149.800003
200,7,441.880005,342.508331,107.939590,-71.132965,50.000000,690.039001,79.998901,-149.800003
200,8,455.190002,-317.941742,1242.706543,-75.685249,50.000000,690.039001,79.998901,-149.800003
200,9,725.039978,1086.094604,441.425354,79.998901,50.000000,690.039001,79.998901,-149.800003
200,10,267.250000,597.786987,916.295471,79.998901,50.000000,690.039001,79.998901,-149.800003
200,11,263.350006,529.023743,1026.689453,79.998901,50.000000,690.039001,79.998901,-149.800003
200,12,810.929993,402.362579,1746.995728,79.998901,50.000000,690.039001,79.998901,-149.800003
200,13,362.339996,-421.576538,187.586304,17.079220,50.000000,690.039001,79.998901,-149.800003
200,14,163.410004,-426.999878,562.880371,51.623051,50.000000,690.039001,79.998901,-149.800003
200,15,460.540009,-367.341095,25.750996,79.998901,50.000000,690.039001,79.998901,-149.800003
200,16,186.000000,-468.801666,727.264160,79.998901,50.000000,690.039001,79.998901,-149.800003
201,1,439.279999,-457.392548,144.598587,-70.243706,50.000000,690.039001,79.998901,-149.800003
201,2,302.000000,-491.900330,374.645508,79.998901,50.000000,690.039001,79.998901,-149.800003
201,3,171.729996,-427.438812,562.801392,21.263783,50.000000,690.039001,79.998901,-149.800003
201,4,229.520004,-518.827209,775.230225,79.998901,50.000000,690.039001,79.998901,-149.800003
201,5,404.640015,-510.116943,277.265228,-91.009361,50.000000,690.039001,79.998901,-149.800003
201,6,208.570007,-431.988495,496.292999,-8.146594,50.000000,690.039001,79.998901,-149.800003
201,7,441.880005,342.508331,107.939590,-71.132965,50.000000,690.039001,79.998901,-149.800003
201,8,455.190002,-317.941742,1242.706543,-75.685249,50.000000,690.039001,79.998901,-149.800003
201,9,725.039978,1086.094604,441.425354,79.998901,50.000000,690.039001,79.998901,-149.800003
201,10,267.250000,597.786987,916.295471,79.998901,50.000000,690.039001,79.998901,-149.800003
201,11,263.350006,529.023743,1026.689453,79.998901,50.000000,690.039001,79.998901,-149.800003
201,12,810.929993,402.362579,1746.995728,79.998901,50.000000,690.039001,79.998901,-149.800003
201,13,362.339996,-421.576538,187.586304,17.079220,50.000000,690.039001,79.998901,-149.800003
201,14,163.410004,-426.999878,562.880371,51.623051,50.000000,690.039001,79.998901,-149.800003
201,15,460.540009,-367.341095,25.750996,79.998901,50.000000,690.039001,79.998901,-149.800003
201,16,186.000000,-468.801666,727.264160,79.998901,50.000000,690.039001,79.998901,-149.800003
202,1,439.279999,-457.392548,144.598587,-70.243706,50.000000,690.039001,79.998901,-149.800003
202,2,302.000000,-491.900330,374.645508,79.998901,50.000000,690.039001,79.998901,-149.800003
202,3,171.729996,-427.438812,562.801392,21.263783,50.000000,690.039001,79.998901,-149.800003
202,4,229.520004,-518.827209,775.230225,79.998901,50.000000,690.039001,79.998901,-149.800003
202,5,404.640015,-510.116943,277.265228,-91.009361,50.000000,690.039001,79.998901,-149.800003
202,6,208.570007,-431.988495,496.292999,-8.146594,50.000000,690.039001,79.998901,-149.800003
202,7,441.880005,342.508331,107.939590,-71.132965,50.000000,690.039001,79.998901,-149.800003
202,8,455.190002,-317.941742,1242.706543,-75.685249,50.000000,690.039001,79.998901,-149.800003
202,9,725.039978,1086.094604,441.425354,79.998901,50.000000,690.039001,79.998901,-149.800003
202,10,267.250000,597.786987,916.295471,79.998901,50.000000,690.039001,79.998901,-149.800003
202,11,263.350006,529.023743,1026.689453,79.998901,50.000000,690.039001,79.998901,-149.800003
202,12,810.929993,402.362579,1746.995728,79.998901,50.000000,690.039001,79.998901,-149.800003
202,13,362.339996,-421.576538,187.586304,17.079220,50.000000,690.039001,79.998901,-149.800003
202,14,163.410004,-426.999878,562.880371,51.623051,50.000000,690.039001,79.998901,-149.800003
202,15,460.540009,-367.341095,25.750996,79.998901,50.000000,690.039001,79.998901,-149.800003
202,16,186.000000,-468.801666,727.264160,79.998901,50.000000,690.039001,79.998901,-149.800003
203,1,439.279999,-457.392548,144.598587,-70.243706,50.000000,690.039001,79.998901,-149.800003
203,2,302.000000,-491.900330,374.645508,79.998901,50.000000,690.039001,79.998901,-149.800003
203,3,171.729996,-427.438812,562.801392,21.263783,50.000000,690.039001,79.998901,-149.800003
203,4,229.520004,-518.827209,775.230225,79.998901,50.000000,690.039001,79.998901,-149.800003
203,5,404.640015,-510.116943,277.265228,-91.009361,50.000000,690.039001,79.998901,-149.800003
203,6,208.570007,-431.988495,496.292999,-8.146594,50.000000,690.039001,79.998901,-149.800003
203,7,441.880005,342.508331,107.939590,-71.132965,50.000000,690.039001,79.998901,-149.800003
203,8,455.190002,-317.941742,1242.706543,-75.685249,50.000000,690.039001,79.998901,-149.800003
203,9,725.039978,1086.094604,441.425354,79.998901,50.000000,690.039001,79.998901,-149.800003
203,10,267.250000,597.786987,916.295471,79.998901,50.000000,690.039001,79.998901,-149.800003
203,11,263.350006,529.023743,1026.689453,79.998901,50.000000,690.039001,79.998901,-149.800003
203,12,810.929993,402.362579,1746.995728,79.998901,50.000000,690.039001,79.998901,-149.800003
203,13,362.339996,-421.576538,187.586304,17.079220,50.000000,690.039001,79.998901,-149.800003
203,14,163.410004,-426.999878,562.880371,51.623051,50.000000,690.039001,79.998901,-149.800003
203,15,460.540009,-367.341095,25.750996,79.998901,50.000000,690.039001,79.998901,-149.800003
203,16,186.000000,-468.801666,727.264160,79.998901,50.000000,690.039001,79.998901,-149.800003
204,1,439.279999,-457.392548,144.598587,-70.243706,50.000000,690.039001,79.998901,-149.800003
204,2,302.000000,-491.900330,374.645508,79.998901,50.000000,690.039001,79.998901,-149.800003
204,3,171.729996,-427.438812,562.801392,21.263783,50.000000,690.039001,79.998901,-149.800003
204,4,229.520004,-518.827209,775.230225,79.998901,50.000000,690.039001,79.998901,-149.800003
204,5,404.640015,-510.116943,277.265228,-91.009361,50.000000,690.039001,79.998901,-149.800003
204,6,208.570007,-431.988495,496.292999,-8.146594,50.000000,690.039001,79.998901,-149.800003
204,7,441.880005,342.508331,107.939590,-71.132965,50.000000,690.039001,79.998901,-149.800003
204,8,455.190002,-317.941742,1242.706543,-75.685249,50.000000,690.039001,79.998901,-149.800003
204,9,725.039978,1086.094604,441.425354,79.998901,50.000000,690.039001,79.998901,-149.800003
204,10,267.250000,597.786987,916.295471,79.998901,50.000000,690.039001,79.998901,-149.800003
204,11,263.350006,529.023743,1026.689453,79.998901,50.000000,690.039001,79.998901,-149.800003
204,12,810.929993,402.362579,1746.995728,79.998901,50.000000,690.039001,79.998901,-149.800003
204,13,362.339996,-421.576538,187.586304,17.079220,50.000000,690.039001,79.998901,-149.800003
204,14,163.410004,-426.999878,562.880371,51.623051,50.000000,690.039001,79.998901,-149.800003
204,15,460.540009,-367.341095,25.750996,79.998901,50.000000,690.039001,79.998901,-149.800003
204,16,186.000000,-468.801666,727.264160,79.998901,50.000000,690.039001,79.998901,-149.800003
205,1,439.279999,-457.392548,144.598587,-70.243706,50.000000,690.039001,79.998901,-149.800003
205,2,302.000000,-491.900330,374.645508,79.998901,50.000000,690.039001,79.998901,-149.800003
205,3,171.729996,-427.438812,562.801392,21.263783,50.000000,690.039001,79.998901,-149.800003
205,4,229.520004,-518.827209,775.230225,79.998901,50.000000,690.039001,79.998901,-149.800003
205,5,404.640015,-510.116943,277.265228,-91.009361,50.000000,690.039001,79.998901,-149.800003
205,6,208.570007,-431.988495,496.292999,-8.146594,50.000000,690.039001,79.998901,-149.800003
205,7,441.880005,342.508331,107.939590,-71.132965,50.000000,690.039001,79.998901,-149.800003
205,8,455.190002,-317.941742,1242.706543,-75.685249,50.000000,690.039001,79.998901,-149.800003
205,9,725.039978,1086.094604,441.425354,79.998901,50.000000,690.039001,79.998901,-149.800003
205,10,267.250000,597.786987,916.295471,79.998901,50.000000,690.039001,79.998901,-149.800003
205,11,263.350006,529.023743,1026.689453,79.998901,50.000000,690.039001,79.998901,-149.800003
205,12,810.929993,402.362579,1746.995728,79.998901,50.000000,690.039001,79.998901,-149.800003
205,13,362.339996,-421.576538,187.586304,17.079220,50.000000,690.039001,79.998901,-149.800003
205,14,163.410004,-426.999878,562.880371,51.623051,50.000000,690.039001,79.998901,-149.800003
205,15,460.540009,-367.341095,25.750996,79.998901,50.000000,690.039001,79.998901,-149.800003
205,16,186.000000,-468.801666,727.264160,79.998901,50.000000,690.039001,79.998901,-149.800003
206,1,439.279999,-457.392548,144.598587,-70.243706,50.000000,690.039001,79.998901,-149.800003
206,2,302.000000,-491.900330,374.645508,79.998901,50.000000,690.039001,79.998901,-149.800003
206,3,171.729996,-427.438812,562.801392,21.263783,50.000000,690.039001,79.998901,-149.800003
206,4,229.520004,-518.827209,775.230225,79.998901,50.000000,690.039001,79.998901,-149.800003
206,5,404.640015,-510.116943,277.265228,-91.009361,50.000000,690.039001,79.998901,-149.800003
206,6,208.570007,-431.988495,496.292999,-8.146594,50.000000,690.039001,79.998901,-149.800003
206,7,441.880005,342.508331,107.939590,-71.132965,50.000000,690.039001,79.998901,-149.800003
206,8,455.190002,-317.941742,1242.706543,-75.685249,50.000000,690.039001,79.998901,-149.800003
206,9,725.039978,1086.094604,441.425354,79.998901,50.000000,690.039001,79.998901,-149.800003
206,10,267.250000,597.786987,916.295471,79.998901,50.000000,690.039001,79.998901,-149.800003
206,11,263.350006,529.023743,1026.689453,79.998901,50.000000,690.039001,79.998901,-149.800003
206,12,810.929993,402.362579,1746.995728,79.998901,50.000000,690.039001,79.998901,-149.800003
206,13,362.339996,-421.576538,187.586304,17.079220,50.000000,690.039001,79.998901,-149.800003
206,14,163.410004,-426.999878,562.880371,51.623051,50.000000,690.039001,79.998901,-149.800003
206,15,460.540009,-367.341095,25.750996,79.998901,50.000000,690.039001,79.998901,-149.800003
206,16,186.000000,-468.801666,727.264160,79.998901,50.000000,690.039001,79.998901,-149.800003
207,1,439.279999,-457.392548,144.598587,-70.243706,50.000000,690.039001,79.998901,-149.800003
207,2,302.000000,-491.900330,374.645508,79.998901,50.000000,690.039001,79.998901,-149.800003
207,3,171.729996,-427.438812,562.801392,21.263783,50.000000,690.039001,79.998901,-149.800003
207,4,229.520004,-518.827209,775.230225,79.998901,50.000000,690.039001,79.998901,-149.800003
207,5,404.640015,-510.116943,277.265228,-91.009361,50.000000,690.039001,79.998901,-149.800003
207,6,208.570007,-431.988495,496.292999,-8.146594,50.000000,690.039001,79.998901,-149.800003
207,7,441.880005,342.508331,107.939590,-71.132965,50.000000,690.039001,79.998901,-149.800003
207,8,455.190002,-317.941742,1242.706543,-75.685249,50.000000,690.039001,79.998901,-149.800003
207,9,725.039978,1086.094604,441.425354,79.998901,50.000000,690.039001,79.998901,-149.800003
207,10,267.250000,597.786987,916.295471,79.998901,50.000000,690.039001,79.998901,-149.800003
207,11,263.350006,529.023743,1026.689453,79.998901,50.000000,690.039001,79.998901,-149.800003
207,12,810.929993,402.362579,1746.995728,79.998901,50.000000,690.039001,79.998901,-149.800003
207,13,362.339996,-421.576538,187.586304,17.079220,50.000000,690.039001,79.998901,-149.800003
207,14,163.410004,-426.999878,562.880371,51.623051,50.000000,690.039001,79.998901,-149.800003
207,15,460.540009,-367.341095,25.750996,79.998901,50.000000,690.039001,79.998901,-149.800003
207,16,186.000000,-468.801666,727.264160,79.998901,50.000000,690.039001,79.998901,-149.800003
208,1,439.279999,-457.392548,144.598587,-70.243706,50.000000,690.039001,79.998901,-149.800003
208,2,302.000000,-491.900330,374.645508,79.998901,50.000000,690.039001,79.998901,-149.800003
208,3,171.729996,-427.438812,562.801392,21.263783,50.000000,690.039001,79.998901,-149.800003
208,4,229.520004,-518.827209,775.230225,79.998901,50.000000,690.039001,79.998901,-149.800003
208,5,404.640015,-510.116943,277.265228,-91.009361,50.000000,690.039001,79.998901,-149.800003
208,6,208.570007,-431.988495,496.292999,-8.146594,50.000000,690.039001,79.998901,-149.800003
208,7,441.880005,342.508331,107.939590,-71.132965,50.000000,690.039001,79.998901,-149.800003
208,8,455.190002,-317.941742,1242.706543,-75.685249,50.000000,690.039001,79.998901,-149.800003
208,9,725.039978,1086.094604,441.425354,79.998901,50.000000,690.039001,79.998901,-149.800003
208,10,267.250000,597.786987,916.295471,79.998901,50.000000,690.039001,79.998901,-149.800003
208,11,263.350006,529.023743,1026.689453,79.998901,50.000000,690.039001,79.998901,-149.800003
208,12,810.929993,402.362579,1746.995728,79.998901,50.000000,690.039001,79.998901,-149.800003
208,13,362.339996,-421.576538,187.586304,17.079220,50.000000,690.039001,79.998901,-149.800003
208,14,163.410004,-426.999878,562.880371,51.623051,50.000000,690.039001,79.998901,-149.800003
208,15,460.540009,-367.341095,25.750996,79.998901,50.000000,690.039001,79.998901,-149.800003
208,16,186.000000,-468.801666,727.264160,79.998901,50.000000,690.039001,79.998901,-149.800003
209,1,439.230011,-457.362488,144.634674,-70.226608,50.000000,690.039001,79.998901,-149.800003
209,2,302.440002,-492.280609,374.424194,79.998901,50.000000,690.039001,79.998901,-149.800003
209,3,171.570007,-427.290863,562.828003,21.318502,50.000000,690.039001,79.998901,-149.800003
209,4,229.630005,-518.937195,775.229797,79.998901,50.000000,690.039001,79.998901,-149.800003
209,5,408.519989,-513.156128,275.496399,-92.649109,50.000000,690.039001,79.998901,-149.800003
209,6,208.699997,-432.090302,496.233734,-8.201530,50.000000,690.039001,79.998901,-149.800003
209,7,440.720001,341.960022,108.881691,-70.736221,50.000000,690.039001,79.998901,-149.800003
209,8,453.549988,-317.166534,1241.374634,-75.124329,50.000000,690.039001,79.998901,-149.800003
209,9,728.539978,1089.543457,440.829620,79.998901,50.000000,690.039001,79.998901,-149.800003
209,10,255.169998,587.346558,910.218994,79.998901,50.000000,690.039001,79.998901,-149.800003
209,11,251.279999,518.591919,1020.617920,79.998901,50.000000,690.039001,79.998901,-149.800003
209,12,792.929993,396.265320,1730.059937,79.998901,50.000000,690.039001,79.998901,-149.800003
209,13,361.649994,-421.141571,188.108368,17.199038,50.000000,690.039001,79.998901,-149.800003
209,14,163.139999,-426.738190,562.927429,51.669937,50.000000,690.039001,79.998901,-149.800003
209,15,459.000000,-366.255951,26.843740,79.998901,50.000000,690.039001,79.998901,-149.800003
209,16,186.110001,-468.907806,727.235352,79.998901,50.000000,690.039001,79.998901,-149.800003
210,1,439.230011,-457.362488,144.634674,-70.226608,50.000000,690.039001,79.998901,-149.800003
210,2,302.440002,-492.280609,374.424194,79.998901,50.000000,690.039001,79.998901,-149.800003
210,3,171.570007,-427.290863,562.828003,21.318502,50.000000,690.039001,79.998901,-149.800003
210,4,229.630005,-518.937195,775.229797,79.998901,50.000000,690.039001,79.998901,-149.800003
210,5,408.519989,-513.156128,275.496399,-92.649109,50.000000,690.039001,79.998901,-149.800003
210,6,208.699997,-432.090302,496.233734,-8.201530,50.000000,690.039001,79.998901,-149.800003
210,7,440.720001,341.960022,108.881691,-70.736221,50.000000,690.039001,79.998901,-149.800003
210,8,453.549988,-317.166534,1241.374634,-75.124329,50.000000,690.039001,79.998901,-149.800003
210,9,728.539978,1089.543457,440.829620,79.998901,50.000000,690.039001,79.998901,-149.800003
210,10,255.169998,587.346558,910.218994,79.998901,50.000000,690.039001,79.998901,-149.800003
210,11,251.279999,518.591919,1020.617920,79.998901,50.000000,690.039001,79.998901,-149.800003
210,12,792.929993,396.265320,1730.059937,79.998901,50.000000,690.039001,79.998901,-149.800003
210,13,361.649994,-421.141571,188.108368,17.199038,50.000000,690.039001,79.998901,-149.800003
210,14,163.139999,-426.738190,562.927429,51.669937,50.000000,690.039001,79.998901,-149.800003
210,15,459.000000,-366.255951,26.843740,79.998901,50.000000,690.039001,79.998901,-149.800003
210,16,186.110001,-468.907806,727.235352,79.998901,50.000000,690.039001,79.998901,-149.800003
211,1,439.230011,-457.362488,144.634674,-70.226608,50.000000,690.039001,79.998901,-149.800003
211,2,302.440002,-492.280609,374.424194,79.998901,50.000000,690.039001,79.998901,-149.800003
211,3,171.570007,-427.290863,562.828003,21.318502,50.000000,690.039001,79.998901,-149.800003
211,4,229.630005,-518.937195,775.229797,79.998901,50.000000,690.039001,79.998901,-149.800003
211,5,408.519989,-513.156128,275.496399,-92.649109,50.000000,690.039001,79.998901,-149.800003
211,6,208.699997,-432.090302,496.233734,-8.201530,50.000000,690.039001,79.998901,-149.800003
211,7,440.720001,341.960022,108.881691,-70.736221,50.000000,690.039001,79.998901,-149.800003
211,8,453.549988,-317.166534,1241.374634,-75.124329,50.000000,690.039001,79.998901,-149.800003
211,9,728.539978,1089.543457,440.829620,79.998901,50.000000,690.039001,79.998901,-149.800003
211,10,255.169998,587.346558,910.218994,79.998901,50.000000,690.039001,79.998901,-149.800003
211,11,251.279999,518.591919,1020.617920,79.998901,50.000000,690.039001,79.998901,-149.800003
211,12,792.929993,396.265320,1730.059937,79.998901,50.000000,690.039001,79.998901,-149.800003
211,13,361.649994,-421.141571,188.108368,17.199038,50.000000,690.039001,79.998901,-149.800003
211,14,163.139999,-426.738190,562.927429,51.669937,50.000000,690.039001,79.998901,-149.800003
211,15,459.000000,-366.255951,26.843740,79.998901,50.000000,690.039001,79.998901,-149.800003
211,16,186.110001,-468.907806,727.235352,79.998901,50.000000,690.039001,79.998901,-149.800003
212,1,439.230011,-457.362488,144.634674,-70.226608,50.000000,690.039001,79.998901,-149.800003
212,2,302.440002,-492.280609,374.424194,79.998901,50.000000,690.039001,79.998901,-149.800003
212,3,171.570007,-427.290863,562.828003,21.318502,50.000000,690.039001,79.998901,-149.800003
212,4,229.630005,-518.937195,775.229797,79.998901,50.000000,690.039001,79.998901,-149.800003
212,5,408.519989,-513.156128,275.496399,-92.649109,50.000000,690.039001,79.998901,-149.800003
212,6,208.699997,-432.090302,496.233734,-8.201530,50.000000,690.039001,79.998901,-149.800003
212,7,440.720001,341.960022,108.881691,-70.736221,50.000000,690.039001,79.998901,-149.800003
212,8,453.549988,-317.166534,1241.374634,-75.124329,50.000000,690.039001,79.998901,-149.800003
212,9,728.539978,1089.543457,440.829620,79.998901,50.000000,690.039001,79.998901,-149.800003
212,10,255.169998,587.346558,910.218994,79.998901,50.000000,690.039001,79.998901,-149.800003
212,11,251.279999,518.591919,1020.617920,79.998901,50.000000,690.039001,79.998901,-149.800003
212,12,792.929993,396.265320,1730.059937,79.998901,50.000000,690.039001,79.998901,-149.800003
212,13,361.649994,-421.141571,188.108368,17.199038,50.000000,690.039001,79.998901,-149.800003
212,14,163.139999,-426.738190,562.927429,51.669937,50.000000,690.039001,79.998901,-149.800003
212,15,459.000000,-366.255951,26.843740,79.998901,50.000000,690.039001,79.998901,-149.800003
212,16,186.110001,-468.907806,727.235352,79.998901,50.000000,690.039001,79.998901,-149.800003
213,1,439.230011,-457.362488,144.634674,-70.226608,50.000000,690.039001,79.998901,-149.800003
213,2,302.440002,-492.280609,374.424194,79.998901,50.000000,690.039001,79.998901,-149.800003
213,3,171.570007,-427.290863,562.828003,21.318502,50.000000,690.039001,79.998901,-149.800003
213,4,229.630005,-518.937195,775.229797,79.998901,50.000000,690.039001,79.998901,-149.800003
213,5,408.519989,-513.156128,275.496399,-92.649109,50.000000,690.039001,79.998901,-149.800003
213,6,208.699997,-432.090302,496.233734,-8.201530,50.000000,690.039001,79.998901,-149.800003
213,7,440.720001,341.960022,108.881691,-70.736221,50.000000,690.039001,79.998901,-149.800003
213,8,453.549988,-317.166534,1241.374634,-75.124329,50.000000,690.039001,79.998901,-149.800003
213,9,728.539978,1089.543457,440.829620,79.998901,50.000000,690.039001,79.998901,-149.800003
213,10,255.169998,587.346558,910.218994,79.998901,50.000000,690.039001,79.998901,-149.800003
213,11,251.279999,518.591919,1020.617920,79.998901,50.000000,690.039001,79.998901,-149.800003
213,12,792.929993,396.265320,1730.059937,79.998901,50.000000,690.039001,79.998901,-149.800003
213,13,361.649994,-421.141571,188.108368,17.199038,50.000000,690.039001,79.998901,-149.800003
213,14,163.139999,-426.738190,562.927429,51.669937,50.000000,690.039001,79.998901,-149.800003
213,15,459.000000,-366.255951,26.843740,79.998901,50.000000,690.039001,79.998901,-149.800003
213,16,186.110001,-468.907806,727.235352,79.998901,50.000000,690.039001,79.998901,-149.800003
214,1,439.230011,-457.362488,144.634674,-70.226608,50.000000,690.039001,79.998901,-149.800003
214,2,302.440002,-492.280609,374.424194,79.998901,50.000000,690.039001,79.998901,-149.800003
214,3,171.570007,-427.290863,562.828003,21.318502,50.000000,690.039001,79.998901,-149.800003
214,4,229.630005,-518.937195,775.229797,79.998901,50.000000,690.039001,79.998901,-149.800003
214,5,408.519989,-513.156128,275.496399,-92.649109,50.000000,690.039001,79.998901,-149.800003
214,6,208.699997,-432.090302,496.233734,-8.201530,50.000000,690.039001,79.998901,-149.800003
214,7,440.720001,341.960022,108.881691,-70.736221,50.000000,690.039001,79.998901,-149.800003
214,8,453.549988,-317.166534,1241.374634,-75.124329,50.000000,690.039001,79.998901,-149.800003
214,9,728.539978,1089.543457,440.829620,79.998901,50.000000,690.039001,79.998901,-149.800003
214,10,255.169998,587.346558,910.218994,79.998901,50.000000,690.039001,79.998901,-149.800003
214,11,251.279999,518.591919,1020.617920,79.998901,50.000000,690.039001,79.998901,-149.800003
214,12,792.929993,396.265320,1730.059937,79.998901,50.000000,690.039001,79.998901,-149.800003
214,13,361.649994,-421.141571,188.108368,17.199038,50.000000,690.039001,79.998901,-149.800003
214,14,163.139999,-426.738190,562.927429,51.669937,50.000000,690.039001,79.998901,-149.800003
214,15,459.000000,-366.255951,26.843740,79.998901,50.000000,690.039001,79.998901,-149.800003
214,16,186.110001,-468.907806,727.235352,79.998901,50.000000,690.039001,79.998901,-149.800003
215,1,439.230011,-457.362488,144.634674,-70.226608,50.000000,690.039001,79.998901,-149.800003
215,2,302.440002,-492.280609,374.424194,79.998901,50.000000,690.039001,79.998901,-149.800003
215,3,171.570007,-427.290863,562.828003,21.318502,50.000000,690.039001,79.998901,-149.800003
215,4,229.630005,-518.937195,775.229797,79.998901,50.000000,690.039001,79.998901,-149.800003
215,5,408.519989,-513.156128,275.496399,-92.649109,50.000000,690.039001,79.998901,-149.800003
215,6,208.699997,-432.090302,496.233734,-8.201530,50.000000,690.039001,79.998901,-149.800003
215,7,440.720001,341.960022,108.881691,-70.736221,50.000000,690.039001,79.998901,-149.800003
215,8,453.549988,-317.166534,1241.374634,-75.124329,50.000000,690.039001,79.998901,-149.800003
215,9,728.539978,1089.543457,440.829620,79.998901,50.000000,690.039001,79.998901,-149.800003
215,10,255.169998,587.346558,910.218994,79.998901,50.000000,690.039001,79.998901,-149.800003
215,11,251.279999,518.591919,1020.617920,79.998901,50.000000,690.039001,79.998901,-149.800003
215,12,792.929993,396.265320,1730.059937,79.998901,50.000000,690.039001,79.998901,-149.800003
215,13,361.649994,-421.141571,188.108368,17.199038,50.000000,690.039001,79.998901,-149.800003
215,14,163.139999,-426.738190,562.927429,51.669937,50.000000,690.039001,79.998901,-149.800003
215,15,459.000000,-366.255951,26.843740,79.998901,50.000000,690.039001,79.998901,-149.800003
215,16,186.110001,-468.907806,727.235352,79.998901,50.000000,690.039001,79.998901,-149.800003
216,1,439.230011,-457.362488,144.634674,-70.226608,50.000000,690.039001,79.998901,-149.800003
216,2,302.440002,-492.280609,374.424194,79.998901,50.000000,690.039001,79.998901,-149.800003
216,3,171.570007,-427.290863,562.828003,21.318502,50.000000,690.039001,79.998901,-149.800003
216,4,229.630005,-518.937195,775.229797,79.998901,50.000000,690.039001,79.998901,-149.800003
216,5,408.519989,-513.156128,275.496399,-92.649109,50.000000,690.039001,79.998901,-149.800003
216,6,208.699997,-432.090302,496.233734,-8.201530,50.000000,690.039001,79.998901,-149.800003
216,7,440.720001,341.960022,108.881691,-70.736221,50.000000,690.039001,79.998901,-149.800003
216,8,453.549988,-317.166534,1241.374634,-75.124329,50.000000,690.039001,79.998901,-149.800003
216,9,728.539978,1089.543457,440.829620,79.998901,50.000000,690.039001,79.998901,-149.800003
216,10,255.169998,587.346558,910.218994,79.998901,50.000000,690.039001,79.998901,-149.800003
216,11,251.279999,518.591919,1020.617920,79.998901,50.000000,690.039001,79.998901,-149.800003
216,12,792.929993,396.265320,1730.059937,79.998901,50.000000,690.039001,79.998901,-149.800003
216,13,361.649994,-421.141571,188.108368,17.199038,50.000000,690.039001,79.998901,-149.800003
216,14,163.139999,-426.738190,562.927429,51.669937,50.000000,690.039001,79.998901,-149.800003
216,15,459.000000,-366.255951,26.843740,79.998901,50.000000,690.039001,79.998901,-149.800003
216,16,186.110001,-468.907806,727.235352,79.998901,50.000000,690.039001,79.998901,-149.800003
217,1,439.230011,-457.362488,144.634674,-70.226608,50.000000,690.039001,79.998901,-149.800003
217,2,302.440002,-492.280609,374.424194,79.998901,50.000000,690.039001,79.998901,-149.800003
217,3,171.570007,-427.290863,562.828003,21.318502,50.000000,690.039001,79.998901,-149.800003
217,4,229.630005,-518.937195,775.229797,79.998901,50.000000,690.039001,79.998901,-149.800003
217,5,408.519989,-513.156128,275.496399,-92.649109,50.000000,690.039001,79.998901,-149.800003
217,6,208.699997,-432.090302,496.233734,-8.201530,50.000000,690.039001,79.998901,-149.800003
217,7,440.720001,341.960022,108.881691,-70.736221,50.000000,690.039001,79.998901,-149.800003
217,8,453.549988,-317.166534,1241.374634,-75.124329,50.000000,690.039001,79.998901,-149.800003
217,9,728.539978,1089.543457,440.829620,79.998901,50.000000,690.039001,79.998901,-149.800003
217,10,255.169998,587.346558,910.218994,79.998901,50.000000,690.039001,79.998901,-149.800003
217,11,251.279999,518.591919,1020.617920,79.998901,50.000000,690.039001,79.998901,-149.800003
217,12,792.929993,396.265320,1730.059937,79.998901,50.000000,690.039001,79.998901,-149.800003
217,13,361.649994,-421.141571,188.108368,17.199038,50.000000,690.039001,79.998901,-149.800003
217,14,163.139999,-426.738190,562.927429,51.669937,50.000000,690.039001,79.998901,-149.800003
217,15,459.000000,-366.255951,26.843740,79.998901,50.000000,690.039001,79.998901,-149.800003
217,16,186.110001,-468.907806,727.235352,79.998901,50.000000,690.039001,79.998901,-149.800003
218,1,439.230011,-457.362488,144.634674,-70.226608,50.000000,690.039001,79.998901,-149.800003
218,2,302.440002,-492.280609,374.424194,79.998901,50.000000,690.039001,79.998901,-149.800003
218,3,171.570007,-427.290863,562.828003,21.318502,50.000000,690.039001,79.998901,-149.800003
218,4,229.630005,-518.937195,775.229797,79.998901,50.000000,690.039001,79.998901,-149.800003
218,5,408.519989,-513.156128,275.496399,-92.649109,50.000000,690.039001,79.998901,-149.800003
218,6,208.699997,-432.090302,496.233734,-8.201530,50.000000,690.039001,79.998901,-149.800003
218,7,440.720001,341.960022,108.881691,-70.736221,50.000000,690.039001,79.998901,-149.800003
218,8,453.549988,-317.166534,1241.374634,-75.124329,50.000000,690.039001,79.998901,-149.800003
218,9,728.539978,1089.543457,440.829620,79.998901,50.000000,690.039001,79.998901,-149.800003
218,10,255.169998,587.346558,910.218994,79.998901,50.000000,690.039001,79.998901,-149.800003
218,11,251.279999,518.591919,1020.617920,79.998901,50.000000,690.039001,79.998901,-149.800003
218,12,792.929993,396.265320,1730.059937,79.998901,50.000000,690.039001,79.998901,-149.800003
218,13,361.649994,-421.141571,188.108368,17.199038,50.000000,690.039001,79.998901,-149.800003
218,14,163.139999,-426.738190,562.927429,51.669937,50.000000,690.039001,79.998901,-149.800003
218,15,459.000000,-366.255951,26.843740,79.998901,50.000000,690.039001,79.998901,-149.800003
218,16,186.110001,-468.907806,727.235352,79.998901,50.000000,690.039001,79.998901,-149.800003
219,1,459.700012,-471.283112,150.823334,-87.225365,60.009800,699.999878,70.001297,-151.000000
219,2,373.809998,-551.183167,361.210083,70.001297,60.009800,699.999878,70.001297,-151.000000
219,3,184.679993,-432.008148,580.885254,6.837022,60.009800,699.999878,70.001297,-151.000000
219,4,223.690002,-501.079407,796.983276,70.001297,60.009800,699.999878,70.001297,-151.000000
219,5,383.609985,-491.958801,308.287170,-92.119286,60.009800,699.999878,70.001297,-151.000000
219,6,228.779999,-441.950439,507.510345,-26.685305,60.009800,699.999878,70.001297,-151.000000
219,7,451.510010,344.650604,103.987686,-84.424217,60.009800,699.999878,70.001297,-151.000000
219,8,434.739990,-286.960632,1243.444458,-78.688530,60.009800,699.999878,70.001297,-151.000000
219,9,725.409973,1091.033813,429.671906,70.001297,60.009800,699.999878,70.001297,-151.000000
219,10,301.829987,642.659302,931.499512,70.001297,60.009800,699.999878,70.001297,-151.000000
219,11,293.190002,572.077393,1041.011353,70.001297,60.009800,699.999878,70.001297,-151.000000
219,12,817.460022,436.770447,1755.441895,70.001297,60.009800,699.999878,70.001297,-151.000000
219,13,389.200012,-439.339905,187.569778,2.417427,60.009800,699.999878,70.001297,-151.000000
219,14,177.210007,-432.971497,580.732666,39.229107,60.009800,699.999878,70.001297,-151.000000
219,15,489.820007,-392.213806,24.258099,70.001297,60.009800,699.999878,70.001297,-151.000000
219,16,186.270004,-458.160461,748.016541,70.001297,60.009800,699.999878,70.001297,-151.000000
220,1,459.700012,-471.283112,150.823334,-87.225365,60.009800,699.999878,70.001297,-151.000000
220,2,373.809998,-551.183167,361.210083,70.001297,60.009800,699.999878,70.001297,-151.000000
220,3,184.679993,-432.008148,580.885254,6.837022,60.009800,699.999878,70.001297,-151.000000
220,4,223.690002,-501.079407,796.983276,70.001297,60.009800,699.999878,70.001297,-151.000000
220,5,383.609985,-491.958801,308.287170,-92.119286,60.009800,699.999878,70.001297,-151.000000
220,6,228.779999,-441.950439,507.510345,-26.685305,60.009800,699.999878,70.001297,-151.000000
220,7,451.510010,344.650604,103.987686,-84.424217,60.009800,699.999878,70.001297,-151.000000
220,8,434.739990,-286.960632,1243.444458,-78.688530,60.009800,699.999878,70.001297,-151.000000
220,9,725.409973,1091.033813,429.671906,70.001297,60.009800,699.999878,70.001297,-151.000000
220,10,301.829987,642.659302,931.499512,70.001297,60.009800,699.999878,70.001297,-151.000000
220,11,293.190002,572.077393,1041.011353,70.001297,60.009800,699.999878,70.001297,-151.000000
220,12,817.460022,436.770447,1755.441895,70.001297,60.009800,699.999878,70.001297,-151.000000
220,13,389.200012,-439.339905,187.569778,2.417427,60.009800,699.999878,70.001297,-151.000000
220,14,177.210007,-432.971497,580.732666,39.229107,60.009800,699.999878,70.001297,-151.000000
220,15,489.820007,-392.213806,24.258099,70.001297,60.009800,699.999878,70.001297,-151.000000
220,16,186.270004,-458.160461,748.016541,70.001297,60.009800,699.999878,70.001297,-151.000000
221,1,459.700012,-471.283112,150.823334,-87.225365,60.009800,699.999878,70.001297,-151.000000
221,2,373.809998,-551.183167,361.210083,70.001297,60.009800,699.999878,70.001297,-151.000000
221,3,184.679993,-432.008148,580.885254,6.837022,60.009800,699.999878,70.001297,-151.000000
221,4,223.690002,-501.079407,796.983276,70.001297,60.009800,699.999878,70.001297,-151.000000
221,5,383.609985,-491.958801,308.287170,-92.119286,60.009800,699.999878,70.001297,-151.000000
221,6,228.779999,-441.950439,507.510345,-26.685305,60.009800,699.999878,70.001297,-151.000000
221,7,451.510010,344.650604,103.987686,-84.424217,60.009800,699.999878,70.001297,-151.000000
221,8,434.739990,-286.960632,1243.444458,-78.688530,60.009800,699.999878,70.001297,-151.000000
221,9,725.409973,1091.033813,429.671906,70.001297,60.009800,699.999878,70.001297,-151.000000
221,10,301.829987,642.659302,931.499512,70.001297,60.009800,699.999878,70.001297,-151.000000
221,11,293.190002,572.077393,1041.011353,70.001297,60.009800,699.999878,70.001297,-151.000000
221,12,817.460022,436.770447,1755.441895,70.001297,60.009800,699.999878,70.001297,-151.000000
221,13,389.200012,-439.339905,187.569778,2.417427,60.009800,699.999878,70.001297,-151.000000
221,14,177.210007,-432.971497,580.732666,39.229107,60.009800,699.999878,70.001297,-151.000000
221,15,489.820007,-392.213806,24.258099,70.001297,60.009800,699.999878,70.001297,-151.000000
221,16,186.270004,-458.160461,748.016541,70.001297,60.009800,699.999878,70.001297,-151.000000
222,1,459.700012,-471.283112,150.823334,-87.225365,60.009800,699.999878,70.001297,-151.000000
222,2,373.809998,-551.183167,361.210083,70.001297,60.009800,699.999878,70.001297,-151.000000
222,3,184.679993,-432.008148,580.885254,6.837022,60.009800,699.999878,70.001297,-151.000000
222,4,223.690002,-501.079407,796.983276,70.001297,60.009800,699.999878,70.001297,-151.000000
222,5,383.609985,-491.958801,308.287170,-92.119286,60.009800,699.999878,70.001297,-151.000000
222,6,228.779999,-441.950439,507.510345,-26.685305,60.009800,699.999878,70.001297,-151.000000
222,7,451.510010,344.650604,103.987686,-84.424217,60.009800,699.999878,70.001297,-151.000000
222,8,434.739990,-286.960632,1243.444458,-78.688530,60.009800,699.999878,70.001297,-151.000000
222,9,725.409973,1091.033813,429.671906,70.001297,60.009800,699.999878,70.001297,-151.000000
222,10,301.829987,642.659302,931.499512,70.001297,60.009800,699.999878,70.001297,-151.000000
222,11,293.190002,572.077393,1041.011353,70.001297,60.009800,699.999878,70.001297,-151.000000
222,12,817.460022,436.770447,1755.441895,70.001297,60.009800,699.999878,70.001297,-151.000000
222,13,389.200012,-439.339905,187.569778,2.417427,60.009800,699.999878,70.001297,-151.000000
222,14,177.210007,-432.971497,580.732666,39.229107,60.009800,699.999878,70.001297,-151.000000
222,15,489.820007,-392.213806,24.258099,70.001297,60.009800,699.999878,70.001297,-151.000000
222,16,186.270004,-458.160461,748.016541,70.001297,60.009800,699.999878,70.001297,-151.000000
223,1,459.700012,-471.283112,150.823334,-87.225365,60.009800,699.999878,70.001297,-151.000000
223,2,373.809998,-551.183167,361.210083,70.001297,60.009800,699.999878,70.001297,-151.000000
223,3,184.679993,-432.008148,580.885254,6.837022,60.009800,699.999878,70.001297,-151.000000
223,4,223.690002,-501.079407,796.983276,70.001297,60.009800,699.999878,70.001297,-151.000000
223,5,383.609985,-491.958801,308.287170,-92.119286,60.009800,699.999878,70.001297,-151.000000
223,6,228.779999,-441.950439,507.510345,-26.685305,60.009800,699.999878,70.001297,-151.000000
223,7,451.510010,344.650604,103.987686,-84.424217,60.009800,699.999878,70.001297,-151.000000
223,8,434.739990,-286.960632,1243.444458,-78.688530,60.009800,699.999878,70.001297,-151.000000
223,9,725.409973,1091.033813,429.671906,70.001297,60.009800,699.999878,70.001297,-151.000000
223,10,301.829987,642.659302,931.499512,70.001297,60.009800,699.999878,70.001297,-151.000000
223,11,293.190002,572.077393,1041.011353,70.001297,60.009800,699.999878,70.001297,-151.000000
223,12,817.460022,436.770447,1755.441895,70.001297,60.009800,699.999878,70.001297,-151.000000
223,13,389.200012,-439.339905,187.569778,2.417427,60.009800,699.999878,70.001297,-151.000000
223,14,177.210007,-432.971497,580.732666,39.229107,60.009800,699.999878,70.001297,-151.000000
223,15,489.820007,-392.213806,24.258099,70.001297,60.009800,699.999878,70.001297,-151.000000
223,16,186.270004,-458.160461,748.016541,70.001297,60.009800,699.999878,70.001297,-151.000000
224,1,459.700012,-471.283112,150.823334,-87.225365,60.009800,699.999878,70.001297,-151.000000
224,2,373.809998,-551.183167,361.210083,70.001297,60.009800,699.999878,70.001297,-151.000000
224,3,184.679993,-432.008148,580.885254,6.837022,60.009800,699.999878,70.001297,-151.000000
224,4,223.690002,-501.079407,796.983276,70.001297,60.009800,699.999878,70.001297,-151.000000
224,5,383.609985,-491.958801,308.287170,-92.119286,60.009800,699.999878,70.001297,-151.000000
224,6,228.779999,-441.950439,507.510345,-26.685305,60.009800,699.999878,70.001297,-151.000000
224,7,451.510010,344.650604,103.987686,-84.424217,60.009800,699.999878,70.001297,-151.000000
224,8,434.739990,-286.960632,1243.444458,-78.688530,60.009800,699.999878,70.001297,-151.000000
224,9,725.409973,1091.033813,429.671906,70.001297,60.009800,699.999878,70.001297,-151.000000
224,10,301.829987,642.659302,931.499512,70.001297,60.009800,699.999878,70.001297,-151.000000
224,11,293.190002,572.077393,1041.011353,70.001297,60.009800,699.999878,70.001297,-151.000000
224,12,817.460022,436.770447,1755.441895,70.001297,60.009800,699.999878,70.001297,-151.000000
224,13,389.200012,-439.339905,187.569778,2.417427,60.009800,699.999878,70.001297,-151.000000
224,14,177.210007,-432.971497,580.732666,39.229107,60.009800,699.999878,70.001297,-151.000000
224,15,489.820007,-392.213806,24.258099,70.001297,60.009800,699.999878,70.001297,-151.000000
224,16,186.270004,-458.160461,748.016541,70.001297,60.009800,699.999878,70.001297,-151.000000
225,1,459.700012,-471.283112,150.823334,-87.225365,60.009800,699.999878,70.001297,-151.000000
225,2,373.809998,-551.183167,361.210083,70.001297,60.009800,699.999878,70.001297,-151.000000
225,3,184.679993,-432.008148,580.885254,6.837022,60.009800,699.999878,70.001297,-151.000000
225,4,223.690002,-501.079407,796.983276,70.001297,60.009800,699.999878,70.001297,-151.000000
225,5,383.609985,-491.958801,308.287170,-92.119286,60.009800,699.999878,70.001297,-151.000000
225,6,228.779999,-441.950439,507.510345,-26.685305,60.009800,699.999878,70.001297,-151.000000
225,7,451.510010,344.650604,103.987686,-84.424217,60.009800,699.999878,70.001297,-151.000000
225,8,434.739990,-286.960632,1243.444458,-78.688530,60.009800,699.999878,70.001297,-151.000000
225,9,725.409973,1091.033813,429.671906,70.001297,60.009800,699.999878,70.001297,-151.000000
225,10,301.829987,642.659302,931.499512,70.001297,60.009800,699.999878,70.001297,-151.000000
225,11,293.190002,572.077393,1041.011353,70.001297,60.009800,699.999878,70.001297,-151.000000
225,12,817.460022,436.770447,1755.441895,70.001297,60.009800,699.999878,70.001297,-151.000000
225,13,389.200012,-439.339905,187.569778,2.417427,60.009800,699.999878,70.001297,-151.000000
225,14,177.210007,-432.971497,580.732666,39.229107,60.009800,699.999878,70.001297,-151.000000
225,15,489.820007,-392.213806,24.258099,70.001297,60.009800,699.999878,70.001297,-151.000000
225,16,186.270004,-458.160461,748.016541,70.001297,60.009800,699.999878,70.001297,-151.000000
226,1,459.700012,-471.283112,150.823334,-87.225365,60.009800,699.999878,70.001297,-151.000000
226,2,373.809998,-551.183167,361.210083,70.001297,60.009800,699.999878,70.001297,-151.000000
226,3,184.679993,-432.008148,580.885254,6.837022,60.009800,699.999878,70.001297,-151.000000
226,4,223.690002,-501.079407,796.983276,70.001297,60.009800,699.999878,70.001297,-151.000000
226,5,383.609985,-491.958801,308.287170,-92.119286,60.009800,699.999878,70.001297,-151.000000
226,6,228.779999,-441.950439,507.510345,-26.685305,60.009800,699.999878,70.001297,-151.000000
226,7,451.510010,344.650604,103.987686,-84.424217,60.009800,699.999878,70.001297,-151.000000
226,8,434.739990,-286.960632,1243.444458,-78.688530,60.009800,699.999878,70.001297,-151.000000
226,9,725.409973,1091.033813,429.671906,70.001297,60.009800,699.999878,70.001297,-151.000000
226,10,301.829987,642.659302,931.499512,70.001297,60.009800,699.999878,70.001297,-151.000000
226,11,293.190002,572.077393,1041.011353,70.001297,60.009800,699.999878,70.001297,-151.000000
226,12,817.460022,436.770447,1755.441895,70.001297,60.009800,699.999878,70.001297,-151.000000
226,13,389.200012,-439.339905,187.569778,2.417427,60.009800,699.999878,70.001297,-151.000000
226,14,177.210007,-432.971497,580.732666,39.229107,60.009800,699.999878,70.001297,-151.000000
226,15,489.820007,-392.213806,24.258099,70.001297,60.009800,699.999878,70.001297,-151.000000
226,16,186.270004,-458.160461,748.016541,70.001297,60.009800,699.999878,70.001297,-151.000000
227,1,459.700012,-471.283112,150.823334,-87.225365,60.009800,699.999878,70.001297,-151.000000
227,2,373.809998,-551.183167,361.210083,70.001297,60.009800,699.999878,70.001297,-151.000000
227,3,184.679993,-432.008148,580.885254,6.837022,60.009800,699.999878,70.001297,-151.000000
227,4,223.690002,-501.079407,796.983276,70.001297,60.009800,699.999878,70.001297,-151.000000
227,5,383.609985,-491.958801,308.287170,-92.119286,60.009800,699.999878,70.001297,-151.000000
227,6,228.779999,-441.950439,507.510345,-26.685305,60.009800,699.999878,70.001297,-151.000000
227,7,451.510010,344.650604,103.987686,-84.424217,60.009800,699.999878,70.001297,-151.000000
227,8,434.739990,-286.960632,1243.444458,-78.688530,60.009800,699.999878,70.001297,-151.000000
227,9,725.409973,1091.033813,429.671906,70.001297,60.009800,699.999878,70.001297,-151.000000
227,10,301.829987,642.659302,931.499512,70.001297,60.009800,699.999878,70.001297,-151.000000
227,11,293.190002,572.077393,1041.011353,70.001297,60.009800,699.999878,70.001297,-151.000000
227,12,817.460022,436.770447,1755.441895,70.001297,60.009800,699.999878,70.001297,-151.000000
227,13,389.200012,-439.339905,187.569778,2.417427,60.009800,699.999878,70.001297,-151.000000
227,14,177.210007,-432.971497,580.732666,39.229107,60.009800,699.999878,70.001297,-151.000000
227,15,489.820007,-392.213806,24.258099,70.001297,60.009800,699.999878,70.001297,-151.000000
227,16,186.270004,-458.160461,748.016541,70.001297,60.009800,699.999878,70.001297,-151.000000
228,1,459.700012,-471.283112,150.823334,-87.225365,60.009800,699.999878,70.001297,-151.000000
228,2,373.809998,-551.183167,361.210083,70.001297,60.009800,699.999878,70.001297,-151.000000
228,3,184.679993,-432.008148,580.885254,6.837022,60.009800,699.999878,70.001297,-151.000000
228,4,223.690002,-501.079407,796.983276,70.001297,60.009800,699.999878,70.001297,-151.000000
228,5,383.609985,-491.958801,308.287170,-92.119286,60.009800,699.999878,70.001297,-151.000000
228,6,228.779999,-441.950439,507.510345,-26.685305,60.009800,699.999878,70.001297,-151.000000
228,7,451.510010,344.650604,103.987686,-84.424217,60.009800,699.999878,70.001297,-151.000000
228,8,434.739990,-286.960632,1243.444458,-78.688530,60.009800,699.999878,70.001297,-151.000000
228,9,725.409973,1091.033813,429.671906,70.001297,60.009800,699.999878,70.001297,-151.000000
228,10,301.829987,642.659302,931.499512,70.001297,60.009800,699.999878,70.001297,-151.000000
228,11,293.190002,572.077393,1041.011353,70.001297,60.009800,699.999878,70.001297,-151.000000
228,12,817.460022,436.770447,1755.441895,70.001297,60.009800,699.999878,70.001297,-151.000000
228,13,389.200012,-439.339905,187.569778,2.417427,60.009800,699.999878,70.001297,-151.000000
228,14,177.210007,-432.971497,580.732666,39.229107,60.009800,699.999878,70.001297,-151.000000
228,15,489.820007,-392.213806,24.258099,70.001297,60.009800,699.999878,70.001297,-151.000000
228,16,186.270004,-458.160461,748.016541,70.001297,60.009800,699.999878,70.001297,-151.000000
229,1,459.700012,-471.283112,150.823334,-87.225365,60.009800,699.999878,70.001297,-151.000000
229,2,373.809998,-551.183167,361.210083,70.001297,60.009800,699.999878,70.001297,-151.000000
229,3,184.679993,-432.008148,580.885254,6.837022,60.009800,699.999878,70.001297,-151.000000
229,4,223.690002,-501.079407,796.983276,70.001297,60.009800,699.999878,70.001297,-151.000000
229,5,383.609985,-491.958801,308.287170,-92.119286,60.009800,699.999878,70.001297,-151.000000
229,6,228.779999,-441.950439,507.510345,-26.685305,60.009800,699.999878,70.001297,-151.000000
229,7,451.510010,344.650604,103.987686,-84.424217,60.009800,699.999878,70.001297,-151.000000
229,8,434.739990,-286.960632,1243.444458,-78.688530,60.009800,699.999878,70.001297,-151.000000
229,9,725.409973,1091.033813,429.671906,70.001297,60.009800,699.999878,70.001297,-151.000000
229,10,301.829987,642.659302,931.499512,70.001297,60.009800,699.999878,70.001297,-151.000000
229,11,293.190002,572.077393,1041.011353,70.001297,60.009800,699.999878,70.001297,-151.000000
229,12,817.460022,436.770447,1755.441895,70.001297,60.009800,699.999878,70.001297,-151.000000
229,13,389.200012,-439.339905,187.569778,2.417427,60.009800,699.999878,70.001297,-151.000000
229,14,177.210007,-432.971497,580.732666,39.229107,60.009800,699.999878,70.001297,-151.000000
229,15,489.820007,-392.213806,24.258099,70.001297,60.009800,699.999878,70.001297,-151.000000
229,16,186.270004,-458.160461,748.016541,70.001297,60.009800,699.999878,70.001297,-151.000000
230,1,459.700012,-471.283112,150.823334,-87.225365,60.009800,699.999878,70.001297,-151.000000
230,2,373.809998,-551.183167,361.210083,70.001297,60.009800,699.999878,70.001297,-151.000000
230,3,184.679993,-432.008148,580.885254,6.837022,60.009800,699.999878,70.001297,-151.000000
230,4,223.690002,-501.079407,796.983276,70.001297,60.009800,699.999878,70.001297,-151.000000
230,5,383.609985,-491.958801,308.287170,-92.119286,60.009800,699.999878,70.001297,-151.000000
230,6,228.779999,-441.950439,507.510345,-26.685305,60.009800,699.999878,70.001297,-151.000000
230,7,451.510010,344.650604,103.987686,-84.424217,60.009800,699.999878,70.001297,-151.000000
230,8,434.739990,-286.960632,1243.444458,-78.688530,60.009800,699.999878,70.001297,-151.000000
230,9,725.409973,1091.033813,429.671906,70.001297,60.009800,699.999878,70.001297,-151.000000
230,10,301.829987,642.659302,931.499512,70.001297,60.009800,699.999878,70.001297,-151.000000
230,11,293.190002,572.077393,1041.011353,70.001297,60.009800,699.999878,70.001297,-151.000000
230,12,817.460022,436.770447,1755.441895,70.001297,60.009800,699.999878,70.001297,-151.000000
230,13,389.200012,-439.339905,187.569778,2.417427,60.009800,699.999878,70.001297,-151.000000
230,14,177.210007,-432.971497,580.732666,39.229107,60.009800,699.999878,70.001297,-151.000000
230,15,489.820007,-392.213806,24.258099,70.001297,60.009800,699.999878,70.001297,-151.000000
230,16,186.270004,-458.160461,748.016541,70.001297,60.009800,699.999878,70.001297,-151.000000
231,1,459.700012,-471.283112,150.823334,-87.225365,60.009800,699.999878,70.001297,-151.000000
231,2,373.809998,-551.183167,361.210083,70.001297,60.009800,699.999878,70.001297,-151.000000
231,3,184.679993,-432.008148,580.885254,6.837022,60.009800,699.999878,70.001297,-151.000000
231,4,223.690002,-501.079407,796.983276,70.001297,60.009800,699.999878,70.001297,-151.000000
231,5,383.609985,-491.958801,308.287170,-92.119286,60.009800,699.999878,70.001297,-151.000000
231,6,228.779999,-441.950439,507.510345,-26.685305,60.009800,699.999878,70.001297,-151.000000
231,7,451.510010,344.650604,103.987686,-84.424217,60.009800,699.999878,70.001297,-151.000000
231,8,434.739990,-286.960632,1243.444458,-78.688530,60.009800,699.999878,70.001297,-151.000000
231,9,725.409973,1091.033813,429.671906,70.001297,60.009800,699.999878,70.001297,-151.000000
231,10,301.829987,642.659302,931.499512,70.001297,60.009800,699.999878,70.001297,-151.000000
231,11,293.190002,572.077393,1041.011353,70.001297,60.009800,699.999878,70.001297,-151.000000
231,12,817.460022,436.770447,1755.441895,70.001297,60.009800,699.999878,70.001297,-151.000000
231,13,389.200012,-439.339905,187.569778,2.417427,60.009800,699.999878,70.001297,-151.000000
231,14,177.210007,-432.971497,580.732666,39.229107,60.009800,699.999878,70.001297,-151.000000
231,15,489.820007,-392.213806,24.258099,70.001297,60.009800,699.999878,70.001297,-151.000000
231,16,186.270004,-458.160461,748.016541,70.001297,60.009800,699.999878,70.001297,-151.000000
232,1,459.700012,-471.283112,150.823334,-87.225365,60.009800,699.999878,70.001297,-151.000000
232,2,373.809998,-551.183167,361.210083,70.001297,60.009800,699.999878,70.001297,-151.000000
232,3,184.679993,-432.008148,580.885254,6.837022,60.009800,699.999878,70.001297,-151.000000
232,4,223.690002,-501.079407,796.983276,70.001297,60.009800,699.999878,70.001297,-151.000000
232,5,383.609985,-491.958801,308.287170,-92.119286,60.009800,699.999878,70.001297,-151.000000
232,6,228.779999,-441.950439,507.510345,-26.685305,60.009800,699.999878,70.001297,-151.000000
232,7,451.510010,344.650604,103.987686,-84.424217,60.009800,699.999878,70.001297,-151.000000
232,8,434.739990,-286.960632,1243.444458,-78.688530,60.009800,699.999878,70.001297,-151.000000
232,9,725.409973,1091.033813,429.671906,70.001297,60.009800,699.999878,70.001297,-151.000000
232,10,301.829987,642.659302,931.499512,70.001297,60.009800,699.999878,70.001297,-151.000000
232,11,293.190002,572.077393,1041.011353,70.001297,60.009800,699.999878,70.001297,-151.000000
232,12,817.460022,436.770447,1755.441895,70.001297,60.009800,699.999878,70.001297,-151.000000
232,13,389.200012,-439.339905,187.569778,2.417427,60.009800,699.999878,70.001297,-151.000000
232,14,177.210007,-432.971497,580.732666,39.229107,60.009800,699.999878,70.001297,-151.000000
232,15,489.820007,-392.213806,24.258099,70.001297,60.009800,699.999878,70.001297,-151.000000
232,16,186.270004,-458.160461,748.016541,70.001297,60.009800,699.999878,70.001297,-151.000000
233,1,478.619995,-500.898438,196.670197,-93.696381,79.980499,720.019470,70.001297,-155.000000
233,2,346.950012,-529.013000,436.041168,70.001297,79.980499,720.019470,70.001297,-155.000000
233,3,227.580002,-459.307373,632.002930,-7.835645,79.980499,720.019470,70.001297,-155.000000
233,4,218.860001,-468.165100,855.485229,70.001297,79.980499,720.019470,70.001297,-155.000000
233,5,382.149994,-496.768799,368.323547,-91.502266,79.980499,720.019470,70.001297,-155.000000
233,6,344.540009,-529.268921,518.675171,-75.607597,79.980499,720.019470,70.001297,-155.000000
233,7,450.079987,321.784302,106.821487,-83.935120,79.980499,720.019470,70.001297,-155.000000
233,8,440.489990,-230.519455,1291.240723,-80.655151,79.980499,720.019470,70.001297,-155.000000
233,9,719.429993,1083.859619,379.977142,70.001297,79.980499,720.019470,70.001297,-155.000000
233,10,308.299988,683.223145,913.045898,70.001297,79.980499,720.019470,70.001297,-155.000000
233,11,306.209991,626.388550,1029.982666,70.001297,79.980499,720.019470,70.001297,-155.000000
233,13,476.230011,-514.502686,183.065933,-12.695173,79.980499,720.019470,70.001297,-155.000000
233,14,218.460007,-460.588318,631.890869,32.066116,79.980499,720.019470,70.001297,-155.000000
233,15,569.109985,-479.018524,26.502680,70.001297,79.980499,720.019470,70.001297,-155.000000
233,16,198.830002,-445.947235,801.883850,70.001297,79.980499,720.019470,70.001297,-155.000000
234,1,478.619995,-500.898438,196.670197,-93.696381,79.980499,720.019470,70.001297,-155.000000
234,2,346.950012,-529.013000,436.041168,70.001297,79.980499,720.019470,70.001297,-155.000000
234,3,227.580002,-459.307373,632.002930,-7.835645,79.980499,720.019470,70.001297,-155.000000
234,4,218.860001,-468.165100,855.485229,70.001297,79.980499,720.019470,70.001297,-155.000000
234,5,382.149994,-496.768799,368.323547,-91.502266,79.980499,720.019470,70.001297,-155.000000
234,6,344.540009,-529.268921,518.675171,-75.607597,79.980499,720.019470,70.001297,-155.000000
234,7,450.079987,321.784302,106.821487,-83.935120,79.980499,720.019470,70.001297,-155.000000
234,8,440.489990,-230.519455,1291.240723,-80.655151,79.980499,720.019470,70.001297,-155.000000
234,9,719.429993,1083.859619,379.977142,70.001297,79.980499,720.019470,70.001297,-155.000000
234,10,308.299988,683.223145,913.045898,70.001297,79.980499,720.019470,70.001297,-155.000000
234,11,306.209991,626.388550,1029.982666,70.001297,79.980499,720.019470,70.001297,-155.000000
234,13,476.230011,-514.502686,183.065933,-12.695173,79.980499,720.019470,70.001297,-155.000000
234,14,218.460007,-460.588318,631.890869,32.066116,79.980499,720.019470,70.001297,-155.000000
234,15,569.109985,-479.018524,26.502680,70.001297,79.980499,720.019470,70.001297,-155.000000
234,16,198.830002,-445.947235,801.883850,70.001297,79.980499,720.019470,70.001297,-155.000000
235,1,478.619995,-500.898438,196.670197,-93.696381,79.980499,720.019470,70.001297,-155.000000
235,2,346.950012,-529.013000,436.041168,70.001297,79.980499,720.019470,70.001297,-155.000000
235,3,227.580002,-459.307373,632.002930,-7.835645,79.980499,720.019470,70.001297,-155.000000
235,4,218.860001,-468.165100,855.485229,70.001297,79.980499,720.019470,70.001297,-155.000000
235,5,382.149994,-496.768799,368.323547,-91.502266,79.980499,720.019470,70.001297,-155.000000
235,6,344.540009,-529.268921,518.675171,-75.607597,79.980499,720.019470,70.001297,-155.000000
235,7,450.079987,321.784302,106.821487,-83.935120,79.980499,720.019470,70.001297,-155.000000
235,8,440.489990,-230.519455,1291.240723,-80.655151,79.980499,720.019470,70.001297,-155.000000
235,9,719.429993,1083.859619,379.977142,70.001297,79.980499,720.019470,70.001297,-155.000000
235,10,308.299988,683.223145,913.045898,70.001297,79.980499,720.019470,70.001297,-155.000000
235,11,306.209991,626.388550,1029.982666,70.001297,79.980499,720.019470,70.001297,-155.000000
235,13,476.230011,-514.502686,183.065933,-12.695173,79.980499,720.019470,70.001297,-155.000000
235,14,218.460007,-460.588318,631.890869,32.066116,79.980499,720.019470,70.001297,-155.000000
235,15,569.109985,-479.018524,26.502680,70.001297,79.980499,720.019470,70.001297,-155.000000
235,16,198.830002,-445.947235,801.883850,70.001297,79.980499,720.019470,70.001297,-155.000000
236,1,478.619995,-500.898438,196.670197,-93.696381,79.980499,720.019470,70.001297,-155.000000
236,2,346.950012,-529.013000,436.041168,70.001297,79.980499,720.019470,70.001297,-155.000000
236,3,227.580002,-459.307373,632.002930,-7.835645,79.980499,720.019470,70.001297,-155.000000
236,4,218.860001,-468.165100,855.485229,70.001297,79.980499,720.019470,70.001297,-155.000000
236,5,382.149994,-496.768799,368.323547,-91.502266,79.980499,720.019470,70.001297,-155.000000
236,6,344.540009,-529.268921,518.675171,-75.607597,79.980499,720.019470,70.001297,-155.000000
236,7,450.079987,321.784302,106.821487,-83.935120,79.980499,720.019470,70.001297,-155.000000
236,8,440.489990,-230.519455,1291.240723,-80.655151,79.980499,720.019470,70.001297,-155.000000
236,9,719.429993,1083.859619,379.977142,70.001297,79.980499,720.019470,70.001297,-155.000000
236,10,308.299988,683.223145,913.045898,70.001297,79.980499,720.019470,70.001297,-155.000000
236,11,306.209991,626.388550,1029.982666,70.001297,79.980499,720.019470,70.001297,-155.000000
236,13,476.230011,-514.502686,183.065933,-12.695173,79.980499,720.019470,70.001297,-155.000000
236,14,218.460007,-460.588318,631.890869,32.066116,79.980499,720.019470,70.001297,-155.000000
236,15,569.109985,-479.018524,26.502680,70.001297,79.980499,720.019470,70.001297,-155.000000
236,16,198.830002,-445.947235,801.883850,70.001297,79.980499,720.019470,70.001297,-155.000000
237,1,478.619995,-500.898438,196.670197,-93.696381,79.980499,720.019470,70.001297,-155.000000
237,2,346.950012,-529.013000,436.041168,70.001297,79.980499,720.019470,70.001297,-155.000000
237,3,227.580002,-459.307373,632.002930,-7.835645,79.980499,720.019470,70.001297,-155.000000
237,4,218.860001,-468.165100,855.485229,70.001297,79.980499,720.019470,70.001297,-155.000000
237,5,382.149994,-496.768799,368.323547,-91.502266,79.980499,720.019470,70.001297,-155.000000
237,6,344.540009,-529.268921,518.675171,-75.607597,79.980499,720.019470,70.001297,-155.000000
237,7,450.079987,321.784302,106.821487,-83.935120,79.980499,720.019470,70.001297,-155.000000
237,8,440.489990,-230.519455,1291.240723,-80.655151,79.980499,720.019470,70.001297,-155.000000
237,9,719.429993,1083.859619,379.977142,70.001297,79.980499,720.019470,70.001297,-155.000000
237,10,308.299988,683.223145,913.045898,70.001297,79.980499,720.019470,70.001297,-155.000000
237,11,306.209991,626.388550,1029.982666,70.001297,79.980499,720.019470,70.001297,-155.000000
237,13,476.230011,-514.502686,183.065933,-12.695173,79.980499,720.019470,70.001297,-155.000000
237,14,218.460007,-460.588318,631.890869,32.066116,79.980499,720.019470,70.001297,-155.000000
237,15,569.109985,-479.018524,26.502680,70.001297,79.980499,720.019470,70.001297,-155.000000
237,16,198.830002,-445.947235,801.883850,70.001297,79.980499,720.019470,70.001297,-155.000000
238,1,478.619995,-500.898438,196.670197,-93.696381,79.980499,720.019470,70.001297,-155.000000
238,2,346.950012,-529.013000,436.041168,70.001297,79.980499,720.019470,70.001297,-155.000000
238,3,227.580002,-459.307373,632.002930,-7.835645,79.980499,720.019470,70.001297,-155.000000
238,4,218.860001,-468.165100,855.485229,70.001297,79.980499,720.019470,70.001297,-155.000000
238,5,382.149994,-496.768799,368.323547,-91.502266,79.980499,720.019470,70.001297,-155.000000
238,6,344.540009,-529.268921,518.675171,-75.607597,79.980499,720.019470,70.001297,-155.000000
238,7,450.079987,321.784302,106.821487,-83.935120,79.980499,720.019470,70.001297,-155.000000
238,8,440.489990,-230.519455,1291.240723,-80.655151,79.980499,720.019470,70.001297,-155.000000
238,9,719.429993,1083.859619,379.977142,70.001297,79.980499,720.019470,70.001297,-155.000000
238,10,308.299988,683.223145,913.045898,70.001297,79.980499,720.019470,70.001297,-155.000000
238,11,306.209991,626.388550,1029.982666,70.001297,79.980499,720.019470,70.001297,-155.000000
238,13,476.230011,-514.502686,183.065933,-12.695173,79.980499,720.019470,70.001297,-155.000000
238,14,218.460007,-460.588318,631.890869,32.066116,79.980499,720.019470,70.001297,-155.000000
238,15,569.109985,-479.018524,26.502680,70.001297,79.980499,720.019470,70.001297,-155.000000
238,16,198.830002,-445.947235,801.883850,70.001297,79.980499,720.019470,70.001297,-155.000000
239,1,478.619995,-500.898438,196.670197,-93.696381,79.980499,720.019470,70.001297,-155.000000
239,2,346.950012,-529.013000,436.041168,70.001297,79.980499,720.019470,70.001297,-155.000000
239,3,227.580002,-459.307373,632.002930,-7.835645,79.980499,720.019470,70.001297,-155.000000
239,4,218.860001,-468.165100,855.485229,70.001297,79.980499,720.019470,70.001297,-155.000000
239,5,382.149994,-496.768799,368.323547,-91.502266,79.980499,720.019470,70.001297,-155.000000
239,6,344.540009,-529.268921,518.675171,-75.607597,79.980499,720.019470,70.001297,-155.000000
239,7,450.079987,321.784302,106.821487,-83.935120,79.980499,720.019470,70.001297,-155.000000
239,8,440.489990,-230.519455,1291.240723,-80.655151,79.980499,720.019470,70.001297,-155.000000
239,9,719.429993,1083.859619,379.977142,70.001297,79.980499,720.019470,70.001297,-155.000000
239,10,308.299988,683.223145,913.045898,70.001297,79.980499,720.019470,70.001297,-155.000000
239,11,306.209991,626.388550,1029.982666,70.001297,79.980499,720.019470,70.001297,-155.000000
239,13,476.230011,-514.502686,183.065933,-12.695173,79.980499,720.019470,70.001297,-155.000000
239,14,218.460007,-460.588318,631.890869,32.066116,79.980499,720.019470,70.001297,-155.000000
239,15,569.109985,-479.018524,26.502680,70.001297,79.980499,720.019470,70.001297,-155.000000
239,16,198.830002,-445.947235,801.883850,70.001297,79.980499,720.019470,70.001297,-155.000000
240,1,478.619995,-500.898438,196.670197,-93.696381,79.980499,720.019470,70.001297,-155.000000
240,2,346.950012,-529.013000,436.041168,70.001297,79.980499,720.019470,70.001297,-155.000000
240,3,227.580002,-459.307373,632.002930,-7.835645,79.980499,720.019470,70.001297,-155.000000
240,4,218.860001,-468.165100,855.485229,70.001297,79.980499,720.019470,70.001297,-155.000000
240,5,382.149994,-496.768799,368.323547,-91.502266,79.980499,720.019470,70.001297,-155.000000
240,6,344.540009,-529.268921,518.675171,-75.607597,79.980499,720.019470,70.001297,-155.000000
240,7,450.079987,321.784302,106.821487,-83.935120,79.980499,720.019470,70.001297,-155.000000
240,8,440.489990,-230.519455,1291.240723,-80.655151,79.980499,720.019470,70.001297,-155.000000
240,9,719.429993,1083.859619,379.977142,70.001297,79.980499,720.019470,70.001297,-155.000000
240,10,308.299988,683.223145,913.045898,70.001297,79.980499,720.019470,70.001297,-155.000000
240,11,306.209991,626.388550,1029.982666,70.001297,79.980499,720.019470,70.001297,-155.000000
240,13,476.230011,-514.502686,183.065933,-12.695173,79.980499,720.019470,70.001297,-155.000000
240,14,218.460007,-460.588318,631.890869,32.066116,79.980499,720.019470,70.001297,-155.000000
240,15,569.109985,-479.018524,26.502680,70.001297,79.980499,720.019470,70.001297,-155.000000
240,16,198.830002,-445.947235,801.883850,70.001297,79.980499,720.019470,70.001297,-155.000000
241,1,478.619995,-500.898438,196.670197,-93.696381,79.980499,720.019470,70.001297,-155.000000
241,2,346.950012,-529.013000,436.041168,70.001297,79.980499,720.019470,70.001297,-155.000000
241,3,227.580002,-459.307373,632.002930,-7.835645,79.980499,720.019470,70.001297,-155.000000
241,4,218.860001,-468.165100,855.485229,70.001297,79.980499,720.019470,70.001297,-155.000000
241,5,382.149994,-496.768799,368.323547,-91.502266,79.980499,720.019470,70.001297,-155.000000
241,6,344.540009,-529.268921,518.675171,-75.607597,79.980499,720.019470,70.001297,-155.000000
241,7,450.079987,321.784302,106.821487,-83.935120,79.980499,720.019470,70.001297,-155.000000
241,8,440.489990,-230.519455,1291.240723,-80.655151,79.980499,720.019470,70.001297,-155.000000
241,9,719.429993,1083.859619,379.977142,70.001297,79.980499,720.019470,70.001297,-155.000000
241,10,308.299988,683.223145,913.045898,70.001297,79.980499,720.019470,70.001297,-155.000000
241,11,306.209991,626.388550,1029.982666,70.001297,79.980499,720.019470,70.001297,-155.000000
241,13,476.230011,-514.502686,183.065933,-12.695173,79.980499,720.019470,70.001297,-155.000000
241,14,218.460007,-460.588318,631.890869,32.066116,79.980499,720.019470,70.001297,-155.000000
241,15,569.109985,-479.018524,26.502680,70.001297,79.980499,720.019470,70.001297,-155.000000
241,16,198.830002,-445.947235,801.883850,70.001297,79.980499,720.019470,70.001297,-155.000000
242,1,502.220001,-540.422424,253.934799,-101.768059,100.000000,740.039001,70.001297,-159.900009
242,2,391.299988,-572.673218,493.875671,70.001297,100.000000,740.039001,70.001297,-159.900009
242,3,301.760010,-514.541321,698.286865,-33.206703,100.000000,740.039001,70.001297,-159.900009
242,4,232.380005,-447.889862,924.155151,70.001297,100.000000,740.039001,70.001297,-159.900009
242,5,399.940002,-519.823486,433.351746,-99.020645,100.000000,740.039001,70.001297,-159.900009
242,6,396.380005,-568.342529,575.324707,-97.516129,100.000000,740.039001,70.001297,-159.900009
242,7,444.570007,286.763153,113.290215,-82.050598,100.000000,740.039001,70.001297,-159.900009
242,8,449.369995,-163.440765,1343.530762,-83.692291,100.000000,740.039001,70.001297,-159.900009
242,9,730.830017,1081.884155,311.610626,70.001297,100.000000,740.039001,70.001297,-159.900009
242,10,272.920013,684.300598,868.674072,70.001297,100.000000,740.039001,70.001297,-159.900009
242,11,279.220001,645.541138,992.921387,70.001297,100.000000,740.039001,70.001297,-159.900009
242,12,878.390015,665.885254,1777.304443,70.001297,100.000000,740.039001,70.001297,-159.900009
242,13,599.960022,-631.381470,177.340240,-34.180664,100.000000,740.039001,70.001297,-159.900009
242,14,290.609985,-517.174622,698.282288,19.537405,100.000000,740.039001,70.001297,-159.900009
242,16,229.259995,-447.322540,863.822327,70.001297,100.000000,740.039001,70.001297,-159.900009
243,1,502.220001,-540.422424,253.934799,-101.768059,100.000000,740.039001,70.001297,-159.900009
243,2,391.299988,-572.673218,493.875671,70.001297,100.000000,740.039001,70.001297,-159.900009
243,3,301.760010,-514.541321,698.286865,-33.206703,100.000000,740.039001,70.001297,-159.900009
243,4,232.380005,-447.889862,924.155151,70.001297,100.000000,740.039001,70.001297,-159.900009
243,5,399.940002,-519.823486,433.351746,-99.020645,100.000000,740.039001,70.001297,-159.900009
243,6,396.380005,-568.342529,575.324707,-97.516129,100.000000,740.039001,70.001297,-159.900009
243,7,444.570007,286.763153,113.290215,-82.050598,100.000000,740.039001,70.001297,-159.900009
243,8,449.369995,-163.440765,1343.530762,-83.692291,100.000000,740.039001,70.001297,-159.900009
243,9,730.830017,1081.884155,311.610626,70.001297,100.000000,740.039001,70.001297,-159.900009
243,10,272.920013,684.300598,868.674072,70.001297,100.000000,740.039001,70.001297,-159.900009
243,11,279.220001,645.541138,992.921387,70.001297,100.000000,740.039001,70.001297,-159.900009
243,12,878.390015,665.885254,1777.304443,70.001297,100.000000,740.039001,70.001297,-159.900009
243,13,599.960022,-631.381470,177.340240,-34.180664,100.000000,740.039001,70.001297,-159.900009
243,14,290.609985,-517.174622,698.282288,19.537405,100.000000,740.039001,70.001297,-159.900009
243,16,229.259995,-447.322540,863.822327,70.001297,100.000000,740.039001,70.001297,-159.900009
244,1,502.220001,-540.422424,253.934799,-101.768059,100.000000,740.039001,70.001297,-159.900009
244,2,391.299988,-572.673218,493.875671,70.001297,100.000000,740.039001,70.001297,-159.900009
244,3,301.760010,-514.541321,698.286865,-33.206703,100.000000,740.039001,70.001297,-159.900009
244,4,232.380005,-447.889862,924.155151,70.001297,100.000000,740.039001,70.001297,-159.900009
244,5,399.940002,-519.823486,433.351746,-99.020645,100.000000,740.039001,70.001297,-159.900009
244,6,396.380005,-568.342529,575.324707,-97.516129,100.000000,740.039001,70.001297,-159.900009
244,7,444.570007,286.763153,113.290215,-82.050598,100.000000,740.039001,70.001297,-159.900009
244,8,449.369995,-163.440765,1343.530762,-83.692291,100.000000,740.039001,70.001297,-159.900009
244,9,730.830017,1081.884155,311.610626,70.001297,100.000000,740.039001,70.001297,-159.900009
244,10,272.920013,684.300598,868.674072,70.001297,100.000000,740.039001,70.001297,-159.900009
244,11,279.220001,645.541138,992.921387,70.001297,100.000000,740.039001,70.001297,-159.900009
244,12,878.390015,665.885254,1777.304443,70.001297,100.000000,740.039001,70.001297,-159.900009
244,13,599.960022,-631.381470,177.340240,-34.180664,100.000000,740.039001,70.001297,-159.900009
244,14,290.609985,-517.174622,698.282288,19.537405,100.000000,740.039001,70.001297,-159.900009
244,16,229.259995,-447.322540,863.822327,70.001297,100.000000,740.039001,70.001297,-159.900009
245,1,502.220001,-540.422424,253.934799,-101.768059,100.000000,740.039001,70.001297,-159.900009
245,2,391.299988,-572.673218,493.875671,70.001297,100.000000,740.039001,70.001297,-159.900009
245,3,301.760010,-514.541321,698.286865,-33.206703,100.000000,740.039001,70.001297,-159.900009
245,4,232.380005,-447.889862,924.155151,70.001297,100.000000,740.039001,70.001297,-159.900009
245,5,399.940002,-519.823486,433.351746,-99.020645,100.000000,740.039001,70.001297,-159.900009
245,6,396.380005,-568.342529,575.324707,-97.516129,100.000000,740.039001,70.001297,-159.900009
245,7,444.570007,286.763153,113.290215,-82.050598,100.000000,740.039001,70.001297,-159.900009
245,8,449.369995,-163.440765,1343.530762,-83.692291,100.000000,740.039001,70.001297,-159.900009
245,9,730.830017,1081.884155,311.610626,70.001297,100.000000,740.039001,70.001297,-159.900009
245,10,272.920013,684.300598,868.674072,70.001297,100.000000,740.039001,70.001297,-159.900009
245,11,279.220001,645.541138,992.921387,70.001297,100.000000,740.039001,70.001297,-159.900009
245,12,878.390015,665.885254,1777.304443,70.001297,100.000000,740.039001,70.001297,-159.900009
245,13,599.960022,-631.381470,177.340240,-34.180664,100.000000,740.039001,70.001297,-159.900009
245,14,290.609985,-517.174622,698.282288,19.537405,100.000000,740.039001,70.001297,-159.900009
245,16,229.259995,-447.322540,863.822327,70.001297,100.000000,740.039001,70.001297,-159.900009
246,1,502.220001,-540.422424,253.934799,-101.768059,100.000000,740.039001,70.001297,-159.900009
246,2,391.299988,-572.673218,493.875671,70.001297,100.000000,740.039001,70.001297,-159.900009
246,3,301.760010,-514.541321,698.286865,-33.206703,100.000000,740.039001,70.001297,-159.900009
246,4,232.380005,-447.889862,924.155151,70.001297,100.000000,740.039001,70.001297,-159.900009
246,5,399.940002,-519.823486,433.351746,-99.020645,100.000000,740.039001,70.001297,-159.900009
246,6,396.380005,-568.342529,575.324707,-97.516129,100.000000,740.039001,70.001297,-159.900009
246,7,444.570007,286.763153,113.290215,-82.050598,100.000000,740.039001,70.001297,-159.900009
246,8,449.369995,-163.440765,1343.530762,-83.692291,100.000000,740.039001,70.001297,-159.900009
246,9,730.830017,1081.884155,311.610626,70.001297,100.000000,740.039001,70.001297,-159.900009
246,10,272.920013,684.300598,868.674072,70.001297,100.000000,740.039001,70.001297,-159.900009
246,11,279.220001,645.541138,992.921387,70.001297,100.000000,740.039001,70.001297,-159.900009
246,12,878.390015,665.885254,1777.304443,70.001297,100.000000,740.039001,70.001297,-159.900009
246,13,599.960022,-631.381470,177.340240,-34.180664,100.000000,740.039001,70.001297,-159.900009
246,14,290.609985,-517.174622,698.282288,19.537405,100.000000,740.039001,70.001297,-159.900009
246,16,229.259995,-447.322540,863.822327,70.001297,100.000000,740.039001,70.001297,-159.900009
247,1,502.220001,-540.422424,253.934799,-101.768059,100.000000,740.039001,70.001297,-159.900009
247,2,391.299988,-572.673218,493.875671,70.001297,100.000000,740.039001,70.001297,-159.900009
247,3,301.760010,-514.541321,698.286865,-33.206703,100.000000,740.039001,70.001297,-159.900009
247,4,232.380005,-447.889862,924.155151,70.001297,100.000000,740.039001,70.001297,-159.900009
247,5,399.940002,-519.823486,433.351746,-99.020645,100.000000,740.039001,70.001297,-159.900009
247,6,396.380005,-568.342529,575.324707,-97.516129,100.000000,740.039001,70.001297,-159.900009
247,7,444.570007,286.763153,113.290215,-82.050598,100.000000,740.039001,70.001297,-159.900009
247,8,449.369995,-163.440765,1343.530762,-83.692291,100.000000,740.039001,70.001297,-159.900009
247,9,730.830017,1081.884155,311.610626,70.001297,100.000000,740.039001,70.001297,-159.900009
247,10,272.920013,684.300598,868.674072,70.001297,100.000000,740.039001,70.001297,-159.900009
247,11,279.220001,645.541138,992.921387,70.001297,100.000000,740.039001,70.001297,-159.900009
247,12,878.390015,665.885254,1777.304443,70.001297,100.000000,740.039001,70.001297,-159.900009
247,13,599.960022,-631.381470,177.340240,-34.180664,100.000000,740.039001,70.001297,-159.900009
247,14,290.609985,-517.174622,698.282288,19.537405,100.000000,740.039001,70.001297,-159.900009
247,16,229.259995,-447.322540,863.822327,70.001297,100.000000,740.039001,70.001297,-159.900009
248,1,502.220001,-540.422424,253.934799,-101.768059,100.000000,740.039001,70.001297,-159.900009
248,2,391.299988,-572.673218,493.875671,70.001297,100.000000,740.039001,70.001297,-159.900009
248,3,301.760010,-514.541321,698.286865,-33.206703,100.000000,740.039001,70.001297,-159.900009
248,4,232.380005,-447.889862,924.155151,70.001297,100.000000,740.039001,70.001297,-159.900009
248,5,399.940002,-519.823486,433.351746,-99.020645,100.000000,740.039001,70.001297,-159.900009
248,6,396.380005,-568.342529,575.324707,-97.516129,100.000000,740.039001,70.001297,-159.900009
248,7,444.570007,286.763153,113.290215,-82.050598,100.000000,740.039001,70.001297,-159.900009
248,8,449.369995,-163.440765,1343.530762,-83.692291,100.000000,740.039001,70.001297,-159.900009
248,9,730.830017,1081.884155,311.610626,70.001297,100.000000,740.039001,70.001297,-159.900009
248,10,272.920013,684.300598,868.674072,70.001297,100.000000,740.039001,70.001297,-159.900009
248,11,279.220001,645.541138,992.921387,70.001297,100.000000,740.039001,70.001297,-159.900009
248,12,878.390015,665.885254,1777.304443,70.001297,100.000000,740.039001,70.001297,-159.900009
248,13,599.960022,-631.381470,177.340240,-34.180664,100.000000,740.039001,70.001297,-159.900009
248,14,290.609985,-517.174622,698.282288,19.537405,100.000000,740.039001,70.001297,-159.900009
248,16,229.259995,-447.322540,863.822327,70.001297,100.000000,740.039001,70.001297,-159.900009
249,1,502.220001,-540.422424,253.934799,-101.768059,100.000000,740.039001,70.001297,-159.900009
249,2,391.299988,-572.673218,493.875671,70.001297,100.000000,740.039001,70.001297,-159.900009
249,3,301.760010,-514.541321,698.286865,-33.206703,100.000000,740.039001,70.001297,-159.900009
249,4,232.380005,-447.889862,924.155151,70.001297,100.000000,740.039001,70.001297,-159.900009
249,5,399.940002,-519.823486,433.351746,-99.020645,100.000000,740.039001,70.001297,-159.900009
249,6,396.380005,-568.342529,575.324707,-97.516129,100.000000,740.039001,70.001297,-159.900009
249,7,444.570007,286.763153,113.290215,-82.050598,100.000000,740.039001,70.001297,-159.900009
249,8,449.369995,-163.440765,1343.530762,-83.692291,100.000000,740.039001,70.001297,-159.900009
249,9,730.830017,1081.884155,311.610626,70.001297,100.000000,740.039001,70.001297,-159.900009
249,10,272.920013,684.300598,868.674072,70.001297,100.000000,740.039001,70.001297,-159.900009
249,11,279.220001,645.541138,992.921387,70.001297,100.000000,740.039001,70.001297,-159.900009
249,12,878.390015,665.885254,1777.304443,70.001297,100.000000,740.039001,70.001297,-159.900009
249,13,599.960022,-631.381470,177.340240,-34.180664,100.000000,740.039001,70.001297,-159.900009
249,14,290.609985,-517.174622,698.282288,19.537405,100.000000,740.039001,70.001297,-159.900009
249,16,229.259995,-447.322540,863.822327,70.001297,100.000000,740.039001,70.001297,-159.900009
250,1,502.220001,-540.422424,253.934799,-101.768059,100.000000,740.039001,70.001297,-159.900009
250,2,391.299988,-572.673218,493.875671,70.001297,100.000000,740.039001,70.001297,-159.900009
250,3,301.760010,-514.541321,698.286865,-33.206703,100.000000,740.039001,70.001297,-159.900009
250,4,232.380005,-447.889862,924.155151,70.001297,100.000000,740.039001,70.001297,-159.900009
250,5,399.940002,-519.823486,433.351746,-99.020645,100.000000,740.039001,70.001297,-159.900009
250,6,396.380005,-568.342529,575.324707,-97.516129,100.000000,740.039001,70.001297,-159.900009
250,7,444.570007,286.763153,113.290215,-82.050598,100.000000,740.039001,70.001297,-159.900009
250,8,449.369995,-163.440765,1343.530762,-83.692291,100.000000,740.039001,70.001297,-159.900009
250,9,730.830017,1081.884155,311.610626,70.001297,100.000000,740.039001,70.001297,-159.900009
250,10,272.920013,684.300598,868.674072,70.001297,100.000000,740.039001,70.001297,-159.900009
250,11,279.220001,645.541138,992.921387,70.001297,100.000000,740.039001,70.001297,-159.900009
250,12,878.390015,665.885254,1777.304443,70.001297,100.000000,740.039001,70.001297,-159.900009
250,13,599.960022,-631.381470,177.340240,-34.180664,100.000000,740.039001,70.001297,-159.900009
250,14,290.609985,-517.174622,698.282288,19.537405,100.000000,740.039001,70.001297,-159.900009
250,16,229.259995,-447.322540,863.822327,70.001297,100.000000,740.039001,70.001297,-159.900009
251,1,502.220001,-540.422424,253.934799,-101.768059,100.000000,740.039001,70.001297,-159.900009
251,2,391.299988,-572.673218,493.875671,70.001297,100.000000,740.039001,70.001297,-159.900009
251,3,301.760010,-514.541321,698.286865,-33.206703,100.000000,740.039001,70.001297,-159.900009
251,4,232.380005,-447.889862,924.155151,70.001297,100.000000,740.039001,70.001297,-159.900009
251,5,399.940002,-519.823486,433.351746,-99.020645,100.000000,740.039001,70.001297,-159.900009
251,6,396.380005,-568.342529,575.324707,-97.516129,100.000000,740.039001,70.001297,-159.900009
251,7,444.570007,286.763153,113.290215,-82.050598,100.000000,740.039001,70.001297,-159.900009
251,8,449.369995,-163.440765,1343.530762,-83.692291,100.000000,740.039001,70.001297,-159.900009
251,9,730.830017,1081.884155,311.610626,70.001297,100.000000,740.039001,70.001297,-159.900009
251,10,272.920013,684.300598,868.674072,70.001297,100.000000,740.039001,70.001297,-159.900009
251,11,279.220001,645.541138,992.921387,70.001297,100.000000,740.039001,70.001297,-159.900009
251,12,878.390015,665.885254,1777.304443,70.001297,100.000000,740.039001,70.001297,-159.900009
251,13,599.960022,-631.381470,177.340240,-34.180664,100.000000,740.039001,70.001297,-159.900009
251,14,290.609985,-517.174622,698.282288,19.537405,100.000000,740.039001,70.001297,-159.900009
251,16,229.259995,-447.322540,863.822327,70.001297,100.000000,740.039001,70.001297,-159.900009
252,1,502.220001,-540.422424,253.934799,-101.768059,100.000000,740.039001,70.001297,-159.900009
252,2,391.299988,-572.673218,493.875671,70.001297,100.000000,740.039001,70.001297,-159.900009
252,3,301.760010,-514.541321,698.286865,-33.206703,100.000000,740.039001,70.001297,-159.900009
252,4,232.380005,-447.889862,924.155151,70.001297,100.000000,740.039001,70.001297,-159.900009
252,5,399.940002,-519.823486,433.351746,-99.020645,100.000000,740.039001,70.001297,-159.900009
252,6,396.380005,-568.342529,575.324707,-97.516129,100.000000,740.039001,70.001297,-159.900009
252,7,444.570007,286.763153,113.290215,-82.050598,100.000000,740.039001,70.001297,-159.900009
252,8,449.369995,-163.440765,1343.530762,-83.692291,100.000000,740.039001,70.001297,-159.900009
252,9,730.830017,1081.884155,311.610626,70.001297,100.000000,740.039001,70.001297,-159.900009
252,10,272.920013,684.300598,868.674072,70.001297,100.000000,740.039001,70.001297,-159.900009
252,11,279.220001,645.541138,992.921387,70.001297,100.000000,740.039001,70.001297,-159.900009
252,12,878.390015,665.885254,1777.304443,70.001297,100.000000,740.039001,70.001297,-159.900009
252,13,599.960022,-631.381470,177.340240,-34.180664,100.000000,740.039001,70.001297,-159.900009
252,14,290.609985,-517.174622,698.282288,19.537405,100.000000,740.039001,70.001297,-159.900009
252,16,229.259995,-447.322540,863.822327,70.001297,100.000000,740.039001,70.001297,-159.900009
253,1,502.220001,-540.422424,253.934799,-101.768059,100.000000,740.039001,70.001297,-159.900009
253,2,391.299988,-572.673218,493.875671,70.001297,100.000000,740.039001,70.001297,-159.900009
253,3,301.760010,-514.541321,698.286865,-33.206703,100.000000,740.039001,70.001297,-159.900009
253,4,232.380005,-447.889862,924.155151,70.001297,100.000000,740.039001,70.001297,-159.900009
253,5,399.940002,-519.823486,433.351746,-99.020645,100.000000,740.039001,70.001297,-159.900009
253,6,396.380005,-568.342529,575.324707,-97.516129,100.000000,740.039001,70.001297,-159.900009
253,7,444.570007,286.763153,113.290215,-82.050598,100.000000,740.039001,70.001297,-159.900009
253,8,449.369995,-163.440765,1343.530762,-83.692291,100.000000,740.039001,70.001297,-159.900009
253,9,730.830017,1081.884155,311.610626,70.001297,100.000000,740.039001,70.001297,-159.900009
253,10,272.920013,684.300598,868.674072,70.001297,100.000000,740.039001,70.001297,-159.900009
253,11,279.220001,645.541138,992.921387,70.001297,100.000000,740.039001,70.001297,-159.900009
253,12,878.390015,665.885254,1777.304443,70.001297,100.000000,740.039001,70.001297,-159.900009
253,13,599.960022,-631.381470,177.340240,-34.180664,100.000000,740.039001,70.001297,-159.900009
253,14,290.609985,-517.174622,698.282288,19.537405,100.000000,740.039001,70.001297,-159.900009
253,16,229.259995,-447.322540,863.822327,70.001297,100.000000,740.039001,70.001297,-159.900009
254,1,493.790009,-541.894165,359.151154,-98.884827,139.990204,770.019470,70.001297,-166.000000
254,2,478.000000,-639.157288,575.756226,70.001297,139.990204,770.019470,70.001297,-166.000000
254,3,337.989990,-509.366882,797.366028,-45.598083,139.990204,770.019470,70.001297,-166.000000
254,4,266.450012,-417.982788,1020.705078,70.001297,139.990204,770.019470,70.001297,-166.000000
254,5,392.489990,-502.362183,532.567017,-95.872139,139.990204,770.019470,70.001297,-166.000000
254,6,388.079987,-534.772400,679.078308,-94.008392,139.990204,770.019470,70.001297,-166.000000
254,7,442.309998,258.581329,129.033844,-81.277626,139.990204,770.019470,70.001297,-166.000000
254,8,439.910004,-55.678993,1389.463135,-80.456779,139.990204,770.019470,70.001297,-166.000000
254,9,733.179993,1072.900513,238.647903,70.001297,139.990204,770.019470,70.001297,-166.000000
254,10,289.190002,750.438416,839.772217,70.001297,139.990204,770.019470,70.001297,-166.000000
254,11,301.100006,730.544800,968.791992,70.001297,139.990204,770.019470,70.001297,-166.000000
254,12,927.070007,841.508667,1780.661621,70.001297,139.990204,770.019470,70.001297,-166.000000
254,14,470.000000,-653.824097,812.549072,-11.613343,139.990204,770.019470,70.001297,-166.000000
254,16,274.339996,-436.152802,952.049377,70.001297,139.990204,770.019470,70.001297,-166.000000
255,1,493.790009,-541.894165,359.151154,-98.884827,139.990204,770.019470,70.001297,-166.000000
255,2,478.000000,-639.157288,575.756226,70.001297,139.990204,770.019470,70.001297,-166.000000
255,3,337.989990,-509.366882,797.366028,-45.598083,139.990204,770.019470,70.001297,-166.000000
255,4,266.450012,-417.982788,1020.705078,70.001297,139.990204,770.019470,70.001297,-166.000000
255,5,392.489990,-502.362183,532.567017,-95.872139,139.990204,770.019470,70.001297,-166.000000
255,6,388.079987,-534.772400,679.078308,-94.008392,139.990204,770.019470,70.001297,-166.000000
255,7,442.309998,258.581329,129.033844,-81.277626,139.990204,770.019470,70.001297,-166.000000
255,8,439.910004,-55.678993,1389.463135,-80.456779,139.990204,770.019470,70.001297,-166.000000
255,9,733.179993,1072.900513,238.647903,70.001297,139.990204,770.019470,70.001297,-166.000000
255,10,289.190002,750.438416,839.772217,70.001297,139.990204,770.019470,70.001297,-166.000000
255,11,301.100006,730.544800,968.791992,70.001297,139.990204,770.019470,70.001297,-166.000000
255,12,927.070007,841.508667,1780.661621,70.001297,139.990204,770.019470,70.001297,-166.000000
255,14,470.000000,-653.824097,812.549072,-11.613343,139.990204,770.019470,70.001297,-166.000000
255,16,274.339996,-436.152802,952.049377,70.001297,139.990204,770.019470,70.001297,-166.000000
256,1,493.790009,-541.894165,359.151154,-98.884827,139.990204,770.019470,70.001297,-166.000000
256,2,478.000000,-639.157288,575.756226,70.001297,139.990204,770.019470,70.001297,-166.000000
256,3,337.989990,-509.366882,797.366028,-45.598083,139.990204,770.019470,70.001297,-166.000000
256,4,266.450012,-417.982788,1020.705078,70.001297,139.990204,770.019470,70.001297,-166.000000
256,5,392.489990,-502.362183,532.567017,-95.872139,139.990204,770.019470,70.001297,-166.000000
256,6,388.079987,-534.772400,679.078308,-94.008392,139.990204,770.019470,70.001297,-166.000000
256,7,442.309998,258.581329,129.033844,-81.277626,139.990204,770.019470,70.001297,-166.000000
256,8,439.910004,-55.678993,1389.463135,-80.456779,139.990204,770.019470,70.001297,-166.000000
256,9,733.179993,1072.900513,238.647903,70.001297,139.990204,770.019470,70.001297,-166.000000
256,10,289.190002,750.438416,839.772217,70.001297,139.990204,770.019470,70.001297,-166.000000
256,11,301.100006,730.544800,968.791992,70.001297,139.990204,770.019470,70.001297,-166.000000
256,12,927.070007,841.508667,1780.661621,70.001297,139.990204,770.019470,70.001297,-166.000000
256,14,470.000000,-653.824097,812.549072,-11.613343,139.990204,770.019470,70.001297,-166.000000
256,16,274.339996,-436.152802,952.049377,70.001297,139.990204,770.019470,70.001297,-166.000000
257,1,493.790009,-541.894165,359.151154,-98.884827,139.990204,770.019470,70.001297,-166.000000
257,2,478.000000,-639.157288,575.756226,70.001297,139.990204,770.019470,70.001297,-166.000000
257,3,337.989990,-509.366882,797.366028,-45.598083,139.990204,770.019470,70.001297,-166.000000
257,4,266.450012,-417.982788,1020.705078,70.001297,139.990204,770.019470,70.001297,-166.000000
257,5,392.489990,-502.362183,532.567017,-95.872139,139.990204,770.019470,70.001297,-166.000000
257,6,388.079987,-534.772400,679.078308,-94.008392,139.990204,770.019470,70.001297,-166.000000
257,7,442.309998,258.581329,129.033844,-81.277626,139.990204,770.019470,70.001297,-166.000000
257,8,439.910004,-55.678993,1389.463135,-80.456779,139.990204,770.019470,70.001297,-166.000000
257,9,733.179993,1072.900513,238.647903,70.001297,139.990204,770.019470,70.001297,-166.000000
257,10,289.190002,750.438416,839.772217,70.001297,139.990204,770.019470,70.001297,-166.000000
257,11,301.100006,730.544800,968.791992,70.001297,139.990204,770.019470,70.001297,-166.000000
257,12,927.070007,841.508667,1780.661621,70.001297,139.990204,770.019470,70.001297,-166.000000
257,14,470.000000,-653.824097,812.549072,-11.613343,139.990204,770.019470,70.001297,-166.000000
257,16,274.339996,-436.152802,952.049377,70.001297,139.990204,770.019470,70.001297,-166.000000
258,1,493.790009,-541.894165,359.151154,-98.884827,139.990204,770.019470,70.001297,-166.000000
258,2,478.000000,-639.157288,575.756226,70.001297,139.990204,770.019470,70.001297,-166.000000
258,3,337.989990,-509.366882,797.366028,-45.598083,139.990204,770.019470,70.001297,-166.000000
258,4,266.450012,-417.982788,1020.705078,70.001297,139.990204,770.019470,70.001297,-166.000000
258,5,392.489990,-502.362183,532.567017,-95.872139,139.990204,770.019470,70.001297,-166.000000
258,6,388.079987,-534.772400,679.078308,-94.008392,139.990204,770.019470,70.001297,-166.000000
258,7,442.309998,258.581329,129.033844,-81.277626,139.990204,770.019470,70.001297,-166.000000
258,8,439.910004,-55.678993,1389.463135,-80.456779,139.990204,770.019470,70.001297,-166.000000
258,9,733.179993,1072.900513,238.647903,70.001297,139.990204,770.019470,70.001297,-166.000000
258,10,289.190002,750.438416,839.772217,70.001297,139.990204,770.019470,70.001297,-166.000000
258,11,301.100006,730.544800,968.791992,70.001297,139.990204,770.019470,70.001297,-166.000000
258,12,927.070007,841.508667,1780.661621,70.001297,139.990204,770.019470,70.001297,-166.000000
258,14,470.000000,-653.824097,812.549072,-11.613343,139.990204,770.019470,70.001297,-166.000000
258,16,274.339996,-436.152802,952.049377,70.001297,139.990204,770.019470,70.001297,-166.000000
259,1,493.790009,-541.894165,359.151154,-98.884827,139.990204,770.019470,70.001297,-166.000000
259,2,478.000000,-639.157288,575.756226,70.001297,139.990204,770.019470,70.001297,-166.000000
259,3,337.989990,-509.366882,797.366028,-45.598083,139.990204,770.019470,70.001297,-166.000000
259,4,266.450012,-417.982788,1020.705078,70.001297,139.990204,770.019470,70.001297,-166.000000
259,5,392.489990,-502.362183,532.567017,-95.872139,139.990204,770.019470,70.001297,-166.000000
259,6,388.079987,-534.772400,679.078308,-94.008392,139.990204,770.019470,70.001297,-166.000000
259,7,442.309998,258.581329,129.033844,-81.277626,139.990204,770.019470,70.001297,-166.000000
259,8,439.910004,-55.678993,1389.463135,-80.456779,139.990204,770.019470,70.001297,-166.000000
259,9,733.179993,1072.900513,238.647903,70.001297,139.990204,770.019470,70.001297,-166.000000
259,10,289.190002,750.438416,839.772217,70.001297,139.990204,770.019470,70.001297,-166.000000
259,11,301.100006,730.544800,968.791992,70.001297,139.990204,770.019470,70.001297,-166.000000
259,12,927.070007,841.508667,1780.661621,70.001297,139.990204,770.019470,70.001297,-166.000000
259,14,470.000000,-653.824097,812.549072,-11.613343,139.990204,770.019470,70.001297,-166.000000
259,16,274.339996,-436.152802,952.049377,70.001297,139.990204,770.019470,70.001297,-166.000000
260,1,493.790009,-541.894165,359.151154,-98.884827,139.990204,770.019470,70.001297,-166.000000
260,2,478.000000,-639.157288,575.756226,70.001297,139.990204,770.019470,70.001297,-166.000000
260,3,337.989990,-509.366882,797.366028,-45.598083,139.990204,770.019470,70.001297,-166.000000
260,4,266.450012,-417.982788,1020.705078,70.001297,139.990204,770.019470,70.001297,-166.000000
260,5,392.489990,-502.362183,532.567017,-95.872139,139.990204,770.019470,70.001297,-166.000000
260,6,388.079987,-534.772400,679.078308,-94.008392,139.990204,770.019470,70.001297,-166.000000
260,7,442.309998,258.581329,129.033844,-81.277626,139.990204,770.019470,70.001297,-166.000000
260,8,439.910004,-55.678993,1389.463135,-80.456779,139.990204,770.019470,70.001297,-166.000000
260,9,733.179993,1072.900513,238.647903,70.001297,139.990204,770.019470,70.001297,-166.000000
260,10,289.190002,750.438416,839.772217,70.001297,139.990204,770.019470,70.001297,-166.000000
260,11,301.100006,730.544800,968.791992,70.001297,139.990204,770.019470,70.001297,-166.000000
260,12,927.070007,841.508667,1780.661621,70.001297,139.990204,770.019470,70.001297,-166.000000
260,14,470.000000,-653.824097,812.549072,-11.613343,139.990204,770.019470,70.001297,-166.000000
260,16,274.339996,-436.152802,952.049377,70.001297,139.990204,770.019470,70.001297,-166.000000
261,1,493.790009,-541.894165,359.151154,-98.884827,139.990204,770.019470,70.001297,-166.000000
261,2,478.000000,-639.157288,575.756226,70.001297,139.990204,770.019470,70.001297,-166.000000
261,3,337.989990,-509.366882,797.366028,-45.598083,139.990204,770.019470,70.001297,-166.000000
261,4,266.450012,-417.982788,1020.705078,70.001297,139.990204,770.019470,70.001297,-166.000000
261,5,392.489990,-502.362183,532.567017,-95.872139,139.990204,770.019470,70.001297,-166.000000
261,6,388.079987,-534.772400,679.078308,-94.008392,139.990204,770.019470,70.001297,-166.000000
261,7,442.309998,258.581329,129.033844,-81.277626,139.990204,770.019470,70.001297,-166.000000
261,8,439.910004,-55.678993,1389.463135,-80.456779,139.990204,770.019470,70.001297,-166.000000
261,9,733.179993,1072.900513,238.647903,70.001297,139.990204,770.019470,70.001297,-166.000000
261,10,289.190002,750.438416,839.772217,70.001297,139.990204,770.019470,70.001297,-166.000000
261,11,301.100006,730.544800,968.791992,70.001297,139.990204,770.019470,70.001297,-166.000000
261,12,927.070007,841.508667,1780.661621,70.001297,139.990204,770.019470,70.001297,-166.000000
261,14,470.000000,-653.824097,812.549072,-11.613343,139.990204,770.019470,70.001297,-166.000000
261,16,274.339996,-436.152802,952.049377,70.001297,139.990204,770.019470,70.001297,-166.000000
262,1,493.790009,-541.894165,359.151154,-98.884827,139.990204,770.019470,70.001297,-166.000000
262,2,478.000000,-639.157288,575.756226,70.001297,139.990204,770.019470,70.001297,-166.000000
262,3,337.989990,-509.366882,797.366028,-45.598083,139.990204,770.019470,70.001297,-166.000000
262,4,266.450012,-417.982788,1020.705078,70.001297,139.990204,770.019470,70.001297,-166.000000
262,5,392.489990,-502.362183,532.567017,-95.872139,139.990204,770.019470,70.001297,-166.000000
262,6,388.079987,-534.772400,679.078308,-94.008392,139.990204,770.019470,70.001297,-166.000000
262,7,442.309998,258.581329,129.033844,-81.277626,139.990204,770.019470,70.001297,-166.000000
262,8,439.910004,-55.678993,1389.463135,-80.456779,139.990204,770.019470,70.001297,-166.000000
262,9,733.179993,1072.900513,238.647903,70.001297,139.990204,770.019470,70.001297,-166.000000
262,10,289.190002,750.438416,839.772217,70.001297,139.990204,770.019470,70.001297,-166.000000
262,11,301.100006,730.544800,968.791992,70.001297,139.990204,770.019470,70.001297,-166.000000
262,12,927.070007,841.508667,1780.661621,70.001297,139.990204,770.019470,70.001297,-166.000000
262,14,470.000000,-653.824097,812.549072,-11.613343,139.990204,770.019470,70.001297,-166.000000
262,16,274.339996,-436.152802,952.049377,70.001297,139.990204,770.019470,70.001297,-166.000000
263,1,493.790009,-541.894165,359.151154,-98.884827,139.990204,770.019470,70.001297,-166.000000
263,2,478.000000,-639.157288,575.756226,70.001297,139.990204,770.019470,70.001297,-166.000000
263,3,337.989990,-509.366882,797.366028,-45.598083,139.990204,770.019470,70.001297,-166.000000
263,4,266.450012,-417.982788,1020.705078,70.001297,139.990204,770.019470,70.001297,-166.000000
263,5,392.489990,-502.362183,532.567017,-95.872139,139.990204,770.019470,70.001297,-166.000000
263,6,388.079987,-534.772400,679.078308,-94.008392,139.990204,770.019470,70.001297,-166.000000
263,7,442.309998,258.581329,129.033844,-81.277626,139.990204,770.019470,70.001297,-166.000000
263,8,439.910004,-55.678993,1389.463135,-80.456779,139.990204,770.019470,70.001297,-166.000000
263,9,733.179993,1072.900513,238.647903,70.001297,139.990204,770.019470,70.001297,-166.000000
263,10,289.190002,750.438416,839.772217,70.001297,139.990204,770.019470,70.001297,-166.000000
263,11,301.100006,730.544800,968.791992,70.001297,139.990204,770.019470,70.001297,-166.000000
263,12,927.070007,841.508667,1780.661621,70.001297,139.990204,770.019470,70.001297,-166.000000
263,14,470.000000,-653.824097,812.549072,-11.613343,139.990204,770.019470,70.001297,-166.000000
263,16,274.339996,-436.152802,952.049377,70.001297,139.990204,770.019470,70.001297,-166.000000
264,1,493.790009,-541.894165,359.151154,-98.884827,139.990204,770.019470,70.001297,-166.000000
264,2,478.000000,-639.157288,575.756226,70.001297,139.990204,770.019470,70.001297,-166.000000
264,3,337.989990,-509.366882,797.366028,-45.598083,139.990204,770.019470,70.001297,-166.000000
264,4,266.450012,-417.982788,1020.705078,70.001297,139.990204,770.019470,70.001297,-166.000000
264,5,392.489990,-502.362183,532.567017,-95.872139,139.990204,770.019470,70.001297,-166.000000
264,6,388.079987,-534.772400,679.078308,-94.008392,139.990204,770.019470,70.001297,-166.000000
264,7,442.309998,258.581329,129.033844,-81.277626,139.990204,770.019470,70.001297,-166.000000
264,8,439.910004,-55.678993,1389.463135,-80.456779,139.990204,770.019470,70.001297,-166.000000
264,9,733.179993,1072.900513,238.647903,70.001297,139.990204,770.019470,70.001297,-166.000000
264,10,289.190002,750.438416,839.772217,70.001297,139.990204,770.019470,70.001297,-166.000000
264,11,301.100006,730.544800,968.791992,70.001297,139.990204,770.019470,70.001297,-166.000000
264,12,927.070007,841.508667,1780.661621,70.001297,139.990204,770.019470,70.001297,-166.000000
264,14,470.000000,-653.824097,812.549072,-11.613343,139.990204,770.019470,70.001297,-166.000000
264,16,274.339996,-436.152802,952.049377,70.001297,139.990204,770.019470,70.001297,-166.000000
265,1,493.790009,-541.894165,359.151154,-98.884827,139.990204,770.019470,70.001297,-166.000000
265,2,478.000000,-639.157288,575.756226,70.001297,139.990204,770.019470,70.001297,-166.000000
265,3,337.989990,-509.366882,797.366028,-45.598083,139.990204,770.019470,70.001297,-166.000000
265,4,266.450012,-417.982788,1020.705078,70.001297,139.990204,770.019470,70.001297,-166.000000
265,5,392.489990,-502.362183,532.567017,-95.872139,139.990204,770.019470,70.001297,-166.000000
265,6,388.079987,-534.772400,679.078308,-94.008392,139.990204,770.019470,70.001297,-166.000000
265,7,442.309998,258.581329,129.033844,-81.277626,139.990204,770.019470,70.001297,-166.000000
265,8,439.910004,-55.678993,1389.463135,-80.456779,139.990204,770.019470,70.001297,-166.000000
265,9,733.179993,1072.900513,238.647903,70.001297,139.990204,770.019470,70.001297,-166.000000
265,10,289.190002,750.438416,839.772217,70.001297,139.990204,770.019470,70.001297,-166.000000
265,11,301.100006,730.544800,968.791992,70.001297,139.990204,770.019470,70.001297,-166.000000
265,12,927.070007,841.508667,1780.661621,70.001297,139.990204,770.019470,70.001297,-166.000000
265,14,470.000000,-653.824097,812.549072,-11.613343,139.990204,770.019470,70.001297,-166.000000
265,16,274.339996,-436.152802,952.049377,70.001297,139.990204,770.019470,70.001297,-166.000000
266,1,493.790009,-541.894165,359.151154,-98.884827,139.990204,770.019470,70.001297,-166.000000
266,2,478.000000,-639.157288,575.756226,70.001297,139.990204,770.019470,70.001297,-166.000000
266,3,337.989990,-509.366882,797.366028,-45.598083,139.990204,770.019470,70.001297,-166.000000
266,4,266.450012,-417.982788,1020.705078,70.001297,139.990204,770.019470,70.001297,-166.000000
266,5,392.489990,-502.362183,532.567017,-95.872139,139.990204,770.019470,70.001297,-166.000000
266,6,388.079987,-534.772400,679.078308,-94.008392,139.990204,770.019470,70.001297,-166.000000
266,7,442.309998,258.581329,129.033844,-81.277626,139.990204,770.019470,70.001297,-166.000000
266,8,439.910004,-55.678993,1389.463135,-80.456779,139.990204,770.019470,70.001297,-166.000000
266,9,733.179993,1072.900513,238.647903,70.001297,139.990204,770.019470,70.001297,-166.000000
266,10,289.190002,750.438416,839.772217,70.001297,139.990204,770.019470,70.001297,-166.000000
266,11,301.100006,730.544800,968.791992,70.001297,139.990204,770.019470,70.001297,-166.000000
266,12,927.070007,841.508667,1780.661621,70.001297,139.990204,770.019470,70.001297,-166.000000
266,14,470.000000,-653.824097,812.549072,-11.613343,139.990204,770.019470,70.001297,-166.000000
266,16,274.339996,-436.152802,952.049377,70.001297,139.990204,770.019470,70.001297,-166.000000
267,1,493.790009,-541.894165,359.151154,-98.884827,139.990204,770.019470,70.001297,-166.000000
267,2,478.000000,-639.157288,575.756226,70.001297,139.990204,770.019470,70.001297,-166.000000
267,3,337.989990,-509.366882,797.366028,-45.598083,139.990204,770.019470,70.001297,-166.000000
267,4,266.450012,-417.982788,1020.705078,70.001297,139.990204,770.019470,70.001297,-166.000000
267,5,392.489990,-502.362183,532.567017,-95.872139,139.990204,770.019470,70.001297,-166.000000
267,6,388.079987,-534.772400,679.078308,-94.008392,139.990204,770.019470,70.001297,-166.000000
267,7,442.309998,258.581329,129.033844,-81.277626,139.990204,770.019470,70.001297,-166.000000
267,8,439.910004,-55.678993,1389.463135,-80.456779,139.990204,770.019470,70.001297,-166.000000
267,9,733.179993,1072.900513,238.647903,70.001297,139.990204,770.019470,70.001297,-166.000000
267,10,289.190002,750.438416,839.772217,70.001297,139.990204,770.019470,70.001297,-166.000000
267,11,301.100006,730.544800,968.791992,70.001297,139.990204,770.019470,70.001297,-166.000000
267,12,927.070007,841.508667,1780.661621,70.001297,139.990204,770.019470,70.001297,-166.000000
267,14,470.000000,-653.824097,812.549072,-11.613343,139.990204,770.019470,70.001297,-166.000000
267,16,274.339996,-436.152802,952.049377,70.001297,139.990204,770.019470,70.001297,-166.000000
268,1,481.190002,-524.961304,500.795715,-104.585075,200.000000,799.999878,59.991600,-174.600006
268,2,631.510010,-752.265015,709.984436,59.991600,200.000000,799.999878,59.991600,-174.600006
268,3,466.380005,-554.718018,954.552307,-99.519753,200.000000,799.999878,59.991600,-174.600006
268,4,339.149994,-380.314423,1161.567139,59.991600,200.000000,799.999878,59.991600,-174.600006
268,5,384.040009,-463.013275,661.992432,-102.310722,200.000000,799.999878,59.991600,-174.600006
268,6,380.649994,-474.070740,811.615845,-100.878036,200.000000,799.999878,59.991600,-174.600006
268,7,424.920013,219.869812,164.756378,-85.339607,200.000000,799.999878,59.991600,-174.600006
268,8,441.309998,99.035820,1443.047974,-90.945305,200.000000,799.999878,59.991600,-174.600006
268,9,709.640015,1023.585510,148.466721,59.991600,200.000000,799.999878,59.991600,-174.600006
268,10,312.109985,836.833313,779.841675,59.991600,200.000000,799.999878,59.991600,-174.600006
268,11,325.309998,837.740662,910.506958,59.991600,200.000000,799.999878,59.991600,-174.600006
268,13,929.080017,-943.019897,302.286957,-101.341454,200.000000,799.999878,59.991600,-174.600006
268,14,567.000000,-670.971008,984.833923,-38.466915,200.000000,799.999878,59.991600,-174.600006
268,16,359.399994,-426.313965,1080.322266,59.991600,200.000000,799.999878,59.991600,-174.600006
269,1,481.190002,-524.961304,500.795715,-104.585075,200.000000,799.999878,59.991600,-174.600006
269,2,631.510010,-752.265015,709.984436,59.991600,200.000000,799.999878,59.991600,-174.600006
269,3,466.380005,-554.718018,954.552307,-99.519753,200.000000,799.999878,59.991600,-174.600006
269,4,339.149994,-380.314423,1161.567139,59.991600,200.000000,799.999878,59.991600,-174.600006
269,5,384.040009,-463.013275,661.992432,-102.310722,200.000000,799.999878,59.991600,-174.600006
269,6,380.649994,-474.070740,811.615845,-100.878036,200.000000,799.999878,59.991600,-174.600006
269,7,424.920013,219.869812,164.756378,-85.339607,200.000000,799.999878,59.991600,-174.600006
269,8,441.309998,99.035820,1443.047974,-90.945305,200.000000,799.999878,59.991600,-174.600006
269,9,709.640015,1023.585510,148.466721,59.991600,200.000000,799.999878,59.991600,-174.600006
269,10,312.109985,836.833313,779.841675,59.991600,200.000000,799.999878,59.991600,-174.600006
269,11,325.309998,837.740662,910.506958,59.991600,200.000000,799.999878,59.991600,-174.600006
269,13,929.080017,-943.019897,302.286957,-101.341454,200.000000,799.999878,59.991600,-174.600006
269,14,567.000000,-670.971008,984.833923,-38.466915,200.000000,799.999878,59.991600,-174.600006
269,16,359.399994,-426.313965,1080.322266,59.991600,200.000000,799.999878,59.991600,-174.600006
270,1,481.190002,-524.961304,500.795715,-104.585075,200.000000,799.999878,59.991600,-174.600006
270,2,631.510010,-752.265015,709.984436,59.991600,200.000000,799.999878,59.991600,-174.600006
270,3,466.380005,-554.718018,954.552307,-99.519753,200.000000,799.999878,59.991600,-174.600006
270,4,339.149994,-380.314423,1161.567139,59.991600,200.000000,799.999878,59.991600,-174.600006
270,5,384.040009,-463.013275,661.992432,-102.310722,200.000000,799.999878,59.991600,-174.600006
270,6,380.649994,-474.070740,811.615845,-100.878036,200.000000,799.999878,59.991600,-174.600006
270,7,424.920013,219.869812,164.756378,-85.339607,200.000000,799.999878,59.991600,-174.600006
270,8,441.309998,99.035820,1443.047974,-90.945305,200.000000,799.999878,59.991600,-174.600006
270,9,709.640015,1023.585510,148.466721,59.991600,200.000000,799.999878,59.991600,-174.600006
270,10,312.109985,836.833313,779.841675,59.991600,200.000000,799.999878,59.991600,-174.600006
270,11,325.309998,837.740662,910.506958,59.991600,200.000000,799.999878,59.991600,-174.600006
270,13,929.080017,-943.019897,302.286957,-101.341454,200.000000,799.999878,59.991600,-174.600006
270,14,567.000000,-670.971008,984.833923,-38.466915,200.000000,799.999878,59.991600,-174.600006
270,16,359.399994,-426.313965,1080.322266,59.991600,200.000000,799.999878,59.991600,-174.600006
271,1,481.190002,-524.961304,500.795715,-104.585075,200.000000,799.999878,59.991600,-174.600006
271,2,631.510010,-752.265015,709.984436,59.991600,200.000000,799.999878,59.991600,-174.600006
271,3,466.380005,-554.718018,954.552307,-99.519753,200.000000,799.999878,59.991600,-174.600006
271,4,339.149994,-380.314423,1161.567139,59.991600,200.000000,799.999878,59.991600,-174.600006
271,5,384.040009,-463.013275,661.992432,-102.310722,200.000000,799.999878,59.991600,-174.600006
271,6,380.649994,-474.070740,811.615845,-100.878036,200.000000,799.999878,59.991600,-174.600006
271,7,424.920013,219.869812,164.756378,-85.339607,200.000000,799.999878,59.991600,-174.600006
271,8,441.309998,99.035820,1443.047974,-90.945305,200.000000,799.999878,59.991600,-174.600006
271,9,709.640015,1023.585510,148.466721,59.991600,200.000000,799.999878,59.991600,-174.600006
271,10,312.109985,836.833313,779.841675,59.991600,200.000000,799.999878,59.991600,-174.600006
271,11,325.309998,837.740662,910.506958,59.991600,200.000000,799.999878,59.991600,-174.600006
271,13,929.080017,-943.019897,302.286957,-101.341454,200.000000,799.999878,59.991600,-174.600006
271,14,567.000000,-670.971008,984.833923,-38.466915,200.000000,799.999878,59.991600,-174.600006
271,16,359.399994,-426.313965,1080.322266,59.991600,200.000000,799.999878,59.991600,-174.600006
272,1,481.190002,-524.961304,500.795715,-104.585075,200.000000,799.999878,59.991600,-174.600006
272,2,631.510010,-752.265015,709.984436,59.991600,200.000000,799.999878,59.991600,-174.600006
272,3,466.380005,-554.718018,954.552307,-99.519753,200.000000,799.999878,59.991600,-174.600006
272,4,339.149994,-380.314423,1161.567139,59.991600,200.000000,799.999878,59.991600,-174.600006
272,5,384.040009,-463.013275,661.992432,-102.310722,200.000000,799.999878,59.991600,-174.600006
272,6,380.649994,-474.070740,811.615845,-100.878036,200.000000,799.999878,59.991600,-174.600006
272,7,424.920013,219.869812,164.756378,-85.339607,200.000000,799.999878,59.991600,-174.600006
272,8,441.309998,99.035820,1443.047974,-90.945305,200.000000,799.999878,59.991600,-174.600006
272,9,709.640015,1023.585510,148.466721,59.991600,200.000000,799.999878,59.991600,-174.600006
272,10,312.109985,836.833313,779.841675,59.991600,200.000000,799.999878,59.991600,-174.600006
272,11,325.309998,837.740662,910.506958,59.991600,200.000000,799.999878,59.991600,-174.600006
272,13,929.080017,-943.019897,302.286957,-101.341454,200.000000,799.999878,59.991600,-174.600006
272,14,567.000000,-670.971008,984.833923,-38.466915,200.000000,799.999878,59.991600,-174.600006
272,16,359.399994,-426.313965,1080.322266,59.991600,200.000000,799.999878,59.991600,-174.600006
273,1,481.190002,-524.961304,500.795715,-104.585075,200.000000,799.999878,59.991600,-174.600006
273,2,631.510010,-752.265015,709.984436,59.991600,200.000000,799.999878,59.991600,-174.600006
273,3,466.380005,-554.718018,954.552307,-99.519753,200.000000,799.999878,59.991600,-174.600006
273,4,339.149994,-380.314423,1161.567139,59.991600,200.000000,799.999878,59.991600,-174.600006
273,5,384.040009,-463.013275,661.992432,-102.310722,200.000000,799.999878,59.991600,-174.600006
273,6,380.649994,-474.070740,811.615845,-100.878036,200.000000,799.999878,59.991600,-174.600006
273,7,424.920013,219.869812,164.756378,-85.339607,200.000000,799.999878,59.991600,-174.600006
273,8,441.309998,99.035820,1443.047974,-90.945305,200.000000,799.999878,59.991600,-174.600006
273,9,709.640015,1023.585510,148.466721,59.991600,200.000000,799.999878,59.991600,-174.600006
273,10,312.109985,836.833313,779.841675,59.991600,200.000000,799.999878,59.991600,-174.600006
273,11,325.309998,837.740662,910.506958,59.991600,200.000000,799.999878,59.991600,-174.600006
273,13,929.080017,-943.019897,302.286957,-101.341454,200.000000,799.999878,59.991600,-174.600006
273,14,567.000000,-670.971008,984.833923,-38.466915,200.000000,799.999878,59.991600,-174.600006
273,16,359.399994,-426.313965,1080.322266,59.991600,200.000000,799.999878,59.991600,-174.600006
274,1,481.190002,-524.961304,500.795715,-104.585075,200.000000,799.999878,59.991600,-174.600006
274,2,631.510010,-752.265015,709.984436,59.991600,200.000000,799.999878,59.991600,-174.600006
274,3,466.380005,-554.718018,954.552307,-99.519753,200.000000,799.999878,59.991600,-174.600006
274,4,339.149994,-380.314423,1161.567139,59.991600,200.000000,799.999878,59.991600,-174.600006
274,5,384.040009,-463.013275,661.992432,-102.310722,200.000000,799.999878,59.991600,-174.600006
274,6,380.649994,-474.070740,811.615845,-100.878036,200.000000,799.999878,59.991600,-174.600006
274,7,424.920013,219.869812,164.756378,-85.339607,200.000000,799.999878,59.991600,-174.600006
274,8,441.309998,99.035820,1443.047974,-90.945305,200.000000,799.999878,59.991600,-174.600006
274,9,709.640015,1023.585510,148.466721,59.991600,200.000000,799.999878,59.991600,-174.600006
274,10,312.109985,836.833313,779.841675,59.991600,200.000000,799.999878,59.991600,-174.600006
274,11,325.309998,837.740662,910.506958,59.991600,200.000000,799.999878,59.991600,-174.600006
274,13,929.080017,-943.019897,302.286957,-101.341454,200.000000,799.999878,59.991600,-174.600006
274,14,567.000000,-670.971008,984.833923,-38.466915,200.000000,799.999878,59.991600,-174.600006
274,16,359.399994,-426.313965,1080.322266,59.991600,200.000000,799.999878,59.991600,-174.600006
275,1,481.190002,-524.961304,500.795715,-104.585075,200.000000,799.999878,59.991600,-174.600006
275,2,631.510010,-752.265015,709.984436,59.991600,200.000000,799.999878,59.991600,-174.600006
275,3,466.380005,-554.718018,954.552307,-99.519753,200.000000,799.999878,59.991600,-174.600006
275,4,339.149994,-380.314423,1161.567139,59.991600,200.000000,799.999878,59.991600,-174.600006
275,5,384.040009,-463.013275,661.992432,-102.310722,200.000000,799.999878,59.991600,-174.600006
275,6,380.649994,-474.070740,811.615845,-100.878036,200.000000,799.999878,59.991600,-174.600006
275,7,424.920013,219.869812,164.756378,-85.339607,200.000000,799.999878,59.991600,-174.600006
275,8,441.309998,99.035820,1443.047974,-90.945305,200.000000,799.999878,59.991600,-174.600006
275,9,709.640015,1023.585510,148.466721,59.991600,200.000000,799.999878,59.991600,-174.600006
275,10,312.109985,836.833313,779.841675,59.991600,200.000000,799.999878,59.991600,-174.600006
275,11,325.309998,837.740662,910.506958,59.991600,200.000000,799.999878,59.991600,-174.600006
275,13,929.080017,-943.019897,302.286957,-101.341454,200.000000,799.999878,59.991600,-174.600006
275,14,567.000000,-670.971008,984.833923,-38.466915,200.000000,799.999878,59.991600,-174.600006
275,16,359.399994,-426.313965,1080.322266,59.991600,200.000000,799.999878,59.991600,-174.600006
276,1,481.190002,-524.961304,500.795715,-104.585075,200.000000,799.999878,59.991600,-174.600006
276,2,631.510010,-752.265015,709.984436,59.991600,200.000000,799.999878,59.991600,-174.600006
276,3,466.380005,-554.718018,954.552307,-99.519753,200.000000,799.999878,59.991600,-174.600006
276,4,339.149994,-380.314423,1161.567139,59.991600,200.000000,799.999878,59.991600,-174.600006
276,5,384.040009,-463.013275,661.992432,-102.310722,200.000000,799.999878,59.991600,-174.600006
276,6,380.649994,-474.070740,811.615845,-100.878036,200.000000,799.999878,59.991600,-174.600006
276,7,424.920013,219.869812,164.756378,-85.339607,200.000000,799.999878,59.991600,-174.600006
276,8,441.309998,99.035820,1443.047974,-90.945305,200.000000,799.999878,59.991600,-174.600006
276,9,709.640015,1023.585510,148.466721,59.991600,200.000000,799.999878,59.991600,-174.600006
276,10,312.109985,836.833313,779.841675,59.991600,200.000000,799.999878,59.991600,-174.600006
276,11,325.309998,837.740662,910.506958,59.991600,200.000000,799.999878,59.991600,-174.600006
276,13,929.080017,-943.019897,302.286957,-101.341454,200.000000,799.999878,59.991600,-174.600006
276,14,567.000000,-670.971008,984.833923,-38.466915,200.000000,799.999878,59.991600,-174.600006
276,16,359.399994,-426.313965,1080.322266,59.991600,200.000000,799.999878,59.991600,-174.600006
277,1,481.190002,-524.961304,500.795715,-104.585075,200.000000,799.999878,59.991600,-174.600006
277,2,631.510010,-752.265015,709.984436,59.991600,200.000000,799.999878,59.991600,-174.600006
277,3,466.380005,-554.718018,954.552307,-99.519753,200.000000,799.999878,59.991600,-174.600006
277,4,339.149994,-380.314423,1161.567139,59.991600,200.000000,799.999878,59.991600,-174.600006
277,5,384.040009,-463.013275,661.992432,-102.310722,200.000000,799.999878,59.991600,-174.600006
277,6,380.649994,-474.070740,811.615845,-100.878036,200.000000,799.999878,59.991600,-174.600006
277,7,424.920013,219.869812,164.756378,-85.339607,200.000000,799.999878,59.991600,-174.600006
277,8,441.309998,99.035820,1443.047974,-90.945305,200.000000,799.999878,59.991600,-174.600006
277,9,709.640015,1023.585510,148.466721,59.991600,200.000000,799.999878,59.991600,-174.600006
277,10,312.109985,836.833313,779.841675,59.991600,200.000000,799.999878,59.991600,-174.600006
277,11,325.309998,837.740662,910.506958,59.991600,200.000000,799.999878,59.991600,-174.600006
277,13,929.080017,-943.019897,302.286957,-101.341454,200.000000,799.999878,59.991600,-174.600006
277,14,567.000000,-670.971008,984.833923,-38.466915,200.000000,799.999878,59.991600,-174.600006
277,16,359.399994,-426.313965,1080.322266,59.991600,200.000000,799.999878,59.991600,-174.600006
278,1,488.670013,-513.553345,663.391357,-107.143387,260.009796,829.980408,59.991600,175.100006
278,3,472.519989,-460.145081,1119.416504,-101.619751,260.009796,829.980408,59.991600,175.100006
278,4,582.049988,-445.518829,1428.456665,59.991600,260.009796,829.980408,59.991600,175.100006
278,5,389.700012,-422.106049,813.183167,-104.702744,260.009796,829.980408,59.991600,175.100006
278,6,385.700012,-405.681549,962.325317,-103.012268,260.009796,829.980408,59.991600,175.100006
278,7,418.600006,166.483871,207.338181,-83.178032,260.009796,829.980408,59.991600,175.100006
278,8,436.250000,275.244781,1475.980957,-89.214691,260.009796,829.980408,59.991600,175.100006
278,9,694.020020,942.763550,52.713600,59.991600,260.009796,829.980408,59.991600,175.100006
278,10,314.769989,885.626526,696.052734,59.991600,260.009796,829.980408,59.991600,175.100006
278,11,332.570007,914.465698,824.057190,59.991600,260.009796,829.980408,59.991600,175.100006
278,13,959.140015,-982.163696,536.950500,-106.561317,260.009796,829.980408,59.991600,175.100006
278,14,713.719971,-694.936523,1228.403076,-63.944572,260.009796,829.980408,59.991600,175.100006
278,16,584.020020,-517.296509,1294.227661,59.991600,260.009796,829.980408,59.991600,175.100006
279,1,488.670013,-513.553345,663.391357,-107.143387,260.009796,829.980408,59.991600,175.100006
279,3,472.519989,-460.145081,1119.416504,-101.619751,260.009796,829.980408,59.991600,175.100006
279,4,582.049988,-445.518829,1428.456665,59.991600,260.009796,829.980408,59.991600,175.100006
279,5,389.700012,-422.106049,813.183167,-104.702744,260.009796,829.980408,59.991600,175.100006
279,6,385.700012,-405.681549,962.325317,-103.012268,260.009796,829.980408,59.991600,175.100006
279,7,418.600006,166.483871,207.338181,-83.178032,260.009796,829.980408,59.991600,175.100006
279,8,436.250000,275.244781,1475.980957,-89.214691,260.009796,829.980408,59.991600,175.100006
279,9,694.020020,942.763550,52.713600,59.991600,260.009796,829.980408,59.991600,175.100006
279,10,314.769989,885.626526,696.052734,59.991600,260.009796,829.980408,59.991600,175.100006
279,11,332.570007,914.465698,824.057190,59.991600,260.009796,829.980408,59.991600,175.100006
279,13,959.140015,-982.163696,536.950500,-106.561317,260.009796,829.980408,59.991600,175.100006
279,14,713.719971,-694.936523,1228.403076,-63.944572,260.009796,829.980408,59.991600,175.100006
279,16,584.020020,-517.296509,1294.227661,59.991600,260.009796,829.980408,59.991600,175.100006
280,1,488.670013,-513.553345,663.391357,-107.143387,260.009796,829.980408,59.991600,175.100006
280,3,472.519989,-460.145081,1119.416504,-101.619751,260.009796,829.980408,59.991600,175.100006
280,4,582.049988,-445.518829,1428.456665,59.991600,260.009796,829.980408,59.991600,175.100006
280,5,389.700012,-422.106049,813.183167,-104.702744,260.009796,829.980408,59.991600,175.100006
280,6,385.700012,-405.681549,962.325317,-103.012268,260.009796,829.980408,59.991600,175.100006
280,7,418.600006,166.483871,207.338181,-83.178032,260.009796,829.980408,59.991600,175.100006
280,8,436.250000,275.244781,1475.980957,-89.214691,260.009796,829.980408,59.991600,175.100006
280,9,694.020020,942.763550,52.713600,59.991600,260.009796,829.980408,59.991600,175.100006
280,10,314.769989,885.626526,696.052734,59.991600,260.009796,829.980408,59.991600,175.100006
280,11,332.570007,914.465698,824.057190,59.991600,260.009796,829.980408,59.991600,175.100006
280,13,959.140015,-982.163696,536.950500,-106.561317,260.009796,829.980408,59.991600,175.100006
280,14,713.719971,-694.936523,1228.403076,-63.944572,260.009796,829.980408,59.991600,175.100006
280,16,584.020020,-517.296509,1294.227661,59.991600,260.009796,829.980408,59.991600,175.100006
281,1,488.670013,-513.553345,663.391357,-107.143387,260.009796,829.980408,59.991600,175.100006
281,3,472.519989,-460.145081,1119.416504,-101.619751,260.009796,829.980408,59.991600,175.100006
281,4,582.049988,-445.518829,1428.456665,59.991600,260.009796,829.980408,59.991600,175.100006
281,5,389.700012,-422.106049,813.183167,-104.702744,260.009796,829.980408,59.991600,175.100006
281,6,385.700012,-405.681549,962.325317,-103.012268,260.009796,829.980408,59.991600,175.100006
281,7,418.600006,166.483871,207.338181,-83.178032,260.009796,829.980408,59.991600,175.100006
281,8,436.250000,275.244781,1475.980957,-89.214691,260.009796,829.980408,59.991600,175.100006
281,9,694.020020,942.763550,52.713600,59.991600,260.009796,829.980408,59.991600,175.100006
281,10,314.769989,885.626526,696.052734,59.991600,260.009796,829.980408,59.991600,175.100006
281,11,332.570007,914.465698,824.057190,59.991600,260.009796,829.980408,59.991600,175.100006
281,13,959.140015,-982.163696,536.950500,-106.561317,260.009796,829.980408,59.991600,175.100006
281,14,713.719971,-694.936523,1228.403076,-63.944572,260.009796,829.980408,59.991600,175.100006
281,16,584.020020,-517.296509,1294.227661,59.991600,260.009796,829.980408,59.991600,175.100006
282,1,488.670013,-513.553345,663.391357,-107.143387,260.009796,829.980408,59.991600,175.100006
282,3,472.519989,-460.145081,1119.416504,-101.619751,260.009796,829.980408,59.991600,175.100006
282,4,582.049988,-445.518829,1428.456665,59.991600,260.009796,829.980408,59.991600,175.100006
282,5,389.700012,-422.106049,813.183167,-104.702744,260.009796,829.980408,59.991600,175.100006
282,6,385.700012,-405.681549,962.325317,-103.012268,260.009796,829.980408,59.991600,175.100006
282,7,418.600006,166.483871,207.338181,-83.178032,260.009796,829.980408,59.991600,175.100006
282,8,436.250000,275.244781,1475.980957,-89.214691,260.009796,829.980408,59.991600,175.100006
282,9,694.020020,942.763550,52.713600,59.991600,260.009796,829.980408,59.991600,175.100006
282,10,314.769989,885.626526,696.052734,59.991600,260.009796,829.980408,59.991600,175.100006
282,11,332.570007,914.465698,824.057190,59.991600,260.009796,829.980408,59.991600,175.100006
282,13,959.140015,-982.163696,536.950500,-106.561317,260.009796,829.980408,59.991600,175.100006
282,14,713.719971,-694.936523,1228.403076,-63.944572,260.009796,829.980408,59.991600,175.100006
282,16,584.020020,-517.296509,1294.227661,59.991600,260.009796,829.980408,59.991600,175.100006
283,1,488.670013,-513.553345,663.391357,-107.143387,260.009796,829.980408,59.991600,175.100006
283,3,472.519989,-460.145081,1119.416504,-101.619751,260.009796,829.980408,59.991600,175.100006
283,4,582.049988,-445.518829,1428.456665,59.991600,260.009796,829.980408,59.991600,175.100006
283,5,389.700012,-422.106049,813.183167,-104.702744,260.009796,829.980408,59.991600,175.100006
283,6,385.700012,-405.681549,962.325317,-103.012268,260.009796,829.980408,59.991600,175.100006
283,7,418.600006,166.483871,207.338181,-83.178032,260.009796,829.980408,59.991600,175.100006
283,8,436.250000,275.244781,1475.980957,-89.214691,260.009796,829.980408,59.991600,175.100006
283,9,694.020020,942.763550,52.713600,59.991600,260.009796,829.980408,59.991600,175.100006
283,10,314.769989,885.626526,696.052734,59.991600,260.009796,829.980408,59.991600,175.100006
283,11,332.570007,914.465698,824.057190,59.991600,260.009796,829.980408,59.991600,175.100006
283,13,959.140015,-982.163696,536.950500,-106.561317,260.009796,829.980408,59.991600,175.100006
283,14,713.719971,-694.936523,1228.403076,-63.944572,260.009796,829.980408,59.991600,175.100006
283,16,584.020020,-517.296509,1294.227661,59.991600,260.009796,829.980408,59.991600,175.100006
284,1,488.670013,-513.553345,663.391357,-107.143387,260.009796,829.980408,59.991600,175.100006
284,3,472.519989,-460.145081,1119.416504,-101.619751,260.009796,829.980408,59.991600,175.100006
284,4,582.049988,-445.518829,1428.456665,59.991600,260.009796,829.980408,59.991600,175.100006
284,5,389.700012,-422.106049,813.183167,-104.702744,260.009796,829.980408,59.991600,175.100006
284,6,385.700012,-405.681549,962.325317,-103.012268,260.009796,829.980408,59.991600,175.100006
284,7,418.600006,166.483871,207.338181,-83.178032,260.009796,829.980408,59.991600,175.100006
284,8,436.250000,275.244781,1475.980957,-89.214691,260.009796,829.980408,59.991600,175.100006
284,9,694.020020,942.763550,52.713600,59.991600,260.009796,829.980408,59.991600,175.100006
284,10,314.769989,885.626526,696.052734,59.991600,260.009796,829.980408,59.991600,175.100006
284,11,332.570007,914.465698,824.057190,59.991600,260.009796,829.980408,59.991600,175.100006
284,13,959.140015,-982.163696,536.950500,-106.561317,260.009796,829.980408,59.991600,175.100006
284,14,713.719971,-694.936523,1228.403076,-63.944572,260.009796,829.980408,59.991600,175.100006
284,16,584.020020,-517.296509,1294.227661,59.991600,260.009796,829.980408,59.991600,175.100006
285,1,488.670013,-513.553345,663.391357,-107.143387,260.009796,829.980408,59.991600,175.100006
285,3,472.519989,-460.145081,1119.416504,-101.619751,260.009796,829.980408,59.991600,175.100006
285,4,582.049988,-445.518829,1428.456665,59.991600,260.009796,829.980408,59.991600,175.100006
285,5,389.700012,-422.106049,813.183167,-104.702744,260.009796,829.980408,59.991600,175.100006
285,6,385.700012,-405.681549,962.325317,-103.012268,260.009796,829.980408,59.991600,175.100006
285,7,418.600006,166.483871,207.338181,-83.178032,260.009796,829.980408,59.991600,175.100006
285,8,436.250000,275.244781,1475.980957,-89.214691,260.009796,829.980408,59.991600,175.100006
285,9,694.020020,942.763550,52.713600,59.991600,260.009796,829.980408,59.991600,175.100006
285,10,314.769989,885.626526,696.052734,59.991600,260.009796,829.980408,59.991600,175.100006
285,11,332.570007,914.465698,824.057190,59.991600,260.009796,829.980408,59.991600,175.100006
285,13,959.140015,-982.163696,536.950500,-106.561317,260.009796,829.980408,59.991600,175.100006
285,14,713.719971,-694.936523,1228.403076,-63.944572,260.009796,829.980408,59.991600,175.100006
285,16,584.020020,-517.296509,1294.227661,59.991600,260.009796,829.980408,59.991600,175.100006
286,1,488.670013,-513.553345,663.391357,-107.143387,260.009796,829.980408,59.991600,175.100006
286,3,472.519989,-460.145081,1119.416504,-101.619751,260.009796,829.980408,59.991600,175.100006
286,4,582.049988,-445.518829,1428.456665,59.991600,260.009796,829.980408,59.991600,175.100006
286,5,389.700012,-422.106049,813.183167,-104.702744,260.009796,829.980408,59.991600,175.100006
286,6,385.700012,-405.681549,962.325317,-103.012268,260.009796,829.980408,59.991600,175.100006
286,7,418.600006,166.483871,207.338181,-83.178032,260.009796,829.980408,59.991600,175.100006
286,8,436.250000,275.244781,1475.980957,-89.214691,260.009796,829.980408,59.991600,175.100006
286,9,694.020020,942.763550,52.713600,59.991600,260.009796,829.980408,59.991600,175.100006
286,10,314.769989,885.626526,696.052734,59.991600,260.009796,829.980408,59.991600,175.100006
286,11,332.570007,914.465698,824.057190,59.991600,260.009796,829.980408,59.991600,175.100006
286,13,959.140015,-982.163696,536.950500,-106.561317,260.009796,829.980408,59.991600,175.100006
286,14,713.719971,-694.936523,1228.403076,-63.944572,260.009796,829.980408,59.991600,175.100006
286,16,584.020020,-517.296509,1294.227661,59.991600,260.009796,829.980408,59.991600,175.100006
287,1,488.670013,-513.553345,663.391357,-107.143387,260.009796,829.980408,59.991600,175.100006
287,3,472.519989,-460.145081,1119.416504,-101.619751,260.009796,829.980408,59.991600,175.100006
287,4,582.049988,-445.518829,1428.456665,59.991600,260.009796,829.980408,59.991600,175.100006
287,5,389.700012,-422.106049,813.183167,-104.702744,260.009796,829.980408,59.991600,175.100006
287,6,385.700012,-405.681549,962.325317,-103.012268,260.009796,829.980408,59.991600,175.100006
287,7,418.600006,166.483871,207.338181,-83.178032,260.009796,829.980408,59.991600,175.100006
287,8,436.250000,275.244781,1475.980957,-89.214691,260.009796,829.980408,59.991600,175.100006
287,9,694.020020,942.763550,52.713600,59.991600,260.009796,829.980408,59.991600,175.100006
287,10,314.769989,885.626526,696.052734,59.991600,260.009796,829.980408,59.991600,175.100006
287,11,332.570007,914.465698,824.057190,59.991600,260.009796,829.980408,59.991600,175.100006
287,13,959.140015,-982.163696,536.950500,-106.561317,260.009796,829.980408,59.991600,175.100006
287,14,713.719971,-694.936523,1228.403076,-63.944572,260.009796,829.980408,59.991600,175.100006
287,16,584.020020,-517.296509,1294.227661,59.991600,260.009796,829.980408,59.991600,175.100006
288,1,488.670013,-513.553345,663.391357,-107.143387,260.009796,829.980408,59.991600,175.100006
288,3,472.519989,-460.145081,1119.416504,-101.619751,260.009796,829.980408,59.991600,175.100006
288,4,582.049988,-445.518829,1428.456665,59.991600,260.009796,829.980408,59.991600,175.100006
288,5,389.700012,-422.106049,813.183167,-104.702744,260.009796,829.980408,59.991600,175.100006
288,6,385.700012,-405.681549,962.325317,-103.012268,260.009796,829.980408,59.991600,175.100006
288,7,418.600006,166.483871,207.338181,-83.178032,260.009796,829.980408,59.991600,175.100006
288,8,436.250000,275.244781,1475.980957,-89.214691,260.009796,829.980408,59.991600,175.100006
288,9,694.020020,942.763550,52.713600,59.991600,260.009796,829.980408,59.991600,175.100006
288,10,314.769989,885.626526,696.052734,59.991600,260.009796,829.980408,59.991600,175.100006
288,11,332.570007,914.465698,824.057190,59.991600,260.009796,829.980408,59.991600,175.100006
288,13,959.140015,-982.163696,536.950500,-106.561317,260.009796,829.980408,59.991600,175.100006
288,14,713.719971,-694.936523,1228.403076,-63.944572,260.009796,829.980408,59.991600,175.100006
288,16,584.020020,-517.296509,1294.227661,59.991600,260.009796,829.980408,59.991600,175.100006
289,1,488.670013,-513.553345,663.391357,-107.143387,260.009796,829.980408,59.991600,175.100006
289,3,472.519989,-460.145081,1119.416504,-101.619751,260.009796,829.980408,59.991600,175.100006
289,4,582.049988,-445.518829,1428.456665,59.991600,260.009796,829.980408,59.991600,175.100006
289,5,389.700012,-422.106049,813.183167,-104.702744,260.009796,829.980408,59.991600,175.100006
289,6,385.700012,-405.681549,962.325317,-103.012268,260.009796,829.980408,59.991600,175.100006
289,7,418.600006,166.483871,207.338181,-83.178032,260.009796,829.980408,59.991600,175.100006
289,8,436.250000,275.244781,1475.980957,-89.214691,260.009796,829.980408,59.991600,175.100006
289,9,694.020020,942.763550,52.713600,59.991600,260.009796,829.980408,59.991600,175.100006
289,10,314.769989,885.626526,696.052734,59.991600,260.009796,829.980408,59.991600,175.100006
289,11,332.570007,914.465698,824.057190,59.991600,260.009796,829.980408,59.991600,175.100006
289,13,959.140015,-982.163696,536.950500,-106.561317,260.009796,829.980408,59.991600,175.100006
289,14,713.719971,-694.936523,1228.403076,-63.944572,260.009796,829.980408,59.991600,175.100006
289,16,584.020020,-517.296509,1294.227661,59.991600,260.009796,829.980408,59.991600,175.100006
290,1,497.660004,-459.681732,859.989441,-110.218147,339.990204,849.999878,59.991600,162.199982
290,3,479.450012,-302.517548,1296.897217,-103.989960,339.990204,849.999878,59.991600,162.199982
290,4,594.080017,-222.202347,1599.792847,59.991600,339.990204,849.999878,59.991600,162.199982
290,5,395.690002,-333.828674,987.568909,-107.234222,339.990204,849.999878,59.991600,162.199982
290,6,391.359985,-284.237854,1129.188599,-105.404274,339.990204,849.999878,59.991600,162.199982
290,7,402.950012,114.315178,277.954376,-77.825424,339.990204,849.999878,59.991600,162.199982
290,8,431.049988,497.566864,1471.642334,-87.436180,339.990204,849.999878,59.991600,162.199982
290,9,670.710022,819.565491,-40.349915,59.991600,339.990204,849.999878,59.991600,162.199982
290,10,340.730011,944.634949,571.847290,59.991600,339.990204,849.999878,59.991600,162.199982
290,11,371.420013,1013.596252,686.242310,59.991600,339.990204,849.999878,59.991600,162.199982
290,13,992.989990,-969.562439,840.401978,-112.439301,339.990204,849.999878,59.991600,162.199982
290,14,918.369995,-661.154785,1575.084961,-99.481674,339.990204,849.999878,59.991600,162.199982
290,16,597.570007,-325.444000,1483.404175,59.991600,339.990204,849.999878,59.991600,162.199982
291,1,497.660004,-459.681732,859.989441,-110.218147,339.990204,849.999878,59.991600,162.199982
291,3,479.450012,-302.517548,1296.897217,-103.989960,339.990204,849.999878,59.991600,162.199982
291,4,594.080017,-222.202347,1599.792847,59.991600,339.990204,849.999878,59.991600,162.199982
291,5,395.690002,-333.828674,987.568909,-107.234222,339.990204,849.999878,59.991600,162.199982
291,6,391.359985,-284.237854,1129.188599,-105.404274,339.990204,849.999878,59.991600,162.199982
291,7,402.950012,114.315178,277.954376,-77.825424,339.990204,849.999878,59.991600,162.199982
291,8,431.049988,497.566864,1471.642334,-87.436180,339.990204,849.999878,59.991600,162.199982
291,9,670.710022,819.565491,-40.349915,59.991600,339.990204,849.999878,59.991600,162.199982
291,10,340.730011,944.634949,571.847290,59.991600,339.990204,849.999878,59.991600,162.199982
291,11,371.420013,1013.596252,686.242310,59.991600,339.990204,849.999878,59.991600,162.199982
291,13,992.989990,-969.562439,840.401978,-112.439301,339.990204,849.999878,59.991600,162.199982
291,14,918.369995,-661.154785,1575.084961,-99.481674,339.990204,849.999878,59.991600,162.199982
291,16,597.570007,-325.444000,1483.404175,59.991600,339.990204,849.999878,59.991600,162.199982
292,1,497.660004,-459.681732,859.989441,-110.218147,339.990204,849.999878,59.991600,162.199982
292,3,479.450012,-302.517548,1296.897217,-103.989960,339.990204,849.999878,59.991600,162.199982
292,4,594.080017,-222.202347,1599.792847,59.991600,339.990204,849.999878,59.991600,162.199982
292,5,395.690002,-333.828674,987.568909,-107.234222,339.990204,849.999878,59.991600,162.199982
292,6,391.359985,-284.237854,1129.188599,-105.404274,339.990204,849.999878,59.991600,162.199982
292,7,402.950012,114.315178,277.954376,-77.825424,339.990204,849.999878,59.991600,162.199982
292,8,431.049988,497.566864,1471.642334,-87.436180,339.990204,849.999878,59.991600,162.199982
292,9,670.710022,819.565491,-40.349915,59.991600,339.990204,849.999878,59.991600,162.199982
292,10,340.730011,944.634949,571.847290,59.991600,339.990204,849.999878,59.991600,162.199982
292,11,371.420013,1013.596252,686.242310,59.991600,339.990204,849.999878,59.991600,162.199982
292,13,992.989990,-969.562439,840.401978,-112.439301,339.990204,849.999878,59.991600,162.199982
292,14,918.369995,-661.154785,1575.084961,-99.481674,339.990204,849.999878,59.991600,162.199982
292,16,597.570007,-325.444000,1483.404175,59.991600,339.990204,849.999878,59.991600,162.199982
293,1,497.660004,-459.681732,859.989441,-110.218147,339.990204,849.999878,59.991600,162.199982
293,3,479.450012,-302.517548,1296.897217,-103.989960,339.990204,849.999878,59.991600,162.199982
293,4,594.080017,-222.202347,1599.792847,59.991600,339.990204,849.999878,59.991600,162.199982
293,5,395.690002,-333.828674,987.568909,-107.234222,339.990204,849.999878,59.991600,162.199982
293,6,391.359985,-284.237854,1129.188599,-105.404274,339.990204,849.999878,59.991600,162.199982
293,7,402.950012,114.315178,277.954376,-77.825424,339.990204,849.999878,59.991600,162.199982
293,8,431.049988,497.566864,1471.642334,-87.436180,339.990204,849.999878,59.991600,162.199982
293,9,670.710022,819.565491,-40.349915,59.991600,339.990204,849.999878,59.991600,162.199982
293,10,340.730011,944.634949,571.847290,59.991600,339.990204,849.999878,59.991600,162.199982
293,11,371.420013,1013.596252,686.242310,59.991600,339.990204,849.999878,59.991600,162.199982
293,13,992.989990,-969.562439,840.401978,-112.439301,339.990204,849.999878,59.991600,162.199982
293,14,918.369995,-661.154785,1575.084961,-99.481674,339.990204,849.999878,59.991600,162.199982
293,16,597.570007,-325.444000,1483.404175,59.991600,339.990204,849.999878,59.991600,162.199982
294,1,497.660004,-459.681732,859.989441,-110.218147,339.990204,849.999878,59.991600,162.199982
294,3,479.450012,-302.517548,1296.897217,-103.989960,339.990204,849.999878,59.991600,162.199982
294,4,594.080017,-222.202347,1599.792847,59.991600,339.990204,849.999878,59.991600,162.199982
294,5,395.690002,-333.828674,987.568909,-107.234222,339.990204,849.999878,59.991600,162.199982
294,6,391.359985,-284.237854,1129.188599,-105.404274,339.990204,849.999878,59.991600,162.199982
294,7,402.950012,114.315178,277.954376,-77.825424,339.990204,849.999878,59.991600,162.199982
294,8,431.049988,497.566864,1471.642334,-87.436180,339.990204,849.999878,59.991600,162.199982
294,9,670.710022,819.565491,-40.349915,59.991600,339.990204,849.999878,59.991600,162.199982
294,10,340.730011,944.634949,571.847290,59.991600,339.990204,849.999878,59.991600,162.199982
294,11,371.420013,1013.596252,686.242310,59.991600,339.990204,849.999878,59.991600,162.199982
294,13,992.989990,-969.562439,840.401978,-112.439301,339.990204,849.999878,59.991600,162.199982
294,14,918.369995,-661.154785,1575.084961,-99.481674,339.990204,849.999878,59.991600,162.199982
294,16,597.570007,-325.444000,1483.404175,59.991600,339.990204,849.999878,59.991600,162.199982
295,1,497.660004,-459.681732,859.989441,-110.218147,339.990204,849.999878,59.991600,162.199982
295,3,479.450012,-302.517548,1296.897217,-103.989960,339.990204,849.999878,59.991600,162.199982
295,4,594.080017,-222.202347,1599.792847,59.991600,339.990204,849.999878,59.991600,162.199982
295,5,395.690002,-333.828674,987.568909,-107.234222,339.990204,849.999878,59.991600,162.199982
295,6,391.359985,-284.237854,1129.188599,-105.404274,339.990204,849.999878,59.991600,162.199982
295,7,402.950012,114.315178,277.954376,-77.825424,339.990204,849.999878,59.991600,162.199982
295,8,431.049988,497.566864,1471.642334,-87.436180,339.990204,849.999878,59.991600,162.199982
295,9,670.710022,819.565491,-40.349915,59.991600,339.990204,849.999878,59.991600,162.199982
295,10,340.730011,944.634949,571.847290,59.991600,339.990204,849.999878,59.991600,162.199982
295,11,371.420013,1013.596252,686.242310,59.991600,339.990204,849.999878,59.991600,162.199982
295,13,992.989990,-969.562439,840.401978,-112.439301,339.990204,849.999878,59.991600,162.199982
295,14,918.369995,-661.154785,1575.084961,-99.481674,339.990204,849.999878,59.991600,162.199982
295,16,597.570007,-325.444000,1483.404175,59.991600,339.990204,849.999878,59.991600,162.199982
296,1,497.660004,-459.681732,859.989441,-110.218147,339.990204,849.999878,59.991600,162.199982
296,3,479.450012,-302.517548,1296.897217,-103.989960,339.990204,849.999878,59.991600,162.199982
296,4,594.080017,-222.202347,1599.792847,59.991600,339.990204,849.999878,59.991600,162.199982
296,5,395.690002,-333.828674,987.568909,-107.234222,339.990204,849.999878,59.991600,162.199982
296,6,391.359985,-284.237854,1129.188599,-105.404274,339.990204,849.999878,59.991600,162.199982
296,7,402.950012,114.315178,277.954376,-77.825424,339.990204,849.999878,59.991600,162.199982
296,8,431.049988,497.566864,1471.642334,-87.436180,339.990204,849.999878,59.991600,162.199982
296,9,670.710022,819.565491,-40.349915,59.991600,339.990204,849.999878,59.991600,162.199982
296,10,340.730011,944.634949,571.847290,59.991600,339.990204,849.999878,59.991600,162.199982
296,11,371.420013,1013.596252,686.242310,59.991600,339.990204,849.999878,59.991600,162.199982
296,13,992.989990,-969.562439,840.401978,-112.439301,339.990204,849.999878,59.991600,162.199982
296,14,918.369995,-661.154785,1575.084961,-99.481674,339.990204,849.999878,59.991600,162.199982
296,16,597.570007,-325.444000,1483.404175,59.991600,339.990204,849.999878,59.991600,162.199982
297,1,497.660004,-459.681732,859.989441,-110.218147,339.990204,849.999878,59.991600,162.199982
297,3,479.450012,-302.517548,1296.897217,-103.989960,339.990204,849.999878,59.991600,162.199982
297,4,594.080017,-222.202347,1599.792847,59.991600,339.990204,849.999878,59.991600,162.199982
297,5,395.690002,-333.828674,987.568909,-107.234222,339.990204,849.999878,59.991600,162.199982
297,6,391.359985,-284.237854,1129.188599,-105.404274,339.990204,849.999878,59.991600,162.199982
297,7,402.950012,114.315178,277.954376,-77.825424,339.990204,849.999878,59.991600,162.199982
297,8,431.049988,497.566864,1471.642334,-87.436180,339.990204,849.999878,59.991600,162.199982
297,9,670.710022,819.565491,-40.349915,59.991600,339.990204,849.999878,59.991600,162.199982
297,10,340.730011,944.634949,571.847290,59.991600,339.990204,849.999878,59.991600,162.199982
297,11,371.420013,1013.596252,686.242310,59.991600,339.990204,849.999878,59.991600,162.199982
297,13,992.989990,-969.562439,840.401978,-112.439301,339.990204,849.999878,59.991600,162.199982
297,14,918.369995,-661.154785,1575.084961,-99.481674,339.990204,849.999878,59.991600,162.199982
297,16,597.570007,-325.444000,1483.404175,59.991600,339.990204,849.999878,59.991600,162.199982
298,1,497.660004,-459.681732,859.989441,-110.218147,339.990204,849.999878,59.991600,162.199982
298,3,479.450012,-302.517548,1296.897217,-103.989960,339.990204,849.999878,59.991600,162.199982
298,4,594.080017,-222.202347,1599.792847,59.991600,339.990204,849.999878,59.991600,162.199982
298,5,395.690002,-333.828674,987.568909,-107.234222,339.990204,849.999878,59.991600,162.199982
298,6,391.359985,-284.237854,1129.188599,-105.404274,339.990204,849.999878,59.991600,162.199982
298,7,402.950012,114.315178,277.954376,-77.825424,339.990204,849.999878,59.991600,162.199982
298,8,431.049988,497.566864,1471.642334,-87.436180,339.990204,849.999878,59.991600,162.199982
298,9,670.710022,819.565491,-40.349915,59.991600,339.990204,849.999878,59.991600,162.199982
298,10,340.730011,944.634949,571.847290,59.991600,339.990204,849.999878,59.991600,162.199982
298,11,371.420013,1013.596252,686.242310,59.991600,339.990204,849.999878,59.991600,162.199982
298,13,992.989990,-969.562439,840.401978,-112.439301,339.990204,849.999878,59.991600,162.199982
298,14,918.369995,-661.154785,1575.084961,-99.481674,339.990204,849.999878,59.991600,162.199982
298,16,597.570007,-325.444000,1483.404175,59.991600,339.990204,849.999878,59.991600,162.199982
299,1,497.660004,-459.681732,859.989441,-110.218147,339.990204,849.999878,59.991600,162.199982
299,3,479.450012,-302.517548,1296.897217,-103.989960,339.990204,849.999878,59.991600,162.199982
299,4,594.080017,-222.202347,1599.792847,59.991600,339.990204,849.999878,59.991600,162.199982
299,5,395.690002,-333.828674,987.568909,-107.234222,339.990204,849.999878,59.991600,162.199982
299,6,391.359985,-284.237854,1129.188599,-105.404274,339.990204,849.999878,59.991600,162.199982
299,7,402.950012,114.315178,277.954376,-77.825424,339.990204,849.999878,59.991600,162.199982
299,8,431.049988,497.566864,1471.642334,-87.436180,339.990204,849.999878,59.991600,162.199982
299,9,670.710022,819.565491,-40.349915,59.991600,339.990204,849.999878,59.991600,162.199982
299,10,340.730011,944.634949,571.847290,59.991600,339.990204,849.999878,59.991600,162.199982
299,11,371.420013,1013.596252,686.242310,59.991600,339.990204,849.999878,59.991600,162.199982
299,13,992.989990,-969.562439,840.401978,-112.439301,339.990204,849.999878,59.991600,162.199982
299,14,918.369995,-661.154785,1575.084961,-99.481674,339.990204,849.999878,59.991600,162.199982
299,16,597.570007,-325.444000,1483.404175,59.991600,339.990204,849.999878,59.991600,162.199982
300,1,497.660004,-459.681732,859.989441,-110.218147,339.990204,849.999878,59.991600,162.199982
300,3,479.450012,-302.517548,1296.897217,-103.989960,339.990204,849.999878,59.991600,162.199982
300,4,594.080017,-222.202347,1599.792847,59.991600,339.990204,849.999878,59.991600,162.199982
300,5,395.690002,-333.828674,987.568909,-107.234222,339.990204,849.999878,59.991600,162.199982
300,6,391.359985,-284.237854,1129.188599,-105.404274,339.990204,849.999878,59.991600,162.199982
300,7,402.950012,114.315178,277.954376,-77.825424,339.990204,849.999878,59.991600,162.199982
300,8,431.049988,497.566864,1471.642334,-87.436180,339.990204,849.999878,59.991600,162.199982
300,9,670.710022,819.565491,-40.349915,59.991600,339.990204,849.999878,59.991600,162.199982
300,10,340.730011,944.634949,571.847290,59.991600,339.990204,849.999878,59.991600,162.199982
300,11,371.420013,1013.596252,686.242310,59.991600,339.990204,849.999878,59.991600,162.199982
300,13,992.989990,-969.562439,840.401978,-112.439301,339.990204,849.999878,59.991600,162.199982
300,14,918.369995,-661.154785,1575.084961,-99.481674,339.990204,849.999878,59.991600,162.199982
300,16,597.570007,-325.444000,1483.404175,59.991600,339.990204,849.999878,59.991600,162.199982
301,1,497.660004,-459.681732,859.989441,-110.218147,339.990204,849.999878,59.991600,162.199982
301,3,479.450012,-302.517548,1296.897217,-103.989960,339.990204,849.999878,59.991600,162.199982
301,4,594.080017,-222.202347,1599.792847,59.991600,339.990204,849.999878,59.991600,162.199982
301,5,395.690002,-333.828674,987.568909,-107.234222,339.990204,849.999878,59.991600,162.199982
301,6,391.359985,-284.237854,1129.188599,-105.404274,339.990204,849.999878,59.991600,162.199982
301,7,402.950012,114.315178,277.954376,-77.825424,339.990204,849.999878,59.991600,162.199982
301,8,431.049988,497.566864,1471.642334,-87.436180,339.990204,849.999878,59.991600,162.199982
301,9,670.710022,819.565491,-40.349915,59.991600,339.990204,849.999878,59.991600,162.199982
301,10,340.730011,944.634949,571.847290,59.991600,339.990204,849.999878,59.991600,162.199982
301,11,371.420013,1013.596252,686.242310,59.991600,339.990204,849.999878,59.991600,162.199982
301,13,992.989990,-969.562439,840.401978,-112.439301,339.990204,849.999878,59.991600,162.199982
301,14,918.369995,-661.154785,1575.084961,-99.481674,339.990204,849.999878,59.991600,162.199982
301,16,597.570007,-325.444000,1483.404175,59.991600,339.990204,849.999878,59.991600,162.199982
302,1,510.260010,-355.468597,1064.260132,-124.525200,429.980499,860.058472,49.993999,148.299988
302,3,513.919983,-106.430519,1473.637329,-125.776985,429.980499,860.058472,49.993999,148.299988
302,4,684.059998,21.713696,1802.174561,49.993999,429.980499,860.058472,49.993999,148.299988
302,5,410.510010,-202.486343,1162.526978,-123.495026,429.980499,860.058472,49.993999,148.299988
302,6,412.880005,-125.493073,1291.277344,-124.496628,429.980499,860.058472,49.993999,148.299988
302,7,368.929993,90.291191,386.176971,-76.187492,429.980499,860.058472,49.993999,148.299988
302,8,448.750000,741.018616,1439.793945,-103.487541,429.980499,860.058472,49.993999,148.299988
302,9,587.070007,655.362915,-40.016174,49.993999,429.980499,860.058472,49.993999,148.299988
302,10,343.059998,952.081482,443.574280,49.993999,429.980499,860.058472,49.993999,148.299988
302,11,387.059998,1057.828491,531.058960,49.993999,429.980499,860.058472,49.993999,148.299988
302,16,682.080017,-121.764542,1696.274536,49.993999,429.980499,860.058472,49.993999,148.299988
303,1,510.260010,-355.468597,1064.260132,-124.525200,429.980499,860.058472,49.993999,148.299988
303,3,513.919983,-106.430519,1473.637329,-125.776985,429.980499,860.058472,49.993999,148.299988
303,4,684.059998,21.713696,1802.174561,49.993999,429.980499,860.058472,49.993999,148.299988
303,5,410.510010,-202.486343,1162.526978,-123.495026,429.980499,860.058472,49.993999,148.299988
303,6,412.880005,-125.493073,1291.277344,-124.496628,429.980499,860.058472,49.993999,148.299988
303,7,368.929993,90.291191,386.176971,-76.187492,429.980499,860.058472,49.993999,148.299988
303,8,448.750000,741.018616,1439.793945,-103.487541,429.980499,860.058472,49.993999,148.299988
303,9,587.070007,655.362915,-40.016174,49.993999,429.980499,860.058472,49.993999,148.299988
303,10,343.059998,952.081482,443.574280,49.993999,429.980499,860.058472,49.993999,148.299988
303,11,387.059998,1057.828491,531.058960,49.993999,429.980499,860.058472,49.993999,148.299988
303,16,682.080017,-121.764542,1696.274536,49.993999,429.980499,860.058472,49.993999,148.299988
304,1,510.260010,-355.468597,1064.260132,-124.525200,429.980499,860.058472,49.993999,148.299988
304,3,513.919983,-106.430519,1473.637329,-125.776985,429.980499,860.058472,49.993999,148.299988
304,4,684.059998,21.713696,1802.174561,49.993999,429.980499,860.058472,49.993999,148.299988
304,5,410.510010,-202.486343,1162.526978,-123.495026,429.980499,860.058472,49.993999,148.299988
304,6,412.880005,-125.493073,1291.277344,-124.496628,429.980499,860.058472,49.993999,148.299988
304,7,368.929993,90.291191,386.176971,-76.187492,429.980499,860.058472,49.993999,148.299988
304,8,448.750000,741.018616,1439.793945,-103.487541,429.980499,860.058472,49.993999,148.299988
304,9,587.070007,655.362915,-40.016174,49.993999,429.980499,860.058472,49.993999,148.299988
304,10,343.059998,952.081482,443.574280,49.993999,429.980499,860.058472,49.993999,148.299988
304,11,387.059998,1057.828491,531.058960,49.993999,429.980499,860.058472,49.993999,148.299988
304,16,682.080017,-121.764542,1696.274536,49.993999,429.980499,860.058472,49.993999,148.299988
305,1,510.260010,-355.468597,1064.260132,-124.525200,429.980499,860.058472,49.993999,148.299988
305,3,513.919983,-106.430519,1473.637329,-125.776985,429.980499,860.058472,49.993999,148.299988
305,4,684.059998,21.713696,1802.174561,49.993999,429.980499,860.058472,49.993999,148.299988
305,5,410.510010,-202.486343,1162.526978,-123.495026,429.980499,860.058472,49.993999,148.299988
305,6,412.880005,-125.493073,1291.277344,-124.496628,429.980499,860.058472,49.993999,148.299988
305,7,368.929993,90.291191,386.176971,-76.187492,429.980499,860.058472,49.993999,148.299988
305,8,448.750000,741.018616,1439.793945,-103.487541,429.980499,860.058472,49.993999,148.299988
305,9,587.070007,655.362915,-40.016174,49.993999,429.980499,860.058472,49.993999,148.299988
305,10,343.059998,952.081482,443.574280,49.993999,429.980499,860.058472,49.993999,148.299988
305,11,387.059998,1057.828491,531.058960,49.993999,429.980499,860.058472,49.993999,148.299988
305,16,682.080017,-121.764542,1696.274536,49.993999,429.980499,860.058472,49.993999,148.299988
306,1,510.260010,-355.468597,1064.260132,-124.525200,429.980499,860.058472,49.993999,148.299988
306,3,513.919983,-106.430519,1473.637329,-125.776985,429.980499,860.058472,49.993999,148.299988
306,4,684.059998,21.713696,1802.174561,49.993999,429.980499,860.058472,49.993999,148.299988
306,5,410.510010,-202.486343,1162.526978,-123.495026,429.980499,860.058472,49.993999,148.299988
306,6,412.880005,-125.493073,1291.277344,-124.496628,429.980499,860.058472,49.993999,148.299988
306,7,368.929993,90.291191,386.176971,-76.187492,429.980499,860.058472,49.993999,148.299988
306,8,448.750000,741.018616,1439.793945,-103.487541,429.980499,860.058472,49.993999,148.299988
306,9,587.070007,655.362915,-40.016174,49.993999,429.980499,860.058472,49.993999,148.299988
306,10,343.059998,952.081482,443.574280,49.993999,429.980499,860.058472,49.993999,148.299988
306,11,387.059998,1057.828491,531.058960,49.993999,429.980499,860.058472,49.993999,148.299988
306,16,682.080017,-121.764542,1696.274536,49.993999,429.980499,860.058472,49.993999,148.299988
307,1,510.260010,-355.468597,1064.260132,-124.525200,429.980499,860.058472,49.993999,148.299988
307,3,513.919983,-106.430519,1473.637329,-125.776985,429.980499,860.058472,49.993999,148.299988
307,4,684.059998,21.713696,1802.174561,49.993999,429.980499,860.058472,49.993999,148.299988
307,5,410.510010,-202.486343,1162.526978,-123.495026,429.980499,860.058472,49.993999,148.299988
307,6,412.880005,-125.493073,1291.277344,-124.496628,429.980499,860.058472,49.993999,148.299988
307,7,368.929993,90.291191,386.176971,-76.187492,429.980499,860.058472,49.993999,148.299988
307,8,448.750000,741.018616,1439.793945,-103.487541,429.980499,860.058472,49.993999,148.299988
307,9,587.070007,655.362915,-40.016174,49.993999,429.980499,860.058472,49.993999,148.299988
307,10,343.059998,952.081482,443.574280,49.993999,429.980499,860.058472,49.993999,148.299988
307,11,387.059998,1057.828491,531.058960,49.993999,429.980499,860.058472,49.993999,148.299988
307,16,682.080017,-121.764542,1696.274536,49.993999,429.980499,860.058472,49.993999,148.299988
308,1,510.260010,-355.468597,1064.260132,-124.525200,429.980499,860.058472,49.993999,148.299988
308,3,513.919983,-106.430519,1473.637329,-125.776985,429.980499,860.058472,49.993999,148.299988
308,4,684.059998,21.713696,1802.174561,49.993999,429.980499,860.058472,49.993999,148.299988
308,5,410.510010,-202.486343,1162.526978,-123.495026,429.980499,860.058472,49.993999,148.299988
308,6,412.880005,-125.493073,1291.277344,-124.496628,429.980499,860.058472,49.993999,148.299988
308,7,368.929993,90.291191,386.176971,-76.187492,429.980499,860.058472,49.993999,148.299988
308,8,448.750000,741.018616,1439.793945,-103.487541,429.980499,860.058472,49.993999,148.299988
308,9,587.070007,655.362915,-40.016174,49.993999,429.980499,860.058472,49.993999,148.299988
308,10,343.059998,952.081482,443.574280,49.993999,429.980499,860.058472,49.993999,148.299988
308,11,387.059998,1057.828491,531.058960,49.993999,429.980499,860.058472,49.993999,148.299988
308,16,682.080017,-121.764542,1696.274536,49.993999,429.980499,860.058472,49.993999,148.299988
309,1,510.260010,-355.468597,1064.260132,-124.525200,429.980499,860.058472,49.993999,148.299988
309,3,513.919983,-106.430519,1473.637329,-125.776985,429.980499,860.058472,49.993999,148.299988
309,4,684.059998,21.713696,1802.174561,49.993999,429.980499,860.058472,49.993999,148.299988
309,5,410.510010,-202.486343,1162.526978,-123.495026,429.980499,860.058472,49.993999,148.299988
309,6,412.880005,-125.493073,1291.277344,-124.496628,429.980499,860.058472,49.993999,148.299988
309,7,368.929993,90.291191,386.176971,-76.187492,429.980499,860.058472,49.993999,148.299988
309,8,448.750000,741.018616,1439.793945,-103.487541,429.980499,860.058472,49.993999,148.299988
309,9,587.070007,655.362915,-40.016174,49.993999,429.980499,860.058472,49.993999,148.299988
309,10,343.059998,952.081482,443.574280,49.993999,429.980499,860.058472,49.993999,148.299988
309,11,387.059998,1057.828491,531.058960,49.993999,429.980499,860.058472,49.993999,148.299988
309,16,682.080017,-121.764542,1696.274536,49.993999,429.980499,860.058472,49.993999,148.299988
310,1,510.260010,-355.468597,1064.260132,-124.525200,429.980499,860.058472,49.993999,148.299988
310,3,513.919983,-106.430519,1473.637329,-125.776985,429.980499,860.058472,49.993999,148.299988
310,4,684.059998,21.713696,1802.174561,49.993999,429.980499,860.058472,49.993999,148.299988
310,5,410.510010,-202.486343,1162.526978,-123.495026,429.980499,860.058472,49.993999,148.299988
310,6,412.880005,-125.493073,1291.277344,-124.496628,429.980499,860.058472,49.993999,148.299988
310,7,368.929993,90.291191,386.176971,-76.187492,429.980499,860.058472,49.993999,148.299988
310,8,448.750000,741.018616,1439.793945,-103.487541,429.980499,860.058472,49.993999,148.299988
310,9,587.070007,655.362915,-40.016174,49.993999,429.980499,860.058472,49.993999,148.299988
310,10,343.059998,952.081482,443.574280,49.993999,429.980499,860.058472,49.993999,148.299988
310,11,387.059998,1057.828491,531.058960,49.993999,429.980499,860.058472,49.993999,148.299988
310,16,682.080017,-121.764542,1696.274536,49.993999,429.980499,860.058472,49.993999,148.299988
311,1,510.260010,-355.468597,1064.260132,-124.525200,429.980499,860.058472,49.993999,148.299988
311,3,513.919983,-106.430519,1473.637329,-125.776985,429.980499,860.058472,49.993999,148.299988
311,4,684.059998,21.713696,1802.174561,49.993999,429.980499,860.058472,49.993999,148.299988
311,5,410.510010,-202.486343,1162.526978,-123.495026,429.980499,860.058472,49.993999,148.299988
311,6,412.880005,-125.493073,1291.277344,-124.496628,429.980499,860.058472,49.993999,148.299988
311,7,368.929993,90.291191,386.176971,-76.187492,429.980499,860.058472,49.993999,148.299988
311,8,448.750000,741.018616,1439.793945,-103.487541,429.980499,860.058472,49.993999,148.299988
311,9,587.070007,655.362915,-40.016174,49.993999,429.980499,860.058472,49.993999,148.299988
311,10,343.059998,952.081482,443.574280,49.993999,429.980499,860.058472,49.993999,148.299988
311,11,387.059998,1057.828491,531.058960,49.993999,429.980499,860.058472,49.993999,148.299988
311,16,682.080017,-121.764542,1696.274536,49.993999,429.980499,860.058472,49.993999,148.299988
312,1,510.769989,-168.139145,1271.212402,-124.699623,519.970703,840.039001,49.993999,130.799988
312,3,532.349976,186.743195,1602.711182,-132.080414,519.970703,840.039001,49.993999,130.799988
312,4,720.289978,407.110687,1896.907471,49.993999,519.970703,840.039001,49.993999,130.799988
312,5,411.829987,6.948682,1319.600342,-124.052872,519.970703,840.039001,49.993999,130.799988
312,6,417.100006,117.377052,1421.229004,-126.280083,519.970703,840.039001,49.993999,130.799988
312,7,356.190002,62.566818,498.059235,-71.830154,519.970703,840.039001,49.993999,130.799988
312,8,438.179993,983.423950,1292.921387,-99.872383,519.970703,840.039001,49.993999,130.799988
312,9,559.719971,463.882202,-58.803898,49.993999,519.970703,840.039001,49.993999,130.799988
312,10,369.929993,910.225464,265.491669,49.993999,519.970703,840.039001,49.993999,130.799988
312,11,409.890015,1034.745483,320.186798,49.993999,519.970703,840.039001,49.993999,130.799988
312,16,726.520020,225.875443,1843.475464,49.993999,519.970703,840.039001,49.993999,130.799988
313,1,510.769989,-168.139145,1271.212402,-124.699623,519.970703,840.039001,49.993999,130.799988
313,3,532.349976,186.743195,1602.711182,-132.080414,519.970703,840.039001,49.993999,130.799988
313,4,720.289978,407.110687,1896.907471,49.993999,519.970703,840.039001,49.993999,130.799988
313,5,411.829987,6.948682,1319.600342,-124.052872,519.970703,840.039001,49.993999,130.799988
313,6,417.100006,117.377052,1421.229004,-126.280083,519.970703,840.039001,49.993999,130.799988
313,7,356.190002,62.566818,498.059235,-71.830154,519.970703,840.039001,49.993999,130.799988
313,8,438.179993,983.423950,1292.921387,-99.872383,519.970703,840.039001,49.993999,130.799988
313,9,559.719971,463.882202,-58.803898,49.993999,519.970703,840.039001,49.993999,130.799988
313,10,369.929993,910.225464,265.491669,49.993999,519.970703,840.039001,49.993999,130.799988
313,11,409.890015,1034.745483,320.186798,49.993999,519.970703,840.039001,49.993999,130.799988
313,16,726.520020,225.875443,1843.475464,49.993999,519.970703,840.039001,49.993999,130.799988
314,1,510.769989,-168.139145,1271.212402,-124.699623,519.970703,840.039001,49.993999,130.799988
314,3,532.349976,186.743195,1602.711182,-132.080414,519.970703,840.039001,49.993999,130.799988
314,4,720.289978,407.110687,1896.907471,49.993999,519.970703,840.039001,49.993999,130.799988
314,5,411.829987,6.948682,1319.600342,-124.052872,519.970703,840.039001,49.993999,130.799988
314,6,417.100006,117.377052,1421.229004,-126.280083,519.970703,840.039001,49.993999,130.799988
314,7,356.190002,62.566818,498.059235,-71.830154,519.970703,840.039001,49.993999,130.799988
314,8,438.179993,983.423950,1292.921387,-99.872383,519.970703,840.039001,49.993999,130.799988
314,9,559.719971,463.882202,-58.803898,49.993999,519.970703,840.039001,49.993999,130.799988
314,10,369.929993,910.225464,265.491669,49.993999,519.970703,840.039001,49.993999,130.799988
314,11,409.890015,1034.745483,320.186798,49.993999,519.970703,840.039001,49.993999,130.799988
314,16,726.520020,225.875443,1843.475464,49.993999,519.970703,840.039001,49.993999,130.799988
315,1,510.769989,-168.139145,1271.212402,-124.699623,519.970703,840.039001,49.993999,130.799988
315,3,532.349976,186.743195,1602.711182,-132.080414,519.970703,840.039001,49.993999,130.799988
315,4,720.289978,407.110687,1896.907471,49.993999,519.970703,840.039001,49.993999,130.799988
315,5,411.829987,6.948682,1319.600342,-124.052872,519.970703,840.039001,49.993999,130.799988
315,6,417.100006,117.377052,1421.229004,-126.280083,519.970703,840.039001,49.993999,130.799988
315,7,356.190002,62.566818,498.059235,-71.830154,519.970703,840.039001,49.993999,130.799988
315,8,438.179993,983.423950,1292.921387,-99.872383,519.970703,840.039001,49.993999,130.799988
315,9,559.719971,463.882202,-58.803898,49.993999,519.970703,840.039001,49.993999,130.799988
315,10,369.929993,910.225464,265.491669,49.993999,519.970703,840.039001,49.993999,130.799988
315,11,409.890015,1034.745483,320.186798,49.993999,519.970703,840.039001,49.993999,130.799988
315,16,726.520020,225.875443,1843.475464,49.993999,519.970703,840.039001,49.993999,130.799988
316,1,510.769989,-168.139145,1271.212402,-124.699623,519.970703,840.039001,49.993999,130.799988
316,3,532.349976,186.743195,1602.711182,-132.080414,519.970703,840.039001,49.993999,130.799988
316,4,720.289978,407.110687,1896.907471,49.993999,519.970703,840.039001,49.993999,130.799988
316,5,411.829987,6.948682,1319.600342,-124.052872,519.970703,840.039001,49.993999,130.799988
316,6,417.100006,117.377052,1421.229004,-126.280083,519.970703,840.039001,49.993999,130.799988
316,7,356.190002,62.566818,498.059235,-71.830154,519.970703,840.039001,49.993999,130.799988
316,8,438.179993,983.423950,1292.921387,-99.872383,519.970703,840.039001,49.993999,130.799988
316,9,559.719971,463.882202,-58.803898,49.993999,519.970703,840.039001,49.993999,130.799988
316,10,369.929993,910.225464,265.491669,49.993999,519.970703,840.039001,49.993999,130.799988
316,11,409.890015,1034.745483,320.186798,49.993999,519.970703,840.039001,49.993999,130.799988
316,16,726.520020,225.875443,1843.475464,49.993999,519.970703,840.039001,49.993999,130.799988
317,1,510.769989,-168.139145,1271.212402,-124.699623,519.970703,840.039001,49.993999,130.799988
317,3,532.349976,186.743195,1602.711182,-132.080414,519.970703,840.039001,49.993999,130.799988
317,4,720.289978,407.110687,1896.907471,49.993999,519.970703,840.039001,49.993999,130.799988
317,5,411.829987,6.948682,1319.600342,-124.052872,519.970703,840.039001,49.993999,130.799988
317,6,417.100006,117.377052,1421.229004,-126.280083,519.970703,840.039001,49.993999,130.799988
317,7,356.190002,62.566818,498.059235,-71.830154,519.970703,840.039001,49.993999,130.799988
317,8,438.179993,983.423950,1292.921387,-99.872383,519.970703,840.039001,49.993999,130.799988
317,9,559.719971,463.882202,-58.803898,49.993999,519.970703,840.039001,49.993999,130.799988
317,10,369.929993,910.225464,265.491669,49.993999,519.970703,840.039001,49.993999,130.799988
317,11,409.890015,1034.745483,320.186798,49.993999,519.970703,840.039001,49.993999,130.799988
317,16,726.520020,225.875443,1843.475464,49.993999,519.970703,840.039001,49.993999,130.799988
318,1,510.769989,-168.139145,1271.212402,-124.699623,519.970703,840.039001,49.993999,130.799988
318,3,532.349976,186.743195,1602.711182,-132.080414,519.970703,840.039001,49.993999,130.799988
318,4,720.289978,407.110687,1896.907471,49.993999,519.970703,840.039001,49.993999,130.799988
318,5,411.829987,6.948682,1319.600342,-124.052872,519.970703,840.039001,49.993999,130.799988
318,6,417.100006,117.377052,1421.229004,-126.280083,519.970703,840.039001,49.993999,130.799988
318,7,356.190002,62.566818,498.059235,-71.830154,519.970703,840.039001,49.993999,130.799988
318,8,438.179993,983.423950,1292.921387,-99.872383,519.970703,840.039001,49.993999,130.799988
318,9,559.719971,463.882202,-58.803898,49.993999,519.970703,840.039001,49.993999,130.799988
318,10,369.929993,910.225464,265.491669,49.993999,519.970703,840.039001,49.993999,130.799988
318,11,409.890015,1034.745483,320.186798,49.993999,519.970703,840.039001,49.993999,130.799988
318,16,726.520020,225.875443,1843.475464,49.993999,519.970703,840.039001,49.993999,130.799988
319,1,510.769989,-168.139145,1271.212402,-124.699623,519.970703,840.039001,49.993999,130.799988
319,3,532.349976,186.743195,1602.711182,-132.080414,519.970703,840.039001,49.993999,130.799988
319,4,720.289978,407.110687,1896.907471,49.993999,519.970703,840.039001,49.993999,130.799988
319,5,411.829987,6.948682,1319.600342,-124.052872,519.970703,840.039001,49.993999,130.799988
319,6,417.100006,117.377052,1421.229004,-126.280083,519.970703,840.039001,49.993999,130.799988
319,7,356.190002,62.566818,498.059235,-71.830154,519.970703,840.039001,49.993999,130.799988
319,8,438.179993,983.423950,1292.921387,-99.872383,519.970703,840.039001,49.993999,130.799988
319,9,559.719971,463.882202,-58.803898,49.993999,519.970703,840.039001,49.993999,130.799988
319,10,369.929993,910.225464,265.491669,49.993999,519.970703,840.039001,49.993999,130.799988
319,11,409.890015,1034.745483,320.186798,49.993999,519.970703,840.039001,49.993999,130.799988
319,16,726.520020,225.875443,1843.475464,49.993999,519.970703,840.039001,49.993999,130.799988
320,1,510.769989,-168.139145,1271.212402,-124.699623,519.970703,840.039001,49.993999,130.799988
320,3,532.349976,186.743195,1602.711182,-132.080414,519.970703,840.039001,49.993999,130.799988
320,4,720.289978,407.110687,1896.907471,49.993999,519.970703,840.039001,49.993999,130.799988
320,5,411.829987,6.948682,1319.600342,-124.052872,519.970703,840.039001,49.993999,130.799988
320,6,417.100006,117.377052,1421.229004,-126.280083,519.970703,840.039001,49.993999,130.799988
320,7,356.190002,62.566818,498.059235,-71.830154,519.970703,840.039001,49.993999,130.799988
320,8,438.179993,983.423950,1292.921387,-99.872383,519.970703,840.039001,49.993999,130.799988
320,9,559.719971,463.882202,-58.803898,49.993999,519.970703,840.039001,49.993999,130.799988
320,10,369.929993,910.225464,265.491669,49.993999,519.970703,840.039001,49.993999,130.799988
320,11,409.890015,1034.745483,320.186798,49.993999,519.970703,840.039001,49.993999,130.799988
320,16,726.520020,225.875443,1843.475464,49.993999,519.970703,840.039001,49.993999,130.799988
321,1,510.769989,-168.139145,1271.212402,-124.699623,519.970703,840.039001,49.993999,130.799988
321,3,532.349976,186.743195,1602.711182,-132.080414,519.970703,840.039001,49.993999,130.799988
321,4,720.289978,407.110687,1896.907471,49.993999,519.970703,840.039001,49.993999,130.799988
321,5,411.829987,6.948682,1319.600342,-124.052872,519.970703,840.039001,49.993999,130.799988
321,6,417.100006,117.377052,1421.229004,-126.280083,519.970703,840.039001,49.993999,130.799988
321,7,356.190002,62.566818,498.059235,-71.830154,519.970703,840.039001,49.993999,130.799988
321,8,438.179993,983.423950,1292.921387,-99.872383,519.970703,840.039001,49.993999,130.799988
321,9,559.719971,463.882202,-58.803898,49.993999,519.970703,840.039001,49.993999,130.799988
321,10,369.929993,910.225464,265.491669,49.993999,519.970703,840.039001,49.993999,130.799988
321,11,409.890015,1034.745483,320.186798,49.993999,519.970703,840.039001,49.993999,130.799988
321,16,726.520020,225.875443,1843.475464,49.993999,519.970703,840.039001,49.993999,130.799988
322,1,510.769989,-168.139145,1271.212402,-124.699623,519.970703,840.039001,49.993999,130.799988
322,3,532.349976,186.743195,1602.711182,-132.080414,519.970703,840.039001,49.993999,130.799988
322,4,720.289978,407.110687,1896.907471,49.993999,519.970703,840.039001,49.993999,130.799988
322,5,411.829987,6.948682,1319.600342,-124.052872,519.970703,840.039001,49.993999,130.799988
322,6,417.100006,117.377052,1421.229004,-126.280083,519.970703,840.039001,49.993999,130.799988
322,7,356.190002,62.566818,498.059235,-71.830154,519.970703,840.039001,49.993999,130.799988
322,8,438.179993,983.423950,1292.921387,-99.872383,519.970703,840.039001,49.993999,130.799988
322,9,559.719971,463.882202,-58.803898,49.993999,519.970703,840.039001,49.993999,130.799988
322,10,369.929993,910.225464,265.491669,49.993999,519.970703,840.039001,49.993999,130.799988
322,11,409.890015,1034.745483,320.186798,49.993999,519.970703,840.039001,49.993999,130.799988
322,16,726.520020,225.875443,1843.475464,49.993999,519.970703,840.039001,49.993999,130.799988
323,1,489.750000,101.178085,1397.366821,-117.510368,610.009827,790.039001,49.993999,112.899994
323,3,531.940002,527.344116,1617.828491,-131.940201,610.009827,790.039001,49.993999,112.899994
323,4,769.419983,833.520813,1879.190674,49.993999,610.009827,790.039001,49.993999,112.899994
323,5,403.720001,272.077332,1397.296753,-120.625443,610.009827,790.039001,49.993999,112.899994
323,6,415.109985,406.238281,1465.174561,-125.439064,610.009827,790.039001,49.993999,112.899994
323,7,348.799988,76.034126,607.901245,-69.302620,610.009827,790.039001,49.993999,112.899994
323,8,440.649994,1192.363770,1079.457153,-100.717171,610.009827,790.039001,49.993999,112.899994
323,9,522.539978,291.303467,-12.519357,49.993999,610.009827,790.039001,49.993999,112.899994
323,10,406.820007,819.137939,89.373077,49.993999,610.009827,790.039001,49.993999,112.899994
323,11,444.220001,953.445312,105.506851,49.993999,610.009827,790.039001,49.993999,112.899994
323,12,592.900024,1419.533447,405.553101,49.993999,610.009827,790.039001,49.993999,112.899994
323,16,770.200012,632.559570,1878.561157,49.993999,610.009827,790.039001,49.993999,112.899994
324,1,489.750000,101.178085,1397.366821,-117.510368,610.009827,790.039001,49.993999,112.899994
324,3,531.940002,527.344116,1617.828491,-131.940201,610.009827,790.039001,49.993999,112.899994
324,4,769.419983,833.520813,1879.190674,49.993999,610.009827,790.039001,49.993999,112.899994
324,5,403.720001,272.077332,1397.296753,-120.625443,610.009827,790.039001,49.993999,112.899994
324,6,415.109985,406.238281,1465.174561,-125.439064,610.009827,790.039001,49.993999,112.899994
324,7,348.799988,76.034126,607.901245,-69.302620,610.009827,790.039001,49.993999,112.899994
324,8,440.649994,1192.363770,1079.457153,-100.717171,610.009827,790.039001,49.993999,112.899994
324,9,522.539978,291.303467,-12.519357,49.993999,610.009827,790.039001,49.993999,112.899994
324,10,406.820007,819.137939,89.373077,49.993999,610.009827,790.039001,49.993999,112.899994
324,11,444.220001,953.445312,105.506851,49.993999,610.009827,790.039001,49.993999,112.899994
324,12,592.900024,1419.533447,405.553101,49.993999,610.009827,790.039001,49.993999,112.899994
324,16,770.200012,632.559570,1878.561157,49.993999,610.009827,790.039001,49.993999,112.899994
325,1,489.750000,101.178085,1397.366821,-117.510368,610.009827,790.039001,49.993999,112.899994
325,3,531.940002,527.344116,1617.828491,-131.940201,610.009827,790.039001,49.993999,112.899994
325,4,769.419983,833.520813,1879.190674,49.993999,610.009827,790.039001,49.993999,112.899994
325,5,403.720001,272.077332,1397.296753,-120.625443,610.009827,790.039001,49.993999,112.899994
325,6,415.109985,406.238281,1465.174561,-125.439064,610.009827,790.039001,49.993999,112.899994
325,7,348.799988,76.034126,607.901245,-69.302620,610.009827,790.039001,49.993999,112.899994
325,8,440.649994,1192.363770,1079.457153,-100.717171,610.009827,790.039001,49.993999,112.899994
325,9,522.539978,291.303467,-12.519357,49.993999,610.009827,790.039001,49.993999,112.899994
325,10,406.820007,819.137939,89.373077,49.993999,610.009827,790.039001,49.993999,112.899994
325,11,444.220001,953.445312,105.506851,49.993999,610.009827,790.039001,49.993999,112.899994
325,12,592.900024,1419.533447,405.553101,49.993999,610.009827,790.039001,49.993999,112.899994
325,16,770.200012,632.559570,1878.561157,49.993999,610.009827,790.039001,49.993999,112.899994
326,1,489.750000,101.178085,1397.366821,-117.510368,610.009827,790.039001,49.993999,112.899994
326,3,531.940002,527.344116,1617.828491,-131.940201,610.009827,790.039001,49.993999,112.899994
326,4,769.419983,833.520813,1879.190674,49.993999,610.009827,790.039001,49.993999,112.899994
326,5,403.720001,272.077332,1397.296753,-120.625443,610.009827,790.039001,49.993999,112.899994
326,6,415.109985,406.238281,1465.174561,-125.439064,610.009827,790.039001,49.993999,112.899994
326,7,348.799988,76.034126,607.901245,-69.302620,610.009827,790.039001,49.993999,112.899994
326,8,440.649994,1192.363770,1079.457153,-100.717171,610.009827,790.039001,49.993999,112.899994
326,9,522.539978,291.303467,-12.519357,49.993999,610.009827,790.039001,49.993999,112.899994
326,10,406.820007,819.137939,89.373077,49.993999,610.009827,790.039001,49.993999,112.899994
326,11,444.220001,953.445312,105.506851,49.993999,610.009827,790.039001,49.993999,112.899994
326,12,592.900024,1419.533447,405.553101,49.993999,610.009827,790.039001,49.993999,112.899994
326,16,770.200012,632.559570,1878.561157,49.993999,610.009827,790.039001,49.993999,112.899994
327,1,489.750000,101.178085,1397.366821,-117.510368,610.009827,790.039001,49.993999,112.899994
327,3,531.940002,527.344116,1617.828491,-131.940201,610.009827,790.039001,49.993999,112.899994
327,4,769.419983,833.520813,1879.190674,49.993999,610.009827,790.039001,49.993999,112.899994
327,5,403.720001,272.077332,1397.296753,-120.625443,610.009827,790.039001,49.993999,112.899994
327,6,415.109985,406.238281,1465.174561,-125.439064,610.009827,790.039001,49.993999,112.899994
327,7,348.799988,76.034126,607.901245,-69.302620,610.009827,790.039001,49.993999,112.899994
327,8,440.649994,1192.363770,1079.457153,-100.717171,610.009827,790.039001,49.993999,112.899994
327,9,522.539978,291.303467,-12.519357,49.993999,610.009827,790.039001,49.993999,112.899994
327,10,406.820007,819.137939,89.373077,49.993999,610.009827,790.039001,49.993999,112.899994
327,11,444.220001,953.445312,105.506851,49.993999,610.009827,790.039001,49.993999,112.899994
327,12,592.900024,1419.533447,405.553101,49.993999,610.009827,790.039001,49.993999,112.899994
327,16,770.200012,632.559570,1878.561157,49.993999,610.009827,790.039001,49.993999,112.899994
328,1,489.750000,101.178085,1397.366821,-117.510368,610.009827,790.039001,49.993999,112.899994
328,3,531.940002,527.344116,1617.828491,-131.940201,610.009827,790.039001,49.993999,112.899994
328,4,769.419983,833.520813,1879.190674,49.993999,610.009827,790.039001,49.993999,112.899994
328,5,403.720001,272.077332,1397.296753,-120.625443,610.009827,790.039001,49.993999,112.899994
328,6,415.109985,406.238281,1465.174561,-125.439064,610.009827,790.039001,49.993999,112.899994
328,7,348.799988,76.034126,607.901245,-69.302620,610.009827,790.039001,49.993999,112.899994
328,8,440.649994,1192.363770,1079.457153,-100.717171,610.009827,790.039001,49.993999,112.899994
328,9,522.539978,291.303467,-12.519357,49.993999,610.009827,790.039001,49.993999,112.899994
328,10,406.820007,819.137939,89.373077,49.993999,610.009827,790.039001,49.993999,112.899994
328,11,444.220001,953.445312,105.506851,49.993999,610.009827,790.039001,49.993999,112.899994
328,12,592.900024,1419.533447,405.553101,49.993999,610.009827,790.039001,49.993999,112.899994
328,16,770.200012,632.559570,1878.561157,49.993999,610.009827,790.039001,49.993999,112.899994
329,1,489.750000,101.178085,1397.366821,-117.510368,610.009827,790.039001,49.993999,112.899994
329,3,531.940002,527.344116,1617.828491,-131.940201,610.009827,790.039001,49.993999,112.899994
329,4,769.419983,833.520813,1879.190674,49.993999,610.009827,790.039001,49.993999,112.899994
329,5,403.720001,272.077332,1397.296753,-120.625443,610.009827,790.039001,49.993999,112.899994
329,6,415.109985,406.238281,1465.174561,-125.439064,610.009827,790.039001,49.993999,112.899994
329,7,348.799988,76.034126,607.901245,-69.302620,610.009827,790.039001,49.993999,112.899994
329,8,440.649994,1192.363770,1079.457153,-100.717171,610.009827,790.039001,49.993999,112.899994
329,9,522.539978,291.303467,-12.519357,49.993999,610.009827,790.039001,49.993999,112.899994
329,10,406.820007,819.137939,89.373077,49.993999,610.009827,790.039001,49.993999,112.899994
329,11,444.220001,953.445312,105.506851,49.993999,610.009827,790.039001,49.993999,112.899994
329,12,592.900024,1419.533447,405.553101,49.993999,610.009827,790.039001,49.993999,112.899994
329,16,770.200012,632.559570,1878.561157,49.993999,610.009827,790.039001,49.993999,112.899994
330,1,489.750000,101.178085,1397.366821,-117.510368,610.009827,790.039001,49.993999,112.899994
330,3,531.940002,527.344116,1617.828491,-131.940201,610.009827,790.039001,49.993999,112.899994
330,4,769.419983,833.520813,1879.190674,49.993999,610.009827,790.039001,49.993999,112.899994
330,5,403.720001,272.077332,1397.296753,-120.625443,610.009827,790.039001,49.993999,112.899994
330,6,415.109985,406.238281,1465.174561,-125.439064,610.009827,790.039001,49.993999,112.899994
330,7,348.799988,76.034126,607.901245,-69.302620,610.009827,790.039001,49.993999,112.899994
330,8,440.649994,1192.363770,1079.457153,-100.717171,610.009827,790.039001,49.993999,112.899994
330,9,522.539978,291.303467,-12.519357,49.993999,610.009827,790.039001,49.993999,112.899994
330,10,406.820007,819.137939,89.373077,49.993999,610.009827,790.039001,49.993999,112.899994
330,11,444.220001,953.445312,105.506851,49.993999,610.009827,790.039001,49.993999,112.899994
330,12,592.900024,1419.533447,405.553101,49.993999,610.009827,790.039001,49.993999,112.899994
330,16,770.200012,632.559570,1878.561157,49.993999,610.009827,790.039001,49.993999,112.899994
331,1,489.750000,101.178085,1397.366821,-117.510368,610.009827,790.039001,49.993999,112.899994
331,3,531.940002,527.344116,1617.828491,-131.940201,610.009827,790.039001,49.993999,112.899994
331,4,769.419983,833.520813,1879.190674,49.993999,610.009827,790.039001,49.993999,112.899994
331,5,403.720001,272.077332,1397.296753,-120.625443,610.009827,790.039001,49.993999,112.899994
331,6,415.109985,406.238281,1465.174561,-125.439064,610.009827,790.039001,49.993999,112.899994
331,7,348.799988,76.034126,607.901245,-69.302620,610.009827,790.039001,49.993999,112.899994
331,8,440.649994,1192.363770,1079.457153,-100.717171,610.009827,790.039001,49.993999,112.899994
331,9,522.539978,291.303467,-12.519357,49.993999,610.009827,790.039001,49.993999,112.899994
331,10,406.820007,819.137939,89.373077,49.993999,610.009827,790.039001,49.993999,112.899994
331,11,444.220001,953.445312,105.506851,49.993999,610.009827,790.039001,49.993999,112.899994
331,12,592.900024,1419.533447,405.553101,49.993999,610.009827,790.039001,49.993999,112.899994
331,16,770.200012,632.559570,1878.561157,49.993999,610.009827,790.039001,49.993999,112.899994
332,1,489.750000,101.178085,1397.366821,-117.510368,610.009827,790.039001,49.993999,112.899994
332,3,531.940002,527.344116,1617.828491,-131.940201,610.009827,790.039001,49.993999,112.899994
332,4,769.419983,833.520813,1879.190674,49.993999,610.009827,790.039001,49.993999,112.899994
332,5,403.720001,272.077332,1397.296753,-120.625443,610.009827,790.039001,49.993999,112.899994
332,6,415.109985,406.238281,1465.174561,-125.439064,610.009827,790.039001,49.993999,112.899994
332,7,348.799988,76.034126,607.901245,-69.302620,610.009827,790.039001,49.993999,112.899994
332,8,440.649994,1192.363770,1079.457153,-100.717171,610.009827,790.039001,49.993999,112.899994
332,9,522.539978,291.303467,-12.519357,49.993999,610.009827,790.039001,49.993999,112.899994
332,10,406.820007,819.137939,89.373077,49.993999,610.009827,790.039001,49.993999,112.899994
332,11,444.220001,953.445312,105.506851,49.993999,610.009827,790.039001,49.993999,112.899994
332,12,592.900024,1419.533447,405.553101,49.993999,610.009827,790.039001,49.993999,112.899994
332,16,770.200012,632.559570,1878.561157,49.993999,610.009827,790.039001,49.993999,112.899994
333,1,489.750000,101.178085,1397.366821,-117.510368,610.009827,790.039001,49.993999,112.899994
333,3,531.940002,527.344116,1617.828491,-131.940201,610.009827,790.039001,49.993999,112.899994
333,4,769.419983,833.520813,1879.190674,49.993999,610.009827,790.039001,49.993999,112.899994
333,5,403.720001,272.077332,1397.296753,-120.625443,610.009827,790.039001,49.993999,112.899994
333,6,415.109985,406.238281,1465.174561,-125.439064,610.009827,790.039001,49.993999,112.899994
333,7,348.799988,76.034126,607.901245,-69.302620,610.009827,790.039001,49.993999,112.899994
333,8,440.649994,1192.363770,1079.457153,-100.717171,610.009827,790.039001,49.993999,112.899994
333,9,522.539978,291.303467,-12.519357,49.993999,610.009827,790.039001,49.993999,112.899994
333,10,406.820007,819.137939,89.373077,49.993999,610.009827,790.039001,49.993999,112.899994
333,11,444.220001,953.445312,105.506851,49.993999,610.009827,790.039001,49.993999,112.899994
333,12,592.900024,1419.533447,405.553101,49.993999,610.009827,790.039001,49.993999,112.899994
333,16,770.200012,632.559570,1878.561157,49.993999,610.009827,790.039001,49.993999,112.899994
334,1,489.750000,101.178085,1397.366821,-117.510368,610.009827,790.039001,49.993999,112.899994
334,3,531.940002,527.344116,1617.828491,-131.940201,610.009827,790.039001,49.993999,112.899994
334,4,769.419983,833.520813,1879.190674,49.993999,610.009827,790.039001,49.993999,112.899994
334,5,403.720001,272.077332,1397.296753,-120.625443,610.009827,790.039001,49.993999,112.899994
334,6,415.109985,406.238281,1465.174561,-125.439064,610.009827,790.039001,49.993999,112.899994
334,7,348.799988,76.034126,607.901245,-69.302620,610.009827,790.039001,49.993999,112.899994
334,8,440.649994,1192.363770,1079.457153,-100.717171,610.009827,790.039001,49.993999,112.899994
334,9,522.539978,291.303467,-12.519357,49.993999,610.009827,790.039001,49.993999,112.899994
334,10,406.820007,819.137939,89.373077,49.993999,610.009827,790.039001,49.993999,112.899994
334,11,444.220001,953.445312,105.506851,49.993999,610.009827,790.039001,49.993999,112.899994
334,12,592.900024,1419.533447,405.553101,49.993999,610.009827,790.039001,49.993999,112.899994
334,16,770.200012,632.559570,1878.561157,49.993999,610.009827,790.039001,49.993999,112.899994
335,1,489.750000,101.178085,1397.366821,-117.510368,610.009827,790.039001,49.993999,112.899994
335,3,531.940002,527.344116,1617.828491,-131.940201,610.009827,790.039001,49.993999,112.899994
335,4,769.419983,833.520813,1879.190674,49.993999,610.009827,790.039001,49.993999,112.899994
335,5,403.720001,272.077332,1397.296753,-120.625443,610.009827,790.039001,49.993999,112.899994
335,6,415.109985,406.238281,1465.174561,-125.439064,610.009827,790.039001,49.993999,112.899994
335,7,348.799988,76.034126,607.901245,-69.302620,610.009827,790.039001,49.993999,112.899994
335,8,440.649994,1192.363770,1079.457153,-100.717171,610.009827,790.039001,49.993999,112.899994
335,9,522.539978,291.303467,-12.519357,49.993999,610.009827,790.039001,49.993999,112.899994
335,10,406.820007,819.137939,89.373077,49.993999,610.009827,790.039001,49.993999,112.899994
335,11,444.220001,953.445312,105.506851,49.993999,610.009827,790.039001,49.993999,112.899994
335,12,592.900024,1419.533447,405.553101,49.993999,610.009827,790.039001,49.993999,112.899994
335,16,770.200012,632.559570,1878.561157,49.993999,610.009827,790.039001,49.993999,112.899994
336,1,497.730011,398.779419,1468.755737,-120.239693,679.980530,720.019470,49.993999,93.500000
336,3,576.489990,888.857605,1568.406982,-147.177185,679.980530,720.019470,49.993999,93.500000
336,4,965.869995,1340.230469,1848.900391,49.993999,679.980530,720.019470,49.993999,93.500000
336,5,415.399994,562.296021,1415.612671,-125.561623,679.980530,720.019470,49.993999,93.500000
336,6,431.709991,711.113831,1439.524292,-132.454529,679.980530,720.019470,49.993999,93.500000
336,7,351.709991,113.094048,725.421997,-70.297905,679.980530,720.019470,49.993999,93.500000
336,8,461.029999,1344.518677,800.739136,-107.687546,679.980530,720.019470,49.993999,93.500000
336,9,525.080017,111.279984,66.848236,49.993999,679.980530,720.019470,49.993999,93.500000
336,10,363.429993,641.852112,32.980358,49.993999,679.980530,720.019470,49.993999,93.500000
336,11,365.630005,771.743958,38.720760,49.993999,679.980530,720.019470,49.993999,93.500000
336,12,787.570007,1449.832275,-52.737144,49.993999,679.980530,720.019470,49.993999,93.500000
336,16,918.890015,1092.458618,1884.953125,49.993999,679.980530,720.019470,49.993999,93.500000
337,1,497.730011,398.779419,1468.755737,-120.239693,679.980530,720.019470,49.993999,93.500000
337,3,576.489990,888.857605,1568.406982,-147.177185,679.980530,720.019470,49.993999,93.500000
337,4,965.869995,1340.230469,1848.900391,49.993999,679.980530,720.019470,49.993999,93.500000
337,5,415.399994,562.296021,1415.612671,-125.561623,679.980530,720.019470,49.993999,93.500000
337,6,431.709991,711.113831,1439.524292,-132.454529,679.980530,720.019470,49.993999,93.500000
337,7,351.709991,113.094048,725.421997,-70.297905,679.980530,720.019470,49.993999,93.500000
337,8,461.029999,1344.518677,800.739136,-107.687546,679.980530,720.019470,49.993999,93.500000
337,9,525.080017,111.279984,66.848236,49.993999,679.980530,720.019470,49.993999,93.500000
337,10,363.429993,641.852112,32.980358,49.993999,679.980530,720.019470,49.993999,93.500000
337,11,365.630005,771.743958,38.720760,49.993999,679.980530,720.019470,49.993999,93.500000
337,12,787.570007,1449.832275,-52.737144,49.993999,679.980530,720.019470,49.993999,93.500000
337,16,918.890015,1092.458618,1884.953125,49.993999,679.980530,720.019470,49.993999,93.500000
338,1,497.730011,398.779419,1468.755737,-120.239693,679.980530,720.019470,49.993999,93.500000
338,3,576.489990,888.857605,1568.406982,-147.177185,679.980530,720.019470,49.993999,93.500000
338,4,965.869995,1340.230469,1848.900391,49.993999,679.980530,720.019470,49.993999,93.500000
338,5,415.399994,562.296021,1415.612671,-125.561623,679.980530,720.019470,49.993999,93.500000
338,6,431.709991,711.113831,1439.524292,-132.454529,679.980530,720.019470,49.993999,93.500000
338,7,351.709991,113.094048,725.421997,-70.297905,679.980530,720.019470,49.993999,93.500000
338,8,461.029999,1344.518677,800.739136,-107.687546,679.980530,720.019470,49.993999,93.500000
338,9,525.080017,111.279984,66.848236,49.993999,679.980530,720.019470,49.993999,93.500000
338,10,363.429993,641.852112,32.980358,49.993999,679.980530,720.019470,49.993999,93.500000
338,11,365.630005,771.743958,38.720760,49.993999,679.980530,720.019470,49.993999,93.500000
338,12,787.570007,1449.832275,-52.737144,49.993999,679.980530,720.019470,49.993999,93.500000
338,16,918.890015,1092.458618,1884.953125,49.993999,679.980530,720.019470,49.993999,93.500000
339,1,497.730011,398.779419,1468.755737,-120.239693,679.980530,720.019470,49.993999,93.500000
339,3,576.489990,888.857605,1568.406982,-147.177185,679.980530,720.019470,49.993999,93.500000
339,4,965.869995,1340.230469,1848.900391,49.993999,679.980530,720.019470,49.993999,93.500000
339,5,415.399994,562.296021,1415.612671,-125.561623,679.980530,720.019470,49.993999,93.500000
339,6,431.709991,711.113831,1439.524292,-132.454529,679.980530,720.019470,49.993999,93.500000
339,7,351.709991,113.094048,725.421997,-70.297905,679.980530,720.019470,49.993999,93.500000
339,8,461.029999,1344.518677,800.739136,-107.687546,679.980530,720.019470,49.993999,93.500000
339,9,525.080017,111.279984,66.848236,49.993999,679.980530,720.019470,49.993999,93.500000
339,10,363.429993,641.852112,32.980358,49.993999,679.980530,720.019470,49.993999,93.500000
339,11,365.630005,771.743958,38.720760,49.993999,679.980530,720.019470,49.993999,93.500000
339,12,787.570007,1449.832275,-52.737144,49.993999,679.980530,720.019470,49.993999,93.500000
339,16,918.890015,1092.458618,1884.953125,49.993999,679.980530,720.019470,49.993999,93.500000
340,1,497.730011,398.779419,1468.755737,-120.239693,679.980530,720.019470,49.993999,93.500000
340,3,576.489990,888.857605,1568.406982,-147.177185,679.980530,720.019470,49.993999,93.500000
340,4,965.869995,1340.230469,1848.900391,49.993999,679.980530,720.019470,49.993999,93.500000
340,5,415.399994,562.296021,1415.612671,-125.561623,679.980530,720.019470,49.993999,93.500000
340,6,431.709991,711.113831,1439.524292,-132.454529,679.980530,720.019470,49.993999,93.500000
340,7,351.709991,113.094048,725.421997,-70.297905,679.980530,720.019470,49.993999,93.500000
340,8,461.029999,1344.518677,800.739136,-107.687546,679.980530,720.019470,49.993999,93.500000
340,9,525.080017,111.279984,66.848236,49.993999,679.980530,720.019470,49.993999,93.500000
340,10,363.429993,641.852112,32.980358,49.993999,679.980530,720.019470,49.993999,93.500000
340,11,365.630005,771.743958,38.720760,49.993999,679.980530,720.019470,49.993999,93.500000
340,12,787.570007,1449.832275,-52.737144,49.993999,679.980530,720.019470,49.993999,93.500000
340,16,918.890015,1092.458618,1884.953125,49.993999,679.980530,720.019470,49.993999,93.500000
341,1,497.730011,398.779419,1468.755737,-120.239693,679.980530,720.019470,49.993999,93.500000
341,3,576.489990,888.857605,1568.406982,-147.177185,679.980530,720.019470,49.993999,93.500000
341,4,965.869995,1340.230469,1848.900391,49.993999,679.980530,720.019470,49.993999,93.500000
341,5,415.399994,562.296021,1415.612671,-125.561623,679.980530,720.019470,49.993999,93.500000
341,6,431.709991,711.113831,1439.524292,-132.454529,679.980530,720.019470,49.993999,93.500000
341,7,351.709991,113.094048,725.421997,-70.297905,679.980530,720.019470,49.993999,93.500000
341,8,461.029999,1344.518677,800.739136,-107.687546,679.980530,720.019470,49.993999,93.500000
341,9,525.080017,111.279984,66.848236,49.993999,679.980530,720.019470,49.993999,93.500000
341,10,363.429993,641.852112,32.980358,49.993999,679.980530,720.019470,49.993999,93.500000
341,11,365.630005,771.743958,38.720760,49.993999,679.980530,720.019470,49.993999,93.500000
341,12,787.570007,1449.832275,-52.737144,49.993999,679.980530,720.019470,49.993999,93.500000
341,16,918.890015,1092.458618,1884.953125,49.993999,679.980530,720.019470,49.993999,93.500000
342,1,497.730011,398.779419,1468.755737,-120.239693,679.980530,720.019470,49.993999,93.500000
342,3,576.489990,888.857605,1568.406982,-147.177185,679.980530,720.019470,49.993999,93.500000
342,4,965.869995,1340.230469,1848.900391,49.993999,679.980530,720.019470,49.993999,93.500000
342,5,415.399994,562.296021,1415.612671,-125.561623,679.980530,720.019470,49.993999,93.500000
342,6,431.709991,711.113831,1439.524292,-132.454529,679.980530,720.019470,49.993999,93.500000
342,7,351.709991,113.094048,725.421997,-70.297905,679.980530,720.019470,49.993999,93.500000
342,8,461.029999,1344.518677,800.739136,-107.687546,679.980530,720.019470,49.993999,93.500000
342,9,525.080017,111.279984,66.848236,49.993999,679.980530,720.019470,49.993999,93.500000
342,10,363.429993,641.852112,32.980358,49.993999,679.980530,720.019470,49.993999,93.500000
342,11,365.630005,771.743958,38.720760,49.993999,679.980530,720.019470,49.993999,93.500000
342,12,787.570007,1449.832275,-52.737144,49.993999,679.980530,720.019470,49.993999,93.500000
342,16,918.890015,1092.458618,1884.953125,49.993999,679.980530,720.019470,49.993999,93.500000
343,1,497.730011,398.779419,1468.755737,-120.239693,679.980530,720.019470,49.993999,93.500000
343,3,576.489990,888.857605,1568.406982,-147.177185,679.980530,720.019470,49.993999,93.500000
343,4,965.869995,1340.230469,1848.900391,49.993999,679.980530,720.019470,49.993999,93.500000
343,5,415.399994,562.296021,1415.612671,-125.561623,679.980530,720.019470,49.993999,93.500000
343,6,431.709991,711.113831,1439.524292,-132.454529,679.980530,720.019470,49.993999,93.500000
343,7,351.709991,113.094048,725.421997,-70.297905,679.980530,720.019470,49.993999,93.500000
343,8,461.029999,1344.518677,800.739136,-107.687546,679.980530,720.019470,49.993999,93.500000
343,9,525.080017,111.279984,66.848236,49.993999,679.980530,720.019470,49.993999,93.500000
343,10,363.429993,641.852112,32.980358,49.993999,679.980530,720.019470,49.993999,93.500000
343,11,365.630005,771.743958,38.720760,49.993999,679.980530,720.019470,49.993999,93.500000
343,12,787.570007,1449.832275,-52.737144,49.993999,679.980530,720.019470,49.993999,93.500000
343,16,918.890015,1092.458618,1884.953125,49.993999,679.980530,720.019470,49.993999,93.500000
344,1,497.730011,398.779419,1468.755737,-120.239693,679.980530,720.019470,49.993999,93.500000
344,3,576.489990,888.857605,1568.406982,-147.177185,679.980530,720.019470,49.993999,93.500000
344,4,965.869995,1340.230469,1848.900391,49.993999,679.980530,720.019470,49.993999,93.500000
344,5,415.399994,562.296021,1415.612671,-125.561623,679.980530,720.019470,49.993999,93.500000
344,6,431.709991,711.113831,1439.524292,-132.454529,679.980530,720.019470,49.993999,93.500000
344,7,351.709991,113.094048,725.421997,-70.297905,679.980530,720.019470,49.993999,93.500000
344,8,461.029999,1344.518677,800.739136,-107.687546,679.980530,720.019470,49.993999,93.500000
344,9,525.080017,111.279984,66.848236,49.993999,679.980530,720.019470,49.993999,93.500000
344,10,363.429993,641.852112,32.980358,49.993999,679.980530,720.019470,49.993999,93.500000
344,11,365.630005,771.743958,38.720760,49.993999,679.980530,720.019470,49.993999,93.500000
344,12,787.570007,1449.832275,-52.737144,49.993999,679.980530,720.019470,49.993999,93.500000
344,16,918.890015,1092.458618,1884.953125,49.993999,679.980530,720.019470,49.993999,93.500000
345,1,497.730011,398.779419,1468.755737,-120.239693,679.980530,720.019470,49.993999,93.500000
345,3,576.489990,888.857605,1568.406982,-147.177185,679.980530,720.019470,49.993999,93.500000
345,4,965.869995,1340.230469,1848.900391,49.993999,679.980530,720.019470,49.993999,93.500000
345,5,415.399994,562.296021,1415.612671,-125.561623,679.980530,720.019470,49.993999,93.500000
345,6,431.709991,711.113831,1439.524292,-132.454529,679.980530,720.019470,49.993999,93.500000
345,7,351.709991,113.094048,725.421997,-70.297905,679.980530,720.019470,49.993999,93.500000
345,8,461.029999,1344.518677,800.739136,-107.687546,679.980530,720.019470,49.993999,93.500000
345,9,525.080017,111.279984,66.848236,49.993999,679.980530,720.019470,49.993999,93.500000
345,10,363.429993,641.852112,32.980358,49.993999,679.980530,720.019470,49.993999,93.500000
345,11,365.630005,771.743958,38.720760,49.993999,679.980530,720.019470,49.993999,93.500000
345,12,787.570007,1449.832275,-52.737144,49.993999,679.980530,720.019470,49.993999,93.500000
345,16,918.890015,1092.458618,1884.953125,49.993999,679.980530,720.019470,49.993999,93.500000
346,1,497.730011,398.779419,1468.755737,-120.239693,679.980530,720.019470,49.993999,93.500000
346,3,576.489990,888.857605,1568.406982,-147.177185,679.980530,720.019470,49.993999,93.500000
346,4,965.869995,1340.230469,1848.900391,49.993999,679.980530,720.019470,49.993999,93.500000
346,5,415.399994,562.296021,1415.612671,-125.561623,679.980530,720.019470,49.993999,93.500000
346,6,431.709991,711.113831,1439.524292,-132.454529,679.980530,720.019470,49.993999,93.500000
346,7,351.709991,113.094048,725.421997,-70.297905,679.980530,720.019470,49.993999,93.500000
346,8,461.029999,1344.518677,800.739136,-107.687546,679.980530,720.019470,49.993999,93.500000
346,9,525.080017,111.279984,66.848236,49.993999,679.980530,720.019470,49.993999,93.500000
346,10,363.429993,641.852112,32.980358,49.993999,679.980530,720.019470,49.993999,93.500000
346,11,365.630005,771.743958,38.720760,49.993999,679.980530,720.019470,49.993999,93.500000
346,12,787.570007,1449.832275,-52.737144,49.993999,679.980530,720.019470,49.993999,93.500000
346,16,918.890015,1092.458618,1884.953125,49.993999,679.980530,720.019470,49.993999,93.500000
