sample_idx,sensor_idx,distance_cm,x_cm,y_cm,z_cm
0,1,596.280029,678.443115,228.554901,-153.945786
0,3,649.000000,135.386597,128.531693,-171.977066
0,5,486.750000,479.385132,294.829773,-155.715439
0,6,490.440002,330.427338,276.864044,-157.274902
0,7,409.519989,950.748535,1070.674805,-90.070084
0,8,409.959991,-283.392426,949.666443,-90.220573
0,9,681.880005,962.951416,1852.949463,49.993999
0,10,252.389999,353.743317,1627.464722,49.993999
0,11,247.130005,224.877029,1609.544067,49.993999
0,12,602.510010,-335.450562,1664.547729,49.993999
0,15,906.500000,917.151245,-23.437201,49.993999
1,1,596.280029,678.443115,228.554901,-153.945786
1,3,649.000000,135.386597,128.531693,-171.977066
1,5,486.750000,479.385132,294.829773,-155.715439
1,6,490.440002,330.427338,276.864044,-157.274902
1,7,409.519989,950.748535,1070.674805,-90.070084
1,8,409.959991,-283.392426,949.666443,-90.220573
1,9,681.880005,962.951416,1852.949463,49.993999
1,10,252.389999,353.743317,1627.464722,49.993999
1,11,247.130005,224.877029,1609.544067,49.993999
1,12,602.510010,-335.450562,1664.547729,49.993999
1,15,906.500000,917.151245,-23.437201,49.993999
2,1,596.280029,678.443115,228.554901,-153.945786
2,3,649.000000,135.386597,128.531693,-171.977066
2,5,486.750000,479.385132,294.829773,-155.715439
2,6,490.440002,330.427338,276.864044,-157.274902
2,7,409.519989,950.748535,1070.674805,-90.070084
2,8,409.959991,-283.392426,949.666443,-90.220573
2,9,681.880005,962.951416,1852.949463,49.993999
2,10,252.389999,353.743317,1627.464722,49.993999
2,11,247.130005,224.877029,1609.544067,49.993999
2,12,602.510010,-335.450562,1664.547729,49.993999
2,15,906.500000,917.151245,-23.437201,49.993999
3,1,596.280029,678.443115,228.554901,-153.945786
3,3,649.000000,135.386597,128.531693,-171.977066
3,5,486.750000,479.385132,294.829773,-155.715439
3,6,490.440002,330.427338,276.864044,-157.274902
3,7,409.519989,950.748535,1070.674805,-90.070084
3,8,409.959991,-283.392426,949.666443,-90.220573
3,9,681.880005,962.951416,1852.949463,49.993999
3,10,252.389999,353.743317,1627.464722,49.993999
3,11,247.130005,224.877029,1609.544067,49.993999
3,12,602.510010,-335.450562,1664.547729,49.993999
3,15,906.500000,917.151245,-23.437201,49.993999
4,1,596.280029,678.443115,228.554901,-153.945786
4,3,649.000000,135.386597,128.531693,-171.977066
4,5,486.750000,479.385132,294.829773,-155.715439
4,6,490.440002,330.427338,276.864044,-157.274902
4,7,409.519989,950.748535,1070.674805,-90.070084
4,8,409.959991,-283.392426,949.666443,-90.220573
4,9,681.880005,962.951416,1852.949463,49.993999
4,10,252.389999,353.743317,1627.464722,49.993999
4,11,247.130005,224.877029,1609.544067,49.993999
4,12,602.510010,-335.450562,1664.547729,49.993999
4,15,906.500000,917.151245,-23.437201,49.993999
5,1,596.280029,678.443115,228.554901,-153.945786
5,3,649.000000,135.386597,128.531693,-171.977066
5,5,486.750000,479.385132,294.829773,-155.715439
5,6,490.440002,330.427338,276.864044,-157.274902
5,7,409.519989,950.748535,1070.674805,-90.070084
5,8,409.959991,-283.392426,949.666443,-90.220573
5,9,681.880005,962.951416,1852.949463,49.993999
5,10,252.389999,353.743317,1627.464722,49.993999
5,11,247.130005,224.877029,1609.544067,49.993999
5,12,602.510010,-335.450562,1664.547729,49.993999
5,15,906.500000,917.151245,-23.437201,49.993999
6,1,596.280029,678.443115,228.554901,-153.945786
6,3,649.000000,135.386597,128.531693,-171.977066
6,5,486.750000,479.385132,294.829773,-155.715439
6,6,490.440002,330.427338,276.864044,-157.274902
6,7,409.519989,950.748535,1070.674805,-90.070084
6,8,409.959991,-283.392426,949.666443,-90.220573
6,9,681.880005,962.951416,1852.949463,49.993999
6,10,252.389999,353.743317,1627.464722,49.993999
6,11,247.130005,224.877029,1609.544067,49.993999
6,12,602.510010,-335.450562,1664.547729,49.993999
6,15,906.500000,917.151245,-23.437201,49.993999
7,1,596.280029,678.443115,228.554901,-153.945786
7,3,649.000000,135.386597,128.531693,-171.977066
7,5,486.750000,479.385132,294.829773,-155.715439
7,6,490.440002,330.427338,276.864044,-157.274902
7,7,409.519989,950.748535,1070.674805,-90.070084
7,8,409.959991,-283.392426,949.666443,-90.220573
7,9,681.880005,962.951416,1852.949463,49.993999
7,10,252.389999,353.743317,1627.464722,49.993999
7,11,247.130005,224.877029,1609.544067,49.993999
7,12,602.510010,-335.450562,1664.547729,49.993999
7,15,906.500000,917.151245,-23.437201,49.993999
8,1,596.280029,678.443115,228.554901,-153.945786
8,3,649.000000,135.386597,128.531693,-171.977066
8,5,486.750000,479.385132,294.829773,-155.715439
8,6,490.440002,330.427338,276.864044,-157.274902
8,7,409.519989,950.748535,1070.674805,-90.070084
8,8,409.959991,-283.392426,949.666443,-90.220573
8,9,681.880005,962.951416,1852.949463,49.993999
8,10,252.389999,353.743317,1627.464722,49.993999
8,11,247.130005,224.877029,1609.544067,49.993999
8,12,602.510010,-335.450562,1664.547729,49.993999
8,15,906.500000,917.151245,-23.437201,49.993999
9,1,596.280029,678.443115,228.554901,-153.945786
9,3,649.000000,135.386597,128.531693,-171.977066
9,5,486.750000,479.385132,294.829773,-155.715439
9,6,490.440002,330.427338,276.864044,-157.274902
9,7,409.519989,950.748535,1070.674805,-90.070084
9,8,409.959991,-283.392426,949.666443,-90.220573
9,9,681.880005,962.951416,1852.949463,49.993999
9,10,252.389999,353.743317,1627.464722,49.993999
9,11,247.130005,224.877029,1609.544067,49.993999
9,12,602.510010,-335.450562,1664.547729,49.993999
9,15,906.500000,917.151245,-23.437201,49.993999
10,1,596.280029,678.443115,228.554901,-153.945786
10,3,649.000000,135.386597,128.531693,-171.977066
10,5,486.750000,479.385132,294.829773,-155.715439
10,6,490.440002,330.427338,276.864044,-157.274902
10,7,409.519989,950.748535,1070.674805,-90.070084
10,8,409.959991,-283.392426,949.666443,-90.220573
10,9,681.880005,962.951416,1852.949463,49.993999
10,10,252.389999,353.743317,1627.464722,49.993999
10,11,247.130005,224.877029,1609.544067,49.993999
10,12,602.510010,-335.450562,1664.547729,49.993999
10,15,906.500000,917.151245,-23.437201,49.993999
11,1,596.280029,678.443115,228.554901,-153.945786
11,3,649.000000,135.386597,128.531693,-171.977066
11,5,486.750000,479.385132,294.829773,-155.715439
11,6,490.440002,330.427338,276.864044,-157.274902
11,7,409.519989,950.748535,1070.674805,-90.070084
11,8,409.959991,-283.392426,949.666443,-90.220573
11,9,681.880005,962.951416,1852.949463,49.993999
11,10,252.389999,353.743317,1627.464722,49.993999
11,11,247.130005,224.877029,1609.544067,49.993999
11,12,602.510010,-335.450562,1664.547729,49.993999
11,15,906.500000,917.151245,-23.437201,49.993999
12,1,596.280029,678.443115,228.554901,-153.945786
12,3,649.000000,135.386597,128.531693,-171.977066
12,5,486.750000,479.385132,294.829773,-155.715439
12,6,490.440002,330.427338,276.864044,-157.274902
12,7,409.519989,950.748535,1070.674805,-90.070084
12,8,409.959991,-283.392426,949.666443,-90.220573
12,9,681.880005,962.951416,1852.949463,49.993999
12,10,252.389999,353.743317,1627.464722,49.993999
12,11,247.130005,224.877029,1609.544067,49.993999
12,12,602.510010,-335.450562,1664.547729,49.993999
12,15,906.500000,917.151245,-23.437201,49.993999
13,1,611.119995,685.923767,156.637955,-159.021347
13,5,532.559998,484.826538,193.818130,-175.075577
13,6,541.409973,336.364838,170.939041,-178.815735
13,7,392.299988,934.610046,1010.190247,-84.180496
13,8,396.899994,-271.004669,889.854004,-85.753792
13,9,689.619995,965.910645,1800.486206,49.993999
13,10,141.940002,363.705200,1457.640503,49.993999
13,11,139.869995,234.553574,1442.669189,49.993999
13,12,496.309998,-260.515625,1529.252686,49.993999
14,1,611.119995,685.923767,156.637955,-159.021347
14,5,532.559998,484.826538,193.818130,-175.075577
14,6,541.409973,336.364838,170.939041,-178.815735
14,7,392.299988,934.610046,1010.190247,-84.180496
14,8,396.899994,-271.004669,889.854004,-85.753792
14,9,689.619995,965.910645,1800.486206,49.993999
14,10,141.940002,363.705200,1457.640503,49.993999
14,11,139.869995,234.553574,1442.669189,49.993999
14,12,496.309998,-260.515625,1529.252686,49.993999
15,1,611.119995,685.923767,156.637955,-159.021347
15,5,532.559998,484.826538,193.818130,-175.075577
15,6,541.409973,336.364838,170.939041,-178.815735
15,7,392.299988,934.610046,1010.190247,-84.180496
15,8,396.899994,-271.004669,889.854004,-85.753792
15,9,689.619995,965.910645,1800.486206,49.993999
15,10,141.940002,363.705200,1457.640503,49.993999
15,11,139.869995,234.553574,1442.669189,49.993999
15,12,496.309998,-260.515625,1529.252686,49.993999
16,1,611.119995,685.923767,156.637955,-159.021347
16,5,532.559998,484.826538,193.818130,-175.075577
16,6,541.409973,336.364838,170.939041,-178.815735
16,7,392.299988,934.610046,1010.190247,-84.180496
16,8,396.899994,-271.004669,889.854004,-85.753792
16,9,689.619995,965.910645,1800.486206,49.993999
16,10,141.940002,363.705200,1457.640503,49.993999
16,11,139.869995,234.553574,1442.669189,49.993999
16,12,496.309998,-260.515625,1529.252686,49.993999
17,1,611.119995,685.923767,156.637955,-159.021347
17,5,532.559998,484.826538,193.818130,-175.075577
17,6,541.409973,336.364838,170.939041,-178.815735
17,7,392.299988,934.610046,1010.190247,-84.180496
17,8,396.899994,-271.004669,889.854004,-85.753792
17,9,689.619995,965.910645,1800.486206,49.993999
17,10,141.940002,363.705200,1457.640503,49.993999
17,11,139.869995,234.553574,1442.669189,49.993999
17,12,496.309998,-260.515625,1529.252686,49.993999
18,1,611.119995,685.923767,156.637955,-159.021347
18,5,532.559998,484.826538,193.818130,-175.075577
18,6,541.409973,336.364838,170.939041,-178.815735
18,7,392.299988,934.610046,1010.190247,-84.180496
18,8,396.899994,-271.004669,889.854004,-85.753792
18,9,689.619995,965.910645,1800.486206,49.993999
18,10,141.940002,363.705200,1457.640503,49.993999
18,11,139.869995,234.553574,1442.669189,49.993999
18,12,496.309998,-260.515625,1529.252686,49.993999
19,1,611.119995,685.923767,156.637955,-159.021347
19,5,532.559998,484.826538,193.818130,-175.075577
19,6,541.409973,336.364838,170.939041,-178.815735
19,7,392.299988,934.610046,1010.190247,-84.180496
19,8,396.899994,-271.004669,889.854004,-85.753792
19,9,689.619995,965.910645,1800.486206,49.993999
19,10,141.940002,363.705200,1457.640503,49.993999
19,11,139.869995,234.553574,1442.669189,49.993999
19,12,496.309998,-260.515625,1529.252686,49.993999
20,1,611.119995,685.923767,156.637955,-159.021347
20,5,532.559998,484.826538,193.818130,-175.075577
20,6,541.409973,336.364838,170.939041,-178.815735
20,7,392.299988,934.610046,1010.190247,-84.180496
20,8,396.899994,-271.004669,889.854004,-85.753792
20,9,689.619995,965.910645,1800.486206,49.993999
20,10,141.940002,363.705200,1457.640503,49.993999
20,11,139.869995,234.553574,1442.669189,49.993999
20,12,496.309998,-260.515625,1529.252686,49.993999
21,1,611.119995,685.923767,156.637955,-159.021347
21,5,532.559998,484.826538,193.818130,-175.075577
21,6,541.409973,336.364838,170.939041,-178.815735
21,7,392.299988,934.610046,1010.190247,-84.180496
21,8,396.899994,-271.004669,889.854004,-85.753792
21,9,689.619995,965.910645,1800.486206,49.993999
21,10,141.940002,363.705200,1457.640503,49.993999
21,11,139.869995,234.553574,1442.669189,49.993999
21,12,496.309998,-260.515625,1529.252686,49.993999
22,1,611.119995,685.923767,156.637955,-159.021347
22,5,532.559998,484.826538,193.818130,-175.075577
22,6,541.409973,336.364838,170.939041,-178.815735
22,7,392.299988,934.610046,1010.190247,-84.180496
22,8,396.899994,-271.004669,889.854004,-85.753792
22,9,689.619995,965.910645,1800.486206,49.993999
22,10,141.940002,363.705200,1457.640503,49.993999
22,11,139.869995,234.553574,1442.669189,49.993999
22,12,496.309998,-260.515625,1529.252686,49.993999
23,1,557.299988,674.001465,132.189758,-140.613815
23,5,516.859985,493.423004,137.957321,-168.440475
23,6,525.559998,344.947815,115.213463,-172.117249
23,7,392.350006,944.666504,940.175415,-84.197609
23,8,398.630005,-262.612610,819.673035,-86.345490
23,9,672.440002,966.238953,1716.274292,49.993999
23,10,164.020004,371.521912,1409.591919,49.993999
23,11,160.660004,242.498413,1393.336914,49.993999
23,12,518.929993,-266.694885,1475.031372,49.993999
23,15,457.049988,770.164368,268.044250,49.993999
24,1,557.299988,674.001465,132.189758,-140.613815
24,5,516.859985,493.423004,137.957321,-168.440475
24,6,525.559998,344.947815,115.213463,-172.117249
24,7,392.350006,944.666504,940.175415,-84.197609
24,8,398.630005,-262.612610,819.673035,-86.345490
24,9,672.440002,966.238953,1716.274292,49.993999
24,10,164.020004,371.521912,1409.591919,49.993999
24,11,160.660004,242.498413,1393.336914,49.993999
24,12,518.929993,-266.694885,1475.031372,49.993999
24,15,457.049988,770.164368,268.044250,49.993999
25,1,557.299988,674.001465,132.189758,-140.613815
25,5,516.859985,493.423004,137.957321,-168.440475
25,6,525.559998,344.947815,115.213463,-172.117249
25,7,392.350006,944.666504,940.175415,-84.197609
25,8,398.630005,-262.612610,819.673035,-86.345490
25,9,672.440002,966.238953,1716.274292,49.993999
25,10,164.020004,371.521912,1409.591919,49.993999
25,11,160.660004,242.498413,1393.336914,49.993999
25,12,518.929993,-266.694885,1475.031372,49.993999
25,15,457.049988,770.164368,268.044250,49.993999
26,1,557.299988,674.001465,132.189758,-140.613815
26,5,516.859985,493.423004,137.957321,-168.440475
26,6,525.559998,344.947815,115.213463,-172.117249
26,7,392.350006,944.666504,940.175415,-84.197609
26,8,398.630005,-262.612610,819.673035,-86.345490
26,9,672.440002,966.238953,1716.274292,49.993999
26,10,164.020004,371.521912,1409.591919,49.993999
26,11,160.660004,242.498413,1393.336914,49.993999
26,12,518.929993,-266.694885,1475.031372,49.993999
26,15,457.049988,770.164368,268.044250,49.993999
27,1,557.299988,674.001465,132.189758,-140.613815
27,5,516.859985,493.423004,137.957321,-168.440475
27,6,525.559998,344.947815,115.213463,-172.117249
27,7,392.350006,944.666504,940.175415,-84.197609
27,8,398.630005,-262.612610,819.673035,-86.345490
27,9,672.440002,966.238953,1716.274292,49.993999
27,10,164.020004,371.521912,1409.591919,49.993999
27,11,160.660004,242.498413,1393.336914,49.993999
27,12,518.929993,-266.694885,1475.031372,49.993999
27,15,457.049988,770.164368,268.044250,49.993999
28,1,557.299988,674.001465,132.189758,-140.613815
28,5,516.859985,493.423004,137.957321,-168.440475
28,6,525.559998,344.947815,115.213463,-172.117249
28,7,392.350006,944.666504,940.175415,-84.197609
28,8,398.630005,-262.612610,819.673035,-86.345490
28,9,672.440002,966.238953,1716.274292,49.993999
28,10,164.020004,371.521912,1409.591919,49.993999
28,11,160.660004,242.498413,1393.336914,49.993999
28,12,518.929993,-266.694885,1475.031372,49.993999
28,15,457.049988,770.164368,268.044250,49.993999
29,1,557.299988,674.001465,132.189758,-140.613815
29,5,516.859985,493.423004,137.957321,-168.440475
29,6,525.559998,344.947815,115.213463,-172.117249
29,7,392.350006,944.666504,940.175415,-84.197609
29,8,398.630005,-262.612610,819.673035,-86.345490
29,9,672.440002,966.238953,1716.274292,49.993999
29,10,164.020004,371.521912,1409.591919,49.993999
29,11,160.660004,242.498413,1393.336914,49.993999
29,12,518.929993,-266.694885,1475.031372,49.993999
29,15,457.049988,770.164368,268.044250,49.993999
30,1,557.299988,674.001465,132.189758,-140.613815
30,5,516.859985,493.423004,137.957321,-168.440475
30,6,525.559998,344.947815,115.213463,-172.117249
30,7,392.350006,944.666504,940.175415,-84.197609
30,8,398.630005,-262.612610,819.673035,-86.345490
30,9,672.440002,966.238953,1716.274292,49.993999
30,10,164.020004,371.521912,1409.591919,49.993999
30,11,160.660004,242.498413,1393.336914,49.993999
30,12,518.929993,-266.694885,1475.031372,49.993999
30,15,457.049988,770.164368,268.044250,49.993999
31,1,557.299988,674.001465,132.189758,-140.613815
31,5,516.859985,493.423004,137.957321,-168.440475
31,6,525.559998,344.947815,115.213463,-172.117249
31,7,392.350006,944.666504,940.175415,-84.197609
31,8,398.630005,-262.612610,819.673035,-86.345490
31,9,672.440002,966.238953,1716.274292,49.993999
31,10,164.020004,371.521912,1409.591919,49.993999
31,11,160.660004,242.498413,1393.336914,49.993999
31,12,518.929993,-266.694885,1475.031372,49.993999
31,15,457.049988,770.164368,268.044250,49.993999
32,1,557.299988,674.001465,132.189758,-140.613815
32,5,516.859985,493.423004,137.957321,-168.440475
32,6,525.559998,344.947815,115.213463,-172.117249
32,7,392.350006,944.666504,940.175415,-84.197609
32,8,398.630005,-262.612610,819.673035,-86.345490
32,9,672.440002,966.238953,1716.274292,49.993999
32,10,164.020004,371.521912,1409.591919,49.993999
32,11,160.660004,242.498413,1393.336914,49.993999
32,12,518.929993,-266.694885,1475.031372,49.993999
32,15,457.049988,770.164368,268.044250,49.993999
33,1,557.299988,674.001465,132.189758,-140.613815
33,5,516.859985,493.423004,137.957321,-168.440475
33,6,525.559998,344.947815,115.213463,-172.117249
33,7,392.350006,944.666504,940.175415,-84.197609
33,8,398.630005,-262.612610,819.673035,-86.345490
33,9,672.440002,966.238953,1716.274292,49.993999
33,10,164.020004,371.521912,1409.591919,49.993999
33,11,160.660004,242.498413,1393.336914,49.993999
33,12,518.929993,-266.694885,1475.031372,49.993999
33,15,457.049988,770.164368,268.044250,49.993999
34,1,557.299988,674.001465,132.189758,-140.613815
34,5,516.859985,493.423004,137.957321,-168.440475
34,6,525.559998,344.947815,115.213463,-172.117249
34,7,392.350006,944.666504,940.175415,-84.197609
34,8,398.630005,-262.612610,819.673035,-86.345490
34,9,672.440002,966.238953,1716.274292,49.993999
34,10,164.020004,371.521912,1409.591919,49.993999
34,11,160.660004,242.498413,1393.336914,49.993999
34,12,518.929993,-266.694885,1475.031372,49.993999
34,15,457.049988,770.164368,268.044250,49.993999
35,6,427.809998,351.161865,113.318565,-120.808716
35,7,400.899994,962.509705,855.210938,-77.124275
35,8,408.760010,-261.352783,724.417969,-79.812553
35,9,612.250000,937.104004,1580.629272,59.991600
35,10,385.980011,354.526825,1540.464233,59.991600
35,11,381.269989,225.763412,1521.966553,59.991600
35,12,711.159973,-399.056427,1514.036011,59.991600
35,15,320.450012,735.539734,308.465576,59.991600
36,6,427.809998,351.161865,113.318565,-120.808716
36,7,400.899994,962.509705,855.210938,-77.124275
36,8,408.760010,-261.352783,724.417969,-79.812553
36,9,612.250000,937.104004,1580.629272,59.991600
36,10,385.980011,354.526825,1540.464233,59.991600
36,11,381.269989,225.763412,1521.966553,59.991600
36,12,711.159973,-399.056427,1514.036011,59.991600
36,15,320.450012,735.539734,308.465576,59.991600
37,6,427.809998,351.161865,113.318565,-120.808716
37,7,400.899994,962.509705,855.210938,-77.124275
37,8,408.760010,-261.352783,724.417969,-79.812553
37,9,612.250000,937.104004,1580.629272,59.991600
37,10,385.980011,354.526825,1540.464233,59.991600
37,11,381.269989,225.763412,1521.966553,59.991600
37,12,711.159973,-399.056427,1514.036011,59.991600
37,15,320.450012,735.539734,308.465576,59.991600
38,6,427.809998,351.161865,113.318565,-120.808716
38,7,400.899994,962.509705,855.210938,-77.124275
38,8,408.760010,-261.352783,724.417969,-79.812553
38,9,612.250000,937.104004,1580.629272,59.991600
38,10,385.980011,354.526825,1540.464233,59.991600
38,11,381.269989,225.763412,1521.966553,59.991600
38,12,711.159973,-399.056427,1514.036011,59.991600
38,15,320.450012,735.539734,308.465576,59.991600
39,6,427.809998,351.161865,113.318565,-120.808716
39,7,400.899994,962.509705,855.210938,-77.124275
39,8,408.760010,-261.352783,724.417969,-79.812553
39,9,612.250000,937.104004,1580.629272,59.991600
39,10,385.980011,354.526825,1540.464233,59.991600
39,11,381.269989,225.763412,1521.966553,59.991600
39,12,711.159973,-399.056427,1514.036011,59.991600
39,15,320.450012,735.539734,308.465576,59.991600
40,6,427.809998,351.161865,113.318565,-120.808716
40,7,400.899994,962.509705,855.210938,-77.124275
40,8,408.760010,-261.352783,724.417969,-79.812553
40,9,612.250000,937.104004,1580.629272,59.991600
40,10,385.980011,354.526825,1540.464233,59.991600
40,11,381.269989,225.763412,1521.966553,59.991600
40,12,711.159973,-399.056427,1514.036011,59.991600
40,15,320.450012,735.539734,308.465576,59.991600
41,6,427.809998,351.161865,113.318565,-120.808716
41,7,400.899994,962.509705,855.210938,-77.124275
41,8,408.760010,-261.352783,724.417969,-79.812553
41,9,612.250000,937.104004,1580.629272,59.991600
41,10,385.980011,354.526825,1540.464233,59.991600
41,11,381.269989,225.763412,1521.966553,59.991600
41,12,711.159973,-399.056427,1514.036011,59.991600
41,15,320.450012,735.539734,308.465576,59.991600
42,6,427.809998,351.161865,113.318565,-120.808716
42,7,400.899994,962.509705,855.210938,-77.124275
42,8,408.760010,-261.352783,724.417969,-79.812553
42,9,612.250000,937.104004,1580.629272,59.991600
42,10,385.980011,354.526825,1540.464233,59.991600
42,11,381.269989,225.763412,1521.966553,59.991600
42,12,711.159973,-399.056427,1514.036011,59.991600
42,15,320.450012,735.539734,308.465576,59.991600
43,6,427.809998,351.161865,113.318565,-120.808716
43,7,400.899994,962.509705,855.210938,-77.124275
43,8,408.760010,-261.352783,724.417969,-79.812553
43,9,612.250000,937.104004,1580.629272,59.991600
43,10,385.980011,354.526825,1540.464233,59.991600
43,11,381.269989,225.763412,1521.966553,59.991600
43,12,711.159973,-399.056427,1514.036011,59.991600
43,15,320.450012,735.539734,308.465576,59.991600
44,6,427.809998,351.161865,113.318565,-120.808716
44,7,400.899994,962.509705,855.210938,-77.124275
44,8,408.760010,-261.352783,724.417969,-79.812553
44,9,612.250000,937.104004,1580.629272,59.991600
44,10,385.980011,354.526825,1540.464233,59.991600
44,11,381.269989,225.763412,1521.966553,59.991600
44,12,711.159973,-399.056427,1514.036011,59.991600
44,15,320.450012,735.539734,308.465576,59.991600
45,6,427.809998,351.161865,113.318565,-120.808716
45,7,400.899994,962.509705,855.210938,-77.124275
45,8,408.760010,-261.352783,724.417969,-79.812553
45,9,612.250000,937.104004,1580.629272,59.991600
45,10,385.980011,354.526825,1540.464233,59.991600
45,11,381.269989,225.763412,1521.966553,59.991600
45,12,711.159973,-399.056427,1514.036011,59.991600
45,15,320.450012,735.539734,308.465576,59.991600
46,6,427.809998,351.161865,113.318565,-120.808716
46,7,400.899994,962.509705,855.210938,-77.124275
46,8,408.760010,-261.352783,724.417969,-79.812553
46,9,612.250000,937.104004,1580.629272,59.991600
46,10,385.980011,354.526825,1540.464233,59.991600
46,11,381.269989,225.763412,1521.966553,59.991600
46,12,711.159973,-399.056427,1514.036011,59.991600
46,15,320.450012,735.539734,308.465576,59.991600
47,6,427.809998,351.161865,113.318565,-120.808716
47,7,400.899994,962.509705,855.210938,-77.124275
47,8,408.760010,-261.352783,724.417969,-79.812553
47,9,612.250000,937.104004,1580.629272,59.991600
47,10,385.980011,354.526825,1540.464233,59.991600
47,11,381.269989,225.763412,1521.966553,59.991600
47,12,711.159973,-399.056427,1514.036011,59.991600
47,15,320.450012,735.539734,308.465576,59.991600
48,7,401.049988,971.788879,771.254578,-77.175575
48,8,423.649994,-262.239288,606.600281,-84.905235
48,9,603.530029,922.590576,1488.378174,59.991600
48,10,453.260010,337.038574,1507.028198,59.991600
48,11,452.570007,208.271820,1489.151001,59.991600
48,12,781.049988,-458.307098,1441.320557,59.991600
49,7,401.049988,971.788879,771.254578,-77.175575
49,8,423.649994,-262.239288,606.600281,-84.905235
49,9,603.530029,922.590576,1488.378174,59.991600
49,10,453.260010,337.038574,1507.028198,59.991600
49,11,452.570007,208.271820,1489.151001,59.991600
49,12,781.049988,-458.307098,1441.320557,59.991600
50,7,401.049988,971.788879,771.254578,-77.175575
50,8,423.649994,-262.239288,606.600281,-84.905235
50,9,603.530029,922.590576,1488.378174,59.991600
50,10,453.260010,337.038574,1507.028198,59.991600
50,11,452.570007,208.271820,1489.151001,59.991600
50,12,781.049988,-458.307098,1441.320557,59.991600
51,7,401.049988,971.788879,771.254578,-77.175575
51,8,423.649994,-262.239288,606.600281,-84.905235
51,9,603.530029,922.590576,1488.378174,59.991600
51,10,453.260010,337.038574,1507.028198,59.991600
51,11,452.570007,208.271820,1489.151001,59.991600
51,12,781.049988,-458.307098,1441.320557,59.991600
52,7,401.049988,971.788879,771.254578,-77.175575
52,8,423.649994,-262.239288,606.600281,-84.905235
52,9,603.530029,922.590576,1488.378174,59.991600
52,10,453.260010,337.038574,1507.028198,59.991600
52,11,452.570007,208.271820,1489.151001,59.991600
52,12,781.049988,-458.307098,1441.320557,59.991600
53,7,401.049988,971.788879,771.254578,-77.175575
53,8,423.649994,-262.239288,606.600281,-84.905235
53,9,603.530029,922.590576,1488.378174,59.991600
53,10,453.260010,337.038574,1507.028198,59.991600
53,11,452.570007,208.271820,1489.151001,59.991600
53,12,781.049988,-458.307098,1441.320557,59.991600
54,7,401.049988,971.788879,771.254578,-77.175575
54,8,423.649994,-262.239288,606.600281,-84.905235
54,9,603.530029,922.590576,1488.378174,59.991600
54,10,453.260010,337.038574,1507.028198,59.991600
54,11,452.570007,208.271820,1489.151001,59.991600
54,12,781.049988,-458.307098,1441.320557,59.991600
55,7,401.049988,971.788879,771.254578,-77.175575
55,8,423.649994,-262.239288,606.600281,-84.905235
55,9,603.530029,922.590576,1488.378174,59.991600
55,10,453.260010,337.038574,1507.028198,59.991600
55,11,452.570007,208.271820,1489.151001,59.991600
55,12,781.049988,-458.307098,1441.320557,59.991600
56,7,401.049988,971.788879,771.254578,-77.175575
56,8,423.649994,-262.239288,606.600281,-84.905235
56,9,603.530029,922.590576,1488.378174,59.991600
56,10,453.260010,337.038574,1507.028198,59.991600
56,11,452.570007,208.271820,1489.151001,59.991600
56,12,781.049988,-458.307098,1441.320557,59.991600
57,7,401.049988,971.788879,771.254578,-77.175575
57,8,423.649994,-262.239288,606.600281,-84.905235
57,9,603.530029,922.590576,1488.378174,59.991600
57,10,453.260010,337.038574,1507.028198,59.991600
57,11,452.570007,208.271820,1489.151001,59.991600
57,12,781.049988,-458.307098,1441.320557,59.991600
58,7,401.049988,971.788879,771.254578,-77.175575
58,8,423.649994,-262.239288,606.600281,-84.905235
58,9,603.530029,922.590576,1488.378174,59.991600
58,10,453.260010,337.038574,1507.028198,59.991600
58,11,452.570007,208.271820,1489.151001,59.991600
58,12,781.049988,-458.307098,1441.320557,59.991600
59,1,555.909973,756.817505,-136.832413,-120.131111
59,3,601.190002,247.402130,-257.075226,-135.617798
59,4,870.510010,-136.773010,-467.058960,70.001297
59,5,454.109985,568.031433,-86.111435,-121.913872
59,6,459.329987,420.569366,-113.991943,-124.119942
59,7,398.989990,988.753235,684.824158,-66.461311
59,8,415.559998,-231.798676,493.690918,-72.128593
59,9,622.309998,934.910889,1417.027100,70.001297
59,10,334.179993,357.808929,1288.660767,70.001297
59,11,328.209991,230.297760,1262.650391,70.001297
59,12,679.869995,-378.018677,1256.058838,70.001297
60,1,555.909973,756.817505,-136.832413,-120.131111
60,3,601.190002,247.402130,-257.075226,-135.617798
60,4,870.510010,-136.773010,-467.058960,70.001297
60,5,454.109985,568.031433,-86.111435,-121.913872
60,6,459.329987,420.569366,-113.991943,-124.119942
60,7,398.989990,988.753235,684.824158,-66.461311
60,8,415.559998,-231.798676,493.690918,-72.128593
60,9,622.309998,934.910889,1417.027100,70.001297
60,10,334.179993,357.808929,1288.660767,70.001297
60,11,328.209991,230.297760,1262.650391,70.001297
60,12,679.869995,-378.018677,1256.058838,70.001297
61,1,555.909973,756.817505,-136.832413,-120.131111
61,3,601.190002,247.402130,-257.075226,-135.617798
61,4,870.510010,-136.773010,-467.058960,70.001297
61,5,454.109985,568.031433,-86.111435,-121.913872
61,6,459.329987,420.569366,-113.991943,-124.119942
61,7,398.989990,988.753235,684.824158,-66.461311
61,8,415.559998,-231.798676,493.690918,-72.128593
61,9,622.309998,934.910889,1417.027100,70.001297
61,10,334.179993,357.808929,1288.660767,70.001297
61,11,328.209991,230.297760,1262.650391,70.001297
61,12,679.869995,-378.018677,1256.058838,70.001297
62,1,555.909973,756.817505,-136.832413,-120.131111
62,3,601.190002,247.402130,-257.075226,-135.617798
62,4,870.510010,-136.773010,-467.058960,70.001297
62,5,454.109985,568.031433,-86.111435,-121.913872
62,6,459.329987,420.569366,-113.991943,-124.119942
62,7,398.989990,988.753235,684.824158,-66.461311
62,8,415.559998,-231.798676,493.690918,-72.128593
62,9,622.309998,934.910889,1417.027100,70.001297
62,10,334.179993,357.808929,1288.660767,70.001297
62,11,328.209991,230.297760,1262.650391,70.001297
62,12,679.869995,-378.018677,1256.058838,70.001297
63,1,555.909973,756.817505,-136.832413,-120.131111
63,3,601.190002,247.402130,-257.075226,-135.617798
63,4,870.510010,-136.773010,-467.058960,70.001297
63,5,454.109985,568.031433,-86.111435,-121.913872
63,6,459.329987,420.569366,-113.991943,-124.119942
63,7,398.989990,988.753235,684.824158,-66.461311
63,8,415.559998,-231.798676,493.690918,-72.128593
63,9,622.309998,934.910889,1417.027100,70.001297
63,10,334.179993,357.808929,1288.660767,70.001297
63,11,328.209991,230.297760,1262.650391,70.001297
63,12,679.869995,-378.018677,1256.058838,70.001297
64,1,555.909973,756.817505,-136.832413,-120.131111
64,3,601.190002,247.402130,-257.075226,-135.617798
64,4,870.510010,-136.773010,-467.058960,70.001297
64,5,454.109985,568.031433,-86.111435,-121.913872
64,6,459.329987,420.569366,-113.991943,-124.119942
64,7,398.989990,988.753235,684.824158,-66.461311
64,8,415.559998,-231.798676,493.690918,-72.128593
64,9,622.309998,934.910889,1417.027100,70.001297
64,10,334.179993,357.808929,1288.660767,70.001297
64,11,328.209991,230.297760,1262.650391,70.001297
64,12,679.869995,-378.018677,1256.058838,70.001297
65,1,555.909973,756.817505,-136.832413,-120.131111
65,3,601.190002,247.402130,-257.075226,-135.617798
65,4,870.510010,-136.773010,-467.058960,70.001297
65,5,454.109985,568.031433,-86.111435,-121.913872
65,6,459.329987,420.569366,-113.991943,-124.119942
65,7,398.989990,988.753235,684.824158,-66.461311
65,8,415.559998,-231.798676,493.690918,-72.128593
65,9,622.309998,934.910889,1417.027100,70.001297
65,10,334.179993,357.808929,1288.660767,70.001297
65,11,328.209991,230.297760,1262.650391,70.001297
65,12,679.869995,-378.018677,1256.058838,70.001297
66,1,555.909973,756.817505,-136.832413,-120.131111
66,3,601.190002,247.402130,-257.075226,-135.617798
66,4,870.510010,-136.773010,-467.058960,70.001297
66,5,454.109985,568.031433,-86.111435,-121.913872
66,6,459.329987,420.569366,-113.991943,-124.119942
66,7,398.989990,988.753235,684.824158,-66.461311
66,8,415.559998,-231.798676,493.690918,-72.128593
66,9,622.309998,934.910889,1417.027100,70.001297
66,10,334.179993,357.808929,1288.660767,70.001297
66,11,328.209991,230.297760,1262.650391,70.001297
66,12,679.869995,-378.018677,1256.058838,70.001297
67,1,555.909973,756.817505,-136.832413,-120.131111
67,3,601.190002,247.402130,-257.075226,-135.617798
67,4,870.510010,-136.773010,-467.058960,70.001297
67,5,454.109985,568.031433,-86.111435,-121.913872
67,6,459.329987,420.569366,-113.991943,-124.119942
67,7,398.989990,988.753235,684.824158,-66.461311
67,8,415.559998,-231.798676,493.690918,-72.128593
67,9,622.309998,934.910889,1417.027100,70.001297
67,10,334.179993,357.808929,1288.660767,70.001297
67,11,328.209991,230.297760,1262.650391,70.001297
67,12,679.869995,-378.018677,1256.058838,70.001297
68,1,555.909973,756.817505,-136.832413,-120.131111
68,3,601.190002,247.402130,-257.075226,-135.617798
68,4,870.510010,-136.773010,-467.058960,70.001297
68,5,454.109985,568.031433,-86.111435,-121.913872
68,6,459.329987,420.569366,-113.991943,-124.119942
68,7,398.989990,988.753235,684.824158,-66.461311
68,8,415.559998,-231.798676,493.690918,-72.128593
68,9,622.309998,934.910889,1417.027100,70.001297
68,10,334.179993,357.808929,1288.660767,70.001297
68,11,328.209991,230.297760,1262.650391,70.001297
68,12,679.869995,-378.018677,1256.058838,70.001297
69,1,555.909973,756.817505,-136.832413,-120.131111
69,3,601.190002,247.402130,-257.075226,-135.617798
69,4,870.510010,-136.773010,-467.058960,70.001297
69,5,454.109985,568.031433,-86.111435,-121.913872
69,6,459.329987,420.569366,-113.991943,-124.119942
69,7,398.989990,988.753235,684.824158,-66.461311
69,8,415.559998,-231.798676,493.690918,-72.128593
69,9,622.309998,934.910889,1417.027100,70.001297
69,10,334.179993,357.808929,1288.660767,70.001297
69,11,328.209991,230.297760,1262.650391,70.001297
69,12,679.869995,-378.018677,1256.058838,70.001297
70,1,555.909973,756.817505,-136.832413,-120.131111
70,3,601.190002,247.402130,-257.075226,-135.617798
70,4,870.510010,-136.773010,-467.058960,70.001297
70,5,454.109985,568.031433,-86.111435,-121.913872
70,6,459.329987,420.569366,-113.991943,-124.119942
70,7,398.989990,988.753235,684.824158,-66.461311
70,8,415.559998,-231.798676,493.690918,-72.128593
70,9,622.309998,934.910889,1417.027100,70.001297
70,10,334.179993,357.808929,1288.660767,70.001297
70,11,328.209991,230.297760,1262.650391,70.001297
70,12,679.869995,-378.018677,1256.058838,70.001297
71,1,563.820007,772.310486,-267.202972,-132.846207
71,3,595.900024,259.148010,-370.692505,-143.818207
71,4,831.000000,-113.604271,-544.799438,59.991600
71,5,454.429993,580.583862,-208.250259,-132.058807
71,6,459.480011,432.815674,-234.432632,-134.193039
71,7,397.179993,1007.630676,558.278870,-75.851959
71,8,389.890015,-189.303574,383.664978,-73.358635
71,9,624.780029,964.439514,1293.352539,59.991600
71,10,278.619995,392.747528,1113.956909,59.991600
71,11,266.160004,265.907837,1082.861084,59.991600
71,12,596.729980,-289.326050,1088.732788,59.991600
72,1,563.820007,772.310486,-267.202972,-132.846207
72,3,595.900024,259.148010,-370.692505,-143.818207
72,4,831.000000,-113.604271,-544.799438,59.991600
72,5,454.429993,580.583862,-208.250259,-132.058807
72,6,459.480011,432.815674,-234.432632,-134.193039
72,7,397.179993,1007.630676,558.278870,-75.851959
72,8,389.890015,-189.303574,383.664978,-73.358635
72,9,624.780029,964.439514,1293.352539,59.991600
72,10,278.619995,392.747528,1113.956909,59.991600
72,11,266.160004,265.907837,1082.861084,59.991600
72,12,596.729980,-289.326050,1088.732788,59.991600
73,1,563.820007,772.310486,-267.202972,-132.846207
73,3,595.900024,259.148010,-370.692505,-143.818207
73,4,831.000000,-113.604271,-544.799438,59.991600
73,5,454.429993,580.583862,-208.250259,-132.058807
73,6,459.480011,432.815674,-234.432632,-134.193039
73,7,397.179993,1007.630676,558.278870,-75.851959
73,8,389.890015,-189.303574,383.664978,-73.358635
73,9,624.780029,964.439514,1293.352539,59.991600
73,10,278.619995,392.747528,1113.956909,59.991600
73,11,266.160004,265.907837,1082.861084,59.991600
73,12,596.729980,-289.326050,1088.732788,59.991600
74,1,563.820007,772.310486,-267.202972,-132.846207
74,3,595.900024,259.148010,-370.692505,-143.818207
74,4,831.000000,-113.604271,-544.799438,59.991600
74,5,454.429993,580.583862,-208.250259,-132.058807
74,6,459.480011,432.815674,-234.432632,-134.193039
74,7,397.179993,1007.630676,558.278870,-75.851959
74,8,389.890015,-189.303574,383.664978,-73.358635
74,9,624.780029,964.439514,1293.352539,59.991600
74,10,278.619995,392.747528,1113.956909,59.991600
74,11,266.160004,265.907837,1082.861084,59.991600
74,12,596.729980,-289.326050,1088.732788,59.991600
75,1,563.820007,772.310486,-267.202972,-132.846207
75,3,595.900024,259.148010,-370.692505,-143.818207
75,4,831.000000,-113.604271,-544.799438,59.991600
75,5,454.429993,580.583862,-208.250259,-132.058807
75,6,459.480011,432.815674,-234.432632,-134.193039
75,7,397.179993,1007.630676,558.278870,-75.851959
75,8,389.890015,-189.303574,383.664978,-73.358635
75,9,624.780029,964.439514,1293.352539,59.991600
75,10,278.619995,392.747528,1113.956909,59.991600
75,11,266.160004,265.907837,1082.861084,59.991600
75,12,596.729980,-289.326050,1088.732788,59.991600
76,1,563.820007,772.310486,-267.202972,-132.846207
76,3,595.900024,259.148010,-370.692505,-143.818207
76,4,831.000000,-113.604271,-544.799438,59.991600
76,5,454.429993,580.583862,-208.250259,-132.058807
76,6,459.480011,432.815674,-234.432632,-134.193039
76,7,397.179993,1007.630676,558.278870,-75.851959
76,8,389.890015,-189.303574,383.664978,-73.358635
76,9,624.780029,964.439514,1293.352539,59.991600
76,10,278.619995,392.747528,1113.956909,59.991600
76,11,266.160004,265.907837,1082.861084,59.991600
76,12,596.729980,-289.326050,1088.732788,59.991600
77,1,563.820007,772.310486,-267.202972,-132.846207
77,3,595.900024,259.148010,-370.692505,-143.818207
77,4,831.000000,-113.604271,-544.799438,59.991600
77,5,454.429993,580.583862,-208.250259,-132.058807
77,6,459.480011,432.815674,-234.432632,-134.193039
77,7,397.179993,1007.630676,558.278870,-75.851959
77,8,389.890015,-189.303574,383.664978,-73.358635
77,9,624.780029,964.439514,1293.352539,59.991600
77,10,278.619995,392.747528,1113.956909,59.991600
77,11,266.160004,265.907837,1082.861084,59.991600
77,12,596.729980,-289.326050,1088.732788,59.991600
78,1,563.820007,772.310486,-267.202972,-132.846207
78,3,595.900024,259.148010,-370.692505,-143.818207
78,4,831.000000,-113.604271,-544.799438,59.991600
78,5,454.429993,580.583862,-208.250259,-132.058807
78,6,459.480011,432.815674,-234.432632,-134.193039
78,7,397.179993,1007.630676,558.278870,-75.851959
78,8,389.890015,-189.303574,383.664978,-73.358635
78,9,624.780029,964.439514,1293.352539,59.991600
78,10,278.619995,392.747528,1113.956909,59.991600
78,11,266.160004,265.907837,1082.861084,59.991600
78,12,596.729980,-289.326050,1088.732788,59.991600
79,1,563.820007,772.310486,-267.202972,-132.846207
79,3,595.900024,259.148010,-370.692505,-143.818207
79,4,831.000000,-113.604271,-544.799438,59.991600
79,5,454.429993,580.583862,-208.250259,-132.058807
79,6,459.480011,432.815674,-234.432632,-134.193039
79,7,397.179993,1007.630676,558.278870,-75.851959
79,8,389.890015,-189.303574,383.664978,-73.358635
79,9,624.780029,964.439514,1293.352539,59.991600
79,10,278.619995,392.747528,1113.956909,59.991600
79,11,266.160004,265.907837,1082.861084,59.991600
79,12,596.729980,-289.326050,1088.732788,59.991600
80,1,563.820007,772.310486,-267.202972,-132.846207
80,3,595.900024,259.148010,-370.692505,-143.818207
80,4,831.000000,-113.604271,-544.799438,59.991600
80,5,454.429993,580.583862,-208.250259,-132.058807
80,6,459.480011,432.815674,-234.432632,-134.193039
80,7,397.179993,1007.630676,558.278870,-75.851959
80,8,389.890015,-189.303574,383.664978,-73.358635
80,9,624.780029,964.439514,1293.352539,59.991600
80,10,278.619995,392.747528,1113.956909,59.991600
80,11,266.160004,265.907837,1082.861084,59.991600
80,12,596.729980,-289.326050,1088.732788,59.991600
81,1,563.820007,772.310486,-267.202972,-132.846207
81,3,595.900024,259.148010,-370.692505,-143.818207
81,4,831.000000,-113.604271,-544.799438,59.991600
81,5,454.429993,580.583862,-208.250259,-132.058807
81,6,459.480011,432.815674,-234.432632,-134.193039
81,7,397.179993,1007.630676,558.278870,-75.851959
81,8,389.890015,-189.303574,383.664978,-73.358635
81,9,624.780029,964.439514,1293.352539,59.991600
81,10,278.619995,392.747528,1113.956909,59.991600
81,11,266.160004,265.907837,1082.861084,59.991600
81,12,596.729980,-289.326050,1088.732788,59.991600
82,1,516.960022,745.901245,-335.630035,-116.819138
82,3,545.440002,261.329315,-421.329376,-126.559868
82,4,712.469971,-79.450432,-524.623718,59.991600
82,5,421.019989,571.768127,-281.827057,-117.939133
82,6,426.019989,423.478455,-304.864044,-120.052231
82,7,387.839996,1009.807617,444.458069,-72.657494
82,8,387.450012,-179.536270,296.317657,-72.524109
82,9,586.130005,969.736084,1148.908569,59.991600
82,10,335.630005,408.359619,1070.549194,59.991600
82,11,323.959991,280.798889,1042.900513,59.991600
82,12,640.690002,-299.248688,1032.966675,59.991600
83,1,516.960022,745.901245,-335.630035,-116.819138
83,3,545.440002,261.329315,-421.329376,-126.559868
83,4,712.469971,-79.450432,-524.623718,59.991600
83,5,421.019989,571.768127,-281.827057,-117.939133
83,6,426.019989,423.478455,-304.864044,-120.052231
83,7,387.839996,1009.807617,444.458069,-72.657494
83,8,387.450012,-179.536270,296.317657,-72.524109
83,9,586.130005,969.736084,1148.908569,59.991600
83,10,335.630005,408.359619,1070.549194,59.991600
83,11,323.959991,280.798889,1042.900513,59.991600
83,12,640.690002,-299.248688,1032.966675,59.991600
84,1,516.960022,745.901245,-335.630035,-116.819138
84,3,545.440002,261.329315,-421.329376,-126.559868
84,4,712.469971,-79.450432,-524.623718,59.991600
84,5,421.019989,571.768127,-281.827057,-117.939133
84,6,426.019989,423.478455,-304.864044,-120.052231
84,7,387.839996,1009.807617,444.458069,-72.657494
84,8,387.450012,-179.536270,296.317657,-72.524109
84,9,586.130005,969.736084,1148.908569,59.991600
84,10,335.630005,408.359619,1070.549194,59.991600
84,11,323.959991,280.798889,1042.900513,59.991600
84,12,640.690002,-299.248688,1032.966675,59.991600
85,1,516.960022,745.901245,-335.630035,-116.819138
85,3,545.440002,261.329315,-421.329376,-126.559868
85,4,712.469971,-79.450432,-524.623718,59.991600
85,5,421.019989,571.768127,-281.827057,-117.939133
85,6,426.019989,423.478455,-304.864044,-120.052231
85,7,387.839996,1009.807617,444.458069,-72.657494
85,8,387.450012,-179.536270,296.317657,-72.524109
85,9,586.130005,969.736084,1148.908569,59.991600
85,10,335.630005,408.359619,1070.549194,59.991600
85,11,323.959991,280.798889,1042.900513,59.991600
85,12,640.690002,-299.248688,1032.966675,59.991600
86,1,516.960022,745.901245,-335.630035,-116.819138
86,3,545.440002,261.329315,-421.329376,-126.559868
86,4,712.469971,-79.450432,-524.623718,59.991600
86,5,421.019989,571.768127,-281.827057,-117.939133
86,6,426.019989,423.478455,-304.864044,-120.052231
86,7,387.839996,1009.807617,444.458069,-72.657494
86,8,387.450012,-179.536270,296.317657,-72.524109
86,9,586.130005,969.736084,1148.908569,59.991600
86,10,335.630005,408.359619,1070.549194,59.991600
86,11,323.959991,280.798889,1042.900513,59.991600
86,12,640.690002,-299.248688,1032.966675,59.991600
87,1,516.960022,745.901245,-335.630035,-116.819138
87,3,545.440002,261.329315,-421.329376,-126.559868
87,4,712.469971,-79.450432,-524.623718,59.991600
87,5,421.019989,571.768127,-281.827057,-117.939133
87,6,426.019989,423.478455,-304.864044,-120.052231
87,7,387.839996,1009.807617,444.458069,-72.657494
87,8,387.450012,-179.536270,296.317657,-72.524109
87,9,586.130005,969.736084,1148.908569,59.991600
87,10,335.630005,408.359619,1070.549194,59.991600
87,11,323.959991,280.798889,1042.900513,59.991600
87,12,640.690002,-299.248688,1032.966675,59.991600
88,1,516.960022,745.901245,-335.630035,-116.819138
88,3,545.440002,261.329315,-421.329376,-126.559868
88,4,712.469971,-79.450432,-524.623718,59.991600
88,5,421.019989,571.768127,-281.827057,-117.939133
88,6,426.019989,423.478455,-304.864044,-120.052231
88,7,387.839996,1009.807617,444.458069,-72.657494
88,8,387.450012,-179.536270,296.317657,-72.524109
88,9,586.130005,969.736084,1148.908569,59.991600
88,10,335.630005,408.359619,1070.549194,59.991600
88,11,323.959991,280.798889,1042.900513,59.991600
88,12,640.690002,-299.248688,1032.966675,59.991600
89,1,516.960022,745.901245,-335.630035,-116.819138
89,3,545.440002,261.329315,-421.329376,-126.559868
89,4,712.469971,-79.450432,-524.623718,59.991600
89,5,421.019989,571.768127,-281.827057,-117.939133
89,6,426.019989,423.478455,-304.864044,-120.052231
89,7,387.839996,1009.807617,444.458069,-72.657494
89,8,387.450012,-179.536270,296.317657,-72.524109
89,9,586.130005,969.736084,1148.908569,59.991600
89,10,335.630005,408.359619,1070.549194,59.991600
89,11,323.959991,280.798889,1042.900513,59.991600
89,12,640.690002,-299.248688,1032.966675,59.991600
90,1,516.960022,745.901245,-335.630035,-116.819138
90,3,545.440002,261.329315,-421.329376,-126.559868
90,4,712.469971,-79.450432,-524.623718,59.991600
90,5,421.019989,571.768127,-281.827057,-117.939133
90,6,426.019989,423.478455,-304.864044,-120.052231
90,7,387.839996,1009.807617,444.458069,-72.657494
90,8,387.450012,-179.536270,296.317657,-72.524109
90,9,586.130005,969.736084,1148.908569,59.991600
90,10,335.630005,408.359619,1070.549194,59.991600
90,11,323.959991,280.798889,1042.900513,59.991600
90,12,640.690002,-299.248688,1032.966675,59.991600
91,1,516.960022,745.901245,-335.630035,-116.819138
91,3,545.440002,261.329315,-421.329376,-126.559868
91,4,712.469971,-79.450432,-524.623718,59.991600
91,5,421.019989,571.768127,-281.827057,-117.939133
91,6,426.019989,423.478455,-304.864044,-120.052231
91,7,387.839996,1009.807617,444.458069,-72.657494
91,8,387.450012,-179.536270,296.317657,-72.524109
91,9,586.130005,969.736084,1148.908569,59.991600
91,10,335.630005,408.359619,1070.549194,59.991600
91,11,323.959991,280.798889,1042.900513,59.991600
91,12,640.690002,-299.248688,1032.966675,59.991600
92,1,516.960022,745.901245,-335.630035,-116.819138
92,3,545.440002,261.329315,-421.329376,-126.559868
92,4,712.469971,-79.450432,-524.623718,59.991600
92,5,421.019989,571.768127,-281.827057,-117.939133
92,6,426.019989,423.478455,-304.864044,-120.052231
92,7,387.839996,1009.807617,444.458069,-72.657494
92,8,387.450012,-179.536270,296.317657,-72.524109
92,9,586.130005,969.736084,1148.908569,59.991600
92,10,335.630005,408.359619,1070.549194,59.991600
92,11,323.959991,280.798889,1042.900513,59.991600
92,12,640.690002,-299.248688,1032.966675,59.991600
93,1,516.960022,745.901245,-335.630035,-116.819138
93,3,545.440002,261.329315,-421.329376,-126.559868
93,4,712.469971,-79.450432,-524.623718,59.991600
93,5,421.019989,571.768127,-281.827057,-117.939133
93,6,426.019989,423.478455,-304.864044,-120.052231
93,7,387.839996,1009.807617,444.458069,-72.657494
93,8,387.450012,-179.536270,296.317657,-72.524109
93,9,586.130005,969.736084,1148.908569,59.991600
93,10,335.630005,408.359619,1070.549194,59.991600
93,11,323.959991,280.798889,1042.900513,59.991600
93,12,640.690002,-299.248688,1032.966675,59.991600
94,5,414.640015,561.793274,-390.376831,-105.233139
94,6,418.799988,412.845245,-408.506561,-106.991226
94,7,395.690002,1027.837769,318.345825,-65.332649
94,8,389.359985,-174.307846,202.592377,-63.167660
94,9,452.540009,924.442322,912.838501,70.001297
94,10,385.049988,432.026337,1009.471619,70.001297
94,11,364.899994,304.556122,976.954468,70.001297
94,12,658.049988,-284.000763,954.636597,70.001297
95,5,414.640015,561.793274,-390.376831,-105.233139
95,6,418.799988,412.845245,-408.506561,-106.991226
95,7,395.690002,1027.837769,318.345825,-65.332649
95,8,389.359985,-174.307846,202.592377,-63.167660
95,9,452.540009,924.442322,912.838501,70.001297
95,10,385.049988,432.026337,1009.471619,70.001297
95,11,364.899994,304.556122,976.954468,70.001297
95,12,658.049988,-284.000763,954.636597,70.001297
96,5,414.640015,561.793274,-390.376831,-105.233139
96,6,418.799988,412.845245,-408.506561,-106.991226
96,7,395.690002,1027.837769,318.345825,-65.332649
96,8,389.359985,-174.307846,202.592377,-63.167660
96,9,452.540009,924.442322,912.838501,70.001297
96,10,385.049988,432.026337,1009.471619,70.001297
96,11,364.899994,304.556122,976.954468,70.001297
96,12,658.049988,-284.000763,954.636597,70.001297
97,5,414.640015,561.793274,-390.376831,-105.233139
97,6,418.799988,412.845245,-408.506561,-106.991226
97,7,395.690002,1027.837769,318.345825,-65.332649
97,8,389.359985,-174.307846,202.592377,-63.167660
97,9,452.540009,924.442322,912.838501,70.001297
97,10,385.049988,432.026337,1009.471619,70.001297
97,11,364.899994,304.556122,976.954468,70.001297
97,12,658.049988,-284.000763,954.636597,70.001297
98,5,414.640015,561.793274,-390.376831,-105.233139
98,6,418.799988,412.845245,-408.506561,-106.991226
98,7,395.690002,1027.837769,318.345825,-65.332649
98,8,389.359985,-174.307846,202.592377,-63.167660
98,9,452.540009,924.442322,912.838501,70.001297
98,10,385.049988,432.026337,1009.471619,70.001297
98,11,364.899994,304.556122,976.954468,70.001297
98,12,658.049988,-284.000763,954.636597,70.001297
99,5,414.640015,561.793274,-390.376831,-105.233139
99,6,418.799988,412.845245,-408.506561,-106.991226
99,7,395.690002,1027.837769,318.345825,-65.332649
99,8,389.359985,-174.307846,202.592377,-63.167660
99,9,452.540009,924.442322,912.838501,70.001297
99,10,385.049988,432.026337,1009.471619,70.001297
99,11,364.899994,304.556122,976.954468,70.001297
99,12,658.049988,-284.000763,954.636597,70.001297
100,5,414.640015,561.793274,-390.376831,-105.233139
100,6,418.799988,412.845245,-408.506561,-106.991226
100,7,395.690002,1027.837769,318.345825,-65.332649
100,8,389.359985,-174.307846,202.592377,-63.167660
100,9,452.540009,924.442322,912.838501,70.001297
100,10,385.049988,432.026337,1009.471619,70.001297
100,11,364.899994,304.556122,976.954468,70.001297
100,12,658.049988,-284.000763,954.636597,70.001297
101,5,414.640015,561.793274,-390.376831,-105.233139
101,6,418.799988,412.845245,-408.506561,-106.991226
101,7,395.690002,1027.837769,318.345825,-65.332649
101,8,389.359985,-174.307846,202.592377,-63.167660
101,9,452.540009,924.442322,912.838501,70.001297
101,10,385.049988,432.026337,1009.471619,70.001297
101,11,364.899994,304.556122,976.954468,70.001297
101,12,658.049988,-284.000763,954.636597,70.001297
102,5,414.640015,561.793274,-390.376831,-105.233139
102,6,418.799988,412.845245,-408.506561,-106.991226
102,7,395.690002,1027.837769,318.345825,-65.332649
102,8,389.359985,-174.307846,202.592377,-63.167660
102,9,452.540009,924.442322,912.838501,70.001297
102,10,385.049988,432.026337,1009.471619,70.001297
102,11,364.899994,304.556122,976.954468,70.001297
102,12,658.049988,-284.000763,954.636597,70.001297
103,5,414.640015,561.793274,-390.376831,-105.233139
103,6,418.799988,412.845245,-408.506561,-106.991226
103,7,395.690002,1027.837769,318.345825,-65.332649
103,8,389.359985,-174.307846,202.592377,-63.167660
103,9,452.540009,924.442322,912.838501,70.001297
103,10,385.049988,432.026337,1009.471619,70.001297
103,11,364.899994,304.556122,976.954468,70.001297
103,12,658.049988,-284.000763,954.636597,70.001297
104,5,414.640015,561.793274,-390.376831,-105.233139
104,6,418.799988,412.845245,-408.506561,-106.991226
104,7,395.690002,1027.837769,318.345825,-65.332649
104,8,389.359985,-174.307846,202.592377,-63.167660
104,9,452.540009,924.442322,912.838501,70.001297
104,10,385.049988,432.026337,1009.471619,70.001297
104,11,364.899994,304.556122,976.954468,70.001297
104,12,658.049988,-284.000763,954.636597,70.001297
105,7,346.000000,981.044434,166.673645,-48.337669
105,8,387.140015,-177.371719,132.292709,-62.408382
105,9,507.600006,998.073486,811.306702,70.001297
105,10,329.839996,480.657196,841.966248,70.001297
105,11,298.079987,351.656616,806.363647,70.001297
105,12,594.210022,-196.599426,842.226074,70.001297
106,7,346.000000,981.044434,166.673645,-48.337669
106,8,387.140015,-177.371719,132.292709,-62.408382
106,9,507.600006,998.073486,811.306702,70.001297
106,10,329.839996,480.657196,841.966248,70.001297
106,11,298.079987,351.656616,806.363647,70.001297
106,12,594.210022,-196.599426,842.226074,70.001297
107,7,346.000000,981.044434,166.673645,-48.337669
107,8,387.140015,-177.371719,132.292709,-62.408382
107,9,507.600006,998.073486,811.306702,70.001297
107,10,329.839996,480.657196,841.966248,70.001297
107,11,298.079987,351.656616,806.363647,70.001297
107,12,594.210022,-196.599426,842.226074,70.001297
108,7,346.000000,981.044434,166.673645,-48.337669
108,8,387.140015,-177.371719,132.292709,-62.408382
108,9,507.600006,998.073486,811.306702,70.001297
108,10,329.839996,480.657196,841.966248,70.001297
108,11,298.079987,351.656616,806.363647,70.001297
108,12,594.210022,-196.599426,842.226074,70.001297
109,7,346.000000,981.044434,166.673645,-48.337669
109,8,387.140015,-177.371719,132.292709,-62.408382
109,9,507.600006,998.073486,811.306702,70.001297
109,10,329.839996,480.657196,841.966248,70.001297
109,11,298.079987,351.656616,806.363647,70.001297
109,12,594.210022,-196.599426,842.226074,70.001297
110,7,346.000000,981.044434,166.673645,-48.337669
110,8,387.140015,-177.371719,132.292709,-62.408382
110,9,507.600006,998.073486,811.306702,70.001297
110,10,329.839996,480.657196,841.966248,70.001297
110,11,298.079987,351.656616,806.363647,70.001297
110,12,594.210022,-196.599426,842.226074,70.001297
111,7,346.000000,981.044434,166.673645,-48.337669
111,8,387.140015,-177.371719,132.292709,-62.408382
111,9,507.600006,998.073486,811.306702,70.001297
111,10,329.839996,480.657196,841.966248,70.001297
111,11,298.079987,351.656616,806.363647,70.001297
111,12,594.210022,-196.599426,842.226074,70.001297
112,7,346.000000,981.044434,166.673645,-48.337669
112,8,387.140015,-177.371719,132.292709,-62.408382
112,9,507.600006,998.073486,811.306702,70.001297
112,10,329.839996,480.657196,841.966248,70.001297
112,11,298.079987,351.656616,806.363647,70.001297
112,12,594.210022,-196.599426,842.226074,70.001297
113,7,346.000000,981.044434,166.673645,-48.337669
113,8,387.140015,-177.371719,132.292709,-62.408382
113,9,507.600006,998.073486,811.306702,70.001297
113,10,329.839996,480.657196,841.966248,70.001297
113,11,298.079987,351.656616,806.363647,70.001297
113,12,594.210022,-196.599426,842.226074,70.001297
114,7,346.000000,981.044434,166.673645,-48.337669
114,8,387.140015,-177.371719,132.292709,-62.408382
114,9,507.600006,998.073486,811.306702,70.001297
114,10,329.839996,480.657196,841.966248,70.001297
114,11,298.079987,351.656616,806.363647,70.001297
114,12,594.210022,-196.599426,842.226074,70.001297
115,7,346.000000,981.044434,166.673645,-48.337669
115,8,387.140015,-177.371719,132.292709,-62.408382
115,9,507.600006,998.073486,811.306702,70.001297
115,10,329.839996,480.657196,841.966248,70.001297
115,11,298.079987,351.656616,806.363647,70.001297
115,12,594.210022,-196.599426,842.226074,70.001297
116,7,346.000000,981.044434,166.673645,-48.337669
116,8,387.140015,-177.371719,132.292709,-62.408382
116,9,507.600006,998.073486,811.306702,70.001297
116,10,329.839996,480.657196,841.966248,70.001297
116,11,298.079987,351.656616,806.363647,70.001297
116,12,594.210022,-196.599426,842.226074,70.001297
117,1,512.440002,601.792786,-720.659241,-105.263504
117,3,515.979980,121.970413,-694.443787,-106.474243
117,4,654.440002,-211.005005,-710.285522,70.001297
117,5,420.299988,441.774445,-639.163635,-107.625153
117,6,418.510010,292.153259,-628.387085,-106.868675
117,7,179.380005,810.377197,5.457233,8.649725
117,8,378.179993,-181.703918,66.135513,-59.343876
117,9,145.880005,793.048828,373.953003,70.001297
117,10,321.089996,528.998169,705.029846,70.001297
117,11,291.570007,397.438507,683.501221,70.001297
117,12,568.599976,-129.679962,754.816895,70.001297
117,16,676.630005,-64.493210,-806.221558,70.001297
118,1,512.440002,601.792786,-720.659241,-105.263504
118,3,515.979980,121.970413,-694.443787,-106.474243
118,4,654.440002,-211.005005,-710.285522,70.001297
118,5,420.299988,441.774445,-639.163635,-107.625153
118,6,418.510010,292.153259,-628.387085,-106.868675
118,7,179.380005,810.377197,5.457233,8.649725
118,8,378.179993,-181.703918,66.135513,-59.343876
118,9,145.880005,793.048828,373.953003,70.001297
118,10,321.089996,528.998169,705.029846,70.001297
118,11,291.570007,397.438507,683.501221,70.001297
118,12,568.599976,-129.679962,754.816895,70.001297
118,16,676.630005,-64.493210,-806.221558,70.001297
119,1,512.440002,601.792786,-720.659241,-105.263504
119,3,515.979980,121.970413,-694.443787,-106.474243
119,4,654.440002,-211.005005,-710.285522,70.001297
119,5,420.299988,441.774445,-639.163635,-107.625153
119,6,418.510010,292.153259,-628.387085,-106.868675
119,7,179.380005,810.377197,5.457233,8.649725
119,8,378.179993,-181.703918,66.135513,-59.343876
119,9,145.880005,793.048828,373.953003,70.001297
119,10,321.089996,528.998169,705.029846,70.001297
119,11,291.570007,397.438507,683.501221,70.001297
119,12,568.599976,-129.679962,754.816895,70.001297
119,16,676.630005,-64.493210,-806.221558,70.001297
120,1,512.440002,601.792786,-720.659241,-105.263504
120,3,515.979980,121.970413,-694.443787,-106.474243
120,4,654.440002,-211.005005,-710.285522,70.001297
120,5,420.299988,441.774445,-639.163635,-107.625153
120,6,418.510010,292.153259,-628.387085,-106.868675
120,7,179.380005,810.377197,5.457233,8.649725
120,8,378.179993,-181.703918,66.135513,-59.343876
120,9,145.880005,793.048828,373.953003,70.001297
120,10,321.089996,528.998169,705.029846,70.001297
120,11,291.570007,397.438507,683.501221,70.001297
120,12,568.599976,-129.679962,754.816895,70.001297
120,16,676.630005,-64.493210,-806.221558,70.001297
121,1,512.440002,601.792786,-720.659241,-105.263504
121,3,515.979980,121.970413,-694.443787,-106.474243
121,4,654.440002,-211.005005,-710.285522,70.001297
121,5,420.299988,441.774445,-639.163635,-107.625153
121,6,418.510010,292.153259,-628.387085,-106.868675
121,7,179.380005,810.377197,5.457233,8.649725
121,8,378.179993,-181.703918,66.135513,-59.343876
121,9,145.880005,793.048828,373.953003,70.001297
121,10,321.089996,528.998169,705.029846,70.001297
121,11,291.570007,397.438507,683.501221,70.001297
121,12,568.599976,-129.679962,754.816895,70.001297
121,16,676.630005,-64.493210,-806.221558,70.001297
122,1,512.440002,601.792786,-720.659241,-105.263504
122,3,515.979980,121.970413,-694.443787,-106.474243
122,4,654.440002,-211.005005,-710.285522,70.001297
122,5,420.299988,441.774445,-639.163635,-107.625153
122,6,418.510010,292.153259,-628.387085,-106.868675
122,7,179.380005,810.377197,5.457233,8.649725
122,8,378.179993,-181.703918,66.135513,-59.343876
122,9,145.880005,793.048828,373.953003,70.001297
122,10,321.089996,528.998169,705.029846,70.001297
122,11,291.570007,397.438507,683.501221,70.001297
122,12,568.599976,-129.679962,754.816895,70.001297
122,16,676.630005,-64.493210,-806.221558,70.001297
123,1,512.440002,601.792786,-720.659241,-105.263504
123,3,515.979980,121.970413,-694.443787,-106.474243
123,4,654.440002,-211.005005,-710.285522,70.001297
123,5,420.299988,441.774445,-639.163635,-107.625153
123,6,418.510010,292.153259,-628.387085,-106.868675
123,7,179.380005,810.377197,5.457233,8.649725
123,8,378.179993,-181.703918,66.135513,-59.343876
123,9,145.880005,793.048828,373.953003,70.001297
123,10,321.089996,528.998169,705.029846,70.001297
123,11,291.570007,397.438507,683.501221,70.001297
123,12,568.599976,-129.679962,754.816895,70.001297
123,16,676.630005,-64.493210,-806.221558,70.001297
124,1,512.440002,601.792786,-720.659241,-105.263504
124,3,515.979980,121.970413,-694.443787,-106.474243
124,4,654.440002,-211.005005,-710.285522,70.001297
124,5,420.299988,441.774445,-639.163635,-107.625153
124,6,418.510010,292.153259,-628.387085,-106.868675
124,7,179.380005,810.377197,5.457233,8.649725
124,8,378.179993,-181.703918,66.135513,-59.343876
124,9,145.880005,793.048828,373.953003,70.001297
124,10,321.089996,528.998169,705.029846,70.001297
124,11,291.570007,397.438507,683.501221,70.001297
124,12,568.599976,-129.679962,754.816895,70.001297
124,16,676.630005,-64.493210,-806.221558,70.001297
125,1,512.440002,601.792786,-720.659241,-105.263504
125,3,515.979980,121.970413,-694.443787,-106.474243
125,4,654.440002,-211.005005,-710.285522,70.001297
125,5,420.299988,441.774445,-639.163635,-107.625153
125,6,418.510010,292.153259,-628.387085,-106.868675
125,7,179.380005,810.377197,5.457233,8.649725
125,8,378.179993,-181.703918,66.135513,-59.343876
125,9,145.880005,793.048828,373.953003,70.001297
125,10,321.089996,528.998169,705.029846,70.001297
125,11,291.570007,397.438507,683.501221,70.001297
125,12,568.599976,-129.679962,754.816895,70.001297
125,16,676.630005,-64.493210,-806.221558,70.001297
126,1,512.440002,601.792786,-720.659241,-105.263504
126,3,515.979980,121.970413,-694.443787,-106.474243
126,4,654.440002,-211.005005,-710.285522,70.001297
126,5,420.299988,441.774445,-639.163635,-107.625153
126,6,418.510010,292.153259,-628.387085,-106.868675
126,7,179.380005,810.377197,5.457233,8.649725
126,8,378.179993,-181.703918,66.135513,-59.343876
126,9,145.880005,793.048828,373.953003,70.001297
126,10,321.089996,528.998169,705.029846,70.001297
126,11,291.570007,397.438507,683.501221,70.001297
126,12,568.599976,-129.679962,754.816895,70.001297
126,16,676.630005,-64.493210,-806.221558,70.001297
127,1,512.440002,601.792786,-720.659241,-105.263504
127,3,515.979980,121.970413,-694.443787,-106.474243
127,4,654.440002,-211.005005,-710.285522,70.001297
127,5,420.299988,441.774445,-639.163635,-107.625153
127,6,418.510010,292.153259,-628.387085,-106.868675
127,7,179.380005,810.377197,5.457233,8.649725
127,8,378.179993,-181.703918,66.135513,-59.343876
127,9,145.880005,793.048828,373.953003,70.001297
127,10,321.089996,528.998169,705.029846,70.001297
127,11,291.570007,397.438507,683.501221,70.001297
127,12,568.599976,-129.679962,754.816895,70.001297
127,16,676.630005,-64.493210,-806.221558,70.001297
128,1,526.669983,454.648132,-873.582947,-100.132843
128,3,502.829987,-11.341704,-753.012207,-91.979088
128,5,420.269989,306.577972,-756.061951,-97.614876
128,6,416.579987,160.551132,-721.604004,-96.055412
128,7,60.869999,657.477844,-149.877609,59.180134
128,8,349.559998,-179.501556,28.027857,-39.557659
128,9,231.259995,871.016724,246.543350,79.998901
128,10,272.279999,581.374268,512.704224,79.998901
128,11,230.809998,445.592957,499.168976,79.998901
128,12,466.559998,-4.656872,616.950684,79.998901
129,1,526.669983,454.648132,-873.582947,-100.132843
129,3,502.829987,-11.341704,-753.012207,-91.979088
129,5,420.269989,306.577972,-756.061951,-97.614876
129,6,416.579987,160.551132,-721.604004,-96.055412
129,7,60.869999,657.477844,-149.877609,59.180134
129,8,349.559998,-179.501556,28.027857,-39.557659
129,9,231.259995,871.016724,246.543350,79.998901
129,10,272.279999,581.374268,512.704224,79.998901
129,11,230.809998,445.592957,499.168976,79.998901
129,12,466.559998,-4.656872,616.950684,79.998901
130,1,526.669983,454.648132,-873.582947,-100.132843
130,3,502.829987,-11.341704,-753.012207,-91.979088
130,5,420.269989,306.577972,-756.061951,-97.614876
130,6,416.579987,160.551132,-721.604004,-96.055412
130,7,60.869999,657.477844,-149.877609,59.180134
130,8,349.559998,-179.501556,28.027857,-39.557659
130,9,231.259995,871.016724,246.543350,79.998901
130,10,272.279999,581.374268,512.704224,79.998901
130,11,230.809998,445.592957,499.168976,79.998901
130,12,466.559998,-4.656872,616.950684,79.998901
131,1,526.669983,454.648132,-873.582947,-100.132843
131,3,502.829987,-11.341704,-753.012207,-91.979088
131,5,420.269989,306.577972,-756.061951,-97.614876
131,6,416.579987,160.551132,-721.604004,-96.055412
131,7,60.869999,657.477844,-149.877609,59.180134
131,8,349.559998,-179.501556,28.027857,-39.557659
131,9,231.259995,871.016724,246.543350,79.998901
131,10,272.279999,581.374268,512.704224,79.998901
131,11,230.809998,445.592957,499.168976,79.998901
131,12,466.559998,-4.656872,616.950684,79.998901
132,1,526.669983,454.648132,-873.582947,-100.132843
132,3,502.829987,-11.341704,-753.012207,-91.979088
132,5,420.269989,306.577972,-756.061951,-97.614876
132,6,416.579987,160.551132,-721.604004,-96.055412
132,7,60.869999,657.477844,-149.877609,59.180134
132,8,349.559998,-179.501556,28.027857,-39.557659
132,9,231.259995,871.016724,246.543350,79.998901
132,10,272.279999,581.374268,512.704224,79.998901
132,11,230.809998,445.592957,499.168976,79.998901
132,12,466.559998,-4.656872,616.950684,79.998901
133,1,526.669983,454.648132,-873.582947,-100.132843
133,3,502.829987,-11.341704,-753.012207,-91.979088
133,5,420.269989,306.577972,-756.061951,-97.614876
133,6,416.579987,160.551132,-721.604004,-96.055412
133,7,60.869999,657.477844,-149.877609,59.180134
133,8,349.559998,-179.501556,28.027857,-39.557659
133,9,231.259995,871.016724,246.543350,79.998901
133,10,272.279999,581.374268,512.704224,79.998901
133,11,230.809998,445.592957,499.168976,79.998901
133,12,466.559998,-4.656872,616.950684,79.998901
134,1,526.669983,454.648132,-873.582947,-100.132843
134,3,502.829987,-11.341704,-753.012207,-91.979088
134,5,420.269989,306.577972,-756.061951,-97.614876
134,6,416.579987,160.551132,-721.604004,-96.055412
134,7,60.869999,657.477844,-149.877609,59.180134
134,8,349.559998,-179.501556,28.027857,-39.557659
134,9,231.259995,871.016724,246.543350,79.998901
134,10,272.279999,581.374268,512.704224,79.998901
134,11,230.809998,445.592957,499.168976,79.998901
134,12,466.559998,-4.656872,616.950684,79.998901
135,1,526.669983,454.648132,-873.582947,-100.132843
135,3,502.829987,-11.341704,-753.012207,-91.979088
135,5,420.269989,306.577972,-756.061951,-97.614876
135,6,416.579987,160.551132,-721.604004,-96.055412
135,7,60.869999,657.477844,-149.877609,59.180134
135,8,349.559998,-179.501556,28.027857,-39.557659
135,9,231.259995,871.016724,246.543350,79.998901
135,10,272.279999,581.374268,512.704224,79.998901
135,11,230.809998,445.592957,499.168976,79.998901
135,12,466.559998,-4.656872,616.950684,79.998901
136,1,526.669983,454.648132,-873.582947,-100.132843
136,3,502.829987,-11.341704,-753.012207,-91.979088
136,5,420.269989,306.577972,-756.061951,-97.614876
136,6,416.579987,160.551132,-721.604004,-96.055412
136,7,60.869999,657.477844,-149.877609,59.180134
136,8,349.559998,-179.501556,28.027857,-39.557659
136,9,231.259995,871.016724,246.543350,79.998901
136,10,272.279999,581.374268,512.704224,79.998901
136,11,230.809998,445.592957,499.168976,79.998901
136,12,466.559998,-4.656872,616.950684,79.998901
137,1,526.669983,454.648132,-873.582947,-100.132843
137,3,502.829987,-11.341704,-753.012207,-91.979088
137,5,420.269989,306.577972,-756.061951,-97.614876
137,6,416.579987,160.551132,-721.604004,-96.055412
137,7,60.869999,657.477844,-149.877609,59.180134
137,8,349.559998,-179.501556,28.027857,-39.557659
137,9,231.259995,871.016724,246.543350,79.998901
137,10,272.279999,581.374268,512.704224,79.998901
137,11,230.809998,445.592957,499.168976,79.998901
137,12,466.559998,-4.656872,616.950684,79.998901
138,1,526.669983,454.648132,-873.582947,-100.132843
138,3,502.829987,-11.341704,-753.012207,-91.979088
138,5,420.269989,306.577972,-756.061951,-97.614876
138,6,416.579987,160.551132,-721.604004,-96.055412
138,7,60.869999,657.477844,-149.877609,59.180134
138,8,349.559998,-179.501556,28.027857,-39.557659
138,9,231.259995,871.016724,246.543350,79.998901
138,10,272.279999,581.374268,512.704224,79.998901
138,11,230.809998,445.592957,499.168976,79.998901
138,12,466.559998,-4.656872,616.950684,79.998901
139,1,526.669983,454.648132,-873.582947,-100.132843
139,3,502.829987,-11.341704,-753.012207,-91.979088
139,5,420.269989,306.577972,-756.061951,-97.614876
139,6,416.579987,160.551132,-721.604004,-96.055412
139,7,60.869999,657.477844,-149.877609,59.180134
139,8,349.559998,-179.501556,28.027857,-39.557659
139,9,231.259995,871.016724,246.543350,79.998901
139,10,272.279999,581.374268,512.704224,79.998901
139,11,230.809998,445.592957,499.168976,79.998901
139,12,466.559998,-4.656872,616.950684,79.998901
140,1,507.029999,230.070038,-983.494873,-93.415573
140,5,398.700012,115.070808,-839.306213,-88.499008
140,6,387.239990,-18.346676,-769.968994,-83.655792
140,7,186.289993,680.066101,-380.172089,16.283970
140,8,336.570007,-201.529129,3.156434,-35.114822
140,9,196.220001,828.911987,-2.921897,79.998901
140,10,284.970001,634.566711,342.913422,79.998901
140,11,237.190002,496.296692,350.933655,79.998901
140,12,447.339996,81.482414,531.836853,79.998901
141,1,507.029999,230.070038,-983.494873,-93.415573
141,5,398.700012,115.070808,-839.306213,-88.499008
141,6,387.239990,-18.346676,-769.968994,-83.655792
141,7,186.289993,680.066101,-380.172089,16.283970
141,8,336.570007,-201.529129,3.156434,-35.114822
141,9,196.220001,828.911987,-2.921897,79.998901
141,10,284.970001,634.566711,342.913422,79.998901
141,11,237.190002,496.296692,350.933655,79.998901
141,12,447.339996,81.482414,531.836853,79.998901
142,1,507.029999,230.070038,-983.494873,-93.415573
142,5,398.700012,115.070808,-839.306213,-88.499008
142,6,387.239990,-18.346676,-769.968994,-83.655792
142,7,186.289993,680.066101,-380.172089,16.283970
142,8,336.570007,-201.529129,3.156434,-35.114822
142,9,196.220001,828.911987,-2.921897,79.998901
142,10,284.970001,634.566711,342.913422,79.998901
142,11,237.190002,496.296692,350.933655,79.998901
142,12,447.339996,81.482414,531.836853,79.998901
143,1,507.029999,230.070038,-983.494873,-93.415573
143,5,398.700012,115.070808,-839.306213,-88.499008
143,6,387.239990,-18.346676,-769.968994,-83.655792
143,7,186.289993,680.066101,-380.172089,16.283970
143,8,336.570007,-201.529129,3.156434,-35.114822
143,9,196.220001,828.911987,-2.921897,79.998901
143,10,284.970001,634.566711,342.913422,79.998901
143,11,237.190002,496.296692,350.933655,79.998901
143,12,447.339996,81.482414,531.836853,79.998901
144,1,507.029999,230.070038,-983.494873,-93.415573
144,5,398.700012,115.070808,-839.306213,-88.499008
144,6,387.239990,-18.346676,-769.968994,-83.655792
144,7,186.289993,680.066101,-380.172089,16.283970
144,8,336.570007,-201.529129,3.156434,-35.114822
144,9,196.220001,828.911987,-2.921897,79.998901
144,10,284.970001,634.566711,342.913422,79.998901
144,11,237.190002,496.296692,350.933655,79.998901
144,12,447.339996,81.482414,531.836853,79.998901
145,1,507.029999,230.070038,-983.494873,-93.415573
145,5,398.700012,115.070808,-839.306213,-88.499008
145,6,387.239990,-18.346676,-769.968994,-83.655792
145,7,186.289993,680.066101,-380.172089,16.283970
145,8,336.570007,-201.529129,3.156434,-35.114822
145,9,196.220001,828.911987,-2.921897,79.998901
145,10,284.970001,634.566711,342.913422,79.998901
145,11,237.190002,496.296692,350.933655,79.998901
145,12,447.339996,81.482414,531.836853,79.998901
146,1,507.029999,230.070038,-983.494873,-93.415573
146,5,398.700012,115.070808,-839.306213,-88.499008
146,6,387.239990,-18.346676,-769.968994,-83.655792
146,7,186.289993,680.066101,-380.172089,16.283970
146,8,336.570007,-201.529129,3.156434,-35.114822
146,9,196.220001,828.911987,-2.921897,79.998901
146,10,284.970001,634.566711,342.913422,79.998901
146,11,237.190002,496.296692,350.933655,79.998901
146,12,447.339996,81.482414,531.836853,79.998901
147,1,507.029999,230.070038,-983.494873,-93.415573
147,5,398.700012,115.070808,-839.306213,-88.499008
147,6,387.239990,-18.346676,-769.968994,-83.655792
147,7,186.289993,680.066101,-380.172089,16.283970
147,8,336.570007,-201.529129,3.156434,-35.114822
147,9,196.220001,828.911987,-2.921897,79.998901
147,10,284.970001,634.566711,342.913422,79.998901
147,11,237.190002,496.296692,350.933655,79.998901
147,12,447.339996,81.482414,531.836853,79.998901
148,1,507.029999,230.070038,-983.494873,-93.415573
148,5,398.700012,115.070808,-839.306213,-88.499008
148,6,387.239990,-18.346676,-769.968994,-83.655792
148,7,186.289993,680.066101,-380.172089,16.283970
148,8,336.570007,-201.529129,3.156434,-35.114822
148,9,196.220001,828.911987,-2.921897,79.998901
148,10,284.970001,634.566711,342.913422,79.998901
148,11,237.190002,496.296692,350.933655,79.998901
148,12,447.339996,81.482414,531.836853,79.998901
149,1,507.029999,230.070038,-983.494873,-93.415573
149,5,398.700012,115.070808,-839.306213,-88.499008
149,6,387.239990,-18.346676,-769.968994,-83.655792
149,7,186.289993,680.066101,-380.172089,16.283970
149,8,336.570007,-201.529129,3.156434,-35.114822
149,9,196.220001,828.911987,-2.921897,79.998901
149,10,284.970001,634.566711,342.913422,79.998901
149,11,237.190002,496.296692,350.933655,79.998901
149,12,447.339996,81.482414,531.836853,79.998901
150,1,507.029999,230.070038,-983.494873,-93.415573
150,5,398.700012,115.070808,-839.306213,-88.499008
150,6,387.239990,-18.346676,-769.968994,-83.655792
150,7,186.289993,680.066101,-380.172089,16.283970
150,8,336.570007,-201.529129,3.156434,-35.114822
150,9,196.220001,828.911987,-2.921897,79.998901
150,10,284.970001,634.566711,342.913422,79.998901
150,11,237.190002,496.296692,350.933655,79.998901
150,12,447.339996,81.482414,531.836853,79.998901
151,1,549.020020,-50.714249,-1076.529175,-97.779503
151,5,398.220001,-116.002754,-871.052734,-78.298645
151,6,381.239990,-225.998154,-767.912842,-71.122581
151,7,219.699997,566.912781,-579.313293,14.854575
151,8,323.910004,-213.308502,15.056087,-20.787346
151,9,246.899994,825.915039,-218.290573,89.996399
151,10,286.170013,670.960083,153.732574,89.996399
151,11,243.910004,541.939453,198.894363,89.996399
151,12,458.470001,177.654053,479.294861,89.996399
152,1,549.020020,-50.714249,-1076.529175,-97.779503
152,5,398.220001,-116.002754,-871.052734,-78.298645
152,6,381.239990,-225.998154,-767.912842,-71.122581
152,7,219.699997,566.912781,-579.313293,14.854575
152,8,323.910004,-213.308502,15.056087,-20.787346
152,9,246.899994,825.915039,-218.290573,89.996399
152,10,286.170013,670.960083,153.732574,89.996399
152,11,243.910004,541.939453,198.894363,89.996399
152,12,458.470001,177.654053,479.294861,89.996399
153,1,549.020020,-50.714249,-1076.529175,-97.779503
153,5,398.220001,-116.002754,-871.052734,-78.298645
153,6,381.239990,-225.998154,-767.912842,-71.122581
153,7,219.699997,566.912781,-579.313293,14.854575
153,8,323.910004,-213.308502,15.056087,-20.787346
153,9,246.899994,825.915039,-218.290573,89.996399
153,10,286.170013,670.960083,153.732574,89.996399
153,11,243.910004,541.939453,198.894363,89.996399
153,12,458.470001,177.654053,479.294861,89.996399
154,1,549.020020,-50.714249,-1076.529175,-97.779503
154,5,398.220001,-116.002754,-871.052734,-78.298645
154,6,381.239990,-225.998154,-767.912842,-71.122581
154,7,219.699997,566.912781,-579.313293,14.854575
154,8,323.910004,-213.308502,15.056087,-20.787346
154,9,246.899994,825.915039,-218.290573,89.996399
154,10,286.170013,670.960083,153.732574,89.996399
154,11,243.910004,541.939453,198.894363,89.996399
154,12,458.470001,177.654053,479.294861,89.996399
155,1,549.020020,-50.714249,-1076.529175,-97.779503
155,5,398.220001,-116.002754,-871.052734,-78.298645
155,6,381.239990,-225.998154,-767.912842,-71.122581
155,7,219.699997,566.912781,-579.313293,14.854575
155,8,323.910004,-213.308502,15.056087,-20.787346
155,9,246.899994,825.915039,-218.290573,89.996399
155,10,286.170013,670.960083,153.732574,89.996399
155,11,243.910004,541.939453,198.894363,89.996399
155,12,458.470001,177.654053,479.294861,89.996399
156,1,549.020020,-50.714249,-1076.529175,-97.779503
156,5,398.220001,-116.002754,-871.052734,-78.298645
156,6,381.239990,-225.998154,-767.912842,-71.122581
156,7,219.699997,566.912781,-579.313293,14.854575
156,8,323.910004,-213.308502,15.056087,-20.787346
156,9,246.899994,825.915039,-218.290573,89.996399
156,10,286.170013,670.960083,153.732574,89.996399
156,11,243.910004,541.939453,198.894363,89.996399
156,12,458.470001,177.654053,479.294861,89.996399
157,1,549.020020,-50.714249,-1076.529175,-97.779503
157,5,398.220001,-116.002754,-871.052734,-78.298645
157,6,381.239990,-225.998154,-767.912842,-71.122581
157,7,219.699997,566.912781,-579.313293,14.854575
157,8,323.910004,-213.308502,15.056087,-20.787346
157,9,246.899994,825.915039,-218.290573,89.996399
157,10,286.170013,670.960083,153.732574,89.996399
157,11,243.910004,541.939453,198.894363,89.996399
157,12,458.470001,177.654053,479.294861,89.996399
158,1,549.020020,-50.714249,-1076.529175,-97.779503
158,5,398.220001,-116.002754,-871.052734,-78.298645
158,6,381.239990,-225.998154,-767.912842,-71.122581
158,7,219.699997,566.912781,-579.313293,14.854575
158,8,323.910004,-213.308502,15.056087,-20.787346
158,9,246.899994,825.915039,-218.290573,89.996399
158,10,286.170013,670.960083,153.732574,89.996399
158,11,243.910004,541.939453,198.894363,89.996399
158,12,458.470001,177.654053,479.294861,89.996399
159,1,549.020020,-50.714249,-1076.529175,-97.779503
159,5,398.220001,-116.002754,-871.052734,-78.298645
159,6,381.239990,-225.998154,-767.912842,-71.122581
159,7,219.699997,566.912781,-579.313293,14.854575
159,8,323.910004,-213.308502,15.056087,-20.787346
159,9,246.899994,825.915039,-218.290573,89.996399
159,10,286.170013,670.960083,153.732574,89.996399
159,11,243.910004,541.939453,198.894363,89.996399
159,12,458.470001,177.654053,479.294861,89.996399
160,1,549.020020,-50.714249,-1076.529175,-97.779503
160,5,398.220001,-116.002754,-871.052734,-78.298645
160,6,381.239990,-225.998154,-767.912842,-71.122581
160,7,219.699997,566.912781,-579.313293,14.854575
160,8,323.910004,-213.308502,15.056087,-20.787346
160,9,246.899994,825.915039,-218.290573,89.996399
160,10,286.170013,670.960083,153.732574,89.996399
160,11,243.910004,541.939453,198.894363,89.996399
160,12,458.470001,177.654053,479.294861,89.996399
161,1,549.020020,-50.714249,-1076.529175,-97.779503
161,5,398.220001,-116.002754,-871.052734,-78.298645
161,6,381.239990,-225.998154,-767.912842,-71.122581
161,7,219.699997,566.912781,-579.313293,14.854575
161,8,323.910004,-213.308502,15.056087,-20.787346
161,9,246.899994,825.915039,-218.290573,89.996399
161,10,286.170013,670.960083,153.732574,89.996399
161,11,243.910004,541.939453,198.894363,89.996399
161,12,458.470001,177.654053,479.294861,89.996399
162,1,549.020020,-50.714249,-1076.529175,-97.779503
162,5,398.220001,-116.002754,-871.052734,-78.298645
162,6,381.239990,-225.998154,-767.912842,-71.122581
162,7,219.699997,566.912781,-579.313293,14.854575
162,8,323.910004,-213.308502,15.056087,-20.787346
162,9,246.899994,825.915039,-218.290573,89.996399
162,10,286.170013,670.960083,153.732574,89.996399
162,11,243.910004,541.939453,198.894363,89.996399
162,12,458.470001,177.654053,479.294861,89.996399
163,1,684.500000,-355.006592,-1224.104248,-134.118790
163,3,576.859985,-649.322327,-743.610657,-97.303734
163,5,489.709991,-379.075958,-952.791504,-106.966385
163,6,466.779999,-462.242950,-826.240601,-97.275749
163,7,126.839996,353.205017,-682.787354,56.612167
163,8,338.570007,-244.451797,-0.089444,-15.803762
163,9,300.429993,789.979431,-445.183594,99.994003
163,10,210.889999,602.144714,-100.443069,99.994003
163,11,180.160004,493.393402,-22.870649,99.994003
163,12,439.649994,237.411240,347.920532,99.994003
164,1,684.500000,-355.006592,-1224.104248,-134.118790
164,3,576.859985,-649.322327,-743.610657,-97.303734
164,5,489.709991,-379.075958,-952.791504,-106.966385
164,6,466.779999,-462.242950,-826.240601,-97.275749
164,7,126.839996,353.205017,-682.787354,56.612167
164,8,338.570007,-244.451797,-0.089444,-15.803762
164,9,300.429993,789.979431,-445.183594,99.994003
164,10,210.889999,602.144714,-100.443069,99.994003
164,11,180.160004,493.393402,-22.870649,99.994003
164,12,439.649994,237.411240,347.920532,99.994003
165,1,684.500000,-355.006592,-1224.104248,-134.118790
165,3,576.859985,-649.322327,-743.610657,-97.303734
165,5,489.709991,-379.075958,-952.791504,-106.966385
165,6,466.779999,-462.242950,-826.240601,-97.275749
165,7,126.839996,353.205017,-682.787354,56.612167
165,8,338.570007,-244.451797,-0.089444,-15.803762
165,9,300.429993,789.979431,-445.183594,99.994003
165,10,210.889999,602.144714,-100.443069,99.994003
165,11,180.160004,493.393402,-22.870649,99.994003
165,12,439.649994,237.411240,347.920532,99.994003
166,1,684.500000,-355.006592,-1224.104248,-134.118790
166,3,576.859985,-649.322327,-743.610657,-97.303734
166,5,489.709991,-379.075958,-952.791504,-106.966385
166,6,466.779999,-462.242950,-826.240601,-97.275749
166,7,126.839996,353.205017,-682.787354,56.612167
166,8,338.570007,-244.451797,-0.089444,-15.803762
166,9,300.429993,789.979431,-445.183594,99.994003
166,10,210.889999,602.144714,-100.443069,99.994003
166,11,180.160004,493.393402,-22.870649,99.994003
166,12,439.649994,237.411240,347.920532,99.994003
167,1,684.500000,-355.006592,-1224.104248,-134.118790
167,3,576.859985,-649.322327,-743.610657,-97.303734
167,5,489.709991,-379.075958,-952.791504,-106.966385
167,6,466.779999,-462.242950,-826.240601,-97.275749
167,7,126.839996,353.205017,-682.787354,56.612167
167,8,338.570007,-244.451797,-0.089444,-15.803762
167,9,300.429993,789.979431,-445.183594,99.994003
167,10,210.889999,602.144714,-100.443069,99.994003
167,11,180.160004,493.393402,-22.870649,99.994003
167,12,439.649994,237.411240,347.920532,99.994003
168,1,684.500000,-355.006592,-1224.104248,-134.118790
168,3,576.859985,-649.322327,-743.610657,-97.303734
168,5,489.709991,-379.075958,-952.791504,-106.966385
168,6,466.779999,-462.242950,-826.240601,-97.275749
168,7,126.839996,353.205017,-682.787354,56.612167
168,8,338.570007,-244.451797,-0.089444,-15.803762
168,9,300.429993,789.979431,-445.183594,99.994003
168,10,210.889999,602.144714,-100.443069,99.994003
168,11,180.160004,493.393402,-22.870649,99.994003
168,12,439.649994,237.411240,347.920532,99.994003
169,1,684.500000,-355.006592,-1224.104248,-134.118790
169,3,576.859985,-649.322327,-743.610657,-97.303734
169,5,489.709991,-379.075958,-952.791504,-106.966385
169,6,466.779999,-462.242950,-826.240601,-97.275749
169,7,126.839996,353.205017,-682.787354,56.612167
169,8,338.570007,-244.451797,-0.089444,-15.803762
169,9,300.429993,789.979431,-445.183594,99.994003
169,10,210.889999,602.144714,-100.443069,99.994003
169,11,180.160004,493.393402,-22.870649,99.994003
169,12,439.649994,237.411240,347.920532,99.994003
170,1,684.500000,-355.006592,-1224.104248,-134.118790
170,3,576.859985,-649.322327,-743.610657,-97.303734
170,5,489.709991,-379.075958,-952.791504,-106.966385
170,6,466.779999,-462.242950,-826.240601,-97.275749
170,7,126.839996,353.205017,-682.787354,56.612167
170,8,338.570007,-244.451797,-0.089444,-15.803762
170,9,300.429993,789.979431,-445.183594,99.994003
170,10,210.889999,602.144714,-100.443069,99.994003
170,11,180.160004,493.393402,-22.870649,99.994003
170,12,439.649994,237.411240,347.920532,99.994003
171,1,684.500000,-355.006592,-1224.104248,-134.118790
171,3,576.859985,-649.322327,-743.610657,-97.303734
171,5,489.709991,-379.075958,-952.791504,-106.966385
171,6,466.779999,-462.242950,-826.240601,-97.275749
171,7,126.839996,353.205017,-682.787354,56.612167
171,8,338.570007,-244.451797,-0.089444,-15.803762
171,9,300.429993,789.979431,-445.183594,99.994003
171,10,210.889999,602.144714,-100.443069,99.994003
171,11,180.160004,493.393402,-22.870649,99.994003
171,12,439.649994,237.411240,347.920532,99.994003
172,1,684.500000,-355.006592,-1224.104248,-134.118790
172,3,576.859985,-649.322327,-743.610657,-97.303734
172,5,489.709991,-379.075958,-952.791504,-106.966385
172,6,466.779999,-462.242950,-826.240601,-97.275749
172,7,126.839996,353.205017,-682.787354,56.612167
172,8,338.570007,-244.451797,-0.089444,-15.803762
172,9,300.429993,789.979431,-445.183594,99.994003
172,10,210.889999,602.144714,-100.443069,99.994003
172,11,180.160004,493.393402,-22.870649,99.994003
172,12,439.649994,237.411240,347.920532,99.994003
173,1,684.500000,-355.006592,-1224.104248,-134.118790
173,3,576.859985,-649.322327,-743.610657,-97.303734
173,5,489.709991,-379.075958,-952.791504,-106.966385
173,6,466.779999,-462.242950,-826.240601,-97.275749
173,7,126.839996,353.205017,-682.787354,56.612167
173,8,338.570007,-244.451797,-0.089444,-15.803762
173,9,300.429993,789.979431,-445.183594,99.994003
173,10,210.889999,602.144714,-100.443069,99.994003
173,11,180.160004,493.393402,-22.870649,99.994003
173,12,439.649994,237.411240,347.920532,99.994003
174,3,598.500000,-783.815857,-793.550964,-94.707458
174,5,513.020020,-520.574341,-1021.469727,-106.820030
174,6,489.010010,-597.150024,-890.665771,-96.672958
174,7,96.570000,221.965500,-749.552063,76.962715
174,8,330.519989,-321.641479,-68.587166,-3.052894
174,9,161.289993,547.716248,-550.836731,109.991600
174,10,231.710007,531.083069,-188.340698,109.991600
174,11,196.289993,422.297272,-108.840843,109.991600
174,12,432.100006,169.300644,255.716583,109.991600
175,3,598.500000,-783.815857,-793.550964,-94.707458
175,5,513.020020,-520.574341,-1021.469727,-106.820030
175,6,489.010010,-597.150024,-890.665771,-96.672958
175,7,96.570000,221.965500,-749.552063,76.962715
175,8,330.519989,-321.641479,-68.587166,-3.052894
175,9,161.289993,547.716248,-550.836731,109.991600
175,10,231.710007,531.083069,-188.340698,109.991600
175,11,196.289993,422.297272,-108.840843,109.991600
175,12,432.100006,169.300644,255.716583,109.991600
176,3,598.500000,-783.815857,-793.550964,-94.707458
176,5,513.020020,-520.574341,-1021.469727,-106.820030
176,6,489.010010,-597.150024,-890.665771,-96.672958
176,7,96.570000,221.965500,-749.552063,76.962715
176,8,330.519989,-321.641479,-68.587166,-3.052894
176,9,161.289993,547.716248,-550.836731,109.991600
176,10,231.710007,531.083069,-188.340698,109.991600
176,11,196.289993,422.297272,-108.840843,109.991600
176,12,432.100006,169.300644,255.716583,109.991600
177,3,598.500000,-783.815857,-793.550964,-94.707458
177,5,513.020020,-520.574341,-1021.469727,-106.820030
177,6,489.010010,-597.150024,-890.665771,-96.672958
177,7,96.570000,221.965500,-749.552063,76.962715
177,8,330.519989,-321.641479,-68.587166,-3.052894
177,9,161.289993,547.716248,-550.836731,109.991600
177,10,231.710007,531.083069,-188.340698,109.991600
177,11,196.289993,422.297272,-108.840843,109.991600
177,12,432.100006,169.300644,255.716583,109.991600
178,3,598.500000,-783.815857,-793.550964,-94.707458
178,5,513.020020,-520.574341,-1021.469727,-106.820030
178,6,489.010010,-597.150024,-890.665771,-96.672958
178,7,96.570000,221.965500,-749.552063,76.962715
178,8,330.519989,-321.641479,-68.587166,-3.052894
178,9,161.289993,547.716248,-550.836731,109.991600
178,10,231.710007,531.083069,-188.340698,109.991600
178,11,196.289993,422.297272,-108.840843,109.991600
178,12,432.100006,169.300644,255.716583,109.991600
179,3,598.500000,-783.815857,-793.550964,-94.707458
179,5,513.020020,-520.574341,-1021.469727,-106.820030
179,6,489.010010,-597.150024,-890.665771,-96.672958
179,7,96.570000,221.965500,-749.552063,76.962715
179,8,330.519989,-321.641479,-68.587166,-3.052894
179,9,161.289993,547.716248,-550.836731,109.991600
179,10,231.710007,531.083069,-188.340698,109.991600
179,11,196.289993,422.297272,-108.840843,109.991600
179,12,432.100006,169.300644,255.716583,109.991600
180,3,598.500000,-783.815857,-793.550964,-94.707458
180,5,513.020020,-520.574341,-1021.469727,-106.820030
180,6,489.010010,-597.150024,-890.665771,-96.672958
180,7,96.570000,221.965500,-749.552063,76.962715
180,8,330.519989,-321.641479,-68.587166,-3.052894
180,9,161.289993,547.716248,-550.836731,109.991600
180,10,231.710007,531.083069,-188.340698,109.991600
180,11,196.289993,422.297272,-108.840843,109.991600
180,12,432.100006,169.300644,255.716583,109.991600
181,3,598.500000,-783.815857,-793.550964,-94.707458
181,5,513.020020,-520.574341,-1021.469727,-106.820030
181,6,489.010010,-597.150024,-890.665771,-96.672958
181,7,96.570000,221.965500,-749.552063,76.962715
181,8,330.519989,-321.641479,-68.587166,-3.052894
181,9,161.289993,547.716248,-550.836731,109.991600
181,10,231.710007,531.083069,-188.340698,109.991600
181,11,196.289993,422.297272,-108.840843,109.991600
181,12,432.100006,169.300644,255.716583,109.991600
182,3,598.500000,-783.815857,-793.550964,-94.707458
182,5,513.020020,-520.574341,-1021.469727,-106.820030
182,6,489.010010,-597.150024,-890.665771,-96.672958
182,7,96.570000,221.965500,-749.552063,76.962715
182,8,330.519989,-321.641479,-68.587166,-3.052894
182,9,161.289993,547.716248,-550.836731,109.991600
182,10,231.710007,531.083069,-188.340698,109.991600
182,11,196.289993,422.297272,-108.840843,109.991600
182,12,432.100006,169.300644,255.716583,109.991600
183,3,598.500000,-783.815857,-793.550964,-94.707458
183,5,513.020020,-520.574341,-1021.469727,-106.820030
183,6,489.010010,-597.150024,-890.665771,-96.672958
183,7,96.570000,221.965500,-749.552063,76.962715
183,8,330.519989,-321.641479,-68.587166,-3.052894
183,9,161.289993,547.716248,-550.836731,109.991600
183,10,231.710007,531.083069,-188.340698,109.991600
183,11,196.289993,422.297272,-108.840843,109.991600
183,12,432.100006,169.300644,255.716583,109.991600
184,3,598.500000,-783.815857,-793.550964,-94.707458
184,5,513.020020,-520.574341,-1021.469727,-106.820030
184,6,489.010010,-597.150024,-890.665771,-96.672958
184,7,96.570000,221.965500,-749.552063,76.962715
184,8,330.519989,-321.641479,-68.587166,-3.052894
184,9,161.289993,547.716248,-550.836731,109.991600
184,10,231.710007,531.083069,-188.340698,109.991600
184,11,196.289993,422.297272,-108.840843,109.991600
184,12,432.100006,169.300644,255.716583,109.991600
185,3,598.500000,-783.815857,-793.550964,-94.707458
185,5,513.020020,-520.574341,-1021.469727,-106.820030
185,6,489.010010,-597.150024,-890.665771,-96.672958
185,7,96.570000,221.965500,-749.552063,76.962715
185,8,330.519989,-321.641479,-68.587166,-3.052894
185,9,161.289993,547.716248,-550.836731,109.991600
185,10,231.710007,531.083069,-188.340698,109.991600
185,11,196.289993,422.297272,-108.840843,109.991600
185,12,432.100006,169.300644,255.716583,109.991600
186,3,609.530029,-893.067566,-888.270325,-78.472649
186,5,493.429993,-605.754761,-1101.305298,-78.533623
186,6,484.079987,-692.927795,-978.942444,-74.582146
186,7,362.140015,278.485046,-1033.952515,6.139720
186,8,387.350006,-455.731262,-117.500717,-2.482605
186,9,90.809998,377.394684,-638.310303,129.998901
186,10,289.600006,475.769806,-241.247528,129.998901
186,11,271.059998,380.019073,-151.383575,129.998901
186,12,584.299988,97.856743,315.231842,129.998901
187,3,609.530029,-893.067566,-888.270325,-78.472649
187,5,493.429993,-605.754761,-1101.305298,-78.533623
187,6,484.079987,-692.927795,-978.942444,-74.582146
187,7,362.140015,278.485046,-1033.952515,6.139720
187,8,387.350006,-455.731262,-117.500717,-2.482605
187,9,90.809998,377.394684,-638.310303,129.998901
187,10,289.600006,475.769806,-241.247528,129.998901
187,11,271.059998,380.019073,-151.383575,129.998901
187,12,584.299988,97.856743,315.231842,129.998901
188,3,609.530029,-893.067566,-888.270325,-78.472649
188,5,493.429993,-605.754761,-1101.305298,-78.533623
188,6,484.079987,-692.927795,-978.942444,-74.582146
188,7,362.140015,278.485046,-1033.952515,6.139720
188,8,387.350006,-455.731262,-117.500717,-2.482605
188,9,90.809998,377.394684,-638.310303,129.998901
188,10,289.600006,475.769806,-241.247528,129.998901
188,11,271.059998,380.019073,-151.383575,129.998901
188,12,584.299988,97.856743,315.231842,129.998901
189,3,609.530029,-893.067566,-888.270325,-78.472649
189,5,493.429993,-605.754761,-1101.305298,-78.533623
189,6,484.079987,-692.927795,-978.942444,-74.582146
189,7,362.140015,278.485046,-1033.952515,6.139720
189,8,387.350006,-455.731262,-117.500717,-2.482605
189,9,90.809998,377.394684,-638.310303,129.998901
189,10,289.600006,475.769806,-241.247528,129.998901
189,11,271.059998,380.019073,-151.383575,129.998901
189,12,584.299988,97.856743,315.231842,129.998901
190,3,609.530029,-893.067566,-888.270325,-78.472649
190,5,493.429993,-605.754761,-1101.305298,-78.533623
190,6,484.079987,-692.927795,-978.942444,-74.582146
190,7,362.140015,278.485046,-1033.952515,6.139720
190,8,387.350006,-455.731262,-117.500717,-2.482605
190,9,90.809998,377.394684,-638.310303,129.998901
190,10,289.600006,475.769806,-241.247528,129.998901
190,11,271.059998,380.019073,-151.383575,129.998901
190,12,584.299988,97.856743,315.231842,129.998901
191,3,609.530029,-893.067566,-888.270325,-78.472649
191,5,493.429993,-605.754761,-1101.305298,-78.533623
191,6,484.079987,-692.927795,-978.942444,-74.582146
191,7,362.140015,278.485046,-1033.952515,6.139720
191,8,387.350006,-455.731262,-117.500717,-2.482605
191,9,90.809998,377.394684,-638.310303,129.998901
191,10,289.600006,475.769806,-241.247528,129.998901
191,11,271.059998,380.019073,-151.383575,129.998901
191,12,584.299988,97.856743,315.231842,129.998901
192,3,609.530029,-893.067566,-888.270325,-78.472649
192,5,493.429993,-605.754761,-1101.305298,-78.533623
192,6,484.079987,-692.927795,-978.942444,-74.582146
192,7,362.140015,278.485046,-1033.952515,6.139720
192,8,387.350006,-455.731262,-117.500717,-2.482605
192,9,90.809998,377.394684,-638.310303,129.998901
192,10,289.600006,475.769806,-241.247528,129.998901
192,11,271.059998,380.019073,-151.383575,129.998901
192,12,584.299988,97.856743,315.231842,129.998901
193,3,609.530029,-893.067566,-888.270325,-78.472649
193,5,493.429993,-605.754761,-1101.305298,-78.533623
193,6,484.079987,-692.927795,-978.942444,-74.582146
193,7,362.140015,278.485046,-1033.952515,6.139720
193,8,387.350006,-455.731262,-117.500717,-2.482605
193,9,90.809998,377.394684,-638.310303,129.998901
193,10,289.600006,475.769806,-241.247528,129.998901
193,11,271.059998,380.019073,-151.383575,129.998901
193,12,584.299988,97.856743,315.231842,129.998901
194,3,609.530029,-893.067566,-888.270325,-78.472649
194,5,493.429993,-605.754761,-1101.305298,-78.533623
194,6,484.079987,-692.927795,-978.942444,-74.582146
194,7,362.140015,278.485046,-1033.952515,6.139720
194,8,387.350006,-455.731262,-117.500717,-2.482605
194,9,90.809998,377.394684,-638.310303,129.998901
194,10,289.600006,475.769806,-241.247528,129.998901
194,11,271.059998,380.019073,-151.383575,129.998901
194,12,584.299988,97.856743,315.231842,129.998901
195,3,609.530029,-893.067566,-888.270325,-78.472649
195,5,493.429993,-605.754761,-1101.305298,-78.533623
195,6,484.079987,-692.927795,-978.942444,-74.582146
195,7,362.140015,278.485046,-1033.952515,6.139720
195,8,387.350006,-455.731262,-117.500717,-2.482605
195,9,90.809998,377.394684,-638.310303,129.998901
195,10,289.600006,475.769806,-241.247528,129.998901
195,11,271.059998,380.019073,-151.383575,129.998901
195,12,584.299988,97.856743,315.231842,129.998901
196,3,609.530029,-893.067566,-888.270325,-78.472649
196,5,493.429993,-605.754761,-1101.305298,-78.533623
196,6,484.079987,-692.927795,-978.942444,-74.582146
196,7,362.140015,278.485046,-1033.952515,6.139720
196,8,387.350006,-455.731262,-117.500717,-2.482605
196,9,90.809998,377.394684,-638.310303,129.998901
196,10,289.600006,475.769806,-241.247528,129.998901
196,11,271.059998,380.019073,-151.383575,129.998901
196,12,584.299988,97.856743,315.231842,129.998901
197,3,620.539978,-1002.287231,-973.055969,-72.240768
197,5,489.829987,-702.266296,-1180.210571,-67.014694
197,6,487.149994,-794.363892,-1061.787964,-65.882080
197,7,476.920013,246.896057,-1197.416748,-23.119852
197,8,423.920013,-578.035889,-171.408463,-4.992784
197,10,339.670013,414.234161,-288.936768,139.996399
197,11,329.970001,325.216095,-193.700897,139.996399
197,12,694.080017,17.651974,343.197357,139.996399
198,3,620.539978,-1002.287231,-973.055969,-72.240768
198,5,489.829987,-702.266296,-1180.210571,-67.014694
198,6,487.149994,-794.363892,-1061.787964,-65.882080
198,7,476.920013,246.896057,-1197.416748,-23.119852
198,8,423.920013,-578.035889,-171.408463,-4.992784
198,10,339.670013,414.234161,-288.936768,139.996399
198,11,329.970001,325.216095,-193.700897,139.996399
198,12,694.080017,17.651974,343.197357,139.996399
199,3,620.539978,-1002.287231,-973.055969,-72.240768
199,5,489.829987,-702.266296,-1180.210571,-67.014694
199,6,487.149994,-794.363892,-1061.787964,-65.882080
199,7,476.920013,246.896057,-1197.416748,-23.119852
199,8,423.920013,-578.035889,-171.408463,-4.992784
199,10,339.670013,414.234161,-288.936768,139.996399
199,11,329.970001,325.216095,-193.700897,139.996399
199,12,694.080017,17.651974,343.197357,139.996399
200,3,620.539978,-1002.287231,-973.055969,-72.240768
200,5,489.829987,-702.266296,-1180.210571,-67.014694
200,6,487.149994,-794.363892,-1061.787964,-65.882080
200,7,476.920013,246.896057,-1197.416748,-23.119852
200,8,423.920013,-578.035889,-171.408463,-4.992784
200,10,339.670013,414.234161,-288.936768,139.996399
200,11,329.970001,325.216095,-193.700897,139.996399
200,12,694.080017,17.651974,343.197357,139.996399
201,3,620.539978,-1002.287231,-973.055969,-72.240768
201,5,489.829987,-702.266296,-1180.210571,-67.014694
201,6,487.149994,-794.363892,-1061.787964,-65.882080
201,7,476.920013,246.896057,-1197.416748,-23.119852
201,8,423.920013,-578.035889,-171.408463,-4.992784
201,10,339.670013,414.234161,-288.936768,139.996399
201,11,329.970001,325.216095,-193.700897,139.996399
201,12,694.080017,17.651974,343.197357,139.996399
202,3,620.539978,-1002.287231,-973.055969,-72.240768
202,5,489.829987,-702.266296,-1180.210571,-67.014694
202,6,487.149994,-794.363892,-1061.787964,-65.882080
202,7,476.920013,246.896057,-1197.416748,-23.119852
202,8,423.920013,-578.035889,-171.408463,-4.992784
202,10,339.670013,414.234161,-288.936768,139.996399
202,11,329.970001,325.216095,-193.700897,139.996399
202,12,694.080017,17.651974,343.197357,139.996399
203,3,620.539978,-1002.287231,-973.055969,-72.240768
203,5,489.829987,-702.266296,-1180.210571,-67.014694
203,6,487.149994,-794.363892,-1061.787964,-65.882080
203,7,476.920013,246.896057,-1197.416748,-23.119852
203,8,423.920013,-578.035889,-171.408463,-4.992784
203,10,339.670013,414.234161,-288.936768,139.996399
203,11,329.970001,325.216095,-193.700897,139.996399
203,12,694.080017,17.651974,343.197357,139.996399
204,3,620.539978,-1002.287231,-973.055969,-72.240768
204,5,489.829987,-702.266296,-1180.210571,-67.014694
204,6,487.149994,-794.363892,-1061.787964,-65.882080
204,7,476.920013,246.896057,-1197.416748,-23.119852
204,8,423.920013,-578.035889,-171.408463,-4.992784
204,10,339.670013,414.234161,-288.936768,139.996399
204,11,329.970001,325.216095,-193.700897,139.996399
204,12,694.080017,17.651974,343.197357,139.996399
205,3,620.539978,-1002.287231,-973.055969,-72.240768
205,5,489.829987,-702.266296,-1180.210571,-67.014694
205,6,487.149994,-794.363892,-1061.787964,-65.882080
205,7,476.920013,246.896057,-1197.416748,-23.119852
205,8,423.920013,-578.035889,-171.408463,-4.992784
205,10,339.670013,414.234161,-288.936768,139.996399
205,11,329.970001,325.216095,-193.700897,139.996399
205,12,694.080017,17.651974,343.197357,139.996399
206,3,620.539978,-1002.287231,-973.055969,-72.240768
206,5,489.829987,-702.266296,-1180.210571,-67.014694
206,6,487.149994,-794.363892,-1061.787964,-65.882080
206,7,476.920013,246.896057,-1197.416748,-23.119852
206,8,423.920013,-578.035889,-171.408463,-4.992784
206,10,339.670013,414.234161,-288.936768,139.996399
206,11,329.970001,325.216095,-193.700897,139.996399
206,12,694.080017,17.651974,343.197357,139.996399
207,3,620.539978,-1002.287231,-973.055969,-72.240768
207,5,489.829987,-702.266296,-1180.210571,-67.014694
207,6,487.149994,-794.363892,-1061.787964,-65.882080
207,7,476.920013,246.896057,-1197.416748,-23.119852
207,8,423.920013,-578.035889,-171.408463,-4.992784
207,10,339.670013,414.234161,-288.936768,139.996399
207,11,329.970001,325.216095,-193.700897,139.996399
207,12,694.080017,17.651974,343.197357,139.996399
208,3,620.539978,-1002.287231,-973.055969,-72.240768
208,5,489.829987,-702.266296,-1180.210571,-67.014694
208,6,487.149994,-794.363892,-1061.787964,-65.882080
208,7,476.920013,246.896057,-1197.416748,-23.119852
208,8,423.920013,-578.035889,-171.408463,-4.992784
208,10,339.670013,414.234161,-288.936768,139.996399
208,11,329.970001,325.216095,-193.700897,139.996399
208,12,694.080017,17.651974,343.197357,139.996399
209,1,766.130005,-830.762390,-1596.903442,-112.037895
209,3,582.280029,-1068.812744,-1040.119141,-49.157497
209,5,466.070007,-786.402771,-1245.859985,-46.975697
209,6,462.700012,-877.805542,-1126.885742,-45.551476
209,7,484.200012,150.199677,-1283.525635,-15.612158
209,8,422.609985,-676.447754,-251.700897,5.452872
209,9,851.679993,938.068848,-815.631042,149.994003
209,10,423.630005,380.370911,-317.504852,149.994003
209,11,418.029999,294.718933,-219.550278,149.994003
209,12,755.229980,-68.650177,322.789703,149.994003
209,13,912.570007,-923.641663,-1749.662964,-8.472118
209,16,875.989990,-1400.403320,-1037.226929,149.994003
210,1,766.130005,-830.762390,-1596.903442,-112.037895
210,3,582.280029,-1068.812744,-1040.119141,-49.157497
210,5,466.070007,-786.402771,-1245.859985,-46.975697
210,6,462.700012,-877.805542,-1126.885742,-45.551476
210,7,484.200012,150.199677,-1283.525635,-15.612158
210,8,422.609985,-676.447754,-251.700897,5.452872
210,9,851.679993,938.068848,-815.631042,149.994003
210,10,423.630005,380.370911,-317.504852,149.994003
210,11,418.029999,294.718933,-219.550278,149.994003
210,12,755.229980,-68.650177,322.789703,149.994003
210,13,912.570007,-923.641663,-1749.662964,-8.472118
210,16,875.989990,-1400.403320,-1037.226929,149.994003
211,1,766.130005,-830.762390,-1596.903442,-112.037895
211,3,582.280029,-1068.812744,-1040.119141,-49.157497
211,5,466.070007,-786.402771,-1245.859985,-46.975697
211,6,462.700012,-877.805542,-1126.885742,-45.551476
211,7,484.200012,150.199677,-1283.525635,-15.612158
211,8,422.609985,-676.447754,-251.700897,5.452872
211,9,851.679993,938.068848,-815.631042,149.994003
211,10,423.630005,380.370911,-317.504852,149.994003
211,11,418.029999,294.718933,-219.550278,149.994003
211,12,755.229980,-68.650177,322.789703,149.994003
211,13,912.570007,-923.641663,-1749.662964,-8.472118
211,16,875.989990,-1400.403320,-1037.226929,149.994003
212,1,766.130005,-830.762390,-1596.903442,-112.037895
212,3,582.280029,-1068.812744,-1040.119141,-49.157497
212,5,466.070007,-786.402771,-1245.859985,-46.975697
212,6,462.700012,-877.805542,-1126.885742,-45.551476
212,7,484.200012,150.199677,-1283.525635,-15.612158
212,8,422.609985,-676.447754,-251.700897,5.452872
212,9,851.679993,938.068848,-815.631042,149.994003
212,10,423.630005,380.370911,-317.504852,149.994003
212,11,418.029999,294.718933,-219.550278,149.994003
212,12,755.229980,-68.650177,322.789703,149.994003
212,13,912.570007,-923.641663,-1749.662964,-8.472118
212,16,875.989990,-1400.403320,-1037.226929,149.994003
213,1,766.130005,-830.762390,-1596.903442,-112.037895
213,3,582.280029,-1068.812744,-1040.119141,-49.157497
213,5,466.070007,-786.402771,-1245.859985,-46.975697
213,6,462.700012,-877.805542,-1126.885742,-45.551476
213,7,484.200012,150.199677,-1283.525635,-15.612158
213,8,422.609985,-676.447754,-251.700897,5.452872
213,9,851.679993,938.068848,-815.631042,149.994003
213,10,423.630005,380.370911,-317.504852,149.994003
213,11,418.029999,294.718933,-219.550278,149.994003
213,12,755.229980,-68.650177,322.789703,149.994003
213,13,912.570007,-923.641663,-1749.662964,-8.472118
213,16,875.989990,-1400.403320,-1037.226929,149.994003
214,1,766.130005,-830.762390,-1596.903442,-112.037895
214,3,582.280029,-1068.812744,-1040.119141,-49.157497
214,5,466.070007,-786.402771,-1245.859985,-46.975697
214,6,462.700012,-877.805542,-1126.885742,-45.551476
214,7,484.200012,150.199677,-1283.525635,-15.612158
214,8,422.609985,-676.447754,-251.700897,5.452872
214,9,851.679993,938.068848,-815.631042,149.994003
214,10,423.630005,380.370911,-317.504852,149.994003
214,11,418.029999,294.718933,-219.550278,149.994003
214,12,755.229980,-68.650177,322.789703,149.994003
214,13,912.570007,-923.641663,-1749.662964,-8.472118
214,16,875.989990,-1400.403320,-1037.226929,149.994003
215,1,766.130005,-830.762390,-1596.903442,-112.037895
215,3,582.280029,-1068.812744,-1040.119141,-49.157497
215,5,466.070007,-786.402771,-1245.859985,-46.975697
215,6,462.700012,-877.805542,-1126.885742,-45.551476
215,7,484.200012,150.199677,-1283.525635,-15.612158
215,8,422.609985,-676.447754,-251.700897,5.452872
215,9,851.679993,938.068848,-815.631042,149.994003
215,10,423.630005,380.370911,-317.504852,149.994003
215,11,418.029999,294.718933,-219.550278,149.994003
215,12,755.229980,-68.650177,322.789703,149.994003
215,13,912.570007,-923.641663,-1749.662964,-8.472118
215,16,875.989990,-1400.403320,-1037.226929,149.994003
216,1,766.130005,-830.762390,-1596.903442,-112.037895
216,3,582.280029,-1068.812744,-1040.119141,-49.157497
216,5,466.070007,-786.402771,-1245.859985,-46.975697
216,6,462.700012,-877.805542,-1126.885742,-45.551476
216,7,484.200012,150.199677,-1283.525635,-15.612158
216,8,422.609985,-676.447754,-251.700897,5.452872
216,9,851.679993,938.068848,-815.631042,149.994003
216,10,423.630005,380.370911,-317.504852,149.994003
216,11,418.029999,294.718933,-219.550278,149.994003
216,12,755.229980,-68.650177,322.789703,149.994003
216,13,912.570007,-923.641663,-1749.662964,-8.472118
216,16,875.989990,-1400.403320,-1037.226929,149.994003
217,1,766.130005,-830.762390,-1596.903442,-112.037895
217,3,582.280029,-1068.812744,-1040.119141,-49.157497
217,5,466.070007,-786.402771,-1245.859985,-46.975697
217,6,462.700012,-877.805542,-1126.885742,-45.551476
217,7,484.200012,150.199677,-1283.525635,-15.612158
217,8,422.609985,-676.447754,-251.700897,5.452872
217,9,851.679993,938.068848,-815.631042,149.994003
217,10,423.630005,380.370911,-317.504852,149.994003
217,11,418.029999,294.718933,-219.550278,149.994003
217,12,755.229980,-68.650177,322.789703,149.994003
217,13,912.570007,-923.641663,-1749.662964,-8.472118
217,16,875.989990,-1400.403320,-1037.226929,149.994003
218,1,766.130005,-830.762390,-1596.903442,-112.037895
218,3,582.280029,-1068.812744,-1040.119141,-49.157497
218,5,466.070007,-786.402771,-1245.859985,-46.975697
218,6,462.700012,-877.805542,-1126.885742,-45.551476
218,7,484.200012,150.199677,-1283.525635,-15.612158
218,8,422.609985,-676.447754,-251.700897,5.452872
218,9,851.679993,938.068848,-815.631042,149.994003
218,10,423.630005,380.370911,-317.504852,149.994003
218,11,418.029999,294.718933,-219.550278,149.994003
218,12,755.229980,-68.650177,322.789703,149.994003
218,13,912.570007,-923.641663,-1749.662964,-8.472118
218,16,875.989990,-1400.403320,-1037.226929,149.994003
219,1,766.130005,-830.762390,-1596.903442,-112.037895
219,3,582.280029,-1068.812744,-1040.119141,-49.157497
219,5,466.070007,-786.402771,-1245.859985,-46.975697
219,6,462.700012,-877.805542,-1126.885742,-45.551476
219,7,484.200012,150.199677,-1283.525635,-15.612158
219,8,422.609985,-676.447754,-251.700897,5.452872
219,9,851.679993,938.068848,-815.631042,149.994003
219,10,423.630005,380.370911,-317.504852,149.994003
219,11,418.029999,294.718933,-219.550278,149.994003
219,12,755.229980,-68.650177,322.789703,149.994003
219,13,912.570007,-923.641663,-1749.662964,-8.472118
219,16,875.989990,-1400.403320,-1037.226929,149.994003
220,1,766.130005,-830.762390,-1596.903442,-112.037895
220,3,582.280029,-1068.812744,-1040.119141,-49.157497
220,5,466.070007,-786.402771,-1245.859985,-46.975697
220,6,462.700012,-877.805542,-1126.885742,-45.551476
220,7,484.200012,150.199677,-1283.525635,-15.612158
220,8,422.609985,-676.447754,-251.700897,5.452872
220,9,851.679993,938.068848,-815.631042,149.994003
220,10,423.630005,380.370911,-317.504852,149.994003
220,11,418.029999,294.718933,-219.550278,149.994003
220,12,755.229980,-68.650177,322.789703,149.994003
220,13,912.570007,-923.641663,-1749.662964,-8.472118
220,16,875.989990,-1400.403320,-1037.226929,149.994003
221,1,693.030029,-896.503113,-1617.237305,-87.036232
221,3,536.630005,-1128.713745,-1104.987549,-33.544270
221,5,415.119995,-851.231934,-1296.094971,-25.443291
221,6,425.660004,-952.279358,-1184.826416,-29.897692
221,7,449.089996,28.632082,-1338.419434,-3.603825
221,8,433.179993,-781.826416,-323.175262,1.837717
221,9,729.559998,715.816589,-894.701416,149.994003
221,10,511.230011,349.533722,-343.934418,149.994003
221,11,526.020020,279.988068,-233.109543,149.994003
221,12,890.559998,-140.081314,375.151184,149.994003
221,13,786.619995,-960.813599,-1722.594604,13.398871
221,15,853.190002,-898.828857,-1834.169800,149.994003
221,16,749.239990,-1384.806274,-1064.454834,149.994003
222,1,693.030029,-896.503113,-1617.237305,-87.036232
222,3,536.630005,-1128.713745,-1104.987549,-33.544270
222,5,415.119995,-851.231934,-1296.094971,-25.443291
222,6,425.660004,-952.279358,-1184.826416,-29.897692
222,7,449.089996,28.632082,-1338.419434,-3.603825
222,8,433.179993,-781.826416,-323.175262,1.837717
222,9,729.559998,715.816589,-894.701416,149.994003
222,10,511.230011,349.533722,-343.934418,149.994003
222,11,526.020020,279.988068,-233.109543,149.994003
222,12,890.559998,-140.081314,375.151184,149.994003
222,13,786.619995,-960.813599,-1722.594604,13.398871
222,15,853.190002,-898.828857,-1834.169800,149.994003
222,16,749.239990,-1384.806274,-1064.454834,149.994003
223,1,693.030029,-896.503113,-1617.237305,-87.036232
223,3,536.630005,-1128.713745,-1104.987549,-33.544270
223,5,415.119995,-851.231934,-1296.094971,-25.443291
223,6,425.660004,-952.279358,-1184.826416,-29.897692
223,7,449.089996,28.632082,-1338.419434,-3.603825
223,8,433.179993,-781.826416,-323.175262,1.837717
223,9,729.559998,715.816589,-894.701416,149.994003
223,10,511.230011,349.533722,-343.934418,149.994003
223,11,526.020020,279.988068,-233.109543,149.994003
223,12,890.559998,-140.081314,375.151184,149.994003
223,13,786.619995,-960.813599,-1722.594604,13.398871
223,15,853.190002,-898.828857,-1834.169800,149.994003
223,16,749.239990,-1384.806274,-1064.454834,149.994003
224,1,693.030029,-896.503113,-1617.237305,-87.036232
224,3,536.630005,-1128.713745,-1104.987549,-33.544270
224,5,415.119995,-851.231934,-1296.094971,-25.443291
224,6,425.660004,-952.279358,-1184.826416,-29.897692
224,7,449.089996,28.632082,-1338.419434,-3.603825
224,8,433.179993,-781.826416,-323.175262,1.837717
224,9,729.559998,715.816589,-894.701416,149.994003
224,10,511.230011,349.533722,-343.934418,149.994003
224,11,526.020020,279.988068,-233.109543,149.994003
224,12,890.559998,-140.081314,375.151184,149.994003
224,13,786.619995,-960.813599,-1722.594604,13.398871
224,15,853.190002,-898.828857,-1834.169800,149.994003
224,16,749.239990,-1384.806274,-1064.454834,149.994003
225,1,693.030029,-896.503113,-1617.237305,-87.036232
225,3,536.630005,-1128.713745,-1104.987549,-33.544270
225,5,415.119995,-851.231934,-1296.094971,-25.443291
225,6,425.660004,-952.279358,-1184.826416,-29.897692
225,7,449.089996,28.632082,-1338.419434,-3.603825
225,8,433.179993,-781.826416,-323.175262,1.837717
225,9,729.559998,715.816589,-894.701416,149.994003
225,10,511.230011,349.533722,-343.934418,149.994003
225,11,526.020020,279.988068,-233.109543,149.994003
225,12,890.559998,-140.081314,375.151184,149.994003
225,13,786.619995,-960.813599,-1722.594604,13.398871
225,15,853.190002,-898.828857,-1834.169800,149.994003
225,16,749.239990,-1384.806274,-1064.454834,149.994003
226,1,693.030029,-896.503113,-1617.237305,-87.036232
226,3,536.630005,-1128.713745,-1104.987549,-33.544270
226,5,415.119995,-851.231934,-1296.094971,-25.443291
226,6,425.660004,-952.279358,-1184.826416,-29.897692
226,7,449.089996,28.632082,-1338.419434,-3.603825
226,8,433.179993,-781.826416,-323.175262,1.837717
226,9,729.559998,715.816589,-894.701416,149.994003
226,10,511.230011,349.533722,-343.934418,149.994003
226,11,526.020020,279.988068,-233.109543,149.994003
226,12,890.559998,-140.081314,375.151184,149.994003
226,13,786.619995,-960.813599,-1722.594604,13.398871
226,15,853.190002,-898.828857,-1834.169800,149.994003
226,16,749.239990,-1384.806274,-1064.454834,149.994003
227,1,693.030029,-896.503113,-1617.237305,-87.036232
227,3,536.630005,-1128.713745,-1104.987549,-33.544270
227,5,415.119995,-851.231934,-1296.094971,-25.443291
227,6,425.660004,-952.279358,-1184.826416,-29.897692
227,7,449.089996,28.632082,-1338.419434,-3.603825
227,8,433.179993,-781.826416,-323.175262,1.837717
227,9,729.559998,715.816589,-894.701416,149.994003
227,10,511.230011,349.533722,-343.934418,149.994003
227,11,526.020020,279.988068,-233.109543,149.994003
227,12,890.559998,-140.081314,375.151184,149.994003
227,13,786.619995,-960.813599,-1722.594604,13.398871
227,15,853.190002,-898.828857,-1834.169800,149.994003
227,16,749.239990,-1384.806274,-1064.454834,149.994003
228,1,693.030029,-896.503113,-1617.237305,-87.036232
228,3,536.630005,-1128.713745,-1104.987549,-33.544270
228,5,415.119995,-851.231934,-1296.094971,-25.443291
228,6,425.660004,-952.279358,-1184.826416,-29.897692
228,7,449.089996,28.632082,-1338.419434,-3.603825
228,8,433.179993,-781.826416,-323.175262,1.837717
228,9,729.559998,715.816589,-894.701416,149.994003
228,10,511.230011,349.533722,-343.934418,149.994003
228,11,526.020020,279.988068,-233.109543,149.994003
228,12,890.559998,-140.081314,375.151184,149.994003
228,13,786.619995,-960.813599,-1722.594604,13.398871
228,15,853.190002,-898.828857,-1834.169800,149.994003
228,16,749.239990,-1384.806274,-1064.454834,149.994003
229,1,693.030029,-896.503113,-1617.237305,-87.036232
229,3,536.630005,-1128.713745,-1104.987549,-33.544270
229,5,415.119995,-851.231934,-1296.094971,-25.443291
229,6,425.660004,-952.279358,-1184.826416,-29.897692
229,7,449.089996,28.632082,-1338.419434,-3.603825
229,8,433.179993,-781.826416,-323.175262,1.837717
229,9,729.559998,715.816589,-894.701416,149.994003
229,10,511.230011,349.533722,-343.934418,149.994003
229,11,526.020020,279.988068,-233.109543,149.994003
229,12,890.559998,-140.081314,375.151184,149.994003
229,13,786.619995,-960.813599,-1722.594604,13.398871
229,15,853.190002,-898.828857,-1834.169800,149.994003
229,16,749.239990,-1384.806274,-1064.454834,149.994003
230,1,693.030029,-896.503113,-1617.237305,-87.036232
230,3,536.630005,-1128.713745,-1104.987549,-33.544270
230,5,415.119995,-851.231934,-1296.094971,-25.443291
230,6,425.660004,-952.279358,-1184.826416,-29.897692
230,7,449.089996,28.632082,-1338.419434,-3.603825
230,8,433.179993,-781.826416,-323.175262,1.837717
230,9,729.559998,715.816589,-894.701416,149.994003
230,10,511.230011,349.533722,-343.934418,149.994003
230,11,526.020020,279.988068,-233.109543,149.994003
230,12,890.559998,-140.081314,375.151184,149.994003
230,13,786.619995,-960.813599,-1722.594604,13.398871
230,15,853.190002,-898.828857,-1834.169800,149.994003
230,16,749.239990,-1384.806274,-1064.454834,149.994003
231,1,693.030029,-896.503113,-1617.237305,-87.036232
231,3,536.630005,-1128.713745,-1104.987549,-33.544270
231,5,415.119995,-851.231934,-1296.094971,-25.443291
231,6,425.660004,-952.279358,-1184.826416,-29.897692
231,7,449.089996,28.632082,-1338.419434,-3.603825
231,8,433.179993,-781.826416,-323.175262,1.837717
231,9,729.559998,715.816589,-894.701416,149.994003
231,10,511.230011,349.533722,-343.934418,149.994003
231,11,526.020020,279.988068,-233.109543,149.994003
231,12,890.559998,-140.081314,375.151184,149.994003
231,13,786.619995,-960.813599,-1722.594604,13.398871
231,15,853.190002,-898.828857,-1834.169800,149.994003
231,16,749.239990,-1384.806274,-1064.454834,149.994003
232,1,693.030029,-896.503113,-1617.237305,-87.036232
232,3,536.630005,-1128.713745,-1104.987549,-33.544270
232,5,415.119995,-851.231934,-1296.094971,-25.443291
232,6,425.660004,-952.279358,-1184.826416,-29.897692
232,7,449.089996,28.632082,-1338.419434,-3.603825
232,8,433.179993,-781.826416,-323.175262,1.837717
232,9,729.559998,715.816589,-894.701416,149.994003
232,10,511.230011,349.533722,-343.934418,149.994003
232,11,526.020020,279.988068,-233.109543,149.994003
232,12,890.559998,-140.081314,375.151184,149.994003
232,13,786.619995,-960.813599,-1722.594604,13.398871
232,15,853.190002,-898.828857,-1834.169800,149.994003
232,16,749.239990,-1384.806274,-1064.454834,149.994003
233,1,714.929993,-1008.681152,-1713.809326,-84.528862
233,3,533.789978,-1226.713989,-1182.761719,-22.575325
233,5,471.049988,-991.767212,-1406.755005,-39.082726
233,6,418.420013,-1047.814819,-1259.670532,-16.840340
233,7,265.489990,-179.709061,-1284.038330,69.188675
233,8,447.769989,-889.528381,-391.673157,6.845244
233,9,332.869995,219.095642,-966.157593,159.991592
233,10,460.690002,210.775528,-456.598206,159.991592
233,11,513.030029,170.810364,-322.276703,159.991592
233,12,965.010010,-223.187836,367.758057,159.991592
233,13,696.570007,-1016.086548,-1725.893921,39.033489
233,15,747.359985,-937.682678,-1828.118652,159.991592
234,1,714.929993,-1008.681152,-1713.809326,-84.528862
234,3,533.789978,-1226.713989,-1182.761719,-22.575325
234,5,471.049988,-991.767212,-1406.755005,-39.082726
234,6,418.420013,-1047.814819,-1259.670532,-16.840340
234,7,265.489990,-179.709061,-1284.038330,69.188675
234,8,447.769989,-889.528381,-391.673157,6.845244
234,9,332.869995,219.095642,-966.157593,159.991592
234,10,460.690002,210.775528,-456.598206,159.991592
234,11,513.030029,170.810364,-322.276703,159.991592
234,12,965.010010,-223.187836,367.758057,159.991592
234,13,696.570007,-1016.086548,-1725.893921,39.033489
234,15,747.359985,-937.682678,-1828.118652,159.991592
235,1,714.929993,-1008.681152,-1713.809326,-84.528862
235,3,533.789978,-1226.713989,-1182.761719,-22.575325
235,5,471.049988,-991.767212,-1406.755005,-39.082726
235,6,418.420013,-1047.814819,-1259.670532,-16.840340
235,7,265.489990,-179.709061,-1284.038330,69.188675
235,8,447.769989,-889.528381,-391.673157,6.845244
235,9,332.869995,219.095642,-966.157593,159.991592
235,10,460.690002,210.775528,-456.598206,159.991592
235,11,513.030029,170.810364,-322.276703,159.991592
235,12,965.010010,-223.187836,367.758057,159.991592
235,13,696.570007,-1016.086548,-1725.893921,39.033489
235,15,747.359985,-937.682678,-1828.118652,159.991592
236,1,714.929993,-1008.681152,-1713.809326,-84.528862
236,3,533.789978,-1226.713989,-1182.761719,-22.575325
236,5,471.049988,-991.767212,-1406.755005,-39.082726
236,6,418.420013,-1047.814819,-1259.670532,-16.840340
236,7,265.489990,-179.709061,-1284.038330,69.188675
236,8,447.769989,-889.528381,-391.673157,6.845244
236,9,332.869995,219.095642,-966.157593,159.991592
236,10,460.690002,210.775528,-456.598206,159.991592
236,11,513.030029,170.810364,-322.276703,159.991592
236,12,965.010010,-223.187836,367.758057,159.991592
236,13,696.570007,-1016.086548,-1725.893921,39.033489
236,15,747.359985,-937.682678,-1828.118652,159.991592
237,1,714.929993,-1008.681152,-1713.809326,-84.528862
237,3,533.789978,-1226.713989,-1182.761719,-22.575325
237,5,471.049988,-991.767212,-1406.755005,-39.082726
237,6,418.420013,-1047.814819,-1259.670532,-16.840340
237,7,265.489990,-179.709061,-1284.038330,69.188675
237,8,447.769989,-889.528381,-391.673157,6.845244
237,9,332.869995,219.095642,-966.157593,159.991592
237,10,460.690002,210.775528,-456.598206,159.991592
237,11,513.030029,170.810364,-322.276703,159.991592
237,12,965.010010,-223.187836,367.758057,159.991592
237,13,696.570007,-1016.086548,-1725.893921,39.033489
237,15,747.359985,-937.682678,-1828.118652,159.991592
238,1,714.929993,-1008.681152,-1713.809326,-84.528862
238,3,533.789978,-1226.713989,-1182.761719,-22.575325
238,5,471.049988,-991.767212,-1406.755005,-39.082726
238,6,418.420013,-1047.814819,-1259.670532,-16.840340
238,7,265.489990,-179.709061,-1284.038330,69.188675
238,8,447.769989,-889.528381,-391.673157,6.845244
238,9,332.869995,219.095642,-966.157593,159.991592
238,10,460.690002,210.775528,-456.598206,159.991592
238,11,513.030029,170.810364,-322.276703,159.991592
238,12,965.010010,-223.187836,367.758057,159.991592
238,13,696.570007,-1016.086548,-1725.893921,39.033489
238,15,747.359985,-937.682678,-1828.118652,159.991592
239,1,714.929993,-1008.681152,-1713.809326,-84.528862
239,3,533.789978,-1226.713989,-1182.761719,-22.575325
239,5,471.049988,-991.767212,-1406.755005,-39.082726
239,6,418.420013,-1047.814819,-1259.670532,-16.840340
239,7,265.489990,-179.709061,-1284.038330,69.188675
239,8,447.769989,-889.528381,-391.673157,6.845244
239,9,332.869995,219.095642,-966.157593,159.991592
239,10,460.690002,210.775528,-456.598206,159.991592
239,11,513.030029,170.810364,-322.276703,159.991592
239,12,965.010010,-223.187836,367.758057,159.991592
239,13,696.570007,-1016.086548,-1725.893921,39.033489
239,15,747.359985,-937.682678,-1828.118652,159.991592
240,1,714.929993,-1008.681152,-1713.809326,-84.528862
240,3,533.789978,-1226.713989,-1182.761719,-22.575325
240,5,471.049988,-991.767212,-1406.755005,-39.082726
240,6,418.420013,-1047.814819,-1259.670532,-16.840340
240,7,265.489990,-179.709061,-1284.038330,69.188675
240,8,447.769989,-889.528381,-391.673157,6.845244
240,9,332.869995,219.095642,-966.157593,159.991592
240,10,460.690002,210.775528,-456.598206,159.991592
240,11,513.030029,170.810364,-322.276703,159.991592
240,12,965.010010,-223.187836,367.758057,159.991592
240,13,696.570007,-1016.086548,-1725.893921,39.033489
240,15,747.359985,-937.682678,-1828.118652,159.991592
241,1,714.929993,-1008.681152,-1713.809326,-84.528862
241,3,533.789978,-1226.713989,-1182.761719,-22.575325
241,5,471.049988,-991.767212,-1406.755005,-39.082726
241,6,418.420013,-1047.814819,-1259.670532,-16.840340
241,7,265.489990,-179.709061,-1284.038330,69.188675
241,8,447.769989,-889.528381,-391.673157,6.845244
241,9,332.869995,219.095642,-966.157593,159.991592
241,10,460.690002,210.775528,-456.598206,159.991592
241,11,513.030029,170.810364,-322.276703,159.991592
241,12,965.010010,-223.187836,367.758057,159.991592
241,13,696.570007,-1016.086548,-1725.893921,39.033489
241,15,747.359985,-937.682678,-1828.118652,159.991592
242,1,714.929993,-1008.681152,-1713.809326,-84.528862
242,3,533.789978,-1226.713989,-1182.761719,-22.575325
242,5,471.049988,-991.767212,-1406.755005,-39.082726
242,6,418.420013,-1047.814819,-1259.670532,-16.840340
242,7,265.489990,-179.709061,-1284.038330,69.188675
242,8,447.769989,-889.528381,-391.673157,6.845244
242,9,332.869995,219.095642,-966.157593,159.991592
242,10,460.690002,210.775528,-456.598206,159.991592
242,11,513.030029,170.810364,-322.276703,159.991592
242,12,965.010010,-223.187836,367.758057,159.991592
242,13,696.570007,-1016.086548,-1725.893921,39.033489
242,15,747.359985,-937.682678,-1828.118652,159.991592
243,1,714.929993,-1008.681152,-1713.809326,-84.528862
243,3,533.789978,-1226.713989,-1182.761719,-22.575325
243,5,471.049988,-991.767212,-1406.755005,-39.082726
243,6,418.420013,-1047.814819,-1259.670532,-16.840340
243,7,265.489990,-179.709061,-1284.038330,69.188675
243,8,447.769989,-889.528381,-391.673157,6.845244
243,9,332.869995,219.095642,-966.157593,159.991592
243,10,460.690002,210.775528,-456.598206,159.991592
243,11,513.030029,170.810364,-322.276703,159.991592
243,12,965.010010,-223.187836,367.758057,159.991592
243,13,696.570007,-1016.086548,-1725.893921,39.033489
243,15,747.359985,-937.682678,-1828.118652,159.991592
244,1,564.900024,-1068.421753,-1657.109619,-33.215588
244,3,531.289978,-1344.084229,-1236.152344,-21.720274
244,5,468.299988,-1116.943604,-1466.997437,-37.920528
244,6,419.829987,-1171.110596,-1320.383423,-17.436218
244,7,214.679993,-331.731354,-1334.427124,86.566719
244,8,406.859985,-960.185974,-488.211975,20.837290
244,9,286.549988,59.622269,-1065.527710,159.991592
244,10,370.570007,42.089912,-612.451477,159.991592
244,11,398.869995,-12.699575,-491.212036,159.991592
244,12,784.409973,-333.806854,103.888168,159.991592
244,13,600.960022,-1101.999756,-1708.033447,55.635986
245,1,564.900024,-1068.421753,-1657.109619,-33.215588
245,3,531.289978,-1344.084229,-1236.152344,-21.720274
245,5,468.299988,-1116.943604,-1466.997437,-37.920528
245,6,419.829987,-1171.110596,-1320.383423,-17.436218
245,7,214.679993,-331.731354,-1334.427124,86.566719
245,8,406.859985,-960.185974,-488.211975,20.837290
245,9,286.549988,59.622269,-1065.527710,159.991592
245,10,370.570007,42.089912,-612.451477,159.991592
245,11,398.869995,-12.699575,-491.212036,159.991592
245,12,784.409973,-333.806854,103.888168,159.991592
245,13,600.960022,-1101.999756,-1708.033447,55.635986
246,1,564.900024,-1068.421753,-1657.109619,-33.215588
246,3,531.289978,-1344.084229,-1236.152344,-21.720274
246,5,468.299988,-1116.943604,-1466.997437,-37.920528
246,6,419.829987,-1171.110596,-1320.383423,-17.436218
246,7,214.679993,-331.731354,-1334.427124,86.566719
246,8,406.859985,-960.185974,-488.211975,20.837290
246,9,286.549988,59.622269,-1065.527710,159.991592
246,10,370.570007,42.089912,-612.451477,159.991592
246,11,398.869995,-12.699575,-491.212036,159.991592
246,12,784.409973,-333.806854,103.888168,159.991592
246,13,600.960022,-1101.999756,-1708.033447,55.635986
247,1,564.900024,-1068.421753,-1657.109619,-33.215588
247,3,531.289978,-1344.084229,-1236.152344,-21.720274
247,5,468.299988,-1116.943604,-1466.997437,-37.920528
247,6,419.829987,-1171.110596,-1320.383423,-17.436218
247,7,214.679993,-331.731354,-1334.427124,86.566719
247,8,406.859985,-960.185974,-488.211975,20.837290
247,9,286.549988,59.622269,-1065.527710,159.991592
247,10,370.570007,42.089912,-612.451477,159.991592
247,11,398.869995,-12.699575,-491.212036,159.991592
247,12,784.409973,-333.806854,103.888168,159.991592
247,13,600.960022,-1101.999756,-1708.033447,55.635986
248,1,564.900024,-1068.421753,-1657.109619,-33.215588
248,3,531.289978,-1344.084229,-1236.152344,-21.720274
248,5,468.299988,-1116.943604,-1466.997437,-37.920528
248,6,419.829987,-1171.110596,-1320.383423,-17.436218
248,7,214.679993,-331.731354,-1334.427124,86.566719
248,8,406.859985,-960.185974,-488.211975,20.837290
248,9,286.549988,59.622269,-1065.527710,159.991592
248,10,370.570007,42.089912,-612.451477,159.991592
248,11,398.869995,-12.699575,-491.212036,159.991592
248,12,784.409973,-333.806854,103.888168,159.991592
248,13,600.960022,-1101.999756,-1708.033447,55.635986
249,1,564.900024,-1068.421753,-1657.109619,-33.215588
249,3,531.289978,-1344.084229,-1236.152344,-21.720274
249,5,468.299988,-1116.943604,-1466.997437,-37.920528
249,6,419.829987,-1171.110596,-1320.383423,-17.436218
249,7,214.679993,-331.731354,-1334.427124,86.566719
249,8,406.859985,-960.185974,-488.211975,20.837290
249,9,286.549988,59.622269,-1065.527710,159.991592
249,10,370.570007,42.089912,-612.451477,159.991592
249,11,398.869995,-12.699575,-491.212036,159.991592
249,12,784.409973,-333.806854,103.888168,159.991592
249,13,600.960022,-1101.999756,-1708.033447,55.635986
250,1,564.900024,-1068.421753,-1657.109619,-33.215588
250,3,531.289978,-1344.084229,-1236.152344,-21.720274
250,5,468.299988,-1116.943604,-1466.997437,-37.920528
250,6,419.829987,-1171.110596,-1320.383423,-17.436218
250,7,214.679993,-331.731354,-1334.427124,86.566719
250,8,406.859985,-960.185974,-488.211975,20.837290
250,9,286.549988,59.622269,-1065.527710,159.991592
250,10,370.570007,42.089912,-612.451477,159.991592
250,11,398.869995,-12.699575,-491.212036,159.991592
250,12,784.409973,-333.806854,103.888168,159.991592
250,13,600.960022,-1101.999756,-1708.033447,55.635986
251,1,564.900024,-1068.421753,-1657.109619,-33.215588
251,3,531.289978,-1344.084229,-1236.152344,-21.720274
251,5,468.299988,-1116.943604,-1466.997437,-37.920528
251,6,419.829987,-1171.110596,-1320.383423,-17.436218
251,7,214.679993,-331.731354,-1334.427124,86.566719
251,8,406.859985,-960.185974,-488.211975,20.837290
251,9,286.549988,59.622269,-1065.527710,159.991592
251,10,370.570007,42.089912,-612.451477,159.991592
251,11,398.869995,-12.699575,-491.212036,159.991592
251,12,784.409973,-333.806854,103.888168,159.991592
251,13,600.960022,-1101.999756,-1708.033447,55.635986
252,1,564.900024,-1068.421753,-1657.109619,-33.215588
252,3,531.289978,-1344.084229,-1236.152344,-21.720274
252,5,468.299988,-1116.943604,-1466.997437,-37.920528
252,6,419.829987,-1171.110596,-1320.383423,-17.436218
252,7,214.679993,-331.731354,-1334.427124,86.566719
252,8,406.859985,-960.185974,-488.211975,20.837290
252,9,286.549988,59.622269,-1065.527710,159.991592
252,10,370.570007,42.089912,-612.451477,159.991592
252,11,398.869995,-12.699575,-491.212036,159.991592
252,12,784.409973,-333.806854,103.888168,159.991592
252,13,600.960022,-1101.999756,-1708.033447,55.635986
253,1,564.900024,-1068.421753,-1657.109619,-33.215588
253,3,531.289978,-1344.084229,-1236.152344,-21.720274
253,5,468.299988,-1116.943604,-1466.997437,-37.920528
253,6,419.829987,-1171.110596,-1320.383423,-17.436218
253,7,214.679993,-331.731354,-1334.427124,86.566719
253,8,406.859985,-960.185974,-488.211975,20.837290
253,9,286.549988,59.622269,-1065.527710,159.991592
253,10,370.570007,42.089912,-612.451477,159.991592
253,11,398.869995,-12.699575,-491.212036,159.991592
253,12,784.409973,-333.806854,103.888168,159.991592
253,13,600.960022,-1101.999756,-1708.033447,55.635986
254,1,564.900024,-1068.421753,-1657.109619,-33.215588
254,3,531.289978,-1344.084229,-1236.152344,-21.720274
254,5,468.299988,-1116.943604,-1466.997437,-37.920528
254,6,419.829987,-1171.110596,-1320.383423,-17.436218
254,7,214.679993,-331.731354,-1334.427124,86.566719
254,8,406.859985,-960.185974,-488.211975,20.837290
254,9,286.549988,59.622269,-1065.527710,159.991592
254,10,370.570007,42.089912,-612.451477,159.991592
254,11,398.869995,-12.699575,-491.212036,159.991592
254,12,784.409973,-333.806854,103.888168,159.991592
254,13,600.960022,-1101.999756,-1708.033447,55.635986
255,1,453.429993,-1129.995850,-1606.973022,4.909409
255,3,520.200012,-1436.509888,-1255.093750,-17.927282
255,6,416.880005,-1275.755981,-1348.672363,-16.189503
255,7,187.380005,-454.557587,-1383.872192,95.903862
255,8,394.440002,-1020.161133,-538.983765,25.085175
255,9,244.729996,-77.839958,-1151.212524,159.991592
255,10,335.649994,-60.661404,-721.763123,159.991592
255,11,351.480011,-119.825340,-604.928955,159.991592
255,12,720.539978,-389.917694,-29.824377,159.991592
255,13,501.160004,-1169.838989,-1661.411743,72.966080
255,15,509.760010,-1057.227173,-1746.235718,159.991592
256,1,453.429993,-1129.995850,-1606.973022,4.909409
256,3,520.200012,-1436.509888,-1255.093750,-17.927282
256,6,416.880005,-1275.755981,-1348.672363,-16.189503
256,7,187.380005,-454.557587,-1383.872192,95.903862
256,8,394.440002,-1020.161133,-538.983765,25.085175
256,9,244.729996,-77.839958,-1151.212524,159.991592
256,10,335.649994,-60.661404,-721.763123,159.991592
256,11,351.480011,-119.825340,-604.928955,159.991592
256,12,720.539978,-389.917694,-29.824377,159.991592
256,13,501.160004,-1169.838989,-1661.411743,72.966080
256,15,509.760010,-1057.227173,-1746.235718,159.991592
257,1,453.429993,-1129.995850,-1606.973022,4.909409
257,3,520.200012,-1436.509888,-1255.093750,-17.927282
257,6,416.880005,-1275.755981,-1348.672363,-16.189503
257,7,187.380005,-454.557587,-1383.872192,95.903862
257,8,394.440002,-1020.161133,-538.983765,25.085175
257,9,244.729996,-77.839958,-1151.212524,159.991592
257,10,335.649994,-60.661404,-721.763123,159.991592
257,11,351.480011,-119.825340,-604.928955,159.991592
257,12,720.539978,-389.917694,-29.824377,159.991592
257,13,501.160004,-1169.838989,-1661.411743,72.966080
257,15,509.760010,-1057.227173,-1746.235718,159.991592
258,1,453.429993,-1129.995850,-1606.973022,4.909409
258,3,520.200012,-1436.509888,-1255.093750,-17.927282
258,6,416.880005,-1275.755981,-1348.672363,-16.189503
258,7,187.380005,-454.557587,-1383.872192,95.903862
258,8,394.440002,-1020.161133,-538.983765,25.085175
258,9,244.729996,-77.839958,-1151.212524,159.991592
258,10,335.649994,-60.661404,-721.763123,159.991592
258,11,351.480011,-119.825340,-604.928955,159.991592
258,12,720.539978,-389.917694,-29.824377,159.991592
258,13,501.160004,-1169.838989,-1661.411743,72.966080
258,15,509.760010,-1057.227173,-1746.235718,159.991592
259,1,453.429993,-1129.995850,-1606.973022,4.909409
259,3,520.200012,-1436.509888,-1255.093750,-17.927282
259,6,416.880005,-1275.755981,-1348.672363,-16.189503
259,7,187.380005,-454.557587,-1383.872192,95.903862
259,8,394.440002,-1020.161133,-538.983765,25.085175
259,9,244.729996,-77.839958,-1151.212524,159.991592
259,10,335.649994,-60.661404,-721.763123,159.991592
259,11,351.480011,-119.825340,-604.928955,159.991592
259,12,720.539978,-389.917694,-29.824377,159.991592
259,13,501.160004,-1169.838989,-1661.411743,72.966080
259,15,509.760010,-1057.227173,-1746.235718,159.991592
260,1,453.429993,-1129.995850,-1606.973022,4.909409
260,3,520.200012,-1436.509888,-1255.093750,-17.927282
260,6,416.880005,-1275.755981,-1348.672363,-16.189503
260,7,187.380005,-454.557587,-1383.872192,95.903862
260,8,394.440002,-1020.161133,-538.983765,25.085175
260,9,244.729996,-77.839958,-1151.212524,159.991592
260,10,335.649994,-60.661404,-721.763123,159.991592
260,11,351.480011,-119.825340,-604.928955,159.991592
260,12,720.539978,-389.917694,-29.824377,159.991592
260,13,501.160004,-1169.838989,-1661.411743,72.966080
260,15,509.760010,-1057.227173,-1746.235718,159.991592
261,1,453.429993,-1129.995850,-1606.973022,4.909409
261,3,520.200012,-1436.509888,-1255.093750,-17.927282
261,6,416.880005,-1275.755981,-1348.672363,-16.189503
261,7,187.380005,-454.557587,-1383.872192,95.903862
261,8,394.440002,-1020.161133,-538.983765,25.085175
261,9,244.729996,-77.839958,-1151.212524,159.991592
261,10,335.649994,-60.661404,-721.763123,159.991592
261,11,351.480011,-119.825340,-604.928955,159.991592
261,12,720.539978,-389.917694,-29.824377,159.991592
261,13,501.160004,-1169.838989,-1661.411743,72.966080
261,15,509.760010,-1057.227173,-1746.235718,159.991592
262,1,453.429993,-1129.995850,-1606.973022,4.909409
262,3,520.200012,-1436.509888,-1255.093750,-17.927282
262,6,416.880005,-1275.755981,-1348.672363,-16.189503
262,7,187.380005,-454.557587,-1383.872192,95.903862
262,8,394.440002,-1020.161133,-538.983765,25.085175
262,9,244.729996,-77.839958,-1151.212524,159.991592
262,10,335.649994,-60.661404,-721.763123,159.991592
262,11,351.480011,-119.825340,-604.928955,159.991592
262,12,720.539978,-389.917694,-29.824377,159.991592
262,13,501.160004,-1169.838989,-1661.411743,72.966080
262,15,509.760010,-1057.227173,-1746.235718,159.991592
263,1,453.429993,-1129.995850,-1606.973022,4.909409
263,3,520.200012,-1436.509888,-1255.093750,-17.927282
263,6,416.880005,-1275.755981,-1348.672363,-16.189503
263,7,187.380005,-454.557587,-1383.872192,95.903862
263,8,394.440002,-1020.161133,-538.983765,25.085175
263,9,244.729996,-77.839958,-1151.212524,159.991592
263,10,335.649994,-60.661404,-721.763123,159.991592
263,11,351.480011,-119.825340,-604.928955,159.991592
263,12,720.539978,-389.917694,-29.824377,159.991592
263,13,501.160004,-1169.838989,-1661.411743,72.966080
263,15,509.760010,-1057.227173,-1746.235718,159.991592
264,1,453.429993,-1129.995850,-1606.973022,4.909409
264,3,520.200012,-1436.509888,-1255.093750,-17.927282
264,6,416.880005,-1275.755981,-1348.672363,-16.189503
264,7,187.380005,-454.557587,-1383.872192,95.903862
264,8,394.440002,-1020.161133,-538.983765,25.085175
264,9,244.729996,-77.839958,-1151.212524,159.991592
264,10,335.649994,-60.661404,-721.763123,159.991592
264,11,351.480011,-119.825340,-604.928955,159.991592
264,12,720.539978,-389.917694,-29.824377,159.991592
264,13,501.160004,-1169.838989,-1661.411743,72.966080
264,15,509.760010,-1057.227173,-1746.235718,159.991592
265,1,453.429993,-1129.995850,-1606.973022,4.909409
265,3,520.200012,-1436.509888,-1255.093750,-17.927282
265,6,416.880005,-1275.755981,-1348.672363,-16.189503
265,7,187.380005,-454.557587,-1383.872192,95.903862
265,8,394.440002,-1020.161133,-538.983765,25.085175
265,9,244.729996,-77.839958,-1151.212524,159.991592
265,10,335.649994,-60.661404,-721.763123,159.991592
265,11,351.480011,-119.825340,-604.928955,159.991592
265,12,720.539978,-389.917694,-29.824377,159.991592
265,13,501.160004,-1169.838989,-1661.411743,72.966080
265,15,509.760010,-1057.227173,-1746.235718,159.991592
266,1,359.809998,-1207.029053,-1560.486328,46.939034
266,3,511.510010,-1540.708252,-1257.941162,-4.945427
266,4,666.219971,-1755.948853,-991.618835,170.001297
266,5,399.079987,-1303.606201,-1483.162964,1.342810
266,6,411.010010,-1389.053101,-1359.406250,-3.699036
266,7,272.130005,-535.406677,-1513.138550,76.927361
266,8,398.750000,-1093.912598,-564.983765,33.620770
266,9,234.190002,-196.736145,-1232.191284,170.001297
266,10,319.079987,-158.746979,-814.592346,170.001297
266,11,304.510010,-237.280884,-709.975342,170.001297
266,12,735.630005,-428.312134,-82.213219,170.001297
266,13,427.260010,-1259.606079,-1624.267456,95.808380
266,15,393.209991,-1116.664917,-1688.460571,170.001297
266,16,677.859985,-1742.960693,-1166.955200,170.001297
267,1,359.809998,-1207.029053,-1560.486328,46.939034
267,3,511.510010,-1540.708252,-1257.941162,-4.945427
267,4,666.219971,-1755.948853,-991.618835,170.001297
267,5,399.079987,-1303.606201,-1483.162964,1.342810
267,6,411.010010,-1389.053101,-1359.406250,-3.699036
267,7,272.130005,-535.406677,-1513.138550,76.927361
267,8,398.750000,-1093.912598,-564.983765,33.620770
267,9,234.190002,-196.736145,-1232.191284,170.001297
267,10,319.079987,-158.746979,-814.592346,170.001297
267,11,304.510010,-237.280884,-709.975342,170.001297
267,12,735.630005,-428.312134,-82.213219,170.001297
267,13,427.260010,-1259.606079,-1624.267456,95.808380
267,15,393.209991,-1116.664917,-1688.460571,170.001297
267,16,677.859985,-1742.960693,-1166.955200,170.001297
268,1,359.809998,-1207.029053,-1560.486328,46.939034
268,3,511.510010,-1540.708252,-1257.941162,-4.945427
268,4,666.219971,-1755.948853,-991.618835,170.001297
268,5,399.079987,-1303.606201,-1483.162964,1.342810
268,6,411.010010,-1389.053101,-1359.406250,-3.699036
268,7,272.130005,-535.406677,-1513.138550,76.927361
268,8,398.750000,-1093.912598,-564.983765,33.620770
268,9,234.190002,-196.736145,-1232.191284,170.001297
268,10,319.079987,-158.746979,-814.592346,170.001297
268,11,304.510010,-237.280884,-709.975342,170.001297
268,12,735.630005,-428.312134,-82.213219,170.001297
268,13,427.260010,-1259.606079,-1624.267456,95.808380
268,15,393.209991,-1116.664917,-1688.460571,170.001297
268,16,677.859985,-1742.960693,-1166.955200,170.001297
269,1,359.809998,-1207.029053,-1560.486328,46.939034
269,3,511.510010,-1540.708252,-1257.941162,-4.945427
269,4,666.219971,-1755.948853,-991.618835,170.001297
269,5,399.079987,-1303.606201,-1483.162964,1.342810
269,6,411.010010,-1389.053101,-1359.406250,-3.699036
269,7,272.130005,-535.406677,-1513.138550,76.927361
269,8,398.750000,-1093.912598,-564.983765,33.620770
269,9,234.190002,-196.736145,-1232.191284,170.001297
269,10,319.079987,-158.746979,-814.592346,170.001297
269,11,304.510010,-237.280884,-709.975342,170.001297
269,12,735.630005,-428.312134,-82.213219,170.001297
269,13,427.260010,-1259.606079,-1624.267456,95.808380
269,15,393.209991,-1116.664917,-1688.460571,170.001297
269,16,677.859985,-1742.960693,-1166.955200,170.001297
270,1,359.809998,-1207.029053,-1560.486328,46.939034
270,3,511.510010,-1540.708252,-1257.941162,-4.945427
270,4,666.219971,-1755.948853,-991.618835,170.001297
270,5,399.079987,-1303.606201,-1483.162964,1.342810
270,6,411.010010,-1389.053101,-1359.406250,-3.699036
270,7,272.130005,-535.406677,-1513.138550,76.927361
270,8,398.750000,-1093.912598,-564.983765,33.620770
270,9,234.190002,-196.736145,-1232.191284,170.001297
270,10,319.079987,-158.746979,-814.592346,170.001297
270,11,304.510010,-237.280884,-709.975342,170.001297
270,12,735.630005,-428.312134,-82.213219,170.001297
270,13,427.260010,-1259.606079,-1624.267456,95.808380
270,15,393.209991,-1116.664917,-1688.460571,170.001297
270,16,677.859985,-1742.960693,-1166.955200,170.001297
271,1,359.809998,-1207.029053,-1560.486328,46.939034
271,3,511.510010,-1540.708252,-1257.941162,-4.945427
271,4,666.219971,-1755.948853,-991.618835,170.001297
271,5,399.079987,-1303.606201,-1483.162964,1.342810
271,6,411.010010,-1389.053101,-1359.406250,-3.699036
271,7,272.130005,-535.406677,-1513.138550,76.927361
271,8,398.750000,-1093.912598,-564.983765,33.620770
271,9,234.190002,-196.736145,-1232.191284,170.001297
271,10,319.079987,-158.746979,-814.592346,170.001297
271,11,304.510010,-237.280884,-709.975342,170.001297
271,12,735.630005,-428.312134,-82.213219,170.001297
271,13,427.260010,-1259.606079,-1624.267456,95.808380
271,15,393.209991,-1116.664917,-1688.460571,170.001297
271,16,677.859985,-1742.960693,-1166.955200,170.001297
272,1,359.809998,-1207.029053,-1560.486328,46.939034
272,3,511.510010,-1540.708252,-1257.941162,-4.945427
272,4,666.219971,-1755.948853,-991.618835,170.001297
272,5,399.079987,-1303.606201,-1483.162964,1.342810
272,6,411.010010,-1389.053101,-1359.406250,-3.699036
272,7,272.130005,-535.406677,-1513.138550,76.927361
272,8,398.750000,-1093.912598,-564.983765,33.620770
272,9,234.190002,-196.736145,-1232.191284,170.001297
272,10,319.079987,-158.746979,-814.592346,170.001297
272,11,304.510010,-237.280884,-709.975342,170.001297
272,12,735.630005,-428.312134,-82.213219,170.001297
272,13,427.260010,-1259.606079,-1624.267456,95.808380
272,15,393.209991,-1116.664917,-1688.460571,170.001297
272,16,677.859985,-1742.960693,-1166.955200,170.001297
273,1,359.809998,-1207.029053,-1560.486328,46.939034
273,3,511.510010,-1540.708252,-1257.941162,-4.945427
273,4,666.219971,-1755.948853,-991.618835,170.001297
273,5,399.079987,-1303.606201,-1483.162964,1.342810
273,6,411.010010,-1389.053101,-1359.406250,-3.699036
273,7,272.130005,-535.406677,-1513.138550,76.927361
273,8,398.750000,-1093.912598,-564.983765,33.620770
273,9,234.190002,-196.736145,-1232.191284,170.001297
273,10,319.079987,-158.746979,-814.592346,170.001297
273,11,304.510010,-237.280884,-709.975342,170.001297
273,12,735.630005,-428.312134,-82.213219,170.001297
273,13,427.260010,-1259.606079,-1624.267456,95.808380
273,15,393.209991,-1116.664917,-1688.460571,170.001297
273,16,677.859985,-1742.960693,-1166.955200,170.001297
274,1,359.809998,-1207.029053,-1560.486328,46.939034
274,3,511.510010,-1540.708252,-1257.941162,-4.945427
274,4,666.219971,-1755.948853,-991.618835,170.001297
274,5,399.079987,-1303.606201,-1483.162964,1.342810
274,6,411.010010,-1389.053101,-1359.406250,-3.699036
274,7,272.130005,-535.406677,-1513.138550,76.927361
274,8,398.750000,-1093.912598,-564.983765,33.620770
274,9,234.190002,-196.736145,-1232.191284,170.001297
274,10,319.079987,-158.746979,-814.592346,170.001297
274,11,304.510010,-237.280884,-709.975342,170.001297
274,12,735.630005,-428.312134,-82.213219,170.001297
274,13,427.260010,-1259.606079,-1624.267456,95.808380
274,15,393.209991,-1116.664917,-1688.460571,170.001297
274,16,677.859985,-1742.960693,-1166.955200,170.001297
275,1,359.809998,-1207.029053,-1560.486328,46.939034
275,3,511.510010,-1540.708252,-1257.941162,-4.945427
275,4,666.219971,-1755.948853,-991.618835,170.001297
275,5,399.079987,-1303.606201,-1483.162964,1.342810
275,6,411.010010,-1389.053101,-1359.406250,-3.699036
275,7,272.130005,-535.406677,-1513.138550,76.927361
275,8,398.750000,-1093.912598,-564.983765,33.620770
275,9,234.190002,-196.736145,-1232.191284,170.001297
275,10,319.079987,-158.746979,-814.592346,170.001297
275,11,304.510010,-237.280884,-709.975342,170.001297
275,12,735.630005,-428.312134,-82.213219,170.001297
275,13,427.260010,-1259.606079,-1624.267456,95.808380
275,15,393.209991,-1116.664917,-1688.460571,170.001297
275,16,677.859985,-1742.960693,-1166.955200,170.001297
276,1,359.809998,-1207.029053,-1560.486328,46.939034
276,3,511.510010,-1540.708252,-1257.941162,-4.945427
276,4,666.219971,-1755.948853,-991.618835,170.001297
276,5,399.079987,-1303.606201,-1483.162964,1.342810
276,6,411.010010,-1389.053101,-1359.406250,-3.699036
276,7,272.130005,-535.406677,-1513.138550,76.927361
276,8,398.750000,-1093.912598,-564.983765,33.620770
276,9,234.190002,-196.736145,-1232.191284,170.001297
276,10,319.079987,-158.746979,-814.592346,170.001297
276,11,304.510010,-237.280884,-709.975342,170.001297
276,12,735.630005,-428.312134,-82.213219,170.001297
276,13,427.260010,-1259.606079,-1624.267456,95.808380
276,15,393.209991,-1116.664917,-1688.460571,170.001297
276,16,677.859985,-1742.960693,-1166.955200,170.001297
277,1,359.809998,-1207.029053,-1560.486328,46.939034
277,3,511.510010,-1540.708252,-1257.941162,-4.945427
277,4,666.219971,-1755.948853,-991.618835,170.001297
277,5,399.079987,-1303.606201,-1483.162964,1.342810
277,6,411.010010,-1389.053101,-1359.406250,-3.699036
277,7,272.130005,-535.406677,-1513.138550,76.927361
277,8,398.750000,-1093.912598,-564.983765,33.620770
277,9,234.190002,-196.736145,-1232.191284,170.001297
277,10,319.079987,-158.746979,-814.592346,170.001297
277,11,304.510010,-237.280884,-709.975342,170.001297
277,12,735.630005,-428.312134,-82.213219,170.001297
277,13,427.260010,-1259.606079,-1624.267456,95.808380
277,15,393.209991,-1116.664917,-1688.460571,170.001297
277,16,677.859985,-1742.960693,-1166.955200,170.001297
278,1,265.980011,-1270.435669,-1553.167969,79.030777
278,3,515.090027,-1658.098877,-1310.413330,-6.169865
278,4,708.070007,-1905.766968,-1038.154297,170.001297
278,5,394.500000,-1419.223145,-1538.393555,3.278396
278,6,403.899994,-1499.838867,-1411.611450,-0.694213
278,7,394.059998,-599.627563,-1687.831543,35.224842
278,8,450.970001,-1216.315552,-584.398193,15.760475
278,9,599.140015,47.918140,-1383.008301,170.001297
278,10,321.850006,-260.695984,-896.642578,170.001297
278,11,320.920013,-324.929535,-783.616394,170.001297
278,12,928.119995,-447.639435,20.256954,170.001297
278,13,291.589996,-1294.756348,-1581.343750,119.367226
278,15,264.619995,-1148.423584,-1660.256104,170.001297
278,16,695.739990,-1872.247803,-1218.710571,170.001297
279,1,265.980011,-1270.435669,-1553.167969,79.030777
279,3,515.090027,-1658.098877,-1310.413330,-6.169865
279,4,708.070007,-1905.766968,-1038.154297,170.001297
279,5,394.500000,-1419.223145,-1538.393555,3.278396
279,6,403.899994,-1499.838867,-1411.611450,-0.694213
279,7,394.059998,-599.627563,-1687.831543,35.224842
279,8,450.970001,-1216.315552,-584.398193,15.760475
279,9,599.140015,47.918140,-1383.008301,170.001297
279,10,321.850006,-260.695984,-896.642578,170.001297
279,11,320.920013,-324.929535,-783.616394,170.001297
279,12,928.119995,-447.639435,20.256954,170.001297
279,13,291.589996,-1294.756348,-1581.343750,119.367226
279,15,264.619995,-1148.423584,-1660.256104,170.001297
279,16,695.739990,-1872.247803,-1218.710571,170.001297
280,1,265.980011,-1270.435669,-1553.167969,79.030777
280,3,515.090027,-1658.098877,-1310.413330,-6.169865
280,4,708.070007,-1905.766968,-1038.154297,170.001297
280,5,394.500000,-1419.223145,-1538.393555,3.278396
280,6,403.899994,-1499.838867,-1411.611450,-0.694213
280,7,394.059998,-599.627563,-1687.831543,35.224842
280,8,450.970001,-1216.315552,-584.398193,15.760475
280,9,599.140015,47.918140,-1383.008301,170.001297
280,10,321.850006,-260.695984,-896.642578,170.001297
280,11,320.920013,-324.929535,-783.616394,170.001297
280,12,928.119995,-447.639435,20.256954,170.001297
280,13,291.589996,-1294.756348,-1581.343750,119.367226
280,15,264.619995,-1148.423584,-1660.256104,170.001297
280,16,695.739990,-1872.247803,-1218.710571,170.001297
281,1,265.980011,-1270.435669,-1553.167969,79.030777
281,3,515.090027,-1658.098877,-1310.413330,-6.169865
281,4,708.070007,-1905.766968,-1038.154297,170.001297
281,5,394.500000,-1419.223145,-1538.393555,3.278396
281,6,403.899994,-1499.838867,-1411.611450,-0.694213
281,7,394.059998,-599.627563,-1687.831543,35.224842
281,8,450.970001,-1216.315552,-584.398193,15.760475
281,9,599.140015,47.918140,-1383.008301,170.001297
281,10,321.850006,-260.695984,-896.642578,170.001297
281,11,320.920013,-324.929535,-783.616394,170.001297
281,12,928.119995,-447.639435,20.256954,170.001297
281,13,291.589996,-1294.756348,-1581.343750,119.367226
281,15,264.619995,-1148.423584,-1660.256104,170.001297
281,16,695.739990,-1872.247803,-1218.710571,170.001297
282,1,265.980011,-1270.435669,-1553.167969,79.030777
282,3,515.090027,-1658.098877,-1310.413330,-6.169865
282,4,708.070007,-1905.766968,-1038.154297,170.001297
282,5,394.500000,-1419.223145,-1538.393555,3.278396
282,6,403.899994,-1499.838867,-1411.611450,-0.694213
282,7,394.059998,-599.627563,-1687.831543,35.224842
282,8,450.970001,-1216.315552,-584.398193,15.760475
282,9,599.140015,47.918140,-1383.008301,170.001297
282,10,321.850006,-260.695984,-896.642578,170.001297
282,11,320.920013,-324.929535,-783.616394,170.001297
282,12,928.119995,-447.639435,20.256954,170.001297
282,13,291.589996,-1294.756348,-1581.343750,119.367226
282,15,264.619995,-1148.423584,-1660.256104,170.001297
282,16,695.739990,-1872.247803,-1218.710571,170.001297
283,1,265.980011,-1270.435669,-1553.167969,79.030777
283,3,515.090027,-1658.098877,-1310.413330,-6.169865
283,4,708.070007,-1905.766968,-1038.154297,170.001297
283,5,394.500000,-1419.223145,-1538.393555,3.278396
283,6,403.899994,-1499.838867,-1411.611450,-0.694213
283,7,394.059998,-599.627563,-1687.831543,35.224842
283,8,450.970001,-1216.315552,-584.398193,15.760475
283,9,599.140015,47.918140,-1383.008301,170.001297
283,10,321.850006,-260.695984,-896.642578,170.001297
283,11,320.920013,-324.929535,-783.616394,170.001297
283,12,928.119995,-447.639435,20.256954,170.001297
283,13,291.589996,-1294.756348,-1581.343750,119.367226
283,15,264.619995,-1148.423584,-1660.256104,170.001297
283,16,695.739990,-1872.247803,-1218.710571,170.001297
284,1,265.980011,-1270.435669,-1553.167969,79.030777
284,3,515.090027,-1658.098877,-1310.413330,-6.169865
284,4,708.070007,-1905.766968,-1038.154297,170.001297
284,5,394.500000,-1419.223145,-1538.393555,3.278396
284,6,403.899994,-1499.838867,-1411.611450,-0.694213
284,7,394.059998,-599.627563,-1687.831543,35.224842
284,8,450.970001,-1216.315552,-584.398193,15.760475
284,9,599.140015,47.918140,-1383.008301,170.001297
284,10,321.850006,-260.695984,-896.642578,170.001297
284,11,320.920013,-324.929535,-783.616394,170.001297
284,12,928.119995,-447.639435,20.256954,170.001297
284,13,291.589996,-1294.756348,-1581.343750,119.367226
284,15,264.619995,-1148.423584,-1660.256104,170.001297
284,16,695.739990,-1872.247803,-1218.710571,170.001297
285,1,265.980011,-1270.435669,-1553.167969,79.030777
285,3,515.090027,-1658.098877,-1310.413330,-6.169865
285,4,708.070007,-1905.766968,-1038.154297,170.001297
285,5,394.500000,-1419.223145,-1538.393555,3.278396
285,6,403.899994,-1499.838867,-1411.611450,-0.694213
285,7,394.059998,-599.627563,-1687.831543,35.224842
285,8,450.970001,-1216.315552,-584.398193,15.760475
285,9,599.140015,47.918140,-1383.008301,170.001297
285,10,321.850006,-260.695984,-896.642578,170.001297
285,11,320.920013,-324.929535,-783.616394,170.001297
285,12,928.119995,-447.639435,20.256954,170.001297
285,13,291.589996,-1294.756348,-1581.343750,119.367226
285,15,264.619995,-1148.423584,-1660.256104,170.001297
285,16,695.739990,-1872.247803,-1218.710571,170.001297
286,1,265.980011,-1270.435669,-1553.167969,79.030777
286,3,515.090027,-1658.098877,-1310.413330,-6.169865
286,4,708.070007,-1905.766968,-1038.154297,170.001297
286,5,394.500000,-1419.223145,-1538.393555,3.278396
286,6,403.899994,-1499.838867,-1411.611450,-0.694213
286,7,394.059998,-599.627563,-1687.831543,35.224842
286,8,450.970001,-1216.315552,-584.398193,15.760475
286,9,599.140015,47.918140,-1383.008301,170.001297
286,10,321.850006,-260.695984,-896.642578,170.001297
286,11,320.920013,-324.929535,-783.616394,170.001297
286,12,928.119995,-447.639435,20.256954,170.001297
286,13,291.589996,-1294.756348,-1581.343750,119.367226
286,15,264.619995,-1148.423584,-1660.256104,170.001297
286,16,695.739990,-1872.247803,-1218.710571,170.001297
287,1,265.980011,-1270.435669,-1553.167969,79.030777
287,3,515.090027,-1658.098877,-1310.413330,-6.169865
287,4,708.070007,-1905.766968,-1038.154297,170.001297
287,5,394.500000,-1419.223145,-1538.393555,3.278396
287,6,403.899994,-1499.838867,-1411.611450,-0.694213
287,7,394.059998,-599.627563,-1687.831543,35.224842
287,8,450.970001,-1216.315552,-584.398193,15.760475
287,9,599.140015,47.918140,-1383.008301,170.001297
287,10,321.850006,-260.695984,-896.642578,170.001297
287,11,320.920013,-324.929535,-783.616394,170.001297
287,12,928.119995,-447.639435,20.256954,170.001297
287,13,291.589996,-1294.756348,-1581.343750,119.367226
287,15,264.619995,-1148.423584,-1660.256104,170.001297
287,16,695.739990,-1872.247803,-1218.710571,170.001297
288,1,265.980011,-1270.435669,-1553.167969,79.030777
288,3,515.090027,-1658.098877,-1310.413330,-6.169865
288,4,708.070007,-1905.766968,-1038.154297,170.001297
288,5,394.500000,-1419.223145,-1538.393555,3.278396
288,6,403.899994,-1499.838867,-1411.611450,-0.694213
288,7,394.059998,-599.627563,-1687.831543,35.224842
288,8,450.970001,-1216.315552,-584.398193,15.760475
288,9,599.140015,47.918140,-1383.008301,170.001297
288,10,321.850006,-260.695984,-896.642578,170.001297
288,11,320.920013,-324.929535,-783.616394,170.001297
288,12,928.119995,-447.639435,20.256954,170.001297
288,13,291.589996,-1294.756348,-1581.343750,119.367226
288,15,264.619995,-1148.423584,-1660.256104,170.001297
288,16,695.739990,-1872.247803,-1218.710571,170.001297
289,1,265.980011,-1270.435669,-1553.167969,79.030777
289,3,515.090027,-1658.098877,-1310.413330,-6.169865
289,4,708.070007,-1905.766968,-1038.154297,170.001297
289,5,394.500000,-1419.223145,-1538.393555,3.278396
289,6,403.899994,-1499.838867,-1411.611450,-0.694213
289,7,394.059998,-599.627563,-1687.831543,35.224842
289,8,450.970001,-1216.315552,-584.398193,15.760475
289,9,599.140015,47.918140,-1383.008301,170.001297
289,10,321.850006,-260.695984,-896.642578,170.001297
289,11,320.920013,-324.929535,-783.616394,170.001297
289,12,928.119995,-447.639435,20.256954,170.001297
289,13,291.589996,-1294.756348,-1581.343750,119.367226
289,15,264.619995,-1148.423584,-1660.256104,170.001297
289,16,695.739990,-1872.247803,-1218.710571,170.001297
290,1,172.240005,-1313.482178,-1535.870239,111.091751
290,3,444.929993,-1693.296143,-1348.592896,17.826281
290,4,639.239990,-1936.766113,-1087.410278,170.001297
290,5,311.940002,-1454.537964,-1551.026978,38.169758
290,6,338.160004,-1548.252075,-1431.518066,27.088707
290,7,289.239990,-748.487610,-1652.219849,71.075394
290,8,562.919983,-1366.507080,-541.857544,-22.528673
290,9,394.450012,-253.504623,-1395.886719,170.001297
290,10,474.500000,-226.890884,-873.449951,170.001297
290,11,551.950012,-222.440796,-722.192871,170.001297
290,13,188.210007,-1328.867310,-1553.631348,137.318970
290,15,89.739998,-1123.745361,-1588.050781,170.001297
290,16,577.020020,-1857.240601,-1238.021729,170.001297
291,1,172.240005,-1313.482178,-1535.870239,111.091751
291,3,444.929993,-1693.296143,-1348.592896,17.826281
291,4,639.239990,-1936.766113,-1087.410278,170.001297
291,5,311.940002,-1454.537964,-1551.026978,38.169758
291,6,338.160004,-1548.252075,-1431.518066,27.088707
291,7,289.239990,-748.487610,-1652.219849,71.075394
291,8,562.919983,-1366.507080,-541.857544,-22.528673
291,9,394.450012,-253.504623,-1395.886719,170.001297
291,10,474.500000,-226.890884,-873.449951,170.001297
291,11,551.950012,-222.440796,-722.192871,170.001297
291,13,188.210007,-1328.867310,-1553.631348,137.318970
291,15,89.739998,-1123.745361,-1588.050781,170.001297
291,16,577.020020,-1857.240601,-1238.021729,170.001297
292,1,172.240005,-1313.482178,-1535.870239,111.091751
292,3,444.929993,-1693.296143,-1348.592896,17.826281
292,4,639.239990,-1936.766113,-1087.410278,170.001297
292,5,311.940002,-1454.537964,-1551.026978,38.169758
292,6,338.160004,-1548.252075,-1431.518066,27.088707
292,7,289.239990,-748.487610,-1652.219849,71.075394
292,8,562.919983,-1366.507080,-541.857544,-22.528673
292,9,394.450012,-253.504623,-1395.886719,170.001297
292,10,474.500000,-226.890884,-873.449951,170.001297
292,11,551.950012,-222.440796,-722.192871,170.001297
292,13,188.210007,-1328.867310,-1553.631348,137.318970
292,15,89.739998,-1123.745361,-1588.050781,170.001297
292,16,577.020020,-1857.240601,-1238.021729,170.001297
293,1,172.240005,-1313.482178,-1535.870239,111.091751
293,3,444.929993,-1693.296143,-1348.592896,17.826281
293,4,639.239990,-1936.766113,-1087.410278,170.001297
293,5,311.940002,-1454.537964,-1551.026978,38.169758
293,6,338.160004,-1548.252075,-1431.518066,27.088707
293,7,289.239990,-748.487610,-1652.219849,71.075394
293,8,562.919983,-1366.507080,-541.857544,-22.528673
293,9,394.450012,-253.504623,-1395.886719,170.001297
293,10,474.500000,-226.890884,-873.449951,170.001297
293,11,551.950012,-222.440796,-722.192871,170.001297
293,13,188.210007,-1328.867310,-1553.631348,137.318970
293,15,89.739998,-1123.745361,-1588.050781,170.001297
293,16,577.020020,-1857.240601,-1238.021729,170.001297
294,1,172.240005,-1313.482178,-1535.870239,111.091751
294,3,444.929993,-1693.296143,-1348.592896,17.826281
294,4,639.239990,-1936.766113,-1087.410278,170.001297
294,5,311.940002,-1454.537964,-1551.026978,38.169758
294,6,338.160004,-1548.252075,-1431.518066,27.088707
294,7,289.239990,-748.487610,-1652.219849,71.075394
294,8,562.919983,-1366.507080,-541.857544,-22.528673
294,9,394.450012,-253.504623,-1395.886719,170.001297
294,10,474.500000,-226.890884,-873.449951,170.001297
294,11,551.950012,-222.440796,-722.192871,170.001297
294,13,188.210007,-1328.867310,-1553.631348,137.318970
294,15,89.739998,-1123.745361,-1588.050781,170.001297
294,16,577.020020,-1857.240601,-1238.021729,170.001297
295,1,172.240005,-1313.482178,-1535.870239,111.091751
295,3,444.929993,-1693.296143,-1348.592896,17.826281
295,4,639.239990,-1936.766113,-1087.410278,170.001297
295,5,311.940002,-1454.537964,-1551.026978,38.169758
295,6,338.160004,-1548.252075,-1431.518066,27.088707
295,7,289.239990,-748.487610,-1652.219849,71.075394
295,8,562.919983,-1366.507080,-541.857544,-22.528673
295,9,394.450012,-253.504623,-1395.886719,170.001297
295,10,474.500000,-226.890884,-873.449951,170.001297
295,11,551.950012,-222.440796,-722.192871,170.001297
295,13,188.210007,-1328.867310,-1553.631348,137.318970
295,15,89.739998,-1123.745361,-1588.050781,170.001297
295,16,577.020020,-1857.240601,-1238.021729,170.001297
296,1,172.240005,-1313.482178,-1535.870239,111.091751
296,3,444.929993,-1693.296143,-1348.592896,17.826281
296,4,639.239990,-1936.766113,-1087.410278,170.001297
296,5,311.940002,-1454.537964,-1551.026978,38.169758
296,6,338.160004,-1548.252075,-1431.518066,27.088707
296,7,289.239990,-748.487610,-1652.219849,71.075394
296,8,562.919983,-1366.507080,-541.857544,-22.528673
296,9,394.450012,-253.504623,-1395.886719,170.001297
296,10,474.500000,-226.890884,-873.449951,170.001297
296,11,551.950012,-222.440796,-722.192871,170.001297
296,13,188.210007,-1328.867310,-1553.631348,137.318970
296,15,89.739998,-1123.745361,-1588.050781,170.001297
296,16,577.020020,-1857.240601,-1238.021729,170.001297
297,1,172.240005,-1313.482178,-1535.870239,111.091751
297,3,444.929993,-1693.296143,-1348.592896,17.826281
297,4,639.239990,-1936.766113,-1087.410278,170.001297
297,5,311.940002,-1454.537964,-1551.026978,38.169758
297,6,338.160004,-1548.252075,-1431.518066,27.088707
297,7,289.239990,-748.487610,-1652.219849,71.075394
297,8,562.919983,-1366.507080,-541.857544,-22.528673
297,9,394.450012,-253.504623,-1395.886719,170.001297
297,10,474.500000,-226.890884,-873.449951,170.001297
297,11,551.950012,-222.440796,-722.192871,170.001297
297,13,188.210007,-1328.867310,-1553.631348,137.318970
297,15,89.739998,-1123.745361,-1588.050781,170.001297
297,16,577.020020,-1857.240601,-1238.021729,170.001297
298,1,172.240005,-1313.482178,-1535.870239,111.091751
298,3,444.929993,-1693.296143,-1348.592896,17.826281
298,4,639.239990,-1936.766113,-1087.410278,170.001297
298,5,311.940002,-1454.537964,-1551.026978,38.169758
298,6,338.160004,-1548.252075,-1431.518066,27.088707
298,7,289.239990,-748.487610,-1652.219849,71.075394
298,8,562.919983,-1366.507080,-541.857544,-22.528673
298,9,394.450012,-253.504623,-1395.886719,170.001297
298,10,474.500000,-226.890884,-873.449951,170.001297
298,11,551.950012,-222.440796,-722.192871,170.001297
298,13,188.210007,-1328.867310,-1553.631348,137.318970
298,15,89.739998,-1123.745361,-1588.050781,170.001297
298,16,577.020020,-1857.240601,-1238.021729,170.001297
299,1,172.240005,-1313.482178,-1535.870239,111.091751
299,3,444.929993,-1693.296143,-1348.592896,17.826281
299,4,639.239990,-1936.766113,-1087.410278,170.001297
299,5,311.940002,-1454.537964,-1551.026978,38.169758
299,6,338.160004,-1548.252075,-1431.518066,27.088707
299,7,289.239990,-748.487610,-1652.219849,71.075394
299,8,562.919983,-1366.507080,-541.857544,-22.528673
299,9,394.450012,-253.504623,-1395.886719,170.001297
299,10,474.500000,-226.890884,-873.449951,170.001297
299,11,551.950012,-222.440796,-722.192871,170.001297
299,13,188.210007,-1328.867310,-1553.631348,137.318970
299,15,89.739998,-1123.745361,-1588.050781,170.001297
299,16,577.020020,-1857.240601,-1238.021729,170.001297
300,1,172.240005,-1313.482178,-1535.870239,111.091751
300,3,444.929993,-1693.296143,-1348.592896,17.826281
300,4,639.239990,-1936.766113,-1087.410278,170.001297
300,5,311.940002,-1454.537964,-1551.026978,38.169758
300,6,338.160004,-1548.252075,-1431.518066,27.088707
300,7,289.239990,-748.487610,-1652.219849,71.075394
300,8,562.919983,-1366.507080,-541.857544,-22.528673
300,9,394.450012,-253.504623,-1395.886719,170.001297
300,10,474.500000,-226.890884,-873.449951,170.001297
300,11,551.950012,-222.440796,-722.192871,170.001297
300,13,188.210007,-1328.867310,-1553.631348,137.318970
300,15,89.739998,-1123.745361,-1588.050781,170.001297
300,16,577.020020,-1857.240601,-1238.021729,170.001297
301,1,172.240005,-1313.482178,-1535.870239,111.091751
301,3,444.929993,-1693.296143,-1348.592896,17.826281
301,4,639.239990,-1936.766113,-1087.410278,170.001297
301,5,311.940002,-1454.537964,-1551.026978,38.169758
301,6,338.160004,-1548.252075,-1431.518066,27.088707
301,7,289.239990,-748.487610,-1652.219849,71.075394
301,8,562.919983,-1366.507080,-541.857544,-22.528673
301,9,394.450012,-253.504623,-1395.886719,170.001297
301,10,474.500000,-226.890884,-873.449951,170.001297
301,11,551.950012,-222.440796,-722.192871,170.001297
301,13,188.210007,-1328.867310,-1553.631348,137.318970
301,15,89.739998,-1123.745361,-1588.050781,170.001297
301,16,577.020020,-1857.240601,-1238.021729,170.001297
302,1,282.290009,-1473.395874,-1671.883057,73.452431
302,3,377.730011,-1721.703003,-1395.149414,40.810028
302,4,531.520020,-1918.509766,-1144.612061,170.001297
302,5,253.130005,-1499.704834,-1582.813965,63.023937
302,6,285.220001,-1597.453979,-1465.379028,49.462120
302,7,235.729996,-865.125061,-1669.316284,89.376892
302,8,608.590027,-1473.773315,-562.189331,-38.148746
302,9,312.519989,-424.952454,-1443.727905,170.001297
302,10,678.539978,-136.432480,-839.054260,170.001297
302,16,464.040009,-1837.751465,-1266.432495,170.001297
303,1,282.290009,-1473.395874,-1671.883057,73.452431
303,3,377.730011,-1721.703003,-1395.149414,40.810028
303,4,531.520020,-1918.509766,-1144.612061,170.001297
303,5,253.130005,-1499.704834,-1582.813965,63.023937
303,6,285.220001,-1597.453979,-1465.379028,49.462120
303,7,235.729996,-865.125061,-1669.316284,89.376892
303,8,608.590027,-1473.773315,-562.189331,-38.148746
303,9,312.519989,-424.952454,-1443.727905,170.001297
303,10,678.539978,-136.432480,-839.054260,170.001297
303,16,464.040009,-1837.751465,-1266.432495,170.001297
304,1,282.290009,-1473.395874,-1671.883057,73.452431
304,3,377.730011,-1721.703003,-1395.149414,40.810028
304,4,531.520020,-1918.509766,-1144.612061,170.001297
304,5,253.130005,-1499.704834,-1582.813965,63.023937
304,6,285.220001,-1597.453979,-1465.379028,49.462120
304,7,235.729996,-865.125061,-1669.316284,89.376892
304,8,608.590027,-1473.773315,-562.189331,-38.148746
304,9,312.519989,-424.952454,-1443.727905,170.001297
304,10,678.539978,-136.432480,-839.054260,170.001297
304,16,464.040009,-1837.751465,-1266.432495,170.001297
305,1,282.290009,-1473.395874,-1671.883057,73.452431
305,3,377.730011,-1721.703003,-1395.149414,40.810028
305,4,531.520020,-1918.509766,-1144.612061,170.001297
305,5,253.130005,-1499.704834,-1582.813965,63.023937
305,6,285.220001,-1597.453979,-1465.379028,49.462120
305,7,235.729996,-865.125061,-1669.316284,89.376892
305,8,608.590027,-1473.773315,-562.189331,-38.148746
305,9,312.519989,-424.952454,-1443.727905,170.001297
305,10,678.539978,-136.432480,-839.054260,170.001297
305,16,464.040009,-1837.751465,-1266.432495,170.001297
306,1,282.290009,-1473.395874,-1671.883057,73.452431
306,3,377.730011,-1721.703003,-1395.149414,40.810028
306,4,531.520020,-1918.509766,-1144.612061,170.001297
306,5,253.130005,-1499.704834,-1582.813965,63.023937
306,6,285.220001,-1597.453979,-1465.379028,49.462120
306,7,235.729996,-865.125061,-1669.316284,89.376892
306,8,608.590027,-1473.773315,-562.189331,-38.148746
306,9,312.519989,-424.952454,-1443.727905,170.001297
306,10,678.539978,-136.432480,-839.054260,170.001297
306,16,464.040009,-1837.751465,-1266.432495,170.001297
307,1,282.290009,-1473.395874,-1671.883057,73.452431
307,3,377.730011,-1721.703003,-1395.149414,40.810028
307,4,531.520020,-1918.509766,-1144.612061,170.001297
307,5,253.130005,-1499.704834,-1582.813965,63.023937
307,6,285.220001,-1597.453979,-1465.379028,49.462120
307,7,235.729996,-865.125061,-1669.316284,89.376892
307,8,608.590027,-1473.773315,-562.189331,-38.148746
307,9,312.519989,-424.952454,-1443.727905,170.001297
307,10,678.539978,-136.432480,-839.054260,170.001297
307,16,464.040009,-1837.751465,-1266.432495,170.001297
308,1,282.290009,-1473.395874,-1671.883057,73.452431
308,3,377.730011,-1721.703003,-1395.149414,40.810028
308,4,531.520020,-1918.509766,-1144.612061,170.001297
308,5,253.130005,-1499.704834,-1582.813965,63.023937
308,6,285.220001,-1597.453979,-1465.379028,49.462120
308,7,235.729996,-865.125061,-1669.316284,89.376892
308,8,608.590027,-1473.773315,-562.189331,-38.148746
308,9,312.519989,-424.952454,-1443.727905,170.001297
308,10,678.539978,-136.432480,-839.054260,170.001297
308,16,464.040009,-1837.751465,-1266.432495,170.001297
309,1,282.290009,-1473.395874,-1671.883057,73.452431
309,3,377.730011,-1721.703003,-1395.149414,40.810028
309,4,531.520020,-1918.509766,-1144.612061,170.001297
309,5,253.130005,-1499.704834,-1582.813965,63.023937
309,6,285.220001,-1597.453979,-1465.379028,49.462120
309,7,235.729996,-865.125061,-1669.316284,89.376892
309,8,608.590027,-1473.773315,-562.189331,-38.148746
309,9,312.519989,-424.952454,-1443.727905,170.001297
309,10,678.539978,-136.432480,-839.054260,170.001297
309,16,464.040009,-1837.751465,-1266.432495,170.001297
310,1,282.290009,-1473.395874,-1671.883057,73.452431
310,3,377.730011,-1721.703003,-1395.149414,40.810028
310,4,531.520020,-1918.509766,-1144.612061,170.001297
310,5,253.130005,-1499.704834,-1582.813965,63.023937
310,6,285.220001,-1597.453979,-1465.379028,49.462120
310,7,235.729996,-865.125061,-1669.316284,89.376892
310,8,608.590027,-1473.773315,-562.189331,-38.148746
310,9,312.519989,-424.952454,-1443.727905,170.001297
310,10,678.539978,-136.432480,-839.054260,170.001297
310,16,464.040009,-1837.751465,-1266.432495,170.001297
311,1,282.290009,-1473.395874,-1671.883057,73.452431
311,3,377.730011,-1721.703003,-1395.149414,40.810028
311,4,531.520020,-1918.509766,-1144.612061,170.001297
311,5,253.130005,-1499.704834,-1582.813965,63.023937
311,6,285.220001,-1597.453979,-1465.379028,49.462120
311,7,235.729996,-865.125061,-1669.316284,89.376892
311,8,608.590027,-1473.773315,-562.189331,-38.148746
311,9,312.519989,-424.952454,-1443.727905,170.001297
311,10,678.539978,-136.432480,-839.054260,170.001297
311,16,464.040009,-1837.751465,-1266.432495,170.001297
312,1,282.290009,-1473.395874,-1671.883057,73.452431
312,3,377.730011,-1721.703003,-1395.149414,40.810028
312,4,531.520020,-1918.509766,-1144.612061,170.001297
312,5,253.130005,-1499.704834,-1582.813965,63.023937
312,6,285.220001,-1597.453979,-1465.379028,49.462120
312,7,235.729996,-865.125061,-1669.316284,89.376892
312,8,608.590027,-1473.773315,-562.189331,-38.148746
312,9,312.519989,-424.952454,-1443.727905,170.001297
312,10,678.539978,-136.432480,-839.054260,170.001297
312,16,464.040009,-1837.751465,-1266.432495,170.001297
313,1,274.119995,-1531.963989,-1712.440063,66.237038
313,3,396.470001,-1800.379150,-1441.824341,24.390873
313,4,604.260010,-2050.274902,-1184.879150,159.991592
313,5,250.529999,-1560.527100,-1627.759766,54.113049
313,6,291.119995,-1664.030518,-1513.128418,36.958973
313,7,186.740005,-950.625977,-1680.380371,96.122757
313,8,682.840027,-1560.843018,-547.084595,-73.553444
313,9,237.059998,-560.568787,-1483.872803,159.991592
313,10,507.589996,-343.408508,-978.087585,159.991592
313,11,649.780029,-279.844879,-796.214905,159.991592
313,13,441.910004,-1650.114136,-1845.048828,83.254730
313,14,721.719971,-2135.032471,-1490.645020,34.666241
313,15,309.279999,-1439.063110,-1846.348999,159.991592
313,16,508.059998,-1940.713989,-1319.684326,159.991592
314,1,274.119995,-1531.963989,-1712.440063,66.237038
314,3,396.470001,-1800.379150,-1441.824341,24.390873
314,4,604.260010,-2050.274902,-1184.879150,159.991592
314,5,250.529999,-1560.527100,-1627.759766,54.113049
314,6,291.119995,-1664.030518,-1513.128418,36.958973
314,7,186.740005,-950.625977,-1680.380371,96.122757
314,8,682.840027,-1560.843018,-547.084595,-73.553444
314,9,237.059998,-560.568787,-1483.872803,159.991592
314,10,507.589996,-343.408508,-978.087585,159.991592
314,11,649.780029,-279.844879,-796.214905,159.991592
314,13,441.910004,-1650.114136,-1845.048828,83.254730
314,14,721.719971,-2135.032471,-1490.645020,34.666241
314,15,309.279999,-1439.063110,-1846.348999,159.991592
314,16,508.059998,-1940.713989,-1319.684326,159.991592
315,1,274.119995,-1531.963989,-1712.440063,66.237038
315,3,396.470001,-1800.379150,-1441.824341,24.390873
315,4,604.260010,-2050.274902,-1184.879150,159.991592
315,5,250.529999,-1560.527100,-1627.759766,54.113049
315,6,291.119995,-1664.030518,-1513.128418,36.958973
315,7,186.740005,-950.625977,-1680.380371,96.122757
315,8,682.840027,-1560.843018,-547.084595,-73.553444
315,9,237.059998,-560.568787,-1483.872803,159.991592
315,10,507.589996,-343.408508,-978.087585,159.991592
315,11,649.780029,-279.844879,-796.214905,159.991592
315,13,441.910004,-1650.114136,-1845.048828,83.254730
315,14,721.719971,-2135.032471,-1490.645020,34.666241
315,15,309.279999,-1439.063110,-1846.348999,159.991592
315,16,508.059998,-1940.713989,-1319.684326,159.991592
316,1,274.119995,-1531.963989,-1712.440063,66.237038
316,3,396.470001,-1800.379150,-1441.824341,24.390873
316,4,604.260010,-2050.274902,-1184.879150,159.991592
316,5,250.529999,-1560.527100,-1627.759766,54.113049
316,6,291.119995,-1664.030518,-1513.128418,36.958973
316,7,186.740005,-950.625977,-1680.380371,96.122757
316,8,682.840027,-1560.843018,-547.084595,-73.553444
316,9,237.059998,-560.568787,-1483.872803,159.991592
316,10,507.589996,-343.408508,-978.087585,159.991592
316,11,649.780029,-279.844879,-796.214905,159.991592
316,13,441.910004,-1650.114136,-1845.048828,83.254730
316,14,721.719971,-2135.032471,-1490.645020,34.666241
316,15,309.279999,-1439.063110,-1846.348999,159.991592
316,16,508.059998,-1940.713989,-1319.684326,159.991592
317,1,274.119995,-1531.963989,-1712.440063,66.237038
317,3,396.470001,-1800.379150,-1441.824341,24.390873
317,4,604.260010,-2050.274902,-1184.879150,159.991592
317,5,250.529999,-1560.527100,-1627.759766,54.113049
317,6,291.119995,-1664.030518,-1513.128418,36.958973
317,7,186.740005,-950.625977,-1680.380371,96.122757
317,8,682.840027,-1560.843018,-547.084595,-73.553444
317,9,237.059998,-560.568787,-1483.872803,159.991592
317,10,507.589996,-343.408508,-978.087585,159.991592
317,11,649.780029,-279.844879,-796.214905,159.991592
317,13,441.910004,-1650.114136,-1845.048828,83.254730
317,14,721.719971,-2135.032471,-1490.645020,34.666241
317,15,309.279999,-1439.063110,-1846.348999,159.991592
317,16,508.059998,-1940.713989,-1319.684326,159.991592
318,1,274.119995,-1531.963989,-1712.440063,66.237038
318,3,396.470001,-1800.379150,-1441.824341,24.390873
318,4,604.260010,-2050.274902,-1184.879150,159.991592
318,5,250.529999,-1560.527100,-1627.759766,54.113049
318,6,291.119995,-1664.030518,-1513.128418,36.958973
318,7,186.740005,-950.625977,-1680.380371,96.122757
318,8,682.840027,-1560.843018,-547.084595,-73.553444
318,9,237.059998,-560.568787,-1483.872803,159.991592
318,10,507.589996,-343.408508,-978.087585,159.991592
318,11,649.780029,-279.844879,-796.214905,159.991592
318,13,441.910004,-1650.114136,-1845.048828,83.254730
318,14,721.719971,-2135.032471,-1490.645020,34.666241
318,15,309.279999,-1439.063110,-1846.348999,159.991592
318,16,508.059998,-1940.713989,-1319.684326,159.991592
319,1,274.119995,-1531.963989,-1712.440063,66.237038
319,3,396.470001,-1800.379150,-1441.824341,24.390873
319,4,604.260010,-2050.274902,-1184.879150,159.991592
319,5,250.529999,-1560.527100,-1627.759766,54.113049
319,6,291.119995,-1664.030518,-1513.128418,36.958973
319,7,186.740005,-950.625977,-1680.380371,96.122757
319,8,682.840027,-1560.843018,-547.084595,-73.553444
319,9,237.059998,-560.568787,-1483.872803,159.991592
319,10,507.589996,-343.408508,-978.087585,159.991592
319,11,649.780029,-279.844879,-796.214905,159.991592
319,13,441.910004,-1650.114136,-1845.048828,83.254730
319,14,721.719971,-2135.032471,-1490.645020,34.666241
319,15,309.279999,-1439.063110,-1846.348999,159.991592
319,16,508.059998,-1940.713989,-1319.684326,159.991592
320,1,274.119995,-1531.963989,-1712.440063,66.237038
320,3,396.470001,-1800.379150,-1441.824341,24.390873
320,4,604.260010,-2050.274902,-1184.879150,159.991592
320,5,250.529999,-1560.527100,-1627.759766,54.113049
320,6,291.119995,-1664.030518,-1513.128418,36.958973
320,7,186.740005,-950.625977,-1680.380371,96.122757
320,8,682.840027,-1560.843018,-547.084595,-73.553444
320,9,237.059998,-560.568787,-1483.872803,159.991592
320,10,507.589996,-343.408508,-978.087585,159.991592
320,11,649.780029,-279.844879,-796.214905,159.991592
320,13,441.910004,-1650.114136,-1845.048828,83.254730
320,14,721.719971,-2135.032471,-1490.645020,34.666241
320,15,309.279999,-1439.063110,-1846.348999,159.991592
320,16,508.059998,-1940.713989,-1319.684326,159.991592
321,1,274.119995,-1531.963989,-1712.440063,66.237038
321,3,396.470001,-1800.379150,-1441.824341,24.390873
321,4,604.260010,-2050.274902,-1184.879150,159.991592
321,5,250.529999,-1560.527100,-1627.759766,54.113049
321,6,291.119995,-1664.030518,-1513.128418,36.958973
321,7,186.740005,-950.625977,-1680.380371,96.122757
321,8,682.840027,-1560.843018,-547.084595,-73.553444
321,9,237.059998,-560.568787,-1483.872803,159.991592
321,10,507.589996,-343.408508,-978.087585,159.991592
321,11,649.780029,-279.844879,-796.214905,159.991592
321,13,441.910004,-1650.114136,-1845.048828,83.254730
321,14,721.719971,-2135.032471,-1490.645020,34.666241
321,15,309.279999,-1439.063110,-1846.348999,159.991592
321,16,508.059998,-1940.713989,-1319.684326,159.991592
322,1,274.119995,-1531.963989,-1712.440063,66.237038
322,3,396.470001,-1800.379150,-1441.824341,24.390873
322,4,604.260010,-2050.274902,-1184.879150,159.991592
322,5,250.529999,-1560.527100,-1627.759766,54.113049
322,6,291.119995,-1664.030518,-1513.128418,36.958973
322,7,186.740005,-950.625977,-1680.380371,96.122757
322,8,682.840027,-1560.843018,-547.084595,-73.553444
322,9,237.059998,-560.568787,-1483.872803,159.991592
322,10,507.589996,-343.408508,-978.087585,159.991592
322,11,649.780029,-279.844879,-796.214905,159.991592
322,13,441.910004,-1650.114136,-1845.048828,83.254730
322,14,721.719971,-2135.032471,-1490.645020,34.666241
322,15,309.279999,-1439.063110,-1846.348999,159.991592
322,16,508.059998,-1940.713989,-1319.684326,159.991592
323,1,303.290009,-1615.531250,-1708.237305,56.260307
323,3,439.230011,-1863.510254,-1385.812622,9.766088
323,4,715.130005,-2144.855469,-1078.188965,159.991592
323,5,274.929993,-1632.036987,-1610.377563,43.801163
323,6,317.450012,-1720.442017,-1483.218018,25.831429
323,7,187.289993,-1014.249451,-1739.102661,95.934647
323,8,651.320007,-1452.765381,-559.968445,-62.772961
323,9,226.869995,-610.664856,-1594.168579,159.991592
323,10,253.750000,-554.368164,-1214.930908,159.991592
323,11,367.220001,-493.329132,-1053.531738,159.991592
323,13,496.809998,-1771.085327,-1840.624146,73.721451
323,14,857.219971,-2294.955322,-1388.824707,11.136914
323,15,485.779999,-1664.912720,-1938.121704,159.991592
323,16,596.669983,-2033.762085,-1253.601929,159.991592
324,1,303.290009,-1615.531250,-1708.237305,56.260307
324,3,439.230011,-1863.510254,-1385.812622,9.766088
324,4,715.130005,-2144.855469,-1078.188965,159.991592
324,5,274.929993,-1632.036987,-1610.377563,43.801163
324,6,317.450012,-1720.442017,-1483.218018,25.831429
324,7,187.289993,-1014.249451,-1739.102661,95.934647
324,8,651.320007,-1452.765381,-559.968445,-62.772961
324,9,226.869995,-610.664856,-1594.168579,159.991592
324,10,253.750000,-554.368164,-1214.930908,159.991592
324,11,367.220001,-493.329132,-1053.531738,159.991592
324,13,496.809998,-1771.085327,-1840.624146,73.721451
324,14,857.219971,-2294.955322,-1388.824707,11.136914
324,15,485.779999,-1664.912720,-1938.121704,159.991592
324,16,596.669983,-2033.762085,-1253.601929,159.991592
325,1,303.290009,-1615.531250,-1708.237305,56.260307
325,3,439.230011,-1863.510254,-1385.812622,9.766088
325,4,715.130005,-2144.855469,-1078.188965,159.991592
325,5,274.929993,-1632.036987,-1610.377563,43.801163
325,6,317.450012,-1720.442017,-1483.218018,25.831429
325,7,187.289993,-1014.249451,-1739.102661,95.934647
325,8,651.320007,-1452.765381,-559.968445,-62.772961
325,9,226.869995,-610.664856,-1594.168579,159.991592
325,10,253.750000,-554.368164,-1214.930908,159.991592
325,11,367.220001,-493.329132,-1053.531738,159.991592
325,13,496.809998,-1771.085327,-1840.624146,73.721451
325,14,857.219971,-2294.955322,-1388.824707,11.136914
325,15,485.779999,-1664.912720,-1938.121704,159.991592
325,16,596.669983,-2033.762085,-1253.601929,159.991592
326,1,303.290009,-1615.531250,-1708.237305,56.260307
326,3,439.230011,-1863.510254,-1385.812622,9.766088
326,4,715.130005,-2144.855469,-1078.188965,159.991592
326,5,274.929993,-1632.036987,-1610.377563,43.801163
326,6,317.450012,-1720.442017,-1483.218018,25.831429
326,7,187.289993,-1014.249451,-1739.102661,95.934647
326,8,651.320007,-1452.765381,-559.968445,-62.772961
326,9,226.869995,-610.664856,-1594.168579,159.991592
326,10,253.750000,-554.368164,-1214.930908,159.991592
326,11,367.220001,-493.329132,-1053.531738,159.991592
326,13,496.809998,-1771.085327,-1840.624146,73.721451
326,14,857.219971,-2294.955322,-1388.824707,11.136914
326,15,485.779999,-1664.912720,-1938.121704,159.991592
326,16,596.669983,-2033.762085,-1253.601929,159.991592
327,1,303.290009,-1615.531250,-1708.237305,56.260307
327,3,439.230011,-1863.510254,-1385.812622,9.766088
327,4,715.130005,-2144.855469,-1078.188965,159.991592
327,5,274.929993,-1632.036987,-1610.377563,43.801163
327,6,317.450012,-1720.442017,-1483.218018,25.831429
327,7,187.289993,-1014.249451,-1739.102661,95.934647
327,8,651.320007,-1452.765381,-559.968445,-62.772961
327,9,226.869995,-610.664856,-1594.168579,159.991592
327,10,253.750000,-554.368164,-1214.930908,159.991592
327,11,367.220001,-493.329132,-1053.531738,159.991592
327,13,496.809998,-1771.085327,-1840.624146,73.721451
327,14,857.219971,-2294.955322,-1388.824707,11.136914
327,15,485.779999,-1664.912720,-1938.121704,159.991592
327,16,596.669983,-2033.762085,-1253.601929,159.991592
328,1,303.290009,-1615.531250,-1708.237305,56.260307
328,3,439.230011,-1863.510254,-1385.812622,9.766088
328,4,715.130005,-2144.855469,-1078.188965,159.991592
328,5,274.929993,-1632.036987,-1610.377563,43.801163
328,6,317.450012,-1720.442017,-1483.218018,25.831429
328,7,187.289993,-1014.249451,-1739.102661,95.934647
328,8,651.320007,-1452.765381,-559.968445,-62.772961
328,9,226.869995,-610.664856,-1594.168579,159.991592
328,10,253.750000,-554.368164,-1214.930908,159.991592
328,11,367.220001,-493.329132,-1053.531738,159.991592
328,13,496.809998,-1771.085327,-1840.624146,73.721451
328,14,857.219971,-2294.955322,-1388.824707,11.136914
328,15,485.779999,-1664.912720,-1938.121704,159.991592
328,16,596.669983,-2033.762085,-1253.601929,159.991592
329,1,303.290009,-1615.531250,-1708.237305,56.260307
329,3,439.230011,-1863.510254,-1385.812622,9.766088
329,4,715.130005,-2144.855469,-1078.188965,159.991592
329,5,274.929993,-1632.036987,-1610.377563,43.801163
329,6,317.450012,-1720.442017,-1483.218018,25.831429
329,7,187.289993,-1014.249451,-1739.102661,95.934647
329,8,651.320007,-1452.765381,-559.968445,-62.772961
329,9,226.869995,-610.664856,-1594.168579,159.991592
329,10,253.750000,-554.368164,-1214.930908,159.991592
329,11,367.220001,-493.329132,-1053.531738,159.991592
329,13,496.809998,-1771.085327,-1840.624146,73.721451
329,14,857.219971,-2294.955322,-1388.824707,11.136914
329,15,485.779999,-1664.912720,-1938.121704,159.991592
329,16,596.669983,-2033.762085,-1253.601929,159.991592
330,1,303.290009,-1615.531250,-1708.237305,56.260307
330,3,439.230011,-1863.510254,-1385.812622,9.766088
330,4,715.130005,-2144.855469,-1078.188965,159.991592
330,5,274.929993,-1632.036987,-1610.377563,43.801163
330,6,317.450012,-1720.442017,-1483.218018,25.831429
330,7,187.289993,-1014.249451,-1739.102661,95.934647
330,8,651.320007,-1452.765381,-559.968445,-62.772961
330,9,226.869995,-610.664856,-1594.168579,159.991592
330,10,253.750000,-554.368164,-1214.930908,159.991592
330,11,367.220001,-493.329132,-1053.531738,159.991592
330,13,496.809998,-1771.085327,-1840.624146,73.721451
330,14,857.219971,-2294.955322,-1388.824707,11.136914
330,15,485.779999,-1664.912720,-1938.121704,159.991592
330,16,596.669983,-2033.762085,-1253.601929,159.991592
331,1,303.290009,-1615.531250,-1708.237305,56.260307
331,3,439.230011,-1863.510254,-1385.812622,9.766088
331,4,715.130005,-2144.855469,-1078.188965,159.991592
331,5,274.929993,-1632.036987,-1610.377563,43.801163
331,6,317.450012,-1720.442017,-1483.218018,25.831429
331,7,187.289993,-1014.249451,-1739.102661,95.934647
331,8,651.320007,-1452.765381,-559.968445,-62.772961
331,9,226.869995,-610.664856,-1594.168579,159.991592
331,10,253.750000,-554.368164,-1214.930908,159.991592
331,11,367.220001,-493.329132,-1053.531738,159.991592
331,13,496.809998,-1771.085327,-1840.624146,73.721451
331,14,857.219971,-2294.955322,-1388.824707,11.136914
331,15,485.779999,-1664.912720,-1938.121704,159.991592
331,16,596.669983,-2033.762085,-1253.601929,159.991592
332,1,303.290009,-1615.531250,-1708.237305,56.260307
332,3,439.230011,-1863.510254,-1385.812622,9.766088
332,4,715.130005,-2144.855469,-1078.188965,159.991592
332,5,274.929993,-1632.036987,-1610.377563,43.801163
332,6,317.450012,-1720.442017,-1483.218018,25.831429
332,7,187.289993,-1014.249451,-1739.102661,95.934647
332,8,651.320007,-1452.765381,-559.968445,-62.772961
332,9,226.869995,-610.664856,-1594.168579,159.991592
332,10,253.750000,-554.368164,-1214.930908,159.991592
332,11,367.220001,-493.329132,-1053.531738,159.991592
332,13,496.809998,-1771.085327,-1840.624146,73.721451
332,14,857.219971,-2294.955322,-1388.824707,11.136914
332,15,485.779999,-1664.912720,-1938.121704,159.991592
332,16,596.669983,-2033.762085,-1253.601929,159.991592
333,1,303.290009,-1615.531250,-1708.237305,56.260307
333,3,439.230011,-1863.510254,-1385.812622,9.766088
333,4,715.130005,-2144.855469,-1078.188965,159.991592
333,5,274.929993,-1632.036987,-1610.377563,43.801163
333,6,317.450012,-1720.442017,-1483.218018,25.831429
333,7,187.289993,-1014.249451,-1739.102661,95.934647
333,8,651.320007,-1452.765381,-559.968445,-62.772961
333,9,226.869995,-610.664856,-1594.168579,159.991592
333,10,253.750000,-554.368164,-1214.930908,159.991592
333,11,367.220001,-493.329132,-1053.531738,159.991592
333,13,496.809998,-1771.085327,-1840.624146,73.721451
333,14,857.219971,-2294.955322,-1388.824707,11.136914
333,15,485.779999,-1664.912720,-1938.121704,159.991592
333,16,596.669983,-2033.762085,-1253.601929,159.991592
334,1,303.290009,-1615.531250,-1708.237305,56.260307
334,3,439.230011,-1863.510254,-1385.812622,9.766088
334,4,715.130005,-2144.855469,-1078.188965,159.991592
334,5,274.929993,-1632.036987,-1610.377563,43.801163
334,6,317.450012,-1720.442017,-1483.218018,25.831429
334,7,187.289993,-1014.249451,-1739.102661,95.934647
334,8,651.320007,-1452.765381,-559.968445,-62.772961
334,9,226.869995,-610.664856,-1594.168579,159.991592
334,10,253.750000,-554.368164,-1214.930908,159.991592
334,11,367.220001,-493.329132,-1053.531738,159.991592
334,13,496.809998,-1771.085327,-1840.624146,73.721451
334,14,857.219971,-2294.955322,-1388.824707,11.136914
334,15,485.779999,-1664.912720,-1938.121704,159.991592
334,16,596.669983,-2033.762085,-1253.601929,159.991592
335,1,341.079987,-1672.980957,-1722.440430,33.337772
335,3,510.070007,-1941.406616,-1362.422241,-24.460217
335,4,950.659973,-2368.978027,-991.389404,149.994003
335,5,308.320007,-1684.814941,-1611.311279,19.692335
335,6,356.730011,-1771.310669,-1481.144287,-0.766617
335,7,180.009995,-1048.034424,-1757.726440,88.426956
335,8,652.669983,-1420.485596,-561.923645,-73.232285
335,9,202.889999,-657.290771,-1632.107300,149.994003
335,10,81.529999,-722.874207,-1316.936890,149.994003
335,11,175.970001,-671.365356,-1164.733887,149.994003
335,16,773.590027,-2214.543213,-1231.433960,149.994003
336,1,341.079987,-1672.980957,-1722.440430,33.337772
336,3,510.070007,-1941.406616,-1362.422241,-24.460217
336,4,950.659973,-2368.978027,-991.389404,149.994003
336,5,308.320007,-1684.814941,-1611.311279,19.692335
336,6,356.730011,-1771.310669,-1481.144287,-0.766617
336,7,180.009995,-1048.034424,-1757.726440,88.426956
336,8,652.669983,-1420.485596,-561.923645,-73.232285
336,9,202.889999,-657.290771,-1632.107300,149.994003
336,10,81.529999,-722.874207,-1316.936890,149.994003
336,11,175.970001,-671.365356,-1164.733887,149.994003
336,16,773.590027,-2214.543213,-1231.433960,149.994003
337,1,341.079987,-1672.980957,-1722.440430,33.337772
337,3,510.070007,-1941.406616,-1362.422241,-24.460217
337,4,950.659973,-2368.978027,-991.389404,149.994003
337,5,308.320007,-1684.814941,-1611.311279,19.692335
337,6,356.730011,-1771.310669,-1481.144287,-0.766617
337,7,180.009995,-1048.034424,-1757.726440,88.426956
337,8,652.669983,-1420.485596,-561.923645,-73.232285
337,9,202.889999,-657.290771,-1632.107300,149.994003
337,10,81.529999,-722.874207,-1316.936890,149.994003
337,11,175.970001,-671.365356,-1164.733887,149.994003
337,16,773.590027,-2214.543213,-1231.433960,149.994003
338,1,341.079987,-1672.980957,-1722.440430,33.337772
338,3,510.070007,-1941.406616,-1362.422241,-24.460217
338,4,950.659973,-2368.978027,-991.389404,149.994003
338,5,308.320007,-1684.814941,-1611.311279,19.692335
338,6,356.730011,-1771.310669,-1481.144287,-0.766617
338,7,180.009995,-1048.034424,-1757.726440,88.426956
338,8,652.669983,-1420.485596,-561.923645,-73.232285
338,9,202.889999,-657.290771,-1632.107300,149.994003
338,10,81.529999,-722.874207,-1316.936890,149.994003
338,11,175.970001,-671.365356,-1164.733887,149.994003
338,16,773.590027,-2214.543213,-1231.433960,149.994003
339,1,341.079987,-1672.980957,-1722.440430,33.337772
339,3,510.070007,-1941.406616,-1362.422241,-24.460217
339,4,950.659973,-2368.978027,-991.389404,149.994003
339,5,308.320007,-1684.814941,-1611.311279,19.692335
339,6,356.730011,-1771.310669,-1481.144287,-0.766617
339,7,180.009995,-1048.034424,-1757.726440,88.426956
339,8,652.669983,-1420.485596,-561.923645,-73.232285
339,9,202.889999,-657.290771,-1632.107300,149.994003
339,10,81.529999,-722.874207,-1316.936890,149.994003
339,11,175.970001,-671.365356,-1164.733887,149.994003
339,16,773.590027,-2214.543213,-1231.433960,149.994003
340,1,341.079987,-1672.980957,-1722.440430,33.337772
340,3,510.070007,-1941.406616,-1362.422241,-24.460217
340,4,950.659973,-2368.978027,-991.389404,149.994003
340,5,308.320007,-1684.814941,-1611.311279,19.692335
340,6,356.730011,-1771.310669,-1481.144287,-0.766617
340,7,180.009995,-1048.034424,-1757.726440,88.426956
340,8,652.669983,-1420.485596,-561.923645,-73.232285
340,9,202.889999,-657.290771,-1632.107300,149.994003
340,10,81.529999,-722.874207,-1316.936890,149.994003
340,11,175.970001,-671.365356,-1164.733887,149.994003
340,16,773.590027,-2214.543213,-1231.433960,149.994003
341,1,341.079987,-1672.980957,-1722.440430,33.337772
341,3,510.070007,-1941.406616,-1362.422241,-24.460217
341,4,950.659973,-2368.978027,-991.389404,149.994003
341,5,308.320007,-1684.814941,-1611.311279,19.692335
341,6,356.730011,-1771.310669,-1481.144287,-0.766617
341,7,180.009995,-1048.034424,-1757.726440,88.426956
341,8,652.669983,-1420.485596,-561.923645,-73.232285
341,9,202.889999,-657.290771,-1632.107300,149.994003
341,10,81.529999,-722.874207,-1316.936890,149.994003
341,11,175.970001,-671.365356,-1164.733887,149.994003
341,16,773.590027,-2214.543213,-1231.433960,149.994003
342,1,341.079987,-1672.980957,-1722.440430,33.337772
342,3,510.070007,-1941.406616,-1362.422241,-24.460217
342,4,950.659973,-2368.978027,-991.389404,149.994003
342,5,308.320007,-1684.814941,-1611.311279,19.692335
342,6,356.730011,-1771.310669,-1481.144287,-0.766617
342,7,180.009995,-1048.034424,-1757.726440,88.426956
342,8,652.669983,-1420.485596,-561.923645,-73.232285
342,9,202.889999,-657.290771,-1632.107300,149.994003
342,10,81.529999,-722.874207,-1316.936890,149.994003
342,11,175.970001,-671.365356,-1164.733887,149.994003
342,16,773.590027,-2214.543213,-1231.433960,149.994003
343,1,341.079987,-1672.980957,-1722.440430,33.337772
343,3,510.070007,-1941.406616,-1362.422241,-24.460217
343,4,950.659973,-2368.978027,-991.389404,149.994003
343,5,308.320007,-1684.814941,-1611.311279,19.692335
343,6,356.730011,-1771.310669,-1481.144287,-0.766617
343,7,180.009995,-1048.034424,-1757.726440,88.426956
343,8,652.669983,-1420.485596,-561.923645,-73.232285
343,9,202.889999,-657.290771,-1632.107300,149.994003
343,10,81.529999,-722.874207,-1316.936890,149.994003
343,11,175.970001,-671.365356,-1164.733887,149.994003
343,16,773.590027,-2214.543213,-1231.433960,149.994003
344,1,341.079987,-1672.980957,-1722.440430,33.337772
344,3,510.070007,-1941.406616,-1362.422241,-24.460217
344,4,950.659973,-2368.978027,-991.389404,149.994003
344,5,308.320007,-1684.814941,-1611.311279,19.692335
344,6,356.730011,-1771.310669,-1481.144287,-0.766617
344,7,180.009995,-1048.034424,-1757.726440,88.426956
344,8,652.669983,-1420.485596,-561.923645,-73.232285
344,9,202.889999,-657.290771,-1632.107300,149.994003
344,10,81.529999,-722.874207,-1316.936890,149.994003
344,11,175.970001,-671.365356,-1164.733887,149.994003
344,16,773.590027,-2214.543213,-1231.433960,149.994003
345,1,341.079987,-1672.980957,-1722.440430,33.337772
345,3,510.070007,-1941.406616,-1362.422241,-24.460217
345,4,950.659973,-2368.978027,-991.389404,149.994003
345,5,308.320007,-1684.814941,-1611.311279,19.692335
345,6,356.730011,-1771.310669,-1481.144287,-0.766617
345,7,180.009995,-1048.034424,-1757.726440,88.426956
345,8,652.669983,-1420.485596,-561.923645,-73.232285
345,9,202.889999,-657.290771,-1632.107300,149.994003
345,10,81.529999,-722.874207,-1316.936890,149.994003
345,11,175.970001,-671.365356,-1164.733887,149.994003
345,16,773.590027,-2214.543213,-1231.433960,149.994003
346,1,330.540009,-1669.417480,-1709.874878,36.942657
346,3,517.429993,-1948.280029,-1352.099121,-26.977480
346,5,303.899994,-1684.005371,-1603.370117,21.560312
346,6,357.540009,-1773.446899,-1473.510254,-1.108937
346,7,177.889999,-1053.469238,-1756.789429,89.152039
346,8,747.260010,-1436.107666,-473.253632,-105.583977
346,9,200.240005,-663.082947,-1636.810059,149.994003
346,10,122.459999,-683.154846,-1310.221191,149.994003
346,11,235.399994,-612.061340,-1153.373657,149.994003
346,13,547.000000,-1852.527222,-1845.864136,55.008446
346,16,794.489990,-2233.783691,-1218.777344,149.994003
