sample_idx,sensor_idx,distance_cm,x_cm,y_cm,z_cm,pose_x_cm,pose_y_cm,pose_z_cm,heading_deg
0,1,638.460022,2498.404297,-821.063416,-198.364883,1619.970703,-509.960999,20.001301,-37.000000
0,3,602.739990,2142.869385,-1240.463379,-186.147919,1619.970703,-509.960999,20.001301,-37.000000
0,5,487.859985,2277.781006,-911.746521,-186.177246,1619.970703,-509.960999,20.001301,-37.000000
0,6,483.720001,2184.512207,-1029.283813,-184.427612,1619.970703,-509.960999,20.001301,-37.000000
0,7,405.670013,2022.757568,-41.910313,-118.746017,1619.970703,-509.960999,20.001301,-37.000000
0,8,405.299988,1281.283936,-1025.879150,-118.619461,1619.970703,-509.960999,20.001301,-37.000000
0,9,725.619995,1447.525146,542.083191,20.001301,1619.970703,-509.960999,20.001301,-37.000000
0,10,202.860001,1250.541382,-131.405151,20.001301,1619.970703,-509.960999,20.001301,-37.000000
0,11,198.970001,1175.412109,-237.568832,20.001301,1619.970703,-509.960999,20.001301,-37.000000
0,12,599.679993,720.015686,-583.662231,20.001301,1619.970703,-509.960999,20.001301,-37.000000
1,1,638.460022,2498.404297,-821.063416,-198.364883,1619.970703,-509.960999,20.001301,-37.000000
1,3,602.739990,2142.869385,-1240.463379,-186.147919,1619.970703,-509.960999,20.001301,-37.000000
1,5,487.859985,2277.781006,-911.746521,-186.177246,1619.970703,-509.960999,20.001301,-37.000000
1,6,483.720001,2184.512207,-1029.283813,-184.427612,1619.970703,-509.960999,20.001301,-37.000000
1,7,405.670013,2022.757568,-41.910313,-118.746017,1619.970703,-509.960999,20.001301,-37.000000
1,8,405.299988,1281.283936,-1025.879150,-118.619461,1619.970703,-509.960999,20.001301,-37.000000
1,9,725.619995,1447.525146,542.083191,20.001301,1619.970703,-509.960999,20.001301,-37.000000
1,10,202.860001,1250.541382,-131.405151,20.001301,1619.970703,-509.960999,20.001301,-37.000000
1,11,198.970001,1175.412109,-237.568832,20.001301,1619.970703,-509.960999,20.001301,-37.000000
1,12,599.679993,720.015686,-583.662231,20.001301,1619.970703,-509.960999,20.001301,-37.000000
2,1,588.130005,2500.017334,-845.925110,-181.151001,1669.970703,-539.941528,20.001301,-37.599998
2,3,553.270020,2160.282227,-1236.629639,-169.228195,1669.970703,-539.941528,20.001301,-37.599998
2,5,454.149994,2299.331787,-929.952515,-171.930786,1669.970703,-539.941528,20.001301,-37.599998
2,6,449.559998,2204.514160,-1046.257812,-169.990967,1669.970703,-539.941528,20.001301,-37.599998
2,7,408.660004,2079.351074,-73.908287,-119.768654,1669.970703,-539.941528,20.001301,-37.599998
2,8,400.260010,1328.789551,-1048.532471,-116.895683,1669.970703,-539.941528,20.001301,-37.599998
2,9,698.190002,1514.441528,487.060730,20.001301,1669.970703,-539.941528,20.001301,-37.599998
2,10,256.440002,1262.074829,-124.846260,20.001301,1669.970703,-539.941528,20.001301,-37.599998
2,11,251.089996,1186.994751,-231.108200,20.001301,1669.970703,-539.941528,20.001301,-37.599998
2,12,651.469971,717.548706,-606.383301,20.001301,1669.970703,-539.941528,20.001301,-37.599998
3,1,588.130005,2500.017334,-845.925110,-181.151001,1669.970703,-539.941528,20.001301,-37.599998
3,3,553.270020,2160.282227,-1236.629639,-169.228195,1669.970703,-539.941528,20.001301,-37.599998
3,5,454.149994,2299.331787,-929.952515,-171.930786,1669.970703,-539.941528,20.001301,-37.599998
3,6,449.559998,2204.514160,-1046.257812,-169.990967,1669.970703,-539.941528,20.001301,-37.599998
3,7,408.660004,2079.351074,-73.908287,-119.768654,1669.970703,-539.941528,20.001301,-37.599998
3,8,400.260010,1328.789551,-1048.532471,-116.895683,1669.970703,-539.941528,20.001301,-37.599998
3,9,698.190002,1514.441528,487.060730,20.001301,1669.970703,-539.941528,20.001301,-37.599998
3,10,256.440002,1262.074829,-124.846260,20.001301,1669.970703,-539.941528,20.001301,-37.599998
3,11,251.089996,1186.994751,-231.108200,20.001301,1669.970703,-539.941528,20.001301,-37.599998
3,12,651.469971,717.548706,-606.383301,20.001301,1669.970703,-539.941528,20.001301,-37.599998
4,1,588.130005,2500.017334,-845.925110,-181.151001,1669.970703,-539.941528,20.001301,-37.599998
4,3,553.270020,2160.282227,-1236.629639,-169.228195,1669.970703,-539.941528,20.001301,-37.599998
4,5,454.149994,2299.331787,-929.952515,-171.930786,1669.970703,-539.941528,20.001301,-37.599998
4,6,449.559998,2204.514160,-1046.257812,-169.990967,1669.970703,-539.941528,20.001301,-37.599998
4,7,408.660004,2079.351074,-73.908287,-119.768654,1669.970703,-539.941528,20.001301,-37.599998
4,8,400.260010,1328.789551,-1048.532471,-116.895683,1669.970703,-539.941528,20.001301,-37.599998
4,9,698.190002,1514.441528,487.060730,20.001301,1669.970703,-539.941528,20.001301,-37.599998
4,10,256.440002,1262.074829,-124.846260,20.001301,1669.970703,-539.941528,20.001301,-37.599998
4,11,251.089996,1186.994751,-231.108200,20.001301,1669.970703,-539.941528,20.001301,-37.599998
4,12,651.469971,717.548706,-606.383301,20.001301,1669.970703,-539.941528,20.001301,-37.599998
5,1,588.130005,2500.017334,-845.925110,-181.151001,1669.970703,-539.941528,20.001301,-37.599998
5,3,553.270020,2160.282227,-1236.629639,-169.228195,1669.970703,-539.941528,20.001301,-37.599998
5,5,454.149994,2299.331787,-929.952515,-171.930786,1669.970703,-539.941528,20.001301,-37.599998
5,6,449.559998,2204.514160,-1046.257812,-169.990967,1669.970703,-539.941528,20.001301,-37.599998
5,7,408.660004,2079.351074,-73.908287,-119.768654,1669.970703,-539.941528,20.001301,-37.599998
5,8,400.260010,1328.789551,-1048.532471,-116.895683,1669.970703,-539.941528,20.001301,-37.599998
5,9,698.190002,1514.441528,487.060730,20.001301,1669.970703,-539.941528,20.001301,-37.599998
5,10,256.440002,1262.074829,-124.846260,20.001301,1669.970703,-539.941528,20.001301,-37.599998
5,11,251.089996,1186.994751,-231.108200,20.001301,1669.970703,-539.941528,20.001301,-37.599998
5,12,651.469971,717.548706,-606.383301,20.001301,1669.970703,-539.941528,20.001301,-37.599998
6,1,588.130005,2500.017334,-845.925110,-181.151001,1669.970703,-539.941528,20.001301,-37.599998
6,3,553.270020,2160.282227,-1236.629639,-169.228195,1669.970703,-539.941528,20.001301,-37.599998
6,5,454.149994,2299.331787,-929.952515,-171.930786,1669.970703,-539.941528,20.001301,-37.599998
6,6,449.559998,2204.514160,-1046.257812,-169.990967,1669.970703,-539.941528,20.001301,-37.599998
6,7,408.660004,2079.351074,-73.908287,-119.768654,1669.970703,-539.941528,20.001301,-37.599998
6,8,400.260010,1328.789551,-1048.532471,-116.895683,1669.970703,-539.941528,20.001301,-37.599998
6,9,698.190002,1514.441528,487.060730,20.001301,1669.970703,-539.941528,20.001301,-37.599998
6,10,256.440002,1262.074829,-124.846260,20.001301,1669.970703,-539.941528,20.001301,-37.599998
6,11,251.089996,1186.994751,-231.108200,20.001301,1669.970703,-539.941528,20.001301,-37.599998
6,12,651.469971,717.548706,-606.383301,20.001301,1669.970703,-539.941528,20.001301,-37.599998
7,1,588.130005,2500.017334,-845.925110,-181.151001,1669.970703,-539.941528,20.001301,-37.599998
7,3,553.270020,2160.282227,-1236.629639,-169.228195,1669.970703,-539.941528,20.001301,-37.599998
7,5,454.149994,2299.331787,-929.952515,-171.930786,1669.970703,-539.941528,20.001301,-37.599998
7,6,449.559998,2204.514160,-1046.257812,-169.990967,1669.970703,-539.941528,20.001301,-37.599998
7,7,408.660004,2079.351074,-73.908287,-119.768654,1669.970703,-539.941528,20.001301,-37.599998
7,8,400.260010,1328.789551,-1048.532471,-116.895683,1669.970703,-539.941528,20.001301,-37.599998
7,9,698.190002,1514.441528,487.060730,20.001301,1669.970703,-539.941528,20.001301,-37.599998
7,10,256.440002,1262.074829,-124.846260,20.001301,1669.970703,-539.941528,20.001301,-37.599998
7,11,251.089996,1186.994751,-231.108200,20.001301,1669.970703,-539.941528,20.001301,-37.599998
7,12,651.469971,717.548706,-606.383301,20.001301,1669.970703,-539.941528,20.001301,-37.599998
8,1,588.130005,2500.017334,-845.925110,-181.151001,1669.970703,-539.941528,20.001301,-37.599998
8,3,553.270020,2160.282227,-1236.629639,-169.228195,1669.970703,-539.941528,20.001301,-37.599998
8,5,454.149994,2299.331787,-929.952515,-171.930786,1669.970703,-539.941528,20.001301,-37.599998
8,6,449.559998,2204.514160,-1046.257812,-169.990967,1669.970703,-539.941528,20.001301,-37.599998
8,7,408.660004,2079.351074,-73.908287,-119.768654,1669.970703,-539.941528,20.001301,-37.599998
8,8,400.260010,1328.789551,-1048.532471,-116.895683,1669.970703,-539.941528,20.001301,-37.599998
8,9,698.190002,1514.441528,487.060730,20.001301,1669.970703,-539.941528,20.001301,-37.599998
8,10,256.440002,1262.074829,-124.846260,20.001301,1669.970703,-539.941528,20.001301,-37.599998
8,11,251.089996,1186.994751,-231.108200,20.001301,1669.970703,-539.941528,20.001301,-37.599998
8,12,651.469971,717.548706,-606.383301,20.001301,1669.970703,-539.941528,20.001301,-37.599998
9,1,588.130005,2500.017334,-845.925110,-181.151001,1669.970703,-539.941528,20.001301,-37.599998
9,3,553.270020,2160.282227,-1236.629639,-169.228195,1669.970703,-539.941528,20.001301,-37.599998
9,5,454.149994,2299.331787,-929.952515,-171.930786,1669.970703,-539.941528,20.001301,-37.599998
9,6,449.559998,2204.514160,-1046.257812,-169.990967,1669.970703,-539.941528,20.001301,-37.599998
9,7,408.660004,2079.351074,-73.908287,-119.768654,1669.970703,-539.941528,20.001301,-37.599998
9,8,400.260010,1328.789551,-1048.532471,-116.895683,1669.970703,-539.941528,20.001301,-37.599998
9,9,698.190002,1514.441528,487.060730,20.001301,1669.970703,-539.941528,20.001301,-37.599998
9,10,256.440002,1262.074829,-124.846260,20.001301,1669.970703,-539.941528,20.001301,-37.599998
9,11,251.089996,1186.994751,-231.108200,20.001301,1669.970703,-539.941528,20.001301,-37.599998
9,12,651.469971,717.548706,-606.383301,20.001301,1669.970703,-539.941528,20.001301,-37.599998
10,1,588.130005,2500.017334,-845.925110,-181.151001,1669.970703,-539.941528,20.001301,-37.599998
10,3,553.270020,2160.282227,-1236.629639,-169.228195,1669.970703,-539.941528,20.001301,-37.599998
10,5,454.149994,2299.331787,-929.952515,-171.930786,1669.970703,-539.941528,20.001301,-37.599998
10,6,449.559998,2204.514160,-1046.257812,-169.990967,1669.970703,-539.941528,20.001301,-37.599998
10,7,408.660004,2079.351074,-73.908287,-119.768654,1669.970703,-539.941528,20.001301,-37.599998
10,8,400.260010,1328.789551,-1048.532471,-116.895683,1669.970703,-539.941528,20.001301,-37.599998
10,9,698.190002,1514.441528,487.060730,20.001301,1669.970703,-539.941528,20.001301,-37.599998
10,10,256.440002,1262.074829,-124.846260,20.001301,1669.970703,-539.941528,20.001301,-37.599998
10,11,251.089996,1186.994751,-231.108200,20.001301,1669.970703,-539.941528,20.001301,-37.599998
10,12,651.469971,717.548706,-606.383301,20.001301,1669.970703,-539.941528,20.001301,-37.599998
11,1,588.130005,2500.017334,-845.925110,-181.151001,1669.970703,-539.941528,20.001301,-37.599998
11,3,553.270020,2160.282227,-1236.629639,-169.228195,1669.970703,-539.941528,20.001301,-37.599998
11,5,454.149994,2299.331787,-929.952515,-171.930786,1669.970703,-539.941528,20.001301,-37.599998
11,6,449.559998,2204.514160,-1046.257812,-169.990967,1669.970703,-539.941528,20.001301,-37.599998
11,7,408.660004,2079.351074,-73.908287,-119.768654,1669.970703,-539.941528,20.001301,-37.599998
11,8,400.260010,1328.789551,-1048.532471,-116.895683,1669.970703,-539.941528,20.001301,-37.599998
11,9,698.190002,1514.441528,487.060730,20.001301,1669.970703,-539.941528,20.001301,-37.599998
11,10,256.440002,1262.074829,-124.846260,20.001301,1669.970703,-539.941528,20.001301,-37.599998
11,11,251.089996,1186.994751,-231.108200,20.001301,1669.970703,-539.941528,20.001301,-37.599998
11,12,651.469971,717.548706,-606.383301,20.001301,1669.970703,-539.941528,20.001301,-37.599998
12,1,588.130005,2500.017334,-845.925110,-181.151001,1669.970703,-539.941528,20.001301,-37.599998
12,3,553.270020,2160.282227,-1236.629639,-169.228195,1669.970703,-539.941528,20.001301,-37.599998
12,5,454.149994,2299.331787,-929.952515,-171.930786,1669.970703,-539.941528,20.001301,-37.599998
12,6,449.559998,2204.514160,-1046.257812,-169.990967,1669.970703,-539.941528,20.001301,-37.599998
12,7,408.660004,2079.351074,-73.908287,-119.768654,1669.970703,-539.941528,20.001301,-37.599998
12,8,400.260010,1328.789551,-1048.532471,-116.895683,1669.970703,-539.941528,20.001301,-37.599998
12,9,698.190002,1514.441528,487.060730,20.001301,1669.970703,-539.941528,20.001301,-37.599998
12,10,256.440002,1262.074829,-124.846260,20.001301,1669.970703,-539.941528,20.001301,-37.599998
12,11,251.089996,1186.994751,-231.108200,20.001301,1669.970703,-539.941528,20.001301,-37.599998
12,12,651.469971,717.548706,-606.383301,20.001301,1669.970703,-539.941528,20.001301,-37.599998
13,1,567.590027,2527.349854,-891.431274,-174.125916,1719.970703,-579.980530,20.001301,-38.400009
13,3,533.789978,2190.915527,-1267.855591,-162.565628,1719.970703,-579.980530,20.001301,-38.400009
13,5,441.630005,2334.932617,-971.692688,-166.639603,1719.970703,-579.980530,20.001301,-38.400009
13,6,435.559998,2237.448975,-1085.829590,-164.074310,1719.970703,-579.980530,20.001301,-38.400009
13,7,407.329987,2135.041748,-120.688103,-119.313759,1719.970703,-579.980530,20.001301,-38.400009
13,8,401.769989,1370.840332,-1084.870117,-117.412132,1719.970703,-579.980530,20.001301,-38.400009
13,9,684.679993,1581.512695,435.859100,20.001301,1719.970703,-579.980530,20.001301,-38.400009
13,10,290.140015,1291.499878,-138.297836,20.001301,1719.970703,-579.980530,20.001301,-38.400009
13,11,285.190002,1214.629883,-243.252670,20.001301,1719.970703,-579.980530,20.001301,-38.400009
13,12,692.030029,726.169617,-634.250305,20.001301,1719.970703,-579.980530,20.001301,-38.400009
14,1,567.590027,2527.349854,-891.431274,-174.125916,1719.970703,-579.980530,20.001301,-38.400009
14,3,533.789978,2190.915527,-1267.855591,-162.565628,1719.970703,-579.980530,20.001301,-38.400009
14,5,441.630005,2334.932617,-971.692688,-166.639603,1719.970703,-579.980530,20.001301,-38.400009
14,6,435.559998,2237.448975,-1085.829590,-164.074310,1719.970703,-579.980530,20.001301,-38.400009
14,7,407.329987,2135.041748,-120.688103,-119.313759,1719.970703,-579.980530,20.001301,-38.400009
14,8,401.769989,1370.840332,-1084.870117,-117.412132,1719.970703,-579.980530,20.001301,-38.400009
14,9,684.679993,1581.512695,435.859100,20.001301,1719.970703,-579.980530,20.001301,-38.400009
14,10,290.140015,1291.499878,-138.297836,20.001301,1719.970703,-579.980530,20.001301,-38.400009
14,11,285.190002,1214.629883,-243.252670,20.001301,1719.970703,-579.980530,20.001301,-38.400009
14,12,692.030029,726.169617,-634.250305,20.001301,1719.970703,-579.980530,20.001301,-38.400009
15,1,567.590027,2527.349854,-891.431274,-174.125916,1719.970703,-579.980530,20.001301,-38.400009
15,3,533.789978,2190.915527,-1267.855591,-162.565628,1719.970703,-579.980530,20.001301,-38.400009
15,5,441.630005,2334.932617,-971.692688,-166.639603,1719.970703,-579.980530,20.001301,-38.400009
15,6,435.559998,2237.448975,-1085.829590,-164.074310,1719.970703,-579.980530,20.001301,-38.400009
15,7,407.329987,2135.041748,-120.688103,-119.313759,1719.970703,-579.980530,20.001301,-38.400009
15,8,401.769989,1370.840332,-1084.870117,-117.412132,1719.970703,-579.980530,20.001301,-38.400009
15,9,684.679993,1581.512695,435.859100,20.001301,1719.970703,-579.980530,20.001301,-38.400009
15,10,290.140015,1291.499878,-138.297836,20.001301,1719.970703,-579.980530,20.001301,-38.400009
15,11,285.190002,1214.629883,-243.252670,20.001301,1719.970703,-579.980530,20.001301,-38.400009
15,12,692.030029,726.169617,-634.250305,20.001301,1719.970703,-579.980530,20.001301,-38.400009
16,1,567.590027,2527.349854,-891.431274,-174.125916,1719.970703,-579.980530,20.001301,-38.400009
16,3,533.789978,2190.915527,-1267.855591,-162.565628,1719.970703,-579.980530,20.001301,-38.400009
16,5,441.630005,2334.932617,-971.692688,-166.639603,1719.970703,-579.980530,20.001301,-38.400009
16,6,435.559998,2237.448975,-1085.829590,-164.074310,1719.970703,-579.980530,20.001301,-38.400009
16,7,407.329987,2135.041748,-120.688103,-119.313759,1719.970703,-579.980530,20.001301,-38.400009
16,8,401.769989,1370.840332,-1084.870117,-117.412132,1719.970703,-579.980530,20.001301,-38.400009
16,9,684.679993,1581.512695,435.859100,20.001301,1719.970703,-579.980530,20.001301,-38.400009
16,10,290.140015,1291.499878,-138.297836,20.001301,1719.970703,-579.980530,20.001301,-38.400009
16,11,285.190002,1214.629883,-243.252670,20.001301,1719.970703,-579.980530,20.001301,-38.400009
16,12,692.030029,726.169617,-634.250305,20.001301,1719.970703,-579.980530,20.001301,-38.400009
17,1,567.590027,2527.349854,-891.431274,-174.125916,1719.970703,-579.980530,20.001301,-38.400009
17,3,533.789978,2190.915527,-1267.855591,-162.565628,1719.970703,-579.980530,20.001301,-38.400009
17,5,441.630005,2334.932617,-971.692688,-166.639603,1719.970703,-579.980530,20.001301,-38.400009
17,6,435.559998,2237.448975,-1085.829590,-164.074310,1719.970703,-579.980530,20.001301,-38.400009
17,7,407.329987,2135.041748,-120.688103,-119.313759,1719.970703,-579.980530,20.001301,-38.400009
17,8,401.769989,1370.840332,-1084.870117,-117.412132,1719.970703,-579.980530,20.001301,-38.400009
17,9,684.679993,1581.512695,435.859100,20.001301,1719.970703,-579.980530,20.001301,-38.400009
17,10,290.140015,1291.499878,-138.297836,20.001301,1719.970703,-579.980530,20.001301,-38.400009
17,11,285.190002,1214.629883,-243.252670,20.001301,1719.970703,-579.980530,20.001301,-38.400009
17,12,692.030029,726.169617,-634.250305,20.001301,1719.970703,-579.980530,20.001301,-38.400009
18,1,567.590027,2527.349854,-891.431274,-174.125916,1719.970703,-579.980530,20.001301,-38.400009
18,3,533.789978,2190.915527,-1267.855591,-162.565628,1719.970703,-579.980530,20.001301,-38.400009
18,5,441.630005,2334.932617,-971.692688,-166.639603,1719.970703,-579.980530,20.001301,-38.400009
18,6,435.559998,2237.448975,-1085.829590,-164.074310,1719.970703,-579.980530,20.001301,-38.400009
18,7,407.329987,2135.041748,-120.688103,-119.313759,1719.970703,-579.980530,20.001301,-38.400009
18,8,401.769989,1370.840332,-1084.870117,-117.412132,1719.970703,-579.980530,20.001301,-38.400009
18,9,684.679993,1581.512695,435.859100,20.001301,1719.970703,-579.980530,20.001301,-38.400009
18,10,290.140015,1291.499878,-138.297836,20.001301,1719.970703,-579.980530,20.001301,-38.400009
18,11,285.190002,1214.629883,-243.252670,20.001301,1719.970703,-579.980530,20.001301,-38.400009
18,12,692.030029,726.169617,-634.250305,20.001301,1719.970703,-579.980530,20.001301,-38.400009
19,1,567.590027,2527.349854,-891.431274,-174.125916,1719.970703,-579.980530,20.001301,-38.400009
19,3,533.789978,2190.915527,-1267.855591,-162.565628,1719.970703,-579.980530,20.001301,-38.400009
19,5,441.630005,2334.932617,-971.692688,-166.639603,1719.970703,-579.980530,20.001301,-38.400009
19,6,435.559998,2237.448975,-1085.829590,-164.074310,1719.970703,-579.980530,20.001301,-38.400009
19,7,407.329987,2135.041748,-120.688103,-119.313759,1719.970703,-579.980530,20.001301,-38.400009
19,8,401.769989,1370.840332,-1084.870117,-117.412132,1719.970703,-579.980530,20.001301,-38.400009
19,9,684.679993,1581.512695,435.859100,20.001301,1719.970703,-579.980530,20.001301,-38.400009
19,10,290.140015,1291.499878,-138.297836,20.001301,1719.970703,-579.980530,20.001301,-38.400009
19,11,285.190002,1214.629883,-243.252670,20.001301,1719.970703,-579.980530,20.001301,-38.400009
19,12,692.030029,726.169617,-634.250305,20.001301,1719.970703,-579.980530,20.001301,-38.400009
20,1,567.590027,2527.349854,-891.431274,-174.125916,1719.970703,-579.980530,20.001301,-38.400009
20,3,533.789978,2190.915527,-1267.855591,-162.565628,1719.970703,-579.980530,20.001301,-38.400009
20,5,441.630005,2334.932617,-971.692688,-166.639603,1719.970703,-579.980530,20.001301,-38.400009
20,6,435.559998,2237.448975,-1085.829590,-164.074310,1719.970703,-579.980530,20.001301,-38.400009
20,7,407.329987,2135.041748,-120.688103,-119.313759,1719.970703,-579.980530,20.001301,-38.400009
20,8,401.769989,1370.840332,-1084.870117,-117.412132,1719.970703,-579.980530,20.001301,-38.400009
20,9,684.679993,1581.512695,435.859100,20.001301,1719.970703,-579.980530,20.001301,-38.400009
20,10,290.140015,1291.499878,-138.297836,20.001301,1719.970703,-579.980530,20.001301,-38.400009
20,11,285.190002,1214.629883,-243.252670,20.001301,1719.970703,-579.980530,20.001301,-38.400009
20,12,692.030029,726.169617,-634.250305,20.001301,1719.970703,-579.980530,20.001301,-38.400009
21,1,567.590027,2527.349854,-891.431274,-174.125916,1719.970703,-579.980530,20.001301,-38.400009
21,3,533.789978,2190.915527,-1267.855591,-162.565628,1719.970703,-579.980530,20.001301,-38.400009
21,5,441.630005,2334.932617,-971.692688,-166.639603,1719.970703,-579.980530,20.001301,-38.400009
21,6,435.559998,2237.448975,-1085.829590,-164.074310,1719.970703,-579.980530,20.001301,-38.400009
21,7,407.329987,2135.041748,-120.688103,-119.313759,1719.970703,-579.980530,20.001301,-38.400009
21,8,401.769989,1370.840332,-1084.870117,-117.412132,1719.970703,-579.980530,20.001301,-38.400009
21,9,684.679993,1581.512695,435.859100,20.001301,1719.970703,-579.980530,20.001301,-38.400009
21,10,290.140015,1291.499878,-138.297836,20.001301,1719.970703,-579.980530,20.001301,-38.400009
21,11,285.190002,1214.629883,-243.252670,20.001301,1719.970703,-579.980530,20.001301,-38.400009
21,12,692.030029,726.169617,-634.250305,20.001301,1719.970703,-579.980530,20.001301,-38.400009
22,1,567.590027,2527.349854,-891.431274,-174.125916,1719.970703,-579.980530,20.001301,-38.400009
22,3,533.789978,2190.915527,-1267.855591,-162.565628,1719.970703,-579.980530,20.001301,-38.400009
22,5,441.630005,2334.932617,-971.692688,-166.639603,1719.970703,-579.980530,20.001301,-38.400009
22,6,435.559998,2237.448975,-1085.829590,-164.074310,1719.970703,-579.980530,20.001301,-38.400009
22,7,407.329987,2135.041748,-120.688103,-119.313759,1719.970703,-579.980530,20.001301,-38.400009
22,8,401.769989,1370.840332,-1084.870117,-117.412132,1719.970703,-579.980530,20.001301,-38.400009
22,9,684.679993,1581.512695,435.859100,20.001301,1719.970703,-579.980530,20.001301,-38.400009
22,10,290.140015,1291.499878,-138.297836,20.001301,1719.970703,-579.980530,20.001301,-38.400009
22,11,285.190002,1214.629883,-243.252670,20.001301,1719.970703,-579.980530,20.001301,-38.400009
22,12,692.030029,726.169617,-634.250305,20.001301,1719.970703,-579.980530,20.001301,-38.400009
23,1,567.590027,2527.349854,-891.431274,-174.125916,1719.970703,-579.980530,20.001301,-38.400009
23,3,533.789978,2190.915527,-1267.855591,-162.565628,1719.970703,-579.980530,20.001301,-38.400009
23,5,441.630005,2334.932617,-971.692688,-166.639603,1719.970703,-579.980530,20.001301,-38.400009
23,6,435.559998,2237.448975,-1085.829590,-164.074310,1719.970703,-579.980530,20.001301,-38.400009
23,7,407.329987,2135.041748,-120.688103,-119.313759,1719.970703,-579.980530,20.001301,-38.400009
23,8,401.769989,1370.840332,-1084.870117,-117.412132,1719.970703,-579.980530,20.001301,-38.400009
23,9,684.679993,1581.512695,435.859100,20.001301,1719.970703,-579.980530,20.001301,-38.400009
23,10,290.140015,1291.499878,-138.297836,20.001301,1719.970703,-579.980530,20.001301,-38.400009
23,11,285.190002,1214.629883,-243.252670,20.001301,1719.970703,-579.980530,20.001301,-38.400009
23,12,692.030029,726.169617,-634.250305,20.001301,1719.970703,-579.980530,20.001301,-38.400009
24,1,567.590027,2527.349854,-891.431274,-174.125916,1719.970703,-579.980530,20.001301,-38.400009
24,3,533.789978,2190.915527,-1267.855591,-162.565628,1719.970703,-579.980530,20.001301,-38.400009
24,5,441.630005,2334.932617,-971.692688,-166.639603,1719.970703,-579.980530,20.001301,-38.400009
24,6,435.559998,2237.448975,-1085.829590,-164.074310,1719.970703,-579.980530,20.001301,-38.400009
24,7,407.329987,2135.041748,-120.688103,-119.313759,1719.970703,-579.980530,20.001301,-38.400009
24,8,401.769989,1370.840332,-1084.870117,-117.412132,1719.970703,-579.980530,20.001301,-38.400009
24,9,684.679993,1581.512695,435.859100,20.001301,1719.970703,-579.980530,20.001301,-38.400009
24,10,290.140015,1291.499878,-138.297836,20.001301,1719.970703,-579.980530,20.001301,-38.400009
24,11,285.190002,1214.629883,-243.252670,20.001301,1719.970703,-579.980530,20.001301,-38.400009
24,12,692.030029,726.169617,-634.250305,20.001301,1719.970703,-579.980530,20.001301,-38.400009
25,1,602.890015,2615.993652,-969.170715,-186.199234,1779.980469,-639.941528,20.001301,-38.900009
25,5,467.440002,2409.705078,-1051.694458,-177.547379,1779.980469,-639.941528,20.001301,-38.900009
25,6,459.140015,2309.656494,-1163.707153,-174.039658,1779.980469,-639.941528,20.001301,-38.900009
25,7,402.799988,2196.370850,-187.601547,-117.764412,1779.980469,-639.941528,20.001301,-38.900009
25,8,410.700012,1421.187988,-1148.295898,-120.466377,1779.980469,-639.941528,20.001301,-38.900009
25,9,702.349976,1646.990601,394.407104,20.001301,1779.980469,-639.941528,20.001301,-38.900009
25,10,257.820007,1380.533203,-214.832367,20.001301,1779.980469,-639.941528,20.001301,-38.900009
25,11,255.559998,1300.656738,-317.423157,20.001301,1779.980469,-639.941528,20.001301,-38.900009
25,12,680.320007,797.451538,-685.311951,20.001301,1779.980469,-639.941528,20.001301,-38.900009
26,1,602.890015,2615.993652,-969.170715,-186.199234,1779.980469,-639.941528,20.001301,-38.900009
26,5,467.440002,2409.705078,-1051.694458,-177.547379,1779.980469,-639.941528,20.001301,-38.900009
26,6,459.140015,2309.656494,-1163.707153,-174.039658,1779.980469,-639.941528,20.001301,-38.900009
26,7,402.799988,2196.370850,-187.601547,-117.764412,1779.980469,-639.941528,20.001301,-38.900009
26,8,410.700012,1421.187988,-1148.295898,-120.466377,1779.980469,-639.941528,20.001301,-38.900009
26,9,702.349976,1646.990601,394.407104,20.001301,1779.980469,-639.941528,20.001301,-38.900009
26,10,257.820007,1380.533203,-214.832367,20.001301,1779.980469,-639.941528,20.001301,-38.900009
26,11,255.559998,1300.656738,-317.423157,20.001301,1779.980469,-639.941528,20.001301,-38.900009
26,12,680.320007,797.451538,-685.311951,20.001301,1779.980469,-639.941528,20.001301,-38.900009
27,1,602.890015,2615.993652,-969.170715,-186.199234,1779.980469,-639.941528,20.001301,-38.900009
27,5,467.440002,2409.705078,-1051.694458,-177.547379,1779.980469,-639.941528,20.001301,-38.900009
27,6,459.140015,2309.656494,-1163.707153,-174.039658,1779.980469,-639.941528,20.001301,-38.900009
27,7,402.799988,2196.370850,-187.601547,-117.764412,1779.980469,-639.941528,20.001301,-38.900009
27,8,410.700012,1421.187988,-1148.295898,-120.466377,1779.980469,-639.941528,20.001301,-38.900009
27,9,702.349976,1646.990601,394.407104,20.001301,1779.980469,-639.941528,20.001301,-38.900009
27,10,257.820007,1380.533203,-214.832367,20.001301,1779.980469,-639.941528,20.001301,-38.900009
27,11,255.559998,1300.656738,-317.423157,20.001301,1779.980469,-639.941528,20.001301,-38.900009
27,12,680.320007,797.451538,-685.311951,20.001301,1779.980469,-639.941528,20.001301,-38.900009
28,1,602.890015,2615.993652,-969.170715,-186.199234,1779.980469,-639.941528,20.001301,-38.900009
28,5,467.440002,2409.705078,-1051.694458,-177.547379,1779.980469,-639.941528,20.001301,-38.900009
28,6,459.140015,2309.656494,-1163.707153,-174.039658,1779.980469,-639.941528,20.001301,-38.900009
28,7,402.799988,2196.370850,-187.601547,-117.764412,1779.980469,-639.941528,20.001301,-38.900009
28,8,410.700012,1421.187988,-1148.295898,-120.466377,1779.980469,-639.941528,20.001301,-38.900009
28,9,702.349976,1646.990601,394.407104,20.001301,1779.980469,-639.941528,20.001301,-38.900009
28,10,257.820007,1380.533203,-214.832367,20.001301,1779.980469,-639.941528,20.001301,-38.900009
28,11,255.559998,1300.656738,-317.423157,20.001301,1779.980469,-639.941528,20.001301,-38.900009
28,12,680.320007,797.451538,-685.311951,20.001301,1779.980469,-639.941528,20.001301,-38.900009
29,1,602.890015,2615.993652,-969.170715,-186.199234,1779.980469,-639.941528,20.001301,-38.900009
29,5,467.440002,2409.705078,-1051.694458,-177.547379,1779.980469,-639.941528,20.001301,-38.900009
29,6,459.140015,2309.656494,-1163.707153,-174.039658,1779.980469,-639.941528,20.001301,-38.900009
29,7,402.799988,2196.370850,-187.601547,-117.764412,1779.980469,-639.941528,20.001301,-38.900009
29,8,410.700012,1421.187988,-1148.295898,-120.466377,1779.980469,-639.941528,20.001301,-38.900009
29,9,702.349976,1646.990601,394.407104,20.001301,1779.980469,-639.941528,20.001301,-38.900009
29,10,257.820007,1380.533203,-214.832367,20.001301,1779.980469,-639.941528,20.001301,-38.900009
29,11,255.559998,1300.656738,-317.423157,20.001301,1779.980469,-639.941528,20.001301,-38.900009
29,12,680.320007,797.451538,-685.311951,20.001301,1779.980469,-639.941528,20.001301,-38.900009
30,1,602.890015,2615.993652,-969.170715,-186.199234,1779.980469,-639.941528,20.001301,-38.900009
30,5,467.440002,2409.705078,-1051.694458,-177.547379,1779.980469,-639.941528,20.001301,-38.900009
30,6,459.140015,2309.656494,-1163.707153,-174.039658,1779.980469,-639.941528,20.001301,-38.900009
30,7,402.799988,2196.370850,-187.601547,-117.764412,1779.980469,-639.941528,20.001301,-38.900009
30,8,410.700012,1421.187988,-1148.295898,-120.466377,1779.980469,-639.941528,20.001301,-38.900009
30,9,702.349976,1646.990601,394.407104,20.001301,1779.980469,-639.941528,20.001301,-38.900009
30,10,257.820007,1380.533203,-214.832367,20.001301,1779.980469,-639.941528,20.001301,-38.900009
30,11,255.559998,1300.656738,-317.423157,20.001301,1779.980469,-639.941528,20.001301,-38.900009
30,12,680.320007,797.451538,-685.311951,20.001301,1779.980469,-639.941528,20.001301,-38.900009
31,1,602.890015,2615.993652,-969.170715,-186.199234,1779.980469,-639.941528,20.001301,-38.900009
31,5,467.440002,2409.705078,-1051.694458,-177.547379,1779.980469,-639.941528,20.001301,-38.900009
31,6,459.140015,2309.656494,-1163.707153,-174.039658,1779.980469,-639.941528,20.001301,-38.900009
31,7,402.799988,2196.370850,-187.601547,-117.764412,1779.980469,-639.941528,20.001301,-38.900009
31,8,410.700012,1421.187988,-1148.295898,-120.466377,1779.980469,-639.941528,20.001301,-38.900009
31,9,702.349976,1646.990601,394.407104,20.001301,1779.980469,-639.941528,20.001301,-38.900009
31,10,257.820007,1380.533203,-214.832367,20.001301,1779.980469,-639.941528,20.001301,-38.900009
31,11,255.559998,1300.656738,-317.423157,20.001301,1779.980469,-639.941528,20.001301,-38.900009
31,12,680.320007,797.451538,-685.311951,20.001301,1779.980469,-639.941528,20.001301,-38.900009
32,1,602.890015,2615.993652,-969.170715,-186.199234,1779.980469,-639.941528,20.001301,-38.900009
32,5,467.440002,2409.705078,-1051.694458,-177.547379,1779.980469,-639.941528,20.001301,-38.900009
32,6,459.140015,2309.656494,-1163.707153,-174.039658,1779.980469,-639.941528,20.001301,-38.900009
32,7,402.799988,2196.370850,-187.601547,-117.764412,1779.980469,-639.941528,20.001301,-38.900009
32,8,410.700012,1421.187988,-1148.295898,-120.466377,1779.980469,-639.941528,20.001301,-38.900009
32,9,702.349976,1646.990601,394.407104,20.001301,1779.980469,-639.941528,20.001301,-38.900009
32,10,257.820007,1380.533203,-214.832367,20.001301,1779.980469,-639.941528,20.001301,-38.900009
32,11,255.559998,1300.656738,-317.423157,20.001301,1779.980469,-639.941528,20.001301,-38.900009
32,12,680.320007,797.451538,-685.311951,20.001301,1779.980469,-639.941528,20.001301,-38.900009
33,1,602.890015,2615.993652,-969.170715,-186.199234,1779.980469,-639.941528,20.001301,-38.900009
33,5,467.440002,2409.705078,-1051.694458,-177.547379,1779.980469,-639.941528,20.001301,-38.900009
33,6,459.140015,2309.656494,-1163.707153,-174.039658,1779.980469,-639.941528,20.001301,-38.900009
33,7,402.799988,2196.370850,-187.601547,-117.764412,1779.980469,-639.941528,20.001301,-38.900009
33,8,410.700012,1421.187988,-1148.295898,-120.466377,1779.980469,-639.941528,20.001301,-38.900009
33,9,702.349976,1646.990601,394.407104,20.001301,1779.980469,-639.941528,20.001301,-38.900009
33,10,257.820007,1380.533203,-214.832367,20.001301,1779.980469,-639.941528,20.001301,-38.900009
33,11,255.559998,1300.656738,-317.423157,20.001301,1779.980469,-639.941528,20.001301,-38.900009
33,12,680.320007,797.451538,-685.311951,20.001301,1779.980469,-639.941528,20.001301,-38.900009
34,1,602.890015,2615.993652,-969.170715,-186.199234,1779.980469,-639.941528,20.001301,-38.900009
34,5,467.440002,2409.705078,-1051.694458,-177.547379,1779.980469,-639.941528,20.001301,-38.900009
34,6,459.140015,2309.656494,-1163.707153,-174.039658,1779.980469,-639.941528,20.001301,-38.900009
34,7,402.799988,2196.370850,-187.601547,-117.764412,1779.980469,-639.941528,20.001301,-38.900009
34,8,410.700012,1421.187988,-1148.295898,-120.466377,1779.980469,-639.941528,20.001301,-38.900009
34,9,702.349976,1646.990601,394.407104,20.001301,1779.980469,-639.941528,20.001301,-38.900009
34,10,257.820007,1380.533203,-214.832367,20.001301,1779.980469,-639.941528,20.001301,-38.900009
34,11,255.559998,1300.656738,-317.423157,20.001301,1779.980469,-639.941528,20.001301,-38.900009
34,12,680.320007,797.451538,-685.311951,20.001301,1779.980469,-639.941528,20.001301,-38.900009
35,1,602.890015,2615.993652,-969.170715,-186.199234,1779.980469,-639.941528,20.001301,-38.900009
35,5,467.440002,2409.705078,-1051.694458,-177.547379,1779.980469,-639.941528,20.001301,-38.900009
35,6,459.140015,2309.656494,-1163.707153,-174.039658,1779.980469,-639.941528,20.001301,-38.900009
35,7,402.799988,2196.370850,-187.601547,-117.764412,1779.980469,-639.941528,20.001301,-38.900009
35,8,410.700012,1421.187988,-1148.295898,-120.466377,1779.980469,-639.941528,20.001301,-38.900009
35,9,702.349976,1646.990601,394.407104,20.001301,1779.980469,-639.941528,20.001301,-38.900009
35,10,257.820007,1380.533203,-214.832367,20.001301,1779.980469,-639.941528,20.001301,-38.900009
35,11,255.559998,1300.656738,-317.423157,20.001301,1779.980469,-639.941528,20.001301,-38.900009
35,12,680.320007,797.451538,-685.311951,20.001301,1779.980469,-639.941528,20.001301,-38.900009
36,1,602.890015,2615.993652,-969.170715,-186.199234,1779.980469,-639.941528,20.001301,-38.900009
36,5,467.440002,2409.705078,-1051.694458,-177.547379,1779.980469,-639.941528,20.001301,-38.900009
36,6,459.140015,2309.656494,-1163.707153,-174.039658,1779.980469,-639.941528,20.001301,-38.900009
36,7,402.799988,2196.370850,-187.601547,-117.764412,1779.980469,-639.941528,20.001301,-38.900009
36,8,410.700012,1421.187988,-1148.295898,-120.466377,1779.980469,-639.941528,20.001301,-38.900009
36,9,702.349976,1646.990601,394.407104,20.001301,1779.980469,-639.941528,20.001301,-38.900009
36,10,257.820007,1380.533203,-214.832367,20.001301,1779.980469,-639.941528,20.001301,-38.900009
36,11,255.559998,1300.656738,-317.423157,20.001301,1779.980469,-639.941528,20.001301,-38.900009
36,12,680.320007,797.451538,-685.311951,20.001301,1779.980469,-639.941528,20.001301,-38.900009
37,1,614.179993,2704.893799,-1035.617065,-190.060623,1860.009766,-700.000122,20.001301,-39.100006
37,5,471.010010,2490.804199,-1115.989258,-179.056137,1860.009766,-700.000122,20.001301,-39.100006
37,6,463.649994,2391.026367,-1228.189331,-175.945648,1860.009766,-700.000122,20.001301,-39.100006
37,7,399.260010,2275.878418,-251.697876,-116.553665,1860.009766,-700.000122,20.001301,-39.100006
37,8,413.100006,1498.022583,-1208.849121,-121.287224,1860.009766,-700.000122,20.001301,-39.100006
37,9,705.890015,1729.961792,338.282593,20.001301,1860.009766,-700.000122,20.001301,-39.100006
37,10,250.270004,1467.907959,-278.260864,20.001301,1860.009766,-700.000122,20.001301,-39.100006
37,11,250.490005,1385.749268,-379.008118,20.001301,1860.009766,-700.000122,20.001301,-39.100006
37,12,687.479980,870.169373,-742.053162,20.001301,1860.009766,-700.000122,20.001301,-39.100006
38,1,614.179993,2704.893799,-1035.617065,-190.060623,1860.009766,-700.000122,20.001301,-39.100006
38,5,471.010010,2490.804199,-1115.989258,-179.056137,1860.009766,-700.000122,20.001301,-39.100006
38,6,463.649994,2391.026367,-1228.189331,-175.945648,1860.009766,-700.000122,20.001301,-39.100006
38,7,399.260010,2275.878418,-251.697876,-116.553665,1860.009766,-700.000122,20.001301,-39.100006
38,8,413.100006,1498.022583,-1208.849121,-121.287224,1860.009766,-700.000122,20.001301,-39.100006
38,9,705.890015,1729.961792,338.282593,20.001301,1860.009766,-700.000122,20.001301,-39.100006
38,10,250.270004,1467.907959,-278.260864,20.001301,1860.009766,-700.000122,20.001301,-39.100006
38,11,250.490005,1385.749268,-379.008118,20.001301,1860.009766,-700.000122,20.001301,-39.100006
38,12,687.479980,870.169373,-742.053162,20.001301,1860.009766,-700.000122,20.001301,-39.100006
39,1,614.179993,2704.893799,-1035.617065,-190.060623,1860.009766,-700.000122,20.001301,-39.100006
39,5,471.010010,2490.804199,-1115.989258,-179.056137,1860.009766,-700.000122,20.001301,-39.100006
39,6,463.649994,2391.026367,-1228.189331,-175.945648,1860.009766,-700.000122,20.001301,-39.100006
39,7,399.260010,2275.878418,-251.697876,-116.553665,1860.009766,-700.000122,20.001301,-39.100006
39,8,413.100006,1498.022583,-1208.849121,-121.287224,1860.009766,-700.000122,20.001301,-39.100006
39,9,705.890015,1729.961792,338.282593,20.001301,1860.009766,-700.000122,20.001301,-39.100006
39,10,250.270004,1467.907959,-278.260864,20.001301,1860.009766,-700.000122,20.001301,-39.100006
39,11,250.490005,1385.749268,-379.008118,20.001301,1860.009766,-700.000122,20.001301,-39.100006
39,12,687.479980,870.169373,-742.053162,20.001301,1860.009766,-700.000122,20.001301,-39.100006
40,1,614.179993,2704.893799,-1035.617065,-190.060623,1860.009766,-700.000122,20.001301,-39.100006
40,5,471.010010,2490.804199,-1115.989258,-179.056137,1860.009766,-700.000122,20.001301,-39.100006
40,6,463.649994,2391.026367,-1228.189331,-175.945648,1860.009766,-700.000122,20.001301,-39.100006
40,7,399.260010,2275.878418,-251.697876,-116.553665,1860.009766,-700.000122,20.001301,-39.100006
40,8,413.100006,1498.022583,-1208.849121,-121.287224,1860.009766,-700.000122,20.001301,-39.100006
40,9,705.890015,1729.961792,338.282593,20.001301,1860.009766,-700.000122,20.001301,-39.100006
40,10,250.270004,1467.907959,-278.260864,20.001301,1860.009766,-700.000122,20.001301,-39.100006
40,11,250.490005,1385.749268,-379.008118,20.001301,1860.009766,-700.000122,20.001301,-39.100006
40,12,687.479980,870.169373,-742.053162,20.001301,1860.009766,-700.000122,20.001301,-39.100006
41,1,614.179993,2704.893799,-1035.617065,-190.060623,1860.009766,-700.000122,20.001301,-39.100006
41,5,471.010010,2490.804199,-1115.989258,-179.056137,1860.009766,-700.000122,20.001301,-39.100006
41,6,463.649994,2391.026367,-1228.189331,-175.945648,1860.009766,-700.000122,20.001301,-39.100006
41,7,399.260010,2275.878418,-251.697876,-116.553665,1860.009766,-700.000122,20.001301,-39.100006
41,8,413.100006,1498.022583,-1208.849121,-121.287224,1860.009766,-700.000122,20.001301,-39.100006
41,9,705.890015,1729.961792,338.282593,20.001301,1860.009766,-700.000122,20.001301,-39.100006
41,10,250.270004,1467.907959,-278.260864,20.001301,1860.009766,-700.000122,20.001301,-39.100006
41,11,250.490005,1385.749268,-379.008118,20.001301,1860.009766,-700.000122,20.001301,-39.100006
41,12,687.479980,870.169373,-742.053162,20.001301,1860.009766,-700.000122,20.001301,-39.100006
42,1,614.179993,2704.893799,-1035.617065,-190.060623,1860.009766,-700.000122,20.001301,-39.100006
42,5,471.010010,2490.804199,-1115.989258,-179.056137,1860.009766,-700.000122,20.001301,-39.100006
42,6,463.649994,2391.026367,-1228.189331,-175.945648,1860.009766,-700.000122,20.001301,-39.100006
42,7,399.260010,2275.878418,-251.697876,-116.553665,1860.009766,-700.000122,20.001301,-39.100006
42,8,413.100006,1498.022583,-1208.849121,-121.287224,1860.009766,-700.000122,20.001301,-39.100006
42,9,705.890015,1729.961792,338.282593,20.001301,1860.009766,-700.000122,20.001301,-39.100006
42,10,250.270004,1467.907959,-278.260864,20.001301,1860.009766,-700.000122,20.001301,-39.100006
42,11,250.490005,1385.749268,-379.008118,20.001301,1860.009766,-700.000122,20.001301,-39.100006
42,12,687.479980,870.169373,-742.053162,20.001301,1860.009766,-700.000122,20.001301,-39.100006
43,1,614.179993,2704.893799,-1035.617065,-190.060623,1860.009766,-700.000122,20.001301,-39.100006
43,5,471.010010,2490.804199,-1115.989258,-179.056137,1860.009766,-700.000122,20.001301,-39.100006
43,6,463.649994,2391.026367,-1228.189331,-175.945648,1860.009766,-700.000122,20.001301,-39.100006
43,7,399.260010,2275.878418,-251.697876,-116.553665,1860.009766,-700.000122,20.001301,-39.100006
43,8,413.100006,1498.022583,-1208.849121,-121.287224,1860.009766,-700.000122,20.001301,-39.100006
43,9,705.890015,1729.961792,338.282593,20.001301,1860.009766,-700.000122,20.001301,-39.100006
43,10,250.270004,1467.907959,-278.260864,20.001301,1860.009766,-700.000122,20.001301,-39.100006
43,11,250.490005,1385.749268,-379.008118,20.001301,1860.009766,-700.000122,20.001301,-39.100006
43,12,687.479980,870.169373,-742.053162,20.001301,1860.009766,-700.000122,20.001301,-39.100006
44,1,614.179993,2704.893799,-1035.617065,-190.060623,1860.009766,-700.000122,20.001301,-39.100006
44,5,471.010010,2490.804199,-1115.989258,-179.056137,1860.009766,-700.000122,20.001301,-39.100006
44,6,463.649994,2391.026367,-1228.189331,-175.945648,1860.009766,-700.000122,20.001301,-39.100006
44,7,399.260010,2275.878418,-251.697876,-116.553665,1860.009766,-700.000122,20.001301,-39.100006
44,8,413.100006,1498.022583,-1208.849121,-121.287224,1860.009766,-700.000122,20.001301,-39.100006
44,9,705.890015,1729.961792,338.282593,20.001301,1860.009766,-700.000122,20.001301,-39.100006
44,10,250.270004,1467.907959,-278.260864,20.001301,1860.009766,-700.000122,20.001301,-39.100006
44,11,250.490005,1385.749268,-379.008118,20.001301,1860.009766,-700.000122,20.001301,-39.100006
44,12,687.479980,870.169373,-742.053162,20.001301,1860.009766,-700.000122,20.001301,-39.100006
45,1,614.179993,2704.893799,-1035.617065,-190.060623,1860.009766,-700.000122,20.001301,-39.100006
45,5,471.010010,2490.804199,-1115.989258,-179.056137,1860.009766,-700.000122,20.001301,-39.100006
45,6,463.649994,2391.026367,-1228.189331,-175.945648,1860.009766,-700.000122,20.001301,-39.100006
45,7,399.260010,2275.878418,-251.697876,-116.553665,1860.009766,-700.000122,20.001301,-39.100006
45,8,413.100006,1498.022583,-1208.849121,-121.287224,1860.009766,-700.000122,20.001301,-39.100006
45,9,705.890015,1729.961792,338.282593,20.001301,1860.009766,-700.000122,20.001301,-39.100006
45,10,250.270004,1467.907959,-278.260864,20.001301,1860.009766,-700.000122,20.001301,-39.100006
45,11,250.490005,1385.749268,-379.008118,20.001301,1860.009766,-700.000122,20.001301,-39.100006
45,12,687.479980,870.169373,-742.053162,20.001301,1860.009766,-700.000122,20.001301,-39.100006
46,1,614.179993,2704.893799,-1035.617065,-190.060623,1860.009766,-700.000122,20.001301,-39.100006
46,5,471.010010,2490.804199,-1115.989258,-179.056137,1860.009766,-700.000122,20.001301,-39.100006
46,6,463.649994,2391.026367,-1228.189331,-175.945648,1860.009766,-700.000122,20.001301,-39.100006
46,7,399.260010,2275.878418,-251.697876,-116.553665,1860.009766,-700.000122,20.001301,-39.100006
46,8,413.100006,1498.022583,-1208.849121,-121.287224,1860.009766,-700.000122,20.001301,-39.100006
46,9,705.890015,1729.961792,338.282593,20.001301,1860.009766,-700.000122,20.001301,-39.100006
46,10,250.270004,1467.907959,-278.260864,20.001301,1860.009766,-700.000122,20.001301,-39.100006
46,11,250.490005,1385.749268,-379.008118,20.001301,1860.009766,-700.000122,20.001301,-39.100006
46,12,687.479980,870.169373,-742.053162,20.001301,1860.009766,-700.000122,20.001301,-39.100006
47,1,614.179993,2704.893799,-1035.617065,-190.060623,1860.009766,-700.000122,20.001301,-39.100006
47,5,471.010010,2490.804199,-1115.989258,-179.056137,1860.009766,-700.000122,20.001301,-39.100006
47,6,463.649994,2391.026367,-1228.189331,-175.945648,1860.009766,-700.000122,20.001301,-39.100006
47,7,399.260010,2275.878418,-251.697876,-116.553665,1860.009766,-700.000122,20.001301,-39.100006
47,8,413.100006,1498.022583,-1208.849121,-121.287224,1860.009766,-700.000122,20.001301,-39.100006
47,9,705.890015,1729.961792,338.282593,20.001301,1860.009766,-700.000122,20.001301,-39.100006
47,10,250.270004,1467.907959,-278.260864,20.001301,1860.009766,-700.000122,20.001301,-39.100006
47,11,250.490005,1385.749268,-379.008118,20.001301,1860.009766,-700.000122,20.001301,-39.100006
47,12,687.479980,870.169373,-742.053162,20.001301,1860.009766,-700.000122,20.001301,-39.100006
48,1,614.179993,2704.893799,-1035.617065,-190.060623,1860.009766,-700.000122,20.001301,-39.100006
48,5,471.010010,2490.804199,-1115.989258,-179.056137,1860.009766,-700.000122,20.001301,-39.100006
48,6,463.649994,2391.026367,-1228.189331,-175.945648,1860.009766,-700.000122,20.001301,-39.100006
48,7,399.260010,2275.878418,-251.697876,-116.553665,1860.009766,-700.000122,20.001301,-39.100006
48,8,413.100006,1498.022583,-1208.849121,-121.287224,1860.009766,-700.000122,20.001301,-39.100006
48,9,705.890015,1729.961792,338.282593,20.001301,1860.009766,-700.000122,20.001301,-39.100006
48,10,250.270004,1467.907959,-278.260864,20.001301,1860.009766,-700.000122,20.001301,-39.100006
48,11,250.490005,1385.749268,-379.008118,20.001301,1860.009766,-700.000122,20.001301,-39.100006
48,12,687.479980,870.169373,-742.053162,20.001301,1860.009766,-700.000122,20.001301,-39.100006
49,1,566.669983,2740.426514,-1096.623901,-183.820953,1939.990234,-770.019592,9.991600,-39.500000
49,3,535.359985,2398.391602,-1468.079956,-173.112305,1939.990234,-770.019592,9.991600,-39.500000
49,4,668.539978,2211.184814,-1744.290039,9.991600,1939.990234,-770.019592,9.991600,-39.500000
49,5,439.839996,2546.067139,-1172.433350,-175.892822,1939.990234,-770.019592,9.991600,-39.500000
49,6,430.179993,2443.899902,-1282.608154,-171.810318,1939.990234,-770.019592,9.991600,-39.500000
49,7,403.089996,2361.267822,-321.854462,-127.873299,1939.990234,-770.019592,9.991600,-39.500000
49,8,403.839996,1579.994385,-1269.614868,-128.129807,1939.990234,-770.019592,9.991600,-39.500000
49,9,682.140015,1821.521851,245.793365,9.991600,1939.990234,-770.019592,9.991600,-39.500000
49,10,307.260010,1506.867188,-309.303192,9.991600,1939.990234,-770.019592,9.991600,-39.500000
49,11,308.350006,1423.335938,-408.921082,9.991600,1939.990234,-770.019592,9.991600,-39.500000
49,12,744.210022,893.152405,-805.656433,9.991600,1939.990234,-770.019592,9.991600,-39.500000
49,16,726.119995,2398.717285,-1709.232788,9.991600,1939.990234,-770.019592,9.991600,-39.500000
50,1,566.669983,2740.426514,-1096.623901,-183.820953,1939.990234,-770.019592,9.991600,-39.500000
50,3,535.359985,2398.391602,-1468.079956,-173.112305,1939.990234,-770.019592,9.991600,-39.500000
50,4,668.539978,2211.184814,-1744.290039,9.991600,1939.990234,-770.019592,9.991600,-39.500000
50,5,439.839996,2546.067139,-1172.433350,-175.892822,1939.990234,-770.019592,9.991600,-39.500000
50,6,430.179993,2443.899902,-1282.608154,-171.810318,1939.990234,-770.019592,9.991600,-39.500000
50,7,403.089996,2361.267822,-321.854462,-127.873299,1939.990234,-770.019592,9.991600,-39.500000
50,8,403.839996,1579.994385,-1269.614868,-128.129807,1939.990234,-770.019592,9.991600,-39.500000
50,9,682.140015,1821.521851,245.793365,9.991600,1939.990234,-770.019592,9.991600,-39.500000
50,10,307.260010,1506.867188,-309.303192,9.991600,1939.990234,-770.019592,9.991600,-39.500000
50,11,308.350006,1423.335938,-408.921082,9.991600,1939.990234,-770.019592,9.991600,-39.500000
50,12,744.210022,893.152405,-805.656433,9.991600,1939.990234,-770.019592,9.991600,-39.500000
50,16,726.119995,2398.717285,-1709.232788,9.991600,1939.990234,-770.019592,9.991600,-39.500000
51,1,566.669983,2740.426514,-1096.623901,-183.820953,1939.990234,-770.019592,9.991600,-39.500000
51,3,535.359985,2398.391602,-1468.079956,-173.112305,1939.990234,-770.019592,9.991600,-39.500000
51,4,668.539978,2211.184814,-1744.290039,9.991600,1939.990234,-770.019592,9.991600,-39.500000
51,5,439.839996,2546.067139,-1172.433350,-175.892822,1939.990234,-770.019592,9.991600,-39.500000
51,6,430.179993,2443.899902,-1282.608154,-171.810318,1939.990234,-770.019592,9.991600,-39.500000
51,7,403.089996,2361.267822,-321.854462,-127.873299,1939.990234,-770.019592,9.991600,-39.500000
51,8,403.839996,1579.994385,-1269.614868,-128.129807,1939.990234,-770.019592,9.991600,-39.500000
51,9,682.140015,1821.521851,245.793365,9.991600,1939.990234,-770.019592,9.991600,-39.500000
51,10,307.260010,1506.867188,-309.303192,9.991600,1939.990234,-770.019592,9.991600,-39.500000
51,11,308.350006,1423.335938,-408.921082,9.991600,1939.990234,-770.019592,9.991600,-39.500000
51,12,744.210022,893.152405,-805.656433,9.991600,1939.990234,-770.019592,9.991600,-39.500000
51,16,726.119995,2398.717285,-1709.232788,9.991600,1939.990234,-770.019592,9.991600,-39.500000
52,1,566.669983,2740.426514,-1096.623901,-183.820953,1939.990234,-770.019592,9.991600,-39.500000
52,3,535.359985,2398.391602,-1468.079956,-173.112305,1939.990234,-770.019592,9.991600,-39.500000
52,4,668.539978,2211.184814,-1744.290039,9.991600,1939.990234,-770.019592,9.991600,-39.500000
52,5,439.839996,2546.067139,-1172.433350,-175.892822,1939.990234,-770.019592,9.991600,-39.500000
52,6,430.179993,2443.899902,-1282.608154,-171.810318,1939.990234,-770.019592,9.991600,-39.500000
52,7,403.089996,2361.267822,-321.854462,-127.873299,1939.990234,-770.019592,9.991600,-39.500000
52,8,403.839996,1579.994385,-1269.614868,-128.129807,1939.990234,-770.019592,9.991600,-39.500000
52,9,682.140015,1821.521851,245.793365,9.991600,1939.990234,-770.019592,9.991600,-39.500000
52,10,307.260010,1506.867188,-309.303192,9.991600,1939.990234,-770.019592,9.991600,-39.500000
52,11,308.350006,1423.335938,-408.921082,9.991600,1939.990234,-770.019592,9.991600,-39.500000
52,12,744.210022,893.152405,-805.656433,9.991600,1939.990234,-770.019592,9.991600,-39.500000
52,16,726.119995,2398.717285,-1709.232788,9.991600,1939.990234,-770.019592,9.991600,-39.500000
53,1,566.669983,2740.426514,-1096.623901,-183.820953,1939.990234,-770.019592,9.991600,-39.500000
53,3,535.359985,2398.391602,-1468.079956,-173.112305,1939.990234,-770.019592,9.991600,-39.500000
53,4,668.539978,2211.184814,-1744.290039,9.991600,1939.990234,-770.019592,9.991600,-39.500000
53,5,439.839996,2546.067139,-1172.433350,-175.892822,1939.990234,-770.019592,9.991600,-39.500000
53,6,430.179993,2443.899902,-1282.608154,-171.810318,1939.990234,-770.019592,9.991600,-39.500000
53,7,403.089996,2361.267822,-321.854462,-127.873299,1939.990234,-770.019592,9.991600,-39.500000
53,8,403.839996,1579.994385,-1269.614868,-128.129807,1939.990234,-770.019592,9.991600,-39.500000
53,9,682.140015,1821.521851,245.793365,9.991600,1939.990234,-770.019592,9.991600,-39.500000
53,10,307.260010,1506.867188,-309.303192,9.991600,1939.990234,-770.019592,9.991600,-39.500000
53,11,308.350006,1423.335938,-408.921082,9.991600,1939.990234,-770.019592,9.991600,-39.500000
53,12,744.210022,893.152405,-805.656433,9.991600,1939.990234,-770.019592,9.991600,-39.500000
53,16,726.119995,2398.717285,-1709.232788,9.991600,1939.990234,-770.019592,9.991600,-39.500000
54,1,566.669983,2740.426514,-1096.623901,-183.820953,1939.990234,-770.019592,9.991600,-39.500000
54,3,535.359985,2398.391602,-1468.079956,-173.112305,1939.990234,-770.019592,9.991600,-39.500000
54,4,668.539978,2211.184814,-1744.290039,9.991600,1939.990234,-770.019592,9.991600,-39.500000
54,5,439.839996,2546.067139,-1172.433350,-175.892822,1939.990234,-770.019592,9.991600,-39.500000
54,6,430.179993,2443.899902,-1282.608154,-171.810318,1939.990234,-770.019592,9.991600,-39.500000
54,7,403.089996,2361.267822,-321.854462,-127.873299,1939.990234,-770.019592,9.991600,-39.500000
54,8,403.839996,1579.994385,-1269.614868,-128.129807,1939.990234,-770.019592,9.991600,-39.500000
54,9,682.140015,1821.521851,245.793365,9.991600,1939.990234,-770.019592,9.991600,-39.500000
54,10,307.260010,1506.867188,-309.303192,9.991600,1939.990234,-770.019592,9.991600,-39.500000
54,11,308.350006,1423.335938,-408.921082,9.991600,1939.990234,-770.019592,9.991600,-39.500000
54,12,744.210022,893.152405,-805.656433,9.991600,1939.990234,-770.019592,9.991600,-39.500000
54,16,726.119995,2398.717285,-1709.232788,9.991600,1939.990234,-770.019592,9.991600,-39.500000
55,1,566.669983,2740.426514,-1096.623901,-183.820953,1939.990234,-770.019592,9.991600,-39.500000
55,3,535.359985,2398.391602,-1468.079956,-173.112305,1939.990234,-770.019592,9.991600,-39.500000
55,4,668.539978,2211.184814,-1744.290039,9.991600,1939.990234,-770.019592,9.991600,-39.500000
55,5,439.839996,2546.067139,-1172.433350,-175.892822,1939.990234,-770.019592,9.991600,-39.500000
55,6,430.179993,2443.899902,-1282.608154,-171.810318,1939.990234,-770.019592,9.991600,-39.500000
55,7,403.089996,2361.267822,-321.854462,-127.873299,1939.990234,-770.019592,9.991600,-39.500000
55,8,403.839996,1579.994385,-1269.614868,-128.129807,1939.990234,-770.019592,9.991600,-39.500000
55,9,682.140015,1821.521851,245.793365,9.991600,1939.990234,-770.019592,9.991600,-39.500000
55,10,307.260010,1506.867188,-309.303192,9.991600,1939.990234,-770.019592,9.991600,-39.500000
55,11,308.350006,1423.335938,-408.921082,9.991600,1939.990234,-770.019592,9.991600,-39.500000
55,12,744.210022,893.152405,-805.656433,9.991600,1939.990234,-770.019592,9.991600,-39.500000
55,16,726.119995,2398.717285,-1709.232788,9.991600,1939.990234,-770.019592,9.991600,-39.500000
56,1,566.669983,2740.426514,-1096.623901,-183.820953,1939.990234,-770.019592,9.991600,-39.500000
56,3,535.359985,2398.391602,-1468.079956,-173.112305,1939.990234,-770.019592,9.991600,-39.500000
56,4,668.539978,2211.184814,-1744.290039,9.991600,1939.990234,-770.019592,9.991600,-39.500000
56,5,439.839996,2546.067139,-1172.433350,-175.892822,1939.990234,-770.019592,9.991600,-39.500000
56,6,430.179993,2443.899902,-1282.608154,-171.810318,1939.990234,-770.019592,9.991600,-39.500000
56,7,403.089996,2361.267822,-321.854462,-127.873299,1939.990234,-770.019592,9.991600,-39.500000
56,8,403.839996,1579.994385,-1269.614868,-128.129807,1939.990234,-770.019592,9.991600,-39.500000
56,9,682.140015,1821.521851,245.793365,9.991600,1939.990234,-770.019592,9.991600,-39.500000
56,10,307.260010,1506.867188,-309.303192,9.991600,1939.990234,-770.019592,9.991600,-39.500000
56,11,308.350006,1423.335938,-408.921082,9.991600,1939.990234,-770.019592,9.991600,-39.500000
56,12,744.210022,893.152405,-805.656433,9.991600,1939.990234,-770.019592,9.991600,-39.500000
56,16,726.119995,2398.717285,-1709.232788,9.991600,1939.990234,-770.019592,9.991600,-39.500000
57,1,566.669983,2740.426514,-1096.623901,-183.820953,1939.990234,-770.019592,9.991600,-39.500000
57,3,535.359985,2398.391602,-1468.079956,-173.112305,1939.990234,-770.019592,9.991600,-39.500000
57,4,668.539978,2211.184814,-1744.290039,9.991600,1939.990234,-770.019592,9.991600,-39.500000
57,5,439.839996,2546.067139,-1172.433350,-175.892822,1939.990234,-770.019592,9.991600,-39.500000
57,6,430.179993,2443.899902,-1282.608154,-171.810318,1939.990234,-770.019592,9.991600,-39.500000
57,7,403.089996,2361.267822,-321.854462,-127.873299,1939.990234,-770.019592,9.991600,-39.500000
57,8,403.839996,1579.994385,-1269.614868,-128.129807,1939.990234,-770.019592,9.991600,-39.500000
57,9,682.140015,1821.521851,245.793365,9.991600,1939.990234,-770.019592,9.991600,-39.500000
57,10,307.260010,1506.867188,-309.303192,9.991600,1939.990234,-770.019592,9.991600,-39.500000
57,11,308.350006,1423.335938,-408.921082,9.991600,1939.990234,-770.019592,9.991600,-39.500000
57,12,744.210022,893.152405,-805.656433,9.991600,1939.990234,-770.019592,9.991600,-39.500000
57,16,726.119995,2398.717285,-1709.232788,9.991600,1939.990234,-770.019592,9.991600,-39.500000
58,1,566.669983,2740.426514,-1096.623901,-183.820953,1939.990234,-770.019592,9.991600,-39.500000
58,3,535.359985,2398.391602,-1468.079956,-173.112305,1939.990234,-770.019592,9.991600,-39.500000
58,4,668.539978,2211.184814,-1744.290039,9.991600,1939.990234,-770.019592,9.991600,-39.500000
58,5,439.839996,2546.067139,-1172.433350,-175.892822,1939.990234,-770.019592,9.991600,-39.500000
58,6,430.179993,2443.899902,-1282.608154,-171.810318,1939.990234,-770.019592,9.991600,-39.500000
58,7,403.089996,2361.267822,-321.854462,-127.873299,1939.990234,-770.019592,9.991600,-39.500000
58,8,403.839996,1579.994385,-1269.614868,-128.129807,1939.990234,-770.019592,9.991600,-39.500000
58,9,682.140015,1821.521851,245.793365,9.991600,1939.990234,-770.019592,9.991600,-39.500000
58,10,307.260010,1506.867188,-309.303192,9.991600,1939.990234,-770.019592,9.991600,-39.500000
58,11,308.350006,1423.335938,-408.921082,9.991600,1939.990234,-770.019592,9.991600,-39.500000
58,12,744.210022,893.152405,-805.656433,9.991600,1939.990234,-770.019592,9.991600,-39.500000
58,16,726.119995,2398.717285,-1709.232788,9.991600,1939.990234,-770.019592,9.991600,-39.500000
59,1,566.669983,2740.426514,-1096.623901,-183.820953,1939.990234,-770.019592,9.991600,-39.500000
59,3,535.359985,2398.391602,-1468.079956,-173.112305,1939.990234,-770.019592,9.991600,-39.500000
59,4,668.539978,2211.184814,-1744.290039,9.991600,1939.990234,-770.019592,9.991600,-39.500000
59,5,439.839996,2546.067139,-1172.433350,-175.892822,1939.990234,-770.019592,9.991600,-39.500000
59,6,430.179993,2443.899902,-1282.608154,-171.810318,1939.990234,-770.019592,9.991600,-39.500000
59,7,403.089996,2361.267822,-321.854462,-127.873299,1939.990234,-770.019592,9.991600,-39.500000
59,8,403.839996,1579.994385,-1269.614868,-128.129807,1939.990234,-770.019592,9.991600,-39.500000
59,9,682.140015,1821.521851,245.793365,9.991600,1939.990234,-770.019592,9.991600,-39.500000
59,10,307.260010,1506.867188,-309.303192,9.991600,1939.990234,-770.019592,9.991600,-39.500000
59,11,308.350006,1423.335938,-408.921082,9.991600,1939.990234,-770.019592,9.991600,-39.500000
59,12,744.210022,893.152405,-805.656433,9.991600,1939.990234,-770.019592,9.991600,-39.500000
59,16,726.119995,2398.717285,-1709.232788,9.991600,1939.990234,-770.019592,9.991600,-39.500000
60,1,539.429993,2790.608887,-1171.501221,-174.504318,2019.970703,-839.941528,9.991600,-40.500000
60,3,515.030029,2456.712158,-1529.268555,-166.159042,2019.970703,-839.941528,9.991600,-40.500000
60,4,616.239990,2256.662598,-1769.496338,9.991600,2019.970703,-839.941528,9.991600,-40.500000
60,5,425.790009,2609.249512,-1244.601562,-169.955032,2019.970703,-839.941528,9.991600,-40.500000
60,6,416.420013,2505.374756,-1353.147339,-165.995102,2019.970703,-839.941528,9.991600,-40.500000
60,7,406.519989,2451.098877,-396.746033,-129.046432,2019.970703,-839.941528,9.991600,-40.500000
60,8,393.589996,1657.565918,-1325.853760,-124.624107,2019.970703,-839.941528,9.991600,-40.500000
60,9,673.250000,1920.716064,169.016220,9.991600,2019.970703,-839.941528,9.991600,-40.500000
60,10,351.399994,1561.390015,-343.069611,9.991600,2019.970703,-839.941528,9.991600,-40.500000
60,11,354.290009,1474.764160,-440.045471,9.991600,2019.970703,-839.941528,9.991600,-40.500000
60,12,784.450012,932.431946,-856.951904,9.991600,2019.970703,-839.941528,9.991600,-40.500000
60,16,661.359985,2425.555908,-1733.647095,9.991600,2019.970703,-839.941528,9.991600,-40.500000
61,1,539.429993,2790.608887,-1171.501221,-174.504318,2019.970703,-839.941528,9.991600,-40.500000
61,3,515.030029,2456.712158,-1529.268555,-166.159042,2019.970703,-839.941528,9.991600,-40.500000
61,4,616.239990,2256.662598,-1769.496338,9.991600,2019.970703,-839.941528,9.991600,-40.500000
61,5,425.790009,2609.249512,-1244.601562,-169.955032,2019.970703,-839.941528,9.991600,-40.500000
61,6,416.420013,2505.374756,-1353.147339,-165.995102,2019.970703,-839.941528,9.991600,-40.500000
61,7,406.519989,2451.098877,-396.746033,-129.046432,2019.970703,-839.941528,9.991600,-40.500000
61,8,393.589996,1657.565918,-1325.853760,-124.624107,2019.970703,-839.941528,9.991600,-40.500000
61,9,673.250000,1920.716064,169.016220,9.991600,2019.970703,-839.941528,9.991600,-40.500000
61,10,351.399994,1561.390015,-343.069611,9.991600,2019.970703,-839.941528,9.991600,-40.500000
61,11,354.290009,1474.764160,-440.045471,9.991600,2019.970703,-839.941528,9.991600,-40.500000
61,12,784.450012,932.431946,-856.951904,9.991600,2019.970703,-839.941528,9.991600,-40.500000
61,16,661.359985,2425.555908,-1733.647095,9.991600,2019.970703,-839.941528,9.991600,-40.500000
62,1,539.429993,2790.608887,-1171.501221,-174.504318,2019.970703,-839.941528,9.991600,-40.500000
62,3,515.030029,2456.712158,-1529.268555,-166.159042,2019.970703,-839.941528,9.991600,-40.500000
62,4,616.239990,2256.662598,-1769.496338,9.991600,2019.970703,-839.941528,9.991600,-40.500000
62,5,425.790009,2609.249512,-1244.601562,-169.955032,2019.970703,-839.941528,9.991600,-40.500000
62,6,416.420013,2505.374756,-1353.147339,-165.995102,2019.970703,-839.941528,9.991600,-40.500000
62,7,406.519989,2451.098877,-396.746033,-129.046432,2019.970703,-839.941528,9.991600,-40.500000
62,8,393.589996,1657.565918,-1325.853760,-124.624107,2019.970703,-839.941528,9.991600,-40.500000
62,9,673.250000,1920.716064,169.016220,9.991600,2019.970703,-839.941528,9.991600,-40.500000
62,10,351.399994,1561.390015,-343.069611,9.991600,2019.970703,-839.941528,9.991600,-40.500000
62,11,354.290009,1474.764160,-440.045471,9.991600,2019.970703,-839.941528,9.991600,-40.500000
62,12,784.450012,932.431946,-856.951904,9.991600,2019.970703,-839.941528,9.991600,-40.500000
62,16,661.359985,2425.555908,-1733.647095,9.991600,2019.970703,-839.941528,9.991600,-40.500000
63,1,539.429993,2790.608887,-1171.501221,-174.504318,2019.970703,-839.941528,9.991600,-40.500000
63,3,515.030029,2456.712158,-1529.268555,-166.159042,2019.970703,-839.941528,9.991600,-40.500000
63,4,616.239990,2256.662598,-1769.496338,9.991600,2019.970703,-839.941528,9.991600,-40.500000
63,5,425.790009,2609.249512,-1244.601562,-169.955032,2019.970703,-839.941528,9.991600,-40.500000
63,6,416.420013,2505.374756,-1353.147339,-165.995102,2019.970703,-839.941528,9.991600,-40.500000
63,7,406.519989,2451.098877,-396.746033,-129.046432,2019.970703,-839.941528,9.991600,-40.500000
63,8,393.589996,1657.565918,-1325.853760,-124.624107,2019.970703,-839.941528,9.991600,-40.500000
63,9,673.250000,1920.716064,169.016220,9.991600,2019.970703,-839.941528,9.991600,-40.500000
63,10,351.399994,1561.390015,-343.069611,9.991600,2019.970703,-839.941528,9.991600,-40.500000
63,11,354.290009,1474.764160,-440.045471,9.991600,2019.970703,-839.941528,9.991600,-40.500000
63,12,784.450012,932.431946,-856.951904,9.991600,2019.970703,-839.941528,9.991600,-40.500000
63,16,661.359985,2425.555908,-1733.647095,9.991600,2019.970703,-839.941528,9.991600,-40.500000
64,1,539.429993,2790.608887,-1171.501221,-174.504318,2019.970703,-839.941528,9.991600,-40.500000
64,3,515.030029,2456.712158,-1529.268555,-166.159042,2019.970703,-839.941528,9.991600,-40.500000
64,4,616.239990,2256.662598,-1769.496338,9.991600,2019.970703,-839.941528,9.991600,-40.500000
64,5,425.790009,2609.249512,-1244.601562,-169.955032,2019.970703,-839.941528,9.991600,-40.500000
64,6,416.420013,2505.374756,-1353.147339,-165.995102,2019.970703,-839.941528,9.991600,-40.500000
64,7,406.519989,2451.098877,-396.746033,-129.046432,2019.970703,-839.941528,9.991600,-40.500000
64,8,393.589996,1657.565918,-1325.853760,-124.624107,2019.970703,-839.941528,9.991600,-40.500000
64,9,673.250000,1920.716064,169.016220,9.991600,2019.970703,-839.941528,9.991600,-40.500000
64,10,351.399994,1561.390015,-343.069611,9.991600,2019.970703,-839.941528,9.991600,-40.500000
64,11,354.290009,1474.764160,-440.045471,9.991600,2019.970703,-839.941528,9.991600,-40.500000
64,12,784.450012,932.431946,-856.951904,9.991600,2019.970703,-839.941528,9.991600,-40.500000
64,16,661.359985,2425.555908,-1733.647095,9.991600,2019.970703,-839.941528,9.991600,-40.500000
65,1,539.429993,2790.608887,-1171.501221,-174.504318,2019.970703,-839.941528,9.991600,-40.500000
65,3,515.030029,2456.712158,-1529.268555,-166.159042,2019.970703,-839.941528,9.991600,-40.500000
65,4,616.239990,2256.662598,-1769.496338,9.991600,2019.970703,-839.941528,9.991600,-40.500000
65,5,425.790009,2609.249512,-1244.601562,-169.955032,2019.970703,-839.941528,9.991600,-40.500000
65,6,416.420013,2505.374756,-1353.147339,-165.995102,2019.970703,-839.941528,9.991600,-40.500000
65,7,406.519989,2451.098877,-396.746033,-129.046432,2019.970703,-839.941528,9.991600,-40.500000
65,8,393.589996,1657.565918,-1325.853760,-124.624107,2019.970703,-839.941528,9.991600,-40.500000
65,9,673.250000,1920.716064,169.016220,9.991600,2019.970703,-839.941528,9.991600,-40.500000
65,10,351.399994,1561.390015,-343.069611,9.991600,2019.970703,-839.941528,9.991600,-40.500000
65,11,354.290009,1474.764160,-440.045471,9.991600,2019.970703,-839.941528,9.991600,-40.500000
65,12,784.450012,932.431946,-856.951904,9.991600,2019.970703,-839.941528,9.991600,-40.500000
65,16,661.359985,2425.555908,-1733.647095,9.991600,2019.970703,-839.941528,9.991600,-40.500000
66,1,539.429993,2790.608887,-1171.501221,-174.504318,2019.970703,-839.941528,9.991600,-40.500000
66,3,515.030029,2456.712158,-1529.268555,-166.159042,2019.970703,-839.941528,9.991600,-40.500000
66,4,616.239990,2256.662598,-1769.496338,9.991600,2019.970703,-839.941528,9.991600,-40.500000
66,5,425.790009,2609.249512,-1244.601562,-169.955032,2019.970703,-839.941528,9.991600,-40.500000
66,6,416.420013,2505.374756,-1353.147339,-165.995102,2019.970703,-839.941528,9.991600,-40.500000
66,7,406.519989,2451.098877,-396.746033,-129.046432,2019.970703,-839.941528,9.991600,-40.500000
66,8,393.589996,1657.565918,-1325.853760,-124.624107,2019.970703,-839.941528,9.991600,-40.500000
66,9,673.250000,1920.716064,169.016220,9.991600,2019.970703,-839.941528,9.991600,-40.500000
66,10,351.399994,1561.390015,-343.069611,9.991600,2019.970703,-839.941528,9.991600,-40.500000
66,11,354.290009,1474.764160,-440.045471,9.991600,2019.970703,-839.941528,9.991600,-40.500000
66,12,784.450012,932.431946,-856.951904,9.991600,2019.970703,-839.941528,9.991600,-40.500000
66,16,661.359985,2425.555908,-1733.647095,9.991600,2019.970703,-839.941528,9.991600,-40.500000
67,1,539.429993,2790.608887,-1171.501221,-174.504318,2019.970703,-839.941528,9.991600,-40.500000
67,3,515.030029,2456.712158,-1529.268555,-166.159042,2019.970703,-839.941528,9.991600,-40.500000
67,4,616.239990,2256.662598,-1769.496338,9.991600,2019.970703,-839.941528,9.991600,-40.500000
67,5,425.790009,2609.249512,-1244.601562,-169.955032,2019.970703,-839.941528,9.991600,-40.500000
67,6,416.420013,2505.374756,-1353.147339,-165.995102,2019.970703,-839.941528,9.991600,-40.500000
67,7,406.519989,2451.098877,-396.746033,-129.046432,2019.970703,-839.941528,9.991600,-40.500000
67,8,393.589996,1657.565918,-1325.853760,-124.624107,2019.970703,-839.941528,9.991600,-40.500000
67,9,673.250000,1920.716064,169.016220,9.991600,2019.970703,-839.941528,9.991600,-40.500000
67,10,351.399994,1561.390015,-343.069611,9.991600,2019.970703,-839.941528,9.991600,-40.500000
67,11,354.290009,1474.764160,-440.045471,9.991600,2019.970703,-839.941528,9.991600,-40.500000
67,12,784.450012,932.431946,-856.951904,9.991600,2019.970703,-839.941528,9.991600,-40.500000
67,16,661.359985,2425.555908,-1733.647095,9.991600,2019.970703,-839.941528,9.991600,-40.500000
68,1,539.429993,2790.608887,-1171.501221,-174.504318,2019.970703,-839.941528,9.991600,-40.500000
68,3,515.030029,2456.712158,-1529.268555,-166.159042,2019.970703,-839.941528,9.991600,-40.500000
68,4,616.239990,2256.662598,-1769.496338,9.991600,2019.970703,-839.941528,9.991600,-40.500000
68,5,425.790009,2609.249512,-1244.601562,-169.955032,2019.970703,-839.941528,9.991600,-40.500000
68,6,416.420013,2505.374756,-1353.147339,-165.995102,2019.970703,-839.941528,9.991600,-40.500000
68,7,406.519989,2451.098877,-396.746033,-129.046432,2019.970703,-839.941528,9.991600,-40.500000
68,8,393.589996,1657.565918,-1325.853760,-124.624107,2019.970703,-839.941528,9.991600,-40.500000
68,9,673.250000,1920.716064,169.016220,9.991600,2019.970703,-839.941528,9.991600,-40.500000
68,10,351.399994,1561.390015,-343.069611,9.991600,2019.970703,-839.941528,9.991600,-40.500000
68,11,354.290009,1474.764160,-440.045471,9.991600,2019.970703,-839.941528,9.991600,-40.500000
68,12,784.450012,932.431946,-856.951904,9.991600,2019.970703,-839.941528,9.991600,-40.500000
68,16,661.359985,2425.555908,-1733.647095,9.991600,2019.970703,-839.941528,9.991600,-40.500000
69,1,539.429993,2790.608887,-1171.501221,-174.504318,2019.970703,-839.941528,9.991600,-40.500000
69,3,515.030029,2456.712158,-1529.268555,-166.159042,2019.970703,-839.941528,9.991600,-40.500000
69,4,616.239990,2256.662598,-1769.496338,9.991600,2019.970703,-839.941528,9.991600,-40.500000
69,5,425.790009,2609.249512,-1244.601562,-169.955032,2019.970703,-839.941528,9.991600,-40.500000
69,6,416.420013,2505.374756,-1353.147339,-165.995102,2019.970703,-839.941528,9.991600,-40.500000
69,7,406.519989,2451.098877,-396.746033,-129.046432,2019.970703,-839.941528,9.991600,-40.500000
69,8,393.589996,1657.565918,-1325.853760,-124.624107,2019.970703,-839.941528,9.991600,-40.500000
69,9,673.250000,1920.716064,169.016220,9.991600,2019.970703,-839.941528,9.991600,-40.500000
69,10,351.399994,1561.390015,-343.069611,9.991600,2019.970703,-839.941528,9.991600,-40.500000
69,11,354.290009,1474.764160,-440.045471,9.991600,2019.970703,-839.941528,9.991600,-40.500000
69,12,784.450012,932.431946,-856.951904,9.991600,2019.970703,-839.941528,9.991600,-40.500000
69,16,661.359985,2425.555908,-1733.647095,9.991600,2019.970703,-839.941528,9.991600,-40.500000
70,1,539.429993,2790.608887,-1171.501221,-174.504318,2019.970703,-839.941528,9.991600,-40.500000
70,3,515.030029,2456.712158,-1529.268555,-166.159042,2019.970703,-839.941528,9.991600,-40.500000
70,4,616.239990,2256.662598,-1769.496338,9.991600,2019.970703,-839.941528,9.991600,-40.500000
70,5,425.790009,2609.249512,-1244.601562,-169.955032,2019.970703,-839.941528,9.991600,-40.500000
70,6,416.420013,2505.374756,-1353.147339,-165.995102,2019.970703,-839.941528,9.991600,-40.500000
70,7,406.519989,2451.098877,-396.746033,-129.046432,2019.970703,-839.941528,9.991600,-40.500000
70,8,393.589996,1657.565918,-1325.853760,-124.624107,2019.970703,-839.941528,9.991600,-40.500000
70,9,673.250000,1920.716064,169.016220,9.991600,2019.970703,-839.941528,9.991600,-40.500000
70,10,351.399994,1561.390015,-343.069611,9.991600,2019.970703,-839.941528,9.991600,-40.500000
70,11,354.290009,1474.764160,-440.045471,9.991600,2019.970703,-839.941528,9.991600,-40.500000
70,12,784.450012,932.431946,-856.951904,9.991600,2019.970703,-839.941528,9.991600,-40.500000
70,16,661.359985,2425.555908,-1733.647095,9.991600,2019.970703,-839.941528,9.991600,-40.500000
71,1,539.429993,2790.608887,-1171.501221,-174.504318,2019.970703,-839.941528,9.991600,-40.500000
71,3,515.030029,2456.712158,-1529.268555,-166.159042,2019.970703,-839.941528,9.991600,-40.500000
71,4,616.239990,2256.662598,-1769.496338,9.991600,2019.970703,-839.941528,9.991600,-40.500000
71,5,425.790009,2609.249512,-1244.601562,-169.955032,2019.970703,-839.941528,9.991600,-40.500000
71,6,416.420013,2505.374756,-1353.147339,-165.995102,2019.970703,-839.941528,9.991600,-40.500000
71,7,406.519989,2451.098877,-396.746033,-129.046432,2019.970703,-839.941528,9.991600,-40.500000
71,8,393.589996,1657.565918,-1325.853760,-124.624107,2019.970703,-839.941528,9.991600,-40.500000
71,9,673.250000,1920.716064,169.016220,9.991600,2019.970703,-839.941528,9.991600,-40.500000
71,10,351.399994,1561.390015,-343.069611,9.991600,2019.970703,-839.941528,9.991600,-40.500000
71,11,354.290009,1474.764160,-440.045471,9.991600,2019.970703,-839.941528,9.991600,-40.500000
71,12,784.450012,932.431946,-856.951904,9.991600,2019.970703,-839.941528,9.991600,-40.500000
71,16,661.359985,2425.555908,-1733.647095,9.991600,2019.970703,-839.941528,9.991600,-40.500000
72,1,575.760010,2905.255127,-1270.209839,-186.929916,2110.009766,-909.960999,9.991600,-41.699997
72,3,551.719971,2548.564697,-1638.639771,-178.707748,2110.009766,-909.960999,9.991600,-41.699997
72,5,452.579987,2708.813232,-1343.025024,-181.276962,2110.009766,-909.960999,9.991600,-41.699997
72,6,450.320007,2607.499268,-1453.658203,-180.321854,2110.009766,-909.960999,9.991600,-41.699997
72,7,408.489990,2551.556396,-474.509399,-129.720200,2110.009766,-909.960999,9.991600,-41.699997
72,8,396.440002,1735.726807,-1390.176636,-125.598869,2110.009766,-909.960999,9.991600,-41.699997
72,9,694.409973,2028.852295,121.792404,9.991600,2110.009766,-909.960999,9.991600,-41.699997
72,10,298.820007,1701.193604,-438.572113,9.991600,2110.009766,-909.960999,9.991600,-41.699997
72,11,305.269989,1609.897827,-531.344360,9.991600,2110.009766,-909.960999,9.991600,-41.699997
72,12,750.260010,1056.528320,-905.206360,9.991600,2110.009766,-909.960999,9.991600,-41.699997
73,1,575.760010,2905.255127,-1270.209839,-186.929916,2110.009766,-909.960999,9.991600,-41.699997
73,3,551.719971,2548.564697,-1638.639771,-178.707748,2110.009766,-909.960999,9.991600,-41.699997
73,5,452.579987,2708.813232,-1343.025024,-181.276962,2110.009766,-909.960999,9.991600,-41.699997
73,6,450.320007,2607.499268,-1453.658203,-180.321854,2110.009766,-909.960999,9.991600,-41.699997
73,7,408.489990,2551.556396,-474.509399,-129.720200,2110.009766,-909.960999,9.991600,-41.699997
73,8,396.440002,1735.726807,-1390.176636,-125.598869,2110.009766,-909.960999,9.991600,-41.699997
73,9,694.409973,2028.852295,121.792404,9.991600,2110.009766,-909.960999,9.991600,-41.699997
73,10,298.820007,1701.193604,-438.572113,9.991600,2110.009766,-909.960999,9.991600,-41.699997
73,11,305.269989,1609.897827,-531.344360,9.991600,2110.009766,-909.960999,9.991600,-41.699997
73,12,750.260010,1056.528320,-905.206360,9.991600,2110.009766,-909.960999,9.991600,-41.699997
74,1,575.760010,2905.255127,-1270.209839,-186.929916,2110.009766,-909.960999,9.991600,-41.699997
74,3,551.719971,2548.564697,-1638.639771,-178.707748,2110.009766,-909.960999,9.991600,-41.699997
74,5,452.579987,2708.813232,-1343.025024,-181.276962,2110.009766,-909.960999,9.991600,-41.699997
74,6,450.320007,2607.499268,-1453.658203,-180.321854,2110.009766,-909.960999,9.991600,-41.699997
74,7,408.489990,2551.556396,-474.509399,-129.720200,2110.009766,-909.960999,9.991600,-41.699997
74,8,396.440002,1735.726807,-1390.176636,-125.598869,2110.009766,-909.960999,9.991600,-41.699997
74,9,694.409973,2028.852295,121.792404,9.991600,2110.009766,-909.960999,9.991600,-41.699997
74,10,298.820007,1701.193604,-438.572113,9.991600,2110.009766,-909.960999,9.991600,-41.699997
74,11,305.269989,1609.897827,-531.344360,9.991600,2110.009766,-909.960999,9.991600,-41.699997
74,12,750.260010,1056.528320,-905.206360,9.991600,2110.009766,-909.960999,9.991600,-41.699997
75,1,575.760010,2905.255127,-1270.209839,-186.929916,2110.009766,-909.960999,9.991600,-41.699997
75,3,551.719971,2548.564697,-1638.639771,-178.707748,2110.009766,-909.960999,9.991600,-41.699997
75,5,452.579987,2708.813232,-1343.025024,-181.276962,2110.009766,-909.960999,9.991600,-41.699997
75,6,450.320007,2607.499268,-1453.658203,-180.321854,2110.009766,-909.960999,9.991600,-41.699997
75,7,408.489990,2551.556396,-474.509399,-129.720200,2110.009766,-909.960999,9.991600,-41.699997
75,8,396.440002,1735.726807,-1390.176636,-125.598869,2110.009766,-909.960999,9.991600,-41.699997
75,9,694.409973,2028.852295,121.792404,9.991600,2110.009766,-909.960999,9.991600,-41.699997
75,10,298.820007,1701.193604,-438.572113,9.991600,2110.009766,-909.960999,9.991600,-41.699997
75,11,305.269989,1609.897827,-531.344360,9.991600,2110.009766,-909.960999,9.991600,-41.699997
75,12,750.260010,1056.528320,-905.206360,9.991600,2110.009766,-909.960999,9.991600,-41.699997
76,1,575.760010,2905.255127,-1270.209839,-186.929916,2110.009766,-909.960999,9.991600,-41.699997
76,3,551.719971,2548.564697,-1638.639771,-178.707748,2110.009766,-909.960999,9.991600,-41.699997
76,5,452.579987,2708.813232,-1343.025024,-181.276962,2110.009766,-909.960999,9.991600,-41.699997
76,6,450.320007,2607.499268,-1453.658203,-180.321854,2110.009766,-909.960999,9.991600,-41.699997
76,7,408.489990,2551.556396,-474.509399,-129.720200,2110.009766,-909.960999,9.991600,-41.699997
76,8,396.440002,1735.726807,-1390.176636,-125.598869,2110.009766,-909.960999,9.991600,-41.699997
76,9,694.409973,2028.852295,121.792404,9.991600,2110.009766,-909.960999,9.991600,-41.699997
76,10,298.820007,1701.193604,-438.572113,9.991600,2110.009766,-909.960999,9.991600,-41.699997
76,11,305.269989,1609.897827,-531.344360,9.991600,2110.009766,-909.960999,9.991600,-41.699997
76,12,750.260010,1056.528320,-905.206360,9.991600,2110.009766,-909.960999,9.991600,-41.699997
77,1,575.760010,2905.255127,-1270.209839,-186.929916,2110.009766,-909.960999,9.991600,-41.699997
77,3,551.719971,2548.564697,-1638.639771,-178.707748,2110.009766,-909.960999,9.991600,-41.699997
77,5,452.579987,2708.813232,-1343.025024,-181.276962,2110.009766,-909.960999,9.991600,-41.699997
77,6,450.320007,2607.499268,-1453.658203,-180.321854,2110.009766,-909.960999,9.991600,-41.699997
77,7,408.489990,2551.556396,-474.509399,-129.720200,2110.009766,-909.960999,9.991600,-41.699997
77,8,396.440002,1735.726807,-1390.176636,-125.598869,2110.009766,-909.960999,9.991600,-41.699997
77,9,694.409973,2028.852295,121.792404,9.991600,2110.009766,-909.960999,9.991600,-41.699997
77,10,298.820007,1701.193604,-438.572113,9.991600,2110.009766,-909.960999,9.991600,-41.699997
77,11,305.269989,1609.897827,-531.344360,9.991600,2110.009766,-909.960999,9.991600,-41.699997
77,12,750.260010,1056.528320,-905.206360,9.991600,2110.009766,-909.960999,9.991600,-41.699997
78,1,575.760010,2905.255127,-1270.209839,-186.929916,2110.009766,-909.960999,9.991600,-41.699997
78,3,551.719971,2548.564697,-1638.639771,-178.707748,2110.009766,-909.960999,9.991600,-41.699997
78,5,452.579987,2708.813232,-1343.025024,-181.276962,2110.009766,-909.960999,9.991600,-41.699997
78,6,450.320007,2607.499268,-1453.658203,-180.321854,2110.009766,-909.960999,9.991600,-41.699997
78,7,408.489990,2551.556396,-474.509399,-129.720200,2110.009766,-909.960999,9.991600,-41.699997
78,8,396.440002,1735.726807,-1390.176636,-125.598869,2110.009766,-909.960999,9.991600,-41.699997
78,9,694.409973,2028.852295,121.792404,9.991600,2110.009766,-909.960999,9.991600,-41.699997
78,10,298.820007,1701.193604,-438.572113,9.991600,2110.009766,-909.960999,9.991600,-41.699997
78,11,305.269989,1609.897827,-531.344360,9.991600,2110.009766,-909.960999,9.991600,-41.699997
78,12,750.260010,1056.528320,-905.206360,9.991600,2110.009766,-909.960999,9.991600,-41.699997
79,1,575.760010,2905.255127,-1270.209839,-186.929916,2110.009766,-909.960999,9.991600,-41.699997
79,3,551.719971,2548.564697,-1638.639771,-178.707748,2110.009766,-909.960999,9.991600,-41.699997
79,5,452.579987,2708.813232,-1343.025024,-181.276962,2110.009766,-909.960999,9.991600,-41.699997
79,6,450.320007,2607.499268,-1453.658203,-180.321854,2110.009766,-909.960999,9.991600,-41.699997
79,7,408.489990,2551.556396,-474.509399,-129.720200,2110.009766,-909.960999,9.991600,-41.699997
79,8,396.440002,1735.726807,-1390.176636,-125.598869,2110.009766,-909.960999,9.991600,-41.699997
79,9,694.409973,2028.852295,121.792404,9.991600,2110.009766,-909.960999,9.991600,-41.699997
79,10,298.820007,1701.193604,-438.572113,9.991600,2110.009766,-909.960999,9.991600,-41.699997
79,11,305.269989,1609.897827,-531.344360,9.991600,2110.009766,-909.960999,9.991600,-41.699997
79,12,750.260010,1056.528320,-905.206360,9.991600,2110.009766,-909.960999,9.991600,-41.699997
80,1,575.760010,2905.255127,-1270.209839,-186.929916,2110.009766,-909.960999,9.991600,-41.699997
80,3,551.719971,2548.564697,-1638.639771,-178.707748,2110.009766,-909.960999,9.991600,-41.699997
80,5,452.579987,2708.813232,-1343.025024,-181.276962,2110.009766,-909.960999,9.991600,-41.699997
80,6,450.320007,2607.499268,-1453.658203,-180.321854,2110.009766,-909.960999,9.991600,-41.699997
80,7,408.489990,2551.556396,-474.509399,-129.720200,2110.009766,-909.960999,9.991600,-41.699997
80,8,396.440002,1735.726807,-1390.176636,-125.598869,2110.009766,-909.960999,9.991600,-41.699997
80,9,694.409973,2028.852295,121.792404,9.991600,2110.009766,-909.960999,9.991600,-41.699997
80,10,298.820007,1701.193604,-438.572113,9.991600,2110.009766,-909.960999,9.991600,-41.699997
80,11,305.269989,1609.897827,-531.344360,9.991600,2110.009766,-909.960999,9.991600,-41.699997
80,12,750.260010,1056.528320,-905.206360,9.991600,2110.009766,-909.960999,9.991600,-41.699997
81,1,575.760010,2905.255127,-1270.209839,-186.929916,2110.009766,-909.960999,9.991600,-41.699997
81,3,551.719971,2548.564697,-1638.639771,-178.707748,2110.009766,-909.960999,9.991600,-41.699997
81,5,452.579987,2708.813232,-1343.025024,-181.276962,2110.009766,-909.960999,9.991600,-41.699997
81,6,450.320007,2607.499268,-1453.658203,-180.321854,2110.009766,-909.960999,9.991600,-41.699997
81,7,408.489990,2551.556396,-474.509399,-129.720200,2110.009766,-909.960999,9.991600,-41.699997
81,8,396.440002,1735.726807,-1390.176636,-125.598869,2110.009766,-909.960999,9.991600,-41.699997
81,9,694.409973,2028.852295,121.792404,9.991600,2110.009766,-909.960999,9.991600,-41.699997
81,10,298.820007,1701.193604,-438.572113,9.991600,2110.009766,-909.960999,9.991600,-41.699997
81,11,305.269989,1609.897827,-531.344360,9.991600,2110.009766,-909.960999,9.991600,-41.699997
81,12,750.260010,1056.528320,-905.206360,9.991600,2110.009766,-909.960999,9.991600,-41.699997
82,1,575.760010,2905.255127,-1270.209839,-186.929916,2110.009766,-909.960999,9.991600,-41.699997
82,3,551.719971,2548.564697,-1638.639771,-178.707748,2110.009766,-909.960999,9.991600,-41.699997
82,5,452.579987,2708.813232,-1343.025024,-181.276962,2110.009766,-909.960999,9.991600,-41.699997
82,6,450.320007,2607.499268,-1453.658203,-180.321854,2110.009766,-909.960999,9.991600,-41.699997
82,7,408.489990,2551.556396,-474.509399,-129.720200,2110.009766,-909.960999,9.991600,-41.699997
82,8,396.440002,1735.726807,-1390.176636,-125.598869,2110.009766,-909.960999,9.991600,-41.699997
82,9,694.409973,2028.852295,121.792404,9.991600,2110.009766,-909.960999,9.991600,-41.699997
82,10,298.820007,1701.193604,-438.572113,9.991600,2110.009766,-909.960999,9.991600,-41.699997
82,11,305.269989,1609.897827,-531.344360,9.991600,2110.009766,-909.960999,9.991600,-41.699997
82,12,750.260010,1056.528320,-905.206360,9.991600,2110.009766,-909.960999,9.991600,-41.699997
83,1,573.219971,2981.125244,-1343.494141,-196.058777,2189.990234,-979.980530,-0.006000,-42.000000
83,3,571.309998,2633.365967,-1727.199341,-195.405533,2189.990234,-979.980530,-0.006000,-42.000000
83,5,450.320007,2784.995605,-1414.803345,-190.319458,2189.990234,-979.980530,-0.006000,-42.000000
83,6,451.790009,2685.616211,-1527.166504,-190.940704,2189.990234,-979.980530,-0.006000,-42.000000
83,7,402.010010,2629.736328,-551.371948,-137.501526,2189.990234,-979.980530,-0.006000,-42.000000
83,8,402.929993,1809.117188,-1462.761963,-137.816177,2189.990234,-979.980530,-0.006000,-42.000000
83,9,665.979980,2118.192871,24.030392,-0.006000,2189.990234,-979.980530,-0.006000,-42.000000
83,10,307.730011,1777.026367,-500.495544,-0.006000,2189.990234,-979.980530,-0.006000,-42.000000
83,11,317.579987,1682.719360,-590.513489,-0.006000,2189.990234,-979.980530,-0.006000,-42.000000
83,12,797.659973,1089.176880,-968.055603,-0.006000,2189.990234,-979.980530,-0.006000,-42.000000
84,1,573.219971,2981.125244,-1343.494141,-196.058777,2189.990234,-979.980530,-0.006000,-42.000000
84,3,571.309998,2633.365967,-1727.199341,-195.405533,2189.990234,-979.980530,-0.006000,-42.000000
84,5,450.320007,2784.995605,-1414.803345,-190.319458,2189.990234,-979.980530,-0.006000,-42.000000
84,6,451.790009,2685.616211,-1527.166504,-190.940704,2189.990234,-979.980530,-0.006000,-42.000000
84,7,402.010010,2629.736328,-551.371948,-137.501526,2189.990234,-979.980530,-0.006000,-42.000000
84,8,402.929993,1809.117188,-1462.761963,-137.816177,2189.990234,-979.980530,-0.006000,-42.000000
84,9,665.979980,2118.192871,24.030392,-0.006000,2189.990234,-979.980530,-0.006000,-42.000000
84,10,307.730011,1777.026367,-500.495544,-0.006000,2189.990234,-979.980530,-0.006000,-42.000000
84,11,317.579987,1682.719360,-590.513489,-0.006000,2189.990234,-979.980530,-0.006000,-42.000000
84,12,797.659973,1089.176880,-968.055603,-0.006000,2189.990234,-979.980530,-0.006000,-42.000000
85,1,573.219971,2981.125244,-1343.494141,-196.058777,2189.990234,-979.980530,-0.006000,-42.000000
85,3,571.309998,2633.365967,-1727.199341,-195.405533,2189.990234,-979.980530,-0.006000,-42.000000
85,5,450.320007,2784.995605,-1414.803345,-190.319458,2189.990234,-979.980530,-0.006000,-42.000000
85,6,451.790009,2685.616211,-1527.166504,-190.940704,2189.990234,-979.980530,-0.006000,-42.000000
85,7,402.010010,2629.736328,-551.371948,-137.501526,2189.990234,-979.980530,-0.006000,-42.000000
85,8,402.929993,1809.117188,-1462.761963,-137.816177,2189.990234,-979.980530,-0.006000,-42.000000
85,9,665.979980,2118.192871,24.030392,-0.006000,2189.990234,-979.980530,-0.006000,-42.000000
85,10,307.730011,1777.026367,-500.495544,-0.006000,2189.990234,-979.980530,-0.006000,-42.000000
85,11,317.579987,1682.719360,-590.513489,-0.006000,2189.990234,-979.980530,-0.006000,-42.000000
85,12,797.659973,1089.176880,-968.055603,-0.006000,2189.990234,-979.980530,-0.006000,-42.000000
86,1,573.219971,2981.125244,-1343.494141,-196.058777,2189.990234,-979.980530,-0.006000,-42.000000
86,3,571.309998,2633.365967,-1727.199341,-195.405533,2189.990234,-979.980530,-0.006000,-42.000000
86,5,450.320007,2784.995605,-1414.803345,-190.319458,2189.990234,-979.980530,-0.006000,-42.000000
86,6,451.790009,2685.616211,-1527.166504,-190.940704,2189.990234,-979.980530,-0.006000,-42.000000
86,7,402.010010,2629.736328,-551.371948,-137.501526,2189.990234,-979.980530,-0.006000,-42.000000
86,8,402.929993,1809.117188,-1462.761963,-137.816177,2189.990234,-979.980530,-0.006000,-42.000000
86,9,665.979980,2118.192871,24.030392,-0.006000,2189.990234,-979.980530,-0.006000,-42.000000
86,10,307.730011,1777.026367,-500.495544,-0.006000,2189.990234,-979.980530,-0.006000,-42.000000
86,11,317.579987,1682.719360,-590.513489,-0.006000,2189.990234,-979.980530,-0.006000,-42.000000
86,12,797.659973,1089.176880,-968.055603,-0.006000,2189.990234,-979.980530,-0.006000,-42.000000
87,1,573.219971,2981.125244,-1343.494141,-196.058777,2189.990234,-979.980530,-0.006000,-42.000000
87,3,571.309998,2633.365967,-1727.199341,-195.405533,2189.990234,-979.980530,-0.006000,-42.000000
87,5,450.320007,2784.995605,-1414.803345,-190.319458,2189.990234,-979.980530,-0.006000,-42.000000
87,6,451.790009,2685.616211,-1527.166504,-190.940704,2189.990234,-979.980530,-0.006000,-42.000000
87,7,402.010010,2629.736328,-551.371948,-137.501526,2189.990234,-979.980530,-0.006000,-42.000000
87,8,402.929993,1809.117188,-1462.761963,-137.816177,2189.990234,-979.980530,-0.006000,-42.000000
87,9,665.979980,2118.192871,24.030392,-0.006000,2189.990234,-979.980530,-0.006000,-42.000000
87,10,307.730011,1777.026367,-500.495544,-0.006000,2189.990234,-979.980530,-0.006000,-42.000000
87,11,317.579987,1682.719360,-590.513489,-0.006000,2189.990234,-979.980530,-0.006000,-42.000000
87,12,797.659973,1089.176880,-968.055603,-0.006000,2189.990234,-979.980530,-0.006000,-42.000000
88,1,573.219971,2981.125244,-1343.494141,-196.058777,2189.990234,-979.980530,-0.006000,-42.000000
88,3,571.309998,2633.365967,-1727.199341,-195.405533,2189.990234,-979.980530,-0.006000,-42.000000
88,5,450.320007,2784.995605,-1414.803345,-190.319458,2189.990234,-979.980530,-0.006000,-42.000000
88,6,451.790009,2685.616211,-1527.166504,-190.940704,2189.990234,-979.980530,-0.006000,-42.000000
88,7,402.010010,2629.736328,-551.371948,-137.501526,2189.990234,-979.980530,-0.006000,-42.000000
88,8,402.929993,1809.117188,-1462.761963,-137.816177,2189.990234,-979.980530,-0.006000,-42.000000
88,9,665.979980,2118.192871,24.030392,-0.006000,2189.990234,-979.980530,-0.006000,-42.000000
88,10,307.730011,1777.026367,-500.495544,-0.006000,2189.990234,-979.980530,-0.006000,-42.000000
88,11,317.579987,1682.719360,-590.513489,-0.006000,2189.990234,-979.980530,-0.006000,-42.000000
88,12,797.659973,1089.176880,-968.055603,-0.006000,2189.990234,-979.980530,-0.006000,-42.000000
89,1,573.219971,2981.125244,-1343.494141,-196.058777,2189.990234,-979.980530,-0.006000,-42.000000
89,3,571.309998,2633.365967,-1727.199341,-195.405533,2189.990234,-979.980530,-0.006000,-42.000000
89,5,450.320007,2784.995605,-1414.803345,-190.319458,2189.990234,-979.980530,-0.006000,-42.000000
89,6,451.790009,2685.616211,-1527.166504,-190.940704,2189.990234,-979.980530,-0.006000,-42.000000
89,7,402.010010,2629.736328,-551.371948,-137.501526,2189.990234,-979.980530,-0.006000,-42.000000
89,8,402.929993,1809.117188,-1462.761963,-137.816177,2189.990234,-979.980530,-0.006000,-42.000000
89,9,665.979980,2118.192871,24.030392,-0.006000,2189.990234,-979.980530,-0.006000,-42.000000
89,10,307.730011,1777.026367,-500.495544,-0.006000,2189.990234,-979.980530,-0.006000,-42.000000
89,11,317.579987,1682.719360,-590.513489,-0.006000,2189.990234,-979.980530,-0.006000,-42.000000
89,12,797.659973,1089.176880,-968.055603,-0.006000,2189.990234,-979.980530,-0.006000,-42.000000
90,1,573.219971,2981.125244,-1343.494141,-196.058777,2189.990234,-979.980530,-0.006000,-42.000000
90,3,571.309998,2633.365967,-1727.199341,-195.405533,2189.990234,-979.980530,-0.006000,-42.000000
90,5,450.320007,2784.995605,-1414.803345,-190.319458,2189.990234,-979.980530,-0.006000,-42.000000
90,6,451.790009,2685.616211,-1527.166504,-190.940704,2189.990234,-979.980530,-0.006000,-42.000000
90,7,402.010010,2629.736328,-551.371948,-137.501526,2189.990234,-979.980530,-0.006000,-42.000000
90,8,402.929993,1809.117188,-1462.761963,-137.816177,2189.990234,-979.980530,-0.006000,-42.000000
90,9,665.979980,2118.192871,24.030392,-0.006000,2189.990234,-979.980530,-0.006000,-42.000000
90,10,307.730011,1777.026367,-500.495544,-0.006000,2189.990234,-979.980530,-0.006000,-42.000000
90,11,317.579987,1682.719360,-590.513489,-0.006000,2189.990234,-979.980530,-0.006000,-42.000000
90,12,797.659973,1089.176880,-968.055603,-0.006000,2189.990234,-979.980530,-0.006000,-42.000000
91,1,573.219971,2981.125244,-1343.494141,-196.058777,2189.990234,-979.980530,-0.006000,-42.000000
91,3,571.309998,2633.365967,-1727.199341,-195.405533,2189.990234,-979.980530,-0.006000,-42.000000
91,5,450.320007,2784.995605,-1414.803345,-190.319458,2189.990234,-979.980530,-0.006000,-42.000000
91,6,451.790009,2685.616211,-1527.166504,-190.940704,2189.990234,-979.980530,-0.006000,-42.000000
91,7,402.010010,2629.736328,-551.371948,-137.501526,2189.990234,-979.980530,-0.006000,-42.000000
91,8,402.929993,1809.117188,-1462.761963,-137.816177,2189.990234,-979.980530,-0.006000,-42.000000
91,9,665.979980,2118.192871,24.030392,-0.006000,2189.990234,-979.980530,-0.006000,-42.000000
91,10,307.730011,1777.026367,-500.495544,-0.006000,2189.990234,-979.980530,-0.006000,-42.000000
91,11,317.579987,1682.719360,-590.513489,-0.006000,2189.990234,-979.980530,-0.006000,-42.000000
91,12,797.659973,1089.176880,-968.055603,-0.006000,2189.990234,-979.980530,-0.006000,-42.000000
92,1,573.219971,2981.125244,-1343.494141,-196.058777,2189.990234,-979.980530,-0.006000,-42.000000
92,3,571.309998,2633.365967,-1727.199341,-195.405533,2189.990234,-979.980530,-0.006000,-42.000000
92,5,450.320007,2784.995605,-1414.803345,-190.319458,2189.990234,-979.980530,-0.006000,-42.000000
92,6,451.790009,2685.616211,-1527.166504,-190.940704,2189.990234,-979.980530,-0.006000,-42.000000
92,7,402.010010,2629.736328,-551.371948,-137.501526,2189.990234,-979.980530,-0.006000,-42.000000
92,8,402.929993,1809.117188,-1462.761963,-137.816177,2189.990234,-979.980530,-0.006000,-42.000000
92,9,665.979980,2118.192871,24.030392,-0.006000,2189.990234,-979.980530,-0.006000,-42.000000
92,10,307.730011,1777.026367,-500.495544,-0.006000,2189.990234,-979.980530,-0.006000,-42.000000
92,11,317.579987,1682.719360,-590.513489,-0.006000,2189.990234,-979.980530,-0.006000,-42.000000
92,12,797.659973,1089.176880,-968.055603,-0.006000,2189.990234,-979.980530,-0.006000,-42.000000
93,1,573.219971,2981.125244,-1343.494141,-196.058777,2189.990234,-979.980530,-0.006000,-42.000000
93,3,571.309998,2633.365967,-1727.199341,-195.405533,2189.990234,-979.980530,-0.006000,-42.000000
93,5,450.320007,2784.995605,-1414.803345,-190.319458,2189.990234,-979.980530,-0.006000,-42.000000
93,6,451.790009,2685.616211,-1527.166504,-190.940704,2189.990234,-979.980530,-0.006000,-42.000000
93,7,402.010010,2629.736328,-551.371948,-137.501526,2189.990234,-979.980530,-0.006000,-42.000000
93,8,402.929993,1809.117188,-1462.761963,-137.816177,2189.990234,-979.980530,-0.006000,-42.000000
93,9,665.979980,2118.192871,24.030392,-0.006000,2189.990234,-979.980530,-0.006000,-42.000000
93,10,307.730011,1777.026367,-500.495544,-0.006000,2189.990234,-979.980530,-0.006000,-42.000000
93,11,317.579987,1682.719360,-590.513489,-0.006000,2189.990234,-979.980530,-0.006000,-42.000000
93,12,797.659973,1089.176880,-968.055603,-0.006000,2189.990234,-979.980530,-0.006000,-42.000000
94,1,573.219971,2981.125244,-1343.494141,-196.058777,2189.990234,-979.980530,-0.006000,-42.000000
94,3,571.309998,2633.365967,-1727.199341,-195.405533,2189.990234,-979.980530,-0.006000,-42.000000
94,5,450.320007,2784.995605,-1414.803345,-190.319458,2189.990234,-979.980530,-0.006000,-42.000000
94,6,451.790009,2685.616211,-1527.166504,-190.940704,2189.990234,-979.980530,-0.006000,-42.000000
94,7,402.010010,2629.736328,-551.371948,-137.501526,2189.990234,-979.980530,-0.006000,-42.000000
94,8,402.929993,1809.117188,-1462.761963,-137.816177,2189.990234,-979.980530,-0.006000,-42.000000
94,9,665.979980,2118.192871,24.030392,-0.006000,2189.990234,-979.980530,-0.006000,-42.000000
94,10,307.730011,1777.026367,-500.495544,-0.006000,2189.990234,-979.980530,-0.006000,-42.000000
94,11,317.579987,1682.719360,-590.513489,-0.006000,2189.990234,-979.980530,-0.006000,-42.000000
94,12,797.659973,1089.176880,-968.055603,-0.006000,2189.990234,-979.980530,-0.006000,-42.000000
95,1,547.349976,3037.946289,-1415.708984,-187.210724,2269.970703,-1059.961060,-0.006000,-42.100006
95,5,434.399994,2853.510742,-1486.148560,-183.591370,2269.970703,-1059.961060,-0.006000,-42.100006
95,6,435.459991,2753.659668,-1598.088989,-184.039337,2269.970703,-1059.961060,-0.006000,-42.100006
95,7,397.619995,2707.698730,-635.181519,-136.000046,2269.970703,-1059.961060,-0.006000,-42.100006
95,8,402.279999,1888.665039,-1541.623657,-137.593857,2269.970703,-1059.961060,-0.006000,-42.100006
95,9,641.580017,2203.279541,-79.994713,-0.006000,2269.970703,-1059.961060,-0.006000,-42.100006
95,10,350.880005,1825.828125,-550.827087,-0.006000,2269.970703,-1059.961060,-0.006000,-42.100006
95,11,363.579987,1729.249634,-638.769531,-0.006000,2269.970703,-1059.961060,-0.006000,-42.100006
95,12,857.049988,1109.829834,-1043.938477,-0.006000,2269.970703,-1059.961060,-0.006000,-42.100006
96,1,547.349976,3037.946289,-1415.708984,-187.210724,2269.970703,-1059.961060,-0.006000,-42.100006
96,5,434.399994,2853.510742,-1486.148560,-183.591370,2269.970703,-1059.961060,-0.006000,-42.100006
96,6,435.459991,2753.659668,-1598.088989,-184.039337,2269.970703,-1059.961060,-0.006000,-42.100006
96,7,397.619995,2707.698730,-635.181519,-136.000046,2269.970703,-1059.961060,-0.006000,-42.100006
96,8,402.279999,1888.665039,-1541.623657,-137.593857,2269.970703,-1059.961060,-0.006000,-42.100006
96,9,641.580017,2203.279541,-79.994713,-0.006000,2269.970703,-1059.961060,-0.006000,-42.100006
96,10,350.880005,1825.828125,-550.827087,-0.006000,2269.970703,-1059.961060,-0.006000,-42.100006
96,11,363.579987,1729.249634,-638.769531,-0.006000,2269.970703,-1059.961060,-0.006000,-42.100006
96,12,857.049988,1109.829834,-1043.938477,-0.006000,2269.970703,-1059.961060,-0.006000,-42.100006
97,1,547.349976,3037.946289,-1415.708984,-187.210724,2269.970703,-1059.961060,-0.006000,-42.100006
97,5,434.399994,2853.510742,-1486.148560,-183.591370,2269.970703,-1059.961060,-0.006000,-42.100006
97,6,435.459991,2753.659668,-1598.088989,-184.039337,2269.970703,-1059.961060,-0.006000,-42.100006
97,7,397.619995,2707.698730,-635.181519,-136.000046,2269.970703,-1059.961060,-0.006000,-42.100006
97,8,402.279999,1888.665039,-1541.623657,-137.593857,2269.970703,-1059.961060,-0.006000,-42.100006
97,9,641.580017,2203.279541,-79.994713,-0.006000,2269.970703,-1059.961060,-0.006000,-42.100006
97,10,350.880005,1825.828125,-550.827087,-0.006000,2269.970703,-1059.961060,-0.006000,-42.100006
97,11,363.579987,1729.249634,-638.769531,-0.006000,2269.970703,-1059.961060,-0.006000,-42.100006
97,12,857.049988,1109.829834,-1043.938477,-0.006000,2269.970703,-1059.961060,-0.006000,-42.100006
98,1,547.349976,3037.946289,-1415.708984,-187.210724,2269.970703,-1059.961060,-0.006000,-42.100006
98,5,434.399994,2853.510742,-1486.148560,-183.591370,2269.970703,-1059.961060,-0.006000,-42.100006
98,6,435.459991,2753.659668,-1598.088989,-184.039337,2269.970703,-1059.961060,-0.006000,-42.100006
98,7,397.619995,2707.698730,-635.181519,-136.000046,2269.970703,-1059.961060,-0.006000,-42.100006
98,8,402.279999,1888.665039,-1541.623657,-137.593857,2269.970703,-1059.961060,-0.006000,-42.100006
98,9,641.580017,2203.279541,-79.994713,-0.006000,2269.970703,-1059.961060,-0.006000,-42.100006
98,10,350.880005,1825.828125,-550.827087,-0.006000,2269.970703,-1059.961060,-0.006000,-42.100006
98,11,363.579987,1729.249634,-638.769531,-0.006000,2269.970703,-1059.961060,-0.006000,-42.100006
98,12,857.049988,1109.829834,-1043.938477,-0.006000,2269.970703,-1059.961060,-0.006000,-42.100006
99,1,547.349976,3037.946289,-1415.708984,-187.210724,2269.970703,-1059.961060,-0.006000,-42.100006
99,5,434.399994,2853.510742,-1486.148560,-183.591370,2269.970703,-1059.961060,-0.006000,-42.100006
99,6,435.459991,2753.659668,-1598.088989,-184.039337,2269.970703,-1059.961060,-0.006000,-42.100006
99,7,397.619995,2707.698730,-635.181519,-136.000046,2269.970703,-1059.961060,-0.006000,-42.100006
99,8,402.279999,1888.665039,-1541.623657,-137.593857,2269.970703,-1059.961060,-0.006000,-42.100006
99,9,641.580017,2203.279541,-79.994713,-0.006000,2269.970703,-1059.961060,-0.006000,-42.100006
99,10,350.880005,1825.828125,-550.827087,-0.006000,2269.970703,-1059.961060,-0.006000,-42.100006
99,11,363.579987,1729.249634,-638.769531,-0.006000,2269.970703,-1059.961060,-0.006000,-42.100006
99,12,857.049988,1109.829834,-1043.938477,-0.006000,2269.970703,-1059.961060,-0.006000,-42.100006
100,1,547.349976,3037.946289,-1415.708984,-187.210724,2269.970703,-1059.961060,-0.006000,-42.100006
100,5,434.399994,2853.510742,-1486.148560,-183.591370,2269.970703,-1059.961060,-0.006000,-42.100006
100,6,435.459991,2753.659668,-1598.088989,-184.039337,2269.970703,-1059.961060,-0.006000,-42.100006
100,7,397.619995,2707.698730,-635.181519,-136.000046,2269.970703,-1059.961060,-0.006000,-42.100006
100,8,402.279999,1888.665039,-1541.623657,-137.593857,2269.970703,-1059.961060,-0.006000,-42.100006
100,9,641.580017,2203.279541,-79.994713,-0.006000,2269.970703,-1059.961060,-0.006000,-42.100006
100,10,350.880005,1825.828125,-550.827087,-0.006000,2269.970703,-1059.961060,-0.006000,-42.100006
100,11,363.579987,1729.249634,-638.769531,-0.006000,2269.970703,-1059.961060,-0.006000,-42.100006
100,12,857.049988,1109.829834,-1043.938477,-0.006000,2269.970703,-1059.961060,-0.006000,-42.100006
101,1,547.349976,3037.946289,-1415.708984,-187.210724,2269.970703,-1059.961060,-0.006000,-42.100006
101,5,434.399994,2853.510742,-1486.148560,-183.591370,2269.970703,-1059.961060,-0.006000,-42.100006
101,6,435.459991,2753.659668,-1598.088989,-184.039337,2269.970703,-1059.961060,-0.006000,-42.100006
101,7,397.619995,2707.698730,-635.181519,-136.000046,2269.970703,-1059.961060,-0.006000,-42.100006
101,8,402.279999,1888.665039,-1541.623657,-137.593857,2269.970703,-1059.961060,-0.006000,-42.100006
101,9,641.580017,2203.279541,-79.994713,-0.006000,2269.970703,-1059.961060,-0.006000,-42.100006
101,10,350.880005,1825.828125,-550.827087,-0.006000,2269.970703,-1059.961060,-0.006000,-42.100006
101,11,363.579987,1729.249634,-638.769531,-0.006000,2269.970703,-1059.961060,-0.006000,-42.100006
101,12,857.049988,1109.829834,-1043.938477,-0.006000,2269.970703,-1059.961060,-0.006000,-42.100006
102,1,547.349976,3037.946289,-1415.708984,-187.210724,2269.970703,-1059.961060,-0.006000,-42.100006
102,5,434.399994,2853.510742,-1486.148560,-183.591370,2269.970703,-1059.961060,-0.006000,-42.100006
102,6,435.459991,2753.659668,-1598.088989,-184.039337,2269.970703,-1059.961060,-0.006000,-42.100006
102,7,397.619995,2707.698730,-635.181519,-136.000046,2269.970703,-1059.961060,-0.006000,-42.100006
102,8,402.279999,1888.665039,-1541.623657,-137.593857,2269.970703,-1059.961060,-0.006000,-42.100006
102,9,641.580017,2203.279541,-79.994713,-0.006000,2269.970703,-1059.961060,-0.006000,-42.100006
102,10,350.880005,1825.828125,-550.827087,-0.006000,2269.970703,-1059.961060,-0.006000,-42.100006
102,11,363.579987,1729.249634,-638.769531,-0.006000,2269.970703,-1059.961060,-0.006000,-42.100006
102,12,857.049988,1109.829834,-1043.938477,-0.006000,2269.970703,-1059.961060,-0.006000,-42.100006
103,1,547.349976,3037.946289,-1415.708984,-187.210724,2269.970703,-1059.961060,-0.006000,-42.100006
103,5,434.399994,2853.510742,-1486.148560,-183.591370,2269.970703,-1059.961060,-0.006000,-42.100006
103,6,435.459991,2753.659668,-1598.088989,-184.039337,2269.970703,-1059.961060,-0.006000,-42.100006
103,7,397.619995,2707.698730,-635.181519,-136.000046,2269.970703,-1059.961060,-0.006000,-42.100006
103,8,402.279999,1888.665039,-1541.623657,-137.593857,2269.970703,-1059.961060,-0.006000,-42.100006
103,9,641.580017,2203.279541,-79.994713,-0.006000,2269.970703,-1059.961060,-0.006000,-42.100006
103,10,350.880005,1825.828125,-550.827087,-0.006000,2269.970703,-1059.961060,-0.006000,-42.100006
103,11,363.579987,1729.249634,-638.769531,-0.006000,2269.970703,-1059.961060,-0.006000,-42.100006
103,12,857.049988,1109.829834,-1043.938477,-0.006000,2269.970703,-1059.961060,-0.006000,-42.100006
104,1,547.349976,3037.946289,-1415.708984,-187.210724,2269.970703,-1059.961060,-0.006000,-42.100006
104,5,434.399994,2853.510742,-1486.148560,-183.591370,2269.970703,-1059.961060,-0.006000,-42.100006
104,6,435.459991,2753.659668,-1598.088989,-184.039337,2269.970703,-1059.961060,-0.006000,-42.100006
104,7,397.619995,2707.698730,-635.181519,-136.000046,2269.970703,-1059.961060,-0.006000,-42.100006
104,8,402.279999,1888.665039,-1541.623657,-137.593857,2269.970703,-1059.961060,-0.006000,-42.100006
104,9,641.580017,2203.279541,-79.994713,-0.006000,2269.970703,-1059.961060,-0.006000,-42.100006
104,10,350.880005,1825.828125,-550.827087,-0.006000,2269.970703,-1059.961060,-0.006000,-42.100006
104,11,363.579987,1729.249634,-638.769531,-0.006000,2269.970703,-1059.961060,-0.006000,-42.100006
104,12,857.049988,1109.829834,-1043.938477,-0.006000,2269.970703,-1059.961060,-0.006000,-42.100006
105,1,547.349976,3037.946289,-1415.708984,-187.210724,2269.970703,-1059.961060,-0.006000,-42.100006
105,5,434.399994,2853.510742,-1486.148560,-183.591370,2269.970703,-1059.961060,-0.006000,-42.100006
105,6,435.459991,2753.659668,-1598.088989,-184.039337,2269.970703,-1059.961060,-0.006000,-42.100006
105,7,397.619995,2707.698730,-635.181519,-136.000046,2269.970703,-1059.961060,-0.006000,-42.100006
105,8,402.279999,1888.665039,-1541.623657,-137.593857,2269.970703,-1059.961060,-0.006000,-42.100006
105,9,641.580017,2203.279541,-79.994713,-0.006000,2269.970703,-1059.961060,-0.006000,-42.100006
105,10,350.880005,1825.828125,-550.827087,-0.006000,2269.970703,-1059.961060,-0.006000,-42.100006
105,11,363.579987,1729.249634,-638.769531,-0.006000,2269.970703,-1059.961060,-0.006000,-42.100006
105,12,857.049988,1109.829834,-1043.938477,-0.006000,2269.970703,-1059.961060,-0.006000,-42.100006
106,1,547.349976,3037.946289,-1415.708984,-187.210724,2269.970703,-1059.961060,-0.006000,-42.100006
106,5,434.399994,2853.510742,-1486.148560,-183.591370,2269.970703,-1059.961060,-0.006000,-42.100006
106,6,435.459991,2753.659668,-1598.088989,-184.039337,2269.970703,-1059.961060,-0.006000,-42.100006
106,7,397.619995,2707.698730,-635.181519,-136.000046,2269.970703,-1059.961060,-0.006000,-42.100006
106,8,402.279999,1888.665039,-1541.623657,-137.593857,2269.970703,-1059.961060,-0.006000,-42.100006
106,9,641.580017,2203.279541,-79.994713,-0.006000,2269.970703,-1059.961060,-0.006000,-42.100006
106,10,350.880005,1825.828125,-550.827087,-0.006000,2269.970703,-1059.961060,-0.006000,-42.100006
106,11,363.579987,1729.249634,-638.769531,-0.006000,2269.970703,-1059.961060,-0.006000,-42.100006
106,12,857.049988,1109.829834,-1043.938477,-0.006000,2269.970703,-1059.961060,-0.006000,-42.100006
107,1,559.510010,3128.562744,-1490.027466,-201.367294,2350.000000,-1129.980469,-10.003600,-42.100006
107,3,646.969971,2825.339355,-1940.805298,-231.280365,2350.000000,-1129.980469,-10.003600,-42.100006
107,5,434.040009,2933.298096,-1555.949341,-193.436829,2350.000000,-1129.980469,-10.003600,-42.100006
107,6,443.899994,2839.364502,-1673.236694,-197.603851,2350.000000,-1129.980469,-10.003600,-42.100006
107,7,397.100006,2787.400391,-705.563538,-145.819794,2350.000000,-1129.980469,-10.003600,-42.100006
107,8,400.820007,1969.614136,-1610.625244,-147.092117,2350.000000,-1129.980469,-10.003600,-42.100006
107,9,654.760010,2281.497314,-136.959305,-10.003600,2350.000000,-1129.980469,-10.003600,-42.100006
107,10,330.869995,1920.704346,-634.261841,-10.003600,2350.000000,-1129.980469,-10.003600,-42.100006
107,11,337.089996,1828.933838,-726.548584,-10.003600,2350.000000,-1129.980469,-10.003600,-42.100006
108,1,559.510010,3128.562744,-1490.027466,-201.367294,2350.000000,-1129.980469,-10.003600,-42.100006
108,3,646.969971,2825.339355,-1940.805298,-231.280365,2350.000000,-1129.980469,-10.003600,-42.100006
108,5,434.040009,2933.298096,-1555.949341,-193.436829,2350.000000,-1129.980469,-10.003600,-42.100006
108,6,443.899994,2839.364502,-1673.236694,-197.603851,2350.000000,-1129.980469,-10.003600,-42.100006
108,7,397.100006,2787.400391,-705.563538,-145.819794,2350.000000,-1129.980469,-10.003600,-42.100006
108,8,400.820007,1969.614136,-1610.625244,-147.092117,2350.000000,-1129.980469,-10.003600,-42.100006
108,9,654.760010,2281.497314,-136.959305,-10.003600,2350.000000,-1129.980469,-10.003600,-42.100006
108,10,330.869995,1920.704346,-634.261841,-10.003600,2350.000000,-1129.980469,-10.003600,-42.100006
108,11,337.089996,1828.933838,-726.548584,-10.003600,2350.000000,-1129.980469,-10.003600,-42.100006
109,1,559.510010,3128.562744,-1490.027466,-201.367294,2350.000000,-1129.980469,-10.003600,-42.100006
109,3,646.969971,2825.339355,-1940.805298,-231.280365,2350.000000,-1129.980469,-10.003600,-42.100006
109,5,434.040009,2933.298096,-1555.949341,-193.436829,2350.000000,-1129.980469,-10.003600,-42.100006
109,6,443.899994,2839.364502,-1673.236694,-197.603851,2350.000000,-1129.980469,-10.003600,-42.100006
109,7,397.100006,2787.400391,-705.563538,-145.819794,2350.000000,-1129.980469,-10.003600,-42.100006
109,8,400.820007,1969.614136,-1610.625244,-147.092117,2350.000000,-1129.980469,-10.003600,-42.100006
109,9,654.760010,2281.497314,-136.959305,-10.003600,2350.000000,-1129.980469,-10.003600,-42.100006
109,10,330.869995,1920.704346,-634.261841,-10.003600,2350.000000,-1129.980469,-10.003600,-42.100006
109,11,337.089996,1828.933838,-726.548584,-10.003600,2350.000000,-1129.980469,-10.003600,-42.100006
110,1,559.510010,3128.562744,-1490.027466,-201.367294,2350.000000,-1129.980469,-10.003600,-42.100006
110,3,646.969971,2825.339355,-1940.805298,-231.280365,2350.000000,-1129.980469,-10.003600,-42.100006
110,5,434.040009,2933.298096,-1555.949341,-193.436829,2350.000000,-1129.980469,-10.003600,-42.100006
110,6,443.899994,2839.364502,-1673.236694,-197.603851,2350.000000,-1129.980469,-10.003600,-42.100006
110,7,397.100006,2787.400391,-705.563538,-145.819794,2350.000000,-1129.980469,-10.003600,-42.100006
110,8,400.820007,1969.614136,-1610.625244,-147.092117,2350.000000,-1129.980469,-10.003600,-42.100006
110,9,654.760010,2281.497314,-136.959305,-10.003600,2350.000000,-1129.980469,-10.003600,-42.100006
110,10,330.869995,1920.704346,-634.261841,-10.003600,2350.000000,-1129.980469,-10.003600,-42.100006
110,11,337.089996,1828.933838,-726.548584,-10.003600,2350.000000,-1129.980469,-10.003600,-42.100006
111,1,559.510010,3128.562744,-1490.027466,-201.367294,2350.000000,-1129.980469,-10.003600,-42.100006
111,3,646.969971,2825.339355,-1940.805298,-231.280365,2350.000000,-1129.980469,-10.003600,-42.100006
111,5,434.040009,2933.298096,-1555.949341,-193.436829,2350.000000,-1129.980469,-10.003600,-42.100006
111,6,443.899994,2839.364502,-1673.236694,-197.603851,2350.000000,-1129.980469,-10.003600,-42.100006
111,7,397.100006,2787.400391,-705.563538,-145.819794,2350.000000,-1129.980469,-10.003600,-42.100006
111,8,400.820007,1969.614136,-1610.625244,-147.092117,2350.000000,-1129.980469,-10.003600,-42.100006
111,9,654.760010,2281.497314,-136.959305,-10.003600,2350.000000,-1129.980469,-10.003600,-42.100006
111,10,330.869995,1920.704346,-634.261841,-10.003600,2350.000000,-1129.980469,-10.003600,-42.100006
111,11,337.089996,1828.933838,-726.548584,-10.003600,2350.000000,-1129.980469,-10.003600,-42.100006
112,1,559.510010,3128.562744,-1490.027466,-201.367294,2350.000000,-1129.980469,-10.003600,-42.100006
112,3,646.969971,2825.339355,-1940.805298,-231.280365,2350.000000,-1129.980469,-10.003600,-42.100006
112,5,434.040009,2933.298096,-1555.949341,-193.436829,2350.000000,-1129.980469,-10.003600,-42.100006
112,6,443.899994,2839.364502,-1673.236694,-197.603851,2350.000000,-1129.980469,-10.003600,-42.100006
112,7,397.100006,2787.400391,-705.563538,-145.819794,2350.000000,-1129.980469,-10.003600,-42.100006
112,8,400.820007,1969.614136,-1610.625244,-147.092117,2350.000000,-1129.980469,-10.003600,-42.100006
112,9,654.760010,2281.497314,-136.959305,-10.003600,2350.000000,-1129.980469,-10.003600,-42.100006
112,10,330.869995,1920.704346,-634.261841,-10.003600,2350.000000,-1129.980469,-10.003600,-42.100006
112,11,337.089996,1828.933838,-726.548584,-10.003600,2350.000000,-1129.980469,-10.003600,-42.100006
113,1,559.510010,3128.562744,-1490.027466,-201.367294,2350.000000,-1129.980469,-10.003600,-42.100006
113,3,646.969971,2825.339355,-1940.805298,-231.280365,2350.000000,-1129.980469,-10.003600,-42.100006
113,5,434.040009,2933.298096,-1555.949341,-193.436829,2350.000000,-1129.980469,-10.003600,-42.100006
113,6,443.899994,2839.364502,-1673.236694,-197.603851,2350.000000,-1129.980469,-10.003600,-42.100006
113,7,397.100006,2787.400391,-705.563538,-145.819794,2350.000000,-1129.980469,-10.003600,-42.100006
113,8,400.820007,1969.614136,-1610.625244,-147.092117,2350.000000,-1129.980469,-10.003600,-42.100006
113,9,654.760010,2281.497314,-136.959305,-10.003600,2350.000000,-1129.980469,-10.003600,-42.100006
113,10,330.869995,1920.704346,-634.261841,-10.003600,2350.000000,-1129.980469,-10.003600,-42.100006
113,11,337.089996,1828.933838,-726.548584,-10.003600,2350.000000,-1129.980469,-10.003600,-42.100006
114,1,559.510010,3128.562744,-1490.027466,-201.367294,2350.000000,-1129.980469,-10.003600,-42.100006
114,3,646.969971,2825.339355,-1940.805298,-231.280365,2350.000000,-1129.980469,-10.003600,-42.100006
114,5,434.040009,2933.298096,-1555.949341,-193.436829,2350.000000,-1129.980469,-10.003600,-42.100006
114,6,443.899994,2839.364502,-1673.236694,-197.603851,2350.000000,-1129.980469,-10.003600,-42.100006
114,7,397.100006,2787.400391,-705.563538,-145.819794,2350.000000,-1129.980469,-10.003600,-42.100006
114,8,400.820007,1969.614136,-1610.625244,-147.092117,2350.000000,-1129.980469,-10.003600,-42.100006
114,9,654.760010,2281.497314,-136.959305,-10.003600,2350.000000,-1129.980469,-10.003600,-42.100006
114,10,330.869995,1920.704346,-634.261841,-10.003600,2350.000000,-1129.980469,-10.003600,-42.100006
114,11,337.089996,1828.933838,-726.548584,-10.003600,2350.000000,-1129.980469,-10.003600,-42.100006
115,1,559.510010,3128.562744,-1490.027466,-201.367294,2350.000000,-1129.980469,-10.003600,-42.100006
115,3,646.969971,2825.339355,-1940.805298,-231.280365,2350.000000,-1129.980469,-10.003600,-42.100006
115,5,434.040009,2933.298096,-1555.949341,-193.436829,2350.000000,-1129.980469,-10.003600,-42.100006
115,6,443.899994,2839.364502,-1673.236694,-197.603851,2350.000000,-1129.980469,-10.003600,-42.100006
115,7,397.100006,2787.400391,-705.563538,-145.819794,2350.000000,-1129.980469,-10.003600,-42.100006
115,8,400.820007,1969.614136,-1610.625244,-147.092117,2350.000000,-1129.980469,-10.003600,-42.100006
115,9,654.760010,2281.497314,-136.959305,-10.003600,2350.000000,-1129.980469,-10.003600,-42.100006
115,10,330.869995,1920.704346,-634.261841,-10.003600,2350.000000,-1129.980469,-10.003600,-42.100006
115,11,337.089996,1828.933838,-726.548584,-10.003600,2350.000000,-1129.980469,-10.003600,-42.100006
116,1,559.510010,3128.562744,-1490.027466,-201.367294,2350.000000,-1129.980469,-10.003600,-42.100006
116,3,646.969971,2825.339355,-1940.805298,-231.280365,2350.000000,-1129.980469,-10.003600,-42.100006
116,5,434.040009,2933.298096,-1555.949341,-193.436829,2350.000000,-1129.980469,-10.003600,-42.100006
116,6,443.899994,2839.364502,-1673.236694,-197.603851,2350.000000,-1129.980469,-10.003600,-42.100006
116,7,397.100006,2787.400391,-705.563538,-145.819794,2350.000000,-1129.980469,-10.003600,-42.100006
116,8,400.820007,1969.614136,-1610.625244,-147.092117,2350.000000,-1129.980469,-10.003600,-42.100006
116,9,654.760010,2281.497314,-136.959305,-10.003600,2350.000000,-1129.980469,-10.003600,-42.100006
116,10,330.869995,1920.704346,-634.261841,-10.003600,2350.000000,-1129.980469,-10.003600,-42.100006
116,11,337.089996,1828.933838,-726.548584,-10.003600,2350.000000,-1129.980469,-10.003600,-42.100006
117,1,559.510010,3128.562744,-1490.027466,-201.367294,2350.000000,-1129.980469,-10.003600,-42.100006
117,3,646.969971,2825.339355,-1940.805298,-231.280365,2350.000000,-1129.980469,-10.003600,-42.100006
117,5,434.040009,2933.298096,-1555.949341,-193.436829,2350.000000,-1129.980469,-10.003600,-42.100006
117,6,443.899994,2839.364502,-1673.236694,-197.603851,2350.000000,-1129.980469,-10.003600,-42.100006
117,7,397.100006,2787.400391,-705.563538,-145.819794,2350.000000,-1129.980469,-10.003600,-42.100006
117,8,400.820007,1969.614136,-1610.625244,-147.092117,2350.000000,-1129.980469,-10.003600,-42.100006
117,9,654.760010,2281.497314,-136.959305,-10.003600,2350.000000,-1129.980469,-10.003600,-42.100006
117,10,330.869995,1920.704346,-634.261841,-10.003600,2350.000000,-1129.980469,-10.003600,-42.100006
117,11,337.089996,1828.933838,-726.548584,-10.003600,2350.000000,-1129.980469,-10.003600,-42.100006
118,1,557.210022,3206.540771,-1559.234009,-200.580658,2429.980469,-1200.000122,-10.003600,-42.100006
118,3,749.809998,2950.539551,-2096.230225,-266.453735,2429.980469,-1200.000122,-10.003600,-42.100006
118,5,482.690002,3045.993652,-1655.529297,-213.997208,2429.980469,-1200.000122,-10.003600,-42.100006
118,6,555.359985,2994.297119,-1810.980835,-244.708878,2429.980469,-1200.000122,-10.003600,-42.100006
118,7,390.290009,2863.090576,-780.331299,-143.490646,2429.980469,-1200.000122,-10.003600,-42.100006
118,8,402.290009,2048.668457,-1681.669800,-147.594879,2429.980469,-1200.000122,-10.003600,-42.100006
118,9,644.099976,2362.942871,-217.537766,-10.003600,2429.980469,-1200.000122,-10.003600,-42.100006
118,10,310.109985,2016.088257,-718.199463,-10.003600,2429.980469,-1200.000122,-10.003600,-42.100006
118,11,318.809998,1922.477661,-808.823608,-10.003600,2429.980469,-1200.000122,-10.003600,-42.100006
118,12,842.559998,1284.319824,-1184.508545,-10.003600,2429.980469,-1200.000122,-10.003600,-42.100006
119,1,557.210022,3206.540771,-1559.234009,-200.580658,2429.980469,-1200.000122,-10.003600,-42.100006
119,3,749.809998,2950.539551,-2096.230225,-266.453735,2429.980469,-1200.000122,-10.003600,-42.100006
119,5,482.690002,3045.993652,-1655.529297,-213.997208,2429.980469,-1200.000122,-10.003600,-42.100006
119,6,555.359985,2994.297119,-1810.980835,-244.708878,2429.980469,-1200.000122,-10.003600,-42.100006
119,7,390.290009,2863.090576,-780.331299,-143.490646,2429.980469,-1200.000122,-10.003600,-42.100006
119,8,402.290009,2048.668457,-1681.669800,-147.594879,2429.980469,-1200.000122,-10.003600,-42.100006
119,9,644.099976,2362.942871,-217.537766,-10.003600,2429.980469,-1200.000122,-10.003600,-42.100006
119,10,310.109985,2016.088257,-718.199463,-10.003600,2429.980469,-1200.000122,-10.003600,-42.100006
119,11,318.809998,1922.477661,-808.823608,-10.003600,2429.980469,-1200.000122,-10.003600,-42.100006
119,12,842.559998,1284.319824,-1184.508545,-10.003600,2429.980469,-1200.000122,-10.003600,-42.100006
120,1,557.210022,3206.540771,-1559.234009,-200.580658,2429.980469,-1200.000122,-10.003600,-42.100006
120,3,749.809998,2950.539551,-2096.230225,-266.453735,2429.980469,-1200.000122,-10.003600,-42.100006
120,5,482.690002,3045.993652,-1655.529297,-213.997208,2429.980469,-1200.000122,-10.003600,-42.100006
120,6,555.359985,2994.297119,-1810.980835,-244.708878,2429.980469,-1200.000122,-10.003600,-42.100006
120,7,390.290009,2863.090576,-780.331299,-143.490646,2429.980469,-1200.000122,-10.003600,-42.100006
120,8,402.290009,2048.668457,-1681.669800,-147.594879,2429.980469,-1200.000122,-10.003600,-42.100006
120,9,644.099976,2362.942871,-217.537766,-10.003600,2429.980469,-1200.000122,-10.003600,-42.100006
120,10,310.109985,2016.088257,-718.199463,-10.003600,2429.980469,-1200.000122,-10.003600,-42.100006
120,11,318.809998,1922.477661,-808.823608,-10.003600,2429.980469,-1200.000122,-10.003600,-42.100006
120,12,842.559998,1284.319824,-1184.508545,-10.003600,2429.980469,-1200.000122,-10.003600,-42.100006
121,1,557.210022,3206.540771,-1559.234009,-200.580658,2429.980469,-1200.000122,-10.003600,-42.100006
121,3,749.809998,2950.539551,-2096.230225,-266.453735,2429.980469,-1200.000122,-10.003600,-42.100006
121,5,482.690002,3045.993652,-1655.529297,-213.997208,2429.980469,-1200.000122,-10.003600,-42.100006
121,6,555.359985,2994.297119,-1810.980835,-244.708878,2429.980469,-1200.000122,-10.003600,-42.100006
121,7,390.290009,2863.090576,-780.331299,-143.490646,2429.980469,-1200.000122,-10.003600,-42.100006
121,8,402.290009,2048.668457,-1681.669800,-147.594879,2429.980469,-1200.000122,-10.003600,-42.100006
121,9,644.099976,2362.942871,-217.537766,-10.003600,2429.980469,-1200.000122,-10.003600,-42.100006
121,10,310.109985,2016.088257,-718.199463,-10.003600,2429.980469,-1200.000122,-10.003600,-42.100006
121,11,318.809998,1922.477661,-808.823608,-10.003600,2429.980469,-1200.000122,-10.003600,-42.100006
121,12,842.559998,1284.319824,-1184.508545,-10.003600,2429.980469,-1200.000122,-10.003600,-42.100006
122,1,557.210022,3206.540771,-1559.234009,-200.580658,2429.980469,-1200.000122,-10.003600,-42.100006
122,3,749.809998,2950.539551,-2096.230225,-266.453735,2429.980469,-1200.000122,-10.003600,-42.100006
122,5,482.690002,3045.993652,-1655.529297,-213.997208,2429.980469,-1200.000122,-10.003600,-42.100006
122,6,555.359985,2994.297119,-1810.980835,-244.708878,2429.980469,-1200.000122,-10.003600,-42.100006
122,7,390.290009,2863.090576,-780.331299,-143.490646,2429.980469,-1200.000122,-10.003600,-42.100006
122,8,402.290009,2048.668457,-1681.669800,-147.594879,2429.980469,-1200.000122,-10.003600,-42.100006
122,9,644.099976,2362.942871,-217.537766,-10.003600,2429.980469,-1200.000122,-10.003600,-42.100006
122,10,310.109985,2016.088257,-718.199463,-10.003600,2429.980469,-1200.000122,-10.003600,-42.100006
122,11,318.809998,1922.477661,-808.823608,-10.003600,2429.980469,-1200.000122,-10.003600,-42.100006
122,12,842.559998,1284.319824,-1184.508545,-10.003600,2429.980469,-1200.000122,-10.003600,-42.100006
123,1,557.210022,3206.540771,-1559.234009,-200.580658,2429.980469,-1200.000122,-10.003600,-42.100006
123,3,749.809998,2950.539551,-2096.230225,-266.453735,2429.980469,-1200.000122,-10.003600,-42.100006
123,5,482.690002,3045.993652,-1655.529297,-213.997208,2429.980469,-1200.000122,-10.003600,-42.100006
123,6,555.359985,2994.297119,-1810.980835,-244.708878,2429.980469,-1200.000122,-10.003600,-42.100006
123,7,390.290009,2863.090576,-780.331299,-143.490646,2429.980469,-1200.000122,-10.003600,-42.100006
123,8,402.290009,2048.668457,-1681.669800,-147.594879,2429.980469,-1200.000122,-10.003600,-42.100006
123,9,644.099976,2362.942871,-217.537766,-10.003600,2429.980469,-1200.000122,-10.003600,-42.100006
123,10,310.109985,2016.088257,-718.199463,-10.003600,2429.980469,-1200.000122,-10.003600,-42.100006
123,11,318.809998,1922.477661,-808.823608,-10.003600,2429.980469,-1200.000122,-10.003600,-42.100006
123,12,842.559998,1284.319824,-1184.508545,-10.003600,2429.980469,-1200.000122,-10.003600,-42.100006
124,1,557.210022,3206.540771,-1559.234009,-200.580658,2429.980469,-1200.000122,-10.003600,-42.100006
124,3,749.809998,2950.539551,-2096.230225,-266.453735,2429.980469,-1200.000122,-10.003600,-42.100006
124,5,482.690002,3045.993652,-1655.529297,-213.997208,2429.980469,-1200.000122,-10.003600,-42.100006
124,6,555.359985,2994.297119,-1810.980835,-244.708878,2429.980469,-1200.000122,-10.003600,-42.100006
124,7,390.290009,2863.090576,-780.331299,-143.490646,2429.980469,-1200.000122,-10.003600,-42.100006
124,8,402.290009,2048.668457,-1681.669800,-147.594879,2429.980469,-1200.000122,-10.003600,-42.100006
124,9,644.099976,2362.942871,-217.537766,-10.003600,2429.980469,-1200.000122,-10.003600,-42.100006
124,10,310.109985,2016.088257,-718.199463,-10.003600,2429.980469,-1200.000122,-10.003600,-42.100006
124,11,318.809998,1922.477661,-808.823608,-10.003600,2429.980469,-1200.000122,-10.003600,-42.100006
124,12,842.559998,1284.319824,-1184.508545,-10.003600,2429.980469,-1200.000122,-10.003600,-42.100006
125,1,557.210022,3206.540771,-1559.234009,-200.580658,2429.980469,-1200.000122,-10.003600,-42.100006
125,3,749.809998,2950.539551,-2096.230225,-266.453735,2429.980469,-1200.000122,-10.003600,-42.100006
125,5,482.690002,3045.993652,-1655.529297,-213.997208,2429.980469,-1200.000122,-10.003600,-42.100006
125,6,555.359985,2994.297119,-1810.980835,-244.708878,2429.980469,-1200.000122,-10.003600,-42.100006
125,7,390.290009,2863.090576,-780.331299,-143.490646,2429.980469,-1200.000122,-10.003600,-42.100006
125,8,402.290009,2048.668457,-1681.669800,-147.594879,2429.980469,-1200.000122,-10.003600,-42.100006
125,9,644.099976,2362.942871,-217.537766,-10.003600,2429.980469,-1200.000122,-10.003600,-42.100006
125,10,310.109985,2016.088257,-718.199463,-10.003600,2429.980469,-1200.000122,-10.003600,-42.100006
125,11,318.809998,1922.477661,-808.823608,-10.003600,2429.980469,-1200.000122,-10.003600,-42.100006
125,12,842.559998,1284.319824,-1184.508545,-10.003600,2429.980469,-1200.000122,-10.003600,-42.100006
126,1,557.210022,3206.540771,-1559.234009,-200.580658,2429.980469,-1200.000122,-10.003600,-42.100006
126,3,749.809998,2950.539551,-2096.230225,-266.453735,2429.980469,-1200.000122,-10.003600,-42.100006
126,5,482.690002,3045.993652,-1655.529297,-213.997208,2429.980469,-1200.000122,-10.003600,-42.100006
126,6,555.359985,2994.297119,-1810.980835,-244.708878,2429.980469,-1200.000122,-10.003600,-42.100006
126,7,390.290009,2863.090576,-780.331299,-143.490646,2429.980469,-1200.000122,-10.003600,-42.100006
126,8,402.290009,2048.668457,-1681.669800,-147.594879,2429.980469,-1200.000122,-10.003600,-42.100006
126,9,644.099976,2362.942871,-217.537766,-10.003600,2429.980469,-1200.000122,-10.003600,-42.100006
126,10,310.109985,2016.088257,-718.199463,-10.003600,2429.980469,-1200.000122,-10.003600,-42.100006
126,11,318.809998,1922.477661,-808.823608,-10.003600,2429.980469,-1200.000122,-10.003600,-42.100006
126,12,842.559998,1284.319824,-1184.508545,-10.003600,2429.980469,-1200.000122,-10.003600,-42.100006
127,1,557.210022,3206.540771,-1559.234009,-200.580658,2429.980469,-1200.000122,-10.003600,-42.100006
127,3,749.809998,2950.539551,-2096.230225,-266.453735,2429.980469,-1200.000122,-10.003600,-42.100006
127,5,482.690002,3045.993652,-1655.529297,-213.997208,2429.980469,-1200.000122,-10.003600,-42.100006
127,6,555.359985,2994.297119,-1810.980835,-244.708878,2429.980469,-1200.000122,-10.003600,-42.100006
127,7,390.290009,2863.090576,-780.331299,-143.490646,2429.980469,-1200.000122,-10.003600,-42.100006
127,8,402.290009,2048.668457,-1681.669800,-147.594879,2429.980469,-1200.000122,-10.003600,-42.100006
127,9,644.099976,2362.942871,-217.537766,-10.003600,2429.980469,-1200.000122,-10.003600,-42.100006
127,10,310.109985,2016.088257,-718.199463,-10.003600,2429.980469,-1200.000122,-10.003600,-42.100006
127,11,318.809998,1922.477661,-808.823608,-10.003600,2429.980469,-1200.000122,-10.003600,-42.100006
127,12,842.559998,1284.319824,-1184.508545,-10.003600,2429.980469,-1200.000122,-10.003600,-42.100006
128,1,557.210022,3206.540771,-1559.234009,-200.580658,2429.980469,-1200.000122,-10.003600,-42.100006
128,3,749.809998,2950.539551,-2096.230225,-266.453735,2429.980469,-1200.000122,-10.003600,-42.100006
128,5,482.690002,3045.993652,-1655.529297,-213.997208,2429.980469,-1200.000122,-10.003600,-42.100006
128,6,555.359985,2994.297119,-1810.980835,-244.708878,2429.980469,-1200.000122,-10.003600,-42.100006
128,7,390.290009,2863.090576,-780.331299,-143.490646,2429.980469,-1200.000122,-10.003600,-42.100006
128,8,402.290009,2048.668457,-1681.669800,-147.594879,2429.980469,-1200.000122,-10.003600,-42.100006
128,9,644.099976,2362.942871,-217.537766,-10.003600,2429.980469,-1200.000122,-10.003600,-42.100006
128,10,310.109985,2016.088257,-718.199463,-10.003600,2429.980469,-1200.000122,-10.003600,-42.100006
128,11,318.809998,1922.477661,-808.823608,-10.003600,2429.980469,-1200.000122,-10.003600,-42.100006
128,12,842.559998,1284.319824,-1184.508545,-10.003600,2429.980469,-1200.000122,-10.003600,-42.100006
129,1,557.210022,3206.540771,-1559.234009,-200.580658,2429.980469,-1200.000122,-10.003600,-42.100006
129,3,749.809998,2950.539551,-2096.230225,-266.453735,2429.980469,-1200.000122,-10.003600,-42.100006
129,5,482.690002,3045.993652,-1655.529297,-213.997208,2429.980469,-1200.000122,-10.003600,-42.100006
129,6,555.359985,2994.297119,-1810.980835,-244.708878,2429.980469,-1200.000122,-10.003600,-42.100006
129,7,390.290009,2863.090576,-780.331299,-143.490646,2429.980469,-1200.000122,-10.003600,-42.100006
129,8,402.290009,2048.668457,-1681.669800,-147.594879,2429.980469,-1200.000122,-10.003600,-42.100006
129,9,644.099976,2362.942871,-217.537766,-10.003600,2429.980469,-1200.000122,-10.003600,-42.100006
129,10,310.109985,2016.088257,-718.199463,-10.003600,2429.980469,-1200.000122,-10.003600,-42.100006
129,11,318.809998,1922.477661,-808.823608,-10.003600,2429.980469,-1200.000122,-10.003600,-42.100006
129,12,842.559998,1284.319824,-1184.508545,-10.003600,2429.980469,-1200.000122,-10.003600,-42.100006
130,1,532.359985,3264.934326,-1630.429077,-202.078934,2510.009766,-1279.980469,-20.001101,-42.100006
130,5,510.690002,3144.851807,-1752.522827,-235.828018,2510.009766,-1279.980469,-20.001101,-42.100006
130,6,572.119995,3085.596924,-1901.144897,-261.789459,2510.009766,-1279.980469,-20.001101,-42.100006
130,7,387.959991,2941.651855,-861.936218,-152.691238,2510.009766,-1279.980469,-20.001101,-42.100006
130,8,394.179993,2133.807129,-1755.995605,-154.818604,2510.009766,-1279.980469,-20.001101,-42.100006
130,9,613.729980,2447.146484,-327.599945,-20.001101,2510.009766,-1279.980469,-20.001101,-42.100006
130,10,363.029999,2056.852295,-762.700867,-20.001101,2510.009766,-1279.980469,-20.001101,-42.100006
130,11,374.010010,1961.549805,-851.796448,-20.001101,2510.009766,-1279.980469,-20.001101,-42.100006
130,12,901.539978,1305.408813,-1262.327637,-20.001101,2510.009766,-1279.980469,-20.001101,-42.100006
131,1,532.359985,3264.934326,-1630.429077,-202.078934,2510.009766,-1279.980469,-20.001101,-42.100006
131,5,510.690002,3144.851807,-1752.522827,-235.828018,2510.009766,-1279.980469,-20.001101,-42.100006
131,6,572.119995,3085.596924,-1901.144897,-261.789459,2510.009766,-1279.980469,-20.001101,-42.100006
131,7,387.959991,2941.651855,-861.936218,-152.691238,2510.009766,-1279.980469,-20.001101,-42.100006
131,8,394.179993,2133.807129,-1755.995605,-154.818604,2510.009766,-1279.980469,-20.001101,-42.100006
131,9,613.729980,2447.146484,-327.599945,-20.001101,2510.009766,-1279.980469,-20.001101,-42.100006
131,10,363.029999,2056.852295,-762.700867,-20.001101,2510.009766,-1279.980469,-20.001101,-42.100006
131,11,374.010010,1961.549805,-851.796448,-20.001101,2510.009766,-1279.980469,-20.001101,-42.100006
131,12,901.539978,1305.408813,-1262.327637,-20.001101,2510.009766,-1279.980469,-20.001101,-42.100006
132,1,532.359985,3264.934326,-1630.429077,-202.078934,2510.009766,-1279.980469,-20.001101,-42.100006
132,5,510.690002,3144.851807,-1752.522827,-235.828018,2510.009766,-1279.980469,-20.001101,-42.100006
132,6,572.119995,3085.596924,-1901.144897,-261.789459,2510.009766,-1279.980469,-20.001101,-42.100006
132,7,387.959991,2941.651855,-861.936218,-152.691238,2510.009766,-1279.980469,-20.001101,-42.100006
132,8,394.179993,2133.807129,-1755.995605,-154.818604,2510.009766,-1279.980469,-20.001101,-42.100006
132,9,613.729980,2447.146484,-327.599945,-20.001101,2510.009766,-1279.980469,-20.001101,-42.100006
132,10,363.029999,2056.852295,-762.700867,-20.001101,2510.009766,-1279.980469,-20.001101,-42.100006
132,11,374.010010,1961.549805,-851.796448,-20.001101,2510.009766,-1279.980469,-20.001101,-42.100006
132,12,901.539978,1305.408813,-1262.327637,-20.001101,2510.009766,-1279.980469,-20.001101,-42.100006
133,1,532.359985,3264.934326,-1630.429077,-202.078934,2510.009766,-1279.980469,-20.001101,-42.100006
133,5,510.690002,3144.851807,-1752.522827,-235.828018,2510.009766,-1279.980469,-20.001101,-42.100006
133,6,572.119995,3085.596924,-1901.144897,-261.789459,2510.009766,-1279.980469,-20.001101,-42.100006
133,7,387.959991,2941.651855,-861.936218,-152.691238,2510.009766,-1279.980469,-20.001101,-42.100006
133,8,394.179993,2133.807129,-1755.995605,-154.818604,2510.009766,-1279.980469,-20.001101,-42.100006
133,9,613.729980,2447.146484,-327.599945,-20.001101,2510.009766,-1279.980469,-20.001101,-42.100006
133,10,363.029999,2056.852295,-762.700867,-20.001101,2510.009766,-1279.980469,-20.001101,-42.100006
133,11,374.010010,1961.549805,-851.796448,-20.001101,2510.009766,-1279.980469,-20.001101,-42.100006
133,12,901.539978,1305.408813,-1262.327637,-20.001101,2510.009766,-1279.980469,-20.001101,-42.100006
134,1,532.359985,3264.934326,-1630.429077,-202.078934,2510.009766,-1279.980469,-20.001101,-42.100006
134,5,510.690002,3144.851807,-1752.522827,-235.828018,2510.009766,-1279.980469,-20.001101,-42.100006
134,6,572.119995,3085.596924,-1901.144897,-261.789459,2510.009766,-1279.980469,-20.001101,-42.100006
134,7,387.959991,2941.651855,-861.936218,-152.691238,2510.009766,-1279.980469,-20.001101,-42.100006
134,8,394.179993,2133.807129,-1755.995605,-154.818604,2510.009766,-1279.980469,-20.001101,-42.100006
134,9,613.729980,2447.146484,-327.599945,-20.001101,2510.009766,-1279.980469,-20.001101,-42.100006
134,10,363.029999,2056.852295,-762.700867,-20.001101,2510.009766,-1279.980469,-20.001101,-42.100006
134,11,374.010010,1961.549805,-851.796448,-20.001101,2510.009766,-1279.980469,-20.001101,-42.100006
134,12,901.539978,1305.408813,-1262.327637,-20.001101,2510.009766,-1279.980469,-20.001101,-42.100006
135,1,532.359985,3264.934326,-1630.429077,-202.078934,2510.009766,-1279.980469,-20.001101,-42.100006
135,5,510.690002,3144.851807,-1752.522827,-235.828018,2510.009766,-1279.980469,-20.001101,-42.100006
135,6,572.119995,3085.596924,-1901.144897,-261.789459,2510.009766,-1279.980469,-20.001101,-42.100006
135,7,387.959991,2941.651855,-861.936218,-152.691238,2510.009766,-1279.980469,-20.001101,-42.100006
135,8,394.179993,2133.807129,-1755.995605,-154.818604,2510.009766,-1279.980469,-20.001101,-42.100006
135,9,613.729980,2447.146484,-327.599945,-20.001101,2510.009766,-1279.980469,-20.001101,-42.100006
135,10,363.029999,2056.852295,-762.700867,-20.001101,2510.009766,-1279.980469,-20.001101,-42.100006
135,11,374.010010,1961.549805,-851.796448,-20.001101,2510.009766,-1279.980469,-20.001101,-42.100006
135,12,901.539978,1305.408813,-1262.327637,-20.001101,2510.009766,-1279.980469,-20.001101,-42.100006
136,1,532.359985,3264.934326,-1630.429077,-202.078934,2510.009766,-1279.980469,-20.001101,-42.100006
136,5,510.690002,3144.851807,-1752.522827,-235.828018,2510.009766,-1279.980469,-20.001101,-42.100006
136,6,572.119995,3085.596924,-1901.144897,-261.789459,2510.009766,-1279.980469,-20.001101,-42.100006
136,7,387.959991,2941.651855,-861.936218,-152.691238,2510.009766,-1279.980469,-20.001101,-42.100006
136,8,394.179993,2133.807129,-1755.995605,-154.818604,2510.009766,-1279.980469,-20.001101,-42.100006
136,9,613.729980,2447.146484,-327.599945,-20.001101,2510.009766,-1279.980469,-20.001101,-42.100006
136,10,363.029999,2056.852295,-762.700867,-20.001101,2510.009766,-1279.980469,-20.001101,-42.100006
136,11,374.010010,1961.549805,-851.796448,-20.001101,2510.009766,-1279.980469,-20.001101,-42.100006
136,12,901.539978,1305.408813,-1262.327637,-20.001101,2510.009766,-1279.980469,-20.001101,-42.100006
137,1,532.359985,3264.934326,-1630.429077,-202.078934,2510.009766,-1279.980469,-20.001101,-42.100006
137,5,510.690002,3144.851807,-1752.522827,-235.828018,2510.009766,-1279.980469,-20.001101,-42.100006
137,6,572.119995,3085.596924,-1901.144897,-261.789459,2510.009766,-1279.980469,-20.001101,-42.100006
137,7,387.959991,2941.651855,-861.936218,-152.691238,2510.009766,-1279.980469,-20.001101,-42.100006
137,8,394.179993,2133.807129,-1755.995605,-154.818604,2510.009766,-1279.980469,-20.001101,-42.100006
137,9,613.729980,2447.146484,-327.599945,-20.001101,2510.009766,-1279.980469,-20.001101,-42.100006
137,10,363.029999,2056.852295,-762.700867,-20.001101,2510.009766,-1279.980469,-20.001101,-42.100006
137,11,374.010010,1961.549805,-851.796448,-20.001101,2510.009766,-1279.980469,-20.001101,-42.100006
137,12,901.539978,1305.408813,-1262.327637,-20.001101,2510.009766,-1279.980469,-20.001101,-42.100006
138,1,532.359985,3264.934326,-1630.429077,-202.078934,2510.009766,-1279.980469,-20.001101,-42.100006
138,5,510.690002,3144.851807,-1752.522827,-235.828018,2510.009766,-1279.980469,-20.001101,-42.100006
138,6,572.119995,3085.596924,-1901.144897,-261.789459,2510.009766,-1279.980469,-20.001101,-42.100006
138,7,387.959991,2941.651855,-861.936218,-152.691238,2510.009766,-1279.980469,-20.001101,-42.100006
138,8,394.179993,2133.807129,-1755.995605,-154.818604,2510.009766,-1279.980469,-20.001101,-42.100006
138,9,613.729980,2447.146484,-327.599945,-20.001101,2510.009766,-1279.980469,-20.001101,-42.100006
138,10,363.029999,2056.852295,-762.700867,-20.001101,2510.009766,-1279.980469,-20.001101,-42.100006
138,11,374.010010,1961.549805,-851.796448,-20.001101,2510.009766,-1279.980469,-20.001101,-42.100006
138,12,901.539978,1305.408813,-1262.327637,-20.001101,2510.009766,-1279.980469,-20.001101,-42.100006
139,1,532.359985,3264.934326,-1630.429077,-202.078934,2510.009766,-1279.980469,-20.001101,-42.100006
139,5,510.690002,3144.851807,-1752.522827,-235.828018,2510.009766,-1279.980469,-20.001101,-42.100006
139,6,572.119995,3085.596924,-1901.144897,-261.789459,2510.009766,-1279.980469,-20.001101,-42.100006
139,7,387.959991,2941.651855,-861.936218,-152.691238,2510.009766,-1279.980469,-20.001101,-42.100006
139,8,394.179993,2133.807129,-1755.995605,-154.818604,2510.009766,-1279.980469,-20.001101,-42.100006
139,9,613.729980,2447.146484,-327.599945,-20.001101,2510.009766,-1279.980469,-20.001101,-42.100006
139,10,363.029999,2056.852295,-762.700867,-20.001101,2510.009766,-1279.980469,-20.001101,-42.100006
139,11,374.010010,1961.549805,-851.796448,-20.001101,2510.009766,-1279.980469,-20.001101,-42.100006
139,12,901.539978,1305.408813,-1262.327637,-20.001101,2510.009766,-1279.980469,-20.001101,-42.100006
140,1,532.359985,3264.934326,-1630.429077,-202.078934,2510.009766,-1279.980469,-20.001101,-42.100006
140,5,510.690002,3144.851807,-1752.522827,-235.828018,2510.009766,-1279.980469,-20.001101,-42.100006
140,6,572.119995,3085.596924,-1901.144897,-261.789459,2510.009766,-1279.980469,-20.001101,-42.100006
140,7,387.959991,2941.651855,-861.936218,-152.691238,2510.009766,-1279.980469,-20.001101,-42.100006
140,8,394.179993,2133.807129,-1755.995605,-154.818604,2510.009766,-1279.980469,-20.001101,-42.100006
140,9,613.729980,2447.146484,-327.599945,-20.001101,2510.009766,-1279.980469,-20.001101,-42.100006
140,10,363.029999,2056.852295,-762.700867,-20.001101,2510.009766,-1279.980469,-20.001101,-42.100006
140,11,374.010010,1961.549805,-851.796448,-20.001101,2510.009766,-1279.980469,-20.001101,-42.100006
140,12,901.539978,1305.408813,-1262.327637,-20.001101,2510.009766,-1279.980469,-20.001101,-42.100006
141,1,529.000000,3340.765625,-1701.883545,-210.927353,2589.990234,-1350.000122,-29.998699,-42.300003
141,5,516.460022,3227.046631,-1828.275024,-248.264130,2589.990234,-1350.000122,-29.998699,-42.300003
141,6,571.359985,3162.895996,-1972.706299,-271.465851,2589.990234,-1350.000122,-29.998699,-42.300003
141,7,396.230011,3028.319092,-927.717224,-165.517349,2589.990234,-1350.000122,-29.998699,-42.300003
141,8,380.209991,2220.963135,-1814.989624,-160.038177,2589.990234,-1350.000122,-29.998699,-42.300003
141,9,621.309998,2529.436035,-389.894257,-29.998699,2589.990234,-1350.000122,-29.998699,-42.300003
141,10,382.359985,2124.343994,-818.132507,-29.998699,2589.990234,-1350.000122,-29.998699,-42.300003
141,11,391.549988,2030.055054,-908.099609,-29.998699,2589.990234,-1350.000122,-29.998699,-42.300003
141,12,853.710022,1433.249512,-1330.062134,-29.998699,2589.990234,-1350.000122,-29.998699,-42.300003
142,1,529.000000,3340.765625,-1701.883545,-210.927353,2589.990234,-1350.000122,-29.998699,-42.300003
142,5,516.460022,3227.046631,-1828.275024,-248.264130,2589.990234,-1350.000122,-29.998699,-42.300003
142,6,571.359985,3162.895996,-1972.706299,-271.465851,2589.990234,-1350.000122,-29.998699,-42.300003
142,7,396.230011,3028.319092,-927.717224,-165.517349,2589.990234,-1350.000122,-29.998699,-42.300003
142,8,380.209991,2220.963135,-1814.989624,-160.038177,2589.990234,-1350.000122,-29.998699,-42.300003
142,9,621.309998,2529.436035,-389.894257,-29.998699,2589.990234,-1350.000122,-29.998699,-42.300003
142,10,382.359985,2124.343994,-818.132507,-29.998699,2589.990234,-1350.000122,-29.998699,-42.300003
142,11,391.549988,2030.055054,-908.099609,-29.998699,2589.990234,-1350.000122,-29.998699,-42.300003
142,12,853.710022,1433.249512,-1330.062134,-29.998699,2589.990234,-1350.000122,-29.998699,-42.300003
143,1,529.000000,3340.765625,-1701.883545,-210.927353,2589.990234,-1350.000122,-29.998699,-42.300003
143,5,516.460022,3227.046631,-1828.275024,-248.264130,2589.990234,-1350.000122,-29.998699,-42.300003
143,6,571.359985,3162.895996,-1972.706299,-271.465851,2589.990234,-1350.000122,-29.998699,-42.300003
143,7,396.230011,3028.319092,-927.717224,-165.517349,2589.990234,-1350.000122,-29.998699,-42.300003
143,8,380.209991,2220.963135,-1814.989624,-160.038177,2589.990234,-1350.000122,-29.998699,-42.300003
143,9,621.309998,2529.436035,-389.894257,-29.998699,2589.990234,-1350.000122,-29.998699,-42.300003
143,10,382.359985,2124.343994,-818.132507,-29.998699,2589.990234,-1350.000122,-29.998699,-42.300003
143,11,391.549988,2030.055054,-908.099609,-29.998699,2589.990234,-1350.000122,-29.998699,-42.300003
143,12,853.710022,1433.249512,-1330.062134,-29.998699,2589.990234,-1350.000122,-29.998699,-42.300003
144,1,529.000000,3340.765625,-1701.883545,-210.927353,2589.990234,-1350.000122,-29.998699,-42.300003
144,5,516.460022,3227.046631,-1828.275024,-248.264130,2589.990234,-1350.000122,-29.998699,-42.300003
144,6,571.359985,3162.895996,-1972.706299,-271.465851,2589.990234,-1350.000122,-29.998699,-42.300003
144,7,396.230011,3028.319092,-927.717224,-165.517349,2589.990234,-1350.000122,-29.998699,-42.300003
144,8,380.209991,2220.963135,-1814.989624,-160.038177,2589.990234,-1350.000122,-29.998699,-42.300003
144,9,621.309998,2529.436035,-389.894257,-29.998699,2589.990234,-1350.000122,-29.998699,-42.300003
144,10,382.359985,2124.343994,-818.132507,-29.998699,2589.990234,-1350.000122,-29.998699,-42.300003
144,11,391.549988,2030.055054,-908.099609,-29.998699,2589.990234,-1350.000122,-29.998699,-42.300003
144,12,853.710022,1433.249512,-1330.062134,-29.998699,2589.990234,-1350.000122,-29.998699,-42.300003
145,1,529.000000,3340.765625,-1701.883545,-210.927353,2589.990234,-1350.000122,-29.998699,-42.300003
145,5,516.460022,3227.046631,-1828.275024,-248.264130,2589.990234,-1350.000122,-29.998699,-42.300003
145,6,571.359985,3162.895996,-1972.706299,-271.465851,2589.990234,-1350.000122,-29.998699,-42.300003
145,7,396.230011,3028.319092,-927.717224,-165.517349,2589.990234,-1350.000122,-29.998699,-42.300003
145,8,380.209991,2220.963135,-1814.989624,-160.038177,2589.990234,-1350.000122,-29.998699,-42.300003
145,9,621.309998,2529.436035,-389.894257,-29.998699,2589.990234,-1350.000122,-29.998699,-42.300003
145,10,382.359985,2124.343994,-818.132507,-29.998699,2589.990234,-1350.000122,-29.998699,-42.300003
145,11,391.549988,2030.055054,-908.099609,-29.998699,2589.990234,-1350.000122,-29.998699,-42.300003
145,12,853.710022,1433.249512,-1330.062134,-29.998699,2589.990234,-1350.000122,-29.998699,-42.300003
146,1,529.000000,3340.765625,-1701.883545,-210.927353,2589.990234,-1350.000122,-29.998699,-42.300003
146,5,516.460022,3227.046631,-1828.275024,-248.264130,2589.990234,-1350.000122,-29.998699,-42.300003
146,6,571.359985,3162.895996,-1972.706299,-271.465851,2589.990234,-1350.000122,-29.998699,-42.300003
146,7,396.230011,3028.319092,-927.717224,-165.517349,2589.990234,-1350.000122,-29.998699,-42.300003
146,8,380.209991,2220.963135,-1814.989624,-160.038177,2589.990234,-1350.000122,-29.998699,-42.300003
146,9,621.309998,2529.436035,-389.894257,-29.998699,2589.990234,-1350.000122,-29.998699,-42.300003
146,10,382.359985,2124.343994,-818.132507,-29.998699,2589.990234,-1350.000122,-29.998699,-42.300003
146,11,391.549988,2030.055054,-908.099609,-29.998699,2589.990234,-1350.000122,-29.998699,-42.300003
146,12,853.710022,1433.249512,-1330.062134,-29.998699,2589.990234,-1350.000122,-29.998699,-42.300003
147,1,529.000000,3340.765625,-1701.883545,-210.927353,2589.990234,-1350.000122,-29.998699,-42.300003
147,5,516.460022,3227.046631,-1828.275024,-248.264130,2589.990234,-1350.000122,-29.998699,-42.300003
147,6,571.359985,3162.895996,-1972.706299,-271.465851,2589.990234,-1350.000122,-29.998699,-42.300003
147,7,396.230011,3028.319092,-927.717224,-165.517349,2589.990234,-1350.000122,-29.998699,-42.300003
147,8,380.209991,2220.963135,-1814.989624,-160.038177,2589.990234,-1350.000122,-29.998699,-42.300003
147,9,621.309998,2529.436035,-389.894257,-29.998699,2589.990234,-1350.000122,-29.998699,-42.300003
147,10,382.359985,2124.343994,-818.132507,-29.998699,2589.990234,-1350.000122,-29.998699,-42.300003
147,11,391.549988,2030.055054,-908.099609,-29.998699,2589.990234,-1350.000122,-29.998699,-42.300003
147,12,853.710022,1433.249512,-1330.062134,-29.998699,2589.990234,-1350.000122,-29.998699,-42.300003
148,1,529.000000,3340.765625,-1701.883545,-210.927353,2589.990234,-1350.000122,-29.998699,-42.300003
148,5,516.460022,3227.046631,-1828.275024,-248.264130,2589.990234,-1350.000122,-29.998699,-42.300003
148,6,571.359985,3162.895996,-1972.706299,-271.465851,2589.990234,-1350.000122,-29.998699,-42.300003
148,7,396.230011,3028.319092,-927.717224,-165.517349,2589.990234,-1350.000122,-29.998699,-42.300003
148,8,380.209991,2220.963135,-1814.989624,-160.038177,2589.990234,-1350.000122,-29.998699,-42.300003
148,9,621.309998,2529.436035,-389.894257,-29.998699,2589.990234,-1350.000122,-29.998699,-42.300003
148,10,382.359985,2124.343994,-818.132507,-29.998699,2589.990234,-1350.000122,-29.998699,-42.300003
148,11,391.549988,2030.055054,-908.099609,-29.998699,2589.990234,-1350.000122,-29.998699,-42.300003
148,12,853.710022,1433.249512,-1330.062134,-29.998699,2589.990234,-1350.000122,-29.998699,-42.300003
149,1,529.000000,3340.765625,-1701.883545,-210.927353,2589.990234,-1350.000122,-29.998699,-42.300003
149,5,516.460022,3227.046631,-1828.275024,-248.264130,2589.990234,-1350.000122,-29.998699,-42.300003
149,6,571.359985,3162.895996,-1972.706299,-271.465851,2589.990234,-1350.000122,-29.998699,-42.300003
149,7,396.230011,3028.319092,-927.717224,-165.517349,2589.990234,-1350.000122,-29.998699,-42.300003
149,8,380.209991,2220.963135,-1814.989624,-160.038177,2589.990234,-1350.000122,-29.998699,-42.300003
149,9,621.309998,2529.436035,-389.894257,-29.998699,2589.990234,-1350.000122,-29.998699,-42.300003
149,10,382.359985,2124.343994,-818.132507,-29.998699,2589.990234,-1350.000122,-29.998699,-42.300003
149,11,391.549988,2030.055054,-908.099609,-29.998699,2589.990234,-1350.000122,-29.998699,-42.300003
149,12,853.710022,1433.249512,-1330.062134,-29.998699,2589.990234,-1350.000122,-29.998699,-42.300003
150,1,529.000000,3340.765625,-1701.883545,-210.927353,2589.990234,-1350.000122,-29.998699,-42.300003
150,5,516.460022,3227.046631,-1828.275024,-248.264130,2589.990234,-1350.000122,-29.998699,-42.300003
150,6,571.359985,3162.895996,-1972.706299,-271.465851,2589.990234,-1350.000122,-29.998699,-42.300003
150,7,396.230011,3028.319092,-927.717224,-165.517349,2589.990234,-1350.000122,-29.998699,-42.300003
150,8,380.209991,2220.963135,-1814.989624,-160.038177,2589.990234,-1350.000122,-29.998699,-42.300003
150,9,621.309998,2529.436035,-389.894257,-29.998699,2589.990234,-1350.000122,-29.998699,-42.300003
150,10,382.359985,2124.343994,-818.132507,-29.998699,2589.990234,-1350.000122,-29.998699,-42.300003
150,11,391.549988,2030.055054,-908.099609,-29.998699,2589.990234,-1350.000122,-29.998699,-42.300003
150,12,853.710022,1433.249512,-1330.062134,-29.998699,2589.990234,-1350.000122,-29.998699,-42.300003
151,1,529.000000,3340.765625,-1701.883545,-210.927353,2589.990234,-1350.000122,-29.998699,-42.300003
151,5,516.460022,3227.046631,-1828.275024,-248.264130,2589.990234,-1350.000122,-29.998699,-42.300003
151,6,571.359985,3162.895996,-1972.706299,-271.465851,2589.990234,-1350.000122,-29.998699,-42.300003
151,7,396.230011,3028.319092,-927.717224,-165.517349,2589.990234,-1350.000122,-29.998699,-42.300003
151,8,380.209991,2220.963135,-1814.989624,-160.038177,2589.990234,-1350.000122,-29.998699,-42.300003
151,9,621.309998,2529.436035,-389.894257,-29.998699,2589.990234,-1350.000122,-29.998699,-42.300003
151,10,382.359985,2124.343994,-818.132507,-29.998699,2589.990234,-1350.000122,-29.998699,-42.300003
151,11,391.549988,2030.055054,-908.099609,-29.998699,2589.990234,-1350.000122,-29.998699,-42.300003
151,12,853.710022,1433.249512,-1330.062134,-29.998699,2589.990234,-1350.000122,-29.998699,-42.300003
152,1,529.000000,3340.765625,-1701.883545,-210.927353,2589.990234,-1350.000122,-29.998699,-42.300003
152,5,516.460022,3227.046631,-1828.275024,-248.264130,2589.990234,-1350.000122,-29.998699,-42.300003
152,6,571.359985,3162.895996,-1972.706299,-271.465851,2589.990234,-1350.000122,-29.998699,-42.300003
152,7,396.230011,3028.319092,-927.717224,-165.517349,2589.990234,-1350.000122,-29.998699,-42.300003
152,8,380.209991,2220.963135,-1814.989624,-160.038177,2589.990234,-1350.000122,-29.998699,-42.300003
152,9,621.309998,2529.436035,-389.894257,-29.998699,2589.990234,-1350.000122,-29.998699,-42.300003
152,10,382.359985,2124.343994,-818.132507,-29.998699,2589.990234,-1350.000122,-29.998699,-42.300003
152,11,391.549988,2030.055054,-908.099609,-29.998699,2589.990234,-1350.000122,-29.998699,-42.300003
152,12,853.710022,1433.249512,-1330.062134,-29.998699,2589.990234,-1350.000122,-29.998699,-42.300003
153,1,529.000000,3340.765625,-1701.883545,-210.927353,2589.990234,-1350.000122,-29.998699,-42.300003
153,5,516.460022,3227.046631,-1828.275024,-248.264130,2589.990234,-1350.000122,-29.998699,-42.300003
153,6,571.359985,3162.895996,-1972.706299,-271.465851,2589.990234,-1350.000122,-29.998699,-42.300003
153,7,396.230011,3028.319092,-927.717224,-165.517349,2589.990234,-1350.000122,-29.998699,-42.300003
153,8,380.209991,2220.963135,-1814.989624,-160.038177,2589.990234,-1350.000122,-29.998699,-42.300003
153,9,621.309998,2529.436035,-389.894257,-29.998699,2589.990234,-1350.000122,-29.998699,-42.300003
153,10,382.359985,2124.343994,-818.132507,-29.998699,2589.990234,-1350.000122,-29.998699,-42.300003
153,11,391.549988,2030.055054,-908.099609,-29.998699,2589.990234,-1350.000122,-29.998699,-42.300003
153,12,853.710022,1433.249512,-1330.062134,-29.998699,2589.990234,-1350.000122,-29.998699,-42.300003
154,1,535.239990,3430.525635,-1805.884033,-223.071259,2679.980469,-1439.941528,-40.008400,-43.199997
154,5,514.270020,3307.999023,-1926.805054,-257.348297,2679.980469,-1439.941528,-40.008400,-43.199997
154,6,562.869995,3237.425537,-2066.302246,-277.887543,2679.980469,-1439.941528,-40.008400,-43.199997
154,7,405.269989,3130.703369,-1018.403198,-178.618896,2679.980469,-1439.941528,-40.008400,-43.199997
154,8,366.790009,2312.327881,-1889.884521,-165.457977,2679.980469,-1439.941528,-40.008400,-43.199997
154,9,646.570007,2631.523438,-453.920624,-40.008400,2679.980469,-1439.941528,-40.008400,-43.199997
154,10,340.089996,2253.559326,-929.761353,-40.008400,2679.980469,-1439.941528,-40.008400,-43.199997
154,11,345.230011,2160.821289,-1021.008667,-40.008400,2679.980469,-1439.941528,-40.008400,-43.199997
154,12,732.280029,1644.936401,-1408.615234,-40.008400,2679.980469,-1439.941528,-40.008400,-43.199997
155,1,535.239990,3430.525635,-1805.884033,-223.071259,2679.980469,-1439.941528,-40.008400,-43.199997
155,5,514.270020,3307.999023,-1926.805054,-257.348297,2679.980469,-1439.941528,-40.008400,-43.199997
155,6,562.869995,3237.425537,-2066.302246,-277.887543,2679.980469,-1439.941528,-40.008400,-43.199997
155,7,405.269989,3130.703369,-1018.403198,-178.618896,2679.980469,-1439.941528,-40.008400,-43.199997
155,8,366.790009,2312.327881,-1889.884521,-165.457977,2679.980469,-1439.941528,-40.008400,-43.199997
155,9,646.570007,2631.523438,-453.920624,-40.008400,2679.980469,-1439.941528,-40.008400,-43.199997
155,10,340.089996,2253.559326,-929.761353,-40.008400,2679.980469,-1439.941528,-40.008400,-43.199997
155,11,345.230011,2160.821289,-1021.008667,-40.008400,2679.980469,-1439.941528,-40.008400,-43.199997
155,12,732.280029,1644.936401,-1408.615234,-40.008400,2679.980469,-1439.941528,-40.008400,-43.199997
156,1,535.239990,3430.525635,-1805.884033,-223.071259,2679.980469,-1439.941528,-40.008400,-43.199997
156,5,514.270020,3307.999023,-1926.805054,-257.348297,2679.980469,-1439.941528,-40.008400,-43.199997
156,6,562.869995,3237.425537,-2066.302246,-277.887543,2679.980469,-1439.941528,-40.008400,-43.199997
156,7,405.269989,3130.703369,-1018.403198,-178.618896,2679.980469,-1439.941528,-40.008400,-43.199997
156,8,366.790009,2312.327881,-1889.884521,-165.457977,2679.980469,-1439.941528,-40.008400,-43.199997
156,9,646.570007,2631.523438,-453.920624,-40.008400,2679.980469,-1439.941528,-40.008400,-43.199997
156,10,340.089996,2253.559326,-929.761353,-40.008400,2679.980469,-1439.941528,-40.008400,-43.199997
156,11,345.230011,2160.821289,-1021.008667,-40.008400,2679.980469,-1439.941528,-40.008400,-43.199997
156,12,732.280029,1644.936401,-1408.615234,-40.008400,2679.980469,-1439.941528,-40.008400,-43.199997
157,1,535.239990,3430.525635,-1805.884033,-223.071259,2679.980469,-1439.941528,-40.008400,-43.199997
157,5,514.270020,3307.999023,-1926.805054,-257.348297,2679.980469,-1439.941528,-40.008400,-43.199997
157,6,562.869995,3237.425537,-2066.302246,-277.887543,2679.980469,-1439.941528,-40.008400,-43.199997
157,7,405.269989,3130.703369,-1018.403198,-178.618896,2679.980469,-1439.941528,-40.008400,-43.199997
157,8,366.790009,2312.327881,-1889.884521,-165.457977,2679.980469,-1439.941528,-40.008400,-43.199997
157,9,646.570007,2631.523438,-453.920624,-40.008400,2679.980469,-1439.941528,-40.008400,-43.199997
157,10,340.089996,2253.559326,-929.761353,-40.008400,2679.980469,-1439.941528,-40.008400,-43.199997
157,11,345.230011,2160.821289,-1021.008667,-40.008400,2679.980469,-1439.941528,-40.008400,-43.199997
157,12,732.280029,1644.936401,-1408.615234,-40.008400,2679.980469,-1439.941528,-40.008400,-43.199997
158,1,535.239990,3430.525635,-1805.884033,-223.071259,2679.980469,-1439.941528,-40.008400,-43.199997
158,5,514.270020,3307.999023,-1926.805054,-257.348297,2679.980469,-1439.941528,-40.008400,-43.199997
158,6,562.869995,3237.425537,-2066.302246,-277.887543,2679.980469,-1439.941528,-40.008400,-43.199997
158,7,405.269989,3130.703369,-1018.403198,-178.618896,2679.980469,-1439.941528,-40.008400,-43.199997
158,8,366.790009,2312.327881,-1889.884521,-165.457977,2679.980469,-1439.941528,-40.008400,-43.199997
158,9,646.570007,2631.523438,-453.920624,-40.008400,2679.980469,-1439.941528,-40.008400,-43.199997
158,10,340.089996,2253.559326,-929.761353,-40.008400,2679.980469,-1439.941528,-40.008400,-43.199997
158,11,345.230011,2160.821289,-1021.008667,-40.008400,2679.980469,-1439.941528,-40.008400,-43.199997
158,12,732.280029,1644.936401,-1408.615234,-40.008400,2679.980469,-1439.941528,-40.008400,-43.199997
159,1,535.239990,3430.525635,-1805.884033,-223.071259,2679.980469,-1439.941528,-40.008400,-43.199997
159,5,514.270020,3307.999023,-1926.805054,-257.348297,2679.980469,-1439.941528,-40.008400,-43.199997
159,6,562.869995,3237.425537,-2066.302246,-277.887543,2679.980469,-1439.941528,-40.008400,-43.199997
159,7,405.269989,3130.703369,-1018.403198,-178.618896,2679.980469,-1439.941528,-40.008400,-43.199997
159,8,366.790009,2312.327881,-1889.884521,-165.457977,2679.980469,-1439.941528,-40.008400,-43.199997
159,9,646.570007,2631.523438,-453.920624,-40.008400,2679.980469,-1439.941528,-40.008400,-43.199997
159,10,340.089996,2253.559326,-929.761353,-40.008400,2679.980469,-1439.941528,-40.008400,-43.199997
159,11,345.230011,2160.821289,-1021.008667,-40.008400,2679.980469,-1439.941528,-40.008400,-43.199997
159,12,732.280029,1644.936401,-1408.615234,-40.008400,2679.980469,-1439.941528,-40.008400,-43.199997
160,1,535.239990,3430.525635,-1805.884033,-223.071259,2679.980469,-1439.941528,-40.008400,-43.199997
160,5,514.270020,3307.999023,-1926.805054,-257.348297,2679.980469,-1439.941528,-40.008400,-43.199997
160,6,562.869995,3237.425537,-2066.302246,-277.887543,2679.980469,-1439.941528,-40.008400,-43.199997
160,7,405.269989,3130.703369,-1018.403198,-178.618896,2679.980469,-1439.941528,-40.008400,-43.199997
160,8,366.790009,2312.327881,-1889.884521,-165.457977,2679.980469,-1439.941528,-40.008400,-43.199997
160,9,646.570007,2631.523438,-453.920624,-40.008400,2679.980469,-1439.941528,-40.008400,-43.199997
160,10,340.089996,2253.559326,-929.761353,-40.008400,2679.980469,-1439.941528,-40.008400,-43.199997
160,11,345.230011,2160.821289,-1021.008667,-40.008400,2679.980469,-1439.941528,-40.008400,-43.199997
160,12,732.280029,1644.936401,-1408.615234,-40.008400,2679.980469,-1439.941528,-40.008400,-43.199997
161,1,535.239990,3430.525635,-1805.884033,-223.071259,2679.980469,-1439.941528,-40.008400,-43.199997
161,5,514.270020,3307.999023,-1926.805054,-257.348297,2679.980469,-1439.941528,-40.008400,-43.199997
161,6,562.869995,3237.425537,-2066.302246,-277.887543,2679.980469,-1439.941528,-40.008400,-43.199997
161,7,405.269989,3130.703369,-1018.403198,-178.618896,2679.980469,-1439.941528,-40.008400,-43.199997
161,8,366.790009,2312.327881,-1889.884521,-165.457977,2679.980469,-1439.941528,-40.008400,-43.199997
161,9,646.570007,2631.523438,-453.920624,-40.008400,2679.980469,-1439.941528,-40.008400,-43.199997
161,10,340.089996,2253.559326,-929.761353,-40.008400,2679.980469,-1439.941528,-40.008400,-43.199997
161,11,345.230011,2160.821289,-1021.008667,-40.008400,2679.980469,-1439.941528,-40.008400,-43.199997
161,12,732.280029,1644.936401,-1408.615234,-40.008400,2679.980469,-1439.941528,-40.008400,-43.199997
162,1,535.239990,3430.525635,-1805.884033,-223.071259,2679.980469,-1439.941528,-40.008400,-43.199997
162,5,514.270020,3307.999023,-1926.805054,-257.348297,2679.980469,-1439.941528,-40.008400,-43.199997
162,6,562.869995,3237.425537,-2066.302246,-277.887543,2679.980469,-1439.941528,-40.008400,-43.199997
162,7,405.269989,3130.703369,-1018.403198,-178.618896,2679.980469,-1439.941528,-40.008400,-43.199997
162,8,366.790009,2312.327881,-1889.884521,-165.457977,2679.980469,-1439.941528,-40.008400,-43.199997
162,9,646.570007,2631.523438,-453.920624,-40.008400,2679.980469,-1439.941528,-40.008400,-43.199997
162,10,340.089996,2253.559326,-929.761353,-40.008400,2679.980469,-1439.941528,-40.008400,-43.199997
162,11,345.230011,2160.821289,-1021.008667,-40.008400,2679.980469,-1439.941528,-40.008400,-43.199997
162,12,732.280029,1644.936401,-1408.615234,-40.008400,2679.980469,-1439.941528,-40.008400,-43.199997
163,1,535.239990,3430.525635,-1805.884033,-223.071259,2679.980469,-1439.941528,-40.008400,-43.199997
163,5,514.270020,3307.999023,-1926.805054,-257.348297,2679.980469,-1439.941528,-40.008400,-43.199997
163,6,562.869995,3237.425537,-2066.302246,-277.887543,2679.980469,-1439.941528,-40.008400,-43.199997
163,7,405.269989,3130.703369,-1018.403198,-178.618896,2679.980469,-1439.941528,-40.008400,-43.199997
163,8,366.790009,2312.327881,-1889.884521,-165.457977,2679.980469,-1439.941528,-40.008400,-43.199997
163,9,646.570007,2631.523438,-453.920624,-40.008400,2679.980469,-1439.941528,-40.008400,-43.199997
163,10,340.089996,2253.559326,-929.761353,-40.008400,2679.980469,-1439.941528,-40.008400,-43.199997
163,11,345.230011,2160.821289,-1021.008667,-40.008400,2679.980469,-1439.941528,-40.008400,-43.199997
163,12,732.280029,1644.936401,-1408.615234,-40.008400,2679.980469,-1439.941528,-40.008400,-43.199997
164,1,535.239990,3430.525635,-1805.884033,-223.071259,2679.980469,-1439.941528,-40.008400,-43.199997
164,5,514.270020,3307.999023,-1926.805054,-257.348297,2679.980469,-1439.941528,-40.008400,-43.199997
164,6,562.869995,3237.425537,-2066.302246,-277.887543,2679.980469,-1439.941528,-40.008400,-43.199997
164,7,405.269989,3130.703369,-1018.403198,-178.618896,2679.980469,-1439.941528,-40.008400,-43.199997
164,8,366.790009,2312.327881,-1889.884521,-165.457977,2679.980469,-1439.941528,-40.008400,-43.199997
164,9,646.570007,2631.523438,-453.920624,-40.008400,2679.980469,-1439.941528,-40.008400,-43.199997
164,10,340.089996,2253.559326,-929.761353,-40.008400,2679.980469,-1439.941528,-40.008400,-43.199997
164,11,345.230011,2160.821289,-1021.008667,-40.008400,2679.980469,-1439.941528,-40.008400,-43.199997
164,12,732.280029,1644.936401,-1408.615234,-40.008400,2679.980469,-1439.941528,-40.008400,-43.199997
165,1,527.280029,3493.922852,-1892.299561,-230.346390,2760.009766,-1509.961060,-50.006001,-44.699997
165,3,644.460022,3197.070557,-2339.381592,-270.424316,2760.009766,-1509.961060,-50.006001,-44.699997
165,5,486.679993,3357.294922,-1995.508911,-255.685852,2760.009766,-1509.961060,-50.006001,-44.699997
165,6,532.710022,3281.438477,-2131.472656,-275.138977,2760.009766,-1509.961060,-50.006001,-44.699997
165,7,398.250000,3216.972656,-1105.054565,-186.215515,2760.009766,-1509.961060,-50.006001,-44.699997
165,8,381.720001,2370.836670,-1960.098022,-180.561935,2760.009766,-1509.961060,-50.006001,-44.699997
165,9,631.719971,2738.752197,-537.796082,-50.006001,2760.009766,-1509.961060,-50.006001,-44.699997
165,10,325.859985,2357.204346,-998.802551,-50.006001,2760.009766,-1509.961060,-50.006001,-44.699997
165,11,328.500000,2263.886475,-1089.349487,-50.006001,2760.009766,-1509.961060,-50.006001,-44.699997
165,12,701.840027,1756.478027,-1454.045410,-50.006001,2760.009766,-1509.961060,-50.006001,-44.699997
166,1,527.280029,3493.922852,-1892.299561,-230.346390,2760.009766,-1509.961060,-50.006001,-44.699997
166,3,644.460022,3197.070557,-2339.381592,-270.424316,2760.009766,-1509.961060,-50.006001,-44.699997
166,5,486.679993,3357.294922,-1995.508911,-255.685852,2760.009766,-1509.961060,-50.006001,-44.699997
166,6,532.710022,3281.438477,-2131.472656,-275.138977,2760.009766,-1509.961060,-50.006001,-44.699997
166,7,398.250000,3216.972656,-1105.054565,-186.215515,2760.009766,-1509.961060,-50.006001,-44.699997
166,8,381.720001,2370.836670,-1960.098022,-180.561935,2760.009766,-1509.961060,-50.006001,-44.699997
166,9,631.719971,2738.752197,-537.796082,-50.006001,2760.009766,-1509.961060,-50.006001,-44.699997
166,10,325.859985,2357.204346,-998.802551,-50.006001,2760.009766,-1509.961060,-50.006001,-44.699997
166,11,328.500000,2263.886475,-1089.349487,-50.006001,2760.009766,-1509.961060,-50.006001,-44.699997
166,12,701.840027,1756.478027,-1454.045410,-50.006001,2760.009766,-1509.961060,-50.006001,-44.699997
167,1,527.280029,3493.922852,-1892.299561,-230.346390,2760.009766,-1509.961060,-50.006001,-44.699997
167,3,644.460022,3197.070557,-2339.381592,-270.424316,2760.009766,-1509.961060,-50.006001,-44.699997
167,5,486.679993,3357.294922,-1995.508911,-255.685852,2760.009766,-1509.961060,-50.006001,-44.699997
167,6,532.710022,3281.438477,-2131.472656,-275.138977,2760.009766,-1509.961060,-50.006001,-44.699997
167,7,398.250000,3216.972656,-1105.054565,-186.215515,2760.009766,-1509.961060,-50.006001,-44.699997
167,8,381.720001,2370.836670,-1960.098022,-180.561935,2760.009766,-1509.961060,-50.006001,-44.699997
167,9,631.719971,2738.752197,-537.796082,-50.006001,2760.009766,-1509.961060,-50.006001,-44.699997
167,10,325.859985,2357.204346,-998.802551,-50.006001,2760.009766,-1509.961060,-50.006001,-44.699997
167,11,328.500000,2263.886475,-1089.349487,-50.006001,2760.009766,-1509.961060,-50.006001,-44.699997
167,12,701.840027,1756.478027,-1454.045410,-50.006001,2760.009766,-1509.961060,-50.006001,-44.699997
168,1,527.280029,3493.922852,-1892.299561,-230.346390,2760.009766,-1509.961060,-50.006001,-44.699997
168,3,644.460022,3197.070557,-2339.381592,-270.424316,2760.009766,-1509.961060,-50.006001,-44.699997
168,5,486.679993,3357.294922,-1995.508911,-255.685852,2760.009766,-1509.961060,-50.006001,-44.699997
168,6,532.710022,3281.438477,-2131.472656,-275.138977,2760.009766,-1509.961060,-50.006001,-44.699997
168,7,398.250000,3216.972656,-1105.054565,-186.215515,2760.009766,-1509.961060,-50.006001,-44.699997
168,8,381.720001,2370.836670,-1960.098022,-180.561935,2760.009766,-1509.961060,-50.006001,-44.699997
168,9,631.719971,2738.752197,-537.796082,-50.006001,2760.009766,-1509.961060,-50.006001,-44.699997
168,10,325.859985,2357.204346,-998.802551,-50.006001,2760.009766,-1509.961060,-50.006001,-44.699997
168,11,328.500000,2263.886475,-1089.349487,-50.006001,2760.009766,-1509.961060,-50.006001,-44.699997
168,12,701.840027,1756.478027,-1454.045410,-50.006001,2760.009766,-1509.961060,-50.006001,-44.699997
169,1,527.280029,3493.922852,-1892.299561,-230.346390,2760.009766,-1509.961060,-50.006001,-44.699997
169,3,644.460022,3197.070557,-2339.381592,-270.424316,2760.009766,-1509.961060,-50.006001,-44.699997
169,5,486.679993,3357.294922,-1995.508911,-255.685852,2760.009766,-1509.961060,-50.006001,-44.699997
169,6,532.710022,3281.438477,-2131.472656,-275.138977,2760.009766,-1509.961060,-50.006001,-44.699997
169,7,398.250000,3216.972656,-1105.054565,-186.215515,2760.009766,-1509.961060,-50.006001,-44.699997
169,8,381.720001,2370.836670,-1960.098022,-180.561935,2760.009766,-1509.961060,-50.006001,-44.699997
169,9,631.719971,2738.752197,-537.796082,-50.006001,2760.009766,-1509.961060,-50.006001,-44.699997
169,10,325.859985,2357.204346,-998.802551,-50.006001,2760.009766,-1509.961060,-50.006001,-44.699997
169,11,328.500000,2263.886475,-1089.349487,-50.006001,2760.009766,-1509.961060,-50.006001,-44.699997
169,12,701.840027,1756.478027,-1454.045410,-50.006001,2760.009766,-1509.961060,-50.006001,-44.699997
170,1,527.280029,3493.922852,-1892.299561,-230.346390,2760.009766,-1509.961060,-50.006001,-44.699997
170,3,644.460022,3197.070557,-2339.381592,-270.424316,2760.009766,-1509.961060,-50.006001,-44.699997
170,5,486.679993,3357.294922,-1995.508911,-255.685852,2760.009766,-1509.961060,-50.006001,-44.699997
170,6,532.710022,3281.438477,-2131.472656,-275.138977,2760.009766,-1509.961060,-50.006001,-44.699997
170,7,398.250000,3216.972656,-1105.054565,-186.215515,2760.009766,-1509.961060,-50.006001,-44.699997
170,8,381.720001,2370.836670,-1960.098022,-180.561935,2760.009766,-1509.961060,-50.006001,-44.699997
170,9,631.719971,2738.752197,-537.796082,-50.006001,2760.009766,-1509.961060,-50.006001,-44.699997
170,10,325.859985,2357.204346,-998.802551,-50.006001,2760.009766,-1509.961060,-50.006001,-44.699997
170,11,328.500000,2263.886475,-1089.349487,-50.006001,2760.009766,-1509.961060,-50.006001,-44.699997
170,12,701.840027,1756.478027,-1454.045410,-50.006001,2760.009766,-1509.961060,-50.006001,-44.699997
171,1,527.280029,3493.922852,-1892.299561,-230.346390,2760.009766,-1509.961060,-50.006001,-44.699997
171,3,644.460022,3197.070557,-2339.381592,-270.424316,2760.009766,-1509.961060,-50.006001,-44.699997
171,5,486.679993,3357.294922,-1995.508911,-255.685852,2760.009766,-1509.961060,-50.006001,-44.699997
171,6,532.710022,3281.438477,-2131.472656,-275.138977,2760.009766,-1509.961060,-50.006001,-44.699997
171,7,398.250000,3216.972656,-1105.054565,-186.215515,2760.009766,-1509.961060,-50.006001,-44.699997
171,8,381.720001,2370.836670,-1960.098022,-180.561935,2760.009766,-1509.961060,-50.006001,-44.699997
171,9,631.719971,2738.752197,-537.796082,-50.006001,2760.009766,-1509.961060,-50.006001,-44.699997
171,10,325.859985,2357.204346,-998.802551,-50.006001,2760.009766,-1509.961060,-50.006001,-44.699997
171,11,328.500000,2263.886475,-1089.349487,-50.006001,2760.009766,-1509.961060,-50.006001,-44.699997
171,12,701.840027,1756.478027,-1454.045410,-50.006001,2760.009766,-1509.961060,-50.006001,-44.699997
172,1,527.280029,3493.922852,-1892.299561,-230.346390,2760.009766,-1509.961060,-50.006001,-44.699997
172,3,644.460022,3197.070557,-2339.381592,-270.424316,2760.009766,-1509.961060,-50.006001,-44.699997
172,5,486.679993,3357.294922,-1995.508911,-255.685852,2760.009766,-1509.961060,-50.006001,-44.699997
172,6,532.710022,3281.438477,-2131.472656,-275.138977,2760.009766,-1509.961060,-50.006001,-44.699997
172,7,398.250000,3216.972656,-1105.054565,-186.215515,2760.009766,-1509.961060,-50.006001,-44.699997
172,8,381.720001,2370.836670,-1960.098022,-180.561935,2760.009766,-1509.961060,-50.006001,-44.699997
172,9,631.719971,2738.752197,-537.796082,-50.006001,2760.009766,-1509.961060,-50.006001,-44.699997
172,10,325.859985,2357.204346,-998.802551,-50.006001,2760.009766,-1509.961060,-50.006001,-44.699997
172,11,328.500000,2263.886475,-1089.349487,-50.006001,2760.009766,-1509.961060,-50.006001,-44.699997
172,12,701.840027,1756.478027,-1454.045410,-50.006001,2760.009766,-1509.961060,-50.006001,-44.699997
173,1,527.280029,3493.922852,-1892.299561,-230.346390,2760.009766,-1509.961060,-50.006001,-44.699997
173,3,644.460022,3197.070557,-2339.381592,-270.424316,2760.009766,-1509.961060,-50.006001,-44.699997
173,5,486.679993,3357.294922,-1995.508911,-255.685852,2760.009766,-1509.961060,-50.006001,-44.699997
173,6,532.710022,3281.438477,-2131.472656,-275.138977,2760.009766,-1509.961060,-50.006001,-44.699997
173,7,398.250000,3216.972656,-1105.054565,-186.215515,2760.009766,-1509.961060,-50.006001,-44.699997
173,8,381.720001,2370.836670,-1960.098022,-180.561935,2760.009766,-1509.961060,-50.006001,-44.699997
173,9,631.719971,2738.752197,-537.796082,-50.006001,2760.009766,-1509.961060,-50.006001,-44.699997
173,10,325.859985,2357.204346,-998.802551,-50.006001,2760.009766,-1509.961060,-50.006001,-44.699997
173,11,328.500000,2263.886475,-1089.349487,-50.006001,2760.009766,-1509.961060,-50.006001,-44.699997
173,12,701.840027,1756.478027,-1454.045410,-50.006001,2760.009766,-1509.961060,-50.006001,-44.699997
174,1,527.280029,3493.922852,-1892.299561,-230.346390,2760.009766,-1509.961060,-50.006001,-44.699997
174,3,644.460022,3197.070557,-2339.381592,-270.424316,2760.009766,-1509.961060,-50.006001,-44.699997
174,5,486.679993,3357.294922,-1995.508911,-255.685852,2760.009766,-1509.961060,-50.006001,-44.699997
174,6,532.710022,3281.438477,-2131.472656,-275.138977,2760.009766,-1509.961060,-50.006001,-44.699997
174,7,398.250000,3216.972656,-1105.054565,-186.215515,2760.009766,-1509.961060,-50.006001,-44.699997
174,8,381.720001,2370.836670,-1960.098022,-180.561935,2760.009766,-1509.961060,-50.006001,-44.699997
174,9,631.719971,2738.752197,-537.796082,-50.006001,2760.009766,-1509.961060,-50.006001,-44.699997
174,10,325.859985,2357.204346,-998.802551,-50.006001,2760.009766,-1509.961060,-50.006001,-44.699997
174,11,328.500000,2263.886475,-1089.349487,-50.006001,2760.009766,-1509.961060,-50.006001,-44.699997
174,12,701.840027,1756.478027,-1454.045410,-50.006001,2760.009766,-1509.961060,-50.006001,-44.699997
175,1,527.280029,3493.922852,-1892.299561,-230.346390,2760.009766,-1509.961060,-50.006001,-44.699997
175,3,644.460022,3197.070557,-2339.381592,-270.424316,2760.009766,-1509.961060,-50.006001,-44.699997
175,5,486.679993,3357.294922,-1995.508911,-255.685852,2760.009766,-1509.961060,-50.006001,-44.699997
175,6,532.710022,3281.438477,-2131.472656,-275.138977,2760.009766,-1509.961060,-50.006001,-44.699997
175,7,398.250000,3216.972656,-1105.054565,-186.215515,2760.009766,-1509.961060,-50.006001,-44.699997
175,8,381.720001,2370.836670,-1960.098022,-180.561935,2760.009766,-1509.961060,-50.006001,-44.699997
175,9,631.719971,2738.752197,-537.796082,-50.006001,2760.009766,-1509.961060,-50.006001,-44.699997
175,10,325.859985,2357.204346,-998.802551,-50.006001,2760.009766,-1509.961060,-50.006001,-44.699997
175,11,328.500000,2263.886475,-1089.349487,-50.006001,2760.009766,-1509.961060,-50.006001,-44.699997
175,12,701.840027,1756.478027,-1454.045410,-50.006001,2760.009766,-1509.961060,-50.006001,-44.699997
176,1,536.969971,3555.344971,-2006.825806,-233.660553,2829.980469,-1589.941528,-50.006001,-47.100006
176,3,562.750000,3202.047363,-2366.206055,-242.477829,2829.980469,-1589.941528,-50.006001,-47.100006
176,5,437.559998,3376.104980,-2067.464111,-234.926849,2829.980469,-1589.941528,-50.006001,-47.100006
176,6,469.619995,3286.002686,-2190.857178,-248.475983,2829.980469,-1589.941528,-50.006001,-47.100006
176,7,457.040009,3343.967285,-1166.919800,-206.322891,2829.980469,-1589.941528,-50.006001,-47.100006
176,8,342.769989,2449.110840,-1998.471680,-167.240234,2829.980469,-1589.941528,-50.006001,-47.100006
176,9,747.130005,2843.612793,-502.476959,-50.006001,2829.980469,-1589.941528,-50.006001,-47.100006
176,10,382.220001,2410.568115,-1021.077515,-50.006001,2829.980469,-1589.941528,-50.006001,-47.100006
176,11,341.950012,2342.750244,-1139.070679,-50.006001,2829.980469,-1589.941528,-50.006001,-47.100006
176,12,539.469971,1990.795532,-1512.120361,-50.006001,2829.980469,-1589.941528,-50.006001,-47.100006
176,16,721.500000,3158.299072,-2577.490723,-50.006001,2829.980469,-1589.941528,-50.006001,-47.100006
177,1,536.969971,3555.344971,-2006.825806,-233.660553,2829.980469,-1589.941528,-50.006001,-47.100006
177,3,562.750000,3202.047363,-2366.206055,-242.477829,2829.980469,-1589.941528,-50.006001,-47.100006
177,5,437.559998,3376.104980,-2067.464111,-234.926849,2829.980469,-1589.941528,-50.006001,-47.100006
177,6,469.619995,3286.002686,-2190.857178,-248.475983,2829.980469,-1589.941528,-50.006001,-47.100006
177,7,457.040009,3343.967285,-1166.919800,-206.322891,2829.980469,-1589.941528,-50.006001,-47.100006
177,8,342.769989,2449.110840,-1998.471680,-167.240234,2829.980469,-1589.941528,-50.006001,-47.100006
177,9,747.130005,2843.612793,-502.476959,-50.006001,2829.980469,-1589.941528,-50.006001,-47.100006
177,10,382.220001,2410.568115,-1021.077515,-50.006001,2829.980469,-1589.941528,-50.006001,-47.100006
177,11,341.950012,2342.750244,-1139.070679,-50.006001,2829.980469,-1589.941528,-50.006001,-47.100006
177,12,539.469971,1990.795532,-1512.120361,-50.006001,2829.980469,-1589.941528,-50.006001,-47.100006
177,16,721.500000,3158.299072,-2577.490723,-50.006001,2829.980469,-1589.941528,-50.006001,-47.100006
178,1,536.969971,3555.344971,-2006.825806,-233.660553,2829.980469,-1589.941528,-50.006001,-47.100006
178,3,562.750000,3202.047363,-2366.206055,-242.477829,2829.980469,-1589.941528,-50.006001,-47.100006
178,5,437.559998,3376.104980,-2067.464111,-234.926849,2829.980469,-1589.941528,-50.006001,-47.100006
178,6,469.619995,3286.002686,-2190.857178,-248.475983,2829.980469,-1589.941528,-50.006001,-47.100006
178,7,457.040009,3343.967285,-1166.919800,-206.322891,2829.980469,-1589.941528,-50.006001,-47.100006
178,8,342.769989,2449.110840,-1998.471680,-167.240234,2829.980469,-1589.941528,-50.006001,-47.100006
178,9,747.130005,2843.612793,-502.476959,-50.006001,2829.980469,-1589.941528,-50.006001,-47.100006
178,10,382.220001,2410.568115,-1021.077515,-50.006001,2829.980469,-1589.941528,-50.006001,-47.100006
178,11,341.950012,2342.750244,-1139.070679,-50.006001,2829.980469,-1589.941528,-50.006001,-47.100006
178,12,539.469971,1990.795532,-1512.120361,-50.006001,2829.980469,-1589.941528,-50.006001,-47.100006
178,16,721.500000,3158.299072,-2577.490723,-50.006001,2829.980469,-1589.941528,-50.006001,-47.100006
179,1,536.969971,3555.344971,-2006.825806,-233.660553,2829.980469,-1589.941528,-50.006001,-47.100006
179,3,562.750000,3202.047363,-2366.206055,-242.477829,2829.980469,-1589.941528,-50.006001,-47.100006
179,5,437.559998,3376.104980,-2067.464111,-234.926849,2829.980469,-1589.941528,-50.006001,-47.100006
179,6,469.619995,3286.002686,-2190.857178,-248.475983,2829.980469,-1589.941528,-50.006001,-47.100006
179,7,457.040009,3343.967285,-1166.919800,-206.322891,2829.980469,-1589.941528,-50.006001,-47.100006
179,8,342.769989,2449.110840,-1998.471680,-167.240234,2829.980469,-1589.941528,-50.006001,-47.100006
179,9,747.130005,2843.612793,-502.476959,-50.006001,2829.980469,-1589.941528,-50.006001,-47.100006
179,10,382.220001,2410.568115,-1021.077515,-50.006001,2829.980469,-1589.941528,-50.006001,-47.100006
179,11,341.950012,2342.750244,-1139.070679,-50.006001,2829.980469,-1589.941528,-50.006001,-47.100006
179,12,539.469971,1990.795532,-1512.120361,-50.006001,2829.980469,-1589.941528,-50.006001,-47.100006
179,16,721.500000,3158.299072,-2577.490723,-50.006001,2829.980469,-1589.941528,-50.006001,-47.100006
180,1,536.969971,3555.344971,-2006.825806,-233.660553,2829.980469,-1589.941528,-50.006001,-47.100006
180,3,562.750000,3202.047363,-2366.206055,-242.477829,2829.980469,-1589.941528,-50.006001,-47.100006
180,5,437.559998,3376.104980,-2067.464111,-234.926849,2829.980469,-1589.941528,-50.006001,-47.100006
180,6,469.619995,3286.002686,-2190.857178,-248.475983,2829.980469,-1589.941528,-50.006001,-47.100006
180,7,457.040009,3343.967285,-1166.919800,-206.322891,2829.980469,-1589.941528,-50.006001,-47.100006
180,8,342.769989,2449.110840,-1998.471680,-167.240234,2829.980469,-1589.941528,-50.006001,-47.100006
180,9,747.130005,2843.612793,-502.476959,-50.006001,2829.980469,-1589.941528,-50.006001,-47.100006
180,10,382.220001,2410.568115,-1021.077515,-50.006001,2829.980469,-1589.941528,-50.006001,-47.100006
180,11,341.950012,2342.750244,-1139.070679,-50.006001,2829.980469,-1589.941528,-50.006001,-47.100006
180,12,539.469971,1990.795532,-1512.120361,-50.006001,2829.980469,-1589.941528,-50.006001,-47.100006
180,16,721.500000,3158.299072,-2577.490723,-50.006001,2829.980469,-1589.941528,-50.006001,-47.100006
181,1,536.969971,3555.344971,-2006.825806,-233.660553,2829.980469,-1589.941528,-50.006001,-47.100006
181,3,562.750000,3202.047363,-2366.206055,-242.477829,2829.980469,-1589.941528,-50.006001,-47.100006
181,5,437.559998,3376.104980,-2067.464111,-234.926849,2829.980469,-1589.941528,-50.006001,-47.100006
181,6,469.619995,3286.002686,-2190.857178,-248.475983,2829.980469,-1589.941528,-50.006001,-47.100006
181,7,457.040009,3343.967285,-1166.919800,-206.322891,2829.980469,-1589.941528,-50.006001,-47.100006
181,8,342.769989,2449.110840,-1998.471680,-167.240234,2829.980469,-1589.941528,-50.006001,-47.100006
181,9,747.130005,2843.612793,-502.476959,-50.006001,2829.980469,-1589.941528,-50.006001,-47.100006
181,10,382.220001,2410.568115,-1021.077515,-50.006001,2829.980469,-1589.941528,-50.006001,-47.100006
181,11,341.950012,2342.750244,-1139.070679,-50.006001,2829.980469,-1589.941528,-50.006001,-47.100006
181,12,539.469971,1990.795532,-1512.120361,-50.006001,2829.980469,-1589.941528,-50.006001,-47.100006
181,16,721.500000,3158.299072,-2577.490723,-50.006001,2829.980469,-1589.941528,-50.006001,-47.100006
182,1,536.969971,3555.344971,-2006.825806,-233.660553,2829.980469,-1589.941528,-50.006001,-47.100006
182,3,562.750000,3202.047363,-2366.206055,-242.477829,2829.980469,-1589.941528,-50.006001,-47.100006
182,5,437.559998,3376.104980,-2067.464111,-234.926849,2829.980469,-1589.941528,-50.006001,-47.100006
182,6,469.619995,3286.002686,-2190.857178,-248.475983,2829.980469,-1589.941528,-50.006001,-47.100006
182,7,457.040009,3343.967285,-1166.919800,-206.322891,2829.980469,-1589.941528,-50.006001,-47.100006
182,8,342.769989,2449.110840,-1998.471680,-167.240234,2829.980469,-1589.941528,-50.006001,-47.100006
182,9,747.130005,2843.612793,-502.476959,-50.006001,2829.980469,-1589.941528,-50.006001,-47.100006
182,10,382.220001,2410.568115,-1021.077515,-50.006001,2829.980469,-1589.941528,-50.006001,-47.100006
182,11,341.950012,2342.750244,-1139.070679,-50.006001,2829.980469,-1589.941528,-50.006001,-47.100006
182,12,539.469971,1990.795532,-1512.120361,-50.006001,2829.980469,-1589.941528,-50.006001,-47.100006
182,16,721.500000,3158.299072,-2577.490723,-50.006001,2829.980469,-1589.941528,-50.006001,-47.100006
183,1,536.969971,3555.344971,-2006.825806,-233.660553,2829.980469,-1589.941528,-50.006001,-47.100006
183,3,562.750000,3202.047363,-2366.206055,-242.477829,2829.980469,-1589.941528,-50.006001,-47.100006
183,5,437.559998,3376.104980,-2067.464111,-234.926849,2829.980469,-1589.941528,-50.006001,-47.100006
183,6,469.619995,3286.002686,-2190.857178,-248.475983,2829.980469,-1589.941528,-50.006001,-47.100006
183,7,457.040009,3343.967285,-1166.919800,-206.322891,2829.980469,-1589.941528,-50.006001,-47.100006
183,8,342.769989,2449.110840,-1998.471680,-167.240234,2829.980469,-1589.941528,-50.006001,-47.100006
183,9,747.130005,2843.612793,-502.476959,-50.006001,2829.980469,-1589.941528,-50.006001,-47.100006
183,10,382.220001,2410.568115,-1021.077515,-50.006001,2829.980469,-1589.941528,-50.006001,-47.100006
183,11,341.950012,2342.750244,-1139.070679,-50.006001,2829.980469,-1589.941528,-50.006001,-47.100006
183,12,539.469971,1990.795532,-1512.120361,-50.006001,2829.980469,-1589.941528,-50.006001,-47.100006
183,16,721.500000,3158.299072,-2577.490723,-50.006001,2829.980469,-1589.941528,-50.006001,-47.100006
184,1,536.969971,3555.344971,-2006.825806,-233.660553,2829.980469,-1589.941528,-50.006001,-47.100006
184,3,562.750000,3202.047363,-2366.206055,-242.477829,2829.980469,-1589.941528,-50.006001,-47.100006
184,5,437.559998,3376.104980,-2067.464111,-234.926849,2829.980469,-1589.941528,-50.006001,-47.100006
184,6,469.619995,3286.002686,-2190.857178,-248.475983,2829.980469,-1589.941528,-50.006001,-47.100006
184,7,457.040009,3343.967285,-1166.919800,-206.322891,2829.980469,-1589.941528,-50.006001,-47.100006
184,8,342.769989,2449.110840,-1998.471680,-167.240234,2829.980469,-1589.941528,-50.006001,-47.100006
184,9,747.130005,2843.612793,-502.476959,-50.006001,2829.980469,-1589.941528,-50.006001,-47.100006
184,10,382.220001,2410.568115,-1021.077515,-50.006001,2829.980469,-1589.941528,-50.006001,-47.100006
184,11,341.950012,2342.750244,-1139.070679,-50.006001,2829.980469,-1589.941528,-50.006001,-47.100006
184,12,539.469971,1990.795532,-1512.120361,-50.006001,2829.980469,-1589.941528,-50.006001,-47.100006
184,16,721.500000,3158.299072,-2577.490723,-50.006001,2829.980469,-1589.941528,-50.006001,-47.100006
185,1,536.969971,3555.344971,-2006.825806,-233.660553,2829.980469,-1589.941528,-50.006001,-47.100006
185,3,562.750000,3202.047363,-2366.206055,-242.477829,2829.980469,-1589.941528,-50.006001,-47.100006
185,5,437.559998,3376.104980,-2067.464111,-234.926849,2829.980469,-1589.941528,-50.006001,-47.100006
185,6,469.619995,3286.002686,-2190.857178,-248.475983,2829.980469,-1589.941528,-50.006001,-47.100006
185,7,457.040009,3343.967285,-1166.919800,-206.322891,2829.980469,-1589.941528,-50.006001,-47.100006
185,8,342.769989,2449.110840,-1998.471680,-167.240234,2829.980469,-1589.941528,-50.006001,-47.100006
185,9,747.130005,2843.612793,-502.476959,-50.006001,2829.980469,-1589.941528,-50.006001,-47.100006
185,10,382.220001,2410.568115,-1021.077515,-50.006001,2829.980469,-1589.941528,-50.006001,-47.100006
185,11,341.950012,2342.750244,-1139.070679,-50.006001,2829.980469,-1589.941528,-50.006001,-47.100006
185,12,539.469971,1990.795532,-1512.120361,-50.006001,2829.980469,-1589.941528,-50.006001,-47.100006
185,16,721.500000,3158.299072,-2577.490723,-50.006001,2829.980469,-1589.941528,-50.006001,-47.100006
186,1,536.969971,3555.344971,-2006.825806,-233.660553,2829.980469,-1589.941528,-50.006001,-47.100006
186,3,562.750000,3202.047363,-2366.206055,-242.477829,2829.980469,-1589.941528,-50.006001,-47.100006
186,5,437.559998,3376.104980,-2067.464111,-234.926849,2829.980469,-1589.941528,-50.006001,-47.100006
186,6,469.619995,3286.002686,-2190.857178,-248.475983,2829.980469,-1589.941528,-50.006001,-47.100006
186,7,457.040009,3343.967285,-1166.919800,-206.322891,2829.980469,-1589.941528,-50.006001,-47.100006
186,8,342.769989,2449.110840,-1998.471680,-167.240234,2829.980469,-1589.941528,-50.006001,-47.100006
186,9,747.130005,2843.612793,-502.476959,-50.006001,2829.980469,-1589.941528,-50.006001,-47.100006
186,10,382.220001,2410.568115,-1021.077515,-50.006001,2829.980469,-1589.941528,-50.006001,-47.100006
186,11,341.950012,2342.750244,-1139.070679,-50.006001,2829.980469,-1589.941528,-50.006001,-47.100006
186,12,539.469971,1990.795532,-1512.120361,-50.006001,2829.980469,-1589.941528,-50.006001,-47.100006
186,16,721.500000,3158.299072,-2577.490723,-50.006001,2829.980469,-1589.941528,-50.006001,-47.100006
187,1,536.969971,3555.344971,-2006.825806,-233.660553,2829.980469,-1589.941528,-50.006001,-47.100006
187,3,562.750000,3202.047363,-2366.206055,-242.477829,2829.980469,-1589.941528,-50.006001,-47.100006
187,5,437.559998,3376.104980,-2067.464111,-234.926849,2829.980469,-1589.941528,-50.006001,-47.100006
187,6,469.619995,3286.002686,-2190.857178,-248.475983,2829.980469,-1589.941528,-50.006001,-47.100006
187,7,457.040009,3343.967285,-1166.919800,-206.322891,2829.980469,-1589.941528,-50.006001,-47.100006
187,8,342.769989,2449.110840,-1998.471680,-167.240234,2829.980469,-1589.941528,-50.006001,-47.100006
187,9,747.130005,2843.612793,-502.476959,-50.006001,2829.980469,-1589.941528,-50.006001,-47.100006
187,10,382.220001,2410.568115,-1021.077515,-50.006001,2829.980469,-1589.941528,-50.006001,-47.100006
187,11,341.950012,2342.750244,-1139.070679,-50.006001,2829.980469,-1589.941528,-50.006001,-47.100006
187,12,539.469971,1990.795532,-1512.120361,-50.006001,2829.980469,-1589.941528,-50.006001,-47.100006
187,16,721.500000,3158.299072,-2577.490723,-50.006001,2829.980469,-1589.941528,-50.006001,-47.100006
188,1,441.160004,3513.936523,-2090.193604,-220.886703,2889.990234,-1679.980469,-70.001099,-50.199997
188,3,420.260010,3174.177490,-2349.249023,-213.738495,2889.990234,-1679.980469,-70.001099,-50.199997
188,4,450.440002,2938.457275,-2472.745361,-70.001099,2889.990234,-1679.980469,-70.001099,-50.199997
188,5,341.570007,3353.804443,-2119.500000,-214.354828,2889.990234,-1679.980469,-70.001099,-50.199997
188,6,357.510010,3247.809082,-2226.615479,-221.091354,2889.990234,-1679.980469,-70.001099,-50.199997
188,7,532.950012,3480.904541,-1239.713257,-252.280746,2889.990234,-1679.980469,-70.001099,-50.199997
188,8,281.899994,2531.530273,-2030.702271,-166.416580,2889.990234,-1679.980469,-70.001099,-50.199997
188,9,794.599976,2962.576660,-547.374756,-70.001099,2889.990234,-1679.980469,-70.001099,-50.199997
188,10,715.969971,2288.318359,-832.853088,-70.001099,2889.990234,-1679.980469,-70.001099,-50.199997
188,11,604.400024,2259.858643,-1001.784729,-70.001099,2889.990234,-1679.980469,-70.001099,-50.199997
188,12,468.029999,2126.552490,-1569.542236,-70.001099,2889.990234,-1679.980469,-70.001099,-50.199997
188,14,669.659973,3263.797607,-2598.178955,-186.286331,2889.990234,-1679.980469,-70.001099,-50.199997
188,16,445.170013,3048.515625,-2432.993652,-70.001099,2889.990234,-1679.980469,-70.001099,-50.199997
189,1,441.160004,3513.936523,-2090.193604,-220.886703,2889.990234,-1679.980469,-70.001099,-50.199997
189,3,420.260010,3174.177490,-2349.249023,-213.738495,2889.990234,-1679.980469,-70.001099,-50.199997
189,4,450.440002,2938.457275,-2472.745361,-70.001099,2889.990234,-1679.980469,-70.001099,-50.199997
189,5,341.570007,3353.804443,-2119.500000,-214.354828,2889.990234,-1679.980469,-70.001099,-50.199997
189,6,357.510010,3247.809082,-2226.615479,-221.091354,2889.990234,-1679.980469,-70.001099,-50.199997
189,7,532.950012,3480.904541,-1239.713257,-252.280746,2889.990234,-1679.980469,-70.001099,-50.199997
189,8,281.899994,2531.530273,-2030.702271,-166.416580,2889.990234,-1679.980469,-70.001099,-50.199997
189,9,794.599976,2962.576660,-547.374756,-70.001099,2889.990234,-1679.980469,-70.001099,-50.199997
189,10,715.969971,2288.318359,-832.853088,-70.001099,2889.990234,-1679.980469,-70.001099,-50.199997
189,11,604.400024,2259.858643,-1001.784729,-70.001099,2889.990234,-1679.980469,-70.001099,-50.199997
189,12,468.029999,2126.552490,-1569.542236,-70.001099,2889.990234,-1679.980469,-70.001099,-50.199997
189,14,669.659973,3263.797607,-2598.178955,-186.286331,2889.990234,-1679.980469,-70.001099,-50.199997
189,16,445.170013,3048.515625,-2432.993652,-70.001099,2889.990234,-1679.980469,-70.001099,-50.199997
190,1,441.160004,3513.936523,-2090.193604,-220.886703,2889.990234,-1679.980469,-70.001099,-50.199997
190,3,420.260010,3174.177490,-2349.249023,-213.738495,2889.990234,-1679.980469,-70.001099,-50.199997
190,4,450.440002,2938.457275,-2472.745361,-70.001099,2889.990234,-1679.980469,-70.001099,-50.199997
190,5,341.570007,3353.804443,-2119.500000,-214.354828,2889.990234,-1679.980469,-70.001099,-50.199997
190,6,357.510010,3247.809082,-2226.615479,-221.091354,2889.990234,-1679.980469,-70.001099,-50.199997
190,7,532.950012,3480.904541,-1239.713257,-252.280746,2889.990234,-1679.980469,-70.001099,-50.199997
190,8,281.899994,2531.530273,-2030.702271,-166.416580,2889.990234,-1679.980469,-70.001099,-50.199997
190,9,794.599976,2962.576660,-547.374756,-70.001099,2889.990234,-1679.980469,-70.001099,-50.199997
190,10,715.969971,2288.318359,-832.853088,-70.001099,2889.990234,-1679.980469,-70.001099,-50.199997
190,11,604.400024,2259.858643,-1001.784729,-70.001099,2889.990234,-1679.980469,-70.001099,-50.199997
190,12,468.029999,2126.552490,-1569.542236,-70.001099,2889.990234,-1679.980469,-70.001099,-50.199997
190,14,669.659973,3263.797607,-2598.178955,-186.286331,2889.990234,-1679.980469,-70.001099,-50.199997
190,16,445.170013,3048.515625,-2432.993652,-70.001099,2889.990234,-1679.980469,-70.001099,-50.199997
191,1,441.160004,3513.936523,-2090.193604,-220.886703,2889.990234,-1679.980469,-70.001099,-50.199997
191,3,420.260010,3174.177490,-2349.249023,-213.738495,2889.990234,-1679.980469,-70.001099,-50.199997
191,4,450.440002,2938.457275,-2472.745361,-70.001099,2889.990234,-1679.980469,-70.001099,-50.199997
191,5,341.570007,3353.804443,-2119.500000,-214.354828,2889.990234,-1679.980469,-70.001099,-50.199997
191,6,357.510010,3247.809082,-2226.615479,-221.091354,2889.990234,-1679.980469,-70.001099,-50.199997
191,7,532.950012,3480.904541,-1239.713257,-252.280746,2889.990234,-1679.980469,-70.001099,-50.199997
191,8,281.899994,2531.530273,-2030.702271,-166.416580,2889.990234,-1679.980469,-70.001099,-50.199997
191,9,794.599976,2962.576660,-547.374756,-70.001099,2889.990234,-1679.980469,-70.001099,-50.199997
191,10,715.969971,2288.318359,-832.853088,-70.001099,2889.990234,-1679.980469,-70.001099,-50.199997
191,11,604.400024,2259.858643,-1001.784729,-70.001099,2889.990234,-1679.980469,-70.001099,-50.199997
191,12,468.029999,2126.552490,-1569.542236,-70.001099,2889.990234,-1679.980469,-70.001099,-50.199997
191,14,669.659973,3263.797607,-2598.178955,-186.286331,2889.990234,-1679.980469,-70.001099,-50.199997
191,16,445.170013,3048.515625,-2432.993652,-70.001099,2889.990234,-1679.980469,-70.001099,-50.199997
192,1,441.160004,3513.936523,-2090.193604,-220.886703,2889.990234,-1679.980469,-70.001099,-50.199997
192,3,420.260010,3174.177490,-2349.249023,-213.738495,2889.990234,-1679.980469,-70.001099,-50.199997
192,4,450.440002,2938.457275,-2472.745361,-70.001099,2889.990234,-1679.980469,-70.001099,-50.199997
192,5,341.570007,3353.804443,-2119.500000,-214.354828,2889.990234,-1679.980469,-70.001099,-50.199997
192,6,357.510010,3247.809082,-2226.615479,-221.091354,2889.990234,-1679.980469,-70.001099,-50.199997
192,7,532.950012,3480.904541,-1239.713257,-252.280746,2889.990234,-1679.980469,-70.001099,-50.199997
192,8,281.899994,2531.530273,-2030.702271,-166.416580,2889.990234,-1679.980469,-70.001099,-50.199997
192,9,794.599976,2962.576660,-547.374756,-70.001099,2889.990234,-1679.980469,-70.001099,-50.199997
192,10,715.969971,2288.318359,-832.853088,-70.001099,2889.990234,-1679.980469,-70.001099,-50.199997
192,11,604.400024,2259.858643,-1001.784729,-70.001099,2889.990234,-1679.980469,-70.001099,-50.199997
192,12,468.029999,2126.552490,-1569.542236,-70.001099,2889.990234,-1679.980469,-70.001099,-50.199997
192,14,669.659973,3263.797607,-2598.178955,-186.286331,2889.990234,-1679.980469,-70.001099,-50.199997
192,16,445.170013,3048.515625,-2432.993652,-70.001099,2889.990234,-1679.980469,-70.001099,-50.199997
193,1,441.160004,3513.936523,-2090.193604,-220.886703,2889.990234,-1679.980469,-70.001099,-50.199997
193,3,420.260010,3174.177490,-2349.249023,-213.738495,2889.990234,-1679.980469,-70.001099,-50.199997
193,4,450.440002,2938.457275,-2472.745361,-70.001099,2889.990234,-1679.980469,-70.001099,-50.199997
193,5,341.570007,3353.804443,-2119.500000,-214.354828,2889.990234,-1679.980469,-70.001099,-50.199997
193,6,357.510010,3247.809082,-2226.615479,-221.091354,2889.990234,-1679.980469,-70.001099,-50.199997
193,7,532.950012,3480.904541,-1239.713257,-252.280746,2889.990234,-1679.980469,-70.001099,-50.199997
193,8,281.899994,2531.530273,-2030.702271,-166.416580,2889.990234,-1679.980469,-70.001099,-50.199997
193,9,794.599976,2962.576660,-547.374756,-70.001099,2889.990234,-1679.980469,-70.001099,-50.199997
193,10,715.969971,2288.318359,-832.853088,-70.001099,2889.990234,-1679.980469,-70.001099,-50.199997
193,11,604.400024,2259.858643,-1001.784729,-70.001099,2889.990234,-1679.980469,-70.001099,-50.199997
193,12,468.029999,2126.552490,-1569.542236,-70.001099,2889.990234,-1679.980469,-70.001099,-50.199997
193,14,669.659973,3263.797607,-2598.178955,-186.286331,2889.990234,-1679.980469,-70.001099,-50.199997
193,16,445.170013,3048.515625,-2432.993652,-70.001099,2889.990234,-1679.980469,-70.001099,-50.199997
194,1,441.160004,3513.936523,-2090.193604,-220.886703,2889.990234,-1679.980469,-70.001099,-50.199997
194,3,420.260010,3174.177490,-2349.249023,-213.738495,2889.990234,-1679.980469,-70.001099,-50.199997
194,4,450.440002,2938.457275,-2472.745361,-70.001099,2889.990234,-1679.980469,-70.001099,-50.199997
194,5,341.570007,3353.804443,-2119.500000,-214.354828,2889.990234,-1679.980469,-70.001099,-50.199997
194,6,357.510010,3247.809082,-2226.615479,-221.091354,2889.990234,-1679.980469,-70.001099,-50.199997
194,7,532.950012,3480.904541,-1239.713257,-252.280746,2889.990234,-1679.980469,-70.001099,-50.199997
194,8,281.899994,2531.530273,-2030.702271,-166.416580,2889.990234,-1679.980469,-70.001099,-50.199997
194,9,794.599976,2962.576660,-547.374756,-70.001099,2889.990234,-1679.980469,-70.001099,-50.199997
194,10,715.969971,2288.318359,-832.853088,-70.001099,2889.990234,-1679.980469,-70.001099,-50.199997
194,11,604.400024,2259.858643,-1001.784729,-70.001099,2889.990234,-1679.980469,-70.001099,-50.199997
194,12,468.029999,2126.552490,-1569.542236,-70.001099,2889.990234,-1679.980469,-70.001099,-50.199997
194,14,669.659973,3263.797607,-2598.178955,-186.286331,2889.990234,-1679.980469,-70.001099,-50.199997
194,16,445.170013,3048.515625,-2432.993652,-70.001099,2889.990234,-1679.980469,-70.001099,-50.199997
195,1,441.160004,3513.936523,-2090.193604,-220.886703,2889.990234,-1679.980469,-70.001099,-50.199997
195,3,420.260010,3174.177490,-2349.249023,-213.738495,2889.990234,-1679.980469,-70.001099,-50.199997
195,4,450.440002,2938.457275,-2472.745361,-70.001099,2889.990234,-1679.980469,-70.001099,-50.199997
195,5,341.570007,3353.804443,-2119.500000,-214.354828,2889.990234,-1679.980469,-70.001099,-50.199997
195,6,357.510010,3247.809082,-2226.615479,-221.091354,2889.990234,-1679.980469,-70.001099,-50.199997
195,7,532.950012,3480.904541,-1239.713257,-252.280746,2889.990234,-1679.980469,-70.001099,-50.199997
195,8,281.899994,2531.530273,-2030.702271,-166.416580,2889.990234,-1679.980469,-70.001099,-50.199997
195,9,794.599976,2962.576660,-547.374756,-70.001099,2889.990234,-1679.980469,-70.001099,-50.199997
195,10,715.969971,2288.318359,-832.853088,-70.001099,2889.990234,-1679.980469,-70.001099,-50.199997
195,11,604.400024,2259.858643,-1001.784729,-70.001099,2889.990234,-1679.980469,-70.001099,-50.199997
195,12,468.029999,2126.552490,-1569.542236,-70.001099,2889.990234,-1679.980469,-70.001099,-50.199997
195,14,669.659973,3263.797607,-2598.178955,-186.286331,2889.990234,-1679.980469,-70.001099,-50.199997
195,16,445.170013,3048.515625,-2432.993652,-70.001099,2889.990234,-1679.980469,-70.001099,-50.199997
196,1,441.160004,3513.936523,-2090.193604,-220.886703,2889.990234,-1679.980469,-70.001099,-50.199997
196,3,420.260010,3174.177490,-2349.249023,-213.738495,2889.990234,-1679.980469,-70.001099,-50.199997
196,4,450.440002,2938.457275,-2472.745361,-70.001099,2889.990234,-1679.980469,-70.001099,-50.199997
196,5,341.570007,3353.804443,-2119.500000,-214.354828,2889.990234,-1679.980469,-70.001099,-50.199997
196,6,357.510010,3247.809082,-2226.615479,-221.091354,2889.990234,-1679.980469,-70.001099,-50.199997
196,7,532.950012,3480.904541,-1239.713257,-252.280746,2889.990234,-1679.980469,-70.001099,-50.199997
196,8,281.899994,2531.530273,-2030.702271,-166.416580,2889.990234,-1679.980469,-70.001099,-50.199997
196,9,794.599976,2962.576660,-547.374756,-70.001099,2889.990234,-1679.980469,-70.001099,-50.199997
196,10,715.969971,2288.318359,-832.853088,-70.001099,2889.990234,-1679.980469,-70.001099,-50.199997
196,11,604.400024,2259.858643,-1001.784729,-70.001099,2889.990234,-1679.980469,-70.001099,-50.199997
196,12,468.029999,2126.552490,-1569.542236,-70.001099,2889.990234,-1679.980469,-70.001099,-50.199997
196,14,669.659973,3263.797607,-2598.178955,-186.286331,2889.990234,-1679.980469,-70.001099,-50.199997
196,16,445.170013,3048.515625,-2432.993652,-70.001099,2889.990234,-1679.980469,-70.001099,-50.199997
197,1,441.160004,3513.936523,-2090.193604,-220.886703,2889.990234,-1679.980469,-70.001099,-50.199997
197,3,420.260010,3174.177490,-2349.249023,-213.738495,2889.990234,-1679.980469,-70.001099,-50.199997
197,4,450.440002,2938.457275,-2472.745361,-70.001099,2889.990234,-1679.980469,-70.001099,-50.199997
197,5,341.570007,3353.804443,-2119.500000,-214.354828,2889.990234,-1679.980469,-70.001099,-50.199997
197,6,357.510010,3247.809082,-2226.615479,-221.091354,2889.990234,-1679.980469,-70.001099,-50.199997
197,7,532.950012,3480.904541,-1239.713257,-252.280746,2889.990234,-1679.980469,-70.001099,-50.199997
197,8,281.899994,2531.530273,-2030.702271,-166.416580,2889.990234,-1679.980469,-70.001099,-50.199997
197,9,794.599976,2962.576660,-547.374756,-70.001099,2889.990234,-1679.980469,-70.001099,-50.199997
197,10,715.969971,2288.318359,-832.853088,-70.001099,2889.990234,-1679.980469,-70.001099,-50.199997
197,11,604.400024,2259.858643,-1001.784729,-70.001099,2889.990234,-1679.980469,-70.001099,-50.199997
197,12,468.029999,2126.552490,-1569.542236,-70.001099,2889.990234,-1679.980469,-70.001099,-50.199997
197,14,669.659973,3263.797607,-2598.178955,-186.286331,2889.990234,-1679.980469,-70.001099,-50.199997
197,16,445.170013,3048.515625,-2432.993652,-70.001099,2889.990234,-1679.980469,-70.001099,-50.199997
198,1,441.160004,3513.936523,-2090.193604,-220.886703,2889.990234,-1679.980469,-70.001099,-50.199997
198,3,420.260010,3174.177490,-2349.249023,-213.738495,2889.990234,-1679.980469,-70.001099,-50.199997
198,4,450.440002,2938.457275,-2472.745361,-70.001099,2889.990234,-1679.980469,-70.001099,-50.199997
198,5,341.570007,3353.804443,-2119.500000,-214.354828,2889.990234,-1679.980469,-70.001099,-50.199997
198,6,357.510010,3247.809082,-2226.615479,-221.091354,2889.990234,-1679.980469,-70.001099,-50.199997
198,7,532.950012,3480.904541,-1239.713257,-252.280746,2889.990234,-1679.980469,-70.001099,-50.199997
198,8,281.899994,2531.530273,-2030.702271,-166.416580,2889.990234,-1679.980469,-70.001099,-50.199997
198,9,794.599976,2962.576660,-547.374756,-70.001099,2889.990234,-1679.980469,-70.001099,-50.199997
198,10,715.969971,2288.318359,-832.853088,-70.001099,2889.990234,-1679.980469,-70.001099,-50.199997
198,11,604.400024,2259.858643,-1001.784729,-70.001099,2889.990234,-1679.980469,-70.001099,-50.199997
198,12,468.029999,2126.552490,-1569.542236,-70.001099,2889.990234,-1679.980469,-70.001099,-50.199997
198,14,669.659973,3263.797607,-2598.178955,-186.286331,2889.990234,-1679.980469,-70.001099,-50.199997
198,16,445.170013,3048.515625,-2432.993652,-70.001099,2889.990234,-1679.980469,-70.001099,-50.199997
199,1,322.119995,3456.018799,-2143.670654,-190.170227,2950.000000,-1759.961060,-79.998703,-53.500000
199,3,286.519989,3159.496582,-2323.979492,-177.994308,2950.000000,-1759.961060,-79.998703,-53.500000
199,4,273.660004,2932.739990,-2378.557617,-79.998703,2950.000000,-1759.961060,-79.998703,-53.500000
199,5,244.029999,3335.161377,-2154.388916,-183.130234,2950.000000,-1759.961060,-79.998703,-53.500000
199,6,246.850006,3216.103027,-2245.666748,-184.322021,2950.000000,-1759.961060,-79.998703,-53.500000
199,7,559.979980,3585.696045,-1339.330811,-271.523132,2950.000000,-1759.961060,-79.998703,-53.500000
199,8,281.250000,2572.436279,-2089.103516,-176.191864,2950.000000,-1759.961060,-79.998703,-53.500000
199,9,727.400024,3083.561279,-700.486328,-79.998703,2950.000000,-1759.961060,-79.998703,-53.500000
199,12,481.260010,2181.321045,-1602.670776,-79.998703,2950.000000,-1759.961060,-79.998703,-53.500000
199,14,401.549988,3195.341797,-2444.990967,-149.727127,2950.000000,-1759.961060,-79.998703,-53.500000
199,16,271.089996,3001.115479,-2358.883789,-79.998703,2950.000000,-1759.961060,-79.998703,-53.500000
200,1,322.119995,3456.018799,-2143.670654,-190.170227,2950.000000,-1759.961060,-79.998703,-53.500000
200,3,286.519989,3159.496582,-2323.979492,-177.994308,2950.000000,-1759.961060,-79.998703,-53.500000
200,4,273.660004,2932.739990,-2378.557617,-79.998703,2950.000000,-1759.961060,-79.998703,-53.500000
200,5,244.029999,3335.161377,-2154.388916,-183.130234,2950.000000,-1759.961060,-79.998703,-53.500000
200,6,246.850006,3216.103027,-2245.666748,-184.322021,2950.000000,-1759.961060,-79.998703,-53.500000
200,7,559.979980,3585.696045,-1339.330811,-271.523132,2950.000000,-1759.961060,-79.998703,-53.500000
200,8,281.250000,2572.436279,-2089.103516,-176.191864,2950.000000,-1759.961060,-79.998703,-53.500000
200,9,727.400024,3083.561279,-700.486328,-79.998703,2950.000000,-1759.961060,-79.998703,-53.500000
200,12,481.260010,2181.321045,-1602.670776,-79.998703,2950.000000,-1759.961060,-79.998703,-53.500000
200,14,401.549988,3195.341797,-2444.990967,-149.727127,2950.000000,-1759.961060,-79.998703,-53.500000
200,16,271.089996,3001.115479,-2358.883789,-79.998703,2950.000000,-1759.961060,-79.998703,-53.500000
201,1,322.119995,3456.018799,-2143.670654,-190.170227,2950.000000,-1759.961060,-79.998703,-53.500000
201,3,286.519989,3159.496582,-2323.979492,-177.994308,2950.000000,-1759.961060,-79.998703,-53.500000
201,4,273.660004,2932.739990,-2378.557617,-79.998703,2950.000000,-1759.961060,-79.998703,-53.500000
201,5,244.029999,3335.161377,-2154.388916,-183.130234,2950.000000,-1759.961060,-79.998703,-53.500000
201,6,246.850006,3216.103027,-2245.666748,-184.322021,2950.000000,-1759.961060,-79.998703,-53.500000
201,7,559.979980,3585.696045,-1339.330811,-271.523132,2950.000000,-1759.961060,-79.998703,-53.500000
201,8,281.250000,2572.436279,-2089.103516,-176.191864,2950.000000,-1759.961060,-79.998703,-53.500000
201,9,727.400024,3083.561279,-700.486328,-79.998703,2950.000000,-1759.961060,-79.998703,-53.500000
201,12,481.260010,2181.321045,-1602.670776,-79.998703,2950.000000,-1759.961060,-79.998703,-53.500000
201,14,401.549988,3195.341797,-2444.990967,-149.727127,2950.000000,-1759.961060,-79.998703,-53.500000
201,16,271.089996,3001.115479,-2358.883789,-79.998703,2950.000000,-1759.961060,-79.998703,-53.500000
202,1,322.119995,3456.018799,-2143.670654,-190.170227,2950.000000,-1759.961060,-79.998703,-53.500000
202,3,286.519989,3159.496582,-2323.979492,-177.994308,2950.000000,-1759.961060,-79.998703,-53.500000
202,4,273.660004,2932.739990,-2378.557617,-79.998703,2950.000000,-1759.961060,-79.998703,-53.500000
202,5,244.029999,3335.161377,-2154.388916,-183.130234,2950.000000,-1759.961060,-79.998703,-53.500000
202,6,246.850006,3216.103027,-2245.666748,-184.322021,2950.000000,-1759.961060,-79.998703,-53.500000
202,7,559.979980,3585.696045,-1339.330811,-271.523132,2950.000000,-1759.961060,-79.998703,-53.500000
202,8,281.250000,2572.436279,-2089.103516,-176.191864,2950.000000,-1759.961060,-79.998703,-53.500000
202,9,727.400024,3083.561279,-700.486328,-79.998703,2950.000000,-1759.961060,-79.998703,-53.500000
202,12,481.260010,2181.321045,-1602.670776,-79.998703,2950.000000,-1759.961060,-79.998703,-53.500000
202,14,401.549988,3195.341797,-2444.990967,-149.727127,2950.000000,-1759.961060,-79.998703,-53.500000
202,16,271.089996,3001.115479,-2358.883789,-79.998703,2950.000000,-1759.961060,-79.998703,-53.500000
203,1,322.119995,3456.018799,-2143.670654,-190.170227,2950.000000,-1759.961060,-79.998703,-53.500000
203,3,286.519989,3159.496582,-2323.979492,-177.994308,2950.000000,-1759.961060,-79.998703,-53.500000
203,4,273.660004,2932.739990,-2378.557617,-79.998703,2950.000000,-1759.961060,-79.998703,-53.500000
203,5,244.029999,3335.161377,-2154.388916,-183.130234,2950.000000,-1759.961060,-79.998703,-53.500000
203,6,246.850006,3216.103027,-2245.666748,-184.322021,2950.000000,-1759.961060,-79.998703,-53.500000
203,7,559.979980,3585.696045,-1339.330811,-271.523132,2950.000000,-1759.961060,-79.998703,-53.500000
203,8,281.250000,2572.436279,-2089.103516,-176.191864,2950.000000,-1759.961060,-79.998703,-53.500000
203,9,727.400024,3083.561279,-700.486328,-79.998703,2950.000000,-1759.961060,-79.998703,-53.500000
203,12,481.260010,2181.321045,-1602.670776,-79.998703,2950.000000,-1759.961060,-79.998703,-53.500000
203,14,401.549988,3195.341797,-2444.990967,-149.727127,2950.000000,-1759.961060,-79.998703,-53.500000
203,16,271.089996,3001.115479,-2358.883789,-79.998703,2950.000000,-1759.961060,-79.998703,-53.500000
204,1,322.119995,3456.018799,-2143.670654,-190.170227,2950.000000,-1759.961060,-79.998703,-53.500000
204,3,286.519989,3159.496582,-2323.979492,-177.994308,2950.000000,-1759.961060,-79.998703,-53.500000
204,4,273.660004,2932.739990,-2378.557617,-79.998703,2950.000000,-1759.961060,-79.998703,-53.500000
204,5,244.029999,3335.161377,-2154.388916,-183.130234,2950.000000,-1759.961060,-79.998703,-53.500000
204,6,246.850006,3216.103027,-2245.666748,-184.322021,2950.000000,-1759.961060,-79.998703,-53.500000
204,7,559.979980,3585.696045,-1339.330811,-271.523132,2950.000000,-1759.961060,-79.998703,-53.500000
204,8,281.250000,2572.436279,-2089.103516,-176.191864,2950.000000,-1759.961060,-79.998703,-53.500000
204,9,727.400024,3083.561279,-700.486328,-79.998703,2950.000000,-1759.961060,-79.998703,-53.500000
204,12,481.260010,2181.321045,-1602.670776,-79.998703,2950.000000,-1759.961060,-79.998703,-53.500000
204,14,401.549988,3195.341797,-2444.990967,-149.727127,2950.000000,-1759.961060,-79.998703,-53.500000
204,16,271.089996,3001.115479,-2358.883789,-79.998703,2950.000000,-1759.961060,-79.998703,-53.500000
205,1,322.119995,3456.018799,-2143.670654,-190.170227,2950.000000,-1759.961060,-79.998703,-53.500000
205,3,286.519989,3159.496582,-2323.979492,-177.994308,2950.000000,-1759.961060,-79.998703,-53.500000
205,4,273.660004,2932.739990,-2378.557617,-79.998703,2950.000000,-1759.961060,-79.998703,-53.500000
205,5,244.029999,3335.161377,-2154.388916,-183.130234,2950.000000,-1759.961060,-79.998703,-53.500000
205,6,246.850006,3216.103027,-2245.666748,-184.322021,2950.000000,-1759.961060,-79.998703,-53.500000
205,7,559.979980,3585.696045,-1339.330811,-271.523132,2950.000000,-1759.961060,-79.998703,-53.500000
205,8,281.250000,2572.436279,-2089.103516,-176.191864,2950.000000,-1759.961060,-79.998703,-53.500000
205,9,727.400024,3083.561279,-700.486328,-79.998703,2950.000000,-1759.961060,-79.998703,-53.500000
205,12,481.260010,2181.321045,-1602.670776,-79.998703,2950.000000,-1759.961060,-79.998703,-53.500000
205,14,401.549988,3195.341797,-2444.990967,-149.727127,2950.000000,-1759.961060,-79.998703,-53.500000
205,16,271.089996,3001.115479,-2358.883789,-79.998703,2950.000000,-1759.961060,-79.998703,-53.500000
206,1,322.119995,3456.018799,-2143.670654,-190.170227,2950.000000,-1759.961060,-79.998703,-53.500000
206,3,286.519989,3159.496582,-2323.979492,-177.994308,2950.000000,-1759.961060,-79.998703,-53.500000
206,4,273.660004,2932.739990,-2378.557617,-79.998703,2950.000000,-1759.961060,-79.998703,-53.500000
206,5,244.029999,3335.161377,-2154.388916,-183.130234,2950.000000,-1759.961060,-79.998703,-53.500000
206,6,246.850006,3216.103027,-2245.666748,-184.322021,2950.000000,-1759.961060,-79.998703,-53.500000
206,7,559.979980,3585.696045,-1339.330811,-271.523132,2950.000000,-1759.961060,-79.998703,-53.500000
206,8,281.250000,2572.436279,-2089.103516,-176.191864,2950.000000,-1759.961060,-79.998703,-53.500000
206,9,727.400024,3083.561279,-700.486328,-79.998703,2950.000000,-1759.961060,-79.998703,-53.500000
206,12,481.260010,2181.321045,-1602.670776,-79.998703,2950.000000,-1759.961060,-79.998703,-53.500000
206,14,401.549988,3195.341797,-2444.990967,-149.727127,2950.000000,-1759.961060,-79.998703,-53.500000
206,16,271.089996,3001.115479,-2358.883789,-79.998703,2950.000000,-1759.961060,-79.998703,-53.500000
207,1,322.119995,3456.018799,-2143.670654,-190.170227,2950.000000,-1759.961060,-79.998703,-53.500000
207,3,286.519989,3159.496582,-2323.979492,-177.994308,2950.000000,-1759.961060,-79.998703,-53.500000
207,4,273.660004,2932.739990,-2378.557617,-79.998703,2950.000000,-1759.961060,-79.998703,-53.500000
207,5,244.029999,3335.161377,-2154.388916,-183.130234,2950.000000,-1759.961060,-79.998703,-53.500000
207,6,246.850006,3216.103027,-2245.666748,-184.322021,2950.000000,-1759.961060,-79.998703,-53.500000
207,7,559.979980,3585.696045,-1339.330811,-271.523132,2950.000000,-1759.961060,-79.998703,-53.500000
207,8,281.250000,2572.436279,-2089.103516,-176.191864,2950.000000,-1759.961060,-79.998703,-53.500000
207,9,727.400024,3083.561279,-700.486328,-79.998703,2950.000000,-1759.961060,-79.998703,-53.500000
207,12,481.260010,2181.321045,-1602.670776,-79.998703,2950.000000,-1759.961060,-79.998703,-53.500000
207,14,401.549988,3195.341797,-2444.990967,-149.727127,2950.000000,-1759.961060,-79.998703,-53.500000
207,16,271.089996,3001.115479,-2358.883789,-79.998703,2950.000000,-1759.961060,-79.998703,-53.500000
208,1,322.119995,3456.018799,-2143.670654,-190.170227,2950.000000,-1759.961060,-79.998703,-53.500000
208,3,286.519989,3159.496582,-2323.979492,-177.994308,2950.000000,-1759.961060,-79.998703,-53.500000
208,4,273.660004,2932.739990,-2378.557617,-79.998703,2950.000000,-1759.961060,-79.998703,-53.500000
208,5,244.029999,3335.161377,-2154.388916,-183.130234,2950.000000,-1759.961060,-79.998703,-53.500000
208,6,246.850006,3216.103027,-2245.666748,-184.322021,2950.000000,-1759.961060,-79.998703,-53.500000
208,7,559.979980,3585.696045,-1339.330811,-271.523132,2950.000000,-1759.961060,-79.998703,-53.500000
208,8,281.250000,2572.436279,-2089.103516,-176.191864,2950.000000,-1759.961060,-79.998703,-53.500000
208,9,727.400024,3083.561279,-700.486328,-79.998703,2950.000000,-1759.961060,-79.998703,-53.500000
208,12,481.260010,2181.321045,-1602.670776,-79.998703,2950.000000,-1759.961060,-79.998703,-53.500000
208,14,401.549988,3195.341797,-2444.990967,-149.727127,2950.000000,-1759.961060,-79.998703,-53.500000
208,16,271.089996,3001.115479,-2358.883789,-79.998703,2950.000000,-1759.961060,-79.998703,-53.500000
209,1,322.119995,3456.018799,-2143.670654,-190.170227,2950.000000,-1759.961060,-79.998703,-53.500000
209,3,286.519989,3159.496582,-2323.979492,-177.994308,2950.000000,-1759.961060,-79.998703,-53.500000
209,4,273.660004,2932.739990,-2378.557617,-79.998703,2950.000000,-1759.961060,-79.998703,-53.500000
209,5,244.029999,3335.161377,-2154.388916,-183.130234,2950.000000,-1759.961060,-79.998703,-53.500000
209,6,246.850006,3216.103027,-2245.666748,-184.322021,2950.000000,-1759.961060,-79.998703,-53.500000
209,7,559.979980,3585.696045,-1339.330811,-271.523132,2950.000000,-1759.961060,-79.998703,-53.500000
209,8,281.250000,2572.436279,-2089.103516,-176.191864,2950.000000,-1759.961060,-79.998703,-53.500000
209,9,727.400024,3083.561279,-700.486328,-79.998703,2950.000000,-1759.961060,-79.998703,-53.500000
209,12,481.260010,2181.321045,-1602.670776,-79.998703,2950.000000,-1759.961060,-79.998703,-53.500000
209,14,401.549988,3195.341797,-2444.990967,-149.727127,2950.000000,-1759.961060,-79.998703,-53.500000
209,16,271.089996,3001.115479,-2358.883789,-79.998703,2950.000000,-1759.961060,-79.998703,-53.500000
210,1,322.119995,3456.018799,-2143.670654,-190.170227,2950.000000,-1759.961060,-79.998703,-53.500000
210,3,286.519989,3159.496582,-2323.979492,-177.994308,2950.000000,-1759.961060,-79.998703,-53.500000
210,4,273.660004,2932.739990,-2378.557617,-79.998703,2950.000000,-1759.961060,-79.998703,-53.500000
210,5,244.029999,3335.161377,-2154.388916,-183.130234,2950.000000,-1759.961060,-79.998703,-53.500000
210,6,246.850006,3216.103027,-2245.666748,-184.322021,2950.000000,-1759.961060,-79.998703,-53.500000
210,7,559.979980,3585.696045,-1339.330811,-271.523132,2950.000000,-1759.961060,-79.998703,-53.500000
210,8,281.250000,2572.436279,-2089.103516,-176.191864,2950.000000,-1759.961060,-79.998703,-53.500000
210,9,727.400024,3083.561279,-700.486328,-79.998703,2950.000000,-1759.961060,-79.998703,-53.500000
210,12,481.260010,2181.321045,-1602.670776,-79.998703,2950.000000,-1759.961060,-79.998703,-53.500000
210,14,401.549988,3195.341797,-2444.990967,-149.727127,2950.000000,-1759.961060,-79.998703,-53.500000
210,16,271.089996,3001.115479,-2358.883789,-79.998703,2950.000000,-1759.961060,-79.998703,-53.500000
211,1,343.109985,3508.154541,-2284.848145,-217.356522,3010.009766,-1859.961060,-100.005997,-56.900009
211,2,860.080017,3657.184082,-2852.724854,-100.005997,3010.009766,-1859.961060,-100.005997,-56.900009
211,3,236.000000,3174.927734,-2389.173340,-180.722748,3010.009766,-1859.961060,-100.005997,-56.900009
211,4,180.570007,2951.059082,-2383.491455,-100.005997,3010.009766,-1859.961060,-100.005997,-56.900009
211,5,260.000000,3379.005371,-2288.662109,-209.886749,3010.009766,-1859.961060,-100.005997,-56.900009
211,6,213.119995,3230.144775,-2334.984619,-190.074402,3010.009766,-1859.961060,-100.005997,-56.900009
211,7,736.510010,3808.497070,-1387.182617,-351.907257,3010.009766,-1859.961060,-100.005997,-56.900009
211,8,256.859985,2632.790283,-2153.615967,-187.857285,3010.009766,-1859.961060,-100.005997,-56.900009
211,12,322.410004,2404.002197,-1703.537964,-100.005997,3010.009766,-1859.961060,-100.005997,-56.900009
211,14,371.839996,3207.661621,-2529.838379,-164.575333,3010.009766,-1859.961060,-100.005997,-56.900009
211,16,181.490005,2997.678711,-2375.694824,-100.005997,3010.009766,-1859.961060,-100.005997,-56.900009
212,1,343.109985,3508.154541,-2284.848145,-217.356522,3010.009766,-1859.961060,-100.005997,-56.900009
212,2,860.080017,3657.184082,-2852.724854,-100.005997,3010.009766,-1859.961060,-100.005997,-56.900009
212,3,236.000000,3174.927734,-2389.173340,-180.722748,3010.009766,-1859.961060,-100.005997,-56.900009
212,4,180.570007,2951.059082,-2383.491455,-100.005997,3010.009766,-1859.961060,-100.005997,-56.900009
212,5,260.000000,3379.005371,-2288.662109,-209.886749,3010.009766,-1859.961060,-100.005997,-56.900009
212,6,213.119995,3230.144775,-2334.984619,-190.074402,3010.009766,-1859.961060,-100.005997,-56.900009
212,7,736.510010,3808.497070,-1387.182617,-351.907257,3010.009766,-1859.961060,-100.005997,-56.900009
212,8,256.859985,2632.790283,-2153.615967,-187.857285,3010.009766,-1859.961060,-100.005997,-56.900009
212,12,322.410004,2404.002197,-1703.537964,-100.005997,3010.009766,-1859.961060,-100.005997,-56.900009
212,14,371.839996,3207.661621,-2529.838379,-164.575333,3010.009766,-1859.961060,-100.005997,-56.900009
212,16,181.490005,2997.678711,-2375.694824,-100.005997,3010.009766,-1859.961060,-100.005997,-56.900009
213,1,343.109985,3508.154541,-2284.848145,-217.356522,3010.009766,-1859.961060,-100.005997,-56.900009
213,2,860.080017,3657.184082,-2852.724854,-100.005997,3010.009766,-1859.961060,-100.005997,-56.900009
213,3,236.000000,3174.927734,-2389.173340,-180.722748,3010.009766,-1859.961060,-100.005997,-56.900009
213,4,180.570007,2951.059082,-2383.491455,-100.005997,3010.009766,-1859.961060,-100.005997,-56.900009
213,5,260.000000,3379.005371,-2288.662109,-209.886749,3010.009766,-1859.961060,-100.005997,-56.900009
213,6,213.119995,3230.144775,-2334.984619,-190.074402,3010.009766,-1859.961060,-100.005997,-56.900009
213,7,736.510010,3808.497070,-1387.182617,-351.907257,3010.009766,-1859.961060,-100.005997,-56.900009
213,8,256.859985,2632.790283,-2153.615967,-187.857285,3010.009766,-1859.961060,-100.005997,-56.900009
213,12,322.410004,2404.002197,-1703.537964,-100.005997,3010.009766,-1859.961060,-100.005997,-56.900009
213,14,371.839996,3207.661621,-2529.838379,-164.575333,3010.009766,-1859.961060,-100.005997,-56.900009
213,16,181.490005,2997.678711,-2375.694824,-100.005997,3010.009766,-1859.961060,-100.005997,-56.900009
214,1,343.109985,3508.154541,-2284.848145,-217.356522,3010.009766,-1859.961060,-100.005997,-56.900009
214,2,860.080017,3657.184082,-2852.724854,-100.005997,3010.009766,-1859.961060,-100.005997,-56.900009
214,3,236.000000,3174.927734,-2389.173340,-180.722748,3010.009766,-1859.961060,-100.005997,-56.900009
214,4,180.570007,2951.059082,-2383.491455,-100.005997,3010.009766,-1859.961060,-100.005997,-56.900009
214,5,260.000000,3379.005371,-2288.662109,-209.886749,3010.009766,-1859.961060,-100.005997,-56.900009
214,6,213.119995,3230.144775,-2334.984619,-190.074402,3010.009766,-1859.961060,-100.005997,-56.900009
214,7,736.510010,3808.497070,-1387.182617,-351.907257,3010.009766,-1859.961060,-100.005997,-56.900009
214,8,256.859985,2632.790283,-2153.615967,-187.857285,3010.009766,-1859.961060,-100.005997,-56.900009
214,12,322.410004,2404.002197,-1703.537964,-100.005997,3010.009766,-1859.961060,-100.005997,-56.900009
214,14,371.839996,3207.661621,-2529.838379,-164.575333,3010.009766,-1859.961060,-100.005997,-56.900009
214,16,181.490005,2997.678711,-2375.694824,-100.005997,3010.009766,-1859.961060,-100.005997,-56.900009
215,1,343.109985,3508.154541,-2284.848145,-217.356522,3010.009766,-1859.961060,-100.005997,-56.900009
215,2,860.080017,3657.184082,-2852.724854,-100.005997,3010.009766,-1859.961060,-100.005997,-56.900009
215,3,236.000000,3174.927734,-2389.173340,-180.722748,3010.009766,-1859.961060,-100.005997,-56.900009
215,4,180.570007,2951.059082,-2383.491455,-100.005997,3010.009766,-1859.961060,-100.005997,-56.900009
215,5,260.000000,3379.005371,-2288.662109,-209.886749,3010.009766,-1859.961060,-100.005997,-56.900009
215,6,213.119995,3230.144775,-2334.984619,-190.074402,3010.009766,-1859.961060,-100.005997,-56.900009
215,7,736.510010,3808.497070,-1387.182617,-351.907257,3010.009766,-1859.961060,-100.005997,-56.900009
215,8,256.859985,2632.790283,-2153.615967,-187.857285,3010.009766,-1859.961060,-100.005997,-56.900009
215,12,322.410004,2404.002197,-1703.537964,-100.005997,3010.009766,-1859.961060,-100.005997,-56.900009
215,14,371.839996,3207.661621,-2529.838379,-164.575333,3010.009766,-1859.961060,-100.005997,-56.900009
215,16,181.490005,2997.678711,-2375.694824,-100.005997,3010.009766,-1859.961060,-100.005997,-56.900009
216,1,343.109985,3508.154541,-2284.848145,-217.356522,3010.009766,-1859.961060,-100.005997,-56.900009
216,2,860.080017,3657.184082,-2852.724854,-100.005997,3010.009766,-1859.961060,-100.005997,-56.900009
216,3,236.000000,3174.927734,-2389.173340,-180.722748,3010.009766,-1859.961060,-100.005997,-56.900009
216,4,180.570007,2951.059082,-2383.491455,-100.005997,3010.009766,-1859.961060,-100.005997,-56.900009
216,5,260.000000,3379.005371,-2288.662109,-209.886749,3010.009766,-1859.961060,-100.005997,-56.900009
216,6,213.119995,3230.144775,-2334.984619,-190.074402,3010.009766,-1859.961060,-100.005997,-56.900009
216,7,736.510010,3808.497070,-1387.182617,-351.907257,3010.009766,-1859.961060,-100.005997,-56.900009
216,8,256.859985,2632.790283,-2153.615967,-187.857285,3010.009766,-1859.961060,-100.005997,-56.900009
216,12,322.410004,2404.002197,-1703.537964,-100.005997,3010.009766,-1859.961060,-100.005997,-56.900009
216,14,371.839996,3207.661621,-2529.838379,-164.575333,3010.009766,-1859.961060,-100.005997,-56.900009
216,16,181.490005,2997.678711,-2375.694824,-100.005997,3010.009766,-1859.961060,-100.005997,-56.900009
217,1,343.109985,3508.154541,-2284.848145,-217.356522,3010.009766,-1859.961060,-100.005997,-56.900009
217,2,860.080017,3657.184082,-2852.724854,-100.005997,3010.009766,-1859.961060,-100.005997,-56.900009
217,3,236.000000,3174.927734,-2389.173340,-180.722748,3010.009766,-1859.961060,-100.005997,-56.900009
217,4,180.570007,2951.059082,-2383.491455,-100.005997,3010.009766,-1859.961060,-100.005997,-56.900009
217,5,260.000000,3379.005371,-2288.662109,-209.886749,3010.009766,-1859.961060,-100.005997,-56.900009
217,6,213.119995,3230.144775,-2334.984619,-190.074402,3010.009766,-1859.961060,-100.005997,-56.900009
217,7,736.510010,3808.497070,-1387.182617,-351.907257,3010.009766,-1859.961060,-100.005997,-56.900009
217,8,256.859985,2632.790283,-2153.615967,-187.857285,3010.009766,-1859.961060,-100.005997,-56.900009
217,12,322.410004,2404.002197,-1703.537964,-100.005997,3010.009766,-1859.961060,-100.005997,-56.900009
217,14,371.839996,3207.661621,-2529.838379,-164.575333,3010.009766,-1859.961060,-100.005997,-56.900009
217,16,181.490005,2997.678711,-2375.694824,-100.005997,3010.009766,-1859.961060,-100.005997,-56.900009
218,1,343.109985,3508.154541,-2284.848145,-217.356522,3010.009766,-1859.961060,-100.005997,-56.900009
218,2,860.080017,3657.184082,-2852.724854,-100.005997,3010.009766,-1859.961060,-100.005997,-56.900009
218,3,236.000000,3174.927734,-2389.173340,-180.722748,3010.009766,-1859.961060,-100.005997,-56.900009
218,4,180.570007,2951.059082,-2383.491455,-100.005997,3010.009766,-1859.961060,-100.005997,-56.900009
218,5,260.000000,3379.005371,-2288.662109,-209.886749,3010.009766,-1859.961060,-100.005997,-56.900009
218,6,213.119995,3230.144775,-2334.984619,-190.074402,3010.009766,-1859.961060,-100.005997,-56.900009
218,7,736.510010,3808.497070,-1387.182617,-351.907257,3010.009766,-1859.961060,-100.005997,-56.900009
218,8,256.859985,2632.790283,-2153.615967,-187.857285,3010.009766,-1859.961060,-100.005997,-56.900009
218,12,322.410004,2404.002197,-1703.537964,-100.005997,3010.009766,-1859.961060,-100.005997,-56.900009
218,14,371.839996,3207.661621,-2529.838379,-164.575333,3010.009766,-1859.961060,-100.005997,-56.900009
218,16,181.490005,2997.678711,-2375.694824,-100.005997,3010.009766,-1859.961060,-100.005997,-56.900009
219,1,343.109985,3508.154541,-2284.848145,-217.356522,3010.009766,-1859.961060,-100.005997,-56.900009
219,2,860.080017,3657.184082,-2852.724854,-100.005997,3010.009766,-1859.961060,-100.005997,-56.900009
219,3,236.000000,3174.927734,-2389.173340,-180.722748,3010.009766,-1859.961060,-100.005997,-56.900009
219,4,180.570007,2951.059082,-2383.491455,-100.005997,3010.009766,-1859.961060,-100.005997,-56.900009
219,5,260.000000,3379.005371,-2288.662109,-209.886749,3010.009766,-1859.961060,-100.005997,-56.900009
219,6,213.119995,3230.144775,-2334.984619,-190.074402,3010.009766,-1859.961060,-100.005997,-56.900009
219,7,736.510010,3808.497070,-1387.182617,-351.907257,3010.009766,-1859.961060,-100.005997,-56.900009
219,8,256.859985,2632.790283,-2153.615967,-187.857285,3010.009766,-1859.961060,-100.005997,-56.900009
219,12,322.410004,2404.002197,-1703.537964,-100.005997,3010.009766,-1859.961060,-100.005997,-56.900009
219,14,371.839996,3207.661621,-2529.838379,-164.575333,3010.009766,-1859.961060,-100.005997,-56.900009
219,16,181.490005,2997.678711,-2375.694824,-100.005997,3010.009766,-1859.961060,-100.005997,-56.900009
220,1,343.109985,3508.154541,-2284.848145,-217.356522,3010.009766,-1859.961060,-100.005997,-56.900009
220,2,860.080017,3657.184082,-2852.724854,-100.005997,3010.009766,-1859.961060,-100.005997,-56.900009
220,3,236.000000,3174.927734,-2389.173340,-180.722748,3010.009766,-1859.961060,-100.005997,-56.900009
220,4,180.570007,2951.059082,-2383.491455,-100.005997,3010.009766,-1859.961060,-100.005997,-56.900009
220,5,260.000000,3379.005371,-2288.662109,-209.886749,3010.009766,-1859.961060,-100.005997,-56.900009
220,6,213.119995,3230.144775,-2334.984619,-190.074402,3010.009766,-1859.961060,-100.005997,-56.900009
220,7,736.510010,3808.497070,-1387.182617,-351.907257,3010.009766,-1859.961060,-100.005997,-56.900009
220,8,256.859985,2632.790283,-2153.615967,-187.857285,3010.009766,-1859.961060,-100.005997,-56.900009
220,12,322.410004,2404.002197,-1703.537964,-100.005997,3010.009766,-1859.961060,-100.005997,-56.900009
220,14,371.839996,3207.661621,-2529.838379,-164.575333,3010.009766,-1859.961060,-100.005997,-56.900009
220,16,181.490005,2997.678711,-2375.694824,-100.005997,3010.009766,-1859.961060,-100.005997,-56.900009
221,1,343.109985,3508.154541,-2284.848145,-217.356522,3010.009766,-1859.961060,-100.005997,-56.900009
221,2,860.080017,3657.184082,-2852.724854,-100.005997,3010.009766,-1859.961060,-100.005997,-56.900009
221,3,236.000000,3174.927734,-2389.173340,-180.722748,3010.009766,-1859.961060,-100.005997,-56.900009
221,4,180.570007,2951.059082,-2383.491455,-100.005997,3010.009766,-1859.961060,-100.005997,-56.900009
221,5,260.000000,3379.005371,-2288.662109,-209.886749,3010.009766,-1859.961060,-100.005997,-56.900009
221,6,213.119995,3230.144775,-2334.984619,-190.074402,3010.009766,-1859.961060,-100.005997,-56.900009
221,7,736.510010,3808.497070,-1387.182617,-351.907257,3010.009766,-1859.961060,-100.005997,-56.900009
221,8,256.859985,2632.790283,-2153.615967,-187.857285,3010.009766,-1859.961060,-100.005997,-56.900009
221,12,322.410004,2404.002197,-1703.537964,-100.005997,3010.009766,-1859.961060,-100.005997,-56.900009
221,14,371.839996,3207.661621,-2529.838379,-164.575333,3010.009766,-1859.961060,-100.005997,-56.900009
221,16,181.490005,2997.678711,-2375.694824,-100.005997,3010.009766,-1859.961060,-100.005997,-56.900009
222,1,585.700012,3733.446777,-2541.658936,-310.324799,3069.970703,-1959.961060,-110.003601,-58.600006
222,2,773.590027,3642.346680,-2897.663574,-110.003601,3069.970703,-1959.961060,-110.003601,-58.600006
222,3,364.570007,3242.996582,-2612.265625,-234.693893,3069.970703,-1959.961060,-110.003601,-58.600006
222,4,249.100006,2997.189209,-2550.021729,-110.003601,3069.970703,-1959.961060,-110.003601,-58.600006
222,5,398.779999,3491.616943,-2506.777344,-278.535309,3069.970703,-1959.961060,-110.003601,-58.600006
222,6,340.600006,3336.112061,-2539.922119,-253.947388,3069.970703,-1959.961060,-110.003601,-58.600006
222,7,902.979980,4015.653564,-1429.576904,-418.840942,3069.970703,-1959.961060,-110.003601,-58.600006
222,8,242.669998,2695.586914,-2235.348877,-193.001633,3069.970703,-1959.961060,-110.003601,-58.600006
222,10,220.320007,2856.742920,-1457.089600,-110.003601,3069.970703,-1959.961060,-110.003601,-58.600006
222,11,66.980003,2825.672852,-1655.704346,-110.003601,3069.970703,-1959.961060,-110.003601,-58.600006
222,12,189.699997,2594.648438,-1827.958008,-110.003601,3069.970703,-1959.961060,-110.003601,-58.600006
222,14,630.070007,3297.928467,-2884.696777,-219.414108,3069.970703,-1959.961060,-110.003601,-58.600006
222,16,298.850006,3075.480957,-2587.687012,-110.003601,3069.970703,-1959.961060,-110.003601,-58.600006
223,1,585.700012,3733.446777,-2541.658936,-310.324799,3069.970703,-1959.961060,-110.003601,-58.600006
223,2,773.590027,3642.346680,-2897.663574,-110.003601,3069.970703,-1959.961060,-110.003601,-58.600006
223,3,364.570007,3242.996582,-2612.265625,-234.693893,3069.970703,-1959.961060,-110.003601,-58.600006
223,4,249.100006,2997.189209,-2550.021729,-110.003601,3069.970703,-1959.961060,-110.003601,-58.600006
223,5,398.779999,3491.616943,-2506.777344,-278.535309,3069.970703,-1959.961060,-110.003601,-58.600006
223,6,340.600006,3336.112061,-2539.922119,-253.947388,3069.970703,-1959.961060,-110.003601,-58.600006
223,7,902.979980,4015.653564,-1429.576904,-418.840942,3069.970703,-1959.961060,-110.003601,-58.600006
223,8,242.669998,2695.586914,-2235.348877,-193.001633,3069.970703,-1959.961060,-110.003601,-58.600006
223,10,220.320007,2856.742920,-1457.089600,-110.003601,3069.970703,-1959.961060,-110.003601,-58.600006
223,11,66.980003,2825.672852,-1655.704346,-110.003601,3069.970703,-1959.961060,-110.003601,-58.600006
223,12,189.699997,2594.648438,-1827.958008,-110.003601,3069.970703,-1959.961060,-110.003601,-58.600006
223,14,630.070007,3297.928467,-2884.696777,-219.414108,3069.970703,-1959.961060,-110.003601,-58.600006
223,16,298.850006,3075.480957,-2587.687012,-110.003601,3069.970703,-1959.961060,-110.003601,-58.600006
224,1,585.700012,3733.446777,-2541.658936,-310.324799,3069.970703,-1959.961060,-110.003601,-58.600006
224,2,773.590027,3642.346680,-2897.663574,-110.003601,3069.970703,-1959.961060,-110.003601,-58.600006
224,3,364.570007,3242.996582,-2612.265625,-234.693893,3069.970703,-1959.961060,-110.003601,-58.600006
224,4,249.100006,2997.189209,-2550.021729,-110.003601,3069.970703,-1959.961060,-110.003601,-58.600006
224,5,398.779999,3491.616943,-2506.777344,-278.535309,3069.970703,-1959.961060,-110.003601,-58.600006
224,6,340.600006,3336.112061,-2539.922119,-253.947388,3069.970703,-1959.961060,-110.003601,-58.600006
224,7,902.979980,4015.653564,-1429.576904,-418.840942,3069.970703,-1959.961060,-110.003601,-58.600006
224,8,242.669998,2695.586914,-2235.348877,-193.001633,3069.970703,-1959.961060,-110.003601,-58.600006
224,10,220.320007,2856.742920,-1457.089600,-110.003601,3069.970703,-1959.961060,-110.003601,-58.600006
224,11,66.980003,2825.672852,-1655.704346,-110.003601,3069.970703,-1959.961060,-110.003601,-58.600006
224,12,189.699997,2594.648438,-1827.958008,-110.003601,3069.970703,-1959.961060,-110.003601,-58.600006
224,14,630.070007,3297.928467,-2884.696777,-219.414108,3069.970703,-1959.961060,-110.003601,-58.600006
224,16,298.850006,3075.480957,-2587.687012,-110.003601,3069.970703,-1959.961060,-110.003601,-58.600006
225,1,585.700012,3733.446777,-2541.658936,-310.324799,3069.970703,-1959.961060,-110.003601,-58.600006
225,2,773.590027,3642.346680,-2897.663574,-110.003601,3069.970703,-1959.961060,-110.003601,-58.600006
225,3,364.570007,3242.996582,-2612.265625,-234.693893,3069.970703,-1959.961060,-110.003601,-58.600006
225,4,249.100006,2997.189209,-2550.021729,-110.003601,3069.970703,-1959.961060,-110.003601,-58.600006
225,5,398.779999,3491.616943,-2506.777344,-278.535309,3069.970703,-1959.961060,-110.003601,-58.600006
225,6,340.600006,3336.112061,-2539.922119,-253.947388,3069.970703,-1959.961060,-110.003601,-58.600006
225,7,902.979980,4015.653564,-1429.576904,-418.840942,3069.970703,-1959.961060,-110.003601,-58.600006
225,8,242.669998,2695.586914,-2235.348877,-193.001633,3069.970703,-1959.961060,-110.003601,-58.600006
225,10,220.320007,2856.742920,-1457.089600,-110.003601,3069.970703,-1959.961060,-110.003601,-58.600006
225,11,66.980003,2825.672852,-1655.704346,-110.003601,3069.970703,-1959.961060,-110.003601,-58.600006
225,12,189.699997,2594.648438,-1827.958008,-110.003601,3069.970703,-1959.961060,-110.003601,-58.600006
225,14,630.070007,3297.928467,-2884.696777,-219.414108,3069.970703,-1959.961060,-110.003601,-58.600006
225,16,298.850006,3075.480957,-2587.687012,-110.003601,3069.970703,-1959.961060,-110.003601,-58.600006
226,1,585.700012,3733.446777,-2541.658936,-310.324799,3069.970703,-1959.961060,-110.003601,-58.600006
226,2,773.590027,3642.346680,-2897.663574,-110.003601,3069.970703,-1959.961060,-110.003601,-58.600006
226,3,364.570007,3242.996582,-2612.265625,-234.693893,3069.970703,-1959.961060,-110.003601,-58.600006
226,4,249.100006,2997.189209,-2550.021729,-110.003601,3069.970703,-1959.961060,-110.003601,-58.600006
226,5,398.779999,3491.616943,-2506.777344,-278.535309,3069.970703,-1959.961060,-110.003601,-58.600006
226,6,340.600006,3336.112061,-2539.922119,-253.947388,3069.970703,-1959.961060,-110.003601,-58.600006
226,7,902.979980,4015.653564,-1429.576904,-418.840942,3069.970703,-1959.961060,-110.003601,-58.600006
226,8,242.669998,2695.586914,-2235.348877,-193.001633,3069.970703,-1959.961060,-110.003601,-58.600006
226,10,220.320007,2856.742920,-1457.089600,-110.003601,3069.970703,-1959.961060,-110.003601,-58.600006
226,11,66.980003,2825.672852,-1655.704346,-110.003601,3069.970703,-1959.961060,-110.003601,-58.600006
226,12,189.699997,2594.648438,-1827.958008,-110.003601,3069.970703,-1959.961060,-110.003601,-58.600006
226,14,630.070007,3297.928467,-2884.696777,-219.414108,3069.970703,-1959.961060,-110.003601,-58.600006
226,16,298.850006,3075.480957,-2587.687012,-110.003601,3069.970703,-1959.961060,-110.003601,-58.600006
227,1,585.700012,3733.446777,-2541.658936,-310.324799,3069.970703,-1959.961060,-110.003601,-58.600006
227,2,773.590027,3642.346680,-2897.663574,-110.003601,3069.970703,-1959.961060,-110.003601,-58.600006
227,3,364.570007,3242.996582,-2612.265625,-234.693893,3069.970703,-1959.961060,-110.003601,-58.600006
227,4,249.100006,2997.189209,-2550.021729,-110.003601,3069.970703,-1959.961060,-110.003601,-58.600006
227,5,398.779999,3491.616943,-2506.777344,-278.535309,3069.970703,-1959.961060,-110.003601,-58.600006
227,6,340.600006,3336.112061,-2539.922119,-253.947388,3069.970703,-1959.961060,-110.003601,-58.600006
227,7,902.979980,4015.653564,-1429.576904,-418.840942,3069.970703,-1959.961060,-110.003601,-58.600006
227,8,242.669998,2695.586914,-2235.348877,-193.001633,3069.970703,-1959.961060,-110.003601,-58.600006
227,10,220.320007,2856.742920,-1457.089600,-110.003601,3069.970703,-1959.961060,-110.003601,-58.600006
227,11,66.980003,2825.672852,-1655.704346,-110.003601,3069.970703,-1959.961060,-110.003601,-58.600006
227,12,189.699997,2594.648438,-1827.958008,-110.003601,3069.970703,-1959.961060,-110.003601,-58.600006
227,14,630.070007,3297.928467,-2884.696777,-219.414108,3069.970703,-1959.961060,-110.003601,-58.600006
227,16,298.850006,3075.480957,-2587.687012,-110.003601,3069.970703,-1959.961060,-110.003601,-58.600006
228,1,585.700012,3733.446777,-2541.658936,-310.324799,3069.970703,-1959.961060,-110.003601,-58.600006
228,2,773.590027,3642.346680,-2897.663574,-110.003601,3069.970703,-1959.961060,-110.003601,-58.600006
228,3,364.570007,3242.996582,-2612.265625,-234.693893,3069.970703,-1959.961060,-110.003601,-58.600006
228,4,249.100006,2997.189209,-2550.021729,-110.003601,3069.970703,-1959.961060,-110.003601,-58.600006
228,5,398.779999,3491.616943,-2506.777344,-278.535309,3069.970703,-1959.961060,-110.003601,-58.600006
228,6,340.600006,3336.112061,-2539.922119,-253.947388,3069.970703,-1959.961060,-110.003601,-58.600006
228,7,902.979980,4015.653564,-1429.576904,-418.840942,3069.970703,-1959.961060,-110.003601,-58.600006
228,8,242.669998,2695.586914,-2235.348877,-193.001633,3069.970703,-1959.961060,-110.003601,-58.600006
228,10,220.320007,2856.742920,-1457.089600,-110.003601,3069.970703,-1959.961060,-110.003601,-58.600006
228,11,66.980003,2825.672852,-1655.704346,-110.003601,3069.970703,-1959.961060,-110.003601,-58.600006
228,12,189.699997,2594.648438,-1827.958008,-110.003601,3069.970703,-1959.961060,-110.003601,-58.600006
228,14,630.070007,3297.928467,-2884.696777,-219.414108,3069.970703,-1959.961060,-110.003601,-58.600006
228,16,298.850006,3075.480957,-2587.687012,-110.003601,3069.970703,-1959.961060,-110.003601,-58.600006
229,1,585.700012,3733.446777,-2541.658936,-310.324799,3069.970703,-1959.961060,-110.003601,-58.600006
229,2,773.590027,3642.346680,-2897.663574,-110.003601,3069.970703,-1959.961060,-110.003601,-58.600006
229,3,364.570007,3242.996582,-2612.265625,-234.693893,3069.970703,-1959.961060,-110.003601,-58.600006
229,4,249.100006,2997.189209,-2550.021729,-110.003601,3069.970703,-1959.961060,-110.003601,-58.600006
229,5,398.779999,3491.616943,-2506.777344,-278.535309,3069.970703,-1959.961060,-110.003601,-58.600006
229,6,340.600006,3336.112061,-2539.922119,-253.947388,3069.970703,-1959.961060,-110.003601,-58.600006
229,7,902.979980,4015.653564,-1429.576904,-418.840942,3069.970703,-1959.961060,-110.003601,-58.600006
229,8,242.669998,2695.586914,-2235.348877,-193.001633,3069.970703,-1959.961060,-110.003601,-58.600006
229,10,220.320007,2856.742920,-1457.089600,-110.003601,3069.970703,-1959.961060,-110.003601,-58.600006
229,11,66.980003,2825.672852,-1655.704346,-110.003601,3069.970703,-1959.961060,-110.003601,-58.600006
229,12,189.699997,2594.648438,-1827.958008,-110.003601,3069.970703,-1959.961060,-110.003601,-58.600006
229,14,630.070007,3297.928467,-2884.696777,-219.414108,3069.970703,-1959.961060,-110.003601,-58.600006
229,16,298.850006,3075.480957,-2587.687012,-110.003601,3069.970703,-1959.961060,-110.003601,-58.600006
230,1,585.700012,3733.446777,-2541.658936,-310.324799,3069.970703,-1959.961060,-110.003601,-58.600006
230,2,773.590027,3642.346680,-2897.663574,-110.003601,3069.970703,-1959.961060,-110.003601,-58.600006
230,3,364.570007,3242.996582,-2612.265625,-234.693893,3069.970703,-1959.961060,-110.003601,-58.600006
230,4,249.100006,2997.189209,-2550.021729,-110.003601,3069.970703,-1959.961060,-110.003601,-58.600006
230,5,398.779999,3491.616943,-2506.777344,-278.535309,3069.970703,-1959.961060,-110.003601,-58.600006
230,6,340.600006,3336.112061,-2539.922119,-253.947388,3069.970703,-1959.961060,-110.003601,-58.600006
230,7,902.979980,4015.653564,-1429.576904,-418.840942,3069.970703,-1959.961060,-110.003601,-58.600006
230,8,242.669998,2695.586914,-2235.348877,-193.001633,3069.970703,-1959.961060,-110.003601,-58.600006
230,10,220.320007,2856.742920,-1457.089600,-110.003601,3069.970703,-1959.961060,-110.003601,-58.600006
230,11,66.980003,2825.672852,-1655.704346,-110.003601,3069.970703,-1959.961060,-110.003601,-58.600006
230,12,189.699997,2594.648438,-1827.958008,-110.003601,3069.970703,-1959.961060,-110.003601,-58.600006
230,14,630.070007,3297.928467,-2884.696777,-219.414108,3069.970703,-1959.961060,-110.003601,-58.600006
230,16,298.850006,3075.480957,-2587.687012,-110.003601,3069.970703,-1959.961060,-110.003601,-58.600006
231,1,585.700012,3733.446777,-2541.658936,-310.324799,3069.970703,-1959.961060,-110.003601,-58.600006
231,2,773.590027,3642.346680,-2897.663574,-110.003601,3069.970703,-1959.961060,-110.003601,-58.600006
231,3,364.570007,3242.996582,-2612.265625,-234.693893,3069.970703,-1959.961060,-110.003601,-58.600006
231,4,249.100006,2997.189209,-2550.021729,-110.003601,3069.970703,-1959.961060,-110.003601,-58.600006
231,5,398.779999,3491.616943,-2506.777344,-278.535309,3069.970703,-1959.961060,-110.003601,-58.600006
231,6,340.600006,3336.112061,-2539.922119,-253.947388,3069.970703,-1959.961060,-110.003601,-58.600006
231,7,902.979980,4015.653564,-1429.576904,-418.840942,3069.970703,-1959.961060,-110.003601,-58.600006
231,8,242.669998,2695.586914,-2235.348877,-193.001633,3069.970703,-1959.961060,-110.003601,-58.600006
231,10,220.320007,2856.742920,-1457.089600,-110.003601,3069.970703,-1959.961060,-110.003601,-58.600006
231,11,66.980003,2825.672852,-1655.704346,-110.003601,3069.970703,-1959.961060,-110.003601,-58.600006
231,12,189.699997,2594.648438,-1827.958008,-110.003601,3069.970703,-1959.961060,-110.003601,-58.600006
231,14,630.070007,3297.928467,-2884.696777,-219.414108,3069.970703,-1959.961060,-110.003601,-58.600006
231,16,298.850006,3075.480957,-2587.687012,-110.003601,3069.970703,-1959.961060,-110.003601,-58.600006
232,1,585.700012,3733.446777,-2541.658936,-310.324799,3069.970703,-1959.961060,-110.003601,-58.600006
232,2,773.590027,3642.346680,-2897.663574,-110.003601,3069.970703,-1959.961060,-110.003601,-58.600006
232,3,364.570007,3242.996582,-2612.265625,-234.693893,3069.970703,-1959.961060,-110.003601,-58.600006
232,4,249.100006,2997.189209,-2550.021729,-110.003601,3069.970703,-1959.961060,-110.003601,-58.600006
232,5,398.779999,3491.616943,-2506.777344,-278.535309,3069.970703,-1959.961060,-110.003601,-58.600006
232,6,340.600006,3336.112061,-2539.922119,-253.947388,3069.970703,-1959.961060,-110.003601,-58.600006
232,7,902.979980,4015.653564,-1429.576904,-418.840942,3069.970703,-1959.961060,-110.003601,-58.600006
232,8,242.669998,2695.586914,-2235.348877,-193.001633,3069.970703,-1959.961060,-110.003601,-58.600006
232,10,220.320007,2856.742920,-1457.089600,-110.003601,3069.970703,-1959.961060,-110.003601,-58.600006
232,11,66.980003,2825.672852,-1655.704346,-110.003601,3069.970703,-1959.961060,-110.003601,-58.600006
232,12,189.699997,2594.648438,-1827.958008,-110.003601,3069.970703,-1959.961060,-110.003601,-58.600006
232,14,630.070007,3297.928467,-2884.696777,-219.414108,3069.970703,-1959.961060,-110.003601,-58.600006
232,16,298.850006,3075.480957,-2587.687012,-110.003601,3069.970703,-1959.961060,-110.003601,-58.600006
233,1,585.700012,3733.446777,-2541.658936,-310.324799,3069.970703,-1959.961060,-110.003601,-58.600006
233,2,773.590027,3642.346680,-2897.663574,-110.003601,3069.970703,-1959.961060,-110.003601,-58.600006
233,3,364.570007,3242.996582,-2612.265625,-234.693893,3069.970703,-1959.961060,-110.003601,-58.600006
233,4,249.100006,2997.189209,-2550.021729,-110.003601,3069.970703,-1959.961060,-110.003601,-58.600006
233,5,398.779999,3491.616943,-2506.777344,-278.535309,3069.970703,-1959.961060,-110.003601,-58.600006
233,6,340.600006,3336.112061,-2539.922119,-253.947388,3069.970703,-1959.961060,-110.003601,-58.600006
233,7,902.979980,4015.653564,-1429.576904,-418.840942,3069.970703,-1959.961060,-110.003601,-58.600006
233,8,242.669998,2695.586914,-2235.348877,-193.001633,3069.970703,-1959.961060,-110.003601,-58.600006
233,10,220.320007,2856.742920,-1457.089600,-110.003601,3069.970703,-1959.961060,-110.003601,-58.600006
233,11,66.980003,2825.672852,-1655.704346,-110.003601,3069.970703,-1959.961060,-110.003601,-58.600006
233,12,189.699997,2594.648438,-1827.958008,-110.003601,3069.970703,-1959.961060,-110.003601,-58.600006
233,14,630.070007,3297.928467,-2884.696777,-219.414108,3069.970703,-1959.961060,-110.003601,-58.600006
233,16,298.850006,3075.480957,-2587.687012,-110.003601,3069.970703,-1959.961060,-110.003601,-58.600006
234,3,555.039978,3331.152344,-2899.563477,-309.835968,3129.980469,-2070.019531,-120.001099,-59.100006
234,4,505.640015,3056.082031,-2915.931152,-120.001099,3129.980469,-2070.019531,-120.001099,-59.100006
234,5,564.549988,3623.992676,-2749.409180,-358.590240,3129.980469,-2070.019531,-120.001099,-59.100006
234,6,502.410004,3466.361328,-2778.115967,-332.328735,3129.980469,-2070.019531,-120.001099,-59.100006
234,7,789.469971,3988.730713,-1602.684814,-390.015747,3129.980469,-2070.019531,-120.001099,-59.100006
234,8,253.070007,2744.822266,-2347.148682,-206.556137,3129.980469,-2070.019531,-120.001099,-59.100006
234,10,34.500000,3016.575439,-1724.752319,-120.001099,3129.980469,-2070.019531,-120.001099,-59.100006
234,11,24.639999,2910.090332,-1799.973145,-120.001099,3129.980469,-2070.019531,-120.001099,-59.100006
234,12,204.419998,2641.918701,-1929.057129,-120.001099,3129.980469,-2070.019531,-120.001099,-59.100006
234,16,660.419983,3229.067871,-3045.506592,-120.001099,3129.980469,-2070.019531,-120.001099,-59.100006
235,3,555.039978,3331.152344,-2899.563477,-309.835968,3129.980469,-2070.019531,-120.001099,-59.100006
235,4,505.640015,3056.082031,-2915.931152,-120.001099,3129.980469,-2070.019531,-120.001099,-59.100006
235,5,564.549988,3623.992676,-2749.409180,-358.590240,3129.980469,-2070.019531,-120.001099,-59.100006
235,6,502.410004,3466.361328,-2778.115967,-332.328735,3129.980469,-2070.019531,-120.001099,-59.100006
235,7,789.469971,3988.730713,-1602.684814,-390.015747,3129.980469,-2070.019531,-120.001099,-59.100006
235,8,253.070007,2744.822266,-2347.148682,-206.556137,3129.980469,-2070.019531,-120.001099,-59.100006
235,10,34.500000,3016.575439,-1724.752319,-120.001099,3129.980469,-2070.019531,-120.001099,-59.100006
235,11,24.639999,2910.090332,-1799.973145,-120.001099,3129.980469,-2070.019531,-120.001099,-59.100006
235,12,204.419998,2641.918701,-1929.057129,-120.001099,3129.980469,-2070.019531,-120.001099,-59.100006
235,16,660.419983,3229.067871,-3045.506592,-120.001099,3129.980469,-2070.019531,-120.001099,-59.100006
236,3,555.039978,3331.152344,-2899.563477,-309.835968,3129.980469,-2070.019531,-120.001099,-59.100006
236,4,505.640015,3056.082031,-2915.931152,-120.001099,3129.980469,-2070.019531,-120.001099,-59.100006
236,5,564.549988,3623.992676,-2749.409180,-358.590240,3129.980469,-2070.019531,-120.001099,-59.100006
236,6,502.410004,3466.361328,-2778.115967,-332.328735,3129.980469,-2070.019531,-120.001099,-59.100006
236,7,789.469971,3988.730713,-1602.684814,-390.015747,3129.980469,-2070.019531,-120.001099,-59.100006
236,8,253.070007,2744.822266,-2347.148682,-206.556137,3129.980469,-2070.019531,-120.001099,-59.100006
236,10,34.500000,3016.575439,-1724.752319,-120.001099,3129.980469,-2070.019531,-120.001099,-59.100006
236,11,24.639999,2910.090332,-1799.973145,-120.001099,3129.980469,-2070.019531,-120.001099,-59.100006
236,12,204.419998,2641.918701,-1929.057129,-120.001099,3129.980469,-2070.019531,-120.001099,-59.100006
236,16,660.419983,3229.067871,-3045.506592,-120.001099,3129.980469,-2070.019531,-120.001099,-59.100006
237,3,555.039978,3331.152344,-2899.563477,-309.835968,3129.980469,-2070.019531,-120.001099,-59.100006
237,4,505.640015,3056.082031,-2915.931152,-120.001099,3129.980469,-2070.019531,-120.001099,-59.100006
237,5,564.549988,3623.992676,-2749.409180,-358.590240,3129.980469,-2070.019531,-120.001099,-59.100006
237,6,502.410004,3466.361328,-2778.115967,-332.328735,3129.980469,-2070.019531,-120.001099,-59.100006
237,7,789.469971,3988.730713,-1602.684814,-390.015747,3129.980469,-2070.019531,-120.001099,-59.100006
237,8,253.070007,2744.822266,-2347.148682,-206.556137,3129.980469,-2070.019531,-120.001099,-59.100006
237,10,34.500000,3016.575439,-1724.752319,-120.001099,3129.980469,-2070.019531,-120.001099,-59.100006
237,11,24.639999,2910.090332,-1799.973145,-120.001099,3129.980469,-2070.019531,-120.001099,-59.100006
237,12,204.419998,2641.918701,-1929.057129,-120.001099,3129.980469,-2070.019531,-120.001099,-59.100006
237,16,660.419983,3229.067871,-3045.506592,-120.001099,3129.980469,-2070.019531,-120.001099,-59.100006
238,3,555.039978,3331.152344,-2899.563477,-309.835968,3129.980469,-2070.019531,-120.001099,-59.100006
238,4,505.640015,3056.082031,-2915.931152,-120.001099,3129.980469,-2070.019531,-120.001099,-59.100006
238,5,564.549988,3623.992676,-2749.409180,-358.590240,3129.980469,-2070.019531,-120.001099,-59.100006
238,6,502.410004,3466.361328,-2778.115967,-332.328735,3129.980469,-2070.019531,-120.001099,-59.100006
238,7,789.469971,3988.730713,-1602.684814,-390.015747,3129.980469,-2070.019531,-120.001099,-59.100006
238,8,253.070007,2744.822266,-2347.148682,-206.556137,3129.980469,-2070.019531,-120.001099,-59.100006
238,10,34.500000,3016.575439,-1724.752319,-120.001099,3129.980469,-2070.019531,-120.001099,-59.100006
238,11,24.639999,2910.090332,-1799.973145,-120.001099,3129.980469,-2070.019531,-120.001099,-59.100006
238,12,204.419998,2641.918701,-1929.057129,-120.001099,3129.980469,-2070.019531,-120.001099,-59.100006
238,16,660.419983,3229.067871,-3045.506592,-120.001099,3129.980469,-2070.019531,-120.001099,-59.100006
239,3,555.039978,3331.152344,-2899.563477,-309.835968,3129.980469,-2070.019531,-120.001099,-59.100006
239,4,505.640015,3056.082031,-2915.931152,-120.001099,3129.980469,-2070.019531,-120.001099,-59.100006
239,5,564.549988,3623.992676,-2749.409180,-358.590240,3129.980469,-2070.019531,-120.001099,-59.100006
239,6,502.410004,3466.361328,-2778.115967,-332.328735,3129.980469,-2070.019531,-120.001099,-59.100006
239,7,789.469971,3988.730713,-1602.684814,-390.015747,3129.980469,-2070.019531,-120.001099,-59.100006
239,8,253.070007,2744.822266,-2347.148682,-206.556137,3129.980469,-2070.019531,-120.001099,-59.100006
239,10,34.500000,3016.575439,-1724.752319,-120.001099,3129.980469,-2070.019531,-120.001099,-59.100006
239,11,24.639999,2910.090332,-1799.973145,-120.001099,3129.980469,-2070.019531,-120.001099,-59.100006
239,12,204.419998,2641.918701,-1929.057129,-120.001099,3129.980469,-2070.019531,-120.001099,-59.100006
239,16,660.419983,3229.067871,-3045.506592,-120.001099,3129.980469,-2070.019531,-120.001099,-59.100006
240,3,555.039978,3331.152344,-2899.563477,-309.835968,3129.980469,-2070.019531,-120.001099,-59.100006
240,4,505.640015,3056.082031,-2915.931152,-120.001099,3129.980469,-2070.019531,-120.001099,-59.100006
240,5,564.549988,3623.992676,-2749.409180,-358.590240,3129.980469,-2070.019531,-120.001099,-59.100006
240,6,502.410004,3466.361328,-2778.115967,-332.328735,3129.980469,-2070.019531,-120.001099,-59.100006
240,7,789.469971,3988.730713,-1602.684814,-390.015747,3129.980469,-2070.019531,-120.001099,-59.100006
240,8,253.070007,2744.822266,-2347.148682,-206.556137,3129.980469,-2070.019531,-120.001099,-59.100006
240,10,34.500000,3016.575439,-1724.752319,-120.001099,3129.980469,-2070.019531,-120.001099,-59.100006
240,11,24.639999,2910.090332,-1799.973145,-120.001099,3129.980469,-2070.019531,-120.001099,-59.100006
240,12,204.419998,2641.918701,-1929.057129,-120.001099,3129.980469,-2070.019531,-120.001099,-59.100006
240,16,660.419983,3229.067871,-3045.506592,-120.001099,3129.980469,-2070.019531,-120.001099,-59.100006
241,3,555.039978,3331.152344,-2899.563477,-309.835968,3129.980469,-2070.019531,-120.001099,-59.100006
241,4,505.640015,3056.082031,-2915.931152,-120.001099,3129.980469,-2070.019531,-120.001099,-59.100006
241,5,564.549988,3623.992676,-2749.409180,-358.590240,3129.980469,-2070.019531,-120.001099,-59.100006
241,6,502.410004,3466.361328,-2778.115967,-332.328735,3129.980469,-2070.019531,-120.001099,-59.100006
241,7,789.469971,3988.730713,-1602.684814,-390.015747,3129.980469,-2070.019531,-120.001099,-59.100006
241,8,253.070007,2744.822266,-2347.148682,-206.556137,3129.980469,-2070.019531,-120.001099,-59.100006
241,10,34.500000,3016.575439,-1724.752319,-120.001099,3129.980469,-2070.019531,-120.001099,-59.100006
241,11,24.639999,2910.090332,-1799.973145,-120.001099,3129.980469,-2070.019531,-120.001099,-59.100006
241,12,204.419998,2641.918701,-1929.057129,-120.001099,3129.980469,-2070.019531,-120.001099,-59.100006
241,16,660.419983,3229.067871,-3045.506592,-120.001099,3129.980469,-2070.019531,-120.001099,-59.100006
242,3,555.039978,3331.152344,-2899.563477,-309.835968,3129.980469,-2070.019531,-120.001099,-59.100006
242,4,505.640015,3056.082031,-2915.931152,-120.001099,3129.980469,-2070.019531,-120.001099,-59.100006
242,5,564.549988,3623.992676,-2749.409180,-358.590240,3129.980469,-2070.019531,-120.001099,-59.100006
242,6,502.410004,3466.361328,-2778.115967,-332.328735,3129.980469,-2070.019531,-120.001099,-59.100006
242,7,789.469971,3988.730713,-1602.684814,-390.015747,3129.980469,-2070.019531,-120.001099,-59.100006
242,8,253.070007,2744.822266,-2347.148682,-206.556137,3129.980469,-2070.019531,-120.001099,-59.100006
242,10,34.500000,3016.575439,-1724.752319,-120.001099,3129.980469,-2070.019531,-120.001099,-59.100006
242,11,24.639999,2910.090332,-1799.973145,-120.001099,3129.980469,-2070.019531,-120.001099,-59.100006
242,12,204.419998,2641.918701,-1929.057129,-120.001099,3129.980469,-2070.019531,-120.001099,-59.100006
242,16,660.419983,3229.067871,-3045.506592,-120.001099,3129.980469,-2070.019531,-120.001099,-59.100006
243,3,555.039978,3331.152344,-2899.563477,-309.835968,3129.980469,-2070.019531,-120.001099,-59.100006
243,4,505.640015,3056.082031,-2915.931152,-120.001099,3129.980469,-2070.019531,-120.001099,-59.100006
243,5,564.549988,3623.992676,-2749.409180,-358.590240,3129.980469,-2070.019531,-120.001099,-59.100006
243,6,502.410004,3466.361328,-2778.115967,-332.328735,3129.980469,-2070.019531,-120.001099,-59.100006
243,7,789.469971,3988.730713,-1602.684814,-390.015747,3129.980469,-2070.019531,-120.001099,-59.100006
243,8,253.070007,2744.822266,-2347.148682,-206.556137,3129.980469,-2070.019531,-120.001099,-59.100006
243,10,34.500000,3016.575439,-1724.752319,-120.001099,3129.980469,-2070.019531,-120.001099,-59.100006
243,11,24.639999,2910.090332,-1799.973145,-120.001099,3129.980469,-2070.019531,-120.001099,-59.100006
243,12,204.419998,2641.918701,-1929.057129,-120.001099,3129.980469,-2070.019531,-120.001099,-59.100006
243,16,660.419983,3229.067871,-3045.506592,-120.001099,3129.980469,-2070.019531,-120.001099,-59.100006
244,3,555.039978,3331.152344,-2899.563477,-309.835968,3129.980469,-2070.019531,-120.001099,-59.100006
244,4,505.640015,3056.082031,-2915.931152,-120.001099,3129.980469,-2070.019531,-120.001099,-59.100006
244,5,564.549988,3623.992676,-2749.409180,-358.590240,3129.980469,-2070.019531,-120.001099,-59.100006
244,6,502.410004,3466.361328,-2778.115967,-332.328735,3129.980469,-2070.019531,-120.001099,-59.100006
244,7,789.469971,3988.730713,-1602.684814,-390.015747,3129.980469,-2070.019531,-120.001099,-59.100006
244,8,253.070007,2744.822266,-2347.148682,-206.556137,3129.980469,-2070.019531,-120.001099,-59.100006
244,10,34.500000,3016.575439,-1724.752319,-120.001099,3129.980469,-2070.019531,-120.001099,-59.100006
244,11,24.639999,2910.090332,-1799.973145,-120.001099,3129.980469,-2070.019531,-120.001099,-59.100006
244,12,204.419998,2641.918701,-1929.057129,-120.001099,3129.980469,-2070.019531,-120.001099,-59.100006
244,16,660.419983,3229.067871,-3045.506592,-120.001099,3129.980469,-2070.019531,-120.001099,-59.100006
245,3,555.039978,3331.152344,-2899.563477,-309.835968,3129.980469,-2070.019531,-120.001099,-59.100006
245,4,505.640015,3056.082031,-2915.931152,-120.001099,3129.980469,-2070.019531,-120.001099,-59.100006
245,5,564.549988,3623.992676,-2749.409180,-358.590240,3129.980469,-2070.019531,-120.001099,-59.100006
245,6,502.410004,3466.361328,-2778.115967,-332.328735,3129.980469,-2070.019531,-120.001099,-59.100006
245,7,789.469971,3988.730713,-1602.684814,-390.015747,3129.980469,-2070.019531,-120.001099,-59.100006
245,8,253.070007,2744.822266,-2347.148682,-206.556137,3129.980469,-2070.019531,-120.001099,-59.100006
245,10,34.500000,3016.575439,-1724.752319,-120.001099,3129.980469,-2070.019531,-120.001099,-59.100006
245,11,24.639999,2910.090332,-1799.973145,-120.001099,3129.980469,-2070.019531,-120.001099,-59.100006
245,12,204.419998,2641.918701,-1929.057129,-120.001099,3129.980469,-2070.019531,-120.001099,-59.100006
245,16,660.419983,3229.067871,-3045.506592,-120.001099,3129.980469,-2070.019531,-120.001099,-59.100006
246,3,592.669983,3391.810059,-3025.657715,-322.706177,3189.990234,-2159.960938,-120.001099,-59.500000
246,4,620.580017,3111.191162,-3120.271484,-120.001099,3189.990234,-2159.960938,-120.001099,-59.500000
246,5,547.359985,3671.340332,-2829.359131,-351.325439,3189.990234,-2159.960938,-120.001099,-59.500000
246,6,514.150024,3526.819824,-2879.556152,-337.290283,3189.990234,-2159.960938,-120.001099,-59.500000
246,7,596.630005,3895.845947,-1790.603882,-324.060577,3189.990234,-2159.960938,-120.001099,-59.500000
246,8,280.880005,2780.389648,-2447.657715,-216.067719,3189.990234,-2159.960938,-120.001099,-59.500000
246,10,74.370003,3058.762695,-1779.557251,-120.001099,3189.990234,-2159.960938,-120.001099,-59.500000
246,11,93.500000,2937.041748,-1829.054321,-120.001099,3189.990234,-2159.960938,-120.001099,-59.500000
246,12,310.130005,2603.277832,-1980.307983,-120.001099,3189.990234,-2159.960938,-120.001099,-59.500000
246,16,782.559998,3314.905762,-3253.813721,-120.001099,3189.990234,-2159.960938,-120.001099,-59.500000
247,3,592.669983,3391.810059,-3025.657715,-322.706177,3189.990234,-2159.960938,-120.001099,-59.500000
247,4,620.580017,3111.191162,-3120.271484,-120.001099,3189.990234,-2159.960938,-120.001099,-59.500000
247,5,547.359985,3671.340332,-2829.359131,-351.325439,3189.990234,-2159.960938,-120.001099,-59.500000
247,6,514.150024,3526.819824,-2879.556152,-337.290283,3189.990234,-2159.960938,-120.001099,-59.500000
247,7,596.630005,3895.845947,-1790.603882,-324.060577,3189.990234,-2159.960938,-120.001099,-59.500000
247,8,280.880005,2780.389648,-2447.657715,-216.067719,3189.990234,-2159.960938,-120.001099,-59.500000
247,10,74.370003,3058.762695,-1779.557251,-120.001099,3189.990234,-2159.960938,-120.001099,-59.500000
247,11,93.500000,2937.041748,-1829.054321,-120.001099,3189.990234,-2159.960938,-120.001099,-59.500000
247,12,310.130005,2603.277832,-1980.307983,-120.001099,3189.990234,-2159.960938,-120.001099,-59.500000
247,16,782.559998,3314.905762,-3253.813721,-120.001099,3189.990234,-2159.960938,-120.001099,-59.500000
248,3,592.669983,3391.810059,-3025.657715,-322.706177,3189.990234,-2159.960938,-120.001099,-59.500000
248,4,620.580017,3111.191162,-3120.271484,-120.001099,3189.990234,-2159.960938,-120.001099,-59.500000
248,5,547.359985,3671.340332,-2829.359131,-351.325439,3189.990234,-2159.960938,-120.001099,-59.500000
248,6,514.150024,3526.819824,-2879.556152,-337.290283,3189.990234,-2159.960938,-120.001099,-59.500000
248,7,596.630005,3895.845947,-1790.603882,-324.060577,3189.990234,-2159.960938,-120.001099,-59.500000
248,8,280.880005,2780.389648,-2447.657715,-216.067719,3189.990234,-2159.960938,-120.001099,-59.500000
248,10,74.370003,3058.762695,-1779.557251,-120.001099,3189.990234,-2159.960938,-120.001099,-59.500000
248,11,93.500000,2937.041748,-1829.054321,-120.001099,3189.990234,-2159.960938,-120.001099,-59.500000
248,12,310.130005,2603.277832,-1980.307983,-120.001099,3189.990234,-2159.960938,-120.001099,-59.500000
248,16,782.559998,3314.905762,-3253.813721,-120.001099,3189.990234,-2159.960938,-120.001099,-59.500000
249,3,592.669983,3391.810059,-3025.657715,-322.706177,3189.990234,-2159.960938,-120.001099,-59.500000
249,4,620.580017,3111.191162,-3120.271484,-120.001099,3189.990234,-2159.960938,-120.001099,-59.500000
249,5,547.359985,3671.340332,-2829.359131,-351.325439,3189.990234,-2159.960938,-120.001099,-59.500000
249,6,514.150024,3526.819824,-2879.556152,-337.290283,3189.990234,-2159.960938,-120.001099,-59.500000
249,7,596.630005,3895.845947,-1790.603882,-324.060577,3189.990234,-2159.960938,-120.001099,-59.500000
249,8,280.880005,2780.389648,-2447.657715,-216.067719,3189.990234,-2159.960938,-120.001099,-59.500000
249,10,74.370003,3058.762695,-1779.557251,-120.001099,3189.990234,-2159.960938,-120.001099,-59.500000
249,11,93.500000,2937.041748,-1829.054321,-120.001099,3189.990234,-2159.960938,-120.001099,-59.500000
249,12,310.130005,2603.277832,-1980.307983,-120.001099,3189.990234,-2159.960938,-120.001099,-59.500000
249,16,782.559998,3314.905762,-3253.813721,-120.001099,3189.990234,-2159.960938,-120.001099,-59.500000
250,3,592.669983,3391.810059,-3025.657715,-322.706177,3189.990234,-2159.960938,-120.001099,-59.500000
250,4,620.580017,3111.191162,-3120.271484,-120.001099,3189.990234,-2159.960938,-120.001099,-59.500000
250,5,547.359985,3671.340332,-2829.359131,-351.325439,3189.990234,-2159.960938,-120.001099,-59.500000
250,6,514.150024,3526.819824,-2879.556152,-337.290283,3189.990234,-2159.960938,-120.001099,-59.500000
250,7,596.630005,3895.845947,-1790.603882,-324.060577,3189.990234,-2159.960938,-120.001099,-59.500000
250,8,280.880005,2780.389648,-2447.657715,-216.067719,3189.990234,-2159.960938,-120.001099,-59.500000
250,10,74.370003,3058.762695,-1779.557251,-120.001099,3189.990234,-2159.960938,-120.001099,-59.500000
250,11,93.500000,2937.041748,-1829.054321,-120.001099,3189.990234,-2159.960938,-120.001099,-59.500000
250,12,310.130005,2603.277832,-1980.307983,-120.001099,3189.990234,-2159.960938,-120.001099,-59.500000
250,16,782.559998,3314.905762,-3253.813721,-120.001099,3189.990234,-2159.960938,-120.001099,-59.500000
251,3,592.669983,3391.810059,-3025.657715,-322.706177,3189.990234,-2159.960938,-120.001099,-59.500000
251,4,620.580017,3111.191162,-3120.271484,-120.001099,3189.990234,-2159.960938,-120.001099,-59.500000
251,5,547.359985,3671.340332,-2829.359131,-351.325439,3189.990234,-2159.960938,-120.001099,-59.500000
251,6,514.150024,3526.819824,-2879.556152,-337.290283,3189.990234,-2159.960938,-120.001099,-59.500000
251,7,596.630005,3895.845947,-1790.603882,-324.060577,3189.990234,-2159.960938,-120.001099,-59.500000
251,8,280.880005,2780.389648,-2447.657715,-216.067719,3189.990234,-2159.960938,-120.001099,-59.500000
251,10,74.370003,3058.762695,-1779.557251,-120.001099,3189.990234,-2159.960938,-120.001099,-59.500000
251,11,93.500000,2937.041748,-1829.054321,-120.001099,3189.990234,-2159.960938,-120.001099,-59.500000
251,12,310.130005,2603.277832,-1980.307983,-120.001099,3189.990234,-2159.960938,-120.001099,-59.500000
251,16,782.559998,3314.905762,-3253.813721,-120.001099,3189.990234,-2159.960938,-120.001099,-59.500000
252,3,592.669983,3391.810059,-3025.657715,-322.706177,3189.990234,-2159.960938,-120.001099,-59.500000
252,4,620.580017,3111.191162,-3120.271484,-120.001099,3189.990234,-2159.960938,-120.001099,-59.500000
252,5,547.359985,3671.340332,-2829.359131,-351.325439,3189.990234,-2159.960938,-120.001099,-59.500000
252,6,514.150024,3526.819824,-2879.556152,-337.290283,3189.990234,-2159.960938,-120.001099,-59.500000
252,7,596.630005,3895.845947,-1790.603882,-324.060577,3189.990234,-2159.960938,-120.001099,-59.500000
252,8,280.880005,2780.389648,-2447.657715,-216.067719,3189.990234,-2159.960938,-120.001099,-59.500000
252,10,74.370003,3058.762695,-1779.557251,-120.001099,3189.990234,-2159.960938,-120.001099,-59.500000
252,11,93.500000,2937.041748,-1829.054321,-120.001099,3189.990234,-2159.960938,-120.001099,-59.500000
252,12,310.130005,2603.277832,-1980.307983,-120.001099,3189.990234,-2159.960938,-120.001099,-59.500000
252,16,782.559998,3314.905762,-3253.813721,-120.001099,3189.990234,-2159.960938,-120.001099,-59.500000
253,3,592.669983,3391.810059,-3025.657715,-322.706177,3189.990234,-2159.960938,-120.001099,-59.500000
253,4,620.580017,3111.191162,-3120.271484,-120.001099,3189.990234,-2159.960938,-120.001099,-59.500000
253,5,547.359985,3671.340332,-2829.359131,-351.325439,3189.990234,-2159.960938,-120.001099,-59.500000
253,6,514.150024,3526.819824,-2879.556152,-337.290283,3189.990234,-2159.960938,-120.001099,-59.500000
253,7,596.630005,3895.845947,-1790.603882,-324.060577,3189.990234,-2159.960938,-120.001099,-59.500000
253,8,280.880005,2780.389648,-2447.657715,-216.067719,3189.990234,-2159.960938,-120.001099,-59.500000
253,10,74.370003,3058.762695,-1779.557251,-120.001099,3189.990234,-2159.960938,-120.001099,-59.500000
253,11,93.500000,2937.041748,-1829.054321,-120.001099,3189.990234,-2159.960938,-120.001099,-59.500000
253,12,310.130005,2603.277832,-1980.307983,-120.001099,3189.990234,-2159.960938,-120.001099,-59.500000
253,16,782.559998,3314.905762,-3253.813721,-120.001099,3189.990234,-2159.960938,-120.001099,-59.500000
254,3,592.669983,3391.810059,-3025.657715,-322.706177,3189.990234,-2159.960938,-120.001099,-59.500000
254,4,620.580017,3111.191162,-3120.271484,-120.001099,3189.990234,-2159.960938,-120.001099,-59.500000
254,5,547.359985,3671.340332,-2829.359131,-351.325439,3189.990234,-2159.960938,-120.001099,-59.500000
254,6,514.150024,3526.819824,-2879.556152,-337.290283,3189.990234,-2159.960938,-120.001099,-59.500000
254,7,596.630005,3895.845947,-1790.603882,-324.060577,3189.990234,-2159.960938,-120.001099,-59.500000
254,8,280.880005,2780.389648,-2447.657715,-216.067719,3189.990234,-2159.960938,-120.001099,-59.500000
254,10,74.370003,3058.762695,-1779.557251,-120.001099,3189.990234,-2159.960938,-120.001099,-59.500000
254,11,93.500000,2937.041748,-1829.054321,-120.001099,3189.990234,-2159.960938,-120.001099,-59.500000
254,12,310.130005,2603.277832,-1980.307983,-120.001099,3189.990234,-2159.960938,-120.001099,-59.500000
254,16,782.559998,3314.905762,-3253.813721,-120.001099,3189.990234,-2159.960938,-120.001099,-59.500000
255,3,592.669983,3391.810059,-3025.657715,-322.706177,3189.990234,-2159.960938,-120.001099,-59.500000
255,4,620.580017,3111.191162,-3120.271484,-120.001099,3189.990234,-2159.960938,-120.001099,-59.500000
255,5,547.359985,3671.340332,-2829.359131,-351.325439,3189.990234,-2159.960938,-120.001099,-59.500000
255,6,514.150024,3526.819824,-2879.556152,-337.290283,3189.990234,-2159.960938,-120.001099,-59.500000
255,7,596.630005,3895.845947,-1790.603882,-324.060577,3189.990234,-2159.960938,-120.001099,-59.500000
255,8,280.880005,2780.389648,-2447.657715,-216.067719,3189.990234,-2159.960938,-120.001099,-59.500000
255,10,74.370003,3058.762695,-1779.557251,-120.001099,3189.990234,-2159.960938,-120.001099,-59.500000
255,11,93.500000,2937.041748,-1829.054321,-120.001099,3189.990234,-2159.960938,-120.001099,-59.500000
255,12,310.130005,2603.277832,-1980.307983,-120.001099,3189.990234,-2159.960938,-120.001099,-59.500000
255,16,782.559998,3314.905762,-3253.813721,-120.001099,3189.990234,-2159.960938,-120.001099,-59.500000
256,3,592.669983,3391.810059,-3025.657715,-322.706177,3189.990234,-2159.960938,-120.001099,-59.500000
256,4,620.580017,3111.191162,-3120.271484,-120.001099,3189.990234,-2159.960938,-120.001099,-59.500000
256,5,547.359985,3671.340332,-2829.359131,-351.325439,3189.990234,-2159.960938,-120.001099,-59.500000
256,6,514.150024,3526.819824,-2879.556152,-337.290283,3189.990234,-2159.960938,-120.001099,-59.500000
256,7,596.630005,3895.845947,-1790.603882,-324.060577,3189.990234,-2159.960938,-120.001099,-59.500000
256,8,280.880005,2780.389648,-2447.657715,-216.067719,3189.990234,-2159.960938,-120.001099,-59.500000
256,10,74.370003,3058.762695,-1779.557251,-120.001099,3189.990234,-2159.960938,-120.001099,-59.500000
256,11,93.500000,2937.041748,-1829.054321,-120.001099,3189.990234,-2159.960938,-120.001099,-59.500000
256,12,310.130005,2603.277832,-1980.307983,-120.001099,3189.990234,-2159.960938,-120.001099,-59.500000
256,16,782.559998,3314.905762,-3253.813721,-120.001099,3189.990234,-2159.960938,-120.001099,-59.500000
257,3,521.229980,3425.386475,-3050.670898,-298.272247,3239.990234,-2250.000000,-120.001099,-59.800003
257,4,540.150024,3155.883301,-3129.455322,-120.001099,3239.990234,-2250.000000,-120.001099,-59.800003
257,5,464.440002,3680.026123,-2856.958252,-316.281921,3239.990234,-2250.000000,-120.001099,-59.800003
257,6,444.679993,3541.376709,-2916.933350,-307.931000,3239.990234,-2250.000000,-120.001099,-59.800003
257,7,535.330017,3897.985352,-1913.319458,-303.094757,3239.990234,-2250.000000,-120.001099,-59.800003
257,8,304.489990,2809.714111,-2546.708252,-224.142807,3239.990234,-2250.000000,-120.001099,-59.800003
257,10,177.699997,3058.779297,-1779.608887,-120.001099,3239.990234,-2250.000000,-120.001099,-59.800003
257,11,207.619995,2931.373047,-1819.142456,-120.001099,3239.990234,-2250.000000,-120.001099,-59.800003
257,12,420.670013,2550.221436,-2029.833374,-120.001099,3239.990234,-2250.000000,-120.001099,-59.800003
257,16,623.869995,3317.569824,-3191.353516,-120.001099,3239.990234,-2250.000000,-120.001099,-59.800003
258,3,521.229980,3425.386475,-3050.670898,-298.272247,3239.990234,-2250.000000,-120.001099,-59.800003
258,4,540.150024,3155.883301,-3129.455322,-120.001099,3239.990234,-2250.000000,-120.001099,-59.800003
258,5,464.440002,3680.026123,-2856.958252,-316.281921,3239.990234,-2250.000000,-120.001099,-59.800003
258,6,444.679993,3541.376709,-2916.933350,-307.931000,3239.990234,-2250.000000,-120.001099,-59.800003
258,7,535.330017,3897.985352,-1913.319458,-303.094757,3239.990234,-2250.000000,-120.001099,-59.800003
258,8,304.489990,2809.714111,-2546.708252,-224.142807,3239.990234,-2250.000000,-120.001099,-59.800003
258,10,177.699997,3058.779297,-1779.608887,-120.001099,3239.990234,-2250.000000,-120.001099,-59.800003
258,11,207.619995,2931.373047,-1819.142456,-120.001099,3239.990234,-2250.000000,-120.001099,-59.800003
258,12,420.670013,2550.221436,-2029.833374,-120.001099,3239.990234,-2250.000000,-120.001099,-59.800003
258,16,623.869995,3317.569824,-3191.353516,-120.001099,3239.990234,-2250.000000,-120.001099,-59.800003
259,3,521.229980,3425.386475,-3050.670898,-298.272247,3239.990234,-2250.000000,-120.001099,-59.800003
259,4,540.150024,3155.883301,-3129.455322,-120.001099,3239.990234,-2250.000000,-120.001099,-59.800003
259,5,464.440002,3680.026123,-2856.958252,-316.281921,3239.990234,-2250.000000,-120.001099,-59.800003
259,6,444.679993,3541.376709,-2916.933350,-307.931000,3239.990234,-2250.000000,-120.001099,-59.800003
259,7,535.330017,3897.985352,-1913.319458,-303.094757,3239.990234,-2250.000000,-120.001099,-59.800003
259,8,304.489990,2809.714111,-2546.708252,-224.142807,3239.990234,-2250.000000,-120.001099,-59.800003
259,10,177.699997,3058.779297,-1779.608887,-120.001099,3239.990234,-2250.000000,-120.001099,-59.800003
259,11,207.619995,2931.373047,-1819.142456,-120.001099,3239.990234,-2250.000000,-120.001099,-59.800003
259,12,420.670013,2550.221436,-2029.833374,-120.001099,3239.990234,-2250.000000,-120.001099,-59.800003
259,16,623.869995,3317.569824,-3191.353516,-120.001099,3239.990234,-2250.000000,-120.001099,-59.800003
260,3,521.229980,3425.386475,-3050.670898,-298.272247,3239.990234,-2250.000000,-120.001099,-59.800003
260,4,540.150024,3155.883301,-3129.455322,-120.001099,3239.990234,-2250.000000,-120.001099,-59.800003
260,5,464.440002,3680.026123,-2856.958252,-316.281921,3239.990234,-2250.000000,-120.001099,-59.800003
260,6,444.679993,3541.376709,-2916.933350,-307.931000,3239.990234,-2250.000000,-120.001099,-59.800003
260,7,535.330017,3897.985352,-1913.319458,-303.094757,3239.990234,-2250.000000,-120.001099,-59.800003
260,8,304.489990,2809.714111,-2546.708252,-224.142807,3239.990234,-2250.000000,-120.001099,-59.800003
260,10,177.699997,3058.779297,-1779.608887,-120.001099,3239.990234,-2250.000000,-120.001099,-59.800003
260,11,207.619995,2931.373047,-1819.142456,-120.001099,3239.990234,-2250.000000,-120.001099,-59.800003
260,12,420.670013,2550.221436,-2029.833374,-120.001099,3239.990234,-2250.000000,-120.001099,-59.800003
260,16,623.869995,3317.569824,-3191.353516,-120.001099,3239.990234,-2250.000000,-120.001099,-59.800003
261,3,521.229980,3425.386475,-3050.670898,-298.272247,3239.990234,-2250.000000,-120.001099,-59.800003
261,4,540.150024,3155.883301,-3129.455322,-120.001099,3239.990234,-2250.000000,-120.001099,-59.800003
261,5,464.440002,3680.026123,-2856.958252,-316.281921,3239.990234,-2250.000000,-120.001099,-59.800003
261,6,444.679993,3541.376709,-2916.933350,-307.931000,3239.990234,-2250.000000,-120.001099,-59.800003
261,7,535.330017,3897.985352,-1913.319458,-303.094757,3239.990234,-2250.000000,-120.001099,-59.800003
261,8,304.489990,2809.714111,-2546.708252,-224.142807,3239.990234,-2250.000000,-120.001099,-59.800003
261,10,177.699997,3058.779297,-1779.608887,-120.001099,3239.990234,-2250.000000,-120.001099,-59.800003
261,11,207.619995,2931.373047,-1819.142456,-120.001099,3239.990234,-2250.000000,-120.001099,-59.800003
261,12,420.670013,2550.221436,-2029.833374,-120.001099,3239.990234,-2250.000000,-120.001099,-59.800003
261,16,623.869995,3317.569824,-3191.353516,-120.001099,3239.990234,-2250.000000,-120.001099,-59.800003
262,3,521.229980,3425.386475,-3050.670898,-298.272247,3239.990234,-2250.000000,-120.001099,-59.800003
262,4,540.150024,3155.883301,-3129.455322,-120.001099,3239.990234,-2250.000000,-120.001099,-59.800003
262,5,464.440002,3680.026123,-2856.958252,-316.281921,3239.990234,-2250.000000,-120.001099,-59.800003
262,6,444.679993,3541.376709,-2916.933350,-307.931000,3239.990234,-2250.000000,-120.001099,-59.800003
262,7,535.330017,3897.985352,-1913.319458,-303.094757,3239.990234,-2250.000000,-120.001099,-59.800003
262,8,304.489990,2809.714111,-2546.708252,-224.142807,3239.990234,-2250.000000,-120.001099,-59.800003
262,10,177.699997,3058.779297,-1779.608887,-120.001099,3239.990234,-2250.000000,-120.001099,-59.800003
262,11,207.619995,2931.373047,-1819.142456,-120.001099,3239.990234,-2250.000000,-120.001099,-59.800003
262,12,420.670013,2550.221436,-2029.833374,-120.001099,3239.990234,-2250.000000,-120.001099,-59.800003
262,16,623.869995,3317.569824,-3191.353516,-120.001099,3239.990234,-2250.000000,-120.001099,-59.800003
263,3,521.229980,3425.386475,-3050.670898,-298.272247,3239.990234,-2250.000000,-120.001099,-59.800003
263,4,540.150024,3155.883301,-3129.455322,-120.001099,3239.990234,-2250.000000,-120.001099,-59.800003
263,5,464.440002,3680.026123,-2856.958252,-316.281921,3239.990234,-2250.000000,-120.001099,-59.800003
263,6,444.679993,3541.376709,-2916.933350,-307.931000,3239.990234,-2250.000000,-120.001099,-59.800003
263,7,535.330017,3897.985352,-1913.319458,-303.094757,3239.990234,-2250.000000,-120.001099,-59.800003
263,8,304.489990,2809.714111,-2546.708252,-224.142807,3239.990234,-2250.000000,-120.001099,-59.800003
263,10,177.699997,3058.779297,-1779.608887,-120.001099,3239.990234,-2250.000000,-120.001099,-59.800003
263,11,207.619995,2931.373047,-1819.142456,-120.001099,3239.990234,-2250.000000,-120.001099,-59.800003
263,12,420.670013,2550.221436,-2029.833374,-120.001099,3239.990234,-2250.000000,-120.001099,-59.800003
263,16,623.869995,3317.569824,-3191.353516,-120.001099,3239.990234,-2250.000000,-120.001099,-59.800003
264,3,521.229980,3425.386475,-3050.670898,-298.272247,3239.990234,-2250.000000,-120.001099,-59.800003
264,4,540.150024,3155.883301,-3129.455322,-120.001099,3239.990234,-2250.000000,-120.001099,-59.800003
264,5,464.440002,3680.026123,-2856.958252,-316.281921,3239.990234,-2250.000000,-120.001099,-59.800003
264,6,444.679993,3541.376709,-2916.933350,-307.931000,3239.990234,-2250.000000,-120.001099,-59.800003
264,7,535.330017,3897.985352,-1913.319458,-303.094757,3239.990234,-2250.000000,-120.001099,-59.800003
264,8,304.489990,2809.714111,-2546.708252,-224.142807,3239.990234,-2250.000000,-120.001099,-59.800003
264,10,177.699997,3058.779297,-1779.608887,-120.001099,3239.990234,-2250.000000,-120.001099,-59.800003
264,11,207.619995,2931.373047,-1819.142456,-120.001099,3239.990234,-2250.000000,-120.001099,-59.800003
264,12,420.670013,2550.221436,-2029.833374,-120.001099,3239.990234,-2250.000000,-120.001099,-59.800003
264,16,623.869995,3317.569824,-3191.353516,-120.001099,3239.990234,-2250.000000,-120.001099,-59.800003
265,3,521.229980,3425.386475,-3050.670898,-298.272247,3239.990234,-2250.000000,-120.001099,-59.800003
265,4,540.150024,3155.883301,-3129.455322,-120.001099,3239.990234,-2250.000000,-120.001099,-59.800003
265,5,464.440002,3680.026123,-2856.958252,-316.281921,3239.990234,-2250.000000,-120.001099,-59.800003
265,6,444.679993,3541.376709,-2916.933350,-307.931000,3239.990234,-2250.000000,-120.001099,-59.800003
265,7,535.330017,3897.985352,-1913.319458,-303.094757,3239.990234,-2250.000000,-120.001099,-59.800003
265,8,304.489990,2809.714111,-2546.708252,-224.142807,3239.990234,-2250.000000,-120.001099,-59.800003
265,10,177.699997,3058.779297,-1779.608887,-120.001099,3239.990234,-2250.000000,-120.001099,-59.800003
265,11,207.619995,2931.373047,-1819.142456,-120.001099,3239.990234,-2250.000000,-120.001099,-59.800003
265,12,420.670013,2550.221436,-2029.833374,-120.001099,3239.990234,-2250.000000,-120.001099,-59.800003
265,16,623.869995,3317.569824,-3191.353516,-120.001099,3239.990234,-2250.000000,-120.001099,-59.800003
266,3,521.229980,3425.386475,-3050.670898,-298.272247,3239.990234,-2250.000000,-120.001099,-59.800003
266,4,540.150024,3155.883301,-3129.455322,-120.001099,3239.990234,-2250.000000,-120.001099,-59.800003
266,5,464.440002,3680.026123,-2856.958252,-316.281921,3239.990234,-2250.000000,-120.001099,-59.800003
266,6,444.679993,3541.376709,-2916.933350,-307.931000,3239.990234,-2250.000000,-120.001099,-59.800003
266,7,535.330017,3897.985352,-1913.319458,-303.094757,3239.990234,-2250.000000,-120.001099,-59.800003
266,8,304.489990,2809.714111,-2546.708252,-224.142807,3239.990234,-2250.000000,-120.001099,-59.800003
266,10,177.699997,3058.779297,-1779.608887,-120.001099,3239.990234,-2250.000000,-120.001099,-59.800003
266,11,207.619995,2931.373047,-1819.142456,-120.001099,3239.990234,-2250.000000,-120.001099,-59.800003
266,12,420.670013,2550.221436,-2029.833374,-120.001099,3239.990234,-2250.000000,-120.001099,-59.800003
266,16,623.869995,3317.569824,-3191.353516,-120.001099,3239.990234,-2250.000000,-120.001099,-59.800003
267,3,521.229980,3425.386475,-3050.670898,-298.272247,3239.990234,-2250.000000,-120.001099,-59.800003
267,4,540.150024,3155.883301,-3129.455322,-120.001099,3239.990234,-2250.000000,-120.001099,-59.800003
267,5,464.440002,3680.026123,-2856.958252,-316.281921,3239.990234,-2250.000000,-120.001099,-59.800003
267,6,444.679993,3541.376709,-2916.933350,-307.931000,3239.990234,-2250.000000,-120.001099,-59.800003
267,7,535.330017,3897.985352,-1913.319458,-303.094757,3239.990234,-2250.000000,-120.001099,-59.800003
267,8,304.489990,2809.714111,-2546.708252,-224.142807,3239.990234,-2250.000000,-120.001099,-59.800003
267,10,177.699997,3058.779297,-1779.608887,-120.001099,3239.990234,-2250.000000,-120.001099,-59.800003
267,11,207.619995,2931.373047,-1819.142456,-120.001099,3239.990234,-2250.000000,-120.001099,-59.800003
267,12,420.670013,2550.221436,-2029.833374,-120.001099,3239.990234,-2250.000000,-120.001099,-59.800003
267,16,623.869995,3317.569824,-3191.353516,-120.001099,3239.990234,-2250.000000,-120.001099,-59.800003
268,3,521.229980,3425.386475,-3050.670898,-298.272247,3239.990234,-2250.000000,-120.001099,-59.800003
268,4,540.150024,3155.883301,-3129.455322,-120.001099,3239.990234,-2250.000000,-120.001099,-59.800003
268,5,464.440002,3680.026123,-2856.958252,-316.281921,3239.990234,-2250.000000,-120.001099,-59.800003
268,6,444.679993,3541.376709,-2916.933350,-307.931000,3239.990234,-2250.000000,-120.001099,-59.800003
268,7,535.330017,3897.985352,-1913.319458,-303.094757,3239.990234,-2250.000000,-120.001099,-59.800003
268,8,304.489990,2809.714111,-2546.708252,-224.142807,3239.990234,-2250.000000,-120.001099,-59.800003
268,10,177.699997,3058.779297,-1779.608887,-120.001099,3239.990234,-2250.000000,-120.001099,-59.800003
268,11,207.619995,2931.373047,-1819.142456,-120.001099,3239.990234,-2250.000000,-120.001099,-59.800003
268,12,420.670013,2550.221436,-2029.833374,-120.001099,3239.990234,-2250.000000,-120.001099,-59.800003
268,16,623.869995,3317.569824,-3191.353516,-120.001099,3239.990234,-2250.000000,-120.001099,-59.800003
269,2,488.959991,3695.739258,-3045.560791,-120.001099,3289.990234,-2339.941406,-120.001099,-60.100006
269,3,461.470001,3461.536621,-3086.252197,-277.833130,3289.990234,-2339.941406,-120.001099,-60.100006
269,4,473.739990,3201.395508,-3152.534424,-120.001099,3289.990234,-2339.941406,-120.001099,-60.100006
269,5,413.540009,3703.846436,-2909.204590,-294.770660,3289.990234,-2339.941406,-120.001099,-60.100006
269,6,326.269989,3534.384766,-2915.411865,-257.888763,3289.990234,-2339.941406,-120.001099,-60.100006
269,7,482.329987,3906.564453,-2031.537231,-284.967682,3289.990234,-2339.941406,-120.001099,-60.100006
269,8,353.269989,2818.429443,-2657.242432,-240.826553,3289.990234,-2339.941406,-120.001099,-60.100006
269,10,299.200012,3050.678467,-1763.280029,-120.001099,3289.990234,-2339.941406,-120.001099,-60.100006
269,11,339.720001,2917.783203,-1792.956665,-120.001099,3289.990234,-2339.941406,-120.001099,-60.100006
269,12,536.549988,2492.561523,-2076.342773,-120.001099,3289.990234,-2339.941406,-120.001099,-60.100006
269,16,515.309998,3334.725342,-3176.778564,-120.001099,3289.990234,-2339.941406,-120.001099,-60.100006
270,2,488.959991,3695.739258,-3045.560791,-120.001099,3289.990234,-2339.941406,-120.001099,-60.100006
270,3,461.470001,3461.536621,-3086.252197,-277.833130,3289.990234,-2339.941406,-120.001099,-60.100006
270,4,473.739990,3201.395508,-3152.534424,-120.001099,3289.990234,-2339.941406,-120.001099,-60.100006
270,5,413.540009,3703.846436,-2909.204590,-294.770660,3289.990234,-2339.941406,-120.001099,-60.100006
270,6,326.269989,3534.384766,-2915.411865,-257.888763,3289.990234,-2339.941406,-120.001099,-60.100006
270,7,482.329987,3906.564453,-2031.537231,-284.967682,3289.990234,-2339.941406,-120.001099,-60.100006
270,8,353.269989,2818.429443,-2657.242432,-240.826553,3289.990234,-2339.941406,-120.001099,-60.100006
270,10,299.200012,3050.678467,-1763.280029,-120.001099,3289.990234,-2339.941406,-120.001099,-60.100006
270,11,339.720001,2917.783203,-1792.956665,-120.001099,3289.990234,-2339.941406,-120.001099,-60.100006
270,12,536.549988,2492.561523,-2076.342773,-120.001099,3289.990234,-2339.941406,-120.001099,-60.100006
270,16,515.309998,3334.725342,-3176.778564,-120.001099,3289.990234,-2339.941406,-120.001099,-60.100006
271,2,488.959991,3695.739258,-3045.560791,-120.001099,3289.990234,-2339.941406,-120.001099,-60.100006
271,3,461.470001,3461.536621,-3086.252197,-277.833130,3289.990234,-2339.941406,-120.001099,-60.100006
271,4,473.739990,3201.395508,-3152.534424,-120.001099,3289.990234,-2339.941406,-120.001099,-60.100006
271,5,413.540009,3703.846436,-2909.204590,-294.770660,3289.990234,-2339.941406,-120.001099,-60.100006
271,6,326.269989,3534.384766,-2915.411865,-257.888763,3289.990234,-2339.941406,-120.001099,-60.100006
271,7,482.329987,3906.564453,-2031.537231,-284.967682,3289.990234,-2339.941406,-120.001099,-60.100006
271,8,353.269989,2818.429443,-2657.242432,-240.826553,3289.990234,-2339.941406,-120.001099,-60.100006
271,10,299.200012,3050.678467,-1763.280029,-120.001099,3289.990234,-2339.941406,-120.001099,-60.100006
271,11,339.720001,2917.783203,-1792.956665,-120.001099,3289.990234,-2339.941406,-120.001099,-60.100006
271,12,536.549988,2492.561523,-2076.342773,-120.001099,3289.990234,-2339.941406,-120.001099,-60.100006
271,16,515.309998,3334.725342,-3176.778564,-120.001099,3289.990234,-2339.941406,-120.001099,-60.100006
272,2,488.959991,3695.739258,-3045.560791,-120.001099,3289.990234,-2339.941406,-120.001099,-60.100006
272,3,461.470001,3461.536621,-3086.252197,-277.833130,3289.990234,-2339.941406,-120.001099,-60.100006
272,4,473.739990,3201.395508,-3152.534424,-120.001099,3289.990234,-2339.941406,-120.001099,-60.100006
272,5,413.540009,3703.846436,-2909.204590,-294.770660,3289.990234,-2339.941406,-120.001099,-60.100006
272,6,326.269989,3534.384766,-2915.411865,-257.888763,3289.990234,-2339.941406,-120.001099,-60.100006
272,7,482.329987,3906.564453,-2031.537231,-284.967682,3289.990234,-2339.941406,-120.001099,-60.100006
272,8,353.269989,2818.429443,-2657.242432,-240.826553,3289.990234,-2339.941406,-120.001099,-60.100006
272,10,299.200012,3050.678467,-1763.280029,-120.001099,3289.990234,-2339.941406,-120.001099,-60.100006
272,11,339.720001,2917.783203,-1792.956665,-120.001099,3289.990234,-2339.941406,-120.001099,-60.100006
272,12,536.549988,2492.561523,-2076.342773,-120.001099,3289.990234,-2339.941406,-120.001099,-60.100006
272,16,515.309998,3334.725342,-3176.778564,-120.001099,3289.990234,-2339.941406,-120.001099,-60.100006
273,2,488.959991,3695.739258,-3045.560791,-120.001099,3289.990234,-2339.941406,-120.001099,-60.100006
273,3,461.470001,3461.536621,-3086.252197,-277.833130,3289.990234,-2339.941406,-120.001099,-60.100006
273,4,473.739990,3201.395508,-3152.534424,-120.001099,3289.990234,-2339.941406,-120.001099,-60.100006
273,5,413.540009,3703.846436,-2909.204590,-294.770660,3289.990234,-2339.941406,-120.001099,-60.100006
273,6,326.269989,3534.384766,-2915.411865,-257.888763,3289.990234,-2339.941406,-120.001099,-60.100006
273,7,482.329987,3906.564453,-2031.537231,-284.967682,3289.990234,-2339.941406,-120.001099,-60.100006
273,8,353.269989,2818.429443,-2657.242432,-240.826553,3289.990234,-2339.941406,-120.001099,-60.100006
273,10,299.200012,3050.678467,-1763.280029,-120.001099,3289.990234,-2339.941406,-120.001099,-60.100006
273,11,339.720001,2917.783203,-1792.956665,-120.001099,3289.990234,-2339.941406,-120.001099,-60.100006
273,12,536.549988,2492.561523,-2076.342773,-120.001099,3289.990234,-2339.941406,-120.001099,-60.100006
273,16,515.309998,3334.725342,-3176.778564,-120.001099,3289.990234,-2339.941406,-120.001099,-60.100006
274,2,488.959991,3695.739258,-3045.560791,-120.001099,3289.990234,-2339.941406,-120.001099,-60.100006
274,3,461.470001,3461.536621,-3086.252197,-277.833130,3289.990234,-2339.941406,-120.001099,-60.100006
274,4,473.739990,3201.395508,-3152.534424,-120.001099,3289.990234,-2339.941406,-120.001099,-60.100006
274,5,413.540009,3703.846436,-2909.204590,-294.770660,3289.990234,-2339.941406,-120.001099,-60.100006
274,6,326.269989,3534.384766,-2915.411865,-257.888763,3289.990234,-2339.941406,-120.001099,-60.100006
274,7,482.329987,3906.564453,-2031.537231,-284.967682,3289.990234,-2339.941406,-120.001099,-60.100006
274,8,353.269989,2818.429443,-2657.242432,-240.826553,3289.990234,-2339.941406,-120.001099,-60.100006
274,10,299.200012,3050.678467,-1763.280029,-120.001099,3289.990234,-2339.941406,-120.001099,-60.100006
274,11,339.720001,2917.783203,-1792.956665,-120.001099,3289.990234,-2339.941406,-120.001099,-60.100006
274,12,536.549988,2492.561523,-2076.342773,-120.001099,3289.990234,-2339.941406,-120.001099,-60.100006
274,16,515.309998,3334.725342,-3176.778564,-120.001099,3289.990234,-2339.941406,-120.001099,-60.100006
275,2,488.959991,3695.739258,-3045.560791,-120.001099,3289.990234,-2339.941406,-120.001099,-60.100006
275,3,461.470001,3461.536621,-3086.252197,-277.833130,3289.990234,-2339.941406,-120.001099,-60.100006
275,4,473.739990,3201.395508,-3152.534424,-120.001099,3289.990234,-2339.941406,-120.001099,-60.100006
275,5,413.540009,3703.846436,-2909.204590,-294.770660,3289.990234,-2339.941406,-120.001099,-60.100006
275,6,326.269989,3534.384766,-2915.411865,-257.888763,3289.990234,-2339.941406,-120.001099,-60.100006
275,7,482.329987,3906.564453,-2031.537231,-284.967682,3289.990234,-2339.941406,-120.001099,-60.100006
275,8,353.269989,2818.429443,-2657.242432,-240.826553,3289.990234,-2339.941406,-120.001099,-60.100006
275,10,299.200012,3050.678467,-1763.280029,-120.001099,3289.990234,-2339.941406,-120.001099,-60.100006
275,11,339.720001,2917.783203,-1792.956665,-120.001099,3289.990234,-2339.941406,-120.001099,-60.100006
275,12,536.549988,2492.561523,-2076.342773,-120.001099,3289.990234,-2339.941406,-120.001099,-60.100006
275,16,515.309998,3334.725342,-3176.778564,-120.001099,3289.990234,-2339.941406,-120.001099,-60.100006
276,2,488.959991,3695.739258,-3045.560791,-120.001099,3289.990234,-2339.941406,-120.001099,-60.100006
276,3,461.470001,3461.536621,-3086.252197,-277.833130,3289.990234,-2339.941406,-120.001099,-60.100006
276,4,473.739990,3201.395508,-3152.534424,-120.001099,3289.990234,-2339.941406,-120.001099,-60.100006
276,5,413.540009,3703.846436,-2909.204590,-294.770660,3289.990234,-2339.941406,-120.001099,-60.100006
276,6,326.269989,3534.384766,-2915.411865,-257.888763,3289.990234,-2339.941406,-120.001099,-60.100006
276,7,482.329987,3906.564453,-2031.537231,-284.967682,3289.990234,-2339.941406,-120.001099,-60.100006
276,8,353.269989,2818.429443,-2657.242432,-240.826553,3289.990234,-2339.941406,-120.001099,-60.100006
276,10,299.200012,3050.678467,-1763.280029,-120.001099,3289.990234,-2339.941406,-120.001099,-60.100006
276,11,339.720001,2917.783203,-1792.956665,-120.001099,3289.990234,-2339.941406,-120.001099,-60.100006
276,12,536.549988,2492.561523,-2076.342773,-120.001099,3289.990234,-2339.941406,-120.001099,-60.100006
276,16,515.309998,3334.725342,-3176.778564,-120.001099,3289.990234,-2339.941406,-120.001099,-60.100006
277,2,488.959991,3695.739258,-3045.560791,-120.001099,3289.990234,-2339.941406,-120.001099,-60.100006
277,3,461.470001,3461.536621,-3086.252197,-277.833130,3289.990234,-2339.941406,-120.001099,-60.100006
277,4,473.739990,3201.395508,-3152.534424,-120.001099,3289.990234,-2339.941406,-120.001099,-60.100006
277,5,413.540009,3703.846436,-2909.204590,-294.770660,3289.990234,-2339.941406,-120.001099,-60.100006
277,6,326.269989,3534.384766,-2915.411865,-257.888763,3289.990234,-2339.941406,-120.001099,-60.100006
277,7,482.329987,3906.564453,-2031.537231,-284.967682,3289.990234,-2339.941406,-120.001099,-60.100006
277,8,353.269989,2818.429443,-2657.242432,-240.826553,3289.990234,-2339.941406,-120.001099,-60.100006
277,10,299.200012,3050.678467,-1763.280029,-120.001099,3289.990234,-2339.941406,-120.001099,-60.100006
277,11,339.720001,2917.783203,-1792.956665,-120.001099,3289.990234,-2339.941406,-120.001099,-60.100006
277,12,536.549988,2492.561523,-2076.342773,-120.001099,3289.990234,-2339.941406,-120.001099,-60.100006
277,16,515.309998,3334.725342,-3176.778564,-120.001099,3289.990234,-2339.941406,-120.001099,-60.100006
278,2,488.959991,3695.739258,-3045.560791,-120.001099,3289.990234,-2339.941406,-120.001099,-60.100006
278,3,461.470001,3461.536621,-3086.252197,-277.833130,3289.990234,-2339.941406,-120.001099,-60.100006
278,4,473.739990,3201.395508,-3152.534424,-120.001099,3289.990234,-2339.941406,-120.001099,-60.100006
278,5,413.540009,3703.846436,-2909.204590,-294.770660,3289.990234,-2339.941406,-120.001099,-60.100006
278,6,326.269989,3534.384766,-2915.411865,-257.888763,3289.990234,-2339.941406,-120.001099,-60.100006
278,7,482.329987,3906.564453,-2031.537231,-284.967682,3289.990234,-2339.941406,-120.001099,-60.100006
278,8,353.269989,2818.429443,-2657.242432,-240.826553,3289.990234,-2339.941406,-120.001099,-60.100006
278,10,299.200012,3050.678467,-1763.280029,-120.001099,3289.990234,-2339.941406,-120.001099,-60.100006
278,11,339.720001,2917.783203,-1792.956665,-120.001099,3289.990234,-2339.941406,-120.001099,-60.100006
278,12,536.549988,2492.561523,-2076.342773,-120.001099,3289.990234,-2339.941406,-120.001099,-60.100006
278,16,515.309998,3334.725342,-3176.778564,-120.001099,3289.990234,-2339.941406,-120.001099,-60.100006
279,2,488.959991,3695.739258,-3045.560791,-120.001099,3289.990234,-2339.941406,-120.001099,-60.100006
279,3,461.470001,3461.536621,-3086.252197,-277.833130,3289.990234,-2339.941406,-120.001099,-60.100006
279,4,473.739990,3201.395508,-3152.534424,-120.001099,3289.990234,-2339.941406,-120.001099,-60.100006
279,5,413.540009,3703.846436,-2909.204590,-294.770660,3289.990234,-2339.941406,-120.001099,-60.100006
279,6,326.269989,3534.384766,-2915.411865,-257.888763,3289.990234,-2339.941406,-120.001099,-60.100006
279,7,482.329987,3906.564453,-2031.537231,-284.967682,3289.990234,-2339.941406,-120.001099,-60.100006
279,8,353.269989,2818.429443,-2657.242432,-240.826553,3289.990234,-2339.941406,-120.001099,-60.100006
279,10,299.200012,3050.678467,-1763.280029,-120.001099,3289.990234,-2339.941406,-120.001099,-60.100006
279,11,339.720001,2917.783203,-1792.956665,-120.001099,3289.990234,-2339.941406,-120.001099,-60.100006
279,12,536.549988,2492.561523,-2076.342773,-120.001099,3289.990234,-2339.941406,-120.001099,-60.100006
279,16,515.309998,3334.725342,-3176.778564,-120.001099,3289.990234,-2339.941406,-120.001099,-60.100006
280,1,457.399994,3905.800781,-2961.150635,-286.438721,3350.000000,-2439.941406,-129.998703,-60.100006
280,2,374.690002,3698.786865,-3046.500488,-129.998703,3350.000000,-2439.941406,-129.998703,-60.100006
280,3,432.220001,3516.820801,-3159.175537,-277.826660,3350.000000,-2439.941406,-129.998703,-60.100006
280,4,583.619995,3261.213623,-3362.414307,-129.998703,3350.000000,-2439.941406,-129.998703,-60.100006
280,5,281.570007,3704.234375,-2905.519043,-248.995331,3350.000000,-2439.941406,-129.998703,-60.100006
280,6,213.710007,3543.541748,-2926.976318,-220.316452,3350.000000,-2439.941406,-129.998703,-60.100006
280,7,380.820007,3883.882568,-2179.087158,-260.246826,3350.000000,-2439.941406,-129.998703,-60.100006
280,8,413.089996,2829.708740,-2785.263672,-271.283813,3350.000000,-2439.941406,-129.998703,-60.100006
280,9,583.789978,3579.264648,-1544.223999,-129.998703,3350.000000,-2439.941406,-129.998703,-60.100006
280,10,321.089996,3099.776367,-1844.303589,-129.998703,3350.000000,-2439.941406,-129.998703,-60.100006
280,11,404.109985,2945.695312,-1837.137207,-129.998703,3350.000000,-2439.941406,-129.998703,-60.100006
280,12,775.020020,2328.625488,-2094.390381,-129.998703,3350.000000,-2439.941406,-129.998703,-60.100006
280,14,902.979980,3599.881104,-3635.089600,-286.799530,3350.000000,-2439.941406,-129.998703,-60.100006
280,16,590.830017,3414.153809,-3349.759277,-129.998703,3350.000000,-2439.941406,-129.998703,-60.100006
281,1,457.399994,3905.800781,-2961.150635,-286.438721,3350.000000,-2439.941406,-129.998703,-60.100006
281,2,374.690002,3698.786865,-3046.500488,-129.998703,3350.000000,-2439.941406,-129.998703,-60.100006
281,3,432.220001,3516.820801,-3159.175537,-277.826660,3350.000000,-2439.941406,-129.998703,-60.100006
281,4,583.619995,3261.213623,-3362.414307,-129.998703,3350.000000,-2439.941406,-129.998703,-60.100006
281,5,281.570007,3704.234375,-2905.519043,-248.995331,3350.000000,-2439.941406,-129.998703,-60.100006
281,6,213.710007,3543.541748,-2926.976318,-220.316452,3350.000000,-2439.941406,-129.998703,-60.100006
281,7,380.820007,3883.882568,-2179.087158,-260.246826,3350.000000,-2439.941406,-129.998703,-60.100006
281,8,413.089996,2829.708740,-2785.263672,-271.283813,3350.000000,-2439.941406,-129.998703,-60.100006
281,9,583.789978,3579.264648,-1544.223999,-129.998703,3350.000000,-2439.941406,-129.998703,-60.100006
281,10,321.089996,3099.776367,-1844.303589,-129.998703,3350.000000,-2439.941406,-129.998703,-60.100006
281,11,404.109985,2945.695312,-1837.137207,-129.998703,3350.000000,-2439.941406,-129.998703,-60.100006
281,12,775.020020,2328.625488,-2094.390381,-129.998703,3350.000000,-2439.941406,-129.998703,-60.100006
281,14,902.979980,3599.881104,-3635.089600,-286.799530,3350.000000,-2439.941406,-129.998703,-60.100006
281,16,590.830017,3414.153809,-3349.759277,-129.998703,3350.000000,-2439.941406,-129.998703,-60.100006
282,1,457.399994,3905.800781,-2961.150635,-286.438721,3350.000000,-2439.941406,-129.998703,-60.100006
282,2,374.690002,3698.786865,-3046.500488,-129.998703,3350.000000,-2439.941406,-129.998703,-60.100006
282,3,432.220001,3516.820801,-3159.175537,-277.826660,3350.000000,-2439.941406,-129.998703,-60.100006
282,4,583.619995,3261.213623,-3362.414307,-129.998703,3350.000000,-2439.941406,-129.998703,-60.100006
282,5,281.570007,3704.234375,-2905.519043,-248.995331,3350.000000,-2439.941406,-129.998703,-60.100006
282,6,213.710007,3543.541748,-2926.976318,-220.316452,3350.000000,-2439.941406,-129.998703,-60.100006
282,7,380.820007,3883.882568,-2179.087158,-260.246826,3350.000000,-2439.941406,-129.998703,-60.100006
282,8,413.089996,2829.708740,-2785.263672,-271.283813,3350.000000,-2439.941406,-129.998703,-60.100006
282,9,583.789978,3579.264648,-1544.223999,-129.998703,3350.000000,-2439.941406,-129.998703,-60.100006
282,10,321.089996,3099.776367,-1844.303589,-129.998703,3350.000000,-2439.941406,-129.998703,-60.100006
282,11,404.109985,2945.695312,-1837.137207,-129.998703,3350.000000,-2439.941406,-129.998703,-60.100006
282,12,775.020020,2328.625488,-2094.390381,-129.998703,3350.000000,-2439.941406,-129.998703,-60.100006
282,14,902.979980,3599.881104,-3635.089600,-286.799530,3350.000000,-2439.941406,-129.998703,-60.100006
282,16,590.830017,3414.153809,-3349.759277,-129.998703,3350.000000,-2439.941406,-129.998703,-60.100006
283,1,457.399994,3905.800781,-2961.150635,-286.438721,3350.000000,-2439.941406,-129.998703,-60.100006
283,2,374.690002,3698.786865,-3046.500488,-129.998703,3350.000000,-2439.941406,-129.998703,-60.100006
283,3,432.220001,3516.820801,-3159.175537,-277.826660,3350.000000,-2439.941406,-129.998703,-60.100006
283,4,583.619995,3261.213623,-3362.414307,-129.998703,3350.000000,-2439.941406,-129.998703,-60.100006
283,5,281.570007,3704.234375,-2905.519043,-248.995331,3350.000000,-2439.941406,-129.998703,-60.100006
283,6,213.710007,3543.541748,-2926.976318,-220.316452,3350.000000,-2439.941406,-129.998703,-60.100006
283,7,380.820007,3883.882568,-2179.087158,-260.246826,3350.000000,-2439.941406,-129.998703,-60.100006
283,8,413.089996,2829.708740,-2785.263672,-271.283813,3350.000000,-2439.941406,-129.998703,-60.100006
283,9,583.789978,3579.264648,-1544.223999,-129.998703,3350.000000,-2439.941406,-129.998703,-60.100006
283,10,321.089996,3099.776367,-1844.303589,-129.998703,3350.000000,-2439.941406,-129.998703,-60.100006
283,11,404.109985,2945.695312,-1837.137207,-129.998703,3350.000000,-2439.941406,-129.998703,-60.100006
283,12,775.020020,2328.625488,-2094.390381,-129.998703,3350.000000,-2439.941406,-129.998703,-60.100006
283,14,902.979980,3599.881104,-3635.089600,-286.799530,3350.000000,-2439.941406,-129.998703,-60.100006
283,16,590.830017,3414.153809,-3349.759277,-129.998703,3350.000000,-2439.941406,-129.998703,-60.100006
284,1,457.399994,3905.800781,-2961.150635,-286.438721,3350.000000,-2439.941406,-129.998703,-60.100006
284,2,374.690002,3698.786865,-3046.500488,-129.998703,3350.000000,-2439.941406,-129.998703,-60.100006
284,3,432.220001,3516.820801,-3159.175537,-277.826660,3350.000000,-2439.941406,-129.998703,-60.100006
284,4,583.619995,3261.213623,-3362.414307,-129.998703,3350.000000,-2439.941406,-129.998703,-60.100006
284,5,281.570007,3704.234375,-2905.519043,-248.995331,3350.000000,-2439.941406,-129.998703,-60.100006
284,6,213.710007,3543.541748,-2926.976318,-220.316452,3350.000000,-2439.941406,-129.998703,-60.100006
284,7,380.820007,3883.882568,-2179.087158,-260.246826,3350.000000,-2439.941406,-129.998703,-60.100006
284,8,413.089996,2829.708740,-2785.263672,-271.283813,3350.000000,-2439.941406,-129.998703,-60.100006
284,9,583.789978,3579.264648,-1544.223999,-129.998703,3350.000000,-2439.941406,-129.998703,-60.100006
284,10,321.089996,3099.776367,-1844.303589,-129.998703,3350.000000,-2439.941406,-129.998703,-60.100006
284,11,404.109985,2945.695312,-1837.137207,-129.998703,3350.000000,-2439.941406,-129.998703,-60.100006
284,12,775.020020,2328.625488,-2094.390381,-129.998703,3350.000000,-2439.941406,-129.998703,-60.100006
284,14,902.979980,3599.881104,-3635.089600,-286.799530,3350.000000,-2439.941406,-129.998703,-60.100006
284,16,590.830017,3414.153809,-3349.759277,-129.998703,3350.000000,-2439.941406,-129.998703,-60.100006
285,1,457.399994,3905.800781,-2961.150635,-286.438721,3350.000000,-2439.941406,-129.998703,-60.100006
285,2,374.690002,3698.786865,-3046.500488,-129.998703,3350.000000,-2439.941406,-129.998703,-60.100006
285,3,432.220001,3516.820801,-3159.175537,-277.826660,3350.000000,-2439.941406,-129.998703,-60.100006
285,4,583.619995,3261.213623,-3362.414307,-129.998703,3350.000000,-2439.941406,-129.998703,-60.100006
285,5,281.570007,3704.234375,-2905.519043,-248.995331,3350.000000,-2439.941406,-129.998703,-60.100006
285,6,213.710007,3543.541748,-2926.976318,-220.316452,3350.000000,-2439.941406,-129.998703,-60.100006
285,7,380.820007,3883.882568,-2179.087158,-260.246826,3350.000000,-2439.941406,-129.998703,-60.100006
285,8,413.089996,2829.708740,-2785.263672,-271.283813,3350.000000,-2439.941406,-129.998703,-60.100006
285,9,583.789978,3579.264648,-1544.223999,-129.998703,3350.000000,-2439.941406,-129.998703,-60.100006
285,10,321.089996,3099.776367,-1844.303589,-129.998703,3350.000000,-2439.941406,-129.998703,-60.100006
285,11,404.109985,2945.695312,-1837.137207,-129.998703,3350.000000,-2439.941406,-129.998703,-60.100006
285,12,775.020020,2328.625488,-2094.390381,-129.998703,3350.000000,-2439.941406,-129.998703,-60.100006
285,14,902.979980,3599.881104,-3635.089600,-286.799530,3350.000000,-2439.941406,-129.998703,-60.100006
285,16,590.830017,3414.153809,-3349.759277,-129.998703,3350.000000,-2439.941406,-129.998703,-60.100006
286,1,457.399994,3905.800781,-2961.150635,-286.438721,3350.000000,-2439.941406,-129.998703,-60.100006
286,2,374.690002,3698.786865,-3046.500488,-129.998703,3350.000000,-2439.941406,-129.998703,-60.100006
286,3,432.220001,3516.820801,-3159.175537,-277.826660,3350.000000,-2439.941406,-129.998703,-60.100006
286,4,583.619995,3261.213623,-3362.414307,-129.998703,3350.000000,-2439.941406,-129.998703,-60.100006
286,5,281.570007,3704.234375,-2905.519043,-248.995331,3350.000000,-2439.941406,-129.998703,-60.100006
286,6,213.710007,3543.541748,-2926.976318,-220.316452,3350.000000,-2439.941406,-129.998703,-60.100006
286,7,380.820007,3883.882568,-2179.087158,-260.246826,3350.000000,-2439.941406,-129.998703,-60.100006
286,8,413.089996,2829.708740,-2785.263672,-271.283813,3350.000000,-2439.941406,-129.998703,-60.100006
286,9,583.789978,3579.264648,-1544.223999,-129.998703,3350.000000,-2439.941406,-129.998703,-60.100006
286,10,321.089996,3099.776367,-1844.303589,-129.998703,3350.000000,-2439.941406,-129.998703,-60.100006
286,11,404.109985,2945.695312,-1837.137207,-129.998703,3350.000000,-2439.941406,-129.998703,-60.100006
286,12,775.020020,2328.625488,-2094.390381,-129.998703,3350.000000,-2439.941406,-129.998703,-60.100006
286,14,902.979980,3599.881104,-3635.089600,-286.799530,3350.000000,-2439.941406,-129.998703,-60.100006
286,16,590.830017,3414.153809,-3349.759277,-129.998703,3350.000000,-2439.941406,-129.998703,-60.100006
287,1,457.399994,3905.800781,-2961.150635,-286.438721,3350.000000,-2439.941406,-129.998703,-60.100006
287,2,374.690002,3698.786865,-3046.500488,-129.998703,3350.000000,-2439.941406,-129.998703,-60.100006
287,3,432.220001,3516.820801,-3159.175537,-277.826660,3350.000000,-2439.941406,-129.998703,-60.100006
287,4,583.619995,3261.213623,-3362.414307,-129.998703,3350.000000,-2439.941406,-129.998703,-60.100006
287,5,281.570007,3704.234375,-2905.519043,-248.995331,3350.000000,-2439.941406,-129.998703,-60.100006
287,6,213.710007,3543.541748,-2926.976318,-220.316452,3350.000000,-2439.941406,-129.998703,-60.100006
287,7,380.820007,3883.882568,-2179.087158,-260.246826,3350.000000,-2439.941406,-129.998703,-60.100006
287,8,413.089996,2829.708740,-2785.263672,-271.283813,3350.000000,-2439.941406,-129.998703,-60.100006
287,9,583.789978,3579.264648,-1544.223999,-129.998703,3350.000000,-2439.941406,-129.998703,-60.100006
287,10,321.089996,3099.776367,-1844.303589,-129.998703,3350.000000,-2439.941406,-129.998703,-60.100006
287,11,404.109985,2945.695312,-1837.137207,-129.998703,3350.000000,-2439.941406,-129.998703,-60.100006
287,12,775.020020,2328.625488,-2094.390381,-129.998703,3350.000000,-2439.941406,-129.998703,-60.100006
287,14,902.979980,3599.881104,-3635.089600,-286.799530,3350.000000,-2439.941406,-129.998703,-60.100006
287,16,590.830017,3414.153809,-3349.759277,-129.998703,3350.000000,-2439.941406,-129.998703,-60.100006
288,1,457.399994,3905.800781,-2961.150635,-286.438721,3350.000000,-2439.941406,-129.998703,-60.100006
288,2,374.690002,3698.786865,-3046.500488,-129.998703,3350.000000,-2439.941406,-129.998703,-60.100006
288,3,432.220001,3516.820801,-3159.175537,-277.826660,3350.000000,-2439.941406,-129.998703,-60.100006
288,4,583.619995,3261.213623,-3362.414307,-129.998703,3350.000000,-2439.941406,-129.998703,-60.100006
288,5,281.570007,3704.234375,-2905.519043,-248.995331,3350.000000,-2439.941406,-129.998703,-60.100006
288,6,213.710007,3543.541748,-2926.976318,-220.316452,3350.000000,-2439.941406,-129.998703,-60.100006
288,7,380.820007,3883.882568,-2179.087158,-260.246826,3350.000000,-2439.941406,-129.998703,-60.100006
288,8,413.089996,2829.708740,-2785.263672,-271.283813,3350.000000,-2439.941406,-129.998703,-60.100006
288,9,583.789978,3579.264648,-1544.223999,-129.998703,3350.000000,-2439.941406,-129.998703,-60.100006
288,10,321.089996,3099.776367,-1844.303589,-129.998703,3350.000000,-2439.941406,-129.998703,-60.100006
288,11,404.109985,2945.695312,-1837.137207,-129.998703,3350.000000,-2439.941406,-129.998703,-60.100006
288,12,775.020020,2328.625488,-2094.390381,-129.998703,3350.000000,-2439.941406,-129.998703,-60.100006
288,14,902.979980,3599.881104,-3635.089600,-286.799530,3350.000000,-2439.941406,-129.998703,-60.100006
288,16,590.830017,3414.153809,-3349.759277,-129.998703,3350.000000,-2439.941406,-129.998703,-60.100006
289,1,457.399994,3905.800781,-2961.150635,-286.438721,3350.000000,-2439.941406,-129.998703,-60.100006
289,2,374.690002,3698.786865,-3046.500488,-129.998703,3350.000000,-2439.941406,-129.998703,-60.100006
289,3,432.220001,3516.820801,-3159.175537,-277.826660,3350.000000,-2439.941406,-129.998703,-60.100006
289,4,583.619995,3261.213623,-3362.414307,-129.998703,3350.000000,-2439.941406,-129.998703,-60.100006
289,5,281.570007,3704.234375,-2905.519043,-248.995331,3350.000000,-2439.941406,-129.998703,-60.100006
289,6,213.710007,3543.541748,-2926.976318,-220.316452,3350.000000,-2439.941406,-129.998703,-60.100006
289,7,380.820007,3883.882568,-2179.087158,-260.246826,3350.000000,-2439.941406,-129.998703,-60.100006
289,8,413.089996,2829.708740,-2785.263672,-271.283813,3350.000000,-2439.941406,-129.998703,-60.100006
289,9,583.789978,3579.264648,-1544.223999,-129.998703,3350.000000,-2439.941406,-129.998703,-60.100006
289,10,321.089996,3099.776367,-1844.303589,-129.998703,3350.000000,-2439.941406,-129.998703,-60.100006
289,11,404.109985,2945.695312,-1837.137207,-129.998703,3350.000000,-2439.941406,-129.998703,-60.100006
289,12,775.020020,2328.625488,-2094.390381,-129.998703,3350.000000,-2439.941406,-129.998703,-60.100006
289,14,902.979980,3599.881104,-3635.089600,-286.799530,3350.000000,-2439.941406,-129.998703,-60.100006
289,16,590.830017,3414.153809,-3349.759277,-129.998703,3350.000000,-2439.941406,-129.998703,-60.100006
290,1,457.399994,3905.800781,-2961.150635,-286.438721,3350.000000,-2439.941406,-129.998703,-60.100006
290,2,374.690002,3698.786865,-3046.500488,-129.998703,3350.000000,-2439.941406,-129.998703,-60.100006
290,3,432.220001,3516.820801,-3159.175537,-277.826660,3350.000000,-2439.941406,-129.998703,-60.100006
290,4,583.619995,3261.213623,-3362.414307,-129.998703,3350.000000,-2439.941406,-129.998703,-60.100006
290,5,281.570007,3704.234375,-2905.519043,-248.995331,3350.000000,-2439.941406,-129.998703,-60.100006
290,6,213.710007,3543.541748,-2926.976318,-220.316452,3350.000000,-2439.941406,-129.998703,-60.100006
290,7,380.820007,3883.882568,-2179.087158,-260.246826,3350.000000,-2439.941406,-129.998703,-60.100006
290,8,413.089996,2829.708740,-2785.263672,-271.283813,3350.000000,-2439.941406,-129.998703,-60.100006
290,9,583.789978,3579.264648,-1544.223999,-129.998703,3350.000000,-2439.941406,-129.998703,-60.100006
290,10,321.089996,3099.776367,-1844.303589,-129.998703,3350.000000,-2439.941406,-129.998703,-60.100006
290,11,404.109985,2945.695312,-1837.137207,-129.998703,3350.000000,-2439.941406,-129.998703,-60.100006
290,12,775.020020,2328.625488,-2094.390381,-129.998703,3350.000000,-2439.941406,-129.998703,-60.100006
290,14,902.979980,3599.881104,-3635.089600,-286.799530,3350.000000,-2439.941406,-129.998703,-60.100006
290,16,590.830017,3414.153809,-3349.759277,-129.998703,3350.000000,-2439.941406,-129.998703,-60.100006
291,1,457.399994,3905.800781,-2961.150635,-286.438721,3350.000000,-2439.941406,-129.998703,-60.100006
291,2,374.690002,3698.786865,-3046.500488,-129.998703,3350.000000,-2439.941406,-129.998703,-60.100006
291,3,432.220001,3516.820801,-3159.175537,-277.826660,3350.000000,-2439.941406,-129.998703,-60.100006
291,4,583.619995,3261.213623,-3362.414307,-129.998703,3350.000000,-2439.941406,-129.998703,-60.100006
291,5,281.570007,3704.234375,-2905.519043,-248.995331,3350.000000,-2439.941406,-129.998703,-60.100006
291,6,213.710007,3543.541748,-2926.976318,-220.316452,3350.000000,-2439.941406,-129.998703,-60.100006
291,7,380.820007,3883.882568,-2179.087158,-260.246826,3350.000000,-2439.941406,-129.998703,-60.100006
291,8,413.089996,2829.708740,-2785.263672,-271.283813,3350.000000,-2439.941406,-129.998703,-60.100006
291,9,583.789978,3579.264648,-1544.223999,-129.998703,3350.000000,-2439.941406,-129.998703,-60.100006
291,10,321.089996,3099.776367,-1844.303589,-129.998703,3350.000000,-2439.941406,-129.998703,-60.100006
291,11,404.109985,2945.695312,-1837.137207,-129.998703,3350.000000,-2439.941406,-129.998703,-60.100006
291,12,775.020020,2328.625488,-2094.390381,-129.998703,3350.000000,-2439.941406,-129.998703,-60.100006
291,14,902.979980,3599.881104,-3635.089600,-286.799530,3350.000000,-2439.941406,-129.998703,-60.100006
291,16,590.830017,3414.153809,-3349.759277,-129.998703,3350.000000,-2439.941406,-129.998703,-60.100006
292,1,260.640015,3824.381104,-2942.056152,-219.142838,3410.009766,-2539.941406,-129.998703,-60.100006
292,2,267.109985,3705.169434,-3053.239746,-129.998703,3410.009766,-2539.941406,-129.998703,-60.100006
292,3,167.750000,3534.102783,-3014.355713,-187.372574,3410.009766,-2539.941406,-129.998703,-60.100006
292,4,593.330017,3321.206299,-3472.124268,-129.998703,3410.009766,-2539.941406,-129.998703,-60.100006
292,5,153.250000,3706.271240,-2904.701172,-194.764954,3410.009766,-2539.941406,-129.998703,-60.100006
292,6,101.550003,3552.879639,-2938.854980,-172.915588,3410.009766,-2539.941406,-129.998703,-60.100006
292,7,383.149994,3945.790283,-2277.995605,-261.043701,3410.009766,-2539.941406,-129.998703,-60.100006
292,8,397.170013,2902.687256,-2877.806396,-265.838837,3410.009766,-2539.941406,-129.998703,-60.100006
292,9,586.070007,3639.674316,-1641.979248,-129.998703,3410.009766,-2539.941406,-129.998703,-60.100006
292,10,295.339996,3172.622070,-1966.626221,-129.998703,3410.009766,-2539.941406,-129.998703,-60.100006
292,11,426.549988,2994.519043,-1917.684082,-129.998703,3410.009766,-2539.941406,-129.998703,-60.100006
292,12,727.969971,2432.819824,-2210.559570,-129.998703,3410.009766,-2539.941406,-129.998703,-60.100006
292,13,231.330002,3811.296631,-2931.037842,-170.168732,3410.009766,-2539.941406,-129.998703,-60.100006
292,14,930.599976,3664.567383,-3761.884766,-291.595703,3410.009766,-2539.941406,-129.998703,-60.100006
292,16,607.320007,3478.403809,-3465.694824,-129.998703,3410.009766,-2539.941406,-129.998703,-60.100006
293,1,260.640015,3824.381104,-2942.056152,-219.142838,3410.009766,-2539.941406,-129.998703,-60.100006
293,2,267.109985,3705.169434,-3053.239746,-129.998703,3410.009766,-2539.941406,-129.998703,-60.100006
293,3,167.750000,3534.102783,-3014.355713,-187.372574,3410.009766,-2539.941406,-129.998703,-60.100006
293,4,593.330017,3321.206299,-3472.124268,-129.998703,3410.009766,-2539.941406,-129.998703,-60.100006
293,5,153.250000,3706.271240,-2904.701172,-194.764954,3410.009766,-2539.941406,-129.998703,-60.100006
293,6,101.550003,3552.879639,-2938.854980,-172.915588,3410.009766,-2539.941406,-129.998703,-60.100006
293,7,383.149994,3945.790283,-2277.995605,-261.043701,3410.009766,-2539.941406,-129.998703,-60.100006
293,8,397.170013,2902.687256,-2877.806396,-265.838837,3410.009766,-2539.941406,-129.998703,-60.100006
293,9,586.070007,3639.674316,-1641.979248,-129.998703,3410.009766,-2539.941406,-129.998703,-60.100006
293,10,295.339996,3172.622070,-1966.626221,-129.998703,3410.009766,-2539.941406,-129.998703,-60.100006
293,11,426.549988,2994.519043,-1917.684082,-129.998703,3410.009766,-2539.941406,-129.998703,-60.100006
293,12,727.969971,2432.819824,-2210.559570,-129.998703,3410.009766,-2539.941406,-129.998703,-60.100006
293,13,231.330002,3811.296631,-2931.037842,-170.168732,3410.009766,-2539.941406,-129.998703,-60.100006
293,14,930.599976,3664.567383,-3761.884766,-291.595703,3410.009766,-2539.941406,-129.998703,-60.100006
293,16,607.320007,3478.403809,-3465.694824,-129.998703,3410.009766,-2539.941406,-129.998703,-60.100006
294,1,260.640015,3824.381104,-2942.056152,-219.142838,3410.009766,-2539.941406,-129.998703,-60.100006
294,2,267.109985,3705.169434,-3053.239746,-129.998703,3410.009766,-2539.941406,-129.998703,-60.100006
294,3,167.750000,3534.102783,-3014.355713,-187.372574,3410.009766,-2539.941406,-129.998703,-60.100006
294,4,593.330017,3321.206299,-3472.124268,-129.998703,3410.009766,-2539.941406,-129.998703,-60.100006
294,5,153.250000,3706.271240,-2904.701172,-194.764954,3410.009766,-2539.941406,-129.998703,-60.100006
294,6,101.550003,3552.879639,-2938.854980,-172.915588,3410.009766,-2539.941406,-129.998703,-60.100006
294,7,383.149994,3945.790283,-2277.995605,-261.043701,3410.009766,-2539.941406,-129.998703,-60.100006
294,8,397.170013,2902.687256,-2877.806396,-265.838837,3410.009766,-2539.941406,-129.998703,-60.100006
294,9,586.070007,3639.674316,-1641.979248,-129.998703,3410.009766,-2539.941406,-129.998703,-60.100006
294,10,295.339996,3172.622070,-1966.626221,-129.998703,3410.009766,-2539.941406,-129.998703,-60.100006
294,11,426.549988,2994.519043,-1917.684082,-129.998703,3410.009766,-2539.941406,-129.998703,-60.100006
294,12,727.969971,2432.819824,-2210.559570,-129.998703,3410.009766,-2539.941406,-129.998703,-60.100006
294,13,231.330002,3811.296631,-2931.037842,-170.168732,3410.009766,-2539.941406,-129.998703,-60.100006
294,14,930.599976,3664.567383,-3761.884766,-291.595703,3410.009766,-2539.941406,-129.998703,-60.100006
294,16,607.320007,3478.403809,-3465.694824,-129.998703,3410.009766,-2539.941406,-129.998703,-60.100006
295,1,260.640015,3824.381104,-2942.056152,-219.142838,3410.009766,-2539.941406,-129.998703,-60.100006
295,2,267.109985,3705.169434,-3053.239746,-129.998703,3410.009766,-2539.941406,-129.998703,-60.100006
295,3,167.750000,3534.102783,-3014.355713,-187.372574,3410.009766,-2539.941406,-129.998703,-60.100006
295,4,593.330017,3321.206299,-3472.124268,-129.998703,3410.009766,-2539.941406,-129.998703,-60.100006
295,5,153.250000,3706.271240,-2904.701172,-194.764954,3410.009766,-2539.941406,-129.998703,-60.100006
295,6,101.550003,3552.879639,-2938.854980,-172.915588,3410.009766,-2539.941406,-129.998703,-60.100006
295,7,383.149994,3945.790283,-2277.995605,-261.043701,3410.009766,-2539.941406,-129.998703,-60.100006
295,8,397.170013,2902.687256,-2877.806396,-265.838837,3410.009766,-2539.941406,-129.998703,-60.100006
295,9,586.070007,3639.674316,-1641.979248,-129.998703,3410.009766,-2539.941406,-129.998703,-60.100006
295,10,295.339996,3172.622070,-1966.626221,-129.998703,3410.009766,-2539.941406,-129.998703,-60.100006
295,11,426.549988,2994.519043,-1917.684082,-129.998703,3410.009766,-2539.941406,-129.998703,-60.100006
295,12,727.969971,2432.819824,-2210.559570,-129.998703,3410.009766,-2539.941406,-129.998703,-60.100006
295,13,231.330002,3811.296631,-2931.037842,-170.168732,3410.009766,-2539.941406,-129.998703,-60.100006
295,14,930.599976,3664.567383,-3761.884766,-291.595703,3410.009766,-2539.941406,-129.998703,-60.100006
295,16,607.320007,3478.403809,-3465.694824,-129.998703,3410.009766,-2539.941406,-129.998703,-60.100006
296,1,260.640015,3824.381104,-2942.056152,-219.142838,3410.009766,-2539.941406,-129.998703,-60.100006
296,2,267.109985,3705.169434,-3053.239746,-129.998703,3410.009766,-2539.941406,-129.998703,-60.100006
296,3,167.750000,3534.102783,-3014.355713,-187.372574,3410.009766,-2539.941406,-129.998703,-60.100006
296,4,593.330017,3321.206299,-3472.124268,-129.998703,3410.009766,-2539.941406,-129.998703,-60.100006
296,5,153.250000,3706.271240,-2904.701172,-194.764954,3410.009766,-2539.941406,-129.998703,-60.100006
296,6,101.550003,3552.879639,-2938.854980,-172.915588,3410.009766,-2539.941406,-129.998703,-60.100006
296,7,383.149994,3945.790283,-2277.995605,-261.043701,3410.009766,-2539.941406,-129.998703,-60.100006
296,8,397.170013,2902.687256,-2877.806396,-265.838837,3410.009766,-2539.941406,-129.998703,-60.100006
296,9,586.070007,3639.674316,-1641.979248,-129.998703,3410.009766,-2539.941406,-129.998703,-60.100006
296,10,295.339996,3172.622070,-1966.626221,-129.998703,3410.009766,-2539.941406,-129.998703,-60.100006
296,11,426.549988,2994.519043,-1917.684082,-129.998703,3410.009766,-2539.941406,-129.998703,-60.100006
296,12,727.969971,2432.819824,-2210.559570,-129.998703,3410.009766,-2539.941406,-129.998703,-60.100006
296,13,231.330002,3811.296631,-2931.037842,-170.168732,3410.009766,-2539.941406,-129.998703,-60.100006
296,14,930.599976,3664.567383,-3761.884766,-291.595703,3410.009766,-2539.941406,-129.998703,-60.100006
296,16,607.320007,3478.403809,-3465.694824,-129.998703,3410.009766,-2539.941406,-129.998703,-60.100006
297,1,260.640015,3824.381104,-2942.056152,-219.142838,3410.009766,-2539.941406,-129.998703,-60.100006
297,2,267.109985,3705.169434,-3053.239746,-129.998703,3410.009766,-2539.941406,-129.998703,-60.100006
297,3,167.750000,3534.102783,-3014.355713,-187.372574,3410.009766,-2539.941406,-129.998703,-60.100006
297,4,593.330017,3321.206299,-3472.124268,-129.998703,3410.009766,-2539.941406,-129.998703,-60.100006
297,5,153.250000,3706.271240,-2904.701172,-194.764954,3410.009766,-2539.941406,-129.998703,-60.100006
297,6,101.550003,3552.879639,-2938.854980,-172.915588,3410.009766,-2539.941406,-129.998703,-60.100006
297,7,383.149994,3945.790283,-2277.995605,-261.043701,3410.009766,-2539.941406,-129.998703,-60.100006
297,8,397.170013,2902.687256,-2877.806396,-265.838837,3410.009766,-2539.941406,-129.998703,-60.100006
297,9,586.070007,3639.674316,-1641.979248,-129.998703,3410.009766,-2539.941406,-129.998703,-60.100006
297,10,295.339996,3172.622070,-1966.626221,-129.998703,3410.009766,-2539.941406,-129.998703,-60.100006
297,11,426.549988,2994.519043,-1917.684082,-129.998703,3410.009766,-2539.941406,-129.998703,-60.100006
297,12,727.969971,2432.819824,-2210.559570,-129.998703,3410.009766,-2539.941406,-129.998703,-60.100006
297,13,231.330002,3811.296631,-2931.037842,-170.168732,3410.009766,-2539.941406,-129.998703,-60.100006
297,14,930.599976,3664.567383,-3761.884766,-291.595703,3410.009766,-2539.941406,-129.998703,-60.100006
297,16,607.320007,3478.403809,-3465.694824,-129.998703,3410.009766,-2539.941406,-129.998703,-60.100006
298,1,260.640015,3824.381104,-2942.056152,-219.142838,3410.009766,-2539.941406,-129.998703,-60.100006
298,2,267.109985,3705.169434,-3053.239746,-129.998703,3410.009766,-2539.941406,-129.998703,-60.100006
298,3,167.750000,3534.102783,-3014.355713,-187.372574,3410.009766,-2539.941406,-129.998703,-60.100006
298,4,593.330017,3321.206299,-3472.124268,-129.998703,3410.009766,-2539.941406,-129.998703,-60.100006
298,5,153.250000,3706.271240,-2904.701172,-194.764954,3410.009766,-2539.941406,-129.998703,-60.100006
298,6,101.550003,3552.879639,-2938.854980,-172.915588,3410.009766,-2539.941406,-129.998703,-60.100006
298,7,383.149994,3945.790283,-2277.995605,-261.043701,3410.009766,-2539.941406,-129.998703,-60.100006
298,8,397.170013,2902.687256,-2877.806396,-265.838837,3410.009766,-2539.941406,-129.998703,-60.100006
298,9,586.070007,3639.674316,-1641.979248,-129.998703,3410.009766,-2539.941406,-129.998703,-60.100006
298,10,295.339996,3172.622070,-1966.626221,-129.998703,3410.009766,-2539.941406,-129.998703,-60.100006
298,11,426.549988,2994.519043,-1917.684082,-129.998703,3410.009766,-2539.941406,-129.998703,-60.100006
298,12,727.969971,2432.819824,-2210.559570,-129.998703,3410.009766,-2539.941406,-129.998703,-60.100006
298,13,231.330002,3811.296631,-2931.037842,-170.168732,3410.009766,-2539.941406,-129.998703,-60.100006
298,14,930.599976,3664.567383,-3761.884766,-291.595703,3410.009766,-2539.941406,-129.998703,-60.100006
298,16,607.320007,3478.403809,-3465.694824,-129.998703,3410.009766,-2539.941406,-129.998703,-60.100006
299,1,260.640015,3824.381104,-2942.056152,-219.142838,3410.009766,-2539.941406,-129.998703,-60.100006
299,2,267.109985,3705.169434,-3053.239746,-129.998703,3410.009766,-2539.941406,-129.998703,-60.100006
299,3,167.750000,3534.102783,-3014.355713,-187.372574,3410.009766,-2539.941406,-129.998703,-60.100006
299,4,593.330017,3321.206299,-3472.124268,-129.998703,3410.009766,-2539.941406,-129.998703,-60.100006
299,5,153.250000,3706.271240,-2904.701172,-194.764954,3410.009766,-2539.941406,-129.998703,-60.100006
299,6,101.550003,3552.879639,-2938.854980,-172.915588,3410.009766,-2539.941406,-129.998703,-60.100006
299,7,383.149994,3945.790283,-2277.995605,-261.043701,3410.009766,-2539.941406,-129.998703,-60.100006
299,8,397.170013,2902.687256,-2877.806396,-265.838837,3410.009766,-2539.941406,-129.998703,-60.100006
299,9,586.070007,3639.674316,-1641.979248,-129.998703,3410.009766,-2539.941406,-129.998703,-60.100006
299,10,295.339996,3172.622070,-1966.626221,-129.998703,3410.009766,-2539.941406,-129.998703,-60.100006
299,11,426.549988,2994.519043,-1917.684082,-129.998703,3410.009766,-2539.941406,-129.998703,-60.100006
299,12,727.969971,2432.819824,-2210.559570,-129.998703,3410.009766,-2539.941406,-129.998703,-60.100006
299,13,231.330002,3811.296631,-2931.037842,-170.168732,3410.009766,-2539.941406,-129.998703,-60.100006
299,14,930.599976,3664.567383,-3761.884766,-291.595703,3410.009766,-2539.941406,-129.998703,-60.100006
299,16,607.320007,3478.403809,-3465.694824,-129.998703,3410.009766,-2539.941406,-129.998703,-60.100006
300,1,260.640015,3824.381104,-2942.056152,-219.142838,3410.009766,-2539.941406,-129.998703,-60.100006
300,2,267.109985,3705.169434,-3053.239746,-129.998703,3410.009766,-2539.941406,-129.998703,-60.100006
300,3,167.750000,3534.102783,-3014.355713,-187.372574,3410.009766,-2539.941406,-129.998703,-60.100006
300,4,593.330017,3321.206299,-3472.124268,-129.998703,3410.009766,-2539.941406,-129.998703,-60.100006
300,5,153.250000,3706.271240,-2904.701172,-194.764954,3410.009766,-2539.941406,-129.998703,-60.100006
300,6,101.550003,3552.879639,-2938.854980,-172.915588,3410.009766,-2539.941406,-129.998703,-60.100006
300,7,383.149994,3945.790283,-2277.995605,-261.043701,3410.009766,-2539.941406,-129.998703,-60.100006
300,8,397.170013,2902.687256,-2877.806396,-265.838837,3410.009766,-2539.941406,-129.998703,-60.100006
300,9,586.070007,3639.674316,-1641.979248,-129.998703,3410.009766,-2539.941406,-129.998703,-60.100006
300,10,295.339996,3172.622070,-1966.626221,-129.998703,3410.009766,-2539.941406,-129.998703,-60.100006
300,11,426.549988,2994.519043,-1917.684082,-129.998703,3410.009766,-2539.941406,-129.998703,-60.100006
300,12,727.969971,2432.819824,-2210.559570,-129.998703,3410.009766,-2539.941406,-129.998703,-60.100006
300,13,231.330002,3811.296631,-2931.037842,-170.168732,3410.009766,-2539.941406,-129.998703,-60.100006
300,14,930.599976,3664.567383,-3761.884766,-291.595703,3410.009766,-2539.941406,-129.998703,-60.100006
300,16,607.320007,3478.403809,-3465.694824,-129.998703,3410.009766,-2539.941406,-129.998703,-60.100006
301,1,260.640015,3824.381104,-2942.056152,-219.142838,3410.009766,-2539.941406,-129.998703,-60.100006
301,2,267.109985,3705.169434,-3053.239746,-129.998703,3410.009766,-2539.941406,-129.998703,-60.100006
301,3,167.750000,3534.102783,-3014.355713,-187.372574,3410.009766,-2539.941406,-129.998703,-60.100006
301,4,593.330017,3321.206299,-3472.124268,-129.998703,3410.009766,-2539.941406,-129.998703,-60.100006
301,5,153.250000,3706.271240,-2904.701172,-194.764954,3410.009766,-2539.941406,-129.998703,-60.100006
301,6,101.550003,3552.879639,-2938.854980,-172.915588,3410.009766,-2539.941406,-129.998703,-60.100006
301,7,383.149994,3945.790283,-2277.995605,-261.043701,3410.009766,-2539.941406,-129.998703,-60.100006
301,8,397.170013,2902.687256,-2877.806396,-265.838837,3410.009766,-2539.941406,-129.998703,-60.100006
301,9,586.070007,3639.674316,-1641.979248,-129.998703,3410.009766,-2539.941406,-129.998703,-60.100006
301,10,295.339996,3172.622070,-1966.626221,-129.998703,3410.009766,-2539.941406,-129.998703,-60.100006
301,11,426.549988,2994.519043,-1917.684082,-129.998703,3410.009766,-2539.941406,-129.998703,-60.100006
301,12,727.969971,2432.819824,-2210.559570,-129.998703,3410.009766,-2539.941406,-129.998703,-60.100006
301,13,231.330002,3811.296631,-2931.037842,-170.168732,3410.009766,-2539.941406,-129.998703,-60.100006
301,14,930.599976,3664.567383,-3761.884766,-291.595703,3410.009766,-2539.941406,-129.998703,-60.100006
301,16,607.320007,3478.403809,-3465.694824,-129.998703,3410.009766,-2539.941406,-129.998703,-60.100006
302,1,260.640015,3824.381104,-2942.056152,-219.142838,3410.009766,-2539.941406,-129.998703,-60.100006
302,2,267.109985,3705.169434,-3053.239746,-129.998703,3410.009766,-2539.941406,-129.998703,-60.100006
302,3,167.750000,3534.102783,-3014.355713,-187.372574,3410.009766,-2539.941406,-129.998703,-60.100006
302,4,593.330017,3321.206299,-3472.124268,-129.998703,3410.009766,-2539.941406,-129.998703,-60.100006
302,5,153.250000,3706.271240,-2904.701172,-194.764954,3410.009766,-2539.941406,-129.998703,-60.100006
302,6,101.550003,3552.879639,-2938.854980,-172.915588,3410.009766,-2539.941406,-129.998703,-60.100006
302,7,383.149994,3945.790283,-2277.995605,-261.043701,3410.009766,-2539.941406,-129.998703,-60.100006
302,8,397.170013,2902.687256,-2877.806396,-265.838837,3410.009766,-2539.941406,-129.998703,-60.100006
302,9,586.070007,3639.674316,-1641.979248,-129.998703,3410.009766,-2539.941406,-129.998703,-60.100006
302,10,295.339996,3172.622070,-1966.626221,-129.998703,3410.009766,-2539.941406,-129.998703,-60.100006
302,11,426.549988,2994.519043,-1917.684082,-129.998703,3410.009766,-2539.941406,-129.998703,-60.100006
302,12,727.969971,2432.819824,-2210.559570,-129.998703,3410.009766,-2539.941406,-129.998703,-60.100006
302,13,231.330002,3811.296631,-2931.037842,-170.168732,3410.009766,-2539.941406,-129.998703,-60.100006
302,14,930.599976,3664.567383,-3761.884766,-291.595703,3410.009766,-2539.941406,-129.998703,-60.100006
302,16,607.320007,3478.403809,-3465.694824,-129.998703,3410.009766,-2539.941406,-129.998703,-60.100006
303,1,260.640015,3824.381104,-2942.056152,-219.142838,3410.009766,-2539.941406,-129.998703,-60.100006
303,2,267.109985,3705.169434,-3053.239746,-129.998703,3410.009766,-2539.941406,-129.998703,-60.100006
303,3,167.750000,3534.102783,-3014.355713,-187.372574,3410.009766,-2539.941406,-129.998703,-60.100006
303,4,593.330017,3321.206299,-3472.124268,-129.998703,3410.009766,-2539.941406,-129.998703,-60.100006
303,5,153.250000,3706.271240,-2904.701172,-194.764954,3410.009766,-2539.941406,-129.998703,-60.100006
303,6,101.550003,3552.879639,-2938.854980,-172.915588,3410.009766,-2539.941406,-129.998703,-60.100006
303,7,383.149994,3945.790283,-2277.995605,-261.043701,3410.009766,-2539.941406,-129.998703,-60.100006
303,8,397.170013,2902.687256,-2877.806396,-265.838837,3410.009766,-2539.941406,-129.998703,-60.100006
303,9,586.070007,3639.674316,-1641.979248,-129.998703,3410.009766,-2539.941406,-129.998703,-60.100006
303,10,295.339996,3172.622070,-1966.626221,-129.998703,3410.009766,-2539.941406,-129.998703,-60.100006
303,11,426.549988,2994.519043,-1917.684082,-129.998703,3410.009766,-2539.941406,-129.998703,-60.100006
303,12,727.969971,2432.819824,-2210.559570,-129.998703,3410.009766,-2539.941406,-129.998703,-60.100006
303,13,231.330002,3811.296631,-2931.037842,-170.168732,3410.009766,-2539.941406,-129.998703,-60.100006
303,14,930.599976,3664.567383,-3761.884766,-291.595703,3410.009766,-2539.941406,-129.998703,-60.100006
303,16,607.320007,3478.403809,-3465.694824,-129.998703,3410.009766,-2539.941406,-129.998703,-60.100006
304,1,70.029999,3747.333496,-2936.742676,-163.960068,3469.970703,-2650.000000,-140.008408,-60.100006
304,2,144.809998,3704.165283,-3057.276855,-140.008408,3469.970703,-2650.000000,-140.008408,-60.100006
304,3,63.380001,3577.201660,-3027.799072,-161.685638,3469.970703,-2650.000000,-140.008408,-60.100006
304,4,561.380005,3381.223145,-3550.232910,-140.008408,3469.970703,-2650.000000,-140.008408,-60.100006
304,5,40.720001,3715.393066,-2926.347656,-157.217422,3469.970703,-2650.000000,-140.008408,-60.100006
304,6,38.150002,3584.197510,-2999.101562,-156.131287,3469.970703,-2650.000000,-140.008408,-60.100006
304,7,406.170013,4024.503662,-2377.271240,-278.926727,3469.970703,-2650.000000,-140.008408,-60.100006
304,8,364.329987,2989.400146,-2972.481934,-264.616608,3469.970703,-2650.000000,-140.008408,-60.100006
304,9,638.760010,3708.875244,-1700.164429,-140.008408,3469.970703,-2650.000000,-140.008408,-60.100006
304,10,224.979996,3267.656738,-2137.679688,-140.008408,3469.970703,-2650.000000,-140.008408,-60.100006
304,11,384.170013,3075.605713,-2064.481689,-140.008408,3469.970703,-2650.000000,-140.008408,-60.100006
304,12,621.739990,2592.540527,-2357.125000,-140.008408,3469.970703,-2650.000000,-140.008408,-60.100006
304,13,130.210007,3795.083740,-2976.952148,-162.619125,3469.970703,-2650.000000,-140.008408,-60.100006
304,16,591.369995,3534.263428,-3560.339600,-140.008408,3469.970703,-2650.000000,-140.008408,-60.100006
305,1,70.029999,3747.333496,-2936.742676,-163.960068,3469.970703,-2650.000000,-140.008408,-60.100006
305,2,144.809998,3704.165283,-3057.276855,-140.008408,3469.970703,-2650.000000,-140.008408,-60.100006
305,3,63.380001,3577.201660,-3027.799072,-161.685638,3469.970703,-2650.000000,-140.008408,-60.100006
305,4,561.380005,3381.223145,-3550.232910,-140.008408,3469.970703,-2650.000000,-140.008408,-60.100006
305,5,40.720001,3715.393066,-2926.347656,-157.217422,3469.970703,-2650.000000,-140.008408,-60.100006
305,6,38.150002,3584.197510,-2999.101562,-156.131287,3469.970703,-2650.000000,-140.008408,-60.100006
305,7,406.170013,4024.503662,-2377.271240,-278.926727,3469.970703,-2650.000000,-140.008408,-60.100006
305,8,364.329987,2989.400146,-2972.481934,-264.616608,3469.970703,-2650.000000,-140.008408,-60.100006
305,9,638.760010,3708.875244,-1700.164429,-140.008408,3469.970703,-2650.000000,-140.008408,-60.100006
305,10,224.979996,3267.656738,-2137.679688,-140.008408,3469.970703,-2650.000000,-140.008408,-60.100006
305,11,384.170013,3075.605713,-2064.481689,-140.008408,3469.970703,-2650.000000,-140.008408,-60.100006
305,12,621.739990,2592.540527,-2357.125000,-140.008408,3469.970703,-2650.000000,-140.008408,-60.100006
305,13,130.210007,3795.083740,-2976.952148,-162.619125,3469.970703,-2650.000000,-140.008408,-60.100006
305,16,591.369995,3534.263428,-3560.339600,-140.008408,3469.970703,-2650.000000,-140.008408,-60.100006
306,1,70.029999,3747.333496,-2936.742676,-163.960068,3469.970703,-2650.000000,-140.008408,-60.100006
306,2,144.809998,3704.165283,-3057.276855,-140.008408,3469.970703,-2650.000000,-140.008408,-60.100006
306,3,63.380001,3577.201660,-3027.799072,-161.685638,3469.970703,-2650.000000,-140.008408,-60.100006
306,4,561.380005,3381.223145,-3550.232910,-140.008408,3469.970703,-2650.000000,-140.008408,-60.100006
306,5,40.720001,3715.393066,-2926.347656,-157.217422,3469.970703,-2650.000000,-140.008408,-60.100006
306,6,38.150002,3584.197510,-2999.101562,-156.131287,3469.970703,-2650.000000,-140.008408,-60.100006
306,7,406.170013,4024.503662,-2377.271240,-278.926727,3469.970703,-2650.000000,-140.008408,-60.100006
306,8,364.329987,2989.400146,-2972.481934,-264.616608,3469.970703,-2650.000000,-140.008408,-60.100006
306,9,638.760010,3708.875244,-1700.164429,-140.008408,3469.970703,-2650.000000,-140.008408,-60.100006
306,10,224.979996,3267.656738,-2137.679688,-140.008408,3469.970703,-2650.000000,-140.008408,-60.100006
306,11,384.170013,3075.605713,-2064.481689,-140.008408,3469.970703,-2650.000000,-140.008408,-60.100006
306,12,621.739990,2592.540527,-2357.125000,-140.008408,3469.970703,-2650.000000,-140.008408,-60.100006
306,13,130.210007,3795.083740,-2976.952148,-162.619125,3469.970703,-2650.000000,-140.008408,-60.100006
306,16,591.369995,3534.263428,-3560.339600,-140.008408,3469.970703,-2650.000000,-140.008408,-60.100006
307,1,70.029999,3747.333496,-2936.742676,-163.960068,3469.970703,-2650.000000,-140.008408,-60.100006
307,2,144.809998,3704.165283,-3057.276855,-140.008408,3469.970703,-2650.000000,-140.008408,-60.100006
307,3,63.380001,3577.201660,-3027.799072,-161.685638,3469.970703,-2650.000000,-140.008408,-60.100006
307,4,561.380005,3381.223145,-3550.232910,-140.008408,3469.970703,-2650.000000,-140.008408,-60.100006
307,5,40.720001,3715.393066,-2926.347656,-157.217422,3469.970703,-2650.000000,-140.008408,-60.100006
307,6,38.150002,3584.197510,-2999.101562,-156.131287,3469.970703,-2650.000000,-140.008408,-60.100006
307,7,406.170013,4024.503662,-2377.271240,-278.926727,3469.970703,-2650.000000,-140.008408,-60.100006
307,8,364.329987,2989.400146,-2972.481934,-264.616608,3469.970703,-2650.000000,-140.008408,-60.100006
307,9,638.760010,3708.875244,-1700.164429,-140.008408,3469.970703,-2650.000000,-140.008408,-60.100006
307,10,224.979996,3267.656738,-2137.679688,-140.008408,3469.970703,-2650.000000,-140.008408,-60.100006
307,11,384.170013,3075.605713,-2064.481689,-140.008408,3469.970703,-2650.000000,-140.008408,-60.100006
307,12,621.739990,2592.540527,-2357.125000,-140.008408,3469.970703,-2650.000000,-140.008408,-60.100006
307,13,130.210007,3795.083740,-2976.952148,-162.619125,3469.970703,-2650.000000,-140.008408,-60.100006
307,16,591.369995,3534.263428,-3560.339600,-140.008408,3469.970703,-2650.000000,-140.008408,-60.100006
308,1,70.029999,3747.333496,-2936.742676,-163.960068,3469.970703,-2650.000000,-140.008408,-60.100006
308,2,144.809998,3704.165283,-3057.276855,-140.008408,3469.970703,-2650.000000,-140.008408,-60.100006
308,3,63.380001,3577.201660,-3027.799072,-161.685638,3469.970703,-2650.000000,-140.008408,-60.100006
308,4,561.380005,3381.223145,-3550.232910,-140.008408,3469.970703,-2650.000000,-140.008408,-60.100006
308,5,40.720001,3715.393066,-2926.347656,-157.217422,3469.970703,-2650.000000,-140.008408,-60.100006
308,6,38.150002,3584.197510,-2999.101562,-156.131287,3469.970703,-2650.000000,-140.008408,-60.100006
308,7,406.170013,4024.503662,-2377.271240,-278.926727,3469.970703,-2650.000000,-140.008408,-60.100006
308,8,364.329987,2989.400146,-2972.481934,-264.616608,3469.970703,-2650.000000,-140.008408,-60.100006
308,9,638.760010,3708.875244,-1700.164429,-140.008408,3469.970703,-2650.000000,-140.008408,-60.100006
308,10,224.979996,3267.656738,-2137.679688,-140.008408,3469.970703,-2650.000000,-140.008408,-60.100006
308,11,384.170013,3075.605713,-2064.481689,-140.008408,3469.970703,-2650.000000,-140.008408,-60.100006
308,12,621.739990,2592.540527,-2357.125000,-140.008408,3469.970703,-2650.000000,-140.008408,-60.100006
308,13,130.210007,3795.083740,-2976.952148,-162.619125,3469.970703,-2650.000000,-140.008408,-60.100006
308,16,591.369995,3534.263428,-3560.339600,-140.008408,3469.970703,-2650.000000,-140.008408,-60.100006
309,1,70.029999,3747.333496,-2936.742676,-163.960068,3469.970703,-2650.000000,-140.008408,-60.100006
309,2,144.809998,3704.165283,-3057.276855,-140.008408,3469.970703,-2650.000000,-140.008408,-60.100006
309,3,63.380001,3577.201660,-3027.799072,-161.685638,3469.970703,-2650.000000,-140.008408,-60.100006
309,4,561.380005,3381.223145,-3550.232910,-140.008408,3469.970703,-2650.000000,-140.008408,-60.100006
309,5,40.720001,3715.393066,-2926.347656,-157.217422,3469.970703,-2650.000000,-140.008408,-60.100006
309,6,38.150002,3584.197510,-2999.101562,-156.131287,3469.970703,-2650.000000,-140.008408,-60.100006
309,7,406.170013,4024.503662,-2377.271240,-278.926727,3469.970703,-2650.000000,-140.008408,-60.100006
309,8,364.329987,2989.400146,-2972.481934,-264.616608,3469.970703,-2650.000000,-140.008408,-60.100006
309,9,638.760010,3708.875244,-1700.164429,-140.008408,3469.970703,-2650.000000,-140.008408,-60.100006
309,10,224.979996,3267.656738,-2137.679688,-140.008408,3469.970703,-2650.000000,-140.008408,-60.100006
309,11,384.170013,3075.605713,-2064.481689,-140.008408,3469.970703,-2650.000000,-140.008408,-60.100006
309,12,621.739990,2592.540527,-2357.125000,-140.008408,3469.970703,-2650.000000,-140.008408,-60.100006
309,13,130.210007,3795.083740,-2976.952148,-162.619125,3469.970703,-2650.000000,-140.008408,-60.100006
309,16,591.369995,3534.263428,-3560.339600,-140.008408,3469.970703,-2650.000000,-140.008408,-60.100006
310,1,70.029999,3747.333496,-2936.742676,-163.960068,3469.970703,-2650.000000,-140.008408,-60.100006
310,2,144.809998,3704.165283,-3057.276855,-140.008408,3469.970703,-2650.000000,-140.008408,-60.100006
310,3,63.380001,3577.201660,-3027.799072,-161.685638,3469.970703,-2650.000000,-140.008408,-60.100006
310,4,561.380005,3381.223145,-3550.232910,-140.008408,3469.970703,-2650.000000,-140.008408,-60.100006
310,5,40.720001,3715.393066,-2926.347656,-157.217422,3469.970703,-2650.000000,-140.008408,-60.100006
310,6,38.150002,3584.197510,-2999.101562,-156.131287,3469.970703,-2650.000000,-140.008408,-60.100006
310,7,406.170013,4024.503662,-2377.271240,-278.926727,3469.970703,-2650.000000,-140.008408,-60.100006
310,8,364.329987,2989.400146,-2972.481934,-264.616608,3469.970703,-2650.000000,-140.008408,-60.100006
310,9,638.760010,3708.875244,-1700.164429,-140.008408,3469.970703,-2650.000000,-140.008408,-60.100006
310,10,224.979996,3267.656738,-2137.679688,-140.008408,3469.970703,-2650.000000,-140.008408,-60.100006
310,11,384.170013,3075.605713,-2064.481689,-140.008408,3469.970703,-2650.000000,-140.008408,-60.100006
310,12,621.739990,2592.540527,-2357.125000,-140.008408,3469.970703,-2650.000000,-140.008408,-60.100006
310,13,130.210007,3795.083740,-2976.952148,-162.619125,3469.970703,-2650.000000,-140.008408,-60.100006
310,16,591.369995,3534.263428,-3560.339600,-140.008408,3469.970703,-2650.000000,-140.008408,-60.100006
311,1,70.029999,3747.333496,-2936.742676,-163.960068,3469.970703,-2650.000000,-140.008408,-60.100006
311,2,144.809998,3704.165283,-3057.276855,-140.008408,3469.970703,-2650.000000,-140.008408,-60.100006
311,3,63.380001,3577.201660,-3027.799072,-161.685638,3469.970703,-2650.000000,-140.008408,-60.100006
311,4,561.380005,3381.223145,-3550.232910,-140.008408,3469.970703,-2650.000000,-140.008408,-60.100006
311,5,40.720001,3715.393066,-2926.347656,-157.217422,3469.970703,-2650.000000,-140.008408,-60.100006
311,6,38.150002,3584.197510,-2999.101562,-156.131287,3469.970703,-2650.000000,-140.008408,-60.100006
311,7,406.170013,4024.503662,-2377.271240,-278.926727,3469.970703,-2650.000000,-140.008408,-60.100006
311,8,364.329987,2989.400146,-2972.481934,-264.616608,3469.970703,-2650.000000,-140.008408,-60.100006
311,9,638.760010,3708.875244,-1700.164429,-140.008408,3469.970703,-2650.000000,-140.008408,-60.100006
311,10,224.979996,3267.656738,-2137.679688,-140.008408,3469.970703,-2650.000000,-140.008408,-60.100006
311,11,384.170013,3075.605713,-2064.481689,-140.008408,3469.970703,-2650.000000,-140.008408,-60.100006
311,12,621.739990,2592.540527,-2357.125000,-140.008408,3469.970703,-2650.000000,-140.008408,-60.100006
311,13,130.210007,3795.083740,-2976.952148,-162.619125,3469.970703,-2650.000000,-140.008408,-60.100006
311,16,591.369995,3534.263428,-3560.339600,-140.008408,3469.970703,-2650.000000,-140.008408,-60.100006
312,1,70.029999,3747.333496,-2936.742676,-163.960068,3469.970703,-2650.000000,-140.008408,-60.100006
312,2,144.809998,3704.165283,-3057.276855,-140.008408,3469.970703,-2650.000000,-140.008408,-60.100006
312,3,63.380001,3577.201660,-3027.799072,-161.685638,3469.970703,-2650.000000,-140.008408,-60.100006
312,4,561.380005,3381.223145,-3550.232910,-140.008408,3469.970703,-2650.000000,-140.008408,-60.100006
312,5,40.720001,3715.393066,-2926.347656,-157.217422,3469.970703,-2650.000000,-140.008408,-60.100006
312,6,38.150002,3584.197510,-2999.101562,-156.131287,3469.970703,-2650.000000,-140.008408,-60.100006
312,7,406.170013,4024.503662,-2377.271240,-278.926727,3469.970703,-2650.000000,-140.008408,-60.100006
312,8,364.329987,2989.400146,-2972.481934,-264.616608,3469.970703,-2650.000000,-140.008408,-60.100006
312,9,638.760010,3708.875244,-1700.164429,-140.008408,3469.970703,-2650.000000,-140.008408,-60.100006
312,10,224.979996,3267.656738,-2137.679688,-140.008408,3469.970703,-2650.000000,-140.008408,-60.100006
312,11,384.170013,3075.605713,-2064.481689,-140.008408,3469.970703,-2650.000000,-140.008408,-60.100006
312,12,621.739990,2592.540527,-2357.125000,-140.008408,3469.970703,-2650.000000,-140.008408,-60.100006
312,13,130.210007,3795.083740,-2976.952148,-162.619125,3469.970703,-2650.000000,-140.008408,-60.100006
312,16,591.369995,3534.263428,-3560.339600,-140.008408,3469.970703,-2650.000000,-140.008408,-60.100006
313,1,70.029999,3747.333496,-2936.742676,-163.960068,3469.970703,-2650.000000,-140.008408,-60.100006
313,2,144.809998,3704.165283,-3057.276855,-140.008408,3469.970703,-2650.000000,-140.008408,-60.100006
313,3,63.380001,3577.201660,-3027.799072,-161.685638,3469.970703,-2650.000000,-140.008408,-60.100006
313,4,561.380005,3381.223145,-3550.232910,-140.008408,3469.970703,-2650.000000,-140.008408,-60.100006
313,5,40.720001,3715.393066,-2926.347656,-157.217422,3469.970703,-2650.000000,-140.008408,-60.100006
313,6,38.150002,3584.197510,-2999.101562,-156.131287,3469.970703,-2650.000000,-140.008408,-60.100006
313,7,406.170013,4024.503662,-2377.271240,-278.926727,3469.970703,-2650.000000,-140.008408,-60.100006
313,8,364.329987,2989.400146,-2972.481934,-264.616608,3469.970703,-2650.000000,-140.008408,-60.100006
313,9,638.760010,3708.875244,-1700.164429,-140.008408,3469.970703,-2650.000000,-140.008408,-60.100006
313,10,224.979996,3267.656738,-2137.679688,-140.008408,3469.970703,-2650.000000,-140.008408,-60.100006
313,11,384.170013,3075.605713,-2064.481689,-140.008408,3469.970703,-2650.000000,-140.008408,-60.100006
313,12,621.739990,2592.540527,-2357.125000,-140.008408,3469.970703,-2650.000000,-140.008408,-60.100006
313,13,130.210007,3795.083740,-2976.952148,-162.619125,3469.970703,-2650.000000,-140.008408,-60.100006
313,16,591.369995,3534.263428,-3560.339600,-140.008408,3469.970703,-2650.000000,-140.008408,-60.100006
314,1,84.370003,3817.498779,-2926.816406,-158.854935,3479.980469,-2689.941406,-129.998703,-49.400009
314,3,587.260010,3828.698242,-3502.071533,-330.853455,3479.980469,-2689.941406,-129.998703,-49.400009
314,5,77.809998,3794.319824,-2941.440430,-162.882629,3479.980469,-2689.941406,-129.998703,-49.400009
314,6,156.940002,3727.100098,-3093.508545,-196.324417,3479.980469,-2689.941406,-129.998703,-49.400009
314,7,465.070007,4016.259277,-2282.977295,-289.062012,3479.980469,-2689.941406,-129.998703,-49.400009
314,8,380.540009,3056.074219,-3105.955078,-260.151062,3479.980469,-2689.941406,-129.998703,-49.400009
314,10,212.350006,3194.282715,-2233.681396,-129.998703,3479.980469,-2689.941406,-129.998703,-49.400009
314,11,177.899994,3117.996582,-2344.438965,-129.998703,3479.980469,-2689.941406,-129.998703,-49.400009
314,12,633.239990,2552.083740,-2563.189941,-129.998703,3479.980469,-2689.941406,-129.998703,-49.400009
314,13,145.580002,3873.331787,-2958.276611,-155.278397,3479.980469,-2689.941406,-129.998703,-49.400009
315,1,84.370003,3817.498779,-2926.816406,-158.854935,3479.980469,-2689.941406,-129.998703,-49.400009
315,3,587.260010,3828.698242,-3502.071533,-330.853455,3479.980469,-2689.941406,-129.998703,-49.400009
315,5,77.809998,3794.319824,-2941.440430,-162.882629,3479.980469,-2689.941406,-129.998703,-49.400009
315,6,156.940002,3727.100098,-3093.508545,-196.324417,3479.980469,-2689.941406,-129.998703,-49.400009
315,7,465.070007,4016.259277,-2282.977295,-289.062012,3479.980469,-2689.941406,-129.998703,-49.400009
315,8,380.540009,3056.074219,-3105.955078,-260.151062,3479.980469,-2689.941406,-129.998703,-49.400009
315,10,212.350006,3194.282715,-2233.681396,-129.998703,3479.980469,-2689.941406,-129.998703,-49.400009
315,11,177.899994,3117.996582,-2344.438965,-129.998703,3479.980469,-2689.941406,-129.998703,-49.400009
315,12,633.239990,2552.083740,-2563.189941,-129.998703,3479.980469,-2689.941406,-129.998703,-49.400009
315,13,145.580002,3873.331787,-2958.276611,-155.278397,3479.980469,-2689.941406,-129.998703,-49.400009
316,1,84.370003,3817.498779,-2926.816406,-158.854935,3479.980469,-2689.941406,-129.998703,-49.400009
316,3,587.260010,3828.698242,-3502.071533,-330.853455,3479.980469,-2689.941406,-129.998703,-49.400009
316,5,77.809998,3794.319824,-2941.440430,-162.882629,3479.980469,-2689.941406,-129.998703,-49.400009
316,6,156.940002,3727.100098,-3093.508545,-196.324417,3479.980469,-2689.941406,-129.998703,-49.400009
316,7,465.070007,4016.259277,-2282.977295,-289.062012,3479.980469,-2689.941406,-129.998703,-49.400009
316,8,380.540009,3056.074219,-3105.955078,-260.151062,3479.980469,-2689.941406,-129.998703,-49.400009
316,10,212.350006,3194.282715,-2233.681396,-129.998703,3479.980469,-2689.941406,-129.998703,-49.400009
316,11,177.899994,3117.996582,-2344.438965,-129.998703,3479.980469,-2689.941406,-129.998703,-49.400009
316,12,633.239990,2552.083740,-2563.189941,-129.998703,3479.980469,-2689.941406,-129.998703,-49.400009
316,13,145.580002,3873.331787,-2958.276611,-155.278397,3479.980469,-2689.941406,-129.998703,-49.400009
317,1,84.370003,3817.498779,-2926.816406,-158.854935,3479.980469,-2689.941406,-129.998703,-49.400009
317,3,587.260010,3828.698242,-3502.071533,-330.853455,3479.980469,-2689.941406,-129.998703,-49.400009
317,5,77.809998,3794.319824,-2941.440430,-162.882629,3479.980469,-2689.941406,-129.998703,-49.400009
317,6,156.940002,3727.100098,-3093.508545,-196.324417,3479.980469,-2689.941406,-129.998703,-49.400009
317,7,465.070007,4016.259277,-2282.977295,-289.062012,3479.980469,-2689.941406,-129.998703,-49.400009
317,8,380.540009,3056.074219,-3105.955078,-260.151062,3479.980469,-2689.941406,-129.998703,-49.400009
317,10,212.350006,3194.282715,-2233.681396,-129.998703,3479.980469,-2689.941406,-129.998703,-49.400009
317,11,177.899994,3117.996582,-2344.438965,-129.998703,3479.980469,-2689.941406,-129.998703,-49.400009
317,12,633.239990,2552.083740,-2563.189941,-129.998703,3479.980469,-2689.941406,-129.998703,-49.400009
317,13,145.580002,3873.331787,-2958.276611,-155.278397,3479.980469,-2689.941406,-129.998703,-49.400009
318,1,84.370003,3817.498779,-2926.816406,-158.854935,3479.980469,-2689.941406,-129.998703,-49.400009
318,3,587.260010,3828.698242,-3502.071533,-330.853455,3479.980469,-2689.941406,-129.998703,-49.400009
318,5,77.809998,3794.319824,-2941.440430,-162.882629,3479.980469,-2689.941406,-129.998703,-49.400009
318,6,156.940002,3727.100098,-3093.508545,-196.324417,3479.980469,-2689.941406,-129.998703,-49.400009
318,7,465.070007,4016.259277,-2282.977295,-289.062012,3479.980469,-2689.941406,-129.998703,-49.400009
318,8,380.540009,3056.074219,-3105.955078,-260.151062,3479.980469,-2689.941406,-129.998703,-49.400009
318,10,212.350006,3194.282715,-2233.681396,-129.998703,3479.980469,-2689.941406,-129.998703,-49.400009
318,11,177.899994,3117.996582,-2344.438965,-129.998703,3479.980469,-2689.941406,-129.998703,-49.400009
318,12,633.239990,2552.083740,-2563.189941,-129.998703,3479.980469,-2689.941406,-129.998703,-49.400009
318,13,145.580002,3873.331787,-2958.276611,-155.278397,3479.980469,-2689.941406,-129.998703,-49.400009
319,1,84.370003,3817.498779,-2926.816406,-158.854935,3479.980469,-2689.941406,-129.998703,-49.400009
319,3,587.260010,3828.698242,-3502.071533,-330.853455,3479.980469,-2689.941406,-129.998703,-49.400009
319,5,77.809998,3794.319824,-2941.440430,-162.882629,3479.980469,-2689.941406,-129.998703,-49.400009
319,6,156.940002,3727.100098,-3093.508545,-196.324417,3479.980469,-2689.941406,-129.998703,-49.400009
319,7,465.070007,4016.259277,-2282.977295,-289.062012,3479.980469,-2689.941406,-129.998703,-49.400009
319,8,380.540009,3056.074219,-3105.955078,-260.151062,3479.980469,-2689.941406,-129.998703,-49.400009
319,10,212.350006,3194.282715,-2233.681396,-129.998703,3479.980469,-2689.941406,-129.998703,-49.400009
319,11,177.899994,3117.996582,-2344.438965,-129.998703,3479.980469,-2689.941406,-129.998703,-49.400009
319,12,633.239990,2552.083740,-2563.189941,-129.998703,3479.980469,-2689.941406,-129.998703,-49.400009
319,13,145.580002,3873.331787,-2958.276611,-155.278397,3479.980469,-2689.941406,-129.998703,-49.400009
320,1,84.370003,3817.498779,-2926.816406,-158.854935,3479.980469,-2689.941406,-129.998703,-49.400009
320,3,587.260010,3828.698242,-3502.071533,-330.853455,3479.980469,-2689.941406,-129.998703,-49.400009
320,5,77.809998,3794.319824,-2941.440430,-162.882629,3479.980469,-2689.941406,-129.998703,-49.400009
320,6,156.940002,3727.100098,-3093.508545,-196.324417,3479.980469,-2689.941406,-129.998703,-49.400009
320,7,465.070007,4016.259277,-2282.977295,-289.062012,3479.980469,-2689.941406,-129.998703,-49.400009
320,8,380.540009,3056.074219,-3105.955078,-260.151062,3479.980469,-2689.941406,-129.998703,-49.400009
320,10,212.350006,3194.282715,-2233.681396,-129.998703,3479.980469,-2689.941406,-129.998703,-49.400009
320,11,177.899994,3117.996582,-2344.438965,-129.998703,3479.980469,-2689.941406,-129.998703,-49.400009
320,12,633.239990,2552.083740,-2563.189941,-129.998703,3479.980469,-2689.941406,-129.998703,-49.400009
320,13,145.580002,3873.331787,-2958.276611,-155.278397,3479.980469,-2689.941406,-129.998703,-49.400009
321,1,84.370003,3817.498779,-2926.816406,-158.854935,3479.980469,-2689.941406,-129.998703,-49.400009
321,3,587.260010,3828.698242,-3502.071533,-330.853455,3479.980469,-2689.941406,-129.998703,-49.400009
321,5,77.809998,3794.319824,-2941.440430,-162.882629,3479.980469,-2689.941406,-129.998703,-49.400009
321,6,156.940002,3727.100098,-3093.508545,-196.324417,3479.980469,-2689.941406,-129.998703,-49.400009
321,7,465.070007,4016.259277,-2282.977295,-289.062012,3479.980469,-2689.941406,-129.998703,-49.400009
321,8,380.540009,3056.074219,-3105.955078,-260.151062,3479.980469,-2689.941406,-129.998703,-49.400009
321,10,212.350006,3194.282715,-2233.681396,-129.998703,3479.980469,-2689.941406,-129.998703,-49.400009
321,11,177.899994,3117.996582,-2344.438965,-129.998703,3479.980469,-2689.941406,-129.998703,-49.400009
321,12,633.239990,2552.083740,-2563.189941,-129.998703,3479.980469,-2689.941406,-129.998703,-49.400009
321,13,145.580002,3873.331787,-2958.276611,-155.278397,3479.980469,-2689.941406,-129.998703,-49.400009
322,1,84.370003,3817.498779,-2926.816406,-158.854935,3479.980469,-2689.941406,-129.998703,-49.400009
322,3,587.260010,3828.698242,-3502.071533,-330.853455,3479.980469,-2689.941406,-129.998703,-49.400009
322,5,77.809998,3794.319824,-2941.440430,-162.882629,3479.980469,-2689.941406,-129.998703,-49.400009
322,6,156.940002,3727.100098,-3093.508545,-196.324417,3479.980469,-2689.941406,-129.998703,-49.400009
322,7,465.070007,4016.259277,-2282.977295,-289.062012,3479.980469,-2689.941406,-129.998703,-49.400009
322,8,380.540009,3056.074219,-3105.955078,-260.151062,3479.980469,-2689.941406,-129.998703,-49.400009
322,10,212.350006,3194.282715,-2233.681396,-129.998703,3479.980469,-2689.941406,-129.998703,-49.400009
322,11,177.899994,3117.996582,-2344.438965,-129.998703,3479.980469,-2689.941406,-129.998703,-49.400009
322,12,633.239990,2552.083740,-2563.189941,-129.998703,3479.980469,-2689.941406,-129.998703,-49.400009
322,13,145.580002,3873.331787,-2958.276611,-155.278397,3479.980469,-2689.941406,-129.998703,-49.400009
323,1,84.370003,3817.498779,-2926.816406,-158.854935,3479.980469,-2689.941406,-129.998703,-49.400009
323,3,587.260010,3828.698242,-3502.071533,-330.853455,3479.980469,-2689.941406,-129.998703,-49.400009
323,5,77.809998,3794.319824,-2941.440430,-162.882629,3479.980469,-2689.941406,-129.998703,-49.400009
323,6,156.940002,3727.100098,-3093.508545,-196.324417,3479.980469,-2689.941406,-129.998703,-49.400009
323,7,465.070007,4016.259277,-2282.977295,-289.062012,3479.980469,-2689.941406,-129.998703,-49.400009
323,8,380.540009,3056.074219,-3105.955078,-260.151062,3479.980469,-2689.941406,-129.998703,-49.400009
323,10,212.350006,3194.282715,-2233.681396,-129.998703,3479.980469,-2689.941406,-129.998703,-49.400009
323,11,177.899994,3117.996582,-2344.438965,-129.998703,3479.980469,-2689.941406,-129.998703,-49.400009
323,12,633.239990,2552.083740,-2563.189941,-129.998703,3479.980469,-2689.941406,-129.998703,-49.400009
323,13,145.580002,3873.331787,-2958.276611,-155.278397,3479.980469,-2689.941406,-129.998703,-49.400009
324,1,84.370003,3817.498779,-2926.816406,-158.854935,3479.980469,-2689.941406,-129.998703,-49.400009
324,3,587.260010,3828.698242,-3502.071533,-330.853455,3479.980469,-2689.941406,-129.998703,-49.400009
324,5,77.809998,3794.319824,-2941.440430,-162.882629,3479.980469,-2689.941406,-129.998703,-49.400009
324,6,156.940002,3727.100098,-3093.508545,-196.324417,3479.980469,-2689.941406,-129.998703,-49.400009
324,7,465.070007,4016.259277,-2282.977295,-289.062012,3479.980469,-2689.941406,-129.998703,-49.400009
324,8,380.540009,3056.074219,-3105.955078,-260.151062,3479.980469,-2689.941406,-129.998703,-49.400009
324,10,212.350006,3194.282715,-2233.681396,-129.998703,3479.980469,-2689.941406,-129.998703,-49.400009
324,11,177.899994,3117.996582,-2344.438965,-129.998703,3479.980469,-2689.941406,-129.998703,-49.400009
324,12,633.239990,2552.083740,-2563.189941,-129.998703,3479.980469,-2689.941406,-129.998703,-49.400009
324,13,145.580002,3873.331787,-2958.276611,-155.278397,3479.980469,-2689.941406,-129.998703,-49.400009
325,1,84.370003,3817.498779,-2926.816406,-158.854935,3479.980469,-2689.941406,-129.998703,-49.400009
325,3,587.260010,3828.698242,-3502.071533,-330.853455,3479.980469,-2689.941406,-129.998703,-49.400009
325,5,77.809998,3794.319824,-2941.440430,-162.882629,3479.980469,-2689.941406,-129.998703,-49.400009
325,6,156.940002,3727.100098,-3093.508545,-196.324417,3479.980469,-2689.941406,-129.998703,-49.400009
325,7,465.070007,4016.259277,-2282.977295,-289.062012,3479.980469,-2689.941406,-129.998703,-49.400009
325,8,380.540009,3056.074219,-3105.955078,-260.151062,3479.980469,-2689.941406,-129.998703,-49.400009
325,10,212.350006,3194.282715,-2233.681396,-129.998703,3479.980469,-2689.941406,-129.998703,-49.400009
325,11,177.899994,3117.996582,-2344.438965,-129.998703,3479.980469,-2689.941406,-129.998703,-49.400009
325,12,633.239990,2552.083740,-2563.189941,-129.998703,3479.980469,-2689.941406,-129.998703,-49.400009
325,13,145.580002,3873.331787,-2958.276611,-155.278397,3479.980469,-2689.941406,-129.998703,-49.400009
326,1,84.370003,3817.498779,-2926.816406,-158.854935,3479.980469,-2689.941406,-129.998703,-49.400009
326,3,587.260010,3828.698242,-3502.071533,-330.853455,3479.980469,-2689.941406,-129.998703,-49.400009
326,5,77.809998,3794.319824,-2941.440430,-162.882629,3479.980469,-2689.941406,-129.998703,-49.400009
326,6,156.940002,3727.100098,-3093.508545,-196.324417,3479.980469,-2689.941406,-129.998703,-49.400009
326,7,465.070007,4016.259277,-2282.977295,-289.062012,3479.980469,-2689.941406,-129.998703,-49.400009
326,8,380.540009,3056.074219,-3105.955078,-260.151062,3479.980469,-2689.941406,-129.998703,-49.400009
326,10,212.350006,3194.282715,-2233.681396,-129.998703,3479.980469,-2689.941406,-129.998703,-49.400009
326,11,177.899994,3117.996582,-2344.438965,-129.998703,3479.980469,-2689.941406,-129.998703,-49.400009
326,12,633.239990,2552.083740,-2563.189941,-129.998703,3479.980469,-2689.941406,-129.998703,-49.400009
326,13,145.580002,3873.331787,-2958.276611,-155.278397,3479.980469,-2689.941406,-129.998703,-49.400009
327,1,131.910004,3842.758789,-2964.035645,-175.114578,3469.970703,-2700.000000,-129.998703,-50.199997
327,3,712.369995,3847.139404,-3627.534424,-373.643585,3469.970703,-2700.000000,-129.998703,-50.199997
327,5,90.510002,3788.135742,-2964.706299,-168.249878,3469.970703,-2700.000000,-129.998703,-50.199997
327,6,180.220001,3724.937256,-3123.187988,-206.162964,3469.970703,-2700.000000,-129.998703,-50.199997
327,7,434.670013,3989.931885,-2318.848877,-278.664612,3469.970703,-2700.000000,-129.998703,-50.199997
327,8,432.369995,3002.878906,-3141.230469,-277.877960,3469.970703,-2700.000000,-129.998703,-50.199997
327,10,160.330002,3223.969482,-2279.761719,-129.998703,3469.970703,-2700.000000,-129.998703,-50.199997
327,11,150.630005,3130.301758,-2370.428223,-129.998703,3469.970703,-2700.000000,-129.998703,-50.199997
327,12,657.500000,2520.057617,-2556.009521,-129.998703,3469.970703,-2700.000000,-129.998703,-50.199997
328,1,131.910004,3842.758789,-2964.035645,-175.114578,3469.970703,-2700.000000,-129.998703,-50.199997
328,3,712.369995,3847.139404,-3627.534424,-373.643585,3469.970703,-2700.000000,-129.998703,-50.199997
328,5,90.510002,3788.135742,-2964.706299,-168.249878,3469.970703,-2700.000000,-129.998703,-50.199997
328,6,180.220001,3724.937256,-3123.187988,-206.162964,3469.970703,-2700.000000,-129.998703,-50.199997
328,7,434.670013,3989.931885,-2318.848877,-278.664612,3469.970703,-2700.000000,-129.998703,-50.199997
328,8,432.369995,3002.878906,-3141.230469,-277.877960,3469.970703,-2700.000000,-129.998703,-50.199997
328,10,160.330002,3223.969482,-2279.761719,-129.998703,3469.970703,-2700.000000,-129.998703,-50.199997
328,11,150.630005,3130.301758,-2370.428223,-129.998703,3469.970703,-2700.000000,-129.998703,-50.199997
328,12,657.500000,2520.057617,-2556.009521,-129.998703,3469.970703,-2700.000000,-129.998703,-50.199997
329,1,131.910004,3842.758789,-2964.035645,-175.114578,3469.970703,-2700.000000,-129.998703,-50.199997
329,3,712.369995,3847.139404,-3627.534424,-373.643585,3469.970703,-2700.000000,-129.998703,-50.199997
329,5,90.510002,3788.135742,-2964.706299,-168.249878,3469.970703,-2700.000000,-129.998703,-50.199997
329,6,180.220001,3724.937256,-3123.187988,-206.162964,3469.970703,-2700.000000,-129.998703,-50.199997
329,7,434.670013,3989.931885,-2318.848877,-278.664612,3469.970703,-2700.000000,-129.998703,-50.199997
329,8,432.369995,3002.878906,-3141.230469,-277.877960,3469.970703,-2700.000000,-129.998703,-50.199997
329,10,160.330002,3223.969482,-2279.761719,-129.998703,3469.970703,-2700.000000,-129.998703,-50.199997
329,11,150.630005,3130.301758,-2370.428223,-129.998703,3469.970703,-2700.000000,-129.998703,-50.199997
329,12,657.500000,2520.057617,-2556.009521,-129.998703,3469.970703,-2700.000000,-129.998703,-50.199997
330,1,131.910004,3842.758789,-2964.035645,-175.114578,3469.970703,-2700.000000,-129.998703,-50.199997
330,3,712.369995,3847.139404,-3627.534424,-373.643585,3469.970703,-2700.000000,-129.998703,-50.199997
330,5,90.510002,3788.135742,-2964.706299,-168.249878,3469.970703,-2700.000000,-129.998703,-50.199997
330,6,180.220001,3724.937256,-3123.187988,-206.162964,3469.970703,-2700.000000,-129.998703,-50.199997
330,7,434.670013,3989.931885,-2318.848877,-278.664612,3469.970703,-2700.000000,-129.998703,-50.199997
330,8,432.369995,3002.878906,-3141.230469,-277.877960,3469.970703,-2700.000000,-129.998703,-50.199997
330,10,160.330002,3223.969482,-2279.761719,-129.998703,3469.970703,-2700.000000,-129.998703,-50.199997
330,11,150.630005,3130.301758,-2370.428223,-129.998703,3469.970703,-2700.000000,-129.998703,-50.199997
330,12,657.500000,2520.057617,-2556.009521,-129.998703,3469.970703,-2700.000000,-129.998703,-50.199997
331,1,131.910004,3842.758789,-2964.035645,-175.114578,3469.970703,-2700.000000,-129.998703,-50.199997
331,3,712.369995,3847.139404,-3627.534424,-373.643585,3469.970703,-2700.000000,-129.998703,-50.199997
331,5,90.510002,3788.135742,-2964.706299,-168.249878,3469.970703,-2700.000000,-129.998703,-50.199997
331,6,180.220001,3724.937256,-3123.187988,-206.162964,3469.970703,-2700.000000,-129.998703,-50.199997
331,7,434.670013,3989.931885,-2318.848877,-278.664612,3469.970703,-2700.000000,-129.998703,-50.199997
331,8,432.369995,3002.878906,-3141.230469,-277.877960,3469.970703,-2700.000000,-129.998703,-50.199997
331,10,160.330002,3223.969482,-2279.761719,-129.998703,3469.970703,-2700.000000,-129.998703,-50.199997
331,11,150.630005,3130.301758,-2370.428223,-129.998703,3469.970703,-2700.000000,-129.998703,-50.199997
331,12,657.500000,2520.057617,-2556.009521,-129.998703,3469.970703,-2700.000000,-129.998703,-50.199997
332,1,131.910004,3842.758789,-2964.035645,-175.114578,3469.970703,-2700.000000,-129.998703,-50.199997
332,3,712.369995,3847.139404,-3627.534424,-373.643585,3469.970703,-2700.000000,-129.998703,-50.199997
332,5,90.510002,3788.135742,-2964.706299,-168.249878,3469.970703,-2700.000000,-129.998703,-50.199997
332,6,180.220001,3724.937256,-3123.187988,-206.162964,3469.970703,-2700.000000,-129.998703,-50.199997
332,7,434.670013,3989.931885,-2318.848877,-278.664612,3469.970703,-2700.000000,-129.998703,-50.199997
332,8,432.369995,3002.878906,-3141.230469,-277.877960,3469.970703,-2700.000000,-129.998703,-50.199997
332,10,160.330002,3223.969482,-2279.761719,-129.998703,3469.970703,-2700.000000,-129.998703,-50.199997
332,11,150.630005,3130.301758,-2370.428223,-129.998703,3469.970703,-2700.000000,-129.998703,-50.199997
332,12,657.500000,2520.057617,-2556.009521,-129.998703,3469.970703,-2700.000000,-129.998703,-50.199997
333,1,131.910004,3842.758789,-2964.035645,-175.114578,3469.970703,-2700.000000,-129.998703,-50.199997
333,3,712.369995,3847.139404,-3627.534424,-373.643585,3469.970703,-2700.000000,-129.998703,-50.199997
333,5,90.510002,3788.135742,-2964.706299,-168.249878,3469.970703,-2700.000000,-129.998703,-50.199997
333,6,180.220001,3724.937256,-3123.187988,-206.162964,3469.970703,-2700.000000,-129.998703,-50.199997
333,7,434.670013,3989.931885,-2318.848877,-278.664612,3469.970703,-2700.000000,-129.998703,-50.199997
333,8,432.369995,3002.878906,-3141.230469,-277.877960,3469.970703,-2700.000000,-129.998703,-50.199997
333,10,160.330002,3223.969482,-2279.761719,-129.998703,3469.970703,-2700.000000,-129.998703,-50.199997
333,11,150.630005,3130.301758,-2370.428223,-129.998703,3469.970703,-2700.000000,-129.998703,-50.199997
333,12,657.500000,2520.057617,-2556.009521,-129.998703,3469.970703,-2700.000000,-129.998703,-50.199997
334,1,131.910004,3842.758789,-2964.035645,-175.114578,3469.970703,-2700.000000,-129.998703,-50.199997
334,3,712.369995,3847.139404,-3627.534424,-373.643585,3469.970703,-2700.000000,-129.998703,-50.199997
334,5,90.510002,3788.135742,-2964.706299,-168.249878,3469.970703,-2700.000000,-129.998703,-50.199997
334,6,180.220001,3724.937256,-3123.187988,-206.162964,3469.970703,-2700.000000,-129.998703,-50.199997
334,7,434.670013,3989.931885,-2318.848877,-278.664612,3469.970703,-2700.000000,-129.998703,-50.199997
334,8,432.369995,3002.878906,-3141.230469,-277.877960,3469.970703,-2700.000000,-129.998703,-50.199997
334,10,160.330002,3223.969482,-2279.761719,-129.998703,3469.970703,-2700.000000,-129.998703,-50.199997
334,11,150.630005,3130.301758,-2370.428223,-129.998703,3469.970703,-2700.000000,-129.998703,-50.199997
334,12,657.500000,2520.057617,-2556.009521,-129.998703,3469.970703,-2700.000000,-129.998703,-50.199997
335,1,131.910004,3842.758789,-2964.035645,-175.114578,3469.970703,-2700.000000,-129.998703,-50.199997
335,3,712.369995,3847.139404,-3627.534424,-373.643585,3469.970703,-2700.000000,-129.998703,-50.199997
335,5,90.510002,3788.135742,-2964.706299,-168.249878,3469.970703,-2700.000000,-129.998703,-50.199997
335,6,180.220001,3724.937256,-3123.187988,-206.162964,3469.970703,-2700.000000,-129.998703,-50.199997
335,7,434.670013,3989.931885,-2318.848877,-278.664612,3469.970703,-2700.000000,-129.998703,-50.199997
335,8,432.369995,3002.878906,-3141.230469,-277.877960,3469.970703,-2700.000000,-129.998703,-50.199997
335,10,160.330002,3223.969482,-2279.761719,-129.998703,3469.970703,-2700.000000,-129.998703,-50.199997
335,11,150.630005,3130.301758,-2370.428223,-129.998703,3469.970703,-2700.000000,-129.998703,-50.199997
335,12,657.500000,2520.057617,-2556.009521,-129.998703,3469.970703,-2700.000000,-129.998703,-50.199997
336,1,131.910004,3842.758789,-2964.035645,-175.114578,3469.970703,-2700.000000,-129.998703,-50.199997
336,3,712.369995,3847.139404,-3627.534424,-373.643585,3469.970703,-2700.000000,-129.998703,-50.199997
336,5,90.510002,3788.135742,-2964.706299,-168.249878,3469.970703,-2700.000000,-129.998703,-50.199997
336,6,180.220001,3724.937256,-3123.187988,-206.162964,3469.970703,-2700.000000,-129.998703,-50.199997
336,7,434.670013,3989.931885,-2318.848877,-278.664612,3469.970703,-2700.000000,-129.998703,-50.199997
336,8,432.369995,3002.878906,-3141.230469,-277.877960,3469.970703,-2700.000000,-129.998703,-50.199997
336,10,160.330002,3223.969482,-2279.761719,-129.998703,3469.970703,-2700.000000,-129.998703,-50.199997
336,11,150.630005,3130.301758,-2370.428223,-129.998703,3469.970703,-2700.000000,-129.998703,-50.199997
336,12,657.500000,2520.057617,-2556.009521,-129.998703,3469.970703,-2700.000000,-129.998703,-50.199997
337,1,131.910004,3842.758789,-2964.035645,-175.114578,3469.970703,-2700.000000,-129.998703,-50.199997
337,3,712.369995,3847.139404,-3627.534424,-373.643585,3469.970703,-2700.000000,-129.998703,-50.199997
337,5,90.510002,3788.135742,-2964.706299,-168.249878,3469.970703,-2700.000000,-129.998703,-50.199997
337,6,180.220001,3724.937256,-3123.187988,-206.162964,3469.970703,-2700.000000,-129.998703,-50.199997
337,7,434.670013,3989.931885,-2318.848877,-278.664612,3469.970703,-2700.000000,-129.998703,-50.199997
337,8,432.369995,3002.878906,-3141.230469,-277.877960,3469.970703,-2700.000000,-129.998703,-50.199997
337,10,160.330002,3223.969482,-2279.761719,-129.998703,3469.970703,-2700.000000,-129.998703,-50.199997
337,11,150.630005,3130.301758,-2370.428223,-129.998703,3469.970703,-2700.000000,-129.998703,-50.199997
337,12,657.500000,2520.057617,-2556.009521,-129.998703,3469.970703,-2700.000000,-129.998703,-50.199997
338,1,66.610001,3796.110840,-2934.111572,-162.790359,3469.970703,-2709.960938,-140.008408,-48.600006
338,3,668.789978,3857.947998,-3588.474121,-368.748047,3469.970703,-2709.960938,-140.008408,-48.600006
338,5,54.150002,3773.610352,-2940.961670,-162.893173,3469.970703,-2709.960938,-140.008408,-48.600006
338,6,149.880005,3718.469482,-3105.238770,-203.350433,3469.970703,-2709.960938,-140.008408,-48.600006
338,7,313.779999,3893.874512,-2389.564941,-247.327484,3469.970703,-2709.960938,-140.008408,-48.600006
338,8,520.200012,2953.471680,-3218.641602,-317.927277,3469.970703,-2709.960938,-140.008408,-48.600006
338,9,466.970001,3518.909668,-1903.302368,-140.008408,3469.970703,-2709.960938,-140.008408,-48.600006
338,10,145.250000,3222.304199,-2308.066895,-140.008408,3469.970703,-2709.960938,-140.008408,-48.600006
338,11,170.270004,3108.243896,-2375.269531,-140.008408,3469.970703,-2709.960938,-140.008408,-48.600006
338,12,861.099976,2315.096680,-2562.104248,-140.008408,3469.970703,-2709.960938,-140.008408,-48.600006
338,13,109.190002,3835.565918,-2955.623047,-158.969040,3469.970703,-2709.960938,-140.008408,-48.600006
339,1,66.610001,3796.110840,-2934.111572,-162.790359,3469.970703,-2709.960938,-140.008408,-48.600006
339,3,668.789978,3857.947998,-3588.474121,-368.748047,3469.970703,-2709.960938,-140.008408,-48.600006
339,5,54.150002,3773.610352,-2940.961670,-162.893173,3469.970703,-2709.960938,-140.008408,-48.600006
339,6,149.880005,3718.469482,-3105.238770,-203.350433,3469.970703,-2709.960938,-140.008408,-48.600006
339,7,313.779999,3893.874512,-2389.564941,-247.327484,3469.970703,-2709.960938,-140.008408,-48.600006
339,8,520.200012,2953.471680,-3218.641602,-317.927277,3469.970703,-2709.960938,-140.008408,-48.600006
339,9,466.970001,3518.909668,-1903.302368,-140.008408,3469.970703,-2709.960938,-140.008408,-48.600006
339,10,145.250000,3222.304199,-2308.066895,-140.008408,3469.970703,-2709.960938,-140.008408,-48.600006
339,11,170.270004,3108.243896,-2375.269531,-140.008408,3469.970703,-2709.960938,-140.008408,-48.600006
339,12,861.099976,2315.096680,-2562.104248,-140.008408,3469.970703,-2709.960938,-140.008408,-48.600006
339,13,109.190002,3835.565918,-2955.623047,-158.969040,3469.970703,-2709.960938,-140.008408,-48.600006
340,1,66.610001,3796.110840,-2934.111572,-162.790359,3469.970703,-2709.960938,-140.008408,-48.600006
340,3,668.789978,3857.947998,-3588.474121,-368.748047,3469.970703,-2709.960938,-140.008408,-48.600006
340,5,54.150002,3773.610352,-2940.961670,-162.893173,3469.970703,-2709.960938,-140.008408,-48.600006
340,6,149.880005,3718.469482,-3105.238770,-203.350433,3469.970703,-2709.960938,-140.008408,-48.600006
340,7,313.779999,3893.874512,-2389.564941,-247.327484,3469.970703,-2709.960938,-140.008408,-48.600006
340,8,520.200012,2953.471680,-3218.641602,-317.927277,3469.970703,-2709.960938,-140.008408,-48.600006
340,9,466.970001,3518.909668,-1903.302368,-140.008408,3469.970703,-2709.960938,-140.008408,-48.600006
340,10,145.250000,3222.304199,-2308.066895,-140.008408,3469.970703,-2709.960938,-140.008408,-48.600006
340,11,170.270004,3108.243896,-2375.269531,-140.008408,3469.970703,-2709.960938,-140.008408,-48.600006
340,12,861.099976,2315.096680,-2562.104248,-140.008408,3469.970703,-2709.960938,-140.008408,-48.600006
340,13,109.190002,3835.565918,-2955.623047,-158.969040,3469.970703,-2709.960938,-140.008408,-48.600006
341,1,66.610001,3796.110840,-2934.111572,-162.790359,3469.970703,-2709.960938,-140.008408,-48.600006
341,3,668.789978,3857.947998,-3588.474121,-368.748047,3469.970703,-2709.960938,-140.008408,-48.600006
341,5,54.150002,3773.610352,-2940.961670,-162.893173,3469.970703,-2709.960938,-140.008408,-48.600006
341,6,149.880005,3718.469482,-3105.238770,-203.350433,3469.970703,-2709.960938,-140.008408,-48.600006
341,7,313.779999,3893.874512,-2389.564941,-247.327484,3469.970703,-2709.960938,-140.008408,-48.600006
341,8,520.200012,2953.471680,-3218.641602,-317.927277,3469.970703,-2709.960938,-140.008408,-48.600006
341,9,466.970001,3518.909668,-1903.302368,-140.008408,3469.970703,-2709.960938,-140.008408,-48.600006
341,10,145.250000,3222.304199,-2308.066895,-140.008408,3469.970703,-2709.960938,-140.008408,-48.600006
341,11,170.270004,3108.243896,-2375.269531,-140.008408,3469.970703,-2709.960938,-140.008408,-48.600006
341,12,861.099976,2315.096680,-2562.104248,-140.008408,3469.970703,-2709.960938,-140.008408,-48.600006
341,13,109.190002,3835.565918,-2955.623047,-158.969040,3469.970703,-2709.960938,-140.008408,-48.600006
342,1,66.610001,3796.110840,-2934.111572,-162.790359,3469.970703,-2709.960938,-140.008408,-48.600006
342,3,668.789978,3857.947998,-3588.474121,-368.748047,3469.970703,-2709.960938,-140.008408,-48.600006
342,5,54.150002,3773.610352,-2940.961670,-162.893173,3469.970703,-2709.960938,-140.008408,-48.600006
342,6,149.880005,3718.469482,-3105.238770,-203.350433,3469.970703,-2709.960938,-140.008408,-48.600006
342,7,313.779999,3893.874512,-2389.564941,-247.327484,3469.970703,-2709.960938,-140.008408,-48.600006
342,8,520.200012,2953.471680,-3218.641602,-317.927277,3469.970703,-2709.960938,-140.008408,-48.600006
342,9,466.970001,3518.909668,-1903.302368,-140.008408,3469.970703,-2709.960938,-140.008408,-48.600006
342,10,145.250000,3222.304199,-2308.066895,-140.008408,3469.970703,-2709.960938,-140.008408,-48.600006
342,11,170.270004,3108.243896,-2375.269531,-140.008408,3469.970703,-2709.960938,-140.008408,-48.600006
342,12,861.099976,2315.096680,-2562.104248,-140.008408,3469.970703,-2709.960938,-140.008408,-48.600006
342,13,109.190002,3835.565918,-2955.623047,-158.969040,3469.970703,-2709.960938,-140.008408,-48.600006
343,1,66.610001,3796.110840,-2934.111572,-162.790359,3469.970703,-2709.960938,-140.008408,-48.600006
343,3,668.789978,3857.947998,-3588.474121,-368.748047,3469.970703,-2709.960938,-140.008408,-48.600006
343,5,54.150002,3773.610352,-2940.961670,-162.893173,3469.970703,-2709.960938,-140.008408,-48.600006
343,6,149.880005,3718.469482,-3105.238770,-203.350433,3469.970703,-2709.960938,-140.008408,-48.600006
343,7,313.779999,3893.874512,-2389.564941,-247.327484,3469.970703,-2709.960938,-140.008408,-48.600006
343,8,520.200012,2953.471680,-3218.641602,-317.927277,3469.970703,-2709.960938,-140.008408,-48.600006
343,9,466.970001,3518.909668,-1903.302368,-140.008408,3469.970703,-2709.960938,-140.008408,-48.600006
343,10,145.250000,3222.304199,-2308.066895,-140.008408,3469.970703,-2709.960938,-140.008408,-48.600006
343,11,170.270004,3108.243896,-2375.269531,-140.008408,3469.970703,-2709.960938,-140.008408,-48.600006
343,12,861.099976,2315.096680,-2562.104248,-140.008408,3469.970703,-2709.960938,-140.008408,-48.600006
343,13,109.190002,3835.565918,-2955.623047,-158.969040,3469.970703,-2709.960938,-140.008408,-48.600006
344,1,66.610001,3796.110840,-2934.111572,-162.790359,3469.970703,-2709.960938,-140.008408,-48.600006
344,3,668.789978,3857.947998,-3588.474121,-368.748047,3469.970703,-2709.960938,-140.008408,-48.600006
344,5,54.150002,3773.610352,-2940.961670,-162.893173,3469.970703,-2709.960938,-140.008408,-48.600006
344,6,149.880005,3718.469482,-3105.238770,-203.350433,3469.970703,-2709.960938,-140.008408,-48.600006
344,7,313.779999,3893.874512,-2389.564941,-247.327484,3469.970703,-2709.960938,-140.008408,-48.600006
344,8,520.200012,2953.471680,-3218.641602,-317.927277,3469.970703,-2709.960938,-140.008408,-48.600006
344,9,466.970001,3518.909668,-1903.302368,-140.008408,3469.970703,-2709.960938,-140.008408,-48.600006
344,10,145.250000,3222.304199,-2308.066895,-140.008408,3469.970703,-2709.960938,-140.008408,-48.600006
344,11,170.270004,3108.243896,-2375.269531,-140.008408,3469.970703,-2709.960938,-140.008408,-48.600006
344,12,861.099976,2315.096680,-2562.104248,-140.008408,3469.970703,-2709.960938,-140.008408,-48.600006
344,13,109.190002,3835.565918,-2955.623047,-158.969040,3469.970703,-2709.960938,-140.008408,-48.600006
345,1,66.610001,3796.110840,-2934.111572,-162.790359,3469.970703,-2709.960938,-140.008408,-48.600006
345,3,668.789978,3857.947998,-3588.474121,-368.748047,3469.970703,-2709.960938,-140.008408,-48.600006
345,5,54.150002,3773.610352,-2940.961670,-162.893173,3469.970703,-2709.960938,-140.008408,-48.600006
345,6,149.880005,3718.469482,-3105.238770,-203.350433,3469.970703,-2709.960938,-140.008408,-48.600006
345,7,313.779999,3893.874512,-2389.564941,-247.327484,3469.970703,-2709.960938,-140.008408,-48.600006
345,8,520.200012,2953.471680,-3218.641602,-317.927277,3469.970703,-2709.960938,-140.008408,-48.600006
345,9,466.970001,3518.909668,-1903.302368,-140.008408,3469.970703,-2709.960938,-140.008408,-48.600006
345,10,145.250000,3222.304199,-2308.066895,-140.008408,3469.970703,-2709.960938,-140.008408,-48.600006
345,11,170.270004,3108.243896,-2375.269531,-140.008408,3469.970703,-2709.960938,-140.008408,-48.600006
345,12,861.099976,2315.096680,-2562.104248,-140.008408,3469.970703,-2709.960938,-140.008408,-48.600006
345,13,109.190002,3835.565918,-2955.623047,-158.969040,3469.970703,-2709.960938,-140.008408,-48.600006
346,1,66.610001,3796.110840,-2934.111572,-162.790359,3469.970703,-2709.960938,-140.008408,-48.600006
346,3,668.789978,3857.947998,-3588.474121,-368.748047,3469.970703,-2709.960938,-140.008408,-48.600006
346,5,54.150002,3773.610352,-2940.961670,-162.893173,3469.970703,-2709.960938,-140.008408,-48.600006
346,6,149.880005,3718.469482,-3105.238770,-203.350433,3469.970703,-2709.960938,-140.008408,-48.600006
346,7,313.779999,3893.874512,-2389.564941,-247.327484,3469.970703,-2709.960938,-140.008408,-48.600006
346,8,520.200012,2953.471680,-3218.641602,-317.927277,3469.970703,-2709.960938,-140.008408,-48.600006
346,9,466.970001,3518.909668,-1903.302368,-140.008408,3469.970703,-2709.960938,-140.008408,-48.600006
346,10,145.250000,3222.304199,-2308.066895,-140.008408,3469.970703,-2709.960938,-140.008408,-48.600006
346,11,170.270004,3108.243896,-2375.269531,-140.008408,3469.970703,-2709.960938,-140.008408,-48.600006
346,12,861.099976,2315.096680,-2562.104248,-140.008408,3469.970703,-2709.960938,-140.008408,-48.600006
346,13,109.190002,3835.565918,-2955.623047,-158.969040,3469.970703,-2709.960938,-140.008408,-48.600006
347,1,66.610001,3796.110840,-2934.111572,-162.790359,3469.970703,-2709.960938,-140.008408,-48.600006
347,3,668.789978,3857.947998,-3588.474121,-368.748047,3469.970703,-2709.960938,-140.008408,-48.600006
347,5,54.150002,3773.610352,-2940.961670,-162.893173,3469.970703,-2709.960938,-140.008408,-48.600006
347,6,149.880005,3718.469482,-3105.238770,-203.350433,3469.970703,-2709.960938,-140.008408,-48.600006
347,7,313.779999,3893.874512,-2389.564941,-247.327484,3469.970703,-2709.960938,-140.008408,-48.600006
347,8,520.200012,2953.471680,-3218.641602,-317.927277,3469.970703,-2709.960938,-140.008408,-48.600006
347,9,466.970001,3518.909668,-1903.302368,-140.008408,3469.970703,-2709.960938,-140.008408,-48.600006
347,10,145.250000,3222.304199,-2308.066895,-140.008408,3469.970703,-2709.960938,-140.008408,-48.600006
347,11,170.270004,3108.243896,-2375.269531,-140.008408,3469.970703,-2709.960938,-140.008408,-48.600006
347,12,861.099976,2315.096680,-2562.104248,-140.008408,3469.970703,-2709.960938,-140.008408,-48.600006
347,13,109.190002,3835.565918,-2955.623047,-158.969040,3469.970703,-2709.960938,-140.008408,-48.600006
