sample_idx,sensor_idx,distance_cm,x_cm,y_cm,z_cm,pose_x_cm,pose_y_cm,pose_z_cm,heading_deg
0,1,523.229980,579.028870,231.733383,-128.961197,339.990204,1020.019470,49.993999,-90.300003
0,3,586.640015,72.037300,178.394806,-150.648697,339.990204,1020.019470,49.993999,-90.300003
0,5,436.690002,411.215179,298.861115,-134.559174,339.990204,1020.019470,49.993999,-90.300003
0,6,446.920013,261.168701,290.375122,-138.882553,339.990204,1020.019470,49.993999,-90.300003
0,7,393.109985,944.175049,976.855408,-84.457535,339.990204,1020.019470,49.993999,-90.300003
0,8,417.750000,-287.767242,983.305969,-92.884918,339.990204,1020.019470,49.993999,-90.300003
0,9,616.890015,1010.110413,1704.085327,49.993999,339.990204,1020.019470,49.993999,-90.300003
0,10,302.239990,423.247162,1641.832031,49.993999,339.990204,1020.019470,49.993999,-90.300003
0,11,294.309998,293.207428,1634.582886,49.993999,339.990204,1020.019470,49.993999,-90.300003
0,12,665.809998,-299.179077,1748.416260,49.993999,339.990204,1020.019470,49.993999,-90.300003
0,13,503.640015,580.482849,227.672592,-37.462170,339.990204,1020.019470,49.993999,-90.300003
0,15,877.369995,806.317383,-79.911613,49.993999,339.990204,1020.019470,49.993999,-90.300003
1,1,523.229980,579.028870,231.733383,-128.961197,339.990204,1020.019470,49.993999,-90.300003
1,3,586.640015,72.037300,178.394806,-150.648697,339.990204,1020.019470,49.993999,-90.300003
1,5,436.690002,411.215179,298.861115,-134.559174,339.990204,1020.019470,49.993999,-90.300003
1,6,446.920013,261.168701,290.375122,-138.882553,339.990204,1020.019470,49.993999,-90.300003
1,7,393.109985,944.175049,976.855408,-84.457535,339.990204,1020.019470,49.993999,-90.300003
1,8,417.750000,-287.767242,983.305969,-92.884918,339.990204,1020.019470,49.993999,-90.300003
1,9,616.890015,1010.110413,1704.085327,49.993999,339.990204,1020.019470,49.993999,-90.300003
1,10,302.239990,423.247162,1641.832031,49.993999,339.990204,1020.019470,49.993999,-90.300003
1,11,294.309998,293.207428,1634.582886,49.993999,339.990204,1020.019470,49.993999,-90.300003
1,12,665.809998,-299.179077,1748.416260,49.993999,339.990204,1020.019470,49.993999,-90.300003
1,13,503.640015,580.482849,227.672592,-37.462170,339.990204,1020.019470,49.993999,-90.300003
1,15,877.369995,806.317383,-79.911613,49.993999,339.990204,1020.019470,49.993999,-90.300003
2,1,523.229980,579.028870,231.733383,-128.961197,339.990204,1020.019470,49.993999,-90.300003
2,3,586.640015,72.037300,178.394806,-150.648697,339.990204,1020.019470,49.993999,-90.300003
2,5,436.690002,411.215179,298.861115,-134.559174,339.990204,1020.019470,49.993999,-90.300003
2,6,446.920013,261.168701,290.375122,-138.882553,339.990204,1020.019470,49.993999,-90.300003
2,7,393.109985,944.175049,976.855408,-84.457535,339.990204,1020.019470,49.993999,-90.300003
2,8,417.750000,-287.767242,983.305969,-92.884918,339.990204,1020.019470,49.993999,-90.300003
2,9,616.890015,1010.110413,1704.085327,49.993999,339.990204,1020.019470,49.993999,-90.300003
2,10,302.239990,423.247162,1641.832031,49.993999,339.990204,1020.019470,49.993999,-90.300003
2,11,294.309998,293.207428,1634.582886,49.993999,339.990204,1020.019470,49.993999,-90.300003
2,12,665.809998,-299.179077,1748.416260,49.993999,339.990204,1020.019470,49.993999,-90.300003
2,13,503.640015,580.482849,227.672592,-37.462170,339.990204,1020.019470,49.993999,-90.300003
2,15,877.369995,806.317383,-79.911613,49.993999,339.990204,1020.019470,49.993999,-90.300003
3,1,523.229980,579.028870,231.733383,-128.961197,339.990204,1020.019470,49.993999,-90.300003
3,3,586.640015,72.037300,178.394806,-150.648697,339.990204,1020.019470,49.993999,-90.300003
3,5,436.690002,411.215179,298.861115,-134.559174,339.990204,1020.019470,49.993999,-90.300003
3,6,446.920013,261.168701,290.375122,-138.882553,339.990204,1020.019470,49.993999,-90.300003
3,7,393.109985,944.175049,976.855408,-84.457535,339.990204,1020.019470,49.993999,-90.300003
3,8,417.750000,-287.767242,983.305969,-92.884918,339.990204,1020.019470,49.993999,-90.300003
3,9,616.890015,1010.110413,1704.085327,49.993999,339.990204,1020.019470,49.993999,-90.300003
3,10,302.239990,423.247162,1641.832031,49.993999,339.990204,1020.019470,49.993999,-90.300003
3,11,294.309998,293.207428,1634.582886,49.993999,339.990204,1020.019470,49.993999,-90.300003
3,12,665.809998,-299.179077,1748.416260,49.993999,339.990204,1020.019470,49.993999,-90.300003
3,13,503.640015,580.482849,227.672592,-37.462170,339.990204,1020.019470,49.993999,-90.300003
3,15,877.369995,806.317383,-79.911613,49.993999,339.990204,1020.019470,49.993999,-90.300003
4,1,612.520020,705.056519,134.811996,-169.497787,350.000000,970.019470,39.996399,-84.400009
4,7,343.640015,909.156616,984.653381,-77.535408,350.000000,970.019470,39.996399,-84.400009
4,8,418.660004,-271.509247,868.888245,-103.193756,350.000000,970.019470,39.996399,-84.400009
4,9,590.809998,931.519348,1697.825928,39.996399,350.000000,970.019470,39.996399,-84.400009
4,10,59.540001,392.581635,1355.554688,39.996399,350.000000,970.019470,39.996399,-84.400009
4,11,66.660004,262.507294,1349.954956,39.996399,350.000000,970.019470,39.996399,-84.400009
4,12,470.190002,-220.892044,1491.987915,39.996399,350.000000,970.019470,39.996399,-84.400009
5,1,612.520020,705.056519,134.811996,-169.497787,350.000000,970.019470,39.996399,-84.400009
5,7,343.640015,909.156616,984.653381,-77.535408,350.000000,970.019470,39.996399,-84.400009
5,8,418.660004,-271.509247,868.888245,-103.193756,350.000000,970.019470,39.996399,-84.400009
5,9,590.809998,931.519348,1697.825928,39.996399,350.000000,970.019470,39.996399,-84.400009
5,10,59.540001,392.581635,1355.554688,39.996399,350.000000,970.019470,39.996399,-84.400009
5,11,66.660004,262.507294,1349.954956,39.996399,350.000000,970.019470,39.996399,-84.400009
5,12,470.190002,-220.892044,1491.987915,39.996399,350.000000,970.019470,39.996399,-84.400009
6,1,612.520020,705.056519,134.811996,-169.497787,350.000000,970.019470,39.996399,-84.400009
6,7,343.640015,909.156616,984.653381,-77.535408,350.000000,970.019470,39.996399,-84.400009
6,8,418.660004,-271.509247,868.888245,-103.193756,350.000000,970.019470,39.996399,-84.400009
6,9,590.809998,931.519348,1697.825928,39.996399,350.000000,970.019470,39.996399,-84.400009
6,10,59.540001,392.581635,1355.554688,39.996399,350.000000,970.019470,39.996399,-84.400009
6,11,66.660004,262.507294,1349.954956,39.996399,350.000000,970.019470,39.996399,-84.400009
6,12,470.190002,-220.892044,1491.987915,39.996399,350.000000,970.019470,39.996399,-84.400009
7,1,612.520020,705.056519,134.811996,-169.497787,350.000000,970.019470,39.996399,-84.400009
7,7,343.640015,909.156616,984.653381,-77.535408,350.000000,970.019470,39.996399,-84.400009
7,8,418.660004,-271.509247,868.888245,-103.193756,350.000000,970.019470,39.996399,-84.400009
7,9,590.809998,931.519348,1697.825928,39.996399,350.000000,970.019470,39.996399,-84.400009
7,10,59.540001,392.581635,1355.554688,39.996399,350.000000,970.019470,39.996399,-84.400009
7,11,66.660004,262.507294,1349.954956,39.996399,350.000000,970.019470,39.996399,-84.400009
7,12,470.190002,-220.892044,1491.987915,39.996399,350.000000,970.019470,39.996399,-84.400009
8,1,612.520020,705.056519,134.811996,-169.497787,350.000000,970.019470,39.996399,-84.400009
8,7,343.640015,909.156616,984.653381,-77.535408,350.000000,970.019470,39.996399,-84.400009
8,8,418.660004,-271.509247,868.888245,-103.193756,350.000000,970.019470,39.996399,-84.400009
8,9,590.809998,931.519348,1697.825928,39.996399,350.000000,970.019470,39.996399,-84.400009
8,10,59.540001,392.581635,1355.554688,39.996399,350.000000,970.019470,39.996399,-84.400009
8,11,66.660004,262.507294,1349.954956,39.996399,350.000000,970.019470,39.996399,-84.400009
8,12,470.190002,-220.892044,1491.987915,39.996399,350.000000,970.019470,39.996399,-84.400009
9,1,612.520020,705.056519,134.811996,-169.497787,350.000000,970.019470,39.996399,-84.400009
9,7,343.640015,909.156616,984.653381,-77.535408,350.000000,970.019470,39.996399,-84.400009
9,8,418.660004,-271.509247,868.888245,-103.193756,350.000000,970.019470,39.996399,-84.400009
9,9,590.809998,931.519348,1697.825928,39.996399,350.000000,970.019470,39.996399,-84.400009
9,10,59.540001,392.581635,1355.554688,39.996399,350.000000,970.019470,39.996399,-84.400009
9,11,66.660004,262.507294,1349.954956,39.996399,350.000000,970.019470,39.996399,-84.400009
9,12,470.190002,-220.892044,1491.987915,39.996399,350.000000,970.019470,39.996399,-84.400009
10,1,612.520020,705.056519,134.811996,-169.497787,350.000000,970.019470,39.996399,-84.400009
10,7,343.640015,909.156616,984.653381,-77.535408,350.000000,970.019470,39.996399,-84.400009
10,8,418.660004,-271.509247,868.888245,-103.193756,350.000000,970.019470,39.996399,-84.400009
10,9,590.809998,931.519348,1697.825928,39.996399,350.000000,970.019470,39.996399,-84.400009
10,10,59.540001,392.581635,1355.554688,39.996399,350.000000,970.019470,39.996399,-84.400009
10,11,66.660004,262.507294,1349.954956,39.996399,350.000000,970.019470,39.996399,-84.400009
10,12,470.190002,-220.892044,1491.987915,39.996399,350.000000,970.019470,39.996399,-84.400009
11,1,612.520020,705.056519,134.811996,-169.497787,350.000000,970.019470,39.996399,-84.400009
11,7,343.640015,909.156616,984.653381,-77.535408,350.000000,970.019470,39.996399,-84.400009
11,8,418.660004,-271.509247,868.888245,-103.193756,350.000000,970.019470,39.996399,-84.400009
11,9,590.809998,931.519348,1697.825928,39.996399,350.000000,970.019470,39.996399,-84.400009
11,10,59.540001,392.581635,1355.554688,39.996399,350.000000,970.019470,39.996399,-84.400009
11,11,66.660004,262.507294,1349.954956,39.996399,350.000000,970.019470,39.996399,-84.400009
11,12,470.190002,-220.892044,1491.987915,39.996399,350.000000,970.019470,39.996399,-84.400009
12,1,612.520020,705.056519,134.811996,-169.497787,350.000000,970.019470,39.996399,-84.400009
12,7,343.640015,909.156616,984.653381,-77.535408,350.000000,970.019470,39.996399,-84.400009
12,8,418.660004,-271.509247,868.888245,-103.193756,350.000000,970.019470,39.996399,-84.400009
12,9,590.809998,931.519348,1697.825928,39.996399,350.000000,970.019470,39.996399,-84.400009
12,10,59.540001,392.581635,1355.554688,39.996399,350.000000,970.019470,39.996399,-84.400009
12,11,66.660004,262.507294,1349.954956,39.996399,350.000000,970.019470,39.996399,-84.400009
12,12,470.190002,-220.892044,1491.987915,39.996399,350.000000,970.019470,39.996399,-84.400009
13,1,612.520020,705.056519,134.811996,-169.497787,350.000000,970.019470,39.996399,-84.400009
13,7,343.640015,909.156616,984.653381,-77.535408,350.000000,970.019470,39.996399,-84.400009
13,8,418.660004,-271.509247,868.888245,-103.193756,350.000000,970.019470,39.996399,-84.400009
13,9,590.809998,931.519348,1697.825928,39.996399,350.000000,970.019470,39.996399,-84.400009
13,10,59.540001,392.581635,1355.554688,39.996399,350.000000,970.019470,39.996399,-84.400009
13,11,66.660004,262.507294,1349.954956,39.996399,350.000000,970.019470,39.996399,-84.400009
13,12,470.190002,-220.892044,1491.987915,39.996399,350.000000,970.019470,39.996399,-84.400009
14,1,612.520020,705.056519,134.811996,-169.497787,350.000000,970.019470,39.996399,-84.400009
14,7,343.640015,909.156616,984.653381,-77.535408,350.000000,970.019470,39.996399,-84.400009
14,8,418.660004,-271.509247,868.888245,-103.193756,350.000000,970.019470,39.996399,-84.400009
14,9,590.809998,931.519348,1697.825928,39.996399,350.000000,970.019470,39.996399,-84.400009
14,10,59.540001,392.581635,1355.554688,39.996399,350.000000,970.019470,39.996399,-84.400009
14,11,66.660004,262.507294,1349.954956,39.996399,350.000000,970.019470,39.996399,-84.400009
14,12,470.190002,-220.892044,1491.987915,39.996399,350.000000,970.019470,39.996399,-84.400009
15,5,494.600006,621.855530,171.781967,-159.032990,379.980499,910.058472,49.993999,-77.400009
15,6,502.329987,476.996277,132.223480,-162.299820,379.980499,910.058472,49.993999,-77.400009
15,7,381.709991,968.098328,1000.531189,-80.558502,379.980499,910.058472,49.993999,-77.400009
15,8,394.410004,-202.332581,738.909119,-84.902168,379.980499,910.058472,49.993999,-77.400009
15,9,633.049988,887.906799,1740.810669,49.993999,379.980499,910.058472,49.993999,-77.400009
15,10,185.250000,347.837036,1420.591919,49.993999,379.980499,910.058472,49.993999,-77.400009
15,11,187.119995,220.559937,1394.058228,49.993999,379.980499,910.058472,49.993999,-77.400009
15,12,559.190002,-320.971039,1412.618408,49.993999,379.980499,910.058472,49.993999,-77.400009
15,15,543.229980,925.292114,238.111969,49.993999,379.980499,910.058472,49.993999,-77.400009
16,5,494.600006,621.855530,171.781967,-159.032990,379.980499,910.058472,49.993999,-77.400009
16,6,502.329987,476.996277,132.223480,-162.299820,379.980499,910.058472,49.993999,-77.400009
16,7,381.709991,968.098328,1000.531189,-80.558502,379.980499,910.058472,49.993999,-77.400009
16,8,394.410004,-202.332581,738.909119,-84.902168,379.980499,910.058472,49.993999,-77.400009
16,9,633.049988,887.906799,1740.810669,49.993999,379.980499,910.058472,49.993999,-77.400009
16,10,185.250000,347.837036,1420.591919,49.993999,379.980499,910.058472,49.993999,-77.400009
16,11,187.119995,220.559937,1394.058228,49.993999,379.980499,910.058472,49.993999,-77.400009
16,12,559.190002,-320.971039,1412.618408,49.993999,379.980499,910.058472,49.993999,-77.400009
16,15,543.229980,925.292114,238.111969,49.993999,379.980499,910.058472,49.993999,-77.400009
17,5,494.600006,621.855530,171.781967,-159.032990,379.980499,910.058472,49.993999,-77.400009
17,6,502.329987,476.996277,132.223480,-162.299820,379.980499,910.058472,49.993999,-77.400009
17,7,381.709991,968.098328,1000.531189,-80.558502,379.980499,910.058472,49.993999,-77.400009
17,8,394.410004,-202.332581,738.909119,-84.902168,379.980499,910.058472,49.993999,-77.400009
17,9,633.049988,887.906799,1740.810669,49.993999,379.980499,910.058472,49.993999,-77.400009
17,10,185.250000,347.837036,1420.591919,49.993999,379.980499,910.058472,49.993999,-77.400009
17,11,187.119995,220.559937,1394.058228,49.993999,379.980499,910.058472,49.993999,-77.400009
17,12,559.190002,-320.971039,1412.618408,49.993999,379.980499,910.058472,49.993999,-77.400009
17,15,543.229980,925.292114,238.111969,49.993999,379.980499,910.058472,49.993999,-77.400009
18,5,494.600006,621.855530,171.781967,-159.032990,379.980499,910.058472,49.993999,-77.400009
18,6,502.329987,476.996277,132.223480,-162.299820,379.980499,910.058472,49.993999,-77.400009
18,7,381.709991,968.098328,1000.531189,-80.558502,379.980499,910.058472,49.993999,-77.400009
18,8,394.410004,-202.332581,738.909119,-84.902168,379.980499,910.058472,49.993999,-77.400009
18,9,633.049988,887.906799,1740.810669,49.993999,379.980499,910.058472,49.993999,-77.400009
18,10,185.250000,347.837036,1420.591919,49.993999,379.980499,910.058472,49.993999,-77.400009
18,11,187.119995,220.559937,1394.058228,49.993999,379.980499,910.058472,49.993999,-77.400009
18,12,559.190002,-320.971039,1412.618408,49.993999,379.980499,910.058472,49.993999,-77.400009
18,15,543.229980,925.292114,238.111969,49.993999,379.980499,910.058472,49.993999,-77.400009
19,5,494.600006,621.855530,171.781967,-159.032990,379.980499,910.058472,49.993999,-77.400009
19,6,502.329987,476.996277,132.223480,-162.299820,379.980499,910.058472,49.993999,-77.400009
19,7,381.709991,968.098328,1000.531189,-80.558502,379.980499,910.058472,49.993999,-77.400009
19,8,394.410004,-202.332581,738.909119,-84.902168,379.980499,910.058472,49.993999,-77.400009
19,9,633.049988,887.906799,1740.810669,49.993999,379.980499,910.058472,49.993999,-77.400009
19,10,185.250000,347.837036,1420.591919,49.993999,379.980499,910.058472,49.993999,-77.400009
19,11,187.119995,220.559937,1394.058228,49.993999,379.980499,910.058472,49.993999,-77.400009
19,12,559.190002,-320.971039,1412.618408,49.993999,379.980499,910.058472,49.993999,-77.400009
19,15,543.229980,925.292114,238.111969,49.993999,379.980499,910.058472,49.993999,-77.400009
20,5,494.600006,621.855530,171.781967,-159.032990,379.980499,910.058472,49.993999,-77.400009
20,6,502.329987,476.996277,132.223480,-162.299820,379.980499,910.058472,49.993999,-77.400009
20,7,381.709991,968.098328,1000.531189,-80.558502,379.980499,910.058472,49.993999,-77.400009
20,8,394.410004,-202.332581,738.909119,-84.902168,379.980499,910.058472,49.993999,-77.400009
20,9,633.049988,887.906799,1740.810669,49.993999,379.980499,910.058472,49.993999,-77.400009
20,10,185.250000,347.837036,1420.591919,49.993999,379.980499,910.058472,49.993999,-77.400009
20,11,187.119995,220.559937,1394.058228,49.993999,379.980499,910.058472,49.993999,-77.400009
20,12,559.190002,-320.971039,1412.618408,49.993999,379.980499,910.058472,49.993999,-77.400009
20,15,543.229980,925.292114,238.111969,49.993999,379.980499,910.058472,49.993999,-77.400009
21,5,494.600006,621.855530,171.781967,-159.032990,379.980499,910.058472,49.993999,-77.400009
21,6,502.329987,476.996277,132.223480,-162.299820,379.980499,910.058472,49.993999,-77.400009
21,7,381.709991,968.098328,1000.531189,-80.558502,379.980499,910.058472,49.993999,-77.400009
21,8,394.410004,-202.332581,738.909119,-84.902168,379.980499,910.058472,49.993999,-77.400009
21,9,633.049988,887.906799,1740.810669,49.993999,379.980499,910.058472,49.993999,-77.400009
21,10,185.250000,347.837036,1420.591919,49.993999,379.980499,910.058472,49.993999,-77.400009
21,11,187.119995,220.559937,1394.058228,49.993999,379.980499,910.058472,49.993999,-77.400009
21,12,559.190002,-320.971039,1412.618408,49.993999,379.980499,910.058472,49.993999,-77.400009
21,15,543.229980,925.292114,238.111969,49.993999,379.980499,910.058472,49.993999,-77.400009
22,5,494.600006,621.855530,171.781967,-159.032990,379.980499,910.058472,49.993999,-77.400009
22,6,502.329987,476.996277,132.223480,-162.299820,379.980499,910.058472,49.993999,-77.400009
22,7,381.709991,968.098328,1000.531189,-80.558502,379.980499,910.058472,49.993999,-77.400009
22,8,394.410004,-202.332581,738.909119,-84.902168,379.980499,910.058472,49.993999,-77.400009
22,9,633.049988,887.906799,1740.810669,49.993999,379.980499,910.058472,49.993999,-77.400009
22,10,185.250000,347.837036,1420.591919,49.993999,379.980499,910.058472,49.993999,-77.400009
22,11,187.119995,220.559937,1394.058228,49.993999,379.980499,910.058472,49.993999,-77.400009
22,12,559.190002,-320.971039,1412.618408,49.993999,379.980499,910.058472,49.993999,-77.400009
22,15,543.229980,925.292114,238.111969,49.993999,379.980499,910.058472,49.993999,-77.400009
23,5,494.600006,621.855530,171.781967,-159.032990,379.980499,910.058472,49.993999,-77.400009
23,6,502.329987,476.996277,132.223480,-162.299820,379.980499,910.058472,49.993999,-77.400009
23,7,381.709991,968.098328,1000.531189,-80.558502,379.980499,910.058472,49.993999,-77.400009
23,8,394.410004,-202.332581,738.909119,-84.902168,379.980499,910.058472,49.993999,-77.400009
23,9,633.049988,887.906799,1740.810669,49.993999,379.980499,910.058472,49.993999,-77.400009
23,10,185.250000,347.837036,1420.591919,49.993999,379.980499,910.058472,49.993999,-77.400009
23,11,187.119995,220.559937,1394.058228,49.993999,379.980499,910.058472,49.993999,-77.400009
23,12,559.190002,-320.971039,1412.618408,49.993999,379.980499,910.058472,49.993999,-77.400009
23,15,543.229980,925.292114,238.111969,49.993999,379.980499,910.058472,49.993999,-77.400009
24,5,494.600006,621.855530,171.781967,-159.032990,379.980499,910.058472,49.993999,-77.400009
24,6,502.329987,476.996277,132.223480,-162.299820,379.980499,910.058472,49.993999,-77.400009
24,7,381.709991,968.098328,1000.531189,-80.558502,379.980499,910.058472,49.993999,-77.400009
24,8,394.410004,-202.332581,738.909119,-84.902168,379.980499,910.058472,49.993999,-77.400009
24,9,633.049988,887.906799,1740.810669,49.993999,379.980499,910.058472,49.993999,-77.400009
24,10,185.250000,347.837036,1420.591919,49.993999,379.980499,910.058472,49.993999,-77.400009
24,11,187.119995,220.559937,1394.058228,49.993999,379.980499,910.058472,49.993999,-77.400009
24,12,559.190002,-320.971039,1412.618408,49.993999,379.980499,910.058472,49.993999,-77.400009
24,15,543.229980,925.292114,238.111969,49.993999,379.980499,910.058472,49.993999,-77.400009
25,3,495.100006,414.255859,42.834614,-109.342575,400.000000,840.039001,59.991600,-71.900009
25,4,624.780029,115.960350,-85.058487,59.991600,400.000000,840.039001,59.991600,-71.900009
25,5,393.070007,682.934570,215.808060,-106.126961,400.000000,840.039001,59.991600,-71.900009
25,6,396.839996,541.418701,165.958923,-107.720230,400.000000,840.039001,59.991600,-71.900009
25,7,407.200012,999.506348,993.905334,-79.279007,400.000000,840.039001,59.991600,-71.900009
25,8,409.040009,-176.295685,609.594238,-79.908325,400.000000,840.039001,59.991600,-71.900009
25,9,603.020020,814.763062,1687.786255,59.991600,400.000000,840.039001,59.991600,-71.900009
25,10,583.669983,195.292435,1723.845703,59.991600,400.000000,840.039001,59.991600,-71.900009
25,11,579.780029,72.933899,1679.760254,59.991600,400.000000,840.039001,59.991600,-71.900009
25,12,867.739990,-607.842896,1436.151733,59.991600,400.000000,840.039001,59.991600,-71.900009
26,3,495.100006,414.255859,42.834614,-109.342575,400.000000,840.039001,59.991600,-71.900009
26,4,624.780029,115.960350,-85.058487,59.991600,400.000000,840.039001,59.991600,-71.900009
26,5,393.070007,682.934570,215.808060,-106.126961,400.000000,840.039001,59.991600,-71.900009
26,6,396.839996,541.418701,165.958923,-107.720230,400.000000,840.039001,59.991600,-71.900009
26,7,407.200012,999.506348,993.905334,-79.279007,400.000000,840.039001,59.991600,-71.900009
26,8,409.040009,-176.295685,609.594238,-79.908325,400.000000,840.039001,59.991600,-71.900009
26,9,603.020020,814.763062,1687.786255,59.991600,400.000000,840.039001,59.991600,-71.900009
26,10,583.669983,195.292435,1723.845703,59.991600,400.000000,840.039001,59.991600,-71.900009
26,11,579.780029,72.933899,1679.760254,59.991600,400.000000,840.039001,59.991600,-71.900009
26,12,867.739990,-607.842896,1436.151733,59.991600,400.000000,840.039001,59.991600,-71.900009
27,3,495.100006,414.255859,42.834614,-109.342575,400.000000,840.039001,59.991600,-71.900009
27,4,624.780029,115.960350,-85.058487,59.991600,400.000000,840.039001,59.991600,-71.900009
27,5,393.070007,682.934570,215.808060,-106.126961,400.000000,840.039001,59.991600,-71.900009
27,6,396.839996,541.418701,165.958923,-107.720230,400.000000,840.039001,59.991600,-71.900009
27,7,407.200012,999.506348,993.905334,-79.279007,400.000000,840.039001,59.991600,-71.900009
27,8,409.040009,-176.295685,609.594238,-79.908325,400.000000,840.039001,59.991600,-71.900009
27,9,603.020020,814.763062,1687.786255,59.991600,400.000000,840.039001,59.991600,-71.900009
27,10,583.669983,195.292435,1723.845703,59.991600,400.000000,840.039001,59.991600,-71.900009
27,11,579.780029,72.933899,1679.760254,59.991600,400.000000,840.039001,59.991600,-71.900009
27,12,867.739990,-607.842896,1436.151733,59.991600,400.000000,840.039001,59.991600,-71.900009
28,3,495.100006,414.255859,42.834614,-109.342575,400.000000,840.039001,59.991600,-71.900009
28,4,624.780029,115.960350,-85.058487,59.991600,400.000000,840.039001,59.991600,-71.900009
28,5,393.070007,682.934570,215.808060,-106.126961,400.000000,840.039001,59.991600,-71.900009
28,6,396.839996,541.418701,165.958923,-107.720230,400.000000,840.039001,59.991600,-71.900009
28,7,407.200012,999.506348,993.905334,-79.279007,400.000000,840.039001,59.991600,-71.900009
28,8,409.040009,-176.295685,609.594238,-79.908325,400.000000,840.039001,59.991600,-71.900009
28,9,603.020020,814.763062,1687.786255,59.991600,400.000000,840.039001,59.991600,-71.900009
28,10,583.669983,195.292435,1723.845703,59.991600,400.000000,840.039001,59.991600,-71.900009
28,11,579.780029,72.933899,1679.760254,59.991600,400.000000,840.039001,59.991600,-71.900009
28,12,867.739990,-607.842896,1436.151733,59.991600,400.000000,840.039001,59.991600,-71.900009
29,3,495.100006,414.255859,42.834614,-109.342575,400.000000,840.039001,59.991600,-71.900009
29,4,624.780029,115.960350,-85.058487,59.991600,400.000000,840.039001,59.991600,-71.900009
29,5,393.070007,682.934570,215.808060,-106.126961,400.000000,840.039001,59.991600,-71.900009
29,6,396.839996,541.418701,165.958923,-107.720230,400.000000,840.039001,59.991600,-71.900009
29,7,407.200012,999.506348,993.905334,-79.279007,400.000000,840.039001,59.991600,-71.900009
29,8,409.040009,-176.295685,609.594238,-79.908325,400.000000,840.039001,59.991600,-71.900009
29,9,603.020020,814.763062,1687.786255,59.991600,400.000000,840.039001,59.991600,-71.900009
29,10,583.669983,195.292435,1723.845703,59.991600,400.000000,840.039001,59.991600,-71.900009
29,11,579.780029,72.933899,1679.760254,59.991600,400.000000,840.039001,59.991600,-71.900009
29,12,867.739990,-607.842896,1436.151733,59.991600,400.000000,840.039001,59.991600,-71.900009
30,3,495.100006,414.255859,42.834614,-109.342575,400.000000,840.039001,59.991600,-71.900009
30,4,624.780029,115.960350,-85.058487,59.991600,400.000000,840.039001,59.991600,-71.900009
30,5,393.070007,682.934570,215.808060,-106.126961,400.000000,840.039001,59.991600,-71.900009
30,6,396.839996,541.418701,165.958923,-107.720230,400.000000,840.039001,59.991600,-71.900009
30,7,407.200012,999.506348,993.905334,-79.279007,400.000000,840.039001,59.991600,-71.900009
30,8,409.040009,-176.295685,609.594238,-79.908325,400.000000,840.039001,59.991600,-71.900009
30,9,603.020020,814.763062,1687.786255,59.991600,400.000000,840.039001,59.991600,-71.900009
30,10,583.669983,195.292435,1723.845703,59.991600,400.000000,840.039001,59.991600,-71.900009
30,11,579.780029,72.933899,1679.760254,59.991600,400.000000,840.039001,59.991600,-71.900009
30,12,867.739990,-607.842896,1436.151733,59.991600,400.000000,840.039001,59.991600,-71.900009
31,3,495.100006,414.255859,42.834614,-109.342575,400.000000,840.039001,59.991600,-71.900009
31,4,624.780029,115.960350,-85.058487,59.991600,400.000000,840.039001,59.991600,-71.900009
31,5,393.070007,682.934570,215.808060,-106.126961,400.000000,840.039001,59.991600,-71.900009
31,6,396.839996,541.418701,165.958923,-107.720230,400.000000,840.039001,59.991600,-71.900009
31,7,407.200012,999.506348,993.905334,-79.279007,400.000000,840.039001,59.991600,-71.900009
31,8,409.040009,-176.295685,609.594238,-79.908325,400.000000,840.039001,59.991600,-71.900009
31,9,603.020020,814.763062,1687.786255,59.991600,400.000000,840.039001,59.991600,-71.900009
31,10,583.669983,195.292435,1723.845703,59.991600,400.000000,840.039001,59.991600,-71.900009
31,11,579.780029,72.933899,1679.760254,59.991600,400.000000,840.039001,59.991600,-71.900009
31,12,867.739990,-607.842896,1436.151733,59.991600,400.000000,840.039001,59.991600,-71.900009
32,3,495.100006,414.255859,42.834614,-109.342575,400.000000,840.039001,59.991600,-71.900009
32,4,624.780029,115.960350,-85.058487,59.991600,400.000000,840.039001,59.991600,-71.900009
32,5,393.070007,682.934570,215.808060,-106.126961,400.000000,840.039001,59.991600,-71.900009
32,6,396.839996,541.418701,165.958923,-107.720230,400.000000,840.039001,59.991600,-71.900009
32,7,407.200012,999.506348,993.905334,-79.279007,400.000000,840.039001,59.991600,-71.900009
32,8,409.040009,-176.295685,609.594238,-79.908325,400.000000,840.039001,59.991600,-71.900009
32,9,603.020020,814.763062,1687.786255,59.991600,400.000000,840.039001,59.991600,-71.900009
32,10,583.669983,195.292435,1723.845703,59.991600,400.000000,840.039001,59.991600,-71.900009
32,11,579.780029,72.933899,1679.760254,59.991600,400.000000,840.039001,59.991600,-71.900009
32,12,867.739990,-607.842896,1436.151733,59.991600,400.000000,840.039001,59.991600,-71.900009
33,3,495.100006,414.255859,42.834614,-109.342575,400.000000,840.039001,59.991600,-71.900009
33,4,624.780029,115.960350,-85.058487,59.991600,400.000000,840.039001,59.991600,-71.900009
33,5,393.070007,682.934570,215.808060,-106.126961,400.000000,840.039001,59.991600,-71.900009
33,6,396.839996,541.418701,165.958923,-107.720230,400.000000,840.039001,59.991600,-71.900009
33,7,407.200012,999.506348,993.905334,-79.279007,400.000000,840.039001,59.991600,-71.900009
33,8,409.040009,-176.295685,609.594238,-79.908325,400.000000,840.039001,59.991600,-71.900009
33,9,603.020020,814.763062,1687.786255,59.991600,400.000000,840.039001,59.991600,-71.900009
33,10,583.669983,195.292435,1723.845703,59.991600,400.000000,840.039001,59.991600,-71.900009
33,11,579.780029,72.933899,1679.760254,59.991600,400.000000,840.039001,59.991600,-71.900009
33,12,867.739990,-607.842896,1436.151733,59.991600,400.000000,840.039001,59.991600,-71.900009
34,3,495.100006,414.255859,42.834614,-109.342575,400.000000,840.039001,59.991600,-71.900009
34,4,624.780029,115.960350,-85.058487,59.991600,400.000000,840.039001,59.991600,-71.900009
34,5,393.070007,682.934570,215.808060,-106.126961,400.000000,840.039001,59.991600,-71.900009
34,6,396.839996,541.418701,165.958923,-107.720230,400.000000,840.039001,59.991600,-71.900009
34,7,407.200012,999.506348,993.905334,-79.279007,400.000000,840.039001,59.991600,-71.900009
34,8,409.040009,-176.295685,609.594238,-79.908325,400.000000,840.039001,59.991600,-71.900009
34,9,603.020020,814.763062,1687.786255,59.991600,400.000000,840.039001,59.991600,-71.900009
34,10,583.669983,195.292435,1723.845703,59.991600,400.000000,840.039001,59.991600,-71.900009
34,11,579.780029,72.933899,1679.760254,59.991600,400.000000,840.039001,59.991600,-71.900009
34,12,867.739990,-607.842896,1436.151733,59.991600,400.000000,840.039001,59.991600,-71.900009
35,3,495.100006,414.255859,42.834614,-109.342575,400.000000,840.039001,59.991600,-71.900009
35,4,624.780029,115.960350,-85.058487,59.991600,400.000000,840.039001,59.991600,-71.900009
35,5,393.070007,682.934570,215.808060,-106.126961,400.000000,840.039001,59.991600,-71.900009
35,6,396.839996,541.418701,165.958923,-107.720230,400.000000,840.039001,59.991600,-71.900009
35,7,407.200012,999.506348,993.905334,-79.279007,400.000000,840.039001,59.991600,-71.900009
35,8,409.040009,-176.295685,609.594238,-79.908325,400.000000,840.039001,59.991600,-71.900009
35,9,603.020020,814.763062,1687.786255,59.991600,400.000000,840.039001,59.991600,-71.900009
35,10,583.669983,195.292435,1723.845703,59.991600,400.000000,840.039001,59.991600,-71.900009
35,11,579.780029,72.933899,1679.760254,59.991600,400.000000,840.039001,59.991600,-71.900009
35,12,867.739990,-607.842896,1436.151733,59.991600,400.000000,840.039001,59.991600,-71.900009
36,3,495.100006,414.255859,42.834614,-109.342575,400.000000,840.039001,59.991600,-71.900009
36,4,624.780029,115.960350,-85.058487,59.991600,400.000000,840.039001,59.991600,-71.900009
36,5,393.070007,682.934570,215.808060,-106.126961,400.000000,840.039001,59.991600,-71.900009
36,6,396.839996,541.418701,165.958923,-107.720230,400.000000,840.039001,59.991600,-71.900009
36,7,407.200012,999.506348,993.905334,-79.279007,400.000000,840.039001,59.991600,-71.900009
36,8,409.040009,-176.295685,609.594238,-79.908325,400.000000,840.039001,59.991600,-71.900009
36,9,603.020020,814.763062,1687.786255,59.991600,400.000000,840.039001,59.991600,-71.900009
36,10,583.669983,195.292435,1723.845703,59.991600,400.000000,840.039001,59.991600,-71.900009
36,11,579.780029,72.933899,1679.760254,59.991600,400.000000,840.039001,59.991600,-71.900009
36,12,867.739990,-607.842896,1436.151733,59.991600,400.000000,840.039001,59.991600,-71.900009
37,6,440.019989,637.673340,62.659203,-125.968880,429.980499,760.058472,59.991600,-67.500000
37,7,413.589996,1021.462952,961.762878,-81.464508,429.980499,760.058472,59.991600,-67.500000
37,8,419.750000,-136.235184,482.228607,-83.571358,429.980499,760.058472,59.991600,-67.500000
37,9,632.419983,787.323364,1665.166748,59.991600,429.980499,760.058472,59.991600,-67.500000
37,10,476.989990,198.895996,1526.995972,59.991600,429.980499,760.058472,59.991600,-67.500000
37,11,476.369995,79.028923,1476.674316,59.991600,429.980499,760.058472,59.991600,-67.500000
37,12,825.780029,-583.406372,1257.718506,59.991600,429.980499,760.058472,59.991600,-67.500000
38,6,440.019989,637.673340,62.659203,-125.968880,429.980499,760.058472,59.991600,-67.500000
38,7,413.589996,1021.462952,961.762878,-81.464508,429.980499,760.058472,59.991600,-67.500000
38,8,419.750000,-136.235184,482.228607,-83.571358,429.980499,760.058472,59.991600,-67.500000
38,9,632.419983,787.323364,1665.166748,59.991600,429.980499,760.058472,59.991600,-67.500000
38,10,476.989990,198.895996,1526.995972,59.991600,429.980499,760.058472,59.991600,-67.500000
38,11,476.369995,79.028923,1476.674316,59.991600,429.980499,760.058472,59.991600,-67.500000
38,12,825.780029,-583.406372,1257.718506,59.991600,429.980499,760.058472,59.991600,-67.500000
39,6,440.019989,637.673340,62.659203,-125.968880,429.980499,760.058472,59.991600,-67.500000
39,7,413.589996,1021.462952,961.762878,-81.464508,429.980499,760.058472,59.991600,-67.500000
39,8,419.750000,-136.235184,482.228607,-83.571358,429.980499,760.058472,59.991600,-67.500000
39,9,632.419983,787.323364,1665.166748,59.991600,429.980499,760.058472,59.991600,-67.500000
39,10,476.989990,198.895996,1526.995972,59.991600,429.980499,760.058472,59.991600,-67.500000
39,11,476.369995,79.028923,1476.674316,59.991600,429.980499,760.058472,59.991600,-67.500000
39,12,825.780029,-583.406372,1257.718506,59.991600,429.980499,760.058472,59.991600,-67.500000
40,6,440.019989,637.673340,62.659203,-125.968880,429.980499,760.058472,59.991600,-67.500000
40,7,413.589996,1021.462952,961.762878,-81.464508,429.980499,760.058472,59.991600,-67.500000
40,8,419.750000,-136.235184,482.228607,-83.571358,429.980499,760.058472,59.991600,-67.500000
40,9,632.419983,787.323364,1665.166748,59.991600,429.980499,760.058472,59.991600,-67.500000
40,10,476.989990,198.895996,1526.995972,59.991600,429.980499,760.058472,59.991600,-67.500000
40,11,476.369995,79.028923,1476.674316,59.991600,429.980499,760.058472,59.991600,-67.500000
40,12,825.780029,-583.406372,1257.718506,59.991600,429.980499,760.058472,59.991600,-67.500000
41,6,440.019989,637.673340,62.659203,-125.968880,429.980499,760.058472,59.991600,-67.500000
41,7,413.589996,1021.462952,961.762878,-81.464508,429.980499,760.058472,59.991600,-67.500000
41,8,419.750000,-136.235184,482.228607,-83.571358,429.980499,760.058472,59.991600,-67.500000
41,9,632.419983,787.323364,1665.166748,59.991600,429.980499,760.058472,59.991600,-67.500000
41,10,476.989990,198.895996,1526.995972,59.991600,429.980499,760.058472,59.991600,-67.500000
41,11,476.369995,79.028923,1476.674316,59.991600,429.980499,760.058472,59.991600,-67.500000
41,12,825.780029,-583.406372,1257.718506,59.991600,429.980499,760.058472,59.991600,-67.500000
42,6,440.019989,637.673340,62.659203,-125.968880,429.980499,760.058472,59.991600,-67.500000
42,7,413.589996,1021.462952,961.762878,-81.464508,429.980499,760.058472,59.991600,-67.500000
42,8,419.750000,-136.235184,482.228607,-83.571358,429.980499,760.058472,59.991600,-67.500000
42,9,632.419983,787.323364,1665.166748,59.991600,429.980499,760.058472,59.991600,-67.500000
42,10,476.989990,198.895996,1526.995972,59.991600,429.980499,760.058472,59.991600,-67.500000
42,11,476.369995,79.028923,1476.674316,59.991600,429.980499,760.058472,59.991600,-67.500000
42,12,825.780029,-583.406372,1257.718506,59.991600,429.980499,760.058472,59.991600,-67.500000
43,6,440.019989,637.673340,62.659203,-125.968880,429.980499,760.058472,59.991600,-67.500000
43,7,413.589996,1021.462952,961.762878,-81.464508,429.980499,760.058472,59.991600,-67.500000
43,8,419.750000,-136.235184,482.228607,-83.571358,429.980499,760.058472,59.991600,-67.500000
43,9,632.419983,787.323364,1665.166748,59.991600,429.980499,760.058472,59.991600,-67.500000
43,10,476.989990,198.895996,1526.995972,59.991600,429.980499,760.058472,59.991600,-67.500000
43,11,476.369995,79.028923,1476.674316,59.991600,429.980499,760.058472,59.991600,-67.500000
43,12,825.780029,-583.406372,1257.718506,59.991600,429.980499,760.058472,59.991600,-67.500000
44,6,440.019989,637.673340,62.659203,-125.968880,429.980499,760.058472,59.991600,-67.500000
44,7,413.589996,1021.462952,961.762878,-81.464508,429.980499,760.058472,59.991600,-67.500000
44,8,419.750000,-136.235184,482.228607,-83.571358,429.980499,760.058472,59.991600,-67.500000
44,9,632.419983,787.323364,1665.166748,59.991600,429.980499,760.058472,59.991600,-67.500000
44,10,476.989990,198.895996,1526.995972,59.991600,429.980499,760.058472,59.991600,-67.500000
44,11,476.369995,79.028923,1476.674316,59.991600,429.980499,760.058472,59.991600,-67.500000
44,12,825.780029,-583.406372,1257.718506,59.991600,429.980499,760.058472,59.991600,-67.500000
45,6,440.019989,637.673340,62.659203,-125.968880,429.980499,760.058472,59.991600,-67.500000
45,7,413.589996,1021.462952,961.762878,-81.464508,429.980499,760.058472,59.991600,-67.500000
45,8,419.750000,-136.235184,482.228607,-83.571358,429.980499,760.058472,59.991600,-67.500000
45,9,632.419983,787.323364,1665.166748,59.991600,429.980499,760.058472,59.991600,-67.500000
45,10,476.989990,198.895996,1526.995972,59.991600,429.980499,760.058472,59.991600,-67.500000
45,11,476.369995,79.028923,1476.674316,59.991600,429.980499,760.058472,59.991600,-67.500000
45,12,825.780029,-583.406372,1257.718506,59.991600,429.980499,760.058472,59.991600,-67.500000
46,6,440.019989,637.673340,62.659203,-125.968880,429.980499,760.058472,59.991600,-67.500000
46,7,413.589996,1021.462952,961.762878,-81.464508,429.980499,760.058472,59.991600,-67.500000
46,8,419.750000,-136.235184,482.228607,-83.571358,429.980499,760.058472,59.991600,-67.500000
46,9,632.419983,787.323364,1665.166748,59.991600,429.980499,760.058472,59.991600,-67.500000
46,10,476.989990,198.895996,1526.995972,59.991600,429.980499,760.058472,59.991600,-67.500000
46,11,476.369995,79.028923,1476.674316,59.991600,429.980499,760.058472,59.991600,-67.500000
46,12,825.780029,-583.406372,1257.718506,59.991600,429.980499,760.058472,59.991600,-67.500000
47,6,440.019989,637.673340,62.659203,-125.968880,429.980499,760.058472,59.991600,-67.500000
47,7,413.589996,1021.462952,961.762878,-81.464508,429.980499,760.058472,59.991600,-67.500000
47,8,419.750000,-136.235184,482.228607,-83.571358,429.980499,760.058472,59.991600,-67.500000
47,9,632.419983,787.323364,1665.166748,59.991600,429.980499,760.058472,59.991600,-67.500000
47,10,476.989990,198.895996,1526.995972,59.991600,429.980499,760.058472,59.991600,-67.500000
47,11,476.369995,79.028923,1476.674316,59.991600,429.980499,760.058472,59.991600,-67.500000
47,12,825.780029,-583.406372,1257.718506,59.991600,429.980499,760.058472,59.991600,-67.500000
48,6,440.019989,637.673340,62.659203,-125.968880,429.980499,760.058472,59.991600,-67.500000
48,7,413.589996,1021.462952,961.762878,-81.464508,429.980499,760.058472,59.991600,-67.500000
48,8,419.750000,-136.235184,482.228607,-83.571358,429.980499,760.058472,59.991600,-67.500000
48,9,632.419983,787.323364,1665.166748,59.991600,429.980499,760.058472,59.991600,-67.500000
48,10,476.989990,198.895996,1526.995972,59.991600,429.980499,760.058472,59.991600,-67.500000
48,11,476.369995,79.028923,1476.674316,59.991600,429.980499,760.058472,59.991600,-67.500000
48,12,825.780029,-583.406372,1257.718506,59.991600,429.980499,760.058472,59.991600,-67.500000
49,6,440.019989,637.673340,62.659203,-125.968880,429.980499,760.058472,59.991600,-67.500000
49,7,413.589996,1021.462952,961.762878,-81.464508,429.980499,760.058472,59.991600,-67.500000
49,8,419.750000,-136.235184,482.228607,-83.571358,429.980499,760.058472,59.991600,-67.500000
49,9,632.419983,787.323364,1665.166748,59.991600,429.980499,760.058472,59.991600,-67.500000
49,10,476.989990,198.895996,1526.995972,59.991600,429.980499,760.058472,59.991600,-67.500000
49,11,476.369995,79.028923,1476.674316,59.991600,429.980499,760.058472,59.991600,-67.500000
49,12,825.780029,-583.406372,1257.718506,59.991600,429.980499,760.058472,59.991600,-67.500000
50,1,655.070007,1104.447876,-33.667542,-164.055542,469.970703,670.019470,59.991600,-65.500000
50,3,668.219971,585.765076,-282.805603,-168.553085,469.970703,670.019470,59.991600,-65.500000
50,5,518.789978,867.974976,-22.464602,-159.258514,469.970703,670.019470,59.991600,-65.500000
50,6,522.309998,732.803772,-87.571564,-160.746140,469.970703,670.019470,59.991600,-65.500000
50,7,372.619995,1019.020691,876.278076,-67.451942,469.970703,670.019470,59.991600,-65.500000
50,8,422.500000,-88.555412,371.526581,-84.511909,469.970703,670.019470,59.991600,-65.500000
50,9,624.140015,793.295349,1579.068726,59.991600,469.970703,670.019470,59.991600,-65.500000
50,10,213.660004,321.462402,1188.804932,59.991600,469.970703,670.019470,59.991600,-65.500000
50,11,224.509995,198.668015,1144.767822,59.991600,469.970703,670.019470,59.991600,-65.500000
50,12,660.159973,-410.680695,1060.708374,59.991600,469.970703,670.019470,59.991600,-65.500000
51,1,655.070007,1104.447876,-33.667542,-164.055542,469.970703,670.019470,59.991600,-65.500000
51,3,668.219971,585.765076,-282.805603,-168.553085,469.970703,670.019470,59.991600,-65.500000
51,5,518.789978,867.974976,-22.464602,-159.258514,469.970703,670.019470,59.991600,-65.500000
51,6,522.309998,732.803772,-87.571564,-160.746140,469.970703,670.019470,59.991600,-65.500000
51,7,372.619995,1019.020691,876.278076,-67.451942,469.970703,670.019470,59.991600,-65.500000
51,8,422.500000,-88.555412,371.526581,-84.511909,469.970703,670.019470,59.991600,-65.500000
51,9,624.140015,793.295349,1579.068726,59.991600,469.970703,670.019470,59.991600,-65.500000
51,10,213.660004,321.462402,1188.804932,59.991600,469.970703,670.019470,59.991600,-65.500000
51,11,224.509995,198.668015,1144.767822,59.991600,469.970703,670.019470,59.991600,-65.500000
51,12,660.159973,-410.680695,1060.708374,59.991600,469.970703,670.019470,59.991600,-65.500000
52,1,655.070007,1104.447876,-33.667542,-164.055542,469.970703,670.019470,59.991600,-65.500000
52,3,668.219971,585.765076,-282.805603,-168.553085,469.970703,670.019470,59.991600,-65.500000
52,5,518.789978,867.974976,-22.464602,-159.258514,469.970703,670.019470,59.991600,-65.500000
52,6,522.309998,732.803772,-87.571564,-160.746140,469.970703,670.019470,59.991600,-65.500000
52,7,372.619995,1019.020691,876.278076,-67.451942,469.970703,670.019470,59.991600,-65.500000
52,8,422.500000,-88.555412,371.526581,-84.511909,469.970703,670.019470,59.991600,-65.500000
52,9,624.140015,793.295349,1579.068726,59.991600,469.970703,670.019470,59.991600,-65.500000
52,10,213.660004,321.462402,1188.804932,59.991600,469.970703,670.019470,59.991600,-65.500000
52,11,224.509995,198.668015,1144.767822,59.991600,469.970703,670.019470,59.991600,-65.500000
52,12,660.159973,-410.680695,1060.708374,59.991600,469.970703,670.019470,59.991600,-65.500000
53,1,655.070007,1104.447876,-33.667542,-164.055542,469.970703,670.019470,59.991600,-65.500000
53,3,668.219971,585.765076,-282.805603,-168.553085,469.970703,670.019470,59.991600,-65.500000
53,5,518.789978,867.974976,-22.464602,-159.258514,469.970703,670.019470,59.991600,-65.500000
53,6,522.309998,732.803772,-87.571564,-160.746140,469.970703,670.019470,59.991600,-65.500000
53,7,372.619995,1019.020691,876.278076,-67.451942,469.970703,670.019470,59.991600,-65.500000
53,8,422.500000,-88.555412,371.526581,-84.511909,469.970703,670.019470,59.991600,-65.500000
53,9,624.140015,793.295349,1579.068726,59.991600,469.970703,670.019470,59.991600,-65.500000
53,10,213.660004,321.462402,1188.804932,59.991600,469.970703,670.019470,59.991600,-65.500000
53,11,224.509995,198.668015,1144.767822,59.991600,469.970703,670.019470,59.991600,-65.500000
53,12,660.159973,-410.680695,1060.708374,59.991600,469.970703,670.019470,59.991600,-65.500000
54,1,655.070007,1104.447876,-33.667542,-164.055542,469.970703,670.019470,59.991600,-65.500000
54,3,668.219971,585.765076,-282.805603,-168.553085,469.970703,670.019470,59.991600,-65.500000
54,5,518.789978,867.974976,-22.464602,-159.258514,469.970703,670.019470,59.991600,-65.500000
54,6,522.309998,732.803772,-87.571564,-160.746140,469.970703,670.019470,59.991600,-65.500000
54,7,372.619995,1019.020691,876.278076,-67.451942,469.970703,670.019470,59.991600,-65.500000
54,8,422.500000,-88.555412,371.526581,-84.511909,469.970703,670.019470,59.991600,-65.500000
54,9,624.140015,793.295349,1579.068726,59.991600,469.970703,670.019470,59.991600,-65.500000
54,10,213.660004,321.462402,1188.804932,59.991600,469.970703,670.019470,59.991600,-65.500000
54,11,224.509995,198.668015,1144.767822,59.991600,469.970703,670.019470,59.991600,-65.500000
54,12,660.159973,-410.680695,1060.708374,59.991600,469.970703,670.019470,59.991600,-65.500000
55,1,655.070007,1104.447876,-33.667542,-164.055542,469.970703,670.019470,59.991600,-65.500000
55,3,668.219971,585.765076,-282.805603,-168.553085,469.970703,670.019470,59.991600,-65.500000
55,5,518.789978,867.974976,-22.464602,-159.258514,469.970703,670.019470,59.991600,-65.500000
55,6,522.309998,732.803772,-87.571564,-160.746140,469.970703,670.019470,59.991600,-65.500000
55,7,372.619995,1019.020691,876.278076,-67.451942,469.970703,670.019470,59.991600,-65.500000
55,8,422.500000,-88.555412,371.526581,-84.511909,469.970703,670.019470,59.991600,-65.500000
55,9,624.140015,793.295349,1579.068726,59.991600,469.970703,670.019470,59.991600,-65.500000
55,10,213.660004,321.462402,1188.804932,59.991600,469.970703,670.019470,59.991600,-65.500000
55,11,224.509995,198.668015,1144.767822,59.991600,469.970703,670.019470,59.991600,-65.500000
55,12,660.159973,-410.680695,1060.708374,59.991600,469.970703,670.019470,59.991600,-65.500000
56,1,655.070007,1104.447876,-33.667542,-164.055542,469.970703,670.019470,59.991600,-65.500000
56,3,668.219971,585.765076,-282.805603,-168.553085,469.970703,670.019470,59.991600,-65.500000
56,5,518.789978,867.974976,-22.464602,-159.258514,469.970703,670.019470,59.991600,-65.500000
56,6,522.309998,732.803772,-87.571564,-160.746140,469.970703,670.019470,59.991600,-65.500000
56,7,372.619995,1019.020691,876.278076,-67.451942,469.970703,670.019470,59.991600,-65.500000
56,8,422.500000,-88.555412,371.526581,-84.511909,469.970703,670.019470,59.991600,-65.500000
56,9,624.140015,793.295349,1579.068726,59.991600,469.970703,670.019470,59.991600,-65.500000
56,10,213.660004,321.462402,1188.804932,59.991600,469.970703,670.019470,59.991600,-65.500000
56,11,224.509995,198.668015,1144.767822,59.991600,469.970703,670.019470,59.991600,-65.500000
56,12,660.159973,-410.680695,1060.708374,59.991600,469.970703,670.019470,59.991600,-65.500000
57,1,655.070007,1104.447876,-33.667542,-164.055542,469.970703,670.019470,59.991600,-65.500000
57,3,668.219971,585.765076,-282.805603,-168.553085,469.970703,670.019470,59.991600,-65.500000
57,5,518.789978,867.974976,-22.464602,-159.258514,469.970703,670.019470,59.991600,-65.500000
57,6,522.309998,732.803772,-87.571564,-160.746140,469.970703,670.019470,59.991600,-65.500000
57,7,372.619995,1019.020691,876.278076,-67.451942,469.970703,670.019470,59.991600,-65.500000
57,8,422.500000,-88.555412,371.526581,-84.511909,469.970703,670.019470,59.991600,-65.500000
57,9,624.140015,793.295349,1579.068726,59.991600,469.970703,670.019470,59.991600,-65.500000
57,10,213.660004,321.462402,1188.804932,59.991600,469.970703,670.019470,59.991600,-65.500000
57,11,224.509995,198.668015,1144.767822,59.991600,469.970703,670.019470,59.991600,-65.500000
57,12,660.159973,-410.680695,1060.708374,59.991600,469.970703,670.019470,59.991600,-65.500000
58,1,655.070007,1104.447876,-33.667542,-164.055542,469.970703,670.019470,59.991600,-65.500000
58,3,668.219971,585.765076,-282.805603,-168.553085,469.970703,670.019470,59.991600,-65.500000
58,5,518.789978,867.974976,-22.464602,-159.258514,469.970703,670.019470,59.991600,-65.500000
58,6,522.309998,732.803772,-87.571564,-160.746140,469.970703,670.019470,59.991600,-65.500000
58,7,372.619995,1019.020691,876.278076,-67.451942,469.970703,670.019470,59.991600,-65.500000
58,8,422.500000,-88.555412,371.526581,-84.511909,469.970703,670.019470,59.991600,-65.500000
58,9,624.140015,793.295349,1579.068726,59.991600,469.970703,670.019470,59.991600,-65.500000
58,10,213.660004,321.462402,1188.804932,59.991600,469.970703,670.019470,59.991600,-65.500000
58,11,224.509995,198.668015,1144.767822,59.991600,469.970703,670.019470,59.991600,-65.500000
58,12,660.159973,-410.680695,1060.708374,59.991600,469.970703,670.019470,59.991600,-65.500000
59,1,655.070007,1104.447876,-33.667542,-164.055542,469.970703,670.019470,59.991600,-65.500000
59,3,668.219971,585.765076,-282.805603,-168.553085,469.970703,670.019470,59.991600,-65.500000
59,5,518.789978,867.974976,-22.464602,-159.258514,469.970703,670.019470,59.991600,-65.500000
59,6,522.309998,732.803772,-87.571564,-160.746140,469.970703,670.019470,59.991600,-65.500000
59,7,372.619995,1019.020691,876.278076,-67.451942,469.970703,670.019470,59.991600,-65.500000
59,8,422.500000,-88.555412,371.526581,-84.511909,469.970703,670.019470,59.991600,-65.500000
59,9,624.140015,793.295349,1579.068726,59.991600,469.970703,670.019470,59.991600,-65.500000
59,10,213.660004,321.462402,1188.804932,59.991600,469.970703,670.019470,59.991600,-65.500000
59,11,224.509995,198.668015,1144.767822,59.991600,469.970703,670.019470,59.991600,-65.500000
59,12,660.159973,-410.680695,1060.708374,59.991600,469.970703,670.019470,59.991600,-65.500000
60,1,635.010010,1131.274780,-100.203102,-167.192215,510.009796,590.039001,49.993999,-65.500000
60,3,619.349976,622.201111,-317.004913,-161.836166,510.009796,590.039001,49.993999,-65.500000
60,5,497.730011,900.098877,-85.076843,-160.355789,510.009796,590.039001,49.993999,-65.500000
60,6,493.420013,761.984863,-143.726349,-158.534302,510.009796,590.039001,49.993999,-65.500000
60,7,370.559998,1057.298340,795.494812,-76.744980,510.009796,590.039001,49.993999,-65.500000
60,8,384.390015,-15.929078,306.396942,-81.475128,510.009796,590.039001,49.993999,-65.500000
60,9,515.729980,804.363159,1394.620972,49.993999,510.009796,590.039001,49.993999,-65.500000
60,10,192.059998,370.458893,1089.169189,49.993999,510.009796,590.039001,49.993999,-65.500000
60,11,196.110001,250.484406,1038.944458,49.993999,510.009796,590.039001,49.993999,-65.500000
60,12,578.460022,-296.900421,945.555115,49.993999,510.009796,590.039001,49.993999,-65.500000
60,16,974.219971,551.535278,-699.910278,49.993999,510.009796,590.039001,49.993999,-65.500000
61,1,635.010010,1131.274780,-100.203102,-167.192215,510.009796,590.039001,49.993999,-65.500000
61,3,619.349976,622.201111,-317.004913,-161.836166,510.009796,590.039001,49.993999,-65.500000
61,5,497.730011,900.098877,-85.076843,-160.355789,510.009796,590.039001,49.993999,-65.500000
61,6,493.420013,761.984863,-143.726349,-158.534302,510.009796,590.039001,49.993999,-65.500000
61,7,370.559998,1057.298340,795.494812,-76.744980,510.009796,590.039001,49.993999,-65.500000
61,8,384.390015,-15.929078,306.396942,-81.475128,510.009796,590.039001,49.993999,-65.500000
61,9,515.729980,804.363159,1394.620972,49.993999,510.009796,590.039001,49.993999,-65.500000
61,10,192.059998,370.458893,1089.169189,49.993999,510.009796,590.039001,49.993999,-65.500000
61,11,196.110001,250.484406,1038.944458,49.993999,510.009796,590.039001,49.993999,-65.500000
61,12,578.460022,-296.900421,945.555115,49.993999,510.009796,590.039001,49.993999,-65.500000
61,16,974.219971,551.535278,-699.910278,49.993999,510.009796,590.039001,49.993999,-65.500000
62,1,635.010010,1131.274780,-100.203102,-167.192215,510.009796,590.039001,49.993999,-65.500000
62,3,619.349976,622.201111,-317.004913,-161.836166,510.009796,590.039001,49.993999,-65.500000
62,5,497.730011,900.098877,-85.076843,-160.355789,510.009796,590.039001,49.993999,-65.500000
62,6,493.420013,761.984863,-143.726349,-158.534302,510.009796,590.039001,49.993999,-65.500000
62,7,370.559998,1057.298340,795.494812,-76.744980,510.009796,590.039001,49.993999,-65.500000
62,8,384.390015,-15.929078,306.396942,-81.475128,510.009796,590.039001,49.993999,-65.500000
62,9,515.729980,804.363159,1394.620972,49.993999,510.009796,590.039001,49.993999,-65.500000
62,10,192.059998,370.458893,1089.169189,49.993999,510.009796,590.039001,49.993999,-65.500000
62,11,196.110001,250.484406,1038.944458,49.993999,510.009796,590.039001,49.993999,-65.500000
62,12,578.460022,-296.900421,945.555115,49.993999,510.009796,590.039001,49.993999,-65.500000
62,16,974.219971,551.535278,-699.910278,49.993999,510.009796,590.039001,49.993999,-65.500000
63,1,635.010010,1131.274780,-100.203102,-167.192215,510.009796,590.039001,49.993999,-65.500000
63,3,619.349976,622.201111,-317.004913,-161.836166,510.009796,590.039001,49.993999,-65.500000
63,5,497.730011,900.098877,-85.076843,-160.355789,510.009796,590.039001,49.993999,-65.500000
63,6,493.420013,761.984863,-143.726349,-158.534302,510.009796,590.039001,49.993999,-65.500000
63,7,370.559998,1057.298340,795.494812,-76.744980,510.009796,590.039001,49.993999,-65.500000
63,8,384.390015,-15.929078,306.396942,-81.475128,510.009796,590.039001,49.993999,-65.500000
63,9,515.729980,804.363159,1394.620972,49.993999,510.009796,590.039001,49.993999,-65.500000
63,10,192.059998,370.458893,1089.169189,49.993999,510.009796,590.039001,49.993999,-65.500000
63,11,196.110001,250.484406,1038.944458,49.993999,510.009796,590.039001,49.993999,-65.500000
63,12,578.460022,-296.900421,945.555115,49.993999,510.009796,590.039001,49.993999,-65.500000
63,16,974.219971,551.535278,-699.910278,49.993999,510.009796,590.039001,49.993999,-65.500000
64,1,635.010010,1131.274780,-100.203102,-167.192215,510.009796,590.039001,49.993999,-65.500000
64,3,619.349976,622.201111,-317.004913,-161.836166,510.009796,590.039001,49.993999,-65.500000
64,5,497.730011,900.098877,-85.076843,-160.355789,510.009796,590.039001,49.993999,-65.500000
64,6,493.420013,761.984863,-143.726349,-158.534302,510.009796,590.039001,49.993999,-65.500000
64,7,370.559998,1057.298340,795.494812,-76.744980,510.009796,590.039001,49.993999,-65.500000
64,8,384.390015,-15.929078,306.396942,-81.475128,510.009796,590.039001,49.993999,-65.500000
64,9,515.729980,804.363159,1394.620972,49.993999,510.009796,590.039001,49.993999,-65.500000
64,10,192.059998,370.458893,1089.169189,49.993999,510.009796,590.039001,49.993999,-65.500000
64,11,196.110001,250.484406,1038.944458,49.993999,510.009796,590.039001,49.993999,-65.500000
64,12,578.460022,-296.900421,945.555115,49.993999,510.009796,590.039001,49.993999,-65.500000
64,16,974.219971,551.535278,-699.910278,49.993999,510.009796,590.039001,49.993999,-65.500000
65,1,635.010010,1131.274780,-100.203102,-167.192215,510.009796,590.039001,49.993999,-65.500000
65,3,619.349976,622.201111,-317.004913,-161.836166,510.009796,590.039001,49.993999,-65.500000
65,5,497.730011,900.098877,-85.076843,-160.355789,510.009796,590.039001,49.993999,-65.500000
65,6,493.420013,761.984863,-143.726349,-158.534302,510.009796,590.039001,49.993999,-65.500000
65,7,370.559998,1057.298340,795.494812,-76.744980,510.009796,590.039001,49.993999,-65.500000
65,8,384.390015,-15.929078,306.396942,-81.475128,510.009796,590.039001,49.993999,-65.500000
65,9,515.729980,804.363159,1394.620972,49.993999,510.009796,590.039001,49.993999,-65.500000
65,10,192.059998,370.458893,1089.169189,49.993999,510.009796,590.039001,49.993999,-65.500000
65,11,196.110001,250.484406,1038.944458,49.993999,510.009796,590.039001,49.993999,-65.500000
65,12,578.460022,-296.900421,945.555115,49.993999,510.009796,590.039001,49.993999,-65.500000
65,16,974.219971,551.535278,-699.910278,49.993999,510.009796,590.039001,49.993999,-65.500000
66,1,635.010010,1131.274780,-100.203102,-167.192215,510.009796,590.039001,49.993999,-65.500000
66,3,619.349976,622.201111,-317.004913,-161.836166,510.009796,590.039001,49.993999,-65.500000
66,5,497.730011,900.098877,-85.076843,-160.355789,510.009796,590.039001,49.993999,-65.500000
66,6,493.420013,761.984863,-143.726349,-158.534302,510.009796,590.039001,49.993999,-65.500000
66,7,370.559998,1057.298340,795.494812,-76.744980,510.009796,590.039001,49.993999,-65.500000
66,8,384.390015,-15.929078,306.396942,-81.475128,510.009796,590.039001,49.993999,-65.500000
66,9,515.729980,804.363159,1394.620972,49.993999,510.009796,590.039001,49.993999,-65.500000
66,10,192.059998,370.458893,1089.169189,49.993999,510.009796,590.039001,49.993999,-65.500000
66,11,196.110001,250.484406,1038.944458,49.993999,510.009796,590.039001,49.993999,-65.500000
66,12,578.460022,-296.900421,945.555115,49.993999,510.009796,590.039001,49.993999,-65.500000
66,16,974.219971,551.535278,-699.910278,49.993999,510.009796,590.039001,49.993999,-65.500000
67,1,635.010010,1131.274780,-100.203102,-167.192215,510.009796,590.039001,49.993999,-65.500000
67,3,619.349976,622.201111,-317.004913,-161.836166,510.009796,590.039001,49.993999,-65.500000
67,5,497.730011,900.098877,-85.076843,-160.355789,510.009796,590.039001,49.993999,-65.500000
67,6,493.420013,761.984863,-143.726349,-158.534302,510.009796,590.039001,49.993999,-65.500000
67,7,370.559998,1057.298340,795.494812,-76.744980,510.009796,590.039001,49.993999,-65.500000
67,8,384.390015,-15.929078,306.396942,-81.475128,510.009796,590.039001,49.993999,-65.500000
67,9,515.729980,804.363159,1394.620972,49.993999,510.009796,590.039001,49.993999,-65.500000
67,10,192.059998,370.458893,1089.169189,49.993999,510.009796,590.039001,49.993999,-65.500000
67,11,196.110001,250.484406,1038.944458,49.993999,510.009796,590.039001,49.993999,-65.500000
67,12,578.460022,-296.900421,945.555115,49.993999,510.009796,590.039001,49.993999,-65.500000
67,16,974.219971,551.535278,-699.910278,49.993999,510.009796,590.039001,49.993999,-65.500000
68,1,635.010010,1131.274780,-100.203102,-167.192215,510.009796,590.039001,49.993999,-65.500000
68,3,619.349976,622.201111,-317.004913,-161.836166,510.009796,590.039001,49.993999,-65.500000
68,5,497.730011,900.098877,-85.076843,-160.355789,510.009796,590.039001,49.993999,-65.500000
68,6,493.420013,761.984863,-143.726349,-158.534302,510.009796,590.039001,49.993999,-65.500000
68,7,370.559998,1057.298340,795.494812,-76.744980,510.009796,590.039001,49.993999,-65.500000
68,8,384.390015,-15.929078,306.396942,-81.475128,510.009796,590.039001,49.993999,-65.500000
68,9,515.729980,804.363159,1394.620972,49.993999,510.009796,590.039001,49.993999,-65.500000
68,10,192.059998,370.458893,1089.169189,49.993999,510.009796,590.039001,49.993999,-65.500000
68,11,196.110001,250.484406,1038.944458,49.993999,510.009796,590.039001,49.993999,-65.500000
68,12,578.460022,-296.900421,945.555115,49.993999,510.009796,590.039001,49.993999,-65.500000
68,16,974.219971,551.535278,-699.910278,49.993999,510.009796,590.039001,49.993999,-65.500000
69,1,635.010010,1131.274780,-100.203102,-167.192215,510.009796,590.039001,49.993999,-65.500000
69,3,619.349976,622.201111,-317.004913,-161.836166,510.009796,590.039001,49.993999,-65.500000
69,5,497.730011,900.098877,-85.076843,-160.355789,510.009796,590.039001,49.993999,-65.500000
69,6,493.420013,761.984863,-143.726349,-158.534302,510.009796,590.039001,49.993999,-65.500000
69,7,370.559998,1057.298340,795.494812,-76.744980,510.009796,590.039001,49.993999,-65.500000
69,8,384.390015,-15.929078,306.396942,-81.475128,510.009796,590.039001,49.993999,-65.500000
69,9,515.729980,804.363159,1394.620972,49.993999,510.009796,590.039001,49.993999,-65.500000
69,10,192.059998,370.458893,1089.169189,49.993999,510.009796,590.039001,49.993999,-65.500000
69,11,196.110001,250.484406,1038.944458,49.993999,510.009796,590.039001,49.993999,-65.500000
69,12,578.460022,-296.900421,945.555115,49.993999,510.009796,590.039001,49.993999,-65.500000
69,16,974.219971,551.535278,-699.910278,49.993999,510.009796,590.039001,49.993999,-65.500000
70,1,635.010010,1131.274780,-100.203102,-167.192215,510.009796,590.039001,49.993999,-65.500000
70,3,619.349976,622.201111,-317.004913,-161.836166,510.009796,590.039001,49.993999,-65.500000
70,5,497.730011,900.098877,-85.076843,-160.355789,510.009796,590.039001,49.993999,-65.500000
70,6,493.420013,761.984863,-143.726349,-158.534302,510.009796,590.039001,49.993999,-65.500000
70,7,370.559998,1057.298340,795.494812,-76.744980,510.009796,590.039001,49.993999,-65.500000
70,8,384.390015,-15.929078,306.396942,-81.475128,510.009796,590.039001,49.993999,-65.500000
70,9,515.729980,804.363159,1394.620972,49.993999,510.009796,590.039001,49.993999,-65.500000
70,10,192.059998,370.458893,1089.169189,49.993999,510.009796,590.039001,49.993999,-65.500000
70,11,196.110001,250.484406,1038.944458,49.993999,510.009796,590.039001,49.993999,-65.500000
70,12,578.460022,-296.900421,945.555115,49.993999,510.009796,590.039001,49.993999,-65.500000
70,16,974.219971,551.535278,-699.910278,49.993999,510.009796,590.039001,49.993999,-65.500000
71,1,522.130005,1104.778931,-126.452171,-128.584976,560.009827,490.039001,49.993999,-65.699997
71,3,499.070007,660.559692,-304.682953,-120.697998,560.009827,490.039001,49.993999,-65.699997
71,4,625.669983,377.453247,-461.209259,49.993999,560.009827,490.039001,49.993999,-65.699997
71,5,416.619995,917.489258,-119.436539,-126.077217,560.009827,490.039001,49.993999,-65.699997
71,6,409.140015,777.989075,-174.985153,-122.916039,560.009827,490.039001,49.993999,-65.699997
71,7,384.089996,1119.599731,698.815247,-81.372513,560.009827,490.039001,49.993999,-65.699997
71,8,372.510010,43.258545,212.828461,-77.411926,560.009827,490.039001,49.993999,-65.699997
71,9,458.010010,841.550781,1238.022095,49.993999,560.009827,490.039001,49.993999,-65.699997
71,10,367.279999,350.096436,1149.349365,49.993999,560.009827,490.039001,49.993999,-65.699997
71,11,362.079987,233.753891,1091.113159,49.993999,560.009827,490.039001,49.993999,-65.699997
71,12,689.929993,-346.097565,896.709473,49.993999,560.009827,490.039001,49.993999,-65.699997
71,16,634.900024,542.196899,-465.187561,49.993999,560.009827,490.039001,49.993999,-65.699997
72,1,522.130005,1104.778931,-126.452171,-128.584976,560.009827,490.039001,49.993999,-65.699997
72,3,499.070007,660.559692,-304.682953,-120.697998,560.009827,490.039001,49.993999,-65.699997
72,4,625.669983,377.453247,-461.209259,49.993999,560.009827,490.039001,49.993999,-65.699997
72,5,416.619995,917.489258,-119.436539,-126.077217,560.009827,490.039001,49.993999,-65.699997
72,6,409.140015,777.989075,-174.985153,-122.916039,560.009827,490.039001,49.993999,-65.699997
72,7,384.089996,1119.599731,698.815247,-81.372513,560.009827,490.039001,49.993999,-65.699997
72,8,372.510010,43.258545,212.828461,-77.411926,560.009827,490.039001,49.993999,-65.699997
72,9,458.010010,841.550781,1238.022095,49.993999,560.009827,490.039001,49.993999,-65.699997
72,10,367.279999,350.096436,1149.349365,49.993999,560.009827,490.039001,49.993999,-65.699997
72,11,362.079987,233.753891,1091.113159,49.993999,560.009827,490.039001,49.993999,-65.699997
72,12,689.929993,-346.097565,896.709473,49.993999,560.009827,490.039001,49.993999,-65.699997
72,16,634.900024,542.196899,-465.187561,49.993999,560.009827,490.039001,49.993999,-65.699997
73,1,522.130005,1104.778931,-126.452171,-128.584976,560.009827,490.039001,49.993999,-65.699997
73,3,499.070007,660.559692,-304.682953,-120.697998,560.009827,490.039001,49.993999,-65.699997
73,4,625.669983,377.453247,-461.209259,49.993999,560.009827,490.039001,49.993999,-65.699997
73,5,416.619995,917.489258,-119.436539,-126.077217,560.009827,490.039001,49.993999,-65.699997
73,6,409.140015,777.989075,-174.985153,-122.916039,560.009827,490.039001,49.993999,-65.699997
73,7,384.089996,1119.599731,698.815247,-81.372513,560.009827,490.039001,49.993999,-65.699997
73,8,372.510010,43.258545,212.828461,-77.411926,560.009827,490.039001,49.993999,-65.699997
73,9,458.010010,841.550781,1238.022095,49.993999,560.009827,490.039001,49.993999,-65.699997
73,10,367.279999,350.096436,1149.349365,49.993999,560.009827,490.039001,49.993999,-65.699997
73,11,362.079987,233.753891,1091.113159,49.993999,560.009827,490.039001,49.993999,-65.699997
73,12,689.929993,-346.097565,896.709473,49.993999,560.009827,490.039001,49.993999,-65.699997
73,16,634.900024,542.196899,-465.187561,49.993999,560.009827,490.039001,49.993999,-65.699997
74,1,522.130005,1104.778931,-126.452171,-128.584976,560.009827,490.039001,49.993999,-65.699997
74,3,499.070007,660.559692,-304.682953,-120.697998,560.009827,490.039001,49.993999,-65.699997
74,4,625.669983,377.453247,-461.209259,49.993999,560.009827,490.039001,49.993999,-65.699997
74,5,416.619995,917.489258,-119.436539,-126.077217,560.009827,490.039001,49.993999,-65.699997
74,6,409.140015,777.989075,-174.985153,-122.916039,560.009827,490.039001,49.993999,-65.699997
74,7,384.089996,1119.599731,698.815247,-81.372513,560.009827,490.039001,49.993999,-65.699997
74,8,372.510010,43.258545,212.828461,-77.411926,560.009827,490.039001,49.993999,-65.699997
74,9,458.010010,841.550781,1238.022095,49.993999,560.009827,490.039001,49.993999,-65.699997
74,10,367.279999,350.096436,1149.349365,49.993999,560.009827,490.039001,49.993999,-65.699997
74,11,362.079987,233.753891,1091.113159,49.993999,560.009827,490.039001,49.993999,-65.699997
74,12,689.929993,-346.097565,896.709473,49.993999,560.009827,490.039001,49.993999,-65.699997
74,16,634.900024,542.196899,-465.187561,49.993999,560.009827,490.039001,49.993999,-65.699997
75,1,522.130005,1104.778931,-126.452171,-128.584976,560.009827,490.039001,49.993999,-65.699997
75,3,499.070007,660.559692,-304.682953,-120.697998,560.009827,490.039001,49.993999,-65.699997
75,4,625.669983,377.453247,-461.209259,49.993999,560.009827,490.039001,49.993999,-65.699997
75,5,416.619995,917.489258,-119.436539,-126.077217,560.009827,490.039001,49.993999,-65.699997
75,6,409.140015,777.989075,-174.985153,-122.916039,560.009827,490.039001,49.993999,-65.699997
75,7,384.089996,1119.599731,698.815247,-81.372513,560.009827,490.039001,49.993999,-65.699997
75,8,372.510010,43.258545,212.828461,-77.411926,560.009827,490.039001,49.993999,-65.699997
75,9,458.010010,841.550781,1238.022095,49.993999,560.009827,490.039001,49.993999,-65.699997
75,10,367.279999,350.096436,1149.349365,49.993999,560.009827,490.039001,49.993999,-65.699997
75,11,362.079987,233.753891,1091.113159,49.993999,560.009827,490.039001,49.993999,-65.699997
75,12,689.929993,-346.097565,896.709473,49.993999,560.009827,490.039001,49.993999,-65.699997
75,16,634.900024,542.196899,-465.187561,49.993999,560.009827,490.039001,49.993999,-65.699997
76,1,522.130005,1104.778931,-126.452171,-128.584976,560.009827,490.039001,49.993999,-65.699997
76,3,499.070007,660.559692,-304.682953,-120.697998,560.009827,490.039001,49.993999,-65.699997
76,4,625.669983,377.453247,-461.209259,49.993999,560.009827,490.039001,49.993999,-65.699997
76,5,416.619995,917.489258,-119.436539,-126.077217,560.009827,490.039001,49.993999,-65.699997
76,6,409.140015,777.989075,-174.985153,-122.916039,560.009827,490.039001,49.993999,-65.699997
76,7,384.089996,1119.599731,698.815247,-81.372513,560.009827,490.039001,49.993999,-65.699997
76,8,372.510010,43.258545,212.828461,-77.411926,560.009827,490.039001,49.993999,-65.699997
76,9,458.010010,841.550781,1238.022095,49.993999,560.009827,490.039001,49.993999,-65.699997
76,10,367.279999,350.096436,1149.349365,49.993999,560.009827,490.039001,49.993999,-65.699997
76,11,362.079987,233.753891,1091.113159,49.993999,560.009827,490.039001,49.993999,-65.699997
76,12,689.929993,-346.097565,896.709473,49.993999,560.009827,490.039001,49.993999,-65.699997
76,16,634.900024,542.196899,-465.187561,49.993999,560.009827,490.039001,49.993999,-65.699997
77,1,522.130005,1104.778931,-126.452171,-128.584976,560.009827,490.039001,49.993999,-65.699997
77,3,499.070007,660.559692,-304.682953,-120.697998,560.009827,490.039001,49.993999,-65.699997
77,4,625.669983,377.453247,-461.209259,49.993999,560.009827,490.039001,49.993999,-65.699997
77,5,416.619995,917.489258,-119.436539,-126.077217,560.009827,490.039001,49.993999,-65.699997
77,6,409.140015,777.989075,-174.985153,-122.916039,560.009827,490.039001,49.993999,-65.699997
77,7,384.089996,1119.599731,698.815247,-81.372513,560.009827,490.039001,49.993999,-65.699997
77,8,372.510010,43.258545,212.828461,-77.411926,560.009827,490.039001,49.993999,-65.699997
77,9,458.010010,841.550781,1238.022095,49.993999,560.009827,490.039001,49.993999,-65.699997
77,10,367.279999,350.096436,1149.349365,49.993999,560.009827,490.039001,49.993999,-65.699997
77,11,362.079987,233.753891,1091.113159,49.993999,560.009827,490.039001,49.993999,-65.699997
77,12,689.929993,-346.097565,896.709473,49.993999,560.009827,490.039001,49.993999,-65.699997
77,16,634.900024,542.196899,-465.187561,49.993999,560.009827,490.039001,49.993999,-65.699997
78,1,522.130005,1104.778931,-126.452171,-128.584976,560.009827,490.039001,49.993999,-65.699997
78,3,499.070007,660.559692,-304.682953,-120.697998,560.009827,490.039001,49.993999,-65.699997
78,4,625.669983,377.453247,-461.209259,49.993999,560.009827,490.039001,49.993999,-65.699997
78,5,416.619995,917.489258,-119.436539,-126.077217,560.009827,490.039001,49.993999,-65.699997
78,6,409.140015,777.989075,-174.985153,-122.916039,560.009827,490.039001,49.993999,-65.699997
78,7,384.089996,1119.599731,698.815247,-81.372513,560.009827,490.039001,49.993999,-65.699997
78,8,372.510010,43.258545,212.828461,-77.411926,560.009827,490.039001,49.993999,-65.699997
78,9,458.010010,841.550781,1238.022095,49.993999,560.009827,490.039001,49.993999,-65.699997
78,10,367.279999,350.096436,1149.349365,49.993999,560.009827,490.039001,49.993999,-65.699997
78,11,362.079987,233.753891,1091.113159,49.993999,560.009827,490.039001,49.993999,-65.699997
78,12,689.929993,-346.097565,896.709473,49.993999,560.009827,490.039001,49.993999,-65.699997
78,16,634.900024,542.196899,-465.187561,49.993999,560.009827,490.039001,49.993999,-65.699997
79,1,522.130005,1104.778931,-126.452171,-128.584976,560.009827,490.039001,49.993999,-65.699997
79,3,499.070007,660.559692,-304.682953,-120.697998,560.009827,490.039001,49.993999,-65.699997
79,4,625.669983,377.453247,-461.209259,49.993999,560.009827,490.039001,49.993999,-65.699997
79,5,416.619995,917.489258,-119.436539,-126.077217,560.009827,490.039001,49.993999,-65.699997
79,6,409.140015,777.989075,-174.985153,-122.916039,560.009827,490.039001,49.993999,-65.699997
79,7,384.089996,1119.599731,698.815247,-81.372513,560.009827,490.039001,49.993999,-65.699997
79,8,372.510010,43.258545,212.828461,-77.411926,560.009827,490.039001,49.993999,-65.699997
79,9,458.010010,841.550781,1238.022095,49.993999,560.009827,490.039001,49.993999,-65.699997
79,10,367.279999,350.096436,1149.349365,49.993999,560.009827,490.039001,49.993999,-65.699997
79,11,362.079987,233.753891,1091.113159,49.993999,560.009827,490.039001,49.993999,-65.699997
79,12,689.929993,-346.097565,896.709473,49.993999,560.009827,490.039001,49.993999,-65.699997
79,16,634.900024,542.196899,-465.187561,49.993999,560.009827,490.039001,49.993999,-65.699997
80,1,522.130005,1104.778931,-126.452171,-128.584976,560.009827,490.039001,49.993999,-65.699997
80,3,499.070007,660.559692,-304.682953,-120.697998,560.009827,490.039001,49.993999,-65.699997
80,4,625.669983,377.453247,-461.209259,49.993999,560.009827,490.039001,49.993999,-65.699997
80,5,416.619995,917.489258,-119.436539,-126.077217,560.009827,490.039001,49.993999,-65.699997
80,6,409.140015,777.989075,-174.985153,-122.916039,560.009827,490.039001,49.993999,-65.699997
80,7,384.089996,1119.599731,698.815247,-81.372513,560.009827,490.039001,49.993999,-65.699997
80,8,372.510010,43.258545,212.828461,-77.411926,560.009827,490.039001,49.993999,-65.699997
80,9,458.010010,841.550781,1238.022095,49.993999,560.009827,490.039001,49.993999,-65.699997
80,10,367.279999,350.096436,1149.349365,49.993999,560.009827,490.039001,49.993999,-65.699997
80,11,362.079987,233.753891,1091.113159,49.993999,560.009827,490.039001,49.993999,-65.699997
80,12,689.929993,-346.097565,896.709473,49.993999,560.009827,490.039001,49.993999,-65.699997
80,16,634.900024,542.196899,-465.187561,49.993999,560.009827,490.039001,49.993999,-65.699997
81,1,522.130005,1104.778931,-126.452171,-128.584976,560.009827,490.039001,49.993999,-65.699997
81,3,499.070007,660.559692,-304.682953,-120.697998,560.009827,490.039001,49.993999,-65.699997
81,4,625.669983,377.453247,-461.209259,49.993999,560.009827,490.039001,49.993999,-65.699997
81,5,416.619995,917.489258,-119.436539,-126.077217,560.009827,490.039001,49.993999,-65.699997
81,6,409.140015,777.989075,-174.985153,-122.916039,560.009827,490.039001,49.993999,-65.699997
81,7,384.089996,1119.599731,698.815247,-81.372513,560.009827,490.039001,49.993999,-65.699997
81,8,372.510010,43.258545,212.828461,-77.411926,560.009827,490.039001,49.993999,-65.699997
81,9,458.010010,841.550781,1238.022095,49.993999,560.009827,490.039001,49.993999,-65.699997
81,10,367.279999,350.096436,1149.349365,49.993999,560.009827,490.039001,49.993999,-65.699997
81,11,362.079987,233.753891,1091.113159,49.993999,560.009827,490.039001,49.993999,-65.699997
81,12,689.929993,-346.097565,896.709473,49.993999,560.009827,490.039001,49.993999,-65.699997
81,16,634.900024,542.196899,-465.187561,49.993999,560.009827,490.039001,49.993999,-65.699997
82,1,522.130005,1104.778931,-126.452171,-128.584976,560.009827,490.039001,49.993999,-65.699997
82,3,499.070007,660.559692,-304.682953,-120.697998,560.009827,490.039001,49.993999,-65.699997
82,4,625.669983,377.453247,-461.209259,49.993999,560.009827,490.039001,49.993999,-65.699997
82,5,416.619995,917.489258,-119.436539,-126.077217,560.009827,490.039001,49.993999,-65.699997
82,6,409.140015,777.989075,-174.985153,-122.916039,560.009827,490.039001,49.993999,-65.699997
82,7,384.089996,1119.599731,698.815247,-81.372513,560.009827,490.039001,49.993999,-65.699997
82,8,372.510010,43.258545,212.828461,-77.411926,560.009827,490.039001,49.993999,-65.699997
82,9,458.010010,841.550781,1238.022095,49.993999,560.009827,490.039001,49.993999,-65.699997
82,10,367.279999,350.096436,1149.349365,49.993999,560.009827,490.039001,49.993999,-65.699997
82,11,362.079987,233.753891,1091.113159,49.993999,560.009827,490.039001,49.993999,-65.699997
82,12,689.929993,-346.097565,896.709473,49.993999,560.009827,490.039001,49.993999,-65.699997
82,16,634.900024,542.196899,-465.187561,49.993999,560.009827,490.039001,49.993999,-65.699997
83,1,522.130005,1104.778931,-126.452171,-128.584976,560.009827,490.039001,49.993999,-65.699997
83,3,499.070007,660.559692,-304.682953,-120.697998,560.009827,490.039001,49.993999,-65.699997
83,4,625.669983,377.453247,-461.209259,49.993999,560.009827,490.039001,49.993999,-65.699997
83,5,416.619995,917.489258,-119.436539,-126.077217,560.009827,490.039001,49.993999,-65.699997
83,6,409.140015,777.989075,-174.985153,-122.916039,560.009827,490.039001,49.993999,-65.699997
83,7,384.089996,1119.599731,698.815247,-81.372513,560.009827,490.039001,49.993999,-65.699997
83,8,372.510010,43.258545,212.828461,-77.411926,560.009827,490.039001,49.993999,-65.699997
83,9,458.010010,841.550781,1238.022095,49.993999,560.009827,490.039001,49.993999,-65.699997
83,10,367.279999,350.096436,1149.349365,49.993999,560.009827,490.039001,49.993999,-65.699997
83,11,362.079987,233.753891,1091.113159,49.993999,560.009827,490.039001,49.993999,-65.699997
83,12,689.929993,-346.097565,896.709473,49.993999,560.009827,490.039001,49.993999,-65.699997
83,16,634.900024,542.196899,-465.187561,49.993999,560.009827,490.039001,49.993999,-65.699997
84,3,507.670013,682.916809,-424.888489,-113.641769,600.000000,379.980408,59.991600,-67.000000
84,4,618.429993,396.791443,-559.695251,59.991600,600.000000,379.980408,59.991600,-67.000000
84,5,430.309998,948.408020,-248.869568,-121.865265,600.000000,379.980408,59.991600,-67.000000
84,6,419.769989,806.599792,-298.686127,-117.410866,600.000000,379.980408,59.991600,-67.000000
84,7,335.750000,1122.368774,558.258423,-54.841663,600.000000,379.980408,59.991600,-67.000000
84,8,384.160004,67.015419,110.287453,-71.398857,600.000000,379.980408,59.991600,-67.000000
84,9,439.459991,893.014771,1103.644043,59.991600,600.000000,379.980408,59.991600,-67.000000
84,10,414.649994,386.589752,1087.487793,59.991600,600.000000,379.980408,59.991600,-67.000000
84,11,407.589996,269.682709,1030.193970,59.991600,600.000000,379.980408,59.991600,-67.000000
84,12,711.830017,-316.160919,817.045837,59.991600,600.000000,379.980408,59.991600,-67.000000
84,16,646.059998,562.073242,-585.647522,59.991600,600.000000,379.980408,59.991600,-67.000000
85,3,507.670013,682.916809,-424.888489,-113.641769,600.000000,379.980408,59.991600,-67.000000
85,4,618.429993,396.791443,-559.695251,59.991600,600.000000,379.980408,59.991600,-67.000000
85,5,430.309998,948.408020,-248.869568,-121.865265,600.000000,379.980408,59.991600,-67.000000
85,6,419.769989,806.599792,-298.686127,-117.410866,600.000000,379.980408,59.991600,-67.000000
85,7,335.750000,1122.368774,558.258423,-54.841663,600.000000,379.980408,59.991600,-67.000000
85,8,384.160004,67.015419,110.287453,-71.398857,600.000000,379.980408,59.991600,-67.000000
85,9,439.459991,893.014771,1103.644043,59.991600,600.000000,379.980408,59.991600,-67.000000
85,10,414.649994,386.589752,1087.487793,59.991600,600.000000,379.980408,59.991600,-67.000000
85,11,407.589996,269.682709,1030.193970,59.991600,600.000000,379.980408,59.991600,-67.000000
85,12,711.830017,-316.160919,817.045837,59.991600,600.000000,379.980408,59.991600,-67.000000
85,16,646.059998,562.073242,-585.647522,59.991600,600.000000,379.980408,59.991600,-67.000000
86,3,507.670013,682.916809,-424.888489,-113.641769,600.000000,379.980408,59.991600,-67.000000
86,4,618.429993,396.791443,-559.695251,59.991600,600.000000,379.980408,59.991600,-67.000000
86,5,430.309998,948.408020,-248.869568,-121.865265,600.000000,379.980408,59.991600,-67.000000
86,6,419.769989,806.599792,-298.686127,-117.410866,600.000000,379.980408,59.991600,-67.000000
86,7,335.750000,1122.368774,558.258423,-54.841663,600.000000,379.980408,59.991600,-67.000000
86,8,384.160004,67.015419,110.287453,-71.398857,600.000000,379.980408,59.991600,-67.000000
86,9,439.459991,893.014771,1103.644043,59.991600,600.000000,379.980408,59.991600,-67.000000
86,10,414.649994,386.589752,1087.487793,59.991600,600.000000,379.980408,59.991600,-67.000000
86,11,407.589996,269.682709,1030.193970,59.991600,600.000000,379.980408,59.991600,-67.000000
86,12,711.830017,-316.160919,817.045837,59.991600,600.000000,379.980408,59.991600,-67.000000
86,16,646.059998,562.073242,-585.647522,59.991600,600.000000,379.980408,59.991600,-67.000000
87,3,507.670013,682.916809,-424.888489,-113.641769,600.000000,379.980408,59.991600,-67.000000
87,4,618.429993,396.791443,-559.695251,59.991600,600.000000,379.980408,59.991600,-67.000000
87,5,430.309998,948.408020,-248.869568,-121.865265,600.000000,379.980408,59.991600,-67.000000
87,6,419.769989,806.599792,-298.686127,-117.410866,600.000000,379.980408,59.991600,-67.000000
87,7,335.750000,1122.368774,558.258423,-54.841663,600.000000,379.980408,59.991600,-67.000000
87,8,384.160004,67.015419,110.287453,-71.398857,600.000000,379.980408,59.991600,-67.000000
87,9,439.459991,893.014771,1103.644043,59.991600,600.000000,379.980408,59.991600,-67.000000
87,10,414.649994,386.589752,1087.487793,59.991600,600.000000,379.980408,59.991600,-67.000000
87,11,407.589996,269.682709,1030.193970,59.991600,600.000000,379.980408,59.991600,-67.000000
87,12,711.830017,-316.160919,817.045837,59.991600,600.000000,379.980408,59.991600,-67.000000
87,16,646.059998,562.073242,-585.647522,59.991600,600.000000,379.980408,59.991600,-67.000000
88,3,507.670013,682.916809,-424.888489,-113.641769,600.000000,379.980408,59.991600,-67.000000
88,4,618.429993,396.791443,-559.695251,59.991600,600.000000,379.980408,59.991600,-67.000000
88,5,430.309998,948.408020,-248.869568,-121.865265,600.000000,379.980408,59.991600,-67.000000
88,6,419.769989,806.599792,-298.686127,-117.410866,600.000000,379.980408,59.991600,-67.000000
88,7,335.750000,1122.368774,558.258423,-54.841663,600.000000,379.980408,59.991600,-67.000000
88,8,384.160004,67.015419,110.287453,-71.398857,600.000000,379.980408,59.991600,-67.000000
88,9,439.459991,893.014771,1103.644043,59.991600,600.000000,379.980408,59.991600,-67.000000
88,10,414.649994,386.589752,1087.487793,59.991600,600.000000,379.980408,59.991600,-67.000000
88,11,407.589996,269.682709,1030.193970,59.991600,600.000000,379.980408,59.991600,-67.000000
88,12,711.830017,-316.160919,817.045837,59.991600,600.000000,379.980408,59.991600,-67.000000
88,16,646.059998,562.073242,-585.647522,59.991600,600.000000,379.980408,59.991600,-67.000000
89,3,507.670013,682.916809,-424.888489,-113.641769,600.000000,379.980408,59.991600,-67.000000
89,4,618.429993,396.791443,-559.695251,59.991600,600.000000,379.980408,59.991600,-67.000000
89,5,430.309998,948.408020,-248.869568,-121.865265,600.000000,379.980408,59.991600,-67.000000
89,6,419.769989,806.599792,-298.686127,-117.410866,600.000000,379.980408,59.991600,-67.000000
89,7,335.750000,1122.368774,558.258423,-54.841663,600.000000,379.980408,59.991600,-67.000000
89,8,384.160004,67.015419,110.287453,-71.398857,600.000000,379.980408,59.991600,-67.000000
89,9,439.459991,893.014771,1103.644043,59.991600,600.000000,379.980408,59.991600,-67.000000
89,10,414.649994,386.589752,1087.487793,59.991600,600.000000,379.980408,59.991600,-67.000000
89,11,407.589996,269.682709,1030.193970,59.991600,600.000000,379.980408,59.991600,-67.000000
89,12,711.830017,-316.160919,817.045837,59.991600,600.000000,379.980408,59.991600,-67.000000
89,16,646.059998,562.073242,-585.647522,59.991600,600.000000,379.980408,59.991600,-67.000000
90,3,507.670013,682.916809,-424.888489,-113.641769,600.000000,379.980408,59.991600,-67.000000
90,4,618.429993,396.791443,-559.695251,59.991600,600.000000,379.980408,59.991600,-67.000000
90,5,430.309998,948.408020,-248.869568,-121.865265,600.000000,379.980408,59.991600,-67.000000
90,6,419.769989,806.599792,-298.686127,-117.410866,600.000000,379.980408,59.991600,-67.000000
90,7,335.750000,1122.368774,558.258423,-54.841663,600.000000,379.980408,59.991600,-67.000000
90,8,384.160004,67.015419,110.287453,-71.398857,600.000000,379.980408,59.991600,-67.000000
90,9,439.459991,893.014771,1103.644043,59.991600,600.000000,379.980408,59.991600,-67.000000
90,10,414.649994,386.589752,1087.487793,59.991600,600.000000,379.980408,59.991600,-67.000000
90,11,407.589996,269.682709,1030.193970,59.991600,600.000000,379.980408,59.991600,-67.000000
90,12,711.830017,-316.160919,817.045837,59.991600,600.000000,379.980408,59.991600,-67.000000
90,16,646.059998,562.073242,-585.647522,59.991600,600.000000,379.980408,59.991600,-67.000000
91,3,507.670013,682.916809,-424.888489,-113.641769,600.000000,379.980408,59.991600,-67.000000
91,4,618.429993,396.791443,-559.695251,59.991600,600.000000,379.980408,59.991600,-67.000000
91,5,430.309998,948.408020,-248.869568,-121.865265,600.000000,379.980408,59.991600,-67.000000
91,6,419.769989,806.599792,-298.686127,-117.410866,600.000000,379.980408,59.991600,-67.000000
91,7,335.750000,1122.368774,558.258423,-54.841663,600.000000,379.980408,59.991600,-67.000000
91,8,384.160004,67.015419,110.287453,-71.398857,600.000000,379.980408,59.991600,-67.000000
91,9,439.459991,893.014771,1103.644043,59.991600,600.000000,379.980408,59.991600,-67.000000
91,10,414.649994,386.589752,1087.487793,59.991600,600.000000,379.980408,59.991600,-67.000000
91,11,407.589996,269.682709,1030.193970,59.991600,600.000000,379.980408,59.991600,-67.000000
91,12,711.830017,-316.160919,817.045837,59.991600,600.000000,379.980408,59.991600,-67.000000
91,16,646.059998,562.073242,-585.647522,59.991600,600.000000,379.980408,59.991600,-67.000000
92,3,507.670013,682.916809,-424.888489,-113.641769,600.000000,379.980408,59.991600,-67.000000
92,4,618.429993,396.791443,-559.695251,59.991600,600.000000,379.980408,59.991600,-67.000000
92,5,430.309998,948.408020,-248.869568,-121.865265,600.000000,379.980408,59.991600,-67.000000
92,6,419.769989,806.599792,-298.686127,-117.410866,600.000000,379.980408,59.991600,-67.000000
92,7,335.750000,1122.368774,558.258423,-54.841663,600.000000,379.980408,59.991600,-67.000000
92,8,384.160004,67.015419,110.287453,-71.398857,600.000000,379.980408,59.991600,-67.000000
92,9,439.459991,893.014771,1103.644043,59.991600,600.000000,379.980408,59.991600,-67.000000
92,10,414.649994,386.589752,1087.487793,59.991600,600.000000,379.980408,59.991600,-67.000000
92,11,407.589996,269.682709,1030.193970,59.991600,600.000000,379.980408,59.991600,-67.000000
92,12,711.830017,-316.160919,817.045837,59.991600,600.000000,379.980408,59.991600,-67.000000
92,16,646.059998,562.073242,-585.647522,59.991600,600.000000,379.980408,59.991600,-67.000000
93,3,507.670013,682.916809,-424.888489,-113.641769,600.000000,379.980408,59.991600,-67.000000
93,4,618.429993,396.791443,-559.695251,59.991600,600.000000,379.980408,59.991600,-67.000000
93,5,430.309998,948.408020,-248.869568,-121.865265,600.000000,379.980408,59.991600,-67.000000
93,6,419.769989,806.599792,-298.686127,-117.410866,600.000000,379.980408,59.991600,-67.000000
93,7,335.750000,1122.368774,558.258423,-54.841663,600.000000,379.980408,59.991600,-67.000000
93,8,384.160004,67.015419,110.287453,-71.398857,600.000000,379.980408,59.991600,-67.000000
93,9,439.459991,893.014771,1103.644043,59.991600,600.000000,379.980408,59.991600,-67.000000
93,10,414.649994,386.589752,1087.487793,59.991600,600.000000,379.980408,59.991600,-67.000000
93,11,407.589996,269.682709,1030.193970,59.991600,600.000000,379.980408,59.991600,-67.000000
93,12,711.830017,-316.160919,817.045837,59.991600,600.000000,379.980408,59.991600,-67.000000
93,16,646.059998,562.073242,-585.647522,59.991600,600.000000,379.980408,59.991600,-67.000000
94,3,507.670013,682.916809,-424.888489,-113.641769,600.000000,379.980408,59.991600,-67.000000
94,4,618.429993,396.791443,-559.695251,59.991600,600.000000,379.980408,59.991600,-67.000000
94,5,430.309998,948.408020,-248.869568,-121.865265,600.000000,379.980408,59.991600,-67.000000
94,6,419.769989,806.599792,-298.686127,-117.410866,600.000000,379.980408,59.991600,-67.000000
94,7,335.750000,1122.368774,558.258423,-54.841663,600.000000,379.980408,59.991600,-67.000000
94,8,384.160004,67.015419,110.287453,-71.398857,600.000000,379.980408,59.991600,-67.000000
94,9,439.459991,893.014771,1103.644043,59.991600,600.000000,379.980408,59.991600,-67.000000
94,10,414.649994,386.589752,1087.487793,59.991600,600.000000,379.980408,59.991600,-67.000000
94,11,407.589996,269.682709,1030.193970,59.991600,600.000000,379.980408,59.991600,-67.000000
94,12,711.830017,-316.160919,817.045837,59.991600,600.000000,379.980408,59.991600,-67.000000
94,16,646.059998,562.073242,-585.647522,59.991600,600.000000,379.980408,59.991600,-67.000000
95,3,529.330017,700.898621,-547.237549,-121.049927,639.990173,279.980408,59.991600,-68.600006
95,4,664.530029,403.729889,-699.236633,59.991600,639.990173,279.980408,59.991600,-68.600006
95,6,436.130005,832.970032,-417.995117,-124.324905,639.990173,279.980408,59.991600,-68.600006
95,7,314.290009,1148.357666,436.245422,-47.501915,639.990173,279.980408,59.991600,-68.600006
95,8,392.540009,92.351410,22.401194,-74.264992,639.990173,279.980408,59.991600,-68.600006
95,9,641.349976,1017.491394,1186.525391,59.991600,639.990173,279.980408,59.991600,-68.600006
95,10,382.200012,458.258240,962.957947,59.991600,639.990173,279.980408,59.991600,-68.600006
95,11,366.410004,342.982391,900.822632,59.991600,639.990173,279.980408,59.991600,-68.600006
95,12,688.659973,-243.266998,731.364929,59.991600,639.990173,279.980408,59.991600,-68.600006
96,3,529.330017,700.898621,-547.237549,-121.049927,639.990173,279.980408,59.991600,-68.600006
96,4,664.530029,403.729889,-699.236633,59.991600,639.990173,279.980408,59.991600,-68.600006
96,6,436.130005,832.970032,-417.995117,-124.324905,639.990173,279.980408,59.991600,-68.600006
96,7,314.290009,1148.357666,436.245422,-47.501915,639.990173,279.980408,59.991600,-68.600006
96,8,392.540009,92.351410,22.401194,-74.264992,639.990173,279.980408,59.991600,-68.600006
96,9,641.349976,1017.491394,1186.525391,59.991600,639.990173,279.980408,59.991600,-68.600006
96,10,382.200012,458.258240,962.957947,59.991600,639.990173,279.980408,59.991600,-68.600006
96,11,366.410004,342.982391,900.822632,59.991600,639.990173,279.980408,59.991600,-68.600006
96,12,688.659973,-243.266998,731.364929,59.991600,639.990173,279.980408,59.991600,-68.600006
97,3,529.330017,700.898621,-547.237549,-121.049927,639.990173,279.980408,59.991600,-68.600006
97,4,664.530029,403.729889,-699.236633,59.991600,639.990173,279.980408,59.991600,-68.600006
97,6,436.130005,832.970032,-417.995117,-124.324905,639.990173,279.980408,59.991600,-68.600006
97,7,314.290009,1148.357666,436.245422,-47.501915,639.990173,279.980408,59.991600,-68.600006
97,8,392.540009,92.351410,22.401194,-74.264992,639.990173,279.980408,59.991600,-68.600006
97,9,641.349976,1017.491394,1186.525391,59.991600,639.990173,279.980408,59.991600,-68.600006
97,10,382.200012,458.258240,962.957947,59.991600,639.990173,279.980408,59.991600,-68.600006
97,11,366.410004,342.982391,900.822632,59.991600,639.990173,279.980408,59.991600,-68.600006
97,12,688.659973,-243.266998,731.364929,59.991600,639.990173,279.980408,59.991600,-68.600006
98,3,529.330017,700.898621,-547.237549,-121.049927,639.990173,279.980408,59.991600,-68.600006
98,4,664.530029,403.729889,-699.236633,59.991600,639.990173,279.980408,59.991600,-68.600006
98,6,436.130005,832.970032,-417.995117,-124.324905,639.990173,279.980408,59.991600,-68.600006
98,7,314.290009,1148.357666,436.245422,-47.501915,639.990173,279.980408,59.991600,-68.600006
98,8,392.540009,92.351410,22.401194,-74.264992,639.990173,279.980408,59.991600,-68.600006
98,9,641.349976,1017.491394,1186.525391,59.991600,639.990173,279.980408,59.991600,-68.600006
98,10,382.200012,458.258240,962.957947,59.991600,639.990173,279.980408,59.991600,-68.600006
98,11,366.410004,342.982391,900.822632,59.991600,639.990173,279.980408,59.991600,-68.600006
98,12,688.659973,-243.266998,731.364929,59.991600,639.990173,279.980408,59.991600,-68.600006
99,3,529.330017,700.898621,-547.237549,-121.049927,639.990173,279.980408,59.991600,-68.600006
99,4,664.530029,403.729889,-699.236633,59.991600,639.990173,279.980408,59.991600,-68.600006
99,6,436.130005,832.970032,-417.995117,-124.324905,639.990173,279.980408,59.991600,-68.600006
99,7,314.290009,1148.357666,436.245422,-47.501915,639.990173,279.980408,59.991600,-68.600006
99,8,392.540009,92.351410,22.401194,-74.264992,639.990173,279.980408,59.991600,-68.600006
99,9,641.349976,1017.491394,1186.525391,59.991600,639.990173,279.980408,59.991600,-68.600006
99,10,382.200012,458.258240,962.957947,59.991600,639.990173,279.980408,59.991600,-68.600006
99,11,366.410004,342.982391,900.822632,59.991600,639.990173,279.980408,59.991600,-68.600006
99,12,688.659973,-243.266998,731.364929,59.991600,639.990173,279.980408,59.991600,-68.600006
100,3,529.330017,700.898621,-547.237549,-121.049927,639.990173,279.980408,59.991600,-68.600006
100,4,664.530029,403.729889,-699.236633,59.991600,639.990173,279.980408,59.991600,-68.600006
100,6,436.130005,832.970032,-417.995117,-124.324905,639.990173,279.980408,59.991600,-68.600006
100,7,314.290009,1148.357666,436.245422,-47.501915,639.990173,279.980408,59.991600,-68.600006
100,8,392.540009,92.351410,22.401194,-74.264992,639.990173,279.980408,59.991600,-68.600006
100,9,641.349976,1017.491394,1186.525391,59.991600,639.990173,279.980408,59.991600,-68.600006
100,10,382.200012,458.258240,962.957947,59.991600,639.990173,279.980408,59.991600,-68.600006
100,11,366.410004,342.982391,900.822632,59.991600,639.990173,279.980408,59.991600,-68.600006
100,12,688.659973,-243.266998,731.364929,59.991600,639.990173,279.980408,59.991600,-68.600006
101,3,529.330017,700.898621,-547.237549,-121.049927,639.990173,279.980408,59.991600,-68.600006
101,4,664.530029,403.729889,-699.236633,59.991600,639.990173,279.980408,59.991600,-68.600006
101,6,436.130005,832.970032,-417.995117,-124.324905,639.990173,279.980408,59.991600,-68.600006
101,7,314.290009,1148.357666,436.245422,-47.501915,639.990173,279.980408,59.991600,-68.600006
101,8,392.540009,92.351410,22.401194,-74.264992,639.990173,279.980408,59.991600,-68.600006
101,9,641.349976,1017.491394,1186.525391,59.991600,639.990173,279.980408,59.991600,-68.600006
101,10,382.200012,458.258240,962.957947,59.991600,639.990173,279.980408,59.991600,-68.600006
101,11,366.410004,342.982391,900.822632,59.991600,639.990173,279.980408,59.991600,-68.600006
101,12,688.659973,-243.266998,731.364929,59.991600,639.990173,279.980408,59.991600,-68.600006
102,3,529.330017,700.898621,-547.237549,-121.049927,639.990173,279.980408,59.991600,-68.600006
102,4,664.530029,403.729889,-699.236633,59.991600,639.990173,279.980408,59.991600,-68.600006
102,6,436.130005,832.970032,-417.995117,-124.324905,639.990173,279.980408,59.991600,-68.600006
102,7,314.290009,1148.357666,436.245422,-47.501915,639.990173,279.980408,59.991600,-68.600006
102,8,392.540009,92.351410,22.401194,-74.264992,639.990173,279.980408,59.991600,-68.600006
102,9,641.349976,1017.491394,1186.525391,59.991600,639.990173,279.980408,59.991600,-68.600006
102,10,382.200012,458.258240,962.957947,59.991600,639.990173,279.980408,59.991600,-68.600006
102,11,366.410004,342.982391,900.822632,59.991600,639.990173,279.980408,59.991600,-68.600006
102,12,688.659973,-243.266998,731.364929,59.991600,639.990173,279.980408,59.991600,-68.600006
103,3,529.330017,700.898621,-547.237549,-121.049927,639.990173,279.980408,59.991600,-68.600006
103,4,664.530029,403.729889,-699.236633,59.991600,639.990173,279.980408,59.991600,-68.600006
103,6,436.130005,832.970032,-417.995117,-124.324905,639.990173,279.980408,59.991600,-68.600006
103,7,314.290009,1148.357666,436.245422,-47.501915,639.990173,279.980408,59.991600,-68.600006
103,8,392.540009,92.351410,22.401194,-74.264992,639.990173,279.980408,59.991600,-68.600006
103,9,641.349976,1017.491394,1186.525391,59.991600,639.990173,279.980408,59.991600,-68.600006
103,10,382.200012,458.258240,962.957947,59.991600,639.990173,279.980408,59.991600,-68.600006
103,11,366.410004,342.982391,900.822632,59.991600,639.990173,279.980408,59.991600,-68.600006
103,12,688.659973,-243.266998,731.364929,59.991600,639.990173,279.980408,59.991600,-68.600006
104,3,529.330017,700.898621,-547.237549,-121.049927,639.990173,279.980408,59.991600,-68.600006
104,4,664.530029,403.729889,-699.236633,59.991600,639.990173,279.980408,59.991600,-68.600006
104,6,436.130005,832.970032,-417.995117,-124.324905,639.990173,279.980408,59.991600,-68.600006
104,7,314.290009,1148.357666,436.245422,-47.501915,639.990173,279.980408,59.991600,-68.600006
104,8,392.540009,92.351410,22.401194,-74.264992,639.990173,279.980408,59.991600,-68.600006
104,9,641.349976,1017.491394,1186.525391,59.991600,639.990173,279.980408,59.991600,-68.600006
104,10,382.200012,458.258240,962.957947,59.991600,639.990173,279.980408,59.991600,-68.600006
104,11,366.410004,342.982391,900.822632,59.991600,639.990173,279.980408,59.991600,-68.600006
104,12,688.659973,-243.266998,731.364929,59.991600,639.990173,279.980408,59.991600,-68.600006
105,3,529.330017,700.898621,-547.237549,-121.049927,639.990173,279.980408,59.991600,-68.600006
105,4,664.530029,403.729889,-699.236633,59.991600,639.990173,279.980408,59.991600,-68.600006
105,6,436.130005,832.970032,-417.995117,-124.324905,639.990173,279.980408,59.991600,-68.600006
105,7,314.290009,1148.357666,436.245422,-47.501915,639.990173,279.980408,59.991600,-68.600006
105,8,392.540009,92.351410,22.401194,-74.264992,639.990173,279.980408,59.991600,-68.600006
105,9,641.349976,1017.491394,1186.525391,59.991600,639.990173,279.980408,59.991600,-68.600006
105,10,382.200012,458.258240,962.957947,59.991600,639.990173,279.980408,59.991600,-68.600006
105,11,366.410004,342.982391,900.822632,59.991600,639.990173,279.980408,59.991600,-68.600006
105,12,688.659973,-243.266998,731.364929,59.991600,639.990173,279.980408,59.991600,-68.600006
106,1,537.340027,1136.961060,-524.564941,-123.789513,669.970703,170.019501,59.991600,-73.300003
106,3,499.339996,664.515625,-631.272888,-110.792740,669.970703,170.019501,59.991600,-73.300003
106,4,594.429993,370.395813,-718.326172,59.991600,669.970703,170.019501,59.991600,-73.300003
106,5,432.640015,947.875000,-495.287781,-122.849968,669.970703,170.019501,59.991600,-73.300003
106,6,419.179993,800.696167,-526.707458,-117.161522,669.970703,170.019501,59.991600,-73.300003
106,7,420.600006,1285.118164,312.811157,-83.862076,669.970703,170.019501,59.991600,-73.300003
106,8,353.869995,137.873047,-31.378807,-61.039066,669.970703,170.019501,59.991600,-73.300003
106,9,689.880005,1139.679199,1087.156494,59.991600,669.970703,170.019501,59.991600,-73.300003
106,10,345.100006,555.473022,830.056091,59.991600,669.970703,170.019501,59.991600,-73.300003
106,11,314.149994,439.849945,763.054626,59.991600,669.970703,170.019501,59.991600,-73.300003
106,12,573.770020,-77.304832,629.181702,59.991600,669.970703,170.019501,59.991600,-73.300003
106,16,627.039978,525.746216,-766.603455,59.991600,669.970703,170.019501,59.991600,-73.300003
107,1,537.340027,1136.961060,-524.564941,-123.789513,669.970703,170.019501,59.991600,-73.300003
107,3,499.339996,664.515625,-631.272888,-110.792740,669.970703,170.019501,59.991600,-73.300003
107,4,594.429993,370.395813,-718.326172,59.991600,669.970703,170.019501,59.991600,-73.300003
107,5,432.640015,947.875000,-495.287781,-122.849968,669.970703,170.019501,59.991600,-73.300003
107,6,419.179993,800.696167,-526.707458,-117.161522,669.970703,170.019501,59.991600,-73.300003
107,7,420.600006,1285.118164,312.811157,-83.862076,669.970703,170.019501,59.991600,-73.300003
107,8,353.869995,137.873047,-31.378807,-61.039066,669.970703,170.019501,59.991600,-73.300003
107,9,689.880005,1139.679199,1087.156494,59.991600,669.970703,170.019501,59.991600,-73.300003
107,10,345.100006,555.473022,830.056091,59.991600,669.970703,170.019501,59.991600,-73.300003
107,11,314.149994,439.849945,763.054626,59.991600,669.970703,170.019501,59.991600,-73.300003
107,12,573.770020,-77.304832,629.181702,59.991600,669.970703,170.019501,59.991600,-73.300003
107,16,627.039978,525.746216,-766.603455,59.991600,669.970703,170.019501,59.991600,-73.300003
108,1,537.340027,1136.961060,-524.564941,-123.789513,669.970703,170.019501,59.991600,-73.300003
108,3,499.339996,664.515625,-631.272888,-110.792740,669.970703,170.019501,59.991600,-73.300003
108,4,594.429993,370.395813,-718.326172,59.991600,669.970703,170.019501,59.991600,-73.300003
108,5,432.640015,947.875000,-495.287781,-122.849968,669.970703,170.019501,59.991600,-73.300003
108,6,419.179993,800.696167,-526.707458,-117.161522,669.970703,170.019501,59.991600,-73.300003
108,7,420.600006,1285.118164,312.811157,-83.862076,669.970703,170.019501,59.991600,-73.300003
108,8,353.869995,137.873047,-31.378807,-61.039066,669.970703,170.019501,59.991600,-73.300003
108,9,689.880005,1139.679199,1087.156494,59.991600,669.970703,170.019501,59.991600,-73.300003
108,10,345.100006,555.473022,830.056091,59.991600,669.970703,170.019501,59.991600,-73.300003
108,11,314.149994,439.849945,763.054626,59.991600,669.970703,170.019501,59.991600,-73.300003
108,12,573.770020,-77.304832,629.181702,59.991600,669.970703,170.019501,59.991600,-73.300003
108,16,627.039978,525.746216,-766.603455,59.991600,669.970703,170.019501,59.991600,-73.300003
109,1,537.340027,1136.961060,-524.564941,-123.789513,669.970703,170.019501,59.991600,-73.300003
109,3,499.339996,664.515625,-631.272888,-110.792740,669.970703,170.019501,59.991600,-73.300003
109,4,594.429993,370.395813,-718.326172,59.991600,669.970703,170.019501,59.991600,-73.300003
109,5,432.640015,947.875000,-495.287781,-122.849968,669.970703,170.019501,59.991600,-73.300003
109,6,419.179993,800.696167,-526.707458,-117.161522,669.970703,170.019501,59.991600,-73.300003
109,7,420.600006,1285.118164,312.811157,-83.862076,669.970703,170.019501,59.991600,-73.300003
109,8,353.869995,137.873047,-31.378807,-61.039066,669.970703,170.019501,59.991600,-73.300003
109,9,689.880005,1139.679199,1087.156494,59.991600,669.970703,170.019501,59.991600,-73.300003
109,10,345.100006,555.473022,830.056091,59.991600,669.970703,170.019501,59.991600,-73.300003
109,11,314.149994,439.849945,763.054626,59.991600,669.970703,170.019501,59.991600,-73.300003
109,12,573.770020,-77.304832,629.181702,59.991600,669.970703,170.019501,59.991600,-73.300003
109,16,627.039978,525.746216,-766.603455,59.991600,669.970703,170.019501,59.991600,-73.300003
110,1,537.340027,1136.961060,-524.564941,-123.789513,669.970703,170.019501,59.991600,-73.300003
110,3,499.339996,664.515625,-631.272888,-110.792740,669.970703,170.019501,59.991600,-73.300003
110,4,594.429993,370.395813,-718.326172,59.991600,669.970703,170.019501,59.991600,-73.300003
110,5,432.640015,947.875000,-495.287781,-122.849968,669.970703,170.019501,59.991600,-73.300003
110,6,419.179993,800.696167,-526.707458,-117.161522,669.970703,170.019501,59.991600,-73.300003
110,7,420.600006,1285.118164,312.811157,-83.862076,669.970703,170.019501,59.991600,-73.300003
110,8,353.869995,137.873047,-31.378807,-61.039066,669.970703,170.019501,59.991600,-73.300003
110,9,689.880005,1139.679199,1087.156494,59.991600,669.970703,170.019501,59.991600,-73.300003
110,10,345.100006,555.473022,830.056091,59.991600,669.970703,170.019501,59.991600,-73.300003
110,11,314.149994,439.849945,763.054626,59.991600,669.970703,170.019501,59.991600,-73.300003
110,12,573.770020,-77.304832,629.181702,59.991600,669.970703,170.019501,59.991600,-73.300003
110,16,627.039978,525.746216,-766.603455,59.991600,669.970703,170.019501,59.991600,-73.300003
111,1,537.340027,1136.961060,-524.564941,-123.789513,669.970703,170.019501,59.991600,-73.300003
111,3,499.339996,664.515625,-631.272888,-110.792740,669.970703,170.019501,59.991600,-73.300003
111,4,594.429993,370.395813,-718.326172,59.991600,669.970703,170.019501,59.991600,-73.300003
111,5,432.640015,947.875000,-495.287781,-122.849968,669.970703,170.019501,59.991600,-73.300003
111,6,419.179993,800.696167,-526.707458,-117.161522,669.970703,170.019501,59.991600,-73.300003
111,7,420.600006,1285.118164,312.811157,-83.862076,669.970703,170.019501,59.991600,-73.300003
111,8,353.869995,137.873047,-31.378807,-61.039066,669.970703,170.019501,59.991600,-73.300003
111,9,689.880005,1139.679199,1087.156494,59.991600,669.970703,170.019501,59.991600,-73.300003
111,10,345.100006,555.473022,830.056091,59.991600,669.970703,170.019501,59.991600,-73.300003
111,11,314.149994,439.849945,763.054626,59.991600,669.970703,170.019501,59.991600,-73.300003
111,12,573.770020,-77.304832,629.181702,59.991600,669.970703,170.019501,59.991600,-73.300003
111,16,627.039978,525.746216,-766.603455,59.991600,669.970703,170.019501,59.991600,-73.300003
112,1,537.340027,1136.961060,-524.564941,-123.789513,669.970703,170.019501,59.991600,-73.300003
112,3,499.339996,664.515625,-631.272888,-110.792740,669.970703,170.019501,59.991600,-73.300003
112,4,594.429993,370.395813,-718.326172,59.991600,669.970703,170.019501,59.991600,-73.300003
112,5,432.640015,947.875000,-495.287781,-122.849968,669.970703,170.019501,59.991600,-73.300003
112,6,419.179993,800.696167,-526.707458,-117.161522,669.970703,170.019501,59.991600,-73.300003
112,7,420.600006,1285.118164,312.811157,-83.862076,669.970703,170.019501,59.991600,-73.300003
112,8,353.869995,137.873047,-31.378807,-61.039066,669.970703,170.019501,59.991600,-73.300003
112,9,689.880005,1139.679199,1087.156494,59.991600,669.970703,170.019501,59.991600,-73.300003
112,10,345.100006,555.473022,830.056091,59.991600,669.970703,170.019501,59.991600,-73.300003
112,11,314.149994,439.849945,763.054626,59.991600,669.970703,170.019501,59.991600,-73.300003
112,12,573.770020,-77.304832,629.181702,59.991600,669.970703,170.019501,59.991600,-73.300003
112,16,627.039978,525.746216,-766.603455,59.991600,669.970703,170.019501,59.991600,-73.300003
113,1,537.340027,1136.961060,-524.564941,-123.789513,669.970703,170.019501,59.991600,-73.300003
113,3,499.339996,664.515625,-631.272888,-110.792740,669.970703,170.019501,59.991600,-73.300003
113,4,594.429993,370.395813,-718.326172,59.991600,669.970703,170.019501,59.991600,-73.300003
113,5,432.640015,947.875000,-495.287781,-122.849968,669.970703,170.019501,59.991600,-73.300003
113,6,419.179993,800.696167,-526.707458,-117.161522,669.970703,170.019501,59.991600,-73.300003
113,7,420.600006,1285.118164,312.811157,-83.862076,669.970703,170.019501,59.991600,-73.300003
113,8,353.869995,137.873047,-31.378807,-61.039066,669.970703,170.019501,59.991600,-73.300003
113,9,689.880005,1139.679199,1087.156494,59.991600,669.970703,170.019501,59.991600,-73.300003
113,10,345.100006,555.473022,830.056091,59.991600,669.970703,170.019501,59.991600,-73.300003
113,11,314.149994,439.849945,763.054626,59.991600,669.970703,170.019501,59.991600,-73.300003
113,12,573.770020,-77.304832,629.181702,59.991600,669.970703,170.019501,59.991600,-73.300003
113,16,627.039978,525.746216,-766.603455,59.991600,669.970703,170.019501,59.991600,-73.300003
114,1,537.340027,1136.961060,-524.564941,-123.789513,669.970703,170.019501,59.991600,-73.300003
114,3,499.339996,664.515625,-631.272888,-110.792740,669.970703,170.019501,59.991600,-73.300003
114,4,594.429993,370.395813,-718.326172,59.991600,669.970703,170.019501,59.991600,-73.300003
114,5,432.640015,947.875000,-495.287781,-122.849968,669.970703,170.019501,59.991600,-73.300003
114,6,419.179993,800.696167,-526.707458,-117.161522,669.970703,170.019501,59.991600,-73.300003
114,7,420.600006,1285.118164,312.811157,-83.862076,669.970703,170.019501,59.991600,-73.300003
114,8,353.869995,137.873047,-31.378807,-61.039066,669.970703,170.019501,59.991600,-73.300003
114,9,689.880005,1139.679199,1087.156494,59.991600,669.970703,170.019501,59.991600,-73.300003
114,10,345.100006,555.473022,830.056091,59.991600,669.970703,170.019501,59.991600,-73.300003
114,11,314.149994,439.849945,763.054626,59.991600,669.970703,170.019501,59.991600,-73.300003
114,12,573.770020,-77.304832,629.181702,59.991600,669.970703,170.019501,59.991600,-73.300003
114,16,627.039978,525.746216,-766.603455,59.991600,669.970703,170.019501,59.991600,-73.300003
115,1,537.340027,1136.961060,-524.564941,-123.789513,669.970703,170.019501,59.991600,-73.300003
115,3,499.339996,664.515625,-631.272888,-110.792740,669.970703,170.019501,59.991600,-73.300003
115,4,594.429993,370.395813,-718.326172,59.991600,669.970703,170.019501,59.991600,-73.300003
115,5,432.640015,947.875000,-495.287781,-122.849968,669.970703,170.019501,59.991600,-73.300003
115,6,419.179993,800.696167,-526.707458,-117.161522,669.970703,170.019501,59.991600,-73.300003
115,7,420.600006,1285.118164,312.811157,-83.862076,669.970703,170.019501,59.991600,-73.300003
115,8,353.869995,137.873047,-31.378807,-61.039066,669.970703,170.019501,59.991600,-73.300003
115,9,689.880005,1139.679199,1087.156494,59.991600,669.970703,170.019501,59.991600,-73.300003
115,10,345.100006,555.473022,830.056091,59.991600,669.970703,170.019501,59.991600,-73.300003
115,11,314.149994,439.849945,763.054626,59.991600,669.970703,170.019501,59.991600,-73.300003
115,12,573.770020,-77.304832,629.181702,59.991600,669.970703,170.019501,59.991600,-73.300003
115,16,627.039978,525.746216,-766.603455,59.991600,669.970703,170.019501,59.991600,-73.300003
116,1,537.340027,1136.961060,-524.564941,-123.789513,669.970703,170.019501,59.991600,-73.300003
116,3,499.339996,664.515625,-631.272888,-110.792740,669.970703,170.019501,59.991600,-73.300003
116,4,594.429993,370.395813,-718.326172,59.991600,669.970703,170.019501,59.991600,-73.300003
116,5,432.640015,947.875000,-495.287781,-122.849968,669.970703,170.019501,59.991600,-73.300003
116,6,419.179993,800.696167,-526.707458,-117.161522,669.970703,170.019501,59.991600,-73.300003
116,7,420.600006,1285.118164,312.811157,-83.862076,669.970703,170.019501,59.991600,-73.300003
116,8,353.869995,137.873047,-31.378807,-61.039066,669.970703,170.019501,59.991600,-73.300003
116,9,689.880005,1139.679199,1087.156494,59.991600,669.970703,170.019501,59.991600,-73.300003
116,10,345.100006,555.473022,830.056091,59.991600,669.970703,170.019501,59.991600,-73.300003
116,11,314.149994,439.849945,763.054626,59.991600,669.970703,170.019501,59.991600,-73.300003
116,12,573.770020,-77.304832,629.181702,59.991600,669.970703,170.019501,59.991600,-73.300003
116,16,627.039978,525.746216,-766.603455,59.991600,669.970703,170.019501,59.991600,-73.300003
117,1,537.340027,1136.961060,-524.564941,-123.789513,669.970703,170.019501,59.991600,-73.300003
117,3,499.339996,664.515625,-631.272888,-110.792740,669.970703,170.019501,59.991600,-73.300003
117,4,594.429993,370.395813,-718.326172,59.991600,669.970703,170.019501,59.991600,-73.300003
117,5,432.640015,947.875000,-495.287781,-122.849968,669.970703,170.019501,59.991600,-73.300003
117,6,419.179993,800.696167,-526.707458,-117.161522,669.970703,170.019501,59.991600,-73.300003
117,7,420.600006,1285.118164,312.811157,-83.862076,669.970703,170.019501,59.991600,-73.300003
117,8,353.869995,137.873047,-31.378807,-61.039066,669.970703,170.019501,59.991600,-73.300003
117,9,689.880005,1139.679199,1087.156494,59.991600,669.970703,170.019501,59.991600,-73.300003
117,10,345.100006,555.473022,830.056091,59.991600,669.970703,170.019501,59.991600,-73.300003
117,11,314.149994,439.849945,763.054626,59.991600,669.970703,170.019501,59.991600,-73.300003
117,12,573.770020,-77.304832,629.181702,59.991600,669.970703,170.019501,59.991600,-73.300003
117,16,627.039978,525.746216,-766.603455,59.991600,669.970703,170.019501,59.991600,-73.300003
118,1,537.340027,1136.961060,-524.564941,-123.789513,669.970703,170.019501,59.991600,-73.300003
118,3,499.339996,664.515625,-631.272888,-110.792740,669.970703,170.019501,59.991600,-73.300003
118,4,594.429993,370.395813,-718.326172,59.991600,669.970703,170.019501,59.991600,-73.300003
118,5,432.640015,947.875000,-495.287781,-122.849968,669.970703,170.019501,59.991600,-73.300003
118,6,419.179993,800.696167,-526.707458,-117.161522,669.970703,170.019501,59.991600,-73.300003
118,7,420.600006,1285.118164,312.811157,-83.862076,669.970703,170.019501,59.991600,-73.300003
118,8,353.869995,137.873047,-31.378807,-61.039066,669.970703,170.019501,59.991600,-73.300003
118,9,689.880005,1139.679199,1087.156494,59.991600,669.970703,170.019501,59.991600,-73.300003
118,10,345.100006,555.473022,830.056091,59.991600,669.970703,170.019501,59.991600,-73.300003
118,11,314.149994,439.849945,763.054626,59.991600,669.970703,170.019501,59.991600,-73.300003
118,12,573.770020,-77.304832,629.181702,59.991600,669.970703,170.019501,59.991600,-73.300003
118,16,627.039978,525.746216,-766.603455,59.991600,669.970703,170.019501,59.991600,-73.300003
119,1,550.429993,1027.496704,-734.865784,-138.264145,679.980530,40.039001,49.993999,-83.100006
119,3,495.160004,539.107666,-744.806641,-119.360695,679.980530,40.039001,49.993999,-83.100006
119,4,572.000000,242.372253,-763.721741,49.993999,679.980530,40.039001,49.993999,-83.100006
119,5,432.829987,840.608643,-663.032959,-132.927856,679.980530,40.039001,49.993999,-83.100006
119,6,421.500000,690.461426,-670.859375,-128.139603,679.980530,40.039001,49.993999,-83.100006
119,7,441.519989,1329.972046,78.404739,-101.014732,679.980530,40.039001,49.993999,-83.100006
119,8,313.339996,159.177261,-63.276882,-57.174591,679.980530,40.039001,49.993999,-83.100006
119,9,740.530029,1326.600586,906.274597,49.993999,679.980530,40.039001,49.993999,-83.100006
119,10,265.839996,689.020203,631.246887,49.993999,679.980530,40.039001,49.993999,-83.100006
119,11,227.949997,564.513733,578.013550,49.993999,679.980530,40.039001,49.993999,-83.100006
119,12,448.429993,113.281639,534.052917,49.993999,679.980530,40.039001,49.993999,-83.100006
119,16,616.159973,379.971375,-847.596802,49.993999,679.980530,40.039001,49.993999,-83.100006
120,1,550.429993,1027.496704,-734.865784,-138.264145,679.980530,40.039001,49.993999,-83.100006
120,3,495.160004,539.107666,-744.806641,-119.360695,679.980530,40.039001,49.993999,-83.100006
120,4,572.000000,242.372253,-763.721741,49.993999,679.980530,40.039001,49.993999,-83.100006
120,5,432.829987,840.608643,-663.032959,-132.927856,679.980530,40.039001,49.993999,-83.100006
120,6,421.500000,690.461426,-670.859375,-128.139603,679.980530,40.039001,49.993999,-83.100006
120,7,441.519989,1329.972046,78.404739,-101.014732,679.980530,40.039001,49.993999,-83.100006
120,8,313.339996,159.177261,-63.276882,-57.174591,679.980530,40.039001,49.993999,-83.100006
120,9,740.530029,1326.600586,906.274597,49.993999,679.980530,40.039001,49.993999,-83.100006
120,10,265.839996,689.020203,631.246887,49.993999,679.980530,40.039001,49.993999,-83.100006
120,11,227.949997,564.513733,578.013550,49.993999,679.980530,40.039001,49.993999,-83.100006
120,12,448.429993,113.281639,534.052917,49.993999,679.980530,40.039001,49.993999,-83.100006
120,16,616.159973,379.971375,-847.596802,49.993999,679.980530,40.039001,49.993999,-83.100006
121,1,550.429993,1027.496704,-734.865784,-138.264145,679.980530,40.039001,49.993999,-83.100006
121,3,495.160004,539.107666,-744.806641,-119.360695,679.980530,40.039001,49.993999,-83.100006
121,4,572.000000,242.372253,-763.721741,49.993999,679.980530,40.039001,49.993999,-83.100006
121,5,432.829987,840.608643,-663.032959,-132.927856,679.980530,40.039001,49.993999,-83.100006
121,6,421.500000,690.461426,-670.859375,-128.139603,679.980530,40.039001,49.993999,-83.100006
121,7,441.519989,1329.972046,78.404739,-101.014732,679.980530,40.039001,49.993999,-83.100006
121,8,313.339996,159.177261,-63.276882,-57.174591,679.980530,40.039001,49.993999,-83.100006
121,9,740.530029,1326.600586,906.274597,49.993999,679.980530,40.039001,49.993999,-83.100006
121,10,265.839996,689.020203,631.246887,49.993999,679.980530,40.039001,49.993999,-83.100006
121,11,227.949997,564.513733,578.013550,49.993999,679.980530,40.039001,49.993999,-83.100006
121,12,448.429993,113.281639,534.052917,49.993999,679.980530,40.039001,49.993999,-83.100006
121,16,616.159973,379.971375,-847.596802,49.993999,679.980530,40.039001,49.993999,-83.100006
122,1,550.429993,1027.496704,-734.865784,-138.264145,679.980530,40.039001,49.993999,-83.100006
122,3,495.160004,539.107666,-744.806641,-119.360695,679.980530,40.039001,49.993999,-83.100006
122,4,572.000000,242.372253,-763.721741,49.993999,679.980530,40.039001,49.993999,-83.100006
122,5,432.829987,840.608643,-663.032959,-132.927856,679.980530,40.039001,49.993999,-83.100006
122,6,421.500000,690.461426,-670.859375,-128.139603,679.980530,40.039001,49.993999,-83.100006
122,7,441.519989,1329.972046,78.404739,-101.014732,679.980530,40.039001,49.993999,-83.100006
122,8,313.339996,159.177261,-63.276882,-57.174591,679.980530,40.039001,49.993999,-83.100006
122,9,740.530029,1326.600586,906.274597,49.993999,679.980530,40.039001,49.993999,-83.100006
122,10,265.839996,689.020203,631.246887,49.993999,679.980530,40.039001,49.993999,-83.100006
122,11,227.949997,564.513733,578.013550,49.993999,679.980530,40.039001,49.993999,-83.100006
122,12,448.429993,113.281639,534.052917,49.993999,679.980530,40.039001,49.993999,-83.100006
122,16,616.159973,379.971375,-847.596802,49.993999,679.980530,40.039001,49.993999,-83.100006
123,1,550.429993,1027.496704,-734.865784,-138.264145,679.980530,40.039001,49.993999,-83.100006
123,3,495.160004,539.107666,-744.806641,-119.360695,679.980530,40.039001,49.993999,-83.100006
123,4,572.000000,242.372253,-763.721741,49.993999,679.980530,40.039001,49.993999,-83.100006
123,5,432.829987,840.608643,-663.032959,-132.927856,679.980530,40.039001,49.993999,-83.100006
123,6,421.500000,690.461426,-670.859375,-128.139603,679.980530,40.039001,49.993999,-83.100006
123,7,441.519989,1329.972046,78.404739,-101.014732,679.980530,40.039001,49.993999,-83.100006
123,8,313.339996,159.177261,-63.276882,-57.174591,679.980530,40.039001,49.993999,-83.100006
123,9,740.530029,1326.600586,906.274597,49.993999,679.980530,40.039001,49.993999,-83.100006
123,10,265.839996,689.020203,631.246887,49.993999,679.980530,40.039001,49.993999,-83.100006
123,11,227.949997,564.513733,578.013550,49.993999,679.980530,40.039001,49.993999,-83.100006
123,12,448.429993,113.281639,534.052917,49.993999,679.980530,40.039001,49.993999,-83.100006
123,16,616.159973,379.971375,-847.596802,49.993999,679.980530,40.039001,49.993999,-83.100006
124,1,550.429993,1027.496704,-734.865784,-138.264145,679.980530,40.039001,49.993999,-83.100006
124,3,495.160004,539.107666,-744.806641,-119.360695,679.980530,40.039001,49.993999,-83.100006
124,4,572.000000,242.372253,-763.721741,49.993999,679.980530,40.039001,49.993999,-83.100006
124,5,432.829987,840.608643,-663.032959,-132.927856,679.980530,40.039001,49.993999,-83.100006
124,6,421.500000,690.461426,-670.859375,-128.139603,679.980530,40.039001,49.993999,-83.100006
124,7,441.519989,1329.972046,78.404739,-101.014732,679.980530,40.039001,49.993999,-83.100006
124,8,313.339996,159.177261,-63.276882,-57.174591,679.980530,40.039001,49.993999,-83.100006
124,9,740.530029,1326.600586,906.274597,49.993999,679.980530,40.039001,49.993999,-83.100006
124,10,265.839996,689.020203,631.246887,49.993999,679.980530,40.039001,49.993999,-83.100006
124,11,227.949997,564.513733,578.013550,49.993999,679.980530,40.039001,49.993999,-83.100006
124,12,448.429993,113.281639,534.052917,49.993999,679.980530,40.039001,49.993999,-83.100006
124,16,616.159973,379.971375,-847.596802,49.993999,679.980530,40.039001,49.993999,-83.100006
125,1,550.429993,1027.496704,-734.865784,-138.264145,679.980530,40.039001,49.993999,-83.100006
125,3,495.160004,539.107666,-744.806641,-119.360695,679.980530,40.039001,49.993999,-83.100006
125,4,572.000000,242.372253,-763.721741,49.993999,679.980530,40.039001,49.993999,-83.100006
125,5,432.829987,840.608643,-663.032959,-132.927856,679.980530,40.039001,49.993999,-83.100006
125,6,421.500000,690.461426,-670.859375,-128.139603,679.980530,40.039001,49.993999,-83.100006
125,7,441.519989,1329.972046,78.404739,-101.014732,679.980530,40.039001,49.993999,-83.100006
125,8,313.339996,159.177261,-63.276882,-57.174591,679.980530,40.039001,49.993999,-83.100006
125,9,740.530029,1326.600586,906.274597,49.993999,679.980530,40.039001,49.993999,-83.100006
125,10,265.839996,689.020203,631.246887,49.993999,679.980530,40.039001,49.993999,-83.100006
125,11,227.949997,564.513733,578.013550,49.993999,679.980530,40.039001,49.993999,-83.100006
125,12,448.429993,113.281639,534.052917,49.993999,679.980530,40.039001,49.993999,-83.100006
125,16,616.159973,379.971375,-847.596802,49.993999,679.980530,40.039001,49.993999,-83.100006
126,1,550.429993,1027.496704,-734.865784,-138.264145,679.980530,40.039001,49.993999,-83.100006
126,3,495.160004,539.107666,-744.806641,-119.360695,679.980530,40.039001,49.993999,-83.100006
126,4,572.000000,242.372253,-763.721741,49.993999,679.980530,40.039001,49.993999,-83.100006
126,5,432.829987,840.608643,-663.032959,-132.927856,679.980530,40.039001,49.993999,-83.100006
126,6,421.500000,690.461426,-670.859375,-128.139603,679.980530,40.039001,49.993999,-83.100006
126,7,441.519989,1329.972046,78.404739,-101.014732,679.980530,40.039001,49.993999,-83.100006
126,8,313.339996,159.177261,-63.276882,-57.174591,679.980530,40.039001,49.993999,-83.100006
126,9,740.530029,1326.600586,906.274597,49.993999,679.980530,40.039001,49.993999,-83.100006
126,10,265.839996,689.020203,631.246887,49.993999,679.980530,40.039001,49.993999,-83.100006
126,11,227.949997,564.513733,578.013550,49.993999,679.980530,40.039001,49.993999,-83.100006
126,12,448.429993,113.281639,534.052917,49.993999,679.980530,40.039001,49.993999,-83.100006
126,16,616.159973,379.971375,-847.596802,49.993999,679.980530,40.039001,49.993999,-83.100006
127,1,550.429993,1027.496704,-734.865784,-138.264145,679.980530,40.039001,49.993999,-83.100006
127,3,495.160004,539.107666,-744.806641,-119.360695,679.980530,40.039001,49.993999,-83.100006
127,4,572.000000,242.372253,-763.721741,49.993999,679.980530,40.039001,49.993999,-83.100006
127,5,432.829987,840.608643,-663.032959,-132.927856,679.980530,40.039001,49.993999,-83.100006
127,6,421.500000,690.461426,-670.859375,-128.139603,679.980530,40.039001,49.993999,-83.100006
127,7,441.519989,1329.972046,78.404739,-101.014732,679.980530,40.039001,49.993999,-83.100006
127,8,313.339996,159.177261,-63.276882,-57.174591,679.980530,40.039001,49.993999,-83.100006
127,9,740.530029,1326.600586,906.274597,49.993999,679.980530,40.039001,49.993999,-83.100006
127,10,265.839996,689.020203,631.246887,49.993999,679.980530,40.039001,49.993999,-83.100006
127,11,227.949997,564.513733,578.013550,49.993999,679.980530,40.039001,49.993999,-83.100006
127,12,448.429993,113.281639,534.052917,49.993999,679.980530,40.039001,49.993999,-83.100006
127,16,616.159973,379.971375,-847.596802,49.993999,679.980530,40.039001,49.993999,-83.100006
128,1,550.429993,1027.496704,-734.865784,-138.264145,679.980530,40.039001,49.993999,-83.100006
128,3,495.160004,539.107666,-744.806641,-119.360695,679.980530,40.039001,49.993999,-83.100006
128,4,572.000000,242.372253,-763.721741,49.993999,679.980530,40.039001,49.993999,-83.100006
128,5,432.829987,840.608643,-663.032959,-132.927856,679.980530,40.039001,49.993999,-83.100006
128,6,421.500000,690.461426,-670.859375,-128.139603,679.980530,40.039001,49.993999,-83.100006
128,7,441.519989,1329.972046,78.404739,-101.014732,679.980530,40.039001,49.993999,-83.100006
128,8,313.339996,159.177261,-63.276882,-57.174591,679.980530,40.039001,49.993999,-83.100006
128,9,740.530029,1326.600586,906.274597,49.993999,679.980530,40.039001,49.993999,-83.100006
128,10,265.839996,689.020203,631.246887,49.993999,679.980530,40.039001,49.993999,-83.100006
128,11,227.949997,564.513733,578.013550,49.993999,679.980530,40.039001,49.993999,-83.100006
128,12,448.429993,113.281639,534.052917,49.993999,679.980530,40.039001,49.993999,-83.100006
128,16,616.159973,379.971375,-847.596802,49.993999,679.980530,40.039001,49.993999,-83.100006
129,1,550.429993,1027.496704,-734.865784,-138.264145,679.980530,40.039001,49.993999,-83.100006
129,3,495.160004,539.107666,-744.806641,-119.360695,679.980530,40.039001,49.993999,-83.100006
129,4,572.000000,242.372253,-763.721741,49.993999,679.980530,40.039001,49.993999,-83.100006
129,5,432.829987,840.608643,-663.032959,-132.927856,679.980530,40.039001,49.993999,-83.100006
129,6,421.500000,690.461426,-670.859375,-128.139603,679.980530,40.039001,49.993999,-83.100006
129,7,441.519989,1329.972046,78.404739,-101.014732,679.980530,40.039001,49.993999,-83.100006
129,8,313.339996,159.177261,-63.276882,-57.174591,679.980530,40.039001,49.993999,-83.100006
129,9,740.530029,1326.600586,906.274597,49.993999,679.980530,40.039001,49.993999,-83.100006
129,10,265.839996,689.020203,631.246887,49.993999,679.980530,40.039001,49.993999,-83.100006
129,11,227.949997,564.513733,578.013550,49.993999,679.980530,40.039001,49.993999,-83.100006
129,12,448.429993,113.281639,534.052917,49.993999,679.980530,40.039001,49.993999,-83.100006
129,16,616.159973,379.971375,-847.596802,49.993999,679.980530,40.039001,49.993999,-83.100006
130,1,511.959991,876.760803,-866.401855,-115.109032,669.970703,-79.980499,59.991600,-92.400009
130,3,470.910004,412.799072,-810.676147,-101.069107,669.970703,-79.980499,59.991600,-92.400009
130,4,525.409973,133.187851,-763.119873,59.991600,669.970703,-79.980499,59.991600,-92.400009
130,5,403.529999,715.980347,-773.237671,-110.547546,669.970703,-79.980499,59.991600,-92.400009
130,6,394.600006,566.450867,-758.870056,-106.773567,669.970703,-79.980499,59.991600,-92.400009
130,7,436.640015,1313.036987,-146.968185,-89.348083,669.970703,-79.980499,59.991600,-92.400009
130,8,321.029999,132.096893,-97.471939,-49.807125,669.970703,-79.980499,59.991600,-92.400009
130,9,695.890015,1417.977539,637.408081,59.991600,669.970703,-79.980499,59.991600,-92.400009
130,10,284.820007,775.227844,520.958923,59.991600,669.970703,-79.980499,59.991600,-92.400009
130,11,248.639999,643.826843,490.254486,59.991600,669.970703,-79.980499,59.991600,-92.400009
130,12,463.660004,181.262741,511.187256,59.991600,669.970703,-79.980499,59.991600,-92.400009
131,1,511.959991,876.760803,-866.401855,-115.109032,669.970703,-79.980499,59.991600,-92.400009
131,3,470.910004,412.799072,-810.676147,-101.069107,669.970703,-79.980499,59.991600,-92.400009
131,4,525.409973,133.187851,-763.119873,59.991600,669.970703,-79.980499,59.991600,-92.400009
131,5,403.529999,715.980347,-773.237671,-110.547546,669.970703,-79.980499,59.991600,-92.400009
131,6,394.600006,566.450867,-758.870056,-106.773567,669.970703,-79.980499,59.991600,-92.400009
131,7,436.640015,1313.036987,-146.968185,-89.348083,669.970703,-79.980499,59.991600,-92.400009
131,8,321.029999,132.096893,-97.471939,-49.807125,669.970703,-79.980499,59.991600,-92.400009
131,9,695.890015,1417.977539,637.408081,59.991600,669.970703,-79.980499,59.991600,-92.400009
131,10,284.820007,775.227844,520.958923,59.991600,669.970703,-79.980499,59.991600,-92.400009
131,11,248.639999,643.826843,490.254486,59.991600,669.970703,-79.980499,59.991600,-92.400009
131,12,463.660004,181.262741,511.187256,59.991600,669.970703,-79.980499,59.991600,-92.400009
132,1,511.959991,876.760803,-866.401855,-115.109032,669.970703,-79.980499,59.991600,-92.400009
132,3,470.910004,412.799072,-810.676147,-101.069107,669.970703,-79.980499,59.991600,-92.400009
132,4,525.409973,133.187851,-763.119873,59.991600,669.970703,-79.980499,59.991600,-92.400009
132,5,403.529999,715.980347,-773.237671,-110.547546,669.970703,-79.980499,59.991600,-92.400009
132,6,394.600006,566.450867,-758.870056,-106.773567,669.970703,-79.980499,59.991600,-92.400009
132,7,436.640015,1313.036987,-146.968185,-89.348083,669.970703,-79.980499,59.991600,-92.400009
132,8,321.029999,132.096893,-97.471939,-49.807125,669.970703,-79.980499,59.991600,-92.400009
132,9,695.890015,1417.977539,637.408081,59.991600,669.970703,-79.980499,59.991600,-92.400009
132,10,284.820007,775.227844,520.958923,59.991600,669.970703,-79.980499,59.991600,-92.400009
132,11,248.639999,643.826843,490.254486,59.991600,669.970703,-79.980499,59.991600,-92.400009
132,12,463.660004,181.262741,511.187256,59.991600,669.970703,-79.980499,59.991600,-92.400009
133,1,511.959991,876.760803,-866.401855,-115.109032,669.970703,-79.980499,59.991600,-92.400009
133,3,470.910004,412.799072,-810.676147,-101.069107,669.970703,-79.980499,59.991600,-92.400009
133,4,525.409973,133.187851,-763.119873,59.991600,669.970703,-79.980499,59.991600,-92.400009
133,5,403.529999,715.980347,-773.237671,-110.547546,669.970703,-79.980499,59.991600,-92.400009
133,6,394.600006,566.450867,-758.870056,-106.773567,669.970703,-79.980499,59.991600,-92.400009
133,7,436.640015,1313.036987,-146.968185,-89.348083,669.970703,-79.980499,59.991600,-92.400009
133,8,321.029999,132.096893,-97.471939,-49.807125,669.970703,-79.980499,59.991600,-92.400009
133,9,695.890015,1417.977539,637.408081,59.991600,669.970703,-79.980499,59.991600,-92.400009
133,10,284.820007,775.227844,520.958923,59.991600,669.970703,-79.980499,59.991600,-92.400009
133,11,248.639999,643.826843,490.254486,59.991600,669.970703,-79.980499,59.991600,-92.400009
133,12,463.660004,181.262741,511.187256,59.991600,669.970703,-79.980499,59.991600,-92.400009
134,1,511.959991,876.760803,-866.401855,-115.109032,669.970703,-79.980499,59.991600,-92.400009
134,3,470.910004,412.799072,-810.676147,-101.069107,669.970703,-79.980499,59.991600,-92.400009
134,4,525.409973,133.187851,-763.119873,59.991600,669.970703,-79.980499,59.991600,-92.400009
134,5,403.529999,715.980347,-773.237671,-110.547546,669.970703,-79.980499,59.991600,-92.400009
134,6,394.600006,566.450867,-758.870056,-106.773567,669.970703,-79.980499,59.991600,-92.400009
134,7,436.640015,1313.036987,-146.968185,-89.348083,669.970703,-79.980499,59.991600,-92.400009
134,8,321.029999,132.096893,-97.471939,-49.807125,669.970703,-79.980499,59.991600,-92.400009
134,9,695.890015,1417.977539,637.408081,59.991600,669.970703,-79.980499,59.991600,-92.400009
134,10,284.820007,775.227844,520.958923,59.991600,669.970703,-79.980499,59.991600,-92.400009
134,11,248.639999,643.826843,490.254486,59.991600,669.970703,-79.980499,59.991600,-92.400009
134,12,463.660004,181.262741,511.187256,59.991600,669.970703,-79.980499,59.991600,-92.400009
135,1,511.959991,876.760803,-866.401855,-115.109032,669.970703,-79.980499,59.991600,-92.400009
135,3,470.910004,412.799072,-810.676147,-101.069107,669.970703,-79.980499,59.991600,-92.400009
135,4,525.409973,133.187851,-763.119873,59.991600,669.970703,-79.980499,59.991600,-92.400009
135,5,403.529999,715.980347,-773.237671,-110.547546,669.970703,-79.980499,59.991600,-92.400009
135,6,394.600006,566.450867,-758.870056,-106.773567,669.970703,-79.980499,59.991600,-92.400009
135,7,436.640015,1313.036987,-146.968185,-89.348083,669.970703,-79.980499,59.991600,-92.400009
135,8,321.029999,132.096893,-97.471939,-49.807125,669.970703,-79.980499,59.991600,-92.400009
135,9,695.890015,1417.977539,637.408081,59.991600,669.970703,-79.980499,59.991600,-92.400009
135,10,284.820007,775.227844,520.958923,59.991600,669.970703,-79.980499,59.991600,-92.400009
135,11,248.639999,643.826843,490.254486,59.991600,669.970703,-79.980499,59.991600,-92.400009
135,12,463.660004,181.262741,511.187256,59.991600,669.970703,-79.980499,59.991600,-92.400009
136,1,511.959991,876.760803,-866.401855,-115.109032,669.970703,-79.980499,59.991600,-92.400009
136,3,470.910004,412.799072,-810.676147,-101.069107,669.970703,-79.980499,59.991600,-92.400009
136,4,525.409973,133.187851,-763.119873,59.991600,669.970703,-79.980499,59.991600,-92.400009
136,5,403.529999,715.980347,-773.237671,-110.547546,669.970703,-79.980499,59.991600,-92.400009
136,6,394.600006,566.450867,-758.870056,-106.773567,669.970703,-79.980499,59.991600,-92.400009
136,7,436.640015,1313.036987,-146.968185,-89.348083,669.970703,-79.980499,59.991600,-92.400009
136,8,321.029999,132.096893,-97.471939,-49.807125,669.970703,-79.980499,59.991600,-92.400009
136,9,695.890015,1417.977539,637.408081,59.991600,669.970703,-79.980499,59.991600,-92.400009
136,10,284.820007,775.227844,520.958923,59.991600,669.970703,-79.980499,59.991600,-92.400009
136,11,248.639999,643.826843,490.254486,59.991600,669.970703,-79.980499,59.991600,-92.400009
136,12,463.660004,181.262741,511.187256,59.991600,669.970703,-79.980499,59.991600,-92.400009
137,1,511.959991,876.760803,-866.401855,-115.109032,669.970703,-79.980499,59.991600,-92.400009
137,3,470.910004,412.799072,-810.676147,-101.069107,669.970703,-79.980499,59.991600,-92.400009
137,4,525.409973,133.187851,-763.119873,59.991600,669.970703,-79.980499,59.991600,-92.400009
137,5,403.529999,715.980347,-773.237671,-110.547546,669.970703,-79.980499,59.991600,-92.400009
137,6,394.600006,566.450867,-758.870056,-106.773567,669.970703,-79.980499,59.991600,-92.400009
137,7,436.640015,1313.036987,-146.968185,-89.348083,669.970703,-79.980499,59.991600,-92.400009
137,8,321.029999,132.096893,-97.471939,-49.807125,669.970703,-79.980499,59.991600,-92.400009
137,9,695.890015,1417.977539,637.408081,59.991600,669.970703,-79.980499,59.991600,-92.400009
137,10,284.820007,775.227844,520.958923,59.991600,669.970703,-79.980499,59.991600,-92.400009
137,11,248.639999,643.826843,490.254486,59.991600,669.970703,-79.980499,59.991600,-92.400009
137,12,463.660004,181.262741,511.187256,59.991600,669.970703,-79.980499,59.991600,-92.400009
138,1,511.959991,876.760803,-866.401855,-115.109032,669.970703,-79.980499,59.991600,-92.400009
138,3,470.910004,412.799072,-810.676147,-101.069107,669.970703,-79.980499,59.991600,-92.400009
138,4,525.409973,133.187851,-763.119873,59.991600,669.970703,-79.980499,59.991600,-92.400009
138,5,403.529999,715.980347,-773.237671,-110.547546,669.970703,-79.980499,59.991600,-92.400009
138,6,394.600006,566.450867,-758.870056,-106.773567,669.970703,-79.980499,59.991600,-92.400009
138,7,436.640015,1313.036987,-146.968185,-89.348083,669.970703,-79.980499,59.991600,-92.400009
138,8,321.029999,132.096893,-97.471939,-49.807125,669.970703,-79.980499,59.991600,-92.400009
138,9,695.890015,1417.977539,637.408081,59.991600,669.970703,-79.980499,59.991600,-92.400009
138,10,284.820007,775.227844,520.958923,59.991600,669.970703,-79.980499,59.991600,-92.400009
138,11,248.639999,643.826843,490.254486,59.991600,669.970703,-79.980499,59.991600,-92.400009
138,12,463.660004,181.262741,511.187256,59.991600,669.970703,-79.980499,59.991600,-92.400009
139,1,511.959991,876.760803,-866.401855,-115.109032,669.970703,-79.980499,59.991600,-92.400009
139,3,470.910004,412.799072,-810.676147,-101.069107,669.970703,-79.980499,59.991600,-92.400009
139,4,525.409973,133.187851,-763.119873,59.991600,669.970703,-79.980499,59.991600,-92.400009
139,5,403.529999,715.980347,-773.237671,-110.547546,669.970703,-79.980499,59.991600,-92.400009
139,6,394.600006,566.450867,-758.870056,-106.773567,669.970703,-79.980499,59.991600,-92.400009
139,7,436.640015,1313.036987,-146.968185,-89.348083,669.970703,-79.980499,59.991600,-92.400009
139,8,321.029999,132.096893,-97.471939,-49.807125,669.970703,-79.980499,59.991600,-92.400009
139,9,695.890015,1417.977539,637.408081,59.991600,669.970703,-79.980499,59.991600,-92.400009
139,10,284.820007,775.227844,520.958923,59.991600,669.970703,-79.980499,59.991600,-92.400009
139,11,248.639999,643.826843,490.254486,59.991600,669.970703,-79.980499,59.991600,-92.400009
139,12,463.660004,181.262741,511.187256,59.991600,669.970703,-79.980499,59.991600,-92.400009
140,1,511.959991,876.760803,-866.401855,-115.109032,669.970703,-79.980499,59.991600,-92.400009
140,3,470.910004,412.799072,-810.676147,-101.069107,669.970703,-79.980499,59.991600,-92.400009
140,4,525.409973,133.187851,-763.119873,59.991600,669.970703,-79.980499,59.991600,-92.400009
140,5,403.529999,715.980347,-773.237671,-110.547546,669.970703,-79.980499,59.991600,-92.400009
140,6,394.600006,566.450867,-758.870056,-106.773567,669.970703,-79.980499,59.991600,-92.400009
140,7,436.640015,1313.036987,-146.968185,-89.348083,669.970703,-79.980499,59.991600,-92.400009
140,8,321.029999,132.096893,-97.471939,-49.807125,669.970703,-79.980499,59.991600,-92.400009
140,9,695.890015,1417.977539,637.408081,59.991600,669.970703,-79.980499,59.991600,-92.400009
140,10,284.820007,775.227844,520.958923,59.991600,669.970703,-79.980499,59.991600,-92.400009
140,11,248.639999,643.826843,490.254486,59.991600,669.970703,-79.980499,59.991600,-92.400009
140,12,463.660004,181.262741,511.187256,59.991600,669.970703,-79.980499,59.991600,-92.400009
141,1,454.890015,675.583557,-959.167603,-95.589951,650.000000,-200.000107,59.991600,-105.000000
141,5,365.339996,552.630554,-853.165588,-94.407753,650.000000,-200.000107,59.991600,-105.000000
141,6,356.839996,409.735504,-806.901611,-90.815498,650.000000,-200.000107,59.991600,-105.000000
141,7,431.440002,1258.246460,-404.390289,-87.569572,650.000000,-200.000107,59.991600,-105.000000
141,8,337.730011,106.106133,-95.675224,-55.518867,650.000000,-200.000107,59.991600,-105.000000
141,9,634.900024,1486.525757,301.956512,59.991600,650.000000,-200.000107,59.991600,-105.000000
141,10,362.649994,903.956909,438.683624,59.991600,650.000000,-200.000107,59.991600,-105.000000
141,11,325.690002,768.820557,436.629517,59.991600,650.000000,-200.000107,59.991600,-105.000000
141,12,618.250000,236.688309,623.644836,59.991600,650.000000,-200.000107,59.991600,-105.000000
142,1,454.890015,675.583557,-959.167603,-95.589951,650.000000,-200.000107,59.991600,-105.000000
142,5,365.339996,552.630554,-853.165588,-94.407753,650.000000,-200.000107,59.991600,-105.000000
142,6,356.839996,409.735504,-806.901611,-90.815498,650.000000,-200.000107,59.991600,-105.000000
142,7,431.440002,1258.246460,-404.390289,-87.569572,650.000000,-200.000107,59.991600,-105.000000
142,8,337.730011,106.106133,-95.675224,-55.518867,650.000000,-200.000107,59.991600,-105.000000
142,9,634.900024,1486.525757,301.956512,59.991600,650.000000,-200.000107,59.991600,-105.000000
142,10,362.649994,903.956909,438.683624,59.991600,650.000000,-200.000107,59.991600,-105.000000
142,11,325.690002,768.820557,436.629517,59.991600,650.000000,-200.000107,59.991600,-105.000000
142,12,618.250000,236.688309,623.644836,59.991600,650.000000,-200.000107,59.991600,-105.000000
143,1,454.890015,675.583557,-959.167603,-95.589951,650.000000,-200.000107,59.991600,-105.000000
143,5,365.339996,552.630554,-853.165588,-94.407753,650.000000,-200.000107,59.991600,-105.000000
143,6,356.839996,409.735504,-806.901611,-90.815498,650.000000,-200.000107,59.991600,-105.000000
143,7,431.440002,1258.246460,-404.390289,-87.569572,650.000000,-200.000107,59.991600,-105.000000
143,8,337.730011,106.106133,-95.675224,-55.518867,650.000000,-200.000107,59.991600,-105.000000
143,9,634.900024,1486.525757,301.956512,59.991600,650.000000,-200.000107,59.991600,-105.000000
143,10,362.649994,903.956909,438.683624,59.991600,650.000000,-200.000107,59.991600,-105.000000
143,11,325.690002,768.820557,436.629517,59.991600,650.000000,-200.000107,59.991600,-105.000000
143,12,618.250000,236.688309,623.644836,59.991600,650.000000,-200.000107,59.991600,-105.000000
144,1,454.890015,675.583557,-959.167603,-95.589951,650.000000,-200.000107,59.991600,-105.000000
144,5,365.339996,552.630554,-853.165588,-94.407753,650.000000,-200.000107,59.991600,-105.000000
144,6,356.839996,409.735504,-806.901611,-90.815498,650.000000,-200.000107,59.991600,-105.000000
144,7,431.440002,1258.246460,-404.390289,-87.569572,650.000000,-200.000107,59.991600,-105.000000
144,8,337.730011,106.106133,-95.675224,-55.518867,650.000000,-200.000107,59.991600,-105.000000
144,9,634.900024,1486.525757,301.956512,59.991600,650.000000,-200.000107,59.991600,-105.000000
144,10,362.649994,903.956909,438.683624,59.991600,650.000000,-200.000107,59.991600,-105.000000
144,11,325.690002,768.820557,436.629517,59.991600,650.000000,-200.000107,59.991600,-105.000000
144,12,618.250000,236.688309,623.644836,59.991600,650.000000,-200.000107,59.991600,-105.000000
145,1,454.890015,675.583557,-959.167603,-95.589951,650.000000,-200.000107,59.991600,-105.000000
145,5,365.339996,552.630554,-853.165588,-94.407753,650.000000,-200.000107,59.991600,-105.000000
145,6,356.839996,409.735504,-806.901611,-90.815498,650.000000,-200.000107,59.991600,-105.000000
145,7,431.440002,1258.246460,-404.390289,-87.569572,650.000000,-200.000107,59.991600,-105.000000
145,8,337.730011,106.106133,-95.675224,-55.518867,650.000000,-200.000107,59.991600,-105.000000
145,9,634.900024,1486.525757,301.956512,59.991600,650.000000,-200.000107,59.991600,-105.000000
145,10,362.649994,903.956909,438.683624,59.991600,650.000000,-200.000107,59.991600,-105.000000
145,11,325.690002,768.820557,436.629517,59.991600,650.000000,-200.000107,59.991600,-105.000000
145,12,618.250000,236.688309,623.644836,59.991600,650.000000,-200.000107,59.991600,-105.000000
146,1,454.890015,675.583557,-959.167603,-95.589951,650.000000,-200.000107,59.991600,-105.000000
146,5,365.339996,552.630554,-853.165588,-94.407753,650.000000,-200.000107,59.991600,-105.000000
146,6,356.839996,409.735504,-806.901611,-90.815498,650.000000,-200.000107,59.991600,-105.000000
146,7,431.440002,1258.246460,-404.390289,-87.569572,650.000000,-200.000107,59.991600,-105.000000
146,8,337.730011,106.106133,-95.675224,-55.518867,650.000000,-200.000107,59.991600,-105.000000
146,9,634.900024,1486.525757,301.956512,59.991600,650.000000,-200.000107,59.991600,-105.000000
146,10,362.649994,903.956909,438.683624,59.991600,650.000000,-200.000107,59.991600,-105.000000
146,11,325.690002,768.820557,436.629517,59.991600,650.000000,-200.000107,59.991600,-105.000000
146,12,618.250000,236.688309,623.644836,59.991600,650.000000,-200.000107,59.991600,-105.000000
147,1,454.890015,675.583557,-959.167603,-95.589951,650.000000,-200.000107,59.991600,-105.000000
147,5,365.339996,552.630554,-853.165588,-94.407753,650.000000,-200.000107,59.991600,-105.000000
147,6,356.839996,409.735504,-806.901611,-90.815498,650.000000,-200.000107,59.991600,-105.000000
147,7,431.440002,1258.246460,-404.390289,-87.569572,650.000000,-200.000107,59.991600,-105.000000
147,8,337.730011,106.106133,-95.675224,-55.518867,650.000000,-200.000107,59.991600,-105.000000
147,9,634.900024,1486.525757,301.956512,59.991600,650.000000,-200.000107,59.991600,-105.000000
147,10,362.649994,903.956909,438.683624,59.991600,650.000000,-200.000107,59.991600,-105.000000
147,11,325.690002,768.820557,436.629517,59.991600,650.000000,-200.000107,59.991600,-105.000000
147,12,618.250000,236.688309,623.644836,59.991600,650.000000,-200.000107,59.991600,-105.000000
148,1,454.890015,675.583557,-959.167603,-95.589951,650.000000,-200.000107,59.991600,-105.000000
148,5,365.339996,552.630554,-853.165588,-94.407753,650.000000,-200.000107,59.991600,-105.000000
148,6,356.839996,409.735504,-806.901611,-90.815498,650.000000,-200.000107,59.991600,-105.000000
148,7,431.440002,1258.246460,-404.390289,-87.569572,650.000000,-200.000107,59.991600,-105.000000
148,8,337.730011,106.106133,-95.675224,-55.518867,650.000000,-200.000107,59.991600,-105.000000
148,9,634.900024,1486.525757,301.956512,59.991600,650.000000,-200.000107,59.991600,-105.000000
148,10,362.649994,903.956909,438.683624,59.991600,650.000000,-200.000107,59.991600,-105.000000
148,11,325.690002,768.820557,436.629517,59.991600,650.000000,-200.000107,59.991600,-105.000000
148,12,618.250000,236.688309,623.644836,59.991600,650.000000,-200.000107,59.991600,-105.000000
149,1,454.890015,675.583557,-959.167603,-95.589951,650.000000,-200.000107,59.991600,-105.000000
149,5,365.339996,552.630554,-853.165588,-94.407753,650.000000,-200.000107,59.991600,-105.000000
149,6,356.839996,409.735504,-806.901611,-90.815498,650.000000,-200.000107,59.991600,-105.000000
149,7,431.440002,1258.246460,-404.390289,-87.569572,650.000000,-200.000107,59.991600,-105.000000
149,8,337.730011,106.106133,-95.675224,-55.518867,650.000000,-200.000107,59.991600,-105.000000
149,9,634.900024,1486.525757,301.956512,59.991600,650.000000,-200.000107,59.991600,-105.000000
149,10,362.649994,903.956909,438.683624,59.991600,650.000000,-200.000107,59.991600,-105.000000
149,11,325.690002,768.820557,436.629517,59.991600,650.000000,-200.000107,59.991600,-105.000000
149,12,618.250000,236.688309,623.644836,59.991600,650.000000,-200.000107,59.991600,-105.000000
150,1,454.890015,675.583557,-959.167603,-95.589951,650.000000,-200.000107,59.991600,-105.000000
150,5,365.339996,552.630554,-853.165588,-94.407753,650.000000,-200.000107,59.991600,-105.000000
150,6,356.839996,409.735504,-806.901611,-90.815498,650.000000,-200.000107,59.991600,-105.000000
150,7,431.440002,1258.246460,-404.390289,-87.569572,650.000000,-200.000107,59.991600,-105.000000
150,8,337.730011,106.106133,-95.675224,-55.518867,650.000000,-200.000107,59.991600,-105.000000
150,9,634.900024,1486.525757,301.956512,59.991600,650.000000,-200.000107,59.991600,-105.000000
150,10,362.649994,903.956909,438.683624,59.991600,650.000000,-200.000107,59.991600,-105.000000
150,11,325.690002,768.820557,436.629517,59.991600,650.000000,-200.000107,59.991600,-105.000000
150,12,618.250000,236.688309,623.644836,59.991600,650.000000,-200.000107,59.991600,-105.000000
151,1,454.890015,675.583557,-959.167603,-95.589951,650.000000,-200.000107,59.991600,-105.000000
151,5,365.339996,552.630554,-853.165588,-94.407753,650.000000,-200.000107,59.991600,-105.000000
151,6,356.839996,409.735504,-806.901611,-90.815498,650.000000,-200.000107,59.991600,-105.000000
151,7,431.440002,1258.246460,-404.390289,-87.569572,650.000000,-200.000107,59.991600,-105.000000
151,8,337.730011,106.106133,-95.675224,-55.518867,650.000000,-200.000107,59.991600,-105.000000
151,9,634.900024,1486.525757,301.956512,59.991600,650.000000,-200.000107,59.991600,-105.000000
151,10,362.649994,903.956909,438.683624,59.991600,650.000000,-200.000107,59.991600,-105.000000
151,11,325.690002,768.820557,436.629517,59.991600,650.000000,-200.000107,59.991600,-105.000000
151,12,618.250000,236.688309,623.644836,59.991600,650.000000,-200.000107,59.991600,-105.000000
152,1,454.890015,675.583557,-959.167603,-95.589951,650.000000,-200.000107,59.991600,-105.000000
152,5,365.339996,552.630554,-853.165588,-94.407753,650.000000,-200.000107,59.991600,-105.000000
152,6,356.839996,409.735504,-806.901611,-90.815498,650.000000,-200.000107,59.991600,-105.000000
152,7,431.440002,1258.246460,-404.390289,-87.569572,650.000000,-200.000107,59.991600,-105.000000
152,8,337.730011,106.106133,-95.675224,-55.518867,650.000000,-200.000107,59.991600,-105.000000
152,9,634.900024,1486.525757,301.956512,59.991600,650.000000,-200.000107,59.991600,-105.000000
152,10,362.649994,903.956909,438.683624,59.991600,650.000000,-200.000107,59.991600,-105.000000
152,11,325.690002,768.820557,436.629517,59.991600,650.000000,-200.000107,59.991600,-105.000000
152,12,618.250000,236.688309,623.644836,59.991600,650.000000,-200.000107,59.991600,-105.000000
153,1,496.390015,364.260590,-1115.974121,-99.774086,589.990173,-350.000092,70.001297,-123.500000
153,3,482.579987,-16.461235,-849.356079,-95.050774,589.990173,-350.000092,70.001297,-123.500000
153,4,569.530029,-261.988068,-677.370056,70.001297,589.990173,-350.000092,70.001297,-123.500000
153,5,398.290009,273.917572,-963.418823,-98.323334,589.990173,-350.000092,70.001297,-123.500000
153,6,397.839996,149.059814,-880.288147,-98.133148,589.990173,-350.000092,70.001297,-123.500000
153,7,445.109985,1112.662476,-743.917542,-82.235283,589.990173,-350.000092,70.001297,-123.500000
153,8,341.290009,104.515945,-76.639900,-46.726757,589.990173,-350.000092,70.001297,-123.500000
153,9,699.780029,1604.768677,-120.989365,70.001297,589.990173,-350.000092,70.001297,-123.500000
153,10,252.139999,972.486267,82.944374,70.001297,589.990173,-350.000092,70.001297,-123.500000
153,11,222.240005,847.578247,129.763000,70.001297,589.990173,-350.000092,70.001297,-123.500000
153,12,487.589996,474.174438,432.407501,70.001297,589.990173,-350.000092,70.001297,-123.500000
153,16,600.450012,-202.006546,-821.117188,70.001297,589.990173,-350.000092,70.001297,-123.500000
154,1,496.390015,364.260590,-1115.974121,-99.774086,589.990173,-350.000092,70.001297,-123.500000
154,3,482.579987,-16.461235,-849.356079,-95.050774,589.990173,-350.000092,70.001297,-123.500000
154,4,569.530029,-261.988068,-677.370056,70.001297,589.990173,-350.000092,70.001297,-123.500000
154,5,398.290009,273.917572,-963.418823,-98.323334,589.990173,-350.000092,70.001297,-123.500000
154,6,397.839996,149.059814,-880.288147,-98.133148,589.990173,-350.000092,70.001297,-123.500000
154,7,445.109985,1112.662476,-743.917542,-82.235283,589.990173,-350.000092,70.001297,-123.500000
154,8,341.290009,104.515945,-76.639900,-46.726757,589.990173,-350.000092,70.001297,-123.500000
154,9,699.780029,1604.768677,-120.989365,70.001297,589.990173,-350.000092,70.001297,-123.500000
154,10,252.139999,972.486267,82.944374,70.001297,589.990173,-350.000092,70.001297,-123.500000
154,11,222.240005,847.578247,129.763000,70.001297,589.990173,-350.000092,70.001297,-123.500000
154,12,487.589996,474.174438,432.407501,70.001297,589.990173,-350.000092,70.001297,-123.500000
154,16,600.450012,-202.006546,-821.117188,70.001297,589.990173,-350.000092,70.001297,-123.500000
155,1,496.390015,364.260590,-1115.974121,-99.774086,589.990173,-350.000092,70.001297,-123.500000
155,3,482.579987,-16.461235,-849.356079,-95.050774,589.990173,-350.000092,70.001297,-123.500000
155,4,569.530029,-261.988068,-677.370056,70.001297,589.990173,-350.000092,70.001297,-123.500000
155,5,398.290009,273.917572,-963.418823,-98.323334,589.990173,-350.000092,70.001297,-123.500000
155,6,397.839996,149.059814,-880.288147,-98.133148,589.990173,-350.000092,70.001297,-123.500000
155,7,445.109985,1112.662476,-743.917542,-82.235283,589.990173,-350.000092,70.001297,-123.500000
155,8,341.290009,104.515945,-76.639900,-46.726757,589.990173,-350.000092,70.001297,-123.500000
155,9,699.780029,1604.768677,-120.989365,70.001297,589.990173,-350.000092,70.001297,-123.500000
155,10,252.139999,972.486267,82.944374,70.001297,589.990173,-350.000092,70.001297,-123.500000
155,11,222.240005,847.578247,129.763000,70.001297,589.990173,-350.000092,70.001297,-123.500000
155,12,487.589996,474.174438,432.407501,70.001297,589.990173,-350.000092,70.001297,-123.500000
155,16,600.450012,-202.006546,-821.117188,70.001297,589.990173,-350.000092,70.001297,-123.500000
156,1,496.390015,364.260590,-1115.974121,-99.774086,589.990173,-350.000092,70.001297,-123.500000
156,3,482.579987,-16.461235,-849.356079,-95.050774,589.990173,-350.000092,70.001297,-123.500000
156,4,569.530029,-261.988068,-677.370056,70.001297,589.990173,-350.000092,70.001297,-123.500000
156,5,398.290009,273.917572,-963.418823,-98.323334,589.990173,-350.000092,70.001297,-123.500000
156,6,397.839996,149.059814,-880.288147,-98.133148,589.990173,-350.000092,70.001297,-123.500000
156,7,445.109985,1112.662476,-743.917542,-82.235283,589.990173,-350.000092,70.001297,-123.500000
156,8,341.290009,104.515945,-76.639900,-46.726757,589.990173,-350.000092,70.001297,-123.500000
156,9,699.780029,1604.768677,-120.989365,70.001297,589.990173,-350.000092,70.001297,-123.500000
156,10,252.139999,972.486267,82.944374,70.001297,589.990173,-350.000092,70.001297,-123.500000
156,11,222.240005,847.578247,129.763000,70.001297,589.990173,-350.000092,70.001297,-123.500000
156,12,487.589996,474.174438,432.407501,70.001297,589.990173,-350.000092,70.001297,-123.500000
156,16,600.450012,-202.006546,-821.117188,70.001297,589.990173,-350.000092,70.001297,-123.500000
157,1,496.390015,364.260590,-1115.974121,-99.774086,589.990173,-350.000092,70.001297,-123.500000
157,3,482.579987,-16.461235,-849.356079,-95.050774,589.990173,-350.000092,70.001297,-123.500000
157,4,569.530029,-261.988068,-677.370056,70.001297,589.990173,-350.000092,70.001297,-123.500000
157,5,398.290009,273.917572,-963.418823,-98.323334,589.990173,-350.000092,70.001297,-123.500000
157,6,397.839996,149.059814,-880.288147,-98.133148,589.990173,-350.000092,70.001297,-123.500000
157,7,445.109985,1112.662476,-743.917542,-82.235283,589.990173,-350.000092,70.001297,-123.500000
157,8,341.290009,104.515945,-76.639900,-46.726757,589.990173,-350.000092,70.001297,-123.500000
157,9,699.780029,1604.768677,-120.989365,70.001297,589.990173,-350.000092,70.001297,-123.500000
157,10,252.139999,972.486267,82.944374,70.001297,589.990173,-350.000092,70.001297,-123.500000
157,11,222.240005,847.578247,129.763000,70.001297,589.990173,-350.000092,70.001297,-123.500000
157,12,487.589996,474.174438,432.407501,70.001297,589.990173,-350.000092,70.001297,-123.500000
157,16,600.450012,-202.006546,-821.117188,70.001297,589.990173,-350.000092,70.001297,-123.500000
158,1,496.390015,364.260590,-1115.974121,-99.774086,589.990173,-350.000092,70.001297,-123.500000
158,3,482.579987,-16.461235,-849.356079,-95.050774,589.990173,-350.000092,70.001297,-123.500000
158,4,569.530029,-261.988068,-677.370056,70.001297,589.990173,-350.000092,70.001297,-123.500000
158,5,398.290009,273.917572,-963.418823,-98.323334,589.990173,-350.000092,70.001297,-123.500000
158,6,397.839996,149.059814,-880.288147,-98.133148,589.990173,-350.000092,70.001297,-123.500000
158,7,445.109985,1112.662476,-743.917542,-82.235283,589.990173,-350.000092,70.001297,-123.500000
158,8,341.290009,104.515945,-76.639900,-46.726757,589.990173,-350.000092,70.001297,-123.500000
158,9,699.780029,1604.768677,-120.989365,70.001297,589.990173,-350.000092,70.001297,-123.500000
158,10,252.139999,972.486267,82.944374,70.001297,589.990173,-350.000092,70.001297,-123.500000
158,11,222.240005,847.578247,129.763000,70.001297,589.990173,-350.000092,70.001297,-123.500000
158,12,487.589996,474.174438,432.407501,70.001297,589.990173,-350.000092,70.001297,-123.500000
158,16,600.450012,-202.006546,-821.117188,70.001297,589.990173,-350.000092,70.001297,-123.500000
159,1,496.390015,364.260590,-1115.974121,-99.774086,589.990173,-350.000092,70.001297,-123.500000
159,3,482.579987,-16.461235,-849.356079,-95.050774,589.990173,-350.000092,70.001297,-123.500000
159,4,569.530029,-261.988068,-677.370056,70.001297,589.990173,-350.000092,70.001297,-123.500000
159,5,398.290009,273.917572,-963.418823,-98.323334,589.990173,-350.000092,70.001297,-123.500000
159,6,397.839996,149.059814,-880.288147,-98.133148,589.990173,-350.000092,70.001297,-123.500000
159,7,445.109985,1112.662476,-743.917542,-82.235283,589.990173,-350.000092,70.001297,-123.500000
159,8,341.290009,104.515945,-76.639900,-46.726757,589.990173,-350.000092,70.001297,-123.500000
159,9,699.780029,1604.768677,-120.989365,70.001297,589.990173,-350.000092,70.001297,-123.500000
159,10,252.139999,972.486267,82.944374,70.001297,589.990173,-350.000092,70.001297,-123.500000
159,11,222.240005,847.578247,129.763000,70.001297,589.990173,-350.000092,70.001297,-123.500000
159,12,487.589996,474.174438,432.407501,70.001297,589.990173,-350.000092,70.001297,-123.500000
159,16,600.450012,-202.006546,-821.117188,70.001297,589.990173,-350.000092,70.001297,-123.500000
160,1,496.390015,364.260590,-1115.974121,-99.774086,589.990173,-350.000092,70.001297,-123.500000
160,3,482.579987,-16.461235,-849.356079,-95.050774,589.990173,-350.000092,70.001297,-123.500000
160,4,569.530029,-261.988068,-677.370056,70.001297,589.990173,-350.000092,70.001297,-123.500000
160,5,398.290009,273.917572,-963.418823,-98.323334,589.990173,-350.000092,70.001297,-123.500000
160,6,397.839996,149.059814,-880.288147,-98.133148,589.990173,-350.000092,70.001297,-123.500000
160,7,445.109985,1112.662476,-743.917542,-82.235283,589.990173,-350.000092,70.001297,-123.500000
160,8,341.290009,104.515945,-76.639900,-46.726757,589.990173,-350.000092,70.001297,-123.500000
160,9,699.780029,1604.768677,-120.989365,70.001297,589.990173,-350.000092,70.001297,-123.500000
160,10,252.139999,972.486267,82.944374,70.001297,589.990173,-350.000092,70.001297,-123.500000
160,11,222.240005,847.578247,129.763000,70.001297,589.990173,-350.000092,70.001297,-123.500000
160,12,487.589996,474.174438,432.407501,70.001297,589.990173,-350.000092,70.001297,-123.500000
160,16,600.450012,-202.006546,-821.117188,70.001297,589.990173,-350.000092,70.001297,-123.500000
161,1,496.390015,364.260590,-1115.974121,-99.774086,589.990173,-350.000092,70.001297,-123.500000
161,3,482.579987,-16.461235,-849.356079,-95.050774,589.990173,-350.000092,70.001297,-123.500000
161,4,569.530029,-261.988068,-677.370056,70.001297,589.990173,-350.000092,70.001297,-123.500000
161,5,398.290009,273.917572,-963.418823,-98.323334,589.990173,-350.000092,70.001297,-123.500000
161,6,397.839996,149.059814,-880.288147,-98.133148,589.990173,-350.000092,70.001297,-123.500000
161,7,445.109985,1112.662476,-743.917542,-82.235283,589.990173,-350.000092,70.001297,-123.500000
161,8,341.290009,104.515945,-76.639900,-46.726757,589.990173,-350.000092,70.001297,-123.500000
161,9,699.780029,1604.768677,-120.989365,70.001297,589.990173,-350.000092,70.001297,-123.500000
161,10,252.139999,972.486267,82.944374,70.001297,589.990173,-350.000092,70.001297,-123.500000
161,11,222.240005,847.578247,129.763000,70.001297,589.990173,-350.000092,70.001297,-123.500000
161,12,487.589996,474.174438,432.407501,70.001297,589.990173,-350.000092,70.001297,-123.500000
161,16,600.450012,-202.006546,-821.117188,70.001297,589.990173,-350.000092,70.001297,-123.500000
162,1,496.390015,364.260590,-1115.974121,-99.774086,589.990173,-350.000092,70.001297,-123.500000
162,3,482.579987,-16.461235,-849.356079,-95.050774,589.990173,-350.000092,70.001297,-123.500000
162,4,569.530029,-261.988068,-677.370056,70.001297,589.990173,-350.000092,70.001297,-123.500000
162,5,398.290009,273.917572,-963.418823,-98.323334,589.990173,-350.000092,70.001297,-123.500000
162,6,397.839996,149.059814,-880.288147,-98.133148,589.990173,-350.000092,70.001297,-123.500000
162,7,445.109985,1112.662476,-743.917542,-82.235283,589.990173,-350.000092,70.001297,-123.500000
162,8,341.290009,104.515945,-76.639900,-46.726757,589.990173,-350.000092,70.001297,-123.500000
162,9,699.780029,1604.768677,-120.989365,70.001297,589.990173,-350.000092,70.001297,-123.500000
162,10,252.139999,972.486267,82.944374,70.001297,589.990173,-350.000092,70.001297,-123.500000
162,11,222.240005,847.578247,129.763000,70.001297,589.990173,-350.000092,70.001297,-123.500000
162,12,487.589996,474.174438,432.407501,70.001297,589.990173,-350.000092,70.001297,-123.500000
162,16,600.450012,-202.006546,-821.117188,70.001297,589.990173,-350.000092,70.001297,-123.500000
163,1,496.390015,364.260590,-1115.974121,-99.774086,589.990173,-350.000092,70.001297,-123.500000
163,3,482.579987,-16.461235,-849.356079,-95.050774,589.990173,-350.000092,70.001297,-123.500000
163,4,569.530029,-261.988068,-677.370056,70.001297,589.990173,-350.000092,70.001297,-123.500000
163,5,398.290009,273.917572,-963.418823,-98.323334,589.990173,-350.000092,70.001297,-123.500000
163,6,397.839996,149.059814,-880.288147,-98.133148,589.990173,-350.000092,70.001297,-123.500000
163,7,445.109985,1112.662476,-743.917542,-82.235283,589.990173,-350.000092,70.001297,-123.500000
163,8,341.290009,104.515945,-76.639900,-46.726757,589.990173,-350.000092,70.001297,-123.500000
163,9,699.780029,1604.768677,-120.989365,70.001297,589.990173,-350.000092,70.001297,-123.500000
163,10,252.139999,972.486267,82.944374,70.001297,589.990173,-350.000092,70.001297,-123.500000
163,11,222.240005,847.578247,129.763000,70.001297,589.990173,-350.000092,70.001297,-123.500000
163,12,487.589996,474.174438,432.407501,70.001297,589.990173,-350.000092,70.001297,-123.500000
163,16,600.450012,-202.006546,-821.117188,70.001297,589.990173,-350.000092,70.001297,-123.500000
164,1,549.520020,118.425217,-1207.327148,-117.945618,519.970703,-459.960999,70.001297,-135.500000
164,3,534.099976,-221.104172,-842.393066,-112.671654,519.970703,-459.960999,70.001297,-135.500000
164,5,428.839996,63.519848,-1013.666382,-111.234314,519.970703,-459.960999,70.001297,-135.500000
164,6,431.290009,-43.200291,-908.235168,-112.269737,519.970703,-459.960999,70.001297,-135.500000
164,7,460.829987,959.675110,-964.476135,-87.611839,519.970703,-459.960999,70.001297,-135.500000
164,8,338.779999,103.593193,-93.320900,-45.868282,519.970703,-459.960999,70.001297,-135.500000
164,9,630.429993,1491.051636,-452.380157,70.001297,519.970703,-459.960999,70.001297,-135.500000
164,10,195.910004,944.016479,-155.414932,70.001297,519.970703,-459.960999,70.001297,-135.500000
164,11,171.710007,835.637634,-79.654381,70.001297,519.970703,-459.960999,70.001297,-135.500000
164,12,427.829987,563.629761,269.943695,70.001297,519.970703,-459.960999,70.001297,-135.500000
165,1,549.520020,118.425217,-1207.327148,-117.945618,519.970703,-459.960999,70.001297,-135.500000
165,3,534.099976,-221.104172,-842.393066,-112.671654,519.970703,-459.960999,70.001297,-135.500000
165,5,428.839996,63.519848,-1013.666382,-111.234314,519.970703,-459.960999,70.001297,-135.500000
165,6,431.290009,-43.200291,-908.235168,-112.269737,519.970703,-459.960999,70.001297,-135.500000
165,7,460.829987,959.675110,-964.476135,-87.611839,519.970703,-459.960999,70.001297,-135.500000
165,8,338.779999,103.593193,-93.320900,-45.868282,519.970703,-459.960999,70.001297,-135.500000
165,9,630.429993,1491.051636,-452.380157,70.001297,519.970703,-459.960999,70.001297,-135.500000
165,10,195.910004,944.016479,-155.414932,70.001297,519.970703,-459.960999,70.001297,-135.500000
165,11,171.710007,835.637634,-79.654381,70.001297,519.970703,-459.960999,70.001297,-135.500000
165,12,427.829987,563.629761,269.943695,70.001297,519.970703,-459.960999,70.001297,-135.500000
166,1,549.520020,118.425217,-1207.327148,-117.945618,519.970703,-459.960999,70.001297,-135.500000
166,3,534.099976,-221.104172,-842.393066,-112.671654,519.970703,-459.960999,70.001297,-135.500000
166,5,428.839996,63.519848,-1013.666382,-111.234314,519.970703,-459.960999,70.001297,-135.500000
166,6,431.290009,-43.200291,-908.235168,-112.269737,519.970703,-459.960999,70.001297,-135.500000
166,7,460.829987,959.675110,-964.476135,-87.611839,519.970703,-459.960999,70.001297,-135.500000
166,8,338.779999,103.593193,-93.320900,-45.868282,519.970703,-459.960999,70.001297,-135.500000
166,9,630.429993,1491.051636,-452.380157,70.001297,519.970703,-459.960999,70.001297,-135.500000
166,10,195.910004,944.016479,-155.414932,70.001297,519.970703,-459.960999,70.001297,-135.500000
166,11,171.710007,835.637634,-79.654381,70.001297,519.970703,-459.960999,70.001297,-135.500000
166,12,427.829987,563.629761,269.943695,70.001297,519.970703,-459.960999,70.001297,-135.500000
167,1,549.520020,118.425217,-1207.327148,-117.945618,519.970703,-459.960999,70.001297,-135.500000
167,3,534.099976,-221.104172,-842.393066,-112.671654,519.970703,-459.960999,70.001297,-135.500000
167,5,428.839996,63.519848,-1013.666382,-111.234314,519.970703,-459.960999,70.001297,-135.500000
167,6,431.290009,-43.200291,-908.235168,-112.269737,519.970703,-459.960999,70.001297,-135.500000
167,7,460.829987,959.675110,-964.476135,-87.611839,519.970703,-459.960999,70.001297,-135.500000
167,8,338.779999,103.593193,-93.320900,-45.868282,519.970703,-459.960999,70.001297,-135.500000
167,9,630.429993,1491.051636,-452.380157,70.001297,519.970703,-459.960999,70.001297,-135.500000
167,10,195.910004,944.016479,-155.414932,70.001297,519.970703,-459.960999,70.001297,-135.500000
167,11,171.710007,835.637634,-79.654381,70.001297,519.970703,-459.960999,70.001297,-135.500000
167,12,427.829987,563.629761,269.943695,70.001297,519.970703,-459.960999,70.001297,-135.500000
168,1,549.520020,118.425217,-1207.327148,-117.945618,519.970703,-459.960999,70.001297,-135.500000
168,3,534.099976,-221.104172,-842.393066,-112.671654,519.970703,-459.960999,70.001297,-135.500000
168,5,428.839996,63.519848,-1013.666382,-111.234314,519.970703,-459.960999,70.001297,-135.500000
168,6,431.290009,-43.200291,-908.235168,-112.269737,519.970703,-459.960999,70.001297,-135.500000
168,7,460.829987,959.675110,-964.476135,-87.611839,519.970703,-459.960999,70.001297,-135.500000
168,8,338.779999,103.593193,-93.320900,-45.868282,519.970703,-459.960999,70.001297,-135.500000
168,9,630.429993,1491.051636,-452.380157,70.001297,519.970703,-459.960999,70.001297,-135.500000
168,10,195.910004,944.016479,-155.414932,70.001297,519.970703,-459.960999,70.001297,-135.500000
168,11,171.710007,835.637634,-79.654381,70.001297,519.970703,-459.960999,70.001297,-135.500000
168,12,427.829987,563.629761,269.943695,70.001297,519.970703,-459.960999,70.001297,-135.500000
169,1,549.520020,118.425217,-1207.327148,-117.945618,519.970703,-459.960999,70.001297,-135.500000
169,3,534.099976,-221.104172,-842.393066,-112.671654,519.970703,-459.960999,70.001297,-135.500000
169,5,428.839996,63.519848,-1013.666382,-111.234314,519.970703,-459.960999,70.001297,-135.500000
169,6,431.290009,-43.200291,-908.235168,-112.269737,519.970703,-459.960999,70.001297,-135.500000
169,7,460.829987,959.675110,-964.476135,-87.611839,519.970703,-459.960999,70.001297,-135.500000
169,8,338.779999,103.593193,-93.320900,-45.868282,519.970703,-459.960999,70.001297,-135.500000
169,9,630.429993,1491.051636,-452.380157,70.001297,519.970703,-459.960999,70.001297,-135.500000
169,10,195.910004,944.016479,-155.414932,70.001297,519.970703,-459.960999,70.001297,-135.500000
169,11,171.710007,835.637634,-79.654381,70.001297,519.970703,-459.960999,70.001297,-135.500000
169,12,427.829987,563.629761,269.943695,70.001297,519.970703,-459.960999,70.001297,-135.500000
170,1,549.520020,118.425217,-1207.327148,-117.945618,519.970703,-459.960999,70.001297,-135.500000
170,3,534.099976,-221.104172,-842.393066,-112.671654,519.970703,-459.960999,70.001297,-135.500000
170,5,428.839996,63.519848,-1013.666382,-111.234314,519.970703,-459.960999,70.001297,-135.500000
170,6,431.290009,-43.200291,-908.235168,-112.269737,519.970703,-459.960999,70.001297,-135.500000
170,7,460.829987,959.675110,-964.476135,-87.611839,519.970703,-459.960999,70.001297,-135.500000
170,8,338.779999,103.593193,-93.320900,-45.868282,519.970703,-459.960999,70.001297,-135.500000
170,9,630.429993,1491.051636,-452.380157,70.001297,519.970703,-459.960999,70.001297,-135.500000
170,10,195.910004,944.016479,-155.414932,70.001297,519.970703,-459.960999,70.001297,-135.500000
170,11,171.710007,835.637634,-79.654381,70.001297,519.970703,-459.960999,70.001297,-135.500000
170,12,427.829987,563.629761,269.943695,70.001297,519.970703,-459.960999,70.001297,-135.500000
171,1,549.520020,118.425217,-1207.327148,-117.945618,519.970703,-459.960999,70.001297,-135.500000
171,3,534.099976,-221.104172,-842.393066,-112.671654,519.970703,-459.960999,70.001297,-135.500000
171,5,428.839996,63.519848,-1013.666382,-111.234314,519.970703,-459.960999,70.001297,-135.500000
171,6,431.290009,-43.200291,-908.235168,-112.269737,519.970703,-459.960999,70.001297,-135.500000
171,7,460.829987,959.675110,-964.476135,-87.611839,519.970703,-459.960999,70.001297,-135.500000
171,8,338.779999,103.593193,-93.320900,-45.868282,519.970703,-459.960999,70.001297,-135.500000
171,9,630.429993,1491.051636,-452.380157,70.001297,519.970703,-459.960999,70.001297,-135.500000
171,10,195.910004,944.016479,-155.414932,70.001297,519.970703,-459.960999,70.001297,-135.500000
171,11,171.710007,835.637634,-79.654381,70.001297,519.970703,-459.960999,70.001297,-135.500000
171,12,427.829987,563.629761,269.943695,70.001297,519.970703,-459.960999,70.001297,-135.500000
172,1,549.520020,118.425217,-1207.327148,-117.945618,519.970703,-459.960999,70.001297,-135.500000
172,3,534.099976,-221.104172,-842.393066,-112.671654,519.970703,-459.960999,70.001297,-135.500000
172,5,428.839996,63.519848,-1013.666382,-111.234314,519.970703,-459.960999,70.001297,-135.500000
172,6,431.290009,-43.200291,-908.235168,-112.269737,519.970703,-459.960999,70.001297,-135.500000
172,7,460.829987,959.675110,-964.476135,-87.611839,519.970703,-459.960999,70.001297,-135.500000
172,8,338.779999,103.593193,-93.320900,-45.868282,519.970703,-459.960999,70.001297,-135.500000
172,9,630.429993,1491.051636,-452.380157,70.001297,519.970703,-459.960999,70.001297,-135.500000
172,10,195.910004,944.016479,-155.414932,70.001297,519.970703,-459.960999,70.001297,-135.500000
172,11,171.710007,835.637634,-79.654381,70.001297,519.970703,-459.960999,70.001297,-135.500000
172,12,427.829987,563.629761,269.943695,70.001297,519.970703,-459.960999,70.001297,-135.500000
173,1,549.520020,118.425217,-1207.327148,-117.945618,519.970703,-459.960999,70.001297,-135.500000
173,3,534.099976,-221.104172,-842.393066,-112.671654,519.970703,-459.960999,70.001297,-135.500000
173,5,428.839996,63.519848,-1013.666382,-111.234314,519.970703,-459.960999,70.001297,-135.500000
173,6,431.290009,-43.200291,-908.235168,-112.269737,519.970703,-459.960999,70.001297,-135.500000
173,7,460.829987,959.675110,-964.476135,-87.611839,519.970703,-459.960999,70.001297,-135.500000
173,8,338.779999,103.593193,-93.320900,-45.868282,519.970703,-459.960999,70.001297,-135.500000
173,9,630.429993,1491.051636,-452.380157,70.001297,519.970703,-459.960999,70.001297,-135.500000
173,10,195.910004,944.016479,-155.414932,70.001297,519.970703,-459.960999,70.001297,-135.500000
173,11,171.710007,835.637634,-79.654381,70.001297,519.970703,-459.960999,70.001297,-135.500000
173,12,427.829987,563.629761,269.943695,70.001297,519.970703,-459.960999,70.001297,-135.500000
174,1,549.520020,118.425217,-1207.327148,-117.945618,519.970703,-459.960999,70.001297,-135.500000
174,3,534.099976,-221.104172,-842.393066,-112.671654,519.970703,-459.960999,70.001297,-135.500000
174,5,428.839996,63.519848,-1013.666382,-111.234314,519.970703,-459.960999,70.001297,-135.500000
174,6,431.290009,-43.200291,-908.235168,-112.269737,519.970703,-459.960999,70.001297,-135.500000
174,7,460.829987,959.675110,-964.476135,-87.611839,519.970703,-459.960999,70.001297,-135.500000
174,8,338.779999,103.593193,-93.320900,-45.868282,519.970703,-459.960999,70.001297,-135.500000
174,9,630.429993,1491.051636,-452.380157,70.001297,519.970703,-459.960999,70.001297,-135.500000
174,10,195.910004,944.016479,-155.414932,70.001297,519.970703,-459.960999,70.001297,-135.500000
174,11,171.710007,835.637634,-79.654381,70.001297,519.970703,-459.960999,70.001297,-135.500000
174,12,427.829987,563.629761,269.943695,70.001297,519.970703,-459.960999,70.001297,-135.500000
175,1,549.520020,118.425217,-1207.327148,-117.945618,519.970703,-459.960999,70.001297,-135.500000
175,3,534.099976,-221.104172,-842.393066,-112.671654,519.970703,-459.960999,70.001297,-135.500000
175,5,428.839996,63.519848,-1013.666382,-111.234314,519.970703,-459.960999,70.001297,-135.500000
175,6,431.290009,-43.200291,-908.235168,-112.269737,519.970703,-459.960999,70.001297,-135.500000
175,7,460.829987,959.675110,-964.476135,-87.611839,519.970703,-459.960999,70.001297,-135.500000
175,8,338.779999,103.593193,-93.320900,-45.868282,519.970703,-459.960999,70.001297,-135.500000
175,9,630.429993,1491.051636,-452.380157,70.001297,519.970703,-459.960999,70.001297,-135.500000
175,10,195.910004,944.016479,-155.414932,70.001297,519.970703,-459.960999,70.001297,-135.500000
175,11,171.710007,835.637634,-79.654381,70.001297,519.970703,-459.960999,70.001297,-135.500000
175,12,427.829987,563.629761,269.943695,70.001297,519.970703,-459.960999,70.001297,-135.500000
176,1,503.529999,-78.910271,-1184.017700,-92.218506,429.980499,-559.960999,79.998901,-146.300003
176,3,481.609985,-321.707397,-785.073608,-84.721413,429.980499,-559.960999,79.998901,-146.300003
176,4,579.500000,-492.237000,-532.239746,79.998901,429.980499,-559.960999,79.998901,-146.300003
176,5,381.269989,-86.271332,-994.407349,-81.132759,429.980499,-559.960999,79.998901,-146.300003
176,6,383.079987,-170.862732,-870.524353,-81.897697,429.980499,-559.960999,79.998901,-146.300003
176,7,455.890015,764.784119,-1134.070190,-75.924667,429.980499,-559.960999,79.998901,-146.300003
176,8,338.510010,89.820480,-122.004799,-35.778343,429.980499,-559.960999,79.998901,-146.300003
176,9,591.440002,1346.526855,-730.198364,79.998901,429.980499,-559.960999,79.998901,-146.300003
176,10,261.579987,958.215942,-303.830933,79.998901,429.980499,-559.960999,79.998901,-146.300003
176,11,238.919998,867.234070,-208.249664,79.998901,429.980499,-559.960999,79.998901,-146.300003
176,12,490.540009,627.237366,209.023575,79.998901,429.980499,-559.960999,79.998901,-146.300003
176,16,612.030029,-493.666046,-691.068054,79.998901,429.980499,-559.960999,79.998901,-146.300003
177,1,503.529999,-78.910271,-1184.017700,-92.218506,429.980499,-559.960999,79.998901,-146.300003
177,3,481.609985,-321.707397,-785.073608,-84.721413,429.980499,-559.960999,79.998901,-146.300003
177,4,579.500000,-492.237000,-532.239746,79.998901,429.980499,-559.960999,79.998901,-146.300003
177,5,381.269989,-86.271332,-994.407349,-81.132759,429.980499,-559.960999,79.998901,-146.300003
177,6,383.079987,-170.862732,-870.524353,-81.897697,429.980499,-559.960999,79.998901,-146.300003
177,7,455.890015,764.784119,-1134.070190,-75.924667,429.980499,-559.960999,79.998901,-146.300003
177,8,338.510010,89.820480,-122.004799,-35.778343,429.980499,-559.960999,79.998901,-146.300003
177,9,591.440002,1346.526855,-730.198364,79.998901,429.980499,-559.960999,79.998901,-146.300003
177,10,261.579987,958.215942,-303.830933,79.998901,429.980499,-559.960999,79.998901,-146.300003
177,11,238.919998,867.234070,-208.249664,79.998901,429.980499,-559.960999,79.998901,-146.300003
177,12,490.540009,627.237366,209.023575,79.998901,429.980499,-559.960999,79.998901,-146.300003
177,16,612.030029,-493.666046,-691.068054,79.998901,429.980499,-559.960999,79.998901,-146.300003
178,1,503.529999,-78.910271,-1184.017700,-92.218506,429.980499,-559.960999,79.998901,-146.300003
178,3,481.609985,-321.707397,-785.073608,-84.721413,429.980499,-559.960999,79.998901,-146.300003
178,4,579.500000,-492.237000,-532.239746,79.998901,429.980499,-559.960999,79.998901,-146.300003
178,5,381.269989,-86.271332,-994.407349,-81.132759,429.980499,-559.960999,79.998901,-146.300003
178,6,383.079987,-170.862732,-870.524353,-81.897697,429.980499,-559.960999,79.998901,-146.300003
178,7,455.890015,764.784119,-1134.070190,-75.924667,429.980499,-559.960999,79.998901,-146.300003
178,8,338.510010,89.820480,-122.004799,-35.778343,429.980499,-559.960999,79.998901,-146.300003
178,9,591.440002,1346.526855,-730.198364,79.998901,429.980499,-559.960999,79.998901,-146.300003
178,10,261.579987,958.215942,-303.830933,79.998901,429.980499,-559.960999,79.998901,-146.300003
178,11,238.919998,867.234070,-208.249664,79.998901,429.980499,-559.960999,79.998901,-146.300003
178,12,490.540009,627.237366,209.023575,79.998901,429.980499,-559.960999,79.998901,-146.300003
178,16,612.030029,-493.666046,-691.068054,79.998901,429.980499,-559.960999,79.998901,-146.300003
179,1,503.529999,-78.910271,-1184.017700,-92.218506,429.980499,-559.960999,79.998901,-146.300003
179,3,481.609985,-321.707397,-785.073608,-84.721413,429.980499,-559.960999,79.998901,-146.300003
179,4,579.500000,-492.237000,-532.239746,79.998901,429.980499,-559.960999,79.998901,-146.300003
179,5,381.269989,-86.271332,-994.407349,-81.132759,429.980499,-559.960999,79.998901,-146.300003
179,6,383.079987,-170.862732,-870.524353,-81.897697,429.980499,-559.960999,79.998901,-146.300003
179,7,455.890015,764.784119,-1134.070190,-75.924667,429.980499,-559.960999,79.998901,-146.300003
179,8,338.510010,89.820480,-122.004799,-35.778343,429.980499,-559.960999,79.998901,-146.300003
179,9,591.440002,1346.526855,-730.198364,79.998901,429.980499,-559.960999,79.998901,-146.300003
179,10,261.579987,958.215942,-303.830933,79.998901,429.980499,-559.960999,79.998901,-146.300003
179,11,238.919998,867.234070,-208.249664,79.998901,429.980499,-559.960999,79.998901,-146.300003
179,12,490.540009,627.237366,209.023575,79.998901,429.980499,-559.960999,79.998901,-146.300003
179,16,612.030029,-493.666046,-691.068054,79.998901,429.980499,-559.960999,79.998901,-146.300003
180,1,503.529999,-78.910271,-1184.017700,-92.218506,429.980499,-559.960999,79.998901,-146.300003
180,3,481.609985,-321.707397,-785.073608,-84.721413,429.980499,-559.960999,79.998901,-146.300003
180,4,579.500000,-492.237000,-532.239746,79.998901,429.980499,-559.960999,79.998901,-146.300003
180,5,381.269989,-86.271332,-994.407349,-81.132759,429.980499,-559.960999,79.998901,-146.300003
180,6,383.079987,-170.862732,-870.524353,-81.897697,429.980499,-559.960999,79.998901,-146.300003
180,7,455.890015,764.784119,-1134.070190,-75.924667,429.980499,-559.960999,79.998901,-146.300003
180,8,338.510010,89.820480,-122.004799,-35.778343,429.980499,-559.960999,79.998901,-146.300003
180,9,591.440002,1346.526855,-730.198364,79.998901,429.980499,-559.960999,79.998901,-146.300003
180,10,261.579987,958.215942,-303.830933,79.998901,429.980499,-559.960999,79.998901,-146.300003
180,11,238.919998,867.234070,-208.249664,79.998901,429.980499,-559.960999,79.998901,-146.300003
180,12,490.540009,627.237366,209.023575,79.998901,429.980499,-559.960999,79.998901,-146.300003
180,16,612.030029,-493.666046,-691.068054,79.998901,429.980499,-559.960999,79.998901,-146.300003
181,1,503.529999,-78.910271,-1184.017700,-92.218506,429.980499,-559.960999,79.998901,-146.300003
181,3,481.609985,-321.707397,-785.073608,-84.721413,429.980499,-559.960999,79.998901,-146.300003
181,4,579.500000,-492.237000,-532.239746,79.998901,429.980499,-559.960999,79.998901,-146.300003
181,5,381.269989,-86.271332,-994.407349,-81.132759,429.980499,-559.960999,79.998901,-146.300003
181,6,383.079987,-170.862732,-870.524353,-81.897697,429.980499,-559.960999,79.998901,-146.300003
181,7,455.890015,764.784119,-1134.070190,-75.924667,429.980499,-559.960999,79.998901,-146.300003
181,8,338.510010,89.820480,-122.004799,-35.778343,429.980499,-559.960999,79.998901,-146.300003
181,9,591.440002,1346.526855,-730.198364,79.998901,429.980499,-559.960999,79.998901,-146.300003
181,10,261.579987,958.215942,-303.830933,79.998901,429.980499,-559.960999,79.998901,-146.300003
181,11,238.919998,867.234070,-208.249664,79.998901,429.980499,-559.960999,79.998901,-146.300003
181,12,490.540009,627.237366,209.023575,79.998901,429.980499,-559.960999,79.998901,-146.300003
181,16,612.030029,-493.666046,-691.068054,79.998901,429.980499,-559.960999,79.998901,-146.300003
182,1,503.529999,-78.910271,-1184.017700,-92.218506,429.980499,-559.960999,79.998901,-146.300003
182,3,481.609985,-321.707397,-785.073608,-84.721413,429.980499,-559.960999,79.998901,-146.300003
182,4,579.500000,-492.237000,-532.239746,79.998901,429.980499,-559.960999,79.998901,-146.300003
182,5,381.269989,-86.271332,-994.407349,-81.132759,429.980499,-559.960999,79.998901,-146.300003
182,6,383.079987,-170.862732,-870.524353,-81.897697,429.980499,-559.960999,79.998901,-146.300003
182,7,455.890015,764.784119,-1134.070190,-75.924667,429.980499,-559.960999,79.998901,-146.300003
182,8,338.510010,89.820480,-122.004799,-35.778343,429.980499,-559.960999,79.998901,-146.300003
182,9,591.440002,1346.526855,-730.198364,79.998901,429.980499,-559.960999,79.998901,-146.300003
182,10,261.579987,958.215942,-303.830933,79.998901,429.980499,-559.960999,79.998901,-146.300003
182,11,238.919998,867.234070,-208.249664,79.998901,429.980499,-559.960999,79.998901,-146.300003
182,12,490.540009,627.237366,209.023575,79.998901,429.980499,-559.960999,79.998901,-146.300003
182,16,612.030029,-493.666046,-691.068054,79.998901,429.980499,-559.960999,79.998901,-146.300003
183,1,503.529999,-78.910271,-1184.017700,-92.218506,429.980499,-559.960999,79.998901,-146.300003
183,3,481.609985,-321.707397,-785.073608,-84.721413,429.980499,-559.960999,79.998901,-146.300003
183,4,579.500000,-492.237000,-532.239746,79.998901,429.980499,-559.960999,79.998901,-146.300003
183,5,381.269989,-86.271332,-994.407349,-81.132759,429.980499,-559.960999,79.998901,-146.300003
183,6,383.079987,-170.862732,-870.524353,-81.897697,429.980499,-559.960999,79.998901,-146.300003
183,7,455.890015,764.784119,-1134.070190,-75.924667,429.980499,-559.960999,79.998901,-146.300003
183,8,338.510010,89.820480,-122.004799,-35.778343,429.980499,-559.960999,79.998901,-146.300003
183,9,591.440002,1346.526855,-730.198364,79.998901,429.980499,-559.960999,79.998901,-146.300003
183,10,261.579987,958.215942,-303.830933,79.998901,429.980499,-559.960999,79.998901,-146.300003
183,11,238.919998,867.234070,-208.249664,79.998901,429.980499,-559.960999,79.998901,-146.300003
183,12,490.540009,627.237366,209.023575,79.998901,429.980499,-559.960999,79.998901,-146.300003
183,16,612.030029,-493.666046,-691.068054,79.998901,429.980499,-559.960999,79.998901,-146.300003
184,1,503.529999,-78.910271,-1184.017700,-92.218506,429.980499,-559.960999,79.998901,-146.300003
184,3,481.609985,-321.707397,-785.073608,-84.721413,429.980499,-559.960999,79.998901,-146.300003
184,4,579.500000,-492.237000,-532.239746,79.998901,429.980499,-559.960999,79.998901,-146.300003
184,5,381.269989,-86.271332,-994.407349,-81.132759,429.980499,-559.960999,79.998901,-146.300003
184,6,383.079987,-170.862732,-870.524353,-81.897697,429.980499,-559.960999,79.998901,-146.300003
184,7,455.890015,764.784119,-1134.070190,-75.924667,429.980499,-559.960999,79.998901,-146.300003
184,8,338.510010,89.820480,-122.004799,-35.778343,429.980499,-559.960999,79.998901,-146.300003
184,9,591.440002,1346.526855,-730.198364,79.998901,429.980499,-559.960999,79.998901,-146.300003
184,10,261.579987,958.215942,-303.830933,79.998901,429.980499,-559.960999,79.998901,-146.300003
184,11,238.919998,867.234070,-208.249664,79.998901,429.980499,-559.960999,79.998901,-146.300003
184,12,490.540009,627.237366,209.023575,79.998901,429.980499,-559.960999,79.998901,-146.300003
184,16,612.030029,-493.666046,-691.068054,79.998901,429.980499,-559.960999,79.998901,-146.300003
185,1,503.529999,-78.910271,-1184.017700,-92.218506,429.980499,-559.960999,79.998901,-146.300003
185,3,481.609985,-321.707397,-785.073608,-84.721413,429.980499,-559.960999,79.998901,-146.300003
185,4,579.500000,-492.237000,-532.239746,79.998901,429.980499,-559.960999,79.998901,-146.300003
185,5,381.269989,-86.271332,-994.407349,-81.132759,429.980499,-559.960999,79.998901,-146.300003
185,6,383.079987,-170.862732,-870.524353,-81.897697,429.980499,-559.960999,79.998901,-146.300003
185,7,455.890015,764.784119,-1134.070190,-75.924667,429.980499,-559.960999,79.998901,-146.300003
185,8,338.510010,89.820480,-122.004799,-35.778343,429.980499,-559.960999,79.998901,-146.300003
185,9,591.440002,1346.526855,-730.198364,79.998901,429.980499,-559.960999,79.998901,-146.300003
185,10,261.579987,958.215942,-303.830933,79.998901,429.980499,-559.960999,79.998901,-146.300003
185,11,238.919998,867.234070,-208.249664,79.998901,429.980499,-559.960999,79.998901,-146.300003
185,12,490.540009,627.237366,209.023575,79.998901,429.980499,-559.960999,79.998901,-146.300003
185,16,612.030029,-493.666046,-691.068054,79.998901,429.980499,-559.960999,79.998901,-146.300003
186,1,503.529999,-78.910271,-1184.017700,-92.218506,429.980499,-559.960999,79.998901,-146.300003
186,3,481.609985,-321.707397,-785.073608,-84.721413,429.980499,-559.960999,79.998901,-146.300003
186,4,579.500000,-492.237000,-532.239746,79.998901,429.980499,-559.960999,79.998901,-146.300003
186,5,381.269989,-86.271332,-994.407349,-81.132759,429.980499,-559.960999,79.998901,-146.300003
186,6,383.079987,-170.862732,-870.524353,-81.897697,429.980499,-559.960999,79.998901,-146.300003
186,7,455.890015,764.784119,-1134.070190,-75.924667,429.980499,-559.960999,79.998901,-146.300003
186,8,338.510010,89.820480,-122.004799,-35.778343,429.980499,-559.960999,79.998901,-146.300003
186,9,591.440002,1346.526855,-730.198364,79.998901,429.980499,-559.960999,79.998901,-146.300003
186,10,261.579987,958.215942,-303.830933,79.998901,429.980499,-559.960999,79.998901,-146.300003
186,11,238.919998,867.234070,-208.249664,79.998901,429.980499,-559.960999,79.998901,-146.300003
186,12,490.540009,627.237366,209.023575,79.998901,429.980499,-559.960999,79.998901,-146.300003
186,16,612.030029,-493.666046,-691.068054,79.998901,429.980499,-559.960999,79.998901,-146.300003
187,3,513.760010,-484.521057,-643.646790,-85.719872,329.980499,-620.019592,89.996399,-161.199997
187,5,407.029999,-302.724243,-914.636719,-82.021912,329.980499,-620.019592,89.996399,-161.199997
187,6,401.040009,-345.924957,-770.889832,-79.490433,329.980499,-620.019592,89.996399,-161.199997
187,7,436.980011,500.177948,-1244.092407,-59.459564,329.980499,-620.019592,89.996399,-161.199997
187,8,367.910004,104.967621,-83.169891,-35.836231,329.980499,-620.019592,89.996399,-161.199997
187,9,685.000000,1259.163696,-1054.040527,89.996399,329.980499,-620.019592,89.996399,-161.199997
187,10,262.089996,906.796814,-508.163879,89.996399,329.980499,-620.019592,89.996399,-161.199997
187,11,238.210007,842.296265,-392.795166,89.996399,329.980499,-620.019592,89.996399,-161.199997
187,12,536.900024,742.351624,112.042229,89.996399,329.980499,-620.019592,89.996399,-161.199997
187,13,864.729980,-617.189148,-1329.365967,-60.162384,329.980499,-620.019592,89.996399,-161.199997
187,15,862.039978,-544.068481,-1412.064209,89.996399,329.980499,-620.019592,89.996399,-161.199997
188,3,513.760010,-484.521057,-643.646790,-85.719872,329.980499,-620.019592,89.996399,-161.199997
188,5,407.029999,-302.724243,-914.636719,-82.021912,329.980499,-620.019592,89.996399,-161.199997
188,6,401.040009,-345.924957,-770.889832,-79.490433,329.980499,-620.019592,89.996399,-161.199997
188,7,436.980011,500.177948,-1244.092407,-59.459564,329.980499,-620.019592,89.996399,-161.199997
188,8,367.910004,104.967621,-83.169891,-35.836231,329.980499,-620.019592,89.996399,-161.199997
188,9,685.000000,1259.163696,-1054.040527,89.996399,329.980499,-620.019592,89.996399,-161.199997
188,10,262.089996,906.796814,-508.163879,89.996399,329.980499,-620.019592,89.996399,-161.199997
188,11,238.210007,842.296265,-392.795166,89.996399,329.980499,-620.019592,89.996399,-161.199997
188,12,536.900024,742.351624,112.042229,89.996399,329.980499,-620.019592,89.996399,-161.199997
188,13,864.729980,-617.189148,-1329.365967,-60.162384,329.980499,-620.019592,89.996399,-161.199997
188,15,862.039978,-544.068481,-1412.064209,89.996399,329.980499,-620.019592,89.996399,-161.199997
189,3,513.760010,-484.521057,-643.646790,-85.719872,329.980499,-620.019592,89.996399,-161.199997
189,5,407.029999,-302.724243,-914.636719,-82.021912,329.980499,-620.019592,89.996399,-161.199997
189,6,401.040009,-345.924957,-770.889832,-79.490433,329.980499,-620.019592,89.996399,-161.199997
189,7,436.980011,500.177948,-1244.092407,-59.459564,329.980499,-620.019592,89.996399,-161.199997
189,8,367.910004,104.967621,-83.169891,-35.836231,329.980499,-620.019592,89.996399,-161.199997
189,9,685.000000,1259.163696,-1054.040527,89.996399,329.980499,-620.019592,89.996399,-161.199997
189,10,262.089996,906.796814,-508.163879,89.996399,329.980499,-620.019592,89.996399,-161.199997
189,11,238.210007,842.296265,-392.795166,89.996399,329.980499,-620.019592,89.996399,-161.199997
189,12,536.900024,742.351624,112.042229,89.996399,329.980499,-620.019592,89.996399,-161.199997
189,13,864.729980,-617.189148,-1329.365967,-60.162384,329.980499,-620.019592,89.996399,-161.199997
189,15,862.039978,-544.068481,-1412.064209,89.996399,329.980499,-620.019592,89.996399,-161.199997
190,3,513.760010,-484.521057,-643.646790,-85.719872,329.980499,-620.019592,89.996399,-161.199997
190,5,407.029999,-302.724243,-914.636719,-82.021912,329.980499,-620.019592,89.996399,-161.199997
190,6,401.040009,-345.924957,-770.889832,-79.490433,329.980499,-620.019592,89.996399,-161.199997
190,7,436.980011,500.177948,-1244.092407,-59.459564,329.980499,-620.019592,89.996399,-161.199997
190,8,367.910004,104.967621,-83.169891,-35.836231,329.980499,-620.019592,89.996399,-161.199997
190,9,685.000000,1259.163696,-1054.040527,89.996399,329.980499,-620.019592,89.996399,-161.199997
190,10,262.089996,906.796814,-508.163879,89.996399,329.980499,-620.019592,89.996399,-161.199997
190,11,238.210007,842.296265,-392.795166,89.996399,329.980499,-620.019592,89.996399,-161.199997
190,12,536.900024,742.351624,112.042229,89.996399,329.980499,-620.019592,89.996399,-161.199997
190,13,864.729980,-617.189148,-1329.365967,-60.162384,329.980499,-620.019592,89.996399,-161.199997
190,15,862.039978,-544.068481,-1412.064209,89.996399,329.980499,-620.019592,89.996399,-161.199997
191,3,513.760010,-484.521057,-643.646790,-85.719872,329.980499,-620.019592,89.996399,-161.199997
191,5,407.029999,-302.724243,-914.636719,-82.021912,329.980499,-620.019592,89.996399,-161.199997
191,6,401.040009,-345.924957,-770.889832,-79.490433,329.980499,-620.019592,89.996399,-161.199997
191,7,436.980011,500.177948,-1244.092407,-59.459564,329.980499,-620.019592,89.996399,-161.199997
191,8,367.910004,104.967621,-83.169891,-35.836231,329.980499,-620.019592,89.996399,-161.199997
191,9,685.000000,1259.163696,-1054.040527,89.996399,329.980499,-620.019592,89.996399,-161.199997
191,10,262.089996,906.796814,-508.163879,89.996399,329.980499,-620.019592,89.996399,-161.199997
191,11,238.210007,842.296265,-392.795166,89.996399,329.980499,-620.019592,89.996399,-161.199997
191,12,536.900024,742.351624,112.042229,89.996399,329.980499,-620.019592,89.996399,-161.199997
191,13,864.729980,-617.189148,-1329.365967,-60.162384,329.980499,-620.019592,89.996399,-161.199997
191,15,862.039978,-544.068481,-1412.064209,89.996399,329.980499,-620.019592,89.996399,-161.199997
192,3,513.760010,-484.521057,-643.646790,-85.719872,329.980499,-620.019592,89.996399,-161.199997
192,5,407.029999,-302.724243,-914.636719,-82.021912,329.980499,-620.019592,89.996399,-161.199997
192,6,401.040009,-345.924957,-770.889832,-79.490433,329.980499,-620.019592,89.996399,-161.199997
192,7,436.980011,500.177948,-1244.092407,-59.459564,329.980499,-620.019592,89.996399,-161.199997
192,8,367.910004,104.967621,-83.169891,-35.836231,329.980499,-620.019592,89.996399,-161.199997
192,9,685.000000,1259.163696,-1054.040527,89.996399,329.980499,-620.019592,89.996399,-161.199997
192,10,262.089996,906.796814,-508.163879,89.996399,329.980499,-620.019592,89.996399,-161.199997
192,11,238.210007,842.296265,-392.795166,89.996399,329.980499,-620.019592,89.996399,-161.199997
192,12,536.900024,742.351624,112.042229,89.996399,329.980499,-620.019592,89.996399,-161.199997
192,13,864.729980,-617.189148,-1329.365967,-60.162384,329.980499,-620.019592,89.996399,-161.199997
192,15,862.039978,-544.068481,-1412.064209,89.996399,329.980499,-620.019592,89.996399,-161.199997
193,3,513.760010,-484.521057,-643.646790,-85.719872,329.980499,-620.019592,89.996399,-161.199997
193,5,407.029999,-302.724243,-914.636719,-82.021912,329.980499,-620.019592,89.996399,-161.199997
193,6,401.040009,-345.924957,-770.889832,-79.490433,329.980499,-620.019592,89.996399,-161.199997
193,7,436.980011,500.177948,-1244.092407,-59.459564,329.980499,-620.019592,89.996399,-161.199997
193,8,367.910004,104.967621,-83.169891,-35.836231,329.980499,-620.019592,89.996399,-161.199997
193,9,685.000000,1259.163696,-1054.040527,89.996399,329.980499,-620.019592,89.996399,-161.199997
193,10,262.089996,906.796814,-508.163879,89.996399,329.980499,-620.019592,89.996399,-161.199997
193,11,238.210007,842.296265,-392.795166,89.996399,329.980499,-620.019592,89.996399,-161.199997
193,12,536.900024,742.351624,112.042229,89.996399,329.980499,-620.019592,89.996399,-161.199997
193,13,864.729980,-617.189148,-1329.365967,-60.162384,329.980499,-620.019592,89.996399,-161.199997
193,15,862.039978,-544.068481,-1412.064209,89.996399,329.980499,-620.019592,89.996399,-161.199997
194,3,513.760010,-484.521057,-643.646790,-85.719872,329.980499,-620.019592,89.996399,-161.199997
194,5,407.029999,-302.724243,-914.636719,-82.021912,329.980499,-620.019592,89.996399,-161.199997
194,6,401.040009,-345.924957,-770.889832,-79.490433,329.980499,-620.019592,89.996399,-161.199997
194,7,436.980011,500.177948,-1244.092407,-59.459564,329.980499,-620.019592,89.996399,-161.199997
194,8,367.910004,104.967621,-83.169891,-35.836231,329.980499,-620.019592,89.996399,-161.199997
194,9,685.000000,1259.163696,-1054.040527,89.996399,329.980499,-620.019592,89.996399,-161.199997
194,10,262.089996,906.796814,-508.163879,89.996399,329.980499,-620.019592,89.996399,-161.199997
194,11,238.210007,842.296265,-392.795166,89.996399,329.980499,-620.019592,89.996399,-161.199997
194,12,536.900024,742.351624,112.042229,89.996399,329.980499,-620.019592,89.996399,-161.199997
194,13,864.729980,-617.189148,-1329.365967,-60.162384,329.980499,-620.019592,89.996399,-161.199997
194,15,862.039978,-544.068481,-1412.064209,89.996399,329.980499,-620.019592,89.996399,-161.199997
195,3,513.760010,-484.521057,-643.646790,-85.719872,329.980499,-620.019592,89.996399,-161.199997
195,5,407.029999,-302.724243,-914.636719,-82.021912,329.980499,-620.019592,89.996399,-161.199997
195,6,401.040009,-345.924957,-770.889832,-79.490433,329.980499,-620.019592,89.996399,-161.199997
195,7,436.980011,500.177948,-1244.092407,-59.459564,329.980499,-620.019592,89.996399,-161.199997
195,8,367.910004,104.967621,-83.169891,-35.836231,329.980499,-620.019592,89.996399,-161.199997
195,9,685.000000,1259.163696,-1054.040527,89.996399,329.980499,-620.019592,89.996399,-161.199997
195,10,262.089996,906.796814,-508.163879,89.996399,329.980499,-620.019592,89.996399,-161.199997
195,11,238.210007,842.296265,-392.795166,89.996399,329.980499,-620.019592,89.996399,-161.199997
195,12,536.900024,742.351624,112.042229,89.996399,329.980499,-620.019592,89.996399,-161.199997
195,13,864.729980,-617.189148,-1329.365967,-60.162384,329.980499,-620.019592,89.996399,-161.199997
195,15,862.039978,-544.068481,-1412.064209,89.996399,329.980499,-620.019592,89.996399,-161.199997
196,3,513.760010,-484.521057,-643.646790,-85.719872,329.980499,-620.019592,89.996399,-161.199997
196,5,407.029999,-302.724243,-914.636719,-82.021912,329.980499,-620.019592,89.996399,-161.199997
196,6,401.040009,-345.924957,-770.889832,-79.490433,329.980499,-620.019592,89.996399,-161.199997
196,7,436.980011,500.177948,-1244.092407,-59.459564,329.980499,-620.019592,89.996399,-161.199997
196,8,367.910004,104.967621,-83.169891,-35.836231,329.980499,-620.019592,89.996399,-161.199997
196,9,685.000000,1259.163696,-1054.040527,89.996399,329.980499,-620.019592,89.996399,-161.199997
196,10,262.089996,906.796814,-508.163879,89.996399,329.980499,-620.019592,89.996399,-161.199997
196,11,238.210007,842.296265,-392.795166,89.996399,329.980499,-620.019592,89.996399,-161.199997
196,12,536.900024,742.351624,112.042229,89.996399,329.980499,-620.019592,89.996399,-161.199997
196,13,864.729980,-617.189148,-1329.365967,-60.162384,329.980499,-620.019592,89.996399,-161.199997
196,15,862.039978,-544.068481,-1412.064209,89.996399,329.980499,-620.019592,89.996399,-161.199997
197,3,513.760010,-484.521057,-643.646790,-85.719872,329.980499,-620.019592,89.996399,-161.199997
197,5,407.029999,-302.724243,-914.636719,-82.021912,329.980499,-620.019592,89.996399,-161.199997
197,6,401.040009,-345.924957,-770.889832,-79.490433,329.980499,-620.019592,89.996399,-161.199997
197,7,436.980011,500.177948,-1244.092407,-59.459564,329.980499,-620.019592,89.996399,-161.199997
197,8,367.910004,104.967621,-83.169891,-35.836231,329.980499,-620.019592,89.996399,-161.199997
197,9,685.000000,1259.163696,-1054.040527,89.996399,329.980499,-620.019592,89.996399,-161.199997
197,10,262.089996,906.796814,-508.163879,89.996399,329.980499,-620.019592,89.996399,-161.199997
197,11,238.210007,842.296265,-392.795166,89.996399,329.980499,-620.019592,89.996399,-161.199997
197,12,536.900024,742.351624,112.042229,89.996399,329.980499,-620.019592,89.996399,-161.199997
197,13,864.729980,-617.189148,-1329.365967,-60.162384,329.980499,-620.019592,89.996399,-161.199997
197,15,862.039978,-544.068481,-1412.064209,89.996399,329.980499,-620.019592,89.996399,-161.199997
198,7,437.910004,239.859238,-1317.451294,-49.780041,219.970703,-670.019592,99.994003,-174.700012
198,8,394.100006,124.226883,-70.969513,-34.796139,219.970703,-670.019592,99.994003,-174.700012
198,9,727.200012,1056.854614,-1332.985840,99.994003,219.970703,-670.019592,99.994003,-174.700012
198,10,203.690002,748.811401,-701.304138,99.994003,219.970703,-670.019592,99.994003,-174.700012
198,11,187.910004,721.090698,-573.317505,99.994003,219.970703,-670.019592,99.994003,-174.700012
198,12,525.969971,784.156433,-62.220055,99.994003,219.970703,-670.019592,99.994003,-174.700012
199,7,437.910004,239.859238,-1317.451294,-49.780041,219.970703,-670.019592,99.994003,-174.700012
199,8,394.100006,124.226883,-70.969513,-34.796139,219.970703,-670.019592,99.994003,-174.700012
199,9,727.200012,1056.854614,-1332.985840,99.994003,219.970703,-670.019592,99.994003,-174.700012
199,10,203.690002,748.811401,-701.304138,99.994003,219.970703,-670.019592,99.994003,-174.700012
199,11,187.910004,721.090698,-573.317505,99.994003,219.970703,-670.019592,99.994003,-174.700012
199,12,525.969971,784.156433,-62.220055,99.994003,219.970703,-670.019592,99.994003,-174.700012
200,7,437.910004,239.859238,-1317.451294,-49.780041,219.970703,-670.019592,99.994003,-174.700012
200,8,394.100006,124.226883,-70.969513,-34.796139,219.970703,-670.019592,99.994003,-174.700012
200,9,727.200012,1056.854614,-1332.985840,99.994003,219.970703,-670.019592,99.994003,-174.700012
200,10,203.690002,748.811401,-701.304138,99.994003,219.970703,-670.019592,99.994003,-174.700012
200,11,187.910004,721.090698,-573.317505,99.994003,219.970703,-670.019592,99.994003,-174.700012
200,12,525.969971,784.156433,-62.220055,99.994003,219.970703,-670.019592,99.994003,-174.700012
201,7,437.910004,239.859238,-1317.451294,-49.780041,219.970703,-670.019592,99.994003,-174.700012
201,8,394.100006,124.226883,-70.969513,-34.796139,219.970703,-670.019592,99.994003,-174.700012
201,9,727.200012,1056.854614,-1332.985840,99.994003,219.970703,-670.019592,99.994003,-174.700012
201,10,203.690002,748.811401,-701.304138,99.994003,219.970703,-670.019592,99.994003,-174.700012
201,11,187.910004,721.090698,-573.317505,99.994003,219.970703,-670.019592,99.994003,-174.700012
201,12,525.969971,784.156433,-62.220055,99.994003,219.970703,-670.019592,99.994003,-174.700012
202,7,437.910004,239.859238,-1317.451294,-49.780041,219.970703,-670.019592,99.994003,-174.700012
202,8,394.100006,124.226883,-70.969513,-34.796139,219.970703,-670.019592,99.994003,-174.700012
202,9,727.200012,1056.854614,-1332.985840,99.994003,219.970703,-670.019592,99.994003,-174.700012
202,10,203.690002,748.811401,-701.304138,99.994003,219.970703,-670.019592,99.994003,-174.700012
202,11,187.910004,721.090698,-573.317505,99.994003,219.970703,-670.019592,99.994003,-174.700012
202,12,525.969971,784.156433,-62.220055,99.994003,219.970703,-670.019592,99.994003,-174.700012
203,7,437.910004,239.859238,-1317.451294,-49.780041,219.970703,-670.019592,99.994003,-174.700012
203,8,394.100006,124.226883,-70.969513,-34.796139,219.970703,-670.019592,99.994003,-174.700012
203,9,727.200012,1056.854614,-1332.985840,99.994003,219.970703,-670.019592,99.994003,-174.700012
203,10,203.690002,748.811401,-701.304138,99.994003,219.970703,-670.019592,99.994003,-174.700012
203,11,187.910004,721.090698,-573.317505,99.994003,219.970703,-670.019592,99.994003,-174.700012
203,12,525.969971,784.156433,-62.220055,99.994003,219.970703,-670.019592,99.994003,-174.700012
204,7,437.910004,239.859238,-1317.451294,-49.780041,219.970703,-670.019592,99.994003,-174.700012
204,8,394.100006,124.226883,-70.969513,-34.796139,219.970703,-670.019592,99.994003,-174.700012
204,9,727.200012,1056.854614,-1332.985840,99.994003,219.970703,-670.019592,99.994003,-174.700012
204,10,203.690002,748.811401,-701.304138,99.994003,219.970703,-670.019592,99.994003,-174.700012
204,11,187.910004,721.090698,-573.317505,99.994003,219.970703,-670.019592,99.994003,-174.700012
204,12,525.969971,784.156433,-62.220055,99.994003,219.970703,-670.019592,99.994003,-174.700012
205,7,437.910004,239.859238,-1317.451294,-49.780041,219.970703,-670.019592,99.994003,-174.700012
205,8,394.100006,124.226883,-70.969513,-34.796139,219.970703,-670.019592,99.994003,-174.700012
205,9,727.200012,1056.854614,-1332.985840,99.994003,219.970703,-670.019592,99.994003,-174.700012
205,10,203.690002,748.811401,-701.304138,99.994003,219.970703,-670.019592,99.994003,-174.700012
205,11,187.910004,721.090698,-573.317505,99.994003,219.970703,-670.019592,99.994003,-174.700012
205,12,525.969971,784.156433,-62.220055,99.994003,219.970703,-670.019592,99.994003,-174.700012
206,7,437.910004,239.859238,-1317.451294,-49.780041,219.970703,-670.019592,99.994003,-174.700012
206,8,394.100006,124.226883,-70.969513,-34.796139,219.970703,-670.019592,99.994003,-174.700012
206,9,727.200012,1056.854614,-1332.985840,99.994003,219.970703,-670.019592,99.994003,-174.700012
206,10,203.690002,748.811401,-701.304138,99.994003,219.970703,-670.019592,99.994003,-174.700012
206,11,187.910004,721.090698,-573.317505,99.994003,219.970703,-670.019592,99.994003,-174.700012
206,12,525.969971,784.156433,-62.220055,99.994003,219.970703,-670.019592,99.994003,-174.700012
207,7,437.910004,239.859238,-1317.451294,-49.780041,219.970703,-670.019592,99.994003,-174.700012
207,8,394.100006,124.226883,-70.969513,-34.796139,219.970703,-670.019592,99.994003,-174.700012
207,9,727.200012,1056.854614,-1332.985840,99.994003,219.970703,-670.019592,99.994003,-174.700012
207,10,203.690002,748.811401,-701.304138,99.994003,219.970703,-670.019592,99.994003,-174.700012
207,11,187.910004,721.090698,-573.317505,99.994003,219.970703,-670.019592,99.994003,-174.700012
207,12,525.969971,784.156433,-62.220055,99.994003,219.970703,-670.019592,99.994003,-174.700012
208,7,437.910004,239.859238,-1317.451294,-49.780041,219.970703,-670.019592,99.994003,-174.700012
208,8,394.100006,124.226883,-70.969513,-34.796139,219.970703,-670.019592,99.994003,-174.700012
208,9,727.200012,1056.854614,-1332.985840,99.994003,219.970703,-670.019592,99.994003,-174.700012
208,10,203.690002,748.811401,-701.304138,99.994003,219.970703,-670.019592,99.994003,-174.700012
208,11,187.910004,721.090698,-573.317505,99.994003,219.970703,-670.019592,99.994003,-174.700012
208,12,525.969971,784.156433,-62.220055,99.994003,219.970703,-670.019592,99.994003,-174.700012
209,7,437.910004,239.859238,-1317.451294,-49.780041,219.970703,-670.019592,99.994003,-174.700012
209,8,394.100006,124.226883,-70.969513,-34.796139,219.970703,-670.019592,99.994003,-174.700012
209,9,727.200012,1056.854614,-1332.985840,99.994003,219.970703,-670.019592,99.994003,-174.700012
209,10,203.690002,748.811401,-701.304138,99.994003,219.970703,-670.019592,99.994003,-174.700012
209,11,187.910004,721.090698,-573.317505,99.994003,219.970703,-670.019592,99.994003,-174.700012
209,12,525.969971,784.156433,-62.220055,99.994003,219.970703,-670.019592,99.994003,-174.700012
210,1,661.859985,-822.115845,-892.423584,-116.377846,110.009804,-689.941528,109.991600,174.699982
210,3,646.809998,-756.176514,-325.492218,-111.230446,110.009804,-689.941528,109.991600,174.699982
210,5,502.489990,-673.992065,-692.533630,-102.369843,110.009804,-689.941528,109.991600,174.699982
210,6,500.799988,-658.611328,-543.316406,-101.655617,110.009804,-689.941528,109.991600,174.699982
210,7,455.850006,8.905756,-1346.769531,-45.918285,110.009804,-689.941528,109.991600,174.699982
210,8,403.700012,126.929237,-74.519310,-28.081936,110.009804,-689.941528,109.991600,174.699982
210,9,712.599976,800.389343,-1485.162720,109.991600,110.009804,-689.941528,109.991600,174.699982
210,10,201.309998,621.701355,-817.753357,109.991600,110.009804,-689.941528,109.991600,174.699982
210,11,183.910004,616.383972,-686.701904,109.991600,110.009804,-689.941528,109.991600,174.699982
210,12,529.130005,778.971497,-194.497696,109.991600,110.009804,-689.941528,109.991600,174.699982
211,1,661.859985,-822.115845,-892.423584,-116.377846,110.009804,-689.941528,109.991600,174.699982
211,3,646.809998,-756.176514,-325.492218,-111.230446,110.009804,-689.941528,109.991600,174.699982
211,5,502.489990,-673.992065,-692.533630,-102.369843,110.009804,-689.941528,109.991600,174.699982
211,6,500.799988,-658.611328,-543.316406,-101.655617,110.009804,-689.941528,109.991600,174.699982
211,7,455.850006,8.905756,-1346.769531,-45.918285,110.009804,-689.941528,109.991600,174.699982
211,8,403.700012,126.929237,-74.519310,-28.081936,110.009804,-689.941528,109.991600,174.699982
211,9,712.599976,800.389343,-1485.162720,109.991600,110.009804,-689.941528,109.991600,174.699982
211,10,201.309998,621.701355,-817.753357,109.991600,110.009804,-689.941528,109.991600,174.699982
211,11,183.910004,616.383972,-686.701904,109.991600,110.009804,-689.941528,109.991600,174.699982
211,12,529.130005,778.971497,-194.497696,109.991600,110.009804,-689.941528,109.991600,174.699982
212,1,661.859985,-822.115845,-892.423584,-116.377846,110.009804,-689.941528,109.991600,174.699982
212,3,646.809998,-756.176514,-325.492218,-111.230446,110.009804,-689.941528,109.991600,174.699982
212,5,502.489990,-673.992065,-692.533630,-102.369843,110.009804,-689.941528,109.991600,174.699982
212,6,500.799988,-658.611328,-543.316406,-101.655617,110.009804,-689.941528,109.991600,174.699982
212,7,455.850006,8.905756,-1346.769531,-45.918285,110.009804,-689.941528,109.991600,174.699982
212,8,403.700012,126.929237,-74.519310,-28.081936,110.009804,-689.941528,109.991600,174.699982
212,9,712.599976,800.389343,-1485.162720,109.991600,110.009804,-689.941528,109.991600,174.699982
212,10,201.309998,621.701355,-817.753357,109.991600,110.009804,-689.941528,109.991600,174.699982
212,11,183.910004,616.383972,-686.701904,109.991600,110.009804,-689.941528,109.991600,174.699982
212,12,529.130005,778.971497,-194.497696,109.991600,110.009804,-689.941528,109.991600,174.699982
213,1,661.859985,-822.115845,-892.423584,-116.377846,110.009804,-689.941528,109.991600,174.699982
213,3,646.809998,-756.176514,-325.492218,-111.230446,110.009804,-689.941528,109.991600,174.699982
213,5,502.489990,-673.992065,-692.533630,-102.369843,110.009804,-689.941528,109.991600,174.699982
213,6,500.799988,-658.611328,-543.316406,-101.655617,110.009804,-689.941528,109.991600,174.699982
213,7,455.850006,8.905756,-1346.769531,-45.918285,110.009804,-689.941528,109.991600,174.699982
213,8,403.700012,126.929237,-74.519310,-28.081936,110.009804,-689.941528,109.991600,174.699982
213,9,712.599976,800.389343,-1485.162720,109.991600,110.009804,-689.941528,109.991600,174.699982
213,10,201.309998,621.701355,-817.753357,109.991600,110.009804,-689.941528,109.991600,174.699982
213,11,183.910004,616.383972,-686.701904,109.991600,110.009804,-689.941528,109.991600,174.699982
213,12,529.130005,778.971497,-194.497696,109.991600,110.009804,-689.941528,109.991600,174.699982
214,1,661.859985,-822.115845,-892.423584,-116.377846,110.009804,-689.941528,109.991600,174.699982
214,3,646.809998,-756.176514,-325.492218,-111.230446,110.009804,-689.941528,109.991600,174.699982
214,5,502.489990,-673.992065,-692.533630,-102.369843,110.009804,-689.941528,109.991600,174.699982
214,6,500.799988,-658.611328,-543.316406,-101.655617,110.009804,-689.941528,109.991600,174.699982
214,7,455.850006,8.905756,-1346.769531,-45.918285,110.009804,-689.941528,109.991600,174.699982
214,8,403.700012,126.929237,-74.519310,-28.081936,110.009804,-689.941528,109.991600,174.699982
214,9,712.599976,800.389343,-1485.162720,109.991600,110.009804,-689.941528,109.991600,174.699982
214,10,201.309998,621.701355,-817.753357,109.991600,110.009804,-689.941528,109.991600,174.699982
214,11,183.910004,616.383972,-686.701904,109.991600,110.009804,-689.941528,109.991600,174.699982
214,12,529.130005,778.971497,-194.497696,109.991600,110.009804,-689.941528,109.991600,174.699982
215,1,661.859985,-822.115845,-892.423584,-116.377846,110.009804,-689.941528,109.991600,174.699982
215,3,646.809998,-756.176514,-325.492218,-111.230446,110.009804,-689.941528,109.991600,174.699982
215,5,502.489990,-673.992065,-692.533630,-102.369843,110.009804,-689.941528,109.991600,174.699982
215,6,500.799988,-658.611328,-543.316406,-101.655617,110.009804,-689.941528,109.991600,174.699982
215,7,455.850006,8.905756,-1346.769531,-45.918285,110.009804,-689.941528,109.991600,174.699982
215,8,403.700012,126.929237,-74.519310,-28.081936,110.009804,-689.941528,109.991600,174.699982
215,9,712.599976,800.389343,-1485.162720,109.991600,110.009804,-689.941528,109.991600,174.699982
215,10,201.309998,621.701355,-817.753357,109.991600,110.009804,-689.941528,109.991600,174.699982
215,11,183.910004,616.383972,-686.701904,109.991600,110.009804,-689.941528,109.991600,174.699982
215,12,529.130005,778.971497,-194.497696,109.991600,110.009804,-689.941528,109.991600,174.699982
216,1,661.859985,-822.115845,-892.423584,-116.377846,110.009804,-689.941528,109.991600,174.699982
216,3,646.809998,-756.176514,-325.492218,-111.230446,110.009804,-689.941528,109.991600,174.699982
216,5,502.489990,-673.992065,-692.533630,-102.369843,110.009804,-689.941528,109.991600,174.699982
216,6,500.799988,-658.611328,-543.316406,-101.655617,110.009804,-689.941528,109.991600,174.699982
216,7,455.850006,8.905756,-1346.769531,-45.918285,110.009804,-689.941528,109.991600,174.699982
216,8,403.700012,126.929237,-74.519310,-28.081936,110.009804,-689.941528,109.991600,174.699982
216,9,712.599976,800.389343,-1485.162720,109.991600,110.009804,-689.941528,109.991600,174.699982
216,10,201.309998,621.701355,-817.753357,109.991600,110.009804,-689.941528,109.991600,174.699982
216,11,183.910004,616.383972,-686.701904,109.991600,110.009804,-689.941528,109.991600,174.699982
216,12,529.130005,778.971497,-194.497696,109.991600,110.009804,-689.941528,109.991600,174.699982
217,1,661.859985,-822.115845,-892.423584,-116.377846,110.009804,-689.941528,109.991600,174.699982
217,3,646.809998,-756.176514,-325.492218,-111.230446,110.009804,-689.941528,109.991600,174.699982
217,5,502.489990,-673.992065,-692.533630,-102.369843,110.009804,-689.941528,109.991600,174.699982
217,6,500.799988,-658.611328,-543.316406,-101.655617,110.009804,-689.941528,109.991600,174.699982
217,7,455.850006,8.905756,-1346.769531,-45.918285,110.009804,-689.941528,109.991600,174.699982
217,8,403.700012,126.929237,-74.519310,-28.081936,110.009804,-689.941528,109.991600,174.699982
217,9,712.599976,800.389343,-1485.162720,109.991600,110.009804,-689.941528,109.991600,174.699982
217,10,201.309998,621.701355,-817.753357,109.991600,110.009804,-689.941528,109.991600,174.699982
217,11,183.910004,616.383972,-686.701904,109.991600,110.009804,-689.941528,109.991600,174.699982
217,12,529.130005,778.971497,-194.497696,109.991600,110.009804,-689.941528,109.991600,174.699982
218,1,661.859985,-822.115845,-892.423584,-116.377846,110.009804,-689.941528,109.991600,174.699982
218,3,646.809998,-756.176514,-325.492218,-111.230446,110.009804,-689.941528,109.991600,174.699982
218,5,502.489990,-673.992065,-692.533630,-102.369843,110.009804,-689.941528,109.991600,174.699982
218,6,500.799988,-658.611328,-543.316406,-101.655617,110.009804,-689.941528,109.991600,174.699982
218,7,455.850006,8.905756,-1346.769531,-45.918285,110.009804,-689.941528,109.991600,174.699982
218,8,403.700012,126.929237,-74.519310,-28.081936,110.009804,-689.941528,109.991600,174.699982
218,9,712.599976,800.389343,-1485.162720,109.991600,110.009804,-689.941528,109.991600,174.699982
218,10,201.309998,621.701355,-817.753357,109.991600,110.009804,-689.941528,109.991600,174.699982
218,11,183.910004,616.383972,-686.701904,109.991600,110.009804,-689.941528,109.991600,174.699982
218,12,529.130005,778.971497,-194.497696,109.991600,110.009804,-689.941528,109.991600,174.699982
219,1,661.859985,-822.115845,-892.423584,-116.377846,110.009804,-689.941528,109.991600,174.699982
219,3,646.809998,-756.176514,-325.492218,-111.230446,110.009804,-689.941528,109.991600,174.699982
219,5,502.489990,-673.992065,-692.533630,-102.369843,110.009804,-689.941528,109.991600,174.699982
219,6,500.799988,-658.611328,-543.316406,-101.655617,110.009804,-689.941528,109.991600,174.699982
219,7,455.850006,8.905756,-1346.769531,-45.918285,110.009804,-689.941528,109.991600,174.699982
219,8,403.700012,126.929237,-74.519310,-28.081936,110.009804,-689.941528,109.991600,174.699982
219,9,712.599976,800.389343,-1485.162720,109.991600,110.009804,-689.941528,109.991600,174.699982
219,10,201.309998,621.701355,-817.753357,109.991600,110.009804,-689.941528,109.991600,174.699982
219,11,183.910004,616.383972,-686.701904,109.991600,110.009804,-689.941528,109.991600,174.699982
219,12,529.130005,778.971497,-194.497696,109.991600,110.009804,-689.941528,109.991600,174.699982
220,1,661.859985,-822.115845,-892.423584,-116.377846,110.009804,-689.941528,109.991600,174.699982
220,3,646.809998,-756.176514,-325.492218,-111.230446,110.009804,-689.941528,109.991600,174.699982
220,5,502.489990,-673.992065,-692.533630,-102.369843,110.009804,-689.941528,109.991600,174.699982
220,6,500.799988,-658.611328,-543.316406,-101.655617,110.009804,-689.941528,109.991600,174.699982
220,7,455.850006,8.905756,-1346.769531,-45.918285,110.009804,-689.941528,109.991600,174.699982
220,8,403.700012,126.929237,-74.519310,-28.081936,110.009804,-689.941528,109.991600,174.699982
220,9,712.599976,800.389343,-1485.162720,109.991600,110.009804,-689.941528,109.991600,174.699982
220,10,201.309998,621.701355,-817.753357,109.991600,110.009804,-689.941528,109.991600,174.699982
220,11,183.910004,616.383972,-686.701904,109.991600,110.009804,-689.941528,109.991600,174.699982
220,12,529.130005,778.971497,-194.497696,109.991600,110.009804,-689.941528,109.991600,174.699982
221,1,666.570007,-968.237671,-679.355164,-107.979073,-10.009800,-689.941528,120.001297,161.799988
221,3,583.590027,-726.285645,-178.052383,-79.598244,-10.009800,-689.941528,120.001297,161.799988
221,5,491.709991,-765.521912,-520.491272,-87.804321,-10.009800,-689.941528,120.001297,161.799988
221,6,488.589996,-715.985413,-378.878662,-86.485756,-10.009800,-689.941528,120.001297,161.799988
221,7,482.619995,-263.055908,-1331.517578,-45.064461,-10.009800,-689.941528,120.001297,161.799988
221,8,395.940002,141.598068,-100.756294,-15.418157,-10.009800,-689.941528,120.001297,161.799988
221,9,638.500000,446.364868,-1556.242554,120.001297,-10.009800,-689.941528,120.001297,161.799988
221,10,234.839996,492.085846,-939.235291,120.001297,-10.009800,-689.941528,120.001297,161.799988
221,11,213.770004,512.673523,-809.158020,120.001297,-10.009800,-689.941528,120.001297,161.799988
221,12,570.200012,790.808899,-341.095734,120.001297,-10.009800,-689.941528,120.001297,161.799988
221,14,565.450012,-732.937439,-172.817978,21.811935,-10.009800,-689.941528,120.001297,161.799988
221,15,525.289978,-848.495850,-815.278259,120.001297,-10.009800,-689.941528,120.001297,161.799988
222,1,666.570007,-968.237671,-679.355164,-107.979073,-10.009800,-689.941528,120.001297,161.799988
222,3,583.590027,-726.285645,-178.052383,-79.598244,-10.009800,-689.941528,120.001297,161.799988
222,5,491.709991,-765.521912,-520.491272,-87.804321,-10.009800,-689.941528,120.001297,161.799988
222,6,488.589996,-715.985413,-378.878662,-86.485756,-10.009800,-689.941528,120.001297,161.799988
222,7,482.619995,-263.055908,-1331.517578,-45.064461,-10.009800,-689.941528,120.001297,161.799988
222,8,395.940002,141.598068,-100.756294,-15.418157,-10.009800,-689.941528,120.001297,161.799988
222,9,638.500000,446.364868,-1556.242554,120.001297,-10.009800,-689.941528,120.001297,161.799988
222,10,234.839996,492.085846,-939.235291,120.001297,-10.009800,-689.941528,120.001297,161.799988
222,11,213.770004,512.673523,-809.158020,120.001297,-10.009800,-689.941528,120.001297,161.799988
222,12,570.200012,790.808899,-341.095734,120.001297,-10.009800,-689.941528,120.001297,161.799988
222,14,565.450012,-732.937439,-172.817978,21.811935,-10.009800,-689.941528,120.001297,161.799988
222,15,525.289978,-848.495850,-815.278259,120.001297,-10.009800,-689.941528,120.001297,161.799988
223,1,666.570007,-968.237671,-679.355164,-107.979073,-10.009800,-689.941528,120.001297,161.799988
223,3,583.590027,-726.285645,-178.052383,-79.598244,-10.009800,-689.941528,120.001297,161.799988
223,5,491.709991,-765.521912,-520.491272,-87.804321,-10.009800,-689.941528,120.001297,161.799988
223,6,488.589996,-715.985413,-378.878662,-86.485756,-10.009800,-689.941528,120.001297,161.799988
223,7,482.619995,-263.055908,-1331.517578,-45.064461,-10.009800,-689.941528,120.001297,161.799988
223,8,395.940002,141.598068,-100.756294,-15.418157,-10.009800,-689.941528,120.001297,161.799988
223,9,638.500000,446.364868,-1556.242554,120.001297,-10.009800,-689.941528,120.001297,161.799988
223,10,234.839996,492.085846,-939.235291,120.001297,-10.009800,-689.941528,120.001297,161.799988
223,11,213.770004,512.673523,-809.158020,120.001297,-10.009800,-689.941528,120.001297,161.799988
223,12,570.200012,790.808899,-341.095734,120.001297,-10.009800,-689.941528,120.001297,161.799988
223,14,565.450012,-732.937439,-172.817978,21.811935,-10.009800,-689.941528,120.001297,161.799988
223,15,525.289978,-848.495850,-815.278259,120.001297,-10.009800,-689.941528,120.001297,161.799988
224,1,666.570007,-968.237671,-679.355164,-107.979073,-10.009800,-689.941528,120.001297,161.799988
224,3,583.590027,-726.285645,-178.052383,-79.598244,-10.009800,-689.941528,120.001297,161.799988
224,5,491.709991,-765.521912,-520.491272,-87.804321,-10.009800,-689.941528,120.001297,161.799988
224,6,488.589996,-715.985413,-378.878662,-86.485756,-10.009800,-689.941528,120.001297,161.799988
224,7,482.619995,-263.055908,-1331.517578,-45.064461,-10.009800,-689.941528,120.001297,161.799988
224,8,395.940002,141.598068,-100.756294,-15.418157,-10.009800,-689.941528,120.001297,161.799988
224,9,638.500000,446.364868,-1556.242554,120.001297,-10.009800,-689.941528,120.001297,161.799988
224,10,234.839996,492.085846,-939.235291,120.001297,-10.009800,-689.941528,120.001297,161.799988
224,11,213.770004,512.673523,-809.158020,120.001297,-10.009800,-689.941528,120.001297,161.799988
224,12,570.200012,790.808899,-341.095734,120.001297,-10.009800,-689.941528,120.001297,161.799988
224,14,565.450012,-732.937439,-172.817978,21.811935,-10.009800,-689.941528,120.001297,161.799988
224,15,525.289978,-848.495850,-815.278259,120.001297,-10.009800,-689.941528,120.001297,161.799988
225,1,666.570007,-968.237671,-679.355164,-107.979073,-10.009800,-689.941528,120.001297,161.799988
225,3,583.590027,-726.285645,-178.052383,-79.598244,-10.009800,-689.941528,120.001297,161.799988
225,5,491.709991,-765.521912,-520.491272,-87.804321,-10.009800,-689.941528,120.001297,161.799988
225,6,488.589996,-715.985413,-378.878662,-86.485756,-10.009800,-689.941528,120.001297,161.799988
225,7,482.619995,-263.055908,-1331.517578,-45.064461,-10.009800,-689.941528,120.001297,161.799988
225,8,395.940002,141.598068,-100.756294,-15.418157,-10.009800,-689.941528,120.001297,161.799988
225,9,638.500000,446.364868,-1556.242554,120.001297,-10.009800,-689.941528,120.001297,161.799988
225,10,234.839996,492.085846,-939.235291,120.001297,-10.009800,-689.941528,120.001297,161.799988
225,11,213.770004,512.673523,-809.158020,120.001297,-10.009800,-689.941528,120.001297,161.799988
225,12,570.200012,790.808899,-341.095734,120.001297,-10.009800,-689.941528,120.001297,161.799988
225,14,565.450012,-732.937439,-172.817978,21.811935,-10.009800,-689.941528,120.001297,161.799988
225,15,525.289978,-848.495850,-815.278259,120.001297,-10.009800,-689.941528,120.001297,161.799988
226,1,666.570007,-968.237671,-679.355164,-107.979073,-10.009800,-689.941528,120.001297,161.799988
226,3,583.590027,-726.285645,-178.052383,-79.598244,-10.009800,-689.941528,120.001297,161.799988
226,5,491.709991,-765.521912,-520.491272,-87.804321,-10.009800,-689.941528,120.001297,161.799988
226,6,488.589996,-715.985413,-378.878662,-86.485756,-10.009800,-689.941528,120.001297,161.799988
226,7,482.619995,-263.055908,-1331.517578,-45.064461,-10.009800,-689.941528,120.001297,161.799988
226,8,395.940002,141.598068,-100.756294,-15.418157,-10.009800,-689.941528,120.001297,161.799988
226,9,638.500000,446.364868,-1556.242554,120.001297,-10.009800,-689.941528,120.001297,161.799988
226,10,234.839996,492.085846,-939.235291,120.001297,-10.009800,-689.941528,120.001297,161.799988
226,11,213.770004,512.673523,-809.158020,120.001297,-10.009800,-689.941528,120.001297,161.799988
226,12,570.200012,790.808899,-341.095734,120.001297,-10.009800,-689.941528,120.001297,161.799988
226,14,565.450012,-732.937439,-172.817978,21.811935,-10.009800,-689.941528,120.001297,161.799988
226,15,525.289978,-848.495850,-815.278259,120.001297,-10.009800,-689.941528,120.001297,161.799988
227,1,666.570007,-968.237671,-679.355164,-107.979073,-10.009800,-689.941528,120.001297,161.799988
227,3,583.590027,-726.285645,-178.052383,-79.598244,-10.009800,-689.941528,120.001297,161.799988
227,5,491.709991,-765.521912,-520.491272,-87.804321,-10.009800,-689.941528,120.001297,161.799988
227,6,488.589996,-715.985413,-378.878662,-86.485756,-10.009800,-689.941528,120.001297,161.799988
227,7,482.619995,-263.055908,-1331.517578,-45.064461,-10.009800,-689.941528,120.001297,161.799988
227,8,395.940002,141.598068,-100.756294,-15.418157,-10.009800,-689.941528,120.001297,161.799988
227,9,638.500000,446.364868,-1556.242554,120.001297,-10.009800,-689.941528,120.001297,161.799988
227,10,234.839996,492.085846,-939.235291,120.001297,-10.009800,-689.941528,120.001297,161.799988
227,11,213.770004,512.673523,-809.158020,120.001297,-10.009800,-689.941528,120.001297,161.799988
227,12,570.200012,790.808899,-341.095734,120.001297,-10.009800,-689.941528,120.001297,161.799988
227,14,565.450012,-732.937439,-172.817978,21.811935,-10.009800,-689.941528,120.001297,161.799988
227,15,525.289978,-848.495850,-815.278259,120.001297,-10.009800,-689.941528,120.001297,161.799988
228,1,666.570007,-968.237671,-679.355164,-107.979073,-10.009800,-689.941528,120.001297,161.799988
228,3,583.590027,-726.285645,-178.052383,-79.598244,-10.009800,-689.941528,120.001297,161.799988
228,5,491.709991,-765.521912,-520.491272,-87.804321,-10.009800,-689.941528,120.001297,161.799988
228,6,488.589996,-715.985413,-378.878662,-86.485756,-10.009800,-689.941528,120.001297,161.799988
228,7,482.619995,-263.055908,-1331.517578,-45.064461,-10.009800,-689.941528,120.001297,161.799988
228,8,395.940002,141.598068,-100.756294,-15.418157,-10.009800,-689.941528,120.001297,161.799988
228,9,638.500000,446.364868,-1556.242554,120.001297,-10.009800,-689.941528,120.001297,161.799988
228,10,234.839996,492.085846,-939.235291,120.001297,-10.009800,-689.941528,120.001297,161.799988
228,11,213.770004,512.673523,-809.158020,120.001297,-10.009800,-689.941528,120.001297,161.799988
228,12,570.200012,790.808899,-341.095734,120.001297,-10.009800,-689.941528,120.001297,161.799988
228,14,565.450012,-732.937439,-172.817978,21.811935,-10.009800,-689.941528,120.001297,161.799988
228,15,525.289978,-848.495850,-815.278259,120.001297,-10.009800,-689.941528,120.001297,161.799988
229,1,666.570007,-968.237671,-679.355164,-107.979073,-10.009800,-689.941528,120.001297,161.799988
229,3,583.590027,-726.285645,-178.052383,-79.598244,-10.009800,-689.941528,120.001297,161.799988
229,5,491.709991,-765.521912,-520.491272,-87.804321,-10.009800,-689.941528,120.001297,161.799988
229,6,488.589996,-715.985413,-378.878662,-86.485756,-10.009800,-689.941528,120.001297,161.799988
229,7,482.619995,-263.055908,-1331.517578,-45.064461,-10.009800,-689.941528,120.001297,161.799988
229,8,395.940002,141.598068,-100.756294,-15.418157,-10.009800,-689.941528,120.001297,161.799988
229,9,638.500000,446.364868,-1556.242554,120.001297,-10.009800,-689.941528,120.001297,161.799988
229,10,234.839996,492.085846,-939.235291,120.001297,-10.009800,-689.941528,120.001297,161.799988
229,11,213.770004,512.673523,-809.158020,120.001297,-10.009800,-689.941528,120.001297,161.799988
229,12,570.200012,790.808899,-341.095734,120.001297,-10.009800,-689.941528,120.001297,161.799988
229,14,565.450012,-732.937439,-172.817978,21.811935,-10.009800,-689.941528,120.001297,161.799988
229,15,525.289978,-848.495850,-815.278259,120.001297,-10.009800,-689.941528,120.001297,161.799988
230,1,666.570007,-968.237671,-679.355164,-107.979073,-10.009800,-689.941528,120.001297,161.799988
230,3,583.590027,-726.285645,-178.052383,-79.598244,-10.009800,-689.941528,120.001297,161.799988
230,5,491.709991,-765.521912,-520.491272,-87.804321,-10.009800,-689.941528,120.001297,161.799988
230,6,488.589996,-715.985413,-378.878662,-86.485756,-10.009800,-689.941528,120.001297,161.799988
230,7,482.619995,-263.055908,-1331.517578,-45.064461,-10.009800,-689.941528,120.001297,161.799988
230,8,395.940002,141.598068,-100.756294,-15.418157,-10.009800,-689.941528,120.001297,161.799988
230,9,638.500000,446.364868,-1556.242554,120.001297,-10.009800,-689.941528,120.001297,161.799988
230,10,234.839996,492.085846,-939.235291,120.001297,-10.009800,-689.941528,120.001297,161.799988
230,11,213.770004,512.673523,-809.158020,120.001297,-10.009800,-689.941528,120.001297,161.799988
230,12,570.200012,790.808899,-341.095734,120.001297,-10.009800,-689.941528,120.001297,161.799988
230,14,565.450012,-732.937439,-172.817978,21.811935,-10.009800,-689.941528,120.001297,161.799988
230,15,525.289978,-848.495850,-815.278259,120.001297,-10.009800,-689.941528,120.001297,161.799988
231,1,666.570007,-968.237671,-679.355164,-107.979073,-10.009800,-689.941528,120.001297,161.799988
231,3,583.590027,-726.285645,-178.052383,-79.598244,-10.009800,-689.941528,120.001297,161.799988
231,5,491.709991,-765.521912,-520.491272,-87.804321,-10.009800,-689.941528,120.001297,161.799988
231,6,488.589996,-715.985413,-378.878662,-86.485756,-10.009800,-689.941528,120.001297,161.799988
231,7,482.619995,-263.055908,-1331.517578,-45.064461,-10.009800,-689.941528,120.001297,161.799988
231,8,395.940002,141.598068,-100.756294,-15.418157,-10.009800,-689.941528,120.001297,161.799988
231,9,638.500000,446.364868,-1556.242554,120.001297,-10.009800,-689.941528,120.001297,161.799988
231,10,234.839996,492.085846,-939.235291,120.001297,-10.009800,-689.941528,120.001297,161.799988
231,11,213.770004,512.673523,-809.158020,120.001297,-10.009800,-689.941528,120.001297,161.799988
231,12,570.200012,790.808899,-341.095734,120.001297,-10.009800,-689.941528,120.001297,161.799988
231,14,565.450012,-732.937439,-172.817978,21.811935,-10.009800,-689.941528,120.001297,161.799988
231,15,525.289978,-848.495850,-815.278259,120.001297,-10.009800,-689.941528,120.001297,161.799988
232,1,666.570007,-968.237671,-679.355164,-107.979073,-10.009800,-689.941528,120.001297,161.799988
232,3,583.590027,-726.285645,-178.052383,-79.598244,-10.009800,-689.941528,120.001297,161.799988
232,5,491.709991,-765.521912,-520.491272,-87.804321,-10.009800,-689.941528,120.001297,161.799988
232,6,488.589996,-715.985413,-378.878662,-86.485756,-10.009800,-689.941528,120.001297,161.799988
232,7,482.619995,-263.055908,-1331.517578,-45.064461,-10.009800,-689.941528,120.001297,161.799988
232,8,395.940002,141.598068,-100.756294,-15.418157,-10.009800,-689.941528,120.001297,161.799988
232,9,638.500000,446.364868,-1556.242554,120.001297,-10.009800,-689.941528,120.001297,161.799988
232,10,234.839996,492.085846,-939.235291,120.001297,-10.009800,-689.941528,120.001297,161.799988
232,11,213.770004,512.673523,-809.158020,120.001297,-10.009800,-689.941528,120.001297,161.799988
232,12,570.200012,790.808899,-341.095734,120.001297,-10.009800,-689.941528,120.001297,161.799988
232,14,565.450012,-732.937439,-172.817978,21.811935,-10.009800,-689.941528,120.001297,161.799988
232,15,525.289978,-848.495850,-815.278259,120.001297,-10.009800,-689.941528,120.001297,161.799988
233,1,703.510010,-1081.585083,-412.215210,-110.615692,-120.019501,-659.960999,129.998901,147.899994
233,4,415.390015,-395.980621,47.540962,129.998901,-120.019501,-659.960999,129.998901,147.899994
233,5,526.729980,-839.587585,-297.111755,-92.606812,-120.019501,-659.960999,129.998901,147.899994
233,6,516.830017,-752.277100,-174.811401,-88.422905,-120.019501,-659.960999,129.998901,147.899994
233,7,482.679993,-519.809998,-1222.008423,-35.087379,-120.019501,-659.960999,129.998901,147.899994
233,8,433.049988,187.218430,-94.908829,-18.112919,-120.019501,-659.960999,129.998901,147.899994
233,10,226.330002,300.276703,-1018.049805,129.998901,-120.019501,-659.960999,129.998901,147.899994
233,11,215.279999,359.997833,-902.052002,129.998901,-120.019501,-659.960999,129.998901,147.899994
233,12,636.799988,807.118835,-504.555908,129.998901,-120.019501,-659.960999,129.998901,147.899994
233,13,423.519989,-843.008484,-463.361603,56.455425,-120.019501,-659.960999,129.998901,147.899994
233,15,270.329987,-720.372131,-655.168274,129.998901,-120.019501,-659.960999,129.998901,147.899994
233,16,375.369995,-457.129456,-44.591824,129.998901,-120.019501,-659.960999,129.998901,147.899994
234,1,703.510010,-1081.585083,-412.215210,-110.615692,-120.019501,-659.960999,129.998901,147.899994
234,4,415.390015,-395.980621,47.540962,129.998901,-120.019501,-659.960999,129.998901,147.899994
234,5,526.729980,-839.587585,-297.111755,-92.606812,-120.019501,-659.960999,129.998901,147.899994
234,6,516.830017,-752.277100,-174.811401,-88.422905,-120.019501,-659.960999,129.998901,147.899994
234,7,482.679993,-519.809998,-1222.008423,-35.087379,-120.019501,-659.960999,129.998901,147.899994
234,8,433.049988,187.218430,-94.908829,-18.112919,-120.019501,-659.960999,129.998901,147.899994
234,10,226.330002,300.276703,-1018.049805,129.998901,-120.019501,-659.960999,129.998901,147.899994
234,11,215.279999,359.997833,-902.052002,129.998901,-120.019501,-659.960999,129.998901,147.899994
234,12,636.799988,807.118835,-504.555908,129.998901,-120.019501,-659.960999,129.998901,147.899994
234,13,423.519989,-843.008484,-463.361603,56.455425,-120.019501,-659.960999,129.998901,147.899994
234,15,270.329987,-720.372131,-655.168274,129.998901,-120.019501,-659.960999,129.998901,147.899994
234,16,375.369995,-457.129456,-44.591824,129.998901,-120.019501,-659.960999,129.998901,147.899994
235,1,703.510010,-1081.585083,-412.215210,-110.615692,-120.019501,-659.960999,129.998901,147.899994
235,4,415.390015,-395.980621,47.540962,129.998901,-120.019501,-659.960999,129.998901,147.899994
235,5,526.729980,-839.587585,-297.111755,-92.606812,-120.019501,-659.960999,129.998901,147.899994
235,6,516.830017,-752.277100,-174.811401,-88.422905,-120.019501,-659.960999,129.998901,147.899994
235,7,482.679993,-519.809998,-1222.008423,-35.087379,-120.019501,-659.960999,129.998901,147.899994
235,8,433.049988,187.218430,-94.908829,-18.112919,-120.019501,-659.960999,129.998901,147.899994
235,10,226.330002,300.276703,-1018.049805,129.998901,-120.019501,-659.960999,129.998901,147.899994
235,11,215.279999,359.997833,-902.052002,129.998901,-120.019501,-659.960999,129.998901,147.899994
235,12,636.799988,807.118835,-504.555908,129.998901,-120.019501,-659.960999,129.998901,147.899994
235,13,423.519989,-843.008484,-463.361603,56.455425,-120.019501,-659.960999,129.998901,147.899994
235,15,270.329987,-720.372131,-655.168274,129.998901,-120.019501,-659.960999,129.998901,147.899994
235,16,375.369995,-457.129456,-44.591824,129.998901,-120.019501,-659.960999,129.998901,147.899994
236,1,703.510010,-1081.585083,-412.215210,-110.615692,-120.019501,-659.960999,129.998901,147.899994
236,4,415.390015,-395.980621,47.540962,129.998901,-120.019501,-659.960999,129.998901,147.899994
236,5,526.729980,-839.587585,-297.111755,-92.606812,-120.019501,-659.960999,129.998901,147.899994
236,6,516.830017,-752.277100,-174.811401,-88.422905,-120.019501,-659.960999,129.998901,147.899994
236,7,482.679993,-519.809998,-1222.008423,-35.087379,-120.019501,-659.960999,129.998901,147.899994
236,8,433.049988,187.218430,-94.908829,-18.112919,-120.019501,-659.960999,129.998901,147.899994
236,10,226.330002,300.276703,-1018.049805,129.998901,-120.019501,-659.960999,129.998901,147.899994
236,11,215.279999,359.997833,-902.052002,129.998901,-120.019501,-659.960999,129.998901,147.899994
236,12,636.799988,807.118835,-504.555908,129.998901,-120.019501,-659.960999,129.998901,147.899994
236,13,423.519989,-843.008484,-463.361603,56.455425,-120.019501,-659.960999,129.998901,147.899994
236,15,270.329987,-720.372131,-655.168274,129.998901,-120.019501,-659.960999,129.998901,147.899994
236,16,375.369995,-457.129456,-44.591824,129.998901,-120.019501,-659.960999,129.998901,147.899994
237,1,703.510010,-1081.585083,-412.215210,-110.615692,-120.019501,-659.960999,129.998901,147.899994
237,4,415.390015,-395.980621,47.540962,129.998901,-120.019501,-659.960999,129.998901,147.899994
237,5,526.729980,-839.587585,-297.111755,-92.606812,-120.019501,-659.960999,129.998901,147.899994
237,6,516.830017,-752.277100,-174.811401,-88.422905,-120.019501,-659.960999,129.998901,147.899994
237,7,482.679993,-519.809998,-1222.008423,-35.087379,-120.019501,-659.960999,129.998901,147.899994
237,8,433.049988,187.218430,-94.908829,-18.112919,-120.019501,-659.960999,129.998901,147.899994
237,10,226.330002,300.276703,-1018.049805,129.998901,-120.019501,-659.960999,129.998901,147.899994
237,11,215.279999,359.997833,-902.052002,129.998901,-120.019501,-659.960999,129.998901,147.899994
237,12,636.799988,807.118835,-504.555908,129.998901,-120.019501,-659.960999,129.998901,147.899994
237,13,423.519989,-843.008484,-463.361603,56.455425,-120.019501,-659.960999,129.998901,147.899994
237,15,270.329987,-720.372131,-655.168274,129.998901,-120.019501,-659.960999,129.998901,147.899994
237,16,375.369995,-457.129456,-44.591824,129.998901,-120.019501,-659.960999,129.998901,147.899994
238,1,703.510010,-1081.585083,-412.215210,-110.615692,-120.019501,-659.960999,129.998901,147.899994
238,4,415.390015,-395.980621,47.540962,129.998901,-120.019501,-659.960999,129.998901,147.899994
238,5,526.729980,-839.587585,-297.111755,-92.606812,-120.019501,-659.960999,129.998901,147.899994
238,6,516.830017,-752.277100,-174.811401,-88.422905,-120.019501,-659.960999,129.998901,147.899994
238,7,482.679993,-519.809998,-1222.008423,-35.087379,-120.019501,-659.960999,129.998901,147.899994
238,8,433.049988,187.218430,-94.908829,-18.112919,-120.019501,-659.960999,129.998901,147.899994
238,10,226.330002,300.276703,-1018.049805,129.998901,-120.019501,-659.960999,129.998901,147.899994
238,11,215.279999,359.997833,-902.052002,129.998901,-120.019501,-659.960999,129.998901,147.899994
238,12,636.799988,807.118835,-504.555908,129.998901,-120.019501,-659.960999,129.998901,147.899994
238,13,423.519989,-843.008484,-463.361603,56.455425,-120.019501,-659.960999,129.998901,147.899994
238,15,270.329987,-720.372131,-655.168274,129.998901,-120.019501,-659.960999,129.998901,147.899994
238,16,375.369995,-457.129456,-44.591824,129.998901,-120.019501,-659.960999,129.998901,147.899994
239,1,703.510010,-1081.585083,-412.215210,-110.615692,-120.019501,-659.960999,129.998901,147.899994
239,4,415.390015,-395.980621,47.540962,129.998901,-120.019501,-659.960999,129.998901,147.899994
239,5,526.729980,-839.587585,-297.111755,-92.606812,-120.019501,-659.960999,129.998901,147.899994
239,6,516.830017,-752.277100,-174.811401,-88.422905,-120.019501,-659.960999,129.998901,147.899994
239,7,482.679993,-519.809998,-1222.008423,-35.087379,-120.019501,-659.960999,129.998901,147.899994
239,8,433.049988,187.218430,-94.908829,-18.112919,-120.019501,-659.960999,129.998901,147.899994
239,10,226.330002,300.276703,-1018.049805,129.998901,-120.019501,-659.960999,129.998901,147.899994
239,11,215.279999,359.997833,-902.052002,129.998901,-120.019501,-659.960999,129.998901,147.899994
239,12,636.799988,807.118835,-504.555908,129.998901,-120.019501,-659.960999,129.998901,147.899994
239,13,423.519989,-843.008484,-463.361603,56.455425,-120.019501,-659.960999,129.998901,147.899994
239,15,270.329987,-720.372131,-655.168274,129.998901,-120.019501,-659.960999,129.998901,147.899994
239,16,375.369995,-457.129456,-44.591824,129.998901,-120.019501,-659.960999,129.998901,147.899994
240,1,703.510010,-1081.585083,-412.215210,-110.615692,-120.019501,-659.960999,129.998901,147.899994
240,4,415.390015,-395.980621,47.540962,129.998901,-120.019501,-659.960999,129.998901,147.899994
240,5,526.729980,-839.587585,-297.111755,-92.606812,-120.019501,-659.960999,129.998901,147.899994
240,6,516.830017,-752.277100,-174.811401,-88.422905,-120.019501,-659.960999,129.998901,147.899994
240,7,482.679993,-519.809998,-1222.008423,-35.087379,-120.019501,-659.960999,129.998901,147.899994
240,8,433.049988,187.218430,-94.908829,-18.112919,-120.019501,-659.960999,129.998901,147.899994
240,10,226.330002,300.276703,-1018.049805,129.998901,-120.019501,-659.960999,129.998901,147.899994
240,11,215.279999,359.997833,-902.052002,129.998901,-120.019501,-659.960999,129.998901,147.899994
240,12,636.799988,807.118835,-504.555908,129.998901,-120.019501,-659.960999,129.998901,147.899994
240,13,423.519989,-843.008484,-463.361603,56.455425,-120.019501,-659.960999,129.998901,147.899994
240,15,270.329987,-720.372131,-655.168274,129.998901,-120.019501,-659.960999,129.998901,147.899994
240,16,375.369995,-457.129456,-44.591824,129.998901,-120.019501,-659.960999,129.998901,147.899994
241,1,703.510010,-1081.585083,-412.215210,-110.615692,-120.019501,-659.960999,129.998901,147.899994
241,4,415.390015,-395.980621,47.540962,129.998901,-120.019501,-659.960999,129.998901,147.899994
241,5,526.729980,-839.587585,-297.111755,-92.606812,-120.019501,-659.960999,129.998901,147.899994
241,6,516.830017,-752.277100,-174.811401,-88.422905,-120.019501,-659.960999,129.998901,147.899994
241,7,482.679993,-519.809998,-1222.008423,-35.087379,-120.019501,-659.960999,129.998901,147.899994
241,8,433.049988,187.218430,-94.908829,-18.112919,-120.019501,-659.960999,129.998901,147.899994
241,10,226.330002,300.276703,-1018.049805,129.998901,-120.019501,-659.960999,129.998901,147.899994
241,11,215.279999,359.997833,-902.052002,129.998901,-120.019501,-659.960999,129.998901,147.899994
241,12,636.799988,807.118835,-504.555908,129.998901,-120.019501,-659.960999,129.998901,147.899994
241,13,423.519989,-843.008484,-463.361603,56.455425,-120.019501,-659.960999,129.998901,147.899994
241,15,270.329987,-720.372131,-655.168274,129.998901,-120.019501,-659.960999,129.998901,147.899994
241,16,375.369995,-457.129456,-44.591824,129.998901,-120.019501,-659.960999,129.998901,147.899994
242,1,703.510010,-1081.585083,-412.215210,-110.615692,-120.019501,-659.960999,129.998901,147.899994
242,4,415.390015,-395.980621,47.540962,129.998901,-120.019501,-659.960999,129.998901,147.899994
242,5,526.729980,-839.587585,-297.111755,-92.606812,-120.019501,-659.960999,129.998901,147.899994
242,6,516.830017,-752.277100,-174.811401,-88.422905,-120.019501,-659.960999,129.998901,147.899994
242,7,482.679993,-519.809998,-1222.008423,-35.087379,-120.019501,-659.960999,129.998901,147.899994
242,8,433.049988,187.218430,-94.908829,-18.112919,-120.019501,-659.960999,129.998901,147.899994
242,10,226.330002,300.276703,-1018.049805,129.998901,-120.019501,-659.960999,129.998901,147.899994
242,11,215.279999,359.997833,-902.052002,129.998901,-120.019501,-659.960999,129.998901,147.899994
242,12,636.799988,807.118835,-504.555908,129.998901,-120.019501,-659.960999,129.998901,147.899994
242,13,423.519989,-843.008484,-463.361603,56.455425,-120.019501,-659.960999,129.998901,147.899994
242,15,270.329987,-720.372131,-655.168274,129.998901,-120.019501,-659.960999,129.998901,147.899994
242,16,375.369995,-457.129456,-44.591824,129.998901,-120.019501,-659.960999,129.998901,147.899994
243,1,226.320007,-687.906982,-347.465942,82.585602,-210.009796,-609.960999,159.991592,135.500000
243,4,292.609985,-294.796265,21.980570,159.991592,-210.009796,-609.960999,159.991592,135.500000
243,8,294.239990,119.971870,-217.100479,59.355595,-210.009796,-609.960999,159.991592,135.500000
243,10,135.520004,58.817307,-986.299255,159.991592,-210.009796,-609.960999,159.991592,135.500000
243,11,69.570000,102.896637,-847.351685,159.991592,-210.009796,-609.960999,159.991592,135.500000
243,12,220.169998,313.525818,-624.581970,159.991592,-210.009796,-609.960999,159.991592,135.500000
243,13,224.149994,-695.253479,-344.117950,121.068359,-210.009796,-609.960999,159.991592,135.500000
243,15,33.639999,-589.323975,-592.914917,159.991592,-210.009796,-609.960999,159.991592,135.500000
244,1,226.320007,-687.906982,-347.465942,82.585602,-210.009796,-609.960999,159.991592,135.500000
244,4,292.609985,-294.796265,21.980570,159.991592,-210.009796,-609.960999,159.991592,135.500000
244,8,294.239990,119.971870,-217.100479,59.355595,-210.009796,-609.960999,159.991592,135.500000
244,10,135.520004,58.817307,-986.299255,159.991592,-210.009796,-609.960999,159.991592,135.500000
244,11,69.570000,102.896637,-847.351685,159.991592,-210.009796,-609.960999,159.991592,135.500000
244,12,220.169998,313.525818,-624.581970,159.991592,-210.009796,-609.960999,159.991592,135.500000
244,13,224.149994,-695.253479,-344.117950,121.068359,-210.009796,-609.960999,159.991592,135.500000
244,15,33.639999,-589.323975,-592.914917,159.991592,-210.009796,-609.960999,159.991592,135.500000
245,1,226.320007,-687.906982,-347.465942,82.585602,-210.009796,-609.960999,159.991592,135.500000
245,4,292.609985,-294.796265,21.980570,159.991592,-210.009796,-609.960999,159.991592,135.500000
245,8,294.239990,119.971870,-217.100479,59.355595,-210.009796,-609.960999,159.991592,135.500000
245,10,135.520004,58.817307,-986.299255,159.991592,-210.009796,-609.960999,159.991592,135.500000
245,11,69.570000,102.896637,-847.351685,159.991592,-210.009796,-609.960999,159.991592,135.500000
245,12,220.169998,313.525818,-624.581970,159.991592,-210.009796,-609.960999,159.991592,135.500000
245,13,224.149994,-695.253479,-344.117950,121.068359,-210.009796,-609.960999,159.991592,135.500000
245,15,33.639999,-589.323975,-592.914917,159.991592,-210.009796,-609.960999,159.991592,135.500000
246,1,226.320007,-687.906982,-347.465942,82.585602,-210.009796,-609.960999,159.991592,135.500000
246,4,292.609985,-294.796265,21.980570,159.991592,-210.009796,-609.960999,159.991592,135.500000
246,8,294.239990,119.971870,-217.100479,59.355595,-210.009796,-609.960999,159.991592,135.500000
246,10,135.520004,58.817307,-986.299255,159.991592,-210.009796,-609.960999,159.991592,135.500000
246,11,69.570000,102.896637,-847.351685,159.991592,-210.009796,-609.960999,159.991592,135.500000
246,12,220.169998,313.525818,-624.581970,159.991592,-210.009796,-609.960999,159.991592,135.500000
246,13,224.149994,-695.253479,-344.117950,121.068359,-210.009796,-609.960999,159.991592,135.500000
246,15,33.639999,-589.323975,-592.914917,159.991592,-210.009796,-609.960999,159.991592,135.500000
247,1,226.320007,-687.906982,-347.465942,82.585602,-210.009796,-609.960999,159.991592,135.500000
247,4,292.609985,-294.796265,21.980570,159.991592,-210.009796,-609.960999,159.991592,135.500000
247,8,294.239990,119.971870,-217.100479,59.355595,-210.009796,-609.960999,159.991592,135.500000
247,10,135.520004,58.817307,-986.299255,159.991592,-210.009796,-609.960999,159.991592,135.500000
247,11,69.570000,102.896637,-847.351685,159.991592,-210.009796,-609.960999,159.991592,135.500000
247,12,220.169998,313.525818,-624.581970,159.991592,-210.009796,-609.960999,159.991592,135.500000
247,13,224.149994,-695.253479,-344.117950,121.068359,-210.009796,-609.960999,159.991592,135.500000
247,15,33.639999,-589.323975,-592.914917,159.991592,-210.009796,-609.960999,159.991592,135.500000
248,1,226.320007,-687.906982,-347.465942,82.585602,-210.009796,-609.960999,159.991592,135.500000
248,4,292.609985,-294.796265,21.980570,159.991592,-210.009796,-609.960999,159.991592,135.500000
248,8,294.239990,119.971870,-217.100479,59.355595,-210.009796,-609.960999,159.991592,135.500000
248,10,135.520004,58.817307,-986.299255,159.991592,-210.009796,-609.960999,159.991592,135.500000
248,11,69.570000,102.896637,-847.351685,159.991592,-210.009796,-609.960999,159.991592,135.500000
248,12,220.169998,313.525818,-624.581970,159.991592,-210.009796,-609.960999,159.991592,135.500000
248,13,224.149994,-695.253479,-344.117950,121.068359,-210.009796,-609.960999,159.991592,135.500000
248,15,33.639999,-589.323975,-592.914917,159.991592,-210.009796,-609.960999,159.991592,135.500000
249,1,226.320007,-687.906982,-347.465942,82.585602,-210.009796,-609.960999,159.991592,135.500000
249,4,292.609985,-294.796265,21.980570,159.991592,-210.009796,-609.960999,159.991592,135.500000
249,8,294.239990,119.971870,-217.100479,59.355595,-210.009796,-609.960999,159.991592,135.500000
249,10,135.520004,58.817307,-986.299255,159.991592,-210.009796,-609.960999,159.991592,135.500000
249,11,69.570000,102.896637,-847.351685,159.991592,-210.009796,-609.960999,159.991592,135.500000
249,12,220.169998,313.525818,-624.581970,159.991592,-210.009796,-609.960999,159.991592,135.500000
249,13,224.149994,-695.253479,-344.117950,121.068359,-210.009796,-609.960999,159.991592,135.500000
249,15,33.639999,-589.323975,-592.914917,159.991592,-210.009796,-609.960999,159.991592,135.500000
250,1,226.320007,-687.906982,-347.465942,82.585602,-210.009796,-609.960999,159.991592,135.500000
250,4,292.609985,-294.796265,21.980570,159.991592,-210.009796,-609.960999,159.991592,135.500000
250,8,294.239990,119.971870,-217.100479,59.355595,-210.009796,-609.960999,159.991592,135.500000
250,10,135.520004,58.817307,-986.299255,159.991592,-210.009796,-609.960999,159.991592,135.500000
250,11,69.570000,102.896637,-847.351685,159.991592,-210.009796,-609.960999,159.991592,135.500000
250,12,220.169998,313.525818,-624.581970,159.991592,-210.009796,-609.960999,159.991592,135.500000
250,13,224.149994,-695.253479,-344.117950,121.068359,-210.009796,-609.960999,159.991592,135.500000
250,15,33.639999,-589.323975,-592.914917,159.991592,-210.009796,-609.960999,159.991592,135.500000
251,1,226.320007,-687.906982,-347.465942,82.585602,-210.009796,-609.960999,159.991592,135.500000
251,4,292.609985,-294.796265,21.980570,159.991592,-210.009796,-609.960999,159.991592,135.500000
251,8,294.239990,119.971870,-217.100479,59.355595,-210.009796,-609.960999,159.991592,135.500000
251,10,135.520004,58.817307,-986.299255,159.991592,-210.009796,-609.960999,159.991592,135.500000
251,11,69.570000,102.896637,-847.351685,159.991592,-210.009796,-609.960999,159.991592,135.500000
251,12,220.169998,313.525818,-624.581970,159.991592,-210.009796,-609.960999,159.991592,135.500000
251,13,224.149994,-695.253479,-344.117950,121.068359,-210.009796,-609.960999,159.991592,135.500000
251,15,33.639999,-589.323975,-592.914917,159.991592,-210.009796,-609.960999,159.991592,135.500000
252,1,226.320007,-687.906982,-347.465942,82.585602,-210.009796,-609.960999,159.991592,135.500000
252,4,292.609985,-294.796265,21.980570,159.991592,-210.009796,-609.960999,159.991592,135.500000
252,8,294.239990,119.971870,-217.100479,59.355595,-210.009796,-609.960999,159.991592,135.500000
252,10,135.520004,58.817307,-986.299255,159.991592,-210.009796,-609.960999,159.991592,135.500000
252,11,69.570000,102.896637,-847.351685,159.991592,-210.009796,-609.960999,159.991592,135.500000
252,12,220.169998,313.525818,-624.581970,159.991592,-210.009796,-609.960999,159.991592,135.500000
252,13,224.149994,-695.253479,-344.117950,121.068359,-210.009796,-609.960999,159.991592,135.500000
252,15,33.639999,-589.323975,-592.914917,159.991592,-210.009796,-609.960999,159.991592,135.500000
253,1,226.320007,-687.906982,-347.465942,82.585602,-210.009796,-609.960999,159.991592,135.500000
253,4,292.609985,-294.796265,21.980570,159.991592,-210.009796,-609.960999,159.991592,135.500000
253,8,294.239990,119.971870,-217.100479,59.355595,-210.009796,-609.960999,159.991592,135.500000
253,10,135.520004,58.817307,-986.299255,159.991592,-210.009796,-609.960999,159.991592,135.500000
253,11,69.570000,102.896637,-847.351685,159.991592,-210.009796,-609.960999,159.991592,135.500000
253,12,220.169998,313.525818,-624.581970,159.991592,-210.009796,-609.960999,159.991592,135.500000
253,13,224.149994,-695.253479,-344.117950,121.068359,-210.009796,-609.960999,159.991592,135.500000
253,15,33.639999,-589.323975,-592.914917,159.991592,-210.009796,-609.960999,159.991592,135.500000
254,1,226.320007,-687.906982,-347.465942,82.585602,-210.009796,-609.960999,159.991592,135.500000
254,4,292.609985,-294.796265,21.980570,159.991592,-210.009796,-609.960999,159.991592,135.500000
254,8,294.239990,119.971870,-217.100479,59.355595,-210.009796,-609.960999,159.991592,135.500000
254,10,135.520004,58.817307,-986.299255,159.991592,-210.009796,-609.960999,159.991592,135.500000
254,11,69.570000,102.896637,-847.351685,159.991592,-210.009796,-609.960999,159.991592,135.500000
254,12,220.169998,313.525818,-624.581970,159.991592,-210.009796,-609.960999,159.991592,135.500000
254,13,224.149994,-695.253479,-344.117950,121.068359,-210.009796,-609.960999,159.991592,135.500000
254,15,33.639999,-589.323975,-592.914917,159.991592,-210.009796,-609.960999,159.991592,135.500000
255,1,179.639999,-657.260986,-221.261612,138.553497,-270.019501,-539.941528,199.994003,125.199982
255,5,210.339996,-628.532654,-161.827118,111.100479,-270.019501,-539.941528,199.994003,125.199982
255,8,351.910004,169.171753,-181.175446,79.633690,-270.019501,-539.941528,199.994003,125.199982
255,10,45.660000,-124.612961,-884.853333,199.994003,-270.019501,-539.941528,199.994003,125.199982
255,12,129.000000,154.319794,-624.647339,199.994003,-270.019501,-539.941528,199.994003,125.199982
255,13,183.809998,-667.288147,-214.292557,168.075729,-270.019501,-539.941528,199.994003,125.199982
255,15,6.620000,-619.414124,-472.643555,199.994003,-270.019501,-539.941528,199.994003,125.199982
256,1,179.639999,-657.260986,-221.261612,138.553497,-270.019501,-539.941528,199.994003,125.199982
256,5,210.339996,-628.532654,-161.827118,111.100479,-270.019501,-539.941528,199.994003,125.199982
256,8,351.910004,169.171753,-181.175446,79.633690,-270.019501,-539.941528,199.994003,125.199982
256,10,45.660000,-124.612961,-884.853333,199.994003,-270.019501,-539.941528,199.994003,125.199982
256,12,129.000000,154.319794,-624.647339,199.994003,-270.019501,-539.941528,199.994003,125.199982
256,13,183.809998,-667.288147,-214.292557,168.075729,-270.019501,-539.941528,199.994003,125.199982
256,15,6.620000,-619.414124,-472.643555,199.994003,-270.019501,-539.941528,199.994003,125.199982
257,1,179.639999,-657.260986,-221.261612,138.553497,-270.019501,-539.941528,199.994003,125.199982
257,5,210.339996,-628.532654,-161.827118,111.100479,-270.019501,-539.941528,199.994003,125.199982
257,8,351.910004,169.171753,-181.175446,79.633690,-270.019501,-539.941528,199.994003,125.199982
257,10,45.660000,-124.612961,-884.853333,199.994003,-270.019501,-539.941528,199.994003,125.199982
257,12,129.000000,154.319794,-624.647339,199.994003,-270.019501,-539.941528,199.994003,125.199982
257,13,183.809998,-667.288147,-214.292557,168.075729,-270.019501,-539.941528,199.994003,125.199982
257,15,6.620000,-619.414124,-472.643555,199.994003,-270.019501,-539.941528,199.994003,125.199982
258,1,179.639999,-657.260986,-221.261612,138.553497,-270.019501,-539.941528,199.994003,125.199982
258,5,210.339996,-628.532654,-161.827118,111.100479,-270.019501,-539.941528,199.994003,125.199982
258,8,351.910004,169.171753,-181.175446,79.633690,-270.019501,-539.941528,199.994003,125.199982
258,10,45.660000,-124.612961,-884.853333,199.994003,-270.019501,-539.941528,199.994003,125.199982
258,12,129.000000,154.319794,-624.647339,199.994003,-270.019501,-539.941528,199.994003,125.199982
258,13,183.809998,-667.288147,-214.292557,168.075729,-270.019501,-539.941528,199.994003,125.199982
258,15,6.620000,-619.414124,-472.643555,199.994003,-270.019501,-539.941528,199.994003,125.199982
259,1,179.639999,-657.260986,-221.261612,138.553497,-270.019501,-539.941528,199.994003,125.199982
259,5,210.339996,-628.532654,-161.827118,111.100479,-270.019501,-539.941528,199.994003,125.199982
259,8,351.910004,169.171753,-181.175446,79.633690,-270.019501,-539.941528,199.994003,125.199982
259,10,45.660000,-124.612961,-884.853333,199.994003,-270.019501,-539.941528,199.994003,125.199982
259,12,129.000000,154.319794,-624.647339,199.994003,-270.019501,-539.941528,199.994003,125.199982
259,13,183.809998,-667.288147,-214.292557,168.075729,-270.019501,-539.941528,199.994003,125.199982
259,15,6.620000,-619.414124,-472.643555,199.994003,-270.019501,-539.941528,199.994003,125.199982
260,1,179.639999,-657.260986,-221.261612,138.553497,-270.019501,-539.941528,199.994003,125.199982
260,5,210.339996,-628.532654,-161.827118,111.100479,-270.019501,-539.941528,199.994003,125.199982
260,8,351.910004,169.171753,-181.175446,79.633690,-270.019501,-539.941528,199.994003,125.199982
260,10,45.660000,-124.612961,-884.853333,199.994003,-270.019501,-539.941528,199.994003,125.199982
260,12,129.000000,154.319794,-624.647339,199.994003,-270.019501,-539.941528,199.994003,125.199982
260,13,183.809998,-667.288147,-214.292557,168.075729,-270.019501,-539.941528,199.994003,125.199982
260,15,6.620000,-619.414124,-472.643555,199.994003,-270.019501,-539.941528,199.994003,125.199982
261,1,179.639999,-657.260986,-221.261612,138.553497,-270.019501,-539.941528,199.994003,125.199982
261,5,210.339996,-628.532654,-161.827118,111.100479,-270.019501,-539.941528,199.994003,125.199982
261,8,351.910004,169.171753,-181.175446,79.633690,-270.019501,-539.941528,199.994003,125.199982
261,10,45.660000,-124.612961,-884.853333,199.994003,-270.019501,-539.941528,199.994003,125.199982
261,12,129.000000,154.319794,-624.647339,199.994003,-270.019501,-539.941528,199.994003,125.199982
261,13,183.809998,-667.288147,-214.292557,168.075729,-270.019501,-539.941528,199.994003,125.199982
261,15,6.620000,-619.414124,-472.643555,199.994003,-270.019501,-539.941528,199.994003,125.199982
262,1,179.639999,-657.260986,-221.261612,138.553497,-270.019501,-539.941528,199.994003,125.199982
262,5,210.339996,-628.532654,-161.827118,111.100479,-270.019501,-539.941528,199.994003,125.199982
262,8,351.910004,169.171753,-181.175446,79.633690,-270.019501,-539.941528,199.994003,125.199982
262,10,45.660000,-124.612961,-884.853333,199.994003,-270.019501,-539.941528,199.994003,125.199982
262,12,129.000000,154.319794,-624.647339,199.994003,-270.019501,-539.941528,199.994003,125.199982
262,13,183.809998,-667.288147,-214.292557,168.075729,-270.019501,-539.941528,199.994003,125.199982
262,15,6.620000,-619.414124,-472.643555,199.994003,-270.019501,-539.941528,199.994003,125.199982
263,1,179.639999,-657.260986,-221.261612,138.553497,-270.019501,-539.941528,199.994003,125.199982
263,5,210.339996,-628.532654,-161.827118,111.100479,-270.019501,-539.941528,199.994003,125.199982
263,8,351.910004,169.171753,-181.175446,79.633690,-270.019501,-539.941528,199.994003,125.199982
263,10,45.660000,-124.612961,-884.853333,199.994003,-270.019501,-539.941528,199.994003,125.199982
263,12,129.000000,154.319794,-624.647339,199.994003,-270.019501,-539.941528,199.994003,125.199982
263,13,183.809998,-667.288147,-214.292557,168.075729,-270.019501,-539.941528,199.994003,125.199982
263,15,6.620000,-619.414124,-472.643555,199.994003,-270.019501,-539.941528,199.994003,125.199982
264,1,179.639999,-657.260986,-221.261612,138.553497,-270.019501,-539.941528,199.994003,125.199982
264,5,210.339996,-628.532654,-161.827118,111.100479,-270.019501,-539.941528,199.994003,125.199982
264,8,351.910004,169.171753,-181.175446,79.633690,-270.019501,-539.941528,199.994003,125.199982
264,10,45.660000,-124.612961,-884.853333,199.994003,-270.019501,-539.941528,199.994003,125.199982
264,12,129.000000,154.319794,-624.647339,199.994003,-270.019501,-539.941528,199.994003,125.199982
264,13,183.809998,-667.288147,-214.292557,168.075729,-270.019501,-539.941528,199.994003,125.199982
264,15,6.620000,-619.414124,-472.643555,199.994003,-270.019501,-539.941528,199.994003,125.199982
265,1,179.639999,-657.260986,-221.261612,138.553497,-270.019501,-539.941528,199.994003,125.199982
265,5,210.339996,-628.532654,-161.827118,111.100479,-270.019501,-539.941528,199.994003,125.199982
265,8,351.910004,169.171753,-181.175446,79.633690,-270.019501,-539.941528,199.994003,125.199982
265,10,45.660000,-124.612961,-884.853333,199.994003,-270.019501,-539.941528,199.994003,125.199982
265,12,129.000000,154.319794,-624.647339,199.994003,-270.019501,-539.941528,199.994003,125.199982
265,13,183.809998,-667.288147,-214.292557,168.075729,-270.019501,-539.941528,199.994003,125.199982
265,15,6.620000,-619.414124,-472.643555,199.994003,-270.019501,-539.941528,199.994003,125.199982
266,1,159.250000,-642.453918,-122.360329,185.529694,-330.029297,-489.941498,239.996399,115.199982
266,2,236.289993,-569.014771,17.928946,239.996399,-330.029297,-489.941498,239.996399,115.199982
266,5,160.029999,-598.023010,-96.573181,172.364807,-330.029297,-489.941498,239.996399,115.199982
266,6,294.149994,-514.054077,77.279030,115.683243,-330.029297,-489.941498,239.996399,115.199982
266,8,695.020020,456.521240,-75.611870,2.285553,-330.029297,-489.941498,239.996399,115.199982
266,12,161.830002,102.956642,-660.816833,239.996399,-330.029297,-489.941498,239.996399,115.199982
266,13,169.449997,-654.679565,-110.219749,210.571716,-330.029297,-489.941498,239.996399,115.199982
266,15,276.269989,-836.477234,-157.036591,239.996399,-330.029297,-489.941498,239.996399,115.199982
267,1,159.250000,-642.453918,-122.360329,185.529694,-330.029297,-489.941498,239.996399,115.199982
267,2,236.289993,-569.014771,17.928946,239.996399,-330.029297,-489.941498,239.996399,115.199982
267,5,160.029999,-598.023010,-96.573181,172.364807,-330.029297,-489.941498,239.996399,115.199982
267,6,294.149994,-514.054077,77.279030,115.683243,-330.029297,-489.941498,239.996399,115.199982
267,8,695.020020,456.521240,-75.611870,2.285553,-330.029297,-489.941498,239.996399,115.199982
267,12,161.830002,102.956642,-660.816833,239.996399,-330.029297,-489.941498,239.996399,115.199982
267,13,169.449997,-654.679565,-110.219749,210.571716,-330.029297,-489.941498,239.996399,115.199982
267,15,276.269989,-836.477234,-157.036591,239.996399,-330.029297,-489.941498,239.996399,115.199982
268,1,159.250000,-642.453918,-122.360329,185.529694,-330.029297,-489.941498,239.996399,115.199982
268,2,236.289993,-569.014771,17.928946,239.996399,-330.029297,-489.941498,239.996399,115.199982
268,5,160.029999,-598.023010,-96.573181,172.364807,-330.029297,-489.941498,239.996399,115.199982
268,6,294.149994,-514.054077,77.279030,115.683243,-330.029297,-489.941498,239.996399,115.199982
268,8,695.020020,456.521240,-75.611870,2.285553,-330.029297,-489.941498,239.996399,115.199982
268,12,161.830002,102.956642,-660.816833,239.996399,-330.029297,-489.941498,239.996399,115.199982
268,13,169.449997,-654.679565,-110.219749,210.571716,-330.029297,-489.941498,239.996399,115.199982
268,15,276.269989,-836.477234,-157.036591,239.996399,-330.029297,-489.941498,239.996399,115.199982
269,1,159.250000,-642.453918,-122.360329,185.529694,-330.029297,-489.941498,239.996399,115.199982
269,2,236.289993,-569.014771,17.928946,239.996399,-330.029297,-489.941498,239.996399,115.199982
269,5,160.029999,-598.023010,-96.573181,172.364807,-330.029297,-489.941498,239.996399,115.199982
269,6,294.149994,-514.054077,77.279030,115.683243,-330.029297,-489.941498,239.996399,115.199982
269,8,695.020020,456.521240,-75.611870,2.285553,-330.029297,-489.941498,239.996399,115.199982
269,12,161.830002,102.956642,-660.816833,239.996399,-330.029297,-489.941498,239.996399,115.199982
269,13,169.449997,-654.679565,-110.219749,210.571716,-330.029297,-489.941498,239.996399,115.199982
269,15,276.269989,-836.477234,-157.036591,239.996399,-330.029297,-489.941498,239.996399,115.199982
270,1,159.250000,-642.453918,-122.360329,185.529694,-330.029297,-489.941498,239.996399,115.199982
270,2,236.289993,-569.014771,17.928946,239.996399,-330.029297,-489.941498,239.996399,115.199982
270,5,160.029999,-598.023010,-96.573181,172.364807,-330.029297,-489.941498,239.996399,115.199982
270,6,294.149994,-514.054077,77.279030,115.683243,-330.029297,-489.941498,239.996399,115.199982
270,8,695.020020,456.521240,-75.611870,2.285553,-330.029297,-489.941498,239.996399,115.199982
270,12,161.830002,102.956642,-660.816833,239.996399,-330.029297,-489.941498,239.996399,115.199982
270,13,169.449997,-654.679565,-110.219749,210.571716,-330.029297,-489.941498,239.996399,115.199982
270,15,276.269989,-836.477234,-157.036591,239.996399,-330.029297,-489.941498,239.996399,115.199982
271,1,159.250000,-642.453918,-122.360329,185.529694,-330.029297,-489.941498,239.996399,115.199982
271,2,236.289993,-569.014771,17.928946,239.996399,-330.029297,-489.941498,239.996399,115.199982
271,5,160.029999,-598.023010,-96.573181,172.364807,-330.029297,-489.941498,239.996399,115.199982
271,6,294.149994,-514.054077,77.279030,115.683243,-330.029297,-489.941498,239.996399,115.199982
271,8,695.020020,456.521240,-75.611870,2.285553,-330.029297,-489.941498,239.996399,115.199982
271,12,161.830002,102.956642,-660.816833,239.996399,-330.029297,-489.941498,239.996399,115.199982
271,13,169.449997,-654.679565,-110.219749,210.571716,-330.029297,-489.941498,239.996399,115.199982
271,15,276.269989,-836.477234,-157.036591,239.996399,-330.029297,-489.941498,239.996399,115.199982
272,1,159.250000,-642.453918,-122.360329,185.529694,-330.029297,-489.941498,239.996399,115.199982
272,2,236.289993,-569.014771,17.928946,239.996399,-330.029297,-489.941498,239.996399,115.199982
272,5,160.029999,-598.023010,-96.573181,172.364807,-330.029297,-489.941498,239.996399,115.199982
272,6,294.149994,-514.054077,77.279030,115.683243,-330.029297,-489.941498,239.996399,115.199982
272,8,695.020020,456.521240,-75.611870,2.285553,-330.029297,-489.941498,239.996399,115.199982
272,12,161.830002,102.956642,-660.816833,239.996399,-330.029297,-489.941498,239.996399,115.199982
272,13,169.449997,-654.679565,-110.219749,210.571716,-330.029297,-489.941498,239.996399,115.199982
272,15,276.269989,-836.477234,-157.036591,239.996399,-330.029297,-489.941498,239.996399,115.199982
273,1,159.250000,-642.453918,-122.360329,185.529694,-330.029297,-489.941498,239.996399,115.199982
273,2,236.289993,-569.014771,17.928946,239.996399,-330.029297,-489.941498,239.996399,115.199982
273,5,160.029999,-598.023010,-96.573181,172.364807,-330.029297,-489.941498,239.996399,115.199982
273,6,294.149994,-514.054077,77.279030,115.683243,-330.029297,-489.941498,239.996399,115.199982
273,8,695.020020,456.521240,-75.611870,2.285553,-330.029297,-489.941498,239.996399,115.199982
273,12,161.830002,102.956642,-660.816833,239.996399,-330.029297,-489.941498,239.996399,115.199982
273,13,169.449997,-654.679565,-110.219749,210.571716,-330.029297,-489.941498,239.996399,115.199982
273,15,276.269989,-836.477234,-157.036591,239.996399,-330.029297,-489.941498,239.996399,115.199982
274,1,159.250000,-642.453918,-122.360329,185.529694,-330.029297,-489.941498,239.996399,115.199982
274,2,236.289993,-569.014771,17.928946,239.996399,-330.029297,-489.941498,239.996399,115.199982
274,5,160.029999,-598.023010,-96.573181,172.364807,-330.029297,-489.941498,239.996399,115.199982
274,6,294.149994,-514.054077,77.279030,115.683243,-330.029297,-489.941498,239.996399,115.199982
274,8,695.020020,456.521240,-75.611870,2.285553,-330.029297,-489.941498,239.996399,115.199982
274,12,161.830002,102.956642,-660.816833,239.996399,-330.029297,-489.941498,239.996399,115.199982
274,13,169.449997,-654.679565,-110.219749,210.571716,-330.029297,-489.941498,239.996399,115.199982
274,15,276.269989,-836.477234,-157.036591,239.996399,-330.029297,-489.941498,239.996399,115.199982
275,1,159.250000,-642.453918,-122.360329,185.529694,-330.029297,-489.941498,239.996399,115.199982
275,2,236.289993,-569.014771,17.928946,239.996399,-330.029297,-489.941498,239.996399,115.199982
275,5,160.029999,-598.023010,-96.573181,172.364807,-330.029297,-489.941498,239.996399,115.199982
275,6,294.149994,-514.054077,77.279030,115.683243,-330.029297,-489.941498,239.996399,115.199982
275,8,695.020020,456.521240,-75.611870,2.285553,-330.029297,-489.941498,239.996399,115.199982
275,12,161.830002,102.956642,-660.816833,239.996399,-330.029297,-489.941498,239.996399,115.199982
275,13,169.449997,-654.679565,-110.219749,210.571716,-330.029297,-489.941498,239.996399,115.199982
275,15,276.269989,-836.477234,-157.036591,239.996399,-330.029297,-489.941498,239.996399,115.199982
276,1,159.250000,-642.453918,-122.360329,185.529694,-330.029297,-489.941498,239.996399,115.199982
276,2,236.289993,-569.014771,17.928946,239.996399,-330.029297,-489.941498,239.996399,115.199982
276,5,160.029999,-598.023010,-96.573181,172.364807,-330.029297,-489.941498,239.996399,115.199982
276,6,294.149994,-514.054077,77.279030,115.683243,-330.029297,-489.941498,239.996399,115.199982
276,8,695.020020,456.521240,-75.611870,2.285553,-330.029297,-489.941498,239.996399,115.199982
276,12,161.830002,102.956642,-660.816833,239.996399,-330.029297,-489.941498,239.996399,115.199982
276,13,169.449997,-654.679565,-110.219749,210.571716,-330.029297,-489.941498,239.996399,115.199982
276,15,276.269989,-836.477234,-157.036591,239.996399,-330.029297,-489.941498,239.996399,115.199982
277,1,159.250000,-642.453918,-122.360329,185.529694,-330.029297,-489.941498,239.996399,115.199982
277,2,236.289993,-569.014771,17.928946,239.996399,-330.029297,-489.941498,239.996399,115.199982
277,5,160.029999,-598.023010,-96.573181,172.364807,-330.029297,-489.941498,239.996399,115.199982
277,6,294.149994,-514.054077,77.279030,115.683243,-330.029297,-489.941498,239.996399,115.199982
277,8,695.020020,456.521240,-75.611870,2.285553,-330.029297,-489.941498,239.996399,115.199982
277,12,161.830002,102.956642,-660.816833,239.996399,-330.029297,-489.941498,239.996399,115.199982
277,13,169.449997,-654.679565,-110.219749,210.571716,-330.029297,-489.941498,239.996399,115.199982
277,15,276.269989,-836.477234,-157.036591,239.996399,-330.029297,-489.941498,239.996399,115.199982
278,8,992.919983,626.341858,174.230865,-79.607033,-380.029297,-420.019592,259.991608,118.600006
278,12,13.460000,-75.812187,-510.778412,259.991608,-380.029297,-420.019592,259.991608,118.600006
279,8,992.919983,626.341858,174.230865,-79.607033,-380.029297,-420.019592,259.991608,118.600006
279,12,13.460000,-75.812187,-510.778412,259.991608,-380.029297,-420.019592,259.991608,118.600006
280,8,992.919983,626.341858,174.230865,-79.607033,-380.029297,-420.019592,259.991608,118.600006
280,12,13.460000,-75.812187,-510.778412,259.991608,-380.029297,-420.019592,259.991608,118.600006
281,8,992.919983,626.341858,174.230865,-79.607033,-380.029297,-420.019592,259.991608,118.600006
281,12,13.460000,-75.812187,-510.778412,259.991608,-380.029297,-420.019592,259.991608,118.600006
282,8,992.919983,626.341858,174.230865,-79.607033,-380.029297,-420.019592,259.991608,118.600006
282,12,13.460000,-75.812187,-510.778412,259.991608,-380.029297,-420.019592,259.991608,118.600006
283,8,992.919983,626.341858,174.230865,-79.607033,-380.029297,-420.019592,259.991608,118.600006
283,12,13.460000,-75.812187,-510.778412,259.991608,-380.029297,-420.019592,259.991608,118.600006
284,8,992.919983,626.341858,174.230865,-79.607033,-380.029297,-420.019592,259.991608,118.600006
284,12,13.460000,-75.812187,-510.778412,259.991608,-380.029297,-420.019592,259.991608,118.600006
285,8,992.919983,626.341858,174.230865,-79.607033,-380.029297,-420.019592,259.991608,118.600006
285,12,13.460000,-75.812187,-510.778412,259.991608,-380.029297,-420.019592,259.991608,118.600006
286,8,992.919983,626.341858,174.230865,-79.607033,-380.029297,-420.019592,259.991608,118.600006
286,12,13.460000,-75.812187,-510.778412,259.991608,-380.029297,-420.019592,259.991608,118.600006
287,8,992.919983,626.341858,174.230865,-79.607033,-380.029297,-420.019592,259.991608,118.600006
287,12,13.460000,-75.812187,-510.778412,259.991608,-380.029297,-420.019592,259.991608,118.600006
288,1,198.529999,-762.865723,-79.252747,182.092743,-380.029297,-429.980499,249.994003,122.000000
288,5,224.669998,-723.758911,-21.429117,155.044357,-380.029297,-429.980499,249.994003,122.000000
288,8,761.179993,404.653015,107.510567,-10.344891,-380.029297,-429.980499,249.994003,122.000000
288,12,8.210000,-75.958145,-500.915222,249.994003,-380.029297,-429.980499,249.994003,122.000000
288,13,268.760010,-824.424927,-31.157417,203.324310,-380.029297,-429.980499,249.994003,122.000000
288,15,236.399994,-893.172913,-186.574295,249.994003,-380.029297,-429.980499,249.994003,122.000000
289,1,198.529999,-762.865723,-79.252747,182.092743,-380.029297,-429.980499,249.994003,122.000000
289,5,224.669998,-723.758911,-21.429117,155.044357,-380.029297,-429.980499,249.994003,122.000000
289,8,761.179993,404.653015,107.510567,-10.344891,-380.029297,-429.980499,249.994003,122.000000
289,12,8.210000,-75.958145,-500.915222,249.994003,-380.029297,-429.980499,249.994003,122.000000
289,13,268.760010,-824.424927,-31.157417,203.324310,-380.029297,-429.980499,249.994003,122.000000
289,15,236.399994,-893.172913,-186.574295,249.994003,-380.029297,-429.980499,249.994003,122.000000
290,1,198.529999,-762.865723,-79.252747,182.092743,-380.029297,-429.980499,249.994003,122.000000
290,5,224.669998,-723.758911,-21.429117,155.044357,-380.029297,-429.980499,249.994003,122.000000
290,8,761.179993,404.653015,107.510567,-10.344891,-380.029297,-429.980499,249.994003,122.000000
290,12,8.210000,-75.958145,-500.915222,249.994003,-380.029297,-429.980499,249.994003,122.000000
290,13,268.760010,-824.424927,-31.157417,203.324310,-380.029297,-429.980499,249.994003,122.000000
290,15,236.399994,-893.172913,-186.574295,249.994003,-380.029297,-429.980499,249.994003,122.000000
291,1,198.529999,-762.865723,-79.252747,182.092743,-380.029297,-429.980499,249.994003,122.000000
291,5,224.669998,-723.758911,-21.429117,155.044357,-380.029297,-429.980499,249.994003,122.000000
291,8,761.179993,404.653015,107.510567,-10.344891,-380.029297,-429.980499,249.994003,122.000000
291,12,8.210000,-75.958145,-500.915222,249.994003,-380.029297,-429.980499,249.994003,122.000000
291,13,268.760010,-824.424927,-31.157417,203.324310,-380.029297,-429.980499,249.994003,122.000000
291,15,236.399994,-893.172913,-186.574295,249.994003,-380.029297,-429.980499,249.994003,122.000000
292,1,198.529999,-762.865723,-79.252747,182.092743,-380.029297,-429.980499,249.994003,122.000000
292,5,224.669998,-723.758911,-21.429117,155.044357,-380.029297,-429.980499,249.994003,122.000000
292,8,761.179993,404.653015,107.510567,-10.344891,-380.029297,-429.980499,249.994003,122.000000
292,12,8.210000,-75.958145,-500.915222,249.994003,-380.029297,-429.980499,249.994003,122.000000
292,13,268.760010,-824.424927,-31.157417,203.324310,-380.029297,-429.980499,249.994003,122.000000
292,15,236.399994,-893.172913,-186.574295,249.994003,-380.029297,-429.980499,249.994003,122.000000
293,1,198.529999,-762.865723,-79.252747,182.092743,-380.029297,-429.980499,249.994003,122.000000
293,5,224.669998,-723.758911,-21.429117,155.044357,-380.029297,-429.980499,249.994003,122.000000
293,8,761.179993,404.653015,107.510567,-10.344891,-380.029297,-429.980499,249.994003,122.000000
293,12,8.210000,-75.958145,-500.915222,249.994003,-380.029297,-429.980499,249.994003,122.000000
293,13,268.760010,-824.424927,-31.157417,203.324310,-380.029297,-429.980499,249.994003,122.000000
293,15,236.399994,-893.172913,-186.574295,249.994003,-380.029297,-429.980499,249.994003,122.000000
294,1,198.529999,-762.865723,-79.252747,182.092743,-380.029297,-429.980499,249.994003,122.000000
294,5,224.669998,-723.758911,-21.429117,155.044357,-380.029297,-429.980499,249.994003,122.000000
294,8,761.179993,404.653015,107.510567,-10.344891,-380.029297,-429.980499,249.994003,122.000000
294,12,8.210000,-75.958145,-500.915222,249.994003,-380.029297,-429.980499,249.994003,122.000000
294,13,268.760010,-824.424927,-31.157417,203.324310,-380.029297,-429.980499,249.994003,122.000000
294,15,236.399994,-893.172913,-186.574295,249.994003,-380.029297,-429.980499,249.994003,122.000000
295,1,198.529999,-762.865723,-79.252747,182.092743,-380.029297,-429.980499,249.994003,122.000000
295,5,224.669998,-723.758911,-21.429117,155.044357,-380.029297,-429.980499,249.994003,122.000000
295,8,761.179993,404.653015,107.510567,-10.344891,-380.029297,-429.980499,249.994003,122.000000
295,12,8.210000,-75.958145,-500.915222,249.994003,-380.029297,-429.980499,249.994003,122.000000
295,13,268.760010,-824.424927,-31.157417,203.324310,-380.029297,-429.980499,249.994003,122.000000
295,15,236.399994,-893.172913,-186.574295,249.994003,-380.029297,-429.980499,249.994003,122.000000
296,1,198.529999,-762.865723,-79.252747,182.092743,-380.029297,-429.980499,249.994003,122.000000
296,5,224.669998,-723.758911,-21.429117,155.044357,-380.029297,-429.980499,249.994003,122.000000
296,8,761.179993,404.653015,107.510567,-10.344891,-380.029297,-429.980499,249.994003,122.000000
296,12,8.210000,-75.958145,-500.915222,249.994003,-380.029297,-429.980499,249.994003,122.000000
296,13,268.760010,-824.424927,-31.157417,203.324310,-380.029297,-429.980499,249.994003,122.000000
296,15,236.399994,-893.172913,-186.574295,249.994003,-380.029297,-429.980499,249.994003,122.000000
297,1,198.529999,-762.865723,-79.252747,182.092743,-380.029297,-429.980499,249.994003,122.000000
297,5,224.669998,-723.758911,-21.429117,155.044357,-380.029297,-429.980499,249.994003,122.000000
297,8,761.179993,404.653015,107.510567,-10.344891,-380.029297,-429.980499,249.994003,122.000000
297,12,8.210000,-75.958145,-500.915222,249.994003,-380.029297,-429.980499,249.994003,122.000000
297,13,268.760010,-824.424927,-31.157417,203.324310,-380.029297,-429.980499,249.994003,122.000000
297,15,236.399994,-893.172913,-186.574295,249.994003,-380.029297,-429.980499,249.994003,122.000000
298,1,198.529999,-762.865723,-79.252747,182.092743,-380.029297,-429.980499,249.994003,122.000000
298,5,224.669998,-723.758911,-21.429117,155.044357,-380.029297,-429.980499,249.994003,122.000000
298,8,761.179993,404.653015,107.510567,-10.344891,-380.029297,-429.980499,249.994003,122.000000
298,12,8.210000,-75.958145,-500.915222,249.994003,-380.029297,-429.980499,249.994003,122.000000
298,13,268.760010,-824.424927,-31.157417,203.324310,-380.029297,-429.980499,249.994003,122.000000
298,15,236.399994,-893.172913,-186.574295,249.994003,-380.029297,-429.980499,249.994003,122.000000
299,1,252.630005,-803.592285,-48.692852,163.589447,-380.029297,-429.980499,249.994003,122.100006
299,8,970.609985,570.427124,213.458527,-81.974167,-380.029297,-429.980499,249.994003,122.100006
300,1,252.630005,-803.592285,-48.692852,163.589447,-380.029297,-429.980499,249.994003,122.100006
300,8,970.609985,570.427124,213.458527,-81.974167,-380.029297,-429.980499,249.994003,122.100006
301,1,252.630005,-803.592285,-48.692852,163.589447,-380.029297,-429.980499,249.994003,122.100006
301,8,970.609985,570.427124,213.458527,-81.974167,-380.029297,-429.980499,249.994003,122.100006
302,1,252.630005,-803.592285,-48.692852,163.589447,-380.029297,-429.980499,249.994003,122.100006
302,8,970.609985,570.427124,213.458527,-81.974167,-380.029297,-429.980499,249.994003,122.100006
303,1,252.630005,-803.592285,-48.692852,163.589447,-380.029297,-429.980499,249.994003,122.100006
303,8,970.609985,570.427124,213.458527,-81.974167,-380.029297,-429.980499,249.994003,122.100006
304,1,252.630005,-803.592285,-48.692852,163.589447,-380.029297,-429.980499,249.994003,122.100006
304,8,970.609985,570.427124,213.458527,-81.974167,-380.029297,-429.980499,249.994003,122.100006
305,1,252.630005,-803.592285,-48.692852,163.589447,-380.029297,-429.980499,249.994003,122.100006
305,8,970.609985,570.427124,213.458527,-81.974167,-380.029297,-429.980499,249.994003,122.100006
306,1,252.630005,-803.592285,-48.692852,163.589447,-380.029297,-429.980499,249.994003,122.100006
306,8,970.609985,570.427124,213.458527,-81.974167,-380.029297,-429.980499,249.994003,122.100006
307,1,252.630005,-803.592285,-48.692852,163.589447,-380.029297,-429.980499,249.994003,122.100006
307,8,970.609985,570.427124,213.458527,-81.974167,-380.029297,-429.980499,249.994003,122.100006
308,1,252.630005,-803.592285,-48.692852,163.589447,-380.029297,-429.980499,249.994003,122.100006
308,8,970.609985,570.427124,213.458527,-81.974167,-380.029297,-429.980499,249.994003,122.100006
309,1,252.630005,-803.592285,-48.692852,163.589447,-380.029297,-429.980499,249.994003,122.100006
309,8,970.609985,570.427124,213.458527,-81.974167,-380.029297,-429.980499,249.994003,122.100006
310,1,252.630005,-803.592285,-48.692852,163.589447,-380.029297,-429.980499,249.994003,122.100006
310,8,970.609985,570.427124,213.458527,-81.974167,-380.029297,-429.980499,249.994003,122.100006
311,1,230.070007,-786.220703,-61.005825,171.305420,-380.029297,-429.980499,249.994003,122.000000
311,5,275.859985,-748.343933,17.915129,133.410538,-380.029297,-429.980499,249.994003,122.000000
311,8,981.239990,580.019836,217.091919,-85.609840,-380.029297,-429.980499,249.994003,122.000000
311,15,271.309998,-918.704468,-162.765717,249.994003,-380.029297,-429.980499,249.994003,122.000000
312,1,230.070007,-786.220703,-61.005825,171.305420,-380.029297,-429.980499,249.994003,122.000000
312,5,275.859985,-748.343933,17.915129,133.410538,-380.029297,-429.980499,249.994003,122.000000
312,8,981.239990,580.019836,217.091919,-85.609840,-380.029297,-429.980499,249.994003,122.000000
312,15,271.309998,-918.704468,-162.765717,249.994003,-380.029297,-429.980499,249.994003,122.000000
313,1,230.070007,-786.220703,-61.005825,171.305420,-380.029297,-429.980499,249.994003,122.000000
313,5,275.859985,-748.343933,17.915129,133.410538,-380.029297,-429.980499,249.994003,122.000000
313,8,981.239990,580.019836,217.091919,-85.609840,-380.029297,-429.980499,249.994003,122.000000
313,15,271.309998,-918.704468,-162.765717,249.994003,-380.029297,-429.980499,249.994003,122.000000
314,1,230.070007,-786.220703,-61.005825,171.305420,-380.029297,-429.980499,249.994003,122.000000
314,5,275.859985,-748.343933,17.915129,133.410538,-380.029297,-429.980499,249.994003,122.000000
314,8,981.239990,580.019836,217.091919,-85.609840,-380.029297,-429.980499,249.994003,122.000000
314,15,271.309998,-918.704468,-162.765717,249.994003,-380.029297,-429.980499,249.994003,122.000000
315,1,230.070007,-786.220703,-61.005825,171.305420,-380.029297,-429.980499,249.994003,122.000000
315,5,275.859985,-748.343933,17.915129,133.410538,-380.029297,-429.980499,249.994003,122.000000
315,8,981.239990,580.019836,217.091919,-85.609840,-380.029297,-429.980499,249.994003,122.000000
315,15,271.309998,-918.704468,-162.765717,249.994003,-380.029297,-429.980499,249.994003,122.000000
316,1,230.070007,-786.220703,-61.005825,171.305420,-380.029297,-429.980499,249.994003,122.000000
316,5,275.859985,-748.343933,17.915129,133.410538,-380.029297,-429.980499,249.994003,122.000000
316,8,981.239990,580.019836,217.091919,-85.609840,-380.029297,-429.980499,249.994003,122.000000
316,15,271.309998,-918.704468,-162.765717,249.994003,-380.029297,-429.980499,249.994003,122.000000
317,1,230.070007,-786.220703,-61.005825,171.305420,-380.029297,-429.980499,249.994003,122.000000
317,5,275.859985,-748.343933,17.915129,133.410538,-380.029297,-429.980499,249.994003,122.000000
317,8,981.239990,580.019836,217.091919,-85.609840,-380.029297,-429.980499,249.994003,122.000000
317,15,271.309998,-918.704468,-162.765717,249.994003,-380.029297,-429.980499,249.994003,122.000000
318,1,230.070007,-786.220703,-61.005825,171.305420,-380.029297,-429.980499,249.994003,122.000000
318,5,275.859985,-748.343933,17.915129,133.410538,-380.029297,-429.980499,249.994003,122.000000
318,8,981.239990,580.019836,217.091919,-85.609840,-380.029297,-429.980499,249.994003,122.000000
318,15,271.309998,-918.704468,-162.765717,249.994003,-380.029297,-429.980499,249.994003,122.000000
319,1,230.070007,-786.220703,-61.005825,171.305420,-380.029297,-429.980499,249.994003,122.000000
319,5,275.859985,-748.343933,17.915129,133.410538,-380.029297,-429.980499,249.994003,122.000000
319,8,981.239990,580.019836,217.091919,-85.609840,-380.029297,-429.980499,249.994003,122.000000
319,15,271.309998,-918.704468,-162.765717,249.994003,-380.029297,-429.980499,249.994003,122.000000
320,1,230.070007,-786.220703,-61.005825,171.305420,-380.029297,-429.980499,249.994003,122.000000
320,5,275.859985,-748.343933,17.915129,133.410538,-380.029297,-429.980499,249.994003,122.000000
320,8,981.239990,580.019836,217.091919,-85.609840,-380.029297,-429.980499,249.994003,122.000000
320,15,271.309998,-918.704468,-162.765717,249.994003,-380.029297,-429.980499,249.994003,122.000000
321,1,230.070007,-786.220703,-61.005825,171.305420,-380.029297,-429.980499,249.994003,122.000000
321,5,275.859985,-748.343933,17.915129,133.410538,-380.029297,-429.980499,249.994003,122.000000
321,8,981.239990,580.019836,217.091919,-85.609840,-380.029297,-429.980499,249.994003,122.000000
321,15,271.309998,-918.704468,-162.765717,249.994003,-380.029297,-429.980499,249.994003,122.000000
322,1,230.070007,-786.220703,-61.005825,171.305420,-380.029297,-429.980499,249.994003,122.000000
322,5,275.859985,-748.343933,17.915129,133.410538,-380.029297,-429.980499,249.994003,122.000000
322,8,981.239990,580.019836,217.091919,-85.609840,-380.029297,-429.980499,249.994003,122.000000
322,15,271.309998,-918.704468,-162.765717,249.994003,-380.029297,-429.980499,249.994003,122.000000
323,1,209.000000,-780.623413,-182.664703,148.519089,-350.000000,-489.941498,220.001297,128.899994
323,5,294.609985,-780.126892,-76.313042,95.493744,-350.000000,-489.941498,220.001297,128.899994
323,8,459.480011,143.790695,-40.104912,62.849880,-350.000000,-489.941498,220.001297,128.899994
323,12,15.020000,-32.926655,-525.143433,220.001297,-350.000000,-489.941498,220.001297,128.899994
323,13,223.110001,-800.595581,-170.616714,181.258652,-350.000000,-489.941498,220.001297,128.899994
323,15,189.710007,-850.944092,-337.455170,220.001297,-350.000000,-489.941498,220.001297,128.899994
324,1,209.000000,-780.623413,-182.664703,148.519089,-350.000000,-489.941498,220.001297,128.899994
324,5,294.609985,-780.126892,-76.313042,95.493744,-350.000000,-489.941498,220.001297,128.899994
324,8,459.480011,143.790695,-40.104912,62.849880,-350.000000,-489.941498,220.001297,128.899994
324,12,15.020000,-32.926655,-525.143433,220.001297,-350.000000,-489.941498,220.001297,128.899994
324,13,223.110001,-800.595581,-170.616714,181.258652,-350.000000,-489.941498,220.001297,128.899994
324,15,189.710007,-850.944092,-337.455170,220.001297,-350.000000,-489.941498,220.001297,128.899994
325,1,209.000000,-780.623413,-182.664703,148.519089,-350.000000,-489.941498,220.001297,128.899994
325,5,294.609985,-780.126892,-76.313042,95.493744,-350.000000,-489.941498,220.001297,128.899994
325,8,459.480011,143.790695,-40.104912,62.849880,-350.000000,-489.941498,220.001297,128.899994
325,12,15.020000,-32.926655,-525.143433,220.001297,-350.000000,-489.941498,220.001297,128.899994
325,13,223.110001,-800.595581,-170.616714,181.258652,-350.000000,-489.941498,220.001297,128.899994
325,15,189.710007,-850.944092,-337.455170,220.001297,-350.000000,-489.941498,220.001297,128.899994
326,1,209.000000,-780.623413,-182.664703,148.519089,-350.000000,-489.941498,220.001297,128.899994
326,5,294.609985,-780.126892,-76.313042,95.493744,-350.000000,-489.941498,220.001297,128.899994
326,8,459.480011,143.790695,-40.104912,62.849880,-350.000000,-489.941498,220.001297,128.899994
326,12,15.020000,-32.926655,-525.143433,220.001297,-350.000000,-489.941498,220.001297,128.899994
326,13,223.110001,-800.595581,-170.616714,181.258652,-350.000000,-489.941498,220.001297,128.899994
326,15,189.710007,-850.944092,-337.455170,220.001297,-350.000000,-489.941498,220.001297,128.899994
327,1,209.000000,-780.623413,-182.664703,148.519089,-350.000000,-489.941498,220.001297,128.899994
327,5,294.609985,-780.126892,-76.313042,95.493744,-350.000000,-489.941498,220.001297,128.899994
327,8,459.480011,143.790695,-40.104912,62.849880,-350.000000,-489.941498,220.001297,128.899994
327,12,15.020000,-32.926655,-525.143433,220.001297,-350.000000,-489.941498,220.001297,128.899994
327,13,223.110001,-800.595581,-170.616714,181.258652,-350.000000,-489.941498,220.001297,128.899994
327,15,189.710007,-850.944092,-337.455170,220.001297,-350.000000,-489.941498,220.001297,128.899994
328,1,209.000000,-780.623413,-182.664703,148.519089,-350.000000,-489.941498,220.001297,128.899994
328,5,294.609985,-780.126892,-76.313042,95.493744,-350.000000,-489.941498,220.001297,128.899994
328,8,459.480011,143.790695,-40.104912,62.849880,-350.000000,-489.941498,220.001297,128.899994
328,12,15.020000,-32.926655,-525.143433,220.001297,-350.000000,-489.941498,220.001297,128.899994
328,13,223.110001,-800.595581,-170.616714,181.258652,-350.000000,-489.941498,220.001297,128.899994
328,15,189.710007,-850.944092,-337.455170,220.001297,-350.000000,-489.941498,220.001297,128.899994
329,1,209.000000,-780.623413,-182.664703,148.519089,-350.000000,-489.941498,220.001297,128.899994
329,5,294.609985,-780.126892,-76.313042,95.493744,-350.000000,-489.941498,220.001297,128.899994
329,8,459.480011,143.790695,-40.104912,62.849880,-350.000000,-489.941498,220.001297,128.899994
329,12,15.020000,-32.926655,-525.143433,220.001297,-350.000000,-489.941498,220.001297,128.899994
329,13,223.110001,-800.595581,-170.616714,181.258652,-350.000000,-489.941498,220.001297,128.899994
329,15,189.710007,-850.944092,-337.455170,220.001297,-350.000000,-489.941498,220.001297,128.899994
330,1,209.000000,-780.623413,-182.664703,148.519089,-350.000000,-489.941498,220.001297,128.899994
330,5,294.609985,-780.126892,-76.313042,95.493744,-350.000000,-489.941498,220.001297,128.899994
330,8,459.480011,143.790695,-40.104912,62.849880,-350.000000,-489.941498,220.001297,128.899994
330,12,15.020000,-32.926655,-525.143433,220.001297,-350.000000,-489.941498,220.001297,128.899994
330,13,223.110001,-800.595581,-170.616714,181.258652,-350.000000,-489.941498,220.001297,128.899994
330,15,189.710007,-850.944092,-337.455170,220.001297,-350.000000,-489.941498,220.001297,128.899994
331,1,209.000000,-780.623413,-182.664703,148.519089,-350.000000,-489.941498,220.001297,128.899994
331,5,294.609985,-780.126892,-76.313042,95.493744,-350.000000,-489.941498,220.001297,128.899994
331,8,459.480011,143.790695,-40.104912,62.849880,-350.000000,-489.941498,220.001297,128.899994
331,12,15.020000,-32.926655,-525.143433,220.001297,-350.000000,-489.941498,220.001297,128.899994
331,13,223.110001,-800.595581,-170.616714,181.258652,-350.000000,-489.941498,220.001297,128.899994
331,15,189.710007,-850.944092,-337.455170,220.001297,-350.000000,-489.941498,220.001297,128.899994
332,1,209.000000,-780.623413,-182.664703,148.519089,-350.000000,-489.941498,220.001297,128.899994
332,5,294.609985,-780.126892,-76.313042,95.493744,-350.000000,-489.941498,220.001297,128.899994
332,8,459.480011,143.790695,-40.104912,62.849880,-350.000000,-489.941498,220.001297,128.899994
332,12,15.020000,-32.926655,-525.143433,220.001297,-350.000000,-489.941498,220.001297,128.899994
332,13,223.110001,-800.595581,-170.616714,181.258652,-350.000000,-489.941498,220.001297,128.899994
332,15,189.710007,-850.944092,-337.455170,220.001297,-350.000000,-489.941498,220.001297,128.899994
333,1,209.000000,-780.623413,-182.664703,148.519089,-350.000000,-489.941498,220.001297,128.899994
333,5,294.609985,-780.126892,-76.313042,95.493744,-350.000000,-489.941498,220.001297,128.899994
333,8,459.480011,143.790695,-40.104912,62.849880,-350.000000,-489.941498,220.001297,128.899994
333,12,15.020000,-32.926655,-525.143433,220.001297,-350.000000,-489.941498,220.001297,128.899994
333,13,223.110001,-800.595581,-170.616714,181.258652,-350.000000,-489.941498,220.001297,128.899994
333,15,189.710007,-850.944092,-337.455170,220.001297,-350.000000,-489.941498,220.001297,128.899994
334,1,209.000000,-780.623413,-182.664703,148.519089,-350.000000,-489.941498,220.001297,128.899994
334,5,294.609985,-780.126892,-76.313042,95.493744,-350.000000,-489.941498,220.001297,128.899994
334,8,459.480011,143.790695,-40.104912,62.849880,-350.000000,-489.941498,220.001297,128.899994
334,12,15.020000,-32.926655,-525.143433,220.001297,-350.000000,-489.941498,220.001297,128.899994
334,13,223.110001,-800.595581,-170.616714,181.258652,-350.000000,-489.941498,220.001297,128.899994
334,15,189.710007,-850.944092,-337.455170,220.001297,-350.000000,-489.941498,220.001297,128.899994
335,1,230.270004,-736.368835,-150.929214,151.241913,-330.029297,-520.019592,229.998901,122.000000
335,5,263.519989,-692.417419,-81.608398,118.630539,-330.029297,-520.019592,229.998901,122.000000
335,7,978.950012,-1330.647095,-1098.107788,-104.821724,-330.029297,-520.019592,229.998901,122.000000
335,8,881.400024,550.456909,77.336388,-71.457664,-330.029297,-520.019592,229.998901,122.000000
335,12,93.739998,55.385719,-617.384521,229.998901,-330.029297,-520.019592,229.998901,122.000000
335,13,246.589996,-757.220154,-134.638382,187.179001,-330.029297,-520.019592,229.998901,122.000000
335,15,278.519989,-873.977539,-247.887619,229.998901,-330.029297,-520.019592,229.998901,122.000000
336,1,230.270004,-736.368835,-150.929214,151.241913,-330.029297,-520.019592,229.998901,122.000000
336,5,263.519989,-692.417419,-81.608398,118.630539,-330.029297,-520.019592,229.998901,122.000000
336,7,978.950012,-1330.647095,-1098.107788,-104.821724,-330.029297,-520.019592,229.998901,122.000000
336,8,881.400024,550.456909,77.336388,-71.457664,-330.029297,-520.019592,229.998901,122.000000
336,12,93.739998,55.385719,-617.384521,229.998901,-330.029297,-520.019592,229.998901,122.000000
336,13,246.589996,-757.220154,-134.638382,187.179001,-330.029297,-520.019592,229.998901,122.000000
336,15,278.519989,-873.977539,-247.887619,229.998901,-330.029297,-520.019592,229.998901,122.000000
337,1,230.270004,-736.368835,-150.929214,151.241913,-330.029297,-520.019592,229.998901,122.000000
337,5,263.519989,-692.417419,-81.608398,118.630539,-330.029297,-520.019592,229.998901,122.000000
337,7,978.950012,-1330.647095,-1098.107788,-104.821724,-330.029297,-520.019592,229.998901,122.000000
337,8,881.400024,550.456909,77.336388,-71.457664,-330.029297,-520.019592,229.998901,122.000000
337,12,93.739998,55.385719,-617.384521,229.998901,-330.029297,-520.019592,229.998901,122.000000
337,13,246.589996,-757.220154,-134.638382,187.179001,-330.029297,-520.019592,229.998901,122.000000
337,15,278.519989,-873.977539,-247.887619,229.998901,-330.029297,-520.019592,229.998901,122.000000
338,1,230.270004,-736.368835,-150.929214,151.241913,-330.029297,-520.019592,229.998901,122.000000
338,5,263.519989,-692.417419,-81.608398,118.630539,-330.029297,-520.019592,229.998901,122.000000
338,7,978.950012,-1330.647095,-1098.107788,-104.821724,-330.029297,-520.019592,229.998901,122.000000
338,8,881.400024,550.456909,77.336388,-71.457664,-330.029297,-520.019592,229.998901,122.000000
338,12,93.739998,55.385719,-617.384521,229.998901,-330.029297,-520.019592,229.998901,122.000000
338,13,246.589996,-757.220154,-134.638382,187.179001,-330.029297,-520.019592,229.998901,122.000000
338,15,278.519989,-873.977539,-247.887619,229.998901,-330.029297,-520.019592,229.998901,122.000000
339,1,230.270004,-736.368835,-150.929214,151.241913,-330.029297,-520.019592,229.998901,122.000000
339,5,263.519989,-692.417419,-81.608398,118.630539,-330.029297,-520.019592,229.998901,122.000000
339,7,978.950012,-1330.647095,-1098.107788,-104.821724,-330.029297,-520.019592,229.998901,122.000000
339,8,881.400024,550.456909,77.336388,-71.457664,-330.029297,-520.019592,229.998901,122.000000
339,12,93.739998,55.385719,-617.384521,229.998901,-330.029297,-520.019592,229.998901,122.000000
339,13,246.589996,-757.220154,-134.638382,187.179001,-330.029297,-520.019592,229.998901,122.000000
339,15,278.519989,-873.977539,-247.887619,229.998901,-330.029297,-520.019592,229.998901,122.000000
340,1,230.270004,-736.368835,-150.929214,151.241913,-330.029297,-520.019592,229.998901,122.000000
340,5,263.519989,-692.417419,-81.608398,118.630539,-330.029297,-520.019592,229.998901,122.000000
340,7,978.950012,-1330.647095,-1098.107788,-104.821724,-330.029297,-520.019592,229.998901,122.000000
340,8,881.400024,550.456909,77.336388,-71.457664,-330.029297,-520.019592,229.998901,122.000000
340,12,93.739998,55.385719,-617.384521,229.998901,-330.029297,-520.019592,229.998901,122.000000
340,13,246.589996,-757.220154,-134.638382,187.179001,-330.029297,-520.019592,229.998901,122.000000
340,15,278.519989,-873.977539,-247.887619,229.998901,-330.029297,-520.019592,229.998901,122.000000
341,1,230.270004,-736.368835,-150.929214,151.241913,-330.029297,-520.019592,229.998901,122.000000
341,5,263.519989,-692.417419,-81.608398,118.630539,-330.029297,-520.019592,229.998901,122.000000
341,7,978.950012,-1330.647095,-1098.107788,-104.821724,-330.029297,-520.019592,229.998901,122.000000
341,8,881.400024,550.456909,77.336388,-71.457664,-330.029297,-520.019592,229.998901,122.000000
341,12,93.739998,55.385719,-617.384521,229.998901,-330.029297,-520.019592,229.998901,122.000000
341,13,246.589996,-757.220154,-134.638382,187.179001,-330.029297,-520.019592,229.998901,122.000000
341,15,278.519989,-873.977539,-247.887619,229.998901,-330.029297,-520.019592,229.998901,122.000000
342,1,230.270004,-736.368835,-150.929214,151.241913,-330.029297,-520.019592,229.998901,122.000000
342,5,263.519989,-692.417419,-81.608398,118.630539,-330.029297,-520.019592,229.998901,122.000000
342,7,978.950012,-1330.647095,-1098.107788,-104.821724,-330.029297,-520.019592,229.998901,122.000000
342,8,881.400024,550.456909,77.336388,-71.457664,-330.029297,-520.019592,229.998901,122.000000
342,12,93.739998,55.385719,-617.384521,229.998901,-330.029297,-520.019592,229.998901,122.000000
342,13,246.589996,-757.220154,-134.638382,187.179001,-330.029297,-520.019592,229.998901,122.000000
342,15,278.519989,-873.977539,-247.887619,229.998901,-330.029297,-520.019592,229.998901,122.000000
343,1,230.270004,-736.368835,-150.929214,151.241913,-330.029297,-520.019592,229.998901,122.000000
343,5,263.519989,-692.417419,-81.608398,118.630539,-330.029297,-520.019592,229.998901,122.000000
343,7,978.950012,-1330.647095,-1098.107788,-104.821724,-330.029297,-520.019592,229.998901,122.000000
343,8,881.400024,550.456909,77.336388,-71.457664,-330.029297,-520.019592,229.998901,122.000000
343,12,93.739998,55.385719,-617.384521,229.998901,-330.029297,-520.019592,229.998901,122.000000
343,13,246.589996,-757.220154,-134.638382,187.179001,-330.029297,-520.019592,229.998901,122.000000
343,15,278.519989,-873.977539,-247.887619,229.998901,-330.029297,-520.019592,229.998901,122.000000
