sim_time_s,pose_x_cm,pose_y_cm,pose_z_cm,yaw_deg,throttle_cmd,steer_cmd,speed_cm_s,near_rocks,near_bumps,near_craters,rock_attempts,rock_success,bump_attempts,bump_success,crater_attempts,crater_success,placed_rocks,placed_bumps,placed_craters,refresh_count,refresh_skipped_distance_gate,refresh_force,refresh_center_x_cm,refresh_center_y_cm,refresh_yaw_deg,refresh_rocks_near_before,refresh_bumps_near_before,refresh_craters_near_before,refresh_rocks_added,refresh_bumps_added,refresh_craters_added
0.7083330500000015,2017.751708984375,-5114.34912109375,342.8292541503906,67.40000707848206,0.0,0.0,21.237621307373047,8,2,2,14,8,2,2,5,2,8,2,2,1,1,0,2017.75175641515,-5114.348891064488,67.40000707848206,0,0,0,0,0,0
0.874999650000002,2018.566650390625,-5111.240234375,357.34442138671875,67.33262899961701,0.0,0.0,21.481998443603516,8,2,2,14,8,2,2,5,2,8,2,2,1,1,0,2018.5667022556966,-5111.240033698513,67.33262899961701,0,0,0,0,0,0
1.041666250000002,2020.038330078125,-5108.2470703125,353.0063781738281,67.3210181898293,0.0,0.0,20.51282501220703,8,2,2,14,8,2,2,5,2,8,2,2,1,1,0,2020.0383570287065,-5108.246870572415,67.3210181898293,0,0,0,0,0,0
1.2083328500000003,2021.226806640625,-5104.390625,340.7312927246094,67.2652052177984,0.0,0.0,24.6586971282959,8,2,2,14,8,2,2,5,2,8,2,2,1,1,0,2021.226810890236,-5104.390794836638,67.2652052177984,0,0,0,0,0,0
1.2916661499999995,2022.2257080078125,-5102.11376953125,338.91180419921875,67.26918529670158,0.0,0.0,26.56809425354004,8,2,2,14,8,2,2,5,2,8,2,2,1,1,0,2022.225761407298,-5102.113775614549,67.26918529670158,0,0,0,0,0,0
1.4583327499999978,2024.4490966796875,-5097.908203125,343.329345703125,67.27698635812254,0.0,0.0,27.028501510620117,8,2,2,14,8,2,2,5,2,8,2,2,1,1,0,2024.449047598928,-5097.908313868651,67.27698635812254,0,0,0,0,0,0
1.5833326999999966,2025.853271484375,-5094.6875,347.4876403808594,67.26587878863486,0.0,0.0,27.834287643432617,8,2,2,14,8,2,2,5,2,8,2,2,1,1,0,2025.8532466651736,-5094.687491512058,67.26587878863486,0,0,0,0,0,0
1.7916659499999945,2027.8280029296875,-5089.22802734375,346.6995849609375,67.24092214014483,0.0,0.0,28.773996353149414,8,2,2,14,8,2,2,5,2,8,2,2,1,1,0,2027.8280484746067,-5089.228210145578,67.24092214014483,0,0,0,0,0,0
2.083332499999994,2029.787841796875,-5081.7119140625,342.73724365234375,67.06637060493927,0.0,0.0,32.546852111816406,8,2,2,14,8,2,2,5,2,8,2,2,1,1,0,2029.78783878165,-5081.712063776135,67.06637060493927,0,0,0,0,0,0
2.3749990499999987,2031.88037109375,-5072.60009765625,346.2581787109375,66.9458772648504,0.0,0.0,36.353065490722656,8,2,2,14,8,2,2,5,2,8,2,2,1,1,0,2031.8803599467421,-5072.600182167734,66.9458772648504,0,0,0,0,0,0
2.624998950000003,2035.096435546875,-5063.4599609375,344.1340026855469,66.99781199017173,0.0,0.0,38.43128967285156,8,2,2,14,8,2,2,5,2,8,2,2,1,1,0,2035.0963792929995,-5063.4597958132335,66.99781199017173,0,0,0,0,0,0
2.9166655000000077,2040.90478515625,-5048.8359375,342.99853515625,67.17634507541507,1.0,1.0,101.43756866455078,8,2,2,14,8,2,2,5,2,8,2,2,1,1,0,2040.9048270640824,-5048.8357815939125,67.17634507541507,0,0,0,0,0,0
3.2083320500000125,2059.760009765625,-4995.45556640625,343.50054931640625,68.32806592484147,1.0,1.0,261.45831298828125,8,2,2,14,8,2,2,5,2,8,2,2,2,1,0,2059.76008750101,-4995.455355706582,68.32806592484147,0,0,0,0,0,0
3.4583319500000167,2072.584228515625,-4915.69140625,340.4496765136719,71.63323388954896,1.0,1.0,379.6065368652344,7,2,2,14,8,2,2,5,2,8,2,2,2,1,0,2072.5841163742625,-4915.691575739894,71.63323388954896,0,0,0,0,0,0
3.7499985000000216,2079.515869140625,-4789.8037109375,317.1649475097656,76.87680890112269,1.0,1.0,509.04144287109375,8,2,2,17,9,4,4,5,2,9,2,2,3,1,0,2079.515751105134,-4789.803471849621,76.87680890112269,0,0,0,0,0,0
4.041665050000026,2093.54931640625,-4625.767578125,296.7835998535156,79.92599729859317,1.0,0.0,641.5546875,8,2,2,17,9,6,6,5,2,9,2,2,5,1,0,2093.5492770901105,-4625.767589019581,79.92599729859317,0,0,0,0,0,0
4.291664950000031,2107.054443359375,-4462.34765625,279.3008117675781,82.61283688748215,0.0,0.0,643.73095703125,8,2,2,17,9,6,6,5,2,9,2,2,6,1,0,2107.0544832856376,-4462.3478959742415,82.61283688748215,0,0,0,0,0,0
4.583331500000035,2101.644775390625,-4289.6953125,260.01336669921875,86.3529452525111,0.0,0.0,575.0175170898438,8,2,2,17,9,8,8,5,2,9,2,2,7,1,0,2101.644796142353,-4289.695313816665,86.3529452525111,0,0,0,0,0,0
4.87499805000004,2143.841064453125,-4153.83544921875,256.54644775390625,81.25843391145557,1.0,1.0,439.8610534667969,8,2,2,17,9,10,8,5,2,9,2,2,9,0,0,2142.261252595012,-4157.396578922637,81.42611735277077,8,2,2,0,0,0
5.124997950000044,2186.954833984375,-4056.55078125,253.4889373779297,76.64155906187632,0.0,0.0,443.1973876953125,8,2,1,17,9,10,8,5,2,9,2,2,9,1,0,2186.9547525976373,-4056.5507320533934,76.64155906187632,0,0,0,0,0,0
5.416664500000049,2219.811767578125,-3944.522216796875,224.8255615234375,76.21006123723708,0.0,1.0,357.7461853027344,7,2,2,17,9,12,8,7,3,9,2,3,10,1,0,2219.8117360176598,-3944.522179522394,76.21006123723708,0,0,0,0,0,0
5.708331050000054,2217.392333984375,-3847.93798828125,230.1944122314453,80.3374904944828,0.0,0.0,295.7611389160156,7,2,2,20,10,14,8,7,3,10,2,3,11,1,0,2217.3922625904906,-3847.9379436133327,80.3374904944828,0,0,0,0,0,0
5.916664300000058,2225.285888671875,-3790.006591796875,225.7045135498047,80.71307417266912,0.0,1.0,265.6686706542969,8,2,2,21,11,16,8,7,3,11,2,3,12,1,0,2225.285923932898,-3790.006568136625,80.71307417266912,0,0,0,0,0,0
6.2083308500000625,2227.77001953125,-3719.932861328125,223.96961975097656,82.58949232075194,-1.0,0.0,195.92041015625,8,2,2,21,11,16,8,7,3,11,2,3,12,1,0,2227.7699180874124,-3719.932982132554,82.58949232075194,0,0,0,0,0,0
6.499997400000067,2226.78076171875,-3686.7236328125,225.02731323242188,83.74050424965766,0.0,0.0,79.10954284667969,8,2,2,21,11,18,8,7,3,11,2,3,13,1,0,2226.7808206543195,-3686.723525909374,83.74050424965766,0,0,0,0,0,0
6.624997350000069,2228.579833984375,-3679.33349609375,222.77163696289062,83.82688547371409,0.0,-1.0,54.208499908447266,8,2,2,21,11,18,8,7,3,11,2,3,13,1,0,2228.579839156174,-3679.3334213987855,83.82688547371409,0,0,0,0,0,0
6.874997250000074,2228.912841796875,-3676.531005859375,222.6968231201172,83.70964687121801,0.0,-1.0,38.32460021972656,8,2,2,21,11,18,8,7,3,11,2,3,13,1,0,2228.9127431030747,-3676.53108296753,83.70964687121801,0,0,0,0,0,0
7.166663800000078,2225.33837890625,-3700.956787109375,223.2278594970703,83.97616788456004,0.0,-1.0,147.9824676513672,8,2,2,21,11,18,8,7,3,11,2,3,13,1,0,2225.3384981822496,-3700.9567936619637,83.97616788456004,0,0,0,0,0,0
7.374997050000082,2219.798583984375,-3739.043701171875,223.62660217285156,84.28863538819262,-1.0,0.0,246.10626220703125,8,2,2,21,11,18,8,7,3,11,2,3,13,1,0,2219.798495003336,-3739.0438213831976,84.28863538819262,0,0,0,0,0,0
7.624996950000086,2210.98095703125,-3810.9814453125,225.3857421875,84.7986811446747,0.0,-1.0,295.2881774902344,8,2,2,21,11,20,8,7,3,11,2,3,14,1,0,2210.9810411457843,-3810.981379329484,84.7986811446747,0,0,0,0,0,0
7.916663500000091,2198.506103515625,-3910.49267578125,228.73915100097656,85.34379509038281,-1.0,0.0,353.78106689453125,9,2,2,21,11,20,8,7,3,11,2,3,14,1,0,2198.506157317725,-3910.4925627271896,85.34379509038281,0,0,0,0,0,0
8.166663400000077,2185.09228515625,-4006.50048828125,235.12855529785156,86.44515079072215,-1.0,-1.0,380.8634338378906,9,2,2,21,11,22,8,7,3,11,2,3,15,1,0,2185.0924056985523,-4006.5005291586217,86.44515079072215,0,0,0,0,0,0
8.333330000000062,2173.638427734375,-4071.304931640625,240.1030731201172,87.93802774080842,0.0,-1.0,370.787353515625,10,2,2,21,11,24,8,7,3,11,2,3,16,1,0,2173.6385455542973,-4071.30491478463,87.93802774080842,0,0,0,0,0,0
8.58332990000004,2156.575439453125,-4162.59033203125,254.7710723876953,91.25724640100525,0.0,-1.0,349.379150390625,10,2,3,21,11,24,8,7,3,11,2,3,16,1,0,2156.5753967626288,-4162.590378866245,91.25724640100525,0,0,0,0,0,0
8.833329800000017,2139.672607421875,-4253.978515625,265.779052734375,94.46319532242995,0.0,-1.0,365.12396240234375,10,2,3,21,11,25,8,7,3,11,2,3,17,1,0,2139.6725485266734,-4253.978462817288,94.46319532242995,0,0,0,0,0,0
9.041663049999999,2133.344482421875,-4338.66943359375,267.2962951660156,97.08117073851082,0.0,-1.0,405.88665771484375,10,2,3,21,11,26,9,7,3,11,2,3,18,1,0,2133.3444392471674,-4338.669563477465,97.08117073851082,0,0,0,0,0,0
9.291662949999976,2137.730224609375,-4441.91845703125,275.242919921875,99.88535280332573,0.0,-1.0,399.1776123046875,10,2,3,21,11,27,9,7,3,11,2,3,19,1,0,2137.7301310262405,-4441.918320541296,99.88535280332573,0,0,0,0,0,0
9.58332949999995,2139.65869140625,-4566.07275390625,296.2999267578125,104.30879308413276,0.0,-1.0,418.46209716796875,10,2,3,21,11,29,11,7,3,11,2,3,20,1,0,2139.6585721432352,-4566.0728101845325,104.30879308413276,0,0,0,0,0,0
9.833329399999927,2142.77490234375,-4673.17236328125,306.32904052734375,109.78268628900508,0.0,-1.0,429.9031677246094,10,2,3,21,11,31,13,7,3,11,2,3,21,1,0,2142.774932478652,-4673.17244546027,109.78268628900508,0,0,0,0,0,0
9.999995999999912,2152.791259765625,-4741.48486328125,313.9617919921875,112.61247287523261,0.0,-1.0,427.9678955078125,10,2,3,21,11,31,13,7,3,11,2,3,21,1,0,2152.791342649626,-4741.484753090122,112.61247287523261,0,0,0,0,0,0
10.24999589999989,2182.605712890625,-4839.26953125,324.61175537109375,115.29008178720214,-1.0,0.0,434.7562255859375,10,2,3,21,11,33,15,7,3,11,2,3,22,1,0,2182.6057056226846,-4839.269555788901,115.29008178720214,0,0,0,0,0,0
10.499995799999867,2243.465087890625,-4918.45458984375,334.2547607421875,110.56522476094315,0.0,0.0,372.1064758300781,11,2,2,21,11,34,16,7,3,11,2,3,23,1,0,2243.4650433159372,-4918.454775818377,110.56522476094315,0,0,0,0,0,0
10.708329049999849,2257.29736328125,-4971.0009765625,341.40338134765625,112.57720783133058,0.0,0.0,241.02284240722656,11,2,2,21,11,34,16,7,3,11,2,3,23,1,0,2257.297426846098,-4971.001142412986,112.57720783133058,0,0,0,0,0,0
10.91666229999983,2264.585205078125,-5008.1025390625,340.17950439453125,113.1791716391669,0.0,0.0,127.19622802734375,11,2,2,21,11,36,18,7,3,11,2,3,24,1,0,2264.585311629344,-5008.102390746559,113.1791716391669,0,0,0,0,0,0
11.208328849999804,2281.003173828125,-5018.19677734375,339.3615417480469,111.75046735941251,0.0,0.0,20.308067321777344,11,2,2,21,11,36,18,7,3,11,2,3,24,1,0,2281.0031405179116,-5018.1968675235385,111.75046735941251,0,0,0,0,0,0
11.499995399999777,2274.553466796875,-5001.92529296875,338.9062194824219,111.74669887576037,0.0,0.0,126.8978271484375,11,2,2,21,11,36,18,7,3,11,2,3,24,1,0,2274.5535854523296,-5001.925386155779,111.74669887576037,0,0,0,0,0,0
11.708328649999759,2260.829345703125,-4971.927734375,337.2743835449219,112.23741602807117,0.0,0.0,200.08287048339844,11,2,2,21,11,36,18,7,3,11,2,3,24,1,0,2260.8294126909946,-4971.927781672528,112.23741602807117,0,0,0,0,0,0
11.958328549999736,2237.19970703125,-4925.20361328125,332.7705993652344,113.18805481176335,1.0,0.0,266.1861267089844,11,2,2,21,11,36,18,7,3,11,2,3,24,1,0,2237.1995915854686,-4925.203640142804,113.18805481176335,0,0,0,0,0,0
12.208328449999714,2206.083984375,-4868.10595703125,327.8243713378906,114.38328211196315,1.0,1.0,300.3741149902344,11,2,2,21,11,36,18,7,3,11,2,3,25,1,0,2206.0840760295937,-4868.105873809643,114.38328211196315,0,0,0,0,0,0
12.416661699999695,2173.5439453125,-4811.77734375,321.4367980957031,115.70598186692014,1.0,1.0,331.9013366699219,10,2,3,21,11,36,18,7,3,11,2,3,25,1,0,2173.543895946512,-4811.777351049345,115.70598186692014,0,0,0,0,0,0
12.666661599999673,2132.936767578125,-4745.77978515625,320.2243347167969,117.73360573618089,1.0,1.0,303.4850769042969,10,2,3,21,11,38,20,7,3,11,2,3,26,1,0,2132.936716895026,-4745.779978242261,117.73360573618089,0,0,0,0,0,0
12.958328149999646,2082.036865234375,-4658.818359375,298.3822021484375,118.80053593136635,1.0,1.0,390.4864196777344,10,2,3,21,11,38,20,7,3,11,2,3,27,1,0,2082.0368329518155,-4658.818264059046,118.80053593136635,0,0,0,0,0,0
13.208328049999624,2031.2181396484375,-4570.41650390625,296.5015563964844,118.82228790691445,0.0,1.0,377.64422607421875,10,2,3,21,11,38,20,7,3,11,2,3,27,1,0,2031.2180937846083,-4570.416623234651,118.82228790691445,0,0,0,0,0,0
13.458327949999601,1980.053955078125,-4495.5966796875,295.5411071777344,120.64083613713849,1.0,1.0,332.5107421875,10,2,3,21,11,39,21,7,3,11,2,3,28,1,0,1980.053924377183,-4495.596900105755,120.64083613713849,0,0,0,0,0,0
13.749994499999575,1929.9144287109375,-4408.673828125,256.8460998535156,121.01396922395041,1.0,1.0,369.88446044921875,10,2,3,21,11,40,22,7,3,11,2,3,29,1,0,1929.9143729497878,-4408.673967081062,121.01396922395041,0,0,0,0,0,0
14.041661049999549,1838.0601806640625,-4319.380859375,244.18972778320312,127.05900759470077,1.0,1.0,456.6267395019531,10,2,3,21,11,41,23,7,3,11,2,3,30,1,0,1838.060226544807,-4319.3808100393835,127.05900759470077,0,0,0,0,0,0
14.291660949999526,1724.1182861328125,-4262.20751953125,236.716796875,137.29462073218272,1.0,1.0,519.9653930664062,9,2,3,21,11,43,25,7,3,11,2,3,31,1,0,1724.1183267975248,-4262.207422470292,137.29462073218272,0,0,0,0,0,0
14.541660849999504,1587.291748046875,-4225.02392578125,229.87661743164062,148.73784779961719,1.0,1.0,577.7178344726562,9,2,3,21,11,45,27,7,3,11,2,3,32,1,0,1587.291762193524,-4225.023824367873,148.73784779961719,0,0,0,0,0,0
14.791660749999481,1443.571044921875,-4172.78369140625,233.9721221923828,152.55093723584685,1.0,0.0,595.4727172851562,9,2,3,21,11,47,29,7,3,11,2,3,34,1,0,1443.571013742879,-4172.783577678396,152.55093723584685,0,0,0,0,0,0
14.91666069999947,1392.616943359375,-4123.6103515625,239.79501342773438,148.6974667135365,1.0,1.0,532.3895263671875,9,2,3,21,11,47,29,7,3,11,2,3,34,1,0,1392.6169892727332,-4123.610286127513,148.6974667135365,0,0,0,0,0,0
15.166660599999448,1296.1531982421875,-4020.260009765625,263.0400695800781,142.25538374539622,1.0,1.0,556.7184448242188,8,2,3,21,11,49,31,7,3,11,2,3,35,1,0,1296.1531867366689,-4020.2600947931955,142.25538374539622,0,0,0,0,0,0
15.458327149999421,1175.3878173828125,-3910.9287109375,264.6136474609375,140.93422131133315,1.0,1.0,554.4478149414062,8,2,3,22,12,51,32,7,3,12,2,3,37,1,0,1175.387873934057,-3910.9287290056977,140.93422131133315,0,0,0,0,0,0
15.708327049999399,1057.4862060546875,-3856.87109375,278.16180419921875,147.18963938889326,1.0,1.0,490.8088073730469,7,2,3,22,12,53,33,7,3,12,2,3,38,1,0,1057.4861963689348,-3856.8710109017543,147.18963938889326,0,0,0,0,0,0
15.958326949999377,934.7166137695312,-3815.585693359375,298.4092712402344,152.18488025321076,1.0,1.0,530.07275390625,8,2,3,24,13,55,35,7,3,13,2,3,39,1,0,934.7165947087376,-3815.585638100087,152.18488025321076,0,0,0,0,0,0
16.208326849999356,805.637451171875,-3773.430908203125,307.8259582519531,157.00919984221872,1.0,1.0,575.5238647460938,8,2,3,24,13,55,35,7,3,13,2,3,40,1,0,805.6374624188464,-3773.4310236192287,157.00919984221872,0,0,0,0,0,0
16.49999339999933,634.9556274414062,-3749.25341796875,329.88787841796875,164.62081656316124,1.0,1.0,623.62060546875,7,2,3,24,13,57,37,7,3,13,2,3,41,1,0,634.9556345471461,-3749.2534393239607,164.62081656316124,0,0,0,0,0,0
16.666659999999315,529.4972534179688,-3736.918212890625,339.4089660644531,167.84104939348452,1.0,1.0,659.5370483398438,8,2,2,25,14,58,38,7,3,14,2,3,42,1,0,529.4972460493282,-3736.9181511738498,167.84104939348452,0,0,0,0,0,0
16.916659899999292,362.0043029785156,-3713.90478515625,356.1018981933594,169.7457268758719,1.0,1.0,681.82666015625,8,2,2,25,14,59,38,7,3,14,2,3,43,1,0,362.00430658126,-3713.904741401012,169.7457268758719,0,0,0,0,0,0
17.16665979999927,191.9692840576172,-3714.183349609375,364.3602294921875,174.67162375310144,1.0,0.0,690.504638671875,8,2,2,25,14,62,39,7,3,14,2,3,45,1,0,191.9692783315427,-3714.183408034354,174.67162375310144,0,0,0,0,0,0
17.37499304999925,46.50695037841797,-3710.958984375,363.22772216796875,176.94908847257827,1.0,0.0,656.7537841796875,8,2,2,30,15,63,39,7,3,15,2,3,46,1,0,46.5069515205669,-3710.9589255073333,176.94908847257827,0,0,0,0,0,0
17.62499294999923,-87.71371459960938,-3744.717041015625,406.28240966796875,-175.7992487541947,1.0,0.0,450.86993408203125,8,2,2,30,15,64,39,7,3,15,2,3,47,1,0,-87.71371542570287,-3744.7170758134957,-175.7992487541947,0,0,0,0,0,0
17.916659499999202,-200.94032287597656,-3827.099365234375,451.34918212890625,-165.84006997929,1.0,0.0,480.0134582519531,8,2,2,30,15,66,40,7,3,15,2,3,48,1,0,-200.9403301426326,-3827.099271000403,-165.84006997929,0,0,0,0,0,0
18.208326049999176,-324.88714599609375,-3860.31005859375,474.5683898925781,-167.8800969337981,1.0,-1.0,433.54254150390625,8,2,3,30,15,68,41,7,3,15,2,3,49,1,0,-324.88713718863187,-3860.310093576201,-167.8800969337981,0,0,0,0,0,0
18.458325949999153,-432.26873779296875,-3852.308349609375,499.2537536621094,-173.91302474447144,1.0,-1.0,466.6334533691406,8,2,2,30,15,69,41,7,3,15,2,3,50,1,0,-432.26874180057007,-3852.3082647031315,-173.91302474447144,0,0,0,0,0,0
18.749992499999127,-562.3298950195312,-3811.114013671875,501.5308532714844,176.93070347136526,1.0,-1.0,514.09619140625,7,2,2,30,15,71,42,7,3,15,2,3,51,1,0,-562.3298707161019,-3811.1140731726514,176.93070347136526,0,0,0,0,0,0
19.0416590499991,-693.2872314453125,-3736.1982421875,480.6772766113281,166.83711858137696,1.0,-1.0,581.4065551757812,8,2,2,32,16,75,46,7,3,16,2,3,53,1,0,-693.2872265051631,-3736.1982145027227,166.83711858137696,0,0,0,0,0,0
19.249992299999082,-798.0299682617188,-3684.70703125,491.363037109375,162.61873339564355,1.0,1.0,577.1831665039062,8,2,2,32,16,77,47,7,3,16,2,3,54,1,0,-798.0299834286291,-3684.7071429731805,162.61873339564355,0,0,0,0,0,0
19.541658849999056,-960.8926391601562,-3651.12890625,520.9332275390625,166.8631053320468,1.0,1.0,525.1909790039062,8,2,2,32,16,78,47,7,3,16,2,3,55,1,0,-960.8926101413376,-3651.1288642566847,166.8631053320468,0,0,0,0,0,0
19.83332539999903,-1117.3892822265625,-3685.745849609375,545.5511474609375,178.25796851987138,1.0,1.0,564.752197265625,6,2,2,32,16,80,48,7,3,16,2,3,56,1,0,-1117.3893177067773,-3685.745870084745,178.25796851987138,0,0,0,0,0,0
20.04165864999901,-1230.8995361328125,-3722.078369140625,549.3048706054688,-174.9524420078557,1.0,1.0,598.3092041015625,8,2,2,35,18,82,50,7,3,18,2,3,57,1,0,-1230.899487996262,-3722.078295462793,-174.9524420078557,0,0,0,0,0,0
20.333325199998985,-1403.8673095703125,-3773.39990234375,539.6927490234375,-169.23284488880023,1.0,1.0,663.8757934570312,8,2,2,35,18,85,53,7,3,18,2,3,59,1,0,-1403.8673403673088,-3773.3999062610037,-169.23284488880023,0,0,0,0,0,0
20.583325099998962,-1568.250732421875,-3815.109619140625,562.8374633789062,-167.34023826314476,1.0,1.0,692.6277465820312,8,2,2,35,18,86,54,7,3,18,2,3,60,1,0,-1568.2507640931844,-3815.109553646549,-167.34023826314476,0,0,0,0,0,0
20.791658349998944,-1706.8057861328125,-3863.05615234375,571.136962890625,-163.86165567988314,1.0,1.0,709.3310546875,8,2,2,35,18,87,55,7,3,18,2,3,61,1,0,-1706.8057332340757,-3863.0561135339617,-163.86165567988314,0,0,0,0,0,0
21.04165824999892,-1858.1248779296875,-3946.534423828125,561.5763549804688,-155.92227755419094,1.0,0.0,668.97607421875,8,2,2,35,18,90,58,7,3,18,2,3,63,1,0,-1858.1248316923673,-3946.5343194742595,-155.92227755419094,0,0,0,0,0,0
21.333324799998895,-2002.2640380859375,-4084.164306640625,574.6616821289062,-146.09674121533683,1.0,-1.0,681.100341796875,8,2,2,35,18,92,60,7,3,18,2,3,64,1,0,-2002.2640740557385,-4084.1643328078676,-146.09674121533683,0,0,0,0,0,0
21.541658049998876,-2109.406494140625,-4136.6826171875,575.356689453125,-150.74138986358906,1.0,-1.0,521.68408203125,8,2,1,35,18,92,60,7,3,18,2,3,65,1,0,-2109.4065524242887,-4136.682793606354,-150.74138986358906,0,0,0,0,0,0
21.791657949998854,-2244.147216796875,-4145.29931640625,584.7501831054688,-160.16730574509225,1.0,-1.0,565.08740234375,6,2,2,35,18,93,61,8,4,18,2,4,66,1,0,-2244.147138797045,-4145.299202339282,-160.16730574509225,0,0,0,0,0,0
22.04165784999883,-2390.038818359375,-4134.87744140625,566.9116821289062,-170.5488242623724,0.0,-1.0,581.647216796875,8,2,2,54,21,97,65,8,4,21,2,4,68,0,0,-2385.3654365106922,-4135.3557595896755,-170.3087330539588,7,2,2,1,2,0
22.29165774999881,-2519.53955078125,-4128.224609375,561.5161743164062,-173.92072418378328,0.0,-1.0,528.6943969726562,8,2,2,54,21,98,66,8,4,21,2,4,69,1,0,-2519.5395401115084,-4128.224583755499,-173.92072418378328,0,0,0,0,0,0
22.49999099999879,-2622.347412109375,-4121.24853515625,561.3634643554688,-176.8022706745211,0.0,-1.0,472.91241455078125,8,2,2,54,21,98,66,8,4,21,2,4,69,1,0,-2622.3473508865254,-4121.248529269215,-176.8022706745211,0,0,0,0,0,0
22.749990899998767,-2735.29736328125,-4116.49365234375,541.9074096679688,-179.7004395901327,0.0,-1.0,424.40374755859375,8,2,2,54,21,99,67,8,4,21,2,4,70,1,0,-2735.297250663669,-4116.493817716212,-179.7004395901327,0,0,0,0,0,0
23.04165744999874,-2838.857177734375,-4103.08447265625,538.7871704101562,178.31348811468285,-1.0,1.0,271.4187927246094,8,2,2,54,21,100,68,8,4,21,2,4,71,1,0,-2838.857231932354,-4103.084696334393,178.31348811468285,0,0,0,0,0,0
23.249990699998722,-2882.802978515625,-4101.1015625,535.0925903320312,178.06330135056385,-1.0,1.0,143.95774841308594,8,2,2,54,21,101,69,8,4,21,2,4,72,1,0,-2882.8029755241723,-4101.101541810563,178.06330135056385,0,0,0,0,0,0
23.4999905999987,-2895.22119140625,-4101.025390625,533.6876220703125,178.12073217524738,-1.0,1.0,30.645816802978516,8,2,2,54,21,101,69,8,4,21,2,4,72,1,0,-2895.2212665211914,-4101.025156921644,178.12073217524738,0,0,0,0,0,0
23.791657149998674,-2860.53955078125,-4102.50244140625,535.5916137695312,178.05444469512068,-1.0,1.0,198.2074432373047,8,2,2,54,21,101,69,8,4,21,2,4,72,1,0,-2860.5396155520593,-4102.5023288374605,178.05444469512068,0,0,0,0,0,0
24.04165704999865,-2794.864990234375,-4102.6416015625,539.1732177734375,177.45907879467805,-1.0,1.0,321.6890563964844,8,2,2,54,21,101,69,8,4,21,2,4,72,1,0,-2794.8650123363923,-4102.641514263673,177.45907879467805,0,0,0,0,0,0
24.29165694999863,-2700.054443359375,-4104.19970703125,543.9645385742188,176.5733393221916,-1.0,1.0,431.20318603515625,8,2,2,54,21,102,70,8,4,21,2,4,73,1,0,-2700.054381060942,-4104.199935722839,176.5733393221916,0,0,0,0,0,0
24.583323499998603,-2558.438232421875,-4107.740234375,551.3719482421875,174.90642287886914,-1.0,1.0,533.9973754882812,8,2,2,54,21,103,71,8,4,21,2,4,74,1,0,-2558.438260375326,-4107.740186788853,174.90642287886914,0,0,0,0,0,0
24.874990049998576,-2389.3203125,-4112.77197265625,562.3799438476562,171.99395074316286,-1.0,1.0,617.535400390625,8,2,2,54,21,104,72,8,4,21,2,4,75,1,0,-2389.3203665050473,-4112.771873268257,171.99395074316286,0,0,0,0,0,0
25.124989949998554,-2244.69140625,-4120.9306640625,566.6328735351562,168.17538935755874,0.0,-1.0,548.4616088867188,9,2,2,54,21,108,76,8,4,21,2,4,77,1,0,-2244.6914692740975,-4120.930688432322,168.17538935755874,0,0,0,0,0,0
25.416656499998528,-2134.381591796875,-4163.4033203125,575.6895141601562,172.18706107661035,1.0,-1.0,302.6925964355469,10,2,2,54,21,110,78,8,4,21,2,4,78,1,0,-2134.381640222129,-4163.403538970659,172.18706107661035,0,0,0,0,0,0
25.7083230499985,-2086.371337890625,-4185.80712890625,586.6936645507812,175.66380241807886,1.0,-1.0,91.7676773071289,10,2,2,54,21,110,78,8,4,21,2,4,78,1,0,-2086.371276154764,-4185.80729584124,175.66380241807886,0,0,0,0,0,0
25.95832294999848,-2085.15185546875,-4183.80908203125,581.0797119140625,175.4611094709891,1.0,-1.0,86.9747543334961,10,2,2,54,21,110,78,8,4,21,2,4,78,1,0,-2085.1517975325523,-4183.8088730365,175.4611094709891,0,0,0,0,0,0
26.249989499998453,-2128.86474609375,-4161.9150390625,574.858642578125,172.03584724554284,1.0,-1.0,245.07789611816406,10,2,2,54,21,110,78,8,4,21,2,4,78,1,0,-2128.864742599448,-4161.914901942095,172.03584724554284,0,0,0,0,0,0
26.541656049998426,-2202.659423828125,-4112.90087890625,567.6734619140625,164.7129782472167,1.0,-1.0,372.2090148925781,10,2,2,54,21,110,78,8,4,21,2,4,78,1,0,-2202.6595143863583,-4112.90088272236,164.7129782472167,0,0,0,0,0,0
26.791655949998404,-2281.651611328125,-4048.157958984375,550.7272338867188,157.37662753361064,1.0,-1.0,477.1932067871094,10,2,2,54,21,112,80,8,4,21,2,4,79,1,0,-2281.6515086820664,-4048.1580620302366,157.37662753361064,0,0,0,0,0,0
27.083322499998378,-2404.69482421875,-3953.1005859375,533.4214477539062,150.7699778672886,1.0,-1.0,599.2717895507812,9,2,2,54,21,114,82,8,4,21,2,4,80,1,0,-2404.6948813191307,-3953.100648527973,150.7699778672886,0,0,0,0,0,0
27.333322399998355,-2506.177734375,-3841.17236328125,515.5189208984375,142.52418998321534,1.0,-1.0,631.5308227539062,9,2,2,54,21,115,83,8,4,21,2,4,81,1,0,-2506.1777293696705,-3841.1722620993964,142.52418998321534,0,0,0,0,0,0
27.49998899999834,-2564.915283203125,-3751.392822265625,499.1870422363281,136.3282052237419,1.0,-1.0,658.9998168945312,9,2,2,54,21,117,85,8,4,21,2,4,82,1,0,-2564.915183332717,-3751.3927274421294,136.3282052237419,0,0,0,0,0,0
27.749988899998318,-2648.051025390625,-3598.248046875,471.4374084472656,127.8854383592731,1.0,0.0,756.9561767578125,9,2,2,54,21,121,87,8,4,21,2,4,84,1,0,-2648.0510237602907,-3598.2480450447747,127.8854383592731,0,0,0,0,0,0
28.04165544999829,-2781.303466796875,-3406.020263671875,447.298095703125,127.09147108842039,1.0,1.0,816.0081176757812,9,2,2,54,21,125,87,8,4,21,2,4,86,1,0,-2781.3034543069884,-3406.020178080461,127.09147108842039,0,0,0,0,0,0
28.249988699998273,-2807.757080078125,-3367.923095703125,460.71136474609375,132.8319611240447,1.0,1.0,63.0360107421875,9,2,2,54,21,125,87,8,4,21,2,4,86,1,0,-2807.7570196910715,-3367.923178287827,132.8319611240447,0,0,0,0,0,0
28.541655249998247,-2803.6259765625,-3358.135986328125,487.2696838378906,133.8448190361539,1.0,0.0,79.43016052246094,9,2,2,54,21,125,87,8,4,21,2,4,86,1,0,-2803.6259723377057,-3358.1360847652904,133.8448190361539,0,0,0,0,0,0
28.83332179999822,-2788.076904296875,-3352.63330078125,457.5234680175781,135.0555016162242,0.0,0.0,64.25814056396484,9,2,2,54,21,125,87,8,4,21,2,4,86,1,0,-2788.076922991014,-3352.6333767179117,135.0555016162242,0,0,0,0,0,0
29.0416550499982,-2777.30078125,-3363.622802734375,431.372314453125,135.12913490415207,-1.0,0.0,128.33889770507812,9,2,2,54,21,125,87,8,4,21,2,4,86,1,0,-2777.3007134883865,-3363.6227209119925,135.12913490415207,0,0,0,0,0,0
29.29165494999818,-2749.351806640625,-3398.719970703125,457.348876953125,135.68656721135147,-1.0,-1.0,218.67935180664062,9,2,2,54,21,125,87,8,4,21,2,4,86,1,0,-2749.351796275076,-3398.719883569979,135.68656721135147,0,0,0,0,0,0
29.583321499998153,-2699.361083984375,-3458.3046875,462.14422607421875,137.13780416640515,-1.0,-1.0,312.4306640625,9,2,2,54,21,125,87,8,4,21,2,4,86,1,0,-2699.3610073896352,-3458.304746623531,137.13780416640515,0,0,0,0,0,0
29.874988049998127,-2620.210693359375,-3524.703857421875,464.0648498535156,136.33808941167217,-1.0,-1.0,402.96978759765625,9,2,2,54,21,127,87,8,4,21,2,4,87,1,0,-2620.2107760008766,-3524.7039620057535,136.33808941167217,0,0,0,0,0,0
30.083321299998108,-2559.318603515625,-3593.05078125,478.6885070800781,137.9085030872311,-1.0,-1.0,472.45159912109375,9,2,2,54,21,129,87,8,4,21,2,4,88,1,0,-2559.3185159977006,-3593.050806245855,137.9085030872311,0,0,0,0,0,0
30.37498784999808,-2466.70703125,-3706.91796875,496.4159851074219,143.7121609500146,-1.0,-1.0,528.0136108398438,9,2,2,54,21,129,87,8,4,21,2,4,89,1,0,-2466.707099563857,-3706.9179198949796,143.7121609500146,0,0,0,0,0,0
30.62498774999806,-2380.833251953125,-3809.35107421875,515.6791381835938,151.3653317981914,-1.0,-1.0,551.459716796875,10,2,2,54,21,131,89,8,4,21,2,4,90,1,0,-2380.8331986197627,-3809.350999426929,151.3653317981914,0,0,0,0,0,0
30.791654349998044,-2314.31103515625,-3871.501220703125,527.3521118164062,156.3257791263764,-1.0,-1.0,552.672119140625,10,2,2,54,21,133,91,8,4,21,2,4,91,1,0,-2314.310996651077,-3871.501123863392,156.3257791263764,0,0,0,0,0,0
31.04165424999802,-2195.040771484375,-3949.011474609375,541.9669799804688,162.468027950433,-1.0,-1.0,603.18505859375,10,2,3,54,21,135,93,8,4,21,2,4,92,1,0,-2195.040832021154,-3949.0113754826752,162.468027950433,0,0,0,0,0,0
31.291654149998,-2052.353515625,-4007.290771484375,556.2410278320312,166.04539821744987,-1.0,-1.0,637.5640258789062,11,2,3,54,21,137,95,8,4,21,2,4,93,1,0,-2052.353518024984,-4007.2908483328483,166.04539821744987,0,0,0,0,0,0
31.541654049997977,-1890.7183837890625,-4029.759521484375,565.56494140625,161.12041344982157,-1.0,-1.0,673.4373779296875,11,2,3,54,21,141,99,8,4,21,2,4,95,1,0,-1890.7184116539795,-4029.759452889908,161.12041344982157,0,0,0,0,0,0
31.791653949997954,-1735.876953125,-4090.29541015625,578.7210693359375,163.69782949627876,-1.0,-1.0,663.4549560546875,11,2,3,54,21,143,101,8,4,21,2,4,96,1,0,-1735.8769377958372,-4090.2953607185727,163.69782949627876,0,0,0,0,0,0
32.041653849997935,-1592.8089599609375,-4169.59130859375,579.010009765625,172.52205422797795,-1.0,-1.0,674.4475708007812,11,2,3,54,21,145,103,8,4,21,2,4,97,1,0,-1592.8089086244277,-4169.591551127255,172.52205422797795,0,0,0,0,0,0
32.29165374999791,-1444.181884765625,-4227.3251953125,577.799560546875,-177.46025005350128,-1.0,-1.0,642.3180541992188,11,2,3,54,21,149,107,8,4,21,2,4,99,1,0,-1444.1818486401792,-4227.325143404065,-177.46025005350128,0,0,0,0,0,0
32.4583203499979,-1344.218505859375,-4257.43310546875,579.1407470703125,-168.78990454656787,-1.0,-1.0,655.55322265625,11,2,3,54,21,149,107,8,4,21,2,4,99,1,0,-1344.2185655271844,-4257.432934470295,-168.78990454656787,0,0,0,0,0,0
32.708320249997875,-1189.953125,-4244.73291015625,580.35205078125,-164.66514734873326,0.0,0.0,634.4171752929688,11,2,4,54,21,153,111,8,4,21,2,4,101,1,0,-1189.9531592991386,-4244.7329602617565,-164.66514734873326,0,0,0,0,0,0
32.99998679999785,-1030.2200927734375,-4204.86474609375,571.976806640625,-163.6058184201188,1.0,1.0,500.4306335449219,11,2,4,54,21,155,112,8,4,21,2,4,102,1,0,-1030.220146243011,-4204.864701841765,-163.6058184201188,0,0,0,0,0,0
33.20832004999783,-940.4866333007812,-4174.81201171875,553.531494140625,-164.99349453289346,1.0,1.0,402.61541748046875,11,2,4,54,21,156,112,8,4,21,2,4,103,1,0,-940.4866577240363,-4174.811843821384,-164.99349453289346,0,0,0,0,0,0
33.45831994999781,-855.306640625,-4143.91455078125,519.525146484375,-167.13317422972915,1.0,1.0,290.64849853515625,11,2,4,54,21,158,113,8,4,21,2,4,104,1,0,-855.3066500620342,-4143.914474950185,-167.13317422972915,0,0,0,0,0,0
33.74998649999778,-797.6759033203125,-4125.1005859375,511.12677001953125,-168.46757697985956,1.0,1.0,134.58714294433594,11,2,4,54,21,158,113,8,4,21,2,4,104,1,0,-797.6758845916106,-4125.100380359627,-168.46757697985956,0,0,0,0,0,0
34.041653049997755,-780.2069702148438,-4124.43798828125,512.7108154296875,-168.37274887730533,1.0,1.0,2.787748098373413,11,2,4,54,21,158,113,8,4,21,2,4,104,1,0,-780.2069564016515,-4124.438194099176,-168.37274887730533,0,0,0,0,0,0
34.29165294999773,-793.7764282226562,-4126.45361328125,510.0679016113281,-168.29760547622885,1.0,1.0,116.87657928466797,11,2,4,54,21,158,113,8,4,21,2,4,104,1,0,-793.7764002812197,-4126.453449307777,-168.29760547622885,0,0,0,0,0,0
34.58331949999771,-840.90283203125,-4138.5283203125,517.5430908203125,-167.73609477566924,1.0,0.0,227.86033630371094,11,2,4,54,21,158,113,8,4,21,2,4,104,1,0,-840.9028573095931,-4138.528509174512,-167.73609477566924,0,0,0,0,0,0
34.87498604999768,-925.0469360351562,-4164.71337890625,536.4279174804688,-166.75133935361453,1.0,0.0,348.02349853515625,11,2,4,54,21,158,113,8,4,21,2,4,104,1,0,-925.0469153356825,-4164.713539967298,-166.75133935361453,0,0,0,0,0,0
35.12498594999766,-1022.2100830078125,-4177.13037109375,552.3964233398438,-168.56986600034196,1.0,1.0,427.8973083496094,11,2,4,54,21,159,113,8,4,21,2,4,105,1,0,-1022.2100641549774,-4177.130301865183,-168.56986600034196,0,0,0,0,0,0
35.41665249999763,-1155.79345703125,-4191.70263671875,562.9293823242188,-170.54465739439507,1.0,1.0,502.6815490722656,11,2,4,54,21,161,115,8,4,21,2,4,106,1,0,-1155.7934668692826,-4191.702852124025,-170.54465739439507,0,0,0,0,0,0
35.708319049997606,-1310.6549072265625,-4216.2119140625,577.9053344726562,-170.58018086365357,1.0,1.0,572.5250854492188,11,2,3,54,21,161,115,8,4,21,2,4,107,1,0,-1310.6549203467825,-4216.211670232408,-170.58018086365357,0,0,0,0,0,0
35.95831894999758,-1453.144775390625,-4236.07861328125,599.1167602539062,-171.0479151517772,1.0,1.0,592.72509765625,11,2,3,54,21,162,116,8,4,21,2,4,108,1,0,-1453.1448274768773,-4236.078379842679,-171.0479151517772,0,0,0,0,0,0
36.20831884999756,-1601.1014404296875,-4255.82421875,601.0927124023438,-171.3662274704808,1.0,1.0,631.1732177734375,11,2,3,54,21,164,118,8,4,21,2,4,110,1,0,-1601.1014983230282,-4255.824198149007,-171.3662274704808,0,0,0,0,0,0
36.499985399997534,-1759.0250244140625,-4310.40234375,609.4984130859375,-164.30620033334972,1.0,1.0,568.4644775390625,10,2,3,54,21,165,119,8,4,21,2,4,111,1,0,-1759.0250529640823,-4310.4021995643525,-164.30620033334972,0,0,0,0,0,0
36.66665199999752,-1840.2525634765625,-4363.5888671875,623.0055541992188,-158.4640212109607,1.0,1.0,592.259033203125,10,2,2,54,21,167,121,8,4,21,2,4,112,1,0,-1840.2525295049657,-4363.589002020336,-158.4640212109607,0,0,0,0,0,0
36.9166518999975,-1949.8892822265625,-4471.08056640625,629.3722534179688,-148.15989170981925,1.0,1.0,630.383056640625,10,2,2,54,21,169,123,8,4,21,2,4,113,1,0,-1949.8893350021806,-4471.080564462307,-148.15989170981925,0,0,0,0,0,0
37.166651799997474,-2032.77490234375,-4607.47314453125,634.0460815429688,-137.04446105759664,1.0,0.0,646.5433349609375,10,2,2,54,21,171,125,8,4,21,2,4,114,1,0,-2032.7749404679419,-4607.472974761729,-137.04446105759664,0,0,0,0,0,0
37.374985049997456,-2089.25390625,-4729.39111328125,653.0846557617188,-128.57234576750528,1.0,-1.0,626.4171752929688,9,2,2,54,21,173,126,8,4,21,2,4,115,1,0,-2089.253915184962,-4729.3911571481985,-128.57234576750528,0,0,0,0,0,0
37.62498494999743,-2187.9013671875,-4813.46826171875,696.8594360351562,-136.11942996326653,1.0,-1.0,491.9935607910156,9,2,2,54,21,177,127,8,4,21,2,4,117,0,0,-2184.510724772041,-4811.226152322392,-135.83610299751655,9,2,2,0,0,0
37.91665149999741,-2293.708984375,-4910.669921875,725.249267578125,-134.9938849892911,1.0,-1.0,487.0506286621094,9,2,2,54,21,179,127,8,4,21,2,4,118,1,0,-2293.708872984898,-4910.669727223467,-134.9938849892911,0,0,0,0,0,0
38.166651399997384,-2394.867431640625,-4981.32080078125,714.6199340820312,-139.68006918097316,1.0,-1.0,453.4004821777344,9,2,2,54,21,181,127,8,4,21,2,4,119,1,0,-2394.8673178517806,-4981.3205723834835,-139.68006918097316,0,0,0,0,0,0
38.33331799999737,-2449.97265625,-5018.81982421875,732.2971801757812,-143.21515344674836,0.0,-1.0,274.4942626953125,9,2,2,54,21,181,127,8,4,21,2,4,119,1,0,-2449.9726035864333,-5018.819711677313,-143.21515344674836,0,0,0,0,0,0
38.58331789999735,-2472.37744140625,-5028.66650390625,791.7891845703125,-148.00320410020126,-1.0,1.0,39.50234603881836,9,2,2,54,21,181,127,8,4,21,2,4,119,1,0,-2472.377511281642,-5028.666569011493,-148.00320410020126,0,0,0,0,0,0
38.87498444999732,-2461.16552734375,-5013.8505859375,814.0650024414062,-152.74243628234532,-1.0,1.0,87.33426666259766,9,2,2,54,21,181,127,8,4,21,2,4,119,1,0,-2461.1656170854944,-5013.850426638285,-152.74243628234532,0,0,0,0,0,0
39.0833176999973,-2447.943359375,-4992.33447265625,807.5491333007812,-153.72385925360362,-1.0,1.0,153.19381713867188,9,2,2,54,21,181,127,8,4,21,2,4,119,1,0,-2447.9433369971057,-4992.334471208689,-153.72385925360362,0,0,0,0,0,0
39.33331759999728,-2428.328125,-4958.0322265625,767.116455078125,-154.8720347737939,-1.0,1.0,197.82992553710938,9,2,2,54,21,181,127,8,4,21,2,4,119,1,0,-2428.3280288642763,-4958.0322042153275,-154.8720347737939,0,0,0,0,0,0
39.62498414999725,-2392.2490234375,-4907.490234375,689.704833984375,-157.97719173234069,-1.0,1.0,296.4974060058594,9,2,2,54,21,181,127,8,4,21,2,4,119,1,0,-2392.2491347484415,-4907.490155150044,-157.97719173234069,0,0,0,0,0,0
39.87498404999723,-2313.286376953125,-4855.9130859375,689.55126953125,-163.7569496398003,-1.0,1.0,428.3650817871094,9,2,2,54,21,183,127,8,4,21,2,4,120,1,0,-2313.286267999635,-4855.913313455493,-163.7569496398003,0,0,0,0,0,0
40.12498394999721,-2216.155517578125,-4795.640625,679.733642578125,-170.76998641960353,-1.0,1.0,456.57061767578125,9,2,2,54,21,183,127,8,4,21,2,4,120,1,0,-2216.1555354215775,-4795.6408030054345,-170.76998641960353,0,0,0,0,0,0
40.374983849997186,-2094.773193359375,-4743.0205078125,649.8776245117188,-177.4667004827819,-1.0,1.0,504.29144287109375,9,2,2,54,21,187,128,8,4,21,2,4,122,0,0,-2098.8339142361697,-4744.6371811058025,-177.2435656236501,9,2,2,0,1,0
40.62498374999716,-1976.8656005859375,-4706.4716796875,650.998046875,175.6550980143572,-1.0,1.0,508.3094482421875,10,2,2,54,21,189,129,8,4,21,2,4,123,1,0,-1976.8655594134905,-4706.471776991865,175.6550980143572,0,0,0,0,0,0
40.79165034999715,-1891.9324951171875,-4691.0927734375,646.0811767578125,170.7326659708916,-1.0,1.0,492.374755859375,10,2,2,54,21,189,129,8,4,21,2,4,123,1,0,-1891.9325020403278,-4691.092553041808,170.7326659708916,0,0,0,0,0,0
41.041650249997126,-1765.612548828125,-4684.732421875,634.409912109375,163.06793457829806,-1.0,1.0,491.7532958984375,10,2,3,54,21,191,130,8,4,21,2,4,124,1,0,-1765.6125295221796,-4684.732460084227,163.06793457829806,0,0,0,0,0,0
41.2916501499971,-1640.7073974609375,-4694.85888671875,631.3929443359375,156.11637611806694,-1.0,1.0,498.755126953125,10,2,3,54,21,193,132,8,4,21,2,4,125,1,0,-1640.7074246738753,-4694.858780591281,156.11637611806694,0,0,0,0,0,0
41.54165004999708,-1512.674560546875,-4726.171875,629.5038452148438,150.33403111117227,-1.0,1.0,562.7001953125,10,2,3,54,21,195,134,8,4,21,2,4,126,1,0,-1512.6746162072461,-4726.171823082251,150.33403111117227,0,0,0,0,0,0
41.79164994999706,-1390.0028076171875,-4800.91064453125,626.8045043945312,150.61997552755543,-1.0,1.0,616.8674926757812,10,2,3,54,21,199,138,8,4,21,2,4,128,1,0,-1390.0028629512792,-4800.9104887013655,150.61997552755543,0,0,0,0,0,0
42.041649849997036,-1309.2381591796875,-4887.85888671875,622.4588623046875,158.15459668394408,-1.0,1.0,198.7909393310547,10,2,3,54,21,201,140,8,4,21,2,4,129,1,0,-1309.2381508767678,-4887.858746412084,158.15459668394408,0,0,0,0,0,0
42.33331639999701,-1312.0008544921875,-4897.08837890625,655.144775390625,159.32268380939428,-1.0,1.0,68.48754119873047,10,2,3,54,21,201,140,8,4,21,2,4,129,1,0,-1312.000887548715,-4897.088136383632,159.32268380939428,0,0,0,0,0,0
42.499982999996995,-1317.1446533203125,-4895.14697265625,660.166015625,158.90045217135494,-1.0,1.0,64.34951782226562,10,2,3,54,21,201,140,8,4,21,2,4,129,1,0,-1317.1447012696892,-4895.147168169835,158.90045217135494,0,0,0,0,0,0
42.74998289999697,-1328.323974609375,-4889.306640625,642.7988891601562,159.09694358050155,0.0,-1.0,80.72249603271484,10,2,3,54,21,201,140,8,4,21,2,4,129,1,0,-1328.3240247940778,-4889.306517140119,159.09694358050155,0,0,0,0,0,0
43.041649449996946,-1359.9814453125,-4869.94091796875,611.8295288085938,159.16448087729106,1.0,-1.0,142.57723999023438,10,2,3,54,21,201,140,8,4,21,2,4,129,1,0,-1359.9814956845416,-4869.940983592924,159.16448087729106,0,0,0,0,0,0
43.20831604999693,-1385.701904296875,-4859.46826171875,624.5236206054688,158.94324253985752,1.0,-1.0,222.61212158203125,10,2,3,54,21,201,140,8,4,21,2,4,129,1,0,-1385.701887422091,-4859.468470603941,158.94324253985752,0,0,0,0,0,0
43.45831594999691,-1448.588623046875,-4827.86376953125,630.6587524414062,157.80974222913827,1.0,-1.0,332.4408264160156,10,2,3,54,21,201,140,8,4,21,2,4,130,1,0,-1448.5885662018122,-4827.863792194579,157.80974222913827,0,0,0,0,0,0
43.708315849996886,-1527.215087890625,-4782.02880859375,632.390625,155.73973297120324,1.0,-1.0,391.7848205566406,10,2,3,54,21,201,140,8,4,21,2,4,130,1,0,-1527.2150539790257,-4782.028905993073,155.73973297120324,0,0,0,0,0,0
43.95831574999686,-1614.8753662109375,-4727.345703125,646.061279296875,153.21788340518106,1.0,-1.0,450.7268371582031,10,2,3,54,21,203,142,8,4,21,2,4,131,1,0,-1614.8753576424574,-4727.345896449491,153.21788340518106,0,0,0,0,0,0
44.12498234999685,-1676.8375244140625,-4684.3466796875,638.8746337890625,151.24407489138625,1.0,-1.0,481.3612976074219,10,2,3,54,21,203,142,8,4,21,2,4,132,1,0,-1676.837547066436,-4684.346823213551,151.24407489138625,0,0,0,0,0,0
44.374982249996826,-1755.9195556640625,-4600.12744140625,624.4833374023438,145.5822783469593,0.0,-1.0,463.19696044921875,10,2,3,54,21,205,144,8,4,21,2,4,133,1,0,-1755.9195034335658,-4600.127649132344,145.5822783469593,0,0,0,0,0,0
44.624982149996804,-1836.2821044921875,-4529.46826171875,627.7880249023438,143.5897617493625,0.0,-1.0,405.5230712890625,10,2,2,54,21,207,146,8,4,21,2,4,134,1,0,-1836.2820813221138,-4529.468190328789,143.5897617493625,0,0,0,0,0,0
44.87498204999678,-1912.531982421875,-4469.62744140625,613.4318237304688,142.6717546280408,0.0,-1.0,365.4698486328125,10,2,2,54,21,207,146,8,4,21,2,4,135,1,0,-1912.5319583368473,-4469.6275579708445,142.6717546280408,0,0,0,0,0,0
45.12498194999676,-1983.5296630859375,-4415.0439453125,612.9918212890625,142.9277982759053,1.0,-1.0,377.49359130859375,10,2,2,54,21,207,146,8,4,21,2,4,135,1,0,-1983.5296400688253,-4415.043895685688,142.9277982759053,0,0,0,0,0,0
45.374981849996736,-2064.22705078125,-4346.16455078125,611.7257080078125,141.445117477603,1.0,-1.0,457.5341796875,10,2,2,54,21,209,148,8,4,21,2,4,136,1,0,-2064.2269469767416,-4346.164449570942,141.445117477603,0,0,0,0,0,0
45.624981749996714,-2143.279296875,-4257.55126953125,589.9849243164062,138.16427485747712,1.0,-1.0,511.9579772949219,10,2,2,54,21,209,148,8,4,21,2,4,137,1,0,-2143.2792718634905,-4257.551387655415,138.16427485747712,0,0,0,0,0,0
45.7916483499967,-2191.4267578125,-4185.10107421875,575.5359497070312,134.49692751863327,0.0,-1.0,536.3709716796875,10,2,2,54,21,211,150,8,4,21,2,4,138,1,0,-2191.4267547120085,-4185.10088752592,134.49692751863327,0,0,0,0,0,0
46.041648249996676,-2253.181396484375,-4080.279052734375,559.9249877929688,128.31450346949364,0.0,-1.0,476.59124755859375,10,2,2,54,21,213,152,8,4,21,2,4,139,1,0,-2253.181478307919,-4080.279047856216,128.31450346949364,0,0,0,0,0,0
46.33331479999665,-2310.31298828125,-3963.425537109375,543.927001953125,123.77747904297303,0.0,-1.0,421.8277587890625,10,2,2,54,21,215,154,8,4,21,2,4,140,1,0,-2310.31300933479,-3963.42557681587,123.77747904297303,0,0,0,0,0,0
46.54164804999663,-2346.243408203125,-3886.19287109375,524.369873046875,121.20335620631083,0.0,-1.0,396.9107666015625,10,2,2,54,21,215,154,8,4,21,2,4,141,1,0,-2346.243322229142,-3886.192960483995,121.20335620631083,0,0,0,0,0,0
46.79164794999661,-2376.0302734375,-3797.67431640625,515.5018920898438,117.33768091983427,0.0,-1.0,355.57147216796875,10,2,2,54,21,215,154,8,4,21,2,4,141,1,0,-2376.0302917912377,-3797.6743550314645,117.33768091983427,0,0,0,0,0,0
47.041647849996586,-2400.828369140625,-3716.752197265625,500.5928649902344,114.4708721079486,0.0,-1.0,325.6726379394531,10,2,2,54,21,217,156,8,4,21,2,4,142,1,0,-2400.8282502923958,-3716.7523140566486,114.4708721079486,0,0,0,0,0,0
47.33331439999656,-2410.6689453125,-3633.1318359375,490.553466796875,109.83118538624647,0.0,-1.0,265.43896484375,10,2,3,54,21,219,158,8,4,21,2,4,143,1,0,-2410.6689101831093,-3633.131757481782,109.83118538624647,0,0,0,0,0,0
47.499980999996545,-2410.656005859375,-3591.47802734375,484.72003173828125,107.36922659427013,0.0,-1.0,239.88931274414062,10,2,3,54,21,219,158,8,4,21,2,4,143,1,0,-2410.656023339478,-3591.478070499866,107.36922659427013,0,0,0,0,0,0
47.74998089999652,-2406.986328125,-3537.490966796875,478.4226989746094,103.94821526291054,0.0,-1.0,206.407470703125,10,2,3,54,21,221,159,8,4,21,2,4,144,1,0,-2406.9863855795143,-3537.49097118098,103.94821526291054,0,0,0,0,0,0
48.041647449996496,-2404.666015625,-3481.88671875,473.0641174316406,101.20389717295042,0.0,-1.0,185.7573699951172,10,2,3,54,21,221,159,8,4,21,2,4,144,1,0,-2404.6659069929324,-3481.886675977829,101.20389717295042,0,0,0,0,0,0
48.24998069999648,-2404.775634765625,-3443.95068359375,468.036865234375,99.82545426741227,0.0,-1.0,181.13101196289062,10,2,3,54,21,221,159,8,4,21,2,4,144,1,0,-2404.7755433683656,-3443.9506901005843,99.82545426741227,0,0,0,0,0,0
48.45831394999646,-2405.648193359375,-3406.355712890625,462.34527587890625,98.69854521540223,1.0,-1.0,191.8072509765625,10,2,3,54,21,223,161,8,4,21,2,4,145,1,0,-2405.6481925134353,-3406.3557236488327,98.69854521540223,0,0,0,0,0,0
48.74998049999643,-2391.931396484375,-3336.122314453125,459.71697998046875,93.66556519248283,1.0,-1.0,304.1824035644531,10,2,3,54,21,223,161,8,4,21,2,4,145,1,0,-2391.931494835853,-3336.122303879817,93.66556519248283,0,0,0,0,0,0
48.99998039999641,-2362.643798828125,-3253.38330078125,451.16009521484375,86.99207440991388,1.0,-1.0,406.3407287597656,9,2,3,54,21,225,163,8,4,21,2,4,146,1,0,-2362.6437412928317,-3253.3832473091343,86.99207440991388,0,0,0,0,0,0
49.1249803499964,-2339.997802734375,-3206.246826171875,443.2289733886719,82.9576099950426,1.0,0.0,456.8458557128906,9,2,3,54,21,225,163,8,4,21,2,4,146,1,0,-2339.997783307892,-3206.2469177200064,82.9576099950426,0,0,0,0,0,0
49.374980249996376,-2290.281982421875,-3091.4921875,424.64483642578125,77.3402419231692,1.0,1.0,562.6569213867188,9,2,3,54,21,227,164,8,4,21,2,4,147,1,0,-2290.282013380293,-3091.4920766291993,77.3402419231692,0,0,0,0,0,0
49.624980149996354,-2270.28076171875,-2957.376220703125,412.8893737792969,79.69462443620782,0.0,0.0,488.55438232421875,9,2,3,54,21,229,164,8,4,21,2,4,148,1,0,-2270.280646976732,-2957.376128952229,79.69462443620782,0,0,0,0,0,0
49.87498004999633,-2251.025390625,-2848.42626953125,408.1588134765625,80.40546820964602,0.0,0.0,405.0416564941406,9,2,3,54,21,230,164,8,4,21,2,4,149,1,0,-2251.025342056266,-2848.426224937113,80.40546820964602,0,0,0,0,0,0
50.12497994999631,-2234.475830078125,-2753.00244140625,383.54931640625,80.0803025072324,0.0,0.0,367.83935546875,9,2,3,54,21,232,164,8,4,21,2,4,150,1,0,-2234.47577671436,-2753.0023484489207,80.0803025072324,0,0,0,0,0,0
50.374979849996286,-2218.77978515625,-2665.010986328125,372.8585205078125,79.9537762440107,0.0,0.0,340.7279357910156,9,2,2,54,21,234,164,8,4,21,2,4,151,1,0,-2218.7798260902364,-2665.0108984002954,79.9537762440107,0,0,0,0,0,0
50.66664639999626,-2213.45849609375,-2619.032958984375,373.26141357421875,76.59301858881275,0.0,0.0,39.84733963012695,9,2,2,54,21,234,164,8,4,21,2,4,151,1,0,-2213.458426618665,-2619.0329277342084,76.59301858881275,0,0,0,0,0,0
50.833312999996245,-2213.475830078125,-2616.068359375,372.3570251464844,75.6632192582519,0.0,0.0,17.773256301879883,9,2,2,54,21,234,164,8,4,21,2,4,151,1,0,-2213.475758436625,-2616.0684618625523,75.6632192582519,0,0,0,0,0,0
51.08331289999622,-2215.2451171875,-2617.357666015625,364.4258728027344,75.36537034420374,0.0,0.0,3.7082462310791016,9,2,2,54,21,234,164,8,4,21,2,4,151,1,0,-2215.245181135886,-2617.3577542383787,75.36537034420374,0,0,0,0,0,0
51.3333127999962,-2214.06787109375,-2616.3916015625,368.90399169921875,75.2295813643682,0.0,0.0,4.905416011810303,9,2,2,54,21,234,164,8,4,21,2,4,151,1,0,-2214.0679105734357,-2616.3915743475613,75.2295813643682,0,0,0,0,0,0
51.54164604999618,-2213.95556640625,-2616.070556640625,367.6781311035156,75.11610330210557,0.0,0.0,4.0856475830078125,9,2,2,54,21,234,164,8,4,21,2,4,151,1,0,-2213.9555539296834,-2616.070434693355,75.11610330210557,0,0,0,0,0,0
51.79164594999616,-2214.060302734375,-2615.685546875,366.98577880859375,75.01550857240281,0.0,0.0,4.173889636993408,9,2,2,54,21,234,164,8,4,21,2,4,151,1,0,-2214.060390615373,-2615.6856235440414,75.01550857240281,0,0,0,0,0,0
52.04164584999614,-2213.793212890625,-2614.953125,367.58099365234375,74.90603063352206,0.0,0.0,2.1691174507141113,9,2,2,54,21,234,164,8,4,21,2,4,151,1,0,-2213.79321222376,-2614.9531024515495,74.90603063352206,0,0,0,0,0,0
52.291645749996114,-2213.73681640625,-2614.38330078125,367.085205078125,74.80085327318137,0.0,0.0,2.791404962539673,9,2,2,54,21,234,164,8,4,21,2,4,151,1,0,-2213.7367841431324,-2614.383299013135,74.80085327318137,0,0,0,0,0,0
52.4583123499961,-2213.64306640625,-2613.92529296875,367.2607727050781,74.7317280982588,0.0,0.0,2.8788440227508545,9,2,2,54,21,234,164,8,4,21,2,4,151,1,0,-2213.6429817801923,-2613.925176157203,74.7317280982588,0,0,0,0,0,0
52.70831224999608,-2213.552734375,-2613.30712890625,367.1366882324219,74.6296280518815,0.0,0.0,2.352454423904419,9,2,2,54,21,234,164,8,4,21,2,4,151,1,0,-2213.552617500005,-2613.307241411857,74.6296280518815,0,0,0,0,0,0
52.958312149996054,-2213.546142578125,-2612.732421875,367.0982666015625,74.5335229579575,0.0,0.0,2.362424373626709,9,2,2,54,21,234,164,8,4,21,2,4,151,1,0,-2213.5462529458787,-2612.732539236466,74.5335229579575,0,0,0,0,0,0
53.20831204999603,-2213.52783203125,-2612.165771484375,367.0608825683594,74.43747949390057,0.0,0.0,2.2974274158477783,9,2,2,54,21,234,164,8,4,21,2,4,151,1,0,-2213.5277664479995,-2612.165665152917,74.43747949390057,0,0,0,0,0,0
53.45831194999601,-2213.506591796875,-2611.599609375,367.0008850097656,74.34128820135051,0.0,0.0,2.3545663356781006,9,2,2,54,21,234,164,8,4,21,2,4,151,1,0,-2213.5067015556365,-2611.5996240894065,74.34128820135051,0,0,0,0,0,0
53.70831184999599,-2213.466796875,-2611.021728515625,366.95526123046875,74.24448974413816,0.0,0.0,2.3956942558288574,9,2,2,54,21,234,164,8,4,21,2,4,151,1,0,-2213.4667736913398,-2611.0216352662133,74.24448974413816,0,0,0,0,0,0
53.958311749995964,-2213.413818359375,-2610.4345703125,366.8916015625,74.14723908206001,0.0,0.0,2.446277141571045,9,2,2,54,21,234,164,8,4,21,2,4,151,1,0,-2213.4138612164616,-2610.4345942095642,74.14723908206001,0,0,0,0,0,0
54.12497834999595,-2213.375244140625,-2610.038330078125,366.85162353515625,74.0826382601277,0.0,0.0,2.461719036102295,9,2,2,54,21,234,164,8,4,21,2,4,151,1,0,-2213.375191427848,-2610.0383852740024,74.0826382601277,0,0,0,0,0,0
54.37497824999593,-2213.31982421875,-2609.442138671875,366.7867736816406,73.98623157130264,0.0,0.0,2.4637670516967773,9,2,2,54,21,234,164,8,4,21,2,4,151,1,0,-2213.319787567167,-2609.4420895332846,73.98623157130264,0,0,0,0,0,0
54.6666447999959,-2213.25634765625,-2608.744873046875,366.71038818359375,73.87423598535479,0.0,0.0,2.4701192378997803,9,2,2,54,21,234,164,8,4,21,2,4,151,1,0,-2213.2562538625884,-2608.7447905140143,73.87423598535479,0,0,0,0,0,0
54.87497804999588,-2213.2109375,-2608.245849609375,366.65545654296875,73.7944400447656,0.0,0.0,2.4713499546051025,9,2,2,54,21,234,164,8,4,21,2,4,151,1,0,-2213.2108174286427,-2608.2459253297707,73.7944400447656,0,0,0,0,0,0
55.12497794999586,-2213.15625,-2607.646484375,366.5888977050781,73.69886861640369,0.0,0.0,2.4753835201263428,9,2,2,54,21,234,164,8,4,21,2,4,151,1,0,-2213.1561417306953,-2607.6465479908597,73.69886861640369,0,0,0,0,0,0
55.41664449999583,-2213.091796875,-2606.946044921875,366.5110168457031,73.58758205841113,0.0,0.0,2.4795565605163574,9,2,2,54,21,234,164,8,4,21,2,4,151,1,0,-2213.091804568128,-2606.9460185121693,73.58758205841113,0,0,0,0,0,0
55.66664439999581,-2213.0361328125,-2606.344482421875,366.4436950683594,73.49235666150481,0.0,0.0,2.483635663986206,9,2,2,54,21,234,164,8,4,21,2,4,151,1,0,-2213.036154630227,-2606.3444520140774,73.49235666150481,0,0,0,0,0,0
55.833310999995795,-2212.998779296875,-2605.94287109375,366.39862060546875,73.42895216169131,0.0,0.0,2.4866039752960205,9,2,2,54,21,234,164,8,4,21,2,4,151,1,0,-2212.998731138792,-2605.942793976199,73.42895216169131,0,0,0,0,0,0
56.08331089999577,-2212.94189453125,-2605.339111328125,366.3305358886719,73.3339323010739,0.0,0.0,2.493534564971924,9,2,2,54,21,234,164,8,4,21,2,4,151,1,0,-2212.9418679046157,-2605.3391693409953,73.3339323010739,0,0,0,0,0,0
56.33331079999575,-2212.8828125,-2604.731689453125,366.2613220214844,73.23877105561998,0.0,0.0,2.5162513256073,9,2,2,54,21,234,164,8,4,21,2,4,151,1,0,-2212.8827630224373,-2604.7316161227614,73.23877105561998,0,0,0,0,0,0
56.54164404999573,-2212.83056640625,-2604.221923828125,366.202880859375,73.15936696091626,0.0,0.0,2.5319597721099854,9,2,2,54,21,234,164,8,4,21,2,4,151,1,0,-2212.8304859820887,-2604.2219153366923,73.15936696091626,0,0,0,0,0,0
56.79164394999571,-2212.8271484375,-2603.660400390625,366.13153076171875,73.06936850874152,0.0,0.0,2.221069812774658,9,2,2,54,21,234,164,8,4,21,2,4,151,1,0,-2212.827236091856,-2603.66049997506,73.06936850874152,0,0,0,0,0,0
57.04164384999569,-2212.822509765625,-2603.120849609375,366.0680847167969,72.98001593883446,0.0,0.0,2.2096338272094727,9,2,2,54,21,234,164,8,4,21,2,4,151,1,0,-2212.8225711725468,-2603.1208075610475,72.98001593883446,0,0,0,0,0,0
57.291643749995664,-2212.8173828125,-2602.5849609375,366.0075378417969,72.89027388809114,0.0,0.0,2.1914584636688232,9,2,2,54,21,234,164,8,4,21,2,4,151,1,0,-2212.817289629533,-2602.5850088583784,72.89027388809114,0,0,0,0,0,0
57.45831034999565,-2212.81298828125,-2602.228759765625,365.9652404785156,72.8302798410556,0.0,0.0,2.195000171661377,9,2,2,54,21,234,164,8,4,21,2,4,151,1,0,-2212.8130788320286,-2602.2286947203925,72.8302798410556,0,0,0,0,0,0
57.70831024999563,-2212.805419921875,-2601.693603515625,365.90484619140625,72.74004527090032,0.0,0.0,2.1954331398010254,9,2,2,54,21,234,164,8,4,21,2,4,151,1,0,-2212.805493925495,-2601.693637344375,72.74004527090032,0,0,0,0,0,0
57.958310149995604,-2212.79638671875,-2601.158203125,365.8426513671875,72.64957167651998,0.0,0.0,2.201949119567871,9,2,2,54,21,234,164,8,4,21,2,4,151,1,0,-2212.7964001912223,-2601.1581197590795,72.64957167651998,0,0,0,0,0,0
58.20831004999558,-2212.78515625,-2600.6201171875,365.7805480957031,72.55872000006795,0.0,0.0,2.2094950675964355,9,2,2,54,21,234,164,8,4,21,2,4,151,1,0,-2212.7852654051985,-2600.6201336988447,72.55872000006795,0,0,0,0,0,0
58.45830994999556,-2212.772216796875,-2600.081298828125,365.71771240234375,72.46754537658711,0.0,0.0,2.2119946479797363,9,2,2,54,21,234,164,8,4,21,2,4,151,1,0,-2212.7722907604093,-2600.081363593398,72.46754537658711,0,0,0,0,0,0
58.70830984999554,-2212.75732421875,-2599.541748046875,365.6548156738281,72.3761188921358,0.0,0.0,2.216437578201294,9,2,2,54,21,234,164,8,4,21,2,4,151,1,0,-2212.7572448973806,-2599.5417082208496,72.3761188921358,0,0,0,0,0,0
58.958309749995514,-2212.740234375,-2599.001220703125,365.5916748046875,72.28443321662218,0.0,0.0,2.2197115421295166,9,2,2,54,21,234,164,8,4,21,2,4,151,1,0,-2212.740204384239,-2599.001118120026,72.28443321662218,0,0,0,0,0,0
59.1249763499955,-2212.727783203125,-2598.640380859375,365.54949951171875,72.22317622794128,0.0,0.0,2.22111439704895,9,2,2,54,21,234,164,8,4,21,2,4,151,1,0,-2212.7278922078294,-2598.640356672562,72.22317622794128,0,0,0,0,0,0
59.37497624999548,-2212.708251953125,-2598.098876953125,365.4862365722656,72.13110878519545,0.0,0.0,2.222407102584839,9,2,2,54,21,234,164,8,4,21,2,4,151,1,0,-2212.708236390383,-2598.0988913444558,72.13110878519545,0,0,0,0,0,0
59.624976149995454,-2212.6875,-2597.55712890625,365.4228820800781,72.0388354965701,0.0,0.0,2.222623348236084,9,2,2,54,21,234,164,8,4,21,2,4,151,1,0,-2212.6875375321747,-2597.557236108171,72.0388354965701,0,0,0,0,0,0
59.87497604999543,-2212.666259765625,-2597.015625,365.35943603515625,71.94638931737354,0.0,0.0,2.2221083641052246,9,2,2,54,21,234,164,8,4,21,2,4,151,1,0,-2212.6661601174246,-2597.0156422136947,71.94638931737354,0,0,0,0,0,0
60.12497594999541,-2212.635986328125,-2596.46875,365.2950439453125,71.85346558123162,0.0,0.0,2.261834144592285,9,2,2,54,21,234,164,8,4,21,2,4,151,1,0,-2212.6360609331405,-2596.4688012375154,71.85346558123162,0,0,0,0,0,0
60.37497584999539,-2212.597412109375,-2595.919189453125,365.2305908203125,71.7600011057578,0.0,0.0,2.2573866844177246,9,2,2,54,21,234,164,8,4,21,2,4,151,1,0,-2212.5974884572906,-2595.9190854284534,71.7600011057578,0,0,0,0,0,0
60.624975749995365,-2212.55908203125,-2595.370361328125,365.16668701171875,71.6663586524638,0.0,0.0,2.252629518508911,9,2,2,54,21,234,164,8,4,21,2,4,151,1,0,-2212.5589843285825,-2595.370477114404,71.6663586524638,0,0,0,0,0,0
60.79164234999535,-2212.533203125,-2595.005126953125,365.1238708496094,71.6038604291867,0.0,0.0,2.2508983612060547,9,2,2,54,21,234,164,8,4,21,2,4,151,1,0,-2212.533194005874,-2595.005218666355,71.6038604291867,0,0,0,0,0,0
61.04164224999533,-2212.448486328125,-2594.497802734375,365.0793762207031,71.51872763015197,0.0,0.0,2.033949375152588,9,2,2,54,21,234,164,8,4,21,2,4,151,1,0,-2212.448564455168,-2594.497800843276,71.51872763015197,0,0,0,0,0,0
61.291642149995305,-2212.323486328125,-2594.031982421875,365.053466796875,71.44217958014804,0.0,0.0,1.969885230064392,9,2,2,54,21,236,164,8,4,21,2,4,152,1,0,-2212.3235264204413,-2594.031976026509,71.44217958014804,0,0,0,0,0,0
61.54164204999528,-2212.201171875,-2593.572509765625,365.0086975097656,71.36657234474133,0.0,0.0,1.9659351110458374,9,2,2,54,21,236,164,8,4,21,2,4,152,1,0,-2212.201098077953,-2593.5725796073116,71.36657234474133,0,0,0,0,0,0
61.74997529999526,-2212.100341796875,-2593.18701171875,364.97454833984375,71.30319037126661,0.0,0.0,1.9785171747207642,9,2,2,54,21,236,164,8,4,21,2,4,152,1,0,-2212.1003547097916,-2593.1870609339503,71.30319037126661,0,0,0,0,0,0
61.99997519999524,-2211.98583984375,-2592.716552734375,364.9242248535156,71.2253541345986,0.0,0.0,2.011427879333496,9,2,2,54,21,236,164,8,4,21,2,4,152,1,0,-2211.9858773146716,-2592.716578816542,71.2253541345986,0,0,0,0,0,0
62.24997509999522,-2211.7890625,-2591.984130859375,364.8748474121094,71.15055203857426,0.0,0.0,3.6143574714660645,9,2,2,54,21,236,164,8,4,21,2,4,152,1,0,-2211.789021939906,-2591.9841489985442,71.15055203857426,0,0,0,0,0,0
62.4166416999952,-2211.578369140625,-2591.45556640625,364.7942199707031,71.08714677503136,0.0,0.0,3.2713468074798584,9,2,2,54,21,236,164,8,4,21,2,4,152,1,0,-2211.5784644015557,-2591.4556006746343,71.08714677503136,0,0,0,0,0,0
62.66664159999518,-2211.304443359375,-2590.636962890625,364.6936950683594,71.00059586499029,0.0,0.0,3.5296592712402344,9,2,2,54,21,236,164,8,4,21,2,4,152,1,0,-2211.304541797974,-2590.636916514418,71.00059586499029,0,0,0,0,0,0
62.91664149999516,-2211.10546875,-2589.806884765625,364.6214294433594,70.92300670184736,0.0,0.0,3.3985390663146973,9,2,2,54,21,236,164,8,4,21,2,4,152,1,0,-2211.105570577565,-2589.806959393198,70.92300670184736,0,0,0,0,0,0
63.166641399995136,-2210.919677734375,-2588.971923828125,364.5111083984375,70.84927073824085,0.0,0.0,3.496068239212036,9,2,2,54,21,236,164,8,4,21,2,4,152,1,0,-2210.919667214499,-2588.9718700323924,70.84927073824085,0,0,0,0,0,0
63.33330799999512,-2210.7939453125,-2588.4072265625,364.4471435546875,70.80034145281387,0.0,0.0,3.5024006366729736,9,2,2,54,21,236,164,8,4,21,2,4,152,1,0,-2210.793891525187,-2588.40721594274,70.80034145281387,0,0,0,0,0,0
63.5833078999951,-2210.604736328125,-2587.559326171875,364.336181640625,70.72722638117185,0.0,0.0,3.5096163749694824,9,2,2,54,21,236,164,8,4,21,2,4,152,1,0,-2210.604713020367,-2587.559340437452,70.72722638117185,0,0,0,0,0,0
63.833307799995076,-2210.41455078125,-2586.71044921875,364.2273254394531,70.65440972831286,0.0,0.0,3.5064072608947754,9,2,2,54,21,236,164,8,4,21,2,4,152,1,0,-2210.4145884598283,-2586.7104376835505,70.65440972831286,0,0,0,0,0,0
64.04164104999506,-2210.255615234375,-2586.004150390625,364.1347351074219,70.59398814333797,0.0,0.0,3.498368740081787,9,2,2,54,21,236,164,8,4,21,2,4,152,1,0,-2210.2556306577094,-2586.004267028835,70.59398814333797,0,0,0,0,0,0
64.29164094999504,-2210.064697265625,-2585.160400390625,364.02294921875,70.52187794229482,0.0,0.0,3.4795024394989014,9,2,2,54,21,236,164,8,4,21,2,4,152,1,0,-2210.06481600056,-2585.1604473112666,70.52187794229482,0,0,0,0,0,0
64.54164084999502,-2209.8740234375,-2584.321533203125,363.9111328125,70.45028142955543,0.0,0.0,3.454559564590454,9,2,2,54,21,236,164,8,4,21,2,4,152,1,0,-2209.8740332867706,-2584.3214128761497,70.45028142955543,0,0,0,0,0,0
64.791640749995,-2209.68359375,-2583.489013671875,363.7989501953125,70.37934402629901,0.0,0.0,3.4268765449523926,9,2,2,54,21,236,164,8,4,21,2,4,152,1,0,-2209.6836159782365,-2583.4889082871946,70.37934402629901,0,0,0,0,0,0
64.95830734999498,-2209.5546875,-2582.936767578125,363.7241516113281,70.33204293913423,0.0,0.0,3.4746344089508057,9,2,2,54,21,236,164,8,4,21,2,4,152,1,0,-2209.5547059105365,-2582.936861613218,70.33204293913423,0,0,0,0,0,0
65.20830724999496,-2209.203369140625,-2581.860107421875,363.5661926269531,70.25618501443691,0.0,0.0,7.0790181159973145,9,2,2,54,21,236,164,8,4,21,2,4,152,1,0,-2209.2034048395185,-2581.8599919772223,70.25618501443691,0,0,0,0,0,0
65.45830714999494,-2208.702880859375,-2578.0791015625,362.9869384765625,70.44357305657435,0.0,0.0,21.146039962768555,9,2,2,54,21,236,164,8,4,21,2,4,152,1,0,-2208.702783464807,-2578.079160692521,70.44357305657435,0,0,0,0,0,0
65.70830704999491,-2207.623779296875,-2572.510498046875,362.54840087890625,70.52418826936716,0.0,0.0,9.829264640808105,9,2,2,54,21,236,164,8,4,21,2,4,152,1,0,-2207.6236758039095,-2572.5103992674017,70.52418826936716,0,0,0,0,0,0
65.9166402999949,-2207.33203125,-2571.531005859375,362.41973876953125,70.39891103669306,0.0,0.0,2.9197075366973877,9,2,2,54,21,236,164,8,4,21,2,4,152,1,0,-2207.3321333709246,-2571.5308877581083,70.39891103669306,0,0,0,0,0,0
66.16664019999487,-2207.13671875,-2570.65087890625,362.2602233886719,70.3071824049402,0.0,0.0,4.259481430053711,9,2,2,54,21,236,164,8,4,21,2,4,152,1,0,-2207.136823528406,-2570.6509293570016,70.3071824049402,0,0,0,0,0,0
66.41664009999485,-2206.90771484375,-2569.6552734375,362.1993103027344,70.20792813965653,0.0,0.0,4.076830863952637,9,2,2,54,21,236,164,8,4,21,2,4,152,1,0,-2206.90763681569,-2569.655341886322,70.20792813965653,0,0,0,0,0,0
66.58330669999484,-2206.779296875,-2568.984375,362.0889587402344,70.14112958336423,0.0,0.0,4.265809535980225,9,2,2,54,21,236,164,8,4,21,2,4,152,1,0,-2206.779326702891,-2568.9843891325486,70.14112958336423,0,0,0,0,0,0
66.83330659999481,-2206.59375,-2567.9248046875,361.98052978515625,70.03736581535244,0.0,0.0,4.44050407409668,9,2,2,54,21,236,164,8,4,21,2,4,152,1,0,-2206.593833523872,-2567.924769085379,70.03736581535244,0,0,0,0,0,0
67.08330649999479,-2206.429443359375,-2566.8291015625,361.8443298339844,69.92976351414403,0.0,0.0,4.5728559494018555,9,2,2,54,21,236,164,8,4,21,2,4,152,1,0,-2206.4293617915714,-2566.8290296109635,69.92976351414403,0,0,0,0,0,0
67.33330639999477,-2206.326416015625,-2565.64990234375,361.7048645019531,69.81044944086115,0.0,0.0,5.0019755363464355,9,2,2,54,21,236,164,8,4,21,2,4,152,1,0,-2206.32635277543,-2565.6498173018035,69.81044944086115,0,0,0,0,0,0
67.45830634999476,-2206.294677734375,-2565.03369140625,361.632568359375,69.74689578807141,0.0,0.0,5.055110931396484,9,2,2,54,21,236,164,8,4,21,2,4,152,1,0,-2206.2945842346544,-2565.0336792987036,69.74689578807141,0,0,0,0,0,0
67.70830624999473,-2206.2373046875,-2563.78271484375,361.4764099121094,69.61846066676486,0.0,0.0,5.14504337310791,9,2,2,54,21,236,164,8,4,21,2,4,152,1,0,-2206.2373947319224,-2563.7827780297966,69.61846066676486,0,0,0,0,0,0
67.95830614999471,-2206.1923828125,-2562.51123046875,361.3176574707031,69.4895678625623,0.0,0.0,5.2100605964660645,9,2,2,54,21,236,164,8,4,21,2,4,152,1,0,-2206.1925041167474,-2562.5113453453723,69.4895678625623,0,0,0,0,0,0
68.20830604999469,-2206.152099609375,-2561.234375,361.1526794433594,69.36197074425583,0.0,0.0,5.20429801940918,9,2,2,54,21,236,164,8,4,21,2,4,152,1,0,-2206.152010275372,-2561.2343596751484,69.36197074425583,0,0,0,0,0,0
68.41663929999467,-2206.1220703125,-2560.17333984375,361.01318359375,69.2581143802779,0.0,0.0,5.1732707023620605,9,2,2,54,21,236,164,8,4,21,2,4,152,1,0,-2206.1220939125146,-2560.173256900146,69.2581143802779,0,0,0,0,0,0
68.66663919999465,-2206.06689453125,-2558.903076171875,360.8423767089844,69.13371927275642,0.0,0.0,5.353786945343018,9,2,2,54,21,236,164,8,4,21,2,4,152,1,0,-2206.0669687037953,-2558.9030482314156,69.13371927275642,0,0,0,0,0,0
68.91663909999463,-2205.913330078125,-2557.54638671875,360.6884765625,68.99801499749105,0.0,0.0,5.650929927825928,9,2,2,54,21,236,164,8,4,21,2,4,152,1,0,-2205.913386518178,-2557.5464405911516,68.99801499749105,0,0,0,0,0,0
69.08330569999461,-2205.78759765625,-2556.6494140625,360.5874938964844,68.91294739938455,0.0,0.0,5.38989782333374,9,2,2,54,21,236,164,8,4,21,2,4,152,1,0,-2205.787700150944,-2556.6494214916493,68.91294739938455,0,0,0,0,0,0
69.33330559999459,-2205.540283203125,-2555.373291015625,360.4439392089844,68.801299766775,0.0,0.0,5.131170272827148,9,2,2,54,21,236,164,8,4,21,2,4,152,1,0,-2205.540265357823,-2555.3733228467713,68.801299766775,0,0,0,0,0,0
69.58330549999457,-2205.20458984375,-2554.2119140625,360.3601989746094,68.71524121271457,0.0,0.0,4.845098972320557,9,2,2,54,21,236,164,8,4,21,2,4,152,1,0,-2205.204611477985,-2554.212004531119,68.71524121271457,0,0,0,0,0,0
69.83330539999454,-2204.882568359375,-2553.083984375,360.24993896484375,68.63701280497776,0.0,0.0,4.73647928237915,9,2,2,54,21,236,164,8,4,21,2,4,152,1,0,-2204.882485343698,-2553.0839107579613,68.63701280497776,0,0,0,0,0,0
69.99997199999453,-2204.6689453125,-2552.33935546875,360.1755065917969,68.58636110188853,0.0,0.0,4.735221862792969,9,2,2,54,21,236,164,8,4,21,2,4,152,1,0,-2204.6688794377255,-2552.3394019831976,68.58636110188853,0,0,0,0,0,0
70.2499718999945,-2203.855224609375,-2549.75390625,359.8410949707031,68.5863718773715,0.0,0.0,19.547239303588867,9,2,2,54,21,236,164,8,4,21,2,4,152,1,0,-2203.855241076742,-2549.753923621893,68.5863718773715,0,0,0,0,0,0
70.49997179999448,-2201.56787109375,-2542.938720703125,359.0557861328125,68.63868116767762,0.0,0.0,37.19157409667969,9,2,2,54,21,236,164,8,4,21,2,4,152,1,0,-2201.5677860837814,-2542.938742252394,68.63868116767762,0,0,0,0,0,0
70.70830504999446,-2198.48828125,-2534.279541015625,357.95306396484375,68.67796041307261,0.0,0.0,49.88145446777344,9,2,2,54,21,236,164,8,4,21,2,4,152,1,0,-2198.488353246258,-2534.2795396862075,68.67796041307261,0,0,0,0,0,0
70.95830494999444,-2194.97412109375,-2525.1875,356.8550720214844,68.39991622650975,0.0,0.0,12.998406410217285,9,2,2,54,21,236,164,8,4,21,2,4,152,1,0,-2194.9741210248103,-2525.1874597778587,68.39991622650975,0,0,0,0,0,0
71.20830484999442,-2194.279052734375,-2523.690185546875,356.7153015136719,68.19282697872497,0.0,0.0,4.313549518585205,9,2,2,54,21,236,164,8,4,21,2,4,152,1,0,-2194.278961812574,-2523.6900826178985,68.19282697872497,0,0,0,0,0,0
71.4583047499944,-2193.8505859375,-2522.630126953125,356.58026123046875,68.06752509093815,0.0,0.0,4.898159027099609,9,2,2,54,21,236,164,8,4,21,2,4,152,1,0,-2193.8504980586645,-2522.6302154476543,68.06752509093815,0,0,0,0,0,0
71.62497134999438,-2193.536865234375,-2521.8994140625,356.5362854003906,67.98388442688234,0.0,0.0,4.772907733917236,9,2,2,54,21,236,164,8,4,21,2,4,152,1,0,-2193.5368061370914,-2521.899525098423,67.98388442688234,0,0,0,0,0,0
71.87497124999436,-2193.091552734375,-2520.806640625,356.38970947265625,67.86037129132305,0.0,0.0,4.929470539093018,9,2,2,54,21,236,164,8,4,21,2,4,152,1,0,-2193.0914919940174,-2520.806565075943,67.86037129132305,0,0,0,0,0,0
72.12497114999434,-2192.662353515625,-2519.64501953125,356.2615051269531,67.72891251556378,0.0,0.0,5.180592060089111,9,2,2,54,21,236,164,8,4,21,2,4,152,1,0,-2192.662409188938,-2519.6450807406954,67.72891251556378,0,0,0,0,0,0
72.37497104999431,-2192.34814453125,-2518.765625,356.2197570800781,67.67017861757326,0.0,0.0,4.540619373321533,9,2,2,54,21,236,164,8,4,21,2,4,152,1,0,-2192.3481696733584,-2518.7655102223794,67.67017861757326,0,0,0,0,0,0
72.5833042999943,-2192.223876953125,-2518.147705078125,356.16827392578125,67.69504944276494,0.0,0.0,0.5941951870918274,9,2,2,54,21,236,164,8,4,21,2,4,152,1,0,-2192.223975593607,-2518.147795497785,67.69504944276494,0,0,0,0,0,0
72.83330419999427,-2192.423828125,-2518.178466796875,356.13006591796875,67.73086689980039,0.0,0.0,0.8722186088562012,9,2,2,54,21,236,164,8,4,21,2,4,152,1,0,-2192.423853677063,-2518.178418572135,67.73086689980039,0,0,0,0,0,0
73.08330409999425,-2192.580322265625,-2518.114501953125,356.1199645996094,67.75346768495051,0.0,0.0,0.6353513598442078,9,2,2,54,21,236,164,8,4,21,2,4,152,1,0,-2192.5804375277453,-2518.1145749100497,67.75346768495051,0,0,0,0,0,0
73.24997069999424,-2192.659423828125,-2518.035400390625,356.1211853027344,67.76364891110822,0.0,0.0,0.6572381854057312,9,2,2,54,21,236,164,8,4,21,2,4,152,1,0,-2192.659490025883,-2518.0354696604263,67.76364891110822,0,0,0,0,0,0
73.49997059999421,-2192.784912109375,-2517.9150390625,356.099365234375,67.77851936148588,0.0,0.0,0.686892569065094,9,2,2,54,21,236,164,8,4,21,2,4,152,1,0,-2192.7850328576915,-2517.9150826646282,67.77851936148588,0,0,0,0,0,0
73.74997049999419,-2192.927001953125,-2517.79345703125,356.0885925292969,67.7952661857638,0.0,0.0,0.8003765940666199,9,2,2,54,21,236,164,8,4,21,2,4,152,1,0,-2192.9270399050492,-2517.7934738243466,67.7952661857638,0,0,0,0,0,0
73.99997039999417,-2193.0927734375,-2517.666015625,356.071044921875,67.81322684397378,0.0,0.0,0.8141369819641113,9,2,2,54,21,236,164,8,4,21,2,4,152,1,0,-2193.0926844850082,-2517.6660657964744,67.81322684397378,0,0,0,0,0,0
74.16663699999415,-2193.19873046875,-2517.573486328125,356.06121826171875,67.8240131275968,0.0,0.0,0.8218985795974731,9,2,2,54,21,236,164,8,4,21,2,4,152,1,0,-2193.1986340455096,-2517.5734578394963,67.8240131275968,0,0,0,0,0,0
74.41663689999413,-2193.358154296875,-2517.4306640625,356.0464172363281,67.83963908219694,0.0,0.0,0.8361489772796631,9,2,2,54,21,236,164,8,4,21,2,4,152,1,0,-2193.3582007450627,-2517.4305597695597,67.83963908219694,0,0,0,0,0,0
74.66663679999411,-2193.52197265625,-2517.28857421875,356.02874755859375,67.85539375051263,0.0,0.0,0.8436682820320129,9,2,2,54,21,236,164,8,4,21,2,4,152,1,0,-2193.521952481168,-2517.28845532415,67.85539375051263,0,0,0,0,0,0
74.87497004999409,-2193.66064453125,-2517.170166015625,356.0146484375,67.86851252002965,0.0,0.0,0.8500256538391113,9,2,2,54,21,236,164,8,4,21,2,4,152,1,0,-2193.6605552289748,-2517.1700834684457,67.86851252002965,0,0,0,0,0,0
75.08330329999407,-2193.80029296875,-2517.05224609375,355.99981689453125,67.88166948226271,0.0,0.0,0.8492006063461304,9,2,2,54,21,236,164,8,4,21,2,4,152,1,0,-2193.800304320382,-2517.052191326666,67.88166948226271,0,0,0,0,0,0
75.33330319999405,-2193.968505859375,-2516.91162109375,355.9817199707031,67.89753012848752,0.0,0.0,0.846436083316803,9,2,2,54,21,236,164,8,4,21,2,4,152,1,0,-2193.968561399005,-2516.911736469333,67.89753012848752,0,0,0,0,0,0
75.58330309999403,-2194.13623046875,-2516.772705078125,355.96343994140625,67.91349232805356,0.0,0.0,0.8382212519645691,9,2,2,54,21,236,164,8,4,21,2,4,152,1,0,-2194.1362219490015,-2516.7727769257044,67.91349232805356,0,0,0,0,0,0
75.74996969999401,-2194.2470703125,-2516.68115234375,355.9510803222656,67.92419812621392,0.0,0.0,0.8314411044120789,9,2,2,54,21,236,164,8,4,21,2,4,152,1,0,-2194.2471176037425,-2516.681153522618,67.92419812621392,0,0,0,0,0,0
75.99996959999399,-2194.41162109375,-2516.54541015625,355.9324645996094,67.94030293535548,0.0,0.0,0.8221341967582703,9,2,2,54,21,236,164,8,4,21,2,4,152,1,0,-2194.4116169098943,-2516.5453414100966,67.94030293535548,0,0,0,0,0,0
76.24996949999397,-2194.572509765625,-2516.412109375,355.9139099121094,67.95658670641812,0.0,0.0,0.7964909076690674,9,2,2,54,21,236,164,8,4,21,2,4,152,1,0,-2194.5726275759653,-2516.4121177226607,67.95658670641812,0,0,0,0,0,0
76.49996939999394,-2194.72900390625,-2516.28173828125,355.8953552246094,67.973016637384,0.0,0.0,0.7725327014923096,9,2,2,54,21,236,164,8,4,21,2,4,152,1,0,-2194.7288916373122,-2516.2818118573114,67.973016637384,0,0,0,0,0,0
76.66663599999393,-2194.830078125,-2516.196533203125,355.8830871582031,67.98402167327576,0.0,0.0,0.758563220500946,9,2,2,54,21,236,164,8,4,21,2,4,152,1,0,-2194.8300512444357,-2516.1964793811067,67.98402167327576,0,0,0,0,0,0
76.9166358999939,-2194.9765625,-2516.0712890625,355.86492919921875,68.00065116733424,0.0,0.0,0.7302738428115845,9,2,2,54,21,236,164,8,4,21,2,4,152,1,0,-2194.9766642155505,-2516.0711766286645,68.00065116733424,0,0,0,0,0,0
77.16663579999388,-2195.111083984375,-2515.95361328125,355.849609375,68.01584969036439,0.0,0.0,0.6660363078117371,9,2,2,54,21,236,164,8,4,21,2,4,152,1,0,-2195.111154592729,-2515.953646887422,68.01584969036439,0,0,0,0,0,0
77.37496904999387,-2195.21630859375,-2515.86083984375,355.83892822265625,68.02855934032854,0.0,0.0,0.6387763023376465,9,2,2,54,21,236,164,8,4,21,2,4,152,1,0,-2195.216405451249,-2515.860774228948,68.02855934032854,0,0,0,0,0,0
77.62496894999384,-2195.337158203125,-2515.754150390625,355.8245544433594,68.04394369929383,0.0,0.0,0.6071376204490662,9,2,2,54,21,236,164,8,4,21,2,4,152,1,0,-2195.3372139590047,-2515.7541055712936,68.04394369929383,0,0,0,0,0,0
77.87496884999382,-2195.4501953125,-2515.651611328125,355.8117980957031,68.0591449992865,0.0,0.0,0.5732051134109497,9,2,2,54,21,236,164,8,4,21,2,4,152,1,0,-2195.4503108792883,-2515.6515629445894,68.0591449992865,0,0,0,0,0,0
78.1249687499938,-2195.55517578125,-2515.5537109375,355.79998779296875,68.0741619618768,0.0,0.0,0.5369573831558228,9,2,2,54,21,236,164,8,4,21,2,4,152,1,0,-2195.5551472215743,-2515.5537782594147,68.0741619618768,0,0,0,0,0,0
78.29163534999378,-2195.62060546875,-2515.490966796875,355.7925109863281,68.08400769398438,0.0,0.0,0.5154240131378174,9,2,2,54,21,236,164,8,4,21,2,4,152,1,0,-2195.6205744673775,-2515.4909594589594,68.08400769398438,0,0,0,0,0,0
78.54163524999376,-2195.71240234375,-2515.400146484375,355.78204345703125,68.0985980258106,0.0,0.0,0.4827840328216553,9,2,2,54,21,236,164,8,4,21,2,4,152,1,0,-2195.712282320258,-2515.400237937817,68.0985980258106,0,0,0,0,0,0
78.79163514999374,-2195.796630859375,-2515.313720703125,355.7721862792969,68.11300466691083,0.0,0.0,0.45255449414253235,9,2,2,54,21,236,164,8,4,21,2,4,152,1,0,-2195.796604472261,-2515.313638786434,68.11300466691083,0,0,0,0,0,0
79.04163504999372,-2195.8740234375,-2515.230712890625,355.7627868652344,68.12721042398049,0.0,0.0,0.424576073884964,9,2,2,54,21,236,164,8,4,21,2,4,152,1,0,-2195.8740207385345,-2515.2306306922646,68.12721042398049,0,0,0,0,0,0
79.29163494999369,-2195.94482421875,-2515.15087890625,355.75384521484375,68.14124843906359,0.0,0.0,0.3979385495185852,9,2,2,54,21,236,164,8,4,21,2,4,152,1,0,-2195.9448627314805,-2515.1509844713755,68.14124843906359,0,0,0,0,0,0
79.54163484999367,-2196.009765625,-2515.07421875,355.7452087402344,68.15511968913461,0.0,0.0,0.3757515847682953,9,2,2,54,21,236,164,8,4,21,2,4,152,1,0,-2196.0096822038977,-2515.0742741156114,68.15511968913461,0,0,0,0,0,0
79.79163474999365,-2196.06884765625,-2515.0,355.7366638183594,68.16886465382669,0.0,0.0,0.35465195775032043,9,2,2,54,21,236,164,8,4,21,2,4,152,1,0,-2196.0688414090578,-2515.000068638175,68.16886465382669,0,0,0,0,0,0
79.95830134999363,-2196.105224609375,-2514.95166015625,355.731201171875,68.17797502210347,0.0,0.0,0.35084354877471924,9,2,2,54,21,236,164,8,4,21,2,4,152,1,0,-2196.1052736383494,-2514.9517282786264,68.17797502210347,0,0,0,0,0,0
80.20830124999361,-2196.15234375,-2514.869384765625,355.7236022949219,68.19254969936519,0.0,0.0,0.36492210626602173,9,2,2,54,21,236,164,8,4,21,2,4,152,1,0,-2196.1523676674447,-2514.869475635961,68.19254969936519,0,0,0,0,0,0
80.45830114999359,-2196.190673828125,-2514.7763671875,355.715576171875,68.20886267912061,0.0,0.0,0.3706921935081482,9,2,2,54,21,236,164,8,4,21,2,4,152,1,0,-2196.190746949291,-2514.7762552324693,68.20886267912061,0,0,0,0,0,0
80.70830104999357,-2196.2275390625,-2514.692138671875,355.706787109375,68.22588623043362,0.0,0.0,0.3343179225921631,9,2,2,54,21,236,164,8,4,21,2,4,152,1,0,-2196.2276144392367,-2514.692184705291,68.22588623043362,0,0,0,0,0,0
80.95830094999354,-2199.413818359375,-2523.01025390625,356.52984619140625,68.255225086033,0.0,0.0,78.7111587524414,9,2,2,54,21,236,164,8,4,21,2,4,152,1,0,-2199.413915692318,-2523.010299989435,68.255225086033,0,0,0,0,0,0
81.20830084999352,-2208.777099609375,-2544.100341796875,359.3147277832031,68.50952306065192,0.0,0.0,111.6195068359375,9,2,2,54,21,236,164,8,4,21,2,4,152,1,0,-2208.7770619803664,-2544.100246355225,68.50952306065192,0,0,0,0,0,0
81.4583007499935,-2223.051025390625,-2573.982177734375,362.9811096191406,69.07598935837049,0.0,0.0,135.0653839111328,9,2,2,54,21,236,164,8,4,21,2,4,152,1,0,-2223.0509058610637,-2573.9821124164987,69.07598935837049,0,0,0,0,0,0
81.62496734999348,-2235.83642578125,-2599.4453125,366.3333435058594,69.720784281371,-1.0,0.0,195.93447875976562,9,2,2,54,21,236,164,8,4,21,2,4,152,1,0,-2235.8363542089296,-2599.445380973189,69.720784281371,0,0,0,0,0,0
81.87496724999346,-2258.80712890625,-2647.755126953125,371.1592102050781,70.78784168580349,-1.0,0.0,243.976806640625,9,2,2,54,21,236,164,8,4,21,2,4,152,1,0,-2258.80719644898,-2647.7551153871786,70.78784168580349,0,0,0,0,0,0
82.12496714999344,-2282.426513671875,-2705.0849609375,378.9571838378906,71.60203411615826,0.0,0.0,224.08642578125,9,2,2,54,21,238,164,8,4,21,2,4,153,1,0,-2282.4265618801774,-2705.0850274932513,71.60203411615826,0,0,0,0,0,0
82.37496704999342,-2300.920166015625,-2750.845458984375,385.5046691894531,72.06141082073754,0.0,0.0,175.489990234375,9,2,3,54,21,238,164,8,4,21,2,4,153,1,0,-2300.9201101166254,-2750.845415396167,72.06141082073754,0,0,0,0,0,0
82.5833002999934,-2312.4912109375,-2783.928955078125,388.4046936035156,72.34679479714463,-1.0,0.0,185.1448211669922,9,2,3,54,21,238,164,8,4,21,2,4,153,1,0,-2312.4912716642657,-2783.9288987103655,72.34679479714463,0,0,0,0,0,0
82.83330019999337,-2323.936767578125,-2828.591796875,394.1785583496094,71.93739135568205,0.0,0.0,159.3298797607422,9,2,3,54,21,240,164,8,4,21,2,4,154,1,0,-2323.936693874062,-2828.5916911718414,71.93739135568205,0,0,0,0,0,0
83.08330009999335,-2332.925537109375,-2869.0068359375,400.93426513671875,70.0283756280812,0.0,0.0,126.72352600097656,9,2,3,54,21,240,164,8,4,21,2,4,154,1,0,-2332.925446044427,-2869.0069388649954,70.0283756280812,0,0,0,0,0,0
83.24996669999334,-2335.013916015625,-2882.685791015625,409.9229431152344,69.08651328666465,-1.0,1.0,77.0381851196289,9,2,3,54,21,240,164,8,4,21,2,4,154,1,0,-2335.0138185026517,-2882.6857085163706,69.08651328666465,0,0,0,0,0,0
83.49996659999331,-2345.74609375,-2909.726806640625,420.71063232421875,68.64263493999077,-1.0,1.0,140.7402801513672,9,2,3,54,21,240,164,8,4,21,2,4,154,1,0,-2345.7461914605256,-2909.7268741723246,68.64263493999077,0,0,0,0,0,0
83.74996649999329,-2362.87109375,-2952.002197265625,425.4891052246094,69.55212499896524,-1.0,1.0,211.2097930908203,9,2,3,54,21,242,164,8,4,21,2,4,155,1,0,-2362.8711431654874,-2952.00222241069,69.55212499896524,0,0,0,0,0,0
83.99996639999327,-2393.099609375,-3014.225830078125,427.84881591796875,70.74495428119835,-1.0,1.0,329.4259033203125,9,2,3,54,21,242,164,8,4,21,2,4,155,1,0,-2393.099546407508,-3014.225789410036,70.74495428119835,0,0,0,0,0,0
84.16663299999325,-2419.022705078125,-3065.0107421875,421.70751953125,71.29139318653291,-1.0,1.0,379.4654235839844,9,2,3,54,21,243,164,8,4,21,2,4,156,1,0,-2419.022728220803,-3065.010708762812,71.29139318653291,0,0,0,0,0,0
84.41663289999323,-2450.33642578125,-3158.10302734375,430.0115051269531,70.6947912780085,-1.0,1.0,422.13726806640625,9,2,3,54,21,244,164,8,4,21,2,4,157,1,0,-2450.3363498978842,-3158.102976852216,70.6947912780085,0,0,0,0,0,0
84.66663279999321,-2477.340087890625,-3269.76806640625,447.53033447265625,67.98600675044169,-1.0,1.0,482.38934326171875,10,2,3,54,21,245,165,8,4,21,2,4,158,1,0,-2477.340071435805,-3269.7679518140617,67.98600675044169,0,0,0,0,0,0
84.87496604999319,-2502.825439453125,-3373.7509765625,457.04632568359375,64.3794303660946,-1.0,1.0,542.0357666015625,9,2,3,54,21,245,165,8,4,21,2,4,158,1,0,-2502.8254995490292,-3373.750991073779,64.3794303660946,0,0,0,0,0,0
85.08329929999317,-2537.397705078125,-3487.157470703125,465.74041748046875,59.88045312399595,-1.0,1.0,595.7333984375,9,2,2,54,21,247,167,8,4,21,2,4,159,1,0,-2537.397728853808,-3487.157416498658,59.88045312399595,0,0,0,0,0,0
85.29163254999315,-2580.643310546875,-3594.193359375,475.87786865234375,55.756695253639016,0.0,0.0,515.7645874023438,9,2,2,54,21,249,169,8,4,21,2,4,160,1,0,-2580.643298850788,-3594.19333662648,55.756695253639016,0,0,0,0,0,0
85.49996579999313,-2627.30908203125,-3675.731689453125,484.1571960449219,53.64986793297614,1.0,-1.0,357.9653015136719,9,2,2,54,21,251,171,8,4,21,2,4,161,1,0,-2627.309141479755,-3675.7316838332054,53.64986793297614,0,0,0,0,0,0
85.70829904999312,-2668.26318359375,-3714.205078125,486.7987060546875,55.36763368141156,1.0,-1.0,188.74343872070312,9,2,2,54,21,253,173,8,4,21,2,4,162,1,0,-2668.2631201847807,-3714.2049714950363,55.36763368141156,0,0,0,0,0,0
85.9166322999931,-2689.094970703125,-3724.958251953125,486.9864501953125,56.97177088037297,1.0,-1.0,49.3040771484375,9,2,2,54,21,253,173,8,4,21,2,4,162,1,0,-2689.0948822036094,-3724.9581965082875,56.97177088037297,0,0,0,0,0,0
86.16663219999307,-2684.1357421875,-3718.540283203125,485.9165954589844,56.43843538921317,1.0,-1.0,108.11421966552734,9,2,2,54,21,253,173,8,4,21,2,4,162,1,0,-2684.1357647261184,-3718.5402846176976,56.43843538921317,0,0,0,0,0,0
86.41663209999305,-2651.0224609375,-3690.932861328125,484.3879089355469,53.92417222360699,1.0,-1.0,232.67991638183594,9,2,2,54,21,253,173,8,4,21,2,4,162,1,0,-2651.0223434965565,-3690.9327878288423,53.92417222360699,0,0,0,0,0,0
86.58329869999304,-2616.797607421875,-3661.787841796875,482.5351257324219,51.76970562635949,1.0,-1.0,310.6339416503906,9,2,2,54,21,253,173,8,4,21,2,4,162,1,0,-2616.797727484739,-3661.7877942864675,51.76970562635949,0,0,0,0,0,0
86.79163194999302,-2559.472412109375,-3614.011962890625,479.5619201660156,48.726861795214106,1.0,-1.0,408.0113830566406,9,2,2,54,21,255,175,8,4,21,2,4,163,1,0,-2559.472293480061,-3614.0118671450728,48.726861795214106,0,0,0,0,0,0
87.041631849993,-2470.052001953125,-3538.789794921875,474.4450988769531,45.261976499556,1.0,0.0,535.827880859375,9,2,3,54,21,255,175,8,4,21,2,4,164,1,0,-2470.052081588552,-3538.789840063454,45.261976499556,0,0,0,0,0,0
87.29163174999297,-2359.349365234375,-3438.549072265625,468.42279052734375,43.57251648802956,1.0,0.0,659.9255981445312,10,2,3,54,21,257,177,8,4,21,2,4,165,1,0,-2359.3493007392003,-3438.549164753326,43.57251648802956,0,0,0,0,0,0
87.41663169999296,-2292.1982421875,-3376.152587890625,464.0238037109375,43.03324050664704,1.0,0.0,716.04931640625,10,2,3,54,21,257,177,8,4,21,2,4,166,0,0,-2296.591436883431,-3380.151837987249,43.081849690734074,10,2,3,0,0,0
87.62496494999294,-2199.12548828125,-3276.908203125,472.0074157714844,45.16341955731278,1.0,1.0,623.4279174804688,9,2,3,54,21,259,178,8,4,21,2,4,167,1,0,-2199.1255582322806,-3276.908300246837,45.16341955731278,0,0,0,0,0,0
87.87496484999292,-2110.0068359375,-3139.08984375,475.49969482421875,51.34434200671956,0.0,1.0,647.4638671875,9,2,3,54,21,261,178,8,4,21,2,4,168,1,0,-2110.0068479278666,-3139.0898582407194,51.34434200671956,0,0,0,0,0,0
88.1249647499929,-2032.137939453125,-3004.92724609375,441.3558044433594,55.402251259014236,0.0,1.0,616.6746826171875,9,2,3,54,21,263,178,8,4,21,2,4,169,1,0,-2032.1379063791956,-3004.927266225532,55.402251259014236,0,0,0,0,0,0
88.24996469999289,-1997.751220703125,-2940.405517578125,412.79156494140625,56.78854641947934,0.0,0.0,603.3951416015625,9,2,3,54,21,265,178,8,4,21,2,4,170,1,0,-1997.7512525638,-2940.405569796794,56.78854641947934,0,0,0,0,0,0
88.45829794999287,-1943.5450439453125,-2828.836669921875,396.586669921875,59.15961754315169,0.0,-1.0,572.766845703125,9,2,3,54,21,267,178,8,4,21,2,4,171,1,0,-1943.545073584204,-2828.836600700118,59.15961754315169,0,0,0,0,0,0
88.70829784999285,-1883.27490234375,-2743.35986328125,399.5018005371094,60.816719814303305,-1.0,0.0,178.23321533203125,9,2,2,54,21,269,178,8,4,21,2,4,172,1,0,-1883.274873172824,-2743.359872460281,60.816719814303305,0,0,0,0,0,0
88.95829774999282,-1855.3182373046875,-2737.819580078125,413.2948913574219,64.38520095747629,-1.0,1.0,89.92350769042969,9,2,2,54,21,269,178,8,4,21,2,4,172,1,0,-1855.3182829353468,-2737.8195188268824,64.38520095747629,0,0,0,0,0,0
89.08329769999281,-1849.0672607421875,-2740.30224609375,411.9551696777344,64.88906612968827,-1.0,1.0,56.813358306884766,9,2,2,54,21,269,178,8,4,21,2,4,172,1,0,-1849.0672842714573,-2740.3021265054504,64.88906612968827,0,0,0,0,0,0
89.33329759999279,-1851.638427734375,-2750.623291015625,395.217041015625,64.84295236586928,-1.0,1.0,96.25166320800781,9,2,3,54,21,269,178,8,4,21,2,4,172,1,0,-1851.6384161363749,-2750.623311227664,64.84295236586928,0,0,0,0,0,0
89.58329749999277,-1865.7159423828125,-2776.98193359375,395.33331298828125,63.972648863152266,-1.0,1.0,159.54315185546875,9,2,3,54,21,269,178,8,4,21,2,4,172,1,0,-1865.7158932255086,-2776.982043239374,63.972648863152266,0,0,0,0,0,0
89.83329739999274,-1874.0594482421875,-2830.398681640625,408.01605224609375,60.79539326376125,-1.0,1.0,263.6726989746094,9,2,3,54,21,269,178,8,4,21,2,4,172,1,0,-1874.0594061452523,-2830.3986119569613,60.79539326376125,0,0,0,0,0,0
89.99996399999273,-1884.66455078125,-2878.6650390625,411.1287841796875,58.093137969374695,-1.0,1.0,299.7950439453125,9,2,3,54,21,269,178,8,4,21,2,4,172,1,0,-1884.6645865851922,-2878.6649771471307,58.093137969374695,0,0,0,0,0,0
90.24996389999271,-1904.468017578125,-2955.2001953125,425.13616943359375,53.34054418839012,-1.0,1.0,342.3858337402344,9,2,3,54,21,271,179,8,4,21,2,4,173,1,0,-1904.4679833187267,-2955.2001620715628,53.34054418839012,0,0,0,0,0,0
90.49996379999268,-1932.631103515625,-2985.201416015625,437.9793395996094,56.35184655114063,-1.0,1.0,171.15585327148438,9,2,3,54,21,271,179,8,4,21,2,4,173,1,0,-1932.631133026202,-2985.2015228699897,56.35184655114063,0,0,0,0,0,0
90.70829704999267,-1957.27587890625,-3017.35400390625,431.9559326171875,57.0881686494959,-1.0,1.0,184.616455078125,9,2,3,54,21,273,179,8,4,21,2,4,174,1,0,-1957.2758869332595,-3017.353934440482,57.0881686494959,0,0,0,0,0,0
90.91663029999265,-1969.1849365234375,-3040.030029296875,434.77276611328125,56.88723948952951,-1.0,1.0,54.47369384765625,9,2,3,54,21,273,179,8,4,21,2,4,174,1,0,-1969.1849613586967,-3040.029989044992,56.88723948952951,0,0,0,0,0,0
91.16663019999262,-1976.6751708984375,-3046.90380859375,453.4556884765625,57.445622111149454,-1.0,1.0,44.89033126831055,9,2,3,54,21,273,179,8,4,21,2,4,174,1,0,-1976.6751922303818,-3046.9039175592993,57.445622111149454,0,0,0,0,0,0
91.4166300999926,-1984.3616943359375,-3054.29248046875,456.2494201660156,57.334752375069385,-1.0,1.0,14.817194938659668,9,2,3,54,21,273,179,8,4,21,2,4,174,1,0,-1984.3617017886666,-3054.292548739575,57.334752375069385,0,0,0,0,0,0
91.58329669999259,-1984.447998046875,-3055.573974609375,454.27880859375,57.50269780118467,-1.0,0.0,21.612075805664062,9,2,3,54,21,273,179,8,4,21,2,4,174,1,0,-1984.448037682957,-3055.573913126595,57.50269780118467,0,0,0,0,0,0
91.79162994999257,-1985.265380859375,-3060.67333984375,452.1584777832031,58.269058458666535,-1.0,-1.0,32.37746810913086,9,2,3,54,21,273,179,8,4,21,2,4,174,1,0,-1985.2653304028759,-3060.6733335384865,58.269058458666535,0,0,0,0,0,0
92.04162984999255,-1986.5809326171875,-3067.35595703125,448.3728942871094,59.16400134017613,-1.0,-1.0,26.424118041992188,9,2,3,54,21,273,179,8,4,21,2,4,174,1,0,-1986.5809754464756,-3067.355861158404,59.16400134017613,0,0,0,0,0,0
92.29162974999252,-1985.5919189453125,-3072.71337890625,444.8127136230469,60.37698381928253,-1.0,-1.0,27.707014083862305,9,2,3,54,21,273,179,8,4,21,2,4,174,1,0,-1985.5919325322773,-3072.7134644133075,60.37698381928253,0,0,0,0,0,0
92.45829634999251,-1983.90966796875,-3074.4013671875,439.4250183105469,61.20264833803648,0.0,0.0,25.4211368560791,9,2,3,54,21,273,179,8,4,21,2,4,174,1,0,-1983.9096439059188,-3074.4013848532536,61.20264833803648,0,0,0,0,0,0
92.70829624999249,-1978.2911376953125,-3062.3115234375,432.5865478515625,62.003624312222065,1.0,1.0,124.62014770507812,9,2,3,54,21,273,179,8,4,21,2,4,174,1,0,-1978.2911341592455,-3062.3115556342145,62.003624312222065,0,0,0,0,0,0
92.95829614999246,-1967.9322509765625,-3013.467041015625,430.71173095703125,64.50169661903249,1.0,1.0,261.3081359863281,9,2,3,54,21,273,179,8,4,21,2,4,174,1,0,-1967.932205478567,-3013.4669918408886,64.50169661903249,0,0,0,0,0,0
93.20829604999244,-1961.541259765625,-2932.149658203125,415.29742431640625,69.83561438592295,1.0,1.0,384.8818054199219,9,2,3,54,21,273,179,8,4,21,2,4,174,1,0,-1961.5413138016113,-2932.149776218162,69.83561438592295,0,0,0,0,0,0
93.41662929999242,-1952.0147705078125,-2838.77392578125,402.7569580078125,74.0379639470219,1.0,1.0,493.5752258300781,9,2,3,54,21,275,179,8,4,21,2,4,175,1,0,-1952.01475186519,-2838.7739649886275,74.0379639470219,0,0,0,0,0,0
93.6666291999924,-1944.703857421875,-2705.17236328125,383.4847412109375,79.30974662887449,0.0,1.0,525.9568481445312,9,2,2,54,21,277,179,8,4,21,2,4,176,1,0,-1944.7038743855942,-2705.172377621074,79.30974662887449,0,0,0,0,0,0
93.91662909999238,-1941.0321044921875,-2579.965087890625,365.33709716796875,82.84044715696903,0.0,1.0,470.9376220703125,9,2,2,54,21,279,179,8,4,21,2,4,177,1,0,-1941.032092912934,-2579.965051812638,82.84044715696903,0,0,0,0,0,0
94.08329569999236,-1942.44775390625,-2504.07177734375,357.1197509765625,85.01159481512519,0.0,0.0,437.9185791015625,9,2,2,54,21,281,179,8,4,21,2,4,178,1,0,-1942.4477156442301,-2504.0718250783757,85.01159481512519,0,0,0,0,0,0
94.33329559999234,-1944.9166259765625,-2419.439697265625,349.1360168457031,89.06658602906334,0.0,0.0,117.45648193359375,9,2,2,54,21,281,179,8,4,21,2,4,178,1,0,-1944.9166421399625,-2419.439798186409,89.06658602906334,0,0,0,0,0,0
94.58329549999232,-1941.739013671875,-2410.508056640625,349.4019775390625,90.98922109586252,0.0,-1.0,9.32242202758789,9,2,2,54,21,281,179,8,4,21,2,4,178,1,0,-1941.7389623886493,-2410.507997210429,90.98922109586252,0,0,0,0,0,0
94.8332953999923,-1941.7593994140625,-2407.744140625,343.8663024902344,91.53099632281332,1.0,-1.0,23.44301414489746,9,2,2,54,21,281,179,8,4,21,2,4,178,1,0,-1941.7594443478708,-2407.744153486708,91.53099632281332,0,0,0,0,0,0
94.99996199999228,-1943.4608154296875,-2401.333740234375,344.621826171875,92.33897736430805,1.0,1.0,41.724884033203125,9,2,2,54,21,281,179,8,4,21,2,4,178,1,0,-1943.4608689253132,-2401.333692643046,92.33897736430805,0,0,0,0,0,0
95.24996189999226,-1946.2120361328125,-2393.40478515625,349.6502685546875,92.9281800984081,0.0,0.0,31.8470516204834,9,2,2,54,21,281,179,8,4,21,2,4,178,1,0,-1946.2120371856677,-2393.4048921278486,92.9281800984081,0,0,0,0,0,0
95.49996179999224,-1945.0302734375,-2384.73828125,342.4929504394531,92.77775304464511,0.0,0.0,45.17902374267578,9,2,2,54,21,283,179,8,4,21,2,4,179,1,0,-1945.0302164367815,-2384.7382028850598,92.77775304464511,0,0,0,0,0,0
95.70829504999222,-1944.2738037109375,-2375.146728515625,340.4342956542969,92.71542121970808,0.0,0.0,56.11342239379883,9,2,2,54,21,283,179,8,4,21,2,4,179,1,0,-1944.273802453673,-2375.1466250789535,92.71542121970808,0,0,0,0,0,0
95.9166282999922,-1944.7894287109375,-2363.110595703125,342.1182861328125,92.8515100255551,0.0,0.0,66.33983612060547,9,2,2,54,21,283,179,8,4,21,2,4,179,1,0,-1944.7893871479619,-2363.1107162965136,92.8515100255551,0,0,0,0,0,0
96.16662819999218,-1944.6624755859375,-2355.9296875,342.6763610839844,93.4697669355735,0.0,0.0,5.967597961425781,9,2,2,54,21,283,179,8,4,21,2,4,179,1,0,-1944.66250197114,-2355.92957479695,93.4697669355735,0,0,0,0,0,0
96.37496144999216,-1944.8402099609375,-2355.25732421875,341.3218994140625,93.58338702118601,0.0,0.0,4.931049346923828,9,2,2,54,21,283,179,8,4,21,2,4,179,1,0,-1944.840190055773,-2355.2572202413385,93.58338702118601,0,0,0,0,0,0
96.54162804999214,-1945.0965576171875,-2354.582763671875,339.7100830078125,93.5312368675703,0.0,0.0,5.856568813323975,9,2,2,54,21,283,179,8,4,21,2,4,179,1,0,-1945.0965167871022,-2354.5827005804495,93.5312368675703,0,0,0,0,0,0
96.74996129999212,-1945.622802734375,-2351.957763671875,339.975830078125,93.49978740965489,1.0,0.0,27.918991088867188,9,2,2,54,21,283,179,8,4,21,2,4,179,1,0,-1945.6228263956027,-2351.957840627352,93.49978740965489,0,0,0,0,0,0
96.9999611999921,-1949.7108154296875,-2344.284423828125,342.1705322265625,94.59616183955124,1.0,-1.0,37.57611846923828,9,2,2,54,21,283,179,8,4,21,2,4,179,1,0,-1949.7108176723239,-2344.2843804726085,94.59616183955124,0,0,0,0,0,0
97.24996109999208,-1959.78857421875,-2329.748291015625,344.19342041015625,96.55219362771287,1.0,-1.0,98.78020477294922,9,2,2,54,21,283,179,8,4,21,2,4,179,1,0,-1959.7886125409793,-2329.7482434792423,96.55219362771287,0,0,0,0,0,0
97.41662769999206,-1970.075439453125,-2310.84423828125,341.3941650390625,98.54988159825605,1.0,-1.0,149.41378784179688,9,2,2,54,21,283,179,8,4,21,2,4,179,1,0,-1970.075414950937,-2310.844199804311,98.54988159825605,0,0,0,0,0,0
97.62496094999204,-1978.2412109375,-2285.605712890625,335.6800231933594,99.9960403864694,1.0,-1.0,60.634071350097656,9,2,2,54,21,283,179,8,4,21,2,4,179,1,0,-1978.2412400620647,-2285.6056020642914,99.9960403864694,0,0,0,0,0,0
97.87496084999202,-1974.52294921875,-2280.58740234375,334.13238525390625,100.81167728830147,1.0,-1.0,9.353068351745605,9,2,2,54,21,283,179,8,4,21,2,4,179,1,0,-1974.52291998639,-2280.5873860847305,100.81167728830147,0,0,0,0,0,0
98.124960749992,-1975.0411376953125,-2276.84765625,335.3656311035156,101.13281981861589,1.0,-1.0,12.423481941223145,9,2,2,54,21,283,179,8,4,21,2,4,179,1,0,-1975.041150071203,-2276.847765198907,101.13281981861589,0,0,0,0,0,0
98.29162734999198,-1975.597412109375,-2273.597900390625,337.4017028808594,101.32874230317182,1.0,-1.0,9.22974681854248,9,2,2,54,21,283,179,8,4,21,2,4,179,1,0,-1975.5974493313736,-2273.59783565941,101.32874230317182,0,0,0,0,0,0
98.49996059999197,-1975.9420166015625,-2270.28515625,336.7231140136719,101.5865938376892,1.0,-1.0,13.121405601501465,9,2,2,54,21,285,179,8,4,21,2,4,180,1,0,-1975.942033934231,-2270.2851682793475,101.5865938376892,0,0,0,0,0,0
98.74996049999194,-1976.23583984375,-2266.7001953125,334.64776611328125,101.89548738610964,1.0,1.0,14.62087631225586,9,2,2,54,21,285,179,8,4,21,2,4,180,1,0,-1976.2358206496842,-2266.700166356612,101.89548738610964,0,0,0,0,0,0
98.99996039999192,-1977.0018310546875,-2261.9541015625,334.89788818359375,102.23060943723429,1.0,0.0,27.894264221191406,9,2,2,54,21,285,179,8,4,21,2,4,180,1,0,-1977.0018821056333,-2261.9540624587185,102.23060943723429,0,0,0,0,0,0
99.1666269999919,-1977.437255859375,-2259.437255859375,335.6404724121094,102.42054778655482,1.0,0.0,20.95995330810547,9,2,2,54,21,285,179,8,4,21,2,4,180,1,0,-1977.437219154536,-2259.437229498485,102.42054778655482,0,0,0,0,0,0
99.41662689999188,-1978.101806640625,-2254.365966796875,335.1397705078125,102.73445019999279,1.0,1.0,10.358956336975098,9,2,2,54,21,285,179,8,4,21,2,4,180,1,0,-1978.1017474479952,-2254.3658657657757,102.73445019999279,0,0,0,0,0,0
99.66662679999186,-1978.6441650390625,-2250.48974609375,333.25897216796875,103.10011630419844,1.0,0.0,23.3267822265625,9,2,2,54,21,285,179,8,4,21,2,4,180,1,0,-1978.6441592991164,-2250.4897319927545,103.10011630419844,0,0,0,0,0,0
99.87496004999184,-1978.8623046875,-2245.373779296875,333.2128601074219,103.50112188848323,1.0,0.0,30.23703956604004,9,2,2,54,21,285,179,8,4,21,2,4,180,1,0,-1978.8622525342716,-2245.3736604771575,103.50112188848323,0,0,0,0,0,0
100.08329329999182,-1978.90771484375,-2240.112548828125,333.5743408203125,103.94270250848194,1.0,0.0,33.2070426940918,9,2,2,54,21,285,179,8,4,21,2,4,180,1,0,-1978.9077261772086,-2240.112514301793,103.94270250848194,0,0,0,0,0,0
100.3332931999918,-1978.7091064453125,-2234.232666015625,332.47271728515625,104.47992152515445,1.0,0.0,20.916719436645508,9,2,2,54,21,285,179,8,4,21,2,4,180,1,0,-1978.709078608293,-2234.2326903144976,104.47992152515445,0,0,0,0,0,0
100.58329309999178,-1979.069091796875,-2227.782470703125,331.3403625488281,105.15153093140646,1.0,0.0,32.436336517333984,9,2,2,54,21,285,179,8,4,21,2,4,180,1,0,-1979.0691088066485,-2227.782519191829,105.15153093140646,0,0,0,0,0,0
100.74995969999176,-1978.828369140625,-2222.0107421875,331.0823059082031,105.55666410758819,1.0,0.0,21.69780731201172,9,2,2,54,21,285,179,8,4,21,2,4,180,1,0,-1978.8284260369178,-2222.0106305937643,105.55666410758819,0,0,0,0,0,0
100.95829294999174,-1979.0272216796875,-2216.4423828125,330.6449890136719,106.07439097394699,1.0,0.0,35.22361755371094,9,2,2,54,21,285,179,8,4,21,2,4,180,1,0,-1979.0271838977717,-2216.4424225011207,106.07439097394699,0,0,0,0,0,0
101.20829284999172,-1978.9248046875,-2210.6630859375,329.7956848144531,106.59933384305536,1.0,0.0,24.247303009033203,9,2,2,54,21,285,179,8,4,21,2,4,180,1,0,-1978.9247588037683,-2210.663015629056,106.59933384305536,0,0,0,0,0,0
101.4582927499917,-1979.48193359375,-2203.12744140625,329.00201416015625,107.14900865978746,1.0,0.0,16.015758514404297,9,2,2,54,21,285,179,8,4,21,2,4,180,1,0,-1979.4819844704734,-2203.1273383884136,107.14900865978746,0,0,0,0,0,0
101.58329269999169,-1980.2122802734375,-2200.430419921875,328.6512756347656,107.44955064021127,1.0,0.0,31.495914459228516,9,2,2,54,21,285,179,8,4,21,2,4,180,1,0,-1980.2122394827852,-2200.430465199774,107.44955064021127,0,0,0,0,0,0
101.79162594999167,-1980.2220458984375,-2194.96923828125,328.2397155761719,107.75382328873461,1.0,0.0,15.38231372833252,9,2,2,54,21,285,179,8,4,21,2,4,180,1,0,-1980.222104460644,-2194.9691658505526,107.75382328873461,0,0,0,0,0,0
102.04162584999165,-1981.263916015625,-2188.2802734375,327.6862487792969,108.1727952811414,1.0,0.0,14.705827713012695,9,2,2,54,21,285,179,8,4,21,2,4,180,1,0,-1981.263914028952,-2188.2803730644664,108.1727952811414,0,0,0,0,0,0
102.29162574999162,-1983.1085205078125,-2181.06103515625,327.1873779296875,108.45023380402495,1.0,-1.0,39.67583465576172,9,2,2,54,21,285,179,8,4,21,2,4,180,1,0,-1983.1084818655308,-2181.060963437279,108.45023380402495,0,0,0,0,0,0
102.41662569999161,-1983.8193359375,-2177.5625,326.7316589355469,108.54490334278313,1.0,0.0,20.75044822692871,9,2,2,54,21,285,179,8,4,21,2,4,180,1,0,-1983.8193833179155,-2177.5623870971367,108.54490334278313,0,0,0,0,0,0
102.6249589499916,-1984.42724609375,-2173.71044921875,325.4644470214844,108.67616570276809,1.0,0.0,18.797325134277344,9,2,2,54,21,285,179,8,4,21,2,4,180,1,0,-1984.4272348495779,-2173.7104182820162,108.67616570276809,0,0,0,0,0,0
102.87495884999157,-1985.3082275390625,-2169.089599609375,325.4085388183594,108.84836565916312,1.0,0.0,17.519073486328125,9,2,2,54,21,285,179,8,4,21,2,4,180,1,0,-1985.3082838703808,-2169.089690733406,108.84836565916312,0,0,0,0,0,0
103.12495874999155,-1986.0120849609375,-2164.624267578125,325.1231994628906,109.02949973116328,1.0,0.0,18.07038688659668,9,2,2,54,21,285,179,8,4,21,2,4,180,1,0,-1986.0120848524286,-2164.624157733126,109.02949973116328,0,0,0,0,0,0
103.24995869999154,-1986.242919921875,-2162.357177734375,324.78936767578125,109.13726225256902,1.0,0.0,18.45931625366211,9,2,2,54,21,285,179,8,4,21,2,4,180,1,0,-1986.2429786644516,-2162.3570976116844,109.13726225256902,0,0,0,0,0,0
103.45829194999152,-1986.4468994140625,-2158.45166015625,324.0890808105469,109.35390255084076,1.0,0.0,18.67833137512207,9,2,2,54,21,285,179,8,4,21,2,4,180,1,0,-1986.4468906608213,-2158.4516241410506,109.35390255084076,0,0,0,0,0,0
103.7082918499915,-1986.556640625,-2154.211669921875,323.35028076171875,109.58186671884995,1.0,-1.0,16.486698150634766,9,2,2,54,21,285,179,8,4,21,2,4,180,1,0,-1986.5566641580167,-2154.2115952760532,109.58186671884995,0,0,0,0,0,0
103.91662509999148,-1986.5714111328125,-2150.3935546875,323.1312561035156,109.83687872222418,1.0,0.0,16.79831886291504,9,2,2,54,21,287,179,8,4,21,2,4,181,1,0,-1986.5714577870488,-2150.3935704728983,109.83687872222418,0,0,0,0,0,0
104.08329169999146,-1986.67822265625,-2147.5107421875,323.4201965332031,110.00905128958904,1.0,0.0,16.147064208984375,9,2,2,54,21,287,179,8,4,21,2,4,181,1,0,-1986.6781933815098,-2147.510673127672,110.00905128958904,0,0,0,0,0,0
104.29162494999144,-1986.783447265625,-2144.286376953125,323.2890319824219,110.18721299636216,1.0,-1.0,14.685986518859863,9,2,2,54,21,287,179,8,4,21,2,4,181,1,0,-1986.783415682698,-2144.286306611072,110.18721299636216,0,0,0,0,0,0
104.54162484999142,-1986.98974609375,-2140.223388671875,322.4716796875,110.41174338056923,1.0,0.0,17.652931213378906,9,2,2,54,21,287,179,8,4,21,2,4,181,1,0,-1986.989803871489,-2140.22336921151,110.41174338056923,0,0,0,0,0,0
104.7916247499914,-1988.6732177734375,-2132.191162109375,322.0226745605469,110.65214755860775,1.0,0.0,35.20227813720703,9,2,2,54,21,287,179,8,4,21,2,4,181,1,0,-1988.6732603014907,-2132.1911390158393,110.65214755860775,0,0,0,0,0,0
104.95829134999138,-1990.52099609375,-2124.7783203125,321.1552734375,110.79945145631241,1.0,-1.0,60.54410171508789,9,2,2,54,21,287,179,8,4,21,2,4,181,1,0,-1990.5209867650701,-2124.77830291998,110.79945145631241,0,0,0,0,0,0
105.20829124999136,-1993.7337646484375,-2109.04248046875,319.1308898925781,110.88733739450961,1.0,-1.0,47.49330520629883,9,2,2,54,21,287,179,8,4,21,2,4,181,1,0,-1993.7337871591226,-2109.042419642147,110.88733739450961,0,0,0,0,0,0
105.45829114999134,-1997.4725341796875,-2089.989990234375,318.04534912109375,110.57664925101923,1.0,-1.0,101.92656707763672,9,2,2,54,21,287,179,8,4,21,2,4,181,1,0,-1997.4725297536627,-2089.989967534239,110.57664925101923,0,0,0,0,0,0
105.70829104999132,-2001.293212890625,-2070.748046875,317.5306396484375,110.3746789015835,1.0,-1.0,66.97100067138672,9,2,2,54,21,287,179,8,4,21,2,4,181,1,0,-2001.2932546841853,-2070.7480257874718,110.3746789015835,0,0,0,0,0,0
105.9166242999913,-2001.9071044921875,-2042.89013671875,316.1048889160156,108.52495897038419,1.0,-1.0,185.1671142578125,9,2,2,54,21,287,179,8,4,21,2,4,181,1,0,-2001.9070577884982,-2042.8901664250122,108.52495897038419,0,0,0,0,0,0
106.12495754999128,-1999.665771484375,-1992.907470703125,313.36895751953125,105.33315766410774,1.0,-1.0,295.1144104003906,8,2,2,54,21,289,179,8,4,21,2,4,182,1,0,-1999.6657492911997,-1992.9074872219953,105.33315766410774,0,0,0,0,0,0
106.37495744999126,-1994.3265380859375,-1905.074951171875,309.72784423828125,100.42357769581015,1.0,-1.0,405.449951171875,8,2,2,54,21,291,181,8,4,21,2,4,183,1,0,-1994.3264778504154,-1905.0749978743959,100.42357769581015,0,0,0,0,0,0
106.54162404999124,-1988.60009765625,-1831.3804931640625,307.11236572265625,97.06380118762102,1.0,-1.0,475.1751403808594,8,2,2,54,21,291,181,8,4,21,2,4,183,1,0,-1988.6001243330834,-1831.3804728589296,97.06380118762102,0,0,0,0,0,0
106.74995729999122,-1994.1234130859375,-1813.2987060546875,324.38836669921875,95.8639159575717,1.0,-1.0,46.72630310058594,8,2,2,54,21,291,181,8,4,21,2,4,183,1,0,-1994.123461603176,-1813.2986711885237,95.8639159575717,0,0,0,0,0,0
106.9999571999912,-2000.9910888671875,-1809.0899658203125,342.0812683105469,95.54336211380746,1.0,-1.0,50.25703811645508,8,2,2,54,21,291,181,8,4,21,2,4,183,1,0,-2000.9910958820267,-1809.0899342156636,95.54336211380746,0,0,0,0,0,0
107.24995709999118,-2002.8253173828125,-1805.642333984375,326.94427490234375,94.62598169844014,1.0,-1.0,39.43552017211914,8,2,2,54,21,291,181,8,4,21,2,4,183,1,0,-2002.8253043348095,-1805.6423380162792,94.62598169844014,0,0,0,0,0,0
107.41662369999116,-2000.6824951171875,-1807.8409423828125,308.4822082519531,94.10983300538652,1.0,-1.0,38.3830451965332,8,2,2,54,21,291,181,8,4,21,2,4,183,1,0,-2000.6824895903699,-1807.8409890187681,94.10983300538652,0,0,0,0,0,0
107.62495694999114,-2003.60498046875,-1810.1005859375,303.9409484863281,94.1466225132247,0.0,0.0,16.17633628845215,8,2,2,54,21,291,181,8,4,21,2,4,183,1,0,-2003.6049733184439,-1810.1006315457805,94.1466225132247,0,0,0,0,0,0
107.87495684999112,-2003.2301025390625,-1812.357177734375,309.4626770019531,94.26364896270411,-1.0,1.0,43.05528259277344,8,2,2,54,21,291,181,8,4,21,2,4,183,1,0,-2003.2301178366954,-1812.3572201009513,94.26364896270411,0,0,0,0,0,0
108.1249567499911,-2007.090087890625,-1841.10546875,307.71759033203125,95.24209484854832,-1.0,1.0,181.94908142089844,8,2,2,54,21,291,181,8,4,21,2,4,183,1,0,-2007.0900549041849,-1841.1054713149415,95.24209484854832,0,0,0,0,0,0
108.29162334999108,-2009.322265625,-1879.4949951171875,309.53460693359375,96.25954966842477,-1.0,1.0,271.0902099609375,8,2,2,54,21,291,181,8,4,21,2,4,183,1,0,-2009.3222937722903,-1879.4950043068006,96.25954966842477,0,0,0,0,0,0
108.54162324999106,-2009.7442626953125,-1962.930908203125,312.826171875,98.20228871549804,-1.0,1.0,384.48284912109375,8,2,2,54,21,291,181,8,4,21,2,4,183,1,0,-2009.7442575385787,-1962.9308893440382,98.20228871549804,0,0,0,0,0,0
108.74995649999104,-2004.1783447265625,-2053.226318359375,317.4825134277344,99.53921331435225,-1.0,1.0,467.6800231933594,9,2,2,54,21,292,181,8,4,21,2,4,184,1,0,-2004.1782950392271,-2053.2262045142506,99.53921331435225,0,0,0,0,0,0
108.99995639999102,-2000.097412109375,-2089.70263671875,320.950439453125,96.44784231610272,-1.0,1.0,16.0552978515625,9,2,2,54,21,292,181,8,4,21,2,4,184,1,0,-2000.0973583002317,-2089.702691364457,96.44784231610272,0,0,0,0,0,0
109.12495634999101,-2001.600341796875,-2091.3564453125,319.8803405761719,96.06832538476773,-1.0,1.0,3.533529758453369,9,2,2,54,21,292,181,8,4,21,2,4,184,1,0,-2001.600291331124,-2091.356340531652,96.06832538476773,0,0,0,0,0,0
109.33328959999099,-2003.2412109375,-2093.47216796875,319.54461669921875,95.59585168860953,-1.0,1.0,27.389297485351562,9,2,2,54,21,292,181,8,4,21,2,4,184,1,0,-2003.2411757241125,-2093.4722723788427,95.59585168860953,0,0,0,0,0,0
109.58328949999097,-2005.559814453125,-2093.9560546875,318.88055419921875,95.33267409860296,1.0,-1.0,14.214738845825195,9,2,2,54,21,292,181,8,4,21,2,4,184,1,0,-2005.559817788069,-2093.955994048933,95.33267409860296,0,0,0,0,0,0
109.83328939999095,-2004.244384765625,-2089.142822265625,318.7412109375,95.70996145437256,1.0,-1.0,39.29924774169922,9,2,2,54,21,292,181,8,4,21,2,4,184,1,0,-2004.244327516825,-2089.142737728667,95.70996145437256,0,0,0,0,0,0
109.99995599999093,-2001.2493896484375,-2073.771240234375,319.4488220214844,94.68441828734696,1.0,-1.0,136.23300170898438,9,2,2,54,21,292,181,8,4,21,2,4,184,1,0,-2001.2493846163213,-2073.771314550052,94.68441828734696,0,0,0,0,0,0
110.24995589999091,-1986.803955078125,-2026.2392578125,317.81396484375,90.91669504270928,1.0,-1.0,256.396240234375,9,2,2,54,21,292,181,8,4,21,2,4,184,1,0,-1986.8039019994555,-2026.2393162173048,90.91669504270928,0,0,0,0,0,0
110.49995579999089,-1958.102783203125,-1953.53857421875,310.9052429199219,85.30707920127809,1.0,-1.0,368.9853515625,8,2,2,54,21,292,181,8,4,21,2,4,184,1,0,-1958.1027853090052,-1953.5385440945029,85.30707920127809,0,0,0,0,0,0
110.70828904999087,-1928.028076171875,-1883.207763671875,308.7781982421875,81.29876539416001,1.0,-1.0,181.7297821044922,8,2,2,54,21,294,183,8,4,21,2,4,185,1,0,-1928.0281335638688,-1883.2077432750186,81.29876539416001,0,0,0,0,0,0
110.91662229999085,-1936.0205078125,-1886.9039306640625,329.1721496582031,80.98102560506268,1.0,-1.0,43.8371467590332,8,2,2,54,21,294,183,8,4,21,2,4,185,1,0,-1936.020540261041,-1886.9039497908109,80.98102560506268,0,0,0,0,0,0
111.16662219999083,-1940.949462890625,-1883.663818359375,330.3572082519531,80.95782751567646,1.0,-1.0,41.64851379394531,8,2,2,54,21,294,183,8,4,21,2,4,185,1,0,-1940.9494834022557,-1883.6637820504325,80.95782751567646,0,0,0,0,0,0
111.4166220999908,-1943.6234130859375,-1883.302978515625,301.8370666503906,81.3345361896286,0.0,0.0,24.987144470214844,8,2,2,54,21,294,183,8,4,21,2,4,185,1,0,-1943.6234679809977,-1883.3029807418382,81.3345361896286,0,0,0,0,0,0
111.58328869999079,-1942.9805908203125,-1883.568603515625,306.6925964355469,81.44756002012517,0.0,0.0,11.872529029846191,8,2,2,54,21,294,183,8,4,21,2,4,185,1,0,-1942.980532215843,-1883.5686096771622,81.44756002012517,0,0,0,0,0,0
