sim_time_s,pose_x_cm,pose_y_cm,pose_z_cm,yaw_deg,throttle_cmd,steer_cmd,speed_cm_s,near_rocks,near_bumps,near_craters,rock_attempts,rock_success,bump_attempts,bump_success,crater_attempts,crater_success,placed_rocks,placed_bumps,placed_craters,refresh_count,refresh_skipped_distance_gate,refresh_force,refresh_center_x_cm,refresh_center_y_cm,refresh_yaw_deg,refresh_rocks_near_before,refresh_bumps_near_before,refresh_craters_near_before,refresh_rocks_added,refresh_bumps_added,refresh_craters_added
0.7083330500000015,2017.7515869140625,-5114.35009765625,342.82940673828125,67.3998966865608,0.0,0.0,21.23689353466034,8,2,2,14,8,2,2,5,2,8,2,2,1,1,0,2017.7515699293913,-5114.350111163041,67.3998966865608,0,0,0,0,0,0
0.8333330000000019,2018.2852783203125,-5111.98486328125,355.4320983886719,67.34040654940266,0.0,0.0,21.746650338172913,8,2,2,14,8,2,2,5,2,8,2,2,1,1,0,2018.2852686945043,-5111.984931072612,67.34040654940266,0,0,0,0,0,0
0.9583329500000023,2019.229736328125,-5109.80908203125,357.4005432128906,67.32214878111019,0.0,0.0,20.81645280122757,8,2,2,14,8,2,2,5,2,8,2,2,1,1,0,2019.229688584932,-5109.808898167754,67.32214878111019,0,0,0,0,0,0
1.1249995500000012,2020.682861328125,-5106.4755859375,346.2886962890625,67.30081708470907,0.0,0.0,22.938811779022217,8,2,2,14,8,2,2,5,2,8,2,2,1,1,0,2020.6828374434047,-5106.475645300959,67.30081708470907,0,0,0,0,0,0
1.2916661499999995,2022.286865234375,-5102.1318359375,338.9238586425781,67.25447137577595,0.0,0.0,26.812651753425598,8,2,2,14,8,2,2,5,2,8,2,2,1,1,0,2022.2868300586601,-5102.131795544608,67.25447137577595,0,0,0,0,0,0
1.4583327499999978,2024.59716796875,-5097.92431640625,343.35345458984375,67.24978712014483,0.0,0.0,27.358144521713257,8,2,2,14,8,2,2,5,2,8,2,2,1,1,0,2024.597137163339,-5097.924075483692,67.24978712014483,0,0,0,0,0,0
1.5833326999999966,2026.066162109375,-5094.68408203125,347.4922790527344,67.23184272168233,0.0,0.0,28.107821941375732,8,2,2,14,8,2,2,5,2,8,2,2,1,1,0,2026.066214504811,-5094.684026570871,67.23184272168233,0,0,0,0,0,0
1.749999299999995,2027.77001953125,-5090.26171875,347.5103454589844,67.20824100940334,0.0,0.0,29.288211464881897,8,2,2,14,8,2,2,5,2,8,2,2,1,1,0,2027.7700374165502,-5090.261744029097,67.20824100940334,0,0,0,0,0,0
1.9999991999999924,2029.841552734375,-5083.646484375,342.73101806640625,67.08044088017891,0.0,0.0,31.882232427597046,8,2,2,14,8,2,2,5,2,8,2,2,1,1,0,2029.8415990343756,-5083.646506875069,67.08044088017891,0,0,0,0,0,0
2.2499990999999966,2031.3480224609375,-5076.45947265625,344.9434814453125,66.89567661538611,0.0,0.0,34.92041528224945,8,2,2,14,8,2,2,5,2,8,2,2,1,1,0,2031.3480585486952,-5076.459646868461,66.89567661538611,0,0,0,0,0,0
2.45833235,2033.4224853515625,-5069.46142578125,346.0854187011719,66.84114381938686,0.0,0.0,37.20718324184418,8,2,2,14,8,2,2,5,2,8,2,2,1,1,0,2033.422465465013,-5069.461184622478,66.84114381938686,0,0,0,0,0,0
2.708332250000004,2037.26708984375,-5060.53466796875,343.4273681640625,66.90490920412297,0.0,0.0,36.012011766433716,8,2,2,14,8,2,2,5,2,8,2,2,1,1,0,2037.2670521681534,-5060.534699243952,66.90490920412297,0,0,0,0,0,0
2.9166655000000077,2040.3916015625,-5054.09521484375,343.25531005859375,66.99829946911437,0.0,0.0,31.748715043067932,8,2,2,14,8,2,2,5,2,8,2,2,1,1,0,2040.3915702152794,-5054.095124118797,66.99829946911437,0,0,0,0,0,0
3.166665400000012,2043.09912109375,-5046.5126953125,344.0356140136719,67.0354005016114,0.0,0.0,35.34727394580841,8,2,2,14,8,2,2,5,2,8,2,2,1,1,0,2043.0990631927252,-5046.512825630681,67.0354005016114,0,0,0,0,0,0
3.416665300000016,2045.98876953125,-5037.2275390625,342.9423522949219,67.00259990698098,0.0,0.0,45.51250636577606,8,2,2,14,8,2,2,5,2,8,2,2,1,1,0,2045.9887765099463,-5037.227689805057,67.00259990698098,0,0,0,0,0,0
3.66666520000002,2050.2353515625,-5025.56787109375,342.255126953125,66.99254657767962,0.0,0.0,52.72963047027588,8,2,2,14,8,2,2,5,2,8,2,2,1,1,0,2050.2353848048056,-5025.567682444296,66.99254657767962,0,0,0,0,0,0
3.958331750000025,2056.1494140625,-5010.16259765625,340.5678405761719,66.98518453669685,0.0,0.0,60.545510053634644,8,2,2,14,8,2,2,5,2,8,2,2,1,1,0,2056.149316399684,-5010.162608895642,66.98518453669685,0,0,0,0,0,0
4.1666650000000285,2060.937744140625,-4997.80419921875,339.5581970214844,66.95706180750962,0.0,0.0,66.56242609024048,8,2,2,14,8,2,2,5,2,8,2,2,2,1,0,2060.9377518028355,-4997.803963449787,66.95706180750962,0,0,0,0,0,0
4.416664900000033,2067.081787109375,-4981.595703125,338.0801086425781,66.97288567842541,0.0,0.0,71.70897126197815,8,2,2,14,8,2,2,5,2,8,2,2,2,1,0,2067.081740445453,-4981.595919205543,66.97288567842541,0,0,0,0,0,0
4.624998150000036,2072.63330078125,-4967.38525390625,336.6291198730469,66.96253857732606,0.0,0.0,75.34040212631226,8,2,2,14,8,2,2,5,2,8,2,2,2,1,0,2072.63318673367,-4967.385133531851,66.96253857732606,0,0,0,0,0,0
4.87499805000004,2079.45361328125,-4949.49853515625,335.008544921875,66.9316117193278,0.0,0.0,77.7131199836731,8,2,2,14,8,2,2,5,2,8,2,2,2,1,0,2079.4536022827583,-4949.498466630936,66.9316117193278,0,0,0,0,0,0
5.166664600000045,2086.44140625,-4929.63232421875,334.7717590332031,66.87175759003188,0.0,0.0,72.10937738418579,8,2,2,14,8,2,2,5,2,8,2,2,2,1,0,2086.441356459457,-4929.63240893712,66.87175759003188,0,0,0,0,0,0
5.45833115000005,2093.970703125,-4909.58984375,333.83111572265625,66.92932858248825,0.0,0.0,70.46945691108704,8,2,2,14,8,2,2,5,2,8,2,2,2,1,0,2093.970588670963,-4909.5896139367815,66.92932858248825,0,0,0,0,0,0
5.708331050000054,2102.316650390625,-4893.69482421875,331.37567138671875,67.07808845545111,0.0,0.0,66.99366569519043,7,2,2,14,8,2,2,5,2,8,2,2,2,1,0,2102.316601495744,-4893.694766708079,67.07808845545111,0,0,0,0,0,0
5.958330950000058,2108.43994140625,-4881.40478515625,329.79449462890625,66.82069772400423,0.0,0.0,37.95000612735748,8,2,2,17,9,3,3,5,2,9,2,2,3,1,0,2108.4399467867206,-4881.404859033857,66.82069772400423,0,0,0,0,0,0
6.2083308500000625,2108.1064453125,-4877.54736328125,331.4721374511719,66.37945592287495,0.0,0.0,17.542918026447296,8,2,2,17,9,3,3,5,2,9,2,2,3,1,0,2108.1065592500645,-4877.547599789417,66.37945592287495,0,0,0,0,0,0
6.458330750000067,2105.408203125,-4879.337890625,332.4275207519531,65.94540015872016,0.0,0.0,11.418347805738449,8,2,2,17,9,3,3,5,2,9,2,2,3,1,0,2105.4082194964312,-4879.337863796955,65.94540015872016,0,0,0,0,0,0
6.708330650000071,2105.056396484375,-4882.61767578125,331.15557861328125,65.9019505717484,0.0,0.0,20.187416672706604,8,2,2,17,9,3,3,5,2,9,2,2,3,1,0,2105.056456309259,-4882.617904550238,65.9019505717484,0,0,0,0,0,0
6.999997200000076,2104.424560546875,-4886.43896484375,328.3936462402344,65.87084540230681,0.0,0.0,8.028114587068558,8,2,2,17,9,3,3,5,2,9,2,2,3,1,0,2104.4244568261697,-4886.439152810045,65.87084540230681,0,0,0,0,0,0
7.24999710000008,2103.724853515625,-4886.25634765625,330.0039978027344,65.87346081383441,0.0,0.0,10.111396759748459,8,2,2,17,9,3,3,5,2,9,2,2,3,1,0,2103.724744003891,-4886.256569626516,65.87346081383441,0,0,0,0,0,0
7.458330350000083,2103.643310546875,-4884.068359375,330.73486328125,65.8505395998969,0.0,0.0,13.418158888816833,8,2,2,17,9,3,3,5,2,9,2,2,3,1,0,2103.643291021665,-4884.068263818015,65.8505395998969,0,0,0,0,0,0
7.749996900000088,2104.300048828125,-4881.50927734375,330.7251892089844,65.80880052157761,0.0,0.0,3.4889820963144302,8,2,2,17,9,3,3,5,2,9,2,2,3,1,0,2104.2999373093926,-4881.509228419468,65.80880052157761,0,0,0,0,0,0
8.041663450000089,2104.037841796875,-4882.03466796875,330.21673583984375,65.72605311587706,0.0,0.0,6.019126623868942,8,2,2,17,9,3,3,5,2,9,2,2,3,1,0,2104.037893477848,-4882.034489143213,65.72605311587706,0,0,0,0,0,0
8.24999670000007,2103.47998046875,-4883.1875,330.18701171875,65.68464478001533,0.0,0.0,5.436853319406509,8,2,2,17,9,3,3,5,2,9,2,2,3,1,0,2103.480048599398,-4883.187392019117,65.68464478001533,0,0,0,0,0,0
8.458329950000051,2103.114501953125,-4883.740234375,330.0865783691406,65.67480572379397,0.0,0.0,1.1265072040259838,8,2,2,17,9,3,3,5,2,9,2,2,3,1,0,2103.1146161565034,-4883.740112209229,65.67480572379397,0,0,0,0,0,0
8.708329850000029,2103.03466796875,-4883.31787109375,330.046630859375,65.66950429696378,0.0,0.0,3.44240665435791,8,2,2,17,9,3,3,5,2,9,2,2,3,1,0,2103.034557513633,-4883.317916477309,65.66950429696378,0,0,0,0,0,0
8.958329750000006,2103.020751953125,-4882.36962890625,330.2153625488281,65.63529783943459,0.0,0.0,4.294887185096741,8,2,2,17,9,3,3,5,2,9,2,2,3,1,0,2103.020673929194,-4882.369806426175,65.63529783943459,0,0,0,0,0,0
9.166662999999987,2102.94384765625,-4881.61572265625,330.2921447753906,65.57988076664593,0.0,0.0,3.5210050642490387,8,2,2,17,9,3,3,5,2,9,2,2,3,1,0,2102.943740537987,-4881.61577691611,65.57988076664593,0,0,0,0,0,0
9.416662899999965,2102.7861328125,-4880.97119140625,330.1778259277344,65.49639493218906,0.0,0.0,2.0038800314068794,8,2,2,17,9,3,3,5,2,9,2,2,3,1,0,2102.786229598992,-4880.9712274914955,65.49639493218906,0,0,0,0,0,0
9.666662799999942,2102.527587890625,-4880.6669921875,330.0644226074219,65.41127768042823,0.0,0.0,1.4523339457809925,8,2,2,17,9,3,3,5,2,9,2,2,3,1,0,2102.527648936117,-4880.667107918749,65.41127768042823,0,0,0,0,0,0
9.874996049999924,2102.26953125,-4880.484375,330.012451171875,65.34400338375559,0.0,0.0,1.6316795721650124,8,2,2,17,9,3,3,5,2,9,2,2,3,1,0,2102.2696428165145,-4880.484540289287,65.34400338375559,0,0,0,0,0,0
10.124995949999901,2102.00341796875,-4880.1181640625,329.9573669433594,65.26854204931811,0.0,0.0,2.1767040714621544,8,2,2,17,9,3,3,5,2,9,2,2,3,1,0,2102.0033752748677,-4880.118262621478,65.26854204931811,0,0,0,0,0,0
10.374995849999879,2101.792236328125,-4879.580078125,329.91546630859375,65.19355777588413,0.0,0.0,2.6068661361932755,8,2,2,17,9,3,3,5,2,9,2,2,3,1,0,2101.7922489688217,-4879.57990319247,65.19355777588413,0,0,0,0,0,0
10.624995749999856,2101.584228515625,-4879.0068359375,329.8917541503906,65.11555460627667,0.0,0.0,2.5082916021347046,8,2,2,17,9,3,3,5,2,9,2,2,3,1,0,2101.5841541842665,-4879.006836268086,65.11555460627667,0,0,0,0,0,0
10.833328999999837,2101.39599609375,-4878.58056640625,329.85882568359375,65.04896576600092,0.0,0.0,2.2158516570925713,8,2,2,17,9,3,3,5,2,9,2,2,3,1,0,2101.3960292896904,-4878.580746970577,65.04896576600092,0,0,0,0,0,0
11.083328899999815,2101.154541015625,-4878.14599609375,329.7921142578125,64.96911873470711,0.0,0.0,1.9627446308732033,8,2,2,17,9,3,3,5,2,9,2,2,3,1,0,2101.1545933502207,-4878.145835704202,64.96911873470711,0,0,0,0,0,0
11.291662149999796,2100.94482421875,-4877.814453125,329.73455810546875,64.90349015945432,0.0,0.0,1.9534455612301826,8,2,2,17,9,3,3,5,2,9,2,2,3,1,0,2100.944771330746,-4877.814436326041,64.90349015945432,0,0,0,0,0,0
11.541662049999774,2100.69384765625,-4877.39697265625,329.6802673339844,64.82589017663976,0.0,0.0,2.1164357662200928,8,2,2,17,9,3,3,5,2,9,2,2,3,1,0,2100.6937524581604,-4877.397086203341,64.82589017663976,0,0,0,0,0,0
11.791661949999751,2100.455078125,-4876.9306640625,329.6347351074219,64.74886971881268,0.0,0.0,2.2628365084528923,8,2,2,17,9,3,3,5,2,9,2,2,3,1,0,2100.455002512531,-4876.930567165229,64.74886971881268,0,0,0,0,0,0
12.041661849999729,2100.242431640625,-4876.4521484375,329.59576416015625,64.6763044052283,0.0,0.0,2.0833224058151245,8,2,2,17,9,3,3,5,2,9,2,2,3,1,0,2100.2424020500157,-4876.452202744812,64.6763044052283,0,0,0,0,0,0
12.24999509999971,2100.08740234375,-4876.10693359375,329.5749206542969,64.622234227852,0.0,0.0,1.737932488322258,8,2,2,17,9,3,3,5,2,9,2,2,3,1,0,2100.0875204074464,-4876.106828209591,64.622234227852,0,0,0,0,0,0
12.458328349999691,2099.923828125,-4875.8330078125,329.5396423339844,64.57078783782761,0.0,0.0,1.478070579469204,8,2,2,17,9,3,3,5,2,9,2,2,3,1,0,2099.923948317716,-4875.832786181843,64.57078783782761,0,0,0,0,0,0
12.749994899999665,2099.676513671875,-4875.5107421875,329.47308349609375,64.50079023670233,0.0,0.0,1.4240261167287827,8,2,2,17,9,3,3,5,2,9,2,2,3,1,0,2099.6765392613897,-4875.51061635281,64.50079023670233,0,0,0,0,0,0
12.999994799999643,2099.467529296875,-4875.21142578125,329.42913818359375,64.4425947645469,0.0,0.0,1.5893056988716125,8,2,2,17,9,3,3,5,2,9,2,2,3,1,0,2099.4674604550005,-4875.211580865901,64.4425947645469,0,0,0,0,0,0
13.24999469999962,2099.267578125,-4874.8671875,329.39971923828125,64.38536223276793,0.0,0.0,1.707707718014717,8,2,2,17,9,3,3,5,2,9,2,2,3,1,0,2099.2675717702514,-4874.867431198877,64.38536223276793,0,0,0,0,0,0
13.541661249999594,2099.037841796875,-4874.45458984375,329.3652038574219,64.31910810619792,0.0,0.0,1.6349978744983673,8,2,2,17,9,3,3,5,2,9,2,2,3,1,0,2099.037818963641,-4874.454722717884,64.31910810619792,0,0,0,0,0,0
13.791661149999571,2098.832763671875,-4874.13330078125,329.32537841796875,64.26261694723925,0.0,0.0,1.5226038172841072,8,2,2,17,9,3,3,5,2,9,2,2,3,1,0,2098.832772014004,-4874.1334181419015,64.26261694723925,0,0,0,0,0,0
14.041661049999549,2098.619384765625,-4873.83642578125,329.28204345703125,64.20679962689,0.0,0.0,1.5026268549263477,8,2,2,17,9,3,3,5,2,9,2,2,3,1,0,2098.619436749978,-4873.836341524788,64.20679962689,0,0,0,0,0,0
14.24999429999953,2101.1064453125,-4866.8076171875,328.7282409667969,64.32780878041464,1.0,1.0,69.41211819648743,8,2,2,17,9,3,3,5,2,9,2,2,3,1,0,2101.106446684495,-4866.80765483021,64.32780878041464,0,0,0,0,0,0
14.458327549999511,2109.55078125,-4843.033203125,330.8858947753906,65.17829809746374,1.0,1.0,149.1688847541809,8,2,2,17,9,3,3,5,2,9,2,2,3,1,0,2109.5507207103624,-4843.033254761438,65.17829809746374,0,0,0,0,0,0
14.749994099999485,2120.14306640625,-4774.716796875,338.0142822265625,68.85399609131929,1.0,1.0,307.96141624450684,8,2,2,17,9,3,3,5,2,9,2,2,3,1,0,2120.1429511534066,-4774.716920806562,68.85399609131929,0,0,0,0,0,0
14.958327349999466,2129.140625,-4703.513671875,327.5303955078125,71.81425761157115,1.0,1.0,389.54083919525146,8,2,2,17,9,4,4,5,2,9,2,2,4,1,0,2129.140630177783,-4703.5136669191825,71.81425761157115,0,0,0,0,0,0
15.208327249999444,2137.669189453125,-4602.169921875,295.2005920410156,75.71676298420691,1.0,1.0,472.8499412536621,8,2,2,17,9,5,5,5,2,9,2,2,5,1,0,2137.669178882017,-4602.170002686525,75.71676298420691,0,0,0,0,0,0
15.416660499999425,2132.37548828125,-4492.244140625,281.1065368652344,80.93295034435836,1.0,1.0,570.0489521026611,8,2,2,17,9,7,7,5,2,9,2,2,6,1,0,2132.375393757753,-4492.244201900538,80.93295034435836,0,0,0,0,0,0
15.666660399999403,2111.059814453125,-4340.51171875,263.1659240722656,88.54725928942551,1.0,1.0,621.7452049255371,8,2,2,17,9,9,9,5,2,9,2,2,7,1,0,2111.0598430648606,-4340.51149405415,88.54725928942551,0,0,0,0,0,0
15.874993649999384,2068.40869140625,-4210.99951171875,243.96734619140625,96.06204100781423,1.0,1.0,661.8712425231934,8,2,2,17,9,11,10,5,2,9,2,2,8,1,0,2068.4087846921025,-4210.999514352718,96.06204100781423,0,0,0,0,0,0
16.124993549999363,2008.3092041015625,-4039.21923828125,227.43362426757812,103.0351784360804,1.0,1.0,742.6790237426758,8,2,1,18,10,15,12,5,2,10,2,2,10,1,0,2008.3092025151316,-4039.2192173309672,103.0351784360804,0,0,0,0,0,0
16.37499344999934,1921.90087890625,-3861.3798828125,210.4473876953125,110.38135871470477,1.0,0.0,810.7964515686035,7,2,2,18,10,17,13,11,3,10,2,3,11,1,0,1921.9008817939116,-3861.379838073208,110.38135871470477,0,0,0,0,0,0
16.541660049999326,1869.91259765625,-3732.4970703125,210.0755157470703,110.46961523290285,1.0,0.0,827.5100708007812,7,2,2,19,11,19,14,11,3,11,2,3,12,1,0,1869.9125740528207,-3732.4969967799425,110.46961523290285,0,0,0,0,0,0
16.749993299999307,1829.5128173828125,-3563.010009765625,224.6468048095703,107.07472742664953,1.0,0.0,821.6731071472168,8,2,2,21,12,22,15,11,3,12,2,3,14,1,0,1829.5128193780447,-3563.0099171533475,107.07472742664953,0,0,0,0,0,0
16.95832654999929,1799.342529296875,-3390.673583984375,233.38417053222656,103.57741039362702,1.0,1.0,850.4837989807129,8,2,2,24,13,23,15,11,3,13,2,3,15,1,0,1799.3425095762916,-3390.6736752705087,103.57741039362702,0,0,0,0,0,0
17.16665979999927,1769.5374755859375,-3216.972412109375,221.53451538085938,101.82818288688968,1.0,1.0,869.1758155822754,8,2,2,24,13,26,16,11,3,13,2,3,17,1,0,1769.537431074791,-3216.9725279122254,101.82818288688968,0,0,0,0,0,0
17.37499304999925,1720.7618408203125,-3064.74169921875,217.63330078125,107.40612341248094,1.0,1.0,701.6081809997559,8,2,2,24,13,28,18,11,3,13,2,3,18,1,0,1720.761877167822,-3064.741580584063,107.40612341248094,0,0,0,0,0,0
17.62499294999923,1621.0458984375,-2929.488037109375,257.1458740234375,119.13922922476631,1.0,1.0,651.106595993042,8,2,2,24,13,30,20,11,3,13,2,3,19,1,0,1621.0458428829004,-2929.4879420629372,119.13922922476631,0,0,0,0,0,0
17.83332619999921,1511.494873046875,-2843.963134765625,273.2511291503906,130.92125459680193,1.0,0.0,656.4797401428223,8,2,2,24,13,32,22,11,3,13,2,3,20,1,0,1511.494911722443,-2843.963018234999,130.92125459680193,0,0,0,0,0,0
18.04165944999919,1385.5888671875,-2767.03076171875,280.7355651855469,139.69756058011836,1.0,0.0,695.6432342529297,8,2,2,28,14,36,26,11,3,14,2,3,22,0,0,1390.5466988065114,-2769.746312505334,139.4109852528311,7,2,2,1,2,0
18.208326049999176,1289.009765625,-2717.710205078125,277.158203125,144.47697857221627,1.0,0.0,716.7539596557617,7,2,2,28,14,36,26,11,3,14,2,3,22,1,0,1289.009706555265,-2717.7102802782147,144.47697857221627,0,0,0,0,0,0
18.458325949999153,1123.5115966796875,-2644.065185546875,249.0635528564453,149.5619122413122,1.0,0.0,771.4484214782715,7,2,2,35,15,40,30,11,3,15,2,3,24,1,0,1123.5116173076356,-2644.0650956017935,149.5619122413122,0,0,0,0,0,0
18.70832584999913,972.302734375,-2572.61572265625,215.47845458984375,148.32254535084599,0.0,0.0,493.3840274810791,8,2,2,40,16,40,30,11,3,16,2,3,25,1,0,972.3027410702496,-2572.615731721505,148.32254535084599,0,0,0,0,0,0
18.95832574999911,899.73193359375,-2508.8818359375,256.5931701660156,144.2606470457729,0.0,0.0,352.4113178253174,8,2,2,40,16,42,32,11,3,16,2,3,26,1,0,899.731932270241,-2508.881922816129,144.2606470457729,0,0,0,0,0,0
19.16665899999909,849.8363647460938,-2453.423828125,266.2986145019531,141.3161286026507,0.0,0.0,349.00362491607666,8,2,2,40,16,42,32,11,3,16,2,3,27,1,0,849.836386583862,-2453.4238316413584,141.3161286026507,0,0,0,0,0,0
19.416658899999067,792.79638671875,-2385.345947265625,236.21324157714844,138.9059332282188,0.0,0.0,341.36996269226074,8,2,2,40,16,42,32,11,3,16,2,3,27,1,0,792.7964065465756,-2385.3459876509414,138.9059332282188,0,0,0,0,0,0
19.62499214999905,747.06884765625,-2338.976318359375,206.69027709960938,139.97531701412422,0.0,0.0,284.840989112854,8,2,2,40,16,44,34,11,3,16,2,3,28,1,0,747.0688563695952,-2338.97626248456,139.97531701412422,0,0,0,0,0,0
19.874992049999026,693.9274291992188,-2306.565673828125,228.40504455566406,141.44384899006613,0.0,0.0,229.28946018218994,8,2,2,40,16,44,34,11,3,16,2,3,28,1,0,693.9274103789802,-2306.5657654733604,141.44384899006613,0,0,0,0,0,0
20.124991949999004,646.412353515625,-2276.48779296875,228.5159912109375,142.43828975370695,0.0,0.0,205.11047840118408,8,2,2,40,16,44,34,11,3,16,2,3,29,1,0,646.4123778358553,-2276.4879089223778,142.43828975370695,0,0,0,0,0,0
20.416658499998977,601.0244750976562,-2247.597900390625,223.7699737548828,143.34658572364623,0.0,0.0,157.51670598983765,8,2,2,40,16,44,34,11,3,16,2,3,29,1,0,601.0244856542749,-2247.5978088650695,143.34658572364623,0,0,0,0,0,0
20.666658399998955,569.401123046875,-2228.039306640625,231.09165954589844,143.76382685429994,0.0,0.0,136.33102178573608,8,2,2,40,16,45,35,11,3,16,2,3,30,1,0,569.4011165628237,-2228.039243878972,143.76382685429994,0,0,0,0,0,0
20.83332499999894,551.4089965820312,-2216.15576171875,230.548095703125,143.94836449449892,0.0,0.0,121.59812450408936,8,2,2,40,16,45,35,11,3,16,2,3,30,1,0,551.4089788657377,-2216.155853828044,143.94836449449892,0,0,0,0,0,0
21.083324899998917,530.5442504882812,-2200.51318359375,229.46543884277344,144.1031044982478,0.0,0.0,94.55240368843079,8,2,2,40,16,45,35,11,3,16,2,3,30,1,0,530.5442505069088,-2200.5131488106895,144.1031044982478,0,0,0,0,0,0
21.333324799998895,512.3548583984375,-2187.3369140625,231.43234252929688,144.26903850073091,1.0,1.0,118.35527420043945,8,2,2,40,16,45,35,11,3,16,2,3,30,1,0,512.354876898772,-2187.337006311097,144.26903850073091,0,0,0,0,0,0
21.541658049998876,481.546875,-2163.964599609375,234.8531494140625,143.96258821317275,1.0,1.0,217.46957302093506,8,2,2,40,16,46,36,11,3,16,2,3,31,0,0,482.98560005343336,-2165.1659579032357,143.99295672569477,8,2,2,0,1,0
21.791657949998854,433.97210693359375,-2119.3447265625,242.69500732421875,142.67013078990354,1.0,1.0,327.92255878448486,8,2,2,40,16,46,36,11,3,16,2,3,31,1,0,433.97212213194945,-2119.3448153997856,142.67013078990354,0,0,0,0,0,0
22.04165784999883,369.0786437988281,-2056.382080078125,236.70733642578125,141.4837250148685,1.0,1.0,411.4756107330322,8,2,2,44,17,47,37,11,3,17,2,3,32,1,0,369.07864341808596,-2056.3821230320714,141.4837250148685,0,0,0,0,0,0
22.249991099998812,307.2762451171875,-1999.9638671875,241.80926513671875,141.6095444862266,1.0,1.0,425.1650810241699,8,2,2,44,17,47,37,11,3,17,2,3,32,1,0,307.2762532680716,-1999.9638800148123,141.6095444862266,0,0,0,0,0,0
22.3749910499988,267.36322021484375,-1963.6834716796875,248.56019592285156,141.24814024702914,1.0,1.0,447.4339962005615,8,2,2,44,17,48,38,11,3,17,2,3,33,1,0,267.36322538644754,-1963.6835027268062,141.24814024702914,0,0,0,0,0,0
22.62499094999878,172.472412109375,-1901.2388916015625,236.59832763671875,143.6295075288455,1.0,1.0,482.2464942932129,8,2,2,44,17,49,39,11,3,17,2,3,34,1,0,172.4724193044251,-1901.2388609072111,143.6295075288455,0,0,0,0,0,0
22.874990849998756,60.34560775756836,-1846.40283203125,222.75949096679688,148.220724492977,1.0,1.0,490.7949924468994,8,2,2,44,17,49,39,11,3,17,2,3,35,1,0,60.34560590790772,-1846.4028311572413,148.220724492977,0,0,0,0,0,0
23.124990749998734,-51.33159255981445,-1825.0240478515625,240.9370880126953,154.90566786846955,0.0,1.0,424.3143558502197,8,2,2,44,17,51,39,11,3,17,2,3,36,1,0,-51.33159424205866,-1825.0240736833675,154.90566786846955,0,0,0,0,0,0
23.29165734999872,-120.22852325439453,-1825.2996826171875,240.3424530029297,159.596431348318,0.0,1.0,388.83821964263916,8,2,2,44,17,51,39,11,3,17,2,3,36,1,0,-120.22852337025638,-1825.2996570347786,159.596431348318,0,0,0,0,0,0
23.4999905999987,-193.81689453125,-1827.7537841796875,233.07415771484375,163.9162981703356,0.0,1.0,288.48021030426025,8,2,2,44,17,53,39,11,3,17,2,3,37,1,0,-193.81689117282886,-1827.7537679550646,163.9162981703356,0,0,0,0,0,0
23.749990499998678,-250.54214477539062,-1831.3228759765625,244.0458984375,167.51437810728112,0.0,1.0,191.01401567459106,8,2,2,44,17,53,39,11,3,17,2,3,37,1,0,-250.5421403680522,-1831.322873313017,167.51437810728112,0,0,0,0,0,0
23.999990399998655,-288.7463684082031,-1837.7001953125,248.397705078125,169.96381203736863,0.0,1.0,125.33527612686157,8,2,2,44,17,55,39,11,3,17,2,3,38,1,0,-288.7463802588425,-1837.700160747212,169.96381203736863,0,0,0,0,0,0
24.16665699999864,-312.0208435058594,-1841.808349609375,248.37753295898438,171.69666627598568,1.0,1.0,159.45061445236206,8,2,2,44,17,55,39,11,3,17,2,3,38,1,0,-312.02084199474484,-1841.8084062760017,171.69666627598568,0,0,0,0,0,0
24.416656899998618,-365.36334228515625,-1848.4791259765625,248.18849182128906,174.94776422701776,1.0,1.0,130.10797500610352,8,2,2,44,17,55,39,11,3,17,2,3,38,1,0,-365.3633559300464,-1848.4790990068886,174.94776422701776,0,0,0,0,0,0
24.666656799998595,-358.56170654296875,-1853.52490234375,259.6225280761719,174.67761546915537,1.0,1.0,37.34507858753204,8,2,2,44,17,55,39,11,3,17,2,3,38,1,0,-358.56171677280713,-1853.5248965046158,174.67761546915537,0,0,0,0,0,0
24.874990049998576,-357.4994812011719,-1853.858154296875,254.4190673828125,174.57908158554469,1.0,1.0,23.78198653459549,8,2,2,44,17,55,39,11,3,17,2,3,38,1,0,-357.4994701723854,-1853.8581731161028,174.57908158554469,0,0,0,0,0,0
25.083323299998558,-354.05474853515625,-1850.3511962890625,245.79824829101562,174.39699127512534,0.0,0.0,45.68237364292145,8,2,2,44,17,55,39,11,3,17,2,3,38,1,0,-354.054738002186,-1850.3512112906544,174.39699127512534,0,0,0,0,0,0
25.333323199998535,-333.7611083984375,-1851.3935546875,246.5157470703125,174.52537731901575,-1.0,-1.0,131.5970778465271,8,2,2,44,17,55,39,11,3,17,2,3,38,1,0,-333.761098028759,-1851.3936061028676,174.52537731901575,0,0,0,0,0,0
25.583323099998513,-291.82476806640625,-1866.17626953125,248.1862335205078,176.6517852581262,-1.0,-1.0,212.03460693359375,8,2,2,44,17,55,39,11,3,17,2,3,38,1,0,-291.8247592342422,-1866.1763221223212,176.6517852581262,0,0,0,0,0,0
25.791656349998494,-242.75465393066406,-1883.2879638671875,246.28225708007812,179.8441860093711,-1.0,-1.0,288.5026216506958,8,2,2,44,17,55,39,11,3,17,2,3,38,1,0,-242.7546529793142,-1883.2880026033638,179.8441860093711,0,0,0,0,0,0
26.04165624999847,-170.11119079589844,-1897.7252197265625,241.03341674804688,-176.36615201200354,0.0,0.0,292.0943260192871,8,2,2,44,17,55,39,11,3,17,2,3,38,1,0,-170.11119016515948,-1897.7252564798225,-176.36615201200354,0,0,0,0,0,0
26.249989499998453,-116.10955047607422,-1904.0819091796875,239.63836669921875,-174.08059693984774,1.0,1.0,204.95812892913818,8,2,2,44,17,57,40,11,3,17,2,3,39,1,0,-116.10955074599781,-1904.0819470156282,-174.08059693984774,0,0,0,0,0,0
26.49998939999843,-89.78276824951172,-1902.156982421875,240.20301818847656,-173.89521697991432,1.0,1.0,21.98764532804489,8,2,2,44,17,57,40,11,3,17,2,3,39,1,0,-89.78277199134726,-1902.1569332904576,-173.89521697991432,0,0,0,0,0,0
26.666655999998415,-93.97032928466797,-1904.7686767578125,239.22909545898438,-173.36092103181164,1.0,1.0,74.22192096710205,8,2,2,44,17,57,40,11,3,17,2,3,39,1,0,-93.97033159402443,-1904.7687014586193,-173.36092103181164,0,0,0,0,0,0
26.916655899998393,-126.70030212402344,-1920.9993896484375,242.41481018066406,-170.98341057738892,1.0,1.0,205.1546335220337,8,2,2,44,17,57,40,11,3,17,2,3,39,1,0,-126.7003035351094,-1920.999416903472,-170.98341057738892,0,0,0,0,0,0
27.16665579999837,-187.52664184570312,-1949.89892578125,246.5440673828125,-167.36062129410288,1.0,1.0,315.42277336120605,8,2,2,44,17,57,40,11,3,17,2,3,39,1,0,-187.52664776694672,-1949.898924204617,-167.36062129410288,0,0,0,0,0,0
27.37498904999835,-255.76097106933594,-1981.844970703125,253.0882110595703,-164.34236078576222,1.0,0.0,398.2461214065552,8,2,2,44,17,59,41,11,3,17,2,3,40,1,0,-255.76097755268714,-1981.8449758955226,-164.34236078576222,0,0,0,0,0,0
27.62498894999833,-363.3414306640625,-2013.0677490234375,265.0429382324219,-164.62137536379896,1.0,0.0,492.4729824066162,8,2,2,44,17,59,41,11,3,17,2,3,40,1,0,-363.3414292483608,-2013.0677718340366,-164.62137536379896,0,0,0,0,0,0
27.874988849998307,-495.9394836425781,-2044.005615234375,277.82965087890625,-165.4453415381824,1.0,0.0,584.744930267334,8,2,2,44,17,61,41,11,3,17,2,3,42,1,0,-495.9394804659229,-2044.005611208213,-165.4453415381824,0,0,0,0,0,0
28.124988749998284,-644.1854248046875,-2086.900634765625,289.79638671875,-164.51353481111934,1.0,0.0,653.6850452423096,8,2,2,44,17,63,43,11,3,17,2,3,43,1,0,-644.1854119321929,-2086.900536221983,-164.51353481111934,0,0,0,0,0,0
28.249988699998273,-723.8336791992188,-2114.4443359375,291.5041809082031,-163.63329959717026,1.0,0.0,685.9880447387695,8,2,2,44,17,63,43,11,3,17,2,3,44,1,0,-723.8336975656854,-2114.4442814870044,-163.63329959717026,0,0,0,0,0,0
28.49998859999825,-879.2671508789062,-2161.833984375,314.9480285644531,-162.59260025201792,0.0,0.0,494.8502540588379,8,2,2,44,17,63,43,11,3,17,2,3,45,1,0,-879.2671655329656,-2161.834085219072,-162.59260025201792,0,0,0,0,0,0
28.70832184999823,-975.0337524414062,-2163.829345703125,335.97259521484375,-167.36528464451072,0.0,0.0,447.0676898956299,7,2,2,44,17,65,45,11,3,17,2,3,46,1,0,-975.033728854946,-2163.8293411142045,-167.36528464451072,0,0,0,0,0,0
28.95832174999821,-1085.8409423828125,-2174.364501953125,323.4447937011719,-170.14570420637182,0.0,0.0,420.0350284576416,8,2,2,48,19,65,45,11,3,19,2,3,47,0,0,-1082.5847027929922,-2173.9021806132073,-170.0969620281924,6,2,2,2,0,0
29.124988349998194,-1145.2305908203125,-2181.948486328125,311.59149169921875,-170.80626949704646,0.0,0.0,380.0335645675659,8,2,2,48,19,65,45,11,3,19,2,3,47,1,0,-1145.2305330713918,-2181.9484096765927,-170.80626949704646,0,0,0,0,0,0
29.37498824999817,-1224.001220703125,-2183.030029296875,327.9709777832031,-172.44118063092395,0.0,0.0,276.2150287628174,8,2,2,48,19,67,47,11,3,19,2,3,48,1,0,-1224.0011707361105,-2183.0300189526906,-172.44118063092395,0,0,0,0,0,0
29.62498814999815,-1287.177978515625,-2187.477783203125,323.6411437988281,-173.1490888885264,0.0,0.0,253.42645645141602,8,2,2,48,19,67,47,11,3,19,2,3,48,1,0,-1287.1779992821537,-2187.477672963173,-173.1490888885264,0,0,0,0,0,0
29.874988049998127,-1344.947021484375,-2191.906982421875,320.82464599609375,-173.87580804594265,0.0,0.0,210.65435409545898,8,2,2,48,19,67,47,11,3,19,2,3,49,1,0,-1344.947051236052,-2191.9070350823445,-173.87580804594265,0,0,0,0,0,0
30.124987949998104,-1388.5478515625,-2191.711181640625,329.68414306640625,-174.25382156114148,0.0,0.0,139.37467336654663,8,2,2,48,19,67,47,11,3,19,2,3,49,1,0,-1388.547847069929,-2191.711226951307,-174.25382156114148,0,0,0,0,0,0
30.416654499998078,-1420.790771484375,-2193.147216796875,334.14984130859375,-174.61503564750257,0.0,0.0,87.81561255455017,8,2,2,48,19,67,47,11,3,19,2,3,49,1,0,-1420.7907822873528,-2193.1472475251635,-174.61503564750257,0,0,0,0,0,0
30.666654399998055,-1439.7630615234375,-2195.767333984375,334.3981628417969,-174.51667025244805,0.0,0.0,71.6486930847168,8,2,2,48,19,67,47,11,3,19,2,3,49,1,0,-1439.7630270703717,-2195.7673324462503,-174.51667025244805,0,0,0,0,0,0
30.791654349998044,-1448.0179443359375,-2195.87158203125,333.41827392578125,-174.64287696841797,0.0,0.0,69.09569501876831,8,2,2,48,19,69,49,11,3,19,2,3,50,1,0,-1448.0179068598786,-2195.8714737394193,-174.64287696841797,0,0,0,0,0,0
31.04165424999802,-1461.4351806640625,-2199.679931640625,320.1285095214844,-174.44531391924136,0.0,0.0,61.80400252342224,8,2,2,48,19,69,49,11,3,19,2,3,50,1,0,-1461.4351285349871,-2199.6799805557025,-174.44531391924136,0,0,0,0,0,0
31.291654149998,-1475.2371826171875,-2199.3193359375,325.7357177734375,-174.5578875819668,0.0,0.0,47.368624806404114,8,2,2,48,19,69,49,11,3,19,2,3,50,1,0,-1475.2371985484424,-2199.3193674516706,-174.5578875819668,0,0,0,0,0,0
31.541654049997977,-1485.404541015625,-2200.284912109375,324.22747802734375,-174.5225832356054,0.0,0.0,36.528849601745605,8,2,2,48,19,69,49,11,3,19,2,3,50,1,0,-1485.4045084524394,-2200.2849347553056,-174.5225832356054,0,0,0,0,0,0
31.791653949997954,-1492.31396484375,-2200.590576171875,324.81463623046875,-174.5228261436823,0.0,0.0,20.879018306732178,8,2,2,48,19,69,49,11,3,19,2,3,50,1,0,-1492.3139251447149,-2200.590492228145,-174.5228261436823,0,0,0,0,0,0
32.041653849997935,-1496.278564453125,-2200.7646484375,324.9540100097656,-174.50785106933415,0.0,0.0,12.410300970077515,8,2,2,48,19,69,49,11,3,19,2,3,50,1,0,-1496.2785047856378,-2200.7645466126933,-174.50785106933415,0,0,0,0,0,0
32.29165374999791,-1498.7841796875,-2200.855712890625,324.7528991699219,-174.48751680150843,0.0,0.0,8.387447148561478,8,2,2,48,19,69,49,11,3,19,2,3,50,1,0,-1498.7842171290667,-2200.8556186537626,-174.48751680150843,0,0,0,0,0,0
32.4166536999979,-1499.760009765625,-2200.84423828125,324.93231201171875,-174.47395403056538,0.0,0.0,7.47588649392128,8,2,2,48,19,69,49,11,3,19,2,3,50,1,0,-1499.7600592466565,-2200.844296375043,-174.47395403056538,0,0,0,0,0,0
32.66665359999788,-1501.5643310546875,-2200.8896484375,324.7919006347656,-174.4447557325733,0.0,0.0,7.309071719646454,8,2,2,48,19,69,49,11,3,19,2,3,50,1,0,-1501.5643580527073,-2200.889598932845,-174.4447557325733,0,0,0,0,0,0
32.91665349999786,-1503.539794921875,-2200.9375,324.7872314453125,-174.4123657543736,0.0,0.0,8.72831717133522,8,2,2,48,19,69,49,11,3,19,2,3,50,1,0,-1503.539843624403,-2200.9375285164174,-174.4123657543736,0,0,0,0,0,0
33.166653399997834,-1506.0068359375,-2201.050048828125,324.7191467285156,-174.37694998754975,0.0,0.0,11.173752695322037,8,2,2,48,19,69,49,11,3,19,2,3,50,1,0,-1506.0068466412315,-2201.050020038038,-174.37694998754975,0,0,0,0,0,0
33.33331999999782,-1508.009033203125,-2201.1689453125,324.6383972167969,-174.35166202803472,0.0,0.0,12.928898632526398,8,2,2,48,19,69,49,11,3,19,2,3,50,1,0,-1508.009068087883,-2201.1689818991254,-174.35166202803472,0,0,0,0,0,0
33.5833198999978,-1511.4246826171875,-2201.389892578125,324.50115966796875,-174.31230432235066,0.0,0.0,14.168740808963776,8,2,2,48,19,69,49,11,3,19,2,3,50,1,0,-1511.4246850979762,-2201.389935943995,-174.31230432235066,0,0,0,0,0,0
33.833319799997774,-1514.718994140625,-2201.536865234375,324.3271789550781,-174.2647230661974,0.0,0.0,12.206733226776123,8,2,2,48,19,69,49,11,3,19,2,3,50,1,0,-1514.7189550672954,-2201.5368218264784,-174.2647230661974,0,0,0,0,0,0
34.041653049997755,-1516.8956298828125,-2201.525146484375,324.292236328125,-174.2261682088407,0.0,0.0,9.028217196464539,8,2,2,48,19,69,49,11,3,19,2,3,50,1,0,-1516.895616901064,-2201.525245750238,-174.2261682088407,0,0,0,0,0,0
34.24998629999774,-1518.424072265625,-2201.558837890625,324.3006896972656,-174.17459340428888,0.0,1.0,5.881811305880547,8,2,2,48,19,69,49,11,3,19,2,3,50,1,0,-1518.4240548942869,-2201.558819856414,-174.17459340428888,0,0,0,0,0,0
34.499986199997714,-1537.9776611328125,-2209.615966796875,325.72210693359375,-172.8267597781355,1.0,1.0,148.48029613494873,8,2,2,48,19,69,49,11,3,19,2,3,50,1,0,-1537.9776034121437,-2209.61604725282,-172.8267597781355,0,0,0,0,0,0
34.74998609999769,-1583.865478515625,-2232.5830078125,327.9332580566406,-169.3383110876231,1.0,1.0,257.28466510772705,8,2,2,48,19,69,49,11,3,19,2,3,51,1,0,-1583.8654628471315,-2232.58292031174,-169.3383110876231,0,0,0,0,0,0
34.91665269999768,-1626.2884521484375,-2256.1416015625,328.936767578125,-166.31567247360962,1.0,1.0,319.0540075302124,7,2,2,48,19,69,49,11,3,19,2,3,51,1,0,-1626.2884473551435,-2256.1416519277864,-166.31567247360962,0,0,0,0,0,0
35.12498594999766,-1688.4735107421875,-2296.30517578125,333.40350341796875,-161.61184317845442,1.0,1.0,379.13053035736084,8,2,2,49,20,71,51,11,3,20,2,3,52,1,0,-1688.473472342351,-2296.3052581625348,-161.61184317845442,0,0,0,0,0,0
35.33331919999764,-1750.6180419921875,-2348.099853515625,338.4107666015625,-156.03123622802235,0.0,1.0,364.45744037628174,7,2,2,49,20,71,51,11,3,20,2,3,52,1,0,-1750.6180036520195,-2348.0999149744066,-156.03123622802235,0,0,0,0,0,0
35.58331909999762,-1811.3638916015625,-2400.130615234375,347.3785705566406,-151.69936393375778,0.0,0.0,285.0388765335083,8,2,2,52,21,73,53,11,3,21,2,3,53,1,0,-1811.3638741269451,-2400.1306813606266,-151.69936393375778,0,0,0,0,0,0
35.708319049997606,-1838.4779052734375,-2421.250732421875,350.6233215332031,-150.5986282201131,0.0,0.0,261.59660816192627,8,2,2,52,21,73,53,11,3,21,2,3,53,1,0,-1838.4778945728506,-2421.25075007057,-150.5986282201131,0,0,0,0,0,0
35.95831894999758,-1888.6824951171875,-2453.131103515625,353.4631042480469,-149.91530338367681,0.0,1.0,214.4599437713623,8,2,2,52,21,75,54,11,3,21,2,3,54,1,0,-1888.6825289909086,-2453.1310572072643,-149.91530338367681,0,0,0,0,0,0
36.20831884999756,-1928.505859375,-2479.81640625,356.40606689453125,-149.05409350235473,0.0,1.0,169.66663599014282,8,2,2,52,21,75,54,11,3,21,2,3,54,1,0,-1928.5058447945314,-2479.816307641405,-149.05409350235473,0,0,0,0,0,0
36.45831874999754,-1955.1328125,-2505.021484375,358.9057312011719,-147.42693820174756,0.0,1.0,123.55647087097168,8,2,2,52,21,76,54,11,3,21,2,3,55,1,0,-1955.1327953824239,-2505.0215936278883,-147.42693820174756,0,0,0,0,0,0
36.58331869999753,-1964.4383544921875,-2515.462646484375,360.67657470703125,-146.60915224711604,0.0,1.0,97.37664461135864,8,2,2,52,21,76,54,11,3,21,2,3,55,1,0,-1964.4383860148214,-2515.4626564358705,-146.60915224711604,0,0,0,0,0,0
36.833318599997504,-1978.5108642578125,-2533.85498046875,364.41387939453125,-145.00737479546035,1.0,1.0,108.41403007507324,8,2,2,52,21,76,54,11,3,21,2,3,55,1,0,-1978.5108089008024,-2533.8548990628874,-145.00737479546035,0,0,0,0,0,0
37.08331849999748,-1999.2867431640625,-2563.708740234375,365.0559387207031,-142.32533828335,0.0,1.0,124.7404932975769,8,2,2,52,21,76,54,11,3,21,2,3,55,1,0,-1999.2867807219272,-2563.7087401148847,-142.32533828335,0,0,0,0,0,0
37.33331839999746,-2015.4346923828125,-2586.043701171875,369.3543701171875,-140.55765888223544,0.0,1.0,99.20777678489685,7,2,2,52,21,76,54,11,3,21,2,3,55,1,0,-2015.434634071934,-2586.0437477079354,-140.55765888223544,0,0,0,0,0,0
37.45831834999745,-2021.0947265625,-2594.97314453125,369.1172790527344,-139.9654520297419,0.0,0.0,82.43399262428284,7,2,2,52,21,76,54,11,3,21,2,3,55,1,0,-2021.0946939509943,-2594.9730447616366,-139.9654520297419,0,0,0,0,0,0
37.708318249997426,-2030.119384765625,-2607.164794921875,369.623291015625,-139.40204597629116,0.0,0.0,55.50316572189331,8,2,2,57,22,78,55,11,3,22,2,3,56,1,0,-2030.1193773229568,-2607.1647260726477,-139.40204597629116,0,0,0,0,0,0
37.9583181499974,-2038.8243408203125,-2614.172119140625,372.9437561035156,-139.28228884950846,0.0,0.0,35.79849302768707,8,2,2,57,22,78,55,11,3,22,2,3,56,1,0,-2038.8243434772608,-2614.172061220203,-139.28228884950846,0,0,0,0,0,0
38.20831804999738,-2045.0198974609375,-2618.730712890625,370.0759582519531,-139.25659623188997,0.0,0.0,22.78715670108795,8,2,2,57,22,78,55,11,3,22,2,3,56,1,0,-2045.0198404963853,-2618.730747144782,-139.25659623188997,0,0,0,0,0,0
38.45831794999736,-2049.199951171875,-2621.06298828125,370.19281005859375,-139.23563523362915,0.0,0.0,13.474227488040924,8,2,2,57,22,78,55,11,3,22,2,3,56,1,0,-2049.199857109063,-2621.0630143280027,-139.23563523362915,0,0,0,0,0,0
38.708317849997336,-2051.5537109375,-2621.665283203125,371.3067626953125,-139.22860535241716,0.0,0.0,5.96066489815712,8,2,2,57,22,78,55,11,3,22,2,3,56,1,0,-2051.5537802659937,-2621.665401136758,-139.22860535241716,0,0,0,0,0,0
38.95831774999731,-2040.96826171875,-2611.580078125,369.73095703125,-138.80571406126796,-1.0,-1.0,107.02210664749146,8,2,2,57,22,78,55,11,3,22,2,3,56,1,0,-2040.9682906085166,-2611.580191268272,-138.80571406126796,0,0,0,0,0,0
39.0833176999973,-2026.48193359375,-2600.626708984375,369.8752136230469,-138.29076052065082,-1.0,-1.0,170.65309286117554,8,2,2,57,22,78,55,11,3,22,2,3,56,1,0,-2026.4819828839632,-2600.626747856927,-138.29076052065082,0,0,0,0,0,0
39.33331759999728,-1979.847412109375,-2564.265869140625,369.3743591308594,-136.5647935460212,-1.0,-1.0,296.1749792098999,9,2,2,57,22,78,55,11,3,22,2,3,56,1,0,-1979.8473855627965,-2564.265883558909,-136.5647935460212,0,0,0,0,0,0
39.54165084999726,-1922.538818359375,-2525.8193359375,359.5936279296875,-133.5200244231656,-1.0,1.0,370.16522884368896,9,2,2,57,22,80,56,11,3,22,2,3,57,1,0,-1922.5388485704766,-2525.8193382564505,-133.5200244231656,0,0,0,0,0,0
39.79165074999724,-1840.933837890625,-2469.8447265625,351.2446594238281,-128.52570527836957,-1.0,1.0,427.51550674438477,9,2,2,57,22,80,56,11,3,22,2,3,57,1,0,-1840.9338087208957,-2469.8446473509753,-128.52570527836957,0,0,0,0,0,0
39.91665069999723,-1797.666259765625,-2439.645263671875,350.518310546875,-125.72858234824346,-1.0,1.0,432.0556163787842,9,2,2,57,22,82,57,11,3,22,2,3,58,1,0,-1797.6663114477678,-2439.645365006707,-125.72858234824346,0,0,0,0,0,0
40.166650599997205,-1720.3759765625,-2383.2265625,345.3677978515625,-119.14115883227583,0.0,0.0,364.098858833313,9,2,2,57,22,84,57,11,3,22,2,3,59,1,0,-1720.3760022214983,-2383.2266493321563,-119.14115883227583,0,0,0,0,0,0
40.41665049999718,-1666.2200927734375,-2332.4482421875,347.54315185546875,-114.71771110774382,1.0,-1.0,228.60186100006104,9,2,2,57,22,84,57,11,3,22,2,3,59,1,0,-1666.2200513365206,-2332.4482746908334,-114.71771110774382,0,0,0,0,0,0
40.66665039999716,-1639.053955078125,-2309.391357421875,352.0039367675781,-112.24499775846117,1.0,-1.0,83.43549966812134,10,2,2,57,22,84,57,11,3,22,2,3,59,1,0,-1639.053969999644,-2309.3913574386834,-112.24499775846117,0,0,0,0,0,0
40.833316999997145,-1633.4813232421875,-2305.9384765625,347.69476318359375,-111.67701182947728,1.0,-1.0,6.7085400223731995,10,2,2,57,22,86,59,11,3,22,2,3,60,1,0,-1633.4813684389942,-2305.9383717912997,-111.67701182947728,0,0,0,0,0,0
41.08331689999712,-1644.782470703125,-2320.137451171875,345.33349609375,-112.67666915105713,1.0,-1.0,141.65022373199463,9,2,2,57,22,86,59,11,3,22,2,3,60,1,0,-1644.7824246271282,-2320.1374326751848,-112.67666915105713,0,0,0,0,0,0
41.3333167999971,-1677.3544921875,-2355.595458984375,349.850341796875,-115.83198454670918,1.0,-1.0,239.0615463256836,9,2,2,57,22,86,59,11,3,22,2,3,60,1,0,-1677.354441765367,-2355.5954868570575,-115.83198454670918,0,0,0,0,0,0
41.54165004999708,-1718.74560546875,-2394.452392578125,350.79046630859375,-119.70409447476752,1.0,-1.0,324.0506649017334,9,2,2,57,22,86,59,11,3,22,2,3,60,1,0,-1718.7456177372364,-2394.4525032878937,-119.70409447476752,0,0,0,0,0,0
41.74998329999706,-1771.03955078125,-2446.69580078125,350.5198669433594,-123.06478085145612,1.0,-1.0,407.4418067932129,9,2,2,57,22,88,60,11,3,22,2,3,61,1,0,-1771.0394956509301,-2446.695698103067,-123.06478085145612,0,0,0,0,0,0
41.99998319999704,-1850.33544921875,-2525.738525390625,359.7879333496094,-127.33529847107292,1.0,-1.0,491.5266513824463,8,2,2,57,22,90,61,11,3,22,2,3,62,1,0,-1850.3354714391276,-2525.7384842274982,-127.33529847107292,0,0,0,0,0,0
42.24998309999702,-1947.6337890625,-2614.28369140625,369.579345703125,-131.73619257409266,1.0,-1.0,563.4692192077637,8,2,2,57,22,91,61,11,3,22,2,3,63,1,0,-1947.6338476434003,-2614.283665716447,-131.73619257409266,0,0,0,0,0,0
42.374983049997006,-2003.85546875,-2660.1083984375,374.0227355957031,-134.1595094312176,1.0,-1.0,594.1229820251465,8,2,2,57,22,93,62,11,3,22,2,3,64,1,0,-2003.8555103312633,-2660.1084105350437,-134.1595094312176,0,0,0,0,0,0
42.62498294999698,-2127.87939453125,-2750.5419921875,385.57989501953125,-138.88664168524065,1.0,0.0,641.3477420806885,8,2,2,57,22,94,62,11,3,22,2,3,65,1,0,-2127.879290546675,-2750.5420299294246,-138.88664168524065,0,0,0,0,0,0
42.833316199996965,-2232.33740234375,-2842.916015625,396.54168701171875,-138.5753256717324,1.0,0.0,676.4546394348145,8,2,2,57,22,96,63,11,3,22,2,3,66,1,0,-2232.3374361064007,-2842.9160738654127,-138.5753256717324,0,0,0,0,0,0
43.041649449996946,-2327.669189453125,-2947.21923828125,418.07904052734375,-136.7220864529561,1.0,-1.0,668.2167053222656,8,2,2,57,22,97,64,17,4,22,2,4,67,1,0,-2327.6692579307387,-2947.219296899976,-136.7220864529561,0,0,0,0,0,0
43.20831604999693,-2403.021240234375,-3027.46240234375,430.89910888671875,-136.20056818406755,1.0,-1.0,661.5976333618164,7,2,2,57,22,98,65,17,4,22,2,4,68,1,0,-2403.0212619308054,-3027.4624560615525,-136.20056818406755,0,0,0,0,0,0
43.45831594999691,-2527.5625,-3093.642333984375,436.8681640625,-143.8802112542022,1.0,-1.0,578.971004486084,8,2,2,61,23,99,66,17,4,23,2,4,69,1,0,-2527.562514002819,-3093.642231657492,-143.8802112542022,0,0,0,0,0,0
43.66664919999689,-2646.357177734375,-3122.69775390625,429.52618408203125,-152.17013885306372,1.0,-1.0,618.1463718414307,8,2,2,61,23,101,68,17,4,23,2,4,70,1,0,-2646.357131752274,-3122.697800298474,-152.17013885306372,0,0,0,0,0,0
43.87498244999687,-2773.208984375,-3149.4736328125,418.9716796875,-158.2008377318606,1.0,-1.0,648.4536647796631,8,2,2,61,23,103,70,17,4,23,2,4,71,1,0,-2773.2089449388063,-3149.4736999976135,-158.2008377318606,0,0,0,0,0,0
44.041649049996856,-2880.780029296875,-3172.818359375,423.8583984375,-161.71800593353103,1.0,-1.0,689.0551090240479,7,2,2,61,23,105,72,17,4,23,2,4,72,1,0,-2880.780107304832,-3172.8183940780496,-161.71800593353103,0,0,0,0,0,0
44.29164894999683,-3055.535888671875,-3201.07080078125,420.771240234375,-166.54389539074333,1.0,-1.0,745.9208965301514,8,2,2,62,24,107,73,17,4,24,2,4,74,1,0,-3055.535910556933,-3201.070870941114,-166.54389539074333,0,0,0,0,0,0
44.499982199996815,-3211.7470703125,-3207.65185546875,415.463623046875,-171.97683799219644,1.0,-1.0,758.1100463867188,8,2,2,62,24,108,73,17,4,24,2,4,75,1,0,-3211.7470957671217,-3207.651848101648,-171.97683799219644,0,0,0,0,0,0
44.708315449996796,-3348.04052734375,-3170.845458984375,417.7800598144531,178.9545445355691,1.0,-1.0,460.0087642669678,7,2,2,62,24,110,74,17,4,24,2,4,76,1,0,-3348.0405718617853,-3170.845459750054,178.9545445355691,0,0,0,0,0,0
44.87498204999678,-3356.912353515625,-3140.13037109375,420.3526916503906,-175.50593431487573,1.0,-1.0,136.4240527153015,7,2,2,62,24,110,74,17,4,24,2,4,76,1,0,-3356.9122386414774,-3140.1302561837747,-175.50593431487573,0,0,0,0,0,0
45.12498194999676,-3356.58203125,-3130.245849609375,444.3892517089844,-176.20500531377118,1.0,-1.0,15.036258101463318,7,2,2,62,24,110,74,17,4,24,2,4,76,1,0,-3356.58207142355,-3130.2458520006694,-176.20500531377118,0,0,0,0,0,0
45.33331519999674,-3371.03662109375,-3126.53759765625,461.50970458984375,-178.04074386358306,1.0,-1.0,78.19703817367554,7,2,2,62,24,110,74,17,4,24,2,4,76,1,0,-3371.036584235786,-3126.5374778444425,-178.04074386358306,0,0,0,0,0,0
45.58331509999672,-3409.496826171875,-3115.48681640625,470.6956481933594,177.15938371642594,1.0,-1.0,172.67483472824097,8,2,2,64,25,112,75,17,4,25,2,4,77,1,0,-3409.4967718312687,-3115.486730228718,177.15938371642594,0,0,0,0,0,0
45.708315049996706,-3434.7080078125,-3103.642822265625,474.6214294433594,174.25410921901567,1.0,-1.0,237.872314453125,8,2,2,64,25,112,75,17,4,25,2,4,77,1,0,-3434.707972931872,-3103.6427724076802,174.25410921901567,0,0,0,0,0,0
45.958314949996684,-3494.768310546875,-3072.732666015625,470.6815490722656,169.69403452537483,1.0,-1.0,319.9885606765747,8,2,2,64,25,114,77,17,4,25,2,4,78,1,0,-3494.7682566824874,-3072.732547417919,169.69403452537483,0,0,0,0,0,0
46.20831484999666,-3569.010498046875,-3035.702392578125,439.73614501953125,165.5073986961687,1.0,-1.0,387.08157539367676,8,2,2,64,25,114,77,17,4,25,2,4,78,1,0,-3569.010509291948,-3035.7023852836414,165.5073986961687,0,0,0,0,0,0
46.41664809999664,-3636.01318359375,-2997.156005859375,404.2497253417969,161.4958623178658,1.0,-1.0,449.66230392456055,8,2,2,64,25,116,78,17,4,25,2,4,79,1,0,-3636.0130681104997,-2997.1561014907184,161.4958623178658,0,0,0,0,0,0
46.54164804999663,-3681.054931640625,-2962.363037109375,391.810302734375,158.55024784670664,1.0,-1.0,503.50751876831055,8,2,2,64,25,116,78,17,4,25,2,4,79,1,0,-3681.054958760461,-2962.3630588026085,158.55024784670664,0,0,0,0,0,0
46.79164794999661,-3770.70068359375,-2871.50146484375,387.381103515625,149.4131534805007,1.0,-1.0,559.9452495574951,7,2,2,64,25,118,78,17,4,25,2,4,80,1,0,-3770.700742342659,-2871.5015297206355,149.4131534805007,0,0,0,0,0,0
47.041647849996586,-3854.78076171875,-2760.043212890625,360.529052734375,139.8361114052777,1.0,-1.0,485.78104972839355,8,2,2,66,26,122,78,22,5,26,2,5,82,1,0,-3854.7808622590182,-2760.0433160846696,139.8361114052777,0,0,0,0,0,0
47.291647749996564,-3857.49658203125,-2703.18359375,340.6477355957031,149.75836410515566,1.0,-1.0,251.33605003356934,8,2,2,66,26,122,78,22,5,26,2,5,82,1,0,-3857.496567951878,-2703.18348125376,149.75836410515566,0,0,0,0,0,0
47.374981049996556,-3856.880126953125,-2684.70654296875,339.54693603515625,152.04289826280242,1.0,-1.0,143.48682165145874,8,2,2,66,26,122,78,22,5,26,2,5,82,1,0,-3856.880141869629,-2684.7065203185925,152.04289826280242,0,0,0,0,0,0
47.624980949996534,-3854.319580078125,-2675.417236328125,345.41864013671875,152.18909218401689,0.0,0.0,16.37810319662094,8,2,2,66,26,122,78,22,5,26,2,5,82,1,0,-3854.3196713525704,-2675.4172146461824,152.18909218401689,0,0,0,0,0,0
47.87498084999651,-3851.6328125,-2684.640869140625,332.4147644042969,152.2782143785964,-1.0,1.0,66.88644886016846,8,2,2,66,26,122,78,22,5,26,2,5,82,1,0,-3851.632887957054,-2684.6407798821992,152.2782143785964,0,0,0,0,0,0
48.166647399996485,-3846.9853515625,-2692.385498046875,326.2685852050781,150.73959290244017,-1.0,1.0,24.824684858322144,8,2,2,66,26,122,78,22,5,26,2,5,82,1,0,-3846.9852825219873,-2692.385500076116,150.73959290244017,0,0,0,0,0,0
48.291647349996474,-3844.9423828125,-2694.007568359375,330.29217529296875,150.51476152852075,-1.0,1.0,32.53198862075806,8,2,2,66,26,122,78,22,5,26,2,5,82,1,0,-3844.9423450186046,-2694.007555666301,150.51476152852075,0,0,0,0,0,0
48.54164724999645,-3830.615478515625,-2703.095458984375,337.09686279296875,151.05362343519673,-1.0,1.0,91.02821946144104,8,2,3,66,26,122,78,22,5,26,2,5,82,1,0,-3830.615585004597,-2703.0955578725225,151.05362343519673,0,0,0,0,0,0
48.79164714999643,-3799.0869140625,-2710.292236328125,344.43353271484375,149.26907856134048,-1.0,1.0,161.13449335098267,9,2,3,66,26,122,78,22,5,26,2,5,82,1,0,-3799.08682885492,-2710.2922821123457,149.26907856134048,0,0,0,0,0,0
49.041647049996406,-3751.3056640625,-2724.58837890625,349.9866027832031,145.93187481276152,-1.0,1.0,228.67116928100586,9,2,2,66,26,122,78,22,5,26,2,5,82,1,0,-3751.305581270453,-2724.588321563902,145.93187481276152,0,0,0,0,0,0
49.24998029999639,-3703.96826171875,-2741.843505859375,357.8052062988281,142.8391780569474,-1.0,1.0,265.67888259887695,9,2,2,66,26,124,78,22,5,26,2,5,83,1,0,-3703.9683410918715,-2741.843462530163,142.8391780569474,0,0,0,0,0,0
49.499980199996365,-3639.437255859375,-2769.24755859375,365.0730285644531,138.56401997697657,-1.0,1.0,307.1236848831177,9,2,2,66,26,124,78,22,5,26,2,5,83,1,0,-3639.4371804651414,-2769.2476616709437,138.56401997697657,0,0,0,0,0,0
49.74998009999634,-3572.9287109375,-2804.68359375,372.4372253417969,133.9639917044088,-1.0,1.0,321.3197708129883,9,2,2,66,26,126,79,22,5,26,2,5,84,1,0,-3572.9286396186117,-2804.683618457903,133.9639917044088,0,0,0,0,0,0
49.87498004999633,-3537.90478515625,-2826.388671875,374.96160888671875,131.4338571738923,-1.0,1.0,343.3105230331421,9,2,2,66,26,126,79,22,5,26,2,5,84,1,0,-3537.9047882040054,-2826.388597722616,131.4338571738923,0,0,0,0,0,0
50.12497994999631,-3481.704833984375,-2871.373046875,378.9417724609375,128.64635150224203,0.0,0.0,269.7624206542969,8,2,2,66,26,128,80,22,5,26,2,5,85,1,0,-3481.704918685044,-2871.373039413826,128.64635150224203,0,0,0,0,0,0
50.374979849996286,-3448.3212890625,-2919.09228515625,386.2924499511719,129.047521064676,0.0,0.0,214.97809886932373,8,2,2,66,26,128,80,22,5,26,2,5,85,1,0,-3448.321193578733,-2919.0922665354283,129.047521064676,0,0,0,0,0,0
50.58331309999627,-3427.49462890625,-2951.5380859375,391.2507019042969,129.5806797028883,0.0,0.0,182.50691890716553,8,2,2,66,26,129,80,22,5,26,2,5,86,1,0,-3427.494663700543,-2951.5382046260215,129.5806797028883,0,0,0,0,0,0
50.708313049996256,-3416.37060546875,-2969.436767578125,394.3194274902344,130.13795887630047,0.0,0.0,158.00286531448364,9,2,2,66,26,129,80,22,5,26,2,5,86,1,0,-3416.370695887597,-2969.436841551776,130.13795887630047,0,0,0,0,0,0
50.958312949996234,-3398.212890625,-2997.442138671875,396.1103820800781,131.15418049507966,0.0,0.0,116.79377555847168,9,2,2,66,26,129,80,22,5,26,2,5,86,1,0,-3398.2128588123855,-2997.4420855422295,131.15418049507966,0,0,0,0,0,0
51.20831284999621,-3385.224609375,-3018.622802734375,397.7481384277344,131.99592455999831,0.0,0.0,87.6954436302185,9,2,2,66,26,129,80,22,5,26,2,5,86,1,0,-3385.224651561861,-3018.622693579901,131.99592455999831,0,0,0,0,0,0
51.45831274999619,-3374.47705078125,-3033.705078125,399.71099853515625,132.44879744813335,0.0,0.0,65.7129168510437,9,2,2,66,26,131,82,22,5,26,2,5,87,1,0,-3374.477099075564,-3033.7049677566815,132.44879744813335,0,0,0,0,0,0
51.58331269999618,-3369.836181640625,-3039.565673828125,399.51226806640625,132.5689017082443,0.0,0.0,53.41747999191284,9,2,2,66,26,131,82,22,5,26,2,5,87,1,0,-3369.8361601583756,-3039.56572455192,132.5689017082443,0,0,0,0,0,0
51.833312599996155,-3363.46044921875,-3047.115966796875,399.30316162109375,132.70299154798874,0.0,0.0,26.17398500442505,9,2,2,66,26,131,82,22,5,26,2,5,87,1,0,-3363.460393082975,-3047.1160182313797,132.70299154798874,0,0,0,0,0,0
52.08331249999613,-3362.586669921875,-3044.319091796875,400.7698059082031,132.21766268543433,1.0,-1.0,70.84547281265259,9,2,2,66,26,131,82,22,5,26,2,5,87,1,0,-3362.586708431064,-3044.3190141413083,132.21766268543433,0,0,0,0,0,0
52.33331239999611,-3374.52197265625,-3021.34228515625,400.81884765625,130.84811756407038,0.0,0.0,112.32277154922485,9,2,2,66,26,131,82,22,5,26,2,5,87,1,0,-3374.52199463285,-3021.3422174991715,130.84811756407038,0,0,0,0,0,0
52.4166456999961,-3378.8818359375,-3013.981201171875,398.2380065917969,130.6073764589142,0.0,0.0,111.49708032608032,9,2,2,66,26,131,82,22,5,26,2,5,87,1,0,-3378.88172184876,-3013.9813004078333,130.6073764589142,0,0,0,0,0,0
52.624978949996084,-3390.398193359375,-2995.236328125,393.4537353515625,130.18146345505826,0.0,0.0,112.18069791793823,9,2,2,66,26,131,82,22,5,26,2,5,87,1,0,-3390.398240197608,-2995.2363117480704,130.18146345505826,0,0,0,0,0,0
52.79164554999607,-3400.82177734375,-2980.380126953125,395.0958557128906,129.90458903810156,0.0,0.0,112.3613953590393,9,2,2,66,26,131,82,22,5,26,2,5,87,1,0,-3400.8217273572754,-2980.380183096032,129.90458903810156,0,0,0,0,0,0
52.99997879999605,-3414.2509765625,-2961.842041015625,393.0972595214844,129.56855934453458,0.0,0.0,113.18516731262207,8,2,2,66,26,131,82,22,5,26,2,5,87,1,0,-3414.2508674795904,-2961.842151463037,129.56855934453458,0,0,0,0,0,0
53.20831204999603,-3428.52490234375,-2942.939208984375,387.5343322753906,129.25719231338283,0.0,0.0,117.92367696762085,8,2,2,66,26,131,82,22,5,26,2,5,87,1,0,-3428.5247898467396,-2942.93913021204,129.25719231338283,0,0,0,0,0,0
53.37497864999602,-3440.503662109375,-2927.48291015625,385.14947509765625,129.04584284858163,0.0,0.0,114.68946933746338,8,2,2,66,26,131,82,22,5,26,2,5,88,1,0,-3440.503709923531,-2927.4828135728567,129.04584284858163,0,0,0,0,0,0
53.583311899996,-3455.1767578125,-2908.652099609375,385.93853759765625,128.80065466313997,0.0,0.0,118.84880065917969,8,2,2,66,26,131,82,22,5,26,2,5,88,1,0,-3455.1768171225062,-2908.6520040082414,128.80065466313997,0,0,0,0,0,0
53.70831184999599,-3464.22998046875,-2896.951416015625,384.2669372558594,128.6144193207948,0.0,0.0,119.73994970321655,8,2,2,66,26,131,82,22,5,26,2,5,88,1,0,-3464.230096705785,-2896.9514187273608,128.6144193207948,0,0,0,0,0,0
53.87497844999597,-3475.94580078125,-2881.420166015625,380.6307678222656,128.33925858858274,0.0,0.0,121.2916374206543,8,2,2,66,26,131,82,22,5,26,2,5,88,1,0,-3475.94568721689,-2881.4200929483336,128.33925858858274,0,0,0,0,0,0
54.04164504999596,-3487.343994140625,-2865.093505859375,378.4498596191406,128.14732199060356,0.0,0.0,126.96125507354736,9,2,2,66,26,131,82,22,5,26,2,5,88,1,0,-3487.344042746664,-2865.0934853847366,128.14732199060356,0,0,0,0,0,0
54.24997829999594,-3501.445556640625,-2843.9716796875,375.7091064453125,127.890100405801,0.0,0.0,131.8617582321167,9,2,2,66,26,131,82,22,5,26,2,5,88,1,0,-3501.4456144568585,-2843.971796526691,127.890100405801,0,0,0,0,0,0
54.37497824999593,-3510.193115234375,-2830.79931640625,373.113037109375,127.72669389467369,0.0,0.0,137.05588579177856,9,2,2,66,26,132,82,22,5,26,2,5,89,1,0,-3510.19315633445,-2830.7992489046496,127.72669389467369,0,0,0,0,0,0
54.54164484999591,-3522.4521484375,-2812.31640625,369.0966796875,127.49837422235053,0.0,0.0,145.10692358016968,9,2,2,66,26,132,82,22,5,26,2,5,89,1,0,-3522.4520707749193,-2812.3164316697184,127.49837422235053,0,0,0,0,0,0
54.74997809999589,-3539.66015625,-2787.46044921875,365.5984191894531,127.19699649580744,0.0,0.0,151.10288858413696,9,2,2,66,26,132,82,22,5,26,2,5,89,1,0,-3539.6600946208755,-2787.460466305183,127.19699649580744,0,0,0,0,0,0
54.87497804999588,-3550.2265625,-2772.36474609375,363.11785888671875,127.0066680124168,0.0,0.0,154.36216592788696,9,2,2,66,26,132,82,22,5,26,2,5,89,1,0,-3550.226535363619,-2772.3648283991847,127.0066680124168,0,0,0,0,0,0
55.08331129999586,-3568.39892578125,-2746.460205078125,357.34613037109375,126.69669834069049,0.0,0.0,162.65864372253418,9,2,2,66,26,132,82,22,5,26,2,5,89,1,0,-3568.3988099047106,-2746.460108595976,126.69669834069049,0,0,0,0,0,0
55.291644549995844,-3587.66552734375,-2718.376220703125,350.3916015625,126.43450842803811,0.0,0.0,171.98134660720825,9,2,2,66,26,134,83,22,5,26,2,5,90,1,0,-3587.665531644906,-2718.3762527810677,126.43450842803811,0,0,0,0,0,0
55.45831114999583,-3604.13134765625,-2694.8505859375,345.0517883300781,126.28247194807282,0.0,0.0,182.12156295776367,9,2,2,66,26,134,83,22,5,26,2,5,90,1,0,-3604.1314242386584,-2694.850474385114,126.28247194807282,0,0,0,0,0,0
55.66664439999581,-3626.0439453125,-2664.2119140625,336.9388122558594,126.14325947766189,0.0,0.0,190.31105041503906,9,2,2,66,26,134,83,22,5,26,2,5,90,1,0,-3626.043959280791,-2664.2118282106885,126.14325947766189,0,0,0,0,0,0
55.70831104999581,-3630.638916015625,-2657.876953125,335.399658203125,126.13821740913924,0.0,0.0,192.36212968826294,9,2,2,66,26,134,83,22,5,26,2,5,90,1,0,-3630.638996639464,-2657.876922648467,126.13821740913924,0,0,0,0,0,0
55.91664429999579,-3654.20361328125,-2625.85107421875,328.1494140625,126.17613534621381,0.0,0.0,200.72283744812012,9,2,2,66,26,135,83,22,5,26,2,5,91,1,0,-3654.203493604443,-2625.851165439592,126.17613534621381,0,0,0,0,0,0
56.166644199995766,-3684.62841796875,-2585.08447265625,315.0196228027344,126.38067209830078,0.0,0.0,213.48493099212646,9,2,2,66,26,135,83,22,5,26,2,5,91,1,0,-3684.6283367933447,-2585.0843951590646,126.38067209830078,0,0,0,0,0,0
56.37497744999575,-3712.94140625,-2549.503173828125,303.1126708984375,126.73981789742825,0.0,0.0,224.18155670166016,8,2,2,66,26,135,83,22,5,26,2,5,91,1,0,-3712.9414878190332,-2549.503154833877,126.73981789742825,0,0,0,0,0,0
56.54164404999573,-3737.36962890625,-2520.927001953125,295.2228698730469,127.00748549570906,0.0,0.0,225.02193450927734,8,2,2,66,26,137,84,22,5,26,2,5,92,1,0,-3737.369688556361,-2520.926910533421,127.00748549570906,0,0,0,0,0,0
56.74997729999571,-3766.152099609375,-2485.08740234375,282.76690673828125,127.61937824145403,0.0,0.0,228.21402549743652,8,2,2,66,26,137,84,22,5,26,2,5,92,1,0,-3766.1520108363106,-2485.0873230700945,127.61937824145403,0,0,0,0,0,0
56.958310549995694,-3797.805908203125,-2447.530029296875,266.7476501464844,128.37745082506055,0.0,0.0,243.63508224487305,8,2,2,66,26,137,84,22,5,26,2,5,92,1,0,-3797.8059214085706,-2447.5299072722787,128.37745082506055,0,0,0,0,0,0
57.166643799995676,-3832.25927734375,-2408.663818359375,254.1614990234375,128.87053713137183,0.0,0.0,240.27109146118164,8,2,1,66,26,138,84,22,5,26,2,5,93,1,0,-3832.2592725732256,-2408.6639121703856,128.87053713137183,0,0,0,0,0,0
57.37497704999566,-3864.12060546875,-2373.624755859375,251.4173583984375,128.8717547503483,0.0,0.0,206.79776668548584,8,2,1,66,26,138,84,22,5,26,2,5,93,1,0,-3864.1206068382076,-2373.6247961568106,128.8717547503483,0,0,0,0,0,0
57.58331029999564,-3891.729248046875,-2341.501953125,246.5555419921875,128.88460017581417,0.0,0.0,205.10404109954834,8,2,2,66,26,140,84,29,6,26,2,6,94,1,0,-3891.7293625635116,-2341.5018628755424,128.88460017581417,0,0,0,0,0,0
57.79164354999562,-3918.2939453125,-2307.313232421875,229.0012969970703,128.84604941905377,0.0,0.0,212.30568885803223,8,2,2,66,26,140,84,29,6,26,2,6,94,1,0,-3918.294040281737,-2307.3133379001474,128.84604941905377,0,0,0,0,0,0
57.9999767999956,-3944.0595703125,-2270.6494140625,202.3042449951172,129.08049939015618,0.0,0.0,228.78422737121582,8,2,2,66,26,140,84,29,6,26,2,6,94,1,0,-3944.059600406394,-2270.6495071350796,129.08049939015618,0,0,0,0,0,0
58.20831004999558,-3978.734130859375,-2234.335693359375,195.55929565429688,129.9693873026928,0.0,0.0,240.59605598449707,8,2,2,66,26,142,84,29,6,26,2,6,95,1,0,-3978.734042583907,-2234.3355838022153,129.9693873026928,0,0,0,0,0,0
58.37497664999557,-4007.141357421875,-2205.197021484375,188.4086456298828,130.58773280080047,0.0,0.0,234.8881721496582,8,2,2,66,26,142,84,29,6,26,2,6,95,1,0,-4007.1413492705583,-2205.1971028201506,130.58773280080047,0,0,0,0,0,0
58.499976599995556,-4027.62353515625,-2183.7841796875,180.2388458251953,130.99469398072034,0.0,0.0,232.82897472381592,8,2,2,66,26,142,84,29,6,26,2,6,95,1,0,-4027.6234334713345,-2183.784199472377,130.99469398072034,0,0,0,0,0,0
58.66664319999554,-4054.7998046875,-2155.275634765625,170.4027557373047,131.65604705753248,0.0,0.0,235.3421449661255,8,2,2,66,26,144,84,29,6,26,2,6,96,1,0,-4054.7997949461887,-2155.275642646798,131.65604705753248,0,0,0,0,0,0
58.87497644999552,-4088.930908203125,-2119.489990234375,164.2825469970703,132.48222460979753,0.0,0.0,236.41974925994873,8,2,2,66,26,144,84,29,6,26,2,6,96,1,0,-4088.9309971380235,-2119.4899467064474,132.48222460979753,0,0,0,0,0,0
59.04164304999551,-4116.884765625,-2091.58837890625,157.43661499023438,133.13223958464962,0.0,0.0,233.38501453399658,8,2,2,66,26,144,84,29,6,26,2,6,96,1,0,-4116.884574062087,-2091.5884954940657,133.13223958464962,0,0,0,0,0,0
59.166642999995496,-4138.5654296875,-2071.412353515625,151.81063842773438,133.59281426788385,0.0,0.0,229.3241262435913,8,2,2,66,26,146,85,29,6,26,2,6,97,1,0,-4138.565525685666,-2071.4122587423967,133.59281426788385,0,0,0,0,0,0
59.37497624999548,-4174.52392578125,-2041.2984619140625,143.38067626953125,134.39812358222858,0.0,0.0,192.00100898742676,8,2,2,66,26,146,85,29,6,26,2,6,97,1,0,-4174.523993706045,-2041.2984190583038,134.39812358222858,0,0,0,0,0,0
59.58330949999546,-4199.478515625,-2021.4404296875,148.0613555908203,134.5178734150336,0.0,0.0,143.71615648269653,8,2,2,66,26,146,85,29,6,26,2,6,97,1,0,-4199.478404573208,-2021.440481740923,134.5178734150336,0,0,0,0,0,0
59.79164274999544,-4218.56494140625,-2001.188232421875,150.4683837890625,135.2701379752332,0.0,0.0,136.050283908844,8,2,2,66,26,147,85,29,6,26,2,6,98,1,0,-4218.565092897754,-2001.188238777513,135.2701379752332,0,0,0,0,0,0
59.87497604999543,-4226.82373046875,-1993.5343017578125,148.3985137939453,135.55931006709778,0.0,0.0,135.48728227615356,8,2,2,66,26,147,85,29,6,26,2,6,98,1,0,-4226.823915258991,-1993.5342948863283,135.55931006709778,0,0,0,0,0,0
60.04164264999542,-4246.982421875,-1979.4486083984375,140.21670532226562,135.83375594693157,0.0,0.0,141.42658710479736,8,2,2,66,26,147,85,29,6,26,2,6,98,1,0,-4246.982413819878,-1979.4486616790678,135.83375594693157,0,0,0,0,0,0
60.291642549995395,-4279.70703125,-1961.5184326171875,117.06468963623047,135.58479149488392,0.0,0.0,136.9322657585144,8,2,2,66,26,147,85,29,6,26,2,6,98,1,0,-4279.707274495503,-1961.5184511600646,135.58479149488392,0,0,0,0,0,0
60.54164244999537,-4308.220703125,-1940.5296630859375,114.10214233398438,135.56598182459976,0.0,0.0,142.8910493850708,8,2,2,66,26,147,85,29,6,26,2,6,98,1,0,-4308.220724808373,-1940.5296793590644,135.56598182459976,0,0,0,0,0,0
60.70830904999536,-4326.1806640625,-1923.3140869140625,116.88349151611328,135.691764012909,0.0,0.0,144.73800659179688,8,2,2,66,26,149,86,29,6,26,2,6,99,1,0,-4326.180569258305,-1923.3141088835762,135.691764012909,0,0,0,0,0,0
60.958308949995335,-4353.18701171875,-1899.432373046875,105.3603744506836,136.02717153011542,0.0,0.0,149.74994659423828,8,2,3,66,26,149,86,29,6,26,2,6,99,1,0,-4353.186839268782,-1899.432316775356,136.02717153011542,0,0,0,0,0,0
61.12497554999532,-4371.07373046875,-1881.9730224609375,97.86549377441406,136.29596103878092,0.0,0.0,163.36485147476196,8,2,3,66,26,149,86,29,6,26,2,6,99,1,0,-4371.073584832426,-1881.973002785587,136.29596103878092,0,0,0,0,0,0
61.24997549999531,-4384.474609375,-1867.56396484375,95.24320220947266,136.50539908582093,0.0,0.0,169.28859949111938,8,2,3,66,26,149,86,29,6,26,2,6,99,1,0,-4384.47465394921,-1867.5639117778658,136.50539908582093,0,0,0,0,0,0
61.3749754499953,-4398.875,-1851.8851318359375,94.71636199951172,136.58753104771404,0.0,0.0,174.36357736587524,8,2,3,66,26,150,87,29,6,26,2,6,100,1,0,-4398.874971765195,-1851.8851140800975,136.58753104771404,0,0,0,0,0,0
61.54164204999528,-4419.318359375,-1831.5396728515625,90.6485595703125,136.4975788915944,0.0,0.0,173.74259233474731,7,2,3,66,26,150,87,29,6,26,2,6,100,1,0,-4419.31827902168,-1831.5396717987223,136.4975788915944,0,0,0,0,0,0
61.74997529999526,-4446.64013671875,-1806.0035400390625,78.94966888427734,135.9935716031486,0.0,0.0,180.25940656661987,7,2,3,66,26,150,87,29,6,26,2,6,100,1,0,-4446.640312662328,-1806.003550590247,135.9935716031486,0,0,0,0,0,0
61.958308549995245,-4472.90869140625,-1778.82470703125,71.2613525390625,135.62147077533092,0.0,0.0,189.3526792526245,7,2,3,66,26,150,87,29,6,26,2,6,100,1,0,-4472.908579709365,-1778.8247144434138,135.62147077533092,0,0,0,0,0,0
62.12497514999523,-4490.25634765625,-1756.884033203125,71.23159790039062,135.4345422670964,0.0,0.0,149.55246448516846,8,2,2,70,27,150,87,29,6,27,2,6,101,1,0,-4490.2563720911485,-1756.884026874765,135.4345422670964,0,0,0,0,0,0
62.33330839999521,-4506.86669921875,-1733.29296875,74.51770782470703,135.30207155673062,0.0,0.0,132.94280767440796,8,2,2,70,27,150,87,29,6,27,2,6,101,1,0,-4506.866457808528,-1733.292993372791,135.30207155673062,0,0,0,0,0,0
62.37497504999521,-4510.00341796875,-1729.0654296875,74.63872528076172,135.3420101642321,0.0,0.0,131.67965412139893,8,2,2,70,27,150,87,29,6,27,2,6,101,1,0,-4510.003414418524,-1729.0654791881882,135.3420101642321,0,0,0,0,0,0
62.58330829999519,-4526.9375,-1708.6990966796875,72.0674057006836,135.37545147012221,0.0,0.0,132.76623487472534,8,2,2,70,27,150,87,29,6,27,2,6,101,1,0,-4526.9374839392585,-1708.6990624121775,135.37545147012221,0,0,0,0,0,0
62.74997489999517,-4543.35986328125,-1692.296142578125,65.5321273803711,135.04053268045666,0.0,0.0,143.44829320907593,8,2,2,70,27,150,87,29,6,27,2,6,101,1,0,-4543.359819847895,-1692.296096769368,135.04053268045666,0,0,0,0,0,0
62.91664149999516,-4562.18994140625,-1676.2149658203125,53.17982864379883,134.6376298822532,0.0,0.0,158.99932384490967,8,2,2,70,27,151,88,29,6,27,2,6,102,1,0,-4562.189967086192,-1676.2149782095125,134.6376298822532,0,0,0,0,0,0
63.12497474999514,-4583.19091796875,-1657.145751953125,44.329830169677734,134.54343916705534,0.0,0.0,133.5557222366333,8,2,2,70,27,151,88,29,6,27,2,6,102,1,0,-4583.190990295669,-1657.1457642842936,134.54343916705534,0,0,0,0,0,0
63.24997469999513,-4593.00390625,-1643.86669921875,48.30236053466797,134.18845875537474,0.0,0.0,123.89951944351196,7,2,2,70,27,151,88,29,6,27,2,6,102,1,0,-4593.003806685253,-1643.8667559751814,134.18845875537474,0,0,0,0,0,0
63.45830794999511,-4608.35205078125,-1623.413818359375,52.07756805419922,133.85160735277086,0.0,0.0,114.98868465423584,7,2,2,70,27,151,88,29,6,27,2,6,102,1,0,-4608.352039296545,-1623.413766615308,133.85160735277086,0,0,0,0,0,0
63.66664119999509,-4624.77587890625,-1605.6239013671875,45.37369918823242,133.88990459804924,0.0,0.0,115.53086042404175,7,2,2,70,27,151,88,29,6,27,2,6,102,1,0,-4624.7760913626635,-1605.6239503885054,133.88990459804924,0,0,0,0,0,0
63.833307799995076,-4638.81689453125,-1590.2178955078125,39.13915252685547,133.91067206047552,0.0,0.0,136.96327209472656,7,2,2,70,27,151,88,29,6,27,2,6,102,1,0,-4638.816742084752,-1590.2178556133617,133.91067206047552,0,0,0,0,0,0
64.04164104999506,-4658.07470703125,-1570.4427490234375,28.476882934570312,134.3123989989012,0.0,0.0,144.9563503265381,8,2,2,72,28,152,89,29,6,28,2,6,103,1,0,-4658.074471505584,-1570.4427011942714,134.3123989989012,0,0,0,0,0,0
64.24997429999505,-4679.33056640625,-1548.829833984375,22.543737411499023,134.1907012811272,0.0,0.0,140.58268070220947,8,2,2,72,28,152,89,29,6,28,2,6,103,1,0,-4679.330549076672,-1548.8297989557211,134.1907012811272,0,0,0,0,0,0
64.45830754999503,-4696.2607421875,-1524.4713134765625,23.76772689819336,133.70101053291054,0.0,0.0,135.19600629806519,8,2,2,72,28,152,89,29,6,28,2,6,103,1,0,-4696.260855758719,-1524.4713458996316,133.70101053291054,0,0,0,0,0,0
64.62497414999501,-4710.517578125,-1507.1878662109375,19.193641662597656,133.49266721692808,0.0,0.0,133.88127088546753,8,2,2,72,28,152,89,29,6,28,2,6,103,1,0,-4710.517773461033,-1507.1878297067385,133.49266721692808,0,0,0,0,0,0
64.791640749995,-4726.80126953125,-1491.653564453125,13.656062126159668,133.58395836585765,0.0,0.0,139.4472360610962,8,2,2,72,28,153,90,29,6,28,2,6,104,1,0,-4726.801324763586,-1491.6536252058515,133.58395836585765,0,0,0,0,0,0
64.91664069999499,-4739.0869140625,-1479.4315185546875,9.48960018157959,133.646473170059,0.0,0.0,146.6889500617981,8,2,2,72,28,153,90,29,6,28,2,6,104,1,0,-4739.086839442978,-1479.431480199362,133.646473170059,0,0,0,0,0,0
65.12497394999497,-4760.8388671875,-1457.4169921875,1.9924088716506958,133.7200634279635,0.0,0.0,158.0034375190735,8,2,2,72,28,153,90,29,6,28,2,6,104,1,0,-4760.838738527925,-1457.417009993863,133.7200634279635,0,0,0,0,0,0
65.33330719999495,-4783.19287109375,-1432.2506103515625,-1.0536746978759766,133.61041240454162,0.0,0.0,160.71019172668457,8,2,2,72,28,153,90,29,6,28,2,6,104,1,0,-4783.193030113037,-1432.250598379507,133.61041240454162,0,0,0,0,0,0
65.54164044999493,-4805.90576171875,-1407.0157470703125,-6.940083980560303,133.42664313546803,0.0,0.0,162.3498797416687,8,2,2,72,28,153,90,29,6,28,2,6,105,1,0,-4805.905564291336,-1407.015767810871,133.42664313546803,0,0,0,0,0,0
65.70830704999491,-4824.85302734375,-1387.1805419921875,-14.446626663208008,133.21160065233116,0.0,0.0,150.5511999130249,8,2,2,72,28,153,90,29,6,28,2,6,105,1,0,-4824.852990562333,-1387.1805639447575,133.21160065233116,0,0,0,0,0,0
65.9166402999949,-4844.16552734375,-1365.61083984375,-15.017060279846191,132.7180587290804,0.0,0.0,126.39132738113403,8,2,2,72,28,153,90,29,6,28,2,6,105,1,0,-4844.165476345665,-1365.6108696860238,132.7180587290804,0,0,0,0,0,0
66.12497354999488,-4860.2431640625,-1344.89697265625,-12.394012451171875,132.3189536537705,0.0,0.0,120.83708047866821,8,2,2,72,28,153,90,29,6,28,2,6,105,1,0,-4860.243065064251,-1344.896938207497,132.3189536537705,0,0,0,0,0,0
66.33330679999486,-4874.46826171875,-1326.15673828125,-15.591017723083496,132.13629173574805,0.0,0.0,98.98905158042908,8,2,2,72,28,153,90,29,6,28,2,6,105,1,0,-4874.468112621419,-1326.1567897494542,132.13629173574805,0,0,0,0,0,0
66.49997339999484,-4884.0556640625,-1311.4163818359375,-20.934228897094727,131.83819008237674,0.0,0.0,107.10159540176392,8,2,2,72,28,155,92,29,6,28,2,6,106,1,0,-4884.05565433098,-1311.4164402738422,131.83819008237674,0,0,0,0,0,0
66.58330669999484,-4888.91015625,-1305.34423828125,-24.8374080657959,131.89126324154188,0.0,0.0,109.59455966949463,8,2,2,72,28,155,92,29,6,28,2,6,106,1,0,-4888.910061593099,-1305.3442923362911,131.89126324154188,0,0,0,0,0,0
66.79163994999482,-4906.86474609375,-1291.0614013671875,-38.71492385864258,132.12570778052347,0.0,0.0,129.9826741218567,8,2,2,72,28,155,92,29,6,28,2,6,106,1,0,-4906.864965725783,-1291.0613924660338,132.12570778052347,0,0,0,0,0,0
66.9999731999948,-4926.1640625,-1268.0748291015625,-41.05897521972656,131.91569113693367,0.0,0.0,145.8843231201172,7,2,2,72,28,155,92,29,6,28,2,6,106,1,0,-4926.164245833224,-1268.0748458692997,131.91569113693367,0,0,0,0,0,0
67.20830644999478,-4945.91259765625,-1245.0377197265625,-45.120182037353516,131.8692802916896,0.0,0.0,146.1020588874817,7,2,2,72,28,155,92,29,6,28,2,6,106,1,0,-4945.912797448494,-1245.0377185962875,131.8692802916896,0,0,0,0,0,0
67.37497304999476,-4962.94384765625,-1226.6258544921875,-50.576332092285156,131.8272957400362,0.0,0.0,152.43353843688965,7,2,2,72,28,155,92,29,6,28,2,6,106,1,0,-4962.943694976017,-1226.6258410145615,131.8272957400362,0,0,0,0,0,0
67.54163964999475,-4980.0380859375,-1207.2105712890625,-54.19806671142578,131.82066050377534,0.0,0.0,156.9740891456604,8,2,2,75,29,155,92,29,6,29,2,6,107,1,0,-4980.038294750641,-1207.2105823436737,131.82066050377534,0,0,0,0,0,0
67.74997289999473,-4996.57373046875,-1187.19873046875,-54.202205657958984,131.37215802556958,0.0,0.0,70.61198949813843,8,2,2,75,29,155,92,29,6,29,2,6,107,1,0,-4996.573949365198,-1187.1987254934734,131.37215802556958,0,0,0,0,0,0
67.95830614999471,-5001.4951171875,-1176.0242919921875,-48.036128997802734,130.64531045434592,0.0,0.0,42.97090768814087,8,2,2,75,29,155,92,29,6,29,2,6,107,1,0,-5001.495187137822,-1176.0242309728274,130.64531045434592,0,0,0,0,0,0
68.1666393999947,-5002.73583984375,-1169.5372314453125,-50.45380401611328,129.95749290760406,0.0,0.0,19.86311972141266,8,2,2,75,29,155,92,29,6,29,2,6,107,1,0,-5002.7358229068095,-1169.5372730803697,129.95749290760406,0,0,0,0,0,0
68.24997269999469,-5002.37109375,-1168.35205078125,-51.47325897216797,129.73833755897033,0.0,0.0,12.89285272359848,8,2,2,75,29,155,92,29,6,29,2,6,107,1,0,-5002.3709440475695,-1168.352019432807,129.73833755897033,0,0,0,0,0,0
68.45830594999467,-4998.53515625,-1168.7767333984375,-51.35258483886719,129.31516922165372,0.0,0.0,28.193795680999756,8,2,2,75,29,155,92,29,6,29,2,6,107,1,0,-4998.5349132558085,-1168.7766792608818,129.31516922165372,0,0,0,0,0,0
68.62497254999465,-4992.7998046875,-1172.3707275390625,-52.58592987060547,129.00305873696755,0.0,0.0,46.160393953323364,8,2,2,75,29,155,92,29,6,29,2,6,107,1,0,-4992.799580126237,-1172.3707862325875,129.00305873696755,0,0,0,0,0,0
68.83330579999463,-4981.69921875,-1180.4588623046875,-57.5301399230957,128.49010092072461,0.0,0.0,67.19951629638672,8,2,2,75,29,155,92,29,6,29,2,6,107,1,0,-4981.699431248384,-1180.458845143967,128.49010092072461,0,0,0,0,0,0
69.04163904999461,-4970.548828125,-1188.4093017578125,-59.98561477661133,127.64851835499496,0.0,0.0,46.929773688316345,8,2,2,75,29,155,92,29,6,29,2,6,107,1,0,-4970.548725217437,-1188.4092497399724,127.64851835499496,0,0,0,0,0,0
69.2499722999946,-4964.9814453125,-1191.662353515625,-57.1792106628418,127.22104470436409,0.0,0.0,20.973117649555206,8,2,2,75,29,155,92,29,6,29,2,6,107,1,0,-4964.981249965981,-1191.662353914203,127.22104470436409,0,0,0,0,0,0
69.45830554999458,-4963.15380859375,-1192.5648193359375,-57.60179138183594,127.10749601072969,0.0,0.0,1.173175498843193,8,2,2,75,29,155,92,29,6,29,2,6,107,1,0,-4963.1535787355215,-1192.5648443786051,127.10749601072969,0,0,0,0,0,0
69.62497214999456,-4964.171875,-1191.1259765625,-58.26414489746094,127.1092384079324,0.0,0.0,19.114844501018524,8,2,2,75,29,155,92,29,6,29,2,6,107,1,0,-4964.17180386757,-1191.1260198243356,127.1092384079324,0,0,0,0,0,0
69.79163874999455,-4966.8681640625,-1187.374267578125,-58.57392883300781,127.14000283398506,0.0,0.0,35.41586399078369,8,2,2,75,29,155,92,29,6,29,2,6,107,1,0,-4966.8682140446845,-1187.3742380499896,127.14000283398506,0,0,0,0,0,0
69.87497204999454,-4968.88671875,-1184.7376708984375,-59.08713912963867,127.1573369002154,0.0,0.0,43.34271848201752,8,2,2,75,29,155,92,29,6,29,2,6,107,1,0,-4968.886905715099,-1184.7377246123692,127.1573369002154,0,0,0,0,0,0
70.08330529999452,-4975.85888671875,-1175.8720703125,-61.56529235839844,127.18354070096133,0.0,0.0,63.509196043014526,8,2,2,75,29,155,92,29,6,29,2,6,107,1,0,-4975.858978913989,-1175.8720326424393,127.18354070096133,0,0,0,0,0,0
70.2916385499945,-4985.02880859375,-1163.5491943359375,-64.4438705444336,127.1523382713952,0.0,0.0,82.33557343482971,8,2,2,75,29,155,92,29,6,29,2,6,107,1,0,-4985.028652613046,-1163.5492289747365,127.1523382713952,0,0,0,0,0,0
70.49997179999448,-4995.15673828125,-1149.5,-66.87159729003906,126.98545337341295,0.0,0.0,70.65497636795044,8,2,2,75,29,155,92,29,6,29,2,6,107,1,0,-4995.156776707946,-1149.500007192901,126.98545337341295,0,0,0,0,0,0
70.66663839999447,-5000.734375,-1141.72900390625,-68.16251373291016,126.76034286045251,0.0,0.0,46.615540981292725,8,2,2,75,29,155,92,29,6,29,2,6,107,1,0,-5000.734170652948,-1141.7289820186952,126.76034286045251,0,0,0,0,0,0
70.79163834999446,-5003.69140625,-1137.6416015625,-69.51185607910156,126.63161707542794,0.0,0.0,38.878944516181946,8,2,2,75,29,155,92,29,6,29,2,6,107,1,0,-5003.691412192452,-1137.6415804367246,126.63161707542794,0,0,0,0,0,0
70.99997159999444,-5009.72509765625,-1129.169921875,-72.17811584472656,126.62405883577257,0.0,0.0,60.498178005218506,8,2,2,75,29,155,92,29,6,29,2,6,107,1,0,-5009.725250935687,-1129.1698928194576,126.62405883577257,0,0,0,0,0,0
71.20830484999442,-5017.98974609375,-1117.320068359375,-74.05838012695312,126.59429998209522,0.0,0.0,77.77173519134521,8,2,2,75,29,157,94,29,6,29,2,6,108,1,0,-5017.989833697478,-1117.3201025561393,126.59429998209522,0,0,0,0,0,0
71.4166380999944,-5028.30908203125,-1102.8289794921875,-77.41053771972656,126.53469871857811,0.0,0.0,92.21683144569397,8,2,2,75,29,157,94,29,6,29,2,6,108,1,0,-5028.309205009563,-1102.8289306966278,126.53469871857811,0,0,0,0,0,0
71.54163804999439,-5035.2822265625,-1093.0257568359375,-79.52786254882812,126.51752036994462,0.0,0.0,99.5161771774292,8,2,2,75,29,157,94,29,6,29,2,6,108,1,0,-5035.2820410471995,-1093.0257367977704,126.51752036994462,0,0,0,0,0,0
71.70830464999437,-5045.2978515625,-1078.8629150390625,-81.69878387451172,126.50299632841003,0.0,0.0,107.92040824890137,8,2,2,75,29,157,94,29,6,29,2,6,108,1,0,-5045.29803869028,-1078.862963434935,126.50299632841003,0,0,0,0,0,0
71.91663789999436,-5058.8583984375,-1059.790283203125,-85.43409729003906,126.49123990186389,0.0,0.0,117.55902767181396,8,2,2,75,29,157,94,29,6,29,2,6,108,1,0,-5058.858320001169,-1059.7902419807772,126.49123990186389,0,0,0,0,0,0
72.12497114999434,-5073.712890625,-1039.0205078125,-90.36034393310547,126.43225002359975,0.0,0.0,128.12213897705078,8,2,2,75,29,157,94,29,6,29,2,6,108,1,0,-5073.712867536574,-1039.0205413594363,126.43225002359975,0,0,0,0,0,0
72.33330439999432,-5089.52978515625,-1016.2254028320312,-94.72258758544922,126.34382086944362,0.0,0.0,136.99026107788086,8,2,2,75,29,157,94,29,6,29,2,6,109,1,0,-5089.52997911967,-1016.2254030224258,126.34382086944362,0,0,0,0,0,0
72.41663769999431,-5096.255859375,-1006.8568725585938,-96.2940444946289,126.30542765750484,0.0,0.0,139.9441361427307,8,2,2,75,29,157,94,29,6,29,2,6,109,1,0,-5096.255799633183,-1006.8568966551662,126.30542765750484,0,0,0,0,0,0
72.5833042999943,-5109.908203125,-987.6868896484375,-100.50202941894531,126.27143183740421,0.0,0.0,144.74440813064575,8,2,2,75,29,157,94,29,6,29,2,6,109,1,0,-5109.908211901304,-987.6869012853364,126.27143183740421,0,0,0,0,0,0
72.79163754999428,-5127.67041015625,-962.549560546875,-105.63761901855469,126.20371026801672,0.0,0.0,150.96746683120728,8,2,2,75,29,157,94,29,6,29,2,6,109,1,0,-5127.670534037102,-962.5495724209417,126.20371026801672,0,0,0,0,0,0
72.99997079999426,-5145.54541015625,-936.6809692382812,-109.7522964477539,126.18076445548725,0.0,0.0,146.59216403961182,8,2,2,75,29,157,94,29,6,29,2,6,109,1,0,-5145.54552260029,-936.6809401186723,126.18076445548725,0,0,0,0,0,0
73.16663739999424,-5156.08544921875,-917.9208374023438,-109.04833221435547,125.64130500784545,0.0,0.0,103.77000570297241,8,2,2,75,29,158,95,29,6,29,2,6,110,1,0,-5156.085219532022,-917.9208166686534,125.64130500784545,0,0,0,0,0,0
73.20830404999424,-5157.6455078125,-913.8804931640625,-108.53275299072266,125.34883959131099,0.0,0.0,97.32428193092346,8,2,2,75,29,158,95,29,6,29,2,6,110,1,0,-5157.645465275565,-913.8804681749381,125.34883959131099,0,0,0,0,0,0
73.37497064999422,-5161.591796875,-900.630615234375,-109.97772216796875,124.05947027563396,0.0,0.0,69.9108362197876,8,2,2,75,29,158,95,29,6,29,2,6,110,1,0,-5161.591713440568,-900.630636516426,124.05947027563396,0,0,0,0,0,0
73.54163724999421,-5162.01318359375,-896.8231811523438,-114.26892852783203,123.21672516388283,0.0,0.0,6.946603953838348,8,2,2,75,29,158,95,29,6,29,2,6,110,1,0,-5162.013107500391,-896.823166985314,123.21672516388283,0,0,0,0,0,0
73.74997049999419,-5155.8125,-901.34130859375,-117.02535247802734,122.34860779149682,0.0,0.0,59.127503633499146,8,2,2,75,29,158,95,29,6,29,2,6,110,1,0,-5155.812549358308,-901.341288117996,122.34860779149682,0,0,0,0,0,0
73.91663709999418,-5149.533203125,-905.1470947265625,-118.46973419189453,121.94174580086677,0.0,0.0,35.52691042423248,8,2,2,75,29,158,95,29,6,29,2,6,110,1,0,-5149.533349908258,-905.1471047701989,121.94174580086677,0,0,0,0,0,0
74.04163704999416,-5146.77734375,-907.0577392578125,-117.4437255859375,121.79440421094525,0.0,0.0,16.239033639431,8,2,2,75,29,158,95,29,6,29,2,6,110,1,0,-5146.777300567954,-907.057719693564,121.79440421094525,0,0,0,0,0,0
74.24997029999415,-5145.6708984375,-906.80126953125,-116.72688293457031,121.79669036307729,0.0,0.0,10.660427808761597,8,2,2,75,29,158,95,29,6,29,2,6,110,1,0,-5145.670813898945,-906.801290030705,121.79669036307729,0,0,0,0,0,0
74.41663689999413,-5147.09033203125,-903.81884765625,-117.8025894165039,121.90332234879935,0.0,0.0,28.81723642349243,8,2,2,75,29,158,95,29,6,29,2,6,110,1,0,-5147.090567218377,-903.8188375151286,121.90332234879935,0,0,0,0,0,0
74.58330349999412,-5150.3271484375,-898.3450317382812,-118.96961212158203,122.00644167858364,0.0,0.0,46.58901393413544,8,2,2,75,29,158,95,29,6,29,2,6,110,1,0,-5150.327176745982,-898.3450567234962,122.00644167858364,0,0,0,0,0,0
74.7916367499941,-5156.234375,-888.3536987304688,-120.74600982666016,122.06945172900375,0.0,0.0,64.1258180141449,8,2,2,75,29,158,95,29,6,29,2,6,110,1,0,-5156.234528596521,-888.3537115104598,122.06945172900375,0,0,0,0,0,0
74.87497004999409,-5159.013671875,-883.5260620117188,-121.63452911376953,122.0917579824213,0.0,0.0,69.51518058776855,8,2,2,75,29,158,95,29,6,29,2,6,110,1,0,-5159.0138669224525,-883.5260501078765,122.0917579824213,0,0,0,0,0,0
75.08330329999407,-5166.984375,-869.7263793945312,-124.02545166015625,122.11818717377245,0.0,0.0,83.65526795387268,8,2,2,75,29,158,95,29,6,29,2,6,110,1,0,-5166.984172708737,-869.7263852571455,122.11818717377245,0,0,0,0,0,0
75.20830324999406,-5172.64208984375,-860.4786376953125,-125.5982894897461,122.11345051243053,0.0,0.0,88.83798718452454,8,2,2,75,29,158,95,29,6,29,2,6,110,1,0,-5172.642309148162,-860.4786483385503,122.11345051243053,0,0,0,0,0,0
75.37496984999405,-5180.830078125,-847.1898193359375,-128.021728515625,122.11881433354439,0.0,0.0,98.53373765945435,8,2,2,75,29,158,95,29,6,29,2,6,110,1,0,-5180.830083020222,-847.1898318993062,122.11881433354439,0,0,0,0,0,0
75.58330309999403,-5192.2958984375,-828.5111083984375,-132.05157470703125,122.13024039721978,0.0,0.0,111.04315519332886,8,2,2,75,29,158,95,29,6,29,2,6,110,1,0,-5192.2958837855895,-828.511089025923,122.13024039721978,0,0,0,0,0,0
75.70830304999402,-5199.79931640625,-816.33642578125,-134.60430908203125,122.12967937247574,0.0,0.0,117.73494482040405,8,2,2,75,29,158,95,29,6,29,2,6,110,1,0,-5199.799453240717,-816.3364231857593,122.12967937247574,0,0,0,0,0,0
75.916636299994,-5212.99169921875,-794.27392578125,-138.65252685546875,122.16102925960153,0.0,0.0,127.35848426818848,8,2,2,75,29,159,96,29,6,29,2,6,111,1,0,-5212.991780700906,-794.2739101015289,122.16102925960153,0,0,0,0,0,0
76.12496954999398,-5226.88916015625,-770.7592163085938,-142.79669189453125,122.123026024965,0.0,0.0,134.54394340515137,8,2,2,75,29,159,96,29,6,29,2,6,111,1,0,-5226.8890863871175,-770.7591896348694,122.123026024965,0,0,0,0,0,0
76.29163614999396,-5239.1171875,-751.0907592773438,-146.76406860351562,122.0884097268651,0.0,0.0,140.14989137649536,8,2,2,75,29,159,96,29,6,29,2,6,111,1,0,-5239.11742338446,-751.0907386229126,122.0884097268651,0,0,0,0,0,0
76.45830274999395,-5251.38623046875,-730.7400512695312,-150.33738708496094,122.04227740161389,0.0,0.0,145.12038230895996,8,2,2,75,29,159,96,29,6,29,2,6,111,1,0,-5251.386304021966,-730.740056998665,122.04227740161389,0,0,0,0,0,0
76.58330269999394,-5260.81640625,-714.8666381835938,-153.0041046142578,122.03493659831942,0.0,0.0,148.31414222717285,8,2,2,75,29,159,96,29,6,29,2,6,111,1,0,-5260.816511587952,-714.8666325767227,122.03493659831942,0,0,0,0,0,0
76.79163594999392,-5277.3369140625,-687.953125,-158.0338897705078,122.01649641561973,0.0,0.0,152.05612182617188,8,2,2,75,29,160,97,29,6,29,2,6,112,1,0,-5277.336848657196,-687.953112770792,122.01649641561973,0,0,0,0,0,0
76.9999691999939,-5294.3583984375,-660.6046752929688,-162.34397888183594,122.06298835266003,0.0,0.0,154.60543632507324,8,2,2,75,29,160,97,29,6,29,2,6,112,1,0,-5294.358624049596,-660.604649774433,122.06298835266003,0,0,0,0,0,0
77.20830244999388,-5311.8623046875,-633.0652465820312,-166.9055938720703,122.1663165945136,0.0,0.0,155.81473112106323,8,2,2,75,29,160,97,29,6,29,2,6,112,1,0,-5311.8622687330435,-633.0652442300855,122.1663165945136,0,0,0,0,0,0
77.37496904999387,-5325.111328125,-612.6399536132812,-169.6052703857422,122.0382384094499,0.0,0.0,116.06825590133667,8,2,2,75,29,160,97,29,6,29,2,6,112,1,0,-5325.111209024564,-612.6399319978185,122.0382384094499,0,0,0,0,0,0
77.58330229999385,-5335.94189453125,-596.04443359375,-166.14767456054688,121.63603628663832,0.0,0.0,72.89232611656189,8,2,2,75,29,160,97,29,6,29,2,6,113,1,0,-5335.941911266818,-596.04444777959,121.63603628663832,0,0,0,0,0,0
77.79163554999383,-5342.451171875,-584.3361206054688,-165.17271423339844,121.22098184142808,0.0,0.0,58.11610221862793,8,2,2,75,29,160,97,29,6,29,2,6,113,1,0,-5342.451018173433,-584.3360923882732,121.22098184142808,0,0,0,0,0,0
77.99996879999381,-5347.73095703125,-576.235595703125,-166.12896728515625,121.22412236420084,0.0,0.0,38.00899684429169,8,2,2,75,29,160,97,29,6,29,2,6,113,1,0,-5347.730883170102,-576.235569037062,121.22412236420084,0,0,0,0,0,0
78.20830204999379,-5352.39990234375,-570.4002685546875,-166.08148193359375,121.4132284701931,0.0,0.0,31.752809882164,8,2,2,75,29,160,97,29,6,29,2,6,113,1,0,-5352.399777258516,-570.4002577393175,121.4132284701931,0,0,0,0,0,0
78.41663529999377,-5356.451171875,-564.6546020507812,-166.61668395996094,121.50264706731558,0.0,0.0,36.56373918056488,8,2,2,75,29,160,97,29,6,29,2,6,113,1,0,-5356.45104446976,-564.6545974222079,121.50264706731558,0,0,0,0,0,0
78.58330189999376,-5360.52978515625,-558.9637451171875,-167.48727416992188,121.58068216061936,0.0,0.0,45.978185534477234,8,2,2,75,29,160,97,29,6,29,2,6,113,1,0,-5360.529685145711,-558.9637560579283,121.58068216061936,0,0,0,0,0,0
78.74996849999374,-5365.75390625,-551.556884765625,-168.975830078125,121.70517940369788,0.0,0.0,58.26481580734253,8,2,2,75,29,160,97,29,6,29,2,6,113,1,0,-5365.753990344892,-551.556883198931,121.70517940369788,0,0,0,0,0,0
78.95830174999372,-5373.57080078125,-539.1253662109375,-172.3135986328125,121.86891818622028,0.0,0.0,79.99417781829834,7,2,2,75,29,160,97,29,6,29,2,6,113,1,0,-5373.57101948782,-539.1253726859803,121.86891818622028,0,0,0,0,0,0
79.04163504999372,-5377.23193359375,-532.8358154296875,-174.09124755859375,121.93551963628474,0.0,0.0,90.07474780082703,7,2,2,75,29,160,97,29,6,29,2,6,113,1,0,-5377.231908131202,-532.8357851792016,121.93551963628474,0,0,0,0,0,0
79.2083016499937,-5385.51953125,-517.6022338867188,-178.2364959716797,122.06693153319961,0.0,0.0,111.24289035797119,7,2,2,75,29,160,97,29,6,29,2,6,113,1,0,-5385.5196291630755,-517.6022570419304,122.06693153319961,0,0,0,0,0,0
79.37496824999369,-5394.6982421875,-500.2259521484375,-182.529052734375,122.13270065620192,0.0,0.0,125.68305730819702,8,2,2,78,30,162,99,29,6,30,2,6,114,1,0,-5394.698161523942,-500.22594990688197,122.13270065620192,0,0,0,0,0,0
79.58330149999367,-5407.5478515625,-479.166259765625,-194.7710723876953,122.24640754004628,0.0,0.0,130.11184930801392,8,2,2,78,30,162,99,29,6,30,2,6,114,1,0,-5407.548040217689,-479.1662496774022,122.24640754004628,0,0,0,0,0,0
79.79163474999365,-5422.9541015625,-455.07952880859375,-195.76254272460938,122.23500493146882,0.0,0.0,132.25321769714355,8,2,1,78,30,162,99,29,6,30,2,6,114,1,0,-5422.953885849336,-455.07952680155495,122.23500493146882,0,0,0,0,0,0
79.87496804999364,-5428.84716796875,-445.69500732421875,-195.52223205566406,122.30726994633035,0.0,0.0,131.1390519142151,8,2,1,78,30,162,99,29,6,30,2,6,114,1,0,-5428.8473883143315,-445.6950093759826,122.30726994633035,0,0,0,0,0,0
80.08330129999362,-5443.8017578125,-423.02679443359375,-200.36453247070312,122.48889092722199,0.0,0.0,128.0656933784485,8,2,1,78,30,162,99,29,6,30,2,6,114,1,0,-5443.801689094993,-423.02679899460065,122.48889092722199,0,0,0,0,0,0
80.2916345499936,-5459.68017578125,-400.04119873046875,-203.01425170898438,122.6763538596386,0.0,0.0,124.73351955413818,8,2,2,78,30,162,99,30,7,30,2,7,115,0,0,-5459.079541519506,-400.9191873104825,122.66762359618055,8,2,1,0,0,1
80.49996779999358,-5474.0654296875,-379.37139892578125,-204.53384399414062,122.88629100662187,0.0,0.0,121.38251066207886,8,2,2,78,30,162,99,30,7,30,2,7,115,1,0,-5474.065188194116,-379.37139751084993,122.88629100662187,0,0,0,0,0,0
80.70830104999357,-5486.94140625,-361.60772705078125,-204.9691162109375,122.79587424522032,0.0,0.0,72.34479784965515,8,2,2,78,30,162,99,30,7,30,2,7,115,1,0,-5486.941521164998,-361.60773774388673,122.79587424522032,0,0,0,0,0,0
80.91663429999355,-5493.75537109375,-352.255859375,-201.31752014160156,122.55765281669292,0.0,0.0,36.965107917785645,8,2,2,78,30,162,99,30,7,30,2,7,115,1,0,-5493.755576608566,-352.25585564381174,122.55765281669292,0,0,0,0,0,0
81.08330089999353,-5495.85107421875,-348.39898681640625,-202.06016540527344,122.38261642093586,0.0,0.0,16.374829411506653,8,2,2,78,30,162,99,30,7,30,2,7,115,1,0,-5495.850900280813,-348.3989723662692,122.38261642093586,0,0,0,0,0,0
81.24996749999352,-5495.7822265625,-347.30621337890625,-203.15870666503906,122.12300052325674,0.0,0.0,6.161351874470711,8,2,2,78,30,162,99,30,7,30,2,7,115,1,0,-5495.782329765005,-347.30620133435144,122.12300052325674,0,0,0,0,0,0
81.4583007499935,-5492.82177734375,-349.3815612792969,-203.0444793701172,121.76686618716879,0.0,0.0,26.193219423294067,8,2,2,78,30,162,99,30,7,30,2,7,115,1,0,-5492.821618378478,-349.38154677334643,121.76686618716879,0,0,0,0,0,0
81.54163404999349,-5490.82275390625,-351.18218994140625,-203.330810546875,121.61218488402227,0.0,0.0,33.867451548576355,8,2,2,78,30,162,99,30,7,30,2,7,115,1,0,-5490.822749206843,-351.1821946705506,121.61218488402227,0,0,0,0,0,0
81.74996729999347,-5484.03955078125,-357.89947509765625,-205.4086151123047,121.21305588584548,0.0,0.0,49.94448125362396,8,2,2,78,30,162,99,30,7,30,2,7,115,1,0,-5484.039651182991,-357.89946642001973,121.21305588584548,0,0,0,0,0,0
81.95830054999345,-5476.84912109375,-365.6459655761719,-207.66554260253906,120.9973569887516,0.0,0.0,38.934653997421265,8,2,2,78,30,162,99,30,7,30,2,7,115,1,0,-5476.849131245511,-365.6459760519086,120.9973569887516,0,0,0,0,0,0
82.12496714999344,-5473.60546875,-369.5014953613281,-206.64108276367188,120.90981924750047,0.0,0.0,23.844271898269653,8,2,2,78,30,162,99,30,7,30,2,7,115,1,0,-5473.605590060248,-369.50151051639267,120.90981924750047,0,0,0,0,0,0
82.33330039999342,-5471.36962890625,-371.8582458496094,-205.8179168701172,120.88313911641026,0.0,0.0,7.885197550058365,8,2,2,78,30,162,99,30,7,30,2,7,115,1,0,-5471.369821417578,-371.858260854737,120.88313911641026,0,0,0,0,0,0
82.41663369999341,-5471.02880859375,-372.0260925292969,-206.09718322753906,120.88870527301714,0.0,0.0,2.2958317771553993,8,2,2,78,30,162,99,30,7,30,2,7,115,1,0,-5471.029021787759,-372.0260798876524,120.88870527301714,0,0,0,0,0,0
82.5833002999934,-5471.33935546875,-371.0531311035156,-206.49200439453125,120.90834283670726,0.0,0.0,11.54516413807869,8,2,2,78,30,162,99,30,7,30,2,7,115,1,0,-5471.339525182669,-371.05312707937014,120.90834283670726,0,0,0,0,0,0
82.74996689999338,-5472.66796875,-368.4637451171875,-206.58070373535156,120.93998228881252,0.0,0.0,22.021964192390442,8,2,2,78,30,162,99,30,7,30,2,7,115,1,0,-5472.667896156596,-368.46375658532423,120.93998228881252,0,0,0,0,0,0
82.95830014999336,-5475.5146484375,-363.3293151855469,-207.1551971435547,120.98297627459954,0.0,0.0,32.89341330528259,8,2,2,78,30,162,99,30,7,30,2,7,115,1,0,-5475.514711260499,-363.32932956149745,120.98297627459954,0,0,0,0,0,0
83.12496674999335,-5477.94091796875,-358.7947082519531,-207.3844757080078,120.90907796748071,0.0,0.0,23.446695506572723,8,2,2,78,30,162,99,30,7,30,2,7,115,1,0,-5477.940933054354,-358.79471466365953,120.90907796748071,0,0,0,0,0,0
83.20830004999334,-5478.55224609375,-357.2757568359375,-207.16207885742188,120.8107539286351,0.0,0.0,15.12339562177658,8,2,2,78,30,162,99,30,7,30,2,7,115,1,0,-5478.552147321024,-357.2757584472579,120.8107539286351,0,0,0,0,0,0
83.41663329999332,-5478.78125,-355.671875,-206.95281982421875,120.60803070292854,0.0,0.0,3.5533878952264786,8,2,2,78,30,162,99,30,7,30,2,7,115,1,0,-5478.781210422005,-355.67187555247955,120.60803070292854,0,0,0,0,0,0
83.6249665499933,-5477.541015625,-356.2041015625,-207.86349487304688,120.44837336597003,0.0,0.0,8.867618441581726,8,2,2,78,30,162,99,30,7,30,2,7,115,1,0,-5477.540968369494,-356.2040967596128,120.44837336597003,0,0,0,0,0,0
83.79163314999329,-5476.734375,-356.7322998046875,-208.0932159423828,120.39542248150235,0.0,0.0,1.874372735619545,8,2,2,78,30,162,99,30,7,30,2,7,115,1,0,-5476.734415439229,-356.73228829079767,120.39542248150235,0,0,0,0,0,0
83.95829974999327,-5476.8193359375,-356.2602233886719,-207.82363891601562,120.38344506790321,0.0,0.0,5.212852731347084,8,2,2,78,30,162,99,30,7,30,2,7,115,1,0,-5476.819308592321,-356.2602278528257,120.38344506790321,0,0,0,0,0,0
84.04163304999327,-5476.9814453125,-355.83172607421875,-207.8077392578125,120.37329138623534,0.0,0.0,5.613649636507034,8,2,2,78,30,162,99,30,7,30,2,7,115,1,0,-5476.981334542361,-355.831719801592,120.37329138623534,0,0,0,0,0,0
84.24996629999325,-5477.18408203125,-355.02825927734375,-207.99725341796875,120.31459650906663,0.0,0.0,2.3467838764190674,8,2,2,78,30,162,99,30,7,30,2,7,115,1,0,-5477.183846213728,-355.02824697267476,120.31459650906663,0,0,0,0,0,0
84.41663289999323,-5477.07666015625,-354.7502746582031,-208.06031799316406,120.26044027132436,0.0,0.0,1.7061393707990646,8,2,2,78,30,162,99,30,7,30,2,7,115,1,0,-5477.076477924491,-354.750288316734,120.26044027132436,0,0,0,0,0,0
84.58329949999322,-5476.97119140625,-354.4678955078125,-208.097412109375,120.21671804626605,0.0,0.0,2.092622220516205,8,2,2,78,30,162,99,30,7,30,2,7,115,1,0,-5476.971229546715,-354.4678998540786,120.21671804626605,0,0,0,0,0,0
84.7499660999932,-5476.97119140625,-354.0703430175781,-208.15977478027344,120.17741758497033,0.0,0.0,2.5899456813931465,8,2,2,78,30,162,99,30,7,30,2,7,115,1,0,-5476.971229190388,-354.0703397964709,120.17741758497033,0,0,0,0,0,0
84.87496604999319,-5476.994140625,-353.74444580078125,-208.2009735107422,120.14650298217167,0.0,0.0,2.5788133963942528,8,2,2,78,30,162,99,30,7,30,2,7,115,1,0,-5476.993897495395,-353.7444433335,120.14650298217167,0,0,0,0,0,0
85.08329929999317,-5476.99462890625,-353.2449035644531,-208.26641845703125,120.09196058750807,0.0,0.0,2.2463591769337654,8,2,2,78,30,162,99,30,7,30,2,7,115,1,0,-5476.994408876041,-353.24490725797773,120.09196058750807,0,0,0,0,0,0
85.29163254999315,-5476.96533203125,-352.7940368652344,-208.3438720703125,120.03802628559208,0.0,0.0,2.1733060479164124,8,2,2,78,30,162,99,30,7,30,2,7,115,1,0,-5476.965523527464,-352.79402505776454,120.03802628559208,0,0,0,0,0,0
85.45829914999314,-5476.95263671875,-352.42694091796875,-208.40054321289062,119.99622927205505,0.0,0.0,2.243109978735447,8,2,2,78,30,162,99,30,7,30,2,7,115,1,0,-5476.952491740693,-352.42695364720873,119.99622927205505,0,0,0,0,0,0
85.66663239999312,-5476.947265625,-351.95867919921875,-208.46902465820312,119.94471021207083,0.0,0.0,2.230471931397915,8,2,2,78,30,162,99,30,7,30,2,7,115,1,0,-5476.947108381318,-351.95867291408933,119.94471021207083,0,0,0,0,0,0
85.70829904999312,-5476.94580078125,-351.8662109375,-208.4835662841797,119.93438747448371,0.0,0.0,2.2126100957393646,8,2,2,78,30,162,99,30,7,30,2,7,115,1,0,-5476.945849950571,-351.86622333720925,119.93438747448371,0,0,0,0,0,0
85.9166322999931,-5476.93408203125,-351.41473388671875,-208.55795288085938,119.88312721979098,0.0,0.0,2.1408259868621826,8,2,2,78,30,162,99,30,7,30,2,7,115,1,0,-5476.934201218181,-351.4147190245959,119.88312721979098,0,0,0,0,0,0
86.12496554999308,-5476.9169921875,-350.9710998535156,-208.62608337402344,119.83311673543359,0.0,0.0,2.1486736834049225,8,2,2,78,30,162,99,30,7,30,2,7,115,1,0,-5476.916748307243,-350.97111465554894,119.83311673543359,0,0,0,0,0,0
86.33329879999306,-5476.90478515625,-350.5223388671875,-208.68556213378906,119.78360824351286,0.0,0.0,2.189840003848076,8,2,2,78,30,162,99,30,7,30,2,7,115,1,0,-5476.904576132014,-350.5223367829103,119.78360824351286,0,0,0,0,0,0
86.54163204999304,-5476.8984375,-350.0708312988281,-208.74630737304688,119.73404000593031,0.0,0.0,2.1756617352366447,8,2,2,78,30,162,99,30,7,30,2,7,115,1,0,-5476.898337680212,-350.0708185714425,119.73404000593031,0,0,0,0,0,0
86.70829864999303,-5476.89501953125,-349.7124328613281,-208.7962646484375,119.69413482180062,0.0,0.0,2.16072928160429,8,2,2,78,30,162,99,30,7,30,2,7,115,1,0,-5476.894939943056,-349.7124292392344,119.69413482180062,0,0,0,0,0,0
86.916631899993,-5476.89453125,-349.2659912109375,-208.8573455810547,119.64389060796287,0.0,0.0,2.1558834239840508,8,2,2,78,30,162,99,30,7,30,2,7,115,1,0,-5476.894710612225,-349.2659947012328,119.64389060796287,0,0,0,0,0,0
87.12496514999299,-5476.89892578125,-348.8195495605469,-208.9183807373047,119.59365488713837,0.0,0.0,2.161356806755066,8,2,2,78,30,162,99,30,7,30,2,7,115,1,0,-5476.898978381115,-348.8195564266514,119.59365488713837,0,0,0,0,0,0
87.33329839999297,-5476.90625,-348.3736572265625,-208.9795684814453,119.54333680397274,0.0,0.0,2.1571891382336617,8,2,2,78,30,162,99,30,7,30,2,7,115,1,0,-5476.906047540785,-348.3736676010149,119.54333680397274,0,0,0,0,0,0
87.41663169999296,-5476.9091796875,-348.1944274902344,-209.0045623779297,119.52309432109118,0.0,0.0,2.171735465526581,8,2,2,78,30,162,99,30,7,30,2,7,115,1,0,-5476.90930296111,-348.1944281882439,119.52309432109118,0,0,0,0,0,0
87.62496494999294,-5476.92138671875,-347.7193298339844,-209.075927734375,119.47132943635175,0.0,0.0,2.445852942764759,8,2,2,78,30,162,99,30,7,30,2,7,115,1,0,-5476.921466307475,-347.71932389142734,119.47132943635175,0,0,0,0,0,0
87.83329819999292,-5476.95263671875,-347.2022705078125,-209.14767456054688,119.4182946164717,0.0,0.0,2.5088323280215263,8,2,2,78,30,162,99,30,7,30,2,7,115,1,0,-5476.952692903046,-347.202268919615,119.4182946164717,0,0,0,0,0,0
88.0416314499929,-5476.98388671875,-346.6939697265625,-209.212890625,119.36413773859897,0.0,0.0,2.4131089448928833,8,2,2,78,30,162,99,30,7,30,2,7,115,1,0,-5476.9838739239085,-346.6939794221467,119.36413773859897,0,0,0,0,0,0
88.20829804999289,-5477.0048828125,-346.2983093261719,-209.27020263671875,119.32075783806364,0.0,0.0,2.3865772411227226,8,2,2,78,30,162,99,30,7,30,2,7,115,1,0,-5477.004917053329,-346.2983013088938,119.32075783806364,0,0,0,0,0,0
88.41663129999287,-5477.0361328125,-345.8050537109375,-209.33926391601562,119.26693258101484,0.0,0.0,2.3966405540704727,8,2,2,78,30,162,99,30,7,30,2,7,115,1,0,-5477.035962212168,-345.80504467823243,119.26693258101484,0,0,0,0,0,0
88.58329789999286,-5477.06591796875,-345.4090576171875,-209.39300537109375,119.224056438841,0.0,0.0,2.395276539027691,8,2,2,78,30,162,99,30,7,30,2,7,115,1,0,-5477.066066904405,-345.4090488650182,119.224056438841,0,0,0,0,0,0
88.70829784999285,-5477.08984375,-345.113525390625,-209.43409729003906,119.19186420226481,0.0,0.0,2.382425218820572,8,2,2,78,30,162,99,30,7,30,2,7,115,1,0,-5477.089962758824,-345.1135262797454,119.19186420226481,0,0,0,0,0,0
88.91663109999283,-5477.130859375,-344.624755859375,-209.50279235839844,119.13826847047687,0.0,0.0,2.3626578971743584,8,2,2,78,30,162,99,30,7,30,2,7,115,1,0,-5477.131045659064,-344.6247467624227,119.13826847047687,0,0,0,0,0,0
89.04163104999282,-5477.15673828125,-344.3328857421875,-209.5435791015625,119.10626409119445,0.0,0.0,2.3582501336932182,8,2,2,78,30,162,99,30,7,30,2,7,115,1,0,-5477.15668537956,-344.33288480623474,119.10626409119445,0,0,0,0,0,0
89.2499642999928,-5477.20263671875,-343.8484191894531,-209.6114959716797,119.05295915606908,0.0,0.0,2.3492829874157906,8,2,2,78,30,162,99,30,7,30,2,7,115,1,0,-5477.202551519171,-343.84842788982417,119.05295915606908,0,0,0,0,0,0
89.41663089999278,-5477.2412109375,-343.4628601074219,-209.66587829589844,119.01042475531256,0.0,0.0,2.337508834898472,8,2,2,78,30,162,99,30,7,30,2,7,115,1,0,-5477.241160222109,-343.4628751447638,119.01042475531256,0,0,0,0,0,0
89.58329749999277,-5477.27978515625,-343.0794372558594,-209.72006225585938,118.96814052055946,0.0,0.0,2.3228053003549576,8,2,2,78,30,162,99,30,7,30,2,7,115,1,0,-5477.2798982542445,-343.07945113114965,118.96814052055946,0,0,0,0,0,0
89.79163074999275,-5477.32958984375,-342.6031188964844,-209.78787231445312,118.91551209738122,0.0,0.0,2.3088570684194565,8,2,2,78,30,162,99,30,7,30,2,7,115,1,0,-5477.329647935931,-342.60311327182416,118.91551209738122,0,0,0,0,0,0
89.87496404999274,-5477.35009765625,-342.4135437011719,-209.81491088867188,118.89453700634783,0.0,0.0,2.3020949214696884,8,2,2,78,30,162,99,30,7,30,2,7,115,1,0,-5477.349896853257,-342.41354639763455,118.89453700634783,0,0,0,0,0,0
90.08329729999272,-5477.40087890625,-341.9418029785156,-209.88235473632812,118.84241651050658,0.0,0.0,2.2902710363268852,8,2,2,78,30,162,99,30,7,30,2,7,115,1,0,-5477.401071765034,-341.94181385576644,118.84241651050658,0,0,0,0,0,0
90.2916305499927,-5477.451171875,-341.472900390625,-209.94973754882812,118.79087514389914,0.0,0.0,2.269817516207695,8,2,2,78,30,162,99,30,7,30,2,7,115,1,0,-5477.450940904518,-341.47290966821834,118.79087514389914,0,0,0,0,0,0
90.49996379999268,-5477.50048828125,-341.0082092285156,-210.01687622070312,118.73985757478731,0.0,0.0,2.250424027442932,8,2,2,78,30,162,99,30,7,30,2,7,115,1,0,-5477.500339387305,-341.0082243847064,118.73985757478731,0,0,0,0,0,0
90.66663039999267,-5477.53955078125,-340.6387023925781,-210.07044982910156,118.6994328255455,0.0,0.0,2.239416353404522,8,2,2,78,30,162,99,30,7,30,2,7,115,1,0,-5477.53942685297,-340.63870132531974,118.6994328255455,0,0,0,0,0,0
90.74996369999266,-5477.55908203125,-340.4548034667969,-210.0972137451172,118.67932072658733,0.0,0.0,2.230682782828808,8,2,2,78,30,162,99,30,7,30,2,7,115,1,0,-5477.559014880927,-340.45480322552896,118.67932072658733,0,0,0,0,0,0
90.95829694999264,-5477.60595703125,-339.9963684082031,-210.1638641357422,118.62972847310172,0.0,0.0,2.2228723391890526,8,2,2,78,30,162,99,30,7,30,2,7,115,1,0,-5477.606006829604,-339.99636253441406,118.62972847310172,0,0,0,0,0,0
91.12496354999263,-5477.64111328125,-339.6316223144531,-210.21690368652344,118.5906055114228,0.0,0.0,2.2022010758519173,8,2,2,78,30,162,99,30,7,30,2,7,115,1,0,-5477.641337260755,-339.6316343946729,118.5906055114228,0,0,0,0,0,0
91.33329679999261,-5477.68310546875,-339.1811218261719,-210.28329467773438,118.54213992555914,0.0,0.0,2.178511396050453,8,2,2,78,30,162,99,30,7,30,2,7,115,1,0,-5477.683334539526,-339.18111194145644,118.54213992555914,0,0,0,0,0,0
91.54163004999259,-5477.72314453125,-338.7320861816406,-210.3492889404297,118.49470260493773,0.0,0.0,2.1730074658989906,8,2,2,78,30,162,99,30,7,30,2,7,115,1,0,-5477.723234029083,-338.73208997438195,118.49470260493773,0,0,0,0,0,0
91.74996329999257,-5477.75927734375,-338.28680419921875,-210.41458129882812,118.44808341234422,0.0,0.0,2.1480852738022804,8,2,2,78,30,162,99,30,7,30,2,7,115,1,0,-5477.759407523337,-338.28680707567514,118.44808341234422,0,0,0,0,0,0
91.91662989999256,-5477.78759765625,-337.9364013671875,-210.46641540527344,118.41193875865734,0.0,0.0,2.0544592291116714,8,2,2,78,30,162,99,30,7,30,2,7,115,1,0,-5477.787528714068,-337.93638682766476,118.41193875865734,0,0,0,0,0,0
92.08329649999254,-5477.81640625,-337.610107421875,-210.51373291015625,118.3772474876417,0.0,0.0,1.932944729924202,8,2,2,78,30,162,99,30,7,30,2,7,115,1,0,-5477.816209110508,-337.61009242195905,118.3772474876417,0,0,0,0,0,0
92.29162974999252,-5477.84814453125,-337.2126159667969,-210.57232666015625,118.33514293286859,0.0,0.0,1.9225221127271652,8,2,2,78,30,162,99,30,7,30,2,7,115,1,0,-5477.848292711981,-337.2126254803548,118.33514293286859,0,0,0,0,0,0
92.37496304999252,-5477.86083984375,-337.05377197265625,-210.59559631347656,118.31873433101417,0.0,0.0,1.9237503409385681,8,2,2,78,30,162,99,30,7,30,2,7,115,1,0,-5477.860871060714,-337.0537581240038,118.31873433101417,0,0,0,0,0,0
92.5832962999925,-5477.89208984375,-336.6590881347656,-210.65159606933594,118.27872025900376,0.0,0.0,1.8900787457823753,8,2,2,78,30,162,99,30,7,30,2,7,115,1,0,-5477.892090937737,-336.65910238757715,118.27872025900376,0,0,0,0,0,0
92.79162954999248,-5477.919921875,-336.2733154296875,-210.70684814453125,118.239816160223,0.0,0.0,1.839049905538559,8,2,2,78,30,162,99,30,7,30,2,7,115,1,0,-5477.919901543088,-336.2733241494171,118.239816160223,0,0,0,0,0,0
92.99996279999246,-5477.94287109375,-335.8964538574219,-210.76077270507812,118.20231725957487,0.0,0.0,1.7995823174715042,8,2,2,78,30,162,99,30,7,30,2,7,115,1,0,-5477.942791405376,-335.89644486592226,118.20231725957487,0,0,0,0,0,0
93.20829604999244,-5477.96240234375,-335.5270080566406,-210.81324768066406,118.16605615606973,0.0,0.0,1.7658842727541924,8,2,2,78,30,162,99,30,7,30,2,7,115,1,0,-5477.962344794567,-335.5270159386782,118.16605615606973,0,0,0,0,0,0
93.37496264999243,-5477.9755859375,-335.235595703125,-210.85482788085938,118.13792649168914,0.0,0.0,1.7438672482967377,8,2,2,78,30,162,99,30,7,30,2,7,115,1,0,-5477.975682029468,-335.2355908190249,118.13792649168914,0,0,0,0,0,0
93.58329589999241,-5477.98828125,-334.87664794921875,-210.90579223632812,118.103772430028,0.0,0.0,1.7126908525824547,8,2,2,78,30,162,99,30,7,30,2,7,115,1,0,-5477.988266941366,-334.87664429026324,118.103772430028,0,0,0,0,0,0
93.79162914999239,-5477.99609375,-334.5228271484375,-210.95614624023438,118.07070848614191,0.0,0.0,1.6937881708145142,8,2,2,78,30,162,99,30,7,30,2,7,115,1,0,-5477.996272697099,-334.522823084826,118.07070848614191,0,0,0,0,0,0
93.99996239999237,-5478.0,-334.17193603515625,-211.00608825683594,118.03870578363922,0.0,0.0,1.6809958964586258,8,2,2,78,30,162,99,30,7,30,2,7,115,1,0,-5477.999785704345,-334.1719437604101,118.03870578363922,0,0,0,0,0,0
94.04162904999237,-5478.0,-334.1020812988281,-211.01602172851562,118.03241548523704,0.0,0.0,1.67847890406847,8,2,2,78,30,162,99,30,7,30,2,7,115,1,0,-5477.9999116850095,-334.1020741073577,118.03241548523704,0,0,0,0,0,0
94.24996229999235,-5477.998046875,-333.7540283203125,-211.06552124023438,118.00147695850941,0.0,0.0,1.667480543255806,8,2,2,78,30,162,99,30,7,30,2,7,115,1,0,-5477.998139205104,-333.7540339426844,118.00147695850941,0,0,0,0,0,0
94.45829554999233,-5477.9931640625,-333.4079895019531,-211.1146697998047,117.97125402493296,0.0,0.0,1.6592824831604958,8,2,2,78,30,162,99,30,7,30,2,7,115,1,0,-5477.993359370845,-333.40797894334673,117.97125402493296,0,0,0,0,0,0
94.62496214999231,-5477.986328125,-333.1326599121094,-211.15359497070312,117.94770063644212,0.0,0.0,1.650851033627987,8,2,2,78,30,162,99,30,7,30,2,7,115,1,0,-5477.986563945303,-333.1326665477993,117.94770063644212,0,0,0,0,0,0
94.7916287499923,-5477.97802734375,-332.8576965332031,-211.19232177734375,117.92462318132414,0.0,0.0,1.6463648527860641,8,2,2,78,30,162,99,30,7,30,2,7,115,1,0,-5477.978008096781,-332.85770626843265,117.92462318132414,0,0,0,0,0,0
94.87496204999229,-5477.97265625,-332.7209777832031,-211.21156311035156,117.91325112663358,0.0,0.0,1.6390668228268623,8,2,2,78,30,162,99,30,7,30,2,7,115,1,0,-5477.972716336455,-332.7209927826858,117.91325112663358,0,0,0,0,0,0
95.04162864999228,-5477.96044921875,-332.4490661621094,-211.25006103515625,117.8907526281032,0.0,0.0,1.630689576268196,8,2,2,78,30,162,99,30,7,30,2,7,115,1,0,-5477.960653222296,-332.4490765010005,117.8907526281032,0,0,0,0,0,0
95.24996189999226,-5477.94287109375,-332.1100769042969,-211.29791259765625,117.863298166107,0.0,0.0,1.6260664910078049,8,2,2,78,30,162,99,30,7,30,2,7,115,1,0,-5477.943029337879,-332.1100919725141,117.863298166107,0,0,0,0,0,0
95.45829514999224,-5477.92236328125,-331.7723388671875,-211.34515380859375,117.83649164101405,0.0,0.0,1.6222409904003143,8,2,2,78,30,162,99,30,7,30,2,7,115,1,0,-5477.922458819088,-331.7723383721036,117.83649164101405,0,0,0,0,0,0
95.66662839999222,-5477.89990234375,-331.43487548828125,-211.3925018310547,117.81027616714158,0.0,0.0,1.6207536682486534,8,2,2,78,30,162,99,30,7,30,2,7,115,1,0,-5477.899872088494,-331.43488162100124,117.81027616714158,0,0,0,0,0,0
95.74996169999221,-5477.89013671875,-331.30029296875,-211.41136169433594,117.79988219769545,0.0,0.0,1.6164304688572884,8,2,2,78,30,162,99,30,7,30,2,7,115,1,0,-5477.890335460532,-331.3002894490666,117.79988219769545,0,0,0,0,0,0
95.9582949499922,-5477.86474609375,-330.9651794433594,-211.4582061767578,117.77426726074437,0.0,0.0,1.607685536146164,8,2,2,78,30,162,99,30,7,30,2,7,115,1,0,-5477.864735577021,-330.9651793468659,117.77426726074437,0,0,0,0,0,0
96.12496154999218,-5477.8427734375,-330.6978454589844,-211.4955291748047,117.75420848874016,0.0,0.0,1.6076993197202682,8,2,2,78,30,162,99,30,7,30,2,7,115,1,0,-5477.842636096029,-330.697842695211,117.75420848874016,0,0,0,0,0,0
96.33329479999216,-5477.81396484375,-330.3631591796875,-211.5421142578125,117.72961439166836,0.0,0.0,1.6122765839099884,8,2,2,78,30,162,99,30,7,30,2,7,115,1,0,-5477.813993563294,-330.3631457954498,117.72961439166836,0,0,0,0,0,0
96.54162804999214,-5477.7841796875,-330.0281066894531,-211.5885467529297,117.70545173009374,0.0,0.0,1.611301302909851,8,2,2,78,30,162,99,30,7,30,2,7,115,1,0,-5477.784258609629,-330.02810311273794,117.70545173009374,0,0,0,0,0,0
96.74996129999212,-5477.75390625,-329.69329833984375,-211.63510131835938,117.68153169762375,0.0,0.0,1.6105849295854568,8,2,2,78,30,162,99,30,7,30,2,7,115,1,0,-5477.754031275494,-329.6932940631967,117.68153169762375,0,0,0,0,0,0
96.9582945499921,-5477.72265625,-329.35797119140625,-211.6815948486328,117.65802471756409,0.0,0.0,1.6140295192599297,8,2,2,78,30,162,99,30,7,30,2,7,115,1,0,-5477.72283114878,-329.35797361484333,117.65802471756409,0,0,0,0,0,0
97.08329449999209,-5477.70361328125,-329.1567077636719,-211.70938110351562,117.64409342670783,0.0,0.0,1.6130633652210236,8,2,2,78,30,162,99,30,7,30,2,7,115,1,0,-5477.703547227927,-329.1567092018727,117.64409342670783,0,0,0,0,0,0
97.29162774999207,-5477.6708984375,-328.8211364746094,-211.75579833984375,117.62112536974028,0.0,0.0,1.616583950817585,8,2,2,78,30,162,99,30,7,30,2,7,115,1,0,-5477.670969303006,-328.821131876832,117.62112536974028,0,0,0,0,0,0
97.37496104999207,-5477.658203125,-328.68646240234375,-211.77442932128906,117.6120440162723,0.0,0.0,1.6202745959162712,8,2,2,78,30,162,99,30,7,30,2,7,115,1,0,-5477.658133857497,-328.6864544203146,117.6120440162723,0,0,0,0,0,0
97.58329429999205,-5477.6259765625,-328.3484802246094,-211.8209991455078,117.58959018102048,0.0,0.0,1.6267139464616776,8,2,2,78,30,162,99,30,7,30,2,7,115,1,0,-5477.626043045055,-328.3484736015461,117.58959018102048,0,0,0,0,0,0
97.79162754999203,-5477.59326171875,-328.0096435546875,-211.8675994873047,117.56741729812215,0.0,0.0,1.6299543902277946,8,2,2,78,30,162,99,30,7,30,2,7,115,1,0,-5477.593389795409,-328.0096432969628,117.56741729812215,0,0,0,0,0,0
97.95829414999201,-5477.5673828125,-327.7378234863281,-211.9051055908203,117.54985029177631,0.0,0.0,1.6357321292161942,8,2,2,78,30,162,99,30,7,30,2,7,115,1,0,-5477.567357806977,-327.7378197605393,117.54985029177631,0,0,0,0,0,0
98.166627399992,-5477.53515625,-327.39654541015625,-211.95199584960938,117.52818560578544,0.0,0.0,1.64383165538311,8,2,2,78,30,162,99,30,7,30,2,7,115,1,0,-5477.535027393979,-327.39654997526907,117.52818560578544,0,0,0,0,0,0
98.24996069999199,-5477.52197265625,-327.2594909667969,-211.97079467773438,117.51960932859521,0.0,0.0,1.647108606994152,8,2,2,78,30,162,99,30,7,30,2,7,115,1,0,-5477.522141574293,-327.2594975281633,117.51960932859521,0,0,0,0,0,0
98.45829394999197,-5477.48974609375,-326.91619873046875,-212.0179901123047,117.49827013872131,0.0,0.0,1.6508858650922775,8,2,2,78,30,162,99,30,7,30,2,7,115,1,0,-5477.489860334063,-326.9162066060786,117.49827013872131,0,0,0,0,0,0
98.58329389999196,-5477.470703125,-326.7093811035156,-212.0464630126953,117.48559768560766,0.0,0.0,1.6581686213612556,8,2,2,78,30,162,99,30,7,30,2,7,115,1,0,-5477.470751630645,-326.70939487263195,117.48559768560766,0,0,0,0,0,0
98.70829384999195,-5477.4521484375,-326.5015563964844,-212.0749969482422,117.47304803543709,0.0,0.0,1.6665514558553696,8,2,2,78,30,162,99,30,7,30,2,7,115,1,0,-5477.451957236802,-326.50154123042296,117.47304803543709,0,0,0,0,0,0
98.91662709999193,-5477.4208984375,-326.1531066894531,-212.1226348876953,117.45236886675983,0.0,0.0,1.6758544370532036,8,2,2,78,30,162,99,30,7,30,2,7,115,1,0,-5477.420953565227,-326.1531175134263,117.45236886675983,0,0,0,0,0,0
99.04162704999192,-5477.40283203125,-325.9428405761719,-212.15145874023438,117.44004173882973,0.0,0.0,1.6851430758833885,8,2,2,78,30,162,99,30,7,30,2,7,115,1,0,-5477.4028764814975,-325.9428461470939,117.44004173882973,0,0,0,0,0,0
99.2499602999919,-5477.373046875,-325.5908508300781,-212.19973754882812,117.41972948125512,0.0,0.0,1.6873577609658241,8,2,2,78,30,162,99,30,7,30,2,7,115,1,0,-5477.373151069763,-325.5908368716368,117.41972948125512,0,0,0,0,0,0
99.45829354999188,-5477.3427734375,-325.2381286621094,-212.24801635742188,117.39976706267959,0.0,0.0,1.6975253820419312,8,2,2,78,30,162,99,30,7,30,2,7,115,1,0,-5477.342656374859,-325.2381155709831,117.39976706267959,0,0,0,0,0,0
99.66662679999186,-5477.31396484375,-324.881591796875,-212.29673767089844,117.38018831251999,0.0,0.0,1.716139167547226,8,2,2,78,30,162,99,30,7,30,2,7,115,1,0,-5477.313889370015,-324.88160615517376,117.38018831251999,0,0,0,0,0,0
99.83329339999185,-5477.2919921875,-324.5938415527344,-212.3360137939453,117.36470117453044,0.0,0.0,1.728062890470028,8,2,2,78,30,162,99,30,7,30,2,7,115,1,0,-5477.291904520416,-324.59383702246765,117.36470117453044,0,0,0,0,0,0
99.91662669999184,-5477.28125,-324.4491882324219,-212.35577392578125,117.35700593864814,0.0,0.0,1.7344975844025612,8,2,2,78,30,162,99,30,7,30,2,7,115,1,0,-5477.281218250116,-324.4491868034806,117.35700593864814,0,0,0,0,0,0
100.12495994999182,-5477.25634765625,-324.0838623046875,-212.4055633544922,117.33788306946322,0.0,0.0,1.7544209957122803,8,2,2,78,30,162,99,30,7,30,2,7,115,1,0,-5477.256284490328,-324.08386490697643,117.33788306946322,0,0,0,0,0,0
100.3332931999918,-5477.2314453125,-323.7158508300781,-212.45570373535156,117.31901036928869,0.0,0.0,1.7646372318267822,8,2,2,78,30,162,99,30,7,30,2,7,115,1,0,-5477.231563293128,-323.71586567155515,117.31901036928869,0,0,0,0,0,0
100.49995979999179,-5477.21240234375,-323.41943359375,-212.49623107910156,117.3040972511957,0.0,0.0,1.7772667109966278,8,2,2,78,30,162,99,30,7,30,2,7,115,1,0,-5477.212328689474,-323.4194438681191,117.3040972511957,0,0,0,0,0,0
100.70829304999177,-5477.18994140625,-323.04522705078125,-212.5472412109375,117.28579996422847,0.0,0.0,1.7975939437747002,8,2,2,78,30,162,99,30,7,30,2,7,115,1,0,-5477.189949332288,-323.04523098519564,117.28579996422847,0,0,0,0,0,0
100.91662629999175,-5477.1689453125,-322.6665344238281,-212.59878540039062,117.26785100902902,0.0,0.0,1.8173731863498688,8,2,2,78,30,162,99,30,7,30,2,7,115,1,0,-5477.168857493869,-322.66654770962,117.26785100902902,0,0,0,0,0,0
101.12495954999173,-5477.14892578125,-322.2838134765625,-212.65089416503906,117.25021814454719,0.0,0.0,1.833995059132576,8,2,2,78,30,162,99,30,7,30,2,7,115,1,0,-5477.148872242644,-322.2838172807524,117.25021814454719,0,0,0,0,0,0
101.33329279999171,-5477.130859375,-321.8966979980469,-212.70359802246094,117.23288599316318,0.0,0.0,1.8574051558971405,8,2,2,78,30,162,99,30,7,30,2,7,115,1,0,-5477.130737907406,-321.8966948746162,117.23288599316318,0,0,0,0,0,0
101.54162604999169,-5477.1142578125,-321.50457763671875,-212.7569580078125,117.21589912850291,0.0,0.0,1.880139485001564,8,2,2,78,30,162,99,30,7,30,2,7,115,1,0,-5477.114352004435,-321.5045760081572,117.21589912850291,0,0,0,0,0,0
101.70829264999168,-5477.1025390625,-321.1872253417969,-212.80007934570312,117.20258636433886,0.0,0.0,1.899099349975586,8,2,2,78,30,162,99,30,7,30,2,7,115,1,0,-5477.1023785262805,-321.18723225348475,117.20258636433886,0,0,0,0,0,0
101.91662589999166,-5477.08544921875,-320.7899169921875,-212.85308837890625,117.18839977004795,0.0,0.0,1.787867210805416,8,2,2,78,30,162,99,30,7,30,2,7,115,1,0,-5477.085361471255,-320.7899167043515,117.18839977004795,0,0,0,0,0,0
102.12495914999164,-5476.96484375,-320.4994812011719,-212.88143920898438,117.1837859061559,0.0,0.0,1.3705170713365078,8,2,2,78,30,162,99,30,7,30,2,7,115,1,0,-5476.96491442444,-320.49949096603905,117.1837859061559,0,0,0,0,0,0
102.33329239999162,-5476.82373046875,-320.2455139160156,-212.91619873046875,117.18400577995877,0.0,0.0,1.4047646895051003,8,2,2,78,30,162,99,30,7,30,2,7,115,1,0,-5476.823642539183,-320.2455236392827,117.18400577995877,0,0,0,0,0,0
102.41662569999161,-5476.77685546875,-320.135009765625,-212.92929077148438,117.18540686993357,0.0,0.0,1.4179172925651073,8,2,2,78,30,162,99,30,7,30,2,7,115,1,0,-5476.777014727829,-320.13501329043333,117.18540686993357,0,0,0,0,0,0
102.5832922999916,-5476.67822265625,-319.9192199707031,-212.9497833251953,117.18902768532148,0.0,0.0,1.3770311139523983,8,2,2,78,30,162,99,30,7,30,2,7,115,1,0,-5476.678394610538,-319.9192344978253,117.18902768532148,0,0,0,0,0,0
102.74995889999158,-5476.57275390625,-319.7149963378906,-212.97190856933594,117.19360208408668,0.0,0.0,1.3372782617807388,8,2,2,78,30,162,99,30,7,30,2,7,115,1,0,-5476.572802619311,-319.71498724403125,117.19360208408668,0,0,0,0,0,0
102.95829214999156,-5476.443359375,-319.4635925292969,-213.00123596191406,117.20087703280986,0.0,0.0,1.3252859003841877,8,2,2,78,30,162,99,30,7,30,2,7,115,1,0,-5476.443192841311,-319.46359549917236,117.20087703280986,0,0,0,0,0,0
103.16662539999155,-5476.31396484375,-319.2153015136719,-213.0269012451172,117.20944483540299,0.0,0.0,1.3055800460278988,8,2,2,78,30,162,99,30,7,30,2,7,115,1,0,-5476.314185760633,-319.215286399981,117.20944483540299,0,0,0,0,0,0
103.24995869999154,-5476.26220703125,-319.1175537109375,-213.0373077392578,117.21314769317064,0.0,0.0,1.2949329800903797,8,2,2,78,30,162,99,30,7,30,2,7,115,1,0,-5476.2623314364,-319.11756473797357,117.21314769317064,0,0,0,0,0,0
103.45829194999152,-5476.13330078125,-318.8764953613281,-213.06390380859375,117.22298683091394,0.0,0.0,1.2767013162374496,8,2,2,78,30,162,99,30,7,30,2,7,115,1,0,-5476.133198898905,-318.87650595832395,117.22298683091394,0,0,0,0,0,0
103.6249585499915,-5476.0302734375,-318.6859436035156,-213.08436584472656,117.23146910278975,0.0,0.0,1.2664915062487125,8,2,2,78,30,162,99,30,7,30,2,7,115,1,0,-5476.030165029113,-318.6859347473252,117.23146910278975,0,0,0,0,0,0
103.79162514999149,-5475.92724609375,-318.4974060058594,-213.1044921875,117.24041606734767,0.0,0.0,1.2558883056044579,8,2,2,78,30,162,99,30,7,30,2,7,115,1,0,-5475.927242979738,-318.4973972167353,117.24041606734767,0,0,0,0,0,0
103.95829174999147,-5475.82421875,-318.31072998046875,-213.12474060058594,117.24982305740384,0.0,0.0,1.2544365599751472,8,2,2,78,30,162,99,30,7,30,2,7,115,1,0,-5475.824210021491,-318.3107242082457,117.24982305740384,0,0,0,0,0,0
104.04162504999147,-5475.7724609375,-318.2180480957031,-213.13479614257812,117.25468682629219,0.0,0.0,1.2414242140948772,8,2,2,78,30,162,99,30,7,30,2,7,115,1,0,-5475.77259827208,-318.2180577785504,117.25468682629219,0,0,0,0,0,0
104.24995829999145,-5475.64404296875,-317.9879455566406,-213.15975952148438,117.26718658837592,0.0,0.0,1.230737380683422,8,2,2,78,30,162,99,30,7,30,2,7,115,1,0,-5475.644114094378,-317.9879305317093,117.26718658837592,0,0,0,0,0,0
104.45829154999143,-5475.51513671875,-317.76055908203125,-213.18455505371094,117.28021699978322,0.0,0.0,1.2199738062918186,8,2,2,78,30,162,99,30,7,30,2,7,115,1,0,-5475.515177352725,-317.760564826488,117.28021699978322,0,0,0,0,0,0
104.62495814999141,-5475.412109375,-317.5800476074219,-213.2044219970703,117.29103168875544,0.0,0.0,1.216163020581007,8,2,2,78,30,162,99,30,7,30,2,7,115,1,0,-5475.412025083431,-317.5800326274971,117.29103168875544,0,0,0,0,0,0
104.8332913999914,-5475.28271484375,-317.3559875488281,-213.22906494140625,117.30500358842129,0.0,0.0,1.2100805528461933,8,2,2,78,30,162,99,30,7,30,2,7,115,1,0,-5475.282840270872,-317.35599654615197,117.30500358842129,0,0,0,0,0,0
104.91662469999139,-5475.2314453125,-317.26678466796875,-213.2389373779297,117.31073214226738,0.0,0.0,1.205949205905199,8,2,2,78,30,162,99,30,7,30,2,7,115,1,0,-5475.231236485341,-317.26677026244215,117.31073214226738,0,0,0,0,0,0
105.12495794999137,-5475.1015625,-317.0438537597656,-213.2636260986328,117.32558568832926,0.0,0.0,1.2080028653144836,8,2,2,78,30,162,99,30,7,30,2,7,115,1,0,-5475.101648242077,-317.04384820220923,117.32558568832926,0,0,0,0,0,0
105.33329119999135,-5474.97119140625,-316.82159423828125,-213.2884063720703,117.34102652263537,0.0,0.0,1.2085533700883389,8,2,2,78,30,162,99,30,7,30,2,7,115,1,0,-5474.97101926488,-316.82159666132435,117.34102652263537,0,0,0,0,0,0
105.54162444999133,-5474.83935546875,-316.599365234375,-213.3134002685547,117.35710825157497,0.0,0.0,1.2099597603082657,8,2,2,78,30,162,99,30,7,30,2,7,115,1,0,-5474.839525697756,-316.59935722005923,117.35710825157497,0,0,0,0,0,0
105.70829104999132,-5474.73291015625,-316.42156982421875,-213.33351135253906,117.3704576082929,0.0,0.0,1.212743017822504,8,2,2,78,30,162,99,30,7,30,2,7,115,1,0,-5474.733066988246,-316.4215655848634,117.3704576082929,0,0,0,0,0,0
105.9166242999913,-5474.59912109375,-316.1994934082031,-213.35897827148438,117.38756202800553,0.0,0.0,1.21516864746809,8,2,2,78,30,162,99,30,7,30,2,7,115,1,0,-5474.599185501079,-316.19948122629756,117.38756202800553,0,0,0,0,0,0
106.12495754999128,-5474.46337890625,-315.97674560546875,-213.38473510742188,117.40537185366222,0.0,0.0,1.2234770692884922,8,2,2,78,30,162,99,30,7,30,2,7,115,1,0,-5474.4634003177825,-315.976757376695,117.40537185366222,0,0,0,0,0,0
106.33329079999126,-5474.326171875,-315.75335693359375,-213.4108428955078,117.42373819739964,0.0,0.0,1.2298882007598877,8,2,2,78,30,162,99,30,7,30,2,7,115,1,0,-5474.326083164502,-315.7533519875106,117.42373819739964,0,0,0,0,0,0
106.45829074999125,-5474.24267578125,-315.6186828613281,-213.42672729492188,117.43512325967997,0.0,0.0,1.2388900853693485,8,2,2,78,30,162,99,30,7,30,2,7,115,1,0,-5474.242541213853,-315.61869365537245,117.43512325967997,0,0,0,0,0,0
106.54162404999124,-5474.1865234375,-315.52862548828125,-213.4374237060547,117.44283438959256,0.0,0.0,1.2431119568645954,8,2,2,78,30,162,99,30,7,30,2,7,115,1,0,-5474.18642042318,-315.5286200634363,117.44283438959256,0,0,0,0,0,0
106.74995729999122,-5474.04443359375,-315.3023376464844,-213.4645538330078,117.46263133158165,0.0,0.0,1.2564967386424541,8,2,2,78,30,162,99,30,7,30,2,7,115,1,0,-5474.044337041427,-315.30232321675294,117.46263133158165,0,0,0,0,0,0
106.9582905499912,-5473.8994140625,-315.0740661621094,-213.49229431152344,117.4831733660966,0.0,0.0,1.2695537880063057,8,2,2,78,30,162,99,30,7,30,2,7,115,1,0,-5473.899570485329,-315.0740560430146,117.4831733660966,0,0,0,0,0,0
107.16662379999119,-5473.75146484375,-314.84405517578125,-213.52069091796875,117.50446059760671,0.0,0.0,1.285215374082327,8,2,2,78,30,162,99,30,7,30,2,7,115,1,0,-5473.751627797328,-314.8440548148063,117.50446059760671,0,0,0,0,0,0
107.33329039999117,-5473.630859375,-314.65875244140625,-213.54400634765625,117.52202326497456,0.0,0.0,1.299556903541088,8,2,2,78,30,162,99,30,7,30,2,7,115,1,0,-5473.631023492915,-314.6587474103415,117.52202326497456,0,0,0,0,0,0
107.37495704999117,-5473.6005859375,-314.6120300292969,-213.54991149902344,117.52649598853041,0.0,0.0,1.3023399747908115,8,2,2,78,30,162,99,30,7,30,2,7,115,1,0,-5473.600700649689,-314.6120286486539,117.52649598853041,0,0,0,0,0,0
107.54162364999115,-5473.47802734375,-314.4236755371094,-213.5737762451172,117.54468418335331,0.0,0.0,1.3194011524319649,8,2,2,78,30,162,99,30,7,30,2,7,115,1,0,-5473.478269974329,-314.42367088787734,117.54468418335331,0,0,0,0,0,0
107.74995689999113,-5473.32177734375,-314.1852722167969,-213.6044464111328,117.56818376086349,0.0,0.0,1.3456779532134533,8,2,2,78,30,162,99,30,7,30,2,7,115,1,0,-5473.321635840578,-314.18527997812464,117.56818376086349,0,0,0,0,0,0
107.95829014999111,-5473.16162109375,-313.94354248046875,-213.63626098632812,117.59242680847747,0.0,0.0,1.3634833507239819,8,2,2,78,30,162,99,30,7,30,2,7,115,1,0,-5473.161551086686,-313.9435518241942,117.59242680847747,0,0,0,0,0,0
108.1666233999911,-5472.9970703125,-313.6980895996094,-213.6691131591797,117.61763270764322,0.0,0.0,1.394793950021267,8,2,2,78,30,162,99,30,7,30,2,7,115,1,0,-5472.997119722645,-313.69809339649186,117.61763270764322,0,0,0,0,0,0
108.24995669999109,-5472.9306640625,-313.5986633300781,-213.68258666992188,117.62790419680053,0.0,0.0,1.4042748138308525,8,2,2,78,30,162,99,30,7,30,2,7,115,1,0,-5472.930533768152,-313.5986523334517,117.62790419680053,0,0,0,0,0,0
