sim_time_s,pose_x_cm,pose_y_cm,pose_z_cm,yaw_deg,throttle_cmd,steer_cmd,speed_cm_s,near_rocks,near_bumps,near_craters,rock_attempts,rock_success,bump_attempts,bump_success,crater_attempts,crater_success,placed_rocks,placed_bumps,placed_craters,refresh_count,refresh_skipped_distance_gate,refresh_force,refresh_center_x_cm,refresh_center_y_cm,refresh_yaw_deg,refresh_rocks_near_before,refresh_bumps_near_before,refresh_craters_near_before,refresh_rocks_added,refresh_bumps_added,refresh_craters_added
0.7083330500000015,2017.751708984375,-5114.34912109375,342.8292541503906,67.40000707848206,0.0,0.0,21.23762220144272,8,2,2,14,8,2,2,5,2,8,2,2,1,1,0,2017.75175641515,-5114.348891064488,67.40000707848206,0,0,0,0,0,0
0.8333330000000019,2018.28564453125,-5111.9833984375,355.43121337890625,67.34059134660151,0.0,0.0,21.751438081264496,8,2,2,14,8,2,2,5,2,8,2,2,1,1,0,2018.285698463365,-5111.983417979689,67.34059134660151,0,0,0,0,0,0
0.9583329500000023,2019.228515625,-5109.8056640625,357.3991394042969,67.32297568351521,0.0,0.0,20.82083523273468,8,2,2,14,8,2,2,5,2,8,2,2,1,1,0,2019.2284675164572,-5109.805879584751,67.32297568351521,0,0,0,0,0,0
1.0833329000000016,2020.3837890625,-5107.3759765625,349.7398376464844,67.31590748729316,0.0,0.0,21.553446352481842,8,2,2,14,8,2,2,5,2,8,2,2,1,1,0,2020.3838258548803,-5107.376128811288,67.31590748729316,0,0,0,0,0,0
1.2083328500000003,2021.226806640625,-5104.390625,340.7312927246094,67.2652052177984,0.0,0.0,24.658696353435516,8,2,2,14,8,2,2,5,2,8,2,2,1,1,0,2021.226810890236,-5104.390794836638,67.2652052177984,0,0,0,0,0,0
1.333332799999999,2022.8121337890625,-5101.025390625,339.2951965332031,67.27563117398633,0.0,0.0,26.7145574092865,8,2,2,14,8,2,2,5,2,8,2,2,1,1,0,2022.8121312878923,-5101.025280455482,67.27563117398633,0,0,0,0,0,0
1.4583327499999978,2024.4490966796875,-5097.908203125,343.329345703125,67.27698635812254,0.0,0.0,27.02850103378296,8,2,2,14,8,2,2,5,2,8,2,2,1,1,0,2024.449047598928,-5097.908313868651,67.27698635812254,0,0,0,0,0,0
1.541666049999997,2025.40966796875,-5095.7763671875,346.3899841308594,67.2693794944865,0.0,0.0,27.562609314918518,8,2,2,14,8,2,2,5,2,8,2,2,1,1,0,2025.4096447066497,-5095.776287917131,67.2693794944865,0,0,0,0,0,0
1.5833326999999966,2025.853271484375,-5094.6875,347.4876403808594,67.26587878863486,0.0,0.0,27.83428728580475,8,2,2,14,8,2,2,5,2,8,2,2,1,1,0,2025.8532466651736,-5094.687491512058,67.26587878863486,0,0,0,0,0,0
1.749999299999995,2027.4619140625,-5090.306640625,347.5403747558594,67.25047414049872,0.0,0.0,28.672116994857788,8,2,2,14,8,2,2,5,2,8,2,2,1,1,0,2027.4619435238037,-5090.306683549887,67.25047414049872,0,0,0,0,0,0
1.9999991999999924,2029.3568115234375,-5083.88671875,342.8122253417969,67.12973768433176,0.0,0.0,31.142565608024597,8,2,2,14,8,2,2,5,2,8,2,2,1,1,0,2029.3568047579888,-5083.88695984316,67.12973768433176,0,0,0,0,0,0
2.2499990999999966,2030.77490234375,-5076.7509765625,345.0440368652344,66.97104424152025,0.0,0.0,34.729206562042236,8,2,2,14,8,2,2,5,2,8,2,2,1,1,0,2030.7748450797362,-5076.750947167857,66.97104424152025,0,0,0,0,0,0
2.3749990499999987,2031.88037109375,-5072.60009765625,346.2581787109375,66.9458772648504,0.0,0.0,36.35306358337402,8,2,2,14,8,2,2,5,2,8,2,2,1,1,0,2031.8803599467421,-5072.600182167734,66.9458772648504,0,0,0,0,0,0
2.583332300000002,2034.453125,-5065.0126953125,344.6234130859375,66.97861231386582,0.0,0.0,39.10137712955475,8,2,2,14,8,2,2,5,2,8,2,2,1,1,0,2034.453178133085,-5065.012499152813,66.97861231386582,0,0,0,0,0,0
2.7916655500000056,2037.7320556640625,-5057.77099609375,343.1031494140625,67.09768005298795,0.0,0.0,34.272950887680054,8,2,2,14,8,2,2,5,2,8,2,2,1,1,0,2037.7320977008728,-5057.771143417638,67.09768005298795,0,0,0,0,0,0
2.999998800000009,2040.3267822265625,-5051.439453125,343.6732177734375,67.20855403530823,0.0,0.0,31.97757601737976,8,2,2,14,8,2,2,5,2,8,2,2,1,1,0,2040.3267741321415,-5051.439625080828,67.20855403530823,0,0,0,0,0,0
3.2083320500000125,2042.3433837890625,-5044.82080078125,343.935791015625,67.2556516430187,0.0,0.0,37.72815465927124,8,2,2,14,8,2,2,5,2,8,2,2,1,1,0,2042.3434121650137,-5044.820667223389,67.2556516430187,0,0,0,0,0,0
3.4583319500000167,2050.478271484375,-5018.6015625,340.8985900878906,67.63870327003764,1.0,1.0,167.7632212638855,8,2,2,14,8,2,2,5,2,8,2,2,1,1,0,2050.4782559067016,-5018.601655423704,67.63870327003764,0,0,0,0,0,0
3.708331850000021,2068.395751953125,-4960.38818359375,340.34149169921875,69.19785487725221,1.0,1.0,299.26843643188477,8,2,2,14,8,2,2,5,2,8,2,2,2,1,0,2068.395852652369,-4960.38832959391,69.19785487725221,0,0,0,0,0,0
3.9166651000000243,2075.96142578125,-4889.1953125,337.9554748535156,72.62645383843898,1.0,1.0,387.4476909637451,7,2,2,14,8,2,2,5,2,8,2,2,2,1,0,2075.9614826140537,-4889.195459544633,72.62645383843898,0,0,0,0,0,0
4.041665050000026,2078.32958984375,-4838.6171875,328.8108215332031,75.08146562911905,1.0,1.0,440.39859771728516,8,2,2,17,9,4,4,5,2,9,2,2,3,1,0,2078.3295750548914,-4838.617246562786,75.08146562911905,0,0,0,0,0,0
4.24999830000003,2082.051025390625,-4740.2978515625,309.6460266113281,78.5819870633176,1.0,1.0,534.1883659362793,8,2,2,17,9,6,6,5,2,9,2,2,4,1,0,2082.0511374210605,-4740.298017297917,78.5819870633176,0,0,0,0,0,0
4.458331550000033,2087.520751953125,-4619.89404296875,295.3053283691406,81.40062557208806,1.0,1.0,631.1796188354492,8,2,2,17,9,6,6,5,2,9,2,2,5,1,0,2087.520788220344,-4619.893959345016,81.40062557208806,0,0,0,0,0,0
4.666664800000037,2092.798828125,-4480.39208984375,280.99017333984375,84.0719784506648,1.0,1.0,711.7947101593018,8,2,2,17,9,8,8,5,2,9,2,2,6,1,0,2092.7989354334086,-4480.3919934582955,84.0719784506648,0,0,0,0,0,0
4.87499805000004,2091.5751953125,-4332.20751953125,258.0470275878906,87.00780345822771,0.0,0.0,678.0375480651855,8,2,2,17,9,8,8,5,2,9,2,2,7,1,0,2091.575167693138,-4332.207633723262,87.00780345822771,0,0,0,0,0,0
5.124997950000044,2080.558837890625,-4170.11669921875,242.73623657226562,90.50887734171829,0.0,0.0,588.4703159332275,8,2,2,17,9,10,9,5,2,9,2,2,8,1,0,2080.5588217492846,-4170.116807804503,90.50887734171829,0,0,0,0,0,0
5.333331200000048,2050.6708984375,-4060.996337890625,233.1627197265625,95.60634455980598,0.0,0.0,492.5170421600342,7,2,1,17,9,11,9,5,2,9,2,2,9,1,0,2050.6709751934936,-4060.9963620108297,95.60634455980598,0,0,0,0,0,0
5.541664450000051,2027.8426513671875,-3962.80615234375,221.9467010498047,97.75987301381072,0.0,0.0,449.25503730773926,8,2,2,19,10,13,10,7,3,10,2,3,10,1,0,2027.842643155573,-3962.8061405805765,97.75987301381072,0,0,0,0,0,0
5.708331050000054,2014.599365234375,-3891.30517578125,216.80072021484375,98.66370823730395,0.0,0.0,413.75226974487305,7,2,2,19,10,14,10,7,3,10,2,3,11,1,0,2014.5993136621105,-3891.305095645915,98.66370823730395,0,0,0,0,0,0
5.916664300000058,1997.20751953125,-3811.523681640625,214.08123779296875,99.76510076069364,0.0,0.0,339.9796485900879,7,2,2,19,10,14,10,7,3,10,2,3,11,1,0,1997.207523358339,-3811.5237317570645,99.76510076069364,0,0,0,0,0,0
6.124997550000061,1974.8250732421875,-3753.024169921875,218.87327575683594,102.90523514994175,0.0,0.0,269.8476314544678,8,2,2,22,11,15,10,7,3,11,2,3,12,1,0,1974.82506553904,-3753.0241016910322,102.90523514994175,0,0,0,0,0,0
6.374997450000065,1967.2391357421875,-3702.523681640625,215.37269592285156,102.20372442443642,0.0,0.0,177.51331329345703,8,2,2,22,11,15,10,7,3,11,2,3,12,1,0,1967.2390988952088,-3702.5235612801566,102.20372442443642,0,0,0,0,0,0
6.541664050000068,1969.716796875,-3672.8427734375,210.47364807128906,100.82087602091758,0.0,0.0,158.75481367111206,8,2,2,22,11,17,11,7,3,11,2,3,13,0,0,1969.7323006221225,-3674.1571245847003,100.86775665131958,8,2,2,0,1,0
6.791663950000072,1964.6104736328125,-3633.037353515625,212.14938354492188,100.20720676695615,1.0,1.0,201.27840042114258,8,2,2,22,11,17,11,7,3,11,2,3,13,1,0,1964.6104445498079,-3633.037338639422,100.20720676695615,0,0,0,0,0,0
7.041663850000076,1943.849609375,-3568.1416015625,216.4888153076172,101.98699193126119,1.0,1.0,322.47776985168457,8,2,2,22,11,17,11,7,3,11,2,3,13,1,0,1943.849582167823,-3568.141645952918,101.98699193126119,0,0,0,0,0,0
7.24999710000008,1928.5347900390625,-3493.730224609375,218.4732208251953,101.74362084802237,1.0,1.0,387.9992723464966,8,2,2,22,11,18,11,7,3,11,2,3,14,1,0,1928.534778826091,-3493.7302520606368,101.74362084802237,0,0,0,0,0,0
7.374997050000082,1924.4580078125,-3444.58837890625,222.27037048339844,101.06343897191148,1.0,1.0,391.8592691421509,8,2,2,22,11,18,11,7,3,11,2,3,14,1,0,1924.4579581156195,-3444.5882894962538,101.06343897191148,0,0,0,0,0,0
7.583330300000085,1922.0836181640625,-3359.22802734375,222.15753173828125,98.54771227179117,1.0,1.0,438.48767280578613,7,2,2,22,11,20,12,7,3,11,2,3,15,1,0,1922.0836670352644,-3359.2279318211995,98.54771227179117,0,0,0,0,0,0
7.791663550000089,1893.9576416015625,-3295.525390625,220.7334442138672,100.50150670157207,1.0,1.0,293.55859756469727,8,2,2,24,12,21,12,7,3,12,2,3,16,1,0,1893.957610091092,-3295.5254474441867,100.50150670157207,0,0,0,0,0,0
7.999996800000092,1856.81787109375,-3257.011474609375,240.95716857910156,103.76646770766197,-1.0,0.0,212.4624490737915,8,2,2,24,12,21,12,7,3,12,2,3,16,1,0,1856.8179140773082,-3257.0113765119168,103.76646770766197,0,0,0,0,0,0
8.208330050000074,1842.321533203125,-3237.817138671875,251.92446899414062,103.82674386214754,-1.0,0.0,72.25103974342346,8,2,2,24,12,21,12,7,3,12,2,3,16,1,0,1842.3215453940848,-3237.8170205738093,103.82674386214754,0,0,0,0,0,0
8.416663300000055,1834.4541015625,-3212.656494140625,247.93637084960938,103.99771871662037,1.0,0.0,151.3646364212036,8,2,2,24,12,23,13,7,3,12,2,3,17,1,0,1834.4540903422417,-3212.6565417450743,103.99771871662037,0,0,0,0,0,0
8.624996550000036,1839.1060791015625,-3173.589599609375,226.82159423828125,101.99158285669428,1.0,0.0,244.17541027069092,8,2,2,24,12,23,13,7,3,12,2,3,17,1,0,1839.10608492618,-3173.5895606094946,101.99158285669428,0,0,0,0,0,0
8.833329800000017,1853.9583740234375,-3119.37548828125,200.73777770996094,98.72562188554971,1.0,0.0,347.74367809295654,8,2,2,24,12,23,13,7,3,12,2,3,17,1,0,1853.9583365135386,-3119.3756045150485,98.72562188554971,0,0,0,0,0,0
9.041663049999999,1863.845458984375,-3040.731201171875,200.76951599121094,95.53142488956613,1.0,1.0,416.11499786376953,8,2,2,24,12,25,14,7,3,12,2,3,18,1,0,1863.8454636439278,-3040.731308747347,95.53142488956613,0,0,0,0,0,0
9.24999629999998,1863.856689453125,-2945.2978515625,207.15956115722656,93.62609257677573,1.0,1.0,479.03294563293457,8,2,2,24,12,27,16,7,3,12,2,3,19,1,0,1863.856713791824,-2945.297766090135,93.62609257677573,0,0,0,0,0,0
9.458329549999961,1854.0177001953125,-2840.055908203125,200.77622985839844,94.50568075772496,1.0,1.0,541.247034072876,8,2,2,24,12,27,16,7,3,12,2,3,20,1,0,1854.0177475171556,-2840.0559463849363,94.50568075772496,0,0,0,0,0,0
9.666662799999942,1837.50830078125,-2803.43505859375,207.06422424316406,92.49763213712852,1.0,1.0,109.57528352737427,8,2,2,24,12,27,16,7,3,12,2,3,20,1,0,1837.5083534341716,-2803.4351174055264,92.49763213712852,0,0,0,0,0,0
9.874996049999924,1830.5634765625,-2793.498046875,212.81434631347656,92.08339899431586,1.0,1.0,37.25718557834625,8,2,2,24,12,27,16,7,3,12,2,3,20,1,0,1830.5635069964303,-2793.498034649591,92.08339899431586,0,0,0,0,0,0
10.124995949999901,1828.670166015625,-2791.769287109375,200.45645141601562,91.7668467451295,0.0,0.0,29.041537642478943,8,2,2,24,12,27,16,7,3,12,2,3,20,1,0,1828.6701066707533,-2791.7693807881083,91.7668467451295,0,0,0,0,0,0
10.374995849999879,1831.22119140625,-2803.411865234375,199.40676879882812,91.8722980408203,-1.0,-1.0,104.91523742675781,8,2,2,24,12,27,16,7,3,12,2,3,20,1,0,1831.2212142604867,-2803.4118507501903,91.8722980408203,0,0,0,0,0,0
10.58332909999986,1833.510009765625,-2838.384765625,201.8649444580078,91.66218039861675,-1.0,-1.0,224.60002899169922,8,2,2,24,12,27,16,7,3,12,2,3,20,1,0,1833.5099522638384,-2838.3847579791654,91.66218039861675,0,0,0,0,0,0
10.708329049999849,1834.71533203125,-2871.103515625,200.88804626464844,91.80222772485075,-1.0,-1.0,287.1345520019531,8,2,2,24,12,27,16,7,3,12,2,3,20,1,0,1834.7153217802877,-2871.1034910925514,91.80222772485075,0,0,0,0,0,0
10.91666229999983,1835.3057861328125,-2941.46142578125,202.0999298095703,92.28707495512552,-1.0,-1.0,381.76605701446533,8,2,2,24,12,27,16,7,3,12,2,3,20,1,0,1835.3057268438793,-2941.4613819055307,92.28707495512552,0,0,0,0,0,0
11.124995549999811,1834.4482421875,-3031.189697265625,204.93569946289062,93.58612687462939,-1.0,-1.0,467.3377990722656,8,2,2,24,12,27,16,7,3,12,2,3,21,1,0,1834.4482197495108,-3031.1897327013,93.58612687462939,0,0,0,0,0,0
11.333328799999792,1833.3392333984375,-3133.693603515625,209.02670288085938,96.05500176586166,-1.0,-1.0,438.97485733032227,8,2,2,24,12,29,17,7,3,12,2,3,22,1,0,1833.3391980045235,-3133.693697818844,96.05500176586166,0,0,0,0,0,0
11.541662049999774,1833.1600341796875,-3175.283203125,211.41720581054688,100.01239565058034,-1.0,-1.0,107.84375667572021,8,2,2,24,12,29,17,7,3,12,2,3,22,1,0,1833.1599799868993,-3175.283280531171,100.01239565058034,0,0,0,0,0,0
11.749995299999755,1830.983154296875,-3189.6181640625,217.4485626220703,101.9341303786915,-1.0,-1.0,43.56394708156586,8,2,2,24,12,29,17,7,3,12,2,3,22,1,0,1830.9832076451598,-3189.6180463204937,101.9341303786915,0,0,0,0,0,0
11.958328549999736,1834.0404052734375,-3198.2080078125,208.07550048828125,102.92000431196017,-1.0,-1.0,31.578150391578674,8,2,2,24,12,29,17,7,3,12,2,3,22,1,0,1834.0404360073876,-3198.2081020274263,102.92000431196017,0,0,0,0,0,0
12.208328449999714,1836.1361083984375,-3204.232177734375,209.0042266845703,103.35406773110435,0.0,0.0,16.567158699035645,8,2,2,24,12,29,17,7,3,12,2,3,22,1,0,1836.13610149438,-3204.2320667848558,103.35406773110435,0,0,0,0,0,0
12.374995049999699,1835.06494140625,-3199.842041015625,212.50244140625,103.24484740335001,1.0,1.0,52.02230215072632,8,2,2,24,12,29,17,7,3,12,2,3,22,1,0,1835.0649660377774,-3199.842021997442,103.24484740335001,0,0,0,0,0,0
12.624994949999676,1826.3680419921875,-3172.34521484375,211.9859619140625,103.08007038650157,1.0,1.0,164.64579105377197,8,2,2,24,12,29,17,7,3,12,2,3,22,1,0,1826.3680584683452,-3172.3451398033444,103.08007038650157,0,0,0,0,0,0
12.874994849999654,1829.1578369140625,-3117.8232421875,212.5133056640625,100.57013693189995,1.0,1.0,275.8207321166992,8,2,2,24,12,29,17,7,3,12,2,3,22,1,0,1829.1578596421455,-3117.823168372379,100.57013693189995,0,0,0,0,0,0
13.124994749999631,1839.9102783203125,-3041.41943359375,204.17430114746094,96.40857046206524,1.0,1.0,362.709379196167,8,2,2,24,12,29,17,7,3,12,2,3,22,1,0,1839.9102768365374,-3041.419423960498,96.40857046206524,0,0,0,0,0,0
13.208328049999624,1842.1767578125,-3010.16357421875,202.3769989013672,95.3690670232328,1.0,1.0,396.64509296417236,8,2,2,24,12,29,17,7,3,12,2,3,22,1,0,1842.1766975901453,-3010.1636731595063,95.3690670232328,0,0,0,0,0,0
13.416661299999605,1838.3079833984375,-2920.797607421875,200.7647705078125,95.06843172453111,1.0,1.0,442.74511337280273,8,2,2,24,12,29,17,7,3,12,2,3,23,1,0,1838.3080231667343,-2920.7976408848854,95.06843172453111,0,0,0,0,0,0
13.624994549999586,1820.042236328125,-2829.796875,216.38864135742188,98.29346765743892,1.0,1.0,394.60198879241943,8,2,2,24,12,30,18,7,3,12,2,3,24,1,0,1820.0422435495782,-2829.796881359585,98.29346765743892,0,0,0,0,0,0
13.874994449999564,1799.90380859375,-2792.937744140625,224.17190551757812,96.04708288376945,1.0,1.0,183.26724767684937,8,2,2,24,12,30,18,7,3,12,2,3,24,1,0,1799.9038049397363,-2792.9378308954006,96.04708288376945,0,0,0,0,0,0
14.041661049999549,1781.09375,-2767.905517578125,220.68258666992188,96.53065399341554,1.0,1.0,154.767906665802,8,2,2,24,12,30,18,7,3,12,2,3,24,1,0,1781.0937650159535,-2767.905401637166,96.53065399341554,0,0,0,0,0,0
14.24999429999953,1763.9569091796875,-2752.110595703125,202.1821746826172,96.09698270128702,1.0,1.0,68.24604272842407,8,2,2,24,12,31,18,7,3,12,2,3,25,1,0,1763.9568684271467,-2752.1106499127663,96.09698270128702,0,0,0,0,0,0
14.499994199999508,1760.8172607421875,-2743.472412109375,203.34397888183594,96.06978957406689,1.0,1.0,34.57772135734558,8,2,2,24,12,31,18,7,3,12,2,3,25,1,0,1760.8173188201522,-2743.472352263707,96.06978957406689,0,0,0,0,0,0
14.708327449999489,1758.9453125,-2738.24072265625,206.30160522460938,95.58848861676164,1.0,1.0,31.595200300216675,8,2,2,24,12,31,18,7,3,12,2,3,25,1,0,1758.9453424263972,-2738.240843651582,95.58848861676164,0,0,0,0,0,0
14.874994049999474,1755.8365478515625,-2727.781005859375,202.82945251464844,96.00751225236893,1.0,0.0,101.1101245880127,8,2,2,24,12,31,18,7,3,12,2,3,25,1,0,1755.8365093224918,-2727.7810904900375,96.00751225236893,0,0,0,0,0,0
15.124993949999451,1751.36767578125,-2719.995361328125,205.10919189453125,96.82073662633938,-1.0,-1.0,46.34178876876831,8,2,2,24,12,31,18,7,3,12,2,3,25,1,0,1751.3677060620435,-2719.9954115178216,96.82073662633938,0,0,0,0,0,0
15.333327199999433,1752.206298828125,-2743.4072265625,204.33953857421875,97.33399261565951,0.0,-1.0,156.46936893463135,8,2,2,24,12,31,18,7,3,12,2,3,25,1,0,1752.206253824785,-2743.4071659398865,97.33399261565951,0,0,0,0,0,0
15.541660449999414,1752.4974365234375,-2767.023193359375,204.71954345703125,97.85788147027505,1.0,1.0,51.57904624938965,8,2,2,24,12,31,18,7,3,12,2,3,25,1,0,1752.49741267042,-2767.023198043058,97.85788147027505,0,0,0,0,0,0
15.708327049999399,1753.199951171875,-2767.4228515625,205.4040985107422,97.82091025631189,1.0,1.0,42.32819974422455,8,2,2,24,12,31,18,7,3,12,2,3,25,1,0,1753.1999325782429,-2767.42281462482,97.82091025631189,0,0,0,0,0,0
15.91666029999938,1745.4398193359375,-2746.90478515625,204.919677734375,99.04768020320707,1.0,1.0,160.00417470932007,8,2,2,24,12,31,18,7,3,12,2,3,25,1,0,1745.4397626570292,-2746.9047186010475,99.04768020320707,0,0,0,0,0,0
16.124993549999363,1725.5970458984375,-2706.240966796875,206.56588745117188,101.63967861910163,1.0,1.0,260.4196071624756,8,2,2,24,12,31,18,7,3,12,2,3,25,1,0,1725.5970921875182,-2706.2409212758926,101.63967861910163,0,0,0,0,0,0
16.333326799999345,1694.161865234375,-2651.26416015625,208.21937561035156,105.23535070588514,1.0,0.0,340.0433301925659,8,2,2,24,12,33,19,7,3,12,2,3,26,1,0,1694.1619228631935,-2651.264058457654,105.23535070588514,0,0,0,0,0,0
16.541660049999326,1648.744384765625,-2586.471435546875,210.93222045898438,109.9731785306054,1.0,0.0,404.0971279144287,8,2,2,24,12,33,19,7,3,12,2,3,26,1,0,1648.7443389728448,-2586.4715220408166,109.9731785306054,0,0,0,0,0,0
16.749993299999307,1591.941650390625,-2517.32861328125,215.7255401611328,115.53499536866188,1.0,-1.0,452.4336814880371,8,2,2,24,12,35,20,7,3,12,2,3,27,1,0,1591.9415980041476,-2517.3285746918523,115.53499536866188,0,0,0,0,0,0
16.95832654999929,1535.5352783203125,-2435.65966796875,221.5935821533203,118.57138438966301,1.0,-1.0,492.03381538391113,8,2,2,24,12,37,21,7,3,12,2,3,28,1,0,1535.5353101695289,-2435.6597500728385,118.57138438966301,0,0,0,0,0,0
17.16665979999927,1486.0867919921875,-2342.391357421875,230.23265075683594,118.12276720243015,1.0,-1.0,524.3743896484375,7,2,2,24,12,38,22,7,3,12,2,3,29,1,0,1486.0867770436294,-2342.3913657240187,118.12276720243015,0,0,0,0,0,0
17.37499304999925,1443.139892578125,-2236.77099609375,238.32177734375,115.50205918158501,1.0,0.0,580.3467750549316,8,2,2,30,14,39,22,7,3,14,2,3,30,1,0,1443.1398382637285,-2236.7709474287876,115.50205918158501,0,0,0,0,0,0
17.583326299999232,1391.198974609375,-2122.3828125,245.90957641601562,115.5185874847721,1.0,-1.0,562.1578693389893,8,2,2,30,14,41,23,7,3,14,2,3,31,1,0,1391.1989354821692,-2122.3828982680316,115.5185874847721,0,0,0,0,0,0
17.83332619999921,1311.8253173828125,-1996.5294189453125,254.52206420898438,118.93726476148767,1.0,0.0,618.3962821960449,7,2,2,30,14,42,23,7,3,14,2,3,32,1,0,1311.8253088813792,-1996.529448307094,118.93726476148767,0,0,0,0,0,0
18.04165944999919,1239.51904296875,-1888.0545654296875,246.80075073242188,120.32424031035069,1.0,-1.0,664.0065670013428,8,2,2,33,15,44,24,7,3,15,2,3,33,1,0,1239.51902411698,-1888.0545922640192,120.32424031035069,0,0,0,0,0,0
18.208326049999176,1181.2222900390625,-1799.5540771484375,241.02554321289062,120.68710297570567,1.0,1.0,626.6254901885986,8,2,2,33,15,45,24,7,3,15,2,3,34,1,0,1181.2222602819181,-1799.5540591367228,120.68710297570567,0,0,0,0,0,0
18.416659299999157,1098.4755859375,-1713.1787109375,259.4601135253906,123.28298295612755,1.0,1.0,599.9057292938232,8,2,2,33,15,47,24,7,3,15,2,3,35,1,0,1098.4755846067465,-1713.1786518007978,123.28298295612755,0,0,0,0,0,0
18.666659199999135,985.946533203125,-1614.284423828125,252.0556640625,128.46169282680054,1.0,0.0,625.1590251922607,8,2,2,38,16,49,24,7,3,16,2,3,36,1,0,985.9465334754867,-1614.2844762154684,128.46169282680054,0,0,0,0,0,0
18.916659099999112,879.5613403320312,-1508.5218505859375,224.07667541503906,131.57945270264335,1.0,0.0,557.8746795654297,8,2,2,38,16,51,24,7,3,16,2,3,37,1,0,879.5613122336752,-1508.5218009272194,131.57945270264335,0,0,0,0,0,0
19.0416590499991,837.5945434570312,-1451.5291748046875,217.53807067871094,131.0346555699238,1.0,0.0,529.8370361328125,8,2,2,38,16,53,24,7,3,16,2,3,38,1,0,837.5945685663554,-1451.529152241614,131.0346555699238,0,0,0,0,0,0
19.29165894999908,762.9260864257812,-1340.1861572265625,237.32318115234375,129.09805400756682,1.0,0.0,527.6815414428711,8,2,2,38,16,55,25,7,3,16,2,3,39,1,0,762.9261057441913,-1340.1861811558822,129.09805400756682,0,0,0,0,0,0
19.541658849999056,718.604248046875,-1213.1131591796875,250.75555419921875,122.28625565778067,1.0,0.0,534.7259998321533,8,2,2,38,16,57,26,7,3,16,2,3,40,1,0,718.6042431547794,-1213.1131867385222,122.28625565778067,0,0,0,0,0,0
19.749992099999037,699.6192016601562,-1107.345703125,274.5694580078125,118.4351150931583,1.0,0.0,459.84792709350586,7,2,2,38,16,59,28,7,3,16,2,3,41,1,0,699.6191730083184,-1107.3456708937556,118.4351150931583,0,0,0,0,0,0
19.874992049999026,699.5491333007812,-1049.292236328125,294.5014953613281,116.84887730532655,1.0,0.0,441.09387397766113,6,2,2,38,16,59,28,7,3,16,2,3,41,1,0,699.5491252556302,-1049.2922394969496,116.84887730532655,0,0,0,0,0,0
20.083325299999007,705.5668334960938,-956.9605712890625,330.8821105957031,111.80849957416032,1.0,1.0,428.0682563781738,8,2,2,40,18,61,30,7,3,18,2,3,42,1,0,705.5668388408811,-956.9605547762213,111.80849957416032,0,0,0,0,0,0
20.29165854999899,707.8823852539062,-868.5986938476562,360.3501281738281,105.05886816843508,1.0,1.0,452.47802734375,8,2,2,40,18,63,32,7,3,18,2,3,43,1,0,707.8823670839356,-868.5986825455483,105.05886816843508,0,0,0,0,0,0
20.541658449998966,708.7098999023438,-760.2555541992188,372.6756591796875,99.99863126359585,1.0,1.0,477.821683883667,8,2,2,40,18,65,34,7,3,18,2,3,44,1,0,708.7098961798665,-760.2555844657429,99.99863126359585,0,0,0,0,0,0
20.70832504999895,707.353759765625,-687.6405639648438,366.3578186035156,98.92607025816406,1.0,1.0,480.0743579864502,8,2,2,40,18,65,34,7,3,18,2,3,44,1,0,707.3537375414462,-687.640544615103,98.92607025816406,0,0,0,0,0,0
20.916658299998932,701.9873046875,-596.0586547851562,343.1255187988281,99.51368392535971,1.0,1.0,486.9040012359619,8,2,2,40,18,65,34,7,3,18,2,3,45,1,0,701.987280974295,-596.0586433941637,99.51368392535971,0,0,0,0,0,0
21.124991549998914,668.385498046875,-518.4620971679688,353.3702087402344,103.9457963880614,1.0,1.0,384.421181678772,8,2,2,40,18,66,35,7,3,18,2,3,46,1,0,668.3854830909254,-518.4621095981043,103.9457963880614,0,0,0,0,0,0
21.333324799998895,628.5038452148438,-439.8157043457031,385.2694091796875,107.31102360750351,1.0,1.0,422.78223037719727,8,2,2,40,18,66,35,7,3,18,2,3,46,1,0,628.5038294139364,-439.81571232395106,107.31102360750351,0,0,0,0,0,0
21.541658049998876,580.1836547851562,-355.5662536621094,397.9581604003906,111.61807089358199,1.0,1.0,480.4874897003174,8,2,2,40,18,68,37,7,3,18,2,3,47,1,0,580.1836286434528,-355.56623876801206,111.61807089358199,0,0,0,0,0,0
21.791657949998854,516.4104614257812,-247.915771484375,391.8031005859375,115.50332420687596,1.0,1.0,533.2364082336426,8,2,2,40,18,70,39,7,3,18,2,3,48,1,0,516.4104827838784,-247.91576503529558,115.50332420687596,0,0,0,0,0,0
21.999991199998835,458.8528747558594,-160.19264221191406,364.9298400878906,118.36327129876372,0.0,1.0,511.05170249938965,8,2,2,40,18,70,39,7,3,18,2,3,49,1,0,458.8528789010522,-160.19264869282162,118.36327129876372,0,0,0,0,0,0
22.208324449998816,394.635986328125,-89.25657653808594,355.40765380859375,122.7454461677263,1.0,1.0,430.8176517486572,8,2,2,41,19,72,39,7,3,19,2,3,50,1,0,394.63600066913017,-89.25657809296504,122.7454461677263,0,0,0,0,0,0
22.3749910499988,336.4713134765625,-39.142791748046875,368.23504638671875,126.72761536784287,1.0,1.0,460.0081443786621,8,2,2,41,19,74,39,7,3,19,2,3,51,1,0,336.4713247582778,-39.14279243956153,126.72761536784287,0,0,0,0,0,0
22.62499094999878,238.67161560058594,39.55974197387695,358.7184753417969,132.2384413464886,1.0,1.0,516.942834854126,8,2,2,43,20,76,39,7,3,20,2,3,52,1,0,238.6716215040075,39.55974243988555,132.2384413464886,0,0,0,0,0,0
22.83332419999876,148.18032836914062,112.92340850830078,347.2702331542969,135.94573435741037,1.0,1.0,583.0668449401855,8,2,2,43,20,78,39,7,3,20,2,3,53,0,0,151.8332317535209,109.89581124239602,135.81614111630432,8,2,2,0,0,0
22.999990799998745,110.48469543457031,145.72711181640625,347.003662109375,134.48836253543416,1.0,1.0,28.996092081069946,8,2,2,43,20,78,39,7,3,20,2,3,53,1,0,110.48469265498977,145.72711680026623,134.48836253543416,0,0,0,0,0,0
23.208324049998726,107.6633529663086,145.04991149902344,361.05328369140625,132.81388547826646,1.0,1.0,16.24021828174591,8,2,2,43,20,78,39,7,3,20,2,3,53,1,0,107.66335131111046,145.049918139889,132.81388547826646,0,0,0,0,0,0
23.416657299998707,108.89594268798828,140.26535034179688,353.199951171875,132.2247524482117,-1.0,-1.0,67.50417351722717,8,2,2,43,20,78,39,7,3,20,2,3,53,1,0,108.895941227013,140.26534562726695,132.2247524482117,0,0,0,0,0,0
23.62499054999869,121.57465362548828,120.64796447753906,338.3775634765625,131.9516990204226,-1.0,-1.0,158.95251035690308,8,2,2,43,20,78,39,7,3,20,2,3,53,1,0,121.57465298674985,120.64796142440461,131.9516990204226,0,0,0,0,0,0
23.83332379999867,146.1329345703125,85.29408264160156,349.2218017578125,133.04872347397864,-1.0,-1.0,259.54482555389404,8,2,2,43,20,78,39,7,3,20,2,3,53,1,0,146.1329272739149,85.29408587593052,133.04872347397864,0,0,0,0,0,0
24.04165704999865,175.25387573242188,32.80115509033203,356.14813232421875,136.31718192219034,-1.0,-1.0,313.59338760375977,8,2,2,43,20,78,39,7,3,20,2,3,53,1,0,175.25387726044147,32.801155719590426,136.31718192219034,0,0,0,0,0,0
24.249990299998633,207.10662841796875,-26.184551239013672,353.7641296386719,139.79971007639918,0.0,-1.0,329.0011167526245,8,2,2,43,20,80,39,7,3,20,2,3,54,1,0,207.10663530511542,-26.184551790657572,139.79971007639918,0,0,0,0,0,0
24.458323549998614,239.8193359375,-72.94400024414062,351.8977355957031,142.49424045505944,1.0,1.0,217.9436206817627,8,2,2,43,20,80,39,7,3,20,2,3,54,1,0,239.81933244764616,-72.94400316707946,142.49424045505944,0,0,0,0,0,0
24.666656799998595,262.0682067871094,-88.66482543945312,363.0558776855469,142.29330856233196,1.0,1.0,73.16752672195435,8,2,2,43,20,80,39,7,3,20,2,3,54,1,0,262.06821507033993,-88.6648252101768,142.29330856233196,0,0,0,0,0,0
24.874990049998576,263.8770446777344,-86.06454467773438,363.1156005859375,142.2686527305989,1.0,1.0,65.32114744186401,8,2,2,43,20,80,39,7,3,20,2,3,54,1,0,263.8770334427743,-86.06454236198645,142.2686527305989,0,0,0,0,0,0
25.083323299998558,245.09654235839844,-70.01766204833984,354.0510559082031,142.3221812363573,1.0,1.0,187.7205491065979,8,2,2,43,20,80,39,7,3,20,2,3,54,1,0,245.09654197347413,-70.01765886422639,142.3221812363573,0,0,0,0,0,0
25.29165654999854,205.0040283203125,-38.66286849975586,348.9876708984375,142.95577884522584,1.0,1.0,292.40996837615967,8,2,2,43,20,80,39,7,3,20,2,3,54,1,0,205.00402070834278,-38.662869418676294,142.95577884522584,0,0,0,0,0,0
25.49998979999852,146.6420135498047,-5.33768367767334,349.66656494140625,145.02648467934375,1.0,1.0,355.8595895767212,8,2,2,43,20,80,39,7,3,20,2,3,54,1,0,146.64201312701456,-5.337683580003709,145.02648467934375,0,0,0,0,0,0
25.7083230499985,81.60933685302734,23.857013702392578,352.4183654785156,147.136995351957,1.0,1.0,254.38711643218994,8,2,2,43,20,80,39,7,3,20,2,3,54,1,0,81.60933886233654,23.857013027299782,147.136995351957,0,0,0,0,0,0
25.916656299998483,24.76911163330078,29.506492614746094,374.29327392578125,151.37422272766838,1.0,1.0,283.8493824005127,8,2,2,43,20,82,39,7,3,20,2,3,55,1,0,24.769111150892037,29.506493229298027,151.37422272766838,0,0,0,0,0,0
26.124989549998464,-40.39186477661133,41.40522766113281,383.28375244140625,155.17370887253466,1.0,1.0,346.6013193130493,8,2,2,43,20,82,39,7,3,20,2,3,55,1,0,-40.391864692991824,41.40522890446705,155.17370887253466,0,0,0,0,0,0
26.333322799998445,-120.1021957397461,69.03700256347656,375.8241271972656,157.5519412185571,1.0,1.0,442.8755760192871,8,2,2,43,20,84,40,7,3,20,2,3,56,1,0,-120.10219528770925,69.0370014155951,157.5519412185571,0,0,0,0,0,0
26.541656049998426,-212.9647216796875,106.14521026611328,358.0845642089844,159.05456365769214,1.0,1.0,526.2828826904297,8,2,2,43,20,85,40,7,3,20,2,3,57,1,0,-212.9647249278014,106.14520953855002,159.05456365769214,0,0,0,0,0,0
26.749989299998408,-311.3682556152344,140.6532745361328,328.02001953125,160.16378301815186,1.0,1.0,545.2616214752197,8,2,2,43,20,86,41,7,3,20,2,3,58,1,0,-311.36824841704356,140.6532696377975,160.16378301815186,0,0,0,0,0,0
26.999989199998385,-447.9690246582031,149.03285217285156,316.0740661621094,166.64540395704222,1.0,1.0,524.3744373321533,8,2,2,43,20,87,42,7,3,20,2,3,59,1,0,-447.96902086873934,149.032845878803,166.64540395704222,0,0,0,0,0,0
27.208322449998366,-564.9259643554688,150.93777465820312,316.1123046875,170.8621428889371,1.0,1.0,583.0691337585449,8,2,2,43,20,89,44,7,3,20,2,3,60,1,0,-564.9259858624768,150.93778016847767,170.8621428889371,0,0,0,0,0,0
27.37498904999835,-665.4542236328125,158.87583923339844,304.4056701660156,172.66243118832708,1.0,1.0,627.2977352142334,8,2,2,43,20,89,44,7,3,20,2,3,61,1,0,-665.4542384118171,158.87583846597894,172.66243118832708,0,0,0,0,0,0
27.541655649998336,-773.814453125,154.54678344726562,297.9262390136719,176.10937718858247,1.0,1.0,669.5702075958252,8,2,2,44,21,91,46,7,3,21,2,3,62,1,0,-773.8144682584883,154.5467779735644,176.10937718858247,0,0,0,0,0,0
27.749988899998318,-921.663330078125,143.4693603515625,293.0431823730469,179.4178933814301,1.0,0.0,744.5178985595703,8,2,2,44,21,91,46,7,3,21,2,3,63,1,0,-921.6632997263849,143.46936134587148,179.4178933814301,0,0,0,0,0,0
27.916655499998303,-1045.96728515625,147.5373077392578,289.3591003417969,179.01538119270995,1.0,-1.0,732.3370933532715,8,2,2,44,21,92,47,7,3,21,2,3,64,1,0,-1045.9672433477072,147.5373019384002,179.01538119270995,0,0,0,0,0,0
28.16665539999828,-1225.2239990234375,169.1451416015625,272.9183654785156,175.98508261129734,1.0,0.0,758.611536026001,8,2,2,51,23,93,48,7,3,23,2,3,65,1,0,-1225.223962837695,169.14514066031356,175.98508261129734,0,0,0,0,0,0
28.249988699998273,-1287.47119140625,176.38381958007812,260.2592468261719,175.52233528220228,1.0,0.0,782.8235149383545,8,2,2,51,23,94,49,7,3,23,2,3,66,1,0,-1287.4712038478017,176.38382215638688,175.52233528220228,0,0,0,0,0,0
28.416655299998258,-1419.8746337890625,188.85496520996094,244.73597717285156,174.95076305986692,1.0,0.0,817.0498847961426,8,2,2,51,23,95,50,7,3,23,2,3,67,1,0,-1419.8745899520884,188.8549724704689,174.95076305986692,0,0,0,0,0,0
28.62498854999824,-1580.058837890625,220.5899200439453,240.3134307861328,171.81310080798713,1.0,-1.0,792.9173469543457,8,2,2,52,24,96,51,7,3,24,2,3,68,1,0,-1580.0588860689375,220.58991886193417,171.81310080798713,0,0,0,0,0,0
28.83332179999822,-1737.3768310546875,268.2235412597656,209.56236267089844,167.07510013644549,1.0,0.0,813.0406379699707,8,2,2,52,24,96,51,7,3,24,2,3,69,1,0,-1737.3768192017926,268.2235451623278,167.07510013644549,0,0,0,0,0,0
28.999988399998205,-1870.111328125,321.1229248046875,170.21075439453125,163.06762431530126,1.0,0.0,865.8753395080566,8,2,2,52,24,98,53,10,4,24,2,4,71,0,0,-1863.6381536141653,318.2336726721927,163.23417500266888,8,2,1,0,0,1
29.083321699998198,-1929.194580078125,348.27838134765625,152.3832550048828,161.69175729810595,1.0,1.0,884.8537445068359,8,2,2,52,24,98,53,10,4,24,2,4,71,1,0,-1929.1945570842124,348.27838283523806,161.69175729810595,0,0,0,0,0,0
29.29165494999818,-2107.992431640625,407.8798522949219,116.811279296875,162.48030241040212,1.0,1.0,868.1042671203613,8,2,2,52,24,100,55,10,4,24,2,4,73,1,0,-2107.9925476556286,407.87986327080336,162.48030241040212,0,0,0,0,0,0
29.49998819999816,-2280.740478515625,392.80975341796875,104.6038589477539,174.73427727959475,1.0,1.0,823.8773345947266,8,2,2,52,24,102,57,10,4,24,2,4,74,1,0,-2280.7404331224643,392.80975501227726,174.73427727959475,0,0,0,0,0,0
29.70832144999814,-2462.540283203125,356.2020263671875,74.41219329833984,-176.1860297416324,1.0,-1.0,847.9348182678223,8,2,2,52,24,106,59,10,4,24,2,4,76,0,0,-2455.5997722667403,357.9087881041601,-176.49758885847558,8,2,2,0,0,0
29.874988049998127,-2592.883544921875,328.85137939453125,45.08845520019531,-173.44601411732108,0.0,-1.0,843.6058044433594,8,2,2,52,24,108,59,10,4,24,2,4,77,1,0,-2592.8835726242505,328.8513727120648,-173.44601411732108,0,0,0,0,0,0
30.083321299998108,-2749.476318359375,324.7943115234375,8.815497398376465,-178.79944883581535,0.0,-1.0,775.5810260772705,8,2,2,52,24,110,59,19,5,24,2,5,78,1,0,-2749.4764038910785,324.7943234960133,-178.79944883581535,0,0,0,0,0,0
30.29165454999809,-2905.0185546875,320.5414733886719,-7.793471813201904,-178.56356741929517,0.0,-1.0,662.8865718841553,8,2,2,52,24,112,59,19,5,24,2,5,79,1,0,-2905.0186372436838,320.54146144855673,-178.56356741929517,0,0,0,0,0,0
30.49998779999807,-3033.51416015625,292.8680419921875,-29.10675811767578,-173.3493965253982,0.0,-1.0,561.649227142334,8,2,2,52,24,114,59,19,5,24,2,5,80,1,0,-3033.5141103935953,292.8680442950169,-173.3493965253982,0,0,0,0,0,0
30.70832104999805,-3148.81396484375,290.38922119140625,-65.87974548339844,-176.75661821887243,0.0,-1.0,536.8988513946533,8,2,2,52,24,116,59,19,5,24,2,5,81,1,0,-3148.813847824137,290.3892146349756,-176.75661821887243,0,0,0,0,0,0
30.916654299998033,-3270.416015625,296.0325622558594,-98.62680053710938,-178.6985978083215,1.0,0.0,642.4878597259521,8,2,2,52,24,118,61,19,5,24,2,5,82,1,0,-3270.415897593633,296.03257566084625,-178.6985978083215,0,0,0,0,0,0
31.124987549998014,-3412.599609375,297.7319030761719,-106.41336059570312,-179.17529134018548,1.0,-1.0,656.7046642303467,8,2,2,52,24,118,61,19,5,24,2,5,83,1,0,-3412.599591795601,297.7319150815688,-179.17529134018548,0,0,0,0,0,0
31.333320799997995,-3547.67431640625,277.17431640625,-106.67533111572266,-175.63799205058362,1.0,-1.0,637.8804206848145,8,2,2,52,24,120,63,19,5,24,2,5,84,1,0,-3547.674388312273,277.1743271471376,-175.63799205058362,0,0,0,0,0,0
31.541654049997977,-3687.6943359375,272.35198974609375,-122.41415405273438,-176.90349590751705,1.0,-1.0,687.494945526123,8,2,2,53,25,122,64,19,5,25,2,5,86,1,0,-3687.6943728835463,272.35199397376886,-176.90349590751705,0,0,0,0,0,0
31.749987299997958,-3830.212646484375,281.7994079589844,-148.11746215820312,-179.81176431928705,1.0,-1.0,730.0577640533447,8,2,2,54,26,123,64,19,5,26,2,5,87,1,0,-3830.212743914744,281.79939822758337,-179.81176431928705,0,0,0,0,0,0
31.95832054999794,-3985.17138671875,303.7719421386719,-165.346923828125,177.10487757411462,1.0,1.0,776.8948078155518,8,2,2,54,26,125,65,19,5,26,2,5,88,1,0,-3985.171304078123,303.7719333849973,177.10487757411462,0,0,0,0,0,0
32.166653799997924,-4145.013671875,323.00299072265625,-173.51773071289062,175.1551712746981,1.0,1.0,803.4587860107422,8,2,2,54,26,126,65,19,5,26,2,5,89,1,0,-4145.013757157904,323.0030025254268,175.1551712746981,0,0,0,0,0,0
32.374987049997905,-4309.0888671875,331.95208740234375,-190.62388610839844,175.92574196989062,1.0,0.0,815.3035163879395,7,2,2,54,26,129,66,19,5,26,2,5,91,1,0,-4309.088907212795,331.9520737524161,175.92574196989062,0,0,0,0,0,0
32.58332029999789,-4477.48046875,338.5423583984375,-203.23959350585938,176.561999699566,1.0,1.0,814.6212577819824,8,2,2,56,28,130,66,19,5,28,2,5,92,1,0,-4477.48043500597,338.54235638674743,176.561999699566,0,0,0,0,0,0
32.79165354999787,-4633.3740234375,362.3486022949219,-214.75140380859375,176.06354678171684,1.0,0.0,733.6641311645508,8,2,2,56,28,132,67,19,5,28,2,5,93,1,0,-4633.37394575482,362.34859547280143,176.06354678171684,0,0,0,0,0,0
32.99998679999785,-4783.970703125,397.34698486328125,-249.0851593017578,174.6122770818379,1.0,1.0,642.2759056091309,8,2,2,56,28,135,68,19,5,28,2,5,95,0,0,-4778.605360315005,396.25479128059385,174.5872561999433,8,2,2,0,1,0
33.20832004999783,-4898.591796875,395.1431884765625,-285.1574401855469,178.1205047984835,1.0,1.0,356.04100227355957,8,2,2,56,28,135,68,19,5,28,2,5,95,1,0,-4898.591829908487,395.1431923300824,178.1205047984835,0,0,0,0,0,0
33.41665329999781,-4935.17529296875,372.532958984375,-267.3424987792969,179.0779545145791,1.0,0.0,163.23325634002686,8,2,2,56,28,136,69,19,5,28,2,5,96,1,0,-4935.175240979552,372.5329709906215,179.0779545145791,0,0,0,0,0,0
33.66665319999779,-4972.49267578125,360.4442443847656,-236.7159423828125,-179.03772864584113,1.0,0.0,198.00539016723633,8,2,2,56,28,136,69,19,5,28,2,5,96,1,0,-4972.492580834372,360.4442563754092,-179.03772864584113,0,0,0,0,0,0
33.87498644999777,-5021.82373046875,365.9978332519531,-240.61154174804688,178.61839457674836,1.0,0.0,270.0023412704468,7,2,2,56,28,137,70,19,5,28,2,5,97,1,0,-5021.823717222278,365.997846594083,178.61839457674836,0,0,0,0,0,0
34.041653049997755,-5068.46630859375,370.661376953125,-255.7379608154297,177.9296690664451,1.0,0.0,284.8073959350586,7,2,2,56,28,137,70,19,5,28,2,5,97,1,0,-5068.4661564036605,370.66136645493583,177.9296690664451,0,0,0,0,0,0
34.29165294999773,-5132.91064453125,368.3154602050781,-252.56004333496094,178.35048379239527,1.0,1.0,260.32705307006836,6,2,2,56,28,137,70,19,5,28,2,5,97,1,0,-5132.910633511087,368.3154651122527,178.35048379239527,0,0,0,0,0,0
34.499986199997714,-5190.333984375,363.2096252441406,-232.28402709960938,179.28543171236294,1.0,0.0,297.4690914154053,8,2,2,72,30,137,70,19,5,30,2,5,98,1,0,-5190.333879078618,363.209610134192,179.28543171236294,0,0,0,0,0,0
34.74998609999769,-5275.62158203125,350.7241516113281,-232.75888061523438,-177.49747608376518,1.0,0.0,366.4417028427124,8,2,2,73,31,138,70,30,6,31,2,6,99,1,0,-5275.621719020648,350.72414174692,-177.49747608376518,0,0,0,0,0,0
34.87498604999768,-5323.56787109375,340.4952697753906,-244.2657470703125,-175.05334129296682,1.0,0.0,391.36157035827637,8,2,2,73,31,138,70,30,6,31,2,6,99,1,0,-5323.5678139888405,340.4952840003086,-175.05334129296682,0,0,0,0,0,0
35.08331929999766,-5371.12255859375,326.9960021972656,-241.15029907226562,-174.41630245875353,1.0,-1.0,246.0608720779419,8,2,2,73,31,138,70,30,6,31,2,6,99,1,0,-5371.1223676632935,326.9959957721312,-174.41630245875353,0,0,0,0,0,0
35.29165254999764,-5421.896484375,316.9250183105469,-233.23294067382812,-174.890460239162,1.0,-1.0,277.46989727020264,8,2,2,73,31,140,70,30,6,31,2,6,100,1,0,-5421.896331071584,316.9250081314592,-174.890460239162,0,0,0,0,0,0
35.45831914999763,-5465.5673828125,330.876220703125,-224.83070373535156,-178.61763380494943,1.0,-1.0,298.9177942276001,8,2,2,73,31,140,70,30,6,31,2,6,100,1,0,-5465.567578422276,330.8762126308358,-178.61763380494943,0,0,0,0,0,0
35.66665239999761,-5526.53759765625,360.29888916015625,-224.7932586669922,175.86876845291164,0.0,0.0,343.94237995147705,8,2,2,73,31,142,70,30,6,31,2,6,101,1,0,-5526.537677444368,360.2988854106981,175.86876845291164,0,0,0,0,0,0
35.7499856999976,-5551.82373046875,368.9425354003906,-224.0821990966797,174.65965668404147,0.0,0.0,317.480206489563,8,2,2,73,31,142,70,30,6,31,2,6,101,1,0,-5551.823554051813,368.94254332143686,174.65965668404147,0,0,0,0,0,0
35.99998559999758,-5624.21240234375,389.7490539550781,-215.32669067382812,171.99713796056352,1.0,-1.0,321.7477798461914,8,2,2,73,31,144,70,30,6,31,2,6,102,1,0,-5624.2125336397485,389.7490412546031,171.99713796056352,0,0,0,0,0,0
36.24998549999756,-5700.8232421875,425.81036376953125,-201.99557495117188,166.77700146926995,1.0,-1.0,370.246958732605,8,2,2,73,31,144,70,30,6,31,2,6,102,1,0,-5700.823172780563,425.81036048192516,166.77700146926995,0,0,0,0,0,0
36.45831874999754,-5757.041015625,465.7901306152344,-186.44432067871094,162.12635092253237,1.0,-1.0,358.2439184188843,8,2,2,73,31,146,70,30,6,31,2,6,103,1,0,-5757.0408738619135,465.79013129600656,162.12635092253237,0,0,0,0,0,0
36.54165204999753,-5781.9140625,482.42657470703125,-178.36489868164062,160.4334956265233,1.0,-1.0,369.64728832244873,8,2,2,73,31,146,70,30,6,31,2,6,103,1,0,-5781.913914356528,482.42658071014404,160.4334956265233,0,0,0,0,0,0
36.74998529999751,-5843.53369140625,534.1964721679688,-172.56907653808594,154.99382024566373,1.0,-1.0,390.8245325088501,8,2,2,73,31,148,70,30,6,31,2,6,104,1,0,-5843.533791547951,534.1964809072579,154.99382024566373,0,0,0,0,0,0
36.95831854999749,-5898.9765625,599.9315795898438,-174.70668029785156,149.08441465854267,1.0,-1.0,439.56103324890137,8,2,2,73,31,148,70,30,6,31,2,6,104,1,0,-5898.976320084038,599.9315532014724,149.08441465854267,0,0,0,0,0,0
37.166651799997474,-5969.798828125,652.20947265625,-157.2402801513672,148.3555326900179,1.0,-1.0,422.4696159362793,8,2,2,73,31,150,71,30,6,31,2,6,105,1,0,-5969.7989833409265,652.2094725963639,148.3555326900179,0,0,0,0,0,0
37.374985049997456,-6056.97412109375,689.6609497070312,-136.2086639404297,151.07010005197498,1.0,-1.0,447.9630470275879,8,2,2,73,31,151,71,30,6,31,2,6,106,1,0,-6056.974023353653,689.660922487653,151.07010005197498,0,0,0,0,0,0
37.58331829999744,-6149.990234375,711.5907592773438,-123.70384979248047,156.12782752028787,1.0,-1.0,467.9766654968262,8,2,2,73,31,153,72,30,6,31,2,6,107,1,0,-6149.99026057607,711.5907479426086,156.12782752028787,0,0,0,0,0,0
37.79165154999742,-6245.25732421875,735.3984985351562,-124.90719604492188,159.0980022843916,1.0,-1.0,499.4929790496826,8,2,2,73,31,154,72,30,6,31,2,6,108,1,0,-6245.257300160654,735.3984821919489,159.0980022843916,0,0,0,0,0,0
37.9999847999974,-6345.47900390625,769.9780883789062,-126.23527526855469,159.28406416339533,1.0,-1.0,537.6093864440918,8,2,2,73,31,154,72,30,6,31,2,6,108,1,0,-6345.47912799709,769.9780593549988,159.28406416339533,0,0,0,0,0,0
38.166651399997384,-6431.638671875,804.837158203125,-111.19819641113281,158.99422399716678,1.0,-1.0,576.8255710601807,8,2,2,74,32,156,73,30,6,32,2,6,109,1,0,-6431.638719030563,804.8371800760842,158.99422399716678,0,0,0,0,0,0
38.24998469999738,-6473.61572265625,826.4315185546875,-103.60904693603516,157.7676340305269,1.0,-1.0,566.419792175293,8,2,2,74,32,157,73,30,6,32,2,6,110,1,0,-6473.615640164815,826.4315320400323,157.7676340305269,0,0,0,0,0,0
38.499984599997354,-6569.48388671875,918.8104858398438,-80.89201354980469,148.42458214034912,1.0,-1.0,541.2646293640137,8,2,2,74,32,159,75,30,6,32,2,6,111,1,0,-6569.4838285054275,918.8104871078486,148.42458214034912,0,0,0,0,0,0
38.708317849997336,-6632.54541015625,1013.31005859375,-66.58771514892578,139.8792830443151,1.0,-1.0,581.4389228820801,8,2,2,76,33,161,77,30,6,33,2,6,112,1,0,-6632.545237005587,1013.3100632368515,139.8792830443151,0,0,0,0,0,0
38.91665109999732,-6693.27099609375,1118.1387939453125,-56.81334686279297,132.79885213800347,1.0,-1.0,615.4158115386963,7,2,2,76,33,163,79,30,6,33,2,6,113,1,0,-6693.270946875974,1118.1388384873528,132.79885213800347,0,0,0,0,0,0
39.041651049997306,-6726.45361328125,1186.7587890625,-49.51628875732422,128.6029736108278,1.0,-1.0,626.8235683441162,7,2,2,76,33,163,79,30,6,33,2,6,113,1,0,-6726.453722230707,1186.7587306286334,128.6029736108278,0,0,0,0,0,0
39.24998429999729,-6783.06689453125,1290.0838623046875,-35.45648956298828,125.11316484296573,-1.0,0.0,493.0008888244629,8,2,2,81,35,165,80,30,6,35,2,6,114,1,0,-6783.06675670443,1290.083820413601,125.11316484296573,0,0,0,0,0,0
39.45831754999727,-6835.0390625,1341.658935546875,-13.842462539672852,127.23321527350551,-1.0,1.0,253.95007133483887,8,2,2,81,35,166,80,30,6,35,2,6,115,1,0,-6835.039079480086,1341.6589753675437,127.23321527350551,0,0,0,0,0,0
39.66665079999725,-6860.63037109375,1361.390869140625,0.6385754942893982,127.9897293250696,-1.0,0.0,67.92544722557068,7,2,2,81,35,166,80,30,6,35,2,6,115,1,0,-6860.630443676422,1361.3908425444974,127.9897293250696,0,0,0,0,0,0
39.87498404999723,-6859.7236328125,1354.6094970703125,1.3474290370941162,127.56636515549127,-1.0,0.0,97.12785482406616,7,2,2,81,35,166,80,30,6,35,2,6,115,1,0,-6859.723710409338,1354.6094565879366,127.56636515549127,0,0,0,0,0,0
40.08331729999721,-6836.30615234375,1328.9759521484375,-12.721526145935059,126.93135062924087,-1.0,0.0,245.3108787536621,8,2,2,81,35,166,80,30,6,35,2,6,115,1,0,-6836.306194413457,1328.9760065362582,126.93135062924087,0,0,0,0,0,0
40.29165054999719,-6794.51123046875,1281.9515380859375,-34.565921783447266,124.95167677062616,-1.0,0.0,367.6380395889282,8,2,2,81,35,166,80,30,6,35,2,6,115,1,0,-6794.51130915921,1281.9515269628532,124.95167677062616,0,0,0,0,0,0
40.499983799997175,-6735.345703125,1219.376220703125,-50.479949951171875,120.56843399690781,-1.0,0.0,453.615665435791,8,2,2,81,35,168,81,30,6,35,2,6,116,1,0,-6735.34549031959,1219.3762321625657,120.56843399690781,0,0,0,0,0,0
40.708317049997156,-6667.4833984375,1156.041015625,-56.06482696533203,115.38477045587807,0.0,0.0,405.76210021972656,9,2,2,81,35,168,81,30,6,35,2,6,116,1,0,-6667.483257329485,1156.0410072145942,115.38477045587807,0,0,0,0,0,0
40.91665029999714,-6613.40380859375,1103.967529296875,-64.97798156738281,109.5968912006254,1.0,0.0,293.5246467590332,10,2,2,81,35,170,83,30,6,35,2,6,117,1,0,-6613.403975298659,1103.9674945043091,109.5968912006254,0,0,0,0,0,0
41.166650199997115,-6578.55859375,1067.5526123046875,-64.58314514160156,105.72697779802604,1.0,0.0,126.41969919204712,9,2,2,81,35,170,83,30,6,35,2,6,117,1,0,-6578.558450316255,1067.552602042882,105.72697779802604,0,0,0,0,0,0
41.41665009999709,-6563.51953125,1048.6331787109375,-65.1805648803711,103.78929291457582,0.0,0.0,90.9515917301178,9,2,2,81,35,172,85,30,6,35,2,6,118,1,0,-6563.519644445135,1048.633189273829,103.78929291457582,0,0,0,0,0,0
41.54165004999708,-6558.52880859375,1037.453125,-70.30390167236328,103.18387961652402,0.0,0.0,95.42883634567261,9,2,2,81,35,172,85,30,6,35,2,6,118,1,0,-6558.528799150679,1037.4531126587465,103.18387961652402,0,0,0,0,0,0
41.79164994999706,-6549.26123046875,1013.1004028320312,-75.94007873535156,102.24188861544938,0.0,0.0,103.55322360992432,9,2,2,81,35,172,85,30,6,35,2,6,118,1,0,-6549.26126026751,1013.1004191842253,102.24188861544938,0,0,0,0,0,0
41.99998319999704,-6541.41162109375,990.9791259765625,-75.63320922851562,101.50237881281052,0.0,0.0,111.47075891494751,9,2,2,81,35,172,85,30,6,35,2,6,118,1,0,-6541.411521266373,990.9791024884921,101.50237881281052,0,0,0,0,0,0
42.24998309999702,-6534.09716796875,962.3490600585938,-81.31902313232422,101.08156797439057,0.0,0.0,118.55834722518921,9,2,2,81,35,172,85,30,6,35,2,6,118,1,0,-6534.0969329688405,962.3490345073587,101.08156797439057,0,0,0,0,0,0
42.374983049997006,-6530.68994140625,948.2450561523438,-83.24098205566406,101.0166770270962,0.0,0.0,121.94982767105103,10,2,2,81,35,172,85,30,6,35,2,6,118,1,0,-6530.689974801718,948.2450320271071,101.0166770270962,0,0,0,0,0,0
42.58331629999699,-6524.2529296875,923.3695678710938,-86.46517181396484,100.9468195677478,0.0,0.0,130.1239013671875,10,2,2,81,35,173,86,30,6,35,2,6,119,1,0,-6524.253133211806,923.3695884768723,100.9468195677478,0,0,0,0,0,0
42.833316199996965,-6516.71240234375,891.3558349609375,-93.94686889648438,100.98434317595758,0.0,0.0,141.2710189819336,10,2,2,81,35,173,86,30,6,35,2,6,119,1,0,-6516.712482798245,891.3558247014457,100.98434317595758,0,0,0,0,0,0
43.08331609999694,-6508.7177734375,855.8366088867188,-100.52499389648438,101.00043199221592,0.0,0.0,151.77663564682007,10,2,2,81,35,173,86,30,6,35,2,6,119,1,0,-6508.717850607008,855.8365814874559,101.00043199221592,0,0,0,0,0,0
43.20831604999693,-6504.46337890625,836.9871215820312,-102.66914367675781,100.92083444682059,0.0,0.0,158.39459896087646,10,2,2,81,35,173,86,30,6,35,2,6,119,1,0,-6504.463372224473,836.9871504510803,100.92083444682059,0,0,0,0,0,0
43.41664929999691,-6497.1669921875,804.4739379882812,-108.8653564453125,100.81312820810206,0.0,0.0,162.95703649520874,10,2,2,81,35,174,87,30,6,35,2,6,120,1,0,-6497.167086462525,804.4739209872508,100.81312820810206,0,0,0,0,0,0
43.66664919999689,-6489.45703125,763.4238891601562,-116.31429290771484,100.8350227926293,0.0,0.0,170.38400173187256,11,2,2,81,35,174,87,30,6,35,2,6,120,1,0,-6489.457024753475,763.4238614696028,100.8350227926293,0,0,0,0,0,0
43.91664909999687,-6481.07763671875,720.9358520507812,-121.58618927001953,100.83303695849182,0.0,0.0,174.8287796974182,11,2,2,81,35,174,87,30,6,35,2,6,120,1,0,-6481.07739939356,720.9358455706475,100.83303695849182,0,0,0,0,0,0
44.041649049996856,-6477.0185546875,699.4222412109375,-125.19890594482422,100.89403718515362,0.0,0.0,175.43768882751465,11,2,2,81,35,175,88,30,6,35,2,6,121,1,0,-6477.018671207392,699.4222576578378,100.89403718515362,0,0,0,0,0,0
44.29164894999683,-6472.5693359375,673.2001342773438,-128.48342895507812,100.34942420008993,0.0,0.0,7.592792809009552,11,2,2,81,35,175,88,30,6,35,2,6,121,1,0,-6472.56918334575,673.2001453570398,100.34942420008993,0,0,0,0,0,0
44.54164884999681,-6472.91748046875,672.5830688476562,-129.11715698242188,100.04986432252106,0.0,0.0,2.4747012183070183,11,2,2,81,35,175,88,30,6,35,2,6,121,1,0,-6472.917580205363,672.5830514290847,100.04986432252106,0,0,0,0,0,0
44.79164874999679,-6472.92333984375,671.8779907226562,-128.7806854248047,99.94570780943464,0.0,0.0,1.9089486449956894,11,2,2,81,35,175,88,30,6,35,2,6,121,1,0,-6472.923561418264,671.8779616804526,99.94570780943464,0,0,0,0,0,0
44.87498204999678,-6472.9375,671.6889038085938,-128.77687072753906,99.91898303666487,0.0,0.0,1.658301241695881,11,2,2,81,35,175,88,30,6,35,2,6,121,1,0,-6472.937323121131,671.688925642794,99.91898303666487,0,0,0,0,0,0
45.12498194999676,-6472.94384765625,671.18408203125,-129.02650451660156,99.85316339776237,0.0,0.0,2.2457698360085487,11,2,2,81,35,175,88,30,6,35,2,6,121,1,0,-6472.94399111707,671.1840676336199,99.85316339776237,0,0,0,0,0,0
45.374981849996736,-6472.90673828125,670.6165771484375,-129.0141143798828,99.78893788815438,0.0,0.0,2.1457919850945473,11,2,2,81,35,175,88,30,6,35,2,6,121,1,0,-6472.90663468383,670.6165706953858,99.78893788815438,0,0,0,0,0,0
45.58331509999672,-6472.8818359375,670.1653442382812,-129.1199951171875,99.73639312559992,0.0,0.0,2.128737047314644,11,2,2,81,35,175,88,30,6,35,2,6,121,1,0,-6472.881906587074,670.1653571365524,99.73639312559992,0,0,0,0,0,0
45.708315049996706,-6472.86474609375,669.8895263671875,-129.1622772216797,99.7048617551395,0.0,0.0,2.17316672205925,11,2,2,81,35,175,88,30,6,35,2,6,121,1,0,-6472.864633397517,669.8895289660506,99.7048617551395,0,0,0,0,0,0
45.91664829999669,-6472.83544921875,669.4240112304688,-129.2174530029297,99.65193521728136,0.0,0.0,2.1793996915221214,11,2,2,81,35,175,88,30,6,35,2,6,121,1,0,-6472.835567191144,669.4239852622228,99.65193521728136,0,0,0,0,0,0
46.166648199996665,-6472.80126953125,668.8652954101562,-129.313720703125,99.58778360078641,0.0,0.0,2.194121852517128,11,2,2,81,35,175,88,30,6,35,2,6,121,1,0,-6472.8012137042115,668.8652767792306,99.58778360078641,0,0,0,0,0,0
46.374981449996646,-6472.771484375,668.3952026367188,-129.3854217529297,99.53399947977148,0.0,0.0,2.206687815487385,11,2,2,81,35,175,88,30,6,35,2,6,121,1,0,-6472.771662862311,668.3952086712236,99.53399947977148,0,0,0,0,0,0
46.54164804999663,-6472.748046875,668.01904296875,-129.44598388671875,99.49089211082554,0.0,0.0,2.2040244191884995,11,2,2,81,35,175,88,30,6,35,2,6,121,1,0,-6472.74818250963,668.0190538288311,99.49089211082554,0,0,0,0,0,0
46.79164794999661,-6472.712890625,667.45263671875,-129.53988647460938,99.4259654832013,0.0,0.0,2.2181853652000427,11,2,2,81,35,175,88,30,6,35,2,6,121,1,0,-6472.713004131754,667.4526196372221,99.4259654832013,0,0,0,0,0,0
46.99998119999659,-6472.68359375,666.9785766601562,-129.61827087402344,99.37162637970873,0.0,0.0,2.2215383127331734,11,2,2,81,35,175,88,30,6,35,2,6,121,1,0,-6472.683675921222,666.9785857973754,99.37162637970873,0,0,0,0,0,0
47.20831444999657,-6472.65478515625,666.50439453125,-129.698974609375,99.31725183323371,0.0,0.0,2.2194063290953636,11,2,2,81,35,175,88,30,6,35,2,6,121,1,0,-6472.654698687316,666.5043888020869,99.31725183323371,0,0,0,0,0,0
47.374981049996556,-6472.6318359375,666.1256103515625,-129.76409912109375,99.2738517473466,0.0,0.0,2.213251031935215,11,2,2,81,35,175,88,30,6,35,2,6,121,1,0,-6472.6317657083755,666.1256181438773,99.2738517473466,0,0,0,0,0,0
47.58331429999654,-6472.603515625,665.654052734375,-129.84637451171875,99.2198310723233,0.0,0.0,2.200561948120594,11,2,2,81,35,175,88,30,6,35,2,6,121,1,0,-6472.603752088898,665.6540341027378,99.2198310723233,0,0,0,0,0,0
47.833314199996515,-6472.57470703125,665.087158203125,-129.94830322265625,99.15485409417893,0.0,0.0,2.2264517843723297,11,2,2,81,35,175,88,30,6,35,2,6,121,1,0,-6472.574736166432,665.0871561529086,99.15485409417893,0,0,0,0,0,0
48.041647449996496,-6472.55712890625,664.6024169921875,-130.02847290039062,99.09987343180899,0.0,0.0,2.311180531978607,11,2,2,81,35,175,88,30,6,35,2,6,121,1,0,-6472.556922774541,664.6024154508723,99.09987343180899,0,0,0,0,0,0
48.20831404999648,-6472.53955078125,664.201171875,-130.08815002441406,99.05465185064601,0.0,0.0,2.3265836760401726,11,2,2,81,35,175,88,30,6,35,2,6,121,1,0,-6472.539654047207,664.2011755034625,99.05465185064601,0,0,0,0,0,0
48.45831394999646,-6472.49462890625,663.5993041992188,-130.18478393554688,98.98490903993262,0.0,0.0,2.353711798787117,11,2,2,81,35,175,88,30,6,35,2,6,121,1,0,-6472.494604525483,663.5993117574144,98.98490903993262,0,0,0,0,0,0
48.66664719999644,-6472.412109375,663.0733642578125,-130.2594451904297,98.9194350552263,0.0,0.0,2.50927172601223,11,2,2,81,35,175,88,30,6,35,2,6,121,1,0,-6472.412101227474,663.0733567689122,98.9194350552263,0,0,0,0,0,0
48.91664709999642,-6472.3076171875,662.4380493164062,-130.3483428955078,98.83993462706079,0.0,0.0,2.4840228259563446,11,2,2,81,35,175,88,30,6,35,2,6,121,1,0,-6472.3077453856195,662.4380758567318,98.83993462706079,0,0,0,0,0,0
49.041647049996406,-6472.25634765625,662.1209106445312,-130.39474487304688,98.80034750979446,0.0,0.0,2.4905340746045113,11,2,2,81,35,175,88,30,6,35,2,6,121,1,0,-6472.2565761850565,662.12088534721,98.80034750979446,0,0,0,0,0,0
49.291646949996384,-6472.1533203125,661.4863891601562,-130.4847412109375,98.72117841054589,0.0,0.0,2.4895133450627327,11,2,2,81,35,175,88,30,6,35,2,6,121,1,0,-6472.153418675981,661.4863659843604,98.72117841054589,0,0,0,0,0,0
49.499980199996365,-6472.06787109375,660.9580688476562,-130.56016540527344,98.65528892187774,0.0,0.0,2.487233839929104,11,2,2,81,35,175,88,30,6,35,2,6,121,1,0,-6472.067743782401,660.9580826898107,98.65528892187774,0,0,0,0,0,0
49.708313449996346,-6471.98193359375,660.4302368164062,-130.63565063476562,98.58948721042972,0.0,0.0,2.4858109652996063,11,2,2,81,35,175,88,30,6,35,2,6,121,1,0,-6471.982154417432,660.430240512461,98.58948721042972,0,0,0,0,0,0
49.87498004999633,-6471.91357421875,660.0079956054688,-130.6957244873047,98.53688146046174,0.0,0.0,2.4858497083187103,11,2,2,81,35,175,88,30,6,35,2,6,121,1,0,-6471.913747177213,660.0080231769426,98.53688146046174,0,0,0,0,0,0
50.08331329999631,-6471.828125,659.4806518554688,-130.77098083496094,98.47119155068911,0.0,0.0,2.4835336953401566,11,2,2,81,35,175,88,30,6,35,2,6,121,1,0,-6471.828297230759,659.4806421307402,98.47119155068911,0,0,0,0,0,0
50.33331319999629,-6471.72607421875,658.8483276367188,-130.86119079589844,98.39246510048284,0.0,0.0,2.481640875339508,11,2,2,81,35,175,88,30,6,35,2,6,121,1,0,-6471.72583926419,658.8483527569385,98.39246510048284,0,0,0,0,0,0
50.58331309999627,-6471.62353515625,658.2163696289062,-130.95126342773438,98.31382724135781,0.0,0.0,2.4797581136226654,11,2,2,81,35,175,88,30,6,35,2,6,121,1,0,-6471.623485224818,658.2163479060519,98.31382724135781,0,0,0,0,0,0
50.708313049996256,-6471.572265625,657.9005737304688,-130.99630737304688,98.27453951051223,0.0,0.0,2.47927475720644,11,2,2,81,35,175,88,30,6,35,2,6,121,1,0,-6471.572363621205,657.9005566463053,98.27453951051223,0,0,0,0,0,0
50.958312949996234,-6471.46630859375,657.2616577148438,-131.0879364013672,98.19475334850058,0.0,0.0,2.5559527799487114,11,2,2,81,35,175,88,30,6,35,2,6,121,1,0,-6471.46643963624,657.2616771820017,98.19475334850058,0,0,0,0,0,0
51.166646199996215,-6471.3681640625,656.7107543945312,-131.170166015625,98.12505300214424,0.0,0.0,2.6221098378300667,11,2,2,81,35,175,88,30,6,35,2,6,121,1,0,-6471.368105689036,656.710750346376,98.12505300214424,0,0,0,0,0,0
51.3749794499962,-6471.26318359375,656.1492919921875,-131.25656127929688,98.05350208220052,0.0,0.0,2.667546272277832,11,2,2,81,35,175,88,30,6,35,2,6,121,1,0,-6471.263194521805,656.149320377268,98.05350208220052,0,0,0,0,0,0
51.54164604999618,-6471.17529296875,655.6937255859375,-131.3280487060547,97.99511815460873,0.0,0.0,2.6998979970812798,11,2,2,81,35,175,88,30,6,35,2,6,121,1,0,-6471.175310083502,655.6937151836489,97.99511815460873,0,0,0,0,0,0
51.74997929999616,-6471.0615234375,655.1179809570312,-131.4205780029297,97.92101626343998,0.0,0.0,2.7261121198534966,11,2,2,81,35,175,88,30,6,35,2,6,121,1,0,-6471.061377985024,655.1180106475574,97.92101626343998,0,0,0,0,0,0
51.99997919999614,-6470.92138671875,654.4234008789062,-131.53536987304688,97.83134055987244,0.0,0.0,2.7271298691630363,11,2,2,81,35,175,88,30,6,35,2,6,121,1,0,-6470.921351552791,654.4233713951203,97.83134055987244,0,0,0,0,0,0
52.20831244999612,-6470.80517578125,653.8473510742188,-131.63308715820312,97.75698592714312,0.0,0.0,2.6990074664354324,11,2,2,81,35,175,88,30,6,35,2,6,121,1,0,-6470.805262505938,653.8473540608239,97.75698592714312,0,0,0,0,0,0
52.37497904999611,-6470.71484375,653.39306640625,-131.711669921875,97.69854158148763,0.0,0.0,2.648288756608963,11,2,2,81,35,175,88,30,6,35,2,6,121,1,0,-6470.715039170027,653.3930428835416,97.69854158148763,0,0,0,0,0,0
52.58331229999609,-6470.5966796875,652.8335571289062,-131.81097412109375,97.62556035813199,0.0,0.0,2.6793397963047028,11,2,2,81,35,175,88,30,6,35,2,6,121,1,0,-6470.596612138169,652.8335809500835,97.62556035813199,0,0,0,0,0,0
52.79164554999607,-6470.45068359375,652.2576904296875,-131.89849853515625,97.54841212665147,0.0,0.0,2.7321044355630875,11,2,2,81,35,175,88,30,6,35,2,6,121,1,0,-6470.4507052208955,652.2576802035946,97.54841212665147,0,0,0,0,0,0
52.99997879999605,-6470.33349609375,651.6971435546875,-131.972900390625,97.47596951258186,0.0,0.0,2.616339735686779,11,2,2,81,35,175,88,30,6,35,2,6,121,1,0,-6470.3333530093805,651.697172200867,97.47596951258186,0,0,0,0,0,0
53.20831204999603,-6470.23583984375,651.1491088867188,-132.047119140625,97.40711891918353,0.0,0.0,2.5796735659241676,11,2,2,81,35,175,88,30,6,35,2,6,121,1,0,-6470.235937103123,651.1490939244146,97.40711891918353,0,0,0,0,0,0
53.45831194999601,-6470.12353515625,650.4957275390625,-132.1388397216797,97.32555235887273,0.0,0.0,2.557450346648693,11,2,2,81,35,175,88,30,6,35,2,6,121,1,0,-6470.123416036556,650.4957235105582,97.32555235887273,0,0,0,0,0,0
53.66664519999599,-6470.03271484375,649.9544067382812,-132.21327209472656,97.25822097053904,0.0,0.0,2.5592679157853127,11,2,2,81,35,175,88,30,6,35,2,6,121,1,0,-6470.032758867579,649.9543942681255,97.25822097053904,0,0,0,0,0,0
53.91664509999597,-6469.92626953125,649.306640625,-132.30264282226562,97.17797981788831,0.0,0.0,2.5379955768585205,11,2,2,81,35,175,88,30,6,35,2,6,121,1,0,-6469.926258548121,649.3066351378997,97.17797981788831,0,0,0,0,0,0
54.04164504999596,-6469.8740234375,648.9837646484375,-132.34866333007812,97.13805226915942,0.0,0.0,2.5370441377162933,11,2,2,81,35,175,88,30,6,35,2,6,121,1,0,-6469.873852479974,648.9837563383288,97.13805226915942,0,0,0,0,0,0
54.24997829999594,-6469.787109375,648.44580078125,-132.42384338378906,97.07166983360555,0.0,0.0,2.534646727144718,11,2,2,81,35,175,88,30,6,35,2,6,121,1,0,-6469.787179663242,648.445784368821,97.07166983360555,0,0,0,0,0,0
54.499978199995915,-6469.68359375,647.8016357421875,-132.5148468017578,96.99225872815376,0.0,0.0,2.527264505624771,11,2,2,81,35,175,88,30,6,35,2,6,121,1,0,-6469.683674580871,647.8016574559529,96.99225872815376,0,0,0,0,0,0
54.74997809999589,-6469.58056640625,647.1577758789062,-132.60643005371094,96.91292687173562,0.0,0.0,2.527741901576519,11,2,2,81,35,175,88,30,6,35,2,6,121,1,0,-6469.580364272883,647.157797519235,96.91292687173562,0,0,0,0,0,0
54.87497804999588,-6469.52734375,646.8367919921875,-132.6516876220703,96.87354624296434,0.0,0.0,2.4873873218894005,11,2,2,81,35,175,88,30,6,35,2,6,121,1,0,-6469.527574566915,646.8367857530648,96.87354624296434,0,0,0,0,0,0
55.08331129999586,-6469.43798828125,646.341796875,-132.6995391845703,96.81294551449967,0.0,0.0,2.1962402388453484,11,2,2,81,35,175,88,30,6,35,2,6,121,1,0,-6469.438168136368,646.3417809657129,96.81294551449967,0,0,0,0,0,0
55.33331119999584,-6469.3359375,645.7915649414062,-132.75392150878906,96.74473221934026,0.0,0.0,2.0929433405399323,11,2,2,81,35,175,88,30,6,35,2,6,121,1,0,-6469.335762916735,645.791592702052,96.74473221934026,0,0,0,0,0,0
55.54164444999582,-6469.25146484375,645.3523559570312,-132.80523681640625,96.68961929416177,0.0,0.0,2.0452894270420074,11,2,2,81,35,175,88,30,6,35,2,6,121,1,0,-6469.251571398462,645.3523679538154,96.68961929416177,0,0,0,0,0,0
55.70831104999581,-6469.1865234375,645.009033203125,-132.83489990234375,96.64678658825369,0.0,0.0,1.9769543781876564,11,2,2,81,35,175,88,30,6,35,2,6,121,1,0,-6469.186318085727,645.0090631928515,96.64678658825369,0,0,0,0,0,0
55.91664429999579,-6469.10693359375,644.592529296875,-132.8835906982422,96.59446188205425,0.0,0.0,1.9308244809508324,11,2,2,81,35,175,88,30,6,35,2,6,121,1,0,-6469.10686334756,644.5925186697872,96.59446188205425,0,0,0,0,0,0
56.12497754999577,-6469.02734375,644.1837158203125,-132.92857360839844,96.5430492572306,0.0,0.0,1.8997428938746452,11,2,2,81,35,175,88,30,6,35,2,6,121,1,0,-6469.0275388207965,644.1836877736993,96.5430492572306,0,0,0,0,0,0
56.33331079999575,-6468.94921875,643.7824096679688,-132.97293090820312,96.49246180611136,0.0,0.0,1.8650652840733528,11,2,2,81,35,175,88,30,6,35,2,6,121,1,0,-6468.949196458839,643.782432246162,96.49246180611136,0,0,0,0,0,0
56.54164404999573,-6468.8720703125,643.3873901367188,-133.0186309814453,96.44259628620588,0.0,0.0,1.843654178082943,11,2,2,81,35,175,88,30,6,35,2,6,121,1,0,-6468.872150038538,643.3873752131678,96.44259628620588,0,0,0,0,0,0
56.74997729999571,-6468.7958984375,642.9962158203125,-133.0633087158203,96.39322806332528,0.0,0.0,1.828913390636444,11,2,2,81,35,175,88,30,6,35,2,6,121,1,0,-6468.795792252275,642.9962291507019,96.39322806332528,0,0,0,0,0,0
56.958310549995694,-6468.7197265625,642.6077270507812,-133.10873413085938,96.3441496706822,0.0,0.0,1.8210666254162788,11,2,2,81,35,175,88,30,6,35,2,6,121,1,0,-6468.719878841196,642.6076991162422,96.3441496706822,0,0,0,0,0,0
57.166643799995676,-6468.64404296875,642.2203979492188,-133.154541015625,96.2952006999024,0.0,0.0,1.8191171810030937,11,2,2,81,35,175,88,30,6,35,2,6,121,1,0,-6468.643987965798,642.2203875389804,96.2952006999024,0,0,0,0,0,0
57.37497704999566,-6468.56787109375,641.8329467773438,-133.20086669921875,96.2461981555764,0.0,0.0,1.8235448747873306,11,2,2,81,35,175,88,30,6,35,2,6,121,1,0,-6468.567880866673,641.8329355731244,96.2461981555764,0,0,0,0,0,0
57.58331029999564,-6468.4912109375,641.4441528320312,-133.24803161621094,96.19697645613597,0.0,0.0,1.8343746662139893,11,2,2,81,35,175,88,30,6,35,2,6,121,1,0,-6468.491294249358,641.444134564656,96.19697645613597,0,0,0,0,0,0
57.74997689999562,-6468.4296875,641.1312255859375,-133.28636169433594,96.15735682443803,0.0,0.0,1.8453402444720268,11,2,2,81,35,175,88,30,6,35,2,6,121,1,0,-6468.429553787119,641.1312018556208,96.15735682443803,0,0,0,0,0,0
57.958310149995604,-6468.3515625,640.7369995117188,-133.33529663085938,96.1073829342594,0.0,0.0,1.8657198175787926,11,2,2,81,35,175,88,30,6,35,2,6,121,1,0,-6468.351481627509,640.7369924125131,96.1073829342594,0,0,0,0,0,0
58.166643399995586,-6468.2724609375,640.3384399414062,-133.38540649414062,96.05683015312395,0.0,0.0,1.8881766125559807,11,2,2,81,35,175,88,30,6,35,2,6,121,1,0,-6468.272257274215,640.338423780294,96.05683015312395,0,0,0,0,0,0
58.24997669999558,-6468.240234375,640.1776123046875,-133.40582275390625,96.03642754929396,0.0,0.0,1.8996253609657288,11,2,2,81,35,175,88,30,6,35,2,6,121,1,0,-6468.240219094262,640.1775825923179,96.03642754929396,0,0,0,0,0,0
58.45830994999556,-6468.1591796875,639.7716064453125,-133.45787048339844,95.98486428046833,0.0,0.0,1.930725947022438,11,2,2,81,35,175,88,30,6,35,2,6,121,1,0,-6468.159131264423,639.7715995295105,95.98486428046833,0,0,0,0,0,0
58.66664319999554,-6468.076171875,639.35791015625,-133.51153564453125,95.93228953461441,0.0,0.0,1.969371736049652,11,2,2,81,35,175,88,30,6,35,2,6,121,1,0,-6468.076290754859,639.3579220946588,95.93228953461441,0,0,0,0,0,0
58.87497644999552,-6467.99169921875,638.9364624023438,-133.56695556640625,95.87870691650801,0.0,0.0,2.0081419497728348,11,2,2,81,35,175,88,30,6,35,2,6,121,1,0,-6467.991655547634,638.9364673563139,95.87870691650801,0,0,0,0,0,0
59.04164304999551,-6467.92236328125,638.59326171875,-133.6127471923828,95.83504129598694,0.0,0.0,2.043238654732704,11,2,2,81,35,175,88,30,6,35,2,6,121,1,0,-6467.922553153261,638.5932457783841,95.83504129598694,0,0,0,0,0,0
59.24997629999549,-6467.833984375,638.1557006835938,-133.671875,95.77934857507537,0.0,0.0,2.089996449649334,11,2,2,81,35,175,88,30,6,35,2,6,121,1,0,-6467.834186479358,638.155694032235,95.77934857507537,0,0,0,0,0,0
59.499976199995466,-6467.72509765625,637.6171875,-133.74581909179688,95.71075616279519,0.0,0.0,2.1558109670877457,11,2,2,81,35,175,88,30,6,35,2,6,121,1,0,-6467.725154711921,637.6171739142162,95.71075616279519,0,0,0,0,0,0
59.70830944999545,-6467.63134765625,637.1553955078125,-133.8102264404297,95.65189678852292,0.0,0.0,2.2129956632852554,11,2,2,81,35,175,88,30,6,35,2,6,121,1,0,-6467.631430402501,637.1553925016264,95.65189678852292,0,0,0,0,0,0
59.87497604999543,-6467.5546875,636.77734375,-133.86370849609375,95.60370306788842,0.0,0.0,2.2596988826990128,11,2,2,81,35,175,88,30,6,35,2,6,121,1,0,-6467.554649367627,636.7773505820813,95.60370306788842,0,0,0,0,0,0
60.12497594999541,-6467.4345703125,636.1911010742188,-133.94810485839844,95.52879270116735,0.0,0.0,2.410374768078327,11,2,2,81,35,175,88,30,6,35,2,6,121,1,0,-6467.4347452493475,636.1910712400635,95.52879270116735,0,0,0,0,0,0
60.37497584999539,-6467.20458984375,635.5036010742188,-134.10768127441406,95.43019465420655,0.0,0.0,2.7347637340426445,11,2,2,81,35,175,88,30,6,35,2,6,121,1,0,-6467.204827024476,635.5035941742472,95.43019465420655,0,0,0,0,0,0
60.624975749995365,-6466.9833984375,634.825439453125,-134.2761993408203,95.33215829123797,0.0,0.0,2.8862927109003067,11,2,2,81,35,175,88,30,6,35,2,6,121,1,0,-6466.983432566704,634.8254489987468,95.33215829123797,0,0,0,0,0,0
60.70830904999536,-6466.9130859375,634.5848999023438,-134.2989959716797,95.29931190748303,0.0,0.0,2.9561080038547516,11,2,2,81,35,175,88,30,6,35,2,6,121,1,0,-6466.912889525063,634.5849151731435,95.29931190748303,0,0,0,0,0,0
60.91664229999534,-6466.728515625,633.9745483398438,-134.38458251953125,95.21498338538807,0.0,0.0,2.974110469222069,11,2,2,81,35,175,88,30,6,35,2,6,121,1,0,-6466.728544246909,633.9745415401575,95.21498338538807,0,0,0,0,0,0
61.12497554999532,-6466.53857421875,633.354248046875,-134.50502014160156,95.12832911009106,0.0,0.0,3.0727410688996315,11,2,2,81,35,175,88,30,6,35,2,6,121,1,0,-6466.538530607454,633.3542330497489,95.12832911009106,0,0,0,0,0,0
61.20830884999531,-6466.46142578125,633.099853515625,-134.54681396484375,95.09309336666819,0.0,0.0,3.1156014651060104,11,2,2,81,35,175,88,30,6,35,2,6,121,1,0,-6466.461625873762,633.0998476428962,95.09309336666819,0,0,0,0,0,0
61.41664209999529,-6466.2666015625,632.4524536132812,-134.6531982421875,95.00353726875754,0.0,0.0,3.181302174925804,11,2,2,81,35,175,88,30,6,35,2,6,121,1,0,-6466.266677935177,632.4524815859722,95.00353726875754,0,0,0,0,0,0
61.54164204999528,-6466.1787109375,632.3328247070312,-134.67550659179688,94.98729584776007,0.0,0.0,0.5442291498184204,11,2,2,81,35,175,88,30,6,35,2,6,121,1,0,-6466.178775638117,632.3328478355922,94.98729584776007,0,0,0,0,0,0
61.74997529999526,-6466.07568359375,632.2725830078125,-134.72348022460938,94.9768860668547,0.0,0.0,0.5633937660604715,11,2,2,81,35,175,88,30,6,35,2,6,121,1,0,-6466.075747811871,632.2725538688716,94.9768860668547,0,0,0,0,0,0
61.958308549995245,-6465.97119140625,632.2260131835938,-134.74110412597656,94.96521807240417,0.0,0.0,0.5318957380950451,11,2,2,81,35,175,88,30,6,35,2,6,121,1,0,-6465.971217336745,632.2259998001217,94.96521807240417,0,0,0,0,0,0
62.166641799995226,-6465.86865234375,632.1937866210938,-134.75294494628906,94.95328076999188,0.0,0.0,0.5109216552227736,11,2,2,81,35,175,88,30,6,35,2,6,121,1,0,-6465.8684630558,632.1938095606674,94.95328076999188,0,0,0,0,0,0
62.33330839999521,-6465.78564453125,632.1766967773438,-134.7670135498047,94.94360360851434,0.0,0.0,0.5090958904474974,11,2,2,81,35,175,88,30,6,35,2,6,121,1,0,-6465.785701490604,632.1767268785268,94.94360360851434,0,0,0,0,0,0
62.37497504999521,-6465.76513671875,632.1729736328125,-134.769287109375,94.94117316629868,0.0,0.0,0.508591253310442,11,2,2,81,35,175,88,30,6,35,2,6,121,1,0,-6465.764953848134,632.1729694876624,94.94117316629868,0,0,0,0,0,0
62.58330829999519,-6465.66064453125,632.156494140625,-134.77676391601562,94.92899376996652,0.0,0.0,0.508204149082303,11,2,2,81,35,175,88,30,6,35,2,6,121,1,0,-6465.660700187324,632.1564691656205,94.92899376996652,0,0,0,0,0,0
62.79164154999517,-6465.55615234375,632.1444091796875,-134.78575134277344,94.91677059638577,0.0,0.0,0.5076023284345865,11,2,2,81,35,175,88,30,6,35,2,6,121,1,0,-6465.556118488431,632.1444242083993,94.91677059638577,0,0,0,0,0,0
62.87497484999516,-6465.51416015625,632.1404418945312,-134.7891387939453,94.91188009947186,0.0,0.0,0.5072613246738911,11,2,2,81,35,175,88,30,6,35,2,6,121,1,0,-6465.514232917404,632.1404147722842,94.91188009947186,0,0,0,0,0,0
62.958308149995155,-6465.47216796875,632.1365966796875,-134.79205322265625,94.90698143639011,0.0,0.0,0.5078893154859543,11,2,2,81,35,175,88,30,6,35,2,6,121,1,0,-6465.4723180264555,632.1365991437775,94.90698143639011,0,0,0,0,0,0
63.12497474999514,-6465.38818359375,632.1295776367188,-134.7972869873047,94.89717281230071,0.0,0.0,0.5082140676677227,11,2,2,81,35,175,88,30,6,35,2,6,121,1,0,-6465.388351928851,632.1295853544303,94.89717281230071,0,0,0,0,0,0
63.20830804999513,-6465.34619140625,632.1264038085938,-134.7999725341797,94.89226599774736,0.0,0.0,0.5082373507320881,11,2,2,81,35,175,88,30,6,35,2,6,121,1,0,-6465.346345549322,632.1264056577481,94.89226599774736,0,0,0,0,0,0
63.41664129999511,-6465.2412109375,632.1190795898438,-134.80674743652344,94.879998113374,0.0,0.0,0.508080143481493,11,2,2,81,35,175,88,30,6,35,2,6,121,1,0,-6465.2412293292255,632.1191060573243,94.879998113374,0,0,0,0,0,0
63.5833078999951,-6465.1572265625,632.1137084960938,-134.811767578125,94.87018237755885,0.0,0.0,0.5083555821329355,11,2,2,81,35,175,88,30,6,35,2,6,121,1,0,-6465.15712673918,632.1136971181656,94.87018237755885,0,0,0,0,0,0
63.74997449999508,-6465.0732421875,632.1085815429688,-134.816650390625,94.86037140952712,0.0,0.0,0.5079392343759537,11,2,2,81,35,175,88,30,6,35,2,6,121,1,0,-6465.07303342802,632.1085970555152,94.86037140952712,0,0,0,0,0,0
63.91664109999507,-6464.98876953125,632.1036376953125,-134.82159423828125,94.85055603709232,0.0,0.0,0.5083921365439892,11,2,2,81,35,175,88,30,6,35,2,6,121,1,0,-6464.9889447904925,632.1036628555719,94.85055603709232,0,0,0,0,0,0
64.04164104999506,-6464.92578125,632.1000366210938,-134.8252716064453,94.84319535310922,0.0,0.0,0.508154695853591,11,2,2,81,35,175,88,30,6,35,2,6,121,1,0,-6464.925863890721,632.1000514495128,94.84319535310922,0,0,0,0,0,0
64.20830764999505,-6464.841796875,632.0952758789062,-134.83010864257812,94.83337631019792,0.0,0.0,0.5084677133709192,11,2,2,81,35,175,88,30,6,35,2,6,121,1,0,-6464.841753015268,632.0952476004873,94.83337631019792,0,0,0,0,0,0
64.41664089999503,-6464.73681640625,632.0894165039062,-134.8361358642578,94.82111070410465,0.0,0.0,0.5079274997115135,11,2,2,81,35,175,88,30,6,35,2,6,121,1,0,-6464.736623974694,632.0894027806651,94.82111070410465,0,0,0,0,0,0
64.62497414999501,-6464.63134765625,632.0836791992188,-134.8420867919922,94.80885935353265,0.0,0.0,0.5074636545032263,11,2,2,81,35,175,88,30,6,35,2,6,121,1,0,-6464.631584093321,632.0837041597548,94.80885935353265,0,0,0,0,0,0
64.833307399995,-6464.52685546875,632.0780639648438,-134.8480224609375,94.79661609523282,0.0,0.0,0.5072102881968021,11,2,2,81,35,175,88,30,6,35,2,6,121,1,0,-6464.5266157223205,632.07806339112,94.79661609523282,0,0,0,0,0,0
64.87497404999499,-6464.505859375,632.0769653320312,-134.84921264648438,94.79416879909407,0.0,0.0,0.5070958286523819,11,2,2,81,35,175,88,30,6,35,2,6,121,1,0,-6464.505631652717,632.0769446937884,94.79416879909407,0,0,0,0,0,0
65.08330729999497,-6464.40087890625,632.0712280273438,-134.85523986816406,94.78191514252211,0.0,0.0,0.5077260546386242,11,2,2,81,35,175,88,30,6,35,2,6,121,1,0,-6464.400654909008,632.0712161101469,94.78191514252211,0,0,0,0,0,0
65.29164054999495,-6464.21728515625,632.062744140625,-134.87246704101562,94.7590772401866,0.0,0.0,1.3917183503508568,11,2,2,81,35,175,88,30,6,35,2,6,121,1,0,-6464.21725891888,632.0627380602102,94.7590772401866,0,0,0,0,0,0
65.41664049999494,-6464.03369140625,632.0653076171875,-134.934326171875,94.73918158250898,0.0,0.0,1.270731631666422,11,2,2,81,35,175,88,30,6,35,2,6,121,1,0,-6464.033766274976,632.0652905093378,94.73918158250898,0,0,0,0,0,0
65.58330709999493,-6463.873046875,632.0668334960938,-134.97998046875,94.72182617107943,0.0,0.0,0.7336548063904047,11,2,2,81,35,175,88,30,6,35,2,6,121,1,0,-6463.873188481,632.0668436089604,94.72182617107943,0,0,0,0,0,0
65.70830704999491,-6463.80517578125,632.0577392578125,-134.96853637695312,94.71383118700422,0.0,0.0,0.43637510389089584,11,2,2,81,35,175,88,30,6,35,2,6,121,1,0,-6463.805056243983,632.0577484812903,94.71383118700422,0,0,0,0,0,0
65.8749736499949,-6463.73681640625,632.0496215820312,-134.96707153320312,94.70551402586908,0.0,0.0,0.4247085191309452,11,2,2,81,35,175,88,30,6,35,2,6,121,1,0,-6463.736620657283,632.0496352370478,94.70551402586908,0,0,0,0,0,0
66.04164024999488,-6463.66357421875,632.0467529296875,-134.98362731933594,94.69679592127737,0.0,0.0,0.4660435952246189,11,2,2,81,35,175,88,30,6,35,2,6,121,1,0,-6463.663720979637,632.0467286790848,94.69679592127737,0,0,0,0,0,0
66.20830684999487,-6463.5869140625,632.0413818359375,-134.9867401123047,94.68772267353049,0.0,0.0,0.4740771371871233,11,2,2,81,35,175,88,30,6,35,2,6,121,1,0,-6463.586724541223,632.0414055893385,94.68772267353049,0,0,0,0,0,0
66.41664009999485,-6463.48828125,632.0345458984375,-134.9885711669922,94.67620089757592,0.0,0.0,0.4822972696274519,11,2,2,81,35,175,88,30,6,35,2,6,121,1,0,-6463.488262641721,632.0345526044705,94.67620089757592,0,0,0,0,0,0
66.54164004999484,-6463.4287109375,632.0313720703125,-134.99365234375,94.66921308042268,0.0,0.0,0.48533016815781593,11,2,2,81,35,175,88,30,6,35,2,6,121,1,0,-6463.428510919171,632.0313567343227,94.66921308042268,0,0,0,0,0,0
66.74997329999482,-6463.32861328125,632.0257568359375,-134.9992218017578,94.65753076921693,0.0,0.0,0.4863702692091465,11,2,2,81,35,175,88,30,6,35,2,6,121,1,0,-6463.328475320233,632.0257293580054,94.65753076921693,0,0,0,0,0,0
66.9583065499948,-6463.22802734375,632.02001953125,-135.00338745117188,94.64582410337704,0.0,0.0,0.4877834115177393,11,2,2,81,35,175,88,30,6,35,2,6,121,1,0,-6463.228121848573,632.0200349729047,94.64582410337704,0,0,0,0,0,0
67.08330649999479,-6463.16796875,632.0167846679688,-135.0067901611328,94.6388032055544,0.0,0.0,0.48758722841739655,11,2,2,81,35,175,88,30,6,35,2,6,121,1,0,-6463.167772327432,632.0168086292242,94.6388032055544,0,0,0,0,0,0
67.24997309999478,-6463.0869140625,632.0123291015625,-135.01112365722656,94.62939950870862,0.0,0.0,0.4900895990431309,11,2,2,81,35,175,88,30,6,35,2,6,121,1,0,-6463.087151416903,632.0123320465669,94.62939950870862,0,0,0,0,0,0
67.37497304999476,-6463.0263671875,632.0089111328125,-135.01402282714844,94.62233331197766,0.0,0.0,0.4902780521661043,11,2,2,81,35,175,88,30,6,35,2,6,121,1,0,-6463.026563574388,632.0089369762272,94.62233331197766,0,0,0,0,0,0
67.58330629999475,-6462.92529296875,632.0032958984375,-135.01913452148438,94.61053096207111,0.0,0.0,0.49169156700372696,11,2,2,81,35,175,88,30,6,35,2,6,121,1,0,-6462.925443329532,632.0032768024503,94.61053096207111,0,0,0,0,0,0
67.79163954999473,-6462.82421875,631.9976806640625,-135.02438354492188,94.598706277589,0.0,0.0,0.4921811632812023,11,2,2,81,35,175,88,30,6,35,2,6,121,1,0,-6462.8240889829085,631.9976833522988,94.598706277589,0,0,0,0,0,0
67.99997279999471,-6462.72265625,631.9921264648438,-135.02944946289062,94.58686571379367,0.0,0.0,0.49284244887530804,11,2,2,81,35,175,88,30,6,35,2,6,121,1,0,-6462.722646897646,631.9921315837391,94.58686571379367,0,0,0,0,0,0
68.1666393999947,-6462.6416015625,631.9877319335938,-135.03353881835938,94.57738857803308,0.0,0.0,0.49298261292278767,11,2,2,81,35,175,88,30,6,35,2,6,121,1,0,-6462.641407118538,631.9877533326295,94.57738857803308,0,0,0,0,0,0
68.20830604999469,-6462.62109375,631.9866333007812,-135.03456115722656,94.57501772325409,0.0,0.0,0.4931514151394367,11,2,2,81,35,175,88,30,6,35,2,6,121,1,0,-6462.621087962217,631.9866584130159,94.57501772325409,0,0,0,0,0,0
68.41663929999467,-6462.51953125,631.9810791015625,-135.03977966308594,94.56314137231732,0.0,0.0,0.49455552361905575,11,2,2,81,35,175,88,30,6,35,2,6,121,1,0,-6462.5193190382915,631.9810787130074,94.56314137231732,0,0,0,0,0,0
68.62497254999465,-6462.41748046875,631.9755249023438,-135.04493713378906,94.5512543058736,0.0,0.0,0.4948163405060768,11,2,2,81,35,175,88,30,6,35,2,6,121,1,0,-6462.41739906806,631.9755394090481,94.5512543058736,0,0,0,0,0,0
68.83330579999463,-6462.3154296875,631.9699096679688,-135.05015563964844,94.53934017021297,0.0,0.0,0.49639795906841755,11,2,2,81,35,175,88,30,6,35,2,6,121,1,0,-6462.315300101116,631.969924072016,94.53934017021297,0,0,0,0,0,0
69.04163904999461,-6462.212890625,631.96435546875,-135.05540466308594,94.52740999734179,0.0,0.0,0.496628787368536,11,2,2,81,35,175,88,30,6,35,2,6,121,1,0,-6462.213009106561,631.964334610836,94.52740999734179,0,0,0,0,0,0
69.2083056499946,-6462.13134765625,631.9598388671875,-135.0595703125,94.51785729170236,0.0,0.0,0.4973798990249634,11,2,2,81,35,175,88,30,6,35,2,6,121,1,0,-6462.131106475312,631.9598674700053,94.51785729170236,0,0,0,0,0,0
69.41663889999458,-6462.0283203125,631.9542846679688,-135.06484985351562,94.50589534960828,0.0,0.0,0.4980808589607477,11,2,2,81,35,175,88,30,6,35,2,6,121,1,0,-6462.0285519835,631.9542586838932,94.50589534960828,0,0,0,0,0,0
69.54163884999457,-6461.966796875,631.950927734375,-135.0679931640625,94.49871506537922,0.0,0.0,0.4982241429388523,11,2,2,81,35,175,88,30,6,35,2,6,121,1,0,-6461.966970239581,631.9509196067935,94.49871506537922,0,0,0,0,0,0
69.70830544999455,-6461.884765625,631.9464111328125,-135.0722198486328,94.48912312024669,0.0,0.0,0.4995108116418123,11,2,2,81,35,175,88,30,6,35,2,6,121,1,0,-6461.884760630563,631.946397099853,94.48912312024669,0,0,0,0,0,0
69.87497204999454,-6461.80224609375,631.94189453125,-135.07647705078125,94.47952044351486,0.0,0.0,0.49973144195973873,11,2,2,81,35,175,88,30,6,35,2,6,121,1,0,-6461.802422593865,631.9418970372874,94.47952044351486,0,0,0,0,0,0
70.08330529999452,-6461.69921875,631.9362182617188,-135.08180236816406,94.46750037904852,0.0,0.0,0.5005968734622002,11,2,2,81,35,175,88,30,6,35,2,6,121,1,0,-6461.699367163213,631.9362452267453,94.46750037904852,0,0,0,0,0,0
70.2499718999945,-6461.61669921875,631.9317626953125,-135.08604431152344,94.45787995841506,0.0,0.0,0.5008095875382423,11,2,2,81,35,175,88,30,6,35,2,6,121,1,0,-6461.616853100748,631.9317755874755,94.45787995841506,0,0,0,0,0,0
70.41663849999449,-6461.5341796875,631.92724609375,-135.09030151367188,94.44825569247307,0.0,0.0,0.501689687371254,11,2,2,81,35,175,88,30,6,35,2,6,121,1,0,-6461.534201235938,631.92724530111,94.44825569247307,0,0,0,0,0,0
70.58330509999448,-6461.45166015625,631.9226684570312,-135.0946502685547,94.43860847966349,0.0,0.0,0.5026163533329964,11,2,2,81,35,175,88,30,6,35,2,6,121,1,0,-6461.451421815221,631.9226531964243,94.43860847966349,0,0,0,0,0,0
70.70830504999446,-6461.38916015625,631.9192504882812,-135.09786987304688,94.43136808666426,0.0,0.0,0.5026121158152819,11,2,2,81,35,175,88,30,6,35,2,6,121,1,0,-6461.389290643909,631.9192559673385,94.43136808666426,0,0,0,0,0,0
70.91663829999445,-6461.28564453125,631.91357421875,-135.1032257080078,94.41928950120202,0.0,0.0,0.5035332404077053,11,2,2,81,35,175,88,30,6,35,2,6,121,1,0,-6461.285700772164,631.9135955798541,94.41928950120202,0,0,0,0,0,0
70.95830494999444,-6461.26513671875,631.9124755859375,-135.10430908203125,94.41687082972264,0.0,0.0,0.5035996437072754,11,2,2,81,35,175,88,30,6,35,2,6,121,1,0,-6461.264956635844,631.9124580041381,94.41687082972264,0,0,0,0,0,0
70.99997159999444,-6461.244140625,631.9113159179688,-135.1053924560547,94.41445302089886,0.0,0.0,0.5036115646362305,11,2,2,81,35,175,88,30,6,35,2,6,121,1,0,-6461.244213496245,631.9113360726466,94.41445302089886,0,0,0,0,0,0
71.08330489999443,-6461.20263671875,631.9089965820312,-135.10757446289062,94.40960707799464,0.0,0.0,0.5045326426625252,11,2,2,81,35,175,88,30,6,35,2,6,121,1,0,-6461.202691796716,631.9090233737694,94.40960707799464,0,0,0,0,0,0
71.24997149999442,-6461.11962890625,631.9043579101562,-135.11199951171875,94.39990014788741,0.0,0.0,0.5052718333899975,11,2,2,81,35,175,88,30,6,35,2,6,121,1,0,-6461.1194894612145,631.9043783737798,94.39990014788741,0,0,0,0,0,0
71.4583047499944,-6461.015625,631.898681640625,-135.11741638183594,94.38776426568027,0.0,0.0,0.5053922533988953,11,2,2,81,35,175,88,30,6,35,2,6,121,1,0,-6461.015399905462,631.8986684956121,94.38776426568027,0,0,0,0,0,0
71.54163804999439,-6460.9736328125,631.8964233398438,-135.1195831298828,94.38290889244807,0.0,0.0,0.505618192255497,11,2,2,81,35,175,88,30,6,35,2,6,121,1,0,-6460.973744976643,631.8964043753988,94.38290889244807,0,0,0,0,0,0
71.79163794999437,-6460.8486328125,631.8895874023438,-135.12612915039062,94.36832543132957,0.0,0.0,0.5063619930297136,11,2,2,81,35,175,88,30,6,35,2,6,121,1,0,-6460.848657811617,631.8896032279785,94.36832543132957,0,0,0,0,0,0
71.99997119999435,-6460.744140625,631.8839721679688,-135.13156127929688,94.35616238151816,0.0,0.0,0.506727397441864,11,2,2,81,35,175,88,30,6,35,2,6,121,1,0,-6460.74431292769,631.8839576884857,94.35616238151816,0,0,0,0,0,0
72.20830444999433,-6460.6396484375,631.878173828125,-135.13706970214844,94.34398172850975,0.0,0.0,0.508185988292098,11,2,2,81,35,175,88,30,6,35,2,6,121,1,0,-6460.639863822338,631.8781916772151,94.34398172850975,0,0,0,0,0,0
72.37497104999431,-6460.55615234375,631.8734741210938,-135.14157104492188,94.33422730760161,0.0,0.0,0.5084115546196699,11,2,2,81,35,175,88,30,6,35,2,6,121,1,0,-6460.556096001831,631.873484890367,94.33422730760161,0,0,0,0,0,0
72.5833042999943,-6460.451171875,631.86767578125,-135.14712524414062,94.32200911622498,0.0,0.0,0.5094296298921108,11,2,2,81,35,175,88,30,6,35,2,6,121,1,0,-6460.45125770259,631.8676802614108,94.32200911622498,0,0,0,0,0,0
72.79163754999428,-6460.34619140625,631.8619384765625,-135.15264892578125,94.30977960744175,0.0,0.0,0.5097837653011084,11,2,2,81,35,175,88,30,6,35,2,6,121,1,0,-6460.346318177006,631.8619598404562,94.30977960744175,0,0,0,0,0,0
72.99997079999426,-6460.2412109375,631.856201171875,-135.1582489013672,94.29752904986297,0.0,0.0,0.510232662782073,11,2,2,81,35,175,88,30,6,35,2,6,121,1,0,-6460.2412203705935,631.8562180329303,94.29752904986297,0,0,0,0,0,0
73.16663739999424,-6460.1572265625,631.8517456054688,-135.16262817382812,94.28773473299275,0.0,0.0,0.510098971426487,11,2,2,81,35,175,88,30,6,35,2,6,121,1,0,-6460.157151404284,631.8517247750132,94.28773473299275,0,0,0,0,0,0
73.20830404999424,-6460.13623046875,631.8506469726562,-135.16371154785156,94.28529102315629,0.0,0.0,0.5095184780657291,11,2,2,81,35,175,88,30,6,35,2,6,121,1,0,-6460.136141887868,631.8506420964993,94.28529102315629,0,0,0,0,0,0
73.41663729999422,-6460.03076171875,631.8448486328125,-135.1693115234375,94.27301972153867,0.0,0.0,0.5127043463289738,11,2,2,81,35,175,88,30,6,35,2,6,121,1,0,-6460.030971089065,631.8448659936266,94.27301972153867,0,0,0,0,0,0
73.6666371999942,-6459.904296875,631.8378295898438,-135.17617797851562,94.25824794834814,0.0,0.0,0.5129346624016762,11,2,2,81,35,175,88,30,6,35,2,6,121,1,0,-6459.904308549598,631.8378332393625,94.25824794834814,0,0,0,0,0,0
73.87497044999418,-6459.798828125,631.8320922851562,-135.18177795410156,94.24593696631582,0.0,0.0,0.5129893776029348,11,2,2,81,35,175,88,30,6,35,2,6,121,1,0,-6459.798662076118,631.8320694603133,94.24593696631582,0,0,0,0,0,0
74.04163704999416,-6459.7138671875,631.8274536132812,-135.186279296875,94.23608046440377,0.0,0.0,0.5134272389113903,11,2,2,81,35,175,88,30,6,35,2,6,121,1,0,-6459.714087491827,631.8274768935212,94.23608046440377,0,0,0,0,0,0
74.20830364999415,-6459.62939453125,631.8229370117188,-135.19078063964844,94.22622183983428,0.0,0.0,0.5135879851877689,11,2,2,81,35,175,88,30,6,35,2,6,121,1,0,-6459.629476086431,631.8229299155204,94.22622183983428,0,0,0,0,0,0
74.41663689999413,-6459.5234375,631.8171997070312,-135.19642639160156,94.21388540152725,0.0,0.0,0.514175184071064,11,2,2,81,35,175,88,30,6,35,2,6,121,1,0,-6459.523620673768,631.8172062582361,94.21388540152725,0,0,0,0,0,0
74.62497014999411,-6459.41748046875,631.8115234375,-135.20205688476562,94.20154624944577,0.0,0.0,0.5141356959939003,11,2,2,81,35,175,88,30,6,35,2,6,121,1,0,-6459.417708814003,631.8115312123668,94.20154624944577,0,0,0,0,0,0
74.7916367499941,-6459.3330078125,631.8069458007812,-135.2066192626953,94.19165052669544,0.0,0.0,0.5157247185707092,11,2,2,81,35,175,88,30,6,35,2,6,121,1,0,-6459.332837988741,631.8069589614329,94.19165052669544,0,0,0,0,0,0
74.87497004999409,-6459.29052734375,631.8046875,-135.2089080810547,94.18669935838908,0.0,0.0,0.5157456267625093,11,2,2,81,35,175,88,30,6,35,2,6,121,1,0,-6459.290358908035,631.8046570823333,94.18669935838908,0,0,0,0,0,0
75.04163664999408,-6459.20556640625,631.8001098632812,-135.2134552001953,94.176799627355,0.0,0.0,0.5156514700502157,11,2,2,81,35,175,88,30,6,35,2,6,121,1,0,-6459.205400898143,631.8000802784221,94.176799627355,0,0,0,0,0,0
75.20830324999406,-6459.12060546875,631.7954711914062,-135.21800231933594,94.16689432917643,0.0,0.0,0.5160840693861246,11,2,2,81,35,175,88,30,6,35,2,6,121,1,0,-6459.120397682969,631.7954894114278,94.16689432917643,0,0,0,0,0,0
75.37496984999405,-6459.03515625,631.7908935546875,-135.2225799560547,94.15698500631659,0.0,0.0,0.5162848625332117,11,2,2,81,35,175,88,30,6,35,2,6,121,1,0,-6459.035348935224,631.7909118114186,94.15698500631659,0,0,0,0,0,0
75.58330309999403,-6458.92919921875,631.78515625,-135.22830200195312,94.14458887705854,0.0,0.0,0.5168615374714136,11,2,2,81,35,175,88,30,6,35,2,6,121,1,0,-6458.928970751187,631.7851670786794,94.14458887705854,0,0,0,0,0,0
75.70830304999402,-6458.865234375,631.7816772460938,-135.23175048828125,94.1371443101638,0.0,0.0,0.5172321107238531,11,2,2,81,35,175,88,30,6,35,2,6,121,1,0,-6458.865090126895,631.7817034150207,94.1371443101638,0,0,0,0,0,0
75.916636299994,-6458.75830078125,631.7758178710938,-135.23757934570312,94.12471467110193,0.0,0.0,0.5181889981031418,11,2,2,81,35,175,88,30,6,35,2,6,121,1,0,-6458.758469961749,631.775841912434,94.12471467110193,0,0,0,0,0,0
76.12496954999398,-6458.65185546875,631.77001953125,-135.2433624267578,94.1122810220765,0.0,0.0,0.5181231070309877,11,2,2,81,35,175,88,30,6,35,2,6,121,1,0,-6458.651752491464,631.7700415023073,94.1122810220765,0,0,0,0,0,0
76.33330279999396,-6458.544921875,631.7642822265625,-135.24911499023438,94.09984895958138,0.0,0.0,0.5183350760489702,11,2,2,81,35,175,88,30,6,35,2,6,121,1,0,-6458.545021009122,631.7643007259161,94.09984895958138,0,0,0,0,0,0
76.54163604999394,-6458.43798828125,631.7586059570312,-135.25489807128906,94.08740728695467,0.0,0.0,0.5189816001802683,11,2,2,81,35,175,88,30,6,35,2,6,121,1,0,-6458.438226641941,631.7585757480908,94.08740728695467,0,0,0,0,0,0
76.74996929999392,-6458.33154296875,631.7528076171875,-135.2607421875,94.0749467145436,0.0,0.0,0.5196269601583481,11,2,2,81,35,175,88,30,6,35,2,6,121,1,0,-6458.331300220452,631.7527793762084,94.0749467145436,0,0,0,0,0,0
76.9583025499939,-6458.22412109375,631.7470092773438,-135.26657104492188,94.06248016115124,0.0,0.0,0.5197076126933098,11,2,2,81,35,175,88,30,6,35,2,6,121,1,0,-6458.224292955495,631.7469885345197,94.06248016115124,0,0,0,0,0,0
77.16663579999388,-6458.1171875,631.7412109375,-135.27239990234375,94.05001217782022,0.0,0.0,0.5198823753744364,11,2,2,81,35,175,88,30,6,35,2,6,121,1,0,-6458.117254122633,631.7412307832693,94.05001217782022,0,0,0,0,0,0
77.37496904999387,-6458.01025390625,631.7354736328125,-135.27822875976562,94.03753974903627,0.0,0.0,0.5200619343668222,11,2,2,81,35,175,88,30,6,35,2,6,121,1,0,-6458.010170774064,631.7354804232133,94.03753974903627,0,0,0,0,0,0
77.58330229999385,-6457.9033203125,631.729736328125,-135.28404235839844,94.02507019426079,0.0,0.0,0.5198332481086254,11,2,2,81,35,175,88,30,6,35,2,6,121,1,0,-6457.903082158901,631.7297609491634,94.02507019426079,0,0,0,0,0,0
77.83330219999382,-6457.67333984375,631.9869384765625,-135.26458740234375,93.98746963681987,1.0,0.0,8.518581092357635,11,2,2,81,35,175,88,30,6,35,2,6,121,1,0,-6457.673201800107,631.9869600419258,93.98746963681987,0,0,0,0,0,0
78.0416354499938,-6454.80078125,644.3829956054688,-132.95384216308594,93.05863171178615,0.0,0.0,90.96252918243408,11,2,2,81,35,175,88,30,6,35,2,6,121,1,0,-6454.800798340311,644.3829863191029,93.05863171178615,0,0,0,0,0,0
78.20830204999379,-6452.99560546875,656.7066650390625,-131.7466583251953,92.65231510994468,0.0,0.0,73.30713272094727,11,2,2,81,35,175,88,30,6,35,2,6,121,1,0,-6452.995395492074,656.7066915351218,92.65231510994468,0,0,0,0,0,0
78.45830194999377,-6452.8232421875,677.4642944335938,-129.51449584960938,92.50052959193306,1.0,0.0,131.81482553482056,11,2,2,81,35,175,88,30,6,35,2,6,121,1,0,-6452.823480019833,677.4642990192225,92.50052959193306,0,0,0,0,0,0
78.66663519999375,-6454.54443359375,717.6512451171875,-123.54428100585938,92.57169711271145,1.0,0.0,249.34484958648682,11,2,2,81,35,175,88,30,6,35,2,6,121,1,0,-6454.544354008443,717.6512543858533,92.57169711271145,0,0,0,0,0,0
78.91663509999373,-6459.7412109375,793.0625,-111.9610824584961,93.2839920877613,1.0,1.0,343.39396953582764,10,2,2,81,35,175,88,30,6,35,2,6,121,1,0,-6459.740980839032,793.0624961778598,93.2839920877613,0,0,0,0,0,0
79.04163504999372,-6464.224609375,838.9439697265625,-103.42447662353516,93.87606861124966,1.0,1.0,381.19003772735596,10,2,2,81,35,177,90,30,6,35,2,6,122,1,0,-6464.22440158351,838.9439931606498,93.87606861124966,0,0,0,0,0,0
79.29163494999369,-6484.69189453125,942.2102661132812,-80.41764068603516,97.01989489798744,1.0,1.0,442.0478820800781,10,2,2,81,35,177,90,30,6,35,2,6,123,1,0,-6484.691667179676,942.2102453908356,97.01989489798744,0,0,0,0,0,0
79.49996819999367,-6521.892578125,1030.8917236328125,-63.72078323364258,102.4521645684485,1.0,1.0,477.72679328918457,9,2,2,81,35,177,90,30,6,35,2,6,123,1,0,-6521.89248718361,1030.8917310755855,102.4521645684485,0,0,0,0,0,0
79.66663479999366,-6564.8671875,1100.54931640625,-58.48085021972656,107.70212680665492,1.0,1.0,522.39089012146,9,2,2,81,35,179,92,30,6,35,2,6,124,1,0,-6564.867347163283,1100.5493092933957,107.70212680665492,0,0,0,0,0,0
79.83330139999364,-6612.9541015625,1175.6842041015625,-58.01292419433594,111.61610789409448,1.0,1.0,573.566198348999,10,2,2,81,35,181,94,30,6,35,2,6,125,1,0,-6612.953919839381,1175.6841494853038,111.61610789409448,0,0,0,0,0,0
79.91663469999364,-6638.56982421875,1216.3704833984375,-55.943443298339844,113.29731130201758,1.0,1.0,589.5657539367676,9,2,2,81,35,181,94,30,6,35,2,6,125,1,0,-6638.570061985075,1216.3704894171362,113.29731130201758,0,0,0,0,0,0
80.12496794999362,-6707.1044921875,1324.7247314453125,-37.064453125,117.27505706857634,1.0,1.0,622.4698066711426,8,2,2,81,35,183,95,30,6,35,2,6,126,1,0,-6707.104309727481,1324.7246957695866,117.27505706857634,0,0,0,0,0,0
80.3333011999936,-6784.7900390625,1433.9617919921875,-16.7397403717041,120.87194272611622,1.0,1.0,652.5362968444824,8,2,2,81,35,185,96,30,6,35,2,6,127,1,0,-6784.790264721361,1433.961821176806,120.87194272611622,0,0,0,0,0,0
80.54163444999358,-6872.19873046875,1539.871337890625,-7.9309563636779785,125.0129578048074,1.0,1.0,656.0216903686523,7,2,2,81,35,186,96,30,6,35,2,6,128,1,0,-6872.198658039825,1539.8713157959073,125.0129578048074,0,0,0,0,0,0
80.70830104999357,-6953.42529296875,1615.2523193359375,-9.207040786743164,129.613352112962,1.0,1.0,664.2642021179199,8,2,2,83,36,188,97,30,6,36,2,6,129,1,0,-6953.425500653285,1615.2523594514416,129.613352112962,0,0,0,0,0,0
80.87496764999355,-7041.4453125,1663.5753173828125,-2.920870542526245,135.33192905751736,1.0,1.0,571.5219497680664,8,2,2,83,36,190,97,30,6,36,2,6,130,1,0,-7041.445188597119,1663.5753004588005,135.33192905751736,0,0,0,0,0,0
81.04163424999354,-7121.15185546875,1700.3411865234375,15.113221168518066,138.91829236745542,1.0,1.0,538.9300346374512,8,2,2,83,36,192,97,30,6,36,2,6,131,1,0,-7121.152022436475,1700.3412248754116,138.91829236745542,0,0,0,0,0,0
81.20830084999352,-7192.02490234375,1746.7677001953125,28.825664520263672,138.70096577941524,1.0,1.0,558.5161209106445,8,2,2,83,36,192,97,30,6,36,2,6,131,1,0,-7192.024963349043,1746.767674347806,138.70096577941524,0,0,0,0,0,0
81.3749674499935,-7264.82666015625,1800.30517578125,32.021514892578125,138.00018702178855,1.0,1.0,577.5217056274414,8,2,2,83,36,194,97,30,6,36,2,6,132,1,0,-7264.826827130456,1800.30522660646,138.00018702178855,0,0,0,0,0,0
81.54163404999349,-7341.87353515625,1858.982177734375,24.851167678833008,137.39493435272553,1.0,1.0,587.6677513122559,8,2,2,83,36,196,97,30,6,36,2,6,133,1,0,-7341.873403906902,1858.9821575903904,137.39493435272553,0,0,0,0,0,0
81.74996729999347,-7439.4638671875,1936.334716796875,-6.486400604248047,141.25872062994412,1.0,1.0,568.0235385894775,8,2,2,83,36,198,97,30,6,36,2,6,134,1,0,-7439.4638047782355,1936.3346583252967,141.25872062994412,0,0,0,0,0,0
81.95830054999345,-7548.95556640625,2002.9564208984375,-32.413795471191406,144.9195919601768,1.0,1.0,611.578369140625,8,2,2,83,36,200,97,30,6,36,2,6,135,1,0,-7548.955365208414,2002.95640459802,144.9195919601768,0,0,0,0,0,0
82.12496714999344,-7641.3876953125,2063.924072265625,-32.311309814453125,145.7035698772288,1.0,1.0,626.6205310821533,8,2,2,83,36,202,97,30,6,36,2,6,136,1,0,-7641.387773369563,2063.9241426669687,145.7035698772288,0,0,0,0,0,0
82.33330039999342,-7754.685546875,2135.85986328125,-4.405672550201416,146.18326924299362,1.0,1.0,646.0408210754395,8,2,2,83,36,204,99,30,6,36,2,6,137,1,0,-7754.685747723745,2135.85990857661,146.18326924299362,0,0,0,0,0,0
82.41663369999341,-7802.42333984375,2162.60595703125,3.352053642272949,147.29098045597004,1.0,1.0,620.9149837493896,8,2,2,83,36,204,99,30,6,36,2,6,137,1,0,-7802.423103349378,2162.6058499514534,147.29098045597004,0,0,0,0,0,0
82.6249669499934,-7922.671875,2217.35693359375,20.100849151611328,153.1180271035799,1.0,1.0,581.266975402832,8,2,2,83,36,206,101,30,6,36,2,6,139,1,0,-7922.67168516528,2217.356963675058,153.1180271035799,0,0,0,0,0,0
82.83330019999337,-8037.52978515625,2258.227294921875,37.04548645019531,155.82997303391267,1.0,1.0,605.2014827728271,8,2,2,83,36,206,101,30,6,36,2,6,140,1,0,-8037.529579281242,2258.2274100492155,155.82997303391267,0,0,0,0,0,0
83.04163344999336,-8157.115234375,2296.3935546875,36.49397659301758,157.252373882988,1.0,1.0,648.0306148529053,8,2,2,83,36,208,103,32,7,36,2,7,141,1,0,-8157.115131381925,2296.3934373429897,157.252373882988,0,0,0,0,0,0
83.20830004999334,-8224.7900390625,2316.899169921875,46.59004211425781,159.75572048410808,1.0,1.0,359.3601942062378,8,2,2,83,36,208,103,32,7,36,2,7,141,1,0,-8224.78983212151,2316.8992208829222,159.75572048410808,0,0,0,0,0,0
83.41663329999332,-8293.279296875,2331.457763671875,60.002281188964844,163.32292337217322,1.0,1.0,340.2392387390137,8,2,2,83,36,208,103,32,7,36,2,7,142,1,0,-8293.278880643804,2331.4578738885807,163.32292337217322,0,0,0,0,0,0
83.6249665499933,-8366.8115234375,2322.56201171875,67.84776306152344,170.6241829006961,1.0,1.0,347.3604679107666,8,2,2,83,36,208,103,32,7,36,2,7,142,1,0,-8366.811111057157,2322.5619153875505,170.6241829006961,0,0,0,0,0,0
83.83329979999328,-8442.3583984375,2296.7021484375,54.08205795288086,178.33235368792046,1.0,1.0,400.06303787231445,8,2,2,85,37,210,105,32,7,37,2,7,143,1,0,-8442.35832055846,2296.702097404754,178.33235368792046,0,0,0,0,0,0
84.04163304999327,-8522.0419921875,2262.3603515625,35.924827575683594,-175.9294958737147,1.0,0.0,464.1629219055176,8,2,2,85,37,212,107,32,7,37,2,7,144,1,0,-8522.04211699515,2262.3603725412895,-175.9294958737147,0,0,0,0,0,0
84.24996629999325,-8621.04296875,2233.6689453125,42.36771011352539,-171.73839743321233,1.0,-1.0,503.68638038635254,8,2,2,85,37,214,109,32,7,37,2,7,145,1,0,-8621.042559776492,2233.6689073041453,-171.73839743321233,0,0,0,0,0,0
84.45829954999323,-8719.0126953125,2185.52587890625,51.51945495605469,-165.3097202218676,1.0,-1.0,503.75423431396484,8,2,2,85,37,214,109,32,7,37,2,7,145,1,0,-8719.012989785257,2185.525923645006,-165.3097202218676,0,0,0,0,0,0
84.66663279999321,-8812.685546875,2122.98095703125,49.31173324584961,-159.3607701314232,1.0,-1.0,538.9597415924072,8,2,2,85,37,216,111,32,7,37,2,7,146,1,0,-8812.685988561658,2122.9809091170414,-159.3607701314232,0,0,0,0,0,0
84.8332993999932,-8886.484375,2096.05908203125,40.47359085083008,-161.02994409390487,1.0,-1.0,475.5930423736572,8,2,2,85,37,218,113,32,7,37,2,7,147,1,0,-8886.484528181963,2096.0589828145016,-161.02994409390487,0,0,0,0,0,0
84.91663269999319,-8921.9951171875,2091.82080078125,42.56864547729492,-163.14727232435956,1.0,-1.0,430.4229736328125,8,2,2,85,37,218,113,32,7,37,2,7,147,1,0,-8921.995493225248,2091.8208340143256,-163.14727232435956,0,0,0,0,0,0
85.12496594999317,-8997.384765625,2092.5908203125,60.34695053100586,-166.63472818230298,1.0,0.0,348.09484481811523,8,2,2,85,37,219,113,32,7,37,2,7,148,1,0,-8997.385179098066,2092.5907076657354,-166.63472818230298,0,0,0,0,0,0
85.29163254999315,-9057.3291015625,2104.3232421875,59.374427795410156,-170.99721350975125,1.0,1.0,364.5920991897583,8,2,2,85,37,219,113,32,7,37,2,7,148,1,0,-9057.328880633702,2104.3231626846373,-170.99721350975125,0,0,0,0,0,0
85.49996579999313,-9129.8037109375,2100.302490234375,44.615604400634766,-170.70371005624727,1.0,1.0,329.1724681854248,7,2,2,85,37,221,114,32,7,37,2,7,149,1,0,-9129.803574121726,2100.302409058683,-170.70371005624727,0,0,0,0,0,0
85.70829904999312,-9187.974609375,2061.062255859375,54.8423957824707,-165.78915317063607,1.0,1.0,364.07859325408936,8,2,2,88,38,223,115,32,7,38,2,7,150,1,0,-9187.974825524985,2061.062134422219,-165.78915317063607,0,0,0,0,0,0
85.9166322999931,-9253.431640625,2010.418212890625,54.5206413269043,-159.8329138490097,1.0,0.0,419.2523002624512,8,2,2,88,38,223,115,32,7,38,2,7,150,1,0,-9253.431332728509,2010.4182354958089,-159.8329138490097,0,0,0,0,0,0
86.12496554999308,-9328.0263671875,1950.042236328125,52.081207275390625,-154.4245235476532,1.0,1.0,496.1512088775635,8,2,2,88,38,225,115,32,7,38,2,7,151,1,0,-9328.026791096529,1950.042190639919,-154.4245235476532,0,0,0,0,0,0
86.29163214999306,-9397.845703125,1896.6341552734375,58.64594650268555,-151.28650286404917,1.0,1.0,549.8744964599609,8,2,2,89,39,227,115,32,7,39,2,7,152,1,0,-9397.845802553424,1896.6341450720254,-151.28650286404917,0,0,0,0,0,0
86.49996539999304,-9499.2578125,1832.0677490234375,66.93448638916016,-150.22413102427686,1.0,1.0,589.2999172210693,8,2,2,89,39,229,115,32,7,39,2,7,153,1,0,-9499.257895636243,1832.0677866685924,-150.22413102427686,0,0,0,0,0,0
86.58329869999304,-9540.7548828125,1807.06103515625,71.94678497314453,-150.31196951311276,0.0,1.0,584.1488838195801,8,2,2,89,39,229,115,32,7,39,2,7,153,1,0,-9540.754627977378,1807.0610533557688,-150.31196951311276,0,0,0,0,0,0
86.74996529999302,-9612.1298828125,1751.9598388671875,76.16007995605469,-147.30658147072157,0.0,0.0,510.9464645385742,8,2,2,89,39,231,115,32,7,39,2,7,154,1,0,-9612.130123745857,1751.9598640146291,-147.30658147072157,0,0,0,0,0,0
86.916631899993,-9647.57421875,1719.1041259765625,81.18048095703125,-143.3871372808918,-1.0,-1.0,18.97929459810257,8,2,2,89,39,231,115,32,7,39,2,7,154,1,0,-9647.574093577736,1719.1041541904167,-143.3871372808918,0,0,0,0,0,0
87.12496514999299,-9640.0087890625,1724.398681640625,85.4226303100586,-142.43412945322095,-1.0,-1.0,86.60711646080017,8,2,2,89,39,231,115,32,7,39,2,7,154,1,0,-9640.008660808458,1724.3986847678411,-142.43412945322095,0,0,0,0,0,0
87.33329839999297,-9620.9248046875,1745.2388916015625,73.8686752319336,-142.231101298542,-1.0,-1.0,191.51188135147095,8,2,2,89,39,231,115,32,7,39,2,7,154,1,0,-9620.92504537653,1745.2389353289402,-142.231101298542,0,0,0,0,0,0
87.41663169999296,-9607.634765625,1756.713623046875,69.01569366455078,-142.28617632409802,-1.0,-1.0,235.6008768081665,8,2,2,89,39,231,115,32,7,39,2,7,154,1,0,-9607.634379371748,1756.7136693091977,-142.28617632409802,0,0,0,0,0,0
87.62496494999294,-9559.8974609375,1796.551513671875,69.94990539550781,-143.10110683842473,-1.0,-1.0,348.57072830200195,8,2,2,89,39,231,115,32,7,39,2,7,154,1,0,-9559.897260494092,1796.5515070486952,-143.10110683842473,0,0,0,0,0,0
87.83329819999292,-9499.05078125,1851.8592529296875,68.38847351074219,-144.66441515482077,-1.0,-1.0,433.66918563842773,8,2,2,89,39,231,115,32,7,39,2,7,154,1,0,-9499.050844497791,1851.8592931856238,-144.66441515482077,0,0,0,0,0,0
87.99996479999291,-9435.8349609375,1897.14111328125,63.37831497192383,-144.59043891221813,-1.0,-1.0,495.534086227417,8,2,2,89,39,233,115,32,7,39,2,7,155,1,0,-9435.835046551854,1897.1410971259907,-144.59043891221813,0,0,0,0,0,0
88.1666313999929,-9362.8427734375,1944.9639892578125,58.08710479736328,-143.81214449358396,-1.0,-1.0,561.005687713623,9,2,2,89,39,235,115,32,7,39,2,7,156,1,0,-9362.842698574263,1944.963969532055,-143.81214449358396,0,0,0,0,0,0
88.20829804999289,-9343.3681640625,1958.7203369140625,56.905418395996094,-143.73758282090552,-1.0,-1.0,578.2042980194092,9,2,2,89,39,235,115,32,7,39,2,7,156,1,0,-9343.368208393536,1958.7203377149328,-143.73758282090552,0,0,0,0,0,0
88.37496464999288,-9267.6298828125,2012.0255126953125,53.5441780090332,-143.2530466065783,0.0,-1.0,535.4455471038818,9,2,2,89,39,237,116,32,7,39,2,7,157,1,0,-9267.629678150563,2012.0255217927554,-143.2530466065783,0,0,0,0,0,0
88.54163124999286,-9198.5947265625,2061.952880859375,52.0925178527832,-143.1073140704871,0.0,0.0,485.97779273986816,9,2,2,89,39,237,116,32,7,39,2,7,157,1,0,-9198.594309363172,2061.9528638229135,-143.1073140704871,0,0,0,0,0,0
88.74996449999284,-9112.640625,2130.30224609375,54.07191467285156,-144.26695924117982,-1.0,1.0,550.6157875061035,9,2,2,89,39,238,116,32,7,39,2,7,158,1,0,-9112.640475904354,2130.3023379064866,-144.26695924117982,0,0,0,0,0,0
88.95829774999282,-9013.4150390625,2206.99658203125,60.94816589355469,-146.03644130007228,-1.0,1.0,621.1728096008301,9,2,2,89,39,240,117,32,7,39,2,7,159,1,0,-9013.415422749034,2206.9967034529827,-146.03644130007228,0,0,0,0,0,0
89.04163104999282,-8970.9404296875,2239.678466796875,62.83440017700195,-146.99476161874932,0.0,0.0,627.3662090301514,9,2,2,89,39,242,118,32,7,39,2,7,160,1,0,-8970.940659423797,2239.678410884044,-146.99476161874932,0,0,0,0,0,0
89.2499642999928,-8874.5400390625,2309.755615234375,58.98651885986328,-148.48860850989175,1.0,-1.0,518.6152458190918,9,2,2,89,39,243,119,32,7,39,2,7,161,1,0,-8874.539701923104,2309.755553370661,-148.48860850989175,0,0,0,0,0,0
89.49996419999277,-8791.4287109375,2378.620361328125,53.31602096557617,-151.02778312343554,1.0,-1.0,375.92179775238037,9,2,2,89,39,244,120,32,7,39,2,7,162,1,0,-8791.428355744241,2378.6203756027076,-151.02778312343554,0,0,0,0,0,0
89.70829744999276,-8750.0888671875,2416.4140625,63.194610595703125,-153.37131762203208,1.0,-1.0,199.1296887397766,9,2,2,89,39,244,120,32,7,39,2,7,162,1,0,-8750.088519726918,2416.4139588072567,-153.37131762203208,0,0,0,0,0,0
89.87496404999274,-8731.1787109375,2432.30322265625,68.9571533203125,-154.8191266517294,1.0,-1.0,101.09184980392456,9,2,2,89,39,244,120,32,7,39,2,7,162,1,0,-8731.178952138374,2432.30328735736,-154.8191266517294,0,0,0,0,0,0
90.08329729999272,-8721.9482421875,2437.040283203125,62.44858169555664,-155.47478049050056,1.0,-1.0,11.123742163181305,9,2,2,89,39,244,120,32,7,39,2,7,162,1,0,-8721.948298860225,2437.040165408432,-155.47478049050056,0,0,0,0,0,0
90.2916305499927,-8727.75390625,2430.291015625,50.577945709228516,-155.19684167877395,1.0,-1.0,109.42955017089844,9,2,2,89,39,244,120,32,7,39,2,7,162,1,0,-8727.753907717328,2430.2909641567476,-155.19684167877395,0,0,0,0,0,0
90.49996379999268,-8749.640625,2406.539306640625,51.055809020996094,-153.17625298376137,1.0,-1.0,188.0077362060547,9,2,2,89,39,244,120,32,7,39,2,7,162,1,0,-8749.640547534631,2406.5392329717233,-153.17625298376137,0,0,0,0,0,0
90.70829704999267,-8786.7216796875,2377.44677734375,58.18561935424805,-151.65572041464893,1.0,-1.0,249.2492437362671,9,2,2,89,39,244,120,32,7,39,2,7,162,1,0,-8786.721895254717,2377.4467301632308,-151.65572041464893,0,0,0,0,0,0
90.91663029999265,-8838.904296875,2358.147705078125,59.54585266113281,-153.70040105929084,1.0,-1.0,295.83184719085693,9,2,2,89,39,244,120,32,7,39,2,7,162,1,0,-8838.90447666453,2358.1475954696507,-153.70040105929084,0,0,0,0,0,0
91.12496354999263,-8903.029296875,2340.63623046875,58.85520935058594,-156.75564644013335,1.0,-1.0,349.91157054901123,9,2,2,89,39,244,120,32,7,39,2,7,162,1,0,-8903.029773658633,2340.6361911636936,-156.75564644013335,0,0,0,0,0,0
91.33329679999261,-8973.9541015625,2307.41064453125,62.44525146484375,-156.36087450903509,1.0,-1.0,393.97549629211426,9,2,2,89,39,246,122,32,7,39,2,7,163,1,0,-8973.953879572848,2307.410765016299,-156.36087450903509,0,0,0,0,0,0
91.4999633999926,-9036.5205078125,2274.5498046875,66.69400024414062,-155.4441418584208,1.0,-1.0,395.32201290130615,9,2,2,89,39,246,122,32,7,39,2,7,164,1,0,-9036.520896279102,2274.5497236962506,-155.4441418584208,0,0,0,0,0,0
91.58329669999259,-9067.638671875,2258.19873046875,72.77904510498047,-155.2380775520273,1.0,-1.0,405.0084590911865,9,2,2,89,39,246,122,32,7,39,2,7,164,1,0,-9067.638442103038,2258.1988356560105,-155.2380775520273,0,0,0,0,0,0
91.74996329999257,-9134.5146484375,2219.92626953125,84.93064880371094,-153.84216252031794,1.0,-1.0,440.74597358703613,8,2,2,89,39,248,123,32,7,39,2,7,165,0,0,-9131.209345960451,2221.753121022161,-153.9137417195363,8,2,2,0,1,0
91.95829654999255,-9215.9638671875,2176.586669921875,83.33614349365234,-153.19658197608274,1.0,-1.0,476.66449546813965,9,2,2,89,39,248,123,32,7,39,2,7,165,1,0,-9215.963398561205,2176.586779921613,-153.19658197608274,0,0,0,0,0,0
92.16662979999253,-9303.3115234375,2134.895263671875,68.86515045166016,-154.86300209164605,1.0,-1.0,488.5991096496582,9,2,2,89,39,249,123,32,7,39,2,7,166,1,0,-9303.31114828467,2134.8952561402602,-154.86300209164605,0,0,0,0,0,0
92.33329639999252,-9373.3525390625,2120.883544921875,72.24724578857422,-158.13084954900597,1.0,-1.0,428.27606201171875,9,2,2,89,39,251,123,32,7,39,2,7,167,1,0,-9373.352666508714,2120.8834333802974,-158.13084954900597,0,0,0,0,0,0
92.41662969999251,-9410.2900390625,2113.528076171875,80.24047088623047,-159.10228361146167,1.0,-1.0,448.75478744506836,9,2,2,89,39,251,123,32,7,39,2,7,167,1,0,-9410.289849434805,2113.5281394815556,-159.10228361146167,0,0,0,0,0,0
92.6249629499925,-9504.099609375,2088.96240234375,95.13400268554688,-161.59662556801308,1.0,-1.0,494.9829578399658,9,2,2,89,39,253,123,32,7,39,2,7,168,1,0,-9504.099166812493,2088.962371335809,-161.59662556801308,0,0,0,0,0,0
92.83329619999247,-9598.162109375,2066.626708984375,105.43479919433594,-164.9163546721597,1.0,-1.0,378.82511615753174,8,2,2,90,40,255,123,32,7,40,2,7,169,1,0,-9598.16167262414,2066.6266991472253,-164.9163546721597,0,0,0,0,0,0
93.04162944999246,-9640.5048828125,2051.169921875,154.0973663330078,-168.0196524138685,1.0,-1.0,159.12344455718994,8,2,2,90,40,255,123,32,7,40,2,7,169,1,0,-9640.504469444559,2051.1699667485477,-168.0196524138685,0,0,0,0,0,0
93.20829604999244,-9667.5771484375,2041.0419921875,191.6934814453125,-169.65714213184802,1.0,-1.0,185.7373595237732,8,2,2,90,40,255,123,32,7,40,2,7,169,1,0,-9667.576921617105,2041.0419474002501,-169.65714213184802,0,0,0,0,0,0
93.41662929999242,-9710.2958984375,2035.4681396484375,218.5275421142578,-171.85865006420158,1.0,-1.0,216.3748025894165,8,2,2,90,40,257,123,32,7,40,2,7,170,1,0,-9710.296292104167,2035.4681675342765,-171.85865006420158,0,0,0,0,0,0
93.6666291999924,-9763.841796875,2037.203125,230.2249755859375,-175.02452101246013,1.0,-1.0,239.81034755706787,8,2,2,90,40,257,123,32,7,40,2,7,170,1,0,-9763.841885495738,2037.2030703630053,-175.02452101246013,0,0,0,0,0,0
93.87496244999238,-9811.9931640625,2044.232666015625,219.17800903320312,-177.27037296498963,1.0,-1.0,270.60577869415283,8,2,2,90,40,257,123,32,7,40,2,7,170,1,0,-9811.992922551914,2044.2326837787305,-177.27037296498963,0,0,0,0,0,0
94.04162904999237,-9852.8544921875,2056.630126953125,199.12156677246094,179.9682254302893,1.0,-1.0,307.6615571975708,8,2,2,90,40,259,123,32,7,40,2,7,171,1,0,-9852.8545929841,2056.6302254581024,179.9682254302893,0,0,0,0,0,0
94.29162894999234,-9926.587890625,2091.732177734375,182.97999572753906,176.4048827054149,1.0,-1.0,373.94726276397705,8,2,2,90,40,259,123,32,7,40,2,7,171,1,0,-9926.5882670379,2091.7321455779334,176.4048827054149,0,0,0,0,0,0
94.49996219999232,-9995.9521484375,2135.0205078125,168.2776641845703,172.40309697989636,1.0,-1.0,438.6320114135742,8,2,2,90,40,261,123,32,7,40,2,7,172,1,0,-9995.952597336247,2135.020612601394,172.40309697989636,0,0,0,0,0,0
94.7082954499923,-10068.5830078125,2188.43896484375,145.32456970214844,166.42620516718614,1.0,-1.0,484.23123359680176,8,2,2,90,40,263,123,32,7,40,2,7,173,1,0,-10068.582623099455,2188.4389006847905,166.42620516718614,0,0,0,0,0,0
94.87496204999229,-10138.1962890625,2223.366943359375,140.01881408691406,162.91229409804868,1.0,-1.0,500.5329132080078,6,2,2,90,40,263,123,32,7,40,2,7,173,1,0,-10138.196537759683,2223.3670575467877,162.91229409804868,0,0,0,0,0,0
95.04162864999228,-10168.572265625,2235.164794921875,149.64491271972656,161.73476487934656,0.0,-1.0,19.154536724090576,8,2,2,93,42,265,124,32,7,42,2,7,174,1,0,-10168.572543774957,2235.1648691512964,161.73476487934656,0,0,0,0,0,0
95.24996189999226,-10166.4931640625,2232.5830078125,152.65692138671875,161.63549023420728,0.0,-1.0,27.344807982444763,8,2,2,93,42,265,124,32,7,42,2,7,174,1,0,-10166.492775139604,2232.583005533534,161.63549023420728,0,0,0,0,0,0
95.41662849999224,-10164.2314453125,2231.35400390625,145.4335174560547,161.67430928838175,0.0,-1.0,19.07065510749817,8,2,2,93,42,265,124,32,7,42,2,7,174,1,0,-10164.231434697125,2231.3539141882748,161.67430928838175,0,0,0,0,0,0
95.58329509999223,-10161.146484375,2229.5283203125,145.49685668945312,161.88274242084265,1.0,-1.0,5.733011290431023,8,2,2,93,42,265,124,32,7,42,2,7,174,1,0,-10161.146262560585,2229.5284119926864,161.88274242084265,0,0,0,0,0,0
95.70829504999222,-10165.2626953125,2233.277099609375,148.75657653808594,161.38495662832793,1.0,-1.0,40.18512666225433,8,2,2,93,42,265,124,32,7,42,2,7,174,1,0,-10165.26266497261,2233.2769867898614,161.38495662832793,0,0,0,0,0,0
95.9166282999922,-10166.23046875,2233.9951171875,149.99330139160156,161.15510486706657,1.0,-1.0,3.0612763017416,8,2,2,93,42,265,124,32,7,42,2,7,174,1,0,-10166.23083178747,2233.9952331773998,161.15510486706657,0,0,0,0,0,0
96.08329489999218,-10166.455078125,2234.599853515625,148.977294921875,161.00380797790834,1.0,-1.0,3.0849434435367584,8,2,2,93,42,265,124,32,7,42,2,7,174,1,0,-10166.455218394896,2234.599954485215,161.00380797790834,0,0,0,0,0,0
96.9582945499921,6150.787109375,-6512.66259765625,385.3746337890625,-164.72530559949496,0.0,0.0,34.937870502471924,8,2,2,99,46,267,126,42,9,46,2,9,175,1,0,6150.787044297607,-6512.662556611886,-164.72530559949496,0,0,0,0,0,0
97.08329449999209,6146.13427734375,-6513.4423828125,397.8209228515625,-164.73578455923695,0.0,0.0,37.10804283618927,8,2,2,99,46,267,126,42,9,46,2,9,175,1,0,6146.1340781873405,-6513.442458697953,-164.73578455923695,0,0,0,0,0,0
97.20829444999208,6141.68212890625,-6513.4462890625,399.4606628417969,-164.75573731791118,0.0,0.0,35.52068769931793,8,2,2,99,46,267,126,42,9,46,2,9,175,1,0,6141.6822717392715,-6513.446490809656,-164.75573731791118,0,0,0,0,0,0
97.33329439999207,6134.49951171875,-6514.98828125,391.31268310546875,-164.6446703723504,1.0,-1.0,67.74170398712158,8,2,2,99,46,267,126,42,9,46,2,9,175,1,0,6134.499382590085,-6514.988172397114,-164.6446703723504,0,0,0,0,0,0
97.45829434999206,6122.357421875,-6520.384765625,383.9980773925781,-164.2166574544433,1.0,-1.0,136.2974762916565,8,2,2,99,46,267,126,42,9,46,2,9,175,1,0,6122.357491034536,-6520.384747791625,-164.2166574544433,0,0,0,0,0,0
97.58329429999205,6104.0546875,-6529.50341796875,383.27093505859375,-163.72210974861392,1.0,-1.0,202.87797451019287,8,2,2,99,46,267,126,42,9,46,2,9,175,1,0,6104.0546114380295,-6529.5033333314595,-163.72210974861392,0,0,0,0,0,0
97.70829424999204,6078.34375,-6541.96923828125,383.0948791503906,-163.03847006718163,1.0,-1.0,255.21793365478516,8,2,2,99,46,267,126,42,9,46,2,9,175,1,0,6078.343920470433,-6541.969002562709,-163.03847006718163,0,0,0,0,0,0
97.79162754999203,6057.0546875,-6551.376953125,382.15106201171875,-162.6055938422196,1.0,-1.0,293.8680171966553,8,2,2,99,46,267,126,42,9,46,2,9,175,1,0,6057.05484427302,-6551.376949173404,-162.6055938422196,0,0,0,0,0,0
97.87496084999202,6031.87109375,-6560.515625,380.2770080566406,-162.42758314070377,1.0,-1.0,333.23352336883545,8,2,2,99,46,267,126,42,9,46,2,9,176,1,0,6031.871110925426,-6560.515671215373,-162.42758314070377,0,0,0,0,0,0
98.041627449992,5972.02099609375,-6568.302734375,376.4423522949219,-164.75363883598874,1.0,-1.0,384.4054698944092,8,2,2,99,46,267,126,42,9,46,2,9,176,1,0,5972.020755035527,-6568.302906273541,-164.75363883598874,0,0,0,0,0,0
98.24996069999199,5892.27685546875,-6565.43603515625,381.47882080078125,-168.70324563977292,1.0,-1.0,398.9907741546631,8,2,2,99,46,268,127,42,9,46,2,9,177,1,0,5892.27666342674,-6565.436028348677,-168.70324563977292,0,0,0,0,0,0
98.45829394999197,5801.755859375,-6576.15625,379.66180419921875,-170.11886847698332,1.0,-1.0,477.57835388183594,8,2,2,99,46,268,127,42,9,46,2,9,177,1,0,5801.755708524637,-6576.156236270723,-170.11886847698332,0,0,0,0,0,0
98.62496054999195,5721.81494140625,-6587.03466796875,367.7679443359375,-171.38899440717182,1.0,-1.0,511.7987632751465,9,2,1,99,46,269,128,42,9,46,2,9,178,1,0,5721.814904665464,-6587.034658866966,-171.38899440717182,0,0,0,0,0,0
98.83329379999194,5611.0712890625,-6579.8525390625,368.66815185546875,-175.2896763851474,1.0,-1.0,562.9425048828125,9,2,2,99,46,270,129,47,10,46,2,10,179,1,0,5611.071276648624,-6579.852644158218,-175.2896763851474,0,0,0,0,0,0
98.99996039999192,5513.93505859375,-6573.212890625,371.6932678222656,-178.0444550403981,1.0,-1.0,609.748125076294,9,2,2,99,46,272,131,47,10,46,2,10,180,1,0,5513.935021816863,-6573.212850025592,-178.0444550403981,0,0,0,0,0,0
99.2082936499919,5384.3583984375,-6553.85888671875,369.9514465332031,177.45324786947867,1.0,-1.0,645.856237411499,10,2,2,99,46,272,131,47,10,46,2,10,181,1,0,5384.358575378063,-6553.859122234165,177.45324786947867,0,0,0,0,0,0
99.41662689999188,5252.06689453125,-6516.45849609375,373.4455261230469,172.36277279374696,1.0,-1.0,689.2745494842529,9,2,2,99,46,274,133,47,10,46,2,10,182,1,0,5252.067114076061,-6516.458541504453,172.36277279374696,0,0,0,0,0,0
99.49996019999188,5195.5654296875,-6502.88330078125,375.06427001953125,171.28902156711004,1.0,-1.0,705.2333354949951,9,2,2,99,46,274,133,47,10,46,2,10,182,1,0,5195.5656045261,-6502.883297388435,171.28902156711004,0,0,0,0,0,0
99.66662679999186,5078.27294921875,-6474.75390625,377.00787353515625,169.27604400975707,1.0,0.0,750.9112358093262,9,2,2,99,46,274,133,47,10,46,2,10,183,1,0,5078.272774761406,-6474.753878033744,169.27604400975707,0,0,0,0,0,0
99.83329339999185,4950.20654296875,-6435.5888671875,376.46087646484375,166.63496026569646,1.0,-1.0,793.5375690460205,8,2,2,99,46,276,135,47,10,46,2,10,185,0,0,4956.397791853859,-6437.6724618840935,166.76076078111655,8,2,2,0,0,0
99.99995999999183,4831.43017578125,-6391.66259765625,374.9155578613281,163.88335707453456,1.0,-1.0,829.9511909484863,8,2,2,99,46,277,136,47,10,46,2,10,186,1,0,4831.430046346449,-6391.662522722298,163.88335707453456,0,0,0,0,0,0
100.16662659999182,4705.06640625,-6333.21826171875,372.9819641113281,160.02739375129124,1.0,0.0,869.9667930603027,8,2,2,99,46,278,137,47,10,46,2,10,187,1,0,4705.066516137528,-6333.2181712377305,160.02739375129124,0,0,0,0,0,0
100.2916265499918,4609.77880859375,-6281.3681640625,371.4463195800781,156.90827464618891,1.0,0.0,897.923755645752,8,2,2,99,46,279,137,47,10,46,2,10,188,1,0,4609.778780667362,-6281.368362337929,156.90827464618891,0,0,0,0,0,0
100.45829314999179,4486.11328125,-6198.865234375,368.2850036621094,151.66616899286598,1.0,-1.0,917.4429893493652,8,2,2,99,46,281,139,47,10,46,2,10,189,1,0,4486.113255011124,-6198.865013351905,151.66616899286598,0,0,0,0,0,0
100.62495974999177,4367.94873046875,-6101.267578125,362.1819763183594,146.42278750974026,0.0,0.0,925.662899017334,9,2,2,99,46,282,140,47,10,46,2,10,190,1,0,4367.948603337512,-6101.267815358127,146.42278750974026,0,0,0,0,0,0
100.79162634999176,4247.9052734375,-6024.66845703125,360.1877136230469,147.6640706398789,0.0,-1.0,784.4935894012451,9,2,2,99,46,283,141,47,10,46,2,10,191,1,0,4247.905239933861,-6024.66845947705,147.6640706398789,0,0,0,0,0,0
100.95829294999174,4138.28857421875,-5960.23291015625,368.1158447265625,147.91269113695668,0.0,-1.0,703.9111137390137,9,2,2,99,46,284,142,47,10,46,2,10,192,1,0,4138.288560678624,-5960.232669835208,147.91269113695668,0,0,0,0,0,0
101.12495954999173,4053.2431640625,-5893.06494140625,372.4867858886719,143.24753081954043,0.0,-1.0,620.7588195800781,9,2,2,99,46,285,143,47,10,46,2,10,193,1,0,4053.2431784019436,-5893.064831182792,143.24753081954043,0,0,0,0,0,0
101.29162614999171,3980.76513671875,-5829.185546875,382.97003173828125,140.36766926793976,0.0,0.0,569.6529865264893,9,2,2,99,46,287,145,47,10,46,2,10,194,1,0,3980.7650416809424,-5829.185480732879,140.36766926793976,0,0,0,0,0,0
101.4999593999917,3893.42138671875,-5754.03466796875,383.0700988769531,141.41160101262682,0.0,0.0,513.4804248809814,9,2,2,99,46,287,145,47,10,46,2,10,195,1,0,3893.4214932466566,-5754.034820531341,141.41160101262682,0,0,0,0,0,0
101.70829264999168,3811.314208984375,-5698.7978515625,370.12579345703125,145.58707577788633,0.0,0.0,415.8179759979248,10,2,2,99,46,289,147,47,10,46,2,10,196,1,0,3811.3142729899273,-5698.797725769714,145.58707577788633,0,0,0,0,0,0
101.91662589999166,3740.11474609375,-5665.92431640625,362.05126953125,147.273334476142,0.0,0.0,393.2765245437622,10,2,3,99,46,289,147,47,10,46,2,10,196,1,0,3740.1146289271815,-5665.9243712205225,147.273334476142,0,0,0,0,0,0
101.95829254999165,3725.40966796875,-5659.8330078125,360.0740966796875,147.4450985726358,0.0,0.0,385.2715492248535,10,2,3,99,46,289,147,47,10,46,2,10,196,1,0,3725.409672888859,-5659.833073087593,147.4450985726358,0,0,0,0,0,0
102.16662579999164,3652.476806640625,-5623.7646484375,350.2820129394531,147.9610776840339,0.0,0.0,344.2426919937134,10,2,3,99,46,289,147,47,10,46,2,10,197,1,0,3652.476733638702,-5623.764638736882,147.9610776840339,0,0,0,0,0,0
102.37495904999162,3596.745849609375,-5590.38427734375,357.0589294433594,147.96689001457395,0.0,0.0,291.3947343826294,10,2,3,99,46,290,148,47,10,46,2,10,198,1,0,3596.7457631832062,-5590.384260217449,147.96689001457395,0,0,0,0,0,0
102.6249589499916,3548.551025390625,-5557.02587890625,364.04656982421875,148.13898882179933,0.0,0.0,210.90214252471924,10,2,3,99,46,290,148,47,10,46,2,10,198,1,0,3548.5510342422676,-5557.0261030997035,148.13898882179933,0,0,0,0,0,0
102.79162554999158,3522.75048828125,-5538.50732421875,361.8417663574219,147.69425635535532,0.0,0.0,197.8546142578125,10,2,3,99,46,290,148,47,10,46,2,10,198,1,0,3522.750485451652,-5538.507486362606,147.69425635535532,0,0,0,0,0,0
102.95829214999156,3498.85107421875,-5519.93505859375,354.19427490234375,147.21318886673026,0.0,0.0,183.4455966949463,10,2,3,99,46,291,149,47,10,46,2,10,199,1,0,3498.8510696717008,-5519.935178944246,147.21318886673026,0,0,0,0,0,0
103.16662539999155,3470.5234375,-5498.4775390625,355.42425537109375,146.6309380592564,0.0,0.0,153.386127948761,10,2,3,99,46,291,149,47,10,46,2,10,199,1,0,3470.523422634531,-5498.477608060883,146.6309380592564,0,0,0,0,0,0
103.37495864999153,3443.697998046875,-5483.10400390625,358.0047607421875,146.64021309371793,0.0,0.0,134.67071056365967,10,2,3,99,46,291,149,47,10,46,2,10,199,1,0,3443.69808406975,-5483.103802392178,146.64021309371793,0,0,0,0,0,0
103.58329189999151,3419.7392578125,-5470.11474609375,354.6763000488281,146.81436037478483,0.0,0.0,120.28884887695312,10,2,3,99,46,291,149,47,10,46,2,10,199,1,0,3419.7392704748963,-5470.114877472143,146.81436037478483,0,0,0,0,0,0
103.6666251999915,3411.31640625,-5465.17138671875,354.1685485839844,146.92496341939966,0.0,0.0,112.82376050949097,10,2,3,99,46,291,149,47,10,46,2,10,199,1,0,3411.316518638351,-5465.171554479283,146.92496341939966,0,0,0,0,0,0
103.87495844999148,3393.1884765625,-5453.36767578125,355.0665588378906,147.08883999469833,0.0,0.0,104.79849576950073,10,2,3,99,46,292,150,47,10,46,2,10,200,1,0,3393.188414734611,-5453.367721125833,147.08883999469833,0,0,0,0,0,0
104.08329169999146,3376.2724609375,-5442.14599609375,353.9776306152344,147.21727390506803,0.0,0.0,97.15609550476074,10,2,3,99,46,292,150,47,10,46,2,10,200,1,0,3376.2725238184553,-5442.146096634601,147.21727390506803,0,0,0,0,0,0
104.29162494999144,3360.892822265625,-5432.1865234375,352.9142150878906,147.31241164690584,0.0,0.0,85.68837642669678,10,2,3,99,46,292,150,47,10,46,2,10,200,1,0,3360.892811520253,-5432.186309542828,147.31241164690584,0,0,0,0,0,0
104.45829154999143,3349.1669921875,-5424.6015625,353.0375671386719,147.37489030484375,0.0,0.0,83.58772993087769,10,2,3,99,46,292,150,47,10,46,2,10,200,1,0,3349.1669052725733,-5424.6014625299695,147.37489030484375,0,0,0,0,0,0
104.66662479999141,3334.7734375,-5415.70361328125,352.39227294921875,147.45965022641073,0.0,0.0,80.03308176994324,11,2,3,99,46,292,150,47,10,46,2,10,200,1,0,3334.773482046321,-5415.703501246872,147.45965022641073,0,0,0,0,0,0
104.87495804999139,3320.748046875,-5407.40283203125,351.3059387207031,147.57735506938764,0.0,0.0,77.25449800491333,11,2,3,99,46,292,150,47,10,46,2,10,200,1,0,3320.74797942008,-5407.402989293801,147.57735506938764,0,0,0,0,0,0
105.04162464999138,3314.12646484375,-5403.03564453125,351.4751281738281,147.76366832063616,0.0,0.0,20.90737223625183,11,2,3,99,46,292,150,47,10,46,2,10,200,1,0,3314.126489452481,-5403.035886443261,147.76366832063616,0,0,0,0,0,0
105.24995789999136,3317.857177734375,-5403.59423828125,352.6734924316406,147.89393095130006,0.0,0.0,32.31631815433502,11,2,3,99,46,292,150,47,10,46,2,10,200,1,0,3317.8571430829884,-5403.594383212623,147.89393095130006,0,0,0,0,0,0
105.33329119999135,3320.283935546875,-5404.64892578125,353.14495849609375,147.8806109863581,0.0,0.0,29.446417093276978,11,2,3,99,46,292,150,47,10,46,2,10,200,1,0,3320.283923171482,-5404.648750654184,147.8806109863581,0,0,0,0,0,0
105.54162444999133,3324.181884765625,-5407.5068359375,352.2957458496094,147.84462951719993,0.0,0.0,22.70214557647705,11,2,3,99,46,292,150,47,10,46,2,10,200,1,0,3324.181814771364,-5407.506732951554,147.84462951719993,0,0,0,0,0,0
105.74995769999131,3326.110107421875,-5409.80908203125,350.7294921875,147.83457031531876,0.0,0.0,17.257553339004517,11,2,3,99,46,292,150,47,10,46,2,10,200,1,0,3326.110202653921,-5409.808857552851,147.83457031531876,0,0,0,0,0,0
105.9582909499913,3326.45458984375,-5411.53857421875,351.7338562011719,147.8606665261632,0.0,0.0,15.349477529525757,11,2,3,99,46,292,150,47,10,46,2,10,200,1,0,3326.4546406982604,-5411.538635428925,147.8606665261632,0,0,0,0,0,0
106.08329089999128,3326.233642578125,-5412.4765625,352.6546936035156,147.89322073107186,0.0,0.0,12.778954207897186,11,2,3,99,46,292,150,47,10,46,2,10,200,1,0,3326.233542028148,-5412.476775769975,147.89322073107186,0,0,0,0,0,0
106.16662419999128,3326.2822265625,-5413.02783203125,353.3704528808594,147.90759074959814,0.0,0.0,7.370267063379288,11,2,3,99,46,292,150,47,10,46,2,10,200,1,0,3326.2822130782547,-5413.027934143372,147.90759074959814,0,0,0,0,0,0
106.37495744999126,3327.119140625,-5413.470703125,353.5027770996094,147.9059417512108,0.0,0.0,5.578657239675522,11,2,3,99,46,292,150,47,10,46,2,10,200,1,0,3327.1191382673564,-5413.470531453917,147.9059417512108,0,0,0,0,0,0
106.58329069999124,3327.656005859375,-5413.140625,351.4240417480469,147.89778321798028,0.0,0.0,4.43541444838047,11,2,3,99,46,292,150,47,10,46,2,10,200,1,0,3327.656124215284,-5413.140381091318,147.89778321798028,0,0,0,0,0,0
106.79162394999122,3326.99560546875,-5412.49951171875,351.22174072265625,147.90228292458113,0.0,0.0,7.244651764631271,11,2,3,99,46,292,150,47,10,46,2,10,200,1,0,3326.995704866354,-5412.499643869159,147.90228292458113,0,0,0,0,0,0
106.9582905499912,3325.659423828125,-5411.78271484375,352.1341247558594,147.91263261765576,0.0,0.0,10.305413603782654,11,2,3,99,46,292,150,47,10,46,2,10,200,1,0,3325.659436724076,-5411.782828375455,147.91263261765576,0,0,0,0,0,0
107.16662379999119,3323.244873046875,-5410.662109375,352.1900329589844,147.93341674919756,0.0,0.0,13.429124653339386,11,2,3,99,46,292,150,47,10,46,2,10,200,1,0,3323.244844759779,-5410.662221690692,147.93341674919756,0,0,0,0,0,0
107.37495704999117,3320.56298828125,-5409.3212890625,351.9700012207031,147.95212309034633,0.0,0.0,15.187299251556396,11,2,3,99,46,292,150,47,10,46,2,10,200,1,0,3320.5630934862406,-5409.321268381357,147.95212309034633,0,0,0,0,0,0
107.58329029999115,3318.419189453125,-5407.7783203125,351.9351501464844,147.97637016029051,0.0,0.0,8.034960925579071,11,2,3,99,46,292,150,47,10,46,2,10,200,1,0,3318.419228617486,-5407.778479286991,147.97637016029051,0,0,0,0,0,0
107.79162354999113,3318.804443359375,-5407.60009765625,351.6407775878906,148.01083236591285,0.0,0.0,5.742920562624931,11,2,3,99,46,292,150,47,10,46,2,10,200,1,0,3318.804404374603,-5407.600099575192,148.01083236591285,0,0,0,0,0,0
107.99995679999111,3319.8740234375,-5407.95361328125,351.5098571777344,148.01469332957325,0.0,0.0,2.6093870401382446,11,2,3,99,46,292,150,47,10,46,2,10,200,1,0,3319.8740183070095,-5407.9535832885085,148.01469332957325,0,0,0,0,0,0
108.1666233999911,3319.94873046875,-5407.9306640625,351.5503845214844,148.01716845936724,0.0,0.0,1.8212281167507172,11,2,3,99,46,292,150,47,10,46,2,10,200,1,0,3319.9487990585494,-5407.930771284161,148.01716845936724,0,0,0,0,0,0
108.37495664999108,3319.464599609375,-5407.6982421875,351.6449279785156,148.03403479909542,0.0,0.0,2.0284727215766907,11,2,3,99,46,292,150,47,10,46,2,10,200,1,0,3319.464633681489,-5407.69840626926,148.03403479909542,0,0,0,0,0,0
108.58328989999106,3319.2763671875,-5407.71435546875,351.663330078125,148.05976600660128,0.0,0.0,1.6301095485687256,11,2,3,99,46,292,150,47,10,46,2,10,200,1,0,3319.2764881042963,-5407.714579075396,148.05976600660128,0,0,0,0,0,0
108.66662319999105,3319.30126953125,-5407.80517578125,351.6463928222656,148.069539362964,0.0,0.0,2.270430512726307,11,2,3,99,46,292,150,47,10,46,2,10,200,1,0,3319.3012548319734,-5407.805309292495,148.069539362964,0,0,0,0,0,0
108.87495644999103,3319.312744140625,-5408.09814453125,351.6109619140625,148.09263913947424,0.0,0.0,3.0374817550182343,11,2,3,99,46,292,150,47,10,46,2,10,200,1,0,3319.312646846467,-5408.098050375641,148.09263913947424,0,0,0,0,0,0
109.04162304999102,3319.14697265625,-5408.3427734375,351.66192626953125,148.1137247080074,0.0,0.0,3.4444231539964676,11,2,3,99,46,292,150,47,10,46,2,10,200,1,0,3319.146991823686,-5408.342873722474,148.1137247080074,0,0,0,0,0,0
109.249956299991,3319.08203125,-5408.59130859375,352.1250305175781,148.12905779977137,0.0,0.0,0.188301014713943,11,2,3,99,46,292,150,47,10,46,2,10,200,1,0,3319.0820360150788,-5408.591231332771,148.12905779977137,0,0,0,0,0,0
109.41662289999098,3319.022705078125,-5408.5341796875,352.07916259765625,148.1359409812539,0.0,0.0,1.4240095391869545,11,2,3,99,46,292,150,47,10,46,2,10,200,1,0,3319.022652891373,-5408.534028225477,148.1359409812539,0,0,0,0,0,0
109.49995619999098,3318.97216796875,-5408.4658203125,351.8822021484375,148.1402854535819,0.0,0.0,1.5855606645345688,11,2,3,99,46,292,150,47,10,46,2,10,200,1,0,3318.972113466291,-5408.465818763714,148.1402854535819,0,0,0,0,0,0
109.66662279999096,3318.89599609375,-5408.34423828125,351.54541015625,148.15122634101215,0.0,0.0,1.0920573957264423,11,2,3,99,46,292,150,47,10,46,2,10,200,1,0,3318.8959402042374,-5408.344443477023,148.15122634101215,0,0,0,0,0,0
109.87495604999094,3318.822998046875,-5408.29736328125,351.55743408203125,148.16966145553468,0.0,0.0,0.5513215437531471,11,2,3,99,46,292,150,47,10,46,2,10,200,1,0,3318.8231043533724,-5408.297580758988,148.16966145553468,0,0,0,0,0,0
110.04162264999093,3318.751220703125,-5408.37060546875,351.7459716796875,148.18610267213978,0.0,0.0,1.1563577689230442,11,2,3,99,46,292,150,47,10,46,2,10,200,1,0,3318.7513163692906,-5408.370742752048,148.18610267213978,0,0,0,0,0,0
110.20828924999091,3318.702880859375,-5408.4677734375,351.8860778808594,148.20091255845637,0.0,0.0,0.6577234249562025,11,2,3,99,46,292,150,47,10,46,2,10,200,1,0,3318.702777662663,-5408.46756278427,148.20091255845637,0,0,0,0,0,0
110.2916225499909,3318.68310546875,-5408.49462890625,351.894775390625,148.20742285450572,0.0,0.0,0.30879974365234375,11,2,3,99,46,292,150,47,10,46,2,10,200,1,0,3318.683180864481,-5408.494733212499,148.20742285450572,0,0,0,0,0,0
110.45828914999089,3318.633056640625,-5408.49365234375,351.8067932128906,148.21955593770792,0.0,0.0,0.586040411144495,11,2,3,99,46,292,150,47,10,46,2,10,200,1,0,3318.6331168987076,-5408.493477289858,148.21955593770792,0,0,0,0,0,0
110.66662239999087,3318.534912109375,-5408.4365234375,351.6698913574219,148.2356603384132,0.0,0.0,0.6746572908014059,11,2,3,99,46,292,150,47,10,46,2,10,200,1,0,3318.5349872182164,-5408.436567098545,148.2356603384132,0,0,0,0,0,0
110.87495564999085,3318.427490234375,-5408.41845703125,351.6641540527344,148.25432928001396,0.0,0.0,0.48193768598139286,11,2,3,99,46,292,150,47,10,46,2,10,200,1,0,3318.4274306105644,-5408.418287040789,148.25432928001396,0,0,0,0,0,0
111.08328889999083,3318.350341796875,-5408.46826171875,351.7471923828125,148.27323406077912,0.0,0.0,0.544595904648304,11,2,3,99,46,292,150,47,10,46,2,10,200,1,0,3318.35026125093,-5408.4682539745845,148.27323406077912,0,0,0,0,0,0
111.16662219999083,3318.32568359375,-5408.49267578125,351.7719421386719,148.2803466734785,0.0,0.0,0.47156503424048424,11,2,3,99,46,292,150,47,10,46,2,10,200,1,0,3318.3256803434447,-5408.49273264174,148.2803466734785,0,0,0,0,0,0
111.37495544999081,3318.257080078125,-5408.52587890625,351.77093505859375,148.29704223509486,0.0,0.0,0.37654272746294737,11,2,3,99,46,292,150,47,10,46,2,10,200,1,0,3318.257038490421,-5408.52609025076,148.29704223509486,0,0,0,0,0,0
111.58328869999079,3318.1669921875,-5408.5166015625,351.7192687988281,148.31347904296155,0.0,0.0,0.4864450078457594,11,2,3,99,46,292,150,47,10,46,2,10,200,1,0,3318.1670191008707,-5408.516476925781,148.31347904296155,0,0,0,0,0,0
111.79162194999077,3318.072021484375,-5408.5068359375,351.6913146972656,148.33088737740184,0.0,0.0,0.42003425769507885,11,2,3,99,46,292,150,47,10,46,2,10,200,1,0,3318.0720538037453,-5408.507022818387,148.33088737740184,0,0,0,0,0,0
111.95828854999075,3318.004638671875,-5408.5205078125,351.7028503417969,148.34520889991663,0.0,0.0,0.41147684678435326,11,2,3,99,46,292,150,47,10,46,2,10,200,1,0,3318.0045375518525,-5408.5207439153455,148.34520889991663,0,0,0,0,0,0
112.12495514999074,3317.943359375,-5408.5458984375,351.7247314453125,148.3592769290548,0.0,0.0,0.4050555173307657,11,2,3,99,46,292,150,47,10,46,2,10,200,1,0,3317.94344748328,-5408.545928992877,148.3592769290548,0,0,0,0,0,0
112.24995509999073,3317.8974609375,-5408.56298828125,351.7327575683594,148.3695526293584,0.0,0.0,0.3884633304551244,11,2,3,99,46,292,150,47,10,46,2,10,200,1,0,3317.897442946417,-5408.562764290483,148.3695526293584,0,0,0,0,0,0
112.41662169999071,3317.83203125,-5408.5751953125,351.7258605957031,148.3830232541244,0.0,0.0,0.3963887691497803,11,2,3,99,46,292,150,47,10,46,2,10,200,1,0,3317.8321019465634,-5408.575411594826,148.3830232541244,0,0,0,0,0,0
112.5832882999907,3317.7626953125,-5408.5791015625,351.7086486816406,148.39651245332809,0.0,0.0,0.41235415264964104,11,2,3,99,46,292,150,47,10,46,2,10,200,1,0,3317.7626658543845,-5408.579213147152,148.39651245332809,0,0,0,0,0,0
112.74995489999068,3317.6923828125,-5408.5830078125,351.6961975097656,148.41019787739643,0.0,0.0,0.4070634953677654,11,2,3,99,46,292,150,47,10,46,2,10,200,1,0,3317.692279916542,-5408.582794864366,148.41019787739643,0,0,0,0,0,0
112.83328819999068,3317.65771484375,-5408.5869140625,351.69439697265625,148.41710771093537,0.0,0.0,0.4033865872770548,11,2,3,99,46,292,150,47,10,46,2,10,200,1,0,3317.657711550266,-5408.586798883269,148.41710771093537,0,0,0,0,0,0
112.99995479999066,3317.590576171875,-5408.60009765625,351.6982116699219,148.43094504861963,0.0,0.0,0.4009521100670099,11,2,3,99,46,292,150,47,10,46,2,10,200,1,0,3317.5905446769343,-5408.599859742815,148.43094504861963,0,0,0,0,0,0
113.16662139999065,3317.52490234375,-5408.6162109375,351.7041320800781,148.444667604566,0.0,0.0,0.39768749848008156,11,2,3,99,46,292,150,47,10,46,2,10,200,1,0,3317.524938655351,-5408.6160260291845,148.444667604566,0,0,0,0,0,0
113.33328799999063,3317.458740234375,-5408.6298828125,351.70416259765625,148.4582324387744,0.0,0.0,0.3965814132243395,11,2,3,99,46,292,150,47,10,46,2,10,200,1,0,3317.458813561053,-5408.630101255347,148.4582324387744,0,0,0,0,0,0
113.49995459999062,3317.39111328125,-5408.64013671875,351.69775390625,148.47173217693896,0.0,0.0,0.40137842297554016,11,2,3,99,46,292,150,47,10,46,2,10,200,1,0,3317.3910974054243,-5408.640208901777,148.47173217693896,0,0,0,0,0,0
113.6249545499906,3317.339599609375,-5408.646484375,351.6916809082031,148.48187097564298,0.0,0.0,0.40448266081511974,11,2,3,99,46,292,150,47,10,46,2,10,200,1,0,3317.339483315309,-5408.646283483656,148.48187097564298,0,0,0,0,0,0
113.79162114999059,3317.2705078125,-5408.65478515625,351.6860656738281,148.49544501498605,0.0,0.0,0.4049477633088827,11,2,3,99,46,292,150,47,10,46,2,10,200,1,0,3317.270455753981,-5408.654948227927,148.49544501498605,0,0,0,0,0,0
113.95828774999057,3317.2021484375,-5408.666015625,351.6846618652344,148.5090501472419,0.0,0.0,0.4038914106786251,11,2,3,99,46,292,150,47,10,46,2,10,200,1,0,3317.202061424266,-5408.665954411665,148.5090501472419,0,0,0,0,0,0
114.12495434999056,3317.13427734375,-5408.6787109375,351.6852111816406,148.52262306216852,0.0,0.0,0.40277205407619476,11,2,3,99,46,292,150,47,10,46,2,10,200,1,0,3317.1343772636997,-5408.678731786154,148.52262306216852,0,0,0,0,0,0
114.29162094999054,3317.066650390625,-5408.69140625,351.6844177246094,148.5361250630714,0.0,0.0,0.4024331457912922,11,2,3,99,46,292,150,47,10,46,2,10,200,1,0,3317.0667611090985,-5408.691379255064,148.5361250630714,0,0,0,0,0,0
114.45828754999053,3316.99853515625,-5408.70263671875,351.6810607910156,148.54957136934064,0.0,0.0,0.40392661467194557,11,2,3,99,46,292,150,47,10,46,2,10,200,1,0,3316.998621781383,-5408.7026475533185,148.54957136934064,0,0,0,0,0,0
114.62495414999051,3316.929931640625,-5408.712890625,351.6764221191406,148.56300941864072,0.0,0.0,0.40614656172692776,11,2,3,99,46,292,150,47,10,46,2,10,200,1,0,3316.929869941283,-5408.712853460624,148.56300941864072,0,0,0,0,0,0
114.7916207499905,3316.86083984375,-5408.72314453125,351.6725158691406,148.57646560278295,0.0,0.0,0.40762731805443764,11,2,3,99,46,292,150,47,10,46,2,10,200,1,0,3316.8608213785506,-5408.723103270136,148.57646560278295,0,0,0,0,0,0
114.95828734999048,3316.791748046875,-5408.734375,351.670166015625,148.58992356907376,0.0,0.0,0.40790028870105743,11,2,3,99,46,292,150,47,10,46,2,10,200,1,0,3316.7918426088177,-5408.734159936393,148.58992356907376,0,0,0,0,0,0
115.12495394999047,3316.72314453125,-5408.74609375,351.6686096191406,148.60335984253462,0.0,0.0,0.4076906945556402,11,2,3,99,46,292,150,47,10,46,2,10,200,1,0,3316.723057117588,-5408.745902822722,148.60335984253462,0,0,0,0,0,0
115.29162054999045,3316.654296875,-5408.7578125,351.6666564941406,148.61675856308014,0.0,0.0,0.4077987279742956,11,2,3,99,46,292,150,47,10,46,2,10,200,1,0,3316.654290154404,-5408.75767735032,148.61675856308014,0,0,0,0,0,0
115.45828714999044,3316.585205078125,-5408.76904296875,351.66375732421875,148.6301192371113,0.0,0.0,0.4085855092853308,11,2,3,99,46,292,150,47,10,46,2,10,200,1,0,3316.5853131495346,-5408.768987876867,148.6301192371113,0,0,0,0,0,0
115.62495374999042,3316.51611328125,-5408.77978515625,351.66033935546875,148.6434622755139,0.0,0.0,0.4095831420272589,11,2,3,99,46,292,150,47,10,46,2,10,200,1,0,3316.5160672411503,-5408.779878080933,148.6434622755139,0,0,0,0,0,0
115.79162034999041,3316.44677734375,-5408.79052734375,351.6571350097656,148.65678831940625,0.0,0.0,0.4101968836039305,11,2,3,99,46,292,150,47,10,46,2,10,200,1,0,3316.4466858473825,-5408.790750072102,148.65678831940625,0,0,0,0,0,0
115.9582869499904,3316.377197265625,-5408.8017578125,351.65447998046875,148.67010497864766,0.0,0.0,0.4104907624423504,11,2,3,99,46,292,150,47,10,46,2,10,200,1,0,3316.377312477556,-5408.801926254902,148.67010497864766,0,0,0,0,0,0
116.12495354999038,3316.30810546875,-5408.8134765625,351.65216064453125,148.6833847297713,0.0,0.0,0.4091754090040922,11,2,3,99,46,292,150,47,10,46,2,10,200,1,0,3316.3081850923177,-5408.813593935034,148.6833847297713,0,0,0,0,0,0
116.29162014999037,3316.239013671875,-5408.82568359375,351.6496887207031,148.69664571132978,0.0,0.0,0.41094012558460236,11,2,3,99,46,292,150,47,10,46,2,10,200,1,0,3316.23905906566,-5408.825460225284,148.69664571132978,0,0,0,0,0,0
116.45828674999035,3316.16845703125,-5408.83642578125,351.6470947265625,148.7099664338565,0.0,0.0,0.42208628728985786,11,2,3,99,46,292,150,47,10,46,2,10,200,1,0,3316.1685313240646,-5408.836333170701,148.7099664338565,0,0,0,0,0,0
116.62495334999034,3316.096923828125,-5408.84619140625,351.6445617675781,148.72331874474528,0.0,0.0,0.42067444883286953,11,2,3,99,46,292,150,47,10,46,2,10,200,1,0,3316.096888479359,-5408.846344476078,148.72331874474528,0,0,0,0,0,0
116.79161994999032,3316.026123046875,-5408.85693359375,351.6415710449219,148.73667866803038,0.0,0.0,0.4139799624681473,11,2,3,99,46,292,150,47,10,46,2,10,200,1,0,3316.026205280943,-5408.85676412398,148.73667866803038,0,0,0,0,0,0
116.9582865499903,3315.95654296875,-5408.86767578125,351.6382751464844,148.75001513481968,0.0,0.0,0.41201328858733177,11,2,3,99,46,292,150,47,10,46,2,10,200,1,0,3315.956455423188,-5408.867880015033,148.75001513481968,0,0,0,0,0,0
117.12495314999029,3315.88671875,-5408.87939453125,351.63543701171875,148.76332699860632,0.0,0.0,0.4130881279706955,11,2,3,99,46,292,150,47,10,46,2,10,200,1,0,3315.8866970214285,-5408.879274370297,148.76332699860632,0,0,0,0,0,0
117.29161974999028,3315.81689453125,-5408.890625,351.6329345703125,148.77662948133838,0.0,0.0,0.4154512658715248,11,2,3,99,46,292,150,47,10,46,2,10,200,1,0,3315.8168298562478,-5408.890827273746,148.77662948133838,0,0,0,0,0,0
117.45828634999026,3315.746337890625,-5408.90234375,351.6303405761719,148.78992550408597,0.0,0.0,0.4195983987301588,11,2,3,99,46,292,150,47,10,46,2,10,200,1,0,3315.746232085615,-5408.9021320426355,148.78992550408597,0,0,0,0,0,0
117.62495294999025,3315.675048828125,-5408.9130859375,351.6275939941406,148.8031828527988,0.0,0.0,0.42031658813357353,11,2,3,99,46,292,150,47,10,46,2,10,200,1,0,3315.6751590017493,-5408.913085979569,148.8031828527988,0,0,0,0,0,0
117.79161954999023,3315.604248046875,-5408.923828125,351.62469482421875,148.81644020288647,0.0,0.0,0.4193332977592945,11,2,3,99,46,292,150,47,10,46,2,10,200,1,0,3315.6041274691725,-5408.924028211877,148.81644020288647,0,0,0,0,0,0
117.91661949999022,3315.551025390625,-5408.9326171875,351.6224365234375,148.82638421632933,0.0,0.0,0.4196578171104193,11,2,3,99,46,292,150,47,10,46,2,10,200,1,0,3315.550931959561,-5408.9323845060835,148.82638421632933,0,0,0,0,0,0
118.1249527499902,3315.462158203125,-5408.9462890625,351.6188659667969,148.84291385157022,0.0,0.0,0.42070248164236546,11,2,3,99,46,292,150,47,10,46,2,10,200,1,0,3315.462163331294,-5408.946419645267,148.84291385157022,0,0,0,0,0,0
118.33328599999018,3315.373291015625,-5408.96044921875,351.6156005859375,148.85940950610976,0.0,0.0,0.42144153267145157,11,2,3,99,46,292,150,47,10,46,2,10,200,1,0,3315.3731974494626,-5408.960472679677,148.85940950610976,0,0,0,0,0,0
118.54161924999016,3315.2841796875,-5408.974609375,351.6121520996094,148.87587702726333,0.0,0.0,0.42115473188459873,11,2,3,99,46,292,150,47,10,46,2,10,200,1,0,3315.284188440856,-5408.974580255785,148.87587702726333,0,0,0,0,0,0
118.62495254999016,3315.24853515625,-5408.98046875,351.6107177734375,148.88245442695893,0.0,0.0,0.4212629981338978,11,2,3,99,46,292,150,47,10,46,2,10,200,1,0,3315.2486081902366,-5408.980248877819,148.88245442695893,0,0,0,0,0,0
118.83328579999014,3315.159423828125,-5408.994140625,351.6070556640625,148.89887214102947,0.0,0.0,0.42246379889547825,11,2,3,99,46,292,150,47,10,46,2,10,200,1,0,3315.1595113952844,-5408.994378219604,148.89887214102947,0,0,0,0,0,0
118.87495244999013,3315.1416015625,-5408.9970703125,351.6063537597656,148.90215088457148,0.0,0.0,0.42272345162928104,11,2,3,99,46,292,150,47,10,46,2,10,200,1,0,3315.1416576439206,-5408.9971963329945,148.90215088457148,0,0,0,0,0,0
