sim_time_s,pose_x_cm,pose_y_cm,pose_z_cm,yaw_deg,throttle_cmd,steer_cmd,speed_cm_s,near_rocks,near_bumps,near_craters,rock_attempts,rock_success,bump_attempts,bump_success,crater_attempts,crater_success,placed_rocks,placed_bumps,placed_craters,refresh_count,refresh_skipped_distance_gate,refresh_force,refresh_center_x_cm,refresh_center_y_cm,refresh_yaw_deg,refresh_rocks_near_before,refresh_bumps_near_before,refresh_craters_near_before,refresh_rocks_added,refresh_bumps_added,refresh_craters_added
0.7083330500000015,2017.7515869140625,-5114.35009765625,342.82940673828125,67.3998966865608,0.0,0.0,21.23689353466034,8,2,2,14,8,2,2,5,2,8,2,2,1,1,0,2017.7515699293913,-5114.350111163041,67.3998966865608,0,0,0,0,0,0
0.8333330000000019,2018.2852783203125,-5111.98486328125,355.4320983886719,67.34040654940266,0.0,0.0,21.746650338172913,8,2,2,14,8,2,2,5,2,8,2,2,1,1,0,2018.2852686945043,-5111.984931072612,67.34040654940266,0,0,0,0,0,0
0.9583329500000023,2019.229736328125,-5109.80908203125,357.4005432128906,67.32214878111019,0.0,0.0,20.81645280122757,8,2,2,14,8,2,2,5,2,8,2,2,1,1,0,2019.229688584932,-5109.808898167754,67.32214878111019,0,0,0,0,0,0
1.041666250000002,2020.0389404296875,-5108.2490234375,353.0079040527344,67.32026100415821,0.0,0.0,20.530220866203308,8,2,2,14,8,2,2,5,2,8,2,2,1,1,0,2020.03889345777,-5108.2489103230555,67.32026100415821,0,0,0,0,0,0
1.1666662000000008,2020.9351806640625,-5105.5,343.1194763183594,67.27836749729511,0.0,0.0,24.127675592899323,8,2,2,14,8,2,2,5,2,8,2,2,1,1,0,2020.9351515245946,-5105.4998744437335,67.27836749729511,0,0,0,0,0,0
1.2916661499999995,2022.286865234375,-5102.1318359375,338.9238586425781,67.25447137577595,0.0,0.0,26.812651753425598,8,2,2,14,8,2,2,5,2,8,2,2,1,1,0,2022.2868300586601,-5102.131795544608,67.25447137577595,0,0,0,0,0,0
1.4999993999999974,2025.1119384765625,-5096.86181640625,344.9742126464844,67.24373330886493,0.0,0.0,27.59290635585785,8,2,2,14,8,2,2,5,2,8,2,2,1,1,0,2025.1119068329212,-5096.861628007857,67.24373330886493,0,0,0,0,0,0
1.7083326499999953,2027.3623046875,-5091.3681640625,348.1135559082031,67.21516354524235,0.0,0.0,28.90568971633911,8,2,2,14,8,2,2,5,2,8,2,2,1,1,0,2027.3623287008497,-5091.368250122491,67.21516354524235,0,0,0,0,0,0
1.9583325499999928,2029.5545654296875,-5084.7529296875,343.1556091308594,67.11134259544524,0.0,0.0,31.266751885414124,8,2,2,14,8,2,2,5,2,8,2,2,1,1,0,2029.5545113870332,-5084.752751058448,67.11134259544524,0,0,0,0,0,0
2.208332449999996,2031.0477294921875,-5077.77392578125,344.2430114746094,66.91934698069063,0.0,0.0,34.57409739494324,8,2,2,14,8,2,2,5,2,8,2,2,1,1,0,2031.0476923727674,-5077.773812760745,66.91934698069063,0,0,0,0,0,0
2.4166656999999994,2032.9324951171875,-5070.919921875,346.276123046875,66.84299930875567,0.0,0.0,36.57844066619873,8,2,2,14,8,2,2,5,2,8,2,2,1,1,0,2032.93255449509,-5070.919868072418,66.84299930875567,0,0,0,0,0,0
2.6666656000000035,2036.55859375,-5061.94482421875,343.7644958496094,66.88584584131091,0.0,0.0,37.013742327690125,8,2,2,14,8,2,2,5,2,8,2,2,1,1,0,2036.5586335104733,-5061.945023555858,66.88584584131091,0,0,0,0,0,0
2.9166655000000077,2040.3916015625,-5054.09521484375,343.25531005859375,66.99829946911437,0.0,0.0,31.748715043067932,8,2,2,14,8,2,2,5,2,8,2,2,1,1,0,2040.3915702152794,-5054.095124118797,66.99829946911437,0,0,0,0,0,0
3.124998750000011,2042.6761474609375,-5047.85205078125,344.0361328125,67.03763683860176,0.0,0.0,33.96424353122711,8,2,2,14,8,2,2,5,2,8,2,2,1,1,0,2042.6761901273696,-5047.852127730418,67.03763683860176,0,0,0,0,0,0
3.3333320000000146,2044.9215087890625,-5040.62060546875,343.3359680175781,67.01655448007816,0.0,0.0,42.185333371162415,8,2,2,14,8,2,2,5,2,8,2,2,1,1,0,2044.9214980326974,-5040.620816000114,67.01655448007816,0,0,0,0,0,0
3.5833319000000188,2048.6748046875,-5029.63330078125,342.5397644042969,66.99231246184512,0.0,0.0,50.60449838638306,8,2,2,14,8,2,2,5,2,8,2,2,1,1,0,2048.6749188934746,-5029.63351468316,66.99231246184512,0,0,0,0,0,0
3.7916651500000222,2052.69970703125,-5019.20654296875,341.5551452636719,66.99281730637512,0.0,0.0,55.75900673866272,8,2,2,14,8,2,2,5,2,8,2,2,1,1,0,2052.69979091597,-5019.206545743079,66.99281730637512,0,0,0,0,0,0
4.041665050000026,2058.020751953125,-5005.349609375,340.16680908203125,66.97301042727463,0.0,0.0,63.52090239524841,8,2,2,14,8,2,2,5,2,8,2,2,1,1,0,2058.02085547767,-5005.349708335908,66.97301042727463,0,0,0,0,0,0
4.291664950000031,2063.91650390625,-4989.8486328125,338.8849792480469,66.96526651357887,0.0,0.0,69.49255466461182,8,2,2,14,8,2,2,5,2,8,2,2,2,1,0,2063.9165131814166,-4989.848775944401,66.96526651357887,0,0,0,0,0,0
4.499998200000034,2069.289794921875,-4975.98095703125,337.4949035644531,66.97561622079961,0.0,0.0,72.8030264377594,8,2,2,14,8,2,2,5,2,8,2,2,2,1,0,2069.289754006715,-4975.980742834722,66.97561622079961,0,0,0,0,0,0
4.7083314500000375,2074.8857421875,-4961.48828125,336.0469055175781,66.95080561766814,0.0,0.0,76.25415921211243,8,2,2,14,8,2,2,5,2,8,2,2,2,1,0,2074.8857365537024,-4961.488064061595,66.95080561766814,0,0,0,0,0,0
4.916664700000041,2080.596923828125,-4946.5009765625,334.8119812011719,66.92194083827958,0.0,0.0,76.36367082595825,8,2,2,14,8,2,2,5,2,8,2,2,2,1,0,2080.5970134321515,-4946.500916852513,66.92194083827958,0,0,0,0,0,0
5.166664600000045,2086.44140625,-4929.63232421875,334.7717590332031,66.87175759003188,0.0,0.0,72.10937738418579,8,2,2,14,8,2,2,5,2,8,2,2,2,1,0,2086.441356459457,-4929.63240893712,66.87175759003188,0,0,0,0,0,0
5.416664500000049,2092.77783203125,-4912.41552734375,333.9855651855469,66.89965111792267,0.0,0.0,72.45927453041077,8,2,2,14,8,2,2,5,2,8,2,2,2,1,0,2092.7779331988672,-4912.415588091846,66.89965111792267,0,0,0,0,0,0
5.624997750000053,2099.3486328125,-4898.82373046875,332.68829345703125,67.054607697821,0.0,0.0,67.10001230239868,7,2,2,14,8,2,2,5,2,8,2,2,2,1,0,2099.348728914917,-4898.823797219209,67.054607697821,0,0,0,0,0,0
5.7916643500000555,2105.183349609375,-4888.77978515625,330.0124816894531,67.02986770593223,0.0,0.0,61.562347412109375,8,2,2,17,9,3,3,5,2,9,2,2,3,1,0,2105.1834149974047,-4888.77955889927,67.02986770593223,0,0,0,0,0,0
6.04166425000006,2108.870361328125,-4879.212890625,330.421875,66.69728197813336,0.0,0.0,27.762654423713684,8,2,2,17,9,3,3,5,2,9,2,2,3,1,0,2108.8704158167743,-4879.213017908053,66.69728197813336,0,0,0,0,0,0
6.291664150000064,2107.197998046875,-4878.015625,331.4705505371094,66.15916338038929,0.0,0.0,17.354318499565125,8,2,2,17,9,3,3,5,2,9,2,2,3,1,0,2107.198043574512,-4878.0154308106175,66.15916338038929,0,0,0,0,0,0
6.541664050000068,2105.125244140625,-4880.1279296875,332.8466491699219,65.93021198578606,0.0,0.0,15.694105625152588,8,2,2,17,9,3,3,5,2,9,2,2,3,1,0,2105.1253651788707,-4880.128101221689,65.93021198578606,0,0,0,0,0,0
6.791663950000072,2104.9697265625,-4883.99169921875,329.73834228515625,65.88334395406642,0.0,0.0,18.666137754917145,8,2,2,17,9,3,3,5,2,9,2,2,3,1,0,2104.9697171726953,-4883.991774095763,65.88334395406642,0,0,0,0,0,0
7.041663850000076,2104.281005859375,-4886.65869140625,328.5652770996094,65.87511845304094,0.0,0.0,5.451590195298195,8,2,2,17,9,3,3,5,2,9,2,2,3,1,0,2104.280896653633,-4886.65893359482,65.87511845304094,0,0,0,0,0,0
7.24999710000008,2103.724853515625,-4886.25634765625,330.0039978027344,65.87346081383441,0.0,0.0,10.111396759748459,8,2,2,17,9,3,3,5,2,9,2,2,3,1,0,2103.724744003891,-4886.256569626516,65.87346081383441,0,0,0,0,0,0
7.458330350000083,2103.643310546875,-4884.068359375,330.73486328125,65.8505395998969,0.0,0.0,13.418158888816833,8,2,2,17,9,3,3,5,2,9,2,2,3,1,0,2103.643291021665,-4884.068263818015,65.8505395998969,0,0,0,0,0,0
7.708330250000087,2104.2373046875,-4881.68310546875,330.82049560546875,65.81841518228099,0.0,0.0,5.362753197550774,8,2,2,17,9,3,3,5,2,9,2,2,3,1,0,2104.237254845166,-4881.682879650397,65.81841518228099,0,0,0,0,0,0
7.958330150000092,2104.21826171875,-4881.638671875,330.2809143066406,65.7496178407932,0.0,0.0,4.405338689684868,8,2,2,17,9,3,3,5,2,9,2,2,3,1,0,2104.218249849619,-4881.638758947795,65.7496178407932,0,0,0,0,0,0
8.208330050000074,2103.587646484375,-4882.9794921875,330.194580078125,65.69023615369234,0.0,0.0,6.0131799429655075,8,2,2,17,9,3,3,5,2,9,2,2,3,1,0,2103.587584618675,-4882.979252927688,65.69023615369234,0,0,0,0,0,0
8.458329950000051,2103.114501953125,-4883.740234375,330.0865783691406,65.67480572379397,0.0,0.0,1.1265072040259838,8,2,2,17,9,3,3,5,2,9,2,2,3,1,0,2103.1146161565034,-4883.740112209229,65.67480572379397,0,0,0,0,0,0
8.708329850000029,2103.03466796875,-4883.31787109375,330.046630859375,65.66950429696378,0.0,0.0,3.44240665435791,8,2,2,17,9,3,3,5,2,9,2,2,3,1,0,2103.034557513633,-4883.317916477309,65.66950429696378,0,0,0,0,0,0
8.958329750000006,2103.020751953125,-4882.36962890625,330.2153625488281,65.63529783943459,0.0,0.0,4.294887185096741,8,2,2,17,9,3,3,5,2,9,2,2,3,1,0,2103.020673929194,-4882.369806426175,65.63529783943459,0,0,0,0,0,0
9.166662999999987,2102.94384765625,-4881.61572265625,330.2921447753906,65.57988076664593,0.0,0.0,3.5210050642490387,8,2,2,17,9,3,3,5,2,9,2,2,3,1,0,2102.943740537987,-4881.61577691611,65.57988076664593,0,0,0,0,0,0
9.416662899999965,2102.7861328125,-4880.97119140625,330.1778259277344,65.49639493218906,0.0,0.0,2.0038800314068794,8,2,2,17,9,3,3,5,2,9,2,2,3,1,0,2102.786229598992,-4880.9712274914955,65.49639493218906,0,0,0,0,0,0
9.666662799999942,2102.527587890625,-4880.6669921875,330.0644226074219,65.41127768042823,0.0,0.0,1.4523339457809925,8,2,2,17,9,3,3,5,2,9,2,2,3,1,0,2102.527648936117,-4880.667107918749,65.41127768042823,0,0,0,0,0,0
9.791662749999931,2102.372314453125,-4880.56396484375,330.03143310546875,65.3703310483584,0.0,0.0,1.5331816859543324,8,2,2,17,9,3,3,5,2,9,2,2,3,1,0,2102.3722769346437,-4880.564079711937,65.3703310483584,0,0,0,0,0,0
9.91666269999992,2102.22021484375,-4880.43798828125,330.003173828125,65.33111540112378,0.0,0.0,1.6975037753582,8,2,2,17,9,3,3,5,2,9,2,2,3,1,0,2102.2203269586967,-4880.437971611602,65.33111540112378,0,0,0,0,0,0
10.124995949999901,2102.00341796875,-4880.1181640625,329.9573669433594,65.26854204931811,0.0,0.0,2.1767040714621544,8,2,2,17,9,3,3,5,2,9,2,2,3,1,0,2102.0033752748677,-4880.118262621478,65.26854204931811,0,0,0,0,0,0
10.333329199999882,2101.825927734375,-4879.67626953125,329.9206848144531,65.2062432746723,0.0,0.0,2.5714458897709846,8,2,2,17,9,3,3,5,2,9,2,2,3,1,0,2101.8259130500146,-4879.6762510137905,65.2062432746723,0,0,0,0,0,0
10.458329149999871,2101.724609375,-4879.3857421875,329.9068908691406,65.16792424651884,0.0,0.0,2.624736912548542,8,2,2,17,9,3,3,5,2,9,2,2,3,1,0,2101.7246059533954,-4879.385614987281,65.16792424651884,0,0,0,0,0,0
10.541662449999864,2101.655517578125,-4879.193359375,329.8996276855469,65.14189793722919,0.0,0.0,2.5888778269290924,8,2,2,17,9,3,3,5,2,9,2,2,3,1,0,2101.655436210528,-4879.193340305142,65.14189793722919,0,0,0,0,0,0
10.666662399999852,2101.547607421875,-4878.91650390625,329.8869934082031,65.1022969696437,0.0,0.0,2.455981820821762,8,2,2,17,9,3,3,5,2,9,2,2,3,1,0,2101.54764612908,-4878.916662098552,65.1022969696437,0,0,0,0,0,0
10.791662349999841,2101.434814453125,-4878.66064453125,329.86737060546875,65.06232073784408,0.0,0.0,2.276243083178997,8,2,2,17,9,3,3,5,2,9,2,2,3,1,0,2101.4347275724913,-4878.6608790574755,65.06232073784408,0,0,0,0,0,0
10.91666229999983,2101.317138671875,-4878.427734375,329.8389587402344,65.02226891870232,0.0,0.0,2.1055269986391068,8,2,2,17,9,3,3,5,2,9,2,2,3,1,0,2101.317203037493,-4878.427828820261,65.02226891870232,0,0,0,0,0,0
11.041662249999819,2101.19580078125,-4878.2138671875,329.80426025390625,64.98236570528722,0.0,0.0,1.9864538684487343,8,2,2,17,9,3,3,5,2,9,2,2,3,1,0,2101.1957879105944,-4878.214023125048,64.98236570528722,0,0,0,0,0,0
11.208328849999804,2101.029296875,-4877.9462890625,329.75640869140625,64.92962010046269,0.0,0.0,1.9352788105607033,8,2,2,17,9,3,3,5,2,9,2,2,3,1,0,2101.0293291474186,-4877.946270372283,64.92962010046269,0,0,0,0,0,0
11.333328799999792,2100.90234375,-4877.748046875,329.724365234375,64.89047984477808,0.0,0.0,1.9719887524843216,8,2,2,17,9,3,3,5,2,9,2,2,3,1,0,2100.9024309789943,-4877.747803418748,64.89047984477808,0,0,0,0,0,0
11.458328749999781,2100.7763671875,-4877.54150390625,329.69677734375,64.85164434454586,0.0,0.0,2.053286135196686,8,2,2,17,9,3,3,5,2,9,2,2,3,1,0,2100.7763165784263,-4877.5415849611945,64.85164434454586,0,0,0,0,0,0
11.541662049999774,2100.69384765625,-4877.39697265625,329.6802673339844,64.82589017663976,0.0,0.0,2.1164357662200928,8,2,2,17,9,3,3,5,2,9,2,2,3,1,0,2100.6937524581604,-4877.397086203341,64.82589017663976,0,0,0,0,0,0
11.666661999999763,2100.57275390625,-4877.16943359375,329.6571044921875,64.78738025702516,0.0,0.0,2.2033657878637314,8,2,2,17,9,3,3,5,2,9,2,2,3,1,0,2100.572771402674,-4877.169316424793,64.78738025702516,0,0,0,0,0,0
11.791661949999751,2100.455078125,-4876.9306640625,329.6347351074219,64.74886971881268,0.0,0.0,2.2628365084528923,8,2,2,17,9,3,3,5,2,9,2,2,3,1,0,2100.455002512531,-4876.930567165229,64.74886971881268,0,0,0,0,0,0
11.999995199999733,2100.274658203125,-4876.52880859375,329.60064697265625,64.68763362971534,0.0,0.0,2.13676318526268,8,2,2,17,9,3,3,5,2,9,2,2,3,1,0,2100.2746360230985,-4876.528818216403,64.68763362971534,0,0,0,0,0,0
12.208328449999714,2100.118408203125,-4876.169921875,329.5795593261719,64.63273757906808,0.0,0.0,1.8077680841088295,8,2,2,17,9,3,3,5,2,9,2,2,3,1,0,2100.1184576689207,-4876.170067657408,64.63273757906808,0,0,0,0,0,0
12.374995049999699,2099.991455078125,-4875.93505859375,329.5562744140625,64.5912282172251,0.0,0.0,1.5601243823766708,8,2,2,17,9,3,3,5,2,9,2,2,3,1,0,2099.9914356694076,-4875.934867333706,64.5912282172251,0,0,0,0,0,0
12.58332829999968,2099.81884765625,-4875.69189453125,329.51092529296875,64.54047633273909,0.0,0.0,1.4100276865065098,8,2,2,17,9,3,3,5,2,9,2,2,3,1,0,2099.818955349574,-4875.691879077996,64.54047633273909,0,0,0,0,0,0
12.749994899999665,2099.676513671875,-4875.5107421875,329.47308349609375,64.50079023670233,0.0,0.0,1.4240261167287827,8,2,2,17,9,3,3,5,2,9,2,2,3,1,0,2099.6765392613897,-4875.51061635281,64.50079023670233,0,0,0,0,0,0
12.958328149999646,2099.501708984375,-4875.26513671875,329.4351501464844,64.452202928604,0.0,0.0,1.5590514056384563,8,2,2,17,9,3,3,5,2,9,2,2,3,1,0,2099.501614948084,-4875.264933924794,64.452202928604,0,0,0,0,0,0
13.166661399999628,2099.33349609375,-4874.98583984375,329.4087219238281,64.40437118402966,0.0,0.0,1.6853338107466698,8,2,2,17,9,3,3,5,2,9,2,2,3,1,0,2099.333418192541,-4874.98573160136,64.40437118402966,0,0,0,0,0,0
13.291661349999616,2099.23486328125,-4874.8076171875,329.3952941894531,64.37587693244875,0.0,0.0,1.7106639221310616,8,2,2,17,9,3,3,5,2,9,2,2,3,1,0,2099.2348348053383,-4874.807654883045,64.37587693244875,0,0,0,0,0,0
13.499994599999598,2099.071044921875,-4874.51171875,329.3708801269531,64.32855690101701,0.0,0.0,1.655266247689724,8,2,2,17,9,3,3,5,2,9,2,2,3,1,0,2099.071020669238,-4874.511817950522,64.32855690101701,0,0,0,0,0,0
13.708327849999579,2098.90234375,-4874.23681640625,329.33953857421875,64.28139685756274,0.0,0.0,1.5534039586782455,8,2,2,17,9,3,3,5,2,9,2,2,3,1,0,2098.902275486498,-4874.236619731315,64.28139685756274,0,0,0,0,0,0
13.91666109999956,2098.726806640625,-4873.98388671875,329.3034973144531,64.2345903515802,0.0,0.0,1.4981478452682495,8,2,2,17,9,3,3,5,2,9,2,2,3,1,0,2098.7267490846157,-4873.983687836723,64.2345903515802,0,0,0,0,0,0
14.041661049999549,2098.619384765625,-4873.83642578125,329.28204345703125,64.20679962689,0.0,0.0,1.5026268549263477,8,2,2,17,9,3,3,5,2,9,2,2,3,1,0,2098.619436749978,-4873.836341524788,64.20679962689,0,0,0,0,0,0
14.24999429999953,2098.440185546875,-4873.5849609375,329.2492370605469,64.16125350495999,0.0,0.0,1.5486647374927998,8,2,2,17,9,3,3,5,2,9,2,2,3,1,0,2098.4400889700814,-4873.58517503964,64.16125350495999,0,0,0,0,0,0
14.416660899999515,2098.30029296875,-4873.375,329.22540283203125,64.12544904736077,0.0,0.0,1.5251767821609974,8,2,2,17,9,3,3,5,2,9,2,2,3,1,0,2098.300309135458,-4873.374861971836,64.12544904736077,0,0,0,0,0,0
14.5833274999995,2098.1845703125,-4873.1748046875,329.2127990722656,64.09576422117887,0.0,0.0,1.3984473422169685,8,2,2,17,9,3,3,5,2,9,2,2,3,1,0,2098.1844918304496,-4873.174870368359,64.09576422117887,0,0,0,0,0,0
14.791660749999481,2098.040771484375,-4872.95654296875,329.2023010253906,64.06046195056037,0.0,0.0,1.215571817010641,8,2,2,17,9,3,3,5,2,9,2,2,3,1,0,2098.0406659715245,-4872.9563611238655,64.06046195056037,0,0,0,0,0,0
14.958327349999466,2097.91943359375,-4872.8193359375,329.1868896484375,64.03437305520151,0.0,0.0,1.0642247274518013,8,2,2,17,9,3,3,5,2,9,2,2,3,1,0,2097.919503174842,-4872.8193652953105,64.03437305520151,0,0,0,0,0,0
15.166660599999448,2097.761962890625,-4872.6865234375,329.1634826660156,64.00417440663819,0.0,0.0,0.9604727849364281,8,2,2,17,9,3,3,5,2,9,2,2,3,1,0,2097.7620172162774,-4872.686412322675,64.00417440663819,0,0,0,0,0,0
15.374993849999429,2097.60205078125,-4872.56884765625,329.1372375488281,63.976149413811655,0.0,0.0,0.96231484785676,8,2,2,17,9,3,3,5,2,9,2,2,3,1,0,2097.6020308484563,-4872.568904837581,63.976149413811655,0,0,0,0,0,0
15.58332709999941,2097.444091796875,-4872.43896484375,329.114501953125,63.94960131077722,0.0,0.0,1.0306750424206257,8,2,2,17,9,3,3,5,2,9,2,2,3,1,0,2097.444104982422,-4872.4390574490635,63.94960131077722,0,0,0,0,0,0
15.708327049999399,2097.3515625,-4872.349609375,329.10443115234375,63.93409419658324,0.0,0.0,1.0802566073834896,8,2,2,17,9,3,3,5,2,9,2,2,3,1,0,2097.351650806156,-4872.349401066917,63.93409419658324,0,0,0,0,0,0
15.91666029999938,2097.200927734375,-4872.18408203125,329.0917663574219,63.90863963842809,0.0,0.0,1.1338889598846436,8,2,2,17,9,3,3,5,2,9,2,2,3,1,0,2097.2009182214633,-4872.183985308196,63.90863963842809,0,0,0,0,0,0
16.124993549999363,2097.051513671875,-4872.01220703125,329.0794982910156,63.88347886038138,0.0,0.0,1.1266140267252922,8,2,2,17,9,3,3,5,2,9,2,2,3,1,0,2097.0515763858625,-4872.012000003924,63.88347886038138,0,0,0,0,0,0
16.333326799999345,2096.89990234375,-4871.84814453125,329.0635681152344,63.85856561994869,0.0,0.0,1.0855715721845627,8,2,2,17,9,3,3,5,2,9,2,2,3,1,0,2096.899972082511,-4871.847998419915,63.85856561994869,0,0,0,0,0,0
16.49999339999933,2096.776123046875,-4871.7265625,329.04827880859375,63.83873545468739,0.0,0.0,1.0483301244676113,8,2,2,17,9,3,3,5,2,9,2,2,3,1,0,2096.7762173960764,-4871.726363201771,63.83873545468739,0,0,0,0,0,0
16.62499334999932,2096.683349609375,-4871.64013671875,329.0374755859375,63.82361993603806,0.0,0.0,1.0312038473784924,8,2,2,17,9,3,3,5,2,9,2,2,3,1,0,2096.6832738683634,-4871.640377868428,63.82361993603806,0,0,0,0,0,0
16.791659949999303,2096.559814453125,-4871.52783203125,329.025146484375,63.80337974197147,0.0,0.0,1.027517206966877,8,2,2,17,9,3,3,5,2,9,2,2,3,1,0,2096.559757605917,-4871.527885226593,63.80337974197147,0,0,0,0,0,0
16.95832654999929,2096.439208984375,-4871.41259765625,329.01446533203125,63.78291177378571,0.0,0.0,1.0378164239227772,8,2,2,17,9,3,3,5,2,9,2,2,3,1,0,2096.439190127199,-4871.4124570839285,63.78291177378571,0,0,0,0,0,0
17.124993149999273,2096.32373046875,-4871.2900390625,329.00537109375,63.762099704686094,0.0,0.0,1.0529273189604282,8,2,2,17,9,3,3,5,2,9,2,2,3,1,0,2096.3236541194447,-4871.290268031562,63.762099704686094,0,0,0,0,0,0
17.29165974999926,2096.2138671875,-4871.16064453125,328.9972839355469,63.740867076725195,0.0,0.0,1.0669564828276634,8,2,2,17,9,3,3,5,2,9,2,2,3,1,0,2096.2139003833563,-4871.160488311684,63.740867076725195,0,0,0,0,0,0
17.416659699999247,2096.135009765625,-4871.0595703125,328.9911804199219,63.724673394613234,0.0,0.0,1.0713291354477406,8,2,2,17,9,3,3,5,2,9,2,2,3,1,0,2096.134930232007,-4871.059383766936,63.724673394613234,0,0,0,0,0,0
17.62499294999923,2096.00732421875,-4870.888671875,328.9802551269531,63.69720413093156,0.0,0.0,1.0612758807837963,8,2,2,17,9,3,3,5,2,9,2,2,3,1,0,2096.0074190461073,-4870.888472209419,63.69720413093156,0,0,0,0,0,0
17.83332619999921,2095.883056640625,-4870.71875,328.96759033203125,63.66928200042219,0.0,0.0,1.0421129874885082,8,2,2,17,9,3,3,5,2,9,2,2,3,1,0,2095.8829738611666,-4870.718967676727,63.66928200042219,0,0,0,0,0,0
17.999992799999195,2095.784912109375,-4870.5849609375,328.95623779296875,63.64668636455042,0.0,0.0,1.029975526034832,8,2,2,17,9,3,3,5,2,9,2,2,3,1,0,2095.784887039801,-4870.585141889963,63.64668636455042,0,0,0,0,0,0
18.208326049999176,2095.6640625,-4870.4189453125,328.9417419433594,63.618178320291584,0.0,0.0,1.0265577584505081,8,2,2,17,9,3,3,5,2,9,2,2,3,1,0,2095.6641143192533,-4870.418743361434,63.618178320291584,0,0,0,0,0,0
18.37499264999916,2095.569580078125,-4870.28369140625,328.9302978515625,63.59516814303603,0.0,0.0,1.0351669043302536,8,2,2,17,9,3,3,5,2,9,2,2,3,1,0,2095.5696366982847,-4870.283583767118,63.59516814303603,0,0,0,0,0,0
18.541659249999146,2095.47900390625,-4870.14404296875,328.919189453125,63.57179084880212,0.0,0.0,1.0520127601921558,8,2,2,17,9,3,3,5,2,9,2,2,3,1,0,2095.4789402122847,-4870.14391598049,63.57179084880212,0,0,0,0,0,0
18.749992499999127,2095.369873046875,-4869.962890625,328.9056091308594,63.542306899346734,0.0,0.0,1.069731917232275,8,2,2,17,9,3,3,5,2,9,2,2,3,1,0,2095.369826858636,-4869.962812478543,63.542306899346734,0,0,0,0,0,0
18.95832574999911,2095.263427734375,-4869.77783203125,328.8921813964844,63.512501678711246,0.0,0.0,1.076855044811964,8,2,2,17,9,3,3,5,2,9,2,2,3,1,0,2095.2634454492268,-4869.7778039875075,63.512501678711246,0,0,0,0,0,0
19.083325699999097,2095.20068359375,-4869.66552734375,328.884033203125,63.49445086436033,0.0,0.0,1.0785805061459541,8,2,2,17,9,3,3,5,2,9,2,2,3,1,0,2095.200777324342,-4869.665666583999,63.49445086436033,0,0,0,0,0,0
19.249992299999082,2095.118408203125,-4869.515625,328.8727111816406,63.47019543758333,0.0,0.0,1.0778014548122883,8,2,2,17,9,3,3,5,2,9,2,2,3,1,0,2095.1183643443346,-4869.515431521055,63.47019543758333,0,0,0,0,0,0
19.458325549999063,2095.016845703125,-4869.3271484375,328.8579406738281,63.4395900418334,0.0,0.0,1.0779304429888725,8,2,2,17,9,3,3,5,2,9,2,2,3,1,0,2095.0169256581707,-4869.326938518766,63.4395900418334,0,0,0,0,0,0
19.666658799999045,2094.917236328125,-4869.13720703125,328.8428649902344,63.40868475920732,0.0,0.0,1.0812055319547653,8,2,2,17,9,3,3,5,2,9,2,2,3,1,0,2094.917140810379,-4869.137299745818,63.40868475920732,0,0,0,0,0,0
19.83332539999903,2094.838623046875,-4868.98388671875,328.830810546875,63.38377140637245,0.0,0.0,1.0877558961510658,8,2,2,17,9,3,3,5,2,9,2,2,3,1,0,2094.838738169731,-4868.984094808091,63.38377140637245,0,0,0,0,0,0
19.95832534999902,2094.78076171875,-4868.86767578125,328.8216552734375,63.36495250581289,0.0,0.0,1.0950790718197823,8,2,2,17,9,3,3,5,2,9,2,2,3,1,0,2094.7808769246526,-4868.867766243149,63.36495250581289,0,0,0,0,0,0
20.166658599999,2094.686279296875,-4868.6708984375,328.80615234375,63.33340607449182,0.0,0.0,1.1083330027759075,8,2,2,17,9,3,3,5,2,9,2,2,3,1,0,2094.6863299447677,-4868.670791808726,63.33340607449182,0,0,0,0,0,0
20.37499184999898,2094.59375,-4868.470703125,328.7907409667969,63.30153064135705,0.0,0.0,1.1188010685145855,8,2,2,17,9,3,3,5,2,9,2,2,3,1,0,2094.593805031442,-4868.470466349057,63.30153064135705,0,0,0,0,0,0
20.541658449998966,2094.52099609375,-4868.30810546875,328.77838134765625,63.27578484729229,0.0,0.0,1.1248777620494366,8,2,2,17,9,3,3,5,2,9,2,2,3,1,0,2094.5211161605575,-4868.308283659792,63.27578484729229,0,0,0,0,0,0
20.666658399998955,2094.46728515625,-4868.185546875,328.7688293457031,63.25633241780379,0.0,0.0,1.1288355104625225,8,2,2,17,9,3,3,5,2,9,2,2,3,1,0,2094.467319812476,-4868.185692973841,63.25633241780379,0,0,0,0,0,0
20.749991699998947,2094.431884765625,-4868.103515625,328.7623291015625,63.24330191068894,0.0,0.0,1.1311954818665981,8,2,2,17,9,3,3,5,2,9,2,2,3,1,0,2094.4318011701575,-4868.103555817472,63.24330191068894,0,0,0,0,0,0
20.916658299998932,2094.361572265625,-4867.9384765625,328.74908447265625,63.21709701547698,0.0,0.0,1.1374248191714287,8,2,2,17,9,3,3,5,2,9,2,2,3,1,0,2094.3615177409038,-4867.93823521639,63.21709701547698,0,0,0,0,0,0
21.083324899998917,2094.2919921875,-4867.771484375,328.7356872558594,63.190693167621,0.0,0.0,1.1442964896559715,8,2,2,17,9,3,3,5,2,9,2,2,3,1,0,2094.292075972565,-4867.771512967319,63.190693167621,0,0,0,0,0,0
21.2916581499989,2094.206298828125,-4867.56103515625,328.7187805175781,63.15737460061853,0.0,0.0,1.1483192443847656,8,2,2,17,9,3,3,5,2,9,2,2,3,1,0,2094.206353553137,-4867.561271152477,63.15737460061853,0,0,0,0,0,0
21.49999139999888,2094.120361328125,-4867.35302734375,328.7015686035156,63.12380801916444,0.0,0.0,1.1284423060715199,8,2,2,17,9,3,3,5,2,9,2,2,3,1,0,2094.12031358365,-4867.35321408366,63.12380801916444,0,0,0,0,0,0
21.62499134999887,2094.06787109375,-4867.23095703125,328.69073486328125,63.1035704259488,0.0,0.0,1.1125131510198116,8,2,2,17,9,3,3,5,2,9,2,2,3,1,0,2094.067798119669,-4867.231111322407,63.1035704259488,0,0,0,0,0,0
21.83332459999885,2093.97021484375,-4867.03125,328.66973876953125,63.06786671069127,0.0,0.0,1.519253384321928,8,2,2,17,9,3,3,5,2,9,2,2,3,1,0,2093.970142779274,-4867.031198532697,63.06786671069127,0,0,0,0,0,0
22.04165784999883,2093.802978515625,-4866.70654296875,328.5041809082031,63.010582262767514,0.0,0.0,1.8647745251655579,8,2,2,17,9,3,3,5,2,9,2,2,3,1,0,2093.8029898913287,-4866.706714551661,63.010582262767514,0,0,0,0,0,0
22.249991099998812,2093.7216796875,-4866.3095703125,328.4214172363281,62.95640837378873,0.0,0.0,2.13047843426466,8,2,2,17,9,3,3,5,2,9,2,2,3,1,0,2093.721718468028,-4866.309395856369,62.95640837378873,0,0,0,0,0,0
22.3749910499988,2093.6591796875,-4866.04296875,328.4312438964844,62.91931179115225,0.0,0.0,2.4988889694213867,8,2,2,17,9,3,3,5,2,9,2,2,3,1,0,2093.6592151143996,-4866.043208966206,62.91931179115225,0,0,0,0,0,0
22.583324299998782,2093.521484375,-4865.521484375,328.40167236328125,62.846881769779046,0.0,0.0,2.9704703018069267,8,2,2,17,9,3,3,5,2,9,2,2,3,1,0,2093.5214989199135,-4865.521387932997,62.846881769779046,0,0,0,0,0,0
22.749990899998767,2093.421630859375,-4865.0498046875,328.3299865722656,62.782015148237896,0.0,0.0,2.9899612069129944,8,2,2,17,9,3,3,5,2,9,2,2,3,1,0,2093.421717035688,-4865.049944718143,62.782015148237896,0,0,0,0,0,0
22.916657499998752,2093.317626953125,-4864.60107421875,328.2285461425781,62.71562518968455,0.0,0.0,2.614750899374485,8,2,2,17,9,3,3,5,2,9,2,2,3,1,0,2093.3175840684307,-4864.60086768376,62.71562518968455,0,0,0,0,0,0
23.124990749998734,2093.132080078125,-4864.1943359375,328.09521484375,62.636598323405714,0.0,0.0,1.886836439371109,8,2,2,17,9,3,3,5,2,9,2,2,3,1,0,2093.1320759703467,-4864.19454664675,62.636598323405714,0,0,0,0,0,0
23.249990699998722,2092.94873046875,-4864.0458984375,328.02008056640625,62.58362840417328,0.0,0.0,1.8307534977793694,8,2,2,17,9,3,3,5,2,9,2,2,3,1,0,2092.9486698740634,-4864.0461220013185,62.58362840417328,0,0,0,0,0,0
23.458323949998704,2092.607177734375,-4863.83935546875,327.90069580078125,62.49600707162392,0.0,0.0,1.9354198127985,8,2,2,17,9,3,3,5,2,9,2,2,3,1,0,2092.6072333362836,-4863.839115791061,62.49600707162392,0,0,0,0,0,0
23.666657199998685,2092.310546875,-4863.5048828125,327.781005859375,62.41197218890981,0.0,0.0,2.3739900439977646,8,2,2,17,9,3,3,5,2,9,2,2,3,1,0,2092.310565692795,-4863.504651481617,62.41197218890981,0,0,0,0,0,0
23.791657149998674,2092.181884765625,-4863.21875,327.7243957519531,62.36662072099938,0.0,0.0,2.7902545407414436,8,2,2,17,9,3,3,5,2,9,2,2,3,1,0,2092.182003484038,-4863.218692227452,62.36662072099938,0,0,0,0,0,0
23.95832374999866,2092.039306640625,-4862.75634765625,327.6737976074219,62.30413789312694,0.0,0.0,3.198227658867836,8,2,2,17,9,3,3,5,2,9,2,2,3,1,0,2092.0393517868897,-4862.756158302777,62.30413789312694,0,0,0,0,0,0
24.04165704999865,2091.972412109375,-4862.505859375,327.6488037109375,62.27161414255952,0.0,0.0,3.2675564289093018,8,2,2,17,9,3,3,5,2,9,2,2,3,1,0,2091.9723359719565,-4862.505856149501,62.27161414255952,0,0,0,0,0,0
24.208323649998636,2091.814208984375,-4862.00244140625,327.5754089355469,62.19955207053393,0.0,0.0,3.217015415430069,8,2,2,17,9,3,3,5,2,9,2,2,3,1,0,2091.8141785100966,-4862.0023455817645,62.19955207053393,0,0,0,0,0,0
24.37499024999862,2091.62939453125,-4861.5390625,327.468505859375,62.12432772801247,0.0,0.0,2.9320362955331802,8,2,2,17,9,3,3,5,2,9,2,2,3,1,0,2091.6293156814854,-4861.539294166774,62.12432772801247,0,0,0,0,0,0
24.583323499998603,2091.369384765625,-4861.03564453125,327.3236389160156,62.03033727151106,0.0,0.0,2.6357008144259453,8,2,2,17,9,3,3,5,2,9,2,2,3,1,0,2091.369458391467,-4861.035646915675,62.03033727151106,0,0,0,0,0,0
24.749990099998588,2091.14794921875,-4860.66943359375,327.20751953125,61.95628311618295,0.0,0.0,2.5700924918055534,8,2,2,17,9,3,3,5,2,9,2,2,3,1,0,2091.1479244750535,-4860.6695478956135,61.95628311618295,0,0,0,0,0,0
24.791656749998584,2091.092041015625,-4860.57958984375,327.1782531738281,61.93804020848059,0.0,0.0,2.5714484974741936,8,2,2,17,9,3,3,5,2,9,2,2,3,1,0,2091.0919375691465,-4860.579611923229,61.93804020848059,0,0,0,0,0,0
24.874990049998576,2090.98046875,-4860.39892578125,327.1199645996094,61.901941368791,0.0,0.0,2.586306631565094,8,2,2,17,9,3,3,5,2,9,2,2,3,1,0,2090.9804809569346,-4860.399075186964,61.901941368791,0,0,0,0,0,0
24.999989999998565,2090.81640625,-4860.12353515625,327.0343017578125,61.848795162310566,0.0,0.0,2.6156770065426826,8,2,2,17,9,3,3,5,2,9,2,2,3,1,0,2090.81634306677,-4860.12371459497,61.848795162310566,0,0,0,0,0,0
25.16665659999855,2090.6025390625,-4859.75244140625,326.9250793457031,61.78007202741163,0.0,0.0,2.6161829009652138,8,2,2,17,9,3,3,5,2,9,2,2,3,1,0,2090.602514244684,-4859.752567709835,61.78007202741163,0,0,0,0,0,0
25.37498984999853,2090.33935546875,-4859.296875,326.7923889160156,61.69757584139497,0.0,0.0,2.526487596333027,8,2,2,17,9,3,3,5,2,9,2,2,3,1,0,2090.3393913366513,-4859.2967944699,61.69757584139497,0,0,0,0,0,0
25.416656499998528,2090.287109375,-4859.208984375,326.7657470703125,61.681551754559365,0.0,0.0,2.493211254477501,8,2,2,17,9,3,3,5,2,9,2,2,3,1,0,2090.2869877168014,-4859.208976967843,61.681551754559365,0,0,0,0,0,0
25.458323149998524,2090.234619140625,-4859.12255859375,326.7390441894531,61.66570218317439,0.0,0.0,2.45510321110487,8,2,2,17,9,3,3,5,2,9,2,2,3,1,0,2090.234601302641,-4859.122782116355,61.66570218317439,0,0,0,0,0,0
25.62498974999851,2090.024658203125,-4858.796875,326.63128662109375,61.60414166179082,0.0,0.0,2.2844960913062096,8,2,2,17,9,3,3,5,2,9,2,2,3,1,0,2090.0245804254114,-4858.7967147747395,61.60414166179082,0,0,0,0,0,0
25.7083230499985,2089.91943359375,-4858.64599609375,326.57708740234375,61.57456214213743,0.0,0.0,2.195938117802143,8,2,2,17,9,3,3,5,2,9,2,2,3,1,0,2089.9194166231327,-4858.645997044919,61.57456214213743,0,0,0,0,0,0
25.874989649998486,2089.707275390625,-4858.36669921875,326.4681091308594,61.517177076849464,0.0,0.0,2.091134712100029,8,2,2,17,9,3,3,5,2,9,2,2,3,1,0,2089.7073880541298,-4858.36684730379,61.517177076849464,0,0,0,0,0,0
26.04165624999847,2089.4697265625,-4858.10107421875,326.35009765625,61.45571549728948,0.0,0.0,2.2823305800557137,8,2,2,17,9,3,3,5,2,9,2,2,3,1,0,2089.4697758825737,-4858.1010402285465,61.45571549728948,0,0,0,0,0,0
26.208322849998456,2089.218505859375,-4857.7919921875,326.22314453125,61.38667633597694,0.0,0.0,2.53140926361084,8,2,2,17,9,3,3,5,2,9,2,2,3,1,0,2089.2185522405175,-4857.79179055714,61.38667633597694,0,0,0,0,0,0
26.416656099998438,2088.976318359375,-4857.25,326.0865783691406,61.29862534477106,0.0,0.0,3.4325499087572098,8,2,2,17,9,3,3,5,2,9,2,2,3,1,0,2088.9762795405954,-4857.249920132516,61.29862534477106,0,0,0,0,0,0
26.541656049998426,2088.82421875,-4856.7880859375,325.9983215332031,61.22920126221675,0.0,0.0,4.394251853227615,8,2,2,17,9,3,3,5,2,9,2,2,3,1,0,2088.824102308641,-4856.788009871397,61.22920126221675,0,0,0,0,0,0
26.749989299998408,2088.563232421875,-4855.87890625,325.8936462402344,61.09891446041291,0.0,0.0,5.0439756363630295,8,2,2,17,9,3,3,5,2,9,2,2,3,1,0,2088.5631706261593,-4855.87903574956,61.09891446041291,0,0,0,0,0,0
26.95832254999839,2088.2880859375,-4854.94677734375,325.88360595703125,60.961492515425434,0.0,0.0,4.889212176203728,8,2,2,17,9,3,3,5,2,9,2,2,3,1,0,2088.2881984287637,-4854.946905290355,60.961492515425434,0,0,0,0,0,0
27.124989149998374,2088.067626953125,-4854.2451171875,325.84161376953125,60.84937632635417,0.0,0.0,4.447320103645325,8,2,2,17,9,3,3,5,2,9,2,2,3,1,0,2088.0675146038234,-4854.24526521876,60.84937632635417,0,0,0,0,0,0
27.333322399998355,2087.79541015625,-4853.44970703125,325.6983947753906,60.711066631791866,0.0,0.0,3.8946960121393204,8,2,2,17,9,3,3,5,2,9,2,2,3,1,0,2087.795306495655,-4853.449637383539,60.711066631791866,0,0,0,0,0,0
27.458322349998344,2087.624267578125,-4853.015625,325.60052490234375,60.629013334005286,0.0,0.0,3.709264099597931,8,2,2,17,9,3,3,5,2,9,2,2,3,1,0,2087.624201348083,-4853.015707900901,60.629013334005286,0,0,0,0,0,0
27.666655599998325,2087.315185546875,-4852.330078125,325.47540283203125,60.49362739124299,0.0,0.0,3.739865869283676,8,2,2,17,9,3,3,5,2,9,2,2,3,1,0,2087.315130449881,-4852.330257446218,60.49362739124299,0,0,0,0,0,0
27.83332219999831,2087.05908203125,-4851.77197265625,325.4063415527344,60.38702895086631,0.0,0.0,3.9267361164093018,8,2,2,17,9,3,3,5,2,9,2,2,3,1,0,2087.0589630717805,-4851.772072335062,60.38702895086631,0,0,0,0,0,0
28.04165544999829,2086.756103515625,-4851.02587890625,325.3235778808594,60.25538061086741,0.0,0.0,4.111766815185547,8,2,2,17,9,3,3,5,2,9,2,2,3,1,0,2086.756139821406,-4851.025741654451,60.25538061086741,0,0,0,0,0,0
28.16665539999828,2086.58642578125,-4850.5595703125,325.26708984375,60.176438740408614,0.0,0.0,4.1455041617155075,8,2,2,17,9,3,3,5,2,9,2,2,3,1,0,2086.5863390075715,-4850.559527962376,60.176438740408614,0,0,0,0,0,0
28.208322049998277,2086.53125,-4850.40283203125,325.2472229003906,60.15013502471376,0.0,0.0,4.146755114197731,8,2,2,17,9,3,3,5,2,9,2,2,3,1,0,2086.531148225452,-4850.402676411986,60.15013502471376,0,0,0,0,0,0
28.37498864999826,2086.312744140625,-4849.77587890625,325.1653747558594,60.044799139242485,0.0,0.0,4.113117232918739,8,2,2,17,9,3,3,5,2,9,2,2,3,1,0,2086.3128339256127,-4849.775675297628,60.044799139242485,0,0,0,0,0,0
28.541655249998247,2086.091064453125,-4849.1591796875,325.0843811035156,59.939217978643924,0.0,0.0,4.046184942126274,8,2,2,17,9,3,3,5,2,9,2,2,3,1,0,2086.091147351955,-4849.1591747297125,59.939217978643924,0,0,0,0,0,0
28.70832184999823,2085.862548828125,-4848.5576171875,325.0064392089844,59.83371339732247,0.0,0.0,3.9807673543691635,8,2,2,17,9,3,3,5,2,9,2,2,3,1,0,2085.86249774153,-4848.557431411281,59.83371339732247,0,0,0,0,0,0
28.874988449998217,2085.629638671875,-4847.96630859375,324.9286804199219,59.72881266116911,0.0,0.0,3.9362527430057526,8,2,2,17,9,3,3,5,2,9,2,2,3,1,0,2085.629541467674,-4847.966324747162,59.72881266116911,0,0,0,0,0,0
29.0416550499982,2085.396728515625,-4847.38037109375,324.8489685058594,59.6245809811071,0.0,0.0,3.91191802918911,8,2,2,17,9,3,3,5,2,9,2,2,3,1,0,2085.3966998126734,-4847.380185808786,59.6245809811071,0,0,0,0,0,0
29.208321649998187,2085.166259765625,-4846.79443359375,324.7683410644531,59.52100773187759,0.0,0.0,3.917425498366356,8,2,2,17,9,3,3,5,2,9,2,2,3,1,0,2085.1663711573624,-4846.794343397146,59.52100773187759,0,0,0,0,0,0
29.37498824999817,2084.939697265625,-4846.20458984375,324.6893005371094,59.41801992401521,0.0,0.0,3.938847780227661,8,2,2,17,9,3,3,5,2,9,2,2,3,1,0,2084.939583085201,-4846.204386430427,59.41801992401521,0,0,0,0,0,0
29.541654849998157,2084.714599609375,-4845.61181640625,324.6130065917969,59.315195073965356,0.0,0.0,3.950146958231926,8,2,2,17,9,3,3,5,2,9,2,2,3,1,0,2084.7145956511517,-4845.611870710852,59.315195073965356,0,0,0,0,0,0
29.749988099998138,2084.434326171875,-4844.87158203125,324.5199890136719,59.18682755546411,0.0,0.0,3.937453404068947,8,2,2,17,9,3,3,5,2,9,2,2,3,1,0,2084.4343869946497,-4844.871563174114,59.18682755546411,0,0,0,0,0,0
29.874988049998127,2084.266845703125,-4844.42919921875,324.4634704589844,59.11000908197767,0.0,0.0,3.9185456931591034,8,2,2,17,9,3,3,5,2,9,2,2,3,1,0,2084.2668628874544,-4844.429115206973,59.11000908197767,0,0,0,0,0,0
30.04165464999811,2084.050537109375,-4843.84716796875,324.3886413574219,59.00962169849677,0.0,0.0,3.5435929894447327,8,2,2,17,9,3,3,5,2,9,2,2,3,1,0,2084.0504412882015,-4843.847310202053,59.00962169849677,0,0,0,0,0,0
30.249987899998093,2083.954833984375,-4843.423828125,324.4580078125,58.948282029560914,0.0,0.0,1.1653178371489048,8,2,2,17,9,3,3,5,2,9,2,2,3,1,0,2083.954812124107,-4843.424004639068,58.948282029560914,0,0,0,0,0,0
30.416654499998078,2083.86767578125,-4843.37548828125,324.5476989746094,58.92257766642425,0.0,0.0,0.7305878680199385,8,2,2,17,9,3,3,5,2,9,2,2,3,1,0,2083.8675790107854,-4843.3754926933825,58.92257766642425,0,0,0,0,0,0
30.62498774999806,2083.680908203125,-4843.57421875,324.4703063964844,58.907087756469735,0.0,0.0,1.7525209113955498,8,2,2,17,9,3,3,5,2,9,2,2,3,1,0,2083.680941391514,-4843.574448298358,58.907087756469735,0,0,0,0,0,0
30.70832104999805,2083.601318359375,-4843.693359375,324.4207763671875,58.90485451180571,0.0,0.0,1.8485436215996742,8,2,2,17,9,3,3,5,2,9,2,2,3,1,0,2083.6012936971865,-4843.693175682304,58.90485451180571,0,0,0,0,0,0
30.874987649998037,2083.4560546875,-4843.919921875,324.3567810058594,58.90452472932214,0.0,0.0,1.5340651385486126,8,2,2,17,9,3,3,5,2,9,2,2,3,1,0,2083.455997789965,-4843.91993786813,58.90452472932214,0,0,0,0,0,0
31.04165424999802,2083.33349609375,-4844.06689453125,324.3411865234375,58.905741732293016,0.0,0.0,0.8612953126430511,8,2,2,17,9,3,3,5,2,9,2,2,3,1,0,2083.333559634674,-4844.066753442568,58.905741732293016,0,0,0,0,0,0
31.208320849998007,2083.243896484375,-4844.10009765625,324.364501953125,58.90673098772012,0.0,0.0,0.4922369960695505,8,2,2,17,9,3,3,5,2,9,2,2,3,1,0,2083.2438033013746,-4844.100128724692,58.90673098772012,0,0,0,0,0,0
31.37498744999799,2083.193359375,-4844.0478515625,324.4100036621094,58.906887043402875,0.0,0.0,0.5714371334761381,8,2,2,17,9,3,3,5,2,9,2,2,3,1,0,2083.1932698846017,-4844.047963452642,58.906887043402875,0,0,0,0,0,0
31.541654049997977,2083.1708984375,-4843.9736328125,324.4447326660156,58.90660649064841,0.0,0.0,0.445966562256217,8,2,2,17,9,3,3,5,2,9,2,2,3,1,0,2083.170947770331,-4843.973705585063,58.90660649064841,0,0,0,0,0,0
31.70832064999796,2083.15283203125,-4843.93408203125,324.45208740234375,58.906170545719476,0.0,0.0,0.14598608249798417,8,2,2,17,9,3,3,5,2,9,2,2,3,1,0,2083.1527200964147,-4843.934057196157,58.906170545719476,0,0,0,0,0,0
31.83332059999795,2083.130126953125,-4843.943359375,324.44451904296875,58.90601005662493,0.0,0.0,0.31171718146651983,8,2,2,17,9,3,3,5,2,9,2,2,3,1,0,2083.1300461264063,-4843.943345733768,58.90601005662493,0,0,0,0,0,0
31.999987199997936,2083.083984375,-4844.00146484375,324.4281005859375,58.906624555723695,0.0,0.0,0.5863267462700605,8,2,2,17,9,3,3,5,2,9,2,2,3,1,0,2083.0840025272573,-4844.0015627043795,58.906624555723695,0,0,0,0,0,0
32.166653799997924,2083.025390625,-4844.08349609375,324.4130859375,58.90794158587488,0.0,0.0,0.6353065837174654,8,2,2,17,9,3,3,5,2,9,2,2,3,1,0,2083.0253716709317,-4844.083283338353,58.90794158587488,0,0,0,0,0,0
32.33332039999791,2082.96728515625,-4844.15478515625,324.40478515625,58.909615552454035,0.0,0.0,0.49064476042985916,8,2,2,17,9,3,3,5,2,9,2,2,3,1,0,2082.967403416783,-4844.154826610754,58.909615552454035,0,0,0,0,0,0
32.4166536999979,2082.9423828125,-4844.18017578125,324.4037170410156,58.91042019072568,0.0,0.0,0.3910651430487633,8,2,2,17,9,3,3,5,2,9,2,2,3,1,0,2082.9424361647034,-4844.18000182123,58.91042019072568,0,0,0,0,0,0
32.62498694999788,2082.893310546875,-4844.21240234375,324.40887451171875,58.911563648623556,0.0,0.0,0.20195222459733486,8,2,2,17,9,3,3,5,2,9,2,2,3,1,0,2082.8932426296424,-4844.212306810515,58.911563648623556,0,0,0,0,0,0
32.79165354999787,2082.866943359375,-4844.21533203125,324.4165344238281,58.91222441114057,0.0,0.0,0.14255528803914785,8,2,2,17,9,3,3,5,2,9,2,2,3,1,0,2082.866855048617,-4844.215134197109,58.91222441114057,0,0,0,0,0,0
32.99998679999785,2082.842041015625,-4844.21337890625,324.4233093261719,58.912748535061205,0.0,0.0,0.111309380736202,8,2,2,17,9,3,3,5,2,9,2,2,3,1,0,2082.8420121904105,-4844.213153173242,58.912748535061205,0,0,0,0,0,0
33.166653399997834,2082.822265625,-4844.22119140625,324.4245910644531,58.91289865397308,0.0,0.0,0.15429328195750713,8,2,2,17,9,3,3,5,2,9,2,2,3,1,0,2082.8223491236017,-4844.221309923042,58.91289865397308,0,0,0,0,0,0
33.24998669999783,2082.81103515625,-4844.22998046875,324.4239807128906,58.91290924743442,0.0,0.0,0.18983068875968456,8,2,2,17,9,3,3,5,2,9,2,2,3,1,0,2082.810989545917,-4844.2301386261015,58.91290924743442,0,0,0,0,0,0
33.41665329999781,2082.78564453125,-4844.255859375,324.42071533203125,58.913176196471696,0.0,0.0,0.24410774931311607,8,2,2,17,9,3,3,5,2,9,2,2,3,1,0,2082.785703551285,-4844.255732096181,58.913176196471696,0,0,0,0,0,0
33.5833198999978,2082.758544921875,-4844.28662109375,324.4166564941406,58.91366306891807,0.0,0.0,0.25472729466855526,8,2,2,17,9,3,3,5,2,9,2,2,3,1,0,2082.7584266786234,-4844.28646964332,58.91366306891807,0,0,0,0,0,0
33.74998649999778,2082.7314453125,-4844.3154296875,324.4140319824219,58.91417160154049,0.0,0.0,0.22733148653060198,8,2,2,17,9,3,3,5,2,9,2,2,3,1,0,2082.7313427138156,-4844.315358864073,58.91417160154049,0,0,0,0,0,0
33.87498644999777,2082.712646484375,-4844.33349609375,324.41339111328125,58.91450004399745,0.0,0.0,0.19351334776729345,8,2,2,17,9,3,3,5,2,9,2,2,3,1,0,2082.7127382873773,-4844.333254136354,58.91450004399745,0,0,0,0,0,0
34.041653049997755,2082.6904296875,-4844.35107421875,324.41400146484375,58.9148413625828,0.0,0.0,0.15289144357666373,8,2,2,17,9,3,3,5,2,9,2,2,3,1,0,2082.6904914938987,-4844.3509346656565,58.9148413625828,0,0,0,0,0,0
34.24998629999774,2082.6669921875,-4844.3662109375,324.41558837890625,58.91519848588106,0.0,0.0,0.12417907128110528,8,2,2,17,9,3,3,5,2,9,2,2,3,1,0,2082.6670875571313,-4844.366111715549,58.91519848588106,0,0,0,0,0,0
34.41665289999772,2082.649658203125,-4844.37646484375,324.4167785644531,58.91534744140112,0.0,0.0,0.12127953814342618,8,2,2,17,9,3,3,5,2,9,2,2,3,1,0,2082.6496157744186,-4844.376398013872,58.91534744140112,0,0,0,0,0,0
34.58331949999771,2082.632568359375,-4844.388671875,324.4171142578125,58.91539847103353,0.0,0.0,0.13188266893848777,8,2,2,17,9,3,3,5,2,9,2,2,3,1,0,2082.6326051655433,-4844.388840960266,58.91539847103353,0,0,0,0,0,0
34.708319449997695,2082.61962890625,-4844.39990234375,324.4166564941406,58.91552223396616,0.0,0.0,0.14150814386084676,8,2,2,17,9,3,3,5,2,9,2,2,3,1,0,2082.6197312023723,-4844.399944568525,58.91552223396616,0,0,0,0,0,0
34.87498604999768,2082.602783203125,-4844.41650390625,324.415283203125,58.915711710337575,0.0,0.0,0.14981849817559123,8,2,2,17,9,3,3,5,2,9,2,2,3,1,0,2082.602696999089,-4844.416714938842,58.915711710337575,0,0,0,0,0,0
35.08331929999766,2082.581298828125,-4844.4384765625,324.4132385253906,58.915996786311254,0.0,0.0,0.14638605061918497,8,2,2,17,9,3,3,5,2,9,2,2,3,1,0,2082.5813686803835,-4844.438468033104,58.915996786311254,0,0,0,0,0,0
35.24998589999765,2082.56494140625,-4844.45458984375,324.41217041015625,58.916274800351474,0.0,0.0,0.1346381031908095,8,2,2,17,9,3,3,5,2,9,2,2,3,1,0,2082.5649802705143,-4844.454654903677,58.916274800351474,0,0,0,0,0,0
35.41665249999763,2082.54931640625,-4844.46875,324.41192626953125,58.91655983402766,0.0,0.0,0.12062357272952795,8,2,2,17,9,3,3,5,2,9,2,2,3,1,0,2082.549353320052,-4844.468546864226,58.91655983402766,0,0,0,0,0,0
35.58331909999762,2082.53466796875,-4844.48046875,324.4120788574219,58.91679676658748,0.0,0.0,0.10880522895604372,8,2,2,17,9,3,3,5,2,9,2,2,3,1,0,2082.5347501828483,-4844.480531786029,58.91679676658748,0,0,0,0,0,0
35.66665239999761,2082.52783203125,-4844.48583984375,324.41217041015625,58.91689060083309,0.0,0.0,0.10515449102967978,8,2,2,17,9,3,3,5,2,9,2,2,3,1,0,2082.527844012964,-4844.4860529333055,58.91689060083309,0,0,0,0,0,0
35.7916523499976,2082.517822265625,-4844.494140625,324.4122009277344,58.917006138641696,0.0,0.0,0.10186030995100737,8,2,2,17,9,3,3,5,2,9,2,2,3,1,0,2082.517755012087,-4844.493973974466,58.917006138641696,0,0,0,0,0,0
35.99998559999758,2082.50146484375,-4844.50732421875,324.4119873046875,58.9170178938502,0.0,0.0,0.10186095023527741,8,2,2,17,9,3,3,5,2,9,2,2,3,1,0,2082.501535576386,-4844.5074681975175,58.9170178938502,0,0,0,0,0,0
36.166652199997564,2082.48876953125,-4844.5185546875,324.4113464355469,58.91707421925083,0.0,0.0,0.10344998445361853,8,2,2,17,9,3,3,5,2,9,2,2,3,1,0,2082.4887582926635,-4844.518684809362,58.91707421925083,0,0,0,0,0,0
36.24998549999756,2082.482421875,-4844.5244140625,324.41094970703125,58.91711939171437,0.0,0.0,0.10354483965784311,8,2,2,17,9,3,3,5,2,9,2,2,3,1,0,2082.4825088486555,-4844.524483220878,58.91711939171437,0,0,0,0,0,0
36.29165214999755,2082.4794921875,-4844.52734375,324.4107666015625,58.917141095266906,0.0,0.0,0.10358154540881515,8,2,2,17,9,3,3,5,2,9,2,2,3,1,0,2082.479396048431,-4844.5273968449965,58.917141095266906,0,0,0,0,0,0
36.45831874999754,2082.467041015625,-4844.5390625,324.4100646972656,58.917291254733385,0.0,0.0,0.10129128349944949,8,2,2,17,9,3,3,5,2,9,2,2,3,1,0,2082.4670182299724,-4844.538874234881,58.917291254733385,0,0,0,0,0,0
36.54165204999753,2082.4609375,-4844.54443359375,324.4097900390625,58.91739154795146,0.0,0.0,0.09945089695975184,8,2,2,17,9,3,3,5,2,9,2,2,3,1,0,2082.4608677219194,-4844.54438123703,58.91739154795146,0,0,0,0,0,0
36.74998529999751,2082.446044921875,-4844.5576171875,324.4093322753906,58.917587440542064,0.0,0.0,0.09299202356487513,8,2,2,17,9,3,3,5,2,9,2,2,3,1,0,2082.4459999307705,-4844.557506330917,58.917587440542064,0,0,0,0,0,0
36.9166518999975,2082.4345703125,-4844.56689453125,324.4092102050781,58.9177815677253,0.0,0.0,0.08771953289397061,8,2,2,17,9,3,3,5,2,9,2,2,3,1,0,2082.43467003664,-4844.567133982505,58.9177815677253,0,0,0,0,0,0
37.041651849997486,2082.426513671875,-4844.57373046875,324.4090576171875,58.917953991347964,0.0,0.0,0.08440601523034275,8,2,2,17,9,3,3,5,2,9,2,2,3,1,0,2082.426449743711,-4844.573838820008,58.917953991347964,0,0,0,0,0,0
37.20831844999747,2082.416015625,-4844.58251953125,324.40875244140625,58.918183301007,0.0,0.0,0.08009429438970983,8,2,2,17,9,3,3,5,2,9,2,2,3,1,0,2082.416051560883,-4844.582462663432,58.918183301007,0,0,0,0,0,0
37.374985049997456,2082.40625,-4844.59130859375,324.408447265625,58.918295909987904,0.0,0.0,0.07829040405340493,8,2,2,17,9,3,3,5,2,9,2,2,3,1,0,2082.4063120841265,-4844.59120808526,58.918295909987904,0,0,0,0,0,0
37.54165164999744,2082.39697265625,-4844.599609375,324.40789794921875,58.918445466820664,0.0,0.0,0.07630098261870444,8,2,2,17,9,3,3,5,2,9,2,2,3,1,0,2082.3969167988066,-4844.59978792003,58.918445466820664,0,0,0,0,0,0
37.708318249997426,2082.3876953125,-4844.60791015625,324.4073181152344,58.91862318605601,0.0,0.0,0.07518254569731653,8,2,2,17,9,3,3,5,2,9,2,2,3,1,0,2082.3876898261988,-4844.607980613083,58.91862318605601,0,0,0,0,0,0
37.87498484999741,2082.378662109375,-4844.6162109375,324.406982421875,58.91870354078891,0.0,0.0,0.07325210608541965,8,2,2,17,9,3,3,5,2,9,2,2,3,1,0,2082.3786543039732,-4844.616323583292,58.91870354078891,0,0,0,0,0,0
38.041651449997396,2082.3701171875,-4844.62451171875,324.4067077636719,58.9188009051881,0.0,0.0,0.06949014496058226,8,2,2,17,9,3,3,5,2,9,2,2,3,1,0,2082.3700221268737,-4844.6243998886575,58.9188009051881,0,0,0,0,0,0
38.20831804999738,2082.362060546875,-4844.63134765625,324.4061279296875,58.91895339030465,0.0,0.0,0.06265444681048393,8,2,2,17,9,3,3,5,2,9,2,2,3,1,0,2082.3619830772163,-4844.631399078118,58.91895339030465,0,0,0,0,0,0
38.374984649997366,2082.354248046875,-4844.6376953125,324.4059143066406,58.919092396194735,0.0,0.0,0.060895312344655395,8,2,2,17,9,3,3,5,2,9,2,2,3,1,0,2082.354207656763,-4844.637935746409,58.919092396194735,0,0,0,0,0,0
38.54165124999735,2082.346435546875,-4844.64404296875,324.40594482421875,58.919246044470995,0.0,0.0,0.0607519643381238,8,2,2,17,9,3,3,5,2,9,2,2,3,1,0,2082.3464568795916,-4844.644268984343,58.919246044470995,0,0,0,0,0,0
38.708317849997336,2082.338623046875,-4844.65087890625,324.4059753417969,58.919352194204805,0.0,0.0,0.061418209224939346,8,2,2,17,9,3,3,5,2,9,2,2,3,1,0,2082.338683355038,-4844.650751264445,58.919352194204805,0,0,0,0,0,0
38.833317799997324,2082.3330078125,-4844.65576171875,324.4057922363281,58.91943078355502,0.0,0.0,0.06168091204017401,8,2,2,17,9,3,3,5,2,9,2,2,3,1,0,2082.332936657993,-4844.655793556483,58.91943078355502,0,0,0,0,0,0
38.99998439999731,2082.325439453125,-4844.66259765625,324.4052429199219,58.91960497186862,0.0,0.0,0.06014895625412464,8,2,2,17,9,3,3,5,2,9,2,2,3,1,0,2082.325385081679,-4844.662395120091,58.91960497186862,0,0,0,0,0,0
39.1249843499973,2082.320068359375,-4844.6669921875,324.4047546386719,58.91974983454489,0.0,0.0,0.058601703494787216,8,2,2,17,9,3,3,5,2,9,2,2,3,1,0,2082.31995145592,-4844.66716624498,58.91974983454489,0,0,0,0,0,0
39.29165094999728,2082.312744140625,-4844.67333984375,324.4045104980469,58.91989939088764,0.0,0.0,0.057270185789093375,8,2,2,17,9,3,3,5,2,9,2,2,3,1,0,2082.3127859664264,-4844.673454631731,58.91989939088764,0,0,0,0,0,0
39.41665089999727,2082.3076171875,-4844.67822265625,324.4045104980469,58.919985602365905,0.0,0.0,0.055316026555374265,8,2,2,17,9,3,3,5,2,9,2,2,3,1,0,2082.307495990004,-4844.67804974771,58.919985602365905,0,0,0,0,0,0
39.54165084999726,2082.302490234375,-4844.6826171875,324.4043884277344,58.920037794573986,0.0,0.0,0.052654335740953684,8,2,2,17,9,3,3,5,2,9,2,2,3,1,0,2082.302503574558,-4844.682556532141,58.920037794573986,0,0,0,0,0,0
39.66665079999725,2082.2978515625,-4844.68701171875,324.40411376953125,58.9201058330866,0.0,0.0,0.05009933956898749,8,2,2,17,9,3,3,5,2,9,2,2,3,1,0,2082.297765390119,-4844.686779909919,58.9201058330866,0,0,0,0,0,0
39.833317399997235,2082.291748046875,-4844.6923828125,324.4036560058594,58.920166249365494,0.0,0.0,0.04748862411361188,8,2,2,17,9,3,3,5,2,9,2,2,3,1,0,2082.2918396114874,-4844.6921762503425,58.920166249365494,0,0,0,0,0,0
39.91665069999723,2082.2890625,-4844.69482421875,324.4034118652344,58.92018971787515,0.0,0.0,0.046602069051004946,8,2,2,17,9,3,3,5,2,9,2,2,3,1,0,2082.289025350365,-4844.694846180292,58.92018971787515,0,0,0,0,0,0
40.08331729999721,2082.283447265625,-4844.7001953125,324.4030456542969,58.920245440429305,0.0,0.0,0.04545400443021208,8,2,2,17,9,3,3,5,2,9,2,2,3,1,0,2082.2835031157897,-4844.70001672792,58.920245440429305,0,0,0,0,0,0
40.2499838999972,2082.278076171875,-4844.705078125,324.4028015136719,58.92032402962049,0.0,0.0,0.044394200085662305,8,2,2,17,9,3,3,5,2,9,2,2,3,1,0,2082.2779739738676,-4844.704973085856,58.92032402962049,0,0,0,0,0,0
40.41665049999718,2082.2724609375,-4844.70947265625,324.4026794433594,58.92042725062428,0.0,0.0,0.04331531235948205,8,2,2,17,9,3,3,5,2,9,2,2,3,1,0,2082.2724658224024,-4844.709648639464,58.92042725062428,0,0,0,0,0,0
40.54165044999717,2082.268310546875,-4844.712890625,324.4026184082031,58.92051815569753,0.0,0.0,0.04223762371111661,8,2,2,17,9,3,3,5,2,9,2,2,3,1,0,2082.268323519116,-4844.7129532249055,58.92051815569753,0,0,0,0,0,0
40.708317049997156,2082.262939453125,-4844.71728515625,324.40252685546875,58.92060729559058,0.0,0.0,0.040453256224282086,8,2,2,17,9,3,3,5,2,9,2,2,3,1,0,2082.26304401623,-4844.7173222428855,58.92060729559058,0,0,0,0,0,0
40.87498364999714,2082.2578125,-4844.7216796875,324.40234375,58.92067826251111,0.0,0.0,0.04035043530166149,8,2,2,17,9,3,3,5,2,9,2,2,3,1,0,2082.257878391695,-4844.721555922147,58.92067826251111,0,0,0,0,0,0
40.99998359999713,2082.254150390625,-4844.724609375,324.40216064453125,58.920744535731515,0.0,0.0,0.040399032877758145,8,2,2,17,9,3,3,5,2,9,2,2,3,1,0,2082.254041905569,-4844.724750686479,58.920744535731515,0,0,0,0,0,0
41.166650199997115,2082.2490234375,-4844.72900390625,324.4018859863281,58.92087238846053,0.0,0.0,0.03985844668932259,8,2,2,17,9,3,3,5,2,9,2,2,3,1,0,2082.2490595367713,-4844.729046225798,58.92087238846053,0,0,0,0,0,0
41.3333167999971,2082.244140625,-4844.7333984375,324.4017028808594,58.92096622199437,0.0,0.0,0.03948860103264451,8,2,2,17,9,3,3,5,2,9,2,2,3,1,0,2082.2440961687716,-4844.733332955628,58.92096622199437,0,0,0,0,0,0
41.45831674999709,2082.240478515625,-4844.736328125,324.401611328125,58.921044811078225,0.0,0.0,0.03770871844608337,8,2,2,17,9,3,3,5,2,9,2,2,3,1,0,2082.240406337915,-4844.736403660911,58.921044811078225,0,0,0,0,0,0
41.54165004999708,2082.238037109375,-4844.73828125,324.4014892578125,58.9211093191141,0.0,0.0,0.035960302921012044,8,2,2,17,9,3,3,5,2,9,2,2,3,1,0,2082.238073393878,-4844.738327832806,58.9211093191141,0,0,0,0,0,0
41.708316649997066,2082.233642578125,-4844.74169921875,324.40130615234375,58.92122309073714,0.0,0.0,0.03268977743573487,8,2,2,17,9,3,3,5,2,9,2,2,3,1,0,2082.233725470564,-4844.7418373961955,58.92122309073714,0,0,0,0,0,0
41.87498324999705,2082.2294921875,-4844.7451171875,324.4012756347656,58.9213186893574,0.0,0.0,0.03228697751183063,8,2,2,17,9,3,3,5,2,9,2,2,3,1,0,2082.2294434019236,-4844.745074193632,58.9213186893574,0,0,0,0,0,0
41.99998319999704,2082.226318359375,-4844.74755859375,324.40130615234375,58.92139551326999,0.0,0.0,0.033142243046313524,8,2,2,17,9,3,3,5,2,9,2,2,3,1,0,2082.2262248726984,-4844.747483195263,58.92139551326999,0,0,0,0,0,0
42.166649799997025,2082.221923828125,-4844.7509765625,324.4012145996094,58.921499897515076,0.0,0.0,0.032848771661520004,8,2,2,17,9,3,3,5,2,9,2,2,3,1,0,2082.2218831811597,-4844.750739648021,58.921499897515076,0,0,0,0,0,0
42.29164974999701,2082.21875,-4844.75341796875,324.4011535644531,58.92160311831302,0.0,0.0,0.032076091156341136,8,2,2,17,9,3,3,5,2,9,2,2,3,1,0,2082.218759324031,-4844.753207153381,58.92160311831302,0,0,0,0,0,0
42.374983049997006,2082.216796875,-4844.7548828125,324.40106201171875,58.92166469776029,0.0,0.0,0.03147910465486348,8,2,2,17,9,3,3,5,2,9,2,2,3,1,0,2082.2166892929245,-4844.754817971145,58.92166469776029,0,0,0,0,0,0
42.54164964999699,2082.212646484375,-4844.7578125,324.40087890625,58.921793713758404,0.0,0.0,0.030039498233236372,8,2,2,17,9,3,3,5,2,9,2,2,3,1,0,2082.2126830729653,-4844.757934207364,58.921793713758404,0,0,0,0,0,0
42.708316249996976,2082.208984375,-4844.7607421875,324.40069580078125,58.92194736151747,0.0,0.0,0.02662827610038221,8,2,2,17,9,3,3,5,2,9,2,2,3,1,0,2082.208987419403,-4844.760706850344,58.92194736151747,0,0,0,0,0,0
42.833316199996965,2082.20654296875,-4844.76220703125,324.40057373046875,58.922073448923975,0.0,0.0,0.02351020957576111,8,2,2,17,9,3,3,5,2,9,2,2,3,1,0,2082.206435010532,-4844.762403344162,58.922073448923975,0,0,0,0,0,0
42.99998279999695,2082.203369140625,-4844.76416015625,324.4006042480469,58.92221478076761,0.0,0.0,0.020274751295801252,8,2,2,17,9,3,3,5,2,9,2,2,3,1,0,2082.2033625945883,-4844.76422558906,58.92221478076761,0,0,0,0,0,0
43.12498274999694,2082.201171875,-4844.76513671875,324.40069580078125,58.92230215542852,0.0,0.0,0.018743614782579243,8,2,2,17,9,3,3,5,2,9,2,2,3,1,0,2082.2012520145313,-4844.765376262446,58.92230215542852,0,0,0,0,0,0
43.20831604999693,2082.199951171875,-4844.76611328125,324.40081787109375,58.92234672529658,0.0,0.0,0.017984847363550216,8,2,2,17,9,3,3,5,2,9,2,2,3,1,0,2082.1999364507737,-4844.76610634525,58.92234672529658,0,0,0,0,0,0
43.41664929999691,2082.19677734375,-4844.76904296875,324.401123046875,58.922297461776424,0.0,0.0,0.022582504607271403,8,2,2,17,9,3,3,5,2,9,2,2,3,1,0,2082.196781946091,-4844.768831606037,58.922297461776424,0,0,0,0,0,0
43.62498254999689,2082.193115234375,-4844.77294921875,324.4007568359375,58.92231623638363,0.0,0.0,0.029291899409145117,8,2,2,17,9,3,3,5,2,9,2,2,3,1,0,2082.1931141678606,-4844.772748469972,58.92231623638363,0,0,0,0,0,0
43.74998249999688,2082.190673828125,-4844.775390625,324.4002990722656,58.922341469711775,0.0,0.0,0.031238695373758674,8,2,2,17,9,3,3,5,2,9,2,2,3,1,0,2082.1907063054773,-4844.775560757603,58.922341469711775,0,0,0,0,0,0
43.87498244999687,2082.188232421875,-4844.7783203125,324.39990234375,58.922387804640536,0.0,0.0,0.029916479252278805,8,2,2,17,9,3,3,5,2,9,2,2,3,1,0,2082.1882437270756,-4844.778381202753,58.922387804640536,0,0,0,0,0,0
44.041649049996856,2082.18505859375,-4844.78173828125,324.3995666503906,58.922458771311454,0.0,0.0,0.0249338336288929,8,2,2,17,9,3,3,5,2,9,2,2,3,1,0,2082.1851379490104,-4844.781615953085,58.922458771311454,0,0,0,0,0,0
44.24998229999684,2082.181640625,-4844.7841796875,324.3995361328125,58.92258955226794,0.0,0.0,0.0187342258868739,8,2,2,17,9,3,3,5,2,9,2,2,3,1,0,2082.1816171659366,-4844.784210963648,58.92258955226794,0,0,0,0,0,0
44.41664889999682,2082.178955078125,-4844.78515625,324.3998107910156,58.92272149673572,0.0,0.0,0.01586879079695791,8,2,2,17,9,3,3,5,2,9,2,2,3,1,0,2082.1790176642994,-4844.785277234163,58.92272149673572,0,0,0,0,0,0
44.54164884999681,2082.17724609375,-4844.7861328125,324.40008544921875,58.92278716821382,0.0,0.0,0.014243424811866134,8,2,2,17,9,3,3,5,2,9,2,2,3,1,0,2082.177246580981,-4844.7858985439,58.92278716821382,0,0,0,0,0,0
44.6666487999968,2082.175537109375,-4844.78662109375,324.40032958984375,58.92284521746894,0.0,0.0,0.014070466568227857,8,2,2,17,9,3,3,5,2,9,2,2,3,1,0,2082.1756070370307,-4844.786534008754,58.92284521746894,0,0,0,0,0,0
44.833315399996785,2082.173583984375,-4844.78759765625,324.400390625,58.922939050788884,0.0,0.0,0.014578747504856437,8,2,2,17,9,3,3,5,2,9,2,2,3,1,0,2082.173502951702,-4844.78753767707,58.922939050788884,0,0,0,0,0,0
44.87498204999678,2082.173095703125,-4844.7880859375,324.4003601074219,58.92294374442593,0.0,0.0,0.014652585377916694,8,2,2,17,9,3,3,5,2,9,2,2,3,1,0,2082.173029981882,-4844.78790186036,58.92294374442593,0,0,0,0,0,0
45.08331529999676,2082.1708984375,-4844.79052734375,324.3999328613281,58.92290386822526,0.0,0.0,0.016008620150387287,8,2,2,17,9,3,3,5,2,9,2,2,3,1,0,2082.1709098065735,-4844.790313079474,58.92290386822526,0,0,0,0,0,0
45.291648549996744,2082.168701171875,-4844.79248046875,324.3994445800781,58.92295373318773,0.0,0.0,0.015723775140941143,8,2,2,17,9,3,3,5,2,9,2,2,3,1,0,2082.1688192549177,-4844.792680875086,58.92295373318773,0,0,0,0,0,0
45.499981799996725,2082.166748046875,-4844.794921875,324.3992004394531,58.92294318236313,0.0,0.0,0.01322970783803612,8,2,2,17,9,3,3,5,2,9,2,2,3,1,0,2082.1667899196373,-4844.794934537794,58.92294318236313,0,0,0,0,0,0
45.66664839999671,2082.16552734375,-4844.79638671875,324.399169921875,58.92286928716268,0.0,0.0,0.009950678941095248,8,2,2,17,9,3,3,5,2,9,2,2,3,1,0,2082.1655988817697,-4844.79651726365,58.92286928716268,0,0,0,0,0,0
45.7499816999967,2082.1650390625,-4844.796875,324.3991394042969,58.92285873634139,0.0,0.0,0.008639828593004495,8,2,2,17,9,3,3,5,2,9,2,2,3,1,0,2082.165105238858,-4844.797070509267,58.92285873634139,0,0,0,0,0,0
45.91664829999669,2082.164306640625,-4844.7978515625,324.39892578125,58.9228329410635,0.0,0.0,0.007670486229471862,8,2,2,17,9,3,3,5,2,9,2,2,3,1,0,2082.1642244056316,-4844.798010160432,58.9228329410635,0,0,0,0,0,0
46.12498154999667,2082.162841796875,-4844.79931640625,324.3987731933594,58.92284056329214,0.0,0.0,0.01072438244591467,8,2,2,17,9,3,3,5,2,9,2,2,3,1,0,2082.1627672963973,-4844.799210668108,58.92284056329214,0,0,0,0,0,0
46.291648149996654,2082.1611328125,-4844.80078125,324.3988037109375,58.92284232833908,0.0,0.0,0.014408839342650026,8,2,2,17,9,3,3,5,2,9,2,2,3,1,0,2082.1612028882532,-4844.800644392188,58.92284232833908,0,0,0,0,0,0
46.41664809999664,2082.15966796875,-4844.8017578125,324.3988342285156,58.92288220452775,0.0,0.0,0.016298299306072295,8,2,2,17,9,3,3,5,2,9,2,2,3,1,0,2082.1597752857665,-4844.801892388973,58.92288220452775,0,0,0,0,0,0
46.54164804999663,2082.158203125,-4844.80322265625,324.3987731933594,58.92291152989454,0.0,0.0,0.017220941663254052,8,2,2,17,9,3,3,5,2,9,2,2,3,1,0,2082.1582717355636,-4844.803335935726,58.92291152989454,0,0,0,0,0,0
46.708314649996616,2082.15625,-4844.80517578125,324.3985290527344,58.92297780284995,0.0,0.0,0.016475892334710807,8,2,2,17,9,3,3,5,2,9,2,2,3,1,0,2082.156252834392,-4844.805256124498,58.92297780284995,0,0,0,0,0,0
46.833314599996605,2082.15478515625,-4844.806640625,324.3983459472656,58.923054626622175,0.0,0.0,0.014314608415588737,8,2,2,17,9,3,3,5,2,9,2,2,3,1,0,2082.1548174365366,-4844.806441957997,58.923054626622175,0,0,0,0,0,0
46.99998119999659,2082.153076171875,-4844.8076171875,324.3982238769531,58.92311913452888,0.0,0.0,0.010969374852720648,8,2,2,17,9,3,3,5,2,9,2,2,3,1,0,2082.153178868117,-4844.807711972312,58.92311913452888,0,0,0,0,0,0
47.20831444999657,2082.151611328125,-4844.80859375,324.3983459472656,58.92318364243322,0.0,0.0,0.00812423022580333,8,2,2,17,9,3,3,5,2,9,2,2,3,1,0,2082.1515073529827,-4844.808610197081,58.92318364243322,0,0,0,0,0,0
47.374981049996556,2082.150146484375,-4844.80908203125,324.3985290527344,58.9232387630779,0.0,0.0,0.008052393241086975,8,2,2,17,9,3,3,5,2,9,2,2,3,1,0,2082.150261612724,-4844.808890825815,58.9232387630779,0,0,0,0,0,0
47.54164764999654,2082.149169921875,-4844.80908203125,324.3986511230469,58.92329388372504,0.0,0.0,0.007025814556982368,8,2,2,17,9,3,3,5,2,9,2,2,3,1,0,2082.149096485908,-4844.80918836158,58.92329388372504,0,0,0,0,0,0
47.66664759999653,2082.148193359375,-4844.8095703125,324.3987121582031,58.92329681232942,0.0,0.0,0.006980889884289354,8,2,2,17,9,3,3,5,2,9,2,2,3,1,0,2082.1481550444955,-4844.809484185919,58.92329681232942,0,0,0,0,0,0
47.833314199996515,2082.147216796875,-4844.81005859375,324.3987121582031,58.92333845353616,0.0,0.0,0.007281265425262973,8,2,2,17,9,3,3,5,2,9,2,2,3,1,0,2082.147112030825,-4844.810056481831,58.92333845353616,0,0,0,0,0,0
47.9999807999965,2082.14599609375,-4844.810546875,324.3985900878906,58.92339064557845,0.0,0.0,0.007212028867797926,8,2,2,17,9,3,3,5,2,9,2,2,3,1,0,2082.146113317129,-4844.810720947581,58.92339064557845,0,0,0,0,0,0
48.166647399996485,2082.145263671875,-4844.8115234375,324.39849853515625,58.92342289952841,0.0,0.0,0.007186880975496024,8,2,2,17,9,3,3,5,2,9,2,2,3,1,0,2082.1451973666894,-4844.811487062676,58.92342289952841,0,0,0,0,0,0
48.24998069999648,2082.144775390625,-4844.81201171875,324.3984680175781,58.9234475312444,0.0,0.0,0.0067308305006008595,8,2,2,17,9,3,3,5,2,9,2,2,3,1,0,2082.144775841566,-4844.811867501862,58.9234475312444,0,0,0,0,0,0
48.374980649996466,2082.14404296875,-4844.8125,324.39849853515625,58.92343698040267,0.0,0.0,0.0070119429437909275,8,2,2,17,9,3,3,5,2,9,2,2,3,1,0,2082.144142022229,-4844.812449426497,58.92343698040267,0,0,0,0,0,0
48.499980599996455,2082.143310546875,-4844.81298828125,324.39849853515625,58.9234492962599,0.0,0.0,0.008285896910820156,8,2,2,17,9,3,3,5,2,9,2,2,3,1,0,2082.1432660044297,-4844.813003733904,58.9234492962599,0,0,0,0,0,0
48.624980549996444,2082.142333984375,-4844.8134765625,324.39849853515625,58.923509110530134,0.0,0.0,0.008901939145289361,8,2,2,17,9,3,3,5,2,9,2,2,3,1,0,2082.1424082039466,-4844.8136255315485,58.923509110530134,0,0,0,0,0,0
48.79164714999643,2082.141357421875,-4844.814453125,324.3983459472656,58.92361818822261,0.0,0.0,0.007391493272734806,8,2,2,17,9,3,3,5,2,9,2,2,3,1,0,2082.141311960912,-4844.814312840856,58.92361818822261,0,0,0,0,0,0
48.91664709999642,2082.140625,-4844.81494140625,324.3985290527344,58.92360294375405,0.0,0.0,0.008124069427140057,8,2,2,17,9,3,3,5,2,9,2,2,3,1,0,2082.140723475422,-4844.814968808622,58.92360294375405,0,0,0,0,0,0
49.041647049996406,2082.14013671875,-4844.81591796875,324.3987731933594,58.923565996188245,0.0,0.0,0.01069487989298068,8,2,2,17,9,3,3,5,2,9,2,2,3,1,0,2082.140019780901,-4844.81595388172,58.923565996188245,0,0,0,0,0,0
49.20831364999639,2082.138671875,-4844.8173828125,324.39862060546875,58.92353374224274,0.0,0.0,0.01338474394287914,8,2,2,17,9,3,3,5,2,9,2,2,3,1,0,2082.1387760010543,-4844.817552731847,58.92353374224274,0,0,0,0,0,0
49.374980249996376,2082.137939453125,-4844.81982421875,324.39801025390625,58.92341118509723,0.0,0.0,0.015229580458253622,8,2,2,17,9,3,3,5,2,9,2,2,3,1,0,2082.137920820755,-4844.819752555494,58.92341118509723,0,0,0,0,0,0
49.54164684999636,2082.136962890625,-4844.82177734375,324.3974609375,58.92334435003503,0.0,0.0,0.014115961675997823,8,2,2,17,9,3,3,5,2,9,2,2,3,1,0,2082.1369975700536,-4844.821845424549,58.92334435003503,0,0,0,0,0,0
49.708313449996346,2082.1357421875,-4844.82373046875,324.3970642089844,58.92334495147085,0.0,0.0,0.011828861170215532,8,2,2,17,9,3,3,5,2,9,2,2,3,1,0,2082.135847460287,-4844.823526022116,58.92334495147085,0,0,0,0,0,0
49.833313399996335,2082.135009765625,-4844.82421875,324.3969421386719,58.92336488955423,0.0,0.0,0.009623898222343996,8,2,2,17,9,3,3,5,2,9,2,2,3,1,0,2082.1349356002406,-4844.824461061584,58.92336488955423,0,0,0,0,0,0
49.87498004999633,2082.134521484375,-4844.82470703125,324.39697265625,58.92335726732478,0.0,0.0,0.009408063488081098,8,2,2,17,9,3,3,5,2,9,2,2,3,1,0,2082.1345934658557,-4844.824694276591,58.92335726732478,0,0,0,0,0,0
50.041646649996316,2082.13330078125,-4844.8251953125,324.3973388671875,58.9233601959298,0.0,0.0,0.007362652104347944,8,2,2,17,9,3,3,5,2,9,2,2,3,1,0,2082.133386488378,-4844.82536422952,58.9233601959298,0,0,0,0,0,0
50.166646599996305,2082.1328125,-4844.82568359375,324.3975524902344,58.92337836899512,0.0,0.0,0.005465377762448043,8,2,2,17,9,3,3,5,2,9,2,2,3,1,0,2082.1327016786386,-4844.8256657955735,58.92337836899512,0,0,0,0,0,0
50.291646549996294,2082.132080078125,-4844.82568359375,324.3975830078125,58.92339830707997,0.0,0.0,0.005809634239994921,8,2,2,17,9,3,3,5,2,9,2,2,3,1,0,2082.1320703783267,-4844.8258872787555,58.92339830707997,0,0,0,0,0,0
50.499979799996275,2082.131103515625,-4844.82666015625,324.3974609375,58.9234675085799,0.0,0.0,0.0068462330091279,8,2,2,17,9,3,3,5,2,9,2,2,3,1,0,2082.1310175228623,-4844.826436856334,58.9234675085799,0,0,0,0,0,0
50.66664639999626,2082.1298828125,-4844.8271484375,324.3973693847656,58.923492140285965,0.0,0.0,0.00856694532558322,8,2,2,17,9,3,3,5,2,9,2,2,3,1,0,2082.1299900226963,-4844.827250666294,58.923492140285965,0,0,0,0,0,0
50.74997969999625,2082.12939453125,-4844.82763671875,324.3973693847656,58.923512078369754,0.0,0.0,0.009513000986771658,8,2,2,17,9,3,3,5,2,9,2,2,3,1,0,2082.1294126425605,-4844.827705659375,58.923512078369754,0,0,0,0,0,0
50.91664629999624,2082.128173828125,-4844.82861328125,324.3973693847656,58.92354433230586,0.0,0.0,0.009046695049619302,8,2,2,17,9,3,3,5,2,9,2,2,3,1,0,2082.128211853006,-4844.8286768724,58.92354433230586,0,0,0,0,0,0
51.08331289999622,2082.127197265625,-4844.82958984375,324.3973083496094,58.92360591156373,0.0,0.0,0.007582108810311183,8,2,2,17,9,3,3,5,2,9,2,2,3,1,0,2082.1271558051367,-4844.829539737152,58.92360591156373,0,0,0,0,0,0
51.20831284999621,2082.12646484375,-4844.830078125,324.39727783203125,58.92365340996143,0.0,0.0,0.006593038415303454,8,2,2,17,9,3,3,5,2,9,2,2,3,1,0,2082.1264760767694,-4844.830059404259,58.92365340996143,0,0,0,0,0,0
51.41664609999619,2082.12548828125,-4844.83056640625,324.3972473144531,58.92367804166225,0.0,0.0,0.005608222636510618,8,2,2,17,9,3,3,5,2,9,2,2,3,1,0,2082.1254408181035,-4844.830757583909,58.92367804166225,0,0,0,0,0,0
51.54164604999618,2082.124755859375,-4844.8310546875,324.39727783203125,58.923702673362094,0.0,0.0,0.004747721686726436,8,2,2,17,9,3,3,5,2,9,2,2,3,1,0,2082.1248642044757,-4844.831067356338,58.923702673362094,0,0,0,0,0,0
51.70831264999617,2082.124267578125,-4844.83154296875,324.39727783203125,58.923737855910154,0.0,0.0,0.004153533882345073,8,2,2,17,9,3,3,5,2,9,2,2,3,1,0,2082.124192288952,-4844.8313229014375,58.923737855910154,0,0,0,0,0,0
51.833312599996155,2082.123779296875,-4844.83154296875,324.3973083496094,58.923742549526594,0.0,0.0,0.003911909516318701,8,2,2,17,9,3,3,5,2,9,2,2,3,1,0,2082.123759518222,-4844.831508814704,58.923742549526594,0,0,0,0,0,0
51.99997919999614,2082.123046875,-4844.83154296875,324.3973693847656,58.923742549526594,0.0,0.0,0.0037774650991195813,8,2,2,17,9,3,3,5,2,9,2,2,3,1,0,2082.123160469872,-4844.831782735441,58.923742549526594,0,0,0,0,0,0
52.166645799996125,2082.12255859375,-4844.83203125,324.3973388671875,58.92377773207557,0.0,0.0,0.004220237315166742,8,2,2,17,9,3,3,5,2,9,2,2,3,1,0,2082.1226347883685,-4844.83215948172,58.92377773207557,0,0,0,0,0,0
52.33331239999611,2082.1220703125,-4844.83251953125,324.3972473144531,58.923802363773554,0.0,0.0,0.0044875549065181985,8,2,2,17,9,3,3,5,2,9,2,2,3,1,0,2082.1221440041504,-4844.832667767186,58.923802363773554,0,0,0,0,0,0
52.4166456999961,2082.121826171875,-4844.8330078125,324.397216796875,58.923814679622176,0.0,0.0,0.004554635961540043,8,2,2,17,9,3,3,5,2,9,2,2,3,1,0,2082.121887147221,-4844.832917516944,58.923814679622176,0,0,0,0,0,0
52.54164564999609,2082.121337890625,-4844.8330078125,324.3971862792969,58.92383931131871,0.0,0.0,0.005048856837674975,8,2,2,17,9,3,3,5,2,9,2,2,3,1,0,2082.1214086728455,-4844.833244809938,58.92383931131871,0,0,0,0,0,0
52.70831224999608,2082.120849609375,-4844.83349609375,324.397216796875,58.92383931131871,0.0,0.0,0.004417776290210895,8,2,2,17,9,3,3,5,2,9,2,2,3,1,0,2082.1207469671576,-4844.833725843447,58.92383931131871,0,0,0,0,0,0
52.833312199996065,2082.120361328125,-4844.833984375,324.397216796875,58.92384400493286,0.0,0.0,0.003661976006696932,8,2,2,17,9,3,3,5,2,9,2,2,3,1,0,2082.1203863810824,-4844.834085614799,58.92384400493286,0,0,0,0,0,0
52.958312149996054,2082.119873046875,-4844.83447265625,324.397216796875,58.92383168908501,0.0,0.0,0.0036062177969142795,8,2,2,17,9,3,3,5,2,9,2,2,3,1,0,2082.1199303074973,-4844.834291961929,58.92383168908501,0,0,0,0,0,0
53.166645399996035,2082.119140625,-4844.83447265625,324.3972473144531,58.92383461770436,0.0,0.0,0.0032358118914999068,8,2,2,17,9,3,3,5,2,9,2,2,3,1,0,2082.1192400010336,-4844.834584815553,58.92383461770436,0,0,0,0,0,0
53.20831204999603,2082.119140625,-4844.83447265625,324.3972473144531,58.92384869854683,0.0,0.0,0.003203274172847159,8,2,2,17,9,3,3,5,2,9,2,2,3,1,0,2082.119141718732,-4844.8346455842,58.92384869854683,0,0,0,0,0,0
53.37497864999602,2082.118896484375,-4844.8349609375,324.397216796875,58.923879187482356,0.0,0.0,0.00235070547205396,8,2,2,17,9,3,3,5,2,9,2,2,3,1,0,2082.1188435814397,-4844.834939815852,58.923879187482356,0,0,0,0,0,0
53.499978599996005,2082.11865234375,-4844.8349609375,324.397216796875,58.9239161350242,0.0,0.0,0.0024874083464965224,8,2,2,17,9,3,3,5,2,9,2,2,3,1,0,2082.1186149505047,-4844.835088811486,58.9239161350242,0,0,0,0,0,0
53.624978549995994,2082.118408203125,-4844.83544921875,324.397216796875,58.92394076671757,0.0,0.0,0.0029547674785135314,8,2,2,17,9,3,3,5,2,9,2,2,3,1,0,2082.1183519156593,-4844.835267689951,58.92394076671757,0,0,0,0,0,0
53.79164514999598,2082.117919921875,-4844.83544921875,324.3971862792969,58.923960704798496,0.0,0.0,0.0030675284506287426,8,2,2,17,9,3,3,5,2,9,2,2,3,1,0,2082.1179700847842,-4844.835584934802,58.923960704798496,0,0,0,0,0,0
53.99997839999596,2082.117431640625,-4844.8359375,324.3971862792969,58.923960704798496,0.0,0.0,0.002909379873017315,8,2,2,17,9,3,3,5,2,9,2,2,3,1,0,2082.1174436328033,-4844.835979848515,58.923960704798496,0,0,0,0,0,0
54.08331169999595,2082.1171875,-4844.8359375,324.3972473144531,58.92393607310551,0.0,0.0,0.0035564156860345975,8,2,2,17,9,3,3,5,2,9,2,2,3,1,0,2082.1172246159863,-4844.836164180744,58.92393607310551,0,0,0,0,0,0
54.20831164999594,2082.116943359375,-4844.83642578125,324.3973083496094,58.92393021586102,0.0,0.0,0.004496681140153669,8,2,2,17,9,3,3,5,2,9,2,2,3,1,0,2082.1169293065077,-4844.836560505157,58.92393021586102,0,0,0,0,0,0
54.37497824999593,2082.116455078125,-4844.83740234375,324.3972473144531,58.92390851278992,0.0,0.0,0.006127539381850511,8,2,2,17,9,3,3,5,2,9,2,2,3,1,0,2082.116464256755,-4844.837322909482,58.92390851278992,0,0,0,0,0,0
54.54164484999591,2082.11572265625,-4844.83837890625,324.3970642089844,58.92389033970091,0.0,0.0,0.0071950111305341125,8,2,2,17,9,3,3,5,2,9,2,2,3,1,0,2082.1158446843897,-4844.838222965942,58.92389033970091,0,0,0,0,0,0
54.7083114499959,2082.115234375,-4844.83935546875,324.3968200683594,58.92389679830519,0.0,0.0,0.007468058174708858,8,2,2,17,9,3,3,5,2,9,2,2,3,1,0,2082.1152461833153,-4844.839242299445,58.92389679830519,0,0,0,0,0,0
54.87497804999588,2082.114501953125,-4844.84033203125,324.3966979980469,58.92392612360726,0.0,0.0,0.0067440712882671505,8,2,2,17,9,3,3,5,2,9,2,2,3,1,0,2082.1145412872247,-4844.840131345564,58.92392612360726,0,0,0,0,0,0
54.958311349995874,2082.1142578125,-4844.84033203125,324.39666748046875,58.92394606168511,0.0,0.0,0.006325087451841682,8,2,2,17,9,3,3,5,2,9,2,2,3,1,0,2082.1141617290104,-4844.840493167605,58.92394606168511,0,0,0,0,0,0
55.12497794999586,2082.113525390625,-4844.84130859375,324.396728515625,58.92396599976299,0.0,0.0,0.005303463331074454,8,2,2,17,9,3,3,5,2,9,2,2,3,1,0,2082.1134189145287,-4844.84110664138,58.92396599976299,0,0,0,0,0,0
55.291644549995844,2082.112548828125,-4844.84130859375,324.3968505859375,58.92395368391856,0.0,0.0,0.004943619569530711,8,2,2,17,9,3,3,5,2,9,2,2,3,1,0,2082.1125558044873,-4844.8415026108805,58.92395368391856,0,0,0,0,0,0
55.45831114999583,2082.11181640625,-4844.841796875,324.3968811035156,58.92399356007476,0.0,0.0,0.004615406942320988,8,2,2,17,9,3,3,5,2,9,2,2,3,1,0,2082.1119064160084,-4844.841831458665,58.92399356007476,0,0,0,0,0,0
55.66664439999581,2082.111083984375,-4844.84228515625,324.3968505859375,58.92402874262155,0.0,0.0,0.004166227154200897,8,2,2,17,9,3,3,5,2,9,2,2,3,1,0,2082.1111984524596,-4844.84230618058,58.92402874262155,0,0,0,0,0,0
55.70831104999581,2082.111083984375,-4844.84228515625,324.3968200683594,58.92403636485613,0.0,0.0,0.004321687811170705,8,2,2,17,9,3,3,5,2,9,2,2,3,1,0,2082.1110637821043,-4844.842415783115,58.92403636485613,0,0,0,0,0,0
55.91664429999579,2082.1103515625,-4844.84326171875,324.396728515625,58.924062761526926,0.0,0.0,0.005886841245228425,8,2,2,17,9,3,3,5,2,9,2,2,3,1,0,2082.110345749337,-4844.84303934275,58.924062761526926,0,0,0,0,0,0
56.08331089999577,2082.109619140625,-4844.84375,324.3966979980469,58.9240733123875,0.0,0.0,0.005160551518201828,8,2,2,17,9,3,3,5,2,9,2,2,3,1,0,2082.1096841676144,-4844.843597481688,58.9240733123875,0,0,0,0,0,0
56.24997749999576,2082.10888671875,-4844.84423828125,324.3966979980469,58.92407977097809,0.0,0.0,0.004852826168644242,8,2,2,17,9,3,3,5,2,9,2,2,3,1,0,2082.1089695492233,-4844.844090593723,58.92407977097809,0,0,0,0,0,0
56.41664409999574,2082.1083984375,-4844.8447265625,324.396728515625,58.92409501544707,0.0,0.0,0.004125112172914669,8,2,2,17,9,3,3,5,2,9,2,2,3,1,0,2082.108327550744,-4844.844500411959,58.92409501544707,0,0,0,0,0,0
56.54164404999573,2082.10791015625,-4844.8447265625,324.396728515625,58.924127269366615,0.0,0.0,0.0034567736292956397,8,2,2,17,9,3,3,5,2,9,2,2,3,1,0,2082.107953403086,-4844.844753640214,58.924127269366615,0,0,0,0,0,0
56.70831064999572,2082.107421875,-4844.84521484375,324.3966979980469,58.924147207443724,0.0,0.0,0.0030425488148466684,8,2,2,17,9,3,3,5,2,9,2,2,3,1,0,2082.1075153997062,-4844.845059361852,58.924147207443724,0,0,0,0,0,0
56.833310599995706,2082.107177734375,-4844.84521484375,324.3966979980469,58.92413958520867,0.0,0.0,0.0036715362512040883,8,2,2,17,9,3,3,5,2,9,2,2,3,1,0,2082.1070801197066,-4844.845226142783,58.92413958520867,0,0,0,0,0,0
57.04164384999569,2082.106689453125,-4844.845703125,324.39666748046875,58.92412257575928,0.0,0.0,0.0035804729122901335,8,2,2,17,9,3,3,5,2,9,2,2,3,1,0,2082.1066543516954,-4844.845758565521,58.92412257575928,0,0,0,0,0,0
57.24997709999567,2082.1064453125,-4844.84619140625,324.3965759277344,58.92411671850446,0.0,0.0,0.0030194903956726193,8,2,2,17,9,3,3,5,2,9,2,2,3,1,0,2082.106340671389,-4844.846271034283,58.92411671850446,0,0,0,0,0,0
57.37497704999566,2082.106201171875,-4844.8466796875,324.396484375,58.92409385180169,0.0,0.0,0.00303593715216266,8,2,2,17,9,3,3,5,2,9,2,2,3,1,0,2082.106142629041,-4844.846575396501,58.92409385180169,0,0,0,0,0,0
57.58331029999564,2082.10595703125,-4844.84716796875,324.3963623046875,58.92410616764317,0.0,0.0,0.0026782161512528546,8,2,2,17,9,3,3,5,2,9,2,2,3,1,0,2082.1058812825863,-4844.847058940885,58.92410616764317,0,0,0,0,0,0
57.74997689999562,2082.105712890625,-4844.84716796875,324.3963623046875,58.92410440266258,0.0,0.0,0.002275875158375129,8,2,2,17,9,3,3,5,2,9,2,2,3,1,0,2082.1056707998428,-4844.847408863216,58.92410440266258,0,0,0,0,0,0
57.87497684999561,2082.10546875,-4844.84765625,324.3963623046875,58.92410616764317,0.0,0.0,0.002071871313091833,8,2,2,17,9,3,3,5,2,9,2,2,3,1,0,2082.1055098107936,-4844.847616552764,58.92410616764317,0,0,0,0,0,0
58.0416434499956,2082.105224609375,-4844.84765625,324.3963317871094,58.924101474035794,0.0,0.0,0.0027307869459036738,8,2,2,17,9,3,3,5,2,9,2,2,3,1,0,2082.1052457550386,-4844.84783289414,58.924101474035794,0,0,0,0,0,0
58.20831004999558,2082.10498046875,-4844.84814453125,324.3963623046875,58.92409854540918,0.0,0.0,0.0020732109987875447,8,2,2,17,9,3,3,5,2,9,2,2,3,1,0,2082.104956383811,-4844.848054361099,58.92409854540918,0,0,0,0,0,0
58.37497664999557,2082.104736328125,-4844.84814453125,324.3963317871094,58.924113789877325,0.0,0.0,0.0020355519154691137,8,2,2,17,9,3,3,5,2,9,2,2,3,1,0,2082.104706305949,-4844.848276863074,58.924113789877325,0,0,0,0,0,0
58.499976599995556,2082.1044921875,-4844.8486328125,324.3963317871094,58.92412141211163,0.0,0.0,0.002041712650679983,8,2,2,17,9,3,3,5,2,9,2,2,3,1,0,2082.104533300089,-4844.848442700021,58.92412141211163,0,0,0,0,0,0
58.66664319999554,2082.104248046875,-4844.8486328125,324.39630126953125,58.92409854540918,0.0,0.0,0.0024590963221271522,8,2,2,17,9,3,3,5,2,9,2,2,3,1,0,2082.104175418781,-4844.848651130428,58.92409854540918,0,0,0,0,0,0
58.833309799995526,2082.103759765625,-4844.8486328125,324.39630126953125,58.92410616764317,0.0,0.0,0.0030578241421608254,8,2,2,17,9,3,3,5,2,9,2,2,3,1,0,2082.10384552481,-4844.848874967227,58.92410616764317,0,0,0,0,0,0
58.99997639999551,2082.103515625,-4844.84912109375,324.39630126953125,58.92412141211163,0.0,0.0,0.001960363624675665,8,2,2,17,9,3,3,5,2,9,2,2,3,1,0,2082.103558961384,-4844.849103812405,58.92412141211163,0,0,0,0,0,0
59.0833096999955,2082.103515625,-4844.84912109375,324.39630126953125,58.9241290343461,0.0,0.0,0.0017502459741081111,8,2,2,17,9,3,3,5,2,9,2,2,3,1,0,2082.103460186445,-4844.849219598114,58.9241290343461,0,0,0,0,0,0
59.24997629999549,2082.103271484375,-4844.849609375,324.3962707519531,58.92415543100666,0.0,0.0,0.0015491572412429377,8,2,2,17,9,3,3,5,2,9,2,2,3,1,0,2082.1032705169996,-4844.849375123247,58.92415543100666,0,0,0,0,0,0
59.41664289999547,2082.10302734375,-4844.849609375,324.396240234375,58.92415835963494,0.0,0.0,0.0016512743968633004,8,2,2,17,9,3,3,5,2,9,2,2,3,1,0,2082.1030767946504,-4844.8495532933985,58.92415835963494,0,0,0,0,0,0
59.499976199995466,2082.10302734375,-4844.849609375,324.396240234375,58.92416305324102,0.0,0.0,0.0016482637875014916,8,2,2,17,9,3,3,5,2,9,2,2,3,1,0,2082.102982870113,-4844.849651070332,58.92416305324102,0,0,0,0,0,0
59.58330949999546,2082.102783203125,-4844.849609375,324.396240234375,58.924165981869564,0.0,0.0,0.0015949908629409038,8,2,2,17,9,3,3,5,2,9,2,2,3,1,0,2082.102890056457,-4844.849742134974,58.924165981869564,0,0,0,0,0,0
59.624976149995454,2082.102783203125,-4844.849609375,324.396240234375,58.92416774684692,0.0,0.0,0.0016219652025029063,8,2,2,17,9,3,3,5,2,9,2,2,3,1,0,2082.1028431757613,-4844.849787258816,58.92416774684692,0,0,0,0,0,0
59.833309399995436,2082.1025390625,-4844.85009765625,324.3962707519531,58.92415366602865,0.0,0.0,0.0016990927178994752,8,2,2,17,9,3,3,5,2,9,2,2,3,1,0,2082.102499740475,-4844.849976694234,58.92415366602865,0,0,0,0,0,0
59.87497604999543,2082.1025390625,-4844.85009765625,324.3962707519531,58.92415835963494,0.0,0.0,0.0015779434761498123,8,2,2,17,9,3,3,5,2,9,2,2,3,1,0,2082.1024519362854,-4844.850018548516,58.92415835963494,0,0,0,0,0,0
60.04164264999542,2082.102294921875,-4844.85009765625,324.396240234375,58.92417829771024,0.0,0.0,0.0012177778444311116,8,2,2,17,9,3,3,5,2,9,2,2,3,1,0,2082.102271764932,-4844.85014868403,58.92417829771024,0,0,0,0,0,0
60.2499758999954,2082.10205078125,-4844.85009765625,324.3962097167969,58.924207622995965,0.0,0.0,0.0007206123427749844,8,2,2,17,9,3,3,5,2,9,2,2,3,1,0,2082.1020969662577,-4844.850229660624,58.924207622995965,0,0,0,0,0,0
60.45830914999538,2082.101806640625,-4844.85009765625,324.396240234375,58.924207622995965,0.0,0.0,0.0010580212801869493,8,2,2,17,9,3,3,5,2,9,2,2,3,1,0,2082.101912464923,-4844.850227038139,58.924207622995965,0,0,0,0,0,0
60.66664239999536,2082.101806640625,-4844.85009765625,324.39630126953125,58.92421524523082,0.0,0.0,0.0029432074370561168,8,2,2,17,9,3,3,5,2,9,2,2,3,1,0,2082.1017807212775,-4844.850193573187,58.92421524523082,0,0,0,0,0,0
60.70830904999536,2082.101806640625,-4844.85009765625,324.39630126953125,58.92420585802064,0.0,0.0,0.0007244730113598052,8,2,2,17,9,3,3,5,2,9,2,2,3,1,0,2082.1017225750343,-4844.85017218457,58.92420585802064,0,0,0,0,0,0
60.91664229999534,2082.1015625,-4844.85009765625,324.3963623046875,58.92421055162582,0.0,0.0,0.0007095641649357276,8,2,2,17,9,3,3,5,2,9,2,2,3,1,0,2082.1015780523244,-4844.8501019628475,58.92421055162582,0,0,0,0,0,0
61.08330889999532,2082.1015625,-4844.85009765625,324.3963623046875,58.924218173860936,0.0,0.0,0.0006248201316338964,8,2,2,17,9,3,3,5,2,9,2,2,3,1,0,2082.1014921299943,-4844.850059296637,58.924218173860936,0,0,0,0,0,0
61.24997549999531,2082.1015625,-4844.85009765625,324.3963623046875,58.924238111936326,0.0,0.0,0.00028307110824243864,8,2,2,17,9,3,3,5,2,9,2,2,3,1,0,2082.1014559911473,-4844.850067246658,58.924238111936326,0,0,0,0,0,0
61.45830874999529,2082.101318359375,-4844.85009765625,324.3963317871094,58.924258050011744,0.0,0.0,0.0004788061687577283,8,2,2,17,9,3,3,5,2,9,2,2,3,1,0,2082.101439957399,-4844.850125511713,58.924258050011744,0,0,0,0,0,0
61.54164204999528,2082.1015625,-4844.85009765625,324.3963317871094,58.92426274361581,0.0,0.0,0.0006084391770855291,8,2,2,17,9,3,3,5,2,9,2,2,3,1,0,2082.1014420290085,-4844.850161355411,58.92426274361581,0,0,0,0,0,0
61.74997529999526,2082.101318359375,-4844.85009765625,324.39630126953125,58.92427798808719,0.0,0.0,0.00039401897993229795,8,2,2,17,9,3,3,5,2,9,2,2,3,1,0,2082.101411932609,-4844.85021442788,58.92427798808719,0,0,0,0,0,0
61.91664189999525,2082.101318359375,-4844.85009765625,324.3963317871094,58.92428737529435,0.0,0.0,0.0002186621031796676,8,2,2,17,9,3,3,5,2,9,2,2,3,1,0,2082.1013694039793,-4844.850235722108,58.92428737529435,0,0,0,0,0,0
62.08330849999523,2082.101318359375,-4844.85009765625,324.3963317871094,58.92427798808719,0.0,0.0,8.903190291675855e-05,8,2,2,17,9,3,3,5,2,9,2,2,3,1,0,2082.1013591965125,-4844.850267933714,58.92427798808719,0,0,0,0,0,0
62.24997509999522,2082.101318359375,-4844.85009765625,324.3963317871094,58.92426743721971,0.0,0.0,0.00021576686322077876,8,2,2,17,9,3,3,5,2,9,2,2,3,1,0,2082.1013567225727,-4844.850254522612,58.92426743721971,0,0,0,0,0,0
62.37497504999521,2082.101318359375,-4844.85009765625,324.3963317871094,58.92427036585142,0.0,0.0,0.000334722722072911,8,2,2,17,9,3,3,5,2,9,2,2,3,1,0,2082.101384153846,-4844.850226340637,58.92427036585142,0,0,0,0,0,0
62.54164164999519,2082.101318359375,-4844.85009765625,324.39630126953125,58.92427036585142,0.0,0.0,0.0003105766836597468,8,2,2,17,9,3,3,5,2,9,2,2,3,1,0,2082.101433010556,-4844.850208833199,58.92427036585142,0,0,0,0,0,0
62.70830824999518,2082.101318359375,-4844.85009765625,324.3963317871094,58.92427798808719,0.0,0.0,0.00032029597605287563,8,2,2,17,9,3,3,5,2,9,2,2,3,1,0,2082.1014067695264,-4844.850146386066,58.92427798808719,0,0,0,0,0,0
62.87497484999516,2082.101318359375,-4844.85009765625,324.3963623046875,58.924258050011744,0.0,0.0,0.00024851051421137527,8,2,2,17,9,3,3,5,2,9,2,2,3,1,0,2082.1013151039333,-4844.850155258515,58.924258050011744,0,0,0,0,0,0
62.99997479999515,2082.101318359375,-4844.85009765625,324.3963623046875,58.92426743721971,0.0,0.0,0.0002923269676102791,8,2,2,17,9,3,3,5,2,9,2,2,3,1,0,2082.1012985338866,-4844.850159249511,58.92426743721971,0,0,0,0,0,0
63.166641399995136,2082.101318359375,-4844.85009765625,324.3963623046875,58.92427798808719,0.0,0.0,0.00048283059186360333,8,2,2,17,9,3,3,5,2,9,2,2,3,1,0,2082.1013077400194,-4844.850169500283,58.92427798808719,0,0,0,0,0,0
63.24997469999513,2082.101318359375,-4844.85009765625,324.3963623046875,58.92428091671933,0.0,0.0,0.00010920826980509446,8,2,2,17,9,3,3,5,2,9,2,2,3,1,0,2082.1013198359897,-4844.8501797716435,58.92428091671933,0,0,0,0,0,0
63.45830794999511,2082.101318359375,-4844.85009765625,324.3963317871094,58.92428737529435,0.0,0.0,0.00043520326471480075,8,2,2,17,9,3,3,5,2,9,2,2,3,1,0,2082.101341775109,-4844.850202134913,58.92428737529435,0,0,0,0,0,0
63.66664119999509,2082.101318359375,-4844.85009765625,324.39630126953125,58.92427329448331,0.0,0.0,0.00010984944083247683,8,2,2,17,9,3,3,5,2,9,2,2,3,1,0,2082.1013447805894,-4844.850261349161,58.92427329448331,0,0,0,0,0,0
63.74997449999508,2082.101318359375,-4844.85009765625,324.39630126953125,58.92427798808719,0.0,0.0,3.083656849867111e-05,8,2,2,17,9,3,3,5,2,9,2,2,3,1,0,2082.101347752363,-4844.85025592789,58.92427798808719,0,0,0,0,0,0
63.958307749995065,2082.101318359375,-4844.85009765625,324.3963317871094,58.924258050011744,0.0,0.0,0.00017626261978875846,8,2,2,17,9,3,3,5,2,9,2,2,3,1,0,2082.1012982600814,-4844.850245107548,58.924258050011744,0,0,0,0,0,0
64.12497434999506,2082.101318359375,-4844.85009765625,324.3963317871094,58.92426274361581,0.0,0.0,0.0016580281226197258,8,2,2,17,9,3,3,5,2,9,2,2,3,1,0,2082.101314662723,-4844.850200096002,58.92426274361581,0,0,0,0,0,0
64.37497424999503,2082.101318359375,-4844.85009765625,324.3963623046875,58.924258050011744,0.0,0.0,0.0003203974301868584,8,2,2,17,9,3,3,5,2,9,2,2,3,1,0,2082.101333959439,-4844.850162933732,58.924258050011744,0,0,0,0,0,0
64.62497414999501,2082.101318359375,-4844.85009765625,324.3963623046875,58.92424280554081,0.0,0.0,0.0003583839770726627,8,2,2,17,9,3,3,5,2,9,2,2,3,1,0,2082.1013118950164,-4844.8501625985455,58.92424280554081,0,0,0,0,0,0
64.87497404999499,2082.101318359375,-4844.85009765625,324.39630126953125,58.92426274361581,0.0,0.0,0.00026286647880624514,8,2,2,17,9,3,3,5,2,9,2,2,3,1,0,2082.1013822780396,-4844.850172828265,58.92426274361581,0,0,0,0,0,0
65.16664059999496,2082.101318359375,-4844.85009765625,324.3963317871094,58.92424280554081,0.0,0.0,0.0007030492724879878,8,2,2,17,9,3,3,5,2,9,2,2,3,1,0,2082.1012651032547,-4844.850158621832,58.92424280554081,0,0,0,0,0,0
65.41664049999494,2082.101318359375,-4844.85009765625,324.3963623046875,58.924258050011744,0.0,0.0,0.0011353625268384349,8,2,2,17,9,3,3,5,2,9,2,2,3,1,0,2082.1011997668315,-4844.850131273094,58.924258050011744,0,0,0,0,0,0
65.66664039999492,2082.10107421875,-4844.85009765625,324.3963928222656,58.924250427776194,0.0,0.0,0.00011913234629901126,8,2,2,17,9,3,3,5,2,9,2,2,3,1,0,2082.1011245899117,-4844.850142224559,58.924250427776194,0,0,0,0,0,0
65.7916403499949,2082.10107421875,-4844.85009765625,324.3963928222656,58.924218173860936,0.0,0.0,0.002598815808596555,8,2,2,17,9,3,3,5,2,9,2,2,3,1,0,2082.100954280697,-4844.850087793391,58.924218173860936,0,0,0,0,0,0
66.04164024999488,2082.100830078125,-4844.85009765625,324.39642333984375,58.92424104056725,0.0,0.0,0.00024364273940591374,8,2,2,17,9,3,3,5,2,9,2,2,3,1,0,2082.1008964185676,-4844.850116728337,58.92424104056725,0,0,0,0,0,0
66.33330679999486,2082.100830078125,-4844.85009765625,324.3963928222656,58.92424573417182,0.0,0.0,0.00024085834411380347,8,2,2,17,9,3,3,5,2,9,2,2,3,1,0,2082.10094966461,-4844.850117161137,58.92424573417182,0,0,0,0,0,0
66.54164004999484,2082.10107421875,-4844.85009765625,324.3963623046875,58.92426274361581,0.0,0.0,0.0005532920113182627,8,2,2,17,9,3,3,5,2,9,2,2,3,1,0,2082.1010311285263,-4844.850172608795,58.92426274361581,0,0,0,0,0,0
66.62497334999483,2082.10107421875,-4844.85009765625,324.3963317871094,58.92426567224745,0.0,0.0,7.311393801501254e-05,8,2,2,17,9,3,3,5,2,9,2,2,3,1,0,2082.101036257329,-4844.850175974184,58.92426567224745,0,0,0,0,0,0
66.74997329999482,2082.10107421875,-4844.85009765625,324.3963317871094,58.92427505945521,0.0,0.0,0.00037640377286152216,8,2,2,17,9,3,3,5,2,9,2,2,3,1,0,2082.1010885604737,-4844.8501902419775,58.92427505945521,0,0,0,0,0,0
66.9583065499948,2082.10107421875,-4844.85009765625,324.3963623046875,58.92426567224745,0.0,0.0,5.0165385800937656e-05,8,2,2,17,9,3,3,5,2,9,2,2,3,1,0,2082.1011034678454,-4844.850180084337,58.92426567224745,0,0,0,0,0,0
67.12497314999479,2082.10107421875,-4844.85009765625,324.3963623046875,58.92425512138038,0.0,0.0,0.0001435084982404078,8,2,2,17,9,3,3,5,2,9,2,2,3,1,0,2082.10107369902,-4844.850173960691,58.92425512138038,0,0,0,0,0,0
67.29163974999477,2082.10107421875,-4844.85009765625,324.3963623046875,58.92426274361581,0.0,0.0,0.000510014297105954,8,2,2,17,9,3,3,5,2,9,2,2,3,1,0,2082.10111986482,-4844.850193524582,58.92426274361581,0,0,0,0,0,0
67.37497304999476,2082.10107421875,-4844.85009765625,324.3963623046875,58.92426567224745,0.0,0.0,0.0003812124077740009,8,2,2,17,9,3,3,5,2,9,2,2,3,1,0,2082.101163694308,-4844.850194519176,58.92426567224745,0,0,0,0,0,0
67.54163964999475,2082.101318359375,-4844.85009765625,324.3963317871094,58.92427036585142,0.0,0.0,0.000476998229714809,8,2,2,17,9,3,3,5,2,9,2,2,3,1,0,2082.101232961227,-4844.850179649154,58.92427036585142,0,0,0,0,0,0
67.66663959999474,2082.101318359375,-4844.85009765625,324.3963317871094,58.92427505945521,0.0,0.0,0.00015827941979296156,8,2,2,17,9,3,3,5,2,9,2,2,3,1,0,2082.101288265891,-4844.850180765285,58.92427505945521,0,0,0,0,0,0
67.79163954999473,2082.101318359375,-4844.85009765625,324.3963317871094,58.92426567224745,0.0,0.0,0.00043554700823733583,8,2,2,17,9,3,3,5,2,9,2,2,3,1,0,2082.1012177810626,-4844.850151901842,58.92426567224745,0,0,0,0,0,0
67.95830614999471,2082.101318359375,-4844.85009765625,324.3963623046875,58.92426567224745,0.0,0.0,0.00021744644982391037,8,2,2,17,9,3,3,5,2,9,2,2,3,1,0,2082.101235597362,-4844.850197037537,58.92426567224745,0,0,0,0,0,0
68.1666393999947,2082.101318359375,-4844.85009765625,324.3963623046875,58.92427505945521,0.0,0.0,0.0002902537744375877,8,2,2,17,9,3,3,5,2,9,2,2,3,1,0,2082.101244008759,-4844.850178390699,58.92427505945521,0,0,0,0,0,0
68.24997269999469,2082.101318359375,-4844.85009765625,324.3963623046875,58.92427505945521,0.0,0.0,0.0005859419161424739,8,2,2,17,9,3,3,5,2,9,2,2,3,1,0,2082.1012454212755,-4844.850173619399,58.92427505945521,0,0,0,0,0,0
68.45830594999467,2082.10107421875,-4844.85009765625,324.3963623046875,58.924258050011744,0.0,0.0,0.0002047376483460539,8,2,2,17,9,3,3,5,2,9,2,2,3,1,0,2082.101188360896,-4844.850184100004,58.924258050011744,0,0,0,0,0,0
68.62497254999465,2082.101318359375,-4844.85009765625,324.3963317871094,58.92427505945521,0.0,0.0,0.00012108300779800629,8,2,2,17,9,3,3,5,2,9,2,2,3,1,0,2082.10121098066,-4844.850186561554,58.92427505945521,0,0,0,0,0,0
68.79163914999464,2082.10107421875,-4844.85009765625,324.3963623046875,58.924258050011744,0.0,0.0,8.372614388463262e-05,8,2,2,17,9,3,3,5,2,9,2,2,3,1,0,2082.101189983663,-4844.850193272967,58.924258050011744,0,0,0,0,0,0
68.99997239999462,2082.101318359375,-4844.85009765625,324.3963623046875,58.92427036585142,0.0,0.0,0.0002782570845738519,8,2,2,17,9,3,3,5,2,9,2,2,3,1,0,2082.1012057972016,-4844.850172379063,58.92427036585142,0,0,0,0,0,0
69.12497234999461,2082.101318359375,-4844.85009765625,324.3963623046875,58.92428268169086,0.0,0.0,0.00012315372259763535,8,2,2,17,9,3,3,5,2,9,2,2,3,1,0,2082.101218935021,-4844.850165336626,58.92428268169086,0,0,0,0,0,0
69.29163894999459,2082.101318359375,-4844.85009765625,324.3963623046875,58.92428268169086,0.0,0.0,7.392067686851078e-05,8,2,2,17,9,3,3,5,2,9,2,2,3,1,0,2082.10120449243,-4844.850159650209,58.92428268169086,0,0,0,0,0,0
69.45830554999458,2082.10107421875,-4844.85009765625,324.3963623046875,58.92427329448331,0.0,0.0,0.0005821040758746676,8,2,2,17,9,3,3,5,2,9,2,2,3,1,0,2082.1011815535194,-4844.850176598751,58.92427329448331,0,0,0,0,0,0
69.62497214999456,2082.10107421875,-4844.85009765625,324.3963928222656,58.92425335640747,0.0,0.0,0.00013421783933154074,8,2,2,17,9,3,3,5,2,9,2,2,3,1,0,2082.1011034179573,-4844.850200635366,58.92425335640747,0,0,0,0,0,0
69.79163874999455,2082.10107421875,-4844.85009765625,324.3963623046875,58.92427036585142,0.0,0.0,0.0002527896867832169,8,2,2,17,9,3,3,5,2,9,2,2,3,1,0,2082.1011445366735,-4844.850193951916,58.92427036585142,0,0,0,0,0,0
69.83330539999454,2082.10107421875,-4844.85009765625,324.3963317871094,58.92427505945521,0.0,0.0,0.0005015258921048371,8,2,2,17,9,3,3,5,2,9,2,2,3,1,0,2082.101164591684,-4844.8501963714125,58.92427505945521,0,0,0,0,0,0
69.87497204999454,2082.10107421875,-4844.85009765625,324.3963317871094,58.92427798808719,0.0,0.0,0.0003429064690863015,8,2,2,17,9,3,3,5,2,9,2,2,3,1,0,2082.1011804231325,-4844.850194662267,58.92427798808719,0,0,0,0,0,0
70.04163864999452,2082.10107421875,-4844.85009765625,324.3963623046875,58.92427036585142,0.0,0.0,0.00016503594224559492,8,2,2,17,9,3,3,5,2,9,2,2,3,1,0,2082.101149686365,-4844.850166732437,58.92427036585142,0,0,0,0,0,0
70.20830524999451,2082.10107421875,-4844.85009765625,324.3963928222656,58.92426567224745,0.0,0.0,0.0004353232270659646,8,2,2,17,9,3,3,5,2,9,2,2,3,1,0,2082.1010834262597,-4844.850150935782,58.92426567224745,0,0,0,0,0,0
70.3333051999945,2082.10107421875,-4844.85009765625,324.3963928222656,58.92427798808719,0.0,0.0,0.00024453222522424767,8,2,2,17,9,3,3,5,2,9,2,2,3,1,0,2082.1010924577363,-4844.850147197739,58.92427798808719,0,0,0,0,0,0
70.3749718499945,2082.10107421875,-4844.85009765625,324.3963928222656,58.924285610323096,0.0,0.0,0.00013758364048044314,8,2,2,17,9,3,3,5,2,9,2,2,3,1,0,2082.101096140679,-4844.850141681658,58.924285610323096,0,0,0,0,0,0
70.45830514999449,2082.10107421875,-4844.85009765625,324.3963928222656,58.92427505945521,0.0,0.0,0.00040234212974610273,8,2,2,17,9,3,3,5,2,9,2,2,3,1,0,2082.1010457392144,-4844.850117989704,58.92427505945521,0,0,0,0,0,0
70.58330509999448,2082.10107421875,-4844.85009765625,324.39642333984375,58.92427798808719,0.0,0.0,8.047321671256213e-05,8,2,2,17,9,3,3,5,2,9,2,2,3,1,0,2082.1010645720708,-4844.850143710607,58.92427798808719,0,0,0,0,0,0
70.70830504999446,2082.10107421875,-4844.85009765625,324.3963928222656,58.92426274361581,0.0,0.0,0.00032597272365819663,8,2,2,17,9,3,3,5,2,9,2,2,3,1,0,2082.1010227637016,-4844.850162233151,58.92426274361581,0,0,0,0,0,0
70.91663829999445,2082.10107421875,-4844.85009765625,324.3963623046875,58.92428268169086,0.0,0.0,0.00023194236291601555,8,2,2,17,9,3,3,5,2,9,2,2,3,1,0,2082.101042430425,-4844.850166983769,58.92428268169086,0,0,0,0,0,0
71.08330489999443,2082.10107421875,-4844.85009765625,324.3963623046875,58.92429792616266,0.0,0.0,0.0006792582098569255,8,2,2,17,9,3,3,5,2,9,2,2,3,1,0,2082.101050362726,-4844.850169574697,58.92429792616266,0,0,0,0,0,0
71.24997149999442,2082.10107421875,-4844.85009765625,324.3963928222656,58.92427329448331,0.0,0.0,0.0003992650363215944,8,2,2,17,9,3,3,5,2,9,2,2,3,1,0,2082.100977264067,-4844.850206308952,58.92427329448331,0,0,0,0,0,0
71.4583047499944,2082.10107421875,-4844.85009765625,324.3963623046875,58.92428091671933,0.0,0.0,0.001742042695696,8,2,2,17,9,3,3,5,2,9,2,2,3,1,0,2082.1010432078697,-4844.850212824395,58.92428091671933,0,0,0,0,0,0
71.54163804999439,2082.10107421875,-4844.85009765625,324.3963623046875,58.92427036585142,0.0,0.0,0.0002849315023922827,8,2,2,17,9,3,3,5,2,9,2,2,3,1,0,2082.1010344522465,-4844.850199152113,58.92427036585142,0,0,0,0,0,0
71.70830464999437,2082.10107421875,-4844.85009765625,324.3963623046875,58.924258050011744,0.0,0.0,0.000387428099202225,8,2,2,17,9,3,3,5,2,9,2,2,3,1,0,2082.1010358331273,-4844.850194919435,58.924258050011744,0,0,0,0,0,0
71.83330459999436,2082.10107421875,-4844.85009765625,324.3963317871094,58.92426567224745,0.0,0.0,0.0002587267772469204,8,2,2,17,9,3,3,5,2,9,2,2,3,1,0,2082.10106322576,-4844.850185262218,58.92426567224745,0,0,0,0,0,0
71.95830454999435,2082.10107421875,-4844.85009765625,324.3963623046875,58.92426274361581,0.0,0.0,0.00093199532784638,8,2,2,17,9,3,3,5,2,9,2,2,3,1,0,2082.1010695884047,-4844.850157239188,58.92426274361581,0,0,0,0,0,0
72.12497114999434,2082.10107421875,-4844.85009765625,324.3963928222656,58.924250427776194,0.0,0.0,6.305656938820903e-05,8,2,2,17,9,3,3,5,2,9,2,2,3,1,0,2082.101067057058,-4844.850155290289,58.924250427776194,0,0,0,0,0,0
72.29163774999432,2082.10107421875,-4844.85009765625,324.3963623046875,58.92427036585142,0.0,0.0,0.00017962551055461518,8,2,2,17,9,3,3,5,2,9,2,2,3,1,0,2082.1011136392,-4844.850143538916,58.92427036585142,0,0,0,0,0,0
72.37497104999431,2082.10107421875,-4844.85009765625,324.3963623046875,58.92427798808719,0.0,0.0,0.0001646758846618468,8,2,2,17,9,3,3,5,2,9,2,2,3,1,0,2082.101139809865,-4844.850140379566,58.92427798808719,0,0,0,0,0,0
72.5416376499943,2082.10107421875,-4844.85009765625,324.3963623046875,58.92429030392667,0.0,0.0,0.00035414491321716923,8,2,2,17,9,3,3,5,2,9,2,2,3,1,0,2082.1011948997425,-4844.850146537296,58.92429030392667,0,0,0,0,0,0
72.66663759999429,2082.10107421875,-4844.85009765625,324.3963623046875,58.92427036585142,0.0,0.0,0.0004882958819507621,8,2,2,17,9,3,3,5,2,9,2,2,3,1,0,2082.1011572681473,-4844.8501606732325,58.92427036585142,0,0,0,0,0,0
72.83330419999427,2082.10107421875,-4844.85009765625,324.3963623046875,58.92427036585142,0.0,0.0,0.00026859781883104006,8,2,2,17,9,3,3,5,2,9,2,2,3,1,0,2082.1011949233066,-4844.850221529944,58.92427036585142,0,0,0,0,0,0
72.95830414999426,2082.101318359375,-4844.85009765625,324.3963317871094,58.92427505945521,0.0,0.0,0.0019384626284590922,8,2,2,17,9,3,3,5,2,9,2,2,3,1,0,2082.101204024639,-4844.850219406483,58.92427505945521,0,0,0,0,0,0
73.12497074999425,2082.10107421875,-4844.85009765625,324.3963317871094,58.92426743721971,0.0,0.0,0.0003455497335380642,8,2,2,17,9,3,3,5,2,9,2,2,3,1,0,2082.1011879488483,-4844.8502143912365,58.92426743721971,0,0,0,0,0,0
73.20830404999424,2082.101318359375,-4844.85009765625,324.3963623046875,58.92427505945521,0.0,0.0,0.0002102264943459886,8,2,2,17,9,3,3,5,2,9,2,2,3,1,0,2082.101202994216,-4844.850205086438,58.92427505945521,0,0,0,0,0,0
73.37497064999422,2082.101318359375,-4844.85009765625,324.3963623046875,58.92429030392667,0.0,0.0,0.00021274324808473466,8,2,2,17,9,3,3,5,2,9,2,2,3,1,0,2082.1012135525957,-4844.85016847341,58.92429030392667,0,0,0,0,0,0
73.54163724999421,2082.10107421875,-4844.85009765625,324.3963928222656,58.92427798808719,0.0,0.0,0.001324112145084655,8,2,2,17,9,3,3,5,2,9,2,2,3,1,0,2082.1011469132122,-4844.850130204776,58.92427798808719,0,0,0,0,0,0
73.7083038499942,2082.10107421875,-4844.85009765625,324.39642333984375,58.92427798808719,0.0,0.0,0.00018801474652718753,8,2,2,17,9,3,3,5,2,9,2,2,3,1,0,2082.1011151299226,-4844.8501477710415,58.92427798808719,0,0,0,0,0,0
73.79163714999419,2082.10107421875,-4844.85009765625,324.3963928222656,58.92427798808719,0.0,0.0,0.00014152268477118923,8,2,2,17,9,3,3,5,2,9,2,2,3,1,0,2082.101111280603,-4844.850165515093,58.92427798808719,0,0,0,0,0,0
73.87497044999418,2082.10107421875,-4844.85009765625,324.3963928222656,58.92427798808719,0.0,0.0,3.4877035659519606e-05,8,2,2,17,9,3,3,5,2,9,2,2,3,1,0,2082.101119960299,-4844.850177268738,58.92427798808719,0,0,0,0,0,0
74.04163704999416,2082.10107421875,-4844.85009765625,324.3963623046875,58.924285610323096,0.0,0.0,0.000791122602095129,8,2,2,17,9,3,3,5,2,9,2,2,3,1,0,2082.101187044372,-4844.8502052749245,58.924285610323096,0,0,0,0,0,0
74.24997029999415,2082.101318359375,-4844.85009765625,324.3963317871094,58.924294997530055,0.0,0.0,0.0004994029950466938,8,2,2,17,9,3,3,5,2,9,2,2,3,1,0,2082.1012294377892,-4844.850223956949,58.924294997530055,0,0,0,0,0,0
74.45830354999413,2082.101318359375,-4844.85009765625,324.3963317871094,58.92429030392667,0.0,0.0,3.570671935904102e-05,8,2,2,17,9,3,3,5,2,9,2,2,3,1,0,2082.101221353463,-4844.850234677298,58.92429030392667,0,0,0,0,0,0
74.66663679999411,2082.101318359375,-4844.85009765625,324.3963317871094,58.92428268169086,0.0,0.0,0.0002843549509634613,8,2,2,17,9,3,3,5,2,9,2,2,3,1,0,2082.10127173445,-4844.850255726953,58.92428268169086,0,0,0,0,0,0
74.87497004999409,2082.101318359375,-4844.85009765625,324.3963317871094,58.92427798808719,0.0,0.0,0.0003403237542443094,8,2,2,17,9,3,3,5,2,9,2,2,3,1,0,2082.1013096813726,-4844.850216134371,58.92427798808719,0,0,0,0,0,0
75.04163664999408,2082.101318359375,-4844.85009765625,324.3963317871094,58.924258050011744,0.0,0.0,2.7902893862119527e-05,8,2,2,17,9,3,3,5,2,9,2,2,3,1,0,2082.1012751356166,-4844.850190191617,58.924258050011744,0,0,0,0,0,0
75.16663659999406,2082.101318359375,-4844.85009765625,324.3963623046875,58.92426567224745,0.0,0.0,0.00019779056401603157,8,2,2,17,9,3,3,5,2,9,2,2,3,1,0,2082.1012830567524,-4844.850181596087,58.92426567224745,0,0,0,0,0,0
75.37496984999405,2082.101318359375,-4844.85009765625,324.3963317871094,58.92426743721971,0.0,0.0,0.0015348898159572855,8,2,2,17,9,3,3,5,2,9,2,2,3,1,0,2082.1012763004683,-4844.850158252433,58.92426743721971,0,0,0,0,0,0
75.54163644999403,2082.101318359375,-4844.85009765625,324.3963623046875,58.92426567224745,0.0,0.0,0.00015589963595630252,8,2,2,17,9,3,3,5,2,9,2,2,3,1,0,2082.10125936049,-4844.850160508546,58.92426567224745,0,0,0,0,0,0
75.70830304999402,2082.10107421875,-4844.85009765625,324.3963928222656,58.92423518330558,0.0,0.0,0.000338126164933783,8,2,2,17,9,3,3,5,2,9,2,2,3,1,0,2082.101111643908,-4844.850154095683,58.92423518330558,0,0,0,0,0,0
75.874969649994,2082.10107421875,-4844.85009765625,324.3963928222656,58.92426274361581,0.0,0.0,0.0001439913603462628,8,2,2,17,9,3,3,5,2,9,2,2,3,1,0,2082.101133751825,-4844.850155840547,58.92426274361581,0,0,0,0,0,0
75.99996959999399,2082.10107421875,-4844.85009765625,324.3963623046875,58.92426567224745,0.0,0.0,0.0004656207693187753,8,2,2,17,9,3,3,5,2,9,2,2,3,1,0,2082.101195658132,-4844.85017439044,58.92426567224745,0,0,0,0,0,0
76.16663619999397,2082.101318359375,-4844.85009765625,324.3963317871094,58.92427798808719,0.0,0.0,8.470216812384024e-05,8,2,2,17,9,3,3,5,2,9,2,2,3,1,0,2082.1012345058493,-4844.850152168864,58.92427798808719,0,0,0,0,0,0
76.29163614999396,2082.10107421875,-4844.85009765625,324.3963623046875,58.92426567224745,0.0,0.0,0.0002878929990401957,8,2,2,17,9,3,3,5,2,9,2,2,3,1,0,2082.1011614384333,-4844.850149458474,58.92426567224745,0,0,0,0,0,0
76.45830274999395,2082.10107421875,-4844.85009765625,324.3963623046875,58.924285610323096,0.0,0.0,0.00014824083791609155,8,2,2,17,9,3,3,5,2,9,2,2,3,1,0,2082.101126406664,-4844.85015829141,58.924285610323096,0,0,0,0,0,0
76.54163604999394,2082.10107421875,-4844.85009765625,324.3963928222656,58.924285610323096,0.0,0.0,0.00039969295357877854,8,2,2,17,9,3,3,5,2,9,2,2,3,1,0,2082.1011350906815,-4844.850180740668,58.924285610323096,0,0,0,0,0,0
76.70830264999393,2082.10107421875,-4844.85009765625,324.3963928222656,58.92427036585142,0.0,0.0,0.0003318386916362215,8,2,2,17,9,3,3,5,2,9,2,2,3,1,0,2082.101101417573,-4844.850199187526,58.92427036585142,0,0,0,0,0,0
76.87496924999391,2082.10107421875,-4844.85009765625,324.3963928222656,58.92424280554081,0.0,0.0,0.00019306464764667908,8,2,2,17,9,3,3,5,2,9,2,2,3,1,0,2082.100982875037,-4844.85017823682,58.92424280554081,0,0,0,0,0,0
76.9999691999939,2082.10107421875,-4844.85009765625,324.3963623046875,58.924258050011744,0.0,0.0,0.00021000048491259804,8,2,2,17,9,3,3,5,2,9,2,2,3,1,0,2082.1010219333516,-4844.850195458464,58.924258050011744,0,0,0,0,0,0
77.16663579999388,2082.10107421875,-4844.85009765625,324.3963623046875,58.924238111936326,0.0,0.0,0.0001333005116066488,8,2,2,17,9,3,3,5,2,9,2,2,3,1,0,2082.1009538830426,-4844.85016623658,58.924238111936326,0,0,0,0,0,0
77.29163574999387,2082.10107421875,-4844.85009765625,324.3963928222656,58.924250427776194,0.0,0.0,0.00042530896280368324,8,2,2,17,9,3,3,5,2,9,2,2,3,1,0,2082.1010238295557,-4844.850165687283,58.924250427776194,0,0,0,0,0,0
77.37496904999387,2082.10107421875,-4844.85009765625,324.3963928222656,58.92426567224745,0.0,0.0,0.0003681504949781811,8,2,2,17,9,3,3,5,2,9,2,2,3,1,0,2082.1010571661186,-4844.8501425069335,58.92426567224745,0,0,0,0,0,0
77.58330229999385,2082.10107421875,-4844.85009765625,324.3963623046875,58.92427505945521,0.0,0.0,0.00032934606224443996,8,2,2,17,9,3,3,5,2,9,2,2,3,1,0,2082.1011369282774,-4844.850135436622,58.92427505945521,0,0,0,0,0,0
77.74996889999383,2082.101318359375,-4844.85009765625,324.3963623046875,58.92428268169086,0.0,0.0,0.0006551174919877667,8,2,2,17,9,3,3,5,2,9,2,2,3,1,0,2082.1012020055473,-4844.850154570808,58.92428268169086,0,0,0,0,0,0
77.91663549999382,2082.101318359375,-4844.85009765625,324.3963317871094,58.92428268169086,0.0,0.0,0.0001757657287271286,8,2,2,17,9,3,3,5,2,9,2,2,3,1,0,2082.1012614490573,-4844.8502021326385,58.92428268169086,0,0,0,0,0,0
78.0416354499938,2082.101318359375,-4844.85009765625,324.3963317871094,58.92428268169086,0.0,0.0,0.00016708817156541045,8,2,2,17,9,3,3,5,2,9,2,2,3,1,0,2082.101279349996,-4844.850212970835,58.92428268169086,0,0,0,0,0,0
78.20830204999379,2082.101318359375,-4844.85009765625,324.3963317871094,58.92428268169086,0.0,0.0,0.0003031839469258557,8,2,2,17,9,3,3,5,2,9,2,2,3,1,0,2082.101287732357,-4844.850234934311,58.92428268169086,0,0,0,0,0,0
78.41663529999377,2082.101318359375,-4844.85009765625,324.3963317871094,58.92429030392667,0.0,0.0,0.00010947757118628942,8,2,2,17,9,3,3,5,2,9,2,2,3,1,0,2082.1012881161296,-4844.850222986344,58.92429030392667,0,0,0,0,0,0
78.58330189999376,2082.101318359375,-4844.85009765625,324.3963317871094,58.92428268169086,0.0,0.0,0.00035349430618225597,8,2,2,17,9,3,3,5,2,9,2,2,3,1,0,2082.1013301184885,-4844.85023617335,58.92428268169086,0,0,0,0,0,0
78.74996849999374,2082.101318359375,-4844.85009765625,324.3963317871094,58.92427798808719,0.0,0.0,0.00022940839699003845,8,2,2,17,9,3,3,5,2,9,2,2,3,1,0,2082.101384268951,-4844.850219554219,58.92427798808719,0,0,0,0,0,0
78.91663509999373,2082.101318359375,-4844.85009765625,324.3963317871094,58.9242474991451,0.0,0.0,0.00043863697101187427,8,2,2,17,9,3,3,5,2,9,2,2,3,1,0,2082.101249366486,-4844.850157540522,58.9242474991451,0,0,0,0,0,0
79.04163504999372,2082.101318359375,-4844.85009765625,324.3963623046875,58.924258050011744,0.0,0.0,0.0004964784238836728,8,2,2,17,9,3,3,5,2,9,2,2,3,1,0,2082.1012110485653,-4844.850164091727,58.924258050011744,0,0,0,0,0,0
79.2499682999937,2082.101318359375,-4844.85009765625,324.3963623046875,58.92427329448331,0.0,0.0,0.000276190303338808,8,2,2,17,9,3,3,5,2,9,2,2,3,1,0,2082.1012195225703,-4844.850171672963,58.92427329448331,0,0,0,0,0,0
79.41663489999368,2082.101318359375,-4844.85009765625,324.3963623046875,58.92427798808719,0.0,0.0,0.0005764319666923257,8,2,2,17,9,3,3,5,2,9,2,2,3,1,0,2082.101291063398,-4844.850174203449,58.92427798808719,0,0,0,0,0,0
79.58330149999367,2082.101318359375,-4844.85009765625,324.3963317871094,58.92427798808719,0.0,0.0,0.00017449956430937164,8,2,2,17,9,3,3,5,2,9,2,2,3,1,0,2082.1013122923405,-4844.85017661324,58.92427798808719,0,0,0,0,0,0
79.74996809999365,2082.101318359375,-4844.85009765625,324.39630126953125,58.92428268169086,0.0,0.0,0.00014688191640743753,8,2,2,17,9,3,3,5,2,9,2,2,3,1,0,2082.1013315679797,-4844.850202280325,58.92428268169086,0,0,0,0,0,0
79.87496804999364,2082.101318359375,-4844.85009765625,324.3963317871094,58.92427036585142,0.0,0.0,0.000436928576164064,8,2,2,17,9,3,3,5,2,9,2,2,3,1,0,2082.1012606561835,-4844.850194284448,58.92427036585142,0,0,0,0,0,0
80.04163464999363,2082.101318359375,-4844.85009765625,324.3963623046875,58.92427036585142,0.0,0.0,0.0001343371081929945,8,2,2,17,9,3,3,5,2,9,2,2,3,1,0,2082.1012414136712,-4844.850222410292,58.92427036585142,0,0,0,0,0,0
80.2499678999936,2082.10107421875,-4844.85009765625,324.3963928222656,58.924250427776194,0.0,0.0,0.000432790284321527,8,2,2,17,9,3,3,5,2,9,2,2,3,1,0,2082.101075812689,-4844.85017127427,58.924250427776194,0,0,0,0,0,0
80.41663449999359,2082.10107421875,-4844.85009765625,324.39642333984375,58.92425512138038,0.0,0.0,0.00020258771655790042,8,2,2,17,9,3,3,5,2,9,2,2,3,1,0,2082.1010182748682,-4844.850132351525,58.92425512138038,0,0,0,0,0,0
80.58330109999358,2082.10107421875,-4844.85009765625,324.3963928222656,58.92427036585142,0.0,0.0,0.0005235704520600848,8,2,2,17,9,3,3,5,2,9,2,2,3,1,0,2082.1010683790737,-4844.850114759758,58.92427036585142,0,0,0,0,0,0
80.70830104999357,2082.100830078125,-4844.85009765625,324.39642333984375,58.92423048970099,0.0,0.0,0.0004303874902689131,8,2,2,17,9,3,3,5,2,9,2,2,3,1,0,2082.100910969742,-4844.850074322502,58.92423048970099,0,0,0,0,0,0
80.87496764999355,2082.10107421875,-4844.85009765625,324.39642333984375,58.92424573417182,0.0,0.0,0.00020356255845399573,8,2,2,17,9,3,3,5,2,9,2,2,3,1,0,2082.1009571061372,-4844.850145441408,58.92424573417182,0,0,0,0,0,0
81.04163424999354,2082.10107421875,-4844.85009765625,324.3963623046875,58.92426567224745,0.0,0.0,0.0008795346730039455,8,2,2,17,9,3,3,5,2,9,2,2,3,1,0,2082.1010437162395,-4844.850179030263,58.92426567224745,0,0,0,0,0,0
81.20830084999352,2082.10107421875,-4844.85009765625,324.3963317871094,58.92427505945521,0.0,0.0,0.0007056626145640621,8,2,2,17,9,3,3,5,2,9,2,2,3,1,0,2082.1011095762324,-4844.8501671308995,58.92427505945521,0,0,0,0,0,0
81.3749674499935,2082.10107421875,-4844.85009765625,324.3963317871094,58.92426567224745,0.0,0.0,0.00036277654089644784,8,2,2,17,9,3,3,5,2,9,2,2,3,1,0,2082.101145526058,-4844.850207826644,58.92426567224745,0,0,0,0,0,0
81.4999673999935,2082.10107421875,-4844.85009765625,324.3963317871094,58.92427036585142,0.0,0.0,0.0004097032160643721,8,2,2,17,9,3,3,5,2,9,2,2,3,1,0,2082.101186944079,-4844.850222764679,58.92427036585142,0,0,0,0,0,0
81.58330069999349,2082.101318359375,-4844.85009765625,324.3963317871094,58.92427036585142,0.0,0.0,0.0004558036380331032,8,2,2,17,9,3,3,5,2,9,2,2,3,1,0,2082.1012229145445,-4844.850228422453,58.92427036585142,0,0,0,0,0,0
81.79163394999347,2082.10107421875,-4844.85009765625,324.3963928222656,58.92423518330558,0.0,0.0,0.00036620040191337466,8,2,2,17,9,3,3,5,2,9,2,2,3,1,0,2082.101119983793,-4844.850185304076,58.92423518330558,0,0,0,0,0,0
81.99996719999345,2082.10107421875,-4844.85009765625,324.3963623046875,58.92426567224745,0.0,0.0,0.00035085834042547503,8,2,2,17,9,3,3,5,2,9,2,2,3,1,0,2082.1011631148904,-4844.8501396546935,58.92426567224745,0,0,0,0,0,0
82.20830044999343,2082.10107421875,-4844.85009765625,324.3963928222656,58.92425512138038,0.0,0.0,0.0005373215117288055,8,2,2,17,9,3,3,5,2,9,2,2,3,1,0,2082.1011803598103,-4844.850130207575,58.92425512138038,0,0,0,0,0,0
82.33330039999342,2082.101318359375,-4844.85009765625,324.3963928222656,58.92427036585142,0.0,0.0,5.7151828514179215e-05,8,2,2,17,9,3,3,5,2,9,2,2,3,1,0,2082.101213927351,-4844.850121326957,58.92427036585142,0,0,0,0,0,0
82.37496704999342,2082.101318359375,-4844.85009765625,324.3963623046875,58.92427505945521,0.0,0.0,2.836586645571515e-05,8,2,2,17,9,3,3,5,2,9,2,2,3,1,0,2082.1012195629646,-4844.85012118353,58.92427505945521,0,0,0,0,0,0
82.4999669999934,2082.101318359375,-4844.85009765625,324.3963317871094,58.92427798808719,0.0,0.0,0.00024850512545526726,8,2,2,17,9,3,3,5,2,9,2,2,3,1,0,2082.101245292859,-4844.850151374363,58.92427798808719,0,0,0,0,0,0
82.6249669499934,2082.10107421875,-4844.85009765625,324.3963623046875,58.92424573417182,0.0,0.0,0.0004947233264829265,8,2,2,17,9,3,3,5,2,9,2,2,3,1,0,2082.1011054997734,-4844.850151628752,58.92424573417182,0,0,0,0,0,0
82.79163354999338,2082.10107421875,-4844.85009765625,324.3963928222656,58.92426567224745,0.0,0.0,0.00021061321149318246,8,2,2,17,9,3,3,5,2,9,2,2,3,1,0,2082.101092803086,-4844.850187560358,58.92426567224745,0,0,0,0,0,0
82.95830014999336,2082.10107421875,-4844.85009765625,324.3963623046875,58.92427798808719,0.0,0.0,0.0002880292413465213,8,2,2,17,9,3,3,5,2,9,2,2,3,1,0,2082.1011254480654,-4844.850213300458,58.92427798808719,0,0,0,0,0,0
83.12496674999335,2082.10107421875,-4844.85009765625,324.3963623046875,58.92429323255919,0.0,0.0,0.0003227494516977458,8,2,2,17,9,3,3,5,2,9,2,2,3,1,0,2082.101173290082,-4844.850179957968,58.92429323255919,0,0,0,0,0,0
83.20830004999334,2082.101318359375,-4844.85009765625,324.3963623046875,58.924294997530055,0.0,0.0,0.0005962517207080964,8,2,2,17,9,3,3,5,2,9,2,2,3,1,0,2082.101203188222,-4844.850184576264,58.924294997530055,0,0,0,0,0,0
83.37496664999333,2082.101318359375,-4844.85009765625,324.3963317871094,58.92429030392667,0.0,0.0,0.00022258730041357921,8,2,2,17,9,3,3,5,2,9,2,2,3,1,0,2082.1012518501275,-4844.8502101443955,58.92429030392667,0,0,0,0,0,0
83.54163324999331,2082.101318359375,-4844.85009765625,324.3963317871094,58.924294997530055,0.0,0.0,0.00017163538359454833,8,2,2,17,9,3,3,5,2,9,2,2,3,1,0,2082.101276683663,-4844.850214295845,58.924294997530055,0,0,0,0,0,0
83.7082998499933,2082.101318359375,-4844.85009765625,324.3963317871094,58.92429030392667,0.0,0.0,0.0003353261490701698,8,2,2,17,9,3,3,5,2,9,2,2,3,1,0,2082.101275619889,-4844.850221592893,58.92429030392667,0,0,0,0,0,0
83.91663309999328,2082.101318359375,-4844.85009765625,324.3963623046875,58.92428268169086,0.0,0.0,0.00027676790068653645,8,2,2,17,9,3,3,5,2,9,2,2,3,1,0,2082.1012593986025,-4844.850228294292,58.92428268169086,0,0,0,0,0,0
84.04163304999327,2082.101318359375,-4844.85009765625,324.3963623046875,58.92428268169086,0.0,0.0,0.00026696041004470317,8,2,2,17,9,3,3,5,2,9,2,2,3,1,0,2082.101260215462,-4844.850219191985,58.92428268169086,0,0,0,0,0,0
84.24996629999325,2082.101318359375,-4844.85009765625,324.3963623046875,58.924285610323096,0.0,0.0,0.00012640108479899936,8,2,2,17,9,3,3,5,2,9,2,2,3,1,0,2082.1012598883553,-4844.850193361499,58.924285610323096,0,0,0,0,0,0
84.45829954999323,2082.10107421875,-4844.85009765625,324.3963623046875,58.924250427776194,0.0,0.0,0.0006241764367587166,8,2,2,17,9,3,3,5,2,9,2,2,3,1,0,2082.1010900450297,-4844.850140731185,58.924250427776194,0,0,0,0,0,0
84.54163284999322,2082.10107421875,-4844.85009765625,324.39642333984375,58.924238111936326,0.0,0.0,0.0008479214557155501,8,2,2,17,9,3,3,5,2,9,2,2,3,1,0,2082.1009998714226,-4844.850134472198,58.924238111936326,0,0,0,0,0,0
84.7082994499932,2082.10107421875,-4844.85009765625,324.39642333984375,58.92425335640747,0.0,0.0,0.00021726559680246282,8,2,2,17,9,3,3,5,2,9,2,2,3,1,0,2082.1010011404537,-4844.850162716695,58.92425335640747,0,0,0,0,0,0
84.87496604999319,2082.10107421875,-4844.85009765625,324.3963928222656,58.924250427776194,0.0,0.0,0.0006510189905384323,8,2,2,17,9,3,3,5,2,9,2,2,3,1,0,2082.1010178737642,-4844.850146679157,58.924250427776194,0,0,0,0,0,0
85.08329929999317,2082.10107421875,-4844.85009765625,324.3963928222656,58.92424280554081,0.0,0.0,0.00020327966012700927,8,2,2,17,9,3,3,5,2,9,2,2,3,1,0,2082.1009747076423,-4844.8501151813225,58.92424280554081,0,0,0,0,0,0
85.24996589999316,2082.10107421875,-4844.85009765625,324.3963623046875,58.92426274361581,0.0,0.0,0.00016352011016351753,8,2,2,17,9,3,3,5,2,9,2,2,3,1,0,2082.101019401774,-4844.85014359336,58.92426274361581,0,0,0,0,0,0
85.45829914999314,2082.10107421875,-4844.85009765625,324.39642333984375,58.92426567224745,0.0,0.0,0.0003101980610153987,8,2,2,17,9,3,3,5,2,9,2,2,3,1,0,2082.1009608275676,-4844.850126913738,58.92426567224745,0,0,0,0,0,0
85.66663239999312,2082.10107421875,-4844.85009765625,324.3963928222656,58.92427505945521,0.0,0.0,0.00021238406588963699,8,2,2,17,9,3,3,5,2,9,2,2,3,1,0,2082.1010064507923,-4844.850166160188,58.92427505945521,0,0,0,0,0,0
85.79163234999311,2082.10107421875,-4844.85009765625,324.3963623046875,58.92428268169086,0.0,0.0,0.0006174632289912552,8,2,2,17,9,3,3,5,2,9,2,2,3,1,0,2082.10107312738,-4844.850177102209,58.92428268169086,0,0,0,0,0,0
85.9582989499931,2082.10107421875,-4844.85009765625,324.3963317871094,58.92428268169086,0.0,0.0,0.0003266191242801142,8,2,2,17,9,3,3,5,2,9,2,2,3,1,0,2082.1011295771623,-4844.850193940388,58.92428268169086,0,0,0,0,0,0
86.12496554999308,2082.10107421875,-4844.85009765625,324.3963317871094,58.92426567224745,0.0,0.0,0.00016071222717073397,8,2,2,17,9,3,3,5,2,9,2,2,3,1,0,2082.1011257705422,-4844.85021187369,58.92426567224745,0,0,0,0,0,0
86.33329879999306,2082.10107421875,-4844.85009765625,324.3963928222656,58.924258050011744,0.0,0.0,0.00029539764909713995,8,2,2,17,9,3,3,5,2,9,2,2,3,1,0,2082.1010326225964,-4844.850207341973,58.924258050011744,0,0,0,0,0,0
86.54163204999304,2082.10107421875,-4844.85009765625,324.3963928222656,58.924285610323096,0.0,0.0,0.0004591560809785733,8,2,2,17,9,3,3,5,2,9,2,2,3,1,0,2082.101062415176,-4844.850162876282,58.924285610323096,0,0,0,0,0,0
86.74996529999302,2082.10107421875,-4844.85009765625,324.3963928222656,58.924250427776194,0.0,0.0,0.000203131526177458,8,2,2,17,9,3,3,5,2,9,2,2,3,1,0,2082.1010371683624,-4844.850136418195,58.924250427776194,0,0,0,0,0,0
86.958298549993,2082.10107421875,-4844.85009765625,324.3963623046875,58.924258050011744,0.0,0.0,8.38860728435975e-05,8,2,2,17,9,3,3,5,2,9,2,2,3,1,0,2082.101089206347,-4844.850155088493,58.924258050011744,0,0,0,0,0,0
87.12496514999299,2082.10107421875,-4844.85009765625,324.3963317871094,58.92427798808719,0.0,0.0,0.0002125930677721044,8,2,2,17,9,3,3,5,2,9,2,2,3,1,0,2082.1011392477567,-4844.850162237596,58.92427798808719,0,0,0,0,0,0
87.29163174999297,2082.101318359375,-4844.85009765625,324.3963623046875,58.92428268169086,0.0,0.0,0.0002694000613701064,8,2,2,17,9,3,3,5,2,9,2,2,3,1,0,2082.1012017562753,-4844.850191101554,58.92428268169086,0,0,0,0,0,0
87.37496504999297,2082.10107421875,-4844.85009765625,324.3963623046875,58.92426743721971,0.0,0.0,0.000156535611495201,8,2,2,17,9,3,3,5,2,9,2,2,3,1,0,2082.101139955559,-4844.850177379517,58.92426743721971,0,0,0,0,0,0
87.58329829999295,2082.10107421875,-4844.85009765625,324.3963623046875,58.92427798808719,0.0,0.0,0.00012556655519802007,8,2,2,17,9,3,3,5,2,9,2,2,3,1,0,2082.1011665498254,-4844.850199855353,58.92427798808719,0,0,0,0,0,0
87.74996489999293,2082.10107421875,-4844.85009765625,324.3963623046875,58.924258050011744,0.0,0.0,0.00031146023502515163,8,2,2,17,9,3,3,5,2,9,2,2,3,1,0,2082.10112923842,-4844.850189418708,58.924258050011744,0,0,0,0,0,0
87.91663149999292,2082.10107421875,-4844.85009765625,324.3963623046875,58.92426567224745,0.0,0.0,0.00025935974008461926,8,2,2,17,9,3,3,5,2,9,2,2,3,1,0,2082.101169873703,-4844.850195802667,58.92426567224745,0,0,0,0,0,0
88.0832980999929,2082.10107421875,-4844.85009765625,324.3963317871094,58.92428737529435,0.0,0.0,0.00016993486724459217,8,2,2,17,9,3,3,5,2,9,2,2,3,1,0,2082.1011869933527,-4844.850160147393,58.92428737529435,0,0,0,0,0,0
88.20829804999289,2082.101318359375,-4844.85009765625,324.3963623046875,58.92429030392667,0.0,0.0,0.00023460002012143377,8,2,2,17,9,3,3,5,2,9,2,2,3,1,0,2082.101206516338,-4844.850166182243,58.92429030392667,0,0,0,0,0,0
88.41663129999287,2082.101318359375,-4844.85009765625,324.3963623046875,58.92428268169086,0.0,0.0,0.0003906819074472878,8,2,2,17,9,3,3,5,2,9,2,2,3,1,0,2082.101238448564,-4844.8501896471125,58.92428268169086,0,0,0,0,0,0
88.62496454999285,2082.101318359375,-4844.85009765625,324.3963317871094,58.924258050011744,0.0,0.0,0.00020237641820131103,8,2,2,17,9,3,3,5,2,9,2,2,3,1,0,2082.1012531284646,-4844.850228409367,58.924258050011744,0,0,0,0,0,0
88.79163114999284,2082.101318359375,-4844.85009765625,324.3963317871094,58.92425512138038,0.0,0.0,0.0009182238500216044,8,2,2,17,9,3,3,5,2,9,2,2,3,1,0,2082.1012025024575,-4844.85019630957,58.92425512138038,0,0,0,0,0,0
88.95829774999282,2082.10107421875,-4844.85009765625,324.3963623046875,58.92425512138038,0.0,0.0,0.0001696729555078491,8,2,2,17,9,3,3,5,2,9,2,2,3,1,0,2082.1011711497176,-4844.850203941815,58.92425512138038,0,0,0,0,0,0
89.04163104999282,2082.10107421875,-4844.85009765625,324.3963623046875,58.92426274361581,0.0,0.0,0.00045067818064126186,8,2,2,17,9,3,3,5,2,9,2,2,3,1,0,2082.101168357631,-4844.8501892306585,58.92426274361581,0,0,0,0,0,0
89.2499642999928,2082.10107421875,-4844.85009765625,324.3963928222656,58.92426274361581,0.0,0.0,4.3333639609954844e-05,8,2,2,17,9,3,3,5,2,9,2,2,3,1,0,2082.101164449243,-4844.850129677465,58.92426274361581,0,0,0,0,0,0
89.45829754999278,2082.10107421875,-4844.85009765625,324.3963928222656,58.92425335640747,0.0,0.0,4.4210642613506934e-05,8,2,2,17,9,3,3,5,2,9,2,2,3,1,0,2082.1011275185588,-4844.850133391375,58.92425335640747,0,0,0,0,0,0
89.62496414999276,2082.10107421875,-4844.85009765625,324.3963623046875,58.92427329448331,0.0,0.0,0.00024041171400313033,8,2,2,17,9,3,3,5,2,9,2,2,3,1,0,2082.1011705437795,-4844.850145574906,58.92427329448331,0,0,0,0,0,0
89.79163074999275,2082.101318359375,-4844.85009765625,324.3963317871094,58.92427798808719,0.0,0.0,0.0002654754325703834,8,2,2,17,9,3,3,5,2,9,2,2,3,1,0,2082.1012329356954,-4844.8501777450465,58.92427798808719,0,0,0,0,0,0
89.87496404999274,2082.101318359375,-4844.85009765625,324.3963317871094,58.92428737529435,0.0,0.0,0.00017507077245682012,8,2,2,17,9,3,3,5,2,9,2,2,3,1,0,2082.101248686697,-4844.850182491923,58.92428737529435,0,0,0,0,0,0
90.04163064999273,2082.101318359375,-4844.85009765625,324.3963317871094,58.92428737529435,0.0,0.0,0.0003298772298876429,8,2,2,17,9,3,3,5,2,9,2,2,3,1,0,2082.1012757062335,-4844.850212153543,58.92428737529435,0,0,0,0,0,0
90.24996389999271,2082.101318359375,-4844.85009765625,324.3963317871094,58.92428268169086,0.0,0.0,0.0022474321667687036,8,2,2,17,9,3,3,5,2,9,2,2,3,1,0,2082.101238484607,-4844.850216098215,58.92428268169086,0,0,0,0,0,0
90.41663049999269,2082.10107421875,-4844.85009765625,324.3963623046875,58.92426743721971,0.0,0.0,0.00033953167530853534,8,2,2,17,9,3,3,5,2,9,2,2,3,1,0,2082.1011852637935,-4844.850224733146,58.92426743721971,0,0,0,0,0,0
90.58329709999268,2082.10107421875,-4844.85009765625,324.3963928222656,58.92426274361581,0.0,0.0,0.0002315442088729469,8,2,2,17,9,3,3,5,2,9,2,2,3,1,0,2082.101110388816,-4844.850192595834,58.92426274361581,0,0,0,0,0,0
90.70829704999267,2082.10107421875,-4844.85009765625,324.3963928222656,58.92427329448331,0.0,0.0,0.0003143530648230808,8,2,2,17,9,3,3,5,2,9,2,2,3,1,0,2082.10114962233,-4844.85017913943,58.92427329448331,0,0,0,0,0,0
90.91663029999265,2082.10107421875,-4844.85009765625,324.3963623046875,58.924260978643275,0.0,0.0,0.0006780996500310721,8,2,2,17,9,3,3,5,2,9,2,2,3,1,0,2082.101173411041,-4844.850166467515,58.924260978643275,0,0,0,0,0,0
91.12496354999263,2082.101318359375,-4844.85009765625,324.3963317871094,58.92426743721971,0.0,0.0,0.0004366482698969776,8,2,2,17,9,3,3,5,2,9,2,2,3,1,0,2082.101231562637,-4844.850175804192,58.92426743721971,0,0,0,0,0,0
91.29163014999261,2082.101318359375,-4844.85009765625,324.3963317871094,58.92427505945521,0.0,0.0,0.00022874744445289252,8,2,2,17,9,3,3,5,2,9,2,2,3,1,0,2082.101287922658,-4844.850196325705,58.92427505945521,0,0,0,0,0,0
91.4999633999926,2082.101318359375,-4844.85009765625,324.3963317871094,58.92428737529435,0.0,0.0,1.6628068522095418e-05,8,2,2,17,9,3,3,5,2,9,2,2,3,1,0,2082.1013059231723,-4844.850194639823,58.92428737529435,0,0,0,0,0,0
91.62496334999258,2082.101318359375,-4844.85009765625,324.3963623046875,58.92427036585142,0.0,0.0,0.0003465847612460493,8,2,2,17,9,3,3,5,2,9,2,2,3,1,0,2082.1012111836017,-4844.850174753805,58.92427036585142,0,0,0,0,0,0
91.79162994999257,2082.10107421875,-4844.85009765625,324.3963928222656,58.92427036585142,0.0,0.0,9.912715768223279e-05,8,2,2,17,9,3,3,5,2,9,2,2,3,1,0,2082.1011855398856,-4844.850197724835,58.92427036585142,0,0,0,0,0,0
91.99996319999255,2082.101318359375,-4844.85009765625,324.3963623046875,58.924285610323096,0.0,0.0,0.00015989751318556955,8,2,2,17,9,3,3,5,2,9,2,2,3,1,0,2082.10122209561,-4844.850178254004,58.924285610323096,0,0,0,0,0,0
92.16662979999253,2082.101318359375,-4844.85009765625,324.3963317871094,58.92429030392667,0.0,0.0,0.0001108292849494319,8,2,2,17,9,3,3,5,2,9,2,2,3,1,0,2082.1012580877023,-4844.850173277967,58.92429030392667,0,0,0,0,0,0
92.33329639999252,2082.10107421875,-4844.85009765625,324.3963623046875,58.92427505945521,0.0,0.0,0.00027113208034279523,8,2,2,17,9,3,3,5,2,9,2,2,3,1,0,2082.1011893334617,-4844.850173280733,58.92427505945521,0,0,0,0,0,0
92.41662969999251,2082.10107421875,-4844.85009765625,324.3963623046875,58.92427505945521,0.0,0.0,0.00022439444364863448,8,2,2,17,9,3,3,5,2,9,2,2,3,1,0,2082.1011941590646,-4844.850202058988,58.92427505945521,0,0,0,0,0,0
92.5832962999925,2082.101318359375,-4844.85009765625,324.3963623046875,58.92427798808719,0.0,0.0,0.0003281394128862303,8,2,2,17,9,3,3,5,2,9,2,2,3,1,0,2082.101215941104,-4844.850235220858,58.92427798808719,0,0,0,0,0,0
92.74996289999248,2082.101318359375,-4844.85009765625,324.3963317871094,58.92428737529435,0.0,0.0,0.00023567920379718998,8,2,2,17,9,3,3,5,2,9,2,2,3,1,0,2082.101258658907,-4844.85021686049,58.92428737529435,0,0,0,0,0,0
92.95829614999246,2082.101318359375,-4844.85009765625,324.3963623046875,58.92426274361581,0.0,0.0,0.0001151847527580685,8,2,2,17,9,3,3,5,2,9,2,2,3,1,0,2082.1011967287695,-4844.850205486553,58.92426274361581,0,0,0,0,0,0
93.16662939999244,2082.10107421875,-4844.85009765625,324.3963623046875,58.92424573417182,0.0,0.0,0.0003200782430212712,8,2,2,17,9,3,3,5,2,9,2,2,3,1,0,2082.101105063122,-4844.850169604919,58.92424573417182,0,0,0,0,0,0
93.20829604999244,2082.10107421875,-4844.85009765625,324.3963623046875,58.92424280554081,0.0,0.0,0.00022036947484593838,8,2,2,17,9,3,3,5,2,9,2,2,3,1,0,2082.101114807762,-4844.85017848082,58.92424280554081,0,0,0,0,0,0
93.33329599999243,2082.10107421875,-4844.85009765625,324.3963928222656,58.924221102491245,0.0,0.0,0.0005887846782570705,8,2,2,17,9,3,3,5,2,9,2,2,3,1,0,2082.1009936045084,-4844.850140908211,58.924221102491245,0,0,0,0,0,0
93.54162924999241,2082.10107421875,-4844.85009765625,324.3963928222656,58.924250427776194,0.0,0.0,0.000579652669330244,8,2,2,17,9,3,3,5,2,9,2,2,3,1,0,2082.101056746148,-4844.850129857771,58.924250427776194,0,0,0,0,0,0
93.74996249999239,2082.10107421875,-4844.85009765625,324.3963623046875,58.92424573417182,0.0,0.0,0.00167507187143201,8,2,2,17,9,3,3,5,2,9,2,2,3,1,0,2082.1010497694156,-4844.850074062228,58.92424573417182,0,0,0,0,0,0
93.95829574999237,2082.10107421875,-4844.85009765625,324.3963928222656,58.924250427776194,0.0,0.0,0.0004170502506894991,8,2,2,17,9,3,3,5,2,9,2,2,3,1,0,2082.101056597876,-4844.850139810361,58.924250427776194,0,0,0,0,0,0
94.04162904999237,2082.10107421875,-4844.85009765625,324.3963928222656,58.92424280554081,0.0,0.0,0.00019939866433560383,8,2,2,17,9,3,3,5,2,9,2,2,3,1,0,2082.100989389136,-4844.850136344786,58.92424280554081,0,0,0,0,0,0
94.24996229999235,2082.10107421875,-4844.85009765625,324.3963623046875,58.92427036585142,0.0,0.0,0.00023855429844843457,8,2,2,17,9,3,3,5,2,9,2,2,3,1,0,2082.101065361768,-4844.850165094724,58.92427036585142,0,0,0,0,0,0
94.45829554999233,2082.10107421875,-4844.85009765625,324.3963928222656,58.924258050011744,0.0,0.0,0.00019848687315970892,8,2,2,17,9,3,3,5,2,9,2,2,3,1,0,2082.1010073493594,-4844.850151407259,58.924258050011744,0,0,0,0,0,0
94.62496214999231,2082.10107421875,-4844.85009765625,324.3963928222656,58.92427505945521,0.0,0.0,0.00013790266848445754,8,2,2,17,9,3,3,5,2,9,2,2,3,1,0,2082.1010262342193,-4844.850172731115,58.92427505945521,0,0,0,0,0,0
94.7916287499923,2082.10107421875,-4844.85009765625,324.3963623046875,58.924285610323096,0.0,0.0,0.00025915653623087564,8,2,2,17,9,3,3,5,2,9,2,2,3,1,0,2082.101085348649,-4844.850190892321,58.924285610323096,0,0,0,0,0,0
94.87496204999229,2082.10107421875,-4844.85009765625,324.3963928222656,58.92427036585142,0.0,0.0,0.00020793438579858048,8,2,2,17,9,3,3,5,2,9,2,2,3,1,0,2082.101043461084,-4844.85016839101,58.92427036585142,0,0,0,0,0,0
95.04162864999228,2082.10107421875,-4844.85009765625,324.3963623046875,58.92427798808719,0.0,0.0,0.001679242996033281,8,2,2,17,9,3,3,5,2,9,2,2,3,1,0,2082.1010639589913,-4844.85016892024,58.92427798808719,0,0,0,0,0,0
95.20829524999226,2082.10107421875,-4844.85009765625,324.3963623046875,58.92427329448331,0.0,0.0,0.00011843400216093869,8,2,2,17,9,3,3,5,2,9,2,2,3,1,0,2082.101050891917,-4844.850188824218,58.92427329448331,0,0,0,0,0,0
95.37496184999225,2082.10107421875,-4844.85009765625,324.3963623046875,58.924285610323096,0.0,0.0,0.0003218407300664694,8,2,2,17,9,3,3,5,2,9,2,2,3,1,0,2082.1010877587296,-4844.850177965324,58.924285610323096,0,0,0,0,0,0
95.58329509999223,2082.10107421875,-4844.85009765625,324.3963623046875,58.92429030392667,0.0,0.0,0.00047468170123465825,8,2,2,17,9,3,3,5,2,9,2,2,3,1,0,2082.101142044272,-4844.850188275442,58.92429030392667,0,0,0,0,0,0
95.70829504999222,2082.10107421875,-4844.85009765625,324.3963623046875,58.92427505945521,0.0,0.0,0.000348725302501407,8,2,2,17,9,3,3,5,2,9,2,2,3,1,0,2082.101145552084,-4844.850193711707,58.92427505945521,0,0,0,0,0,0
95.9166282999922,2082.10107421875,-4844.85009765625,324.3963623046875,58.924258050011744,0.0,0.0,0.00020648205918405438,8,2,2,17,9,3,3,5,2,9,2,2,3,1,0,2082.1010859290654,-4844.850198766377,58.924258050011744,0,0,0,0,0,0
96.08329489999218,2082.10107421875,-4844.85009765625,324.3963623046875,58.92427036585142,0.0,0.0,0.0005373311068979092,8,2,2,17,9,3,3,5,2,9,2,2,3,1,0,2082.101139329296,-4844.8502061589825,58.92427036585142,0,0,0,0,0,0
96.20829484999217,2082.10107421875,-4844.85009765625,324.3963317871094,58.92428268169086,0.0,0.0,0.0004295167400414357,8,2,2,17,9,3,3,5,2,9,2,2,3,1,0,2082.1011919057655,-4844.850183924643,58.92428268169086,0,0,0,0,0,0
96.37496144999216,2082.101318359375,-4844.85009765625,324.3963317871094,58.92427798808719,0.0,0.0,0.0001923816171256476,8,2,2,17,9,3,3,5,2,9,2,2,3,1,0,2082.101243144477,-4844.850176588921,58.92427798808719,0,0,0,0,0,0
96.54162804999214,2082.101318359375,-4844.85009765625,324.3963317871094,58.92428737529435,0.0,0.0,6.799900234000233e-05,8,2,2,17,9,3,3,5,2,9,2,2,3,1,0,2082.1012676222435,-4844.850171221552,58.92428737529435,0,0,0,0,0,0
96.74996129999212,2082.10107421875,-4844.85009765625,324.3963623046875,58.92427036585142,0.0,0.0,0.00017842178294813493,8,2,2,17,9,3,3,5,2,9,2,2,3,1,0,2082.101195126663,-4844.850190787752,58.92427036585142,0,0,0,0,0,0
96.91662789999211,2082.10107421875,-4844.85009765625,324.3963928222656,58.924258050011744,0.0,0.0,0.00023731965939077782,8,2,2,17,9,3,3,5,2,9,2,2,3,1,0,2082.1011289136213,-4844.850186502473,58.924258050011744,0,0,0,0,0,0
97.12496114999209,2082.10107421875,-4844.85009765625,324.3963623046875,58.92427036585142,0.0,0.0,0.0015505751434830017,8,2,2,17,9,3,3,5,2,9,2,2,3,1,0,2082.1011581171033,-4844.850182568354,58.92427036585142,0,0,0,0,0,0
97.33329439999207,2082.10107421875,-4844.85009765625,324.3963623046875,58.92426567224745,0.0,0.0,0.0002242863729406963,8,2,2,17,9,3,3,5,2,9,2,2,3,1,0,2082.1011429901396,-4844.850178124939,58.92426567224745,0,0,0,0,0,0
97.41662769999206,2082.10107421875,-4844.85009765625,324.3963623046875,58.92427036585142,0.0,0.0,0.00016985021602522465,8,2,2,17,9,3,3,5,2,9,2,2,3,1,0,2082.1011741648827,-4844.8501764364,58.92427036585142,0,0,0,0,0,0
97.58329429999205,2082.10107421875,-4844.85009765625,324.3963623046875,58.92427798808719,0.0,0.0,0.0003321075610074331,8,2,2,17,9,3,3,5,2,9,2,2,3,1,0,2082.1011862067985,-4844.850162626447,58.92427798808719,0,0,0,0,0,0
97.74996089999203,2082.10107421875,-4844.85009765625,324.3963623046875,58.92426274361581,0.0,0.0,0.000453476604889147,8,2,2,17,9,3,3,5,2,9,2,2,3,1,0,2082.10114691208,-4844.8501663486795,58.92426274361581,0,0,0,0,0,0
97.91662749999202,2082.10107421875,-4844.85009765625,324.3963623046875,58.92427505945521,0.0,0.0,0.0003300300022601732,8,2,2,17,9,3,3,5,2,9,2,2,3,1,0,2082.1011680366487,-4844.850175817495,58.92427505945521,0,0,0,0,0,0
98.083294099992,2082.101318359375,-4844.85009765625,324.3963623046875,58.92428268169086,0.0,0.0,0.0002737568820521119,8,2,2,17,9,3,3,5,2,9,2,2,3,1,0,2082.1012086122314,-4844.850186852433,58.92428268169086,0,0,0,0,0,0
98.20829404999199,2082.10107421875,-4844.85009765625,324.3963623046875,58.92427329448331,0.0,0.0,0.00015147535350479302,8,2,2,17,9,3,3,5,2,9,2,2,3,1,0,2082.101149313755,-4844.850165515355,58.92427329448331,0,0,0,0,0,0
98.33329399999198,2082.10107421875,-4844.85009765625,324.3963623046875,58.92424573417182,0.0,0.0,0.003119131361017935,8,2,2,17,9,3,3,5,2,9,2,2,3,1,0,2082.100983280448,-4844.850121225442,58.92424573417182,0,0,0,0,0,0
98.49996059999197,2082.100830078125,-4844.85009765625,324.39642333984375,58.924233418331646,0.0,0.0,0.00013359333479456836,8,2,2,17,9,3,3,5,2,9,2,2,3,1,0,2082.100919723313,-4844.850197365742,58.924233418331646,0,0,0,0,0,0
98.70829384999195,2082.100830078125,-4844.85009765625,324.3963928222656,58.924238111936326,0.0,0.0,0.0007889556400186848,8,2,2,17,9,3,3,5,2,9,2,2,3,1,0,2082.100927899844,-4844.850164137864,58.924238111936326,0,0,0,0,0,0
98.87496044999193,2082.10107421875,-4844.85009765625,324.3963623046875,58.92426567224745,0.0,0.0,0.0005380234597396338,8,2,2,17,9,3,3,5,2,9,2,2,3,1,0,2082.1010661540486,-4844.850130636959,58.92426567224745,0,0,0,0,0,0
99.04162704999192,2082.10107421875,-4844.85009765625,324.3963317871094,58.92428268169086,0.0,0.0,0.00047977600843296386,8,2,2,17,9,3,3,5,2,9,2,2,3,1,0,2082.101165194619,-4844.850120046464,58.92428268169086,0,0,0,0,0,0
99.2082936499919,2082.10107421875,-4844.85009765625,324.3963623046875,58.92424104056725,0.0,0.0,0.0005739983862440567,8,2,2,17,9,3,3,5,2,9,2,2,3,1,0,2082.1010875557126,-4844.850143436176,58.92424104056725,0,0,0,0,0,0
99.37496024999189,2082.10107421875,-4844.85009765625,324.3963928222656,58.92425512138038,0.0,0.0,9.941613825503737e-05,8,2,2,17,9,3,3,5,2,9,2,2,3,1,0,2082.101099712178,-4844.850191457704,58.92425512138038,0,0,0,0,0,0
99.58329349999187,2082.10107421875,-4844.85009765625,324.3963317871094,58.92427329448331,0.0,0.0,0.0006664926331723109,8,2,2,17,9,3,3,5,2,9,2,2,3,1,0,2082.1011738994284,-4844.850196824894,58.92427329448331,0,0,0,0,0,0
99.74996009999185,2082.101318359375,-4844.85009765625,324.3963317871094,58.92427798808719,0.0,0.0,0.0003610608246162883,8,2,2,17,9,3,3,5,2,9,2,2,3,1,0,2082.1012618974128,-4844.85019588238,58.92427798808719,0,0,0,0,0,0
99.87496004999184,2082.101318359375,-4844.85009765625,324.3963317871094,58.92427036585142,0.0,0.0,4.666731854285899e-05,8,2,2,17,9,3,3,5,2,9,2,2,3,1,0,2082.1012540771353,-4844.850179778134,58.92427036585142,0,0,0,0,0,0
100.08329329999182,2082.101318359375,-4844.85009765625,324.3963317871094,58.924285610323096,0.0,0.0,0.00011367840215825709,8,2,2,17,9,3,3,5,2,9,2,2,3,1,0,2082.1012450452836,-4844.850170854142,58.924285610323096,0,0,0,0,0,0
100.24995989999181,2082.101318359375,-4844.85009765625,324.3963623046875,58.92427798808719,0.0,0.0,0.00015787267102496116,8,2,2,17,9,3,3,5,2,9,2,2,3,1,0,2082.1012444129615,-4844.85019383202,58.92427798808719,0,0,0,0,0,0
100.41662649999179,2082.101318359375,-4844.85009765625,324.3963623046875,58.92428268169086,0.0,0.0,9.072174407265265e-05,8,2,2,17,9,3,3,5,2,9,2,2,3,1,0,2082.101269290954,-4844.850196559394,58.92428268169086,0,0,0,0,0,0
100.58329309999178,2082.101318359375,-4844.85009765625,324.3963317871094,58.92429030392667,0.0,0.0,1.7935039409167075e-05,8,2,2,17,9,3,3,5,2,9,2,2,3,1,0,2082.1012900844057,-4844.8501928622545,58.92429030392667,0,0,0,0,0,0
100.70829304999177,2082.101318359375,-4844.85009765625,324.3963317871094,58.924294997530055,0.0,0.0,5.582238031820452e-05,8,2,2,17,9,3,3,5,2,9,2,2,3,1,0,2082.101291473682,-4844.850194227191,58.924294997530055,0,0,0,0,0,0
100.87495964999175,2082.101318359375,-4844.85009765625,324.3963317871094,58.92429030392667,0.0,0.0,0.00011698199386955821,8,2,2,17,9,3,3,5,2,9,2,2,3,1,0,2082.1012993607665,-4844.850222877833,58.92429030392667,0,0,0,0,0,0
101.08329289999173,2082.101318359375,-4844.85009765625,324.3963623046875,58.92429792616266,0.0,0.0,5.313901283443556e-05,8,2,2,17,9,3,3,5,2,9,2,2,3,1,0,2082.101291536535,-4844.850213531171,58.92429792616266,0,0,0,0,0,0
101.24995949999172,2082.101318359375,-4844.85009765625,324.3963623046875,58.92428268169086,0.0,0.0,0.0007941838703118265,8,2,2,17,9,3,3,5,2,9,2,2,3,1,0,2082.1012257238126,-4844.8502014836995,58.92428268169086,0,0,0,0,0,0
101.4582927499917,2082.10107421875,-4844.85009765625,324.3963928222656,58.92424573417182,0.0,0.0,0.0010964790817524772,8,2,2,17,9,3,3,5,2,9,2,2,3,1,0,2082.10110945733,-4844.850214347317,58.92424573417182,0,0,0,0,0,0
101.54162604999169,2082.10107421875,-4844.85009765625,324.3963928222656,58.92424280554081,0.0,0.0,0.0004114222974749282,8,2,2,17,9,3,3,5,2,9,2,2,3,1,0,2082.101065382409,-4844.85019130438,58.92424280554081,0,0,0,0,0,0
101.70829264999168,2082.10107421875,-4844.85009765625,324.3963623046875,58.92425335640747,0.0,0.0,0.0004253336101101013,8,2,2,17,9,3,3,5,2,9,2,2,3,1,0,2082.1010412974842,-4844.85013890463,58.92425335640747,0,0,0,0,0,0
101.91662589999166,2082.10107421875,-4844.85009765625,324.3963928222656,58.92424573417182,0.0,0.0,0.00021322048269212246,8,2,2,17,9,3,3,5,2,9,2,2,3,1,0,2082.1010439998167,-4844.850121292634,58.92424573417182,0,0,0,0,0,0
102.08329249999164,2082.10107421875,-4844.85009765625,324.39642333984375,58.924250427776194,0.0,0.0,0.000722919548934442,8,2,2,17,9,3,3,5,2,9,2,2,3,1,0,2082.1009891006365,-4844.850099522813,58.924250427776194,0,0,0,0,0,0
102.20829244999163,2082.10107421875,-4844.85009765625,324.3963928222656,58.924258050011744,0.0,0.0,0.00045959686758578755,8,2,2,17,9,3,3,5,2,9,2,2,3,1,0,2082.1010119801754,-4844.850119101067,58.924258050011744,0,0,0,0,0,0
102.37495904999162,2082.10107421875,-4844.85009765625,324.3963623046875,58.92427798808719,0.0,0.0,0.0005100248927192297,8,2,2,17,9,3,3,5,2,9,2,2,3,1,0,2082.1010830290284,-4844.850142181984,58.92427798808719,0,0,0,0,0,0
102.5832922999916,2082.10107421875,-4844.85009765625,324.3963623046875,58.924294997530055,0.0,0.0,0.0005445366696221754,8,2,2,17,9,3,3,5,2,9,2,2,3,1,0,2082.1011497166273,-4844.850170103092,58.924294997530055,0,0,0,0,0,0
102.79162554999158,2082.101318359375,-4844.85009765625,324.3963317871094,58.92429030392667,0.0,0.0,0.000402747537009418,8,2,2,17,9,3,3,5,2,9,2,2,3,1,0,2082.101208359596,-4844.850240662729,58.92429030392667,0,0,0,0,0,0
102.99995879999156,2082.101318359375,-4844.85009765625,324.3963317871094,58.924294997530055,0.0,0.0,0.0002185783841923694,8,2,2,17,9,3,3,5,2,9,2,2,3,1,0,2082.1012415153436,-4844.850254680984,58.924294997530055,0,0,0,0,0,0
103.16662539999155,2082.101318359375,-4844.85009765625,324.3963317871094,58.924294997530055,0.0,0.0,0.00022932781575946137,8,2,2,17,9,3,3,5,2,9,2,2,3,1,0,2082.10125745555,-4844.850242293712,58.924294997530055,0,0,0,0,0,0
103.20829204999154,2082.101318359375,-4844.85009765625,324.3963317871094,58.924294997530055,0.0,0.0,0.00016971838476820267,8,2,2,17,9,3,3,5,2,9,2,2,3,1,0,2082.1012649533395,-4844.850240603101,58.924294997530055,0,0,0,0,0,0
103.37495864999153,2082.10107421875,-4844.85009765625,324.3963928222656,58.924258050011744,0.0,0.0,0.0008114458978525363,8,2,2,17,9,3,3,5,2,9,2,2,3,1,0,2082.1010783894812,-4844.850169272078,58.924258050011744,0,0,0,0,0,0
103.58329189999151,2082.10107421875,-4844.85009765625,324.3963928222656,58.924260978643275,0.0,0.0,0.00044435660129238386,8,2,2,17,9,3,3,5,2,9,2,2,3,1,0,2082.1011174525092,-4844.850200485749,58.924260978643275,0,0,0,0,0,0
103.79162514999149,2082.101318359375,-4844.85009765625,324.3963623046875,58.92427505945521,0.0,0.0,0.0008574789717386011,8,2,2,17,9,3,3,5,2,9,2,2,3,1,0,2082.1012420537204,-4844.850165883886,58.92427505945521,0,0,0,0,0,0
103.99995839999147,2082.101318359375,-4844.85009765625,324.3963317871094,58.92426567224745,0.0,0.0,0.00018222816606794368,8,2,2,17,9,3,3,5,2,9,2,2,3,1,0,2082.101203716888,-4844.850151149754,58.92426567224745,0,0,0,0,0,0
104.08329169999146,2082.10107421875,-4844.85009765625,324.3963623046875,58.92425512138038,0.0,0.0,0.00032406364880444016,8,2,2,17,9,3,3,5,2,9,2,2,3,1,0,2082.1011183473142,-4844.850134770502,58.92425512138038,0,0,0,0,0,0
104.29162494999144,2082.10107421875,-4844.85009765625,324.3963928222656,58.92428268169086,0.0,0.0,7.107246915438736e-05,8,2,2,17,9,3,3,5,2,9,2,2,3,1,0,2082.1010824963155,-4844.85014967533,58.92428268169086,0,0,0,0,0,0
104.49995819999143,2082.10107421875,-4844.85009765625,324.3963928222656,58.92427036585142,0.0,0.0,7.5886248396273e-05,8,2,2,17,9,3,3,5,2,9,2,2,3,1,0,2082.101068150949,-4844.850161629291,58.92427036585142,0,0,0,0,0,0
104.7082914499914,2082.10107421875,-4844.85009765625,324.3963623046875,58.92428737529435,0.0,0.0,0.0003876222308463184,8,2,2,17,9,3,3,5,2,9,2,2,3,1,0,2082.1011092505164,-4844.850171287034,58.92428737529435,0,0,0,0,0,0
104.87495804999139,2082.10107421875,-4844.85009765625,324.3963317871094,58.92429030392667,0.0,0.0,0.0003561048288247548,8,2,2,17,9,3,3,5,2,9,2,2,3,1,0,2082.1011260214814,-4844.850199886413,58.92429030392667,0,0,0,0,0,0
105.08329129999137,2082.100830078125,-4844.85009765625,324.3963928222656,58.92424104056725,0.0,0.0,0.000727785800336278,8,2,2,17,9,3,3,5,2,9,2,2,3,1,0,2082.1009279779955,-4844.850172667415,58.92424104056725,0,0,0,0,0,0
105.20829124999136,2082.100830078125,-4844.85009765625,324.39642333984375,58.92425335640747,0.0,0.0,0.0003246674168622121,8,2,2,17,9,3,3,5,2,9,2,2,3,1,0,2082.100904839549,-4844.850197648768,58.92425335640747,0,0,0,0,0,0
105.33329119999135,2082.100830078125,-4844.85009765625,324.39642333984375,58.924258050011744,0.0,0.0,0.00039143442336353473,8,2,2,17,9,3,3,5,2,9,2,2,3,1,0,2082.1009140309347,-4844.850197085757,58.924258050011744,0,0,0,0,0,0
105.49995779999134,2082.10107421875,-4844.85009765625,324.3963928222656,58.92427798808719,0.0,0.0,0.0008730908120924141,8,2,2,17,9,3,3,5,2,9,2,2,3,1,0,2082.10103860012,-4844.850165155679,58.92427798808719,0,0,0,0,0,0
105.62495774999132,2082.10107421875,-4844.85009765625,324.3963623046875,58.92428737529435,0.0,0.0,0.0006710988600389101,8,2,2,17,9,3,3,5,2,9,2,2,3,1,0,2082.1011335687617,-4844.850135032082,58.92428737529435,0,0,0,0,0,0
105.70829104999132,2082.10107421875,-4844.85009765625,324.3963623046875,58.92427505945521,0.0,0.0,6.560867404914461e-05,8,2,2,17,9,3,3,5,2,9,2,2,3,1,0,2082.1011152806605,-4844.850113361685,58.92427505945521,0,0,0,0,0,0
105.8749576499913,2082.10107421875,-4844.85009765625,324.3963317871094,58.92427036585142,0.0,0.0,0.0002860454060282791,8,2,2,17,9,3,3,5,2,9,2,2,3,1,0,2082.1011627258317,-4844.850178717617,58.92427036585142,0,0,0,0,0,0
106.04162424999129,2082.10107421875,-4844.85009765625,324.3963623046875,58.924258050011744,0.0,0.0,0.0003009576175827533,8,2,2,17,9,3,3,5,2,9,2,2,3,1,0,2082.1011005910837,-4844.850183734482,58.924258050011744,0,0,0,0,0,0
106.16662419999128,2082.10107421875,-4844.85009765625,324.3963623046875,58.92425512138038,0.0,0.0,0.00019469359813228948,8,2,2,17,9,3,3,5,2,9,2,2,3,1,0,2082.1011271724865,-4844.850228586197,58.92425512138038,0,0,0,0,0,0
106.37495744999126,2082.101318359375,-4844.85009765625,324.3963317871094,58.92427505945521,0.0,0.0,0.0006602241683140164,8,2,2,17,9,3,3,5,2,9,2,2,3,1,0,2082.101204154398,-4844.850205201382,58.92427505945521,0,0,0,0,0,0
106.54162404999124,2082.101318359375,-4844.85009765625,324.3963317871094,58.92427036585142,0.0,0.0,0.0005797179710498312,8,2,2,17,9,3,3,5,2,9,2,2,3,1,0,2082.101254539119,-4844.850193728819,58.92427036585142,0,0,0,0,0,0
106.70829064999123,2082.101318359375,-4844.85009765625,324.3963317871094,58.92427798808719,0.0,0.0,0.00014875586202833802,8,2,2,17,9,3,3,5,2,9,2,2,3,1,0,2082.1013048805476,-4844.8501836220985,58.92427798808719,0,0,0,0,0,0
106.87495724999121,2082.101318359375,-4844.85009765625,324.3963317871094,58.92428268169086,0.0,0.0,0.00010227105349258636,8,2,2,17,9,3,3,5,2,9,2,2,3,1,0,2082.10133549395,-4844.850192511421,58.92428268169086,0,0,0,0,0,0
107.0832904999912,2082.101318359375,-4844.85009765625,324.3963623046875,58.92428737529435,0.0,0.0,0.00019381625406822423,8,2,2,17,9,3,3,5,2,9,2,2,3,1,0,2082.1012915629653,-4844.850166313688,58.92428737529435,0,0,0,0,0,0
107.24995709999118,2082.101318359375,-4844.85009765625,324.3963623046875,58.92428268169086,0.0,0.0,0.0002769981620076578,8,2,2,17,9,3,3,5,2,9,2,2,3,1,0,2082.101294922692,-4844.850210653053,58.92428268169086,0,0,0,0,0,0
107.37495704999117,2082.101318359375,-4844.85009765625,324.3963623046875,58.92427036585142,0.0,0.0,0.0002152218257833738,8,2,2,17,9,3,3,5,2,9,2,2,3,1,0,2082.1012312956495,-4844.850191140622,58.92427036585142,0,0,0,0,0,0
107.58329029999115,2082.10107421875,-4844.85009765625,324.3963623046875,58.92426274361581,0.0,0.0,0.0004918766080663772,8,2,2,17,9,3,3,5,2,9,2,2,3,1,0,2082.101131830688,-4844.850177587767,58.92426274361581,0,0,0,0,0,0
107.79162354999113,2082.10107421875,-4844.85009765625,324.3963928222656,58.924285610323096,0.0,0.0,0.00029747013741143746,8,2,2,17,9,3,3,5,2,9,2,2,3,1,0,2082.101120036294,-4844.8501719876485,58.924285610323096,0,0,0,0,0,0
107.95829014999111,2082.100830078125,-4844.85009765625,324.39642333984375,58.92422579609621,0.0,0.0,0.0005421355126600247,8,2,2,17,9,3,3,5,2,9,2,2,3,1,0,2082.100945661787,-4844.850149287098,58.92422579609621,0,0,0,0,0,0
108.0832900999911,2082.100830078125,-4844.85009765625,324.39642333984375,58.924221102491245,0.0,0.0,0.0005770576535724103,8,2,2,17,9,3,3,5,2,9,2,2,3,1,0,2082.1009298873155,-4844.8501808444025,58.924221102491245,0,0,0,0,0,0
108.20829004999109,2082.100830078125,-4844.85009765625,324.3963928222656,58.924238111936326,0.0,0.0,0.00031451063478016295,8,2,2,17,9,3,3,5,2,9,2,2,3,1,0,2082.10093092579,-4844.850154793175,58.924238111936326,0,0,0,0,0,0
108.41662329999107,2082.10107421875,-4844.85009765625,324.3963623046875,58.92426274361581,0.0,0.0,0.0007974871550686657,8,2,2,17,9,3,3,5,2,9,2,2,3,1,0,2082.101069232282,-4844.850154723976,58.92426274361581,0,0,0,0,0,0
108.58328989999106,2082.101318359375,-4844.85009765625,324.3963317871094,58.92427036585142,0.0,0.0,0.0006469069376180414,8,2,2,17,9,3,3,5,2,9,2,2,3,1,0,2082.1012030294487,-4844.850160501864,58.92427036585142,0,0,0,0,0,0
108.74995649999104,2082.10107421875,-4844.85009765625,324.3963623046875,58.92426274361581,0.0,0.0,0.00013034702988079516,8,2,2,17,9,3,3,5,2,9,2,2,3,1,0,2082.1011826508206,-4844.85015132072,58.92426274361581,0,0,0,0,0,0
108.87495644999103,2082.101318359375,-4844.85009765625,324.3963317871094,58.92427036585142,0.0,0.0,0.0001930947746586753,8,2,2,17,9,3,3,5,2,9,2,2,3,1,0,2082.101198286517,-4844.850166553583,58.92427036585142,0,0,0,0,0,0
109.04162304999102,2082.101318359375,-4844.85009765625,324.3963623046875,58.92428268169086,0.0,0.0,5.0474767476771376e-05,8,2,2,17,9,3,3,5,2,9,2,2,3,1,0,2082.1012123649953,-4844.850174638296,58.92428268169086,0,0,0,0,0,0
109.249956299991,2082.101318359375,-4844.85009765625,324.3963623046875,58.92428268169086,0.0,0.0,0.000358991269422404,8,2,2,17,9,3,3,5,2,9,2,2,3,1,0,2082.101234587091,-4844.85019555338,58.92428268169086,0,0,0,0,0,0
109.41662289999098,2082.101318359375,-4844.85009765625,324.3963317871094,58.9242797530588,0.0,0.0,0.0005551727554120589,8,2,2,17,9,3,3,5,2,9,2,2,3,1,0,2082.1012861542717,-4844.850220897406,58.9242797530588,0,0,0,0,0,0
109.54162284999097,2082.101318359375,-4844.85009765625,324.39630126953125,58.92427798808719,0.0,0.0,0.0003771460796997417,8,2,2,17,9,3,3,5,2,9,2,2,3,1,0,2082.1013326295447,-4844.85023876866,58.92427798808719,0,0,0,0,0,0
109.66662279999096,2082.101318359375,-4844.85009765625,324.39630126953125,58.92428268169086,0.0,0.0,0.00035361458685656544,8,2,2,17,9,3,3,5,2,9,2,2,3,1,0,2082.101366580682,-4844.850232492424,58.92428268169086,0,0,0,0,0,0
109.83328939999095,2082.101318359375,-4844.85009765625,324.39630126953125,58.92427798808719,0.0,0.0,0.00014642381529483828,8,2,2,17,9,3,3,5,2,9,2,2,3,1,0,2082.1013951012606,-4844.850243594665,58.92427798808719,0,0,0,0,0,0
109.91662269999094,2082.101318359375,-4844.85009765625,324.39630126953125,58.92427798808719,0.0,0.0,0.0004356485533207888,8,2,2,17,9,3,3,5,2,9,2,2,3,1,0,2082.1013716250854,-4844.850223368084,58.92427798808719,0,0,0,0,0,0
110.08328929999092,2082.101318359375,-4844.85009765625,324.3963317871094,58.92427505945521,0.0,0.0,0.00024748555915721226,8,2,2,17,9,3,3,5,2,9,2,2,3,1,0,2082.101376995994,-4844.850214700076,58.92427505945521,0,0,0,0,0,0
110.24995589999091,2082.101318359375,-4844.85009765625,324.3963623046875,58.92427329448331,0.0,0.0,0.0001888342580969038,8,2,2,17,9,3,3,5,2,9,2,2,3,1,0,2082.1013536430537,-4844.850186845677,58.92427329448331,0,0,0,0,0,0
110.45828914999089,2082.101318359375,-4844.85009765625,324.3963317871094,58.92427505945521,0.0,0.0,0.00024139148990798276,8,2,2,17,9,3,3,5,2,9,2,2,3,1,0,2082.101387394744,-4844.850185185588,58.92427505945521,0,0,0,0,0,0
110.62495574999087,2082.101318359375,-4844.85009765625,324.3963317871094,58.92425335640747,0.0,0.0,0.0020050723833264783,8,2,2,17,9,3,3,5,2,9,2,2,3,1,0,2082.1013086977177,-4844.850171989333,58.92425335640747,0,0,0,0,0,0
110.70828904999087,2082.101318359375,-4844.85009765625,324.3963623046875,58.92424280554081,0.0,0.0,0.0002824233888532035,8,2,2,17,9,3,3,5,2,9,2,2,3,1,0,2082.1012532110867,-4844.85017455211,58.92424280554081,0,0,0,0,0,0
110.87495564999085,2082.101318359375,-4844.85009765625,324.3963317871094,58.92425512138038,0.0,0.0,7.066760758789314e-05,8,2,2,17,9,3,3,5,2,9,2,2,3,1,0,2082.1012689530426,-4844.850202907256,58.92425512138038,0,0,0,0,0,0
