sim_time_s,pose_x_cm,pose_y_cm,pose_z_cm,yaw_deg,throttle_cmd,steer_cmd,speed_cm_s,near_rocks,near_bumps,near_craters,rock_attempts,rock_success,bump_attempts,bump_success,crater_attempts,crater_success,placed_rocks,placed_bumps,placed_craters,refresh_count,refresh_skipped_distance_gate,refresh_force,refresh_center_x_cm,refresh_center_y_cm,refresh_yaw_deg,refresh_rocks_near_before,refresh_bumps_near_before,refresh_craters_near_before,refresh_rocks_added,refresh_bumps_added,refresh_craters_added
0.7083330500000015,2020.3662109375,-5116.779296875,211.0587158203125,67.56774297846816,0.0,0.0,10.932794570922852,8,2,2,14,8,2,2,5,2,8,2,2,1,1,0,2020.3662023007182,-5116.779173907799,67.56774297846816,0,0,0,0,0,0
0.8333330000000019,2021.2681884765625,-5116.39013671875,211.141845703125,67.56234281986725,0.0,0.0,7.772048473358154,8,2,2,14,8,2,2,5,2,8,2,2,1,1,0,2021.2681434898045,-5116.390274737115,67.56234281986725,0,0,0,0,0,0
0.9583329500000023,2021.7845458984375,-5115.89990234375,205.30569458007812,67.54659928238935,0.0,0.0,7.398734092712402,8,2,2,14,8,2,2,5,2,8,2,2,1,1,0,2021.7845685933696,-5115.900081180635,67.54659928238935,0,0,0,0,0,0
1.1249995500000012,2020.710205078125,-5115.13623046875,201.6971893310547,67.5229446657209,0.0,0.0,12.006811141967773,8,2,2,14,8,2,2,5,2,8,2,2,1,1,0,2020.7102464766012,-5115.136188839868,67.5229446657209,0,0,0,0,0,0
1.2916661499999995,2020.78173828125,-5113.77880859375,204.86227416992188,67.48531053981952,0.0,0.0,8.510236740112305,8,2,2,14,8,2,2,5,2,8,2,2,1,1,0,2020.7816867753593,-5113.778581624857,67.48531053981952,0,0,0,0,0,0
1.541666049999997,2021.749755859375,-5112.166015625,204.5355224609375,67.46419001756286,0.0,0.0,8.440982818603516,8,2,2,14,8,2,2,5,2,8,2,2,1,1,0,2021.749805929641,-5112.1661010955395,67.46419001756286,0,0,0,0,0,0
1.7916659499999945,2021.9820556640625,-5110.0302734375,204.16116333007812,67.45527584059903,0.0,0.0,8.433868408203125,8,2,2,14,8,2,2,5,2,8,2,2,1,1,0,2021.9820205398416,-5110.030309931314,67.45527584059903,0,0,0,0,0,0
2.083332499999994,2022.6832275390625,-5107.5908203125,204.4692840576172,67.43221325144356,0.0,0.0,9.063400268554688,8,2,2,14,8,2,2,5,2,8,2,2,1,1,0,2022.683167954256,-5107.590787189585,67.43221325144356,0,0,0,0,0,0
2.333332399999998,2023.2298583984375,-5105.2666015625,204.25872802734375,67.42046827503043,0.0,0.0,9.922506332397461,8,2,2,14,8,2,2,5,2,8,2,2,1,1,0,2023.2298659001494,-5105.266514977843,67.42046827503043,0,0,0,0,0,0
2.45833235,2023.5999755859375,-5104.09033203125,204.38018798828125,67.42127541008888,0.0,0.0,9.945149421691895,8,2,2,14,8,2,2,5,2,8,2,2,1,1,0,2023.5999645371035,-5104.0905418481525,67.42127541008888,0,0,0,0,0,0
2.708332250000004,2024.38525390625,-5101.80126953125,204.37722778320312,67.42890522744001,0.0,0.0,9.423162460327148,8,2,2,14,8,2,2,5,2,8,2,2,1,1,0,2024.3852750140977,-5101.801270175029,67.42890522744001,0,0,0,0,0,0
2.999998800000009,2025.261474609375,-5099.326171875,204.3465118408203,67.43950587944619,0.0,0.0,8.778912544250488,8,2,2,14,8,2,2,5,2,8,2,2,1,1,0,2025.2614265065656,-5099.326194793777,67.43950587944619,0,0,0,0,0,0
3.2083320500000125,2025.9078369140625,-5097.6513671875,204.31405639648438,67.4445724538978,0.0,0.0,8.535079956054688,8,2,2,14,8,2,2,5,2,8,2,2,1,1,0,2025.9078022740282,-5097.651527747722,67.4445724538978,0,0,0,0,0,0
3.416665300000016,2032.26904296875,-5079.599609375,205.1058349609375,67.56971561839698,1.0,0.0,160.953125,8,2,2,14,8,2,2,5,2,8,2,2,1,1,0,2032.2690687154527,-5079.599480323003,67.56971561839698,0,0,0,0,0,0
3.708331850000021,2056.48876953125,-5006.3232421875,206.4959259033203,68.6388833921323,1.0,0.0,353.9710693359375,8,2,2,14,8,2,2,5,2,8,2,2,1,1,0,2056.4888667653504,-5006.323096537892,68.6388833921323,0,0,0,0,0,0
3.958331750000025,2077.20556640625,-4902.25244140625,201.16539001464844,71.82277972963699,1.0,0.0,487.4584655761719,7,2,2,14,8,2,2,5,2,8,2,2,2,1,0,2077.2055743416117,-4902.252306593955,71.82277972963699,0,0,0,0,0,0
4.083331700000027,2083.187744140625,-4838.7158203125,196.65011596679688,74.4651690561049,1.0,0.0,537.7333984375,8,2,2,17,9,4,4,5,2,9,2,2,3,1,0,2083.187781667224,-4838.71561125252,74.4651690561049,0,0,0,0,0,0
4.333331600000031,2098.78125,-4691.65966796875,187.08424377441406,77.96012246649917,1.0,0.0,651.28369140625,8,2,2,17,9,4,4,5,2,9,2,2,4,1,0,2098.7812674521774,-4691.659830516778,77.96012246649917,0,0,0,0,0,0
4.583331500000035,2148.614990234375,-4530.04345703125,182.4847412109375,74.29318953691089,1.0,0.0,713.8141479492188,8,2,2,17,9,6,6,5,2,9,2,2,5,1,0,2148.6150328369777,-4530.043433478245,74.29318953691089,0,0,0,0,0,0
4.83333140000004,2233.97216796875,-4367.15380859375,173.32701110839844,68.47412889357639,1.0,1.0,761.7490234375,8,2,2,17,9,9,9,5,2,9,2,2,7,1,0,2233.972158113703,-4367.153760703985,68.47412889357639,0,0,0,0,0,0
4.958331350000042,2262.190185546875,-4278.36328125,169.42259216308594,70.14005926956749,0.0,1.0,716.2254028320312,8,2,2,17,9,9,9,5,2,9,2,2,8,1,0,2262.1902621659096,-4278.3631029747985,70.14005926956749,0,0,0,0,0,0
5.124997950000044,2284.505859375,-4172.71337890625,177.29244995117188,72.90739668977321,0.0,1.0,533.324462890625,8,2,1,17,9,11,9,5,2,9,2,2,9,1,0,2284.5057765265833,-4172.7135037914795,72.90739668977321,0,0,0,0,0,0
5.374997850000049,2330.43701171875,-4053.7392578125,182.80026245117188,69.55320472843702,0.0,1.0,475.709716796875,8,2,2,17,9,13,9,14,3,9,2,3,10,1,0,2330.4369471504297,-4053.739172930188,69.55320472843702,0,0,0,0,0,0
5.624997750000053,2347.989013671875,-3941.9716796875,163.42869567871094,74.7738867312394,0.0,1.0,405.03436279296875,7,2,2,17,9,15,9,14,3,9,2,3,11,1,0,2347.9891312151744,-3941.971685392481,74.7738867312394,0,0,0,0,0,0
5.749997700000055,2353.413330078125,-3891.06103515625,156.71591186523438,76.54885165919595,-1.0,0.0,356.136474609375,6,2,2,17,9,15,9,14,3,9,2,3,11,1,0,2353.413211284582,-3891.060992973404,76.54885165919595,0,0,0,0,0,0
5.916664300000058,2356.06005859375,-3846.973388671875,156.6330108642578,77.43224478699459,-1.0,0.0,202.83004760742188,6,2,2,17,9,15,9,14,3,9,2,3,11,1,0,2356.060073590336,-3846.973467702626,77.43224478699459,0,0,0,0,0,0
6.166664200000062,2359.711669921875,-3818.077880859375,160.3685302734375,78.48829919751715,-1.0,0.0,37.442752838134766,8,2,2,26,11,17,9,14,3,11,2,3,12,1,0,2359.711667385861,-3818.0777891061352,78.48829919751715,0,0,0,0,0,0
6.416664100000066,2360.190185546875,-3831.974853515625,156.87600708007812,77.88235182921107,-1.0,0.0,138.71385192871094,8,2,2,26,11,17,9,14,3,11,2,3,12,1,0,2360.190197910048,-3831.9749079745675,77.88235182921107,0,0,0,0,0,0
6.541664050000068,2360.234375,-3855.066650390625,158.6719207763672,76.87405795313246,-1.0,0.0,220.925048828125,8,2,2,26,11,17,9,14,3,11,2,3,12,1,0,2360.2343227089527,-3855.066531595469,76.87405795313246,0,0,0,0,0,0
6.791663950000072,2361.7646484375,-3928.0390625,159.85867309570312,73.28039062141707,-1.0,-1.0,338.3313293457031,9,2,2,26,11,17,9,14,3,11,2,3,12,1,0,2361.7647176937608,-3928.038978028802,73.28039062141707,0,0,0,0,0,0
7.041663850000076,2354.171142578125,-4024.4248046875,162.9209442138672,68.99943691397227,-1.0,-1.0,425.8525390625,10,2,2,26,11,19,9,14,3,11,2,3,13,1,0,2354.17111731314,-4024.4248267496323,68.99943691397227,0,0,0,0,0,0
7.2916637500000805,2318.718017578125,-4134.798828125,168.13255310058594,67.42737009430543,-1.0,-1.0,493.21417236328125,10,2,2,26,11,21,9,14,3,11,2,3,14,1,0,2318.718098941631,-4134.7986100146545,67.42737009430543,0,0,0,0,0,0
7.374997050000082,2304.29638671875,-4174.59423828125,172.32949829101562,66.6681028707918,-1.0,-1.0,516.7454223632812,10,2,2,26,11,21,9,14,3,11,2,3,14,1,0,2304.2963699876273,-4174.594445808929,66.6681028707918,0,0,0,0,0,0
7.583330300000085,2267.029296875,-4285.0283203125,173.75279235839844,64.4051735641232,-1.0,-1.0,571.1666259765625,10,2,3,26,11,22,9,14,3,11,2,3,15,1,0,2267.0293112658337,-4285.028420092251,64.4051735641232,0,0,0,0,0,0
7.8333302000000895,2209.01904296875,-4425.25,174.4585418701172,62.761852897536144,-1.0,-1.0,638.9531860351562,10,2,3,26,11,24,10,14,3,11,2,3,17,1,0,2209.0191428933713,-4425.250185841421,62.761852897536144,0,0,0,0,0,0
8.083330100000085,2136.753173828125,-4578.0078125,184.39453125,61.206508708710395,-1.0,-1.0,706.9990844726562,10,2,3,26,11,26,12,14,3,11,2,3,18,1,0,2136.753200749397,-4578.0076404878255,61.206508708710395,0,0,0,0,0,0
8.208330050000074,2099.2265625,-4659.7705078125,186.41184997558594,60.09587297325878,-1.0,-1.0,736.0848388671875,10,2,3,26,11,27,13,14,3,11,2,3,19,1,0,2099.226604025313,-4659.770679045228,60.09587297325878,0,0,0,0,0,0
8.416663300000055,2022.2510986328125,-4794.4619140625,191.5369415283203,60.60214289775406,0.0,-1.0,747.30517578125,10,2,3,26,11,29,15,14,3,11,2,3,20,1,0,2022.251064530213,-4794.461889588105,60.60214289775406,0,0,0,0,0,0
8.666663200000032,1923.4056396484375,-4934.77880859375,198.6819305419922,64.79537072129223,0.0,-1.0,646.6400146484375,10,2,3,26,11,31,17,14,3,11,2,3,21,1,0,1923.4056528548597,-4934.7788587483765,64.79537072129223,0,0,0,0,0,0
8.91666310000001,1838.2064208984375,-5055.39013671875,200.70327758789062,71.39802539658294,0.0,-1.0,551.5885620117188,11,2,2,26,11,35,21,14,3,11,2,3,23,1,0,1838.206415948702,-5055.390287164037,71.39802539658294,0,0,0,0,0,0
9.041663049999999,1802.6334228515625,-5110.16357421875,205.06016540527344,74.62239412447998,0.0,-1.0,505.2619323730469,11,2,2,26,11,35,21,14,3,11,2,3,23,1,0,1802.6333746705284,-5110.163785650611,74.62239412447998,0,0,0,0,0,0
9.24999629999998,1754.564208984375,-5196.419921875,211.5265350341797,79.66468692034316,0.0,-1.0,444.39385986328125,11,2,2,26,11,37,23,14,3,11,2,3,24,1,0,1754.5641866620442,-5196.419792652312,79.66468692034316,0,0,0,0,0,0
9.499996199999957,1711.6036376953125,-5289.1640625,214.6460418701172,84.81128270017587,0.0,0.0,371.31512451171875,11,2,2,26,11,39,25,14,3,11,2,3,25,1,0,1711.6035778528772,-5289.164137594939,84.81128270017587,0,0,0,0,0,0
9.791662749999931,1681.517578125,-5376.20263671875,217.0607147216797,89.743426456655,0.0,0.0,286.2457580566406,11,2,2,26,11,39,25,14,3,11,2,3,25,1,0,1681.5175473556376,-5376.202670222321,89.743426456655,0,0,0,0,0,0
9.91666269999992,1674.746826171875,-5408.8642578125,216.02362060546875,91.21319489048044,0.0,0.0,260.563232421875,10,2,2,26,11,41,27,14,3,11,2,3,26,1,0,1674.746830541854,-5408.8642944962,91.21319489048044,0,0,0,0,0,0
10.166662599999897,1663.984619140625,-5464.07421875,218.6627197265625,94.00605270672601,1.0,1.0,184.14596557617188,10,2,2,26,11,41,27,14,3,11,2,3,26,1,0,1663.984614202252,-5464.074215161348,94.00605270672601,0,0,0,0,0,0
10.458329149999871,1659.6739501953125,-5481.87890625,219.74459838867188,95.3742131305486,1.0,1.0,43.7216911315918,10,2,2,26,11,41,27,14,3,11,2,3,26,1,0,1659.673893970987,-5481.878689007063,95.3742131305486,0,0,0,0,0,0
10.708329049999849,1649.6304931640625,-5452.5341796875,218.64691162109375,97.21839901285098,1.0,1.0,191.4441680908203,10,2,2,26,11,41,27,14,3,11,2,3,26,1,0,1649.630467420074,-5452.534099550866,97.21839901285098,0,0,0,0,0,0
10.958328949999826,1621.8997802734375,-5394.4638671875,216.10568237304688,101.11007069251656,1.0,1.0,307.67498779296875,10,2,2,26,11,41,27,14,3,11,2,3,26,1,0,1621.8997506725784,-5394.4638605249,101.11007069251656,0,0,0,0,0,0
11.208328849999804,1576.8753662109375,-5310.6083984375,212.46144104003906,106.29875631113426,1.0,1.0,418.31964111328125,11,2,2,26,11,43,29,14,3,11,2,3,27,0,0,1578.5684039312207,-5313.673559236912,106.1259884511317,11,2,2,0,2,0
11.458328749999781,1518.0360107421875,-5215.47802734375,207.286865234375,111.86263955641783,1.0,1.0,505.20697021484375,11,2,2,26,11,43,29,14,3,11,2,3,27,1,0,1518.0359847625039,-5215.477993421719,111.86263955641783,0,0,0,0,0,0
11.58332869999977,1480.9384765625,-5161.12060546875,203.3113250732422,114.7126963596513,0.0,1.0,531.11669921875,10,2,2,26,11,45,31,14,3,11,2,3,28,1,0,1480.938482762585,-5161.120505007461,114.7126963596513,0,0,0,0,0,0
11.833328599999748,1410.63818359375,-5058.74853515625,197.45724487304688,118.4333269490703,0.0,1.0,465.5904846191406,10,2,2,26,11,46,32,14,3,11,2,3,29,1,0,1410.6381268319046,-5058.748552868255,118.4333269490703,0,0,0,0,0,0
12.083328499999725,1343.9354248046875,-4972.65771484375,191.77188110351562,121.55743161276204,0.0,1.0,402.561279296875,10,2,2,26,11,47,32,14,3,11,2,3,30,1,0,1343.9354481970458,-4972.657669503436,121.55743161276204,0,0,0,0,0,0
12.333328399999703,1280.36572265625,-4904.63916015625,188.64825439453125,124.75982079396438,0.0,1.0,337.07672119140625,10,2,2,26,11,49,33,14,3,11,2,3,31,1,0,1280.3657705115122,-4904.639287069321,124.75982079396438,0,0,0,0,0,0
12.416661699999695,1260.1666259765625,-4885.7841796875,187.9027862548828,125.794668129365,0.0,1.0,315.86065673828125,9,2,2,26,11,49,33,14,3,11,2,3,31,1,0,1260.1666672827841,-4885.784205529174,125.794668129365,0,0,0,0,0,0
12.624994949999676,1215.4482421875,-4847.00537109375,187.0460662841797,128.04101821729208,-1.0,-1.0,216.4287567138672,9,2,2,26,11,49,33,14,3,11,2,3,31,1,0,1215.448246813862,-4847.005497720862,128.04101821729208,0,0,0,0,0,0
12.874994849999654,1192.931396484375,-4828.74609375,186.9021759033203,128.75961945724762,-1.0,-1.0,24.820894241333008,9,2,2,26,11,50,33,14,3,11,2,3,32,1,0,1192.9313487576467,-4828.745867916971,128.75961945724762,0,0,0,0,0,0
13.124994749999631,1202.5811767578125,-4841.505859375,187.08644104003906,128.63729560000954,-1.0,-1.0,139.67453002929688,9,2,2,26,11,50,33,14,3,11,2,3,32,1,0,1202.5811859670184,-4841.505817517648,128.63729560000954,0,0,0,0,0,0
13.24999469999962,1217.152099609375,-4858.7568359375,187.79214477539062,128.36785885243353,-1.0,-1.0,212.37501525878906,9,2,2,26,11,50,33,14,3,11,2,3,32,1,0,1217.152096347969,-4858.756810165265,128.36785885243353,0,0,0,0,0,0
13.499994599999598,1261.599609375,-4913.86767578125,189.9713592529297,127.99152153183682,-1.0,-1.0,339.778076171875,9,2,2,26,11,50,33,14,3,11,2,3,32,1,0,1261.599649735051,-4913.867801070687,127.99152153183682,0,0,0,0,0,0
13.749994499999575,1322.5992431640625,-4992.93701171875,193.75762939453125,127.9864935923344,-1.0,-1.0,446.8725280761719,10,2,2,26,11,51,33,14,3,11,2,3,33,1,0,1322.5992681429516,-4992.936897978226,127.9864935923344,0,0,0,0,0,0
13.999994399999553,1395.354736328125,-5093.34033203125,199.91140747070312,128.94516612372584,-1.0,-1.0,539.5709228515625,10,2,2,26,11,53,34,14,3,11,2,3,34,1,0,1395.3546953123935,-5093.340355924204,128.94516612372584,0,0,0,0,0,0
14.124994349999541,1435.3707275390625,-5150.38525390625,203.02407836914062,129.92824246741282,-1.0,-1.0,576.1433715820312,10,2,2,26,11,55,35,14,3,11,2,3,35,1,0,1435.3706889852378,-5150.385341522337,129.92824246741282,0,0,0,0,0,0
14.374994249999519,1522.57568359375,-5274.0625,210.0008087158203,132.81263695861028,-1.0,-1.0,646.8303833007812,11,2,2,26,11,57,37,14,3,11,2,3,36,1,0,1522.5756446618752,-5274.062447516023,132.81263695861028,0,0,0,0,0,0
14.624994149999496,1620.3209228515625,-5409.56787109375,216.68905639648438,137.97447126426025,-1.0,-1.0,705.2836303710938,10,2,2,26,11,58,38,14,3,11,2,3,37,1,0,1620.3208704929125,-5409.568028477678,137.97447126426025,0,0,0,0,0,0
14.833327399999478,1723.453369140625,-5528.15625,221.6763916015625,142.84250973880168,-1.0,-1.0,759.2108764648438,10,2,2,26,11,62,42,14,3,11,2,3,39,0,0,1719.012535624855,-5523.698457021781,142.67663121844583,10,2,2,0,2,0
14.958327349999466,1789.2740478515625,-5589.39599609375,223.15817260742188,144.91311859968124,-1.0,-1.0,783.7405395507812,10,2,2,26,11,62,42,14,3,11,2,3,39,1,0,1789.2740610286307,-5589.396046551762,144.91311859968124,0,0,0,0,0,0
15.166660599999448,1911.5738525390625,-5681.07421875,225.39569091796875,146.43882003579566,0.0,0.0,694.0306396484375,10,2,2,26,11,64,44,14,3,11,2,3,41,1,0,1911.5737951688088,-5681.0741954919995,146.43882003579566,0,0,0,0,0,0
15.416660499999425,2054.8759765625,-5747.5439453125,224.79058837890625,141.17605530581056,0.0,0.0,544.8524169921875,10,2,2,26,11,66,46,28,4,11,2,4,42,1,0,2054.87585690022,-5747.543858256404,141.17605530581056,0,0,0,0,0,0
15.666660399999403,2172.30322265625,-5790.65869140625,223.29412841796875,131.7309459538662,0.0,0.0,446.3719482421875,10,2,2,26,11,68,48,28,4,11,2,4,43,1,0,2172.3033034707605,-5790.658810477616,131.7309459538662,0,0,0,0,0,0
15.749993699999395,2204.940185546875,-5806.62060546875,222.857177734375,128.88995556624693,0.0,0.0,422.036376953125,10,2,2,26,11,68,48,28,4,11,2,4,43,1,0,2204.940168842908,-5806.620687275435,128.88995556624693,0,0,0,0,0,0
15.958326949999377,2261.287841796875,-5843.87548828125,221.9466094970703,124.79261698137326,0.0,0.0,71.19194793701172,10,2,2,26,11,70,49,28,4,11,2,4,44,1,0,2261.287849860356,-5843.875442425345,124.79261698137326,0,0,0,0,0,0
16.208326849999356,2259.640869140625,-5845.14892578125,228.16412353515625,125.77763329038423,-1.0,1.0,32.53008270263672,10,2,2,26,11,70,49,28,4,11,2,4,44,1,0,2259.6407819712986,-5845.148904927371,125.77763329038423,0,0,0,0,0,0
16.458326749999333,2258.261962890625,-5846.7998046875,220.62791442871094,125.81020467094733,-1.0,1.0,26.563549041748047,10,2,2,26,11,70,49,28,4,11,2,4,44,1,0,2258.262020169261,-5846.799784151012,125.81020467094733,0,0,0,0,0,0
16.583326699999322,2260.147216796875,-5847.6689453125,220.4587860107422,125.89303781593523,-1.0,1.0,21.934955596923828,10,2,2,26,11,70,49,28,4,11,2,4,44,1,0,2260.1471731970696,-5847.668968536692,125.89303781593523,0,0,0,0,0,0
16.8333265999993,2257.837646484375,-5845.50048828125,220.89263916015625,126.19967153469958,1.0,0.0,61.89171600341797,10,2,2,26,11,70,49,28,4,11,2,4,44,1,0,2257.837734076961,-5845.5003870717455,126.19967153469958,0,0,0,0,0,0
17.083326499999277,2231.6142578125,-5824.4755859375,222.11598205566406,128.45545304605076,1.0,1.0,183.90785217285156,10,2,2,26,11,70,49,28,4,11,2,4,44,1,0,2231.6141842027173,-5824.475423662601,128.45545304605076,0,0,0,0,0,0
17.333326399999255,2180.1494140625,-5795.84228515625,222.10671997070312,133.1849091508177,1.0,1.0,278.8953552246094,10,2,2,26,11,70,49,28,4,11,2,4,44,1,0,2180.1493984029717,-5795.842405132513,133.1849091508177,0,0,0,0,0,0
17.458326349999243,2147.588623046875,-5778.3857421875,222.2479705810547,135.3868699191236,1.0,0.0,305.6954345703125,10,2,2,26,11,70,49,28,4,11,2,4,44,1,0,2147.5887037664293,-5778.385683205509,135.3868699191236,0,0,0,0,0,0
17.666659599999225,2084.894287109375,-5747.14990234375,224.1502227783203,139.4227159519467,1.0,-1.0,356.3919372558594,10,2,2,26,11,71,50,28,4,11,2,4,45,1,0,2084.894404324232,-5747.150138201509,139.4227159519467,0,0,0,0,0,0
17.916659499999202,1997.4359130859375,-5713.55810546875,224.6170654296875,144.7714964270962,1.0,-1.0,390.03851318359375,10,2,3,26,11,73,52,28,4,11,2,4,46,1,0,1997.4359003630905,-5713.557943371716,144.7714964270962,0,0,0,0,0,0
18.16665939999918,1902.6490478515625,-5688.31689453125,226.12118530273438,150.6839642869187,1.0,-1.0,386.9687194824219,10,2,2,26,11,73,52,28,4,11,2,4,46,1,0,1902.6490280567466,-5688.316708705271,150.6839642869187,0,0,0,0,0,0
18.29165934999917,1852.569091796875,-5678.65185546875,226.62124633789062,153.77023848675364,1.0,-1.0,418.69219970703125,10,2,2,26,11,75,54,28,4,11,2,4,47,1,0,1852.5691237230458,-5678.651613456469,153.77023848675364,0,0,0,0,0,0
18.541659249999146,1759.039306640625,-5654.46630859375,225.6621856689453,156.93049782351915,0.0,0.0,358.3276062011719,10,2,2,26,11,77,56,28,4,11,2,4,48,1,0,1759.0393549868324,-5654.466129521332,156.93049782351915,0,0,0,0,0,0
18.791659149999123,1680.236572265625,-5626.4326171875,226.40699768066406,157.93000672380944,0.0,0.0,309.5931396484375,10,2,2,26,11,77,56,28,4,11,2,4,48,1,0,1680.2365321001844,-5626.432445725472,157.93000672380944,0,0,0,0,0,0
19.0416590499991,1613.144775390625,-5600.83251953125,226.4439697265625,158.14778038786042,0.0,0.0,266.1959228515625,10,2,2,26,11,77,56,28,4,11,2,4,49,1,0,1613.1448291271588,-5600.832618080969,158.14778038786042,0,0,0,0,0,0
19.249992299999082,1566.0020751953125,-5582.45947265625,228.67971801757812,158.06131457404274,0.0,0.0,204.46044921875,10,2,2,26,11,77,56,28,4,11,2,4,49,1,0,1566.002109383353,-5582.4596427861225,158.06131457404274,0,0,0,0,0,0
19.49999219999906,1530.27685546875,-5573.892578125,237.31317138671875,159.7645070195432,0.0,0.0,105.41131591796875,10,2,2,26,11,78,57,28,4,11,2,4,50,1,0,1530.276874950876,-5573.892626935631,159.7645070195432,0,0,0,0,0,0
19.791658749999034,1515.899658203125,-5574.4404296875,231.83673095703125,161.28559244089027,0.0,0.0,19.043760299682617,10,2,2,26,11,78,57,28,4,11,2,4,50,1,0,1515.899637927994,-5574.440341582565,161.28559244089027,0,0,0,0,0,0
19.916658699999022,1518.0753173828125,-5577.93017578125,228.6881866455078,161.56960918485996,0.0,0.0,61.03207015991211,10,2,2,26,11,78,57,28,4,11,2,4,50,1,0,1518.0753208590604,-5577.930383153712,161.56960918485996,0,0,0,0,0,0
20.166658599999,1528.169677734375,-5585.26953125,226.64173889160156,162.09596855652958,0.0,0.0,50.037322998046875,10,2,2,26,11,78,57,28,4,11,2,4,50,1,0,1528.1697001140876,-5585.269750354964,162.09596855652958,0,0,0,0,0,0
20.458325149998974,1540.89404296875,-5590.41259765625,227.9774932861328,162.4557283583279,0.0,0.0,45.43820571899414,10,2,2,26,11,78,57,28,4,11,2,4,50,1,0,1540.894016777786,-5590.412528685622,162.4557283583279,0,0,0,0,0,0
20.70832504999895,1550.728271484375,-5594.7490234375,227.10870361328125,162.67407845921662,0.0,0.0,40.262638092041016,10,2,2,26,11,78,57,28,4,11,2,4,50,1,0,1550.7282636710681,-5594.749131193796,162.67407845921662,0,0,0,0,0,0
20.95832494999893,1559.43701171875,-5598.11376953125,227.72479248046875,162.84831683416883,0.0,0.0,35.43278121948242,10,2,2,26,11,78,57,28,4,11,2,4,50,1,0,1559.4369933242408,-5598.113948466749,162.84831683416883,0,0,0,0,0,0
21.208324849998906,1567.59521484375,-5600.8603515625,227.2403106689453,162.9217005468513,0.0,0.0,33.1878776550293,10,2,2,26,11,78,57,28,4,11,2,4,50,1,0,1567.5951741057136,-5600.860272790901,162.9217005468513,0,0,0,0,0,0
21.458324749998884,1575.0794677734375,-5603.23828125,227.3434295654297,162.9617557246081,0.0,0.0,29.674360275268555,10,2,2,26,11,78,57,28,4,11,2,4,50,1,0,1575.0794437519464,-5603.238257623531,162.9617557246081,0,0,0,0,0,0
21.583324699998872,1578.5133056640625,-5604.3095703125,227.35557556152344,162.97672342967604,0.0,0.0,28.153366088867188,10,2,2,26,11,78,57,28,4,11,2,4,50,1,0,1578.5133116914521,-5604.309344427042,162.97672342967604,0,0,0,0,0,0
21.83332459999885,1584.90185546875,-5606.27587890625,227.3795623779297,163.00560096510327,0.0,0.0,24.9591064453125,10,2,2,26,11,78,57,28,4,11,2,4,50,1,0,1584.901891638118,-5606.275990852255,163.00560096510327,0,0,0,0,0,0
22.124991149998824,1590.9677734375,-5608.10009765625,227.5467529296875,163.03114512876252,0.0,0.0,18.473962783813477,10,2,2,26,11,78,57,28,4,11,2,4,50,1,0,1590.9678265706887,-5608.1002545206675,163.03114512876252,0,0,0,0,0,0
22.3749910499988,1594.8262939453125,-5609.2880859375,227.55381774902344,163.0429820087033,0.0,0.0,14.200909614562988,10,2,2,26,11,78,57,28,4,11,2,4,50,1,0,1594.8263005436247,-5609.288156778642,163.0429820087033,0,0,0,0,0,0
22.583324299998782,1597.4700927734375,-5610.05517578125,227.5631103515625,163.04449285371535,0.0,0.0,12.615248680114746,10,2,2,26,11,78,57,28,4,11,2,4,50,1,0,1597.4700577641904,-5610.05525671793,163.04449285371535,0,0,0,0,0,0
22.874990849998756,1601.051513671875,-5611.046875,227.53269958496094,163.0404854042608,0.0,0.0,13.040987968444824,10,2,2,26,11,78,57,28,4,11,2,4,50,1,0,1601.0514980798393,-5611.046973445673,163.0404854042608,0,0,0,0,0,0
23.16665739999873,1605.0224609375,-5612.22900390625,227.4449462890625,163.04566056323728,0.0,0.0,15.576272964477539,10,2,2,26,11,78,57,28,4,11,2,4,50,1,0,1605.022451963183,-5612.228839129402,163.04566056323728,0,0,0,0,0,0
23.29165734999872,1606.9769287109375,-5612.841796875,227.3672637939453,163.0525190917963,0.0,0.0,17.05707550048828,10,2,2,26,11,78,57,28,4,11,2,4,50,1,0,1606.9769766405739,-5612.842013909218,163.0525190917963,0,0,0,0,0,0
23.541657249998696,1611.3192138671875,-5614.234375,227.17001342773438,163.07001505371048,0.0,0.0,19.042247772216797,10,2,2,26,11,78,57,28,4,11,2,4,50,1,0,1611.3192440461883,-5614.234339697495,163.07001505371048,0,0,0,0,0,0
23.791657149998674,1615.8726806640625,-5615.67626953125,226.99961853027344,163.080898355728,0.0,0.0,18.75565528869629,10,2,2,26,11,78,57,28,4,11,2,4,50,1,0,1615.8726319919404,-5615.676327831685,163.080898355728,0,0,0,0,0,0
24.04165704999865,1620.2208251953125,-5616.97265625,227.03671264648438,163.09060987785762,0.0,0.0,17.449018478393555,10,2,2,26,11,78,57,28,4,11,2,4,50,1,0,1620.2208435723712,-5616.9727081767405,163.09060987785762,0,0,0,0,0,0
24.249990299998633,1623.4991455078125,-5617.9873046875,227.0680694580078,163.10198166981974,0.0,0.0,15.62552261352539,10,2,2,26,11,78,57,28,4,11,2,4,50,1,0,1623.4991870120368,-5617.987467793688,163.10198166981974,0,0,0,0,0,0
24.541656849998606,1627.456298828125,-5619.208984375,227.03355407714844,163.12170671688432,0.0,0.0,12.990140914916992,10,2,2,26,11,78,57,28,4,11,2,4,50,1,0,1627.4562752598638,-5619.209052370954,163.12170671688432,0,0,0,0,0,0
24.83332339999858,1630.70361328125,-5620.25537109375,226.9952850341797,163.14774368043481,0.0,0.0,10.638714790344238,10,2,2,26,11,78,57,28,4,11,2,4,50,1,0,1630.7035662710246,-5620.255172979065,163.14774368043481,0,0,0,0,0,0
24.916656699998573,1631.5303955078125,-5620.5126953125,226.99131774902344,163.154873294079,0.0,0.0,10.183237075805664,10,2,2,26,11,78,57,28,4,11,2,4,50,1,0,1631.5303449177552,-5620.512519384836,163.154873294079,0,0,0,0,0,0
25.16665659999855,1633.78564453125,-5621.1923828125,227.02398681640625,163.17270833906602,0.0,0.0,8.653608322143555,10,2,2,26,11,78,57,28,4,11,2,4,50,1,0,1633.7856563754717,-5621.192173307288,163.17270833906602,0,0,0,0,0,0
25.458323149998524,1635.81298828125,-5621.7939453125,227.0827178955078,163.1884200049556,0.0,0.0,5.9613938331604,10,2,2,26,11,78,57,28,4,11,2,4,50,1,0,1635.8129345265265,-5621.79417494237,163.1884200049556,0,0,0,0,0,0
25.7083230499985,1636.9515380859375,-5622.10546875,227.0882110595703,163.1965439748185,0.0,0.0,3.6292803287506104,10,2,2,26,11,78,57,28,4,11,2,4,50,1,0,1636.9515115499016,-5622.105241676591,163.1965439748185,0,0,0,0,0,0
25.916656299998483,1637.5003662109375,-5622.22509765625,227.09524536132812,163.19926625785348,0.0,0.0,1.8816375732421875,10,2,2,26,11,78,57,28,4,11,2,4,50,1,0,1637.5004018190698,-5622.225054747366,163.19926625785348,0,0,0,0,0,0
26.16665619999846,1637.735107421875,-5622.22314453125,227.09097290039062,163.198375846052,0.0,0.0,0.31716999411582947,10,2,2,26,11,78,57,28,4,11,2,4,50,1,0,1637.735141276897,-5622.22329786933,163.198375846052,0,0,0,0,0,0
26.458322749998434,1637.5123291015625,-5622.05126953125,227.08419799804688,163.19269609473932,0.0,0.0,1.7789874076843262,10,2,2,26,11,78,57,28,4,11,2,4,50,1,0,1637.5123645746353,-5622.051176230471,163.19269609473932,0,0,0,0,0,0
26.583322699998423,1637.2781982421875,-5621.9306640625,227.07904052734375,163.18905690776396,0.0,0.0,2.410066604614258,10,2,2,26,11,78,57,28,4,11,2,4,50,1,0,1637.2782129862544,-5621.930795255658,163.18905690776396,0,0,0,0,0,0
26.8333225999984,1636.6075439453125,-5621.6220703125,227.0648956298828,163.18004055996536,0.0,0.0,3.4468557834625244,10,2,2,26,11,78,57,28,4,11,2,4,50,1,0,1636.607601453374,-5621.622257732366,163.18004055996536,0,0,0,0,0,0
27.083322499998378,1635.7347412109375,-5621.24609375,227.04495239257812,163.16933630845352,0.0,0.0,4.120619297027588,10,2,2,26,11,78,57,28,4,11,2,4,50,1,0,1635.7346989965606,-5621.246182025499,163.16933630845352,0,0,0,0,0,0
27.333322399998355,1634.7593994140625,-5620.83544921875,227.01828002929688,163.15768312949223,0.0,0.0,4.321018695831299,10,2,2,26,11,78,57,28,4,11,2,4,50,1,0,1634.7594030804062,-5620.835537987327,163.15768312949223,0,0,0,0,0,0
27.458322349998344,1634.2705078125,-5620.62939453125,227.00303649902344,163.15175579612563,0.0,0.0,4.2243475914001465,10,2,2,26,11,78,57,28,4,11,2,4,50,1,0,1634.2705055902557,-5620.629399138951,163.15175579612563,0,0,0,0,0,0
27.70832224999832,1633.369873046875,-5620.240234375,226.9734344482422,163.13975654332438,0.0,0.0,3.6773431301116943,10,2,2,26,11,78,57,28,4,11,2,4,50,1,0,1633.3698149202,-5620.2400933675735,163.13975654332438,0,0,0,0,0,0
27.999988799998295,1632.494384765625,-5619.837890625,226.95701599121094,163.12587924084508,0.0,0.0,2.9734139442443848,10,2,2,26,11,78,57,28,4,11,2,4,50,1,0,1632.4944256745225,-5619.838001461653,163.12587924084508,0,0,0,0,0,0
28.208322049998277,1632.001708984375,-5619.5869140625,226.94000244140625,163.11645073900453,0.0,0.0,2.3794238567352295,10,2,2,26,11,78,57,28,4,11,2,4,50,1,0,1632.0017567473813,-5619.587110498646,163.11645073900453,0,0,0,0,0,0
28.458321949998254,1631.573974609375,-5619.3291015625,226.94171142578125,163.10528742683684,0.0,0.0,1.6613274812698364,10,2,2,26,11,78,57,28,4,11,2,4,50,1,0,1631.5739516438953,-5619.328990798687,163.10528742683684,0,0,0,0,0,0
28.749988499998228,1631.283203125,-5619.10009765625,226.9358367919922,163.0940515192373,0.0,0.0,0.935977041721344,10,2,2,26,11,78,57,28,4,11,2,4,50,1,0,1631.283147415243,-5619.100061736802,163.0940515192373,0,0,0,0,0,0
29.0416550499982,1631.1923828125,-5618.9404296875,226.93075561523438,163.08454867297135,0.0,0.0,0.4499785602092743,10,2,2,26,11,78,57,28,4,11,2,4,50,1,0,1631.1923357706946,-5618.940207298402,163.08454867297135,0,0,0,0,0,0
29.249988299998183,1631.239501953125,-5618.86474609375,226.92575073242188,163.07870009508176,0.0,0.0,0.5170949101448059,10,2,2,26,11,78,57,28,4,11,2,4,50,1,0,1631.2395012209379,-5618.864509667103,163.07870009508176,0,0,0,0,0,0
29.49998819999816,1631.402587890625,-5618.81005859375,226.9188232421875,163.07253061746516,0.0,0.0,0.8670526742935181,10,2,2,26,11,78,57,28,4,11,2,4,50,1,0,1631.4025512354337,-5618.810068743621,163.07253061746516,0,0,0,0,0,0
29.666654799998145,1631.5697021484375,-5618.7939453125,226.9145050048828,163.0689237948989,0.0,0.0,1.126990556716919,10,2,2,26,11,78,57,28,4,11,2,4,50,1,0,1631.569682355576,-5618.793834288774,163.0689237948989,0,0,0,0,0,0
29.83332139999813,1631.780029296875,-5618.79248046875,226.9095916748047,163.0656620930531,0.0,0.0,1.3734006881713867,10,2,2,26,11,78,57,28,4,11,2,4,50,1,0,1631.7800398087347,-5618.792504532682,163.0656620930531,0,0,0,0,0,0
29.95832134999812,1631.963623046875,-5618.80029296875,226.9056854248047,163.0634203388401,0.0,0.0,1.5428454875946045,10,2,2,26,11,78,57,28,4,11,2,4,50,1,0,1631.9635790579298,-5618.800274875978,163.0634203388401,0,0,0,0,0,0
30.1666545999981,1632.3125,-5618.82861328125,226.89942932128906,163.06021915257134,0.0,0.0,1.790914535522461,10,2,2,26,11,78,57,28,4,11,2,4,50,1,0,1632.3124633384587,-5618.828718611106,163.06021915257134,0,0,0,0,0,0
30.37498784999808,1632.7017822265625,-5618.87451171875,226.90029907226562,163.05813109826389,0.0,0.0,1.9624783992767334,10,2,2,26,11,78,57,28,4,11,2,4,50,1,0,1632.7017393075234,-5618.8744124112645,163.05813109826389,0,0,0,0,0,0
30.541654449998067,1633.0286865234375,-5618.9189453125,226.90586853027344,163.05701227637454,0.0,0.0,2.009161949157715,10,2,2,26,11,78,57,28,4,11,2,4,50,1,0,1633.0286576678236,-5618.918734222118,163.05701227637454,0,0,0,0,0,0
30.70832104999805,1633.3585205078125,-5618.96728515625,226.90870666503906,163.05615746291042,0.0,0.0,2.005038022994995,10,2,2,26,11,78,57,28,4,11,2,4,50,1,0,1633.358493979566,-5618.967456465874,163.05615746291042,0,0,0,0,0,0
30.874987649998037,1633.68603515625,-5619.01806640625,226.90858459472656,163.05535109156924,0.0,0.0,1.9862828254699707,10,2,2,26,11,78,57,28,4,11,2,4,50,1,0,1633.6860540597804,-5619.017833742432,163.05535109156924,0,0,0,0,0,0
31.04165424999802,1634.01171875,-5619.06787109375,226.90931701660156,163.05440600295447,0.0,0.0,1.9793376922607422,10,2,2,26,11,78,57,28,4,11,2,4,50,1,0,1634.0116759561977,-5619.067792128792,163.05440600295447,0,0,0,0,0,0
31.208320849998007,1634.3369140625,-5619.12060546875,226.9102783203125,163.05331112009551,0.0,0.0,1.9897642135620117,10,2,2,26,11,78,57,28,4,11,2,4,50,1,0,1634.336855787922,-5619.120588216961,163.05331112009551,0,0,0,0,0,0
31.37498744999799,1634.66552734375,-5619.17431640625,226.9103546142578,163.0520974788032,0.0,0.0,1.9994542598724365,10,2,2,26,11,78,57,28,4,11,2,4,50,1,0,1634.6654709183808,-5619.174557731135,163.0520974788032,0,0,0,0,0,0
31.49998739999798,1634.907958984375,-5619.21484375,226.91343688964844,163.05129401602858,0.0,0.0,1.944775104522705,10,2,2,26,11,78,57,28,4,11,2,4,50,1,0,1634.9079611209281,-5619.214828714977,163.05129401602858,0,0,0,0,0,0
31.541654049997977,1634.986572265625,-5619.2275390625,226.9149169921875,163.05102084359325,0.0,0.0,1.9053027629852295,10,2,2,26,11,78,57,28,4,11,2,4,50,1,0,1634.9865430480816,-5619.2274779982645,163.05102084359325,0,0,0,0,0,0
31.749987299997958,1635.34521484375,-5619.27978515625,226.92222595214844,163.04959745273078,0.0,0.0,1.5785075426101685,10,2,2,26,11,78,57,28,4,11,2,4,50,1,0,1635.345176229112,-5619.279856618532,163.04959745273078,0,0,0,0,0,0
31.95832054999794,1635.6248779296875,-5619.306640625,226.92381286621094,163.04788100751597,0.0,0.0,1.134577751159668,10,2,2,26,11,78,57,28,4,11,2,4,50,1,0,1635.6248744965,-5619.306403806489,163.04788100751597,0,0,0,0,0,0
32.12498714999793,1635.78076171875,-5619.30517578125,226.92320251464844,163.04607954599933,0.0,0.0,0.7570918202400208,10,2,2,26,11,78,57,28,4,11,2,4,50,1,0,1635.7808049531347,-5619.305069766842,163.04607954599933,0,0,0,0,0,0
32.29165374999791,1635.874755859375,-5619.28271484375,226.922119140625,163.04386918106468,0.0,0.0,0.4326501488685608,10,2,2,26,11,78,57,28,4,11,2,4,50,1,0,1635.8747876588232,-5619.282858528187,163.04386918106468,0,0,0,0,0,0
32.374987049997905,1635.8992919921875,-5619.26416015625,226.92098999023438,163.0426127115468,0.0,0.0,0.3362988233566284,10,2,2,26,11,78,57,28,4,11,2,4,50,1,0,1635.8992888235114,-5619.2642623824095,163.0426127115468,0,0,0,0,0,0
32.58332029999789,1635.9007568359375,-5619.19775390625,226.91659545898438,163.03901668091768,0.0,0.0,0.4259990155696869,10,2,2,26,11,78,57,28,4,11,2,4,50,1,0,1635.9007930226767,-5619.197708237531,163.03901668091768,0,0,0,0,0,0
32.74998689999787,1635.8492431640625,-5619.126953125,226.9121856689453,163.03577003590553,0.0,0.0,0.6355471014976501,10,2,2,26,11,78,57,28,4,11,2,4,50,1,0,1635.8492318390063,-5619.12681055645,163.03577003590553,0,0,0,0,0,0
32.95832014999785,1635.736083984375,-5619.0224609375,226.9056854248047,163.0313539301625,0.0,0.0,0.8394638895988464,10,2,2,26,11,78,57,28,4,11,2,4,50,1,0,1635.7360650737476,-5619.022248597208,163.0313539301625,0,0,0,0,0,0
33.166653399997834,1635.59130859375,-5618.9072265625,226.89828491210938,163.02665258193176,0.0,0.0,0.9288170337677002,10,2,2,26,11,78,57,28,4,11,2,4,50,1,0,1635.5913346521259,-5618.9071705244005,163.02665258193176,0,0,0,0,0,0
33.24998669999783,1635.5308837890625,-5618.8603515625,226.895263671875,163.0247585785999,0.0,0.0,0.9237819314002991,10,2,2,26,11,78,57,28,4,11,2,4,50,1,0,1635.5309159829692,-5618.860409112111,163.0247585785999,0,0,0,0,0,0
33.45831994999781,1635.388916015625,-5618.74658203125,226.88719177246094,163.02000588164606,0.0,0.0,0.8274267315864563,10,2,2,26,11,78,57,28,4,11,2,4,50,1,0,1635.388886063886,-5618.7466386733195,163.02000588164606,0,0,0,0,0,0
33.66665319999779,1635.2796630859375,-5618.6435546875,226.8794403076172,163.01533266317776,0.0,0.0,0.6330220103263855,10,2,2,26,11,78,57,28,4,11,2,4,50,1,0,1635.2797045235359,-5618.64350476497,163.01533266317776,0,0,0,0,0,0
33.87498644999777,1635.22119140625,-5618.55615234375,226.8738250732422,163.0108102333279,0.0,0.0,0.40992599725723267,10,2,2,26,11,78,57,28,4,11,2,4,50,1,0,1635.2212145415597,-5618.556318602104,163.0108102333279,0,0,0,0,0,0
34.041653049997755,1635.216064453125,-5618.50048828125,226.87037658691406,163.00738985548765,0.0,0.0,0.31286847591400146,10,2,2,26,11,78,57,28,4,11,2,4,50,1,0,1635.2160840419913,-5618.500503218292,163.00738985548765,0,0,0,0,0,0
34.24998629999774,1635.26171875,-5618.44775390625,226.8670196533203,163.00337803372562,0.0,0.0,0.406473308801651,10,2,2,26,11,78,57,28,4,11,2,4,50,1,0,1635.2616842248704,-5618.447639844211,163.00337803372562,0,0,0,0,0,0
34.45831954999772,1635.3577880859375,-5618.41162109375,226.86502075195312,162.99969037641404,0.0,0.0,0.5782785415649414,10,2,2,26,11,78,57,28,4,11,2,4,50,1,0,1635.3578340048266,-5618.411430886042,162.99969037641404,0,0,0,0,0,0
34.6249861499977,1635.461669921875,-5618.3916015625,226.86424255371094,162.9969556158399,0.0,0.0,0.682500422000885,10,2,2,26,11,78,57,28,4,11,2,4,50,1,0,1635.461691374814,-5618.3915245555845,162.9969556158399,0,0,0,0,0,0
34.74998609999769,1635.548828125,-5618.3798828125,226.86399841308594,162.99504029398517,0.0,0.0,0.7210119366645813,10,2,2,26,11,78,57,28,4,11,2,4,50,1,0,1635.5488635676963,-5618.379906102337,162.99504029398517,0,0,0,0,0,0
34.87498604999768,1635.6385498046875,-5618.369140625,226.86386108398438,162.99315309661532,0.0,0.0,0.7245835065841675,10,2,2,26,11,78,57,28,4,11,2,4,50,1,0,1635.6385347486726,-5618.369121909706,162.99315309661532,0,0,0,0,0,0
35.08331929999766,1635.782958984375,-5618.349609375,226.86329650878906,162.99007974369275,0.0,0.0,0.6693119406700134,10,2,2,26,11,78,57,28,4,11,2,4,50,1,0,1635.7829062773253,-5618.349507608351,162.99007974369275,0,0,0,0,0,0
35.20831924999765,1635.861083984375,-5618.3349609375,226.862548828125,162.98822593427911,0.0,0.0,0.6087267398834229,10,2,2,26,11,78,57,28,4,11,2,4,50,1,0,1635.8610968279138,-5618.334972552957,162.98822593427911,0,0,0,0,0,0
35.33331919999764,1635.93017578125,-5618.3173828125,226.8613739013672,162.98634136810702,0.0,0.0,0.5385995507240295,10,2,2,26,11,78,57,28,4,11,2,4,50,1,0,1635.9302166021002,-5618.317454835714,162.98634136810702,0,0,0,0,0,0
35.45831914999763,1635.9888916015625,-5618.29638671875,226.8599395751953,162.98441624790976,0.0,0.0,0.46587446331977844,10,2,2,26,11,78,57,28,4,11,2,4,50,1,0,1635.9888768612843,-5618.296534682353,162.98441624790976,0,0,0,0,0,0
35.58331909999762,1636.036376953125,-5618.27197265625,226.8583526611328,162.9824149185419,0.0,0.0,0.39955997467041016,10,2,2,26,11,78,57,28,4,11,2,4,50,1,0,1636.0363934320603,-5618.27191820474,162.9824149185419,0,0,0,0,0,0
35.708319049997606,1636.0726318359375,-5618.24365234375,226.85655212402344,162.9803455443176,0.0,0.0,0.3473656177520752,10,2,2,26,11,78,57,28,4,11,2,4,50,1,0,1636.0726295732934,-5618.243559835388,162.9803455443176,0,0,0,0,0,0
35.87498564999759,1636.10400390625,-5618.2001953125,226.85377502441406,162.9774815899866,0.0,0.0,0.3121381402015686,10,2,2,26,11,78,57,28,4,11,2,4,50,1,0,1636.104017046592,-5618.200170163852,162.9774815899866,0,0,0,0,0,0
36.08331889999757,1636.1197509765625,-5618.13818359375,226.84982299804688,162.9737484795922,0.0,0.0,0.3198021948337555,10,2,2,26,11,78,57,28,4,11,2,4,50,1,0,1636.119703998971,-5618.138251028997,162.9737484795922,0,0,0,0,0,0
36.24998549999756,1636.1175537109375,-5618.083984375,226.84637451171875,162.97066306298416,0.0,0.0,0.3439629375934601,10,2,2,26,11,78,57,28,4,11,2,4,50,1,0,1636.117497233766,-5618.083923311992,162.97066306298416,0,0,0,0,0,0
36.45831874999754,1636.1024169921875,-5618.01220703125,226.8418426513672,162.9667284512186,0.0,0.0,0.3710271120071411,10,2,2,26,11,78,57,28,4,11,2,4,50,1,0,1636.1023888364452,-5618.012072324142,162.9667284512186,0,0,0,0,0,0
36.54165204999753,1636.0938720703125,-5617.982421875,226.83998107910156,162.96513602596374,0.0,0.0,0.3768593966960907,10,2,2,26,11,78,57,28,4,11,2,4,50,1,0,1636.0939221752421,-5617.982569568022,162.96513602596374,0,0,0,0,0,0
36.74998529999751,1636.0711669921875,-5617.908203125,226.8352813720703,162.96112420607705,0.0,0.0,0.3768819272518158,10,2,2,26,11,78,57,28,4,11,2,4,50,1,0,1636.0712233317984,-5617.908370336287,162.96112420607705,0,0,0,0,0,0
36.9166518999975,1636.0556640625,-5617.85009765625,226.83152770996094,162.95791613053964,0.0,0.0,0.3586061894893646,10,2,2,26,11,78,57,28,4,11,2,4,50,1,0,1636.055705543993,-5617.849997507718,162.95791613053964,0,0,0,0,0,0
37.041651849997486,1636.0489501953125,-5617.80810546875,226.8287353515625,162.95550753294893,0.0,0.0,0.3372952938079834,10,2,2,26,11,78,57,28,4,11,2,4,50,1,0,1636.0489902269617,-5617.807945490486,162.95550753294893,0,0,0,0,0,0
37.166651799997474,1636.0482177734375,-5617.767578125,226.82606506347656,162.95310546590335,0.0,0.0,0.31836217641830444,10,2,2,26,11,78,57,28,4,11,2,4,50,1,0,1636.048177309823,-5617.767819310455,162.95310546590335,0,0,0,0,0,0
37.33331839999746,1636.0576171875,-5617.7177734375,226.8227996826172,162.9499562725956,0.0,0.0,0.30642256140708923,10,2,2,26,11,78,57,28,4,11,2,4,50,1,0,1636.0575831309752,-5617.71780775254,162.9499562725956,0,0,0,0,0,0
37.374985049997456,1636.0618896484375,-5617.7060546875,226.82203674316406,162.94917575489478,0.0,0.0,0.3066679537296295,10,2,2,26,11,78,57,28,4,11,2,4,50,1,0,1636.0618905463132,-5617.705949070563,162.94917575489478,0,0,0,0,0,0
37.54165164999744,1636.086669921875,-5617.6611328125,226.8191680908203,162.94610340102423,0.0,0.0,0.3190965950489044,10,2,2,26,11,78,57,28,4,11,2,4,50,1,0,1636.0867210677175,-5617.661061731291,162.94610340102423,0,0,0,0,0,0
37.79165154999742,1636.144775390625,-5617.6005859375,226.81536865234375,162.94161363412084,0.0,0.0,0.35812366008758545,10,2,2,26,11,78,57,28,4,11,2,4,50,1,0,1636.1447965306372,-5617.600666052746,162.94161363412084,0,0,0,0,0,0
38.08331809999739,1617.617431640625,-5609.3681640625,226.98187255859375,162.51289911422225,1.0,-1.0,154.4779815673828,10,2,2,26,11,78,57,28,4,11,2,4,50,1,0,1617.6173966374417,-5609.368121818149,162.51289911422225,0,0,0,0,0,0
38.24998469999738,1585.63818359375,-5594.802734375,227.14588928222656,161.753199962871,1.0,0.0,264.83953857421875,10,2,2,26,11,78,57,28,4,11,2,4,50,1,0,1585.6381927969485,-5594.802963648247,161.753199962871,0,0,0,0,0,0
38.499984599997354,1509.9178466796875,-5560.64404296875,229.12176513671875,160.5159745805475,1.0,0.0,355.1801452636719,10,2,2,26,11,78,57,28,4,11,2,4,50,1,0,1509.9178775222026,-5560.644133654256,160.5159745805475,0,0,0,0,0,0
38.74998449999733,1417.6763916015625,-5516.28955078125,247.228271484375,158.63608024847287,1.0,1.0,433.4714050292969,10,2,2,26,11,79,58,28,4,11,2,4,51,1,0,1417.6763797272683,-5516.289597215923,158.63608024847287,0,0,0,0,0,0
39.041651049997306,1294.8507080078125,-5466.07080078125,238.30126953125,158.35577906667513,1.0,1.0,483.6773376464844,10,2,2,26,11,80,59,28,4,11,2,4,52,1,0,1294.8506644295232,-5466.070803926519,158.35577906667513,0,0,0,0,0,0
39.29165094999728,1185.9482421875,-5442.03076171875,238.727783203125,163.5562780142493,1.0,1.0,438.7835998535156,9,2,2,26,11,81,60,28,4,11,2,4,53,1,0,1185.9482654190836,-5442.03074733559,163.5562780142493,0,0,0,0,0,0
39.54165084999726,1074.532470703125,-5451.98681640625,261.0224304199219,172.5615342760475,1.0,0.0,468.109375,9,2,2,26,11,83,61,28,4,11,2,4,54,1,0,1074.532442387828,-5451.986979534948,172.5615342760475,0,0,0,0,0,0
39.833317399997235,933.1567993164062,-5499.17578125,264.0569763183594,-176.05500690196516,1.0,0.0,542.7473754882812,9,2,2,26,11,85,62,28,4,11,2,4,55,1,0,933.1568277516343,-5499.17554544219,-176.05500690196516,0,0,0,0,0,0
39.99998399999722,850.5902709960938,-5542.43310546875,256.8370666503906,-169.8929118259456,1.0,-1.0,589.314697265625,8,2,2,26,11,87,64,28,4,11,2,4,56,1,0,850.5902734487393,-5542.4332516184395,-169.8929118259456,0,0,0,0,0,0
40.2499838999972,709.5775756835938,-5594.89404296875,250.96737670898438,-167.19100909304458,1.0,-1.0,622.7479248046875,8,2,2,26,11,89,66,28,4,11,2,4,57,1,0,709.5775703609361,-5594.894056356719,-167.19100909304458,0,0,0,0,0,0
40.54165044999717,521.3978271484375,-5599.142578125,263.6146545410156,-172.60272225485824,1.0,-1.0,685.4501953125,8,2,2,28,12,89,66,28,4,12,2,4,58,1,0,521.397821279184,-5599.142731181079,-172.60272225485824,0,0,0,0,0,0
40.708317049997156,405.35089111328125,-5606.373046875,264.33648681640625,-174.08965501678725,0.0,-1.0,700.3408203125,7,2,2,28,12,91,68,28,4,12,2,4,59,1,0,405.35087862592354,-5606.3732629949545,-174.08965501678725,0,0,0,0,0,0
40.91665029999714,275.31048583984375,-5601.88720703125,273.9997863769531,-177.18115788331434,0.0,-1.0,568.9019165039062,8,2,2,33,14,91,68,28,4,14,2,4,60,1,0,275.31047318036553,-5601.88734263921,-177.18115788331434,0,0,0,0,0,0
41.166650199997115,141.93414306640625,-5582.05078125,274.42095947265625,177.95200661727745,0.0,-1.0,519.906494140625,8,2,2,33,14,93,70,28,4,14,2,4,61,1,0,141.93414294872164,-5582.050767515901,177.95200661727745,0,0,0,0,0,0
41.41665009999709,25.03776741027832,-5560.060546875,274.0777282714844,174.88093079010716,0.0,0.0,436.1244812011719,8,2,2,33,14,93,70,28,4,14,2,4,62,1,0,25.03776786025887,-5560.060370424856,174.88093079010716,0,0,0,0,0,0
41.54165004999708,-26.881519317626953,-5552.25439453125,279.6138916015625,174.25845586140827,0.0,0.0,403.60986328125,8,2,2,33,14,95,71,28,4,14,2,4,63,1,0,-26.881518538576994,-5552.254477970452,174.25845586140827,0,0,0,0,0,0
41.74998329999706,-104.03040313720703,-5539.6259765625,280.9419860839844,173.0455582671882,0.0,-1.0,347.57928466796875,8,2,2,33,14,96,71,28,4,14,2,4,64,1,0,-104.03040490613422,-5539.625960205053,173.0455582671882,0,0,0,0,0,0
42.041649849997036,-187.08628845214844,-5509.3837890625,283.7798767089844,169.54753017284168,0.0,-1.0,265.6938171386719,8,2,2,33,14,96,71,28,4,14,2,4,64,1,0,-187.08628672002328,-5509.383880005603,169.54753017284168,0,0,0,0,0,0
42.33331639999701,-246.69265747070312,-5480.091796875,285.25030517578125,166.07923124330648,1.0,-1.0,216.88223266601562,8,2,2,34,15,98,72,28,4,15,2,4,65,1,0,-246.69266134650476,-5480.0916498906045,166.07923124330648,0,0,0,0,0,0
42.499982999996995,-283.914794921875,-5456.9033203125,286.6547546386719,163.50601500788466,1.0,0.0,299.1946716308594,8,2,2,34,15,98,72,28,4,15,2,4,65,1,0,-283.9148090250843,-5456.903189757891,163.50601500788466,0,0,0,0,0,0
42.74998289999697,-367.46044921875,-5427.9921875,291.22509765625,163.30457987355945,1.0,0.0,419.5437927246094,8,2,2,34,15,100,73,28,4,15,2,4,66,1,0,-367.46044673195024,-5427.9920505007985,163.30457987355945,0,0,0,0,0,0
42.99998279999695,-485.0986328125,-5403.3154296875,296.13055419921875,165.20121830426987,1.0,1.0,528.725341796875,8,2,2,34,15,101,73,28,4,15,2,4,67,1,0,-485.098640666295,-5403.31523127364,165.20121830426987,0,0,0,0,0,0
43.20831604999693,-593.2808837890625,-5399.50537109375,302.1112365722656,169.73242795674568,0.0,1.0,469.53936767578125,8,2,2,36,16,103,74,28,4,16,2,4,68,1,0,-593.2808891508034,-5399.505216992498,169.73242795674568,0,0,0,0,0,0
43.41664929999691,-678.001953125,-5419.7490234375,306.63616943359375,174.0921606334282,1.0,0.0,401.48626708984375,7,2,2,36,16,103,74,28,4,16,2,4,68,1,0,-678.001974733637,-5419.74893759379,174.0921606334282,0,0,0,0,0,0
43.66664919999689,-769.7495727539062,-5438.5576171875,311.0505676269531,179.20371360693107,0.0,0.0,331.030517578125,8,2,2,38,17,105,75,28,4,17,2,4,69,1,0,-769.7495783804444,-5438.557616928812,179.20371360693107,0,0,0,0,0,0
43.91664909999687,-842.9887084960938,-5453.6982421875,315.5737609863281,-178.0011800109155,0.0,0.0,265.8619079589844,8,2,2,38,17,107,76,28,4,17,2,4,70,1,0,-842.9887025582029,-5453.69806584748,-178.0011800109155,0,0,0,0,0,0
44.041649049996856,-873.7484130859375,-5459.47900390625,316.60546875,-177.02511570193985,0.0,0.0,239.69302368164062,8,2,2,38,17,107,76,28,4,17,2,4,70,1,0,-873.7484223138362,-5459.4790312886225,-177.02511570193985,0,0,0,0,0,0
44.24998229999684,-920.6932373046875,-5468.27587890625,319.32110595703125,-175.74397844492594,0.0,0.0,201.90708923339844,8,2,2,38,17,108,77,28,4,17,2,4,71,0,0,-919.0256067891164,-5467.961785215842,-175.7811509938698,8,2,2,0,1,0
44.374982249996826,-943.0895385742188,-5472.0078125,320.2915954589844,-175.35836340271146,0.0,0.0,186.98536682128906,8,2,2,38,17,108,77,28,4,17,2,4,71,1,0,-943.0895379687078,-5472.007913497368,-175.35836340271146,0,0,0,0,0,0
44.54164884999681,-972.0930786132812,-5475.771484375,320.5995788574219,-175.01589702889703,0.0,0.0,166.3472442626953,8,2,2,38,17,108,77,28,4,17,2,4,71,1,0,-972.0931034881042,-5475.7714091264515,-175.01589702889703,0,0,0,0,0,0
44.708315449996796,-997.8035888671875,-5478.9697265625,321.82958984375,-174.80937338234423,0.0,0.0,145.8384552001953,8,2,2,38,17,108,77,28,4,17,2,4,71,1,0,-997.8036024737129,-5478.96960832532,-174.80937338234423,0,0,0,0,0,0
44.87498204999678,-1020.4297485351562,-5481.5185546875,323.22222900390625,-174.70941304869652,0.0,0.0,128.1742401123047,8,2,2,38,17,108,77,28,4,17,2,4,71,1,0,-1020.4297271203568,-5481.518646040324,-174.70941304869652,0,0,0,0,0,0
45.041648649996766,-1040.102294921875,-5483.462890625,323.9983825683594,-174.68692123413518,0.0,0.0,111.46721649169922,8,2,2,38,17,109,78,28,4,17,2,4,72,1,0,-1040.1022694797125,-5483.463045538732,-174.68692123413518,0,0,0,0,0,0
45.24998189999675,-1061.330322265625,-5485.57763671875,324.1755065917969,-174.68729932220398,0.0,0.0,94.76625061035156,7,2,2,38,17,109,78,28,4,17,2,4,72,1,0,-1061.3303486873665,-5485.577482246743,-174.68729932220398,0,0,0,0,0,0
45.45831514999673,-1079.4268798828125,-5487.19677734375,324.7560119628906,-174.67540293710792,0.0,0.0,80.12457275390625,7,2,2,38,17,109,78,28,4,17,2,4,72,1,0,-1079.4268581755412,-5487.196654315938,-174.67540293710792,0,0,0,0,0,0
45.624981749996714,-1091.80126953125,-5488.37353515625,325.2264404296875,-174.65625044900486,0.0,0.0,69.8703842163086,7,2,2,38,17,109,78,28,4,17,2,4,72,1,0,-1091.8012616054605,-5488.373688260022,-174.65625044900486,0,0,0,0,0,0
45.708315049996706,-1097.3284912109375,-5488.9873046875,325.2789001464844,-174.64813150415495,0.0,0.0,64.80846405029297,7,2,2,38,17,109,78,28,4,17,2,4,72,1,0,-1097.3285341359779,-5488.987358502946,-174.64813150415495,0,0,0,0,0,0
45.91664829999669,-1109.4212646484375,-5490.27880859375,325.5986633300781,-174.63137633418722,0.0,0.0,53.04548645019531,7,2,2,38,17,109,78,28,4,17,2,4,72,1,0,-1109.4212211339782,-5490.278973762157,-174.63137633418722,0,0,0,0,0,0
46.08331489999667,-1117.5452880859375,-5491.00537109375,325.9181213378906,-174.6229212386324,0.0,0.0,44.9074821472168,7,2,2,38,17,109,78,28,4,17,2,4,72,1,0,-1117.545344940312,-5491.005276257997,-174.6229212386324,0,0,0,0,0,0
46.24998149999666,-1124.2655029296875,-5491.64794921875,326.1246032714844,-174.61401129210708,0.0,0.0,36.404685974121094,7,2,2,38,17,109,78,28,4,17,2,4,72,1,0,-1124.265509661426,-5491.648125895602,-174.61401129210708,0,0,0,0,0,0
46.41664809999664,-1129.610595703125,-5492.15380859375,326.3864440917969,-174.6094721939814,0.0,0.0,28.585323333740234,7,2,2,38,17,109,78,28,4,17,2,4,72,1,0,-1129.6106057637396,-5492.15405265941,-174.6094721939814,0,0,0,0,0,0
46.54164804999663,-1132.8582763671875,-5492.45703125,326.5367126464844,-174.60780861396466,0.0,0.0,23.833898544311523,7,2,2,38,17,109,78,28,4,17,2,4,72,1,0,-1132.858267238184,-5492.456856127486,-174.60780861396466,0,0,0,0,0,0
46.74998129999661,-1137.0230712890625,-5492.8623046875,326.6747741699219,-174.6051956715757,0.0,0.0,16.23017120361328,7,2,2,38,17,109,78,28,4,17,2,4,72,1,0,-1137.0230151363885,-5492.862106057004,-174.6051956715757,0,0,0,0,0,0
46.9166478999966,-1139.1468505859375,-5493.09130859375,326.8512878417969,-174.6034134504452,0.0,0.0,9.484049797058105,7,2,2,38,17,109,78,28,4,17,2,4,72,1,0,-1139.1467974873624,-5493.091537352064,-174.6034134504452,0,0,0,0,0,0
47.08331449999658,-1140.151611328125,-5493.18701171875,326.9349670410156,-174.60195768491081,0.0,0.0,2.9711053371429443,7,2,2,38,17,109,78,28,4,17,2,4,72,1,0,-1140.151594914137,-5493.186842046201,-174.60195768491081,0,0,0,0,0,0
47.24998109999657,-1140.118408203125,-5493.1875,326.9063720703125,-174.6003211221675,0.0,0.0,3.009491205215454,7,2,2,38,17,109,78,28,4,17,2,4,72,1,0,-1140.1184110530364,-5493.187492110732,-174.6003211221675,0,0,0,0,0,0
47.374981049996556,-1139.4718017578125,-5493.1337890625,326.865234375,-174.59841772775036,0.0,0.0,7.018551349639893,7,2,2,38,17,109,78,28,4,17,2,4,72,1,0,-1139.4718028309464,-5493.133948224845,-174.59841772775036,0,0,0,0,0,0
47.58331429999654,-1137.3985595703125,-5492.9443359375,326.7428283691406,-174.59448379882951,0.0,0.0,12.364913940429688,7,2,2,38,17,109,78,28,4,17,2,4,72,1,0,-1137.3985809243075,-5492.9441246825445,-174.59448379882951,0,0,0,0,0,0
47.79164754999652,-1134.4237060546875,-5492.654296875,326.5521545410156,-174.59050541637697,0.0,0.0,15.767990112304688,7,2,2,38,17,109,78,28,4,17,2,4,72,1,0,-1134.4236559321705,-5492.654519384964,-174.59050541637697,0,0,0,0,0,0
47.958314149996504,-1131.61181640625,-5492.3916015625,326.45068359375,-174.58842910129394,0.0,0.0,17.921802520751953,7,2,2,38,17,109,78,28,4,17,2,4,72,1,0,-1131.611856973856,-5492.391716462808,-174.58842910129394,0,0,0,0,0,0
48.166647399996485,-1127.56591796875,-5492.021484375,326.322998046875,-174.58770099375192,0.0,0.0,21.029386520385742,7,2,2,38,17,109,78,28,4,17,2,4,72,1,0,-1127.5658877888904,-5492.021643415863,-174.58770099375192,0,0,0,0,0,0
48.20831404999648,-1126.6751708984375,-5491.93896484375,326.2832946777344,-174.58785664083177,0.0,0.0,21.722862243652344,7,2,2,38,17,109,78,28,4,17,2,4,72,1,0,-1126.675183159594,-5491.939028660503,-174.58785664083177,0,0,0,0,0,0
48.374980649996466,-1122.828369140625,-5491.58642578125,326.0948486328125,-174.58970514251763,0.0,0.0,24.46782684326172,7,2,2,38,17,109,78,28,4,17,2,4,72,1,0,-1122.8283234558498,-5491.586203706977,-174.58970514251763,0,0,0,0,0,0
48.41664729999646,-1121.7989501953125,-5491.4931640625,326.0438537597656,-174.59048214824628,0.0,0.0,25.073396682739258,7,2,2,38,17,109,78,28,4,17,2,4,72,1,0,-1121.7990001500295,-5491.493161369198,-174.59048214824628,0,0,0,0,0,0
48.45831394999646,-1120.7474365234375,-5491.39892578125,325.9931945800781,-174.59138299172045,0.0,0.0,25.5526065826416,7,2,2,38,17,109,78,28,4,17,2,4,72,1,0,-1120.7474356503765,-5491.398784133249,-174.59138299172045,0,0,0,0,0,0
48.58331389999645,-1117.50732421875,-5491.107421875,325.86407470703125,-174.59362188651787,0.0,0.0,26.430103302001953,7,2,2,38,17,109,78,28,4,17,2,4,72,1,0,-1117.5072997235354,-5491.107662454746,-174.59362188651787,0,0,0,0,0,0
48.74998049999643,-1113.0142822265625,-5490.66943359375,325.7528991699219,-174.59575417767095,0.0,0.0,27.618906021118164,7,2,2,38,17,109,78,28,4,17,2,4,72,1,0,-1113.0142541274101,-5490.669305405082,-174.59575417767095,0,0,0,0,0,0
48.91664709999642,-1108.3485107421875,-5490.20166015625,325.6376037597656,-174.59862255641642,0.0,0.0,28.42630958557129,7,2,2,38,17,109,78,28,4,17,2,4,72,1,0,-1108.3485624241418,-5490.201466191721,-174.59862255641642,0,0,0,0,0,0
48.99998039999641,-1105.970947265625,-5489.9736328125,325.5799560546875,-174.6000183674741,0.0,0.0,28.731731414794922,7,2,2,38,17,109,78,28,4,17,2,4,72,1,0,-1105.9709544741243,-5489.9737635516385,-174.6000183674741,0,0,0,0,0,0
49.041647049996406,-1104.7711181640625,-5489.8603515625,325.55029296875,-174.60074858769704,0.0,0.0,28.93024444580078,7,2,2,38,17,109,78,28,4,17,2,4,72,1,0,-1104.771155759815,-5489.86022554312,-174.60074858769704,0,0,0,0,0,0
49.20831364999639,-1099.8607177734375,-5489.37841796875,325.39013671875,-174.60460692861145,0.0,0.0,30.295488357543945,7,2,2,38,17,109,78,28,4,17,2,4,72,1,0,-1099.860724753707,-5489.378237527304,-174.60460692861145,0,0,0,0,0,0
49.33331359999638,-1096.0272216796875,-5488.97705078125,325.2105712890625,-174.60830335243764,0.0,0.0,31.410036087036133,7,2,2,38,17,109,78,28,4,17,2,4,72,1,0,-1096.027260102098,-5488.976822805233,-174.60830335243764,0,0,0,0,0,0
49.41664689999637,-1093.4078369140625,-5488.69970703125,325.0857238769531,-174.61113669937805,0.0,0.0,31.896499633789062,7,2,2,38,17,109,78,28,4,17,2,4,72,1,0,-1093.4078581325518,-5488.699711617884,-174.61113669937805,0,0,0,0,0,0
49.54164684999636,-1089.4569091796875,-5488.27099609375,324.9950866699219,-174.61658346295954,0.0,0.0,32.00101852416992,7,2,2,38,17,109,78,28,4,17,2,4,72,1,0,-1089.4569000903525,-5488.271216988262,-174.61658346295954,0,0,0,0,0,0
49.66664679999635,-1085.4947509765625,-5487.85888671875,324.97705078125,-174.61788350219197,0.0,0.0,32.04667282104492,7,2,2,38,17,109,78,28,4,17,2,4,72,1,0,-1085.4948058465864,-5487.858878680814,-174.61788350219197,0,0,0,0,0,0
49.79164674999634,-1081.4969482421875,-5487.4873046875,324.9198913574219,-174.61574526226607,0.0,0.0,32.363136291503906,7,2,2,38,17,109,78,28,4,17,2,4,72,1,0,-1081.496926176101,-5487.487345686809,-174.61574526226607,0,0,0,0,0,0
49.87498004999633,-1078.7982177734375,-5487.2509765625,324.83673095703125,-174.61348409686917,0.0,0.0,32.70809555053711,7,2,2,38,17,109,78,28,4,17,2,4,72,1,0,-1078.7982739745908,-5487.250758667613,-174.61348409686917,0,0,0,0,0,0
50.08331329999631,-1071.902587890625,-5486.64794921875,324.5595397949219,-174.60863524381966,0.0,0.0,33.51776123046875,7,2,2,38,17,109,78,28,4,17,2,4,72,1,0,-1071.9025925172664,-5486.647853700389,-174.60863524381966,0,0,0,0,0,0
50.291646549996294,-1064.9725341796875,-5486.03369140625,324.32916259765625,-174.60553784570547,0.0,0.0,33.311580657958984,7,2,2,38,17,109,78,28,4,17,2,4,72,1,0,-1064.9725870590942,-5486.033507621243,-174.60553784570547,0,0,0,0,0,0
50.499979799996275,-1058.1302490234375,-5485.35546875,324.2221374511719,-174.60885420476484,0.0,0.0,32.8643684387207,7,2,2,38,17,109,78,28,4,17,2,4,72,1,0,-1058.1302021340844,-5485.355477994681,-174.60885420476484,0,0,0,0,0,0
50.624979749996264,-1054.054443359375,-5484.93505859375,324.11810302734375,-174.61652512577004,0.0,0.0,32.89833450317383,7,2,2,38,17,109,78,28,4,17,2,4,72,1,0,-1054.0544758679341,-5484.935124707133,-174.61652512577004,0,0,0,0,0,0
50.708313049996256,-1051.31103515625,-5484.65185546875,324.02911376953125,-174.619905395176,0.0,0.0,33.15435791015625,8,2,2,38,17,109,78,28,4,17,2,4,72,1,0,-1051.311023331267,-5484.652004560295,-174.619905395176,0,0,0,0,0,0
50.91664629999624,-1044.3057861328125,-5483.93310546875,323.804931640625,-174.6165826345632,0.0,0.0,33.79151916503906,8,2,2,38,17,109,78,28,4,17,2,4,72,1,0,-1044.3057711199574,-5483.932967161809,-174.6165826345632,0,0,0,0,0,0
51.12497954999622,-1037.6192626953125,-5483.27392578125,323.71368408203125,-174.62346836125784,0.0,0.0,30.806041717529297,8,2,2,38,17,109,78,28,4,17,2,4,72,1,0,-1037.619264194598,-5483.273835219856,-174.62346836125784,0,0,0,0,0,0
51.3333127999962,-1031.40625,-5482.54150390625,323.6902770996094,-174.64426361337644,0.0,0.0,29.990100860595703,8,2,2,38,17,109,78,28,4,17,2,4,72,1,0,-1031.406273284935,-5482.5413075200195,-174.64426361337644,0,0,0,0,0,0
51.499979399996185,-1026.2584228515625,-5481.99609375,323.4705505371094,-174.64987745571662,0.0,0.0,32.41180419921875,8,2,2,38,17,109,78,28,4,17,2,4,72,1,0,-1026.2584338701977,-5481.996061940301,-174.64987745571662,0,0,0,0,0,0
51.54164604999618,-1024.8900146484375,-5481.86767578125,323.3839111328125,-174.6493592238027,0.0,0.0,33.271156311035156,8,2,2,38,17,109,78,28,4,17,2,4,72,1,0,-1024.890026896323,-5481.8674884819075,-174.6493592238027,0,0,0,0,0,0
51.74997929999616,-1017.5789184570312,-5481.169921875,322.8465576171875,-174.64537775706512,0.0,0.0,36.26693344116211,8,2,2,38,17,109,78,28,4,17,2,4,72,1,0,-1017.5789073619459,-5481.169730704623,-174.64537775706512,0,0,0,0,0,0
51.91664589999615,-1011.4530029296875,-5480.5947265625,322.5631408691406,-174.6459855898413,0.0,0.0,37.491477966308594,8,2,2,38,17,109,78,28,4,17,2,4,72,1,0,-1011.4530003203736,-5480.594667024219,-174.6459855898413,0,0,0,0,0,0
52.08331249999613,-1005.1389770507812,-5479.970703125,322.3562316894531,-174.64290209583172,0.0,0.0,38.691078186035156,8,2,2,38,17,109,78,28,4,17,2,4,72,1,0,-1005.1389959923895,-5479.970472557963,-174.64290209583172,0,0,0,0,0,0
52.24997909999612,-998.729248046875,-5479.26904296875,321.9069519042969,-174.6400494091147,0.0,0.0,39.14259338378906,8,2,2,38,17,109,78,28,4,17,2,4,72,1,0,-998.7292316485717,-5479.26880345958,-174.6400494091147,0,0,0,0,0,0
52.37497904999611,-993.73486328125,-5478.82763671875,321.7355041503906,-174.64359763038507,0.0,0.0,40.4127311706543,8,2,2,38,17,109,78,28,4,17,2,4,72,1,0,-993.7348548631693,-5478.827458448902,-174.64359763038507,0,0,0,0,0,0
52.54164564999609,-986.9439697265625,-5478.27392578125,321.5807800292969,-174.65068109192615,0.0,0.0,41.279937744140625,8,2,2,38,17,109,78,28,4,17,2,4,72,1,0,-986.9439533514715,-5478.273800813819,-174.65068109192615,0,0,0,0,0,0
52.66664559999608,-981.7591552734375,-5477.7568359375,321.29962158203125,-174.6542633633817,0.0,0.0,42.37671661376953,8,2,2,38,17,109,78,28,4,17,2,4,72,1,0,-981.7591531289249,-5477.756944947245,-174.6542633633817,0,0,0,0,0,0
52.79164554999607,-976.4459228515625,-5477.1884765625,320.97137451171875,-174.65793267369057,0.0,0.0,43.2667236328125,8,2,2,38,17,109,78,28,4,17,2,4,72,1,0,-976.4459014288858,-5477.188352074,-174.65793267369057,0,0,0,0,0,0
52.91664549999606,-971.0885620117188,-5476.62451171875,320.7864074707031,-174.66162532610352,0.0,0.0,43.60800552368164,8,2,2,38,17,109,78,28,4,17,2,4,72,1,0,-971.0885504187202,-5476.6247457603495,-174.66162532610352,0,0,0,0,0,0
53.08331209999604,-963.8175659179688,-5475.93310546875,320.59283447265625,-174.65678918103458,0.0,0.0,44.42429733276367,8,2,2,38,17,109,78,28,4,17,2,4,72,1,0,-963.8175898522039,-5475.933296215013,-174.65678918103458,0,0,0,0,0,0
53.20831204999603,-958.2506103515625,-5475.43505859375,320.3022766113281,-174.65218255865716,0.0,0.0,45.04435348510742,8,2,2,38,17,109,78,28,4,17,2,4,72,1,0,-958.2505843812967,-5475.435166190957,-174.65218255865716,0,0,0,0,0,0
53.41664529999601,-948.9066162109375,-5474.6298828125,319.8799743652344,-174.64252012850912,0.0,0.0,45.24122619628906,8,2,2,38,17,109,78,28,4,17,2,4,72,1,0,-948.906591174763,-5474.62970514835,-174.64252012850912,0,0,0,0,0,0
53.541645249996,-943.30859375,-5474.1181640625,319.7734680175781,-174.63519700691964,0.0,0.0,45.17487716674805,8,2,2,38,17,109,78,28,4,17,2,4,72,1,0,-943.3085683410341,-5474.11829252999,-174.63519700691964,0,0,0,0,0,0
53.66664519999599,-937.7252807617188,-5473.60986328125,319.64324951171875,-174.62780820015053,0.0,0.0,44.950416564941406,8,2,2,38,17,109,78,28,4,17,2,4,72,1,0,-937.7252683749538,-5473.609857109484,-174.62780820015053,0,0,0,0,0,0
53.79164514999598,-932.1685791015625,-5473.06884765625,319.3992614746094,-174.6079638793854,0.0,0.0,44.980430603027344,8,2,2,38,17,109,78,28,4,17,2,4,72,1,0,-932.1685641216518,-5473.069077695074,-174.6079638793854,0,0,0,0,0,0
53.958311749995964,-925.313232421875,-5472.447265625,319.0755615234375,-174.6039584942178,0.0,0.0,38.917457580566406,8,2,2,38,17,109,78,28,4,17,2,4,72,1,0,-925.3132305812363,-5472.447407715642,-174.6039584942178,0,0,0,0,0,0
54.04164504999596,-922.1157836914062,-5472.05810546875,319.139892578125,-174.60974441602625,0.0,0.0,37.626800537109375,8,2,2,38,17,109,78,28,4,17,2,4,72,1,0,-922.115770708019,-5472.05789836304,-174.60974441602625,0,0,0,0,0,0
54.20831164999594,-915.9271240234375,-5471.25830078125,319.19232177734375,-174.6247044423294,0.0,0.0,37.42367935180664,8,2,2,38,17,110,79,28,4,17,2,4,73,1,0,-915.9271101691719,-5471.258376113654,-174.6247044423294,0,0,0,0,0,0
54.37497824999593,-909.461669921875,-5470.609375,318.68524169921875,-174.63084423772585,0.0,0.0,40.986793518066406,8,2,2,38,17,110,79,28,4,17,2,4,73,1,0,-909.4616969721857,-5470.609606433331,-174.63084423772585,0,0,0,0,0,0
54.54164484999591,-902.3820190429688,-5469.8935546875,318.127685546875,-174.63028683409598,0.0,0.0,44.04835510253906,8,2,2,38,17,110,79,28,4,17,2,4,73,1,0,-902.3820083210927,-5469.893730843666,-174.63028683409598,0,0,0,0,0,0
54.7083114499959,-895.0208740234375,-5469.150390625,317.80255126953125,-174.62630984619,0.0,0.0,45.539031982421875,8,2,2,38,17,110,79,28,4,17,2,4,73,1,0,-895.020862464568,-5469.150298220511,-174.62630984619,0,0,0,0,0,0
54.87497804999588,-887.3158569335938,-5468.486328125,317.50970458984375,-174.62019553386546,0.0,0.0,47.14519500732422,8,2,2,38,17,110,79,28,4,17,2,4,73,1,0,-887.3158789371524,-5468.486364980216,-174.62019553386546,0,0,0,0,0,0
55.08331129999586,-877.3800659179688,-5467.55908203125,317.0426330566406,-174.62090279663366,0.0,0.0,48.497501373291016,8,2,2,38,17,110,79,28,4,17,2,4,73,1,0,-877.3800692446466,-5467.558901584845,-174.62090279663366,0,0,0,0,0,0
55.24997789999585,-869.2312622070312,-5466.7939453125,316.7587890625,-174.62672763247173,0.0,0.0,50.06007385253906,8,2,2,38,17,110,79,28,4,17,2,4,73,1,0,-869.2312691221101,-5466.793903755322,-174.62672763247173,0,0,0,0,0,0
55.41664449999583,-860.8796997070312,-5466.03466796875,316.28472900390625,-174.6404921521505,0.0,0.0,50.9847526550293,8,2,2,38,17,110,79,28,4,17,2,4,73,1,0,-860.8797065783948,-5466.034700591512,-174.6404921521505,0,0,0,0,0,0
55.54164444999582,-854.723388671875,-5465.5224609375,315.9845275878906,-174.6563521892605,0.0,0.0,49.660255432128906,8,2,2,38,17,110,79,28,4,17,2,4,73,1,0,-854.7233620130346,-5465.522296528322,-174.6563521892605,0,0,0,0,0,0
55.66664439999581,-848.5565795898438,-5464.8935546875,315.6937255859375,-174.6686466896187,0.0,0.0,50.19319152832031,8,2,2,38,17,110,79,28,4,17,2,4,73,1,0,-848.5565774963445,-5464.893376639655,-174.6686466896187,0,0,0,0,0,0
55.7499776999958,-844.3472290039062,-5464.416015625,315.4591979980469,-174.67727128455954,0.0,0.0,51.12924575805664,8,2,2,38,17,110,79,28,4,17,2,4,73,1,0,-844.3472355026978,-5464.416199224643,-174.67727128455954,0,0,0,0,0,0
55.958310949995784,-833.612060546875,-5463.330078125,314.7652587890625,-174.6904256570851,0.0,0.0,52.78024673461914,8,2,2,38,17,110,79,28,4,17,2,4,73,1,0,-833.6120586784707,-5463.330291904324,-174.6904256570851,0,0,0,0,0,0
56.08331089999577,-827.0228271484375,-5462.7158203125,314.44073486328125,-174.68793198141313,0.0,0.0,53.688194274902344,8,2,2,38,17,110,79,28,4,17,2,4,73,1,0,-827.0228548266251,-5462.715748509329,-174.68793198141313,0,0,0,0,0,0
56.20831084999576,-820.3212890625,-5462.09423828125,314.1872253417969,-174.68064217594272,0.0,0.0,54.39519119262695,8,2,2,38,17,110,79,28,4,17,2,4,73,1,0,-820.3212910162845,-5462.094445781285,-174.68064217594272,0,0,0,0,0,0
56.33331079999575,-813.5623779296875,-5461.48876953125,313.9426574707031,-174.6706190370732,0.0,0.0,54.38420104980469,8,2,2,38,17,110,79,28,4,17,2,4,73,1,0,-813.5623967853521,-5461.488541498141,-174.6706190370732,0,0,0,0,0,0
56.499977399995736,-804.8820190429688,-5460.69287109375,313.8759765625,-174.65917024302917,0.0,0.0,51.11222839355469,8,2,2,38,17,110,79,28,4,17,2,4,73,1,0,-804.8820014186484,-5460.692662936956,-174.65917024302917,0,0,0,0,0,0
56.58331069999573,-800.6493530273438,-5460.2763671875,313.832763671875,-174.65689304931357,0.0,0.0,51.0546760559082,8,2,2,38,17,110,79,28,4,17,2,4,73,1,0,-800.6493593313018,-5460.27619079492,-174.65689304931357,0,0,0,0,0,0
56.74997729999571,-791.9913940429688,-5459.45751953125,313.279296875,-174.64277041534947,0.0,0.0,53.66438674926758,8,2,2,38,17,111,79,28,4,17,2,4,74,1,0,-791.9914050899789,-5459.457440654965,-174.64277041534947,0,0,0,0,0,0
56.8749772499957,-785.2041015625,-5458.8408203125,312.6482238769531,-174.6327279705685,0.0,0.0,55.71639633178711,8,2,2,38,17,111,79,28,4,17,2,4,74,1,0,-785.2041096208428,-5458.840672942342,-174.6327279705685,0,0,0,0,0,0
56.99997719999569,-778.275390625,-5458.21728515625,312.203857421875,-174.62396940281198,0.0,0.0,56.52122497558594,8,2,2,38,17,111,79,28,4,17,2,4,74,1,0,-778.275368133044,-5458.2174658583845,-174.62396940281198,0,0,0,0,0,0
57.166643799995676,-768.8960571289062,-5457.37158203125,312.0072021484375,-174.59994904539153,0.0,0.0,57.45573806762695,8,2,2,38,17,111,79,28,4,17,2,4,74,1,0,-768.8960771937786,-5457.371582677733,-174.59994904539153,0,0,0,0,0,0
57.291643749995664,-761.7030639648438,-5456.7880859375,311.7304382324219,-174.57683066356694,0.0,0.0,58.032196044921875,8,2,2,38,17,111,79,28,4,17,2,4,74,1,0,-761.7030685851097,-5456.788173954149,-174.57683066356694,0,0,0,0,0,0
57.37497704999566,-756.8736572265625,-5456.42578125,311.49267578125,-174.56342649091735,0.0,0.0,58.36669921875,8,2,2,38,17,111,79,28,4,17,2,4,74,1,0,-756.873681224532,-5456.425821772174,-174.56342649091735,0,0,0,0,0,0
57.58331029999564,-744.66943359375,-5455.34619140625,310.7929382324219,-174.54820300879916,0.0,0.0,59.953887939453125,8,2,2,38,17,111,79,28,4,17,2,4,74,1,0,-744.6694209580643,-5455.345984348518,-174.54820300879916,0,0,0,0,0,0
57.79164354999562,-732.0912475585938,-5454.0771484375,310.0770263671875,-174.5685505133761,0.0,0.0,61.88568878173828,8,2,2,38,17,111,79,28,4,17,2,4,74,1,0,-732.0912502936362,-5454.077379844617,-174.5685505133761,0,0,0,0,0,0
57.958310149995604,-721.8262939453125,-5453.0419921875,309.4333190917969,-174.61352394013943,0.0,0.0,62.646644592285156,8,2,2,38,17,111,79,28,4,17,2,4,74,1,0,-721.8263121694753,-5453.041753256973,-174.61352394013943,0,0,0,0,0,0
58.166643399995586,-708.826904296875,-5451.44189453125,308.6759033203125,-174.67395938732173,0.0,0.0,63.640682220458984,8,2,2,38,17,111,79,28,4,17,2,4,74,1,0,-708.8269089156151,-5451.442065198474,-174.67395938732173,0,0,0,0,0,0
58.20831004999558,-706.20703125,-5451.1240234375,308.5736389160156,-174.68577558355452,0.0,0.0,63.804771423339844,8,2,2,38,17,111,79,28,4,17,2,4,74,1,0,-706.2070238042423,-5451.123785204365,-174.68577558355452,0,0,0,0,0,0
58.41664329999556,-693.120849609375,-5449.56201171875,308.0847473144531,-174.75237626978608,0.0,0.0,62.35197067260742,8,2,2,38,17,111,79,28,4,17,2,4,74,1,0,-693.1208354453075,-5449.56207689692,-174.75237626978608,0,0,0,0,0,0
58.58330989999555,-682.9653930664062,-5448.26416015625,307.8481140136719,-174.81302250950662,0.0,0.0,61.28202819824219,8,2,2,38,17,111,79,28,4,17,2,4,74,1,0,-682.965419482126,-5448.264210930666,-174.81302250950662,0,0,0,0,0,0
58.74997649999553,-672.6976928710938,-5446.95703125,307.1659240722656,-174.8773002415143,0.0,0.0,63.407928466796875,9,2,2,38,17,113,80,28,4,17,2,4,75,1,0,-672.6976626595674,-5446.956794803214,-174.8773002415143,0,0,0,0,0,0
58.91664309999552,-662.145263671875,-5445.70654296875,306.3002014160156,-174.94896966719884,0.0,0.0,64.54605865478516,9,2,2,38,17,113,80,28,4,17,2,4,75,1,0,-662.1452484794762,-5445.706380608468,-174.94896966719884,0,0,0,0,0,0
59.04164304999551,-654.1146850585938,-5444.65380859375,305.9063720703125,-175.0016984611214,0.0,0.0,65.11672973632812,9,2,2,38,17,113,80,28,4,17,2,4,75,1,0,-654.1146965790712,-5444.653867044742,-175.0016984611214,0,0,0,0,0,0
59.24997629999549,-640.6702880859375,-5443.09228515625,305.502685546875,-175.07656441638073,0.0,0.0,65.11078643798828,9,2,2,38,17,113,80,28,4,17,2,4,75,1,0,-640.6702940653204,-5443.092365770062,-175.07656441638073,0,0,0,0,0,0
59.37497624999548,-632.5947875976562,-5442.208984375,305.0771484375,-175.115393570157,0.0,0.0,65.6497802734375,9,2,2,38,17,113,80,28,4,17,2,4,75,1,0,-632.5947901757959,-5442.208779340159,-175.115393570157,0,0,0,0,0,0
59.499976199995466,-624.4757690429688,-5441.2890625,304.4862060546875,-175.14918399829006,0.0,0.0,65.99081420898438,9,2,2,38,17,113,80,28,4,17,2,4,75,1,0,-624.4757911322665,-5441.289210427019,-175.14918399829006,0,0,0,0,0,0
59.624976149995454,-616.3255004882812,-5440.41845703125,304.0777587890625,-175.17820713468785,0.0,0.0,65.93052673339844,9,2,2,38,17,113,80,28,4,17,2,4,75,1,0,-616.325523130266,-5440.418260771305,-175.17820713468785,0,0,0,0,0,0
59.70830944999545,-610.8662719726562,-5439.8876953125,303.9269104003906,-175.19630342423088,0.0,0.0,65.96174621582031,9,2,2,38,17,113,80,28,4,17,2,4,75,1,0,-610.8662763890102,-5439.887679040798,-175.19630342423088,0,0,0,0,0,0
59.87497604999543,-599.9387817382812,-5438.939453125,303.4033203125,-175.23465577184143,0.0,0.0,66.23114013671875,9,2,2,38,17,113,80,28,4,17,2,4,75,1,0,-599.9387609080061,-5438.939629607865,-175.23465577184143,0,0,0,0,0,0
60.08330929999541,-586.2483520507812,-5437.60986328125,302.4360046386719,-175.2743300946894,0.0,0.0,66.61561584472656,9,2,2,38,17,113,80,28,4,17,2,4,75,1,0,-586.2483684735934,-5437.609950978985,-175.2743300946894,0,0,0,0,0,0
60.2083092499954,-578.0526123046875,-5436.81689453125,302.163818359375,-175.2945957177363,0.0,0.0,65.70011138916016,9,2,2,38,17,113,80,28,4,17,2,4,75,1,0,-578.0526366629703,-5436.816704931874,-175.2945957177363,0,0,0,0,0,0
60.37497584999539,-567.1864624023438,-5435.681640625,301.8232727050781,-175.3139538170195,0.0,0.0,65.16291809082031,9,2,2,38,17,113,80,28,4,17,2,4,75,1,0,-567.1864654770352,-5435.681795727577,-175.3139538170195,0,0,0,0,0,0
60.499975799995376,-559.058837890625,-5434.8896484375,301.2986755371094,-175.32592491328808,0.0,0.0,66.11722564697266,10,2,2,38,17,114,80,28,4,17,2,4,76,1,0,-559.0588392442941,-5434.889634297802,-175.32592491328808,0,0,0,0,0,0
60.624975749995365,-550.801025390625,-5434.1806640625,300.5815734863281,-175.33644932450022,0.0,0.0,67.77156829833984,10,2,2,38,17,114,80,28,4,17,2,4,76,1,0,-550.8010348105558,-5434.180594633142,-175.33644932450022,0,0,0,0,0,0
60.70830904999536,-545.2078857421875,-5433.72802734375,300.0838317871094,-175.34295226955186,0.0,0.0,68.39004516601562,10,2,2,38,17,114,80,28,4,17,2,4,76,1,0,-545.2078570258573,-5433.728071656136,-175.34295226955186,0,0,0,0,0,0
60.91664229999534,-531.191650390625,-5432.361328125,299.29791259765625,-175.35177103696378,0.0,0.0,65.28387451171875,10,2,2,38,17,114,80,28,4,17,2,4,76,1,0,-531.1916199727136,-5432.361212906089,-175.35177103696378,0,0,0,0,0,0
61.04164224999533,-523.0660400390625,-5431.64501953125,299.0826110839844,-175.34224952195234,0.0,0.0,65.81836700439453,10,2,2,38,17,114,80,28,4,17,2,4,76,1,0,-523.0660319573551,-5431.64503159497,-175.34224952195234,0,0,0,0,0,0
61.166642199995316,-514.9041137695312,-5431.04541015625,298.6143798828125,-175.33328578203592,0.0,0.0,66.55023193359375,10,2,2,38,17,114,80,28,4,17,2,4,76,1,0,-514.9040973354489,-5431.0455357055525,-175.33328578203592,0,0,0,0,0,0
61.291642149995305,-506.6922607421875,-5430.41748046875,298.0167236328125,-175.31803165535314,0.0,0.0,66.27503967285156,10,2,2,38,17,114,80,28,4,17,2,4,76,1,0,-506.69226864777875,-5430.417367901504,-175.31803165535314,0,0,0,0,0,0
61.41664209999529,-498.47113037109375,-5429.693359375,297.6687927246094,-175.31320849650356,0.0,0.0,66.64771270751953,10,2,2,38,17,114,80,28,4,17,2,4,76,1,0,-498.471120730507,-5429.6932533443705,-175.31320849650356,0,0,0,0,0,0
61.54164204999528,-490.10546875,-5428.99609375,297.3147888183594,-175.31051021133615,0.0,0.0,67.28177642822266,10,2,2,38,17,114,80,28,4,17,2,4,76,1,0,-490.10546716809023,-5428.996167112896,-175.31051021133615,0,0,0,0,0,0
61.74997529999526,-476.1632080078125,-5428.0439453125,296.5380554199219,-175.30389201261815,0.0,0.0,67.56938934326172,10,2,2,38,17,114,80,28,4,17,2,4,76,1,0,-476.16322123758516,-5428.043783479332,-175.30389201261815,0,0,0,0,0,0
61.87497524999525,-467.8972473144531,-5427.45654296875,296.06121826171875,-175.29786400957323,0.0,0.0,67.0610122680664,10,2,2,38,17,114,80,28,4,17,2,4,76,1,0,-467.89726138756794,-5427.456712939299,-175.29786400957323,0,0,0,0,0,0
62.04164184999524,-456.8027038574219,-5426.6044921875,295.70184326171875,-175.26755588925397,0.0,0.0,66.47234344482422,10,2,2,38,17,114,80,28,4,17,2,4,76,1,0,-456.80270737790056,-5426.604663937841,-175.26755588925397,0,0,0,0,0,0
62.20830844999522,-445.62091064453125,-5425.68408203125,294.96136474609375,-175.2497969944243,0.0,0.0,67.84748840332031,10,2,2,38,17,114,80,28,4,17,2,4,76,1,0,-445.62091003158787,-5425.68430676043,-175.2497969944243,0,0,0,0,0,0
62.37497504999521,-434.19091796875,-5424.8017578125,293.8910827636719,-175.2535394153786,0.0,0.0,70.44374084472656,10,2,2,38,17,116,81,28,4,17,2,4,77,1,0,-434.19090811089467,-5424.8017183511465,-175.2535394153786,0,0,0,0,0,0
62.58330829999519,-419.432861328125,-5423.404296875,292.7152404785156,-175.281415771431,0.0,0.0,71.86097717285156,10,2,2,38,17,116,81,28,4,17,2,4,77,1,0,-419.43285380106863,-5423.404423707056,-175.281415771431,0,0,0,0,0,0
62.70830824999518,-410.5068359375,-5422.45556640625,292.5052185058594,-175.30377158543322,0.0,0.0,71.03453826904297,10,2,2,38,17,116,81,28,4,17,2,4,77,1,0,-410.5068482115259,-5422.455452712657,-175.30377158543322,0,0,0,0,0,0
62.87497484999516,-398.6997985839844,-5421.16064453125,291.945068359375,-175.33767537187308,0.0,0.0,71.77572631835938,10,2,2,38,17,116,81,28,4,17,2,4,77,1,0,-398.6997835372786,-5421.160761514077,-175.33767537187308,0,0,0,0,0,0
62.99997479999515,-389.88067626953125,-5420.26904296875,291.19464111328125,-175.3579453071521,0.0,0.0,71.48703002929688,10,2,2,38,17,116,81,28,4,17,2,4,77,1,0,-389.8806695160547,-5420.268913076992,-175.3579453071521,0,0,0,0,0,0
63.12497474999514,-380.9945373535156,-5419.37158203125,290.71417236328125,-175.38253990117312,0.0,0.0,72.08683013916016,10,2,2,38,17,116,81,28,4,17,2,4,77,1,0,-380.99452824459183,-5419.371682338869,-175.38253990117312,0,0,0,0,0,0
63.20830804999513,-374.9412536621094,-5418.828125,290.430419921875,-175.3891475272181,0.0,0.0,73.0606918334961,10,2,2,38,17,116,81,28,4,17,2,4,77,1,0,-374.9412397698865,-5418.827938307056,-175.3891475272181,0,0,0,0,0,0
63.41664129999511,-359.6203918457031,-5417.6376953125,289.3981628417969,-175.39896356002347,0.0,0.0,73.3228759765625,10,2,2,38,17,116,81,28,4,17,2,4,77,1,0,-359.62040173134756,-5417.637500653104,-175.39896356002347,0,0,0,0,0,0
63.5416412499951,-350.5931091308594,-5416.98681640625,289.03973388671875,-175.40063211327586,0.0,0.0,72.87821960449219,10,2,2,38,17,116,81,28,4,17,2,4,77,1,0,-350.5931190118811,-5416.986725970716,-175.40063211327586,0,0,0,0,0,0
63.66664119999509,-341.58404541015625,-5416.30029296875,288.6917724609375,-175.38686801979745,0.0,0.0,72.28857421875,10,2,2,38,17,116,81,28,4,17,2,4,77,1,0,-341.5840593814467,-5416.300273393826,-175.38686801979745,0,0,0,0,0,0
63.79164114999508,-332.5010986328125,-5415.51025390625,288.1481018066406,-175.37408721577052,0.0,0.0,72.61595916748047,10,2,2,38,17,116,81,28,4,17,2,4,77,1,0,-332.5011043356916,-5415.5102591182595,-175.37408721577052,0,0,0,0,0,0
63.91664109999507,-323.37811279296875,-5414.89111328125,287.34332275390625,-175.36531950346327,0.0,0.0,73.73568725585938,10,2,2,38,17,116,81,28,4,17,2,4,77,1,0,-323.3781131786028,-5414.890972347692,-175.36531950346327,0,0,0,0,0,0
64.04164104999506,-314.1335144042969,-5414.20458984375,286.43341064453125,-175.37346230769825,0.0,0.0,74.7640151977539,10,2,2,38,17,118,82,28,4,17,2,4,78,1,0,-314.13350057967386,-5414.204383386519,-175.37346230769825,0,0,0,0,0,0
64.24997429999505,-298.4524230957031,-5412.6220703125,285.4767150878906,-175.4072456335632,0.0,0.0,75.83257293701172,10,2,2,38,17,118,82,28,4,17,2,4,78,1,0,-298.452436406416,-5412.622168422968,-175.4072456335632,0,0,0,0,0,0
64.45830754999503,-282.687744140625,-5411.0146484375,284.7108459472656,-175.4560350633345,0.0,0.0,75.41271209716797,10,2,2,38,17,118,82,28,4,17,2,4,78,1,0,-282.6877579852691,-5411.014424235385,-175.4560350633345,0,0,0,0,0,0
64.62497414999501,-270.2601318359375,-5409.66357421875,283.857421875,-175.49971146524192,0.0,0.0,74.74654388427734,11,2,2,38,17,118,82,28,4,17,2,4,78,1,0,-270.2601379765331,-5409.663815176975,-175.49971146524192,0,0,0,0,0,0
64.791640749995,-257.76202392578125,-5408.43505859375,283.1761474609375,-175.53629995238128,0.0,0.0,75.768310546875,11,2,2,38,17,118,82,28,4,17,2,4,78,1,0,-257.7620252072069,-5408.435049522172,-175.53629995238128,0,0,0,0,0,0
64.87497404999499,-251.39105224609375,-5407.9169921875,282.7265930175781,-175.54794680377606,0.0,0.0,76.14820861816406,11,2,2,38,17,118,82,28,4,17,2,4,78,1,0,-251.39104921278954,-5407.916828280472,-175.54794680377606,0,0,0,0,0,0
65.08330729999497,-235.61495971679688,-5406.64697265625,281.78155517578125,-175.56846304649062,0.0,0.0,75.02459716796875,11,2,2,38,17,118,82,28,4,17,2,4,78,1,0,-235.61496553018992,-5406.6472093656,-175.56846304649062,0,0,0,0,0,0
65.24997389999496,-223.21978759765625,-5405.63427734375,281.492919921875,-175.56578593997537,0.0,0.0,74.08829498291016,11,2,2,38,17,118,82,28,4,17,2,4,78,1,0,-223.21978507444814,-5405.634238314389,-175.56578593997537,0,0,0,0,0,0
65.41664049999494,-210.86419677734375,-5404.57177734375,280.5087585449219,-175.56021371969592,0.0,0.0,73.70671844482422,11,2,2,38,17,118,82,28,4,17,2,4,78,1,0,-210.86418938320813,-5404.571918384918,-175.56021371969592,0,0,0,0,0,0
65.54164044999493,-201.76568603515625,-5404.03271484375,279.85137939453125,-175.54579566718226,0.0,0.0,73.43533325195312,11,2,2,38,17,118,82,28,4,17,2,4,78,1,0,-201.76568127190194,-5404.032829937136,-175.54579566718226,0,0,0,0,0,0
65.66664039999492,-192.519287109375,-5403.4287109375,279.2952575683594,-175.53635625464432,0.0,0.0,73.58563232421875,11,2,2,38,17,120,83,28,4,17,2,4,79,1,0,-192.5192801933939,-5403.42853627383,-175.53635625464432,0,0,0,0,0,0
65.70830704999491,-189.43540954589844,-5403.1669921875,279.11663818359375,-175.53612353048177,0.0,0.0,73.47666931152344,11,2,2,38,17,120,83,28,4,17,2,4,79,1,0,-189.43540397814667,-5403.167220146596,-175.53612353048177,0,0,0,0,0,0
65.9166402999949,-174.11085510253906,-5401.71044921875,278.26953125,-175.55725301958657,0.0,0.0,74.06480407714844,11,2,2,38,17,120,83,28,4,17,2,4,79,1,0,-174.11085521267722,-5401.710435329224,-175.55725301958657,0,0,0,0,0,0
66.12497354999488,-158.8786163330078,-5400.193359375,277.4056701660156,-175.59686835782918,0.0,0.0,71.79405212402344,11,2,2,38,17,120,83,28,4,17,2,4,79,1,0,-158.87861149687956,-5400.193409845841,-175.59686835782918,0,0,0,0,0,0
66.33330679999486,-143.94927978515625,-5398.60791015625,276.80511474609375,-175.6380634062075,0.0,0.0,71.86404418945312,11,2,2,38,17,120,83,28,4,17,2,4,79,1,0,-143.94928498852244,-5398.607945093384,-175.6380634062075,0,0,0,0,0,0
66.49997339999484,-131.8635711669922,-5397.5751953125,275.7425842285156,-175.66863597939056,0.0,0.0,72.34925079345703,11,2,2,38,17,120,83,28,4,17,2,4,79,1,0,-131.86356368909728,-5397.575386138096,-175.66863597939056,0,0,0,0,0,0
66.58330669999484,-125.87672424316406,-5397.09521484375,275.35150146484375,-175.68125229426363,0.0,0.0,71.66705322265625,11,2,2,38,17,120,83,28,4,17,2,4,79,1,0,-125.87672297374188,-5397.095438061759,-175.68125229426363,0,0,0,0,0,0
66.79163994999482,-111.1576919555664,-5395.8505859375,275.1194763183594,-175.69409756312896,0.0,0.0,69.67636108398438,11,2,2,38,17,120,83,28,4,17,2,4,79,1,0,-111.15769143720922,-5395.850751644046,-175.69409756312896,0,0,0,0,0,0
66.9583065499948,-99.46436309814453,-5394.80029296875,274.4151916503906,-175.6972623306761,0.0,0.0,69.91133117675781,11,2,2,38,17,120,83,28,4,17,2,4,79,1,0,-99.46436292037943,-5394.800078641271,-175.6972623306761,0,0,0,0,0,0
67.12497314999479,-87.86894226074219,-5393.94287109375,273.3328552246094,-175.7014128376249,0.0,0.0,69.5850830078125,11,2,2,38,17,120,83,28,4,17,2,4,79,1,0,-87.86894252274384,-5393.943103735866,-175.7014128376249,0,0,0,0,0,0
67.29163974999477,-76.4639892578125,-5393.2060546875,273.0919189453125,-175.6835498121954,0.0,0.0,67.72392272949219,11,2,2,38,17,122,84,28,4,17,2,4,80,1,0,-76.46399177543826,-5393.206019047206,-175.6835498121954,0,0,0,0,0,0
67.37497304999476,-70.78136444091797,-5392.82275390625,272.98016357421875,-175.6746870440961,0.0,0.0,67.31159210205078,11,2,2,38,17,122,84,28,4,17,2,4,80,1,0,-70.78136340613369,-5392.822975625981,-175.6746870440961,0,0,0,0,0,0
67.49997299999475,-62.32029724121094,-5392.14892578125,272.43328857421875,-175.6762468958431,0.0,0.0,67.453857421875,11,2,2,38,17,122,84,28,4,17,2,4,80,1,0,-62.32029872733964,-5392.149152261212,-175.6762468958431,0,0,0,0,0,0
67.66663959999474,-51.08824920654297,-5391.10498046875,271.51171875,-175.69515970453523,0.0,0.0,67.92609405517578,11,2,2,38,17,122,84,28,4,17,2,4,80,1,0,-51.08825031420812,-5391.10502455806,-175.69515970453523,0,0,0,0,0,0
67.79163954999473,-42.6175422668457,-5390.31396484375,271.17431640625,-175.71630974519113,0.0,0.0,66.8239974975586,11,2,2,38,17,122,84,28,4,17,2,4,80,1,0,-42.61754045564574,-5390.313820703608,-175.71630974519113,0,0,0,0,0,0
67.91663949999472,-34.38666915893555,-5389.43701171875,271.1683044433594,-175.74076863385005,0.0,0.0,65.1679916381836,11,2,2,38,17,122,84,28,4,17,2,4,80,1,0,-34.38666969188464,-5389.436925325933,-175.74076863385005,0,0,0,0,0,0
68.0416394499947,-26.15481185913086,-5388.62255859375,270.8365173339844,-175.76432658006465,0.0,0.0,66.05741119384766,11,2,2,38,17,122,84,28,4,17,2,4,80,1,0,-26.15481249960489,-5388.622423209025,-175.76432658006465,0,0,0,0,0,0
68.1666393999947,-17.788299560546875,-5387.85595703125,269.908935546875,-175.7909245793633,0.0,0.0,66.48213958740234,11,2,2,38,17,122,84,28,4,17,2,4,80,1,0,-17.788300064509556,-5387.856120388878,-175.7909245793633,0,0,0,0,0,0
68.24997269999469,-12.281846046447754,-5387.35693359375,269.3869934082031,-175.81017218003143,0.0,0.0,65.79364776611328,11,2,2,38,17,122,84,28,4,17,2,4,80,1,0,-12.281846243114556,-5387.357079580578,-175.81017218003143,0,0,0,0,0,0
68.45830594999467,1.260396957397461,-5386.26904296875,269.1620178222656,-175.8293520568371,0.0,0.0,64.60919189453125,11,2,2,38,17,122,84,28,4,17,2,4,80,1,0,1.260396999823106,-5386.269199221615,-175.8293520568371,0,0,0,0,0,0
68.62497254999465,12.127243041992188,-5385.3125,268.6520080566406,-175.8348642974917,0.0,0.0,65.25442504882812,11,2,2,38,17,122,84,28,4,17,2,4,80,1,0,12.127242604684266,-5385.312604017981,-175.8348642974917,0,0,0,0,0,0
68.74997249999464,20.228464126586914,-5384.6240234375,267.91497802734375,-175.83939955873902,0.0,0.0,63.923187255859375,11,2,2,38,17,122,84,28,4,17,2,4,80,1,0,20.228464728641626,-5384.623995317002,-175.83939955873902,0,0,0,0,0,0
68.87497244999463,28.209453582763672,-5384.0166015625,267.39385986328125,-175.84487238355985,0.0,0.0,64.01368713378906,11,2,2,38,17,122,84,28,4,17,2,4,80,1,0,28.209452697708127,-5384.016399937943,-175.84487238355985,0,0,0,0,0,0
68.99997239999462,36.215049743652344,-5383.40478515625,267.1118469238281,-175.84883002960527,0.0,0.0,63.77565383911133,11,2,2,38,17,122,84,28,4,17,2,4,80,1,0,36.2150510252899,-5383.404689696003,-175.84883002960527,0,0,0,0,0,0
69.04163904999461,38.848243713378906,-5383.20703125,267.0583801269531,-175.8490660668087,0.0,0.0,63.098751068115234,11,2,2,38,17,122,84,28,4,17,2,4,80,1,0,38.84824236079118,-5383.206935801677,-175.8490660668087,0,0,0,0,0,0
69.2083056499946,49.16801071166992,-5382.51904296875,266.8612976074219,-175.839988386206,0.0,0.0,61.63362121582031,11,2,2,38,17,123,84,28,4,17,2,4,81,1,0,49.16801192788163,-5382.519159237502,-175.839988386206,0,0,0,0,0,0
69.33330559999459,56.920616149902344,-5381.9658203125,266.31890869140625,-175.8386155131423,0.0,0.0,61.80524826049805,11,2,2,38,17,123,84,28,4,17,2,4,81,1,0,56.92061534221282,-5381.965967724486,-175.8386155131423,0,0,0,0,0,0
69.45830554999458,64.68396759033203,-5381.30859375,265.6874694824219,-175.854531344046,0.0,0.0,62.182586669921875,11,2,2,38,17,123,84,28,4,17,2,4,81,1,0,64.68396528400517,-5381.308550747252,-175.854531344046,0,0,0,0,0,0
69.62497214999456,75.0557861328125,-5380.31982421875,265.24591064453125,-175.8927090614986,0.0,0.0,62.29307556152344,11,2,2,38,17,123,84,28,4,17,2,4,81,1,0,75.05578803473364,-5380.319813457973,-175.8927090614986,0,0,0,0,0,0
69.83330539999454,87.9909439086914,-5378.9677734375,264.84759521484375,-175.964427460233,0.0,0.0,61.68817901611328,11,2,2,38,17,123,84,28,4,17,2,4,81,1,0,87.99094319388968,-5378.967927302316,-175.964427460233,0,0,0,0,0,0
69.91663869999454,93.15231323242188,-5378.4189453125,264.5389709472656,-175.9987915730568,0.0,0.0,61.497352600097656,11,2,2,38,17,123,84,28,4,17,2,4,81,1,0,93.15231088708833,-5378.419011754393,-175.9987915730568,0,0,0,0,0,0
70.12497194999452,106.1387939453125,-5377.08544921875,263.58636474609375,-176.07776900463338,0.0,0.0,61.97661590576172,11,2,2,38,17,123,84,28,4,17,2,4,81,1,0,106.13879107986195,-5377.085442078266,-176.07776900463338,0,0,0,0,0,0
70.2916385499945,116.40536499023438,-5376.013671875,263.19744873046875,-176.15108362437743,0.0,0.0,61.455833435058594,11,2,2,38,17,123,84,28,4,17,2,4,81,1,0,116.40536623633841,-5376.01371214493,-176.15108362437743,0,0,0,0,0,0
70.45830514999449,126.710693359375,-5374.92626953125,262.76068115234375,-176.2199956737866,0.0,0.0,61.89726638793945,11,2,2,38,17,123,84,28,4,17,2,4,81,1,0,126.710694945853,-5374.926365145331,-176.2199956737866,0,0,0,0,0,0
70.62497174999447,137.0897979736328,-5373.83740234375,261.8825988769531,-176.288738358887,0.0,0.0,62.37094497680664,11,2,2,38,17,123,84,28,4,17,2,4,81,1,0,137.08980449577652,-5373.837423937225,-176.288738358887,0,0,0,0,0,0
70.70830504999446,142.291259765625,-5373.3603515625,261.5499267578125,-176.32309156298237,0.0,0.0,62.73162841796875,11,2,2,38,17,123,84,28,4,17,2,4,81,1,0,142.29125747772883,-5373.360427046236,-176.32309156298237,0,0,0,0,0,0
70.91663829999445,155.36314392089844,-5372.146484375,261.0199279785156,-176.40388316825567,0.0,0.0,62.58616638183594,11,2,2,38,17,123,84,28,4,17,2,4,81,1,0,155.3631396606044,-5372.146489015011,-176.40388316825567,0,0,0,0,0,0
71.04163824999443,163.18980407714844,-5371.3896484375,260.6815490722656,-176.45075204827023,0.0,0.0,62.376869201660156,11,2,2,38,17,125,85,28,4,17,2,4,82,1,0,163.18980471377142,-5371.389780832986,-176.45075204827023,0,0,0,0,0,0
71.20830484999442,173.3374481201172,-5370.46875,260.2817077636719,-176.50746677540107,0.0,0.0,60.5229377746582,11,2,2,38,17,125,85,28,4,17,2,4,82,1,0,173.33745432076896,-5370.468829177794,-176.50746677540107,0,0,0,0,0,0
71.3749714499944,183.4293212890625,-5369.58544921875,259.86297607421875,-176.557492603301,0.0,0.0,60.44308090209961,11,2,2,38,17,125,85,28,4,17,2,4,82,1,0,183.42932201437802,-5369.585361022253,-176.557492603301,0,0,0,0,0,0
71.54163804999439,193.51283264160156,-5368.70849609375,259.2478942871094,-176.6112625802564,0.0,0.0,60.22491455078125,11,2,2,38,17,125,85,28,4,17,2,4,82,1,0,193.51283270219906,-5368.708457274967,-176.6112625802564,0,0,0,0,0,0
71.74997129999437,206.02166748046875,-5367.55712890625,258.768310546875,-176.68362247887163,0.0,0.0,60.14615249633789,11,2,2,38,17,125,85,28,4,17,2,4,82,1,0,206.02166874747036,-5367.557057989898,-176.68362247887163,0,0,0,0,0,0
71.87497124999436,213.51193237304688,-5366.86865234375,258.4195251464844,-176.73540724007128,0.0,0.0,59.02674102783203,11,2,2,38,17,125,85,28,4,17,2,4,82,1,0,213.5119284843657,-5366.868451447098,-176.73540724007128,0,0,0,0,0,0
71.99997119999435,220.7891387939453,-5366.15185546875,258.14910888671875,-176.78698115557077,0.0,0.0,57.759552001953125,11,2,2,38,17,125,85,28,4,17,2,4,82,1,0,220.78913885502232,-5366.151861055795,-176.78698115557077,0,0,0,0,0,0
72.16663779999433,230.4252471923828,-5365.2080078125,257.7864074707031,-176.86322184104068,0.0,0.0,58.100772857666016,11,2,2,38,17,125,85,28,4,17,2,4,82,1,0,230.42524403110153,-5365.207763712755,-176.86322184104068,0,0,0,0,0,0
72.33330439999432,240.14730834960938,-5364.1923828125,257.1673889160156,-176.9406190195871,0.0,0.0,57.790809631347656,11,2,2,38,17,125,85,28,4,17,2,4,82,1,0,240.147305889628,-5364.192513310902,-176.9406190195871,0,0,0,0,0,0
72.37497104999431,242.5626983642578,-5363.9287109375,257.0077819824219,-176.96045539166204,0.0,0.0,57.638023376464844,11,2,2,38,17,125,85,28,4,17,2,4,82,1,0,242.56269649431545,-5363.928604341525,-176.96045539166204,0,0,0,0,0,0
72.5833042999943,254.61851501464844,-5362.7802734375,256.32989501953125,-177.06532944581292,0.0,0.0,58.15947723388672,11,2,2,38,17,125,85,28,4,17,2,4,82,1,0,254.6185205160798,-5362.78021961228,-177.06532944581292,0,0,0,0,0,0
72.74997089999428,264.2923889160156,-5361.94775390625,255.9505157470703,-177.1448456005647,0.0,0.0,58.0042839050293,11,2,2,38,17,125,85,28,4,17,2,4,82,1,0,264.2923859205514,-5361.947862238154,-177.1448456005647,0,0,0,0,0,0
72.87497084999427,271.50048828125,-5361.26611328125,255.70018005371094,-177.20279529877433,0.0,0.0,57.26641845703125,11,2,2,38,17,125,85,28,4,17,2,4,82,1,0,271.50049672316993,-5361.266182681019,-177.20279529877433,0,0,0,0,0,0
72.99997079999426,278.3923034667969,-5360.68212890625,255.52484130859375,-177.2610724789208,0.0,0.0,54.52555465698242,11,2,2,38,17,125,85,28,4,17,2,4,82,1,0,278.3923066345203,-5360.682335058723,-177.2610724789208,0,0,0,0,0,0
73.12497074999425,285.0493469238281,-5360.123046875,255.33094787597656,-177.31300964174577,0.0,0.0,52.55116271972656,11,2,2,38,17,127,86,28,4,17,2,4,83,1,0,285.04934771024574,-5360.122811970285,-177.31300964174577,0,0,0,0,0,0
73.20830404999424,289.4479064941406,-5359.71240234375,255.13241577148438,-177.3493144726628,0.0,0.0,52.60116958618164,11,2,2,38,17,127,86,28,4,17,2,4,83,1,0,289.44791444199683,-5359.712356654197,-177.3493144726628,0,0,0,0,0,0
73.41663729999422,300.4017028808594,-5358.71142578125,254.60675048828125,-177.43414890061504,0.0,0.0,52.570960998535156,11,2,2,38,17,127,86,28,4,17,2,4,83,1,0,300.4017026057199,-5358.71119293377,-177.43414890061504,0,0,0,0,0,0
73.5833038999942,309.16461181640625,-5357.97705078125,254.31817626953125,-177.4983964686231,0.0,0.0,52.69474411010742,11,2,2,38,17,127,86,28,4,17,2,4,83,1,0,309.164610426958,-5357.976952626492,-177.4983964686231,0,0,0,0,0,0
73.7083038499942,315.7492370605469,-5357.42724609375,254.0531463623047,-177.54498916003539,0.0,0.0,52.696956634521484,11,2,2,38,17,127,86,28,4,17,2,4,83,1,0,315.7492459148542,-5357.427207846749,-177.54498916003539,0,0,0,0,0,0
73.83330379999418,322.3363952636719,-5356.8896484375,253.75350952148438,-177.59185209810482,0.0,0.0,52.73134231567383,11,2,2,38,17,127,86,28,4,17,2,4,83,1,0,322.3363986295601,-5356.889428351555,-177.59185209810482,0,0,0,0,0,0
73.95830374999417,328.9228820800781,-5356.37109375,253.44203186035156,-177.6398303629815,0.0,0.0,52.31597900390625,11,2,2,38,17,127,86,28,4,17,2,4,83,1,0,328.92287326921297,-5356.370884575914,-177.6398303629815,0,0,0,0,0,0
74.04163704999416,333.2123107910156,-5356.04052734375,253.31214904785156,-177.67159384855276,0.0,0.0,51.27557373046875,11,2,2,38,17,127,86,28,4,17,2,4,83,1,0,333.21231485443496,-5356.0403299998625,-177.67159384855276,0,0,0,0,0,0
74.24997029999415,343.63916015625,-5355.09814453125,253.15708923339844,-177.75847019317894,0.0,0.0,49.55083465576172,11,2,2,38,17,127,86,28,4,17,2,4,83,1,0,343.6391578180884,-5355.098089035316,-177.75847019317894,0,0,0,0,0,0
74.37497024999413,349.8434143066406,-5354.52099609375,252.85667419433594,-177.80963699158394,0.0,0.0,49.70790100097656,11,2,2,38,17,127,86,28,4,17,2,4,83,1,0,349.84341415612704,-5354.520774825325,-177.80963699158394,0,0,0,0,0,0
74.49997019999412,355.98956298828125,-5353.9609375,252.56756591796875,-177.86362086853723,0.0,0.0,48.68559646606445,11,2,2,38,17,127,86,28,4,17,2,4,83,1,0,355.9895613323517,-5353.961121255345,-177.86362086853723,0,0,0,0,0,0
74.66663679999411,364.0354919433594,-5353.23876953125,252.34986877441406,-177.93567645453626,0.0,0.0,48.27656555175781,11,2,2,38,17,127,86,28,4,17,2,4,83,1,0,364.035490406128,-5353.238930593761,-177.93567645453626,0,0,0,0,0,0
74.7916367499941,370.11810302734375,-5352.79443359375,252.10983276367188,-177.98620987722373,0.0,0.0,49.21096420288086,11,2,2,38,17,127,86,28,4,17,2,4,83,1,0,370.11809863054975,-5352.794546275068,-177.98620987722373,0,0,0,0,0,0
74.87497004999409,374.20843505859375,-5352.5224609375,251.8849639892578,-178.01907534867118,0.0,0.0,49.32452392578125,11,2,2,38,17,127,86,28,4,17,2,4,83,1,0,374.2084293488717,-5352.522321433372,-178.01907534867118,0,0,0,0,0,0
75.08330329999407,384.5101013183594,-5351.7822265625,251.4551544189453,-178.09693295766627,0.0,0.0,49.66093826293945,11,2,2,38,17,127,86,28,4,17,2,4,83,1,0,384.5100969340301,-5351.782157926851,-178.09693295766627,0,0,0,0,0,0
75.20830324999406,390.7220764160156,-5351.306640625,251.222412109375,-178.14323319240663,0.0,0.0,50.18988800048828,12,2,2,38,17,127,86,28,4,17,2,4,83,1,0,390.72208300375905,-5351.30674196488,-178.14323319240663,0,0,0,0,0,0
75.33330319999405,397.0052795410156,-5350.86328125,250.91323852539062,-178.19063688003968,0.0,0.0,50.587154388427734,12,2,2,38,17,127,86,28,4,17,2,4,83,1,0,397.0052881921097,-5350.86343736535,-178.19063688003968,0,0,0,0,0,0
75.45830314999404,403.3223571777344,-5350.44091796875,250.60470581054688,-178.23449030241576,0.0,0.0,50.698123931884766,12,2,2,38,17,128,87,28,4,17,2,4,84,1,0,403.32236676665264,-5350.441147966914,-178.23449030241576,0,0,0,0,0,0
75.62496974999402,411.7772216796875,-5349.86328125,250.3229217529297,-178.29021928671523,0.0,0.0,50.80758285522461,12,2,2,38,17,128,87,28,4,17,2,4,84,1,0,411.777235532858,-5349.863090870611,-178.29021928671523,0,0,0,0,0,0
75.70830304999402,416.00592041015625,-5349.57080078125,250.1878204345703,-178.3174071238484,0.0,0.0,50.84199905395508,12,2,2,38,17,128,87,28,4,17,2,4,84,1,0,416.00591114984707,-5349.5705683434235,-178.3174071238484,0,0,0,0,0,0
75.916636299994,426.5362243652344,-5348.88037109375,249.82073974609375,-178.38191475848888,0.0,0.0,50.40494918823242,12,2,2,38,17,128,87,28,4,17,2,4,84,1,0,426.53622599794676,-5348.880462808542,-178.38191475848888,0,0,0,0,0,0
76.04163624999399,432.81134033203125,-5348.4892578125,249.63079833984375,-178.41795457848588,0.0,0.0,50.20551681518555,12,2,2,38,17,128,87,28,4,17,2,4,84,1,0,432.8113491194682,-5348.48927137286,-178.41795457848588,0,0,0,0,0,0
76.20830284999397,441.12103271484375,-5347.98779296875,249.36599731445312,-178.46295879594393,0.0,0.0,49.274967193603516,12,2,2,38,17,128,87,28,4,17,2,4,84,1,0,441.1210285050157,-5347.987629932337,-178.46295879594393,0,0,0,0,0,0
76.37496944999396,449.1846618652344,-5347.5498046875,249.15725708007812,-178.50892556153622,0.0,0.0,48.29705810546875,12,2,2,38,17,128,87,28,4,17,2,4,84,1,0,449.1846615995762,-5347.549850026444,-178.50892556153622,0,0,0,0,0,0
76.49996939999394,455.2767333984375,-5347.17333984375,248.89718627929688,-178.5445220938835,0.0,0.0,48.87491989135742,11,2,2,38,17,128,87,28,4,17,2,4,84,1,0,455.2767311689821,-5347.173217519172,-178.5445220938835,0,0,0,0,0,0
76.54163604999394,457.3191223144531,-5347.03759765625,248.78866577148438,-178.55667261995134,0.0,0.0,48.92408752441406,11,2,2,38,17,128,87,28,4,17,2,4,84,1,0,457.3191206854735,-5347.037681131664,-178.55667261995134,0,0,0,0,0,0
76.66663599999393,463.3684387207031,-5346.611328125,248.53085327148438,-178.59470222507633,0.0,0.0,47.91254806518555,11,2,2,38,17,128,87,28,4,17,2,4,84,1,0,463.36844795420313,-5346.611143006965,-178.59470222507633,0,0,0,0,0,0
76.87496924999391,473.2515869140625,-5345.98291015625,248.33277893066406,-178.65555180147837,0.0,0.0,47.00376510620117,11,2,2,38,17,128,87,28,4,17,2,4,84,1,0,473.2515836720915,-5345.983107230126,-178.65555180147837,0,0,0,0,0,0
77.0416358499939,481.0631103515625,-5345.4775390625,248.0477752685547,-178.702934909762,0.0,0.0,46.61396026611328,11,2,2,38,17,128,87,28,4,17,2,4,84,1,0,481.0630958607725,-5345.4774084637875,-178.702934909762,0,0,0,0,0,0
77.20830244999388,488.9047546386719,-5345.044921875,247.65635681152344,-178.75606358429985,0.0,0.0,47.594696044921875,12,2,2,38,17,128,87,28,4,17,2,4,84,1,0,488.9047681372588,-5345.045088662631,-178.75606358429985,0,0,0,0,0,0
77.33330239999387,494.8494873046875,-5344.7783203125,247.42706298828125,-178.79525018407696,0.0,0.0,47.78430938720703,12,2,2,38,17,128,87,28,4,17,2,4,84,1,0,494.84947961284627,-5344.77851778385,-178.79525018407696,0,0,0,0,0,0
77.37496904999387,496.83941650390625,-5344.67578125,247.35289001464844,-178.80793794262877,0.0,0.0,47.88109588623047,12,2,2,38,17,128,87,28,4,17,2,4,84,1,0,496.8394180836623,-5344.675994959717,-178.80793794262877,0,0,0,0,0,0
77.58330229999385,506.8316650390625,-5344.09033203125,246.95379638671875,-178.8694715003802,0.0,0.0,48.25156784057617,12,2,2,38,17,128,87,28,4,17,2,4,84,1,0,506.83166220083615,-5344.0901528824415,-178.8694715003802,0,0,0,0,0,0
77.70830224999384,512.8934326171875,-5343.775390625,246.7289581298828,-178.9056326186136,0.0,0.0,48.92316818237305,12,2,2,38,17,128,87,28,4,17,2,4,84,1,0,512.8934220024705,-5343.775178630718,-178.9056326186136,0,0,0,0,0,0
77.83330219999382,519.0360717773438,-5343.48779296875,246.4560546875,-178.943707042719,0.0,0.0,49.48881912231445,12,2,2,38,17,130,89,28,4,17,2,4,85,1,0,519.036078919801,-5343.487619859066,-178.943707042719,0,0,0,0,0,0
77.95830214999381,525.2119140625,-5343.185546875,246.15602111816406,-178.97954379988965,0.0,0.0,49.669246673583984,12,2,2,38,17,130,89,28,4,17,2,4,85,1,0,525.2119056606858,-5343.18565667892,-178.97954379988965,0,0,0,0,0,0
78.0833020999938,531.4257202148438,-5342.85595703125,245.93458557128906,-179.0131208566923,0.0,0.0,49.81578063964844,12,2,2,38,17,130,89,28,4,17,2,4,85,1,0,531.4257448600761,-5342.85594189868,-179.0131208566923,0,0,0,0,0,0
78.20830204999379,537.6490478515625,-5342.529296875,245.7574005126953,-179.04558807475757,0.0,0.0,49.9202880859375,12,2,2,38,17,130,89,28,4,17,2,4,85,1,0,537.6490654113195,-5342.529147538028,-179.04558807475757,0,0,0,0,0,0
78.37496864999378,545.9260864257812,-5342.13720703125,245.48988342285156,-179.08663726058563,0.0,0.0,49.46604919433594,12,2,2,38,17,130,89,28,4,17,2,4,85,1,0,545.9260577061639,-5342.137408766382,-179.08663726058563,0,0,0,0,0,0
78.49996859999376,552.0057373046875,-5341.82666015625,245.2863311767578,-179.10945795734952,0.0,0.0,48.445648193359375,12,2,2,38,17,130,89,28,4,17,2,4,85,1,0,552.0057556728455,-5341.8266250522665,-179.10945795734952,0,0,0,0,0,0
78.66663519999375,559.6821899414062,-5341.4189453125,244.87338256835938,-179.13560555125622,0.0,0.0,44.98944091796875,12,2,2,38,17,130,89,28,4,17,2,4,85,1,0,559.6821867780296,-5341.419164438106,-179.13560555125622,0,0,0,0,0,0
78.79163514999374,565.379638671875,-5341.18896484375,244.72091674804688,-179.15403510685755,0.0,0.0,45.57107162475586,12,2,2,38,17,130,89,28,4,17,2,4,85,1,0,565.3796131244106,-5341.18891920126,-179.15403510685755,0,0,0,0,0,0
78.91663509999373,571.17138671875,-5340.96044921875,244.6407470703125,-179.1764017155014,0.0,0.0,46.253379821777344,12,2,2,38,17,130,89,28,4,17,2,4,85,1,0,571.1713993704866,-5340.960414420496,-179.1764017155014,0,0,0,0,0,0
79.04163504999372,576.9540405273438,-5340.6708984375,244.3635711669922,-179.2016797768236,0.0,0.0,46.658905029296875,12,2,2,38,17,130,89,28,4,17,2,4,85,1,0,576.9540485009989,-5340.67090144396,-179.2016797768236,0,0,0,0,0,0
79.2499682999937,586.64599609375,-5340.2138671875,243.95407104492188,-179.24616567090035,0.0,0.0,46.17015075683594,13,2,2,38,17,130,89,28,4,17,2,4,85,1,0,586.6459868936561,-5340.213824174058,-179.24616567090035,0,0,0,0,0,0
79.45830154999368,596.1474609375,-5339.7607421875,243.82830810546875,-179.29054253446628,0.0,0.0,45.242835998535156,13,2,2,38,17,130,89,28,4,17,2,4,85,1,0,596.147482219881,-5339.760708226677,-179.29054253446628,0,0,0,0,0,0
79.62496814999366,603.7526245117188,-5339.435546875,243.5030059814453,-179.3254361259372,0.0,0.0,45.69081115722656,13,2,2,38,17,130,89,28,4,17,2,4,85,1,0,603.7526296337967,-5339.435585658506,-179.3254361259372,0,0,0,0,0,0
79.79163474999365,611.4048461914062,-5339.18359375,243.12875366210938,-179.36651520053363,0.0,0.0,46.34491729736328,13,2,2,38,17,130,89,28,4,17,2,4,85,1,0,611.4048530778426,-5339.183608631066,-179.36651520053363,0,0,0,0,0,0
79.87496804999364,615.2575073242188,-5339.0263671875,242.94635009765625,-179.38650989846803,0.0,0.0,46.555450439453125,13,2,2,38,17,130,89,28,4,17,2,4,85,1,0,615.2575303920821,-5339.026277655873,-179.38650989846803,0,0,0,0,0,0
80.04163464999363,623.0354614257812,-5338.67626953125,242.66036987304688,-179.42426863136814,0.0,0.0,46.84339904785156,13,2,2,38,17,130,89,28,4,17,2,4,85,1,0,623.0354516845181,-5338.676091930796,-179.42426863136814,0,0,0,0,0,0
80.2499678999936,632.8409423828125,-5338.298828125,242.29550170898438,-179.47120285012926,0.0,0.0,47.7787971496582,13,2,2,38,17,130,89,28,4,17,2,4,85,1,0,632.8409514758713,-5338.2987735557745,-179.47120285012926,0,0,0,0,0,0
80.41663449999359,640.8666381835938,-5338.0283203125,241.88092041015625,-179.51161272223328,0.0,0.0,48.6241340637207,13,2,2,38,17,131,89,28,4,17,2,4,86,1,0,640.8666557882382,-5338.028188302897,-179.51161272223328,0,0,0,0,0,0
80.58330109999358,648.9859008789062,-5337.72998046875,241.5339813232422,-179.54564725438112,0.0,0.0,48.96051025390625,13,2,2,38,17,131,89,28,4,17,2,4,86,1,0,648.9858771241817,-5337.7297705977835,-179.54564725438112,0,0,0,0,0,0
80.70830104999357,655.1141357421875,-5337.4892578125,241.35867309570312,-179.57003428853963,0.0,0.0,49.12594985961914,13,2,2,38,17,131,89,28,4,17,2,4,86,1,0,655.1141508862765,-5337.489108925965,-179.57003428853963,0,0,0,0,0,0
80.87496764999355,663.274658203125,-5337.185546875,241.10775756835938,-179.60077715974458,0.0,0.0,48.650901794433594,13,2,2,38,17,131,89,28,4,17,2,4,86,1,0,663.2746876646344,-5337.185344147413,-179.60077715974458,0,0,0,0,0,0
81.04163424999354,671.12548828125,-5336.9541015625,241.00985717773438,-179.62778815138202,0.0,0.0,46.83808517456055,13,2,2,38,17,131,89,28,4,17,2,4,86,1,0,671.1254649003374,-5336.954191695143,-179.62778815138202,0,0,0,0,0,0
81.16663419999352,677.0116577148438,-5336.77978515625,240.8331298828125,-179.6459426094274,0.0,0.0,47.19551086425781,13,2,2,38,17,131,89,28,4,17,2,4,86,1,0,677.011671789051,-5336.779952405061,-179.6459426094274,0,0,0,0,0,0
81.33330079999351,684.9765625,-5336.49365234375,240.37417602539062,-179.67220414244414,0.0,0.0,48.054962158203125,13,2,2,38,17,131,89,28,4,17,2,4,86,1,0,684.9765877413803,-5336.493482544098,-179.67220414244414,0,0,0,0,0,0
81.54163404999349,695.0248413085938,-5336.13134765625,239.95529174804688,-179.70968875438862,0.0,0.0,48.37316131591797,13,2,2,38,17,131,89,28,4,17,2,4,86,1,0,695.0248618512051,-5336.1314764852505,-179.70968875438862,0,0,0,0,0,0
81.74996729999347,704.7609252929688,-5335.8603515625,239.41452026367188,-179.73050572276782,0.0,0.0,43.61781692504883,13,2,2,38,17,131,89,28,4,17,2,4,86,1,0,704.7609112019493,-5335.860356164161,-179.73050572276782,0,0,0,0,0,0
81.95830054999345,713.5465698242188,-5335.61572265625,239.42990112304688,-179.75160619210757,0.0,0.0,41.9271125793457,13,2,2,38,17,131,89,28,4,17,2,4,86,1,0,713.5465676309369,-5335.615674157766,-179.75160619210757,0,0,0,0,0,0
82.16663379999343,722.5570678710938,-5335.40478515625,239.09169006347656,-179.77097282692637,0.0,0.0,43.96384811401367,13,2,2,38,17,131,89,28,4,17,2,4,86,1,0,722.5570836225693,-5335.404634333025,-179.77097282692637,0,0,0,0,0,0
82.33330039999342,729.9169921875,-5335.1796875,238.4138946533203,-179.8006788051917,0.0,0.0,44.58915328979492,13,2,2,38,17,131,89,28,4,17,2,4,86,1,0,729.9169975211626,-5335.1797571723255,-179.8006788051917,0,0,0,0,0,0
82.37496704999342,731.7700805664062,-5335.1201171875,238.3238067626953,-179.8085268236294,0.0,0.0,44.705543518066406,13,2,2,38,17,131,89,28,4,17,2,4,86,1,0,731.7700986014854,-5335.119908506655,-179.8085268236294,0,0,0,0,0,0
82.5416336499934,739.2401123046875,-5334.8876953125,238.2193145751953,-179.83922571820656,0.0,0.0,44.926055908203125,13,2,2,38,17,131,89,28,4,17,2,4,86,1,0,739.2400885450228,-5334.887753285786,-179.83922571820656,0,0,0,0,0,0
82.6249669499934,742.9795532226562,-5334.77197265625,238.14297485351562,-179.85514005879597,0.0,0.0,44.92826461791992,13,2,2,38,17,131,89,28,4,17,2,4,86,1,0,742.9795590827072,-5334.772091792876,-179.85514005879597,0,0,0,0,0,0
82.74996689999338,748.6069946289062,-5334.5986328125,237.8933563232422,-179.87999986539873,0.0,0.0,45.43336868286133,13,2,2,38,17,131,89,28,4,17,2,4,86,1,0,748.6069685662494,-5334.598445053817,-179.87999986539873,0,0,0,0,0,0
82.83330019999337,752.4190063476562,-5334.4873046875,237.67880249023438,-179.8976659733511,0.0,0.0,46.212162017822266,13,2,2,38,17,131,89,28,4,17,2,4,86,1,0,752.4189993554304,-5334.487196250428,-179.8976659733511,0,0,0,0,0,0
82.99996679999336,760.1842041015625,-5334.28466796875,237.2715606689453,-179.93717008935977,0.0,0.0,47.07017135620117,13,2,2,38,17,133,90,28,4,17,2,4,87,1,0,760.18419258631,-5334.284732024823,-179.93717008935977,0,0,0,0,0,0
83.20830004999334,770.0328369140625,-5333.97021484375,236.93606567382812,-179.98062901447815,0.0,0.0,47.51863098144531,13,2,2,38,17,133,90,28,4,17,2,4,87,1,0,770.0328664805886,-5333.970361589631,-179.98062901447815,0,0,0,0,0,0
83.41663329999332,779.6847534179688,-5333.68408203125,236.80023193359375,179.9783500725029,0.0,0.0,45.27587127685547,13,2,2,38,17,133,90,28,4,17,2,4,87,1,0,779.6847353437047,-5333.684063590156,179.9783500725029,0,0,0,0,0,0
83.6249665499933,788.8482666015625,-5333.44140625,236.72840881347656,179.94073040437843,0.0,0.0,43.8883171081543,13,2,2,38,17,133,90,28,4,17,2,4,87,1,0,788.848247266272,-5333.441645745186,179.94073040437843,0,0,0,0,0,0
83.79163314999329,796.3145751953125,-5333.193359375,236.3102569580078,179.91098019586784,0.0,0.0,45.38899230957031,13,2,2,38,17,133,90,28,4,17,2,4,87,1,0,796.3145990351842,-5333.193202719222,179.91098019586784,0,0,0,0,0,0
83.99996639999327,805.8770751953125,-5332.88427734375,235.81005859375,179.87197599794018,0.0,0.0,46.31583023071289,13,2,2,38,17,133,90,28,4,17,2,4,87,1,0,805.877072425946,-5332.884289491536,179.87197599794018,0,0,0,0,0,0
84.08329969999326,809.7449340820312,-5332.78271484375,235.7049560546875,179.85639121202627,0.0,0.0,46.58876419067383,13,2,2,38,17,133,90,28,4,17,2,4,87,1,0,809.7449545718085,-5332.782571771193,179.85639121202627,0,0,0,0,0,0
84.29163294999324,819.5086059570312,-5332.5361328125,235.40557861328125,179.81653963122835,0.0,0.0,47.040740966796875,13,2,2,38,17,133,90,28,4,17,2,4,87,1,0,819.50859974119,-5332.535896676153,179.81653963122835,0,0,0,0,0,0
84.45829954999323,827.2640991210938,-5332.32275390625,235.18472290039062,179.78229958286965,0.0,0.0,45.38157272338867,13,2,2,38,17,133,90,28,4,17,2,4,87,1,0,827.2640721643206,-5332.322512706172,179.78229958286965,0,0,0,0,0,0
84.66663279999321,836.7980346679688,-5332.078125,234.97080993652344,179.7382717247363,0.0,0.0,46.44386672973633,13,2,2,38,17,133,90,28,4,17,2,4,87,1,0,836.7980602789478,-5332.078263316057,179.7382717247363,0,0,0,0,0,0
84.87496604999319,846.62841796875,-5331.7451171875,234.1544952392578,179.68332882452313,0.0,0.0,47.47805404663086,13,2,2,38,17,133,90,28,4,17,2,4,87,1,0,846.6284189479886,-5331.744953825314,179.68332882452313,0,0,0,0,0,0
85.08329929999317,856.5081176757812,-5331.4599609375,233.85409545898438,179.62420134387952,0.0,0.0,47.36035919189453,13,2,2,38,17,133,90,28,4,17,2,4,87,1,0,856.5080963330981,-5331.459916023763,179.62420134387952,0,0,0,0,0,0
85.29163254999315,866.34326171875,-5331.17041015625,233.5556640625,179.56621509631825,0.0,0.0,47.48573303222656,13,2,2,38,17,133,90,28,4,17,2,4,87,1,0,866.3432731134957,-5331.170249389959,179.56621509631825,0,0,0,0,0,0
85.45829914999314,874.3662109375,-5330.97607421875,233.11322021484375,179.51701163951128,0.0,0.0,48.85224914550781,13,2,2,38,17,133,90,28,4,17,2,4,87,1,0,874.3662214004864,-5330.976065935353,179.51701163951128,0,0,0,0,0,0
85.62496574999312,882.5139770507812,-5330.79052734375,232.70025634765625,179.4619350770775,0.0,0.0,48.98527145385742,13,2,2,38,17,134,90,28,4,17,2,4,88,1,0,882.5140056643171,-5330.790467120897,179.4619350770775,0,0,0,0,0,0
85.70829904999312,886.5895385742188,-5330.70361328125,232.52330017089844,179.43779333247537,0.0,0.0,48.38105010986328,13,2,2,38,17,134,90,28,4,17,2,4,88,1,0,886.5895376822023,-5330.703437750834,179.43779333247537,0,0,0,0,0,0
85.9166322999931,896.3096313476562,-5330.45703125,232.53475952148438,179.38991407375454,0.0,0.0,45.89527130126953,13,2,2,38,17,134,90,28,4,17,2,4,88,1,0,896.309654027551,-5330.457184381532,179.38991407375454,0,0,0,0,0,0
86.12496554999308,905.753173828125,-5330.1533203125,232.37313842773438,179.32847434216256,0.0,0.0,45.483062744140625,13,2,2,38,17,134,90,28,4,17,2,4,88,1,0,905.7531619402843,-5330.153316090508,179.32847434216256,0,0,0,0,0,0
86.33329879999306,915.4480590820312,-5329.81396484375,231.73789978027344,179.26580400182436,0.0,0.0,46.899566650390625,13,2,2,38,17,134,90,28,4,17,2,4,88,1,0,915.4480503801874,-5329.814098812696,179.26580400182436,0,0,0,0,0,0
86.49996539999304,923.3156127929688,-5329.57568359375,231.41380310058594,179.2130510648026,0.0,0.0,47.56291198730469,12,2,2,38,17,134,90,28,4,17,2,4,88,1,0,923.3156053020126,-5329.575812760413,179.2130510648026,0,0,0,0,0,0
86.54163204999304,925.2991943359375,-5329.521484375,231.36868286132812,179.20019004766624,0.0,0.0,47.70274353027344,12,2,2,38,17,134,90,28,4,17,2,4,88,1,0,925.2991672889511,-5329.521614776598,179.20019004766624,0,0,0,0,0,0
86.70829864999303,933.2926635742188,-5329.30712890625,231.14013671875,179.15030515063734,0.0,0.0,48.148353576660156,12,2,2,38,17,134,90,28,4,17,2,4,88,1,0,933.2926401280494,-5329.307228467426,179.15030515063734,0,0,0,0,0,0
86.916631899993,943.2050170898438,-5329.087890625,230.91680908203125,179.0871138031618,0.0,0.0,45.97655487060547,12,2,2,38,17,134,90,28,4,17,2,4,88,1,0,943.205009823488,-5329.088075235471,179.0871138031618,0,0,0,0,0,0
87.12496514999299,952.8460083007812,-5328.8828125,230.62782287597656,179.02308265062317,0.0,0.0,46.888572692871094,12,2,2,38,17,134,90,28,4,17,2,4,88,1,0,952.8460210945333,-5328.8828755913055,179.02308265062317,0,0,0,0,0,0
87.33329839999297,962.9129638671875,-5328.5947265625,229.7003173828125,178.93620298601672,0.0,0.0,48.6034049987793,12,2,2,38,17,134,90,28,4,17,2,4,88,1,0,962.9129819926218,-5328.594505663553,178.93620298601672,0,0,0,0,0,0
87.41663169999296,966.9547119140625,-5328.4287109375,229.4885711669922,178.89408213474556,0.0,0.0,48.55762481689453,12,2,2,38,17,134,90,28,4,17,2,4,88,1,0,966.9547001378252,-5328.4289474890975,178.89408213474556,0,0,0,0,0,0
87.62496494999294,977.0298461914062,-5328.033203125,229.34715270996094,178.78750463863474,0.0,0.0,48.0691032409668,12,2,2,38,17,134,90,28,4,17,2,4,88,1,0,977.0298477643969,-5328.033321971977,178.78750463863474,0,0,0,0,0,0
87.79163154999293,985.054931640625,-5327.73388671875,229.02125549316406,178.70402171790354,0.0,0.0,48.44587707519531,12,2,2,38,17,134,90,28,4,17,2,4,88,1,0,985.0549560558209,-5327.733795184436,178.70402171790354,0,0,0,0,0,0
87.95829814999291,993.2546997070312,-5327.501953125,228.56124877929688,178.61364381936363,0.0,0.0,49.77897644042969,12,2,2,38,17,134,90,28,4,17,2,4,88,1,0,993.2546894592944,-5327.50213647601,178.61364381936363,0,0,0,0,0,0
88.1249647499929,1001.43408203125,-5327.2724609375,228.27609252929688,178.52411749426562,0.0,0.0,48.516456604003906,12,2,2,38,17,136,91,28,4,17,2,4,89,1,0,1001.4340958043354,-5327.272232500034,178.52411749426562,0,0,0,0,0,0
88.20829804999289,1005.423828125,-5327.1484375,228.2748260498047,178.48539111748534,0.0,0.0,47.72968292236328,12,2,2,38,17,136,91,28,4,17,2,4,89,1,0,1005.4238128931877,-5327.1486166897475,178.48539111748534,0,0,0,0,0,0
88.37496464999288,1013.3353881835938,-5326.9365234375,228.159912109375,178.41656581534318,0.0,0.0,47.16761016845703,13,2,2,38,17,136,91,28,4,17,2,4,89,1,0,1013.3353960704575,-5326.9363925719845,178.41656581534318,0,0,0,0,0,0
88.54163124999286,1021.180908203125,-5326.74365234375,227.86253356933594,178.34679572885244,0.0,0.0,46.98103332519531,13,2,2,38,17,136,91,28,4,17,2,4,89,1,0,1021.1809296389317,-5326.74346184899,178.34679572885244,0,0,0,0,0,0
88.70829784999285,1028.9984130859375,-5326.51220703125,227.5464630126953,178.28521967712297,0.0,0.0,47.065399169921875,13,2,2,38,17,136,91,28,4,17,2,4,89,1,0,1028.9984119761991,-5326.512168484819,178.28521967712297,0,0,0,0,0,0
88.83329779999283,1034.951171875,-5326.43359375,227.2711639404297,178.24123668470295,0.0,0.0,47.4954833984375,13,2,2,38,17,136,91,28,4,17,2,4,89,1,0,1034.951232277731,-5326.433654096856,178.24123668470295,0,0,0,0,0,0
88.95829774999282,1040.9127197265625,-5326.36083984375,227.01873779296875,178.19480800131151,0.0,0.0,47.77605438232422,13,2,2,38,17,136,91,28,4,17,2,4,89,1,0,1040.9127674299625,-5326.360893662666,178.19480800131151,0,0,0,0,0,0
89.04163104999282,1044.9002685546875,-5326.29248046875,226.88665771484375,178.1645321405314,0.0,0.0,47.91645431518555,13,2,2,38,17,136,91,28,4,17,2,4,89,1,0,1044.9002863589667,-5326.292499645757,178.1645321405314,0,0,0,0,0,0
89.2499642999928,1054.7867431640625,-5326.2060546875,226.7889404296875,178.0952948671936,0.0,0.0,46.56071472167969,13,2,2,38,17,136,91,28,4,17,2,4,89,1,0,1054.7867146615279,-5326.205868086646,178.0952948671936,0,0,0,0,0,0
89.45829754999278,1064.3115234375,-5326.119140625,226.5498046875,178.0264306719733,0.0,0.0,44.524803161621094,13,2,2,38,17,136,91,28,4,17,2,4,89,1,0,1064.311566197085,-5326.1189830692165,178.0264306719733,0,0,0,0,0,0
89.62496414999276,1071.7523193359375,-5326.0322265625,226.28860473632812,177.9789380506623,0.0,0.0,44.52837371826172,13,2,2,38,17,136,91,28,4,17,2,4,89,1,0,1071.7523719414824,-5326.032109899092,177.9789380506623,0,0,0,0,0,0
89.79163074999275,1079.2579345703125,-5326.0224609375,225.9117889404297,177.93885004890691,0.0,0.0,44.201534271240234,13,2,2,38,17,136,91,28,4,17,2,4,89,1,0,1079.2579249211171,-5326.022371580833,177.93885004890691,0,0,0,0,0,0
89.87496404999274,1082.9140625,-5326.037109375,225.66098022460938,177.91599121374767,0.0,0.0,43.103633880615234,13,2,2,38,17,136,91,28,4,17,2,4,89,1,0,1082.914021851008,-5326.037015366993,177.91599121374767,0,0,0,0,0,0
90.08329729999272,1091.611083984375,-5326.04638671875,225.34706115722656,177.87745895460188,0.0,0.0,40.336997985839844,13,2,2,38,17,136,91,28,4,17,2,4,89,1,0,1091.6111221160268,-5326.046433731996,177.87745895460188,0,0,0,0,0,0
90.2916305499927,1099.77685546875,-5326.01171875,225.25440979003906,177.86327930561905,0.0,0.0,38.31268310546875,13,2,2,38,17,136,91,28,4,17,2,4,89,1,0,1099.7768362784827,-5326.011961312502,177.86327930561905,0,0,0,0,0,0
90.41663049999269,1104.5819091796875,-5326.0771484375,225.02471923828125,177.8505994500773,0.0,0.0,38.82914352416992,13,2,2,38,17,136,91,28,4,17,2,4,89,1,0,1104.5819152242607,-5326.077119155405,177.8505994500773,0,0,0,0,0,0
90.54163044999268,1109.48681640625,-5326.20751953125,224.73663330078125,177.8323320929618,0.0,0.0,39.53429412841797,13,2,2,38,17,136,91,28,4,17,2,4,89,1,0,1109.486862949833,-5326.2076790446645,177.8323320929618,0,0,0,0,0,0
90.66663039999267,1114.34130859375,-5326.3388671875,224.61392211914062,177.81631349391523,0.0,0.0,38.562442779541016,13,2,2,38,17,136,91,28,4,17,2,4,89,1,0,1114.3413112582607,-5326.33891417465,177.81631349391523,0,0,0,0,0,0
90.70829704999267,1115.930419921875,-5326.3818359375,224.6257781982422,177.81316053440145,0.0,0.0,38.1837272644043,13,2,2,38,17,136,91,28,4,17,2,4,89,1,0,1115.9304479243997,-5326.381836775642,177.81316053440145,0,0,0,0,0,0
90.87496364999265,1122.1768798828125,-5326.5703125,224.66993713378906,177.8154798664758,0.0,0.0,37.04249572753906,13,2,2,38,17,138,92,28,4,17,2,4,90,1,0,1122.1768639141358,-5326.570141564627,177.8154798664758,0,0,0,0,0,0
91.04163024999264,1128.3525390625,-5326.77685546875,224.46749877929688,177.822397959736,0.0,0.0,37.0312614440918,13,2,2,38,17,138,92,28,4,17,2,4,90,1,0,1128.352535577205,-5326.776966400274,177.822397959736,0,0,0,0,0,0
91.20829684999262,1134.5142822265625,-5326.8857421875,224.28897094726562,177.8188922864448,0.0,0.0,36.68295669555664,13,2,2,38,17,138,92,28,4,17,2,4,90,1,0,1134.5142440459529,-5326.88558659468,177.8188922864448,0,0,0,0,0,0
91.33329679999261,1139.0106201171875,-5326.962890625,224.2371368408203,177.81582620548852,0.0,0.0,35.59944534301758,13,2,2,38,17,138,92,28,4,17,2,4,90,1,0,1139.0106338482892,-5326.962753051554,177.81582620548852,0,0,0,0,0,0
91.4582967499926,1143.4661865234375,-5327.11328125,224.15673828125,177.81858210973002,0.0,0.0,35.756446838378906,13,2,2,38,17,138,92,28,4,17,2,4,90,1,0,1143.4662280922225,-5327.113483962465,177.81858210973002,0,0,0,0,0,0
91.54163004999259,1146.4898681640625,-5327.23095703125,224.03785705566406,177.820993273614,0.0,0.0,36.37844467163086,13,2,2,38,17,138,92,28,4,17,2,4,90,1,0,1146.4899199884062,-5327.230960831752,177.820993273614,0,0,0,0,0,0
91.74996329999257,1154.165283203125,-5327.47998046875,223.6783905029297,177.82396646339723,0.0,0.0,36.86973571777344,13,2,2,38,17,138,92,28,4,17,2,4,90,1,0,1154.165268140248,-5327.480171660521,177.82396646339723,0,0,0,0,0,0
91.87496324999256,1158.7740478515625,-5327.5986328125,223.5919189453125,177.82395890718433,0.0,0.0,36.71498107910156,13,2,2,38,17,138,92,28,4,17,2,4,90,1,0,1158.7740294902069,-5327.598452559379,177.82395890718433,0,0,0,0,0,0
91.99996319999255,1163.326171875,-5327.74755859375,223.58682250976562,177.82470765337274,0.0,0.0,35.777923583984375,13,2,2,38,17,138,92,28,4,17,2,4,90,1,0,1163.326196323198,-5327.747322942353,177.82470765337274,0,0,0,0,0,0
92.16662979999253,1169.235107421875,-5327.95849609375,223.51573181152344,177.82369463651952,0.0,0.0,35.11897659301758,13,2,2,38,17,138,92,28,4,17,2,4,90,1,0,1169.2351320642817,-5327.958483055593,177.82369463651952,0,0,0,0,0,0
92.33329639999252,1175.0635986328125,-5328.12060546875,223.30360412597656,177.81843142391762,0.0,0.0,34.519309997558594,13,2,2,38,17,138,92,28,4,17,2,4,90,1,0,1175.06360453252,-5328.1205068872705,177.81843142391762,0,0,0,0,0,0
92.41662969999251,1177.902587890625,-5328.1845703125,223.2384033203125,177.81571952374927,0.0,0.0,33.5334358215332,13,2,2,38,17,138,92,28,4,17,2,4,90,1,0,1177.9025953023272,-5328.184513936105,177.81571952374927,0,0,0,0,0,0
92.6249629499925,1184.7686767578125,-5328.3125,223.17242431640625,177.81094956608493,0.0,0.0,32.22957992553711,13,2,2,38,17,138,92,28,4,17,2,4,90,1,0,1184.7687141464542,-5328.31256939406,177.81094956608493,0,0,0,0,0,0
92.74996289999248,1188.8504638671875,-5328.3935546875,222.99789428710938,177.80882285811794,0.0,0.0,32.715667724609375,13,2,2,38,17,138,92,28,4,17,2,4,90,1,0,1188.8504567071075,-5328.393650736244,177.80882285811794,0,0,0,0,0,0
92.91662949999247,1194.4637451171875,-5328.6142578125,222.70907592773438,177.80493162298328,0.0,0.0,34.20589065551758,13,2,2,38,17,138,92,28,4,17,2,4,90,1,0,1194.4637965810155,-5328.614072134894,177.80493162298328,0,0,0,0,0,0
93.08329609999245,1200.1888427734375,-5328.8046875,222.43817138671875,177.79197117425312,0.0,0.0,33.97273635864258,13,2,2,38,17,138,92,28,4,17,2,4,90,1,0,1200.1888004880534,-5328.804808575214,177.79197117425312,0,0,0,0,0,0
93.20829604999244,1204.4420166015625,-5328.8564453125,222.3125762939453,177.77935021532974,0.0,0.0,33.77438735961914,13,2,2,38,17,138,92,28,4,17,2,4,90,1,0,1204.4420284419673,-5328.8562365796515,177.77935021532974,0,0,0,0,0,0
93.24996269999244,1205.84765625,-5328.86181640625,222.28677368164062,177.77490748524397,0.0,0.0,33.62750244140625,13,2,2,38,17,138,92,28,4,17,2,4,90,1,0,1205.8476698136126,-5328.861823023172,177.77490748524397,0,0,0,0,0,0
93.37496264999243,1210.0255126953125,-5328.88037109375,222.21888732910156,177.7630308046755,0.0,0.0,33.22894287109375,13,2,2,38,17,138,92,28,4,17,2,4,90,1,0,1210.0255546364745,-5328.880438998189,177.7630308046755,0,0,0,0,0,0
93.54162924999241,1215.5999755859375,-5329.00830078125,222.07069396972656,177.74885735478446,0.0,0.0,33.532657623291016,13,2,2,38,17,138,92,28,4,17,2,4,90,1,0,1215.6000009851093,-5329.008308456202,177.74885735478446,0,0,0,0,0,0
93.7082958499924,1221.2235107421875,-5329.18701171875,221.8297119140625,177.7329821154596,0.0,0.0,33.753379821777344,13,2,2,38,17,138,92,28,4,17,2,4,90,1,0,1221.2235474193976,-5329.187205962832,177.7329821154596,0,0,0,0,0,0
93.87496244999238,1226.8336181640625,-5329.30859375,221.665771484375,177.7208261943896,0.0,0.0,33.34449768066406,13,2,2,38,17,138,92,28,4,17,2,4,90,1,0,1226.8336593823744,-5329.3086282287295,177.7208261943896,0,0,0,0,0,0
93.99996239999237,1230.9293212890625,-5329.3994140625,221.6741943359375,177.71355939467364,0.0,0.0,32.31025314331055,13,2,2,38,17,138,92,28,4,17,2,4,90,1,0,1230.9293147399544,-5329.399298904022,177.71355939467364,0,0,0,0,0,0
94.04162904999237,1232.261962890625,-5329.43994140625,221.68844604492188,177.7124790173164,0.0,0.0,31.95658302307129,13,2,2,38,17,138,92,28,4,17,2,4,90,1,0,1232.2619562017708,-5329.440082802382,177.7124790173164,0,0,0,0,0,0
94.20829564999235,1237.48583984375,-5329.63916015625,221.6555633544922,177.7176996910458,0.0,0.0,30.888816833496094,13,2,2,38,17,138,92,28,4,17,2,4,90,1,0,1237.485824525178,-5329.6393380858635,177.7176996910458,0,0,0,0,0,0
94.33329559999234,1241.328857421875,-5329.7783203125,221.53887939453125,177.72263482865324,0.0,0.0,30.37032127380371,13,2,2,38,17,140,93,28,4,17,2,4,91,1,0,1241.328804049358,-5329.778392888204,177.72263482865324,0,0,0,0,0,0
94.45829554999233,1245.053955078125,-5329.853515625,221.48756408691406,177.72289750950938,0.0,0.0,29.480165481567383,13,2,2,38,17,140,93,28,4,17,2,4,91,1,0,1245.0540094772282,-5329.853462006227,177.72289750950938,0,0,0,0,0,0
94.62496214999231,1249.80908203125,-5329.9140625,221.4659423828125,177.72113047844027,0.0,0.0,27.441171646118164,13,2,2,38,17,140,93,28,4,17,2,4,91,1,0,1249.8091017587988,-5329.914157246125,177.72113047844027,0,0,0,0,0,0
94.7499620999923,1253.156005859375,-5329.99853515625,221.4315643310547,177.71933156387527,0.0,0.0,26.33090591430664,13,2,2,38,17,140,93,28,4,17,2,4,91,1,0,1253.1559464923373,-5329.998765181184,177.71933156387527,0,0,0,0,0,0
94.87496204999229,1256.446044921875,-5330.09814453125,221.3579864501953,177.7185388161699,0.0,0.0,26.279396057128906,13,2,2,38,17,140,93,28,4,17,2,4,91,1,0,1256.4460872422424,-5330.098056023298,177.7185388161699,0,0,0,0,0,0
95.04162864999228,1260.9375,-5330.22021484375,221.20030212402344,177.72030750879438,0.0,0.0,27.31856346130371,13,2,2,38,17,140,93,28,4,17,2,4,91,1,0,1260.9374738137096,-5330.220177744192,177.72030750879438,0,0,0,0,0,0
95.24996189999226,1266.7606201171875,-5330.38037109375,221.01626586914062,177.72349368780806,0.0,0.0,27.80730438232422,14,2,2,38,17,140,93,28,4,17,2,4,91,1,0,1266.7605959967834,-5330.380227287273,177.72349368780806,0,0,0,0,0,0
95.41662849999224,1271.2890625,-5330.5361328125,220.94186401367188,177.72486013702328,0.0,0.0,26.259380340576172,14,2,2,38,17,140,93,28,4,17,2,4,91,1,0,1271.2890310911475,-5330.535946228776,177.72486013702328,0,0,0,0,0,0
95.58329509999223,1275.541748046875,-5330.6669921875,220.92416381835938,177.72472239120805,0.0,0.0,24.528076171875,14,2,2,38,17,140,93,28,4,17,2,4,91,1,0,1275.5417000091622,-5330.667144121966,177.72472239120805,0,0,0,0,0,0
95.70829504999222,1278.54736328125,-5330.75927734375,220.9051513671875,177.72376463828212,0.0,0.0,23.44506072998047,14,2,2,38,17,140,93,28,4,17,2,4,91,1,0,1278.5473569651579,-5330.75912364479,177.72376463828212,0,0,0,0,0,0
95.9166282999922,1283.361328125,-5330.8935546875,220.78396606445312,177.71896972967735,0.0,0.0,22.720333099365234,14,2,2,38,17,140,93,28,4,17,2,4,91,1,0,1283.361291513702,-5330.89336667315,177.71896972967735,0,0,0,0,0,0
96.04162824999219,1286.1939697265625,-5330.97119140625,220.7066650390625,177.7149715071984,0.0,0.0,22.524682998657227,14,2,2,38,17,140,93,28,4,17,2,4,91,1,0,1286.1940215346347,-5330.9713547538095,177.7149715071984,0,0,0,0,0,0
96.16662819999218,1288.989013671875,-5331.041015625,220.62583923339844,177.7101553980784,0.0,0.0,22.075233459472656,14,2,2,38,17,140,93,28,4,17,2,4,91,1,0,1288.98901944181,-5331.040939407186,177.7101553980784,0,0,0,0,0,0
96.33329479999216,1292.5635986328125,-5331.115234375,220.52490234375,177.7040677443026,0.0,0.0,20.686016082763672,14,2,2,38,17,140,93,28,4,17,2,4,91,1,0,1292.5636274831134,-5331.1150318984955,177.7040677443026,0,0,0,0,0,0
96.54162804999214,1296.664794921875,-5331.17822265625,220.5492706298828,177.69529915574014,0.0,0.0,18.543560028076172,14,2,2,38,17,140,93,28,4,17,2,4,91,1,0,1296.664757797306,-5331.178206759525,177.69529915574014,0,0,0,0,0,0
96.70829464999213,1299.7059326171875,-5331.232421875,220.52252197265625,177.69277283233887,0.0,0.0,17.98637580871582,14,2,2,38,17,140,93,28,4,17,2,4,91,1,0,1299.7059842497422,-5331.232648592748,177.69277283233887,0,0,0,0,0,0
96.83329459999212,1301.9954833984375,-5331.3212890625,220.44879150390625,177.698153817653,0.0,0.0,18.49142074584961,14,2,2,38,17,140,93,28,4,17,2,4,91,1,0,1301.9954613675457,-5331.321109077345,177.698153817653,0,0,0,0,0,0
96.9999611999921,1305.2220458984375,-5331.498046875,220.3302001953125,177.71179018902356,0.0,0.0,20.127994537353516,14,2,2,38,17,140,93,28,4,17,2,4,91,1,0,1305.2220019928945,-5331.498038001208,177.71179018902356,0,0,0,0,0,0
97.12496114999209,1307.845703125,-5331.6552734375,220.2227325439453,177.72301241703298,0.0,0.0,21.597387313842773,14,2,2,38,17,140,93,28,4,17,2,4,91,1,0,1307.8457457430352,-5331.655448290617,177.72301241703298,0,0,0,0,0,0
97.29162774999207,1311.623291015625,-5331.85498046875,220.03408813476562,177.73186836173375,0.0,0.0,23.267061233520508,14,2,2,38,17,140,93,28,4,17,2,4,91,1,0,1311.6232821224532,-5331.854828383122,177.73186836173375,0,0,0,0,0,0
97.37496104999207,1313.5972900390625,-5331.935546875,219.92184448242188,177.73202077914613,0.0,0.0,23.663036346435547,14,2,2,38,17,140,93,28,4,17,2,4,91,1,0,1313.597264561428,-5331.935773264096,177.73202077914613,0,0,0,0,0,0
97.54162764999205,1317.607177734375,-5332.04638671875,219.7504119873047,177.72694348668887,0.0,0.0,24.18572998046875,14,2,2,38,17,140,93,28,4,17,2,4,91,1,0,1317.6071462937005,-5332.046590311533,177.72694348668887,0,0,0,0,0,0
97.70829424999204,1321.6298828125,-5332.1064453125,219.67544555664062,177.72071378973882,0.0,0.0,24.013973236083984,14,2,2,38,17,140,93,28,4,17,2,4,91,1,0,1321.6299158871502,-5332.106305965906,177.72071378973882,0,0,0,0,0,0
97.87496084999202,1325.6376953125,-5332.19921875,219.5805206298828,177.71802405344238,0.0,0.0,23.988622665405273,14,2,2,38,17,140,93,28,4,17,2,4,91,1,0,1325.6376843099877,-5332.199273797146,177.71802405344238,0,0,0,0,0,0
97.99996079999201,1328.6517333984375,-5332.3056640625,219.47402954101562,177.71595203545536,0.0,0.0,24.15843963623047,14,2,2,38,17,140,93,28,4,17,2,4,91,1,0,1328.6517765350775,-5332.305838951313,177.71595203545536,0,0,0,0,0,0
98.124960749992,1331.670166015625,-5332.41259765625,219.360107421875,177.71291715465773,0.0,0.0,24.091520309448242,14,2,2,38,17,140,93,28,4,17,2,4,91,1,0,1331.6701908708465,-5332.412454243911,177.71291715465773,0,0,0,0,0,0
98.20829404999199,1333.67431640625,-5332.46826171875,219.3013916015625,177.7121127773622,0.0,0.0,23.939422607421875,14,2,2,38,17,140,93,28,4,17,2,4,91,1,0,1333.6743633517917,-5332.468441480038,177.7121127773622,0,0,0,0,0,0
98.41662729999197,1338.6365966796875,-5332.5830078125,219.2176513671875,177.71103421293333,0.0,0.0,23.513975143432617,14,2,2,38,17,140,93,28,4,17,2,4,91,1,0,1338.6366001129306,-5332.582899923026,177.71103421293333,0,0,0,0,0,0
98.54162724999196,1341.5672607421875,-5332.65673828125,219.15675354003906,177.71013951513513,0.0,0.0,23.258319854736328,14,2,2,38,17,140,93,28,4,17,2,4,91,1,0,1341.5673018497641,-5332.656676545674,177.71013951513513,0,0,0,0,0,0
98.66662719999195,1344.4674072265625,-5332.73388671875,219.08189392089844,177.70955672239342,0.0,0.0,23.005294799804688,14,2,2,38,17,140,93,28,4,17,2,4,91,1,0,1344.4673663618976,-5332.734128189633,177.70955672239342,0,0,0,0,0,0
98.83329379999194,1348.2430419921875,-5332.85302734375,219.0363311767578,177.7112540073314,0.0,0.0,22.32205581665039,14,2,2,38,17,140,93,28,4,17,2,4,91,1,0,1348.2430003194688,-5332.853017852684,177.7112540073314,0,0,0,0,0,0
98.99996039999192,1351.9024658203125,-5332.9921875,219.0207977294922,177.71861491839778,0.0,0.0,21.65802764892578,14,2,2,38,17,140,93,28,4,17,2,4,91,1,0,1351.9025261131194,-5332.992430188433,177.71861491839778,0,0,0,0,0,0
99.04162704999192,1352.8017578125,-5333.0263671875,219.00694274902344,177.72092179958804,0.0,0.0,21.431251525878906,14,2,2,38,17,140,93,28,4,17,2,4,91,1,0,1352.8018026391069,-5333.026524743364,177.72092179958804,0,0,0,0,0,0
99.2082936499919,1356.192138671875,-5333.1171875,219.00314331054688,177.72744062566477,0.0,0.0,19.47885513305664,14,2,2,38,17,140,93,28,4,17,2,4,91,1,0,1356.1921408589208,-5333.117404017769,177.72744062566477,0,0,0,0,0,0
99.41662689999188,1359.935546875,-5333.1748046875,219.0094757080078,177.73117289474507,0.0,0.0,16.555381774902344,14,2,2,38,17,141,94,28,4,17,2,4,92,1,0,1359.935605723071,-5333.174586979302,177.73117289474507,0,0,0,0,0,0
99.54162684999187,1361.888671875,-5333.20458984375,218.95632934570312,177.73144040620554,0.0,0.0,14.701000213623047,14,2,2,38,17,141,94,28,4,17,2,4,92,1,0,1361.8886816102781,-5333.204414269399,177.73144040620554,0,0,0,0,0,0
99.66662679999186,1363.604248046875,-5333.234375,218.93679809570312,177.73154632590314,0.0,0.0,13.007232666015625,14,2,2,38,17,141,94,28,4,17,2,4,92,1,0,1363.6042780403784,-5333.234147848233,177.73154632590314,0,0,0,0,0,0
99.79162674999185,1365.142333984375,-5333.25048828125,218.94744873046875,177.73030100391767,0.0,0.0,11.739364624023438,14,2,2,38,17,141,94,28,4,17,2,4,92,1,0,1365.1423498301017,-5333.250300686259,177.73030100391767,0,0,0,0,0,0
99.87496004999184,1366.095458984375,-5333.25048828125,218.94403076171875,177.72889731449803,0.0,0.0,11.140043258666992,14,2,2,38,17,141,94,28,4,17,2,4,92,1,0,1366.0954460103885,-5333.2506062812745,177.72889731449803,0,0,0,0,0,0
100.04162664999183,1367.8944091796875,-5333.23876953125,218.90003967285156,177.72546312872055,0.0,0.0,10.526359558105469,14,2,2,38,17,141,94,28,4,17,2,4,92,1,0,1367.8944629983112,-5333.238958309271,177.72546312872055,0,0,0,0,0,0
100.24995989999181,1370.1038818359375,-5333.22998046875,218.84556579589844,177.7229378422229,0.0,0.0,10.729730606079102,14,2,2,38,17,141,94,28,4,17,2,4,92,1,0,1370.1038793773612,-5333.229757144505,177.7229378422229,0,0,0,0,0,0
100.54162644999178,1373.4007568359375,-5333.2138671875,218.78477478027344,177.72292961766277,0.0,0.0,11.98202896118164,14,2,2,38,17,141,94,28,4,17,2,4,92,1,0,1373.4008150220538,-5333.2139482934135,177.72292961766277,0,0,0,0,0,0
100.70829304999177,1375.517578125,-5333.232421875,218.71945190429688,177.72592635005392,0.0,0.0,13.297286987304688,14,2,2,38,17,141,94,28,4,17,2,4,92,1,0,1375.5175414415212,-5333.232418393843,177.72592635005392,0,0,0,0,0,0
100.95829294999174,1368.8944091796875,-5333.044921875,219.12632751464844,177.70450028424835,1.0,0.0,89.35347747802734,14,2,2,38,17,141,94,28,4,17,2,4,92,1,0,1368.8944596994397,-5333.04481534925,177.70450028424835,0,0,0,0,0,0
101.20829284999172,1329.9825439453125,-5338.81494140625,220.1100311279297,179.34938957622384,1.0,0.0,215.65728759765625,14,2,2,38,17,141,94,28,4,17,2,4,92,1,0,1329.9825207036388,-5338.81512393166,179.34938957622384,0,0,0,0,0,0
101.4582927499917,1264.63134765625,-5357.38330078125,223.17446899414062,-177.0195567223606,1.0,0.0,314.1023864746094,13,2,2,38,17,141,94,28,4,17,2,4,92,1,0,1264.631370979709,-5357.383288411617,-177.0195567223606,0,0,0,0,0,0
101.62495934999168,1210.0950927734375,-5379.42431640625,225.8433837890625,-173.37722352656147,1.0,0.0,377.47528076171875,13,2,2,38,17,143,95,28,4,17,2,4,93,1,0,1210.0950589146655,-5379.424322902165,-173.37722352656147,0,0,0,0,0,0
101.87495924999166,1117.33935546875,-5429.01513671875,231.98651123046875,-166.43812251252987,1.0,0.0,448.8324279785156,13,2,2,38,17,145,97,28,4,17,2,4,94,1,0,1117.3393806890097,-5429.014919347419,-166.43812251252987,0,0,0,0,0,0
102.12495914999164,1015.8275756835938,-5497.02783203125,239.51852416992188,-159.63660522697938,1.0,-1.0,521.9801635742188,13,2,2,38,17,147,99,28,4,17,2,4,95,1,0,1015.8275944229036,-5497.027712318961,-159.63660522697938,0,0,0,0,0,0
102.37495904999162,890.3264770507812,-5560.6259765625,248.24697875976562,-157.06522170830522,1.0,-1.0,599.9979248046875,14,2,2,38,17,147,99,28,4,17,2,4,96,1,0,890.3264910769359,-5560.62578955035,-157.06522170830522,0,0,0,0,0,0
102.5832922999916,773.8719482421875,-5612.0947265625,261.8265380859375,-156.5076431907542,1.0,-1.0,606.7428588867188,13,2,2,38,17,149,101,28,4,17,2,4,97,1,0,773.871920838807,-5612.094719860236,-156.5076431907542,0,0,0,0,0,0
102.83329219999158,630.79345703125,-5667.3623046875,267.6280212402344,-158.52347003176405,1.0,-1.0,630.583984375,12,2,2,38,17,149,101,28,4,17,2,4,98,1,0,630.7934708142565,-5667.362408329109,-158.52347003176405,0,0,0,0,0,0
103.08329209999155,490.02850341796875,-5692.1474609375,279.76739501953125,-163.88608638868277,1.0,-1.0,573.9453125,12,2,2,38,17,150,102,28,4,17,2,4,99,1,0,490.0285167293496,-5692.147601755993,-163.88608638868277,0,0,0,0,0,0
103.24995869999154,393.55999755859375,-5698.001953125,280.5148010253906,-167.56964807789706,1.0,0.0,615.19091796875,13,2,2,38,17,152,104,28,4,17,2,4,100,1,0,393.5599920701703,-5698.001838470992,-167.56964807789706,0,0,0,0,0,0
103.49995859999152,242.0299072265625,-5739.3828125,276.70233154296875,-165.57748906320822,1.0,0.0,625.1220703125,11,2,2,38,17,152,104,28,4,17,2,4,101,1,0,242.0299112756964,-5739.382847528625,-165.57748906320822,0,0,0,0,0,0
103.7499584999915,100.77302551269531,-5805.8193359375,296.45770263671875,-161.7655341377451,1.0,0.0,636.1475219726562,10,2,2,38,17,155,107,28,4,17,2,4,103,1,0,100.77302411642957,-5805.819304999099,-161.7655341377451,0,0,0,0,0,0
103.99995839999147,-55.195556640625,-5851.5458984375,299.4579162597656,-163.4323018176555,1.0,0.0,674.4475708007812,10,2,2,38,17,156,108,28,4,17,2,4,104,1,0,-55.19555793271979,-5851.545798856271,-163.4323018176555,0,0,0,0,0,0
104.12495834999146,-139.62411499023438,-5861.85498046875,300.7636413574219,-165.6930742182392,1.0,-1.0,684.5394897460938,10,2,2,38,17,157,109,28,4,17,2,4,105,1,0,-139.62411626263759,-5861.854921728406,-165.6930742182392,0,0,0,0,0,0
104.37495824999144,-314.47271728515625,-5875.60888671875,303.9882507324219,-170.55640569429377,1.0,0.0,729.5355224609375,10,2,2,38,17,159,111,28,4,17,2,4,106,1,0,-314.4727109647574,-5875.608998366317,-170.55640569429377,0,0,0,0,0,0
104.62495814999141,-496.7688903808594,-5893.40869140625,317.7560729980469,-173.4844552006699,1.0,0.0,722.901123046875,10,2,2,38,17,161,113,28,4,17,2,4,108,1,0,-496.76887642927767,-5893.408678753877,-173.4844552006699,0,0,0,0,0,0
104.8332913999914,-645.8944702148438,-5900.07763671875,327.10577392578125,-175.82982124216278,1.0,0.0,729.8114013671875,10,2,2,38,17,161,113,28,4,17,2,4,109,1,0,-645.8944712820928,-5900.0778615860045,-175.82982124216278,0,0,0,0,0,0
104.99995799999138,-765.4569702148438,-5882.9404296875,332.1275634765625,-179.91450661206952,1.0,0.0,729.1306762695312,10,2,2,38,17,163,115,28,4,17,2,4,110,1,0,-765.4569719522427,-5882.940611672587,-179.91450661206952,0,0,0,0,0,0
105.24995789999136,-943.9078979492188,-5843.03857421875,332.3324890136719,173.2319412486967,1.0,0.0,761.5473022460938,9,2,2,38,17,164,116,28,4,17,2,4,111,1,0,-943.9078755425622,-5843.038792674511,173.2319412486967,0,0,0,0,0,0
105.49995779999134,-1127.126953125,-5776.3125,335.6382751464844,166.39064725929265,1.0,0.0,816.8071899414062,8,2,2,38,17,166,118,28,4,17,2,4,113,1,0,-1127.1269410038376,-5776.312564914101,166.39064725929265,0,0,0,0,0,0
105.70829104999132,-1290.57861328125,-5728.18994140625,337.67254638671875,166.4639924663511,1.0,1.0,813.4036865234375,8,2,2,40,18,168,120,28,4,18,2,4,114,1,0,-1290.578646587805,-5728.189924026409,166.4639924663511,0,0,0,0,0,0
105.9166242999913,-1462.1888427734375,-5736.34619140625,352.63958740234375,175.1251092967625,1.0,0.0,794.503662109375,8,2,2,40,18,170,122,28,4,18,2,4,116,0,0,-1455.4317174557698,-5735.417676809315,174.80429346955995,8,2,2,0,2,0
106.16662419999128,-1660.677490234375,-5774.46875,354.4232177734375,-176.5132050830733,1.0,0.0,844.617919921875,8,2,2,40,18,172,124,28,4,18,2,4,117,1,0,-1660.67749490566,-5774.468585760837,-176.5132050830733,0,0,0,0,0,0
106.41662409999125,-1861.4075927734375,-5842.11328125,359.4955139160156,-167.88235530264703,1.0,1.0,826.6084594726562,8,2,2,45,19,176,128,28,4,19,2,4,119,1,0,-1861.407639197626,-5842.113158970168,-167.88235530264703,0,0,0,0,0,0
106.54162404999124,-1945.657958984375,-5896.0673828125,367.64263916015625,-161.32742513633295,0.0,1.0,766.5377807617188,8,2,2,45,19,178,130,28,4,19,2,4,120,1,0,-1945.6579082484354,-5896.067387575697,-161.32742513633295,0,0,0,0,0,0
106.74995729999122,-2085.21142578125,-5977.7890625,380.5573425292969,-157.02384143194834,1.0,-1.0,768.1913452148438,8,2,2,45,19,180,130,28,4,19,2,4,121,1,0,-2085.2113578441454,-5977.789158955923,-157.02384143194834,0,0,0,0,0,0
106.9999571999912,-2271.79052734375,-6024.35595703125,397.3952331542969,-163.39896980811324,1.0,-1.0,759.789306640625,8,2,2,45,19,184,131,32,5,19,2,5,123,0,0,-2265.544650118157,-6023.735235466901,-163.08911220960988,8,2,2,0,1,0
107.24995709999118,-2454.044189453125,-6018.12158203125,406.2174377441406,-173.679644464282,1.0,-1.0,769.9247436523438,8,2,2,45,19,186,132,32,5,19,2,5,124,1,0,-2454.044105454549,-6018.121483058277,-173.679644464282,0,0,0,0,0,0
107.37495704999117,-2541.533935546875,-6006.03955078125,405.9688415527344,-177.598440304064,0.0,0.0,545.8095703125,8,2,2,45,19,188,133,32,5,19,2,5,125,1,0,-2541.5340386210933,-6006.039786321218,-177.598440304064,0,0,0,0,0,0
107.58329029999115,-2547.325927734375,-6014.859375,417.6817626953125,179.2113459611826,0.0,1.0,104.1653060913086,8,2,2,45,19,188,133,32,5,19,2,5,125,1,0,-2547.3258275054322,-6014.859579368796,179.2113459611826,0,0,0,0,0,0
107.87495684999112,-2542.120361328125,-6031.8642578125,425.5423583984375,178.62911823022037,1.0,1.0,90.2937240600586,8,2,2,45,19,188,133,32,5,19,2,5,125,1,0,-2542.120446839367,-6031.864137173724,178.62911823022037,0,0,0,0,0,0
108.1666233999911,-2512.896484375,-6023.40185546875,411.774169921875,177.0371006392337,-1.0,-1.0,153.07228088378906,8,2,2,45,19,188,133,32,5,19,2,5,125,1,0,-2512.896388553814,-6023.401866315882,177.0371006392337,0,0,0,0,0,0
108.33328999999108,-2491.79638671875,-6010.71826171875,398.824462890625,176.38175463754774,-1.0,-1.0,179.9238739013672,8,2,2,45,19,188,133,32,5,19,2,5,125,1,0,-2491.79646082062,-6010.718070642053,176.38175463754774,0,0,0,0,0,0
108.58328989999106,-2437.989501953125,-6013.05078125,395.531982421875,176.40690029339143,-1.0,-1.0,275.5308532714844,8,2,2,45,19,188,133,32,5,19,2,5,125,1,0,-2437.989501946537,-6013.050990486912,176.40690029339143,0,0,0,0,0,0
108.83328979999104,-2362.388916015625,-6034.9423828125,394.3277587890625,-179.84768396855986,-1.0,-1.0,344.26776123046875,8,2,2,45,19,189,133,32,5,19,2,5,126,1,0,-2362.388815480923,-6034.942496661511,-179.84768396855986,0,0,0,0,0,0
109.04162304999102,-2290.540283203125,-6054.09814453125,389.3759765625,-175.60783766496712,-1.0,-1.0,382.3880615234375,8,2,2,45,19,189,133,32,5,19,2,5,126,1,0,-2290.540293328851,-6054.098266205259,-175.60783766496712,0,0,0,0,0,0
109.249956299991,-2208.95361328125,-6066.9873046875,384.9295654296875,-170.6482861943176,0.0,-1.0,396.1692810058594,8,2,2,45,19,191,134,32,5,19,2,5,127,1,0,-2208.9536711047263,-6066.987225665309,-170.6482861943176,0,0,0,0,0,0
109.49995619999098,-2119.337158203125,-6070.58837890625,377.39849853515625,-165.91003935972572,0.0,-1.0,346.7707824707031,8,2,2,45,19,193,134,32,5,19,2,5,128,1,0,-2119.337088006176,-6070.588351853617,-165.91003935972572,0,0,0,0,0,0
109.74995609999095,-2042.5855712890625,-6068.25146484375,376.1726989746094,-162.00364977744607,1.0,1.0,258.90228271484375,8,2,2,45,19,193,134,32,5,19,2,5,128,1,0,-2042.5855915583775,-6068.251522004436,-162.00364977744607,0,0,0,0,0,0
109.87495604999094,-2016.3209228515625,-6063.17138671875,375.6689758300781,-161.4686660472178,1.0,1.0,176.5028839111328,8,2,2,45,19,195,135,32,5,19,2,5,129,1,0,-2016.3209339679006,-6063.1713490815855,-161.4686660472178,0,0,0,0,0,0
110.08328929999092,-1998.0560302734375,-6054.2255859375,374.78857421875,-161.83539228837853,1.0,1.0,34.706241607666016,8,2,3,45,19,195,135,32,5,19,2,5,129,1,0,-1998.0560210221001,-6054.2256857238135,-161.83539228837853,0,0,0,0,0,0
110.3332891999909,-2005.408203125,-6061.51513671875,378.3351135253906,-160.78019923863494,1.0,1.0,103.47044372558594,8,2,2,45,19,195,135,32,5,19,2,5,129,1,0,-2005.4082488345462,-6061.5152371727645,-160.78019923863494,0,0,0,0,0,0
110.58328909999088,-2034.503173828125,-6089.7431640625,377.2795104980469,-157.58179113089187,1.0,0.0,220.26841735839844,8,2,2,45,19,195,135,32,5,19,2,5,129,1,0,-2034.5032334839618,-6089.743119153245,-157.58179113089187,0,0,0,0,0,0
110.74995569999086,-2066.085205078125,-6119.1083984375,376.4364318847656,-154.8375088003744,1.0,-1.0,294.1643371582031,8,2,2,45,19,195,135,32,5,19,2,5,129,1,0,-2066.0851363569577,-6119.108285384613,-154.8375088003744,0,0,0,0,0,0
110.95828894999084,-2120.749267578125,-6159.22314453125,379.2936706542969,-152.59252714502233,1.0,-1.0,347.5460510253906,8,2,2,45,19,197,136,32,5,19,2,5,130,1,0,-2120.749343100543,-6159.2231435732665,-152.59252714502233,0,0,0,0,0,0
111.20828884999082,-2209.548828125,-6206.15771484375,384.21044921875,-152.9703848171105,1.0,-1.0,449.9630432128906,8,2,2,45,19,197,136,32,5,19,2,5,130,1,0,-2209.548783389433,-6206.157704041452,-152.9703848171105,0,0,0,0,0,0
111.4582887499908,-2287.382080078125,-6227.09521484375,397.45062255859375,-154.80477516941417,1.0,-1.0,169.7305145263672,8,2,2,45,19,198,136,32,5,19,2,5,131,1,0,-2287.3820860575684,-6227.095149396132,-154.80477516941417,0,0,0,0,0,0
111.58328869999079,-2310.014892578125,-6226.52880859375,411.1324768066406,-156.16436463541405,1.0,-1.0,187.07965087890625,8,2,2,45,19,198,136,32,5,19,2,5,131,1,0,-2310.0147763408027,-6226.528625575373,-156.16436463541405,0,0,0,0,0,0
111.79162194999077,-2356.654541015625,-6237.40576171875,420.84503173828125,-157.87375104720763,1.0,-1.0,261.834716796875,8,2,2,45,19,200,137,32,5,19,2,5,132,1,0,-2356.654590873287,-6237.405774656754,-157.87375104720763,0,0,0,0,0,0
112.04162184999075,-2425.36328125,-6269.021484375,409.7795715332031,-158.5318387329938,1.0,-1.0,345.2668762207031,8,2,2,45,19,200,137,32,5,19,2,5,132,1,0,-2425.363216691106,-6269.0214898503045,-158.5318387329938,0,0,0,0,0,0
112.29162174999072,-2505.67041015625,-6304.642578125,394.4825134277344,-158.7022358738682,1.0,-1.0,371.8228454589844,8,2,2,45,19,201,138,32,5,19,2,5,133,1,0,-2505.6704244376574,-6304.642651235013,-158.7022358738682,0,0,0,0,0,0
112.41662169999071,-2551.984375,-6321.576171875,405.9488830566406,-159.47819076258835,1.0,-1.0,392.6922302246094,8,2,2,45,19,201,138,32,5,19,2,5,133,1,0,-2551.9843916133163,-6321.576040400778,-159.47819076258835,0,0,0,0,0,0
112.6249549499907,-2632.453369140625,-6332.46728515625,424.8365173339844,-164.02331246509289,1.0,-1.0,421.2132873535156,8,2,2,45,19,202,139,32,5,19,2,5,134,1,0,-2632.453294602245,-6332.467328221498,-164.02331246509289,0,0,0,0,0,0
112.87495484999067,-2739.044677734375,-6316.98974609375,428.88800048828125,-173.3136834616506,1.0,-1.0,467.3680725097656,8,2,2,45,19,204,141,32,5,19,2,5,135,1,0,-2739.0447139244293,-6316.989933678182,-173.3136834616506,0,0,0,0,0,0
113.12495474999065,-2832.084228515625,-6282.150390625,430.49151611328125,177.66980222216165,1.0,-1.0,111.68878936767578,8,2,2,46,20,206,142,32,5,20,2,5,136,1,0,-2832.084313885596,-6282.150439464563,177.66980222216165,0,0,0,0,0,0
113.24995469999064,-2838.48974609375,-6275.72021484375,447.5240783691406,174.67022482792777,1.0,-1.0,25.113773345947266,8,2,2,46,20,206,142,32,5,20,2,5,136,1,0,-2838.48965830733,-6275.720415775703,174.67022482792777,0,0,0,0,0,0
113.49995459999062,-2844.028076171875,-6283.23828125,463.87493896484375,175.06038481034716,1.0,-1.0,72.92657470703125,8,2,2,46,20,206,142,32,5,20,2,5,136,1,0,-2844.0281457044234,-6283.238395301166,175.06038481034716,0,0,0,0,0,0
113.79162114999059,-2879.241943359375,-6293.0888671875,450.24505615234375,178.18319651370118,1.0,1.0,149.52825927734375,8,2,1,46,20,206,142,32,5,20,2,5,136,1,0,-2879.2418295379543,-6293.088657580831,178.18319651370118,0,0,0,0,0,0
114.04162104999057,-2932.487548828125,-6298.4541015625,451.36370849609375,-179.4348761047735,1.0,1.0,262.8233947753906,8,2,2,46,20,207,142,33,6,20,2,6,137,1,0,-2932.487471788861,-6298.453899475445,-179.4348761047735,0,0,0,0,0,0
114.24995429999055,-2992.812255859375,-6295.90185546875,434.9174499511719,-178.18608364235337,1.0,0.0,316.6654357910156,8,2,2,46,20,207,142,33,6,20,2,6,137,1,0,-2992.8123152363005,-6295.901743837819,-178.18608364235337,0,0,0,0,0,0
114.49995419999053,-3080.080322265625,-6291.482421875,410.6205749511719,-178.93862918944177,1.0,0.0,422.96710205078125,8,2,2,46,20,209,144,33,6,20,2,6,138,1,0,-3080.080224933403,-6291.482537880725,-178.93862918944177,0,0,0,0,0,0
114.7499540999905,-3197.248291015625,-6281.1845703125,422.4794006347656,178.4162234099056,1.0,-1.0,509.7791748046875,8,2,2,48,21,209,144,33,6,21,2,6,139,1,0,-3197.2482511318563,-6281.184363308167,178.4162234099056,0,0,0,0,0,0
114.91662069999049,-3283.956298828125,-6267.2353515625,425.8426818847656,176.36397803197013,1.0,-1.0,556.853515625,7,2,2,48,21,209,144,33,6,21,2,6,139,1,0,-3283.956346708919,-6267.235130619034,176.36397803197013,0,0,0,0,0,0
115.16662059999047,-3394.43603515625,-6250.22900390625,427.0067138671875,169.60970474985464,1.0,0.0,337.03009033203125,8,2,2,53,22,211,146,33,6,22,2,6,140,1,0,-3394.4361088888186,-6250.228988118331,169.60970474985464,0,0,0,0,0,0
115.41662049999044,-3462.837158203125,-6220.90380859375,439.3128662109375,158.0470356904187,1.0,-1.0,305.9624938964844,8,2,2,53,22,213,148,33,6,22,2,6,141,1,0,-3462.8371516866573,-6220.903667290815,158.0470356904187,0,0,0,0,0,0
115.66662039999042,-3520.71484375,-6160.09912109375,420.6864929199219,147.109217613664,1.0,0.0,386.37054443359375,8,2,2,53,22,215,149,33,6,22,2,6,142,1,0,-3520.7149014911247,-6160.099100019678,147.109217613664,0,0,0,0,0,0
115.79162034999041,-3548.30810546875,-6119.76806640625,414.47247314453125,144.11647103719832,1.0,1.0,437.3106994628906,8,2,2,53,22,215,149,33,6,22,2,6,142,1,0,-3548.308129430293,-6119.768151359003,144.11647103719832,0,0,0,0,0,0
115.99995359999039,-3618.20361328125,-6054.59619140625,414.4849548339844,143.128132474734,1.0,0.0,509.3084716796875,8,2,2,53,22,217,150,33,6,22,2,6,143,1,0,-3618.203589260456,-6054.596274156993,143.128132474734,0,0,0,0,0,0
116.24995349999037,-3736.537841796875,-5981.31396484375,407.0146789550781,144.88223336419162,1.0,0.0,605.9678955078125,8,2,2,53,22,218,151,33,6,22,2,6,144,1,0,-3736.5379143449013,-5981.314117648907,144.88223336419162,0,0,0,0,0,0
116.49995339999035,-3852.05224609375,-5873.3818359375,401.5115661621094,141.3929125605942,1.0,-1.0,658.0191650390625,8,2,2,53,22,218,151,33,6,22,2,6,145,1,0,-3852.05229217626,-5873.381770068298,141.3929125605942,0,0,0,0,0,0
116.62495334999034,-3905.840576171875,-5809.59619140625,396.0535888671875,138.5302227226337,1.0,0.0,692.0122680664062,7,2,2,53,22,220,153,33,6,22,2,6,146,1,0,-3905.8406551192406,-5809.596244533424,138.5302227226337,0,0,0,0,0,0
116.83328659999032,-3995.70361328125,-5691.3369140625,376.28826904296875,133.35894229986016,1.0,0.0,751.9227294921875,9,2,2,57,23,220,153,33,6,23,2,6,147,1,0,-3995.7035327614035,-5691.33708742186,133.35894229986016,0,0,0,0,0,0
117.0832864999903,-4074.62646484375,-5520.02880859375,364.2485046386719,123.53693672432827,1.0,0.0,770.670166015625,9,2,2,57,23,224,157,33,6,23,2,6,149,1,0,-4074.6265857983553,-5520.028723375436,123.53693672432827,0,0,0,0,0,0
117.33328639999027,-4150.82958984375,-5343.77734375,351.4578857421875,119.78516131228598,1.0,1.0,719.7586059570312,8,2,2,59,24,226,159,33,6,24,2,6,150,1,0,-4150.829740659357,-5343.777549467844,119.78516131228598,0,0,0,0,0,0
117.45828634999026,-4211.93359375,-5281.54150390625,353.5780334472656,124.95535411868399,1.0,1.0,695.5850219726562,8,2,2,59,24,226,159,33,6,24,2,6,151,1,0,-4211.933800791614,-5281.54151299995,124.95535411868399,0,0,0,0,0,0
117.70828624999024,-4361.60595703125,-5198.4833984375,360.1488952636719,138.0935525166254,0.0,0.0,656.9517822265625,8,2,2,59,24,228,160,37,7,24,2,7,152,1,0,-4361.606124798402,-5198.483186788225,138.0935525166254,0,0,0,0,0,0
117.95828614999022,-4505.38916015625,-5129.1513671875,336.2948913574219,144.08389563607983,0.0,-1.0,570.0908203125,8,2,2,80,26,232,160,37,7,26,2,7,154,1,0,-4505.389246164131,-5129.15160225773,144.08389563607983,0,0,0,0,0,0
118.20828604999019,-4587.37744140625,-5044.02734375,334.1954345703125,140.32046549253928,0.0,-1.0,436.5729675292969,8,2,2,80,26,234,160,37,7,26,2,7,155,1,0,-4587.377272697329,-5044.027172706948,140.32046549253928,0,0,0,0,0,0
118.41661929999017,-4640.03759765625,-4975.24609375,336.1826477050781,136.76873703896715,0.0,0.0,402.0430908203125,8,2,2,80,26,234,160,37,7,26,2,7,155,1,0,-4640.03757980325,-4975.246206320862,136.76873703896715,0,0,0,0,0,0
118.66661919999015,-4686.96630859375,-4920.70166015625,329.29901123046875,136.1935138817825,0.0,0.0,36.17030334472656,8,2,2,80,26,236,160,37,7,26,2,7,156,1,0,-4686.966237462094,-4920.7015265380915,136.1935138817825,0,0,0,0,0,0
118.91661909999013,-4678.67578125,-4928.01416015625,331.4586486816406,136.76785299556565,0.0,0.0,41.878997802734375,8,2,2,80,26,236,160,37,7,26,2,7,156,1,0,-4678.675869017966,-4928.014109080753,136.76785299556565,0,0,0,0,0,0
119.08328569999011,-4674.26708984375,-4933.2978515625,329.6792907714844,136.96978891771087,0.0,0.0,33.94451141357422,8,2,2,80,26,236,160,37,7,26,2,7,156,1,0,-4674.267081700028,-4933.297938148593,136.96978891771087,0,0,0,0,0,0
119.2916189499901,-4669.7841796875,-4937.3583984375,330.9628601074219,137.03192346295336,0.0,0.0,26.42071533203125,8,2,2,80,26,236,160,37,7,26,2,7,156,1,0,-4669.784236224221,-4937.358396132272,137.03192346295336,0,0,0,0,0,0
119.54161884999007,-4665.49609375,-4941.310546875,330.7358093261719,137.05825362490492,0.0,0.0,20.225448608398438,8,2,2,80,26,236,160,37,7,26,2,7,156,1,0,-4665.496071265902,-4941.310705831403,137.05825362490492,0,0,0,0,0,0
119.79161874999005,-4662.1298828125,-4944.25439453125,330.7913818359375,137.0633644616049,0.0,0.0,15.578995704650879,8,2,2,80,26,236,160,37,7,26,2,7,156,1,0,-4662.129986923533,-4944.254358727184,137.0633644616049,0,0,0,0,0,0
119.91661869999004,-4660.75146484375,-4945.4072265625,330.9844970703125,137.06350772157606,0.0,0.0,12.919400215148926,8,2,2,80,26,236,160,37,7,26,2,7,156,1,0,-4660.751586168607,-4945.407080943351,137.06350772157606,0,0,0,0,0,0
120.12495194999002,-4652.3583984375,-4954.595703125,331.1192626953125,137.12242352705778,-1.0,1.0,115.98198699951172,8,2,2,80,26,236,160,37,7,26,2,7,156,1,0,-4652.3583982775335,-4954.595821483353,137.12242352705778,0,0,0,0,0,0
120.37495184999,-4619.80029296875,-4988.259765625,332.5128173828125,137.06383703758914,-1.0,1.0,254.5909881591797,8,2,2,80,26,236,160,37,7,26,2,7,156,1,0,-4619.800175750926,-4988.259848165542,137.06383703758914,0,0,0,0,0,0
120.62495174998998,-4560.18798828125,-5042.1123046875,334.0451965332031,136.44745649212754,-1.0,1.0,377.6529541015625,8,2,2,80,26,238,160,37,7,26,2,7,157,1,0,-4560.188223157864,-5042.112357344437,136.44745649212754,0,0,0,0,0,0
120.74995169998996,-4522.24072265625,-5075.53369140625,334.9296875,135.82797779382938,0.0,0.0,410.6407165527344,8,2,2,80,26,238,160,37,7,26,2,7,157,1,0,-4522.240774112673,-5075.533616792124,135.82797779382938,0,0,0,0,0,0
120.95828494998995,-4468.9111328125,-5126.54931640625,336.779296875,135.9674145230489,1.0,-1.0,281.9460754394531,9,2,2,80,26,240,160,37,7,26,2,7,158,1,0,-4468.911168770927,-5126.549539672856,135.9674145230489,0,0,0,0,0,0
121.20828484998992,-4439.8720703125,-5159.8994140625,337.797607421875,137.0962564163766,1.0,-1.0,72.94114685058594,9,2,2,80,26,240,160,37,7,26,2,7,158,1,0,-4439.871837212114,-5159.899179360886,137.0962564163766,0,0,0,0,0,0
121.4582847499899,-4441.3818359375,-5154.435546875,337.4024658203125,136.8172700170808,1.0,-1.0,105.43804168701172,9,2,2,80,26,240,160,37,7,26,2,7,158,1,0,-4441.381855933136,-5154.4356223658515,136.8172700170808,0,0,0,0,0,0
121.54161804998989,-4446.2900390625,-5144.771484375,337.1208190917969,136.18738628890975,1.0,-1.0,154.64627075195312,9,2,2,80,26,240,160,37,7,26,2,7,158,1,0,-4446.290005588288,-5144.771448164895,136.18738628890975,0,0,0,0,0,0
121.74995129998987,-4466.345703125,-5105.70361328125,335.7213134765625,133.54738728377703,1.0,-1.0,265.4045715332031,9,2,2,80,26,240,160,37,7,26,2,7,158,1,0,-4466.3456817147,-5105.7037058642,133.54738728377703,0,0,0,0,0,0
121.99995119998985,-4501.486328125,-5032.15869140625,332.6448669433594,129.1130050538395,1.0,-1.0,383.01416015625,9,2,2,80,26,240,160,37,7,26,2,7,158,1,0,-4501.486105893238,-5032.158455489296,129.1130050538395,0,0,0,0,0,0
122.20828444998983,-4535.76416015625,-4950.97412109375,330.0259704589844,124.6814674582418,1.0,-1.0,466.19696044921875,9,2,2,80,26,242,160,37,7,26,2,7,159,1,0,-4535.763939036737,-4950.974292594709,124.6814674582418,0,0,0,0,0,0
122.37495104998982,-4565.275390625,-4873.50146484375,327.702880859375,120.97664452021408,1.0,-1.0,529.11083984375,9,2,2,80,26,244,160,37,7,26,2,7,160,1,0,-4565.275526375095,-4873.501664847773,120.97664452021408,0,0,0,0,0,0
122.5416176499898,-4593.2255859375,-4785.55419921875,325.6803283691406,117.00208087113955,1.0,-1.0,578.1465454101562,9,2,2,80,26,244,160,37,7,26,2,7,160,1,0,-4593.225412172088,-4785.554288316392,117.00208087113955,0,0,0,0,0,0
122.79161754998978,-4639.18701171875,-4639.455078125,324.0591735839844,113.12673290888883,1.0,-1.0,643.7006225585938,9,2,2,80,26,247,161,37,7,26,2,7,162,1,0,-4639.187087559529,-4639.455301220473,113.12673290888883,0,0,0,0,0,0
123.04161744998976,-4694.66064453125,-4488.9951171875,321.3501281738281,111.32872906547536,0.0,-1.0,619.20458984375,9,2,2,80,26,249,161,37,7,26,2,7,163,1,0,-4694.660721318371,-4488.995089849532,111.32872906547536,0,0,0,0,0,0
123.20828404998974,-4718.630859375,-4395.99658203125,318.79962158203125,108.44729869518808,0.0,-1.0,562.7296142578125,9,2,2,80,26,251,161,37,7,26,2,7,164,1,0,-4718.630793819218,-4395.996581180411,108.44729869518808,0,0,0,0,0,0
123.37495064998973,-4742.18408203125,-4295.55126953125,314.4520568847656,107.26598783247066,1.0,1.0,605.5953979492188,9,2,2,80,26,253,162,37,7,26,2,7,165,0,0,-4740.764595735992,-4300.430682523353,107.23366759256076,9,2,2,0,1,0
123.6249505499897,-4800.80419921875,-4156.38134765625,306.15533447265625,110.3354863891115,1.0,1.0,666.5571899414062,9,2,2,80,26,254,162,37,7,26,2,7,166,1,0,-4800.804055526985,-4156.381491420493,110.3354863891115,0,0,0,0,0,0
123.87495044998968,-4881.97802734375,-3999.2041015625,295.29150390625,113.6634027092047,1.0,1.0,745.4513549804688,8,2,2,80,26,255,162,37,7,26,2,7,167,1,0,-4881.978210771932,-3999.204023602065,113.6634027092047,0,0,0,0,0,0
124.04161704998967,-4933.89111328125,-3883.129150390625,286.03009033203125,113.96034515743598,1.0,1.0,790.91015625,7,2,2,80,26,257,163,37,7,26,2,7,168,1,0,-4933.891231866932,-3883.129266434868,113.96034515743598,0,0,0,0,0,0
124.20828364998965,-4989.81640625,-3759.872802734375,271.5981750488281,114.6527392146257,1.0,1.0,836.43505859375,8,2,2,81,27,258,163,37,7,27,2,7,169,1,0,-4989.816625797586,-3759.872782671961,114.6527392146257,0,0,0,0,0,0
124.41661689998963,-5073.49609375,-3604.885986328125,261.204833984375,117.34334798685302,1.0,1.0,839.7985229492188,8,2,2,82,28,260,165,44,8,28,2,8,171,1,0,-5073.496078870666,-3604.8858655760673,117.34334798685302,0,0,0,0,0,0
124.66661679998961,-5184.2705078125,-3437.550048828125,240.81777954101562,121.57338852970294,1.0,1.0,782.1567993164062,8,2,2,82,28,261,166,44,8,28,2,8,172,1,0,-5184.270678957992,-3437.550004872143,121.57338852970294,0,0,0,0,0,0
124.8749500499896,-5305.4619140625,-3350.643310546875,228.88662719726562,132.19178333378142,0.0,1.0,685.0975341796875,8,2,2,82,28,264,169,44,8,28,2,8,174,1,0,-5305.462052344191,-3350.6433183886174,132.19178333378142,0,0,0,0,0,0
125.08328329998957,-5387.40673828125,-3262.542724609375,225.5061492919922,131.47263379365737,0.0,1.0,501.4811096191406,8,2,2,82,28,264,169,44,8,28,2,8,175,1,0,-5387.406898228381,-3262.542724758695,131.47263379365737,0,0,0,0,0,0
125.33328319998955,-5459.20166015625,-3164.054443359375,237.71946716308594,129.9911763116166,0.0,1.0,435.6640319824219,8,2,2,82,28,265,170,44,8,28,2,8,176,0,0,-5456.937947737097,-3167.0313099835926,129.9461638048842,8,2,2,0,1,0
125.58328309998953,-5525.17431640625,-3079.24072265625,214.90757751464844,131.51539764991225,1.0,1.0,434.7180480957031,8,2,2,82,28,265,170,44,8,28,2,8,176,1,0,-5525.174163921601,-3079.2407269418013,131.51539764991225,0,0,0,0,0,0
125.70828304998952,-5560.15380859375,-3038.95703125,197.98220825195312,132.53662066573355,1.0,1.0,448.1353759765625,8,2,2,82,28,266,171,44,8,28,2,8,177,1,0,-5560.1538564371995,-3038.9570056241687,132.53662066573355,0,0,0,0,0,0
125.9166162999895,-5638.4228515625,-2985.369873046875,179.37509155273438,136.54814063600708,1.0,1.0,501.2164001464844,8,2,2,82,28,267,172,44,8,28,2,8,178,1,0,-5638.4227633110695,-2985.3697803483337,136.54814063600708,0,0,0,0,0,0
126.16661619998948,-5761.99609375,-2943.560302734375,148.95660400390625,144.70086792816068,1.0,1.0,534.6502685546875,8,2,2,82,28,269,173,44,8,28,2,8,179,1,0,-5761.996236898513,-2943.560205494337,144.70086792816068,0,0,0,0,0,0
126.41661609998945,-5893.20556640625,-2891.33740234375,148.5234832763672,150.5662516218239,1.0,1.0,599.3005981445312,8,2,2,85,29,271,174,44,8,29,2,8,180,1,0,-5893.205616426103,-2891.337281515567,150.5662516218239,0,0,0,0,0,0
126.58328269998944,-5992.0537109375,-2855.41455078125,139.64173889160156,153.89014916291035,1.0,1.0,651.119873046875,8,2,2,85,29,273,175,44,8,29,2,8,181,1,0,-5992.053733321584,-2855.4145411671593,153.89014916291035,0,0,0,0,0,0
126.79161594998942,-6129.10107421875,-2818.8857421875,130.98825073242188,158.7322900929419,1.0,1.0,678.0642700195312,8,2,2,85,29,275,176,44,8,29,2,8,182,1,0,-6129.100888768276,-2818.885724194141,158.7322900929419,0,0,0,0,0,0
127.0416158499894,-6296.73486328125,-2808.499755859375,130.8114776611328,166.73021882680246,1.0,1.0,634.9444580078125,8,2,2,85,29,277,177,44,8,29,2,8,183,1,0,-6296.734768381071,-2808.499854027284,166.73021882680246,0,0,0,0,0,0
127.29161574998938,-6464.5693359375,-2791.948486328125,129.65103149414062,169.18997374447346,1.0,-1.0,692.3541259765625,8,2,2,85,29,280,178,47,9,29,2,9,185,1,0,-6464.569271899144,-2791.948405246822,169.18997374447346,0,0,0,0,0,0
127.41661569998936,-6543.79443359375,-2761.481201171875,131.87734985351562,166.30983106223738,1.0,-1.0,672.37060546875,8,2,2,85,29,280,178,47,9,29,2,9,185,1,0,-6543.794351444396,-2761.4811917914712,166.30983106223738,0,0,0,0,0,0
127.62494894998935,-6677.03076171875,-2710.008544921875,143.79815673828125,163.53684415723527,1.0,-1.0,692.1527709960938,7,2,2,85,29,282,179,47,9,29,2,9,186,1,0,-6677.030802390922,-2710.008602140985,163.53684415723527,0,0,0,0,0,0
127.83328219998933,-6814.66650390625,-2664.62451171875,143.85885620117188,163.10313220659785,1.0,0.0,659.5005493164062,8,2,2,87,30,283,180,47,9,30,2,9,188,1,0,-6814.66645348587,-2664.624478855123,163.10313220659785,0,0,0,0,0,0
128.0832820999893,-6970.0380859375,-2645.394775390625,160.80226135253906,166.93991901119887,1.0,0.0,617.9132080078125,8,2,2,87,30,284,181,47,9,30,2,9,189,1,0,-6970.03791733095,-2645.394750613338,166.93991901119887,0,0,0,0,0,0
128.2082820499893,-7048.73388671875,-2631.845947265625,165.03256225585938,168.2323297855292,1.0,-1.0,640.4789428710938,8,2,2,92,31,285,182,47,9,31,2,9,190,1,0,-7048.7338869967925,-2631.8460116767646,168.2323297855292,0,0,0,0,0,0
128.37494864998928,-7145.3515625,-2609.864013671875,161.92147827148438,167.6872957479396,0.0,-1.0,572.5355834960938,8,2,2,92,31,285,182,47,9,31,2,9,190,1,0,-7145.351349531888,-2609.8641162853455,167.6872957479396,0,0,0,0,0,0
128.62494854998926,-7256.90234375,-2572.509521484375,181.6009063720703,165.69461405140137,0.0,-1.0,357.92742919921875,8,2,2,92,31,286,182,47,9,31,2,9,191,1,0,-7256.902467796138,-2572.509626386217,165.69461405140137,0,0,0,0,0,0
128.87494844998923,-7326.98583984375,-2526.762939453125,189.1793212890625,160.6333338263523,0.0,-1.0,335.70513916015625,8,2,2,92,31,288,182,47,9,31,2,9,192,1,0,-7326.985849954409,-2526.7628481177526,160.6333338263523,0,0,0,0,0,0
129.04161504998922,-7370.6669921875,-2499.897216796875,176.10910034179688,158.3928964611872,0.0,-1.0,295.5070495605469,8,2,2,92,31,288,182,47,9,31,2,9,192,1,0,-7370.666756468462,-2499.8971579277645,158.3928964611872,0,0,0,0,0,0
129.2082816499892,-7405.66455078125,-2473.0263671875,178.92510986328125,156.1222730201784,1.0,-1.0,254.59417724609375,8,2,2,92,31,290,182,47,9,31,2,9,193,1,0,-7405.664362710398,-2473.0264017755994,156.1222730201784,0,0,0,0,0,0
129.45828154998918,-7454.04443359375,-2417.33251953125,194.69281005859375,149.58672849126265,1.0,-1.0,331.5841979980469,8,2,2,92,31,290,182,47,9,31,2,9,193,1,0,-7454.044273450505,-2417.3325401061884,149.58672849126265,0,0,0,0,0,0
129.70828144998916,-7505.4306640625,-2339.59326171875,192.96286010742188,141.91030279390603,1.0,-1.0,427.9949645996094,8,2,2,92,31,292,182,47,9,31,2,9,194,1,0,-7505.4305190809,-2339.593198341935,141.91030279390603,0,0,0,0,0,0
129.87494804998914,-7539.91748046875,-2274.946044921875,186.80294799804688,136.6083378235432,1.0,-1.0,483.093017578125,8,2,2,102,32,294,183,47,9,32,2,9,195,1,0,-7539.917516612256,-2274.946037279521,136.6083378235432,0,0,0,0,0,0
130.04161464998913,-7577.3955078125,-2196.20263671875,184.3236083984375,130.97345715572223,1.0,-1.0,536.73974609375,8,2,2,102,32,296,184,47,9,32,2,9,196,0,0,-7575.4795818163,-2200.203222773369,131.2230263470527,8,2,2,0,1,0
130.2916145499891,-7637.5908203125,-2071.323486328125,187.6062469482422,124.83974621219475,1.0,-1.0,616.1129760742188,8,2,2,102,32,298,186,47,9,32,2,9,197,1,0,-7637.591034389334,-2071.32360415002,124.83974621219475,0,0,0,0,0,0
130.54161444998908,-7696.390625,-1920.429443359375,184.9988250732422,118.57303673352492,1.0,-1.0,686.4439697265625,8,2,2,107,34,300,188,47,9,34,2,9,198,1,0,-7696.390663810096,-1920.4294908487534,118.57303673352492,0,0,0,0,0,0
130.70828104998907,-7730.37646484375,-1807.5631103515625,182.62203979492188,114.24144787057354,1.0,0.0,742.646484375,8,2,2,108,35,301,189,47,9,35,2,9,199,1,0,-7730.37656566998,-1807.5630699478443,114.24144787057354,0,0,0,0,0,0
130.87494764998905,-7771.19775390625,-1685.910400390625,179.60171508789062,112.37191854308226,1.0,0.0,798.802490234375,8,2,2,108,35,302,189,47,9,35,2,9,200,1,0,-7771.197804148362,-1685.9104177654767,112.37191854308226,0,0,0,0,0,0
131.08328089998903,-7836.79443359375,-1527.8643798828125,174.22024536132812,112.86333789302111,1.0,-1.0,852.4931030273438,8,2,2,108,35,304,190,47,9,35,2,9,201,1,0,-7836.794453003749,-1527.864329645225,112.86333789302111,0,0,0,0,0,0
131.29161414998902,-7905.86328125,-1362.22265625,169.54959106445312,112.80787778989558,1.0,-1.0,842.2852783203125,8,2,2,108,35,306,190,47,9,35,2,9,203,1,0,-7905.863384454983,-1362.2227036086178,112.80787778989558,0,0,0,0,0,0
131.541614049989,-7954.30224609375,-1170.0579833984375,175.99798583984375,108.34718721741733,1.0,-1.0,796.90673828125,8,2,2,108,35,308,192,47,9,35,2,9,204,1,0,-7954.302374112806,-1170.0579881278354,108.34718721741733,0,0,0,0,0,0
131.70828064998898,-7979.22216796875,-1040.4608154296875,160.9972381591797,104.65786637630559,1.0,0.0,792.2197265625,8,2,2,108,35,308,192,47,9,35,2,9,205,1,0,-7979.222327851582,-1040.4607812579943,104.65786637630559,0,0,0,0,0,0
131.91661389998896,-8000.96826171875,-873.12841796875,138.51268005371094,101.51183976907078,1.0,0.0,845.4165649414062,8,2,2,110,36,310,194,47,9,36,2,9,207,1,0,-8000.968380377521,-873.1284443781549,101.51183976907078,0,0,0,0,0,0
132.16661379998894,-8034.83154296875,-657.8013916015625,140.7435302734375,100.32055439817005,1.0,0.0,845.0686645507812,8,2,2,110,36,312,196,47,9,36,2,9,209,0,0,-8033.455511334083,-664.7441667250175,100.32035613274937,8,2,2,0,0,0
132.37494704998892,-8072.3173828125,-489.7976989746094,134.0641632080078,101.43010834234016,1.0,0.0,841.1395874023438,8,2,2,110,36,312,196,47,9,36,2,9,210,1,0,-8072.317234556442,-489.797702408474,101.43010834234016,0,0,0,0,0,0
132.5416136499889,-8113.33251953125,-351.3447265625,135.80123901367188,103.97698148741428,0.0,0.0,858.08837890625,8,2,2,110,36,314,198,47,9,36,2,9,211,1,0,-8113.332737577303,-351.3447400158019,103.97698148741428,0,0,0,0,0,0
132.79161354998888,-8176.5634765625,-159.32147216796875,122.13200378417969,106.10999620774948,0.0,-1.0,787.3703002929688,7,2,1,110,36,315,198,47,9,36,2,9,213,1,0,-8176.563614232984,-159.32146736987548,106.10999620774948,0,0,0,0,0,0
132.99994679998886,-8223.6435546875,-12.732412338256836,114.23043823242188,105.55574046371568,1.0,0.0,731.0896606445312,8,2,2,113,37,317,199,49,10,37,2,10,214,1,0,-8223.643909550843,-12.732412499849133,105.55574046371568,0,0,0,0,0,0
133.20828004998884,-8243.078125,138.9687957763672,122.81184387207031,100.38536947466243,1.0,-1.0,709.7228393554688,8,2,2,113,37,318,199,49,10,37,2,10,215,1,0,-8243.077992014776,138.9687995672787,100.38536947466243,0,0,0,0,0,0
133.37494664998883,-8248.5546875,256.1708679199219,122.053955078125,96.9453843889881,1.0,1.0,709.187744140625,8,2,2,113,37,320,200,49,10,37,2,10,216,1,0,-8248.554303121191,256.1708761111769,96.9453843889881,0,0,0,0,0,0
133.5832798999888,-8268.828125,406.7397155761719,96.01087188720703,97.37354021147716,1.0,1.0,637.14794921875,8,2,2,113,37,323,201,49,10,37,2,10,218,0,0,-8267.3944906029,401.62402222677633,97.12312365305722,8,2,2,0,1,0
133.8332797999888,-8330.9052734375,550.7241821289062,94.48481750488281,104.49015032336474,1.0,0.0,687.6632690429688,7,2,2,113,37,325,202,49,10,37,2,10,219,1,0,-8330.905717839298,550.7241904325105,104.49015032336474,0,0,0,0,0,0
134.04161304998877,-8389.8037109375,689.2782592773438,91.84896087646484,107.36827784085605,1.0,0.0,747.3211059570312,8,2,2,114,38,327,203,49,10,38,2,10,220,1,0,-8389.803518235616,689.2782876920185,107.36827784085605,0,0,0,0,0,0
134.20827964998875,-8424.857421875,809.8034057617188,87.1634750366211,107.36087187559762,1.0,0.0,727.1109619140625,8,2,2,114,38,328,203,49,10,38,2,10,221,1,0,-8424.857093154968,809.8034003100569,107.36087187559762,0,0,0,0,0,0
134.45827954998873,-8460.560546875,989.2826538085938,80.79057312011719,105.29675176989002,1.0,0.0,738.6024780273438,8,2,2,114,38,330,205,49,10,38,2,10,223,0,0,-8459.11488747404,983.4309960510465,105.30172772455728,8,2,2,0,0,0
134.7082794499887,-8532.212890625,1149.4232177734375,66.66107177734375,110.03701319024566,1.0,1.0,692.716064453125,8,2,2,114,38,330,205,49,10,38,2,10,224,1,0,-8532.21250970302,1149.4232414307842,110.03701319024566,0,0,0,0,0,0
134.8749460499887,-8601.8408203125,1248.5479736328125,65.4948959350586,115.54375543550437,1.0,1.0,708.55615234375,8,2,2,115,39,332,207,49,10,39,2,10,225,1,0,-8601.840909815235,1248.5479939957,115.54375543550437,0,0,0,0,0,0
135.08327929998867,-8708.802734375,1353.9378662109375,58.01121520996094,125.14065388542913,1.0,0.0,731.6578369140625,8,2,2,115,39,334,209,49,10,39,2,10,226,1,0,-8708.802427901013,1353.9378363645683,125.14065388542913,0,0,0,0,0,0
135.29161254998866,-8841.900390625,1455.790771484375,51.367881774902344,133.39541132107703,1.0,0.0,793.4375610351562,8,2,2,115,39,338,213,49,10,39,2,10,228,0,0,-8836.536282918914,1451.9043999557985,133.12306556743377,8,2,2,0,2,0
135.54161244998863,-8978.7802734375,1592.3150634765625,56.39183807373047,133.35810559334743,1.0,-1.0,761.9766845703125,8,2,1,115,39,338,213,49,10,39,2,10,229,1,0,-8978.779991778229,1592.3150317648665,133.35810559334743,0,0,0,0,0,0
135.70827904998862,-9041.9052734375,1700.801513671875,67.35196685791016,128.33165378920228,1.0,-1.0,748.3180541992188,8,2,2,115,39,339,214,54,11,39,2,11,230,1,0,-9041.905275709567,1700.801497513995,128.33165378920228,0,0,0,0,0,0
135.9166122999886,-9108.4287109375,1844.6868896484375,67.0189437866211,121.72629475530918,1.0,0.0,792.8165283203125,8,2,2,115,39,341,216,54,11,39,2,11,231,1,0,-9108.428646463757,1844.6869435613216,121.72629475530918,0,0,0,0,0,0
136.12494554998858,-9153.4208984375,2002.8326416015625,67.63558959960938,114.53685479612234,1.0,0.0,805.9517822265625,8,2,2,115,39,345,220,54,11,39,2,11,233,1,0,-9153.42078995863,2002.8325977329657,114.53685479612234,0,0,0,0,0,0
136.37494544998856,-9162.3564453125,2201.291015625,80.02116394042969,102.47404871263025,1.0,0.0,816.3880615234375,8,2,2,119,40,347,221,54,11,40,2,11,234,1,0,-9162.356046109902,2201.2909443129056,102.47404871263025,0,0,0,0,0,0
136.54161204998854,-9151.056640625,2346.18212890625,85.62325286865234,94.81363524028905,1.0,0.0,857.0824584960938,8,2,2,119,40,351,223,54,11,40,2,11,236,0,0,-9151.80075217539,2339.1550970622,95.13604215953505,8,2,2,0,1,0
136.70827864998853,-9132.0029296875,2481.6083984375,87.25247192382812,89.32027008482984,1.0,0.0,894.773681640625,8,2,2,119,40,353,225,54,11,40,2,11,237,1,0,-9132.002748323128,2481.608459871745,89.32027008482984,0,0,0,0,0,0
136.9582785499885,-9096.92578125,2692.5283203125,86.1168212890625,84.45465690078622,0.0,0.0,816.0426025390625,8,2,2,119,40,353,225,54,11,40,2,11,238,1,0,-9096.925572192187,2692.528310378455,84.45465690078622,0,0,0,0,0,0
137.1666117999885,-9064.2431640625,2847.884033203125,87.915283203125,81.28658158403975,0.0,0.0,725.5513916015625,8,2,2,120,41,355,227,54,11,41,2,11,240,1,0,-9064.243310982514,2847.883926765142,81.28658158403975,0,0,0,0,0,0
137.37494504998847,-9030.0517578125,2969.47119140625,88.35701751708984,78.72876984434153,-1.0,1.0,520.0907592773438,8,2,2,120,41,357,227,54,11,41,2,11,241,1,0,-9030.051585724652,2969.471238017477,78.72876984434153,0,0,0,0,0,0
137.54161164998845,-9012.912109375,3035.68017578125,89.6488037109375,77.89945224703824,-1.0,1.0,315.43475341796875,8,2,2,120,41,357,227,54,11,41,2,11,241,1,0,-9012.911805295298,3035.680233890344,77.89945224703824,0,0,0,0,0,0
137.79161154998843,-9008.8876953125,3092.075927734375,89.6419448852539,79.01315084910054,-1.0,1.0,128.60244750976562,8,2,2,120,41,359,227,54,11,41,2,11,242,1,0,-9008.888034275893,3092.0758713685404,79.01315084910054,0,0,0,0,0,0
138.0416114499884,-9008.3671875,3100.98779296875,86.16708374023438,79.0560320441264,-1.0,0.0,55.063926696777344,8,2,2,120,41,359,227,54,11,41,2,11,242,1,0,-9008.366931715665,3100.9878527336186,79.0560320441264,0,0,0,0,0,0
138.2082780499884,-9008.7900390625,3080.86669921875,88.47518157958984,78.56709879376761,-1.0,0.0,179.14483642578125,8,2,2,120,41,359,227,54,11,41,2,11,242,1,0,-9008.78990499938,3080.866664569085,78.56709879376761,0,0,0,0,0,0
138.41661129998838,-9013.6708984375,3028.124755859375,87.02568817138672,77.59522890036094,-1.0,0.0,318.9801330566406,8,2,2,120,41,359,227,54,11,41,2,11,242,1,0,-9013.670567233452,3028.12473732075,77.59522890036094,0,0,0,0,0,0
138.66661119998835,-9033.97265625,2932.5322265625,86.00758361816406,77.57539895760407,-1.0,0.0,455.2456359863281,8,2,2,120,41,361,228,54,11,41,2,11,243,1,0,-9033.972341722027,2932.5321536156407,77.57539895760407,0,0,0,0,0,0
138.91661109998833,-9076.4248046875,2819.08203125,88.27647399902344,81.80989370220452,0.0,0.0,487.3967590332031,8,2,2,120,41,361,228,54,11,41,2,11,244,1,0,-9076.424766196333,2819.0820610420774,81.80989370220452,0,0,0,0,0,0
139.04161104998832,-9095.3935546875,2765.391357421875,87.82919311523438,83.83286534025733,0.0,0.0,447.24139404296875,9,2,2,120,41,361,228,54,11,41,2,11,244,1,0,-9095.393227030147,2765.3913739472478,83.83286534025733,0,0,0,0,0,0
139.2499442999883,-9106.189453125,2694.382080078125,87.18803405761719,84.31238832244725,1.0,0.0,257.1376953125,9,2,2,120,41,362,229,54,11,41,2,11,245,1,0,-9106.189376366903,2694.382027005667,84.31238832244725,0,0,0,0,0,0
139.49994419998828,-9109.2578125,2659.12890625,87.44369506835938,84.44020674864005,1.0,0.0,39.22304916381836,9,2,2,120,41,362,229,54,11,41,2,11,245,1,0,-9109.257385796096,2659.1288140231964,84.44020674864005,0,0,0,0,0,0
139.70827744998826,-9110.0478515625,2657.154052734375,86.53795623779297,84.56109594680898,0.0,0.0,1.850392460823059,9,2,2,120,41,362,229,54,11,41,2,11,245,1,0,-9110.047864130902,2657.154056111419,84.56109594680898,0,0,0,0,0,0
139.74994409998826,-9110.0,2657.06982421875,86.57952880859375,84.56346683620205,0.0,0.0,2.696540117263794,9,2,2,120,41,362,229,54,11,41,2,11,245,1,0,-9109.999548437758,2657.069721021618,84.56346683620205,0,0,0,0,0,0
139.87494404998824,-9109.1474609375,2663.1640625,86.95901489257812,84.5066311668847,1.0,0.0,83.58818054199219,9,2,2,120,41,362,229,54,11,41,2,11,245,1,0,-9109.147723083248,2663.1639814563373,84.5066311668847,0,0,0,0,0,0
140.04161064998823,-9106.3916015625,2687.143310546875,87.51640319824219,84.43292823757572,1.0,1.0,197.00372314453125,9,2,2,120,41,362,229,54,11,41,2,11,245,1,0,-9106.391459641727,2687.1433090703445,84.43292823757572,0,0,0,0,0,0
140.2916105499882,-9109.4990234375,2752.034423828125,88.09197998046875,86.69267439663187,1.0,1.0,317.6134033203125,9,2,2,120,41,362,229,54,11,41,2,11,245,1,0,-9109.498895213872,2752.0344489704153,86.69267439663187,0,0,0,0,0,0
140.54161044998818,-9128.8359375,2843.060302734375,90.58853912353516,91.17363884142237,1.0,1.0,415.5103759765625,8,2,2,120,41,364,231,54,11,41,2,11,246,1,0,-9128.835552543214,2843.060395520852,91.17363884142237,0,0,0,0,0,0
140.70827704998817,-9149.0146484375,2902.473876953125,93.05553436279297,94.59109378169079,0.0,0.0,346.3118896484375,8,2,2,120,41,364,231,54,11,41,2,11,246,1,0,-9149.0143705373,2902.473927607308,94.59109378169079,0,0,0,0,0,0
140.91661029998815,-9172.5078125,2965.519775390625,94.56351470947266,97.69195456231648,0.0,0.0,295.79864501953125,8,2,2,120,41,366,232,54,11,41,2,11,247,1,0,-9172.507475849025,2965.519793795206,97.69195456231648,0,0,0,0,0,0
141.16661019998813,-9190.8486328125,3029.409912109375,98.1878890991211,99.38937012108934,0.0,0.0,237.5374298095703,8,2,2,120,41,366,232,54,11,41,2,11,247,1,0,-9190.848962154256,3029.4099874375197,99.38937012108934,0,0,0,0,0,0
141.4166100999881,-9203.5126953125,3103.53759765625,103.70291137695312,99.17749676983455,1.0,0.0,355.706298828125,8,2,2,120,41,367,232,54,11,41,2,11,248,1,0,-9203.513006189583,3103.537514137688,99.17749676983455,0,0,0,0,0,0
141.5832766999881,-9210.6728515625,3160.22998046875,102.26939392089844,99.42603899320542,0.0,0.0,340.98309326171875,8,2,2,120,41,367,232,54,11,41,2,11,248,1,0,-9210.672787562919,3160.229939713644,99.42603899320542,0,0,0,0,0,0
141.79160994998807,-9218.0556640625,3223.009765625,83.59210968017578,99.48402922550972,0.0,0.0,319.7817077636719,7,2,2,120,41,369,232,54,11,41,2,11,249,1,0,-9218.055352913467,3223.009849993862,99.48402922550972,0,0,0,0,0,0
142.04160984998805,-9220.5341796875,3295.93701171875,78.16990661621094,98.90363800394327,0.0,0.0,299.9219055175781,7,2,2,120,41,369,232,54,11,41,2,11,249,1,0,-9220.534541807105,3295.937106291323,98.90363800394327,0,0,0,0,0,0
142.29160974998803,-9206.830078125,3360.41650390625,88.29470825195312,96.83246351955414,0.0,0.0,269.94189453125,8,2,2,123,42,371,232,54,11,42,2,11,250,1,0,-9206.82984000507,3360.4165153199438,96.83246351955414,0,0,0,0,0,0
142.41660969998802,-9196.4931640625,3390.4296875,84.81554412841797,95.21691798680921,1.0,0.0,288.244873046875,8,2,2,123,42,371,232,54,11,42,2,11,250,1,0,-9196.493053368684,3390.4296318618653,95.21691798680921,0,0,0,0,0,0
142.624942949988,-9184.8857421875,3446.786376953125,67.12201690673828,93.74122841494045,1.0,1.0,315.57391357421875,8,2,2,123,42,373,232,54,11,42,2,11,251,1,0,-9184.885762096006,3446.786328671626,93.74122841494045,0,0,0,0,0,0
142.87494284998797,-9193.9970703125,3533.35986328125,41.817222595214844,97.23126646244619,1.0,0.0,419.9853515625,8,2,2,123,42,373,232,54,11,42,2,11,251,1,0,-9193.997523852258,3533.3598737770367,97.23126646244619,0,0,0,0,0,0
143.12494274998795,-9224.7255859375,3632.579345703125,48.068519592285156,103.12910433591021,1.0,1.0,451.1567687988281,7,2,2,123,42,375,232,54,11,42,2,11,252,1,0,-9224.725995335815,3632.5794438379644,103.12910433591021,0,0,0,0,0,0
143.24994269998794,-9242.970703125,3683.164794921875,50.071781158447266,105.6437289946664,1.0,1.0,437.483642578125,8,2,2,126,44,377,232,54,11,44,2,11,253,1,0,-9242.971140810978,3683.164751485043,105.6437289946664,0,0,0,0,0,0
143.45827594998792,-9281.2509765625,3776.1962890625,47.64138412475586,107.70785851321973,1.0,0.0,435.0236511230469,8,2,2,126,44,379,232,54,11,44,2,11,254,0,0,-9279.538366216171,3772.60922664634,107.6356718329719,8,2,2,0,0,0
143.7082758499879,-9339.0390625,3884.387939453125,37.40315628051758,109.39104519106412,1.0,1.0,448.0159912109375,8,2,2,126,44,381,232,54,11,44,2,11,255,0,0,-9336.825091074466,3880.754110480123,109.36325774324979,8,2,2,0,0,0
143.95827574998788,-9400.4169921875,3992.10546875,35.7753791809082,113.53627220882221,1.0,1.0,512.7095336914062,7,2,2,126,44,383,233,54,11,44,2,11,256,0,0,-9398.423841967608,3988.4927810824884,113.3102373688319,8,2,2,0,1,0
144.08327569998787,-9431.318359375,4043.62060546875,37.47379684448242,116.40018283826493,1.0,0.0,535.121337890625,7,2,2,126,44,383,233,54,11,44,2,11,256,1,0,-9431.318807156025,4043.6205958654846,116.40018283826493,0,0,0,0,0,0
144.29160894998785,-9497.2861328125,4141.638671875,38.298179626464844,118.0363914521578,1.0,0.0,562.2579345703125,8,2,2,131,45,385,234,54,11,45,2,11,257,1,0,-9497.285947861581,4141.63873674114,118.0363914521578,0,0,0,0,0,0
144.54160884998782,-9564.55078125,4235.32275390625,62.77838897705078,114.79804982920106,1.0,0.0,282.83782958984375,8,2,2,133,46,386,234,54,11,46,2,11,258,1,0,-9564.550521620016,4235.322669498114,114.79804982920106,0,0,0,0,0,0
144.7916087499878,-9623.8681640625,4283.11083984375,94.73143005371094,111.94029184918189,1.0,0.0,285.4647521972656,8,2,2,133,46,388,235,54,11,46,2,11,259,1,0,-9623.86792087167,4283.1107993087135,111.94029184918189,0,0,0,0,0,0
144.9166086999878,-9657.1220703125,4307.17919921875,97.78178405761719,110.35389242972003,1.0,0.0,304.146240234375,8,2,2,133,46,388,235,54,11,46,2,11,259,1,0,-9657.122009804443,4307.179119025268,110.35389242972003,0,0,0,0,0,0
145.12494194998777,-9711.1044921875,4345.84326171875,96.17877197265625,109.28778779340378,1.0,-1.0,328.2805480957031,8,2,2,133,46,388,235,54,11,46,2,11,259,1,0,-9711.104078701492,4345.843484484137,109.28778779340378,0,0,0,0,0,0
145.37494184998775,-9771.5576171875,4399.609375,91.89962768554688,109.65226463272147,1.0,-1.0,353.9198303222656,8,2,2,133,46,389,235,54,11,46,2,11,260,1,0,-9771.557487667593,4399.609389340419,109.65226463272147,0,0,0,0,0,0
145.62494174998773,-9821.875,4476.427734375,83.9732437133789,111.77417403467265,1.0,-1.0,417.38763427734375,8,2,2,134,47,391,235,54,11,47,2,11,261,1,0,-9821.875364380823,4476.427573808312,111.77417403467265,0,0,0,0,0,0
145.74994169998772,-9848.5771484375,4521.24951171875,68.95752716064453,112.09530966597113,1.0,-1.0,441.6070861816406,8,2,2,134,47,391,235,54,11,47,2,11,261,1,0,-9848.577618288926,4521.249460713211,112.09530966597113,0,0,0,0,0,0
145.9166082999877,-9875.6728515625,4572.2236328125,43.429161071777344,111.78072812471396,0.0,-1.0,365.36260986328125,8,2,2,134,47,393,235,54,11,47,2,11,262,1,0,-9875.672598915991,4572.223867081576,111.78072812471396,0,0,0,0,0,0
146.12494154998768,-9899.3779296875,4622.91943359375,-7.30910587310791,110.00499607419731,0.0,-1.0,358.1759338378906,8,2,2,134,47,393,235,54,11,47,2,11,262,1,0,-9899.378186790855,4622.919418903016,110.00499607419731,0,0,0,0,0,0
146.33327479998766,-9916.4638671875,4673.498046875,-35.19748306274414,107.76244616865608,0.0,-1.0,194.12088012695312,8,2,2,134,47,395,235,54,11,47,2,11,263,1,0,-9916.463603250759,4673.4980285274605,107.76244616865608,0,0,0,0,0,0
146.54160804998764,-9913.9970703125,4705.6806640625,-0.8901640176773071,105.06649222867688,-1.0,1.0,115.03351593017578,8,2,2,134,47,395,235,54,11,47,2,11,263,1,0,-9913.996897525878,4705.680834511505,105.06649222867688,0,0,0,0,0,0
146.79160794998762,-9901.2822265625,4723.263671875,6.890592575073242,100.36765998320499,-1.0,1.0,81.74219512939453,8,2,2,134,47,395,235,54,11,47,2,11,263,1,0,-9901.282270471816,4723.26359089746,100.36765998320499,0,0,0,0,0,0
147.0416078499876,-9890.919921875,4711.69189453125,-13.083526611328125,98.42639619333067,-1.0,1.0,126.77621459960938,8,2,2,134,47,395,235,54,11,47,2,11,263,1,0,-9890.919829247307,4711.692069564191,98.42639619333067,0,0,0,0,0,0
147.29160774998758,-9885.5654296875,4664.8876953125,-29.7365665435791,99.07890652583063,-1.0,1.0,278.8700256347656,8,2,2,134,47,395,235,54,11,47,2,11,263,1,0,-9885.56529619034,4664.887469363931,99.07890652583063,0,0,0,0,0,0
147.41660769998757,-9885.2353515625,4627.41650390625,-33.528892517089844,100.7184129374694,-1.0,1.0,316.0612487792969,8,2,2,134,47,395,235,54,11,47,2,11,263,1,0,-9885.235394637562,4627.4165588265305,100.7184129374694,0,0,0,0,0,0
147.62494094998755,-9886.970703125,4555.6474609375,-23.761157989501953,104.21838502660677,-1.0,1.0,366.3552551269531,8,2,2,134,47,395,235,54,11,47,2,11,263,1,0,-9886.971151830352,4555.647651966858,104.21838502660677,0,0,0,0,0,0
147.87494084998752,-9886.818359375,4462.3671875,-14.76115608215332,108.48301208886724,0.0,0.0,352.2994384765625,8,2,2,134,47,397,235,54,11,47,2,11,264,1,0,-9886.818349514566,4462.367059741127,108.48301208886724,0,0,0,0,0,0
148.1249407499875,-9878.1396484375,4383.63330078125,-8.94677448272705,111.07120613649228,0.0,0.0,283.1949157714844,9,2,2,134,47,399,235,54,11,47,2,11,265,1,0,-9878.139392176858,4383.633234129121,111.07120613649228,0,0,0,0,0,0
148.2499406999875,-9869.3310546875,4351.6962890625,-5.783893585205078,111.72950453484465,1.0,-1.0,236.32472229003906,9,2,2,134,47,399,235,54,11,47,2,11,265,1,0,-9869.331048573973,4351.6963240580935,111.72950453484465,0,0,0,0,0,0
148.45827394998747,-9856.2724609375,4320.72216796875,-0.8015841841697693,111.42773050727635,1.0,-1.0,100.58509063720703,9,2,2,134,47,399,235,54,11,47,2,11,265,1,0,-9856.272521609935,4320.722370110244,111.42773050727635,0,0,0,0,0,0
148.70827384998745,-9850.330078125,4316.849609375,3.1767449378967285,111.21860823977268,1.0,-1.0,32.20195007324219,9,2,2,134,47,399,235,54,11,47,2,11,265,1,0,-9850.330447299084,4316.849460426849,111.21860823977268,0,0,0,0,0,0
148.95827374998743,-9861.087890625,4338.603515625,-1.713936448097229,112.58128193099228,1.0,-1.0,125.1368637084961,9,2,2,134,47,399,235,54,11,47,2,11,265,1,0,-9861.087997275064,4338.603620263916,112.58128193099228,0,0,0,0,0,0
149.04160704998742,-9865.16015625,4346.9326171875,-2.103670597076416,112.97142218772693,1.0,-1.0,52.68195343017578,9,2,2,134,47,399,235,54,11,47,2,11,265,1,0,-9865.159683775748,4346.932731150057,112.97142218772693,0,0,0,0,0,0
149.2499402999874,-9870.73828125,4361.85595703125,-0.36280569434165955,113.00728841615545,1.0,-1.0,67.02902221679688,9,2,2,134,47,399,235,54,11,47,2,11,265,1,0,-9870.737960721384,4361.855827338329,113.00728841615545,0,0,0,0,0,0
149.49994019998738,-9879.7236328125,4380.63134765625,-5.855992317199707,112.8961192617349,1.0,-1.0,114.28559112548828,9,2,2,134,47,399,235,54,11,47,2,11,265,1,0,-9879.723746430562,4380.631461408706,112.8961192617349,0,0,0,0,0,0
149.74994009998736,-9893.837890625,4404.86376953125,-11.074110984802246,113.09114745120995,1.0,-1.0,159.79710388183594,9,2,2,134,47,399,235,54,11,47,2,11,265,1,0,-9893.83773557507,4404.863777367251,113.09114745120995,0,0,0,0,0,0
149.87494004998734,-9906.080078125,4424.36328125,-14.285810470581055,113.55431716742304,1.0,-1.0,205.12416076660156,8,2,2,134,47,399,235,54,11,47,2,11,265,1,0,-9906.080016116079,4424.363045728565,113.55431716742304,0,0,0,0,0,0
150.08327329998733,-9932.427734375,4468.265625,-19.505802154541016,114.81777149490514,1.0,-1.0,275.0426330566406,8,2,2,134,47,399,235,54,11,47,2,11,265,1,0,-9932.427759657978,4468.265606392081,114.81777149490514,0,0,0,0,0,0
150.3332731999873,-9970.6103515625,4533.97509765625,-17.339143753051758,116.35198837192293,1.0,-1.0,341.322998046875,8,2,2,134,47,401,235,54,11,47,2,11,266,1,0,-9970.610219915514,4533.97528467339,116.35198837192293,0,0,0,0,0,0
150.58327309998728,-10017.791015625,4598.3662109375,-17.9408016204834,117.58385180069723,1.0,-1.0,361.0419616699219,8,2,2,134,47,401,235,54,11,47,2,11,266,1,0,-10017.790646951633,4598.3662095100835,117.58385180069723,0,0,0,0,0,0
150.70827304998727,-10044.0732421875,4638.11669921875,-16.309633255004883,118.23940443211139,1.0,-1.0,369.12042236328125,8,2,2,134,47,403,235,54,11,47,2,11,267,1,0,-10044.073477819658,4638.1164557294205,118.23940443211139,0,0,0,0,0,0
150.83327299998726,-10057.375,4683.81103515625,-14.534469604492188,116.30445274559465,1.0,-1.0,369.6874694824219,8,2,2,134,47,403,235,54,11,47,2,11,267,1,0,-10057.374688401238,4683.811062989428,116.30445274559465,0,0,0,0,0,0
151.04160624998724,-10069.24609375,4755.09130859375,-20.172826766967773,112.8665049876388,0.0,0.0,343.8795166015625,8,2,2,134,47,405,235,54,11,47,2,11,268,1,0,-10069.245930753994,4755.091247110913,112.8665049876388,0,0,0,0,0,0
151.29160614998722,-10102.5029296875,4824.2841796875,-26.556554794311523,114.25451828854231,0.0,0.0,268.2472839355469,8,2,1,134,47,405,235,54,11,47,2,11,268,1,0,-10102.503361367399,4824.284114363999,114.25451828854231,0,0,0,0,0,0
151.4999393999872,-10127.1904296875,4870.42578125,-26.888734817504883,114.38532745673878,0.0,0.0,241.17892456054688,8,2,2,134,47,407,235,64,12,47,2,12,269,1,0,-10127.190498018655,4870.425898119939,114.38532745673878,0,0,0,0,0,0
151.5832726999872,-10135.0849609375,4888.31689453125,-28.70108413696289,114.38031449790911,0.0,0.0,229.45399475097656,8,2,2,134,47,407,235,64,12,47,2,12,269,1,0,-10135.084835731008,4888.316942293579,114.38031449790911,0,0,0,0,0,0
151.79160594998717,-10154.1904296875,4929.7705078125,-28.958892822265625,114.55012281284841,0.0,0.0,200.51937866210938,8,2,2,134,47,407,235,64,12,47,2,12,269,1,0,-10154.190904477633,4929.770338764199,114.55012281284841,0,0,0,0,0,0
151.99993919998715,-10171.845703125,4964.72412109375,-28.138952255249023,114.71276072672839,0.0,0.0,176.99642944335938,8,2,2,134,47,409,235,64,12,47,2,12,270,1,0,-10171.845291902267,4964.724344755975,114.71276072672839,0,0,0,0,0,0
152.24993909998713,-10190.47265625,5001.294921875,-28.89630126953125,114.92077336401972,0.0,0.0,149.37120056152344,8,2,2,134,47,409,235,64,12,47,2,12,270,1,0,-10190.473052741205,5001.295124688037,114.92077336401972,0,0,0,0,0,0
152.37493904998712,-10198.390625,5017.2177734375,-27.965831756591797,115.00328514083718,0.0,0.0,136.6025390625,8,2,2,134,47,409,235,64,12,47,2,12,270,1,0,-10198.390406334878,5017.217619562864,115.00328514083718,0,0,0,0,0,0
152.5416056499871,-10208.0439453125,5036.63671875,-28.200510025024414,115.091340281431,0.0,0.0,124.0335693359375,8,2,2,134,47,409,235,64,12,47,2,12,270,1,0,-10208.043976423955,5036.636952839822,115.091340281431,0,0,0,0,0,0
152.7499388999871,-10219.0771484375,5058.11083984375,-29.101253509521484,115.20890208065018,0.0,0.0,108.81916046142578,8,2,2,134,47,411,235,64,12,47,2,12,271,1,0,-10219.076670190365,5058.110965693896,115.20890208065018,0,0,0,0,0,0
