sim_time_s,pose_x_cm,pose_y_cm,pose_z_cm,yaw_deg,throttle_cmd,steer_cmd,speed_cm_s,near_rocks,near_bumps,near_craters,rock_attempts,rock_success,bump_attempts,bump_success,crater_attempts,crater_success,placed_rocks,placed_bumps,placed_craters,refresh_count,refresh_skipped_distance_gate,refresh_force,refresh_center_x_cm,refresh_center_y_cm,refresh_yaw_deg,refresh_rocks_near_before,refresh_bumps_near_before,refresh_craters_near_before,refresh_rocks_added,refresh_bumps_added,refresh_craters_added
0.7083330500000015,2017.7515869140625,-5114.35009765625,342.82940673828125,67.3998966865608,0.0,0.0,21.23689353466034,8,2,2,14,8,2,2,5,2,8,2,2,1,1,0,2017.7515699293913,-5114.350111163041,67.3998966865608,0,0,0,0,0,0
0.7916663500000017,2018.031494140625,-5112.74755859375,352.24664306640625,67.35342330787623,0.0,0.0,21.99184149503708,8,2,2,14,8,2,2,5,2,8,2,2,1,1,0,2018.0315053475927,-5112.747697134435,67.35342330787623,0,0,0,0,0,0
0.874999650000002,2018.5670166015625,-5111.2421875,357.3456726074219,67.33220363940083,0.0,0.0,21.47747129201889,8,2,2,14,8,2,2,5,2,8,2,2,1,1,0,2018.5669725573007,-5111.242038663258,67.33220363940083,0,0,0,0,0,0
0.9583329500000023,2019.229736328125,-5109.80908203125,357.4005432128906,67.32214878111019,0.0,0.0,20.81645280122757,8,2,2,14,8,2,2,5,2,8,2,2,1,1,0,2019.229688584932,-5109.808898167754,67.32214878111019,0,0,0,0,0,0
1.041666250000002,2020.0389404296875,-5108.2490234375,353.0079040527344,67.32026100415821,0.0,0.0,20.530220866203308,8,2,2,14,8,2,2,5,2,8,2,2,1,1,0,2020.03889345777,-5108.2489103230555,67.32026100415821,0,0,0,0,0,0
1.1249995500000012,2020.682861328125,-5106.4755859375,346.2886962890625,67.30081708470907,0.0,0.0,22.938811779022217,8,2,2,14,8,2,2,5,2,8,2,2,1,1,0,2020.6828374434047,-5106.475645300959,67.30081708470907,0,0,0,0,0,0
1.2083328500000003,2021.2542724609375,-5104.39697265625,340.7323303222656,67.25786626515459,0.0,0.0,24.73910003900528,8,2,2,14,8,2,2,5,2,8,2,2,1,1,0,2021.2543242166423,-5104.396852164264,67.25786626515459,0,0,0,0,0,0
1.2499995,2021.7149658203125,-5103.25927734375,339.33978271484375,67.25269493731534,0.0,0.0,25.82354247570038,8,2,2,14,8,2,2,5,2,8,2,2,1,1,0,2021.7149575900241,-5103.259061757638,67.25269493731534,0,0,0,0,0,0
1.333332799999999,2022.894287109375,-5101.046875,339.31512451171875,67.25722149385633,0.0,0.0,27.0355224609375,8,2,2,14,8,2,2,5,2,8,2,2,1,1,0,2022.894335516405,-5101.046741110101,67.25722149385633,0,0,0,0,0,0
1.4166660999999983,2024.0560302734375,-5098.96826171875,341.7289123535156,67.25465214712297,0.0,0.0,27.176016569137573,8,2,2,14,8,2,2,5,2,8,2,2,1,1,0,2024.0560456389537,-5098.968499755808,67.25465214712297,0,0,0,0,0,0
1.541666049999997,2025.6005859375,-5095.7802734375,346.4024658203125,67.23760531701672,0.0,0.0,27.851513028144836,8,2,2,14,8,2,2,5,2,8,2,2,1,1,0,2025.6006414145172,-5095.7800845864085,67.23760531701672,0,0,0,0,0,0
1.6666659999999958,2026.9437255859375,-5092.47412109375,348.3515319824219,67.22102061090418,0.0,0.0,28.60066592693329,8,2,2,14,8,2,2,5,2,8,2,2,1,1,0,2026.9436686734214,-5092.473962013009,67.22102061090418,0,0,0,0,0,0
1.7916659499999945,2028.1639404296875,-5089.15771484375,346.6544494628906,67.19820434208289,0.0,0.0,29.49831485748291,8,2,2,14,8,2,2,5,2,8,2,2,1,1,0,2028.1639279396484,-5089.157768385484,67.19820434208289,0,0,0,0,0,0
1.9999991999999924,2029.841552734375,-5083.646484375,342.73101806640625,67.08044088017891,0.0,0.0,31.882232427597046,8,2,2,14,8,2,2,5,2,8,2,2,1,1,0,2029.8415990343756,-5083.646506875069,67.08044088017891,0,0,0,0,0,0
2.208332449999996,2031.0477294921875,-5077.77392578125,344.2430114746094,66.91934698069063,0.0,0.0,34.57409739494324,8,2,2,14,8,2,2,5,2,8,2,2,1,1,0,2031.0476923727674,-5077.773812760745,66.91934698069063,0,0,0,0,0,0
2.3749990499999987,2032.4822998046875,-5072.34521484375,346.2574768066406,66.84914218319398,0.0,0.0,36.03283762931824,8,2,2,14,8,2,2,5,2,8,2,2,1,1,0,2032.4822728818492,-5072.345042974662,66.84914218319398,0,0,0,0,0,0
2.583332300000002,2035.177490234375,-5064.90869140625,344.71246337890625,66.85395119047939,0.0,0.0,38.329556584358215,8,2,2,14,8,2,2,5,2,8,2,2,1,1,0,2035.1774574870706,-5064.908558258338,66.85395119047939,0,0,0,0,0,0
2.7916655500000056,2038.6285400390625,-5057.86376953125,343.0746154785156,66.94522232918115,0.0,0.0,33.884358406066895,8,2,2,14,8,2,2,5,2,8,2,2,1,1,0,2038.6285327424166,-5057.863658347074,66.94522232918115,0,0,0,0,0,0
2.999998800000009,2041.3724365234375,-5051.64013671875,343.6376647949219,67.02303968969363,0.0,0.0,31.530064344406128,8,2,2,14,8,2,2,5,2,8,2,2,1,1,0,2041.3724747778854,-5051.640326173254,67.02303968969363,0,0,0,0,0,0
3.2083320500000125,2043.5322265625,-5045.12451171875,343.9556884765625,67.03211782018126,0.0,0.0,36.89567446708679,8,2,2,14,8,2,2,5,2,8,2,2,1,1,0,2043.532182667309,-5045.1247469730315,67.03211782018126,0,0,0,0,0,0
3.4583319500000167,2046.591552734375,-5035.41650390625,342.8131408691406,66.99697497787113,0.0,0.0,46.89900279045105,8,2,2,14,8,2,2,5,2,8,2,2,1,1,0,2046.5915613964721,-5035.416366139409,66.99697497787113,0,0,0,0,0,0
3.708331850000021,2051.0458984375,-5023.4833984375,342.0518493652344,66.99291275054699,0.0,0.0,53.739362955093384,8,2,2,14,8,2,2,5,2,8,2,2,1,1,0,2051.04578127092,-5023.483442496122,66.99291275054699,0,0,0,0,0,0
3.8749984500000236,2054.3876953125,-5014.7724609375,341.03057861328125,66.9911844823237,0.0,0.0,57.82397985458374,8,2,2,14,8,2,2,5,2,8,2,2,1,1,0,2054.387725247897,-5014.772341801559,66.9911844823237,0,0,0,0,0,0
4.041665050000026,2058.020751953125,-5005.349609375,340.16680908203125,66.97301042727463,0.0,0.0,63.52090239524841,8,2,2,14,8,2,2,5,2,8,2,2,1,1,0,2058.02085547767,-5005.349708335908,66.97301042727463,0,0,0,0,0,0
4.24999830000003,2062.91357421875,-4992.544921875,339.12445068359375,66.96073152650972,0.0,0.0,68.6033844947815,8,2,2,14,8,2,2,5,2,8,2,2,2,1,0,2062.913504943479,-4992.5448063976055,66.96073152650972,0,0,0,0,0,0
4.458331550000033,2068.180419921875,-4978.7919921875,337.788818359375,66.97362479245429,0.0,0.0,72.32562303543091,8,2,2,14,8,2,2,5,2,8,2,2,2,1,0,2068.1803885935446,-4978.791865210732,66.97362479245429,0,0,0,0,0,0
4.666664800000037,2073.75830078125,-4964.44677734375,336.3385009765625,66.95563107774424,0.0,0.0,75.82950592041016,8,2,2,14,8,2,2,5,2,8,2,2,2,1,0,2073.7582118634423,-4964.447017000463,66.95563107774424,0,0,0,0,0,0
4.87499805000004,2079.45361328125,-4949.49853515625,335.008544921875,66.9316117193278,0.0,0.0,77.7131199836731,8,2,2,14,8,2,2,5,2,8,2,2,2,1,0,2079.4536022827583,-4949.498466630936,66.9316117193278,0,0,0,0,0,0
5.124997950000044,2085.500244140625,-4932.39208984375,334.71014404296875,66.8761252264241,0.0,0.0,71.34450674057007,8,2,2,14,8,2,2,5,2,8,2,2,2,1,0,2085.5002206536005,-4932.391928648256,66.8761252264241,0,0,0,0,0,0
5.333331200000048,2090.549072265625,-4918.20654296875,334.41070556640625,66.86102110162214,0.0,0.0,76.53617262840271,8,2,2,14,8,2,2,5,2,8,2,2,2,1,0,2090.549046822573,-4918.206318425013,66.86102110162214,0,0,0,0,0,0
5.541664450000051,2096.570068359375,-4904.11474609375,333.47113037109375,66.98991415930516,0.0,0.0,67.87645816802979,7,2,2,14,8,2,2,5,2,8,2,2,2,1,0,2096.5699902856704,-4904.114561384893,66.98991415930516,0,0,0,0,0,0
5.708331050000054,2102.316650390625,-4893.69482421875,331.37567138671875,67.07808845545111,0.0,0.0,66.99366569519043,7,2,2,14,8,2,2,5,2,8,2,2,2,1,0,2102.316601495744,-4893.694766708079,67.07808845545111,0,0,0,0,0,0
5.916664300000058,2107.98388671875,-4882.8828125,329.5777893066406,66.8726232242907,0.0,0.0,44.18572783470154,8,2,2,17,9,3,3,5,2,9,2,2,3,1,0,2107.9838918109385,-4882.882695822131,66.8726232242907,0,0,0,0,0,0
6.124997550000061,2108.69384765625,-4877.93505859375,331.0699462890625,66.5616102755474,0.0,0.0,21.37315422296524,8,2,2,17,9,3,3,5,2,9,2,2,3,1,0,2108.693832192329,-4877.934883831058,66.5616102755474,0,0,0,0,0,0
6.3333308000000645,2106.62939453125,-4878.38037109375,331.5092468261719,66.07107704235675,0.0,0.0,16.250617802143097,8,2,2,17,9,3,3,5,2,9,2,2,3,1,0,2106.6294741484326,-4878.380179263391,66.07107704235675,0,0,0,0,0,0
6.541664050000068,2105.125244140625,-4880.1279296875,332.8466491699219,65.93021198578606,0.0,0.0,15.694105625152588,8,2,2,17,9,3,3,5,2,9,2,2,3,1,0,2105.1253651788707,-4880.128101221689,65.93021198578606,0,0,0,0,0,0
6.7499973000000715,2105.0244140625,-4883.31689453125,330.42840576171875,65.8920251523857,0.0,0.0,19.66654807329178,8,2,2,17,9,3,3,5,2,9,2,2,3,1,0,2105.0244357950437,-4883.317036093196,65.8920251523857,0,0,0,0,0,0
6.958330550000075,2104.562744140625,-4886.1142578125,328.34649658203125,65.86862762651097,0.0,0.0,10.709015280008316,8,2,2,17,9,3,3,5,2,9,2,2,3,1,0,2104.5627167561097,-4886.114122181225,65.86862762651097,0,0,0,0,0,0
7.166663800000078,2103.910400390625,-4886.68994140625,329.4633483886719,65.87904913784229,0.0,0.0,5.645786598324776,8,2,2,17,9,3,3,5,2,9,2,2,3,1,0,2103.910411427058,-4886.69003676179,65.87904913784229,0,0,0,0,0,0
7.374997050000082,2103.57666015625,-4885.08154296875,330.4869079589844,65.85831409238497,0.0,0.0,13.570970296859741,8,2,2,17,9,3,3,5,2,9,2,2,3,1,0,2103.5767027830043,-4885.081314993644,65.85831409238497,0,0,0,0,0,0
7.583330300000085,2103.936279296875,-4882.630859375,330.93951416015625,65.83939891073149,0.0,0.0,10.438646376132965,8,2,2,17,9,3,3,5,2,9,2,2,3,1,0,2103.93619760673,-4882.6307503104545,65.83939891073149,0,0,0,0,0,0
7.791663550000089,2104.336181640625,-4881.40771484375,330.619384765625,65.79812290569377,0.0,0.0,1.6500191763043404,8,2,2,17,9,3,3,5,2,9,2,2,3,1,0,2104.336231672806,-4881.407658762552,65.79812290569377,0,0,0,0,0,0
7.999996800000092,2104.1357421875,-4881.8212890625,330.2406921386719,65.73768870968725,0.0,0.0,5.3496915847063065,8,2,2,17,9,3,3,5,2,9,2,2,3,1,0,2104.1357634160204,-4881.821308663495,65.73768870968725,0,0,0,0,0,0
8.208330050000074,2103.587646484375,-4882.9794921875,330.194580078125,65.69023615369234,0.0,0.0,6.0131799429655075,8,2,2,17,9,3,3,5,2,9,2,2,3,1,0,2103.587584618675,-4882.979252927688,65.69023615369234,0,0,0,0,0,0
8.416663300000055,2103.1611328125,-4883.703125,330.110595703125,65.67512038481192,0.0,0.0,1.9901169463992119,8,2,2,17,9,3,3,5,2,9,2,2,3,1,0,2103.161096384953,-4883.702960269691,65.67512038481192,0,0,0,0,0,0
8.58332990000004,2103.04345703125,-4883.646484375,330.03594970703125,65.67417028178494,0.0,0.0,1.7872972413897514,8,2,2,17,9,3,3,5,2,9,2,2,3,1,0,2103.043413093925,-4883.646334458462,65.67417028178494,0,0,0,0,0,0
8.708329850000029,2103.03466796875,-4883.31787109375,330.046630859375,65.66950429696378,0.0,0.0,3.44240665435791,8,2,2,17,9,3,3,5,2,9,2,2,3,1,0,2103.034557513633,-4883.317916477309,65.66950429696378,0,0,0,0,0,0
8.874996450000014,2103.03369140625,-4882.6982421875,330.1512145996094,65.65069439369307,0.0,0.0,4.327572882175446,8,2,2,17,9,3,3,5,2,9,2,2,3,1,0,2103.0336695253964,-4882.698321677249,65.65069439369307,0,0,0,0,0,0
9.041663049999999,2102.997314453125,-4882.05224609375,330.266357421875,65.61603634434523,0.0,0.0,4.051190614700317,8,2,2,17,9,3,3,5,2,9,2,2,3,1,0,2102.997260865534,-4882.052446638826,65.61603634434523,0,0,0,0,0,0
9.166662999999987,2102.94384765625,-4881.61572265625,330.2921447753906,65.57988076664593,0.0,0.0,3.5210050642490387,8,2,2,17,9,3,3,5,2,9,2,2,3,1,0,2102.943740537987,-4881.61577691611,65.57988076664593,0,0,0,0,0,0
9.333329599999972,2102.848388671875,-4881.14306640625,330.2279968261719,65.52474377906992,0.0,0.0,2.4969300255179405,8,2,2,17,9,3,3,5,2,9,2,2,3,1,0,2102.84830416479,-4881.143190175517,65.52474377906992,0,0,0,0,0,0
9.499996199999957,2102.711669921875,-4880.84033203125,330.1312255859375,65.46782824426147,0.0,0.0,1.649429276585579,8,2,2,17,9,3,3,5,2,9,2,2,3,1,0,2102.7117171589834,-4880.8405589894555,65.46782824426147,0,0,0,0,0,0
9.666662799999942,2102.527587890625,-4880.6669921875,330.0644226074219,65.41127768042823,0.0,0.0,1.4523339457809925,8,2,2,17,9,3,3,5,2,9,2,2,3,1,0,2102.527648936117,-4880.667107918749,65.41127768042823,0,0,0,0,0,0
9.833329399999927,2102.320556640625,-4880.5263671875,330.0218200683594,65.35706913255038,0.0,0.0,1.5773307532072067,8,2,2,17,9,3,3,5,2,9,2,2,3,1,0,2102.320461862664,-4880.5262658078655,65.35706913255038,0,0,0,0,0,0
9.958329349999916,2102.1728515625,-4880.3857421875,329.9939270019531,65.31838691036565,0.0,0.0,1.7768129706382751,8,2,2,17,9,3,3,5,2,9,2,2,3,1,0,2102.1728390278217,-4880.385880010512,65.31838691036565,0,0,0,0,0,0
10.124995949999901,2102.00341796875,-4880.1181640625,329.9573669433594,65.26854204931811,0.0,0.0,2.1767040714621544,8,2,2,17,9,3,3,5,2,9,2,2,3,1,0,2102.0033752748677,-4880.118262621478,65.26854204931811,0,0,0,0,0,0
10.24999589999989,2101.894287109375,-4879.86328125,329.9333190917969,65.23135510962733,0.0,0.0,2.4492353200912476,8,2,2,17,9,3,3,5,2,9,2,2,3,1,0,2101.894231542716,-4879.863152399578,65.23135510962733,0,0,0,0,0,0
10.374995849999879,2101.792236328125,-4879.580078125,329.91546630859375,65.19355777588413,0.0,0.0,2.6068661361932755,8,2,2,17,9,3,3,5,2,9,2,2,3,1,0,2101.7922489688217,-4879.57990319247,65.19355777588413,0,0,0,0,0,0
10.499995799999867,2101.690185546875,-4879.2890625,329.9031982421875,65.15495626026426,0.0,0.0,2.6132186874747276,8,2,2,17,9,3,3,5,2,9,2,2,3,1,0,2101.690260036344,-4879.2889693743045,65.15495626026426,0,0,0,0,0,0
10.624995749999856,2101.584228515625,-4879.0068359375,329.8917541503906,65.11555460627667,0.0,0.0,2.5082916021347046,8,2,2,17,9,3,3,5,2,9,2,2,3,1,0,2101.5841541842665,-4879.006836268086,65.11555460627667,0,0,0,0,0,0
10.749995699999845,2101.472900390625,-4878.74365234375,329.8749084472656,65.07566784027232,0.0,0.0,2.337747998535633,8,2,2,17,9,3,3,5,2,9,2,2,3,1,0,2101.4729135112857,-4878.743581069263,65.07566784027232,0,0,0,0,0,0
10.91666229999983,2101.317138671875,-4878.427734375,329.8389587402344,65.02226891870232,0.0,0.0,2.1055269986391068,8,2,2,17,9,3,3,5,2,9,2,2,3,1,0,2101.317203037493,-4878.427828820261,65.02226891870232,0,0,0,0,0,0
10.999995599999822,2101.236572265625,-4878.28369140625,329.8162536621094,64.99564182842029,0.0,0.0,2.0185528323054314,8,2,2,17,9,3,3,5,2,9,2,2,3,1,0,2101.236645955127,-4878.283542407322,64.99564182842029,0,0,0,0,0,0
11.166662199999807,2101.0712890625,-4878.01220703125,329.7680358886719,64.9427381861346,0.0,0.0,1.9375629723072052,8,2,2,17,9,3,3,5,2,9,2,2,3,1,0,2101.071351566475,-4878.0121967962095,64.9427381861346,0,0,0,0,0,0
11.291662149999796,2100.94482421875,-4877.814453125,329.73455810546875,64.90349015945432,0.0,0.0,1.9534455612301826,8,2,2,17,9,3,3,5,2,9,2,2,3,1,0,2100.944771330746,-4877.814436326041,64.90349015945432,0,0,0,0,0,0
11.416662099999785,2100.818115234375,-4877.61181640625,329.7055358886719,64.86455921559909,0.0,0.0,2.0229050889611244,8,2,2,17,9,3,3,5,2,9,2,2,3,1,0,2100.818116198071,-4877.611603549631,64.86455921559909,0,0,0,0,0,0
11.541662049999774,2100.69384765625,-4877.39697265625,329.6802673339844,64.82589017663976,0.0,0.0,2.1164357662200928,8,2,2,17,9,3,3,5,2,9,2,2,3,1,0,2100.6937524581604,-4877.397086203341,64.82589017663976,0,0,0,0,0,0
11.666661999999763,2100.57275390625,-4877.16943359375,329.6571044921875,64.78738025702516,0.0,0.0,2.2033657878637314,8,2,2,17,9,3,3,5,2,9,2,2,3,1,0,2100.572771402674,-4877.169316424793,64.78738025702516,0,0,0,0,0,0
11.833328599999748,2100.416259765625,-4876.84912109375,329.6272888183594,64.73600951871751,0.0,0.0,2.2743387147784233,8,2,2,17,9,3,3,5,2,9,2,2,3,1,0,2100.416279202976,-4876.849340420265,64.73600951871751,0,0,0,0,0,0
11.958328549999736,2100.3076171875,-4876.60693359375,329.60626220703125,64.69907315029981,0.0,0.0,2.179501950740814,8,2,2,17,9,3,3,5,2,9,2,2,3,1,0,2100.307496045551,-4876.607052595827,64.69907315029981,0,0,0,0,0,0
12.083328499999725,2100.2109375,-4876.37744140625,329.5914611816406,64.6651358282367,0.0,0.0,2.0200593397021294,8,2,2,17,9,3,3,5,2,9,2,2,3,1,0,2100.2108404376436,-4876.377672870438,64.6651358282367,0,0,0,0,0,0
12.24999509999971,2100.08740234375,-4876.10693359375,329.5749206542969,64.622234227852,0.0,0.0,1.737932488322258,8,2,2,17,9,3,3,5,2,9,2,2,3,1,0,2100.0875204074464,-4876.106828209591,64.622234227852,0,0,0,0,0,0
12.374995049999699,2099.991455078125,-4875.93505859375,329.5562744140625,64.5912282172251,0.0,0.0,1.5601243823766708,8,2,2,17,9,3,3,5,2,9,2,2,3,1,0,2099.9914356694076,-4875.934867333706,64.5912282172251,0,0,0,0,0,0
12.499994999999688,2099.889404296875,-4875.78466796875,329.5303649902344,64.56063401527912,0.0,0.0,1.4479422941803932,8,2,2,17,9,3,3,5,2,9,2,2,3,1,0,2099.889337650145,-4875.784562502091,64.56063401527912,0,0,0,0,0,0
12.666661599999673,2099.747802734375,-4875.6015625,329.4914855957031,64.52053289388502,0.0,0.0,1.4024533331394196,8,2,2,17,9,3,3,5,2,9,2,2,3,1,0,2099.747772530659,-4875.601577564426,64.52053289388502,0,0,0,0,0,0
12.791661549999661,2099.64111328125,-4875.4638671875,329.4644775390625,64.49098869880963,0.0,0.0,1.4446279034018517,8,2,2,17,9,3,3,5,2,9,2,2,3,1,0,2099.641089253708,-4875.4640324188695,64.49098869880963,0,0,0,0,0,0
12.91666149999965,2099.5361328125,-4875.31689453125,329.441650390625,64.46184181967298,0.0,0.0,1.528413686901331,8,2,2,17,9,3,3,5,2,9,2,2,3,1,0,2099.5360687211805,-4875.316834820562,64.46184181967298,0,0,0,0,0,0
13.083328099999635,2099.39990234375,-4875.10107421875,329.4183349609375,64.42344913969045,0.0,0.0,1.6440745443105698,8,2,2,17,9,3,3,5,2,9,2,2,3,1,0,2099.3999624397898,-4875.100899713866,64.42344913969045,0,0,0,0,0,0
13.208328049999624,2099.300537109375,-4874.9267578125,329.4041748046875,64.39485832406292,0.0,0.0,1.699385792016983,8,2,2,17,9,3,3,5,2,9,2,2,3,1,0,2099.300425012479,-4874.92686852039,64.39485832406292,0,0,0,0,0,0
13.374994649999609,2099.16943359375,-4874.68798828125,329.3861389160156,64.35693061820395,0.0,0.0,1.7018817365169525,8,2,2,17,9,3,3,5,2,9,2,2,3,1,0,2099.169518791302,-4874.68800319231,64.35693061820395,0,0,0,0,0,0
13.541661249999594,2099.037841796875,-4874.45458984375,329.3652038574219,64.31910810619792,0.0,0.0,1.6349978744983673,8,2,2,17,9,3,3,5,2,9,2,2,3,1,0,2099.037818963641,-4874.454722717884,64.31910810619792,0,0,0,0,0,0
13.708327849999579,2098.90234375,-4874.23681640625,329.33953857421875,64.28139685756274,0.0,0.0,1.5534039586782455,8,2,2,17,9,3,3,5,2,9,2,2,3,1,0,2098.902275486498,-4874.236619731315,64.28139685756274,0,0,0,0,0,0
13.874994449999564,2098.76220703125,-4874.033203125,329.3108215332031,64.24391211292667,0.0,0.0,1.5032329596579075,8,2,2,17,9,3,3,5,2,9,2,2,3,1,0,2098.762284370984,-4874.0331118874865,64.24391211292667,0,0,0,0,0,0
14.041661049999549,2098.619384765625,-4873.83642578125,329.28204345703125,64.20679962689,0.0,0.0,1.5026268549263477,8,2,2,17,9,3,3,5,2,9,2,2,3,1,0,2098.619436749978,-4873.836341524788,64.20679962689,0,0,0,0,0,0
14.208327649999534,2098.475830078125,-4873.63623046875,329.2555236816406,64.17031950265572,0.0,0.0,1.5372850932180882,8,2,2,17,9,3,3,5,2,9,2,2,3,1,0,2098.475763748398,-4873.636398954157,64.17031950265572,0,0,0,0,0,0
14.374994249999519,2098.333984375,-4873.427734375,329.2310485839844,64.13414153716796,0.0,0.0,1.5842469409108162,8,2,2,17,9,3,3,5,2,9,2,2,3,1,0,2098.3340362901936,-4873.427852966824,64.13414153716796,0,0,0,0,0,0
14.541660849999504,2098.212890625,-4873.2236328125,329.2148132324219,64.1030962426487,0.0,0.0,1.430496945977211,8,2,2,17,9,3,3,5,2,9,2,2,3,1,0,2098.21297274656,-4873.223444819255,64.1030962426487,0,0,0,0,0,0
14.666660799999493,2098.127685546875,-4873.08203125,329.2095031738281,64.08131118025398,0.0,0.0,1.3305317610502243,8,2,2,17,9,3,3,5,2,9,2,2,3,1,0,2098.1276412569146,-4873.081898579286,64.08131118025398,0,0,0,0,0,0
14.833327399999478,2098.010986328125,-4872.9189453125,329.1989440917969,64.05376460199075,0.0,0.0,1.175366248935461,8,2,2,17,9,3,3,5,2,9,2,2,3,1,0,2098.0109352636678,-4872.918871073057,64.05376460199075,0,0,0,0,0,0
14.958327349999466,2097.91943359375,-4872.8193359375,329.1868896484375,64.03437305520151,0.0,0.0,1.0642247274518013,8,2,2,17,9,3,3,5,2,9,2,2,3,1,0,2097.919503174842,-4872.8193652953105,64.03437305520151,0,0,0,0,0,0
15.124993949999451,2097.7939453125,-4872.7109375,329.16845703125,64.01001989113796,0.0,0.0,0.9714399464428425,8,2,2,17,9,3,3,5,2,9,2,2,3,1,0,2097.7938582130905,-4872.71076934323,64.01001989113796,0,0,0,0,0,0
15.24999389999944,2097.697998046875,-4872.63916015625,329.15313720703125,63.992744986139684,0.0,0.0,0.950872153043747,8,2,2,17,9,3,3,5,2,9,2,2,3,1,0,2097.6980689505394,-4872.639252570114,63.992744986139684,0,0,0,0,0,0
15.374993849999429,2097.60205078125,-4872.56884765625,329.1372375488281,63.976149413811655,0.0,0.0,0.96231484785676,8,2,2,17,9,3,3,5,2,9,2,2,3,1,0,2097.6020308484563,-4872.568904837581,63.976149413811655,0,0,0,0,0,0
15.499993799999418,2097.5068359375,-4872.49365234375,329.12274169921875,63.96009256683195,0.0,0.0,0.9984924457967281,8,2,2,17,9,3,3,5,2,9,2,2,3,1,0,2097.506769507128,-4872.493760434558,63.96009256683195,0,0,0,0,0,0
15.666660399999403,2097.38232421875,-4872.38037109375,329.1075134277344,63.93923720710789,0.0,0.0,1.0642782784998417,8,2,2,17,9,3,3,5,2,9,2,2,3,1,0,2097.3822634658027,-4872.380261817117,63.93923720710789,0,0,0,0,0,0
15.791660349999391,2097.291015625,-4872.28515625,329.09893798828125,63.92386795148488,0.0,0.0,1.1083465069532394,8,2,2,17,9,3,3,5,2,9,2,2,3,1,0,2097.2909580413016,-4872.285118398397,63.92386795148488,0,0,0,0,0,0
15.958326949999377,2097.171142578125,-4872.1494140625,329.0894775390625,63.90358851963594,0.0,0.0,1.137162372469902,8,2,2,17,9,3,3,5,2,9,2,2,3,1,0,2097.1710621426973,-4872.1495567772145,63.90358851963594,0,0,0,0,0,0
16.083326899999367,2097.08154296875,-4872.0458984375,329.0821838378906,63.88849328730639,0.0,0.0,1.1322814039885998,8,2,2,17,9,3,3,5,2,9,2,2,3,1,0,2097.0815203255174,-4872.04612113602,63.88849328730639,0,0,0,0,0,0
16.208326849999356,2096.991455078125,-4871.94482421875,329.07366943359375,63.873480561446414,0.0,0.0,1.1114179156720638,8,2,2,17,9,3,3,5,2,9,2,2,3,1,0,2096.9913672066727,-4871.9449131461115,63.873480561446414,0,0,0,0,0,0
16.333326799999345,2096.89990234375,-4871.84814453125,329.0635681152344,63.85856561994869,0.0,0.0,1.0855715721845627,8,2,2,17,9,3,3,5,2,9,2,2,3,1,0,2096.899972082511,-4871.847998419915,63.85856561994869,0,0,0,0,0,0
16.49999339999933,2096.776123046875,-4871.7265625,329.04827880859375,63.83873545468739,0.0,0.0,1.0483301244676113,8,2,2,17,9,3,3,5,2,9,2,2,3,1,0,2096.7762173960764,-4871.726363201771,63.83873545468739,0,0,0,0,0,0
16.62499334999932,2096.683349609375,-4871.64013671875,329.0374755859375,63.82361993603806,0.0,0.0,1.0312038473784924,8,2,2,17,9,3,3,5,2,9,2,2,3,1,0,2096.6832738683634,-4871.640377868428,63.82361993603806,0,0,0,0,0,0
16.791659949999303,2096.559814453125,-4871.52783203125,329.025146484375,63.80337974197147,0.0,0.0,1.027517206966877,8,2,2,17,9,3,3,5,2,9,2,2,3,1,0,2096.559757605917,-4871.527885226593,63.80337974197147,0,0,0,0,0,0
16.916659899999292,2096.468994140625,-4871.44189453125,329.0169677734375,63.788057814305546,0.0,0.0,1.0343882255256176,8,2,2,17,9,3,3,5,2,9,2,2,3,1,0,2096.468910912353,-4871.441856531403,63.788057814305546,0,0,0,0,0,0
17.083326499999277,2096.35205078125,-4871.3212890625,329.00750732421875,63.76733750852159,0.0,0.0,1.048735249787569,8,2,2,17,9,3,3,5,2,9,2,2,3,1,0,2096.35202328298,-4871.321522980356,63.76733750852159,0,0,0,0,0,0
17.249993099999262,2096.24072265625,-4871.193359375,328.999267578125,63.746211945123115,0.0,0.0,1.0643121786415577,8,2,2,17,9,3,3,5,2,9,2,2,3,1,0,2096.2408076348743,-4871.193575983552,63.746211945123115,0,0,0,0,0,0
17.37499304999925,2096.160888671875,-4871.09326171875,328.9932556152344,63.73009626800332,0.0,0.0,1.0705865919589996,8,2,2,17,9,3,3,5,2,9,2,2,3,1,0,2096.1609934741673,-4871.093324068129,63.73009626800332,0,0,0,0,0,0
17.541659649999236,2096.057861328125,-4870.95703125,328.9847717285156,63.70825334204958,0.0,0.0,1.067765150219202,8,2,2,17,9,3,3,5,2,9,2,2,3,1,0,2096.057935697918,-4870.95687876398,63.70825334204958,0,0,0,0,0,0
17.666659599999225,2095.982421875,-4870.8544921875,328.9779052734375,63.69165428543589,0.0,0.0,1.0576041415333748,8,2,2,17,9,3,3,5,2,9,2,2,3,1,0,2095.9823511529626,-4870.854363314941,63.69165428543589,0,0,0,0,0,0
17.791659549999213,2095.90771484375,-4870.75244140625,328.9703063964844,63.674897640614,0.0,0.0,1.045794878154993,8,2,2,17,9,3,3,5,2,9,2,2,3,1,0,2095.9076975443863,-4870.752637859219,63.674897640614,0,0,0,0,0,0
17.9583261499992,2095.809326171875,-4870.61865234375,328.9591369628906,63.652354017580876,0.0,0.0,1.033151801675558,8,2,2,17,9,3,3,5,2,9,2,2,3,1,0,2095.8092918985776,-4870.618478708345,63.652354017580876,0,0,0,0,0,0
18.124992749999183,2095.712158203125,-4870.4853515625,328.947509765625,63.62961457489059,0.0,0.0,1.0256072506308556,8,2,2,17,9,3,3,5,2,9,2,2,3,1,0,2095.7121608554066,-4870.485381315252,63.62961457489059,0,0,0,0,0,0
18.249992699999172,2095.64013671875,-4870.38525390625,328.9388732910156,63.61244641997595,0.0,0.0,1.0280817747116089,8,2,2,17,9,3,3,5,2,9,2,2,3,1,0,2095.640255664954,-4870.385254772619,63.61244641997595,0,0,0,0,0,0
18.416659299999157,2095.546630859375,-4870.2490234375,328.927490234375,63.58934141205112,0.0,0.0,1.0390941984951496,8,2,2,17,9,3,3,5,2,9,2,2,3,1,0,2095.5466359502616,-4870.249172492913,63.58934141205112,0,0,0,0,0,0
18.583325899999142,2095.456787109375,-4870.1083984375,328.9164733886719,63.56591670528926,0.0,0.0,1.0561060160398483,8,2,2,17,9,3,3,5,2,9,2,2,3,1,0,2095.456809547114,-4870.108187064177,63.56591670528926,0,0,0,0,0,0
18.749992499999127,2095.369873046875,-4869.962890625,328.9056091308594,63.542306899346734,0.0,0.0,1.069731917232275,8,2,2,17,9,3,3,5,2,9,2,2,3,1,0,2095.369826858636,-4869.962812478543,63.542306899346734,0,0,0,0,0,0
18.916659099999112,2095.28466796875,-4869.81494140625,328.8948669433594,63.51849362436206,0.0,0.0,1.0759517550468445,8,2,2,17,9,3,3,5,2,9,2,2,3,1,0,2095.284552705974,-4869.814989732343,63.51849362436206,0,0,0,0,0,0
19.0416590499991,2095.221435546875,-4869.703125,328.8867492675781,63.50047953094061,0.0,0.0,1.077996101230383,8,2,2,17,9,3,3,5,2,9,2,2,3,1,0,2095.221553565371,-4869.703127205437,63.50047953094061,0,0,0,0,0,0
19.208325649999086,2095.138916015625,-4869.55322265625,328.8755798339844,63.47628071320089,0.0,0.0,1.0782144963741302,8,2,2,17,9,3,3,5,2,9,2,2,3,1,0,2095.138866062451,-4869.553021328743,63.47628071320089,0,0,0,0,0,0
19.333325599999075,2095.07763671875,-4869.43994140625,328.8668518066406,63.4579881633802,0.0,0.0,1.0775755159556866,8,2,2,17,9,3,3,5,2,9,2,2,3,1,0,2095.0775545839224,-4869.440156538438,63.4579881633802,0,0,0,0,0,0
19.458325549999063,2095.016845703125,-4869.3271484375,328.8579406738281,63.4395900418334,0.0,0.0,1.0779304429888725,8,2,2,17,9,3,3,5,2,9,2,2,3,1,0,2095.0169256581707,-4869.326938518766,63.4395900418334,0,0,0,0,0,0
19.583325499999052,2094.956787109375,-4869.21337890625,328.8489074707031,63.421083287695225,0.0,0.0,1.079284679144621,8,2,2,17,9,3,3,5,2,9,2,2,3,1,0,2094.9568683789294,-4869.2133265165285,63.421083287695225,0,0,0,0,0,0
19.70832544999904,2094.8974609375,-4869.09912109375,328.83984375,63.402475546657406,0.0,0.0,1.0825826786458492,8,2,2,17,9,3,3,5,2,9,2,2,3,1,0,2094.8974256073675,-4869.0991594038705,63.402475546657406,0,0,0,0,0,0
19.791658749999034,2094.858154296875,-4869.0224609375,328.8338317871094,63.3900173409597,0.0,0.0,1.0856379754841328,8,2,2,17,9,3,3,5,2,9,2,2,3,1,0,2094.858212956333,-4869.02256151035,63.3900173409597,0,0,0,0,0,0
19.874992049999026,2094.8193359375,-4868.9453125,328.8277587890625,63.37751170092165,0.0,0.0,1.0901582427322865,8,2,2,17,9,3,3,5,2,9,2,2,3,1,0,2094.8193513845576,-4868.945476606499,63.37751170092165,0,0,0,0,0,0
19.999991999999015,2094.76171875,-4868.82861328125,328.8185729980469,63.35866678444536,0.0,0.0,1.0978205129504204,8,2,2,17,9,3,3,5,2,9,2,2,3,1,0,2094.7617842340383,-4868.828684580442,63.35866678444536,0,0,0,0,0,0
20.124991949999004,2094.705078125,-4868.71044921875,328.8092346191406,63.33974076118614,0.0,0.0,1.1057891882956028,8,2,2,17,9,3,3,5,2,9,2,2,3,1,0,2094.7050604382484,-4868.710485471965,63.33974076118614,0,0,0,0,0,0
20.208325249998996,2094.667724609375,-4868.630859375,328.80303955078125,63.327054552486686,0.0,0.0,1.1110748164355755,8,2,2,17,9,3,3,5,2,9,2,2,3,1,0,2094.6676733505733,-4868.630953907497,63.327054552486686,0,0,0,0,0,0
20.333325199998985,2094.612060546875,-4868.5107421875,328.7938232421875,63.307934195745986,0.0,0.0,1.1167047545313835,8,2,2,17,9,3,3,5,2,9,2,2,3,1,0,2094.6121599406733,-4868.510757594479,63.307934195745986,0,0,0,0,0,0
20.458325149998974,2094.557373046875,-4868.3896484375,328.78460693359375,63.28868835436433,0.0,0.0,1.1221839115023613,8,2,2,17,9,3,3,5,2,9,2,2,3,1,0,2094.557326301423,-4868.389573599737,63.28868835436433,0,0,0,0,0,0
20.583325099998962,2094.503173828125,-4868.267578125,328.77520751953125,63.26931549519321,0.0,0.0,1.126236841082573,8,2,2,17,9,3,3,5,2,9,2,2,3,1,0,2094.503117908847,-4868.2675104879545,63.26931549519321,0,0,0,0,0,0
20.70832504999895,2094.449462890625,-4868.14453125,328.7655944824219,63.24982175957391,0.0,0.0,1.1300517246127129,8,2,2,17,9,3,3,5,2,9,2,2,3,1,0,2094.4495179589558,-4868.144663900355,63.24982175957391,0,0,0,0,0,0
20.83332499999894,2094.396484375,-4868.02099609375,328.7557373046875,63.23021629975857,0.0,0.0,1.1341112665832043,8,2,2,17,9,3,3,5,2,9,2,2,3,1,0,2094.3965529843163,-4868.021076138021,63.23021629975857,0,0,0,0,0,0
20.95832494999893,2094.343994140625,-4867.896484375,328.7457580566406,63.21051289669537,0.0,0.0,1.1395914480090141,8,2,2,17,9,3,3,5,2,9,2,2,3,1,0,2094.3440818024096,-4867.896659847242,63.21051289669537,0,0,0,0,0,0
21.04165824999892,2094.309326171875,-4867.8134765625,328.7390441894531,63.19731555297586,0.0,0.0,1.142300944775343,8,2,2,17,9,3,3,5,2,9,2,2,3,1,0,2094.3093750226626,-4867.813306776404,63.19731555297586,0,0,0,0,0,0
21.124991549998914,2094.27490234375,-4867.7294921875,328.7323303222656,63.184053939304206,0.0,0.0,1.1463724076747894,8,2,2,17,9,3,3,5,2,9,2,2,3,1,0,2094.274835270078,-4867.729603150104,63.184053939304206,0,0,0,0,0,0
21.249991499998902,2094.223388671875,-4867.603515625,328.72216796875,63.164059750369724,0.0,0.0,1.1494762264192104,8,2,2,17,9,3,3,5,2,9,2,2,3,1,0,2094.2234289280736,-4867.603369061488,63.164059750369724,0,0,0,0,0,0
21.333324799998895,2094.189208984375,-4867.51953125,328.7153625488281,63.15068179905804,0.0,0.0,1.1453201062977314,8,2,2,17,9,3,3,5,2,9,2,2,3,1,0,2094.189257798786,-4867.51929074437,63.15068179905804,0,0,0,0,0,0
21.416658099998887,2094.155029296875,-4867.43603515625,328.7085266113281,63.137259449855634,0.0,0.0,1.1377649381756783,8,2,2,17,9,3,3,5,2,9,2,2,3,1,0,2094.1549139507524,-4867.435829278137,63.137259449855634,0,0,0,0,0,0
21.458324749998884,2094.1376953125,-4867.39453125,328.705078125,63.13053909616689,0.0,0.0,1.1332430876791477,8,2,2,17,9,3,3,5,2,9,2,2,3,1,0,2094.137652600982,-4867.394407973633,63.13053909616689,0,0,0,0,0,0
21.541658049998876,2094.102783203125,-4867.31201171875,328.697998046875,63.11706623945595,0.0,0.0,1.1237509548664093,8,2,2,17,9,3,3,5,2,9,2,2,3,1,0,2094.1028915602606,-4867.3122480166885,63.11706623945595,0,0,0,0,0,0
21.62499134999887,2094.06787109375,-4867.23095703125,328.69073486328125,63.1035704259488,0.0,0.0,1.1125131510198116,8,2,2,17,9,3,3,5,2,9,2,2,3,1,0,2094.067798119669,-4867.231111322407,63.1035704259488,0,0,0,0,0,0
21.70832464999886,2094.0322265625,-4867.1513671875,328.6832275390625,63.09003633693283,0.0,0.0,1.0978386737406254,8,2,2,17,9,3,3,5,2,9,2,2,3,1,0,2094.032109319455,-4867.151304209859,63.09003633693283,0,0,0,0,0,0
21.791657949998854,2093.99560546875,-4867.0732421875,328.67559814453125,63.076447149147526,0.0,0.0,1.082896627485752,8,2,2,17,9,3,3,5,2,9,2,2,3,1,0,2093.995538207576,-4867.073108013336,63.076447149147526,0,0,0,0,0,0
21.874991249998846,2093.9208984375,-4866.97314453125,328.6500549316406,63.05238239981884,0.0,0.0,1.7981046810746193,8,2,2,17,9,3,3,5,2,9,2,2,3,1,0,2093.9209630219348,-4866.973081768604,63.05238239981884,0,0,0,0,0,0
21.95832454999884,2093.849609375,-4866.8466796875,328.58270263671875,63.02918748304519,0.0,0.0,1.7512546852231026,8,2,2,17,9,3,3,5,2,9,2,2,3,1,0,2093.849687215277,-4866.84667619074,63.02918748304519,0,0,0,0,0,0
22.04165784999883,2093.802978515625,-4866.70654296875,328.5041809082031,63.010582262767514,0.0,0.0,1.8647745251655579,8,2,2,17,9,3,3,5,2,9,2,2,3,1,0,2093.8029898913287,-4866.706714551661,63.010582262767514,0,0,0,0,0,0
22.16665779999882,2093.751220703125,-4866.47412109375,328.43017578125,62.97876178904989,0.0,0.0,2.0074058324098587,8,2,2,17,9,3,3,5,2,9,2,2,3,1,0,2093.7513091350306,-4866.474182450394,62.97876178904989,0,0,0,0,0,0
22.29165774999881,2093.704345703125,-4866.224609375,328.4242248535156,62.944797053709785,0.0,0.0,2.2294973954558372,8,2,2,17,9,3,3,5,2,9,2,2,3,1,0,2093.704240229768,-4866.224379143419,62.944797053709785,0,0,0,0,0,0
22.3749910499988,2093.6591796875,-4866.04296875,328.4312438964844,62.91931179115225,0.0,0.0,2.4988889694213867,8,2,2,17,9,3,3,5,2,9,2,2,3,1,0,2093.6592151143996,-4866.043208966206,62.91931179115225,0,0,0,0,0,0
22.49999099999879,2093.577392578125,-4865.7421875,328.4231872558594,62.87722279242694,0.0,0.0,2.831696532666683,8,2,2,17,9,3,3,5,2,9,2,2,3,1,0,2093.577436586614,-4865.741972346679,62.87722279242694,0,0,0,0,0,0
22.62499094999878,2093.49560546875,-4865.40625,328.3870849609375,62.831094398782156,0.0,0.0,3.0005965381860733,8,2,2,17,9,3,3,5,2,9,2,2,3,1,0,2093.495512042307,-4865.406250864997,62.831094398782156,0,0,0,0,0,0
22.749990899998767,2093.421630859375,-4865.0498046875,328.3299865722656,62.782015148237896,0.0,0.0,2.9899612069129944,8,2,2,17,9,3,3,5,2,9,2,2,3,1,0,2093.421717035688,-4865.049944718143,62.782015148237896,0,0,0,0,0,0
22.874990849998756,2093.345947265625,-4864.70654296875,328.2558288574219,62.73213866217357,0.0,0.0,2.7427611872553825,8,2,2,17,9,3,3,5,2,9,2,2,3,1,0,2093.345894697753,-4864.70630383143,62.73213866217357,0,0,0,0,0,0
22.999990799998745,2093.254150390625,-4864.41162109375,328.17333984375,62.68337551104526,0.0,0.0,2.289503999054432,8,2,2,17,9,3,3,5,2,9,2,2,3,1,0,2093.254118613653,-4864.4114360341955,62.68337551104526,0,0,0,0,0,0
23.124990749998734,2093.132080078125,-4864.1943359375,328.09521484375,62.636598323405714,0.0,0.0,1.886836439371109,8,2,2,17,9,3,3,5,2,9,2,2,3,1,0,2093.1320759703467,-4864.19454664675,62.636598323405714,0,0,0,0,0,0
23.208324049998726,2093.013916015625,-4864.08935546875,328.0445861816406,62.601447645681056,0.0,0.0,1.83771550655365,8,2,2,17,9,3,3,5,2,9,2,2,3,1,0,2093.013930248402,-4864.089559804456,62.601447645681056,0,0,0,0,0,0
23.333323999998715,2092.812255859375,-4863.96728515625,327.9721984863281,62.54819189418103,0.0,0.0,1.845761016011238,8,2,2,17,9,3,3,5,2,9,2,2,3,1,0,2092.812219101885,-4863.967351660297,62.54819189418103,0,0,0,0,0,0
23.458323949998704,2092.607177734375,-4863.83935546875,327.90069580078125,62.49600707162392,0.0,0.0,1.9354198127985,8,2,2,17,9,3,3,5,2,9,2,2,3,1,0,2092.6072333362836,-4863.839115791061,62.49600707162392,0,0,0,0,0,0
23.583323899998692,2092.418701171875,-4863.6611328125,327.827880859375,62.44485012260419,0.0,0.0,2.1930690854787827,8,2,2,17,9,3,3,5,2,9,2,2,3,1,0,2092.418802436674,-4863.661003195618,62.44485012260419,0,0,0,0,0,0
23.70832384999868,2092.26513671875,-4863.41650390625,327.76007080078125,62.396871884966586,0.0,0.0,2.544087916612625,8,2,2,17,9,3,3,5,2,9,2,2,3,1,0,2092.2650818802736,-4863.4164665466005,62.396871884966586,0,0,0,0,0,0
23.791657149998674,2092.181884765625,-4863.21875,327.7243957519531,62.36662072099938,0.0,0.0,2.7902545407414436,8,2,2,17,9,3,3,5,2,9,2,2,3,1,0,2092.182003484038,-4863.218692227452,62.36662072099938,0,0,0,0,0,0
23.916657099998663,2092.0732421875,-4862.87841796875,327.685302734375,62.32010144058847,0.0,0.0,3.125467896461487,8,2,2,17,9,3,3,5,2,9,2,2,3,1,0,2092.0732443384645,-4862.8782351318305,62.32010144058847,0,0,0,0,0,0
23.999990399998655,2092.005859375,-4862.6318359375,327.66180419921875,62.28796170649021,0.0,0.0,3.2469868659973145,8,2,2,17,9,3,3,5,2,9,2,2,3,1,0,2092.0058305556845,-4862.631624499831,62.28796170649021,0,0,0,0,0,0
24.083323699998648,2091.93798828125,-4862.3798828125,327.6343688964844,62.25503267582762,0.0,0.0,3.295990824699402,8,2,2,17,9,3,3,5,2,9,2,2,3,1,0,2091.938039311293,-4862.379781705279,62.25503267582762,0,0,0,0,0,0
24.16665699999864,2091.856689453125,-4862.1259765625,327.5975036621094,62.21827414923424,0.0,0.0,3.2691210508346558,8,2,2,17,9,3,3,5,2,9,2,2,3,1,0,2091.856710928651,-4862.126070831497,62.21827414923424,0,0,0,0,0,0
24.29165694999863,2091.724853515625,-4861.763671875,327.52471923828125,62.161991303301384,0.0,0.0,3.08191254734993,8,2,2,17,9,3,3,5,2,9,2,2,3,1,0,2091.7247467625602,-4861.763903141902,62.161991303301384,0,0,0,0,0,0
24.37499024999862,2091.62939453125,-4861.5390625,327.468505859375,62.12432772801247,0.0,0.0,2.9320362955331802,8,2,2,17,9,3,3,5,2,9,2,2,3,1,0,2091.6293156814854,-4861.539294166774,62.12432772801247,0,0,0,0,0,0
24.458323549998614,2091.528564453125,-4861.32861328125,327.4104309082031,62.08661887136825,0.0,0.0,2.7863558381795883,8,2,2,17,9,3,3,5,2,9,2,2,3,1,0,2091.5284812463133,-4861.328823785975,62.08661887136825,0,0,0,0,0,0
24.6249901499986,2091.314697265625,-4860.9423828125,327.29473876953125,62.011679936689504,0.0,0.0,2.6064593344926834,8,2,2,17,9,3,3,5,2,9,2,2,3,1,0,2091.3147474472034,-4860.94226646652,62.011679936689504,0,0,0,0,0,0
24.749990099998588,2091.14794921875,-4860.66943359375,327.20751953125,61.95628311618295,0.0,0.0,2.5700924918055534,8,2,2,17,9,3,3,5,2,9,2,2,3,1,0,2091.1479244750535,-4860.6695478956135,61.95628311618295,0,0,0,0,0,0
24.83332339999858,2091.0361328125,-4860.48974609375,327.1490478515625,61.919927400998475,0.0,0.0,2.57643461227417,8,2,2,17,9,3,3,5,2,9,2,2,3,1,0,2091.0360893007637,-4860.4895563078735,61.919927400998475,0,0,0,0,0,0
24.874990049998576,2090.98046875,-4860.39892578125,327.1199645996094,61.901941368791,0.0,0.0,2.586306631565094,8,2,2,17,9,3,3,5,2,9,2,2,3,1,0,2090.9804809569346,-4860.399075186964,61.901941368791,0,0,0,0,0,0
24.999989999998565,2090.81640625,-4860.12353515625,327.0343017578125,61.848795162310566,0.0,0.0,2.6156770065426826,8,2,2,17,9,3,3,5,2,9,2,2,3,1,0,2090.81634306677,-4860.12371459497,61.848795162310566,0,0,0,0,0,0
25.124989949998554,2090.655517578125,-4859.84521484375,326.951904296875,61.79704296582748,0.0,0.0,2.6204513385891914,8,2,2,17,9,3,3,5,2,9,2,2,3,1,0,2090.655579144453,-4859.845389421304,61.79704296582748,0,0,0,0,0,0
25.249989899998543,2090.496826171875,-4859.56787109375,326.8719177246094,61.746592020139005,0.0,0.0,2.5974491611123085,8,2,2,17,9,3,3,5,2,9,2,2,3,1,0,2090.4969216088334,-4859.56788265027,61.746592020139005,0,0,0,0,0,0
25.333323199998535,2090.391845703125,-4859.38623046875,326.81890869140625,61.713740742280685,0.0,0.0,2.556317113339901,8,2,2,17,9,3,3,5,2,9,2,2,3,1,0,2090.3918328505288,-4859.386033002193,61.713740742280685,0,0,0,0,0,0
25.458323149998524,2090.234619140625,-4859.12255859375,326.7390441894531,61.66570218317439,0.0,0.0,2.45510321110487,8,2,2,17,9,3,3,5,2,9,2,2,3,1,0,2090.234601302641,-4859.122782116355,61.66570218317439,0,0,0,0,0,0
25.583323099998513,2090.0771484375,-4858.875,326.6583251953125,61.619230649832794,0.0,0.0,2.329711802303791,8,2,2,17,9,3,3,5,2,9,2,2,3,1,0,2090.0771658750236,-4858.875198419435,61.619230649832794,0,0,0,0,0,0
25.666656399998505,2089.971923828125,-4858.72021484375,326.6042175292969,61.589248609336494,0.0,0.0,2.2398820146918297,8,2,2,17,9,3,3,5,2,9,2,2,3,1,0,2089.9719934823106,-4858.7203300977035,61.589248609336494,0,0,0,0,0,0
25.749989699998498,2089.866943359375,-4858.57373046875,326.54998779296875,61.56007925070973,0.0,0.0,2.1531065925955772,8,2,2,17,9,3,3,5,2,9,2,2,3,1,0,2089.866954114239,-4858.573659793038,61.56007925070973,0,0,0,0,0,0
25.916656299998483,2089.65087890625,-4858.30029296875,326.43975830078125,61.50241157134443,0.0,0.0,2.1026723086833954,8,2,2,17,9,3,3,5,2,9,2,2,3,1,0,2089.6508410311853,-4858.300492498982,61.50241157134443,0,0,0,0,0,0
26.04165624999847,2089.4697265625,-4858.10107421875,326.35009765625,61.45571549728948,0.0,0.0,2.2823305800557137,8,2,2,17,9,3,3,5,2,9,2,2,3,1,0,2089.4697758825737,-4858.1010402285465,61.45571549728948,0,0,0,0,0,0
26.16665619999846,2089.27685546875,-4857.8759765625,326.25408935546875,61.40362443864933,0.0,0.0,2.4577442556619644,8,2,2,17,9,3,3,5,2,9,2,2,3,1,0,2089.276928505631,-4857.876078852725,61.40362443864933,0,0,0,0,0,0
26.29165614999845,2089.1142578125,-4857.603515625,326.1659851074219,61.353187509174866,0.0,0.0,2.7633745223283768,8,2,2,17,9,3,3,5,2,9,2,2,3,1,0,2089.114183359819,-4857.603378681641,61.353187509174866,0,0,0,0,0,0
26.416656099998438,2088.976318359375,-4857.25,326.0865783691406,61.29862534477106,0.0,0.0,3.4325499087572098,8,2,2,17,9,3,3,5,2,9,2,2,3,1,0,2088.9762795405954,-4857.249920132516,61.29862534477106,0,0,0,0,0,0
26.541656049998426,2088.82421875,-4856.7880859375,325.9983215332031,61.22920126221675,0.0,0.0,4.394251853227615,8,2,2,17,9,3,3,5,2,9,2,2,3,1,0,2088.824102308641,-4856.788009871397,61.22920126221675,0,0,0,0,0,0
26.70832264999841,2088.615966796875,-4856.06689453125,325.90460205078125,61.1257383252182,0.0,0.0,4.998462647199631,8,2,2,17,9,3,3,5,2,9,2,2,3,1,0,2088.616002625857,-4856.066891112706,61.1257383252182,0,0,0,0,0,0
26.8333225999984,2088.455322265625,-4855.50244140625,325.8854064941406,61.04443888875581,0.0,0.0,5.056755617260933,8,2,2,17,9,3,3,5,2,9,2,2,3,1,0,2088.455295944572,-4855.502596386371,61.04443888875581,0,0,0,0,0,0
26.95832254999839,2088.2880859375,-4854.94677734375,325.88360595703125,60.961492515425434,0.0,0.0,4.889212176203728,8,2,2,17,9,3,3,5,2,9,2,2,3,1,0,2088.2881984287637,-4854.946905290355,60.961492515425434,0,0,0,0,0,0
27.083322499998378,2088.122314453125,-4854.416015625,325.8590393066406,60.877321520454146,0.0,0.0,4.567759856581688,8,2,2,17,9,3,3,5,2,9,2,2,3,1,0,2088.1222207632195,-4854.41577839187,60.877321520454146,0,0,0,0,0,0
27.249989099998363,2087.90478515625,-4853.75634765625,325.76361083984375,60.76612866637338,0.0,0.0,4.0912434458732605,8,2,2,17,9,3,3,5,2,9,2,2,3,1,0,2087.904823989931,-4853.7562988846685,60.76612866637338,0,0,0,0,0,0
27.37498904999835,2087.739501953125,-4853.3017578125,325.66485595703125,60.68364530757706,0.0,0.0,3.8173727691173553,8,2,2,17,9,3,3,5,2,9,2,2,3,1,0,2087.7394086370305,-4853.301778910511,60.68364530757706,0,0,0,0,0,0
27.541655649998336,2087.50390625,-4852.73876953125,325.543701171875,60.57461536275036,0.0,0.0,3.6783579736948013,8,2,2,17,9,3,3,5,2,9,2,2,3,1,0,2087.5038320412223,-4852.739008564394,60.57461536275036,0,0,0,0,0,0
27.666655599998325,2087.315185546875,-4852.330078125,325.47540283203125,60.49362739124299,0.0,0.0,3.739865869283676,8,2,2,17,9,3,3,5,2,9,2,2,3,1,0,2087.315130449881,-4852.330257446218,60.49362739124299,0,0,0,0,0,0
27.791655549998314,2087.12255859375,-4851.91455078125,325.4223937988281,60.41352911138206,0.0,0.0,3.8768544793128967,8,2,2,17,9,3,3,5,2,9,2,2,3,1,0,2087.122536625135,-4851.9144927507,60.41352911138206,0,0,0,0,0,0
27.9583221499983,2086.8740234375,-4851.33056640625,325.3580627441406,60.30798977191818,0.0,0.0,4.063599184155464,8,2,2,17,9,3,3,5,2,9,2,2,3,1,0,2086.8739424430432,-4851.330476385064,60.30798977191818,0,0,0,0,0,0
28.124988749998284,2086.64208984375,-4850.7158203125,325.2864990234375,60.20274376249121,0.0,0.0,4.139213636517525,8,2,2,17,9,3,3,5,2,9,2,2,3,1,0,2086.642137071987,-4850.715844474065,60.20274376249121,0,0,0,0,0,0
28.208322049998277,2086.53125,-4850.40283203125,325.2472229003906,60.15013502471376,0.0,0.0,4.146755114197731,8,2,2,17,9,3,3,5,2,9,2,2,3,1,0,2086.531148225452,-4850.402676411986,60.15013502471376,0,0,0,0,0,0
28.37498864999826,2086.312744140625,-4849.77587890625,325.1653747558594,60.044799139242485,0.0,0.0,4.113117232918739,8,2,2,17,9,3,3,5,2,9,2,2,3,1,0,2086.3128339256127,-4849.775675297628,60.044799139242485,0,0,0,0,0,0
28.49998859999825,2086.147216796875,-4849.31201171875,325.10430908203125,59.96562787383528,0.0,0.0,4.064129665493965,8,2,2,17,9,3,3,5,2,9,2,2,3,1,0,2086.147222852399,-4849.311896864864,59.96562787383528,0,0,0,0,0,0
28.62498854999824,2085.9775390625,-4848.8564453125,325.045166015625,59.88641593101575,0.0,0.0,4.0114957839250565,8,2,2,17,9,3,3,5,2,9,2,2,3,1,0,2085.977617194948,-4848.85659924751,59.88641593101575,0,0,0,0,0,0
28.791655149998224,2085.746337890625,-4848.2607421875,324.9677734375,59.78116938315122,0.0,0.0,3.955487534403801,8,2,2,17,9,3,3,5,2,9,2,2,3,1,0,2085.7462781547233,-4848.260936380875,59.78116938315122,0,0,0,0,0,0
28.916655099998213,2085.571044921875,-4847.8193359375,324.908935546875,59.70270317079981,0.0,0.0,3.928123041987419,8,2,2,17,9,3,3,5,2,9,2,2,3,1,0,2085.5711593925867,-4847.819505293818,59.70270317079981,0,0,0,0,0,0
29.0416550499982,2085.396728515625,-4847.38037109375,324.8489685058594,59.6245809811071,0.0,0.0,3.91191802918911,8,2,2,17,9,3,3,5,2,9,2,2,3,1,0,2085.3966998126734,-4847.380185808786,59.6245809811071,0,0,0,0,0,0
29.208321649998187,2085.166259765625,-4846.79443359375,324.7683410644531,59.52100773187759,0.0,0.0,3.917425498366356,8,2,2,17,9,3,3,5,2,9,2,2,3,1,0,2085.1663711573624,-4846.794343397146,59.52100773187759,0,0,0,0,0,0
29.37498824999817,2084.939697265625,-4846.20458984375,324.6893005371094,59.41801992401521,0.0,0.0,3.938847780227661,8,2,2,17,9,3,3,5,2,9,2,2,3,1,0,2084.939583085201,-4846.204386430427,59.41801992401521,0,0,0,0,0,0
29.541654849998157,2084.714599609375,-4845.61181640625,324.6130065917969,59.315195073965356,0.0,0.0,3.950146958231926,8,2,2,17,9,3,3,5,2,9,2,2,3,1,0,2084.7145956511517,-4845.611870710852,59.315195073965356,0,0,0,0,0,0
29.70832144999814,2084.490234375,-4845.01953125,324.5386047363281,59.212468640051014,0.0,0.0,3.9422623813152313,8,2,2,17,9,3,3,5,2,9,2,2,3,1,0,2084.490348073201,-4845.019417825523,59.212468640051014,0,0,0,0,0,0
29.874988049998127,2084.266845703125,-4844.42919921875,324.4634704589844,59.11000908197767,0.0,0.0,3.9185456931591034,8,2,2,17,9,3,3,5,2,9,2,2,3,1,0,2084.2668628874544,-4844.429115206973,59.11000908197767,0,0,0,0,0,0
30.04165464999811,2084.050537109375,-4843.84716796875,324.3886413574219,59.00962169849677,0.0,0.0,3.5435929894447327,8,2,2,17,9,3,3,5,2,9,2,2,3,1,0,2084.0504412882015,-4843.847310202053,59.00962169849677,0,0,0,0,0,0
30.1666545999981,2083.983642578125,-4843.53955078125,324.4018859863281,58.96735675832052,0.0,0.0,2.071770653128624,8,2,2,17,9,3,3,5,2,9,2,2,3,1,0,2083.983665917435,-4843.53957920419,58.96735675832052,0,0,0,0,0,0
30.29165454999809,2083.938720703125,-4843.39013671875,324.48968505859375,58.9404339225709,0.0,0.0,0.7743386086076498,8,2,2,17,9,3,3,5,2,9,2,2,3,1,0,2083.938615011332,-4843.390365852752,58.9404339225709,0,0,0,0,0,0
30.458321149998074,2083.83544921875,-4843.396484375,324.5472106933594,58.918205303122626,0.0,0.0,1.002736296504736,8,2,2,17,9,3,3,5,2,9,2,2,3,1,0,2083.835356418513,-4843.396577079896,58.918205303122626,0,0,0,0,0,0
30.62498774999806,2083.680908203125,-4843.57421875,324.4703063964844,58.907087756469735,0.0,0.0,1.7525209113955498,8,2,2,17,9,3,3,5,2,9,2,2,3,1,0,2083.680941391514,-4843.574448298358,58.907087756469735,0,0,0,0,0,0
30.70832104999805,2083.601318359375,-4843.693359375,324.4207763671875,58.90485451180571,0.0,0.0,1.8485436215996742,8,2,2,17,9,3,3,5,2,9,2,2,3,1,0,2083.6012936971865,-4843.693175682304,58.90485451180571,0,0,0,0,0,0
30.874987649998037,2083.4560546875,-4843.919921875,324.3567810058594,58.90452472932214,0.0,0.0,1.5340651385486126,8,2,2,17,9,3,3,5,2,9,2,2,3,1,0,2083.455997789965,-4843.91993786813,58.90452472932214,0,0,0,0,0,0
31.04165424999802,2083.33349609375,-4844.06689453125,324.3411865234375,58.905741732293016,0.0,0.0,0.8612953126430511,8,2,2,17,9,3,3,5,2,9,2,2,3,1,0,2083.333559634674,-4844.066753442568,58.905741732293016,0,0,0,0,0,0
31.208320849998007,2083.243896484375,-4844.10009765625,324.364501953125,58.90673098772012,0.0,0.0,0.4922369960695505,8,2,2,17,9,3,3,5,2,9,2,2,3,1,0,2083.2438033013746,-4844.100128724692,58.90673098772012,0,0,0,0,0,0
31.37498744999799,2083.193359375,-4844.0478515625,324.4100036621094,58.906887043402875,0.0,0.0,0.5714371334761381,8,2,2,17,9,3,3,5,2,9,2,2,3,1,0,2083.1932698846017,-4844.047963452642,58.906887043402875,0,0,0,0,0,0
31.541654049997977,2083.1708984375,-4843.9736328125,324.4447326660156,58.90660649064841,0.0,0.0,0.445966562256217,8,2,2,17,9,3,3,5,2,9,2,2,3,1,0,2083.170947770331,-4843.973705585063,58.90660649064841,0,0,0,0,0,0
31.666653999997965,2083.158203125,-4843.93896484375,324.4526062011719,58.906273166481384,0.0,0.0,0.20458376966416836,8,2,2,17,9,3,3,5,2,9,2,2,3,1,0,2083.158147893012,-4843.938738626449,58.906273166481384,0,0,0,0,0,0
31.791653949997954,2083.138671875,-4843.9365234375,324.44781494140625,58.906009965984246,0.0,0.0,0.2257581101730466,8,2,2,17,9,3,3,5,2,9,2,2,3,1,0,2083.1387097231354,-4843.936406019092,58.906009965984246,0,0,0,0,0,0
31.95832054999794,2083.09716796875,-4843.9833984375,324.432373046875,58.90640040354622,0.0,0.0,0.5363140255212784,8,2,2,17,9,3,3,5,2,9,2,2,3,1,0,2083.097155468531,-4843.983414678049,58.90640040354622,0,0,0,0,0,0
32.12498714999793,2083.04052734375,-4844.0625,324.4163513183594,58.907555604469366,0.0,0.0,0.6447197869420052,8,2,2,17,9,3,3,5,2,9,2,2,3,1,0,2083.040480708375,-4844.0626249617335,58.907555604469366,0,0,0,0,0,0
32.29165374999791,2082.98095703125,-4844.13916015625,324.40606689453125,58.90916864033516,0.0,0.0,0.5392843391746283,8,2,2,17,9,3,3,5,2,9,2,2,3,1,0,2082.9810512764475,-4844.139285976164,58.90916864033516,0,0,0,0,0,0
32.374987049997905,2082.95458984375,-4844.16845703125,324.40399169921875,58.91004661661739,0.0,0.0,0.4384140484035015,8,2,2,17,9,3,3,5,2,9,2,2,3,1,0,2082.9545464180296,-4844.168414399739,58.91004661661739,0,0,0,0,0,0
32.499986999997894,2082.92041015625,-4844.19775390625,324.4046630859375,58.91097260611876,0.0,0.0,0.30236339662224054,8,2,2,17,9,3,3,5,2,9,2,2,3,1,0,2082.9204887720384,-4844.19797642831,58.91097260611876,0,0,0,0,0,0
32.62498694999788,2082.893310546875,-4844.21240234375,324.40887451171875,58.911563648623556,0.0,0.0,0.20195222459733486,8,2,2,17,9,3,3,5,2,9,2,2,3,1,0,2082.8932426296424,-4844.212306810515,58.911563648623556,0,0,0,0,0,0
32.74998689999787,2082.872802734375,-4844.21533203125,324.4146728515625,58.91210129321484,0.0,0.0,0.1524159568361938,8,2,2,17,9,3,3,5,2,9,2,2,3,1,0,2082.8727446062617,-4844.215534418333,58.91210129321484,0,0,0,0,0,0
32.91665349999786,2082.851318359375,-4844.21337890625,324.4212341308594,58.91259962190958,0.0,0.0,0.1198512502014637,8,2,2,17,9,3,3,5,2,9,2,2,3,1,0,2082.8514147985106,-4844.213166408919,58.91259962190958,0,0,0,0,0,0
33.08332009999784,2082.832763671875,-4844.2158203125,324.4244689941406,58.912879878375996,0.0,0.0,0.12133608106523752,8,2,2,17,9,3,3,5,2,9,2,2,3,1,0,2082.8327421063204,-4844.215786469653,58.912879878375996,0,0,0,0,0,0
33.20832004999783,2082.81689453125,-4844.22509765625,324.42437744140625,58.912891634587154,0.0,0.0,0.17099728574976325,8,2,2,17,9,3,3,5,2,9,2,2,3,1,0,2082.8167777305716,-4844.225330157542,58.912891634587154,0,0,0,0,0,0
33.374986649997815,2082.792236328125,-4844.24853515625,324.4217224121094,58.913078227611415,0.0,0.0,0.23436835035681725,8,2,2,17,9,3,3,5,2,9,2,2,3,1,0,2082.7922854202748,-4844.24856596173,58.913078227611415,0,0,0,0,0,0
33.45831994999781,2082.779052734375,-4844.26318359375,324.4196472167969,58.913277093602915,0.0,0.0,0.2515128580853343,8,2,2,17,9,3,3,5,2,9,2,2,3,1,0,2082.7789350423855,-4844.263195898167,58.913277093602915,0,0,0,0,0,0
33.5833198999978,2082.758544921875,-4844.28662109375,324.4166564941406,58.91366306891807,0.0,0.0,0.25472729466855526,8,2,2,17,9,3,3,5,2,9,2,2,3,1,0,2082.7584266786234,-4844.28646964332,58.91366306891807,0,0,0,0,0,0
33.708319849997785,2082.738037109375,-4844.30859375,324.41448974609375,58.91406954198285,0.0,0.0,0.2375706797465682,8,2,2,17,9,3,3,5,2,9,2,2,3,1,0,2082.737979876647,-4844.308588148385,58.91406954198285,0,0,0,0,0,0
33.79165314999778,2082.724853515625,-4844.32177734375,324.4136962890625,58.91427658941493,0.0,0.0,0.21715664770454168,8,2,2,17,9,3,3,5,2,9,2,2,3,1,0,2082.7249196259854,-4844.321758417089,58.91427658941493,0,0,0,0,0,0
33.87498644999777,2082.712646484375,-4844.33349609375,324.41339111328125,58.91450004399745,0.0,0.0,0.19351334776729345,8,2,2,17,9,3,3,5,2,9,2,2,3,1,0,2082.7127382873773,-4844.333254136354,58.91450004399745,0,0,0,0,0,0
33.95831974999776,2082.701171875,-4844.3427734375,324.4135437011719,58.9146677749399,0.0,0.0,0.17115361988544464,8,2,2,17,9,3,3,5,2,9,2,2,3,1,0,2082.7012232350844,-4844.342932151189,58.9146677749399,0,0,0,0,0,0
34.041653049997755,2082.6904296875,-4844.35107421875,324.41400146484375,58.9148413625828,0.0,0.0,0.15289144357666373,8,2,2,17,9,3,3,5,2,9,2,2,3,1,0,2082.6904914938987,-4844.3509346656565,58.9148413625828,0,0,0,0,0,0
34.166652999997744,2082.676025390625,-4844.36083984375,324.4149475097656,58.915108182227456,0.0,0.0,0.12948460644111037,8,2,2,17,9,3,3,5,2,9,2,2,3,1,0,2082.676127188276,-4844.360681826647,58.915108182227456,0,0,0,0,0,0
34.24998629999774,2082.6669921875,-4844.3662109375,324.41558837890625,58.91519848588106,0.0,0.0,0.12417907128110528,8,2,2,17,9,3,3,5,2,9,2,2,3,1,0,2082.6670875571313,-4844.366111715549,58.91519848588106,0,0,0,0,0,0
34.33331959999773,2082.658203125,-4844.37109375,324.4162292480469,58.91526592289312,0.0,0.0,0.12029560748487711,8,2,2,17,9,3,3,5,2,9,2,2,3,1,0,2082.6581454987227,-4844.371125086622,58.91526592289312,0,0,0,0,0,0
34.45831954999772,2082.6455078125,-4844.37939453125,324.4169616699219,58.91537207349639,0.0,0.0,0.12311125174164772,8,2,2,17,9,3,3,5,2,9,2,2,3,1,0,2082.645399453835,-4844.379244405176,58.91537207349639,0,0,0,0,0,0
34.58331949999771,2082.632568359375,-4844.388671875,324.4171142578125,58.91539847103353,0.0,0.0,0.13188266893848777,8,2,2,17,9,3,3,5,2,9,2,2,3,1,0,2082.6326051655433,-4844.388840960266,58.91539847103353,0,0,0,0,0,0
34.6666527999977,2082.6240234375,-4844.39599609375,324.4168701171875,58.9154712043567,0.0,0.0,0.13835843419656157,8,2,2,17,9,3,3,5,2,9,2,2,3,1,0,2082.6240078361247,-4844.396082070006,58.9154712043567,0,0,0,0,0,0
34.74998609999769,2082.615478515625,-4844.40380859375,324.4163818359375,58.91557502899954,0.0,0.0,0.14373252633959055,8,2,2,17,9,3,3,5,2,9,2,2,3,1,0,2082.6154684006715,-4844.403953523824,58.91557502899954,0,0,0,0,0,0
34.79165274999769,2082.611328125,-4844.408203125,324.41607666015625,58.91561550798017,0.0,0.0,0.1460361061617732,8,2,2,17,9,3,3,5,2,9,2,2,3,1,0,2082.611227275167,-4844.408115487363,58.91561550798017,0,0,0,0,0,0
34.833319399997684,2082.60693359375,-4844.41259765625,324.4156799316406,58.915666537558074,0.0,0.0,0.14784663217142224,8,2,2,17,9,3,3,5,2,9,2,2,3,1,0,2082.6069983107777,-4844.412392302411,58.915666537558074,0,0,0,0,0,0
34.87498604999768,2082.602783203125,-4844.41650390625,324.415283203125,58.915711710337575,0.0,0.0,0.14981849817559123,8,2,2,17,9,3,3,5,2,9,2,2,3,1,0,2082.602696999089,-4844.416714938842,58.915711710337575,0,0,0,0,0,0
34.99998599999767,2082.58984375,-4844.4296875,324.4139709472656,58.91586540141631,0.0,0.0,0.14910512836650014,8,2,2,17,9,3,3,5,2,9,2,2,3,1,0,2082.5897895995145,-4844.429816729569,58.91586540141631,0,0,0,0,0,0
35.12498594999766,2082.5771484375,-4844.44287109375,324.41290283203125,58.91606951945065,0.0,0.0,0.14407807029783726,8,2,2,17,9,3,3,5,2,9,2,2,3,1,0,2082.5772021461025,-4844.442675255815,58.91606951945065,0,0,0,0,0,0
35.24998589999765,2082.56494140625,-4844.45458984375,324.41217041015625,58.916274800351474,0.0,0.0,0.1346381031908095,8,2,2,17,9,3,3,5,2,9,2,2,3,1,0,2082.5649802705143,-4844.454654903677,58.916274800351474,0,0,0,0,0,0
35.29165254999764,2082.56103515625,-4844.45849609375,324.4120178222656,58.916350461831875,0.0,0.0,0.13066546525806189,8,2,2,17,9,3,3,5,2,9,2,2,3,1,0,2082.56096712026,-4844.458330633832,58.916350461831875,0,0,0,0,0,0
35.33331919999764,2082.55712890625,-4844.4619140625,324.41192626953125,58.91642435790893,0.0,0.0,0.12727793073281646,8,2,2,17,9,3,3,5,2,9,2,2,3,1,0,2082.557057449692,-4844.461880670677,58.91642435790893,0,0,0,0,0,0
35.499985799997624,2082.5419921875,-4844.474609375,324.4119873046875,58.916690616324,0.0,0.0,0.11385863181203604,8,2,2,17,9,3,3,5,2,9,2,2,3,1,0,2082.541899661767,-4844.474724424541,58.916690616324,0,0,0,0,0,0
35.62498574999761,2082.53125,-4844.4833984375,324.412109375,58.916838408391975,0.0,0.0,0.10671063791960478,8,2,2,17,9,3,3,5,2,9,2,2,3,1,0,2082.531275419786,-4844.483327716458,58.916838408391975,0,0,0,0,0,0
35.708319049997606,2082.5244140625,-4844.48876953125,324.4122009277344,58.91693986484558,0.0,0.0,0.10343581670895219,8,2,2,17,9,3,3,5,2,9,2,2,3,1,0,2082.52447318889,-4844.4887374488035,58.91693986484558,0,0,0,0,0,0
35.833318999997594,2082.514404296875,-4844.49658203125,324.4122009277344,58.91700321021229,0.0,0.0,0.10094131575897336,8,2,2,17,9,3,3,5,2,9,2,2,3,1,0,2082.5144605193555,-4844.496626289191,58.91700321021229,0,0,0,0,0,0
35.91665229999759,2082.508056640625,-4844.501953125,324.4121398925781,58.916994424925164,0.0,0.0,0.10154237970709801,8,2,2,17,9,3,3,5,2,9,2,2,3,1,0,2082.5079572298996,-4844.502006500125,58.916994424925164,0,0,0,0,0,0
35.99998559999758,2082.50146484375,-4844.50732421875,324.4119873046875,58.9170178938502,0.0,0.0,0.10186095023527741,8,2,2,17,9,3,3,5,2,9,2,2,3,1,0,2082.501535576386,-4844.5074681975175,58.9170178938502,0,0,0,0,0,0
36.08331889999757,2082.4951171875,-4844.51318359375,324.41168212890625,58.91703843434093,0.0,0.0,0.10277989786118269,8,2,2,17,9,3,3,5,2,9,2,2,3,1,0,2082.4951185860573,-4844.513018813981,58.91703843434093,0,0,0,0,0,0
36.20831884999756,2082.485595703125,-4844.521484375,324.4111633300781,58.91709299437827,0.0,0.0,0.10340510634705424,8,2,2,17,9,3,3,5,2,9,2,2,3,1,0,2082.485646718974,-4844.521589546091,58.91709299437827,0,0,0,0,0,0
36.33331879999755,2082.476318359375,-4844.5302734375,324.41058349609375,58.9171674925964,0.0,0.0,0.10313187958672643,8,2,2,17,9,3,3,5,2,9,2,2,3,1,0,2082.476286719997,-4844.530301596526,58.9171674925964,0,0,0,0,0,0
36.41665209999754,2082.47021484375,-4844.5361328125,324.41021728515625,58.91724022544324,0.0,0.0,0.10222381679341197,8,2,2,17,9,3,3,5,2,9,2,2,3,1,0,2082.470092908133,-4844.536050103705,58.91724022544324,0,0,0,0,0,0
36.54165204999753,2082.4609375,-4844.54443359375,324.4097900390625,58.91739154795146,0.0,0.0,0.09945089695975184,8,2,2,17,9,3,3,5,2,9,2,2,3,1,0,2082.4608677219194,-4844.54438123703,58.91739154795146,0,0,0,0,0,0
36.66665199999752,2082.451904296875,-4844.55224609375,324.4094543457031,58.91751354466406,0.0,0.0,0.0955419905949384,8,2,2,17,9,3,3,5,2,9,2,2,3,1,0,2082.4518626735685,-4844.552379169282,58.91751354466406,0,0,0,0,0,0
36.79165194999751,2082.443115234375,-4844.56005859375,324.4093017578125,58.91762908224457,0.0,0.0,0.09143543429672718,8,2,2,17,9,3,3,5,2,9,2,2,3,1,0,2082.4431219790263,-4844.559994570142,58.91762908224457,0,0,0,0,0,0
36.8749852499975,2082.4375,-4844.56494140625,324.40924072265625,58.91772291629586,0.0,0.0,0.08877597283571959,8,2,2,17,9,3,3,5,2,9,2,2,3,1,0,2082.4374698034567,-4844.564820089663,58.91772291629586,0,0,0,0,0,0
36.99998519999749,2082.42919921875,-4844.57177734375,324.40911865234375,58.9178971052483,0.0,0.0,0.08537156390957534,8,2,2,17,9,3,3,5,2,9,2,2,3,1,0,2082.429169370892,-4844.57164397071,58.9178971052483,0,0,0,0,0,0
37.166651799997474,2082.418701171875,-4844.58056640625,324.4088439941406,58.91813403713678,0.0,0.0,0.0809570075944066,8,2,2,17,9,3,3,5,2,9,2,2,3,1,0,2082.4186054106253,-4844.580325218666,58.91813403713678,0,0,0,0,0,0
37.29165174999746,2082.4111328125,-4844.5869140625,324.4085693359375,58.918264819019235,0.0,0.0,0.07946208934299648,8,2,2,17,9,3,3,5,2,9,2,2,3,1,0,2082.4110771441497,-4844.586771277195,58.918264819019235,0,0,0,0,0,0
37.374985049997456,2082.40625,-4844.59130859375,324.408447265625,58.918295909987904,0.0,0.0,0.07829040405340493,8,2,2,17,9,3,3,5,2,9,2,2,3,1,0,2082.4063120841265,-4844.59120808526,58.918295909987904,0,0,0,0,0,0
37.499984999997444,2082.399169921875,-4844.59765625,324.4080505371094,58.91839620297589,0.0,0.0,0.07660945993848145,8,2,2,17,9,3,3,5,2,9,2,2,3,1,0,2082.3992559925377,-4844.597710024983,58.91839620297589,0,0,0,0,0,0
37.62498494999743,2082.392333984375,-4844.60400390625,324.4075927734375,58.91853990283216,0.0,0.0,0.07524900720454752,8,2,2,17,9,3,3,5,2,9,2,2,3,1,0,2082.3923103427296,-4844.603878178517,58.91853990283216,0,0,0,0,0,0
37.79165154999742,2082.383056640625,-4844.6123046875,324.4071044921875,58.91867714361597,0.0,0.0,0.07445203955285251,8,2,2,17,9,3,3,5,2,9,2,2,3,1,0,2082.3831310324645,-4844.612128847957,58.91867714361597,0,0,0,0,0,0
37.91665149999741,2082.37646484375,-4844.6181640625,324.40692138671875,58.918723478955584,0.0,0.0,0.07224587025120854,8,2,2,17,9,3,3,5,2,9,2,2,3,1,0,2082.376460444094,-4844.618399168477,58.918723478955584,0,0,0,0,0,0
38.041651449997396,2082.3701171875,-4844.62451171875,324.4067077636719,58.9188009051881,0.0,0.0,0.06949014496058226,8,2,2,17,9,3,3,5,2,9,2,2,3,1,0,2082.3700221268737,-4844.6243998886575,58.9188009051881,0,0,0,0,0,0
38.166651399997384,2082.364013671875,-4844.6298828125,324.40625,58.91893168689091,0.0,0.0,0.06361939013004303,8,2,2,17,9,3,3,5,2,9,2,2,3,1,0,2082.363908709549,-4844.629688819766,58.91893168689091,0,0,0,0,0,0
38.20831804999738,2082.362060546875,-4844.63134765625,324.4061279296875,58.91895339030465,0.0,0.0,0.06265444681048393,8,2,2,17,9,3,3,5,2,9,2,2,3,1,0,2082.3619830772163,-4844.631399078118,58.91895339030465,0,0,0,0,0,0
38.374984649997366,2082.354248046875,-4844.6376953125,324.4059143066406,58.919092396194735,0.0,0.0,0.060895312344655395,8,2,2,17,9,3,3,5,2,9,2,2,3,1,0,2082.354207656763,-4844.637935746409,58.919092396194735,0,0,0,0,0,0
38.499984599997354,2082.348388671875,-4844.642578125,324.4059143066406,58.919210861885844,0.0,0.0,0.06061875028535724,8,2,2,17,9,3,3,5,2,9,2,2,3,1,0,2082.3483991560215,-4844.642682863121,58.919210861885844,0,0,0,0,0,0
38.62498454999734,2082.342529296875,-4844.6474609375,324.4059753417969,58.91931055266291,0.0,0.0,0.06113859708420932,8,2,2,17,9,3,3,5,2,9,2,2,3,1,0,2082.34255157775,-4844.6474591726965,58.91931055266291,0,0,0,0,0,0
38.74998449999733,2082.336669921875,-4844.65234375,324.40594482421875,58.91937682608206,0.0,0.0,0.06155095179565251,8,2,2,17,9,3,3,5,2,9,2,2,3,1,0,2082.3367653908194,-4844.652431260133,58.91937682608206,0,0,0,0,0,0
38.87498444999732,2082.3310546875,-4844.65771484375,324.40570068359375,58.91946010914936,0.0,0.0,0.06150876288302243,8,2,2,17,9,3,3,5,2,9,2,2,3,1,0,2082.331040524961,-4844.657479669571,58.91946010914936,0,0,0,0,0,0
38.99998439999731,2082.325439453125,-4844.66259765625,324.4052429199219,58.91960497186862,0.0,0.0,0.06014895625412464,8,2,2,17,9,3,3,5,2,9,2,2,3,1,0,2082.325385081679,-4844.662395120091,58.91960497186862,0,0,0,0,0,0
39.041651049997306,2082.323486328125,-4844.6640625,324.4050598144531,58.919663623030004,0.0,0.0,0.05931513151153922,8,2,2,17,9,3,3,5,2,9,2,2,3,1,0,2082.3235393698887,-4844.663981806437,58.919663623030004,0,0,0,0,0,0
39.20831764999729,2082.31640625,-4844.67041015625,324.40460205078125,58.91982549532543,0.0,0.0,0.05806167027913034,8,2,2,17,9,3,3,5,2,9,2,2,3,1,0,2082.3163658620556,-4844.670327156276,58.91982549532543,0,0,0,0,0,0
39.374984249997276,2082.309326171875,-4844.67626953125,324.4045104980469,58.919968592733476,0.0,0.0,0.0562935252673924,8,2,2,17,9,3,3,5,2,9,2,2,3,1,0,2082.309215391749,-4844.676509231054,58.919968592733476,0,0,0,0,0,0
39.499984199997265,2082.30419921875,-4844.68115234375,324.4044494628906,58.92002255013868,0.0,0.0,0.05361520452424884,8,2,2,17,9,3,3,5,2,9,2,2,3,1,0,2082.3041332176695,-4844.681078076708,58.92002255013868,0,0,0,0,0,0
39.62498414999725,2082.29931640625,-4844.685546875,324.40423583984375,58.920076507537466,0.0,0.0,0.050897878827527165,8,2,2,17,9,3,3,5,2,9,2,2,3,1,0,2082.299323772529,-4844.6854112223145,58.920076507537466,0,0,0,0,0,0
39.74998409999724,2082.294677734375,-4844.689453125,324.4039001464844,58.92013985233676,0.0,0.0,0.04875489685218781,8,2,2,17,9,3,3,5,2,9,2,2,3,1,0,2082.294740031243,-4844.689483051429,58.92013985233676,0,0,0,0,0,0
39.87498404999723,2082.29052734375,-4844.693359375,324.4035339355469,58.92017856528503,0.0,0.0,0.04696738324128091,8,2,2,17,9,3,3,5,2,9,2,2,3,1,0,2082.2904263448063,-4844.6935169277185,58.92017856528503,0,0,0,0,0,0
39.99998399999722,2082.2861328125,-4844.697265625,324.4031982421875,58.92021904341177,0.0,0.0,0.04588877200149,8,2,2,17,9,3,3,5,2,9,2,2,3,1,0,2082.2862479084156,-4844.697458667319,58.92021904341177,0,0,0,0,0,0
40.12498394999721,2082.2822265625,-4844.701171875,324.4029846191406,58.92026068486255,0.0,0.0,0.045319716446101665,8,2,2,17,9,3,3,5,2,9,2,2,3,1,0,2082.2821295828758,-4844.701280539083,58.92026068486255,0,0,0,0,0,0
40.2499838999972,2082.278076171875,-4844.705078125,324.4028015136719,58.92032402962049,0.0,0.0,0.044394200085662305,8,2,2,17,9,3,3,5,2,9,2,2,3,1,0,2082.2779739738676,-4844.704973085856,58.92032402962049,0,0,0,0,0,0
40.374983849997186,2082.27392578125,-4844.70849609375,324.4027099609375,58.92039792510325,0.0,0.0,0.043615660979412496,8,2,2,17,9,3,3,5,2,9,2,2,3,1,0,2082.2738514853663,-4844.70851829065,58.92039792510325,0,0,0,0,0,0
40.499983799997175,2082.269775390625,-4844.7119140625,324.40264892578125,58.92049352387643,0.0,0.0,0.04276751715224236,8,2,2,17,9,3,3,5,2,9,2,2,3,1,0,2082.2696903518145,-4844.711854531445,58.92049352387643,0,0,0,0,0,0
40.66665039999716,2082.264404296875,-4844.71630859375,324.4025573730469,58.920582663772166,0.0,0.0,0.04083516541868448,8,2,2,17,9,3,3,5,2,9,2,2,3,1,0,2082.264330777374,-4844.7162415356715,58.920582663772166,0,0,0,0,0,0
40.74998369999715,2082.26171875,-4844.71826171875,324.4024963378906,58.92062430519006,0.0,0.0,0.0403199897846207,8,2,2,17,9,3,3,5,2,9,2,2,3,1,0,2082.2617504041878,-4844.718386876877,58.92062430519006,0,0,0,0,0,0
40.87498364999714,2082.2578125,-4844.7216796875,324.40234375,58.92067826251111,0.0,0.0,0.04035043530166149,8,2,2,17,9,3,3,5,2,9,2,2,3,1,0,2082.257878391695,-4844.721555922147,58.92067826251111,0,0,0,0,0,0
41.041650249997126,2082.252685546875,-4844.7255859375,324.402099609375,58.92077386122917,0.0,0.0,0.040268703014589846,8,2,2,17,9,3,3,5,2,9,2,2,3,1,0,2082.2527854113237,-4844.725827348037,58.92077386122917,0,0,0,0,0,0
41.166650199997115,2082.2490234375,-4844.72900390625,324.4018859863281,58.92087238846053,0.0,0.0,0.03985844668932259,8,2,2,17,9,3,3,5,2,9,2,2,3,1,0,2082.2490595367713,-4844.729046225798,58.92087238846053,0,0,0,0,0,0
41.2916501499971,2082.245361328125,-4844.732421875,324.4017333984375,58.92094159019125,0.0,0.0,0.03965154755860567,8,2,2,17,9,3,3,5,2,9,2,2,3,1,0,2082.245331573968,-4844.7322658611865,58.92094159019125,0,0,0,0,0,0
41.41665009999709,2082.24169921875,-4844.7353515625,324.4016418457031,58.92102017927859,0.0,0.0,0.03876513510476798,8,2,2,17,9,3,3,5,2,9,2,2,3,1,0,2082.2416200737084,-4844.735402748681,58.92102017927859,0,0,0,0,0,0
41.54165004999708,2082.238037109375,-4844.73828125,324.4014892578125,58.9211093191141,0.0,0.0,0.035960302921012044,8,2,2,17,9,3,3,5,2,9,2,2,3,1,0,2082.238073393878,-4844.738327832806,58.9211093191141,0,0,0,0,0,0
41.708316649997066,2082.233642578125,-4844.74169921875,324.40130615234375,58.92122309073714,0.0,0.0,0.03268977743573487,8,2,2,17,9,3,3,5,2,9,2,2,3,1,0,2082.233725470564,-4844.7418373961955,58.92122309073714,0,0,0,0,0,0
41.833316599997055,2082.23046875,-4844.744140625,324.4012756347656,58.92128936389324,0.0,0.0,0.032562052365392447,8,2,2,17,9,3,3,5,2,9,2,2,3,1,0,2082.2305202342,-4844.744277303995,58.92128936389324,0,0,0,0,0,0
41.95831654999704,2082.227294921875,-4844.74658203125,324.40130615234375,58.92137557515506,0.0,0.0,0.03238191420678049,8,2,2,17,9,3,3,5,2,9,2,2,3,1,0,2082.227313890595,-4844.746679695611,58.92137557515506,0,0,0,0,0,0
42.12498314999703,2082.222900390625,-4844.75,324.4012451171875,58.92147995940039,0.0,0.0,0.03311572363600135,8,2,2,17,9,3,3,5,2,9,2,2,3,1,0,2082.2229993108585,-4844.749939115071,58.92147995940039,0,0,0,0,0,0
42.29164974999701,2082.21875,-4844.75341796875,324.4011535644531,58.92160311831302,0.0,0.0,0.032076091156341136,8,2,2,17,9,3,3,5,2,9,2,2,3,1,0,2082.218759324031,-4844.753207153381,58.92160311831302,0,0,0,0,0,0
42.374983049997006,2082.216796875,-4844.7548828125,324.40106201171875,58.92166469776029,0.0,0.0,0.03147910465486348,8,2,2,17,9,3,3,5,2,9,2,2,3,1,0,2082.2166892929245,-4844.754817971145,58.92166469776029,0,0,0,0,0,0
42.499982999996995,2082.213623046875,-4844.75732421875,324.40093994140625,58.921766153423405,0.0,0.0,0.030506597249768674,8,2,2,17,9,3,3,5,2,9,2,2,3,1,0,2082.213695089827,-4844.75718839257,58.921766153423405,0,0,0,0,0,0
42.66664959999698,2082.2099609375,-4844.76025390625,324.4007263183594,58.921907485297105,0.0,0.0,0.027531330124475062,8,2,2,17,9,3,3,5,2,9,2,2,3,1,0,2082.209883012048,-4844.760064277865,58.921907485297105,0,0,0,0,0,0
42.79164954999697,2082.207275390625,-4844.76171875,324.4006042480469,58.92203650127427,0.0,0.0,0.02446908038109541,8,2,2,17,9,3,3,5,2,9,2,2,3,1,0,2082.2072544367315,-4844.7618675757685,58.92203650127427,0,0,0,0,0,0
42.91664949999696,2082.204833984375,-4844.76318359375,324.40057373046875,58.92214850770473,0.0,0.0,0.02180268056690693,8,2,2,17,9,3,3,5,2,9,2,2,3,1,0,2082.20485456035,-4844.763367070145,58.92214850770473,0,0,0,0,0,0
43.041649449996946,2082.20263671875,-4844.7646484375,324.400634765625,58.922242341103264,0.0,0.0,0.019624008564278483,8,2,2,17,9,3,3,5,2,9,2,2,3,1,0,2082.2026488387687,-4844.764629884743,58.922242341103264,0,0,0,0,0,0
43.166649399996935,2082.20068359375,-4844.765625,324.4007568359375,58.92232971576551,0.0,0.0,0.01837061281548813,8,2,2,17,9,3,3,5,2,9,2,2,3,1,0,2082.2005792446244,-4844.765734288452,58.92232971576551,0,0,0,0,0,0
43.20831604999693,2082.199951171875,-4844.76611328125,324.40081787109375,58.92234672529658,0.0,0.0,0.017984847363550216,8,2,2,17,9,3,3,5,2,9,2,2,3,1,0,2082.1999364507737,-4844.76610634525,58.92234672529658,0,0,0,0,0,0
43.33331599999692,2082.197998046875,-4844.767578125,324.4010314941406,58.92232502211393,0.0,0.0,0.02011699107242748,8,2,2,17,9,3,3,5,2,9,2,2,3,1,0,2082.1980771009453,-4844.767561406102,58.92232502211393,0,0,0,0,0,0
43.45831594999691,2082.196044921875,-4844.76953125,324.401123046875,58.92229453320036,0.0,0.0,0.023983335995581,8,2,2,17,9,3,3,5,2,9,2,2,3,1,0,2082.1960923882402,-4844.769533614806,58.92229453320036,0,0,0,0,0,0
43.5833158999969,2082.19384765625,-4844.77197265625,324.40087890625,58.922306849080414,0.0,0.0,0.028125906828790903,8,2,2,17,9,3,3,5,2,9,2,2,3,1,0,2082.193894355275,-4844.771886258827,58.922306849080414,0,0,0,0,0,0
43.708315849996886,2082.19140625,-4844.7744140625,324.40045166015625,58.92232915383445,0.0,0.0,0.030980899464339018,8,2,2,17,9,3,3,5,2,9,2,2,3,1,0,2082.1915260724263,-4844.774604863608,58.92232915383445,0,0,0,0,0,0
43.833315799996875,2082.18896484375,-4844.77734375,324.4000244140625,58.92237079511521,0.0,0.0,0.03066841745749116,8,2,2,17,9,3,3,5,2,9,2,2,3,1,0,2082.189061460857,-4844.777463917329,58.92237079511521,0,0,0,0,0,0
43.95831574999686,2082.186767578125,-4844.7802734375,324.3996887207031,58.9224218236881,0.0,0.0,0.027721613878384233,8,2,2,17,9,3,3,5,2,9,2,2,3,1,0,2082.186651905612,-4844.780100242761,58.9224218236881,0,0,0,0,0,0
44.041649049996856,2082.18505859375,-4844.78173828125,324.3995666503906,58.922458771311454,0.0,0.0,0.0249338336288929,8,2,2,17,9,3,3,5,2,9,2,2,3,1,0,2082.1851379490104,-4844.781615953085,58.922458771311454,0,0,0,0,0,0
44.166648999996845,2082.182861328125,-4844.783203125,324.3995056152344,58.92252973796966,0.0,0.0,0.020989729091525078,8,2,2,17,9,3,3,5,2,9,2,2,3,1,0,2082.1829817781713,-4844.783382775386,58.92252973796966,0,0,0,0,0,0
44.29164894999683,2082.180908203125,-4844.78466796875,324.39959716796875,58.92262649988203,0.0,0.0,0.01804032362997532,8,2,2,17,9,3,3,5,2,9,2,2,3,1,0,2082.1809392558293,-4844.784527650281,58.92262649988203,0,0,0,0,0,0
44.41664889999682,2082.178955078125,-4844.78515625,324.3998107910156,58.92272149673572,0.0,0.0,0.01586879079695791,8,2,2,17,9,3,3,5,2,9,2,2,3,1,0,2082.1790176642994,-4844.785277234163,58.92272149673572,0,0,0,0,0,0
44.54164884999681,2082.17724609375,-4844.7861328125,324.40008544921875,58.92278716821382,0.0,0.0,0.014243424811866134,8,2,2,17,9,3,3,5,2,9,2,2,3,1,0,2082.177246580981,-4844.7858985439,58.92278716821382,0,0,0,0,0,0
44.6666487999968,2082.175537109375,-4844.78662109375,324.40032958984375,58.92284521746894,0.0,0.0,0.014070466568227857,8,2,2,17,9,3,3,5,2,9,2,2,3,1,0,2082.1756070370307,-4844.786534008754,58.92284521746894,0,0,0,0,0,0
44.833315399996785,2082.173583984375,-4844.78759765625,324.400390625,58.922939050788884,0.0,0.0,0.014578747504856437,8,2,2,17,9,3,3,5,2,9,2,2,3,1,0,2082.173502951702,-4844.78753767707,58.922939050788884,0,0,0,0,0,0
44.91664869999678,2082.172607421875,-4844.7880859375,324.4002990722656,58.922939050788884,0.0,0.0,0.014833276509307325,8,2,2,17,9,3,3,5,2,9,2,2,3,1,0,2082.1725785332733,-4844.788325157271,58.922939050788884,0,0,0,0,0,0
45.041648649996766,2082.17138671875,-4844.7900390625,324.4000549316406,58.92290679681887,0.0,0.0,0.015835129306651652,8,2,2,17,9,3,3,5,2,9,2,2,3,1,0,2082.1713146989673,-4844.789805330923,58.92290679681887,0,0,0,0,0,0
45.166648599996755,2082.170166015625,-4844.79150390625,324.3997497558594,58.92291794913766,0.0,0.0,0.016053629224188626,8,2,2,17,9,3,3,5,2,9,2,2,3,1,0,2082.170086237087,-4844.791285723529,58.92291794913766,0,0,0,0,0,0
45.291648549996744,2082.168701171875,-4844.79248046875,324.3994445800781,58.92295373318773,0.0,0.0,0.015723775140941143,8,2,2,17,9,3,3,5,2,9,2,2,3,1,0,2082.1688192549177,-4844.792680875086,58.92295373318773,0,0,0,0,0,0
45.41664849999673,2082.16748046875,-4844.7939453125,324.3992614746094,58.9229783649201,0.0,0.0,0.014448779984377325,8,2,2,17,9,3,3,5,2,9,2,2,3,1,0,2082.167529084704,-4844.794004266649,58.9229783649201,0,0,0,0,0,0
45.58331509999672,2082.166259765625,-4844.7958984375,324.399169921875,58.92289684748992,0.0,0.0,0.011627231288002804,8,2,2,17,9,3,3,5,2,9,2,2,3,1,0,2082.166158710527,-4844.795809517182,58.92289684748992,0,0,0,0,0,0
45.708315049996706,2082.165283203125,-4844.796875,324.399169921875,58.92286166493304,0.0,0.0,0.009239914652425796,8,2,2,17,9,3,3,5,2,9,2,2,3,1,0,2082.165345652893,-4844.796811312963,58.92286166493304,0,0,0,0,0,0
45.87498164999669,2082.16455078125,-4844.7978515625,324.3990173339844,58.92283586965418,0.0,0.0,0.007617456867592409,8,2,2,17,9,3,3,5,2,9,2,2,3,1,0,2082.1644610627022,-4844.797794695549,58.92283586965418,0,0,0,0,0,0
45.99998159999668,2082.163818359375,-4844.79833984375,324.3988342285156,58.9228329410635,0.0,0.0,0.008572282240493223,8,2,2,17,9,3,3,5,2,9,2,2,3,1,0,2082.163713018512,-4844.798448836727,58.9228329410635,0,0,0,0,0,0
46.12498154999667,2082.162841796875,-4844.79931640625,324.3987731933594,58.92284056329214,0.0,0.0,0.01072438244591467,8,2,2,17,9,3,3,5,2,9,2,2,3,1,0,2082.1627672963973,-4844.799210668108,58.92284056329214,0,0,0,0,0,0
46.24998149999666,2082.16162109375,-4844.80029296875,324.3988037109375,58.9228329410635,0.0,0.0,0.01359628513455391,8,2,2,17,9,3,3,5,2,9,2,2,3,1,0,2082.161640714151,-4844.800260849706,58.9228329410635,0,0,0,0,0,0
46.41664809999664,2082.15966796875,-4844.8017578125,324.3988342285156,58.92288220452775,0.0,0.0,0.016298299306072295,8,2,2,17,9,3,3,5,2,9,2,2,3,1,0,2082.1597752857665,-4844.801892388973,58.92288220452775,0,0,0,0,0,0
46.54164804999663,2082.158203125,-4844.80322265625,324.3987731933594,58.92291152989454,0.0,0.0,0.017220941663254052,8,2,2,17,9,3,3,5,2,9,2,2,3,1,0,2082.1582717355636,-4844.803335935726,58.92291152989454,0,0,0,0,0,0
46.708314649996616,2082.15625,-4844.80517578125,324.3985290527344,58.92297780284995,0.0,0.0,0.016475892334710807,8,2,2,17,9,3,3,5,2,9,2,2,3,1,0,2082.156252834392,-4844.805256124498,58.92297780284995,0,0,0,0,0,0
46.833314599996605,2082.15478515625,-4844.806640625,324.3983459472656,58.923054626622175,0.0,0.0,0.014314608415588737,8,2,2,17,9,3,3,5,2,9,2,2,3,1,0,2082.1548174365366,-4844.806441957997,58.923054626622175,0,0,0,0,0,0
46.958314549996594,2082.153564453125,-4844.8076171875,324.3982238769531,58.92309919643747,0.0,0.0,0.011954793444601819,8,2,2,17,9,3,3,5,2,9,2,2,3,1,0,2082.1535748305387,-4844.807452648032,58.92309919643747,0,0,0,0,0,0
47.12498114999658,2082.152099609375,-4844.80810546875,324.39825439453125,58.92316370434213,0.0,0.0,0.008671019168104976,8,2,2,17,9,3,3,5,2,9,2,2,3,1,0,2082.15213021943,-4844.808320686579,58.92316370434213,0,0,0,0,0,0
47.24998109999657,2082.151123046875,-4844.80859375,324.39837646484375,58.92320358052434,0.0,0.0,0.007714714593021199,8,2,2,17,9,3,3,5,2,9,2,2,3,1,0,2082.1512000826433,-4844.808707723523,58.92320358052434,0,0,0,0,0,0
47.374981049996556,2082.150146484375,-4844.80908203125,324.3985290527344,58.9232387630779,0.0,0.0,0.008052393241086975,8,2,2,17,9,3,3,5,2,9,2,2,3,1,0,2082.150261612724,-4844.808890825815,58.9232387630779,0,0,0,0,0,0
47.54164764999654,2082.149169921875,-4844.80908203125,324.3986511230469,58.92329388372504,0.0,0.0,0.007025814556982368,8,2,2,17,9,3,3,5,2,9,2,2,3,1,0,2082.149096485908,-4844.80918836158,58.92329388372504,0,0,0,0,0,0
47.66664759999653,2082.148193359375,-4844.8095703125,324.3987121582031,58.92329681232942,0.0,0.0,0.006980889884289354,8,2,2,17,9,3,3,5,2,9,2,2,3,1,0,2082.1481550444955,-4844.809484185919,58.92329681232942,0,0,0,0,0,0
47.833314199996515,2082.147216796875,-4844.81005859375,324.3987121582031,58.92333845353616,0.0,0.0,0.007281265425262973,8,2,2,17,9,3,3,5,2,9,2,2,3,1,0,2082.147112030825,-4844.810056481831,58.92333845353616,0,0,0,0,0,0
47.958314149996504,2082.146240234375,-4844.810546875,324.39862060546875,58.92337832971967,0.0,0.0,0.007406363147310913,8,2,2,17,9,3,3,5,2,9,2,2,3,1,0,2082.1463387736326,-4844.810536746133,58.92337832971967,0,0,0,0,0,0
48.08331409999649,2082.145751953125,-4844.81103515625,324.3985595703125,58.92342759315335,0.0,0.0,0.0073620438342913985,8,2,2,17,9,3,3,5,2,9,2,2,3,1,0,2082.1456587516063,-4844.811084276465,58.92342759315335,0,0,0,0,0,0
48.20831404999648,2082.14501953125,-4844.8115234375,324.39849853515625,58.92343990901118,0.0,0.0,0.007059865311020985,8,2,2,17,9,3,3,5,2,9,2,2,3,1,0,2082.144964909284,-4844.811668613291,58.92343990901118,0,0,0,0,0,0
48.33331399999647,2082.144287109375,-4844.81201171875,324.3984680175781,58.92343990901118,0.0,0.0,0.0069924339186400175,8,2,2,17,9,3,3,5,2,9,2,2,3,1,0,2082.1443347223444,-4844.8122392227615,58.92343990901118,0,0,0,0,0,0
48.499980599996455,2082.143310546875,-4844.81298828125,324.39849853515625,58.9234492962599,0.0,0.0,0.008285896910820156,8,2,2,17,9,3,3,5,2,9,2,2,3,1,0,2082.1432660044297,-4844.813003733904,58.9234492962599,0,0,0,0,0,0
48.624980549996444,2082.142333984375,-4844.8134765625,324.39849853515625,58.923509110530134,0.0,0.0,0.008901939145289361,8,2,2,17,9,3,3,5,2,9,2,2,3,1,0,2082.1424082039466,-4844.8136255315485,58.923509110530134,0,0,0,0,0,0
48.74998049999643,2082.1416015625,-4844.81396484375,324.39837646484375,58.923596485125344,0.0,0.0,0.00790112535469234,8,2,2,17,9,3,3,5,2,9,2,2,3,1,0,2082.1415591163577,-4844.814148748641,58.923596485125344,0,0,0,0,0,0
48.87498044999642,2082.140869140625,-4844.81494140625,324.3984375,58.92361349460194,0.0,0.0,0.007455977174686268,8,2,2,17,9,3,3,5,2,9,2,2,3,1,0,2082.140929702693,-4844.814723702407,58.92361349460194,0,0,0,0,0,0
48.99998039999641,2082.140380859375,-4844.8154296875,324.3987121582031,58.92357068980982,0.0,0.0,0.009833209333010018,8,2,2,17,9,3,3,5,2,9,2,2,3,1,0,2082.1402874013825,-4844.815602274517,58.92357068980982,0,0,0,0,0,0
49.041647049996406,2082.14013671875,-4844.81591796875,324.3987731933594,58.923565996188245,0.0,0.0,0.01069487989298068,8,2,2,17,9,3,3,5,2,9,2,2,3,1,0,2082.140019780901,-4844.81595388172,58.923565996188245,0,0,0,0,0,0
49.20831364999639,2082.138671875,-4844.8173828125,324.39862060546875,58.92353374224274,0.0,0.0,0.01338474394287914,8,2,2,17,9,3,3,5,2,9,2,2,3,1,0,2082.1387760010543,-4844.817552731847,58.92353374224274,0,0,0,0,0,0
49.33331359999638,2082.13818359375,-4844.8193359375,324.3981628417969,58.923443439042735,0.0,0.0,0.015033727686386555,8,2,2,17,9,3,3,5,2,9,2,2,3,1,0,2082.1381132873175,-4844.819178078096,58.923443439042735,0,0,0,0,0,0
49.45831354999637,2082.137451171875,-4844.82080078125,324.397705078125,58.92336721672672,0.0,0.0,0.015063679893501103,8,2,2,17,9,3,3,5,2,9,2,2,3,1,0,2082.1375318664036,-4844.82086900466,58.92336721672672,0,0,0,0,0,0
49.58331349999636,2082.13671875,-4844.822265625,324.3973388671875,58.923326176970384,0.0,0.0,0.013820893946103752,8,2,2,17,9,3,3,5,2,9,2,2,3,1,0,2082.136689941269,-4844.822295966294,58.923326176970384,0,0,0,0,0,0
49.708313449996346,2082.1357421875,-4844.82373046875,324.3970642089844,58.92334495147085,0.0,0.0,0.011828861170215532,8,2,2,17,9,3,3,5,2,9,2,2,3,1,0,2082.135847460287,-4844.823526022116,58.92334495147085,0,0,0,0,0,0
49.833313399996335,2082.135009765625,-4844.82421875,324.3969421386719,58.92336488955423,0.0,0.0,0.009623898222343996,8,2,2,17,9,3,3,5,2,9,2,2,3,1,0,2082.1349356002406,-4844.824461061584,58.92336488955423,0,0,0,0,0,0
49.87498004999633,2082.134521484375,-4844.82470703125,324.39697265625,58.92335726732478,0.0,0.0,0.009408063488081098,8,2,2,17,9,3,3,5,2,9,2,2,3,1,0,2082.1345934658557,-4844.824694276591,58.92335726732478,0,0,0,0,0,0
50.041646649996316,2082.13330078125,-4844.8251953125,324.3973388671875,58.9233601959298,0.0,0.0,0.007362652104347944,8,2,2,17,9,3,3,5,2,9,2,2,3,1,0,2082.133386488378,-4844.82536422952,58.9233601959298,0,0,0,0,0,0
50.166646599996305,2082.1328125,-4844.82568359375,324.3975524902344,58.92337836899512,0.0,0.0,0.005465377762448043,8,2,2,17,9,3,3,5,2,9,2,2,3,1,0,2082.1327016786386,-4844.8256657955735,58.92337836899512,0,0,0,0,0,0
50.291646549996294,2082.132080078125,-4844.82568359375,324.3975830078125,58.92339830707997,0.0,0.0,0.005809634239994921,8,2,2,17,9,3,3,5,2,9,2,2,3,1,0,2082.1320703783267,-4844.8258872787555,58.92339830707997,0,0,0,0,0,0
50.45831314999628,2082.13134765625,-4844.826171875,324.3974914550781,58.92345519272649,0.0,0.0,0.006358430255204439,8,2,2,17,9,3,3,5,2,9,2,2,3,1,0,2082.131225591871,-4844.8262735211865,58.92345519272649,0,0,0,0,0,0
50.624979749996264,2082.13037109375,-4844.8271484375,324.39739990234375,58.92347982443306,0.0,0.0,0.008271347905974835,8,2,2,17,9,3,3,5,2,9,2,2,3,1,0,2082.130252415412,-4844.827023722756,58.92347982443306,0,0,0,0,0,0
50.708313049996256,2082.129638671875,-4844.82763671875,324.3973693847656,58.92350738474824,0.0,0.0,0.00881927044247277,8,2,2,17,9,3,3,5,2,9,2,2,3,1,0,2082.129729024493,-4844.827484836252,58.92350738474824,0,0,0,0,0,0
50.87497964999624,2082.12841796875,-4844.82861328125,324.3973693847656,58.923529087843264,0.0,0.0,0.009177088213618845,8,2,2,17,9,3,3,5,2,9,2,2,3,1,0,2082.128477827681,-4844.828422983425,58.923529087843264,0,0,0,0,0,0
50.99997959999623,2082.127685546875,-4844.8291015625,324.3973388671875,58.92357658624138,0.0,0.0,0.008582726877648383,8,2,2,17,9,3,3,5,2,9,2,2,3,1,0,2082.1276519562844,-4844.829122256943,58.92357658624138,0,0,0,0,0,0
51.12497954999622,2082.126953125,-4844.82958984375,324.39727783203125,58.92362115602752,0.0,0.0,0.007269187335623428,8,2,2,17,9,3,3,5,2,9,2,2,3,1,0,2082.1269231832803,-4844.8297305467295,58.92362115602752,0,0,0,0,0,0
51.24997949999621,2082.126220703125,-4844.830078125,324.39727783203125,58.923665725811965,0.0,0.0,0.0061625149101018906,8,2,2,17,9,3,3,5,2,9,2,2,3,1,0,2082.1262789639813,-4844.830218035014,58.923665725811965,0,0,0,0,0,0
51.3749794499962,2082.125732421875,-4844.83056640625,324.3972473144531,58.92367804166225,0.0,0.0,0.006208480044733733,8,2,2,17,9,3,3,5,2,9,2,2,3,1,0,2082.1256518877585,-4844.8306319479025,58.92367804166225,0,0,0,0,0,0
51.499979399996185,2082.125,-4844.8310546875,324.3972473144531,58.92369797974486,0.0,0.0,0.005219634840614162,8,2,2,17,9,3,3,5,2,9,2,2,3,1,0,2082.125031173604,-4844.830966974647,58.92369797974486,0,0,0,0,0,0
51.54164604999618,2082.124755859375,-4844.8310546875,324.39727783203125,58.923702673362094,0.0,0.0,0.004747721686726436,8,2,2,17,9,3,3,5,2,9,2,2,3,1,0,2082.1248642044757,-4844.831067356338,58.923702673362094,0,0,0,0,0,0
51.66664599999617,2082.124267578125,-4844.8310546875,324.39727783203125,58.923730233677176,0.0,0.0,0.004024501686217263,8,2,2,17,9,3,3,5,2,9,2,2,3,1,0,2082.1243499359516,-4844.83126667351,58.923730233677176,0,0,0,0,0,0
51.79164594999616,2082.1240234375,-4844.83154296875,324.3973083496094,58.92374547814332,0.0,0.0,0.0035080280213151127,8,2,2,17,9,3,3,5,2,9,2,2,3,1,0,2082.123911255243,-4844.831449452677,58.92374547814332,0,0,0,0,0,0
51.91664589999615,2082.12353515625,-4844.83154296875,324.3973388671875,58.92375310037663,0.0,0.0,0.0035100521927233785,8,2,2,17,9,3,3,5,2,9,2,2,3,1,0,2082.1234799008175,-4844.831635520811,58.92375310037663,0,0,0,0,0,0
52.08331249999613,2082.122802734375,-4844.83203125,324.3973693847656,58.92375779399285,0.0,0.0,0.004113312752451748,8,2,2,17,9,3,3,5,2,9,2,2,3,1,0,2082.1228980529286,-4844.831963826989,58.92375779399285,0,0,0,0,0,0
52.24997909999612,2082.122314453125,-4844.83251953125,324.3973083496094,58.92378242569121,0.0,0.0,0.00434781723015476,8,2,2,17,9,3,3,5,2,9,2,2,3,1,0,2082.122405847496,-4844.832424612138,58.92378242569121,0,0,0,0,0,0
52.37497904999611,2082.1220703125,-4844.8330078125,324.3972473144531,58.92380705738859,0.0,0.0,0.00453179600299336,8,2,2,17,9,3,3,5,2,9,2,2,3,1,0,2082.1220240712805,-4844.83279950073,58.92380705738859,0,0,0,0,0,0
52.499978999996095,2082.12158203125,-4844.8330078125,324.3971862792969,58.92383931131871,0.0,0.0,0.004909581548417918,8,2,2,17,9,3,3,5,2,9,2,2,3,1,0,2082.1215911215904,-4844.83314093318,58.92383931131871,0,0,0,0,0,0
52.624978949996084,2082.12109375,-4844.83349609375,324.3971862792969,58.92384869854683,0.0,0.0,0.0047611545596737415,8,2,2,17,9,3,3,5,2,9,2,2,3,1,0,2082.1211083330345,-4844.833500484734,58.92384869854683,0,0,0,0,0,0
52.79164554999607,2082.12060546875,-4844.833984375,324.397216796875,58.923842239938324,0.0,0.0,0.004013553188997321,8,2,2,17,9,3,3,5,2,9,2,2,3,1,0,2082.1204985040285,-4844.833976056207,58.923842239938324,0,0,0,0,0,0
52.958312149996054,2082.119873046875,-4844.83447265625,324.397216796875,58.92383168908501,0.0,0.0,0.0036062177969142795,8,2,2,17,9,3,3,5,2,9,2,2,3,1,0,2082.1199303074973,-4844.834291961929,58.92383168908501,0,0,0,0,0,0
53.08331209999604,2082.119384765625,-4844.83447265625,324.3972473144531,58.923814679622176,0.0,0.0,0.00395157330785878,8,2,2,17,9,3,3,5,2,9,2,2,3,1,0,2082.1194563800545,-4844.834455870579,58.923814679622176,0,0,0,0,0,0
53.20831204999603,2082.119140625,-4844.83447265625,324.3972473144531,58.92384869854683,0.0,0.0,0.003203274172847159,8,2,2,17,9,3,3,5,2,9,2,2,3,1,0,2082.119141718732,-4844.8346455842,58.92384869854683,0,0,0,0,0,0
53.37497864999602,2082.118896484375,-4844.8349609375,324.397216796875,58.923879187482356,0.0,0.0,0.00235070547205396,8,2,2,17,9,3,3,5,2,9,2,2,3,1,0,2082.1188435814397,-4844.834939815852,58.923879187482356,0,0,0,0,0,0
53.541645249996,2082.11865234375,-4844.8349609375,324.397216796875,58.923925522248936,0.0,0.0,0.0024957376808742993,8,2,2,17,9,3,3,5,2,9,2,2,3,1,0,2082.1185430425544,-4844.835147664786,58.923925522248936,0,0,0,0,0,0
53.66664519999599,2082.1181640625,-4844.83544921875,324.3971862792969,58.92394546032944,0.0,0.0,0.002897233935073018,8,2,2,17,9,3,3,5,2,9,2,2,3,1,0,2082.1182529765624,-4844.835336696807,58.92394546032944,0,0,0,0,0,0
53.79164514999598,2082.117919921875,-4844.83544921875,324.3971862792969,58.923960704798496,0.0,0.0,0.0030675284506287426,8,2,2,17,9,3,3,5,2,9,2,2,3,1,0,2082.1179700847842,-4844.835584934802,58.923960704798496,0,0,0,0,0,0
53.91664509999597,2082.11767578125,-4844.8359375,324.3971862792969,58.923956011186846,0.0,0.0,0.003198933700332418,8,2,2,17,9,3,3,5,2,9,2,2,3,1,0,2082.1176345075532,-4844.835819018509,58.923956011186846,0,0,0,0,0,0
54.04164504999596,2082.117431640625,-4844.8359375,324.397216796875,58.923948388952134,0.0,0.0,0.0035826742532663047,8,2,2,17,9,3,3,5,2,9,2,2,3,1,0,2082.1173214809296,-4844.836056614337,58.923948388952134,0,0,0,0,0,0
54.20831164999594,2082.116943359375,-4844.83642578125,324.3973083496094,58.92393021586102,0.0,0.0,0.004496681140153669,8,2,2,17,9,3,3,5,2,9,2,2,3,1,0,2082.1169293065077,-4844.836560505157,58.92393021586102,0,0,0,0,0,0
54.33331159999593,2082.11669921875,-4844.8369140625,324.39727783203125,58.92391320640249,0.0,0.0,0.005678450543200597,8,2,2,17,9,3,3,5,2,9,2,2,3,1,0,2082.116581630494,-4844.837108288437,58.92391320640249,0,0,0,0,0,0
54.45831154999592,2082.1162109375,-4844.837890625,324.39715576171875,58.923885646088024,0.0,0.0,0.006872851372463629,8,2,2,17,9,3,3,5,2,9,2,2,3,1,0,2082.116144202975,-4844.837752500282,58.923885646088024,0,0,0,0,0,0
54.58331149999591,2082.11572265625,-4844.83837890625,324.3970031738281,58.92389503331359,0.0,0.0,0.007373502739937976,8,2,2,17,9,3,3,5,2,9,2,2,3,1,0,2082.1157008391997,-4844.838469685633,58.92389503331359,0,0,0,0,0,0
54.7083114499959,2082.115234375,-4844.83935546875,324.3968200683594,58.92389679830519,0.0,0.0,0.007468058174708858,8,2,2,17,9,3,3,5,2,9,2,2,3,1,0,2082.1152461833153,-4844.839242299445,58.92389679830519,0,0,0,0,0,0
54.833311399995885,2082.11474609375,-4844.83984375,324.3966979980469,58.923916736383816,0.0,0.0,0.006941535684745759,8,2,2,17,9,3,3,5,2,9,2,2,3,1,0,2082.1147225290056,-4844.839928003257,58.923916736383816,0,0,0,0,0,0
54.87497804999588,2082.114501953125,-4844.84033203125,324.3966979980469,58.92392612360726,0.0,0.0,0.0067440712882671505,8,2,2,17,9,3,3,5,2,9,2,2,3,1,0,2082.1145412872247,-4844.840131345564,58.92392612360726,0,0,0,0,0,0
55.04164464999587,2082.11376953125,-4844.8408203125,324.3966979980469,58.92395837752949,0.0,0.0,0.0058410234487382695,8,2,2,17,9,3,3,5,2,9,2,2,3,1,0,2082.11378281077,-4844.840817028567,58.92395837752949,0,0,0,0,0,0
55.166644599995855,2082.11328125,-4844.84130859375,324.396728515625,58.92396599976299,0.0,0.0,0.006083674816181883,8,2,2,17,9,3,3,5,2,9,2,2,3,1,0,2082.11319631573,-4844.841211980437,58.92396599976299,0,0,0,0,0,0
55.291644549995844,2082.112548828125,-4844.84130859375,324.3968505859375,58.92395368391856,0.0,0.0,0.004943619569530711,8,2,2,17,9,3,3,5,2,9,2,2,3,1,0,2082.1125558044873,-4844.8415026108805,58.92395368391856,0,0,0,0,0,0
55.41664449999583,2082.112060546875,-4844.841796875,324.3968811035156,58.92398417285393,0.0,0.0,0.0044342228648019955,8,2,2,17,9,3,3,5,2,9,2,2,3,1,0,2082.1120686881936,-4844.8417567642955,58.92398417285393,0,0,0,0,0,0
55.54164444999582,2082.111572265625,-4844.841796875,324.3968811035156,58.924005875918816,0.0,0.0,0.004128705404582433,8,2,2,17,9,3,3,5,2,9,2,2,3,1,0,2082.1115994873385,-4844.84200184593,58.924005875918816,0,0,0,0,0,0
55.66664439999581,2082.111083984375,-4844.84228515625,324.3968505859375,58.92402874262155,0.0,0.0,0.004166227154200897,8,2,2,17,9,3,3,5,2,9,2,2,3,1,0,2082.1111984524596,-4844.84230618058,58.92402874262155,0,0,0,0,0,0
55.7499776999958,2082.11083984375,-4844.8427734375,324.3968200683594,58.92404575207475,0.0,0.0,0.004442913632374257,8,2,2,17,9,3,3,5,2,9,2,2,3,1,0,2082.110927802809,-4844.842529355587,58.92404575207475,0,0,0,0,0,0
55.87497764999579,2082.110595703125,-4844.8427734375,324.3967590332031,58.924062761526926,0.0,0.0,0.004830280886380933,8,2,2,17,9,3,3,5,2,9,2,2,3,1,0,2082.110514870079,-4844.842912951117,58.924062761526926,0,0,0,0,0,0
55.99997759999578,2082.110107421875,-4844.84326171875,324.396728515625,58.9240580679182,0.0,0.0,0.0052186453103786334,8,2,2,17,9,3,3,5,2,9,2,2,3,1,0,2082.1099909807285,-4844.843312380293,58.9240580679182,0,0,0,0,0,0
56.166644199995766,2082.109375,-4844.84375,324.3966979980469,58.9240703837614,0.0,0.0,0.005171724842512049,8,2,2,17,9,3,3,5,2,9,2,2,3,1,0,2082.109303531421,-4844.84384016423,58.9240703837614,0,0,0,0,0,0
56.291644149995754,2082.10888671875,-4844.84423828125,324.396728515625,58.924087393212496,0.0,0.0,0.004626948066288605,8,2,2,17,9,3,3,5,2,9,2,2,3,1,0,2082.1088193783353,-4844.844207497032,58.924087393212496,0,0,0,0,0,0
56.41664409999574,2082.1083984375,-4844.8447265625,324.396728515625,58.92409501544707,0.0,0.0,0.004125112172914669,8,2,2,17,9,3,3,5,2,9,2,2,3,1,0,2082.108327550744,-4844.844500411959,58.92409501544707,0,0,0,0,0,0
56.54164404999573,2082.10791015625,-4844.8447265625,324.396728515625,58.924127269366615,0.0,0.0,0.0034567736292956397,8,2,2,17,9,3,3,5,2,9,2,2,3,1,0,2082.107953403086,-4844.844753640214,58.924127269366615,0,0,0,0,0,0
56.66664399999572,2082.107666015625,-4844.84521484375,324.396728515625,58.92414251383678,0.0,0.0,0.003107147858827375,8,2,2,17,9,3,3,5,2,9,2,2,3,1,0,2082.1076159468257,-4844.844982268351,58.92414251383678,0,0,0,0,0,0
56.79164394999571,2082.107177734375,-4844.84521484375,324.3966979980469,58.924159523285574,0.0,0.0,0.004305514448788017,8,2,2,17,9,3,3,5,2,9,2,2,3,1,0,2082.1072945923884,-4844.845189525389,58.924159523285574,0,0,0,0,0,0
56.9166438999957,2082.10693359375,-4844.84521484375,324.396728515625,58.92413489160162,0.0,0.0,0.0032715670386096463,8,2,2,17,9,3,3,5,2,9,2,2,3,1,0,2082.1068826196865,-4844.845420731051,58.92413489160162,0,0,0,0,0,0
57.04164384999569,2082.106689453125,-4844.845703125,324.39666748046875,58.92412257575928,0.0,0.0,0.0035804729122901335,8,2,2,17,9,3,3,5,2,9,2,2,3,1,0,2082.1066543516954,-4844.845758565521,58.92412257575928,0,0,0,0,0,0
57.166643799995676,2082.1064453125,-4844.84619140625,324.3966064453125,58.9241102599167,0.0,0.0,0.0029867283956264146,8,2,2,17,9,3,3,5,2,9,2,2,3,1,0,2082.1064313236434,-4844.846075069379,58.9241102599167,0,0,0,0,0,0
57.291643749995664,2082.106201171875,-4844.84619140625,324.39654541015625,58.92411495352433,0.0,0.0,0.003316336005809717,8,2,2,17,9,3,3,5,2,9,2,2,3,1,0,2082.106270729345,-4844.846357925857,58.92411495352433,0,0,0,0,0,0
57.37497704999566,2082.106201171875,-4844.8466796875,324.396484375,58.92409385180169,0.0,0.0,0.00303593715216266,8,2,2,17,9,3,3,5,2,9,2,2,3,1,0,2082.106142629041,-4844.846575396501,58.92409385180169,0,0,0,0,0,0
57.499976999995646,2082.10595703125,-4844.8466796875,324.3963928222656,58.92410616764317,0.0,0.0,0.002754565139184706,8,2,2,17,9,3,3,5,2,9,2,2,3,1,0,2082.105981274861,-4844.846867127121,58.92410616764317,0,0,0,0,0,0
57.624976949995634,2082.105712890625,-4844.84716796875,324.3963623046875,58.92410616764317,0.0,0.0,0.0025619772713980637,8,2,2,17,9,3,3,5,2,9,2,2,3,1,0,2082.1058274286543,-4844.847152481411,58.92410616764317,0,0,0,0,0,0
57.74997689999562,2082.105712890625,-4844.84716796875,324.3963623046875,58.92410440266258,0.0,0.0,0.002275875158375129,8,2,2,17,9,3,3,5,2,9,2,2,3,1,0,2082.1056707998428,-4844.847408863216,58.92410440266258,0,0,0,0,0,0
57.87497684999561,2082.10546875,-4844.84765625,324.3963623046875,58.92410616764317,0.0,0.0,0.002071871313091833,8,2,2,17,9,3,3,5,2,9,2,2,3,1,0,2082.1055098107936,-4844.847616552764,58.92410616764317,0,0,0,0,0,0
57.9999767999956,2082.105224609375,-4844.84765625,324.3963317871094,58.924109096270044,0.0,0.0,0.0019488525140332058,8,2,2,17,9,3,3,5,2,9,2,2,3,1,0,2082.1053446009882,-4844.847792756584,58.924109096270044,0,0,0,0,0,0
58.12497674999559,2082.10498046875,-4844.84814453125,324.3963317871094,58.92409678042821,0.0,0.0,0.0021739237126894295,8,2,2,17,9,3,3,5,2,9,2,2,3,1,0,2082.1050733662373,-4844.847932137798,58.92409678042821,0,0,0,0,0,0
58.20831004999558,2082.10498046875,-4844.84814453125,324.3963623046875,58.92409854540918,0.0,0.0,0.0020732109987875447,8,2,2,17,9,3,3,5,2,9,2,2,3,1,0,2082.104956383811,-4844.848054361099,58.92409854540918,0,0,0,0,0,0
58.33330999999557,2082.104736328125,-4844.84814453125,324.3963317871094,58.92410616764317,0.0,0.0,0.0019961356883868575,8,2,2,17,9,3,3,5,2,9,2,2,3,1,0,2082.1047740506237,-4844.848228250328,58.92410616764317,0,0,0,0,0,0
58.45830994999556,2082.1044921875,-4844.84814453125,324.3963317871094,58.9241184834844,0.0,0.0,0.0019774402971961536,8,2,2,17,9,3,3,5,2,9,2,2,3,1,0,2082.1045885301714,-4844.848383440227,58.9241184834844,0,0,0,0,0,0
58.58330989999555,2082.1044921875,-4844.8486328125,324.39630126953125,58.924126105718614,0.0,0.0,0.0020369645426399074,8,2,2,17,9,3,3,5,2,9,2,2,3,1,0,2082.1044191150536,-4844.848560101427,58.924126105718614,0,0,0,0,0,0
58.70830984999554,2082.10400390625,-4844.8486328125,324.39630126953125,58.92409854540918,0.0,0.0,0.0023697222786722705,8,2,2,17,9,3,3,5,2,9,2,2,3,1,0,2082.1041059017225,-4844.848721976374,58.92409854540918,0,0,0,0,0,0
58.833309799995526,2082.103759765625,-4844.8486328125,324.39630126953125,58.92410616764317,0.0,0.0,0.0030578241421608254,8,2,2,17,9,3,3,5,2,9,2,2,3,1,0,2082.10384552481,-4844.848874967227,58.92410616764317,0,0,0,0,0,0
58.958309749995514,2082.103515625,-4844.84912109375,324.39630126953125,58.9241184834844,0.0,0.0,0.0020934221538482234,8,2,2,17,9,3,3,5,2,9,2,2,3,1,0,2082.103614836818,-4844.849043005627,58.9241184834844,0,0,0,0,0,0
59.04164304999551,2082.103515625,-4844.84912109375,324.39630126953125,58.92412317709129,0.0,0.0,0.0018651226127985865,8,2,2,17,9,3,3,5,2,9,2,2,3,1,0,2082.1035106354125,-4844.849166279253,58.92412317709129,0,0,0,0,0,0
59.20830964999549,2082.103271484375,-4844.84912109375,324.39630126953125,58.92415073740045,0.0,0.0,0.0015933290342218243,8,2,2,17,9,3,3,5,2,9,2,2,3,1,0,2082.1033162572326,-4844.849340140265,58.92415073740045,0,0,0,0,0,0
59.37497624999548,2082.10302734375,-4844.849609375,324.3962707519531,58.92415835963494,0.0,0.0,0.0017064938219846226,8,2,2,17,9,3,3,5,2,9,2,2,3,1,0,2082.103132621277,-4844.849505281664,58.92415835963494,0,0,0,0,0,0
59.499976199995466,2082.10302734375,-4844.849609375,324.396240234375,58.92416305324102,0.0,0.0,0.0016482637875014916,8,2,2,17,9,3,3,5,2,9,2,2,3,1,0,2082.102982870113,-4844.849651070332,58.92416305324102,0,0,0,0,0,0
59.624976149995454,2082.102783203125,-4844.849609375,324.396240234375,58.92416774684692,0.0,0.0,0.0016219652025029063,8,2,2,17,9,3,3,5,2,9,2,2,3,1,0,2082.1028431757613,-4844.849787258816,58.92416774684692,0,0,0,0,0,0
59.74997609999544,2082.1025390625,-4844.85009765625,324.396240234375,58.92415835963494,0.0,0.0,0.002117632539011538,8,2,2,17,9,3,3,5,2,9,2,2,3,1,0,2082.1026206030087,-4844.849884991792,58.92415835963494,0,0,0,0,0,0
59.87497604999543,2082.1025390625,-4844.85009765625,324.3962707519531,58.92415835963494,0.0,0.0,0.0015779434761498123,8,2,2,17,9,3,3,5,2,9,2,2,3,1,0,2082.1024519362854,-4844.850018548516,58.92415835963494,0,0,0,0,0,0
60.04164264999542,2082.102294921875,-4844.85009765625,324.396240234375,58.92417829771024,0.0,0.0,0.0012177778444311116,8,2,2,17,9,3,3,5,2,9,2,2,3,1,0,2082.102271764932,-4844.85014868403,58.92417829771024,0,0,0,0,0,0
60.166642599995406,2082.10205078125,-4844.85009765625,324.396240234375,58.92419823578557,0.0,0.0,0.0009506290552963037,8,2,2,17,9,3,3,5,2,9,2,2,3,1,0,2082.102153974875,-4844.850202413632,58.92419823578557,0,0,0,0,0,0
60.291642549995395,2082.10205078125,-4844.85009765625,324.3962097167969,58.92421055162582,0.0,0.0,0.0009191880053549539,8,2,2,17,9,3,3,5,2,9,2,2,3,1,0,2082.102066744254,-4844.850235444615,58.92421055162582,0,0,0,0,0,0
60.41664249999538,2082.10205078125,-4844.85009765625,324.396240234375,58.92422286746582,0.0,0.0,0.0005160061846254393,8,2,2,17,9,3,3,5,2,9,2,2,3,1,0,2082.101995625569,-4844.850243619836,58.92422286746582,0,0,0,0,0,0
60.54164244999537,2082.101806640625,-4844.85009765625,324.3962707519531,58.92421055162582,0.0,0.0,0.0005657923338731052,8,2,2,17,9,3,3,5,2,9,2,2,3,1,0,2082.101854602426,-4844.850225280142,58.92421055162582,0,0,0,0,0,0
60.70830904999536,2082.101806640625,-4844.85009765625,324.39630126953125,58.92420585802064,0.0,0.0,0.0007244730113598052,8,2,2,17,9,3,3,5,2,9,2,2,3,1,0,2082.1017225750343,-4844.85017218457,58.92420585802064,0,0,0,0,0,0
60.833308999995346,2082.1015625,-4844.85009765625,324.3963317871094,58.92420292939086,0.0,0.0,0.0009869872883427888,8,2,2,17,9,3,3,5,2,9,2,2,3,1,0,2082.101621581423,-4844.850123859959,58.92420292939086,0,0,0,0,0,0
60.958308949995335,2082.1015625,-4844.85009765625,324.3963623046875,58.924218173860936,0.0,0.0,0.0006897857474541524,8,2,2,17,9,3,3,5,2,9,2,2,3,1,0,2082.1015714161804,-4844.85009506204,58.924218173860936,0,0,0,0,0,0
61.08330889999532,2082.1015625,-4844.85009765625,324.3963623046875,58.924218173860936,0.0,0.0,0.0006248201316338964,8,2,2,17,9,3,3,5,2,9,2,2,3,1,0,2082.1014921299943,-4844.850059296637,58.924218173860936,0,0,0,0,0,0
61.24997549999531,2082.1015625,-4844.85009765625,324.3963623046875,58.924238111936326,0.0,0.0,0.00028307110824243864,8,2,2,17,9,3,3,5,2,9,2,2,3,1,0,2082.1014559911473,-4844.850067246658,58.924238111936326,0,0,0,0,0,0
61.41664209999529,2082.1015625,-4844.85009765625,324.3963317871094,58.924258050011744,0.0,0.0,0.00040283398448082153,8,2,2,17,9,3,3,5,2,9,2,2,3,1,0,2082.1014427219407,-4844.850110503071,58.924258050011744,0,0,0,0,0,0
61.54164204999528,2082.1015625,-4844.85009765625,324.3963317871094,58.92426274361581,0.0,0.0,0.0006084391770855291,8,2,2,17,9,3,3,5,2,9,2,2,3,1,0,2082.1014420290085,-4844.850161355411,58.92426274361581,0,0,0,0,0,0
61.70830864999527,2082.101318359375,-4844.85009765625,324.39630126953125,58.92427505945521,0.0,0.0,0.0003695327450259356,8,2,2,17,9,3,3,5,2,9,2,2,3,1,0,2082.1014211965826,-4844.85020435248,58.92427505945521,0,0,0,0,0,0
61.87497524999525,2082.101318359375,-4844.85009765625,324.39630126953125,58.92428737529435,0.0,0.0,0.0005894895821256796,8,2,2,17,9,3,3,5,2,9,2,2,3,1,0,2082.1013733231684,-4844.8502263863065,58.92428737529435,0,0,0,0,0,0
61.99997519999524,2082.101318359375,-4844.85009765625,324.3963317871094,58.92427798808719,0.0,0.0,0.00017606971596251242,8,2,2,17,9,3,3,5,2,9,2,2,3,1,0,2082.1013769195674,-4844.85026987036,58.92427798808719,0,0,0,0,0,0
62.12497514999523,2082.101318359375,-4844.85009765625,324.3963317871094,58.92427036585142,0.0,0.0,0.00016956566923909122,8,2,2,17,9,3,3,5,2,9,2,2,3,1,0,2082.1013436355647,-4844.8502648819895,58.92427036585142,0,0,0,0,0,0
62.291641749995215,2082.101318359375,-4844.85009765625,324.3963317871094,58.92427036585142,0.0,0.0,0.00024600208234915044,8,2,2,17,9,3,3,5,2,9,2,2,3,1,0,2082.101364433259,-4844.850243729106,58.92427036585142,0,0,0,0,0,0
62.37497504999521,2082.101318359375,-4844.85009765625,324.3963317871094,58.92427036585142,0.0,0.0,0.000334722722072911,8,2,2,17,9,3,3,5,2,9,2,2,3,1,0,2082.101384153846,-4844.850226340637,58.92427036585142,0,0,0,0,0,0
62.499974999995196,2082.101318359375,-4844.85009765625,324.39630126953125,58.92426743721971,0.0,0.0,0.0003644142452685628,8,2,2,17,9,3,3,5,2,9,2,2,3,1,0,2082.101427313888,-4844.850219875246,58.92426743721971,0,0,0,0,0,0
62.66664159999518,2082.101318359375,-4844.85009765625,324.3963317871094,58.92427329448331,0.0,0.0,0.0003719011147040874,8,2,2,17,9,3,3,5,2,9,2,2,3,1,0,2082.1014180870966,-4844.850161714825,58.92427329448331,0,0,0,0,0,0
62.79164154999517,2082.101318359375,-4844.85009765625,324.3963623046875,58.92425981498439,0.0,0.0,0.0005224053438723786,8,2,2,17,9,3,3,5,2,9,2,2,3,1,0,2082.101340690045,-4844.850132823412,58.92425981498439,0,0,0,0,0,0
62.958308149995155,2082.101318359375,-4844.85009765625,324.3963623046875,58.92426567224745,0.0,0.0,0.0003315269168524537,8,2,2,17,9,3,3,5,2,9,2,2,3,1,0,2082.1012986999654,-4844.850157371406,58.92426567224745,0,0,0,0,0,0
63.12497474999514,2082.101318359375,-4844.85009765625,324.3963623046875,58.92427798808719,0.0,0.0,0.00034889108064817265,8,2,2,17,9,3,3,5,2,9,2,2,3,1,0,2082.1012958785377,-4844.850157399765,58.92427798808719,0,0,0,0,0,0
63.20830804999513,2082.101318359375,-4844.85009765625,324.3963623046875,58.92427798808719,0.0,0.0,0.00045664128265343606,8,2,2,17,9,3,3,5,2,9,2,2,3,1,0,2082.1013174991685,-4844.850179448947,58.92427798808719,0,0,0,0,0,0
63.33330799999512,2082.101318359375,-4844.85009765625,324.3963317871094,58.92428737529435,0.0,0.0,8.270759508377523e-05,8,2,2,17,9,3,3,5,2,9,2,2,3,1,0,2082.101326910636,-4844.850177816501,58.92428737529435,0,0,0,0,0,0
63.499974599995106,2082.101318359375,-4844.85009765625,324.3963317871094,58.92428268169086,0.0,0.0,0.000208019037017948,8,2,2,17,9,3,3,5,2,9,2,2,3,1,0,2082.101347878173,-4844.8502188773455,58.92428268169086,0,0,0,0,0,0
63.66664119999509,2082.101318359375,-4844.85009765625,324.39630126953125,58.92427329448331,0.0,0.0,0.00010984944083247683,8,2,2,17,9,3,3,5,2,9,2,2,3,1,0,2082.1013447805894,-4844.850261349161,58.92427329448331,0,0,0,0,0,0
63.833307799995076,2082.101318359375,-4844.85009765625,324.3963317871094,58.924258050011744,0.0,0.0,9.757397947396385e-05,8,2,2,17,9,3,3,5,2,9,2,2,3,1,0,2082.101279120009,-4844.850235119324,58.924258050011744,0,0,0,0,0,0
63.958307749995065,2082.101318359375,-4844.85009765625,324.3963317871094,58.924258050011744,0.0,0.0,0.00017626261978875846,8,2,2,17,9,3,3,5,2,9,2,2,3,1,0,2082.1012982600814,-4844.850245107548,58.924258050011744,0,0,0,0,0,0
64.04164104999506,2082.101318359375,-4844.85009765625,324.3963317871094,58.92426567224745,0.0,0.0,0.0003216560116925393,8,2,2,17,9,3,3,5,2,9,2,2,3,1,0,2082.1013114993902,-4844.85022646721,58.92426567224745,0,0,0,0,0,0
64.16664099999505,2082.101318359375,-4844.85009765625,324.3963317871094,58.924250427776194,0.0,0.0,0.00017509726149000926,8,2,2,17,9,3,3,5,2,9,2,2,3,1,0,2082.101281164926,-4844.850182019443,58.924250427776194,0,0,0,0,0,0
64.29164094999504,2082.101318359375,-4844.85009765625,324.3963623046875,58.92425512138038,0.0,0.0,0.00033521851037221495,8,2,2,17,9,3,3,5,2,9,2,2,3,1,0,2082.101307917967,-4844.850168481002,58.92425512138038,0,0,0,0,0,0
64.41664089999503,2082.101318359375,-4844.85009765625,324.3963623046875,58.924258050011744,0.0,0.0,0.0001442116854377673,8,2,2,17,9,3,3,5,2,9,2,2,3,1,0,2082.1013295003604,-4844.850154284903,58.924258050011744,0,0,0,0,0,0
64.58330749999502,2082.101318359375,-4844.85009765625,324.3963623046875,58.924238111936326,0.0,0.0,0.00019675287603604374,8,2,2,17,9,3,3,5,2,9,2,2,3,1,0,2082.101298858967,-4844.850160317754,58.924238111936326,0,0,0,0,0,0
64.749974099995,2082.101318359375,-4844.85009765625,324.3963317871094,58.92425512138038,0.0,0.0,0.00032066191124613397,8,2,2,17,9,3,3,5,2,9,2,2,3,1,0,2082.101347798303,-4844.8501661474,58.92425512138038,0,0,0,0,0,0
64.87497404999499,2082.101318359375,-4844.85009765625,324.39630126953125,58.92426274361581,0.0,0.0,0.00026286647880624514,8,2,2,17,9,3,3,5,2,9,2,2,3,1,0,2082.1013822780396,-4844.850172828265,58.92426274361581,0,0,0,0,0,0
65.04164064999497,2082.101318359375,-4844.85009765625,324.3963317871094,58.924250427776194,0.0,0.0,0.0001374878138449276,8,2,2,17,9,3,3,5,2,9,2,2,3,1,0,2082.101342533965,-4844.8501827544205,58.924250427776194,0,0,0,0,0,0
65.16664059999496,2082.101318359375,-4844.85009765625,324.3963317871094,58.92424280554081,0.0,0.0,0.0007030492724879878,8,2,2,17,9,3,3,5,2,9,2,2,3,1,0,2082.1012651032547,-4844.850158621832,58.92424280554081,0,0,0,0,0,0
65.33330719999495,2082.101318359375,-4844.85009765625,324.3963623046875,58.92426274361581,0.0,0.0,8.087976084425463e-05,8,2,2,17,9,3,3,5,2,9,2,2,3,1,0,2082.1012559534884,-4844.850162155876,58.92426274361581,0,0,0,0,0,0
65.49997379999493,2082.10107421875,-4844.85009765625,324.3963928222656,58.92423048970099,0.0,0.0,0.00031028960165713215,8,2,2,17,9,3,3,5,2,9,2,2,3,1,0,2082.1011153366976,-4844.850134988186,58.92423048970099,0,0,0,0,0,0
65.66664039999492,2082.10107421875,-4844.85009765625,324.3963928222656,58.924250427776194,0.0,0.0,0.00011913234629901126,8,2,2,17,9,3,3,5,2,9,2,2,3,1,0,2082.1011245899117,-4844.850142224559,58.924250427776194,0,0,0,0,0,0
65.70830704999491,2082.10107421875,-4844.85009765625,324.3963928222656,58.92424280554081,0.0,0.0,0.0008696070835867431,8,2,2,17,9,3,3,5,2,9,2,2,3,1,0,2082.101074871388,-4844.850119138935,58.92424280554081,0,0,0,0,0,0
65.8749736499949,2082.100830078125,-4844.85009765625,324.39642333984375,58.924218173860936,0.0,0.0,0.0006236886292754207,8,2,2,17,9,3,3,5,2,9,2,2,3,1,0,2082.100878346348,-4844.850087196611,58.924218173860936,0,0,0,0,0,0
66.04164024999488,2082.100830078125,-4844.85009765625,324.39642333984375,58.92424104056725,0.0,0.0,0.00024364273940591374,8,2,2,17,9,3,3,5,2,9,2,2,3,1,0,2082.1008964185676,-4844.850116728337,58.92424104056725,0,0,0,0,0,0
66.16664019999487,2082.10107421875,-4844.85009765625,324.3963928222656,58.92426567224745,0.0,0.0,0.0007892955181887373,8,2,2,17,9,3,3,5,2,9,2,2,3,1,0,2082.1009567014935,-4844.8501194761575,58.92426567224745,0,0,0,0,0,0
66.29164014999486,2082.10107421875,-4844.85009765625,324.3963928222656,58.924258050011744,0.0,0.0,0.0007470560376532376,8,2,2,17,9,3,3,5,2,9,2,2,3,1,0,2082.100971582668,-4844.8501187073325,58.924258050011744,0,0,0,0,0,0
66.41664009999485,2082.10107421875,-4844.85009765625,324.3963928222656,58.92424280554081,0.0,0.0,0.000541200506631867,8,2,2,17,9,3,3,5,2,9,2,2,3,1,0,2082.100974682721,-4844.850150343571,58.92424280554081,0,0,0,0,0,0
66.54164004999484,2082.10107421875,-4844.85009765625,324.3963623046875,58.92426274361581,0.0,0.0,0.0005532920113182627,8,2,2,17,9,3,3,5,2,9,2,2,3,1,0,2082.1010311285263,-4844.850172608795,58.92426274361581,0,0,0,0,0,0
66.62497334999483,2082.10107421875,-4844.85009765625,324.3963317871094,58.92426567224745,0.0,0.0,7.311393801501254e-05,8,2,2,17,9,3,3,5,2,9,2,2,3,1,0,2082.101036257329,-4844.850175974184,58.92426567224745,0,0,0,0,0,0
66.74997329999482,2082.10107421875,-4844.85009765625,324.3963317871094,58.92427505945521,0.0,0.0,0.00037640377286152216,8,2,2,17,9,3,3,5,2,9,2,2,3,1,0,2082.1010885604737,-4844.8501902419775,58.92427505945521,0,0,0,0,0,0
66.87497324999481,2082.10107421875,-4844.85009765625,324.3963623046875,58.92428268169086,0.0,0.0,0.000273862610811193,8,2,2,17,9,3,3,5,2,9,2,2,3,1,0,2082.1011454641975,-4844.850199549434,58.92428268169086,0,0,0,0,0,0
66.9999731999948,2082.10107421875,-4844.85009765625,324.3963623046875,58.92427036585142,0.0,0.0,6.767642162230914e-05,8,2,2,17,9,3,3,5,2,9,2,2,3,1,0,2082.101104274118,-4844.8501790003065,58.92427036585142,0,0,0,0,0,0
67.16663979999478,2082.10107421875,-4844.85009765625,324.3963623046875,58.924258050011744,0.0,0.0,0.00020103609585930826,8,2,2,17,9,3,3,5,2,9,2,2,3,1,0,2082.101068380585,-4844.850174763106,58.924258050011744,0,0,0,0,0,0
67.33330639999477,2082.10107421875,-4844.85009765625,324.3963623046875,58.92426274361581,0.0,0.0,0.0004969481778971385,8,2,2,17,9,3,3,5,2,9,2,2,3,1,0,2082.1011407954543,-4844.850195219985,58.92426274361581,0,0,0,0,0,0
67.41663969999476,2082.10107421875,-4844.85009765625,324.3963623046875,58.92426567224745,0.0,0.0,0.0002804261612254777,8,2,2,17,9,3,3,5,2,9,2,2,3,1,0,2082.1011752660224,-4844.850186897464,58.92426567224745,0,0,0,0,0,0
67.58330629999475,2082.101318359375,-4844.85009765625,324.3963317871094,58.92427036585142,0.0,0.0,0.0005705800504074432,8,2,2,17,9,3,3,5,2,9,2,2,3,1,0,2082.1012564335415,-4844.850180955197,58.92427036585142,0,0,0,0,0,0
67.74997289999473,2082.101318359375,-4844.85009765625,324.3963317871094,58.92426567224745,0.0,0.0,0.0001808319439078332,8,2,2,17,9,3,3,5,2,9,2,2,3,1,0,2082.1012286424475,-4844.850149993753,58.92426567224745,0,0,0,0,0,0
67.91663949999472,2082.101318359375,-4844.85009765625,324.3963623046875,58.92426567224745,0.0,0.0,0.0001807078774618276,8,2,2,17,9,3,3,5,2,9,2,2,3,1,0,2082.1012318563608,-4844.8501883096105,58.92426567224745,0,0,0,0,0,0
68.0416394499947,2082.101318359375,-4844.85009765625,324.3963623046875,58.92427505945521,0.0,0.0,0.00020511861293925904,8,2,2,17,9,3,3,5,2,9,2,2,3,1,0,2082.1012386695115,-4844.85019041854,58.92427505945521,0,0,0,0,0,0
68.1666393999947,2082.101318359375,-4844.85009765625,324.3963623046875,58.92427505945521,0.0,0.0,0.0002902537744375877,8,2,2,17,9,3,3,5,2,9,2,2,3,1,0,2082.101244008759,-4844.850178390699,58.92427505945521,0,0,0,0,0,0
68.20830604999469,2082.101318359375,-4844.85009765625,324.3963623046875,58.92427505945521,0.0,0.0,0.0001847486828410183,8,2,2,17,9,3,3,5,2,9,2,2,3,1,0,2082.101255957657,-4844.850183129647,58.92427505945521,0,0,0,0,0,0
68.33330599999468,2082.10107421875,-4844.85009765625,324.3963623046875,58.924258050011744,0.0,0.0,0.0006821661827416392,8,2,2,17,9,3,3,5,2,9,2,2,3,1,0,2082.101193316171,-4844.850160588583,58.924258050011744,0,0,0,0,0,0
68.41663929999467,2082.10107421875,-4844.85009765625,324.3963623046875,58.924258050011744,0.0,0.0,0.00025373383323312737,8,2,2,17,9,3,3,5,2,9,2,2,3,1,0,2082.1011842883768,-4844.850177129789,58.924258050011744,0,0,0,0,0,0
68.54163924999466,2082.101318359375,-4844.85009765625,324.3963623046875,58.92426567224745,0.0,0.0,0.00019527215044945478,8,2,2,17,9,3,3,5,2,9,2,2,3,1,0,2082.101200848345,-4844.850192244846,58.92426567224745,0,0,0,0,0,0
68.70830584999464,2082.10107421875,-4844.85009765625,324.3963623046875,58.924258050011744,0.0,0.0,0.0002482674290149589,8,2,2,17,9,3,3,5,2,9,2,2,3,1,0,2082.1011834333367,-4844.850183569581,58.924258050011744,0,0,0,0,0,0
68.83330579999463,2082.101318359375,-4844.85009765625,324.3963623046875,58.92426274361581,0.0,0.0,0.0002200515382355661,8,2,2,17,9,3,3,5,2,9,2,2,3,1,0,2082.1011990400802,-4844.850189275743,58.92426274361581,0,0,0,0,0,0
68.95830574999462,2082.101318359375,-4844.85009765625,324.3963623046875,58.92426743721971,0.0,0.0,8.359582466255233e-05,8,2,2,17,9,3,3,5,2,9,2,2,3,1,0,2082.101209927599,-4844.85017812332,58.92426743721971,0,0,0,0,0,0
69.04163904999461,2082.101318359375,-4844.85009765625,324.3963623046875,58.92427329448331,0.0,0.0,0.0001808090701160836,8,2,2,17,9,3,3,5,2,9,2,2,3,1,0,2082.1012134962684,-4844.8501730400785,58.92427329448331,0,0,0,0,0,0
69.2083056499946,2082.101318359375,-4844.85009765625,324.3963623046875,58.924285610323096,0.0,0.0,0.000366764083992166,8,2,2,17,9,3,3,5,2,9,2,2,3,1,0,2082.101212118454,-4844.850155293038,58.924285610323096,0,0,0,0,0,0
69.37497224999458,2082.101318359375,-4844.85009765625,324.3963623046875,58.924285610323096,0.0,0.0,0.00024349258183065103,8,2,2,17,9,3,3,5,2,9,2,2,3,1,0,2082.1012164539875,-4844.850177307157,58.924285610323096,0,0,0,0,0,0
69.49997219999457,2082.10107421875,-4844.85009765625,324.3963623046875,58.92424573417182,0.0,0.0,0.0004402666945679812,8,2,2,17,9,3,3,5,2,9,2,2,3,1,0,2082.1011078433967,-4844.850174085437,58.92424573417182,0,0,0,0,0,0
69.62497214999456,2082.10107421875,-4844.85009765625,324.3963928222656,58.92425335640747,0.0,0.0,0.00013421783933154074,8,2,2,17,9,3,3,5,2,9,2,2,3,1,0,2082.1011034179573,-4844.850200635366,58.92425335640747,0,0,0,0,0,0
69.74997209999455,2082.10107421875,-4844.85009765625,324.3963623046875,58.92426567224745,0.0,0.0,0.00018796308722812682,8,2,2,17,9,3,3,5,2,9,2,2,3,1,0,2082.1011353432345,-4844.850199896761,58.92426567224745,0,0,0,0,0,0
69.87497204999454,2082.10107421875,-4844.85009765625,324.3963317871094,58.92427798808719,0.0,0.0,0.0003429064690863015,8,2,2,17,9,3,3,5,2,9,2,2,3,1,0,2082.1011804231325,-4844.850194662267,58.92427798808719,0,0,0,0,0,0
70.04163864999452,2082.10107421875,-4844.85009765625,324.3963623046875,58.92427036585142,0.0,0.0,0.00016503594224559492,8,2,2,17,9,3,3,5,2,9,2,2,3,1,0,2082.101149686365,-4844.850166732437,58.92427036585142,0,0,0,0,0,0
70.16663859999451,2082.10107421875,-4844.85009765625,324.3963928222656,58.924258050011744,0.0,0.0,0.000375946615349676,8,2,2,17,9,3,3,5,2,9,2,2,3,1,0,2082.1010847025145,-4844.850153382816,58.924258050011744,0,0,0,0,0,0
70.2916385499945,2082.10107421875,-4844.85009765625,324.3963928222656,58.92427329448331,0.0,0.0,5.619996272798744e-05,8,2,2,17,9,3,3,5,2,9,2,2,3,1,0,2082.101091368253,-4844.850151860204,58.92427329448331,0,0,0,0,0,0
70.41663849999449,2082.10107421875,-4844.85009765625,324.3963928222656,58.924285610323096,0.0,0.0,0.00033118271858256776,8,2,2,17,9,3,3,5,2,9,2,2,3,1,0,2082.101107491962,-4844.8501426975445,58.924285610323096,0,0,0,0,0,0
70.54163844999448,2082.10107421875,-4844.85009765625,324.39642333984375,58.92427329448331,0.0,0.0,0.0004836915195483016,8,2,2,17,9,3,3,5,2,9,2,2,3,1,0,2082.101056886231,-4844.850136492408,58.92427329448331,0,0,0,0,0,0
70.66663839999447,2082.10107421875,-4844.85009765625,324.3963928222656,58.92426274361581,0.0,0.0,0.00043793002078018617,8,2,2,17,9,3,3,5,2,9,2,2,3,1,0,2082.1010175812166,-4844.850149002491,58.92426274361581,0,0,0,0,0,0
70.74997169999446,2082.10107421875,-4844.85009765625,324.3963928222656,58.92426567224745,0.0,0.0,0.00013633660955747473,8,2,2,17,9,3,3,5,2,9,2,2,3,1,0,2082.1010325446223,-4844.850171525175,58.92426567224745,0,0,0,0,0,0
70.87497164999445,2082.10107421875,-4844.85009765625,324.3963623046875,58.92427798808719,0.0,0.0,0.00012948280527780298,8,2,2,17,9,3,3,5,2,9,2,2,3,1,0,2082.1010485210572,-4844.850175244404,58.92427798808719,0,0,0,0,0,0
70.99997159999444,2082.10107421875,-4844.85009765625,324.3963623046875,58.924294997530055,0.0,0.0,0.00011857972594953026,8,2,2,17,9,3,3,5,2,9,2,2,3,1,0,2082.1010492531445,-4844.850162790059,58.924294997530055,0,0,0,0,0,0
71.12497154999443,2082.10107421875,-4844.85009765625,324.3963623046875,58.92429030392667,0.0,0.0,0.0013469914847519249,8,2,2,17,9,3,3,5,2,9,2,2,3,1,0,2082.1009931946014,-4844.850152742643,58.92429030392667,0,0,0,0,0,0
71.24997149999442,2082.10107421875,-4844.85009765625,324.3963928222656,58.92427329448331,0.0,0.0,0.0003992650363215944,8,2,2,17,9,3,3,5,2,9,2,2,3,1,0,2082.100977264067,-4844.850206308952,58.92427329448331,0,0,0,0,0,0
71.3749714499944,2082.10107421875,-4844.85009765625,324.3963928222656,58.92427798808719,0.0,0.0,0.0003332974301883951,8,2,2,17,9,3,3,5,2,9,2,2,3,1,0,2082.1010249608153,-4844.850232555812,58.92427798808719,0,0,0,0,0,0
71.54163804999439,2082.10107421875,-4844.85009765625,324.3963623046875,58.92427036585142,0.0,0.0,0.0002849315023922827,8,2,2,17,9,3,3,5,2,9,2,2,3,1,0,2082.1010344522465,-4844.850199152113,58.92427036585142,0,0,0,0,0,0
71.66663799999438,2082.10107421875,-4844.85009765625,324.3963623046875,58.924258050011744,0.0,0.0,0.0003096699401794467,8,2,2,17,9,3,3,5,2,9,2,2,3,1,0,2082.101014393223,-4844.8501892885515,58.924258050011744,0,0,0,0,0,0
71.79163794999437,2082.10107421875,-4844.85009765625,324.3963623046875,58.92426274361581,0.0,0.0,0.00017257419813176966,8,2,2,17,9,3,3,5,2,9,2,2,3,1,0,2082.1010634560535,-4844.850195763139,58.92426274361581,0,0,0,0,0,0
71.91663789999436,2082.10107421875,-4844.85009765625,324.3963623046875,58.92427036585142,0.0,0.0,0.00046228365135903005,8,2,2,17,9,3,3,5,2,9,2,2,3,1,0,2082.10110628318,-4844.850184737582,58.92427036585142,0,0,0,0,0,0
72.04163784999434,2082.10107421875,-4844.85009765625,324.3963623046875,58.924258050011744,0.0,0.0,0.00044763455662177876,8,2,2,17,9,3,3,5,2,9,2,2,3,1,0,2082.101083029177,-4844.850158934919,58.924258050011744,0,0,0,0,0,0
72.20830444999433,2082.10107421875,-4844.85009765625,324.3963928222656,58.92426274361581,0.0,0.0,0.0002873773837563931,8,2,2,17,9,3,3,5,2,9,2,2,3,1,0,2082.101086603603,-4844.850149481033,58.92426274361581,0,0,0,0,0,0
72.33330439999432,2082.10107421875,-4844.85009765625,324.3963623046875,58.92427329448331,0.0,0.0,0.00020464126464503352,8,2,2,17,9,3,3,5,2,9,2,2,3,1,0,2082.1011303153296,-4844.850144656183,58.92427329448331,0,0,0,0,0,0
72.37497104999431,2082.10107421875,-4844.85009765625,324.3963623046875,58.92427798808719,0.0,0.0,0.0001646758846618468,8,2,2,17,9,3,3,5,2,9,2,2,3,1,0,2082.101139809865,-4844.850140379566,58.92427798808719,0,0,0,0,0,0
72.4999709999943,2082.10107421875,-4844.85009765625,324.3963623046875,58.924285610323096,0.0,0.0,0.00011075833299400983,8,2,2,17,9,3,3,5,2,9,2,2,3,1,0,2082.1011844543377,-4844.85014712285,58.924285610323096,0,0,0,0,0,0
72.62497094999429,2082.10107421875,-4844.85009765625,324.3963623046875,58.92427505945521,0.0,0.0,0.000528140253663878,8,2,2,17,9,3,3,5,2,9,2,2,3,1,0,2082.1011598831146,-4844.850142649201,58.92427505945521,0,0,0,0,0,0
72.74997089999428,2082.10107421875,-4844.85009765625,324.3963623046875,58.92426743721971,0.0,0.0,0.0001963819158845581,8,2,2,17,9,3,3,5,2,9,2,2,3,1,0,2082.101173754067,-4844.850199146737,58.92426743721971,0,0,0,0,0,0
72.91663749999427,2082.101318359375,-4844.85009765625,324.3963317871094,58.92427505945521,0.0,0.0,7.562561563645431e-05,8,2,2,17,9,3,3,5,2,9,2,2,3,1,0,2082.1012199262277,-4844.850233680819,58.92427505945521,0,0,0,0,0,0
73.04163744999425,2082.10107421875,-4844.85009765625,324.3963317871094,58.924258050011744,0.0,0.0,6.613922778342385e-05,8,2,2,17,9,3,3,5,2,9,2,2,3,1,0,2082.1011758938726,-4844.850216617025,58.924258050011744,0,0,0,0,0,0
73.16663739999424,2082.10107421875,-4844.85009765625,324.3963317871094,58.92427505945521,0.0,0.0,0.00016667651152602048,8,2,2,17,9,3,3,5,2,9,2,2,3,1,0,2082.1011893163104,-4844.850203987258,58.92427505945521,0,0,0,0,0,0
73.20830404999424,2082.101318359375,-4844.85009765625,324.3963623046875,58.92427505945521,0.0,0.0,0.0002102264943459886,8,2,2,17,9,3,3,5,2,9,2,2,3,1,0,2082.101202994216,-4844.850205086438,58.92427505945521,0,0,0,0,0,0
73.33330399999423,2082.101318359375,-4844.85009765625,324.3963623046875,58.92428737529435,0.0,0.0,0.0003869755346386228,8,2,2,17,9,3,3,5,2,9,2,2,3,1,0,2082.1012088676284,-4844.850177995976,58.92428737529435,0,0,0,0,0,0
73.45830394999422,2082.101318359375,-4844.85009765625,324.3963623046875,58.924285610323096,0.0,0.0,0.0002652307330208714,8,2,2,17,9,3,3,5,2,9,2,2,3,1,0,2082.101204663383,-4844.85015594313,58.924285610323096,0,0,0,0,0,0
73.6249705499942,2082.10107421875,-4844.85009765625,324.3963928222656,58.92427505945521,0.0,0.0,0.0002948162546090316,8,2,2,17,9,3,3,5,2,9,2,2,3,1,0,2082.1011160974513,-4844.850133361502,58.92427505945521,0,0,0,0,0,0
73.79163714999419,2082.10107421875,-4844.85009765625,324.3963928222656,58.92427798808719,0.0,0.0,0.00014152268477118923,8,2,2,17,9,3,3,5,2,9,2,2,3,1,0,2082.101111280603,-4844.850165515093,58.92427798808719,0,0,0,0,0,0
73.91663709999418,2082.10107421875,-4844.85009765625,324.3963623046875,58.92428268169086,0.0,0.0,0.0005395824246079428,8,2,2,17,9,3,3,5,2,9,2,2,3,1,0,2082.101136822666,-4844.850184877144,58.92428268169086,0,0,0,0,0,0
74.04163704999416,2082.10107421875,-4844.85009765625,324.3963623046875,58.924285610323096,0.0,0.0,0.000791122602095129,8,2,2,17,9,3,3,5,2,9,2,2,3,1,0,2082.101187044372,-4844.8502052749245,58.924285610323096,0,0,0,0,0,0
74.16663699999415,2082.101318359375,-4844.85009765625,324.3963317871094,58.924294997530055,0.0,0.0,6.354105721584347e-05,8,2,2,17,9,3,3,5,2,9,2,2,3,1,0,2082.1012117919972,-4844.850210868021,58.924294997530055,0,0,0,0,0,0
74.33330359999414,2082.101318359375,-4844.85009765625,324.3963317871094,58.924294997530055,0.0,0.0,0.00044033049562131055,8,2,2,17,9,3,3,5,2,9,2,2,3,1,0,2082.1012402799906,-4844.850238398805,58.924294997530055,0,0,0,0,0,0
74.45830354999413,2082.101318359375,-4844.85009765625,324.3963317871094,58.92429030392667,0.0,0.0,3.570671935904102e-05,8,2,2,17,9,3,3,5,2,9,2,2,3,1,0,2082.101221353463,-4844.850234677298,58.92429030392667,0,0,0,0,0,0
74.58330349999412,2082.101318359375,-4844.85009765625,324.3963623046875,58.92428268169086,0.0,0.0,0.00034085298921127105,8,2,2,17,9,3,3,5,2,9,2,2,3,1,0,2082.1012510797677,-4844.850258637845,58.92428268169086,0,0,0,0,0,0
74.7083034499941,2082.101318359375,-4844.85009765625,324.3963317871094,58.92428268169086,0.0,0.0,0.0002891563326556934,8,2,2,17,9,3,3,5,2,9,2,2,3,1,0,2082.101280487685,-4844.850245253318,58.92428268169086,0,0,0,0,0,0
74.8333033999941,2082.101318359375,-4844.85009765625,324.3963317871094,58.92427798808719,0.0,0.0,0.00027273586056253407,8,2,2,17,9,3,3,5,2,9,2,2,3,1,0,2082.1012947379554,-4844.85021646125,58.92427798808719,0,0,0,0,0,0
74.87497004999409,2082.101318359375,-4844.85009765625,324.3963317871094,58.92427798808719,0.0,0.0,0.0003403237542443094,8,2,2,17,9,3,3,5,2,9,2,2,3,1,0,2082.1013096813726,-4844.850216134371,58.92427798808719,0,0,0,0,0,0
75.04163664999408,2082.101318359375,-4844.85009765625,324.3963317871094,58.924258050011744,0.0,0.0,2.7902893862119527e-05,8,2,2,17,9,3,3,5,2,9,2,2,3,1,0,2082.1012751356166,-4844.850190191617,58.924258050011744,0,0,0,0,0,0
75.16663659999406,2082.101318359375,-4844.85009765625,324.3963623046875,58.92426567224745,0.0,0.0,0.00019779056401603157,8,2,2,17,9,3,3,5,2,9,2,2,3,1,0,2082.1012830567524,-4844.850181596087,58.92426567224745,0,0,0,0,0,0
75.29163654999405,2082.101318359375,-4844.85009765625,324.3963623046875,58.92427036585142,0.0,0.0,0.00012282600891921902,8,2,2,17,9,3,3,5,2,9,2,2,3,1,0,2082.1013059481415,-4844.850181686311,58.92427036585142,0,0,0,0,0,0
75.45830314999404,2082.101318359375,-4844.85009765625,324.3963623046875,58.924258050011744,0.0,0.0,0.0001229880581377074,8,2,2,17,9,3,3,5,2,9,2,2,3,1,0,2082.101249028075,-4844.850152891346,58.924258050011744,0,0,0,0,0,0
75.58330309999403,2082.101318359375,-4844.85009765625,324.3963623046875,58.92425335640747,0.0,0.0,0.0008458799129584804,8,2,2,17,9,3,3,5,2,9,2,2,3,1,0,2082.101204665876,-4844.850144999769,58.92425335640747,0,0,0,0,0,0
75.70830304999402,2082.10107421875,-4844.85009765625,324.3963928222656,58.92423518330558,0.0,0.0,0.000338126164933783,8,2,2,17,9,3,3,5,2,9,2,2,3,1,0,2082.101111643908,-4844.850154095683,58.92423518330558,0,0,0,0,0,0
75.874969649994,2082.10107421875,-4844.85009765625,324.3963928222656,58.92426274361581,0.0,0.0,0.0001439913603462628,8,2,2,17,9,3,3,5,2,9,2,2,3,1,0,2082.101133751825,-4844.850155840547,58.92426274361581,0,0,0,0,0,0
75.99996959999399,2082.10107421875,-4844.85009765625,324.3963623046875,58.92426567224745,0.0,0.0,0.0004656207693187753,8,2,2,17,9,3,3,5,2,9,2,2,3,1,0,2082.101195658132,-4844.85017439044,58.92426567224745,0,0,0,0,0,0
76.12496954999398,2082.101318359375,-4844.85009765625,324.3963317871094,58.92427798808719,0.0,0.0,0.0001602640168130165,8,2,2,17,9,3,3,5,2,9,2,2,3,1,0,2082.101228297377,-4844.850153841564,58.92427798808719,0,0,0,0,0,0
76.24996949999397,2082.10107421875,-4844.85009765625,324.3963623046875,58.92426567224745,0.0,0.0,0.00025641138563514687,8,2,2,17,9,3,3,5,2,9,2,2,3,1,0,2082.101157893522,-4844.850133185094,58.92426567224745,0,0,0,0,0,0
76.37496944999396,2082.10107421875,-4844.85009765625,324.3963623046875,58.92427798808719,0.0,0.0,0.0004858843112742761,8,2,2,17,9,3,3,5,2,9,2,2,3,1,0,2082.1011418177104,-4844.850154930468,58.92427798808719,0,0,0,0,0,0
76.54163604999394,2082.10107421875,-4844.85009765625,324.3963928222656,58.924285610323096,0.0,0.0,0.00039969295357877854,8,2,2,17,9,3,3,5,2,9,2,2,3,1,0,2082.1011350906815,-4844.850180740668,58.924285610323096,0,0,0,0,0,0
76.66663599999393,2082.10107421875,-4844.85009765625,324.3963928222656,58.92427036585142,0.0,0.0,0.00033583769436518196,8,2,2,17,9,3,3,5,2,9,2,2,3,1,0,2082.101090330177,-4844.850189481866,58.92427036585142,0,0,0,0,0,0
76.79163594999392,2082.10107421875,-4844.85009765625,324.3963928222656,58.92424280554081,0.0,0.0,0.0009374708497489337,8,2,2,17,9,3,3,5,2,9,2,2,3,1,0,2082.100985634905,-4844.850159761955,58.92424280554081,0,0,0,0,0,0
76.9166358999939,2082.10107421875,-4844.85009765625,324.3963928222656,58.924250427776194,0.0,0.0,8.128295689857623e-05,8,2,2,17,9,3,3,5,2,9,2,2,3,1,0,2082.1009911191763,-4844.850183363528,58.924250427776194,0,0,0,0,0,0
76.9999691999939,2082.10107421875,-4844.85009765625,324.3963623046875,58.924258050011744,0.0,0.0,0.00021000048491259804,8,2,2,17,9,3,3,5,2,9,2,2,3,1,0,2082.1010219333516,-4844.850195458464,58.924258050011744,0,0,0,0,0,0
77.08330249999389,2082.10107421875,-4844.85009765625,324.3963623046875,58.92424573417182,0.0,0.0,0.0005338022219802951,8,2,2,17,9,3,3,5,2,9,2,2,3,1,0,2082.1009837797183,-4844.850182433151,58.92424573417182,0,0,0,0,0,0
77.24996909999388,2082.10107421875,-4844.85009765625,324.3963928222656,58.92424573417182,0.0,0.0,0.0005035258709540358,8,2,2,17,9,3,3,5,2,9,2,2,3,1,0,2082.100996494374,-4844.850165628397,58.92424573417182,0,0,0,0,0,0
77.37496904999387,2082.10107421875,-4844.85009765625,324.3963928222656,58.92426567224745,0.0,0.0,0.0003681504949781811,8,2,2,17,9,3,3,5,2,9,2,2,3,1,0,2082.1010571661186,-4844.8501425069335,58.92426567224745,0,0,0,0,0,0
77.49996899999385,2082.10107421875,-4844.85009765625,324.3963623046875,58.92427036585142,0.0,0.0,0.000535975686943857,8,2,2,17,9,3,3,5,2,9,2,2,3,1,0,2082.101101529743,-4844.850132544602,58.92427036585142,0,0,0,0,0,0
77.62496894999384,2082.10107421875,-4844.85009765625,324.3963623046875,58.92427798808719,0.0,0.0,0.00038287867027975153,8,2,2,17,9,3,3,5,2,9,2,2,3,1,0,2082.101155632756,-4844.850138107898,58.92427798808719,0,0,0,0,0,0
77.74996889999383,2082.101318359375,-4844.85009765625,324.3963623046875,58.92428268169086,0.0,0.0,0.0006551174919877667,8,2,2,17,9,3,3,5,2,9,2,2,3,1,0,2082.1012020055473,-4844.850154570808,58.92428268169086,0,0,0,0,0,0
77.91663549999382,2082.101318359375,-4844.85009765625,324.3963317871094,58.92428268169086,0.0,0.0,0.0001757657287271286,8,2,2,17,9,3,3,5,2,9,2,2,3,1,0,2082.1012614490573,-4844.8502021326385,58.92428268169086,0,0,0,0,0,0
78.0416354499938,2082.101318359375,-4844.85009765625,324.3963317871094,58.92428268169086,0.0,0.0,0.00016708817156541045,8,2,2,17,9,3,3,5,2,9,2,2,3,1,0,2082.101279349996,-4844.850212970835,58.92428268169086,0,0,0,0,0,0
78.1666353999938,2082.101318359375,-4844.85009765625,324.3963317871094,58.9242797530588,0.0,0.0,0.00013460452237268328,8,2,2,17,9,3,3,5,2,9,2,2,3,1,0,2082.1012822411385,-4844.850231238084,58.9242797530588,0,0,0,0,0,0
78.24996869999379,2082.101318359375,-4844.85009765625,324.3963317871094,58.92428268169086,0.0,0.0,0.00032574741908319993,8,2,2,17,9,3,3,5,2,9,2,2,3,1,0,2082.1012903884584,-4844.850237247131,58.92428268169086,0,0,0,0,0,0
78.37496864999378,2082.101318359375,-4844.85009765625,324.3963317871094,58.92429030392667,0.0,0.0,0.00019478234207781497,8,2,2,17,9,3,3,5,2,9,2,2,3,1,0,2082.1012842867735,-4844.850221722886,58.92429030392667,0,0,0,0,0,0
78.49996859999376,2082.101318359375,-4844.85009765625,324.3963317871094,58.92428268169086,0.0,0.0,0.0004321318101574434,8,2,2,17,9,3,3,5,2,9,2,2,3,1,0,2082.1013112245178,-4844.850239204071,58.92428268169086,0,0,0,0,0,0
78.66663519999375,2082.101318359375,-4844.85009765625,324.3963317871094,58.92428268169086,0.0,0.0,0.00041083403630182147,8,2,2,17,9,3,3,5,2,9,2,2,3,1,0,2082.1013541360853,-4844.850222883819,58.92428268169086,0,0,0,0,0,0
78.79163514999374,2082.101318359375,-4844.85009765625,324.3963317871094,58.92428268169086,0.0,0.0,0.00021642072169925086,8,2,2,17,9,3,3,5,2,9,2,2,3,1,0,2082.1013876156685,-4844.85020893437,58.92428268169086,0,0,0,0,0,0
78.91663509999373,2082.101318359375,-4844.85009765625,324.3963317871094,58.9242474991451,0.0,0.0,0.00043863697101187427,8,2,2,17,9,3,3,5,2,9,2,2,3,1,0,2082.101249366486,-4844.850157540522,58.9242474991451,0,0,0,0,0,0
79.04163504999372,2082.101318359375,-4844.85009765625,324.3963623046875,58.924258050011744,0.0,0.0,0.0004964784238836728,8,2,2,17,9,3,3,5,2,9,2,2,3,1,0,2082.1012110485653,-4844.850164091727,58.924258050011744,0,0,0,0,0,0
79.2083016499937,2082.101318359375,-4844.85009765625,324.3963623046875,58.92427036585142,0.0,0.0,0.00012379722420519101,8,2,2,17,9,3,3,5,2,9,2,2,3,1,0,2082.1012105849554,-4844.850173697217,58.92427036585142,0,0,0,0,0,0
79.37496824999369,2082.101318359375,-4844.85009765625,324.3963623046875,58.92427798808719,0.0,0.0,0.0005547190539800795,8,2,2,17,9,3,3,5,2,9,2,2,3,1,0,2082.101267329723,-4844.850168200194,58.92427798808719,0,0,0,0,0,0
79.49996819999367,2082.101318359375,-4844.85009765625,324.3963623046875,58.92427505945521,0.0,0.0,0.00038642406252620276,8,2,2,17,9,3,3,5,2,9,2,2,3,1,0,2082.101290338114,-4844.850167140763,58.92427505945521,0,0,0,0,0,0
79.62496814999366,2082.101318359375,-4844.85009765625,324.3963317871094,58.92427798808719,0.0,0.0,0.00030434080144914333,8,2,2,17,9,3,3,5,2,9,2,2,3,1,0,2082.101323570719,-4844.850185746218,58.92427798808719,0,0,0,0,0,0
79.74996809999365,2082.101318359375,-4844.85009765625,324.39630126953125,58.92428268169086,0.0,0.0,0.00014688191640743753,8,2,2,17,9,3,3,5,2,9,2,2,3,1,0,2082.1013315679797,-4844.850202280325,58.92428268169086,0,0,0,0,0,0
79.87496804999364,2082.101318359375,-4844.85009765625,324.3963317871094,58.92427036585142,0.0,0.0,0.000436928576164064,8,2,2,17,9,3,3,5,2,9,2,2,3,1,0,2082.1012606561835,-4844.850194284448,58.92427036585142,0,0,0,0,0,0
80.04163464999363,2082.101318359375,-4844.85009765625,324.3963623046875,58.92427036585142,0.0,0.0,0.0001343371081929945,8,2,2,17,9,3,3,5,2,9,2,2,3,1,0,2082.1012414136712,-4844.850222410292,58.92427036585142,0,0,0,0,0,0
80.16663459999361,2082.10107421875,-4844.85009765625,324.3963928222656,58.92424104056725,0.0,0.0,0.0002993410816998221,8,2,2,17,9,3,3,5,2,9,2,2,3,1,0,2082.1010878424586,-4844.850181784488,58.92424104056725,0,0,0,0,0,0
80.2916345499936,2082.10107421875,-4844.85009765625,324.39642333984375,58.92424280554081,0.0,0.0,0.0008726383384782821,8,2,2,17,9,3,3,5,2,9,2,2,3,1,0,2082.1010206044016,-4844.8501462664835,58.92424280554081,0,0,0,0,0,0
80.41663449999359,2082.10107421875,-4844.85009765625,324.39642333984375,58.92425512138038,0.0,0.0,0.00020258771655790042,8,2,2,17,9,3,3,5,2,9,2,2,3,1,0,2082.1010182748682,-4844.850132351525,58.92425512138038,0,0,0,0,0,0
80.54163444999358,2082.10107421875,-4844.85009765625,324.3963928222656,58.92427036585142,0.0,0.0,0.0003129228161924402,8,2,2,17,9,3,3,5,2,9,2,2,3,1,0,2082.101065230685,-4844.850119559886,58.92427036585142,0,0,0,0,0,0
80.66663439999357,2082.10107421875,-4844.85009765625,324.3963928222656,58.92424573417182,0.0,0.0,0.0014150883544061799,8,2,2,17,9,3,3,5,2,9,2,2,3,1,0,2082.1009573060937,-4844.850075970563,58.92424573417182,0,0,0,0,0,0
80.74996769999356,2082.100830078125,-4844.85009765625,324.39642333984375,58.92423048970099,0.0,0.0,0.00037146942304389086,8,2,2,17,9,3,3,5,2,9,2,2,3,1,0,2082.100914561427,-4844.850095060676,58.92423048970099,0,0,0,0,0,0
80.91663429999355,2082.10107421875,-4844.85009765625,324.3963928222656,58.924250427776194,0.0,0.0,0.0005732919362344546,8,2,2,17,9,3,3,5,2,9,2,2,3,1,0,2082.1009750779,-4844.850158631781,58.924250427776194,0,0,0,0,0,0
81.08330089999353,2082.10107421875,-4844.85009765625,324.3963623046875,58.92427036585142,0.0,0.0,0.0009976914952858351,8,2,2,17,9,3,3,5,2,9,2,2,3,1,0,2082.101078081349,-4844.850189017081,58.92427036585142,0,0,0,0,0,0
81.24996749999352,2082.10107421875,-4844.85009765625,324.3963317871094,58.92426567224745,0.0,0.0,0.0004837551387026906,8,2,2,17,9,3,3,5,2,9,2,2,3,1,0,2082.10110040565,-4844.8501681897205,58.92426567224745,0,0,0,0,0,0
81.3749674499935,2082.10107421875,-4844.85009765625,324.3963317871094,58.92426567224745,0.0,0.0,0.00036277654089644784,8,2,2,17,9,3,3,5,2,9,2,2,3,1,0,2082.101145526058,-4844.850207826644,58.92426567224745,0,0,0,0,0,0
81.54163404999349,2082.101318359375,-4844.85009765625,324.3963317871094,58.92427036585142,0.0,0.0,0.00046833320084260777,8,2,2,17,9,3,3,5,2,9,2,2,3,1,0,2082.1012068051223,-4844.850229042834,58.92427036585142,0,0,0,0,0,0
81.66663399999348,2082.10107421875,-4844.85009765625,324.3963317871094,58.9242474991451,0.0,0.0,0.0012505570339271799,8,2,2,17,9,3,3,5,2,9,2,2,3,1,0,2082.101162546995,-4844.850194910751,58.9242474991451,0,0,0,0,0,0
81.79163394999347,2082.10107421875,-4844.85009765625,324.3963928222656,58.92423518330558,0.0,0.0,0.00036620040191337466,8,2,2,17,9,3,3,5,2,9,2,2,3,1,0,2082.101119983793,-4844.850185304076,58.92423518330558,0,0,0,0,0,0
81.91663389999346,2082.10107421875,-4844.85009765625,324.3963623046875,58.92425512138038,0.0,0.0,0.0005441325811261777,8,2,2,17,9,3,3,5,2,9,2,2,3,1,0,2082.101144443642,-4844.850159504537,58.92425512138038,0,0,0,0,0,0
82.04163384999345,2082.10107421875,-4844.85009765625,324.3963623046875,58.92426567224745,0.0,0.0,0.0005814481028210139,8,2,2,17,9,3,3,5,2,9,2,2,3,1,0,2082.101182249313,-4844.850139698609,58.92426567224745,0,0,0,0,0,0
82.16663379999343,2082.10107421875,-4844.85009765625,324.3963623046875,58.92425335640747,0.0,0.0,0.0004522737526713172,8,2,2,17,9,3,3,5,2,9,2,2,3,1,0,2082.1011588670535,-4844.850124848031,58.92425335640747,0,0,0,0,0,0
82.33330039999342,2082.101318359375,-4844.85009765625,324.3963928222656,58.92427036585142,0.0,0.0,5.7151828514179215e-05,8,2,2,17,9,3,3,5,2,9,2,2,3,1,0,2082.101213927351,-4844.850121326957,58.92427036585142,0,0,0,0,0,0
82.37496704999342,2082.101318359375,-4844.85009765625,324.3963623046875,58.92427505945521,0.0,0.0,2.836586645571515e-05,8,2,2,17,9,3,3,5,2,9,2,2,3,1,0,2082.1012195629646,-4844.85012118353,58.92427505945521,0,0,0,0,0,0
82.5416336499934,2082.101318359375,-4844.85009765625,324.3963317871094,58.92428268169086,0.0,0.0,0.0005244664862402715,8,2,2,17,9,3,3,5,2,9,2,2,3,1,0,2082.101255518964,-4844.850165978349,58.92428268169086,0,0,0,0,0,0
82.66663359999339,2082.10107421875,-4844.85009765625,324.3963623046875,58.924250427776194,0.0,0.0,0.000546327328265761,8,2,2,17,9,3,3,5,2,9,2,2,3,1,0,2082.101097351692,-4844.8501645346905,58.924250427776194,0,0,0,0,0,0
82.83330019999337,2082.10107421875,-4844.85009765625,324.3963928222656,58.92427036585142,0.0,0.0,0.000147824266605312,8,2,2,17,9,3,3,5,2,9,2,2,3,1,0,2082.101092248818,-4844.850193107952,58.92427036585142,0,0,0,0,0,0
82.99996679999336,2082.10107421875,-4844.85009765625,324.3963623046875,58.92428268169086,0.0,0.0,0.00024553669391025323,8,2,2,17,9,3,3,5,2,9,2,2,3,1,0,2082.1011304481626,-4844.850203165263,58.92428268169086,0,0,0,0,0,0
83.16663339999334,2082.10107421875,-4844.85009765625,324.3963623046875,58.924294997530055,0.0,0.0,0.00022112201349955285,8,2,2,17,9,3,3,5,2,9,2,2,3,1,0,2082.101183956265,-4844.850176287386,58.924294997530055,0,0,0,0,0,0
83.20830004999334,2082.101318359375,-4844.85009765625,324.3963623046875,58.924294997530055,0.0,0.0,0.0005962517207080964,8,2,2,17,9,3,3,5,2,9,2,2,3,1,0,2082.101203188222,-4844.850184576264,58.924294997530055,0,0,0,0,0,0
83.37496664999333,2082.101318359375,-4844.85009765625,324.3963317871094,58.92429030392667,0.0,0.0,0.00022258730041357921,8,2,2,17,9,3,3,5,2,9,2,2,3,1,0,2082.1012518501275,-4844.8502101443955,58.92429030392667,0,0,0,0,0,0
83.54163324999331,2082.101318359375,-4844.85009765625,324.3963317871094,58.924294997530055,0.0,0.0,0.00017163538359454833,8,2,2,17,9,3,3,5,2,9,2,2,3,1,0,2082.101276683663,-4844.850214295845,58.924294997530055,0,0,0,0,0,0
83.6666331999933,2082.101318359375,-4844.85009765625,324.3963317871094,58.924294997530055,0.0,0.0,0.00012740026704705087,8,2,2,17,9,3,3,5,2,9,2,2,3,1,0,2082.1012854166506,-4844.850222379198,58.924294997530055,0,0,0,0,0,0
83.74996649999329,2082.101318359375,-4844.85009765625,324.3963317871094,58.92429030392667,0.0,0.0,6.0854688399558654e-05,8,2,2,17,9,3,3,5,2,9,2,2,3,1,0,2082.1012606678005,-4844.850217618356,58.92429030392667,0,0,0,0,0,0
83.87496644999328,2082.101318359375,-4844.85009765625,324.3963317871094,58.924285610323096,0.0,0.0,0.00015622506452928064,8,2,2,17,9,3,3,5,2,9,2,2,3,1,0,2082.101269139911,-4844.850231379667,58.924285610323096,0,0,0,0,0,0
83.99996639999327,2082.101318359375,-4844.85009765625,324.3963623046875,58.92428268169086,0.0,0.0,0.00014277857189881615,8,2,2,17,9,3,3,5,2,9,2,2,3,1,0,2082.1012479824926,-4844.85021506898,58.92428268169086,0,0,0,0,0,0
84.08329969999326,2082.101318359375,-4844.85009765625,324.3963623046875,58.92427505945521,0.0,0.0,2.4247202645710786e-05,8,2,2,17,9,3,3,5,2,9,2,2,3,1,0,2082.1012549286215,-4844.850220798734,58.92427505945521,0,0,0,0,0,0
84.20829964999325,2082.101318359375,-4844.85009765625,324.3963623046875,58.92428268169086,0.0,0.0,0.0001695168407422898,8,2,2,17,9,3,3,5,2,9,2,2,3,1,0,2082.1012570090643,-4844.850202885814,58.92428268169086,0,0,0,0,0,0
84.37496624999324,2082.101318359375,-4844.85009765625,324.3963623046875,58.92427505945521,0.0,0.0,0.0004905254172626883,8,2,2,17,9,3,3,5,2,9,2,2,3,1,0,2082.101214890069,-4844.850166392447,58.92427505945521,0,0,0,0,0,0
84.54163284999322,2082.10107421875,-4844.85009765625,324.39642333984375,58.924238111936326,0.0,0.0,0.0008479214557155501,8,2,2,17,9,3,3,5,2,9,2,2,3,1,0,2082.1009998714226,-4844.850134472198,58.924238111936326,0,0,0,0,0,0
84.7082994499932,2082.10107421875,-4844.85009765625,324.39642333984375,58.92425335640747,0.0,0.0,0.00021726559680246282,8,2,2,17,9,3,3,5,2,9,2,2,3,1,0,2082.1010011404537,-4844.850162716695,58.92425335640747,0,0,0,0,0,0
84.87496604999319,2082.10107421875,-4844.85009765625,324.3963928222656,58.924250427776194,0.0,0.0,0.0006510189905384323,8,2,2,17,9,3,3,5,2,9,2,2,3,1,0,2082.1010178737642,-4844.850146679157,58.924250427776194,0,0,0,0,0,0
85.04163264999318,2082.10107421875,-4844.85009765625,324.3963928222656,58.9242474991451,0.0,0.0,0.001703332964098081,8,2,2,17,9,3,3,5,2,9,2,2,3,1,0,2082.1010092727006,-4844.8501250936015,58.9242474991451,0,0,0,0,0,0
85.20829924999316,2082.10107421875,-4844.85009765625,324.3963623046875,58.92425512138038,0.0,0.0,0.00012309143357924768,8,2,2,17,9,3,3,5,2,9,2,2,3,1,0,2082.101009772333,-4844.850144610433,58.92425512138038,0,0,0,0,0,0
85.37496584999315,2082.10107421875,-4844.85009765625,324.3963623046875,58.924258050011744,0.0,0.0,0.000508929315401474,8,2,2,17,9,3,3,5,2,9,2,2,3,1,0,2082.100953934474,-4844.850113891941,58.924258050011744,0,0,0,0,0,0
85.49996579999313,2082.10107421875,-4844.85009765625,324.39642333984375,58.92426567224745,0.0,0.0,0.00013014093838137342,8,2,2,17,9,3,3,5,2,9,2,2,3,1,0,2082.100975585982,-4844.850141430251,58.92426567224745,0,0,0,0,0,0
85.66663239999312,2082.10107421875,-4844.85009765625,324.3963928222656,58.92427505945521,0.0,0.0,0.00021238406588963699,8,2,2,17,9,3,3,5,2,9,2,2,3,1,0,2082.1010064507923,-4844.850166160188,58.92427505945521,0,0,0,0,0,0
85.70829904999312,2082.10107421875,-4844.85009765625,324.3963928222656,58.92427798808719,0.0,0.0,0.00037105373849044554,8,2,2,17,9,3,3,5,2,9,2,2,3,1,0,2082.101024907114,-4844.850166932762,58.92427798808719,0,0,0,0,0,0
85.8332989999931,2082.10107421875,-4844.85009765625,324.3963623046875,58.92428268169086,0.0,0.0,0.0003209178203178453,8,2,2,17,9,3,3,5,2,9,2,2,3,1,0,2082.101078900881,-4844.850176273663,58.92428268169086,0,0,0,0,0,0
85.9582989499931,2082.10107421875,-4844.85009765625,324.3963317871094,58.92428268169086,0.0,0.0,0.0003266191242801142,8,2,2,17,9,3,3,5,2,9,2,2,3,1,0,2082.1011295771623,-4844.850193940388,58.92428268169086,0,0,0,0,0,0
86.08329889999308,2082.10107421875,-4844.85009765625,324.3963317871094,58.92427505945521,0.0,0.0,0.0007952144187584054,8,2,2,17,9,3,3,5,2,9,2,2,3,1,0,2082.101147280366,-4844.8502070301965,58.92427505945521,0,0,0,0,0,0
86.24996549999307,2082.10107421875,-4844.85009765625,324.3963623046875,58.92424573417182,0.0,0.0,0.0002272032816108549,8,2,2,17,9,3,3,5,2,9,2,2,3,1,0,2082.1010269710177,-4844.850207398004,58.92424573417182,0,0,0,0,0,0
86.37496544999306,2082.10107421875,-4844.85009765625,324.3963928222656,58.92426743721971,0.0,0.0,0.0006258459961827612,8,2,2,17,9,3,3,5,2,9,2,2,3,1,0,2082.1010262983787,-4844.850191915362,58.92426743721971,0,0,0,0,0,0
86.49996539999304,2082.10107421875,-4844.85009765625,324.3963928222656,58.924285610323096,0.0,0.0,0.00041974158193625044,8,2,2,17,9,3,3,5,2,9,2,2,3,1,0,2082.1010435487688,-4844.850161041704,58.924285610323096,0,0,0,0,0,0
86.54163204999304,2082.10107421875,-4844.85009765625,324.3963928222656,58.924285610323096,0.0,0.0,0.0004591560809785733,8,2,2,17,9,3,3,5,2,9,2,2,3,1,0,2082.101062415176,-4844.850162876282,58.924285610323096,0,0,0,0,0,0
86.66663199999303,2082.10107421875,-4844.85009765625,324.3963928222656,58.92427036585142,0.0,0.0,0.00012018643928968231,8,2,2,17,9,3,3,5,2,9,2,2,3,1,0,2082.1010803667823,-4844.850152660293,58.92427036585142,0,0,0,0,0,0
86.79163194999302,2082.10107421875,-4844.85009765625,324.3963928222656,58.92424573417182,0.0,0.0,0.00023392362891172525,8,2,2,17,9,3,3,5,2,9,2,2,3,1,0,2082.1010540242414,-4844.850146558251,58.92424573417182,0,0,0,0,0,0
86.958298549993,2082.10107421875,-4844.85009765625,324.3963623046875,58.924258050011744,0.0,0.0,8.38860728435975e-05,8,2,2,17,9,3,3,5,2,9,2,2,3,1,0,2082.101089206347,-4844.850155088493,58.924258050011744,0,0,0,0,0,0
87.08329849999299,2082.10107421875,-4844.85009765625,324.3963317871094,58.92427329448331,0.0,0.0,0.00036677847674582154,8,2,2,17,9,3,3,5,2,9,2,2,3,1,0,2082.101132696767,-4844.850165537182,58.92427329448331,0,0,0,0,0,0
87.20829844999298,2082.10107421875,-4844.85009765625,324.3963317871094,58.92428268169086,0.0,0.0,0.00048597066779620945,8,2,2,17,9,3,3,5,2,9,2,2,3,1,0,2082.101170692811,-4844.850173526581,58.92428268169086,0,0,0,0,0,0
87.33329839999297,2082.10107421875,-4844.85009765625,324.3963623046875,58.92427329448331,0.0,0.0,0.0004849459401157219,8,2,2,17,9,3,3,5,2,9,2,2,3,1,0,2082.101148583046,-4844.850172354002,58.92427329448331,0,0,0,0,0,0
87.37496504999297,2082.10107421875,-4844.85009765625,324.3963623046875,58.92426743721971,0.0,0.0,0.000156535611495201,8,2,2,17,9,3,3,5,2,9,2,2,3,1,0,2082.101139955559,-4844.850177379517,58.92426743721971,0,0,0,0,0,0
87.49996499999295,2082.10107421875,-4844.85009765625,324.3963623046875,58.92427505945521,0.0,0.0,0.00021945713797322242,8,2,2,17,9,3,3,5,2,9,2,2,3,1,0,2082.101152788772,-4844.85019100341,58.92427505945521,0,0,0,0,0,0
87.62496494999294,2082.10107421875,-4844.85009765625,324.3963623046875,58.92427798808719,0.0,0.0,0.00021490002382051898,8,2,2,17,9,3,3,5,2,9,2,2,3,1,0,2082.101179342263,-4844.850205665559,58.92427798808719,0,0,0,0,0,0
87.79163154999293,2082.10107421875,-4844.85009765625,324.3963623046875,58.92425512138038,0.0,0.0,0.00037439001516759163,8,2,2,17,9,3,3,5,2,9,2,2,3,1,0,2082.1011344471126,-4844.850197812393,58.92425512138038,0,0,0,0,0,0
87.91663149999292,2082.10107421875,-4844.85009765625,324.3963623046875,58.92426567224745,0.0,0.0,0.00025935974008461926,8,2,2,17,9,3,3,5,2,9,2,2,3,1,0,2082.101169873703,-4844.850195802667,58.92426567224745,0,0,0,0,0,0
88.0416314499929,2082.10107421875,-4844.85009765625,324.3963623046875,58.92428268169086,0.0,0.0,0.00016180199509108206,8,2,2,17,9,3,3,5,2,9,2,2,3,1,0,2082.1011827711854,-4844.850164588675,58.92428268169086,0,0,0,0,0,0
88.1666313999929,2082.101318359375,-4844.85009765625,324.3963623046875,58.92429030392667,0.0,0.0,0.00013937470839664456,8,2,2,17,9,3,3,5,2,9,2,2,3,1,0,2082.1011991155788,-4844.85016229476,58.92429030392667,0,0,0,0,0,0
88.20829804999289,2082.101318359375,-4844.85009765625,324.3963623046875,58.92429030392667,0.0,0.0,0.00023460002012143377,8,2,2,17,9,3,3,5,2,9,2,2,3,1,0,2082.101206516338,-4844.850166182243,58.92429030392667,0,0,0,0,0,0
88.37496464999288,2082.101318359375,-4844.85009765625,324.3963623046875,58.92428737529435,0.0,0.0,7.699881621192617e-05,8,2,2,17,9,3,3,5,2,9,2,2,3,1,0,2082.1012359333013,-4844.850183328697,58.92428737529435,0,0,0,0,0,0
88.54163124999286,2082.101318359375,-4844.85009765625,324.3963317871094,58.92427505945521,0.0,0.0,0.000346784167959413,8,2,2,17,9,3,3,5,2,9,2,2,3,1,0,2082.1012902911184,-4844.850234180108,58.92427505945521,0,0,0,0,0,0
88.66663119999285,2082.101318359375,-4844.85009765625,324.3963317871094,58.924258050011744,0.0,0.0,0.00025673809886939125,8,2,2,17,9,3,3,5,2,9,2,2,3,1,0,2082.101245649658,-4844.850222674904,58.924258050011744,0,0,0,0,0,0
88.79163114999284,2082.101318359375,-4844.85009765625,324.3963317871094,58.92425512138038,0.0,0.0,0.0009182238500216044,8,2,2,17,9,3,3,5,2,9,2,2,3,1,0,2082.1012025024575,-4844.85019630957,58.92425512138038,0,0,0,0,0,0
88.91663109999283,2082.10107421875,-4844.85009765625,324.3963317871094,58.924258050011744,0.0,0.0,6.182962124512414e-05,8,2,2,17,9,3,3,5,2,9,2,2,3,1,0,2082.101182357284,-4844.850202182863,58.924258050011744,0,0,0,0,0,0
89.04163104999282,2082.10107421875,-4844.85009765625,324.3963623046875,58.92426274361581,0.0,0.0,0.00045067818064126186,8,2,2,17,9,3,3,5,2,9,2,2,3,1,0,2082.101168357631,-4844.8501892306585,58.92426274361581,0,0,0,0,0,0
89.2082976499928,2082.101318359375,-4844.85009765625,324.3963928222656,58.92427798808719,0.0,0.0,0.00030915825846022926,8,2,2,17,9,3,3,5,2,9,2,2,3,1,0,2082.1012126476635,-4844.850152430985,58.92427798808719,0,0,0,0,0,0
89.33329759999279,2082.10107421875,-4844.85009765625,324.3963928222656,58.92424280554081,0.0,0.0,0.000206188428819587,8,2,2,17,9,3,3,5,2,9,2,2,3,1,0,2082.1011080390876,-4844.850118418944,58.92424280554081,0,0,0,0,0,0
89.45829754999278,2082.10107421875,-4844.85009765625,324.3963928222656,58.92425335640747,0.0,0.0,4.4210642613506934e-05,8,2,2,17,9,3,3,5,2,9,2,2,3,1,0,2082.1011275185588,-4844.850133391375,58.92425335640747,0,0,0,0,0,0
89.58329749999277,2082.10107421875,-4844.85009765625,324.3963623046875,58.92426567224745,0.0,0.0,0.00010737593356680009,8,2,2,17,9,3,3,5,2,9,2,2,3,1,0,2082.101163998645,-4844.8501466120615,58.92426567224745,0,0,0,0,0,0
89.66663079999276,2082.10107421875,-4844.85009765625,324.3963317871094,58.92427505945521,0.0,0.0,0.00030522301130986307,8,2,2,17,9,3,3,5,2,9,2,2,3,1,0,2082.1011860342655,-4844.8501514604495,58.92427505945521,0,0,0,0,0,0
89.83329739999274,2082.101318359375,-4844.85009765625,324.3963317871094,58.92428268169086,0.0,0.0,0.00024570224468334345,8,2,2,17,9,3,3,5,2,9,2,2,3,1,0,2082.101245933028,-4844.850184584275,58.92428268169086,0,0,0,0,0,0
89.91663069999274,2082.101318359375,-4844.85009765625,324.3963317871094,58.92428737529435,0.0,0.0,0.00036285878195485566,8,2,2,17,9,3,3,5,2,9,2,2,3,1,0,2082.101259803311,-4844.85018936778,58.92428737529435,0,0,0,0,0,0
90.04163064999273,2082.101318359375,-4844.85009765625,324.3963317871094,58.92428737529435,0.0,0.0,0.0003298772298876429,8,2,2,17,9,3,3,5,2,9,2,2,3,1,0,2082.1012757062335,-4844.850212153543,58.92428737529435,0,0,0,0,0,0
90.16663059999271,2082.101318359375,-4844.85009765625,324.3963317871094,58.92428737529435,0.0,0.0,0.00012464787459975923,8,2,2,17,9,3,3,5,2,9,2,2,3,1,0,2082.1012901185,-4844.8502373890915,58.92428737529435,0,0,0,0,0,0
90.2916305499927,2082.10107421875,-4844.85009765625,324.3963317871094,58.92427036585142,0.0,0.0,0.0005021328433940653,8,2,2,17,9,3,3,5,2,9,2,2,3,1,0,2082.1011898292377,-4844.850204103621,58.92427036585142,0,0,0,0,0,0
90.41663049999269,2082.10107421875,-4844.85009765625,324.3963623046875,58.92426743721971,0.0,0.0,0.00033953167530853534,8,2,2,17,9,3,3,5,2,9,2,2,3,1,0,2082.1011852637935,-4844.850224733146,58.92426743721971,0,0,0,0,0,0
90.58329709999268,2082.10107421875,-4844.85009765625,324.3963928222656,58.92426274361581,0.0,0.0,0.0002315442088729469,8,2,2,17,9,3,3,5,2,9,2,2,3,1,0,2082.101110388816,-4844.850192595834,58.92426274361581,0,0,0,0,0,0
90.70829704999267,2082.10107421875,-4844.85009765625,324.3963928222656,58.92427329448331,0.0,0.0,0.0003143530648230808,8,2,2,17,9,3,3,5,2,9,2,2,3,1,0,2082.10114962233,-4844.85017913943,58.92427329448331,0,0,0,0,0,0
90.83329699999265,2082.10107421875,-4844.85009765625,324.3963623046875,58.92426274361581,0.0,0.0,0.0004206152425467735,8,2,2,17,9,3,3,5,2,9,2,2,3,1,0,2082.101123540684,-4844.8501468878885,58.92426274361581,0,0,0,0,0,0
90.95829694999264,2082.10107421875,-4844.85009765625,324.3963623046875,58.92426274361581,0.0,0.0,0.0003165608177368995,8,2,2,17,9,3,3,5,2,9,2,2,3,1,0,2082.101194905479,-4844.850172801903,58.92426274361581,0,0,0,0,0,0
91.08329689999263,2082.101318359375,-4844.85009765625,324.3963317871094,58.92426567224745,0.0,0.0,0.00025368765363964485,8,2,2,17,9,3,3,5,2,9,2,2,3,1,0,2082.101214675775,-4844.850169208533,58.92426567224745,0,0,0,0,0,0
91.20829684999262,2082.101318359375,-4844.85009765625,324.3963317871094,58.92427036585142,0.0,0.0,6.384698281181045e-05,8,2,2,17,9,3,3,5,2,9,2,2,3,1,0,2082.101261986961,-4844.850189118552,58.92427036585142,0,0,0,0,0,0
91.3749634499926,2082.101318359375,-4844.85009765625,324.3963317871094,58.9242797530588,0.0,0.0,7.102601671249431e-05,8,2,2,17,9,3,3,5,2,9,2,2,3,1,0,2082.1013000099747,-4844.850195881945,58.9242797530588,0,0,0,0,0,0
91.4999633999926,2082.101318359375,-4844.85009765625,324.3963317871094,58.92428737529435,0.0,0.0,1.6628068522095418e-05,8,2,2,17,9,3,3,5,2,9,2,2,3,1,0,2082.1013059231723,-4844.850194639823,58.92428737529435,0,0,0,0,0,0
91.54163004999259,2082.101318359375,-4844.85009765625,324.3963317871094,58.92428268169086,0.0,0.0,0.002192861938965507,8,2,2,17,9,3,3,5,2,9,2,2,3,1,0,2082.1012781857576,-4844.850182059575,58.92428268169086,0,0,0,0,0,0
91.70829664999258,2082.101318359375,-4844.85009765625,324.3963623046875,58.92427329448331,0.0,0.0,0.00021406819996627746,8,2,2,17,9,3,3,5,2,9,2,2,3,1,0,2082.1012092348165,-4844.850192672485,58.92427329448331,0,0,0,0,0,0
91.87496324999256,2082.101318359375,-4844.85009765625,324.3963928222656,58.92427329448331,0.0,0.0,0.0001616185386410507,8,2,2,17,9,3,3,5,2,9,2,2,3,1,0,2082.1011979943423,-4844.85020030188,58.92427329448331,0,0,0,0,0,0
91.99996319999255,2082.101318359375,-4844.85009765625,324.3963623046875,58.924285610323096,0.0,0.0,0.00015989751318556955,8,2,2,17,9,3,3,5,2,9,2,2,3,1,0,2082.10122209561,-4844.850178254004,58.924285610323096,0,0,0,0,0,0
92.16662979999253,2082.101318359375,-4844.85009765625,324.3963317871094,58.92429030392667,0.0,0.0,0.0001108292849494319,8,2,2,17,9,3,3,5,2,9,2,2,3,1,0,2082.1012580877023,-4844.850173277967,58.92429030392667,0,0,0,0,0,0
92.33329639999252,2082.10107421875,-4844.85009765625,324.3963623046875,58.92427505945521,0.0,0.0,0.00027113208034279523,8,2,2,17,9,3,3,5,2,9,2,2,3,1,0,2082.1011893334617,-4844.850173280733,58.92427505945521,0,0,0,0,0,0
92.41662969999251,2082.10107421875,-4844.85009765625,324.3963623046875,58.92427505945521,0.0,0.0,0.00022439444364863448,8,2,2,17,9,3,3,5,2,9,2,2,3,1,0,2082.1011941590646,-4844.850202058988,58.92427505945521,0,0,0,0,0,0
92.5832962999925,2082.101318359375,-4844.85009765625,324.3963623046875,58.92427798808719,0.0,0.0,0.0003281394128862303,8,2,2,17,9,3,3,5,2,9,2,2,3,1,0,2082.101215941104,-4844.850235220858,58.92427798808719,0,0,0,0,0,0
92.70829624999249,2082.101318359375,-4844.85009765625,324.3963317871094,58.924285610323096,0.0,0.0,0.00022564809114555828,8,2,2,17,9,3,3,5,2,9,2,2,3,1,0,2082.101249097773,-4844.850226748555,58.924285610323096,0,0,0,0,0,0
92.74996289999248,2082.101318359375,-4844.85009765625,324.3963317871094,58.92428737529435,0.0,0.0,0.00023567920379718998,8,2,2,17,9,3,3,5,2,9,2,2,3,1,0,2082.101258658907,-4844.85021686049,58.92428737529435,0,0,0,0,0,0
92.91662949999247,2082.10107421875,-4844.85009765625,324.3963623046875,58.92426274361581,0.0,0.0,0.00010013771998274024,8,2,2,17,9,3,3,5,2,9,2,2,3,1,0,2082.101191924825,-4844.850198200663,58.92426274361581,0,0,0,0,0,0
93.08329609999245,2082.101318359375,-4844.85009765625,324.3963623046875,58.92427036585142,0.0,0.0,0.00016591143321420532,8,2,2,17,9,3,3,5,2,9,2,2,3,1,0,2082.101222833058,-4844.850213281637,58.92427036585142,0,0,0,0,0,0
93.20829604999244,2082.10107421875,-4844.85009765625,324.3963623046875,58.92424280554081,0.0,0.0,0.00022036947484593838,8,2,2,17,9,3,3,5,2,9,2,2,3,1,0,2082.101114807762,-4844.85017848082,58.92424280554081,0,0,0,0,0,0
93.37496264999243,2082.10107421875,-4844.85009765625,324.39642333984375,58.92422286746582,0.0,0.0,0.00036673322938440833,8,2,2,17,9,3,3,5,2,9,2,2,3,1,0,2082.100996430487,-4844.8501425774275,58.92422286746582,0,0,0,0,0,0
93.49996259999241,2082.10107421875,-4844.85009765625,324.3963928222656,58.92424573417182,0.0,0.0,0.0003099128434769227,8,2,2,17,9,3,3,5,2,9,2,2,3,1,0,2082.101032918395,-4844.850128448816,58.92424573417182,0,0,0,0,0,0
93.6666291999924,2082.10107421875,-4844.85009765625,324.3963623046875,58.92426567224745,0.0,0.0,0.0006533889063575771,8,2,2,17,9,3,3,5,2,9,2,2,3,1,0,2082.1011281567717,-4844.850118558468,58.92426567224745,0,0,0,0,0,0
93.83329579999238,2082.10107421875,-4844.85009765625,324.3963928222656,58.924238111936326,0.0,0.0,0.00026980749225913314,8,2,2,17,9,3,3,5,2,9,2,2,3,1,0,2082.1010117257583,-4844.850082473536,58.924238111936326,0,0,0,0,0,0
93.95829574999237,2082.10107421875,-4844.85009765625,324.3963928222656,58.924250427776194,0.0,0.0,0.0004170502506894991,8,2,2,17,9,3,3,5,2,9,2,2,3,1,0,2082.101056597876,-4844.850139810361,58.924250427776194,0,0,0,0,0,0
94.04162904999237,2082.10107421875,-4844.85009765625,324.3963928222656,58.92424280554081,0.0,0.0,0.00019939866433560383,8,2,2,17,9,3,3,5,2,9,2,2,3,1,0,2082.100989389136,-4844.850136344786,58.92424280554081,0,0,0,0,0,0
94.20829564999235,2082.10107421875,-4844.85009765625,324.3963623046875,58.92426567224745,0.0,0.0,0.0006426885192922782,8,2,2,17,9,3,3,5,2,9,2,2,3,1,0,2082.1010505859063,-4844.850164669922,58.92426567224745,0,0,0,0,0,0
94.37496224999234,2082.10107421875,-4844.85009765625,324.3963623046875,58.92427505945521,0.0,0.0,0.0015363541024271399,8,2,2,17,9,3,3,5,2,9,2,2,3,1,0,2082.101059478371,-4844.850151315857,58.92427505945521,0,0,0,0,0,0
94.49996219999232,2082.10107421875,-4844.85009765625,324.3963928222656,58.92426567224745,0.0,0.0,0.0003634120730566792,8,2,2,17,9,3,3,5,2,9,2,2,3,1,0,2082.1009992042286,-4844.850150950575,58.92426567224745,0,0,0,0,0,0
94.66662879999231,2082.10107421875,-4844.85009765625,324.3963928222656,58.92427798808719,0.0,0.0,0.00032435743833048036,8,2,2,17,9,3,3,5,2,9,2,2,3,1,0,2082.1010390621063,-4844.850181474539,58.92427798808719,0,0,0,0,0,0
94.8332953999923,2082.10107421875,-4844.85009765625,324.3963623046875,58.92427798808719,0.0,0.0,0.00026670247734728036,8,2,2,17,9,3,3,5,2,9,2,2,3,1,0,2082.101037974599,-4844.85016278867,58.92427798808719,0,0,0,0,0,0
94.91662869999229,2082.10107421875,-4844.85009765625,324.3963928222656,58.92427329448331,0.0,0.0,0.000311394251184538,8,2,2,17,9,3,3,5,2,9,2,2,3,1,0,2082.1010533549625,-4844.850171293805,58.92427329448331,0,0,0,0,0,0
95.08329529999227,2082.10107421875,-4844.85009765625,324.3963623046875,58.92426567224745,0.0,0.0,0.0002176393536501564,8,2,2,17,9,3,3,5,2,9,2,2,3,1,0,2082.1010356875236,-4844.850172440045,58.92426567224745,0,0,0,0,0,0
95.24996189999226,2082.10107421875,-4844.85009765625,324.3963623046875,58.92427798808719,0.0,0.0,0.0003102830078205443,8,2,2,17,9,3,3,5,2,9,2,2,3,1,0,2082.101065651415,-4844.850189774863,58.92427798808719,0,0,0,0,0,0
95.41662849999224,2082.10107421875,-4844.85009765625,324.3963623046875,58.924285610323096,0.0,0.0,0.0003659598860394908,8,2,2,17,9,3,3,5,2,9,2,2,3,1,0,2082.1010873838804,-4844.850172381772,58.924285610323096,0,0,0,0,0,0
95.54162844999223,2082.10107421875,-4844.85009765625,324.3963623046875,58.92429030392667,0.0,0.0,0.00033081778383348137,8,2,2,17,9,3,3,5,2,9,2,2,3,1,0,2082.1011240125617,-4844.8501811933065,58.92429030392667,0,0,0,0,0,0
95.66662839999222,2082.10107421875,-4844.85009765625,324.3963623046875,58.924285610323096,0.0,0.0,0.00016497721162522794,8,2,2,17,9,3,3,5,2,9,2,2,3,1,0,2082.101180207715,-4844.850207668954,58.924285610323096,0,0,0,0,0,0
95.70829504999222,2082.10107421875,-4844.85009765625,324.3963623046875,58.92427505945521,0.0,0.0,0.000348725302501407,8,2,2,17,9,3,3,5,2,9,2,2,3,1,0,2082.101145552084,-4844.850193711707,58.92427505945521,0,0,0,0,0,0
95.8332949999922,2082.10107421875,-4844.85009765625,324.3963623046875,58.92425335640747,0.0,0.0,0.0002755007244559238,8,2,2,17,9,3,3,5,2,9,2,2,3,1,0,2082.1010653775875,-4844.850183755938,58.92425335640747,0,0,0,0,0,0
95.9582949499922,2082.10107421875,-4844.85009765625,324.3963623046875,58.92426274361581,0.0,0.0,5.4016589956518146e-05,8,2,2,17,9,3,3,5,2,9,2,2,3,1,0,2082.1010927505695,-4844.850199904363,58.92426274361581,0,0,0,0,0,0
96.12496154999218,2082.10107421875,-4844.85009765625,324.3963623046875,58.92427036585142,0.0,0.0,0.0005091086222819285,8,2,2,17,9,3,3,5,2,9,2,2,3,1,0,2082.101161814194,-4844.850207239597,58.92427036585142,0,0,0,0,0,0
96.29162814999216,2082.101318359375,-4844.85009765625,324.3963623046875,58.92427798808719,0.0,0.0,0.00023419352146447636,8,2,2,17,9,3,3,5,2,9,2,2,3,1,0,2082.101224225806,-4844.850178866798,58.92427798808719,0,0,0,0,0,0
96.37496144999216,2082.101318359375,-4844.85009765625,324.3963317871094,58.92427798808719,0.0,0.0,0.0001923816171256476,8,2,2,17,9,3,3,5,2,9,2,2,3,1,0,2082.101243144477,-4844.850176588921,58.92427798808719,0,0,0,0,0,0
96.49996139999215,2082.101318359375,-4844.85009765625,324.3963317871094,58.92428268169086,0.0,0.0,5.554757080972195e-05,8,2,2,17,9,3,3,5,2,9,2,2,3,1,0,2082.10126629366,-4844.8501733150815,58.92428268169086,0,0,0,0,0,0
96.58329469999214,2082.101318359375,-4844.85009765625,324.3963317871094,58.92429030392667,0.0,0.0,3.128530750018399e-05,8,2,2,17,9,3,3,5,2,9,2,2,3,1,0,2082.101267660076,-4844.850170795941,58.92429030392667,0,0,0,0,0,0
96.74996129999212,2082.10107421875,-4844.85009765625,324.3963623046875,58.92427036585142,0.0,0.0,0.00017842178294813493,8,2,2,17,9,3,3,5,2,9,2,2,3,1,0,2082.101195126663,-4844.850190787752,58.92427036585142,0,0,0,0,0,0
96.91662789999211,2082.10107421875,-4844.85009765625,324.3963928222656,58.924258050011744,0.0,0.0,0.00023731965939077782,8,2,2,17,9,3,3,5,2,9,2,2,3,1,0,2082.1011289136213,-4844.850186502473,58.924258050011744,0,0,0,0,0,0
97.0416278499921,2082.10107421875,-4844.85009765625,324.3963623046875,58.92427036585142,0.0,0.0,9.09352252165263e-05,8,2,2,17,9,3,3,5,2,9,2,2,3,1,0,2082.10115407073,-4844.8501941262775,58.92427036585142,0,0,0,0,0,0
97.16662779999209,2082.10107421875,-4844.85009765625,324.3963623046875,58.92425335640747,0.0,0.0,0.00020100221718166722,8,2,2,17,9,3,3,5,2,9,2,2,3,1,0,2082.1011055206204,-4844.850169128664,58.92425335640747,0,0,0,0,0,0
97.29162774999207,2082.10107421875,-4844.85009765625,324.3963623046875,58.924258050011744,0.0,0.0,0.00015437457250300213,8,2,2,17,9,3,3,5,2,9,2,2,3,1,0,2082.101134024556,-4844.85018598904,58.924258050011744,0,0,0,0,0,0
97.37496104999207,2082.10107421875,-4844.85009765625,324.3963623046875,58.92426743721971,0.0,0.0,0.0003787894002016401,8,2,2,17,9,3,3,5,2,9,2,2,3,1,0,2082.101161597833,-4844.850178434978,58.92426743721971,0,0,0,0,0,0
97.54162764999205,2082.10107421875,-4844.85009765625,324.3963623046875,58.92427798808719,0.0,0.0,6.349778800540662e-05,8,2,2,17,9,3,3,5,2,9,2,2,3,1,0,2082.1011785410415,-4844.850157240819,58.92427798808719,0,0,0,0,0,0
97.70829424999204,2082.10107421875,-4844.85009765625,324.3963623046875,58.92426567224745,0.0,0.0,0.000374039314010588,8,2,2,17,9,3,3,5,2,9,2,2,3,1,0,2082.1011453411584,-4844.850152697445,58.92426567224745,0,0,0,0,0,0
97.83329419999203,2082.10107421875,-4844.85009765625,324.3963928222656,58.92426567224745,0.0,0.0,4.203228343158116e-05,8,2,2,17,9,3,3,5,2,9,2,2,3,1,0,2082.1011586058003,-4844.850181515208,58.92426567224745,0,0,0,0,0,0
97.95829414999201,2082.10107421875,-4844.85009765625,324.3963623046875,58.92427505945521,0.0,0.0,4.754124063310883e-05,8,2,2,17,9,3,3,5,2,9,2,2,3,1,0,2082.1011808207886,-4844.850182243263,58.92427505945521,0,0,0,0,0,0
98.124960749992,2082.101318359375,-4844.85009765625,324.3963317871094,58.924285610323096,0.0,0.0,0.0002532616008465993,8,2,2,17,9,3,3,5,2,9,2,2,3,1,0,2082.101215276638,-4844.850185664717,58.924285610323096,0,0,0,0,0,0
98.20829404999199,2082.10107421875,-4844.85009765625,324.3963623046875,58.92427329448331,0.0,0.0,0.00015147535350479302,8,2,2,17,9,3,3,5,2,9,2,2,3,1,0,2082.101149313755,-4844.850165515355,58.92427329448331,0,0,0,0,0,0
98.37496064999198,2082.100830078125,-4844.85009765625,324.3963928222656,58.92422579609621,0.0,0.0,0.0007336812359426403,8,2,2,17,9,3,3,5,2,9,2,2,3,1,0,2082.1009171424453,-4844.850131667029,58.92422579609621,0,0,0,0,0,0
98.54162724999196,2082.100830078125,-4844.85009765625,324.39642333984375,58.924238111936326,0.0,0.0,0.00020510140075202798,8,2,2,17,9,3,3,5,2,9,2,2,3,1,0,2082.1009310847676,-4844.850200543962,58.924238111936326,0,0,0,0,0,0
98.70829384999195,2082.100830078125,-4844.85009765625,324.3963928222656,58.924238111936326,0.0,0.0,0.0007889556400186848,8,2,2,17,9,3,3,5,2,9,2,2,3,1,0,2082.100927899844,-4844.850164137864,58.924238111936326,0,0,0,0,0,0
98.87496044999193,2082.10107421875,-4844.85009765625,324.3963623046875,58.92426567224745,0.0,0.0,0.0005380234597396338,8,2,2,17,9,3,3,5,2,9,2,2,3,1,0,2082.1010661540486,-4844.850130636959,58.92426567224745,0,0,0,0,0,0
99.04162704999192,2082.10107421875,-4844.85009765625,324.3963317871094,58.92428268169086,0.0,0.0,0.00047977600843296386,8,2,2,17,9,3,3,5,2,9,2,2,3,1,0,2082.101165194619,-4844.850120046464,58.92428268169086,0,0,0,0,0,0
99.2082936499919,2082.10107421875,-4844.85009765625,324.3963623046875,58.92424104056725,0.0,0.0,0.0005739983862440567,8,2,2,17,9,3,3,5,2,9,2,2,3,1,0,2082.1010875557126,-4844.850143436176,58.92424104056725,0,0,0,0,0,0
99.37496024999189,2082.10107421875,-4844.85009765625,324.3963928222656,58.92425512138038,0.0,0.0,9.941613825503737e-05,8,2,2,17,9,3,3,5,2,9,2,2,3,1,0,2082.101099712178,-4844.850191457704,58.92425512138038,0,0,0,0,0,0
99.54162684999187,2082.10107421875,-4844.85009765625,324.3963623046875,58.92427329448331,0.0,0.0,0.00031273580134438816,8,2,2,17,9,3,3,5,2,9,2,2,3,1,0,2082.1011475584023,-4844.8501929515505,58.92427329448331,0,0,0,0,0,0
99.70829344999186,2082.101318359375,-4844.85009765625,324.3963317871094,58.92427798808719,0.0,0.0,0.0005040540600020904,8,2,2,17,9,3,3,5,2,9,2,2,3,1,0,2082.101240106556,-4844.850196180612,58.92427798808719,0,0,0,0,0,0
99.83329339999185,2082.101318359375,-4844.85009765625,324.3963317871094,58.92427505945521,0.0,0.0,0.0005368070105760125,8,2,2,17,9,3,3,5,2,9,2,2,3,1,0,2082.101260214795,-4844.850182701536,58.92427505945521,0,0,0,0,0,0
99.87496004999184,2082.101318359375,-4844.85009765625,324.3963317871094,58.92427036585142,0.0,0.0,4.666731854285899e-05,8,2,2,17,9,3,3,5,2,9,2,2,3,1,0,2082.1012540771353,-4844.850179778134,58.92427036585142,0,0,0,0,0,0
100.04162664999183,2082.101318359375,-4844.85009765625,324.3963317871094,58.92428268169086,0.0,0.0,0.00012792636425729143,8,2,2,17,9,3,3,5,2,9,2,2,3,1,0,2082.1012504587684,-4844.850172765316,58.92428268169086,0,0,0,0,0,0
100.16662659999182,2082.101318359375,-4844.85009765625,324.3963623046875,58.92428268169086,0.0,0.0,2.4013846200432454e-05,8,2,2,17,9,3,3,5,2,9,2,2,3,1,0,2082.101254021971,-4844.850188797327,58.92428268169086,0,0,0,0,0,0
100.24995989999181,2082.101318359375,-4844.85009765625,324.3963623046875,58.92427798808719,0.0,0.0,0.00015787267102496116,8,2,2,17,9,3,3,5,2,9,2,2,3,1,0,2082.1012444129615,-4844.85019383202,58.92427798808719,0,0,0,0,0,0
100.3749598499918,2082.101318359375,-4844.85009765625,324.3963623046875,58.92428268169086,0.0,0.0,0.0001936874241437181,8,2,2,17,9,3,3,5,2,9,2,2,3,1,0,2082.101257853121,-4844.850195704786,58.92428268169086,0,0,0,0,0,0
100.49995979999179,2082.101318359375,-4844.85009765625,324.3963623046875,58.92428737529435,0.0,0.0,0.00014014528915140545,8,2,2,17,9,3,3,5,2,9,2,2,3,1,0,2082.101278900854,-4844.8501911864605,58.92428737529435,0,0,0,0,0,0
100.62495974999177,2082.101318359375,-4844.85009765625,324.3963317871094,58.92429030392667,0.0,0.0,6.955244771233993e-05,8,2,2,17,9,3,3,5,2,9,2,2,3,1,0,2082.101291591855,-4844.850192203803,58.92429030392667,0,0,0,0,0,0
100.70829304999177,2082.101318359375,-4844.85009765625,324.3963317871094,58.924294997530055,0.0,0.0,5.582238031820452e-05,8,2,2,17,9,3,3,5,2,9,2,2,3,1,0,2082.101291473682,-4844.850194227191,58.924294997530055,0,0,0,0,0,0
100.83329299999176,2082.101318359375,-4844.85009765625,324.3963317871094,58.92429030392667,0.0,0.0,0.00020359022983029718,8,2,2,17,9,3,3,5,2,9,2,2,3,1,0,2082.101299028556,-4844.850215895121,58.92429030392667,0,0,0,0,0,0
100.95829294999174,2082.101318359375,-4844.85009765625,324.3963317871094,58.92429323255919,0.0,0.0,0.00018945553392768488,8,2,2,17,9,3,3,5,2,9,2,2,3,1,0,2082.1013002106024,-4844.8502279641625,58.92429323255919,0,0,0,0,0,0
101.08329289999173,2082.101318359375,-4844.85009765625,324.3963623046875,58.92429792616266,0.0,0.0,5.313901283443556e-05,8,2,2,17,9,3,3,5,2,9,2,2,3,1,0,2082.101291536535,-4844.850213531171,58.92429792616266,0,0,0,0,0,0
101.24995949999172,2082.101318359375,-4844.85009765625,324.3963623046875,58.92428268169086,0.0,0.0,0.0007941838703118265,8,2,2,17,9,3,3,5,2,9,2,2,3,1,0,2082.1012257238126,-4844.8502014836995,58.92428268169086,0,0,0,0,0,0
101.3749594499917,2082.10107421875,-4844.85009765625,324.3963928222656,58.924250427776194,0.0,0.0,0.00020209602098475443,8,2,2,17,9,3,3,5,2,9,2,2,3,1,0,2082.1011481142596,-4844.850231960215,58.924250427776194,0,0,0,0,0,0
101.54162604999169,2082.10107421875,-4844.85009765625,324.3963928222656,58.92424280554081,0.0,0.0,0.0004114222974749282,8,2,2,17,9,3,3,5,2,9,2,2,3,1,0,2082.101065382409,-4844.85019130438,58.92424280554081,0,0,0,0,0,0
101.70829264999168,2082.10107421875,-4844.85009765625,324.3963623046875,58.92425335640747,0.0,0.0,0.0004253336101101013,8,2,2,17,9,3,3,5,2,9,2,2,3,1,0,2082.1010412974842,-4844.85013890463,58.92425335640747,0,0,0,0,0,0
101.83329259999167,2082.10107421875,-4844.85009765625,324.3963928222656,58.924258050011744,0.0,0.0,0.0002843181164280395,8,2,2,17,9,3,3,5,2,9,2,2,3,1,0,2082.1010692145546,-4844.85014023967,58.924258050011744,0,0,0,0,0,0
101.99995919999165,2082.10107421875,-4844.85009765625,324.39642333984375,58.924238111936326,0.0,0.0,0.00013799894986732397,8,2,2,17,9,3,3,5,2,9,2,2,3,1,0,2082.1009828922115,-4844.850102964051,58.924238111936326,0,0,0,0,0,0
102.16662579999164,2082.10107421875,-4844.85009765625,324.39642333984375,58.924258050011744,0.0,0.0,0.00013389488913162495,8,2,2,17,9,3,3,5,2,9,2,2,3,1,0,2082.100993986042,-4844.850106162294,58.924258050011744,0,0,0,0,0,0
102.33329239999162,2082.10107421875,-4844.85009765625,324.3963623046875,58.92427505945521,0.0,0.0,0.0007302674930542707,8,2,2,17,9,3,3,5,2,9,2,2,3,1,0,2082.101060197047,-4844.850134148475,58.92427505945521,0,0,0,0,0,0
102.41662569999161,2082.10107421875,-4844.85009765625,324.3963623046875,58.924285610323096,0.0,0.0,0.00020718448467960116,8,2,2,17,9,3,3,5,2,9,2,2,3,1,0,2082.1010940097635,-4844.8501397604305,58.924285610323096,0,0,0,0,0,0
102.5832922999916,2082.10107421875,-4844.85009765625,324.3963623046875,58.924294997530055,0.0,0.0,0.0005445366696221754,8,2,2,17,9,3,3,5,2,9,2,2,3,1,0,2082.1011497166273,-4844.850170103092,58.924294997530055,0,0,0,0,0,0
102.74995889999158,2082.10107421875,-4844.85009765625,324.3963317871094,58.92429030392667,0.0,0.0,0.00024887899598979857,8,2,2,17,9,3,3,5,2,9,2,2,3,1,0,2082.101195473166,-4844.850230862167,58.92429030392667,0,0,0,0,0,0
102.87495884999157,2082.101318359375,-4844.85009765625,324.3963317871094,58.924294997530055,0.0,0.0,0.0003496090357657522,8,2,2,17,9,3,3,5,2,9,2,2,3,1,0,2082.101224023405,-4844.850248758301,58.924294997530055,0,0,0,0,0,0
103.04162544999156,2082.101318359375,-4844.85009765625,324.3963317871094,58.924294997530055,0.0,0.0,0.00028557778932736255,8,2,2,17,9,3,3,5,2,9,2,2,3,1,0,2082.101246703634,-4844.850254420439,58.924294997530055,0,0,0,0,0,0
103.20829204999154,2082.101318359375,-4844.85009765625,324.3963317871094,58.924294997530055,0.0,0.0,0.00016971838476820267,8,2,2,17,9,3,3,5,2,9,2,2,3,1,0,2082.1012649533395,-4844.850240603101,58.924294997530055,0,0,0,0,0,0
103.37495864999153,2082.10107421875,-4844.85009765625,324.3963928222656,58.924258050011744,0.0,0.0,0.0008114458978525363,8,2,2,17,9,3,3,5,2,9,2,2,3,1,0,2082.1010783894812,-4844.850169272078,58.924258050011744,0,0,0,0,0,0
103.54162524999151,2082.10107421875,-4844.85009765625,324.3963928222656,58.924258050011744,0.0,0.0,0.0002682350668692379,8,2,2,17,9,3,3,5,2,9,2,2,3,1,0,2082.1010971043092,-4844.850197225597,58.924258050011744,0,0,0,0,0,0
103.7082918499915,2082.10107421875,-4844.85009765625,324.3963623046875,58.92427036585142,0.0,0.0,0.0008997956683742814,8,2,2,17,9,3,3,5,2,9,2,2,3,1,0,2082.1011854793524,-4844.850175428434,58.92427036585142,0,0,0,0,0,0
103.87495844999148,2082.10107421875,-4844.85009765625,324.3963317871094,58.92425335640747,0.0,0.0,0.00011911969295397284,8,2,2,17,9,3,3,5,2,9,2,2,3,1,0,2082.1011840235615,-4844.8501411002335,58.92425335640747,0,0,0,0,0,0
104.04162504999147,2082.10107421875,-4844.85009765625,324.3963317871094,58.924258050011744,0.0,0.0,0.0009654519089963287,8,2,2,17,9,3,3,5,2,9,2,2,3,1,0,2082.101132139715,-4844.8501265903315,58.924258050011744,0,0,0,0,0,0
104.20829164999145,2082.10107421875,-4844.85009765625,324.3963623046875,58.92427505945521,0.0,0.0,0.0004015436843474163,8,2,2,17,9,3,3,5,2,9,2,2,3,1,0,2082.101086483537,-4844.850143914026,58.92427505945521,0,0,0,0,0,0
104.33329159999144,2082.10107421875,-4844.85009765625,324.3963928222656,58.924285610323096,0.0,0.0,0.00015769949186505983,8,2,2,17,9,3,3,5,2,9,2,2,3,1,0,2082.1010895467575,-4844.850158032552,58.924285610323096,0,0,0,0,0,0
104.41662489999143,2082.10107421875,-4844.85009765625,324.3963928222656,58.92428268169086,0.0,0.0,0.0004988189630239503,8,2,2,17,9,3,3,5,2,9,2,2,3,1,0,2082.101121696727,-4844.850181739669,58.92428268169086,0,0,0,0,0,0
104.54162484999142,2082.10107421875,-4844.85009765625,324.3963928222656,58.92427798808719,0.0,0.0,0.0002670948333616252,8,2,2,17,9,3,3,5,2,9,2,2,3,1,0,2082.1010663124134,-4844.850150593149,58.92427798808719,0,0,0,0,0,0
104.7082914499914,2082.10107421875,-4844.85009765625,324.3963623046875,58.92428737529435,0.0,0.0,0.0003876222308463184,8,2,2,17,9,3,3,5,2,9,2,2,3,1,0,2082.1011092505164,-4844.850171287034,58.92428737529435,0,0,0,0,0,0
104.8332913999914,2082.10107421875,-4844.85009765625,324.3963317871094,58.92429030392667,0.0,0.0,0.00034600705021148315,8,2,2,17,9,3,3,5,2,9,2,2,3,1,0,2082.101130829766,-4844.850197072468,58.92429030392667,0,0,0,0,0,0
104.91662469999139,2082.10107421875,-4844.85009765625,324.3963317871094,58.92429030392667,0.0,0.0,0.00027521396077645477,8,2,2,17,9,3,3,5,2,9,2,2,3,1,0,2082.1011287768306,-4844.850202356305,58.92429030392667,0,0,0,0,0,0
105.04162464999138,2082.10107421875,-4844.85009765625,324.3963623046875,58.92426274361581,0.0,0.0,0.003494846896501258,8,2,2,17,9,3,3,5,2,9,2,2,3,1,0,2082.101011227181,-4844.850180521013,58.92426274361581,0,0,0,0,0,0
105.16662459999137,2082.100830078125,-4844.85009765625,324.39642333984375,58.92424573417182,0.0,0.0,0.0004742279998026788,8,2,2,17,9,3,3,5,2,9,2,2,3,1,0,2082.100903594657,-4844.8501941853865,58.92424573417182,0,0,0,0,0,0
105.33329119999135,2082.100830078125,-4844.85009765625,324.39642333984375,58.924258050011744,0.0,0.0,0.00039143442336353473,8,2,2,17,9,3,3,5,2,9,2,2,3,1,0,2082.1009140309347,-4844.850197085757,58.924258050011744,0,0,0,0,0,0
105.49995779999134,2082.10107421875,-4844.85009765625,324.3963928222656,58.92427798808719,0.0,0.0,0.0008730908120924141,8,2,2,17,9,3,3,5,2,9,2,2,3,1,0,2082.10103860012,-4844.850165155679,58.92427798808719,0,0,0,0,0,0
105.66662439999132,2082.10107421875,-4844.85009765625,324.3963623046875,58.92429030392667,0.0,0.0,0.0006757889423170127,8,2,2,17,9,3,3,5,2,9,2,2,3,1,0,2082.101159334953,-4844.850130809932,58.92429030392667,0,0,0,0,0,0
105.74995769999131,2082.10107421875,-4844.85009765625,324.3963623046875,58.92427036585142,0.0,0.0,0.0006210436367837247,8,2,2,17,9,3,3,5,2,9,2,2,3,1,0,2082.1011267516633,-4844.850131605087,58.92427036585142,0,0,0,0,0,0
105.9166242999913,2082.10107421875,-4844.85009765625,324.3963317871094,58.92427505945521,0.0,0.0,0.00029935274596937234,8,2,2,17,9,3,3,5,2,9,2,2,3,1,0,2082.1011649312436,-4844.850181277648,58.92427505945521,0,0,0,0,0,0
106.04162424999129,2082.10107421875,-4844.85009765625,324.3963623046875,58.924258050011744,0.0,0.0,0.0003009576175827533,8,2,2,17,9,3,3,5,2,9,2,2,3,1,0,2082.1011005910837,-4844.850183734482,58.924258050011744,0,0,0,0,0,0
106.16662419999128,2082.10107421875,-4844.85009765625,324.3963623046875,58.92425512138038,0.0,0.0,0.00019469359813228948,8,2,2,17,9,3,3,5,2,9,2,2,3,1,0,2082.1011271724865,-4844.850228586197,58.92425512138038,0,0,0,0,0,0
106.24995749999127,2082.10107421875,-4844.85009765625,324.3963623046875,58.92426567224745,0.0,0.0,0.0003626451871241443,8,2,2,17,9,3,3,5,2,9,2,2,3,1,0,2082.1011477551847,-4844.850214525918,58.92426567224745,0,0,0,0,0,0
106.41662409999125,2082.101318359375,-4844.85009765625,324.3963317871094,58.92427505945521,0.0,0.0,0.00034192212297057267,8,2,2,17,9,3,3,5,2,9,2,2,3,1,0,2082.101212242264,-4844.850196142176,58.92427505945521,0,0,0,0,0,0
106.54162404999124,2082.101318359375,-4844.85009765625,324.3963317871094,58.92427036585142,0.0,0.0,0.0005797179710498312,8,2,2,17,9,3,3,5,2,9,2,2,3,1,0,2082.101254539119,-4844.850193728819,58.92427036585142,0,0,0,0,0,0
106.70829064999123,2082.101318359375,-4844.85009765625,324.3963317871094,58.92427798808719,0.0,0.0,0.00014875586202833802,8,2,2,17,9,3,3,5,2,9,2,2,3,1,0,2082.1013048805476,-4844.8501836220985,58.92427798808719,0,0,0,0,0,0
106.83329059999122,2082.101318359375,-4844.85009765625,324.3963317871094,58.92427798808719,0.0,0.0,0.0004482147687667748,8,2,2,17,9,3,3,5,2,9,2,2,3,1,0,2082.1013340970812,-4844.850193114473,58.92427798808719,0,0,0,0,0,0
106.9582905499912,2082.101318359375,-4844.85009765625,324.3963317871094,58.924285610323096,0.0,0.0,0.00015638040622434346,8,2,2,17,9,3,3,5,2,9,2,2,3,1,0,2082.1013352252317,-4844.8501840129275,58.924285610323096,0,0,0,0,0,0
107.0832904999912,2082.101318359375,-4844.85009765625,324.3963623046875,58.92428737529435,0.0,0.0,0.00019381625406822423,8,2,2,17,9,3,3,5,2,9,2,2,3,1,0,2082.1012915629653,-4844.850166313688,58.92428737529435,0,0,0,0,0,0
107.24995709999118,2082.101318359375,-4844.85009765625,324.3963623046875,58.92428268169086,0.0,0.0,0.0002769981620076578,8,2,2,17,9,3,3,5,2,9,2,2,3,1,0,2082.101294922692,-4844.850210653053,58.92428268169086,0,0,0,0,0,0
107.37495704999117,2082.101318359375,-4844.85009765625,324.3963623046875,58.92427036585142,0.0,0.0,0.0002152218257833738,8,2,2,17,9,3,3,5,2,9,2,2,3,1,0,2082.1012312956495,-4844.850191140622,58.92427036585142,0,0,0,0,0,0
107.54162364999115,2082.10107421875,-4844.85009765625,324.3963623046875,58.92426274361581,0.0,0.0,0.000451503137810505,8,2,2,17,9,3,3,5,2,9,2,2,3,1,0,2082.101148180578,-4844.850174566716,58.92426274361581,0,0,0,0,0,0
107.70829024999114,2082.10107421875,-4844.85009765625,324.3963928222656,58.92427798808719,0.0,0.0,0.0002531594418542227,8,2,2,17,9,3,3,5,2,9,2,2,3,1,0,2082.101117582647,-4844.850175233477,58.92427798808719,0,0,0,0,0,0
107.83329019999113,2082.10107421875,-4844.85009765625,324.3963928222656,58.92428737529435,0.0,0.0,0.0004276834260963369,8,2,2,17,9,3,3,5,2,9,2,2,3,1,0,2082.1011299680918,-4844.850173282894,58.92428737529435,0,0,0,0,0,0
107.95829014999111,2082.100830078125,-4844.85009765625,324.39642333984375,58.92422579609621,0.0,0.0,0.0005421355126600247,8,2,2,17,9,3,3,5,2,9,2,2,3,1,0,2082.100945661787,-4844.850149287098,58.92422579609621,0,0,0,0,0,0
108.1249567499911,2082.100830078125,-4844.85009765625,324.39642333984375,58.92422286746582,0.0,0.0,0.00016775554740888765,8,2,2,17,9,3,3,5,2,9,2,2,3,1,0,2082.1009234913813,-4844.850176599743,58.92422286746582,0,0,0,0,0,0
108.20829004999109,2082.100830078125,-4844.85009765625,324.3963928222656,58.924238111936326,0.0,0.0,0.00031451063478016295,8,2,2,17,9,3,3,5,2,9,2,2,3,1,0,2082.10093092579,-4844.850154793175,58.924238111936326,0,0,0,0,0,0
108.33328999999108,2082.10107421875,-4844.85009765625,324.3963623046875,58.924250427776194,0.0,0.0,0.0006254268555494491,8,2,2,17,9,3,3,5,2,9,2,2,3,1,0,2082.101006449003,-4844.850158029789,58.924250427776194,0,0,0,0,0,0
108.49995659999107,2082.10107421875,-4844.85009765625,324.3963317871094,58.92426567224745,0.0,0.0,0.000933031060412759,8,2,2,17,9,3,3,5,2,9,2,2,3,1,0,2082.1011433038807,-4844.850161747977,58.92426567224745,0,0,0,0,0,0
108.62495654999105,2082.10107421875,-4844.85009765625,324.3963317871094,58.92426274361581,0.0,0.0,0.0006622296041314257,8,2,2,17,9,3,3,5,2,9,2,2,3,1,0,2082.1011721507252,-4844.85013926667,58.92426274361581,0,0,0,0,0,0
108.79162314999104,2082.10107421875,-4844.85009765625,324.3963623046875,58.92426567224745,0.0,0.0,0.00026470002012501936,8,2,2,17,9,3,3,5,2,9,2,2,3,1,0,2082.101193471304,-4844.850160391794,58.92426567224745,0,0,0,0,0,0
108.95828974999102,2082.101318359375,-4844.85009765625,324.3963623046875,58.92427798808719,0.0,0.0,0.00012086184142390266,8,2,2,17,9,3,3,5,2,9,2,2,3,1,0,2082.101203104361,-4844.8501730646985,58.92427798808719,0,0,0,0,0,0
108.99995639999102,2082.101318359375,-4844.85009765625,324.3963623046875,58.92428268169086,0.0,0.0,4.1629087377259566e-05,8,2,2,17,9,3,3,5,2,9,2,2,3,1,0,2082.1012085122366,-4844.850174994907,58.92428268169086,0,0,0,0,0,0
109.04162304999102,2082.101318359375,-4844.85009765625,324.3963623046875,58.92428268169086,0.0,0.0,5.0474767476771376e-05,8,2,2,17,9,3,3,5,2,9,2,2,3,1,0,2082.1012123649953,-4844.850174638296,58.92428268169086,0,0,0,0,0,0
109.166622999991,2082.101318359375,-4844.85009765625,324.3963623046875,58.92428268169086,0.0,0.0,0.00021954438125248998,8,2,2,17,9,3,3,5,2,9,2,2,3,1,0,2082.1012118787403,-4844.850181452751,58.92428268169086,0,0,0,0,0,0
109.208289649991,2082.101318359375,-4844.85009765625,324.3963623046875,58.92427798808719,0.0,0.0,0.0005666629022016423,8,2,2,17,9,3,3,5,2,9,2,2,3,1,0,2082.101228115457,-4844.850192885938,58.92427798808719,0,0,0,0,0,0
109.291622949991,2082.101318359375,-4844.85009765625,324.3963623046875,58.92428268169086,0.0,0.0,3.561160610843217e-05,8,2,2,17,9,3,3,5,2,9,2,2,3,1,0,2082.101241942907,-4844.850197313616,58.92428268169086,0,0,0,0,0,0
109.45828954999098,2082.101318359375,-4844.85009765625,324.3963317871094,58.92427798808719,0.0,0.0,0.0007298740911210189,8,2,2,17,9,3,3,5,2,9,2,2,3,1,0,2082.1013079340864,-4844.850235195236,58.92427798808719,0,0,0,0,0,0
109.62495614999096,2082.101318359375,-4844.85009765625,324.39630126953125,58.92428268169086,0.0,0.0,0.00014743112615178688,8,2,2,17,9,3,3,5,2,9,2,2,3,1,0,2082.101350457365,-4844.85022790755,58.92428268169086,0,0,0,0,0,0
109.79162274999095,2082.101318359375,-4844.85009765625,324.39630126953125,58.9242797530588,0.0,0.0,0.00016987468143270235,8,2,2,17,9,3,3,5,2,9,2,2,3,1,0,2082.101388759703,-4844.850240519201,58.9242797530588,0,0,0,0,0,0
109.87495604999094,2082.101318359375,-4844.85009765625,324.39630126953125,58.9242797530588,0.0,0.0,0.0001356309780931042,8,2,2,17,9,3,3,5,2,9,2,2,3,1,0,2082.1013955582134,-4844.850238424613,58.9242797530588,0,0,0,0,0,0
110.04162264999093,2082.101318359375,-4844.85009765625,324.3963317871094,58.92427505945521,0.0,0.0,0.00019413062091189204,8,2,2,17,9,3,3,5,2,9,2,2,3,1,0,2082.101375476439,-4844.850217894495,58.92427505945521,0,0,0,0,0,0
110.16662259999092,2082.101318359375,-4844.85009765625,324.3963317871094,58.92427505945521,0.0,0.0,0.00018687090914681903,8,2,2,17,9,3,3,5,2,9,2,2,3,1,0,2082.1013444122827,-4844.850185976502,58.92427505945521,0,0,0,0,0,0
110.2916225499909,2082.101318359375,-4844.85009765625,324.3963623046875,58.92427505945521,0.0,0.0,0.0002019628254856798,8,2,2,17,9,3,3,5,2,9,2,2,3,1,0,2082.1013573160303,-4844.850185242287,58.92427505945521,0,0,0,0,0,0
110.45828914999089,2082.101318359375,-4844.85009765625,324.3963317871094,58.92427505945521,0.0,0.0,0.00024139148990798276,8,2,2,17,9,3,3,5,2,9,2,2,3,1,0,2082.101387394744,-4844.850185185588,58.92427505945521,0,0,0,0,0,0
110.58328909999088,2082.101318359375,-4844.85009765625,324.3963317871094,58.92425512138038,0.0,0.0,0.00035990913147543324,8,2,2,17,9,3,3,5,2,9,2,2,3,1,0,2082.1013333792416,-4844.850174748004,58.92425512138038,0,0,0,0,0,0
110.70828904999087,2082.101318359375,-4844.85009765625,324.3963623046875,58.92424280554081,0.0,0.0,0.0002824233888532035,8,2,2,17,9,3,3,5,2,9,2,2,3,1,0,2082.1012532110867,-4844.85017455211,58.92424280554081,0,0,0,0,0,0
110.87495564999085,2082.101318359375,-4844.85009765625,324.3963317871094,58.92425512138038,0.0,0.0,7.066760758789314e-05,8,2,2,17,9,3,3,5,2,9,2,2,3,1,0,2082.1012689530426,-4844.850202907256,58.92425512138038,0,0,0,0,0,0
111.04162224999084,2082.10107421875,-4844.85009765625,324.3963623046875,58.92423518330558,0.0,0.0,0.00043994027691951487,8,2,2,17,9,3,3,5,2,9,2,2,3,1,0,2082.1011261895255,-4844.85014858546,58.92423518330558,0,0,0,0,0,0
111.20828884999082,2082.10107421875,-4844.85009765625,324.3963928222656,58.92426274361581,0.0,0.0,0.000350658501702128,8,2,2,17,9,3,3,5,2,9,2,2,3,1,0,2082.1011296067595,-4844.85013191425,58.92426274361581,0,0,0,0,0,0
111.33328879999081,2082.10107421875,-4844.85009765625,324.3963928222656,58.92427505945521,0.0,0.0,0.0004122397058381466,8,2,2,17,9,3,3,5,2,9,2,2,3,1,0,2082.1011536146807,-4844.850132136727,58.92427505945521,0,0,0,0,0,0
111.4999553999908,2082.10107421875,-4844.85009765625,324.3963623046875,58.92427798808719,0.0,0.0,0.0002359282234465354,8,2,2,17,9,3,3,5,2,9,2,2,3,1,0,2082.1011802275407,-4844.850135300076,58.92427798808719,0,0,0,0,0,0
111.54162204999079,2082.10107421875,-4844.85009765625,324.3963623046875,58.92428268169086,0.0,0.0,0.0002680505303942482,8,2,2,17,9,3,3,5,2,9,2,2,3,1,0,2082.1011814033172,-4844.850136059652,58.92428268169086,0,0,0,0,0,0
111.66662199999078,2082.10107421875,-4844.85009765625,324.3963623046875,58.92428268169086,0.0,0.0,0.00052548657549778,8,2,2,17,9,3,3,5,2,9,2,2,3,1,0,2082.1011753363264,-4844.850151185473,58.92428268169086,0,0,0,0,0,0
111.79162194999077,2082.10107421875,-4844.85009765625,324.3963623046875,58.92426567224745,0.0,0.0,0.00042578681131999474,8,2,2,17,9,3,3,5,2,9,2,2,3,1,0,2082.1011012823265,-4844.850188255888,58.92426567224745,0,0,0,0,0,0
111.91662189999076,2082.10107421875,-4844.85009765625,324.3963623046875,58.92427505945521,0.0,0.0,0.00010552945468589314,8,2,2,17,9,3,3,5,2,9,2,2,3,1,0,2082.1011143404776,-4844.850225319155,58.92427505945521,0,0,0,0,0,0
112.04162184999075,2082.10107421875,-4844.85009765625,324.3963623046875,58.92427798808719,0.0,0.0,0.0002625687784529873,8,2,2,17,9,3,3,5,2,9,2,2,3,1,0,2082.101113908574,-4844.850221597584,58.92427798808719,0,0,0,0,0,0
112.20828844999073,2082.10107421875,-4844.85009765625,324.3963623046875,58.92428268169086,0.0,0.0,0.00040907652874011546,8,2,2,17,9,3,3,5,2,9,2,2,3,1,0,2082.1011745620062,-4844.850230732545,58.92428268169086,0,0,0,0,0,0
112.33328839999072,2082.10107421875,-4844.85009765625,324.3963317871094,58.92428268169086,0.0,0.0,0.00017082278418456553,8,2,2,17,9,3,3,5,2,9,2,2,3,1,0,2082.1011891180956,-4844.8502091546125,58.92428268169086,0,0,0,0,0,0
112.41662169999071,2082.101318359375,-4844.85009765625,324.3963317871094,58.92428268169086,0.0,0.0,0.0002107528644046397,8,2,2,17,9,3,3,5,2,9,2,2,3,1,0,2082.1012134511443,-4844.85021063346,58.92428268169086,0,0,0,0,0,0
112.5416216499907,2082.101318359375,-4844.85009765625,324.3963317871094,58.92428737529435,0.0,0.0,0.00014771525229662075,8,2,2,17,9,3,3,5,2,9,2,2,3,1,0,2082.1012364344783,-4844.850197101118,58.92428737529435,0,0,0,0,0,0
112.66662159999069,2082.10107421875,-4844.85009765625,324.3963928222656,58.924258050011744,0.0,0.0,0.00043616610128083266,8,2,2,17,9,3,3,5,2,9,2,2,3,1,0,2082.101079193883,-4844.850140287308,58.924258050011744,0,0,0,0,0,0
112.79162154999068,2082.10107421875,-4844.85009765625,324.39642333984375,58.92426567224745,0.0,0.0,0.0004550474841380492,8,2,2,17,9,3,3,5,2,9,2,2,3,1,0,2082.1010657825495,-4844.850161127169,58.92426567224745,0,0,0,0,0,0
112.95828814999066,2082.10107421875,-4844.85009765625,324.3963928222656,58.92427505945521,0.0,0.0,0.0003183256694683223,8,2,2,17,9,3,3,5,2,9,2,2,3,1,0,2082.1010631946465,-4844.8501537393695,58.92427505945521,0,0,0,0,0,0
113.08328809999065,2082.10107421875,-4844.85009765625,324.3963928222656,58.92425335640747,0.0,0.0,0.0023339038307312876,8,2,2,17,9,3,3,5,2,9,2,2,3,1,0,2082.1010199815655,-4844.850143320037,58.92425335640747,0,0,0,0,0,0
113.20828804999064,2082.10107421875,-4844.85009765625,324.39642333984375,58.924250427776194,0.0,0.0,0.0001721602870929928,8,2,2,17,9,3,3,5,2,9,2,2,3,1,0,2082.1009783926766,-4844.850142413604,58.924250427776194,0,0,0,0,0,0
113.37495464999063,2082.10107421875,-4844.85009765625,324.3963623046875,58.92424573417182,0.0,0.0,0.00010721697663029772,8,2,2,17,9,3,3,5,2,9,2,2,3,1,0,2082.10095557014,-4844.850161467571,58.92424573417182,0,0,0,0,0,0
113.49995459999062,2082.10107421875,-4844.85009765625,324.3963623046875,58.92427329448331,0.0,0.0,0.00012609699524546159,8,2,2,17,9,3,3,5,2,9,2,2,3,1,0,2082.1009804078885,-4844.850144050435,58.92427329448331,0,0,0,0,0,0
113.6249545499906,2082.10107421875,-4844.85009765625,324.3963928222656,58.92429030392667,0.0,0.0,0.0004165411155554466,8,2,2,17,9,3,3,5,2,9,2,2,3,1,0,2082.1010138901693,-4844.850135274755,58.92429030392667,0,0,0,0,0,0
113.79162114999059,2082.10107421875,-4844.85009765625,324.39642333984375,58.92426567224745,0.0,0.0,0.0012823905308323447,8,2,2,17,9,3,3,5,2,9,2,2,3,1,0,2082.1009571158497,-4844.850147383464,58.92426567224745,0,0,0,0,0,0
113.95828774999057,2082.100830078125,-4844.85009765625,324.39642333984375,58.924233418331646,0.0,0.0,0.0005962974682915956,8,2,2,17,9,3,3,5,2,9,2,2,3,1,0,2082.1008125095,-4844.850130476582,58.924233418331646,0,0,0,0,0,0
114.04162104999057,2082.100830078125,-4844.85009765625,324.39642333984375,58.924238111936326,0.0,0.0,0.0016489004337927327,8,2,2,17,9,3,3,5,2,9,2,2,3,1,0,2082.1007783615723,-4844.850128019672,58.924238111936326,0,0,0,0,0,0
114.16662099999056,2082.100830078125,-4844.85009765625,324.39642333984375,58.924238111936326,0.0,0.0,0.0003447318931648624,8,2,2,17,9,3,3,5,2,9,2,2,3,1,0,2082.100762005258,-4844.850150839566,58.924238111936326,0,0,0,0,0,0
114.29162094999054,2082.100830078125,-4844.85009765625,324.39642333984375,58.924258050011744,0.0,0.0,0.0008728401553526055,8,2,2,17,9,3,3,5,2,9,2,2,3,1,0,2082.100812891931,-4844.8501484461285,58.924258050011744,0,0,0,0,0,0
114.41662089999053,2082.100830078125,-4844.85009765625,324.3963928222656,58.92425335640747,0.0,0.0,0.0005809004051116062,8,2,2,17,9,3,3,5,2,9,2,2,3,1,0,2082.1008355919134,-4844.850128807235,58.92425335640747,0,0,0,0,0,0
114.58328749999052,2082.100830078125,-4844.85009765625,324.3963928222656,58.924233418331646,0.0,0.0,6.876947509226738e-05,8,2,2,17,9,3,3,5,2,9,2,2,3,1,0,2082.1008162721073,-4844.850118878083,58.924233418331646,0,0,0,0,0,0
114.7499540999905,2082.100830078125,-4844.85009765625,324.3963928222656,58.92426274361581,0.0,0.0,0.00040927366171672475,8,2,2,17,9,3,3,5,2,9,2,2,3,1,0,2082.100894145589,-4844.850130743686,58.92426274361581,0,0,0,0,0,0
114.87495404999049,2082.10107421875,-4844.85009765625,324.3963623046875,58.92427329448331,0.0,0.0,0.0007490988991776248,8,2,2,17,9,3,3,5,2,9,2,2,3,1,0,2082.100970031165,-4844.850149710055,58.92427329448331,0,0,0,0,0,0
115.04162064999048,2082.10107421875,-4844.85009765625,324.3963928222656,58.92426567224745,0.0,0.0,0.0005279506240185583,8,2,2,17,9,3,3,5,2,9,2,2,3,1,0,2082.100989718076,-4844.850155313152,58.92426567224745,0,0,0,0,0,0
115.20828724999046,2082.10107421875,-4844.85009765625,324.3963623046875,58.92427036585142,0.0,0.0,0.0005447405328595778,8,2,2,17,9,3,3,5,2,9,2,2,3,1,0,2082.101095998561,-4844.850195085406,58.92427036585142,0,0,0,0,0,0
115.37495384999045,2082.10107421875,-4844.85009765625,324.3963317871094,58.92427798808719,0.0,0.0,0.0001352220692751871,8,2,2,17,9,3,3,5,2,9,2,2,3,1,0,2082.10116766081,-4844.850190351013,58.92427798808719,0,0,0,0,0,0
115.54162044999043,2082.10107421875,-4844.85009765625,324.3963317871094,58.92427036585142,0.0,0.0,0.0008346557478944305,8,2,2,17,9,3,3,5,2,9,2,2,3,1,0,2082.1011503310992,-4844.850174425718,58.92427036585142,0,0,0,0,0,0
115.70828704999042,2082.10107421875,-4844.85009765625,324.3963623046875,58.92427329448331,0.0,0.0,7.29203406990564e-05,8,2,2,17,9,3,3,5,2,9,2,2,3,1,0,2082.101135413515,-4844.850193048062,58.92427329448331,0,0,0,0,0,0
115.8332869999904,2082.10107421875,-4844.85009765625,324.3963928222656,58.92428268169086,0.0,0.0,0.0002021906539084739,8,2,2,17,9,3,3,5,2,9,2,2,3,1,0,2082.101137375952,-4844.850185802943,58.92428268169086,0,0,0,0,0,0
115.9582869499904,2082.10107421875,-4844.85009765625,324.3963928222656,58.92428268169086,0.0,0.0,0.00039536430449516047,8,2,2,17,9,3,3,5,2,9,2,2,3,1,0,2082.101138399562,-4844.850172068967,58.92428268169086,0,0,0,0,0,0
116.12495354999038,2082.10107421875,-4844.85009765625,324.3963928222656,58.92426743721971,0.0,0.0,0.00032143286716745934,8,2,2,17,9,3,3,5,2,9,2,2,3,1,0,2082.101095304035,-4844.85015070527,58.92426743721971,0,0,0,0,0,0
116.24995349999037,2082.10107421875,-4844.85009765625,324.3963623046875,58.92427036585142,0.0,0.0,0.00026363011329522124,8,2,2,17,9,3,3,5,2,9,2,2,3,1,0,2082.1011077393982,-4844.850167901482,58.92427036585142,0,0,0,0,0,0
116.41662009999035,2082.10107421875,-4844.85009765625,324.3963623046875,58.92426743721971,0.0,0.0,0.0002687219421204645,8,2,2,17,9,3,3,5,2,9,2,2,3,1,0,2082.1010508901636,-4844.850160640185,58.92426743721971,0,0,0,0,0,0
116.54162004999034,2082.10107421875,-4844.85009765625,324.3963928222656,58.92428268169086,0.0,0.0,0.00010807800663314993,8,2,2,17,9,3,3,5,2,9,2,2,3,1,0,2082.1010524309145,-4844.850167881123,58.92428268169086,0,0,0,0,0,0
116.70828664999033,2082.10107421875,-4844.85009765625,324.3963928222656,58.92428737529435,0.0,0.0,0.00019374813291506143,8,2,2,17,9,3,3,5,2,9,2,2,3,1,0,2082.101093676831,-4844.850202042813,58.92428737529435,0,0,0,0,0,0
116.83328659999032,2082.10107421875,-4844.85009765625,324.3963623046875,58.92427798808719,0.0,0.0,0.00029306215765245724,8,2,2,17,9,3,3,5,2,9,2,2,3,1,0,2082.101061020656,-4844.850175088858,58.92427798808719,0,0,0,0,0,0
116.9999531999903,2082.10107421875,-4844.85009765625,324.3963928222656,58.92426274361581,0.0,0.0,0.0002482140644133324,8,2,2,17,9,3,3,5,2,9,2,2,3,1,0,2082.101016105084,-4844.850175493083,58.92426274361581,0,0,0,0,0,0
117.16661979999029,2082.100830078125,-4844.85009765625,324.3963928222656,58.92424573417182,0.0,0.0,0.00031806262086320203,8,2,2,17,9,3,3,5,2,9,2,2,3,1,0,2082.1008709820467,-4844.850154339305,58.92424573417182,0,0,0,0,0,0
117.29161974999028,2082.100830078125,-4844.85009765625,324.39642333984375,58.92426274361581,0.0,0.0,0.00016142687400133582,8,2,2,17,9,3,3,5,2,9,2,2,3,1,0,2082.100887296588,-4844.850163369547,58.92426274361581,0,0,0,0,0,0
117.37495304999027,2082.100830078125,-4844.85009765625,324.39642333984375,58.92427329448331,0.0,0.0,0.0005643426447932143,8,2,2,17,9,3,3,5,2,9,2,2,3,1,0,2082.100927777648,-4844.850159176874,58.92427329448331,0,0,0,0,0,0
117.54161964999025,2082.10107421875,-4844.85009765625,324.3963928222656,58.92428268169086,0.0,0.0,0.0005724481979996199,8,2,2,17,9,3,3,5,2,9,2,2,3,1,0,2082.101007913284,-4844.850142818095,58.92428268169086,0,0,0,0,0,0
117.70828624999024,2082.10107421875,-4844.85009765625,324.3963928222656,58.924258050011744,0.0,0.0,0.00045918118303234223,8,2,2,17,9,3,3,5,2,9,2,2,3,1,0,2082.1009524924034,-4844.850118583154,58.924258050011744,0,0,0,0,0,0
117.87495284999022,2082.100830078125,-4844.85009765625,324.3963928222656,58.92426274361581,0.0,0.0,0.00036313665532361483,8,2,2,17,9,3,3,5,2,9,2,2,3,1,0,2082.1009518084966,-4844.850161513277,58.92426274361581,0,0,0,0,0,0
118.04161944999021,2082.10107421875,-4844.85009765625,324.3963928222656,58.92427798808719,0.0,0.0,0.00012995323004361126,8,2,2,17,9,3,3,5,2,9,2,2,3,1,0,2082.1009577231935,-4844.850167357642,58.92427798808719,0,0,0,0,0,0
118.1249527499902,2082.10107421875,-4844.85009765625,324.3963928222656,58.924285610323096,0.0,0.0,0.0004663059371523559,8,2,2,17,9,3,3,5,2,9,2,2,3,1,0,2082.1009901313328,-4844.850175280835,58.924285610323096,0,0,0,0,0,0
118.20828604999019,2082.10107421875,-4844.85009765625,324.3963928222656,58.92428737529435,0.0,0.0,0.0005211441475694301,8,2,2,17,9,3,3,5,2,9,2,2,3,1,0,2082.10103138457,-4844.850187470896,58.92428737529435,0,0,0,0,0,0
118.37495264999018,2082.10107421875,-4844.85009765625,324.3963623046875,58.92429323255919,0.0,0.0,0.0005474118552228902,8,2,2,17,9,3,3,5,2,9,2,2,3,1,0,2082.101114967932,-4844.850196008455,58.92429323255919,0,0,0,0,0,0
118.49995259999017,2082.10107421875,-4844.85009765625,324.3963317871094,58.92429030392667,0.0,0.0,0.00047438775254704524,8,2,2,17,9,3,3,5,2,9,2,2,3,1,0,2082.1011806198094,-4844.850215228258,58.92429030392667,0,0,0,0,0,0
118.62495254999016,2082.101318359375,-4844.85009765625,324.39630126953125,58.92428737529435,0.0,0.0,0.00031417964692082023,8,2,2,17,9,3,3,5,2,9,2,2,3,1,0,2082.1012389260213,-4844.850234277478,58.92428737529435,0,0,0,0,0,0
118.74995249999014,2082.101318359375,-4844.85009765625,324.39630126953125,58.924294997530055,0.0,0.0,0.00023739751213724958,8,2,2,17,9,3,3,5,2,9,2,2,3,1,0,2082.1012610581315,-4844.850222873758,58.924294997530055,0,0,0,0,0,0
118.83328579999014,2082.101318359375,-4844.85009765625,324.3963317871094,58.92428737529435,0.0,0.0,0.0005155246981303208,8,2,2,17,9,3,3,5,2,9,2,2,3,1,0,2082.101229443528,-4844.850211454429,58.92428737529435,0,0,0,0,0,0
118.95828574999013,2082.101318359375,-4844.85009765625,324.3963317871094,58.92427505945521,0.0,0.0,0.0006702369319100399,8,2,2,17,9,3,3,5,2,9,2,2,3,1,0,2082.10122218365,-4844.850235098544,58.92427505945521,0,0,0,0,0,0
119.04161904999012,2082.101318359375,-4844.85009765625,324.3963623046875,58.92427505945521,0.0,0.0,0.000422901894125971,8,2,2,17,9,3,3,5,2,9,2,2,3,1,0,2082.101202969972,-4844.850224344645,58.92427505945521,0,0,0,0,0,0
119.1666189999901,2082.10107421875,-4844.85009765625,324.3963623046875,58.92427036585142,0.0,0.0,0.0008675165190652478,8,2,2,17,9,3,3,5,2,9,2,2,3,1,0,2082.101146235632,-4844.850173771502,58.92427036585142,0,0,0,0,0,0
119.2916189499901,2082.10107421875,-4844.85009765625,324.3963928222656,58.92426274361581,0.0,0.0,5.251035872788634e-05,8,2,2,17,9,3,3,5,2,9,2,2,3,1,0,2082.1011228554353,-4844.850175784291,58.92426274361581,0,0,0,0,0,0
119.41661889999008,2082.10107421875,-4844.85009765625,324.3963928222656,58.92426567224745,0.0,0.0,0.0004772748980030883,8,2,2,17,9,3,3,5,2,9,2,2,3,1,0,2082.101174215613,-4844.8501876368855,58.92426567224745,0,0,0,0,0,0
119.54161884999007,2082.101318359375,-4844.85009765625,324.3963623046875,58.92426567224745,0.0,0.0,0.0002241824859083863,8,2,2,17,9,3,3,5,2,9,2,2,3,1,0,2082.101211205481,-4844.850173129357,58.92426567224745,0,0,0,0,0,0
119.70828544999006,2082.101318359375,-4844.85009765625,324.3963317871094,58.92428268169086,0.0,0.0,0.00024480866613885155,8,2,2,17,9,3,3,5,2,9,2,2,3,1,0,2082.101262154422,-4844.850155178482,58.92428268169086,0,0,0,0,0,0
119.87495204999004,2082.101318359375,-4844.85009765625,324.3963317871094,58.92427798808719,0.0,0.0,0.0003872494744427968,8,2,2,17,9,3,3,5,2,9,2,2,3,1,0,2082.1012663575316,-4844.850181836071,58.92427798808719,0,0,0,0,0,0
119.99995199999003,2082.101318359375,-4844.85009765625,324.3963317871094,58.92427798808719,0.0,0.0,0.00041470480027783196,8,2,2,17,9,3,3,5,2,9,2,2,3,1,0,2082.101272934049,-4844.850208102335,58.92427798808719,0,0,0,0,0,0
120.12495194999002,2082.101318359375,-4844.85009765625,324.3963317871094,58.924260978643275,0.0,0.0,0.00027450898869574303,8,2,2,17,9,3,3,5,2,9,2,2,3,1,0,2082.1012240069854,-4844.85021437783,58.924260978643275,0,0,0,0,0,0
120.24995189999001,2082.10107421875,-4844.85009765625,324.3963623046875,58.92426274361581,0.0,0.0,0.0005310517281031935,8,2,2,17,9,3,3,5,2,9,2,2,3,1,0,2082.1011946592466,-4844.8501992509755,58.92426274361581,0,0,0,0,0,0
120.37495184999,2082.101318359375,-4844.85009765625,324.3963623046875,58.92427036585142,0.0,0.0,0.0002219777115897159,8,2,2,17,9,3,3,5,2,9,2,2,3,1,0,2082.101209797456,-4844.850203388629,58.92427036585142,0,0,0,0,0,0
120.54161844998998,2082.101318359375,-4844.85009765625,324.3963317871094,58.92427505945521,0.0,0.0,0.0003436289489400224,8,2,2,17,9,3,3,5,2,9,2,2,3,1,0,2082.101262914809,-4844.850200239004,58.92427505945521,0,0,0,0,0,0
120.70828504998997,2082.10107421875,-4844.85009765625,324.3963317871094,58.924250427776194,0.0,0.0,0.0008842022907629143,8,2,2,17,9,3,3,5,2,9,2,2,3,1,0,2082.1011961571126,-4844.850153591336,58.924250427776194,0,0,0,0,0,0
120.83328499998996,2082.10107421875,-4844.85009765625,324.3963928222656,58.92419061355068,0.0,0.0,0.001107834032154642,8,2,2,17,9,3,3,5,2,9,2,2,3,1,0,2082.100956215597,-4844.850125105953,58.92419061355068,0,0,0,0,0,0
120.95828494998995,2082.100830078125,-4844.85009765625,324.39642333984375,58.92421055162582,0.0,0.0,0.000767600977269467,8,2,2,17,9,3,3,5,2,9,2,2,3,1,0,2082.100943512106,-4844.850158545805,58.92421055162582,0,0,0,0,0,0
121.08328489998993,2082.10107421875,-4844.85009765625,324.3963928222656,58.924238111936326,0.0,0.0,0.00045685314944421407,8,2,2,17,9,3,3,5,2,9,2,2,3,1,0,2082.1009860987438,-4844.850134910607,58.924238111936326,0,0,0,0,0,0
121.24995149998992,2082.10107421875,-4844.85009765625,324.3963928222656,58.92424280554081,0.0,0.0,0.0005744143436459126,8,2,2,17,9,3,3,5,2,9,2,2,3,1,0,2082.1010194391165,-4844.850090119382,58.92424280554081,0,0,0,0,0,0
121.37495144998991,2082.10107421875,-4844.85009765625,324.3963928222656,58.924250427776194,0.0,0.0,0.0004197801899863407,8,2,2,17,9,3,3,5,2,9,2,2,3,1,0,2082.101087235635,-4844.850084051026,58.924250427776194,0,0,0,0,0,0
121.4999513999899,2082.10107421875,-4844.85009765625,324.3963623046875,58.92425512138038,0.0,0.0,0.0007444766197295394,8,2,2,17,9,3,3,5,2,9,2,2,3,1,0,2082.101163868997,-4844.850122564802,58.92425512138038,0,0,0,0,0,0
121.54161804998989,2082.10107421875,-4844.85009765625,324.3963317871094,58.924258050011744,0.0,0.0,0.00036557901239575585,8,2,2,17,9,3,3,5,2,9,2,2,3,1,0,2082.101183695623,-4844.8501341726915,58.924258050011744,0,0,0,0,0,0
121.66661799998988,2082.101318359375,-4844.85009765625,324.3963317871094,58.92427036585142,0.0,0.0,0.0003732080585905351,8,2,2,17,9,3,3,5,2,9,2,2,3,1,0,2082.1012307800156,-4844.8501596857795,58.92427036585142,0,0,0,0,0,0
121.79161794998987,2082.101318359375,-4844.85009765625,324.3963317871094,58.92427329448331,0.0,0.0,0.0006690079771942692,8,2,2,17,9,3,3,5,2,9,2,2,3,1,0,2082.1012753380037,-4844.850204705322,58.92427329448331,0,0,0,0,0,0
121.95828454998986,2082.101318359375,-4844.85009765625,324.3963317871094,58.92428268169086,0.0,0.0,0.00011607396572799189,8,2,2,17,9,3,3,5,2,9,2,2,3,1,0,2082.101299613129,-4844.850221400823,58.92428268169086,0,0,0,0,0,0
122.08328449998984,2082.101318359375,-4844.85009765625,324.3963317871094,58.92427798808719,0.0,0.0,0.0015854295270401053,8,2,2,17,9,3,3,5,2,9,2,2,3,1,0,2082.101266889651,-4844.85020802093,58.92427798808719,0,0,0,0,0,0
122.20828444998983,2082.101318359375,-4844.85009765625,324.3963623046875,58.92427036585142,0.0,0.0,9.0330127022753e-05,8,2,2,17,9,3,3,5,2,9,2,2,3,1,0,2082.1012218374754,-4844.850208850363,58.92427036585142,0,0,0,0,0,0
122.24995109998983,2082.101318359375,-4844.85009765625,324.3963623046875,58.92427329448331,0.0,0.0,0.0004987709871784318,8,2,2,17,9,3,3,5,2,9,2,2,3,1,0,2082.1012169113333,-4844.85020411899,58.92427329448331,0,0,0,0,0,0
122.37495104998982,2082.101318359375,-4844.85009765625,324.3963623046875,58.92427505945521,0.0,0.0,0.00018712429437073297,8,2,2,17,9,3,3,5,2,9,2,2,3,1,0,2082.101236305908,-4844.850203944278,58.92427505945521,0,0,0,0,0,0
122.4999509999898,2082.10107421875,-4844.85009765625,324.3963623046875,58.92427329448331,0.0,0.0,0.0007072078915371094,8,2,2,17,9,3,3,5,2,9,2,2,3,1,0,2082.1011922857715,-4844.850154033636,58.92427329448331,0,0,0,0,0,0
122.66661759998979,2082.10107421875,-4844.85009765625,324.39642333984375,58.92426274361581,0.0,0.0,0.000449355775344884,8,2,2,17,9,3,3,5,2,9,2,2,3,1,0,2082.1010958551365,-4844.850130744923,58.92426274361581,0,0,0,0,0,0
122.79161754998978,2082.10107421875,-4844.85009765625,324.3963928222656,58.92427798808719,0.0,0.0,0.00018073018281938857,8,2,2,17,9,3,3,5,2,9,2,2,3,1,0,2082.1010945680337,-4844.850137729858,58.92427798808719,0,0,0,0,0,0
122.91661749998977,2082.10107421875,-4844.85009765625,324.3963928222656,58.92427798808719,0.0,0.0,0.0005709935066988692,8,2,2,17,9,3,3,5,2,9,2,2,3,1,0,2082.1011016501125,-4844.8501560406985,58.92427798808719,0,0,0,0,0,0
123.04161744998976,2082.10107421875,-4844.85009765625,324.3963928222656,58.92427798808719,0.0,0.0,0.0005742604116676375,8,2,2,17,9,3,3,5,2,9,2,2,3,1,0,2082.101118215065,-4844.8501647393905,58.92427798808719,0,0,0,0,0,0
123.16661739998975,2082.10107421875,-4844.85009765625,324.3963623046875,58.92428268169086,0.0,0.0,0.0002496826709830202,8,2,2,17,9,3,3,5,2,9,2,2,3,1,0,2082.1011745280252,-4844.850198750785,58.92428268169086,0,0,0,0,0,0
123.20828404998974,2082.10107421875,-4844.85009765625,324.3963317871094,58.92428268169086,0.0,0.0,0.00035429457057034597,8,2,2,17,9,3,3,5,2,9,2,2,3,1,0,2082.1011868422183,-4844.850205083391,58.92428268169086,0,0,0,0,0,0
123.33328399998973,2082.10107421875,-4844.85009765625,324.39630126953125,58.92426743721971,0.0,0.0,0.000310912537315744,8,2,2,17,9,3,3,5,2,9,2,2,3,1,0,2082.1011703996264,-4844.85021503358,58.92426743721971,0,0,0,0,0,0
123.45828394998972,2082.10107421875,-4844.85009765625,324.3963317871094,58.924250427776194,0.0,0.0,0.00024786127141851466,8,2,2,17,9,3,3,5,2,9,2,2,3,1,0,2082.1010932000645,-4844.8502110189165,58.924250427776194,0,0,0,0,0,0
123.6249505499897,2082.10107421875,-4844.85009765625,324.3963623046875,58.92427036585142,0.0,0.0,0.00031024826512293657,8,2,2,17,9,3,3,5,2,9,2,2,3,1,0,2082.1011008855253,-4844.850207496543,58.92427036585142,0,0,0,0,0,0
123.79161714998969,2082.10107421875,-4844.85009765625,324.3963928222656,58.92425335640747,0.0,0.0,0.0003315455842312076,8,2,2,17,9,3,3,5,2,9,2,2,3,1,0,2082.1010439326237,-4844.850181849803,58.92425335640747,0,0,0,0,0,0
123.95828374998968,2082.10107421875,-4844.85009765625,324.3963928222656,58.92427505945521,0.0,0.0,0.00038166890590218827,8,2,2,17,9,3,3,5,2,9,2,2,3,1,0,2082.1011113405643,-4844.850134974963,58.92427505945521,0,0,0,0,0,0
124.04161704998967,2082.10107421875,-4844.85009765625,324.3963928222656,58.92427798808719,0.0,0.0,0.0007251884653669549,8,2,2,17,9,3,3,5,2,9,2,2,3,1,0,2082.1011616306755,-4844.850129882799,58.92427798808719,0,0,0,0,0,0
124.20828364998965,2082.101318359375,-4844.85009765625,324.3963317871094,58.92428268169086,0.0,0.0,0.0006550295893248403,8,2,2,17,9,3,3,5,2,9,2,2,3,1,0,2082.101243470347,-4844.850145810472,58.92428268169086,0,0,0,0,0,0
124.37495024998964,2082.101318359375,-4844.85009765625,324.3963317871094,58.92427798808719,0.0,0.0,0.0005490653165907133,8,2,2,17,9,3,3,5,2,9,2,2,3,1,0,2082.1013168171276,-4844.850201646151,58.92427798808719,0,0,0,0,0,0
124.54161684998962,2082.101318359375,-4844.85009765625,324.39630126953125,58.92428268169086,0.0,0.0,0.00014871534403937403,8,2,2,17,9,3,3,5,2,9,2,2,3,1,0,2082.1013407322466,-4844.850231085789,58.92428268169086,0,0,0,0,0,0
124.70828344998961,2082.101318359375,-4844.85009765625,324.3963317871094,58.92428268169086,0.0,0.0,0.00035520440633263206,8,2,2,17,9,3,3,5,2,9,2,2,3,1,0,2082.1013050300444,-4844.85023210751,58.92428268169086,0,0,0,0,0,0
124.8749500499896,2082.101318359375,-4844.85009765625,324.3963623046875,58.92426274361581,0.0,0.0,0.00048681176849640906,8,2,2,17,9,3,3,5,2,9,2,2,3,1,0,2082.101222177176,-4844.850223492504,58.92426274361581,0,0,0,0,0,0
125.04161664998958,2082.101318359375,-4844.85009765625,324.3963928222656,58.9242797530588,0.0,0.0,0.0004253087354300078,8,2,2,17,9,3,3,5,2,9,2,2,3,1,0,2082.101198057503,-4844.850180366674,58.9242797530588,0,0,0,0,0,0
125.20828324998956,2082.101318359375,-4844.85009765625,324.3963623046875,58.924285610323096,0.0,0.0,0.00020604575183824636,8,2,2,17,9,3,3,5,2,9,2,2,3,1,0,2082.101220081559,-4844.850164087609,58.924285610323096,0,0,0,0,0,0
125.33328319998955,2082.10107421875,-4844.85009765625,324.3963928222656,58.92426274361581,0.0,0.0,0.0006273784492805135,8,2,2,17,9,3,3,5,2,9,2,2,3,1,0,2082.1011924467493,-4844.850171164717,58.92426274361581,0,0,0,0,0,0
125.45828314998954,2082.101318359375,-4844.85009765625,324.3963623046875,58.92426567224745,0.0,0.0,0.00055188502301462,8,2,2,17,9,3,3,5,2,9,2,2,3,1,0,2082.101248519897,-4844.850192389985,58.92426567224745,0,0,0,0,0,0
125.62494974998953,2082.101318359375,-4844.85009765625,324.39630126953125,58.92427036585142,0.0,0.0,0.00044569360397872515,8,2,2,17,9,3,3,5,2,9,2,2,3,1,0,2082.1013210110686,-4844.8502090211705,58.92427036585142,0,0,0,0,0,0
125.70828304998952,2082.101318359375,-4844.85009765625,324.39630126953125,58.92426743721971,0.0,0.0,0.00024612058950879145,8,2,2,17,9,3,3,5,2,9,2,2,3,1,0,2082.1013286294633,-4844.850214991297,58.92426743721971,0,0,0,0,0,0
125.8749496499895,2082.101318359375,-4844.85009765625,324.39630126953125,58.92426743721971,0.0,0.0,0.0018358336092205718,8,2,2,17,9,3,3,5,2,9,2,2,3,1,0,2082.101334252035,-4844.8502151573775,58.92426743721971,0,0,0,0,0,0
125.99994959998949,2082.10107421875,-4844.85009765625,324.3963623046875,58.924238111936326,0.0,0.0,0.0002855678076230106,8,2,2,17,9,3,3,5,2,9,2,2,3,1,0,2082.1011917029396,-4844.850199631988,58.924238111936326,0,0,0,0,0,0
126.12494954998948,2082.10107421875,-4844.85009765625,324.3963928222656,58.924221102491245,0.0,0.0,0.0007099884442141047,8,2,2,17,9,3,3,5,2,9,2,2,3,1,0,2082.101109939858,-4844.850199034172,58.924221102491245,0,0,0,0,0,0
126.16661619998948,2082.10107421875,-4844.85009765625,324.3963928222656,58.92422579609621,0.0,0.0,0.0005530511316464981,8,2,2,17,9,3,3,5,2,9,2,2,3,1,0,2082.1011002873615,-4844.850190526123,58.92422579609621,0,0,0,0,0,0
126.29161614998947,2082.10107421875,-4844.85009765625,324.3963928222656,58.92424573417182,0.0,0.0,0.0005810667971672956,8,2,2,17,9,3,3,5,2,9,2,2,3,1,0,2082.101143216467,-4844.85015600941,58.92424573417182,0,0,0,0,0,0
126.41661609998945,2082.10107421875,-4844.85009765625,324.3963928222656,58.92424573417182,0.0,0.0,0.0004670152975450037,8,2,2,17,9,3,3,5,2,9,2,2,3,1,0,2082.101134024327,-4844.850097254997,58.92424573417182,0,0,0,0,0,0
126.54161604998944,2082.10107421875,-4844.85009765625,324.3963928222656,58.924218173860936,0.0,0.0,0.0003526094587869011,8,2,2,17,9,3,3,5,2,9,2,2,3,1,0,2082.101075805678,-4844.850080681439,58.924218173860936,0,0,0,0,0,0
126.70828264998943,2082.10107421875,-4844.85009765625,324.3963623046875,58.924250427776194,0.0,0.0,0.00014584603604816948,8,2,2,17,9,3,3,5,2,9,2,2,3,1,0,2082.101110350939,-4844.850090361131,58.924250427776194,0,0,0,0,0,0
126.87494924998941,2082.10107421875,-4844.85009765625,324.3963623046875,58.92427036585142,0.0,0.0,0.0005690010311809601,8,2,2,17,9,3,3,5,2,9,2,2,3,1,0,2082.101150474455,-4844.850119418663,58.92427036585142,0,0,0,0,0,0
127.0416158499894,2082.10107421875,-4844.85009765625,324.3963928222656,58.924250427776194,0.0,0.0,0.0004994320988771506,8,2,2,17,9,3,3,5,2,9,2,2,3,1,0,2082.1011134635073,-4844.850163200377,58.924250427776194,0,0,0,0,0,0
127.16661579998939,2082.10107421875,-4844.85009765625,324.3963623046875,58.92424573417182,0.0,0.0,0.002736200076469686,8,2,2,17,9,3,3,5,2,9,2,2,3,1,0,2082.101035156702,-4844.8501505579125,58.92424573417182,0,0,0,0,0,0
127.29161574998938,2082.100830078125,-4844.85009765625,324.3963928222656,58.924238111936326,0.0,0.0,0.0003300241587567143,8,2,2,17,9,3,3,5,2,9,2,2,3,1,0,2082.1009420075543,-4844.850160518098,58.924238111936326,0,0,0,0,0,0
127.37494904998937,2082.100830078125,-4844.85009765625,324.3963928222656,58.92422579609621,0.0,0.0,0.0005753557161369827,8,2,2,17,9,3,3,5,2,9,2,2,3,1,0,2082.1008542230725,-4844.850156925638,58.92422579609621,0,0,0,0,0,0
127.49994899998936,2082.100830078125,-4844.85009765625,324.39642333984375,58.924250427776194,0.0,0.0,0.00044341650209389627,8,2,2,17,9,3,3,5,2,9,2,2,3,1,0,2082.100867710878,-4844.850154878669,58.924250427776194,0,0,0,0,0,0
127.62494894998935,2082.100830078125,-4844.85009765625,324.39642333984375,58.92425512138038,0.0,0.0,0.00019212200186302653,8,2,2,17,9,3,3,5,2,9,2,2,3,1,0,2082.100858693888,-4844.850112419376,58.92425512138038,0,0,0,0,0,0
127.79161554998933,2082.100830078125,-4844.85009765625,324.39642333984375,58.924258050011744,0.0,0.0,4.8950022346616606e-05,8,2,2,17,9,3,3,5,2,9,2,2,3,1,0,2082.1008862059066,-4844.850094978639,58.924258050011744,0,0,0,0,0,0
127.95828214998932,2082.10107421875,-4844.85009765625,324.3963928222656,58.92426567224745,0.0,0.0,0.00048024553507275414,8,2,2,17,9,3,3,5,2,9,2,2,3,1,0,2082.1009772604193,-4844.8501315358735,58.92426567224745,0,0,0,0,0,0
128.1249487499893,2082.10107421875,-4844.85009765625,324.3963623046875,58.924285610323096,0.0,0.0,0.00017632985418458702,8,2,2,17,9,3,3,5,2,9,2,2,3,1,0,2082.1010142779405,-4844.850129353192,58.924285610323096,0,0,0,0,0,0
128.1666153999893,2082.10107421875,-4844.85009765625,324.3963623046875,58.92428737529435,0.0,0.0,0.0005153235179022886,8,2,2,17,9,3,3,5,2,9,2,2,3,1,0,2082.10102116173,-4844.850140441878,58.92428737529435,0,0,0,0,0,0
128.2082820499893,2082.10107421875,-4844.85009765625,324.3963623046875,58.92428268169086,0.0,0.0,0.0003023604449481354,8,2,2,17,9,3,3,5,2,9,2,2,3,1,0,2082.10101867861,-4844.850152999488,58.92428268169086,0,0,0,0,0,0
128.33328199998928,2082.10107421875,-4844.85009765625,324.3963623046875,58.92429030392667,0.0,0.0,0.0003088360244873911,8,2,2,17,9,3,3,5,2,9,2,2,3,1,0,2082.101031359617,-4844.850189436412,58.92429030392667,0,0,0,0,0,0
128.45828194998927,2082.10107421875,-4844.85009765625,324.3963623046875,58.92429323255919,0.0,0.0,0.0003334514303787728,8,2,2,17,9,3,3,5,2,9,2,2,3,1,0,2082.101061698395,-4844.850223495053,58.92429323255919,0,0,0,0,0,0
128.62494854998926,2082.10107421875,-4844.85009765625,324.3963623046875,58.924299691133264,0.0,0.0,0.0003144253014397691,8,2,2,17,9,3,3,5,2,9,2,2,3,1,0,2082.1011026940673,-4844.850230571842,58.924299691133264,0,0,0,0,0,0
128.79161514998924,2082.10107421875,-4844.85009765625,324.3963317871094,58.924302619765925,0.0,0.0,0.0004441841610969277,8,2,2,17,9,3,3,5,2,9,2,2,3,1,0,2082.1011575756324,-4844.850233729331,58.924302619765925,0,0,0,0,0,0
128.91661509998923,2082.10107421875,-4844.85009765625,324.3963317871094,58.924302619765925,0.0,0.0,0.0003980484507337678,8,2,2,17,9,3,3,5,2,9,2,2,3,1,0,2082.1011906491312,-4844.850231473218,58.924302619765925,0,0,0,0,0,0
129.04161504998922,2082.10107421875,-4844.85009765625,324.3963317871094,58.92427798808719,0.0,0.0,0.0001883281129266834,8,2,2,17,9,3,3,5,2,9,2,2,3,1,0,2082.101148171669,-4844.8502186387295,58.92427798808719,0,0,0,0,0,0
129.2082816499892,2082.10107421875,-4844.85009765625,324.3963623046875,58.92427798808719,0.0,0.0,0.00021587586616078625,8,2,2,17,9,3,3,5,2,9,2,2,3,1,0,2082.101183987458,-4844.850224388158,58.92427798808719,0,0,0,0,0,0
129.3749482499892,2082.10107421875,-4844.85009765625,324.3963317871094,58.92427036585142,0.0,0.0,0.0026790225092554465,8,2,2,17,9,3,3,5,2,9,2,2,3,1,0,2082.1011527721666,-4844.850177224753,58.92427036585142,0,0,0,0,0,0
129.54161484998917,2082.10107421875,-4844.85009765625,324.3963928222656,58.924250427776194,0.0,0.0,0.0006233843578229425,8,2,2,17,9,3,3,5,2,9,2,2,3,1,0,2082.1010863990177,-4844.85016739319,58.924250427776194,0,0,0,0,0,0
129.70828144998916,2082.10107421875,-4844.85009765625,324.3963928222656,58.92427036585142,0.0,0.0,0.00025064732653845567,8,2,2,17,9,3,3,5,2,9,2,2,3,1,0,2082.101107635769,-4844.850152342181,58.92427036585142,0,0,0,0,0,0
129.87494804998914,2082.10107421875,-4844.85009765625,324.3963623046875,58.92426274361581,0.0,0.0,0.00011796342960224138,8,2,2,17,9,3,3,5,2,9,2,2,3,1,0,2082.1010958761008,-4844.850126938889,58.92426274361581,0,0,0,0,0,0
130.04161464998913,2082.10107421875,-4844.85009765625,324.3963928222656,58.92427329448331,0.0,0.0,5.048635216553521e-05,8,2,2,17,9,3,3,5,2,9,2,2,3,1,0,2082.101134453843,-4844.850149174842,58.92427329448331,0,0,0,0,0,0
130.2082812499891,2082.10107421875,-4844.85009765625,324.3963623046875,58.92426274361581,0.0,0.0,0.0004074657681485405,8,2,2,17,9,3,3,5,2,9,2,2,3,1,0,2082.1011002205796,-4844.850171730915,58.92426274361581,0,0,0,0,0,0
130.3332811999891,2082.10107421875,-4844.85009765625,324.3963623046875,58.92425335640747,0.0,0.0,0.0001865853846538812,8,2,2,17,9,3,3,5,2,9,2,2,3,1,0,2082.101049155221,-4844.850181587496,58.92425335640747,0,0,0,0,0,0
130.4999477999891,2082.10107421875,-4844.85009765625,324.3963623046875,58.92426274361581,0.0,0.0,0.00048171577873290516,8,2,2,17,9,3,3,5,2,9,2,2,3,1,0,2082.10106917919,-4844.85019800577,58.92426274361581,0,0,0,0,0,0
130.62494774998908,2082.10107421875,-4844.85009765625,324.3963623046875,58.92427329448331,0.0,0.0,0.00029237316994112916,8,2,2,17,9,3,3,5,2,9,2,2,3,1,0,2082.1011189588253,-4844.850205106872,58.92427329448331,0,0,0,0,0,0
130.70828104998907,2082.10107421875,-4844.85009765625,324.3963623046875,58.92428268169086,0.0,0.0,0.0003083828914896003,8,2,2,17,9,3,3,5,2,9,2,2,3,1,0,2082.1011517123816,-4844.850185734686,58.92428268169086,0,0,0,0,0,0
130.87494764998905,2082.101318359375,-4844.85009765625,324.3963623046875,58.924294997530055,0.0,0.0,0.00018878228047469747,8,2,2,17,9,3,3,5,2,9,2,2,3,1,0,2082.10119728079,-4844.850158913168,58.924294997530055,0,0,0,0,0,0
130.99994759998904,2082.10107421875,-4844.85009765625,324.3963623046875,58.92427036585142,0.0,0.0,0.00019308486116642598,8,2,2,17,9,3,3,5,2,9,2,2,3,1,0,2082.1011500900972,-4844.850173469595,58.92427036585142,0,0,0,0,0,0
131.16661419998903,2082.10107421875,-4844.85009765625,324.39642333984375,58.92424573417182,0.0,0.0,0.0004220268692733953,8,2,2,17,9,3,3,5,2,9,2,2,3,1,0,2082.1009961911086,-4844.850161233738,58.92424573417182,0,0,0,0,0,0
131.333280799989,2082.10107421875,-4844.85009765625,324.3963928222656,58.92426567224745,0.0,0.0,0.00020728177787532331,8,2,2,17,9,3,3,5,2,9,2,2,3,1,0,2082.1010288008215,-4844.850174624703,58.92426567224745,0,0,0,0,0,0
131.416614099989,2082.10107421875,-4844.85009765625,324.3963928222656,58.92427036585142,0.0,0.0,0.0009508655239187647,8,2,2,17,9,3,3,5,2,9,2,2,3,1,0,2082.101076314534,-4844.850181737677,58.92427036585142,0,0,0,0,0,0
131.541614049989,2082.10107421875,-4844.85009765625,324.3963623046875,58.92427036585142,0.0,0.0,0.00034494141800678335,8,2,2,17,9,3,3,5,2,9,2,2,3,1,0,2082.1011215409912,-4844.850162690423,58.92427036585142,0,0,0,0,0,0
131.70828064998898,2082.10107421875,-4844.85009765625,324.3963623046875,58.9242797530588,0.0,0.0,0.00011902915275641135,8,2,2,17,9,3,3,5,2,9,2,2,3,1,0,2082.1011425208258,-4844.85013797726,58.9242797530588,0,0,0,0,0,0
131.83328059998897,2082.10107421875,-4844.85009765625,324.3963317871094,58.92428268169086,0.0,0.0,0.00017465984001319157,8,2,2,17,9,3,3,5,2,9,2,2,3,1,0,2082.1011460237482,-4844.850169784422,58.92428268169086,0,0,0,0,0,0
131.99994719998895,2082.10107421875,-4844.85009765625,324.3963623046875,58.92428268169086,0.0,0.0,0.0003634608447100618,8,2,2,17,9,3,3,5,2,9,2,2,3,1,0,2082.101187567987,-4844.850218548421,58.92428268169086,0,0,0,0,0,0
132.16661379998894,2082.10107421875,-4844.85009765625,324.3963623046875,58.92427036585142,0.0,0.0,2.2351908057771652e-05,8,2,2,17,9,3,3,5,2,9,2,2,3,1,0,2082.1011522735134,-4844.850211251886,58.92427036585142,0,0,0,0,0,0
132.24994709998893,2082.10107421875,-4844.85009765625,324.3963623046875,58.92428268169086,0.0,0.0,0.00035453658711048774,8,2,2,17,9,3,3,5,2,9,2,2,3,1,0,2082.1011492841603,-4844.85018932536,58.92428268169086,0,0,0,0,0,0
132.29161374998893,2082.10107421875,-4844.85009765625,324.3963623046875,58.92428737529435,0.0,0.0,0.00010258105476168566,8,2,2,17,9,3,3,5,2,9,2,2,3,1,0,2082.1011487572528,-4844.850179884363,58.92428737529435,0,0,0,0,0,0
132.33328039998892,2082.10107421875,-4844.85009765625,324.3963623046875,58.92429030392667,0.0,0.0,0.00024274779661936918,8,2,2,17,9,3,3,5,2,9,2,2,3,1,0,2082.1011571384415,-4844.850182268248,58.92429030392667,0,0,0,0,0,0
132.37494704998892,2082.10107421875,-4844.85009765625,324.3963623046875,58.92429030392667,0.0,0.0,0.00011646418442978757,8,2,2,17,9,3,3,5,2,9,2,2,3,1,0,2082.101156763439,-4844.850180750188,58.92429030392667,0,0,0,0,0,0
132.5416136499889,2082.10107421875,-4844.85009765625,324.3963623046875,58.92427036585142,0.0,0.0,0.0004234217612975044,8,2,2,17,9,3,3,5,2,9,2,2,3,1,0,2082.101116463081,-4844.850195380104,58.92427036585142,0,0,0,0,0,0
132.7082802499889,2082.10107421875,-4844.85009765625,324.3963928222656,58.92426274361581,0.0,0.0,0.00011229668643863988,8,2,2,17,9,3,3,5,2,9,2,2,3,1,0,2082.101074336907,-4844.850188681139,58.92426274361581,0,0,0,0,0,0
132.83328019998888,2082.10107421875,-4844.85009765625,324.3963623046875,58.92427036585142,0.0,0.0,0.00021270875549816992,8,2,2,17,9,3,3,5,2,9,2,2,3,1,0,2082.1011171729947,-4844.85018895154,58.92427036585142,0,0,0,0,0,0
132.95828014998887,2082.10107421875,-4844.85009765625,324.3963623046875,58.92426567224745,0.0,0.0,0.00011278089004918002,8,2,2,17,9,3,3,5,2,9,2,2,3,1,0,2082.1010728456968,-4844.850155140104,58.92426567224745,0,0,0,0,0,0
133.08328009998885,2082.10107421875,-4844.85009765625,324.3963623046875,58.92427505945521,0.0,0.0,0.0019244766008341685,8,2,2,17,9,3,3,5,2,9,2,2,3,1,0,2082.1010879008254,-4844.850143771469,58.92427505945521,0,0,0,0,0,0
133.20828004998884,2082.10107421875,-4844.85009765625,324.3963928222656,58.92427036585142,0.0,0.0,0.00031937972835294204,8,2,2,17,9,3,3,5,2,9,2,2,3,1,0,2082.1010490206463,-4844.850148631179,58.92427036585142,0,0,0,0,0,0
133.37494664998883,2082.10107421875,-4844.85009765625,324.3963928222656,58.92427798808719,0.0,0.0,4.289695993975329e-05,8,2,2,17,9,3,3,5,2,9,2,2,3,1,0,2082.1010538487944,-4844.850159263035,58.92427798808719,0,0,0,0,0,0
133.49994659998882,2082.10107421875,-4844.85009765625,324.3963928222656,58.92429030392667,0.0,0.0,0.00044073694880353287,8,2,2,17,9,3,3,5,2,9,2,2,3,1,0,2082.1010861911323,-4844.8501591431905,58.92429030392667,0,0,0,0,0,0
133.6249465499888,2082.10107421875,-4844.85009765625,324.3963623046875,58.924294997530055,0.0,0.0,0.0005493037861015182,8,2,2,17,9,3,3,5,2,9,2,2,3,1,0,2082.101123908168,-4844.850170539976,58.924294997530055,0,0,0,0,0,0
133.7499464999888,2082.10107421875,-4844.85009765625,324.3963623046875,58.924294997530055,0.0,0.0,0.0006894949365232605,8,2,2,17,9,3,3,5,2,9,2,2,3,1,0,2082.1011706219792,-4844.850195443584,58.924294997530055,0,0,0,0,0,0
133.87494644998878,2082.10107421875,-4844.85009765625,324.3963317871094,58.924285610323096,0.0,0.0,0.001679256274655927,8,2,2,17,9,3,3,5,2,9,2,2,3,1,0,2082.101163620391,-4844.850208869049,58.924285610323096,0,0,0,0,0,0
134.04161304998877,2082.10107421875,-4844.85009765625,324.3963623046875,58.9242797530588,0.0,0.0,0.0001831360236792534,8,2,2,17,9,3,3,5,2,9,2,2,3,1,0,2082.101097671428,-4844.850211671677,58.9242797530588,0,0,0,0,0,0
134.16661299998876,2082.10107421875,-4844.85009765625,324.3963928222656,58.92427036585142,0.0,0.0,0.0002607895112305414,8,2,2,17,9,3,3,5,2,9,2,2,3,1,0,2082.1010024392635,-4844.850197921919,58.92427036585142,0,0,0,0,0,0
134.29161294998875,2082.10107421875,-4844.85009765625,324.3963928222656,58.92426860087925,0.0,0.0,0.00016203840687012416,8,2,2,17,9,3,3,5,2,9,2,2,3,1,0,2082.101008006633,-4844.85021411989,58.92426860087925,0,0,0,0,0,0
134.41661289998873,2082.10107421875,-4844.85009765625,324.3963928222656,58.92427798808719,0.0,0.0,0.0005869160759175429,8,2,2,17,9,3,3,5,2,9,2,2,3,1,0,2082.1010639351025,-4844.850197603797,58.92427798808719,0,0,0,0,0,0
134.58327949998872,2082.10107421875,-4844.85009765625,324.3963623046875,58.92428268169086,0.0,0.0,0.00045286628846952226,8,2,2,17,9,3,3,5,2,9,2,2,3,1,0,2082.1011303775736,-4844.850163295983,58.92428268169086,0,0,0,0,0,0
134.7082794499887,2082.10107421875,-4844.85009765625,324.3963317871094,58.92429030392667,0.0,0.0,0.0005502370640897425,8,2,2,17,9,3,3,5,2,9,2,2,3,1,0,2082.1011791403766,-4844.850154344207,58.92429030392667,0,0,0,0,0,0
134.8332793999887,2082.101318359375,-4844.85009765625,324.3963317871094,58.92428737529435,0.0,0.0,0.00037692336718464503,8,2,2,17,9,3,3,5,2,9,2,2,3,1,0,2082.1012176356567,-4844.850183589731,58.92428737529435,0,0,0,0,0,0
134.8749460499887,2082.101318359375,-4844.85009765625,324.3963317871094,58.92428737529435,0.0,0.0,0.00016918720575631596,8,2,2,17,9,3,3,5,2,9,2,2,3,1,0,2082.1012306295775,-4844.850197632736,58.92428737529435,0,0,0,0,0,0
135.04161264998868,2082.10107421875,-4844.85009765625,324.3963317871094,58.92426274361581,0.0,0.0,0.00040927848203864414,8,2,2,17,9,3,3,5,2,9,2,2,3,1,0,2082.101169796849,-4844.850205345394,58.92426274361581,0,0,0,0,0,0
135.16661259998867,2082.10107421875,-4844.85009765625,324.3963623046875,58.924250427776194,0.0,0.0,0.00033387559597031213,8,2,2,17,9,3,3,5,2,9,2,2,3,1,0,2082.101091842519,-4844.850199564934,58.924250427776194,0,0,0,0,0,0
135.29161254998866,2082.10107421875,-4844.85009765625,324.3963623046875,58.924260978643275,0.0,0.0,0.00013472362070388044,8,2,2,17,9,3,3,5,2,9,2,2,3,1,0,2082.1011072283186,-4844.850214635086,58.924260978643275,0,0,0,0,0,0
135.45827914998864,2082.10107421875,-4844.85009765625,324.3963623046875,58.92427505945521,0.0,0.0,0.0004838060249312548,8,2,2,17,9,3,3,5,2,9,2,2,3,1,0,2082.101169171367,-4844.850185912707,58.92427505945521,0,0,0,0,0,0
135.58327909998863,2082.101318359375,-4844.85009765625,324.3963623046875,58.92427798808719,0.0,0.0,0.0003978531822212972,8,2,2,17,9,3,3,5,2,9,2,2,3,1,0,2082.1012362060596,-4844.850171594137,58.92427798808719,0,0,0,0,0,0
135.70827904998862,2082.101318359375,-4844.85009765625,324.3963317871094,58.92428268169086,0.0,0.0,0.0004910906227451051,8,2,2,17,9,3,3,5,2,9,2,2,3,1,0,2082.1012933126344,-4844.850167402319,58.92428268169086,0,0,0,0,0,0
135.8332789999886,2082.101318359375,-4844.85009765625,324.3963317871094,58.92427798808719,0.0,0.0,0.0001512905669187603,8,2,2,17,9,3,3,5,2,9,2,2,3,1,0,2082.101298030905,-4844.850170345534,58.92427798808719,0,0,0,0,0,0
135.9582789499886,2082.101318359375,-4844.85009765625,324.3963623046875,58.92426274361581,0.0,0.0,0.00029307877866813214,8,2,2,17,9,3,3,5,2,9,2,2,3,1,0,2082.101219397374,-4844.850169412455,58.92426274361581,0,0,0,0,0,0
136.08327889998858,2082.10107421875,-4844.85009765625,324.3963623046875,58.92425335640747,0.0,0.0,0.0005469396910484647,8,2,2,17,9,3,3,5,2,9,2,2,3,1,0,2082.101125192661,-4844.8501686395275,58.92425335640747,0,0,0,0,0,0
136.24994549998857,2082.10107421875,-4844.85009765625,324.3963928222656,58.92424866280301,0.0,0.0,0.0006625641162827378,8,2,2,17,9,3,3,5,2,9,2,2,3,1,0,2082.101035003624,-4844.85016706091,58.92424866280301,0,0,0,0,0,0
136.41661209998855,2082.10107421875,-4844.85009765625,324.3963928222656,58.92425512138038,0.0,0.0,0.00033824617275968194,8,2,2,17,9,3,3,5,2,9,2,2,3,1,0,2082.101085429062,-4844.850189528053,58.92425512138038,0,0,0,0,0,0
136.54161204998854,2082.10107421875,-4844.85009765625,324.3963623046875,58.92427036585142,0.0,0.0,0.0007350771738856565,8,2,2,17,9,3,3,5,2,9,2,2,3,1,0,2082.1011528150775,-4844.85016367046,58.92427036585142,0,0,0,0,0,0
136.70827864998853,2082.101318359375,-4844.85009765625,324.3963317871094,58.92427505945521,0.0,0.0,0.001559147858642973,8,2,2,17,9,3,3,5,2,9,2,2,3,1,0,2082.1012297394377,-4844.850159741526,58.92427505945521,0,0,0,0,0,0
136.83327859998852,2082.10107421875,-4844.85009765625,324.3963317871094,58.92424280554081,0.0,0.0,0.0006948668215045473,8,2,2,17,9,3,3,5,2,9,2,2,3,1,0,2082.101109192032,-4844.850142293548,58.92424280554081,0,0,0,0,0,0
136.9582785499885,2082.10107421875,-4844.85009765625,324.3963623046875,58.92425335640747,0.0,0.0,0.0005154524387762649,8,2,2,17,9,3,3,5,2,9,2,2,3,1,0,2082.1010834448984,-4844.850168424061,58.92425335640747,0,0,0,0,0,0
137.1249451499885,2082.10107421875,-4844.85009765625,324.3963928222656,58.92427798808719,0.0,0.0,0.00014317940895125503,8,2,2,17,9,3,3,5,2,9,2,2,3,1,0,2082.1010764859084,-4844.850164924028,58.92427798808719,0,0,0,0,0,0
137.29161174998848,2082.10107421875,-4844.85009765625,324.3963928222656,58.92427798808719,0.0,0.0,0.00046252994252427015,8,2,2,17,9,3,3,5,2,9,2,2,3,1,0,2082.1011102219823,-4844.850164999979,58.92427798808719,0,0,0,0,0,0
137.37494504998847,2082.10107421875,-4844.85009765625,324.3963928222656,58.92428268169086,0.0,0.0,0.0004987697593605844,8,2,2,17,9,3,3,5,2,9,2,2,3,1,0,2082.101150950823,-4844.850169362723,58.92428268169086,0,0,0,0,0,0
137.54161164998845,2082.10107421875,-4844.85009765625,324.3963623046875,58.92426274361581,0.0,0.0,0.0013062748621450737,8,2,2,17,9,3,3,5,2,9,2,2,3,1,0,2082.1010545811273,-4844.850124985017,58.92426274361581,0,0,0,0,0,0
137.70827824998844,2082.100830078125,-4844.85009765625,324.3963928222656,58.92422579609621,0.0,0.0,0.0005228616828389931,8,2,2,17,9,3,3,5,2,9,2,2,3,1,0,2082.100894772044,-4844.850171247272,58.92422579609621,0,0,0,0,0,0
137.87494484998842,2082.100830078125,-4844.85009765625,324.3963928222656,58.924238111936326,0.0,0.0,0.0007317374183912762,8,2,2,17,9,3,3,5,2,9,2,2,3,1,0,2082.100874186914,-4844.850183950018,58.924238111936326,0,0,0,0,0,0
138.0416114499884,2082.100830078125,-4844.85009765625,324.3963928222656,58.92424573417182,0.0,0.0,0.00029446771350194467,8,2,2,17,9,3,3,5,2,9,2,2,3,1,0,2082.1008937444785,-4844.850140755652,58.92424573417182,0,0,0,0,0,0
138.2082780499884,2082.10107421875,-4844.85009765625,324.3963928222656,58.924258050011744,0.0,0.0,0.00040908857954491396,8,2,2,17,9,3,3,5,2,9,2,2,3,1,0,2082.1009628318484,-4844.850111503659,58.924258050011744,0,0,0,0,0,0
138.33327799998838,2082.10107421875,-4844.85009765625,324.3963928222656,58.92426567224745,0.0,0.0,0.0005512137704499764,8,2,2,17,9,3,3,5,2,9,2,2,3,1,0,2082.1010078983236,-4844.850104287641,58.92426567224745,0,0,0,0,0,0
138.45827794998837,2082.10107421875,-4844.85009765625,324.3963623046875,58.92426274361581,0.0,0.0,0.00044698731471726205,8,2,2,17,9,3,3,5,2,9,2,2,3,1,0,2082.1010507620863,-4844.8501372579185,58.92426274361581,0,0,0,0,0,0
138.58327789998836,2082.10107421875,-4844.85009765625,324.3963623046875,58.92427036585142,0.0,0.0,0.0006023739842930809,8,2,2,17,9,3,3,5,2,9,2,2,3,1,0,2082.1010804136204,-4844.8501478537655,58.92427036585142,0,0,0,0,0,0
138.74994449998835,2082.10107421875,-4844.85009765625,324.3963623046875,58.9242797530588,0.0,0.0,0.00022372523744706996,8,2,2,17,9,3,3,5,2,9,2,2,3,1,0,2082.1011406729112,-4844.850181449842,58.9242797530588,0,0,0,0,0,0
138.87494444998833,2082.10107421875,-4844.85009765625,324.3963317871094,58.92428268169086,0.0,0.0,0.00018513495660954504,8,2,2,17,9,3,3,5,2,9,2,2,3,1,0,2082.101187305717,-4844.850209730974,58.92428268169086,0,0,0,0,0,0
138.99994439998832,2082.101318359375,-4844.85009765625,324.3963317871094,58.924285610323096,0.0,0.0,0.000497215705763665,8,2,2,17,9,3,3,5,2,9,2,2,3,1,0,2082.101225604092,-4844.850223750349,58.924285610323096,0,0,0,0,0,0
139.04161104998832,2082.101318359375,-4844.85009765625,324.3963317871094,58.924285610323096,0.0,0.0,0.00027991970910079544,8,2,2,17,9,3,3,5,2,9,2,2,3,1,0,2082.101239602528,-4844.8502310031945,58.924285610323096,0,0,0,0,0,0
139.2082776499883,2082.101318359375,-4844.85009765625,324.3963317871094,58.92429030392667,0.0,0.0,4.714025862995186e-05,8,2,2,17,9,3,3,5,2,9,2,2,3,1,0,2082.1012265260083,-4844.850204892716,58.92429030392667,0,0,0,0,0,0
139.3749442499883,2082.101318359375,-4844.85009765625,324.3963623046875,58.92429030392667,0.0,0.0,0.00014570663324775524,8,2,2,17,9,3,3,5,2,9,2,2,3,1,0,2082.101232490778,-4844.85021167625,58.92429030392667,0,0,0,0,0,0
139.54161084998827,2082.10107421875,-4844.85009765625,324.3963928222656,58.92426567224745,0.0,0.0,0.0007456672847183654,8,2,2,17,9,3,3,5,2,9,2,2,3,1,0,2082.1011437092166,-4844.85019762895,58.92426567224745,0,0,0,0,0,0
139.66661079998826,2082.10107421875,-4844.85009765625,324.3963928222656,58.92425512138038,0.0,0.0,0.0001089007810151088,8,2,2,17,9,3,3,5,2,9,2,2,3,1,0,2082.101133651289,-4844.850200078887,58.92425512138038,0,0,0,0,0,0
139.79161074998825,2082.10107421875,-4844.85009765625,324.3963623046875,58.92427505945521,0.0,0.0,0.0002718385985645,8,2,2,17,9,3,3,5,2,9,2,2,3,1,0,2082.101147508995,-4844.850158024166,58.92427505945521,0,0,0,0,0,0
139.87494404998824,2082.10107421875,-4844.85009765625,324.3963623046875,58.92426274361581,0.0,0.0,0.00014160273167362902,8,2,2,17,9,3,3,5,2,9,2,2,3,1,0,2082.1010874277713,-4844.850134208107,58.92426274361581,0,0,0,0,0,0
140.04161064998823,2082.10107421875,-4844.85009765625,324.3963928222656,58.92427798808719,0.0,0.0,0.0001431150963071559,8,2,2,17,9,3,3,5,2,9,2,2,3,1,0,2082.1011070221007,-4844.850137043231,58.92427798808719,0,0,0,0,0,0
140.16661059998822,2082.10107421875,-4844.85009765625,324.3963928222656,58.92429030392667,0.0,0.0,0.00035907851270167157,8,2,2,17,9,3,3,5,2,9,2,2,3,1,0,2082.101126820137,-4844.8501458612245,58.92429030392667,0,0,0,0,0,0
140.3332771999882,2082.101318359375,-4844.85009765625,324.3963623046875,58.924285610323096,0.0,0.0,0.0005609773779724492,8,2,2,17,9,3,3,5,2,9,2,2,3,1,0,2082.101203285849,-4844.850202006264,58.924285610323096,0,0,0,0,0,0
140.4999437999882,2082.101318359375,-4844.85009765625,324.3963317871094,58.92428737529435,0.0,0.0,0.0002337301566512906,8,2,2,17,9,3,3,5,2,9,2,2,3,1,0,2082.1012707753084,-4844.850229335786,58.92428737529435,0,0,0,0,0,0
140.62494374998818,2082.101318359375,-4844.85009765625,324.39630126953125,58.92429030392667,0.0,0.0,0.00011248704367972095,8,2,2,17,9,3,3,5,2,9,2,2,3,1,0,2082.101293488444,-4844.850232271397,58.92429030392667,0,0,0,0,0,0
140.70827704998817,2082.101318359375,-4844.85009765625,324.39630126953125,58.92429792616266,0.0,0.0,6.417292297555832e-05,8,2,2,17,9,3,3,5,2,9,2,2,3,1,0,2082.101283642787,-4844.850226556873,58.92429792616266,0,0,0,0,0,0
140.83327699998816,2082.101318359375,-4844.85009765625,324.3963317871094,58.924294997530055,0.0,0.0,0.00208740311791189,8,2,2,17,9,3,3,5,2,9,2,2,3,1,0,2082.1012411930456,-4844.850216390663,58.924294997530055,0,0,0,0,0,0
140.95827694998815,2082.10107421875,-4844.85009765625,324.3963623046875,58.92427798808719,0.0,0.0,0.0005520605554920621,8,2,2,17,9,3,3,5,2,9,2,2,3,1,0,2082.1011716109056,-4844.850222237874,58.92427798808719,0,0,0,0,0,0
141.12494354998813,2082.10107421875,-4844.85009765625,324.3963928222656,58.924285610323096,0.0,0.0,0.0002703814971027896,8,2,2,17,9,3,3,5,2,9,2,2,3,1,0,2082.1011748955443,-4844.850198920649,58.924285610323096,0,0,0,0,0,0
141.29161014998812,2082.101318359375,-4844.85009765625,324.3963623046875,58.92429030392667,0.0,0.0,0.0004811861799680628,8,2,2,17,9,3,3,5,2,9,2,2,3,1,0,2082.1012247870563,-4844.8501828253875,58.92429030392667,0,0,0,0,0,0
141.3749434499881,2082.101318359375,-4844.85009765625,324.3963623046875,58.924294997530055,0.0,0.0,0.0002169540948671056,8,2,2,17,9,3,3,5,2,9,2,2,3,1,0,2082.1012446561963,-4844.850168522107,58.924294997530055,0,0,0,0,0,0
141.4582767499881,2082.101318359375,-4844.85009765625,324.3963317871094,58.924294997530055,0.0,0.0,0.00030943449473852525,8,2,2,17,9,3,3,5,2,9,2,2,3,1,0,2082.1012762145256,-4844.850176849785,58.924294997530055,0,0,0,0,0,0
141.4999433999881,2082.101318359375,-4844.85009765625,324.3963317871094,58.92429030392667,0.0,0.0,0.0002951117267002701,8,2,2,17,9,3,3,5,2,9,2,2,3,1,0,2082.1012898106665,-4844.850186597161,58.92429030392667,0,0,0,0,0,0
141.5416100499881,2082.101318359375,-4844.85009765625,324.3963317871094,58.92429030392667,0.0,0.0,0.000193229016076657,8,2,2,17,9,3,3,5,2,9,2,2,3,1,0,2082.101296178616,-4844.8501928460655,58.92429030392667,0,0,0,0,0,0
141.66660999998808,2082.101318359375,-4844.85009765625,324.39630126953125,58.92429030392667,0.0,0.0,0.00025988920242525637,8,2,2,17,9,3,3,5,2,9,2,2,3,1,0,2082.1013157646403,-4844.850220629847,58.92429030392667,0,0,0,0,0,0
141.79160994998807,2082.101318359375,-4844.85009765625,324.39630126953125,58.92427798808719,0.0,0.0,0.0009053918802237604,8,2,2,17,9,3,3,5,2,9,2,2,3,1,0,2082.101269319593,-4844.850224035555,58.92427798808719,0,0,0,0,0,0
141.95827654998806,2082.10107421875,-4844.85009765625,324.3963623046875,58.924258050011744,0.0,0.0,0.0010380902494944166,8,2,2,17,9,3,3,5,2,9,2,2,3,1,0,2082.1011765418716,-4844.850222247092,58.924258050011744,0,0,0,0,0,0
142.08327649998805,2082.10107421875,-4844.85009765625,324.3963928222656,58.924250427776194,0.0,0.0,0.0005927894108026521,8,2,2,17,9,3,3,5,2,9,2,2,3,1,0,2082.101080352958,-4844.850192777972,58.924250427776194,0,0,0,0,0,0
142.20827644998803,2082.10107421875,-4844.85009765625,324.3963928222656,58.92426274361581,0.0,0.0,0.00042188157749478705,8,2,2,17,9,3,3,5,2,9,2,2,3,1,0,2082.1010609672767,-4844.85017300362,58.92426274361581,0,0,0,0,0,0
142.33327639998802,2082.10107421875,-4844.85009765625,324.3963928222656,58.92427036585142,0.0,0.0,0.00028979143280594144,8,2,2,17,9,3,3,5,2,9,2,2,3,1,0,2082.1010674168997,-4844.850147185888,58.92427036585142,0,0,0,0,0,0
142.37494304998802,2082.10107421875,-4844.85009765625,324.3963928222656,58.92427329448331,0.0,0.0,0.00041729595068318304,8,2,2,17,9,3,3,5,2,9,2,2,3,1,0,2082.1010833078917,-4844.850140331623,58.92427329448331,0,0,0,0,0,0
142.541609649988,2082.10107421875,-4844.85009765625,324.3963928222656,58.924258050011744,0.0,0.0,0.0004454193913261406,8,2,2,17,9,3,3,5,2,9,2,2,3,1,0,2082.101105870468,-4844.850138351945,58.924258050011744,0,0,0,0,0,0
142.708276249988,2082.10107421875,-4844.85009765625,324.3963623046875,58.924250427776194,0.0,0.0,0.0013295084499986842,8,2,2,17,9,3,3,5,2,9,2,2,3,1,0,2082.1010562034835,-4844.850099441651,58.924250427776194,0,0,0,0,0,0
142.87494284998797,2082.100830078125,-4844.85009765625,324.3963928222656,58.92422286746582,0.0,0.0,0.00044098742364440113,8,2,2,17,9,3,3,5,2,9,2,2,3,1,0,2082.1009416288985,-4844.8501555563535,58.92422286746582,0,0,0,0,0,0
143.04160944998796,2082.10107421875,-4844.85009765625,324.3963928222656,58.924250427776194,0.0,0.0,0.0004922713287669467,8,2,2,17,9,3,3,5,2,9,2,2,3,1,0,2082.100992881059,-4844.850188626696,58.924250427776194,0,0,0,0,0,0
143.20827604998794,2082.10107421875,-4844.85009765625,324.3963623046875,58.92426274361581,0.0,0.0,0.0008964218068285845,8,2,2,17,9,3,3,5,2,9,2,2,3,1,0,2082.1011205117175,-4844.850193587949,58.92426274361581,0,0,0,0,0,0
143.37494264998793,2082.101318359375,-4844.85009765625,324.3963317871094,58.9242797530588,0.0,0.0,0.0005211730695009464,8,2,2,17,9,3,3,5,2,9,2,2,3,1,0,2082.101230195013,-4844.850158710887,58.9242797530588,0,0,0,0,0,0
143.49994259998792,2082.101318359375,-4844.85009765625,324.39630126953125,58.92428268169086,0.0,0.0,0.00017621516690269345,8,2,2,17,9,3,3,5,2,9,2,2,3,1,0,2082.1012769430113,-4844.850163693851,58.92428268169086,0,0,0,0,0,0
143.6666091999879,2082.101318359375,-4844.85009765625,324.3963317871094,58.92426274361581,0.0,0.0,0.0004616787009581458,8,2,2,17,9,3,3,5,2,9,2,2,3,1,0,2082.101230397834,-4844.850181286363,58.92426274361581,0,0,0,0,0,0
143.7499424999879,2082.101318359375,-4844.85009765625,324.3963623046875,58.92426743721971,0.0,0.0,0.00019909252841898706,8,2,2,17,9,3,3,5,2,9,2,2,3,1,0,2082.101218741991,-4844.8501905882185,58.92426743721971,0,0,0,0,0,0
143.91660909998788,2082.10107421875,-4844.85009765625,324.3963623046875,58.92427505945521,0.0,0.0,0.00024716498501220485,8,2,2,17,9,3,3,5,2,9,2,2,3,1,0,2082.1011926053384,-4844.850185006794,58.92427505945521,0,0,0,0,0,0
144.04160904998787,2082.10107421875,-4844.85009765625,324.3963928222656,58.92424104056725,0.0,0.0,0.0005058145688963123,8,2,2,17,9,3,3,5,2,9,2,2,3,1,0,2082.101051462975,-4844.850155648742,58.92424104056725,0,0,0,0,0,0
144.16660899998786,2082.10107421875,-4844.85009765625,324.3963928222656,58.92425512138038,0.0,0.0,8.447684649581788e-05,8,2,2,17,9,3,3,5,2,9,2,2,3,1,0,2082.1010647660264,-4844.850165597041,58.92425512138038,0,0,0,0,0,0
