sim_time_s,pose_x_cm,pose_y_cm,pose_z_cm,yaw_deg,throttle_cmd,steer_cmd,speed_cm_s,near_rocks,near_bumps,near_craters,rock_attempts,rock_success,bump_attempts,bump_success,crater_attempts,crater_success,placed_rocks,placed_bumps,placed_craters,refresh_count,refresh_skipped_distance_gate,refresh_force,refresh_center_x_cm,refresh_center_y_cm,refresh_yaw_deg,refresh_rocks_near_before,refresh_bumps_near_before,refresh_craters_near_before,refresh_rocks_added,refresh_bumps_added,refresh_craters_added
0.7083330500000015,2017.7515869140625,-5114.35009765625,342.82940673828125,67.3998966865608,0.0,0.0,21.23689353466034,8,2,2,14,8,2,2,5,2,8,2,2,1,1,0,2017.7515699293913,-5114.350111163041,67.3998966865608,0,0,0,0,0,0
0.7916663500000017,2018.031494140625,-5112.74755859375,352.24664306640625,67.35342330787623,0.0,0.0,21.99184149503708,8,2,2,14,8,2,2,5,2,8,2,2,1,1,0,2018.0315053475927,-5112.747697134435,67.35342330787623,0,0,0,0,0,0
0.9166663000000022,2018.87744140625,-5110.5224609375,357.9830627441406,67.32650938163488,0.0,0.0,21.193324029445648,8,2,2,14,8,2,2,5,2,8,2,2,1,1,0,2018.8774947738632,-5110.522595738431,67.32650938163488,0,0,0,0,0,0
1.041666250000002,2020.0389404296875,-5108.2490234375,353.0079040527344,67.32026100415821,0.0,0.0,20.530220866203308,8,2,2,14,8,2,2,5,2,8,2,2,1,1,0,2020.03889345777,-5108.2489103230555,67.32026100415821,0,0,0,0,0,0
1.1666662000000008,2020.9351806640625,-5105.5,343.1194763183594,67.27836749729511,0.0,0.0,24.127675592899323,8,2,2,14,8,2,2,5,2,8,2,2,1,1,0,2020.9351515245946,-5105.4998744437335,67.27836749729511,0,0,0,0,0,0
1.2916661499999995,2022.286865234375,-5102.1318359375,338.9238586425781,67.25447137577595,0.0,0.0,26.812651753425598,8,2,2,14,8,2,2,5,2,8,2,2,1,1,0,2022.2868300586601,-5102.131795544608,67.25447137577595,0,0,0,0,0,0
1.3749994499999987,2023.487548828125,-5100.0029296875,340.3124084472656,67.25753769638851,0.0,0.0,27.041006088256836,8,2,2,14,8,2,2,5,2,8,2,2,1,1,0,2023.4875243390877,-5100.002736583155,67.25753769638851,0,0,0,0,0,0
1.4166660999999983,2024.0560302734375,-5098.96826171875,341.7289123535156,67.25465214712297,0.0,0.0,27.176016569137573,8,2,2,14,8,2,2,5,2,8,2,2,1,1,0,2024.0560456389537,-5098.968499755808,67.25465214712297,0,0,0,0,0,0
1.4999993999999974,2025.1119384765625,-5096.86181640625,344.9742126464844,67.24373330886493,0.0,0.0,27.59290635585785,8,2,2,14,8,2,2,5,2,8,2,2,1,1,0,2025.1119068329212,-5096.861628007857,67.24373330886493,0,0,0,0,0,0
1.5833326999999966,2026.066162109375,-5094.68408203125,347.4922790527344,67.23184272168233,0.0,0.0,28.107821941375732,8,2,2,14,8,2,2,5,2,8,2,2,1,1,0,2026.066214504811,-5094.684026570871,67.23184272168233,0,0,0,0,0,0
1.7083326499999953,2027.3623046875,-5091.3681640625,348.1135559082031,67.21516354524235,0.0,0.0,28.90568971633911,8,2,2,14,8,2,2,5,2,8,2,2,1,1,0,2027.3623287008497,-5091.368250122491,67.21516354524235,0,0,0,0,0,0
1.8749992499999937,2028.9022216796875,-5086.95751953125,344.6954650878906,67.16351466637889,0.0,0.0,30.221077799797058,8,2,2,14,8,2,2,5,2,8,2,2,1,1,0,2028.9022068477593,-5086.957760129992,67.16351466637889,0,0,0,0,0,0
2.041665849999993,2030.100830078125,-5082.5361328125,342.5706481933594,67.04740413303732,0.0,0.0,32.532379031181335,8,2,2,14,8,2,2,5,2,8,2,2,1,1,0,2030.1008016634053,-5082.5362612897525,67.04740413303732,0,0,0,0,0,0
2.2499990999999966,2031.3480224609375,-5076.45947265625,344.9434814453125,66.89567661538611,0.0,0.0,34.92041528224945,8,2,2,14,8,2,2,5,2,8,2,2,1,1,0,2031.3480585486952,-5076.459646868461,66.89567661538611,0,0,0,0,0,0
2.4166656999999994,2032.9324951171875,-5070.919921875,346.276123046875,66.84299930875567,0.0,0.0,36.57844066619873,8,2,2,14,8,2,2,5,2,8,2,2,1,1,0,2032.93255449509,-5070.919868072418,66.84299930875567,0,0,0,0,0,0
2.583332300000002,2035.177490234375,-5064.90869140625,344.71246337890625,66.85395119047939,0.0,0.0,38.329556584358215,8,2,2,14,8,2,2,5,2,8,2,2,1,1,0,2035.1774574870706,-5064.908558258338,66.85395119047939,0,0,0,0,0,0
2.7916655500000056,2038.6285400390625,-5057.86376953125,343.0746154785156,66.94522232918115,0.0,0.0,33.884358406066895,8,2,2,14,8,2,2,5,2,8,2,2,1,1,0,2038.6285327424166,-5057.863658347074,66.94522232918115,0,0,0,0,0,0
3.0416654500000098,2041.821044921875,-5050.40380859375,343.82025146484375,67.03136318788107,0.0,0.0,31.96500837802887,8,2,2,14,8,2,2,5,2,8,2,2,1,1,0,2041.8210503808052,-5050.403920281116,67.03136318788107,0,0,0,0,0,0
3.291665350000014,2044.4422607421875,-5042.1865234375,343.5831298828125,67.02300055222052,0.0,0.0,40.344223380088806,8,2,2,14,8,2,2,5,2,8,2,2,1,1,0,2044.4422841830942,-5042.186360959348,67.02300055222052,0,0,0,0,0,0
3.541665250000018,2047.9381103515625,-5031.60986328125,342.6332702636719,66.99268349070238,0.0,0.0,49.44569170475006,8,2,2,14,8,2,2,5,2,8,2,2,1,1,0,2047.9381402266415,-5031.609714947806,66.99268349070238,0,0,0,0,0,0
3.833331800000023,2053.539306640625,-5017.009765625,341.2891845703125,66.99213096950633,0.0,0.0,56.774795055389404,8,2,2,14,8,2,2,5,2,8,2,2,1,1,0,2053.5391867350436,-5017.009711781286,66.99213096950633,0,0,0,0,0,0
4.083331700000027,2058.98583984375,-5002.87255859375,339.97039794921875,66.9663344081343,0.0,0.0,64.69661593437195,8,2,2,14,8,2,2,5,2,8,2,2,2,1,0,2058.9858177065653,-5002.872649297009,66.9663344081343,0,0,0,0,0,0
4.333331600000031,2064.943359375,-4987.12548828125,338.6280212402344,66.96958619252887,0.0,0.0,70.1805830001831,8,2,2,14,8,2,2,5,2,8,2,2,2,1,0,2064.9434197055457,-4987.12546269171,66.96958619252887,0,0,0,0,0,0
4.624998150000036,2072.63330078125,-4967.38525390625,336.6291198730469,66.96253857732606,0.0,0.0,75.34040212631226,8,2,2,14,8,2,2,5,2,8,2,2,2,1,0,2072.63318673367,-4967.385133531851,66.96253857732606,0,0,0,0,0,0
4.87499805000004,2079.45361328125,-4949.49853515625,335.008544921875,66.9316117193278,0.0,0.0,77.7131199836731,8,2,2,14,8,2,2,5,2,8,2,2,2,1,0,2079.4536022827583,-4949.498466630936,66.9316117193278,0,0,0,0,0,0
5.166664600000045,2086.44140625,-4929.63232421875,334.7717590332031,66.87175759003188,0.0,0.0,72.10937738418579,8,2,2,14,8,2,2,5,2,8,2,2,2,1,0,2086.441356459457,-4929.63240893712,66.87175759003188,0,0,0,0,0,0
5.45833115000005,2093.970703125,-4909.58984375,333.83111572265625,66.92932858248825,0.0,0.0,70.46945691108704,8,2,2,14,8,2,2,5,2,8,2,2,2,1,0,2093.970588670963,-4909.5896139367815,66.92932858248825,0,0,0,0,0,0
5.708331050000054,2102.316650390625,-4893.69482421875,331.37567138671875,67.07808845545111,0.0,0.0,66.99366569519043,7,2,2,14,8,2,2,5,2,8,2,2,2,1,0,2102.316601495744,-4893.694766708079,67.07808845545111,0,0,0,0,0,0
5.958330950000058,2108.43994140625,-4881.40478515625,329.79449462890625,66.82069772400423,0.0,0.0,37.95000612735748,8,2,2,17,9,3,3,5,2,9,2,2,3,1,0,2108.4399467867206,-4881.404859033857,66.82069772400423,0,0,0,0,0,0
6.249997500000063,2107.691650390625,-4877.68408203125,331.5157470703125,66.27004420971669,0.0,0.0,16.90356880426407,8,2,2,17,9,3,3,5,2,9,2,2,3,1,0,2107.6916227660336,-4877.683950159686,66.27004420971669,0,0,0,0,0,0
6.541664050000068,2105.125244140625,-4880.1279296875,332.8466491699219,65.93021198578606,0.0,0.0,15.694105625152588,8,2,2,17,9,3,3,5,2,9,2,2,3,1,0,2105.1253651788707,-4880.128101221689,65.93021198578606,0,0,0,0,0,0
6.833330600000073,2104.89306640625,-4884.6220703125,329.1529846191406,65.87663028132825,0.0,0.0,17.24148392677307,8,2,2,17,9,3,3,5,2,9,2,2,3,1,0,2104.893140487352,-4884.622099421229,65.87663028132825,0,0,0,0,0,0
7.124997150000078,2104.015625,-4886.77685546875,329.1395568847656,65.88136590250659,0.0,0.0,3.7489935755729675,8,2,2,17,9,3,3,5,2,9,2,2,3,1,0,2104.015529387008,-4886.776963194963,65.88136590250659,0,0,0,0,0,0
7.374997050000082,2103.57666015625,-4885.08154296875,330.4869079589844,65.85831409238497,0.0,0.0,13.570970296859741,8,2,2,17,9,3,3,5,2,9,2,2,3,1,0,2103.5767027830043,-4885.081314993644,65.85831409238497,0,0,0,0,0,0
7.624996950000086,2104.048583984375,-4882.2470703125,330.9355773925781,65.83377453746918,0.0,0.0,8.905857056379318,8,2,2,17,9,3,3,5,2,9,2,2,3,1,0,2104.0484972667387,-4882.246974490851,65.83377453746918,0,0,0,0,0,0
7.8333302000000895,2104.344970703125,-4881.37548828125,330.5142822265625,65.7866500775863,0.0,0.0,0.34728830214589834,8,2,2,17,9,3,3,5,2,9,2,2,3,1,0,2104.3450614418575,-4881.375340792824,65.7866500775863,0,0,0,0,0,0
8.041663450000089,2104.037841796875,-4882.03466796875,330.21673583984375,65.72605311587706,0.0,0.0,6.019126623868942,8,2,2,17,9,3,3,5,2,9,2,2,3,1,0,2104.037893477848,-4882.034489143213,65.72605311587706,0,0,0,0,0,0
8.208330050000074,2103.587646484375,-4882.9794921875,330.194580078125,65.69023615369234,0.0,0.0,6.0131799429655075,8,2,2,17,9,3,3,5,2,9,2,2,3,1,0,2103.587584618675,-4882.979252927688,65.69023615369234,0,0,0,0,0,0
8.374996650000059,2103.22119140625,-4883.62841796875,330.1346130371094,65.67599785193062,0.0,0.0,2.925209328532219,8,2,2,17,9,3,3,5,2,9,2,2,3,1,0,2103.2211443843908,-4883.628367804215,65.67599785193062,0,0,0,0,0,0
8.541663250000044,2103.0576171875,-4883.708984375,330.0473937988281,65.67461859289207,0.0,0.0,1.1121651157736778,8,2,2,17,9,3,3,5,2,9,2,2,3,1,0,2103.0575805229073,-4883.708892552644,65.67461859289207,0,0,0,0,0,0
8.666663200000032,2103.0341796875,-4883.44677734375,330.0352783203125,65.6718128457091,0.0,0.0,2.9851114377379417,8,2,2,17,9,3,3,5,2,9,2,2,3,1,0,2103.0341272447918,-4883.446783017709,65.6718128457091,0,0,0,0,0,0
8.833329800000017,2103.036376953125,-4882.86181640625,330.1191711425781,65.65689613757445,0.0,0.0,4.237624257802963,8,2,2,17,9,3,3,5,2,9,2,2,3,1,0,2103.0363267894036,-4882.861993545991,65.65689613757445,0,0,0,0,0,0
9.041663049999999,2102.997314453125,-4882.05224609375,330.266357421875,65.61603634434523,0.0,0.0,4.051190614700317,8,2,2,17,9,3,3,5,2,9,2,2,3,1,0,2102.997260865534,-4882.052446638826,65.61603634434523,0,0,0,0,0,0
9.333329599999972,2102.9716796875,-4880.69384765625,330.1783142089844,65.53681779963674,1.0,1.0,19.52797919511795,8,2,2,17,9,3,3,5,2,9,2,2,3,1,0,2102.971645263535,-4880.69370224139,65.53681779963674,0,0,0,0,0,0
9.624996149999946,2111.20556640625,-4856.89794921875,330.5009460449219,66.11608604480789,1.0,1.0,128.52433919906616,8,2,2,17,9,3,3,5,2,9,2,2,3,1,0,2111.205659951327,-4856.898150558227,66.11608604480789,0,0,0,0,0,0
9.874996049999924,2119.352783203125,-4806.39501953125,339.3872985839844,68.9459502606937,1.0,1.0,257.9725742340088,8,2,2,17,9,3,3,5,2,9,2,2,3,1,0,2119.3528769435206,-4806.394823401789,68.9459502606937,0,0,0,0,0,0
10.124995949999901,2127.469970703125,-4727.31494140625,332.316162109375,72.60151938221664,1.0,1.0,369.761323928833,8,2,2,17,9,4,4,5,2,9,2,2,4,1,0,2127.470049320546,-4727.3151256331685,72.60151938221664,0,0,0,0,0,0
10.374995849999879,2135.247802734375,-4630.16796875,302.85467529296875,76.05173070674532,1.0,1.0,450.9930610656738,8,2,2,17,9,5,5,5,2,9,2,2,5,1,0,2135.2477095327326,-4630.167813755911,76.05173070674532,0,0,0,0,0,0
10.624995749999856,2127.179443359375,-4503.93408203125,282.3733825683594,82.13853239828201,1.0,1.0,561.6958141326904,8,2,2,17,9,7,7,5,2,9,2,2,6,1,0,2127.1793683239853,-4503.934277551066,82.13853239828201,0,0,0,0,0,0
10.833328999999837,2107.99072265625,-4379.654296875,268.7873229980469,88.37860997551022,1.0,1.0,620.5490112304688,8,2,2,17,9,9,9,5,2,9,2,2,7,1,0,2107.9906226775947,-4379.654365122492,88.37860997551022,0,0,0,0,0,0
11.083328899999815,2056.113037109375,-4225.79833984375,244.33656311035156,97.43343947276823,1.0,1.0,655.0231456756592,8,2,2,17,9,11,10,5,2,9,2,2,8,1,0,2056.11313443822,-4225.798489844161,97.43343947276823,0,0,0,0,0,0
11.333328799999792,1988.91650390625,-4066.30859375,228.21124267578125,104.82632445404718,0.0,0.0,650.7550239562988,7,2,2,17,9,13,11,5,2,9,2,2,9,1,0,1988.9164818544152,-4066.3085550722813,104.82632445404718,0,0,0,0,0,0
11.541662049999774,1971.6805419921875,-3949.833984375,218.5575714111328,102.49018111249984,0.0,0.0,510.4731559753418,8,2,1,18,10,15,12,5,2,10,2,2,10,1,0,1971.6805423348387,-3949.833991086627,102.49018111249984,0,0,0,0,0,0
11.791661949999751,1959.9276123046875,-3834.05712890625,217.8629608154297,100.93754830152943,0.0,0.0,420.32389640808105,7,2,2,18,10,16,12,7,3,10,2,3,11,1,0,1959.9276111330105,-3834.0572356933017,100.93754830152943,0,0,0,0,0,0
12.041661849999729,1944.08154296875,-3736.54052734375,212.55992126464844,100.06583630294614,0.0,0.0,372.22399711608887,8,2,2,22,11,18,13,7,3,11,2,3,12,1,0,1944.081524899657,-3736.5405761326483,100.06583630294614,0,0,0,0,0,0
12.24999509999971,1932.7802734375,-3663.56494140625,209.01039123535156,99.65309860190229,0.0,0.0,328.9109230041504,7,2,2,22,11,19,13,7,3,11,2,3,13,1,0,1932.7802409551723,-3663.565025148074,99.65309860190229,0,0,0,0,0,0
12.374995049999699,1926.115234375,-3624.7958984375,210.32936096191406,99.52203473730526,0.0,0.0,304.3170213699341,7,2,2,22,11,19,13,7,3,11,2,3,13,1,0,1926.1152666724165,-3624.795915097905,99.52203473730526,0,0,0,0,0,0
12.58332829999968,1917.62939453125,-3573.942626953125,219.50721740722656,100.34716807535514,0.0,0.0,206.4814567565918,8,2,2,24,12,21,14,7,3,12,2,3,14,1,0,1917.629344844742,-3573.9427044867907,100.34716807535514,0,0,0,0,0,0
12.749994899999665,1912.7493896484375,-3542.951904296875,223.25865173339844,100.39221221417938,0.0,0.0,196.44933938980103,8,2,2,24,12,21,14,7,3,12,2,3,14,1,0,1912.7494137010658,-3542.9519123286987,100.39221221417938,0,0,0,0,0,0
12.958328149999646,1904.7080078125,-3505.290283203125,209.71823120117188,100.55509305179923,0.0,0.0,179.23983335494995,8,2,2,24,12,21,14,7,3,12,2,3,14,1,0,1904.7079951995152,-3505.2901809769737,100.55509305179923,0,0,0,0,0,0
13.166661399999628,1895.4974365234375,-3469.912353515625,208.0519256591797,100.63803922197295,0.0,0.0,153.22506427764893,7,2,2,24,12,21,14,7,3,12,2,3,14,1,0,1895.4973899677934,-3469.9123350171176,100.63803922197295,0,0,0,0,0,0
13.291661349999616,1890.0465087890625,-3451.740234375,211.4104766845703,100.69412296159112,0.0,0.0,140.59617519378662,8,2,2,32,13,22,14,7,3,13,2,3,15,1,0,1890.0465331296111,-3451.740204576418,100.69412296159112,0,0,0,0,0,0
13.458327949999601,1884.381103515625,-3429.7041015625,214.402587890625,100.81606805430509,0.0,0.0,128.30791473388672,8,2,2,32,13,22,14,7,3,13,2,3,15,1,0,1884.3811269982345,-3429.704017130563,100.81606805430509,0,0,0,0,0,0
13.624994549999586,1880.108154296875,-3410.450439453125,212.25631713867188,100.96397047980365,0.0,0.0,116.25921726226807,8,2,2,32,13,22,14,7,3,13,2,3,15,1,0,1880.1081091726655,-3410.450463750947,100.96397047980365,0,0,0,0,0,0
13.791661149999571,1876.4140625,-3392.698974609375,208.6280059814453,101.13130570002791,0.0,0.0,105.91952800750732,8,2,2,32,13,22,14,7,3,13,2,3,15,1,0,1876.4140147378591,-3392.6989598695045,101.13130570002791,0,0,0,0,0,0
13.958327749999556,1873.49951171875,-3377.61767578125,209.06944274902344,101.27110259588885,0.0,0.0,89.07436728477478,8,2,2,32,13,22,14,7,3,13,2,3,15,1,0,1873.4995142180114,-3377.617643982248,101.27110259588885,0,0,0,0,0,0
14.124994349999541,1871.0670166015625,-3364.380859375,212.08705139160156,101.39987998927309,0.0,0.0,82.95432925224304,8,2,2,32,13,22,14,7,3,13,2,3,15,1,0,1871.0670640807778,-3364.380833973703,101.39987998927309,0,0,0,0,0,0
14.291660949999526,1869.0535888671875,-3351.920166015625,212.0767364501953,101.49856678940316,0.0,0.0,77.86124348640442,8,2,2,32,13,22,14,7,3,13,2,3,15,1,0,1869.0536282988753,-3351.920215752333,101.49856678940316,0,0,0,0,0,0
14.458327549999511,1866.84716796875,-3341.4599609375,211.44752502441406,101.75853628007106,0.0,0.0,44.08670961856842,8,2,2,32,13,23,14,7,3,13,2,3,16,1,0,1866.8471165938847,-3341.4600780680635,101.75853628007106,0,0,0,0,0,0
14.666660799999493,1864.2509765625,-3337.7666015625,211.2530059814453,102.41496628360845,0.0,0.0,12.485461682081223,8,2,2,32,13,23,14,7,3,13,2,3,16,1,0,1864.250982963134,-3337.766586414946,102.41496628360845,0,0,0,0,0,0
14.833327399999478,1863.6365966796875,-3340.370849609375,210.6383056640625,102.67598240324159,0.0,0.0,25.082606077194214,8,2,2,32,13,23,14,7,3,13,2,3,16,1,0,1863.6366496428484,-3340.3707326461763,102.67598240324159,0,0,0,0,0,0
14.958327349999466,1863.67431640625,-3343.014404296875,210.05108642578125,102.63209073598452,0.0,0.0,24.167151749134064,8,2,2,32,13,23,14,7,3,13,2,3,16,1,0,1863.674286830977,-3343.014469040857,102.63209073598452,0,0,0,0,0,0
15.166660599999448,1863.2545166015625,-3346.57275390625,209.83306884765625,102.48759717668976,0.0,0.0,21.67656719684601,8,2,2,32,13,23,14,7,3,13,2,3,16,1,0,1863.2544788939222,-3346.5727501322754,102.48759717668976,0,0,0,0,0,0
15.333327199999433,1862.5654296875,-3348.850830078125,210.55413818359375,102.39340512527836,0.0,0.0,17.748887836933136,8,2,2,32,13,23,14,7,3,13,2,3,16,1,0,1862.5654474693074,-3348.850746311511,102.39340512527836,0,0,0,0,0,0
15.499993799999418,1862.673583984375,-3351.283203125,211.92379760742188,102.37304985770166,0.0,0.0,13.098227977752686,8,2,2,32,13,23,14,7,3,13,2,3,16,1,0,1862.6735961230345,-3351.2831302575273,102.37304985770166,0,0,0,0,0,0
15.708327049999399,1863.3123779296875,-3353.647705078125,210.90501403808594,102.30854383308164,0.0,0.0,8.745952695608139,8,2,2,32,13,23,14,7,3,13,2,3,16,1,0,1863.3124135719522,-3353.647705356687,102.30854383308164,0,0,0,0,0,0
15.874993649999384,1863.6138916015625,-3354.8740234375,209.68650817871094,102.2317324647823,0.0,0.0,4.756826162338257,8,2,2,32,13,23,14,7,3,13,2,3,16,1,0,1863.6138629002328,-3354.8739352095936,102.2317324647823,0,0,0,0,0,0
16.083326899999367,1863.6231689453125,-3355.404052734375,209.96414184570312,102.10978222768425,0.0,0.0,1.5927286818623543,8,2,2,32,13,23,14,7,3,13,2,3,16,1,0,1863.6231859866318,-3355.403940265626,102.10978222768425,0,0,0,0,0,0
16.29166014999935,1863.2374267578125,-3355.0283203125,210.75489807128906,102.00067387863663,0.0,0.0,3.6110803484916687,8,2,2,32,13,23,14,7,3,13,2,3,16,1,0,1863.2374270839164,-3355.0283826756618,102.00067387863663,0,0,0,0,0,0
16.458326749999333,1862.9571533203125,-3354.402587890625,210.8686065673828,101.93352793900239,0.0,0.0,5.019302666187286,8,2,2,32,13,23,14,7,3,13,2,3,16,1,0,1862.9571002013463,-3354.402602926016,101.93352793900239,0,0,0,0,0,0
16.583326699999322,1862.83251953125,-3353.75146484375,210.56954956054688,101.88467875391319,0.0,0.0,6.66554868221283,8,2,2,32,13,23,14,7,3,13,2,3,16,1,0,1862.8325742610066,-3353.751439179736,101.88467875391319,0,0,0,0,0,0
16.791659949999303,1862.592041015625,-3352.242919921875,209.9511260986328,101.79365851781067,0.0,0.0,9.096448868513107,8,2,2,32,13,23,14,7,3,13,2,3,16,1,0,1862.5921002277448,-3352.24302419506,101.79365851781067,0,0,0,0,0,0
16.95832654999929,1862.2386474609375,-3350.658447265625,209.86570739746094,101.71189610015573,0.0,0.0,10.688857734203339,8,2,2,32,13,23,14,7,3,13,2,3,16,1,0,1862.238638594225,-3350.658534374727,101.71189610015573,0,0,0,0,0,0
17.16665979999927,1861.643798828125,-3348.341552734375,210.0949249267578,101.61371712731074,0.0,0.0,11.985477805137634,8,2,2,32,13,23,14,7,3,13,2,3,16,1,0,1861.6438438240707,-3348.341481240119,101.61371712731074,0,0,0,0,0,0
17.333326399999255,1861.21630859375,-3346.75634765625,210.17596435546875,101.58105289140047,0.0,0.0,6.25651553273201,8,2,2,32,13,23,14,7,3,13,2,3,16,1,0,1861.2163075276662,-3346.756354345205,101.58105289140047,0,0,0,0,0,0
17.458326349999243,1861.0723876953125,-3346.47802734375,210.13551330566406,101.59231615593127,0.0,0.0,0.8627980947494507,8,2,2,32,13,23,14,7,3,13,2,3,16,1,0,1861.0723953842548,-3346.478046769817,101.59231615593127,0,0,0,0,0,0
17.62499294999923,1861.0771484375,-3347.148681640625,210.0014190673828,101.59269301445315,0.0,0.0,6.007634475827217,8,2,2,32,13,23,14,7,3,13,2,3,16,1,0,1861.0771538832328,-3347.148672491897,101.59269301445315,0,0,0,0,0,0
17.791659549999213,1861.1689453125,-3348.161865234375,209.94960021972656,101.55023748339931,0.0,0.0,5.40752038359642,8,2,2,32,13,23,14,7,3,13,2,3,16,1,0,1861.1689476579254,-3348.1618825924947,101.55023748339931,0,0,0,0,0,0
17.999992799999195,1861.25244140625,-3348.95751953125,210.0105438232422,101.4637958705209,0.0,0.0,2.434433624148369,8,2,2,32,13,23,14,7,3,13,2,3,16,1,0,1861.252402944363,-3348.95756452159,101.4637958705209,0,0,0,0,0,0
18.208326049999176,1861.2432861328125,-3349.205078125,210.007080078125,101.3745536732088,0.0,0.0,0.25249726604670286,8,2,2,32,13,23,14,7,3,13,2,3,16,1,0,1861.2433200302792,-3349.204970671413,101.3745536732088,0,0,0,0,0,0
18.416659299999157,1861.156982421875,-3349.166259765625,209.933837890625,101.30480310514604,0.0,0.0,0.3279317868873477,8,2,2,32,13,23,14,7,3,13,2,3,16,1,0,1861.156980594302,-3349.1661524492615,101.30480310514604,0,0,0,0,0,0
18.70832584999913,1861.0653076171875,-3349.5439453125,209.91232299804688,101.23014945613649,0.0,0.0,2.1663499996066093,8,2,2,32,13,23,14,7,3,13,2,3,16,1,0,1861.0653168128515,-3349.5439689759437,101.23014945613649,0,0,0,0,0,0
18.999992399999105,1861.017333984375,-3350.1845703125,209.9336700439453,101.14177428782652,0.0,0.0,1.8597465008497238,8,2,2,32,13,23,14,7,3,13,2,3,16,1,0,1861.0173729713476,-3350.1846343642947,101.14177428782652,0,0,0,0,0,0
19.208325649999086,1861.1568603515625,-3352.563232421875,209.86767578125,101.16684980815461,-1.0,-1.0,41.93849265575409,8,2,2,32,13,23,14,7,3,13,2,3,16,1,0,1861.156863374711,-3352.563220566364,101.16684980815461,0,0,0,0,0,0
19.416658899999067,1865.817626953125,-3374.587158203125,210.3306884765625,101.544942030162,-1.0,-1.0,147.7879285812378,8,2,2,32,13,23,14,7,3,13,2,3,16,1,0,1865.8176630824523,-3374.5870778841704,101.544942030162,0,0,0,0,0,0
19.62499214999905,1874.6097412109375,-3417.890625,216.98155212402344,102.24859081154064,-1.0,-1.0,259.07142162323,8,2,2,32,13,23,14,7,3,13,2,3,16,1,0,1874.6097625290922,-3417.8905978455655,102.24859081154064,0,0,0,0,0,0
19.874992049999026,1882.8692626953125,-3497.578857421875,217.55613708496094,104.05687305697401,-1.0,-1.0,384.5043182373047,9,2,2,32,13,24,14,7,3,13,2,3,17,1,0,1882.8692699005614,-3497.578799487994,104.05687305697401,0,0,0,0,0,0
20.124991949999004,1892.4664306640625,-3605.46142578125,212.47018432617188,107.24048010193275,-1.0,-1.0,490.9176826477051,9,2,2,32,13,26,15,7,3,13,2,3,18,1,0,1892.4664873253953,-3605.461304954192,107.24048010193275,0,0,0,0,0,0
20.37499184999898,1910.019775390625,-3734.799560546875,212.72872924804688,111.88550622527784,0.0,-1.0,541.9797897338867,10,2,2,32,13,28,16,7,3,13,2,3,19,1,0,1910.0197353999743,-3734.7994976697564,111.88550622527784,0,0,0,0,0,0
20.62499174999896,1930.675537109375,-3856.693115234375,215.219482421875,117.74696784944776,0.0,0.0,468.86277198791504,9,2,2,32,13,30,17,7,3,13,2,3,20,1,0,1930.675532209667,-3856.693004117345,117.74696784944776,0,0,0,0,0,0
20.83332499999894,1951.8692626953125,-3940.76806640625,220.07081604003906,122.59817189987741,1.0,1.0,335.2023124694824,9,2,2,32,13,30,17,7,3,13,2,3,20,1,0,1951.8692197748924,-3940.768165639352,122.59817189987741,0,0,0,0,0,0
21.083324899998917,1972.99365234375,-3996.145263671875,218.75650024414062,125.99794468791575,1.0,1.0,131.67940378189087,9,2,2,32,13,32,18,7,3,13,2,3,21,1,0,1972.99370063658,-3996.145335511652,125.99794468791575,0,0,0,0,0,0
21.37499144999889,1975.8543701171875,-3998.587158203125,221.3993682861328,126.38972547299589,0.0,1.0,73.58447909355164,9,2,2,32,13,32,18,7,3,13,2,3,21,1,0,1975.854364078143,-3998.5870587120735,126.38972547299589,0,0,0,0,0,0
21.583324699998872,1969.78125,-3984.954833984375,219.69754028320312,125.79222411926149,0.0,0.0,72.57541418075562,9,2,2,32,13,32,18,7,3,13,2,3,21,1,0,1969.7812929434035,-3984.954784174528,125.79222411926149,0,0,0,0,0,0
21.749991299998857,1964.4852294921875,-3973.8154296875,218.8877716064453,125.29130260755653,0.0,0.0,71.97388410568237,9,2,2,32,13,32,18,7,3,13,2,3,21,1,0,1964.48522939803,-3973.81541606817,125.29130260755653,0,0,0,0,0,0
21.95832454999884,1958.0372314453125,-3960.182861328125,218.02166748046875,124.73610753676972,0.0,0.0,72.18595743179321,9,2,2,32,13,32,18,7,3,13,2,3,21,1,0,1958.037238522807,-3960.182740982804,124.73610753676972,0,0,0,0,0,0
22.16665779999882,1951.822509765625,-3946.998046875,217.60360717773438,124.23248630479563,0.0,0.0,66.88451766967773,9,2,2,32,13,32,18,7,3,13,2,3,21,1,0,1951.8225260169502,-3946.9979951431887,124.23248630479563,0,0,0,0,0,0
22.3749910499988,1945.676513671875,-3934.525146484375,216.66729736328125,123.81358426537489,0.0,0.0,66.28409624099731,9,2,2,32,13,32,18,7,3,13,2,3,21,1,0,1945.6765136663282,-3934.5252677389262,123.81358426537489,0,0,0,0,0,0
22.583324299998782,1937.92333984375,-3922.817626953125,215.19573974609375,123.74750918317555,0.0,0.0,64.67660665512085,9,2,2,32,13,32,18,7,3,13,2,3,21,1,0,1937.9233455382782,-3922.8177315370053,123.74750918317555,0,0,0,0,0,0
22.70832424999877,1933.4000244140625,-3915.962158203125,214.94358825683594,123.71474648942254,0.0,0.0,63.84342908859253,8,2,2,32,13,32,18,7,3,13,2,3,21,1,0,1933.4000823682459,-3915.9621886851796,123.71474648942254,0,0,0,0,0,0
22.874990849998756,1927.453857421875,-3907.053955078125,214.70233154296875,123.66966040503216,0.0,0.0,62.87539601325989,8,2,2,32,13,32,18,7,3,13,2,3,21,1,0,1927.4538248562035,-3907.0540151857685,123.66966040503216,0,0,0,0,0,0
23.083324099998737,1920.0863037109375,-3896.2509765625,213.64166259765625,123.6320955482342,0.0,0.0,59.190958738327026,8,2,2,32,13,32,18,7,3,13,2,3,21,1,0,1920.0863258962813,-3896.250941490157,123.6320955482342,0,0,0,0,0,0
23.208324049998726,1916.09765625,-3890.29150390625,213.53689575195312,123.6044971241748,0.0,0.0,54.24039363861084,8,2,2,32,13,32,18,7,3,13,2,3,21,1,0,1916.0976882858413,-3890.291420728023,123.6044971241748,0,0,0,0,0,0
23.416657299998707,1909.72607421875,-3881.15185546875,213.5626678466797,123.62860286173125,0.0,0.0,50.825434923172,8,2,2,32,13,32,18,7,3,13,2,3,21,1,0,1909.726047606408,-3881.1518942586495,123.62860286173125,0,0,0,0,0,0
23.583323899998692,1904.998291015625,-3874.494873046875,213.04071044921875,123.64451281414408,0.0,0.0,46.14810645580292,8,2,2,32,13,32,18,7,3,13,2,3,21,1,0,1904.9982638368022,-3874.494762243013,123.64451281414408,0,0,0,0,0,0
23.791657149998674,1899.45166015625,-3866.769775390625,212.75271606445312,123.66978018405815,0.0,0.0,44.22158896923065,8,2,2,32,13,32,18,7,3,13,2,3,21,1,0,1899.4516275226028,-3866.7697081433344,123.66978018405815,0,0,0,0,0,0
23.95832374999866,1895.154296875,-3860.74072265625,212.52870178222656,123.69677557975956,0.0,0.0,42.05215871334076,8,2,2,32,13,32,18,7,3,13,2,3,21,1,0,1895.154250343113,-3860.7406927342327,123.69677557975956,0,0,0,0,0,0
24.083323699998648,1892.2391357421875,-3856.57666015625,212.38902282714844,123.71629339881258,0.0,0.0,38.03827464580536,8,2,2,32,13,32,18,7,3,13,2,3,21,1,0,1892.239173839064,-3856.5765510083756,123.71629339881258,0,0,0,0,0,0
24.249990299998633,1888.7684326171875,-3851.6669921875,212.3724822998047,123.74182211887977,0.0,0.0,33.320945501327515,8,2,2,32,13,32,18,7,3,13,2,3,21,1,0,1888.7683907958153,-3851.6669180042654,123.74182211887977,0,0,0,0,0,0
24.416656899998618,1885.5946044921875,-3847.2861328125,212.2191619873047,123.76166430205845,0.0,0.0,31.201162934303284,8,2,2,32,13,33,18,7,3,13,2,3,22,1,0,1885.5945602244763,-3847.2861859630207,123.76166430205845,0,0,0,0,0,0
24.6249901499986,1881.5758056640625,-3841.9111328125,211.802734375,123.77223854363723,0.0,0.0,32.313668727874756,8,2,2,32,13,33,18,7,3,13,2,3,22,1,0,1881.5757965452872,-3841.91109894874,123.77223854363723,0,0,0,0,0,0
24.83332339999858,1877.56201171875,-3836.39013671875,211.34576416015625,123.78426789008715,0.0,0.0,31.26804828643799,8,2,2,32,13,33,18,7,3,13,2,3,22,1,0,1877.562049224941,-3836.3902114865887,123.78426789008715,0,0,0,0,0,0
24.999989999998565,1874.6370849609375,-3832.263916015625,211.076171875,123.80183401341152,0.0,0.0,28.479114174842834,8,2,2,32,13,33,18,7,3,13,2,3,22,1,0,1874.637113670516,-3832.2638951465583,123.80183401341152,0,0,0,0,0,0
25.208323249998546,1871.2313232421875,-3827.702880859375,211.04067993164062,123.82611135965033,0.0,0.0,25.526809692382812,8,2,2,32,13,33,18,7,3,13,2,3,22,1,0,1871.2313134148196,-3827.702869135488,123.82611135965033,0,0,0,0,0,0
25.416656499998528,1868.1094970703125,-3823.646240234375,210.92330932617188,123.86240709082317,0.0,0.0,23.095345497131348,8,2,2,32,13,33,18,7,3,13,2,3,22,1,0,1868.1095480622012,-3823.6461860554746,123.86240709082317,0,0,0,0,0,0
25.62498974999851,1865.1678466796875,-3819.958984375,210.8531036376953,123.89596936079104,0.0,0.0,21.449938416481018,8,2,2,32,13,33,18,7,3,13,2,3,22,1,0,1865.1677877626148,-3819.9589693143744,123.89596936079104,0,0,0,0,0,0
25.749989699998498,1863.57861328125,-3817.92578125,210.918701171875,123.90032961186367,0.0,0.0,19.992510974407196,8,2,2,32,13,33,18,7,3,13,2,3,22,1,0,1863.5785570031671,-3817.9257840260634,123.90032961186367,0,0,0,0,0,0
25.916656299998483,1861.6549072265625,-3815.38330078125,210.90054321289062,123.8914501977799,0.0,0.0,18.175894021987915,8,2,2,32,13,33,18,7,3,13,2,3,22,1,0,1861.6548892700414,-3815.3833813536153,123.8914501977799,0,0,0,0,0,0
26.124989549998464,1859.48876953125,-3812.535888671875,210.7562713623047,123.87320398333789,0.0,0.0,16.220074892044067,8,2,2,32,13,33,18,7,3,13,2,3,22,1,0,1859.4888103969627,-3812.535926218666,123.87320398333789,0,0,0,0,0,0
26.333322799998445,1857.5406494140625,-3810.052001953125,210.6617431640625,123.87281334865135,0.0,0.0,13.998618721961975,9,2,2,32,13,33,18,7,3,13,2,3,22,1,0,1857.540620005868,-3810.051993200236,123.87281334865135,0,0,0,0,0,0
26.541656049998426,1855.8365478515625,-3807.979248046875,210.56613159179688,123.89562497142123,0.0,0.0,11.833374947309494,9,2,2,32,13,33,18,7,3,13,2,3,22,1,0,1855.836498428723,-3807.9791351028234,123.89562497142123,0,0,0,0,0,0
26.749989299998408,1854.2730712890625,-3806.11572265625,210.56480407714844,123.92996543622553,0.0,0.0,11.366698890924454,9,2,2,32,13,33,18,7,3,13,2,3,22,1,0,1854.2730199817336,-3806.1158414580113,123.92996543622553,0,0,0,0,0,0
26.95832254999839,1852.650146484375,-3804.205322265625,210.518798828125,123.97320215858295,0.0,0.0,12.413885444402695,9,2,2,32,13,33,18,7,3,13,2,3,22,1,0,1852.6501701752486,-3804.205211668058,123.97320215858295,0,0,0,0,0,0
27.124989149998374,1851.1964111328125,-3802.478515625,210.45211791992188,124.01419180144251,0.0,0.0,14.119549095630646,9,2,2,32,13,33,18,7,3,13,2,3,22,1,0,1851.1964510410041,-3802.478416263624,124.01419180144251,0,0,0,0,0,0
27.333322399998355,1849.0863037109375,-3799.925537109375,210.36273193359375,124.07360667129925,0.0,0.0,16.747067868709564,10,2,2,32,13,33,18,7,3,13,2,3,22,1,0,1849.0863512023857,-3799.9255495528537,124.07360667129925,0,0,0,0,0,0
27.458322349998344,1847.73388671875,-3798.2060546875,210.34303283691406,124.11008732525701,0.0,0.0,17.007243633270264,10,2,2,32,13,33,18,7,3,13,2,3,22,1,0,1847.7338683326038,-3798.2060405662396,124.11008732525701,0,0,0,0,0,0
27.666655599998325,1845.6180419921875,-3795.399169921875,210.3252716064453,124.1630691363024,0.0,0.0,15.390340983867645,10,2,2,32,13,33,18,7,3,13,2,3,22,1,0,1845.618024464717,-3795.3990689432835,124.1630691363024,0,0,0,0,0,0
27.874988849998307,1843.8834228515625,-3793.095947265625,210.20509338378906,124.20247660433061,0.0,0.0,11.328872293233871,9,2,2,32,13,33,18,7,3,13,2,3,22,1,0,1843.883404505252,-3793.0959323462594,124.20247660433061,0,0,0,0,0,0
28.04165544999829,1842.9468994140625,-3791.9052734375,210.2288818359375,124.22106829498834,0.0,0.0,6.787702441215515,9,2,2,32,13,33,18,7,3,13,2,3,22,1,0,1842.946935603638,-3791.9052093264163,124.22106829498834,0,0,0,0,0,0
28.208322049998277,1842.4395751953125,-3791.3828125,210.32362365722656,124.23062185355319,0.0,0.0,2.1864838898181915,9,2,2,32,13,33,18,7,3,13,2,3,22,1,0,1842.4395500991395,-3791.3827558543117,124.23062185355319,0,0,0,0,0,0
28.333321999998265,1842.3544921875,-3791.383544921875,210.3090057373047,124.23383844868162,0.0,0.0,1.218962762504816,9,2,2,32,13,33,18,7,3,13,2,3,22,1,0,1842.354550187191,-3791.383589818271,124.23383844868162,0,0,0,0,0,0
28.49998859999825,1842.6090087890625,-3791.849609375,210.2584228515625,124.2318816073506,0.0,0.0,4.838143661618233,9,2,2,32,13,33,18,7,3,13,2,3,22,1,0,1842.6089685636075,-3791.8494929541444,124.2318816073506,0,0,0,0,0,0
28.666655199998235,1843.195556640625,-3792.734130859375,210.23512268066406,124.22811940262247,0.0,0.0,7.494094222784042,9,2,2,32,13,33,18,7,3,13,2,3,22,1,0,1843.195534011828,-3792.734054311798,124.22811940262247,0,0,0,0,0,0
28.874988449998217,1844.2188720703125,-3794.202880859375,210.20106506347656,124.22725085701329,0.0,0.0,8.99496078491211,9,2,2,32,13,33,18,7,3,13,2,3,22,1,0,1844.218818206167,-3794.202774005981,124.22725085701329,0,0,0,0,0,0
29.0416550499982,1845.056640625,-3795.47412109375,210.26760864257812,124.23170739273394,0.0,0.0,8.652491122484207,10,2,2,32,13,33,18,7,3,13,2,3,22,1,0,1845.05669176265,-3795.474160022435,124.23170739273394,0,0,0,0,0,0
29.249988299998183,1845.9454345703125,-3796.876220703125,210.3156280517578,124.24707248812149,0.0,0.0,6.831358373165131,10,2,2,32,13,33,18,7,3,13,2,3,22,1,0,1845.9454722280313,-3796.876223138128,124.24707248812149,0,0,0,0,0,0
29.458321549998164,1846.5291748046875,-3797.884521484375,210.32456970214844,124.26908229696525,0.0,0.0,4.171261191368103,10,2,2,32,13,33,18,7,3,13,2,3,22,1,0,1846.5291847899089,-3797.8845369506644,124.26908229696525,0,0,0,0,0,0
29.666654799998145,1846.74853515625,-3798.40673828125,210.342529296875,124.29630981177321,0.0,0.0,1.3930385001003742,9,2,2,32,13,33,18,7,3,13,2,3,22,1,0,1846.7484950186006,-3798.406703378795,124.29630981177321,0,0,0,0,0,0
29.874988049998127,1846.627685546875,-3798.449462890625,210.3427734375,124.32654887651819,0.0,0.0,1.4298965223133564,9,2,2,32,13,33,18,7,3,13,2,3,22,1,0,1846.6277304355035,-3798.449482964425,124.32654887651819,0,0,0,0,0,0
30.04165464999811,1846.3341064453125,-3798.195068359375,210.33653259277344,124.35147242993206,0.0,0.0,2.9040809720754623,9,2,2,32,13,33,18,7,3,13,2,3,22,1,0,1846.334085653884,-3798.1950165669027,124.35147242993206,0,0,0,0,0,0
30.208321249998097,1845.924560546875,-3797.761962890625,210.32730102539062,124.37615041577803,0.0,0.0,3.850112110376358,9,2,2,32,13,33,18,7,3,13,2,3,22,1,0,1845.9246065044877,-3797.76191096261,124.37615041577803,0,0,0,0,0,0
30.37498784999808,1845.4571533203125,-3797.232177734375,210.31150817871094,124.39980904556066,0.0,0.0,4.219582676887512,9,2,2,32,13,33,18,7,3,13,2,3,22,1,0,1845.4570946364395,-3797.2320929745806,124.39980904556066,0,0,0,0,0,0
30.541654449998067,1844.9913330078125,-3796.69091796875,210.29153442382812,124.42177498856668,0.0,0.0,3.9859171956777573,9,2,2,32,13,33,18,7,3,13,2,3,22,1,0,1844.9913191903665,-3796.6909644221537,124.42177498856668,0,0,0,0,0,0
30.70832104999805,1844.581787109375,-3796.21826171875,210.27163696289062,124.44159656501681,0.0,0.0,3.234190493822098,10,2,2,32,13,33,18,7,3,13,2,3,22,1,0,1844.5817467215186,-3796.218275350546,124.44159656501681,0,0,0,0,0,0
30.874987649998037,1844.271240234375,-3795.878173828125,210.2546844482422,124.45905499817144,0.0,0.0,2.110866457223892,10,2,2,32,13,33,18,7,3,13,2,3,22,1,0,1844.2712417286473,-3795.8782703813413,124.45905499817144,0,0,0,0,0,0
31.083320899998018,1844.0601806640625,-3795.697021484375,210.24148559570312,124.47788829940318,0.0,0.0,0.5514741875231266,10,2,2,32,13,33,18,7,3,13,2,3,22,1,0,1844.0601829912573,-3795.6970517803356,124.47788829940318,0,0,0,0,0,0
31.249987499998003,1844.035400390625,-3795.753173828125,210.2389373779297,124.4912667363951,0.0,0.0,0.8374975062906742,10,2,2,32,13,33,18,7,3,13,2,3,22,1,0,1844.0353911047882,-3795.7531887466994,124.4912667363951,0,0,0,0,0,0
31.458320749997984,1844.1512451171875,-3796.032958984375,210.2440948486328,124.50710673214427,0.0,0.0,1.9346406683325768,9,2,2,32,13,33,18,7,3,13,2,3,22,1,0,1844.1511912229246,-3796.0328894262225,124.50710673214427,0,0,0,0,0,0
31.541654049997977,1844.2294921875,-3796.191650390625,210.2478485107422,124.51342729287721,0.0,0.0,2.220585010945797,9,2,2,32,13,33,18,7,3,13,2,3,22,1,0,1844.2295426379105,-3796.1917637020406,124.51342729287721,0,0,0,0,0,0
31.749987299997958,1844.4599609375,-3796.6455078125,210.2589569091797,124.53012882796331,0.0,0.0,2.4841777980327606,9,2,2,32,13,33,18,7,3,13,2,3,22,1,0,1844.459986239254,-3796.6455747873615,124.53012882796331,0,0,0,0,0,0
31.916653899997943,1844.6380615234375,-3797.009765625,210.26768493652344,124.54479271745258,0.0,0.0,2.276822179555893,9,2,2,32,13,33,18,7,3,13,2,3,22,1,0,1844.6380517755208,-3797.0098026978426,124.54479271745258,0,0,0,0,0,0
32.08332049999793,1844.774658203125,-3797.324462890625,210.27476501464844,124.56072214931487,0.0,0.0,1.7933696508407593,9,2,2,32,13,33,18,7,3,13,2,3,22,1,0,1844.7746534051369,-3797.3244071469244,124.56072214931487,0,0,0,0,0,0
32.24998709999792,1844.849853515625,-3797.558837890625,210.2793731689453,124.57778731113183,0.0,0.0,1.1876145377755165,9,2,2,32,13,33,18,7,3,13,2,3,22,1,0,1844.8498607464362,-3797.558890233414,124.57778731113183,0,0,0,0,0,0
32.374987049997905,1844.861572265625,-3797.67431640625,210.2810516357422,124.59113979562579,0.0,0.0,0.7361202966421843,9,2,2,32,13,33,18,7,3,13,2,3,22,1,0,1844.8616070009812,-3797.674313777462,124.59113979562579,0,0,0,0,0,0
32.54165364999789,1844.815673828125,-3797.742919921875,210.2812957763672,124.60930161272083,0.0,0.0,0.47563575208187103,9,2,2,32,13,33,18,7,3,13,2,3,22,1,0,1844.8157253723348,-3797.7428802426784,124.60930161272083,0,0,0,0,0,0
32.708320249997875,1844.7109375,-3797.7265625,210.2789764404297,124.62745392419414,0.0,0.0,0.7779077161103487,9,2,2,32,13,33,18,7,3,13,2,3,22,1,0,1844.7109965528807,-3797.7265564703052,124.62745392419414,0,0,0,0,0,0
32.91665349999786,1844.5269775390625,-3797.625,210.2730255126953,124.64961701248843,0.0,0.0,1.0859712027013302,9,2,2,32,13,33,18,7,3,13,2,3,22,1,0,1844.526948628819,-3797.6250576361062,124.64961701248843,0,0,0,0,0,0
33.041653449997845,1844.405029296875,-3797.54443359375,210.26856994628906,124.66243210920405,0.0,0.0,1.122068241238594,9,2,2,32,13,33,18,7,3,13,2,3,22,1,0,1844.40507178658,-3797.5443694182522,124.66243210920405,0,0,0,0,0,0
33.20832004999783,1844.24951171875,-3797.44140625,210.26243591308594,124.67871820217404,0.0,0.0,0.9794805198907852,9,2,2,32,13,33,18,7,3,13,2,3,22,1,0,1844.249488409341,-3797.441498723714,124.67871820217404,0,0,0,0,0,0
33.374986649997815,1844.1220703125,-3797.372802734375,210.2566680908203,124.69403814448755,0.0,0.0,0.6797865498811007,9,2,2,32,13,33,18,7,3,13,2,3,22,1,0,1844.1221150994518,-3797.372730385761,124.69403814448755,0,0,0,0,0,0
33.5416532499978,1844.0330810546875,-3797.355224609375,210.2524871826172,124.70849907509368,0.0,0.0,0.416783569380641,9,2,2,32,13,33,18,7,3,13,2,3,22,1,0,1844.0330410398349,-3797.355303803038,124.70849907509368,0,0,0,0,0,0
33.708319849997785,1843.9808349609375,-3797.389892578125,210.25051879882812,124.72227336343026,0.0,0.0,0.4207461606711149,9,2,2,32,13,33,18,7,3,13,2,3,22,1,0,1843.9808480339966,-3797.3898816885317,124.72227336343026,0,0,0,0,0,0
33.87498644999777,1843.9615478515625,-3797.470947265625,210.24996948242188,124.735623447419,0.0,0.0,0.6129360757768154,9,2,2,32,13,33,18,7,3,13,2,3,22,1,0,1843.9615969359088,-3797.470925666447,124.735623447419,0,0,0,0,0,0
34.041653049997755,1843.96630859375,-3797.58642578125,210.2504425048828,124.7487463156496,0.0,0.0,0.7773304358124733,9,2,2,32,13,33,18,7,3,13,2,3,22,1,0,1843.9662993445456,-3797.586462418936,124.7487463156496,0,0,0,0,0,0
34.24998629999774,1843.9871826171875,-3797.75537109375,210.25209045410156,124.76523156304226,0.0,0.0,0.8434891700744629,9,2,2,32,13,33,18,7,3,13,2,3,22,1,0,1843.9871383123022,-3797.7552783298647,124.76523156304226,0,0,0,0,0,0
34.41665289999772,1844.001220703125,-3797.889404296875,210.25360107421875,124.77867671426851,0.0,0.0,0.7848786190152168,9,2,2,32,13,33,18,7,3,13,2,3,22,1,0,1844.0012091610458,-3797.8894363254462,124.77867671426851,0,0,0,0,0,0
34.58331949999771,1844.002197265625,-3798.008056640625,210.25460815429688,124.79227630662767,0.0,0.0,0.6626364309340715,9,2,2,32,13,33,18,7,3,13,2,3,22,1,0,1844.0022370791396,-3798.0080575485167,124.79227630662767,0,0,0,0,0,0
34.79165274999769,1843.9774169921875,-3798.12158203125,210.25498962402344,124.80948256099802,0.0,0.0,0.49789510667324066,9,2,2,32,13,33,18,7,3,13,2,3,22,1,0,1843.9773871120585,-3798.121501785623,124.80948256099802,0,0,0,0,0,0
34.91665269999768,1843.9476318359375,-3798.1689453125,210.254638671875,124.81982691488719,0.0,0.0,0.4351177252829075,9,2,2,32,13,33,18,7,3,13,2,3,22,1,0,1843.9476763447751,-3798.1690459446013,124.81982691488719,0,0,0,0,0,0
35.08331929999766,1843.89306640625,-3798.2109375,210.2534637451172,124.833488067632,0.0,0.0,0.4137428943067789,9,2,2,32,13,33,18,7,3,13,2,3,22,1,0,1843.8930708315354,-3798.2109908482385,124.833488067632,0,0,0,0,0,0
35.24998589999765,1843.826416015625,-3798.234619140625,210.25172424316406,124.84693322650051,0.0,0.0,0.4251129925251007,9,2,2,32,13,33,18,7,3,13,2,3,22,1,0,1843.8264710679898,-3798.234635337518,124.84693322650051,0,0,0,0,0,0
35.45831914999763,1843.7364501953125,-3798.252197265625,210.24905395507812,124.86324333016923,0.0,0.0,0.42767967097461224,9,2,2,32,13,33,18,7,3,13,2,3,22,1,0,1843.7364522447576,-3798.252280312364,124.86324333016923,0,0,0,0,0,0
35.66665239999761,1843.650634765625,-3798.273193359375,210.24636840820312,124.87891301023915,0.0,0.0,0.4025059286504984,9,2,2,32,13,33,18,7,3,13,2,3,22,1,0,1843.6505917773395,-3798.273268700263,124.87891301023915,0,0,0,0,0,0
35.7916523499976,1843.60498046875,-3798.29345703125,210.2449493408203,124.88803637035319,0.0,0.0,0.39080209098756313,9,2,2,32,13,33,18,7,3,13,2,3,22,1,0,1843.6049838349895,-3798.2933402841118,124.88803637035319,0,0,0,0,0,0
35.99998559999758,1843.5421142578125,-3798.34423828125,210.2431182861328,124.90279113856614,0.0,0.0,0.4038115032017231,9,2,2,32,13,33,18,7,3,13,2,3,22,1,0,1843.5421603176703,-3798.344269193776,124.90279113856614,0,0,0,0,0,0
36.166652199997564,1843.5035400390625,-3798.401123046875,210.24217224121094,124.91428030579132,0.0,0.0,0.44015953317284584,9,2,2,32,13,33,18,7,3,13,2,3,22,1,0,1843.5034833489422,-3798.4010665057617,124.91428030579132,0,0,0,0,0,0
36.374985449997546,1843.4658203125,-3798.487548828125,210.24156188964844,124.92838065195518,0.0,0.0,0.48273750580847263,9,2,2,32,13,33,18,7,3,13,2,3,22,1,0,1843.465834662015,-3798.487531353372,124.92838065195518,0,0,0,0,0,0
36.499985399997534,1843.4462890625,-3798.544189453125,210.24139404296875,124.93675305959667,0.0,0.0,0.4949865397065878,9,2,2,32,13,33,18,7,3,13,2,3,22,1,0,1843.4462547718952,-3798.5441138880387,124.93675305959667,0,0,0,0,0,0
36.54165204999753,1843.4398193359375,-3798.563232421875,210.24134826660156,124.93953658860654,0.0,0.0,0.496120098978281,9,2,2,32,13,33,18,7,3,13,2,3,22,1,0,1843.439861266534,-3798.563262485444,124.93953658860654,0,0,0,0,0,0
36.74998529999751,1843.4063720703125,-3798.65771484375,210.24114990234375,124.95340499268207,0.0,0.0,0.48334882594645023,9,2,2,32,13,33,18,7,3,13,2,3,22,1,0,1843.4064063068863,-3798.6576356015576,124.95340499268207,0,0,0,0,0,0
36.9166518999975,1843.3751220703125,-3798.727783203125,210.2408905029297,124.96445293705983,0.0,0.0,0.4584559239447117,9,2,2,32,13,33,18,7,3,13,2,3,22,1,0,1843.3751820186267,-3798.7277082757246,124.96445293705983,0,0,0,0,0,0
37.12498514999748,1843.328125,-3798.804443359375,210.24026489257812,124.97812717426794,0.0,0.0,0.4262870643287897,9,2,2,32,13,33,18,7,3,13,2,3,22,1,0,1843.328114196293,-3798.804402667851,124.97812717426794,0,0,0,0,0,0
37.24998509999747,1843.2955322265625,-3798.84423828125,210.23973083496094,124.9862220425195,0.0,0.0,0.4129617940634489,9,2,2,32,13,33,18,7,3,13,2,3,22,1,0,1843.2955079979354,-3798.8442863305545,124.9862220425195,0,0,0,0,0,0
37.374985049997456,1843.26025390625,-3798.880126953125,210.2390899658203,124.99422122601598,0.0,0.0,0.40399739518761635,9,2,2,32,13,33,18,7,3,13,2,3,22,1,0,1843.2601936479994,-3798.880185551209,124.99422122601598,0,0,0,0,0,0
37.54165164999744,1843.2103271484375,-3798.923583984375,210.23809814453125,125.00471408640261,0.0,0.0,0.3971521742641926,9,2,2,32,13,33,18,7,3,13,2,3,22,1,0,1843.21029346136,-3798.92356362391,125.00471408640261,0,0,0,0,0,0
37.74998489999742,1843.146484375,-3798.974609375,210.2367401123047,125.01750729442666,0.0,0.0,0.39342776872217655,9,2,2,32,13,33,18,7,3,13,2,3,22,1,0,1843.1464411820875,-3798.9747119190447,125.01750729442666,0,0,0,0,0,0
37.9583181499974,1843.08447265625,-3799.027587890625,210.23541259765625,125.02992447884425,0.0,0.0,0.3950797952711582,9,2,2,32,13,33,18,7,3,13,2,3,22,1,0,1843.084441889036,-3799.027591722242,125.02992447884425,0,0,0,0,0,0
38.166651399997384,1843.0267333984375,-3799.0859375,210.23419189453125,125.04199501887686,0.0,0.0,0.4024636000394821,9,2,2,32,13,33,18,7,3,13,2,3,22,1,0,1843.0267339401457,-3799.086025107417,125.04199501887686,0,0,0,0,0,0
38.29165134999737,1842.9947509765625,-3799.12451171875,210.23345947265625,125.04906589533594,0.0,0.0,0.4093839321285486,9,2,2,32,13,33,18,7,3,13,2,3,22,1,0,1842.9946920814239,-3799.124500095307,125.04906589533594,0,0,0,0,0,0
38.45831794999736,1842.954833984375,-3799.1796875,210.2326202392578,125.05830926086004,0.0,0.0,0.41990717872977257,9,2,2,32,13,33,18,7,3,13,2,3,22,1,0,1842.9548323814238,-3799.1797387975907,125.05830926086004,0,0,0,0,0,0
38.66665119999734,1842.9075927734375,-3799.25244140625,210.23182678222656,125.06970162349036,0.0,0.0,0.42555108666419983,9,2,2,32,13,33,18,7,3,13,2,3,22,1,0,1842.9075551824774,-3799.2524758990257,125.06970162349036,0,0,0,0,0,0
38.833317799997324,1842.8702392578125,-3799.3115234375,210.23123168945312,125.07864283036291,0.0,0.0,0.4261832684278488,9,2,2,32,13,33,18,7,3,13,2,3,22,1,0,1842.8702510687654,-3799.311587058229,125.07864283036291,0,0,0,0,0,0
39.041651049997306,1842.8228759765625,-3799.384765625,210.23049926757812,125.08960797510635,0.0,0.0,0.4227318800985813,9,2,2,32,13,33,18,7,3,13,2,3,22,1,0,1842.822892106646,-3799.384731786452,125.08960797510635,0,0,0,0,0,0
39.24998429999729,1842.7735595703125,-3799.45556640625,210.22975158691406,125.10033530742957,0.0,0.0,0.41704047471284866,9,2,2,32,13,33,18,7,3,13,2,3,22,1,0,1842.7735885048228,-3799.4554923428873,125.10033530742957,0,0,0,0,0,0
39.41665089999727,1842.732421875,-3799.510009765625,210.22906494140625,125.10873374992933,0.0,0.0,0.4124055150896311,9,2,2,32,13,33,18,7,3,13,2,3,22,1,0,1842.7324535607745,-3799.509923830908,125.10873374992933,0,0,0,0,0,0
39.62498414999725,1842.6766357421875,-3799.57275390625,210.22828674316406,125.11888697848289,0.0,0.0,0.4011737182736397,9,2,2,32,13,33,18,7,3,13,2,3,22,1,0,1842.6765984968602,-3799.5726585526468,125.11888697848289,0,0,0,0,0,0
39.79165074999724,1842.625732421875,-3799.614501953125,210.22767639160156,125.1266799750035,0.0,0.0,0.3924267366528511,9,2,2,32,13,33,18,7,3,13,2,3,22,1,0,1842.6257323177285,-3799.6144991731867,125.1266799750035,0,0,0,0,0,0
39.87498404999723,1842.599365234375,-3799.6337890625,210.22718811035156,125.13046232477542,0.0,0.0,0.3898142836987972,9,2,2,32,13,33,18,7,3,13,2,3,22,1,0,1842.599344996082,-3799.633727313504,125.13046232477542,0,0,0,0,0,0
40.08331729999721,1842.533935546875,-3799.681640625,210.225830078125,125.13955434178489,0.0,0.0,0.3887568833306432,9,2,2,32,13,33,18,7,3,13,2,3,22,1,0,1842.5339269521214,-3799.68172180983,125.13955434178489,0,0,0,0,0,0
40.29165054999719,1842.4730224609375,-3799.735595703125,210.2249298095703,125.14816514698707,0.0,0.0,0.3956042230129242,9,2,2,32,13,33,18,7,3,13,2,3,22,1,0,1842.473059864666,-3799.7356003657983,125.14816514698707,0,0,0,0,0,0
40.41665049999718,1842.4395751953125,-3799.772216796875,210.2245635986328,125.15313852460898,0.0,0.0,0.4039785824716091,9,2,2,32,13,33,18,7,3,13,2,3,22,1,0,1842.4396276618666,-3799.77227390794,125.15313852460898,0,0,0,0,0,0
40.58331709999717,1842.3983154296875,-3799.826171875,210.2242431640625,125.15963363491856,0.0,0.0,0.4177238792181015,9,2,2,32,13,33,18,7,3,13,2,3,22,1,0,1842.3983503118563,-3799.8261662261675,125.15963363491856,0,0,0,0,0,0
40.708317049997156,1842.369384765625,-3799.86962890625,210.22409057617188,125.16441285323928,0.0,0.0,0.4266506992280483,9,2,2,32,13,33,18,7,3,13,2,3,22,1,0,1842.3694382846147,-3799.869706558003,125.16441285323928,0,0,0,0,0,0
40.91665029999714,1842.3233642578125,-3799.94580078125,210.2239990234375,125.17226294877996,0.0,0.0,0.43456763960421085,9,2,2,32,13,33,18,7,3,13,2,3,22,1,0,1842.3234003229197,-3799.945778545617,125.17226294877996,0,0,0,0,0,0
41.12498354999712,1842.2772216796875,-3800.0224609375,210.22398376464844,125.18000226033601,0.0,0.0,0.4322461783885956,9,2,2,32,13,33,18,7,3,13,2,3,22,1,0,1842.277277493015,-3800.022445161005,125.18000226033601,0,0,0,0,0,0
41.2916501499971,1842.23828125,-3800.08154296875,210.22396850585938,125.18611660512812,0.0,0.0,0.42418534867465496,9,2,2,32,13,33,18,7,3,13,2,3,22,1,0,1842.2382969913276,-3800.081449491457,125.18611660512812,0,0,0,0,0,0
41.45831674999709,1842.195068359375,-3800.13525390625,210.22398376464844,125.1921285397501,0.0,0.0,0.41184742003679276,9,2,2,32,13,33,18,7,3,13,2,3,22,1,0,1842.1950184006284,-3800.1351941800713,125.1921285397501,0,0,0,0,0,0
41.54165004999708,1842.1717529296875,-3800.159912109375,210.22398376464844,125.19509142456471,0.0,0.0,0.40689921006560326,9,2,2,32,13,33,18,7,3,13,2,3,22,1,0,1842.1717511785807,-3800.1598585993306,125.19509142456471,0,0,0,0,0,0
41.74998329999706,1842.1097412109375,-3800.216064453125,210.22378540039062,125.20235511203704,0.0,0.0,0.4003723617643118,9,2,2,32,13,33,18,7,3,13,2,3,22,1,0,1842.1097159315188,-3800.2160706854434,125.20235511203704,0,0,0,0,0,0
41.95831654999704,1842.0440673828125,-3800.26708984375,210.2235870361328,125.20939887719608,0.0,0.0,0.3986681345850229,9,2,2,32,13,33,18,7,3,13,2,3,22,1,0,1842.0440190361908,-3800.267166050652,125.20939887719608,0,0,0,0,0,0
42.166649799997025,1841.977294921875,-3800.316650390625,210.2234344482422,125.21621631758782,0.0,0.0,0.39795604534447193,9,2,2,32,13,33,18,7,3,13,2,3,22,1,0,1841.97727038768,-3800.316628791652,125.21621631758782,0,0,0,0,0,0
42.33331639999701,1841.924560546875,-3800.35693359375,210.2233428955078,125.22151481381901,0.0,0.0,0.3980761393904686,9,2,2,32,13,33,18,7,3,13,2,3,22,1,0,1841.9245920958788,-3800.3570010993335,125.22151481381901,0,0,0,0,0,0
42.374983049997006,1841.91162109375,-3800.367431640625,210.22332763671875,125.22282335396736,0.0,0.0,0.3982523921877146,9,2,2,32,13,33,18,7,3,13,2,3,22,1,0,1841.9116265215885,-3800.3673522828917,125.22282335396736,0,0,0,0,0,0
42.54164964999699,1841.8599853515625,-3800.41064453125,210.22329711914062,125.2277419085447,0.0,0.0,0.41786148212850094,9,2,2,32,13,33,18,7,3,13,2,3,22,1,0,1841.8600351227976,-3800.410619255036,125.2277419085447,0,0,0,0,0,0
42.74998289999697,1841.7935791015625,-3800.47021484375,210.22390747070312,125.23269935982657,0.0,0.0,0.43516489677131176,9,2,2,32,13,33,18,7,3,13,2,3,22,1,0,1841.7935935141734,-3800.470222872591,125.23269935982657,0,0,0,0,0,0
42.91664949999696,1841.7403564453125,-3800.518798828125,210.22471618652344,125.23662973967886,0.0,0.0,0.4318362567573786,9,2,2,32,13,33,18,7,3,13,2,3,22,1,0,1841.7403877533009,-3800.5189199133433,125.23662973967886,0,0,0,0,0,0
43.08331609999694,1841.686767578125,-3800.56689453125,210.2252197265625,125.24055814895702,0.0,0.0,0.4308793693780899,9,2,2,32,13,33,18,7,3,13,2,3,22,1,0,1841.6867930158776,-3800.566783725301,125.24055814895702,0,0,0,0,0,0
43.20831604999693,1841.645751953125,-3800.6015625,210.22561645507812,125.24349165400825,0.0,0.0,0.43057193979620934,9,2,2,32,13,33,18,7,3,13,2,3,22,1,0,1841.6457601045915,-3800.601633515018,125.24349165400825,0,0,0,0,0,0
43.374982649996916,1841.589599609375,-3800.646240234375,210.22633361816406,125.2474021754968,0.0,0.0,0.4294245969504118,9,2,2,32,13,33,18,7,3,13,2,3,22,1,0,1841.5895503753732,-3800.646158224337,125.2474021754968,0,0,0,0,0,0
43.5416492499969,1841.531494140625,-3800.68798828125,210.22711181640625,125.2513182748967,0.0,0.0,0.42867339216172695,9,2,2,32,13,33,18,7,3,13,2,3,22,1,0,1841.5314568394906,-3800.688057629552,125.2513182748967,0,0,0,0,0,0
43.708315849996886,1841.471435546875,-3800.727294921875,210.2278594970703,125.25524110517217,0.0,0.0,0.42924112640321255,9,2,2,32,13,33,18,7,3,13,2,3,22,1,0,1841.4713989964564,-3800.727202446281,125.25524110517217,0,0,0,0,0,0
43.87498244999687,1841.4091796875,-3800.76318359375,210.2287139892578,125.25916196395139,0.0,0.0,0.42964364401996136,9,2,2,32,13,33,18,7,3,13,2,3,22,1,0,1841.4091760830263,-3800.7632905503897,125.25916196395139,0,0,0,0,0,0
44.041649049996856,1841.3460693359375,-3800.7978515625,210.22958374023438,125.26314436648711,0.0,0.0,0.4289940930902958,9,2,2,32,13,33,18,7,3,13,2,3,22,1,0,1841.3460755678714,-3800.7978171259724,125.26314436648711,0,0,0,0,0,0
44.24998229999684,1841.266357421875,-3800.839599609375,210.2306365966797,125.2681065744344,0.0,0.0,0.42970627546310425,9,2,2,32,13,33,18,7,3,13,2,3,22,1,0,1841.2663322415785,-3800.839525733223,125.2681065744344,0,0,0,0,0,0
44.41664889999682,1841.2020263671875,-3800.8720703125,210.23150634765625,125.2721052285084,0.0,0.0,0.4295031540095806,9,2,2,32,13,33,18,7,3,13,2,3,22,1,0,1841.2020618112106,-3800.8721215292176,125.2721052285084,0,0,0,0,0,0
44.624982149996804,1841.121826171875,-3800.91259765625,210.23257446289062,125.27712143077844,0.0,0.0,0.4280638415366411,9,2,2,32,13,33,18,7,3,13,2,3,22,1,0,1841.1218273888467,-3800.9126830886053,125.27712143077844,0,0,0,0,0,0
44.79164874999679,1841.05810546875,-3800.945556640625,210.2333984375,125.28113518093998,0.0,0.0,0.42654420249164104,9,2,2,32,13,33,18,7,3,13,2,3,22,1,0,1841.058158834888,-3800.9455371302265,125.28113518093998,0,0,0,0,0,0
44.87498204999678,1841.026611328125,-3800.962158203125,210.23379516601562,125.2831392680334,0.0,0.0,0.42574750259518623,9,2,2,32,13,33,18,7,3,13,2,3,22,1,0,1841.026582270502,-3800.962219913508,125.2831392680334,0,0,0,0,0,0
45.08331529999676,1840.948486328125,-3801.0048828125,210.2347869873047,125.28815268081553,0.0,0.0,0.42382413521409035,9,2,2,32,13,33,18,7,3,13,2,3,22,1,0,1840.9485303396214,-3801.004884121317,125.28815268081553,0,0,0,0,0,0
45.24998189999675,1840.8870849609375,-3801.0400390625,210.2355499267578,125.29215888164718,0.0,0.0,0.42277914471924305,9,2,2,32,13,33,18,7,3,13,2,3,22,1,0,1840.8870319844716,-3801.0400980683107,125.29215888164718,0,0,0,0,0,0
45.41664849999673,1840.8262939453125,-3801.076171875,210.23629760742188,125.2961575340506,0.0,0.0,0.4216125700622797,9,2,2,32,13,33,18,7,3,13,2,3,22,1,0,1840.826315912546,-3801.0762176054745,125.2961575340506,0,0,0,0,0,0
45.624981749996714,1840.7513427734375,-3801.122314453125,210.23719787597656,125.30114632769983,0.0,0.0,0.42083263397216797,9,2,2,32,13,33,18,7,3,13,2,3,22,1,0,1840.7513115331035,-3801.1223901785406,125.30114632769983,0,0,0,0,0,0
45.708315049996706,1840.7215576171875,-3801.14111328125,210.23756408691406,125.30314286640075,0.0,0.0,0.4210809711366892,9,2,2,32,13,33,18,7,3,13,2,3,22,1,0,1840.7214969063411,-3801.141092650462,125.30314286640075,0,0,0,0,0,0
45.91664829999669,1840.6470947265625,-3801.188232421875,210.2384490966797,125.30815070231648,0.0,0.0,0.4209165461361408,9,2,2,32,13,33,18,7,3,13,2,3,22,1,0,1840.6471031605572,-3801.1881341340113,125.30815070231648,0,0,0,0,0,0
46.12498154999667,1840.57275390625,-3801.235107421875,210.23934936523438,125.31313670756299,0.0,0.0,0.4202750977128744,9,2,2,32,13,33,18,7,3,13,2,3,22,1,0,1840.5727457471162,-3801.235027024837,125.31313670756299,0,0,0,0,0,0
46.33331479999665,1840.498046875,-3801.28125,210.24026489257812,125.31811992553187,0.0,0.0,0.42006317526102066,9,2,2,32,13,33,18,7,3,13,2,3,22,1,0,1840.498083836492,-3801.281320926508,125.31811992553187,0,0,0,0,0,0
46.54164804999663,1840.4229736328125,-3801.32666015625,210.2412109375,125.32306900411507,0.0,0.0,0.4080838989466429,9,2,2,32,13,33,18,7,3,13,2,3,22,1,0,1840.4229993207803,-3801.326648338559,125.32306900411507,0,0,0,0,0,0
46.74998129999661,1840.3521728515625,-3801.361572265625,210.24246215820312,125.32556101849823,0.0,0.0,0.36853787023574114,9,2,2,32,13,33,18,7,3,13,2,3,22,1,0,1840.3521816645134,-3801.361568687453,125.32556101849823,0,0,0,0,0,0
46.958314549996594,1840.27294921875,-3801.382080078125,210.2432098388672,125.32773742230194,0.0,0.0,0.40916264988482,9,2,2,32,13,33,18,7,3,13,2,3,22,1,0,1840.2729750789863,-3801.3821685302937,125.32773742230194,0,0,0,0,0,0
47.12498114999658,1840.2010498046875,-3801.387939453125,210.24392700195312,125.32948743951945,0.0,0.0,0.44133798219263554,9,2,2,32,13,33,18,7,3,13,2,3,22,1,0,1840.2009957330026,-3801.387861916622,125.32948743951945,0,0,0,0,0,0
47.33331439999656,1840.1043701171875,-3801.385498046875,210.24493408203125,125.33189608002114,0.0,0.0,0.46410621143877506,9,2,2,32,13,33,18,7,3,13,2,3,22,1,0,1840.10440122335,-3801.385392776916,125.33189608002114,0,0,0,0,0,0
47.41664769999655,1840.06494140625,-3801.383056640625,210.2452850341797,125.33294497554536,0.0,0.0,0.46525816433131695,9,2,2,32,13,33,18,7,3,13,2,3,22,1,0,1840.0649450597757,-3801.3831559455284,125.33294497554536,0,0,0,0,0,0
47.624980949996534,1839.9676513671875,-3801.379150390625,210.24618530273438,125.33573157875193,0.0,0.0,0.44804285280406475,9,2,2,32,13,33,18,7,3,13,2,3,22,1,0,1839.9676909037983,-3801.3791480092495,125.33573157875193,0,0,0,0,0,0
47.833314199996515,1839.8759765625,-3801.3818359375,210.24725341796875,125.33861583755188,0.0,0.0,0.4179618787020445,9,2,2,32,13,33,18,7,3,13,2,3,22,1,0,1839.8759375348486,-3801.381784423942,125.33861583755188,0,0,0,0,0,0
48.041647449996496,1839.791015625,-3801.39306640625,210.2484130859375,125.34137503676729,0.0,0.0,0.39288122206926346,9,2,2,32,13,33,18,7,3,13,2,3,22,1,0,1839.791068911623,-3801.3931778226,125.34137503676729,0,0,0,0,0,0
48.20831404999648,1839.7271728515625,-3801.406982421875,210.24940490722656,125.34336483672588,0.0,0.0,0.3815585048869252,9,2,2,32,13,33,18,7,3,13,2,3,22,1,0,1839.727181153773,-3801.4071001034026,125.34336483672588,0,0,0,0,0,0
48.41664729999646,1839.64892578125,-3801.425537109375,210.25071716308594,125.34553845120978,0.0,0.0,0.3797723213210702,9,2,2,32,13,33,18,7,3,13,2,3,22,1,0,1839.6489851179758,-3801.4255222200118,125.34553845120978,0,0,0,0,0,0
48.624980549996444,1839.5689697265625,-3801.440185546875,210.2519989013672,125.34741828557387,0.0,0.0,0.3896634094417095,9,2,2,32,13,33,18,7,3,13,2,3,22,1,0,1839.5689333508155,-3801.440236379127,125.34741828557387,0,0,0,0,0,0
48.833313799996425,1839.4853515625,-3801.44921875,210.25314331054688,125.34919291594166,0.0,0.0,0.40300297550857067,9,2,2,32,13,33,18,7,3,13,2,3,22,1,0,1839.4853070481538,-3801.4492753997656,125.34919291594166,0,0,0,0,0,0
48.99998039999641,1839.41650390625,-3801.45361328125,210.2539825439453,125.35064834004739,0.0,0.0,0.407589552924037,9,2,2,32,13,33,18,7,3,13,2,3,22,1,0,1839.4165422596086,-3801.4535487743624,125.35064834004739,0,0,0,0,0,0
49.0833136999964,1839.3819580078125,-3801.455322265625,210.25439453125,125.35139114578644,0.0,0.0,0.4068574868142605,9,2,2,32,13,33,18,7,3,13,2,3,22,1,0,1839.3820152675537,-3801.455314231245,125.35139114578644,0,0,0,0,0,0
49.291646949996384,1839.296630859375,-3801.46044921875,210.2554473876953,125.35330035687845,0.0,0.0,0.3982715308666229,9,2,2,32,13,33,18,7,3,13,2,3,22,1,0,1839.2966677766487,-3801.460484924951,125.35330035687845,0,0,0,0,0,0
49.45831354999637,1839.230224609375,-3801.466552734375,210.25636291503906,125.35482963004124,0.0,0.0,0.3883436555042863,8,2,2,32,13,33,18,7,3,13,2,3,22,1,0,1839.2302353266064,-3801.4665534294672,125.35482963004124,0,0,0,0,0,0
49.624980149996354,1839.1656494140625,-3801.474609375,210.25732421875,125.35628783876268,0.0,0.0,0.3793072188273072,8,2,2,32,13,33,18,7,3,13,2,3,22,1,0,1839.1656776700333,-3801.4745106085606,125.35628783876268,0,0,0,0,0,0
49.833313399996335,1839.0869140625,-3801.486083984375,210.258544921875,125.357964001308,0.0,0.0,0.3727115457877517,8,2,2,32,13,33,18,7,3,13,2,3,22,1,0,1839.0869179453343,-3801.4860884268287,125.357964001308,0,0,0,0,0,0
49.91664669999633,1839.0557861328125,-3801.490966796875,210.259033203125,125.35858650919441,0.0,0.0,0.3715664613991976,8,2,2,32,13,33,18,7,3,13,2,3,22,1,0,1839.0557311640712,-3801.4908602151386,125.35858650919441,0,0,0,0,0,0
50.08331329999631,1838.9935302734375,-3801.500244140625,210.25999450683594,125.35976324582641,0.0,0.0,0.3709635930135846,8,2,2,32,13,33,18,7,3,13,2,3,22,1,0,1838.993474541591,-3801.500132351797,125.35976324582641,0,0,0,0,0,0
50.291646549996294,1838.9176025390625,-3801.50927734375,210.2613067626953,125.36174549570369,0.0,0.0,0.3456275211647153,8,2,2,32,13,33,18,7,3,13,2,3,22,1,0,1838.9176536465445,-3801.509156997022,125.36174549570369,0,0,0,0,0,0
50.45831314999628,1838.8597412109375,-3801.513916015625,210.26295471191406,125.363845257218,0.0,0.0,0.3400593064725399,8,2,2,32,13,33,18,7,3,13,2,3,22,1,0,1838.8596802722038,-3801.5138269246136,125.363845257218,0,0,0,0,0,0
50.66664639999626,1838.786376953125,-3801.517578125,210.2649688720703,125.36645675227543,0.0,0.0,0.3494370961561799,8,2,2,32,13,33,18,7,3,13,2,3,22,1,0,1838.786324957702,-3801.517484452994,125.36645675227543,0,0,0,0,0,0
50.74997969999625,1838.756591796875,-3801.51806640625,210.26565551757812,125.36750564443483,0.0,0.0,0.35063184332102537,8,2,2,32,13,33,18,7,3,13,2,3,22,1,0,1838.7565677417197,-3801.518173388491,125.36750564443483,0,0,0,0,0,0
50.91664629999624,1838.697021484375,-3801.5185546875,210.26708984375,125.36966137638477,0.0,0.0,0.34766807220876217,8,2,2,32,13,33,18,7,3,13,2,3,22,1,0,1838.696987883032,-3801.5185482633037,125.36966137638477,0,0,0,0,0,0
51.08331289999622,1838.638427734375,-3801.519287109375,210.26866149902344,125.37189850350534,0.0,0.0,0.34004650078713894,8,2,2,32,13,33,18,7,3,13,2,3,22,1,0,1838.6384352242487,-3801.519199459141,125.37189850350534,0,0,0,0,0,0
51.166646199996215,1838.6097412109375,-3801.519775390625,210.26943969726562,125.37302798270053,0.0,0.0,0.33541328739374876,8,2,2,32,13,33,18,7,3,13,2,3,22,1,0,1838.6097099808908,-3801.5198753063123,125.37302798270053,0,0,0,0,0,0
51.3333127999962,1838.553466796875,-3801.52197265625,210.27099609375,125.37529170261055,0.0,0.0,0.32623601146042347,8,2,2,32,13,33,18,7,3,13,2,3,22,1,0,1838.5534771716866,-3801.521959220161,125.37529170261055,0,0,0,0,0,0
51.499979399996185,1838.4986572265625,-3801.524658203125,210.27261352539062,125.37754787594967,0.0,0.0,0.31961456406861544,8,2,2,32,13,33,18,7,3,13,2,3,22,1,0,1838.498604216578,-3801.524663841499,125.37754787594967,0,0,0,0,0,0
51.54164604999618,1838.4849853515625,-3801.525390625,210.2730255126953,125.37811162676161,0.0,0.0,0.3184197237715125,8,2,2,32,13,33,18,7,3,13,2,3,22,1,0,1838.485043197053,-3801.5253652459146,125.37811162676161,0,0,0,0,0,0
51.70831264999617,1838.4307861328125,-3801.52783203125,210.27427673339844,125.38034596810463,0.0,0.0,0.3176064696162939,8,2,2,32,13,33,18,7,3,13,2,3,22,1,0,1838.4308391147,-3801.5278919166753,125.38034596810463,0,0,0,0,0,0
51.833312599996155,1838.3907470703125,-3801.529296875,210.27565002441406,125.38206102907985,0.0,0.0,0.3120244946330786,8,2,2,32,13,33,18,7,3,13,2,3,22,1,0,1838.3907499429674,-3801.5294142238718,125.38206102907985,0,0,0,0,0,0
51.958312549996144,1838.350830078125,-3801.530517578125,210.2772979736328,125.38377052119654,0.0,0.0,0.3124260110780597,8,2,2,32,13,33,18,7,3,13,2,3,22,1,0,1838.350851784971,-3801.5304357106806,125.38377052119654,0,0,0,0,0,0
52.04164584999614,1838.32421875,-3801.531005859375,210.27818298339844,125.3849416857149,0.0,0.0,0.31308045145124197,8,2,2,32,13,33,18,7,3,13,2,3,22,1,0,1838.3241766295575,-3801.5309387249117,125.3849416857149,0,0,0,0,0,0
52.166645799996125,1838.2843017578125,-3801.531494140625,210.2792510986328,125.38672026416137,0.0,0.0,0.31144781969487667,8,2,2,32,13,33,18,7,3,13,2,3,22,1,0,1838.284272254625,-3801.5314895044085,125.38672026416137,0,0,0,0,0,0
52.33331239999611,1838.2314453125,-3801.53173828125,210.28079223632812,125.38912332642403,0.0,0.0,0.3081308677792549,8,2,2,32,13,33,18,7,3,13,2,3,22,1,0,1838.231484961036,-3801.531746825099,125.38912332642403,0,0,0,0,0,0
52.37497904999611,1838.2183837890625,-3801.53173828125,210.28121948242188,125.38973074042991,0.0,0.0,0.30743246898055077,8,2,2,32,13,33,18,7,3,13,2,3,22,1,0,1838.2183623169087,-3801.5317320999884,125.38973074042991,0,0,0,0,0,0
52.4583123499961,1838.1922607421875,-3801.53173828125,210.2821044921875,125.3909531144895,0.0,0.0,0.3061270574107766,8,2,2,32,13,33,18,7,3,13,2,3,22,1,0,1838.1922047940343,-3801.5316378355565,125.3909531144895,0,0,0,0,0,0
52.624978949996084,1838.1402587890625,-3801.53125,210.2837677001953,125.3934252624443,0.0,0.0,0.3027040744200349,8,2,2,32,13,33,18,7,3,13,2,3,22,1,0,1838.1402932332303,-3801.5313039169732,125.3934252624443,0,0,0,0,0,0
52.833312199996065,1838.0762939453125,-3801.53076171875,210.2857208251953,125.39655324999093,0.0,0.0,0.2971807960420847,8,2,2,32,13,33,18,7,3,13,2,3,22,1,0,1838.0763472355436,-3801.530817014101,125.39655324999093,0,0,0,0,0,0
52.958312149996054,1838.03857421875,-3801.53076171875,210.2869415283203,125.39842750739274,0.0,0.0,0.29383539222180843,8,2,2,32,13,33,18,7,3,13,2,3,22,1,0,1838.0385616929946,-3801.530704488389,125.39842750739274,0,0,0,0,0,0
53.08331209999604,1838.001220703125,-3801.53076171875,210.28814697265625,125.40030374288415,0.0,0.0,0.2905899891629815,8,2,2,32,13,33,18,7,3,13,2,3,22,1,0,1838.0012017191664,-3801.5307255019798,125.40030374288415,0,0,0,0,0,0
53.20831204999603,1837.9642333984375,-3801.53076171875,210.28932189941406,125.40218276200073,0.0,0.0,0.28775865212082863,8,2,2,32,13,33,18,7,3,13,2,3,22,1,0,1837.9642126256601,-3801.5307869586527,125.40218276200073,0,0,0,0,0,0
53.37497864999602,1837.9154052734375,-3801.53076171875,210.29086303710938,125.40470333484849,0.0,0.0,0.2855115570127964,8,2,2,32,13,33,18,7,3,13,2,3,22,1,0,1837.9153469824985,-3801.530790745076,125.40470333484849,0,0,0,0,0,0
53.499978599996005,1837.87890625,-3801.530517578125,210.29202270507812,125.40660894800499,0.0,0.0,0.28394691180437803,8,2,2,32,13,33,18,7,3,13,2,3,22,1,0,1837.8789317235196,-3801.5306349987177,125.40660894800499,0,0,0,0,0,0
53.70831184999599,1837.818603515625,-3801.530029296875,210.29391479492188,125.40982785167189,0.0,0.0,0.2821186790242791,8,2,2,32,13,33,18,7,3,13,2,3,22,1,0,1837.8186431548372,-3801.5299866914206,125.40982785167189,0,0,0,0,0,0
53.833311799995975,1837.7825927734375,-3801.529541015625,210.29502868652344,125.41175053465321,0.0,0.0,0.2816810039803386,8,2,2,32,13,33,18,7,3,13,2,3,22,1,0,1837.7825516236026,-3801.5294862897726,125.41175053465321,0,0,0,0,0,0
53.958311749995964,1837.74658203125,-3801.52880859375,210.296142578125,125.41369783329904,0.0,0.0,0.2806654432788491,8,2,2,32,13,33,18,7,3,13,2,3,22,1,0,1837.7465705207885,-3801.5289242729223,125.41369783329904,0,0,0,0,0,0
54.04164504999596,1837.72265625,-3801.528564453125,210.29689025878906,125.41501588573819,0.0,0.0,0.2796814776957035,8,2,2,32,13,33,18,7,3,13,2,3,22,1,0,1837.7226777373555,-3801.5285084150646,125.41501588573819,0,0,0,0,0,0
54.20831164999594,1837.67529296875,-3801.527587890625,210.29832458496094,125.41764166157988,0.0,0.0,0.2767054829746485,8,2,2,32,13,33,18,7,3,13,2,3,22,1,0,1837.6752536705862,-3801.527575593659,125.41764166157988,0,0,0,0,0,0
54.37497824999593,1837.6282958984375,-3801.526611328125,210.29974365234375,125.420267437198,0.0,0.0,0.2740472787991166,8,2,2,32,13,33,18,7,3,13,2,3,22,1,0,1837.6283070192915,-3801.526604360047,125.420267437198,0,0,0,0,0,0
54.58331149999591,1837.5701904296875,-3801.525390625,210.301513671875,125.42355659914871,0.0,0.0,0.27096658013761044,8,2,2,32,13,33,18,7,3,13,2,3,22,1,0,1837.5702348618734,-3801.525454313147,125.42355659914871,0,0,0,0,0,0
54.74997809999589,1837.524169921875,-3801.5244140625,210.30291748046875,125.42619944457101,0.0,0.0,0.2690472640097141,8,2,2,32,13,33,18,7,3,13,2,3,22,1,0,1837.524210593685,-3801.524495330711,125.42619944457101,0,0,0,0,0,0
54.87497804999588,1837.4898681640625,-3801.523681640625,210.303955078125,125.42816659533749,0.0,0.0,0.268111121840775,8,2,2,32,13,33,18,7,3,13,2,3,22,1,0,1837.489838949601,-3801.523750528589,125.42816659533749,0,0,0,0,0,0
55.04164464999587,1837.4442138671875,-3801.522705078125,210.30532836914062,125.43078482477956,0.0,0.0,0.2668855944648385,8,2,2,32,13,33,18,7,3,13,2,3,22,1,0,1837.4441817651025,-3801.5226689938972,125.43078482477956,0,0,0,0,0,0
55.20831124999585,1837.3988037109375,-3801.521484375,210.3066864013672,125.43340781660973,0.0,0.0,0.2655355492606759,8,2,2,32,13,33,18,7,3,13,2,3,22,1,0,1837.3987643415028,-3801.521448521179,125.43340781660973,0,0,0,0,0,0
55.37497784999584,1837.353515625,-3801.52001953125,210.30801391601562,125.43602406566552,0.0,0.0,0.26437442284077406,8,2,2,32,13,33,18,7,3,13,2,3,22,1,0,1837.3535604322524,-3801.5201241866935,125.43602406566552,0,0,0,0,0,0
55.54164444999582,1837.3084716796875,-3801.518798828125,210.30934143066406,125.43865460216875,0.0,0.0,0.2632471965625882,8,2,2,32,13,33,18,7,3,13,2,3,22,1,0,1837.308529887747,-3801.518727620578,125.43865460216875,0,0,0,0,0,0
55.70831104999581,1837.2637939453125,-3801.51708984375,210.3106231689453,125.44127759342334,0.0,0.0,0.26175861712545156,8,2,2,32,13,33,18,7,3,13,2,3,22,1,0,1837.2637561090662,-3801.517153575685,125.44127759342334,0,0,0,0,0,0
55.87497764999579,1837.2191162109375,-3801.515380859375,210.3118896484375,125.44388907867513,0.0,0.0,0.26108117308467627,8,2,2,32,13,33,18,7,3,13,2,3,22,1,0,1837.2191704047643,-3801.5154522932726,125.44388907867513,0,0,0,0,0,0
56.04164424999578,1837.1746826171875,-3801.513671875,210.31312561035156,125.44645331338664,0.0,0.0,0.2601707587018609,8,2,2,32,13,33,18,7,3,13,2,3,22,1,0,1837.1747043070584,-3801.5137480989415,125.44645331338664,0,0,0,0,0,0
56.20831084999576,1837.1304931640625,-3801.511962890625,210.31434631347656,125.4490147658564,0.0,0.0,0.25778496637940407,8,2,2,32,13,33,18,7,3,13,2,3,22,1,0,1837.130541603656,-3801.5119925589865,125.4490147658564,0,0,0,0,0,0
56.33331079999575,1837.09765625,-3801.5107421875,210.31524658203125,125.45092990170589,0.0,0.0,0.25625796988606453,8,2,2,32,13,33,18,7,3,13,2,3,22,1,0,1837.0976517426361,-3801.5106747842524,125.45092990170589,0,0,0,0,0,0
56.499977399995736,1837.0540771484375,-3801.509033203125,210.31642150878906,125.45347032185413,0.0,0.0,0.25551861617714167,8,2,2,32,13,33,18,7,3,13,2,3,22,1,0,1837.0540194522112,-3801.5089935806245,125.45347032185413,0,0,0,0,0,0
56.58331069999573,1837.0322265625,-3801.50830078125,210.3170166015625,125.45473635890909,0.0,0.0,0.25520347990095615,8,2,2,32,13,33,18,7,3,13,2,3,22,1,0,1837.0322481841001,-3801.5082106581517,125.45473635890909,0,0,0,0,0,0
56.79164394999571,1836.97802734375,-3801.506103515625,210.3184814453125,125.45792983897675,0.0,0.0,0.25334979873150587,8,2,2,32,13,33,18,7,3,13,2,3,22,1,0,1836.9780371190448,-3801.5062021094122,125.45792983897675,0,0,0,0,0,0
56.958310549995694,1836.9346923828125,-3801.504638671875,210.31964111328125,125.46044286121938,0.0,0.0,0.2546248259022832,8,2,2,32,13,33,18,7,3,13,2,3,22,1,0,1836.9347151115423,-3801.5045344911405,125.46044286121938,0,0,0,0,0,0
57.12497714999568,1836.891357421875,-3801.502685546875,210.32080078125,125.46293126807271,0.0,0.0,0.25377690326422453,8,2,2,32,13,33,18,7,3,13,2,3,22,1,0,1836.8913617060407,-3801.5028061587122,125.46293126807271,0,0,0,0,0,0
57.291643749995664,1836.8482666015625,-3801.5009765625,210.32192993164062,125.46540736714353,0.0,0.0,0.25201267562806606,8,2,2,32,13,33,18,7,3,13,2,3,22,1,0,1836.848241278774,-3801.5009153012306,125.46540736714353,0,0,0,0,0,0
57.37497704999566,1836.8267822265625,-3801.5,210.32247924804688,125.46663926283551,0.0,0.0,0.2512380015105009,8,2,2,32,13,33,18,7,3,13,2,3,22,1,0,1836.8267816312357,-3801.4999484737714,125.46663926283551,0,0,0,0,0,0
57.54164364999564,1836.7840576171875,-3801.498046875,210.3236083984375,125.4691002726783,0.0,0.0,0.2499556401744485,8,2,2,32,13,33,18,7,3,13,2,3,22,1,0,1836.7840484067021,-3801.498065515467,125.4691002726783,0,0,0,0,0,0
57.74997689999562,1836.73095703125,-3801.495849609375,210.3249969482422,125.47215916874654,0.0,0.0,0.24839879479259253,8,2,2,32,13,33,18,7,3,13,2,3,22,1,0,1836.730994898765,-3801.495853031583,125.47215916874654,0,0,0,0,0,0
57.91664349999561,1836.6885986328125,-3801.494140625,210.3261260986328,125.4746475744432,0.0,0.0,0.24833593051880598,8,2,2,32,13,33,18,7,3,13,2,3,22,1,0,1836.6886167052648,-3801.4942381184915,125.4746475744432,0,0,0,0,0,0
58.08331009999559,1836.6463623046875,-3801.492431640625,210.3272247314453,125.47708675009694,0.0,0.0,0.2478204434737563,8,2,2,32,13,33,18,7,3,13,2,3,22,1,0,1836.6463553226304,-3801.49252939918,125.47708675009694,0,0,0,0,0,0
58.20831004999558,1836.615234375,-3801.4921875,210.32803344726562,125.4787573335924,0.0,0.0,0.23569054901599884,8,2,2,32,13,33,18,7,3,13,2,3,22,1,0,1836.6151981575022,-3801.4922361122535,125.4787573335924,0,0,0,0,0,0
58.37497664999557,1836.577392578125,-3801.497314453125,210.3291778564453,125.4806819939498,0.0,0.0,0.21625305525958538,8,2,2,32,13,33,18,7,3,13,2,3,22,1,0,1836.5774220157991,-3801.497242297796,125.4806819939498,0,0,0,0,0,0
58.54164324999555,1836.5426025390625,-3801.505615234375,210.3303680419922,125.48249946722217,0.0,0.0,0.20812673028558493,8,2,2,32,13,33,18,7,3,13,2,3,22,1,0,1836.5425417880922,-3801.5056041486914,125.48249946722217,0,0,0,0,0,0
58.66664319999554,1836.516845703125,-3801.51220703125,210.33123779296875,125.48379488139959,0.0,0.0,0.20885767880827188,8,2,2,32,13,33,18,7,3,13,2,3,22,1,0,1836.5168679976375,-3801.512196450796,125.48379488139959,0,0,0,0,0,0
58.833309799995526,1836.4814453125,-3801.519287109375,210.33236694335938,125.48548451730301,0.0,0.0,0.21670244168490171,8,2,2,32,13,33,18,7,3,13,2,3,22,1,0,1836.4814464195547,-3801.5191878141345,125.48548451730301,0,0,0,0,0,0
58.99997639999551,1836.4434814453125,-3801.522705078125,210.33346557617188,125.48717217060437,0.0,0.0,0.2309042727574706,8,2,2,32,13,33,18,7,3,13,2,3,22,1,0,1836.443506994894,-3801.5226380374734,125.48717217060437,0,0,0,0,0,0
59.04164304999551,1836.43359375,-3801.52294921875,210.33372497558594,125.48760331441513,0.0,0.0,0.23492500185966492,8,2,2,32,13,33,18,7,3,13,2,3,22,1,0,1836.4335705172714,-3801.5228786993853,125.48760331441513,0,0,0,0,0,0
59.20830964999549,1836.39208984375,-3801.521484375,210.33473205566406,125.4893640134951,0.0,0.0,0.25049515534192324,8,2,2,32,13,33,18,7,3,13,2,3,22,1,0,1836.3921438410255,-3801.5214964256706,125.4893640134951,0,0,0,0,0,0
59.41664289999547,1836.3375244140625,-3801.515869140625,210.33590698242188,125.49169520237008,0.0,0.0,0.2629644004628062,8,2,2,32,13,33,18,7,3,13,2,3,22,1,0,1836.3374916881057,-3801.515793620668,125.49169520237008,0,0,0,0,0,0
59.58330949999546,1836.2928466796875,-3801.509765625,210.3368377685547,125.49367941584775,0.0,0.0,0.264401501044631,8,2,2,32,13,33,18,7,3,13,2,3,22,1,0,1836.2928302973867,-3801.5097252535847,125.49367941584775,0,0,0,0,0,0
59.74997609999544,1836.2484130859375,-3801.503662109375,210.33775329589844,125.4957462020994,0.0,0.0,0.2604626351967454,8,2,2,32,13,33,18,7,3,13,2,3,22,1,0,1836.2483949719756,-3801.5037375021175,125.4957462020994,0,0,0,0,0,0
59.87497604999543,1836.215576171875,-3801.499755859375,210.33843994140625,125.49735246670151,0.0,0.0,0.2555039245635271,8,2,2,32,13,33,18,7,3,13,2,3,22,1,0,1836.215633226476,-3801.4998011028943,125.49735246670151,0,0,0,0,0,0
60.04164264999542,1836.1729736328125,-3801.49560546875,210.33937072753906,125.49953478172331,0.0,0.0,0.24777150247246027,8,2,2,32,13,33,18,7,3,13,2,3,22,1,0,1836.1729281254593,-3801.495545862852,125.49953478172331,0,0,0,0,0,0
60.2083092499954,1836.1312255859375,-3801.4921875,210.34030151367188,125.50176830869721,0.0,0.0,0.24236759636551142,8,2,2,32,13,33,18,7,3,13,2,3,22,1,0,1836.1312803753121,-3801.492270964131,125.50176830869721,0,0,0,0,0,0
60.37497584999539,1836.09033203125,-3801.489501953125,210.34124755859375,125.50405026758338,0.0,0.0,0.2392478520050645,8,2,2,32,13,33,18,7,3,13,2,3,22,1,0,1836.0903370293317,-3801.489457911756,125.50405026758338,0,0,0,0,0,0
60.41664249999538,1836.0802001953125,-3801.48876953125,210.3414764404297,125.50462353744966,0.0,0.0,0.2390923909842968,8,2,2,32,13,33,18,7,3,13,2,3,22,1,0,1836.080160511349,-3801.4887523164516,125.50462353744966,0,0,0,0,0,0
60.499975799995376,1836.059814453125,-3801.4873046875,210.34193420410156,125.50575220961198,0.0,0.0,0.2395821502432227,8,2,2,32,13,33,18,7,3,13,2,3,22,1,0,1836.0597689114045,-3801.4873222917827,125.50575220961198,0,0,0,0,0,0
60.66664239999536,1836.018798828125,-3801.484130859375,210.3428497314453,125.50805401923334,0.0,0.0,0.2424626611173153,8,2,2,32,13,33,18,7,3,13,2,3,22,1,0,1836.0187658167292,-3801.4840513005274,125.50805401923334,0,0,0,0,0,0
60.70830904999536,1836.0084228515625,-3801.483154296875,210.34307861328125,125.50863959612838,0.0,0.0,0.24319235235452652,8,2,2,32,13,33,18,7,3,13,2,3,22,1,0,1836.0084421906809,-3801.4831003752115,125.50863959612838,0,0,0,0,0,0
60.87497564999534,1835.966796875,-3801.478515625,210.34397888183594,125.51102001226872,0.0,0.0,0.24805348366498947,8,2,2,32,13,33,18,7,3,13,2,3,22,1,0,1835.966736209013,-3801.478624676142,125.51102001226872,0,0,0,0,0,0
61.04164224999533,1835.92431640625,-3801.47314453125,210.34486389160156,125.51344886079606,0.0,0.0,0.253080646507442,8,2,2,32,13,33,18,7,3,13,2,3,22,1,0,1835.924270600664,-3801.4730331266483,125.51344886079606,0,0,0,0,0,0
61.24997549999531,1835.870361328125,-3801.464599609375,210.345947265625,125.51661017585876,0.0,0.0,0.25754503440111876,8,2,2,32,13,33,18,7,3,13,2,3,22,1,0,1835.8703594716883,-3801.4644954413557,125.51661017585876,0,0,0,0,0,0
61.3749754499953,1835.8377685546875,-3801.45849609375,210.34657287597656,125.51859359010919,0.0,0.0,0.25849989615380764,8,2,2,32,13,33,18,7,3,13,2,3,22,1,0,1835.8378145800284,-3801.4586067581968,125.51859359010919,0,0,0,0,0,0
61.54164204999528,1835.7960205078125,-3801.454345703125,210.3474578857422,125.52089063492114,0.0,0.0,0.23228831123560667,8,2,2,32,13,33,18,7,3,13,2,3,22,1,0,1835.796075977958,-3801.4542530818567,125.52089063492114,0,0,0,0,0,0
61.70830864999527,1835.7589111328125,-3801.456298828125,210.3484649658203,125.52299156094158,0.0,0.0,0.20826219115406275,8,2,2,32,13,33,18,7,3,13,2,3,22,1,0,1835.7589563791598,-3801.4564204273265,125.52299156094158,0,0,0,0,0,0
61.87497524999525,1835.725341796875,-3801.462646484375,210.34945678710938,125.52496743148573,0.0,0.0,0.1964675961062312,8,2,2,32,13,33,18,7,3,13,2,3,22,1,0,1835.7253553364837,-3801.462663656366,125.52496743148573,0,0,0,0,0,0
62.04164184999524,1835.6929931640625,-3801.47021484375,210.3504638671875,125.52682380542937,0.0,0.0,0.19602386746555567,8,2,2,32,13,33,18,7,3,13,2,3,22,1,0,1835.6929844146207,-3801.470145955068,125.52682380542937,0,0,0,0,0,0
62.166641799995226,1835.6680908203125,-3801.474853515625,210.35121154785156,125.52817320967756,0.0,0.0,0.2018157858401537,8,2,2,32,13,33,18,7,3,13,2,3,22,1,0,1835.668115986148,-3801.4748306622787,125.52817320967756,0,0,0,0,0,0
62.33330839999521,1835.6328125,-3801.47802734375,210.3521728515625,125.52996328402517,0.0,0.0,0.21518927533179522,8,2,2,32,13,33,18,7,3,13,2,3,22,1,0,1835.63279485788,-3801.478033404078,125.52996328402517,0,0,0,0,0,0
62.4166416999952,1835.614013671875,-3801.478271484375,210.3526153564453,125.53083708132147,0.0,0.0,0.22440259344875813,8,2,2,32,13,33,18,7,3,13,2,3,22,1,0,1835.6140205294826,-3801.478270646419,125.53083708132147,0,0,0,0,0,0
62.58330829999519,1835.574462890625,-3801.476318359375,210.3534698486328,125.5325882496337,0.0,0.0,0.23872151505202055,8,2,2,32,13,33,18,7,3,13,2,3,22,1,0,1835.5744684336153,-3801.476362012771,125.5325882496337,0,0,0,0,0,0
62.74997489999517,1835.5333251953125,-3801.47216796875,210.35427856445312,125.53439261548127,0.0,0.0,0.24523187894374132,8,2,2,32,13,33,18,7,3,13,2,3,22,1,0,1835.5332906049184,-3801.4722302164705,125.53439261548127,0,0,0,0,0,0
62.91664149999516,1835.49169921875,-3801.467529296875,210.3550567626953,125.53624422444074,0.0,0.0,0.2443205565214157,8,2,2,32,13,33,18,7,3,13,2,3,22,1,0,1835.4917297273441,-3801.4674173734334,125.53624422444074,0,0,0,0,0,0
63.08330809999514,1835.4510498046875,-3801.463623046875,210.3558349609375,125.5381073461314,0.0,0.0,0.23367502726614475,8,2,2,32,13,33,18,7,3,13,2,3,22,1,0,1835.4509929720227,-3801.463605380666,125.5381073461314,0,0,0,0,0,0
63.20830804999513,1835.421875,-3801.462646484375,210.3564453125,125.53949089157369,0.0,0.0,0.22268733009696007,8,2,2,32,13,33,18,7,3,13,2,3,22,1,0,1835.421911855705,-3801.4626904818533,125.53949089157369,0,0,0,0,0,0
63.41664129999511,1835.3760986328125,-3801.46435546875,210.35751342773438,125.54172163510955,0.0,0.0,0.2096678363159299,8,2,2,32,13,33,18,7,3,13,2,3,22,1,0,1835.376112524101,-3801.4644506260765,125.54172163510955,0,0,0,0,0,0
63.624974549995095,1835.332275390625,-3801.468505859375,210.3585968017578,125.54386146561082,0.0,0.0,0.2057654783129692,8,2,2,32,13,33,18,7,3,13,2,3,22,1,0,1835.3323223148523,-3801.468503030661,125.54386146561082,0,0,0,0,0,0
63.79164114999508,1835.29736328125,-3801.471923828125,210.3594970703125,125.54553879076357,0.0,0.0,0.20771524868905544,8,2,2,32,13,33,18,7,3,13,2,3,22,1,0,1835.2973392333208,-3801.47181155733,125.54553879076357,0,0,0,0,0,0
63.958307749995065,1835.2615966796875,-3801.47412109375,210.3603515625,125.54720380885048,0.0,0.0,0.21288173738867044,8,2,2,32,13,33,18,7,3,13,2,3,22,1,0,1835.261588934862,-3801.474120264316,125.54720380885048,0,0,0,0,0,0
64.04164104999506,1835.2432861328125,-3801.474609375,210.3607635498047,125.54802440749313,0.0,0.0,0.21597831510007381,8,2,2,32,13,33,18,7,3,13,2,3,22,1,0,1835.2433350063707,-3801.4747029338614,125.54802440749313,0,0,0,0,0,0
64.16664099999505,1835.2154541015625,-3801.474853515625,210.3613739013672,125.54924597672117,0.0,0.0,0.2204453106969595,8,2,2,32,13,33,18,7,3,13,2,3,22,1,0,1835.2154244625935,-3801.4748665440025,125.54924597672117,0,0,0,0,0,0
64.29164094999504,1835.1868896484375,-3801.474365234375,210.36195373535156,125.55044094651018,0.0,0.0,0.2259604400023818,8,2,2,32,13,33,18,7,3,13,2,3,22,1,0,1835.1868596498682,-3801.4743604286855,125.55044094651018,0,0,0,0,0,0
64.37497424999503,1835.16748046875,-3801.473876953125,210.36233520507812,125.55123415257688,0.0,0.0,0.22824553307145834,8,2,2,32,13,33,18,7,3,13,2,3,22,1,0,1835.1675238110865,-3801.4737624342642,125.55123415257688,0,0,0,0,0,0
64.49997419999502,1835.1383056640625,-3801.47265625,210.36293029785156,125.55243190074759,0.0,0.0,0.22916237358003855,8,2,2,32,13,33,18,7,3,13,2,3,22,1,0,1835.1383125337709,-3801.4726071586274,125.55243190074759,0,0,0,0,0,0
64.708307449995,1835.0897216796875,-3801.470703125,210.36386108398438,125.55444945428016,0.0,0.0,0.22733330260962248,8,2,2,32,13,33,18,7,3,13,2,3,22,1,0,1835.0897026333676,-3801.470601203818,125.55444945428016,0,0,0,0,0,0
64.87497404999499,1835.05126953125,-3801.469482421875,210.3646240234375,125.55607755107539,0.0,0.0,0.2239335561171174,8,2,2,32,13,33,18,7,3,13,2,3,22,1,0,1835.0512902589753,-3801.4695030670673,125.55607755107539,0,0,0,0,0,0
65.04164064999497,1835.013427734375,-3801.46923828125,210.36538696289062,125.55766674126777,0.0,0.0,0.22074421867728233,8,2,2,32,13,33,18,7,3,13,2,3,22,1,0,1835.0134760419671,-3801.4691688881485,125.55766674126777,0,0,0,0,0,0
65.20830724999496,1834.9761962890625,-3801.4697265625,210.36614990234375,125.55918010418323,0.0,0.0,0.2179630333557725,8,2,2,32,13,33,18,7,3,13,2,3,22,1,0,1834.9761553454869,-3801.4697126469086,125.55918010418323,0,0,0,0,0,0
65.41664049999494,1834.9302978515625,-3801.47119140625,210.3671112060547,125.56105076718038,0.0,0.0,0.21439956035465002,8,2,2,32,13,33,18,7,3,13,2,3,22,1,0,1834.9302517089914,-3801.471206708864,125.56105076718038,0,0,0,0,0,0
65.58330709999493,1834.8939208984375,-3801.47265625,210.3678741455078,125.56251966682615,0.0,0.0,0.21292080637067556,8,2,2,32,13,33,18,7,3,13,2,3,22,1,0,1834.8939445643978,-3801.472699026331,125.56251966682615,0,0,0,0,0,0
65.70830704999491,1834.86669921875,-3801.473876953125,210.36843872070312,125.56357528829541,0.0,0.0,0.21375822834670544,8,2,2,32,13,33,18,7,3,13,2,3,22,1,0,1834.866754938933,-3801.473872281833,125.56357528829541,0,0,0,0,0,0
65.8749736499949,1834.830322265625,-3801.475341796875,210.3691864013672,125.56493421828343,0.0,0.0,0.21444594021886587,8,2,2,32,13,33,18,7,3,13,2,3,22,1,0,1834.830359257903,-3801.475431570375,125.56493421828343,0,0,0,0,0,0
66.04164024999488,1834.7939453125,-3801.476806640625,210.3699188232422,125.56628838378968,0.0,0.0,0.21452740766108036,8,2,2,32,13,33,18,7,3,13,2,3,22,1,0,1834.7938921297941,-3801.476782397819,125.56628838378968,0,0,0,0,0,0
66.20830684999487,1834.75732421875,-3801.477783203125,210.37063598632812,125.56762746442246,0.0,0.0,0.21522894967347383,8,2,2,32,13,33,18,7,3,13,2,3,22,1,0,1834.7573706329404,-3801.477900173956,125.56762746442246,0,0,0,0,0,0
66.41664009999485,1834.7115478515625,-3801.479248046875,210.37152099609375,125.56923372482629,0.0,0.0,0.21613677963614464,8,2,2,32,13,33,18,7,3,13,2,3,22,1,0,1834.7114963482134,-3801.4792366717024,125.56923372482629,0,0,0,0,0,0
66.54164004999484,1834.6839599609375,-3801.47998046875,210.37205505371094,125.57018414054791,0.0,0.0,0.21535127889364958,8,2,2,32,13,33,18,7,3,13,2,3,22,1,0,1834.683998662571,-3801.480020262199,125.57018414054791,0,0,0,0,0,0
66.74997329999482,1834.6383056640625,-3801.4814453125,210.37290954589844,125.5717213245975,0.0,0.0,0.21510233636945486,8,2,2,32,13,33,18,7,3,13,2,3,22,1,0,1834.6382848889768,-3801.4814842984606,125.5717213245975,0,0,0,0,0,0
66.9583065499948,1834.5927734375,-3801.4833984375,210.37376403808594,125.57320054376291,0.0,0.0,0.21353575866669416,8,2,2,32,13,33,18,7,3,13,2,3,22,1,0,1834.5927580437003,-3801.4833490107712,125.57320054376291,0,0,0,0,0,0
67.16663979999478,1834.5477294921875,-3801.485595703125,210.37460327148438,125.57466467826588,0.0,0.0,0.21137516014277935,8,2,2,32,13,33,18,7,3,13,2,3,22,1,0,1834.5476817995368,-3801.4855488209582,125.57466467826588,0,0,0,0,0,0
67.37497304999476,1834.5029296875,-3801.488037109375,210.3754425048828,125.57608990564451,0.0,0.0,0.21065226756036282,8,2,2,32,13,33,18,7,3,13,2,3,22,1,0,1834.5029200516215,-3801.488086553263,125.57608990564451,0,0,0,0,0,0
67.58330629999475,1834.458251953125,-3801.490966796875,210.37628173828125,125.57745359928752,0.0,0.0,0.21073089446872473,8,2,2,32,13,33,18,7,3,13,2,3,22,1,0,1834.4582493152118,-3801.4909085388913,125.57745359928752,0,0,0,0,0,0
67.74997289999473,1834.4224853515625,-3801.4931640625,210.37692260742188,125.57849691272561,0.0,0.0,0.2104447688907385,8,2,2,32,13,33,18,7,3,13,2,3,22,1,0,1834.422537309643,-3801.49326535918,125.57849691272561,0,0,0,0,0,0
67.91663949999472,1834.386962890625,-3801.49560546875,210.3775634765625,125.57952791935158,0.0,0.0,0.20982848946005106,8,2,2,32,13,33,18,7,3,13,2,3,22,1,0,1834.3869069845136,-3801.495617502855,125.57952791935158,0,0,0,0,0,0
68.0833060999947,1834.351318359375,-3801.498046875,210.3782196044922,125.5805513837778,0.0,0.0,0.2100101439282298,8,2,2,32,13,33,18,7,3,13,2,3,22,1,0,1834.3513601187092,-3801.4979764428363,125.5805513837778,0,0,0,0,0,0
68.20830604999469,1834.32470703125,-3801.5,210.37869262695312,125.58125645507728,0.0,0.0,0.20967356394976377,8,2,2,32,13,33,18,7,3,13,2,3,22,1,0,1834.324667673667,-3801.5000999937633,125.58125645507728,0,0,0,0,0,0
68.41663929999467,1834.2806396484375,-3801.50439453125,210.37950134277344,125.58238988923317,0.0,0.0,0.20693596452474594,8,2,2,32,13,33,18,7,3,13,2,3,22,1,0,1834.2806753060504,-3801.50429104025,125.58238988923317,0,0,0,0,0,0
68.58330589999466,1834.245849609375,-3801.508056640625,210.38014221191406,125.58328631240593,0.0,0.0,0.20614983513951302,8,2,2,32,13,33,18,7,3,13,2,3,22,1,0,1834.2458103951014,-3801.508015560529,125.58328631240593,0,0,0,0,0,0
68.74997249999464,1834.2109375,-3801.51171875,210.3807830810547,125.5841656641795,0.0,0.0,0.20727845840156078,8,2,2,32,13,33,18,7,3,13,2,3,22,1,0,1834.21098765368,-3801.5118350446037,125.5841656641795,0,0,0,0,0,0
68.87497244999463,1834.1846923828125,-3801.5146484375,210.38124084472656,125.5847702947957,0.0,0.0,0.20832640584558249,8,2,2,32,13,33,18,7,3,13,2,3,22,1,0,1834.1846781429772,-3801.5147293227847,125.5847702947957,0,0,0,0,0,0
69.04163904999461,1834.1495361328125,-3801.518310546875,210.38185119628906,125.58556349985369,0.0,0.0,0.20867844577878714,8,2,2,32,13,33,18,7,3,13,2,3,22,1,0,1834.1494850595686,-3801.518390236447,125.58556349985369,0,0,0,0,0,0
69.2499722999946,1834.10546875,-3801.5224609375,210.38258361816406,125.58657266991831,0.0,0.0,0.2078492660075426,8,2,2,32,13,33,18,7,3,13,2,3,22,1,0,1834.1055126055398,-3801.5225104691162,125.58657266991831,0,0,0,0,0,0
69.41663889999458,1834.070068359375,-3801.52587890625,210.38316345214844,125.58729481232689,0.0,0.0,0.21107913926243782,8,2,2,32,13,33,18,7,3,13,2,3,22,1,0,1834.0700520694074,-3801.5258006881313,125.58729481232689,0,0,0,0,0,0
69.58330549999457,1834.034423828125,-3801.529296875,210.38372802734375,125.58796375331525,0.0,0.0,0.21012253127992153,8,2,2,32,13,33,18,7,3,13,2,3,22,1,0,1834.034446685931,-3801.5292252292056,125.58796375331525,0,0,0,0,0,0
69.74997209999455,1833.9991455078125,-3801.53271484375,210.38429260253906,125.58861959781431,0.0,0.0,0.20738912280648947,8,2,2,32,13,33,18,7,3,13,2,3,22,1,0,1833.9991952629275,-3801.5326727902166,125.58861959781431,0,0,0,0,0,0
69.87497204999454,1833.972900390625,-3801.535400390625,210.38467407226562,125.589067809127,0.0,0.0,0.20699889864772558,8,2,2,32,13,33,18,7,3,13,2,3,22,1,0,1833.972929741319,-3801.5354636702555,125.589067809127,0,0,0,0,0,0
70.08330529999452,1833.929443359375,-3801.540771484375,210.3853759765625,125.58982687132576,0.0,0.0,0.20586084574460983,8,2,2,32,13,33,18,7,3,13,2,3,22,1,0,1833.9294683537719,-3801.540656427219,125.58982687132576,0,0,0,0,0,0
70.20830524999451,1833.903564453125,-3801.5439453125,210.3858184814453,125.59028262447606,0.0,0.0,0.2050770679488778,8,2,2,32,13,33,18,7,3,13,2,3,22,1,0,1833.9035331814657,-3801.544048240429,125.59028262447606,0,0,0,0,0,0
70.3749718499945,1833.8687744140625,-3801.548828125,210.38638305664062,125.59084834751543,0.0,0.0,0.2066108165308833,8,2,2,32,13,33,18,7,3,13,2,3,22,1,0,1833.8688109483164,-3801.5488954180732,125.59084834751543,0,0,0,0,0,0
70.58330509999448,1833.825439453125,-3801.55517578125,210.3870391845703,125.59150021677404,0.0,0.0,0.20787257235497236,8,2,2,32,13,33,18,7,3,13,2,3,22,1,0,1833.8254532661072,-3801.5551004997915,125.59150021677404,0,0,0,0,0,0
70.70830504999446,1833.7991943359375,-3801.558837890625,210.38748168945312,125.59192857944764,0.0,0.0,0.20829755812883377,8,2,2,32,13,33,18,7,3,13,2,3,22,1,0,1833.7992382118227,-3801.558868957856,125.59192857944764,0,0,0,0,0,0
70.91663829999445,1833.755615234375,-3801.564697265625,210.38815307617188,125.59256536487557,0.0,0.0,0.20770751871168613,8,2,2,32,13,33,18,7,3,13,2,3,22,1,0,1833.7555845787178,-3801.5648141040137,125.59256536487557,0,0,0,0,0,0
71.04163824999443,1833.7293701171875,-3801.568115234375,210.38851928710938,125.5929425134705,0.0,0.0,0.20743729546666145,8,2,2,32,13,33,18,7,3,13,2,3,22,1,0,1833.72939867706,-3801.568200062165,125.5929425134705,0,0,0,0,0,0
71.20830484999442,1833.6942138671875,-3801.57275390625,210.38902282714844,125.59336611135511,0.0,0.0,0.21028185728937387,8,2,2,32,13,33,18,7,3,13,2,3,22,1,0,1833.6942680620489,-3801.5728273869186,125.59336611135511,0,0,0,0,0,0
71.3749714499944,1833.658935546875,-3801.57763671875,210.3895263671875,125.59372420084777,0.0,0.0,0.20966371521353722,8,2,2,32,13,33,18,7,3,13,2,3,22,1,0,1833.658982383857,-3801.5777175511685,125.59372420084777,0,0,0,0,0,0
71.54163804999439,1833.6239013671875,-3801.582763671875,210.3900146484375,125.59405966484539,0.0,0.0,0.20872261375188828,8,2,2,32,13,33,18,7,3,13,2,3,22,1,0,1833.6239027081995,-3801.582798861667,125.59405966484539,0,0,0,0,0,0
71.74997129999437,1833.5802001953125,-3801.58935546875,210.39059448242188,125.59442728380876,0.0,0.0,0.20932184997946024,8,2,2,32,13,33,18,7,3,13,2,3,22,1,0,1833.5801649865496,-3801.5892988262385,125.59442728380876,0,0,0,0,0,0
71.95830454999435,1833.5361328125,-3801.595703125,210.39114379882812,125.59472384027026,0.0,0.0,0.2128391293808818,8,2,2,32,13,33,18,7,3,13,2,3,22,1,0,1833.5361438752593,-3801.595640777833,125.59472384027026,0,0,0,0,0,0
72.12497114999434,1833.5001220703125,-3801.600830078125,210.39154052734375,125.59482428067972,0.0,0.0,0.21539644803851843,8,2,2,32,13,33,18,7,3,13,2,3,22,1,0,1833.5001319882874,-3801.600801919441,125.59482428067972,0,0,0,0,0,0
72.29163774999432,1833.4637451171875,-3801.605712890625,210.3919677734375,125.59495211125589,0.0,0.0,0.21708491258323193,8,2,2,32,13,33,18,7,3,13,2,3,22,1,0,1833.463759500734,-3801.605722653663,125.59495211125589,0,0,0,0,0,0
72.37497104999431,1833.4454345703125,-3801.608154296875,210.3921356201172,125.59500332534475,0.0,0.0,0.21832853090018034,8,2,2,32,13,33,18,7,3,13,2,3,22,1,0,1833.4454810566594,-3801.6080996770925,125.59500332534475,0,0,0,0,0,0
72.5416376499943,1833.40869140625,-3801.61279296875,210.39247131347656,125.59507240002597,0.0,0.0,0.2193169668316841,8,2,2,32,13,33,18,7,3,13,2,3,22,1,0,1833.4087485435507,-3801.6127857781294,125.59507240002597,0,0,0,0,0,0
72.74997089999428,1833.3624267578125,-3801.618896484375,210.3928680419922,125.59506763524038,0.0,0.0,0.2208146033808589,8,2,2,32,13,33,18,7,3,13,2,3,22,1,0,1833.3624333334608,-3801.6188524118647,125.59506763524038,0,0,0,0,0,0
72.95830414999426,1833.3172607421875,-3801.626708984375,210.3932647705078,125.59510256718953,0.0,0.0,0.2084850799292326,8,2,2,32,13,33,18,7,3,13,2,3,22,1,0,1833.3172624820654,-3801.626668498511,125.59510256718953,0,0,0,0,0,0
73.12497074999425,1833.284912109375,-3801.638427734375,210.39366149902344,125.5950362695229,0.0,0.0,0.20101526752114296,8,2,2,32,13,33,18,7,3,13,2,3,22,1,0,1833.2849327035162,-3801.638414697177,125.5950362695229,0,0,0,0,0,0
73.20830404999424,1833.2696533203125,-3801.6455078125,210.39389038085938,125.59494614793483,0.0,0.0,0.1990671269595623,8,2,2,32,13,33,18,7,3,13,2,3,22,1,0,1833.2696806339716,-3801.6455617773922,125.59494614793483,0,0,0,0,0,0
73.37497064999422,1833.239990234375,-3801.66064453125,210.3943634033203,125.59465991036461,0.0,0.0,0.19773030653595924,8,2,2,32,13,33,18,7,3,13,2,3,22,1,0,1833.2399506104118,-3801.660765132249,125.59465991036461,0,0,0,0,0,0
73.54163724999421,1833.209716796875,-3801.67529296875,210.394775390625,125.59424385447717,0.0,0.0,0.20096793305128813,8,2,2,32,13,33,18,7,3,13,2,3,22,1,0,1833.2096720935701,-3801.675282255395,125.59424385447717,0,0,0,0,0,0
73.7083038499942,1833.177490234375,-3801.687744140625,210.39512634277344,125.59379643294112,0.0,0.0,0.20790533162653446,8,2,2,32,13,33,18,7,3,13,2,3,22,1,0,1833.1775390618382,-3801.687814523595,125.59379643294112,0,0,0,0,0,0
73.87497044999418,1833.143310546875,-3801.69775390625,210.39541625976562,125.59335377621485,0.0,0.0,0.21407471504062414,8,2,2,32,13,33,18,7,3,13,2,3,22,1,0,1833.1433210052392,-3801.697826062638,125.59335377621485,0,0,0,0,0,0
74.04163704999416,1833.107177734375,-3801.70556640625,210.39561462402344,125.59290357768998,0.0,0.0,0.22281897254288197,8,2,2,32,13,33,18,7,3,13,2,3,22,1,0,1833.1071995258685,-3801.7056390633124,125.59290357768998,0,0,0,0,0,0
74.20830364999415,1833.0697021484375,-3801.712158203125,210.395751953125,125.59243154309459,0.0,0.0,0.22677292581647635,8,2,2,32,13,33,18,7,3,13,2,3,22,1,0,1833.0696790923325,-3801.7121643040005,125.59243154309459,0,0,0,0,0,0
74.37497024999413,1833.0318603515625,-3801.71826171875,210.39590454101562,125.59199087409912,0.0,0.0,0.2265186281874776,8,2,2,32,13,33,18,7,3,13,2,3,22,1,0,1833.0318323291287,-3801.7182566722136,125.59199087409912,0,0,0,0,0,0
74.54163684999412,1832.994384765625,-3801.724853515625,210.39602661132812,125.59155099461603,0.0,0.0,0.22417251020669937,8,2,2,32,13,33,18,7,3,13,2,3,22,1,0,1832.9943259571817,-3801.7249541928686,125.59155099461603,0,0,0,0,0,0
74.7083034499941,1832.95751953125,-3801.73291015625,210.39622497558594,125.59109603145686,0.0,0.0,0.22205887362360954,8,2,2,32,13,33,18,7,3,13,2,3,22,1,0,1832.9574661015154,-3801.7329916863873,125.59109603145686,0,0,0,0,0,0
74.87497004999409,1832.921630859375,-3801.742431640625,210.39642333984375,125.59059938379526,0.0,0.0,0.21769108716398478,8,2,2,32,13,33,18,7,3,13,2,3,22,1,0,1832.9215755613977,-3801.7424731043534,125.59059938379526,0,0,0,0,0,0
75.04163664999408,1832.88671875,-3801.753173828125,210.39663696289062,125.59009042955286,0.0,0.0,0.21460119169205427,8,2,2,32,13,33,18,7,3,13,2,3,22,1,0,1832.886755000064,-3801.7531368486652,125.59009042955286,0,0,0,0,0,0
75.20830324999406,1832.8525390625,-3801.764892578125,210.39688110351562,125.58951795476501,0.0,0.0,0.21317244973033667,8,2,2,32,13,33,18,7,3,13,2,3,22,1,0,1832.8525633029649,-3801.764798925439,125.58951795476501,0,0,0,0,0,0
75.37496984999405,1832.819091796875,-3801.777587890625,210.3971405029297,125.58889148885604,0.0,0.0,0.21235875319689512,8,2,2,32,13,33,18,7,3,13,2,3,22,1,0,1832.8190685389093,-3801.777607441016,125.58889148885604,0,0,0,0,0,0
75.54163644999403,1832.785888671875,-3801.791015625,210.3973846435547,125.58818443111599,0.0,0.0,0.2118144417181611,8,2,2,32,13,33,18,7,3,13,2,3,22,1,0,1832.7859155617666,-3801.79109960212,125.58818443111599,0,0,0,0,0,0
75.70830304999402,1832.752685546875,-3801.804443359375,210.3976287841797,125.58743568887736,0.0,0.0,0.21293791942298412,8,2,2,32,13,33,18,7,3,13,2,3,22,1,0,1832.752721723142,-3801.804468631668,125.58743568887736,0,0,0,0,0,0
75.916636299994,1832.71044921875,-3801.8203125,210.3978729248047,125.58645192326918,0.0,0.0,0.21576264407485723,8,2,2,32,13,33,18,7,3,13,2,3,22,1,0,1832.7104447825882,-3801.8202944569784,125.58645192326918,0,0,0,0,0,0
76.08330289999398,1832.67578125,-3801.832275390625,210.3980255126953,125.5856198119991,0.0,0.0,0.21855717059224844,8,2,2,32,13,33,18,7,3,13,2,3,22,1,0,1832.6757700298988,-3801.8322370907404,125.5856198119991,0,0,0,0,0,0
76.20830284999397,1832.6495361328125,-3801.841064453125,210.39813232421875,125.5849838169543,0.0,0.0,0.21892578806728125,8,2,2,32,13,33,18,7,3,13,2,3,22,1,0,1832.6495234985177,-3801.841029426502,125.5849838169543,0,0,0,0,0,0
76.41663609999395,1832.60595703125,-3801.85595703125,210.39834594726562,125.58398575761126,0.0,0.0,0.21816219668835402,8,2,2,32,13,33,18,7,3,13,2,3,22,1,0,1832.6059009412359,-3801.8560385291876,125.58398575761126,0,0,0,0,0,0
76.54163604999394,1832.580078125,-3801.865478515625,210.3984832763672,125.58339065709256,0.0,0.0,0.2168032806366682,8,2,2,32,13,33,18,7,3,13,2,3,22,1,0,1832.5800527342158,-3801.865468592751,125.58339065709256,0,0,0,0,0,0
76.70830264999393,1832.546142578125,-3801.878662109375,210.398681640625,125.58258792388085,0.0,0.0,0.2147385384887457,8,2,2,32,13,33,18,7,3,13,2,3,22,1,0,1832.5461376907488,-3801.8786572034955,125.58258792388085,0,0,0,0,0,0
76.9166358999939,1832.504638671875,-3801.89599609375,210.39894104003906,125.58154818017304,0.0,0.0,0.21235833410173655,8,2,2,32,13,33,18,7,3,13,2,3,22,1,0,1832.5046600314402,-3801.8960757908244,125.58154818017304,0,0,0,0,0,0
77.08330249999389,1832.4720458984375,-3801.91064453125,210.399169921875,125.58069145579245,0.0,0.0,0.21108940709382296,8,2,2,32,13,33,18,7,3,13,2,3,22,1,0,1832.4720542255982,-3801.9105917662982,125.58069145579245,0,0,0,0,0,0
77.24996909999388,1832.4398193359375,-3801.92529296875,210.3994140625,125.57980614398727,0.0,0.0,0.21015601232647896,8,2,2,32,13,33,18,7,3,13,2,3,22,1,0,1832.4397715662246,-3801.9253825662504,125.57980614398727,0,0,0,0,0,0
77.37496904999387,1832.4156494140625,-3801.9365234375,210.3995819091797,125.57912568721876,0.0,0.0,0.20974499639123678,8,2,2,32,13,33,18,7,3,13,2,3,22,1,0,1832.415672354175,-3801.936513490653,125.57912568721876,0,0,0,0,0,0
77.58330229999385,1832.37548828125,-3801.954833984375,210.39987182617188,125.57797041915735,0.0,0.0,0.20969118922948837,8,2,2,32,13,33,18,7,3,13,2,3,22,1,0,1832.375492204746,-3801.9549336210125,125.57797041915735,0,0,0,0,0,0
77.74996889999383,1832.34326171875,-3801.969482421875,210.4001007080078,125.57703588090368,0.0,0.0,0.20962853450328112,8,2,2,32,13,33,18,7,3,13,2,3,22,1,0,1832.34325572231,-3801.969451361613,125.57703588090368,0,0,0,0,0,0
77.91663549999382,1832.3109130859375,-3801.983642578125,210.4003143310547,125.57608824525451,0.0,0.0,0.20947330631315708,8,2,2,32,13,33,18,7,3,13,2,3,22,1,0,1832.3109385193884,-3801.9837470774087,125.57608824525451,0,0,0,0,0,0
78.0416354499938,1832.28662109375,-3801.994384765625,210.4004669189453,125.57537165928275,0.0,0.0,0.20937074441462755,8,2,2,32,13,33,18,7,3,13,2,3,22,1,0,1832.286655390937,-3801.994332850952,125.57537165928275,0,0,0,0,0,0
78.1666353999938,1832.2623291015625,-3802.0048828125,210.40061950683594,125.5746495179856,0.0,0.0,0.2091375645250082,8,2,2,32,13,33,18,7,3,13,2,3,22,1,0,1832.262369707528,-3802.004856751734,125.5746495179856,0,0,0,0,0,0
78.24996869999379,1832.2462158203125,-3802.011962890625,210.40072631835938,125.57417470676481,0.0,0.0,0.20907262805849314,8,2,2,32,13,33,18,7,3,13,2,3,22,1,0,1832.2462082384795,-3802.0118950195824,125.57417470676481,0,0,0,0,0,0
78.45830194999377,1832.2066650390625,-3802.03076171875,210.40103149414062,125.57305635907119,0.0,0.0,0.20718735177069902,8,2,2,32,13,33,18,7,3,13,2,3,22,1,0,1832.2066927344604,-3802.030872844009,125.57305635907119,0,0,0,0,0,0
78.62496854999375,1832.1759033203125,-3802.046875,210.4012908935547,125.57210475004385,0.0,0.0,0.20565541926771402,8,2,2,32,13,33,18,7,3,13,2,3,22,1,0,1832.1759057933011,-3802.046942350919,125.57210475004385,0,0,0,0,0,0
78.74996849999374,1832.1529541015625,-3802.05908203125,210.4014892578125,125.57137030209087,0.0,0.0,0.20467988215386868,8,2,2,32,13,33,18,7,3,13,2,3,22,1,0,1832.1530120999337,-3802.059134489672,125.57137030209087,0,0,0,0,0,0
78.95830174999372,1832.11474609375,-3802.0791015625,210.40179443359375,125.57009275827772,0.0,0.0,0.20469501614570618,8,2,2,32,13,33,18,7,3,13,2,3,22,1,0,1832.1147901090449,-3802.079111109121,125.57009275827772,0,0,0,0,0,0
79.04163504999372,1832.099365234375,-3802.0869140625,210.40191650390625,125.5695734846107,0.0,0.0,0.20490409806370735,8,2,2,32,13,33,18,7,3,13,2,3,22,1,0,1832.099370596347,-3802.086873033137,125.5695734846107,0,0,0,0,0,0
79.2499682999937,1832.0604248046875,-3802.105712890625,210.4021759033203,125.5682617985159,0.0,0.0,0.20560980774462223,8,2,2,32,13,33,18,7,3,13,2,3,22,1,0,1832.0603755332372,-3802.105600418415,125.5682617985159,0,0,0,0,0,0
79.45830154999368,1832.020751953125,-3802.123779296875,210.40243530273438,125.56698226842853,0.0,0.0,0.2069611568003893,8,2,2,32,13,33,18,7,3,13,2,3,22,1,0,1832.020782274094,-3802.123691121259,125.56698226842853,0,0,0,0,0,0
79.62496814999366,1831.9888916015625,-3802.137939453125,210.4026336669922,125.56595880573292,0.0,0.0,0.20689021330326796,8,2,2,32,13,33,18,7,3,13,2,3,22,1,0,1831.9888829969148,-3802.137845192667,125.56595880573292,0,0,0,0,0,0
79.74996809999365,1831.9649658203125,-3802.1484375,210.40277099609375,125.56518822918757,0.0,0.0,0.20655372645705938,8,2,2,32,13,33,18,7,3,13,2,3,22,1,0,1831.964943781615,-3802.1483588786405,125.56518822918757,0,0,0,0,0,0
79.87496804999364,1831.9410400390625,-3802.158935546875,210.4029083251953,125.56441011030607,0.0,0.0,0.20614364184439182,8,2,2,32,13,33,18,7,3,13,2,3,22,1,0,1831.9410557226718,-3802.158873179369,125.56441011030607,0,0,0,0,0,0
80.04163464999363,1831.909423828125,-3802.173095703125,210.40309143066406,125.56336759025355,0.0,0.0,0.2053671283647418,8,2,2,32,13,33,18,7,3,13,2,3,22,1,0,1831.9093721670815,-3802.173015639108,125.56336759025355,0,0,0,0,0,0
80.20830124999361,1831.8779296875,-3802.1875,210.40328979492188,125.5623099853393,0.0,0.0,0.2044029301032424,8,2,2,32,13,33,18,7,3,13,2,3,22,1,0,1831.8779640664907,-3802.1873981430554,125.5623099853393,0,0,0,0,0,0
80.3749678499936,1831.846923828125,-3802.2021484375,210.4034881591797,125.5612428517827,0.0,0.0,0.2034521196037531,8,2,2,32,13,33,18,7,3,13,2,3,22,1,0,1831.8468703214262,-3802.2020661241654,125.5612428517827,0,0,0,0,0,0
80.54163444999358,1831.8160400390625,-3802.217041015625,210.4036865234375,125.56015110465255,0.0,0.0,0.20240950398147106,8,2,2,32,13,33,18,7,3,13,2,3,22,1,0,1831.8160807555096,-3802.217002633533,125.56015110465255,0,0,0,0,0,0
80.70830104999357,1831.78564453125,-3802.232177734375,210.4038848876953,125.55902045105842,0.0,0.0,0.20109477918595076,8,2,2,32,13,33,18,7,3,13,2,3,22,1,0,1831.7856207929494,-3802.2321032366726,125.55902045105842,0,0,0,0,0,0
80.87496764999355,1831.75537109375,-3802.247314453125,210.40406799316406,125.55787550474446,0.0,0.0,0.20044492557644844,8,2,2,32,13,33,18,7,3,13,2,3,22,1,0,1831.7553924690383,-3802.247351266621,125.55787550474446,0,0,0,0,0,0
81.08330089999353,1831.7176513671875,-3802.2666015625,210.4043426513672,125.55646060073856,0.0,0.0,0.20117925014346838,8,2,2,32,13,33,18,7,3,13,2,3,22,1,0,1831.7176831209317,-3802.2666287690663,125.55646060073856,0,0,0,0,0,0
81.24996749999352,1831.6873779296875,-3802.281982421875,210.4045867919922,125.55533947586405,0.0,0.0,0.2014231402426958,8,2,2,32,13,33,18,7,3,13,2,3,22,1,0,1831.6874048876034,-3802.282083926482,125.55533947586405,0,0,0,0,0,0
81.4166340999935,1831.6571044921875,-3802.29736328125,210.40478515625,125.55420604415873,0.0,0.0,0.20149191841483116,8,2,2,32,13,33,18,7,3,13,2,3,22,1,0,1831.6570660476052,-3802.297347527143,125.55420604415873,0,0,0,0,0,0
81.54163404999349,1831.63427734375,-3802.30859375,210.40492248535156,125.55335209896435,0.0,0.0,0.20154269877821207,8,2,2,32,13,33,18,7,3,13,2,3,22,1,0,1831.634244504837,-3802.3086535352063,125.55335209896435,0,0,0,0,0,0
81.70830064999348,1831.6036376953125,-3802.323486328125,210.40513610839844,125.55223375266245,0.0,0.0,0.20227485802024603,8,2,2,32,13,33,18,7,3,13,2,3,22,1,0,1831.6036382529112,-3802.3236082444996,125.55223375266245,0,0,0,0,0,0
81.87496724999346,1831.5728759765625,-3802.33837890625,210.4053497314453,125.55111262793204,0.0,0.0,0.2024579793214798,8,2,2,32,13,33,18,7,3,13,2,3,22,1,0,1831.5729232831075,-3802.3384405304364,125.55111262793204,0,0,0,0,0,0
82.04163384999345,1831.5421142578125,-3802.353271484375,210.4055633544922,125.55001135281913,0.0,0.0,0.20238501019775867,8,2,2,32,13,33,18,7,3,13,2,3,22,1,0,1831.542163388438,-3802.3532542785424,125.55001135281913,0,0,0,0,0,0
82.16663379999343,1831.5191650390625,-3802.3642578125,210.4057159423828,125.54917646450487,0.0,0.0,0.20211904775351286,8,2,2,32,13,33,18,7,3,13,2,3,22,1,0,1831.5191319176956,-3802.364371712415,125.54917646450487,0,0,0,0,0,0
82.33330039999342,1831.488525390625,-3802.379150390625,210.40589904785156,125.54804581158754,0.0,0.0,0.20128502510488033,8,2,2,32,13,33,18,7,3,13,2,3,22,1,0,1831.4885464555887,-3802.379223639116,125.54804581158754,0,0,0,0,0,0
82.41663369999341,1831.4732666015625,-3802.38671875,210.406005859375,125.54747810310066,0.0,0.0,0.20084900315850973,8,2,2,32,13,33,18,7,3,13,2,3,22,1,0,1831.4733195262359,-3802.3866774934213,125.54747810310066,0,0,0,0,0,0
82.5833002999934,1831.443115234375,-3802.401611328125,210.40618896484375,125.54630775092609,0.0,0.0,0.19967202097177505,8,2,2,32,13,33,18,7,3,13,2,3,22,1,0,1831.4430790253653,-3802.4016538411233,125.54630775092609,0,0,0,0,0,0
82.74996689999338,1831.4130859375,-3802.416748046875,210.4063720703125,125.54512588518024,0.0,0.0,0.19892733544111252,8,2,2,32,13,33,18,7,3,13,2,3,22,1,0,1831.4130741642189,-3802.416764424144,125.54512588518024,0,0,0,0,0,0
82.91663349999337,1831.383056640625,-3802.431640625,210.4065704345703,125.54395354771829,0.0,0.0,0.19881038460880518,8,2,2,32,13,33,18,7,3,13,2,3,22,1,0,1831.3830520590634,-3802.431697765195,125.54395354771829,0,0,0,0,0,0
83.12496674999335,1831.345458984375,-3802.4501953125,210.40679931640625,125.54247710959149,0.0,0.0,0.19847704097628593,8,2,2,32,13,33,18,7,3,13,2,3,22,1,0,1831.3454788849363,-3802.450166127575,125.54247710959149,0,0,0,0,0,0
83.20830004999334,1831.3304443359375,-3802.45751953125,210.40687561035156,125.54188280223643,0.0,0.0,0.19832428079098463,8,2,2,32,13,33,18,7,3,13,2,3,22,1,0,1831.3304650026894,-3802.457537784743,125.54188280223643,0,0,0,0,0,0
83.41663329999332,1831.2930908203125,-3802.47607421875,210.40708923339844,125.54037976511232,0.0,0.0,0.1973886974155903,8,2,2,32,13,33,18,7,3,13,2,3,22,1,0,1831.2931131569912,-3802.4760497634825,125.54037976511232,0,0,0,0,0,0
83.6249665499933,1831.256103515625,-3802.494873046875,210.4073028564453,125.5388596570742,0.0,0.0,0.19648561719805002,8,2,2,32,13,33,18,7,3,13,2,3,22,1,0,1831.256105760213,-3802.4948248903092,125.5388596570742,0,0,0,0,0,0
83.79163314999329,1831.226806640625,-3802.510009765625,210.40748596191406,125.53762856413853,0.0,0.0,0.19581210799515247,8,2,2,32,13,33,18,7,3,13,2,3,22,1,0,1831.2267691186269,-3802.5100769287706,125.53762856413853,0,0,0,0,0,0
83.95829974999327,1831.1976318359375,-3802.525634765625,210.4076690673828,125.53638238528522,0.0,0.0,0.19525507232174277,8,2,2,32,13,33,18,7,3,13,2,3,22,1,0,1831.197651766448,-3802.5255160519578,125.53638238528522,0,0,0,0,0,0
84.08329969999326,1831.1759033203125,-3802.537109375,210.40780639648438,125.53543554357668,0.0,0.0,0.19480481278151274,8,2,2,32,13,33,18,7,3,13,2,3,22,1,0,1831.175936864574,-3802.537185793981,125.53543554357668,0,0,0,0,0,0
84.24996629999325,1831.1470947265625,-3802.552734375,210.40798950195312,125.53416475081487,0.0,0.0,0.19472537096589804,8,2,2,32,13,33,18,7,3,13,2,3,22,1,0,1831.1470792415537,-3802.5528124608604,125.53416475081487,0,0,0,0,0,0
84.37496624999324,1831.12548828125,-3802.564453125,210.4081268310547,125.5332028231535,0.0,0.0,0.1941501977853477,8,2,2,32,13,33,18,7,3,13,2,3,22,1,0,1831.1254861296231,-3802.564535371769,125.5332028231535,0,0,0,0,0,0
84.54163284999322,1831.0966796875,-3802.580078125,210.40830993652344,125.53191019554585,0.0,0.0,0.19392118556424975,8,2,2,32,13,33,18,7,3,13,2,3,22,1,0,1831.0967398218445,-3802.5801484557533,125.53191019554585,0,0,0,0,0,0
84.7082994499932,1831.0679931640625,-3802.595703125,210.40847778320312,125.53062312641394,0.0,0.0,0.19488565158098936,8,2,2,32,13,33,18,7,3,13,2,3,22,1,0,1831.0679736316342,-3802.5957625577335,125.53062312641394,0,0,0,0,0,0
84.87496604999319,1831.0390625,-3802.611328125,210.40869140625,125.52936464067486,0.0,0.0,0.19488586112856865,8,2,2,32,13,33,18,7,3,13,2,3,22,1,0,1831.0390479954212,-3802.6113751172525,125.52936464067486,0,0,0,0,0,0
85.04163264999318,1831.0101318359375,-3802.626953125,210.40887451171875,125.52807677701055,0.0,0.0,0.1942086615599692,8,2,2,32,13,33,18,7,3,13,2,3,22,1,0,1831.0101367168027,-3802.626845703921,125.52807677701055,0,0,0,0,0,0
85.20829924999316,1830.981201171875,-3802.64208984375,210.40902709960938,125.52678216502301,0.0,0.0,0.194013980217278,8,2,2,32,13,33,18,7,3,13,2,3,22,1,0,1830.981235882008,-3802.6421987922135,125.52678216502301,0,0,0,0,0,0
85.37496584999315,1830.952392578125,-3802.657470703125,210.40919494628906,125.52548000994557,0.0,0.0,0.19378750585019588,8,2,2,32,13,33,18,7,3,13,2,3,22,1,0,1830.952351362234,-3802.6575134979403,125.52548000994557,0,0,0,0,0,0
85.54163244999313,1830.923583984375,-3802.6728515625,210.40936279296875,125.52416554790351,0.0,0.0,0.19333555828779936,8,2,2,32,13,33,18,7,3,13,2,3,22,1,0,1830.9235428440034,-3802.672835176943,125.52416554790351,0,0,0,0,0,0
85.70829904999312,1830.8948974609375,-3802.688232421875,210.40951538085938,125.52284076314518,0.0,0.0,0.19284640438854694,8,2,2,32,13,33,18,7,3,13,2,3,22,1,0,1830.89485598184,-3802.68821326601,125.52284076314518,0,0,0,0,0,0
85.8749656499931,1830.8663330078125,-3802.70361328125,210.40968322753906,125.52150446658436,0.0,0.0,0.19235746003687382,8,2,2,32,13,33,18,7,3,13,2,3,22,1,0,1830.8663137808298,-3802.7036934657167,125.52150446658436,0,0,0,0,0,0
86.04163224999309,1830.837890625,-3802.71923828125,210.4098358154297,125.52015586307604,0.0,0.0,0.19193728221580386,8,2,2,32,13,33,18,7,3,13,2,3,22,1,0,1830.8378599102334,-3802.7191652436136,125.52015586307604,0,0,0,0,0,0
86.20829884999307,1830.8094482421875,-3802.734619140625,210.41000366210938,125.51880448003703,0.0,0.0,0.19181910902261734,8,2,2,32,13,33,18,7,3,13,2,3,22,1,0,1830.809436124222,-3802.7346181286957,125.51880448003703,0,0,0,0,0,0
86.37496544999306,1830.7811279296875,-3802.75,210.41015625,125.51744078992428,0.0,0.0,0.1914270338602364,8,2,2,32,13,33,18,7,3,13,2,3,22,1,0,1830.781088311543,-3802.7501083205507,125.51744078992428,0,0,0,0,0,0
86.54163204999304,1830.7529296875,-3802.765625,210.4103240966797,125.51606757244971,0.0,0.0,0.1909073325805366,8,2,2,32,13,33,18,7,3,13,2,3,22,1,0,1830.752875954114,-3802.765681443812,125.51606757244971,0,0,0,0,0,0
86.74996529999302,1830.7177734375,-3802.785400390625,210.41050720214844,125.51434182038547,0.0,0.0,0.19051593262702227,8,2,2,32,13,33,18,7,3,13,2,3,22,1,0,1830.7178064449508,-3802.785304728306,125.51434182038547,0,0,0,0,0,0
86.916631899993,1830.68994140625,-3802.801025390625,210.41067504882812,125.51293922520269,0.0,0.0,0.18987394869327545,8,2,2,32,13,33,18,7,3,13,2,3,22,1,0,1830.68991854829,-3802.80110244212,125.51293922520269,0,0,0,0,0,0
87.08329849999299,1830.662109375,-3802.81689453125,210.41082763671875,125.51153385021281,0.0,0.0,0.18960455199703574,8,2,2,32,13,33,18,7,3,13,2,3,22,1,0,1830.662167734081,-3802.817000245171,125.51153385021281,0,0,0,0,0,0
87.24996509999298,1830.634521484375,-3802.8330078125,210.4110107421875,125.51012172795969,0.0,0.0,0.18931995145976543,8,2,2,32,13,33,18,7,3,13,2,3,22,1,0,1830.6344989752645,-3802.8330026848353,125.51012172795969,0,0,0,0,0,0
87.37496504999297,1830.61376953125,-3802.844970703125,210.41111755371094,125.50905181693464,0.0,0.0,0.18895849352702498,8,2,2,32,13,33,18,7,3,13,2,3,22,1,0,1830.6138190372048,-3802.845031914698,125.50905181693464,0,0,0,0,0,0
87.54163164999295,1830.5863037109375,-3802.861083984375,210.41127014160156,125.50761706413599,0.0,0.0,0.18857495160773396,8,2,2,32,13,33,18,7,3,13,2,3,22,1,0,1830.5863299460643,-3802.8610767755445,125.50761706413599,0,0,0,0,0,0
87.70829824999294,1830.5589599609375,-3802.877197265625,210.4114227294922,125.50616524062067,0.0,0.0,0.18844041042029858,8,2,2,32,13,33,18,7,3,13,2,3,22,1,0,1830.5589122851957,-3802.877132126983,125.50616524062067,0,0,0,0,0,0
87.79163154999293,1830.545166015625,-3802.88525390625,210.41151428222656,125.50544786422519,0.0,0.0,0.18903479212895036,8,2,2,32,13,33,18,7,3,13,2,3,22,1,0,1830.545194659208,-3802.8851824244603,125.50544786422519,0,0,0,0,0,0
87.91663149999292,1830.5245361328125,-3802.897216796875,210.41165161132812,125.50438827702784,0.0,0.0,0.18949524965137243,8,2,2,32,13,33,18,7,3,13,2,3,22,1,0,1830.5245434969358,-3802.897291364421,125.50438827702784,0,0,0,0,0,0
88.0416314499929,1830.50390625,-3802.909423828125,210.4117889404297,125.50332312959833,0.0,0.0,0.18944356124848127,8,2,2,32,13,33,18,7,3,13,2,3,22,1,0,1830.5038617159958,-3802.9093667803727,125.50332312959833,0,0,0,0,0,0
88.1666313999929,1830.483154296875,-3802.92138671875,210.41189575195312,125.50225321865831,0.0,0.0,0.18909976352006197,8,2,2,32,13,33,18,7,3,13,2,3,22,1,0,1830.4831650337223,-3802.9213708638695,125.50225321865831,0,0,0,0,0,0
88.20829804999289,1830.476318359375,-3802.92529296875,210.41192626953125,125.50189592059498,0.0,0.0,0.1890172716230154,8,2,2,32,13,33,18,7,3,13,2,3,22,1,0,1830.4762636120167,-3802.925354491299,125.50189592059498,0,0,0,0,0,0
88.33329799999288,1830.45556640625,-3802.937255859375,210.4120330810547,125.50081648274599,0.0,0.0,0.18875404493883252,8,2,2,32,13,33,18,7,3,13,2,3,22,1,0,1830.455555322412,-3802.937257750005,125.50081648274599,0,0,0,0,0,0
88.45829794999287,1830.434814453125,-3802.94921875,210.4121551513672,125.49973148436177,0.0,0.0,0.18873612862080336,8,2,2,32,13,33,18,7,3,13,2,3,22,1,0,1830.4348386469226,-3802.9491160455664,125.49973148436177,0,0,0,0,0,0
88.62496454999285,1830.4072265625,-3802.96484375,210.4123077392578,125.49829474859948,0.0,0.0,0.18894736422225833,8,2,2,32,13,33,18,7,3,13,2,3,22,1,0,1830.4071834493332,-3802.9649177599863,125.49829474859948,0,0,0,0,0,0
88.79163114999284,1830.379638671875,-3802.980712890625,210.4124755859375,125.49685046916932,0.0,0.0,0.18863064469769597,8,2,2,32,13,33,18,7,3,13,2,3,22,1,0,1830.3795810138554,-3802.980763234551,125.49685046916932,0,0,0,0,0,0
88.95829774999282,1830.3521728515625,-3802.99658203125,210.41262817382812,125.49539864598422,0.0,0.0,0.18810059409588575,8,2,2,32,13,33,18,7,3,13,2,3,22,1,0,1830.3521140942748,-3802.9966937676477,125.49539864598422,0,0,0,0,0,0
89.04163104999282,1830.33837890625,-3803.004638671875,210.41270446777344,125.49466896247331,0.0,0.0,0.1878756214864552,8,2,2,32,13,33,18,7,3,13,2,3,22,1,0,1830.3384398074647,-3803.004699802221,125.49466896247331,0,0,0,0,0,0
89.2082976499928,1830.3111572265625,-3803.020751953125,210.41285705566406,125.49319530534275,0.0,0.0,0.18745147390291095,8,2,2,32,13,33,18,7,3,13,2,3,22,1,0,1830.3112107779334,-3803.0208041386663,125.49319530534275,0,0,0,0,0,0
89.37496424999279,1830.2841796875,-3803.037109375,210.4130096435547,125.49171410438915,0.0,0.0,0.18701344961300492,8,2,2,32,13,33,18,7,3,13,2,3,22,1,0,1830.284135720868,-3803.037023306993,125.49171410438915,0,0,0,0,0,0
89.54163084999277,1830.2572021484375,-3803.05322265625,210.4131622314453,125.49021583287949,0.0,0.0,0.1866127480752766,8,2,2,32,13,33,18,7,3,13,2,3,22,1,0,1830.2571978324495,-3803.0533336748695,125.49021583287949,0,0,0,0,0,0
89.70829744999276,1830.2303466796875,-3803.06982421875,210.41331481933594,125.48870525414955,0.0,0.0,0.1862556324340403,8,2,2,32,13,33,18,7,3,13,2,3,22,1,0,1830.2303712498958,-3803.0697049062283,125.48870525414955,0,0,0,0,0,0
89.87496404999274,1830.20361328125,-3803.086181640625,210.41346740722656,125.48718514890838,0.0,0.0,0.1859260373748839,8,2,2,32,13,33,18,7,3,13,2,3,22,1,0,1830.2036304219578,-3803.086106032907,125.48718514890838,0,0,0,0,0,0
90.04163064999273,1830.177001953125,-3803.1025390625,210.4136199951172,125.48565193817451,0.0,0.0,0.18561850301921368,8,2,2,32,13,33,18,7,3,13,2,3,22,1,0,1830.1769551903799,-3803.102512269224,125.48565193817451,0,0,0,0,0,0
90.20829724999271,1830.150390625,-3803.118896484375,210.41375732421875,125.48410721843659,0.0,0.0,0.1853238674812019,8,2,2,32,13,33,18,7,3,13,2,3,22,1,0,1830.1503332283546,-3803.118909105372,125.48410721843659,0,0,0,0,0,0
90.3749638499927,1830.123779296875,-3803.13525390625,210.4138946533203,125.48255297236912,0.0,0.0,0.18503068713471293,8,2,2,32,13,33,18,7,3,13,2,3,22,1,0,1830.1237611640956,-3803.1352931672736,125.48255297236912,0,0,0,0,0,0
90.54163044999268,1830.0972900390625,-3803.151611328125,210.41403198242188,125.48098840139627,0.0,0.0,0.1847310340963304,8,2,2,32,13,33,18,7,3,13,2,3,22,1,0,1830.097243439856,-3803.1516706766533,125.48098840139627,0,0,0,0,0,0
90.70829704999267,1830.07080078125,-3803.16796875,210.41416931152344,125.47941430410202,0.0,0.0,0.18442084547132254,8,2,2,32,13,33,18,7,3,13,2,3,22,1,0,1830.0707897026953,-3803.168054312803,125.47941430410202,0,0,0,0,0,0
90.91663029999265,1830.037841796875,-3803.1884765625,210.41433715820312,125.47743566208011,0.0,0.0,0.18484883476048708,8,2,2,32,13,33,18,7,3,13,2,3,22,1,0,1830.037813164327,-3803.188577936033,125.47743566208011,0,0,0,0,0,0
91.08329689999263,1830.0113525390625,-3803.205078125,210.4145050048828,125.47590046903882,0.0,0.0,0.18568962113931775,8,2,2,32,13,33,18,7,3,13,2,3,22,1,0,1830.0112953251687,-3803.2051301415604,125.47590046903882,0,0,0,0,0,0
91.20829684999262,1829.9913330078125,-3803.217529296875,210.4146270751953,125.47474242510076,0.0,0.0,0.18555360147729516,8,2,2,32,13,33,18,7,3,13,2,3,22,1,0,1829.991372638699,-3803.2175203832003,125.47474242510076,0,0,0,0,0,0
91.3749634499926,1829.96484375,-3803.23388671875,210.4147491455078,125.47319016164681,0.0,0.0,0.1850965665653348,8,2,2,32,13,33,18,7,3,13,2,3,22,1,0,1829.9647922065578,-3803.233928659462,125.47319016164681,0,0,0,0,0,0
91.54163004999259,1829.938232421875,-3803.250244140625,210.41488647460938,125.47163313518288,0.0,0.0,0.18505987245589495,8,2,2,32,13,33,18,7,3,13,2,3,22,1,0,1829.9381746557528,-3803.2502169143627,125.47163313518288,0,0,0,0,0,0
91.74996329999257,1829.9049072265625,-3803.2705078125,210.41505432128906,125.4696695818835,0.0,0.0,0.1847076346166432,8,2,2,32,13,33,18,7,3,13,2,3,22,1,0,1829.904890580018,-3803.2704686278103,125.4696695818835,0,0,0,0,0,0
91.91662989999256,1829.8782958984375,-3803.28662109375,210.4151611328125,125.46809072217755,0.0,0.0,0.18436326645314693,8,2,2,32,13,33,18,7,3,13,2,3,22,1,0,1829.8783302018596,-3803.286665679473,125.46809072217755,0,0,0,0,0,0
92.08329649999254,1829.8519287109375,-3803.302978515625,210.415283203125,125.46650153675031,0.0,0.0,0.1840322045609355,8,2,2,32,13,33,18,7,3,13,2,3,22,1,0,1829.8518690597482,-3803.3029161872223,125.46650153675031,0,0,0,0,0,0
92.29162974999252,1829.8189697265625,-3803.3232421875,210.4154510498047,125.46450106142093,0.0,0.0,0.18355194479227066,8,2,2,32,13,33,18,7,3,13,2,3,22,1,0,1829.818967764192,-3803.3233484528864,125.46450106142093,0,0,0,0,0,0
92.37496304999252,1829.805908203125,-3803.33154296875,210.41551208496094,125.46369555203998,0.0,0.0,0.18334259511902928,8,2,2,32,13,33,18,7,3,13,2,3,22,1,0,1829.805867186485,-3803.3315624146107,125.46369555203998,0,0,0,0,0,0
92.5416296499925,1829.77978515625,-3803.34814453125,210.41563415527344,125.46207698880035,0.0,0.0,0.18296194029971957,8,2,2,32,13,33,18,7,3,13,2,3,22,1,0,1829.7797666434735,-3803.348063520726,125.46207698880035,0,0,0,0,0,0
92.70829624999249,1829.7537841796875,-3803.36474609375,210.41575622558594,125.46045366266426,0.0,0.0,0.18315550405532122,8,2,2,32,13,33,18,7,3,13,2,3,22,1,0,1829.7537525178502,-3803.364672224204,125.46045366266426,0,0,0,0,0,0
92.87496284999247,1829.727783203125,-3803.38134765625,210.41590881347656,125.45883033658465,0.0,0.0,0.18271587323397398,8,2,2,32,13,33,18,7,3,13,2,3,22,1,0,1829.7278142747934,-3803.3813731194527,125.45883033658465,0,0,0,0,0,0
93.08329609999245,1829.695556640625,-3803.40234375,210.4160614013672,125.45676634292592,0.0,0.0,0.18199451733380556,8,2,2,32,13,33,18,7,3,13,2,3,22,1,0,1829.6955926174076,-3803.40229192914,125.45676634292592,0,0,0,0,0,0
93.20829604999244,1829.67626953125,-3803.414794921875,210.4161376953125,125.45552016608755,0.0,0.0,0.1818147604353726,8,2,2,32,13,33,18,7,3,13,2,3,22,1,0,1829.6763260736802,-3803.4148606093327,125.45552016608755,0,0,0,0,0,0
93.37496264999243,1829.650634765625,-3803.431640625,210.41627502441406,125.45385039205519,0.0,0.0,0.18161649350076914,8,2,2,32,13,33,18,7,3,13,2,3,22,1,0,1829.65068705785,-3803.4316373602765,125.45385039205519,0,0,0,0,0,0
93.54162924999241,1829.6251220703125,-3803.448486328125,210.4163818359375,125.45216831059496,0.0,0.0,0.1812372705899179,8,2,2,32,13,33,18,7,3,13,2,3,22,1,0,1829.625106768576,-3803.4484158105633,125.45216831059496,0,0,0,0,0,0
93.7082958499924,1829.599609375,-3803.465087890625,210.41650390625,125.4504786844421,0.0,0.0,0.1810636487789452,8,2,2,32,13,33,18,7,3,13,2,3,22,1,0,1829.599577879571,-3803.465191852628,125.4504786844421,0,0,0,0,0,0
93.87496244999238,1829.5740966796875,-3803.48193359375,210.41661071777344,125.44877675075408,0.0,0.0,0.18081747693940997,8,2,2,32,13,33,18,7,3,13,2,3,22,1,0,1829.5740986711514,-3803.4819729597493,125.44877675075408,0,0,0,0,0,0
94.04162904999237,1829.5487060546875,-3803.498779296875,210.41673278808594,125.44706529162349,0.0,0.0,0.18053401727229357,8,2,2,32,13,33,18,7,3,13,2,3,22,1,0,1829.548685146898,-3803.498762966533,125.44706529162349,0,0,0,0,0,0
94.20829564999235,1829.5233154296875,-3803.515380859375,210.41683959960938,125.4453851909252,0.0,0.0,0.17884833505377173,8,2,2,32,13,33,18,7,3,13,2,3,22,1,0,1829.5232567519051,-3803.515347453756,125.4453851909252,0,0,0,0,0,0
94.37496224999234,1829.4947509765625,-3803.527099609375,210.41685485839844,125.44405366322525,0.0,0.0,0.1885472796857357,8,2,2,32,13,33,18,7,3,13,2,3,22,1,0,1829.4947963157888,-3803.527194924114,125.44405366322525,0,0,0,0,0,0
94.49996219999232,1829.470947265625,-3803.532958984375,210.4168243408203,125.44314016831987,0.0,0.0,0.1987929455935955,8,2,2,32,13,33,18,7,3,13,2,3,22,1,0,1829.4709587000727,-3803.5329935149407,125.44314016831987,0,0,0,0,0,0
94.7082954499923,1829.4283447265625,-3803.5390625,210.41665649414062,125.44173479529691,0.0,0.0,0.2067293506115675,8,2,2,32,13,33,18,7,3,13,2,3,22,1,0,1829.4283699699652,-3803.5391833325084,125.44173479529691,0,0,0,0,0,0
94.87496204999229,1829.393798828125,-3803.54345703125,210.41650390625,125.44070657143314,0.0,0.0,0.2050695475190878,8,2,2,32,13,33,18,7,3,13,2,3,22,1,0,1829.393757805893,-3803.5434560147573,125.44070657143314,0,0,0,0,0,0
94.99996199999228,1829.368408203125,-3803.547607421875,210.4164276123047,125.43997688847166,0.0,0.0,0.199995213188231,8,2,2,32,13,33,18,7,3,13,2,3,22,1,0,1829.3684391035963,-3803.5475004395144,125.43997688847166,0,0,0,0,0,0
95.20829524999226,1829.3287353515625,-3803.557373046875,210.41639709472656,125.43875810997466,0.0,0.0,0.18826419254764915,8,2,2,32,13,33,18,7,3,13,2,3,22,1,0,1829.3287644463949,-3803.5572980505185,125.43875810997466,0,0,0,0,0,0
95.33329519999225,1829.3067626953125,-3803.5654296875,210.4164581298828,125.43802088206658,0.0,0.0,0.18297641072422266,8,2,2,32,13,33,18,7,3,13,2,3,22,1,0,1829.3067790236591,-3803.5654744168896,125.43802088206658,0,0,0,0,0,0
95.49996179999224,1829.2796630859375,-3803.5791015625,210.4166259765625,125.4369851133782,0.0,0.0,0.17824287060648203,8,2,2,32,13,33,18,7,3,13,2,3,22,1,0,1829.2796671538526,-3803.579106837023,125.4369851133782,0,0,0,0,0,0
95.70829504999222,1829.248779296875,-3803.599853515625,210.4169158935547,125.4355892658405,0.0,0.0,0.1761391293257475,8,2,2,32,13,33,18,7,3,13,2,3,22,1,0,1829.2487948121875,-3803.5998957149873,125.4355892658405,0,0,0,0,0,0
95.8749616499922,1829.225830078125,-3803.61865234375,210.4171905517578,125.43438001286226,0.0,0.0,0.17598679987713695,8,2,2,32,13,33,18,7,3,13,2,3,22,1,0,1829.225787518923,-3803.6185942365983,125.43438001286226,0,0,0,0,0,0
96.04162824999219,1829.20361328125,-3803.63818359375,210.41748046875,125.43308460648976,0.0,0.0,0.1761911204084754,8,2,2,32,13,33,18,7,3,13,2,3,22,1,0,1829.2035622863664,-3803.638252901812,125.43308460648976,0,0,0,0,0,0
96.20829484999217,1829.1815185546875,-3803.658203125,210.4177703857422,125.43172289935804,0.0,0.0,0.17610284266993403,8,2,2,32,13,33,18,7,3,13,2,3,22,1,0,1829.181479369696,-3803.658086635433,125.43172289935804,0,0,0,0,0,0
96.41662809999215,1829.1533203125,-3803.68212890625,210.4180908203125,125.42993085294549,0.0,0.0,0.17578755505383015,8,2,2,32,13,33,18,7,3,13,2,3,22,1,0,1829.153338769212,-3803.6821916033987,125.42993085294549,0,0,0,0,0,0
96.54162804999214,1829.135986328125,-3803.696044921875,210.4182586669922,125.4288260008978,0.0,0.0,0.17580629792064428,8,2,2,32,13,33,18,7,3,13,2,3,22,1,0,1829.1359450325779,-3803.6960206638887,125.4288260008978,0,0,0,0,0,0
96.74996129999212,1829.10595703125,-3803.7177734375,210.4185028076172,125.42694303845884,0.0,0.0,0.17614408861845732,8,2,2,32,13,33,18,7,3,13,2,3,22,1,0,1829.1060143146253,-3803.717887086822,125.42694303845884,0,0,0,0,0,0
96.9582945499921,1829.0750732421875,-3803.738525390625,210.41868591308594,125.42502315303454,0.0,0.0,0.17669099615886807,8,2,2,32,13,33,18,7,3,13,2,3,22,1,0,1829.0750863441835,-3803.738528077007,125.42502315303454,0,0,0,0,0,0
97.12496114999209,1829.0499267578125,-3803.754638671875,210.41880798339844,125.42346334659307,0.0,0.0,0.176826526876539,8,2,2,32,13,33,18,7,3,13,2,3,22,1,0,1829.0499420197718,-3803.754524518648,125.42346334659307,0,0,0,0,0,0
97.29162774999207,1829.0247802734375,-3803.7705078125,210.41893005371094,125.42188170776907,0.0,0.0,0.17673370894044638,8,2,2,32,13,33,18,7,3,13,2,3,22,1,0,1829.0247467202857,-3803.7704494586224,125.42188170776907,0,0,0,0,0,0
97.37496104999207,1829.01220703125,-3803.778564453125,210.41897583007812,125.42108096185946,0.0,0.0,0.17659857403486967,8,2,2,32,13,33,18,7,3,13,2,3,22,1,0,1829.012214045449,-3803.7784925597302,125.42108096185946,0,0,0,0,0,0
97.58329429999205,1828.9813232421875,-3803.799072265625,210.41912841796875,125.41902371232702,0.0,0.0,0.17547885654494166,8,2,2,32,13,33,18,7,3,13,2,3,22,1,0,1828.9813553078102,-3803.7990850993806,125.41902371232702,0,0,0,0,0,0
97.74996089999203,1828.9573974609375,-3803.816162109375,210.4192352294922,125.41731225483974,0.0,0.0,0.17467278521507978,8,2,2,32,13,33,18,7,3,13,2,3,22,1,0,1828.9573847550382,-3803.8162674980626,125.41731225483974,0,0,0,0,0,0
97.91662749999202,1828.93408203125,-3803.834228515625,210.4193572998047,125.41554402097934,0.0,0.0,0.17441343516111374,8,2,2,32,13,33,18,7,3,13,2,3,22,1,0,1828.9341083773668,-3803.834259360454,125.41554402097934,0,0,0,0,0,0
98.083294099992,1828.9114990234375,-3803.85302734375,210.4195098876953,125.41372933929925,0.0,0.0,0.17461511306464672,8,2,2,32,13,33,18,7,3,13,2,3,22,1,0,1828.9114891463776,-3803.8531058822264,125.41372933929925,0,0,0,0,0,0
98.20829404999199,1828.8948974609375,-3803.86767578125,210.4196319580078,125.41233825443622,0.0,0.0,0.17541793640702963,8,2,2,32,13,33,18,7,3,13,2,3,22,1,0,1828.8948944721255,-3803.8677659152386,125.41233825443622,0,0,0,0,0,0
98.41662729999197,1828.86767578125,-3803.89306640625,210.41986083984375,125.40997294048356,0.0,0.0,0.176398700568825,8,2,2,32,13,33,18,7,3,13,2,3,22,1,0,1828.8677054487741,-3803.8930099241766,125.40997294048356,0,0,0,0,0,0
98.58329389999196,1828.84619140625,-3803.913818359375,210.4200897216797,125.4080379643494,0.0,0.0,0.17738359747454524,8,2,2,32,13,33,18,7,3,13,2,3,22,1,0,1828.846213774305,-3803.913730261516,125.4080379643494,0,0,0,0,0,0
98.74996049999194,1828.824951171875,-3803.934814453125,210.42027282714844,125.4060347082964,0.0,0.0,0.17721281619742513,8,2,2,32,13,33,18,7,3,13,2,3,22,1,0,1828.8249353366825,-3803.934708079474,125.4060347082964,0,0,0,0,0,0
98.95829374999192,1828.7984619140625,-3803.961181640625,210.4204864501953,125.403460966721,0.0,0.0,0.1772835967130959,8,2,2,32,13,33,18,7,3,13,2,3,22,1,0,1828.798497121694,-3803.9611636763816,125.403460966721,0,0,0,0,0,0
99.04162704999192,1828.7879638671875,-3803.971923828125,210.4205780029297,125.40240534529677,0.0,0.0,0.17753049032762647,8,2,2,32,13,33,18,7,3,13,2,3,22,1,0,1828.7879589064921,-3803.9718020679543,125.40240534529677,0,0,0,0,0,0
99.2499602999919,1828.76171875,-3803.99853515625,210.42080688476562,125.39971885486335,0.0,0.0,0.17776417080312967,8,2,2,32,13,33,18,7,3,13,2,3,22,1,0,1828.7616724346,-3803.9985673500064,125.39971885486335,0,0,0,0,0,0
99.41662689999188,1828.74072265625,-3804.020263671875,210.4209747314453,125.39750995466744,0.0,0.0,0.17845145193859935,8,2,2,32,13,33,18,7,3,13,2,3,22,1,0,1828.7407502285525,-3804.020181357859,125.39750995466744,0,0,0,0,0,0
99.58329349999187,1828.719970703125,-3804.0419921875,210.42112731933594,125.39525182303227,0.0,0.0,0.17906734719872475,8,2,2,32,13,33,18,7,3,13,2,3,22,1,0,1828.7199617531471,-3804.0420335410695,125.39525182303227,0,0,0,0,0,0
99.74996009999185,1828.6993408203125,-3804.064208984375,210.42129516601562,125.39295955168537,0.0,0.0,0.17943340353667736,8,2,2,32,13,33,18,7,3,13,2,3,22,1,0,1828.6992891488858,-3804.064199307854,125.39295955168537,0,0,0,0,0,0
99.87496004999184,1828.6839599609375,-3804.0810546875,210.42141723632812,125.39120362603197,0.0,0.0,0.18037845147773623,8,2,2,32,13,33,18,7,3,13,2,3,22,1,0,1828.6839017527,-3804.0810297302137,125.39120362603197,0,0,0,0,0,0
100.04162664999183,1828.66357421875,-3804.103759765625,210.42156982421875,125.38880336761788,0.0,0.0,0.17996338428929448,8,2,2,32,13,33,18,7,3,13,2,3,22,1,0,1828.663616537718,-3804.1037357459923,125.38880336761788,0,0,0,0,0,0
100.20829324999181,1828.6436767578125,-3804.126708984375,210.42169189453125,125.38632252202375,0.0,0.0,0.18012948567047715,8,2,2,32,13,33,18,7,3,13,2,3,22,1,0,1828.6436810815567,-3804.1267627291445,125.38632252202375,0,0,0,0,0,0
100.3749598499918,1828.6239013671875,-3804.150146484375,210.4218292236328,125.38380673019064,0.0,0.0,0.18092524260282516,8,2,2,32,13,33,18,7,3,13,2,3,22,1,0,1828.623958129102,-3804.1502144984056,125.38380673019064,0,0,0,0,0,0
100.54162644999178,1828.6016845703125,-3804.16943359375,210.42196655273438,125.3816347544776,0.0,0.0,0.1743482891470194,8,2,2,32,13,33,18,7,3,13,2,3,22,1,0,1828.6016274322333,-3804.1694211388835,125.3816347544776,0,0,0,0,0,0
100.70829304999177,1828.57470703125,-3804.1826171875,210.42190551757812,125.37959933702601,0.0,0.0,0.18227400723844767,8,2,2,32,13,33,18,7,3,13,2,3,22,1,0,1828.574747545965,-3804.1826982031957,125.37959933702601,0,0,0,0,0,0
100.87495964999175,1828.5445556640625,-3804.19189453125,210.4217071533203,125.37765007554395,0.0,0.0,0.19170510349795222,8,2,2,32,13,33,18,7,3,13,2,3,22,1,0,1828.5445757427156,-3804.1918261843903,125.37765007554395,0,0,0,0,0,0
100.99995959999174,1828.5206298828125,-3804.197509765625,210.4215545654297,125.37630543861671,0.0,0.0,0.19521095091477036,8,2,2,32,13,33,18,7,3,13,2,3,22,1,0,1828.5206904324202,-3804.1974453116622,125.37630543861671,0,0,0,0,0,0
101.16662619999173,1828.48876953125,-3804.204833984375,210.42140197753906,125.37457134486041,0.0,0.0,0.19325421890243888,8,2,2,32,13,33,18,7,3,13,2,3,22,1,0,1828.4887391488646,-3804.2049105836495,125.37457134486041,0,0,0,0,0,0
101.33329279999171,1828.4580078125,-3804.2138671875,210.42123413085938,125.37286941352825,0.0,0.0,0.18656390020623803,8,2,2,32,13,33,18,7,3,13,2,3,22,1,0,1828.4580115239755,-3804.21386444553,125.37286941352825,0,0,0,0,0,0
101.4999593999917,1828.429443359375,-3804.2255859375,210.421142578125,125.37116272067398,0.0,0.0,0.17977493116632104,8,2,2,32,13,33,18,7,3,13,2,3,22,1,0,1828.4294720229368,-3804.22549139983,125.37116272067398,0,0,0,0,0,0
101.54162604999169,1828.4227294921875,-3804.228759765625,210.421142578125,125.37072403169937,0.0,0.0,0.17805162351578474,8,2,2,32,13,33,18,7,3,13,2,3,22,1,0,1828.4227536515284,-3804.228881556244,125.37072403169937,0,0,0,0,0,0
101.74995929999167,1828.3917236328125,-3804.248779296875,210.42120361328125,125.36849051682032,0.0,0.0,0.17406929982826114,8,2,2,32,13,33,18,7,3,13,2,3,22,1,0,1828.391668202253,-3804.2488355819237,125.36849051682032,0,0,0,0,0,0
101.91662589999166,1828.369384765625,-3804.26806640625,210.42132568359375,125.36663612750095,0.0,0.0,0.17453567124903202,8,2,2,32,13,33,18,7,3,13,2,3,22,1,0,1828.3694391494696,-3804.268020646355,125.36663612750095,0,0,0,0,0,0
102.08329249999164,1828.348876953125,-3804.289306640625,210.42152404785156,125.36471624452255,0.0,0.0,0.1757022342644632,8,2,2,32,13,33,18,7,3,13,2,3,22,1,0,1828.3488688381344,-3804.2892350753723,125.36471624452255,0,0,0,0,0,0
102.24995909999163,1828.3291015625,-3804.3115234375,210.42173767089844,125.36273958279622,0.0,0.0,0.17633739626035094,8,2,2,32,13,33,18,7,3,13,2,3,22,1,0,1828.329159399756,-3804.311480054215,125.36273958279622,0,0,0,0,0,0
102.37495904999162,1828.314453125,-3804.328369140625,210.42190551757812,125.36122820290194,0.0,0.0,0.1759637612849474,8,2,2,32,13,33,18,7,3,13,2,3,22,1,0,1828.314461925079,-3804.328248162345,125.36122820290194,0,0,0,0,0,0
102.5416256499916,1828.29443359375,-3804.35009765625,210.42210388183594,125.35919278575682,0.0,0.0,0.1748734386637807,8,2,2,32,13,33,18,7,3,13,2,3,22,1,0,1828.2944289625852,-3804.3500604154424,125.35919278575682,0,0,0,0,0,0
102.74995889999158,1828.2681884765625,-3804.375732421875,210.42230224609375,125.35662380857956,0.0,0.0,0.1734319026581943,8,2,2,32,13,33,18,7,3,13,2,3,22,1,0,1828.268127765819,-3804.3756883268443,125.35662380857956,0,0,0,0,0,0
102.87495884999157,1828.2515869140625,-3804.39013671875,210.42237854003906,125.35508026571695,0.0,0.0,0.17301214393228292,8,2,2,32,13,33,18,7,3,13,2,3,22,1,0,1828.251539796693,-3804.390015872429,125.35508026571695,0,0,0,0,0,0
103.04162544999156,1828.228515625,-3804.407958984375,210.42245483398438,125.35303056448544,0.0,0.0,0.173008197452873,8,2,2,32,13,33,18,7,3,13,2,3,22,1,0,1828.2285234409528,-3804.407957873956,125.35303056448544,0,0,0,0,0,0
103.20829204999154,1828.2047119140625,-3804.4248046875,210.4224853515625,125.3509876007573,0.0,0.0,0.17326059751212597,8,2,2,32,13,33,18,7,3,13,2,3,22,1,0,1828.2046933738875,-3804.424844927162,125.3509876007573,0,0,0,0,0,0
103.37495864999153,1828.180419921875,-3804.441162109375,210.42250061035156,125.34895973067928,0.0,0.0,0.17340495251119137,8,2,2,32,13,33,18,7,3,13,2,3,22,1,0,1828.180379109667,-3804.4410902460877,125.34895973067928,0,0,0,0,0,0
103.54162524999151,1828.156005859375,-3804.457275390625,210.42251586914062,125.34693662204192,0.0,0.0,0.17325207591056824,8,2,2,32,13,33,18,7,3,13,2,3,22,1,0,1828.156008808073,-3804.4572551872093,125.34693662204192,0,0,0,0,0,0
103.7082918499915,1828.132080078125,-3804.473876953125,210.42254638671875,125.34490794219182,0.0,0.0,0.1727798255160451,8,2,2,32,13,33,18,7,3,13,2,3,22,1,0,1828.1320287048934,-3804.4738864371157,125.34490794219182,0,0,0,0,0,0
103.87495844999148,1828.108642578125,-3804.4912109375,210.42259216308594,125.34286776412468,0.0,0.0,0.17237089341506362,8,2,2,32,13,33,18,7,3,13,2,3,22,1,0,1828.1085942929446,-3804.491156043028,125.34286776412468,0,0,0,0,0,0
104.04162504999147,1828.085693359375,-3804.509033203125,210.4226531982422,125.34081051673931,0.0,0.0,0.17201671143993735,8,2,2,32,13,33,18,7,3,13,2,3,22,1,0,1828.0856843547947,-3804.509018858102,125.34081051673931,0,0,0,0,0,0
104.24995829999145,1828.0574951171875,-3804.53173828125,210.4227294921875,125.33821413861402,0.0,0.0,0.17181612784042954,8,2,2,32,13,33,18,7,3,13,2,3,22,1,0,1828.057499432984,-3804.5318332598654,125.33821413861402,0,0,0,0,0,0
104.41662489999143,1828.03515625,-3804.550537109375,210.4228057861328,125.33612472793035,0.0,0.0,0.17221516463905573,8,2,2,32,13,33,18,7,3,13,2,3,22,1,0,1828.0352160983412,-3804.5504202059947,125.33612472793035,0,0,0,0,0,0
104.58329149999142,1828.01318359375,-3804.5693359375,210.42291259765625,125.33404007841297,0.0,0.0,0.17248952062800527,8,2,2,32,13,33,18,7,3,13,2,3,22,1,0,1828.0131700154604,-3804.5694274145917,125.33404007841297,0,0,0,0,0,0
104.7499580999914,1827.9913330078125,-3804.588623046875,210.4230194091797,125.33193359841978,0.0,0.0,0.17268252559006214,8,2,2,32,13,33,18,7,3,13,2,3,22,1,0,1827.9913464411545,-3804.5886850949237,125.33193359841978,0,0,0,0,0,0
104.87495804999139,1827.9749755859375,-3804.60302734375,210.42308044433594,125.33035115514075,0.0,0.0,0.17173172673210502,8,2,2,32,13,33,18,7,3,13,2,3,22,1,0,1827.9749946057739,-3804.6030811042287,125.33035115514075,0,0,0,0,0,0
105.04162464999138,1827.952880859375,-3804.621826171875,210.42315673828125,125.32823712801589,0.0,0.0,0.17123667057603598,8,2,2,32,13,33,18,7,3,13,2,3,22,1,0,1827.9528965425523,-3804.6217800524637,125.32823712801589,0,0,0,0,0,0
105.20829124999136,1827.9302978515625,-3804.639892578125,210.4232177734375,125.32612588719994,0.0,0.0,0.17191196093335748,8,2,2,32,13,33,18,7,3,13,2,3,22,1,0,1827.9303545917803,-3804.639902759636,125.32612588719994,0,0,0,0,0,0
105.41662449999134,1827.901611328125,-3804.661865234375,210.42327880859375,125.32350210662447,0.0,0.0,0.17226977506652474,8,2,2,32,13,33,18,7,3,13,2,3,22,1,0,1827.9016607047129,-3804.6619650283974,125.32350210662447,0,0,0,0,0,0
105.54162444999133,1827.88427734375,-3804.67529296875,210.42332458496094,125.32196134940394,0.0,0.0,0.17290093237534165,8,2,2,32,13,33,18,7,3,13,2,3,22,1,0,1827.884251861522,-3804.6751770578076,125.32196134940394,0,0,0,0,0,0
105.70829104999132,1827.8609619140625,-3804.69287109375,210.42340087890625,125.31990607766065,0.0,0.0,0.17287846421822906,8,2,2,32,13,33,18,7,3,13,2,3,22,1,0,1827.8610062523144,-3804.692800520224,125.31990607766065,0,0,0,0,0,0
105.9166242999913,1827.8321533203125,-3804.71484375,210.42344665527344,125.31730970033452,0.0,0.0,0.17216397682204843,8,2,2,32,13,33,18,7,3,13,2,3,22,1,0,1827.8321301778708,-3804.7148931892198,125.31730970033452,0,0,0,0,0,0
106.08329089999128,1827.8092041015625,-3804.732666015625,210.42349243164062,125.3152298119361,0.0,0.0,0.17211547819897532,8,2,2,32,13,33,18,7,3,13,2,3,22,1,0,1827.809215200909,-3804.7327411821934,125.3152298119361,0,0,0,0,0,0
106.24995749999127,1827.7864990234375,-3804.750732421875,210.42355346679688,125.31313761512412,0.0,0.0,0.17195821274071932,8,2,2,32,13,33,18,7,3,13,2,3,22,1,0,1827.7864479276407,-3804.7507914625094,125.31313761512412,0,0,0,0,0,0
106.45829074999125,1827.75830078125,-3804.773681640625,210.4236297607422,125.31050709971102,0.0,0.0,0.17197238048538566,8,2,2,32,13,33,18,7,3,13,2,3,22,1,0,1827.7582418704367,-3804.7736325713117,125.31050709971102,0,0,0,0,0,0
106.54162404999124,1827.7470703125,-3804.782958984375,210.4236602783203,125.30945147979168,0.0,0.0,0.1719011110253632,8,2,2,32,13,33,18,7,3,13,2,3,22,1,0,1827.747030926037,-3804.7828425828534,125.30945147979168,0,0,0,0,0,0
106.66662399999123,1827.730224609375,-3804.796630859375,210.4237060546875,125.30785870232557,0.0,0.0,0.17177544068545103,8,2,2,32,13,33,18,7,3,13,2,3,22,1,0,1827.730282148383,-3804.7967172584067,125.30785870232557,0,0,0,0,0,0
106.83329059999122,1827.7080078125,-3804.8154296875,210.42376708984375,125.30572284576314,0.0,0.0,0.17163651064038277,8,2,2,32,13,33,18,7,3,13,2,3,22,1,0,1827.7080524426708,-3804.8153098121184,125.30572284576314,0,0,0,0,0,0
107.0416238499912,1827.680419921875,-3804.838623046875,210.423828125,125.30303554941567,0.0,0.0,0.17148989718407393,8,2,2,32,13,33,18,7,3,13,2,3,22,1,0,1827.6803800778239,-3804.8386428344834,125.30303554941567,0,0,0,0,0,0
107.24995709999118,1827.65283203125,-3804.862060546875,210.4239044189453,125.30032839687136,0.0,0.0,0.1713356003165245,8,2,2,32,13,33,18,7,3,13,2,3,22,1,0,1827.6527815833188,-3804.8620166495903,125.30032839687136,0,0,0,0,0,0
107.37495704999117,1827.63623046875,-3804.8759765625,210.42393493652344,125.29868719900087,0.0,0.0,0.17099857795983553,8,2,2,32,13,33,18,7,3,13,2,3,22,1,0,1827.6362624095966,-3804.8760298573698,125.29868719900087,0,0,0,0,0,0
107.58329029999115,1827.6087646484375,-3804.8994140625,210.42396545410156,125.29593836041064,0.0,0.0,0.17073925118893385,8,2,2,32,13,33,18,7,3,13,2,3,22,1,0,1827.608776454628,-3804.8993558174006,125.29593836041064,0,0,0,0,0,0
107.79162354999113,1827.581298828125,-3804.922607421875,210.4240264892578,125.29317524016422,0.0,0.0,0.17066183499991894,8,2,2,32,13,33,18,7,3,13,2,3,22,1,0,1827.5813053892239,-3804.92265451093,125.29317524016422,0,0,0,0,0,0
107.95829014999111,1827.559326171875,-3804.94140625,210.424072265625,125.29097029383588,0.0,0.0,0.1711062854155898,8,2,2,32,13,33,18,7,3,13,2,3,22,1,0,1827.5592826616592,-3804.9413223607603,125.29097029383588,0,0,0,0,0,0
108.1249567499911,1827.5372314453125,-3804.9599609375,210.4241180419922,125.28875582654686,0.0,0.0,0.171067810151726,8,2,2,32,13,33,18,7,3,13,2,3,22,1,0,1827.5372729447615,-3804.9600231570757,125.28875582654686,0,0,0,0,0,0
108.20829004999109,1827.5262451171875,-3804.969482421875,210.4241485595703,125.28764621271911,0.0,0.0,0.17096464289352298,8,2,2,32,13,33,18,7,3,13,2,3,22,1,0,1827.526289433168,-3804.9693884207286,125.28764621271911,0,0,0,0,0,0
108.37495664999108,1827.50439453125,-3804.98828125,210.42417907714844,125.28541664938719,0.0,0.0,0.1708523603156209,8,2,2,32,13,33,18,7,3,13,2,3,22,1,0,1827.504378121624,-3804.9881593315527,125.28541664938719,0,0,0,0,0,0
108.54162324999106,1827.4825439453125,-3805.007080078125,210.42422485351562,125.28317756521682,0.0,0.0,0.17079899553209543,8,2,2,32,13,33,18,7,3,13,2,3,22,1,0,1827.4825458069888,-3805.0070034118767,125.28317756521682,0,0,0,0,0,0
108.74995649999104,1827.455322265625,-3805.03076171875,210.4242706298828,125.28036242358787,0.0,0.0,0.170692999381572,8,2,2,32,13,33,18,7,3,13,2,3,22,1,0,1827.4553762722742,-3805.0306738425597,125.28036242358787,0,0,0,0,0,0
108.91662309999103,1827.4337158203125,-3805.0498046875,210.42430114746094,125.27809872235224,0.0,0.0,0.17073318595066667,8,2,2,32,13,33,18,7,3,13,2,3,22,1,0,1827.4337362326585,-3805.049701136884,125.27809872235224,0,0,0,0,0,0
109.04162304999102,1827.41748046875,-3805.06396484375,210.42434692382812,125.27640074253495,0.0,0.0,0.17098390962928534,8,2,2,32,13,33,18,7,3,13,2,3,22,1,0,1827.4175218139903,-3805.0640448982144,125.27640074253495,0,0,0,0,0,0
109.208289649991,1827.39599609375,-3805.083251953125,210.4243927001953,125.2741322810869,0.0,0.0,0.1710096374154091,8,2,2,32,13,33,18,7,3,13,2,3,22,1,0,1827.3959563361313,-3805.083244972149,125.2741322810869,0,0,0,0,0,0
109.37495624999099,1827.37451171875,-3805.1025390625,210.4244384765625,125.27184872297002,0.0,0.0,0.17085473518818617,8,2,2,32,13,33,18,7,3,13,2,3,22,1,0,1827.3744648797554,-3805.102509817184,125.27184872297002,0,0,0,0,0,0
109.54162284999097,1827.35302734375,-3805.121826171875,210.4244842529297,125.26955564440065,0.0,0.0,0.17079197568818927,8,2,2,32,13,33,18,7,3,13,2,3,22,1,0,1827.3530382045908,-3805.121823555587,125.26955564440065,0,0,0,0,0,0
109.74995609999095,1827.326416015625,-3805.14599609375,210.4245147705078,125.26664482180735,0.0,0.0,0.17007039859890938,8,2,2,32,13,33,18,7,3,13,2,3,22,1,0,1827.326399899848,-3805.14597329111,125.26664482180735,0,0,0,0,0,0
109.87495604999094,1827.310546875,-3805.160400390625,210.42453002929688,125.2648861151975,0.0,0.0,0.1698157866485417,8,2,2,32,13,33,18,7,3,13,2,3,22,1,0,1827.3104966136784,-3805.1604784306464,125.2648861151975,0,0,0,0,0,0
110.04162264999093,1827.289306640625,-3805.179931640625,210.424560546875,125.26252673334908,0.0,0.0,0.16987258568406105,8,2,2,32,13,33,18,7,3,13,2,3,22,1,0,1827.2893627256115,-3805.179875062175,125.26252673334908,0,0,0,0,0,0
110.20828924999091,1827.268310546875,-3805.199462890625,210.42459106445312,125.26015980291386,0.0,0.0,0.16975015169009566,8,2,2,32,13,33,18,7,3,13,2,3,22,1,0,1827.2683027435473,-3805.199353851639,125.26015980291386,0,0,0,0,0,0
110.3749558499909,1827.247314453125,-3805.218994140625,210.4246063232422,125.25777104364482,0.0,0.0,0.16954642487689853,8,2,2,32,13,33,18,7,3,13,2,3,22,1,0,1827.2473457882352,-3805.218892580549,125.25777104364482,0,0,0,0,0,0
110.58328909999088,1827.221435546875,-3805.243408203125,210.42462158203125,125.2547331912821,0.0,0.0,0.16813447000458837,8,2,2,32,13,33,18,7,3,13,2,3,22,1,0,1827.2213801493801,-3805.243346453768,125.2547331912821,0,0,0,0,0,0
110.70828904999087,1827.2059326171875,-3805.258056640625,210.4246063232422,125.25287798663007,0.0,0.0,0.1675385283306241,8,2,2,32,13,33,18,7,3,13,2,3,22,1,0,1827.205989701084,-3805.258039290729,125.25287798663007,0,0,0,0,0,0
110.91662229999085,1827.1805419921875,-3805.28271484375,210.4246063232422,125.24976152193359,0.0,0.0,0.1680020592175424,8,2,2,32,13,33,18,7,3,13,2,3,22,1,0,1827.1805765462275,-3805.2827248485287,125.24976152193359,0,0,0,0,0,0
111.08328889999083,1827.160400390625,-3805.302734375,210.4246368408203,125.24726756193171,0.0,0.0,0.16801116289570928,8,2,2,32,13,33,18,7,3,13,2,3,22,1,0,1827.1603829343458,-3805.302721917854,125.24726756193171,0,0,0,0,0,0
111.24995549999082,1827.140380859375,-3805.32275390625,210.4246368408203,125.24475095529192,0.0,0.0,0.1680425019003451,8,2,2,32,13,33,18,7,3,13,2,3,22,1,0,1827.1403678607776,-3805.3228718696646,125.24475095529192,0,0,0,0,0,0
111.4166220999908,1827.1202392578125,-3805.34326171875,210.42465209960938,125.24227406418119,0.0,0.0,0.1712000579573214,8,2,2,32,13,33,18,7,3,13,2,3,22,1,0,1827.1202915826407,-3805.3432449653747,125.24227406418119,0,0,0,0,0,0
111.54162204999079,1827.1048583984375,-3805.358642578125,210.42474365234375,125.24048992283883,0.0,0.0,0.17279855674132705,8,2,2,32,13,33,18,7,3,13,2,3,22,1,0,1827.1049062216618,-3805.3586908991683,125.24048992283883,0,0,0,0,0,0
111.70828864999078,1827.084228515625,-3805.379150390625,210.4248046875,125.23807178674888,0.0,0.0,0.171918876003474,8,2,2,32,13,33,18,7,3,13,2,3,22,1,0,1827.084265389755,-3805.379074662922,125.23807178674888,0,0,0,0,0,0
111.87495524999076,1827.0633544921875,-3805.399169921875,210.4248046875,125.2356508614127,0.0,0.0,0.1707630348391831,8,2,2,32,13,33,18,7,3,13,2,3,22,1,0,1827.0633978443223,-3805.3990896084097,125.2356508614127,0,0,0,0,0,0
112.04162184999075,1827.042236328125,-3805.418701171875,210.4248046875,125.2332374852596,0.0,0.0,0.1715108286589384,8,2,2,32,13,33,18,7,3,13,2,3,22,1,0,1827.0422204318606,-3805.4187974714923,125.2332374852596,0,0,0,0,0,0
112.20828844999073,1827.0208740234375,-3805.438232421875,210.42483520507812,125.23079949146071,0.0,0.0,0.1700582797639072,8,2,2,32,13,33,18,7,3,13,2,3,22,1,0,1827.020847940638,-3805.4381543850254,125.23079949146071,0,0,0,0,0,0
112.37495504999072,1826.9993896484375,-3805.457275390625,210.4248046875,125.22835870806624,0.0,0.0,0.17066224245354533,8,2,2,32,13,33,18,7,3,13,2,3,22,1,0,1826.999346457006,-3805.457306947599,125.22835870806624,0,0,0,0,0,0
112.5832882999907,1826.9722900390625,-3805.481201171875,210.42478942871094,125.22531806779206,0.0,0.0,0.17156555550172925,8,2,2,32,13,33,18,7,3,13,2,3,22,1,0,1826.9723492347189,-3805.4811909151367,125.22531806779206,0,0,0,0,0,0
112.74995489999068,1826.9505615234375,-3805.50048828125,210.42483520507812,125.22293882894732,0.0,0.0,0.17242729663848877,8,2,2,32,13,33,18,7,3,13,2,3,22,1,0,1826.9505510873391,-3805.500496940221,125.22293882894732,0,0,0,0,0,0
112.91662149999067,1826.928955078125,-3805.52001953125,210.4248504638672,125.22053497229219,0.0,0.0,0.17198334680870175,8,2,2,32,13,33,18,7,3,13,2,3,22,1,0,1826.9288969968432,-3805.51990661679,125.22053497229219,0,0,0,0,0,0
113.08328809999065,1826.9073486328125,-3805.53955078125,210.4248504638672,125.21812635618443,0.0,0.0,0.17214154358953238,8,2,2,32,13,33,18,7,3,13,2,3,22,1,0,1826.9073783333074,-3805.5394595363814,125.21812635618443,0,0,0,0,0,0
113.20828804999064,1826.8912353515625,-3805.55419921875,210.42486572265625,125.21632038650797,0.0,0.0,0.17239723820239305,8,2,2,32,13,33,18,7,3,13,2,3,22,1,0,1826.8912931639009,-3805.5542478936345,125.21632038650797,0,0,0,0,0,0
113.41662129999062,1826.86376953125,-3805.577392578125,210.42486572265625,125.21343615249083,0.0,0.0,0.16926024109125137,8,2,2,32,13,33,18,7,3,13,2,3,22,1,0,1826.8637110166385,-3805.577373438804,125.21343615249083,0,0,0,0,0,0
113.58328789999061,1826.8394775390625,-3805.5927734375,210.42478942871094,125.21121889993186,0.0,0.0,0.17158190021291375,8,2,2,32,13,33,18,7,3,13,2,3,22,1,0,1826.8394468901017,-3805.5928261601794,125.21121889993186,0,0,0,0,0,0
113.7499544999906,1826.8140869140625,-3805.607177734375,210.42466735839844,125.20900361659668,0.0,0.0,0.17283615889027715,8,2,2,32,13,33,18,7,3,13,2,3,22,1,0,1826.8141038939245,-3805.607088477868,125.20900361659668,0,0,0,0,0,0
113.95828774999057,1826.78271484375,-3805.625244140625,210.4245147705078,125.20621506446265,0.0,0.0,0.17152122454717755,8,2,2,32,13,33,18,7,3,13,2,3,22,1,0,1826.7826974099246,-3805.62534030391,125.20621506446265,0,0,0,0,0,0
114.04162104999057,1826.7703857421875,-3805.6328125,210.42446899414062,125.20512925040637,0.0,0.0,0.1712675904855132,8,2,2,32,13,33,18,7,3,13,2,3,22,1,0,1826.7703478352416,-3805.632810122842,125.20512925040637,0,0,0,0,0,0
114.24995429999055,1826.739990234375,-3805.652099609375,210.4243621826172,125.20239469373813,0.0,0.0,0.17005986301228404,8,2,2,32,13,33,18,7,3,13,2,3,22,1,0,1826.7400345905148,-3805.6521525900516,125.20239469373813,0,0,0,0,0,0
114.41662089999053,1826.716796875,-3805.669189453125,210.42431640625,125.20019171953317,0.0,0.0,0.17093174392357469,8,2,2,32,13,33,18,7,3,13,2,3,22,1,0,1826.7167620783634,-3805.6690941573806,125.20019171953317,0,0,0,0,0,0
114.58328749999052,1826.69482421875,-3805.687744140625,210.42431640625,125.19792999076256,0.0,0.0,0.1706627430394292,8,2,2,32,13,33,18,7,3,13,2,3,22,1,0,1826.6947986843136,-3805.6877371890787,125.19792999076256,0,0,0,0,0,0
114.70828744999051,1826.6793212890625,-3805.702880859375,210.42433166503906,125.19617522613969,0.0,0.0,0.1713607693091035,8,2,2,32,13,33,18,7,3,13,2,3,22,1,0,1826.679347699478,-3805.7029387880257,125.19617522613969,0,0,0,0,0,0
114.87495404999049,1826.6600341796875,-3805.724853515625,210.4243927001953,125.19377137011013,0.0,0.0,0.1747821574099362,8,2,2,32,13,33,18,7,3,13,2,3,22,1,0,1826.6600397977181,-3805.7248714295683,125.19377137011013,0,0,0,0,0,0
115.04162064999048,1826.6422119140625,-3805.7490234375,210.42454528808594,125.19128414141531,0.0,0.0,0.17988741165027022,8,2,2,32,13,33,18,7,3,13,2,3,22,1,0,1826.6421778679596,-3805.7489370757885,125.19128414141531,0,0,0,0,0,0
115.24995389999046,1826.621337890625,-3805.78076171875,210.42477416992188,125.18813748057053,0.0,0.0,0.17724790377542377,8,2,2,32,13,33,18,7,3,13,2,3,22,1,0,1826.6213362154892,-3805.7806653920443,125.18813748057053,0,0,0,0,0,0
115.41662049999044,1826.6036376953125,-3805.804443359375,210.42491149902344,125.18563991079276,0.0,0.0,0.17370955320075154,8,2,2,32,13,33,18,7,3,13,2,3,22,1,0,1826.6036856524072,-3805.804512598834,125.18563991079276,0,0,0,0,0,0
115.62495374999042,1826.5794677734375,-3805.831787109375,210.42498779296875,125.18251310922604,0.0,0.0,0.17087713349610567,8,2,2,32,13,33,18,7,3,13,2,3,22,1,0,1826.5795059711484,-3805.8316689682856,125.18251310922604,0,0,0,0,0,0
115.70828704999042,1826.5692138671875,-3805.841796875,210.42498779296875,125.18126809938504,0.0,0.0,0.17017192440107465,8,2,2,32,13,33,18,7,3,13,2,3,22,1,0,1826.5691582708562,-3805.841683294371,125.18126809938504,0,0,0,0,0,0
115.8749536499904,1826.5474853515625,-3805.8603515625,210.4249725341797,125.17879318021248,0.0,0.0,0.16966141993179917,8,2,2,32,13,33,18,7,3,13,2,3,22,1,0,1826.5474629888124,-3805.8604399959463,125.17879318021248,0,0,0,0,0,0
116.04162024999039,1826.524658203125,-3805.8779296875,210.42489624023438,125.17633532926645,0.0,0.0,0.1699067186564207,8,2,2,32,13,33,18,7,3,13,2,3,22,1,0,1826.5247179561388,-3805.8778762701613,125.17633532926645,0,0,0,0,0,0
116.20828684999037,1826.5013427734375,-3805.89453125,210.42478942871094,125.17389651379351,0.0,0.0,0.170135498046875,8,2,2,32,13,33,18,7,3,13,2,3,22,1,0,1826.5013668114545,-3805.8945601220908,125.17389651379351,0,0,0,0,0,0
116.37495344999036,1826.4779052734375,-3805.9111328125,210.42469787597656,125.17147279901121,0.0,0.0,0.17012397293001413,8,2,2,32,13,33,18,7,3,13,2,3,22,1,0,1826.4778704640275,-3805.9110673497808,125.17147279901121,0,0,0,0,0,0
116.54162004999034,1826.45458984375,-3805.927978515625,210.4246063232422,125.16904908429676,0.0,0.0,0.16995328478515148,8,2,2,32,13,33,18,7,3,13,2,3,22,1,0,1826.4546289078353,-3805.927902972933,125.16904908429676,0,0,0,0,0,0
116.70828664999033,1826.431884765625,-3805.945556640625,210.42454528808594,125.16662536965886,0.0,0.0,0.16983654350042343,8,2,2,32,13,33,18,7,3,13,2,3,22,1,0,1826.4319384968826,-3805.9454379656577,125.16662536965886,0,0,0,0,0,0
116.87495324999031,1826.409912109375,-3805.9638671875,210.42449951171875,125.16418458716065,0.0,0.0,0.16996797639876604,8,2,2,32,13,33,18,7,3,13,2,3,22,1,0,1826.40996468672,-3805.963876888726,125.16418458716065,0,0,0,0,0,0
117.0416198499903,1826.3887939453125,-3805.983154296875,210.4244842529297,125.1617239449295,0.0,0.0,0.17036315985023975,8,2,2,32,13,33,18,7,3,13,2,3,22,1,0,1826.3887403715596,-3805.983257979844,125.1617239449295,0,0,0,0,0,0
117.24995309999028,1826.3631591796875,-3806.008544921875,210.4244842529297,125.15861617931532,0.0,0.0,0.17100786790251732,8,2,2,32,13,33,18,7,3,13,2,3,22,1,0,1826.3631314458673,-3806.008637553937,125.15861617931532,0,0,0,0,0,0
117.37495304999027,1826.34814453125,-3806.0244140625,210.42449951171875,125.15673159691022,0.0,0.0,0.1713329111225903,8,2,2,32,13,33,18,7,3,13,2,3,22,1,0,1826.3481354053126,-3806.0243253208073,125.15673159691022,0,0,0,0,0,0
117.58328629999025,1826.323486328125,-3806.05078125,210.42454528808594,125.1535650770246,0.0,0.0,0.1715891994535923,8,2,2,32,13,33,18,7,3,13,2,3,22,1,0,1826.3234853748108,-3806.0508946730806,125.1535650770246,0,0,0,0,0,0
117.79161954999023,1826.2989501953125,-3806.07763671875,210.42457580566406,125.15036918005492,0.0,0.0,0.17186077311635017,8,2,2,32,13,33,18,7,3,13,2,3,22,1,0,1826.2989094617253,-3806.0775859647824,125.15036918005492,0,0,0,0,0,0
117.99995279999021,1826.2740478515625,-3806.10400390625,210.42462158203125,125.14716573229654,0.0,0.0,0.17160435672849417,8,2,2,32,13,33,18,7,3,13,2,3,22,1,0,1826.2740709684597,-3806.104033524184,125.14716573229654,0,0,0,0,0,0
118.20828604999019,1826.2489013671875,-3806.130126953125,210.4246368408203,125.143942424216,0.0,0.0,0.17092247726395726,8,2,2,32,13,33,18,7,3,13,2,3,22,1,0,1826.248854156725,-3806.130009582158,125.143942424216,0,0,0,0,0,0
118.37495264999018,1826.2283935546875,-3806.150390625,210.42462158203125,125.141356722793,0.0,0.0,0.17085813451558352,8,2,2,32,13,33,18,7,3,13,2,3,22,1,0,1826.228382245988,-3806.1504196327255,125.141356722793,0,0,0,0,0,0
118.54161924999016,1826.2076416015625,-3806.170654296875,210.42462158203125,125.13877577977097,0.0,0.0,0.1711520366370678,8,2,2,32,13,33,18,7,3,13,2,3,22,1,0,1826.2076493123398,-3806.170567148989,125.13877577977097,0,0,0,0,0,0
118.66661919999015,1826.1920166015625,-3806.185546875,210.42462158203125,125.13683720198584,0.0,0.0,0.17123784637078643,8,2,2,32,13,33,18,7,3,13,2,3,22,1,0,1826.1919698395275,-3806.185545110285,125.13683720198584,0,0,0,0,0,0
118.87495244999013,1826.165771484375,-3806.21044921875,210.42457580566406,125.1335968260945,0.0,0.0,0.17080469988286495,8,2,2,32,13,33,18,7,3,13,2,3,22,1,0,1826.1657509368267,-3806.2103711316845,125.1335968260945,0,0,0,0,0,0
119.04161904999012,1826.144775390625,-3806.230224609375,210.42454528808594,125.13099405729325,0.0,0.0,0.17087938031181693,8,2,2,32,13,33,18,7,3,13,2,3,22,1,0,1826.1447899358266,-3806.2302341900486,125.13099405729325,0,0,0,0,0,0
119.2499522999901,1826.11865234375,-3806.255126953125,210.4245147705078,125.12772709753209,0.0,0.0,0.17108473693951964,8,2,2,32,13,33,18,7,3,13,2,3,22,1,0,1826.1187099950191,-3806.2552348646755,125.12772709753209,0,0,0,0,0,0
119.41661889999008,1826.0980224609375,-3806.275390625,210.42449951171875,125.12509691698017,0.0,0.0,0.17113701906055212,8,2,2,32,13,33,18,7,3,13,2,3,22,1,0,1826.0980295256434,-3806.275442030225,125.12509691698017,0,0,0,0,0,0
119.58328549999007,1826.0775146484375,-3806.2958984375,210.42445373535156,125.1224421174257,0.0,0.0,0.17130774213001132,8,2,2,32,13,33,18,7,3,13,2,3,22,1,0,1826.0775687762873,-3806.295849022733,125.1224421174257,0,0,0,0,0,0
119.74995209999005,1826.0572509765625,-3806.31640625,210.42442321777344,125.11977304361983,0.0,0.0,0.17161150462925434,8,2,2,32,13,33,18,7,3,13,2,3,22,1,0,1826.057277266991,-3806.316468968281,125.11977304361983,0,0,0,0,0,0
119.87495204999004,1826.0421142578125,-3806.33203125,210.42440795898438,125.11777291901066,0.0,0.0,0.17166653415188193,8,2,2,32,13,33,18,7,3,13,2,3,22,1,0,1826.0421211494747,-3806.3320657976583,125.11777291901066,0,0,0,0,0,0
120.08328529999002,1826.016845703125,-3806.3583984375,210.42442321777344,125.11443965444266,0.0,0.0,0.17248294316232204,8,2,2,32,13,33,18,7,3,13,2,3,22,1,0,1826.0168850410557,-3806.358277997769,125.11443965444266,0,0,0,0,0,0
120.24995189999001,1825.996826171875,-3806.37939453125,210.42442321777344,125.11175547788548,0.0,0.0,0.17240128945559263,8,2,2,32,13,33,18,7,3,13,2,3,22,1,0,1825.9967664212013,-3806.379368941185,125.11175547788548,0,0,0,0,0,0
120.41661849999,1825.9766845703125,-3806.400390625,210.42440795898438,125.10905899175218,0.0,0.0,0.1722604501992464,8,2,2,32,13,33,18,7,3,13,2,3,22,1,0,1825.9766951244053,-3806.4005067809576,125.10905899175218,0,0,0,0,0,0
120.62495174998998,1825.95166015625,-3806.427001953125,210.42437744140625,125.10566893768531,0.0,0.0,0.1720685395412147,8,2,2,32,13,33,18,7,3,13,2,3,22,1,0,1825.951617306444,-3806.4269027621385,125.10566893768531,0,0,0,0,0,0
120.70828504998997,1825.9415283203125,-3806.4375,210.42437744140625,125.10430838502825,0.0,0.0,0.17197377746924758,8,2,2,32,13,33,18,7,3,13,2,3,22,1,0,1825.9415608056422,-3806.437414223126,125.10430838502825,0,0,0,0,0,0
120.91661829998995,1825.9163818359375,-3806.463623046875,210.42434692382812,125.10089650586906,0.0,0.0,0.17197441775351763,8,2,2,32,13,33,18,7,3,13,2,3,22,1,0,1825.9163216595095,-3806.463596046112,125.10089650586906,0,0,0,0,0,0
121.08328489998993,1825.89599609375,-3806.484375,210.42431640625,125.09816784868944,0.0,0.0,0.1722134300507605,8,2,2,32,13,33,18,7,3,13,2,3,22,1,0,1825.8960209010497,-3806.484481105749,125.09816784868944,0,0,0,0,0,0
121.24995149998992,1825.875732421875,-3806.50537109375,210.42428588867188,125.09542771246973,0.0,0.0,0.17238795990124345,8,2,2,32,13,33,18,7,3,13,2,3,22,1,0,1825.8756826660767,-3806.5053319718813,125.09542771246973,0,0,0,0,0,0
121.4582847499899,1825.8502197265625,-3806.531494140625,210.42425537109375,125.09200072990228,0.0,0.0,0.17320718616247177,8,2,2,32,13,33,18,7,3,13,2,3,22,1,0,1825.8502452377495,-3806.531477782423,125.09200072990228,0,0,0,0,0,0
121.54161804998989,1825.840087890625,-3806.5419921875,210.4242401123047,125.09063262523894,0.0,0.0,0.17261281609535217,8,2,2,32,13,33,18,7,3,13,2,3,22,1,0,1825.8400684353746,-3806.5419688001575,125.09063262523894,0,0,0,0,0,0
121.74995129998987,1825.814697265625,-3806.568359375,210.42420959472656,125.08718102334055,0.0,0.0,0.17255292041227221,8,2,2,32,13,33,18,7,3,13,2,3,22,1,0,1825.8147018694237,-3806.5682443587343,125.08718102334055,0,0,0,0,0,0
121.95828454998986,1825.7894287109375,-3806.5947265625,210.42416381835938,125.08371039134096,0.0,0.0,0.17262600595131516,8,2,2,32,13,33,18,7,3,13,2,3,22,1,0,1825.7894210668248,-3806.5946230976906,125.08371039134096,0,0,0,0,0,0
122.16661779998984,1825.7642822265625,-3806.62109375,210.4241180419922,125.08021430838404,0.0,0.0,0.17353761941194534,8,2,2,32,13,33,18,7,3,13,2,3,22,1,0,1825.7642695060106,-3806.621130272447,125.08021430838404,0,0,0,0,0,0
122.33328439998982,1825.7442626953125,-3806.642333984375,210.42408752441406,125.07740507254982,0.0,0.0,0.17321297200396657,8,2,2,32,13,33,18,7,3,13,2,3,22,1,0,1825.744217759192,-3806.6424525048255,125.07740507254982,0,0,0,0,0,0
122.41661769998981,1825.7342529296875,-3806.653076171875,210.424072265625,125.07599528107798,0.0,0.0,0.17334363656118512,8,2,2,32,13,33,18,7,3,13,2,3,22,1,0,1825.7342199042141,-3806.6531491023093,125.07599528107798,0,0,0,0,0,0
122.6249509499898,1825.709228515625,-3806.679931640625,210.42404174804688,125.07246030628667,0.0,0.0,0.1734243123792112,8,2,2,32,13,33,18,7,3,13,2,3,22,1,0,1825.7092834686039,-3806.679994284859,125.07246030628667,0,0,0,0,0,0
122.83328419998978,1825.684326171875,-3806.70703125,210.42401123046875,125.06892057429351,0.0,0.0,0.1743126311339438,8,2,2,32,13,33,18,7,3,13,2,3,22,1,0,1825.684363542691,-3806.7070076978866,125.06892057429351,0,0,0,0,0,0
123.04161744998976,1825.659423828125,-3806.734130859375,210.4239959716797,125.06537329002995,0.0,0.0,0.17392130102962255,8,2,2,32,13,33,18,7,3,13,2,3,22,1,0,1825.6594557271942,-3806.734139714787,125.06537329002995,0,0,0,0,0,0
123.20828404998974,1825.6395263671875,-3806.755859375,210.4239501953125,125.06251202025453,0.0,0.0,0.17461603274568915,8,2,2,32,13,33,18,7,3,13,2,3,22,1,0,1825.639576601494,-3806.7558804528758,125.06251202025453,0,0,0,0,0,0
123.41661729998972,1825.614501953125,-3806.783203125,210.4239501953125,125.05899411289305,0.0,0.0,0.17607820918783545,8,2,2,32,13,33,18,7,3,13,2,3,22,1,0,1825.6144587460544,-3806.7832014987744,125.05899411289305,0,0,0,0,0,0
123.58328389998971,1825.59423828125,-3806.804931640625,210.4239501953125,125.05616977245012,0.0,0.0,0.17582096625119448,8,2,2,32,13,33,18,7,3,13,2,3,22,1,0,1825.5942233385947,-3806.805020865152,125.05616977245012,0,0,0,0,0,0
123.7082838499897,1825.5789794921875,-3806.8212890625,210.42393493652344,125.05404655146913,0.0,0.0,0.17570829950273037,8,2,2,32,13,33,18,7,3,13,2,3,22,1,0,1825.5790052272434,-3806.821313997735,125.05404655146913,0,0,0,0,0,0
123.91661709998968,1825.5535888671875,-3806.848388671875,210.42388916015625,125.0504945105621,0.0,0.0,0.17571501666679978,8,2,2,32,13,33,18,7,3,13,2,3,22,1,0,1825.5535298703758,-3806.848359859398,125.0504945105621,0,0,0,0,0,0
124.04161704998967,1825.5382080078125,-3806.864501953125,210.4238739013672,125.04835422276622,0.0,0.0,0.17562302527949214,8,2,2,32,13,33,18,7,3,13,2,3,22,1,0,1825.538187807172,-3806.864537869006,125.04835422276622,0,0,0,0,0,0
124.20828364998965,1825.5174560546875,-3806.8857421875,210.423828125,125.04552512550792,0.0,0.0,0.17482328694313765,8,2,2,32,13,33,18,7,3,13,2,3,22,1,0,1825.5175019485641,-3806.885736600524,125.04552512550792,0,0,0,0,0,0
124.41661689998963,1825.4912109375,-3806.91162109375,210.4237518310547,125.04197504619367,0.0,0.0,0.1744457404129207,8,2,2,32,13,33,18,7,3,13,2,3,22,1,0,1825.4912125983274,-3806.91161961822,125.04197504619367,0,0,0,0,0,0
124.58328349998962,1825.469970703125,-3806.93212890625,210.4236602783203,125.03913084311836,0.0,0.0,0.1742048654705286,8,2,2,32,13,33,18,7,3,13,2,3,22,1,0,1825.4699758515062,-3806.932057834667,125.03913084311836,0,0,0,0,0,0
124.70828344998961,1825.4539794921875,-3806.947265625,210.42361450195312,125.0369905554944,0.0,0.0,0.174517126288265,8,2,2,32,13,33,18,7,3,13,2,3,22,1,0,1825.4540196936055,-3806.947362777022,125.0369905554944,0,0,0,0,0,0
124.8749500499896,1825.4327392578125,-3806.9677734375,210.4235382080078,125.0341415955683,0.0,0.0,0.1746887806802988,8,2,2,32,13,33,18,7,3,13,2,3,22,1,0,1825.4327895665356,-3806.9678880394176,125.0341415955683,0,0,0,0,0,0
125.04161664998958,1825.4117431640625,-3806.98876953125,210.42347717285156,125.03128508250155,0.0,0.0,0.17528273165225983,8,2,2,32,13,33,18,7,3,13,2,3,22,1,0,1825.4117197234023,-3806.98866766417,125.03128508250155,0,0,0,0,0,0
125.20828324998956,1825.390869140625,-3807.009765625,210.42343139648438,125.02842660916986,0.0,0.0,0.17563081346452236,8,2,2,32,13,33,18,7,3,13,2,3,22,1,0,1825.3908614668485,-3807.0098013775732,125.02842660916986,0,0,0,0,0,0
125.41661649998954,1825.365234375,-3807.03662109375,210.4233856201172,125.02481973710157,0.0,0.0,0.17595092067494988,8,2,2,32,13,33,18,7,3,13,2,3,22,1,0,1825.365203042206,-3807.0367019538353,125.02481973710157,0,0,0,0,0,0
125.58328309998953,1825.344970703125,-3807.05859375,210.42333984375,125.02191678078252,0.0,0.0,0.17639322904869914,8,2,2,32,13,33,18,7,3,13,2,3,22,1,0,1825.34496367751,-3807.058596461254,125.02191678078252,0,0,0,0,0,0
125.70828304998952,1825.3299560546875,-3807.0751953125,210.42330932617188,125.0197272535845,0.0,0.0,0.17668356886133552,8,2,2,32,13,33,18,7,3,13,2,3,22,1,0,1825.3299180866766,-3807.075205863105,125.0197272535845,0,0,0,0,0,0
125.9166162999895,1825.3050537109375,-3807.103271484375,210.42327880859375,125.01606162828311,0.0,0.0,0.17726370133459568,8,2,2,32,13,33,18,7,3,13,2,3,22,1,0,1825.3050197196842,-3807.1031510258244,125.01606162828311,0,0,0,0,0,0
126.12494954998948,1825.2801513671875,-3807.13134765625,210.4232635498047,125.01239124654593,0.0,0.0,0.17783374059945345,8,2,2,32,13,33,18,7,3,13,2,3,22,1,0,1825.2801608769025,-3807.1313393674045,125.01239124654593,0,0,0,0,0,0
126.29161614998947,1825.26025390625,-3807.154052734375,210.42324829101562,125.00943905035895,0.0,0.0,0.17783885123208165,8,2,2,32,13,33,18,7,3,13,2,3,22,1,0,1825.2602851102806,-3807.153951577437,125.00943905035895,0,0,0,0,0,0
126.41661609998945,1825.245361328125,-3807.1708984375,210.42323303222656,125.00721734957894,0.0,0.0,0.17781954957172275,8,2,2,32,13,33,18,7,3,13,2,3,22,1,0,1825.2453669924823,-3807.1709017841586,125.00721734957894,0,0,0,0,0,0
126.54161604998944,1825.23046875,-3807.187744140625,210.4232177734375,125.00498613596879,0.0,0.0,0.177844800055027,8,2,2,32,13,33,18,7,3,13,2,3,22,1,0,1825.2304218183801,-3807.1878291563826,125.00498613596879,0,0,0,0,0,0
126.70828264998943,1825.21044921875,-3807.21044921875,210.42318725585938,125.00200176589674,0.0,0.0,0.17784471856430173,8,2,2,32,13,33,18,7,3,13,2,3,22,1,0,1825.2104374862397,-3807.210349903957,125.00200176589674,0,0,0,0,0,0
126.87494924998941,1825.1904296875,-3807.23291015625,210.42315673828125,124.99900592435155,0.0,0.0,0.17789516132324934,8,2,2,32,13,33,18,7,3,13,2,3,22,1,0,1825.1903817444238,-3807.2328097613777,124.99900592435155,0,0,0,0,0,0
127.0832824999894,1825.1651611328125,-3807.2607421875,210.42311096191406,124.99524657493461,0.0,0.0,0.17798207700252533,8,2,2,32,13,33,18,7,3,13,2,3,22,1,0,1825.1652150467276,-3807.2608214780516,124.99524657493461,0,0,0,0,0,0
127.29161574998938,1825.1400146484375,-3807.288818359375,210.4230499267578,124.9914729567928,0.0,0.0,0.17805456882342696,8,2,2,32,13,33,18,7,3,13,2,3,22,1,0,1825.139988923191,-3807.288801097434,124.9914729567928,0,0,0,0,0,0
127.37494904998937,1825.1298828125,-3807.300048828125,210.42303466796875,124.98995992842482,0.0,0.0,0.1782686566002667,8,2,2,32,13,33,18,7,3,13,2,3,22,1,0,1825.1298896989188,-3807.2999990961243,124.98995992842482,0,0,0,0,0,0
127.58328229998935,1825.1016845703125,-3807.322998046875,210.4228973388672,124.98656344821006,0.0,0.0,0.1726477174088359,8,2,2,32,13,33,18,7,3,13,2,3,22,1,0,1825.101658360269,-3807.323003186328,124.98656344821006,0,0,0,0,0,0
127.79161554998933,1825.06884765625,-3807.340087890625,210.422607421875,124.98326069328569,0.0,0.0,0.17876760102808475,8,2,2,32,13,33,18,7,3,13,2,3,22,1,0,1825.068827698672,-3807.3401697551235,124.98326069328569,0,0,0,0,0,0
127.99994879998931,1825.0340576171875,-3807.355224609375,210.42225646972656,124.97999962522708,0.0,0.0,0.1798473298549652,8,2,2,32,13,33,18,7,3,13,2,3,22,1,0,1825.0340827036591,-3807.355282276488,124.97999962522708,0,0,0,0,0,0
128.1666153999893,1825.0069580078125,-3807.3681640625,210.42198181152344,124.97737812454358,0.0,0.0,0.17743614735081792,8,2,2,32,13,33,18,7,3,13,2,3,22,1,0,1825.0069085896832,-3807.368254904196,124.97737812454358,0,0,0,0,0,0
128.2499486999893,1824.993896484375,-3807.37548828125,210.42185974121094,124.976058420781,0.0,0.0,0.17615881515666842,8,2,2,32,13,33,18,7,3,13,2,3,22,1,0,1824.993908730024,-3807.3755392025964,124.976058420781,0,0,0,0,0,0
128.41661529998927,1824.9696044921875,-3807.392333984375,210.42169189453125,124.97337341130006,0.0,0.0,0.17516808584332466,8,2,2,32,13,33,18,7,3,13,2,3,22,1,0,1824.9696033097193,-3807.3923983948866,124.97337341130006,0,0,0,0,0,0
128.49994859998927,1824.95849609375,-3807.402099609375,210.42164611816406,124.97200055150803,0.0,0.0,0.1760325627401471,8,2,2,32,13,33,18,7,3,13,2,3,22,1,0,1824.9584469595468,-3807.4021640930214,124.97200055150803,0,0,0,0,0,0
128.62494854998926,1824.943115234375,-3807.418701171875,210.421630859375,124.96988880195215,0.0,0.0,0.17949448665603995,8,2,2,32,13,33,18,7,3,13,2,3,22,1,0,1824.9430923802838,-3807.4186320658782,124.96988880195215,0,0,0,0,0,0
128.83328179998924,1824.9212646484375,-3807.451171875,210.42172241210938,124.96620806991409,0.0,0.0,0.19078319892287254,8,2,2,32,13,33,18,7,3,13,2,3,22,1,0,1824.9212273901137,-3807.451071657003,124.96620806991409,0,0,0,0,0,0
129.04161504998922,1824.9036865234375,-3807.489501953125,210.42198181152344,124.96229904020113,0.0,0.0,0.20687812939286232,8,2,2,32,13,33,18,7,3,13,2,3,22,1,0,1824.9037030298987,-3807.4894807874743,124.96229904020113,0,0,0,0,0,0
129.2082816499892,1824.892333984375,-3807.52392578125,210.42225646972656,124.95897362303224,0.0,0.0,0.21928867790848017,8,2,2,32,13,33,18,7,3,13,2,3,22,1,0,1824.8923609286912,-3807.5239370868003,124.95897362303224,0,0,0,0,0,0
129.3749482499892,1824.8829345703125,-3807.56103515625,210.42257690429688,124.95546159449007,0.0,0.0,0.23009383585304022,8,2,2,32,13,33,18,7,3,13,2,3,22,1,0,1824.8829302769675,-3807.56104843309,124.95546159449007,0,0,0,0,0,0
129.58328149998917,1824.873046875,-3807.6103515625,210.4230194091797,124.95082402752352,0.0,0.0,0.2386403502896428,8,2,2,32,13,33,18,7,3,13,2,3,22,1,0,1824.872987738258,-3807.6102617876372,124.95082402752352,0,0,0,0,0,0
129.79161474998915,1824.8604736328125,-3807.655029296875,210.4234161376953,124.94639489360438,0.0,0.0,0.20354092121124268,8,2,2,32,13,33,18,7,3,13,2,3,22,1,0,1824.860534597131,-3807.655138642543,124.94639489360438,0,0,0,0,0,0
129.91661469998914,1824.8497314453125,-3807.677490234375,210.4235076904297,124.94376863782114,0.0,0.0,0.18879745621234179,8,2,2,32,13,33,18,7,3,13,2,3,22,1,0,1824.8496835308017,-3807.677565575158,124.94376863782114,0,0,0,0,0,0
130.08328129998912,1824.8310546875,-3807.702392578125,210.4234619140625,124.94031731759752,0.0,0.0,0.17904546111822128,8,2,2,32,13,33,18,7,3,13,2,3,22,1,0,1824.8310929967367,-3807.7023321242477,124.94031731759752,0,0,0,0,0,0
130.2499478999891,1824.8084716796875,-3807.72216796875,210.4232635498047,124.93693314828361,0.0,0.0,0.17731839325278997,8,2,2,32,13,33,18,7,3,13,2,3,22,1,0,1824.8085075156775,-3807.7220627422043,124.93693314828361,0,0,0,0,0,0
130.4166144999891,1824.782958984375,-3807.738037109375,210.42295837402344,124.93362479731668,0.0,0.0,0.1798387849703431,8,2,2,32,13,33,18,7,3,13,2,3,22,1,0,1824.7830184907248,-3807.738149388139,124.93362479731668,0,0,0,0,0,0
130.58328109998908,1824.755859375,-3807.752197265625,210.422607421875,124.93038750922265,0.0,0.0,0.18228159751743078,8,2,2,32,13,33,18,7,3,13,2,3,22,1,0,1824.755860790996,-3807.752212963447,124.93038750922265,0,0,0,0,0,0
130.70828104998907,1824.7352294921875,-3807.762451171875,210.42233276367188,124.92799626339823,0.0,0.0,0.18254893366247416,8,2,2,32,13,33,18,7,3,13,2,3,22,1,0,1824.7351687333382,-3807.762404367204,124.92799626339823,0,0,0,0,0,0
130.91661429998905,1824.701416015625,-3807.780517578125,210.4219207763672,124.92405981397339,0.0,0.0,0.1807521446608007,8,2,2,32,13,33,18,7,3,13,2,3,22,1,0,1824.7013995344978,-3807.7805067291033,124.92405981397339,0,0,0,0,0,0
131.12494754998903,1824.6700439453125,-3807.8017578125,210.42160034179688,124.92012811974719,0.0,0.0,0.17898938385769725,8,2,2,32,13,33,18,7,3,13,2,3,22,1,0,1824.670003304135,-3807.8017133265334,124.92012811974719,0,0,0,0,0,0
131.333280799989,1824.641845703125,-3807.8271484375,210.42140197753906,124.91615753928104,0.0,0.0,0.18063836032524705,8,2,2,32,13,33,18,7,3,13,2,3,22,1,0,1824.6418326997975,-3807.8271008525667,124.91615753928104,0,0,0,0,0,0
131.499947399989,1824.6217041015625,-3807.8505859375,210.4213409423828,124.91293451690528,0.0,0.0,0.18418607069179416,8,2,2,32,13,33,18,7,3,13,2,3,22,1,0,1824.6216806755033,-3807.850484777046,124.91293451690528,0,0,0,0,0,0
131.583280699989,1824.6123046875,-3807.863037109375,210.42132568359375,124.91130594016572,0.0,0.0,0.18635726300999522,8,2,2,32,13,33,18,7,3,13,2,3,22,1,0,1824.6123137225527,-3807.8630965953303,124.91130594016572,0,0,0,0,0,0
131.79161394998897,1824.590576171875,-3807.89697265625,210.42137145996094,124.90714874780599,0.0,0.0,0.19440704490989447,8,2,2,32,13,33,18,7,3,13,2,3,22,1,0,1824.5905626621056,-3807.8968564639545,124.90714874780599,0,0,0,0,0,0
131.99994719998895,1824.572509765625,-3807.93603515625,210.4215087890625,124.90267708273008,0.0,0.0,0.21073638927191496,8,2,2,32,13,33,18,7,3,13,2,3,22,1,0,1824.5724859716252,-3807.9361350832664,124.90267708273008,0,0,0,0,0,0
132.20828044998893,1824.5574951171875,-3807.979248046875,210.42176818847656,124.89807084823879,0.0,0.0,0.21697913762181997,8,2,2,32,13,33,18,7,3,13,2,3,22,1,0,1824.5574485465158,-3807.979270508374,124.89807084823879,0,0,0,0,0,0
132.37494704998892,1824.5458984375,-3808.014404296875,210.42198181152344,124.89432296612932,0.0,0.0,0.21525241900235415,8,2,2,32,13,33,18,7,3,13,2,3,22,1,0,1824.54593351495,-3808.0143165242916,124.89432296612932,0,0,0,0,0,0
132.5416136499889,1824.5335693359375,-3808.04833984375,210.42214965820312,124.89055521758907,0.0,0.0,0.20871369633823633,8,2,2,32,13,33,18,7,3,13,2,3,22,1,0,1824.533510322728,-3808.0482363449532,124.89055521758907,0,0,0,0,0,0
132.7082802499889,1824.5194091796875,-3808.079833984375,210.42225646972656,124.88677991301422,0.0,0.0,0.19955530297011137,8,2,2,32,13,33,18,7,3,13,2,3,22,1,0,1824.519373578244,-3808.079937364884,124.88677991301422,0,0,0,0,0,0
132.87494684998887,1824.5030517578125,-3808.10888671875,210.42227172851562,124.88301972041408,0.0,0.0,0.19127698615193367,8,2,2,32,13,33,18,7,3,13,2,3,22,1,0,1824.5030428091493,-3808.108803637118,124.88301972041408,0,0,0,0,0,0
133.04161344998886,1824.484375,-3808.134765625,210.4221954345703,124.87929365837331,0.0,0.0,0.18555785063654184,8,2,2,32,13,33,18,7,3,13,2,3,22,1,0,1824.4843888369605,-3808.134709801671,124.87929365837331,0,0,0,0,0,0
133.20828004998884,1824.463623046875,-3808.157958984375,210.4220428466797,124.8756140373747,0.0,0.0,0.1824940089136362,8,2,2,32,13,33,18,7,3,13,2,3,22,1,0,1824.463625219429,-3808.157931091336,124.8756140373747,0,0,0,0,0,0
133.37494664998883,1824.441162109375,-3808.178955078125,210.4218292236328,124.87197890470473,0.0,0.0,0.1815670868381858,8,2,2,32,13,33,18,7,3,13,2,3,22,1,0,1824.4411977573477,-3808.1790421951437,124.87197890470473,0,0,0,0,0,0
133.5832798999888,1824.41162109375,-3808.20361328125,210.42153930664062,124.86752905949758,0.0,0.0,0.18239496275782585,8,2,2,32,13,33,18,7,3,13,2,3,22,1,0,1824.411608089459,-3808.2036953817387,124.86752905949758,0,0,0,0,0,0
133.7499464999888,1824.387451171875,-3808.222900390625,210.42132568359375,124.86402849534454,0.0,0.0,0.18264695536345243,8,2,2,32,13,33,18,7,3,13,2,3,22,1,0,1824.387474967125,-3808.22300514002,124.86402849534454,0,0,0,0,0,0
133.95827974998878,1824.3577880859375,-3808.247802734375,210.42103576660156,124.85966202326652,0.0,0.0,0.18253440503031015,8,2,2,32,13,33,18,7,3,13,2,3,22,1,0,1824.3577999595238,-3808.247682361274,124.85966202326652,0,0,0,0,0,0
134.04161304998877,1824.34619140625,-3808.258056640625,210.42092895507812,124.85792545316846,0.0,0.0,0.18280716612935066,8,2,2,32,13,33,18,7,3,13,2,3,22,1,0,1824.346231509448,-3808.257942420031,124.85792545316846,0,0,0,0,0,0
134.24994629998875,1824.318359375,-3808.284912109375,210.42071533203125,124.85357324381832,0.0,0.0,0.1839228323660791,8,2,2,32,13,33,18,7,3,13,2,3,22,1,0,1824.3183504886726,-3808.2849056328228,124.85357324381832,0,0,0,0,0,0
134.41661289998873,1824.297119140625,-3808.307861328125,210.42059326171875,124.85008499068728,0.0,0.0,0.18534751143306494,8,2,2,32,13,33,18,7,3,13,2,3,22,1,0,1824.2971793353593,-3808.307946902506,124.85008499068728,0,0,0,0,0,0
134.62494614998872,1824.2720947265625,-3808.33837890625,210.42047119140625,124.84570340554039,0.0,0.0,0.1874327310360968,8,2,2,32,13,33,18,7,3,13,2,3,22,1,0,1824.2720429187223,-3808.338432872731,124.84570340554039,0,0,0,0,0,0
134.8332793999887,1824.248046875,-3808.370361328125,210.42041015625,124.8413047555522,0.0,0.0,0.1888494472950697,8,2,2,32,13,33,18,7,3,13,2,3,22,1,0,1824.2479948275945,-3808.3703389270136,124.8413047555522,0,0,0,0,0,0
134.8749460499887,1824.2432861328125,-3808.376708984375,210.42041015625,124.84041898005825,0.0,0.0,0.18927054479718208,8,2,2,32,13,33,18,7,3,13,2,3,22,1,0,1824.2432751753395,-3808.3768301274554,124.84041898005825,0,0,0,0,0,0
135.08327929998867,1824.2198486328125,-3808.409423828125,210.4203643798828,124.83599095453336,0.0,0.0,0.1896263100206852,8,2,2,32,13,33,18,7,3,13,2,3,22,1,0,1824.219875901363,-3808.4095326249544,124.83599095453336,0,0,0,0,0,0
135.24994589998866,1824.201171875,-3808.435791015625,210.42031860351562,124.83243359071126,0.0,0.0,0.18910672515630722,8,2,2,32,13,33,18,7,3,13,2,3,22,1,0,1824.2011584704453,-3808.435676427752,124.83243359071126,0,0,0,0,0,0
135.41661249998864,1824.18212890625,-3808.46142578125,210.42027282714844,124.8288790302274,0.0,0.0,0.18849242478609085,8,2,2,32,13,33,18,7,3,13,2,3,22,1,0,1824.1821826262765,-3808.4615171478313,124.8288790302274,0,0,0,0,0,0
135.58327909998863,1824.162841796875,-3808.48681640625,210.4202117919922,124.8253188631378,0.0,0.0,0.18725069239735603,8,2,2,32,13,33,18,7,3,13,2,3,22,1,0,1824.162832439254,-3808.486836943218,124.8253188631378,0,0,0,0,0,0
135.70827904998862,1824.14794921875,-3808.50537109375,210.42015075683594,124.82265958600308,0.0,0.0,0.18606195226311684,8,2,2,32,13,33,18,7,3,13,2,3,22,1,0,1824.1479997099218,-3808.5054229302896,124.82265958600308,0,0,0,0,0,0
135.9166122999886,1824.122314453125,-3808.534912109375,210.42002868652344,124.81827519773768,0.0,0.0,0.18410342745482922,8,2,2,32,13,33,18,7,3,13,2,3,22,1,0,1824.1222897124726,-3808.5350128342975,124.81827519773768,0,0,0,0,0,0
136.12494554998858,1824.096435546875,-3808.56494140625,210.41989135742188,124.81375343929221,0.0,0.0,0.1908920588903129,8,2,2,32,13,33,18,7,3,13,2,3,22,1,0,1824.0963822546341,-3808.564981085696,124.81375343929221,0,0,0,0,0,0
136.29161214998857,1824.07763671875,-3808.592041015625,210.41983032226562,124.81000470839814,0.0,0.0,0.19632044713944197,8,2,2,32,13,33,18,7,3,13,2,3,22,1,0,1824.0776909477854,-3808.5920454084944,124.81000470839814,0,0,0,0,0,0
136.45827874998855,1824.060791015625,-3808.621337890625,210.4198455810547,124.80621148722922,0.0,0.0,0.20160849671810865,8,2,2,32,13,33,18,7,3,13,2,3,22,1,0,1824.06078227312,-3808.621400147486,124.80621148722922,0,0,0,0,0,0
136.54161204998854,1824.0528564453125,-3808.63671875,210.41986083984375,124.80429025466479,0.0,0.0,0.2034832490608096,8,2,2,32,13,33,18,7,3,13,2,3,22,1,0,1824.0528501246085,-3808.636722139829,124.80429025466479,0,0,0,0,0,0
136.74994529998852,1824.033935546875,-3808.67626953125,210.41995239257812,124.79943220125315,0.0,0.0,0.20698984153568745,8,2,2,32,13,33,18,7,3,13,2,3,22,1,0,1824.0338763019292,-3808.676160721171,124.79943220125315,0,0,0,0,0,0
136.9582785499885,1824.0152587890625,-3808.716064453125,210.4200439453125,124.79451539730056,0.0,0.0,0.20656764972954988,8,2,2,32,13,33,18,7,3,13,2,3,22,1,0,1824.0152257035743,-3808.716093704077,124.79451539730056,0,0,0,0,0,0
137.1666117999885,1823.995849609375,-3808.75537109375,210.42010498046875,124.78957311543815,0.0,0.0,0.20414991304278374,8,2,2,32,13,33,18,7,3,13,2,3,22,1,0,1823.9958748148094,-3808.7553146996574,124.78957311543815,0,0,0,0,0,0
137.37494504998847,1823.9752197265625,-3808.79296875,210.42015075683594,124.78461937853254,0.0,0.0,0.1997558632865548,8,2,2,32,13,33,18,7,3,13,2,3,22,1,0,1823.9751852612005,-3808.792997069501,124.78461937853254,0,0,0,0,0,0
137.58327829998845,1823.953125,-3808.82861328125,210.42007446289062,124.77962590370043,0.0,0.0,0.1954940613359213,8,2,2,32,13,33,18,7,3,13,2,3,22,1,0,1823.9531149524478,-3808.828691219244,124.77962590370043,0,0,0,0,0,0
137.79161154998843,1823.9295654296875,-3808.862548828125,210.41995239257812,124.77463718179858,0.0,0.0,0.19309312338009477,8,2,2,32,13,33,18,7,3,13,2,3,22,1,0,1823.9296088333383,-3808.8625939917456,124.77463718179858,0,0,0,0,0,0
137.9999447999884,1823.905029296875,-3808.895263671875,210.41981506347656,124.7696635762519,0.0,0.0,0.19153252942487597,8,2,2,32,13,33,18,7,3,13,2,3,22,1,0,1823.90497636573,-3808.8951444346526,124.7696635762519,0,0,0,0,0,0
138.2082780499884,1823.8797607421875,-3808.927001953125,210.4196319580078,124.76469191835987,0.0,0.0,0.19104331731796265,8,2,2,32,13,33,18,7,3,13,2,3,22,1,0,1823.8797054594563,-3808.9269210720126,124.76469191835987,0,0,0,0,0,0
138.41661129998838,1823.854248046875,-3808.95849609375,210.41944885253906,124.75973257156653,0.0,0.0,0.19156562630087137,8,2,2,32,13,33,18,7,3,13,2,3,22,1,0,1823.854265316914,-3808.958575451364,124.75973257156653,0,0,0,0,0,0
138.62494454998836,1823.8291015625,-3808.99072265625,210.41928100585938,124.75476847214163,0.0,0.0,0.19237338565289974,8,2,2,32,13,33,18,7,3,13,2,3,22,1,0,1823.8290668197162,-3808.9906238973335,124.75476847214163,0,0,0,0,0,0
138.83327779998834,1823.804443359375,-3809.0234375,210.4191131591797,124.74979681437043,0.0,0.0,0.1939890207722783,8,2,2,32,13,33,18,7,3,13,2,3,22,1,0,1823.8043982374518,-3809.0234185041745,124.74979681437043,0,0,0,0,0,0
139.04161104998832,1823.7803955078125,-3809.05712890625,210.4189910888672,124.74480053429082,0.0,0.0,0.19601157400757074,8,2,2,32,13,33,18,7,3,13,2,3,22,1,0,1823.780379762384,-3809.057113996035,124.74480053429082,0,0,0,0,0,0
139.2499442999883,1823.7568359375,-3809.091796875,210.41893005371094,124.73982131805867,0.0,0.0,0.19816507119685411,8,2,2,32,13,33,18,7,3,13,2,3,22,1,0,1823.7568389864875,-3809.091768188793,124.73982131805867,0,0,0,0,0,0
139.41661089998829,1823.7384033203125,-3809.1201171875,210.4188690185547,124.73580649715898,0.0,0.0,0.19866868387907743,8,2,2,32,13,33,18,7,3,13,2,3,22,1,0,1823.7384062118867,-3809.1200061148397,124.73580649715898,0,0,0,0,0,0
139.58327749998827,1823.72021484375,-3809.148681640625,210.41880798339844,124.73178411739151,0.0,0.0,0.19949970301240683,8,2,2,32,13,33,18,7,3,13,2,3,22,1,0,1823.720196754886,-3809.1485954603186,124.73178411739151,0,0,0,0,0,0
139.74994409998826,1823.702392578125,-3809.177978515625,210.41876220703125,124.7276613017168,0.0,0.0,0.20737897139042616,8,2,2,32,13,33,18,7,3,13,2,3,22,1,0,1823.7023717198476,-3809.1779118121735,124.7276613017168,0,0,0,0,0,0
139.87494404998824,1823.690673828125,-3809.20263671875,210.41876220703125,124.72437501598597,0.0,0.0,0.21991373505443335,8,2,2,32,13,33,18,7,3,13,2,3,22,1,0,1823.6906708122347,-3809.2027039354703,124.72437501598597,0,0,0,0,0,0
140.04161064998823,1823.677490234375,-3809.239013671875,210.41885375976562,124.7199282157663,0.0,0.0,0.23136220406740904,8,2,2,32,13,33,18,7,3,13,2,3,22,1,0,1823.6775061503308,-3809.2389491766075,124.7199282157663,0,0,0,0,0,0
140.2499438999882,1823.6634521484375,-3809.287109375,210.4190673828125,124.71429822377635,0.0,0.0,0.23651879746466875,8,2,2,32,13,33,18,7,3,13,2,3,22,1,0,1823.6634024390917,-3809.2870492884563,124.71429822377635,0,0,0,0,0,0
140.4166104999882,1823.65234375,-3809.32568359375,210.41921997070312,124.7097453737413,0.0,0.0,0.23323367349803448,8,2,2,32,13,33,18,7,3,13,2,3,22,1,0,1823.652366073363,-3809.325671940476,124.7097453737413,0,0,0,0,0,0
140.58327709998818,1823.6402587890625,-3809.363037109375,210.41934204101562,124.70519252362497,0.0,0.0,0.2253655344247818,8,2,2,32,13,33,18,7,3,13,2,3,22,1,0,1823.6402961410545,-3809.3629431633594,124.70519252362497,0,0,0,0,0,0
140.70827704998817,1823.630126953125,-3809.389404296875,210.4193878173828,124.70178312395403,0.0,0.0,0.2178089926019311,8,2,2,32,13,33,18,7,3,13,2,3,22,1,0,1823.6301021652998,-3809.389384699424,124.70178312395403,0,0,0,0,0,0
140.87494364998815,1823.6146240234375,-3809.422119140625,210.41937255859375,124.69726440015447,0.0,0.0,0.2079642377793789,8,2,2,32,13,33,18,7,3,13,2,3,22,1,0,1823.6145932184588,-3809.422151237716,124.69726440015447,0,0,0,0,0,0
141.08327689998814,1823.592041015625,-3809.458984375,210.4192352294922,124.6916713428798,0.0,0.0,0.1985852373763919,8,2,2,32,13,33,18,7,3,13,2,3,22,1,0,1823.5919994935064,-3809.4589028968235,124.6916713428798,0,0,0,0,0,0
141.29161014998812,1823.566162109375,-3809.491455078125,210.41897583007812,124.68616360177941,0.0,0.0,0.1935396227054298,8,2,2,32,13,33,18,7,3,13,2,3,22,1,0,1823.5662004543992,-3809.4915110132165,124.68616360177941,0,0,0,0,0,0
141.4582767499881,1823.5438232421875,-3809.515380859375,210.418701171875,124.68181162211111,0.0,0.0,0.1919676666148007,8,2,2,32,13,33,18,7,3,13,2,3,22,1,0,1823.5438584589203,-3809.5153874502485,124.68181162211111,0,0,0,0,0,0
141.5416100499881,1823.5323486328125,-3809.52685546875,210.41856384277344,124.67965928362966,0.0,0.0,0.19152469467371702,8,2,2,32,13,33,18,7,3,13,2,3,22,1,0,1823.5323113414147,-3809.5268523854975,124.67965928362966,0,0,0,0,0,0
141.74994329998808,1823.5029296875,-3809.554931640625,210.41818237304688,124.67432022969754,0.0,0.0,0.19160971278324723,8,2,2,32,13,33,18,7,3,13,2,3,22,1,0,1823.5029742837532,-3809.554919872102,124.67432022969754,0,0,0,0,0,0
141.91660989998806,1823.4796142578125,-3809.577392578125,210.4178924560547,124.67008380497288,0.0,0.0,0.19153653411194682,8,2,2,32,13,33,18,7,3,13,2,3,22,1,0,1823.479615515961,-3809.577496810337,124.67008380497288,0,0,0,0,0,0
142.12494314998804,1823.4512939453125,-3809.60693359375,210.41757202148438,124.66481861996412,0.0,0.0,0.19321783911436796,8,2,2,32,13,33,18,7,3,13,2,3,22,1,0,1823.4512768594207,-3809.606864410796,124.66481861996412,0,0,0,0,0,0
142.33327639998802,1823.4244384765625,-3809.63818359375,210.4173126220703,124.65956574658391,0.0,0.0,0.19542723894119263,8,2,2,32,13,33,18,7,3,13,2,3,22,1,0,1823.4244006802885,-3809.6381515943363,124.65956574658391,0,0,0,0,0,0
142.41660969998802,1823.4140625,-3809.6513671875,210.41722106933594,124.65746459728352,0.0,0.0,0.19651302136480808,8,2,2,32,13,33,18,7,3,13,2,3,22,1,0,1823.4141225572382,-3809.651270992605,124.65746459728352,0,0,0,0,0,0
142.583276299988,1823.3944091796875,-3809.678466796875,210.41708374023438,124.65324998722703,0.0,0.0,0.1993386773392558,8,2,2,32,13,33,18,7,3,13,2,3,22,1,0,1823.3943550690108,-3809.6785327286993,124.65324998722703,0,0,0,0,0,0
142.74994289998799,1823.3756103515625,-3809.70703125,210.41696166992188,124.64901550523636,0.0,0.0,0.20169371273368597,8,2,2,32,13,33,18,7,3,13,2,3,22,1,0,1823.3755506757248,-3809.707014781753,124.64901550523636,0,0,0,0,0,0
142.91660949998797,1823.3575439453125,-3809.736572265625,210.41688537597656,124.64476590208871,0.0,0.0,0.20398146007210016,8,2,2,32,13,33,18,7,3,13,2,3,22,1,0,1823.3574957417607,-3809.7364789164394,124.64476590208871,0,0,0,0,0,0
143.12494274998795,1823.3355712890625,-3809.774169921875,210.4168243408203,124.63943440878141,0.0,0.0,0.2056159544736147,8,2,2,32,13,33,18,7,3,13,2,3,22,1,0,1823.3355818558493,-3809.7742097923983,124.63943440878141,0,0,0,0,0,0
143.20827604998794,1823.326904296875,-3809.78955078125,210.4167938232422,124.63729351514023,0.0,0.0,0.20575202070176601,8,2,2,32,13,33,18,7,3,13,2,3,22,1,0,1823.3269275820749,-3809.789440733931,124.63729351514023,0,0,0,0,0,0
143.41660929998793,1823.3052978515625,-3809.82763671875,210.41673278808594,124.63192983817733,0.0,0.0,0.20588559564203024,8,2,2,32,13,33,18,7,3,13,2,3,22,1,0,1823.3052875664139,-3809.8275790426355,124.63192983817733,0,0,0,0,0,0
143.5832758999879,1823.287841796875,-3809.85791015625,210.41668701171875,124.62763379826899,0.0,0.0,0.20532908383756876,8,2,2,32,13,33,18,7,3,13,2,3,22,1,0,1823.287803727896,-3809.857930252838,124.62763379826899,0,0,0,0,0,0
143.7916091499879,1823.2652587890625,-3809.89453125,210.41656494140625,124.62229387525717,0.0,0.0,0.20056727807968855,8,2,2,32,13,33,18,7,3,13,2,3,22,1,0,1823.2652447937135,-3809.8946157713563,124.62229387525717,0,0,0,0,0,0
143.95827574998788,1823.2470703125,-3809.924072265625,210.4164581298828,124.617906902926,0.0,0.0,0.20418802741914988,8,2,2,32,13,33,18,7,3,13,2,3,22,1,0,1823.2470255107387,-3809.9241271408196,124.617906902926,0,0,0,0,0,0
144.08327569998787,1823.2333984375,-3809.9462890625,210.41639709472656,124.61465862679496,0.0,0.0,0.20338916219770908,8,2,2,32,13,33,18,7,3,13,2,3,22,1,0,1823.2333705773788,-3809.946243679033,124.61465862679496,0,0,0,0,0,0
144.29160894998785,1823.2103271484375,-3809.98291015625,210.41627502441406,124.6092428932378,0.0,0.0,0.2027979353442788,8,2,2,32,13,33,18,7,3,13,2,3,22,1,0,1823.2103793067824,-3809.982798234079,124.6092428932378,0,0,0,0,0,0
144.45827554998783,1823.191650390625,-3810.011962890625,210.41619873046875,124.60492223040048,0.0,0.0,0.20294347777962685,8,2,2,32,13,33,18,7,3,13,2,3,22,1,0,1823.1916957820015,-3810.0118717525293,124.60492223040048,0,0,0,0,0,0
144.62494214998782,1823.1729736328125,-3810.041015625,210.41610717773438,124.60059594572877,0.0,0.0,0.2032832009717822,8,2,2,32,13,33,18,7,3,13,2,3,22,1,0,1823.172919286672,-3810.040907959055,124.60059594572877,0,0,0,0,0,0
144.7916087499878,1823.1541748046875,-3810.070068359375,210.416015625,124.59626016027414,0.0,0.0,0.20371964201331139,8,2,2,32,13,33,18,7,3,13,2,3,22,1,0,1823.1541669185012,-3810.0700372174947,124.59626016027414,0,0,0,0,0,0
144.8749420499878,1823.144775390625,-3810.084716796875,210.4159698486328,124.59408514220874,0.0,0.0,0.20408809650689363,8,2,2,32,13,33,18,7,3,13,2,3,22,1,0,1823.144830371868,-3810.0846720234804,124.59408514220874,0,0,0,0,0,0
145.04160864998778,1823.1263427734375,-3810.1142578125,210.41587829589844,124.58972192196838,0.0,0.0,0.20491397008299828,8,2,2,32,13,33,18,7,3,13,2,3,22,1,0,1823.1263108261278,-3810.1141441656723,124.58972192196838,0,0,0,0,0,0
145.24994189998776,1823.103515625,-3810.151611328125,210.415771484375,124.58424181892038,0.0,0.0,0.20642576273530722,8,2,2,32,13,33,18,7,3,13,2,3,22,1,0,1823.103503174222,-3810.151512664922,124.58424181892038,0,0,0,0,0,0
145.41660849998775,1823.0855712890625,-3810.181884765625,210.4156951904297,124.57982741287641,0.0,0.0,0.2078161807730794,8,2,2,32,13,33,18,7,3,13,2,3,22,1,0,1823.0855822715994,-3810.18191024744,124.57982741287641,0,0,0,0,0,0
145.58327509998773,1823.0679931640625,-3810.212890625,210.41561889648438,124.57538838338125,0.0,0.0,0.20909288432449102,8,2,2,32,13,33,18,7,3,13,2,3,22,1,0,1823.0679954876323,-3810.212779621064,124.57538838338125,0,0,0,0,0,0
145.70827504998772,1823.0550537109375,-3810.236328125,210.41558837890625,124.57203880052397,0.0,0.0,0.2104251878336072,8,2,2,32,13,33,18,7,3,13,2,3,22,1,0,1823.0550146748126,-3810.236258306891,124.57203880052397,0,0,0,0,0,0
145.8749416499877,1823.0379638671875,-3810.26806640625,210.41552734375,124.5675552735495,0.0,0.0,0.21261463407427073,8,2,2,32,13,33,18,7,3,13,2,3,22,1,0,1823.0379537957035,-3810.268002250402,124.5675552735495,0,0,0,0,0,0
146.08327489998769,1823.0169677734375,-3810.308349609375,210.41549682617188,124.5619103669607,0.0,0.0,0.2138220937922597,8,2,2,32,13,33,18,7,3,13,2,3,22,1,0,1823.0169526974112,-3810.3083137785434,124.5619103669607,0,0,0,0,0,0
146.24994149998767,1823.00048828125,-3810.341064453125,210.41543579101562,124.55732834501052,0.0,0.0,0.21487220656126738,8,2,2,32,13,33,18,7,3,13,2,3,22,1,0,1823.0005093095745,-3810.3409601586377,124.55732834501052,0,0,0,0,0,0
146.45827474998765,1822.980224609375,-3810.38232421875,210.41539001464844,124.55157263148979,0.0,0.0,0.2177427988499403,8,2,2,32,13,33,18,7,3,13,2,3,22,1,0,1822.980215154583,-3810.382344320932,124.55157263148979,0,0,0,0,0,0
146.54160804998764,1822.97216796875,-3810.39892578125,210.41539001464844,124.54926218424966,0.0,0.0,0.21488014608621597,8,2,2,32,13,33,18,7,3,13,2,3,22,1,0,1822.9721537849623,-3810.398979950255,124.54926218424966,0,0,0,0,0,0
146.70827464998763,1822.954833984375,-3810.429931640625,210.41531372070312,124.5447805945484,0.0,0.0,0.20419254433363676,8,2,2,32,13,33,18,7,3,13,2,3,22,1,0,1822.9548334924505,-3810.430015919642,124.5447805945484,0,0,0,0,0,0
146.87494124998761,1822.935791015625,-3810.458740234375,210.4151611328125,124.54030656729616,0.0,0.0,0.2004349371418357,8,2,2,32,13,33,18,7,3,13,2,3,22,1,0,1822.9357455548638,-3810.458682399695,124.54030656729616,0,0,0,0,0,0
147.0832744999876,1822.91015625,-3810.49267578125,210.4149169921875,124.53470528345342,0.0,0.0,0.19958801567554474,8,2,2,32,13,33,18,7,3,13,2,3,22,1,0,1822.9101976825,-3810.4926228455734,124.53470528345342,0,0,0,0,0,0
147.24994109998758,1822.889404296875,-3810.51953125,210.4147186279297,124.53022088034211,0.0,0.0,0.20045479759573936,8,2,2,32,13,33,18,7,3,13,2,3,22,1,0,1822.8893671779822,-3810.519498362098,124.53022088034211,0,0,0,0,0,0
147.37494104998757,1822.8740234375,-3810.5400390625,210.41458129882812,124.5268419234309,0.0,0.0,0.20193567033857107,8,2,2,32,13,33,18,7,3,13,2,3,22,1,0,1822.87399086737,-3810.540073324484,124.5268419234309,0,0,0,0,0,0
147.54160764998755,1822.854248046875,-3810.568603515625,210.41441345214844,124.52229402460999,0.0,0.0,0.2059838268905878,8,2,2,32,13,33,18,7,3,13,2,3,22,1,0,1822.854282231189,-3810.5686717745534,124.52229402460999,0,0,0,0,0,0
147.74994089998754,1822.83154296875,-3810.607177734375,210.41427612304688,124.51652512196414,0.0,0.0,0.21358614321798086,8,2,2,32,13,33,18,7,3,13,2,3,22,1,0,1822.8315565224261,-3810.607102056426,124.51652512196414,0,0,0,0,0,0
147.91660749998752,1822.815185546875,-3810.640380859375,210.4142303466797,124.51183229292688,0.0,0.0,0.22190993186086416,8,2,2,32,13,33,18,7,3,13,2,3,22,1,0,1822.81519506499,-3810.640472843065,124.51183229292688,0,0,0,0,0,0
148.0832740999875,1822.7994384765625,-3810.674072265625,210.41421508789062,124.50727683155493,0.0,0.0,0.2114636590704322,8,2,2,32,13,33,18,7,3,13,2,3,22,1,0,1822.7994313126303,-3810.673992398852,124.50727683155493,0,0,0,0,0,0
148.2082740499875,1822.786376953125,-3810.697265625,210.41416931152344,124.50392636865583,0.0,0.0,0.20517183002084494,8,2,2,32,13,33,18,7,3,13,2,3,22,1,0,1822.7863959797792,-3810.6971707204743,124.50392636865583,0,0,0,0,0,0
148.37494064998748,1822.767333984375,-3810.72607421875,210.41403198242188,124.49947415283174,0.0,0.0,0.20113938953727484,8,2,2,32,13,33,18,7,3,13,2,3,22,1,0,1822.7673724301933,-3810.72603229442,124.49947415283174,0,0,0,0,0,0
148.54160724998746,1822.746826171875,-3810.753173828125,210.41384887695312,124.49503618357788,0.0,0.0,0.1988900825381279,8,2,2,32,13,33,18,7,3,13,2,3,22,1,0,1822.746852337875,-3810.753119407083,124.49503618357788,0,0,0,0,0,0
148.70827384998745,1822.7254638671875,-3810.779296875,210.41363525390625,124.49061052646174,0.0,0.0,0.19790043588727713,8,2,2,32,13,33,18,7,3,13,2,3,22,1,0,1822.7255138064986,-3810.7792154390318,124.49061052646174,0,0,0,0,0,0
148.87494044998743,1822.703857421875,-3810.804931640625,210.4134063720703,124.48621899088815,0.0,0.0,0.195475690998137,8,2,2,32,13,33,18,7,3,13,2,3,22,1,0,1822.7038697900368,-3810.8048811260837,124.48621899088815,0,0,0,0,0,0
149.04160704998742,1822.680908203125,-3810.828369140625,210.41314697265625,124.48202638290905,0.0,0.0,0.19198573427274823,8,2,2,32,13,33,18,7,3,13,2,3,22,1,0,1822.6808669066845,-3810.828247760616,124.48202638290905,0,0,0,0,0,0
149.2082736499874,1822.656494140625,-3810.849853515625,210.41285705566406,124.47787352657457,0.0,0.0,0.19245161674916744,8,2,2,32,13,33,18,7,3,13,2,3,22,1,0,1822.6565087519798,-3810.8498921218434,124.47787352657457,0,0,0,0,0,0
149.3749402499874,1822.631591796875,-3810.870849609375,210.4125518798828,124.47375197638074,0.0,0.0,0.19290402997285128,8,2,2,32,13,33,18,7,3,13,2,3,22,1,0,1822.6315955437333,-3810.8709681817854,124.47375197638074,0,0,0,0,0,0
149.54160684998737,1822.6070556640625,-3810.892578125,210.41224670410156,124.46963517445508,0.0,0.0,0.19335650140419602,8,2,2,32,13,33,18,7,3,13,2,3,22,1,0,1822.6070326540992,-3810.8925783873615,124.46963517445508,0,0,0,0,0,0
149.70827344998736,1822.58349609375,-3810.91552734375,210.4119873046875,124.46550887582472,0.0,0.0,0.19494773587211967,8,2,2,32,13,33,18,7,3,13,2,3,22,1,0,1822.5835131971407,-3810.9155959804602,124.46550887582472,0,0,0,0,0,0
149.87494004998734,1822.5615234375,-3810.940673828125,210.41180419921875,124.4613456407427,0.0,0.0,0.1979183405637741,8,2,2,32,13,33,18,7,3,13,2,3,22,1,0,1822.5615209759048,-3810.9406351703124,124.4613456407427,0,0,0,0,0,0
150.04160664998733,1822.5411376953125,-3810.96826171875,210.41172790527344,124.45710378436965,0.0,0.0,0.21233265288174152,8,2,2,32,13,33,18,7,3,13,2,3,22,1,0,1822.541145749884,-3810.9681764747647,124.45710378436965,0,0,0,0,0,0
150.12493994998732,1822.5302734375,-3810.98388671875,210.41162109375,124.45453478616132,0.0,0.0,0.23188060149550438,8,2,2,32,13,33,18,7,3,13,2,3,22,1,0,1822.5302296847076,-3810.983963317598,124.45453478616132,0,0,0,0,0,0
150.3332731999873,1822.502685546875,-3811.0283203125,210.41140747070312,124.44762736613978,0.0,0.0,0.2533937804400921,8,2,2,32,13,33,18,7,3,13,2,3,22,1,0,1822.5026842428015,-3811.0282326070683,124.44762736613978,0,0,0,0,0,0
150.54160644998728,1822.4781494140625,-3811.0771484375,210.4114227294922,124.44056270315859,0.0,0.0,0.2599299419671297,8,2,2,32,13,33,18,7,3,13,2,3,22,1,0,1822.4781980114049,-3811.0770910023825,124.44056270315859,0,0,0,0,0,0
150.70827304998727,1822.4610595703125,-3811.119140625,210.41143798828125,124.43480716349485,0.0,0.0,0.27117575518786907,8,2,2,32,13,33,18,7,3,13,2,3,22,1,0,1822.4610237752377,-3811.119177602169,124.43480716349485,0,0,0,0,0,0
150.87493964998725,1822.4454345703125,-3811.163818359375,210.4114990234375,124.4289455609396,0.0,0.0,0.28082223143428564,8,2,2,32,13,33,18,7,3,13,2,3,22,1,0,1822.4454365186787,-3811.16378011916,124.4289455609396,0,0,0,0,0,0
151.04160624998724,1822.4312744140625,-3811.21044921875,210.41162109375,124.42296646910799,0.0,0.0,0.2883253153413534,8,2,2,32,13,33,18,7,3,13,2,3,22,1,0,1822.4312469003048,-3811.210399079977,124.42296646910799,0,0,0,0,0,0
151.20827284998722,1822.4176025390625,-3811.257568359375,210.41177368164062,124.41700443737241,0.0,0.0,0.2807628596201539,8,2,2,32,13,33,18,7,3,13,2,3,22,1,0,1822.4176019984477,-3811.257456532362,124.41700443737241,0,0,0,0,0,0
151.3749394499872,1822.402099609375,-3811.301513671875,210.41183471679688,124.41117977154725,0.0,0.0,0.26158096734434366,8,2,2,32,13,33,18,7,3,13,2,3,22,1,0,1822.4021322096564,-3811.3014292642233,124.41117977154725,0,0,0,0,0,0
151.5416060499872,1822.382568359375,-3811.339111328125,210.41177368164062,124.40559571758918,0.0,0.0,0.239919638261199,8,2,2,32,13,33,18,7,3,13,2,3,22,1,0,1822.3825721210108,-3811.3391310780808,124.40559571758918,0,0,0,0,0,0
151.70827264998718,1822.3585205078125,-3811.370849609375,210.4115753173828,124.40009785027539,0.0,0.0,0.23065104614943266,8,2,2,32,13,33,18,7,3,13,2,3,22,1,0,1822.3584930890422,-3811.3709375429553,124.40009785027539,0,0,0,0,0,0
151.87493924998716,1822.330810546875,-3811.398193359375,210.4112548828125,124.39468053396244,0.0,0.0,0.22802399471402168,8,2,2,32,13,33,18,7,3,13,2,3,22,1,0,1822.3308229326865,-3811.3982237241785,124.39468053396244,0,0,0,0,0,0
151.99993919998715,1822.3084716796875,-3811.416748046875,210.41094970703125,124.39067365698948,0.0,0.0,0.2278079278767109,8,2,2,32,13,33,18,7,3,13,2,3,22,1,0,1822.308512682882,-3811.4167075287114,124.39067365698948,0,0,0,0,0,0
152.08327249998715,1822.293212890625,-3811.428466796875,210.41073608398438,124.38802989880864,0.0,0.0,0.2281274413689971,8,2,2,32,13,33,18,7,3,13,2,3,22,1,0,1822.2932060638495,-3811.428487787873,124.38802989880864,0,0,0,0,0,0
152.16660579998714,1822.2777099609375,-3811.440185546875,210.4105224609375,124.38540127128245,0.0,0.0,0.22834234405308962,8,2,2,32,13,33,18,7,3,13,2,3,22,1,0,1822.2777323817909,-3811.4400797271137,124.38540127128245,0,0,0,0,0,0
152.24993909998713,1822.26220703125,-3811.45166015625,210.41030883789062,124.38278688485507,0.0,0.0,0.2283527748659253,8,2,2,32,13,33,18,7,3,13,2,3,22,1,0,1822.2622390351248,-3811.4516464358717,124.38278688485507,0,0,0,0,0,0
152.29160574998713,1822.2545166015625,-3811.45751953125,210.4102020263672,124.3814825100637,0.0,0.0,0.22834427654743195,8,2,2,32,13,33,18,7,3,13,2,3,22,1,0,1822.2545257973977,-3811.4574762211214,124.3814825100637,0,0,0,0,0,0
152.37493904998712,1822.2391357421875,-3811.468994140625,210.4099884033203,124.37893725115494,0.0,0.0,0.22607159335166216,8,2,2,32,13,33,18,7,3,13,2,3,22,1,0,1822.2391370133387,-3811.469004047308,124.37893725115494,0,0,0,0,0,0
152.4999389999871,1822.2156982421875,-3811.4853515625,210.40966796875,124.37523447643181,0.0,0.0,0.2248173812404275,8,2,2,32,13,33,18,7,3,13,2,3,22,1,0,1822.215686039289,-3811.4853609891584,124.37523447643181,0,0,0,0,0,0
152.6666055999871,1822.1842041015625,-3811.5068359375,210.40924072265625,124.37035519836883,0.0,0.0,0.225111935287714,8,2,2,32,13,33,18,7,3,13,2,3,22,1,0,1822.1841963745746,-3811.506763037605,124.37035519836883,0,0,0,0,0,0
152.83327219998708,1822.1531982421875,-3811.529052734375,210.40887451171875,124.36552235142445,0.0,0.0,0.2253886079415679,8,2,2,32,13,33,18,7,3,13,2,3,22,1,0,1822.15320861857,-3811.528971379429,124.36552235142445,0,0,0,0,0,0
152.99993879998706,1822.1236572265625,-3811.55322265625,210.40853881835938,124.3607018170847,0.0,0.0,0.2256802748888731,8,2,2,32,13,33,18,7,3,13,2,3,22,1,0,1822.1236272871754,-3811.5531039771627,124.3607018170847,0,0,0,0,0,0
153.16660539998705,1822.0960693359375,-3811.579833984375,210.4082794189453,124.35586807841041,0.0,0.0,0.22794867400079966,8,2,2,32,13,33,18,7,3,13,2,3,22,1,0,1822.0960647830793,-3811.57990195303,124.35586807841041,0,0,0,0,0,0
153.20827204998704,1822.0894775390625,-3811.587158203125,210.40821838378906,124.3546546383482,0.0,0.0,0.22892311681061983,8,2,2,32,13,33,18,7,3,13,2,3,22,1,0,1822.089525849014,-3811.5870688135738,124.3546546383482,0,0,0,0,0,0
153.33327199998703,1822.07080078125,-3811.609619140625,210.40811157226562,124.35100111370393,0.0,0.0,0.23269804660230875,8,2,2,32,13,33,18,7,3,13,2,3,22,1,0,1822.070782189131,-3811.6097368391656,124.35100111370393,0,0,0,0,0,0
153.45827194998702,1822.0533447265625,-3811.634033203125,210.4080352783203,124.34732014462152,0.0,0.0,0.23745396174490452,8,2,2,32,13,33,18,7,3,13,2,3,22,1,0,1822.0533344291186,-3811.634137437996,124.34732014462152,0,0,0,0,0,0
153.624938549987,1822.031982421875,-3811.669189453125,210.4080047607422,124.34235378741134,0.0,0.0,0.24454060476273298,8,2,2,32,13,33,18,7,3,13,2,3,22,1,0,1822.0319409227159,-3811.669175473709,124.34235378741134,0,0,0,0,0,0
153.791605149987,1822.0123291015625,-3811.70654296875,210.4080352783203,124.33731919466497,0.0,0.0,0.2513238228857517,8,2,2,32,13,33,18,7,3,13,2,3,22,1,0,1822.0123573794715,-3811.7066595052834,124.33731919466497,0,0,0,0,0,0
153.91660509998698,1821.99853515625,-3811.736083984375,210.4080810546875,124.33349329515137,0.0,0.0,0.2555210841819644,8,2,2,32,13,33,18,7,3,13,2,3,22,1,0,1821.9985848834908,-3811.736029090605,124.33349329515137,0,0,0,0,0,0
154.04160504998697,1821.9853515625,-3811.76611328125,210.4081573486328,124.32962571191675,0.0,0.0,0.25861719623208046,8,2,2,32,13,33,18,7,3,13,2,3,22,1,0,1821.9853605978205,-3811.766170889065,124.32962571191675,0,0,0,0,0,0
154.16660499998696,1821.972412109375,-3811.796875,210.40823364257812,124.3257183708593,0.0,0.0,0.26048803701996803,8,2,2,32,13,33,18,7,3,13,2,3,22,1,0,1821.9724693702226,-3811.796807180447,124.3257183708593,0,0,0,0,0,0
154.33327159998694,1821.9554443359375,-3811.837890625,210.4083251953125,124.32046215288611,0.0,0.0,0.2602855209261179,8,2,2,32,13,33,18,7,3,13,2,3,22,1,0,1821.955406265217,-3811.8378956625456,124.32046215288611,0,0,0,0,0,0
154.49993819998693,1821.93798828125,-3811.878662109375,210.40841674804688,124.31515861000395,0.0,0.0,0.2581129549071193,8,2,2,32,13,33,18,7,3,13,2,3,22,1,0,1821.937954022327,-3811.878555655493,124.31515861000395,0,0,0,0,0,0
154.6666047999869,1821.919677734375,-3811.918212890625,210.40846252441406,124.30983608332402,0.0,0.0,0.2530026715248823,8,2,2,32,13,33,18,7,3,13,2,3,22,1,0,1821.919624612424,-3811.918106960789,124.30983608332402,0,0,0,0,0,0
154.7916047499869,1821.905029296875,-3811.94677734375,210.40846252441406,124.30583498719714,0.0,0.0,0.24958280846476555,8,2,2,32,13,33,18,7,3,13,2,3,22,1,0,1821.9050639196073,-3811.9467568822974,124.30583498719714,0,0,0,0,0,0
154.8749380499869,1821.89501953125,-3811.96533203125,210.408447265625,124.30316660538813,0.0,0.0,0.2479921793565154,8,2,2,32,13,33,18,7,3,13,2,3,22,1,0,1821.8949691412495,-3811.9654116450474,124.30316660538813,0,0,0,0,0,0
154.99993799998688,1821.8792724609375,-3811.992919921875,210.408447265625,124.29916550921658,0.0,0.0,0.24586340878158808,8,2,2,32,13,33,18,7,3,13,2,3,22,1,0,1821.8792776280818,-3811.99280301942,124.29916550921658,0,0,0,0,0,0
155.16660459998687,1821.8575439453125,-3812.0283203125,210.40838623046875,124.29382502806287,0.0,0.0,0.24371696636080742,8,2,2,32,13,33,18,7,3,13,2,3,22,1,0,1821.8575454209777,-3812.0283939392884,124.29382502806287,0,0,0,0,0,0
155.29160454998686,1821.8408203125,-3812.0546875,210.40830993652344,124.2898116190524,0.0,0.0,0.24269712157547474,8,2,2,32,13,33,18,7,3,13,2,3,22,1,0,1821.840804562799,-3812.0545752493854,124.2898116190524,0,0,0,0,0,0
155.45827114998684,1821.818115234375,-3812.089111328125,210.408203125,124.28445407969195,0.0,0.0,0.24229965638369322,8,2,2,32,13,33,18,7,3,13,2,3,22,1,0,1821.8181304716388,-3812.089103002438,124.28445407969195,0,0,0,0,0,0
155.58327109998683,1821.801025390625,-3812.114990234375,210.40811157226562,124.28042835805903,0.0,0.0,0.24257428012788296,8,2,2,32,13,33,18,7,3,13,2,3,22,1,0,1821.8010154752112,-3812.114923431525,124.28042835805903,0,0,0,0,0,0
155.70827104998682,1821.783935546875,-3812.140869140625,210.4080352783203,124.27639032378634,0.0,0.0,0.24325172416865826,8,2,2,32,13,33,18,7,3,13,2,3,22,1,0,1821.7839338196352,-3812.140843063618,124.27639032378634,0,0,0,0,0,0
155.8749376499868,1821.761474609375,-3812.17578125,210.40789794921875,124.27097596683984,0.0,0.0,0.24430621415376663,8,2,2,32,13,33,18,7,3,13,2,3,22,1,0,1821.7614317182229,-3812.1757463194667,124.27097596683984,0,0,0,0,0,0
155.9999375999868,1821.744873046875,-3812.202392578125,210.40780639648438,124.26689624949914,0.0,0.0,0.24571027606725693,8,2,2,32,13,33,18,7,3,13,2,3,22,1,0,1821.7448370554414,-3812.202321255156,124.26689624949914,0,0,0,0,0,0
156.16660419998678,1821.72314453125,-3812.238525390625,210.40771484375,124.26143456479423,0.0,0.0,0.24859406985342503,8,2,2,32,13,33,18,7,3,13,2,3,22,1,0,1821.7231455712404,-3812.238434852437,124.26143456479423,0,0,0,0,0,0
156.29160414998677,1821.7071533203125,-3812.26611328125,210.40768432617188,124.25733214472777,0.0,0.0,0.2509125741198659,8,2,2,32,13,33,18,7,3,13,2,3,22,1,0,1821.7071759802877,-3812.2661176728243,124.25733214472777,0,0,0,0,0,0
156.45827074998675,1821.6864013671875,-3812.3037109375,210.40765380859375,124.2518315993214,0.0,0.0,0.2536812098696828,8,2,2,32,13,33,18,7,3,13,2,3,22,1,0,1821.6863731601113,-3812.3038058078387,124.2518315993214,0,0,0,0,0,0
156.54160404998674,1821.6761474609375,-3812.322998046875,210.40762329101562,124.24906664157464,0.0,0.0,0.2549336524680257,8,2,2,32,13,33,18,7,3,13,2,3,22,1,0,1821.676185445375,-3812.3229667595156,124.24906664157464,0,0,0,0,0,0
156.66660399998673,1821.6611328125,-3812.35205078125,210.40760803222656,124.24489791306225,0.0,0.0,0.2567794406786561,8,2,2,32,13,33,18,7,3,13,2,3,22,1,0,1821.6611502975852,-3812.352070928269,124.24489791306225,0,0,0,0,0,0
156.83327059998672,1821.6414794921875,-3812.3916015625,210.40757751464844,124.23930078806882,0.0,0.0,0.2590667689219117,8,2,2,32,13,33,18,7,3,13,2,3,22,1,0,1821.6414976574263,-3812.3914859036886,124.23930078806882,0,0,0,0,0,0
156.9582705499867,1821.626953125,-3812.42138671875,210.40757751464844,124.235070495857,0.0,0.0,0.26048265863209963,8,2,2,32,13,33,18,7,3,13,2,3,22,1,0,1821.6269942926513,-3812.4214318372715,124.235070495857,0,0,0,0,0,0
157.1249371499867,1821.60791015625,-3812.461669921875,210.40756225585938,124.22939667061452,0.0,0.0,0.26195181999355555,8,2,2,32,13,33,18,7,3,13,2,3,22,1,0,1821.6078830023366,-3812.4617523450524,124.22939667061452,0,0,0,0,0,0
157.24993709998668,1821.5936279296875,-3812.4921875,210.40756225585938,124.22511238275975,0.0,0.0,0.2627574373036623,8,2,2,32,13,33,18,7,3,13,2,3,22,1,0,1821.5936565928675,-3812.4922062805695,124.22511238275975,0,0,0,0,0,0
157.37493704998667,1821.5794677734375,-3812.522705078125,210.4075469970703,124.22080346958806,0.0,0.0,0.2633151598274708,8,2,2,32,13,33,18,7,3,13,2,3,22,1,0,1821.5794704103996,-3812.5227777806126,124.22080346958806,0,0,0,0,0,0
157.54160364998666,1821.560546875,-3812.563720703125,210.40753173828125,124.21502165291845,0.0,0.0,0.26373150758445263,8,2,2,32,13,33,18,7,3,13,2,3,22,1,0,1821.5605512159636,-3812.563634540601,124.21502165291845,0,0,0,0,0,0
157.66660359998664,1821.5462646484375,-3812.59423828125,210.4075164794922,124.21066066481238,0.0,0.0,0.2638596575707197,8,2,2,32,13,33,18,7,3,13,2,3,22,1,0,1821.546318023216,-3812.59429538937,124.21066066481238,0,0,0,0,0,0
157.79160354998663,1821.531982421875,-3812.625,210.40750122070312,124.20627979533721,0.0,0.0,0.2638772828504443,8,2,2,32,13,33,18,7,3,13,2,3,22,1,0,1821.5320210586847,-3812.6249377692466,124.20627979533721,0,0,0,0,0,0
157.91660349998662,1821.5177001953125,-3812.655517578125,210.407470703125,124.20187712462227,0.0,0.0,0.2638369332998991,8,2,2,32,13,33,18,7,3,13,2,3,22,1,0,1821.517646487238,-3812.655543146813,124.20187712462227,0,0,0,0,0,0
158.0416034499866,1821.503173828125,-3812.68603515625,210.4074249267578,124.19745649200138,0.0,0.0,0.26377467438578606,8,2,2,32,13,33,18,7,3,13,2,3,22,1,0,1821.5031864460657,-3812.6861017806705,124.19745649200138,0,0,0,0,0,0
158.2082700499866,1821.4837646484375,-3812.726806640625,210.40737915039062,124.19153449038308,0.0,0.0,0.2637350233271718,8,2,2,32,13,33,18,7,3,13,2,3,22,1,0,1821.4837767806714,-3812.7267762952224,124.19153449038308,0,0,0,0,0,0
158.37493664998658,1821.4642333984375,-3812.767333984375,210.40731811523438,124.18558503846582,0.0,0.0,0.26394680608063936,8,2,2,32,13,33,18,7,3,13,2,3,22,1,0,1821.4642232050278,-3812.7674004817954,124.18558503846582,0,0,0,0,0,0
158.49993659998657,1821.449462890625,-3812.7978515625,210.4072723388672,124.18111515394308,0.0,0.0,0.2634197473526001,8,2,2,32,13,33,18,7,3,13,2,3,22,1,0,1821.449431116006,-3812.7978198630367,124.18111515394308,0,0,0,0,0,0
158.62493654998656,1821.434326171875,-3812.827880859375,210.40724182128906,124.17664809455044,0.0,0.0,0.26207626797258854,8,2,2,32,13,33,18,7,3,13,2,3,22,1,0,1821.4343633892713,-3812.8279038678693,124.17664809455044,0,0,0,0,0,0
158.79160314998654,1821.4139404296875,-3812.867431640625,210.4071502685547,124.17065887877212,0.0,0.0,0.2591702854260802,8,2,2,32,13,33,18,7,3,13,2,3,22,1,0,1821.413928022297,-3812.8675006992,124.17065887877212,0,0,0,0,0,0
158.95826974998653,1821.393310546875,-3812.906494140625,210.406982421875,124.16459861139663,0.0,0.0,0.2584432251751423,8,2,2,32,13,33,18,7,3,13,2,3,22,1,0,1821.3933527147951,-3812.9066026832375,124.16459861139663,0,0,0,0,0,0
159.04160304998652,1821.3829345703125,-3812.926025390625,210.40692138671875,124.16156943668886,0.0,0.0,0.25827563367784023,8,2,2,32,13,33,18,7,3,13,2,3,22,1,0,1821.3829888991977,-3812.926096441273,124.16156943668886,0,0,0,0,0,0
159.1666029999865,1821.367431640625,-3812.955322265625,210.40682983398438,124.15701336167017,0.0,0.0,0.2585399430245161,8,2,2,32,13,33,18,7,3,13,2,3,22,1,0,1821.3674165209159,-3812.955342519793,124.15701336167017,0,0,0,0,0,0
159.2916029499865,1821.351806640625,-3812.984619140625,210.40673828125,124.15245254324255,0.0,0.0,0.2592318458482623,8,2,2,32,13,33,18,7,3,13,2,3,22,1,0,1821.351854433375,-3812.9846874610726,124.15245254324255,0,0,0,0,0,0
159.45826954998648,1821.331298828125,-3813.02392578125,210.40658569335938,124.14633262928291,0.0,0.0,0.26073174085468054,8,2,2,32,13,33,18,7,3,13,2,3,22,1,0,1821.331282552165,-3813.0240342127927,124.14633262928291,0,0,0,0,0,0
159.62493614998647,1821.3109130859375,-3813.063720703125,210.4064483642578,124.14020797225001,0.0,0.0,0.2628820016980171,8,2,2,32,13,33,18,7,3,13,2,3,22,1,0,1821.3109389320223,-3813.0638211533415,124.14020797225001,0,0,0,0,0,0
159.74993609998646,1821.2957763671875,-3813.093994140625,210.4063720703125,124.13560930542526,0.0,0.0,0.26422194205224514,8,2,2,32,13,33,18,7,3,13,2,3,22,1,0,1821.2958345324328,-3813.094015409704,124.13560930542526,0,0,0,0,0,0
159.87493604998645,1821.2808837890625,-3813.12451171875,210.4062957763672,124.13098883915823,0.0,0.0,0.2654217882081866,8,2,2,32,13,33,18,7,3,13,2,3,22,1,0,1821.2809119476897,-3813.124505686032,124.13098883915823,0,0,0,0,0,0
160.04160264998643,1821.2613525390625,-3813.16552734375,210.4062042236328,124.12479787499532,0.0,0.0,0.26670186780393124,8,2,2,32,13,33,18,7,3,13,2,3,22,1,0,1821.2613277015673,-3813.165591005625,124.12479787499532,0,0,0,0,0,0
160.16660259998642,1821.2469482421875,-3813.19677734375,210.40611267089844,124.12011301691247,0.0,0.0,0.267842598259449,8,2,2,32,13,33,18,7,3,13,2,3,22,1,0,1821.2469116555517,-3813.1966971468996,124.12011301691247,0,0,0,0,0,0
160.2916025499864,1821.232666015625,-3813.22802734375,210.40603637695312,124.11542624310208,0.0,0.0,0.26938694063574076,8,2,2,32,13,33,18,7,3,13,2,3,22,1,0,1821.232624782867,-3813.2280860370543,124.11542624310208,0,0,0,0,0,0
160.4166024999864,1821.218505859375,-3813.259765625,210.40597534179688,124.1107167586958,0.0,0.0,0.27047288604080677,8,2,2,32,13,33,18,7,3,13,2,3,22,1,0,1821.2184812037367,-3813.2597002765137,124.1107167586958,0,0,0,0,0,0
160.4999357999864,1821.2091064453125,-3813.281005859375,210.4059295654297,124.10756919784892,0.0,0.0,0.2712744753807783,8,2,2,32,13,33,18,7,3,13,2,3,22,1,0,1821.209103442015,-3813.280900833873,124.10756919784892,0,0,0,0,0,0
160.66660239998637,1821.1905517578125,-3813.323486328125,210.4058380126953,124.10123713743766,0.0,0.0,0.2722447272390127,8,2,2,32,13,33,18,7,3,13,2,3,22,1,0,1821.190514080569,-3813.323498984438,124.10123713743766,0,0,0,0,0,0
160.74993569998637,1821.1812744140625,-3813.344970703125,210.40579223632812,124.09806212291018,0.0,0.0,0.2724132966250181,8,2,2,32,13,33,18,7,3,13,2,3,22,1,0,1821.1812670540876,-3813.3448837761102,124.09806212291018,0,0,0,0,0,0
160.91660229998635,1821.162841796875,-3813.3876953125,210.40570068359375,124.09168272517094,0.0,0.0,0.2732501598075032,8,2,2,32,13,33,18,7,3,13,2,3,22,1,0,1821.1628210694762,-3813.387787450161,124.09168272517094,0,0,0,0,0,0
160.99993559998634,1821.153564453125,-3813.4091796875,210.40565490722656,124.08848308444159,0.0,0.0,0.27351577300578356,8,2,2,32,13,33,18,7,3,13,2,3,22,1,0,1821.153593317792,-3813.4092970823694,124.08848308444159,0,0,0,0,0,0
161.12493554998633,1821.1397705078125,-3813.441650390625,210.4055938720703,124.08367509560401,0.0,0.0,0.2739777322858572,8,2,2,32,13,33,18,7,3,13,2,3,22,1,0,1821.1397385649566,-3813.4415965430576,124.08367509560401,0,0,0,0,0,0
161.24993549998632,1821.1258544921875,-3813.473876953125,210.405517578125,124.07885479375896,0.0,0.0,0.2741692354902625,8,2,2,32,13,33,18,7,3,13,2,3,22,1,0,1821.1258511269527,-3813.473916502251,124.07885479375896,0,0,0,0,0,0
161.3749354499863,1821.1119384765625,-3813.50634765625,210.4054412841797,124.07401743682374,0.0,0.0,0.2743148244917393,8,2,2,32,13,33,18,7,3,13,2,3,22,1,0,1821.1119116702882,-3813.50624200198,124.07401743682374,0,0,0,0,0,0
161.5416020499863,1821.09326171875,-3813.54931640625,210.4053497314453,124.0675490193269,0.0,0.0,0.2743773628026247,8,2,2,32,13,33,18,7,3,13,2,3,22,1,0,1821.0932495423285,-3813.54933035119,124.0675490193269,0,0,0,0,0,0
161.74993529998628,1821.06982421875,-3813.603271484375,210.40521240234375,124.05942774378599,0.0,0.0,0.27437929529696703,8,2,2,32,13,33,18,7,3,13,2,3,22,1,0,1821.0697952718547,-3813.603151592585,124.05942774378599,0,0,0,0,0,0
161.91660189998626,1821.0509033203125,-3813.64599609375,210.40509033203125,124.05292238728116,0.0,0.0,0.2727126469835639,8,2,2,32,13,33,18,7,3,13,2,3,22,1,0,1821.0508753061831,-3813.6460273925322,124.05292238728116,0,0,0,0,0,0
162.08326849998625,1821.031494140625,-3813.688232421875,210.4049530029297,124.04642651447612,0.0,0.0,0.2709390362724662,8,2,2,32,13,33,18,7,3,13,2,3,22,1,0,1821.0315354760241,-3813.6883213517294,124.04642651447612,0,0,0,0,0,0
162.24993509998623,1821.0118408203125,-3813.730224609375,210.40480041503906,124.03991549875056,0.0,0.0,0.2700893208384514,8,2,2,32,13,33,18,7,3,13,2,3,22,1,0,1821.0118186771772,-3813.7301992226094,124.03991549875056,0,0,0,0,0,0
162.37493504998622,1820.9967041015625,-3813.76123046875,210.40467834472656,124.03506491242544,0.0,0.0,0.26526693254709244,8,2,2,32,13,33,18,7,3,13,2,3,22,1,0,1820.9967465575062,-3813.7611558840663,124.03506491242544,0,0,0,0,0,0
162.5416016499862,1820.975341796875,-3813.80029296875,210.40447998046875,124.02870639505119,0.0,0.0,0.2579136285930872,8,2,2,32,13,33,18,7,3,13,2,3,22,1,0,1820.9753943338435,-3813.800340532239,124.02870639505119,0,0,0,0,0,0
162.7082682499862,1820.95263671875,-3813.837646484375,210.4042205810547,124.02238198655854,0.0,0.0,0.25395750999450684,8,2,2,32,13,33,18,7,3,13,2,3,22,1,0,1820.9526379380216,-3813.837642496614,124.02238198655854,0,0,0,0,0,0
162.87493484998618,1820.9288330078125,-3813.87353515625,210.40394592285156,124.01608503484682,0.0,0.0,0.2521682297810912,8,2,2,32,13,33,18,7,3,13,2,3,22,1,0,1820.928818112656,-3813.873656806848,124.01608503484682,0,0,0,0,0,0
163.04160144998616,1820.9044189453125,-3813.908935546875,210.4036407470703,124.00980987890753,0.0,0.0,0.2515992848202586,8,2,2,32,13,33,18,7,3,13,2,3,22,1,0,1820.9044518697142,-3813.909048854356,124.00980987890753,0,0,0,0,0,0
163.20826804998615,1820.8800048828125,-3813.9443359375,210.40333557128906,124.00355651830844,0.0,0.0,0.25230448227375746,8,2,2,32,13,33,18,7,3,13,2,3,22,1,0,1820.8800136130594,-3813.9444084970924,124.00355651830844,0,0,0,0,0,0
163.41660129998613,1820.8499755859375,-3813.9892578125,210.40298461914062,123.99575071498403,0.0,0.0,0.2546797739341855,8,2,2,32,13,33,18,7,3,13,2,3,22,1,0,1820.8499508858918,-3813.9893429252143,123.99575071498403,0,0,0,0,0,0
163.5832678999861,1820.82666015625,-3814.0263671875,210.40272521972656,123.98950209521426,0.0,0.0,0.25757241528481245,8,2,2,32,13,33,18,7,3,13,2,3,22,1,0,1820.8266485307213,-3814.026348883293,123.98950209521426,0,0,0,0,0,0
163.7082678499861,1820.8096923828125,-3814.054931640625,210.40255737304688,123.98480591835173,0.0,0.0,0.2602006774395704,8,2,2,32,13,33,18,7,3,13,2,3,22,1,0,1820.8097298093094,-3814.054881720167,123.98480591835173,0,0,0,0,0,0
163.7916011499861,1820.7987060546875,-3814.07421875,210.40245056152344,123.98167166578227,0.0,0.0,0.2620883518829942,8,2,2,32,13,33,18,7,3,13,2,3,22,1,0,1820.7987363734353,-3814.074301655512,123.98167166578227,0,0,0,0,0,0
163.91660109998608,1820.78271484375,-3814.10400390625,210.40231323242188,123.97696508466667,0.0,0.0,0.26538767851889133,8,2,2,32,13,33,18,7,3,13,2,3,22,1,0,1820.7826540550225,-3814.1040494334725,123.97696508466667,0,0,0,0,0,0
164.04160104998607,1820.76708984375,-3814.134521484375,210.40220642089844,123.97225185459031,0.0,0.0,0.2685058396309614,8,2,2,32,13,33,18,7,3,13,2,3,22,1,0,1820.7670421703028,-3814.134517577741,123.97225185459031,0,0,0,0,0,0
164.16660099998606,1820.7518310546875,-3814.16552734375,210.40211486816406,123.96752255533352,0.0,0.0,0.2712711691856384,8,2,2,32,13,33,18,7,3,13,2,3,22,1,0,1820.751885990401,-3814.165642256984,123.96752255533352,0,0,0,0,0,0
164.29160094998605,1820.7371826171875,-3814.197265625,210.40203857421875,123.96277429420498,0.0,0.0,0.2736387075856328,8,2,2,32,13,33,18,7,3,13,2,3,22,1,0,1820.7371327798505,-3814.197334152734,123.96277429420498,0,0,0,0,0,0
164.37493424998604,1820.7275390625,-3814.21875,210.4019775390625,123.95959836210044,0.0,0.0,0.2750108949840069,8,2,2,32,13,33,18,7,3,13,2,3,22,1,0,1820.727483782351,-3814.2187263295104,123.95959836210044,0,0,0,0,0,0
164.54160084998603,1820.70849609375,-3814.261962890625,210.40188598632812,123.95322094683674,0.0,0.0,0.2771761966869235,8,2,2,32,13,33,18,7,3,13,2,3,22,1,0,1820.7085232968186,-3814.2620065595847,123.95322094683674,0,0,0,0,0,0
164.708267449986,1820.6898193359375,-3814.3056640625,210.4018096923828,123.94681890521537,0.0,0.0,0.2787332748994231,8,2,2,32,13,33,18,7,3,13,2,3,22,1,0,1820.6898253775926,-3814.305741674616,123.94681890521537,0,0,0,0,0,0
164.874934049986,1820.6712646484375,-3814.349609375,210.4017333984375,123.94038657089949,0.0,0.0,0.27893094811588526,8,2,2,32,13,33,18,7,3,13,2,3,22,1,0,1820.6712126861398,-3814.349676698276,123.94038657089949,0,0,0,0,0,0
165.08326729998598,1820.6478271484375,-3814.404541015625,210.401611328125,123.93231369465522,0.0,0.0,0.2789151854813099,8,2,2,32,13,33,18,7,3,13,2,3,22,1,0,1820.6478295759352,-3814.404552607257,123.93231369465522,0,0,0,0,0,0
165.24993389998596,1820.6287841796875,-3814.4482421875,210.4015350341797,123.92586430677244,0.0,0.0,0.2785061486065388,8,2,2,32,13,33,18,7,3,13,2,3,22,1,0,1820.6287329911736,-3814.4482724679015,123.92586430677244,0,0,0,0,0,0
165.41660049998595,1820.6092529296875,-3814.491455078125,210.40142822265625,123.91941491888497,0.0,0.0,0.27353307232260704,8,2,2,32,13,33,18,7,3,13,2,3,22,1,0,1820.609243102574,-3814.49152636321,123.91941491888497,0,0,0,0,0,0
165.58326709998593,1820.5880126953125,-3814.531982421875,210.40126037597656,123.9131625426324,0.0,0.0,0.2641241066157818,8,2,2,32,13,33,18,7,3,13,2,3,22,1,0,1820.5880301770442,-3814.5318613567156,123.9131625426324,0,0,0,0,0,0
165.70826704998592,1820.5709228515625,-3814.561279296875,210.401123046875,123.90845503492878,0.0,0.0,0.26561967097222805,8,2,2,32,13,33,18,7,3,13,2,3,22,1,0,1820.5709245967223,-3814.5611728395847,123.90845503492878,0,0,0,0,0,0
165.9166002999859,1820.5428466796875,-3814.611083984375,210.40089416503906,123.90029977834335,0.0,0.0,0.27111368253827095,8,2,2,32,13,33,18,7,3,13,2,3,22,1,0,1820.5428027345797,-3814.611064478475,123.90029977834335,0,0,0,0,0,0
166.12493354998588,1820.5181884765625,-3814.6650390625,210.40054321289062,123.89183385617433,0.0,0.0,0.27736013289541006,8,2,2,32,13,33,18,7,3,13,2,3,22,1,0,1820.518220773597,-3814.664957986043,123.89183385617433,0,0,0,0,0,0
166.33326679998586,1820.494873046875,-3814.719482421875,210.400390625,123.88348632694255,0.0,0.0,0.2784489654004574,8,2,2,32,13,33,18,7,3,13,2,3,22,1,0,1820.494817427874,-3814.719598395604,123.88348632694255,0,0,0,0,0,0
166.45826674998585,1820.480712890625,-3814.752685546875,210.40032958984375,123.87852024163334,0.0,0.0,0.2810884267091751,8,2,2,32,13,33,18,7,3,13,2,3,22,1,0,1820.4806610310352,-3814.752651224918,123.87852024163334,0,0,0,0,0,0
166.54160004998585,1820.4710693359375,-3814.774658203125,210.40029907226562,123.87522972970334,0.0,0.0,0.28239793609827757,8,2,2,32,13,33,18,7,3,13,2,3,22,1,0,1820.4711068901038,-3814.7747462275975,123.87522972970334,0,0,0,0,0,0
166.74993329998583,1820.4468994140625,-3814.830078125,210.40016174316406,123.86698734933539,0.0,0.0,0.28123571537435055,8,2,2,32,13,33,18,7,3,13,2,3,22,1,0,1820.4469266336173,-3814.829987377905,123.86698734933539,0,0,0,0,0,0
166.87493324998582,1820.432373046875,-3814.863037109375,210.40005493164062,123.8620184289335,0.0,0.0,0.2804524265229702,8,2,2,32,13,33,18,7,3,13,2,3,22,1,0,1820.4323191551578,-3814.8629885433047,123.8620184289335,0,0,0,0,0,0
167.0415998499858,1820.41259765625,-3814.90673828125,210.39993286132812,123.8553853162381,0.0,0.0,0.28010227251797915,8,2,2,32,13,33,18,7,3,13,2,3,22,1,0,1820.4126400631296,-3814.9067943866407,123.8553853162381,0,0,0,0,0,0
167.20826644998579,1820.392822265625,-3814.950439453125,210.3997802734375,123.84871526370746,0.0,0.0,0.27981302700936794,8,2,2,32,13,33,18,7,3,13,2,3,22,1,0,1820.3927889558897,-3814.950370483681,123.84871526370746,0,0,0,0,0,0
167.37493304998577,1820.372802734375,-3814.99365234375,210.3996124267578,123.84202532313721,0.0,0.0,0.2790379570797086,8,2,2,32,13,33,18,7,3,13,2,3,22,1,0,1820.3727686232448,-3814.9937464502427,123.84202532313721,0,0,0,0,0,0
167.58326629998575,1820.347412109375,-3815.0478515625,210.3994140625,123.83365413794284,0.0,0.0,0.2789173973724246,8,2,2,32,13,33,18,7,3,13,2,3,22,1,0,1820.3474625547042,-3815.047832840218,123.83365413794284,0,0,0,0,0,0
167.79159954998573,1820.322021484375,-3815.101806640625,210.39920043945312,123.82526306454254,0.0,0.0,0.27917022816836834,8,2,2,32,13,33,18,7,3,13,2,3,22,1,0,1820.3219890579,-3815.101851950076,123.82526306454254,0,0,0,0,0,0
167.95826614998572,1820.3016357421875,-3815.14501953125,210.39901733398438,123.81850398301863,0.0,0.0,0.2788453595712781,8,2,2,32,13,33,18,7,3,13,2,3,22,1,0,1820.3016445350545,-3815.145056560369,123.81850398301863,0,0,0,0,0,0
168.1665993999857,1820.2764892578125,-3815.19921875,210.3987579345703,123.8099935782393,0.0,0.0,0.2786887576803565,8,2,2,32,13,33,18,7,3,13,2,3,22,1,0,1820.2764438994827,-3815.199193429642,123.8099935782393,0,0,0,0,0,0
168.2499326999857,1820.2664794921875,-3815.220947265625,210.39866638183594,123.80656478450695,0.0,0.0,0.28004178311675787,8,2,2,32,13,33,18,7,3,13,2,3,22,1,0,1820.2664763888422,-3815.220922089298,123.80656478450695,0,0,0,0,0,0
168.41659929998568,1820.24658203125,-3815.2646484375,210.3984832763672,123.7997337239896,0.0,0.0,0.2819882705807686,8,2,2,32,13,33,18,7,3,13,2,3,22,1,0,1820.2465462424932,-3815.2646959369763,123.7997337239896,0,0,0,0,0,0
168.58326589998566,1820.2266845703125,-3815.30859375,210.3983154296875,123.7928751990325,0.0,0.0,0.2818856155499816,8,2,2,32,13,33,18,7,3,13,2,3,22,1,0,1820.226719413947,-3815.3087019614672,123.7928751990325,0,0,0,0,0,0
168.74993249998565,1820.2069091796875,-3815.352783203125,210.3981170654297,123.7859797341976,0.0,0.0,0.2798122586682439,8,2,2,32,13,33,18,7,3,13,2,3,22,1,0,1820.2069400505038,-3815.352723817577,123.7859797341976,0,0,0,0,0,0
168.91659909998563,1820.1878662109375,-3815.396728515625,210.39784240722656,123.77890430746939,0.0,0.0,0.2792544895783067,8,2,2,32,13,33,18,7,3,13,2,3,22,1,0,1820.1878497144253,-3815.3966437349764,123.77890430746939,0,0,0,0,0,0
169.04159904998562,1820.1737060546875,-3815.4296875,210.39764404296875,123.77360863138873,0.0,0.0,0.2797032240778208,8,2,2,32,13,33,18,7,3,13,2,3,22,1,0,1820.1736971054609,-3815.4296619196484,123.77360863138873,0,0,0,0,0,0
169.2082656499856,1820.15478515625,-3815.473876953125,210.39744567871094,123.7665549924545,0.0,0.0,0.2810596954077482,8,2,2,32,13,33,18,7,3,13,2,3,22,1,0,1820.154800348377,-3815.4737924228657,123.7665549924545,0,0,0,0,0,0
169.3749322499856,1820.135986328125,-3815.518310546875,210.39724731445312,123.75949661650101,0.0,0.0,0.28322169091552496,8,2,2,32,13,33,18,7,3,13,2,3,22,1,0,1820.136029902695,-3815.51834858464,123.75949661650101,0,0,0,0,0,0
169.54159884998558,1820.11767578125,-3815.5634765625,210.39703369140625,123.75239846162927,0.0,0.0,0.2848464297130704,8,2,2,32,13,33,18,7,3,13,2,3,22,1,0,1820.117620839791,-3815.563373135213,123.75239846162927,0,0,0,0,0,0
169.74993209998556,1820.0948486328125,-3815.620361328125,210.3968048095703,123.74353192786948,0.0,0.0,0.28837784193456173,8,2,2,32,13,33,18,7,3,13,2,3,22,1,0,1820.0948828002392,-3815.620399031167,123.74353192786948,0,0,0,0,0,0
169.87493204998555,1820.0811767578125,-3815.655029296875,210.39671325683594,123.73824098935937,0.0,0.0,0.2900337101891637,8,2,2,32,13,33,18,7,3,13,2,3,22,1,0,1820.081184530266,-3815.6549624511213,123.73824098935937,0,0,0,0,0,0
170.08326529998553,1820.0584716796875,-3815.712890625,210.3965301513672,123.72938866539617,0.0,0.0,0.29137993697077036,8,2,2,32,13,33,18,7,3,13,2,3,22,1,0,1820.0584709174752,-3815.712975495258,123.72938866539617,0,0,0,0,0,0
170.20826524998552,1820.044921875,-3815.748046875,210.3964080810547,123.72405510683731,0.0,0.0,0.29214094392955303,8,2,2,32,13,33,18,7,3,13,2,3,22,1,0,1820.0449463613443,-3815.747970226898,123.72405510683731,0,0,0,0,0,0
170.3332651999855,1820.031494140625,-3815.783203125,210.3962860107422,123.71871207549518,0.0,0.0,0.2932113129645586,8,2,2,32,13,33,18,7,3,13,2,3,22,1,0,1820.0314546117213,-3815.783111419459,123.71871207549518,0,0,0,0,0,0
170.4999317999855,1820.01708984375,-3815.82568359375,210.39707946777344,123.71297407337372,0.0,0.0,0.24529281072318554,8,2,2,32,13,33,18,7,3,13,2,3,22,1,0,1820.0171222226536,-3815.825601421965,123.71297407337372,0,0,0,0,0,0
170.70826504998547,1819.997314453125,-3815.870849609375,210.39846801757812,123.70633056779,0.0,0.0,0.22078040055930614,8,2,2,32,13,33,18,7,3,13,2,3,22,1,0,1819.9972574280825,-3815.8708574778693,123.70633056779,0,0,0,0,0,0
170.87493164998546,1819.9759521484375,-3815.900390625,210.3985595703125,123.70119591741584,0.0,0.0,0.21090335212647915,8,2,2,32,13,33,18,7,3,13,2,3,22,1,0,1819.975959453933,-3815.900500418973,123.70119591741584,0,0,0,0,0,0
171.08326489998544,1819.942626953125,-3815.9287109375,210.39840698242188,123.69501274084,0.0,0.0,0.2060304395854473,8,2,2,32,13,33,18,7,3,13,2,3,22,1,0,1819.9426114828473,-3815.9286947369387,123.69501274084,0,0,0,0,0,0
171.24993149998542,1819.9114990234375,-3815.9453125,210.39808654785156,123.69023801796364,0.0,0.0,0.2119059208780527,8,2,2,32,13,33,18,7,3,13,2,3,22,1,0,1819.9115052598636,-3815.945217291734,123.69023801796364,0,0,0,0,0,0
171.4582647499854,1819.8690185546875,-3815.96142578125,210.3971710205078,123.68443087148358,0.0,0.0,0.21809907630085945,8,2,2,32,13,33,18,7,3,13,2,3,22,1,0,1819.8690772221892,-3815.9613386210317,123.68443087148358,0,0,0,0,0,0
171.5832646999854,1819.8428955078125,-3815.97021484375,210.39659118652344,123.68102008462978,0.0,0.0,0.21873414516448975,8,2,2,32,13,33,18,7,3,13,2,3,22,1,0,1819.8428977233339,-3815.97017693158,123.68102008462978,0,0,0,0,0,0
171.74993129998538,1819.8084716796875,-3815.982666015625,210.3959197998047,123.67651814895775,0.0,0.0,0.21613084245473146,8,2,2,32,13,33,18,7,3,13,2,3,22,1,0,1819.8084450519623,-3815.982690400169,123.67651814895775,0,0,0,0,0,0
171.91659789998536,1819.7755126953125,-3815.997314453125,210.39537048339844,123.67205788882265,0.0,0.0,0.21210256963968277,8,2,2,32,13,33,18,7,3,13,2,3,22,1,0,1819.7755188451051,-3815.997431608662,123.67205788882265,0,0,0,0,0,0
172.12493114998534,1819.737548828125,-3816.020263671875,210.3949432373047,123.66651689971471,0.0,0.0,0.2091247122734785,8,2,2,32,13,33,18,7,3,13,2,3,22,1,0,1819.7375070198486,-3816.020240297854,123.66651689971471,0,0,0,0,0,0
172.29159774998533,1819.7098388671875,-3816.0419921875,210.39483642578125,123.66208600170788,0.0,0.0,0.20924110431224108,8,2,2,32,13,33,18,7,3,13,2,3,22,1,0,1819.7098067982804,-3816.0420818332655,123.66208600170788,0,0,0,0,0,0
172.37493104998532,1819.6966552734375,-3816.053955078125,210.39486694335938,123.65988949746021,0.0,0.0,0.2101111225783825,8,2,2,32,13,33,18,7,3,13,2,3,22,1,0,1819.6967098968544,-3816.0540530393723,123.65988949746021,0,0,0,0,0,0
172.5832642999853,1819.66552734375,-3816.0859375,210.3950958251953,123.65443375229455,0.0,0.0,0.2118918113410473,8,2,2,32,13,33,18,7,3,13,2,3,22,1,0,1819.6655094279354,-3816.0860309604886,123.65443375229455,0,0,0,0,0,0
172.7499308999853,1819.641357421875,-3816.112548828125,210.3953399658203,123.65011178160101,0.0,0.0,0.21143353078514338,8,2,2,32,13,33,18,7,3,13,2,3,22,1,0,1819.6413140844456,-3816.1124614945493,123.65011178160101,0,0,0,0,0,0
172.95826414998527,1819.610595703125,-3816.14453125,210.39566040039062,123.64480379607038,0.0,0.0,0.20925861317664385,8,2,2,32,13,33,18,7,3,13,2,3,22,1,0,1819.6105949618393,-3816.1446254319294,123.64480379607038,0,0,0,0,0,0
173.16659739998525,1819.578125,-3816.174072265625,210.3958282470703,123.63962367853821,0.0,0.0,0.20706995856016874,8,2,2,32,13,33,18,7,3,13,2,3,22,1,0,1819.5780668768766,-3816.1741819614476,123.63962367853821,0,0,0,0,0,0
173.24993069998524,1819.5643310546875,-3816.18505859375,210.3958282470703,123.63759198329767,0.0,0.0,0.2066937042400241,8,2,2,32,13,33,18,7,3,13,2,3,22,1,0,1819.5643157538218,-3816.1849623119147,123.63759198329767,0,0,0,0,0,0
173.45826394998522,1819.528076171875,-3816.208984375,210.39564514160156,123.632567203714,0.0,0.0,0.2060790080577135,8,2,2,32,13,33,18,7,3,13,2,3,22,1,0,1819.5280426536133,-3816.209036164557,123.632567203714,0,0,0,0,0,0
173.6665971999852,1819.48974609375,-3816.22998046875,210.3951873779297,123.627608725546,0.0,0.0,0.20792069844901562,8,2,2,32,13,33,18,7,3,13,2,3,22,1,0,1819.4897484103637,-3816.2299296647575,123.627608725546,0,0,0,0,0,0
173.8332637999852,1819.458251953125,-3816.24560546875,210.39480590820312,123.62371961346236,0.0,0.0,0.20913714542984962,8,2,2,32,13,33,18,7,3,13,2,3,22,1,0,1819.4582314332954,-3816.245610995651,123.62371961346236,0,0,0,0,0,0
174.04159704998517,1819.4188232421875,-3816.265380859375,210.39430236816406,123.61891362970206,0.0,0.0,0.20860263612121344,8,2,2,32,13,33,18,7,3,13,2,3,22,1,0,1819.4188436141399,-3816.2653858802855,123.61891362970206,0,0,0,0,0,0
174.12493034998516,1819.4033203125,-3816.273681640625,210.3941192626953,123.61700222438098,0.0,0.0,0.20812936127185822,8,2,2,32,13,33,18,7,3,13,2,3,22,1,0,1819.4033270972727,-3816.273637915205,123.61700222438098,0,0,0,0,0,0
174.29159694998515,1819.3729248046875,-3816.291015625,210.3938446044922,123.61320688451877,0.0,0.0,0.2072762232273817,8,2,2,32,13,33,18,7,3,13,2,3,22,1,0,1819.3729363429452,-3816.291074563814,123.61320688451877,0,0,0,0,0,0
174.49993019998513,1819.3363037109375,-3816.31494140625,210.39366149902344,123.60849940731363,0.0,0.0,0.20658292341977358,8,2,2,32,13,33,18,7,3,13,2,3,22,1,0,1819.336351794194,-3816.314857803868,123.60849940731363,0,0,0,0,0,0
174.7082634499851,1819.3011474609375,-3816.340576171875,210.39361572265625,123.60383833891757,0.0,0.0,0.20636836998164654,8,2,2,32,13,33,18,7,3,13,2,3,22,1,0,1819.3011290489424,-3816.3404907091845,123.60383833891757,0,0,0,0,0,0
174.8749300499851,1819.2735595703125,-3816.36181640625,210.39366149902344,123.60015097510619,0.0,0.0,0.2062792656943202,8,2,2,32,13,33,18,7,3,13,2,3,22,1,0,1819.2735184125727,-3816.3617319022214,123.60015097510619,0,0,0,0,0,0
175.08326329998508,1819.239013671875,-3816.38818359375,210.3937225341797,123.5956007261814,0.0,0.0,0.20606047473847866,8,2,2,32,13,33,18,7,3,13,2,3,22,1,0,1819.2390515682127,-3816.388287805469,123.5956007261814,0,0,0,0,0,0
175.20826324998507,1819.2181396484375,-3816.40380859375,210.39373779296875,123.59291073926597,0.0,0.0,0.2059453632682562,8,2,2,32,13,33,18,7,3,13,2,3,22,1,0,1819.2181196500749,-3816.4038421543046,123.59291073926597,0,0,0,0,0,0
175.41659649998505,1819.1824951171875,-3816.4287109375,210.39369201660156,123.58848646798907,0.0,0.0,0.20617898553609848,8,2,2,32,13,33,18,7,3,13,2,3,22,1,0,1819.1824729089624,-3816.4286988751187,123.58848646798907,0,0,0,0,0,0
175.58326309998503,1819.1531982421875,-3816.447509765625,210.39358520507812,123.58500558587903,0.0,0.0,0.206703320145607,8,2,2,32,13,33,18,7,3,13,2,3,22,1,0,1819.153161799773,-3816.4475160564707,123.58500558587903,0,0,0,0,0,0
175.70826304998502,1819.1307373046875,-3816.461181640625,210.39344787597656,123.58242357375173,0.0,0.0,0.20722313784062862,8,2,2,32,13,33,18,7,3,13,2,3,22,1,0,1819.130750143467,-3816.4610690996283,123.58242357375173,0,0,0,0,0,0
175.833262999985,1819.1080322265625,-3816.474365234375,210.39329528808594,123.5798642992347,0.0,0.0,0.20773885771632195,8,2,2,32,13,33,18,7,3,13,2,3,22,1,0,1819.1080476992188,-3816.474265098794,123.5798642992347,0,0,0,0,0,0
175.958262949985,1819.085205078125,-3816.4873046875,210.3931121826172,123.57732396096165,0.0,0.0,0.2081436337903142,8,2,2,32,13,33,18,7,3,13,2,3,22,1,0,1819.085154384048,-3816.4872447676203,123.57732396096165,0,0,0,0,0,0
176.12492954998498,1819.054443359375,-3816.50439453125,210.39288330078125,123.57397379120779,0.0,0.0,0.20927228033542633,8,2,2,32,13,33,18,7,3,13,2,3,22,1,0,1819.0544767965073,-3816.5044981933625,123.57397379120779,0,0,0,0,0,0
176.33326279998496,1819.01611328125,-3816.5263671875,210.39260864257812,123.56984977342333,0.0,0.0,0.20964972209185362,8,2,2,32,13,33,18,7,3,13,2,3,22,1,0,1819.0160915054455,-3816.5264112938503,123.56984977342333,0,0,0,0,0,0
176.49992939998495,1818.985595703125,-3816.54443359375,210.39242553710938,123.56657252642255,0.0,0.0,0.20960797555744648,8,2,2,32,13,33,18,7,3,13,2,3,22,1,0,1818.9856375778859,-3816.5444066206824,123.56657252642255,0,0,0,0,0,0
176.54159604998495,1818.97802734375,-3816.549072265625,210.3923797607422,123.56575700435732,0.0,0.0,0.20960909314453602,8,2,2,32,13,33,18,7,3,13,2,3,22,1,0,1818.9780701462964,-3816.5489805542024,123.56575700435732,0,0,0,0,0,0
176.74992929998493,1818.9405517578125,-3816.572265625,210.39222717285156,123.5616945530318,0.0,0.0,0.2096243668347597,8,2,2,32,13,33,18,7,3,13,2,3,22,1,0,1818.9405087857976,-3816.5723027381423,123.5616945530318,0,0,0,0,0,0
176.9165958999849,1818.9107666015625,-3816.59130859375,210.3921356201172,123.55846467093005,0.0,0.0,0.20963363349437714,8,2,2,32,13,33,18,7,3,13,2,3,22,1,0,1818.9107379396623,-3816.5914007688775,123.55846467093005,0,0,0,0,0,0
177.0415958499849,1818.8885498046875,-3816.60595703125,210.39208984375,123.55606735788497,0.0,0.0,0.20942494738847017,8,2,2,32,13,33,18,7,3,13,2,3,22,1,0,1818.8886026542732,-3816.606017844226,123.55606735788497,0,0,0,0,0,0
177.2082624499849,1818.85986328125,-3816.626708984375,210.39208984375,123.55291608914902,0.0,0.0,0.20929905585944653,8,2,2,32,13,33,18,7,3,13,2,3,22,1,0,1818.8599184191098,-3816.6266247055673,123.55291608914902,0,0,0,0,0,0
177.37492904998487,1818.831787109375,-3816.64794921875,210.39219665527344,123.54977524628852,0.0,0.0,0.2093888120725751,8,2,2,32,13,33,18,7,3,13,2,3,22,1,0,1818.831775147699,-3816.6479716067165,123.54977524628852,0,0,0,0,0,0
177.58326229998485,1818.7965087890625,-3816.674560546875,210.39234924316406,123.54589180231477,0.0,0.0,0.20955640356987715,8,2,2,32,13,33,18,7,3,13,2,3,22,1,0,1818.796535070738,-3816.674582584055,123.54589180231477,0,0,0,0,0,0
177.79159554998483,1818.7603759765625,-3816.699951171875,210.3923797607422,123.54205099075931,0.0,0.0,0.20956490188837051,8,2,2,32,13,33,18,7,3,13,2,3,22,1,0,1818.7604332769765,-3816.699991467634,123.54205099075931,0,0,0,0,0,0
177.91659549998482,1818.7381591796875,-3816.71435546875,210.39234924316406,123.53977681056735,0.0,0.0,0.21002227440476418,8,2,2,32,13,33,18,7,3,13,2,3,22,1,0,1818.7381440401603,-3816.7144092464914,123.53977681056735,0,0,0,0,0,0
178.0415954499848,1818.71533203125,-3816.728271484375,210.39224243164062,123.53751494366112,0.0,0.0,0.21070295479148626,8,2,2,32,13,33,18,7,3,13,2,3,22,1,0,1818.7153681896348,-3816.728180369855,123.53751494366112,0,0,0,0,0,0
178.2082620499848,1818.684326171875,-3816.74560546875,210.39202880859375,123.53451143442392,0.0,0.0,0.21161388140171766,8,2,2,32,13,33,18,7,3,13,2,3,22,1,0,1818.6843678339635,-3816.745677186796,123.53451143442392,0,0,0,0,0,0
178.41659529998478,1818.64501953125,-3816.7666015625,210.39169311523438,123.53073880960136,0.0,0.0,0.21030521020293236,8,2,2,32,13,33,18,7,3,13,2,3,22,1,0,1818.6450118920989,-3816.766666987428,123.53073880960136,0,0,0,0,0,0
178.62492854998476,1818.60595703125,-3816.787353515625,210.3913116455078,123.52688757194885,0.0,0.0,0.20964157301932573,8,2,2,32,13,33,18,7,3,13,2,3,22,1,0,1818.6059230060373,-3816.7874305898254,123.52688757194885,0,0,0,0,0,0
178.83326179998474,1818.5672607421875,-3816.808837890625,210.39105224609375,123.52305622777315,0.0,0.0,0.21000851411372423,8,2,2,32,13,33,18,7,3,13,2,3,22,1,0,1818.5672168771628,-3816.8089477824133,123.52305622777315,0,0,0,0,0,0
178.95826174998473,1818.5443115234375,-3816.822265625,210.3909149169922,123.52075457425663,0.0,0.0,0.20953284110873938,8,2,2,32,13,33,18,7,3,13,2,3,22,1,0,1818.5443167561,-3816.8223589478375,123.52075457425663,0,0,0,0,0,0
179.04159504998472,1818.5291748046875,-3816.83154296875,210.39085388183594,123.5192191894877,0.0,0.0,0.20957349333912134,8,2,2,32,13,33,18,7,3,13,2,3,22,1,0,1818.5291942095375,-3816.8315141197604,123.5192191894877,0,0,0,0,0,0
179.2499282999847,1818.4915771484375,-3816.855224609375,210.3907470703125,123.51544941179534,0.0,0.0,0.2117779804393649,8,2,2,32,13,33,18,7,3,13,2,3,22,1,0,1818.491598736185,-3816.8551535714605,123.51544941179534,0,0,0,0,0,0
179.45826154998468,1818.453857421875,-3816.87939453125,210.3907012939453,123.51177529292816,0.0,0.0,0.212347530759871,8,2,2,32,13,33,18,7,3,13,2,3,22,1,0,1818.45387764581,-3816.8794474349825,123.51177529292816,0,0,0,0,0,0
179.66659479998467,1818.416015625,-3816.9033203125,210.39060974121094,123.50810402160374,0.0,0.0,0.21240925416350365,8,2,2,32,13,33,18,7,3,13,2,3,22,1,0,1818.4159572138205,-3816.903389541593,123.50810402160374,0,0,0,0,0,0
179.87492804998465,1818.3773193359375,-3816.92626953125,210.39044189453125,123.50447157542355,0.0,0.0,0.21428712643682957,8,2,2,32,13,33,18,7,3,13,2,3,22,1,0,1818.3772713048852,-3816.9263302857516,123.50447157542355,0,0,0,0,0,0
180.08326129998463,1818.33837890625,-3816.948486328125,210.39016723632812,123.50072357728946,0.0,0.0,0.210923096165061,8,2,2,32,13,33,18,7,3,13,2,3,22,1,0,1818.3384280052128,-3816.94837027204,123.50072357728946,0,0,0,0,0,0
180.2915945499846,1818.299560546875,-3816.97021484375,210.38990783691406,123.49696326605275,0.0,0.0,0.2116505755111575,8,2,2,32,13,33,18,7,3,13,2,3,22,1,0,1818.299613334195,-3816.9702639496686,123.49696326605275,0,0,0,0,0,0
180.4582611499846,1818.2685546875,-3816.988037109375,210.38973999023438,123.49396637546681,0.0,0.0,0.21217460744082928,8,2,2,32,13,33,18,7,3,13,2,3,22,1,0,1818.2686046959575,-3816.988065259573,123.49396637546681,0,0,0,0,0,0
180.62492774998458,1818.2376708984375,-3817.00634765625,210.38958740234375,123.4910016918935,0.0,0.0,0.21312180906534195,8,2,2,32,13,33,18,7,3,13,2,3,22,1,0,1818.23767089979,-3817.006272792465,123.4910016918935,0,0,0,0,0,0
180.70826104998457,1818.2222900390625,-3817.015625,210.3895263671875,123.48952598859054,0.0,0.0,0.21335810888558626,8,2,2,32,13,33,18,7,3,13,2,3,22,1,0,1818.2222503132684,-3817.0155202338647,123.48952598859054,0,0,0,0,0,0
180.91659429998455,1818.183837890625,-3817.0390625,210.38938903808594,123.48583197643525,0.0,0.0,0.21341722458600998,8,2,2,32,13,33,18,7,3,13,2,3,22,1,0,1818.1838533119849,-3817.03898237748,123.48583197643525,0,0,0,0,0,0
181.08326089998454,1818.1531982421875,-3817.05810546875,210.3892822265625,123.48288433867803,0.0,0.0,0.21370425820350647,8,2,2,32,13,33,18,7,3,13,2,3,22,1,0,1818.1532456204143,-3817.0579875949643,123.48288433867803,0,0,0,0,0,0
181.24992749998452,1818.12255859375,-3817.0771484375,210.3892059326172,123.47994901407114,0.0,0.0,0.21416570525616407,8,2,2,32,13,33,18,7,3,13,2,3,22,1,0,1818.1226069940408,-3817.0770751328746,123.47994901407114,0,0,0,0,0,0
181.4165940999845,1818.0919189453125,-3817.09619140625,210.38909912109375,123.47701180562721,0.0,0.0,0.21445832680910826,8,2,2,32,13,33,18,7,3,13,2,3,22,1,0,1818.0918840759955,-3817.096107284883,123.47701180562721,0,0,0,0,0,0
181.5415940499845,1818.0687255859375,-3817.1103515625,210.38902282714844,123.47481812280365,0.0,0.0,0.21487956400960684,8,2,2,32,13,33,18,7,3,13,2,3,22,1,0,1818.0687190408573,-3817.110297862469,123.47481812280365,0,0,0,0,0,0
181.70826064998448,1818.0377197265625,-3817.129150390625,210.38890075683594,123.47189322785589,0.0,0.0,0.21531933452934027,8,2,2,32,13,33,18,7,3,13,2,3,22,1,0,1818.0376669326185,-3817.1290498707904,123.47189322785589,0,0,0,0,0,0
181.87492724998447,1818.00634765625,-3817.147705078125,210.3887481689453,123.46898252976375,0.0,0.0,0.21593708079308271,8,2,2,32,13,33,18,7,3,13,2,3,22,1,0,1818.0063855667609,-3817.1476241353666,123.46898252976375,0,0,0,0,0,0
182.04159384998445,1817.974853515625,-3817.166015625,210.3885955810547,123.46607468057397,0.0,0.0,0.21635976154357195,8,2,2,32,13,33,18,7,3,13,2,3,22,1,0,1817.974911840909,-3817.1660405605026,123.46607468057397,0,0,0,0,0,0
182.16659379998444,1817.951171875,-3817.1796875,210.38845825195312,123.46389046188702,0.0,0.0,0.21634080912917852,8,2,2,32,13,33,18,7,3,13,2,3,22,1,0,1817.9512149123716,-3817.1797837940185,123.46389046188702,0,0,0,0,0,0
182.29159374998443,1817.927490234375,-3817.193603515625,210.38833618164062,123.46170720903616,0.0,0.0,0.21666823886334896,8,2,2,32,13,33,18,7,3,13,2,3,22,1,0,1817.927461494337,-3817.1935032660613,123.46170720903616,0,0,0,0,0,0
182.37492704998442,1817.91162109375,-3817.20263671875,210.38824462890625,123.4602551675147,0.0,0.0,0.21739844232797623,8,2,2,32,13,33,18,7,3,13,2,3,22,1,0,1817.9115891906033,-3817.20266362044,123.4602551675147,0,0,0,0,0,0
182.5415936499844,1817.8797607421875,-3817.220947265625,210.38807678222656,123.45735205061203,0.0,0.0,0.21778717637062073,8,2,2,32,13,33,18,7,3,13,2,3,22,1,0,1817.8798041029709,-3817.2210397094846,123.45735205061203,0,0,0,0,0,0
182.7499268999844,1817.8402099609375,-3817.244140625,210.38784790039062,123.45367981680442,0.0,0.0,0.2165954327210784,8,2,2,32,13,33,18,7,3,13,2,3,22,1,0,1817.8401805759672,-3817.2440873389746,123.45367981680442,0,0,0,0,0,0
182.91659349998437,1817.8087158203125,-3817.2626953125,210.38766479492188,123.45070470347058,0.0,0.0,0.2163813915103674,8,2,2,32,13,33,18,7,3,13,2,3,22,1,0,1817.8087108326513,-3817.2626160384602,123.45070470347058,0,0,0,0,0,0
183.08326009998436,1817.77734375,-3817.28125,210.3875274658203,123.44772770773123,0.0,0.0,0.21683964878320694,8,2,2,32,13,33,18,7,3,13,2,3,22,1,0,1817.7773101201562,-3817.281308195024,123.44772770773123,0,0,0,0,0,0
183.16659339998435,1817.7615966796875,-3817.290771484375,210.38746643066406,123.44623872628385,0.0,0.0,0.21695878822356462,8,2,2,32,13,33,18,7,3,13,2,3,22,1,0,1817.761607590288,-3817.290706031337,123.44623872628385,0,0,0,0,0,0
183.20826004998435,1817.7537841796875,-3817.29541015625,210.38742065429688,123.44549708512804,0.0,0.0,0.21734724286943674,8,2,2,32,13,33,18,7,3,13,2,3,22,1,0,1817.7537534663518,-3817.2954144746263,123.44549708512804,0,0,0,0,0,0
183.37492664998433,1817.7222900390625,-3817.314208984375,210.38726806640625,123.44252197176772,0.0,0.0,0.21742712706327438,8,2,2,32,13,33,18,7,3,13,2,3,22,1,0,1817.7223262314146,-3817.31427010507,123.44252197176772,0,0,0,0,0,0
183.54159324998432,1817.6907958984375,-3817.333251953125,210.3871307373047,123.43956675303932,0.0,0.0,0.21832019556313753,8,2,2,32,13,33,18,7,3,13,2,3,22,1,0,1817.6907589821142,-3817.3331538036537,123.43956675303932,0,0,0,0,0,0
183.7082598499843,1817.6590576171875,-3817.35205078125,210.3870086669922,123.43661626602366,0.0,0.0,0.21909696515649557,8,2,2,32,13,33,18,7,3,13,2,3,22,1,0,1817.6590327492622,-3817.3519863516262,123.43661626602366,0,0,0,0,0,0
183.8749264499843,1817.6270751953125,-3817.370849609375,210.3868408203125,123.43370271853085,0.0,0.0,0.2204432850703597,8,2,2,32,13,33,18,7,3,13,2,3,22,1,0,1817.627019201688,-3817.3707624639796,123.43370271853085,0,0,0,0,0,0
184.04159304998427,1817.5947265625,-3817.389404296875,210.3866729736328,123.43079675264208,0.0,0.0,0.22151905577629805,8,2,2,32,13,33,18,7,3,13,2,3,22,1,0,1817.5947557603731,-3817.3894306216134,123.43079675264208,0,0,0,0,0,0
184.20825964998426,1817.562255859375,-3817.407958984375,210.38650512695312,123.42790310001367,0.0,0.0,0.222100131213665,8,2,2,32,13,33,18,7,3,13,2,3,22,1,0,1817.5622808530743,-3817.408031965421,123.42790310001367,0,0,0,0,0,0
184.33325959998425,1817.5377197265625,-3817.421875,210.38636779785156,123.42574162517656,0.0,0.0,0.22291182540357113,8,2,2,32,13,33,18,7,3,13,2,3,22,1,0,1817.537766127134,-3817.421877927587,123.42574162517656,0,0,0,0,0,0
184.49992619998423,1817.5047607421875,-3817.43994140625,210.3861541748047,123.42286501734266,0.0,0.0,0.22385024931281805,8,2,2,32,13,33,18,7,3,13,2,3,22,1,0,1817.50471760142,-3817.439938995158,123.42286501734266,0,0,0,0,0,0
184.7082594499842,1817.4632568359375,-3817.46240234375,210.38584899902344,123.41928558948409,0.0,0.0,0.22423902992159128,8,2,2,32,13,33,18,7,3,13,2,3,22,1,0,1817.4632030503674,-3817.462513112185,123.41928558948409,0,0,0,0,0,0
184.8749260499842,1817.430419921875,-3817.480712890625,210.3856201171875,123.41633510264786,0.0,0.0,0.22090920247137547,8,2,2,32,13,33,18,7,3,13,2,3,22,1,0,1817.4303647135368,-3817.4807429145267,123.41633510264786,0,0,0,0,0,0
185.04159264998418,1817.3980712890625,-3817.4990234375,210.38536071777344,123.41328137936003,0.0,0.0,0.2196731511503458,8,2,2,32,13,33,18,7,3,13,2,3,22,1,0,1817.3981052329877,-3817.4991025297486,123.41328137936003,0,0,0,0,0,0
185.20825924998417,1817.3658447265625,-3817.517822265625,210.3852081298828,123.41024943189561,0.0,0.0,0.2210339531302452,8,2,2,32,13,33,18,7,3,13,2,3,22,1,0,1817.365901758662,-3817.517744725324,123.41024943189561,0,0,0,0,0,0
185.37492584998415,1817.3336181640625,-3817.53662109375,210.3850555419922,123.4072099024935,0.0,0.0,0.2213772851973772,8,2,2,32,13,33,18,7,3,13,2,3,22,1,0,1817.3336571356283,-3817.536522568083,123.4072099024935,0,0,0,0,0,0
185.58325909998413,1817.293212890625,-3817.559814453125,210.3848114013672,123.40341356900794,0.0,0.0,0.2220178721472621,8,2,2,32,13,33,18,7,3,13,2,3,22,1,0,1817.2931811198357,-3817.5599009811913,123.40341356900794,0,0,0,0,0,0
185.70825904998412,1817.2686767578125,-3817.57373046875,210.38465881347656,123.40113842575646,0.0,0.0,0.222706887871027,8,2,2,32,13,33,18,7,3,13,2,3,22,1,0,1817.268710454163,-3817.5737879343965,123.40113842575646,0,0,0,0,0,0
185.9165922999841,1817.2275390625,-3817.5966796875,210.38438415527344,123.39735155432953,0.0,0.0,0.22374412510544062,8,2,2,32,13,33,18,7,3,13,2,3,22,1,0,1817.2275490153897,-3817.5966448809504,123.39735155432953,0,0,0,0,0,0
186.12492554998408,1817.1859130859375,-3817.619140625,210.38404846191406,123.39356753400217,0.0,0.0,0.22486508823931217,8,2,2,32,13,33,18,7,3,13,2,3,22,1,0,1817.1859406939568,-3817.619164163932,123.39356753400217,0,0,0,0,0,0
186.33325879998407,1817.1439208984375,-3817.641357421875,210.3837127685547,123.38978351375911,0.0,0.0,0.22593869362026453,8,2,2,32,13,33,18,7,3,13,2,3,22,1,0,1817.1439483286013,-3817.641464698713,123.38978351375911,0,0,0,0,0,0
186.49992539998405,1817.1103515625,-3817.65966796875,210.38343811035156,123.38676861077836,0.0,0.0,0.22610535379499197,8,2,2,32,13,33,18,7,3,13,2,3,22,1,0,1817.1103961625797,-3817.6595928570405,123.38676861077836,0,0,0,0,0,0
186.54159204998405,1817.10205078125,-3817.664306640625,210.38336181640625,123.38601465830754,0.0,0.0,0.2262108027935028,8,2,2,32,13,33,18,7,3,13,2,3,22,1,0,1817.1020460990944,-3817.6642068842866,123.38601465830754,0,0,0,0,0,0
186.70825864998403,1817.0687255859375,-3817.682861328125,210.38316345214844,123.38299405224856,0.0,0.0,0.2265601884573698,8,2,2,32,13,33,18,7,3,13,2,3,22,1,0,1817.0687790120817,-3817.682973855114,123.38299405224856,0,0,0,0,0,0
186.916591899984,1817.0274658203125,-3817.70703125,210.3829345703125,123.3792128840511,0.0,0.0,0.2269180491566658,8,2,2,32,13,33,18,7,3,13,2,3,22,1,0,1817.0274405258144,-3817.7069965069068,123.3792128840511,0,0,0,0,0,0
187.124925149984,1816.9862060546875,-3817.7314453125,210.38272094726562,123.37543359503272,0.0,0.0,0.22754790261387825,8,2,2,32,13,33,18,7,3,13,2,3,22,1,0,1816.9861602427197,-3817.731325715128,123.37543359503272,0,0,0,0,0,0
187.33325839998398,1816.9447021484375,-3817.755615234375,210.38250732421875,123.37165618466186,0.0,0.0,0.22844031918793917,8,2,2,32,13,33,18,7,3,13,2,3,22,1,0,1816.9446707225434,-3817.7556222038147,123.37165618466186,0,0,0,0,0,0
187.41659169998397,1816.927978515625,-3817.765380859375,210.38241577148438,123.37014257685472,0.0,0.0,0.22881233599036932,8,2,2,32,13,33,18,7,3,13,2,3,22,1,0,1816.9279683660036,-3817.765265317444,123.37014257685472,0,0,0,0,0,0
187.58325829998395,1816.894287109375,-3817.784423828125,210.38221740722656,123.36712955279641,0.0,0.0,0.22968084085732698,8,2,2,32,13,33,18,7,3,13,2,3,22,1,0,1816.8943366425258,-3817.784361635,123.36712955279641,0,0,0,0,0,0
187.79159154998393,1816.851806640625,-3817.807861328125,210.38192749023438,123.3633701597511,0.0,0.0,0.23101097904145718,8,2,2,32,13,33,18,7,3,13,2,3,22,1,0,1816.8518067381062,-3817.8078808743835,123.3633701597511,0,0,0,0,0,0
187.95825814998392,1816.8175048828125,-3817.826416015625,210.3816680908203,123.36032492672084,0.0,0.0,0.22932118736207485,8,2,2,32,13,33,18,7,3,13,2,3,22,1,0,1816.8175633218166,-3817.8263812257987,123.36032492672084,0,0,0,0,0,0
188.1249247499839,1816.7835693359375,-3817.8447265625,210.38133239746094,123.35719162405864,0.0,0.0,0.22832639515399933,8,2,2,32,13,33,18,7,3,13,2,3,22,1,0,1816.7835106909174,-3817.8446213645466,123.35719162405864,0,0,0,0,0,0
188.2082580499839,1816.7664794921875,-3817.853759765625,210.38119506835938,123.35562591168042,0.0,0.0,0.2288402058184147,8,2,2,32,13,33,18,7,3,13,2,3,22,1,0,1816.7664807762942,-3817.8537482816205,123.35562591168042,0,0,0,0,0,0
188.33325799998389,1816.740966796875,-3817.867431640625,210.38099670410156,123.35326172606285,0.0,0.0,0.2294116886332631,8,2,2,32,13,33,18,7,3,13,2,3,22,1,0,1816.7409390606294,-3817.8674828104618,123.35326172606285,0,0,0,0,0,0
188.49992459998387,1816.7066650390625,-3817.885986328125,210.38075256347656,123.35016724057722,0.0,0.0,0.23112394846975803,8,2,2,32,13,33,18,7,3,13,2,3,22,1,0,1816.7066400253152,-3817.8860537790406,123.35016724057722,0,0,0,0,0,0
188.66659119998386,1816.6724853515625,-3817.90478515625,210.38046264648438,123.34700645949029,0.0,0.0,0.23055800702422857,8,2,2,32,13,33,18,7,3,13,2,3,22,1,0,1816.6725184690204,-3817.9047040145656,123.34700645949029,0,0,0,0,0,0
188.83325779998384,1816.638427734375,-3817.923583984375,210.3802032470703,123.34386272165868,0.0,0.0,0.23133766371756792,8,2,2,32,13,33,18,7,3,13,2,3,22,1,0,1816.6384159896247,-3817.923563321334,123.34386272165868,0,0,0,0,0,0
189.04159104998382,1816.595703125,-3817.947265625,210.37994384765625,123.33993755417467,0.0,0.0,0.23233480751514435,8,2,2,32,13,33,18,7,3,13,2,3,22,1,0,1816.5957115644699,-3817.94737444067,123.33993755417467,0,0,0,0,0,0
189.2082576499838,1816.5615234375,-3817.966552734375,210.37969970703125,123.33679381643297,0.0,0.0,0.23275837302207947,8,2,2,32,13,33,18,7,3,13,2,3,22,1,0,1816.5614638167058,-3817.9664808498983,123.33679381643297,0,0,0,0,0,0
189.3749242499838,1816.527099609375,-3817.985595703125,210.3794403076172,123.33365195538104,0.0,0.0,0.23365032393485308,8,2,2,32,13,33,18,7,3,13,2,3,22,1,0,1816.5270624414404,-3817.985557306286,123.33365195538104,0,0,0,0,0,0
189.54159084998378,1816.492431640625,-3818.004638671875,210.3791961669922,123.33051107096144,0.0,0.0,0.23450683802366257,8,2,2,32,13,33,18,7,3,13,2,3,22,1,0,1816.4924365172756,-3818.004552756468,123.33051107096144,0,0,0,0,0,0
189.74992409998376,1816.4488525390625,-3818.028076171875,210.37884521484375,123.32659251006513,0.0,0.0,0.23573976941406727,8,2,2,32,13,33,18,7,3,13,2,3,22,1,0,1816.4488484631256,-3818.028175143168,123.32659251006513,0,0,0,0,0,0
189.87492404998375,1816.4224853515625,-3818.042236328125,210.37864685058594,123.3242453684116,0.0,0.0,0.23642901796847582,8,2,2,32,13,33,18,7,3,13,2,3,22,1,0,1816.4225142925645,-3818.0422767726122,123.3242453684116,0,0,0,0,0,0
190.08325729998373,1816.3782958984375,-3818.065673828125,210.37828063964844,123.32034197409065,0.0,0.0,0.237803696654737,8,2,2,32,13,33,18,7,3,13,2,3,22,1,0,1816.3783127785116,-3818.0657103919457,123.32034197409065,0,0,0,0,0,0
190.2499238999837,1816.3427734375,-3818.08447265625,210.37799072265625,123.31722000901651,0.0,0.0,0.23882463574409485,8,2,2,32,13,33,18,7,3,13,2,3,22,1,0,1816.3427282975415,-3818.0844569220626,123.31722000901651,0,0,0,0,0,0
190.4165904999837,1816.306884765625,-3818.103271484375,210.377685546875,123.31412552385885,0.0,0.0,0.24139115121215582,8,2,2,32,13,33,18,7,3,13,2,3,22,1,0,1816.3068968964049,-3818.103307667555,123.31412552385885,0,0,0,0,0,0
190.58325709998368,1816.270751953125,-3818.122314453125,210.37741088867188,123.31107270746001,0.0,0.0,0.24313221219927073,8,2,2,32,13,33,18,7,3,13,2,3,22,1,0,1816.270704213904,-3818.1222667737493,123.31107270746001,0,0,0,0,0,0
190.70825704998367,1816.243408203125,-3818.136474609375,210.377197265625,123.3087766939987,0.0,0.0,0.24306834675371647,8,2,2,32,13,33,18,7,3,13,2,3,22,1,0,1816.2434039623931,-3818.136478923096,123.3087766939987,0,0,0,0,0,0
190.87492364998366,1816.2071533203125,-3818.1552734375,210.37684631347656,123.30564241585941,0.0,0.0,0.2407284453511238,8,2,2,32,13,33,18,7,3,13,2,3,22,1,0,1816.207127584767,-3818.1552838604075,123.30564241585941,0,0,0,0,0,0
191.04159024998364,1816.1710205078125,-3818.174072265625,210.3765106201172,123.30245888566162,0.0,0.0,0.24207516107708216,8,2,2,32,13,33,18,7,3,13,2,3,22,1,0,1816.170978021034,-3818.1740958087844,123.30245888566162,0,0,0,0,0,0
191.16659019998363,1816.1441650390625,-3818.188232421875,210.3762664794922,123.29997344752547,0.0,0.0,0.23822388611733913,8,2,2,32,13,33,18,7,3,13,2,3,22,1,0,1816.1441747751383,-3818.1881434170805,123.29997344752547,0,0,0,0,0,0
191.33325679998362,1816.108642578125,-3818.20703125,210.37591552734375,123.29664403621099,0.0,0.0,0.23921336978673935,8,2,2,32,13,33,18,7,3,13,2,3,22,1,0,1816.1086386927543,-3818.2070861445695,123.29664403621099,0,0,0,0,0,0
191.4999233999836,1816.072998046875,-3818.226318359375,210.37567138671875,123.29335441839993,0.0,0.0,0.24117548018693924,8,2,2,32,13,33,18,7,3,13,2,3,22,1,0,1816.0729443132532,-3818.2263107166414,123.29335441839993,0,0,0,0,0,0
191.5415900499836,1816.06396484375,-3818.231201171875,210.37559509277344,123.29253319626395,0.0,0.0,0.24138065055012703,8,2,2,32,13,33,18,7,3,13,2,3,22,1,0,1816.0640002951752,-3818.2311480739436,123.29253319626395,0,0,0,0,0,0
191.70825664998358,1816.0281982421875,-3818.25048828125,210.3752899169922,123.28924545301395,0.0,0.0,0.24184784851968288,8,2,2,32,13,33,18,7,3,13,2,3,22,1,0,1816.028159750726,-3818.2505352952967,123.28924545301395,0,0,0,0,0,0
191.83325659998357,1816.001220703125,-3818.26513671875,210.3750762939453,123.28678464134276,0.0,0.0,0.24257013574242592,8,2,2,32,13,33,18,7,3,13,2,3,22,1,0,1816.0011745093648,-3818.265064303537,123.28678464134276,0,0,0,0,0,0
191.95825654998356,1815.97412109375,-3818.279541015625,210.37484741210938,123.28432570404188,0.0,0.0,0.24335093330591917,8,2,2,32,13,33,18,7,3,13,2,3,22,1,0,1815.9740603680625,-3818.2795529389523,123.28432570404188,0,0,0,0,0,0
192.12492314998354,1815.937744140625,-3818.298828125,210.37452697753906,123.28104081556066,0.0,0.0,0.2445864723995328,8,2,2,32,13,33,18,7,3,13,2,3,22,1,0,1815.9377061090713,-3818.2987597417373,123.28104081556066,0,0,0,0,0,0
192.29158974998353,1815.9010009765625,-3818.31787109375,210.37420654296875,123.27778528207293,0.0,0.0,0.2458946080878377,8,2,2,32,13,33,18,7,3,13,2,3,22,1,0,1815.9010017598512,-3818.3178722350676,123.27778528207293,0,0,0,0,0,0
192.37492304998352,1815.882568359375,-3818.327392578125,210.37405395507812,123.2761504219385,0.0,0.0,0.2464810386300087,8,2,2,32,13,33,18,7,3,13,2,3,22,1,0,1815.8825433561162,-3818.327373541769,123.2761504219385,0,0,0,0,0,0
192.5415896499835,1815.845458984375,-3818.34619140625,210.3737030029297,123.27288730438744,0.0,0.0,0.24752309545874596,8,2,2,32,13,33,18,7,3,13,2,3,22,1,0,1815.845416901634,-3818.3462799754375,123.27288730438744,0,0,0,0,0,0
192.6665895999835,1815.8175048828125,-3818.3603515625,210.3734130859375,123.27042363819866,0.0,0.0,0.2480694791302085,8,2,2,32,13,33,18,7,3,13,2,3,22,1,0,1815.8174586459988,-3818.360367820402,123.27042363819866,0,0,0,0,0,0
192.83325619998348,1815.780029296875,-3818.379150390625,210.373046875,123.2671235816795,0.0,0.0,0.2477728296071291,8,2,2,32,13,33,18,7,3,13,2,3,22,1,0,1815.7800406613987,-3818.379087187102,123.2671235816795,0,0,0,0,0,0
192.99992279998347,1815.742919921875,-3818.397705078125,210.37261962890625,123.26371556403726,0.0,0.0,0.24602191988378763,8,2,2,32,13,33,18,7,3,13,2,3,22,1,0,1815.7429008214997,-3818.3976820611088,123.26371556403726,0,0,0,0,0,0
193.12492274998345,1815.715087890625,-3818.41162109375,210.372314453125,123.26116285185509,0.0,0.0,0.24753960315138102,8,2,2,32,13,33,18,7,3,13,2,3,22,1,0,1815.7150542576283,-3818.4117156546627,123.26116285185509,0,0,0,0,0,0
193.20825604998345,1815.6964111328125,-3818.421142578125,210.37216186523438,123.2594777577464,0.0,0.0,0.24780682288110256,8,2,2,32,13,33,18,7,3,13,2,3,22,1,0,1815.6964078186377,-3818.4211711734597,123.2594777577464,0,0,0,0,0,0
193.37492264998343,1815.6590576171875,-3818.440185546875,210.37184143066406,123.25609151058875,0.0,0.0,0.24905356112867594,8,2,2,32,13,33,18,7,3,13,2,3,22,1,0,1815.6590927494196,-3818.440210237899,123.25609151058875,0,0,0,0,0,0
193.49992259998342,1815.631103515625,-3818.45458984375,210.37156677246094,123.2535511113283,0.0,0.0,0.2492204774171114,8,2,2,32,13,33,18,7,3,13,2,3,22,1,0,1815.6310481929572,-3818.4545869259628,123.2535511113283,0,0,0,0,0,0
193.6249225499834,1815.6029052734375,-3818.468994140625,210.3712921142578,123.2510258810066,0.0,0.0,0.25063883513212204,8,2,2,32,13,33,18,7,3,13,2,3,22,1,0,1815.6029020556066,-3818.469046985667,123.2510258810066,0,0,0,0,0,0
193.7915891499834,1815.565185546875,-3818.488525390625,210.37098693847656,123.24767086089767,0.0,0.0,0.2519879024475813,8,2,2,32,13,33,18,7,3,13,2,3,22,1,0,1815.5652078713724,-3818.488437245502,123.24767086089767,0,0,0,0,0,0
193.95825574998338,1815.52734375,-3818.5078125,210.37063598632812,123.2443092399319,0.0,0.0,0.2526854397729039,8,2,2,32,13,33,18,7,3,13,2,3,22,1,0,1815.5273428172502,-3818.5078628722217,123.2443092399319,0,0,0,0,0,0
194.04158904998337,1815.50830078125,-3818.517578125,210.37045288085938,123.24263931432094,0.0,0.0,0.2543685492128134,8,2,2,32,13,33,18,7,3,13,2,3,22,1,0,1815.5083026896123,-3818.5175761447517,123.24263931432094,0,0,0,0,0,0
194.20825564998336,1815.4696044921875,-3818.537109375,210.3701171875,123.23941786397181,0.0,0.0,0.2602169057354331,8,2,2,32,13,33,18,7,3,13,2,3,22,1,0,1815.4695502770328,-3818.537116986736,123.23941786397181,0,0,0,0,0,0
194.33325559998335,1815.4405517578125,-3818.551513671875,210.36985778808594,123.23687746497602,0.0,0.0,0.25421660393476486,8,2,2,32,13,33,18,7,3,13,2,3,22,1,0,1815.4405522588665,-3818.55140182222,123.23687746497602,0,0,0,0,0,0
194.45825554998333,1815.411865234375,-3818.5654296875,210.36947631835938,123.23425274739769,0.0,0.0,0.25150582659989595,8,2,2,32,13,33,18,7,3,13,2,3,22,1,0,1815.4118122838447,-3818.565449980434,123.23425274739769,0,0,0,0,0,0
194.58325549998332,1815.3831787109375,-3818.579345703125,210.3690948486328,123.23159394761515,0.0,0.0,0.25031135883182287,8,2,2,32,13,33,18,7,3,13,2,3,22,1,0,1815.3832244610185,-3818.5793896729683,123.23159394761515,0,0,0,0,0,0
194.7082554499833,1815.3546142578125,-3818.593505859375,210.36878967285156,123.22892470648276,0.0,0.0,0.2531689126044512,8,2,2,32,13,33,18,7,3,13,2,3,22,1,0,1815.354630767259,-3818.5933919471536,123.22892470648276,0,0,0,0,0,0
194.8332553999833,1815.3258056640625,-3818.607666015625,210.3685302734375,123.22630757359458,0.0,0.0,0.25520671624690294,8,2,2,32,13,33,18,7,3,13,2,3,22,1,0,1815.3257529098414,-3818.6075664115306,123.22630757359458,0,0,0,0,0,0
194.8749220499833,1815.3160400390625,-3818.6123046875,210.36843872070312,123.22543710050448,0.0,0.0,0.255688838660717,8,2,2,32,13,33,18,7,3,13,2,3,22,1,0,1815.3160899447716,-3818.6123104384096,123.22543710050448,0,0,0,0,0,0
195.04158864998328,1815.27734375,-3818.63134765625,210.36801147460938,123.22195895071675,0.0,0.0,0.2565061207860708,8,2,2,32,13,33,18,7,3,13,2,3,22,1,0,1815.2773185091303,-3818.631315976222,123.22195895071675,0,0,0,0,0,0
195.16658859998327,1815.248046875,-3818.6455078125,210.36769104003906,123.21935413084526,0.0,0.0,0.2573164412751794,8,2,2,32,13,33,18,7,3,13,2,3,22,1,0,1815.2480881624303,-3818.6455228289324,123.21935413084526,0,0,0,0,0,0
195.33325519998326,1815.2088623046875,-3818.664306640625,210.36727905273438,123.21589302186352,0.0,0.0,0.2590654417872429,8,2,2,32,13,33,18,7,3,13,2,3,22,1,0,1815.2088373029123,-3818.6644017071394,123.21589302186352,0,0,0,0,0,0
195.49992179998324,1815.1693115234375,-3818.683349609375,210.36685180664062,123.21244235506654,0.0,0.0,0.2605466637760401,8,2,2,32,13,33,18,7,3,13,2,3,22,1,0,1815.1692698374593,-3818.683233434865,123.21244235506654,0,0,0,0,0,0
195.62492174998323,1815.139404296875,-3818.697265625,210.36651611328125,123.20985457605377,0.0,0.0,0.2613305579870939,8,2,2,32,13,33,18,7,3,13,2,3,22,1,0,1815.1394254715385,-3818.697318945595,123.20985457605377,0,0,0,0,0,0
195.70825504998322,1815.1195068359375,-3818.706787109375,210.3662872314453,123.20812781412309,0.0,0.0,0.26209158822894096,8,2,2,32,13,33,18,7,3,13,2,3,22,1,0,1815.1194524023,-3818.7067012464377,123.20812781412309,0,0,0,0,0,0
195.8749216499832,1815.079345703125,-3818.725341796875,210.3658447265625,123.20467901801265,0.0,0.0,0.262326980009675,8,2,2,32,13,33,18,7,3,13,2,3,22,1,0,1815.0793066752897,-3818.725456100354,123.20467901801265,0,0,0,0,0,0
195.9999215999832,1815.04931640625,-3818.739501953125,210.36549377441406,123.2020173618869,0.0,0.0,0.26098168455064297,8,2,2,32,13,33,18,7,3,13,2,3,22,1,0,1815.0493296920938,-3818.7394055542213,123.2020173618869,0,0,0,0,0,0
196.16658819998318,1815.0093994140625,-3818.758056640625,210.364990234375,123.19844730725441,0.0,0.0,0.2612720709294081,8,2,2,32,13,33,18,7,3,13,2,3,22,1,0,1815.0094470917988,-3818.7580563538368,123.19844730725441,0,0,0,0,0,0
196.37492144998316,1814.9593505859375,-3818.78173828125,210.3644256591797,123.19399446739314,0.0,0.0,0.2633393742144108,8,2,2,32,13,33,18,7,3,13,2,3,22,1,0,1814.9594014434786,-3818.781617922383,123.19399446739314,0,0,0,0,0,0
196.49992139998315,1814.92919921875,-3818.7958984375,210.36410522460938,123.19132808400177,0.0,0.0,0.26414808817207813,8,2,2,32,13,33,18,7,3,13,2,3,22,1,0,1814.929240639772,-3818.795868407605,123.19132808400177,0,0,0,0,0,0
196.54158804998315,1814.919189453125,-3818.800537109375,210.36398315429688,123.19043958327495,0.0,0.0,0.2644112566486001,8,2,2,32,13,33,18,7,3,13,2,3,22,1,0,1814.9191642566045,-3818.80063263794,123.19043958327495,0,0,0,0,0,0
196.74992129998313,1814.8685302734375,-3818.824462890625,210.36341857910156,123.18601609664822,0.0,0.0,0.26614279486238956,8,2,2,32,13,33,18,7,3,13,2,3,22,1,0,1814.8685861666352,-3818.8245095499874,123.18601609664822,0,0,0,0,0,0
196.87492124998312,1814.8380126953125,-3818.8388671875,210.3630828857422,123.1833638956039,0.0,0.0,0.2672179602086544,8,2,2,32,13,33,18,7,3,13,2,3,22,1,0,1814.838046570977,-3818.8388385946964,123.1833638956039,0,0,0,0,0,0
197.0832544999831,1814.7872314453125,-3818.862548828125,210.3624725341797,123.17884476483445,0.0,0.0,0.265217456035316,8,2,2,32,13,33,18,7,3,13,2,3,22,1,0,1814.7872151731121,-3818.862494657478,123.17884476483445,0,0,0,0,0,0
197.24992109998308,1814.74658203125,-3818.88134765625,210.36196899414062,123.1751903891245,0.0,0.0,0.2660970902070403,8,2,2,32,13,33,18,7,3,13,2,3,22,1,0,1814.746580303822,-3818.8813389550455,123.1751903891245,0,0,0,0,0,0
197.37492104998307,1814.7159423828125,-3818.8955078125,210.3616180419922,123.17246145280156,0.0,0.0,0.26776681188493967,8,2,2,32,13,33,18,7,3,13,2,3,22,1,0,1814.7159289884528,-3818.8955031829705,123.17246145280156,0,0,0,0,0,0
197.54158764998306,1814.6748046875,-3818.914306640625,210.3611602783203,123.16883741953153,0.0,0.0,0.2692758571356535,8,2,2,32,13,33,18,7,3,13,2,3,22,1,0,1814.6747803141445,-3818.914416453982,123.16883741953153,0,0,0,0,0,0
197.66658759998305,1814.6436767578125,-3818.928466796875,210.36077880859375,123.16612838169686,0.0,0.0,0.2704039914533496,8,2,2,32,13,33,18,7,3,13,2,3,22,1,0,1814.643733623124,-3818.9285808390223,123.16612838169686,0,0,0,0,0,0
197.83325419998303,1814.60205078125,-3818.947509765625,210.36029052734375,123.16252611544682,0.0,0.0,0.2720514312386513,8,2,2,32,13,33,18,7,3,13,2,3,22,1,0,1814.6020559306119,-3818.9474121685953,123.16252611544682,0,0,0,0,0,0
197.99992079998302,1814.5601806640625,-3818.966064453125,210.3597869873047,123.15888976985808,0.0,0.0,0.27094739489257336,8,2,2,32,13,33,18,7,3,13,2,3,22,1,0,1814.5601954243787,-3818.9660716937974,123.15888976985808,0,0,0,0,0,0
198.124920749983,1814.52880859375,-3818.97998046875,210.35935974121094,123.15611630931743,0.0,0.0,0.27089212089776993,8,2,2,32,13,33,18,7,3,13,2,3,22,1,0,1814.5288539924707,-3818.9799403955767,123.15611630931743,0,0,0,0,0,0
198.208254049983,1814.5079345703125,-3818.9892578125,210.3590850830078,123.15426828862692,0.0,0.0,0.27134574484080076,8,2,2,32,13,33,18,7,3,13,2,3,22,1,0,1814.5079216704569,-3818.9891762004904,123.15426828862692,0,0,0,0,0,0
198.37492064998298,1814.4659423828125,-3819.007568359375,210.35855102539062,123.1505693880531,0.0,0.0,0.27304922696202993,8,2,2,32,13,33,18,7,3,13,2,3,22,1,0,1814.4659080721326,-3819.007666818505,123.1505693880531,0,0,0,0,0,0
198.49992059998297,1814.4342041015625,-3819.021484375,210.358154296875,123.14780351339537,0.0,0.0,0.2741209929808974,8,2,2,32,13,33,18,7,3,13,2,3,22,1,0,1814.434228792549,-3819.021575881893,123.14780351339537,0,0,0,0,0,0
198.66658719998296,1814.3917236328125,-3819.0400390625,210.3576202392578,123.14412737095377,0.0,0.0,0.2755670342594385,8,2,2,32,13,33,18,7,3,13,2,3,22,1,0,1814.3917761648306,-3819.0401554059413,123.14412737095377,0,0,0,0,0,0
198.83325379998294,1814.3489990234375,-3819.058837890625,210.35707092285156,123.14046540849485,0.0,0.0,0.27708157431334257,8,2,2,32,13,33,18,7,3,13,2,3,22,1,0,1814.3490474041005,-3819.0587393793685,123.14046540849485,0,0,0,0,0,0
198.95825374998293,1814.3167724609375,-3819.07275390625,210.35667419433594,123.13772888603673,0.0,0.0,0.27824309654533863,8,2,2,32,13,33,18,7,3,13,2,3,22,1,0,1814.3168131244086,-3819.0726666023074,123.13772888603673,0,0,0,0,0,0
199.04158704998292,1814.295166015625,-3819.08203125,210.3563995361328,123.13591307718407,0.0,0.0,0.2795733045786619,8,2,2,32,13,33,18,7,3,13,2,3,22,1,0,1814.2952021515516,-3819.0819520541245,123.13591307718407,0,0,0,0,0,0
199.2082536499829,1814.2520751953125,-3819.100341796875,210.35581970214844,123.13219427751487,0.0,0.0,0.27787042781710625,8,2,2,32,13,33,18,7,3,13,2,3,22,1,0,1814.2521027462749,-3819.1003083446462,123.13219427751487,0,0,0,0,0,0
199.3332535999829,1814.2197265625,-3819.114013671875,210.35537719726562,123.12940564431342,0.0,0.0,0.2784903394058347,8,2,2,32,13,33,18,7,3,13,2,3,22,1,0,1814.2197123085402,-3819.114052316901,123.12940564431342,0,0,0,0,0,0
199.49992019998288,1814.17626953125,-3819.13232421875,210.35479736328125,123.12569729088135,0.0,0.0,0.28022206388413906,8,2,2,32,13,33,18,7,3,13,2,3,22,1,0,1814.1763254729583,-3819.1324079847527,123.12569729088135,0,0,0,0,0,0
199.62492014998287,1814.1436767578125,-3819.146240234375,210.35438537597656,123.1229209703199,0.0,0.0,0.28119205962866545,8,2,2,32,13,33,18,7,3,13,2,3,22,1,0,1814.143619912214,-3819.146206004493,123.1229209703199,0,0,0,0,0,0
199.74992009998286,1814.1107177734375,-3819.159912109375,210.3539581298828,123.12014750990072,0.0,0.0,0.2825560048222542,8,2,2,32,13,33,18,7,3,13,2,3,22,1,0,1814.1107743566624,-3819.1600062706607,123.12014750990072,0,0,0,0,0,0
199.87492004998285,1814.0772705078125,-3819.174072265625,210.35357666015625,123.11724992827645,0.0,0.0,0.2976490883156657,8,2,2,32,13,33,18,7,3,13,2,3,22,1,0,1814.0772698881754,-3819.174030817851,123.11724992827645,0,0,0,0,0,0
200.08325329998283,1814.015869140625,-3819.201904296875,210.3523712158203,123.1109158673479,0.0,0.0,0.3357029054313898,8,2,2,32,13,33,18,7,3,13,2,3,22,1,0,1814.0159217511768,-3819.201891512754,123.1109158673479,0,0,0,0,0,0
200.2499198999828,1813.9649658203125,-3819.226318359375,210.35165405273438,123.10543237594727,0.0,0.0,0.3339225659146905,8,2,2,32,13,33,18,7,3,13,2,3,22,1,0,1813.9649682580825,-3819.226246300376,123.10543237594727,0,0,0,0,0,0
200.4165864999828,1813.9146728515625,-3819.25048828125,210.35108947753906,123.09984752250327,0.0,0.0,0.3298053750768304,8,2,2,32,13,33,18,7,3,13,2,3,22,1,0,1813.9146363581574,-3819.250444142354,123.09984752250327,0,0,0,0,0,0
200.5415864499828,1813.8768310546875,-3819.2685546875,210.3505401611328,123.0957015104161,0.0,0.0,0.33270472194999456,8,2,2,32,13,33,18,7,3,13,2,3,22,1,0,1813.8768251790402,-3819.268537036379,123.0957015104161,0,0,0,0,0,0
200.66658639998278,1813.838623046875,-3819.28662109375,210.34994506835938,123.09158484937082,0.0,0.0,0.33557822462171316,8,2,2,32,13,33,18,7,3,13,2,3,22,1,0,1813.8386377666625,-3819.2865685439792,123.09158484937082,0,0,0,0,0,0
200.70825304998277,1813.8258056640625,-3819.29248046875,210.3497772216797,123.09021515797397,0.0,0.0,0.3362142015248537,8,2,2,32,13,33,18,7,3,13,2,3,22,1,0,1813.8258178869855,-3819.2925385881103,123.09021515797397,0,0,0,0,0,0
200.87491964998276,1813.775146484375,-3819.3173828125,210.34913635253906,123.08488700518865,0.0,0.0,0.33262830693274736,8,2,2,32,13,33,18,7,3,13,2,3,22,1,0,1813.7751353881583,-3819.3173907544333,123.08488700518865,0,0,0,0,0,0
200.95825294998275,1813.750732421875,-3819.331298828125,210.34886169433594,123.08227074857385,0.0,0.0,0.331271393224597,8,2,2,32,13,33,18,7,3,13,2,3,22,1,0,1813.7507822331522,-3819.3311773447413,123.08227074857385,0,0,0,0,0,0
201.12491954998274,1813.70361328125,-3819.361083984375,210.348388671875,123.0770136099852,0.0,0.0,0.3312027780339122,8,2,2,32,13,33,18,7,3,13,2,3,22,1,0,1813.7035611938352,-3819.361022296252,123.0770136099852,0,0,0,0,0,0
201.24991949998272,1813.6690673828125,-3819.385009765625,210.34808349609375,123.0730551488567,0.0,0.0,0.3317107679322362,8,2,2,32,13,33,18,7,3,13,2,3,22,1,0,1813.6690902698263,-3819.384953373857,123.0730551488567,0,0,0,0,0,0
201.3749194499827,1813.6351318359375,-3819.40966796875,210.3478240966797,123.06910327677797,0.0,0.0,0.3239544341340661,8,2,2,32,13,33,18,7,3,13,2,3,22,1,0,1813.6351794566253,-3819.4096650363713,123.06910327677797,0,0,0,0,0,0
201.4999193999827,1813.6033935546875,-3819.432861328125,210.34786987304688,123.06574154319338,0.0,0.0,0.30067062471061945,8,2,2,32,13,33,18,7,3,13,2,3,22,1,0,1813.603362494132,-3819.432916160077,123.06574154319338,0,0,0,0,0,0
201.5415860499827,1813.59326171875,-3819.43994140625,210.34793090820312,123.06474222775155,0.0,0.0,0.2953799208626151,8,2,2,32,13,33,18,7,3,13,2,3,22,1,0,1813.5933027387725,-3819.4400598788216,123.06474222775155,0,0,0,0,0,0
201.70825264998268,1813.5535888671875,-3819.46630859375,210.34800720214844,123.06103001831015,0.0,0.0,0.27689712587744,8,2,2,32,13,33,18,7,3,13,2,3,22,1,0,1813.553640674486,-3819.466367920728,123.06103001831015,0,0,0,0,0,0
201.91658589998266,1813.5015869140625,-3819.49560546875,210.34750366210938,123.05648328189163,0.0,0.0,0.29225468169897795,8,2,2,32,13,33,18,7,3,13,2,3,22,1,0,1813.5015477725074,-3819.49559187082,123.05648328189163,0,0,0,0,0,0
202.04158584998265,1813.4678955078125,-3819.513916015625,210.34706115722656,123.05323049850462,0.0,0.0,0.30673209112137556,8,2,2,32,13,33,18,7,3,13,2,3,22,1,0,1813.4679511590277,-3819.5139058812556,123.05323049850462,0,0,0,0,0,0
202.16658579998264,1813.432373046875,-3819.531982421875,210.3466033935547,123.04980906490533,0.0,0.0,0.32432698644697666,8,2,2,32,13,33,18,7,3,13,2,3,22,1,0,1813.4323621758463,-3819.531929201399,123.04980906490533,0,0,0,0,0,0
202.29158574998263,1813.39306640625,-3819.548095703125,210.34591674804688,123.04604760545901,0.0,0.0,0.34536058083176613,8,2,2,32,13,33,18,7,3,13,2,3,22,1,0,1813.3930240102136,-3819.548199306646,123.04604760545901,0,0,0,0,0,0
202.37491904998262,1813.365478515625,-3819.558349609375,210.345458984375,123.04342848626783,0.0,0.0,0.35313041880726814,8,2,2,32,13,33,18,7,3,13,2,3,22,1,0,1813.3654291949067,-3819.5583265198115,123.04342848626783,0,0,0,0,0,0
202.5832522999826,1813.2940673828125,-3819.58154296875,210.34449768066406,123.03686508220702,0.0,0.0,0.3590814769268036,8,2,2,32,13,33,18,7,3,13,2,3,22,1,0,1813.29408169837,-3819.5814246270224,123.03686508220702,0,0,0,0,0,0
202.7499188999826,1813.2354736328125,-3819.597412109375,210.343505859375,123.03158045676976,0.0,0.0,0.3637650515884161,8,2,2,32,13,33,18,7,3,13,2,3,22,1,0,1813.23547049402,-3819.5974018757115,123.03158045676976,0,0,0,0,0,0
202.87491884998258,1813.1905517578125,-3819.6083984375,210.34268188476562,123.02767210801463,0.0,0.0,0.3696127561852336,8,2,2,32,13,33,18,7,3,13,2,3,22,1,0,1813.1905202756186,-3819.6083811065528,123.02767210801463,0,0,0,0,0,0
202.99991879998257,1813.1446533203125,-3819.61865234375,210.34190368652344,123.02382159880041,0.0,0.0,0.37545959930866957,8,2,2,32,13,33,18,7,3,13,2,3,22,1,0,1813.1446423398177,-3819.618546330721,123.02382159880041,0,0,0,0,0,0
203.12491874998256,1813.0977783203125,-3819.6279296875,210.3411407470703,123.0200544135809,0.0,0.0,0.3824205603450537,8,2,2,32,13,33,18,7,3,13,2,3,22,1,0,1813.0977821247438,-3819.628012313893,123.0200544135809,0,0,0,0,0,0
203.20825204998255,1813.066162109375,-3819.6337890625,210.3406219482422,123.01754610635892,0.0,0.0,0.3840060904622078,8,2,2,32,13,33,18,7,3,13,2,3,22,1,0,1813.0661486703225,-3819.6338369097043,123.01754610635892,0,0,0,0,0,0
203.41658529998253,1812.98583984375,-3819.64697265625,210.3391876220703,123.01130096607658,0.0,0.0,0.3905125427991152,8,2,2,32,13,33,18,7,3,13,2,3,22,1,0,1812.9858571098098,-3819.6468719719055,123.01130096607658,0,0,0,0,0,0
203.5832518999825,1812.9202880859375,-3819.656005859375,210.33799743652344,123.00639043908339,0.0,0.0,0.39693694561719894,8,2,2,32,13,33,18,7,3,13,2,3,22,1,0,1812.9202732482977,-3819.6559424699926,123.00639043908339,0,0,0,0,0,0
203.7082518499825,1812.8702392578125,-3819.662109375,210.3371124267578,123.0027738668849,0.0,0.0,0.4018031992018223,8,2,2,32,13,33,18,7,3,13,2,3,22,1,0,1812.8702502402411,-3819.6621014311113,123.0027738668849,0,0,0,0,0,0
203.8332517999825,1812.819580078125,-3819.66796875,210.33616638183594,122.99921413267921,0.0,0.0,0.40651424787938595,8,2,2,32,13,33,18,7,3,13,2,3,22,1,0,1812.8196283222753,-3819.66784853889,122.99921413267921,0,0,0,0,0,0
203.95825174998248,1812.7686767578125,-3819.67333984375,210.3351593017578,122.995693195588,0.0,0.0,0.4077714402228594,8,2,2,32,13,33,18,7,3,13,2,3,22,1,0,1812.7686885271103,-3819.673350307194,122.995693195588,0,0,0,0,0,0
204.04158504998247,1812.734619140625,-3819.677001953125,210.33447265625,122.99338002678444,0.0,0.0,0.40892520919442177,8,2,2,32,13,33,18,7,3,13,2,3,22,1,0,1812.7346376604264,-3819.677089261754,122.99338002678444,0,0,0,0,0,0
204.20825164998246,1812.6663818359375,-3819.68505859375,210.33316040039062,122.98884932385195,0.0,0.0,0.40938076563179493,8,2,2,32,13,33,18,7,3,13,2,3,22,1,0,1812.6664183244422,-3819.6850107569594,122.98884932385195,0,0,0,0,0,0
204.37491824998244,1812.598388671875,-3819.69384765625,210.3319091796875,122.9844304374183,0.0,0.0,0.40600053034722805,8,2,2,32,13,33,18,7,3,13,2,3,22,1,0,1812.5984112565693,-3819.693945311848,122.9844304374183,0,0,0,0,0,0
204.49991819998243,1812.548583984375,-3819.70263671875,210.3310546875,122.98123062688025,0.0,0.0,0.39884112775325775,8,2,2,32,13,33,18,7,3,13,2,3,22,1,0,1812.5485620528373,-3819.7025837887763,122.98123062688025,0,0,0,0,0,0
204.66658479998242,1812.4833984375,-3819.716552734375,210.330078125,122.97699356121826,0.0,0.0,0.3950090613216162,8,2,2,32,13,33,18,7,3,13,2,3,22,1,0,1812.4833886673734,-3819.7165527318284,122.97699356121826,0,0,0,0,0,0
204.8749180499824,1812.40283203125,-3819.736328125,210.3289794921875,122.97171265789271,0.0,0.0,0.3950436133891344,8,2,2,32,13,33,18,7,3,13,2,3,22,1,0,1812.4028234931423,-3819.7362508069,122.97171265789271,0,0,0,0,0,0
205.08325129998238,1812.3216552734375,-3819.75634765625,210.3279266357422,122.96648572770832,0.0,0.0,0.40040514431893826,8,2,2,32,13,33,18,7,3,13,2,3,22,1,0,1812.32170957701,-3819.756314457628,122.96648572770832,0,0,0,0,0,0
205.20825124998237,1812.2720947265625,-3819.767578125,210.32728576660156,122.9633891392347,0.0,0.0,0.40604392997920513,8,2,2,32,13,33,18,7,3,13,2,3,22,1,0,1812.2720375944205,-3819.767602336828,122.9633891392347,0,0,0,0,0,0
205.37491784998235,1812.2044677734375,-3819.780517578125,210.32632446289062,122.95917383244357,0.0,0.0,0.41488492861390114,8,2,2,32,13,33,18,7,3,13,2,3,22,1,0,1812.2044520933646,-3819.780604099565,122.95917383244357,0,0,0,0,0,0
205.49991779998234,1812.1519775390625,-3819.788818359375,210.32553100585938,122.95611518823486,0.0,0.0,0.4285397008061409,8,2,2,32,13,33,18,7,3,13,2,3,22,1,0,1812.1520364783646,-3819.788696915056,122.95611518823486,0,0,0,0,0,0
205.62491774998233,1812.0977783203125,-3819.795166015625,210.32473754882812,122.95315690025333,0.0,0.0,0.4376931581646204,8,2,2,32,13,33,18,7,3,13,2,3,22,1,0,1812.0978255070504,-3819.7951729735855,122.95315690025333,0,0,0,0,0,0
205.70825104998232,1812.060546875,-3819.79833984375,210.32418823242188,122.95117144070342,0.0,0.0,0.45196223072707653,8,2,2,32,13,33,18,7,3,13,2,3,22,1,0,1812.0606004792137,-3819.7982678204135,122.95117144070342,0,0,0,0,0,0
205.9165842999823,1811.962158203125,-3819.80078125,210.32266235351562,122.94652706162158,0.0,0.0,0.48378463834524155,8,2,2,32,13,33,18,7,3,13,2,3,22,1,0,1811.9621197855718,-3819.800823371171,122.94652706162158,0,0,0,0,0,0
206.12491754998229,1811.8570556640625,-3819.796142578125,210.3209686279297,122.94213651690623,0.0,0.0,0.5159379448741674,8,2,2,32,13,33,18,7,3,13,2,3,22,1,0,1811.857112009546,-3819.7961456282874,122.94213651690623,0,0,0,0,0,0
206.33325079998227,1811.7452392578125,-3819.7841796875,210.31927490234375,122.9380301628523,0.0,0.0,0.5534824915230274,8,2,2,32,13,33,18,7,3,13,2,3,22,1,0,1811.7452761781774,-3819.7842385168565,122.9380301628523,0,0,0,0,0,0
206.54158404998225,1811.6258544921875,-3819.763671875,210.31748962402344,122.93414070602682,0.0,0.0,0.597778894007206,8,2,2,32,13,33,18,7,3,13,2,3,22,1,0,1811.6257998749368,-3819.7637825143497,122.93414070602682,0,0,0,0,0,0
206.74991729998223,1811.497314453125,-3819.732666015625,210.3154754638672,122.93043879874259,0.0,0.0,0.6577875465154648,8,2,2,32,13,33,18,7,3,13,2,3,22,1,0,1811.497293515954,-3819.7326084407423,122.93043879874259,0,0,0,0,0,0
206.91658389998221,1811.3822021484375,-3819.69921875,210.3142547607422,122.9287194847117,0.0,0.0,0.7593950256705284,8,2,2,32,13,33,18,7,3,13,2,3,22,1,0,1811.382191737388,-3819.699163124929,122.9287194847117,0,0,0,0,0,0
207.1249171499822,1811.217529296875,-3819.638916015625,210.3150177001953,122.92699359132362,0.0,0.0,0.9041320532560349,8,2,2,32,13,33,18,7,3,13,2,3,22,1,0,1811.2174792863898,-3819.638799590782,122.92699359132362,0,0,0,0,0,0
207.29158374998218,1811.0672607421875,-3819.563232421875,210.3134765625,122.9251511550573,0.0,0.0,1.0834969580173492,8,2,2,32,13,33,18,7,3,13,2,3,22,1,0,1811.0672632140695,-3819.563270559263,122.9251511550573,0,0,0,0,0,0
207.37491704998217,1810.983642578125,-3819.513671875,210.31211853027344,122.92418777230273,0.0,0.0,1.2010634876787663,8,2,2,32,13,33,18,7,3,13,2,3,22,1,0,1810.9837016498427,-3819.5136107445014,122.92418777230273,0,0,0,0,0,0
207.54158364998216,1810.7947998046875,-3819.38525390625,210.30941772460938,122.92216723186827,0.0,0.0,1.493032742291689,8,2,2,32,13,33,18,7,3,13,2,3,22,1,0,1810.7947571137768,-3819.38531366373,122.92216723186827,0,0,0,0,0,0
207.66658359998215,1810.6300048828125,-3819.2587890625,210.3071746826172,122.92060139699032,0.0,0.0,1.7664747312664986,8,2,2,32,13,33,18,7,3,13,2,3,22,1,0,1810.630045953684,-3819.258786017872,122.92060139699032,0,0,0,0,0,0
207.79158354998214,1810.4415283203125,-3819.1005859375,210.30413818359375,122.91900048145698,0.0,0.0,2.0942552015185356,8,2,2,32,13,33,18,7,3,13,2,3,22,1,0,1810.4415598697428,-3819.100598817922,122.91900048145698,0,0,0,0,0,0
207.91658349998212,1810.22509765625,-3818.905029296875,210.30007934570312,122.9173673518861,0.0,0.0,2.481487952172756,8,2,2,32,13,33,18,7,3,13,2,3,22,1,0,1810.2251404014926,-3818.9051001591347,122.9173673518861,0,0,0,0,0,0
208.0832500999821,1809.8924560546875,-3818.581298828125,210.2928466796875,122.91514408224522,0.0,0.0,2.97413133084774,8,2,2,32,13,33,18,7,3,13,2,3,22,1,0,1809.8924379258146,-3818.5812071470173,122.91514408224522,0,0,0,0,0,0
208.2082500499821,1809.612548828125,-3818.29443359375,210.28598022460938,122.91369563484382,0.0,0.0,3.3314865082502365,8,2,2,32,13,33,18,7,3,13,2,3,22,1,0,1809.6125977230884,-3818.29431903035,122.91369563484382,0,0,0,0,0,0
208.3332499999821,1809.3004150390625,-3817.96630859375,210.27847290039062,122.91260997406981,0.0,0.0,3.788183256983757,8,2,2,32,13,33,18,7,3,13,2,3,22,1,0,1809.3004065798152,-3817.966317979247,122.91260997406981,0,0,0,0,0,0
208.49991659998207,1808.819091796875,-3817.446044921875,210.2672882080078,122.91112830067114,0.0,0.0,4.584185034036636,8,2,2,32,13,33,18,7,3,13,2,3,22,1,0,1808.8190338639195,-3817.445966215469,122.91112830067114,0,0,0,0,0,0
208.62491654998206,1808.3983154296875,-3816.975830078125,210.25628662109375,122.90968069613156,0.0,0.0,5.330163985490799,8,2,2,32,13,33,18,7,3,13,2,3,22,1,0,1808.398325073567,-3816.9758914096014,122.90968069613156,0,0,0,0,0,0
208.83324979998204,1807.5582275390625,-3816.0,210.23056030273438,122.90636585955168,0.0,0.0,6.8149857223033905,8,2,2,32,13,33,18,7,3,13,2,3,22,1,0,1807.5582692750586,-3815.999936700373,122.90636585955168,0,0,0,0,0,0
208.99991639998203,1806.754638671875,-3815.041259765625,210.2054901123047,122.90350184753127,0.0,0.0,7.929114252328873,8,2,2,32,13,33,18,7,3,13,2,3,22,1,0,1806.7546197335407,-3815.0413281324477,122.90350184753127,0,0,0,0,0,0
209.04158304998202,1806.537109375,-3814.778076171875,210.19859313964844,122.90281590762658,0.0,0.0,8.194136619567871,8,2,2,32,13,33,18,7,3,13,2,3,22,1,0,1806.5370936600675,-3814.7781511528337,122.90281590762658,0,0,0,0,0,0
209.208249649982,1805.63720703125,-3813.65283203125,210.1807098388672,122.89994784214946,0.0,0.0,8.597047626972198,8,2,2,32,13,33,18,7,3,13,2,3,22,1,0,1805.6371580814098,-3813.6528062632096,122.89994784214946,0,0,0,0,0,0
209.333249599982,1804.98828125,-3812.794189453125,210.18589782714844,122.8977846030699,0.0,0.0,8.272018283605576,8,2,2,32,13,33,18,7,3,13,2,3,22,1,0,1804.988241334463,-3812.7942678090117,122.8977846030699,0,0,0,0,0,0
209.45824954998199,1804.3873291015625,-3811.980712890625,210.1864776611328,122.89548592672061,0.0,0.0,7.6697565615177155,8,2,2,32,13,33,18,7,3,13,2,3,22,1,0,1804.387268087843,-3811.9807739897915,122.89548592672061,0,0,0,0,0,0
209.62491614998197,1803.67041015625,-3810.9912109375,210.1680908203125,122.89083021402618,0.0,0.0,6.805368512868881,8,2,2,32,13,33,18,7,3,13,2,3,22,1,0,1803.6703898368166,-3810.9911287377786,122.89083021402618,0,0,0,0,0,0
209.79158274998196,1803.0457763671875,-3810.118896484375,210.14857482910156,122.88453578748593,0.0,0.0,5.933545157313347,8,2,2,32,13,33,18,7,3,13,2,3,22,1,0,1803.0457419582647,-3810.1190069677104,122.88453578748593,0,0,0,0,0,0
209.87491604998195,1802.764404296875,-3809.728515625,210.141845703125,122.880949040439,0.0,0.0,5.498696118593216,8,2,2,32,13,33,18,7,3,13,2,3,22,1,0,1802.7644375635641,-3809.728551858548,122.880949040439,0,0,0,0,0,0
210.04158264998193,1802.2628173828125,-3809.03759765625,210.12823486328125,122.8731589151917,0.0,0.0,4.656600207090378,8,2,2,32,13,33,18,7,3,13,2,3,22,1,0,1802.2628670239421,-3809.0375505879747,122.8731589151917,0,0,0,0,0,0
210.20824924998192,1801.84130859375,-3808.462646484375,210.11155700683594,122.86494359031249,0.0,0.0,3.8401033729314804,8,2,2,32,13,33,18,7,3,13,2,3,22,1,0,1801.8412681486584,-3808.4625508464887,122.86494359031249,0,0,0,0,0,0
210.4165824999819,1801.4200439453125,-3807.9033203125,210.0973663330078,122.85451052302164,0.0,0.0,2.8360357508063316,8,2,2,32,13,33,18,7,3,13,2,3,22,1,0,1801.4200702487628,-3807.9032832033063,122.85451052302164,0,0,0,0,0,0
210.62491574998188,1801.1163330078125,-3807.521484375,210.09080505371094,122.84349219930638,0.0,0.0,1.8351070582866669,8,2,2,32,13,33,18,7,3,13,2,3,22,1,0,1801.1163801567016,-3807.521601683115,122.84349219930638,0,0,0,0,0,0
210.70824904998187,1801.0284423828125,-3807.41748046875,210.0876922607422,122.83883140527645,0.0,0.0,1.4426722191274166,8,2,2,32,13,33,18,7,3,13,2,3,22,1,0,1801.028456368132,-3807.4175902090274,122.83883140527645,0,0,0,0,0,0
210.87491564998186,1800.908203125,-3807.290283203125,210.08204650878906,122.82913286135415,0.0,0.0,0.6932624615728855,8,2,2,32,13,33,18,7,3,13,2,3,22,1,0,1800.9081643186398,-3807.29026320247,122.82913286135415,0,0,0,0,0,0
211.04158224998184,1800.8585205078125,-3807.2646484375,210.0787353515625,122.81876557678684,0.0,0.0,0.15327681321650743,8,2,2,32,13,33,18,7,3,13,2,3,22,1,0,1800.8585733557047,-3807.264595927942,122.81876557678684,0,0,0,0,0,0
211.16658219998183,1800.8638916015625,-3807.30615234375,210.07720947265625,122.81064065601673,0.0,0.0,0.5204402841627598,8,2,2,32,13,33,18,7,3,13,2,3,22,1,0,1800.8638932930974,-3807.3062657029723,122.81064065601673,0,0,0,0,0,0
211.29158214998182,1800.902587890625,-3807.394287109375,210.075927734375,122.80197956112171,0.0,0.0,0.9353024885058403,8,2,2,32,13,33,18,7,3,13,2,3,22,1,0,1800.902633499251,-3807.3942385792598,122.80197956112171,0,0,0,0,0,0
211.4165820999818,1800.970458984375,-3807.523193359375,210.07513427734375,122.79300492809048,0.0,0.0,1.2991243042051792,8,2,2,32,13,33,18,7,3,13,2,3,22,1,0,1800.970445629967,-3807.523096694369,122.79300492809048,0,0,0,0,0,0
211.5415820499818,1801.0634765625,-3807.686767578125,210.07508850097656,122.78358891886816,0.0,0.0,1.6079064458608627,8,2,2,32,13,33,18,7,3,13,2,3,22,1,0,1801.063440133693,-3807.6866800724806,122.78358891886816,0,0,0,0,0,0
211.70824864998178,1801.2186279296875,-3807.9482421875,210.0763702392578,122.77055142286314,0.0,0.0,1.9273651763796806,8,2,2,32,13,33,18,7,3,13,2,3,22,1,0,1801.2185781371677,-3807.9482800909773,122.77055142286314,0,0,0,0,0,0
211.83324859998177,1801.353271484375,-3808.169189453125,210.0785369873047,122.7602723751866,0.0,0.0,2.1082529798150063,8,2,2,32,13,33,18,7,3,13,2,3,22,1,0,1801.3533288437384,-3808.169300688645,122.7602723751866,0,0,0,0,0,0
211.99991519998176,1801.551025390625,-3808.489013671875,210.08444213867188,122.74580817511153,0.0,0.0,2.2938285022974014,8,2,2,32,13,33,18,7,3,13,2,3,22,1,0,1801.5510669298176,-3808.4890432948378,122.74580817511153,0,0,0,0,0,0
212.12491514998175,1801.7095947265625,-3808.743408203125,210.08924865722656,122.73452778871747,0.0,0.0,2.39280853420496,8,2,2,32,13,33,18,7,3,13,2,3,22,1,0,1801.7095716175465,-3808.743428471989,122.73452778871747,0,0,0,0,0,0
212.29158174998173,1801.929443359375,-3809.093994140625,210.09434509277344,122.71910103736684,0.0,0.0,2.4556513875722885,8,2,2,32,13,33,18,7,3,13,2,3,22,1,0,1801.9294416029666,-3809.094067114434,122.71910103736684,0,0,0,0,0,0
212.41658169998172,1802.0966796875,-3809.36083984375,210.097900390625,122.70725884124572,0.0,0.0,2.4748796597123146,8,2,2,32,13,33,18,7,3,13,2,3,22,1,0,1802.0966265657585,-3809.36096015601,122.70725884124572,0,0,0,0,0,0
212.5832482999817,1802.3179931640625,-3809.714599609375,210.1029052734375,122.69139052694723,0.0,0.0,2.4174390360713005,8,2,2,32,13,33,18,7,3,13,2,3,22,1,0,1802.3179517136953,-3809.714572235627,122.69139052694723,0,0,0,0,0,0
212.7499148999817,1802.531005859375,-3810.057861328125,210.10726928710938,122.67536298864691,0.0,0.0,2.326391823589802,8,2,2,32,13,33,18,7,3,13,2,3,22,1,0,1802.5310213788498,-3810.0577462846118,122.67536298864691,0,0,0,0,0,0
212.87491484998168,1802.6832275390625,-3810.305908203125,210.10997009277344,122.66327805824243,0.0,0.0,2.226729691028595,8,2,2,32,13,33,18,7,3,13,2,3,22,1,0,1802.6832823195584,-3810.3058690149915,122.66327805824243,0,0,0,0,0,0
212.99991479998167,1802.8260498046875,-3810.541259765625,210.1123504638672,122.65144039332611,0.0,0.0,2.0823869854211807,8,2,2,32,13,33,18,7,3,13,2,3,22,1,0,1802.826082646683,-3810.5411825708,122.65144039332611,0,0,0,0,0,0
213.16658139998165,1802.9976806640625,-3810.82958984375,210.11502075195312,122.6359658605112,0.0,0.0,1.8589336425065994,8,2,2,32,13,33,18,7,3,13,2,3,22,1,0,1802.9976271589774,-3810.8295485179815,122.6359658605112,0,0,0,0,0,0
213.29158134998164,1803.1107177734375,-3811.025146484375,210.1165771484375,122.62449651283002,0.0,0.0,1.6799215227365494,8,2,2,32,13,33,18,7,3,13,2,3,22,1,0,1803.1106710111878,-3811.025245002967,122.62449651283002,0,0,0,0,0,0
213.41658129998163,1803.2093505859375,-3811.202392578125,210.1177215576172,122.61320527909477,0.0,0.0,1.4943315647542477,8,2,2,32,13,33,18,7,3,13,2,3,22,1,0,1803.2093865382712,-3811.2023094560795,122.61320527909477,0,0,0,0,0,0
213.58324789998161,1803.3184814453125,-3811.408447265625,210.11871337890625,122.59843434545311,0.0,0.0,1.2447611428797245,8,2,2,32,13,33,18,7,3,13,2,3,22,1,0,1803.3184706228667,-3811.4085311068948,122.59843434545311,0,0,0,0,0,0
213.7499144999816,1803.4022216796875,-3811.58056640625,210.11915588378906,122.58398638324199,0.0,0.0,1.0023967362940311,8,2,2,32,13,33,18,7,3,13,2,3,22,1,0,1803.4022511284413,-3811.5806377669805,122.58398638324199,0,0,0,0,0,0
213.8749144499816,1803.44921875,-3811.6884765625,210.1191864013672,122.57343854512632,0.0,0.0,0.8319824002683163,8,2,2,32,13,33,18,7,3,13,2,3,22,1,0,1803.449276424562,-3811.6884244191133,122.57343854512632,0,0,0,0,0,0
214.04158104998157,1803.491455078125,-3811.803955078125,210.11880493164062,122.5595843971259,0.0,0.0,0.6147456355392933,8,2,2,32,13,33,18,7,3,13,2,3,22,1,0,1803.4914868680398,-3811.804004323747,122.5595843971259,0,0,0,0,0,0
214.20824764998156,1803.51220703125,-3811.889404296875,210.11801147460938,122.54595184899365,0.0,0.0,0.4121785517781973,8,2,2,32,13,33,18,7,3,13,2,3,22,1,0,1803.5122607194996,-3811.889519780512,122.54595184899365,0,0,0,0,0,0
214.33324759998155,1803.5142822265625,-3811.934814453125,210.1171417236328,122.53596560286991,0.0,0.0,0.2894836012274027,8,2,2,32,13,33,18,7,3,13,2,3,22,1,0,1803.5142420240045,-3811.9349295019306,122.53596560286991,0,0,0,0,0,0
214.45824754998154,1803.5057373046875,-3811.9658203125,210.11610412597656,122.52614411361957,0.0,0.0,0.21142445039004087,8,2,2,32,13,33,18,7,3,13,2,3,22,1,0,1803.5057678308594,-3811.9658986839668,122.52614411361957,0,0,0,0,0,0
214.58324749998152,1803.48779296875,-3811.9833984375,210.11489868164062,122.51638993734825,0.0,0.0,0.19550155848264694,8,2,2,32,13,33,18,7,3,13,2,3,22,1,0,1803.4878213774273,-3811.983419878437,122.51638993734825,0,0,0,0,0,0
214.7082474499815,1803.4613037109375,-3811.988525390625,210.11349487304688,122.50674839396244,0.0,0.0,0.23908724542707205,8,2,2,32,13,33,18,7,3,13,2,3,22,1,0,1803.4613446358383,-3811.9885014990223,122.50674839396244,0,0,0,0,0,0
214.8749140499815,1803.4154052734375,-3811.979248046875,210.11134338378906,122.49398991625611,0.0,0.0,0.324591132812202,8,2,2,32,13,33,18,7,3,13,2,3,22,1,0,1803.4154578242753,-3811.9792431466058,122.49398991625611,0,0,0,0,0,0
215.08324729998148,1803.3426513671875,-3811.94384765625,210.10829162597656,122.47799401873873,0.0,0.0,0.45011183246970177,8,2,2,32,13,33,18,7,3,13,2,3,22,1,0,1803.3426867935057,-3811.943879946274,122.47799401873873,0,0,0,0,0,0
215.20824724998147,1803.2923583984375,-3811.91162109375,210.10621643066406,122.46833335431344,0.0,0.0,0.5087641067802906,8,2,2,32,13,33,18,7,3,13,2,3,22,1,0,1803.2923162749437,-3811.9115301825277,122.46833335431344,0,0,0,0,0,0
215.33324719998146,1803.2381591796875,-3811.873046875,210.10398864746094,122.45870962065807,0.0,0.0,0.5549445748329163,8,2,2,32,13,33,18,7,3,13,2,3,22,1,0,1803.2381536394817,-3811.8729935550214,122.45870962065807,0,0,0,0,0,0
215.49991379998144,1803.1617431640625,-3811.815185546875,210.10098266601562,122.44598964082053,0.0,0.0,0.5921077914535999,8,2,2,32,13,33,18,7,3,13,2,3,22,1,0,1803.1617777250522,-3811.8151081971946,122.44598964082053,0,0,0,0,0,0
215.62491374998143,1803.1031494140625,-3811.768798828125,210.0986328125,122.43642169327681,0.0,0.0,0.6037391256541014,8,2,2,32,13,33,18,7,3,13,2,3,22,1,0,1803.1030944174233,-3811.7688654548137,122.43642169327681,0,0,0,0,0,0
215.70824704998142,1803.06396484375,-3811.737548828125,210.09701538085938,122.43004271065655,0.0,0.0,0.6037381011992693,8,2,2,32,13,33,18,7,3,13,2,3,22,1,0,1803.0639100362223,-3811.7375079450776,122.43004271065655,0,0,0,0,0,0
215.8332469999814,1803.005859375,-3811.690673828125,210.09454345703125,122.42041032699287,0.0,0.0,0.5931512452661991,8,2,2,32,13,33,18,7,3,13,2,3,22,1,0,1803.005852731554,-3811.6906527365254,122.42041032699287,0,0,0,0,0,0
215.9582469499814,1802.949462890625,-3811.645263671875,210.092041015625,122.4106925487536,0.0,0.0,0.5709927994757891,8,2,2,32,13,33,18,7,3,13,2,3,22,1,0,1802.9494725616214,-3811.645167543658,122.4106925487536,0,0,0,0,0,0
216.0832468999814,1802.8953857421875,-3811.602294921875,210.08956909179688,122.40093312474957,0.0,0.0,0.5391481332480907,8,2,2,32,13,33,18,7,3,13,2,3,22,1,0,1802.8954284029894,-3811.6023333164853,122.40093312474957,0,0,0,0,0,0
216.24991349998137,1802.827880859375,-3811.55126953125,210.0863800048828,122.38791347837524,0.0,0.0,0.4841310437768698,8,2,2,32,13,33,18,7,3,13,2,3,22,1,0,1802.827878150141,-3811.551332613947,122.38791347837524,0,0,0,0,0,0
216.37491344998136,1802.781494140625,-3811.5185546875,210.0840301513672,122.37805163263016,0.0,0.0,0.4343343898653984,8,2,2,32,13,33,18,7,3,13,2,3,22,1,0,1802.781534446489,-3811.5186692738516,122.37805163263016,0,0,0,0,0,0
216.54158004998135,1802.7265625,-3811.483642578125,210.08096313476562,122.36474385423182,0.0,0.0,0.3605399979278445,8,2,2,32,13,33,18,7,3,13,2,3,22,1,0,1802.7265314485046,-3811.4837641561594,122.36474385423182,0,0,0,0,0,0
216.70824664998133,1802.679931640625,-3811.4599609375,210.0780487060547,122.35126267624476,0.0,0.0,0.2839023247361183,8,2,2,32,13,33,18,7,3,13,2,3,22,1,0,1802.6798841533503,-3811.459855709918,122.35126267624476,0,0,0,0,0,0
216.87491324998132,1802.641845703125,-3811.44775390625,210.07533264160156,122.33761281187675,0.0,0.0,0.21138153970241547,8,2,2,32,13,33,18,7,3,13,2,3,22,1,0,1802.6418568353217,-3811.4477392194076,122.33761281187675,0,0,0,0,0,0
216.9999131999813,1802.6190185546875,-3811.446533203125,210.0734100341797,122.32727895231736,0.0,0.0,0.1670417725108564,8,2,2,32,13,33,18,7,3,13,2,3,22,1,0,1802.6190038160603,-3811.4465814001787,122.32727895231736,0,0,0,0,0,0
217.1249131499813,1802.600830078125,-3811.4521484375,210.07159423828125,122.31686546126161,0.0,0.0,0.14124871231615543,8,2,2,32,13,33,18,7,3,13,2,3,22,1,0,1802.6008882955366,-3811.4521790240815,122.31686546126161,0,0,0,0,0,0
217.29157974998128,1802.583740234375,-3811.4697265625,210.06936645507812,122.30286774018703,0.0,0.0,0.148278521373868,8,2,2,32,13,33,18,7,3,13,2,3,22,1,0,1802.5837284177787,-3811.4698244361525,122.30286774018703,0,0,0,0,0,0
217.41657969998127,1802.57568359375,-3811.490234375,210.06781005859375,122.29230729525429,0.0,0.0,0.17747017554938793,8,2,2,32,13,33,18,7,3,13,2,3,22,1,0,1802.575694083027,-3811.4903126253976,122.29230729525429,0,0,0,0,0,0
217.62491294998125,1802.5704345703125,-3811.536865234375,210.06546020507812,122.27460665854967,0.0,0.0,0.23895243648439646,8,2,2,32,13,33,18,7,3,13,2,3,22,1,0,1802.5703751952638,-3811.536962035634,122.27460665854967,0,0,0,0,0,0
217.74991289998124,1802.5714111328125,-3811.571533203125,210.0641632080078,122.2639220540771,0.0,0.0,0.27432688511908054,8,2,2,32,13,33,18,7,3,13,2,3,22,1,0,1802.57137304441,-3811.571494846683,122.2639220540771,0,0,0,0,0,0
217.87491284998123,1802.5753173828125,-3811.610107421875,210.0629119873047,122.25309520439758,0.0,0.0,0.30472204089164734,8,2,2,32,13,33,18,7,3,13,2,3,22,1,0,1802.5752635515396,-3811.6100263088347,122.25309520439758,0,0,0,0,0,0
217.99991279998122,1802.5814208984375,-3811.652099609375,210.06167602539062,122.24219160975812,0.0,0.0,0.33020125702023506,8,2,2,32,13,33,18,7,3,13,2,3,22,1,0,1802.5814672754552,-3811.6519913695183,122.24219160975812,0,0,0,0,0,0
218.1249127499812,1802.5889892578125,-3811.696533203125,210.06051635742188,122.23130503580755,0.0,0.0,0.348811992444098,8,2,2,32,13,33,18,7,3,13,2,3,22,1,0,1802.5890122188177,-3811.6964549461363,122.23130503580755,0,0,0,0,0,0
218.2082460499812,1802.5946044921875,-3811.727294921875,210.05978393554688,122.22403019602358,0.0,0.0,0.3586593782529235,8,2,2,32,13,33,18,7,3,13,2,3,22,1,0,1802.5945630084234,-3811.727224446933,122.22403019602358,0,0,0,0,0,0
218.37491264998118,1802.6064453125,-3811.790283203125,210.05836486816406,122.20940377190506,0.0,0.0,0.36765080876648426,8,2,2,32,13,33,18,7,3,13,2,3,22,1,0,1802.6065022928208,-3811.79038498483,122.20940377190506,0,0,0,0,0,0
218.49991259998117,1802.6158447265625,-3811.838134765625,210.05718994140625,122.19831993489586,0.0,0.0,0.3681587055325508,8,2,2,32,13,33,18,7,3,13,2,3,22,1,0,1802.6158428278218,-3811.8381978825946,122.19831993489586,0,0,0,0,0,0
218.62491254998116,1802.625,-3811.8857421875,210.05601501464844,122.18717348208112,0.0,0.0,0.362403248436749,8,2,2,32,13,33,18,7,3,13,2,3,22,1,0,1802.6249600720278,-3811.8856597303106,122.18717348208112,0,0,0,0,0,0
218.74991249998115,1802.6331787109375,-3811.932373046875,210.0548553466797,122.17604693879379,0.0,0.0,0.35315232817083597,8,2,2,32,13,33,18,7,3,13,2,3,22,1,0,1802.6331205294387,-3811.9323526744174,122.17604693879379,0,0,0,0,0,0
218.87491244998114,1802.639892578125,-3811.977783203125,210.05372619628906,122.16495154223556,0.0,0.0,0.3400553949177265,8,2,2,32,13,33,18,7,3,13,2,3,22,1,0,1802.6398810008966,-3811.9777622458864,122.16495154223556,0,0,0,0,0,0
219.04157904998112,1802.646240234375,-3812.03564453125,210.05215454101562,122.15021476494641,0.0,0.0,0.3181417705491185,8,2,2,32,13,33,18,7,3,13,2,3,22,1,0,1802.6462577446136,-3812.0355707192734,122.15021476494641,0,0,0,0,0,0
219.2082456499811,1802.6490478515625,-3812.089599609375,210.05052185058594,122.13560867796937,0.0,0.0,0.2957554068416357,8,2,2,32,13,33,18,7,3,13,2,3,22,1,0,1802.649043391711,-3812.0897135006066,122.13560867796937,0,0,0,0,0,0
219.3332455999811,1802.6497802734375,-3812.126953125,210.0491943359375,122.12437755312592,0.0,0.0,0.2695865463465452,8,2,2,32,13,33,18,7,3,13,2,3,22,1,0,1802.6498053020937,-3812.1270185058343,122.12437755312592,0,0,0,0,0,0
219.4582455499811,1802.648681640625,-3812.16162109375,210.0477294921875,122.11317864672804,0.0,0.0,0.24856438394635916,8,2,2,32,13,33,18,7,3,13,2,3,22,1,0,1802.648640208029,-3812.1616721967202,122.11317864672804,0,0,0,0,0,0
219.54157884998108,1802.646728515625,-3812.183349609375,210.04676818847656,122.10574891726469,0.0,0.0,0.2356821671128273,8,2,2,32,13,33,18,7,3,13,2,3,22,1,0,1802.6466879482448,-3812.1832413948946,122.10574891726469,0,0,0,0,0,0
219.66657879998107,1802.641845703125,-3812.21337890625,210.04534912109375,122.09464088051249,0.0,0.0,0.21863896399736404,8,2,2,32,13,33,18,7,3,13,2,3,22,1,0,1802.6418480980258,-3812.213335082573,122.09464088051249,0,0,0,0,0,0
219.83324539998105,1802.632080078125,-3812.249267578125,210.04339599609375,122.07988459772807,0.0,0.0,0.1978003652766347,8,2,2,32,13,33,18,7,3,13,2,3,22,1,0,1802.63202603794,-3812.249191289374,122.07988459772807,0,0,0,0,0,0
219.91657869998105,1802.6258544921875,-3812.265380859375,210.0423583984375,122.07252871964539,0.0,0.0,0.18909333739429712,8,2,2,32,13,33,18,7,3,13,2,3,22,1,0,1802.6258043715932,-3812.2653272070097,122.07252871964539,0,0,0,0,0,0
220.08324529998103,1802.61083984375,-3812.294189453125,210.04022216796875,122.05787742481083,0.0,0.0,0.17694507259875536,8,2,2,32,13,33,18,7,3,13,2,3,22,1,0,1802.610893142523,-3812.294260983866,122.05787742481083,0,0,0,0,0,0
220.20824524998102,1802.5977783203125,-3812.3134765625,210.03860473632812,122.04693592156403,0.0,0.0,0.17211193917319179,8,2,2,32,13,33,18,7,3,13,2,3,22,1,0,1802.597778585858,-3812.313430638919,122.04693592156403,0,0,0,0,0,0
220.333245199981,1802.5833740234375,-3812.330810546875,210.03697204589844,122.03601505780335,0.0,0.0,0.16943844966590405,8,2,2,32,13,33,18,7,3,13,2,3,22,1,0,1802.583330704847,-3812.33081532106,122.03601505780335,0,0,0,0,0,0
220.458245149981,1802.5684814453125,-3812.346435546875,210.0352783203125,122.0249084865729,0.0,0.0,0.15919330762699246,8,2,2,32,13,33,18,7,3,13,2,3,22,1,0,1802.568490526554,-3812.3463912647117,122.0249084865729,0,0,0,0,0,0
220.62491174998098,1802.54833984375,-3812.365234375,210.0327911376953,122.00994985783821,0.0,0.0,0.1554190181195736,8,2,2,32,13,33,18,7,3,13,2,3,22,1,0,1802.5483415398735,-3812.365253250669,122.00994985783821,0,0,0,0,0,0
220.70824504998097,1802.5379638671875,-3812.374267578125,210.0315704345703,122.00248755753533,0.0,0.0,0.15676345210522413,8,2,2,32,13,33,18,7,3,13,2,3,22,1,0,1802.5379754028122,-3812.37421293771,122.00248755753533,0,0,0,0,0,0
220.91657829998096,1802.5115966796875,-3812.396484375,210.02862548828125,121.98382456561616,0.0,0.0,0.1582078170031309,8,2,2,32,13,33,18,7,3,13,2,3,22,1,0,1802.5116252322593,-3812.3963848920516,121.98382456561616,0,0,0,0,0,0
221.12491154998094,1802.4854736328125,-3812.418701171875,210.02561950683594,121.96521261389442,0.0,0.0,0.15662764199078083,8,2,2,32,13,33,18,7,3,13,2,3,22,1,0,1802.485463423479,-3812.41874733633,121.96521261389442,0,0,0,0,0,0
221.24991149998093,1802.469970703125,-3812.43212890625,210.0238037109375,121.95405535864326,0.0,0.0,0.1557772746309638,8,2,2,32,13,33,18,7,3,13,2,3,22,1,0,1802.4699530884561,-3812.432160740176,121.95405535864326,0,0,0,0,0,0
221.3749114499809,1802.4547119140625,-3812.446044921875,210.02200317382812,121.94287999971499,0.0,0.0,0.15612337738275528,8,2,2,32,13,33,18,7,3,13,2,3,22,1,0,1802.4547417093793,-3812.4459548909067,121.94287999971499,0,0,0,0,0,0
221.5415780499809,1802.4351806640625,-3812.465576171875,210.01962280273438,121.92798145286443,0.0,0.0,0.15820092521607876,8,2,2,32,13,33,18,7,3,13,2,3,22,1,0,1802.4351197548733,-3812.4654732260565,121.92798145286443,0,0,0,0,0,0
221.74991129998088,1802.4122314453125,-3812.492431640625,210.01669311523438,121.90934522638868,0.0,0.0,0.16331312945112586,8,2,2,32,13,33,18,7,3,13,2,3,22,1,0,1802.412190000021,-3812.4924897852998,121.90934522638868,0,0,0,0,0,0
221.95824454998086,1802.3914794921875,-3812.52294921875,210.01382446289062,121.89067749210272,0.0,0.0,0.16803009202703834,8,2,2,32,13,33,18,7,3,13,2,3,22,1,0,1802.3914562008504,-3812.5230361244676,121.89067749210272,0,0,0,0,0,0
222.16657779998084,1802.3736572265625,-3812.556884765625,210.0109100341797,121.87179363892297,0.0,0.0,0.17355375457555056,8,2,2,32,13,33,18,7,3,13,2,3,22,1,0,1802.3737054996705,-3812.5569838606652,121.87179363892297,0,0,0,0,0,0
222.37491104998082,1802.3585205078125,-3812.594482421875,210.00804138183594,121.85280623498807,0.0,0.0,0.18481705337762833,8,2,2,32,13,33,18,7,3,13,2,3,22,1,0,1802.3584810338195,-3812.5944152137818,121.85280623498807,0,0,0,0,0,0
222.5415776499808,1802.3475341796875,-3812.626953125,210.005859375,121.83763106277415,0.0,0.0,0.19421569304540753,8,2,2,32,13,33,18,7,3,13,2,3,22,1,0,1802.34747855136,-3812.626852806384,121.83763106277415,0,0,0,0,0,0
222.7499108999808,1802.3353271484375,-3812.669677734375,210.0030975341797,121.81851729162223,0.0,0.0,0.1997364917770028,8,2,2,32,13,33,18,7,3,13,2,3,22,1,0,1802.3353503894452,-3812.6696367942204,121.81851729162223,0,0,0,0,0,0
222.95824414998077,1802.3243408203125,-3812.714111328125,210.0003204345703,121.79932927737035,0.0,0.0,0.2049752976745367,8,2,2,32,13,33,18,7,3,13,2,3,22,1,0,1802.3243972898015,-3812.714158931241,121.79932927737035,0,0,0,0,0,0
223.08324409998076,1802.3182373046875,-3812.741455078125,209.99867248535156,121.78774080595277,0.0,0.0,0.20846531260758638,8,2,2,32,13,33,18,7,3,13,2,3,22,1,0,1802.318206924364,-3812.7415162977686,121.78774080595277,0,0,0,0,0,0
223.20824404998075,1802.31201171875,-3812.76904296875,209.9970245361328,121.7761617386316,0.0,0.0,0.20826058462262154,8,2,2,32,13,33,18,7,3,13,2,3,22,1,0,1802.3120240322082,-3812.7690794304585,121.7761617386316,0,0,0,0,0,0
223.37491064998073,1802.3033447265625,-3812.805419921875,209.9947967529297,121.76071680759745,0.0,0.0,0.20634564571082592,8,2,2,32,13,33,18,7,3,13,2,3,22,1,0,1802.3033528339915,-3812.805416312301,121.76071680759745,0,0,0,0,0,0
223.54157724998072,1802.2940673828125,-3812.84130859375,209.9925994873047,121.74526136813462,0.0,0.0,0.20314983557909727,8,2,2,32,13,33,18,7,3,13,2,3,22,1,0,1802.294049224518,-3812.841297446158,121.74526136813462,0,0,0,0,0,0
223.7082438499807,1802.2841796875,-3812.87646484375,209.99032592773438,121.72974978791257,0.0,0.0,0.20075603388249874,8,2,2,32,13,33,18,7,3,13,2,3,22,1,0,1802.2841808869575,-3812.8764085031535,121.72974978791257,0,0,0,0,0,0
223.91657709998069,1802.2705078125,-3812.919189453125,209.9875030517578,121.71042156634381,0.0,0.0,0.19698950927704573,8,2,2,32,13,33,18,7,3,13,2,3,22,1,0,1802.270505052223,-3812.9191861314425,121.71042156634381,0,0,0,0,0,0
224.04157704998067,1802.261962890625,-3812.944091796875,209.9857940673828,121.69873671517333,0.0,0.0,0.19235167419537902,8,2,2,32,13,33,18,7,3,13,2,3,22,1,0,1802.2619059422723,-3812.943980487988,121.69873671517333,0,0,0,0,0,0
224.20824364998066,1802.25,-3812.976318359375,209.98341369628906,121.68308062725366,0.0,0.0,0.18969920929521322,8,2,2,32,13,33,18,7,3,13,2,3,22,1,0,1802.2500560611618,-3812.9762765484165,121.68308062725366,0,0,0,0,0,0
224.33324359998065,1802.240966796875,-3813.00048828125,209.98162841796875,121.67131792299386,0.0,0.0,0.1899456256069243,8,2,2,32,13,33,18,7,3,13,2,3,22,1,0,1802.2410031578995,-3813.000377166837,121.67131792299386,0,0,0,0,0,0
224.49991019998063,1802.2286376953125,-3813.032470703125,209.97926330566406,121.65560098672584,0.0,0.0,0.19147874554619193,8,2,2,32,13,33,18,7,3,13,2,3,22,1,0,1802.2286326154785,-3813.0324153956044,121.65560098672584,0,0,0,0,0,0
224.66657679998062,1802.216064453125,-3813.064697265625,209.9769287109375,121.63989054255089,0.0,0.0,0.19311177311465144,8,2,2,32,13,33,18,7,3,13,2,3,22,1,0,1802.2160130695052,-3813.064732987252,121.63989054255089,0,0,0,0,0,0
224.8332433999806,1802.203125,-3813.09716796875,209.9745635986328,121.62419598690435,0.0,0.0,0.19403296755626798,8,2,2,32,13,33,18,7,3,13,2,3,22,1,0,1802.2031805885533,-3813.097192067928,121.62419598690435,0,0,0,0,0,0
224.9582433499806,1802.193603515625,-3813.12158203125,209.9727783203125,121.61237310896561,0.0,0.0,0.19283868605270982,8,2,2,32,13,33,18,7,3,13,2,3,22,1,0,1802.1935859123005,-3813.121475549916,121.61237310896561,0,0,0,0,0,0
225.16657659998057,1802.177734375,-3813.16162109375,209.96974182128906,121.59254578197067,0.0,0.0,0.19063148647546768,8,2,2,32,13,33,18,7,3,13,2,3,22,1,0,1802.1777368491396,-3813.1615797223985,121.59254578197067,0,0,0,0,0,0
225.33324319998056,1802.1646728515625,-3813.193359375,209.9673309326172,121.57669729913904,0.0,0.0,0.189773621968925,8,2,2,32,13,33,18,7,3,13,2,3,22,1,0,1802.1646790140626,-3813.193432726009,121.57669729913904,0,0,0,0,0,0
225.49990979998054,1802.15185546875,-3813.22509765625,209.96487426757812,121.56070830986418,0.0,0.0,0.18855627859011292,8,2,2,32,13,33,18,7,3,13,2,3,22,1,0,1802.1517982213165,-3813.2250253402212,121.56070830986418,0,0,0,0,0,0
225.70824304998052,1802.13525390625,-3813.26416015625,209.9617919921875,121.5407751480187,0.0,0.0,0.18920990405604243,8,2,2,32,13,33,18,7,3,13,2,3,22,1,0,1802.1352365680907,-3813.264279120959,121.5407751480187,0,0,0,0,0,0
225.8749096499805,1802.1214599609375,-3813.29541015625,209.95936584472656,121.52486356186411,0.0,0.0,0.18934168620035052,8,2,2,32,13,33,18,7,3,13,2,3,22,1,0,1802.1214483306444,-3813.2954603307007,121.52486356186411,0,0,0,0,0,0
226.0415762499805,1802.1075439453125,-3813.325927734375,209.95687866210938,121.50885598496063,0.0,0.0,0.18518578726798296,8,2,2,32,13,33,18,7,3,13,2,3,22,1,0,1802.1075850733268,-3813.326025694424,121.50885598496063,0,0,0,0,0,0
226.20824284998048,1802.0933837890625,-3813.35595703125,209.95433044433594,121.49285019273508,0.0,0.0,0.18365581054240465,8,2,2,32,13,33,18,7,3,13,2,3,22,1,0,1802.0933881517242,-3813.3560627538336,121.49285019273508,0,0,0,0,0,0
226.33324279998047,1802.08251953125,-3813.378662109375,209.9524688720703,121.48081205773909,0.0,0.0,0.19050026312470436,8,2,2,32,13,33,18,7,3,13,2,3,22,1,0,1802.0824930087504,-3813.3786011641087,121.48081205773909,0,0,0,0,0,0
226.49990939998045,1802.0692138671875,-3813.4111328125,209.9499969482422,121.46455566555112,0.0,0.0,0.19266625167801976,8,2,2,32,13,33,18,7,3,13,2,3,22,1,0,1802.069248213951,-3813.411101309182,121.46455566555112,0,0,0,0,0,0
226.58324269998045,1802.06298828125,-3813.42724609375,209.94869995117188,121.45641314343919,0.0,0.0,0.19115163013339043,8,2,2,32,13,33,18,7,3,13,2,3,22,1,0,1802.0629669112554,-3813.427159074686,121.45641314343919,0,0,0,0,0,0
226.74990929998043,1802.0499267578125,-3813.458740234375,209.94610595703125,121.4402844865688,0.0,0.0,0.18760375678539276,8,2,2,32,13,33,18,7,3,13,2,3,22,1,0,1802.0499023096484,-3813.4587465407826,121.4402844865688,0,0,0,0,0,0
226.91657589998042,1802.035888671875,-3813.48974609375,209.94366455078125,121.42418982802823,0.0,0.0,0.18720398657023907,8,2,2,32,13,33,18,7,3,13,2,3,22,1,0,1802.035911195508,-3813.4896973876807,121.42418982802823,0,0,0,0,0,0
227.0415758499804,1802.024658203125,-3813.51220703125,209.94178771972656,121.41213599479877,0.0,0.0,0.19128168933093548,8,2,2,32,13,33,18,7,3,13,2,3,22,1,0,1802.0246841483583,-3813.5122139750138,121.41213599479877,0,0,0,0,0,0
227.1665757999804,1802.0135498046875,-3813.534912109375,209.93988037109375,121.40011615795068,0.0,0.0,0.18330294406041503,8,2,2,32,13,33,18,7,3,13,2,3,22,1,0,1802.013537340068,-3813.5349570734356,121.40011615795068,0,0,0,0,0,0
227.33324239998038,1801.998779296875,-3813.564208984375,209.937255859375,121.38386170813783,0.0,0.0,0.1816828385926783,8,2,2,32,13,33,18,7,3,13,2,3,22,1,0,1801.9987192713206,-3813.5642513239886,121.38386170813783,0,0,0,0,0,0
227.41657569998037,1801.9913330078125,-3813.5791015625,209.93592834472656,121.37570639215868,0.0,0.0,0.18553119152784348,8,2,2,32,13,33,18,7,3,13,2,3,22,1,0,1801.9913768122592,-3813.5791332169347,121.37570639215868,0,0,0,0,0,0
227.62490894998035,1801.9747314453125,-3813.620849609375,209.93275451660156,121.35510254537742,0.0,0.0,0.2067210152745247,8,2,2,32,13,33,18,7,3,13,2,3,22,1,0,1801.9747914959653,-3813.6208268670553,121.35510254537742,0,0,0,0,0,0
227.79157554998034,1801.962646484375,-3813.65576171875,209.9302520751953,121.33877555486148,0.0,0.0,0.2012893557548523,8,2,2,32,13,33,18,7,3,13,2,3,22,1,0,1801.9626298278379,-3813.655668066335,121.33877555486148,0,0,0,0,0,0
227.99990879998032,1801.9468994140625,-3813.697265625,209.9270477294922,121.3183785811523,0.0,0.0,0.1896239584311843,8,2,2,32,13,33,18,7,3,13,2,3,22,1,0,1801.9468606123362,-3813.697306702848,121.3183785811523,0,0,0,0,0,0
228.1665753999803,1801.9324951171875,-3813.727294921875,209.92440795898438,121.30212895953213,0.0,0.0,0.17910421593114734,8,2,2,32,13,33,18,7,3,13,2,3,22,1,0,1801.9325207863585,-3813.7272099847605,121.30212895953213,0,0,0,0,0,0
228.2499086999803,1801.9248046875,-3813.74169921875,209.923095703125,121.29395144844547,0.0,0.0,0.18167428206652403,8,2,2,32,13,33,18,7,3,13,2,3,22,1,0,1801.9247461154077,-3813.741648258517,121.29395144844547,0,0,0,0,0,0
228.45824194998028,1801.90380859375,-3813.775390625,209.9197998046875,121.27369220897461,0.0,0.0,0.17624995671212673,8,2,2,32,13,33,18,7,3,13,2,3,22,1,0,1801.9037837468634,-3813.775479039814,121.27369220897461,0,0,0,0,0,0
228.62490854998026,1801.887451171875,-3813.803955078125,209.9171142578125,121.257175591034,0.0,0.0,0.18663911614567041,8,2,2,32,13,33,18,7,3,13,2,3,22,1,0,1801.8873944005281,-3813.803848571398,121.257175591034,0,0,0,0,0,0
228.79157514998025,1801.872314453125,-3813.834716796875,209.91445922851562,121.24065782558591,0.0,0.0,0.1939554698765278,8,2,2,32,13,33,18,7,3,13,2,3,22,1,0,1801.8723594145445,-3813.834765587281,121.24065782558591,0,0,0,0,0,0
228.91657509998024,1801.8621826171875,-3813.859375,209.91246032714844,121.22817960549065,0.0,0.0,0.19910060800611973,8,2,2,32,13,33,18,7,3,13,2,3,22,1,0,1801.8621851906253,-3813.859344861579,121.22817960549065,0,0,0,0,0,0
229.04157504998022,1801.8526611328125,-3813.885009765625,209.9104766845703,121.21570784711734,0.0,0.0,0.20686283241957426,8,2,2,32,13,33,18,7,3,13,2,3,22,1,0,1801.8526228226988,-3813.8850140609416,121.21570784711734,0,0,0,0,0,0
229.2499082999802,1801.837158203125,-3813.929931640625,209.9073028564453,121.19506159400038,0.0,0.0,0.21259132772684097,8,2,2,32,13,33,18,7,3,13,2,3,22,1,0,1801.8372145356934,-3813.929866253494,121.19506159400038,0,0,0,0,0,0
229.3749082499802,1801.8284912109375,-3813.956787109375,209.90538024902344,121.18249380860863,0.0,0.0,0.20751587580889463,8,2,2,32,13,33,18,7,3,13,2,3,22,1,0,1801.8284688356807,-3813.9567906614625,121.18249380860863,0,0,0,0,0,0
229.49990819998018,1801.8199462890625,-3813.98388671875,209.9033203125,121.16986044032438,0.0,0.0,0.2094802213832736,8,2,2,32,13,33,18,7,3,13,2,3,22,1,0,1801.8198900355753,-3813.9838114907084,121.16986044032438,0,0,0,0,0,0
229.62490814998017,1801.8111572265625,-3814.010986328125,209.9013214111328,121.15726866613258,0.0,0.0,0.21282690577208996,8,2,2,32,13,33,18,7,3,13,2,3,22,1,0,1801.811164364716,-3814.011107323535,121.15726866613258,0,0,0,0,0,0
229.79157474998016,1801.799072265625,-3814.047607421875,209.89877319335938,121.1405003400786,0.0,0.0,0.21430363412946463,8,2,2,32,13,33,18,7,3,13,2,3,22,1,0,1801.7990863898817,-3814.0477142809573,121.1405003400786,0,0,0,0,0,0
229.87490804998015,1801.792724609375,-3814.06591796875,209.89749145507812,121.13213785655495,0.0,0.0,0.2132140565663576,8,2,2,32,13,33,18,7,3,13,2,3,22,1,0,1801.7927701196907,-3814.065898624822,121.13213785655495,0,0,0,0,0,0
230.04157464998013,1801.780029296875,-3814.10107421875,209.89480590820312,121.11527349673138,0.0,0.0,0.20469001028686762,8,2,2,32,13,33,18,7,3,13,2,3,22,1,0,1801.78004241935,-3814.101181845441,121.11527349673138,0,0,0,0,0,0
230.16657459998012,1801.7698974609375,-3814.126708984375,209.89273071289062,121.10263549927727,0.0,0.0,0.2007724717259407,8,2,2,32,13,33,18,7,3,13,2,3,22,1,0,1801.7698675354475,-3814.126659250673,121.10263549927727,0,0,0,0,0,0
230.2915745499801,1801.7589111328125,-3814.151123046875,209.8907012939453,121.09003556385998,0.0,0.0,0.1974103506654501,8,2,2,32,13,33,18,7,3,13,2,3,22,1,0,1801.758918941865,-3814.151223894956,121.09003556385998,0,0,0,0,0,0
230.3749078499801,1801.751220703125,-3814.1669921875,209.88937377929688,121.08165377154788,0.0,0.0,0.1955195562914014,8,2,2,32,13,33,18,7,3,13,2,3,22,1,0,1801.751164183744,-3814.1670789077702,121.08165377154788,0,0,0,0,0,0
230.4999077999801,1801.7388916015625,-3814.190185546875,209.88734436035156,121.0691217909591,0.0,0.0,0.19252108177170157,8,2,2,32,13,33,18,7,3,13,2,3,22,1,0,1801.7388586688526,-3814.1901049713324,121.0691217909591,0,0,0,0,0,0
230.66657439998008,1801.721923828125,-3814.219970703125,209.8845672607422,121.05229730351331,0.0,0.0,0.1934282248839736,8,2,2,32,13,33,18,7,3,13,2,3,22,1,0,1801.7218916858524,-3814.2200078610317,121.05229730351331,0,0,0,0,0,0
230.70824104998007,1801.7176513671875,-3814.2275390625,209.8838653564453,121.04807214916885,0.0,0.0,0.19459561444818974,8,2,2,32,13,33,18,7,3,13,2,3,22,1,0,1801.7176971618767,-3814.2276608257503,121.04807214916885,0,0,0,0,0,0
230.87490764998006,1801.7012939453125,-3814.2587890625,209.88107299804688,121.03116099210519,0.0,0.0,0.19635502249002457,8,2,2,32,13,33,18,7,3,13,2,3,22,1,0,1801.7012524668783,-3814.2586803182453,121.03116099210519,0,0,0,0,0,0
230.99990759998005,1801.6893310546875,-3814.2822265625,209.8789825439453,121.01843984945202,0.0,0.0,0.19416139693930745,8,2,2,32,13,33,18,7,3,13,2,3,22,1,0,1801.6893040899524,-3814.2821649058405,121.01843984945202,0,0,0,0,0,0
231.12490754998004,1801.6776123046875,-3814.3056640625,209.87684631347656,121.00567595375357,0.0,0.0,0.19379643490538,8,2,2,32,13,33,18,7,3,13,2,3,22,1,0,1801.677580839185,-3814.305583732693,121.00567595375357,0,0,0,0,0,0
231.24990749998003,1801.6658935546875,-3814.32958984375,209.87474060058594,120.99290327674376,0.0,0.0,0.1991997705772519,8,2,2,32,13,33,18,7,3,13,2,3,22,1,0,1801.665863187517,-3814.329474616457,120.99290327674376,0,0,0,0,0,0
231.37490744998001,1801.6544189453125,-3814.35400390625,209.8726806640625,120.98011537242859,0.0,0.0,0.2025705063715577,8,2,2,32,13,33,18,7,3,13,2,3,22,1,0,1801.6544161863094,-3814.354109997861,120.98011537242859,0,0,0,0,0,0
231.49990739998,1801.64306640625,-3814.37939453125,209.87062072753906,120.9673614391972,0.0,0.0,0.20587134640663862,8,2,2,32,13,33,18,7,3,13,2,3,22,1,0,1801.64309553274,-3814.379304914113,120.9673614391972,0,0,0,0,0,0
231.58324069998,1801.635498046875,-3814.396240234375,209.86924743652344,120.95889063952158,0.0,0.0,0.20910308230668306,8,2,2,32,13,33,18,7,3,13,2,3,22,1,0,1801.6355438247565,-3814.396333237033,120.95889063952158,0,0,0,0,0,0
231.79157394997998,1801.6171875,-3814.438720703125,209.86575317382812,120.93752709783872,0.0,0.0,0.20216016564518213,8,2,2,32,13,33,18,7,3,13,2,3,22,1,0,1801.617189730095,-3814.43875876747,120.93752709783872,0,0,0,0,0,0
231.95824054997996,1801.6026611328125,-3814.471923828125,209.86282348632812,120.92034419182146,0.0,0.0,0.20072965417057276,8,2,2,32,13,33,18,7,3,13,2,3,22,1,0,1801.602653245179,-3814.4720152478963,120.92034419182146,0,0,0,0,0,0
232.08324049997995,1801.59130859375,-3814.49658203125,209.86074829101562,120.90750240129107,0.0,0.0,0.20096099469810724,8,2,2,32,13,33,18,7,3,13,2,3,22,1,0,1801.5912751247931,-3814.496642819747,120.90750240129107,0,0,0,0,0,0
232.24990709997994,1801.575439453125,-3814.529052734375,209.85797119140625,120.8904061657721,0.0,0.0,0.19971830770373344,8,2,2,32,13,33,18,7,3,13,2,3,22,1,0,1801.575410857776,-3814.5289872157236,120.8904061657721,0,0,0,0,0,0
232.37490704997992,1801.563232421875,-3814.552734375,209.8558349609375,120.87757256660478,0.0,0.0,0.1964399591088295,8,2,2,32,13,33,18,7,3,13,2,3,22,1,0,1801.5631898342601,-3814.552683747967,120.87757256660478,0,0,0,0,0,0
232.5415736499799,1801.54638671875,-3814.583740234375,209.85292053222656,120.8604827676054,0.0,0.0,0.19703868310898542,8,2,2,32,13,33,18,7,3,13,2,3,22,1,0,1801.5464086183076,-3814.5837038442933,120.8604827676054,0,0,0,0,0,0
232.6665735999799,1801.5335693359375,-3814.606689453125,209.85076904296875,120.84766204007026,0.0,0.0,0.1950110774487257,8,2,2,32,13,33,18,7,3,13,2,3,22,1,0,1801.5335699291138,-3814.606648106035,120.84766204007026,0,0,0,0,0,0
232.7915735499799,1801.5206298828125,-3814.62939453125,209.8486328125,120.83483838024395,0.0,0.0,0.19371291855350137,8,2,2,32,13,33,18,7,3,13,2,3,22,1,0,1801.5205906578572,-3814.629492545844,120.83483838024395,0,0,0,0,0,0
232.91657349997988,1801.5078125,-3814.652099609375,209.84642028808594,120.82192451960054,0.0,0.0,0.19285877933725715,8,2,2,32,13,33,18,7,3,13,2,3,22,1,0,1801.5078557117092,-3814.6521615600655,120.82192451960054,0,0,0,0,0,0
233.04157344997986,1801.4951171875,-3814.675048828125,209.8441925048828,120.8090323223555,0.0,0.0,0.19441042095422745,8,2,2,32,13,33,18,7,3,13,2,3,22,1,0,1801.495095562008,-3814.674963735436,120.8090323223555,0,0,0,0,0,0
233.16657339997985,1801.4822998046875,-3814.697998046875,209.84201049804688,120.79615885423401,0.0,0.0,0.1969234785065055,8,2,2,32,13,33,18,7,3,13,2,3,22,1,0,1801.482331583938,-3814.6980367914325,120.79615885423401,0,0,0,0,0,0
233.24990669997985,1801.4737548828125,-3814.713623046875,209.84059143066406,120.787611874233,0.0,0.0,0.2004329115152359,8,2,2,32,13,33,18,7,3,13,2,3,22,1,0,1801.4737497105577,-3814.71370300417,120.787611874233,0,0,0,0,0,0
233.41657329997983,1801.4569091796875,-3814.74560546875,209.8377685546875,120.77049038540379,0.0,0.0,0.2061505801975727,8,2,2,32,13,33,18,7,3,13,2,3,22,1,0,1801.4568839131339,-3814.745673972138,120.77049038540379,0,0,0,0,0,0
233.58323989997982,1801.4427490234375,-3814.78173828125,209.8348388671875,120.75277380592169,0.0,0.0,0.222531845793128,8,2,2,32,13,33,18,7,3,13,2,3,22,1,0,1801.4427776010748,-3814.7817860163877,120.75277380592169,0,0,0,0,0,0
233.7082398499798,1801.43359375,-3814.810546875,209.83258056640625,120.73957173672362,0.0,0.0,0.22494124714285135,8,2,2,32,13,33,18,7,3,13,2,3,22,1,0,1801.4335675665707,-3814.810637490267,120.73957173672362,0,0,0,0,0,0
233.8332397999798,1801.4241943359375,-3814.83984375,209.83045959472656,120.72646510903478,0.0,0.0,0.22914318833500147,8,2,2,32,13,33,18,7,3,13,2,3,22,1,0,1801.4242502572176,-3814.839734624383,120.72646510903478,0,0,0,0,0,0
233.9165730999798,1801.41796875,-3814.859619140625,209.8291015625,120.71771836506163,0.0,0.0,0.23097088560461998,8,2,2,32,13,33,18,7,3,13,2,3,22,1,0,1801.4179895837715,-3814.859540781026,120.71771836506163,0,0,0,0,0,0
234.04157304997977,1801.408203125,-3814.888916015625,209.82705688476562,120.70465330797248,0.0,0.0,0.22800005972385406,8,2,2,32,13,33,18,7,3,13,2,3,22,1,0,1801.4081907625468,-3814.888898647513,120.70465330797248,0,0,0,0,0,0
234.20823964997976,1801.394287109375,-3814.926025390625,209.82415771484375,120.68717854000808,0.0,0.0,0.21661948412656784,8,2,2,32,13,33,18,7,3,13,2,3,22,1,0,1801.3942442379441,-3814.926113316883,120.68717854000808,0,0,0,0,0,0
234.33323959997975,1801.3829345703125,-3814.952880859375,209.82191467285156,120.67403906030486,0.0,0.0,0.21386414300650358,8,2,2,32,13,33,18,7,3,13,2,3,22,1,0,1801.3829329107523,-3814.9529081677742,120.67403906030486,0,0,0,0,0,0
234.45823954997974,1801.37109375,-3814.9794921875,209.81973266601562,120.66084920017357,0.0,0.0,0.21710889413952827,8,2,2,32,13,33,18,7,3,13,2,3,22,1,0,1801.3710750693494,-3814.9794381438946,120.66084920017357,0,0,0,0,0,0
234.58323949997973,1801.35888671875,-3815.005615234375,209.81756591796875,120.64768393290923,0.0,0.0,0.21316302008926868,8,2,2,32,13,33,18,7,3,13,2,3,22,1,0,1801.3588449836266,-3815.0055446920687,120.64768393290923,0,0,0,0,0,0
234.70823944997971,1801.346435546875,-3815.03173828125,209.81533813476562,120.63443019960427,0.0,0.0,0.217684474773705,8,2,2,32,13,33,18,7,3,13,2,3,22,1,0,1801.3464156725054,-3815.031720955978,120.63443019960427,0,0,0,0,0,0
234.8749060499797,1801.3306884765625,-3815.0693359375,209.81239318847656,120.6166156066518,0.0,0.0,0.22949515841901302,8,2,2,32,13,33,18,7,3,13,2,3,22,1,0,1801.3306978503476,-3815.069284731262,120.6166156066518,0,0,0,0,0,0
235.04157264997968,1801.3145751953125,-3815.106201171875,209.80950927734375,120.59913659552912,0.0,0.0,0.22339215502142906,8,2,2,32,13,33,18,7,3,13,2,3,22,1,0,1801.3145928648814,-3815.106301580915,120.59913659552912,0,0,0,0,0,0
235.16657259997967,1801.3023681640625,-3815.13232421875,209.80728149414062,120.58582540262096,0.0,0.0,0.20940829999744892,8,2,2,32,13,33,18,7,3,13,2,3,22,1,0,1801.3023439126862,-3815.1322131150087,120.58582540262096,0,0,0,0,0,0
235.29157254997966,1801.289306640625,-3815.156982421875,209.80491638183594,120.57253759801465,0.0,0.0,0.20448393188416958,8,2,2,32,13,33,18,7,3,13,2,3,22,1,0,1801.2892733468125,-3815.1568674869973,120.57253759801465,0,0,0,0,0,0
235.41657249997965,1801.275390625,-3815.1806640625,209.8026123046875,120.55930953203003,0.0,0.0,0.2049298956990242,8,2,2,32,13,33,18,7,3,13,2,3,22,1,0,1801.2753380867152,-3815.180622273071,120.55930953203003,0,0,0,0,0,0
235.54157244997964,1801.2606201171875,-3815.203857421875,209.8003692626953,120.5461154106038,0.0,0.0,0.20616597030311823,8,2,2,32,13,33,18,7,3,13,2,3,22,1,0,1801.2606668817612,-3815.2038630157085,120.5461154106038,0,0,0,0,0,0
235.70823904997962,1801.240966796875,-3815.23486328125,209.79734802246094,120.52850796353106,0.0,0.0,0.20634627435356379,8,2,2,32,13,33,18,7,3,13,2,3,22,1,0,1801.240909220283,-3815.2349159573355,120.52850796353106,0,0,0,0,0,0
235.8749056499796,1801.221923828125,-3815.266357421875,209.7942352294922,120.51075524282616,0.0,0.0,0.20650045480579138,8,2,2,32,13,33,18,7,3,13,2,3,22,1,0,1801.2219073669992,-3815.266392659023,120.51075524282616,0,0,0,0,0,0
236.0415722499796,1801.2037353515625,-3815.299072265625,209.79112243652344,120.49293863344302,0.0,0.0,0.2111432608217001,8,2,2,32,13,33,18,7,3,13,2,3,22,1,0,1801.2037131720429,-3815.299034073483,120.49293863344302,0,0,0,0,0,0
236.16657219997958,1801.1904296875,-3815.32470703125,209.78884887695312,120.47960029037571,0.0,0.0,0.21754566114395857,8,2,2,32,13,33,18,7,3,13,2,3,22,1,0,1801.1904623657824,-3815.324679854257,120.47960029037571,0,0,0,0,0,0
236.29157214997957,1801.1776123046875,-3815.351318359375,209.78660583496094,120.4662619471555,0.0,0.0,0.22360333241522312,8,2,2,32,13,33,18,7,3,13,2,3,22,1,0,1801.1776017847303,-3815.3514346746315,120.4662619471555,0,0,0,0,0,0
236.45823874997956,1801.1614990234375,-3815.388427734375,209.78358459472656,120.44834508609755,0.0,0.0,0.22817132994532585,8,2,2,32,13,33,18,7,3,13,2,3,22,1,0,1801.1615013879136,-3815.388546311878,120.44834508609755,0,0,0,0,0,0
236.54157204997955,1801.1536865234375,-3815.40771484375,209.7820587158203,120.43937314883951,0.0,0.0,0.231499457731843,8,2,2,32,13,33,18,7,3,13,2,3,22,1,0,1801.153739401407,-3815.407717595224,120.43937314883951,0,0,0,0,0,0
236.74990529997953,1801.1348876953125,-3815.45703125,209.7783203125,120.4168893645243,0.0,0.0,0.23897283244878054,8,2,2,32,13,33,18,7,3,13,2,3,22,1,0,1801.1348505691835,-3815.4571108371156,120.4168893645243,0,0,0,0,0,0
236.87490524997952,1801.1236572265625,-3815.4873046875,209.7760772705078,120.4033851365104,0.0,0.0,0.240472168661654,8,2,2,32,13,33,18,7,3,13,2,3,22,1,0,1801.123607491519,-3815.4873303443105,120.4033851365104,0,0,0,0,0,0
237.0415718499795,1801.1085205078125,-3815.52734375,209.77305603027344,120.38530462835611,0.0,0.0,0.2364203566685319,8,2,2,32,13,33,18,7,3,13,2,3,22,1,0,1801.1084676771836,-3815.5273013793512,120.38530462835611,0,0,0,0,0,0
237.1665717999795,1801.096435546875,-3815.556396484375,209.77076721191406,120.37180091096744,0.0,0.0,0.23115717340260744,8,2,2,32,13,33,18,7,3,13,2,3,22,1,0,1801.0964291159362,-3815.556337115042,120.37180091096744,0,0,0,0,0,0
237.37490504997947,1801.07421875,-3815.602294921875,209.7669677734375,120.34939068693447,0.0,0.0,0.2249524462968111,8,2,2,32,13,33,18,7,3,13,2,3,22,1,0,1801.07423307349,-3815.6022744956963,120.34939068693447,0,0,0,0,0,0
237.58323829997946,1801.0499267578125,-3815.6455078125,209.76315307617188,120.3269721248311,0.0,0.0,0.2164662117138505,8,2,2,32,13,33,18,7,3,13,2,3,22,1,0,1801.049946833773,-3815.6454228250204,120.3269721248311,0,0,0,0,0,0
237.74990489997944,1801.0301513671875,-3815.677978515625,209.7598419189453,120.30887149267164,0.0,0.0,0.21213116124272346,8,2,2,32,13,33,18,7,3,13,2,3,22,1,0,1801.0301106502488,-3815.67808097328,120.30887149267164,0,0,0,0,0,0
237.87490484997943,1801.0147705078125,-3815.7021484375,209.7574462890625,120.29537690245462,0.0,0.0,0.21481935400515795,8,2,2,32,13,33,18,7,3,13,2,3,22,1,0,1801.0147203281354,-3815.7022369024203,120.29537690245462,0,0,0,0,0,0
238.04157144997941,1800.993408203125,-3815.73291015625,209.75433349609375,120.27754029631818,0.0,0.0,0.2097436459735036,8,2,2,32,13,33,18,7,3,13,2,3,22,1,0,1800.9933851879111,-3815.733008137532,120.27754029631818,0,0,0,0,0,0
238.1665713999794,1800.9775390625,-3815.75732421875,209.75193786621094,120.26393729821962,0.0,0.0,0.2222120761871338,8,2,2,32,13,33,18,7,3,13,2,3,22,1,0,1800.9775595272451,-3815.7573369353827,120.26393729821962,0,0,0,0,0,0
238.2499046999794,1800.9677734375,-3815.7744140625,209.75035095214844,120.25488772564596,0.0,0.0,0.22199118975549936,8,2,2,32,13,33,18,7,3,13,2,3,22,1,0,1800.9677181298184,-3815.774439811877,120.25488772564596,0,0,0,0,0,0
238.41657129997938,1800.950927734375,-3815.80810546875,209.74722290039062,120.23738249425507,0.0,0.0,0.18870290368795395,8,2,2,32,13,33,18,7,3,13,2,3,22,1,0,1800.9508779629211,-3815.808202306178,120.23738249425507,0,0,0,0,0,0
238.54157124997937,1800.943603515625,-3815.83154296875,209.7452850341797,120.22548798317939,0.0,0.0,0.17184134339913726,8,2,2,32,13,33,18,7,3,13,2,3,22,1,0,1800.9436611985827,-3815.831442000593,120.22548798317939,0,0,0,0,0,0
238.70823784997935,1800.9351806640625,-3815.8623046875,209.74314880371094,120.20974925252317,0.0,0.0,0.17618453130126,8,2,2,32,13,33,18,7,3,13,2,3,22,1,0,1800.9352321488627,-3815.862417783391,120.20974925252317,0,0,0,0,0,0
238.87490444997934,1800.9259033203125,-3815.893310546875,209.74073791503906,120.19392840956243,0.0,0.0,0.17637326382100582,8,2,2,32,13,33,18,7,3,13,2,3,22,1,0,1800.9259042015085,-3815.8932842698205,120.19392840956243,0,0,0,0,0,0
239.04157104997932,1800.915771484375,-3815.923095703125,209.73817443847656,120.17809699339315,0.0,0.0,0.1698263338766992,8,2,2,32,13,33,18,7,3,13,2,3,22,1,0,1800.9158251151034,-3815.923120112901,120.17809699339315,0,0,0,0,0,0
239.2082376499793,1800.90478515625,-3815.951904296875,209.73580932617188,120.16233465032909,0.0,0.0,0.1663479022681713,8,2,2,32,13,33,18,7,3,13,2,3,22,1,0,1800.9047810680265,-3815.9518091142404,120.16233465032909,0,0,0,0,0,0
239.3749042499793,1800.8929443359375,-3815.97900390625,209.73336791992188,120.14653591686755,0.0,0.0,0.1616787863895297,8,2,2,32,13,33,18,7,3,13,2,3,22,1,0,1800.8928837644778,-3815.979101574481,120.14653591686755,0,0,0,0,0,0
239.49990419997928,1800.88330078125,-3815.998779296875,209.7314910888672,120.13474364796711,0.0,0.0,0.16021947376430035,8,2,2,32,13,33,18,7,3,13,2,3,22,1,0,1800.8833499526202,-3815.998759677212,120.13474364796711,0,0,0,0,0,0
239.62490414997927,1800.873291015625,-3816.01806640625,209.72972106933594,120.12302978479727,0.0,0.0,0.15865559689700603,8,2,2,32,13,33,18,7,3,13,2,3,22,1,0,1800.8733091968857,-3816.0179555720324,120.12302978479727,0,0,0,0,0,0
239.74990409997926,1800.86328125,-3816.03662109375,209.7279510498047,120.11125151994176,0.0,0.0,0.1523084589280188,8,2,2,32,13,33,18,7,3,13,2,3,22,1,0,1800.8633072915075,-3816.036612854176,120.11125151994176,0,0,0,0,0,0
239.87490404997925,1800.8529052734375,-3816.05517578125,209.72605895996094,120.09957747919877,0.0,0.0,0.16150829615071416,8,2,2,32,13,33,18,7,3,13,2,3,22,1,0,1800.8529547845765,-3816.0551572960403,120.09957747919877,0,0,0,0,0,0
240.04157064997923,1800.839599609375,-3816.079345703125,209.72372436523438,120.08397413949643,0.0,0.0,0.15148749807849526,8,2,2,32,13,33,18,7,3,13,2,3,22,1,0,1800.839646403509,-3816.079461320102,120.08397413949643,0,0,0,0,0,0
240.20823724997922,1800.825927734375,-3816.102783203125,209.7213592529297,120.06853646668809,0.0,0.0,0.14746938832104206,8,2,2,32,13,33,18,7,3,13,2,3,22,1,0,1800.8259172529292,-3816.1026974589104,120.06853646668809,0,0,0,0,0,0
240.4165704999792,1800.8087158203125,-3816.130859375,209.71847534179688,120.04932411340008,0.0,0.0,0.1446171081624925,8,2,2,32,13,33,18,7,3,13,2,3,22,1,0,1800.8086994317,-3816.130922328691,120.04932411340008,0,0,0,0,0,0
240.5832370999792,1800.7952880859375,-3816.1533203125,209.71617126464844,120.03398941582196,0.0,0.0,0.14388838317245245,8,2,2,32,13,33,18,7,3,13,2,3,22,1,0,1800.795329448962,-3816.1533719738045,120.03398941582196,0,0,0,0,0,0
240.70823704997918,1800.78564453125,-3816.17041015625,209.71446228027344,120.02254590770207,0.0,0.0,0.14411468291655183,8,2,2,32,13,33,18,7,3,13,2,3,22,1,0,1800.785704772676,-3816.170471796301,120.02254590770207,0,0,0,0,0,0
240.87490364997916,1800.7734375,-3816.19384765625,209.7122802734375,120.00735696050265,0.0,0.0,0.14581511495634913,8,2,2,32,13,33,18,7,3,13,2,3,22,1,0,1800.7734892259443,-3816.193801241012,120.00735696050265,0,0,0,0,0,0
241.04157024997915,1800.76220703125,-3816.217529296875,209.71005249023438,119.99217905189832,0.0,0.0,0.14465386047959328,8,2,2,32,13,33,18,7,3,13,2,3,22,1,0,1800.7621944874322,-3816.2175782181694,119.99217905189832,0,0,0,0,0,0
241.20823684997913,1800.7513427734375,-3816.24169921875,209.70785522460938,119.9771021752922,0.0,0.0,0.1450208597816527,8,2,2,32,13,33,18,7,3,13,2,3,22,1,0,1800.7513969445895,-3816.2417072183594,119.9771021752922,0,0,0,0,0,0
241.33323679997912,1800.743408203125,-3816.260009765625,209.70626831054688,119.9658842857662,0.0,0.0,0.14546033926308155,8,2,2,32,13,33,18,7,3,13,2,3,22,1,0,1800.7434032097062,-3816.2599448454293,119.9658842857662,0,0,0,0,0,0
241.4999033999791,1800.7327880859375,-3816.2841796875,209.7041778564453,119.95102517241999,0.0,0.0,0.14482144033536315,8,2,2,32,13,33,18,7,3,13,2,3,22,1,0,1800.7327636662683,-3816.2842059627237,119.95102517241999,0,0,0,0,0,0
241.5415700499791,1800.7301025390625,-3816.290283203125,209.70364379882812,119.94733036079718,0.0,0.0,0.14410229632630944,8,2,2,32,13,33,18,7,3,13,2,3,22,1,0,1800.7300961519188,-3816.2902307355785,119.94733036079718,0,0,0,0,0,0
241.70823664997909,1800.719482421875,-3816.31396484375,209.7015380859375,119.93255725761796,0.0,0.0,0.13985726982355118,8,2,2,32,13,33,18,7,3,13,2,3,22,1,0,1800.719489998772,-3816.313923595298,119.93255725761796,0,0,0,0,0,0
241.87490324997907,1800.70849609375,-3816.336669921875,209.6994171142578,119.91792966923049,0.0,0.0,0.13612452894449234,8,2,2,32,13,33,18,7,3,13,2,3,22,1,0,1800.7084828257891,-3816.3365687709493,119.91792966923049,0,0,0,0,0,0
241.99990319997906,1800.6998291015625,-3816.352783203125,209.69790649414062,119.90702760926186,0.0,0.0,0.13207317097112536,8,2,2,32,13,33,18,7,3,13,2,3,22,1,0,1800.699847907964,-3816.35270989045,119.90702760926186,0,0,0,0,0,0
242.16656979997904,1800.688232421875,-3816.373046875,209.69581604003906,119.8924953538345,0.0,0.0,0.12594701256603003,8,2,2,32,13,33,18,7,3,13,2,3,22,1,0,1800.6881856742273,-3816.373094559917,119.8924953538345,0,0,0,0,0,0
242.33323639997903,1800.67626953125,-3816.392578125,209.69369506835938,119.87807027163629,0.0,0.0,0.12520181480795145,8,2,2,32,13,33,18,7,3,13,2,3,22,1,0,1800.6762886979618,-3816.3925966862116,119.87807027163629,0,0,0,0,0,0
242.37490304997903,1800.6732177734375,-3816.3974609375,209.6931915283203,119.87448433632167,0.0,0.0,0.12476019328460097,8,2,2,32,13,33,18,7,3,13,2,3,22,1,0,1800.67327610667,-3816.397395465684,119.87448433632167,0,0,0,0,0,0
242.499902999979,1800.664306640625,-3816.41162109375,209.69166564941406,119.86373733555494,0.0,0.0,0.12280000373721123,8,2,2,32,13,33,18,7,3,13,2,3,22,1,0,1800.6642795967996,-3816.4116217715696,119.86373733555494,0,0,0,0,0,0
242.666569599979,1800.652587890625,-3816.43017578125,209.68954467773438,119.84942897129925,0.0,0.0,0.12177472235634923,8,2,2,32,13,33,18,7,3,13,2,3,22,1,0,1800.6525528978284,-3816.4302802140783,119.84942897129925,0,0,0,0,0,0
242.83323619997898,1800.6409912109375,-3816.448974609375,209.6875,119.83525383221173,0.0,0.0,0.12183445505797863,8,2,2,32,13,33,18,7,3,13,2,3,22,1,0,1800.6409892649956,-3816.4490776787206,119.83525383221173,0,0,0,0,0,0
242.95823614997897,1800.632568359375,-3816.46337890625,209.68600463867188,119.82466314719454,0.0,0.0,0.1210909802466631,8,2,2,32,13,33,18,7,3,13,2,3,22,1,0,1800.63253194017,-3816.4633814928825,119.82466314719454,0,0,0,0,0,0
243.08323609997896,1800.624267578125,-3816.477783203125,209.6844482421875,119.81410783722299,0.0,0.0,0.1215787255205214,8,2,2,32,13,33,18,7,3,13,2,3,22,1,0,1800.624298644669,-3816.4778665036238,119.81410783722299,0,0,0,0,0,0
243.20823604997895,1800.6163330078125,-3816.492431640625,209.68289184570312,119.80356799187365,0.0,0.0,0.1209474983625114,8,2,2,32,13,33,18,7,3,13,2,3,22,1,0,1800.6163383921375,-3816.4924634041804,119.80356799187365,0,0,0,0,0,0
243.37490264997894,1800.60595703125,-3816.511962890625,209.6808319091797,119.78954345805357,0.0,0.0,0.12079346925020218,8,2,2,32,13,33,18,7,3,13,2,3,22,1,0,1800.6059899550728,-3816.5120052718466,119.78954345805357,0,0,0,0,0,0
243.58323589997892,1800.5928955078125,-3816.53662109375,209.67831420898438,119.7721767791246,0.0,0.0,0.12190933339297771,8,2,2,32,13,33,18,7,3,13,2,3,22,1,0,1800.5929457769014,-3816.5365788302915,119.7721767791246,0,0,0,0,0,0
243.7499024999789,1800.58251953125,-3816.555908203125,209.67630004882812,119.75833482044406,0.0,0.0,0.11929023312404752,8,2,2,32,13,33,18,7,3,13,2,3,22,1,0,1800.58249142058,-3816.5559766305846,119.75833482044406,0,0,0,0,0,0
243.8749024499789,1800.57470703125,-3816.570068359375,209.6747283935547,119.747956158086,0.0,0.0,0.1174536650069058,8,2,2,32,13,33,18,7,3,13,2,3,22,1,0,1800.5746522291304,-3816.5701451264104,119.747956158086,0,0,0,0,0,0
244.04156904997888,1800.56396484375,-3816.588623046875,209.6726531982422,119.73418324566593,0.0,0.0,0.11596976546570659,8,2,2,32,13,33,18,7,3,13,2,3,22,1,0,1800.5639314123173,-3816.588566387223,119.73418324566593,0,0,0,0,0,0
244.20823564997886,1800.552978515625,-3816.6064453125,209.67062377929688,119.72046095294888,0.0,0.0,0.11543219443410635,8,2,2,32,13,33,18,7,3,13,2,3,22,1,0,1800.552922987183,-3816.606475324955,119.72046095294888,0,0,0,0,0,0
244.37490224997885,1800.5416259765625,-3816.6240234375,209.66854858398438,119.70679563074263,0.0,0.0,0.11390001745894551,8,2,2,32,13,33,18,7,3,13,2,3,22,1,0,1800.541685400087,-3816.623990470953,119.70679563074263,0,0,0,0,0,0
244.54156884997883,1800.5303955078125,-3816.64111328125,209.6664581298828,119.69319003405576,0.0,0.0,0.11063020210713148,8,2,2,32,13,33,18,7,3,13,2,3,22,1,0,1800.5303449538385,-3816.641185413174,119.69319003405576,0,0,0,0,0,0
244.70823544997882,1800.5167236328125,-3816.65380859375,209.6643829345703,119.67995169029237,0.0,0.0,0.1046498422510922,8,2,2,32,13,33,18,7,3,13,2,3,22,1,0,1800.5167243704932,-3816.653694743843,119.67995169029237,0,0,0,0,0,0
244.8332353999788,1800.5050048828125,-3816.660400390625,209.6627960205078,119.67003727758213,0.0,0.0,0.10577988578006625,8,2,2,32,13,33,18,7,3,13,2,3,22,1,0,1800.5050311943141,-3816.660451812446,119.67003727758213,0,0,0,0,0,0
244.8749020499788,1800.5009765625,-3816.66259765625,209.66226196289062,119.66672583721186,0.0,0.0,0.10572123574092984,8,2,2,32,13,33,18,7,3,13,2,3,22,1,0,1800.5010328876892,-3816.6624757748837,119.66672583721186,0,0,0,0,0,0
245.04156864997879,1800.4853515625,-3816.6708984375,209.66006469726562,119.65345105884816,0.0,0.0,0.10428443783894181,8,2,2,32,13,33,18,7,3,13,2,3,22,1,0,1800.4852958442148,-3816.670920832593,119.65345105884816,0,0,0,0,0,0
245.20823524997877,1800.47119140625,-3816.682373046875,209.6578826904297,119.64017965995684,0.0,0.0,0.10544233955442905,8,2,2,32,13,33,18,7,3,13,2,3,22,1,0,1800.471138913766,-3816.6824712420216,119.64017965995684,0,0,0,0,0,0
245.37490184997876,1800.4600830078125,-3816.698974609375,209.6557159423828,119.6267676252747,0.0,0.0,0.11701190378516912,8,2,2,32,13,33,18,7,3,13,2,3,22,1,0,1800.4600492996901,-3816.699032240338,119.6267676252747,0,0,0,0,0,0
245.49990179997874,1800.4539794921875,-3816.715087890625,209.65408325195312,119.61659671203789,0.0,0.0,0.13350335648283362,8,2,2,32,13,33,18,7,3,13,2,3,22,1,0,1800.4540232513684,-3816.715203775544,119.61659671203789,0,0,0,0,0,0
245.62490174997873,1800.4495849609375,-3816.734619140625,209.6525115966797,119.60639826560787,0.0,0.0,0.15407386235892773,8,2,2,32,13,33,18,7,3,13,2,3,22,1,0,1800.4496006523464,-3816.7346814541893,119.60639826560787,0,0,0,0,0,0
245.70823504997873,1800.447509765625,-3816.749267578125,209.6514892578125,119.59954176037017,0.0,0.0,0.16619701636955142,8,2,2,32,13,33,18,7,3,13,2,3,22,1,0,1800.4474587748462,-3816.749244174872,119.59954176037017,0,0,0,0,0,0
245.8749016499787,1800.4443359375,-3816.78125,209.64939880371094,119.58574635193973,0.0,0.0,0.18521754536777735,8,2,2,32,13,33,18,7,3,13,2,3,22,1,0,1800.444370100364,-3816.7812920185484,119.58574635193973,0,0,0,0,0,0
245.9999015999787,1800.4423828125,-3816.80712890625,209.64785766601562,119.57537548363962,0.0,0.0,0.19291426287963986,8,2,2,32,13,33,18,7,3,13,2,3,22,1,0,1800.4423812288887,-3816.807035279702,119.57537548363962,0,0,0,0,0,0
246.16656819997868,1800.43896484375,-3816.841064453125,209.64584350585938,119.56158493251837,0.0,0.0,0.1750911702401936,8,2,2,32,13,33,18,7,3,13,2,3,22,1,0,1800.4389610453884,-3816.8411667657742,119.56158493251837,0,0,0,0,0,0
246.33323479997867,1800.4307861328125,-3816.867431640625,209.643798828125,119.5480898225728,0.0,0.0,0.13426629593595862,8,2,2,32,13,33,18,7,3,13,2,3,22,1,0,1800.4307258389158,-3816.8674033627253,119.5480898225728,0,0,0,0,0,0
246.45823474997866,1800.4208984375,-3816.881103515625,209.64222717285156,119.53803430298639,0.0,0.0,0.12068504001945257,8,2,2,32,13,33,18,7,3,13,2,3,22,1,0,1800.4208465194376,-3816.8810719651,119.53803430298639,0,0,0,0,0,0
246.54156804997865,1800.41259765625,-3816.8876953125,209.64117431640625,119.53138004498506,0.0,0.0,0.12239196803420782,8,2,2,32,13,33,18,7,3,13,2,3,22,1,0,1800.412628753665,-3816.8876459711946,119.53138004498506,0,0,0,0,0,0
246.70823464997864,1800.3931884765625,-3816.896484375,209.6390838623047,119.51825089079227,0.0,0.0,0.13013220159336925,8,2,2,32,13,33,18,7,3,13,2,3,22,1,0,1800.3932381863378,-3816.896531723146,119.51825089079227,0,0,0,0,0,0
246.83323459997862,1800.377685546875,-3816.901123046875,209.63748168945312,119.50841732199973,0.0,0.0,0.1296886126510799,8,2,2,32,13,33,18,7,3,13,2,3,22,1,0,1800.3776600991666,-3816.901026164318,119.50841732199973,0,0,0,0,0,0
246.9999011999786,1800.3575439453125,-3816.90673828125,209.63526916503906,119.49527925110088,0.0,0.0,0.12216775212436914,8,2,2,32,13,33,18,7,3,13,2,3,22,1,0,1800.3575544801042,-3816.9068548968526,119.49527925110088,0,0,0,0,0,0
247.1665677999786,1800.339599609375,-3816.915283203125,209.63308715820312,119.48213652638518,0.0,0.0,0.1141762244515121,8,2,2,32,13,33,18,7,3,13,2,3,22,1,0,1800.3395529504378,-3816.9153752782636,119.48213652638518,0,0,0,0,0,0
247.33323439997858,1800.32470703125,-3816.928466796875,209.6309356689453,119.46894972381091,0.0,0.0,0.11553320800885558,8,2,2,32,13,33,18,7,3,13,2,3,22,1,0,1800.3246787252767,-3816.928498087492,119.46894972381091,0,0,0,0,0,0
247.41656769997857,1800.318359375,-3816.93701171875,209.62991333007812,119.46237102568699,0.0,0.0,0.12096408754587173,8,2,2,32,13,33,18,7,3,13,2,3,22,1,0,1800.3184196205339,-3816.9370987271186,119.46237102568699,0,0,0,0,0,0
247.62490094997855,1800.305908203125,-3816.9638671875,209.6273193359375,119.44585683699457,0.0,0.0,0.13897995231673121,8,2,2,32,13,33,18,7,3,13,2,3,22,1,0,1800.3058911928842,-3816.963863428588,119.44585683699457,0,0,0,0,0,0
247.74990089997854,1800.2999267578125,-3816.982666015625,209.62574768066406,119.43591391233605,0.0,0.0,0.146784377284348,8,2,2,32,13,33,18,7,3,13,2,3,22,1,0,1800.2998809563153,-3816.982560380124,119.43591391233605,0,0,0,0,0,0
247.91656749997853,1800.2923583984375,-3817.008544921875,209.6237030029297,119.42264806144495,0.0,0.0,0.14924787683412433,8,2,2,32,13,33,18,7,3,13,2,3,22,1,0,1800.2923090100467,-3817.0085864489683,119.42264806144495,0,0,0,0,0,0
248.0832340999785,1800.2840576171875,-3817.0341796875,209.62167358398438,119.40940528248451,0.0,0.0,0.1463651191443205,8,2,2,32,13,33,18,7,3,13,2,3,22,1,0,1800.2840547376497,-3817.034184002469,119.40940528248451,0,0,0,0,0,0
248.2082340499785,1800.27685546875,-3817.052490234375,209.6201934814453,119.39954533753844,0.0,0.0,0.14169325586408377,8,2,2,32,13,33,18,7,3,13,2,3,22,1,0,1800.276795792114,-3817.0523788733626,119.39954533753844,0,0,0,0,0,0
248.37490064997849,1800.2655029296875,-3817.07470703125,209.61819458007812,119.38643427458793,0.0,0.0,0.13451860286295414,8,2,2,32,13,33,18,7,3,13,2,3,22,1,0,1800.265562052736,-3817.0745961877337,119.38643427458793,0,0,0,0,0,0
248.49990059997847,1800.256103515625,-3817.089599609375,209.6166534423828,119.37662642010018,0.0,0.0,0.12986169895157218,8,2,2,32,13,33,18,7,3,13,2,3,22,1,0,1800.2560694185447,-3817.089626121194,119.37662642010018,0,0,0,0,0,0
248.66656719997846,1800.2421875,-3817.10791015625,209.61460876464844,119.36361674970442,0.0,0.0,0.12754532508552074,8,2,2,32,13,33,18,7,3,13,2,3,22,1,0,1800.2421846217608,-3817.107920237006,119.36361674970442,0,0,0,0,0,0
248.83323379997844,1800.2276611328125,-3817.125,209.61257934570312,119.35061173004625,0.0,0.0,0.12612134451046586,8,2,2,32,13,33,18,7,3,13,2,3,22,1,0,1800.2276180571155,-3817.124954644397,119.35061173004625,0,0,0,0,0,0
248.95823374997843,1800.216552734375,-3817.1376953125,209.6110382080078,119.34090656661034,0.0,0.0,0.12623409274965525,8,2,2,32,13,33,18,7,3,13,2,3,22,1,0,1800.2165323188283,-3817.1375966578316,119.34090656661034,0,0,0,0,0,0
249.04156704997843,1800.209228515625,-3817.146240234375,209.6100311279297,119.33443242687171,0.0,0.0,0.12664053356274962,8,2,2,32,13,33,18,7,3,13,2,3,22,1,0,1800.2092690931058,-3817.146157105204,119.33443242687171,0,0,0,0,0,0
249.16656699997841,1800.1986083984375,-3817.159423828125,209.60850524902344,119.32473209858126,0.0,0.0,0.12816619127988815,8,2,2,32,13,33,18,7,3,13,2,3,22,1,0,1800.1986548975385,-3817.159490461934,119.32473209858126,0,0,0,0,0,0
249.2915669499784,1800.1885986328125,-3817.173583984375,209.60699462890625,119.31502414250208,0.0,0.0,0.13053276343271136,8,2,2,32,13,33,18,7,3,13,2,3,22,1,0,1800.1885561163658,-3817.1735852887005,119.31502414250208,0,0,0,0,0,0
249.4165668999784,1800.178955078125,-3817.1884765625,209.60543823242188,119.30530706997422,0.0,0.0,0.13300669379532337,8,2,2,32,13,33,18,7,3,13,2,3,22,1,0,1800.178999626455,-3817.1885346847475,119.30530706997422,0,0,0,0,0,0
249.58323349997838,1800.1668701171875,-3817.209716796875,209.60340881347656,119.29235915878067,0.0,0.0,0.13819345040246844,8,2,2,32,13,33,18,7,3,13,2,3,22,1,0,1800.1669184102298,-3817.209737104189,119.29235915878067,0,0,0,0,0,0
249.70823344997837,1800.158203125,-3817.2265625,209.60194396972656,119.28267909992495,0.0,0.0,0.1412840560078621,8,2,2,32,13,33,18,7,3,13,2,3,22,1,0,1800.158158916021,-3817.2264891352947,119.28267909992495,0,0,0,0,0,0
249.83323339997835,1800.1495361328125,-3817.24365234375,209.60047912597656,119.27301876485339,0.0,0.0,0.14402600936591625,8,2,2,32,13,33,18,7,3,13,2,3,22,1,0,1800.1495008513843,-3817.2437444769967,119.27301876485339,0,0,0,0,0,0
249.87490004997835,1800.1466064453125,-3817.24951171875,209.59999084472656,119.26980336226744,0.0,0.0,0.14447328867390752,8,2,2,32,13,33,18,7,3,13,2,3,22,1,0,1800.1466205991612,-3817.2495655011476,119.26980336226744,0,0,0,0,0,0
250.04156664997834,1800.135009765625,-3817.27294921875,209.5980224609375,119.25694306108419,0.0,0.0,0.1448201364837587,8,2,2,32,13,33,18,7,3,13,2,3,22,1,0,1800.1350489149527,-3817.2729190440955,119.25694306108419,0,0,0,0,0,0
250.16656659997832,1800.126220703125,-3817.290283203125,209.5965576171875,119.24729220411209,0.0,0.0,0.14463060069829226,8,2,2,32,13,33,18,7,3,13,2,3,22,1,0,1800.1262171958065,-3817.2902520810057,119.24729220411209,0,0,0,0,0,0
250.3332331999783,1800.1138916015625,-3817.31298828125,209.5946502685547,119.23449942399935,0.0,0.0,0.1430357340723276,8,2,2,32,13,33,18,7,3,13,2,3,22,1,0,1800.1138717887784,-3817.313024877754,119.23449942399935,0,0,0,0,0,0
250.5415664499783,1800.09765625,-3817.33984375,209.5921630859375,119.21848230083978,0.0,0.0,0.13797504361718893,8,2,2,32,13,33,18,7,3,13,2,3,22,1,0,1800.097660400455,-3817.3399356103337,119.21848230083978,0,0,0,0,0,0
250.70823304997828,1800.083740234375,-3817.35986328125,209.59017944335938,119.20576168714861,0.0,0.0,0.1348708989098668,8,2,2,32,13,33,18,7,3,13,2,3,22,1,0,1800.0837292070723,-3817.3598725316815,119.20576168714861,0,0,0,0,0,0
250.87489964997826,1800.06884765625,-3817.378173828125,209.58827209472656,119.19312218041487,0.0,0.0,0.1327691483311355,8,2,2,32,13,33,18,7,3,13,2,3,22,1,0,1800.06880969529,-3817.3782815273,119.19312218041487,0,0,0,0,0,0
250.99989959997825,1800.057373046875,-3817.3916015625,209.5867919921875,119.18366142407525,0.0,0.0,0.1323526492342353,8,2,2,32,13,33,18,7,3,13,2,3,22,1,0,1800.0573762832441,-3817.391620994929,119.18366142407525,0,0,0,0,0,0
251.16656619997823,1800.0445556640625,-3817.406982421875,209.5850372314453,119.17184788440576,0.0,0.0,0.09679978247731924,8,2,2,32,13,33,18,7,3,13,2,3,22,1,0,1800.044573399781,-3817.4069660286755,119.17184788440576,0,0,0,0,0,0
251.33323279997822,1800.0321044921875,-3817.41796875,209.58370971679688,119.16080489755169,0.0,0.0,0.09337335359305143,8,2,2,32,13,33,18,7,3,13,2,3,22,1,0,1800.0321325387376,-3817.417847681162,119.16080489755169,0,0,0,0,0,0
251.4582327499782,1800.021240234375,-3817.423828125,209.58261108398438,119.15261325540497,0.0,0.0,0.10098667116835713,8,2,2,32,13,33,18,7,3,13,2,3,22,1,0,1800.0212175718048,-3817.4237402051085,119.15261325540497,0,0,0,0,0,0
251.5415660499782,1800.0133056640625,-3817.4267578125,209.58172607421875,119.14713994360312,0.0,0.0,0.10285628959536552,8,2,2,32,13,33,18,7,3,13,2,3,22,1,0,1800.0133475772075,-3817.4266513084176,119.14713994360312,0,0,0,0,0,0
251.70823264997819,1799.9969482421875,-3817.4306640625,209.57981872558594,119.13624408178987,0.0,0.0,0.1031036488711834,8,2,2,32,13,33,18,7,3,13,2,3,22,1,0,1799.9969158141535,-3817.4307356876675,119.13624408178987,0,0,0,0,0,0
251.83323259997817,1799.9844970703125,-3817.43310546875,209.5785369873047,119.12810303035923,0.0,0.0,0.10204209247604012,8,2,2,32,13,33,18,7,3,13,2,3,22,1,0,1799.984557656818,-3817.4330858992853,119.12810303035923,0,0,0,0,0,0
251.99989919997816,1799.968505859375,-3817.436767578125,209.57688903808594,119.11730817538204,0.0,0.0,0.09906361810863018,8,2,2,32,13,33,18,7,3,13,2,3,22,1,0,1799.9685016595795,-3817.436651846404,119.11730817538204,0,0,0,0,0,0
252.16656579997814,1799.9534912109375,-3817.44189453125,209.57522583007812,119.10660354465159,0.0,0.0,0.09390396298840642,8,2,2,32,13,33,18,7,3,13,2,3,22,1,0,1799.9534325196664,-3817.441828647165,119.10660354465159,0,0,0,0,0,0
252.29156574997813,1799.9429931640625,-3817.44677734375,209.57400512695312,119.09860032335415,0.0,0.0,0.09072332759387791,8,2,2,32,13,33,18,7,3,13,2,3,22,1,0,1799.9430010640508,-3817.4468889867767,119.09860032335415,0,0,0,0,0,0
252.37489904997813,1799.9364013671875,-3817.45068359375,209.57322692871094,119.09326948744183,0.0,0.0,0.08886100258678198,8,2,2,32,13,33,18,7,3,13,2,3,22,1,0,1799.936431429646,-3817.4506858653367,119.09326948744183,0,0,0,0,0,0
252.5415656499781,1799.923828125,-3817.458740234375,209.5717010498047,119.08264911327649,0.0,0.0,0.0872260017786175,8,2,2,32,13,33,18,7,3,13,2,3,22,1,0,1799.9237850429822,-3817.4587432182066,119.08264911327649,0,0,0,0,0,0
252.6665655999781,1799.914306640625,-3817.464599609375,209.5706024169922,119.07476530865874,0.0,0.0,0.08829212747514248,8,2,2,32,13,33,18,7,3,13,2,3,22,1,0,1799.9142610909182,-3817.464666913391,119.07476530865874,0,0,0,0,0,0
252.83323219997808,1799.90087890625,-3817.471435546875,209.56915283203125,119.06437281757282,0.0,0.0,0.09002748993225396,8,2,2,32,13,33,18,7,3,13,2,3,22,1,0,1799.9008841818566,-3817.4713459809495,119.06437281757282,0,0,0,0,0,0
252.91656549997808,1799.893798828125,-3817.473876953125,209.5684051513672,119.0592194453793,0.0,0.0,0.0915755343157798,8,2,2,32,13,33,18,7,3,13,2,3,22,1,0,1799.8938497480829,-3817.473976916641,119.0592194453793,0,0,0,0,0,0
253.08323209997806,1799.879150390625,-3817.47802734375,209.56687927246094,119.04900756870256,0.0,0.0,0.09383534779772162,8,2,2,32,13,33,18,7,3,13,2,3,22,1,0,1799.8791897707856,-3817.4779603115203,119.04900756870256,0,0,0,0,0,0
253.20823204997805,1799.867919921875,-3817.480224609375,209.56573486328125,119.04140836771542,0.0,0.0,0.09426596225239336,8,2,2,32,13,33,18,7,3,13,2,3,22,1,0,1799.8679196857572,-3817.4801087227,119.04140836771542,0,0,0,0,0,0
253.33323199997804,1799.856689453125,-3817.482177734375,209.5645751953125,119.0338657223293,0.0,0.0,0.09336871444247663,8,2,2,32,13,33,18,7,3,13,2,3,22,1,0,1799.856703596054,-3817.482080948087,119.0338657223293,0,0,0,0,0,0
253.45823194997803,1799.845703125,-3817.484375,209.5634765625,119.02640252101178,0.0,0.0,0.09106333600357175,8,2,2,32,13,33,18,7,3,13,2,3,22,1,0,1799.8456674476174,-3817.4842898573743,119.02640252101178,0,0,0,0,0,0
253.624898549978,1799.8316650390625,-3817.487548828125,209.56201171875,119.01646297280247,0.0,0.0,0.08707455708645284,8,2,2,32,13,33,18,7,3,13,2,3,22,1,0,1799.8316231862216,-3817.4875042407534,119.01646297280247,0,0,0,0,0,0
253.791565149978,1799.81787109375,-3817.49072265625,209.560546875,119.00663205654155,0.0,0.0,0.08580350549891591,8,2,2,32,13,33,18,7,3,13,2,3,22,1,0,1799.817926550847,-3817.490755900831,119.00663205654155,0,0,0,0,0,0
253.916565099978,1799.8077392578125,-3817.4931640625,209.55950927734375,118.99932508383327,0.0,0.0,0.08538053371012211,8,2,2,32,13,33,18,7,3,13,2,3,22,1,0,1799.8077670062462,-3817.493147293792,118.99932508383327,0,0,0,0,0,0
254.04156504997798,1799.797607421875,-3817.495361328125,209.55845642089844,118.99206538189401,0.0,0.0,0.08472463232465088,8,2,2,32,13,33,18,7,3,13,2,3,22,1,0,1799.7976650180071,-3817.495387083174,118.99206538189401,0,0,0,0,0,0
254.16656499997796,1799.78759765625,-3817.497314453125,209.557373046875,118.98485476810399,0.0,0.0,0.08455390925519168,8,2,2,32,13,33,18,7,3,13,2,3,22,1,0,1799.7875982098667,-3817.4973969661623,118.98485476810399,0,0,0,0,0,0
254.29156494997795,1799.777587890625,-3817.4990234375,209.55630493164062,118.97768230247746,0.0,0.0,0.08435591007582843,8,2,2,32,13,33,18,7,3,13,2,3,22,1,0,1799.7775581550798,-3817.4991155901785,118.97768230247746,0,0,0,0,0,0
254.45823154997794,1799.76416015625,-3817.5009765625,209.55487060546875,118.9681910446003,0.0,0.0,0.08418294019065797,8,2,2,32,13,33,18,7,3,13,2,3,22,1,0,1799.7641569670361,-3817.500965078366,118.9681910446003,0,0,0,0,0,0
254.62489814997792,1799.750732421875,-3817.50244140625,209.55345153808594,118.9587900092656,0.0,0.0,0.08407575660385191,8,2,2,32,13,33,18,7,3,13,2,3,22,1,0,1799.7507784872084,-3817.5024677545116,118.9587900092656,0,0,0,0,0,0
254.7915647499779,1799.7373046875,-3817.503662109375,209.5520477294922,118.94952049289941,0.0,0.0,0.08507688762620091,8,2,2,32,13,33,18,7,3,13,2,3,22,1,0,1799.7372542693186,-3817.5036538716918,118.94952049289941,0,0,0,0,0,0
254.8748980499779,1799.7305908203125,-3817.504150390625,209.55136108398438,118.94491326562333,0.0,0.0,0.08403966203331947,8,2,2,32,13,33,18,7,3,13,2,3,22,1,0,1799.730542808734,-3817.504260185394,118.94491326562333,0,0,0,0,0,0
254.9998979999779,1799.7205810546875,-3817.50537109375,209.55030822753906,118.9380421476339,0.0,0.0,0.08208879153244197,8,2,2,32,13,33,18,7,3,13,2,3,22,1,0,1799.7206327334127,-3817.505307519658,118.9380421476339,0,0,0,0,0,0
255.12489794997788,1799.7109375,-3817.506591796875,209.54925537109375,118.93120320184981,0.0,0.0,0.08022833499126136,8,2,2,32,13,33,18,7,3,13,2,3,22,1,0,1799.7109756734446,-3817.506489986328,118.93120320184981,0,0,0,0,0,0
255.29156454997786,1799.698486328125,-3817.508056640625,209.54788208007812,118.92212042374565,0.0,0.0,0.07808205555193126,8,2,2,32,13,33,18,7,3,13,2,3,22,1,0,1799.698449730666,-3817.5081400292797,118.92212042374565,0,0,0,0,0,0
255.41656449997785,1799.6890869140625,-3817.50927734375,209.546875,118.91536871093301,0.0,0.0,0.07817856967449188,8,2,2,32,13,33,18,7,3,13,2,3,22,1,0,1799.6891271174795,-3817.5093442503444,118.91536871093301,0,0,0,0,0,0
255.58323109997784,1799.6767578125,-3817.5107421875,209.54554748535156,118.9064265751973,0.0,0.0,0.07810929091647267,8,2,2,32,13,33,18,7,3,13,2,3,22,1,0,1799.6767162729461,-3817.5107461535,118.9064265751973,0,0,0,0,0,0
255.70823104997783,1799.6673583984375,-3817.511474609375,209.5445098876953,118.89976358956099,0.0,0.0,0.07832249393686652,8,2,2,32,13,33,18,7,3,13,2,3,22,1,0,1799.6674049303788,-3817.5115483081363,118.89976358956099,0,0,0,0,0,0
255.8748976499778,1799.655029296875,-3817.51220703125,209.54312133789062,118.89093771156489,0.0,0.0,0.07822767365723848,8,2,2,32,13,33,18,7,3,13,2,3,22,1,0,1799.654996242388,-3817.5122815523528,118.89093771156489,0,0,0,0,0,0
255.9998975999778,1799.645751953125,-3817.5126953125,209.54208374023438,118.88435881278784,0.0,0.0,0.07805238128639758,8,2,2,32,13,33,18,7,3,13,2,3,22,1,0,1799.6457167088288,-3817.5126661218806,118.88435881278784,0,0,0,0,0,0
256.20823084997846,1799.6304931640625,-3817.51318359375,209.54034423828125,118.87343139310352,0.0,0.0,0.07633880595676601,8,2,2,32,13,33,18,7,3,13,2,3,22,1,0,1799.630514496538,-3817.5130926073457,118.87343139310352,0,0,0,0,0,0
256.374897449979,1799.61865234375,-3817.513427734375,209.53892517089844,118.86472955633279,0.0,0.0,0.07500250358134508,8,2,2,32,13,33,18,7,3,13,2,3,22,1,0,1799.6186060998652,-3817.5133147653037,118.86472955633279,0,0,0,0,0,0
256.49989739997943,1799.6097412109375,-3817.513427734375,209.5378875732422,118.85823639346806,0.0,0.0,0.07466076058335602,8,2,2,32,13,33,18,7,3,13,2,3,22,1,0,1799.6097869660703,-3817.513466233155,118.85823639346806,0,0,0,0,0,0
256.54156404997957,1799.6068115234375,-3817.513427734375,209.5375518798828,118.85607814069184,0.0,0.0,0.07415067520923913,8,2,2,32,13,33,18,7,3,13,2,3,22,1,0,1799.6068647517227,-3817.5135167228837,118.85607814069184,0,0,0,0,0,0
256.7082306499801,1799.59521484375,-3817.513671875,209.5361785888672,118.84750632467153,0.0,0.0,0.07375627174042165,8,2,2,32,13,33,18,7,3,13,2,3,22,1,0,1799.5951847408573,-3817.5137897233,118.84750632467153,0,0,0,0,0,0
256.8748972499807,1799.5836181640625,-3817.51416015625,209.53480529785156,118.83898956881842,0.0,0.0,0.07260871934704483,8,2,2,32,13,33,18,7,3,13,2,3,22,1,0,1799.5836602528275,-3817.5141193652103,118.83898956881842,0,0,0,0,0,0
257.08323049998137,1799.569580078125,-3817.514404296875,209.53306579589844,118.82837575510887,0.0,0.0,0.07091520237736404,8,2,2,32,13,33,18,7,3,13,2,3,22,1,0,1799.5695881643655,-3817.5144880389316,118.82837575510887,0,0,0,0,0,0
257.2498970999819,1799.5587158203125,-3817.514404296875,209.5316162109375,118.8198284778509,0.0,0.0,0.07314028916880488,8,2,2,32,13,33,18,7,3,13,2,3,22,1,0,1799.5587195459627,-3817.5143706677823,118.8198284778509,0,0,0,0,0,0
257.37489704998234,1799.549560546875,-3817.516357421875,209.5308074951172,118.81403867684242,0.0,0.0,0.07631306070834398,8,2,2,32,13,33,18,7,3,13,2,3,22,1,0,1799.549620659894,-3817.516445673109,118.81403867684242,0,0,0,0,0,0
257.5415636499829,1799.5394287109375,-3817.52197265625,209.52996826171875,118.80613341482476,0.0,0.0,0.07042327197268605,8,2,2,32,13,33,18,7,3,13,2,3,22,1,0,1799.5393872601664,-3817.521937113824,118.80613341482476,0,0,0,0,0,0
257.6665635999833,1799.5325927734375,-3817.527099609375,209.52908325195312,118.80016332297033,0.0,0.0,0.06469606887549162,8,2,2,32,13,33,18,7,3,13,2,3,22,1,0,1799.5326447186162,-3817.5270823848687,118.80016332297033,0,0,0,0,0,0
257.7915635499837,1799.5260009765625,-3817.531982421875,209.52821350097656,118.79420849226894,0.0,0.0,0.06441994337365031,8,2,2,32,13,33,18,7,3,13,2,3,22,1,0,1799.525973566586,-3817.5320245347825,118.79420849226894,0,0,0,0,0,0
257.9998967999844,1799.5126953125,-3817.536376953125,209.52685546875,118.78422322800078,0.0,0.0,0.07716332329437137,8,2,2,32,13,33,18,7,3,13,2,3,22,1,0,1799.512718204824,-3817.5363200904885,118.78422322800078,0,0,0,0,0,0
258.1248967499848,1799.5029296875,-3817.535400390625,209.52577209472656,118.77823174066607,0.0,0.0,0.08750454871915281,8,2,2,32,13,33,18,7,3,13,2,3,22,1,0,1799.5029145161127,-3817.535303872411,118.77823174066607,0,0,0,0,0,0
258.2082300499851,1799.49609375,-3817.53369140625,209.5249481201172,118.77422883644802,0.0,0.0,0.09077193681150675,8,2,2,32,13,33,18,7,3,13,2,3,22,1,0,1799.4960809636996,-3817.5337452811514,118.77422883644802,0,0,0,0,0,0
258.4165632999858,1799.47900390625,-3817.52978515625,209.5230255126953,118.76431239669053,0.0,0.0,0.08383834501728415,8,2,2,32,13,33,18,7,3,13,2,3,22,1,0,1799.479060488882,-3817.5298581528054,118.76431239669053,0,0,0,0,0,0
258.58322989998635,1799.46728515625,-3817.529296875,209.5216522216797,118.75635715620909,0.0,0.0,0.06835272070020437,8,2,2,32,13,33,18,7,3,13,2,3,22,1,0,1799.4672626152737,-3817.5292872039036,118.75635715620909,0,0,0,0,0,0
258.7498964999869,1799.457275390625,-3817.531982421875,209.52041625976562,118.7485210149847,0.0,0.0,0.06604844238609076,8,2,2,32,13,33,18,7,3,13,2,3,22,1,0,1799.4573206734717,-3817.5321012978125,118.7485210149847,0,0,0,0,0,0
258.91656309998746,1799.4534912109375,-3817.5517578125,209.52072143554688,118.74177005957579,0.0,0.0,0.17149366904050112,8,2,2,32,13,33,18,7,3,13,2,3,22,1,0,1799.4535144131703,-3817.5518738709493,118.74177005957579,0,0,0,0,0,0
259.0415630499879,1799.45556640625,-3817.578369140625,209.5211181640625,118.7369234553757,0.0,0.0,0.2267602365463972,8,2,2,32,13,33,18,7,3,13,2,3,22,1,0,1799.4555252299688,-3817.578375876105,118.7369234553757,0,0,0,0,0,0
259.2082296499884,1799.45947265625,-3817.61767578125,209.5213623046875,118.73056539654834,0.0,0.0,0.22038256283849478,8,2,2,32,13,33,18,7,3,13,2,3,22,1,0,1799.4594558293766,-3817.617796661127,118.73056539654834,0,0,0,0,0,0
259.374896249989,1799.4593505859375,-3817.652099609375,209.5219268798828,118.72446108993799,0.0,0.0,0.17723622731864452,8,2,2,32,13,33,18,7,3,13,2,3,22,1,0,1799.4592972258968,-3817.652135517286,118.72446108993799,0,0,0,0,0,0
259.54156284998953,1799.45361328125,-3817.679443359375,209.5224609375,118.71875716594609,0.0,0.0,0.14910296304151416,8,2,2,32,13,33,18,7,3,13,2,3,22,1,0,1799.4536679247901,-3817.6793560187607,118.71875716594609,0,0,0,0,0,0
259.66656279998995,1799.4471435546875,-3817.697021484375,209.5225830078125,118.71472837500774,0.0,0.0,0.1417364925146103,8,2,2,32,13,33,18,7,3,13,2,3,22,1,0,1799.4471398969004,-3817.6969202961536,118.71472837500774,0,0,0,0,0,0
259.8332293999905,1799.437255859375,-3817.71923828125,209.5226287841797,118.7095762441038,0.0,0.0,0.14100067783147097,8,2,2,32,13,33,18,7,3,13,2,3,22,1,0,1799.4372785226087,-3817.7191694036123,118.7095762441038,0,0,0,0,0,0
259.9582293499909,1799.4296875,-3817.73583984375,209.52273559570312,118.70582260081781,0.0,0.0,0.14264556812122464,8,2,2,32,13,33,18,7,3,13,2,3,22,1,0,1799.4296518396875,-3817.735893749044,118.70582260081781,0,0,0,0,0,0
260.1665625999916,1799.416748046875,-3817.763671875,209.52293395996094,118.69969853941319,0.0,0.0,0.14101185370236635,8,2,2,32,13,33,18,7,3,13,2,3,22,1,0,1799.4167666110986,-3817.7636387822604,118.69969853941319,0,0,0,0,0,0
260.3748958499923,1799.4034423828125,-3817.790771484375,209.5230255126953,118.69363702501633,0.0,0.0,0.1400628825649619,8,2,2,32,13,33,18,7,3,13,2,3,22,1,0,1799.403398202933,-3817.790822802607,118.69363702501633,0,0,0,0,0,0
260.583229099993,1799.3895263671875,-3817.8173828125,209.523193359375,118.68771779075848,0.0,0.0,0.1378176617436111,8,2,2,32,13,33,18,7,3,13,2,3,22,1,0,1799.3895516302,-3817.8174238138226,118.68771779075848,0,0,0,0,0,0
260.7082290499934,1799.3812255859375,-3817.8330078125,209.5232696533203,118.68418887243492,0.0,0.0,0.13688737526535988,8,2,2,32,13,33,18,7,3,13,2,3,22,1,0,1799.3812713066873,-3817.8330861992363,118.68418887243492,0,0,0,0,0,0
260.9165622999941,1799.36767578125,-3817.859130859375,209.52337646484375,118.67837198119094,0.0,0.0,0.1367189222946763,8,2,2,32,13,33,18,7,3,13,2,3,22,1,0,1799.3676355410141,-3817.859178350193,118.67837198119094,0,0,0,0,0,0
261.0415622499945,1799.359375,-3817.874755859375,209.52346801757812,118.67494854297149,0.0,0.0,0.13743601739406586,8,2,2,32,13,33,18,7,3,13,2,3,22,1,0,1799.3593685481192,-3817.874853770796,118.67494854297149,0,0,0,0,0,0
261.20822884999507,1799.347900390625,-3817.895263671875,209.52362060546875,118.67044619467066,0.0,0.0,0.13531120494008064,8,2,2,32,13,33,18,7,3,13,2,3,22,1,0,1799.3479486194462,-3817.8953683579,118.67044619467066,0,0,0,0,0,0
261.3748954499956,1799.33642578125,-3817.91552734375,209.52371215820312,118.66597273299084,0.0,0.0,0.1344259944744408,8,2,2,32,13,33,18,7,3,13,2,3,22,1,0,1799.3364550978729,-3817.9155398385674,118.66597273299084,0,0,0,0,0,0
261.49989539999603,1799.3280029296875,-3817.9306640625,209.52377319335938,118.66263651536626,0.0,0.0,0.13442393392324448,8,2,2,32,13,33,18,7,3,13,2,3,22,1,0,1799.328019052711,-3817.930648655911,118.66263651536626,0,0,0,0,0,0
261.5415620499962,1799.3251953125,-3817.935791015625,209.5238037109375,118.6615238036452,0.0,0.0,0.13464700896292925,8,2,2,32,13,33,18,7,3,13,2,3,22,1,0,1799.3252365784228,-3817.935715762255,118.6615238036452,0,0,0,0,0,0
261.7082286499967,1799.3140869140625,-3817.9560546875,209.52392578125,118.65711616724575,0.0,0.0,0.13495865277945995,8,2,2,32,13,33,18,7,3,13,2,3,22,1,0,1799.3141164275767,-3817.956091833822,118.65711616724575,0,0,0,0,0,0
261.9165618999974,1799.30029296875,-3817.9814453125,209.52407836914062,118.65164488287736,0.0,0.0,0.1338730799034238,8,2,2,32,13,33,18,7,3,13,2,3,22,1,0,1799.3003404944013,-3817.9814722745546,118.65164488287736,0,0,0,0,0,0
262.1248951499981,1799.2869873046875,-3818.00732421875,209.5242156982422,118.64623928378793,0.0,0.0,0.13299143174663186,8,2,2,32,13,33,18,7,3,13,2,3,22,1,0,1799.2870286518134,-3818.00727449658,118.64623928378793,0,0,0,0,0,0
262.29156174999866,1799.2760009765625,-3818.027099609375,209.5243682861328,118.64194176126318,0.0,0.0,0.1312000211328268,8,2,2,32,13,33,18,7,3,13,2,3,22,1,0,1799.275981837406,-3818.027073524729,118.64194176126318,0,0,0,0,0,0
262.37489504999894,1799.2703857421875,-3818.036865234375,209.52444458007812,118.63981282782464,0.0,0.0,0.13151555322110653,8,2,2,32,13,33,18,7,3,13,2,3,22,1,0,1799.2703872472337,-3818.03688429994,118.63981282782464,0,0,0,0,0,0
262.5415616499995,1799.25927734375,-3818.056640625,209.52455139160156,118.63556872531709,0.0,0.0,0.1318494090810418,8,2,2,32,13,33,18,7,3,13,2,3,22,1,0,1799.259276644317,-3818.0565431523582,118.63556872531709,0,0,0,0,0,0
262.7498949000002,1799.24560546875,-3818.081298828125,209.5247039794922,118.630316031312,0.0,0.0,0.1315614557825029,8,2,2,32,13,33,18,7,3,13,2,3,22,1,0,1799.2456524893719,-3818.081343254255,118.630316031312,0,0,0,0,0,0
262.8748948500006,1799.2376708984375,-3818.09619140625,209.52481079101562,118.62718000511288,0.0,0.0,0.13100678334012628,8,2,2,32,13,33,18,7,3,13,2,3,22,1,0,1799.237633394777,-3818.096242004063,118.62718000511288,0,0,0,0,0,0
263.04156145000115,1799.22705078125,-3818.115966796875,209.5249481201172,118.62302162278982,0.0,0.0,0.13046610401943326,8,2,2,32,13,33,18,7,3,13,2,3,22,1,0,1799.2270615865984,-3818.116066398736,118.62302162278982,0,0,0,0,0,0
263.2082280500017,1799.216552734375,-3818.135986328125,209.5251007080078,118.61888913272728,0.0,0.0,0.130233948584646,8,2,2,32,13,33,18,7,3,13,2,3,22,1,0,1799.2165768213044,-3818.1358664894306,118.61888913272728,0,0,0,0,0,0
263.37489465000226,1799.2061767578125,-3818.15576171875,209.52525329589844,118.61478267206385,0.0,0.0,0.12984095374122262,8,2,2,32,13,33,18,7,3,13,2,3,22,1,0,1799.2061574403056,-3818.1556414853085,118.61478267206385,0,0,0,0,0,0
263.5415612500028,1799.19580078125,-3818.17529296875,209.52540588378906,118.61070673770756,0.0,0.0,0.12927509378641844,8,2,2,32,13,33,18,7,3,13,2,3,22,1,0,1799.1957998969517,-3818.175334500662,118.61070673770756,0,0,0,0,0,0
263.7498945000035,1799.1834716796875,-3818.199462890625,209.52560424804688,118.60580714017085,0.0,0.0,0.12071547098457813,8,2,2,32,13,33,18,7,3,13,2,3,22,1,0,1799.1834571254813,-3818.1994140174525,118.60580714017085,0,0,0,0,0,0
263.91656110000406,1799.174072265625,-3818.217041015625,209.5258026123047,118.60222344131735,0.0,0.0,0.113023875746876,8,2,2,32,13,33,18,7,3,13,2,3,22,1,0,1799.174076130544,-3818.2171040216936,118.60222344131735,0,0,0,0,0,0
264.0415610500045,1799.166748046875,-3818.229736328125,209.52603149414062,118.59957188332811,0.0,0.0,0.11280789040029049,8,2,2,32,13,33,18,7,3,13,2,3,22,1,0,1799.1667715379776,-3818.2297350350673,118.59957188332811,0,0,0,0,0,0
264.1665610000049,1799.159423828125,-3818.2421875,209.52622985839844,118.59693872258411,0.0,0.0,0.11315530864521861,8,2,2,32,13,33,18,7,3,13,2,3,22,1,0,1799.1594091943896,-3818.2422823579664,118.59693872258411,0,0,0,0,0,0
264.2915609500053,1799.1522216796875,-3818.2548828125,209.52638244628906,118.59432695744388,0.0,0.0,0.11264256900176406,8,2,2,32,13,33,18,7,3,13,2,3,22,1,0,1799.1521813986612,-3818.254926457117,118.59432695744388,0,0,0,0,0,0
264.45822755000586,1799.142822265625,-3818.27197265625,209.52659606933594,118.59086236611192,0.0,0.0,0.11219877051189542,8,2,2,32,13,33,18,7,3,13,2,3,22,1,0,1799.1428212365843,-3818.271851305442,118.59086236611192,0,0,0,0,0,0
264.66656080000655,1799.13134765625,-3818.29345703125,209.52688598632812,118.58652068931508,0.0,0.0,0.11404422111809254,8,2,2,32,13,33,18,7,3,13,2,3,22,1,0,1799.1313562431942,-3818.2933663277745,118.58652068931508,0,0,0,0,0,0
264.8332274000071,1799.1224365234375,-3818.310791015625,209.52713012695312,118.58305309942688,0.0,0.0,0.11434353655204177,8,2,2,32,13,33,18,7,3,13,2,3,22,1,0,1799.12238600822,-3818.3108168881745,118.58305309942688,0,0,0,0,0,0
264.87489405000724,1799.1201171875,-3818.315185546875,209.52719116210938,118.5821820112583,0.0,0.0,0.11425747070461512,8,2,2,32,13,33,18,7,3,13,2,3,22,1,0,1799.120142524357,-3818.3151915449002,118.5821820112583,0,0,0,0,0,0
265.08322730000793,1799.1090087890625,-3818.3369140625,209.5275115966797,118.57787086112984,0.0,0.0,0.11319918558001518,8,2,2,32,13,33,18,7,3,13,2,3,22,1,0,1799.1089994556337,-3818.336972795689,118.57787086112984,0,0,0,0,0,0
265.2498939000085,1799.10009765625,-3818.354248046875,209.5277862548828,118.57445982659151,0.0,0.0,0.11218057479709387,8,2,2,32,13,33,18,7,3,13,2,3,22,1,0,1799.1001304624667,-3818.354207749385,118.57445982659151,0,0,0,0,0,0
265.4582271500092,1799.089111328125,-3818.375732421875,209.52809143066406,118.57022812702155,0.0,0.0,0.11166788171976805,8,2,2,32,13,33,18,7,3,13,2,3,22,1,0,1799.0891634815614,-3818.3756218975454,118.57022812702155,0,0,0,0,0,0
265.62489375000973,1799.0804443359375,-3818.392822265625,209.52835083007812,118.56686914884274,0.0,0.0,0.11125068413093686,8,2,2,32,13,33,18,7,3,13,2,3,22,1,0,1799.080443842773,-3818.392716037485,118.56686914884274,0,0,0,0,0,0
265.70822705001,1799.0760498046875,-3818.401123046875,209.52847290039062,118.5652049232411,0.0,0.0,0.11108848266303539,8,2,2,32,13,33,18,7,3,13,2,3,22,1,0,1799.0760783416458,-3818.401224385439,118.5652049232411,0,0,0,0,0,0
265.87489365001056,1799.0672607421875,-3818.418212890625,209.5287322998047,118.56189936739499,0.0,0.0,0.11084118159487844,8,2,2,32,13,33,18,7,3,13,2,3,22,1,0,1799.0672190637129,-3818.418136591269,118.56189936739499,0,0,0,0,0,0
266.0415602500111,1799.058349609375,-3818.434814453125,209.52899169921875,118.55861833968045,0.0,0.0,0.11032221373170614,8,2,2,32,13,33,18,7,3,13,2,3,22,1,0,1799.0583049964102,-3818.434906761134,118.55861833968045,0,0,0,0,0,0
266.2498935000118,1799.0472412109375,-3818.455810546875,209.52931213378906,118.55455017375208,0.0,0.0,0.10946288239210844,8,2,2,32,13,33,18,7,3,13,2,3,22,1,0,1799.047221725501,-3818.4557614842665,118.55455017375208,0,0,0,0,0,0
266.4582267500125,1799.0362548828125,-3818.4765625,209.52963256835938,118.55051879972889,0.0,0.0,0.10897639440372586,8,2,2,32,13,33,18,7,3,13,2,3,22,1,0,1799.0362563229014,-3818.4765123699262,118.55051879972889,0,0,0,0,0,0
266.5415600500128,1799.0318603515625,-3818.48486328125,209.52975463867188,118.54891726109946,0.0,0.0,0.10866082739084959,8,2,2,32,13,33,18,7,3,13,2,3,22,1,0,1799.03190943386,-3818.4847930971137,118.54891726109946,0,0,0,0,0,0
266.74989330001347,1799.0211181640625,-3818.50537109375,209.53009033203125,118.54494544187335,0.0,0.0,0.10838916059583426,8,2,2,32,13,33,18,7,3,13,2,3,22,1,0,1799.0211346157078,-3818.5054109619296,118.54494544187335,0,0,0,0,0,0
266.916559900014,1799.0125732421875,-3818.52197265625,209.53033447265625,118.54176062837657,0.0,0.0,0.1081075519323349,8,2,2,32,13,33,18,7,3,13,2,3,22,1,0,1799.0126264506368,-3818.5219325536414,118.54176062837657,0,0,0,0,0,0
267.0832265000146,1799.0042724609375,-3818.53857421875,209.5305938720703,118.53858507852823,0.0,0.0,0.1086527481675148,8,2,2,32,13,33,18,7,3,13,2,3,22,1,0,1799.0042918713261,-3818.538625511518,118.53858507852823,0,0,0,0,0,0
267.24989310001513,1798.9959716796875,-3818.555419921875,209.53085327148438,118.53541402895556,0.0,0.0,0.10836307192221284,8,2,2,32,13,33,18,7,3,13,2,3,22,1,0,1798.9959706363188,-3818.5553411251303,118.53541402895556,0,0,0,0,0,0
267.37489305001554,1798.98974609375,-3818.56787109375,209.5310516357422,118.5330591438211,0.0,0.0,0.10752907255664468,8,2,2,32,13,33,18,7,3,13,2,3,22,1,0,1798.9897069965564,-3818.5677744086133,118.5330591438211,0,0,0,0,0,0
267.58322630001624,1798.9788818359375,-3818.588134765625,209.5314178466797,118.52924022561562,0.0,0.0,0.10628424352034926,8,2,2,32,13,33,18,7,3,13,2,3,22,1,0,1798.9789193828428,-3818.588090620804,118.52924022561562,0,0,0,0,0,0
267.7915595500169,1798.9678955078125,-3818.60791015625,209.53175354003906,118.5254670990992,0.0,0.0,0.10518570197746158,8,2,2,32,13,33,18,7,3,13,2,3,22,1,0,1798.9679349055575,-3818.607882076924,118.5254670990992,0,0,0,0,0,0
267.91655950001734,1798.96142578125,-3818.61962890625,209.53195190429688,118.5232283239711,0.0,0.0,0.10396592551842332,8,2,2,32,13,33,18,7,3,13,2,3,22,1,0,1798.96142492526,-3818.6197382244586,118.5232283239711,0,0,0,0,0,0
268.0832261000179,1798.9530029296875,-3818.6357421875,209.53221130371094,118.52024070303578,0.0,0.0,0.10454197181388736,8,2,2,32,13,33,18,7,3,13,2,3,22,1,0,1798.9529688747352,-3818.635661847578,118.52024070303578,0,0,0,0,0,0
268.2082260500183,1798.94677734375,-3818.647705078125,209.53240966796875,118.51800955992871,0.0,0.0,0.10520690120756626,8,2,2,32,13,33,18,7,3,13,2,3,22,1,0,1798.946746464641,-3818.6476660231724,118.51800955992871,0,0,0,0,0,0
268.37489265001886,1798.9383544921875,-3818.66357421875,209.53268432617188,118.5150570983611,0.0,0.0,0.10463586077094078,8,2,2,32,13,33,18,7,3,13,2,3,22,1,0,1798.9383885660086,-3818.663646786966,118.5150570983611,0,0,0,0,0,0
268.58322590001956,1798.927978515625,-3818.683349609375,209.53302001953125,118.51136655398244,0.0,0.0,0.10423359926789999,8,2,2,32,13,33,18,7,3,13,2,3,22,1,0,1798.9279545363677,-3818.6834049560202,118.51136655398244,0,0,0,0,0,0
268.79155915002025,1798.9176025390625,-3818.703125,209.53335571289062,118.50771579981851,0.0,0.0,0.10379102313891053,8,2,2,32,13,33,18,7,3,13,2,3,22,1,0,1798.9176214942863,-3818.70318189436,118.50771579981851,0,0,0,0,0,0
268.99989240002094,1798.9072265625,-3818.72265625,209.53372192382812,118.50412310082076,0.0,0.0,0.10325385956093669,8,2,2,32,13,33,18,7,3,13,2,3,22,1,0,1798.9071941197449,-3818.722772038009,118.50412310082076,0,0,0,0,0,0
269.0832257000212,1798.9029541015625,-3818.73046875,209.5338592529297,118.50269422768926,0.0,0.0,0.10204472346231341,8,2,2,32,13,33,18,7,3,13,2,3,22,1,0,1798.9030065168463,-3818.730513086997,118.50269422768926,0,0,0,0,0,0
269.24989230002177,1798.894775390625,-3818.74609375,209.53411865234375,118.49985337530974,0.0,0.0,0.10199351236224174,8,2,2,32,13,33,18,7,3,13,2,3,22,1,0,1798.894745440175,-3818.745989888364,118.49985337530974,0,0,0,0,0,0
269.4165589000223,1798.8865966796875,-3818.761474609375,209.53440856933594,118.49702778712674,0.0,0.0,0.10281943250447512,8,2,2,32,13,33,18,7,3,13,2,3,22,1,0,1798.8865506872144,-3818.7614609475518,118.49702778712674,0,0,0,0,0,0
269.624892150023,1798.87646484375,-3818.781005859375,209.5347442626953,118.49348864148028,0.0,0.0,0.10278803529217839,8,2,2,32,13,33,18,7,3,13,2,3,22,1,0,1798.8764463119257,-3818.7810253868734,118.49348864148028,0,0,0,0,0,0
269.79155875002357,1798.868408203125,-3818.796630859375,209.5350341796875,118.49068444895866,0.0,0.0,0.10202027624472976,8,2,2,32,13,33,18,7,3,13,2,3,22,1,0,1798.8684381743983,-3818.7966767568773,118.49068444895866,0,0,0,0,0,0
269.87489205002385,1798.864501953125,-3818.804443359375,209.53517150878906,118.48928623290483,0.0,0.0,0.10151240276172757,8,2,2,32,13,33,18,7,3,13,2,3,22,1,0,1798.8644517564762,-3818.804441274425,118.48928623290483,0,0,0,0,0,0
270.08322530002454,1798.8544921875,-3818.82373046875,209.5355224609375,118.4858157761928,0.0,0.0,0.10082500521093607,8,2,2,32,13,33,18,7,3,13,2,3,22,1,0,1798.8545426591581,-3818.823776274813,118.4858157761928,0,0,0,0,0,0
270.2498919000251,1798.8465576171875,-3818.839111328125,209.5358123779297,118.48307426974618,0.0,0.0,0.10019990149885416,8,2,2,32,13,33,18,7,3,13,2,3,22,1,0,1798.8465842582086,-3818.839113619722,118.48307426974618,0,0,0,0,0,0
270.41655850002564,1798.838623046875,-3818.854248046875,209.53610229492188,118.48034802767631,0.0,0.0,0.0999216572381556,8,2,2,32,13,33,18,7,3,13,2,3,22,1,0,1798.8386401529763,-3818.8543532708827,118.48034802767631,0,0,0,0,0,0
270.5832251000262,1798.830810546875,-3818.86962890625,209.536376953125,118.47763104627708,0.0,0.0,0.0997715163975954,8,2,2,32,13,33,18,7,3,13,2,3,22,1,0,1798.8307969668344,-3818.8695751592895,118.47763104627708,0,0,0,0,0,0
270.7082250500266,1798.824951171875,-3818.881103515625,209.53659057617188,118.47560472658832,0.0,0.0,0.09965114295482635,8,2,2,32,13,33,18,7,3,13,2,3,22,1,0,1798.8248949916212,-3818.8810002385403,118.47560472658832,0,0,0,0,0,0
270.9165583000273,1798.815185546875,-3818.89990234375,209.53695678710938,118.47224287627581,0.0,0.0,0.09832264622673392,8,2,2,32,13,33,18,7,3,13,2,3,22,1,0,1798.8151369343811,-3818.899946608541,118.47224287627581,0,0,0,0,0,0
271.08322490002786,1798.8074951171875,-3818.9150390625,209.5372314453125,118.46955792449296,0.0,0.0,0.09782490087673068,8,2,2,32,13,33,18,7,3,13,2,3,22,1,0,1798.807510157441,-3818.9151008310782,118.46955792449296,0,0,0,0,0,0
271.2498915000284,1798.800048828125,-3818.93017578125,209.5375213623047,118.46688823722714,0.0,0.0,0.09784182766452432,8,2,2,32,13,33,18,7,3,13,2,3,22,1,0,1798.8000048969318,-3818.9302656488053,118.46688823722714,0,0,0,0,0,0
271.4582247500291,1798.7906494140625,-3818.948974609375,209.5378875732422,118.46359057348256,0.0,0.0,0.09740062523633242,8,2,2,32,13,33,18,7,3,13,2,3,22,1,0,1798.7906222803576,-3818.949046700349,118.46359057348256,0,0,0,0,0,0
271.5415580500294,1798.7867431640625,-3818.956298828125,209.53802490234375,118.46229933481008,0.0,0.0,0.09583208593539894,8,2,2,32,13,33,18,7,3,13,2,3,22,1,0,1798.7867854579563,-3818.956376175906,118.46229933481008,0,0,0,0,0,0
271.7498913000301,1798.777099609375,-3818.974365234375,209.53839111328125,118.45907949464603,0.0,0.0,0.09477055864408612,8,2,2,32,13,33,18,7,3,13,2,3,22,1,0,1798.7771273692356,-3818.9742775550803,118.45907949464603,0,0,0,0,0,0
271.9165579000306,1798.769287109375,-3818.98876953125,209.5386505126953,118.45651991403787,0.0,0.0,0.09600953198969364,8,2,2,32,13,33,18,7,3,13,2,3,22,1,0,1798.769347722974,-3818.9887202192635,118.45651991403787,0,0,0,0,0,0
272.0832245000312,1798.76171875,-3819.003173828125,209.53892517089844,118.45396646437706,0.0,0.0,0.09637049515731633,8,2,2,32,13,33,18,7,3,13,2,3,22,1,0,1798.761665478666,-3819.003273517918,118.45396646437706,0,0,0,0,0,0
272.29155775003187,1798.752197265625,-3819.021484375,209.53927612304688,118.4507650175936,0.0,0.0,0.09542827028781176,8,2,2,32,13,33,18,7,3,13,2,3,22,1,0,1798.7522071048052,-3819.02157575105,118.4507650175936,0,0,0,0,0,0
272.37489105003215,1798.74853515625,-3819.02880859375,209.5394287109375,118.44949667570928,0.0,0.0,0.09557922603562474,8,2,2,32,13,33,18,7,3,13,2,3,22,1,0,1798.7484826995062,-3819.0288745871235,118.44949667570928,0,0,0,0,0,0
272.58322430003284,1798.7391357421875,-3819.046875,209.53977966308594,118.44634878065379,0.0,0.0,0.09465843322686851,8,2,2,32,13,33,18,7,3,13,2,3,22,1,0,1798.7391876241745,-3819.046963823493,118.44634878065379,0,0,0,0,0,0
272.79155755003353,1798.72998046875,-3819.06494140625,209.54014587402344,118.44323754574019,0.0,0.0,0.09393546497449279,8,2,2,32,13,33,18,7,3,13,2,3,22,1,0,1798.729945046482,-3819.064878163896,118.44323754574019,0,0,0,0,0,0
272.9582241500341,1798.7225341796875,-3819.0791015625,209.54042053222656,118.44076204572976,0.0,0.0,0.09362855344079435,8,2,2,32,13,33,18,7,3,13,2,3,22,1,0,1798.7225908042308,-3819.0791503614855,118.44076204572976,0,0,0,0,0,0
273.12489075003464,1798.7154541015625,-3819.093505859375,209.5406951904297,118.43824825912284,0.0,0.0,0.09366657468490303,8,2,2,32,13,33,18,7,3,13,2,3,22,1,0,1798.7154695973281,-3819.093474361774,118.43824825912284,0,0,0,0,0,0
273.2082240500349,1798.7120361328125,-3819.100830078125,209.5408172607422,118.436990677479,0.0,0.0,0.09394034859724343,8,2,2,32,13,33,18,7,3,13,2,3,22,1,0,1798.7120308856622,-3819.1007506732517,118.436990677479,0,0,0,0,0,0
273.37489065003547,1798.7052001953125,-3819.115478515625,209.54110717773438,118.43449065417306,0.0,0.0,0.09382934658788145,8,2,2,32,13,33,18,7,3,13,2,3,22,1,0,1798.7052095585952,-3819.11536805642,118.43449065417306,0,0,0,0,0,0
273.58322390003616,1798.696533203125,-3819.13330078125,209.54147338867188,118.43140081498899,0.0,0.0,0.0926109030842781,8,2,2,32,13,33,18,7,3,13,2,3,22,1,0,1798.6965430923537,-3819.133371183735,118.43140081498899,0,0,0,0,0,0
273.7498905000367,1798.689453125,-3819.1474609375,209.54176330566406,118.42896047357958,0.0,0.0,0.09146855445578694,8,2,2,32,13,33,18,7,3,13,2,3,22,1,0,1798.689508039659,-3819.147482737493,118.42896047357958,0,0,0,0,0,0
273.9582237500374,1798.6807861328125,-3819.164794921875,209.5421142578125,118.42596697627822,0.0,0.0,0.08981521241366863,8,2,2,32,13,33,18,7,3,13,2,3,22,1,0,1798.680725525665,-3819.16484596359,118.42596697627822,0,0,0,0,0,0
274.0832237000378,1798.6754150390625,-3819.175048828125,209.54232788085938,118.42419590222157,0.0,0.0,0.09045034530572593,8,2,2,32,13,33,18,7,3,13,2,3,22,1,0,1798.6753966405872,-3819.175137922859,118.42419590222157,0,0,0,0,0,0
274.2915569500385,1798.66650390625,-3819.1923828125,209.5426788330078,118.42125883523263,0.0,0.0,0.09200127678923309,8,2,2,32,13,33,18,7,3,13,2,3,22,1,0,1798.6664443213247,-3819.192422204842,118.42125883523263,0,0,0,0,0,0
274.4998902000392,1798.657470703125,-3819.2099609375,209.5430145263672,118.41827759920841,0.0,0.0,0.09224244276992977,8,2,2,32,13,33,18,7,3,13,2,3,22,1,0,1798.6575090643803,-3819.2100789570886,118.41827759920841,0,0,0,0,0,0
274.66655680003976,1798.650390625,-3819.22412109375,209.54331970214844,118.41591057842128,0.0,0.0,0.0911461771465838,8,2,2,32,13,33,18,7,3,13,2,3,22,1,0,1798.650403061068,-3819.224105086457,118.41591057842128,0,0,0,0,0,0
274.8332234000403,1798.643310546875,-3819.238037109375,209.5436248779297,118.41357408748706,0.0,0.0,0.09000965510495007,8,2,2,32,13,33,18,7,3,13,2,3,22,1,0,1798.6433473858674,-3819.2379159027014,118.41357408748706,0,0,0,0,0,0
274.9582233500407,1798.6380615234375,-3819.248046875,209.54383850097656,118.41184742961626,0.0,0.0,0.08938559330999851,8,2,2,32,13,33,18,7,3,13,2,3,22,1,0,1798.6380521248338,-3819.2481594794003,118.41184742961626,0,0,0,0,0,0
275.1665566000414,1798.6292724609375,-3819.26513671875,209.544189453125,118.40898681084883,0.0,0.0,0.08886554278433323,8,2,2,32,13,33,18,7,3,13,2,3,22,1,0,1798.6292649737961,-3819.265104061738,118.40898681084883,0,0,0,0,0,0
275.33322320004197,1798.622314453125,-3819.278564453125,209.5444793701172,118.40671763325656,0.0,0.0,0.08858811343088746,8,2,2,32,13,33,18,7,3,13,2,3,22,1,0,1798.6222580214253,-3819.278605756763,118.40671763325656,0,0,0,0,0,0
275.54155645004266,1798.6136474609375,-3819.29541015625,209.54483032226562,118.40389217320235,0.0,0.0,0.08816286572255194,8,2,2,32,13,33,18,7,3,13,2,3,22,1,0,1798.613590021228,-3819.2954092022765,118.40389217320235,0,0,0,0,0,0
275.7082230500432,1798.6068115234375,-3819.308837890625,209.54510498046875,118.401626122056,0.0,0.0,0.08802501833997667,8,2,2,32,13,33,18,7,3,13,2,3,22,1,0,1798.606826480505,-3819.3089184086502,118.401626122056,0,0,0,0,0,0
275.9165563000439,1798.598388671875,-3819.325927734375,209.5454559326172,118.3988006621305,0.0,0.0,0.08819069480523467,8,2,2,32,13,33,18,7,3,13,2,3,22,1,0,1798.598435371245,-3819.3258825558814,118.3988006621305,0,0,0,0,0,0
276.1248895500446,1798.5899658203125,-3819.3427734375,209.5458221435547,118.39600435238563,0.0,0.0,0.0870157266035676,8,2,2,32,13,33,18,7,3,13,2,3,22,1,0,1798.5900048448975,-3819.3426592223354,118.39600435238563,0,0,0,0,0,0
276.3332228000453,1798.5814208984375,-3819.359130859375,209.54617309570312,118.39325533985479,0.0,0.0,0.08590297657065094,8,2,2,32,13,33,18,7,3,13,2,3,22,1,0,1798.5814681744596,-3819.359096404143,118.39325533985479,0,0,0,0,0,0
276.541556050046,1798.5728759765625,-3819.375244140625,209.54652404785156,118.39054911832653,0.0,0.0,0.08529520709998906,8,2,2,32,13,33,18,7,3,13,2,3,22,1,0,1798.5728872634593,-3819.375278424972,118.39054911832653,0,0,0,0,0,0
276.7498893000467,1798.5643310546875,-3819.391357421875,209.546875,118.387855157553,0.0,0.0,0.08560852729715407,8,2,2,32,13,33,18,7,3,13,2,3,22,1,0,1798.5643467670632,-3819.3914372365625,118.387855157553,0,0,0,0,0,0
276.91655590004723,1798.5574951171875,-3819.404541015625,209.54714965820312,118.38569295725534,0.0,0.0,0.08581115398555994,8,2,2,32,13,33,18,7,3,13,2,3,22,1,0,1798.5575435237188,-3819.404462367878,118.38569295725534,0,0,0,0,0,0
277.0832225000478,1798.55078125,-3819.41748046875,209.54742431640625,118.38353838953729,0.0,0.0,0.08567612967453897,8,2,2,32,13,33,18,7,3,13,2,3,22,1,0,1798.5507986819534,-3819.41750113888,118.38353838953729,0,0,0,0,0,0
277.24988910004834,1798.5440673828125,-3819.430419921875,209.54771423339844,118.38139758470543,0.0,0.0,0.08518478134647012,8,2,2,32,13,33,18,7,3,13,2,3,22,1,0,1798.5440986378612,-3819.430514527734,118.38139758470543,0,0,0,0,0,0
277.3332224000486,1798.540771484375,-3819.43701171875,209.54786682128906,118.38033406371886,0.0,0.0,0.08484490681439638,8,2,2,32,13,33,18,7,3,13,2,3,22,1,0,1798.5407665003304,-3819.4369875229227,118.38033406371886,0,0,0,0,0,0
277.37488905004875,1798.5390625,-3819.440185546875,209.5479278564453,118.37980380555977,0.0,0.0,0.08468750165775418,8,2,2,32,13,33,18,7,3,13,2,3,22,1,0,1798.5391027207818,-3819.440214605403,118.37980380555977,0,0,0,0,0,0
277.58322230004944,1798.53076171875,-3819.456298828125,209.5482940673828,118.37717252878554,0.0,0.0,0.08400725782848895,8,2,2,32,13,33,18,7,3,13,2,3,22,1,0,1798.530799695471,-3819.4562518900134,118.37717252878554,0,0,0,0,0,0
277.79155555005013,1798.5225830078125,-3819.47216796875,209.5486297607422,118.37454125194394,0.0,0.0,0.0841613335069269,8,2,2,32,13,33,18,7,3,13,2,3,22,1,0,1798.522575736756,-3819.472221548707,118.37454125194394,0,0,0,0,0,0
277.9582221500507,1798.51611328125,-3819.485107421875,209.5489044189453,118.37244474043237,0.0,0.0,0.08377492777071893,8,2,2,32,13,33,18,7,3,13,2,3,22,1,0,1798.5161371467136,-3819.4850749495786,118.37244474043237,0,0,0,0,0,0
278.12488875005124,1798.509765625,-3819.497802734375,209.5491943359375,118.37035736410141,0.0,0.0,0.08355744648724794,8,2,2,32,13,33,18,7,3,13,2,3,22,1,0,1798.509708257511,-3819.49788510552,118.37035736410141,0,0,0,0,0,0
278.2082220500515,1798.5064697265625,-3819.504150390625,209.54933166503906,118.36931986625714,0.0,0.0,0.08322448702529073,8,2,2,32,13,33,18,7,3,13,2,3,22,1,0,1798.5065047225248,-3819.504252267121,118.36931986625714,0,0,0,0,0,0
278.37488865005207,1798.5001220703125,-3819.51708984375,209.5496063232422,118.3672432478295,0.0,0.0,0.08340755593962967,8,2,2,32,13,33,18,7,3,13,2,3,22,1,0,1798.5001011706067,-3819.51699044047,118.3672432478295,0,0,0,0,0,0
278.5415552500526,1798.493896484375,-3819.52978515625,209.54989624023438,118.3651681319711,0.0,0.0,0.08289266843348742,8,2,2,32,13,33,18,7,3,13,2,3,22,1,0,1798.4938653779611,-3819.529796647304,118.3651681319711,0,0,0,0,0,0
278.7498885000533,1798.4864501953125,-3819.5458984375,209.5502471923828,118.3625705107697,0.0,0.0,0.08264161879196763,8,2,2,32,13,33,18,7,3,13,2,3,22,1,0,1798.4864081853957,-3819.545902710374,118.3625705107697,0,0,0,0,0,0
278.91655510005387,1798.48046875,-3819.558837890625,209.550537109375,118.3605290505574,0.0,0.0,0.08212460088543594,8,2,2,32,13,33,18,7,3,13,2,3,22,1,0,1798.480529560417,-3819.558729304943,118.3605290505574,0,0,0,0,0,0
279.0415550500543,1798.47607421875,-3819.568115234375,209.55075073242188,118.3590117181365,0.0,0.0,0.08087710593827069,8,2,2,32,13,33,18,7,3,13,2,3,22,1,0,1798.4760656342353,-3819.568217334367,118.3590117181365,0,0,0,0,0,0
279.20822165005484,1798.4700927734375,-3819.58056640625,209.55104064941406,118.35702831412841,0.0,0.0,0.07912372821010649,8,2,2,32,13,33,18,7,3,13,2,3,22,1,0,1798.470074468866,-3819.580586135961,118.35702831412841,0,0,0,0,0,0
279.33322160005525,1798.46533203125,-3819.58984375,209.5512237548828,118.35550635437555,0.0,0.0,0.08092505158856511,8,2,2,32,13,33,18,7,3,13,2,3,22,1,0,1798.465389600999,-3819.589853688967,118.35550635437555,0,0,0,0,0,0
279.4998882000558,1798.4591064453125,-3819.602294921875,209.55148315429688,118.35348941424562,0.0,0.0,0.08222950855270028,8,2,2,32,13,33,18,7,3,13,2,3,22,1,0,1798.459124008152,-3819.602332292762,118.35348941424562,0,0,0,0,0,0
279.7082214500565,1798.4512939453125,-3819.6181640625,209.5518341064453,118.35095285447842,0.0,0.0,0.08150000940077007,8,2,2,32,13,33,18,7,3,13,2,3,22,1,0,1798.4512751031718,-3819.618087338803,118.35095285447842,0,0,0,0,0,0
279.87488805005705,1798.445068359375,-3819.63037109375,209.5521240234375,118.34896945061008,0.0,0.0,0.0799977220594883,8,2,2,32,13,33,18,7,3,13,2,3,22,1,0,1798.4451148837654,-3819.63045134504,118.34896945061008,0,0,0,0,0,0
280.0415546500576,1798.43896484375,-3819.642578125,209.55239868164062,118.34700593939151,0.0,0.0,0.07939845090731978,8,2,2,32,13,33,18,7,3,13,2,3,22,1,0,1798.4389470013255,-3819.6426099636624,118.34700593939151,0,0,0,0,0,0
280.20822125005816,1798.4327392578125,-3819.65478515625,209.55267333984375,118.345059196478,0.0,0.0,0.07900942000560462,8,2,2,32,13,33,18,7,3,13,2,3,22,1,0,1798.4327703274441,-3819.65469602802,118.345059196478,0,0,0,0,0,0
280.3332212000586,1798.4281005859375,-3819.663818359375,209.55287170410156,118.34361067734812,0.0,0.0,0.07871282286942005,8,2,2,32,13,33,18,7,3,13,2,3,22,1,0,1798.4281383957516,-3819.663723712918,118.34361067734812,0,0,0,0,0,0
280.4998878000591,1798.4219970703125,-3819.67578125,209.5531463623047,118.34168845402306,0.0,0.0,0.07865049992688,8,2,2,32,13,33,18,7,3,13,2,3,22,1,0,1798.421937530013,-3819.675668918448,118.34168845402306,0,0,0,0,0,0
280.6665544000597,1798.4156494140625,-3819.6875,209.55340576171875,118.33976460949378,0.0,0.0,0.07865866646170616,8,2,2,32,13,33,18,7,3,13,2,3,22,1,0,1798.4156787397367,-3819.6875938977782,118.33976460949378,0,0,0,0,0,0
280.74988770005996,1798.41259765625,-3819.693603515625,209.55352783203125,118.33880355692865,0.0,0.0,0.07847129018045962,8,2,2,32,13,33,18,7,3,13,2,3,22,1,0,1798.4125775896882,-3819.6935515661553,118.33880355692865,0,0,0,0,0,0
280.95822095006065,1798.405029296875,-3819.70849609375,209.5538787841797,118.33639074292637,0.0,0.0,0.07799248560331762,8,2,2,32,13,33,18,7,3,13,2,3,22,1,0,1798.4050390864302,-3819.70846686116,118.33639074292637,0,0,0,0,0,0
281.16655420006134,1798.3978271484375,-3819.723388671875,209.55419921875,118.33399180958467,0.0,0.0,0.07775351987220347,8,2,2,32,13,33,18,7,3,13,2,3,22,1,0,1798.397772677459,-3819.723504372464,118.33399180958467,0,0,0,0,0,0
281.41655410006217,1798.3890380859375,-3819.7412109375,209.5546112060547,118.33116496888134,0.0,0.0,0.07614931091666222,8,2,2,32,13,33,18,7,3,13,2,3,22,1,0,1798.3890947112168,-3819.7412458008025,118.33116496888134,0,0,0,0,0,0
