sim_time_s,pose_x_cm,pose_y_cm,pose_z_cm,yaw_deg,throttle_cmd,steer_cmd,speed_cm_s,near_rocks,near_bumps,near_craters,rock_attempts,rock_success,bump_attempts,bump_success,crater_attempts,crater_success,placed_rocks,placed_bumps,placed_craters,refresh_count,refresh_skipped_distance_gate,refresh_force,refresh_center_x_cm,refresh_center_y_cm,refresh_yaw_deg,refresh_rocks_near_before,refresh_bumps_near_before,refresh_craters_near_before,refresh_rocks_added,refresh_bumps_added,refresh_craters_added
0.7083330500000015,2017.751708984375,-5114.34912109375,342.8292541503906,67.40000707848206,0.0,0.0,21.23762220144272,8,2,2,14,8,2,2,5,2,8,2,2,1,1,0,2017.75175641515,-5114.348891064488,67.40000707848206,0,0,0,0,0,0
0.8333330000000019,2018.28564453125,-5111.9833984375,355.43121337890625,67.34059134660151,0.0,0.0,21.751438081264496,8,2,2,14,8,2,2,5,2,8,2,2,1,1,0,2018.285698463365,-5111.983417979689,67.34059134660151,0,0,0,0,0,0
0.9583329500000023,2019.228515625,-5109.8056640625,357.3991394042969,67.32297568351521,0.0,0.0,20.82083523273468,8,2,2,14,8,2,2,5,2,8,2,2,1,1,0,2019.2284675164572,-5109.805879584751,67.32297568351521,0,0,0,0,0,0
1.0833329000000016,2020.3837890625,-5107.3759765625,349.7398376464844,67.31590748729316,0.0,0.0,21.553446352481842,8,2,2,14,8,2,2,5,2,8,2,2,1,1,0,2020.3838258548803,-5107.376128811288,67.31590748729316,0,0,0,0,0,0
1.2083328500000003,2021.226806640625,-5104.390625,340.7312927246094,67.2652052177984,0.0,0.0,24.658696353435516,8,2,2,14,8,2,2,5,2,8,2,2,1,1,0,2021.226810890236,-5104.390794836638,67.2652052177984,0,0,0,0,0,0
1.333332799999999,2022.8121337890625,-5101.025390625,339.2951965332031,67.27563117398633,0.0,0.0,26.7145574092865,8,2,2,14,8,2,2,5,2,8,2,2,1,1,0,2022.8121312878923,-5101.025280455482,67.27563117398633,0,0,0,0,0,0
1.4583327499999978,2024.4490966796875,-5097.908203125,343.329345703125,67.27698635812254,0.0,0.0,27.02850103378296,8,2,2,14,8,2,2,5,2,8,2,2,1,1,0,2024.449047598928,-5097.908313868651,67.27698635812254,0,0,0,0,0,0
1.541666049999997,2025.40966796875,-5095.7763671875,346.3899841308594,67.2693794944865,0.0,0.0,27.562609314918518,8,2,2,14,8,2,2,5,2,8,2,2,1,1,0,2025.4096447066497,-5095.776287917131,67.2693794944865,0,0,0,0,0,0
1.749999299999995,2027.4619140625,-5090.306640625,347.5403747558594,67.25047414049872,0.0,0.0,28.672116994857788,8,2,2,14,8,2,2,5,2,8,2,2,1,1,0,2027.4619435238037,-5090.306683549887,67.25047414049872,0,0,0,0,0,0
1.9999991999999924,2029.3568115234375,-5083.88671875,342.8122253417969,67.12973768433176,0.0,0.0,31.142565608024597,8,2,2,14,8,2,2,5,2,8,2,2,1,1,0,2029.3568047579888,-5083.88695984316,67.12973768433176,0,0,0,0,0,0
2.2499990999999966,2030.77490234375,-5076.7509765625,345.0440368652344,66.97104424152025,0.0,0.0,34.729206562042236,8,2,2,14,8,2,2,5,2,8,2,2,1,1,0,2030.7748450797362,-5076.750947167857,66.97104424152025,0,0,0,0,0,0
2.3749990499999987,2031.88037109375,-5072.60009765625,346.2581787109375,66.9458772648504,0.0,0.0,36.35306358337402,8,2,2,14,8,2,2,5,2,8,2,2,1,1,0,2031.8803599467421,-5072.600182167734,66.9458772648504,0,0,0,0,0,0
2.583332300000002,2034.453125,-5065.0126953125,344.6234130859375,66.97861231386582,0.0,0.0,39.10137712955475,8,2,2,14,8,2,2,5,2,8,2,2,1,1,0,2034.453178133085,-5065.012499152813,66.97861231386582,0,0,0,0,0,0
2.8333322000000063,2038.3299560546875,-5056.46875,343.0925598144531,67.12306660069173,0.0,0.0,33.398592472076416,8,2,2,14,8,2,2,5,2,8,2,2,1,1,0,2038.3299710165034,-5056.468725341933,67.12306660069173,0,0,0,0,0,0
3.0416654500000098,2040.747802734375,-5050.18310546875,343.84393310546875,67.22474986256177,0.0,0.0,32.46787190437317,8,2,2,14,8,2,2,5,2,8,2,2,1,1,0,2040.7477995986933,-5050.183331821582,67.22474986256177,0,0,0,0,0,0
3.2083320500000125,2042.3433837890625,-5044.82080078125,343.935791015625,67.2556516430187,0.0,0.0,37.72815465927124,8,2,2,14,8,2,2,5,2,8,2,2,1,1,0,2042.3434121650137,-5044.820667223389,67.2556516430187,0,0,0,0,0,0
3.4583319500000167,2048.21484375,-5025.6181640625,341.53314208984375,67.46160558113529,0.0,1.0,104.8650860786438,8,2,2,14,8,2,2,5,2,8,2,2,1,1,0,2048.214911608671,-5025.618021138276,67.46160558113529,0,0,0,0,0,0
3.66666520000002,2057.496337890625,-4997.240234375,338.9873352050781,68.01190161529641,1.0,1.0,184.40110683441162,8,2,2,14,8,2,2,5,2,8,2,2,2,1,0,2057.4964139289796,-4997.240160449565,68.01190161529641,0,0,0,0,0,0
3.9166651000000243,2074.184814453125,-4933.71240234375,339.27532958984375,69.92179063110137,1.0,1.0,320.3895330429077,8,2,2,14,8,2,2,5,2,8,2,2,2,1,0,2074.184920440509,-4933.712586045174,69.92179063110137,0,0,0,0,0,0
4.041665050000026,2080.02685546875,-4890.357421875,337.79931640625,71.73836104904208,1.0,1.0,379.89275455474854,7,2,2,14,8,2,2,5,2,8,2,2,2,1,0,2080.026839584951,-4890.357467516662,71.73836104904208,0,0,0,0,0,0
4.24999830000003,2086.635498046875,-4803.24951171875,323.93572998046875,75.45141994457487,1.0,0.0,472.74956703186035,8,2,2,17,9,4,4,5,2,9,2,2,3,1,0,2086.6355311362017,-4803.2494100580625,75.45141994457487,0,0,0,0,0,0
4.458331550000033,2091.753173828125,-4697.55322265625,304.107421875,78.75314532297247,1.0,0.0,572.9773998260498,8,2,2,17,9,6,6,5,2,9,2,2,4,1,0,2091.7530615113496,-4697.553433104669,78.75314532297247,0,0,0,0,0,0
4.624998150000036,2099.811767578125,-4596.5849609375,292.8383483886719,80.43600028183765,1.0,0.0,652.7416706085205,8,2,2,17,9,6,6,5,2,9,2,2,5,1,0,2099.811676618344,-4596.584917123568,80.43600028183765,0,0,0,0,0,0
4.791664750000039,2103.9189453125,-4483.81689453125,282.5192565917969,83.26370881998784,0.0,0.0,687.6748085021973,8,2,2,17,9,8,8,5,2,9,2,2,6,1,0,2103.918950303387,-4483.816999641816,83.26370881998784,0,0,0,0,0,0
4.916664700000041,2106.6044921875,-4400.07421875,270.2342224121094,84.41439737202214,0.0,0.0,659.5398426055908,8,2,2,17,9,8,8,5,2,9,2,2,6,1,0,2106.6045885452963,-4400.074231299542,84.41439737202214,0,0,0,0,0,0
5.124997950000044,2113.59375,-4267.87158203125,253.3321533203125,85.66720816406787,0.0,0.0,573.9974021911621,8,2,2,17,9,10,9,5,2,9,2,2,8,1,0,2113.593674679878,-4267.871431596837,85.66720816406787,0,0,0,0,0,0
5.333331200000048,2133.03662109375,-4156.1552734375,245.7518768310547,83.46574403763222,0.0,1.0,508.88190269470215,8,2,2,17,9,10,9,5,2,9,2,2,8,1,0,2133.036555746705,-4156.155448928217,83.46574403763222,0,0,0,0,0,0
5.541664450000051,2136.4462890625,-4068.44384765625,238.7205810546875,85.25702329816635,-1.0,1.0,286.3960027694702,7,2,1,17,9,11,9,5,2,9,2,2,9,1,0,2136.4462779972623,-4068.4439452699,85.25702329816635,0,0,0,0,0,0
5.708331050000054,2129.830810546875,-4030.28271484375,244.9022674560547,87.03133658457341,-1.0,1.0,164.7194743156433,8,2,2,18,10,13,9,6,3,10,2,3,10,1,0,2129.830728329807,-4030.282650595004,87.03133658457341,0,0,0,0,0,0
5.916664300000058,2129.34375,-4006.28515625,240.4189453125,86.89215347169639,-1.0,1.0,56.97779059410095,8,2,2,18,10,13,9,6,3,10,2,3,10,1,0,2129.343655367275,-4006.285118330696,86.89215347169639,0,0,0,0,0,0
6.124997550000061,2130.429443359375,-4000.845947265625,233.7572479248047,86.46722607562198,0.0,0.0,27.141696214675903,8,2,2,18,10,13,9,6,3,10,2,3,10,1,0,2130.4295516504762,-4000.8460177267593,86.46722607562198,0,0,0,0,0,0
6.3333308000000645,2131.00390625,-3992.294921875,237.19308471679688,86.29136073376019,0.0,0.0,47.59916961193085,8,2,2,18,10,13,9,6,3,10,2,3,10,1,0,2131.0038502321677,-3992.2948617208776,86.29136073376019,0,0,0,0,0,0
6.541664050000068,2131.9140625,-3980.757568359375,235.94638061523438,86.10344797958359,0.0,0.0,63.17204236984253,8,2,2,18,10,13,9,6,3,10,2,3,10,1,0,2131.9140190179887,-3980.757629676726,86.10344797958359,0,0,0,0,0,0
6.7499973000000715,2134.11279296875,-3965.532470703125,230.66360473632812,85.80127070580451,0.0,0.0,90.6341016292572,8,2,2,18,10,13,9,6,3,10,2,3,10,1,0,2134.112833454428,-3965.5324402104043,85.80127070580451,0,0,0,0,0,0
6.999997200000076,2136.903076171875,-3939.95654296875,226.6964569091797,85.31534969320799,0.0,0.0,106.69854879379272,8,2,2,18,10,13,9,6,3,10,2,3,10,1,0,2136.90309179751,-3939.9564655674917,85.31534969320799,0,0,0,0,0,0
7.208330450000079,2139.930419921875,-3918.04345703125,225.90618896484375,85.10351789243919,0.0,0.0,101.11486911773682,8,2,2,18,10,13,9,6,3,10,2,3,10,1,0,2139.930382870715,-3918.043443926365,85.10351789243919,0,0,0,0,0,0
7.374997050000082,2142.0927734375,-3901.590576171875,225.47470092773438,84.97041611720762,0.0,0.0,96.94556593894958,7,2,2,18,10,15,9,6,3,10,2,3,11,1,0,2142.0926570037805,-3901.590546452026,84.97041611720762,0,0,0,0,0,0
7.583330300000085,2144.06884765625,-3881.846435546875,223.99176025390625,84.8749540460839,0.0,0.0,92.24909543991089,7,2,2,18,10,15,9,6,3,10,2,3,11,1,0,2144.068756192183,-3881.8464656383135,84.8749540460839,0,0,0,0,0,0
7.791663550000089,2145.927490234375,-3863.24365234375,223.4350128173828,84.78975297835345,0.0,0.0,86.4941418170929,7,2,2,18,10,15,9,6,3,10,2,3,11,1,0,2145.927538065932,-3863.2435953524714,84.78975297835345,0,0,0,0,0,0
7.999996800000092,2147.71044921875,-3845.51318359375,222.46102905273438,84.75365078420019,0.0,0.0,82.48975872993469,7,2,2,18,10,15,9,6,3,10,2,3,11,1,0,2147.7104570648403,-3845.513276382571,84.75365078420019,0,0,0,0,0,0
8.208330050000074,2149.247314453125,-3828.71630859375,221.70359802246094,84.74387874991308,0.0,0.0,77.6537299156189,7,2,2,18,10,15,9,6,3,10,2,3,11,1,0,2149.2473372151812,-3828.7163418779146,84.74387874991308,0,0,0,0,0,0
8.416663300000055,2150.669189453125,-3813.084716796875,221.4695587158203,84.72948361583047,0.0,0.0,71.9056248664856,7,2,2,18,10,15,9,6,3,10,2,3,11,1,0,2150.6692020773776,-3813.0847486230373,84.72948361583047,0,0,0,0,0,0
8.666663200000032,2152.2861328125,-3796.180908203125,221.37750244140625,84.70653912137392,0.0,0.0,63.5547935962677,7,2,2,18,10,15,9,6,3,10,2,3,11,1,0,2152.286042522529,-3796.1810204978,84.70653912137392,0,0,0,0,0,0
8.874996450000014,2153.27685546875,-3783.431396484375,220.8816375732422,84.6994791853486,0.0,0.0,59.81460213661194,8,2,2,19,11,17,9,6,3,11,2,3,12,1,0,2153.276748938232,-3783.431465824069,84.6994791853486,0,0,0,0,0,0
9.041663049999999,2153.970703125,-3773.854248046875,220.47238159179688,84.70079427751979,0.0,0.0,55.71354627609253,8,2,2,19,11,17,9,6,3,11,2,3,12,1,0,2153.970690478441,-3773.8542265960646,84.70079427751979,0,0,0,0,0,0
9.291662949999976,2155.007568359375,-3760.718017578125,220.72927856445312,84.67954440152559,0.0,0.0,48.58294129371643,8,2,2,19,11,17,9,6,3,11,2,3,12,1,0,2155.0074903187838,-3760.7179248221996,84.67954440152559,0,0,0,0,0,0
9.541662849999954,2155.939453125,-3749.572509765625,220.51654052734375,84.63827623999711,0.0,0.0,41.88961982727051,8,2,2,19,11,17,9,6,3,11,2,3,12,1,0,2155.939561920913,-3749.5724084826006,84.63827623999711,0,0,0,0,0,0
9.749996099999935,2156.4794921875,-3740.9560546875,220.25213623046875,84.70695162784938,0.0,0.0,41.36608839035034,8,2,2,19,11,17,9,6,3,11,2,3,12,1,0,2156.4795810726373,-3740.9560273025763,84.70695162784938,0,0,0,0,0,0
9.874996049999924,2156.663330078125,-3735.86962890625,220.02099609375,84.7617940267432,0.0,0.0,40.481558442115784,8,2,2,19,11,17,9,6,3,11,2,3,12,1,0,2156.6632552117244,-3735.8695274241127,84.7617940267432,0,0,0,0,0,0
10.083329299999905,2156.892333984375,-3727.568603515625,219.7286834716797,84.85770858771573,0.0,0.0,39.24599289894104,8,2,2,19,11,17,9,6,3,11,2,3,12,1,0,2156.892238559424,-3727.568512064614,84.85770858771573,0,0,0,0,0,0
10.291662549999886,2157.082763671875,-3719.38818359375,219.55923461914062,84.9454489932957,0.0,0.0,38.85604441165924,8,2,2,19,11,17,9,6,3,11,2,3,12,1,0,2157.082654577574,-3719.388066007284,84.9454489932957,0,0,0,0,0,0
10.499995799999867,2157.227294921875,-3711.468994140625,219.29786682128906,85.03092339749222,0.0,0.0,37.12199926376343,8,2,2,19,11,17,9,6,3,11,2,3,12,1,0,2157.2273227712367,-3711.4690747795785,85.03092339749222,0,0,0,0,0,0
10.708329049999849,2157.38818359375,-3703.905029296875,219.2314453125,85.09985586770807,0.0,0.0,35.40758788585663,8,2,2,19,11,17,9,6,3,11,2,3,12,1,0,2157.388251286165,-3703.904975882937,85.09985586770807,0,0,0,0,0,0
10.91666229999983,2157.564453125,-3696.71923828125,219.18447875976562,85.15358990769747,0.0,0.0,33.410924673080444,8,2,2,19,11,17,9,6,3,11,2,3,12,1,0,2157.5643348147737,-3696.719280077807,85.15358990769747,0,0,0,0,0,0
11.124995549999811,2157.73193359375,-3690.14306640625,219.26507568359375,85.19416117611672,0.0,0.0,29.638540744781494,8,2,2,19,11,17,9,6,3,11,2,3,12,1,0,2157.7319148616166,-3690.143166627575,85.19416117611672,0,0,0,0,0,0
11.333328799999792,2157.93310546875,-3684.3359375,219.36798095703125,85.2289324389049,0.0,0.0,26.194044947624207,8,2,2,19,11,17,9,6,3,11,2,3,12,1,0,2157.933004396483,-3684.3360107022277,85.2289324389049,0,0,0,0,0,0
11.541662049999774,2158.114501953125,-3679.082763671875,219.2312774658203,85.25099011325247,0.0,0.0,24.60068315267563,8,2,2,19,11,17,9,6,3,11,2,3,12,1,0,2158.114558655394,-3679.082810061617,85.25099011325247,0,0,0,0,0,0
11.749995299999755,2158.2158203125,-3673.944580078125,219.10879516601562,85.28103246162648,0.0,0.0,25.398796796798706,8,2,2,19,11,17,9,6,3,11,2,3,12,1,0,2158.2157051391514,-3673.944528355601,85.28103246162648,0,0,0,0,0,0
11.958328549999736,2158.2548828125,-3668.53515625,218.89492797851562,85.32177431436392,0.0,0.0,26.85931921005249,8,2,2,19,11,19,9,6,3,11,2,3,13,1,0,2158.254925796467,-3668.5351127569634,85.32177431436392,0,0,0,0,0,0
12.166661799999718,2158.3173828125,-3663.0771484375,218.59173583984375,85.35640853774893,0.0,0.0,26.082584261894226,8,2,2,19,11,19,9,6,3,11,2,3,13,1,0,2158.3172667774356,-3663.0772241296086,85.35640853774893,0,0,0,0,0,0
12.374995049999699,2158.32958984375,-3657.767578125,218.61338806152344,85.39568747898123,0.0,0.0,25.020256638526917,8,2,2,19,11,19,9,6,3,11,2,3,13,1,0,2158.329549459627,-3657.767558670055,85.39568747898123,0,0,0,0,0,0
12.624994949999676,2158.457763671875,-3651.739501953125,218.65225219726562,85.42063457416744,0.0,0.0,22.738438844680786,8,2,2,19,11,19,9,6,3,11,2,3,13,1,0,2158.4577666329396,-3651.739522719552,85.42063457416744,0,0,0,0,0,0
12.833328199999658,2158.58154296875,-3647.27734375,218.666015625,85.4142948146245,0.0,0.0,19.938991963863373,8,2,2,19,11,19,9,6,3,11,2,3,13,1,0,2158.5814894693713,-3647.2773065276924,85.4142948146245,0,0,0,0,0,0
13.041661449999639,2158.70068359375,-3643.369384765625,218.58172607421875,85.38956094966268,0.0,0.0,17.99606680870056,8,2,2,19,11,19,9,6,3,11,2,3,13,1,0,2158.7007758124946,-3643.369475979211,85.38956094966268,0,0,0,0,0,0
13.208328049999624,2158.69970703125,-3641.07568359375,218.56434631347656,85.36002197983021,-1.0,0.0,8.81960466504097,8,2,2,19,11,19,9,6,3,11,2,3,13,1,0,2158.6996368962045,-3641.0757337035366,85.36002197983021,0,0,0,0,0,0
13.416661299999605,2156.76708984375,-3658.26513671875,218.66323852539062,85.51425619923221,-1.0,-1.0,143.76262426376343,8,2,2,19,11,19,9,6,3,11,2,3,13,1,0,2156.7670885529215,-3658.265097496859,85.51425619923221,0,0,0,0,0,0
13.624994549999586,2150.843505859375,-3700.015625,218.91552734375,86.28486977363069,-1.0,-1.0,261.5095615386963,8,2,2,19,11,19,9,6,3,11,2,3,13,1,0,2150.8435801051774,-3700.015518395413,86.28486977363069,0,0,0,0,0,0
13.833327799999568,2142.478515625,-3765.58056640625,219.8306121826172,87.27680521323343,-1.0,-1.0,366.84727668762207,8,2,2,19,11,19,9,6,3,11,2,3,13,1,0,2142.4786184743175,-3765.580531120423,87.27680521323343,0,0,0,0,0,0
14.041661049999549,2132.344970703125,-3851.3193359375,221.6021270751953,88.8295265896044,-1.0,-1.0,456.28085136413574,8,2,2,19,11,21,9,6,3,11,2,3,14,1,0,2132.3450440786432,-3851.31935200194,88.8295265896044,0,0,0,0,0,0
14.24999429999953,2116.5361328125,-3953.5009765625,227.12066650390625,91.9855795861006,-1.0,-1.0,516.0306930541992,9,2,2,19,11,23,9,6,3,11,2,3,15,1,0,2116.536175928148,-3953.501093600282,91.9855795861006,0,0,0,0,0,0
14.458327549999511,2097.351318359375,-4063.564697265625,236.9014434814453,97.42981330585977,-1.0,-1.0,547.7962017059326,9,2,2,19,11,25,10,6,3,11,2,3,16,1,0,2097.3513234031498,-4063.5647403347825,97.42981330585977,0,0,0,0,0,0
14.666660799999493,2082.57421875,-4180.99951171875,242.6214141845703,103.8956275041406,-1.0,-1.0,571.8976974487305,10,2,3,19,11,27,11,6,3,11,2,3,17,1,0,2082.5742094345637,-4180.999678408925,103.8956275041406,0,0,0,0,0,0
14.874994049999474,2080.8251953125,-4297.03759765625,254.54356384277344,110.3315359230073,0.0,0.0,510.180139541626,10,2,3,19,11,29,12,6,3,11,2,3,18,1,0,2080.825250431521,-4297.037697097005,110.3315359230073,0,0,0,0,0,0
15.083327299999455,2089.359375,-4388.53857421875,266.71282958984375,115.60111886161445,1.0,1.0,352.250337600708,9,2,3,19,11,29,12,6,3,11,2,3,18,1,0,2089.359280819075,-4388.538543954878,115.60111886161445,0,0,0,0,0,0
15.291660549999436,2100.08154296875,-4437.90576171875,274.4382019042969,118.55150214774798,1.0,1.0,150.8448362350464,9,2,3,19,11,31,14,6,3,11,2,3,19,1,0,2100.081662466136,-4437.90568289578,118.55150214774798,0,0,0,0,0,0
15.499993799999418,2105.75048828125,-4448.375,276.10687255859375,118.873117625506,1.0,1.0,26.602786779403687,9,2,3,19,11,31,14,6,3,11,2,3,19,1,0,2105.750411529218,-4448.374833447807,118.873117625506,0,0,0,0,0,0
15.708327049999399,2092.174560546875,-4432.40625,273.1016540527344,120.1973560535933,1.0,1.0,163.8110876083374,9,2,3,19,11,31,14,6,3,11,2,3,19,1,0,2092.174465674282,-4432.406200821355,120.1973560535933,0,0,0,0,0,0
15.91666029999938,2057.52783203125,-4402.142578125,266.93341064453125,123.03335652715174,1.0,1.0,263.46120834350586,9,2,3,19,11,31,14,6,3,11,2,3,19,1,0,2057.527815165183,-4402.142493469781,123.03335652715174,0,0,0,0,0,0
16.124993549999363,2004.8138427734375,-4361.98388671875,257.3629150390625,127.00342670844876,1.0,0.0,358.26268196105957,9,2,3,19,11,31,14,6,3,11,2,3,19,1,0,2004.8138903438344,-4361.984077843625,127.00342670844876,0,0,0,0,0,0
16.333326799999345,1943.9508056640625,-4321.7255859375,249.3834228515625,130.91918515534877,0.0,-1.0,329.0566682815552,9,2,3,19,11,33,16,6,3,11,2,3,20,1,0,1943.9507450735316,-4321.725592750487,130.91918515534877,0,0,0,0,0,0
16.541660049999326,1897.6632080078125,-4275.23681640625,245.17694091796875,131.22148846463077,0.0,-1.0,302.0254850387573,9,2,3,19,11,33,16,6,3,11,2,3,20,1,0,1897.6631724215194,-4275.236845941458,131.22148846463077,0,0,0,0,0,0
16.749993299999307,1861.002685546875,-4227.02978515625,239.33937072753906,130.22131797967478,0.0,-1.0,259.9782705307007,8,2,2,19,11,33,16,6,3,11,2,3,21,1,0,1861.002712592449,-4227.029795865829,130.22131797967478,0,0,0,0,0,0
16.95832654999929,1834.4632568359375,-4187.51904296875,238.024169921875,129.08146932495444,0.0,-1.0,171.33415937423706,8,2,2,19,11,33,16,6,3,11,2,3,21,1,0,1834.4632042803016,-4187.5188303371,129.08146932495444,0,0,0,0,0,0
17.16665979999927,1823.9774169921875,-4156.9833984375,237.42355346679688,127.58000612237007,0.0,-1.0,141.98362827301025,9,2,2,19,11,35,18,6,3,11,2,3,22,1,0,1823.9773907991448,-4156.983193859867,127.58000612237007,0,0,0,0,0,0
17.37499304999925,1814.1683349609375,-4130.7353515625,225.8388214111328,126.04532250279483,0.0,-1.0,144.80518102645874,9,2,2,19,11,35,18,6,3,11,2,3,22,1,0,1814.168377700879,-4130.735345444788,126.04532250279483,0,0,0,0,0,0
17.583326299999232,1800.0850830078125,-4105.99365234375,220.1187744140625,124.72201167202638,0.0,0.0,131.84889554977417,9,2,2,19,11,35,18,6,3,11,2,3,22,1,0,1800.0850427264588,-4105.993544038909,124.72201167202638,0,0,0,0,0,0
17.791659549999213,1789.9365234375,-4080.385009765625,221.91600036621094,123.6999894162243,0.0,0.0,122.64319658279419,9,2,2,19,11,35,18,6,3,11,2,3,22,1,0,1789.9364904625322,-4080.3849270291307,123.6999894162243,0,0,0,0,0,0
17.9583261499992,1779.4844970703125,-4063.12548828125,219.64578247070312,123.54616030580365,0.0,0.0,118.43774318695068,9,2,2,19,11,35,18,6,3,11,2,3,22,1,0,1779.484448530876,-4063.1256016205184,123.54616030580365,0,0,0,0,0,0
18.124992749999183,1767.911865234375,-4047.19189453125,216.6243896484375,123.48761142842862,0.0,0.0,113.6331558227539,9,2,2,19,11,37,20,6,3,11,2,3,23,1,0,1767.911851496375,-4047.1918396321817,123.48761142842862,0,0,0,0,0,0
18.208326049999176,1762.6400146484375,-4039.17822265625,216.1576385498047,123.4793015529012,0.0,0.0,110.41207313537598,9,2,2,19,11,37,20,6,3,11,2,3,23,1,0,1762.640012681155,-4039.1782201822516,123.4793015529012,0,0,0,0,0,0
18.416659299999157,1750.3651123046875,-4020.36865234375,216.74923706054688,123.49136217611102,0.0,0.0,100.85139274597168,9,2,2,19,11,37,20,6,3,11,2,3,23,1,0,1750.365151416582,-4020.368754316872,123.49136217611102,0,0,0,0,0,0
18.62499254999914,1738.27880859375,-4003.483642578125,215.3899383544922,123.57546306575492,0.0,0.0,92.7442193031311,9,2,2,19,11,37,20,6,3,11,2,3,23,1,0,1738.2788269796777,-4003.4836632538145,123.57546306575492,0,0,0,0,0,0
18.83332579999912,1727.55224609375,-3988.4384765625,215.30877685546875,123.6963004366413,0.0,0.0,82.47995376586914,9,2,2,19,11,37,20,6,3,11,2,3,23,1,0,1727.5521912808617,-3988.4383574449544,123.6963004366413,0,0,0,0,0,0
19.0416590499991,1717.635009765625,-3974.734130859375,215.04507446289062,123.79009488871579,0.0,0.0,76.4591634273529,9,2,2,19,11,37,20,6,3,11,2,3,23,1,0,1717.6349797805688,-3974.734232047974,123.79009488871579,0,0,0,0,0,0
19.249992299999082,1708.6470947265625,-3962.264892578125,214.60385131835938,123.88180125063913,0.0,0.0,65.0100827217102,9,2,2,19,11,37,20,6,3,11,2,3,23,1,0,1708.647050776759,-3962.2648682891004,123.88180125063913,0,0,0,0,0,0
19.416658899999067,1705.173828125,-3957.66650390625,215.51092529296875,123.7797415344652,0.0,0.0,6.526626646518707,9,2,2,19,11,37,20,6,3,11,2,3,24,1,0,1705.173879530967,-3957.666547814458,123.7797415344652,0,0,0,0,0,0
19.62499214999905,1707.8409423828125,-3960.686279296875,215.375,123.60137186207186,0.0,0.0,34.80560779571533,9,2,2,19,11,37,20,6,3,11,2,3,24,1,0,1707.8409024672371,-3960.686284382328,123.60137186207186,0,0,0,0,0,0
19.874992049999026,1712.5098876953125,-3966.03173828125,214.40541076660156,123.46807663172251,0.0,0.0,23.481278121471405,9,2,2,19,11,37,20,6,3,11,2,3,24,1,0,1712.5099324611867,-3966.031793470716,123.46807663172251,0,0,0,0,0,0
20.083325299999007,1715.196044921875,-3969.53564453125,215.06088256835938,123.39138302890308,0.0,0.0,18.31434816122055,9,2,2,19,11,37,20,6,3,11,2,3,24,1,0,1715.19601925205,-3969.5357053956714,123.39138302890308,0,0,0,0,0,0
20.249991899998992,1716.961181640625,-3971.692138671875,214.7342987060547,123.3368563609484,0.0,0.0,14.547115564346313,9,2,2,19,11,37,20,6,3,11,2,3,24,1,0,1716.9611760635148,-3971.6920518932448,123.3368563609484,0,0,0,0,0,0
20.458325149998974,1718.5755615234375,-3973.70947265625,214.73724365234375,123.27792249083107,0.0,0.0,9.876489639282227,9,2,2,19,11,37,20,6,3,11,2,3,24,1,0,1718.5755623909574,-3973.7095142071885,123.27792249083107,0,0,0,0,0,0
20.666658399998955,1719.592529296875,-3974.941162109375,214.9230194091797,123.23979928124704,0.0,0.0,5.412359535694122,9,2,2,19,11,37,20,6,3,11,2,3,24,1,0,1719.5925785898391,-3974.9412698091965,123.23979928124704,0,0,0,0,0,0
20.749991699998947,1719.8387451171875,-3975.233642578125,214.8939666748047,123.22912361389773,0.0,0.0,3.72755266726017,9,2,2,19,11,37,20,6,3,11,2,3,24,1,0,1719.8386851188125,-3975.2337314830484,123.22912361389773,0,0,0,0,0,0
20.95832494999893,1720.0836181640625,-3975.500244140625,214.83792114257812,123.21150837722175,0.0,0.0,0.21980020683258772,9,2,2,19,11,37,20,6,3,11,2,3,24,1,0,1720.0836635091914,-3975.5001596817224,123.21150837722175,0,0,0,0,0,0
21.16665819999891,1719.87158203125,-3975.152587890625,214.87416076660156,123.20529956217544,0.0,0.0,3.498915210366249,9,2,2,19,11,37,20,6,3,11,2,3,24,1,0,1719.871624364332,-3975.1525601848025,123.20529956217544,0,0,0,0,0,0
21.37499144999889,1719.2579345703125,-3974.281005859375,214.83726501464844,123.20862141963306,0.0,0.0,6.392133980989456,9,2,2,19,11,37,20,6,3,11,2,3,24,1,0,1719.2579747458037,-3974.2810781729786,123.20862141963306,0,0,0,0,0,0
21.541658049998876,1718.5196533203125,-3973.254638671875,214.80172729492188,123.21636035873543,0.0,0.0,8.387044817209244,9,2,2,19,11,37,20,6,3,11,2,3,24,1,0,1718.5197093466527,-3973.254676454586,123.21636035873543,0,0,0,0,0,0
21.749991299998857,1717.3544921875,-3971.628173828125,214.76231384277344,123.23047935869145,0.0,0.0,10.233510285615921,9,2,2,19,11,37,20,6,3,11,2,3,24,1,0,1717.3544765498496,-3971.6282795243424,123.23047935869145,0,0,0,0,0,0
21.95832454999884,1716.0479736328125,-3969.769775390625,214.77394104003906,123.24828233797314,0.0,0.0,10.997048765420914,9,2,2,19,11,37,20,6,3,11,2,3,24,1,0,1716.047936623598,-3969.7698893504744,123.24828233797314,0,0,0,0,0,0
22.16665779999882,1714.6630859375,-3967.822021484375,214.78399658203125,123.26886418924573,0.0,0.0,11.449776589870453,9,2,2,19,11,37,20,6,3,11,2,3,24,1,0,1714.6631327614941,-3967.821926660545,123.26886418924573,0,0,0,0,0,0
22.3749910499988,1713.191162109375,-3965.75439453125,214.7385711669922,123.29037587943704,0.0,0.0,12.556305527687073,9,2,2,19,11,37,20,6,3,11,2,3,24,1,0,1713.191138832225,-3965.7544656244054,123.29037587943704,0,0,0,0,0,0
22.583324299998782,1711.5145263671875,-3963.410400390625,214.6884765625,123.31439341409538,0.0,0.0,14.466102421283722,9,2,2,19,11,37,20,6,3,11,2,3,24,1,0,1711.5145448587064,-3963.410343601511,123.31439341409538,0,0,0,0,0,0
22.791657549998764,1709.676513671875,-3960.882568359375,214.67530822753906,123.33454192711895,0.0,0.0,12.352675944566727,9,2,2,19,11,37,20,6,3,11,2,3,24,1,0,1709.676571659332,-3960.882593977857,123.33454192711895,0,0,0,0,0,0
22.999990799998745,1709.440185546875,-3960.569580078125,214.70387268066406,123.29298528147986,0.0,0.0,5.296528711915016,9,2,2,19,11,37,20,6,3,11,2,3,24,1,0,1709.4402221711935,-3960.56953792392,123.29298528147986,0,0,0,0,0,0
23.208324049998726,1710.181396484375,-3961.2978515625,214.6085205078125,123.25834535463507,0.0,0.0,3.085809573531151,9,2,2,19,11,37,20,6,3,11,2,3,24,1,0,1710.1813820102593,-3961.297908309205,123.25834535463507,0,0,0,0,0,0
23.37499064999871,1710.3804931640625,-3961.46044921875,214.6543426513672,123.2412877886768,0.0,0.0,0.1734983059577644,9,2,2,19,11,37,20,6,3,11,2,3,24,1,0,1710.3805135270723,-3961.4604292262557,123.2412877886768,0,0,0,0,0,0
23.583323899998692,1710.224853515625,-3961.121337890625,214.64544677734375,123.22964859941185,0.0,0.0,3.274761885404587,9,2,2,19,11,37,20,6,3,11,2,3,24,1,0,1710.224832511373,-3961.121258272596,123.22964859941185,0,0,0,0,0,0
23.83332379999867,1709.9674072265625,-3960.67138671875,214.64215087890625,123.20811176652859,0.0,0.0,0.2611828036606312,9,2,2,19,11,37,20,6,3,11,2,3,24,1,0,1709.9673932101898,-3960.671401222335,123.20811176652859,0,0,0,0,0,0
24.04165704999865,1710.1427001953125,-3960.7666015625,214.6227569580078,123.18424395204516,0.0,0.0,0.9555868804454803,9,2,2,19,11,37,20,6,3,11,2,3,24,1,0,1710.14268755997,-3960.7664960667494,123.18424395204516,0,0,0,0,0,0
24.249990299998633,1710.206298828125,-3960.721923828125,214.61294555664062,123.16618902213327,0.0,0.0,0.6749310530722141,9,2,2,19,11,37,20,6,3,11,2,3,24,1,0,1710.2063285441686,-3960.7218243079865,123.16618902213327,0,0,0,0,0,0
24.458323549998614,1710.184326171875,-3960.5869140625,214.61827087402344,123.14815486850644,0.0,0.0,0.4985683597624302,9,2,2,19,11,37,20,6,3,11,2,3,24,1,0,1710.1843607664396,-3960.586910628774,123.14815486850644,0,0,0,0,0,0
24.666656799998595,1710.22802734375,-3960.52587890625,214.60472106933594,123.12838350394395,0.0,0.0,0.3646040568128228,9,2,2,19,11,37,20,6,3,11,2,3,24,1,0,1710.2280744525124,-3960.525794637526,123.12838350394395,0,0,0,0,0,0
24.874990049998576,1710.2752685546875,-3960.46875,214.59812927246094,123.10940674985594,0.0,0.0,0.39817034266889095,9,2,2,19,11,37,20,6,3,11,2,3,24,1,0,1710.275297233724,-3960.46881961528,123.10940674985594,0,0,0,0,0,0
25.04165664999856,1710.295166015625,-3960.402587890625,214.59506225585938,123.09464417804676,0.0,0.0,0.4302589222788811,9,2,2,19,11,37,20,6,3,11,2,3,24,1,0,1710.2951711498179,-3960.4026518781757,123.09464417804676,0,0,0,0,0,0
25.249989899998543,1710.3228759765625,-3960.32421875,214.58749389648438,123.0759590727853,0.0,0.0,0.3907914739102125,9,2,2,19,11,37,20,6,3,11,2,3,24,1,0,1710.322916122708,-3960.3241740013773,123.0759590727853,0,0,0,0,0,0
25.49998979999852,1710.3651123046875,-3960.240478515625,214.57923889160156,123.05360054861015,0.0,0.0,0.3856928553432226,9,2,2,19,11,37,20,6,3,11,2,3,24,1,0,1710.3651073915369,-3960.2405633813896,123.05360054861015,0,0,0,0,0,0
25.7083230499985,1710.396728515625,-3960.167236328125,214.57275390625,123.0352629261936,0.0,0.0,0.39615524001419544,9,2,2,19,11,37,20,6,3,11,2,3,24,1,0,1710.3966801405268,-3960.1672908874434,123.0352629261936,0,0,0,0,0,0
25.916656299998483,1710.4267578125,-3960.092529296875,214.56594848632812,123.01703797901715,0.0,0.0,0.3931875340640545,9,2,2,19,11,37,20,6,3,11,2,3,24,1,0,1710.426806584802,-3960.0926001899984,123.01703797901715,0,0,0,0,0,0
26.124989549998464,1710.4580078125,-3960.01953125,214.5592041015625,122.99891811848605,0.0,0.0,0.38912876043468714,9,2,2,19,11,37,20,6,3,11,2,3,24,1,0,1710.4579974911474,-3960.019565302688,122.99891811848605,0,0,0,0,0,0
26.333322799998445,1710.48876953125,-3959.946533203125,214.55242919921875,122.98096204064606,0.0,0.0,0.39050134364515543,9,2,2,19,11,37,20,6,3,11,2,3,24,1,0,1710.488812739754,-3959.9464789195026,122.98096204064606,0,0,0,0,0,0
26.541656049998426,1710.5189208984375,-3959.872802734375,214.545654296875,122.96317074897969,0.0,0.0,0.3907636273652315,9,2,2,19,11,37,20,6,3,11,2,3,24,1,0,1710.5188645336393,-3959.8728248572625,122.96317074897969,0,0,0,0,0,0
26.749989299998408,1710.548583984375,-3959.799072265625,214.53884887695312,122.94550157535528,0.0,0.0,0.38769568782299757,9,2,2,19,11,37,20,6,3,11,2,3,24,1,0,1710.548538814655,-3959.7991335581482,122.94550157535528,0,0,0,0,0,0
26.95832254999839,1710.5787353515625,-3959.7265625,214.531982421875,122.9280359801507,0.0,0.0,0.3876257222145796,9,2,2,19,11,37,20,6,3,11,2,3,24,1,0,1710.578691302222,-3959.7265527487743,122.9280359801507,0,0,0,0,0,0
27.16665579999837,1710.60791015625,-3959.65283203125,214.52516174316406,122.91075692590664,0.0,0.0,0.38823438808321953,9,2,2,19,11,37,20,6,3,11,2,3,24,1,0,1710.6078497374292,-3959.6529282209667,122.91075692590664,0,0,0,0,0,0
27.37498904999835,1710.6368408203125,-3959.580078125,214.5182342529297,122.8936596886362,0.0,0.0,0.3834623144939542,9,2,2,19,11,37,20,6,3,11,2,3,24,1,0,1710.6368528058315,-3959.5799925208853,122.8936596886362,0,0,0,0,0,0
27.541655649998336,1710.66015625,-3959.52197265625,214.51248168945312,122.88014209123823,0.0,0.0,0.38495089393109083,9,2,2,19,11,37,20,6,3,11,2,3,24,1,0,1710.6601150948613,-3959.5219211556796,122.88014209123823,0,0,0,0,0,0
27.749988899998318,1710.688232421875,-3959.448974609375,214.5054168701172,122.86342366435173,0.0,0.0,0.3829033114016056,9,2,2,19,11,37,20,6,3,11,2,3,24,1,0,1710.6881969276571,-3959.4488791838444,122.86342366435173,0,0,0,0,0,0
27.9583221499983,1710.7159423828125,-3959.3759765625,214.4982452392578,122.84694287387158,0.0,0.0,0.38138474337756634,9,2,2,19,11,37,20,6,3,11,2,3,24,1,0,1710.715949707225,-3959.376059638952,122.84694287387158,0,0,0,0,0,0
28.16665539999828,1710.7432861328125,-3959.303466796875,214.49110412597656,122.8306988812134,0.0,0.0,0.3805104177445173,9,2,2,19,11,37,20,6,3,11,2,3,24,1,0,1710.743286519497,-3959.3033708839835,122.8306988812134,0,0,0,0,0,0
28.249988699998273,1710.7540283203125,-3959.274169921875,214.48828125,122.8242715832629,0.0,0.0,0.38021388463675976,9,2,2,19,11,37,20,6,3,11,2,3,24,1,0,1710.7540121397974,-3959.2742463417208,122.8242715832629,0,0,0,0,0,0
28.458321949998254,1710.7806396484375,-3959.20166015625,214.48121643066406,122.8083817694956,0.0,0.0,0.3766203299164772,9,2,2,19,11,37,20,6,3,11,2,3,24,1,0,1710.7806129228393,-3959.201708776994,122.8083817694956,0,0,0,0,0,0
28.666655199998235,1710.80712890625,-3959.129638671875,214.47418212890625,122.79275522670731,0.0,0.0,0.37800478748977184,9,2,2,19,11,37,20,6,3,11,2,3,24,1,0,1710.8070899761135,-3959.1295577674387,122.79275522670731,0,0,0,0,0,0
28.874988449998217,1710.83251953125,-3959.056640625,214.46739196777344,122.77739954465284,0.0,0.0,0.3774159587919712,9,2,2,19,11,37,20,6,3,11,2,3,24,1,0,1710.8324922638037,-3959.0567114676232,122.77739954465284,0,0,0,0,0,0
29.0416550499982,1710.8526611328125,-3958.998779296875,214.46202087402344,122.76529208431114,0.0,0.0,0.376828177832067,9,2,2,19,11,37,20,6,3,11,2,3,24,1,0,1710.8527132065112,-3958.998697537389,122.76529208431114,0,0,0,0,0,0
29.249988299998183,1710.87744140625,-3958.92578125,214.4554443359375,122.75037490641824,0.0,0.0,0.378301041200757,9,2,2,19,11,37,20,6,3,11,2,3,24,1,0,1710.8774515375653,-3958.9257988502586,122.75037490641824,0,0,0,0,0,0
29.458321549998164,1710.901611328125,-3958.8525390625,214.4490203857422,122.73568693206174,0.0,0.0,0.37824700120836496,9,2,2,19,11,37,20,6,3,11,2,3,24,1,0,1710.901627730323,-3958.8525604519104,122.73568693206174,0,0,0,0,0,0
29.666654799998145,1710.925537109375,-3958.779296875,214.442626953125,122.72121482225405,0.0,0.0,0.3780155209824443,9,2,2,19,11,37,20,6,3,11,2,3,24,1,0,1710.9255265633888,-3958.7793494133025,122.72121482225405,0,0,0,0,0,0
29.874988049998127,1710.94921875,-3958.7060546875,214.43626403808594,122.7069852528676,0.0,0.0,0.3780894912779331,9,2,2,19,11,37,20,6,3,11,2,3,24,1,0,1710.9491816933416,-3958.706158376352,122.7069852528676,0,0,0,0,0,0
30.083321299998108,1710.9716796875,-3958.63232421875,214.4302520751953,122.69286258632701,0.0,0.0,0.3827928565442562,9,2,2,19,11,37,20,6,3,11,2,3,24,1,0,1710.9716269226117,-3958.6322802603718,122.69286258632701,0,0,0,0,0,0
30.29165454999809,1710.99267578125,-3958.556884765625,214.42471313476562,122.67887062760792,0.0,0.0,0.38312701508402824,9,2,2,19,11,37,20,6,3,11,2,3,24,1,0,1710.9926683237525,-3958.556982594363,122.67887062760792,0,0,0,0,0,0
30.49998779999807,1711.0137939453125,-3958.48193359375,214.41883850097656,122.66501122060421,0.0,0.0,0.3841404337435961,9,2,2,19,11,37,20,6,3,11,2,3,24,1,0,1711.013812002486,-3958.481924609093,122.66501122060421,0,0,0,0,0,0
30.70832104999805,1711.033935546875,-3958.405517578125,214.41305541992188,122.65127677048498,0.0,0.0,0.38815299049019814,9,2,2,19,11,37,20,6,3,11,2,3,24,1,0,1711.0338921419298,-3958.4054354621126,122.65127677048498,0,0,0,0,0,0
30.95832094999803,1711.05859375,-3958.314697265625,214.40586853027344,122.63492199458392,0.0,0.0,0.3858332522213459,9,2,2,19,11,37,20,6,3,11,2,3,24,1,0,1711.0586418578603,-3958.314603659037,122.63492199458392,0,0,0,0,0,0
31.16665419999801,1711.079833984375,-3958.239013671875,214.3992919921875,122.62140914880686,0.0,0.0,0.38485005497932434,9,2,2,19,11,37,20,6,3,11,2,3,24,1,0,1711.0798457234619,-3958.238946374033,122.62140914880686,0,0,0,0,0,0
31.37498744999799,1711.1014404296875,-3958.163330078125,214.3926239013672,122.60800894542685,0.0,0.0,0.38881527725607157,9,2,2,19,11,37,20,6,3,11,2,3,24,1,0,1711.1014911401512,-3958.163327884731,122.60800894542685,0,0,0,0,0,0
31.541654049997977,1711.1187744140625,-3958.10205078125,214.3872528076172,122.59737208384222,0.0,0.0,0.3932750318199396,9,2,2,19,11,37,20,6,3,11,2,3,24,1,0,1711.1187310852838,-3958.101963267066,122.59737208384222,0,0,0,0,0,0
31.749987299997958,1711.140625,-3958.024658203125,214.3805389404297,122.58413192590095,0.0,0.0,0.39695044979453087,9,2,2,19,11,37,20,6,3,11,2,3,24,1,0,1711.140609376778,-3958.0245468823045,122.58413192590095,0,0,0,0,0,0
31.916653899997943,1711.15869140625,-3957.962158203125,214.3751678466797,122.57357077029421,0.0,0.0,0.3991144709289074,9,2,2,19,11,37,20,6,3,11,2,3,24,1,0,1711.158641685272,-3957.962239725177,122.57357077029421,0,0,0,0,0,0
32.12498714999793,1711.181884765625,-3957.8837890625,214.3685760498047,122.56039584653404,0.0,0.0,0.40406198240816593,9,2,2,19,11,37,20,6,3,11,2,3,24,1,0,1711.1818494937672,-3957.883864350836,122.56039584653404,0,0,0,0,0,0
32.29165374999791,1711.20068359375,-3957.8203125,214.3634796142578,122.5498705835351,0.0,0.0,0.4098944365978241,9,2,2,19,11,37,20,6,3,11,2,3,24,1,0,1711.2006682736578,-3957.8202235601475,122.5498705835351,0,0,0,0,0,0
32.374987049997905,1711.2100830078125,-3957.7880859375,214.3610076904297,122.54460611470076,0.0,0.0,0.41255815885961056,9,2,2,19,11,37,20,6,3,11,2,3,24,1,0,1711.210093862663,-3957.7880313336523,122.54460611470076,0,0,0,0,0,0
32.54165364999789,1711.2265625,-3957.72412109375,214.3564910888672,122.53470895251972,0.0,0.0,0.39487811736762524,9,2,2,19,11,37,20,6,3,11,2,3,24,1,0,1711.2266119353328,-3957.7242118060267,122.53470895251972,0,0,0,0,0,0
32.708320249997875,1711.2353515625,-3957.658447265625,214.35400390625,122.525857665073,0.0,0.0,0.4110650159418583,9,2,2,19,11,37,20,6,3,11,2,3,24,1,0,1711.2354083067494,-3957.6585400714207,122.525857665073,0,0,0,0,0,0
32.91665349999786,1711.2384033203125,-3957.569091796875,214.3525390625,122.51538164695458,0.0,0.0,0.4444373305886984,9,2,2,19,11,37,20,6,3,11,2,3,24,1,0,1711.2384623538337,-3957.568972526456,122.51538164695458,0,0,0,0,0,0
33.12498674999784,1711.2373046875,-3957.472412109375,214.351806640625,122.50504104812634,0.0,0.0,0.47673843801021576,9,2,2,19,11,37,20,6,3,11,2,3,24,1,0,1711.2372688167184,-3957.4724053581917,122.50504104812634,0,0,0,0,0,0
33.20832004999783,1711.2349853515625,-3957.432373046875,214.3524169921875,122.50105924056601,0.0,0.0,0.4811412189155817,9,2,2,19,11,37,20,6,3,11,2,3,24,1,0,1711.2349874179743,-3957.4323384781705,122.50105924056601,0,0,0,0,0,0
33.41665329999781,1711.228271484375,-3957.3330078125,214.35366821289062,122.49127759491738,0.0,0.0,0.4681601654738188,9,2,2,19,11,37,20,6,3,11,2,3,24,1,0,1711.228228863062,-3957.3329660321006,122.49127759491738,0,0,0,0,0,0
33.62498654999779,1711.2225341796875,-3957.2373046875,214.35391235351562,122.48172042266987,0.0,0.0,0.45091109350323677,9,2,2,19,11,37,20,6,3,11,2,3,24,1,0,1711.222585759232,-3957.237400071185,122.48172042266987,0,0,0,0,0,0
33.833319799997774,1711.216552734375,-3957.1435546875,214.35467529296875,122.47249196956822,0.0,0.0,0.4484456032514572,9,2,2,19,11,37,20,6,3,11,2,3,24,1,0,1711.2165071374516,-3957.1435884909547,122.47249196956822,0,0,0,0,0,0
34.041653049997755,1711.2099609375,-3957.051025390625,214.3552703857422,122.463483273969,0.0,0.0,0.4367074929177761,9,2,2,19,11,37,20,6,3,11,2,3,24,1,0,1711.2099088584057,-3957.0510594881134,122.463483273969,0,0,0,0,0,0
34.20831964999774,1711.2060546875,-3956.98046875,214.35565185546875,122.45641100053294,0.0,0.0,0.4125706385821104,9,2,2,19,11,37,20,6,3,11,2,3,24,1,0,1711.2061090598893,-3956.9805201419263,122.45641100053294,0,0,0,0,0,0
34.374986249997725,1711.2039794921875,-3956.91259765625,214.3560028076172,122.4494107579785,0.0,0.0,0.40373331867158413,9,2,2,19,11,37,20,6,3,11,2,3,24,1,0,1711.2039207232442,-3956.91255251322,122.4494107579785,0,0,0,0,0,0
34.58331949999771,1711.2012939453125,-3956.828857421875,214.35630798339844,122.44085388719263,0.0,0.0,0.39953840896487236,9,2,2,19,11,37,20,6,3,11,2,3,24,1,0,1711.2012908490997,-3956.8287901981735,122.44085388719263,0,0,0,0,0,0
34.74998609999769,1711.199462890625,-3956.762939453125,214.35650634765625,122.43406763727056,0.0,0.0,0.3894199151545763,9,2,2,19,11,37,20,6,3,11,2,3,24,1,0,1711.199499347956,-3956.762869782521,122.43406763727056,0,0,0,0,0,0
34.87498604999768,1711.198974609375,-3956.71484375,214.35667419433594,122.42901324467907,0.0,0.0,0.37899541202932596,9,2,2,19,11,37,20,6,3,11,2,3,24,1,0,1711.1989206417547,-3956.714837494005,122.42901324467907,0,0,0,0,0,0
35.08331929999766,1711.198974609375,-3956.63671875,214.3568878173828,122.42067141719694,0.0,0.0,0.37179384380578995,9,2,2,19,11,37,20,6,3,11,2,3,24,1,0,1711.1989944128159,-3956.636670568424,122.42067141719694,0,0,0,0,0,0
35.29165254999764,1711.1993408203125,-3956.5595703125,214.35716247558594,122.41245452452192,0.0,0.0,0.3660055808722973,9,2,2,19,11,37,20,6,3,11,2,3,24,1,0,1711.1993008664235,-3956.5596641948828,122.41245452452192,0,0,0,0,0,0
35.499985799997624,1711.2001953125,-3956.484375,214.35743713378906,122.40432197366209,0.0,0.0,0.35615290980786085,9,2,2,19,11,37,20,6,3,11,2,3,24,1,0,1711.2001571935448,-3956.4843060003745,122.40432197366209,0,0,0,0,0,0
35.708319049997606,1711.2020263671875,-3956.4111328125,214.35765075683594,122.39631069588229,0.0,0.0,0.34702220000326633,9,2,2,19,11,37,20,6,3,11,2,3,24,1,0,1711.2019710459983,-3956.4111837460155,122.39631069588229,0,0,0,0,0,0
35.87498564999759,1711.2039794921875,-3956.353759765625,214.35787963867188,122.38992885604348,0.0,0.0,0.34186660777777433,9,2,2,19,11,37,20,6,3,11,2,3,24,1,0,1711.2040398449608,-3956.3537676169417,122.38992885604348,0,0,0,0,0,0
36.12498554999757,1711.20751953125,-3956.269287109375,214.35818481445312,122.38051915243034,0.0,0.0,0.33284241799265146,9,2,2,19,11,37,20,6,3,11,2,3,24,1,0,1711.207536289174,-3956.2693782097094,122.38051915243034,0,0,0,0,0,0
36.33331879999755,1711.2108154296875,-3956.20068359375,214.3583984375,122.3727739870341,0.0,0.0,0.32756158616393805,9,2,2,19,11,37,20,6,3,11,2,3,24,1,0,1711.2108558928117,-3956.200688101915,122.3727739870341,0,0,0,0,0,0
36.54165204999753,1711.2144775390625,-3956.133056640625,214.35865783691406,122.36506103975593,0.0,0.0,0.32072628382593393,9,2,2,19,11,37,20,6,3,11,2,3,24,1,0,1711.214520915035,-3956.13307798077,122.36506103975593,0,0,0,0,0,0
36.708318649997516,1711.218017578125,-3956.080322265625,214.3588409423828,122.35897281398731,0.0,0.0,0.3139686770737171,9,2,2,19,11,37,20,6,3,11,2,3,24,1,0,1711.2180748252697,-3956.080348805431,122.35897281398731,0,0,0,0,0,0
36.9166518999975,1711.2230224609375,-3956.015625,214.3590087890625,122.3514597125809,0.0,0.0,0.3082054201513529,9,2,2,19,11,37,20,6,3,11,2,3,24,1,0,1711.2229821756034,-3956.0156809262885,122.3514597125809,0,0,0,0,0,0
37.12498514999748,1711.228271484375,-3955.9521484375,214.3592071533203,122.34403278142833,0.0,0.0,0.3032098524272442,9,2,2,19,11,37,20,6,3,11,2,3,24,1,0,1711.2282776441784,-3955.952198287514,122.34403278142833,0,0,0,0,0,0
37.29165174999746,1711.23291015625,-3955.90234375,214.35939025878906,122.33815017072305,0.0,0.0,0.29872916638851166,9,2,2,19,11,37,20,6,3,11,2,3,24,1,0,1711.232892815795,-3955.9022450982575,122.33815017072305,0,0,0,0,0,0
37.374985049997456,1711.2353515625,-3955.877685546875,214.3594512939453,122.33523964023286,0.0,0.0,0.29445337131619453,9,2,2,19,11,37,20,6,3,11,2,3,24,1,0,1711.2353565220196,-3955.8776661435963,122.33523964023286,0,0,0,0,0,0
37.58331829999744,1711.2421875,-3955.817626953125,214.35955810546875,122.32805996673507,0.0,0.0,0.28632369358092546,9,2,2,19,11,37,20,6,3,11,2,3,24,1,0,1711.2421458608126,-3955.817714616334,122.32805996673507,0,0,0,0,0,0
37.79165154999742,1711.2489013671875,-3955.758544921875,214.35971069335938,122.3209465548984,0.0,0.0,0.2853438723832369,9,2,2,19,11,37,20,6,3,11,2,3,24,1,0,1711.248927729872,-3955.758438214901,122.3209465548984,0,0,0,0,0,0
37.9999847999974,1711.2568359375,-3955.701416015625,214.35983276367188,122.314014138725,0.0,0.0,0.27078702114522457,9,2,2,19,11,37,20,6,3,11,2,3,24,1,0,1711.256892099034,-3955.701452210423,122.314014138725,0,0,0,0,0,0
38.20831804999738,1711.26513671875,-3955.6455078125,214.35983276367188,122.30721713042499,0.0,0.0,0.2711817156523466,9,2,2,19,11,37,20,6,3,11,2,3,24,1,0,1711.2651718755212,-3955.6455802757428,122.30721713042499,0,0,0,0,0,0
38.41665129999736,1711.2733154296875,-3955.58984375,214.36000061035156,122.30052619810603,0.0,0.0,0.2672103699296713,9,2,2,19,11,37,20,6,3,11,2,3,24,1,0,1711.2733434206375,-3955.5899493624966,122.30052619810603,0,0,0,0,0,0
38.62498454999734,1711.281982421875,-3955.53564453125,214.3600616455078,122.29393009400984,0.0,0.0,0.2620701910927892,9,2,2,19,11,37,20,6,3,11,2,3,24,1,0,1711.2820382942805,-3955.53565793528,122.29393009400984,0,0,0,0,0,0
38.833317799997324,1711.2911376953125,-3955.482177734375,214.36013793945312,122.2873926519972,0.0,0.0,0.25750352069735527,9,2,2,19,11,37,20,6,3,11,2,3,24,1,0,1711.2911045157073,-3955.4822137916885,122.2873926519972,0,0,0,0,0,0
39.041651049997306,1711.300537109375,-3955.43017578125,214.3601531982422,122.28100110157915,0.0,0.0,0.25237263180315495,9,2,2,19,11,37,20,6,3,11,2,3,24,1,0,1711.300487132482,-3955.430265079464,122.28100110157915,0,0,0,0,0,0
39.24998429999729,1711.309814453125,-3955.37841796875,214.36021423339844,122.27466167725424,0.0,0.0,0.2532379701733589,9,2,2,19,11,37,20,6,3,11,2,3,24,1,0,1711.3097769548904,-3955.3783041433503,122.27466167725424,0,0,0,0,0,0
39.45831754999727,1711.3189697265625,-3955.326904296875,214.36029052734375,122.26836860405399,0.0,0.0,0.2490202197805047,9,2,2,19,11,37,20,6,3,11,2,3,24,1,0,1711.3189370001933,-3955.3268207453293,122.26836860405399,0,0,0,0,0,0
39.66665079999725,1711.3284912109375,-3955.27587890625,214.36032104492188,122.26205273500595,0.0,0.0,0.24712174199521542,9,2,2,19,11,37,20,6,3,11,2,3,24,1,0,1711.3284849499519,-3955.2759749265724,122.26205273500595,0,0,0,0,0,0
39.87498404999723,1711.338623046875,-3955.2265625,214.3603057861328,122.25583169615074,0.0,0.0,0.23645544424653053,9,2,2,19,11,37,20,6,3,11,2,3,24,1,0,1711.3385858007694,-3955.226560948487,122.25583169615074,0,0,0,0,0,0
40.08331729999721,1711.3492431640625,-3955.178466796875,214.36019897460938,122.24971673220045,0.0,0.0,0.23814237210899591,9,2,2,19,11,37,20,6,3,11,2,3,24,1,0,1711.3492638545026,-3955.1783456657895,122.24971673220045,0,0,0,0,0,0
40.2499838999972,1711.357421875,-3955.1396484375,214.36021423339844,122.24487892270345,0.0,0.0,0.23584992159157991,9,2,2,19,11,37,20,6,3,11,2,3,24,1,0,1711.3574554105753,-3955.13960829175,122.24487892270345,0,0,0,0,0,0
40.45831714999718,1711.367919921875,-3955.091796875,214.36019897460938,122.23886243442999,0.0,0.0,0.23325947113335133,9,2,2,19,11,37,20,6,3,11,2,3,24,1,0,1711.367913253056,-3955.091893819137,122.23886243442999,0,0,0,0,0,0
40.66665039999716,1711.378662109375,-3955.044921875,214.360107421875,122.23287345377675,0.0,0.0,0.22957613691687584,9,2,2,19,11,37,20,6,3,11,2,3,24,1,0,1711.37871868914,-3955.0450220939856,122.23287345377675,0,0,0,0,0,0
40.74998369999715,1711.3829345703125,-3955.0263671875,214.3600616455078,122.23050667547663,0.0,0.0,0.22843352053314447,9,2,2,19,11,37,20,6,3,11,2,3,24,1,0,1711.3829778841389,-3955.0264192721656,122.23050667547663,0,0,0,0,0,0
40.95831694999713,1711.393798828125,-3954.980224609375,214.36000061035156,122.22458106315383,0.0,0.0,0.22710731718689203,9,2,2,19,11,37,20,6,3,11,2,3,24,1,0,1711.3937817214996,-3954.9801485070325,122.22458106315383,0,0,0,0,0,0
41.166650199997115,1711.4046630859375,-3954.9345703125,214.35987854003906,122.21875499311608,0.0,0.0,0.22221712861210108,9,2,2,19,11,37,20,6,3,11,2,3,24,1,0,1711.4046885320438,-3954.9346454255556,122.21875499311608,0,0,0,0,0,0
41.374983449997096,1711.4161376953125,-3954.889892578125,214.35977172851562,122.21293652277137,0.0,0.0,0.2203355310484767,9,2,2,19,11,37,20,6,3,11,2,3,24,1,0,1711.4161177082212,-3954.8899153702764,122.21293652277137,0,0,0,0,0,0
41.54165004999708,1711.4251708984375,-3954.854248046875,214.3596649169922,122.20834018948531,0.0,0.0,0.2214693697169423,9,2,2,19,11,37,20,6,3,11,2,3,24,1,0,1711.4252228946207,-3954.8542644255604,122.20834018948531,0,0,0,0,0,0
41.74998329999706,1711.436279296875,-3954.81005859375,214.3594970703125,122.20269222823835,0.0,0.0,0.21315752528607845,9,2,2,19,11,37,20,6,3,11,2,3,24,1,0,1711.4362737138354,-3954.8101578341125,122.20269222823835,0,0,0,0,0,0
41.91664989999705,1711.4459228515625,-3954.775146484375,214.3594207763672,122.1980712765552,0.0,0.0,0.21677417680621147,9,2,2,19,11,37,20,6,3,11,2,3,24,1,0,1711.4458725364088,-3954.7751665881206,122.1980712765552,0,0,0,0,0,0
42.12498314999703,1711.4576416015625,-3954.731689453125,214.35923767089844,122.19242042601388,0.0,0.0,0.2152791479602456,9,2,2,19,11,37,20,6,3,11,2,3,24,1,0,1711.457582785201,-3954.731750193031,122.19242042601388,0,0,0,0,0,0
42.33331639999701,1711.46923828125,-3954.688720703125,214.35902404785156,122.18682352153037,0.0,0.0,0.21334264893084764,9,2,2,19,11,37,20,6,3,11,2,3,24,1,0,1711.4691790741606,-3954.6888060107376,122.18682352153037,0,0,0,0,0,0
42.416649699997,1711.4739990234375,-3954.671630859375,214.35897827148438,122.18455521798896,0.0,0.0,0.212596426717937,9,2,2,19,11,37,20,6,3,11,2,3,24,1,0,1711.474024299872,-3954.671710445949,122.18455521798896,0,0,0,0,0,0
42.62498294999698,1711.4859619140625,-3954.62939453125,214.35877990722656,122.17898582217047,0.0,0.0,0.21113317925482988,9,2,2,19,11,37,20,6,3,11,2,3,24,1,0,1711.485979889945,-3954.6293027943266,122.17898582217047,0,0,0,0,0,0
42.833316199996965,1711.497802734375,-3954.58740234375,214.35850524902344,122.17349788054061,0.0,0.0,0.2101049292832613,9,2,2,19,11,37,20,6,3,11,2,3,24,1,0,1711.497796738768,-3954.587356445917,122.17349788054061,0,0,0,0,0,0
43.041649449996946,1711.5101318359375,-3954.545654296875,214.35833740234375,122.16793790357724,0.0,0.0,0.20821979269385338,9,2,2,19,11,37,20,6,3,11,2,3,24,1,0,1711.5100995049104,-3954.5456163479175,122.16793790357724,0,0,0,0,0,0
43.20831604999693,1711.5198974609375,-3954.512451171875,214.35813903808594,122.16353198711747,0.0,0.0,0.2072066068649292,9,2,2,19,11,37,20,6,3,11,2,3,24,1,0,1711.5199298227267,-3954.512403436587,122.16353198711747,0,0,0,0,0,0
43.41664929999691,1711.5321044921875,-3954.471435546875,214.3578338623047,122.15807337293921,0.0,0.0,0.20544284489005804,9,2,2,19,11,37,20,6,3,11,2,3,24,1,0,1711.532138221511,-3954.4713392985004,122.15807337293921,0,0,0,0,0,0
43.62498254999689,1711.5447998046875,-3954.4306640625,214.35760498046875,122.1525948499733,0.0,0.0,0.20302063785493374,9,2,2,19,11,37,20,6,3,11,2,3,24,1,0,1711.5448134976348,-3954.430614773326,122.1525948499733,0,0,0,0,0,0
43.79164914999688,1711.5550537109375,-3954.398681640625,214.35728454589844,122.14831491406231,0.0,0.0,0.1991015626117587,9,2,2,19,11,37,20,6,3,11,2,3,24,1,0,1711.5550797852072,-3954.3987429012814,122.14831491406231,0,0,0,0,0,0
43.99998239999686,1711.56787109375,-3954.35888671875,214.35699462890625,122.14295295414806,0.0,0.0,0.20217879209667444,9,2,2,19,11,37,20,6,3,11,2,3,24,1,0,1711.5679115928774,-3954.358921687829,122.14295295414806,0,0,0,0,0,0
44.12498234999685,1711.57568359375,-3954.3349609375,214.3568572998047,122.1397351334589,0.0,0.0,0.20205541513860226,9,2,2,19,11,37,20,6,3,11,2,3,24,1,0,1711.5757357541265,-3954.334943810022,122.1397351334589,0,0,0,0,0,0
44.33331559999683,1711.588623046875,-3954.29541015625,214.35646057128906,122.1344148088673,0.0,0.0,0.19864111673086882,9,2,2,19,11,37,20,6,3,11,2,3,24,1,0,1711.58868022056,-3954.295395059178,122.1344148088673,0,0,0,0,0,0
44.54164884999681,1711.6016845703125,-3954.25634765625,214.3560791015625,122.12913901116289,0.0,0.0,0.19846369978040457,9,2,2,19,11,37,20,6,3,11,2,3,24,1,0,1711.6016387501056,-3954.256284514743,122.12913901116289,0,0,0,0,0,0
44.79164874999679,1711.617431640625,-3954.20947265625,214.35569763183594,122.12279531508139,0.0,0.0,0.197797198779881,9,2,2,19,11,37,20,6,3,11,2,3,24,1,0,1711.6174792793358,-3954.209522642668,122.12279531508139,0,0,0,0,0,0
44.91664869999678,1711.6253662109375,-3954.186279296875,214.35545349121094,122.11965894698116,0.0,0.0,0.1962888054549694,9,2,2,19,11,37,20,6,3,11,2,3,24,1,0,1711.6253618567594,-3954.1862857017227,122.11965894698116,0,0,0,0,0,0
45.12498194999676,1711.6390380859375,-3954.1474609375,214.3551025390625,122.11434043890344,0.0,0.0,0.19800832960754633,9,2,2,19,11,37,20,6,3,11,2,3,24,1,0,1711.639001259705,-3954.1474987723673,122.11434043890344,0,0,0,0,0,0
45.291648549996744,1711.64990234375,-3954.116455078125,214.35476684570312,122.11012494041388,0.0,0.0,0.1960004447028041,9,2,2,19,11,37,20,6,3,11,2,3,24,1,0,1711.6498805269368,-3954.116567701111,122.11012494041388,0,0,0,0,0,0
45.499981799996725,1711.6634521484375,-3954.078125,214.3543243408203,122.1048480664538,0.0,0.0,0.19563203677535057,9,2,2,19,11,37,20,6,3,11,2,3,24,1,0,1711.663487511856,-3954.078095177279,122.1048480664538,0,0,0,0,0,0
45.708315049996706,1711.6776123046875,-3954.04052734375,214.35386657714844,122.09963852118966,0.0,0.0,0.19120029173791409,9,2,2,19,11,37,20,6,3,11,2,3,24,1,0,1711.677584099596,-3954.040408616308,122.09963852118966,0,0,0,0,0,0
45.91664829999669,1711.6915283203125,-3954.0029296875,214.3533477783203,122.0945075350828,0.0,0.0,0.19413656555116177,9,2,2,19,11,37,20,6,3,11,2,3,24,1,0,1711.6915019358491,-3954.0029496357383,122.0945075350828,0,0,0,0,0,0
46.12498154999667,1711.7049560546875,-3953.964599609375,214.35301208496094,122.08929799018576,0.0,0.0,0.1943828072398901,9,2,2,19,11,37,20,6,3,11,2,3,24,1,0,1711.7049595992544,-3953.964594181957,122.08929799018576,0,0,0,0,0,0
46.33331479999665,1711.7191162109375,-3953.927001953125,214.35250854492188,122.08407795124855,0.0,0.0,0.19252634374424815,9,2,2,19,11,37,20,6,3,11,2,3,24,1,0,1711.7190760646627,-3953.926989993051,122.08407795124855,0,0,0,0,0,0
46.54164804999663,1711.733154296875,-3953.889404296875,214.35194396972656,122.07890714614477,0.0,0.0,0.19197944784536958,9,2,2,19,11,37,20,6,3,11,2,3,24,1,0,1711.7330973063965,-3953.8895223194177,122.07890714614477,0,0,0,0,0,0
46.708314649996616,1711.74462890625,-3953.860107421875,214.3515625,122.07481654856709,0.0,0.0,0.18799349199980497,9,2,2,19,11,37,20,6,3,11,2,3,24,1,0,1711.7446311708482,-3953.8601534886448,122.07481654856709,0,0,0,0,0,0
46.9166478999966,1711.7593994140625,-3953.82373046875,214.35098266601562,122.06972538157707,0.0,0.0,0.1907926402054727,9,2,2,19,11,37,20,6,3,11,2,3,24,1,0,1711.7593793295625,-3953.8238255738584,122.06972538157707,0,0,0,0,0,0
47.12498114999658,1711.7740478515625,-3953.78662109375,214.3505096435547,122.06456507192782,0.0,0.0,0.19232876366004348,9,2,2,19,11,37,20,6,3,11,2,3,24,1,0,1711.7740834605115,-3953.7866508541756,122.06456507192782,0,0,0,0,0,0
47.33331439999656,1711.7886962890625,-3953.74951171875,214.3499298095703,122.059423590946,0.0,0.0,0.1904683536849916,9,2,2,19,11,37,20,6,3,11,2,3,24,1,0,1711.7886598618447,-3953.7496169863343,122.059423590946,0,0,0,0,0,0
47.41664769999655,1711.79443359375,-3953.73486328125,214.3496856689453,122.05737213819172,0.0,0.0,0.19211064791306853,9,2,2,19,11,37,20,6,3,11,2,3,24,1,0,1711.7944450855077,-3953.7347646508474,122.05737213819172,0,0,0,0,0,0
47.624980949996534,1711.808837890625,-3953.697509765625,214.34913635253906,122.05223065717799,0.0,0.0,0.19125151447951794,9,2,2,19,11,37,20,6,3,11,2,3,24,1,0,1711.8087794183489,-3953.6975061051407,122.05223065717799,0,0,0,0,0,0
47.833314199996515,1711.8231201171875,-3953.66064453125,214.34852600097656,122.04713840916597,0.0,0.0,0.18975782440975308,9,2,2,19,11,37,20,6,3,11,2,3,24,1,0,1711.8231298328108,-3953.660719203095,122.04713840916597,0,0,0,0,0,0
47.9999807999965,1711.833984375,-3953.63134765625,214.34799194335938,122.04316437588272,0.0,0.0,0.19323060987517238,9,2,2,19,11,37,20,6,3,11,2,3,24,1,0,1711.834002769647,-3953.6313396425007,122.04316437588272,0,0,0,0,0,0
48.20831404999648,1711.848876953125,-3953.59375,214.34759521484375,122.0376485879431,0.0,0.0,0.19620880484580994,9,2,2,19,11,37,20,6,3,11,2,3,24,1,0,1711.8488597858618,-3953.5937966404645,122.0376485879431,0,0,0,0,0,0
48.41664729999646,1711.8626708984375,-3953.5556640625,214.34686279296875,122.03227868663457,0.0,0.0,0.19362930906936526,9,2,2,19,11,37,20,6,3,11,2,3,24,1,0,1711.862646380731,-3953.555655234782,122.03227868663457,0,0,0,0,0,0
48.624980549996444,1711.876708984375,-3953.518310546875,214.34619140625,122.02689647721023,0.0,0.0,0.19272229401394725,9,2,2,19,11,37,20,6,3,11,2,3,24,1,0,1711.8767638200861,-3953.518202125751,122.02689647721023,0,0,0,0,0,0
48.833313799996425,1711.88916015625,-3953.48046875,214.34552001953125,122.02123190815198,0.0,0.0,0.19327268237248063,9,2,2,19,11,37,20,6,3,11,2,3,24,1,0,1711.8891981011454,-3953.480489970684,122.02123190815198,0,0,0,0,0,0
49.041647049996406,1711.8985595703125,-3953.4404296875,214.3448944091797,122.01522706055354,0.0,0.0,0.20265302155166864,9,2,2,19,11,37,20,6,3,11,2,3,24,1,0,1711.8985169231728,-3953.440544182218,122.01522706055354,0,0,0,0,0,0
49.24998029999639,1711.9066162109375,-3953.398193359375,214.34439086914062,122.00891994320801,0.0,0.0,0.21096090786159039,9,2,2,19,11,37,20,6,3,11,2,3,24,1,0,1711.9065766512808,-3953.3982576434,122.00891994320801,0,0,0,0,0,0
49.45831354999637,1711.91357421875,-3953.3544921875,214.34376525878906,122.00218168455683,0.0,0.0,0.21818485110998154,9,2,2,19,11,37,20,6,3,11,2,3,24,1,0,1711.9135861677598,-3953.354466494075,122.00218168455683,0,0,0,0,0,0
49.66664679999635,1711.9176025390625,-3953.308349609375,214.34304809570312,121.99496775906941,0.0,0.0,0.22617727518081665,9,2,2,19,11,37,20,6,3,11,2,3,24,1,0,1711.9176184466305,-3953.3084421824738,121.99496775906941,0,0,0,0,0,0
49.87498004999633,1711.92041015625,-3953.261474609375,214.34230041503906,121.98741355387563,0.0,0.0,0.23069079034030437,9,2,2,19,11,37,20,6,3,11,2,3,24,1,0,1711.9204346312586,-3953.2614787262473,121.98741355387563,0,0,0,0,0,0
50.08331329999631,1711.9208984375,-3953.212158203125,214.3414764404297,121.97951725930128,0.0,0.0,0.24349077139049768,9,2,2,19,11,37,20,6,3,11,2,3,24,1,0,1711.9208931519274,-3953.2122758362334,121.97951725930128,0,0,0,0,0,0
50.291646549996294,1711.9195556640625,-3953.1611328125,214.34068298339844,121.97121624795207,0.0,0.0,0.25222706608474255,9,2,2,19,11,37,20,6,3,11,2,3,24,1,0,1711.9195492532551,-3953.161227385029,121.97121624795207,0,0,0,0,0,0
50.499979799996275,1711.91650390625,-3953.107666015625,214.33982849121094,121.96230309564078,0.0,0.0,0.2669450594112277,9,2,2,19,11,37,20,6,3,11,2,3,24,1,0,1711.9164719908315,-3953.1076739933146,121.96230309564078,0,0,0,0,0,0
50.708313049996256,1711.9112548828125,-3953.051513671875,214.33883666992188,121.95298341829354,0.0,0.0,0.27815881185233593,9,2,2,19,11,37,20,6,3,11,2,3,24,1,0,1711.911276959034,-3953.051534046911,121.95298341829354,0,0,0,0,0,0
50.87497964999624,1711.9051513671875,-3953.00537109375,214.33798217773438,121.94506612542897,0.0,0.0,0.28867165092378855,9,2,2,19,11,37,20,6,3,11,2,3,24,1,0,1711.9051555189583,-3953.005295465991,121.94506612542897,0,0,0,0,0,0
51.08331289999622,1711.895263671875,-3952.9443359375,214.33685302734375,121.93456089786966,0.0,0.0,0.3077971749007702,9,2,2,19,11,37,20,6,3,11,2,3,24,1,0,1711.895299155302,-3952.9443526953755,121.93456089786966,0,0,0,0,0,0
51.291646149996204,1711.8826904296875,-3952.880615234375,214.33555603027344,121.92346234899989,0.0,0.0,0.32094798516482115,9,2,2,19,11,37,20,6,3,11,2,3,24,1,0,1711.8827403153048,-3952.8805612327446,121.92346234899989,0,0,0,0,0,0
51.499979399996185,1711.8671875,-3952.81396484375,214.33404541015625,121.91160648914214,0.0,0.0,0.3424359718337655,9,2,2,19,11,37,20,6,3,11,2,3,24,1,0,1711.8671492161188,-3952.8138897816134,121.91160648914214,0,0,0,0,0,0
51.54164604999618,1711.8638916015625,-3952.800048828125,214.333740234375,121.90917964410997,0.0,0.0,0.34449698869138956,9,2,2,19,11,37,20,6,3,11,2,3,24,1,0,1711.86387026715,-3952.800050609497,121.90917964410997,0,0,0,0,0,0
51.74997929999616,1711.844482421875,-3952.729248046875,214.3321075439453,121.89629171702076,0.0,0.0,0.36720295902341604,9,2,2,19,11,37,20,6,3,11,2,3,24,1,0,1711.8444639117395,-3952.729193763791,121.89629171702076,0,0,0,0,0,0
51.958312549996144,1711.82177734375,-3952.6552734375,214.3301239013672,121.88270730382561,0.0,0.0,0.37718601524829865,9,2,2,19,11,37,20,6,3,11,2,3,24,1,0,1711.821781205784,-3952.655383659404,121.88270730382561,0,0,0,0,0,0
52.166645799996125,1711.798583984375,-3952.581298828125,214.32789611816406,121.86838548809767,0.0,0.0,0.3846920561045408,9,2,2,19,11,37,20,6,3,11,2,3,24,1,0,1711.7985638925838,-3952.581333944459,121.86838548809767,0,0,0,0,0,0
52.37497904999611,1711.7708740234375,-3952.501953125,214.32546997070312,121.85333387249045,0.0,0.0,0.42803953401744366,9,2,2,19,11,37,20,6,3,11,2,3,24,1,0,1711.7708592643376,-3952.5018834533853,121.85333387249045,0,0,0,0,0,0
52.58331229999609,1711.737548828125,-3952.416748046875,214.3229217529297,121.83718465409595,0.0,0.0,0.4568034317344427,9,2,2,19,11,37,20,6,3,11,2,3,24,1,0,1711.737534626206,-3952.4166682077607,121.83718465409595,0,0,0,0,0,0
52.79164554999607,1711.6988525390625,-3952.3271484375,214.3197021484375,121.81950489168815,0.0,0.0,0.49365516752004623,9,2,2,19,11,37,20,6,3,11,2,3,24,1,0,1711.698828677365,-3952.32723029608,121.81950489168815,0,0,0,0,0,0
52.99997879999605,1711.6556396484375,-3952.23095703125,214.31607055664062,121.80102979064898,0.0,0.0,0.5253039300441742,9,2,2,19,11,37,20,6,3,11,2,3,24,1,0,1711.6556104668405,-3952.230952086393,121.80102979064898,0,0,0,0,0,0
53.20831204999603,1711.6090087890625,-3952.1298828125,214.31201171875,121.78121054283258,0.0,0.0,0.5538987461477518,9,2,2,19,11,37,20,6,3,11,2,3,24,1,0,1711.6090467340107,-3952.129937008198,121.78121054283258,0,0,0,0,0,0
53.41664529999601,1711.5576171875,-3952.023681640625,214.30702209472656,121.76009858063269,0.0,0.0,0.5902726668864489,9,2,2,19,11,37,20,6,3,11,2,3,24,1,0,1711.5576478198066,-3952.0236600431294,121.76009858063269,0,0,0,0,0,0
53.624978549995994,1711.5020751953125,-3951.9111328125,214.30154418945312,121.73760444177546,0.0,0.0,0.624851742759347,9,2,2,19,11,37,20,6,3,11,2,3,24,1,0,1711.5021228245387,-3951.911218700808,121.73760444177546,0,0,0,0,0,0
53.833311799995975,1711.44189453125,-3951.793212890625,214.2950897216797,121.71370171205488,0.0,0.0,0.6599037442356348,9,2,2,19,11,37,20,6,3,11,2,3,24,1,0,1711.4419374810652,-3951.793163843638,121.71370171205488,0,0,0,0,0,0
54.04164504999596,1711.377685546875,-3951.6689453125,214.28768920898438,121.68832484355117,0.0,0.0,0.6947345100343227,9,2,2,19,11,37,20,6,3,11,2,3,24,1,0,1711.3776724739714,-3951.669001171156,121.68832484355117,0,0,0,0,0,0
54.24997829999594,1711.3094482421875,-3951.5390625,214.27931213378906,121.6615429653568,0.0,0.0,0.7267401088029146,9,2,2,19,11,37,20,6,3,11,2,3,24,1,0,1711.3094037093574,-3951.5391600981134,121.6615429653568,0,0,0,0,0,0
54.45831154999592,1711.2376708984375,-3951.40380859375,214.26971435546875,121.63335607217735,0.0,0.0,0.7570025976747274,9,2,2,19,11,37,20,6,3,11,2,3,24,1,0,1711.2376760975349,-3951.4039238263044,121.63335607217735,0,0,0,0,0,0
54.6666447999959,1711.1639404296875,-3951.26416015625,214.25892639160156,121.6038227779327,0.0,0.0,0.7743873167783022,9,2,2,19,11,37,20,6,3,11,2,3,24,1,0,1711.1639081932651,-3951.2642029877916,121.6038227779327,0,0,0,0,0,0
54.87497804999588,1711.0887451171875,-3951.120361328125,214.2467803955078,121.5731779900162,0.0,0.0,0.8015072904527187,9,2,2,19,11,37,20,6,3,11,2,3,24,1,0,1711.088718974336,-3951.1204609661286,121.5731779900162,0,0,0,0,0,0
55.08331129999586,1711.0120849609375,-3950.971435546875,214.23358154296875,121.5415868160952,0.0,0.0,0.8226499892771244,9,2,2,19,11,37,20,6,3,11,2,3,24,1,0,1711.012110307708,-3950.9714244666634,121.5415868160952,0,0,0,0,0,0
55.291644549995844,1710.9361572265625,-3950.819091796875,214.21900939941406,121.5091114354704,0.0,0.0,0.8299494162201881,9,2,2,19,11,37,20,6,3,11,2,3,24,1,0,1710.9361508353472,-3950.8191401740914,121.5091114354704,0,0,0,0,0,0
55.499977799995825,1710.8623046875,-3950.664794921875,214.2032012939453,121.47607512741806,0.0,0.0,0.8329118601977825,9,2,2,19,11,37,20,6,3,11,2,3,24,1,0,1710.8623071759444,-3950.6647067290514,121.47607512741806,0,0,0,0,0,0
55.66664439999581,1710.8055419921875,-3950.5400390625,214.18975830078125,121.44939855969118,0.0,0.0,0.8310276083648205,9,2,2,19,11,37,20,6,3,11,2,3,24,1,0,1710.8055859108902,-3950.5400831097404,121.44939855969118,0,0,0,0,0,0
55.7499776999958,1710.7781982421875,-3950.4775390625,214.18276977539062,121.43602749443826,0.0,0.0,0.828969944268465,9,2,2,19,11,37,20,6,3,11,2,3,24,1,0,1710.7781372597412,-3950.477573950093,121.43602749443826,0,0,0,0,0,0
55.958310949995784,1710.712890625,-3950.321044921875,214.16458129882812,121.40262549186072,0.0,0.0,0.8199642412364483,9,2,2,19,11,37,20,6,3,11,2,3,24,1,0,1710.712933549165,-3950.3209811671004,121.40262549186072,0,0,0,0,0,0
56.166644199995766,1710.654052734375,-3950.164794921875,214.14564514160156,121.36953285528534,0.0,0.0,0.8037925697863102,9,2,2,19,11,37,20,6,3,11,2,3,24,1,0,1710.6540159309855,-3950.164798143622,121.36953285528534,0,0,0,0,0,0
56.33331079999575,1710.6121826171875,-3950.040771484375,214.13002014160156,121.34347809458387,0.0,0.0,0.788105558604002,9,2,2,19,11,37,20,6,3,11,2,3,24,1,0,1710.612159383127,-3950.040797085247,121.34347809458387,0,0,0,0,0,0
56.54164404999573,1710.5670166015625,-3949.887451171875,214.11009216308594,121.31165901071283,0.0,0.0,0.7668161299079657,9,2,2,19,11,37,20,6,3,11,2,3,24,1,0,1710.5669642275238,-3949.8874702228095,121.31165901071283,0,0,0,0,0,0
56.74997729999571,1710.53076171875,-3949.737060546875,214.08929443359375,121.28087729181347,0.0,0.0,0.7316949777305126,9,2,2,19,11,37,20,6,3,11,2,3,24,1,0,1710.5307150294425,-3949.737165796024,121.28087729181347,0,0,0,0,0,0
56.958310549995694,1710.5029296875,-3949.591796875,214.0677032470703,121.25103336358832,0.0,0.0,0.716764759272337,9,2,2,19,11,37,20,6,3,11,2,3,24,1,0,1710.502980964838,-3949.5917154679228,121.25103336358832,0,0,0,0,0,0
57.166643799995676,1710.4764404296875,-3949.445068359375,214.050537109375,121.22150459909662,0.0,0.0,0.7466978393495083,9,2,2,19,11,37,20,6,3,11,2,3,24,1,0,1710.476481958855,-3949.445077728904,121.22150459909662,0,0,0,0,0,0
57.37497704999566,1710.44384765625,-3949.2919921875,214.0352783203125,121.19169068034616,0.0,0.0,0.7771039847284555,9,2,2,19,11,37,20,6,3,11,2,3,24,1,0,1710.4438160859609,-3949.2919602259335,121.19169068034616,0,0,0,0,0,0
57.624976949995634,1710.40625,-3949.108642578125,214.01451110839844,121.15586123436454,0.0,0.0,0.7484306581318378,9,2,2,19,11,37,20,6,3,11,2,3,24,1,0,1710.4062493306276,-3949.1086569723952,121.15586123436454,0,0,0,0,0,0
57.79164354999562,1710.384765625,-3948.98974609375,214.00048828125,121.13207882931881,0.0,0.0,0.7361143361777067,9,2,2,19,11,37,20,6,3,11,2,3,24,1,0,1710.3847124756812,-3948.9898596642647,121.13207882931881,0,0,0,0,0,0
57.958310149995604,1710.36474609375,-3948.8720703125,213.98629760742188,121.10851784390111,0.0,0.0,0.7308695465326309,9,2,2,19,11,37,20,6,3,11,2,3,24,1,0,1710.3647635845712,-3948.8719683111176,121.10851784390111,0,0,0,0,0,0
58.12497674999559,1710.345947265625,-3948.7548828125,213.9717559814453,121.0852825277979,0.0,0.0,0.7222060114145279,9,2,2,19,11,37,20,6,3,11,2,3,24,1,0,1710.3459514204494,-3948.7549820892846,121.0852825277979,0,0,0,0,0,0
58.24997669999558,1710.3328857421875,-3948.668212890625,213.9607391357422,121.068055193066,0.0,0.0,0.7144289091229439,9,2,2,19,11,37,20,6,3,11,2,3,24,1,0,1710.3328604546282,-3948.668142014801,121.068055193066,0,0,0,0,0,0
58.45830994999556,1710.073486328125,-3948.053955078125,213.94155883789062,121.042060886753,1.0,-1.0,21.02884352207184,9,2,2,19,11,37,20,6,3,11,2,3,24,1,0,1710.073451082578,-3948.0540057862568,121.042060886753,0,0,0,0,0,0
58.66664319999554,1700.5289306640625,-3933.5234375,216.65060424804688,121.05498421297852,1.0,-1.0,123.05073738098145,8,2,2,19,11,37,20,6,3,11,2,3,24,1,0,1700.5289761013785,-3933.523544037169,121.05498421297852,0,0,0,0,0,0
58.87497644999552,1680.697021484375,-3904.24462890625,223.4617156982422,121.34947837201017,1.0,-1.0,197.3290205001831,8,2,1,19,11,37,20,6,3,11,2,3,24,1,0,1680.6970023664344,-3904.2447025430647,121.34947837201017,0,0,0,0,0,0
59.04164304999551,1663.865234375,-3869.179931640625,228.6055908203125,120.75774073273473,0.0,-1.0,232.90588855743408,8,2,1,19,11,37,20,6,3,11,2,3,24,1,0,1663.8652712074968,-3869.1798768237945,120.75774073273473,0,0,0,0,0,0
59.24997629999549,1653.8731689453125,-3826.720947265625,226.4434814453125,118.4296499319317,0.0,0.0,209.27577018737793,8,2,2,19,11,39,22,13,4,11,2,4,25,1,0,1653.8731933830932,-3826.7209191235197,118.4296499319317,0,0,0,0,0,0
59.499976199995466,1638.658935546875,-3783.964599609375,207.05714416503906,117.22518528448767,0.0,0.0,166.20423793792725,8,2,2,19,11,39,22,13,4,11,2,4,25,1,0,1638.658977069858,-3783.9645269317907,117.22518528448767,0,0,0,0,0,0
59.70830944999545,1619.0677490234375,-3752.694091796875,216.97662353515625,117.91420921478264,0.0,-1.0,184.08828973770142,8,2,2,19,11,39,22,13,4,11,2,4,25,1,0,1619.0677965823118,-3752.694028748178,117.91420921478264,0,0,0,0,0,0
59.87497604999543,1602.7899169921875,-3728.309326171875,223.55584716796875,118.17321193607543,0.0,-1.0,163.116717338562,8,2,2,19,11,39,22,13,4,11,2,4,26,1,0,1602.7899581303864,-3728.309444719356,118.17321193607543,0,0,0,0,0,0
60.04164264999542,1591.3326416015625,-3699.0625,222.96319580078125,117.35600856120857,0.0,0.0,197.65223264694214,8,2,2,19,11,39,22,13,4,11,2,4,26,1,0,1591.3325942814156,-3699.0625522868827,117.35600856120857,0,0,0,0,0,0
60.2499758999954,1582.3253173828125,-3663.385986328125,219.27276611328125,116.11757109638499,0.0,0.0,178.96888256072998,7,2,2,19,11,39,22,13,4,11,2,4,26,1,0,1582.3253020096968,-3663.3860769856005,116.11757109638499,0,0,0,0,0,0
60.45830914999538,1567.23291015625,-3621.067138671875,220.93641662597656,115.73551036432461,1.0,0.0,253.3390998840332,8,2,2,20,12,40,23,13,4,12,2,4,27,1,0,1567.23294373425,-3621.0671574904973,115.73551036432461,0,0,0,0,0,0
60.66664239999536,1548.7642822265625,-3574.396240234375,224.37059020996094,114.68224477360587,0.0,0.0,225.5326747894287,8,2,2,20,12,40,23,13,4,12,2,4,27,1,0,1548.7642701522805,-3574.3962975738405,114.68224477360587,0,0,0,0,0,0
60.74997569999535,1540.9598388671875,-3557.578857421875,223.93687438964844,114.67564339341239,0.0,0.0,213.79425525665283,8,2,2,20,12,40,23,13,4,12,2,4,27,1,0,1540.9598266675634,-3557.5788747566094,114.67564339341239,0,0,0,0,0,0
60.958308949995335,1523.3267822265625,-3521.5537109375,223.7751922607422,115.07449859917372,0.0,0.0,184.16812419891357,8,2,2,20,12,40,23,13,4,12,2,4,27,1,0,1523.3267237723912,-3521.553702101493,115.07449859917372,0,0,0,0,0,0
61.12497554999532,1510.5186767578125,-3495.970458984375,225.54859924316406,115.39380867545367,1.0,-1.0,176.44318342208862,8,2,2,20,12,41,24,13,4,12,2,4,28,1,0,1510.518691812576,-3495.9704427492675,115.39380867545367,0,0,0,0,0,0
61.3333087999953,1503.19921875,-3455.331298828125,227.2579345703125,113.02858393537659,0.0,-1.0,195.38849592208862,8,2,2,20,12,41,24,13,4,12,2,4,28,1,0,1503.1992479037947,-3455.3313218536937,113.02858393537659,0,0,0,0,0,0
61.54164204999528,1500.9671630859375,-3411.23876953125,225.5596466064453,110.17104343324426,1.0,-1.0,262.878680229187,8,2,2,20,12,41,24,13,4,12,2,4,28,1,0,1500.967175871902,-3411.2387110740074,110.17104343324426,0,0,0,0,0,0
61.74997529999526,1493.9967041015625,-3360.8076171875,224.01670837402344,108.37470694196097,0.0,0.0,236.1642599105835,8,2,2,20,12,43,26,13,4,12,2,4,29,1,0,1493.9967627147616,-3360.807652760588,108.37470694196097,0,0,0,0,0,0
61.958308549995245,1480.830078125,-3317.199951171875,226.7286376953125,107.99827045198239,0.0,0.0,206.78153038024902,8,2,2,20,12,43,26,13,4,12,2,4,29,1,0,1480.8301327332952,-3317.199842852979,107.99827045198239,0,0,0,0,0,0
62.166641799995226,1469.262939453125,-3279.045166015625,226.2475128173828,107.93304244666624,0.0,0.0,179.7388792037964,8,2,2,20,12,43,26,13,4,12,2,4,29,1,0,1469.2629031601123,-3279.0452716439945,107.93304244666624,0,0,0,0,0,0
62.37497504999521,1458.734375,-3246.40185546875,227.45716857910156,107.95612029842474,0.0,0.0,150.29535293579102,8,2,2,20,12,43,26,13,4,12,2,4,30,1,0,1458.734384939526,-3246.4018730965195,107.95612029842474,0,0,0,0,0,0
62.58330829999519,1450.87451171875,-3220.148193359375,230.62718200683594,108.0893141116613,0.0,0.0,115.80848693847656,8,2,2,20,12,43,26,13,4,12,2,4,30,1,0,1450.8744875953862,-3220.1481013728467,108.0893141116613,0,0,0,0,0,0
62.79164154999517,1444.006591796875,-3199.09521484375,231.32997131347656,108.2333907412498,0.0,0.0,97.93551564216614,8,2,2,20,12,43,26,13,4,12,2,4,30,1,0,1444.006541355082,-3199.0953073467385,108.2333907412498,0,0,0,0,0,0
62.99997479999515,1437.5263671875,-3182.092041015625,230.7219696044922,108.41838111276519,0.0,0.0,79.83407378196716,8,2,2,20,12,43,26,13,4,12,2,4,30,1,0,1437.5263963458938,-3182.092093452914,108.41838111276519,0,0,0,0,0,0
63.20830804999513,1432.004150390625,-3167.837158203125,230.79983520507812,108.58086002943469,0.0,0.0,69.21606659889221,8,2,2,20,12,43,26,13,4,12,2,4,30,1,0,1432.0041804615053,-3167.83714425183,108.58086002943469,0,0,0,0,0,0
63.37497464999512,1428.105712890625,-3158.35546875,229.43115234375,108.7035511439368,0.0,0.0,57.49999284744263,8,2,2,20,12,44,27,13,4,12,2,4,31,1,0,1428.105697418523,-3158.3555538440046,108.7035511439368,0,0,0,0,0,0
63.5416412499951,1425.276611328125,-3152.01171875,229.12911987304688,108.77384652730474,0.0,0.0,28.981199860572815,8,2,2,20,12,44,27,13,4,12,2,4,31,1,0,1425.2766217002306,-3152.011706419887,108.77384652730474,0,0,0,0,0,0
63.74997449999508,1424.3128662109375,-3151.61279296875,231.53433227539062,108.68097003707169,0.0,0.0,10.232670605182648,8,2,2,20,12,44,27,13,4,12,2,4,31,1,0,1424.3128469069538,-3151.6127757874715,108.68097003707169,0,0,0,0,0,0
63.958307749995065,1425.6185302734375,-3155.111083984375,232.37130737304688,108.60012564421379,0.0,0.0,22.94391393661499,8,2,2,20,12,44,27,13,4,12,2,4,31,1,0,1425.6185064014521,-3155.1110260734868,108.60012564421379,0,0,0,0,0,0
64.04164104999506,1426.5390625,-3156.595703125,231.39480590820312,108.60251770301865,0.0,0.0,25.26412308216095,8,2,2,20,12,44,27,13,4,12,2,4,31,1,0,1426.5390995132175,-3156.595651024715,108.60251770301865,0,0,0,0,0,0
64.24997429999505,1429.4814453125,-3160.779052734375,228.3553466796875,108.621577572432,0.0,0.0,32.69388675689697,8,2,2,20,12,44,27,13,4,12,2,4,31,1,0,1429.4814991063663,-3160.7789712649424,108.621577572432,0,0,0,0,0,0
64.45830754999503,1433.0733642578125,-3166.66552734375,228.95436096191406,108.60599911991453,0.0,0.0,36.052367091178894,8,2,2,20,12,44,27,13,4,12,2,4,31,1,0,1433.0733985129655,-3166.665620182231,108.60599911991453,0,0,0,0,0,0
64.66664079999501,1436.2265625,-3173.374755859375,229.8748321533203,108.55359793102954,0.0,0.0,34.888604283332825,8,2,2,20,12,44,27,13,4,12,2,4,31,1,0,1436.2266091453685,-3173.3748697439905,108.55359793102954,0,0,0,0,0,0
64.87497404999499,1439.31640625,-3180.075927734375,228.81475830078125,108.49704112443884,0.0,0.0,36.06652915477753,8,2,2,20,12,44,27,13,4,12,2,4,31,1,0,1439.3164142094142,-3180.075904922974,108.49704112443884,0,0,0,0,0,0
65.08330729999497,1442.75927734375,-3187.69384765625,227.7140655517578,108.39273555407544,0.0,0.0,41.10136330127716,8,2,2,20,12,44,27,13,4,12,2,4,31,1,0,1442.7592235540608,-3187.693968564863,108.39273555407544,0,0,0,0,0,0
65.29164054999495,1446.4708251953125,-3195.86474609375,227.47454833984375,108.33277212377025,0.0,0.0,46.27642333507538,8,2,2,20,12,44,27,13,4,12,2,4,31,1,0,1446.4708745882976,-3195.86469407707,108.33277212377025,0,0,0,0,0,0
65.49997379999493,1450.33740234375,-3204.86474609375,227.3316650390625,108.24495541090172,0.0,0.0,47.00235426425934,8,2,2,20,12,44,27,13,4,12,2,4,31,1,0,1450.3373421272795,-3204.864854573321,108.24495541090172,0,0,0,0,0,0
65.70830704999491,1454.1129150390625,-3213.61962890625,227.33206176757812,108.15757020111678,0.0,0.0,44.5113867521286,8,2,2,20,12,44,27,13,4,12,2,4,31,1,0,1454.112976031624,-3213.6195602264174,108.15757020111678,0,0,0,0,0,0
65.9166402999949,1457.5867919921875,-3222.08935546875,227.38267517089844,108.11323904256085,0.0,0.0,44.85246241092682,8,2,2,20,12,44,27,13,4,12,2,4,31,1,0,1457.5867663439617,-3222.0893428854397,108.11323904256085,0,0,0,0,0,0
66.12497354999488,1461.0194091796875,-3230.8369140625,226.91856384277344,108.10809262591485,0.0,0.0,46.8022495508194,8,2,2,20,12,44,27,13,4,12,2,4,31,1,0,1461.0193810331004,-3230.836960941752,108.10809262591485,0,0,0,0,0,0
66.29164014999486,1463.8157958984375,-3238.184814453125,226.6441650390625,108.08811478336273,0.0,0.0,48.396310210227966,8,2,2,20,12,44,27,13,4,12,2,4,31,1,0,1463.8157719614921,-3238.184814539382,108.08811478336273,0,0,0,0,0,0
66.49997339999484,1467.6416015625,-3247.4296875,226.3912353515625,108.0164760853304,0.0,0.0,46.46212458610535,8,2,2,20,12,44,27,13,4,12,2,4,31,1,0,1467.6415798215296,-3247.4297388896566,108.0164760853304,0,0,0,0,0,0
66.58330669999484,1469.045654296875,-3250.87646484375,226.48333740234375,107.9879193172467,0.0,0.0,44.66371834278107,8,2,2,20,12,44,27,13,4,12,2,4,31,1,0,1469.045606230328,-3250.876437808968,107.9879193172467,0,0,0,0,0,0
66.79163994999482,1472.2255859375,-3259.1259765625,226.71234130859375,107.96905539999574,0.0,0.0,42.18743145465851,8,2,2,20,12,44,27,13,4,12,2,4,31,1,0,1472.2256220260083,-3259.1259848068034,107.96905539999574,0,0,0,0,0,0
66.9999731999948,1475.48486328125,-3267.45654296875,226.27027893066406,107.93316951129053,0.0,0.0,43.797799944877625,8,2,2,20,12,44,27,13,4,12,2,4,31,1,0,1475.4849187452137,-3267.45650171246,107.93316951129053,0,0,0,0,0,0
67.20830644999478,1478.9307861328125,-3275.998291015625,225.8176727294922,107.87519744411632,0.0,0.0,44.41896677017212,8,2,2,20,12,45,28,13,4,12,2,4,32,1,0,1478.9307797773279,-3275.9982198822504,107.87519744411632,0,0,0,0,0,0
67.37497304999476,1481.7091064453125,-3282.83740234375,225.6500244140625,107.82119169957058,0.0,0.0,44.411349296569824,8,2,2,20,12,45,28,13,4,12,2,4,32,1,0,1481.7090570624468,-3282.8373513431,107.82119169957058,0,0,0,0,0,0
67.58330629999475,1485.0972900390625,-3291.38720703125,225.3186492919922,107.73877759304061,0.0,0.0,43.74428391456604,8,2,2,20,12,45,28,13,4,12,2,4,32,1,0,1485.097314701166,-3291.387222050552,107.73877759304061,0,0,0,0,0,0
67.79163954999473,1488.4144287109375,-3299.61376953125,225.2317657470703,107.64563315740537,0.0,0.0,41.534847021102905,8,2,2,20,12,45,28,13,4,12,2,4,32,1,0,1488.4144227052166,-3299.613752246099,107.64563315740537,0,0,0,0,0,0
67.99997279999471,1491.474609375,-3307.410400390625,225.21961975097656,107.57144856648513,0.0,0.0,39.7210031747818,8,2,2,20,12,45,28,13,4,12,2,4,32,1,0,1491.4745527180578,-3307.4102900057496,107.57144856648513,0,0,0,0,0,0
68.20830604999469,1494.3028564453125,-3315.1240234375,224.79815673828125,107.5089981529785,0.0,0.0,39.71969187259674,8,2,2,20,12,45,28,13,4,12,2,4,32,1,0,1494.3028402111208,-3315.1240580833232,107.5089981529785,0,0,0,0,0,0
68.41663929999467,1494.0572509765625,-3312.206298828125,224.8184356689453,107.49340669919006,1.0,0.0,80.98689913749695,8,2,2,20,12,45,28,13,4,12,2,4,32,1,0,1494.0572778608844,-3312.2064038681165,107.49340669919006,0,0,0,0,0,0
68.62497254999465,1484.5537109375,-3281.510009765625,225.90695190429688,107.71291363886924,1.0,0.0,224.84147548675537,8,2,2,20,12,45,28,13,4,12,2,4,32,1,0,1484.5536670555614,-3281.5100217094696,107.71291363886924,0,0,0,0,0,0
68.79163914999464,1469.8875732421875,-3237.31640625,226.4788360595703,107.98101085398329,1.0,0.0,328.4090042114258,8,2,2,20,12,45,28,13,4,12,2,4,32,1,0,1469.8876042914933,-3237.316306520668,107.98101085398329,0,0,0,0,0,0
68.99997239999462,1446.799560546875,-3172.051513671875,227.71998596191406,108.50518306396785,0.0,0.0,322.07703590393066,8,2,2,20,12,45,28,13,4,12,2,4,32,1,0,1446.799612860545,-3172.051579556128,108.50518306396785,0,0,0,0,0,0
69.04163904999461,1442.170654296875,-3159.898193359375,227.98330688476562,108.63998637238971,0.0,0.0,311.1485719680786,8,2,2,20,12,45,28,13,4,12,2,4,32,1,0,1442.1706492831631,-3159.8981952279273,108.63998637238971,0,0,0,0,0,0
69.2499722999946,1420.486083984375,-3108.95751953125,235.11676025390625,109.08384876391109,0.0,0.0,228.89745235443115,8,2,2,20,12,45,28,13,4,12,2,4,33,1,0,1420.486070136527,-3108.9575408604915,109.08384876391109,0,0,0,0,0,0
69.45830554999458,1401.144287109375,-3068.897705078125,242.41339111328125,110.1363855123322,0.0,0.0,202.87199020385742,8,2,2,20,12,45,28,13,4,12,2,4,33,1,0,1401.1442826583395,-3068.8978198759023,110.1363855123322,0,0,0,0,0,0
69.62497214999456,1389.386474609375,-3039.04736328125,234.74642944335938,110.51221168882364,0.0,0.0,183.96611213684082,8,2,2,20,12,47,30,13,4,12,2,4,34,1,0,1389.3865310645108,-3039.0473613876316,110.51221168882364,0,0,0,0,0,0
69.83330539999454,1374.1585693359375,-3006.21337890625,229.67274475097656,111.10755861273549,0.0,0.0,155.7804822921753,8,2,2,20,12,47,30,13,4,12,2,4,34,1,0,1374.1585450041878,-3006.2132652881237,111.10755861273549,0,0,0,0,0,0
69.91663869999454,1368.2520751953125,-2994.937744140625,231.38314819335938,111.4247911500818,0.0,0.0,143.7684416770935,8,2,2,20,12,47,30,13,4,12,2,4,34,1,0,1368.2521289450729,-2994.9377752593978,111.4247911500818,0,0,0,0,0,0
70.12497194999452,1354.1015625,-2969.800537109375,236.9480743408203,112.33379424429293,1.0,-1.0,139.69335556030273,8,2,2,20,12,47,30,13,4,12,2,4,34,1,0,1354.101588218836,-2969.8005255534235,112.33379424429293,0,0,0,0,0,0
70.3333051999945,1345.59814453125,-2936.15185546875,236.68930053710938,111.35814733001511,1.0,-1.0,195.27826309204102,8,2,2,20,12,47,30,13,4,12,2,4,34,1,0,1345.5981862754413,-2936.1519363791635,111.35814733001511,0,0,0,0,0,0
70.49997179999448,1341.4521484375,-2898.69140625,235.3133544921875,109.48251794247426,1.0,-1.0,256.8898677825928,8,2,2,20,12,47,30,13,4,12,2,4,35,1,0,1341.4522013071557,-2898.691309037068,109.48251794247426,0,0,0,0,0,0
70.70830504999446,1338.7340087890625,-2838.065673828125,234.33047485351562,106.2265796388606,0.0,0.0,320.46265602111816,8,2,2,20,12,47,30,13,4,12,2,4,35,1,0,1338.7340482300322,-2838.065735218663,106.2265796388606,0,0,0,0,0,0
70.87497164999445,1331.8271484375,-2788.052978515625,230.7435302734375,104.84660796447965,0.0,0.0,292.0898914337158,8,2,2,20,12,49,32,13,4,12,2,4,36,1,0,1331.8271598743452,-2788.0530784182138,104.84660796447965,0,0,0,0,0,0
71.08330489999443,1315.2451171875,-2733.65478515625,230.16177368164062,105.06363094624324,0.0,0.0,259.5644950866699,8,2,2,20,12,49,32,13,4,12,2,4,36,1,0,1315.2450588653805,-2733.654856292987,105.06363094624324,0,0,0,0,0,0
71.24997149999442,1301.4710693359375,-2695.58154296875,228.86087036132812,105.35825599880606,0.0,0.0,235.68778038024902,8,2,2,20,12,49,32,13,4,12,2,4,37,1,0,1301.4710366869879,-2695.5816241337207,105.35825599880606,0,0,0,0,0,0
71.4583047499944,1284.1568603515625,-2654.644775390625,229.94105529785156,106.0360949992121,0.0,-1.0,185.476815700531,8,2,2,20,12,49,32,13,4,12,2,4,37,1,0,1284.1568267373248,-2654.644758655649,106.0360949992121,0,0,0,0,0,0
71.54163804999439,1278.7451171875,-2641.187255859375,232.1073760986328,106.48269794806488,0.0,-1.0,146.58398628234863,8,2,2,20,12,49,32,13,4,12,2,4,37,1,0,1278.7450953066782,-2641.1871790465384,106.48269794806488,0,0,0,0,0,0
71.74997129999437,1273.0673828125,-2613.723876953125,232.47805786132812,106.63750693272603,0.0,-1.0,100.45046806335449,8,2,2,20,12,49,32,13,4,12,2,4,37,1,0,1273.0673748048675,-2613.7238042408944,106.63750693272603,0,0,0,0,0,0
71.91663789999436,1274.593017578125,-2602.8701171875,233.78411865234375,105.39015633658404,1.0,-1.0,57.0848286151886,8,2,2,20,12,49,32,13,4,12,2,4,37,1,0,1274.593052040779,-2602.8700445366326,105.39015633658404,0,0,0,0,0,0
72.12497114999434,1270.48046875,-2578.991943359375,240.1614532470703,104.6232598445378,1.0,-1.0,151.2059211730957,8,2,2,20,12,50,33,13,4,12,2,4,38,1,0,1270.480463795988,-2578.991854793087,104.6232598445378,0,0,0,0,0,0
72.33330439999432,1258.686767578125,-2539.614501953125,245.46273803710938,104.74221296860935,1.0,-1.0,234.36338901519775,8,2,2,20,12,50,33,13,4,12,2,4,38,1,0,1258.6867317114497,-2539.614400197842,104.74221296860935,0,0,0,0,0,0
72.41663769999431,1253.6514892578125,-2520.869140625,245.2624969482422,104.66070566763986,0.0,-1.0,231.75420761108398,8,2,2,20,12,50,33,13,4,12,2,4,38,1,0,1253.6514567491886,-2520.869121407805,104.66070566763986,0,0,0,0,0,0
72.62497094999429,1244.275634765625,-2477.5380859375,232.7259979248047,104.18725324285144,1.0,-1.0,242.42515563964844,7,2,2,20,12,50,33,13,4,12,2,4,38,1,0,1244.2756894581987,-2477.538182371138,104.18725324285144,0,0,0,0,0,0
72.79163754999428,1237.1964111328125,-2432.276123046875,218.85479736328125,103.44119755622619,1.0,-1.0,319.4520950317383,8,2,2,21,13,51,34,13,4,13,2,4,39,1,0,1237.196372543353,-2432.276155123146,103.44119755622619,0,0,0,0,0,0
72.99997079999426,1229.6134033203125,-2354.66455078125,228.48385620117188,101.36290902446565,1.0,0.0,414.2881393432617,8,2,2,21,13,51,34,13,4,13,2,4,39,1,0,1229.6133733164347,-2354.6646687278035,101.36290902446565,0,0,0,0,0,0
73.20830404999424,1233.8253173828125,-2262.572509765625,235.49935913085938,96.84552202340568,1.0,0.0,462.88089752197266,8,2,2,21,13,51,34,13,4,13,2,4,40,1,0,1233.8253121779837,-2262.5725933947715,96.84552202340568,0,0,0,0,0,0
73.37497064999422,1248.848876953125,-2191.620849609375,233.97213745117188,92.28005323462372,0.0,0.0,437.8605842590332,8,2,2,21,13,53,36,13,4,13,2,4,41,1,0,1248.8489322172836,-2191.6208279395505,92.28005323462372,0,0,0,0,0,0
73.5833038999942,1254.1707763671875,-2109.58984375,233.1419677734375,91.54309680544041,0.0,1.0,361.54024600982666,8,2,2,21,13,53,36,13,4,13,2,4,41,1,0,1254.1708308839302,-2109.5899383611527,91.54309680544041,0,0,0,0,0,0
73.79163714999419,1246.9525146484375,-2035.994140625,240.62364196777344,92.2473889837593,1.0,1.0,347.90475368499756,8,2,2,21,13,53,36,13,4,13,2,4,42,1,0,1246.9525601483997,-2035.994182527666,92.2473889837593,0,0,0,0,0,0
73.99997039999417,1238.058837890625,-1957.41015625,257.0318908691406,94.04953243951763,0.0,0.0,329.2017459869385,8,2,2,21,13,54,37,13,4,13,2,4,43,1,0,1238.058798246694,-1957.4101779075527,94.04953243951763,0,0,0,0,0,0
74.08330369999416,1231.1571044921875,-1932.854736328125,263.1821594238281,94.7670018748372,0.0,0.0,289.69647884368896,8,2,2,21,13,54,37,13,4,13,2,4,43,1,0,1231.1571048672881,-1932.8546937961303,94.7670018748372,0,0,0,0,0,0
74.29163694999414,1211.6240234375,-1879.7740478515625,261.2060546875,97.11369180148395,0.0,0.0,266.27306938171387,8,2,2,21,13,54,37,13,4,13,2,4,43,1,0,1211.624009828604,-1879.7740359540524,97.11369180148395,0,0,0,0,0,0
74.45830354999413,1198.3524169921875,-1841.935791015625,244.1137237548828,98.85219330567683,0.0,0.0,251.78594589233398,8,2,2,21,13,55,38,13,4,13,2,4,44,1,0,1198.3524765398267,-1841.9357506910942,98.85219330567683,0,0,0,0,0,0
74.66663679999411,1184.214111328125,-1796.036376953125,241.78160095214844,99.65133042961537,1.0,0.0,237.03701496124268,8,2,2,21,13,55,38,13,4,13,2,4,44,1,0,1184.2141083793563,-1796.0363513230316,99.65133042961537,0,0,0,0,0,0
74.87497004999409,1169.316162109375,-1737.9874267578125,255.72361755371094,100.55443260403166,1.0,0.0,313.71781826019287,8,2,2,22,14,56,39,13,4,14,2,4,45,1,0,1169.3161874246027,-1737.9874579952677,100.55443260403166,0,0,0,0,0,0
75.08330329999407,1143.433349609375,-1674.4786376953125,255.02833557128906,103.76411938044379,0.0,0.0,308.15038681030273,8,2,2,22,14,56,39,13,4,14,2,4,45,1,0,1143.4333139767148,-1674.4786529966448,103.76411938044379,0,0,0,0,0,0
75.24996989999406,1127.166259765625,-1630.6785888671875,251.63868713378906,104.09193055721562,0.0,0.0,282.8265190124512,8,2,2,22,14,58,41,13,4,14,2,4,46,1,0,1127.166287921545,-1630.67859015478,104.09193055721562,0,0,0,0,0,0
75.45830314999404,1112.8643798828125,-1577.1285400390625,253.8464813232422,103.21500720938404,1.0,0.0,279.8748970031738,8,2,2,22,14,58,41,13,4,14,2,4,46,1,0,1112.8643550787915,-1577.1285509637244,103.21500720938404,0,0,0,0,0,0
75.70830304999402,1121.004150390625,-1498.680419921875,262.01251220703125,98.29691921309303,1.0,0.0,355.8530569076538,8,2,2,22,14,60,43,13,4,14,2,4,47,1,0,1121.0041986794158,-1498.680384444305,98.29691921309303,0,0,0,0,0,0
75.916636299994,1135.1800537109375,-1419.5999755859375,262.208251953125,94.25161193091417,1.0,1.0,405.2621841430664,8,2,2,22,14,60,43,13,4,14,2,4,47,1,0,1135.1800633987973,-1419.5999692414298,94.25161193091417,0,0,0,0,0,0
76.12496954999398,1119.861328125,-1342.735107421875,272.89892578125,96.41114883615874,1.0,1.0,388.4030818939209,8,2,2,22,14,62,45,13,4,14,2,4,48,1,0,1119.8613267960422,-1342.735065892612,96.41114883615874,0,0,0,0,0,0
76.33330279999396,1084.109375,-1260.12939453125,277.6646423339844,101.06306447136902,1.0,1.0,445.3993320465088,8,2,2,22,14,64,47,13,4,14,2,4,49,1,0,1084.1094245382353,-1260.1294095903663,101.06306447136902,0,0,0,0,0,0
76.54163604999394,1039.126953125,-1170.937744140625,282.4109191894531,106.20647059601814,1.0,1.0,487.70127296447754,8,2,2,22,14,64,47,13,4,14,2,4,49,1,0,1039.126991497094,-1170.9377967536332,106.20647059601814,0,0,0,0,0,0
76.74996929999392,982.1599731445312,-1077.61083984375,290.8728332519531,111.79821151708177,1.0,0.0,535.051441192627,7,2,2,22,14,66,49,13,4,14,2,4,50,1,0,982.1599734635062,-1077.6108227799061,111.79821151708177,0,0,0,0,0,0
76.9583025499939,908.48291015625,-987.5543823242188,299.5226135253906,117.85599010145916,1.0,0.0,561.5788459777832,8,2,2,25,15,68,51,13,4,15,2,4,51,1,0,908.482931570312,-987.5544052748858,117.85599010145916,0,0,0,0,0,0
77.16663579999388,823.9400024414062,-897.0918579101562,309.6297607421875,123.71078721898324,1.0,0.0,612.4900341033936,8,2,2,25,15,70,53,13,4,15,2,4,52,1,0,823.939980153332,-897.0918355669432,123.71078721898324,0,0,0,0,0,0
77.33330239999387,761.236572265625,-822.85888671875,317.0798034667969,125.63640064017427,0.0,0.0,565.3364181518555,8,2,2,25,15,72,55,13,4,15,2,4,53,1,0,761.2365833769156,-822.8588938689794,125.63640064017427,0,0,0,0,0,0
77.41663569999386,728.9485473632812,-785.5497436523438,319.8913269042969,126.55480063778963,0.0,-1.0,535.1058483123779,8,2,2,25,15,72,55,13,4,15,2,4,54,0,0,731.8343717242493,-788.8670300338725,126.47550095231252,8,2,2,0,0,0
77.58330229999385,672.778564453125,-720.5645751953125,325.6158752441406,127.94440167367382,1.0,0.0,561.8747234344482,8,2,2,25,15,72,55,13,4,15,2,4,54,1,0,672.7785792238856,-720.5645548987437,127.94440167367382,0,0,0,0,0,0
77.74996889999383,607.9818115234375,-649.2175903320312,337.4097900390625,128.68705052020405,0.0,0.0,579.2110443115234,8,2,2,28,16,73,56,13,4,16,2,4,55,1,0,607.9818416400376,-649.2175757900645,128.68705052020405,0,0,0,0,0,0
77.91663549999382,546.4554443359375,-585.5040893554688,342.8598327636719,129.92704184858277,0.0,0.0,524.0869045257568,8,2,2,28,16,74,56,13,4,16,2,4,56,1,0,546.4554171376064,-585.5040711984246,129.92704184858277,0,0,0,0,0,0
78.1249687499938,471.3494873046875,-515.7445678710938,343.8397216796875,132.36106391289928,0.0,0.0,462.809419631958,8,2,2,28,16,76,56,13,4,16,2,4,57,1,0,471.34948147543207,-515.7445473126957,132.36106391289928,0,0,0,0,0,0
78.20830204999379,443.0505065917969,-491.26239013671875,341.6498107910156,133.2335250753797,0.0,0.0,441.9690132141113,8,2,2,28,16,76,56,13,4,16,2,4,57,1,0,443.05050995235655,-491.2624037922333,133.2335250753797,0,0,0,0,0,0
78.41663529999377,381.8616638183594,-431.49114990234375,340.3558654785156,134.09129862473102,0.0,-1.0,391.6534662246704,8,2,2,28,16,78,56,13,4,16,2,4,58,1,0,381.86166890309096,-431.4911629407692,134.09129862473102,0,0,0,0,0,0
78.66663519999375,316.7948303222656,-366.93768310546875,343.6727600097656,134.25695585043613,0.0,0.0,336.56632900238037,8,2,2,28,16,78,56,13,4,16,2,4,58,1,0,316.7948153349719,-366.9376849706517,134.25695585043613,0,0,0,0,0,0
78.83330179999373,279.99884033203125,-332.1367492675781,343.5290832519531,134.68286553510055,-1.0,0.0,254.26340103149414,8,2,2,28,16,80,56,13,4,16,2,4,59,1,0,279.99885187265636,-332.13674350073796,134.68286553510055,0,0,0,0,0,0
79.04163504999372,251.49436950683594,-309.8330078125,345.0536193847656,134.99530795572485,-1.0,0.0,103.71105670928955,7,2,2,28,16,80,56,13,4,16,2,4,59,1,0,251.49437015521468,-309.8329951193661,134.99530795572485,0,0,0,0,0,0
79.2499682999937,244.8074951171875,-307.6075744628906,343.5970153808594,134.99775403253884,0.0,0.0,21.43789231777191,7,2,2,28,16,80,56,13,4,16,2,4,59,1,0,244.8074925397019,-307.6075607773353,134.99775403253884,0,0,0,0,0,0
79.45830154999368,247.24729919433594,-310.0533447265625,342.31103515625,134.98974854399933,0.0,0.0,20.909900963306427,7,2,2,28,16,80,56,13,4,16,2,4,59,1,0,247.24729206965335,-310.0533522444381,134.98974854399933,0,0,0,0,0,0
79.66663479999366,250.8646697998047,-312.83636474609375,343.1214294433594,134.86849762240726,0.0,0.0,20.699624717235565,7,2,2,28,16,80,56,13,4,16,2,4,59,1,0,250.86466327751853,-312.8363529135108,134.86849762240726,0,0,0,0,0,0
79.87496804999364,253.8575439453125,-315.5711975097656,342.5550842285156,134.80436919168167,0.0,0.0,18.26731711626053,8,2,2,28,16,80,56,13,4,16,2,4,59,1,0,253.8575404311563,-315.57120641649533,134.80436919168167,0,0,0,0,0,0
80.08330129999362,256.3749084472656,-317.9433898925781,342.7892150878906,134.7456065701451,0.0,0.0,14.246384799480438,8,2,2,28,16,80,56,13,4,16,2,4,59,1,0,256.3749039041278,-317.9433944638194,134.7456065701451,0,0,0,0,0,0
80.2916345499936,258.19488525390625,-319.7979736328125,342.8953857421875,134.7154560795816,0.0,0.0,10.798666626214981,8,2,2,28,16,80,56,13,4,16,2,4,59,1,0,258.19487522910583,-319.7979613658084,134.7154560795816,0,0,0,0,0,0
80.49996779999358,259.5442199707031,-321.23138427734375,342.7831115722656,134.69830455301692,0.0,0.0,8.082664757966995,8,2,2,28,16,80,56,13,4,16,2,4,59,1,0,259.5442150507438,-321.23138787913314,134.69830455301692,0,0,0,0,0,0
80.70830104999357,260.5056457519531,-322.3505859375,342.8482971191406,134.6930061878442,0.0,0.0,6.182219833135605,8,2,2,28,16,80,56,13,4,16,2,4,59,1,0,260.5056386740705,-322.3505747376639,134.6930061878442,0,0,0,0,0,0
80.91663429999355,261.2190856933594,-323.2497863769531,342.82257080078125,134.69437418366283,0.0,0.0,4.9072302877902985,8,2,2,28,16,80,56,13,4,16,2,4,59,1,0,261.21907892044317,-323.24977589957314,134.69437418366283,0,0,0,0,0,0
81.12496754999353,261.77154541015625,-324.0057067871094,342.8030090332031,134.70021029409804,0.0,0.0,4.146759584546089,8,2,2,28,16,80,56,13,4,16,2,4,59,1,0,261.7715421068199,-324.0057028203526,134.70021029409804,0,0,0,0,0,0
81.29163414999351,262.142333984375,-324.55029296875,342.8056945800781,134.70699533842458,0.0,0.0,3.7944860756397247,8,2,2,28,16,80,56,13,4,16,2,4,59,1,0,262.1423294566176,-324.55029172774556,134.70699533842458,0,0,0,0,0,0
81.4999673999935,262.5608825683594,-325.1897277832031,342.7872314453125,134.7170169488341,0.0,0.0,3.5592395812273026,8,2,2,28,16,80,56,13,4,16,2,4,59,1,0,262.56087850489035,-325.1897389411031,134.7170169488341,0,0,0,0,0,0
81.58330069999349,262.7181701660156,-325.43743896484375,342.7804260253906,134.72139364979688,0.0,0.0,3.4879103302955627,8,2,2,28,16,80,56,13,4,16,2,4,59,1,0,262.7181554530723,-325.4374330487441,134.72139364979688,0,0,0,0,0,0
81.79163394999347,263.09014892578125,-326.0420227050781,342.7709655761719,134.7330044283587,0.0,0.0,3.3398419618606567,8,2,2,28,16,80,56,13,4,16,2,4,59,1,0,263.0901591259592,-326.04200774015123,134.7330044283587,0,0,0,0,0,0
81.99996719999345,263.44366455078125,-326.6136169433594,342.7621765136719,134.74188570010125,0.0,0.0,3.073740564286709,8,2,2,28,16,80,56,13,4,16,2,4,59,1,0,263.4436593438632,-326.6136021704766,134.74188570010125,0,0,0,0,0,0
82.20830044999343,263.7518615722656,-327.1028747558594,342.7673645019531,134.7455931462073,0.0,0.0,2.4778027087450027,8,2,2,28,16,80,56,13,4,16,2,4,59,1,0,263.75186560993797,-327.10287870444535,134.7455931462073,0,0,0,0,0,0
82.37496704999342,263.92022705078125,-327.4237365722656,342.7658386230469,134.74847951293876,0.0,0.0,1.88981294631958,8,2,2,28,16,80,56,13,4,16,2,4,59,1,0,263.92022195972754,-327.4237421847762,134.74847951293876,0,0,0,0,0,0
82.5833002999934,264.01300048828125,-327.71783447265625,342.7575378417969,134.75295026328163,0.0,0.0,1.1412044055759907,8,2,2,28,16,80,56,13,4,16,2,4,59,1,0,264.01300355890237,-327.71782879674316,134.75295026328163,0,0,0,0,0,0
82.79163354999338,263.9775085449219,-327.8914794921875,342.75067138671875,134.7585489669806,0.0,0.0,0.7353905588388443,8,2,2,28,16,80,56,13,4,16,2,4,59,1,0,263.9775153903962,-327.89148135160906,134.7585489669806,0,0,0,0,0,0
82.99996679999336,263.8270263671875,-327.9580993652344,342.73974609375,134.76533114381425,0.0,0.0,0.9555833414196968,8,2,2,28,16,80,56,13,4,16,2,4,59,1,0,263.8270406166603,-327.95809605261724,134.76533114381425,0,0,0,0,0,0
83.20830004999334,263.58697509765625,-327.94012451171875,342.72723388671875,134.77320742091754,0.0,0.0,1.3286132365465164,8,2,2,28,16,80,56,13,4,16,2,4,59,1,0,263.5869660678909,-327.940136456987,134.77320742091754,0,0,0,0,0,0
83.41663329999332,263.288818359375,-327.8674621582031,342.71405029296875,134.78208361491536,0.0,0.0,1.5633083879947662,8,2,2,28,16,80,56,13,4,16,2,4,59,1,0,263.28883066323255,-327.86747650380784,134.78208361491536,0,0,0,0,0,0
83.6249665499933,262.966552734375,-327.7720031738281,342.7000427246094,134.7917496084738,0.0,0.0,1.6103247180581093,8,2,2,28,16,80,56,13,4,16,2,4,59,1,0,262.9665540381685,-327.77200028008025,134.7917496084738,0,0,0,0,0,0
83.83329979999328,262.65240478515625,-327.68511962890625,342.6863098144531,134.80214018098306,0.0,0.0,1.4756386168301105,8,2,2,28,16,80,56,13,4,16,2,4,59,1,0,262.6524092195947,-327.6851334328534,134.80214018098306,0,0,0,0,0,0
84.04163304999327,262.3751525878906,-327.64080810546875,342.6719665527344,134.81398718166423,0.0,0.0,1.2030638754367828,8,2,2,28,16,80,56,13,4,16,2,4,59,1,0,262.3751431451883,-327.6408075464175,134.81398718166423,0,0,0,0,0,0
84.20829964999325,262.19488525390625,-327.6514892578125,342.66204833984375,134.8245009255951,0.0,0.0,0.9732110425829887,8,2,2,28,16,80,56,13,4,16,2,4,59,1,0,262.19489273461585,-327.65147674072585,134.8245009255951,0,0,0,0,0,0
84.41663289999323,262.029052734375,-327.7258605957031,342.65203857421875,134.83798786977252,0.0,0.0,0.8226875215768814,8,2,2,28,16,80,56,13,4,16,2,4,59,1,0,262.0290671485125,-327.7258562544286,134.83798786977252,0,0,0,0,0,0
84.62496614999321,261.92047119140625,-327.8560791015625,342.6423034667969,134.85122603706483,0.0,0.0,0.8469107560813427,8,2,2,28,16,80,56,13,4,16,2,4,59,1,0,261.92045712971554,-327.85606833822703,134.85122603706483,0,0,0,0,0,0
84.8332993999932,261.8527526855469,-328.023681640625,342.63385009765625,134.86345944196214,0.0,0.0,0.9083902463316917,8,2,2,28,16,80,56,13,4,16,2,4,59,1,0,261.85275572163874,-328.0236759286594,134.86345944196214,0,0,0,0,0,0
84.91663269999319,261.8330383300781,-328.09619140625,342.6310119628906,134.86798809066576,0.0,0.0,0.9169190190732479,8,2,2,28,16,80,56,13,4,16,2,4,59,1,0,261.83303174607835,-328.0961985141855,134.86798809066576,0,0,0,0,0,0
85.12496594999317,261.7899475097656,-328.2788391113281,342.62432861328125,134.87849214243647,0.0,0.0,0.8960074745118618,8,2,2,28,16,80,56,13,4,16,2,4,59,1,0,261.7899539044326,-328.27882505052435,134.87849214243647,0,0,0,0,0,0
85.33329919999315,261.73809814453125,-328.4490051269531,342.6172180175781,134.88813876961473,0.0,0.0,0.832280982285738,8,2,2,28,16,80,56,13,4,16,2,4,59,1,0,261.73809935320446,-328.4489943285959,134.88813876961473,0,0,0,0,0,0
85.54163244999313,261.6598205566406,-328.5942687988281,342.6087951660156,134.8973409878921,0.0,0.0,0.7767967414110899,8,2,2,28,16,80,56,13,4,16,2,4,59,1,0,261.659821200709,-328.5942629448414,134.8973409878921,0,0,0,0,0,0
85.70829904999312,261.5722961425781,-328.6866149902344,342.6012878417969,134.90483560388574,0.0,0.0,0.7705587428063154,8,2,2,28,16,80,56,13,4,16,2,4,59,1,0,261.5723019650118,-328.68662013875365,134.90483560388574,0,0,0,0,0,0
85.8749656499931,261.4599609375,-328.7555847167969,342.59326171875,134.912421993034,0.0,0.0,0.822196900844574,8,2,2,28,16,80,56,13,4,16,2,4,59,1,0,261.4599482374598,-328.75559329112735,134.912421993034,0,0,0,0,0,0
86.08329889999308,261.2833557128906,-328.8081970214844,342.58221435546875,134.9221338259747,0.0,0.0,0.9468579664826393,8,2,2,28,16,80,56,13,4,16,2,4,59,1,0,261.2833610995624,-328.8081998372536,134.9221338259747,0,0,0,0,0,0
86.29163214999306,261.06817626953125,-328.82537841796875,342.56988525390625,134.93225383982457,0.0,0.0,1.1068044230341911,8,2,2,28,16,80,56,13,4,16,2,4,59,1,0,261.0681834675848,-328.8253686916977,134.93225383982457,0,0,0,0,0,0
86.49996539999304,260.8193359375,-328.8148193359375,342.5556945800781,134.9433109838652,0.0,0.0,1.2515882030129433,8,2,2,28,16,80,56,13,4,16,2,4,59,1,0,260.8193490875636,-328.8148150648168,134.9433109838652,0,0,0,0,0,0
86.58329869999304,260.7122802734375,-328.8055725097656,342.549560546875,134.94815361791163,0.0,0.0,1.2967311777174473,8,2,2,28,16,80,56,13,4,16,2,4,59,1,0,260.7122934895485,-328.80555860265235,134.94815361791163,0,0,0,0,0,0
86.79163194999302,260.43096923828125,-328.776611328125,342.5339660644531,134.96160671800666,0.0,0.0,1.3776390813291073,8,2,2,28,16,80,56,13,4,16,2,4,59,1,0,260.4309569413153,-328.7766070046381,134.96160671800666,0,0,0,0,0,0
86.999965199993,260.13885498046875,-328.74725341796875,342.5190124511719,134.9766128440141,0.0,0.0,1.3929935172200203,8,2,2,28,16,80,56,13,4,16,2,4,59,1,0,260.1388545422945,-328.74725179270393,134.9766128440141,0,0,0,0,0,0
87.20829844999298,259.8334655761719,-328.7303466796875,342.5038757324219,134.99598821839442,0.0,0.0,1.4745797961950302,8,2,2,28,16,80,56,13,4,16,2,4,59,1,0,259.8334585351851,-328.7303423424395,134.99598821839442,0,0,0,0,0,0
87.37496504999297,259.5821533203125,-328.7236328125,342.4917297363281,135.01311014959197,0.0,0.0,1.4798017218708992,8,2,2,28,16,80,56,13,4,16,2,4,59,1,0,259.58216649826045,-328.7236196039919,135.01311014959197,0,0,0,0,0,0
87.58329829999295,259.2684631347656,-328.7178955078125,342.47515869140625,135.03518584216926,0.0,0.0,1.4720910228788853,8,2,2,28,16,80,56,13,4,16,2,4,59,1,0,259.26844896399575,-328.7178970027105,135.03518584216926,0,0,0,0,0,0
87.79163154999293,258.956298828125,-328.7191467285156,342.45794677734375,135.05806584668656,0.0,0.0,1.4582956209778786,8,2,2,28,16,80,56,13,4,16,2,4,59,1,0,258.9563016589255,-328.7191516695525,135.05806584668656,0,0,0,0,0,0
87.99996479999291,258.65045166015625,-328.732177734375,342.4400634765625,135.08173326114533,0.0,0.0,1.4168166555464268,8,2,2,28,16,80,56,13,4,16,2,4,59,1,0,258.6504465999667,-328.73218424944395,135.08173326114533,0,0,0,0,0,0
88.20829804999289,258.3579406738281,-328.7635192871094,342.4213562011719,135.1062943525569,0.0,0.0,1.3487789779901505,8,2,2,28,16,80,56,13,4,16,2,4,59,1,0,258.35794165437164,-328.7635248444448,135.1062943525569,0,0,0,0,0,0
88.41663129999287,258.0876159667969,-328.8228454589844,342.4020080566406,135.1318264169666,0.0,0.0,1.263063121587038,8,2,2,28,16,80,56,13,4,16,2,4,59,1,0,258.08763102882756,-328.8228555760541,135.1318264169666,0,0,0,0,0,0
88.58329789999286,257.895263671875,-328.8987121582031,342.38604736328125,135.1530568461017,0.0,0.0,1.1987118050456047,8,2,2,28,16,80,56,13,4,16,2,4,59,1,0,257.8952763320799,-328.8987009295993,135.1530568461017,0,0,0,0,0,0
88.79163114999284,257.6965026855469,-329.0422668457031,342.36541748046875,135.1807385214838,0.0,0.0,1.179747935384512,8,2,2,28,16,80,56,13,4,16,2,4,59,1,0,257.696500358998,-329.04228197303263,135.1807385214838,0,0,0,0,0,0
88.99996439999282,257.560302734375,-329.2569580078125,342.3439636230469,135.2099925108957,0.0,0.0,1.3407567515969276,8,2,2,28,16,80,56,13,4,16,2,4,59,1,0,257.5603106780762,-329.25695392291476,135.2099925108957,0,0,0,0,0,0
89.08329769999281,257.5275573730469,-329.36749267578125,342.3351135253906,135.22220661358932,0.0,0.0,1.4754371717572212,8,2,2,28,16,80,56,13,4,16,2,4,59,1,0,257.52754667899796,-329.367487350065,135.22220661358932,0,0,0,0,0,0
89.33329759999279,257.5207214355469,-329.802734375,342.3070068359375,135.26088248678627,0.0,0.0,2.125847339630127,8,2,2,28,16,80,56,13,4,16,2,4,59,1,0,257.5207085954214,-329.8027272379409,135.26088248678627,0,0,0,0,0,0
89.54163084999277,257.6483154296875,-330.2646789550781,342.29168701171875,135.28747959867172,0.0,0.0,2.4530259892344475,8,2,2,28,16,80,56,13,4,16,2,4,59,1,0,257.6483288455545,-330.2646836013243,135.28747959867172,0,0,0,0,0,0
89.70829744999276,257.7920227050781,-330.6413269042969,342.2929992675781,135.30411380309425,0.0,0.0,2.3872194811701775,8,2,2,28,16,80,56,13,4,16,2,4,59,1,0,257.7920105988806,-330.64132169670944,135.30411380309425,0,0,0,0,0,0
89.87496404999274,257.9068908691406,-330.9924011230469,342.2859191894531,135.31935420760465,0.0,0.0,2.053479477763176,8,2,2,28,16,80,56,13,4,16,2,4,59,1,0,257.90690417254024,-330.9923910939981,135.31935420760465,0,0,0,0,0,0
90.08329729999272,257.96051025390625,-331.3389892578125,342.2708740234375,135.3367394863459,0.0,0.0,1.3711593113839626,8,2,2,28,16,80,56,13,4,16,2,4,59,1,0,257.96052279444837,-331.33899245671444,135.3367394863459,0,0,0,0,0,0
90.2916305499927,257.880126953125,-331.5444641113281,342.2566223144531,135.35245583986392,0.0,0.0,0.9657645598053932,8,2,2,28,16,80,56,13,4,16,2,4,59,1,0,257.88011295471705,-331.544471310153,135.35245583986392,0,0,0,0,0,0
90.49996379999268,257.65380859375,-331.6003723144531,342.236572265625,135.3670178286226,0.0,0.0,1.3805306516587734,8,2,2,28,16,80,56,13,4,16,2,4,59,1,0,257.65380077186694,-331.6003651862323,135.3670178286226,0,0,0,0,0,0
90.70829704999267,257.3033142089844,-331.52862548828125,342.21368408203125,135.38131910267066,0.0,0.0,1.9629988819360733,8,2,2,28,16,80,56,13,4,16,2,4,59,1,0,257.30332623665663,-331.5286207644442,135.38131910267066,0,0,0,0,0,0
90.91663029999265,256.87469482421875,-331.377685546875,342.1884460449219,135.39622189192806,0.0,0.0,2.264220453798771,8,2,2,28,16,80,56,13,4,16,2,4,59,1,0,256.87470650877106,-331.37767624400635,135.39622189192806,0,0,0,0,0,0
91.12496354999263,256.4288635253906,-331.2098083496094,342.1614074707031,135.41240972846134,0.0,0.0,2.180277928709984,8,2,2,28,16,80,56,13,4,16,2,4,59,1,0,256.4288528158812,-331.2097954869296,135.41240972846134,0,0,0,0,0,0
91.33329679999261,256.0252380371094,-331.0861511230469,342.13519287109375,135.4300564796693,0.0,0.0,1.7816755920648575,8,2,2,28,16,80,56,13,4,16,2,4,59,1,0,256.025236349532,-331.0861500053286,135.4300564796693,0,0,0,0,0,0
91.4999633999926,255.76097106933594,-331.047607421875,342.1158752441406,135.44512601818857,0.0,0.0,1.3825517147779465,8,2,2,28,16,80,56,13,4,16,2,4,59,1,0,255.76097566106486,-331.0476139070871,135.44512601818857,0,0,0,0,0,0
91.58329669999259,255.65194702148438,-331.0518493652344,342.1069641113281,135.45288179240572,0.0,0.0,1.2054701335728168,8,2,2,28,16,80,56,13,4,16,2,4,59,1,0,255.65194406066527,-331.0518448040277,135.45288179240572,0,0,0,0,0,0
91.79162994999257,255.4442596435547,-331.1280822753906,342.0870056152344,135.47246808632866,0.0,0.0,0.9715335443615913,8,2,2,28,16,80,56,13,4,16,2,4,59,1,0,255.444264115087,-331.12807933091307,135.47246808632866,0,0,0,0,0,0
91.99996319999255,255.30859375,-331.2760925292969,342.0694885253906,135.4916630463159,0.0,0.0,0.9843526408076286,8,2,2,28,16,80,56,13,4,16,2,4,59,1,0,255.3085864841323,-331.27609733439726,135.4916630463159,0,0,0,0,0,0
92.20829644999253,255.20425415039062,-331.4531555175781,342.0528869628906,135.50982665900165,0.0,0.0,0.9854900650680065,8,2,2,28,16,80,56,13,4,16,2,4,59,1,0,255.20425902979983,-331.4531600954721,135.50982665900165,0,0,0,0,0,0
92.37496304999252,255.1136474609375,-331.58477783203125,342.0391845703125,135.52333345017965,0.0,0.0,0.9401718154549599,8,2,2,28,16,80,56,13,4,16,2,4,59,1,0,255.11364032456666,-331.58476950778464,135.52333345017965,0,0,0,0,0,0
92.5832962999925,254.96371459960938,-331.7076721191406,342.0207214355469,135.53899001756932,0.0,0.0,0.9437883272767067,8,2,2,28,16,80,56,13,4,16,2,4,59,1,0,254.96372104068152,-331.7076631166789,135.53899001756932,0,0,0,0,0,0
92.79162954999248,254.76150512695312,-331.77288818359375,342.0002746582031,135.55361289421822,0.0,0.0,1.0823105461895466,8,2,2,28,16,80,56,13,4,16,2,4,59,1,0,254.76151010553764,-331.772888221996,135.55361289421822,0,0,0,0,0,0
92.99996279999246,254.51528930664062,-331.78924560546875,341.9782409667969,135.56769482646163,0.0,0.0,1.2257697060704231,8,2,2,28,16,80,56,13,4,16,2,4,59,1,0,254.51529073094585,-331.7892600561669,135.56769482646163,0,0,0,0,0,0
93.20829604999244,254.249755859375,-331.7823486328125,341.9554443359375,135.58169230912353,0.0,0.0,1.2464974075555801,8,2,2,28,16,80,56,13,4,16,2,4,59,1,0,254.24975285226776,-331.78235771944134,135.58169230912353,0,0,0,0,0,0
93.41662929999242,253.99485778808594,-331.78302001953125,341.9329833984375,135.5958516920477,0.0,0.0,1.1371172033250332,8,2,2,28,16,80,56,13,4,16,2,4,59,1,0,253.99486048189556,-331.7830156677227,135.5958516920477,0,0,0,0,0,0
93.6249625499924,253.7722625732422,-331.81304931640625,341.9118347167969,135.61012218257073,0.0,0.0,0.9856785647571087,8,2,2,28,16,80,56,13,4,16,2,4,59,1,0,253.77226747565547,-331.8130613434479,135.61012218257073,0,0,0,0,0,0
93.83329579999238,253.5870361328125,-331.8771667480469,341.89227294921875,135.62415599766908,0.0,0.0,0.8810700848698616,8,2,2,28,16,80,56,13,4,16,2,4,59,1,0,253.5870304888666,-331.87715998963904,135.62415599766908,0,0,0,0,0,0
94.04162904999237,253.43067932128906,-331.9662170410156,341.87396240234375,135.63754728680152,0.0,0.0,0.834252405911684,8,2,2,28,16,80,56,13,4,16,2,4,59,1,0,253.43068091537367,-331.9662298626066,135.63754728680152,0,0,0,0,0,0
94.20829564999235,253.31491088867188,-332.0433349609375,341.8597717285156,135.6475835524726,0.0,0.0,0.8188889361917973,8,2,2,28,16,80,56,13,4,16,2,4,59,1,0,253.31491633322008,-332.0433277099846,135.6475835524726,0,0,0,0,0,0
94.37496224999234,253.19757080078125,-332.11529541015625,341.8455810546875,135.65694830511512,0.0,0.0,0.8157612755894661,8,2,2,28,16,80,56,13,4,16,2,4,59,1,0,253.19757455910909,-332.1152960297358,135.65694830511512,0,0,0,0,0,0
94.54162884999232,253.07284545898438,-332.17608642578125,341.8307189941406,135.665636824981,0.0,0.0,0.8245469070971012,8,2,2,28,16,80,56,13,4,16,2,4,59,1,0,253.07284554112366,-332.1760778646762,135.665636824981,0,0,0,0,0,0
94.7499620999923,252.90602111816406,-332.2371826171875,341.81036376953125,135.6753520309978,0.0,0.0,0.8464350365102291,8,2,2,28,16,80,56,13,4,16,2,4,59,1,0,252.90602300195138,-332.2371725253655,135.6753520309978,0,0,0,0,0,0
94.87496204999229,252.80239868164062,-332.2698059082031,341.7984313964844,135.68055022576596,0.0,0.0,0.8565207943320274,8,2,2,28,16,80,56,13,4,16,2,4,59,1,0,252.80239839372504,-332.26979135952786,135.68055022576596,0,0,0,0,0,0
95.08329529999227,252.6291961669922,-332.3245849609375,341.7807312011719,135.68826782273223,0.0,0.0,0.8598540909588337,8,2,2,28,16,80,56,13,4,16,2,4,59,1,0,252.62919724566092,-332.3245817964047,135.68826782273223,0,0,0,0,0,0
95.24996189999226,252.4905242919922,-332.3728942871094,341.7685546875,135.6930940363909,0.0,0.0,0.8945725858211517,8,2,2,28,16,80,56,13,4,16,2,4,59,1,0,252.49053124313363,-332.3728841218048,135.6930940363909,0,0,0,0,0,0
95.45829514999224,252.3117218017578,-332.4375915527344,341.7568664550781,135.69749746009583,0.0,0.0,0.9289463981986046,8,2,2,28,16,80,56,13,4,16,2,4,59,1,0,252.31172502346757,-332.43760524740645,135.69749746009583,0,0,0,0,0,0
95.66662839999222,252.12564086914062,-332.4936828613281,341.7455749511719,135.7015410032661,0.0,0.0,0.943355355411768,8,2,2,28,16,80,56,13,4,16,2,4,59,1,0,252.1256370124851,-332.49368664374225,135.7015410032661,0,0,0,0,0,0
95.74996169999221,252.04867553710938,-332.51275634765625,341.7404479980469,135.70309173997543,0.0,0.0,0.9577198885381222,8,2,2,28,16,80,56,13,4,16,2,4,59,1,0,252.04867442512068,-332.51276051226085,135.70309173997543,0,0,0,0,0,0
95.9166282999922,251.8900604248047,-332.5461730957031,341.73052978515625,135.706144911302,0.0,0.0,0.9859880432486534,8,2,2,28,16,80,56,13,4,16,2,4,59,1,0,251.89006102079955,-332.546177023342,135.706144911302,0,0,0,0,0,0
96.08329489999218,251.7267608642578,-332.57470703125,341.7213134765625,135.709186037105,0.0,0.0,1.0017354972660542,8,2,2,28,16,80,56,13,4,16,2,4,59,1,0,251.72675965007275,-332.57469621298395,135.709186037105,0,0,0,0,0,0
96.29162814999216,251.51995849609375,-332.60693359375,341.7094421386719,135.71307256975447,0.0,0.0,1.0047069750726223,8,2,2,28,16,80,56,13,4,16,2,4,59,1,0,251.51996014722252,-332.6069481176316,135.71307256975447,0,0,0,0,0,0
96.45829474999215,251.35467529296875,-332.63238525390625,341.6998291015625,135.7163649272622,0.0,0.0,1.0030646808445454,8,2,2,28,16,80,56,13,4,16,2,4,59,1,0,251.35467279957604,-332.6323994372713,135.7163649272622,0,0,0,0,0,0
96.54162804999214,251.27206420898438,-332.64495849609375,341.6950988769531,135.71807267616714,0.0,0.0,1.0014340281486511,8,2,2,28,16,80,56,13,4,16,2,4,59,1,0,251.27205984195436,-332.6449542987777,135.71807267616714,0,0,0,0,0,0
96.74996129999212,251.06727600097656,-332.6780700683594,341.68328857421875,135.72235051658123,0.0,0.0,0.9857116267085075,8,2,2,28,16,80,56,13,4,16,2,4,59,1,0,251.06727630270632,-332.67808308859236,135.72235051658123,0,0,0,0,0,0
96.91662789999211,250.90771484375,-332.709228515625,341.6737365722656,135.72575158518293,0.0,0.0,0.9676589630544186,8,2,2,28,16,80,56,13,4,16,2,4,59,1,0,250.90771793770324,-332.7092263884755,135.72575158518293,0,0,0,0,0,0
97.08329449999209,250.75086975097656,-332.74322509765625,341.6640930175781,135.72919368029412,0.0,0.0,0.9601837024092674,8,2,2,28,16,80,56,13,4,16,2,4,59,1,0,250.7508638439344,-332.74321063545386,135.72919368029412,0,0,0,0,0,0
97.24996109999208,250.5939483642578,-332.7772216796875,341.6545104980469,135.73263094546817,0.0,0.0,0.9681488387286663,8,2,2,28,16,80,56,13,4,16,2,4,59,1,0,250.5939409283125,-332.77721975027964,135.73263094546817,0,0,0,0,0,0
97.37496104999207,250.4744110107422,-332.8013000488281,341.6473388671875,135.73524695545427,0.0,0.0,0.9822255000472069,8,2,2,28,16,80,56,13,4,16,2,4,59,1,0,250.47440517972294,-332.80130180172387,135.73524695545427,0,0,0,0,0,0
97.58329429999205,250.26953125,-332.8365783691406,341.635498046875,135.73970357624398,0.0,0.0,1.0119096376001835,8,2,2,28,16,80,56,13,4,16,2,4,59,1,0,250.26953024326644,-332.836586457836,135.73970357624398,0,0,0,0,0,0
97.79162754999203,250.0572967529297,-332.86517333984375,341.623779296875,135.74436557407336,0.0,0.0,1.042111124843359,8,2,2,28,16,80,56,13,4,16,2,4,59,1,0,250.0572896696287,-332.86517419208576,135.74436557407336,0,0,0,0,0,0
97.95829414999201,249.882080078125,-332.8825988769531,341.614501953125,135.7483439459576,0.0,0.0,1.0638800449669361,8,2,2,28,16,80,56,13,4,16,2,4,59,1,0,249.88208276259357,-332.88259781118705,135.7483439459576,0,0,0,0,0,0
98.124960749992,249.70436096191406,-332.89764404296875,341.605224609375,135.75246484000647,0.0,0.0,1.0699093341827393,8,2,2,28,16,80,56,13,4,16,2,4,59,1,0,249.70435946665637,-332.8976310952432,135.75246484000647,0,0,0,0,0,0
98.20829404999199,249.615478515625,-332.9051818847656,341.6006164550781,135.75458566431044,0.0,0.0,1.0668620467185974,8,2,2,28,16,80,56,13,4,16,2,4,59,1,0,249.61547249315083,-332.90518229814705,135.75458566431044,0,0,0,0,0,0
98.41662729999197,249.39564514160156,-332.9267578125,341.5889892578125,135.7600809638208,0.0,0.0,1.0488258674740791,8,2,2,28,16,80,56,13,4,16,2,4,59,1,0,249.39564496203866,-332.92674741307616,135.7600809638208,0,0,0,0,0,0
98.62496054999195,249.18008422851562,-332.9530029296875,341.5774230957031,135.76580579283413,0.0,0.0,1.0335152968764305,8,2,2,28,16,80,56,13,4,16,2,4,59,1,0,249.18008603330165,-332.952987777239,135.76580579283413,0,0,0,0,0,0
98.83329379999194,248.9672393798828,-332.9830627441406,341.5658874511719,135.7718204968726,0.0,0.0,1.0263419710099697,8,2,2,28,16,80,56,13,4,16,2,4,59,1,0,248.96724169514223,-332.98305533893796,135.7718204968726,0,0,0,0,0,0
98.99996039999192,248.7975311279297,-333.0083923339844,341.5567932128906,135.7767989074556,0.0,0.0,1.0286098346114159,8,2,2,28,16,80,56,13,4,16,2,4,59,1,0,248.7975333143571,-333.00837833930956,135.7767989074556,0,0,0,0,0,0
99.08329369999191,248.7123565673828,-333.0208740234375,341.55230712890625,135.77931593549422,0.0,0.0,1.031372044235468,8,2,2,28,16,80,56,13,4,16,2,4,59,1,0,248.71235194406302,-333.0208598305123,135.77931593549422,0,0,0,0,0,0
99.2916269499919,248.49945068359375,-333.05267333984375,341.54107666015625,135.7855238474846,0.0,0.0,1.0313404724001884,8,2,2,28,16,80,56,13,4,16,2,4,59,1,0,248.49944676676526,-333.0526715675344,135.7855238474846,0,0,0,0,0,0
99.45829354999188,248.32913208007812,-333.0780944824219,341.5321350097656,135.7904467462142,0.0,0.0,1.0273068211972713,8,2,2,28,16,80,56,13,4,16,2,4,59,1,0,248.32912464168172,-333.07808079017764,135.7904467462142,0,0,0,0,0,0
99.66662679999186,248.1000518798828,-333.1185302734375,341.5209655761719,135.80103427255722,0.0,0.0,1.2170655652880669,8,2,2,28,16,80,56,13,4,16,2,4,59,1,0,248.10005742546798,-333.1185233295449,135.80103427255722,0,0,0,0,0,0
99.79162674999185,247.94058227539062,-333.1378479003906,341.5171203613281,135.80948648864936,0.0,0.0,1.3245364651083946,8,2,2,28,16,80,56,13,4,16,2,4,59,1,0,247.94057873861703,-333.1378442208874,135.80948648864936,0,0,0,0,0,0
99.87496004999184,247.82749938964844,-333.14385986328125,341.5144958496094,135.81487077033182,0.0,0.0,1.3775394298136234,8,2,2,28,16,80,56,13,4,16,2,4,59,1,0,247.82749213840782,-333.1438573603669,135.81487077033182,0,0,0,0,0,0
99.99995999999183,247.6490936279297,-333.1408996582031,341.5082092285156,135.8226271135897,0.0,0.0,1.4530017971992493,8,2,2,28,16,80,56,13,4,16,2,4,59,1,0,247.64910043336852,-333.14089437094196,135.8226271135897,0,0,0,0,0,0
100.16662659999182,247.39495849609375,-333.11700439453125,341.4966125488281,135.83273864822067,0.0,0.0,1.5732625499367714,8,2,2,28,16,80,56,13,4,16,2,4,59,1,0,247.39495319550636,-333.11700880216944,135.83273864822067,0,0,0,0,0,0
100.3332931999918,247.12583923339844,-333.0785827636719,341.4856262207031,135.84266174011955,0.0,0.0,1.6558140516281128,8,2,2,28,16,80,56,13,4,16,2,4,59,1,0,247.12583301708673,-333.07859521291175,135.84266174011955,0,0,0,0,0,0
100.49995979999179,246.8485107421875,-333.0316162109375,341.4750671386719,135.8527080340317,0.0,0.0,1.687414012849331,8,2,2,28,16,80,56,13,4,16,2,4,59,1,0,246.8485182699243,-333.0316013213482,135.8527080340317,0,0,0,0,0,0
100.62495974999177,246.6395263671875,-332.9944763183594,341.4664001464844,135.86038471820123,0.0,0.0,1.6820166260004044,8,2,2,28,16,80,56,13,4,16,2,4,59,1,0,246.63951989998773,-332.9944667693511,135.86038471820123,0,0,0,0,0,0
100.70829304999177,246.5011444091797,-332.97027587890625,341.46044921875,135.86555885822582,0.0,0.0,1.6660938039422035,8,2,2,28,16,80,56,13,4,16,2,4,59,1,0,246.5011393803053,-332.9702681562319,135.86555885822582,0,0,0,0,0,0
100.87495964999175,246.2299041748047,-332.9264831542969,341.448974609375,135.8760424522999,0.0,0.0,1.6047550365328789,8,2,2,28,16,80,56,13,4,16,2,4,59,1,0,246.2299088403749,-332.92649835928756,135.8760424522999,0,0,0,0,0,0
100.99995959999174,246.0342559814453,-332.9007873535156,341.4404602050781,135.88407180185715,0.0,0.0,1.5338112600147724,8,2,2,28,16,80,56,13,4,16,2,4,59,1,0,246.0342541309232,-332.90079460884334,135.88407180185715,0,0,0,0,0,0
101.12495954999173,245.8478546142578,-332.8837585449219,341.431884765625,135.89226299330267,0.0,0.0,1.4452986419200897,8,2,2,28,16,80,56,13,4,16,2,4,59,1,0,245.8478515210782,-332.88376349389927,135.89226299330267,0,0,0,0,0,0
101.24995949999172,245.67266845703125,-332.8771057128906,341.4237365722656,135.90057263221502,0.0,0.0,1.3460096903145313,8,2,2,28,16,80,56,13,4,16,2,4,59,1,0,245.67267334308087,-332.87709210829274,135.90057263221502,0,0,0,0,0,0
101.3749594499917,245.5101318359375,-332.88189697265625,341.4162292480469,135.90894030749337,0.0,0.0,1.244751363992691,8,2,2,28,16,80,56,13,4,16,2,4,59,1,0,245.51012618234714,-332.88190775689077,135.90894030749337,0,0,0,0,0,0
101.4582927499917,245.40916442871094,-332.8917541503906,341.4115905761719,135.91451548672643,0.0,0.0,1.179929357022047,8,2,2,28,16,80,56,13,4,16,2,4,59,1,0,245.4091651300541,-332.89175380808155,135.91451548672643,0,0,0,0,0,0
101.54162604999169,245.314208984375,-332.9068908691406,341.40716552734375,135.92006176332612,0.0,0.0,1.1194735765457153,8,2,2,28,16,80,56,13,4,16,2,4,59,1,0,245.31420700635067,-332.90688236459914,135.92006176332612,0,0,0,0,0,0
101.66662599999168,245.18284606933594,-332.9391174316406,341.40087890625,135.9282773351063,0.0,0.0,1.040443778038025,8,2,2,28,16,80,56,13,4,16,2,4,59,1,0,245.1828427390396,-332.9391283332767,135.9282773351063,0,0,0,0,0,0
101.79162594999167,245.0640869140625,-332.9819641113281,341.39501953125,135.9363069157916,0.0,0.0,0.9779379703104496,8,2,2,28,16,80,56,13,4,16,2,4,59,1,0,245.06408824127953,-332.9819699056491,135.9363069157916,0,0,0,0,0,0
101.91662589999166,244.95669555664062,-333.03399658203125,341.3896789550781,135.94409254604537,0.0,0.0,0.9321789257228374,8,2,2,28,16,80,56,13,4,16,2,4,59,1,0,244.95669459008997,-333.0340117444856,135.94409254604537,0,0,0,0,0,0
102.04162584999165,244.85897827148438,-333.093505859375,341.38470458984375,135.9515883819755,0.0,0.0,0.9006287902593613,8,2,2,28,16,80,56,13,4,16,2,4,59,1,0,244.85898215887843,-333.09351371891603,135.9515883819755,0,0,0,0,0,0
102.12495914999164,244.79824829101562,-333.1363830566406,341.381591796875,135.95641001255302,0.0,0.0,0.8857287466526031,8,2,2,28,16,80,56,13,4,16,2,4,59,1,0,244.79824278172066,-333.13636964751237,135.95641001255302,0,0,0,0,0,0
102.24995909999163,244.71212768554688,-333.2039489746094,341.3770446777344,135.96338168437572,0.0,0.0,0.8697106502950191,8,2,2,28,16,80,56,13,4,16,2,4,59,1,0,244.71212744659744,-333.2039498724281,135.96338168437572,0,0,0,0,0,0
102.37495904999162,244.63002014160156,-333.2737121582031,341.37261962890625,135.97004416273379,0.0,0.0,0.8587068878114223,8,2,2,28,16,80,56,13,4,16,2,4,59,1,0,244.6300169678256,-333.2737225501496,135.97004416273379,0,0,0,0,0,0
102.4999589999916,244.5498504638672,-333.3439636230469,341.36822509765625,135.9764215969133,0.0,0.0,0.8512180298566818,8,2,2,28,16,80,56,13,4,16,2,4,59,1,0,244.54984305020199,-333.3439652558952,135.9764215969133,0,0,0,0,0,0
102.66662559999159,244.4428253173828,-333.4358215332031,341.36224365234375,135.98456735066364,0.0,0.0,0.8458733558654785,8,2,2,28,16,80,56,13,4,16,2,4,59,1,0,244.44283207930036,-333.43581710311685,135.98456735066364,0,0,0,0,0,0
102.79162554999158,244.36044311523438,-333.50177001953125,341.3575744628906,135.99048578339392,0.0,0.0,0.8461969904601574,8,2,2,28,16,80,56,13,4,16,2,4,59,1,0,244.36045061542134,-333.50176654764573,135.99048578339392,0,0,0,0,0,0
102.91662549999157,244.27499389648438,-333.5643005371094,341.3526916503906,135.99629795988778,0.0,0.0,0.8508319035172462,8,2,2,28,16,80,56,13,4,16,2,4,59,1,0,244.2749865033878,-333.56429831692327,135.99629795988778,0,0,0,0,0,0
103.04162544999156,244.18576049804688,-333.62298583984375,341.3475646972656,136.00206183885663,0.0,0.0,0.859535951167345,8,2,2,28,16,80,56,13,4,16,2,4,59,1,0,244.1857529317784,-333.6229966472942,136.00206183885663,0,0,0,0,0,0
103.12495874999155,244.1240234375,-333.6599426269531,341.3440246582031,136.00589555659062,0.0,0.0,0.8671593852341175,8,2,2,28,16,80,56,13,4,16,2,4,59,1,0,244.1240176149394,-333.6599471845998,136.00589555659062,0,0,0,0,0,0
103.20829204999154,244.060546875,-333.6952819824219,341.34039306640625,136.0097219873578,0.0,0.0,0.8753543719649315,8,2,2,28,16,80,56,13,4,16,2,4,59,1,0,244.06054832338828,-333.69528401245077,136.0097219873578,0,0,0,0,0,0
103.33329199999153,243.96241760253906,-333.74560546875,341.3348083496094,136.0154858683521,0.0,0.0,0.8877526037395,8,2,2,28,16,80,56,13,4,16,2,4,59,1,0,243.9624211133504,-333.7456139055985,136.0154858683521,0,0,0,0,0,0
103.49995859999152,243.82688903808594,-333.80853271484375,341.3271179199219,136.023262020416,0.0,0.0,0.9026038460433483,8,2,2,28,16,80,56,13,4,16,2,4,59,1,0,243.82689179376703,-333.80852445651874,136.023262020416,0,0,0,0,0,0
103.6249585499915,243.7226104736328,-333.85345458984375,341.3211975097656,136.029180457296,0.0,0.0,0.9109290316700935,8,2,2,28,16,80,56,13,4,16,2,4,59,1,0,243.72261548451974,-333.8534456029796,136.029180457296,0,0,0,0,0,0
103.7499584999915,243.61695861816406,-333.89727783203125,341.31524658203125,136.03517625839527,0.0,0.0,0.9158688597381115,8,2,2,28,16,80,56,13,4,16,2,4,59,1,0,243.61696412782985,-333.89727397649347,136.03517625839527,0,0,0,0,0,0
103.87495844999148,243.51077270507812,-333.9407958984375,341.3092346191406,136.04125662548435,0.0,0.0,0.9170225821435452,8,2,2,28,16,80,56,13,4,16,2,4,59,1,0,243.51077674132875,-333.9407880300331,136.04125662548435,0,0,0,0,0,0
103.99995839999147,243.40487670898438,-333.9847412109375,341.3032531738281,136.0474142698833,0.0,0.0,0.9145109914243221,8,2,2,28,16,80,56,13,4,16,2,4,59,1,0,243.40487945483966,-333.98472841875855,136.0474142698833,0,0,0,0,0,0
104.04162504999147,243.36978149414062,-333.99957275390625,341.30126953125,136.0494772973568,0.0,0.0,0.9129378944635391,8,2,2,28,16,80,56,13,4,16,2,4,59,1,0,243.36977869738132,-333.9995869930511,136.0494772973568,0,0,0,0,0,0
104.16662499999146,243.2654266357422,-334.04510498046875,341.29534912109375,136.05571713730808,0.0,0.0,0.9064130485057831,8,2,2,28,16,80,56,13,4,16,2,4,59,1,0,243.2654283312419,-334.04509944412234,136.05571713730808,0,0,0,0,0,0
104.29162494999144,243.1631622314453,-334.0926513671875,341.2895202636719,136.06194968857784,0.0,0.0,0.8958196267485619,8,2,2,28,16,80,56,13,4,16,2,4,59,1,0,243.16316080996677,-334.09265974191,136.06194968857784,0,0,0,0,0,0
104.41662489999143,243.0641632080078,-334.1431884765625,341.2838134765625,136.06818223993977,0.0,0.0,0.8838783018290997,8,2,2,28,16,80,56,13,4,16,2,4,59,1,0,243.06416499051912,-334.1432009175166,136.06818223993977,0,0,0,0,0,0
104.54162484999142,242.9673309326172,-334.19537353515625,341.2782897949219,136.07454054591622,0.0,0.0,0.8763348683714867,8,2,2,28,16,80,56,13,4,16,2,4,59,1,0,242.9673381815833,-334.1953781366565,136.07454054591622,0,0,0,0,0,0
104.66662479999141,242.8721466064453,-334.2488708496094,341.2728576660156,136.0808770739089,0.0,0.0,0.869893841445446,8,2,2,28,16,80,56,13,4,16,2,4,59,1,0,242.8721456323041,-334.2488668356235,136.0808770739089,0,0,0,0,0,0
104.8332913999914,242.74880981445312,-334.3233337402344,341.2656555175781,136.08922350398026,0.0,0.0,0.8610278367996216,8,2,2,28,16,80,56,13,4,16,2,4,59,1,0,242.74880268168752,-334.32332151230327,136.08922350398026,0,0,0,0,0,0
104.87495804999139,242.71852111816406,-334.3424377441406,341.2638854980469,136.09129382283663,0.0,0.0,0.8589445613324642,8,2,2,28,16,80,56,13,4,16,2,4,59,1,0,242.7185245676703,-334.342422943345,136.09129382283663,0,0,0,0,0,0
104.99995799999138,242.62889099121094,-334.400634765625,341.2586364746094,136.0974758018019,0.0,0.0,0.8532067760825157,8,2,2,28,16,80,56,13,4,16,2,4,59,1,0,242.62889702283525,-334.40063398130724,136.0974758018019,0,0,0,0,0,0
105.12495794999137,242.5407257080078,-334.4598693847656,341.25347900390625,136.10360465503902,0.0,0.0,0.8491064421832561,8,2,2,28,16,80,56,13,4,16,2,4,59,1,0,242.54072124024887,-334.4598614709201,136.10360465503902,0,0,0,0,0,0
105.24995789999136,242.45338439941406,-334.5196838378906,341.248291015625,136.10966097038636,0.0,0.0,0.8470532484352589,8,2,2,28,16,80,56,13,4,16,2,4,59,1,0,242.45338143035818,-334.51968959653624,136.10966097038636,0,0,0,0,0,0
105.41662449999134,242.33740234375,-334.5995788574219,341.2413635253906,136.1176548367041,0.0,0.0,0.8456098847091198,8,2,2,28,16,80,56,13,4,16,2,4,59,1,0,242.3374001782653,-334.5995877013519,136.1176548367041,0,0,0,0,0,0
105.54162444999133,242.250244140625,-334.6590881347656,341.23614501953125,136.1236121920196,0.0,0.0,0.8456320501863956,8,2,2,28,16,80,56,13,4,16,2,4,59,1,0,242.25024237258256,-334.6590776401876,136.1236121920196,0,0,0,0,0,0
105.70829104999132,242.13302612304688,-334.73736572265625,341.2291259765625,136.13149497883043,0.0,0.0,0.8479518815875053,8,2,2,28,16,80,56,13,4,16,2,4,59,1,0,242.13303000729334,-334.73736976019234,136.13149497883043,0,0,0,0,0,0
105.8332909999913,242.0440673828125,-334.7950439453125,341.2237854003906,136.13738955059495,0.0,0.0,0.8503436110913754,8,2,2,28,16,80,56,13,4,16,2,4,59,1,0,242.04406217572227,-334.79505103506557,136.13738955059495,0,0,0,0,0,0
105.9582909499913,241.95404052734375,-334.8517150878906,341.2183837890625,136.143286586146,0.0,0.0,0.8533233776688576,8,2,2,28,16,80,56,13,4,16,2,4,59,1,0,241.9540438003878,-334.85170126571643,136.143286586146,0,0,0,0,0,0
106.08329089999128,241.86289978027344,-334.9073486328125,341.212890625,136.14918598920883,0.0,0.0,0.8565560914576054,8,2,2,28,16,80,56,13,4,16,2,4,59,1,0,241.86290140168717,-334.907342494845,136.14918598920883,0,0,0,0,0,0
106.24995749999127,241.7398223876953,-334.980224609375,341.2054748535156,136.1570760738498,0.0,0.0,0.8606383576989174,8,2,2,28,16,80,56,13,4,16,2,4,59,1,0,241.739816168002,-334.9802280556932,136.1570760738498,0,0,0,0,0,0
106.37495744999126,241.64688110351562,-335.03448486328125,341.1998596191406,136.1630020900521,0.0,0.0,0.8622771129012108,8,2,2,28,16,80,56,13,4,16,2,4,59,1,0,241.64688395486772,-335.0344834563256,136.1630020900521,0,0,0,0,0,0
106.49995739999125,241.55368041992188,-335.0885314941406,341.1942443847656,136.16894505972726,0.0,0.0,0.8629642426967621,8,2,2,28,16,80,56,13,4,16,2,4,59,1,0,241.55368035995565,-335.0885297392542,136.16894505972726,0,0,0,0,0,0
106.58329069999124,241.49147033691406,-335.1245422363281,341.19049072265625,136.17291666624683,0.0,0.0,0.8629429154098034,8,2,2,28,16,80,56,13,4,16,2,4,59,1,0,241.4914640284627,-335.12454415583204,136.17291666624683,0,0,0,0,0,0
106.74995729999122,241.3671112060547,-335.1966247558594,341.1829833984375,136.18089142118717,0.0,0.0,0.8623280562460423,8,2,2,28,16,80,56,13,4,16,2,4,59,1,0,241.36711781341256,-335.19663398772775,136.18089142118717,0,0,0,0,0,0
106.87495724999121,241.27447509765625,-335.2514343261719,341.1773376464844,136.18695759737395,0.0,0.0,0.8600642904639244,8,2,2,28,16,80,56,13,4,16,2,4,59,1,0,241.27448158483466,-335.251428359419,136.18695759737395,0,0,0,0,0,0
107.0416238499912,241.15264892578125,-335.3260498046875,341.1698913574219,136.19503624109342,0.0,0.0,0.8559124544262886,8,2,2,28,16,80,56,13,4,16,2,4,59,1,0,241.15264563109622,-335.32604879798737,136.19503624109342,0,0,0,0,0,0
107.16662379999119,241.0625762939453,-335.3831787109375,341.1643371582031,136.2010565885371,0.0,0.0,0.8526109158992767,8,2,2,28,16,80,56,13,4,16,2,4,59,1,0,241.06257109982243,-335.38316740164515,136.2010565885371,0,0,0,0,0,0
107.29162374999117,240.97354125976562,-335.441162109375,341.1587829589844,136.20704559576936,0.0,0.0,0.8497924543917179,8,2,2,28,16,80,56,13,4,16,2,4,59,1,0,240.9735428660274,-335.44115115248036,136.20704559576936,0,0,0,0,0,0
107.37495704999117,240.91468811035156,-335.480224609375,341.15509033203125,136.2110124765223,0.0,0.0,0.8481714874505997,8,2,2,28,16,80,56,13,4,16,2,4,59,1,0,240.91468504102954,-335.48022484515633,136.2110124765223,0,0,0,0,0,0
107.49995699999116,240.8270263671875,-335.5393371582031,341.1495361328125,136.21693140657604,0.0,0.0,0.8462791331112385,8,2,2,28,16,80,56,13,4,16,2,4,59,1,0,240.82702609389472,-335.53933819474264,136.21693140657604,0,0,0,0,0,0
107.62495694999114,240.73995971679688,-335.59893798828125,341.1440124511719,136.22279721300984,0.0,0.0,0.8447472006082535,8,2,2,28,16,80,56,13,4,16,2,4,59,1,0,240.73996193962768,-335.59894661516904,136.22279721300984,0,0,0,0,0,0
107.74995689999113,240.6532745361328,-335.6589660644531,341.1384582519531,136.228600237035,0.0,0.0,0.8446586318314075,8,2,2,28,16,80,56,13,4,16,2,4,59,1,0,240.65328188643562,-335.6589538607237,136.228600237035,0,0,0,0,0,0
107.87495684999112,240.56686401367188,-335.7192077636719,341.1329040527344,136.23435013789808,0.0,0.0,0.8443661965429783,8,2,2,28,16,80,56,13,4,16,2,4,59,1,0,240.56685742696766,-335.7192126929731,136.23435013789808,0,0,0,0,0,0
108.0416234499911,240.4518280029297,-335.7997741699219,341.1254577636719,136.24193371605935,0.0,0.0,0.8442655205726624,8,2,2,28,16,80,56,13,4,16,2,4,59,1,0,240.45182042958893,-335.7997589262972,136.24193371605935,0,0,0,0,0,0
108.1666233999911,240.36553955078125,-335.8602600097656,341.11981201171875,136.2475482895261,0.0,0.0,0.8450840599834919,8,2,2,28,16,80,56,13,4,16,2,4,59,1,0,240.36554204928544,-335.86026539798735,136.2475482895261,0,0,0,0,0,0
108.20829004999109,240.33676147460938,-335.8804626464844,341.1179504394531,136.2494062184636,0.0,0.0,0.8454862982034683,8,2,2,28,16,80,56,13,4,16,2,4,59,1,0,240.33676368807474,-335.880452709693,136.2494062184636,0,0,0,0,0,0
108.33328999999108,240.2503662109375,-335.9410705566406,341.11224365234375,136.25493869250607,0.0,0.0,0.8464889600872993,8,2,2,28,16,80,56,13,4,16,2,4,59,1,0,240.2503592094055,-335.9410662477316,136.25493869250607,0,0,0,0,0,0
108.49995659999107,240.13504028320312,-336.0220031738281,341.1046447753906,136.26222521179758,0.0,0.0,0.847762543708086,8,2,2,28,16,80,56,13,4,16,2,4,59,1,0,240.13503816406595,-336.0219976614732,136.26222521179758,0,0,0,0,0,0
108.58328989999106,240.07733154296875,-336.06256103515625,341.100830078125,136.26582495401215,0.0,0.0,0.8484446443617344,8,2,2,28,16,80,56,13,4,16,2,4,59,1,0,240.077330397299,-336.06255444048037,136.26582495401215,0,0,0,0,0,0
108.70828984999105,239.9907684326172,-336.1235656738281,341.0950622558594,136.27117391256508,0.0,0.0,0.8496265858411789,8,2,2,28,16,80,56,13,4,16,2,4,59,1,0,239.99076415825854,-336.1235577891034,136.27117391256508,0,0,0,0,0,0
108.83328979999104,239.90423583984375,-336.18487548828125,341.0892639160156,136.27645043118474,0.0,0.0,0.850897841155529,8,2,2,28,16,80,56,13,4,16,2,4,59,1,0,239.9042336492797,-336.18487469367795,136.27645043118474,0,0,0,0,0,0
108.95828974999102,239.81784057617188,-336.24658203125,341.0834655761719,136.28165923155365,0.0,0.0,0.851728767156601,8,2,2,28,16,80,56,13,4,16,2,4,59,1,0,239.81783442259575,-336.2465757365236,136.28165923155365,0,0,0,0,0,0
109.04162304999102,239.76034545898438,-336.2879638671875,341.0796203613281,136.28508758635223,0.0,0.0,0.8525029756128788,8,2,2,28,16,80,56,13,4,16,2,4,59,1,0,239.76034900481116,-336.28797176011676,136.28508758635223,0,0,0,0,0,0
109.208289649991,239.64578247070312,-336.37164306640625,341.0718688964844,136.2918330049234,0.0,0.0,0.8540219627320766,8,2,2,28,16,80,56,13,4,16,2,4,59,1,0,239.64578939127534,-336.3716462692747,136.2918330049234,0,0,0,0,0,0
109.33328959999099,239.56036376953125,-336.43524169921875,341.0660705566406,136.29679057104522,0.0,0.0,0.8547322824597359,8,2,2,28,16,80,56,13,4,16,2,4,59,1,0,239.56036214151308,-336.43525517451275,136.29679057104522,0,0,0,0,0,0
109.45828954999098,239.47543334960938,-336.4996337890625,341.060302734375,136.30164919059848,0.0,0.0,0.8552340790629387,8,2,2,28,16,80,56,13,4,16,2,4,59,1,0,239.47543407783218,-336.499642987249,136.30164919059848,0,0,0,0,0,0
109.58328949999097,239.39105224609375,-336.5648193359375,341.0545959472656,136.30641358388402,0.0,0.0,0.8557845838367939,8,2,2,28,16,80,56,13,4,16,2,4,59,1,0,239.39105256409468,-336.56481787210214,136.30641358388402,0,0,0,0,0,0
109.70828944999096,239.30722045898438,-336.6307678222656,341.0489196777344,136.31107892137794,0.0,0.0,0.8561128750443459,8,2,2,28,16,80,56,13,4,16,2,4,59,1,0,239.3072215987433,-336.63077631899216,136.31107892137794,0,0,0,0,0,0
109.83328939999095,239.22393798828125,-336.69744873046875,341.04327392578125,136.31565969098,0.0,0.0,0.8561920374631882,8,2,2,28,16,80,56,13,4,16,2,4,59,1,0,239.22394496737644,-336.6974504780653,136.31565969098,0,0,0,0,0,0
109.87495604999094,239.19630432128906,-336.7198181152344,341.0414123535156,136.31716733403883,0.0,0.0,0.8562165312469006,8,2,2,28,16,80,56,13,4,16,2,4,59,1,0,239.19630493515044,-336.71982271592043,136.31716733403883,0,0,0,0,0,0
109.99995599999093,239.1137237548828,-336.7873229980469,341.0358581542969,136.3216393893254,0.0,0.0,0.8561789989471436,8,2,2,28,16,80,56,13,4,16,2,4,59,1,0,239.11372106780559,-336.7873378748337,136.3216393893254,0,0,0,0,0,0
110.16662259999092,239.00433349609375,-336.878173828125,341.0284729003906,136.32749588592898,0.0,0.0,0.856295507401228,8,2,2,28,16,80,56,13,4,16,2,4,59,1,0,239.00433135275995,-336.8781778609413,136.32749588592898,0,0,0,0,0,0
110.2916225499909,238.92381286621094,-336.94805908203125,341.0229797363281,136.33166594269656,0.0,0.0,0.8553807623684406,8,2,2,28,16,80,56,13,4,16,2,4,59,1,0,238.92381062593438,-336.94805320184054,136.33166594269656,0,0,0,0,0,0
110.45828914999089,238.81919860839844,-337.0436096191406,341.01580810546875,136.33713587236747,0.0,0.0,0.8520501665771008,8,2,2,28,16,80,56,13,4,16,2,4,59,1,0,238.81920466470396,-337.0436114816825,136.33713587236747,0,0,0,0,0,0
110.62495574999087,238.71669006347656,-337.1406555175781,341.0087585449219,136.3425527944204,0.0,0.0,0.8491551503539085,8,2,2,28,16,80,56,13,4,16,2,4,59,1,0,238.7166971238931,-337.14065607269487,136.3425527944204,0,0,0,0,0,0
110.70828904999087,238.6658172607422,-337.1893615722656,341.0052795410156,136.34524182581393,0.0,0.0,0.8483297191560268,8,2,2,28,16,80,56,13,4,16,2,4,59,1,0,238.6658208404858,-337.1893603212987,136.34524182581393,0,0,0,0,0,0
110.83328899999086,238.58609008789062,-337.26617431640625,340.9993896484375,136.34797690607536,0.0,0.0,0.9112048894166946,8,2,2,28,16,80,56,13,4,16,2,4,59,1,0,238.5860963211536,-337.26618861881497,136.34797690607536,0,0,0,0,0,0
110.95828894999084,238.50323486328125,-337.3462219238281,340.9933776855469,136.3499267164861,0.0,0.0,0.9381372481584549,8,2,2,28,16,80,56,13,4,16,2,4,59,1,0,238.50323484209449,-337.34621278830605,136.3499267164861,0,0,0,0,0,0
111.08328889999083,238.4189910888672,-337.4263610839844,340.98822021484375,136.35184272226627,0.0,0.0,0.9345419704914093,8,2,2,28,16,80,56,13,4,16,2,4,59,1,0,238.418995289492,-337.426362918801,136.35184272226627,0,0,0,0,0,0
111.20828884999082,238.33407592773438,-337.505126953125,340.9831848144531,136.35378534649826,0.0,0.0,0.9261526167392731,8,2,2,28,16,80,56,13,4,16,2,4,59,1,0,238.3340812574252,-337.5051358662778,136.35378534649826,0,0,0,0,0,0
111.33328879999081,238.24832153320312,-337.58258056640625,340.97760009765625,136.35576896289422,0.0,0.0,0.9276834316551685,8,2,2,28,16,80,56,13,4,16,2,4,59,1,0,238.2483265281724,-337.58257565832974,136.35576896289422,0,0,0,0,0,0
111.4582887499908,238.1612548828125,-337.65899658203125,340.9717102050781,136.35779604297315,0.0,0.0,0.9323251433670521,8,2,2,28,16,80,56,13,4,16,2,4,59,1,0,238.1612560070954,-337.65900605558267,136.35779604297315,0,0,0,0,0,0
111.54162204999079,238.1024169921875,-337.7093811035156,340.9678955078125,136.35917330046672,0.0,0.0,0.933969859033823,8,2,2,28,16,80,56,13,4,16,2,4,59,1,0,238.10241835674032,-337.70938832325425,136.35917330046672,0,0,0,0,0,0
111.66662199999078,238.01307678222656,-337.78399658203125,340.9623718261719,136.3612801212231,0.0,0.0,0.9350392036139965,8,2,2,28,16,80,56,13,4,16,2,4,59,1,0,238.01307237807913,-337.78399356591717,136.3612801212231,0,0,0,0,0,0
111.79162194999077,237.92250061035156,-337.857421875,340.9568176269531,136.36344736540957,0.0,0.0,0.9365955367684364,8,2,2,28,16,80,56,13,4,16,2,4,59,1,0,237.92249662887568,-337.85741984507774,136.36344736540957,0,0,0,0,0,0
111.91662189999076,237.8307342529297,-337.9297790527344,340.9510803222656,136.36567503314373,0.0,0.0,0.9389301761984825,8,2,2,28,16,80,56,13,4,16,2,4,59,1,0,237.83073589093274,-337.92976754799514,136.36567503314373,0,0,0,0,0,0
112.04162184999075,237.73788452148438,-338.00115966796875,340.94525146484375,136.3679654815123,0.0,0.0,0.9409884922206402,8,2,2,28,16,80,56,13,4,16,2,4,59,1,0,237.73788202795734,-338.0011587857735,136.3679654815123,0,0,0,0,0,0
112.16662179999074,237.64410400390625,-338.0717468261719,340.9394836425781,136.37031152423089,0.0,0.0,0.9431827813386917,8,2,2,28,16,80,56,13,4,16,2,4,59,1,0,237.64410294631432,-338.0717431485803,136.37031152423089,0,0,0,0,0,0
112.29162174999072,237.55075073242188,-338.1432189941406,340.9337158203125,136.37253189130593,0.0,0.0,0.943246204406023,8,2,2,28,16,80,56,13,4,16,2,4,59,1,0,237.5507551445567,-338.143213702309,136.37253189130593,0,0,0,0,0,0
112.37495504999072,237.48927307128906,-338.191650390625,340.9299011230469,136.3740105649895,0.0,0.0,0.9419433772563934,8,2,2,28,16,80,56,13,4,16,2,4,59,1,0,237.48927534126207,-338.1916482624069,136.3740105649895,0,0,0,0,0,0
112.5416216499907,237.36843872070312,-338.2904357910156,340.9223327636719,136.37696791284856,0.0,0.0,0.9376428090035915,8,2,2,28,16,80,56,13,4,16,2,4,59,1,0,237.36844454765424,-338.29043557435716,136.37696791284856,0,0,0,0,0,0
112.66662159999069,237.2798614501953,-338.36627197265625,340.9167175292969,136.37917626570672,0.0,0.0,0.9347225539386272,8,2,2,28,16,80,56,13,4,16,2,4,59,1,0,237.2798571901379,-338.3662578837341,136.37917626570672,0,0,0,0,0,0
112.79162154999068,237.1929168701172,-338.4434814453125,340.9111633300781,136.38136530203477,0.0,0.0,0.932538416236639,8,2,2,28,16,80,56,13,4,16,2,4,59,1,0,237.19291093130838,-338.4434690585496,136.38136530203477,0,0,0,0,0,0
112.91662149999067,237.1072998046875,-338.52166748046875,340.90570068359375,136.38347459828967,0.0,0.0,0.9296827018260956,8,2,2,28,16,80,56,13,4,16,2,4,59,1,0,237.10729386517838,-338.5216721347142,136.38347459828967,0,0,0,0,0,0
113.08328809999065,236.9928436279297,-338.625244140625,340.8983459472656,136.38609378620814,0.0,0.0,0.9295377880334854,8,2,2,28,16,80,56,13,4,16,2,4,59,1,0,236.9928509821237,-338.625245197271,136.38609378620814,0,0,0,0,0,0
113.20828804999064,236.90647888183594,-338.7024230957031,340.8927307128906,136.38806044603,0.0,0.0,0.930381752550602,8,2,2,28,16,80,56,13,4,16,2,4,59,1,0,236.90648369078505,-338.7024329474503,136.38806044603,0,0,0,0,0,0
113.29162134999063,236.8486328125,-338.7536926269531,340.88897705078125,136.38937975745773,0.0,0.0,0.9310977533459663,8,2,2,28,16,80,56,13,4,16,2,4,59,1,0,236.84863554321998,-338.75368325926013,136.38937975745773,0,0,0,0,0,0
113.41662129999062,236.76153564453125,-338.830322265625,340.8833923339844,136.391368207646,0.0,0.0,0.9318391792476177,8,2,2,28,16,80,56,13,4,16,2,4,59,1,0,236.761542525932,-338.83033035672435,136.391368207646,0,0,0,0,0,0
113.54162124999061,236.67433166503906,-338.906982421875,340.8778076171875,136.39333981452336,0.0,0.0,0.932355597615242,8,2,2,28,16,80,56,13,4,16,2,4,59,1,0,236.67433178279845,-338.90698010792136,136.39333981452336,0,0,0,0,0,0
113.6666211999906,236.58718872070312,-338.98370361328125,340.8722229003906,136.3953259093576,0.0,0.0,0.9321313351392746,8,2,2,28,16,80,56,13,4,16,2,4,59,1,0,236.58719295747508,-338.9836971155617,136.3953259093576,0,0,0,0,0,0
113.83328779999059,236.47120666503906,-339.08624267578125,340.8647766113281,136.39796194368856,0.0,0.0,0.9321183897554874,8,2,2,28,16,80,56,13,4,16,2,4,59,1,0,236.47120302183566,-339.0862358318351,136.39796194368856,0,0,0,0,0,0
113.95828774999057,236.3845977783203,-339.16351318359375,340.85919189453125,136.39993838088705,0.0,0.0,0.9316773153841496,8,2,2,28,16,80,56,13,4,16,2,4,59,1,0,236.38459901049984,-339.16351820308273,136.39993838088705,0,0,0,0,0,0
114.04162104999057,236.32696533203125,-339.215087890625,340.8554992675781,136.40126487907307,0.0,0.0,0.9314107708632946,8,2,2,28,16,80,56,13,4,16,2,4,59,1,0,236.32695987889517,-339.2150961546799,136.40126487907307,0,0,0,0,0,0
114.16662099999056,236.24073791503906,-339.29266357421875,340.8499450683594,136.40324131684787,0.0,0.0,0.9309451095759869,8,2,2,28,16,80,56,13,4,16,2,4,59,1,0,236.24073395023956,-339.2926709025353,136.40324131684787,0,0,0,0,0,0
114.29162094999054,236.1547393798828,-339.37042236328125,340.84442138671875,136.40520809658676,0.0,0.0,0.9308365173637867,8,2,2,28,16,80,56,13,4,16,2,4,59,1,0,236.15474317598085,-339.3704336019572,136.40520809658676,0,0,0,0,0,0
114.37495424999054,236.09754943847656,-339.42242431640625,340.8406982421875,136.40651527871304,0.0,0.0,0.9308033622801304,8,2,2,28,16,80,56,13,4,16,2,4,59,1,0,236.09755331604995,-339.4224162198718,136.40651527871304,0,0,0,0,0,0
114.49995419999053,236.01194763183594,-339.5005187988281,340.8351745605469,136.40848205904155,0.0,0.0,0.9301877580583096,8,2,2,28,16,80,56,13,4,16,2,4,59,1,0,236.01195047692465,-339.50050521416705,136.40848205904155,0,0,0,0,0,0
114.62495414999051,235.9263458251953,-339.5785217285156,340.82965087890625,136.41045131373698,0.0,0.0,0.929668452590704,8,2,2,28,16,80,56,13,4,16,2,4,59,1,0,235.92634594017753,-339.5785354613802,136.41045131373698,0,0,0,0,0,0
114.7499540999905,235.84078979492188,-339.6566467285156,340.8241271972656,136.4124011331773,0.0,0.0,0.9303503669798374,8,2,2,28,16,80,56,13,4,16,2,4,59,1,0,235.8407836686799,-339.65664528297646,136.4124011331773,0,0,0,0,0,0
114.87495404999049,235.7553253173828,-339.73486328125,340.8185729980469,136.4143437686684,0.0,0.0,0.9302103891968727,8,2,2,28,16,80,56,13,4,16,2,4,59,1,0,235.75532317825272,-339.7348765327975,136.4143437686684,0,0,0,0,0,0
114.99995399999048,235.66989135742188,-339.8131103515625,340.81304931640625,136.41628157535055,0.0,0.0,0.9298792108893394,8,2,2,28,16,80,56,13,4,16,2,4,59,1,0,235.66989620720867,-339.8131168987757,136.41628157535055,0,0,0,0,0,0
115.12495394999047,235.58445739746094,-339.89129638671875,340.80755615234375,136.41821455323006,0.0,0.0,0.9297242388129234,8,2,2,28,16,80,56,13,4,16,2,4,59,1,0,235.58446353291714,-339.89129792462364,136.41821455323006,0,0,0,0,0,0
115.24995389999046,235.4990234375,-339.9694519042969,340.8020324707031,136.42013304400584,0.0,0.0,0.9298870339989662,8,2,2,28,16,80,56,13,4,16,2,4,59,1,0,235.49902595613088,-339.96946683884653,136.42013304400584,0,0,0,0,0,0
115.37495384999045,235.41351318359375,-340.04754638671875,340.7965087890625,136.4220563643063,0.0,0.0,0.9297584183514118,8,2,2,28,16,80,56,13,4,16,2,4,59,1,0,235.4135167403336,-340.04754456109924,136.4220563643063,0,0,0,0,0,0
115.49995379999044,235.32781982421875,-340.1254577636719,340.79095458984375,136.42397968496977,0.0,0.0,0.9300339967012405,8,2,2,28,16,80,56,13,4,16,2,4,59,1,0,235.32781741125152,-340.12545370443263,136.42397968496977,0,0,0,0,0,0
115.62495374999042,235.2419891357422,-340.2032470703125,340.785400390625,136.42589570217456,0.0,0.0,0.9300864301621914,8,2,2,28,16,80,56,13,4,16,2,4,59,1,0,235.24199374495475,-340.2032503197547,136.42589570217456,0,0,0,0,0,0
115.70828704999042,235.1846923828125,-340.2550354003906,340.78173828125,136.42717874124511,0.0,0.0,0.9302033111453056,8,2,2,28,16,80,56,13,4,16,2,4,59,1,0,235.18469938605563,-340.2550299394423,136.42717874124511,0,0,0,0,0,0
115.8332869999904,235.09866333007812,-340.3326416015625,340.77618408203125,136.42909475886324,0.0,0.0,0.9302149526774883,8,2,2,28,16,80,56,13,4,16,2,4,59,1,0,235.09866579126805,-340.332635669042,136.42909475886324,0,0,0,0,0,0
115.9582869499904,235.0164031982422,-340.4058837890625,340.7714538574219,136.4323299744577,0.0,0.0,0.8607241325080395,8,2,2,28,16,80,56,13,4,16,2,4,59,1,0,235.0164010378462,-340.40589396603804,136.4323299744577,0,0,0,0,0,0
116.12495354999038,234.9114227294922,-340.4988708496094,340.7657165527344,136.43758262035257,0.0,0.0,0.8331898599863052,8,2,2,28,16,80,56,13,4,16,2,4,59,1,0,234.91141869991986,-340.4988821235239,136.43758262035257,0,0,0,0,0,0
116.24995349999037,234.83389282226562,-340.5689697265625,340.76123046875,136.44144833973036,0.0,0.0,0.8426323533058167,8,2,2,28,16,80,56,13,4,16,2,4,59,1,0,234.83388680469469,-340.5689750979788,136.44144833973036,0,0,0,0,0,0
116.37495344999036,234.75686645507812,-340.6402893066406,340.7567443847656,136.44525858525606,0.0,0.0,0.8458084426820278,8,2,2,28,16,80,56,13,4,16,2,4,59,1,0,234.7568619725722,-340.64029354822895,136.44525858525606,0,0,0,0,0,0
116.49995339999035,234.6808319091797,-340.71240234375,340.75238037109375,136.44901571111882,0.0,0.0,0.840257853269577,8,2,2,28,16,80,56,13,4,16,2,4,59,1,0,234.68082656403024,-340.7124114728957,136.44901571111882,0,0,0,0,0,0
116.54162004999034,234.65577697753906,-340.7366027832031,340.7509460449219,136.4502503390971,0.0,0.0,0.8383332751691341,8,2,2,28,16,80,56,13,4,16,2,4,59,1,0,234.65577519076405,-340.7365875791794,136.4502503390971,0,0,0,0,0,0
116.66661999999033,234.5814208984375,-340.8095397949219,340.74658203125,136.4539325534672,0.0,0.0,0.8356303907930851,8,2,2,28,16,80,56,13,4,16,2,4,59,1,0,234.58142525608542,-340.80952986919175,136.4539325534672,0,0,0,0,0,0
116.79161994999032,234.5080108642578,-340.8830871582031,340.74212646484375,136.45758814687917,0.0,0.0,0.8350929245352745,8,2,2,28,16,80,56,13,4,16,2,4,59,1,0,234.5080049215242,-340.88308402228313,136.45758814687917,0,0,0,0,0,0
116.9582865499903,234.411376953125,-340.9821472167969,340.7361755371094,136.46238426337686,0.0,0.0,0.8337822742760181,8,2,2,28,16,80,56,13,4,16,2,4,59,1,0,234.4113808878139,-340.9821504448297,136.46238426337686,0,0,0,0,0,0
117.0832864999903,234.3397979736328,-341.0570373535156,340.73175048828125,136.4659432761745,0.0,0.0,0.8322242647409439,8,2,2,28,16,80,56,13,4,16,2,4,59,1,0,234.33979280820117,-341.0570415518255,136.4659432761745,0,0,0,0,0,0
117.20828644999028,234.26885986328125,-341.13232421875,340.7273254394531,136.46946848599038,0.0,0.0,0.8311732672154903,8,2,2,28,16,80,56,13,4,16,2,4,59,1,0,234.2688585638324,-341.132336362852,136.46946848599038,0,0,0,0,0,0
117.37495304999027,234.17503356933594,-341.233154296875,340.7214050292969,136.47411960905438,0.0,0.0,0.8299533277750015,8,2,2,28,16,80,56,13,4,16,2,4,59,1,0,234.17502805373084,-341.2331414785798,136.47411960905438,0,0,0,0,0,0
117.49995299999026,234.10501098632812,-341.3089294433594,340.7169494628906,136.477574736537,0.0,0.0,0.8292045444250107,8,2,2,28,16,80,56,13,4,16,2,4,59,1,0,234.10501588210772,-341.30892571621627,136.477574736537,0,0,0,0,0,0
117.62495294999025,234.03518676757812,-341.3847351074219,340.7124938964844,136.4810033671093,0.0,0.0,0.8284745737910271,8,2,2,28,16,80,56,13,4,16,2,4,59,1,0,234.0351871930655,-341.3847399223136,136.4810033671093,0,0,0,0,0,0
117.74995289999023,233.9653778076172,-341.46044921875,340.70806884765625,136.48442221516672,0.0,0.0,0.8280141279101372,8,2,2,28,16,80,56,13,4,16,2,4,59,1,0,233.96537209450634,-341.46046329643593,136.48442221516672,0,0,0,0,0,0
117.87495284999022,233.89541625976562,-341.53594970703125,340.70361328125,136.48782905349614,0.0,0.0,0.8274354971945286,8,2,2,28,16,80,56,13,4,16,2,4,59,1,0,233.89541709138783,-341.5359514966415,136.48782905349614,0,0,0,0,0,0
117.99995279999021,233.82528686523438,-341.6112060546875,340.69915771484375,136.4912310632135,0.0,0.0,0.826737005263567,8,2,2,28,16,80,56,13,4,16,2,4,59,1,0,233.82528716403544,-341.6111991728141,136.4912310632135,0,0,0,0,0,0
118.1249527499902,233.7548065185547,-341.68603515625,340.6947326660156,136.49463790231718,0.0,0.0,0.8265478536486626,8,2,2,28,16,80,56,13,4,16,2,4,59,1,0,233.75480466985988,-341.686027378907,136.49463790231718,0,0,0,0,0,0
118.20828604999019,233.70777893066406,-341.73583984375,340.6917724609375,136.49689220606453,0.0,0.0,0.8259963244199753,8,2,2,28,16,80,56,13,4,16,2,4,59,1,0,233.70777318230495,-341.735838744587,136.49689220606453,0,0,0,0,0,0
118.33328599999018,233.63711547851562,-341.8103332519531,340.6873779296875,136.5002845587465,0.0,0.0,0.8253131061792374,8,2,2,28,16,80,56,13,4,16,2,4,59,1,0,233.63712276679638,-341.81033194129895,136.5002845587465,0,0,0,0,0,0
118.45828594999017,233.56674194335938,-341.88494873046875,340.6829833984375,136.50365759585497,0.0,0.0,0.8244951255619526,8,2,2,28,16,80,56,13,4,16,2,4,59,1,0,233.5667351338051,-341.8849445721557,136.50365759585497,0,0,0,0,0,0
118.58328589999016,233.49661254882812,-341.9596862792969,340.6785583496094,136.50702580437473,0.0,0.0,0.8237618952989578,8,2,2,28,16,80,56,13,4,16,2,4,59,1,0,233.49661428365724,-341.9596740489608,136.50702580437473,0,0,0,0,0,0
118.70828584999015,233.42681884765625,-342.0345458984375,340.6741638183594,136.51038918430407,0.0,0.0,0.8228546008467674,8,2,2,28,16,80,56,13,4,16,2,4,59,1,0,233.4268225561969,-342.0345570972245,136.51038918430407,0,0,0,0,0,0
118.83328579999014,233.35733032226562,-342.10955810546875,340.6697692871094,136.51375256460096,0.0,0.0,0.8217906579375267,8,2,2,28,16,80,56,13,4,16,2,4,59,1,0,233.35733193098304,-342.109558599413,136.51375256460096,0,0,0,0,0,0
118.95828574999013,233.28811645507812,-342.1846618652344,340.6653747558594,136.51710145838513,0.0,0.0,0.8207522332668304,8,2,2,28,16,80,56,13,4,16,2,4,59,1,0,233.28811616381188,-342.1846477082997,136.51710145838513,0,0,0,0,0,0
119.04161904999012,233.24208068847656,-342.2347106933594,340.6624755859375,136.51933644757221,0.0,0.0,0.8200725540518761,8,2,2,28,16,80,56,13,4,16,2,4,59,1,0,233.2420849094973,-342.23470775383095,136.51933644757221,0,0,0,0,0,0
119.1666189999901,233.17308044433594,-342.3096618652344,340.6580810546875,136.5226563682591,0.0,0.0,0.8188369683921337,8,2,2,28,16,80,56,13,4,16,2,4,59,1,0,233.17307854802078,-342.3096493202334,136.5226563682591,0,0,0,0,0,0
119.2916189499901,233.10394287109375,-342.3843078613281,340.6536865234375,136.5259811182924,0.0,0.0,0.8179967291653156,8,2,2,28,16,80,56,13,4,16,2,4,59,1,0,233.1039471233381,-342.3843113817983,136.5259811182924,0,0,0,0,0,0
119.41661889999008,233.0347442626953,-342.45880126953125,340.6493225097656,136.52930338977862,0.0,0.0,0.8173271082341671,8,2,2,28,16,80,56,13,4,16,2,4,59,1,0,233.0347457680244,-342.45879878096326,136.52930338977862,0,0,0,0,0,0
119.58328549999007,232.9424591064453,-342.5578308105469,340.6435546875,136.53374687489105,0.0,0.0,0.8158334530889988,8,2,2,28,16,80,56,13,4,16,2,4,59,1,0,232.9424583797099,-342.55783642280704,136.53374687489105,0,0,0,0,0,0
119.70828544999006,232.87332153320312,-342.6319885253906,340.63922119140625,136.5370716259869,0.0,0.0,0.8149811066687107,8,2,2,28,16,80,56,13,4,16,2,4,59,1,0,232.8733280261424,-342.6319981889308,136.5370716259869,0,0,0,0,0,0
119.83328539999005,232.804443359375,-342.7062683105469,340.6349182128906,136.54039885676363,0.0,0.0,0.8143511600792408,8,2,2,28,16,80,56,13,4,16,2,4,59,1,0,232.80445089013176,-342.70626664023587,136.54039885676363,0,0,0,0,0,0
119.87495204999004,232.7815704345703,-342.7310485839844,340.6334533691406,136.5415102832877,0.0,0.0,0.8140353485941887,8,2,2,28,16,80,56,13,4,16,2,4,59,1,0,232.78156372904527,-342.731059737842,136.5415102832877,0,0,0,0,0,0
119.99995199999003,232.71310424804688,-342.8055114746094,340.6291198730469,136.54483986398296,0.0,0.0,0.8129307068884373,8,2,2,28,16,80,56,13,4,16,2,4,59,1,0,232.71310754354934,-342.80551086356274,136.54483986398296,0,0,0,0,0,0
120.16661859999002,232.62237548828125,-342.9049987792969,340.6233825683594,136.54927617308644,0.0,0.0,0.8116025477647781,8,2,2,28,16,80,56,13,4,16,2,4,59,1,0,232.62237201322034,-342.90498714919335,136.54927617308644,0,0,0,0,0,0
120.29161854999,232.5546875,-342.9797668457031,340.6190490722656,136.5525960967371,0.0,0.0,0.8108479902148247,8,2,2,28,16,80,56,13,4,16,2,4,59,1,0,232.55469221472782,-342.9797712187704,136.5525960967371,0,0,0,0,0,0
120.41661849999,232.48733520507812,-343.0547180175781,340.6147155761719,136.5559015339979,0.0,0.0,0.8101277984678745,8,2,2,28,16,80,56,13,4,16,2,4,59,1,0,232.48734168454789,-343.0547176440612,136.5559015339979,0,0,0,0,0,0
120.54161844998998,232.4203643798828,-343.1298522949219,340.6103820800781,136.5591924849133,0.0,0.0,0.8093291893601418,8,2,2,28,16,80,56,13,4,16,2,4,59,1,0,232.42036095846262,-343.1298671245091,136.5591924849133,0,0,0,0,0,0
120.62495174998998,232.37588500976562,-343.1800842285156,340.6075134277344,136.5613816673542,0.0,0.0,0.809186790138483,8,2,2,28,16,80,56,13,4,16,2,4,59,1,0,232.37588514812043,-343.18008513707423,136.5613816673542,0,0,0,0,0,0
120.70828504998997,232.33152770996094,-343.2303771972656,340.6046142578125,136.56357085003577,0.0,0.0,0.8088903501629829,8,2,2,28,16,80,56,13,4,16,2,4,59,1,0,232.33152107948717,-343.2303735428416,136.56357085003577,0,0,0,0,0,0
120.83328499998996,232.2650604248047,-343.3057861328125,340.60028076171875,136.56685214403066,0.0,0.0,0.8082200773060322,8,2,2,28,16,80,56,13,4,16,2,4,59,1,0,232.26505751555658,-343.30578183749833,136.56685214403066,0,0,0,0,0,0
120.99995159998994,232.17649841308594,-343.40625,340.594482421875,136.5711990569352,0.0,0.0,0.8074291050434113,8,2,2,28,16,80,56,13,4,16,2,4,59,1,0,232.17650452015,-343.40623911814964,136.5711990569352,0,0,0,0,0,0
121.12495154998993,232.1100311279297,-343.4814453125,340.59014892578125,136.57444903053081,0.0,0.0,0.8072671480476856,8,2,2,28,16,80,56,13,4,16,2,4,59,1,0,232.11002505104727,-343.48145072841686,136.57444903053081,0,0,0,0,0,0
121.29161814998992,232.0211639404297,-343.5814514160156,340.5843811035156,136.57878145817156,0.0,0.0,0.8067848160862923,8,2,2,28,16,80,56,13,4,16,2,4,59,1,0,232.0211655787273,-343.58146040938607,136.57878145817156,0,0,0,0,0,0
121.4166180999899,231.95433044433594,-343.65618896484375,340.5800476074219,136.58202177527798,0.0,0.0,0.8061147294938564,8,2,2,28,16,80,56,13,4,16,2,4,59,1,0,231.95432318385713,-343.6561940675975,136.58202177527798,0,0,0,0,0,0
121.54161804998989,231.88729858398438,-343.73065185546875,340.57574462890625,136.58525961170076,0.0,0.0,0.8054410107433796,8,2,2,28,16,80,56,13,4,16,2,4,59,1,0,231.88729715573226,-343.7306525975406,136.58525961170076,0,0,0,0,0,0
121.66661799998988,231.8201141357422,-343.804931640625,340.5714416503906,136.58849013822632,0.0,0.0,0.8053022436797619,8,2,2,28,16,80,56,13,4,16,2,4,59,1,0,231.82012057627364,-343.8049387947849,136.58849013822632,0,0,0,0,0,0
121.83328459998987,231.7303466796875,-343.90362548828125,340.5657043457031,136.59279607632618,0.0,0.0,0.8044819347560406,8,2,2,28,16,80,56,13,4,16,2,4,59,1,0,231.73034954531917,-343.90363678985847,136.59279607632618,0,0,0,0,0,0
121.99995119998985,231.64041137695312,-344.0020751953125,340.55999755859375,136.59711884870993,0.0,0.0,0.8039366453886032,8,2,2,28,16,80,56,13,4,16,2,4,59,1,0,231.64041893791648,-344.00206747073355,136.59711884870993,0,0,0,0,0,0
122.12495114998984,231.57290649414062,-344.07574462890625,340.55572509765625,136.60034951053555,0.0,0.0,0.803297758102417,8,2,2,28,16,80,56,13,4,16,2,4,59,1,0,231.57290847438117,-344.07573060867554,136.60034951053555,0,0,0,0,0,0
122.24995109998983,231.5054473876953,-344.1493225097656,340.55145263671875,136.60357286207804,0.0,0.0,0.8025681599974632,8,2,2,28,16,80,56,13,4,16,2,4,59,1,0,231.50545446351978,-344.14932303676215,136.60357286207804,0,0,0,0,0,0
122.37495104998982,231.43809509277344,-344.2228698730469,340.54718017578125,136.60679386714804,0.0,0.0,0.8018000982701778,8,2,2,28,16,80,56,13,4,16,2,4,59,1,0,231.43809448472376,-344.22286355671304,136.60679386714804,0,0,0,0,0,0
122.4999509999898,231.370849609375,-344.2964172363281,340.54290771484375,136.61000273292845,0.0,0.0,0.8013586513698101,8,2,2,28,16,80,56,13,4,16,2,4,59,1,0,231.37085387172945,-344.2964291778427,136.61000273292845,0,0,0,0,0,0
122.66661759998979,231.28155517578125,-344.3946838378906,340.5372314453125,136.61426756217796,0.0,0.0,0.8005553856492043,8,2,2,28,16,80,56,13,4,16,2,4,59,1,0,231.28156223823896,-344.3946756506634,136.61426756217796,0,0,0,0,0,0
122.79161754998978,231.21485900878906,-344.4685363769531,340.5329284667969,136.61746442477337,0.0,0.0,0.8003897964954376,8,2,2,28,16,80,56,13,4,16,2,4,59,1,0,231.21485175448998,-344.4685359133413,136.61746442477337,0,0,0,0,0,0
122.91661749998977,231.14833068847656,-344.54248046875,340.5286560058594,136.62066128781112,0.0,0.0,0.7997244596481323,8,2,2,28,16,80,56,13,4,16,2,4,59,1,0,231.14832798970502,-344.54248341653073,136.62066128781112,0,0,0,0,0,0
123.04161744998976,231.08193969726562,-344.616455078125,340.5243835449219,136.62384118232762,0.0,0.0,0.7990543730556965,8,2,2,28,16,80,56,13,4,16,2,4,59,1,0,231.0819448504815,-344.6164551364403,136.62384118232762,0,0,0,0,0,0
123.16661739998975,231.01565551757812,-344.69036865234375,340.5201110839844,136.62701390254838,0.0,0.0,0.7982359267771244,8,2,2,28,16,80,56,13,4,16,2,4,59,1,0,231.01565204348708,-344.69037719164345,136.62701390254838,0,0,0,0,0,0
123.24995069998974,230.97154235839844,-344.73968505859375,340.51727294921875,136.62911851876257,0.0,0.0,0.7980136200785637,8,2,2,28,16,80,56,13,4,16,2,4,59,1,0,230.9715464628426,-344.7396947657269,136.62911851876257,0,0,0,0,0,0
123.37495064998973,230.90550231933594,-344.8137512207031,340.5129699707031,136.63226461299567,0.0,0.0,0.7979963906109333,8,2,2,28,16,80,56,13,4,16,2,4,59,1,0,230.9055054971791,-344.813755499787,136.63226461299567,0,0,0,0,0,0
123.49995059998972,230.8395233154297,-344.8878479003906,340.5086669921875,136.6354083620554,0.0,0.0,0.7979221642017365,8,2,2,28,16,80,56,13,4,16,2,4,59,1,0,230.83951931821431,-344.8878359923629,136.6354083620554,0,0,0,0,0,0
123.6249505499897,230.77352905273438,-344.96185302734375,340.50439453125,136.63854479952263,0.0,0.0,0.7974515669047832,8,2,2,28,16,80,56,13,4,16,2,4,59,1,0,230.7735318683703,-344.9618512454359,136.63854479952263,0,0,0,0,0,0
123.7082838499897,230.72950744628906,-345.01116943359375,340.50152587890625,136.64063258494784,0.0,0.0,0.7971267215907574,8,2,2,28,16,80,56,13,4,16,2,4,59,1,0,230.72951220930486,-345.01115424643933,136.64063258494784,0,0,0,0,0,0
123.83328379998969,230.6634521484375,-345.0849914550781,340.49725341796875,136.6437497082105,0.0,0.0,0.7965893484652042,8,2,2,28,16,80,56,13,4,16,2,4,59,1,0,230.6634534286661,-345.08498089988905,136.6437497082105,0,0,0,0,0,0
123.99995039998967,230.57516479492188,-345.1831359863281,340.4915466308594,136.64788899580856,0.0,0.0,0.7962149567902088,8,2,2,28,16,80,56,13,4,16,2,4,59,1,0,230.57516726426888,-345.1831404486717,136.64788899580856,0,0,0,0,0,0
124.08328369998966,230.5309600830078,-345.23211669921875,340.48870849609375,136.6499549835728,0.0,0.0,0.7958443835377693,8,2,2,28,16,80,56,13,4,16,2,4,59,1,0,230.53095548863487,-345.23211848952616,136.6499549835728,0,0,0,0,0,0
124.20828364998965,230.4645538330078,-345.30548095703125,340.48443603515625,136.65304079107574,0.0,0.0,0.7955771870911121,8,2,2,28,16,80,56,13,4,16,2,4,59,1,0,230.4645570123346,-345.3054764732471,136.65304079107574,0,0,0,0,0,0
124.33328359998964,230.39808654785156,-345.3786926269531,340.48016357421875,136.65612411501266,0.0,0.0,0.7952974177896976,8,2,2,28,16,80,56,13,4,16,2,4,59,1,0,230.39808310055895,-345.3786964962691,136.65612411501266,0,0,0,0,0,0
124.41661689998963,230.353759765625,-345.427490234375,340.4773254394531,136.6581707886724,0.0,0.0,0.795133039355278,8,2,2,28,16,80,56,13,4,16,2,4,59,1,0,230.35376155961544,-345.4274881743548,136.6581707886724,0,0,0,0,0,0
124.54161684998962,230.28726196289062,-345.50067138671875,340.4730224609375,136.66124445579598,0.0,0.0,0.7951534353196621,8,2,2,28,16,80,56,13,4,16,2,4,59,1,0,230.2872643185582,-345.50067117037275,136.66124445579598,0,0,0,0,0,0
124.70828344998961,230.19873046875,-345.5982666015625,340.46734619140625,136.66531614507585,0.0,0.0,0.7944346405565739,8,2,2,28,16,80,56,13,4,16,2,4,59,1,0,230.19873410779263,-345.59825798803286,136.66531614507585,0,0,0,0,0,0
124.8749500499896,230.1103515625,-345.69586181640625,340.4616394042969,136.66936852061602,0.0,0.0,0.7940440438687801,8,2,2,28,16,80,56,13,4,16,2,4,59,1,0,230.11034958893597,-345.6958491260136,136.66936852061602,0,0,0,0,0,0
124.99994999998958,230.0441436767578,-345.76904296875,340.4573669433594,136.6723962467105,0.0,0.0,0.7935612462460995,8,2,2,28,16,80,56,13,4,16,2,4,59,1,0,230.04415014533964,-345.7690513692671,136.6723962467105,0,0,0,0,0,0
125.08328329998957,230.0000457763672,-345.8179016113281,340.4544982910156,136.67440912099752,0.0,0.0,0.7938181050121784,8,2,2,28,16,80,56,13,4,16,2,4,59,1,0,230.000049285493,-345.81788854192,136.67440912099752,0,0,0,0,0,0
125.20828324998956,229.93382263183594,-345.8910217285156,340.4502258300781,136.6774296751314,0.0,0.0,0.7935433648526669,8,2,2,28,16,80,56,13,4,16,2,4,59,1,0,229.93382873940376,-345.8910127069142,136.6774296751314,0,0,0,0,0,0
125.33328319998955,229.86767578125,-345.9642333984375,340.4459533691406,136.68043091529594,0.0,0.0,0.7932844571769238,8,2,2,28,16,80,56,13,4,16,2,4,59,1,0,229.86767922239767,-345.96422889071323,136.68043091529594,0,0,0,0,0,0
125.45828314998954,229.80160522460938,-346.03741455078125,340.4416809082031,136.68342732728178,0.0,0.0,0.7926908321678638,8,2,2,28,16,80,56,13,4,16,2,4,59,1,0,229.80159806333077,-346.0374051853235,136.68342732728178,0,0,0,0,0,0
125.62494974998953,229.71348571777344,-346.1348876953125,340.43597412109375,136.68740230631434,0.0,0.0,0.7923082448542118,8,2,2,28,16,80,56,13,4,16,2,4,59,1,0,229.7134832903245,-346.1348826702858,136.68740230631434,0,0,0,0,0,0
125.70828304998952,229.66941833496094,-346.1836242675781,340.43310546875,136.6893742098917,0.0,0.0,0.792553648352623,8,2,2,28,16,80,56,13,4,16,2,4,59,1,0,229.66941861875875,-346.1836110409616,136.6893742098917,0,0,0,0,0,0
125.8332829999895,229.60333251953125,-346.2567138671875,340.4288024902344,136.69232950892103,0.0,0.0,0.7924876175820827,8,2,2,28,16,80,56,13,4,16,2,4,59,1,0,229.60333717885888,-346.25669888773206,136.69232950892103,0,0,0,0,0,0
125.99994959998949,229.51519775390625,-346.3541259765625,340.4230651855469,136.6962490319369,0.0,0.0,0.7922502234578133,8,2,2,28,16,80,56,13,4,16,2,4,59,1,0,229.5152035989904,-346.3541186295196,136.6962490319369,0,0,0,0,0,0
126.12494954998948,229.44912719726562,-346.4271545410156,340.4187927246094,136.6991705318068,0.0,0.0,0.79170698300004,8,2,2,28,16,80,56,13,4,16,2,4,59,1,0,229.44911988290096,-346.4271409093088,136.6991705318068,0,0,0,0,0,0
126.24994949998947,229.38302612304688,-346.5000915527344,340.41448974609375,136.702079888892,0.0,0.0,0.7910658605396748,8,2,2,28,16,80,56,13,4,16,2,4,59,1,0,229.38303257168872,-346.5000860756755,136.702079888892,0,0,0,0,0,0
126.41661609998945,229.29476928710938,-346.5971984863281,340.40875244140625,136.70595112803144,0.0,0.0,0.7917015813291073,8,2,2,28,16,80,56,13,4,16,2,4,59,1,0,229.29476185206195,-346.59719194950725,136.70595112803144,0,0,0,0,0,0
126.54161604998944,229.228515625,-346.66998291015625,340.4044494628906,136.70884365771062,0.0,0.0,0.7914591580629349,8,2,2,28,16,80,56,13,4,16,2,4,59,1,0,229.2285088348766,-346.66997536888067,136.70884365771062,0,0,0,0,0,0
126.66661599998943,229.16213989257812,-346.7426452636719,340.400146484375,136.71172170218682,0.0,0.0,0.7913346402347088,8,2,2,28,16,80,56,13,4,16,2,4,59,1,0,229.16213796090247,-346.74265257819906,136.71172170218682,0,0,0,0,0,0
126.79161594998942,229.0957794189453,-346.8153381347656,340.3958740234375,136.71457794649163,0.0,0.0,0.7910624146461487,8,2,2,28,16,80,56,13,4,16,2,4,59,1,0,229.0957850910869,-346.81533117699416,136.71457794649163,0,0,0,0,0,0
126.91661589998941,229.0293731689453,-346.887939453125,340.39154052734375,136.71743667757954,0.0,0.0,0.7912975735962391,8,2,2,28,16,80,56,13,4,16,2,4,59,1,0,229.0293726001661,-346.8879286236962,136.71743667757954,0,0,0,0,0,0
127.0416158499894,228.9629364013672,-346.9605407714844,340.3872375488281,136.7202809235811,0.0,0.0,0.7913464680314064,8,2,2,28,16,80,56,13,4,16,2,4,59,1,0,228.96294114062843,-346.9605452479023,136.7202809235811,0,0,0,0,0,0
127.20828244998938,228.8743896484375,-347.0573425292969,340.3815002441406,136.72403379542095,0.0,0.0,0.7906995713710785,8,2,2,28,16,80,56,13,4,16,2,4,59,1,0,228.8743880703769,-347.05733178009825,136.72403379542095,0,0,0,0,0,0
127.33328239998937,228.80796813964844,-347.1298522949219,340.377197265625,136.7268320990992,0.0,0.0,0.7907490245997906,8,2,2,28,16,80,56,13,4,16,2,4,59,1,0,228.80796294342193,-347.12985975948163,136.7268320990992,0,0,0,0,0,0
127.37494904998937,228.78582763671875,-347.154052734375,340.3757629394531,136.72776486704964,0.0,0.0,0.7909470237791538,8,2,2,28,16,80,56,13,4,16,2,4,59,1,0,228.78582428362702,-347.1540448826185,136.72776486704964,0,0,0,0,0,0
127.49994899998936,228.71939086914062,-347.2266540527344,340.37139892578125,136.73054868568755,0.0,0.0,0.7914802059531212,8,2,2,28,16,80,56,13,4,16,2,4,59,1,0,228.71939777877265,-347.22664413319615,136.73054868568755,0,0,0,0,0,0
127.62494894998935,228.65298461914062,-347.29925537109375,340.3670654296875,136.73332767615273,0.0,0.0,0.7910621352493763,8,2,2,28,16,80,56,13,4,16,2,4,59,1,0,228.65299021825635,-347.29926868731417,136.73332767615273,0,0,0,0,0,0
127.74994889998933,228.5865936279297,-347.3718566894531,340.3627624511719,136.73608252466735,0.0,0.0,0.7907726801931858,8,2,2,28,16,80,56,13,4,16,2,4,59,1,0,228.58659170175633,-347.37184241347643,136.73608252466735,0,0,0,0,0,0
127.87494884998932,228.52017211914062,-347.4443664550781,340.3584289550781,136.73881805975935,0.0,0.0,0.7906627841293812,8,2,2,28,16,80,56,13,4,16,2,4,59,1,0,228.52017409502935,-347.44436560898464,136.73881805975935,0,0,0,0,0,0
127.99994879998931,228.45364379882812,-347.5168151855469,340.3540954589844,136.7415535952284,0.0,0.0,0.7909780368208885,8,2,2,28,16,80,56,13,4,16,2,4,59,1,0,228.45364987362112,-347.5168083366224,136.7415535952284,0,0,0,0,0,0
128.1249487499893,228.38690185546875,-347.58905029296875,340.3497314453125,136.7442794742093,0.0,0.0,0.7909337989985943,8,2,2,28,16,80,56,13,4,16,2,4,59,1,0,228.3869009938972,-347.58906064630537,136.7442794742093,0,0,0,0,0,0
128.2082820499893,228.34239196777344,-347.6372375488281,340.3468322753906,136.74607975400212,0.0,0.0,0.7911794818937778,8,2,2,28,16,80,56,13,4,16,2,4,59,1,0,228.34238516879702,-347.6372347502014,136.74607975400212,0,0,0,0,0,0
128.33328199998928,228.27523803710938,-347.7089538574219,340.3424987792969,136.74868477572008,0.0,0.0,0.789398793131113,8,2,2,28,16,80,56,13,4,16,2,4,59,1,0,228.27524461258864,-347.70896281509533,136.74868477572008,0,0,0,0,0,0
128.49994859998927,228.18438720703125,-347.80328369140625,340.3366394042969,136.75211868177539,0.0,0.0,0.7897729985415936,8,2,2,28,16,80,56,13,4,16,2,4,59,1,0,228.18438354042837,-347.80327752753254,136.75211868177539,0,0,0,0,0,0
128.62494854998926,228.11538696289062,-347.8733825683594,340.332275390625,136.7546995620492,0.0,0.0,0.7913761772215366,8,2,2,28,16,80,56,13,4,16,2,4,59,1,0,228.1153934141285,-347.8733952100428,136.7546995620492,0,0,0,0,0,0
128.79161514998924,228.0227813720703,-347.96649169921875,340.32647705078125,136.7581286404988,0.0,0.0,0.7921673357486725,8,2,2,28,16,80,56,13,4,16,2,4,59,1,0,228.0227859475786,-347.9665062097317,136.7581286404988,0,0,0,0,0,0
128.91661509998923,227.9532470703125,-348.03631591796875,340.3221435546875,136.76068055107382,0.0,0.0,0.792182981967926,8,2,2,28,16,80,56,13,4,16,2,4,59,1,0,227.9532493799698,-348.03632739038284,136.76068055107382,0,0,0,0,0,0
129.04161504998922,227.88388061523438,-348.10638427734375,340.31781005859375,136.76322031671393,0.0,0.0,0.7927319966256618,8,2,2,28,16,80,56,13,4,16,2,4,59,1,0,227.88388680136453,-348.10638159666354,136.76322031671393,0,0,0,0,0,0
129.1666149999892,227.81491088867188,-348.1768493652344,340.31341552734375,136.76574076900155,0.0,0.0,0.7926617749035358,8,2,2,28,16,80,56,13,4,16,2,4,59,1,0,227.81491079227538,-348.1768599433,136.76574076900155,0,0,0,0,0,0
129.3332815999892,227.72377014160156,-348.27154541015625,340.3075866699219,136.7690925948938,0.0,0.0,0.7920712232589722,8,2,2,28,16,80,56,13,4,16,2,4,59,1,0,227.7237726703413,-348.2715425309179,136.7690925948938,0,0,0,0,0,0
129.45828154998918,227.6560516357422,-348.3431091308594,340.30322265625,136.77158407755493,0.0,0.0,0.7919060997664928,8,2,2,28,16,80,56,13,4,16,2,4,59,1,0,227.65605407066428,-348.3431191011642,136.77158407755493,0,0,0,0,0,0
129.58328149998917,227.5889892578125,-348.415283203125,340.298828125,136.77403210528087,0.0,0.0,0.7919474504888058,8,2,2,28,16,80,56,13,4,16,2,4,59,1,0,227.58898177881966,-348.41527375052596,136.77403210528087,0,0,0,0,0,0
129.70828144998916,227.5223846435547,-348.4879455566406,340.2944030761719,136.77648979003413,0.0,0.0,0.7922104559838772,8,2,2,28,16,80,56,13,4,16,2,4,59,1,0,227.52238769830325,-348.4879383600434,136.77648979003413,0,0,0,0,0,0
129.83328139998915,227.4561767578125,-348.5609436035156,340.2899475097656,136.77891850504923,0.0,0.0,0.7922536693513393,8,2,2,28,16,80,56,13,4,16,2,4,59,1,0,227.45617414114685,-348.56093156495535,136.77891850504923,0,0,0,0,0,0
129.87494804998914,227.43417358398438,-348.5853271484375,340.2884826660156,136.77972324846453,0.0,0.0,0.7921301759779453,8,2,2,28,16,80,56,13,4,16,2,4,59,1,0,227.43417784165717,-348.5853320099636,136.77972324846453,0,0,0,0,0,0
129.99994799998913,227.3683319091797,-348.65863037109375,340.2840576171875,136.78212050469804,0.0,0.0,0.7921690121293068,8,2,2,28,16,80,56,13,4,16,2,4,59,1,0,227.36832674202932,-348.6586417675316,136.78212050469804,0,0,0,0,0,0
130.12494794998912,227.3025360107422,-348.7320556640625,340.27960205078125,136.7845105938867,0.0,0.0,0.7923192344605923,8,2,2,28,16,80,56,13,4,16,2,4,59,1,0,227.30254316442316,-348.73204586575855,136.7845105938867,0,0,0,0,0,0
130.2499478999891,227.23666381835938,-348.80535888671875,340.2751770019531,136.7868885373997,0.0,0.0,0.7922474294900894,8,2,2,28,16,80,56,13,4,16,2,4,59,1,0,227.23665902356035,-348.80534985323044,136.7868885373997,0,0,0,0,0,0
130.3749478499891,227.1705780029297,-348.8785400390625,340.2707214355469,136.78925199623075,0.0,0.0,0.7926867343485355,8,2,2,28,16,80,56,13,4,16,2,4,59,1,0,227.17058258394277,-348.8785372199896,136.78925199623075,0,0,0,0,0,0
130.4999477999891,227.10426330566406,-348.9515380859375,340.2662658691406,136.79159863178432,0.0,0.0,0.7927879691123962,8,2,2,28,16,80,56,13,4,16,2,4,59,1,0,227.10426292750125,-348.95152519357976,136.79159863178432,0,0,0,0,0,0
130.62494774998908,227.03756713867188,-349.024169921875,340.2618408203125,136.79392829318502,0.0,0.0,0.7927154190838337,8,2,2,28,16,80,56,13,4,16,2,4,59,1,0,227.03756470819025,-349.0241602691637,136.79392829318502,0,0,0,0,0,0
130.70828104998907,226.99290466308594,-349.07244873046875,340.25885009765625,136.79547003404969,0.0,0.0,0.7929094135761261,8,2,2,28,16,80,56,13,4,16,2,4,59,1,0,226.9929059361377,-349.072445328794,136.79547003404969,0,0,0,0,0,0
130.83328099998906,226.92552185058594,-349.1445007324219,340.2544250488281,136.79778038274773,0.0,0.0,0.7934188470244408,8,2,2,28,16,80,56,13,4,16,2,4,59,1,0,226.92551648372694,-349.1445132853519,136.79778038274773,0,0,0,0,0,0
130.99994759998904,226.83486938476562,-349.2400207519531,340.24847412109375,136.80085435996452,0.0,0.0,0.7939951494336128,8,2,2,28,16,80,56,13,4,16,2,4,59,1,0,226.8348676228483,-349.2400292029429,136.80085435996452,0,0,0,0,0,0
131.12494754998903,226.7664031982422,-349.3112487792969,340.2440490722656,136.8031525627996,0.0,0.0,0.793975219130516,8,2,2,28,16,80,56,13,4,16,2,4,59,1,0,226.76639773981347,-349.3112498974592,136.8031525627996,0,0,0,0,0,0
131.24994749998902,226.6976318359375,-349.3821716308594,340.2396545410156,136.80543145274532,0.0,0.0,0.7939541712403297,8,2,2,28,16,80,56,13,4,16,2,4,59,1,0,226.69763318010183,-349.3821848421949,136.80543145274532,0,0,0,0,0,0
131.374947449989,226.6287078857422,-349.4530029296875,340.2352294921875,136.80770551466804,0.0,0.0,0.7945582270622253,8,2,2,28,16,80,56,13,4,16,2,4,59,1,0,226.62870531540952,-349.45300062910604,136.80770551466804,0,0,0,0,0,0
131.499947399989,226.5596160888672,-349.5237121582031,340.2308044433594,136.8099650920534,0.0,0.0,0.7947651669383049,8,2,2,28,16,80,56,13,4,16,2,4,59,1,0,226.55961371923402,-349.5237161237478,136.8099650920534,0,0,0,0,0,0
131.583280699989,226.5135498046875,-349.5708923339844,340.22784423828125,136.81146104135462,0.0,0.0,0.7948574610054493,8,2,2,28,16,80,56,13,4,16,2,4,59,1,0,226.51354379420025,-349.57088140157674,136.81146104135462,0,0,0,0,0,0
131.70828064998898,226.44459533691406,-349.64178466796875,340.2234191894531,136.81368915915317,0.0,0.0,0.795096717774868,8,2,2,28,16,80,56,13,4,16,2,4,59,1,0,226.44458820467054,-349.64178011080935,136.81368915915317,0,0,0,0,0,0
131.83328059998897,226.37649536132812,-349.7140197753906,340.2189636230469,136.81606227759042,0.0,0.0,0.7986393757164478,8,2,2,28,16,80,56,13,4,16,2,4,59,1,0,226.37649977799782,-349.7140258320953,136.81606227759042,0,0,0,0,0,0
131.99994719998895,226.288818359375,-349.8133850097656,340.2131042480469,136.8192451229375,0.0,0.0,0.7989143021404743,8,2,2,28,16,80,56,13,4,16,2,4,59,1,0,226.28881848409574,-349.81337548401643,136.8192451229375,0,0,0,0,0,0
132.12494714998894,226.2249755859375,-349.88946533203125,340.2086486816406,136.8215917634724,0.0,0.0,0.7981783710420132,8,2,2,28,16,80,56,13,4,16,2,4,59,1,0,226.22497156248477,-349.8894797797489,136.8215917634724,0,0,0,0,0,0
132.24994709998893,226.16220092773438,-349.9664611816406,340.2041015625,136.82390694407485,0.0,0.0,0.7980447262525558,8,2,2,28,16,80,56,13,4,16,2,4,59,1,0,226.16220348018695,-349.96646559790554,136.82390694407485,0,0,0,0,0,0
132.37494704998892,226.09982299804688,-350.04364013671875,340.1995544433594,136.82620047494484,0.0,0.0,0.7973098196089268,8,2,2,28,16,80,56,13,4,16,2,4,59,1,0,226.099815999006,-350.04365171264453,136.82620047494484,0,0,0,0,0,0
132.4999469999889,226.03726196289062,-350.12060546875,340.1950378417969,136.82846254587454,0.0,0.0,0.7967169396579266,8,2,2,28,16,80,56,13,4,16,2,4,59,1,0,226.03726013599913,-350.1206114044264,136.82846254587454,0,0,0,0,0,0
132.6249469499889,225.97413635253906,-350.197021484375,340.1905212402344,136.83069315668098,0.0,0.0,0.796234980225563,8,2,2,28,16,80,56,13,4,16,2,4,59,1,0,225.974134441023,-350.1970116253109,136.83069315668098,0,0,0,0,0,0
132.74994689998888,225.91000366210938,-350.27252197265625,340.18597412109375,136.8329214309216,0.0,0.0,0.796146597713232,8,2,2,28,16,80,56,13,4,16,2,4,59,1,0,225.91000914049067,-350.27252146418044,136.8329214309216,0,0,0,0,0,0
132.87494684998887,225.8446502685547,-350.34698486328125,340.1814270019531,136.83514238598372,0.0,0.0,0.7965289056301117,8,2,2,28,16,80,56,13,4,16,2,4,59,1,0,225.84464777542684,-350.346971613219,136.83514238598372,0,0,0,0,0,0
133.04161344998886,225.75534057617188,-350.44439697265625,340.1754150390625,136.83809083632272,0.0,0.0,0.7968446239829063,8,2,2,28,16,80,56,13,4,16,2,4,59,1,0,225.755348193366,-350.4443868256529,136.83809083632272,0,0,0,0,0,0
133.16661339998885,225.6868133544922,-350.5160827636719,340.17095947265625,136.84028033135775,0.0,0.0,0.7972854189574718,8,2,2,28,16,80,56,13,4,16,2,4,59,1,0,225.68681867789832,-350.5160796295792,136.84028033135775,0,0,0,0,0,0
133.20828004998884,225.66371154785156,-350.53973388671875,340.16949462890625,136.8410101630729,0.0,0.0,0.7970199920237064,8,2,2,28,16,80,56,13,4,16,2,4,59,1,0,225.6637078579197,-350.5397191550401,136.8410101630729,0,0,0,0,0,0
133.33327999998883,225.59361267089844,-350.6101379394531,340.1650085449219,136.84320215010246,0.0,0.0,0.7989250123500824,8,2,2,28,16,80,56,13,4,16,2,4,59,1,0,225.59361774763502,-350.6101265889674,136.84320215010246,0,0,0,0,0,0
133.45827994998882,225.5227508544922,-350.6799621582031,340.1605529785156,136.84538681742757,0.0,0.0,0.7998424582183361,8,2,2,28,16,80,56,13,4,16,2,4,59,1,0,225.52275792336172,-350.67994938370845,136.84538681742757,0,0,0,0,0,0
133.5832798999888,225.4513702392578,-350.74932861328125,340.1561279296875,136.84755217224605,0.0,0.0,0.8003358729183674,8,2,2,28,16,80,56,13,4,16,2,4,59,1,0,225.45137329301022,-350.7493337038442,136.84755217224605,0,0,0,0,0,0
133.7082798499888,225.37974548339844,-350.81854248046875,340.1517028808594,136.84971269910358,0.0,0.0,0.8007324300706387,8,2,2,28,16,80,56,13,4,16,2,4,59,1,0,225.3797402631803,-350.8185476512248,136.84971269910358,0,0,0,0,0,0
133.8332797999888,225.30809020996094,-350.8878173828125,340.1472473144531,136.85185391354378,0.0,0.0,0.8013430051505566,8,2,2,28,16,80,56,13,4,16,2,4,59,1,0,225.30808347589374,-350.88782794512883,136.85185391354378,0,0,0,0,0,0
133.95827974998878,225.2367706298828,-350.9573974609375,340.1427917480469,136.85399512822826,0.0,0.0,0.8003456518054008,8,2,2,28,16,80,56,13,4,16,2,4,59,1,0,225.23677333619852,-350.9574095516274,136.85399512822826,0,0,0,0,0,0
134.04161304998877,225.1894989013672,-351.0040283203125,340.13983154296875,136.855413675013,0.0,0.0,0.800420343875885,8,2,2,28,16,80,56,13,4,16,2,4,59,1,0,225.1894990096989,-351.00404048540395,136.855413675013,0,0,0,0,0,0
134.20827964998875,225.0958251953125,-351.09808349609375,340.1339111328125,136.85821230010683,0.0,0.0,0.7996355183422565,8,2,2,28,16,80,56,13,4,16,2,4,59,1,0,225.09582665256534,-351.09809865166187,136.85821230010683,0,0,0,0,0,0
134.33327959998874,225.02647399902344,-351.1693420410156,340.1294250488281,136.86029308539418,0.0,0.0,0.7986929267644882,8,2,2,28,16,80,56,13,4,16,2,4,59,1,0,225.0264722507879,-351.1693477212373,136.86029308539418,0,0,0,0,0,0
134.45827954998873,224.95779418945312,-351.24114990234375,340.12493896484375,136.86235705090925,0.0,0.0,0.798406545072794,8,2,2,28,16,80,56,13,4,16,2,4,59,1,0,224.95779783240275,-351.2411584671689,136.86235705090925,0,0,0,0,0,0
134.62494614998872,224.8671112060547,-351.3377380371094,340.118896484375,136.86507344208795,0.0,0.0,0.798681378364563,8,2,2,28,16,80,56,13,4,16,2,4,59,1,0,224.8671119951,-351.3377324122825,136.86507344208795,0,0,0,0,0,0
134.7499460999887,224.79965209960938,-351.4107360839844,340.1143798828125,136.86709395531875,0.0,0.0,0.7987196557223797,8,2,2,28,16,80,56,13,4,16,2,4,59,1,0,224.79964978116075,-351.4107215194364,136.86709395531875,0,0,0,0,0,0
134.8749460499887,224.732666015625,-351.4842224121094,340.1098327636719,136.86910231995972,0.0,0.0,0.7994136773049831,8,2,2,28,16,80,56,13,4,16,2,4,59,1,0,224.73266911168346,-351.48422415753055,136.86910231995972,0,0,0,0,0,0
134.99994599998868,224.66644287109375,-351.5584411621094,340.10528564453125,136.87108654438856,0.0,0.0,0.7990741170942783,8,2,2,28,16,80,56,13,4,16,2,4,59,1,0,224.6664435449675,-351.5584473068338,136.87108654438856,0,0,0,0,0,0
135.12494594998867,224.6006622314453,-351.6329650878906,340.1007385253906,136.87305861998283,0.0,0.0,0.7984043098986149,8,2,2,28,16,80,56,13,4,16,2,4,59,1,0,224.60066787988757,-351.63296476930316,136.87305861998283,0,0,0,0,0,0
135.24994589998866,224.53518676757812,-351.70770263671875,340.0961608886719,136.87501138341193,0.0,0.0,0.7984443567693233,8,2,2,28,16,80,56,13,4,16,2,4,59,1,0,224.53518456401378,-351.70770953267095,136.87501138341193,0,0,0,0,0,0
135.37494584998865,224.4696807861328,-351.782470703125,340.091552734375,136.87695215597859,0.0,0.0,0.7987241260707378,8,2,2,28,16,80,56,13,4,16,2,4,59,1,0,224.46968414408045,-351.78246010051197,136.87695215597859,0,0,0,0,0,0
135.54161244998863,224.3819122314453,-351.8818054199219,340.0854187011719,136.87951887890364,0.0,0.0,0.7989488542079926,8,2,2,28,16,80,56,13,4,16,2,4,59,1,0,224.3819193163947,-351.8817945133155,136.87951887890364,0,0,0,0,0,0
135.70827904998862,224.29345703125,-351.98052978515625,340.0793151855469,136.88206379683223,0.0,0.0,0.7990815676748753,8,2,2,28,16,80,56,13,4,16,2,4,59,1,0,224.29344990648903,-351.980522180752,136.88206379683223,0,0,0,0,0,0
135.8749456499886,224.20394897460938,-352.07843017578125,340.0732116699219,136.88460622180682,0.0,0.0,0.8000152185559273,8,2,2,28,16,80,56,13,4,16,2,4,59,1,0,224.2039416955805,-352.078420959347,136.88460622180682,0,0,0,0,0,0
136.0416122499886,224.11341857910156,-352.17547607421875,340.0671081542969,136.8871463125853,0.0,0.0,0.7998884655535221,8,2,2,28,16,80,56,13,4,16,2,4,59,1,0,224.1134211134425,-352.17547977698786,136.8871463125853,0,0,0,0,0,0
136.16661219998858,224.04476928710938,-352.2475891113281,340.0625915527344,136.88903631322015,0.0,0.0,0.8000454865396023,8,2,2,28,16,80,56,13,4,16,2,4,59,1,0,224.04477375736113,-352.24757895970504,136.88903631322015,0,0,0,0,0,0
136.29161214998857,223.97564697265625,-352.3193054199219,340.05804443359375,136.89090684258957,0.0,0.0,0.8006817661225796,8,2,2,28,16,80,56,13,4,16,2,4,59,1,0,223.97564462258995,-352.31929220999695,136.89090684258957,0,0,0,0,0,0
136.41661209998855,223.90609741210938,-352.39068603515625,340.0534973144531,136.89277753158305,0.0,0.0,0.8012069389224052,8,2,2,28,16,80,56,13,4,16,2,4,59,1,0,223.9061031190975,-352.3906935122843,136.89277753158305,0,0,0,0,0,0
136.54161204998854,223.83627319335938,-352.4618835449219,340.0489501953125,136.8946553831705,0.0,0.0,0.8015821687877178,8,2,2,28,16,80,56,13,4,16,2,4,59,1,0,223.83627373788687,-352.4618982472528,136.8946553831705,0,0,0,0,0,0
136.70827864998853,223.7429656982422,-352.5567321777344,340.0428771972656,136.89713753939205,0.0,0.0,0.8017821237444878,8,2,2,28,16,80,56,13,4,16,2,4,59,1,0,223.74296189211572,-352.556723260477,136.89713753939205,0,0,0,0,0,0
136.83327859998852,223.6729736328125,-352.6278076171875,340.0383605957031,136.89898642334944,0.0,0.0,0.8014815859496593,8,2,2,28,16,80,56,13,4,16,2,4,59,1,0,223.67296865999654,-352.62779719375783,136.89898642334944,0,0,0,0,0,0
136.9582785499885,223.6031036376953,-352.698974609375,340.0338134765625,136.90081350131425,0.0,0.0,0.8013682439923286,8,2,2,28,16,80,56,13,4,16,2,4,59,1,0,223.60310735547463,-352.69898600201543,136.90081350131425,0,0,0,0,0,0
137.0832784999885,223.5334014892578,-352.7702941894531,340.0292663574219,136.90262376152577,0.0,0.0,0.8019189350306988,8,2,2,28,16,80,56,13,4,16,2,4,59,1,0,223.53339527819222,-352.77030011863263,136.90262376152577,0,0,0,0,0,0
137.20827844998848,223.46392822265625,-352.8419189453125,340.0246887207031,136.90443152778266,0.0,0.0,0.802304781973362,8,2,2,28,16,80,56,13,4,16,2,4,59,1,0,223.46393231186048,-352.84192667765876,136.90443152778266,0,0,0,0,0,0
137.33327839998847,223.39476013183594,-352.9139099121094,340.0201110839844,136.90623446619657,0.0,0.0,0.8020593784749508,8,2,2,28,16,80,56,13,4,16,2,4,59,1,0,223.39476372604076,-352.9139212168718,136.90623446619657,0,0,0,0,0,0
137.37494504998847,223.3717803955078,-352.93798828125,340.0185852050781,136.9068314491528,0.0,0.0,0.8018399588763714,8,2,2,28,16,80,56,13,4,16,2,4,59,1,0,223.37178647118034,-352.93797422022334,136.9068314491528,0,0,0,0,0,0
137.54161164998845,223.2801971435547,-353.0344543457031,340.01251220703125,136.90920240287252,0.0,0.0,0.8015519939363003,8,2,2,28,16,80,56,13,4,16,2,4,59,1,0,223.28019903341095,-353.03444571380334,136.90920240287252,0,0,0,0,0,0
137.70827824998844,223.18905639648438,-353.1313171386719,340.00640869140625,136.9115540450473,0.0,0.0,0.8013496175408363,8,2,2,28,16,80,56,13,4,16,2,4,59,1,0,223.1890588360208,-353.1313032379437,136.9115540450473,0,0,0,0,0,0
137.83327819998843,223.12088012695312,-353.2041320800781,340.0018005371094,136.9133087043532,0.0,0.0,0.8016075938940048,8,2,2,28,16,80,56,13,4,16,2,4,59,1,0,223.1208856290955,-353.20411770627396,136.9133087043532,0,0,0,0,0,0
137.95827814998842,223.05279541015625,-353.27703857421875,339.9971923828125,136.91506336391748,0.0,0.0,0.8015688508749008,8,2,2,28,16,80,56,13,4,16,2,4,59,1,0,223.05279982808025,-353.277029461521,136.91506336391748,0,0,0,0,0,0
138.1249447499884,222.9621124267578,-353.37432861328125,339.9910888671875,136.91736906062258,0.0,0.0,0.8014483377337456,8,2,2,28,16,80,56,13,4,16,2,4,59,1,0,222.96211662805266,-353.37433805252545,136.91736906062258,0,0,0,0,0,0
138.2082780499884,222.91680908203125,-353.42303466796875,339.9880065917969,136.9185099200298,0.0,0.0,0.8015565574169159,8,2,2,28,16,80,56,13,4,16,2,4,59,1,0,222.91680392876577,-353.42301959087115,136.9185099200298,0,0,0,0,0,0
138.33327799998838,222.8487548828125,-353.4959716796875,339.9833984375,136.92021380570083,0.0,0.0,0.8012993261218071,8,2,2,28,16,80,56,13,4,16,2,4,59,1,0,222.8487621685114,-353.4959576755766,136.92021380570083,0,0,0,0,0,0
138.49994459998837,222.75790405273438,-353.5930480957031,339.9772644042969,136.92249053555793,0.0,0.0,0.8014765568077564,8,2,2,28,16,80,56,13,4,16,2,4,59,1,0,222.75790061586872,-353.5930548590574,136.92249053555793,0,0,0,0,0,0
138.66661119998835,222.66664123535156,-353.6899108886719,339.9710998535156,136.9247697609799,0.0,0.0,0.8020110428333282,8,2,2,28,16,80,56,13,4,16,2,4,59,1,0,222.6666443482674,-353.6899078114955,136.9247697609799,0,0,0,0,0,0
138.79161114998834,222.59805297851562,-353.762451171875,339.96649169921875,136.92645666844612,0.0,0.0,0.8021661080420017,8,2,2,28,16,80,56,13,4,16,2,4,59,1,0,222.59805463140717,-353.762452266931,136.92645666844612,0,0,0,0,0,0
138.95827774998833,222.5063934326172,-353.85894775390625,339.96038818359375,136.92868994790945,0.0,0.0,0.8020722307264805,8,2,2,28,16,80,56,13,4,16,2,4,59,1,0,222.50639842368662,-353.85895593941933,136.92868994790945,0,0,0,0,0,0
139.04161104998832,222.46038818359375,-353.9068298339844,339.95733642578125,136.9297292592508,0.0,0.0,0.7987524382770061,8,2,2,28,16,80,56,13,4,16,2,4,59,1,0,222.46039293026945,-353.9068237724778,136.9297292592508,0,0,0,0,0,0
139.2082776499883,222.36582946777344,-353.999755859375,339.95111083984375,136.93163141794935,0.0,0.0,0.7995003834366798,8,2,2,28,16,80,56,13,4,16,2,4,59,1,0,222.3658313504081,-353.9997559406281,136.93163141794935,0,0,0,0,0,0
139.3332775999883,222.29299926757812,-354.0678405761719,339.9464416503906,136.9330572911593,0.0,0.0,0.8023833855986595,8,2,2,28,16,80,56,13,4,16,2,4,59,1,0,222.29299952544972,-354.0678506705862,136.9330572911593,0,0,0,0,0,0
139.45827754998828,222.2188720703125,-354.1349792480469,339.9418640136719,136.93450263921258,0.0,0.0,0.8044661022722721,8,2,2,28,16,80,56,13,4,16,2,4,59,1,0,222.21887183728967,-354.1349780610884,136.93450263921258,0,0,0,0,0,0
139.62494414998827,222.11892700195312,-354.22369384765625,339.93585205078125,136.9364457545892,0.0,0.0,0.8059986867010593,8,2,2,28,16,80,56,13,4,16,2,4,59,1,0,222.11892747347034,-354.2236954289456,136.9364457545892,0,0,0,0,0,0
139.79161074998825,222.0189666748047,-354.3126220703125,339.9297790527344,136.93843481713748,0.0,0.0,0.8055471815168858,8,2,2,28,16,80,56,13,4,16,2,4,59,1,0,222.01896330002614,-354.312636589778,136.93843481713748,0,0,0,0,0,0
139.87494404998824,221.96925354003906,-354.3573303222656,339.9267272949219,136.9394233544455,0.0,0.0,0.8055263198912144,8,2,2,28,16,80,56,13,4,16,2,4,59,1,0,221.9692461109887,-354.35732892174127,136.9394233544455,0,0,0,0,0,0
139.95827734998824,221.91993713378906,-354.40240478515625,339.9237060546875,136.9403974080738,0.0,0.0,0.804936233907938,8,2,2,28,16,80,56,13,4,16,2,4,59,1,0,221.91994397406614,-354.402414201722,136.9403974080738,0,0,0,0,0,0
140.12494394998822,221.82289123535156,-354.4940490722656,339.9176330566406,136.94231888023558,0.0,0.0,0.8035829290747643,8,2,2,28,16,80,56,13,4,16,2,4,59,1,0,221.8228977243264,-354.4940376170807,136.94231888023558,0,0,0,0,0,0
140.2499438999882,221.75172424316406,-354.564208984375,339.91302490234375,136.94374008989965,0.0,0.0,0.8025100454688072,8,2,2,28,16,80,56,13,4,16,2,4,59,1,0,221.75172920130618,-354.56420333604456,136.94374008989965,0,0,0,0,0,0
140.4166104999882,221.6617889404297,-354.6578063964844,339.9070129394531,136.94478423071217,0.0,0.0,0.7481819950044155,8,2,2,28,16,80,56,13,4,16,2,4,59,1,0,221.66179631369008,-354.65780144827136,136.94478423071217,0,0,0,0,0,0
140.58327709998818,221.58294677734375,-354.7498779296875,339.9005432128906,136.94404506795522,0.0,0.0,0.7224350702017546,8,2,2,28,16,80,56,13,4,16,2,4,59,1,0,221.58294602205362,-354.749872058422,136.94404506795522,0,0,0,0,0,0
140.70827704998817,221.529296875,-354.8228454589844,339.89617919921875,136.94346539008902,0.0,0.0,0.733247259631753,8,2,2,28,16,80,56,13,4,16,2,4,59,1,0,221.5293031815219,-354.822854613917,136.94346539008902,0,0,0,0,0,0
140.87494364998815,221.46542358398438,-354.927734375,339.8906555175781,136.9426151846023,0.0,0.0,0.7491375785320997,8,2,2,28,16,80,56,13,4,16,2,4,59,1,0,221.46542507966532,-354.92772014213017,136.9426151846023,0,0,0,0,0,0
140.95827694998815,221.43692016601562,-354.9830017089844,339.8876647949219,136.94215636808278,0.0,0.0,0.7531634997576475,8,2,2,28,16,80,56,13,4,16,2,4,59,1,0,221.4369243318905,-354.9830126277512,136.94215636808278,0,0,0,0,0,0
141.12494354998813,221.38601684570312,-355.0980529785156,339.88140869140625,136.94117097987956,0.0,0.0,0.7639661896973848,8,2,2,28,16,80,56,13,4,16,2,4,59,1,0,221.38602092039773,-355.0980534969878,136.94117097987956,0,0,0,0,0,0
141.24994349998812,221.35194396972656,-355.18743896484375,339.8767395019531,136.9403765397445,0.0,0.0,0.7720985449850559,8,2,2,28,16,80,56,13,4,16,2,4,59,1,0,221.351940694258,-355.18743089858845,136.9403765397445,0,0,0,0,0,0
141.3749434499881,221.320068359375,-355.27838134765625,339.8721008300781,136.93953365619439,0.0,0.0,0.7743170019239187,8,2,2,28,16,80,56,13,4,16,2,4,59,1,0,221.3200702973071,-355.2783729625905,136.93953365619439,0,0,0,0,0,0
141.5416100499881,221.27847290039062,-355.3996887207031,339.8658752441406,136.93836230870733,0.0,0.0,0.7698046509176493,8,2,2,28,16,80,56,13,4,16,2,4,59,1,0,221.27846562147303,-355.39968718953065,136.93836230870733,0,0,0,0,0,0
141.70827664998808,221.23538208007812,-355.5189208984375,339.8597106933594,136.93709657037036,0.0,0.0,0.7577831391245127,8,2,2,28,16,80,56,13,4,16,2,4,59,1,0,221.23537467133986,-355.51893101870144,136.93709657037036,0,0,0,0,0,0
141.83327659998807,221.20065307617188,-355.605712890625,339.855224609375,136.93611351121658,0.0,0.0,0.7456202059984207,8,2,2,28,16,80,56,13,4,16,2,4,59,1,0,221.20065801821823,-355.60572624977493,136.93611351121658,0,0,0,0,0,0
141.95827654998806,221.16310119628906,-355.6895446777344,339.8509216308594,136.93507967640315,0.0,0.0,0.7325338199734688,8,2,2,28,16,80,56,13,4,16,2,4,59,1,0,221.1631055031528,-355.68954242954504,136.93507967640315,0,0,0,0,0,0
142.12494314998804,221.10812377929688,-355.7962646484375,339.8453369140625,136.93357237478975,0.0,0.0,0.7170308381319046,8,2,2,28,16,80,56,13,4,16,2,4,59,1,0,221.10812116993222,-355.79625899150875,136.93357237478975,0,0,0,0,0,0
142.29160974998803,221.0472412109375,-355.89715576171875,339.8398742675781,136.93189093944267,0.0,0.0,0.7065842393785715,8,2,2,28,16,80,56,13,4,16,2,4,59,1,0,221.04724363935696,-355.89714580825347,136.93189093944267,0,0,0,0,0,0
142.37494304998802,221.01483154296875,-355.9456787109375,339.83721923828125,136.9309656504756,0.0,0.0,0.7029846776276827,8,2,2,28,16,80,56,13,4,16,2,4,59,1,0,221.0148300237057,-355.945679658007,136.9309656504756,0,0,0,0,0,0
142.499942999988,220.96405029296875,-356.0163879394531,339.8333435058594,136.92949197919214,0.0,0.0,0.6991534028202295,8,2,2,28,16,80,56,13,4,16,2,4,59,1,0,220.96405532200416,-356.0163993000139,136.92949197919214,0,0,0,0,0,0
142.666609599988,220.89352416992188,-356.1078186035156,339.82830810546875,136.92734890007327,0.0,0.0,0.6961609236896038,8,2,2,28,16,80,56,13,4,16,2,4,59,1,0,220.89351770395055,-356.1078034903686,136.92734890007327,0,0,0,0,0,0
142.83327619998798,220.8211669921875,-356.1973571777344,339.8232727050781,136.9250221937115,0.0,0.0,0.6945004686713219,8,2,2,28,16,80,56,13,4,16,2,4,59,1,0,220.82116158923975,-356.1973660713868,136.9250221937115,0,0,0,0,0,0
142.99994279998796,220.7483367919922,-356.2864074707031,339.818115234375,136.92254082779016,0.0,0.0,0.6943796761333942,8,2,2,28,16,80,56,13,4,16,2,4,59,1,0,220.74832976236104,-356.28640840375897,136.92254082779016,0,0,0,0,0,0
143.16660939998795,220.67575073242188,-356.3758850097656,339.8128356933594,136.91994109312625,0.0,0.0,0.6955926772207022,8,2,2,28,16,80,56,13,4,16,2,4,59,1,0,220.6757541075947,-356.3758763031163,136.91994109312625,0,0,0,0,0,0
143.20827604998794,220.65771484375,-356.39837646484375,339.8114929199219,136.9192741802445,0.0,0.0,0.6954636890441179,8,2,2,28,16,80,56,13,4,16,2,4,59,1,0,220.65771766204642,-356.39837657391985,136.9192741802445,0,0,0,0,0,0
143.33327599998793,220.60386657714844,-356.46624755859375,339.8074035644531,136.9172228277831,0.0,0.0,0.6969950161874294,8,2,2,28,16,80,56,13,4,16,2,4,59,1,0,220.60386050597396,-356.4662470052916,136.9172228277831,0,0,0,0,0,0
143.45827594998792,220.55020141601562,-356.53466796875,339.8032531738281,136.91514250622487,0.0,0.0,0.6999816745519638,8,2,2,28,16,80,56,13,4,16,2,4,59,1,0,220.5501982767325,-356.53468091735454,136.91514250622487,0,0,0,0,0,0
143.5832758999879,220.49652099609375,-356.6034851074219,339.79913330078125,136.9130017525978,0.0,0.0,0.7023693528026342,8,2,2,28,16,80,56,13,4,16,2,4,59,1,0,220.4965200349255,-356.6034990405749,136.9130017525978,0,0,0,0,0,0
143.7082758499879,220.44268798828125,-356.6724853515625,339.79498291015625,136.91077892125972,0.0,0.0,0.7036695722490549,8,2,2,28,16,80,56,13,4,16,2,4,59,1,0,220.44268366719226,-356.6724810097201,136.91077892125972,0,0,0,0,0,0
143.87494244998788,220.3701629638672,-356.7643127441406,339.7894287109375,136.90771504282563,0.0,0.0,0.7063027005642653,8,2,2,28,16,80,56,13,4,16,2,4,59,1,0,220.37016237887798,-356.76432406526277,136.90771504282563,0,0,0,0,0,0
144.04160904998787,220.29627990722656,-356.8556823730469,339.7839050292969,136.90452329942133,0.0,0.0,0.709174619987607,8,2,2,28,16,80,56,13,4,16,2,4,59,1,0,220.29627951760418,-356.8556734022031,136.90452329942133,0,0,0,0,0,0
144.20827564998785,220.2206573486328,-356.9461364746094,339.77838134765625,136.90117190666967,0.0,0.0,0.7109658792614937,8,2,2,28,16,80,56,13,4,16,2,4,59,1,0,220.22065294390322,-356.9461253088842,136.90117190666967,0,0,0,0,0,0
144.33327559998784,220.16268920898438,-357.0134582519531,339.77423095703125,136.89858648307387,0.0,0.0,0.7149775512516499,8,2,2,28,16,80,56,13,4,16,2,4,59,1,0,220.16268455635418,-357.01344495164597,136.89858648307387,0,0,0,0,0,0
144.49994219998783,220.083740234375,-357.102294921875,339.7688293457031,136.89500800670146,0.0,0.0,0.7178101688623428,8,2,2,28,16,80,56,13,4,16,2,4,59,1,0,220.08373977457802,-357.10230611480983,136.89500800670146,0,0,0,0,0,0
144.62494214998782,220.02334594726562,-357.16827392578125,339.7647399902344,136.89223645904184,0.0,0.0,0.7200236432254314,8,2,2,28,16,80,56,13,4,16,2,4,59,1,0,220.02334310889938,-357.1682632236171,136.89223645904184,0,0,0,0,0,0
144.7916087499878,219.94151306152344,-357.2556457519531,339.7593078613281,136.88842591075107,0.0,0.0,0.7232751697301865,8,2,2,28,16,80,56,13,4,16,2,4,59,1,0,219.941516707451,-357.25564333978485,136.88842591075107,0,0,0,0,0,0
144.8749420499878,219.90016174316406,-357.2991638183594,339.7566223144531,136.8864759358965,0.0,0.0,0.7246880792081356,8,2,2,28,16,80,56,13,4,16,2,4,59,1,0,219.90015599087997,-357.29916508141764,136.8864759358965,0,0,0,0,0,0
144.99994199998778,219.83773803710938,-357.3642883300781,339.7525939941406,136.88349412291467,0.0,0.0,0.7258328143507242,8,2,2,28,16,80,56,13,4,16,2,4,59,1,0,219.8377435172106,-357.3643034450399,136.88349412291467,0,0,0,0,0,0
145.16660859998777,219.75396728515625,-357.45111083984375,339.7471923828125,136.8794539952649,0.0,0.0,0.7288731168955564,8,2,2,28,16,80,56,13,4,16,2,4,59,1,0,219.75396649302786,-357.45111682311284,136.8794539952649,0,0,0,0,0,0
145.33327519998775,219.67002868652344,-357.538330078125,339.7418212890625,136.87530764587845,0.0,0.0,0.7305672857910395,8,2,2,28,16,80,56,13,4,16,2,4,59,1,0,219.6700237706574,-357.5383149416112,136.87530764587845,0,0,0,0,0,0
145.49994179998774,219.5863494873047,-357.6260986328125,339.73638916015625,136.8710717359319,0.0,0.0,0.7318499032407999,8,2,2,28,16,80,56,13,4,16,2,4,59,1,0,219.58634639678465,-357.62611328329206,136.8710717359319,0,0,0,0,0,0
145.66660839998772,219.50296020507812,-357.71453857421875,339.73095703125,136.8667682292163,0.0,0.0,0.7334156893193722,8,2,2,28,16,80,56,13,4,16,2,4,59,1,0,219.50296660491344,-357.7145436809554,136.8667682292163,0,0,0,0,0,0
145.70827504998772,219.482177734375,-357.73675537109375,339.7295837402344,136.86568094417532,0.0,0.0,0.7337430957704782,8,2,2,28,16,80,56,13,4,16,2,4,59,1,0,219.48217673598825,-357.7367606568261,136.86568094417532,0,0,0,0,0,0
145.8749416499877,219.39932250976562,-357.8260803222656,339.72412109375,136.86127588504468,0.0,0.0,0.7350826170295477,8,2,2,28,16,80,56,13,4,16,2,4,59,1,0,219.39931532066433,-357.8260726969653,136.86127588504468,0,0,0,0,0,0
145.9999415999877,219.33746337890625,-357.8934631347656,339.7200012207031,136.85792680514555,0.0,0.0,0.7360065821558237,8,2,2,28,16,80,56,13,4,16,2,4,59,1,0,219.3374600890213,-357.8934726141555,136.85792680514555,0,0,0,0,0,0
146.12494154998768,219.2757110595703,-357.9612121582031,339.71588134765625,136.8545753879059,0.0,0.0,0.7369110826402903,8,2,2,28,16,80,56,13,4,16,2,4,59,1,0,219.2757169086565,-357.96121206493575,136.8545753879059,0,0,0,0,0,0
146.24994149998767,219.21408081054688,-358.0291442871094,339.7117614746094,136.85119484357193,0.0,0.0,0.7367897778749466,8,2,2,28,16,80,56,13,4,16,2,4,59,1,0,219.21407891723587,-358.02915199184173,136.85119484357193,0,0,0,0,0,0
146.37494144998766,219.15245056152344,-358.09710693359375,339.7076416015625,136.84779031260817,0.0,0.0,0.7369383703917265,8,2,2,28,16,80,56,13,4,16,2,4,59,1,0,219.15244335846435,-358.0970949491775,136.84779031260817,0,0,0,0,0,0
146.54160804998764,219.07028198242188,-358.18768310546875,339.7021484375,136.84321609956163,0.0,0.0,0.7369992788881063,8,2,2,28,16,80,56,13,4,16,2,4,59,1,0,219.07028072192193,-358.1876791856299,136.84321609956163,0,0,0,0,0,0
146.66660799998763,219.00852966308594,-358.2555236816406,339.69805908203125,136.839789759938,0.0,0.0,0.7375932764261961,8,2,2,28,16,80,56,13,4,16,2,4,59,1,0,219.0085259981614,-358.2555189172679,136.839789759938,0,0,0,0,0,0
146.83327459998762,218.9235382080078,-358.3507385253906,339.6921691894531,136.83392266367738,0.0,0.0,0.8129899390041828,8,2,2,28,16,80,56,13,4,16,2,4,59,1,0,218.9235398470463,-358.35074098201085,136.83392266367738,0,0,0,0,0,0
146.9999411999876,218.83163452148438,-358.4549560546875,339.685791015625,136.8259194536893,0.0,0.0,0.8534843102097511,8,2,2,28,16,80,56,13,4,16,2,4,59,1,0,218.8316329665442,-358.4549481948614,136.8259194536893,0,0,0,0,0,0
147.1249411499876,218.76214599609375,-358.5338134765625,339.6813049316406,136.81984208879453,0.0,0.0,0.8409583009779453,8,2,2,28,16,80,56,13,4,16,2,4,59,1,0,218.7621397151421,-358.53381825261135,136.81984208879453,0,0,0,0,0,0
147.24994109998758,218.69357299804688,-358.61224365234375,339.6767272949219,136.8137574024302,0.0,0.0,0.8321198634803295,8,2,2,28,16,80,56,13,4,16,2,4,59,1,0,218.69357340755425,-358.6122375085713,136.8137574024302,0,0,0,0,0,0
147.37494104998757,218.62612915039062,-358.69134521484375,339.6719665527344,136.80769700830967,0.0,0.0,0.835110992193222,8,2,2,28,16,80,56,13,4,16,2,4,59,1,0,218.62612644482726,-358.6913390674622,136.80769700830967,0,0,0,0,0,0
147.49994099998756,218.5599365234375,-358.7718811035156,339.6672058105469,136.8016317831846,0.0,0.0,0.8390668779611588,8,2,2,28,16,80,56,13,4,16,2,4,59,1,0,218.55993503284083,-358.77189560871466,136.8016317831846,0,0,0,0,0,0
147.62494094998755,218.4954376220703,-358.85418701171875,339.66253662109375,136.795576212307,0.0,0.0,0.839508231729269,8,2,2,28,16,80,56,13,4,16,2,4,59,1,0,218.49544066254177,-358.8541957183315,136.795576212307,0,0,0,0,0,0
147.74994089998754,218.43310546875,-358.938232421875,339.6579284667969,136.78950132547794,0.0,0.0,0.8392294868826866,8,2,2,28,16,80,56,13,4,16,2,4,59,1,0,218.43310658074438,-358.93824654746754,136.78950132547794,0,0,0,0,0,0
147.91660749998752,218.3534393310547,-359.05322265625,339.6517639160156,136.78139186597656,0.0,0.0,0.84261205047369,8,2,2,28,16,80,56,13,4,16,2,4,59,1,0,218.35344449930227,-359.05321772065207,136.78139186597656,0,0,0,0,0,0
148.0416074499875,218.29623413085938,-359.141845703125,339.6470947265625,136.77530014899634,0.0,0.0,0.8469250053167343,8,2,2,28,16,80,56,13,4,16,2,4,59,1,0,218.29622803959498,-359.1418495974339,136.77530014899634,0,0,0,0,0,0
148.2082740499875,218.2233123779297,-359.2630920410156,339.6408996582031,136.76714473693565,0.0,0.0,0.8516899310052395,8,2,2,28,16,80,56,13,4,16,2,4,59,1,0,218.22331383952286,-359.2630782666105,136.76714473693565,0,0,0,0,0,0
148.33327399998748,218.17095947265625,-359.3560791015625,339.6362609863281,136.76100955796406,0.0,0.0,0.8555087260901928,8,2,2,28,16,80,56,13,4,16,2,4,59,1,0,218.17096523738803,-359.3560659952384,136.76100955796406,0,0,0,0,0,0
148.49994059998747,218.10385131835938,-359.482421875,339.6300964355469,136.75279385697925,0.0,0.0,0.8604428730905056,8,2,2,28,16,80,56,13,4,16,2,4,59,1,0,218.10384423695757,-359.4824164678667,136.75279385697925,0,0,0,0,0,0
148.66660719998745,218.0392303466797,-359.61102294921875,339.6238708496094,136.7445298665086,0.0,0.0,0.8647885173559189,8,2,2,28,16,80,56,13,4,16,2,4,59,1,0,218.03922614697532,-359.611009209403,136.7445298665086,0,0,0,0,0,0
148.79160714998744,217.99200439453125,-359.70855712890625,339.6192321777344,136.73830776471956,0.0,0.0,0.8665978908538818,8,2,2,28,16,80,56,13,4,16,2,4,59,1,0,217.99200125003617,-359.7085467742308,136.73830776471956,0,0,0,0,0,0
148.91660709998743,217.94537353515625,-359.8065490722656,339.61456298828125,136.73207600310317,0.0,0.0,0.8676974102854729,8,2,2,28,16,80,56,13,4,16,2,4,59,1,0,217.94538112127944,-359.80656426478714,136.73207600310317,0,0,0,0,0,0
149.04160704998742,217.89915466308594,-359.90496826171875,339.6098937988281,136.72579829460446,0.0,0.0,0.869231577962637,8,2,2,28,16,80,56,13,4,16,2,4,59,1,0,217.89915793787227,-359.90497187053563,136.72579829460446,0,0,0,0,0,0
149.1666069999874,217.8531494140625,-360.0036315917969,339.605224609375,136.7194964408536,0.0,0.0,0.8697113953530788,8,2,2,28,16,80,56,13,4,16,2,4,59,1,0,217.85315216370847,-360.0036195889788,136.7194964408536,0,0,0,0,0,0
149.2916069499874,217.80714416503906,-360.1023254394531,339.60052490234375,136.7131825854977,0.0,0.0,0.8703614585101604,8,2,2,28,16,80,56,13,4,16,2,4,59,1,0,217.80714785893105,-360.1023155028567,136.7131825854977,0,0,0,0,0,0
149.41660689998739,217.7608642578125,-360.2008972167969,339.5958557128906,136.7068735560312,0.0,0.0,0.870052445679903,8,2,2,28,16,80,56,13,4,16,2,4,59,1,0,217.76087179891243,-360.2008909065683,136.7068735560312,0,0,0,0,0,0
149.58327349998737,217.698486328125,-360.3320007324219,339.58953857421875,136.69846234143316,0.0,0.0,0.8698642253875732,8,2,2,28,16,80,56,13,4,16,2,4,59,1,0,217.69848143956213,-360.331996211998,136.69846234143316,0,0,0,0,0,0
149.70827344998736,217.65109252929688,-360.42987060546875,339.5848083496094,136.69213882014375,0.0,0.0,0.8680971339344978,8,2,2,28,16,80,56,13,4,16,2,4,59,1,0,217.65109550471902,-360.42987028176907,136.69213882014375,0,0,0,0,0,0
149.83327339998735,217.60330200195312,-360.52734375,339.580078125,136.6857863244319,0.0,0.0,0.867482740432024,8,2,2,28,16,80,56,13,4,16,2,4,59,1,0,217.60330188773085,-360.5273327548359,136.6857863244319,0,0,0,0,0,0
149.87494004998734,217.58737182617188,-360.5598449707031,339.5784912109375,136.6836623397643,0.0,0.0,0.8675825782120228,8,2,2,28,16,80,56,13,4,16,2,4,59,1,0,217.5873738953777,-360.55983191775596,136.6836623397643,0,0,0,0,0,0
150.04160664998733,217.52354431152344,-360.68975830078125,339.5721740722656,136.67516668209,0.0,0.0,0.8677270263433456,8,2,2,28,16,80,56,13,4,16,2,4,59,1,0,217.52355083999367,-360.6897551480633,136.67516668209,0,0,0,0,0,0
150.20827324998731,217.4595489501953,-360.8195495605469,339.5658264160156,136.66663224912665,0.0,0.0,0.8672609925270081,8,2,2,28,16,80,56,13,4,16,2,4,59,1,0,217.45954715314153,-360.8195634100321,136.66663224912665,0,0,0,0,0,0
150.3332731999873,217.411376953125,-360.91680908203125,339.5610656738281,136.66020979770863,0.0,0.0,0.8671141229569912,8,2,2,28,16,80,56,13,4,16,2,4,59,1,0,217.41138107599238,-360.9167968180654,136.66020979770863,0,0,0,0,0,0
150.4999397999873,217.34683227539062,-361.04620361328125,339.5547180175781,136.65163686738268,0.0,0.0,0.8667533285915852,8,2,2,28,16,80,56,13,4,16,2,4,59,1,0,217.34683302406862,-361.04621326687567,136.65163686738268,0,0,0,0,0,0
150.62493974998728,217.29820251464844,-361.1430969238281,339.5499267578125,136.6451806082663,0.0,0.0,0.8662736043334007,8,2,2,28,16,80,56,13,4,16,2,4,59,1,0,217.29820033398673,-361.1430865511747,136.6451806082663,0,0,0,0,0,0
150.70827304998727,217.26568603515625,-361.2076110839844,339.5467529296875,136.64087234091022,0.0,0.0,0.8657505735754967,8,2,2,28,16,80,56,13,4,16,2,4,59,1,0,217.2656839739296,-361.2075969894429,136.64087234091022,0,0,0,0,0,0
150.83327299998726,217.21673583984375,-361.3041687011719,339.5419616699219,136.63439441703983,0.0,0.0,0.8649474941194057,8,2,2,28,16,80,56,13,4,16,2,4,59,1,0,217.21673465583672,-361.3041730431428,136.63439441703983,0,0,0,0,0,0
150.95827294998725,217.16758728027344,-361.4005432128906,339.53717041015625,136.6279043494569,0.0,0.0,0.8644143119454384,8,2,2,28,16,80,56,13,4,16,2,4,59,1,0,217.1675826834007,-361.40054794882224,136.6279043494569,0,0,0,0,0,0
151.08327289998724,217.11819458007812,-361.49676513671875,339.5323791503906,136.62140945064877,0.0,0.0,0.8646243251860142,8,2,2,28,16,80,56,13,4,16,2,4,59,1,0,217.1181938937258,-361.4967628154774,136.62140945064877,0,0,0,0,0,0
151.24993949998722,217.05197143554688,-361.62493896484375,339.5259704589844,136.61275454695306,0.0,0.0,0.8652723394334316,8,2,2,28,16,80,56,13,4,16,2,4,59,1,0,217.05196692026897,-361.62494503567075,136.61275454695306,0,0,0,0,0,0
151.3749394499872,217.00209045410156,-361.7209167480469,339.52117919921875,136.60626212480366,0.0,0.0,0.864292960613966,8,2,2,28,16,80,56,13,4,16,2,4,59,1,0,217.00208762278456,-361.7209246981349,136.60626212480366,0,0,0,0,0,0
151.4999393999872,216.95201110839844,-361.8167419433594,339.5163879394531,136.59976487136672,0.0,0.0,0.8640921674668789,8,2,2,28,16,80,56,13,4,16,2,4,59,1,0,216.95200973929997,-361.81674559285335,136.59976487136672,0,0,0,0,0,0
151.5832726999872,216.9185791015625,-361.8805847167969,339.51318359375,136.5954180986579,0.0,0.0,0.8640522137284279,8,2,2,28,16,80,56,13,4,16,2,4,59,1,0,216.91858461829065,-361.8805721205962,136.5954180986579,0,0,0,0,0,0
151.70827264998718,216.86831665039062,-361.9762268066406,339.5083923339844,136.58890400713227,0.0,0.0,0.8635171689093113,8,2,2,28,16,80,56,13,4,16,2,4,59,1,0,216.86832359380693,-361.97621798921637,136.58890400713227,0,0,0,0,0,0
151.83327259998717,216.8179931640625,-362.0718078613281,339.5035705566406,136.58237059717484,0.0,0.0,0.8638977073132992,8,2,2,28,16,80,56,13,4,16,2,4,59,1,0,216.81799931219916,-362.07181854316354,136.58237059717484,0,0,0,0,0,0
151.99993919998715,216.75083923339844,-362.1993713378906,339.4971618652344,136.5736602068439,0.0,0.0,0.8645663037896156,8,2,2,28,16,80,56,13,4,16,2,4,59,1,0,216.7508448405095,-362.1993642315104,136.5736602068439,0,0,0,0,0,0
152.08327249998715,216.71726989746094,-362.26318359375,339.4939270019531,136.56929894068733,0.0,0.0,0.8648774586617947,8,2,2,28,16,80,56,13,4,16,2,4,59,1,0,216.71727747597083,-362.2631920189921,136.56929894068733,0,0,0,0,0,0
152.20827244998713,216.66696166992188,-362.3589782714844,339.4891052246094,136.56275834583815,0.0,0.0,0.8653820492327213,8,2,2,28,16,80,56,13,4,16,2,4,59,1,0,216.66695429708497,-362.358977852832,136.56275834583815,0,0,0,0,0,0
152.33327239998712,216.6165771484375,-362.4547424316406,339.48431396484375,136.556210439194,0.0,0.0,0.8652932941913605,8,2,2,28,16,80,56,13,4,16,2,4,59,1,0,216.61658445063193,-362.45475482995397,136.556210439194,0,0,0,0,0,0
152.41660569998712,216.58290100097656,-362.5185546875,339.4810791015625,136.5518396421332,0.0,0.0,0.8650320582091808,8,2,2,28,16,80,56,13,4,16,2,4,59,1,0,216.58290049694955,-362.51856493244225,136.5518396421332,0,0,0,0,0,0
152.5416056499871,216.53233337402344,-362.6141662597656,339.4762878417969,136.5452555790928,0.0,0.0,0.8644141256809235,8,2,2,28,16,80,56,13,4,16,2,4,59,1,0,216.53232726731284,-362.61416551938873,136.5452555790928,0,0,0,0,0,0
152.6666055999871,216.48165893554688,-362.709716796875,339.471435546875,136.53867151354945,0.0,0.0,0.8649016730487347,8,2,2,28,16,80,56,13,4,16,2,4,59,1,0,216.48165962492834,-362.7097298654669,136.53867151354945,0,0,0,0,0,0
152.79160554998708,216.43093872070312,-362.8052978515625,339.4665832519531,136.53208509572005,0.0,0.0,0.8649485185742378,8,2,2,28,16,80,56,13,4,16,2,4,59,1,0,216.43093418075136,-362.8053024902508,136.53208509572005,0,0,0,0,0,0
152.91660549998707,216.3802032470703,-362.90081787109375,339.46173095703125,136.52548901698526,0.0,0.0,0.8642683736979961,8,2,2,28,16,80,56,13,4,16,2,4,59,1,0,216.38020780779706,-362.90083086971856,136.52548901698526,0,0,0,0,0,0
153.04160544998706,216.32949829101562,-362.996337890625,339.4569091796875,136.51888327742495,0.0,0.0,0.8643784560263157,8,2,2,28,16,80,56,13,4,16,2,4,59,1,0,216.32950289322815,-362.9963360764406,136.51888327742495,0,0,0,0,0,0
153.12493874998705,216.2957000732422,-363.0600280761719,339.45367431640625,136.51447866607722,0.0,0.0,0.8645491674542427,8,2,2,28,16,80,56,13,4,16,2,4,59,1,0,216.29570069194693,-363.0600260394107,136.51447866607722,0,0,0,0,0,0
153.20827204998704,216.26194763183594,-363.123779296875,339.4504699707031,136.5100619170742,0.0,0.0,0.8657164871692657,8,2,2,28,16,80,56,13,4,16,2,4,59,1,0,216.26194498127748,-363.1237835095777,136.5100619170742,0,0,0,0,0,0
153.33327199998703,216.2113800048828,-363.2196044921875,339.44561767578125,136.50344899165856,0.0,0.0,0.8666484616696835,8,2,2,28,16,80,56,13,4,16,2,4,59,1,0,216.21138755270928,-363.2196028198451,136.50344899165856,0,0,0,0,0,0
153.41660529998703,216.17776489257812,-363.2835693359375,339.4424133300781,136.49903719589648,0.0,0.0,0.8668997325003147,8,2,2,28,16,80,56,13,4,16,2,4,59,1,0,216.17775942390537,-363.28358436675114,136.49903719589648,0,0,0,0,0,0
153.54160524998701,216.12745666503906,-363.3797302246094,339.43756103515625,136.49241460755454,0.0,0.0,0.867895595729351,8,2,2,28,16,80,56,13,4,16,2,4,59,1,0,216.12745686028663,-363.3797274306344,136.49241460755454,0,0,0,0,0,0
153.666605199987,216.0773162841797,-363.4761047363281,339.4327087402344,136.4857944939705,0.0,0.0,0.8685535751283169,8,2,2,28,16,80,56,13,4,16,2,4,59,1,0,216.07731789933936,-363.4760931762851,136.4857944939705,0,0,0,0,0,0
153.791605149987,216.02731323242188,-363.57257080078125,339.4278564453125,136.47916707140922,0.0,0.0,0.8689168840646744,8,2,2,28,16,80,56,13,4,16,2,4,59,1,0,216.02731172105268,-363.57258093685283,136.47916707140922,0,0,0,0,0,0
153.95827174998698,215.96092224121094,-363.7015075683594,339.4214172363281,136.4703000022779,0.0,0.0,0.8695628494024277,8,2,2,28,16,80,56,13,4,16,2,4,59,1,0,215.96092920079514,-363.7015038120201,136.4703000022779,0,0,0,0,0,0
153.99993839998697,215.94439697265625,-363.7337951660156,339.4197998046875,136.46807719772397,0.0,0.0,0.8694654330611229,8,2,2,28,16,80,56,13,4,16,2,4,59,1,0,215.9443902085426,-363.7337869856559,136.46807719772397,0,0,0,0,0,0
154.04160504998697,215.9278564453125,-363.7660827636719,339.4181823730469,136.46585439287438,0.0,0.0,0.8698721416294575,8,2,2,28,16,80,56,13,4,16,2,4,59,1,0,215.9278634665577,-363.7660835670442,136.46585439287438,0,0,0,0,0,0
154.16660499998696,215.8783416748047,-363.8630676269531,339.413330078125,136.45919328199412,0.0,0.0,0.8700251579284668,8,2,2,28,16,80,56,13,4,16,2,4,59,1,0,215.87834788023633,-363.86306816171316,136.45919328199412,0,0,0,0,0,0
154.29160494998695,215.82894897460938,-363.9601135253906,339.4084777832031,136.45251037527913,0.0,0.0,0.8701263926923275,8,2,2,28,16,80,56,13,4,16,2,4,59,1,0,215.82894394373778,-363.96011242681675,136.45251037527913,0,0,0,0,0,0
154.41660489998694,215.7795867919922,-364.0572204589844,339.40362548828125,136.44582263695904,0.0,0.0,0.870741717517376,8,2,2,28,16,80,56,13,4,16,2,4,59,1,0,215.7795885952603,-364.05722897607467,136.44582263695904,0,0,0,0,0,0
154.54160484998692,215.7302703857422,-364.1544494628906,339.39874267578125,136.43912535920555,0.0,0.0,0.8713642135262489,8,2,2,28,16,80,56,13,4,16,2,4,59,1,0,215.73027231317036,-364.1544413227197,136.43912535920555,0,0,0,0,0,0
154.6666047999869,215.68099975585938,-364.25164794921875,339.3938903808594,136.4324111153174,0.0,0.0,0.8707724511623383,8,2,2,28,16,80,56,13,4,16,2,4,59,1,0,215.68100573157062,-364.25166294582294,136.4324111153174,0,0,0,0,0,0
154.7499380999869,215.648193359375,-364.3164978027344,339.3906555175781,136.42792203299942,0.0,0.0,0.8708000183105469,8,2,2,28,16,80,56,13,4,16,2,4,59,1,0,215.64819292792623,-364.31649210855323,136.42792203299942,0,0,0,0,0,0
154.8749380499869,215.59910583496094,-364.41363525390625,339.38580322265625,136.42114747839668,0.0,0.0,0.8693511597812176,8,2,2,28,16,80,56,13,4,16,2,4,59,1,0,215.59911130106394,-364.4136447035086,136.42114747839668,0,0,0,0,0,0
155.04160464998688,215.53366088867188,-364.54339599609375,339.3792419433594,136.41213797667342,0.0,0.0,0.8732865564525127,8,2,2,28,16,80,56,13,4,16,2,4,59,1,0,215.53366086274542,-364.5434082673018,136.41213797667342,0,0,0,0,0,0
155.20827124998686,215.46762084960938,-364.6734924316406,339.372802734375,136.4032591008137,0.0,0.0,0.8743430487811565,8,2,2,28,16,80,56,13,4,16,2,4,59,1,0,215.46762687955643,-364.6734984244118,136.4032591008137,0,0,0,0,0,0
155.33327119998685,215.41795349121094,-364.7709655761719,339.36798095703125,136.39656910896,0.0,0.0,0.8736568503081799,8,2,2,28,16,80,56,13,4,16,2,4,59,1,0,215.41795703733598,-364.77097393082636,136.39656910896,0,0,0,0,0,0
155.49993779998684,215.35166931152344,-364.900634765625,339.3614501953125,136.38760082184825,0.0,0.0,0.8721662685275078,8,2,2,28,16,80,56,13,4,16,2,4,59,1,0,215.3516691379478,-364.90064468080215,136.38760082184825,0,0,0,0,0,0
155.62493774998683,215.3018341064453,-364.9977722167969,339.3565673828125,136.3808601735034,0.0,0.0,0.8718789555132389,8,2,2,28,16,80,56,13,4,16,2,4,59,1,0,215.30184046546253,-364.99776853501925,136.3808601735034,0,0,0,0,0,0
155.70827104998682,215.26853942871094,-365.06243896484375,339.3533020019531,136.37636636759186,0.0,0.0,0.8720764890313148,8,2,2,28,16,80,56,13,4,16,2,4,59,1,0,215.26854095889135,-365.06245005974034,136.37636636759186,0,0,0,0,0,0
155.8332709999868,215.2184295654297,-365.159423828125,339.3484191894531,136.36962088512084,0.0,0.0,0.8721102960407734,8,2,2,28,16,80,56,13,4,16,2,4,59,1,0,215.21843296098416,-365.1594244037354,136.36962088512084,0,0,0,0,0,0
155.9166042999868,215.18496704101562,-365.2239990234375,339.34515380859375,136.36511506047572,0.0,0.0,0.8717904798686504,8,2,2,28,16,80,56,13,4,16,2,4,59,1,0,215.18497293275692,-365.2240099928528,136.36511506047572,0,0,0,0,0,0
156.0832708999868,215.11790466308594,-365.35302734375,339.3386535644531,136.35609127647052,0.0,0.0,0.871350709348917,8,2,2,28,16,80,56,13,4,16,2,4,59,1,0,215.11790905074326,-365.3530239476164,136.35609127647052,0,0,0,0,0,0
156.20827084998677,215.0675048828125,-365.44970703125,339.333740234375,136.34931928103364,0.0,0.0,0.8711879141628742,8,2,2,28,16,80,56,13,4,16,2,4,59,1,0,215.06750098727517,-365.4497171413393,136.34931928103364,0,0,0,0,0,0
156.33327079998676,215.0170135498047,-365.5463562011719,339.328857421875,136.34253762372478,0.0,0.0,0.8712101727724075,8,2,2,28,16,80,56,13,4,16,2,4,59,1,0,215.01700824125737,-365.5463500977884,136.34253762372478,0,0,0,0,0,0
156.49993739998675,214.94989013671875,-365.67547607421875,339.32232666015625,136.33348249356033,0.0,0.0,0.8737822063267231,8,2,2,28,16,80,56,13,4,16,2,4,59,1,0,214.94988313275618,-365.67548487568706,136.33348249356033,0,0,0,0,0,0
156.54160404998674,214.9333038330078,-365.7079772949219,339.3206787109375,136.3312187945486,0.0,0.0,0.8747645653784275,8,2,2,28,16,80,56,13,4,16,2,4,59,1,0,214.9332972627168,-365.7079849258336,136.3312187945486,0,0,0,0,0,0
156.66660399998673,214.88400268554688,-365.8059387207031,339.3157958984375,136.32442747104992,0.0,0.0,0.8769304491579533,8,2,2,28,16,80,56,13,4,16,2,4,59,1,0,214.88400552495096,-365.8059324325987,136.32442747104992,0,0,0,0,0,0
156.74993729998673,214.85150146484375,-365.87152099609375,339.3125305175781,136.3198926578996,0.0,0.0,0.8779529482126236,8,2,2,28,16,80,56,13,4,16,2,4,59,1,0,214.85149687245993,-365.87153270881464,136.3198926578996,0,0,0,0,0,0
156.87493724998671,214.80320739746094,-365.9703674316406,339.3076477050781,136.31308695278594,0.0,0.0,0.8784682489931583,8,2,2,28,16,80,56,13,4,16,2,4,59,1,0,214.80320349912034,-365.9703756852698,136.31308695278594,0,0,0,0,0,0
156.9999371999867,214.75543212890625,-366.0696716308594,339.3027648925781,136.3062497971545,0.0,0.0,0.8812632411718369,8,2,2,28,16,80,56,13,4,16,2,4,59,1,0,214.7554361839906,-366.0696708270056,136.3062497971545,0,0,0,0,0,0
157.1666037999867,214.69219970703125,-366.20269775390625,339.2962341308594,136.2971537636175,0.0,0.0,0.8835449814796448,8,2,2,28,16,80,56,13,4,16,2,4,59,1,0,214.69219618488245,-366.202692095019,136.2971537636175,0,0,0,0,0,0
157.33327039998667,214.62879943847656,-366.3357238769531,339.2897033691406,136.28806749311033,0.0,0.0,0.8817384019494057,8,2,2,28,16,80,56,13,4,16,2,4,59,1,0,214.62879751761125,-366.3357223561414,136.28806749311033,0,0,0,0,0,0
157.41660369998667,214.5967559814453,-366.40203857421875,339.28643798828125,136.283525481904,0.0,0.0,0.8820629678666592,8,2,2,28,16,80,56,13,4,16,2,4,59,1,0,214.59676066433656,-366.4020302964245,136.283525481904,0,0,0,0,0,0
157.54160364998666,214.5483856201172,-366.5010681152344,339.28155517578125,136.27668112475567,0.0,0.0,0.8795354515314102,8,2,2,28,16,80,56,13,4,16,2,4,59,1,0,214.5483793695644,-366.50107420023943,136.27668112475567,0,0,0,0,0,0
157.66660359998664,214.49948120117188,-366.5995788574219,339.2766418457031,136.26983204262467,0.0,0.0,0.8779419586062431,8,2,2,28,16,80,56,13,4,16,2,4,59,1,0,214.49947475322787,-366.59959183690637,136.26983204262467,0,0,0,0,0,0
157.83327019998663,214.433349609375,-366.7301025390625,339.2700500488281,136.26069016227632,0.0,0.0,0.8754945360124111,8,2,2,28,16,80,56,13,4,16,2,4,59,1,0,214.43334885739387,-366.730100582737,136.26069016227632,0,0,0,0,0,0
158.0416034499866,214.349365234375,-366.8921813964844,339.2618103027344,136.2492508635989,0.0,0.0,0.8745581842958927,8,2,2,28,16,80,56,13,4,16,2,4,59,1,0,214.34936380047412,-366.8921898893996,136.2492508635989,0,0,0,0,0,0
158.2082700499866,214.28152465820312,-367.021484375,339.2552490234375,136.24009941888121,0.0,0.0,0.8763612248003483,8,2,2,28,16,80,56,13,4,16,2,4,59,1,0,214.28153170943506,-367.02147816256274,136.24009941888121,0,0,0,0,0,0
158.41660329998658,214.19786071777344,-367.184326171875,339.2470397949219,136.22864078759414,0.0,0.0,0.8795011788606644,8,2,2,28,16,80,56,13,4,16,2,4,59,1,0,214.1978540636515,-367.1843136008986,136.22864078759414,0,0,0,0,0,0
