timestep,x_cm,y_cm,z_cm,yaw_deg,basis_xx,basis_xy,basis_xz,basis_yx,basis_yy,basis_yz,basis_zx,basis_zy,basis_zz,teleport_flag,throttle_cmd,steering_cmd,cmd_move_cm,cmd_turn_deg,lidar_cm_0,lidar_cm_1,lidar_cm_2,lidar_cm_3,lidar_cm_4,lidar_cm_5,lidar_cm_6,lidar_cm_7,lidar_cm_8,lidar_cm_9,lidar_cm_10,lidar_cm_11,lidar_cm_12,lidar_cm_13,lidar_cm_14,lidar_cm_15,lidar_cm_16,lidar_class_0,lidar_class_1,lidar_class_2,lidar_class_3,lidar_class_4,lidar_class_5,lidar_class_6,lidar_class_7,lidar_class_8,lidar_class_9,lidar_class_10,lidar_class_11,lidar_class_12,lidar_class_13,lidar_class_14,lidar_class_15,lidar_class_16
0,-5299.878,-1808.153,-317.433,55.904,0.560395,-0.828219,-0.003260,0.827820,0.560239,-0.029089,0.025918,0.013603,0.999572,0,0.79492,0.61988,0.911,0.007,-1,499.712,-1,483.332,14.137,420.854,416.591,556.602,561.871,-1,-1,-1,-1,800.480,728.793,-1,26.145,2,0,2,0,1,0,0,0,0,2,2,2,2,0,0,2,1
1,-5300.152,-1808.082,-316.237,55.917,0.560174,-0.828358,-0.005306,0.827905,0.560060,-0.030113,0.027916,0.012475,0.999532,0,0.79495,0.61979,0.283,0.013,-1,505.313,-1,489.684,-1,425.690,421.682,557.743,566.753,-1,-1,-1,-1,812.429,739.759,-1,-1,2,0,2,0,2,0,0,0,0,2,2,2,2,0,0,2,2
2,-5300.079,-1807.354,-316.146,55.948,0.559662,-0.828687,-0.007477,0.828114,0.559575,-0.033214,0.031708,0.012397,0.999420,0,0.79502,0.61963,0.732,0.031,-1,511.890,-1,495.864,-1,430.854,426.776,558.183,567.181,-1,-1,-1,-1,829.205,751.633,-1,-1,2,0,2,0,2,0,0,0,0,2,2,2,2,0,0,2,2
3,-5299.684,-1806.003,-317.032,56.018,0.558559,-0.829419,-0.008730,0.828662,0.558450,-0.038114,0.036488,0.014055,0.999235,0,0.79516,0.61929,1.408,0.070,-1,518.813,-1,500.503,-1,435.649,430.974,559.640,562.143,-1,-1,-1,-1,849.349,761.631,-1,-1,2,0,2,0,2,0,0,0,0,2,2,2,2,0,0,2,2
4,-5298.823,-1804.271,-318.667,56.065,0.557779,-0.829939,-0.009151,0.828958,0.557601,-0.043699,0.041370,0.016789,0.999003,0,0.79546,0.61857,1.934,0.047,-1,524.776,-1,503.010,-1,439.209,433.626,561.262,553.508,-1,-1,-1,-1,869.069,768.403,-1,-1,2,0,2,0,2,0,0,0,0,2,2,2,2,0,0,2,2
5,-5297.366,-1802.491,-320.732,56.006,0.558539,-0.829426,-0.009278,0.828244,0.558284,-0.048277,0.045222,0.019280,0.998791,0,0.79565,0.61810,2.300,-0.059,-1,527.710,-1,502.937,15.270,440.363,433.988,561.004,544.482,-1,-1,-1,-1,881.966,770.756,-1,22.504,2,0,2,0,1,0,0,0,0,2,2,2,2,0,0,2,1
6,-5295.442,-1800.405,-322.642,55.909,0.559889,-0.828516,-0.009227,0.827243,0.559589,-0.050294,0.046833,0.020526,0.998692,0,0.79539,0.61874,2.838,-0.096,-1,526.019,-1,499.902,14.696,438.301,431.555,558.220,537.726,-1,-1,-1,-1,882.278,767.243,-1,29.890,2,0,2,0,1,0,0,0,0,2,2,2,2,0,0,2,1
7,-5293.169,-1797.793,-324.061,55.803,0.561450,-0.827460,-0.009188,0.826227,0.561163,-0.049457,0.046079,0.020176,0.998734,0,0.79496,0.61977,3.462,-0.107,-1,519.988,-1,494.575,14.259,433.428,426.836,553.090,534.435,-1,-1,-1,-1,869.950,758.787,-1,34.695,2,0,2,0,1,0,0,0,0,2,2,2,2,0,0,2,1
8,-5290.528,-1794.555,-324.882,55.681,0.563257,-0.826224,-0.009784,0.825129,0.563057,-0.046143,0.043633,0.017918,0.998887,0,0.79449,0.62092,4.179,-0.121,-1,510.999,-1,488.498,13.904,426.889,421.044,545.400,535.396,-1,-1,-1,-1,848.708,748.357,-1,37.619,2,0,2,0,1,0,0,0,0,2,2,2,2,0,0,2,1
9,-5287.480,-1790.656,-325.117,55.544,0.565301,-0.824807,-0.011343,0.823874,0.565235,-0.041720,0.040822,0.014239,0.999065,0,0.79395,0.62222,4.949,-0.137,-1,501.685,-1,483.604,13.698,420.626,415.932,536.409,539.930,-1,-1,-1,-1,826.295,739.769,-1,38.775,2,0,2,0,1,0,0,0,0,2,2,2,2,0,0,2,1
10,-5283.843,-1786.115,-324.783,55.364,0.567913,-0.822972,-0.013886,0.822140,0.567987,-0.038414,0.039500,0.010399,0.999165,0,0.79335,0.62369,5.817,-0.180,8.813,496.057,-1,482.241,13.663,417.306,413.760,528.878,546.141,-1,-1,-1,-1,813.034,737.585,22.278,37.865,1,0,2,0,1,0,0,0,0,2,2,2,2,0,0,1,1
11,-5279.534,-1780.978,-324.003,55.145,0.571051,-0.820748,-0.016563,0.819943,0.571240,-0.037126,0.039932,0.007620,0.999173,0,0.79256,0.62560,6.705,-0.220,16.227,494.880,-1,483.802,13.626,417.183,414.429,524.858,551.656,-1,-1,-1,-1,810.895,740.967,22.289,35.544,1,0,2,0,1,0,0,0,0,2,2,2,2,0,0,1,1
12,-5274.569,-1775.281,-322.940,54.898,0.574532,-0.818270,-0.018619,0.817425,0.574797,-0.037743,0.041586,0.006465,0.999114,0,0.79160,0.62794,7.556,-0.246,8.189,497.136,-1,486.797,13.665,419.311,416.844,524.588,554.981,-1,-1,-1,-1,817.528,746.853,22.278,32.773,1,0,2,0,1,0,0,0,0,2,2,2,2,0,0,1,1
13,-5268.950,-1769.139,-321.759,54.623,0.578408,-0.815501,-0.020058,0.814581,0.578721,-0.039237,0.043606,0.006356,0.999029,0,0.79051,0.63059,8.324,-0.276,-1,500.669,-1,489.892,13.676,422.150,419.652,526.139,556.642,-1,-1,-1,-1,827.653,752.864,-1,30.169,2,0,2,0,1,0,0,0,0,2,2,2,2,0,0,2,1
14,-5262.757,-1762.696,-320.646,54.323,0.582632,-0.812479,-0.020430,0.811509,0.582949,-0.040282,0.044638,0.006891,0.998979,0,0.82284,0.13383,8.937,-0.300,-1,502.486,-1,490.706,13.558,423.441,420.741,528.539,556.810,-1,-1,-1,-1,833.689,754.517,-1,27.753,2,0,2,0,1,0,0,0,0,2,2,2,2,0,0,2,1
15,-5256.183,-1755.833,-319.685,54.029,0.586783,-0.809523,-0.018941,0.808510,0.587019,-0.041483,0.044700,0.009027,0.998960,0,0.82144,0.13708,9.504,-0.294,-1,502.957,-1,488.586,13.527,423.178,419.820,533.412,553.562,-1,-1,-1,-1,836.772,750.513,-1,28.055,2,0,2,0,1,0,0,0,0,2,2,2,2,0,0,2,1
16,-5249.000,-1748.385,-318.846,53.713,0.591216,-0.806329,-0.017247,0.805233,0.591346,-0.043692,0.045429,0.011943,0.998896,0,0.82006,0.14029,10.348,-0.316,-1,504.519,-1,486.631,13.729,423.349,418.865,539.444,548.584,-1,-1,-1,-1,841.764,747.043,-1,29.078,2,0,2,0,1,0,0,0,0,2,2,2,2,0,0,2,1
17,-5241.091,-1740.439,-318.125,53.353,0.596214,-0.802649,-0.016825,0.801440,0.596285,-0.046246,0.047152,0.014089,0.998788,0,0.81858,0.14375,11.211,-0.360,-1,506.961,-1,486.253,13.810,424.178,418.852,543.594,544.656,-1,-1,-1,-1,848.500,746.841,-1,30.269,2,0,2,0,1,0,0,0,0,2,2,2,2,0,0,2,1
18,-5232.538,-1731.978,-317.491,52.964,0.601581,-0.798620,-0.017522,0.797271,0.601638,-0.048904,0.049598,0.015450,0.998650,0,0.81689,0.14769,12.031,-0.390,-1,509.988,-1,487.023,14.050,425.500,419.520,545.564,541.798,-1,-1,-1,-1,857.309,749.159,-1,30.514,2,0,2,0,1,0,0,0,0,2,2,2,2,0,0,2,1
19,-5223.345,-1723.176,-316.882,52.522,0.607627,-0.793993,-0.019102,0.792517,0.607722,-0.050898,0.052021,0.015789,0.998521,0,0.81505,0.15196,12.728,-0.441,-1,512.149,-1,488.056,14.258,426.408,420.033,545.211,540.573,-1,-1,-1,-1,863.875,752.191,-1,30.323,2,0,2,0,1,0,0,0,0,2,2,2,2,0,0,2,1
20,-5211.522,-1712.204,-316.113,51.931,0.615679,-0.787694,-0.021850,0.786090,0.615881,-0.052463,0.054782,0.015125,0.998384,0,0.81298,0.15680,16.129,-0.591,-1,513.716,-1,489.492,14.150,426.987,420.403,542.494,540.942,-1,-1,-1,-1,868.838,756.772,-1,30.214,2,0,2,0,1,0,0,0,0,2,2,2,2,0,0,2,1
21,-5203.225,-1704.545,-315.552,51.522,0.621209,-0.783283,-0.023835,0.781589,0.621494,-0.053519,0.056734,0.014618,0.998282,0,0.81020,0.16326,11.292,-0.409,-1,514.911,-1,490.617,13.618,427.477,420.754,540.393,541.319,-1,-1,-1,-1,872.549,759.845,-1,30.488,2,0,2,0,1,0,0,0,0,2,2,2,2,0,0,2,1
22,-5192.495,-1694.368,-314.787,51.048,0.627549,-0.778143,-0.025984,0.776281,0.627911,-0.055822,0.059753,0.014860,0.998103,0,0.80827,0.16775,14.789,-0.474,-1,517.621,-1,492.179,13.371,429.014,421.781,538.722,539.827,-1,-1,-1,-1,878.266,764.425,-1,30.932,2,0,2,0,1,0,0,0,0,2,2,2,2,0,0,2,1
23,-5181.290,-1683.660,-313.892,50.601,0.633445,-0.773273,-0.028207,0.771208,0.633888,-0.058523,0.063135,0.015317,0.997887,0,0.80602,0.17300,15.499,-0.446,-1,520.688,-1,494.268,13.368,431.208,423.322,537.762,537.939,-1,-1,-1,-1,884.575,770.033,15.481,30.786,2,0,2,0,1,0,0,0,0,2,2,2,2,0,0,1,1
24,-5169.605,-1672.566,-312.801,50.154,0.639321,-0.768328,-0.030665,0.766078,0.639873,-0.060725,0.066279,0.015331,0.997683,0,0.80388,0.17798,16.113,-0.448,14.615,523.364,-1,496.440,13.552,432.383,424.559,536.335,537.090,-1,-1,-1,-1,889.560,775.639,11.763,29.762,1,0,2,0,1,0,0,0,0,2,2,2,2,0,0,1,1
25,-5157.249,-1661.539,-311.608,49.594,0.646660,-0.762024,-0.033913,0.759668,0.647398,-0.061492,0.068814,0.014002,0.997531,0,0.80172,0.18301,16.561,-0.560,10.522,524.108,-1,498.546,20.062,432.234,424.979,531.407,539.127,-1,-1,-1,-1,888.451,781.310,22.231,23.418,1,0,2,0,1,0,0,0,0,2,2,2,2,0,0,1,1
26,-5144.060,-1651.580,-310.415,48.790,0.657221,-0.752725,-0.038292,0.750481,0.658259,-0.058937,0.069569,0.009997,0.997527,0,0.79905,0.18922,16.527,-0.804,18.830,519.687,-1,499.471,18.342,429.238,423.462,520.095,546.923,-1,-1,-1,-1,872.651,785.104,22.582,19.255,1,0,2,0,1,0,0,0,0,2,2,2,2,0,0,1,1
27,-5130.458,-1642.814,-309.196,47.873,0.669169,-0.741944,-0.041622,0.739870,0.670430,-0.055829,0.069327,0.006564,0.997572,0,0.79528,0.19801,16.182,-0.918,18.700,513.934,-1,499.101,19.222,425.163,421.108,510.081,554.372,-1,-1,-1,-1,851.766,785.220,22.534,20.110,1,0,2,0,1,0,0,0,0,2,2,2,2,0,0,1,1
28,-5116.690,-1634.678,-307.978,46.926,0.681266,-0.730785,-0.042782,0.728673,0.682572,-0.055950,0.070089,0.006942,0.997517,0,0.79098,0.20802,15.992,-0.947,17.811,510.642,-1,498.603,20.754,423.206,419.764,507.537,555.031,-1,-1,-1,-1,840.100,785.121,22.277,21.213,1,0,2,0,1,0,0,0,0,2,2,2,2,0,0,1,1
29,-5102.564,-1626.295,-306.813,46.042,0.692232,-0.720384,-0.043149,0.717878,0.693483,-0.061099,0.073938,0.011319,0.997199,0,0.78653,0.21838,16.426,-0.884,17.710,514.709,-1,500.910,22.699,425.886,421.838,512.599,547.866,-1,-1,-1,-1,848.654,790.962,22.256,23.138,1,0,2,0,1,0,0,0,0,2,2,2,2,0,0,1,1
30,-5087.945,-1617.932,-305.660,45.168,0.702794,-0.709998,-0.044539,0.706916,0.704013,-0.068085,0.079696,0.016365,0.996685,0,0.78235,0.22813,16.843,-0.874,17.821,522.793,-1,506.190,23.372,430.461,426.108,517.112,539.486,-1,-1,-1,-1,867.394,802.858,22.279,23.895,1,0,2,0,1,0,0,0,0,2,2,2,2,0,0,1,1
31,-5072.913,-1609.762,-304.513,44.291,0.713165,-0.699415,-0.047061,0.695726,0.714422,-0.074609,0.085804,0.020467,0.996102,0,0.77818,0.23784,17.108,-0.877,17.837,531.254,-1,512.769,23.914,435.682,430.966,519.878,532.862,-1,-1,-1,-1,885.982,816.782,22.283,24.459,1,0,2,0,1,0,0,0,0,2,2,2,2,0,0,1,1
32,-5057.688,-1601.585,-303.348,43.452,0.722914,-0.689133,-0.049915,0.684862,0.724244,-0.080220,0.091433,0.023807,0.995527,0,0.77398,0.24762,17.282,-0.839,17.639,537.974,-1,519.402,21.281,440.441,435.661,521.452,527.457,-1,-1,-1,-1,902.141,830.280,22.243,25.064,1,0,2,0,1,0,0,0,0,2,2,2,2,0,0,1,1
33,-5042.329,-1593.234,-302.157,42.645,0.732155,-0.679083,-0.052869,0.674302,0.733589,-0.084634,0.096258,0.026315,0.995009,0,0.76993,0.25705,17.482,-0.807,12.193,542.289,-1,524.517,17.101,444.037,439.511,521.586,523.366,-1,-1,-1,-1,913.957,842.057,9.203,25.683,1,0,2,0,1,0,0,0,0,2,2,2,2,0,0,1,1
34,-5026.866,-1584.344,-300.899,41.908,0.740433,-0.669810,-0.055794,0.664549,0.741987,-0.088480,0.100664,0.028436,0.994514,0,0.76602,0.26617,17.836,-0.736,-1,545.766,-1,528.944,14.772,446.727,442.820,521.248,519.682,-1,-1,-1,-1,924.086,851.197,13.744,27.088,2,0,2,0,1,0,0,0,0,2,2,2,2,0,0,1,1
35,-5011.270,-1575.016,-299.472,41.227,0.748003,-0.661054,-0.059147,0.655454,0.749777,-0.090635,0.104262,0.029026,0.994126,0,0.76241,0.27457,18.173,-0.681,-1,547.141,-1,532.954,14.352,448.126,445.012,517.971,518.709,-1,-1,-1,-1,928.808,860.690,14.451,27.775,2,0,2,0,1,0,0,0,0,2,2,2,2,0,0,1,1
36,-4995.465,-1565.446,-297.929,40.537,0.755623,-0.651976,-0.062932,0.646213,0.757721,-0.090928,0.106967,0.028040,0.993867,0,0.75904,0.28242,18.476,-0.690,13.061,545.822,-1,536.475,13.814,448.130,446.301,511.640,520.703,-1,-1,-1,-1,926.634,869.196,10.384,27.016,1,0,2,0,1,0,0,0,0,2,2,2,2,0,0,1,1
37,-4979.378,-1555.505,-296.295,39.893,0.762627,-0.643394,-0.066655,0.637497,0.765063,-0.090977,0.109530,0.026889,0.993620,0,0.75563,0.29037,18.911,-0.644,8.720,543.979,-1,539.995,13.481,448.240,447.414,505.341,522.882,-1,-1,-1,-1,923.953,877.037,22.349,26.769,1,0,2,0,1,0,0,0,0,2,2,2,2,0,0,1,1
38,-4962.911,-1545.145,-294.600,39.304,0.768875,-0.635513,-0.070392,0.629408,0.771645,-0.091703,0.112597,0.026203,0.993295,0,0.84504,0.33617,19.455,-0.589,15.771,543.646,-1,542.834,13.322,449.153,449.340,500.269,523.998,-1,1006.897,-1,-1,925.844,885.362,22.507,26.876,1,0,2,0,1,0,0,0,0,2,0,2,2,0,0,1,1
39,-4945.989,-1534.377,-292.777,38.766,0.774426,-0.628296,-0.074215,0.621897,0.777540,-0.093141,0.116225,0.025977,0.992883,0,0.84167,0.34315,20.058,-0.538,15.503,544.861,-1,546.441,13.269,450.800,452.109,496.568,524.202,-1,975.548,990.608,-1,932.695,897.577,22.719,26.867,1,0,2,0,1,0,0,0,0,2,0,0,2,0,0,1,1
40,-4928.651,-1523.186,-290.815,38.291,0.779199,-0.621947,-0.077659,0.615175,0.782613,-0.095272,0.120031,0.026462,0.992417,0,0.83853,0.34965,20.636,-0.475,15.203,547.094,-1,549.933,13.291,452.767,454.717,494.922,522.970,-1,944.236,954.824,-1,942.626,909.959,23.053,26.456,1,0,2,0,1,0,0,0,0,2,0,0,2,0,0,1,1
41,-4907.386,-1509.100,-288.284,37.826,0.783726,-0.615801,-0.081012,0.608481,0.787401,-0.098748,0.124598,0.028097,0.991809,0,0.83569,0.35555,25.507,-0.465,14.771,550.522,-1,553.317,13.439,455.396,457.507,495.333,519.264,-1,894.889,908.261,-1,958.893,923.939,23.814,29.045,1,0,2,0,1,0,0,0,0,2,0,0,2,0,0,1,1
42,-4892.979,-1499.321,-286.468,37.602,0.785813,-0.612889,-0.082857,0.605199,0.789625,-0.101129,0.127407,0.029323,0.991417,0,0.83277,0.36161,17.412,-0.224,9.874,552.524,-1,554.878,13.463,456.918,458.977,496.247,516.311,-1,862.996,882.123,-1,974.858,934.015,8.534,30.505,1,0,2,0,1,0,0,0,0,2,0,0,2,0,0,1,1
43,-4874.829,-1486.778,-283.887,37.335,0.788164,-0.609338,-0.086630,0.601173,0.792354,-0.103765,0.131870,0.029704,0.990822,0,0.83123,0.36480,22.063,-0.267,14.425,556.940,-1,559.913,13.644,460.596,462.990,496.120,515.424,-1,812.759,825.321,-1,1000.883,955.769,24.817,31.197,1,0,2,0,1,0,0,0,0,2,0,0,2,0,0,1,1
44,-4856.716,-1474.387,-279.857,37.045,0.789926,-0.605570,-0.096448,0.596220,0.795249,-0.110002,0.143314,0.029389,0.989241,0,0.82937,0.36866,21.946,-0.290,14.649,579.680,-1,582.596,13.503,478.229,481.480,499.207,520.216,-1,684.302,680.849,-1,-1,-1,24.119,34.608,1,0,2,0,1,0,0,0,0,2,0,0,2,2,2,1,1
45,-4838.173,-1462.128,-274.693,36.697,0.791675,-0.601071,-0.109387,0.590041,0.798667,-0.118248,0.158439,0.029071,0.986941,0,0.82739,0.37276,22.229,-0.347,15.114,615.675,-1,617.514,13.310,505.505,509.763,505.765,528.287,-1,593.638,571.753,-1,-1,-1,23.179,41.186,1,0,2,0,1,0,0,0,0,2,0,0,2,2,2,1,1
46,-4819.209,-1450.213,-269.480,36.259,0.794596,-0.595150,-0.120055,0.582809,0.803110,-0.123886,0.170148,0.028470,0.985007,0,0.82511,0.37749,22.396,-0.439,-1,645.833,-1,649.881,-1,528.468,533.685,512.141,537.127,-1,550.658,530.300,-1,-1,-1,-1,-1,2,0,2,0,2,0,0,0,0,2,0,0,2,2,2,2,2
47,-4800.074,-1438.377,-264.641,35.837,0.797861,-0.589486,-0.126189,0.576210,0.807249,-0.127792,0.177198,0.029249,0.983741,0,0.82236,0.38320,22.500,-0.422,-1,665.512,-1,669.143,-1,543.796,548.775,519.649,541.741,-1,542.506,523.243,-1,-1,-1,-1,-1,2,0,2,0,2,0,0,0,0,2,0,0,2,2,2,2,2
48,-4781.040,-1426.570,-260.294,35.492,0.800984,-0.585048,-0.127057,0.571162,0.810361,-0.130723,0.179441,0.032137,0.983244,0,0.81967,0.38878,22.398,-0.345,-1,673.753,-1,672.634,-1,549.596,554.115,529.669,539.980,-1,557.058,535.795,-1,-1,-1,-1,-1,2,0,2,0,2,0,0,0,0,2,0,0,2,2,2,2,2
49,-4761.974,-1414.646,-256.632,35.233,0.803652,-0.581914,-0.124580,0.567611,0.812435,-0.133295,0.178779,0.036409,0.983215,0,0.81735,0.39358,22.488,-0.259,-1,675.534,-1,666.784,-1,548.269,551.664,540.646,532.999,-1,582.987,557.967,-1,-1,-1,-1,-1,2,0,2,0,2,0,0,0,0,2,0,0,2,2,2,2,2
50,-4742.831,-1402.539,-253.839,35.037,0.805922,-0.579686,-0.120224,0.565085,0.813783,-0.135784,0.176548,0.041495,0.983417,0,0.81545,0.39753,22.650,-0.196,-1,670.936,-1,653.911,-1,541.904,543.786,551.057,521.862,-1,612.971,583.211,-1,-1,-1,-1,-1,2,0,2,0,2,0,0,0,0,2,0,0,2,2,2,2,2
51,-4723.839,-1389.844,-251.930,34.985,0.806934,-0.579621,-0.113570,0.564696,0.813454,-0.139321,0.173138,0.048290,0.983713,0,0.81384,0.40087,22.844,-0.052,-1,662.127,-1,634.230,-1,531.430,530.949,564.415,504.754,-1,646.020,610.008,-1,-1,-1,-1,-1,2,0,2,0,2,0,0,0,0,2,0,0,2,2,2,2,2
52,-4701.364,-1373.780,-250.677,35.158,0.806101,-0.582725,-0.103117,0.567752,0.810689,-0.142975,0.166911,0.056707,0.984340,0,0.81294,0.40273,27.625,0.173,-1,642.657,-1,602.841,-1,512.502,508.983,579.690,480.581,-1,694.456,649.900,-1,-1,-1,-1,-1,2,0,2,0,2,0,0,0,0,2,0,0,2,2,2,2,2
53,-4686.967,-1362.222,-250.296,35.506,0.803423,-0.587948,-0.093958,0.573194,0.806459,-0.145163,0.161122,0.062771,0.984936,0,0.81303,0.40255,18.462,0.348,-1,624.507,-1,577.269,16.082,496.012,490.305,590.388,461.884,-1,737.804,685.678,-1,-1,-1,-1,22.343,2,0,2,0,1,0,0,0,0,2,0,0,2,2,2,2,1
54,-4669.860,-1346.701,-249.583,36.196,0.797339,-0.597603,-0.084390,0.583482,0.799019,-0.145320,0.154273,0.066630,0.985779,0,0.81425,0.40002,23.099,0.691,-1,601.195,-1,549.972,16.255,476.292,469.116,596.686,444.784,-1,800.806,736.748,-1,-1,-1,-1,22.279,2,0,2,0,1,0,0,0,0,2,0,0,2,2,2,2,1
55,-4653.901,-1331.031,-247.652,36.836,0.790957,-0.605995,-0.084602,0.592479,0.793067,-0.141468,0.152824,0.061770,0.986321,0,0.81707,0.39417,22.365,0.639,13.501,589.376,-1,544.269,16.090,467.706,462.297,586.421,445.655,-1,820.565,761.592,-1,-1,-1,44.328,22.340,1,0,2,0,1,0,0,0,0,2,0,0,2,2,2,1,1
56,-4638.759,-1315.830,-243.220,37.238,0.785202,-0.610594,-0.103118,0.596827,0.790612,-0.136859,0.165092,0.045918,0.985209,0,0.81970,0.38871,21.456,0.403,15.433,612.554,-1,587.682,17.004,488.574,487.958,560.244,472.766,-1,742.127,713.129,-1,-1,-1,46.186,22.179,1,0,2,0,1,0,0,0,0,2,0,0,2,2,2,1,1
57,-4624.933,-1299.692,-236.885,37.894,0.775707,-0.618279,-0.126527,0.603733,0.785403,-0.136558,0.183805,0.029541,0.982519,0,0.82121,0.38557,21.251,0.655,34.800,662.708,-1,662.560,18.067,530.322,535.654,541.761,506.301,-1,658.595,649.563,-1,-1,-1,35.806,22.338,1,0,2,0,1,0,0,0,0,2,0,0,2,2,2,1,1
58,-4612.348,-1282.776,-229.978,38.856,0.763160,-0.629898,-0.144273,0.614829,0.776501,-0.137952,0.198924,0.016576,0.979875,0,0.82403,0.37973,21.084,0.963,-1,718.442,-1,742.697,17.358,573.100,584.544,533.313,535.403,-1,613.688,615.871,-1,-1,-1,-1,22.202,2,0,2,0,1,0,0,0,0,2,0,0,2,2,2,2,1
59,-4600.054,-1265.731,-223.341,39.895,0.750411,-0.642698,-0.154345,0.627331,0.766076,-0.139942,0.208181,0.008189,0.978056,0,0.82840,0.37067,21.016,1.039,-1,760.475,-1,809.339,-1,604.353,619.600,533.018,553.615,-1,600.537,609.848,-1,-1,-1,-1,-1,2,0,2,0,2,0,0,0,0,2,0,0,2,2,2,2,2
60,-4587.896,-1248.571,-217.253,40.968,0.737748,-0.656366,-0.157831,0.640586,0.754429,-0.143131,0.213018,0.004490,0.977038,0,0.83316,0.36081,21.030,1.073,-1,790.342,-1,858.577,-1,628.332,645.407,539.988,559.967,-1,606.923,620.190,-1,-1,-1,-1,-1,2,0,2,0,2,0,0,0,0,2,0,0,2,2,2,2,2
61,-4575.780,-1231.281,-211.897,42.075,0.724925,-0.670857,-0.156315,0.654456,0.741573,-0.147506,0.214874,0.004629,0.976631,0,0.83808,0.35059,21.112,1.108,-1,809.458,-1,886.866,-1,642.294,659.504,552.314,556.417,-1,624.555,639.150,-1,-1,-1,-1,-1,2,0,2,0,2,0,0,0,0,2,0,0,2,2,2,2,2
62,-4563.628,-1213.799,-207.408,43.189,0.712038,-0.685541,-0.151773,0.668402,0.727999,-0.152498,0.215034,0.007139,0.976580,0,0.84318,0.34002,21.290,1.114,-1,822.605,-1,899.135,-1,648.670,665.359,568.271,546.174,-1,646.293,661.921,-1,-1,-1,-1,-1,2,0,2,0,2,0,0,0,0,2,0,0,2,2,2,2,2
63,-4551.407,-1196.060,-203.865,44.277,0.699333,-0.699714,-0.146059,0.681896,0.714348,-0.157242,0.214361,0.010367,0.976699,0,0.84831,0.32939,21.541,1.087,-1,828.307,-1,901.340,-1,650.737,666.399,583.281,532.819,-1,667.688,683.948,-1,-1,-1,-1,-1,2,0,2,0,2,0,0,0,0,2,0,0,2,2,2,2,2
64,-4539.157,-1178.065,-201.231,45.309,0.687190,-0.712841,-0.140097,0.694648,0.701205,-0.160550,0.212684,0.013011,0.977035,0,0.85331,0.31902,21.769,1.033,-1,824.376,-1,895.560,-1,646.017,660.253,594.400,518.878,-1,689.498,706.806,-1,-1,-1,-1,-1,2,0,2,0,2,0,0,0,0,2,0,0,2,2,2,2,2
65,-4526.803,-1159.894,-199.441,46.245,0.676183,-0.724294,-0.134812,0.706230,0.689351,-0.161353,0.209800,0.013896,0.977646,0,0.79404,0.11310,21.973,0.936,-1,809.760,-1,881.985,-1,634.284,648.262,598.791,506.633,-1,713.632,732.416,-1,-1,-1,-1,-1,2,0,2,0,2,0,0,0,0,2,0,0,2,2,2,2,2
66,-4514.226,-1141.689,-198.376,47.022,0.667205,-0.733301,-0.130797,0.716043,0.679795,-0.158620,0.205231,0.012176,0.978638,0,0.79799,0.10425,22.127,0.777,-1,782.031,-1,860.001,-1,615.197,630.066,594.304,497.437,-1,743.603,764.747,-1,-1,-1,-1,-1,2,0,2,0,2,0,0,0,0,2,0,0,2,2,2,2,2
67,-4501.584,-1123.313,-197.922,47.708,0.659544,-0.740922,-0.126632,0.725038,0.671530,-0.152861,0.198295,0.009006,0.980101,0,0.80122,0.09702,22.305,0.686,-1,741.822,-1,825.944,-1,588.149,604.129,584.116,489.397,-1,784.647,810.012,-1,-1,-1,-1,-1,2,0,2,0,2,0,0,0,0,2,0,0,2,2,2,2,2
68,-4489.246,-1104.604,-197.964,48.411,0.651940,-0.748655,-0.120372,0.734594,0.662934,-0.144530,0.188002,0.005801,0.982151,0,0.80404,0.09070,22.411,0.703,-1,690.214,-1,774.919,16.109,553.474,568.846,572.211,479.739,-1,847.515,880.783,-1,-1,-1,-1,12.246,2,0,2,0,1,0,0,0,0,2,0,0,2,2,2,2,1
69,-4475.449,-1081.463,-197.868,49.413,0.640577,-0.759445,-0.113601,0.747715,0.650572,-0.132963,0.174883,0.000232,0.984589,0,0.80695,0.08416,26.942,1.001,20.044,635.633,-1,716.403,17.562,512.362,527.873,555.275,470.609,-1,938.606,995.689,-1,-1,-1,23.858,22.230,1,0,2,0,1,0,0,0,0,2,0,0,2,2,2,1,1
70,-4467.011,-1065.458,-196.999,50.210,0.630691,-0.767933,-0.111839,0.757240,0.640518,-0.127767,0.169752,-0.004107,0.985478,0,0.81122,0.07461,18.093,0.797,19.182,614.222,-1,698.526,17.499,496.153,513.167,545.834,467.164,-1,983.674,-1,-1,-1,-1,34.238,22.220,1,0,2,0,1,0,0,0,0,2,0,2,2,2,2,1,1
71,-4457.168,-1044.943,-194.572,51.287,0.616420,-0.779117,-0.114033,0.769062,0.626791,-0.125208,0.169027,-0.010518,0.985555,0,0.81468,0.06684,22.754,1.077,18.282,607.603,-1,705.739,17.426,492.224,512.650,536.787,467.783,-1,1006.485,-1,-1,-1,-1,39.617,22.210,1,0,2,0,1,0,0,0,0,2,0,2,2,2,2,1,1
72,-4447.977,-1024.007,-190.680,52.432,0.600452,-0.790623,-0.119886,0.780618,0.612051,-0.126607,0.173475,-0.017564,0.984682,0,0.81942,0.05623,22.865,1.145,16.574,620.375,-1,742.898,17.221,504.291,528.609,531.576,473.203,-1,996.484,-1,-1,-1,-1,39.204,22.188,1,0,2,0,1,0,0,0,0,2,0,2,2,2,2,1,1
73,-4438.791,-1002.744,-185.736,53.526,0.584687,-0.801216,-0.127260,0.790895,0.597880,-0.130480,0.180628,-0.024359,0.983250,0,0.82450,0.04484,23.163,1.093,16.192,648.291,-1,802.130,17.158,525.518,554.837,529.970,481.346,-1,971.807,-1,-1,-1,-1,34.641,22.184,1,0,2,0,1,0,0,0,0,2,0,2,2,2,2,1,1
74,-4429.766,-981.258,-180.189,54.586,0.569257,-0.811297,-0.133205,0.800602,0.583865,-0.134676,0.187035,-0.029979,0.981896,0,0.82936,0.03396,23.303,1.060,16.050,678.187,-1,864.838,17.125,548.116,582.880,532.210,489.743,-1,956.373,-1,-1,-1,-1,26.696,22.182,1,0,2,0,1,0,0,0,0,2,0,2,2,2,2,1,1
75,-4421.076,-959.489,-174.634,55.688,0.553334,-0.821763,-0.136111,0.810802,0.568814,-0.138024,0.190844,-0.033986,0.981032,0,0.83408,0.02338,23.440,1.102,-1,718.902,-1,916.200,17.245,565.930,604.001,537.591,495.683,-1,960.687,-1,-1,-1,-1,-1,22.190,2,0,2,0,1,0,0,0,0,2,0,2,2,2,2,2,1
76,-4412.724,-937.472,-169.390,56.825,0.537037,-0.832526,-0.135983,0.821456,0.552785,-0.140140,0.191839,-0.036444,0.980749,0,0.83901,0.01232,23.547,1.137,-1,752.021,-1,946.508,12.988,575.484,616.144,545.102,499.379,-1,986.289,-1,-1,-1,-1,-1,10.656,2,0,2,0,1,0,0,0,0,2,0,2,2,2,2,2,1
77,-4403.833,-915.451,-164.573,57.809,0.522921,-0.841426,-0.136219,0.830684,0.538888,-0.139868,0.191095,-0.040015,0.980756,0,0.84412,0.00088,23.748,0.984,-1,789.632,-1,969.396,-1,580.528,622.442,548.348,504.265,-1,-1,-1,-1,-1,-1,-1,-1,2,0,2,0,2,0,0,0,0,2,2,2,2,2,2,2,2
78,-4394.377,-893.555,-160.222,58.579,0.511999,-0.848047,-0.136647,0.838103,0.528054,-0.136899,0.188254,-0.044432,0.981115,0,0.84852,-0.00898,23.851,0.770,-1,802.176,-1,977.224,-1,579.292,621.908,547.588,510.065,-1,-1,-1,-1,-1,-1,-1,-1,2,0,2,0,2,0,0,0,0,2,2,2,2,2,2,2,2
79,-4384.095,-871.819,-156.420,59.058,0.505337,-0.851771,-0.138276,0.842966,0.521534,-0.131949,0.184506,-0.049883,0.981565,0,0.85193,-0.01663,24.045,0.479,-1,800.155,-1,977.893,-1,573.837,619.276,542.231,517.997,-1,-1,-1,-1,-1,-1,-1,-1,2,0,2,0,2,0,0,0,0,2,2,2,2,2,2,2,2
80,-4372.877,-850.304,-153.134,59.251,0.502864,-0.852728,-0.141359,0.845276,0.519318,-0.125765,0.180653,-0.056245,0.981937,0,0.85400,-0.02127,24.263,0.193,-1,786.669,-1,978.114,-1,566.617,615.902,532.941,529.391,-1,-1,-1,-1,-1,-1,-1,-1,2,0,2,0,2,0,0,0,0,2,2,2,2,2,2,2,2
81,-4361.021,-828.631,-150.101,59.293,0.502472,-0.852729,-0.142743,0.846027,0.518965,-0.122120,0.178214,-0.059403,0.982197,0,0.85474,-0.02292,24.704,0.042,13.945,788.182,-1,979.806,-1,563.132,615.576,528.995,535.059,-1,-1,-1,-1,-1,-1,27.483,-1,1,0,2,0,2,0,0,0,0,2,2,2,2,2,2,1,2
82,-4348.768,-806.714,-147.048,59.350,0.501795,-0.853378,-0.141238,0.846791,0.517962,-0.121080,0.176483,-0.058842,0.982543,0,0.85477,-0.02300,25.110,0.057,13.878,804.360,-1,977.437,-1,564.429,616.291,532.063,533.177,-1,-1,-1,-1,-1,-1,28.082,-1,1,0,2,0,2,0,0,0,0,2,2,2,2,2,2,1,2
83,-4336.130,-784.569,-143.746,59.437,0.500609,-0.854617,-0.137915,0.847728,0.516241,-0.121873,0.175352,-0.055904,0.982917,0,0.85485,-0.02318,25.498,0.087,13.837,835.772,-1,974.775,14.174,573.063,619.016,540.439,526.915,-1,-1,-1,-1,-1,-1,28.506,25.933,1,0,2,0,1,0,0,0,0,2,2,2,2,2,2,1,1
84,-4323.242,-762.264,-139.963,59.543,0.499138,-0.856200,-0.133350,0.848839,0.514059,-0.123357,0.174168,-0.051620,0.983362,0,0.85506,-0.02363,25.761,0.107,13.825,875.775,-1,970.575,14.187,583.969,626.151,552.881,519.509,-1,-1,-1,-1,-1,-1,28.625,25.864,1,0,2,0,1,0,0,0,0,2,2,2,2,2,2,1,1
85,-4310.184,-739.731,-135.636,59.636,0.497822,-0.857602,-0.129198,0.849747,0.512118,-0.125160,0.173502,-0.047478,0.983688,0,0.85533,-0.02425,26.043,0.093,13.884,918.110,-1,970.814,14.122,598.547,637.062,567.051,515.661,-1,-1,-1,-1,-1,-1,28.033,26.234,1,0,2,0,1,0,0,0,0,2,2,2,2,2,2,1,1
86,-4297.022,-716.955,-130.958,59.711,0.496816,-0.858696,-0.125762,0.850561,0.510561,-0.125987,0.172394,-0.044375,0.984028,0,0.85554,-0.02472,26.306,0.074,13.880,956.116,-1,972.452,14.126,617.179,648.025,579.903,514.561,-1,-1,-1,-1,-1,-1,28.062,26.215,1,0,2,0,1,0,0,0,0,2,2,2,2,2,2,1,1
87,-4283.826,-693.921,-126.079,59.776,0.496048,-0.859569,-0.122791,0.851470,0.509252,-0.125145,0.170102,-0.042475,0.984511,0,0.85566,-0.02500,26.546,0.065,13.914,-1,-1,970.722,10.638,632.549,657.336,590.520,515.969,-1,-1,-1,-1,-1,-1,27.758,9.493,1,2,2,0,1,0,0,0,0,2,2,2,2,2,2,1,1
88,-4270.533,-670.609,-121.140,59.827,0.495542,-0.860242,-0.120092,0.852356,0.508215,-0.123315,0.167113,-0.041254,0.985074,0,0.85575,-0.02518,26.835,0.051,13.973,-1,-1,966.782,-1,644.986,664.636,599.699,519.212,-1,-1,-1,-1,-1,-1,27.253,-1,1,2,2,0,2,0,0,0,0,2,2,2,2,2,2,1,2
89,-4255.431,-643.444,-114.408,60.121,0.491056,-0.863739,-0.113220,0.854686,0.502833,-0.129117,0.168454,-0.033363,0.985145,0,0.85577,-0.02523,31.080,0.294,14.951,-1,-1,977.979,-1,683.406,692.100,630.004,515.300,-1,-1,-1,-1,-1,-1,23.447,-1,1,2,2,0,2,0,0,0,0,2,2,2,2,2,2,1,2
90,-4245.336,-626.068,-108.786,60.236,0.488738,-0.865616,-0.108828,0.854640,0.500095,-0.139627,0.175288,-0.024767,0.984206,0,0.85685,-0.02766,20.096,0.116,16.762,-1,-1,-1,-1,738.549,734.273,663.668,510.527,-1,-1,-1,-1,-1,-1,22.186,-1,1,2,2,2,2,0,0,0,0,2,2,2,2,2,2,1,2
91,-4232.115,-606.763,-100.886,60.153,0.489219,-0.865579,-0.106948,0.852613,0.500461,-0.150298,0.183618,-0.017657,0.982839,0,0.78826,-0.15781,23.398,-0.083,19.201,-1,-1,-1,-1,803.886,792.081,700.963,514.040,-1,-1,-1,-1,-1,-1,22.725,-1,1,2,2,2,2,0,0,0,0,2,2,2,2,2,2,1,2
92,-4218.135,-590.848,-92.752,59.446,0.499207,-0.859552,-0.109371,0.845663,0.510819,-0.154656,0.188804,-0.015286,0.981896,0,0.78765,-0.15631,21.183,-0.707,16.004,-1,-1,-1,-1,851.567,835.062,724.560,527.710,-1,-1,-1,-1,-1,-1,22.378,-1,1,2,2,2,2,0,0,0,0,2,2,2,2,2,2,1,2
93,-4204.218,-574.622,-84.994,58.630,0.510664,-0.852357,-0.112738,0.837597,0.522786,-0.158509,0.194045,-0.013484,0.980900,0,0.78436,-0.14830,21.377,-0.816,-1,-1,-1,-1,-1,893.480,876.805,746.498,540.847,-1,-1,-1,-1,-1,-1,-1,-1,2,2,2,2,2,0,0,0,0,2,2,2,2,2,2,2,2
94,-4190.112,-558.248,-78.093,57.782,0.522571,-0.844340,-0.118361,0.829251,0.535605,-0.159594,0.198146,-0.014752,0.980061,0,0.78063,-0.13921,21.612,-0.848,-1,-1,-1,-1,-1,926.428,911.774,756.592,557.360,-1,-1,-1,-1,-1,-1,-1,-1,2,2,2,2,2,0,0,0,0,2,2,2,2,2,2,2,2
95,-4175.828,-541.740,-72.215,56.933,0.534388,-0.835869,-0.125511,0.820793,0.548634,-0.159060,0.201812,-0.018019,0.979258,0,0.77676,-0.12978,21.830,-0.849,-1,-1,-1,-1,-1,951.348,939.498,757.267,575.687,-1,-1,-1,-1,-1,-1,-1,-1,2,2,2,2,2,0,0,0,0,2,2,2,2,2,2,2,2
96,-4161.319,-525.085,-67.428,56.104,0.545780,-0.827157,-0.133923,0.812319,0.561510,-0.157622,0.205577,-0.022761,0.978376,0,0.77288,-0.12032,22.089,-0.830,-1,-1,-1,-1,-1,971.923,964.749,749.904,594.672,-1,-1,-1,-1,-1,-1,-1,-1,2,2,2,2,2,0,0,0,0,2,2,2,2,2,2,2,2
97,-4146.569,-508.264,-63.767,55.300,0.556612,-0.818292,-0.143459,0.803860,0.574087,-0.155673,0.209743,-0.028671,0.977336,0,0.76906,-0.11102,22.371,-0.803,-1,-1,-1,-1,-1,990.037,988.476,732.409,613.168,-1,-1,-1,-1,-1,-1,-1,-1,2,2,2,2,2,0,0,0,0,2,2,2,2,2,2,2,2
98,-4131.585,-491.306,-61.202,54.519,0.566972,-0.809192,-0.154111,0.795427,0.586446,-0.152895,0.214099,-0.035897,0.976152,0,0.76534,-0.10195,22.629,-0.781,-1,-1,-1,-1,-1,1005.427,-1,707.980,631.729,-1,-1,-1,-1,-1,-1,-1,-1,2,2,2,2,2,0,2,0,0,2,2,2,2,2,2,2,2
99,-4116.446,-474.341,-59.530,53.767,0.576983,-0.800023,-0.164478,0.787409,0.598353,-0.148193,0.216974,-0.044007,0.975185,0,0.76169,-0.09306,22.738,-0.752,-1,-1,-1,-1,-1,-1,-1,678.057,650.393,-1,-1,-1,-1,-1,-1,-1,-1,2,2,2,2,2,2,2,0,0,2,2,2,2,2,2,2,2
100,-4101.404,-457.453,-58.398,53.129,0.585950,-0.792378,-0.169708,0.781223,0.608005,-0.141495,0.215301,-0.049671,0.975284,0,0.75816,-0.08445,22.615,-0.639,-1,-1,-1,-1,-1,999.484,-1,651.400,661.934,-1,-1,-1,-1,-1,-1,-1,-1,2,2,2,2,2,0,2,0,0,2,2,2,2,2,2,2,2
101,-4086.492,-440.723,-57.673,52.606,0.594011,-0.786644,-0.168352,0.777109,0.615214,-0.132719,0.207975,-0.051991,0.976751,0,0.75508,-0.07695,22.411,-0.522,-1,-1,-1,-1,-1,962.775,981.471,633.171,664.321,-1,-1,-1,-1,-1,-1,-1,-1,2,2,2,2,2,0,0,0,0,2,2,2,2,2,2,2,2
102,-4071.802,-423.982,-57.391,52.200,0.601098,-0.782957,-0.160187,0.774920,0.620033,-0.122707,0.195396,-0.050373,0.979430,0,0.75248,-0.07062,22.272,-0.407,-1,-1,-1,-1,-1,907.609,926.689,625.543,656.063,-1,-1,-1,-1,-1,-1,-1,-1,2,2,2,2,2,0,0,0,0,2,2,2,2,2,2,2,2
103,-4057.125,-407.344,-57.567,51.869,0.607590,-0.780518,-0.147054,0.774027,0.623397,-0.110718,0.178090,-0.046553,0.982912,0,0.75037,-0.06547,22.187,-0.331,-1,-1,-1,-1,-1,839.892,857.946,622.724,641.316,-1,-1,-1,-1,-1,-1,-1,-1,2,2,2,2,2,0,0,0,0,2,2,2,2,2,2,2,2
104,-4042.247,-390.745,-58.320,51.549,0.614040,-0.778411,-0.130506,0.773301,0.626429,-0.097938,0.157989,-0.040782,0.986598,0,0.74856,-0.06106,22.290,-0.320,-1,-1,-1,-1,-1,769.087,784.710,623.391,621.175,-1,-1,-1,-1,-1,-1,-1,-1,2,2,2,2,2,0,0,0,0,2,2,2,2,2,2,2,2
105,-4026.921,-374.067,-59.371,51.223,0.620240,-0.776399,-0.111834,0.772057,0.629439,-0.087947,0.138675,-0.031794,0.989827,0,0.74678,-0.05671,22.650,-0.326,14.729,931.641,-1,962.608,-1,708.329,719.382,635.216,594.802,-1,-1,-1,-1,-1,-1,23.915,-1,1,0,2,0,2,0,0,0,0,2,2,2,2,2,2,1,2
106,-4011.060,-357.247,-60.517,50.883,0.626183,-0.774164,-0.092553,0.770051,0.632674,-0.082124,0.122133,-0.019846,0.992315,0,0.74494,-0.05225,23.119,-0.340,14.742,865.610,-1,872.624,-1,660.414,666.521,657.557,563.874,-1,-1,-1,-1,-1,-1,23.881,-1,1,0,2,0,2,0,0,0,0,2,2,2,2,2,2,1,2
107,-3994.537,-340.370,-61.395,50.565,0.631488,-0.771863,-0.073824,0.767827,0.635753,-0.079117,0.108001,-0.006722,0.994128,0,0.74302,-0.04756,23.619,-0.318,14.719,819.055,-1,799.503,-1,622.437,623.879,686.199,533.294,-1,-1,-1,-1,-1,-1,23.936,-1,1,0,2,0,2,0,0,0,0,2,2,2,2,2,2,1,2
108,-3977.708,-323.491,-61.815,50.275,0.636196,-0.769529,-0.055501,0.765631,0.638575,-0.077657,0.095201,0.006912,0.995434,0,0.33133,0.03455,23.835,-0.290,14.693,780.152,-1,738.486,-1,590.740,587.876,723.346,504.033,-1,-1,-1,-1,-1,-1,24.002,-1,1,0,2,0,2,0,0,0,0,2,2,2,2,2,2,1,2
109,-3960.861,-306.806,-61.620,50.016,0.640308,-0.767143,-0.038703,0.763518,0.641170,-0.077079,0.083946,0.019804,0.996274,0,0.33053,0.03889,23.711,-0.260,14.678,748.533,-1,690.006,13.485,565.544,558.660,762.539,478.396,-1,-1,-1,-1,-1,-1,24.040,30.278,1,0,2,0,1,0,0,0,0,2,2,2,2,2,2,1,1
110,-3944.098,-290.127,-60.340,49.771,0.643977,-0.764567,-0.027050,0.761259,0.643902,-0.076649,0.076020,0.028768,0.996691,0,0.32979,0.04296,23.648,-0.245,14.662,728.697,-1,660.020,13.495,550.084,540.425,794.123,462.964,-1,-1,-1,-1,-1,-1,24.082,34.918,1,0,2,0,1,0,0,0,0,2,2,2,2,2,2,1,1
111,-3927.478,-273.282,-58.134,49.530,0.647408,-0.761844,-0.021366,0.758833,0.646953,-0.074989,0.070952,0.032335,0.996955,0,0.32907,0.04688,23.663,-0.240,14.659,716.068,-1,645.412,13.497,541.878,531.163,809.481,458.335,-1,-1,-1,-1,-1,-1,24.091,34.839,1,0,2,0,1,0,0,0,0,2,2,2,2,2,2,1,1
112,-3911.082,-256.250,-55.469,49.285,0.650801,-0.758972,-0.020491,0.756223,0.650378,-0.071665,0.067719,0.031144,0.997218,0,0.32836,0.05075,23.642,-0.246,14.649,706.142,-1,640.644,13.502,537.121,527.331,807.757,461.592,-1,-1,-1,-1,-1,-1,24.116,34.676,1,0,2,0,1,0,0,0,0,2,2,2,2,2,2,1,1
113,-3894.912,-239.157,-52.724,49.044,0.654092,-0.756102,-0.021764,0.753625,0.653879,-0.067020,0.064905,0.027435,0.997514,0,0.32764,0.05464,23.529,-0.241,14.628,695.672,-1,639.126,13.513,532.913,524.939,795.080,468.880,-1,-1,-1,-1,-1,-1,24.174,33.485,1,0,2,0,1,0,0,0,0,2,2,2,2,2,2,1,1
114,-3879.013,-222.156,-50.100,48.807,0.657367,-0.753224,-0.022850,0.751097,0.657363,-0.061047,0.061003,0.022968,0.997873,0,0.32694,0.05847,23.278,-0.237,14.608,681.297,-1,635.274,13.525,526.431,520.502,778.849,477.157,-1,-1,-1,-1,-1,-1,24.228,26.382,1,0,2,0,1,0,0,0,0,2,2,2,2,2,2,1,1
115,-3863.329,-205.376,-47.764,48.583,0.660518,-0.750490,-0.021902,0.748772,0.660593,-0.054374,0.055276,0.019515,0.998280,0,0.32625,0.06225,22.969,-0.224,14.576,662.372,-1,625.607,10.992,516.388,512.134,766.131,483.310,-1,-1,-1,-1,-1,-1,24.322,10.127,1,0,2,0,1,0,0,0,0,2,2,2,2,2,2,1,1
116,-3847.662,-188.777,-45.911,48.373,0.663468,-0.747949,-0.019527,0.746585,0.663523,-0.048455,0.049198,0.017570,0.998635,0,0.32558,0.06588,22.824,-0.210,14.534,643.724,-1,612.945,479.344,505.144,501.867,760.160,486.097,-1,-1,-1,-1,-1,-1,24.450,13.396,1,0,2,0,1,0,0,0,0,2,2,2,2,2,2,1,1
117,-3832.240,-172.686,-44.228,48.232,0.665438,-0.746300,-0.015122,0.745081,0.665305,-0.047150,0.045249,0.020108,0.998773,0,0.32494,0.06940,22.288,-0.142,14.471,635.089,-1,601.710,13.610,498.263,494.357,771.691,481.663,-1,-1,-1,-1,-1,-1,24.654,22.813,1,0,2,0,1,0,0,0,0,2,2,2,2,2,2,1,1
118,-3816.970,-157.585,-41.925,48.108,0.666965,-0.745030,-0.009402,0.743559,0.666350,-0.055654,0.047729,0.030128,0.998406,0,0.32441,0.07225,21.476,-0.123,14.542,652.305,-1,601.230,13.566,505.071,497.999,820.584,467.961,-1,-1,-1,-1,-1,-1,24.426,23.567,1,0,2,0,1,0,0,0,0,2,2,2,2,2,2,1,1
119,-3801.526,-143.467,-38.785,47.842,0.670139,-0.742211,-0.006035,0.740143,0.668837,-0.069611,0.055702,0.042183,0.997556,0,0.32392,0.07495,20.925,-0.266,14.327,690.451,-1,614.011,13.714,523.845,512.946,887.097,454.401,-1,-1,-1,-1,-1,-1,25.203,30.045,1,0,2,0,1,0,0,0,0,2,2,2,2,2,2,1,1
120,-3786.409,-130.319,-34.430,47.417,0.675080,-0.737674,-0.010141,0.734587,0.673398,-0.083165,0.068178,0.048694,0.996484,0,0.32314,0.07917,20.034,-0.425,13.697,748.369,-1,645.897,14.353,553.583,540.285,940.296,452.507,-1,-1,-1,-1,-1,-1,30.302,25.096,1,0,2,0,1,0,0,0,0,2,2,2,2,2,2,1,1
121,-3771.707,-117.614,-29.320,46.971,0.680070,-0.732863,-0.020415,0.728544,0.678653,-0.093026,0.082030,0.048391,0.995454,0,0.32208,0.08498,19.432,-0.446,13.727,810.450,-1,690.314,16.317,587.872,574.258,965.142,462.132,-1,-1,-1,-1,-1,-1,15.231,22.261,1,0,2,0,1,0,0,0,0,2,2,2,2,2,2,1,1
122,-3757.782,-105.275,-24.123,46.536,0.684931,-0.727959,-0.030755,0.722667,0.684120,-0.098651,0.092854,0.045344,0.994647,0,0.32098,0.09099,18.605,-0.435,-1,859.042,-1,731.554,19.155,617.692,604.675,974.083,475.934,-1,-1,-1,-1,-1,-1,-1,22.706,2,0,2,0,1,0,0,0,0,2,2,2,2,2,2,2,1
123,-3745.868,-93.251,-19.201,46.386,0.686491,-0.726313,-0.034636,0.720542,0.685893,-0.101832,0.097718,0.044950,0.994199,0,0.31991,0.09680,16.927,-0.149,-1,889.918,-1,754.421,18.283,636.231,622.768,997.977,484.827,-1,-1,-1,-1,-1,-1,-1,22.399,2,0,2,0,1,0,0,0,0,2,2,2,2,2,2,2,1
124,-3734.117,-81.406,-15.234,46.307,0.687281,-0.725448,-0.037003,0.719384,0.686826,-0.103715,0.100655,0.044662,0.993918,0,0.31942,0.09948,16.685,-0.079,-1,908.777,-1,768.780,-1,648.566,634.760,-1,491.250,-1,-1,-1,-1,-1,-1,-1,-1,2,0,2,0,2,0,0,2,0,2,2,2,2,2,2,2,2
125,-3722.387,-69.581,-12.451,46.244,0.687932,-0.724767,-0.038245,0.718462,0.687515,-0.105526,0.102776,0.045118,0.993681,0,0.31906,0.10146,16.656,-0.064,-1,921.190,-1,776.823,-1,656.587,641.803,-1,494.053,-1,-1,-1,-1,-1,-1,-1,-1,2,0,2,0,2,0,0,2,0,2,2,2,2,2,2,2,2
126,-3710.632,-57.641,-10.868,46.188,0.688490,-0.724212,-0.038704,0.717652,0.688013,-0.107765,0.104674,0.046419,0.993423,0,0.63970,0.64724,16.755,-0.056,-1,929.951,-1,780.158,-1,661.395,645.340,-1,493.269,-1,-1,-1,-1,-1,-1,-1,-1,2,0,2,0,2,0,0,2,0,2,2,2,2,2,2,2,2
127,-3698.779,-45.504,-10.366,46.150,0.688860,-0.723881,-0.038326,0.717084,0.688224,-0.110176,0.106131,0.048413,0.993173,0,0.63906,0.64899,16.965,-0.038,-1,934.348,-1,778.508,-1,662.684,645.208,-1,489.198,-1,-1,-1,-1,-1,-1,-1,-1,2,0,2,0,2,0,0,2,0,2,2,2,2,2,2,2,2
128,-3686.876,-33.259,-10.752,46.130,0.689142,-0.723707,-0.036506,0.716870,0.688250,-0.111397,0.105744,0.050599,0.993105,0,0.63847,0.65059,17.076,-0.020,-1,927.941,-1,768.919,-1,657.580,638.893,-1,483.060,-1,-1,-1,-1,-1,-1,-1,-1,2,0,2,0,2,0,0,2,0,2,2,2,2,2,2,2,2
129,-3674.979,-20.961,-11.870,46.122,0.689480,-0.723565,-0.032712,0.717031,0.688245,-0.110390,0.102388,0.052657,0.993350,0,0.63794,0.65202,17.111,-0.008,-1,907.216,-1,749.272,-1,643.964,624.543,-1,475.309,-1,-1,-1,-1,-1,-1,-1,-1,2,0,2,0,2,0,0,2,0,2,2,2,2,2,2,2,2
130,-3663.097,-8.629,-13.648,46.116,0.690030,-0.723270,-0.027188,0.717436,0.688461,-0.106335,0.095627,0.053868,0.993959,0,0.63746,0.65333,17.125,-0.007,-1,870.998,-1,719.985,-1,621.390,602.019,-1,467.122,-1,-1,-1,-1,-1,-1,-1,-1,2,0,2,0,2,0,0,2,0,2,2,2,2,2,2,2,2
131,-3651.234,3.739,-16.069,46.102,0.690843,-0.722723,-0.020172,0.717947,0.689038,-0.098893,0.085371,0.053837,0.994894,0,0.63698,0.65463,17.138,-0.013,-1,820.532,-1,682.373,-1,590.561,572.113,-1,459.079,-1,-1,-1,-1,-1,-1,-1,-1,2,0,2,0,2,0,0,2,0,2,2,2,2,2,2,2,2
132,-3639.826,16.351,-19.133,46.188,0.690545,-0.723223,-0.009810,0.719779,0.688465,-0.089070,0.071171,0.054446,0.995977,0,0.63647,0.65601,17.006,0.085,-1,758.102,-1,635.108,-1,552.315,534.813,-1,448.478,-1,-1,-1,-1,-1,-1,-1,-1,2,0,2,0,2,0,0,2,0,2,2,2,2,2,2,2,2
133,-3628.733,29.100,-22.828,46.344,0.689344,-0.724428,0.002944,0.722476,0.687177,-0.076265,0.053226,0.054700,0.997083,0,0.63635,0.65634,16.899,0.157,-1,687.834,-1,580.806,-1,508.397,492.134,-1,437.611,-1,-1,-1,-1,-1,978.968,-1,-1,2,0,2,0,2,0,0,2,0,2,2,2,2,2,0,2,2
134,-3618.816,42.406,-26.849,46.772,0.684522,-0.728756,0.018554,0.728224,0.682410,-0.063298,0.033468,0.056840,0.997822,0,0.63651,0.65590,16.595,0.427,25.791,621.763,-1,525.101,17.804,464.727,448.379,-1,423.185,-1,-1,-1,-1,-1,857.024,37.440,22.275,1,0,2,0,1,0,0,2,0,2,2,2,2,2,0,1,1
135,-3610.059,56.672,-29.485,47.509,0.675285,-0.737035,0.027747,0.737184,0.673268,-0.057184,0.023466,0.059070,0.997978,0,0.63774,0.65256,16.739,0.737,35.576,590.885,-1,493.779,17.985,441.862,423.996,-1,411.985,-1,-1,-1,-1,-1,793.368,46.914,22.317,1,0,2,0,1,0,0,2,0,2,2,2,2,2,0,1,1
136,-3601.762,71.825,-30.187,48.343,0.664460,-0.746842,0.026815,0.746896,0.662439,-0.057623,0.025272,0.058317,0.997978,0,0.64020,0.64589,17.275,0.834,47.034,593.677,-1,489.820,18.199,441.232,421.369,-1,410.119,-1,-1,-1,-1,-1,787.716,48.575,22.374,1,0,2,0,1,0,0,2,0,2,2,2,2,2,0,1,1
137,-3594.056,87.499,-29.718,49.250,0.652452,-0.757585,0.019264,0.757209,0.650677,-0.057050,0.030686,0.051809,0.998185,0,0.64304,0.63817,17.466,0.907,24.603,605.794,-1,498.025,17.820,447.923,427.229,973.166,419.026,-1,-1,-1,-1,-1,809.778,25.157,22.279,1,0,2,0,1,0,0,0,0,2,2,2,2,2,0,1,1
138,-3586.903,103.537,-28.678,50.154,0.640326,-0.768056,0.008587,0.767298,0.639102,-0.052929,0.035165,0.040481,0.998561,0,0.64620,0.62959,17.561,0.904,-1,615.296,-1,508.661,18.734,453.750,433.782,914.252,436.930,-1,-1,-1,-1,-1,838.093,-1,22.547,2,0,2,0,1,0,0,0,0,2,2,2,2,2,0,2,1
139,-3580.899,119.829,-27.232,51.165,0.626647,-0.779303,-0.000561,0.778416,0.625967,-0.047253,0.037175,0.029174,0.998883,0,0.64938,0.62094,17.363,1.011,-1,620.696,-1,516.469,18.672,457.062,438.234,863.996,457.258,-1,-1,-1,-1,-1,859.024,-1,22.525,2,0,2,0,1,0,0,0,0,2,2,2,2,2,0,2,1
140,-3575.585,136.455,-25.760,52.305,0.611035,-0.791571,-0.007147,0.790722,0.610756,-0.041661,0.037343,0.019805,0.999106,0,0.65303,0.61104,17.454,1.140,-1,622.464,-1,519.828,18.691,459.586,440.496,830.919,476.175,-1,-1,-1,-1,-1,870.525,-1,22.531,2,0,2,0,1,0,0,0,0,2,2,2,2,2,0,2,1
141,-3570.766,153.501,-24.462,53.533,0.593951,-0.804415,-0.011777,0.803644,0.593929,-0.037479,0.037143,0.012796,0.999228,0,0.65720,0.59972,17.714,1.228,-1,628.086,-1,520.691,18.499,461.925,441.556,809.533,442.147,-1,-1,-1,-1,-1,875.878,-1,22.466,2,0,2,0,1,0,0,0,1,2,2,2,2,2,0,2,1
142,-3566.164,170.931,-23.441,54.784,0.576257,-0.817111,-0.016027,0.816406,0.576439,-0.034628,0.037533,0.006870,0.999272,0,0.66173,0.58741,18.027,1.251,-1,636.151,-1,522.039,18.956,464.959,443.098,792.556,420.143,-1,-1,-1,-1,-1,881.124,-1,22.629,2,0,2,0,1,0,0,0,1,2,2,2,2,2,0,2,1
143,-3562.026,188.690,-22.738,56.107,0.557243,-0.830143,-0.018532,0.829493,0.557543,-0.032969,0.037701,0.002999,0.999285,0,0.66636,0.57483,18.235,1.323,-1,644.863,-1,521.817,18.672,469.153,444.614,782.980,399.429,-1,-1,-1,-1,-1,880.929,-1,22.525,2,0,2,0,1,0,0,0,1,2,2,2,2,2,0,2,1
144,-3558.074,206.705,-22.187,57.469,0.537361,-0.843106,-0.020367,0.842488,0.537747,-0.032292,0.038178,0.000193,0.999271,0,0.67130,0.56143,18.444,1.362,-1,655.920,-1,521.290,18.806,473.780,446.433,777.109,379.833,-1,-1,-1,-1,-1,878.343,-1,22.573,2,0,2,0,1,0,0,0,1,2,2,2,2,2,0,2,1
145,-3554.423,225.117,-21.780,58.870,0.516580,-0.855972,-0.021357,0.855334,0.517020,-0.033067,0.039346,-0.001185,0.999225,0,0.67639,0.54760,18.770,1.401,-1,670.426,-1,521.867,18.645,479.515,449.478,776.259,361.438,-1,-1,-1,-1,-1,876.413,-1,22.516,2,0,2,0,1,0,0,0,1,2,2,2,2,2,0,2,1
146,-3551.106,243.926,-21.375,60.289,0.495183,-0.868496,-0.022550,0.867773,0.495692,-0.035494,0.042004,-0.001992,0.999115,0,0.68165,0.53331,19.099,1.419,-1,694.864,-1,525.528,18.425,490.585,456.911,777.803,344.353,-1,-1,-1,-1,-1,880.880,-1,22.442,2,0,2,0,1,0,0,0,1,2,2,2,2,2,0,2,1
147,-3548.132,263.164,-20.923,61.743,0.472928,-0.880774,-0.024009,0.879894,0.473530,-0.039432,0.046099,-0.002477,0.998934,0,0.68701,0.51876,19.467,1.453,-1,722.991,-1,532.261,18.495,504.790,466.242,780.981,328.425,-1,-1,-1,-1,-1,891.672,-1,22.465,2,0,2,0,1,0,0,0,1,2,2,2,2,2,0,2,1
148,-3545.558,282.669,-20.250,63.203,0.450264,-0.892524,-0.025756,0.891471,0.450988,-0.043475,0.050418,-0.003386,0.998722,0,0.69252,0.50378,19.674,1.460,-1,757.674,-1,542.142,18.593,520.101,478.344,783.408,539.260,-1,-1,-1,-1,-1,907.442,-1,22.497,2,0,2,0,1,0,0,0,0,2,2,2,2,2,0,2,1
149,-3543.510,302.440,-19.358,64.695,0.426819,-0.903942,-0.026713,0.902727,0.427635,-0.047037,0.053942,-0.004038,0.998536,0,0.69809,0.48865,19.877,1.492,-1,789.335,-1,550.592,18.663,537.339,491.292,787.451,541.007,-1,-1,-1,-1,-1,917.504,-1,22.522,2,0,2,0,1,0,0,0,0,2,2,2,2,2,0,2,1
150,-3542.015,322.427,-18.169,66.209,0.402752,-0.914895,-0.027521,0.913535,0.403661,-0.050120,0.056964,-0.004956,0.998364,0,0.70382,0.47309,20.043,1.514,-1,817.652,-1,561.570,18.407,554.661,504.118,791.472,542.945,-1,-1,-1,-1,-1,929.620,-1,22.437,2,0,2,0,1,0,0,0,0,2,2,2,2,2,0,2,1
151,-3541.012,342.706,-16.742,67.731,0.378286,-0.925243,-0.028725,0.923761,0.379318,-0.052765,0.059717,-0.006575,0.998194,0,0.70967,0.45720,20.303,1.522,-1,844.335,-1,572.506,18.536,573.679,519.268,794.094,541.187,-1,-1,-1,-1,-1,948.369,-1,22.478,2,0,2,0,1,0,0,0,0,2,2,2,2,2,0,2,1
152,-3540.564,363.223,-15.202,69.259,0.353455,-0.934958,-0.030375,0.933384,0.354646,-0.054967,0.062164,-0.008923,0.998026,0,0.71559,0.44113,20.522,1.529,-1,869.062,-1,585.239,18.439,592.887,535.035,794.058,541.330,-1,-1,-1,-1,-1,973.506,-1,22.447,2,0,2,0,1,0,0,0,0,2,2,2,2,2,0,2,1
153,-3540.664,384.026,-13.758,70.808,0.328054,-0.944126,-0.031717,0.942470,0.329394,-0.057012,0.064274,-0.011190,0.997870,0,0.72158,0.42486,20.804,1.549,-1,893.081,-1,599.168,18.549,612.358,550.708,793.445,540.334,-1,-1,-1,-1,-1,999.832,-1,22.483,2,0,2,0,1,0,0,0,0,2,2,2,2,2,0,2,1
154,-3541.360,405.128,-12.463,72.372,0.302170,-0.952677,-0.033153,0.950928,0.303678,-0.059289,0.066551,-0.013611,0.997690,0,0.78827,0.15775,21.114,1.564,-1,911.270,-1,613.201,18.325,633.248,568.760,791.732,537.067,-1,-1,-1,-1,-1,-1,-1,22.411,2,0,2,0,1,0,0,0,0,2,2,2,2,2,2,2,1
155,-3542.668,430.933,-11.226,74.247,0.270837,-0.961971,-0.035497,0.960138,0.272602,-0.061835,0.069160,-0.017335,0.997455,0,0.79500,0.14088,25.838,1.876,-1,929.340,-1,633.430,18.285,659.003,591.296,785.641,533.879,-1,-1,-1,-1,-1,-1,-1,22.399,2,0,2,0,1,0,0,0,0,2,2,2,2,2,2,2,1
156,-3543.896,448.395,-10.609,75.498,0.249799,-0.967584,-0.037185,0.965730,0.251748,-0.063162,0.070476,-0.020133,0.997310,0,0.79232,0.12052,17.506,1.250,-1,938.220,-1,646.037,18.074,674.545,606.910,779.770,531.660,-1,-1,-1,-1,-1,-1,-1,22.340,2,0,2,0,1,0,0,0,0,2,2,2,2,2,2,2,1
157,-3545.750,470.522,-10.134,77.060,0.223355,-0.973951,-0.039141,0.972137,0.225511,-0.063989,0.071149,-0.023758,0.997183,0,0.78687,0.10685,22.204,1.563,-1,943.352,-1,660.899,17.858,691.802,625.088,770.906,528.122,-1,-1,-1,-1,-1,-1,-1,22.287,2,0,2,0,1,0,0,0,0,2,2,2,2,2,2,2,1
158,-3547.966,492.915,-9.940,78.590,0.197349,-0.979474,-0.041039,0.977840,0.199658,-0.062972,0.069873,-0.027702,0.997171,0,0.78002,0.08968,22.503,1.529,-1,938.680,-1,672.432,17.775,698.848,637.118,759.898,524.321,-1,-1,-1,-1,-1,-1,-1,22.270,2,0,2,0,1,0,0,0,0,2,2,2,2,2,2,2,1
159,-3550.560,515.559,-10.039,80.075,0.171981,-0.984189,-0.042364,0.982866,0.174327,-0.059864,0.066303,-0.031343,0.997307,0,0.77327,0.07274,22.792,1.485,-1,924.248,-1,677.844,17.611,698.607,642.132,748.835,519.048,-1,-1,-1,-1,-1,-1,-1,22.238,2,0,2,0,1,0,0,0,0,2,2,2,2,2,2,2,1
160,-3553.488,538.472,-10.365,81.505,0.147444,-0.988078,-0.044288,0.987169,0.149788,-0.055323,0.061298,-0.035563,0.997486,0,0.76664,0.05614,23.099,1.430,-1,902.808,-1,681.406,17.416,693.666,644.453,735.358,514.354,-1,-1,-1,-1,-1,-1,-1,22.208,2,0,2,0,1,0,0,0,0,2,2,2,2,2,2,2,1
161,-3556.714,561.688,-10.998,82.891,0.123577,-0.991235,-0.046718,0.990801,0.125866,-0.049719,0.055163,-0.040144,0.997670,0,0.76020,0.03999,23.440,1.385,-1,877.425,-1,682.018,17.330,684.874,642.221,720.148,509.834,-1,-1,-1,-1,-1,-1,-1,22.198,2,0,2,0,1,0,0,0,0,2,2,2,2,2,2,2,1
162,-3560.224,585.170,-11.905,84.224,0.100532,-0.993672,-0.050087,0.993796,0.102697,-0.042703,0.047577,-0.045483,0.997832,0,0.75390,0.02419,23.742,1.333,-1,846.559,-1,678.933,17.083,669.296,635.865,702.261,506.324,-1,-1,-1,-1,-1,-1,-1,22.181,2,0,2,0,1,0,0,0,0,2,2,2,2,2,2,2,1
163,-3564.027,608.981,-13.088,85.496,0.078471,-0.995407,-0.054832,0.996136,0.080467,-0.035181,0.039432,-0.051859,0.997876,0,0.74777,0.00882,24.113,1.272,-1,813.342,-1,674.040,16.911,650.556,625.296,681.365,504.248,-1,-1,-1,-1,-1,-1,-1,22.179,2,0,2,0,1,0,0,0,0,2,2,2,2,2,2,2,1
164,-3568.140,633.138,-14.588,86.709,0.057378,-0.996474,-0.061223,0.997862,0.059163,-0.027761,0.031285,-0.059499,0.997738,0,0.74184,-0.00604,24.505,1.213,-1,779.561,-1,669.575,16.869,631.058,612.578,657.258,504.922,-1,-1,-1,-1,-1,-1,-1,22.180,2,0,2,0,1,0,0,0,0,2,2,2,2,2,2,2,1
165,-3572.603,657.608,-16.476,87.886,0.036887,-0.997001,-0.068027,0.999063,0.038334,-0.020087,0.022635,-0.067222,0.997481,0,0.73610,-0.02043,24.873,1.176,-1,745.121,-1,663.306,16.814,610.107,597.936,633.070,505.031,-1,-1,-1,-1,-1,-1,-1,22.182,2,0,2,0,1,0,0,0,0,2,2,2,2,2,2,2,1
166,-3577.457,682.310,-18.550,89.026,0.017005,-0.997037,-0.075020,0.999769,0.017942,-0.011840,0.013151,-0.074802,0.997112,0,0.73046,-0.03456,25.175,1.140,-1,709.825,-1,654.366,16.605,587.694,581.463,609.898,504.561,-1,-1,-1,-1,-1,-1,-1,22.203,2,0,2,0,1,0,0,0,0,2,2,2,2,2,2,2,1
167,-3582.663,707.213,-20.677,90.141,-0.002458,-0.996616,-0.082156,0.999994,-0.002234,-0.002823,0.002630,-0.082163,0.996615,0,0.72492,-0.04846,25.441,1.115,-1,674.158,-1,642.273,16.510,563.426,563.327,588.133,505.265,-1,-1,-1,-1,-1,-1,-1,22.217,2,0,2,0,1,0,0,0,0,2,2,2,2,2,2,2,1
168,-3588.218,732.381,-22.840,91.209,-0.021094,-0.995749,-0.089660,0.999742,-0.021761,0.006468,-0.008392,-0.089500,0.995951,0,0.71943,-0.06223,25.774,1.068,-1,639.197,-1,628.122,16.437,538.785,543.659,567.251,505.300,-1,-1,-1,-1,-1,-1,-1,22.232,2,0,2,0,1,0,0,0,0,2,2,2,2,2,2,2,1
169,-3594.099,757.888,-25.055,92.235,-0.038997,-0.994434,-0.097875,0.999059,-0.040663,0.015081,-0.018977,-0.097195,0.995084,0,0.71408,-0.07564,26.176,1.027,-1,606.570,-1,615.390,16.259,515.645,523.722,546.517,507.463,-1,-1,-1,-1,999.802,-1,-1,22.278,2,0,2,0,1,0,0,0,0,2,2,2,2,0,2,2,1
170,-3600.327,783.730,-27.349,93.224,-0.056207,-0.992709,-0.106630,0.997998,-0.058964,0.022873,-0.028994,-0.105131,0.994036,0,0.70884,-0.08877,26.583,0.988,-1,576.321,-1,604.076,16.224,494.053,505.356,526.705,511.619,-1,-1,-1,-1,934.148,-1,-1,22.289,2,0,2,0,1,0,0,0,0,2,2,2,2,0,2,2,1
171,-3606.920,809.784,-29.689,94.200,-0.073183,-0.990708,-0.114640,0.996540,-0.077183,0.030846,-0.039408,-0.111986,0.992928,0,0.70371,-0.10165,26.875,0.977,-1,547.292,-1,591.430,16.118,472.650,486.718,513.534,511.626,-1,-1,-1,-1,872.184,1005.362,-1,22.328,2,0,2,0,1,0,0,0,0,2,2,2,2,0,0,2,1
172,-3613.834,836.192,-32.057,95.135,-0.089404,-0.988327,-0.123355,0.994823,-0.094619,0.037077,-0.048316,-0.119402,0.991670,0,0.69856,-0.11455,27.298,0.935,-1,521.851,-1,577.558,15.944,454.001,471.035,500.145,515.642,-1,-1,-1,-1,820.441,985.371,-1,22.407,2,0,2,0,1,0,0,0,0,2,2,2,2,0,0,2,1
173,-3620.970,863.010,-34.618,96.005,-0.104457,-0.985634,-0.132718,0.992969,-0.110833,0.041580,-0.055692,-0.127442,0.990281,0,0.69353,-0.12717,27.751,0.870,-1,499.141,-1,566.868,15.709,437.415,457.216,486.273,521.311,-1,-1,-1,-1,775.881,971.567,-1,22.550,2,0,2,0,1,0,0,0,0,2,2,2,2,0,0,2,1
174,-3628.305,890.300,-37.537,96.793,-0.118068,-0.982647,-0.143055,0.991131,-0.125463,0.043798,-0.060986,-0.136615,0.988745,0,0.68870,-0.13927,28.259,0.788,-1,478.868,-1,560.006,15.578,423.116,446.052,471.224,527.029,-1,-1,-1,-1,737.655,967.595,-1,22.652,2,0,2,0,1,0,0,0,0,2,2,2,2,0,0,2,1
175,-3635.842,917.973,-40.755,97.563,-0.131365,-0.979479,-0.152853,0.989436,-0.139083,0.040900,-0.061320,-0.145865,0.987402,0,0.58256,-0.35476,28.680,0.769,13.319,466.050,-1,562.445,15.088,415.281,441.534,456.357,535.309,-1,-1,-1,-1,715.228,984.775,43.578,23.217,1,0,2,0,1,0,0,0,0,2,2,2,2,0,0,1,1
176,-3643.434,945.851,-43.520,98.379,-0.145517,-0.976835,-0.156899,0.987972,-0.151858,0.029151,-0.052302,-0.150770,0.987184,0,0.57870,-0.36611,28.893,0.816,14.059,471.310,-1,583.911,13.944,421.616,450.426,443.072,536.690,-1,-1,-1,-1,723.917,-1,26.634,25.607,1,0,2,0,1,0,0,0,0,2,2,2,2,0,2,1,1
177,-3650.390,973.545,-45.070,99.095,-0.157981,-0.975059,-0.155889,0.986820,-0.161505,0.010126,-0.035050,-0.152235,0.987723,0,0.57466,-0.37802,28.554,0.717,15.444,495.585,-1,625.999,-1,442.805,474.935,435.947,534.325,-1,-1,-1,-1,759.924,-1,22.775,-1,1,0,2,0,2,0,0,0,0,2,2,2,2,0,2,1,2
178,-3656.084,1000.666,-44.976,99.547,-0.165832,-0.973805,-0.155575,0.986042,-0.166116,-0.011264,-0.014874,-0.155272,0.987760,0,0.57097,-0.38886,27.713,0.451,14.410,529.449,-1,684.039,-1,472.876,508.168,435.647,541.186,-1,-1,-1,-1,824.387,-1,24.873,-1,1,0,2,0,2,0,0,0,0,2,2,2,2,0,2,1,2
179,-3661.958,1033.083,-43.769,99.718,-0.168791,-0.972656,-0.159532,0.985602,-0.164932,-0.037229,0.009899,-0.163519,0.986490,0,0.56828,-0.39680,32.945,0.171,14.388,571.685,-1,768.994,-1,513.981,556.403,432.472,562.634,-1,-1,-1,-1,943.479,-1,24.954,-1,1,0,2,0,2,0,0,0,0,2,2,2,2,0,2,1,2
180,-3665.732,1054.676,-42.648,99.743,-0.169170,-0.971589,-0.165521,0.985270,-0.162453,-0.053412,0.025005,-0.172118,0.984759,0,0.56634,-0.40251,21.921,0.025,14.506,597.392,-1,831.541,-1,541.196,589.763,422.182,584.723,-1,-1,-1,-1,-1,-1,24.537,-1,1,0,2,0,2,0,0,0,0,2,2,2,2,2,2,1,2
181,-3670.241,1081.425,-41.057,99.650,-0.167497,-0.969510,-0.178871,0.985042,-0.157133,-0.070722,0.040459,-0.188041,0.981328,0,0.56534,-0.40543,27.127,-0.092,14.818,620.001,-1,911.620,-1,570.473,628.335,398.987,626.876,721.347,-1,-1,-1,-1,-1,23.709,-1,1,0,2,0,2,0,0,0,0,0,2,2,2,2,2,1,2
182,-3674.631,1108.084,-39.551,99.449,-0.163930,-0.966773,-0.196157,0.984986,-0.149504,-0.086318,0.054123,-0.207362,0.976766,0,0.56452,-0.40785,27.018,-0.201,14.865,637.611,-1,999.805,-1,597.649,666.505,375.672,686.723,606.401,-1,-1,-1,-1,-1,23.612,-1,1,0,2,0,2,0,0,0,0,0,2,2,2,2,2,1,2
183,-3678.855,1134.864,-38.449,99.216,-0.159782,-0.963669,-0.214036,0.984771,-0.140552,-0.102334,0.068533,-0.227128,0.971451,0,0.56407,-0.40920,27.112,-0.233,14.912,655.778,-1,-1,-1,627.423,708.534,356.858,767.855,521.378,592.716,-1,-1,-1,-1,23.521,-1,1,0,2,2,2,0,0,0,0,0,0,2,2,2,2,1,2
184,-3683.129,1161.463,-37.178,99.112,-0.157787,-0.961601,-0.224557,0.983784,-0.133440,-0.119847,0.085280,-0.239826,0.967063,0,0.56370,-0.41027,26.939,-0.104,14.829,687.779,-1,-1,-1,668.305,759.366,348.179,872.438,464.498,399.779,861.407,-1,-1,-1,23.686,-1,1,0,2,2,2,0,0,0,0,0,0,0,2,2,2,1,2
185,-3687.295,1187.990,-35.188,99.156,-0.158267,-0.961210,-0.225892,0.981895,-0.129096,-0.138620,0.104081,-0.243742,0.964239,0,0.56288,-0.41268,26.853,0.045,15.417,738.133,-1,-1,-1,722.686,821.014,352.947,947.535,457.228,295.313,524.193,-1,-1,-1,22.802,-1,1,0,2,2,2,0,0,0,0,0,0,0,2,2,2,1,2
186,-3690.808,1214.407,-32.576,99.141,-0.157699,-0.961697,-0.224212,0.980041,-0.124591,-0.154911,0.121042,-0.244166,0.962150,0,0.56155,-0.41662,26.649,-0.015,14.745,799.475,-1,-1,-1,780.303,883.760,363.837,1004.475,451.386,272.809,392.010,-1,-1,-1,23.873,-1,1,0,2,2,2,0,0,0,0,0,0,0,2,2,2,1,2
187,-3694.036,1240.649,-30.033,99.093,-0.156635,-0.962589,-0.221104,0.978669,-0.121139,-0.165927,0.132936,-0.242378,0.961031,0,0.56044,-0.41987,26.441,-0.048,-1,855.858,-1,-1,-1,826.335,932.349,377.331,-1,447.424,254.837,337.980,-1,-1,-1,-1,-1,2,0,2,2,2,0,0,0,2,0,0,0,2,2,2,2,2
188,-3697.172,1266.619,-27.952,99.036,-0.155531,-0.963856,-0.216314,0.978007,-0.119441,-0.170986,0.138969,-0.238150,0.961235,0,0.55946,-0.42277,26.158,-0.057,-1,890.207,-1,-1,-1,852.805,958.283,390.767,960.565,455.506,255.094,326.077,-1,-1,-1,-1,-1,2,0,2,2,2,0,0,0,0,0,0,0,2,2,2,2,2
189,-3700.253,1292.410,-26.546,98.993,-0.154764,-0.965394,-0.209909,0.977898,-0.119458,-0.171597,0.140584,-0.231826,0.962545,0,0.55850,-0.42560,25.974,-0.043,-1,907.825,-1,-1,-1,861.484,964.051,399.932,878.638,474.864,275.828,329.836,-1,-1,-1,-1,-1,2,0,2,2,2,0,0,0,0,0,0,0,2,2,2,2,2
190,-3703.280,1318.084,-25.933,98.965,-0.154316,-0.967119,-0.202155,0.978229,-0.120818,-0.168737,0.138764,-0.223793,0.964708,0,0.55748,-0.42860,25.852,-0.029,-1,910.818,-1,-1,-1,855.133,952.884,407.237,803.125,493.509,298.732,341.763,-1,-1,-1,-1,-1,2,0,2,2,2,0,0,0,0,0,0,0,2,2,2,2,2
191,-3706.233,1343.682,-26.210,98.964,-0.154398,-0.968971,-0.193021,0.978850,-0.123480,-0.163113,0.134217,-0.214123,0.967542,0,0.55639,-0.43179,25.768,-0.001,-1,901.429,-1,-1,-1,836.554,928.018,414.947,756.329,514.842,323.077,359.170,-1,-1,-1,-1,-1,2,0,2,2,2,0,0,0,0,0,0,0,2,2,2,2,2
192,-3709.102,1369.239,-27.423,98.990,-0.154983,-0.970802,-0.183095,0.979665,-0.127121,-0.155233,0.127425,-0.203430,0.970762,0,0.55521,-0.43528,25.717,0.026,-1,881.137,-1,-1,-1,808.282,892.636,450.904,704.874,564.469,348.486,381.124,-1,-1,-1,-1,-1,2,0,2,2,2,0,0,0,0,0,0,0,2,2,2,2,2
193,-3711.772,1399.654,-29.689,98.858,-0.152961,-0.973080,-0.172390,0.981533,-0.129317,-0.140960,0.114872,-0.190768,0.974891,0,0.70009,-0.91907,30.532,-0.132,-1,836.620,-1,-1,-1,759.658,835.121,773.124,661.567,638.961,385.184,428.551,-1,-1,-1,-1,-1,2,0,2,2,2,0,0,0,0,0,0,0,2,2,2,2,2
194,-3713.410,1419.467,-31.424,98.734,-0.151050,-0.975234,-0.161564,0.983181,-0.131239,-0.127012,0.102663,-0.178032,0.978655,0,0.69888,-0.92189,19.881,-0.123,15.595,798.485,-1,-1,-1,718.211,785.512,823.586,624.104,722.206,452.875,486.161,-1,-1,-1,22.638,-1,1,0,2,2,2,0,0,0,0,0,0,0,2,2,2,1,2
195,-3715.726,1443.624,-32.970,98.773,-0.151940,-0.979020,-0.135773,0.984529,-0.137783,-0.108249,0.087271,-0.150120,0.984808,0,0.69824,-0.92339,24.267,0.039,20.746,768.709,-1,-1,-1,674.078,726.799,928.270,560.953,924.761,526.935,599.975,-1,-1,-1,23.443,-1,1,0,2,2,2,0,0,0,0,0,0,0,2,2,2,1,2
196,-3716.101,1466.178,-33.542,98.650,-0.150034,-0.982707,-0.108522,0.986252,-0.141073,-0.086048,0.069251,-0.119940,0.990363,0,0.69659,-0.92723,22.558,-0.123,18.078,736.493,-1,928.545,-1,630.586,669.028,-1,505.587,-1,754.711,979.714,-1,-1,-1,22.341,-1,1,0,2,0,2,0,0,2,0,2,0,0,2,2,2,1,2
197,-3715.201,1488.130,-33.333,98.243,-0.143176,-0.986509,-0.079373,0.988332,-0.138308,-0.063797,0.051958,-0.087581,0.994801,0,0.69588,-0.92888,21.970,-0.407,16.386,711.514,-1,820.778,-1,595.076,619.854,-1,455.423,-1,-1,-1,-1,-1,-1,22.243,-1,1,0,2,0,2,0,0,2,0,2,2,2,2,2,2,1,2
198,-3713.661,1510.404,-33.004,97.699,-0.133879,-0.989581,-0.052968,0.990369,-0.131699,-0.042726,0.035305,-0.058178,0.997682,0,0.69653,-0.92737,22.328,-0.544,16.024,686.600,-1,734.313,-1,563.777,577.143,-1,414.967,-1,-1,-1,-1,-1,-1,22.368,-1,1,0,2,0,2,0,0,2,0,2,2,2,2,2,2,1,2
199,-3711.718,1532.758,-33.104,97.086,-0.123337,-0.991805,-0.033325,0.992243,-0.122728,-0.019769,0.015517,-0.035504,0.999249,0,0.69779,-0.92444,22.438,-0.613,-1,646.754,-1,656.466,-1,527.035,532.120,-1,385.198,-1,-1,-1,-1,-1,-1,-1,-1,2,0,2,0,2,0,0,2,0,2,2,2,2,2,2,2,2
200,-3709.846,1555.149,-33.853,96.491,-0.113046,-0.993428,-0.017916,0.993566,-0.113150,0.004864,-0.006859,-0.017250,0.999828,0,0.69936,-0.92078,22.470,-0.595,-1,599.702,-1,584.822,13.378,486.939,485.866,-1,360.995,-1,-1,-1,-1,-1,-1,-1,25.782,2,0,2,0,1,0,0,2,0,2,2,2,2,2,2,2,1
201,-3708.054,1577.933,-34.762,95.914,-0.103007,-0.994630,-0.010012,0.994334,-0.103231,0.025379,-0.026276,-0.007341,0.999628,0,0.70082,-0.91738,22.854,-0.577,-1,557.761,-1,532.785,13.322,453.290,449.181,-1,346.335,-1,-1,-1,-1,-1,898.647,-1,44.553,2,0,2,0,1,0,0,2,0,2,2,2,2,2,0,2,1
202,-3706.585,1601.537,-35.616,95.394,-0.093946,-0.995525,-0.010192,0.994868,-0.094260,0.036770,-0.037566,-0.006686,0.999272,0,0.70215,-0.91427,23.650,-0.520,-1,529.629,-1,506.014,13.318,432.633,428.435,-1,341.898,-1,-1,-1,-1,958.684,835.918,-1,51.540,2,0,2,0,1,0,0,2,0,2,2,2,2,0,0,2,1
203,-3705.458,1625.917,-36.343,94.897,-0.085299,-0.996190,-0.018180,0.995604,-0.085929,0.037271,-0.038691,-0.014920,0.999140,0,0.70314,-0.91198,24.406,-0.498,9.134,517.730,-1,504.352,13.295,426.343,424.698,-1,347.346,-1,-1,-1,-1,924.249,834.033,22.570,52.984,1,0,2,0,1,0,0,2,0,2,2,2,2,0,0,1,1
204,-3704.702,1651.098,-37.039,94.381,-0.076352,-0.996665,-0.028803,0.996648,-0.077138,0.027247,-0.029378,-0.026626,0.999214,0,0.70392,-0.91015,25.193,-0.516,15.929,524.679,-1,524.878,13.390,435.013,436.950,-1,357.473,-1,-1,-1,-1,947.202,885.273,22.415,47.270,1,0,2,0,1,0,0,2,0,2,2,2,2,0,0,1,1
205,-3703.645,1676.733,-37.899,93.736,-0.065157,-0.996995,-0.041908,0.997794,-0.065630,0.009998,-0.012719,-0.041164,0.999071,0,0.70467,-0.90841,25.656,-0.645,16.660,544.714,-1,561.756,14.325,454.558,461.186,-1,371.130,-1,-1,-1,-1,-1,983.815,22.195,35.561,1,0,2,0,1,0,0,2,0,2,2,2,2,2,0,1,1
206,-3701.733,1702.472,-39.160,92.890,-0.050422,-0.997066,-0.057586,0.998702,-0.049919,-0.010149,0.007245,-0.058023,0.998289,0,0.81613,-0.39410,25.810,-0.846,16.510,570.150,-1,608.672,-1,479.745,492.255,-1,387.238,-1,-1,-1,-1,-1,-1,22.217,-1,1,0,2,0,2,0,0,2,0,2,2,2,2,2,2,1,2
207,-3699.352,1728.380,-40.697,91.914,-0.033386,-0.996674,-0.074336,0.999006,-0.031080,-0.031957,0.029541,-0.075329,0.996721,0,0.81865,-0.38901,26.018,-0.976,17.515,601.590,-1,667.936,-1,510.576,529.700,-1,404.393,-1,-1,-1,-1,-1,-1,22.222,-1,1,0,2,0,2,0,0,2,0,2,2,2,2,2,2,1,2
208,-3695.868,1753.653,-41.605,90.782,-0.013633,-0.995757,-0.091004,0.998721,-0.009128,-0.049733,0.048691,-0.091565,0.994608,0,0.82183,-0.38262,25.512,-1.132,17.377,630.502,-1,726.460,-1,539.948,565.620,-1,421.902,-1,-1,-1,-1,-1,-1,22.203,-1,1,0,2,0,2,0,0,2,0,2,2,2,2,2,2,1,2
209,-3691.505,1778.191,-41.273,89.558,0.007693,-0.994715,-0.102385,0.998151,0.013812,-0.059190,0.060291,-0.101740,0.992982,0,0.82592,-0.37437,24.922,-1.224,17.163,650.105,-1,761.203,-1,560.185,589.413,953.707,434.023,-1,988.004,-1,-1,-1,-1,22.184,-1,1,0,2,0,2,0,0,0,0,2,0,2,2,2,2,1,2
210,-3686.538,1802.189,-39.735,88.359,0.028577,-0.993951,-0.106037,0.997493,0.035226,-0.061372,0.064736,-0.104017,0.992466,0,0.83059,-0.36495,24.507,-1.199,16.774,661.605,-1,770.857,-1,570.171,599.743,916.388,437.495,-1,973.227,993.631,-1,-1,-1,22.185,-1,1,0,2,0,2,0,0,0,0,2,0,0,2,2,2,1,2
211,-3681.123,1825.899,-37.423,87.208,0.048617,-0.993616,-0.101804,0.996833,0.054690,-0.057738,0.062938,-0.098675,0.993127,0,0.83523,-0.35560,24.321,-1.151,16.456,665.131,-1,755.901,-1,569.951,596.670,913.038,431.605,-1,-1,-1,-1,-1,-1,22.228,-1,1,0,2,0,2,0,0,0,0,2,2,2,2,2,2,1,2
212,-3675.198,1849.641,-34.790,86.153,0.066978,-0.993438,-0.092711,0.996080,0.071957,-0.051441,0.057775,-0.088902,0.994363,0,0.83968,-0.34664,24.470,-1.055,16.483,664.111,-1,728.163,-1,564.202,586.325,926.727,420.252,-1,-1,-1,-1,-1,-1,22.224,-1,1,0,2,0,2,0,0,0,0,2,2,2,2,2,2,1,2
213,-3668.927,1873.827,-32.461,85.218,0.083248,-0.993209,-0.081274,0.995174,0.087109,-0.045172,0.051944,-0.077122,0.995668,0,0.84368,-0.33858,24.986,-0.935,16.197,662.218,-1,698.055,-1,556.944,573.886,950.191,406.031,-1,-1,-1,-1,-1,-1,22.298,-1,1,0,2,0,2,0,0,0,0,2,2,2,2,2,2,1,2
214,-3662.385,1898.646,-30.819,84.372,0.097962,-0.992706,-0.070277,0.994093,0.100924,-0.039908,0.046709,-0.065952,0.996729,0,0.84706,-0.33177,25.667,-0.846,-1,659.560,-1,670.349,-1,549.465,560.179,972.947,391.740,-1,-1,-1,-1,-1,-1,15.780,-1,2,0,2,0,2,0,0,0,0,2,2,2,2,2,2,1,2
215,-3655.721,1924.100,-29.963,83.616,0.111085,-0.991955,-0.060710,0.992925,0.113358,-0.035363,0.041961,-0.056352,0.997529,0,0.84995,-0.32595,26.312,-0.756,-1,654.557,-1,644.921,-1,541.034,546.214,986.717,378.327,-1,-1,-1,-1,-1,-1,-1,-1,2,0,2,0,2,0,0,0,0,2,2,2,2,2,2,2,2
216,-3649.025,1950.139,-29.766,82.944,0.122745,-0.990975,-0.053871,0.991710,0.124553,-0.031598,0.038023,-0.049546,0.998048,0,0.85231,-0.32119,26.886,-0.672,-1,647.553,-1,623.385,13.274,532.014,533.261,989.601,367.380,-1,-1,-1,-1,-1,-1,-1,19.341,2,0,2,0,1,0,0,0,0,2,2,2,2,2,2,2,1
217,-3642.415,1976.841,-29.786,82.338,0.133237,-0.989725,-0.051889,0.990403,0.134904,-0.030054,0.036745,-0.047387,0.998201,0,0.85417,-0.31744,27.508,-0.606,11.234,643.392,-1,611.992,13.281,526.789,526.044,973.058,361.502,-1,-1,-1,-1,-1,-1,9.458,31.796,1,0,2,0,1,0,0,0,0,2,2,2,2,2,2,1,1
218,-3635.884,2004.298,-29.873,81.771,0.143016,-0.988205,-0.054749,0.988958,0.144858,-0.031275,0.038837,-0.049672,0.998010,0,0.85559,-0.31458,28.223,-0.567,15.258,644.560,-1,611.964,13.281,527.141,525.842,481.009,360.616,-1,-1,-1,-1,-1,-1,22.983,34.824,1,0,2,0,1,0,0,0,0,2,2,2,2,2,2,1,1
219,-3629.438,2032.336,-29.625,81.217,0.152550,-0.986437,-0.060589,0.987364,0.154782,-0.033996,0.042913,-0.054637,0.997584,0,0.85669,-0.31237,28.769,-0.554,15.304,649.484,-1,621.189,13.275,531.647,530.699,475.957,363.505,-1,-1,-1,-1,-1,-1,22.926,36.671,1,0,2,0,1,0,0,0,0,2,2,2,2,2,2,1,1
220,-3622.822,2060.728,-28.913,80.637,0.162515,-0.984413,-0.067233,0.985591,0.165192,-0.036350,0.046890,-0.060357,0.997075,0,0.85760,-0.31053,29.153,-0.580,15.311,654.801,-1,632.119,13.274,536.949,536.944,470.950,368.195,-1,-1,-1,-1,-1,-1,22.918,32.052,1,0,2,0,1,0,0,0,0,2,2,2,2,2,2,1,1
221,-3615.945,2089.251,-27.595,80.051,0.172560,-0.982338,-0.072355,0.983799,0.175509,-0.036543,0.048597,-0.064877,0.996709,0,0.85857,-0.30858,29.341,-0.585,15.288,656.441,-1,638.052,13.276,539.461,539.729,468.844,373.006,-1,-1,-1,-1,-1,-1,22.946,29.021,1,0,2,0,1,0,0,0,0,2,2,2,2,2,2,1,1
222,-3607.165,2123.706,-25.370,79.340,0.184752,-0.979858,-0.075800,0.981569,0.187809,-0.035343,0.048867,-0.067874,0.996496,0,0.85953,-0.30665,35.556,-0.711,15.252,656.819,-1,640.947,13.283,540.992,539.305,467.489,377.460,-1,-1,-1,-1,-1,-1,22.988,29.533,1,0,2,0,1,0,0,0,0,2,2,2,2,2,2,1,1
223,-3600.988,2146.898,-23.693,78.862,0.192937,-0.978214,-0.076632,0.979989,0.196005,-0.034687,0.048952,-0.068406,0.996456,0,0.86068,-0.30432,24.000,-0.478,15.096,658.279,-1,642.768,13.315,542.053,538.944,471.393,378.885,-1,-1,-1,-1,-1,-1,23.206,30.335,1,0,2,0,1,0,0,0,0,2,2,2,2,2,2,1,1
224,-3592.974,2176.183,-21.452,78.308,0.202410,-0.976314,-0.076428,0.978069,0.205452,-0.034214,0.049106,-0.067827,0.996488,0,0.86144,-0.30280,30.362,-0.554,15.125,662.132,-1,644.680,13.308,543.322,539.523,488.511,379.352,-1,-1,-1,-1,-1,-1,23.163,29.653,1,0,2,0,1,0,0,0,0,2,2,2,2,2,2,1,1
225,-3584.529,2205.721,-19.214,77.767,0.211628,-0.974425,-0.075564,0.976124,0.214602,-0.033582,0.048939,-0.066653,0.996575,0,0.86212,-0.30143,30.722,-0.540,14.422,665.610,-1,645.130,13.288,544.006,539.431,492.564,378.898,-1,-1,-1,-1,-1,-1,12.169,31.069,1,0,2,0,1,0,0,0,0,2,2,2,2,2,2,1,1
226,-3573.713,2241.436,-16.669,77.079,0.223338,-0.971834,-0.075223,0.973542,0.226225,-0.032233,0.048342,-0.066034,0.996646,0,0.86268,-0.30029,37.317,-0.688,-1,666.425,-1,644.431,13.282,543.379,538.008,494.429,379.603,-1,-1,-1,-1,-1,-1,-1,31.671,2,0,2,0,1,0,0,0,0,2,2,2,2,2,2,2,1
227,-3566.121,2265.509,-15.164,76.600,0.231478,-0.969872,-0.075938,0.971629,0.234379,-0.031688,0.048532,-0.066448,0.996609,0,0.86352,-0.29860,25.242,-0.480,-1,667.047,-1,646.549,13.297,543.514,537.626,493.243,381.000,-1,-1,-1,-1,-1,-1,-1,32.604,2,0,2,0,1,0,0,0,0,2,2,2,2,2,2,2,1
228,-3556.331,2295.926,-13.421,76.005,0.241541,-0.967262,-0.077858,0.969119,0.244552,-0.031658,0.049661,-0.067807,0.996462,0,0.86414,-0.29734,31.953,-0.595,-1,668.568,-1,652.100,13.306,544.907,539.031,489.362,383.446,-1,-1,-1,-1,-1,-1,-1,34.764,2,0,2,0,1,0,0,0,0,2,2,2,2,2,2,2,1
229,-3546.201,2326.665,-11.910,75.439,0.251091,-0.964640,-0.080136,0.966627,0.254232,-0.031588,0.050844,-0.069531,0.996283,0,0.86482,-0.29598,32.365,-0.566,-1,669.049,-1,658.606,13.289,545.781,540.702,484.505,385.769,-1,-1,-1,-1,-1,-1,-1,33.569,2,0,2,0,1,0,0,0,0,2,2,2,2,2,2,2,1
230,-3535.627,2357.568,-10.468,74.844,0.261099,-0.961735,-0.083027,0.963931,0.264359,-0.030845,0.051614,-0.071978,0.996070,0,0.86528,-0.29506,32.663,-0.595,-1,666.678,-1,664.361,13.272,545.046,541.330,478.569,388.631,-1,-1,-1,-1,-1,-1,-1,34.468,2,0,2,0,1,0,0,0,0,2,2,2,2,2,2,2,1
231,-3524.565,2388.690,-9.127,74.210,0.271731,-0.958455,-0.086751,0.960939,0.275142,-0.029903,0.052530,-0.075237,0.995781,0,0.86582,-0.29398,33.029,-0.634,-1,663.526,-1,672.132,13.296,544.580,541.934,470.911,393.106,-1,-1,-1,-1,-1,-1,-1,34.055,2,0,2,0,1,0,0,0,0,2,2,2,2,2,2,2,1
232,-3513.181,2420.062,-7.745,73.578,0.282301,-0.955041,-0.090574,0.957827,0.285876,-0.029013,0.053602,-0.078563,0.995467,0,0.86649,-0.29262,33.373,-0.632,-1,660.798,-1,680.863,13.293,544.215,543.596,463.419,399.040,-1,-1,-1,-1,-1,-1,-1,36.258,2,0,2,0,1,0,0,0,0,2,2,2,2,2,2,2,1
233,-3501.458,2451.569,-6.240,72.964,0.292550,-0.951693,-0.093245,0.954745,0.296166,-0.027334,0.053630,-0.081029,0.995268,0,0.86706,-0.29148,33.617,-0.614,-1,656.359,-1,685.846,13.309,542.183,543.728,457.814,403.927,-1,-1,-1,-1,-1,-1,-1,34.917,2,0,2,0,1,0,0,0,0,2,2,2,2,2,2,2,1
234,-3489.479,2483.293,-4.600,72.402,0.301902,-0.948595,-0.094990,0.951855,0.305490,-0.025466,0.053175,-0.082729,0.995152,0,0.83883,0.09671,33.910,-0.562,-1,651.596,-1,691.924,13.474,539.760,543.403,454.679,407.968,-1,-1,-1,-1,-1,-1,-1,35.662,2,0,2,0,1,0,0,0,0,2,2,2,2,2,2,2,1
235,-3477.510,2515.389,-2.865,71.973,0.309034,-0.946288,-0.095064,0.949598,0.312540,-0.024137,0.052552,-0.082813,0.995179,0,0.83884,0.09673,34.256,-0.429,-1,648.146,-1,696.913,13.501,538.428,543.615,455.773,409.952,-1,-1,-1,-1,-1,-1,-1,34.694,2,0,2,0,1,0,0,0,0,2,2,2,2,2,2,2,1
236,-3465.358,2547.733,-1.013,71.600,0.315224,-0.944203,-0.095474,0.947595,0.318661,-0.022788,0.051941,-0.083287,0.995171,0,0.83802,0.09502,34.551,-0.373,-1,644.759,-1,702.875,13.575,537.789,544.758,457.463,413.668,-1,-1,-1,-1,-1,-1,-1,32.636,2,0,2,0,1,0,0,0,0,2,2,2,2,2,2,2,1
237,-3450.773,2587.006,1.220,71.239,0.321203,-0.942119,-0.096123,0.945627,0.324562,-0.021199,0.051170,-0.084087,0.995144,0,0.83677,0.09242,41.894,-0.361,-1,640.722,-1,710.010,13.725,537.279,546.693,459.611,418.603,-1,-1,-1,-1,-1,-1,-1,29.888,2,0,2,0,1,0,0,0,0,2,2,2,2,2,2,2,1
238,-3441.057,2613.463,2.671,71.053,0.324275,-0.941025,-0.096531,0.944616,0.327567,-0.020031,0.050470,-0.084689,0.995128,0,0.83456,0.08782,28.184,-0.186,-1,637.718,-1,712.627,13.748,536.511,547.254,461.221,421.945,-1,-1,-1,-1,-1,-1,-1,29.557,2,0,2,0,1,0,0,0,0,2,2,2,2,2,2,2,1
239,-3428.960,2646.782,4.484,70.883,0.327112,-0.940058,-0.096380,0.943722,0.330244,-0.018109,0.048853,-0.085033,0.995180,0,0.83263,0.08380,35.447,-0.171,-1,632.687,-1,712.912,13.881,534.142,546.327,463.934,428.230,-1,-1,-1,-1,-1,-1,-1,28.048,2,0,2,0,1,0,0,0,0,2,2,2,2,2,2,2,1
240,-3416.994,2680.436,6.320,70.783,0.328785,-0.939467,-0.096451,0.943219,0.331772,-0.016303,0.047316,-0.085615,0.995204,0,0.82969,0.07768,35.718,-0.100,-1,628.062,-1,716.553,13.968,532.091,545.149,466.357,438.871,-1,-1,-1,-1,-1,-1,-1,27.290,2,0,2,0,1,0,0,0,0,2,2,2,2,2,2,2,1
241,-3405.184,2714.391,8.016,70.753,0.329286,-0.939286,-0.096502,0.943110,0.332150,-0.014826,0.045979,-0.086130,0.995222,0,0.82611,0.07021,35.950,-0.029,13.912,623.795,-1,719.530,14.092,529.842,544.169,468.703,449.072,-1,-1,-1,-1,-1,-1,27.767,26.415,1,0,2,0,1,0,0,0,0,2,2,2,2,2,2,1,1
242,-3393.901,2747.749,10.710,70.953,0.325927,-0.941036,-0.090678,0.944031,0.329107,-0.022238,0.050770,-0.078355,0.995632,0,0.82186,0.06135,35.215,0.199,13.768,644.139,-1,734.861,14.257,543.402,557.301,489.408,446.266,-1,-1,-1,-1,-1,-1,29.309,25.518,1,0,2,0,1,0,0,0,0,2,2,2,2,2,2,1,1
243,-3382.742,2781.112,14.725,71.229,0.321159,-0.943531,-0.081282,0.944961,0.324940,-0.038238,0.062491,-0.064528,0.995957,0,0.81627,0.04969,35.179,0.276,13.693,692.330,-1,772.972,11.354,575.712,585.824,527.449,437.375,-1,-1,-1,-1,-1,-1,30.376,9.994,1,0,2,0,1,0,0,0,0,2,2,2,2,2,2,1,1
244,-3369.562,2820.251,21.340,71.341,0.318884,-0.943872,-0.086128,0.944349,0.324151,-0.055957,0.080735,-0.063491,0.994711,0,0.81000,0.03663,41.299,0.113,13.495,759.306,-1,871.362,14.666,627.567,639.009,548.964,462.792,-1,-1,-1,-1,-1,-1,34.750,24.072,1,0,2,0,1,0,0,0,0,2,2,2,2,2,2,1,1
245,-3361.073,2846.090,26.457,71.323,0.318800,-0.942592,-0.099434,0.943115,0.325909,-0.065710,0.094345,-0.072829,0.992872,0,0.80328,0.02263,27.197,-0.018,-1,805.423,-1,981.048,17.328,668.264,684.397,544.842,521.615,-1,-1,-1,-1,-1,-1,-1,22.198,2,0,2,0,1,0,0,0,0,2,2,2,2,2,2,2,1
246,-3352.771,2877.917,32.479,71.526,0.315078,-0.942555,-0.110972,0.943095,0.324044,-0.074617,0.106291,-0.081147,0.991018,0,0.79900,0.01371,32.893,0.203,-1,854.266,-1,-1,16.120,710.130,730.670,545.348,599.520,-1,-1,-1,752.869,-1,-1,-1,22.327,2,0,2,2,1,0,0,0,0,2,2,2,1,2,2,2,1
247,-3345.345,2909.322,37.691,71.934,0.308111,-0.943750,-0.120011,0.944573,0.318503,-0.079611,0.113357,-0.088830,0.989575,0,0.79196,-0.00097,32.271,0.408,-1,886.743,-1,-1,-1,739.411,763.864,544.290,695.513,-1,-1,-1,762.313,-1,-1,-1,-1,2,0,2,2,2,0,0,0,0,2,2,2,1,2,2,2,2
248,-3337.889,2940.784,41.926,72.344,0.301144,-0.944878,-0.128523,0.946139,0.312872,-0.083264,0.118886,-0.096526,0.988205,0,0.78353,-0.01853,32.334,0.410,-1,918.094,-1,-1,-1,762.940,791.834,540.536,798.869,-1,-1,-1,781.721,-1,-1,-1,-1,2,0,2,2,2,0,0,0,0,2,2,2,1,2,2,2,2
249,-3330.462,2972.377,45.071,72.760,0.294103,-0.946162,-0.135205,0.947759,0.306985,-0.086677,0.123516,-0.102650,0.987019,0,0.77471,-0.03690,32.454,0.416,-1,943.765,-1,-1,-1,782.431,814.392,536.998,893.970,-1,-1,-1,801.151,-1,-1,-1,-1,2,0,2,2,2,0,0,0,0,2,2,2,1,2,2,2,2
250,-3323.059,3004.037,47.206,73.195,0.286784,-0.947821,-0.139251,0.949604,0.300450,-0.089345,0.126521,-0.106611,0.986218,0,0.76544,-0.05621,32.514,0.435,-1,967.671,-1,-1,-1,796.294,831.351,534.871,968.333,-1,-1,-1,820.745,-1,-1,-1,-1,2,0,2,2,2,0,0,0,0,2,2,2,1,2,2,2,2
251,-3315.707,3035.758,48.346,73.644,0.279298,-0.949883,-0.140409,0.951667,0.293296,-0.091145,0.127758,-0.108166,0.985889,0,0.75564,-0.07664,32.562,0.448,-1,981.337,-1,-1,-1,802.029,838.444,533.554,-1,-1,-1,-1,839.853,-1,-1,-1,-1,2,0,2,2,2,0,0,0,2,2,2,2,1,2,2,2,2
252,-3308.405,3067.520,48.474,74.090,0.271903,-0.952254,-0.138856,0.953867,0.285781,-0.092019,0.127308,-0.107430,0.986028,0,0.74531,-0.09816,32.591,0.446,-1,985.962,-1,-1,-1,802.321,837.792,532.947,-1,-1,-1,-1,865.060,-1,-1,-1,-1,2,0,2,2,2,0,0,0,2,2,2,2,1,2,2,2,2
253,-3301.136,3099.143,47.665,74.538,0.264533,-0.954905,-0.134830,0.956345,0.277759,-0.090851,0.124204,-0.104911,0.986695,0,0.33221,-0.11079,32.447,0.449,-1,975.463,-1,-1,-1,791.696,826.234,532.983,-1,-1,-1,-1,891.031,-1,-1,-1,-1,2,0,2,2,2,0,0,0,2,2,2,2,1,2,2,2,2
254,-3293.999,3130.351,46.058,74.975,0.257464,-0.957669,-0.128770,0.959223,0.269387,-0.085565,0.116632,-0.101489,0.987976,0,0.32712,-0.13425,32.014,0.437,-1,939.197,-1,-1,-1,762.951,794.427,532.220,1002.076,-1,-1,-1,917.557,-1,-1,-1,-1,2,0,2,2,2,0,0,0,0,2,2,2,1,2,2,2,2
255,-3287.028,3161.132,43.708,75.378,0.251055,-0.960313,-0.121530,0.962333,0.261150,-0.075600,0.104337,-0.097973,0.989705,0,0.32188,-0.15838,31.560,0.403,-1,878.845,-1,-1,-1,717.716,745.396,529.114,970.252,-1,-1,-1,944.996,-1,-1,-1,-1,2,0,2,2,2,0,0,0,0,2,2,2,1,2,2,2,2
256,-3280.241,3191.534,40.558,75.743,0.245323,-0.962796,-0.113317,0.965457,0.253226,-0.061393,0.087804,-0.094342,0.991660,0,0.31655,-0.18294,31.150,0.364,-1,804.294,-1,-1,-1,660.910,685.058,520.369,931.530,-1,-1,-1,-1,-1,-1,-1,-1,2,0,2,2,2,0,0,0,0,2,2,2,2,2,2,2,2
257,-3273.504,3221.466,36.560,76.040,0.240697,-0.964828,-0.105697,0.968247,0.246264,-0.043029,0.067545,-0.091984,0.993467,0,0.31113,-0.20791,30.680,0.297,-1,719.292,-1,941.028,-1,597.552,621.044,506.505,896.445,-1,-1,-1,-1,-1,-1,-1,-1,2,0,2,0,2,0,0,0,0,2,2,2,2,2,2,2,2
258,-3267.339,3250.777,32.326,76.421,0.234512,-0.967597,-0.093594,0.970926,0.237894,-0.026623,0.048026,-0.084630,0.995254,0,0.30571,-0.23287,29.952,0.381,16.073,651.688,-1,787.001,-1,544.701,564.077,501.178,831.615,-1,-1,-1,-1,-1,-1,22.347,-1,1,0,2,0,2,0,0,0,0,2,2,2,2,2,2,1,2
259,-3260.618,3278.498,29.435,76.718,0.229606,-0.970118,-0.078430,0.972646,0.231626,-0.017582,0.035223,-0.072248,0.996765,0,0.29998,-0.25928,28.524,0.297,19.138,618.365,-1,707.614,-1,513.016,527.235,508.811,752.554,-1,-1,-1,-1,-1,-1,22.700,-1,1,0,2,0,2,0,0,0,0,2,2,2,2,2,2,1,2
260,-3251.298,3302.355,28.202,76.464,0.233981,-0.969871,-0.067848,0.971931,0.235098,-0.008860,0.024544,-0.063871,0.997656,0,0.29455,-0.28430,25.613,-0.253,18.538,593.334,-1,657.251,-1,489.500,500.463,512.621,711.523,-1,-1,-1,-1,-1,-1,22.479,-1,1,0,2,0,2,0,0,0,0,2,2,2,2,2,2,1,2
261,-3240.789,3324.417,26.965,75.667,0.247534,-0.966803,-0.063399,0.968815,0.247741,0.004703,0.011160,-0.062586,0.997977,0,0.29096,-0.30087,24.438,-0.797,17.771,556.709,-1,609.598,-1,460.700,470.869,499.373,702.784,-1,-1,-1,-1,-1,-1,22.269,-1,1,0,2,0,2,0,0,0,0,2,2,2,2,2,2,1,2
262,-3229.260,3345.360,26.248,74.692,0.264001,-0.962467,-0.062942,0.964521,0.263556,0.015423,0.001744,-0.064780,0.997898,0,0.28875,-0.31103,23.906,-0.975,17.401,529.565,-1,583.686,18.058,440.276,451.006,480.863,713.367,-1,-1,-1,-1,-1,-1,22.207,30.712,1,0,2,0,1,0,0,0,0,2,2,2,2,2,2,1,1
263,-3217.735,3366.237,26.425,73.680,0.280994,-0.957694,-0.062168,0.959708,0.280507,0.016606,0.001535,-0.064329,0.997928,0,0.28700,-0.31907,23.847,-1.012,17.021,528.425,-1,585.904,15.498,437.566,448.418,470.424,717.843,-1,-1,-1,-1,-1,-1,22.179,34.032,1,0,2,0,1,0,0,0,0,2,2,2,2,2,2,1,1
264,-3206.537,3387.216,27.187,72.739,0.296720,-0.953010,-0.061071,0.954937,0.296593,0.011330,0.007316,-0.061681,0.998069,0,0.28517,-0.32751,23.780,-0.942,16.762,547.357,-1,611.036,14.579,448.199,457.757,466.598,716.512,-1,-1,-1,-1,-1,-1,22.186,31.400,1,0,2,0,1,0,0,0,0,2,2,2,2,2,2,1,1
265,-3195.324,3407.913,28.557,71.860,0.311304,-0.948334,-0.061260,0.950166,0.311735,0.002651,0.016583,-0.059032,0.998118,0,0.28298,-0.33762,23.539,-0.879,16.696,579.781,-1,656.414,14.410,468.893,476.751,465.735,719.353,-1,-1,-1,-1,-1,-1,22.192,23.821,1,0,2,0,1,0,0,0,0,2,2,2,2,2,2,1,1
266,-3184.062,3428.270,30.281,71.007,0.325343,-0.943531,-0.062460,0.945219,0.326369,-0.006702,0.026708,-0.056858,0.998025,0,0.28053,-0.34890,23.264,-0.853,16.025,618.976,-1,717.577,-1,493.121,501.978,465.313,726.278,-1,-1,-1,-1,-1,-1,22.368,-1,1,0,2,0,2,0,0,0,0,2,2,2,2,2,2,1,2
267,-3173.010,3448.491,32.063,70.226,0.338108,-0.938906,-0.064338,0.940448,0.339640,-0.014245,0.035226,-0.055690,0.997827,0,0.27792,-0.36094,23.045,-0.781,15.616,656.593,-1,788.288,-1,517.044,525.352,462.848,737.570,-1,-1,-1,-1,-1,-1,22.621,-1,1,0,2,0,2,0,0,0,0,2,2,2,2,2,2,1,2
268,-3162.303,3468.587,33.866,69.549,0.349116,-0.934762,-0.065862,0.936182,0.350994,-0.019132,0.041001,-0.054980,0.997645,0,0.27500,-0.37436,22.771,-0.677,15.459,687.039,-1,852.107,-1,538.060,547.606,459.964,750.570,-1,-1,-1,-1,-1,-1,22.758,-1,1,0,2,0,2,0,0,0,0,2,2,2,2,2,2,1,2
269,-3151.875,3488.492,35.583,68.946,0.358909,-0.930973,-0.066886,0.932345,0.360954,-0.021095,0.043782,-0.054789,0.997538,0,0.27173,-0.38944,22.471,-0.603,15.270,708.307,-1,901.058,-1,553.109,566.377,457.570,764.437,-1,-1,-1,-1,-1,-1,22.967,-1,1,0,2,0,2,0,0,0,0,2,2,2,2,2,2,1,2
270,-3139.778,3512.126,37.454,68.322,0.369035,-0.926979,-0.067254,0.928399,0.371049,-0.019961,0.043458,-0.055073,0.997536,0,0.26820,-0.39137,26.551,-0.623,14.843,719.109,-1,933.835,-1,561.702,578.326,454.214,780.971,-1,-1,-1,-1,-1,-1,23.657,-1,1,0,2,0,2,0,0,0,0,2,2,2,2,2,2,1,2
271,-3132.002,3527.861,38.455,67.996,0.374331,-0.924919,-0.066340,0.926328,0.376248,-0.018786,0.042336,-0.054421,0.997620,0,0.26362,-0.39137,17.551,-0.326,14.760,723.198,-1,945.492,-1,565.492,582.692,453.139,787.187,-1,-1,-1,-1,-1,-1,23.838,-1,1,0,2,0,2,0,0,0,0,2,2,2,2,2,2,1,2
272,-3122.455,3547.494,39.315,67.670,0.379624,-0.922895,-0.064422,0.924250,0.381393,-0.017347,0.040580,-0.052957,0.997772,0,0.26030,-0.39137,21.831,-0.326,14.595,727.273,-1,952.733,-1,568.486,585.650,452.027,790.319,-1,-1,-1,-1,-1,-1,24.264,-1,1,0,2,0,2,0,0,0,0,2,2,2,2,2,2,1,2
273,-3113.034,3567.056,39.809,67.413,0.383801,-0.921357,-0.061624,0.922590,0.385425,-0.016610,0.039055,-0.050479,0.997961,0,0.25589,-0.39137,21.712,-0.258,14.516,732.469,-1,956.508,-1,571.238,588.515,451.781,787.619,-1,-1,-1,-1,-1,-1,24.506,-1,1,0,2,0,2,0,0,0,0,2,2,2,2,2,2,1,2
274,-3103.867,3586.186,40.155,67.148,0.388099,-0.919744,-0.058740,0.920914,0.389505,-0.014292,0.036024,-0.048548,0.998171,0,0.25128,-0.39137,21.213,-0.264,14.455,730.249,-1,949.004,-1,569.206,588.732,451.725,786.224,-1,-1,-1,-1,-1,-1,24.708,-1,1,0,2,0,2,0,0,0,0,2,2,2,2,2,2,1,2
275,-3095.405,3604.138,41.190,66.811,0.393622,-0.917500,-0.057048,0.918875,0.394517,-0.004914,0.027015,-0.050486,0.998359,0,0.24673,-0.39137,19.847,-0.337,14.403,703.608,-1,912.079,-1,552.562,574.088,447.065,802.362,-1,-1,-1,-1,-1,-1,24.898,-1,1,0,2,0,2,0,0,0,0,2,2,2,2,2,2,1,2
276,-3087.538,3621.488,43.119,66.518,0.398414,-0.915531,-0.055404,0.917087,0.398605,0.008030,0.014732,-0.054009,0.998432,0,0.24262,-0.39137,19.050,-0.293,14.318,668.734,-1,865.569,-1,531.102,554.154,442.059,829.810,-1,-1,-1,-1,-1,-1,25.245,-1,1,0,2,0,2,0,0,0,0,2,2,2,2,2,2,1,2
277,-3080.058,3638.696,45.823,66.305,0.401867,-0.914213,-0.052122,0.915693,0.401408,0.019463,0.003129,-0.055549,0.998451,0,0.23875,-0.39137,18.763,-0.213,14.263,643.685,-1,828.055,-1,515.342,539.217,441.931,849.529,-1,-1,-1,-1,-1,-1,25.485,-1,1,0,2,0,2,0,0,0,0,2,2,2,2,2,2,1,2
278,-3072.544,3655.986,48.882,66.132,0.404629,-0.913245,-0.047533,0.914468,0.403802,0.026310,-0.004834,-0.054113,0.998523,0,0.23875,-0.39137,18.853,-0.173,14.232,635.610,-1,810.272,-1,510.645,534.820,446.949,858.628,-1,-1,-1,-1,-1,-1,25.636,-1,1,0,2,0,2,0,0,0,0,2,2,2,2,2,2,1,2
279,-3064.807,3673.428,51.648,65.978,0.407078,-0.912464,-0.041181,0.913360,0.406264,0.026906,-0.007820,-0.048565,0.998789,0,0.23875,-0.39137,19.081,-0.154,14.220,645.980,-1,811.223,-1,518.068,541.273,457.327,849.749,-1,-1,-1,-1,-1,-1,25.696,-1,1,0,2,0,2,0,0,0,0,2,2,2,2,2,2,1,2
280,-3056.900,3690.970,53.704,65.781,0.410220,-0.911384,-0.033144,0.911963,0.409676,0.022112,-0.006574,-0.039297,0.999206,0,0.23875,-0.39137,19.242,-0.197,14.241,670.973,-1,824.375,-1,534.671,555.473,474.254,822.873,-1,-1,-1,-1,-1,-1,25.595,-1,1,0,2,0,2,0,0,0,0,2,2,2,2,2,2,1,2
281,-3048.819,3708.510,54.800,65.517,0.414414,-0.909757,-0.024560,0.910084,0.414174,0.014405,-0.002933,-0.028322,0.999595,0,0.27929,-0.20374,19.312,-0.263,14.322,704.816,-1,842.390,-1,554.946,572.987,492.517,787.614,-1,-1,-1,-1,-1,-1,25.227,-1,1,0,2,0,2,0,0,0,0,2,2,2,2,2,2,1,2
282,-3040.559,3725.977,54.746,65.205,0.419377,-0.907663,-0.016448,0.907811,0.419339,0.005849,0.001589,-0.017385,0.999848,0,0.27929,-0.20374,19.322,-0.313,-1,740.475,-1,859.677,-1,574.286,590.100,508.401,749.599,-1,-1,-1,-1,-1,-1,-1,-1,2,0,2,0,2,0,0,0,0,2,2,2,2,2,2,2,2
283,-3031.955,3743.119,53.807,65.003,0.422552,-0.906281,-0.010227,0.906302,0.422609,-0.004203,0.008131,-0.007493,0.999939,0,0.27929,-0.20374,19.180,-0.201,14.399,782.739,-1,886.134,-1,596.775,610.917,520.911,716.687,-1,-1,-1,-1,-1,-1,24.917,-1,1,0,2,0,2,0,0,0,0,2,2,2,2,2,2,1,2
284,-3023.104,3759.760,52.821,64.907,0.423979,-0.905664,-0.003684,0.905404,0.423949,-0.022592,0.022023,0.006243,0.999738,0,0.27929,-0.20374,18.849,-0.096,14.579,873.288,-1,950.374,13.542,643.148,655.910,546.275,671.210,-1,-1,-1,-1,-1,-1,24.313,21.753,1,0,2,0,1,0,0,0,0,2,2,2,2,2,2,1,1
285,-3013.692,3775.826,52.226,64.761,0.426068,-0.904691,-0.000228,0.903839,0.425677,-0.043292,0.039263,0.018239,0.999062,0,0.27929,-0.20374,18.620,-0.146,14.681,1002.075,-1,-1,-1,710.421,719.924,572.221,637.466,-1,-1,-1,-1,-1,-1,24.031,-1,1,0,2,2,2,0,0,0,0,2,2,2,2,2,2,1,2
286,-3004.262,3791.413,52.291,64.553,0.429067,-0.903272,0.000100,0.901688,0.428308,-0.059248,0.053474,0.025511,0.998243,0,0.27929,-0.20374,18.218,-0.208,14.634,-1,-1,-1,-1,775.232,782.765,591.417,621.392,-1,-1,-1,-1,-1,-1,24.156,-1,1,2,2,2,2,0,0,0,0,2,2,2,2,2,2,1,2
287,-2995.116,3806.706,52.832,64.286,0.433032,-0.901375,-0.002429,0.899206,0.432174,-0.068222,0.062544,0.027358,0.997667,0,0.27929,-0.20374,17.819,-0.267,14.888,-1,-1,-1,-1,823.040,832.375,600.214,621.928,-1,-1,-1,-1,-1,-1,23.568,-1,1,2,2,2,2,0,0,0,0,2,2,2,2,2,2,1,2
288,-2986.260,3821.561,53.413,63.896,0.439047,-0.898428,-0.008006,0.896045,0.438501,-0.069423,0.065882,0.023306,0.997555,0,0.27929,-0.20374,17.294,-0.390,15.154,-1,-1,-1,-1,846.692,858.951,596.977,638.262,-1,-1,-1,-1,-1,-1,23.119,-1,1,2,2,2,2,0,0,0,0,2,2,2,2,2,2,1,2
289,-2975.740,3838.767,53.773,63.357,0.447579,-0.894028,-0.019693,0.892113,0.447923,-0.059145,0.061699,0.008904,0.998055,0,0.27929,-0.20374,20.167,-0.539,-1,-1,-1,-1,-1,836.521,856.469,571.985,685.532,-1,-1,-1,-1,-1,-1,-1,-1,2,2,2,2,2,0,0,0,0,2,2,2,2,2,2,2,2
290,-2968.890,3849.992,53.528,62.939,0.454245,-0.890407,-0.028917,0.889164,0.455145,-0.047240,0.055224,-0.004254,0.998465,0,0.27929,-0.20374,13.150,-0.418,-1,-1,-1,-1,-1,812.292,839.798,546.756,729.526,-1,-1,-1,-1,-1,-1,-1,-1,2,2,2,2,2,0,0,0,0,2,2,2,2,2,2,2,2
291,-2960.502,3863.973,52.356,62.395,0.462904,-0.885498,-0.040161,0.885251,0.464139,-0.030080,0.045276,-0.021628,0.998740,0,0.27929,-0.20374,16.304,-0.544,-1,1007.352,-1,-1,-1,773.846,809.595,512.765,786.799,-1,-1,-1,-1,-1,-1,-1,-1,2,0,2,2,2,0,0,0,0,2,2,2,2,2,2,2,2
292,-2952.496,3878.104,50.246,61.980,0.469515,-0.881697,-0.046544,0.882300,0.470513,-0.012838,0.033219,-0.035038,0.998834,0,0.27929,-0.20374,16.242,-0.414,12.833,916.225,-1,-1,-1,728.266,767.029,485.729,830.139,-1,-1,-1,-1,-1,-1,10.797,-1,1,0,2,2,2,0,0,0,0,2,2,2,2,2,2,1,2
293,-2944.391,3892.247,47.802,61.642,0.474867,-0.878782,-0.047362,0.879792,0.475359,0.000992,0.021642,-0.042140,0.998877,0,0.27929,-0.20374,16.300,-0.338,15.120,847.702,-1,-1,-1,685.977,726.435,469.567,848.841,-1,-1,-1,-1,-1,-1,23.171,-1,1,0,2,2,2,0,0,0,0,2,2,2,2,2,2,1,2
294,-2935.844,3906.317,45.432,61.352,0.479390,-0.876565,-0.042663,0.877511,0.479473,0.008924,0.012633,-0.041715,0.999050,0,0.27929,-0.20374,16.462,-0.290,14.913,806.045,-1,-1,-1,656.331,695.242,465.520,837.538,-1,-1,-1,-1,-1,-1,23.519,-1,1,0,2,2,2,0,0,0,0,2,2,2,2,2,2,1,2
295,-2926.801,3920.380,43.283,61.102,0.483237,-0.874834,-0.033875,0.875458,0.483187,0.010204,0.007441,-0.034587,0.999374,0,0.27929,-0.20374,16.720,-0.250,14.730,792.412,-1,1006.627,13.457,642.169,676.675,474.023,800.705,-1,-1,-1,-1,-1,-1,23.911,20.859,1,0,2,0,1,0,0,0,0,2,2,2,2,2,2,1,1
296,-2917.360,3934.487,41.885,60.881,0.486615,-0.873256,-0.025090,0.873596,0.486601,0.007092,0.006015,-0.025370,0.999660,0,0.27929,-0.20374,16.974,-0.221,14.628,800.123,-1,984.211,13.514,642.871,672.391,489.244,307.492,-1,-1,-1,-1,-1,-1,24.172,34.316,1,0,2,0,1,0,0,0,1,2,2,2,2,2,2,1,1
297,-2907.749,3948.631,41.519,60.693,0.489483,-0.871816,-0.018553,0.871988,0.489519,0.002832,0.006613,-0.017564,0.999824,0,0.27929,-0.20374,17.101,-0.188,14.636,817.733,-1,978.150,13.509,652.598,678.340,505.686,267.542,-1,-1,-1,-1,-1,-1,24.152,34.450,1,0,2,0,1,0,0,0,1,2,2,2,2,2,2,1,1
298,-2898.205,3962.755,42.075,60.504,0.492349,-0.870290,-0.013737,0.870371,0.492397,-0.000116,0.006865,-0.011899,0.999906,0,0.27929,-0.20374,17.046,-0.189,14.559,834.835,-1,977.527,13.555,662.499,686.839,521.516,274.934,-1,-1,-1,-1,-1,-1,24.370,33.152,1,0,2,0,1,0,0,0,1,2,2,2,2,2,2,1,1
299,-2888.930,3976.848,43.331,60.326,0.495052,-0.868801,-0.010423,0.868845,0.495084,-0.000539,0.005629,-0.008790,0.999946,0,0.27929,-0.20374,16.871,-0.178,14.703,845.208,-1,976.587,13.473,669.557,693.412,534.134,282.696,-1,-1,-1,-1,-1,-1,23.976,35.733,1,0,2,0,1,0,0,0,1,2,2,2,2,2,2,1,1
300,-2879.752,3990.855,44.748,60.130,0.498025,-0.867122,-0.008391,0.867158,0.498031,0.001500,0.002878,-0.008024,0.999964,0,0.27929,-0.20374,16.747,-0.196,14.777,846.374,-1,973.008,13.434,672.120,695.935,542.112,290.414,-1,-1,-1,-1,-1,-1,23.801,28.343,1,0,2,0,1,0,0,0,1,2,2,2,2,2,2,1,1
301,-2870.568,4004.812,45.896,59.918,0.501239,-0.865279,-0.007234,0.865309,0.501215,0.004941,-0.000650,-0.008737,0.999962,0,0.27929,-0.20374,16.707,-0.212,14.778,841.153,-1,967.297,11.979,670.971,694.335,545.998,308.119,-1,-1,-1,-1,-1,-1,23.799,11.129,1,0,2,0,1,0,0,0,1,2,2,2,2,2,2,1,1
302,-2861.395,4018.772,46.459,59.700,0.504515,-0.863381,-0.006165,0.863390,0.504456,0.009035,-0.004690,-0.009881,0.999940,0,0.27929,-0.20374,16.705,-0.217,14.772,831.127,-1,957.916,-1,666.515,689.776,547.154,330.811,-1,-1,-1,-1,-1,-1,23.810,-1,1,0,2,0,2,0,0,0,1,2,2,2,2,2,2,1,2
303,-2852.197,4032.739,46.356,59.482,0.507790,-0.861467,-0.004847,0.861435,0.507697,0.013178,-0.008892,-0.010867,0.999901,0,0.27929,-0.20374,16.723,-0.219,14.768,818.570,-1,945.389,-1,659.790,682.954,546.473,732.100,-1,-1,-1,-1,-1,-1,23.821,-1,1,0,2,0,2,0,0,0,0,2,2,2,2,2,2,1,2
304,-2842.964,4046.721,45.689,59.273,0.510901,-0.859635,-0.002990,0.859541,0.510786,0.016920,-0.013018,-0.011214,0.999852,0,0.27929,-0.20374,16.756,-0.209,14.676,805.981,-1,930.497,-1,651.894,674.725,545.470,731.412,-1,-1,-1,-1,-1,-1,24.043,-1,1,0,2,0,2,0,0,0,0,2,2,2,2,2,2,1,2
305,-2833.667,4060.726,44.647,59.085,0.513695,-0.857973,-0.000616,0.857807,0.513581,0.020063,-0.016897,-0.010835,0.999799,0,0.27929,-0.20374,16.809,-0.188,14.631,794.037,-1,914.594,-1,643.875,666.076,544.966,726.729,-1,-1,-1,-1,-1,-1,24.164,-1,1,0,2,0,2,0,0,0,0,2,2,2,2,2,2,1,2
306,-2824.328,4074.700,43.473,58.920,0.516130,-0.856507,0.002428,0.856264,0.516047,0.022507,-0.020531,-0.009538,0.999744,0,0.27929,-0.20374,16.808,-0.165,14.551,783.421,-1,898.296,13.560,636.424,657.602,546.064,718.095,-1,-1,-1,-1,-1,-1,24.398,24.769,1,0,2,0,1,0,0,0,0,2,2,2,2,2,2,1,1
307,-2815.382,4087.987,43.003,58.866,0.516914,-0.855998,0.008159,0.855762,0.516966,0.020432,-0.021708,-0.003579,0.999758,0,0.27929,-0.20374,16.018,-0.053,14.434,788.628,-1,887.845,13.637,637.833,655.977,559.920,696.426,-1,-1,-1,-1,-1,-1,24.785,28.693,1,0,2,0,1,0,0,0,0,2,2,2,2,2,2,1,1
308,-2806.474,4100.610,43.656,58.826,0.517556,-0.855518,0.014956,0.855467,0.517728,0.011605,-0.017671,0.006788,0.999821,0,0.27929,-0.20374,15.450,-0.040,14.312,819.705,-1,896.046,13.726,654.498,669.815,589.333,666.332,-1,-1,-1,-1,-1,-1,25.269,26.541,1,0,2,0,1,0,0,0,0,2,2,2,2,2,2,1,1
309,-2797.490,4113.034,45.245,58.776,0.518361,-0.854872,0.022276,0.855105,0.518452,-0.001954,-0.009879,0.020061,0.999750,0,0.48934,-0.73994,15.332,-0.050,14.224,875.695,-1,918.733,-1,684.310,696.023,631.641,632.485,-1,-1,-1,-1,-1,-1,25.682,-1,1,0,2,0,2,0,0,0,0,2,2,2,2,2,2,1,2
310,-2788.447,4125.437,47.508,58.708,0.519404,-0.854029,0.029221,0.854527,0.519165,-0.015826,-0.001655,0.033191,0.999448,0,0.48934,-0.73994,15.350,-0.068,14.401,935.917,-1,942.219,-1,717.950,722.251,641.851,603.887,-1,-1,-1,-1,-1,-1,24.907,-1,1,0,2,0,2,0,0,1,0,2,2,2,2,2,2,1,2
311,-2779.266,4137.539,50.302,58.540,0.521896,-0.852377,0.032849,0.853004,0.521377,-0.023449,0.002860,0.040258,0.999185,0,0.48934,-0.73994,15.190,-0.167,15.245,979.492,-1,961.784,-1,740.888,742.428,626.434,596.209,-1,-1,-1,-1,-1,-1,22.999,-1,1,0,2,0,2,0,0,1,0,2,2,2,2,2,2,1,2
312,-2769.828,4149.342,53.047,58.228,0.526544,-0.849532,0.032355,0.850144,0.526044,-0.023094,0.002599,0.039667,0.999210,0,0.48934,-0.73994,15.113,-0.313,13.533,989.561,-1,973.614,-1,749.717,751.810,612.751,608.807,-1,-1,-1,-1,-1,-1,11.179,-1,1,0,2,0,2,0,0,1,0,2,2,2,2,2,2,1,2
313,-2760.443,4161.031,55.204,57.831,0.532414,-0.845958,0.029854,0.846482,0.532155,-0.016694,-0.001764,0.034159,0.999415,0,0.48934,-0.73994,14.990,-0.396,-1,971.466,-1,974.419,-1,745.498,749.754,600.233,632.820,-1,-1,-1,-1,-1,-1,-1,-1,2,0,2,0,2,0,0,1,0,2,2,2,2,2,2,2,2
314,-2751.114,4172.757,56.430,57.381,0.539026,-0.841867,0.026655,0.842250,0.539035,-0.007491,-0.008062,0.026488,0.999617,0,0.48934,-0.73994,14.985,-0.450,-1,941.659,-1,967.865,-1,733.790,741.365,588.197,660.905,-1,-1,-1,-1,-1,-1,-1,-1,2,0,2,0,2,0,0,1,0,2,2,2,2,2,2,2,2
315,-2741.747,4184.617,56.480,56.907,0.545941,-0.837503,0.023200,0.837698,0.546130,0.002240,-0.014547,0.018212,0.999728,0,0.48934,-0.73994,15.113,-0.474,-1,907.803,-1,957.881,-1,718.973,730.034,580.797,687.942,-1,-1,-1,-1,-1,-1,-1,-1,2,0,2,0,2,0,0,1,0,2,2,2,2,2,2,2,2
316,-2732.291,4196.591,55.248,56.436,0.552756,-0.833113,0.019581,0.833088,0.553015,0.011760,-0.020626,0.009812,0.999739,0,0.48934,-0.73994,15.258,-0.471,-1,873.064,-1,945.591,-1,702.382,716.869,596.623,712.446,-1,-1,-1,-1,-1,-1,-1,-1,2,0,2,0,2,0,0,1,0,2,2,2,2,2,2,2,2
317,-2722.734,4208.677,52.729,55.969,0.559444,-0.828718,0.015759,0.828452,0.559665,0.021043,-0.026258,0.001283,0.999654,0,0.48934,-0.73994,15.408,-0.466,-1,838.899,-1,931.214,-1,684.112,701.825,612.510,734.013,-1,-1,-1,-1,-1,-1,-1,-1,2,0,2,0,2,0,0,1,0,2,2,2,2,2,2,2,2
318,-2712.947,4220.803,48.945,55.487,0.566316,-0.824113,0.011173,0.823589,0.566369,0.030454,-0.031425,-0.008045,0.999474,0,0.48934,-0.73994,15.583,-0.482,-1,804.035,-1,915.795,-1,664.204,685.295,593.042,753.716,-1,-1,-1,-1,-1,-1,-1,-1,2,0,2,0,2,0,0,0,0,2,2,2,2,2,2,2,2
319,-2703.008,4232.957,44.151,55.008,0.573054,-0.819474,0.008414,0.818645,0.572887,0.040258,-0.037810,-0.016182,0.999154,0,0.48934,-0.73994,15.700,-0.479,-1,764.798,-1,891.771,-1,639.858,663.790,561.958,765.437,-1,-1,-1,-1,-1,-1,-1,-1,2,0,2,0,2,0,0,0,0,2,2,2,2,2,2,2,2
320,-2692.873,4244.931,38.731,54.541,0.579460,-0.814939,0.010038,0.813590,0.579137,0.051693,-0.047940,-0.021787,0.998613,0,0.48934,-0.73994,15.687,-0.467,-1,717.452,-1,851.004,-1,606.912,632.965,535.727,766.145,-1,-1,-1,-1,-1,-1,-1,-1,2,0,2,0,2,0,0,0,0,2,2,2,2,2,2,2,2
321,-2682.376,4256.767,33.331,54.092,0.585415,-0.810556,0.017007,0.808485,0.585224,0.062165,-0.060341,-0.022642,0.997921,0,0.48934,-0.73994,15.821,-0.448,16.000,672.163,-1,798.786,-1,571.627,598.139,520.614,748.067,-1,-1,-1,-1,-1,-1,22.379,-1,1,0,2,0,2,0,0,0,0,2,2,2,2,2,2,1,2
322,-2671.323,4268.424,28.608,53.637,0.591323,-0.805906,0.029196,0.803134,0.591789,0.069007,-0.072891,-0.017357,0.997189,0,0.48934,-0.73994,16.064,-0.455,15.710,635.534,-1,743.786,13.302,540.472,564.767,520.572,709.784,-1,-1,-1,-1,-1,-1,22.549,19.323,1,0,2,0,1,0,0,0,0,2,2,2,2,2,2,1,1
323,-2659.462,4280.199,25.240,53.177,0.597324,-0.800907,0.041852,0.797779,0.598717,0.071318,-0.082177,-0.009212,0.996575,0,0.48934,-0.73994,16.713,-0.460,16.110,613.686,-1,703.491,13.516,520.405,540.903,531.533,669.480,-1,-1,-1,-1,-1,-1,22.332,37.577,1,0,2,0,1,0,0,0,0,2,2,2,2,2,2,1,1
324,-2646.746,4292.144,23.441,52.648,0.604393,-0.795054,0.050972,0.791885,0.606533,0.070959,-0.087333,-0.002523,0.996176,0,0.48934,-0.73994,17.447,-0.529,16.035,604.659,-1,682.638,13.459,511.424,529.696,545.346,641.956,-1,-1,-1,-1,-1,-1,22.363,42.657,1,0,2,0,1,0,0,0,0,2,2,2,2,2,2,1,1
325,-2633.546,4304.531,22.910,52.106,0.611771,-0.789047,0.056046,0.786037,0.614330,0.068875,-0.088777,0.001919,0.996050,0,0.48934,-0.73994,18.101,-0.542,15.964,605.545,-1,677.912,13.412,511.444,529.010,561.830,627.332,-1,-1,-1,-1,-1,-1,22.397,41.539,1,0,2,0,1,0,0,0,0,2,2,2,2,2,2,1,1
326,-2620.003,4317.180,23.226,51.532,0.619624,-0.782737,0.058209,0.779854,0.622341,0.067220,-0.088841,0.003743,0.996039,0,0.48934,-0.73994,18.531,-0.575,15.865,609.843,-1,681.904,13.360,515.387,533.431,576.714,625.970,-1,-1,-1,-1,-1,-1,22.450,36.829,1,0,2,0,1,0,0,0,0,2,2,2,2,2,2,1,1
327,-2606.278,4330.199,23.867,50.980,0.627103,-0.776721,0.058703,0.773844,0.629835,0.066879,-0.088919,0.003487,0.996033,0,0.48934,-0.73994,18.917,-0.552,15.688,613.519,-1,688.757,13.297,519.694,537.898,587.200,633.270,-1,-1,-1,-1,-1,-1,22.565,31.300,1,0,2,0,1,0,0,0,0,2,2,2,2,2,2,1,1
328,-2592.561,4343.609,24.390,50.494,0.633581,-0.771413,0.059141,0.768422,0.636330,0.067904,-0.090015,0.002423,0.995937,0,0.48934,-0.73994,19.183,-0.486,15.483,614.058,-1,692.828,13.268,521.757,540.262,594.705,642.898,-1,-1,-1,-1,-1,-1,22.738,23.454,1,0,2,0,1,0,0,0,0,2,2,2,2,2,2,1,1
329,-2578.762,4357.261,24.316,50.048,0.639398,-0.766539,0.059901,0.763303,0.642197,0.070365,-0.092406,0.000731,0.995721,0,0.48934,-0.73994,19.411,-0.446,-1,609.602,-1,691.961,-1,520.192,539.017,598.047,651.045,-1,-1,-1,-1,-1,-1,-1,-1,2,0,2,0,2,0,0,0,0,2,2,2,2,2,2,2,2
330,-2564.763,4371.018,23.391,49.594,0.645230,-0.761566,0.060788,0.757974,0.648085,0.073899,-0.095674,-0.001606,0.995411,0,0.48934,-0.73994,19.627,-0.454,-1,600.452,-1,687.023,-1,515.006,534.526,597.169,658.565,-1,-1,-1,-1,998.841,-1,-1,-1,2,0,2,0,2,0,0,0,0,2,2,2,2,0,2,2,2
331,-2550.442,4384.711,21.635,49.090,0.651605,-0.756044,0.061710,0.751974,0.654503,0.078493,-0.099734,-0.004742,0.995003,0,0.48934,-0.73994,19.814,-0.504,-1,587.380,-1,678.593,-1,506.721,527.309,591.215,666.773,-1,-1,-1,-1,965.920,-1,-1,-1,2,0,2,0,2,0,0,0,0,2,2,2,2,0,2,2,2
332,-2535.719,4398.250,19.147,48.521,0.658743,-0.749742,0.062801,0.745115,0.661678,0.083574,-0.104213,-0.008260,0.994521,0,0.48934,-0.73994,20.002,-0.570,8.070,571.931,-1,667.683,-1,496.515,518.356,581.858,673.355,-1,-1,-1,-1,929.501,-1,22.362,-1,1,0,2,0,2,0,0,0,0,2,2,2,2,0,2,1,2
333,-2520.583,4411.655,16.116,47.904,0.666406,-0.742787,0.064579,0.737623,0.669436,0.088138,-0.108699,-0.011101,0.994013,0,0.48934,-0.73994,20.219,-0.617,16.112,556.865,-1,655.011,-1,485.574,508.431,572.809,675.297,-1,-1,-1,-1,894.444,-1,22.330,-1,1,0,2,0,2,0,0,0,0,2,2,2,2,0,2,1,2
334,-2504.917,4424.833,12.948,47.247,0.674531,-0.735248,0.066467,0.729639,0.677668,0.091612,-0.112400,-0.013298,0.993574,0,0.48934,-0.73994,20.471,-0.656,16.067,543.694,-1,643.701,-1,475.926,499.656,565.138,674.485,-1,-1,-1,-1,864.594,-1,22.348,-1,1,0,2,0,2,0,0,0,0,2,2,2,2,0,2,1,2
335,-2488.752,4437.843,9.948,46.573,0.682828,-0.727320,0.068925,0.721383,0.686148,0.093847,-0.115550,-0.014359,0.993198,0,0.48934,-0.73994,20.750,-0.675,16.019,532.800,-1,633.551,13.448,467.803,492.104,560.383,670.657,-1,-1,-1,-1,842.221,-1,22.370,16.826,1,0,2,0,1,0,0,0,0,2,2,2,2,0,2,1,1
336,-2472.147,4450.719,7.364,45.904,0.690987,-0.719247,0.072256,0.713145,0.694618,0.094496,-0.118157,-0.013767,0.992900,0,0.48934,-0.73994,21.013,-0.669,15.965,524.812,-1,625.054,13.412,461.664,486.036,561.842,663.732,-1,-1,-1,-1,827.579,-1,22.396,24.481,1,0,2,0,1,0,0,0,0,2,2,2,2,0,2,1,1
337,-2455.283,4463.526,5.086,45.278,0.698555,-0.711509,0.075994,0.705373,0.702573,0.094021,-0.120289,-0.012075,0.992666,0,0.47822,-0.93696,21.176,-0.626,15.814,518.969,-1,617.367,13.340,457.001,481.025,567.037,654.838,-1,-1,-1,-1,817.653,998.240,22.481,27.397,1,0,2,0,1,0,0,0,0,2,2,2,2,0,0,1,1
338,-2438.858,4476.044,3.036,44.742,0.704838,-0.704777,0.080575,0.698513,0.709356,0.094306,-0.123621,-0.010188,0.992277,0,0.47822,-0.93696,20.652,-0.536,15.643,511.762,-1,607.149,13.288,451.023,474.434,572.676,646.447,-1,-1,-1,-1,803.930,974.393,22.599,29.506,1,0,2,0,1,0,0,0,0,2,2,2,2,0,0,1,1
339,-2422.104,4488.764,1.133,44.199,0.711329,-0.697873,0.083572,0.691705,0.716174,0.092948,-0.124718,-0.008310,0.992157,0,0.47822,-0.93696,21.035,-0.543,15.986,509.041,-1,602.532,13.420,448.695,471.676,579.371,639.226,-1,-1,-1,-1,799.508,958.428,22.387,28.397,1,0,2,0,1,0,0,0,0,2,2,2,2,0,0,1,1
340,-2404.694,4500.988,-0.697,43.499,0.719717,-0.689195,0.083768,0.682957,0.724510,0.093030,-0.124807,-0.009745,0.992133,0,0.47822,-0.93696,21.273,-0.700,16.338,506.862,-1,603.119,13.754,447.920,471.602,576.462,642.282,-1,-1,-1,-1,796.764,949.310,22.257,23.049,1,0,2,0,1,0,0,0,0,2,2,2,2,0,0,1,1
341,-2387.048,4513.219,-2.648,42.808,0.727920,-0.680482,0.084122,0.674246,0.732688,0.092524,-0.124596,-0.010632,0.992151,0,0.47822,-0.93696,21.471,-0.691,16.115,505.623,-1,603.676,8.398,447.425,471.657,574.371,643.322,-1,-1,-1,-1,795.678,940.235,22.330,8.175,1,0,2,0,1,0,0,0,0,2,2,2,2,0,0,1,1
342,-2369.015,4525.128,-4.701,42.061,0.736628,-0.671012,0.084391,0.664693,0.741347,0.092673,-0.124748,-0.012172,0.992114,0,0.47822,-0.93696,21.610,-0.746,16.980,503.374,-1,603.764,-1,446.246,471.096,569.879,645.846,-1,-1,-1,-1,792.216,930.280,22.178,-1,1,0,2,0,2,0,0,0,0,2,2,2,2,0,0,1,2
343,-2350.590,4536.142,-6.829,41.161,0.746821,-0.659566,0.085036,0.652890,0.751491,0.094845,-0.126460,-0.015313,0.991853,0,0.47822,-0.93696,21.466,-0.901,17.758,497.848,-1,600.946,-1,442.784,468.557,560.237,653.529,730.528,-1,-1,-1,780.956,916.582,22.266,-1,1,0,2,0,2,0,0,0,0,1,2,2,2,0,0,1,2
344,-2331.931,4544.750,-8.770,39.894,0.760607,-0.643514,0.085832,0.635827,0.765094,0.101759,-0.131153,-0.022824,0.991099,0,0.47822,-0.93696,20.549,-1.267,18.867,486.833,-1,595.214,16.649,435.766,463.410,540.423,673.957,741.469,-1,-1,-1,756.969,898.349,22.595,17.496,1,0,2,0,1,0,0,0,0,1,2,2,2,0,0,1,1
345,-2313.167,4551.158,-10.598,38.273,0.777745,-0.622497,0.087240,0.613636,0.781989,0.109285,-0.136250,-0.031462,0.990175,0,0.47822,-0.93696,19.829,-1.621,18.684,476.097,-1,590.145,-1,429.182,459.091,519.667,692.592,763.880,-1,-1,-1,733.367,879.433,22.529,-1,1,0,2,0,2,0,0,0,0,1,2,2,2,0,0,1,2
346,-2294.107,4556.478,-12.407,36.623,0.794968,-0.600151,0.088573,0.590892,0.799082,0.110973,-0.137377,-0.035883,0.989869,0,0.47822,-0.93696,19.788,-1.650,18.659,474.297,-1,591.108,18.503,428.906,460.020,509.581,698.481,787.601,-1,-1,-1,729.462,868.291,22.520,19.343,1,0,2,0,1,0,0,0,0,1,2,2,2,0,0,1,1
347,-2274.655,4561.146,-14.442,34.933,0.812418,-0.576243,0.088998,0.567453,0.816482,0.106554,-0.134067,-0.036064,0.990316,0,0.47822,-0.93696,20.004,-1.690,18.174,481.773,-1,597.426,-1,435.249,466.285,509.915,689.851,816.995,-1,-1,-1,744.290,862.895,22.367,-1,1,0,2,0,2,0,0,0,0,1,2,2,2,0,0,1,2
348,-2254.766,4565.763,-16.808,33.415,0.827843,-0.553893,0.088761,0.546164,0.831955,0.097748,-0.127987,-0.032443,0.991245,0,0.47822,-0.93696,20.418,-1.519,18.377,494.805,-1,601.036,16.701,445.416,475.535,517.774,669.010,905.276,-1,-1,-1,772.182,862.275,22.427,17.330,1,0,2,0,1,0,0,0,0,1,2,2,2,0,0,1,1
349,-2234.623,4569.552,-19.171,31.825,0.843187,-0.530294,0.088451,0.523300,0.847264,0.091113,-0.123258,-0.030539,0.991905,0,0.47822,-0.93696,20.496,-1.590,18.077,505.387,-1,603.325,-1,453.739,483.394,521.845,654.051,1005.606,-1,-1,-1,793.656,858.501,22.341,-1,1,0,2,0,2,0,0,0,0,1,2,2,2,0,0,1,2
350,-2214.281,4573.245,-21.525,30.313,0.857105,-0.507465,0.088598,0.501112,0.861204,0.084935,-0.119403,-0.028400,0.992440,0,0.47822,-0.93696,20.675,-1.512,18.297,514.830,-1,603.186,-1,460.651,488.102,524.826,639.650,-1,-1,-1,-1,811.793,852.528,22.403,-1,1,0,2,0,2,0,0,0,0,2,2,2,2,0,0,1,2
351,-2193.925,4576.400,-23.808,28.764,0.870478,-0.484011,0.089453,0.477836,0.874584,0.082309,-0.118073,-0.028905,0.992584,0,0.24896,-0.65423,20.599,-1.549,17.463,518.384,-1,600.528,-1,463.548,489.225,521.527,632.598,-1,-1,-1,-1,816.510,841.681,22.214,-1,1,0,2,0,2,0,0,0,0,2,2,2,2,0,0,1,2
352,-2173.594,4580.418,-26.248,27.489,0.880921,-0.464231,0.092025,0.458372,0.885311,0.078232,-0.117789,-0.026735,0.992679,0,0.24896,-0.65423,20.724,-1.275,16.548,520.667,-1,591.113,-1,464.552,487.721,523.357,619.668,-1,-1,-1,-1,815.593,826.174,22.211,-1,1,0,2,0,2,0,0,0,0,2,2,2,2,0,0,1,2
353,-2153.344,4585.370,-28.813,26.527,0.888364,-0.448956,0.096167,0.443450,0.893262,0.073723,-0.119001,-0.022848,0.992631,0,0.24896,-0.65423,20.847,-0.962,15.410,520.011,-1,578.183,-1,461.519,483.346,527.187,603.943,-1,-1,-1,-1,809.713,805.855,22.808,-1,1,0,2,0,2,0,0,0,0,2,2,2,2,0,0,1,2
354,-2133.391,4591.457,-31.430,25.926,0.892637,-0.438913,0.102734,0.433946,0.898389,0.067734,-0.122024,-0.015881,0.992400,0,0.24896,-0.65423,20.860,-0.601,13.919,516.261,-1,561.281,750.375,455.414,474.160,536.614,581.544,-1,-1,-1,-1,799.900,778.938,27.695,-1,1,0,2,0,1,0,0,0,0,2,2,2,2,0,0,1,2
355,-2114.261,4599.229,-33.798,25.824,0.892793,-0.436183,0.112541,0.432055,0.899844,0.060078,-0.127475,-0.005013,0.991829,0,0.24896,-0.65423,20.649,-0.102,13.892,509.068,-1,540.132,14.113,446.024,460.292,555.456,553.772,-1,-1,-1,-1,785.569,744.918,27.964,26.280,1,0,2,0,1,0,0,0,0,2,2,2,2,0,0,1,1
356,-2095.438,4607.683,-35.533,25.860,0.891746,-0.435961,0.121355,0.432242,0.899964,0.056855,-0.134002,0.001754,0.990980,0,0.24896,-0.65423,20.634,0.036,13.892,498.995,-1,521.107,14.113,435.714,446.923,567.361,540.634,-1,-1,-1,-1,764.461,714.382,27.948,26.289,1,0,2,0,1,0,0,0,0,2,2,2,2,0,0,1,1
357,-2076.603,4616.506,-36.845,25.908,0.890729,-0.436337,0.127327,0.432674,0.899771,0.056613,-0.139268,0.004665,0.990244,0,0.24896,-0.65423,20.799,0.048,13.951,490.105,-1,506.659,14.049,427.613,436.652,571.735,539.034,-1,-1,-1,-1,745.092,691.350,27.436,26.688,1,0,2,0,1,0,0,0,0,2,2,2,2,0,0,1,1
358,-2057.649,4625.487,-37.952,25.931,0.890138,-0.436701,0.130177,0.432831,0.899595,0.058187,-0.142517,0.004550,0.989782,0,0.24896,-0.65423,20.974,0.023,13.903,483.654,-1,496.734,14.101,422.399,429.800,569.639,545.745,-1,-1,-1,-1,729.757,675.669,27.854,26.357,1,0,2,0,1,0,0,0,0,2,2,2,2,0,0,1,1
359,-2038.690,4634.735,-39.108,25.946,0.889859,-0.437049,0.130914,0.432984,0.899430,0.059583,-0.143789,0.003664,0.989602,0,0.24896,-0.65423,21.095,0.015,14.035,480.013,-1,489.723,13.965,419.701,425.452,565.041,554.484,-1,-1,-1,-1,719.461,664.749,26.796,27.311,1,0,2,0,1,0,0,0,0,2,2,2,2,0,0,1,1
360,-2019.667,4644.003,-40.379,25.933,0.890081,-0.436983,0.129624,0.432826,0.899466,0.060189,-0.142894,0.002531,0.989735,0,0.24896,-0.65423,21.160,-0.014,14.073,479.622,-1,485.456,857.945,418.723,423.618,559.098,563.107,-1,-1,-1,-1,714.860,658.404,26.544,804.263,1,0,2,0,0,0,0,0,0,2,2,2,2,0,0,1,0
361,-2000.615,4653.160,-41.945,25.897,0.890581,-0.436513,0.127756,0.432377,0.899696,0.059982,-0.141125,0.001820,0.989990,0,0.24896,-0.65423,21.139,-0.036,14.024,480.107,-1,481.614,849.825,417.233,422.289,553.357,570.335,-1,-1,-1,-1,712.523,653.164,26.871,796.396,1,0,2,0,0,0,0,0,0,2,2,2,2,0,0,1,0
362,-1977.791,4664.161,-44.338,25.886,0.891012,-0.436284,0.125514,0.432375,0.899806,0.058320,-0.138382,0.002306,0.990376,0,0.24896,-0.65423,25.337,-0.011,13.888,479.028,-1,476.332,836.670,415.445,420.027,548.131,574.812,-1,-1,-1,-1,711.282,646.090,27.986,785.019,1,0,2,0,0,0,0,0,0,2,2,2,2,0,0,1,0
363,-1962.628,4671.535,-46.205,25.912,0.891128,-0.436478,0.124006,0.432939,0.899705,0.055623,-0.135847,0.004120,0.990721,0,0.24896,-0.65423,16.860,0.026,13.702,479.504,-1,472.463,825.433,414.812,417.163,547.365,574.025,-1,-1,-1,-1,713.167,641.253,30.210,776.487,1,0,2,0,0,0,0,0,0,2,2,2,2,0,0,1,0
364,-1943.793,4680.980,-48.836,26.028,0.890676,-0.437782,0.122646,0.434949,0.899041,0.050439,-0.132345,0.008420,0.991168,0,0.24896,-0.65423,21.071,0.116,13.554,480.888,-1,466.361,805.797,414.124,413.211,550.166,568.261,-1,-1,-1,-1,717.751,633.950,33.184,762.426,1,0,2,0,0,0,0,0,0,2,2,2,2,0,0,1,0
365,-1925.585,4690.596,-51.253,26.327,0.888927,-0.441488,0.122051,0.439854,0.897110,0.041506,-0.127817,0.016789,0.991656,0,0.24896,-0.65423,20.591,0.299,13.800,486.189,-1,460.506,780.099,415.568,410.403,563.639,555.499,-1,-1,-1,-1,730.686,626.967,28.908,746.236,1,0,2,0,0,0,0,0,0,2,2,2,2,0,0,1,0
366,-1907.961,4700.366,-52.933,26.770,0.886259,-0.447005,0.121373,0.447092,0.894048,0.028049,-0.121051,0.029407,0.992211,0,0.24896,-0.65423,20.151,0.443,14.792,499.116,-1,457.283,754.855,421.374,410.940,592.064,537.422,-1,-1,-1,-1,758.700,623.958,23.765,734.006,1,0,2,0,0,0,0,0,0,2,2,2,2,0,0,1,0
367,-1890.538,4709.705,-53.754,27.117,0.884253,-0.451347,0.119928,0.452834,0.891449,0.016116,-0.114184,0.040057,0.992652,0,0.24896,-0.65423,19.768,0.348,17.896,513.320,-1,456.494,21.871,427.218,413.292,620.201,525.436,-1,-1,-1,-1,789.769,624.865,22.296,22.407,1,0,2,0,1,0,0,0,0,2,2,2,2,0,0,1,1
368,-1870.983,4716.745,-53.405,26.857,0.886284,-0.447497,0.119360,0.448806,0.893464,0.017191,-0.114337,0.038333,0.992702,0,-0.09587,-1.00000,20.784,-0.260,18.814,511.256,-1,452.867,733.365,424.867,410.525,616.132,536.826,-1,-1,-1,-1,786.234,620.392,22.576,721.687,1,0,2,0,0,0,0,0,0,2,2,2,2,0,0,1,0
369,-1858.735,4719.849,-53.223,26.306,0.890161,-0.439451,0.120403,0.440059,0.897676,0.022932,-0.118160,0.032571,0.992460,0,-0.09587,-1.00000,12.635,-0.551,18.702,501.105,-1,447.479,729.604,418.300,404.951,599.651,550.366,-1,-1,-1,-1,765.396,612.162,22.535,711.590,1,0,2,0,0,0,0,0,0,2,2,2,2,0,0,1,0
370,-1843.677,4723.616,-54.010,25.550,0.895195,-0.428422,0.122803,0.427953,0.903251,0.031526,-0.124429,0.024332,0.991930,0,-0.09587,-1.00000,15.522,-0.756,-1,483.429,-1,437.655,718.511,406.666,394.857,574.326,566.489,-1,-1,-1,-1,729.539,597.115,897.412,691.996,2,0,2,0,0,0,0,0,0,2,2,2,2,0,0,1,0
371,-1828.832,4726.912,-55.855,24.744,0.900366,-0.416644,0.125496,0.414963,0.908936,0.040519,-0.130950,0.015594,0.991266,0,-0.09587,-1.00000,15.207,-0.806,16.790,463.821,-1,426.039,703.877,392.966,383.008,548.153,580.050,-1,-1,-1,-1,690.914,579.615,22.184,669.175,1,0,2,0,0,0,0,0,0,2,2,2,2,0,0,1,0
372,-1814.030,4730.417,-58.515,23.997,0.905302,-0.405194,0.127459,0.403008,0.914154,0.043668,-0.134211,0.011834,0.990882,0,-0.09587,-1.00000,15.211,-0.747,16.133,450.401,-1,415.246,685.335,382.050,372.920,532.592,582.095,-1,-1,-1,-1,666.426,563.965,22.322,647.087,1,0,2,0,0,0,0,0,0,2,2,2,2,0,0,1,0
373,-1799.247,4734.213,-61.864,23.353,0.909899,-0.394547,0.128126,0.392855,0.918760,0.039308,-0.133226,0.014569,0.990979,0,-0.09587,-1.00000,15.263,-0.644,15.775,444.582,-1,406.030,663.009,375.522,365.268,530.011,570.291,-1,-1,-1,-1,658.550,551.261,22.505,626.526,1,0,2,0,0,0,0,0,0,2,2,2,2,0,0,1,0
374,-1784.419,4738.136,-65.860,22.839,0.913876,-0.385463,0.127472,0.384895,0.922471,0.030062,-0.129177,0.021591,0.991386,0,-0.09587,-1.00000,15.338,-0.513,15.217,442.959,-1,397.849,637.935,371.806,358.984,535.484,549.898,-1,-1,-1,-1,661.347,540.356,23.035,606.589,1,0,2,0,0,0,0,0,0,2,2,2,2,0,0,1,0
375,-1769.599,4742.070,-69.749,22.512,0.916679,-0.379560,0.125038,0.379934,0.924757,0.021778,-0.123896,0.027543,0.991913,0,-0.09587,-1.00000,15.333,-0.327,15.120,442.952,-1,391.717,13.309,369.438,354.322,539.053,533.171,-1,-1,-1,-1,667.904,532.861,23.169,28.590,1,0,2,0,1,0,0,0,0,2,2,2,2,0,0,1,1
376,-1752.168,4747.041,-73.596,22.177,0.919640,-0.374014,0.119903,0.374874,0.926935,0.016159,-0.117186,0.030088,0.992654,0,-0.09587,-1.00000,18.126,-0.335,15.055,443.205,-1,387.860,13.326,367.813,351.003,536.333,524.731,-1,-1,-1,-1,675.676,529.346,23.270,35.196,1,0,2,0,1,0,0,0,0,2,2,2,2,0,0,1,1
377,-1740.860,4750.494,-75.512,21.949,0.921583,-0.370636,0.115385,0.371393,0.928343,0.015662,-0.112922,0.028419,0.993197,0,-0.09587,-1.00000,11.823,-0.228,14.901,442.940,-1,387.246,13.379,367.195,350.060,529.351,527.083,-1,-1,-1,-1,679.494,530.252,23.542,36.338,1,0,2,0,1,0,0,0,0,2,2,2,2,0,0,1,1
378,-1727.104,4755.052,-77.246,21.695,0.923724,-0.367204,0.109064,0.367505,0.929846,0.018064,-0.108046,0.023396,0.993871,0,-0.09587,-1.00000,14.492,-0.254,14.648,442.061,-1,388.202,13.502,366.602,349.931,516.282,534.324,-1,-1,-1,-1,682.924,534.111,24.121,34.666,1,0,2,0,1,0,0,0,0,2,2,2,2,0,0,1,1
379,-1713.755,4759.873,-78.449,21.515,0.925355,-0.365052,0.102249,0.364793,0.930831,0.021895,-0.103170,0.017039,0.994518,0,-0.09587,-1.00000,14.193,-0.180,14.567,441.800,-1,390.742,13.549,366.564,351.002,502.216,544.963,-1,-1,-1,-1,686.845,540.781,24.347,31.258,1,0,2,0,1,0,0,0,0,2,2,2,2,0,0,1,1
380,-1700.748,4764.746,-79.273,21.371,0.926792,-0.363402,0.094847,0.362657,0.931571,0.025591,-0.097656,0.010680,0.995163,0,-0.09587,-1.00000,13.889,-0.145,14.585,443.364,-1,394.894,13.538,367.969,353.864,490.166,556.928,-1,-1,-1,-1,694.072,550.407,24.295,24.976,1,0,2,0,1,0,0,0,0,2,2,2,2,0,0,1,1
381,-1688.013,4769.487,-79.998,21.226,0.928207,-0.361643,0.087445,0.360509,0.932305,0.028986,-0.092008,0.004620,0.995748,0,-0.09587,-1.00000,13.589,-0.145,14.541,445.464,-1,399.452,701.870,369.804,357.101,479.349,568.871,-1,-1,-1,-1,702.677,560.592,24.427,654.270,1,0,2,0,0,0,0,0,0,2,2,2,2,0,0,1,0
382,-1675.281,4774.234,-80.895,21.093,0.929586,-0.359884,0.079713,0.358565,0.932997,0.030787,-0.085452,-0.000037,0.996342,0,0.47281,-0.41749,13.588,-0.133,14.994,449.218,-1,404.642,731.621,372.775,360.673,471.144,578.151,-1,-1,-1,-1,715.926,571.471,23.370,677.814,1,0,2,0,0,0,0,0,0,2,2,2,2,0,0,1,0
383,-1662.063,4778.702,-82.018,20.865,0.931655,-0.356535,0.070013,0.355108,0.934267,0.032298,-0.076927,-0.005228,0.997023,0,0.47281,-0.41749,13.953,-0.228,16.070,455.617,-1,412.281,774.183,377.801,365.817,462.087,587.942,-1,-1,-1,-1,736.172,586.732,22.348,711.795,1,0,2,0,0,0,0,0,0,2,2,2,2,0,0,1,0
384,-1648.922,4782.058,-83.043,20.438,0.934727,-0.349959,0.061754,0.348322,0.936688,0.035889,-0.070404,-0.012036,0.997446,0,0.47281,-0.41749,13.563,-0.427,16.028,457.982,-1,418.177,819.365,380.329,368.981,450.923,600.289,-1,-1,-1,-1,746.644,599.637,22.366,744.383,1,0,2,0,0,0,0,0,0,2,2,2,2,0,0,1,0
385,-1635.596,4785.005,-83.867,19.957,0.937957,-0.342220,0.055877,0.340599,0.939495,0.036636,-0.065033,-0.015331,0.997765,0,0.47281,-0.41749,13.648,-0.480,15.999,460.572,-1,421.255,850.337,382.286,370.700,446.759,606.091,-1,-1,-1,-1,757.830,607.957,22.380,766.496,1,0,2,0,0,0,0,0,0,2,2,2,2,0,0,1,0
386,-1621.958,4787.636,-84.558,19.478,0.941034,-0.334274,0.052112,0.332834,0.942355,0.034472,-0.060631,-0.015095,0.998046,0,0.47281,-0.41749,13.889,-0.479,16.202,463.649,-1,421.852,864.256,383.486,371.159,448.738,604.269,-1,-1,-1,-1,769.547,611.042,22.297,776.882,1,0,2,0,0,0,0,0,0,2,2,2,2,0,0,1,0
387,-1608.126,4789.716,-85.106,18.934,0.944282,-0.325201,0.050748,0.323932,0.945549,0.031718,-0.058299,-0.013512,0.998208,0,0.47281,-0.41749,13.988,-0.544,16.177,464.192,-1,419.315,862.023,382.089,369.569,453.292,599.104,-1,-1,-1,-1,773.409,608.025,22.306,773.993,1,0,2,0,0,0,0,0,0,2,2,2,2,0,0,1,0
388,-1594.042,4791.735,-85.704,18.423,0.947182,-0.316541,0.051458,0.315507,0.948530,0.027327,-0.057460,-0.009648,0.998301,0,0.47281,-0.41749,14.227,-0.511,16.130,463.093,-1,413.741,840.629,379.141,365.831,461.299,589.600,-1,-1,-1,-1,773.790,599.334,22.324,757.084,1,0,2,0,0,0,0,0,0,2,2,2,2,0,0,1,0
389,-1579.605,4793.781,-86.381,17.951,0.949787,-0.308487,0.052349,0.307713,0.951214,0.022439,-0.056717,-0.005203,0.998377,0,0.47281,-0.41749,14.582,-0.472,15.616,462.055,-1,407.613,13.282,376.279,361.285,470.238,578.976,-1,-1,-1,-1,774.401,589.739,22.620,20.648,1,0,2,0,1,0,0,0,0,2,2,2,2,0,0,1,1
390,-1564.788,4796.268,-86.966,17.569,0.951935,-0.301912,0.051656,0.301413,0.953335,0.017375,-0.054491,-0.000970,0.998514,0,0.47281,-0.41749,15.024,-0.382,15.232,463.819,-1,403.874,13.285,375.721,358.604,479.302,569.191,-1,-1,-1,-1,782.110,584.297,23.015,32.478,1,0,2,0,1,0,0,0,0,2,2,2,2,0,0,1,1
391,-1549.615,4799.275,-87.356,17.263,0.953723,-0.296701,0.048799,0.296381,0.954969,0.013840,-0.050708,0.001264,0.998713,0,0.47281,-0.41749,15.468,-0.306,15.022,467.846,-1,403.419,13.337,377.233,358.350,485.490,563.486,-1,-1,-1,-1,794.316,584.784,23.325,36.825,1,0,2,0,1,0,0,0,0,2,2,2,2,0,0,1,1
392,-1534.080,4802.725,-87.616,16.997,0.955344,-0.292268,0.043565,0.292015,0.956336,0.012197,-0.045228,0.001069,0.998976,0,0.47281,-0.41749,15.914,-0.267,14.861,473.994,-1,406.118,13.397,380.697,360.601,487.909,562.336,-1,-1,-1,-1,810.772,592.085,23.623,38.782,1,0,2,0,1,0,0,0,0,2,2,2,2,0,0,1,1
393,-1518.243,4806.538,-87.770,16.762,0.956794,-0.288427,0.036812,0.288175,0.957502,0.012089,-0.038735,-0.000958,0.999249,0,0.47281,-0.41749,16.290,-0.235,8.170,481.455,-1,411.141,13.431,384.845,364.514,487.315,564.618,-1,-1,-1,-1,830.143,603.876,23.779,37.519,1,0,2,0,1,0,0,0,0,2,2,2,2,0,0,1,1
394,-1502.137,4810.528,-87.835,16.538,0.958141,-0.284772,0.029517,0.284512,0.958588,0.012771,-0.031932,-0.003838,0.999483,0,0.47281,-0.41749,16.592,-0.223,8.033,489.731,-1,417.201,13.453,389.497,369.573,485.195,568.609,-1,-1,-1,-1,850.581,617.885,23.886,36.484,1,0,2,0,1,0,0,0,0,2,2,2,2,0,0,1,1
395,-1485.782,4814.601,-87.842,16.330,0.959352,-0.281322,0.022396,0.281083,0.959592,0.013267,-0.025223,-0.006432,0.999661,0,0.47281,-0.41749,16.855,-0.208,9.328,498.256,-1,423.246,13.423,394.646,374.811,483.755,248.731,-1,-1,-1,-1,870.284,632.115,8.031,36.199,1,0,2,0,1,0,0,0,1,2,2,2,2,0,0,1,1
396,-1469.152,4818.545,-87.837,16.113,0.960552,-0.277675,0.015368,0.277482,0.960635,0.013598,-0.018539,-0.008797,0.999789,0,0.47281,-0.41749,17.092,-0.217,10.285,507.010,-1,429.568,13.373,400.243,379.513,482.975,216.339,-1,-1,922.930,-1,890.177,646.793,8.802,35.455,1,0,2,0,1,0,0,0,1,2,2,0,2,0,0,1,1
397,-1452.322,4822.282,-87.818,15.859,0.961866,-0.273376,0.008880,0.273250,0.961853,0.013182,-0.012145,-0.010253,0.999874,0,0.47281,-0.41749,17.239,-0.254,12.333,515.813,-1,435.193,13.329,405.616,383.720,483.918,199.670,-1,948.779,856.544,-1,910.650,660.070,10.490,35.538,1,0,2,0,1,0,0,0,1,2,0,0,2,0,0,1,1
398,-1435.240,4825.760,-87.803,15.564,0.963314,-0.268366,0.002472,0.268317,0.963253,0.012249,-0.005668,-0.011136,0.999922,0,0.47281,-0.41749,17.433,-0.295,468.335,525.155,-1,440.465,13.318,410.923,387.873,485.992,202.529,-1,883.766,805.624,-1,932.976,673.323,14.759,36.848,1,0,2,0,1,0,0,0,1,2,0,0,2,0,0,1,1
399,-1417.916,4829.126,-87.806,15.252,0.964776,-0.263037,-0.004253,0.263068,0.964718,0.010706,0.001287,-0.011448,0.999934,0,0.47281,-0.41749,17.648,-0.312,457.297,536.048,-1,446.217,13.341,416.364,392.719,489.162,205.194,-1,828.589,756.837,-1,959.754,687.855,-1,38.736,1,0,2,0,1,0,0,0,1,2,0,0,2,0,0,2,1
400,-1400.357,4832.467,-87.814,14.955,0.966093,-0.257956,-0.011084,0.258053,0.966094,0.008402,0.008541,-0.010977,0.999903,0,0.47281,-0.41749,17.874,-0.297,535.465,547.595,-1,452.157,13.361,422.739,398.322,493.094,207.852,-1,779.623,711.303,-1,990.775,703.144,-1,39.522,1,0,2,0,1,0,0,0,1,2,0,0,2,0,0,2,1
401,-1382.755,4835.722,-87.696,14.669,0.967300,-0.253089,-0.016640,0.253204,0.967399,0.005172,0.014789,-0.009216,0.999848,0,0.47281,-0.41749,17.900,-0.286,-1,558.553,-1,456.501,13.376,428.518,402.476,499.280,210.422,-1,747.053,678.938,-1,-1,714.614,-1,40.866,2,0,2,0,1,0,0,0,1,2,0,0,2,2,0,2,1
402,-1364.980,4838.891,-87.478,14.392,0.968408,-0.248400,-0.021987,0.248500,0.968630,0.001905,0.020824,-0.007308,0.999756,0,0.47281,-0.41749,18.055,-0.277,-1,569.633,-1,460.778,13.439,434.322,406.301,506.056,212.938,-1,719.935,652.116,-1,-1,726.521,-1,37.130,2,0,2,0,1,0,0,0,1,2,0,0,2,2,0,2,1
403,-1347.040,4842.154,-87.139,14.149,0.969306,-0.244300,-0.027615,0.244356,0.969685,-0.001392,0.027118,-0.005399,0.999618,0,0.47281,-0.41749,18.235,-0.243,-1,581.890,-1,465.698,13.628,440.813,410.872,513.236,215.663,-1,693.256,626.551,-1,-1,740.153,-1,31.517,2,0,2,0,1,0,0,0,1,2,0,0,2,2,0,2,1
404,-1328.984,4845.763,-86.660,13.999,0.969738,-0.241807,-0.033715,0.241761,0.970320,-0.005510,0.034047,-0.002808,0.999416,0,0.47281,-0.41749,18.413,-0.150,-1,597.650,-1,471.881,13.844,448.648,416.982,522.204,219.012,-1,664.796,600.280,-1,-1,756.306,-1,28.416,2,0,2,0,1,0,0,0,1,2,0,0,2,2,0,2,1
405,-1310.851,4849.728,-86.152,13.935,0.969710,-0.240824,-0.040829,0.240616,0.970569,-0.010000,0.042035,-0.000127,0.999116,0,0.47281,-0.41749,18.562,-0.063,-1,616.995,-1,480.183,13.505,459.045,425.454,531.599,222.997,-1,632.070,570.283,-1,-1,777.221,-1,34.580,2,0,2,0,1,0,0,0,1,2,0,0,2,2,0,2,1
406,-1292.723,4853.441,-85.468,13.773,0.969982,-0.238057,-0.049634,0.237774,0.971251,-0.011600,0.050968,-0.000549,0.998700,0,0.26177,-1.00000,18.504,-0.162,-1,637.094,-1,492.617,13.268,470.823,436.178,534.735,226.511,-1,596.911,541.153,-1,-1,808.353,-1,44.688,2,0,2,0,1,0,0,0,1,2,0,0,2,2,0,2,1
407,-1274.753,4856.289,-84.718,13.393,0.971130,-0.231364,-0.058109,0.231224,0.972857,-0.009199,0.058660,-0.004502,0.998268,0,0.26177,-1.00000,18.195,-0.381,-1,650.049,-1,504.950,13.546,479.556,444.919,530.775,228.566,-1,572.016,523.475,-1,-1,842.670,-1,40.302,2,0,2,0,1,0,0,0,1,2,0,0,2,2,0,2,1
408,-1256.992,4858.494,-83.979,12.886,0.972797,-0.222395,-0.064862,0.222548,0.974909,-0.004946,0.064334,-0.009623,0.997882,0,0.26177,-1.00000,17.897,-0.507,-1,655.560,-1,514.329,14.237,483.993,450.444,524.544,229.647,-1,559.022,516.743,-1,-1,871.882,-1,37.319,2,0,2,0,1,0,0,0,1,2,0,0,2,2,0,2,1
409,-1239.559,4860.091,-83.280,12.292,0.974876,-0.211917,-0.068614,0.212422,0.977178,0.000073,0.067033,-0.014646,0.997643,0,0.26177,-1.00000,17.505,-0.593,-1,651.692,-1,518.021,14.272,482.934,451.165,518.277,229.910,-1,560.922,523.394,-1,-1,888.736,-1,34.896,2,0,2,0,1,0,0,0,1,2,0,0,2,2,0,2,1
410,-1222.354,4861.354,-82.645,11.713,0.976963,-0.201736,-0.069618,0.202544,0.979262,0.004675,0.067231,-0.018668,0.997563,0,0.26177,-1.00000,17.251,-0.580,-1,641.416,-1,516.254,14.116,477.795,447.678,513.449,229.898,-1,575.234,540.398,-1,-1,891.685,-1,35.382,2,0,2,0,1,0,0,0,1,2,0,0,2,2,0,2,1
411,-1205.336,4862.447,-82.009,11.136,0.979013,-0.191616,-0.069404,0.192711,0.981211,0.009378,0.066303,-0.022556,0.997545,0,0.26177,-1.00000,17.053,-0.577,-1,628.636,-1,512.798,13.993,470.844,442.298,507.325,229.773,-1,595.472,562.689,-1,-1,865.800,-1,38.993,2,0,2,0,1,0,0,0,1,2,0,0,2,2,1,2,1
412,-1188.479,4863.223,-81.166,10.559,0.980931,-0.181451,-0.069643,0.182845,0.983040,0.014147,0.065895,-0.026611,0.997472,0,0.26177,-1.00000,16.875,-0.577,12.026,617.977,-1,511.539,13.772,465.243,438.090,501.644,229.369,-1,614.202,583.823,-1,-1,837.407,9.577,39.950,1,0,2,0,1,0,0,0,1,2,0,0,2,2,1,1,1
413,-1171.678,4863.846,-80.148,10.043,0.982424,-0.172273,-0.071867,0.173996,0.984574,0.018398,0.067588,-0.030579,0.997245,0,0.26177,-1.00000,16.812,-0.515,16.037,614.012,-1,514.828,13.458,463.527,437.717,496.929,228.976,-1,622.098,595.112,-1,-1,811.806,22.362,40.843,1,0,2,0,1,0,0,0,1,2,0,0,2,2,1,1,1
414,-1154.903,4864.576,-79.041,9.570,0.983566,-0.163819,-0.075909,0.165821,0.985936,0.020820,0.071431,-0.033065,0.996897,0,0.26177,-1.00000,16.792,-0.474,15.859,617.066,-1,521.808,13.357,465.864,440.843,495.092,228.768,-1,616.347,595.522,-1,-1,788.497,22.453,39.623,1,0,2,0,1,0,0,0,1,2,0,0,2,2,1,1,1
415,-1138.219,4865.277,-77.902,9.126,0.984453,-0.155940,-0.080837,0.158146,0.987180,0.021596,0.076433,-0.034044,0.996493,0,0.26177,-1.00000,16.699,-0.443,15.655,624.922,-1,530.488,13.289,470.662,445.814,495.870,228.564,-1,604.910,588.835,-1,-1,766.698,22.590,38.377,1,0,2,0,1,0,0,0,1,2,0,0,2,2,1,1,1
416,-1121.638,4865.888,-76.832,8.717,0.985140,-0.148739,-0.085887,0.151053,0.988301,0.021066,0.081748,-0.033726,0.996082,0,0.26177,-1.00000,16.592,-0.409,13.084,635.113,-1,539.019,13.271,476.670,451.233,498.796,245.743,-1,592.600,579.247,-1,-1,683.785,10.871,37.042,1,0,2,0,1,0,0,0,1,2,0,0,2,2,1,1,1
417,-1105.163,4866.446,-75.911,8.335,0.985682,-0.142084,-0.090792,0.144415,0.989323,0.019601,0.087037,-0.032432,0.995677,0,0.26177,-1.00000,16.484,-0.382,-1,646.635,-1,546.721,13.268,482.625,456.183,503.111,268.410,-1,580.039,569.764,-1,-1,666.745,-1,37.078,2,0,2,0,1,0,0,0,1,2,0,0,2,2,1,2,1
418,-1088.825,4866.947,-75.091,7.982,0.986125,-0.136020,-0.095161,0.138266,0.990242,0.017389,0.091867,-0.030306,0.995310,0,0.26177,-1.00000,16.346,-0.354,-1,657.232,-1,552.786,13.270,487.623,460.339,508.678,290.877,-1,569.242,561.954,-1,-1,650.747,-1,38.060,2,0,2,0,1,0,0,0,1,2,0,0,2,2,1,2,1
419,-1072.621,4867.419,-74.360,7.651,0.986511,-0.130423,-0.098926,0.132517,0.991069,0.014880,0.096102,-0.027788,0.994983,0,0.26177,-1.00000,16.211,-0.331,-1,666.664,-1,557.154,13.272,491.648,463.637,514.746,313.173,-1,562.113,556.320,-1,-1,634.575,-1,39.667,2,0,2,0,1,0,0,0,1,2,0,0,2,2,1,2,1
420,-1056.516,4867.831,-73.701,7.337,0.986792,-0.125063,-0.102961,0.127060,0.991809,0.013042,0.100487,-0.025952,0.994600,0,0.26177,-1.00000,16.110,-0.314,-1,676.041,-1,562.233,13.275,495.803,467.254,519.482,335.254,-1,554.164,550.005,-1,-1,618.646,-1,42.114,2,0,2,0,1,0,0,0,1,2,0,0,2,2,1,2,1
421,-1040.576,4868.303,-73.010,7.033,0.986965,-0.119814,-0.107446,0.121755,0.992492,0.011667,0.105241,-0.024597,0.994142,0,0.26177,-1.00000,15.947,-0.304,-1,686.870,-1,568.769,13.279,501.078,471.714,523.605,357.061,-1,544.852,541.734,-1,-1,603.043,-1,43.447,2,0,2,0,1,0,0,0,1,2,0,0,2,2,1,2,1
422,-1024.837,4868.706,-72.209,6.731,0.987135,-0.114619,-0.111475,0.116498,0.993136,0.010472,0.109509,-0.023324,0.993712,0,0.26177,-1.00000,15.744,-0.302,-1,696.408,-1,574.837,13.273,505.688,475.815,527.784,378.263,-1,537.618,535.652,-1,-1,587.653,-1,43.365,2,0,2,0,1,0,0,0,1,2,0,0,2,2,1,2,1
423,-1009.275,4868.989,-71.324,6.419,0.987330,-0.109245,-0.115085,0.111081,0.993765,0.009636,0.113315,-0.022298,0.993309,0,0.26177,-1.00000,15.565,-0.312,-1,704.514,-1,580.581,13.269,509.457,479.428,531.689,398.583,-1,532.768,532.053,-1,-1,572.399,-1,42.887,2,0,2,0,1,0,0,0,1,2,0,0,2,2,1,2,1
424,-993.990,4869.162,-70.220,6.104,0.987655,-0.103823,-0.117297,0.105624,0.994363,0.009222,0.115678,-0.021497,0.993054,0,0.26177,-1.00000,15.285,-0.315,-1,708.547,-1,576.138,13.269,511.039,481.121,511.408,567.209,-1,535.169,535.381,-1,-1,557.301,-1,42.951,2,0,2,1,1,0,0,1,0,2,0,0,2,2,1,2,1
425,-978.983,4869.206,-68.823,5.768,0.988165,-0.097982,-0.118024,0.099810,0.994959,0.009669,0.116482,-0.021335,0.992964,0,0.26177,-1.00000,15.008,-0.337,-1,707.584,-1,560.338,13.293,510.164,480.844,449.256,567.393,-1,545.356,546.237,-1,-1,542.293,-1,43.084,2,0,2,1,1,0,0,1,0,2,0,0,2,2,1,2,1
426,-964.189,4869.115,-67.148,5.409,0.988808,-0.091690,-0.117695,0.093623,0.995547,0.010987,0.116164,-0.021883,0.992989,0,0.34242,-0.65798,14.794,-0.359,-1,702.653,-1,544.650,13.323,507.607,479.291,389.608,570.160,-1,561.458,563.048,-1,-1,527.349,-1,43.057,2,0,2,1,1,0,0,1,0,2,0,0,2,2,1,2,1
427,-949.486,4868.898,-65.273,5.038,0.989465,-0.085122,-0.117106,0.087233,0.996103,0.013015,0.115542,-0.023094,0.993034,0,0.34242,-0.65798,14.705,-0.371,-1,696.643,-1,529.004,13.339,504.786,477.660,356.694,575.355,-1,579.728,582.431,-1,-1,512.460,-1,42.912,2,0,2,1,1,0,0,1,0,2,0,0,2,2,1,2,1
428,-934.971,4868.584,-63.275,4.670,0.990102,-0.078519,-0.116335,0.080882,0.996600,0.015727,0.114704,-0.024981,0.993086,0,0.34242,-0.65798,14.519,-0.368,-1,689.785,-1,513.564,13.277,501.955,476.123,344.376,582.613,-1,599.398,603.576,-1,-1,497.772,-1,43.395,2,0,2,1,1,0,0,1,0,2,0,0,2,2,1,2,1
429,-920.543,4868.431,-61.167,4.343,0.990593,-0.072640,-0.115970,0.075230,0.997002,0.018109,0.114307,-0.026663,0.993088,0,0.34242,-0.65798,14.428,-0.327,-1,685.389,-1,499.995,13.268,500.513,475.909,351.094,588.960,-1,617.734,623.330,-1,-1,483.390,-1,43.613,2,0,2,1,1,0,0,1,0,2,0,0,2,2,1,2,1
430,-906.108,4868.284,-59.119,4.032,0.990971,-0.067005,-0.116132,0.069849,0.997345,0.020589,0.114444,-0.028515,0.993020,0,0.34242,-0.65798,14.436,-0.311,-1,682.458,-1,485.164,13.269,499.964,476.569,366.792,595.415,-1,633.181,640.472,-1,-1,469.138,-1,40.971,2,0,2,1,1,0,0,1,0,2,0,0,2,2,1,2,1
431,-891.716,4868.029,-57.216,3.709,0.991345,-0.061150,-0.116174,0.064256,0.997664,0.023178,0.114486,-0.030442,0.992958,0,0.34242,-0.65798,14.393,-0.323,-1,678.593,-1,470.364,13.312,498.829,476.722,382.809,601.763,-1,648.318,657.426,-1,-1,454.906,-1,38.668,2,0,2,1,1,0,0,1,0,2,0,0,2,2,1,2,1
432,-877.474,4867.508,-55.445,3.344,0.991832,-0.054575,-0.115286,0.057952,0.997977,0.026145,0.113625,-0.032612,0.992988,0,0.34242,-0.65798,14.252,-0.365,-1,670.995,-1,455.564,13.321,495.498,474.940,399.463,608.439,-1,667.186,678.195,314.000,-1,440.609,-1,36.751,2,0,2,1,1,0,0,1,0,2,0,0,1,2,1,2,1
433,-863.331,4866.873,-53.860,2.984,0.992380,-0.048210,-0.113393,0.051731,0.998260,0.028307,0.111831,-0.033958,0.993147,0,0.34242,-0.65798,14.157,-0.360,-1,661.001,-1,440.848,13.294,490.234,470.889,416.211,613.064,-1,690.407,702.638,317.244,-1,426.297,-1,36.018,2,0,2,1,1,0,0,1,0,2,0,0,1,2,1,2,1
434,-849.221,4866.030,-52.330,2.614,0.992874,-0.041747,-0.111617,0.045330,0.998529,0.029761,0.110210,-0.034609,0.993306,0,0.34242,-0.65798,14.135,-0.370,-1,652.044,-1,426.108,13.321,485.161,466.909,433.423,616.194,-1,712.311,726.253,320.279,-1,412.196,-1,36.577,2,0,2,1,1,0,0,1,0,2,0,0,1,2,1,2,1
435,-835.134,4864.947,-50.795,2.237,0.993252,-0.035210,-0.110503,0.038804,0.998780,0.030547,0.109292,-0.034628,0.993406,0,0.34242,-0.65798,14.129,-0.377,-1,645.713,-1,411.342,13.313,481.375,464.051,451.166,617.969,-1,730.865,746.475,323.024,-1,399.637,13.760,37.729,2,0,2,1,1,0,0,1,0,2,0,0,1,2,1,1,1
436,-821.056,4863.787,-49.182,1.872,0.993444,-0.028922,-0.110600,0.032464,0.999012,0.030361,0.109613,-0.033752,0.993401,0,0.34242,-0.65798,14.126,-0.366,11.775,643.857,-1,396.645,13.279,480.175,463.373,469.166,617.812,-1,743.447,760.421,325.467,-1,389.285,9.750,39.641,1,0,2,1,1,0,0,1,0,2,0,0,1,2,1,1,1
437,-806.878,4862.586,-47.562,1.530,0.993366,-0.023020,-0.112667,0.026526,0.999206,0.029714,0.111894,-0.032505,0.993188,0,0.34242,-0.65798,14.228,-0.342,-1,647.912,-1,381.993,13.267,482.864,466.099,487.400,616.641,-1,745.347,762.612,327.567,-1,382.705,16.085,39.771,2,0,2,1,1,0,0,1,0,2,0,0,1,2,1,1,1
438,-792.623,4861.387,-46.034,1.211,0.993094,-0.017536,-0.116000,0.020986,0.999371,0.028581,0.115425,-0.030818,0.992838,0,0.34242,-0.65798,14.306,-0.319,-1,656.115,-1,367.407,13.267,487.844,471.171,505.739,614.212,-1,740.214,757.399,329.373,-1,378.324,-1,38.789,2,0,2,1,1,0,0,1,0,2,0,0,1,2,1,2,1
439,-778.411,4860.000,-44.621,0.880,0.992767,-0.011934,-0.119461,0.015256,0.999521,0.026932,0.119083,-0.028560,0.992474,0,0.34242,-0.65798,14.279,-0.330,15.522,665.077,-1,352.839,13.273,492.895,476.150,574.881,610.210,-1,734.268,751.033,331.002,-1,372.930,12.878,36.264,1,0,2,1,1,0,0,0,0,2,0,0,1,2,1,1,1
440,-764.382,4858.458,-42.991,0.562,0.992370,-0.006800,-0.123105,0.009738,0.999682,0.023280,0.122908,-0.024301,0.992121,0,0.34242,-0.65798,14.113,-0.318,15.879,677.542,-1,338.419,13.365,499.310,481.739,586.362,602.290,-1,729.516,744.541,332.033,-1,362.446,22.442,34.686,1,0,2,1,1,0,0,0,0,2,0,0,1,2,1,1,1
441,-750.639,4856.439,-41.085,0.153,0.992064,-0.000026,-0.125734,0.002643,0.999783,0.020648,0.125707,-0.020816,0.991849,0,0.34242,-0.65798,13.891,-0.410,16.503,686.162,-1,323.986,14.009,503.982,486.178,596.912,597.328,-1,730.967,744.632,333.651,-1,346.737,22.218,32.699,1,0,2,1,1,0,0,0,0,2,0,0,1,2,1,1,1
442,-737.133,4854.115,-39.152,-0.323,0.991941,0.008027,-0.126446,-0.005591,0.999792,0.019605,0.126577,-0.018740,0.991780,0,0.34242,-0.65798,13.705,-0.476,-1,687.239,-1,309.554,13.515,504.529,488.387,604.240,595.738,-1,741.562,754.521,335.915,-1,330.170,-1,32.623,2,0,2,1,1,0,0,0,0,2,0,0,1,2,1,2,1
443,-723.699,4852.049,-37.287,-0.732,0.991993,0.014962,-0.125407,-0.012678,0.999739,0.018990,0.125658,-0.017248,0.991924,0,0.34242,-0.65798,13.592,-0.409,-1,682.985,-1,295.272,13.356,501.768,487.462,609.895,594.826,-1,760.775,773.074,337.865,-1,314.786,-1,34.855,2,0,2,1,1,0,0,0,0,2,0,0,1,2,1,2,1
444,-710.223,4850.204,-35.551,-1.095,0.992063,0.021286,-0.123923,-0.018969,0.999623,0.019849,0.124299,-0.017340,0.992093,0,0.34242,-0.65798,13.602,-0.363,-1,675.836,-1,281.103,13.379,497.856,485.670,611.678,596.860,-1,781.316,793.864,339.809,-1,300.493,-1,35.828,2,0,2,1,1,0,0,0,0,2,0,0,1,2,1,2,1
445,-696.749,4848.359,-34.087,-1.472,0.992110,0.028082,-0.122188,-0.025499,0.999418,0.022645,0.122752,-0.019351,0.992249,0,0.34242,-0.65798,13.600,-0.377,-1,665.278,-1,266.992,13.495,492.727,455.011,607.507,602.964,-1,801.032,815.105,342.253,-1,286.447,-1,33.932,2,0,2,1,1,0,1,0,0,2,0,0,1,2,1,2,1
446,-683.340,4846.367,-32.907,-1.891,0.992110,0.035778,-0.120160,-0.032759,0.999098,0.027006,0.121018,-0.022857,0.992387,0,0.34242,-0.65798,13.556,-0.419,-1,651.754,-1,252.921,14.035,486.281,428.764,598.798,612.226,-1,820.028,836.701,345.334,-1,272.189,-1,32.886,2,0,2,1,1,0,1,0,0,2,0,0,1,2,1,2,1
447,-670.149,4844.065,-31.710,-2.363,0.991941,0.044408,-0.118665,-0.040926,0.998662,0.031620,0.119910,-0.026508,0.992431,0,0.34242,-0.65798,13.390,-0.471,16.305,639.846,-1,239.000,13.715,481.671,401.968,589.955,622.471,-1,835.666,855.296,348.798,-1,257.526,22.265,34.066,1,0,2,1,1,0,1,0,0,2,0,0,1,2,1,1,1
448,-656.992,4841.601,-30.461,-2.829,0.991591,0.052761,-0.118168,-0.048993,0.998201,0.034566,0.119780,-0.028486,0.992392,0,0.34242,-0.65798,13.386,-0.466,16.676,632.747,-1,225.125,14.361,479.348,376.147,585.007,629.034,-1,846.775,868.724,351.802,-1,242.924,22.193,31.569,1,0,2,1,1,0,1,0,0,2,0,0,1,2,1,1,1
449,-644.179,4838.551,-29.110,-3.379,0.991067,0.062452,-0.117838,-0.058513,0.997615,0.036603,0.119843,-0.029381,0.992358,0,0.26853,-1.00000,13.171,-0.550,17.518,627.193,-1,211.347,19.424,477.686,348.903,582.513,633.717,-1,857.544,881.271,355.065,-1,227.229,22.222,28.574,1,0,2,1,1,0,1,0,0,2,0,0,1,2,1,1,1
450,-631.858,4835.002,-27.667,-3.987,0.990406,0.072956,-0.117359,-0.069032,0.996922,0.037162,0.119709,-0.028704,0.992394,0,0.26853,-1.00000,12.821,-0.608,17.559,622.481,-1,197.810,19.980,476.139,321.127,583.475,635.054,-1,870.528,895.009,358.306,-1,213.518,22.229,28.844,1,0,2,1,1,0,1,0,0,2,0,0,1,2,1,1,1
451,-619.847,4831.296,-26.056,-4.573,0.989619,0.082821,-0.117451,-0.079150,0.996227,0.035591,0.119956,-0.025926,0.992441,0,0.26853,-1.00000,12.570,-0.586,18.169,621.459,-1,184.529,28.513,476.367,209.466,589.116,631.615,-1,882.886,906.653,360.760,-1,205.254,22.366,29.424,1,0,2,1,1,0,1,0,0,2,0,0,1,2,1,1,1
452,-608.293,4827.070,-24.425,-5.239,0.988571,0.094085,-0.117791,-0.090654,0.995296,0.034171,0.120452,-0.023102,0.992450,0,0.26853,-1.00000,12.302,-0.667,18.718,620.673,-1,171.552,25.424,477.043,199.377,594.712,628.613,-1,893.252,916.847,363.786,-1,197.578,22.541,26.615,1,0,2,1,1,0,1,0,0,2,0,0,1,2,1,1,1
453,-597.378,4822.364,-22.810,-5.968,0.987256,0.106363,-0.118376,-0.103203,0.994128,0.032534,0.121142,-0.019902,0.992436,0,0.26853,-1.00000,11.887,-0.728,18.671,620.803,-1,159.074,24.066,478.122,189.695,601.097,625.088,-1,901.962,924.362,367.154,-1,190.384,22.524,25.162,1,0,2,1,1,0,1,0,0,2,0,0,1,2,1,1,1
454,-587.010,4817.447,-21.216,-6.716,0.985742,0.118850,-0.119108,-0.116081,0.992788,0.029944,0.121808,-0.015690,0.992430,0,0.26853,-1.00000,11.474,-0.748,18.658,621.985,-1,194.782,23.595,479.402,180.353,609.790,619.325,-1,910.891,930.410,370.583,-1,209.532,22.520,24.662,1,0,2,1,1,0,1,0,0,2,0,0,1,2,1,1,1
455,-577.169,4812.480,-19.663,-7.424,0.984158,0.130506,-0.120003,-0.128233,0.991390,0.026507,0.122429,-0.010699,0.992420,0,0.26853,-1.00000,11.024,-0.707,18.654,624.055,-1,186.449,24.680,480.968,165.650,620.535,611.628,-1,920.081,936.254,373.314,-1,202.913,22.518,25.793,1,0,2,1,1,0,1,0,0,2,0,0,1,2,1,1,1
456,-567.441,4807.681,-18.221,-8.068,0.982469,0.141018,-0.121940,-0.139266,0.989992,0.022819,0.123938,-0.005436,0.992275,0,0.26853,-1.00000,10.848,-0.644,18.750,628.993,-1,177.127,25.228,485.272,150.889,632.174,602.983,-1,923.348,936.184,375.359,-1,196.288,22.553,26.430,1,0,2,1,1,0,1,0,0,2,0,0,1,2,1,1,1
457,-557.825,4802.943,-16.910,-8.690,0.980683,0.151242,-0.124047,-0.149891,0.988496,0.020202,0.125675,-0.001219,0.992071,0,0.26853,-1.00000,10.720,-0.622,18.675,634.020,-1,170.049,24.151,490.691,137.109,641.363,596.534,-1,924.104,934.415,377.433,-1,189.831,22.525,25.255,1,0,2,1,1,0,1,0,0,2,0,0,1,2,1,1,1
458,-548.366,4798.254,-15.724,-9.306,0.978848,0.161483,-0.125617,-0.160395,0.986874,0.018793,0.127003,0.001753,0.991901,0,0.26853,-1.00000,10.557,-0.616,18.678,636.564,-1,165.329,23.630,494.865,122.927,647.389,592.664,-1,926.234,934.801,379.843,-1,183.331,22.527,24.710,1,0,2,1,1,0,1,0,0,2,0,0,1,2,1,1,1
459,-539.061,4793.695,-14.584,-9.904,0.977032,0.171505,-0.126471,-0.170588,0.985176,0.018127,0.127705,0.003864,0.991805,0,0.28867,-0.57983,10.362,-0.598,18.659,636.576,-1,159.138,22.821,497.599,103.250,651.288,590.566,-1,931.561,938.724,382.463,-1,176.628,22.520,23.854,1,0,2,1,1,0,1,0,0,2,0,0,1,2,1,1,1
460,-530.053,4789.142,-13.447,-10.508,0.975215,0.181728,-0.126217,-0.180888,0.983336,0.018182,0.127418,0.005100,0.991836,0,0.28867,-0.57983,10.093,-0.604,18.655,633.012,-1,152.897,21.144,498.336,96.099,653.014,590.472,-1,942.449,948.733,385.550,-1,169.822,22.519,22.099,1,0,2,1,1,0,1,0,0,2,0,0,1,2,1,1,1
461,-521.317,4784.610,-12.292,-11.100,0.973353,0.191814,-0.125664,-0.190964,0.981415,0.018891,0.126952,0.005609,0.991893,0,0.28867,-0.57983,9.841,-0.592,18.526,629.598,-1,146.869,21.146,498.711,131.635,653.134,592.109,-1,954.236,960.096,388.735,-1,163.239,22.475,22.028,1,0,2,1,1,0,1,0,0,2,0,0,1,2,1,1,1
462,-512.700,4780.188,-11.137,-11.667,0.971471,0.201431,-0.125178,-0.200595,0.979483,0.019380,0.126514,0.006283,0.991945,0,0.28867,-0.57983,9.685,-0.567,18.695,627.465,-1,140.851,18.156,248.189,124.307,653.776,593.309,-1,965.964,971.309,391.768,-1,156.656,22.533,18.996,1,0,2,1,1,1,1,0,0,2,0,0,1,2,1,1,1
463,-504.242,4775.778,-9.975,-12.216,0.969571,0.210695,-0.124659,-0.209916,0.977525,0.019503,0.125966,0.007259,0.992008,0,0.28867,-0.57983,9.539,-0.549,18.662,625.430,-1,134.847,15.363,228.014,116.255,655.259,593.798,-1,978.559,983.219,394.563,-1,150.075,22.521,16.060,1,0,2,1,1,1,1,0,0,2,0,0,1,2,1,1,1
464,-496.098,4771.189,-8.823,-12.787,0.967486,0.220306,-0.124242,-0.219576,0.975396,0.019715,0.125528,0.008207,0.992056,0,0.28867,-0.57983,9.348,-0.571,18.655,623.692,-1,129.276,11.761,208.037,110.075,656.641,594.594,-1,990.200,994.327,397.647,-1,143.979,22.519,12.292,1,0,2,1,1,1,1,0,0,2,0,0,1,2,1,1,1
465,-488.245,4766.439,-7.689,-13.368,0.965185,0.229961,-0.124640,-0.229374,0.973148,0.019235,0.125716,0.010024,0.992016,0,0.28867,-0.57983,9.178,-0.581,18.654,624.470,-1,124.233,-1,188.464,106.625,660.218,593.588,570.695,998.075,1000.646,400.668,-1,138.488,22.518,-1,1,0,2,1,2,1,1,0,0,1,0,0,1,2,1,1,2
466,-480.646,4761.569,-6.571,-13.945,0.962724,0.239360,-0.125973,-0.239046,0.970845,0.017823,0.126566,0.012955,0.991874,0,0.28867,-0.57983,9.026,-0.576,18.654,628.153,-1,119.625,-1,169.475,102.380,666.662,590.052,540.207,1002.025,1002.400,403.289,-1,133.497,22.519,-1,1,0,2,1,2,1,1,0,0,1,0,0,1,2,1,1,2
467,-473.338,4756.599,-5.464,-14.519,0.960144,0.248595,-0.127767,-0.248657,0.968464,0.015722,0.127646,0.016675,0.991680,0,0.28867,-0.57983,8.837,-0.575,18.653,633.616,-1,115.350,-1,150.992,98.460,675.317,584.802,513.852,1004.687,1002.417,405.683,-1,128.878,22.518,-1,1,0,2,1,2,1,1,0,0,1,0,0,1,2,1,1,2
468,-466.208,4751.671,-4.352,-15.050,0.957645,0.256962,-0.129949,-0.257496,0.966192,0.012962,0.128886,0.021048,0.991436,0,0.28867,-0.57983,8.667,-0.531,18.653,640.420,-1,111.113,-1,133.532,94.630,686.015,578.049,496.596,1006.609,1001.377,407.071,-1,124.289,22.518,-1,1,0,2,1,2,1,1,0,0,1,0,0,1,2,1,1,2
469,-459.266,4746.816,-3.264,-15.577,0.955155,0.265260,-0.131589,-0.266265,0.963846,0.010230,0.129545,0.025266,0.991252,0,0.28867,-0.57983,8.471,-0.527,18.649,645.552,182.833,106.797,-1,116.583,90.754,696.422,571.674,506.720,-1,1003.837,408.696,-1,119.587,22.517,-1,1,0,1,1,2,1,1,0,0,1,2,0,1,2,1,1,2
470,-452.520,4741.959,-2.199,-16.138,0.952557,0.274298,-0.131895,-0.275621,0.961229,0.008482,0.129108,0.028273,0.991227,0,0.37594,-0.97189,8.313,-0.561,18.651,168.728,168.808,102.416,-1,99.659,86.800,703.302,568.071,516.932,-1,-1,411.661,-1,114.779,22.518,-1,1,1,1,1,2,1,1,0,0,1,2,2,1,2,1,1,2
471,-445.772,4737.070,-1.164,-16.707,0.949874,0.283621,-0.131526,-0.285109,0.958463,0.007773,0.128268,0.030116,0.991282,0,0.37594,-0.97189,8.333,-0.570,18.652,138.860,154.318,97.949,-1,82.987,82.764,706.938,566.961,527.261,-1,-1,415.228,140.477,109.859,22.518,-1,1,1,1,1,2,1,1,0,0,1,2,2,1,1,1,1,2
472,-438.967,4732.141,-0.195,-17.273,0.947118,0.292968,-0.130908,-0.294513,0.955615,0.007838,0.127394,0.031131,0.991364,0,0.37594,-0.97189,8.403,-0.566,18.648,110.285,-1,93.389,-1,68.821,78.657,707.427,567.450,537.695,-1,-1,418.988,118.419,104.829,22.516,-1,1,1,2,1,2,1,1,0,0,1,2,2,1,1,1,1,2
473,-431.949,4727.255,0.701,-17.793,0.944448,0.301497,-0.130836,-0.303108,0.952923,0.007896,0.127057,0.032200,0.991373,0,0.37594,-0.97189,8.552,-0.520,18.666,83.644,-1,88.571,-1,64.690,74.376,708.086,567.431,548.128,-1,-1,421.678,111.006,99.510,22.523,-1,1,1,2,1,2,1,1,0,0,1,2,2,1,1,1,1,2
474,-424.988,4722.301,1.571,-18.312,0.941674,0.309952,-0.131075,-0.311647,0.950165,0.007906,0.126993,0.033404,0.991341,0,0.37594,-0.97189,8.543,-0.519,18.656,72.977,-1,83.886,-1,60.753,70.231,709.125,567.083,558.646,-1,-1,424.297,-1,94.339,22.519,-1,1,1,2,1,2,1,1,0,0,1,2,2,1,2,1,1,2
475,-418.190,4717.212,2.444,-18.869,0.938639,0.319012,-0.131107,-0.320795,0.947116,0.007861,0.126681,0.034680,0.991337,0,0.37594,-0.97189,8.492,-0.557,18.534,68.015,-1,79.412,-1,56.708,66.271,710.046,566.743,569.447,-1,-1,427.968,-1,89.399,22.478,-1,1,1,2,1,2,1,1,0,0,1,2,2,1,2,1,1,2
476,-411.373,4712.053,3.305,-19.421,0.935547,0.327941,-0.131175,-0.329840,0.944006,0.007606,0.126324,0.036151,0.991330,0,0.37594,-0.97189,8.550,-0.552,18.631,63.053,-1,74.847,-1,52.643,62.263,711.404,565.909,580.434,-1,-1,431.508,-1,84.345,22.510,-1,1,1,2,1,2,1,1,0,0,1,2,2,1,2,1,1,2
477,-404.677,4706.728,4.193,-19.996,0.932245,0.337212,-0.131175,-0.339233,0.940674,0.007310,0.125857,0.037684,0.991332,0,0.37594,-0.97189,8.555,-0.575,18.652,657.413,-1,70.469,-1,535.342,58.427,712.492,564.993,-1,-1,-1,435.620,-1,79.497,22.518,-1,1,0,2,1,2,0,1,0,0,2,2,2,1,2,1,1,2
478,-398.202,4701.168,5.125,-20.622,0.928558,0.347292,-0.131028,-0.349434,0.936935,0.007025,0.125204,0.039262,0.991354,0,0.37594,-0.97189,8.534,-0.626,18.640,659.660,-1,66.499,-1,536.889,54.935,713.541,564.291,-1,-1,-1,441.225,-1,75.106,22.514,-1,1,0,2,1,2,0,1,0,0,2,2,2,1,2,1,1,2
479,-391.852,4695.402,6.115,-21.274,0.924571,0.357677,-0.131284,-0.359994,0.932932,0.006457,0.124789,0.041292,0.991324,0,0.37594,-0.97189,8.578,-0.652,18.646,663.620,-1,62.903,-1,112.066,51.769,716.052,562.956,-1,-1,-1,447.512,-1,71.138,22.516,-1,1,0,2,1,2,1,1,0,0,2,2,2,1,2,1,1,2
480,-385.596,4689.426,7.158,-21.948,0.920282,0.368273,-0.132123,-0.370841,0.928680,0.005523,0.124734,0.043914,0.991218,0,0.37594,-0.97189,8.652,-0.674,18.687,669.576,-1,59.682,-1,54.158,48.931,720.190,560.689,-1,-1,-1,454.397,-1,67.598,22.530,-1,1,0,2,1,2,1,1,0,0,2,2,2,1,2,1,1,2
481,-380.188,4684.532,8.176,-22.335,0.917878,0.373871,-0.133117,-0.377112,0.926167,0.000935,0.123638,0.049342,0.991100,0,0.37594,-0.97189,7.293,-0.388,18.688,674.510,-1,55.528,-1,33.540,45.480,735.118,551.926,-1,-1,-1,452.983,-1,62.930,22.531,-1,1,0,2,1,2,1,1,0,0,2,2,2,1,2,1,1,2
482,-377.367,4683.198,8.920,-22.006,0.920722,0.367496,-0.131216,-0.372107,0.928117,-0.011643,0.117505,0.059546,0.991285,0,0.37594,-0.97189,3.121,0.329,18.686,666.600,-1,48.504,15.185,30.539,39.960,771.378,530.633,-1,-1,-1,433.425,54.394,54.837,22.530,15.876,1,0,2,1,1,1,1,0,0,2,2,2,1,1,1,1,1
483,-2291.052,5351.719,-52.599,54.846,0.575516,-0.817786,0.002811,0.817242,0.575252,0.034658,-0.029959,-0.017649,0.999395,1,0.37594,-0.97189,0.000,0.000,-1,619.311,-1,617.250,13.936,498.645,497.659,620.506,732.160,-1,-1,-1,-1,-1,-1,-1,25.770,2,0,2,0,1,0,0,0,0,2,2,2,2,2,2,2,1
484,-2290.014,5353.017,-50.248,54.841,0.575625,-0.817698,0.005076,0.817234,0.575489,0.030666,-0.027997,-0.013504,0.999517,0,0.38096,-0.47415,1.662,-0.005,-1,632.856,-1,625.306,-1,508.404,505.625,637.149,727.159,-1,-1,-1,-1,-1,-1,-1,-1,2,0,2,0,2,0,0,0,0,2,2,2,2,2,2,2,2
485,-2288.685,5354.577,-48.976,54.831,0.575794,-0.817559,0.007623,0.817188,0.575777,0.026151,-0.025769,-0.008828,0.999629,0,0.38096,-0.47415,2.050,-0.009,-1,644.751,-1,630.600,-1,516.253,511.609,652.504,716.871,-1,-1,-1,-1,-1,-1,-1,-1,2,0,2,0,2,0,0,0,0,2,2,2,2,2,2,2,2
486,-2286.997,5356.302,-48.803,54.796,0.576335,-0.817155,0.009743,0.816885,0.576400,0.021479,-0.023167,-0.004420,0.999722,0,0.38096,-0.47415,2.414,-0.035,-1,654.533,-1,633.835,-1,522.113,515.854,664.621,704.032,-1,-1,-1,-1,-1,-1,-1,-1,2,0,2,0,2,0,0,0,0,2,2,2,2,2,2,2,2
487,-2284.976,5358.181,-49.629,54.725,0.577387,-0.816392,0.011317,0.816218,0.577497,0.016860,-0.020300,-0.000497,0.999794,0,0.38096,-0.47415,2.760,-0.071,-1,661.979,-1,635.414,-1,525.969,518.408,673.116,689.703,-1,-1,-1,-1,-1,-1,-1,-1,2,0,2,0,2,0,0,0,0,2,2,2,2,2,2,2,2
488,-2282.688,5360.208,-51.094,54.616,0.578951,-0.815273,0.012108,0.815154,0.579075,0.013999,-0.018424,0.001765,0.999829,0,0.38096,-0.47415,3.056,-0.108,-1,663.946,-1,634.177,15.149,526.310,517.978,675.707,678.386,-1,-1,-1,-1,-1,-1,-1,15.266,2,0,2,0,1,0,0,0,0,2,2,2,2,2,2,2,1
489,-2280.232,5362.472,-52.865,54.482,0.580864,-0.813911,0.012094,0.813796,0.580987,0.013809,-0.018266,0.001821,0.999831,0,0.38096,-0.47415,3.340,-0.134,-1,659.028,-1,629.684,17.120,522.461,514.091,671.711,672.467,-1,-1,-1,-1,-1,-1,-1,24.607,2,0,2,0,1,0,0,0,0,2,2,2,2,2,2,2,1
490,-2277.680,5365.087,-54.673,54.335,0.582935,-0.812442,0.011206,0.812274,0.583042,0.016487,-0.019928,-0.000508,0.999801,0,0.38096,-0.47415,3.654,-0.147,-1,647.680,-1,622.559,16.762,514.862,507.257,661.471,673.237,-1,-1,-1,-1,-1,-1,-1,30.079,2,0,2,0,1,0,0,0,0,2,2,2,2,2,2,2,1
491,-2275.018,5368.084,-56.369,54.177,0.585123,-0.810890,0.009389,0.810614,0.585176,0.021768,-0.023146,-0.005126,0.999719,0,0.38096,-0.47415,4.008,-0.157,-1,631.345,-1,613.813,16.325,504.301,498.556,646.108,681.142,-1,-1,-1,-1,-1,-1,-1,33.749,2,0,2,0,1,0,0,0,0,2,2,2,2,2,2,2,1
492,-2272.197,5371.467,-57.883,54.008,0.587452,-0.809231,0.006762,0.808797,0.587379,0.028864,-0.027330,-0.011487,0.999560,0,0.38096,-0.47415,4.405,-0.169,-1,612.382,-1,604.658,15.885,492.128,489.033,628.641,695.322,-1,-1,-1,-1,-1,-1,-1,36.200,2,0,2,0,1,0,0,0,0,2,2,2,2,2,2,2,1
493,-2269.094,5375.229,-58.986,53.816,0.590109,-0.807315,0.003789,0.806745,0.589857,0.035076,-0.030553,-0.017642,0.999377,0,0.38096,-0.47415,4.877,-0.192,16.990,597.262,-1,598.715,15.372,482.812,482.156,613.530,711.098,-1,-1,-1,-1,994.193,-1,22.178,37.245,1,0,2,0,1,0,0,0,0,2,2,2,2,0,2,1,1
494,-2265.648,5379.210,-59.518,53.605,0.593040,-0.805172,0.001402,0.804524,0.592630,0.039130,-0.032338,-0.022078,0.999233,0,0.28384,-0.97876,5.265,-0.211,16.938,588.206,-1,596.355,15.152,477.675,478.722,604.254,724.044,-1,-1,-1,-1,974.078,-1,22.179,37.123,1,0,2,0,1,0,0,0,0,2,2,2,2,0,2,1,1
495,-2261.907,5383.242,-59.471,53.381,0.596171,-0.802858,0.000252,0.802181,0.595681,0.040856,-0.032952,-0.024155,0.999165,0,0.28384,-0.97876,5.500,-0.224,16.855,584.829,-1,596.517,14.862,476.280,478.133,601.783,731.558,-1,-1,-1,-1,964.361,-1,22.181,36.867,1,0,2,0,1,0,0,0,0,2,2,2,2,0,2,1,1
496,-2257.827,5387.327,-58.996,53.150,0.599412,-0.800441,0.000202,0.799787,0.598932,0.040271,-0.032355,-0.023978,0.999189,0,0.28384,-0.97876,5.774,-0.231,16.812,586.654,-1,598.955,14.727,478.308,480.118,605.367,733.146,-1,-1,-1,-1,964.192,-1,22.182,35.620,1,0,2,0,1,0,0,0,0,2,2,2,2,0,2,1,1
497,-2253.396,5391.496,-58.315,52.908,0.602809,-0.797885,0.000982,0.797289,0.602405,0.037930,-0.030855,-0.022081,0.999280,0,0.28384,-0.97876,6.083,-0.242,16.812,592.098,-1,602.775,14.728,482.649,483.785,613.341,729.755,-1,-1,-1,-1,970.698,-1,22.183,33.690,1,0,2,0,1,0,0,0,0,2,2,2,2,0,2,1,1
498,-2248.637,5395.753,-57.654,52.657,0.606333,-0.795207,0.002290,0.794680,0.606032,0.034766,-0.029034,-0.019260,0.999393,0,0.28384,-0.97876,6.386,-0.251,10.285,598.849,-1,606.625,14.892,487.630,487.819,623.489,723.322,-1,-1,-1,-1,979.658,-1,22.180,31.457,1,0,2,0,1,0,0,0,0,2,2,2,2,0,2,1,1
499,-2243.618,5400.120,-57.176,52.402,0.609884,-0.792482,0.003781,0.792019,0.609678,0.031593,-0.027342,-0.016273,0.999494,0,0.28384,-0.97876,6.653,-0.254,-1,605.012,-1,609.571,14.769,491.768,491.225,633.943,715.841,-1,-1,-1,-1,-1,-1,-1,30.533,2,0,2,0,1,0,0,0,0,2,2,2,2,2,2,2,1
