timestep,x_cm,y_cm,z_cm,yaw_deg,basis_xx,basis_xy,basis_xz,basis_yx,basis_yy,basis_yz,basis_zx,basis_zy,basis_zz,teleport_flag,throttle_cmd,steering_cmd,cmd_move_cm,cmd_turn_deg,lidar_cm_0,lidar_cm_1,lidar_cm_2,lidar_cm_3,lidar_cm_4,lidar_cm_5,lidar_cm_6,lidar_cm_7,lidar_cm_8,lidar_cm_9,lidar_cm_10,lidar_cm_11,lidar_cm_12,lidar_cm_13,lidar_cm_14,lidar_cm_15,lidar_cm_16,lidar_class_0,lidar_class_1,lidar_class_2,lidar_class_3,lidar_class_4,lidar_class_5,lidar_class_6,lidar_class_7,lidar_class_8,lidar_class_9,lidar_class_10,lidar_class_11,lidar_class_12,lidar_class_13,lidar_class_14,lidar_class_15,lidar_class_16
0,-546.638,3017.371,-209.181,-97.368,-0.128170,0.991452,0.024400,-0.991224,-0.128866,0.029465,0.032358,-0.020409,0.999268,0,0.49888,-0.20000,1.443,-0.049,-1,499.001,-1,458.118,-1,403.883,398.091,411.951,381.977,-1,-1,-1,-1,881.421,730.397,-1,-1,2,0,2,0,2,0,0,0,0,2,2,2,2,0,0,2,2
1,-546.530,3018.295,-205.108,-97.364,-0.128105,0.991566,0.019653,-0.991259,-0.128645,0.029251,0.031533,-0.015734,0.999379,0,0.49888,-0.20000,0.930,0.004,-1,511.174,-1,463.553,-1,411.162,404.000,430.786,384.767,-1,-1,-1,-1,904.854,737.564,-1,-1,2,0,2,0,2,0,0,0,0,2,2,2,2,0,0,2,2
2,-546.538,3018.716,-202.199,-97.350,-0.127865,0.991670,0.015537,-0.991270,-0.128290,0.030413,0.032153,-0.011513,0.999417,0,0.49888,-0.20000,0.422,0.014,-1,522.918,-1,468.874,-1,418.180,409.502,446.159,385.671,-1,-1,-1,-1,930.074,746.063,-1,-1,2,0,2,0,2,0,0,0,0,2,2,2,2,0,0,2,2
3,-546.626,3018.771,-200.520,-97.317,-0.127278,0.991794,0.012022,-0.991295,-0.127607,0.032426,0.033694,-0.007791,0.999402,0,0.49888,-0.20000,0.103,0.034,-1,533.142,-1,473.151,-1,423.986,413.928,457.655,384.625,-1,-1,-1,-1,953.801,753.788,-1,-1,2,0,2,0,2,0,0,0,0,2,2,2,2,0,0,2,2
4,-546.768,3018.462,-200.020,-97.275,-0.126558,0.991915,0.009363,-0.991310,-0.126811,0.034969,0.035874,-0.004856,0.999345,0,0.49888,-0.20000,0.340,0.041,-1,541.023,-1,476.172,-1,428.253,417.061,464.666,382.119,-1,-1,-1,-1,975.286,760.313,-1,-1,2,0,2,0,2,0,0,0,0,2,2,2,2,0,0,2,2
5,-546.980,3017.903,-200.603,-97.245,-0.126019,0.991993,0.008297,-0.991305,-0.126242,0.037103,0.037853,-0.003549,0.999277,0,0.49888,-0.20000,0.598,0.031,-1,544.446,-1,477.248,-1,429.887,418.143,465.634,379.314,-1,-1,-1,-1,987.255,763.897,-1,-1,2,0,2,0,2,0,0,0,0,2,2,2,2,0,0,2,2
6,-547.228,3017.149,-202.167,-97.229,-0.125746,0.992018,0.009383,-0.991300,-0.126014,0.038017,0.038896,-0.004521,0.999233,0,0.49888,-0.20000,0.793,0.016,-1,541.708,-1,475.738,-1,427.971,416.519,459.490,377.141,-1,-1,-1,-1,983.647,762.826,-1,-1,2,0,2,0,2,0,0,0,0,2,2,2,2,0,0,2,2
7,-547.488,3016.264,-204.623,-97.225,-0.125679,0.991984,0.013148,-0.991331,-0.126086,0.036949,0.038311,-0.008390,0.999231,0,0.49888,-0.20000,0.923,0.004,-1,531.137,-1,471.024,-1,421.678,411.583,445.489,376.505,-1,-1,-1,-1,959.617,755.410,-1,-1,2,0,2,0,2,0,0,0,0,2,2,2,2,0,0,2,2
8,-547.549,3015.123,-207.703,-97.226,-0.125700,0.991907,0.017903,-0.991374,-0.126267,0.035132,0.037108,-0.013332,0.999222,0,0.49888,-0.20000,1.143,-0.001,-1,516.863,-1,464.471,-1,413.200,404.864,428.091,375.866,-1,-1,-1,-1,928.307,744.295,-1,-1,2,0,2,0,2,0,0,0,0,2,2,2,2,0,0,2,2
9,-547.555,3013.603,-210.887,-97.252,-0.126143,0.991757,0.022489,-0.991318,-0.126870,0.034522,0.037091,-0.017939,0.999151,0,0.49888,-0.20000,1.520,-0.026,-1,504.920,-1,459.361,-1,406.020,399.265,411.362,374.689,-1,-1,-1,-1,903.069,736.904,-1,-1,2,0,2,0,2,0,0,0,0,2,2,2,2,0,0,2,2
10,-547.651,3011.659,-213.487,-97.289,-0.126792,0.991612,0.025080,-0.991221,-0.127616,0.034577,0.037488,-0.020475,0.999087,0,0.49888,-0.20000,1.946,-0.038,-1,496.531,-1,454.973,-1,400.673,394.787,400.141,372.118,-1,-1,-1,-1,886.421,730.560,-1,-1,2,0,2,0,2,0,0,0,0,2,2,2,2,0,0,2,2
11,-547.981,3009.252,-214.954,-97.341,-0.127687,0.991467,0.026255,-0.991071,-0.128572,0.035334,0.038408,-0.021508,0.999031,0,0.49888,-0.20000,2.430,-0.052,-1,492.838,-1,452.891,-1,398.171,392.583,394.371,369.999,-1,-1,-1,-1,880.005,728.639,-1,-1,2,0,2,0,2,0,0,0,0,2,2,2,2,0,0,2,2
12,-548.528,3006.375,-215.167,-97.406,-0.128794,0.991327,0.026119,-0.990886,-0.129695,0.036380,0.039452,-0.021195,0.998997,0,0.49888,-0.20000,2.928,-0.064,-1,493.261,-1,452.848,-1,398.106,392.409,393.659,368.775,-1,-1,-1,-1,881.948,730.278,-1,-1,2,0,2,0,2,0,0,0,0,2,2,2,2,0,0,2,2
13,-549.259,3003.037,-214.286,-97.482,-0.130114,0.991180,0.025138,-0.990681,-0.130994,0.037312,0.040276,-0.020049,0.998987,0,0.49888,-0.20000,3.417,-0.077,-1,496.401,-1,454.222,-1,399.846,393.638,396.790,368.732,-1,-1,-1,-1,888.790,734.140,-1,-1,2,0,2,0,2,0,0,0,0,2,2,2,2,0,0,2,2
14,-550.129,2999.246,-212.663,-97.571,-0.131643,0.991007,0.023970,-0.990462,-0.132486,0.037847,0.040682,-0.018759,0.998996,0,0.49888,-0.20000,3.890,-0.089,-1,500.529,-1,456.452,-1,402.308,395.503,401.855,369.970,-1,-1,-1,-1,896.589,738.907,-1,-1,2,0,2,0,2,0,0,0,0,2,2,2,2,0,0,2,2
15,-551.098,2994.981,-210.741,-97.668,-0.133316,0.990805,0.023084,-0.990238,-0.134124,0.037952,0.040699,-0.017799,0.999013,0,0.49888,-0.20000,4.374,-0.097,-1,504.246,-1,458.739,-1,404.617,397.301,407.027,372.131,-1,-1,-1,-1,902.561,743.487,-1,-1,2,0,2,0,2,0,0,0,0,2,2,2,2,0,0,2,2
16,-552.152,2990.229,-208.907,-97.774,-0.135156,0.990561,0.022825,-0.989992,-0.135950,0.037861,0.040606,-0.017479,0.999022,0,0.49888,-0.20000,4.867,-0.106,-1,506.888,-1,460.800,-1,406.357,398.723,410.868,374.811,-1,-1,-1,-1,905.783,747.880,-1,-1,2,0,2,0,2,0,0,0,0,2,2,2,2,0,0,2,2
17,-553.313,2985.041,-207.393,-97.904,-0.137402,0.990239,0.023401,-0.989673,-0.138221,0.037968,0.040832,-0.017943,0.999005,0,0.49888,-0.20000,5.316,-0.130,-1,508.540,-1,462.910,-1,407.610,399.899,412.570,377.764,-1,-1,-1,-1,906.708,753.191,-1,-1,2,0,2,0,2,0,0,0,0,2,2,2,2,0,0,2,2
18,-554.619,2979.419,-206.332,-98.059,-0.140066,0.989833,0.024726,-0.989264,-0.140949,0.038598,0.041691,-0.019055,0.998949,0,0.49888,-0.20000,5.772,-0.155,-1,509.572,-1,465.226,-1,408.556,400.964,412.046,380.565,-1,-1,-1,-1,906.921,759.634,-1,-1,2,0,2,0,2,0,0,0,0,2,2,2,2,0,0,2,2
19,-556.105,2973.406,-205.745,-98.240,-0.143195,0.989341,0.026450,-0.988758,-0.144171,0.039660,0.043051,-0.020473,0.998863,0,0.49888,-0.20000,6.195,-0.182,-1,509.859,-1,467.336,-1,409.029,401.676,409.784,382.730,-1,-1,-1,-1,906.182,766.407,-1,-1,2,0,2,0,2,0,0,0,0,2,2,2,2,0,0,2,2
20,-557.837,2967.105,-205.558,-98.469,-0.147133,0.988713,0.028259,-0.988122,-0.148206,0.040621,0.044350,-0.021947,0.998775,0,0.49888,-0.20000,6.534,-0.229,-1,508.513,-1,468.394,-1,408.445,401.457,406.313,384.073,-1,-1,-1,-1,901.892,771.607,-1,-1,2,0,2,0,2,0,0,0,0,2,2,2,2,0,0,2,2
21,-559.756,2960.548,-205.652,-98.715,-0.151371,0.988046,0.029195,-0.987450,-0.152494,0.041084,0.045045,-0.022610,0.998729,0,0.49888,-0.20000,6.833,-0.246,-1,505.486,-1,467.316,-1,406.509,399.756,403.265,383.660,-1,-1,-1,-1,893.906,772.184,-1,-1,2,0,2,0,2,0,0,0,0,2,2,2,2,0,0,2,2
22,-561.993,2953.824,-205.921,-99.009,-0.156425,0.987257,0.029255,-0.986672,-0.157539,0.040729,0.044819,-0.022494,0.998742,0,0.49888,-0.20000,7.086,-0.293,-1,500.226,-1,463.857,-1,402.952,396.378,401.395,381.740,-1,-1,-1,-1,880.437,767.435,-1,-1,2,0,2,0,2,0,0,0,0,2,2,2,2,0,0,2,2
23,-564.425,2946.852,-206.306,-99.294,-0.161349,0.986518,0.027362,-0.985923,-0.162360,0.039945,0.043849,-0.020532,0.998827,0,0.49888,-0.20000,7.384,-0.286,-1,494.270,-1,457.895,-1,398.399,391.545,402.431,377.046,-1,-1,-1,-1,865.759,756.682,-1,-1,2,0,2,0,2,0,0,0,0,2,2,2,2,0,0,2,2
24,-567.168,2939.671,-206.621,-99.602,-0.166648,0.985703,0.024876,-0.985069,-0.167540,0.039608,0.043209,-0.017904,0.998906,0,0.49888,-0.20000,7.687,-0.308,-1,489.313,-1,452.236,-1,394.377,387.158,404.699,371.630,-1,-1,-1,-1,853.542,746.746,-1,-1,2,0,2,0,2,0,0,0,0,2,2,2,2,0,0,2,2
25,-570.044,2932.038,-206.625,-99.917,-0.172054,0.984815,0.023174,-0.984094,-0.172889,0.040839,0.044225,-0.015779,0.998897,0,0.49888,-0.20000,8.156,-0.315,-1,487.955,-1,450.052,-1,392.874,385.272,407.160,367.823,-1,-1,-1,-1,849.727,745.008,-1,-1,2,0,2,0,2,0,0,0,0,2,2,2,2,0,0,2,2
26,-572.867,2923.854,-206.269,-100.199,-0.176881,0.983975,0.022500,-0.983135,-0.177717,0.043156,0.046463,-0.014488,0.998815,0,0.49888,-0.20000,8.658,-0.282,-1,489.511,-1,450.864,-1,393.062,385.480,409.337,365.823,-1,-1,-1,-1,852.568,750.123,-1,-1,2,0,2,0,2,0,0,0,0,2,2,2,2,0,0,2,2
27,-575.611,2915.185,-205.580,-100.453,-0.181204,0.983176,0.023036,-0.982224,-0.182096,0.045573,0.049001,-0.014369,0.998695,0,0.49888,-0.20000,9.093,-0.253,-1,491.400,-1,453.661,-1,393.914,386.687,410.513,365.867,-1,-1,-1,-1,856.922,758.965,-1,-1,2,0,2,0,2,0,0,0,0,2,2,2,2,0,0,2,2
28,-578.228,2906.264,-204.659,-100.677,-0.185031,0.982436,0.024152,-0.981425,-0.185996,0.047006,0.050673,-0.015006,0.998603,0,0.24056,-1.00000,9.297,-0.224,-1,491.456,-1,456.254,-1,394.006,387.306,410.987,367.201,-1,-1,-1,-1,857.175,766.057,-1,-1,2,0,2,0,2,0,0,0,0,2,2,2,2,0,0,2,2
29,-580.862,2897.437,-203.620,-100.912,-0.189054,0.981625,0.025905,-0.980651,-0.190100,0.046749,0.050814,-0.016565,0.998571,0,0.24056,-1.00000,9.211,-0.235,-1,488.399,-1,456.981,-1,392.353,386.404,410.144,369.769,-1,-1,-1,-1,848.348,768.683,-1,-1,2,0,2,0,2,0,0,0,0,2,2,2,2,0,0,2,2
30,-583.601,2888.706,-202.568,-101.180,-0.193641,0.980672,0.028047,-0.979789,-0.194770,0.045591,0.050172,-0.018651,0.998566,0,0.24056,-1.00000,9.151,-0.268,-1,483.491,-1,456.672,-1,389.686,384.869,408.422,372.968,-1,-1,-1,-1,834.324,769.049,-1,-1,2,0,2,0,2,0,0,0,0,2,2,2,2,0,0,2,2
31,-586.581,2880.107,-201.554,-101.497,-0.199063,0.979517,0.030335,-0.978727,-0.200281,0.044518,0.049681,-0.020828,0.998548,0,0.24056,-1.00000,9.100,-0.317,-1,478.493,-1,456.606,-1,387.078,383.573,406.486,376.235,-1,-1,-1,-1,820.463,770.351,-1,-1,2,0,2,0,2,0,0,0,0,2,2,2,2,0,0,2,2
32,-589.836,2871.600,-200.653,-101.833,-0.204796,0.978264,0.032527,-0.977513,-0.206120,0.044536,0.050272,-0.022675,0.998478,0,0.24056,-1.00000,9.109,-0.336,-1,475.208,-1,457.997,-1,385.623,383.402,405.299,378.925,-1,-1,-1,-1,811.416,775.476,-1,-1,2,0,2,0,2,0,0,0,0,2,2,2,2,0,0,2,2
33,-593.393,2863.275,-199.896,-102.218,-0.211349,0.976802,0.034483,-0.976037,-0.212790,0.045520,0.051801,-0.024036,0.998368,0,0.24056,-1.00000,9.054,-0.385,-1,473.152,-1,460.483,-1,385.089,384.108,405.823,380.799,-1,-1,-1,-1,805.958,783.813,-1,-1,2,0,2,0,2,0,0,0,0,2,2,2,2,0,0,2,2
34,-597.054,2855.108,-199.223,-102.625,-0.218250,0.975257,0.035211,-0.974422,-0.219760,0.046975,0.053551,-0.024058,0.998275,0,0.24056,-1.00000,8.949,-0.407,-1,471.958,-1,462.497,-1,384.875,384.785,408.283,380.881,-1,-1,-1,-1,802.852,791.214,-1,-1,2,0,2,0,2,0,0,0,0,2,2,2,2,0,0,2,2
35,-600.736,2847.104,-198.613,-103.010,-0.224772,0.973778,0.035131,-0.972851,-0.226306,0.048446,0.055126,-0.023288,0.998208,0,0.24056,-1.00000,8.811,-0.385,-1,470.909,-1,464.173,-1,384.529,385.065,411.819,379.825,-1,-1,-1,-1,800.319,796.060,-1,-1,2,0,2,0,2,0,0,0,0,2,2,2,2,0,0,2,2
36,-604.359,2839.328,-198.083,-103.368,-0.230840,0.972361,0.035025,-0.971349,-0.232392,0.049749,0.056514,-0.022538,0.998147,0,0.24056,-1.00000,8.578,-0.359,-1,469.548,-1,465.598,-1,383.919,385.038,415.094,378.588,-1,-1,-1,-1,797.161,799.913,-1,-1,2,0,2,0,2,0,0,0,0,2,2,2,2,0,0,2,2
37,-607.851,2831.594,-197.572,-103.694,-0.236326,0.971041,0.035060,-0.969912,-0.237916,0.051641,0.058487,-0.021801,0.998050,0,0.24056,-1.00000,8.486,-0.325,-1,469.416,-1,468.088,-1,384.084,385.781,418.353,377.246,-1,-1,-1,-1,797.738,806.095,-1,-1,2,0,2,0,2,0,0,0,0,2,2,2,2,0,0,2,2
38,-611.274,2824.019,-197.041,-104.001,-0.241493,0.969735,0.035990,-0.968502,-0.243174,0.053572,0.060703,-0.021919,0.997915,0,0.24056,-1.00000,8.313,-0.307,-1,469.467,-1,471.658,-1,384.562,387.078,420.434,377.045,-1,-1,-1,-1,798.822,814.659,-1,-1,2,0,2,0,2,0,0,0,0,2,2,2,2,0,0,2,2
39,-614.525,2816.398,-196.443,-104.275,-0.246073,0.968543,0.037051,-0.967173,-0.247868,0.056023,0.063445,-0.022049,0.997742,0,0.24056,-1.00000,8.286,-0.274,-1,470.850,-1,476.427,-1,385.889,389.230,422.722,377.045,-1,-1,-1,-1,803.268,825.333,-1,-1,2,0,2,0,2,0,0,0,0,2,2,2,2,0,0,2,2
40,-617.869,2808.872,-195.708,-104.571,-0.251025,0.967195,0.038990,-0.965705,-0.252992,0.058382,0.066331,-0.022998,0.997533,0,0.24056,-1.00000,8.236,-0.296,-1,472.272,-1,482.467,-1,387.547,392.005,424.039,378.392,-1,-1,-1,-1,807.447,838.846,-1,-1,2,0,2,0,2,0,0,0,0,2,2,2,2,0,0,2,2
41,-621.334,2801.510,-194.831,-104.901,-0.256530,0.965644,0.041520,-0.964073,-0.258705,0.060285,0.068955,-0.024563,0.997317,0,0.24056,-1.00000,8.137,-0.330,-1,473.075,-1,488.949,-1,389.140,395.338,424.692,380.851,-1,-1,-1,-1,809.609,853.365,-1,-1,2,0,2,0,2,0,0,0,0,2,2,2,2,0,0,2,2
42,-624.775,2794.198,-193.866,-105.226,-0.261963,0.964091,0.043639,-0.962441,-0.264320,0.061979,0.071288,-0.025764,0.997123,0,0.24056,-1.00000,8.081,-0.326,-1,473.826,-1,495.049,-1,390.690,398.537,426.358,383.095,-1,-1,-1,-1,811.385,866.775,-1,-1,2,0,2,0,2,0,0,0,0,2,2,2,2,0,0,2,2
43,-628.188,2786.902,-192.872,-105.535,-0.267110,0.962610,0.045100,-0.960862,-0.269609,0.063690,0.073468,-0.026323,0.996950,0,0.24056,-1.00000,8.055,-0.309,-1,474.744,-1,500.574,-1,392.238,401.510,429.284,384.789,-1,-1,-1,-1,813.745,878.837,-1,-1,2,0,2,0,2,0,0,0,0,2,2,2,2,0,0,2,2
44,-631.683,2779.708,-191.898,-105.848,-0.272307,0.961095,0.046309,-0.959250,-0.274927,0.065233,0.075427,-0.026659,0.996795,0,0.24056,-1.00000,7.998,-0.313,-1,475.329,-1,505.547,-1,393.522,404.159,432.503,386.121,-1,-1,-1,-1,815.310,889.694,-1,-1,2,0,2,0,2,0,0,0,0,2,2,2,2,0,0,2,2
45,-635.393,2772.634,-190.983,-106.196,-0.278098,0.959373,0.047595,-0.957444,-0.280841,0.066560,0.077222,-0.027060,0.996647,0,0.37238,-0.84647,7.988,-0.348,-1,475.237,-1,510.204,-1,395.090,406.695,435.475,387.422,-1,-1,-1,-1,815.151,900.096,-1,-1,2,0,2,0,2,0,0,0,0,2,2,2,2,0,0,2,2
46,-639.327,2765.661,-190.128,-106.582,-0.284511,0.957460,0.048211,-0.955446,-0.287317,0.067621,0.078596,-0.026824,0.996546,0,0.37238,-0.84647,8.006,-0.386,-1,474.532,-1,513.510,-1,396.280,408.585,439.360,387.706,-1,-1,-1,-1,813.080,907.860,-1,-1,2,0,2,0,2,0,0,0,0,2,2,2,2,0,0,2,2
47,-643.477,2758.802,-189.329,-106.997,-0.291391,0.955394,0.048096,-0.953294,-0.294194,0.068407,0.079505,-0.025916,0.996498,0,0.37238,-0.84647,8.017,-0.414,-1,474.160,-1,515.716,-1,396.861,409.620,444.236,386.908,-1,-1,-1,-1,809.128,912.408,-1,-1,2,0,2,0,2,0,0,0,0,2,2,2,2,0,0,2,2
48,-647.855,2751.945,-188.581,-107.441,-0.298735,0.953113,0.048308,-0.950904,-0.301568,0.069561,0.080868,-0.025156,0.996407,0,0.37238,-0.84647,8.135,-0.444,-1,474.284,-1,519.045,-1,397.951,411.269,448.846,386.237,-1,-1,-1,-1,807.412,919.334,-1,-1,2,0,2,0,2,0,0,0,0,2,2,2,2,0,0,2,2
49,-652.366,2744.953,-187.863,-107.888,-0.306090,0.950705,0.049680,-0.948326,-0.309075,0.071766,0.083583,-0.025145,0.996183,0,0.37238,-0.84647,8.320,-0.448,-1,476.333,-1,525.876,-1,400.727,414.985,452.284,386.605,-1,-1,-1,-1,812.793,934.374,-1,-1,2,0,2,0,2,0,0,0,0,2,2,2,2,0,0,2,2
50,-656.924,2737.733,-187.169,-108.319,-0.313111,0.948310,0.051663,-0.945696,-0.316324,0.074827,0.087302,-0.025428,0.995857,0,0.37238,-0.84647,8.539,-0.431,-1,480.013,-1,535.171,-1,404.789,420.192,455.368,387.341,-1,-1,-1,-1,822.533,955.501,-1,-1,2,0,2,0,2,0,0,0,0,2,2,2,2,0,0,2,2
51,-661.569,2730.369,-186.500,-108.737,-0.319886,0.945924,0.053856,-0.943072,-0.323353,0.077838,0.091043,-0.025891,0.995510,0,0.37238,-0.84647,8.707,-0.418,-1,483.609,-1,544.729,-1,408.830,425.451,458.123,388.207,-1,-1,-1,-1,832.260,977.637,-1,-1,2,0,2,0,2,0,0,0,0,2,2,2,2,0,0,2,2
52,-666.340,2723.083,-185.806,-109.168,-0.326896,0.943409,0.055847,-0.940397,-0.330578,0.079819,0.093764,-0.026426,0.995244,0,0.37238,-0.84647,8.709,-0.431,-1,485.304,-1,552.247,-1,411.526,429.299,460.536,389.144,-1,-1,-1,-1,837.010,997.080,-1,-1,2,0,2,0,2,0,0,0,0,2,2,2,2,0,0,2,2
53,-671.082,2715.791,-185.024,-109.585,-0.333676,0.940998,0.056421,-0.937853,-0.337423,0.081099,0.095352,-0.025854,0.995108,0,0.37238,-0.84647,8.698,-0.417,-1,485.792,-1,556.521,-1,412.962,431.594,465.036,388.632,-1,-1,-1,-1,838.572,-1,-1,-1,2,0,2,0,2,0,0,0,0,2,2,2,2,0,2,2,2
54,-675.967,2708.520,-184.155,-110.014,-0.340650,0.938476,0.056743,-0.935220,-0.344429,0.082054,0.096549,-0.025115,0.995011,0,0.37238,-0.84647,8.760,-0.429,-1,485.810,-1,560.060,-1,414.057,433.712,470.007,388.040,-1,-1,-1,-1,838.788,-1,-1,-1,2,0,2,0,2,0,0,0,0,2,2,2,2,0,2,2,2
55,-681.033,2701.270,-183.243,-110.460,-0.347880,0.935783,0.057352,-0.932414,-0.351718,0.083062,0.097900,-0.024580,0.994893,0,0.37238,-0.84647,8.844,-0.446,-1,486.042,-1,564.165,-1,415.458,436.260,474.380,387.835,-1,-1,-1,-1,840.089,-1,-1,-1,2,0,2,0,2,0,0,0,0,2,2,2,2,0,2,2,2
56,-686.201,2693.913,-182.322,-110.917,-0.355236,0.932966,0.058147,-0.929425,-0.359165,0.084674,0.099882,-0.023964,0.994711,0,0.37238,-0.84647,8.991,-0.457,-1,487.486,-1,569.405,-1,418.184,439.855,479.061,387.584,-1,-1,-1,-1,844.908,-1,-1,-1,2,0,2,0,2,0,0,0,0,2,2,2,2,0,2,2,2
57,-691.572,2686.581,-181.399,-111.402,-0.362989,0.929880,0.059689,-0.926155,-0.367088,0.086503,0.102349,-0.023881,0.994462,0,0.37238,-0.84647,9.088,-0.484,-1,489.992,-1,575.957,-1,421.932,444.442,482.676,388.135,-1,-1,-1,-1,854.402,-1,-1,-1,2,0,2,0,2,0,0,0,0,2,2,2,2,0,2,2,2
58,-697.114,2679.393,-180.452,-111.915,-0.371170,0.926535,0.061370,-0.922633,-0.375451,0.088235,0.104795,-0.023872,0.994207,0,0.37238,-0.84647,9.077,-0.513,-1,493.679,-1,582.860,-1,425.820,449.220,486.189,388.887,-1,-1,-1,-1,864.956,-1,-1,-1,2,0,2,0,2,0,0,0,0,2,2,2,2,0,2,2,2
59,-702.761,2672.302,-179.442,-112.434,-0.379432,0.923106,0.062504,-0.919003,-0.383840,0.090000,0.107071,-0.023292,0.993979,0,0.37238,-0.84647,9.064,-0.520,-1,497.625,-1,589.293,-1,429.768,453.864,491.086,388.982,-1,-1,-1,-1,876.176,-1,-1,-1,2,0,2,0,2,0,0,0,0,2,2,2,2,0,2,2,2
60,-708.551,2665.229,-178.416,-112.961,-0.387745,0.919557,0.063794,-0.915217,-0.392302,0.092070,0.109690,-0.022686,0.993707,0,0.37238,-0.84647,9.141,-0.526,-1,502.358,-1,596.730,-1,434.377,459.018,494.613,389.092,-1,-1,-1,-1,889.805,-1,-1,-1,2,0,2,0,2,0,0,0,0,2,2,2,2,0,2,2,2
61,-714.474,2658.157,-177.407,-113.487,-0.395990,0.915909,0.065593,-0.911300,-0.400762,0.094458,0.112802,-0.022370,0.993366,0,0.37238,-0.84647,9.224,-0.526,-1,507.931,-1,605.731,-1,439.783,464.989,497.448,389.587,-1,-1,-1,-1,906.158,-1,-1,-1,2,0,2,0,2,0,0,0,0,2,2,2,2,0,2,2,2
62,-720.441,2651.044,-176.368,-113.995,-0.403886,0.912288,0.067876,-0.907372,-0.408941,0.097181,0.116414,-0.022339,0.992950,0,0.37238,-0.84647,9.284,-0.508,-1,514.513,-1,616.356,-1,446.107,471.989,499.933,390.547,-1,-1,-1,-1,942.128,-1,-1,-1,2,0,2,0,2,0,0,0,0,2,2,2,2,0,2,2,2
63,-726.387,2643.824,-175.309,-114.480,-0.411387,0.908777,0.069897,-0.903523,-0.416702,0.100025,0.120026,-0.022005,0.992527,0,0.37238,-0.84647,9.354,-0.486,-1,521.440,-1,625.906,-1,452.594,479.018,503.993,391.109,-1,-1,-1,-1,984.469,-1,-1,-1,2,0,2,0,2,0,0,0,0,2,2,2,2,0,2,2,2
64,-732.389,2636.659,-174.222,-114.964,-0.418845,0.905221,0.071722,-0.899691,-0.424387,0.102234,0.122982,-0.021707,0.992171,0,0.37238,-0.84647,9.347,-0.484,-1,527.205,-1,634.127,-1,458.160,485.106,507.931,391.735,-1,-1,-1,-1,-1,-1,-1,-1,2,0,2,0,2,0,0,0,0,2,2,2,2,2,2,2,2
65,-738.474,2629.716,-173.101,-115.443,-0.426230,0.901643,0.073265,-0.895920,-0.431948,0.103670,0.125120,-0.021452,0.991910,0,0.37238,-0.84647,9.232,-0.479,-1,531.490,-1,640.606,-1,462.610,489.988,511.706,392.431,-1,-1,-1,-1,-1,-1,-1,-1,2,0,2,0,2,0,0,0,0,2,2,2,2,2,2,2,2
66,-744.561,2622.888,-171.984,-115.911,-0.433451,0.898100,0.074406,-0.892216,-0.439291,0.104760,0.126771,-0.020978,0.991710,0,0.37238,-0.84647,9.147,-0.469,-1,535.293,-1,645.743,-1,466.327,494.026,515.918,392.749,-1,-1,-1,-1,-1,-1,-1,-1,2,0,2,0,2,0,0,0,0,2,2,2,2,2,2,2,2
67,-750.567,2615.908,-170.869,-116.360,-0.440308,0.894645,0.075755,-0.888534,-0.446308,0.106378,0.128981,-0.020472,0.991436,0,0.37238,-0.84647,9.209,-0.449,-1,540.483,-1,652.258,-1,471.008,499.032,520.349,393.032,-1,-1,-1,-1,-1,-1,-1,-1,2,0,2,0,2,0,0,0,0,2,2,2,2,2,2,2,2
68,-756.662,2608.986,-169.762,-116.813,-0.447150,0.891062,0.077887,-0.884720,-0.453416,0.108097,0.131636,-0.020572,0.991085,0,0.37238,-0.84647,9.223,-0.452,-1,546.134,-1,660.354,-1,476.384,505.061,521.747,394.225,-1,-1,-1,-1,-1,-1,-1,-1,2,0,2,0,2,0,0,0,0,2,2,2,2,2,2,2,2
69,-762.902,2602.366,-168.735,-117.281,-0.454224,0.887252,0.080401,-0.880750,-0.460799,0.109292,0.134018,-0.021170,0.990753,0,0.37238,-0.84647,9.097,-0.469,-1,550.851,-1,668.097,-1,481.059,510.727,521.197,395.999,-1,-1,-1,-1,-1,-1,-1,-1,2,0,2,0,2,0,0,0,0,2,2,2,2,2,2,2,2
70,-769.099,2595.946,-167.762,-117.775,-0.461675,0.883249,0.082024,-0.876589,-0.468435,0.110278,0.135826,-0.020988,0.990510,0,0.37238,-0.84647,8.923,-0.493,-1,554.864,-1,673.322,-1,484.903,515.245,522.188,397.531,-1,-1,-1,-1,-1,-1,-1,-1,2,0,2,0,2,0,0,0,0,2,2,2,2,2,2,2,2
71,-775.236,2589.507,-166.783,-118.246,-0.468759,0.879423,0.082948,-0.872551,-0.475618,0.111543,0.137545,-0.020090,0.990292,0,0.37238,-0.84647,8.896,-0.471,-1,559.224,-1,677.722,-1,488.730,519.239,524.930,398.364,-1,-1,-1,-1,-1,-1,-1,-1,2,0,2,0,2,0,0,0,0,2,2,2,2,2,2,2,2
72,-781.368,2583.005,-165.813,-118.709,-0.475673,0.875630,0.083709,-0.868508,-0.482611,0.113050,0.139389,-0.018927,0.990057,0,0.33924,-1.00000,8.937,-0.463,-1,564.060,-1,682.233,-1,492.825,523.390,528.308,398.633,-1,-1,-1,-1,-1,-1,-1,-1,2,0,2,0,2,0,0,0,0,2,2,2,2,2,2,2,2
73,-787.592,2576.731,-164.877,-119.201,-0.483024,0.871516,0.084545,-0.864251,-0.490032,0.113752,0.140566,-0.018123,0.989905,0,0.33924,-1.00000,8.837,-0.491,-1,567.241,-1,685.339,-1,495.619,526.445,530.142,399.515,-1,-1,-1,-1,-1,-1,-1,-1,2,0,2,0,2,0,0,0,0,2,2,2,2,2,2,2,2
74,-793.879,2570.643,-163.933,-119.706,-0.490582,0.867204,0.085362,-0.859858,-0.497647,0.113982,0.141326,-0.017482,0.989809,0,0.33924,-1.00000,8.751,-0.506,-1,569.479,-1,687.603,-1,497.692,528.875,529.880,400.750,-1,-1,-1,-1,-1,-1,-1,-1,2,0,2,0,2,0,0,0,0,2,2,2,2,2,2,2,2
75,-800.204,2564.653,-162.940,-120.215,-0.498144,0.862802,0.086168,-0.855371,-0.505262,0.114241,0.142105,-0.016797,0.989709,0,0.33924,-1.00000,8.712,-0.509,-1,571.859,-1,690.115,-1,499.998,531.527,529.886,402.082,-1,-1,-1,-1,-1,-1,-1,-1,2,0,2,0,2,0,0,0,0,2,2,2,2,2,2,2,2
76,-806.552,2558.923,-161.844,-120.732,-0.505794,0.858285,0.086717,-0.850787,-0.512926,0.114319,0.142597,-0.015956,0.989652,0,0.33924,-1.00000,8.552,-0.516,-1,574.125,-1,692.147,-1,502.183,533.871,530.644,403.460,-1,-1,-1,-1,-1,-1,-1,-1,2,0,2,0,2,0,0,0,0,2,2,2,2,2,2,2,2
77,-812.906,2553.461,-160.641,-121.252,-0.513444,0.853702,0.086992,-0.846065,-0.520556,0.114874,0.143353,-0.014620,0.989564,0,0.33924,-1.00000,8.378,-0.520,-1,577.789,-1,694.784,-1,505.410,536.966,532.466,404.305,-1,-1,-1,-1,-1,-1,-1,-1,2,0,2,0,2,0,0,0,0,2,2,2,2,2,2,2,2
78,-819.274,2548.107,-159.435,-121.775,-0.521030,0.849044,0.087474,-0.841140,-0.528163,0.116308,0.144951,-0.012978,0.989354,0,0.33924,-1.00000,8.319,-0.524,-1,583.749,-1,699.596,-1,510.425,541.728,533.486,404.705,-1,-1,-1,-1,983.933,-1,-1,-1,2,0,2,0,2,0,0,0,0,2,2,2,2,1,2,2,2
79,-825.599,2542.592,-158.344,-122.271,-0.528104,0.844580,0.088267,-0.836300,-0.535312,0.118507,0.147339,-0.011234,0.989022,0,0.33924,-1.00000,8.392,-0.496,-1,591.345,-1,706.404,-1,516.640,547.497,534.628,404.549,-1,-1,-1,-1,979.966,-1,-1,-1,2,0,2,0,2,0,0,0,0,2,2,2,2,1,2,2,2
80,-831.920,2536.929,-157.387,-122.747,-0.534813,0.840188,0.089776,-0.831561,-0.542199,0.120527,0.149942,-0.010195,0.988642,0,0.33924,-1.00000,8.486,-0.475,-1,598.637,-1,714.194,-1,522.844,553.306,533.579,405.298,-1,-1,-1,-1,975.869,-1,-1,-1,2,0,2,0,2,0,0,0,0,2,2,2,2,1,2,2,2
81,-838.285,2531.269,-156.536,-123.226,-0.541572,0.835598,0.092067,-0.826795,-0.549244,0.121413,0.152019,-0.010367,0.988323,0,0.33924,-1.00000,8.518,-0.479,-1,603.528,-1,721.351,-1,527.473,557.929,528.898,408.017,-1,769.640,-1,-1,988.763,-1,-1,-1,2,0,2,0,2,0,0,0,0,2,0,2,2,1,2,2,2
82,-844.670,2525.624,-155.765,-123.711,-0.548427,0.830831,0.094590,-0.822005,-0.556412,0.121303,0.153413,-0.011228,0.988098,0,0.33924,-1.00000,8.522,-0.485,-1,605.989,-1,726.914,-1,530.442,561.175,522.079,411.779,-1,740.065,833.063,-1,983.934,-1,-1,-1,2,0,2,0,2,0,0,0,0,2,0,0,2,1,2,2,2
83,-851.045,2520.040,-155.001,-124.192,-0.555258,0.826033,0.096740,-0.817287,-0.563491,0.120497,0.154047,-0.012157,0.987989,0,0.33924,-1.00000,8.475,-0.481,-1,606.527,-1,730.198,-1,531.953,562.943,515.080,415.591,-1,724.042,804.637,-1,979.207,-1,-1,-1,2,0,2,0,2,0,0,0,0,2,0,0,2,1,2,2,2
84,-857.386,2514.416,-154.188,-124.640,-0.561596,0.821553,0.098288,-0.812879,-0.569992,0.119740,0.154396,-0.012651,0.987928,0,0.33924,-1.00000,8.476,-0.448,-1,606.906,-1,732.244,-1,533.027,564.096,508.100,418.579,-1,714.546,787.760,-1,974.383,-1,-1,-1,2,0,2,0,2,0,0,0,0,2,0,0,2,1,2,2,2
85,-863.807,2509.021,-153.349,-125.100,-0.568129,0.816904,0.099486,-0.808367,-0.576625,0.118515,0.154182,-0.013089,0.987956,0,0.33924,-1.00000,8.386,-0.460,-1,606.187,-1,733.779,-1,533.197,564.284,501.128,421.550,-1,714.624,792.163,-1,969.875,-1,-1,-1,2,0,2,0,2,0,0,0,0,2,0,0,2,1,2,2,2
86,-870.234,2504.050,-152.434,-125.581,-0.574967,0.812096,0.099565,-0.803657,-0.583390,0.117439,0.153457,-0.012492,0.988076,0,0.33924,-1.00000,8.125,-0.481,-1,605.457,-1,731.652,-1,532.944,563.633,497.110,422.733,-1,725.542,817.331,-1,965.928,-1,-1,-1,2,0,2,0,2,0,0,0,0,2,0,0,2,1,2,2,2
87,-876.699,2499.345,-151.453,-126.069,-0.581839,0.807270,0.098889,-0.798805,-0.590083,0.117105,0.152888,-0.010856,0.988184,0,0.33924,-1.00000,7.996,-0.488,-1,606.194,-1,729.187,-1,533.466,563.379,496.091,422.098,-1,736.528,838.498,-1,962.360,-1,-1,-1,2,0,2,0,2,0,0,0,0,2,0,0,2,1,2,2,2
88,-883.224,2494.768,-150.445,-126.546,-0.588477,0.802538,0.098117,-0.793951,-0.596536,0.117419,0.152763,-0.008802,0.988224,0,0.33924,-1.00000,7.971,-0.477,-1,608.444,-1,727.907,-1,535.046,564.105,496.402,420.764,-1,741.439,842.935,-1,958.964,-1,-1,-1,2,0,2,0,2,0,0,0,0,2,0,0,2,1,2,2,2
89,-889.811,2490.432,-149.425,-127.024,-0.595072,0.797717,0.097654,-0.789012,-0.602991,0.117738,0.152806,-0.006988,0.988231,0,0.33924,-1.00000,7.886,-0.478,-1,611.100,-1,727.558,-1,537.084,565.417,496.159,420.033,-1,743.728,831.672,-1,955.892,-1,-1,-1,2,0,2,0,2,0,0,0,0,2,0,0,2,1,2,2,2
90,-896.355,2486.216,-148.409,-127.481,-0.601327,0.793069,0.097192,-0.784200,-0.609111,0.118382,0.153086,-0.005031,0.988200,0,0.33924,-1.00000,7.784,-0.458,-1,614.487,-1,727.963,-1,539.361,567.189,496.509,419.019,-1,746.793,809.274,-1,952.938,-1,932.628,-1,2,0,2,0,2,0,0,0,0,2,0,0,2,1,2,1,2
91,-902.751,2481.732,-147.411,-127.873,-0.606613,0.789091,0.096725,-0.779987,-0.614269,0.119558,0.153757,-0.002919,0.988104,0,0.33924,-1.00000,7.812,-0.392,-1,618.727,-1,729.314,-1,542.120,569.378,497.116,417.496,-1,745.581,797.780,-1,949.494,-1,929.087,-1,2,0,2,0,2,0,0,0,0,2,0,0,2,1,2,1,2
92,-909.013,2477.110,-146.450,-128.260,-0.611843,0.785046,0.096702,-0.775854,-0.619436,0.119791,0.153942,-0.001734,0.988078,0,0.33924,-1.00000,7.783,-0.387,-1,620.957,-1,729.930,-1,543.672,570.118,494.878,417.606,-1,746.832,798.519,-1,945.924,-1,925.216,-1,2,0,2,0,2,0,0,0,0,2,0,0,2,1,2,1,2
93,-915.192,2472.486,-145.511,-128.655,-0.617253,0.780725,0.097300,-0.771685,-0.624872,0.118478,0.153298,-0.001954,0.988178,0,0.33924,-1.00000,7.718,-0.396,-1,620.070,-1,729.319,-1,543.338,569.385,488.950,420.219,-1,755.570,812.961,-1,942.415,-1,921.069,-1,2,0,2,0,2,0,0,0,0,2,0,0,2,1,2,1,2
94,-921.344,2467.906,-144.602,-129.070,-0.622939,0.776071,0.098283,-0.767339,-0.630637,0.116137,0.152112,-0.003070,0.988359,0,0.33924,-1.00000,7.669,-0.415,-1,617.182,-1,727.885,-1,541.761,567.689,480.077,425.833,-1,769.443,836.737,-1,975.632,-1,916.867,-1,2,0,2,0,2,0,0,0,0,2,0,0,2,1,2,1,2
95,-927.509,2463.282,-143.736,-129.490,-0.628656,0.771327,0.099224,-0.762892,-0.636425,0.113839,0.150956,-0.004132,0.988532,0,0.33924,-1.00000,7.707,-0.420,-1,614.362,-1,725.920,-1,540.167,565.959,471.777,433.164,-1,782.832,859.945,-1,985.912,-1,918.380,-1,2,0,2,0,2,0,0,0,0,2,0,0,2,1,2,1,2
96,-933.685,2458.489,-142.949,-129.884,-0.633978,0.766881,0.099827,-0.758648,-0.641773,0.112163,0.150082,-0.004625,0.988663,0,0.33924,-1.00000,7.818,-0.394,-1,612.339,-1,724.259,-1,538.935,564.430,464.837,438.656,-1,793.628,881.836,-1,994.273,-1,913.874,-1,2,0,2,0,2,0,0,0,0,2,0,0,2,1,2,1,2
97,-939.842,2453.574,-142.236,-130.248,-0.638847,0.762807,0.099999,-0.754677,-0.646610,0.111165,0.149458,-0.004450,0.988758,0,0.22224,-0.36842,7.878,-0.364,-1,611.116,-1,722.481,-1,538.038,563.039,459.427,442.019,-1,801.038,891.471,-1,1002.184,-1,909.238,-1,2,0,2,0,2,0,0,0,0,2,0,0,2,1,2,1,2
98,-945.862,2448.655,-141.476,-130.572,-0.643197,0.759209,0.099494,-0.751178,-0.650835,0.110206,0.148423,-0.003854,0.988916,0,0.22224,-0.36842,7.774,-0.323,-1,609.276,-1,719.043,-1,536.420,560.792,455.439,444.270,-1,815.901,925.595,-1,-1,-1,941.029,-1,2,0,2,0,2,0,0,0,0,2,0,0,2,2,2,1,2
99,-951.776,2443.746,-140.612,-130.867,-0.647186,0.755904,0.098792,-0.748001,-0.654675,0.109067,0.147121,-0.003310,0.989113,0,0.22224,-0.36842,7.686,-0.295,-1,607.008,-1,715.131,-1,534.464,558.340,451.918,446.991,-1,836.665,990.530,-1,-1,-1,939.355,-1,2,0,2,0,2,0,0,0,0,2,0,0,2,2,2,1,2
100,-957.620,2438.802,-139.644,-131.135,-0.650785,0.752859,0.098398,-0.745078,-0.658175,0.108005,0.146075,-0.003026,0.989269,0,0.22224,-0.36842,7.654,-0.268,-1,605.394,-1,712.645,-1,533.170,557.000,448.428,450.875,-1,855.440,-1,-1,-1,-1,941.806,-1,2,0,2,0,2,0,0,0,0,2,0,2,2,2,2,1,2
101,-963.414,2433.810,-138.593,-131.379,-0.653998,0.750071,0.098388,-0.742368,-0.661352,0.107255,0.145517,-0.002895,0.989351,0,0.22224,-0.36842,7.648,-0.243,-1,605.298,-1,712.119,-1,533.178,556.861,445.141,455.598,-1,868.227,-1,-1,-1,-1,943.605,-1,2,0,2,0,2,0,0,0,0,2,0,2,2,2,2,1,2
102,-969.195,2428.848,-137.528,-131.617,-0.657119,0.747336,0.098403,-0.739681,-0.664441,0.106725,0.145142,-0.002656,0.989407,0,0.22224,-0.36842,7.619,-0.238,-1,605.910,-1,712.118,-1,533.753,557.118,442.215,460.098,-1,878.629,-1,-1,-1,-1,945.201,-1,2,0,2,0,2,0,0,0,0,2,0,2,2,2,2,1,2
103,-974.971,2423.983,-136.501,-131.860,-0.660292,0.744583,0.098038,-0.736936,-0.667527,0.106451,0.144705,-0.001959,0.989473,0,0.22224,-0.36842,7.552,-0.243,-1,606.666,-1,711.370,-1,533.906,557.104,440.277,463.142,-1,890.069,-1,-1,-1,-1,947.014,-1,2,0,2,0,2,0,0,0,0,2,0,2,2,2,2,1,2
104,-980.730,2419.216,-135.524,-132.108,-0.663527,0.741813,0.097191,-0.734138,-0.670606,0.106436,0.144132,-0.000729,0.989558,0,0.22224,-0.36842,7.475,-0.248,-1,607.414,-1,709.534,-1,533.763,556.622,439.390,464.444,-1,903.709,-1,-1,-1,-1,949.096,-1,2,0,2,0,2,0,0,0,0,2,0,2,2,2,2,1,2
105,-986.476,2414.546,-134.595,-132.355,-0.666774,0.739065,0.095893,-0.731372,-0.673633,0.106366,0.143208,0.000789,0.989692,0,0.22224,-0.36842,7.404,-0.247,-1,607.441,-1,706.186,-1,532.870,555.265,438.957,464.681,-1,923.053,-1,-1,-1,-1,951.554,-1,2,0,2,0,2,0,0,0,0,2,0,2,2,2,2,1,2
106,-992.190,2409.919,-133.740,-132.593,-0.669951,0.736397,0.094262,-0.728757,-0.676546,0.105824,0.141701,0.002203,0.989907,0,0.22224,-0.36842,7.353,-0.238,-1,605.781,-1,700.904,-1,530.600,552.335,438.099,464.775,-1,952.398,-1,-1,-1,-1,954.425,-1,2,0,2,0,2,0,0,0,0,2,0,2,2,2,2,1,2
107,-997.868,2405.295,-132.978,-132.821,-0.673037,0.733778,0.092689,-0.726279,-0.679382,0.104681,0.139784,0.003136,0.990177,0,0.22224,-0.36842,7.322,-0.229,-1,602.518,-1,694.580,-1,527.198,548.218,435.985,465.722,-1,996.707,-1,-1,-1,-1,957.634,-1,2,0,2,0,2,0,0,0,0,2,0,2,2,2,2,1,2
108,-1003.514,2400.669,-132.272,-133.051,-0.676149,0.731083,0.091325,-0.723776,-0.682279,0.103167,0.137732,0.003658,0.990463,0,0.22224,-0.36842,7.299,-0.230,-1,598.517,-1,688.153,-1,523.353,543.811,432.826,467.522,-1,-1,-1,-1,-1,-1,961.190,-1,2,0,2,0,2,0,0,0,0,2,2,2,2,2,2,1,2
109,-1009.148,2396.050,-131.582,-133.283,-0.679257,0.728337,0.090201,-0.721236,-0.685208,0.101529,0.135753,0.003908,0.990735,0,0.22224,-0.36842,7.286,-0.232,786.860,594.498,-1,682.247,-1,519.609,539.615,429.076,470.005,-1,-1,-1,-1,-1,-1,964.873,-1,1,0,2,0,2,0,0,0,0,2,2,2,2,2,2,1,2
110,-1014.755,2391.461,-130.843,-133.507,-0.682226,0.725683,0.089178,-0.718729,-0.688016,0.100316,0.134154,0.004344,0.990951,0,0.22224,-0.36842,7.245,-0.224,781.716,591.488,-1,677.523,-1,516.797,536.312,425.989,472.239,-1,-1,-1,-1,-1,-1,-1,-1,1,0,2,0,2,0,0,0,0,2,2,2,2,2,2,2,2
111,-1020.348,2386.937,-130.002,-133.728,-0.685089,0.723091,0.088273,-0.716202,-0.690734,0.099702,0.133067,0.005083,0.991094,0,0.22224,-0.36842,7.194,-0.221,776.780,590.160,-1,674.416,-1,515.322,534.263,423.956,474.145,-1,-1,-1,-1,-1,-1,-1,-1,1,0,2,0,2,0,0,0,0,2,2,2,2,2,2,2,2
112,-1025.947,2382.468,-129.081,-133.950,-0.687937,0.720482,0.087447,-0.713632,-0.693448,0.099294,0.132180,0.005903,0.991208,0,0.22224,-0.36842,7.163,-0.222,771.959,589.618,-1,672.115,-1,514.474,532.817,422.370,476.254,-1,-1,-1,-1,-1,-1,-1,-1,1,0,2,0,2,0,0,0,0,2,2,2,2,2,2,2,2
113,-1031.528,2378.030,-128.119,-134.166,-0.690722,0.717922,0.086549,-0.711121,-0.696091,0.098809,0.131183,0.006703,0.991336,0,0.22224,-0.36842,7.130,-0.217,767.157,588.923,-1,669.661,-1,513.516,531.271,420.914,478.764,-1,-1,-1,-1,-1,-1,-1,-1,1,0,2,0,2,0,0,0,0,2,2,2,2,2,2,2,2
114,-1037.076,2373.613,-127.150,-134.375,-0.693427,0.715436,0.085502,-0.708719,-0.698639,0.098089,0.129912,0.007420,0.991498,0,0.22224,-0.36842,7.091,-0.209,762.326,587.540,-1,666.326,-1,512.032,529.226,419.355,482.098,-1,-1,-1,-1,-1,-1,-1,-1,1,0,2,0,2,0,0,0,0,2,2,2,2,2,2,2,2
115,-1042.593,2369.228,-126.218,-134.580,-0.696107,0.712979,0.084238,-0.706387,-0.701140,0.097058,0.128263,0.008058,0.991707,0,0.22224,-0.36842,7.048,-0.205,757.464,585.734,-1,661.870,-1,509.732,526.390,417.460,485.386,-1,-1,-1,-1,-1,-1,-1,-1,1,0,2,0,2,0,0,0,0,2,2,2,2,2,2,2,2
116,-1048.078,2364.895,-125.324,-134.783,-0.698790,0.710528,0.082725,-0.704109,-0.703616,0.095676,0.126187,0.008610,0.991969,0,0.22224,-0.36842,6.990,-0.203,762.059,582.783,-1,656.252,-1,506.544,522.688,415.539,488.642,-1,-1,-1,-1,-1,-1,-1,-1,1,0,2,0,2,0,0,0,0,2,2,2,2,2,2,2,2
117,-1053.528,2360.617,-124.430,-134.982,-0.701442,0.708107,0.081013,-0.701892,-0.706047,0.094052,0.123798,0.009110,0.992266,0,0.22224,-0.36842,6.928,-0.199,757.126,579.086,-1,649.908,-1,502.798,518.535,414.592,491.953,-1,-1,-1,-1,-1,-1,-1,-1,1,0,2,0,2,0,0,0,0,2,2,2,2,2,2,2,2
118,-1058.978,2356.376,-123.544,-135.183,-0.704101,0.705627,0.079568,-0.699618,-0.708521,0.092375,0.121558,0.009374,0.992540,0,0.22224,-0.36842,6.905,-0.201,752.247,575.618,-1,644.246,-1,499.674,514.995,413.228,495.929,-1,-1,-1,-1,-1,-1,-1,-1,1,0,2,0,2,0,0,0,0,2,2,2,2,2,2,2,2
119,-1064.516,2352.192,-122.651,-135.416,-0.707083,0.702727,0.078795,-0.696897,-0.711399,0.090812,0.119870,0.009299,0.992746,0,0.33033,-1.00000,6.942,-0.233,747.483,573.406,-1,640.457,-1,497.732,512.732,411.278,500.994,-1,-1,-1,-1,-1,-1,-1,-1,1,0,2,0,2,0,0,0,0,2,2,2,2,2,2,2,2
120,-1070.223,2348.041,-121.713,-135.681,-0.710370,0.699429,0.078568,-0.693671,-0.714639,0.090063,0.119140,0.009478,0.992832,0,0.33033,-1.00000,7.057,-0.266,742.861,573.906,-1,639.879,-1,497.919,512.494,409.815,505.692,-1,-1,-1,-1,-1,-1,-1,-1,1,0,2,0,2,0,0,0,0,2,2,2,2,2,2,2,2
121,-1076.142,2344.044,-120.767,-135.986,-0.714066,0.695651,0.078614,-0.689903,-0.718312,0.089783,0.118927,0.009875,0.992854,0,0.33033,-1.00000,7.142,-0.305,738.482,576.032,-1,641.084,-1,499.329,513.356,408.632,509.878,-1,-1,-1,-1,-1,-1,-1,-1,1,0,2,0,2,0,0,0,0,2,2,2,2,2,2,2,2
122,-1082.200,2340.129,-119.893,-136.300,-0.717863,0.691774,0.078241,-0.686000,-0.722033,0.089849,0.118647,0.010826,0.992877,0,0.33033,-1.00000,7.213,-0.314,734.234,578.286,-1,641.338,-1,500.582,513.830,408.138,512.138,-1,-1,-1,-1,-1,-1,-1,-1,1,0,2,0,2,0,0,0,0,2,2,2,2,2,2,2,2
123,-1088.328,2336.242,-119.126,-136.614,-0.721695,0.687900,0.077137,-0.682129,-0.725703,0.089747,0.117716,0.012153,0.992973,0,0.33033,-1.00000,7.256,-0.314,730.017,578.998,-1,638.907,-1,499.771,512.680,407.915,512.747,-1,-1,-1,-1,-1,-1,-1,-1,1,0,2,0,2,0,0,0,0,2,2,2,2,2,2,2,2
124,-1094.545,2332.419,-118.407,-136.946,-0.725764,0.683775,0.075619,-0.678066,-0.729568,0.089201,0.116163,0.013464,0.993139,0,0.33033,-1.00000,7.299,-0.332,725.872,578.209,-1,634.538,-1,497.663,510.245,407.394,513.050,-1,-1,-1,-1,-1,-1,-1,-1,1,0,2,0,2,0,0,0,0,2,2,2,2,2,2,2,2
125,-1100.802,2328.678,-117.638,-137.289,-0.730003,0.679451,0.073765,-0.673888,-0.733577,0.087969,0.113883,0.014508,0.993388,0,0.33033,-1.00000,7.290,-0.343,721.794,575.755,-1,628.527,-1,494.281,506.076,406.449,514.149,-1,-1,-1,-1,-1,-1,-1,-1,1,0,2,0,2,0,0,0,0,2,2,2,2,2,2,2,2
126,-1107.079,2324.977,-116.758,-137.627,-0.734188,0.675146,0.071740,-0.669774,-0.737524,0.086373,0.111224,0.015364,0.993677,0,0.33033,-1.00000,7.287,-0.338,761.366,571.981,-1,622.041,-1,490.455,501.441,405.479,516.142,-1,-1,-1,-1,-1,-1,-1,-1,1,0,2,0,2,0,0,0,0,2,2,2,2,2,2,2,2
127,-1113.438,2321.340,-115.787,-137.968,-0.738364,0.670735,0.070239,-0.665567,-0.741531,0.084572,0.108810,0.015696,0.993939,0,0.33033,-1.00000,7.326,-0.341,767.507,568.672,-1,617.149,-1,487.283,497.649,403.896,520.044,-1,-1,-1,-1,-1,-1,-1,-1,1,0,2,0,2,0,0,0,0,2,2,2,2,2,2,2,2
128,-1119.937,2317.943,-114.807,-138.350,-0.742945,0.665746,0.069386,-0.660784,-0.746017,0.082603,0.106756,0.015520,0.994164,0,0.33033,-1.00000,7.333,-0.381,775.036,566.969,-1,613.947,-1,484.850,494.734,401.414,525.441,-1,-1,-1,-1,-1,-1,-1,-1,1,0,2,0,2,0,0,0,0,2,2,2,2,2,2,2,2
129,-1126.573,2314.822,-113.896,-138.761,-0.747794,0.660364,0.068727,-0.655549,-0.750783,0.081114,0.105163,0.015603,0.994333,0,0.46080,-0.78535,7.333,-0.411,806.872,566.641,-1,611.744,-1,483.278,492.549,400.173,529.906,-1,-1,-1,-1,-1,-1,-1,-1,1,0,2,0,2,0,0,0,0,2,2,2,2,2,2,2,2
130,-1133.326,2311.694,-113.108,-139.152,-0.752333,0.655296,0.067699,-0.650492,-0.755184,0.080982,0.104192,0.016888,0.994414,0,0.46080,-0.78535,7.442,-0.391,812.941,568.304,-1,609.795,-1,482.751,490.998,401.101,530.640,-1,-1,-1,-1,-1,-1,-1,-1,1,0,2,0,2,0,0,0,0,2,2,2,2,2,2,2,2
131,-1140.170,2308.357,-112.473,-139.515,-0.756490,0.650641,0.066254,-0.645768,-0.759147,0.081729,0.103473,0.019042,0.994450,0,0.46080,-0.78535,7.614,-0.362,818.121,570.616,-1,606.838,-1,482.600,489.343,403.016,528.462,-1,-1,-1,-1,-1,-1,-1,-1,1,0,2,0,2,0,0,0,0,2,2,2,2,2,2,2,2
132,-1147.164,2304.889,-111.932,-139.891,-0.760777,0.645761,0.064896,-0.640836,-0.763249,0.082337,0.102702,0.021053,0.994489,0,0.46080,-0.78535,7.808,-0.376,-1,572.447,-1,603.463,-1,482.650,487.368,404.390,526.356,-1,-1,-1,-1,-1,-1,-1,-1,2,0,2,0,2,0,0,0,0,2,2,2,2,2,2,2,2
133,-1154.327,2301.575,-111.371,-140.296,-0.765368,0.640417,0.063852,-0.635514,-0.767703,0.082181,0.101650,0.022320,0.994570,0,0.46080,-0.78535,7.892,-0.405,-1,573.282,-1,600.075,-1,482.172,485.657,404.612,526.354,-1,-1,-1,-1,-1,-1,-1,-1,2,0,2,0,2,0,0,0,0,2,2,2,2,2,2,2,2
134,-1161.611,2298.475,-110.759,-140.725,-0.770228,0.634674,0.062759,-0.629872,-0.772436,0.081260,0.100051,0.023058,0.994715,0,0.46080,-0.78535,7.916,-0.429,-1,572.719,-1,595.904,-1,480.434,483.312,404.091,527.808,-1,-1,-1,-1,-1,-1,-1,-1,2,0,2,0,2,0,0,0,0,2,2,2,2,2,2,2,2
135,-1168.974,2295.257,-110.107,-141.146,-0.774988,0.629008,0.061183,-0.624308,-0.777023,0.080468,0.098155,0.024165,0.994878,0,0.46080,-0.78535,8.036,-0.422,-1,571.768,-1,590.789,-1,477.698,480.413,404.185,527.969,-1,-1,-1,-1,-1,-1,-1,-1,2,0,2,0,2,0,0,0,0,2,2,2,2,2,2,2,2
136,-1176.464,2291.889,-109.400,-141.574,-0.779792,0.623213,0.059417,-0.618630,-0.781644,0.079563,0.096027,0.025285,0.995058,0,0.46080,-0.78535,8.212,-0.428,-1,569.287,-1,585.263,-1,474.658,476.595,404.306,528.242,-1,-1,-1,-1,-1,-1,-1,-1,2,0,2,0,2,0,0,0,0,2,2,2,2,2,2,2,2
137,-1184.103,2288.568,-108.601,-142.027,-0.784853,0.617008,0.057501,-0.612599,-0.786525,0.078113,0.093422,0.026083,0.995285,0,0.46080,-0.78535,8.330,-0.453,-1,566.264,-1,579.150,-1,470.943,471.989,403.985,529.692,-1,-1,-1,-1,-1,-1,-1,-1,2,0,2,0,2,0,0,0,0,2,2,2,2,2,2,2,2
138,-1191.931,2285.301,-107.747,-142.498,-0.790051,0.610493,0.055845,-0.606273,-0.791578,0.076394,0.090844,0.026498,0.995513,0,0.46080,-0.78535,8.482,-0.471,-1,563.805,-1,573.660,-1,467.394,467.671,403.182,532.497,-1,-1,-1,-1,-1,-1,-1,-1,2,0,2,0,2,0,0,0,0,2,2,2,2,2,2,2,2
139,-1199.923,2281.907,-106.859,-142.944,-0.794887,0.604299,0.054573,-0.600209,-0.796299,0.075210,0.088906,0.027029,0.995673,0,0.46080,-0.78535,8.683,-0.446,-1,563.119,-1,569.767,-1,465.123,464.607,402.728,535.391,-1,-1,-1,-1,-1,-1,-1,-1,2,0,2,0,2,0,0,0,0,2,2,2,2,2,2,2,2
140,-1208.088,2278.592,-105.960,-143.403,-0.799786,0.597878,0.053711,-0.593918,-0.801126,0.073883,0.087202,0.027190,0.995819,0,0.46080,-0.78535,8.812,-0.459,-1,562.874,-1,566.732,-1,463.273,462.077,402.139,539.281,-1,-1,-1,-1,-1,-1,-1,-1,2,0,2,0,2,0,0,0,0,2,2,2,2,2,2,2,2
141,-1216.355,2275.545,-105.050,-143.900,-0.805044,0.590861,0.052801,-0.587046,-0.806312,0.072368,0.085334,0.027262,0.995979,0,0.46080,-0.78535,8.811,-0.498,-1,562.412,-1,563.493,-1,461.220,459.333,401.458,543.237,-1,-1,-1,-1,-1,-1,-1,-1,2,0,2,0,2,0,0,0,0,2,2,2,2,2,2,2,2
142,-1224.724,2272.551,-104.107,-144.405,-0.810297,0.583742,0.051617,-0.580005,-0.811451,0.071707,0.083743,0.028165,0.996089,0,0.51037,-0.80075,8.888,-0.505,-1,563.481,-1,561.958,-1,459.939,457.046,402.138,545.235,-1,-1,-1,-1,-1,-1,-1,-1,2,0,2,0,2,0,0,0,0,2,2,2,2,2,2,2,2
143,-1233.293,2269.644,-103.168,-144.916,-0.815504,0.576505,0.050930,-0.572799,-0.816575,0.071465,0.082788,0.029107,0.996142,0,0.51037,-0.80075,9.048,-0.511,-1,565.930,-1,562.708,-1,460.390,456.156,403.027,547.267,-1,-1,-1,-1,-1,-1,-1,-1,2,0,2,0,2,0,0,0,0,2,2,2,2,2,2,2,2
144,-1241.881,2266.938,-102.230,-145.406,-0.820421,0.569538,0.050351,-0.565853,-0.821416,0.071316,0.081977,0.030018,0.996182,0,0.51037,-0.80075,9.005,-0.489,-1,567.570,-1,563.832,-1,460.469,455.570,404.019,549.459,-1,-1,-1,-1,-1,-1,-1,-1,2,0,2,0,2,0,0,0,0,2,2,2,2,2,2,2,2
145,-1250.407,2264.136,-101.327,-145.860,-0.824936,0.563060,0.049432,-0.559361,-0.825814,0.071743,0.081218,0.031533,0.996197,0,0.51037,-0.80075,8.974,-0.455,-1,570.304,-1,564.306,-1,460.673,454.676,405.872,550.125,-1,-1,-1,-1,-1,-1,-1,-1,2,0,2,0,2,0,0,0,0,2,2,2,2,2,2,2,2
146,-1258.983,2261.322,-100.451,-146.332,-0.829577,0.556259,0.048759,-0.552585,-0.830374,0.071618,0.080327,0.032469,0.996240,0,0.51037,-0.80075,9.026,-0.472,-1,573.108,-1,564.905,-1,460.451,454.358,406.776,552.036,-1,-1,-1,-1,-1,-1,-1,-1,2,0,2,0,2,0,0,0,0,2,2,2,2,2,2,2,2
147,-1267.502,2258.799,-99.620,-146.837,-0.834531,0.548864,0.048029,-0.545335,-0.835291,0.069988,0.078532,0.032215,0.996391,0,0.51037,-0.80075,8.885,-0.505,-1,572.384,-1,564.624,-1,458.443,452.623,405.810,556.372,-1,-1,-1,-1,-1,-1,-1,-1,2,0,2,0,2,0,0,0,0,2,2,2,2,2,2,2,2
148,-1275.891,2256.352,-98.819,-147.340,-0.839432,0.541432,0.046963,-0.538080,-0.840140,0.068070,0.076311,0.031871,0.996575,0,0.51037,-0.80075,8.739,-0.503,-1,570.322,-1,563.392,-1,455.717,450.119,404.657,560.675,-1,-1,-1,-1,-1,-1,-1,-1,2,0,2,0,2,0,0,0,0,2,2,2,2,2,2,2,2
149,-1284.207,2254.144,-98.046,-147.899,-0.844798,0.533108,0.045955,-0.529958,-0.845473,0.065726,0.073893,0.031170,0.996779,0,0.51037,-0.80075,8.605,-0.559,-1,567.584,-1,562.542,-1,452.650,447.406,402.748,565.429,-1,-1,-1,-1,-1,-1,-1,-1,2,0,2,0,2,0,0,0,0,2,2,2,2,2,2,2,2
150,-1292.605,2252.299,-97.296,-148.564,-0.851024,0.523161,0.045392,-0.520207,-0.851700,0.063176,0.071712,0.030151,0.996970,0,0.51037,-0.80075,8.598,-0.665,-1,564.819,-1,-1,-1,450.096,445.325,400.266,569.648,-1,-1,-1,-1,-1,-1,-1,-1,2,0,2,2,2,0,0,0,0,2,2,2,2,2,2,2,2
151,-1301.274,2250.814,-96.568,-149.323,-0.857924,0.511750,0.045597,-0.508937,-0.858642,0.060973,0.070354,0.029105,0.997097,0,0.51037,-0.80075,8.795,-0.759,-1,563.109,-1,-1,-1,447.879,444.816,397.737,573.521,-1,-1,-1,-1,-1,-1,-1,-1,2,0,2,2,2,0,0,0,0,2,2,2,2,2,2,2,2
152,-1310.271,2249.449,-95.848,-150.096,-0.864723,0.500110,0.046299,-0.497322,-0.865475,0.060203,0.070178,0.029033,0.997112,0,0.51037,-0.80075,9.100,-0.773,-1,565.483,-1,-1,-1,448.170,445.701,396.721,575.411,-1,-1,-1,-1,-1,-1,-1,-1,2,0,2,2,2,0,0,0,0,2,2,2,2,2,2,2,2
153,-1319.526,2248.300,-95.098,-150.888,-0.871480,0.488158,0.047171,-0.485294,-0.872238,0.060757,0.070804,0.030057,0.997037,0,0.51037,-0.80075,9.326,-0.792,-1,573.965,-1,-1,-1,450.834,447.569,397.451,575.064,-1,-1,-1,-1,-1,-1,-1,-1,2,0,2,2,2,0,0,0,0,2,2,2,2,2,2,2,2
154,-1328.691,2247.370,-94.321,-151.655,-0.877895,0.476564,0.046775,-0.473593,-0.878537,0.062303,0.070785,0.032543,0.996961,0,-0.10067,-0.46379,9.212,-0.766,-1,582.431,-1,-1,-1,452.705,448.170,400.417,571.554,-1,-1,-1,-1,-1,-1,-1,-1,2,0,2,2,2,0,0,0,0,2,2,2,2,2,2,2,2
155,-1337.477,2246.229,-93.674,-152.273,-0.883031,0.467224,0.044256,-0.464134,-0.883364,0.065169,0.069543,0.037005,0.996892,0,-0.10067,-0.46379,8.860,-0.618,-1,586.188,-1,-1,-1,452.338,445.901,406.127,563.798,-1,-1,-1,-1,-1,-1,-1,-1,2,0,2,2,2,0,0,0,0,2,2,2,2,2,2,2,2
156,-1345.849,2244.751,-93.234,-152.751,-0.887010,0.459993,0.040243,-0.456828,-0.886907,0.068586,0.067241,0.042452,0.996833,0,-0.10067,-0.46379,8.502,-0.478,-1,584.579,-1,992.189,-1,449.642,441.061,412.925,553.910,-1,-1,-1,-1,-1,-1,-1,-1,2,0,2,0,2,0,0,0,0,2,2,2,2,2,2,2,2
157,-1353.744,2242.858,-92.956,-153.058,-0.889662,0.455312,0.034539,-0.452179,-0.889009,0.072088,0.063528,0.048516,0.996800,0,-0.10067,-0.46379,8.118,-0.307,-1,578.944,-1,949.885,-1,444.005,433.348,420.304,542.943,-1,-1,-1,-1,-1,-1,-1,-1,2,0,2,0,2,0,0,0,0,2,2,2,2,2,2,2,2
158,-1361.145,2240.650,-92.606,-153.237,-0.891311,0.452493,0.028567,-0.449518,-0.890156,0.074534,0.059155,0.053591,0.996809,0,-0.10067,-0.46379,7.724,-0.179,-1,570.941,-1,901.261,-1,437.282,424.966,426.672,534.528,-1,-1,-1,-1,-1,-1,-1,-1,2,0,2,0,2,0,0,0,0,2,2,2,2,2,2,2,2
159,-1368.129,2238.334,-92.021,-153.379,-0.892629,0.450152,0.024019,-0.447404,-0.891181,0.075013,0.055172,0.056213,0.996893,0,-0.10067,-0.46379,7.358,-0.142,-1,562.875,-1,868.179,-1,431.481,418.324,430.061,531.880,-1,-1,-1,-1,-1,-1,-1,-1,2,0,2,0,2,0,0,0,0,2,2,2,2,2,2,2,2
160,-1374.723,2235.951,-91.194,-153.498,-0.893697,0.448159,0.021432,-0.445611,-0.892158,0.074063,0.052312,0.056640,0.997023,0,-0.10067,-0.46379,7.011,-0.119,-1,557.187,-1,854.912,-1,427.876,414.505,430.874,534.376,-1,-1,-1,-1,-1,-1,-1,-1,2,0,2,0,2,0,0,0,0,2,2,2,2,2,2,2,2
161,-1380.948,2233.519,-90.207,-153.602,-0.894565,0.446454,0.020780,-0.444027,-0.893076,0.072491,0.050922,0.055621,0.997153,0,-0.10067,-0.46379,6.683,-0.104,-1,555.193,-1,859.525,-1,426.929,413.677,430.048,540.130,-1,-1,-1,-1,-1,-1,-1,-1,2,0,2,0,2,0,0,0,0,2,2,2,2,2,2,2,2
162,-1386.821,2231.088,-89.186,-153.692,-0.895259,0.445019,0.021664,-0.442630,-0.893902,0.070840,0.050890,0.053831,0.997252,0,-0.10067,-0.46379,6.356,-0.090,-1,556.650,-1,877.886,-1,428.248,415.491,428.324,547.674,-1,-1,-1,-1,-1,-1,-1,-1,2,0,2,0,2,0,0,0,0,2,2,2,2,2,2,2,2
163,-1392.352,2228.720,-88.258,-153.766,-0.895793,0.443851,0.023475,-0.441443,-0.894603,0.069374,0.051793,0.051782,0.997314,0,-0.10067,-0.46379,6.017,-0.075,-1,560.314,-1,901.407,-1,430.916,419.077,426.176,555.647,-1,-1,-1,-1,-1,-1,-1,-1,2,0,2,0,2,0,0,0,0,2,2,2,2,2,2,2,2
164,-1397.532,2226.456,-87.531,-153.830,-0.896228,0.442859,0.025516,-0.440407,-0.895199,0.068265,0.053074,0.049943,0.997341,0,-0.10067,-0.46379,5.653,-0.064,-1,711.064,-1,913.721,-1,433.844,422.810,424.008,562.737,-1,-1,-1,-1,-1,-1,-1,-1,2,0,2,0,2,0,0,0,0,2,2,2,2,2,2,2,2
165,-1402.357,2224.342,-87.060,-153.889,-0.896616,0.441968,0.027268,-0.439471,-0.895716,0.067522,0.054267,0.048558,0.997345,0,-0.10067,-0.46379,5.268,-0.058,-1,726.214,-1,924.955,-1,774.216,425.750,422.009,568.178,-1,-1,-1,-1,-1,-1,-1,-1,2,0,2,0,2,0,0,0,0,2,2,2,2,2,2,2,2
166,-1406.823,2222.397,-86.830,-153.939,-0.896958,0.441193,0.028557,-0.438655,-0.896144,0.067139,0.055212,0.047694,0.997335,0,-0.10067,-0.46379,4.871,-0.051,-1,770.764,-1,935.475,-1,790.116,427.643,420.304,571.888,-1,-1,-1,-1,-1,-1,-1,-1,2,0,2,0,2,0,0,0,0,2,2,2,2,2,2,2,2
167,-1410.921,2220.638,-86.774,-153.983,-0.897255,0.440531,0.029423,-0.437955,-0.896489,0.067103,0.055938,0.047323,0.997312,0,-0.10067,-0.46379,4.460,-0.044,-1,810.539,-1,943.283,-1,803.016,428.700,419.006,574.335,-1,-1,-1,-1,-1,-1,-1,-1,2,0,2,0,2,0,0,0,0,2,2,2,2,2,2,2,2
168,-1414.647,2219.076,-86.825,-154.021,-0.897526,0.439951,0.029845,-0.437340,-0.896770,0.067363,0.056400,0.047407,0.997282,0,-0.10067,-0.46379,4.040,-0.038,-1,836.008,-1,948.272,-1,812.911,429.009,418.205,575.338,-1,-1,-1,-1,-1,-1,-1,-1,2,0,2,0,2,0,0,0,0,2,2,2,2,2,2,2,2
169,-1418.000,2217.708,-86.907,-154.055,-0.897770,0.439449,0.029903,-0.436810,-0.896993,0.067832,0.056631,0.047835,0.997249,0,-0.10067,-0.46379,3.621,-0.034,-1,847.317,-1,951.100,-1,819.943,428.828,417.915,575.357,-1,-1,-1,-1,-1,-1,-1,-1,2,0,2,0,2,0,0,0,0,2,2,2,2,2,2,2,2
170,-1420.995,2216.508,-86.943,-154.083,-0.897982,0.439025,0.029767,-0.436361,-0.897170,0.068371,0.056723,0.048407,0.997216,0,-0.10067,-0.46379,3.227,-0.028,-1,857.190,-1,952.960,-1,824.719,428.524,418.017,575.057,-1,-1,-1,-1,-1,-1,-1,-1,2,0,2,0,2,0,0,0,0,2,2,2,2,2,2,2,2
171,-1423.652,2215.456,-86.887,-154.108,-0.898172,0.438650,0.029543,-0.435973,-0.897324,0.068824,0.056699,0.048935,0.997191,0,-0.10067,-0.46379,2.857,-0.025,-1,864.007,-1,954.382,-1,828.088,428.283,418.338,574.972,-1,-1,-1,-1,-1,-1,-1,-1,2,0,2,0,2,0,0,0,0,2,2,2,2,2,2,2,2
172,-1425.990,2214.536,-86.724,-154.131,-0.898352,0.438299,0.029282,-0.435620,-0.897476,0.069077,0.056556,0.049300,0.997181,0,-0.10067,-0.46379,2.513,-0.023,-1,869.278,-1,955.485,-1,830.058,428.157,418.728,575.404,-1,-1,-1,-1,-1,-1,-1,-1,2,0,2,0,2,0,0,0,0,2,2,2,2,2,2,2,2
173,-1428.026,2213.737,-86.462,-154.151,-0.898523,0.437970,0.028973,-0.435304,-0.897626,0.069116,0.056278,0.049491,0.997188,0,-0.10067,-0.46379,2.187,-0.021,-1,873.676,-1,956.191,-1,831.651,428.095,419.144,576.349,-1,-1,-1,-1,-1,-1,-1,-1,2,0,2,0,2,0,0,0,0,2,2,2,2,2,2,2,2
174,-1429.768,2213.055,-86.129,-154.170,-0.898689,0.437654,0.028576,-0.435016,-0.897777,0.068974,0.055841,0.049555,0.997209,0,-0.10067,-0.46379,1.871,-0.019,-1,877.123,-1,956.166,-1,832.673,427.988,419.586,577.630,-1,-1,-1,-1,-1,-1,-1,-1,2,0,2,0,2,0,0,0,0,2,2,2,2,2,2,2,2
175,-1431.206,2212.490,-85.749,-154.189,-0.898865,0.437331,0.027997,-0.434740,-0.897935,0.068651,0.055163,0.049537,0.997248,0,-0.10067,-0.46379,1.544,-0.019,-1,879.306,-1,954.688,-1,832.440,427.627,420.052,579.061,-1,-1,-1,-1,-1,-1,-1,-1,2,0,2,0,2,0,0,0,0,2,2,2,2,2,2,2,2
176,-1432.349,2212.049,-85.360,-154.205,-0.899031,0.437038,0.027237,-0.434506,-0.898078,0.068271,0.054298,0.049543,0.997295,0,-0.10067,-0.46379,1.226,-0.016,-1,880.279,-1,951.944,-1,831.086,427.000,420.625,580.333,-1,-1,-1,-1,-1,-1,-1,-1,2,0,2,0,2,0,0,0,0,2,2,2,2,2,2,2,2
177,-1433.216,2211.730,-84.997,-154.219,-0.899179,0.436788,0.026349,-0.434316,-0.898191,0.067988,0.053363,0.049689,0.997338,0,-0.10067,-0.46379,0.923,-0.014,-1,880.429,-1,948.330,-1,829.056,426.193,421.401,581.126,-1,-1,-1,-1,-1,-1,-1,-1,2,0,2,0,2,0,0,0,0,2,2,2,2,2,2,2,2
178,-1433.820,2211.536,-84.691,-154.230,-0.899303,0.436588,0.025409,-0.434168,-0.898269,0.067905,0.052471,0.050036,0.997368,0,-0.10067,-0.46379,0.635,-0.011,-1,880.153,-1,944.300,-1,826.807,425.319,422.411,581.250,-1,-1,-1,-1,-1,-1,-1,-1,2,0,2,0,2,0,0,0,0,2,2,2,2,2,2,2,2
179,-1434.339,2211.355,-84.454,-154.245,-0.899428,0.436356,0.024947,-0.433939,-0.898349,0.068306,0.052217,0.050611,0.997352,0,0.24748,-1.00000,0.549,-0.015,-1,882.222,-1,942.954,-1,827.371,425.333,423.663,580.754,-1,-1,-1,-1,-1,-1,-1,-1,2,0,2,0,2,0,0,0,0,2,2,2,2,2,2,2,2
180,-1435.009,2211.102,-84.295,-154.267,-0.899565,0.436041,0.025506,-0.433561,-0.898481,0.068969,0.052990,0.050984,0.997293,0,0.24748,-1.00000,0.716,-0.023,-1,888.397,-1,946.876,-1,832.740,426.934,424.483,580.677,-1,-1,-1,-1,-1,-1,-1,-1,2,0,2,0,2,0,0,0,0,2,2,2,2,2,2,2,2
181,-1435.764,2210.782,-84.220,-154.294,-0.899707,0.435676,0.026701,-0.433110,-0.898663,0.069429,0.054244,0.050902,0.997230,0,0.24748,-1.00000,0.819,-0.027,-1,896.151,-1,953.563,-1,840.148,429.233,424.441,581.435,-1,-1,-1,-1,-1,-1,-1,-1,2,0,2,0,2,0,0,0,0,2,2,2,2,2,2,2,2
182,-1436.587,2210.364,-84.211,-154.321,-0.899831,0.435314,0.028400,-0.432661,-0.898878,0.069449,0.055760,0.050205,0.997181,0,0.24748,-1.00000,0.924,-0.026,-1,904.260,-1,962.512,-1,848.554,431.927,423.324,583.411,-1,-1,-1,-1,-1,-1,-1,-1,2,0,2,0,2,0,0,0,0,2,2,2,2,2,2,2,2
183,-1437.498,2209.886,-84.242,-154.359,-0.900034,0.434738,0.030679,-0.432013,-0.899244,0.068734,0.057469,0.048609,0.997163,0,0.24748,-1.00000,1.028,-0.039,-1,913.484,-1,972.777,-1,857.931,435.060,420.762,587.235,-1,-1,-1,-1,-1,-1,-1,-1,2,0,2,0,2,0,0,0,0,2,2,2,2,2,2,2,2
184,-1438.511,2209.368,-84.288,-154.414,-0.900342,0.433880,0.033638,-0.431101,-0.899791,0.067289,0.059463,0.046081,0.997166,0,0.24748,-1.00000,1.138,-0.055,-1,924.719,-1,985.279,-1,869.015,438.883,416.802,593.102,-1,-1,-1,-1,-1,-1,-1,-1,2,0,2,0,2,0,0,0,0,2,2,2,2,2,2,2,2
185,-1439.652,2208.820,-84.325,-154.491,-0.900788,0.432643,0.037427,-0.429819,-0.900554,0.065257,0.061938,0.042696,0.997166,0,0.24748,-1.00000,1.265,-0.077,-1,939.592,-1,1001.053,-1,883.212,443.829,411.665,600.360,-1,-1,-1,-1,-1,-1,-1,-1,2,0,2,0,2,0,0,0,0,2,2,2,2,2,2,2,2
186,-1440.942,2208.273,-84.333,-154.596,-0.901390,0.430946,0.042203,-0.428087,-0.901556,0.062754,0.065092,0.038499,0.997136,0,0.24748,-1.00000,1.402,-0.105,-1,954.113,-1,1004.220,-1,902.061,912.428,405.540,609.286,-1,-1,-1,-1,-1,-1,-1,-1,2,0,2,0,2,0,0,0,0,2,2,2,2,2,2,2,2
187,-1442.368,2207.783,-84.277,-154.737,-0.902211,0.428636,0.047814,-0.425764,-0.902849,0.059904,0.068846,0.033688,0.997058,0,0.24748,-1.00000,1.508,-0.141,-1,969.635,-1,1007.699,-1,925.935,932.199,398.831,619.810,-1,-1,-1,-1,-1,-1,-1,-1,2,0,2,0,2,0,0,0,0,2,2,2,2,2,2,2,2
188,-1443.824,2207.428,-84.014,-154.896,-0.903192,0.426014,0.052491,-0.423164,-0.904229,0.057464,0.071944,0.029688,0.996967,0,0.24748,-1.00000,1.498,-0.159,-1,984.211,-1,-1,-1,941.454,949.982,393.770,629.189,-1,-1,-1,-1,-1,-1,-1,-1,2,0,2,2,2,0,0,0,0,2,2,2,2,2,2,2,2
189,-1445.322,2207.233,-83.526,-155.067,-0.904309,0.423227,0.055713,-0.420401,-0.905619,0.055829,0.074083,0.027065,0.996885,0,0.24748,-1.00000,1.511,-0.171,-1,996.488,-1,-1,-1,953.319,963.958,391.077,636.157,-1,-1,-1,-1,-1,-1,-1,-1,2,0,2,2,2,0,0,0,0,2,2,2,2,2,2,2,2
190,-1446.906,2207.166,-82.881,-155.248,-0.905545,0.420324,0.057581,-0.417500,-0.907006,0.055071,0.075374,0.025830,0.996821,0,0.24748,-1.00000,1.585,-0.181,-1,-1,-1,-1,-1,962.768,974.160,390.551,640.530,-1,-1,-1,-1,-1,-1,-1,-1,2,2,2,2,2,0,0,0,0,2,2,2,2,2,2,2,2
191,-1448.607,2207.171,-82.184,-155.432,-0.906841,0.417411,0.058376,-0.414563,-0.908354,0.055054,0.076006,0.025725,0.996775,0,0.24748,-1.00000,1.701,-0.184,-1,-1,-1,1005.185,-1,969.925,979.138,391.600,642.415,-1,-1,-1,-1,-1,-1,-1,-1,2,2,2,0,2,0,0,0,0,2,2,2,2,2,2,2,2
192,-1450.442,2207.213,-81.540,-155.630,-0.908262,0.414311,0.058361,-0.411428,-0.909753,0.055462,0.076072,0.026363,0.996754,0,0.24748,-1.00000,1.836,-0.198,-1,-1,-1,1000.600,-1,974.714,980.739,393.457,642.366,-1,-1,-1,-1,-1,-1,-1,-1,2,2,2,0,2,0,0,0,0,2,2,2,2,2,2,2,2
193,-1452.437,2207.291,-81.042,-155.845,-0.909823,0.410945,0.057852,-0.408041,-0.911254,0.055838,0.075664,0.027197,0.996762,0,0.24748,-1.00000,1.996,-0.214,-1,-1,-1,994.641,-1,977.264,980.121,395.194,641.374,-1,-1,-1,-1,-1,-1,-1,-1,2,2,2,0,2,0,0,0,0,2,2,2,2,2,2,2,2
194,-1454.695,2207.344,-80.748,-156.084,-0.911557,0.407156,0.057336,-0.404245,-0.912932,0.056039,0.075161,0.027905,0.996781,0,0.44240,-1.00000,2.258,-0.240,-1,-1,-1,987.709,-1,978.996,978.538,396.250,640.070,-1,-1,-1,-1,-1,-1,-1,-1,2,2,2,0,2,0,0,0,0,2,2,2,2,2,2,2,2
195,-1457.354,2207.378,-80.652,-156.368,-0.913566,0.402638,0.057268,-0.399734,-0.914926,0.055880,0.074896,0.028158,0.996794,0,0.44240,-1.00000,2.660,-0.284,-1,-1,-1,979.950,-1,981.462,977.620,396.191,639.207,-1,-1,-1,-1,-1,-1,-1,-1,2,2,2,0,2,0,0,0,0,2,2,2,2,2,2,2,2
196,-1460.405,2207.404,-80.699,-156.690,-0.915804,0.397483,0.057529,-0.394592,-0.917178,0.055508,0.074828,0.028134,0.996799,0,0.44290,-1.00000,3.051,-0.322,-1,-1,-1,971.457,-1,984.674,977.069,395.389,638.548,-1,-1,-1,-1,-1,-1,-1,-1,2,2,2,0,2,0,0,0,0,2,2,2,2,2,2,2,2
197,-1463.854,2207.393,-80.812,-157.038,-0.918175,0.391915,0.057946,-0.389026,-0.919571,0.055213,0.074925,0.028152,0.996792,0,0.44410,-1.00000,3.449,-0.348,-1,-1,-1,953.917,-1,988.702,975.738,394.447,637.651,-1,-1,-1,-1,-1,-1,-1,-1,2,2,2,0,2,0,0,0,0,2,2,2,2,2,2,2,2
198,-1467.690,2207.339,-80.928,-157.394,-0.920569,0.386210,0.058266,-0.383311,-0.921973,0.055120,0.075008,0.028408,0.996778,0,0.44540,-1.00000,3.836,-0.356,-1,-1,-1,926.483,-1,992.904,973.635,393.779,636.293,-1,-1,-1,-1,-1,-1,-1,-1,2,2,2,0,2,0,0,0,0,2,2,2,2,2,2,2,2
199,-1471.891,2207.319,-80.996,-157.780,-0.923140,0.380011,0.058355,-0.377108,-0.924534,0.055006,0.074854,0.028773,0.996779,0,0.44671,-1.00000,4.201,-0.386,-1,-1,-1,896.483,-1,996.067,970.542,393.299,634.760,-1,-1,-1,-1,-1,-1,-1,-1,2,2,2,0,2,0,0,0,0,2,2,2,2,2,2,2,2
200,-1476.477,2207.297,-80.983,-158.179,-0.925763,0.373596,0.058213,-0.370677,-0.927123,0.055152,0.074575,0.029479,0.996780,0,0.44813,-1.00000,4.586,-0.399,-1,-1,-1,866.310,-1,996.861,967.102,393.409,632.725,-1,-1,-1,-1,-1,-1,-1,-1,2,2,2,0,2,0,0,0,0,2,2,2,2,2,2,2,2
201,-1481.433,2207.323,-80.880,-158.597,-0.928476,0.366857,0.057854,-0.363919,-0.929780,0.055420,0.074123,0.030402,0.996786,0,0.44960,-1.00000,4.956,-0.418,-1,-1,-1,837.387,-1,995.875,963.128,393.971,630.459,-1,-1,-1,-1,-1,-1,-1,-1,2,2,2,0,2,0,0,0,0,2,2,2,2,2,2,2,2
202,-1486.765,2207.402,-80.692,-159.043,-0.931317,0.359659,0.057390,-0.356694,-0.932551,0.055842,0.073603,0.031535,0.996789,0,0.45113,-1.00000,5.332,-0.446,-1,-1,-1,848.627,-1,993.915,958.979,394.969,627.948,-1,-1,-1,-1,-1,-1,-1,-1,2,2,2,0,2,0,0,0,0,2,2,2,2,2,2,2,2
203,-1492.436,2207.458,-80.422,-159.484,-0.934052,0.352574,0.056916,-0.349528,-0.935189,0.057029,0.073334,0.033374,0.996749,0,0.45276,-1.00000,5.672,-0.441,-1,-1,-1,860.266,-1,993.304,956.094,397.116,624.336,-1,-1,-1,-1,-1,-1,-1,-1,2,2,2,0,2,0,0,0,0,2,2,2,2,2,2,2,2
204,-1498.407,2207.615,-80.091,-159.959,-0.936930,0.344910,0.056562,-0.341773,-0.937972,0.058308,0.073164,0.035299,0.996695,0,0.45436,-1.00000,5.973,-0.475,-1,-1,-1,873.960,-1,993.175,954.340,399.628,620.689,-1,-1,-1,-1,-1,-1,-1,-1,2,2,2,0,2,0,0,0,0,2,2,2,2,2,2,2,2
205,-1504.727,2207.824,-79.743,-160.463,-0.939905,0.336731,0.056483,-0.333513,-0.940876,0.059340,0.073125,0.036936,0.996639,0,0.40289,-0.71870,6.323,-0.504,-1,-1,-1,890.751,-1,993.420,953.077,402.099,617.719,-1,-1,-1,-1,-1,-1,-1,-1,2,2,2,0,2,0,0,0,0,2,2,2,2,2,2,2,2
206,-1511.354,2208.012,-79.438,-160.975,-0.942842,0.328398,0.056602,-0.325114,-0.943766,0.060061,0.073143,0.038226,0.996589,0,0.40451,-0.71870,6.629,-0.511,-1,-1,-1,910.204,-1,993.768,951.945,404.024,615.447,-1,-1,-1,-1,-1,-1,-1,-1,2,2,2,0,2,0,0,0,0,2,2,2,2,2,2,2,2
207,-1518.248,2208.232,-79.198,-161.512,-0.945852,0.319580,0.056860,-0.316259,-0.946754,0.060304,0.073104,0.039056,0.996559,0,0.40615,-0.71870,6.897,-0.537,-1,-1,-1,944.262,-1,994.354,950.317,405.192,613.925,-1,-1,-1,-1,-1,-1,-1,-1,2,2,2,0,2,0,0,0,0,2,2,2,2,2,2,2,2
208,-1525.401,2208.452,-79.012,-162.075,-0.948923,0.310287,0.057154,-0.306953,-0.949818,0.060210,0.072968,0.039591,0.996548,0,0.40787,-0.71870,7.157,-0.563,-1,-1,-1,963.044,-1,994.322,948.051,405.826,612.826,-1,-1,-1,-1,-1,-1,-1,-1,2,2,2,0,2,0,0,0,0,2,2,2,2,2,2,2,2
209,-1532.817,2208.686,-78.841,-162.641,-0.951925,0.300910,0.057385,-0.297569,-0.952810,0.060051,0.072747,0.040088,0.996544,0,0.40968,-0.71870,7.419,-0.566,-1,-1,-1,972.825,-1,993.926,943.859,406.393,611.814,-1,-1,-1,-1,-1,-1,-1,-1,2,2,2,0,2,0,0,0,0,2,2,2,2,2,2,2,2
210,-1540.473,2209.029,-78.647,-163.226,-0.954942,0.291173,0.057480,-0.287841,-0.955811,0.059767,0.072343,0.040529,0.996556,0,0.41149,-0.71870,7.663,-0.585,-1,-1,-1,982.467,-1,992.890,937.658,406.630,610.924,-1,-1,-1,-1,-1,-1,-1,-1,2,2,2,0,2,0,0,0,0,2,2,2,2,2,2,2,2
211,-1548.387,2209.455,-78.428,-163.832,-0.957949,0.281073,0.057718,-0.277735,-0.958808,0.059578,0.072087,0.041042,0.996554,0,0.41336,-0.71870,7.926,-0.606,-1,-1,-1,993.270,-1,990.040,931.934,407.039,609.961,-1,-1,-1,-1,-1,-1,-1,-1,2,2,2,0,2,0,0,0,0,2,2,2,2,2,2,2,2
212,-1556.537,2210.010,-78.170,-164.458,-0.960937,0.270601,0.058091,-0.267245,-0.961791,0.059489,0.071969,0.041640,0.996537,0,0.41530,-0.71870,8.169,-0.627,-1,-1,-1,1002.999,-1,985.756,925.412,407.709,608.920,-1,-1,-1,-1,-1,-1,-1,-1,2,2,2,0,2,0,0,0,0,2,2,2,2,2,2,2,2
213,-1564.874,2210.810,-77.862,-165.131,-0.964016,0.259311,0.058567,-0.255946,-0.964877,0.059196,0.071861,0.042076,0.996527,0,0.41731,-0.71870,8.376,-0.673,-1,-1,-1,-1,-1,980.562,918.176,408.694,608.184,-1,-1,-1,-1,-1,-1,-1,-1,2,2,2,2,2,0,0,0,0,2,2,2,2,2,2,2,2
214,-1573.436,2211.741,-77.475,-165.823,-0.967015,0.247708,0.059349,-0.244287,-0.967884,0.059371,0.072150,0.042915,0.996470,0,0.41948,-0.71870,8.612,-0.692,-1,-1,-1,-1,-1,976.705,912.066,411.190,606.891,-1,-1,-1,-1,-1,-1,-1,-1,2,2,2,2,2,0,0,0,0,2,2,2,2,2,2,2,2
215,-1582.184,2212.878,-77.007,-166.533,-0.969930,0.235769,0.060402,-0.232266,-0.970818,0.059710,0.072717,0.043886,0.996387,0,0.42172,-0.71870,8.822,-0.711,-1,-1,-1,-1,-1,973.748,900.685,414.191,605.552,-1,-1,-1,-1,-1,-1,-1,-1,2,2,2,2,2,0,0,0,0,2,2,2,2,2,2,2,2
216,-1591.106,2214.216,-76.528,-167.287,-0.972892,0.223005,0.061230,-0.219491,-0.973816,0.059204,0.072830,0.044160,0.996366,0,0.42401,-0.71870,9.021,-0.753,-1,-1,-1,-1,-1,968.558,878.701,416.306,605.404,-1,-1,-1,-1,-1,-1,-1,-1,2,2,2,2,2,0,0,0,0,2,2,2,2,2,2,2,2
217,-1600.229,2215.625,-76.041,-168.053,-0.975768,0.209925,0.061708,-0.206469,-0.976736,0.057943,0.072436,0.043798,0.996411,0,0.42646,-0.71870,9.232,-0.766,-1,-1,-1,-1,-1,961.350,845.304,417.570,606.429,-1,-1,-1,-1,-1,-1,-1,-1,2,2,2,2,2,0,0,0,0,2,2,2,2,2,2,2,2
218,-1609.515,2217.244,-75.563,-168.851,-0.978607,0.196195,0.061938,-0.192860,-0.979631,0.055937,0.071651,0.042795,0.996511,0,0.42895,-0.71870,9.425,-0.799,-1,-1,-1,-1,-1,952.683,778.821,417.354,608.518,-1,-1,-1,-1,-1,-1,-1,-1,2,2,2,2,2,0,0,0,0,2,2,2,2,2,2,2,2
219,-1618.953,2219.080,-75.094,-169.664,-0.981305,0.182192,0.062020,-0.178968,-0.982365,0.054129,0.070788,0.042017,0.996606,0,0.43154,-0.71870,9.615,-0.813,-1,-1,-1,-1,-1,941.883,721.852,417.069,610.096,-1,-1,-1,-1,-1,-1,-1,-1,2,2,2,2,2,0,0,0,0,2,2,2,2,2,2,2,2
220,-1628.450,2221.272,-74.603,-170.512,-0.983892,0.167583,0.062233,-0.164427,-0.984974,0.052816,0.070149,0.041732,0.996663,0,0.43419,-0.71870,9.746,-0.848,-1,-1,-1,-1,-1,930.672,678.142,418.482,610.658,-1,-1,-1,-1,-1,-1,-1,-1,2,2,2,2,2,0,0,0,0,2,2,2,2,2,2,2,2
221,-1638.156,2223.680,-74.087,-171.370,-0.986228,0.152893,0.063071,-0.149687,-0.987323,0.052787,0.070342,0.042619,0.996612,0,0.43697,-0.71870,10.000,-0.857,-1,-1,-1,-1,-1,906.281,693.243,422.501,609.146,-1,-1,-1,-1,-1,-1,-1,-1,2,2,2,2,2,0,0,0,0,2,2,2,2,2,2,2,2
222,-1648.046,2226.324,-73.594,-172.244,-0.988362,0.137933,0.064152,-0.134615,-0.989455,0.053458,0.070849,0.044200,0.996507,0,0.43977,-0.71870,10.238,-0.874,-1,-1,-1,-1,-1,882.578,715.183,427.689,606.289,-1,-1,-1,-1,-1,-1,-1,-1,2,2,2,2,2,0,0,0,0,2,2,2,2,2,2,2,2
223,-1658.133,2229.063,-73.075,-173.100,-0.990197,0.123354,0.065532,-0.119830,-0.991256,0.055244,0.071774,0.046850,0.996320,0,0.44264,-0.71870,10.452,-0.856,-1,-1,-1,-1,-1,860.542,738.569,434.723,601.694,-1,-1,-1,-1,-1,-1,-1,-1,2,2,2,2,2,0,0,0,0,2,2,2,2,2,2,2,2
224,-1668.418,2231.933,-72.544,-173.960,-0.991844,0.108654,0.066632,-0.104951,-0.992856,0.056774,0.072325,0.049318,0.996161,0,0.44543,-0.71493,10.678,-0.860,-1,-1,-1,-1,-1,838.225,763.387,441.651,597.524,-1,-1,-1,-1,-1,-1,-1,-1,2,2,2,2,2,0,0,0,0,2,2,2,2,2,2,2,2
225,-1679.022,2234.717,-72.051,-174.781,-0.993254,0.094545,0.067147,-0.090730,-0.994199,0.057761,0.072218,0.051279,0.996070,0,0.44823,-0.70704,10.964,-0.821,-1,-1,-1,-1,-1,815.979,792.067,446.844,594.388,-1,-1,-1,-1,-1,-1,-1,-1,2,2,2,2,2,0,0,0,0,2,2,2,2,2,2,2,2
226,-1689.944,2237.403,-71.620,-175.549,-0.994428,0.081278,0.067138,-0.077405,-0.995287,0.058410,0.071569,0.052888,0.996033,0,0.45088,-0.69957,11.248,-0.768,-1,-1,-1,-1,-1,794.186,806.938,451.660,591.977,-1,-1,-1,-1,-1,-1,-1,-1,2,2,2,2,2,0,0,0,0,2,2,2,2,2,2,2,2
227,-1701.236,2239.994,-71.336,-176.261,-0.995371,0.068981,0.066912,-0.065051,-0.996123,0.059229,0.070739,0.054603,0.995999,0,0.45334,-0.69266,11.585,-0.712,-1,-1,-1,-1,-1,773.258,815.081,457.068,589.322,-1,-1,-1,-1,-1,-1,-1,-1,2,2,2,2,2,0,0,0,0,2,2,2,2,2,2,2,2
228,-1712.781,2242.661,-71.254,-176.975,-0.996194,0.056579,0.066307,-0.052636,-0.996823,0.059772,0.069478,0.056055,0.996007,0,0.45558,-0.68635,11.849,-0.715,-1,-1,-1,-1,-1,751.762,821.720,461.552,586.688,-1,-1,-1,-1,-1,-1,-1,-1,2,2,2,2,2,0,0,0,0,2,2,2,2,2,2,2,2
229,-1724.672,2245.184,-71.328,-177.630,-0.996818,0.045272,0.065607,-0.041256,-0.997265,0.061318,0.068203,0.058416,0.995960,0,0.45783,-0.68003,12.155,-0.655,-1,-1,-1,-1,-1,731.500,827.841,467.232,582.414,-1,-1,-1,-1,-1,-1,-1,-1,2,2,2,2,2,0,0,0,0,2,2,2,2,2,2,2,2
230,-1736.801,2247.722,-71.444,-178.246,-0.997277,0.034693,0.065075,-0.030542,-0.997500,0.063725,0.067123,0.061564,0.995844,0,0.45985,-0.67434,12.392,-0.616,-1,-1,-1,-1,-1,739.678,832.040,474.322,576.949,-1,-1,-1,-1,-1,-1,-1,-1,2,2,2,2,2,0,0,0,0,2,2,2,2,2,2,2,2
231,-1749.202,2250.271,-71.576,-178.833,-0.997605,0.024644,0.064624,-0.020315,-0.997559,0.066814,0.066113,0.065341,0.995670,0,0.42635,-0.81157,12.660,-0.588,-1,-1,-1,-1,-1,762.474,835.271,482.674,570.636,-1,-1,-1,-1,-1,-1,-1,-1,2,2,2,2,2,0,0,0,0,2,2,2,2,2,2,2,2
232,-1761.804,2252.907,-71.661,-179.402,-0.997828,0.014935,0.064163,-0.010407,-0.997469,0.070331,0.065051,0.069510,0.995458,0,0.42798,-0.80659,12.875,-0.569,-1,-1,-1,-1,-1,782.293,838.220,492.770,563.988,-1,-1,-1,-1,-1,-1,-1,-1,2,2,2,2,2,0,0,0,0,2,2,2,2,2,2,2,2
233,-1774.594,2255.727,-71.779,-179.989,-0.998001,0.004823,0.063019,-0.000197,-0.997316,0.073211,0.063203,0.073052,0.995323,0,0.42955,-0.80182,13.097,-0.586,-1,984.684,-1,-1,-1,786.092,839.135,502.265,558.308,-1,-1,-1,-1,-1,-1,-1,-1,2,0,2,2,2,0,0,0,0,2,2,2,2,2,2,2,2
234,-1787.519,2258.777,-71.979,179.394,-0.998130,-0.005992,0.060827,0.010558,-0.997125,0.075038,0.060203,0.075540,0.995324,0,0.43117,-0.79688,13.280,-0.617,-1,945.961,-1,-1,-1,785.344,836.088,509.106,554.031,-1,-1,-1,-1,-1,-1,-1,-1,2,0,2,2,2,0,0,0,0,2,2,2,2,2,2,2,2
235,-1800.520,2262.124,-72.243,178.728,-0.998178,-0.017819,0.057643,0.022172,-0.996878,0.075784,0.056113,0.076924,0.995457,0,0.43289,-0.79164,13.425,-0.666,-1,932.451,-1,-1,-1,781.794,830.869,513.128,551.058,-1,-1,-1,-1,-1,-1,-1,-1,2,0,2,2,2,0,0,0,0,2,2,2,2,2,2,2,2
236,-1813.580,2265.909,-72.613,178.003,-0.998065,-0.030707,0.054060,0.034794,-0.996473,0.076354,0.051525,0.078088,0.995614,0,0.43477,-0.78591,13.597,-0.724,-1,933.580,-1,-1,-1,777.359,824.931,516.369,547.758,-1,-1,-1,-1,-1,-1,-1,-1,2,0,2,2,2,0,0,0,0,2,2,2,2,2,2,2,2
237,-1826.737,2270.094,-73.178,177.234,-0.997732,-0.044352,0.050643,0.048198,-0.995832,0.077433,0.046998,0.079698,0.995711,0,0.43684,-0.77959,13.807,-0.769,-1,936.857,-1,-1,-1,772.007,820.370,520.467,543.353,-1,-1,-1,-1,-1,-1,-1,-1,2,0,2,2,2,0,0,0,0,2,2,2,2,2,2,2,2
238,-1840.055,2274.584,-73.875,176.453,-0.997162,-0.058113,0.047859,0.061808,-0.994897,0.079747,0.042981,0.082478,0.995666,0,0.43906,-0.77283,14.054,-0.781,-1,931.314,-1,-1,-1,768.195,816.412,528.708,537.075,-1,-1,-1,-1,-1,-1,-1,-1,2,0,2,2,2,0,0,0,0,2,2,2,2,2,2,2,2
239,-1853.497,2279.463,-74.776,175.644,-0.996360,-0.072347,0.045083,0.075899,-0.993670,0.082822,0.038806,0.085943,0.995544,0,0.44132,-0.76594,14.300,-0.809,-1,918.898,-1,-1,-1,765.906,810.890,537.655,529.435,-1,-1,-1,-1,-1,-1,-1,-1,2,0,2,2,2,0,0,0,0,2,2,2,2,2,2,2,2
240,-1867.087,2284.620,-76.015,174.815,-0.995351,-0.087018,0.041289,0.090315,-0.992179,0.086163,0.033468,0.089492,0.995425,0,0.44367,-0.75878,14.536,-0.828,-1,900.998,-1,1005.500,-1,760.105,802.095,545.706,520.992,-1,-1,-1,-1,-1,-1,-1,-1,2,0,2,0,2,0,0,0,0,2,2,2,2,2,2,2,2
241,-1880.802,2289.914,-77.752,174.000,-0.994194,-0.101728,0.035059,0.104496,-0.990523,0.089138,0.025659,0.092284,0.995402,0,0.44608,-0.75143,14.701,-0.815,-1,877.013,-1,975.909,-1,746.017,786.541,549.459,512.538,-1,-1,-1,-1,-1,-1,-1,-1,2,0,2,0,2,0,0,0,0,2,2,2,2,2,2,2,2
242,-1894.479,2295.282,-80.158,173.200,-0.992866,-0.116552,0.025145,0.118387,-0.988731,0.091630,0.014182,0.093954,0.995476,0,0.44844,-0.74422,14.693,-0.800,-1,839.520,-1,937.927,-1,721.580,761.654,549.512,504.100,-1,-1,-1,-1,-1,-1,-1,-1,2,0,2,0,2,0,0,0,0,2,2,2,2,2,2,2,2
243,-1908.204,2300.657,-83.256,172.441,-0.991310,-0.130976,0.012237,0.131545,-0.986758,0.094889,-0.000354,0.095674,0.995413,0,0.45076,-0.73717,14.740,-0.759,-1,791.913,-1,893.273,374.980,689.515,729.621,568.542,494.158,-1,-1,-1,-1,-1,-1,-1,-1,2,0,2,0,1,0,0,0,0,2,2,2,2,2,2,2,2
244,-1922.247,2306.000,-86.693,171.768,-0.989594,-0.143887,0.000307,0.143174,-0.984472,0.101568,-0.014312,0.100555,0.994829,0,0.45294,-0.73052,15.025,-0.673,-1,750.574,-1,849.500,357.457,659.260,698.282,590.260,479.829,-1,-1,-1,-1,-1,-1,-1,-1,2,0,2,0,1,0,0,0,0,2,2,2,2,2,2,2,2
245,-1936.704,2311.240,-89.916,171.242,-0.988030,-0.154065,-0.007737,0.152216,-0.981854,0.113106,-0.025022,0.110574,0.993553,0,0.45483,-0.72477,15.378,-0.526,-1,726.972,-1,810.431,339.041,636.893,672.846,617.511,460.360,-1,-1,-1,-1,-1,-1,-1,-1,2,0,2,0,1,0,0,0,0,2,2,2,2,2,2,2,2
246,-1951.165,2317.280,-92.683,170.622,-0.986084,-0.165735,-0.013013,0.162855,-0.978738,0.124699,-0.033404,0.120845,0.992109,0,0.45622,-0.72053,15.670,-0.620,-1,714.165,-1,778.543,321.751,622.386,654.631,649.079,441.980,-1,-1,-1,-1,-1,-1,-1,-1,2,0,2,0,1,0,0,0,0,2,2,2,2,2,2,2,2
247,-1965.652,2324.087,-95.004,169.872,-0.983621,-0.179523,-0.016154,0.175708,-0.974973,0.136216,-0.040203,0.131146,0.990548,0,0.45792,-0.71532,16.007,-0.750,-1,708.234,-1,751.746,305.552,613.667,641.976,701.926,424.866,-1,-1,-1,-1,-1,-1,-1,-1,2,0,2,0,1,0,0,0,0,2,2,2,2,2,2,2,2
248,-1980.367,2331.330,-96.888,169.076,-0.980841,-0.193980,-0.017963,0.189298,-0.970810,0.147288,-0.046010,0.141066,0.988930,0,0.46006,-0.70880,16.401,-0.795,-1,706.336,-1,728.679,289.806,608.383,632.796,749.216,409.744,-1,-1,-1,-1,-1,990.231,-1,-1,2,0,2,0,1,0,0,0,0,2,2,2,2,2,0,2,2
249,-1995.216,2339.055,-98.435,168.242,-0.977700,-0.209076,-0.019772,0.203510,-0.966476,0.156550,-0.051840,0.149035,0.987472,0,0.46235,-0.70184,16.738,-0.835,-1,703.031,-1,707.922,274.514,604.095,624.893,798.807,398.214,-1,-1,-1,-1,-1,952.277,-1,-1,2,0,2,0,1,0,0,0,0,2,2,2,2,2,0,2,2
250,-2010.194,2347.076,-99.862,167.382,-0.974182,-0.224648,-0.022397,0.218077,-0.962043,0.164062,-0.058403,0.154942,0.986196,0,0.46476,-0.69448,16.990,-0.860,-1,696.246,-1,687.766,259.440,598.082,616.007,845.891,389.173,-1,-1,-1,-1,-1,915.718,-1,588.780,2,0,2,0,1,0,0,0,0,2,2,2,2,2,0,2,1
251,-2025.418,2355.211,-101.204,166.572,-0.970606,-0.239356,-0.025147,0.231727,-0.957637,0.170978,-0.065007,0.160125,0.984954,0,0.46726,-0.68687,17.262,-0.810,-1,691.171,-1,667.005,244.007,591.286,605.700,899.675,381.226,-1,-1,-1,-1,-1,880.941,-1,551.326,2,0,2,0,1,0,0,0,0,2,2,2,2,2,0,2,1
252,-2040.716,2363.539,-102.785,165.748,-0.966579,-0.254539,-0.030588,0.245517,-0.953395,0.175385,-0.073804,0.162013,0.984025,0,0.46958,-0.67979,17.417,-0.824,-1,678.313,-1,643.564,228.562,580.267,592.095,952.951,376.027,-1,-1,-1,-1,-1,843.367,-1,515.348,2,0,2,0,1,0,0,0,0,2,2,2,2,2,0,2,1
253,-2056.101,2371.848,-104.717,164.942,-0.962166,-0.269651,-0.039058,0.258855,-0.949404,0.177835,-0.085035,0.160996,0.983285,0,0.47195,-0.67257,17.486,-0.806,-1,656.135,-1,617.583,212.833,564.703,574.699,961.209,372.959,-1,-1,-1,-1,-1,804.650,-1,482.083,2,0,2,0,1,0,0,0,0,2,2,2,2,2,0,2,1
254,-2071.702,2380.051,-107.396,164.198,-0.957569,-0.283834,-0.050006,0.271003,-0.945802,0.178930,-0.098082,0.157786,0.982590,0,0.46270,-0.40321,17.627,-0.744,-1,627.631,-1,588.981,196.294,544.532,553.743,965.338,370.761,-1,-1,-1,-1,1006.090,764.490,-1,452.387,2,0,2,0,1,0,0,0,0,2,2,2,2,0,0,2,1
255,-2087.585,2388.082,-111.096,163.519,-0.952925,-0.296867,-0.061672,0.281927,-0.942383,0.180088,-0.111581,0.154223,0.981715,0,0.46474,-0.39683,17.798,-0.679,-1,596.788,-1,559.742,178.720,521.895,530.735,973.911,367.295,-1,-1,-1,-1,935.438,724.017,-1,426.026,2,0,2,0,1,0,0,0,0,2,2,2,2,0,0,2,1
256,-2103.810,2396.065,-115.566,162.891,-0.948395,-0.308934,-0.071469,0.291932,-0.938662,0.183546,-0.123789,0.153210,0.980410,0,0.46656,-0.39113,18.083,-0.628,-1,570.194,-1,531.369,160.097,500.470,508.059,983.841,360.254,-1,-1,-1,-1,876.852,683.717,-1,402.034,2,0,2,0,1,0,0,0,0,2,2,2,2,0,0,2,1
257,-2120.436,2404.142,-120.491,162.344,-0.944238,-0.319718,-0.078711,0.300548,-0.934536,0.190558,-0.134483,0.156276,0.978515,0,0.46821,-0.38597,18.484,-0.547,-1,547.893,-1,503.970,140.174,481.067,485.989,995.068,348.820,-1,-1,-1,-1,831.414,645.536,-1,380.447,2,0,2,0,1,0,0,0,0,2,2,2,2,0,0,2,1
258,-2137.434,2412.450,-125.546,161.869,-0.940430,-0.329450,-0.083984,0.307948,-0.930095,0.200226,-0.144077,0.162436,0.976144,0,0.46959,-0.38166,18.920,-0.475,-1,528.985,-1,477.690,260.905,463.415,465.222,-1,334.638,-1,-1,-1,-1,794.221,609.414,-1,360.449,2,0,2,0,1,0,0,2,0,2,2,2,2,0,0,2,1
259,-2154.932,2421.063,-129.978,161.414,-0.936980,-0.338394,-0.086942,0.315073,-0.925926,0.208304,-0.150991,0.167784,0.974192,0,0.47073,-0.37810,19.502,-0.455,-1,515.603,-1,456.378,247.359,450.128,449.216,-1,322.732,-1,-1,-1,-1,767.209,580.108,-1,339.970,2,0,2,0,1,0,0,2,0,2,2,2,2,0,0,2,1
260,-2172.980,2429.792,-133.303,161.001,-0.934027,-0.346031,-0.088631,0.321597,-0.922619,0.212954,-0.155462,0.170402,0.973034,0,0.47180,-0.37478,20.049,-0.413,-1,506.456,-1,440.818,233.431,441.372,436.100,-1,315.643,-1,-1,-1,-1,748.179,558.441,-1,319.337,2,0,2,0,1,0,0,2,0,2,2,2,2,0,0,2,1
261,-2195.309,2440.394,-135.946,160.520,-0.930884,-0.354181,-0.089504,0.329284,-0.919596,0.214277,-0.158201,0.169995,0.972664,0,0.47271,-0.37192,24.718,-0.481,-1,499.386,-1,428.361,216.022,435.484,425.790,-1,312.191,-1,-1,-1,-1,733.640,540.545,-1,293.953,2,0,2,0,1,0,0,2,0,2,2,2,2,0,0,2,1
262,-2208.504,2445.863,-136.227,160.330,-0.929772,-0.357316,-0.088593,0.332356,-0.918230,0.215392,-0.158311,0.170821,0.972501,0,0.47374,-0.36870,14.284,-0.190,-1,499.810,1001.678,424.852,207.377,435.146,422.786,-1,311.587,-1,-1,-1,-1,733.809,534.646,-1,281.561,2,0,0,0,1,0,0,2,0,2,2,2,2,0,0,2,1
263,-2219.763,2449.167,-134.380,160.377,-0.929982,-0.356710,-0.088830,0.331568,-0.918299,0.216308,-0.158732,0.171709,0.972276,0,0.47404,-0.36777,11.735,0.047,-1,502.477,999.593,425.734,203.103,436.976,423.174,-1,314.645,-1,-1,-1,-1,737.113,534.086,-1,275.901,2,0,0,0,1,0,0,2,0,2,2,2,2,0,0,2,1
264,-2226.781,2450.721,-131.455,160.492,-0.930565,-0.354557,-0.091311,0.329670,-0.919919,0.212291,-0.159268,0.167448,0.972931,0,0.47361,-0.36911,7.188,0.115,-1,504.281,1003.116,430.620,200.997,439.710,426.392,-1,323.559,-1,-1,-1,-1,737.580,539.132,-1,273.498,2,0,0,0,1,0,0,2,0,2,2,2,2,0,0,2,1
265,-2231.823,2450.877,-128.349,160.808,-0.932268,-0.349133,-0.094772,0.324497,-0.922829,0.207578,-0.159930,0.162765,0.973617,0,0.47307,-0.37082,5.044,0.316,-1,504.854,1007.953,436.857,202.186,441.698,430.170,-1,333.378,-1,-1,-1,-1,736.726,546.591,-1,276.234,2,0,0,0,1,0,0,2,0,2,2,2,2,0,0,2,1
266,-2234.792,2450.702,-125.277,161.063,-0.933473,-0.344594,-0.099414,0.320267,-0.925674,0.201388,-0.161422,0.156151,0.974454,0,0.47192,-0.37440,2.974,0.255,-1,503.753,-1,442.323,203.322,442.874,433.541,-1,344.672,-1,-1,-1,-1,732.679,553.908,-1,278.786,2,0,2,0,1,0,0,2,0,2,2,2,2,0,0,2,1
267,-2236.085,2450.774,-122.330,161.108,-0.933753,-0.343266,-0.101363,0.319551,-0.927094,0.195919,-0.161225,0.150549,0.975367,0,0.47102,-0.37721,1.294,0.045,-1,506.759,-1,448.289,202.536,446.897,438.669,-1,354.741,-1,-1,-1,-1,735.917,562.323,-1,277.951,2,0,2,0,1,0,0,2,0,2,2,2,2,0,0,2,1
268,-2236.794,2450.909,-119.677,161.111,-0.934382,-0.342409,-0.098417,0.319715,-0.927766,0.192439,-0.157201,0.148346,0.976361,0,0.47084,-0.37776,0.721,0.003,-1,516.845,-1,456.704,201.315,455.543,447.238,-1,361.467,-1,-1,-1,-1,752.136,573.791,-1,276.215,2,0,2,0,1,0,0,2,0,2,2,2,2,0,0,2,1
269,-2237.159,2451.108,-117.521,161.097,-0.935363,-0.341609,-0.091650,0.320310,-0.928043,0.190099,-0.149995,0.148455,0.977478,0,0.47081,-0.37785,0.416,-0.014,-1,532.656,-1,467.064,199.845,467.695,458.465,-1,365.280,-1,-1,-1,-1,778.757,588.239,-1,273.956,2,0,2,0,1,0,0,2,0,2,2,2,2,0,0,2,1
270,-2237.191,2451.232,-116.041,161.063,-0.936428,-0.340970,-0.082712,0.321295,-0.928070,0.188298,-0.140966,0.149753,0.978623,0,0.47085,-0.37773,0.128,-0.034,-1,550.778,-1,478.191,198.382,481.475,470.900,-1,366.992,-1,-1,-1,-1,811.354,604.074,-1,271.586,2,0,2,0,1,0,0,2,0,2,2,2,2,0,0,2,1
271,-2236.852,2451.157,-115.414,161.014,-0.937436,-0.340483,-0.072693,0.322522,-0.927908,0.186994,-0.131120,0.151850,0.979668,0,0.47096,-0.37739,0.347,-0.048,-1,569.571,-1,489.229,197.240,495.394,483.228,-1,366.680,-1,-1,-1,-1,846.724,619.944,-1,269.587,2,0,2,0,1,0,0,2,0,2,2,2,2,0,0,2,1
272,-2236.240,2450.919,-115.805,160.954,-0.938317,-0.340110,-0.062335,0.323931,-0.927698,0.185594,-0.120950,0.153954,0.980647,0,0.47112,-0.37688,0.656,-0.060,-1,587.578,-1,499.515,196.396,508.458,494.686,-1,364.773,-1,-1,-1,-1,879.101,635.887,-1,267.965,2,0,2,0,1,0,0,2,0,2,2,2,2,0,0,2,1
273,-2235.494,2450.491,-117.303,160.885,-0.939055,-0.339817,-0.051965,0.325446,-0.927482,0.184015,-0.110728,0.155888,0.981549,0,0.47133,-0.37623,0.860,-0.069,-1,603.961,-1,508.486,195.942,520.065,504.642,-1,361.308,-1,-1,-1,-1,909.672,650.383,-1,266.863,2,0,2,0,1,0,0,2,0,2,2,2,2,0,0,2,1
274,-2234.677,2449.962,-119.672,160.838,-0.939631,-0.339504,-0.042798,0.326515,-0.926967,0.184715,-0.102383,0.159590,0.981860,0,0.47157,-0.37550,0.973,-0.047,-1,616.578,-1,513.520,196.254,528.051,510.791,-1,354.688,-1,-1,-1,-1,935.065,659.104,-1,266.892,2,0,2,0,1,0,0,2,0,2,2,2,2,0,0,2,1
275,-2233.825,2449.481,-122.661,160.830,-0.940046,-0.339138,-0.036029,0.326804,-0.925958,0.189213,-0.097531,0.166094,0.981275,0,0.47174,-0.37497,0.979,-0.008,-1,623.204,-1,512.546,197.440,530.484,511.468,-1,344.447,-1,-1,-1,-1,950.867,658.541,-1,268.262,2,0,2,0,1,0,0,2,0,2,2,2,2,0,0,2,1
276,-2232.872,2449.027,-125.705,160.887,-0.940247,-0.338705,-0.034854,0.325820,-0.924726,0.196781,-0.098881,0.173667,0.979828,0,0.31549,-0.72470,1.055,0.057,-1,618.359,-1,503.846,199.744,524.092,504.307,-1,333.002,-1,-1,-1,-1,946.167,645.791,-1,271.467,2,0,2,0,1,0,0,2,0,2,2,2,2,0,0,2,1
277,-2231.961,2448.725,-128.512,160.994,-0.940143,-0.338521,-0.039171,0.323823,-0.923249,0.206762,-0.106158,0.181701,0.977607,0,0.31538,-0.72520,0.961,0.107,-1,603.002,-1,488.627,202.821,509.986,489.923,-1,321.386,-1,-1,-1,-1,922.052,622.825,-1,276.004,2,0,2,0,1,0,0,2,0,2,2,2,2,0,0,2,1
278,-2231.208,2448.538,-130.954,161.148,-0.939808,-0.338415,-0.047280,0.320883,-0.921617,0.218303,-0.117451,0.189991,0.974735,0,0.31517,-0.72620,0.775,0.154,-1,581.422,-1,470.409,206.555,491.458,471.415,-1,310.127,-1,-1,-1,-1,886.473,596.284,-1,281.695,2,0,2,0,1,0,0,2,0,2,2,2,2,0,0,2,1
279,-2230.654,2448.404,-132.934,161.335,-0.939373,-0.338142,-0.056906,0.317325,-0.920150,0.229411,-0.129935,0.197445,0.971665,0,0.31485,-0.72768,0.570,0.186,-1,558.815,-1,452.600,210.563,472.621,452.917,-1,300.396,-1,-1,-1,-1,847.340,570.477,-1,287.952,2,0,2,0,1,0,0,2,0,2,2,2,2,0,0,2,1
280,-2230.518,2448.355,-133.982,161.475,-0.939071,-0.337691,-0.064117,0.314662,-0.919650,0.235014,-0.138327,0.200519,0.969875,0,0.31446,-0.72950,0.144,0.140,-1,543.370,-1,441.926,213.133,460.494,441.441,-1,295.841,-1,-1,-1,-1,818.730,554.790,-1,292.110,2,0,2,0,1,0,0,2,0,2,2,2,2,0,0,2,1
281,-2230.879,2448.428,-134.075,161.541,-0.939087,-0.337079,-0.067025,0.313460,-0.920036,0.235111,-0.140916,0.199780,0.969655,0,0.31416,-0.73090,0.368,0.066,-1,537.872,-1,439.463,213.755,456.849,438.415,-1,296.175,-1,-1,-1,-1,808.803,551.169,-1,293.283,2,0,2,0,1,0,0,2,0,2,2,2,2,0,0,2,1
282,-2231.667,2448.640,-133.436,161.545,-0.939410,-0.336405,-0.065879,0.313497,-0.920846,0.231866,-0.138665,0.197164,0.970514,0,0.31402,-0.73159,0.816,0.004,-1,541.647,-1,443.251,212.833,460.187,442.065,-1,299.462,-1,-1,-1,-1,814.999,556.976,-1,292.028,2,0,2,0,1,0,0,2,0,2,2,2,2,0,0,2,1
283,-2232.738,2448.976,-132.361,161.518,-0.939893,-0.335746,-0.062260,0.314158,-0.921673,0.227649,-0.133816,0.194406,0.971751,0,0.31399,-0.73169,1.123,-0.027,-1,550.737,-1,450.261,211.137,467.530,449.338,-1,303.687,-1,-1,-1,-1,831.097,567.133,-1,289.535,2,0,2,0,1,0,0,2,0,2,2,2,2,0,0,2,1
284,-2233.925,2449.330,-131.114,161.505,-0.940461,-0.334875,-0.058241,0.314579,-0.922421,0.224007,-0.128737,0.192348,0.972846,0,0.31404,-0.73150,1.238,-0.013,-1,560.792,-1,457.657,209.572,475.585,457.154,-1,307.670,-1,-1,-1,-1,849.511,577.670,-1,287.256,2,0,2,0,1,0,0,2,0,2,2,2,2,0,0,2,1
285,-2235.052,2449.510,-129.818,161.537,-0.941120,-0.333498,-0.055434,0.314213,-0.923366,0.220600,-0.124755,0.190193,0.973788,0,0.31404,-0.73146,1.141,0.032,-1,568.887,-1,464.249,208.698,482.256,463.908,-1,311.808,-1,-1,-1,-1,864.015,587.063,-1,286.110,2,0,2,0,1,0,0,2,0,2,2,2,2,0,0,2,1
286,-2236.166,2449.755,-128.669,161.557,-0.941597,-0.332489,-0.053346,0.314004,-0.924155,0.217574,-0.121641,0.188116,0.974585,0,0.31396,-0.73187,1.141,0.020,-1,575.361,-1,469.703,207.779,487.704,469.472,-1,315.592,-1,-1,-1,-1,874.378,594.851,-1,284.881,2,0,2,0,1,0,0,2,0,2,2,2,2,0,0,2,1
287,-2237.255,2449.997,-127.768,161.580,-0.941987,-0.331620,-0.051853,0.313715,-0.924790,0.215283,-0.119345,0.186527,0.975174,0,0.31389,-0.73216,1.116,0.023,-1,580.185,-1,473.816,207.070,491.776,473.652,-1,318.556,-1,-1,-1,-1,882.067,600.740,-1,283.961,2,0,2,0,1,0,0,2,0,2,2,2,2,0,0,2,1
288,-2238.286,2450.195,-127.181,161.612,-0.942326,-0.330793,-0.050959,0.313248,-0.925286,0.213825,-0.117884,0.185530,0.975542,0,0.31383,-0.73248,1.050,0.032,-1,583.180,-1,476.437,206.691,494.297,476.288,-1,320.504,-1,-1,-1,-1,886.862,604.515,-1,283.531,2,0,2,0,1,0,0,2,0,2,2,2,2,0,0,2,1
289,-2239.241,2450.343,-126.943,161.653,-0.942625,-0.329997,-0.050606,0.312600,-0.925636,0.213257,-0.117217,0.185201,0.975685,0,0.31374,-0.73288,0.967,0.041,-1,584.366,-1,477.521,206.658,495.253,477.351,-1,321.316,-1,-1,-1,-1,888.840,606.111,-1,283.615,2,0,2,0,1,0,0,2,0,2,2,2,2,0,0,2,1
290,-2240.116,2450.446,-127.047,161.703,-0.942888,-0.329227,-0.050716,0.311783,-0.925832,0.213602,-0.117278,0.185591,0.975603,0,0.31364,-0.73337,0.881,0.050,-1,583.898,-1,477.123,206.960,494.742,476.918,-1,320.958,-1,-1,-1,-1,888.265,605.599,-1,284.192,2,0,2,0,1,0,0,2,0,2,2,2,2,0,0,2,1
291,-2240.917,2450.512,-127.454,161.760,-0.943122,-0.328478,-0.051220,0.310804,-0.925876,0.214837,-0.117992,0.186698,0.975306,0,0.31351,-0.73393,0.803,0.058,-1,582.002,-1,475.380,207.566,492.936,475.146,-1,319.499,-1,-1,-1,-1,885.497,603.170,-1,285.218,2,0,2,0,1,0,0,2,0,2,2,2,2,0,0,2,1
292,-2241.520,2450.569,-128.095,161.808,-0.943216,-0.328060,-0.052163,0.309966,-0.925679,0.216884,-0.119437,0.188399,0.974803,0,0.31338,-0.73458,0.606,0.048,-1,578.744,-1,472.333,208.287,489.938,472.092,-1,317.117,-1,-1,-1,-1,880.481,598.856,-1,286.376,2,0,2,0,1,0,0,2,0,2,2,2,2,0,0,2,1
293,-2241.915,2450.615,-128.894,161.853,-0.943238,-0.327809,-0.053322,0.309151,-0.925288,0.219698,-0.121357,0.190743,0.974110,0,0.31326,-0.73511,0.398,0.045,-1,574.742,-1,468.390,209.150,486.207,468.198,-1,313.925,-1,-1,-1,-1,874.303,593.241,-1,287.721,2,0,2,0,1,0,0,2,0,2,2,2,2,0,0,2,1
294,-2242.229,2450.648,-129.769,161.905,-0.943269,-0.327524,-0.054521,0.308223,-0.924806,0.223008,-0.123462,0.193551,0.973291,0,0.31316,-0.73559,0.316,0.051,-1,570.516,-1,464.048,210.169,482.185,463.947,-1,310.246,-1,-1,-1,-1,867.851,587.056,-1,289.301,2,0,2,0,1,0,0,2,0,2,2,2,2,0,0,2,1
295,-2242.346,2450.584,-130.626,161.972,-0.943300,-0.327150,-0.056197,0.307011,-0.924230,0.227033,-0.126213,0.196907,0.972264,0,-0.18513,-0.42715,0.134,0.067,-1,565.471,-1,459.012,211.582,477.443,458.977,-1,306.150,-1,-1,-1,-1,859.709,579.828,-1,291.486,2,0,2,0,1,0,0,2,0,2,2,2,2,0,0,2,1
296,-2242.132,2450.463,-131.367,162.045,-0.943275,-0.326829,-0.058434,0.305664,-0.923576,0.231467,-0.129619,0.200476,0.971086,0,-0.18504,-0.42783,0.246,0.074,-1,559.712,-1,453.528,213.215,472.178,453.525,-1,302.030,-1,-1,-1,-1,849.511,571.903,-1,294.016,2,0,2,0,1,0,0,2,0,2,2,2,2,0,0,2,1
297,-2241.747,2450.384,-131.757,162.089,-0.943206,-0.326725,-0.060116,0.304842,-0.923139,0.234277,-0.132040,0.202645,0.970309,0,-0.18495,-0.42855,0.393,0.044,-1,555.812,-1,449.988,214.245,468.719,449.975,-1,299.579,-1,-1,-1,-1,842.462,566.765,-1,295.613,2,0,2,0,1,0,0,2,0,2,2,2,2,0,0,2,1
298,-2241.207,2450.382,-131.750,162.084,-0.943032,-0.327041,-0.061111,0.304881,-0.923001,0.234769,-0.133184,0.202764,0.970128,0,-0.18490,-0.42896,0.539,-0.005,-1,554.070,-1,448.861,214.338,467.448,448.758,-1,299.349,-1,-1,-1,-1,838.973,565.087,-1,295.752,2,0,2,0,1,0,0,2,0,2,2,2,2,0,0,2,1
299,-2240.565,2450.366,-131.425,162.051,-0.942876,-0.327472,-0.061208,0.305434,-0.923098,0.233668,-0.133021,0.201625,0.970388,0,-0.18491,-0.42886,0.642,-0.033,-1,554.658,-1,449.871,213.888,468.259,449.684,-1,300.639,-1,-1,-1,-1,839.626,566.461,-1,295.031,2,0,2,0,1,0,0,2,0,2,2,2,2,0,0,2,1
300,-2239.818,2450.263,-130.921,162.013,-0.942816,-0.327760,-0.060587,0.306095,-0.923345,0.231818,-0.131923,0.200016,0.970871,0,-0.18496,-0.42847,0.754,-0.037,-1,556.956,-1,452.277,213.342,470.478,452.035,-1,302.640,-1,-1,-1,-1,843.472,569.827,-1,294.148,2,0,2,0,1,0,0,2,0,2,2,2,2,0,0,2,1
301,-2238.928,2450.031,-130.383,161.987,-0.942857,-0.327811,-0.059675,0.306588,-0.923665,0.229886,-0.130479,0.198454,0.971386,0,-0.18501,-0.42804,0.920,-0.026,-1,559.879,-1,455.166,213.029,473.159,454.871,-1,304.701,-1,-1,-1,-1,848.562,573.889,-1,293.616,2,0,2,0,1,0,0,2,0,2,2,2,2,0,0,2,1
302,-2237.848,2449.652,-129.931,161.978,-0.942960,-0.327647,-0.058936,0.306790,-0.923997,0.228276,-0.129250,0.197175,0.971811,0,-0.18506,-0.42770,1.144,-0.009,-1,562.323,-1,457.733,213.127,475.417,457.340,-1,306.414,-1,-1,-1,-1,852.918,577.502,-1,293.712,2,0,2,0,1,0,0,2,0,2,2,2,2,0,0,2,1
303,-2236.542,2449.129,-129.644,161.986,-0.943084,-0.327334,-0.058693,0.306681,-0.924311,0.227149,-0.128604,0.196221,0.972090,0,-0.18508,-0.42753,1.408,0.008,-1,563.523,-1,459.474,213.693,476.671,458.891,-1,307.594,-1,-1,-1,-1,855.113,579.944,-1,294.524,2,0,2,0,1,0,0,2,0,2,2,2,2,0,0,2,1
304,-2234.987,2448.467,-129.538,162.010,-0.943200,-0.326925,-0.059104,0.306278,-0.924591,0.226549,-0.128712,0.195579,0.972205,0,-0.18508,-0.42752,1.689,0.024,-1,563.146,-1,460.177,214.724,476.676,459.294,-1,308.203,-1,-1,-1,-1,854.499,580.908,-1,296.050,2,0,2,0,1,0,0,2,0,2,2,2,2,0,0,2,1
305,-2233.178,2447.681,-129.593,162.047,-0.943298,-0.326456,-0.060127,0.305643,-0.924849,0.226357,-0.129504,0.195145,0.972187,0,-0.18506,-0.42764,1.973,0.037,-1,561.323,-1,459.963,216.153,475.557,458.673,-1,308.352,-1,-1,-1,-1,851.293,580.565,-1,298.185,2,0,2,0,1,0,0,2,0,2,2,2,2,0,0,2,1
306,-2231.120,2446.780,-129.768,162.091,-0.943383,-0.325944,-0.061560,0.304861,-0.925111,0.226341,-0.130724,0.194759,0.972101,0,-0.18503,-0.42788,2.246,0.045,-1,558.525,-1,459.199,217.879,473.696,457.410,-1,308.243,-1,-1,-1,-1,846.300,579.447,-1,300.772,2,0,2,0,1,0,0,2,0,2,2,2,2,0,0,2,1
307,-2228.824,2445.772,-130.013,162.140,-0.943470,-0.325382,-0.063173,0.304002,-0.925410,0.226274,-0.132087,0.194278,0.972013,0,-0.18500,-0.42817,2.507,0.049,-1,554.916,-1,458.286,219.809,471.416,455.929,-1,308.085,-1,-1,-1,-1,840.534,578.132,-1,303.668,2,0,2,0,1,0,0,2,0,2,2,2,2,0,0,2,1
308,-2226.295,2444.663,-130.275,162.192,-0.943573,-0.324752,-0.064855,0.303096,-0.925780,0.225975,-0.133427,0.193567,0.971972,0,-0.18496,-0.42849,2.762,0.052,-1,551.154,-1,457.512,221.884,469.115,454.519,-1,308.076,-1,-1,-1,-1,834.612,577.028,-1,306.784,2,0,2,0,1,0,0,2,0,2,2,2,2,0,0,2,1
309,-2223.533,2443.447,-130.507,162.246,-0.943689,-0.324060,-0.066604,0.302156,-0.926228,0.225398,-0.134732,0.192581,0.971988,0,-0.18491,-0.42883,3.017,0.054,-1,547.365,-1,456.971,224.089,466.887,453.274,-1,308.327,-1,-1,-1,-1,828.680,576.258,-1,310.100,2,0,2,0,1,0,0,2,0,2,2,2,2,0,0,2,1
310,-2220.537,2442.125,-130.685,162.303,-0.943815,-0.323295,-0.068509,0.301161,-0.926771,0.224492,-0.136070,0.191247,0.972065,0,-0.18487,-0.42916,3.275,0.057,-1,543.436,-1,456.652,226.430,464.586,452.162,-1,308.930,-1,-1,-1,-1,822.509,575.800,-1,313.631,2,0,2,0,1,0,0,2,0,2,2,2,2,0,0,2,1
311,-2217.296,2440.698,-130.803,162.365,-0.943940,-0.322441,-0.070770,0.300069,-0.927436,0.223205,-0.137605,0.189456,0.972199,0,-0.18483,-0.42951,3.541,0.062,-1,539.171,-1,456.430,228.927,461.818,451.018,-1,309.974,-1,-1,-1,-1,815.471,575.472,-1,317.424,2,0,2,0,1,0,0,2,0,2,2,2,2,0,0,2,1
312,-2213.804,2439.154,-130.876,162.434,-0.944043,-0.321511,-0.073575,0.298857,-0.928225,0.221547,-0.139524,0.187162,0.972370,0,-0.18478,-0.42990,3.818,0.069,-1,534.351,-1,456.112,231.626,458.580,449.616,-1,311.468,-1,-1,-1,-1,806.919,574.999,-1,321.554,2,0,2,0,1,0,0,2,0,2,2,2,2,0,0,2,1
313,-2210.065,2437.484,-130.941,162.509,-0.944105,-0.320512,-0.077052,0.297513,-0.929135,0.219531,-0.141954,0.184336,0.972558,0,-0.18472,-0.43033,4.096,0.075,-1,528.470,-1,455.527,234.565,454.633,447.763,-1,313.378,-1,-1,-1,-1,795.989,573.973,-1,326.083,2,0,2,0,1,0,0,2,0,2,2,2,2,0,0,2,1
314,-2206.099,2435.679,-131.047,162.590,-0.944115,-0.319444,-0.081250,0.296041,-0.930171,0.217120,-0.144934,0.180933,0.972758,0,-0.18466,-0.43082,4.357,0.081,-1,521.385,-1,454.248,237.763,449.843,445.351,-1,315.677,-1,-1,-1,-1,781.550,572.284,-1,331.045,2,0,2,0,1,0,0,2,0,2,2,2,2,0,0,2,1
315,-2201.983,2433.740,-131.210,162.673,-0.944056,-0.318348,-0.086096,0.294521,-0.931329,0.214203,-0.148375,0.176863,0.972987,0,-0.18460,-0.43135,4.549,0.083,-1,513.224,-1,452.433,241.170,444.314,442.005,-1,318.436,-1,-1,-1,-1,765.093,570.534,-1,336.352,2,0,2,0,1,0,0,2,0,2,2,2,2,0,0,2,1
316,-2197.824,2431.725,-131.427,162.756,-0.943964,-0.317212,-0.091146,0.293006,-0.932547,0.210960,-0.151917,0.172432,0.973236,0,-0.18453,-0.43188,4.622,0.082,-1,504.758,-1,450.569,244.680,438.567,438.043,-1,321.445,-1,-1,-1,-1,749.092,568.652,-1,341.832,2,0,2,0,1,0,0,2,0,2,2,2,2,0,0,2,1
317,-2193.795,2429.786,-131.537,162.836,-0.944084,-0.315935,-0.094294,0.291584,-0.933547,0.208492,-0.153898,0.169340,0.973468,0,-0.18446,-0.43241,4.471,0.081,-1,499.581,-1,450.163,248.028,435.144,435.934,-1,323.646,-1,-1,-1,-1,739.687,568.357,-1,347.010,2,0,2,0,1,0,0,2,0,2,2,2,2,0,0,2,1
318,-2189.857,2427.967,-131.444,162.920,-0.944491,-0.314478,-0.095085,0.290203,-0.934252,0.207259,-0.154011,0.168160,0.973654,0,-0.18440,-0.43293,4.338,0.084,-1,498.209,-1,451.536,251.191,434.604,436.083,-1,324.687,-1,-1,-1,-1,738.251,570.409,-1,351.844,2,0,2,0,1,0,0,2,0,2,2,2,2,0,0,2,1
319,-2185.944,2426.308,-131.129,162.992,-0.945057,-0.313104,-0.093984,0.289082,-0.934668,0.206949,-0.152641,0.168410,0.973827,0,-0.18433,-0.43348,4.250,0.072,-1,500.465,-1,454.369,253.969,436.530,438.203,-1,324.943,-1,-1,-1,-1,743.299,574.448,-1,356.006,2,0,2,0,1,0,0,2,0,2,2,2,2,0,0,2,1
320,-2182.066,2424.804,-130.603,163.048,-0.945689,-0.311904,-0.091590,0.288260,-0.934857,0.207239,-0.150262,0.169582,0.973994,0,-0.18427,-0.43391,4.160,0.056,-1,505.373,-1,458.277,256.339,440.287,441.812,-1,324.786,-1,-1,-1,-1,753.040,579.960,-1,359.472,2,0,2,0,1,0,0,2,0,2,2,2,2,0,0,2,1
321,-2178.218,2423.399,-129.901,163.101,-0.946343,-0.310753,-0.088694,0.287510,-0.934922,0.207987,-0.147554,0.171326,0.974102,0,-0.18424,-0.43419,4.096,0.053,-1,511.574,-1,462.630,258.530,444.898,446.080,-1,324.435,-1,-1,-1,-1,765.066,586.043,-1,362.647,2,0,2,0,1,0,0,2,0,2,2,2,2,0,0,2,1
322,-2174.362,2422.002,-129.084,163.168,-0.946998,-0.309449,-0.086230,0.286499,-0.935005,0.209007,-0.145302,0.173225,0.974105,0,-0.18606,-0.89351,4.102,0.067,-1,517.347,-1,466.670,260.896,449.135,449.967,-1,324.091,-1,-1,-1,-1,776.299,591.605,-1,366.152,2,0,2,0,1,0,0,2,0,2,2,2,2,0,0,2,1
323,-2170.488,2420.535,-128.225,163.253,-0.947621,-0.307954,-0.084725,0.285144,-0.935201,0.209979,-0.143899,0.174822,0.974028,0,-0.18601,-0.89390,4.142,0.085,-1,521.576,-1,470.006,263.598,452.261,452.836,-1,324.035,-1,-1,-1,-1,784.702,596.112,-1,370.262,2,0,2,0,1,0,0,2,0,2,2,2,2,0,0,2,1
324,-2166.616,2418.970,-127.437,163.353,-0.948210,-0.306296,-0.084146,0.283525,-0.935562,0.210565,-0.143219,0.175802,0.973952,0,-0.18594,-0.89447,4.175,0.100,-1,524.041,-1,472.689,266.611,454.189,454.688,-1,324.370,-1,-1,-1,-1,789.911,599.697,-1,374.929,2,0,2,0,1,0,0,2,0,2,2,2,2,0,0,2,1
325,-2162.789,2417.344,-126.777,163.461,-0.948789,-0.304500,-0.084133,0.281746,-0.936086,0.210624,-0.142891,0.176133,0.973940,0,-0.18585,-0.89518,4.159,0.108,-1,525.236,-1,475.027,269.797,455.302,455.919,-1,325.051,-1,-1,-1,-1,792.868,602.837,-1,379.927,2,0,2,0,1,0,0,2,0,2,2,2,2,0,0,2,1
326,-2159.026,2415.661,-126.233,163.579,-0.949406,-0.302521,-0.084321,0.279811,-0.936744,0.210279,-0.142601,0.176047,0.973998,0,-0.18574,-0.89599,4.122,0.118,-1,525.819,-1,477.322,273.145,456.042,456.902,-1,325.925,-1,-1,-1,-1,794.821,605.956,-1,385.227,2,0,2,0,1,0,0,2,0,2,2,2,2,0,0,2,1
327,-2155.369,2413.909,-125.773,163.707,-0.950110,-0.300295,-0.084344,0.277707,-0.937518,0.209617,-0.142021,0.175736,0.974139,0,-0.18563,-0.89689,4.055,0.128,-1,526.476,-1,479.949,276.665,456.752,458.057,-1,326.911,-1,-1,-1,-1,797.077,609.568,-1,390.841,2,0,2,0,1,0,0,2,0,2,2,2,2,0,0,2,1
328,-2151.805,2412.103,-125.375,163.844,-0.950882,-0.297868,-0.084254,0.275473,-0.938400,0.208614,-0.141203,0.175158,0.974362,0,-0.18550,-0.89792,3.996,0.137,-1,527.171,-1,482.890,280.314,457.447,459.380,-1,328.074,-1,-1,-1,-1,799.525,613.651,-1,396.698,2,0,2,0,1,0,0,2,0,2,2,2,2,0,0,2,1
329,-2148.306,2410.286,-125.025,163.980,-0.951652,-0.295409,-0.084214,0.273250,-0.939351,0.207252,-0.140331,0.174220,0.974656,0,-0.18535,-0.89903,3.943,0.136,-1,527.658,-1,485.948,283.954,458.074,460.729,-1,329.486,-1,-1,-1,-1,801.319,617.941,-1,402.571,2,0,2,0,1,0,0,2,0,2,2,2,2,0,0,2,1
330,-2144.851,2408.486,-124.705,164.113,-0.952408,-0.292973,-0.084172,0.271063,-0.940306,0.205790,-0.139438,0.173180,0.974970,0,-0.18521,-0.90015,3.896,0.134,-1,528.077,-1,489.014,287.558,458.672,462.073,1005.743,330.906,-1,-1,-1,-1,802.757,622.264,-1,408.405,2,0,2,0,1,0,0,0,0,2,2,2,2,0,0,2,1
331,-2141.461,2406.690,-124.383,164.253,-0.953218,-0.290433,-0.083812,0.268782,-0.941212,0.204635,-0.138318,0.172534,0.975244,0,-0.18507,-0.90125,3.836,0.140,-1,529.044,-1,492.250,291.255,459.594,463.625,1002.284,331.951,-1,-1,-1,-1,805.378,626.802,-1,614.949,2,0,2,0,1,0,0,0,0,2,2,2,2,0,0,2,0
332,-2138.193,2404.872,-124.029,164.412,-0.954161,-0.287570,-0.082945,0.266199,-0.942087,0.203986,-0.136802,0.172556,0.975454,0,-0.18492,-0.90241,3.740,0.159,-1,530.954,-1,495.481,295.224,461.072,465.552,999.643,332.538,-1,-1,-1,-1,810.064,631.806,-1,622.144,2,0,2,0,1,0,0,0,0,2,2,2,2,0,0,2,0
333,-2135.061,2403.048,-123.625,164.586,-0.955212,-0.284424,-0.081691,0.263354,-0.942951,0.203687,-0.134964,0.173051,0.975622,0,-0.18475,-0.90378,3.624,0.175,-1,533.651,-1,498.917,299.400,463.037,467.835,997.609,332.859,-1,-1,-1,-1,816.962,637.281,-1,629.846,2,0,2,0,1,0,0,0,0,2,2,2,2,0,0,2,0
334,-2132.088,2401.217,-123.167,164.777,-0.956347,-0.281006,-0.080230,0.260250,-0.943834,0.203587,-0.132933,0.173820,0.975764,0,-0.18455,-0.90531,3.491,0.190,-1,536.833,-1,502.626,303.783,465.303,470.348,995.915,333.104,-1,-1,-1,-1,824.976,643.126,-1,638.003,2,0,2,0,1,0,0,0,0,2,2,2,2,0,0,2,0
335,-2129.205,2399.389,-122.678,164.978,-0.957492,-0.277421,-0.079031,0.256949,-0.944779,0.203394,-0.131093,0.174441,0.975902,0,-0.18433,-0.90702,3.414,0.201,-1,539.723,-1,506.211,308.320,467.289,472.647,993.470,333.564,-1,-1,-1,-1,832.210,648.845,-1,646.433,2,0,2,0,1,0,0,0,0,2,2,2,2,0,0,2,0
336,-2126.369,2397.554,-122.194,165.187,-0.958607,-0.273753,-0.078312,0.253509,-0.945792,0.203006,-0.129640,0.174750,0.976041,0,-0.18410,-0.90885,3.378,0.209,-1,541.938,-1,509.395,312.997,468.662,474.458,989.989,334.284,-1,-1,-1,-1,837.633,653.993,-1,654.444,2,0,2,0,1,0,0,0,0,2,2,2,2,0,0,2,0
337,-2123.580,2395.711,-121.729,165.400,-0.959659,-0.270062,-0.078235,0.249976,-0.946885,0.202291,-0.128710,0.174573,0.976196,0,-0.18386,-0.91075,3.343,0.213,-1,542.927,-1,512.026,317.790,469.199,475.609,985.772,335.384,-1,-1,-1,-1,840.465,658.374,-1,661.730,2,0,2,0,1,0,0,0,0,2,2,2,2,0,0,2,0
338,-2120.829,2393.880,-121.294,165.612,-0.960628,-0.266422,-0.078820,0.246424,-0.948047,0.201202,-0.128330,0.173857,0.976373,0,-0.18361,-0.91270,3.305,0.213,-1,542.622,-1,514.058,322.618,468.869,476.069,980.806,336.886,-1,-1,-1,-1,840.529,662.057,-1,668.182,2,0,2,0,1,0,0,0,0,2,2,2,2,0,0,2,0
339,-2118.116,2392.085,-120.899,165.820,-0.961520,-0.262900,-0.079771,0.242953,-0.949219,0.199892,-0.128272,0.172819,0.976565,0,-0.18336,-0.91465,3.253,0.207,-1,541.135,-1,515.690,327.386,468.028,475.919,975.475,338.586,-1,-1,-1,-1,838.938,665.261,-1,674.019,2,0,2,0,1,0,0,0,0,2,2,2,2,0,0,2,0
340,-2115.457,2390.333,-120.543,166.022,-0.962393,-0.259440,-0.080560,0.239567,-0.950348,0.198609,-0.128087,0.171840,0.976762,0,-0.18311,-0.91654,3.184,0.202,-1,539.800,-1,517.403,332.078,467.336,475.896,970.329,340.182,-1,-1,-1,-1,837.813,668.553,-1,679.979,2,0,2,0,1,0,0,0,0,2,2,2,2,0,0,2,0
341,-2112.851,2388.638,-120.221,166.214,-0.963266,-0.256076,-0.080889,0.236345,-0.951403,0.197415,-0.127511,0.171045,0.976977,0,-0.18288,-0.91839,3.109,0.193,-1,539.272,-1,519.522,336.598,467.197,476.382,965.598,341.576,-1,-1,-1,-1,838.313,672.316,-1,686.614,2,0,2,0,1,0,0,0,0,2,2,2,2,0,0,2,0
342,-2110.286,2387.034,-119.914,166.385,-0.964097,-0.253005,-0.080655,0.233498,-0.952338,0.196290,-0.126473,0.170410,0.977223,0,-0.18265,-0.92015,3.025,0.171,-1,539.797,-1,522.194,340.730,467.819,477.575,961.448,342.808,-1,-1,-1,-1,840.845,676.688,-1,694.133,2,0,2,0,1,0,0,0,0,2,2,2,2,0,0,2,0
343,-2107.851,2385.537,-119.584,166.539,-0.964930,-0.250153,-0.079584,0.230965,-0.953116,0.195511,-0.124760,0.170274,0.977467,0,-0.18246,-0.92169,2.858,0.154,-1,542.011,-1,525.655,344.493,469.649,479.793,959.587,343.657,-1,-1,-1,-1,846.712,681.926,-1,702.852,2,0,2,0,1,0,0,0,0,2,2,2,2,0,0,2,0
344,-2105.533,2384.177,-119.213,166.677,-0.965731,-0.247539,-0.078029,0.228705,-0.953748,0.195086,-0.122711,0.170555,0.977677,0,-0.18228,-0.92307,2.688,0.138,-1,545.322,-1,529.493,347.886,472.208,482.611,958.646,344.195,-1,-1,-1,-1,854.696,687.523,-1,712.002,2,0,2,0,1,0,0,0,0,2,2,2,2,0,0,2,0
345,-2103.639,2383.142,-118.852,166.776,-0.966459,-0.245427,-0.075646,0.227114,-0.954266,0.194412,-0.119900,0.170711,0.977999,0,0.40126,-0.55058,2.158,0.099,-1,550.308,-1,534.444,350.220,476.045,486.764,958.002,344.862,-1,-1,-1,-1,865.836,694.269,-1,723.091,2,0,2,0,1,0,0,0,0,2,2,2,2,0,0,2,0
346,-2102.520,2382.580,-118.526,166.810,-0.967017,-0.244209,-0.072383,0.226633,-0.954650,0.193084,-0.116253,0.170311,0.978509,0,0.40101,-0.55144,1.253,0.034,-1,557.052,-1,540.745,350.884,481.330,492.270,957.217,346.015,-1,-1,-1,-1,880.752,702.324,-1,736.598,2,0,2,0,1,0,0,0,0,2,2,2,2,0,0,2,0
347,-2102.099,2382.427,-118.193,166.793,-0.967335,-0.243843,-0.069313,0.227008,-0.954923,0.191286,-0.112832,0.169303,0.979084,0,0.40094,-0.55171,0.448,-0.017,-1,563.599,-1,546.971,350.260,486.623,497.623,956.122,347.710,-1,-1,-1,-1,894.895,710.312,-1,749.337,2,0,2,0,1,0,0,0,0,2,2,2,2,0,0,2,0
348,-2102.336,2382.613,-117.849,166.744,-0.967418,-0.244132,-0.067101,0.227895,-0.955106,0.189305,-0.110304,0.167845,0.979623,0,0.40099,-0.55151,0.301,-0.049,-1,568.626,-1,551.961,348.806,490.893,502.025,954.799,349.790,-1,-1,-1,-1,905.261,716.679,-1,758.913,2,0,2,0,1,0,0,0,0,2,2,2,2,0,0,2,0
349,-2103.175,2383.057,-117.524,166.684,-0.967310,-0.244832,-0.066094,0.228953,-0.955201,0.187542,-0.109049,0.166279,0.980030,0,0.40113,-0.55104,0.950,-0.061,-1,571.336,-1,554.718,346.984,493.432,504.739,953.555,351.884,-1,-1,-1,-1,910.198,720.338,-1,765.150,2,0,2,0,1,0,0,0,0,2,2,2,2,0,0,2,0
350,-2104.582,2383.692,-117.288,166.628,-0.967087,-0.245672,-0.066245,0.229889,-0.955207,0.186360,-0.109061,0.164997,0.980246,0,0.40128,-0.55049,1.543,-0.055,-1,571.648,-1,555.374,345.168,494.042,505.494,952.755,353.536,-1,-1,-1,-1,909.761,720.949,-1,766.639,2,0,2,0,1,0,0,0,0,2,2,2,2,0,0,2,0
351,-2106.512,2384.572,-117.232,166.558,-0.966690,-0.246938,-0.067328,0.231044,-0.955076,0.185602,-0.110135,0.163864,0.980316,0,0.40141,-0.55003,2.121,-0.070,-1,569.817,-1,554.107,343.007,492.951,504.516,952.215,354.692,-1,-1,-1,-1,904.525,718.737,-1,763.502,2,0,2,0,1,0,0,0,0,2,2,2,2,0,0,2,0
352,-2108.971,2385.679,-117.422,166.473,-0.966159,-0.248587,-0.068849,0.232440,-0.954765,0.185461,-0.111838,0.163182,0.980237,0,0.40157,-0.54947,2.698,-0.085,-1,566.701,-1,551.276,340.517,490.733,502.235,952.604,354.984,-1,-1,-1,-1,896.593,714.260,-1,756.540,2,0,2,0,1,0,0,0,0,2,2,2,2,0,0,2,0
353,-2112.004,2386.917,-117.873,166.403,-0.965661,-0.250099,-0.070353,0.233566,-0.954287,0.186501,-0.113781,0.163664,0.979933,0,0.40176,-0.54879,3.275,-0.070,-1,563.185,-1,547.098,338.249,487.767,498.919,955.160,353.804,-1,-1,-1,-1,888.270,707.972,-1,746.652,2,0,2,0,1,0,0,0,0,2,2,2,2,0,0,2,0
354,-2115.597,2388.223,-118.556,166.367,-0.965261,-0.251209,-0.071872,0.234113,-0.953654,0.189038,-0.116029,0.165644,0.979336,0,0.40190,-0.54831,3.823,-0.036,-1,559.262,-1,541.422,336.551,483.947,494.411,959.330,350.919,-1,-1,-1,-1,879.645,699.714,-1,733.625,2,0,2,0,1,0,0,0,0,2,2,2,2,0,0,2,0
355,-2119.737,2389.602,-119.462,166.361,-0.964942,-0.251964,-0.073497,0.234133,-0.952895,0.192804,-0.118614,0.168836,0.978481,0,0.40192,-0.54821,4.363,-0.006,-1,554.754,-1,534.376,335.349,479.247,488.759,964.812,346.633,-1,-1,-1,-1,870.258,689.673,-1,716.730,2,0,2,0,1,0,0,0,0,2,2,2,2,0,0,2,0
356,-2124.412,2391.046,-120.582,166.379,-0.964676,-0.252454,-0.075276,0.233747,-0.952050,0.197392,-0.121499,0.172824,0.977430,0,0.40185,-0.54846,4.893,0.018,-1,549.556,-1,526.075,334.517,473.738,482.135,971.156,341.539,-1,-1,-1,-1,859.804,678.298,-1,697.617,2,0,2,0,1,0,0,0,0,2,2,2,2,0,0,2,0
357,-2129.575,2392.543,-121.801,166.418,-0.964436,-0.252671,-0.077596,0.232994,-0.951306,0.201816,-0.124810,0.176559,0.976345,0,0.40170,-0.54899,5.376,0.039,-1,543.115,-1,517.094,333.910,467.353,474.750,977.077,336.637,-1,-1,-1,-1,846.859,666.536,-1,677.803,2,0,2,0,1,0,0,0,0,2,2,2,2,0,0,2,0
358,-2135.300,2394.060,-122.901,166.472,-0.964294,-0.252482,-0.079938,0.232007,-0.950921,0.204748,-0.127710,0.178892,0.975545,0,0.40148,-0.54977,5.922,0.053,-1,536.807,-1,509.600,333.194,461.488,468.223,981.266,333.249,-1,-1,-1,-1,834.147,656.544,-1,661.727,2,0,2,0,1,0,0,0,0,2,2,2,2,0,0,2,0
359,-2141.641,2395.589,-123.802,166.533,-0.964283,-0.251898,-0.081894,0.230908,-0.950913,0.206025,-0.129771,0.179756,0.975114,0,0.40121,-0.55074,6.523,0.062,-1,531.469,-1,504.300,332.222,456.839,463.222,983.745,331.531,-1,-1,-1,-1,823.648,649.126,-1,650.569,2,0,2,0,1,0,0,0,0,2,2,2,2,0,0,2,0
360,-2148.629,2397.155,-124.540,166.602,-0.964423,-0.250948,-0.083142,0.229730,-0.951175,0.206132,-0.130811,0.179699,0.974986,0,0.40090,-0.55185,7.161,0.068,-1,527.556,-1,500.598,330.984,453.642,459.817,985.267,331.031,-1,-1,-1,-1,816.197,644.137,-1,643.775,2,0,2,0,1,0,0,0,0,2,2,2,2,0,0,2,0
361,-2156.227,2398.789,-125.189,166.674,-0.964681,-0.249766,-0.083707,0.228503,-0.951538,0.205821,-0.131058,0.179424,0.975003,0,0.40055,-0.55307,7.771,0.072,-1,524.982,-1,497.917,329.547,451.561,457.504,986.767,330.990,-1,-1,-1,-1,811.527,640.628,-1,639.501,2,0,2,0,1,0,0,0,0,2,2,2,2,0,0,2,0
362,-2164.345,2400.518,-125.782,166.755,-0.965041,-0.248397,-0.083632,0.227151,-0.951836,0.205938,-0.130758,0.179742,0.974985,0,0.40018,-0.55439,8.301,0.081,-1,523.689,-1,495.690,328.065,450.316,455.811,989.303,330.632,-1,-1,-1,-1,809.772,637.706,-1,635.990,2,0,2,0,1,0,0,0,0,2,2,2,2,0,0,2,0
363,-2172.897,2402.422,-126.345,166.829,-0.965421,-0.247134,-0.082986,0.225921,-0.951963,0.206704,-0.130083,0.180809,0.974878,0,0.39978,-0.55583,8.762,0.074,-1,523.534,-1,493.617,326.281,449.774,454.545,992.716,329.729,-1,-1,-1,-1,810.661,634.897,-1,632.368,2,0,2,0,1,0,0,0,0,2,2,2,2,0,0,2,0
364,-2181.841,2404.544,-126.949,166.893,-0.965738,-0.246138,-0.082262,0.224864,-0.951874,0.208261,-0.129564,0.182628,0.974608,0,0.39938,-0.55724,9.192,0.064,-1,523.523,-1,490.924,324.169,449.150,452.951,996.825,328.111,-1,-1,-1,-1,811.885,631.289,-1,626.973,2,0,2,0,1,0,0,0,0,2,2,2,2,0,0,2,0
365,-2191.146,2406.874,-127.626,166.947,-0.965949,-0.245462,-0.081804,0.223943,-0.951526,0.210825,-0.129588,0.185327,0.974095,0,0.39901,-0.55857,9.592,0.055,-1,523.007,-1,487.070,321.837,447.896,450.481,1002.341,325.603,-1,-1,-1,-1,812.025,626.044,-1,618.597,2,0,2,0,1,0,0,0,0,2,2,2,2,0,0,2,0
366,-2200.718,2409.567,-128.384,166.951,-0.965832,-0.245819,-0.082101,0.223849,-0.950898,0.213739,-0.130611,0.188058,0.973435,0,0.39865,-0.55984,9.944,0.004,-1,521.035,-1,481.812,318.501,445.575,446.876,-1,322.806,-1,-1,-1,-1,808.672,618.596,-1,606.806,2,0,2,0,1,0,0,2,0,2,2,2,2,0,0,2,0
367,-2210.510,2412.626,-129.310,166.885,-0.965222,-0.247601,-0.083900,0.224878,-0.950018,0.216553,-0.133325,0.190155,0.972659,0,0.39843,-0.56061,10.259,-0.066,-1,516.037,-1,474.460,313.964,441.068,441.330,-1,320.071,-1,-1,-1,-1,798.214,607.981,-1,590.503,2,0,2,0,1,0,0,2,0,2,2,2,2,0,0,2,0
368,-2220.560,2415.926,-130.428,166.775,-0.964234,-0.250328,-0.087114,0.226605,-0.949055,0.218962,-0.137488,0.191390,0.971837,0,0.39841,-0.56069,10.578,-0.110,-1,508.129,-1,465.402,308.670,434.374,434.048,-1,317.605,-1,-1,-1,-1,781.231,594.911,-1,571.047,2,0,2,0,1,0,0,2,0,2,2,2,2,0,0,2,0
369,-2230.906,2419.460,-131.779,166.618,-0.963059,-0.253692,-0.090322,0.229113,-0.948161,0.220224,-0.141509,0.191395,0.971259,0,0.39850,-0.56035,10.933,-0.157,-1,499.777,-1,456.617,302.373,427.596,426.768,-1,315.817,-1,-1,-1,-1,763.239,582.221,-1,552.935,2,0,2,0,1,0,0,2,0,2,2,2,2,0,0,2,0
370,-2241.272,2423.026,-132.857,166.470,-0.962387,-0.256424,-0.089769,0.231588,-0.947044,0.222428,-0.142051,0.193273,0.970807,0,0.39873,-0.55956,10.963,-0.148,-1,498.811,-1,451.721,295.906,425.718,423.684,-1,313.103,-1,-1,-1,-1,759.624,574.891,-1,541.553,2,0,2,0,1,0,0,2,0,2,2,2,2,0,0,2,0
371,-2251.605,2426.932,-133.476,166.252,-0.962032,-0.259609,-0.084251,0.235370,-0.945387,0.225487,-0.138188,0.197095,0.970596,0,0.39892,-0.55886,11.046,-0.218,-1,506.717,-1,452.011,287.819,430.656,426.456,-1,309.657,-1,-1,-1,-1,774.608,574.320,-1,538.213,2,0,2,0,1,0,0,2,0,2,2,2,2,0,0,2,0
372,-2262.086,2431.197,-133.640,165.981,-0.961878,-0.263079,-0.074698,0.240156,-0.943223,0.229465,-0.130825,0.202779,0.970446,0,0.45572,-0.92265,11.316,-0.271,-1,523.380,-1,456.473,278.432,441.389,434.116,-1,305.642,-1,-1,-1,-1,806.409,579.123,-1,541.769,2,0,2,0,1,0,0,2,0,2,2,2,2,0,0,2,0
373,-2272.707,2435.914,-133.449,165.644,-0.961469,-0.267342,-0.064076,0.246075,-0.940830,0.232994,-0.122574,0.208249,0.970365,0,0.45634,-0.92072,11.621,-0.337,-1,543.455,-1,462.713,267.613,454.546,443.864,-1,302.335,-1,-1,-1,-1,841.528,585.974,-1,548.115,2,0,2,0,1,0,0,2,0,2,2,2,2,0,0,2,0
374,-2283.219,2441.208,-133.139,165.199,-0.960285,-0.273485,-0.055297,0.253744,-0.938397,0.234574,-0.116043,0.211227,0.970524,0,0.45717,-0.91813,11.770,-0.445,-1,560.695,-1,465.505,254.903,465.018,452.595,-1,300.838,-1,-1,-1,-1,869.372,591.198,-1,552.906,2,0,2,0,1,0,0,2,0,2,2,2,2,0,0,2,0
375,-2293.161,2447.322,-132.981,164.549,-0.957667,-0.283417,-0.050480,0.264700,-0.935853,0.232621,-0.113171,0.209411,0.971257,0,0.45836,-0.91443,11.672,-0.649,-1,568.294,-1,465.094,239.198,471.322,457.671,-1,301.982,-1,-1,-1,-1,879.354,591.593,-1,552.663,2,0,2,0,1,0,0,2,0,2,2,2,2,0,0,2,0
376,-2303.089,2453.767,-133.324,163.800,-0.954124,-0.295398,-0.048864,0.277192,-0.933170,0.228820,-0.113191,0.204778,0.972242,0,0.46023,-0.90862,11.836,-0.749,-1,568.711,-1,461.304,222.723,473.260,457.315,-1,304.160,-1,-1,-1,-1,872.820,586.542,-1,546.613,2,0,2,0,1,0,0,2,0,2,2,2,2,0,0,2,0
377,-2313.825,2459.742,-134.386,163.219,-0.951197,-0.304813,-0.048097,0.286838,-0.930834,0.226435,-0.113791,0.201588,0.972838,0,0.46242,-0.90181,12.287,-0.581,-1,566.675,-1,455.726,209.224,472.442,452.857,-1,304.480,-1,-1,-1,-1,863.038,579.061,-1,536.505,2,0,2,0,1,0,0,2,0,2,2,2,2,0,0,2,0
378,-2325.030,2465.458,-136.215,162.740,-0.948533,-0.312856,-0.049059,0.294706,-0.928761,0.224835,-0.115905,0.198805,0.973161,0,0.46404,-0.89676,12.579,-0.479,-1,559.816,-1,447.367,197.581,466.897,445.359,-1,303.433,-1,-1,-1,-1,846.200,567.783,-1,520.893,2,0,2,0,1,0,0,2,0,2,2,2,2,0,0,2,0
379,-2336.510,2471.021,-138.833,162.319,-0.945874,-0.320288,-0.052322,0.301515,-0.926925,0.223380,-0.120045,0.195514,0.973326,0,0.46532,-0.89278,12.757,-0.421,-1,546.694,-1,436.056,187.120,457.077,434.421,-1,301.554,-1,-1,-1,-1,820.312,552.250,-1,499.661,2,0,2,0,1,0,0,2,0,2,2,2,2,0,0,2,0
380,-2348.321,2476.452,-142.287,161.956,-0.943267,-0.327047,-0.057335,0.307285,-0.925261,0.222413,-0.125789,0.192177,0.973265,0,0.46641,-0.88941,12.999,-0.363,-1,528.763,-1,422.082,177.744,443.757,420.506,-1,298.442,-1,-1,-1,-1,788.327,533.005,-1,473.519,2,0,2,0,1,0,0,2,0,2,2,2,2,0,0,2,0
381,-2360.624,2481.798,-146.300,161.627,-0.940791,-0.333117,-0.062807,0.312462,-0.924010,0.220391,-0.131450,0.187718,0.973387,0,0.46729,-0.88665,13.415,-0.329,-1,509.709,989.591,407.839,168.848,429.441,406.048,-1,295.023,-1,-1,-1,-1,755.285,513.794,-1,448.075,2,0,0,0,1,0,0,2,0,2,2,2,2,0,0,2,0
382,-2373.462,2486.974,-150.529,161.360,-0.938685,-0.337957,-0.068238,0.316635,-0.923330,0.217267,-0.136433,0.182339,0.973724,0,0.46805,-0.88429,13.842,-0.267,-1,491.044,948.720,394.484,160.616,415.332,392.164,1007.714,292.040,-1,-1,-1,-1,723.256,496.117,-1,425.235,2,0,0,0,1,0,0,0,0,2,2,2,2,0,0,2,0
383,-2386.608,2492.391,-154.763,161.047,-0.936303,-0.343246,-0.074293,0.321542,-0.922923,0.211715,-0.141237,0.174341,0.974504,0,0.46860,-0.88259,14.218,-0.313,-1,472.014,909.801,381.909,151.612,401.367,378.865,996.006,291.039,-1,-1,-1,-1,690.612,479.856,943.701,405.473,2,0,0,0,1,0,0,0,0,2,2,2,2,0,0,0,0
384,-2400.015,2498.210,-158.857,160.667,-0.933550,-0.349266,-0.080615,0.327519,-0.922535,0.204110,-0.145659,0.164143,0.975623,0,0.46928,-0.88046,14.616,-0.379,-1,453.578,874.213,370.329,141.554,388.137,366.541,982.641,292.035,-1,-1,-1,-1,658.466,465.179,880.006,388.775,2,0,0,0,1,0,0,0,0,2,2,2,2,0,0,0,0
385,-2413.490,2504.480,-162.514,160.216,-0.930313,-0.356175,-0.087509,0.334648,-0.921970,0.194890,-0.150096,0.152024,0.976913,0,0.47018,-0.87768,14.862,-0.452,-1,435.978,842.024,359.729,130.441,375.765,355.263,972.367,295.086,-1,-1,-1,-1,627.553,451.879,819.987,374.848,2,0,0,0,1,0,0,0,0,2,2,2,2,0,0,0,0
386,-2426.823,2511.334,-165.267,159.675,-0.926495,-0.364218,-0.094612,0.343180,-0.920942,0.184643,-0.154382,0.138602,0.978241,0,0.47130,-0.87417,14.991,-0.540,925.243,420.714,810.488,350.738,118.061,365.349,345.831,923.122,180.301,-1,-1,-1,-1,600.117,440.696,760.535,364.509,0,0,0,0,1,0,0,0,1,2,2,2,2,0,0,0,0
387,-2439.675,2518.971,-166.662,159.019,-0.921947,-0.373929,-0.100949,0.353550,-0.918920,0.174897,-0.158163,0.125555,0.979398,0,0.47272,-0.86976,14.950,-0.656,833.148,409.874,785.778,343.851,104.123,358.333,339.108,875.316,177.405,-1,-1,-1,-1,579.315,432.128,714.297,357.812,0,0,0,0,1,0,0,0,1,2,2,2,2,0,0,0,0
388,-2452.378,2526.949,-166.608,158.393,-0.917488,-0.383468,-0.105678,0.363395,-0.916121,0.169309,-0.161738,0.116936,0.979881,0,0.47453,-0.86412,15.001,-0.626,780.731,403.929,765.280,338.264,90.266,354.422,334.363,843.107,120.377,-1,-1,-1,-1,566.050,424.712,684.497,351.014,0,0,0,0,1,0,0,0,1,2,2,2,2,0,0,0,0
389,-2462.068,2530.428,-164.382,158.365,-0.915890,-0.384435,-0.115565,0.363270,-0.916244,0.168917,-0.170823,0.112728,0.978832,0,0.47625,-0.85877,10.296,-0.027,729.954,394.338,738.076,332.219,85.705,347.131,327.624,827.961,14.849,-1,-1,-1,-1,547.781,415.872,650.546,342.876,0,0,0,0,1,0,0,0,1,2,2,2,2,0,0,0,0
390,-2466.759,2532.020,-160.838,158.243,-0.912778,-0.386779,-0.131291,0.364292,-0.916262,0.166599,-0.184734,0.104240,0.977245,0,0.47610,-0.85926,4.953,-0.122,664.052,380.952,703.443,326.144,83.100,337.811,320.455,812.016,318.389,-1,-1,-1,-1,523.037,406.292,603.669,336.654,0,0,0,0,1,0,0,0,1,2,2,2,2,0,0,0,0
391,-2469.487,2533.076,-157.074,158.153,-0.910270,-0.388023,-0.144385,0.364956,-0.916698,0.162701,-0.195490,0.095408,0.976054,0,0.47637,-0.85841,2.926,-0.090,613.337,372.090,682.346,323.797,81.075,332.229,316.907,799.295,318.737,-1,-1,-1,-1,506.350,402.037,568.062,336.700,0,0,0,0,1,0,0,0,1,2,2,2,2,0,0,0,0
392,-2471.400,2533.737,-153.668,158.078,-0.908539,-0.388781,-0.152991,0.365642,-0.917062,0.159073,-0.202146,0.088584,0.975341,0,0.47659,-0.85772,2.023,-0.075,586.758,368.193,673.178,324.218,79.511,330.331,316.299,790.922,319.112,-1,-1,-1,-1,498.157,401.834,549.908,340.356,0,0,0,0,1,0,0,0,1,2,2,2,2,0,0,0,0
393,1677.203,-1393.764,-53.006,95.649,-0.098420,-0.995085,-0.010960,0.995041,-0.098563,0.013364,-0.014378,-0.009591,0.999851,1,0.62334,-0.76499,0.000,0.000,-1,604.905,-1,563.003,-1,487.008,474.728,760.398,460.775,-1,-1,-1,-1,-1,-1,-1,-1,2,0,2,0,2,0,0,0,0,2,2,2,2,2,2,2,2
394,1677.246,-1393.103,-48.528,95.655,-0.098541,-0.995112,-0.006537,0.995073,-0.098605,0.010368,-0.010962,-0.005483,0.999925,0,0.46051,-0.62184,0.662,0.007,-1,627.093,-1,579.578,-1,503.304,489.774,805.725,465.074,-1,-1,-1,-1,-1,-1,-1,-1,2,0,2,0,2,0,0,0,0,2,2,2,2,2,2,2,2
395,1677.352,-1391.787,-45.294,95.650,-0.098452,-0.995139,-0.002312,0.995126,-0.098463,0.005481,-0.005682,-0.001761,0.999982,0,0.46047,-0.62198,1.320,-0.005,-1,651.216,-1,597.467,-1,519.665,505.150,844.600,467.170,-1,-1,-1,-1,-1,-1,-1,-1,2,0,2,0,2,0,0,0,0,2,2,2,2,2,2,2,2
396,1677.483,-1389.886,-43.305,95.640,-0.098284,-0.995157,0.001426,0.995158,-0.098285,-0.001037,0.001172,0.001318,0.999998,0,0.46045,-0.62205,1.905,-0.010,-1,675.696,-1,617.094,-1,536.255,520.928,875.224,467.497,-1,-1,-1,-1,-1,-1,-1,-1,2,0,2,0,2,0,0,0,0,2,2,2,2,2,2,2,2
397,1677.575,-1387.451,-42.450,95.631,-0.098118,-0.995166,0.004117,0.995135,-0.098150,-0.008520,0.008883,0.003261,0.999955,0,0.46042,-0.62214,2.437,-0.009,-1,698.582,-1,637.129,-1,552.114,536.312,893.019,467.036,-1,-1,-1,-1,-1,-1,-1,-1,2,0,2,0,2,0,0,0,0,2,2,2,2,2,2,2,2
398,1677.516,-1384.581,-42.497,95.627,-0.098039,-0.995166,0.005729,0.995057,-0.098117,-0.015336,0.015824,0.004197,0.999866,0,0.46037,-0.62230,2.871,-0.004,-1,716.946,-1,654.097,-1,564.795,548.814,900.073,466.010,-1,-1,-1,-1,-1,-1,-1,-1,2,0,2,0,2,0,0,0,0,2,2,2,2,2,2,2,2
399,1677.305,-1381.373,-43.176,95.622,-0.097944,-0.995173,0.006183,0.994989,-0.098047,-0.019600,0.020111,0.004232,0.999789,0,0.46028,-0.62257,3.215,-0.005,-1,726.541,-1,663.405,-1,571.016,555.209,897.800,464.694,-1,-1,-1,-1,-1,-1,-1,-1,2,0,2,0,2,0,0,0,0,2,2,2,2,2,2,2,2
400,1676.966,-1377.899,-44.332,95.619,-0.097899,-0.995182,0.005409,0.994984,-0.097989,-0.020139,0.020572,0.003410,0.999783,0,0.46019,-0.62288,3.491,-0.002,-1,723.251,-1,661.884,-1,568.780,553.312,886.683,463.256,-1,-1,-1,-1,-1,-1,-1,-1,2,0,2,0,2,0,0,0,0,2,2,2,2,2,2,2,2
401,1676.495,-1374.133,-45.907,95.629,-0.098069,-0.995173,0.003684,0.995036,-0.098117,-0.016646,0.016928,0.002033,0.999855,0,0.46007,-0.62325,3.795,0.009,-1,706.968,-1,648.716,-1,557.866,542.711,868.416,461.334,-1,-1,-1,-1,-1,-1,-1,-1,2,0,2,0,2,0,0,0,0,2,2,2,2,2,2,2,2
402,1675.905,-1370.065,-47.920,95.651,-0.098461,-0.995140,0.001534,0.995098,-0.098471,-0.009178,0.009284,0.000623,0.999957,0,0.45990,-0.62379,4.110,0.022,-1,680.000,-1,624.394,-1,538.736,523.949,847.423,458.107,-1,-1,-1,-1,-1,-1,-1,-1,2,0,2,0,2,0,0,0,0,2,2,2,2,2,2,2,2
403,1675.289,-1365.641,-50.448,95.665,-0.098714,-0.995115,-0.000826,0.995114,-0.098715,0.001699,-0.001773,-0.000654,0.999998,0,0.45967,-0.62450,4.466,0.014,-1,644.583,-1,591.245,-1,513.154,498.646,823.409,453.175,-1,-1,-1,-1,-1,-1,-1,-1,2,0,2,0,2,0,0,0,0,2,2,2,2,2,2,2,2
404,1674.678,-1360.645,-53.181,95.664,-0.098686,-0.995116,-0.002318,0.995036,-0.098707,0.012677,-0.012844,-0.001056,0.999917,0,0.45946,-0.62517,5.034,-0.001,-1,610.342,-1,558.706,-1,488.292,473.801,803.439,446.436,-1,-1,-1,-1,-1,-1,-1,-1,2,0,2,0,2,0,0,0,0,2,2,2,2,2,2,2,2
405,1674.077,-1354.742,-55.375,95.645,-0.098353,-0.995148,-0.002786,0.994969,-0.098389,0.018861,-0.019044,-0.000917,0.999818,0,0.53092,-0.91198,5.934,-0.019,-1,590.273,-1,539.463,-1,473.208,458.665,790.216,440.523,-1,-1,-1,-1,-1,993.631,-1,-1,2,0,2,0,2,0,0,0,0,2,2,2,2,2,0,2,2
406,1673.513,-1347.868,-56.706,95.603,-0.097616,-0.995221,-0.002389,0.995026,-0.097645,0.019707,-0.019846,-0.000454,0.999803,0,0.53073,-0.91248,6.897,-0.042,-1,584.521,-1,533.702,-1,468.591,454.003,784.221,436.557,-1,-1,-1,-1,-1,980.204,-1,-1,2,0,2,0,2,0,0,0,0,2,2,2,2,2,0,2,2
407,1673.045,-1340.170,-57.073,95.529,-0.096338,-0.995347,-0.001628,0.995206,-0.096351,0.016794,-0.016873,-0.000003,0.999858,0,0.53060,-0.91284,7.712,-0.074,-1,589.457,-1,538.195,-1,471.824,457.296,783.809,435.076,-1,-1,-1,-1,-1,997.394,-1,-1,2,0,2,0,2,0,0,0,0,2,2,2,2,2,0,2,2
408,1672.751,-1331.817,-56.612,95.404,-0.094175,-0.995555,-0.001164,0.995479,-0.094182,0.012289,-0.012344,-0.000001,0.999924,0,0.53055,-0.91298,8.358,-0.125,-1,599.259,-1,548.909,-1,479.138,464.906,785.346,436.198,-1,-1,-1,-1,-1,-1,-1,-1,2,0,2,0,2,0,0,0,0,2,2,2,2,2,2,2,2
409,1672.600,-1322.955,-55.655,95.233,-0.091211,-0.995831,-0.001435,0.995797,-0.091219,0.008265,-0.008361,-0.000675,0.999965,0,0.53067,-0.91265,8.864,-0.171,-1,608.471,-1,560.452,-1,486.511,472.856,785.417,439.330,-1,-1,-1,-1,-1,-1,-1,-1,2,0,2,0,2,0,0,0,0,2,2,2,2,2,2,2,2
410,1672.468,-1313.722,-54.474,95.051,-0.088034,-0.996114,-0.002557,0.996097,-0.088049,0.006234,-0.006434,-0.001998,0.999977,0,0.53094,-0.91192,9.234,-0.183,-1,613.155,-1,568.574,-1,490.906,478.055,782.026,443.736,-1,-1,-1,-1,-1,-1,-1,-1,2,0,2,0,2,0,0,0,0,2,2,2,2,2,2,2,2
411,1672.309,-1304.107,-53.372,94.869,-0.084868,-0.996386,-0.003628,0.996370,-0.084889,0.006325,-0.006610,-0.003078,0.999973,0,0.53124,-0.91110,9.616,-0.182,-1,612.978,-1,571.552,-1,491.678,479.534,779.075,447.420,-1,-1,-1,-1,-1,-1,-1,-1,2,0,2,0,2,0,0,0,0,2,2,2,2,2,2,2,2
412,1672.178,-1294.071,-52.588,94.683,-0.081638,-0.996653,-0.004251,0.996629,-0.081669,0.007835,-0.008156,-0.003597,0.999960,0,0.53152,-0.91034,10.037,-0.186,-1,609.196,-1,570.108,-1,489.500,477.910,777.000,449.294,-1,-1,-1,-1,-1,-1,-1,-1,2,0,2,0,2,0,0,0,0,2,2,2,2,2,2,2,2
413,1672.089,-1283.606,-52.228,94.498,-0.078423,-0.996912,-0.004106,0.996866,-0.078461,0.010151,-0.010442,-0.003297,0.999940,0,0.53179,-0.90959,10.465,-0.185,-1,603.207,-1,565.258,-1,485.306,473.991,775.889,448.883,-1,-1,-1,-1,-1,-1,-1,-1,2,0,2,0,2,0,0,0,0,2,2,2,2,2,2,2,2
414,1672.084,-1270.476,-52.302,94.276,-0.074552,-0.997213,-0.002941,0.997127,-0.074585,0.013208,-0.013391,-0.001948,0.999908,0,0.53204,-0.90889,13.130,-0.222,-1,594.938,997.568,556.940,-1,479.032,467.704,774.037,445.700,-1,-1,-1,-1,-1,-1,-1,-1,2,0,1,0,2,0,0,0,0,2,2,2,2,2,2,2,2
415,1672.131,-1261.307,-52.616,94.125,-0.071930,-0.997407,-0.002122,0.997302,-0.071953,0.014558,-0.014673,-0.001070,0.999892,0,0.53233,-0.90811,9.170,-0.151,-1,590.198,984.723,552.142,-1,475.306,464.134,771.105,443.039,-1,-1,-1,-1,-1,-1,-1,-1,2,0,1,0,2,0,0,0,0,2,2,2,2,2,2,2,2
416,1672.176,-1249.375,-53.192,93.943,-0.068758,-0.997633,-0.001296,0.997517,-0.068769,0.015213,-0.015267,-0.000247,0.999883,0,0.53251,-0.90761,11.932,-0.182,-1,585.777,968.682,548.003,-1,471.739,460.978,764.946,439.773,-1,-1,-1,-1,-1,-1,-1,-1,2,0,1,0,2,0,0,0,0,2,2,2,2,2,2,2,2
417,1672.167,-1236.928,-53.894,93.764,-0.065637,-0.997843,-0.000685,0.997729,-0.065640,0.015124,-0.015136,0.000309,0.999885,0,0.53270,-0.90710,12.447,-0.179,-1,582.352,952.504,545.216,-1,468.937,458.745,756.588,436.659,-1,-1,-1,-1,-1,-1,-1,-1,2,0,1,0,2,0,0,0,0,2,2,2,2,2,2,2,2
418,1672.124,-1224.007,-54.612,93.585,-0.062521,-0.998044,-0.000434,0.997936,-0.062520,0.014679,-0.014678,0.000485,0.999892,0,0.53285,-0.90669,12.921,-0.179,-1,579.272,936.079,543.305,-1,466.496,456.873,746.016,434.074,-1,-1,-1,-1,-1,-1,-1,-1,2,0,1,0,2,0,0,0,0,2,2,2,2,2,2,2,2
419,1672.079,-1210.712,-55.227,93.409,-0.059456,-0.998231,-0.000652,0.998126,-0.059459,0.014446,-0.014459,0.000208,0.999895,0,0.53297,-0.90634,13.295,-0.176,-1,575.374,919.391,541.780,-1,463.784,454.748,733.511,432.285,-1,-1,-1,-1,-1,-1,-1,-1,2,0,1,0,2,0,0,0,0,2,2,2,2,2,2,2,2
420,1672.081,-1197.044,-55.675,93.216,-0.056091,-0.998425,-0.001353,0.998319,-0.056104,0.014574,-0.014627,-0.000533,0.999893,0,0.53307,-0.90607,13.668,-0.193,-1,570.590,902.056,540.293,-1,460.713,452.411,720.357,431.485,-1,-1,-1,-1,-1,-1,-1,-1,2,0,1,0,2,0,0,0,0,2,2,2,2,2,2,2,2
421,1672.116,-1183.016,-55.921,93.016,-0.052605,-0.998613,-0.002200,0.998500,-0.052633,0.015109,-0.015204,-0.001402,0.999883,0,0.53322,-0.90568,14.028,-0.200,-1,565.319,884.243,538.534,-1,457.442,449.855,708.608,431.264,-1,-1,-1,-1,-1,-1,-1,-1,2,0,1,0,2,0,0,0,0,2,2,2,2,2,2,2,2
422,1672.248,-1168.729,-55.921,92.806,-0.048940,-0.998797,-0.002939,0.998666,-0.048981,0.016317,-0.016441,-0.002137,0.999863,0,0.53337,-0.90526,14.287,-0.210,-1,559.353,865.887,535.911,-1,453.675,446.763,698.081,431.322,-1,-1,-1,-1,-1,-1,-1,-1,2,0,1,0,2,0,0,0,0,2,2,2,2,2,2,2,2
423,1672.475,-1154.140,-55.645,92.588,-0.045139,-0.998975,-0.003247,0.998821,-0.045189,0.017734,-0.017863,-0.002443,0.999837,0,0.53355,-0.90476,14.591,-0.218,-1,553.944,847.108,533.349,-1,450.239,443.888,689.456,431.354,-1,-1,-1,-1,-1,-1,-1,-1,2,0,1,0,2,0,0,0,0,2,2,2,2,2,2,2,2
424,1672.760,-1139.109,-55.203,92.358,-0.041130,-0.999146,-0.004046,0.998985,-0.041197,0.018228,-0.018379,-0.003292,0.999826,0,0.53375,-0.90422,15.033,-0.230,-1,550.358,-1,533.541,-1,448.364,442.798,679.327,432.614,-1,-1,-1,-1,-1,-1,-1,-1,2,0,2,0,2,0,0,0,0,2,2,2,2,2,2,2,2
425,1673.059,-1123.640,-54.672,92.121,-0.037008,-0.999301,-0.005273,0.999153,-0.037097,0.017780,-0.017963,-0.004611,0.999828,0,0.53397,-0.90362,15.472,-0.236,-1,548.728,-1,536.285,-1,448.119,443.609,667.798,434.828,-1,-1,-1,-1,-1,-1,-1,-1,2,0,2,0,2,0,0,0,0,2,2,2,2,2,2,2,2
426,1673.402,-1107.773,-54.171,91.877,-0.032741,-0.999443,-0.006446,0.999316,-0.032846,0.016972,-0.017174,-0.005885,0.999835,0,0.53419,-0.90301,15.871,-0.245,-1,547.751,-1,539.728,-1,448.544,445.201,656.234,436.923,-1,-1,-1,-1,-1,-1,-1,-1,2,0,2,0,2,0,0,0,0,2,2,2,2,2,2,2,2
427,1673.839,-1091.651,-53.784,91.630,-0.028438,-0.999569,-0.007278,0.999454,-0.028555,0.016602,-0.016803,-0.006802,0.999836,0,0.53443,-0.90236,16.128,-0.247,-1,545.798,-1,541.717,-1,447.804,445.811,647.412,438.163,-1,-1,-1,-1,-1,-1,-1,-1,2,0,2,0,2,0,0,0,0,2,2,2,2,2,2,2,2
428,1674.434,-1075.295,-53.540,91.369,-0.023884,-0.999682,-0.008055,0.999572,-0.024016,0.016710,-0.016898,-0.007652,0.999828,0,0.53466,-0.90173,16.366,-0.261,-1,542.314,-1,542.526,-1,446.060,445.339,638.493,438.896,-1,-1,-1,-1,-1,-1,-1,-1,2,0,2,0,2,0,0,0,0,2,2,2,2,2,2,2,2
429,1675.190,-1058.738,-53.420,91.093,-0.019067,-0.999781,-0.008663,0.999664,-0.019216,0.017420,-0.017582,-0.008328,0.999811,0,0.53494,-0.90097,16.574,-0.276,-1,537.277,-1,541.553,-1,443.194,443.440,629.464,438.940,-1,-1,-1,-1,-1,-1,-1,-1,2,0,2,0,2,0,0,0,0,2,2,2,2,2,2,2,2
430,1676.135,-1042.028,-53.377,90.805,-0.014038,-0.999858,-0.009339,0.999722,-0.014212,0.018795,-0.018925,-0.009073,0.999780,0,0.53526,-0.90008,16.736,-0.288,-1,530.652,-1,538.955,-1,439.183,440.197,619.690,438.800,-1,-1,-1,-1,-1,-1,-1,-1,2,0,2,0,2,0,0,0,0,2,2,2,2,2,2,2,2
431,1677.232,-1025.110,-53.499,90.495,-0.008631,-0.999902,-0.010990,0.999763,-0.008848,0.019895,-0.019990,-0.010816,0.999742,0,0.40622,-0.75556,16.954,-0.310,-1,523.496,-1,537.212,-1,435.081,437.184,607.137,439.769,-1,-1,-1,-1,-1,-1,-1,-1,2,0,2,0,2,0,0,0,0,2,2,2,2,2,2,2,2
432,1678.410,-1008.060,-53.747,90.166,-0.002904,-0.999899,-0.013936,0.999786,-0.003188,0.020447,-0.020489,-0.013874,0.999694,0,0.40655,-0.75437,17.091,-0.328,-1,516.320,-1,537.282,-1,431.344,434.971,591.947,442.572,-1,-1,-1,-1,-1,-1,-1,-1,2,0,2,0,2,0,0,0,0,2,2,2,2,2,2,2,2
433,1679.647,-990.859,-54.139,89.829,0.002982,-0.999841,-0.017562,0.999779,0.002615,0.020851,-0.020802,-0.017621,0.999628,0,0.40692,-0.75301,17.246,-0.337,-1,509.276,-1,537.840,-1,427.786,433.344,576.569,446.148,-1,-1,-1,-1,-1,-1,-1,-1,2,0,2,0,2,0,0,0,0,2,2,2,2,2,2,2,2
434,1680.956,-973.539,-54.655,89.486,0.008975,-0.999727,-0.021571,0.999732,0.008511,0.021531,-0.021342,-0.021758,0.999535,0,0.40732,-0.75159,17.370,-0.343,-1,501.809,-1,537.822,-1,423.779,431.237,560.083,450.070,-1,-1,-1,-1,-1,-1,-1,-1,2,0,2,0,2,0,0,0,0,2,2,2,2,2,2,2,2
435,1682.457,-956.181,-55.250,89.111,0.015514,-0.999541,-0.026019,0.999621,0.014913,0.023124,-0.022725,-0.026368,0.999394,0,0.40772,-0.75013,17.423,-0.375,-1,492.440,-1,536.637,-1,418.299,427.749,542.404,454.540,-1,-1,-1,-1,-1,-1,-1,-1,2,0,2,0,2,0,0,0,0,2,2,2,2,2,2,2,2
436,1684.325,-938.926,-55.808,88.684,0.022952,-0.999271,-0.030512,0.999406,0.022148,0.026407,-0.025712,-0.031100,0.999186,0,0.40821,-0.74835,17.355,-0.426,-1,480.411,-1,532.160,-1,410.588,421.956,524.740,459.215,-1,-1,-1,-1,917.759,-1,-1,-1,2,0,2,0,2,0,0,0,0,2,2,2,2,1,2,2,2
437,1686.630,-921.615,-56.199,88.189,0.031594,-0.998895,-0.034793,0.999104,0.030581,0.029259,-0.028163,-0.035687,0.998966,0,0.40886,-0.74602,17.464,-0.496,-1,469.933,-1,529.332,-1,404.082,417.370,508.315,464.174,-1,-1,-1,-1,809.041,-1,-1,-1,2,0,2,0,2,0,0,0,0,2,2,2,2,1,2,2,2
438,1689.600,-904.349,-56.282,87.588,0.042069,-0.998366,-0.038666,0.998699,0.040904,0.030436,-0.028805,-0.039897,0.998789,0,0.40970,-0.74298,17.520,-0.601,-1,464.207,-1,531.320,-1,400.873,416.456,497.484,469.513,-1,-1,-1,-1,769.721,-1,-1,-1,2,0,2,0,2,0,0,0,0,2,2,2,2,1,2,2,2
439,1693.551,-887.421,-55.906,86.835,0.055199,-0.997571,-0.042480,0.998099,0.053960,0.029791,-0.027426,-0.044043,0.998653,0,0.41085,-0.73884,17.382,-0.753,-1,463.482,-1,539.337,-1,401.505,419.667,488.289,476.147,-1,-1,-1,-1,728.151,-1,-1,-1,2,0,2,0,2,0,0,0,0,2,2,2,2,1,2,2,2
440,1698.387,-870.920,-55.220,85.974,0.070191,-0.996525,-0.044849,0.997222,0.068975,0.028114,-0.024923,-0.046698,0.998598,0,0.41245,-0.73305,17.195,-0.861,-1,466.332,-1,549.948,-1,404.801,425.348,482.828,481.135,-1,-1,-1,-1,685.963,-1,-1,-1,2,0,2,0,2,0,0,0,0,2,2,2,2,1,2,2,2
441,1703.873,-854.833,-54.423,85.075,0.085831,-0.995317,-0.044471,0.996069,0.084744,0.025784,-0.021895,-0.046510,0.998678,0,0.41438,-0.72607,16.997,-0.899,-1,472.020,-1,558.985,-1,411.194,432.668,482.901,481.431,-1,-1,-1,-1,644.887,-1,-1,-1,2,0,2,0,2,0,0,0,0,2,2,2,2,1,2,2,2
442,1709.900,-839.113,-53.696,84.148,0.101949,-0.993927,-0.041422,0.994616,0.101065,0.022912,-0.018587,-0.043534,0.998879,0,0.41645,-0.71861,16.836,-0.927,-1,480.093,-1,566.537,-1,418.668,439.913,489.496,476.647,-1,-1,-1,-1,605.068,-1,-1,-1,2,0,2,0,2,0,0,0,0,2,2,2,2,1,2,2,2
443,1716.418,-823.570,-53.258,83.214,0.118149,-0.992297,-0.037246,0.992896,0.117523,0.018589,-0.014069,-0.039178,0.999133,0,0.41862,-0.71078,16.854,-0.934,-1,494.130,-1,575.481,-1,427.704,448.409,499.005,468.875,-1,-1,-1,-1,566.690,-1,704.177,-1,2,0,2,0,2,0,0,0,0,2,2,2,2,1,2,1,2
444,1723.459,-808.271,-53.192,82.266,0.134571,-0.990347,-0.033213,0.990868,0.134207,0.012966,-0.008384,-0.034655,0.999364,0,0.42082,-0.70283,16.841,-0.948,-1,512.750,-1,586.206,-1,438.063,458.217,508.198,460.208,-1,-1,-1,-1,529.611,-1,666.004,-1,2,0,2,0,2,0,0,0,0,2,2,2,2,1,2,1,2
445,1732.261,-789.993,-53.727,81.178,0.153374,-0.987740,-0.029092,0.988168,0.153312,0.004353,0.000161,-0.029415,0.999567,0,0.42308,-0.69467,20.287,-1.088,-1,538.158,-1,602.249,-1,452.936,471.931,517.611,448.927,-1,-1,-1,-1,490.324,-1,622.701,-1,2,0,2,0,2,0,0,0,0,2,2,2,2,1,2,1,2
446,1738.405,-777.942,-54.437,80.459,0.165745,-0.985791,-0.027278,0.986148,0.165855,-0.001814,0.006313,-0.026599,0.999626,0,0.42566,-0.68534,13.527,-0.718,-1,522.421,-1,611.822,-1,465.311,482.888,522.033,441.764,-1,-1,-1,-1,505.633,-1,594.831,-1,2,1,2,0,2,0,0,0,0,2,2,2,2,1,2,1,2
447,1746.387,-763.295,-55.503,79.548,0.181393,-0.983070,-0.025873,0.983326,0.181660,-0.008371,0.012929,-0.023923,0.999630,0,0.42737,-0.67916,16.681,-0.911,-1,582.430,-1,621.218,-1,478.585,494.557,525.447,433.698,-1,-1,-1,-1,856.516,-1,560.812,-1,2,0,2,0,2,0,0,0,0,2,2,2,2,1,2,1,2
448,1754.272,-748.994,-56.349,78.615,0.197369,-0.980018,-0.024691,0.980186,0.197708,-0.012123,0.016762,-0.021809,0.999622,0,0.42957,-0.67124,16.331,-0.933,-1,600.006,-1,624.268,-1,487.049,501.435,528.101,426.922,-1,-1,-1,-1,-1,-1,527.559,-1,2,0,2,0,2,0,0,0,0,2,2,2,2,2,2,1,2
449,1761.835,-734.523,-56.791,77.752,0.212107,-0.976949,-0.024091,0.977059,0.212485,-0.014368,0.019156,-0.020491,0.999606,0,0.43183,-0.66306,16.327,-0.863,-1,613.756,-1,625.816,-1,493.532,506.629,531.556,422.302,-1,-1,-1,-1,-1,-1,496.060,-1,2,0,2,0,2,0,0,0,0,2,2,2,2,2,2,1,2
450,1769.390,-720.084,-56.670,76.922,0.226228,-0.973737,-0.025644,0.973857,0.226655,-0.015189,0.020603,-0.021537,0.999556,0,0.41630,-0.28885,16.296,-0.830,593.639,624.519,-1,628.700,-1,499.126,511.134,530.745,422.638,-1,-1,-1,-1,-1,-1,465.705,-1,1,0,2,0,2,0,0,0,0,2,2,2,2,2,2,1,2
451,1776.784,-705.519,-56.139,76.140,0.239487,-0.970495,-0.028035,0.970653,0.239977,-0.015595,0.021862,-0.023477,0.999485,0,0.41818,-0.28177,16.335,-0.782,552.698,635.286,-1,632.692,-1,506.647,515.399,527.618,425.380,-1,-1,-1,-1,-1,-1,436.624,-1,1,0,2,0,2,0,0,0,0,2,2,2,2,2,2,1,2
452,1783.995,-690.672,-55.473,75.428,0.251527,-0.967374,-0.030353,0.967567,0.252088,-0.016277,0.023397,-0.025274,0.999407,0,0.41992,-0.27522,16.505,-0.712,514.352,648.090,-1,637.892,-1,514.680,520.895,525.319,428.277,-1,-1,-1,-1,-1,-1,408.857,-1,1,0,2,0,2,0,0,0,0,2,2,2,2,2,2,1,2
453,1791.129,-675.577,-54.827,74.759,0.262789,-0.964311,-0.032345,0.964525,0.263426,-0.017282,0.025185,-0.026656,0.999327,0,0.42146,-0.26942,16.696,-0.669,477.776,662.354,-1,643.642,-1,523.025,527.299,522.876,430.494,-1,-1,-1,-1,-1,-1,381.938,-1,1,0,2,0,2,0,0,0,0,2,2,2,2,2,2,1,2
454,1798.133,-660.252,-54.206,74.160,0.272860,-0.961472,-0.033446,0.961686,0.273552,-0.018157,0.026607,-0.027211,0.999276,0,0.42287,-0.26412,16.850,-0.600,443.168,675.436,-1,647.982,-1,530.713,532.825,522.099,431.264,-1,-1,-1,-1,-1,-1,-1,-1,1,0,2,0,2,0,0,0,0,2,2,2,2,2,2,2,2
455,1805.062,-644.674,-53.667,73.636,0.281634,-0.958921,-0.033963,0.959107,0.282376,-0.019421,0.028214,-0.027104,0.999234,0,0.42408,-0.25956,17.049,-0.524,410.399,689.346,-1,652.395,-1,538.840,538.583,522.348,430.722,-1,-1,-1,-1,-1,-1,-1,-1,1,0,2,0,2,0,0,0,0,2,2,2,2,2,2,2,2
456,1811.994,-628.884,-53.241,73.160,0.289565,-0.956544,-0.034275,0.956686,0.290362,-0.021035,0.030073,-0.026699,0.999191,0,0.42508,-0.25580,17.244,-0.475,378.827,703.659,-1,657.149,-1,547.388,544.674,520.749,429.384,-1,-1,-1,-1,-1,-1,-1,-1,1,0,2,0,2,0,0,0,0,2,2,2,2,2,2,2,2
457,1818.956,-613.000,-52.827,72.722,0.296853,-0.954294,-0.034654,0.954402,0.297695,-0.022254,0.031553,-0.026467,0.999152,0,0.42593,-0.25257,17.343,-0.438,348.184,716.447,-1,661.034,-1,554.993,549.230,518.706,428.205,-1,-1,-1,-1,-1,-1,-1,-1,1,0,2,0,2,0,0,0,0,2,2,2,2,2,2,2,2
458,1825.960,-597.011,-52.456,72.305,0.303784,-0.952085,-0.035358,0.952192,0.304660,-0.022662,0.032349,-0.026783,0.999118,0,0.42669,-0.24975,17.456,-0.417,318.035,725.126,-1,662.014,-1,560.737,551.647,515.612,427.694,-1,-1,-1,-1,-1,-1,-1,-1,1,0,2,0,2,0,0,0,0,2,2,2,2,2,2,2,2
459,1832.976,-580.856,-52.182,71.913,0.310287,-0.949949,-0.036326,0.950081,0.311191,-0.022496,0.032675,-0.027532,0.999087,0,0.42738,-0.24715,17.613,-0.392,288.369,730.807,-1,661.705,-1,563.741,552.872,511.604,428.075,-1,-1,-1,-1,-1,-1,-1,-1,1,0,2,0,2,0,0,0,0,2,2,2,2,2,2,2,2
460,1839.931,-564.480,-52.003,71.567,0.316020,-0.948008,-0.037584,0.948186,0.316952,-0.022007,0.032776,-0.028682,0.999051,0,0.42799,-0.24484,17.791,-0.346,297.928,734.823,-1,661.007,-1,565.435,553.555,506.227,429.024,-1,-1,-1,-1,-1,-1,-1,-1,1,0,2,0,2,0,0,0,0,2,2,2,2,2,2,2,2
461,1846.877,-547.939,-51.885,71.249,0.321279,-0.946191,-0.038765,0.946427,0.322225,-0.021151,0.032504,-0.029893,0.999024,0,0.42847,-0.24304,17.940,-0.318,452.870,737.134,-1,659.291,-1,566.136,553.359,499.620,429.879,-1,-1,-1,-1,-1,-1,-1,-1,1,0,2,0,2,0,0,0,0,2,2,2,2,2,2,2,2
462,1853.748,-531.680,-51.767,70.951,0.326221,-0.944473,-0.039380,0.944791,0.327123,-0.019003,0.030829,-0.031007,0.999044,0,-0.22038,-0.23433,17.651,-0.298,623.776,734.123,-1,653.915,-1,563.527,550.078,491.621,430.450,-1,-1,-1,-1,-1,-1,-1,-1,1,0,2,0,2,0,0,0,0,2,2,2,2,2,2,2,2
463,1860.312,-516.185,-51.635,70.694,0.330493,-0.943014,-0.038726,0.943400,0.331279,-0.015838,0.027765,-0.031300,0.999124,0,-0.22056,-0.23303,16.829,-0.257,-1,726.788,-1,644.587,-1,557.787,543.769,485.365,429.677,-1,-1,-1,-1,-1,-1,-1,-1,2,0,2,0,2,0,0,0,0,2,2,2,2,2,2,2,2
464,1866.549,-501.366,-51.346,70.485,0.333941,-0.941858,-0.037231,0.942259,0.334615,-0.013464,0.025140,-0.030585,0.999216,0,-0.22069,-0.23207,16.078,-0.208,-1,722.588,-1,636.501,-1,553.735,538.839,482.795,427.830,-1,-1,-1,-1,-1,-1,-1,-1,2,0,2,0,2,0,0,0,0,2,2,2,2,2,2,2,2
465,1872.590,-487.156,-51.003,70.296,0.337070,-0.940785,-0.036163,0.941194,0.337664,-0.011651,0.023172,-0.030110,0.999278,0,-0.22076,-0.23154,15.442,-0.189,-1,719.997,-1,630.800,-1,551.277,535.568,480.095,426.605,-1,-1,-1,-1,-1,-1,-1,-1,2,0,2,0,2,0,0,0,0,2,2,2,2,2,2,2,2
466,1878.454,-473.550,-50.675,70.108,0.340169,-0.939680,-0.035879,0.940110,0.340717,-0.010287,0.021891,-0.030231,0.999303,0,-0.22081,-0.23115,14.816,-0.188,-1,718.873,-1,627.299,-1,550.153,533.818,476.027,426.415,-1,-1,-1,-1,-1,-1,-1,-1,2,0,2,0,2,0,0,0,0,2,2,2,2,2,2,2,2
467,1884.102,-460.517,-50.371,69.926,0.343155,-0.938584,-0.036117,0.939036,0.343686,-0.009500,0.021329,-0.030656,0.999302,0,-0.22087,-0.23071,14.204,-0.182,-1,719.760,-1,625.806,-1,550.459,533.566,471.370,426.766,-1,-1,-1,-1,-1,-1,-1,-1,2,0,2,0,2,0,0,0,0,2,2,2,2,2,2,2,2
468,1889.489,-448.047,-50.051,69.761,0.345861,-0.937573,-0.036572,0.938044,0.346394,-0.009207,0.021301,-0.031122,0.999289,0,-0.22093,-0.23028,13.584,-0.165,-1,722.682,-1,625.831,-1,551.970,534.529,466.996,427.528,-1,-1,-1,-1,-1,-1,-1,-1,2,0,2,0,2,0,0,0,0,2,2,2,2,2,2,2,2
469,1894.620,-436.162,-49.700,69.613,0.348277,-0.936664,-0.036919,0.937147,0.348816,-0.009118,0.021419,-0.031423,0.999277,0,-0.22097,-0.22996,12.945,-0.148,-1,726.363,-1,625.575,-1,553.900,534.330,463.086,428.654,-1,-1,-1,-1,-1,-1,-1,-1,2,0,2,0,2,0,0,0,0,2,2,2,2,2,2,2,2
470,1899.520,-424.924,-49.301,69.473,0.350566,-0.935816,-0.036761,0.936296,0.351097,-0.008965,0.021296,-0.031276,0.999284,0,-0.22100,-0.22977,12.259,-0.140,-1,729.734,-1,623.080,-1,555.467,532.937,460.519,429.171,-1,-1,-1,-1,-1,-1,-1,-1,2,0,2,0,2,0,0,0,0,2,2,2,2,2,2,2,2
471,1904.204,-414.359,-48.833,69.336,0.352804,-0.934999,-0.036152,0.935465,0.353314,-0.008650,0.020860,-0.030767,0.999309,0,-0.22103,-0.22959,11.557,-0.137,-1,732.482,-1,620.031,-1,556.530,531.128,459.272,429.249,-1,-1,-1,-1,-1,-1,-1,-1,2,0,2,0,2,0,0,0,0,2,2,2,2,2,2,2,2
472,1908.665,-404.365,-48.364,69.209,0.354881,-0.934243,-0.035356,0.934693,0.355361,-0.008167,0.020194,-0.030149,0.999341,0,-0.22106,-0.22936,10.944,-0.127,-1,734.395,-1,616.609,-1,556.506,528.996,458.484,429.138,-1,-1,-1,-1,-1,-1,-1,-1,2,0,2,0,2,0,0,0,0,2,2,2,2,2,2,2,2
473,1912.906,-394.930,-47.932,69.095,0.356745,-0.933566,-0.034444,0.933995,0.357200,-0.007887,0.019667,-0.029357,0.999376,0,-0.22108,-0.22918,10.345,-0.114,-1,736.791,-1,-1,-1,555.466,527.153,458.238,428.680,-1,-1,-1,-1,-1,-1,-1,-1,2,0,2,2,2,0,0,0,0,2,2,2,2,2,2,2,2
474,1916.941,-386.021,-47.542,68.990,0.358471,-0.932925,-0.033897,0.933341,0.358909,-0.007669,0.019321,-0.028888,0.999396,0,-0.22110,-0.22906,9.780,-0.106,-1,739.338,-1,-1,-1,553.361,525.691,457.251,428.611,-1,-1,-1,-1,-1,-1,-1,-1,2,0,2,2,2,0,0,0,0,2,2,2,2,2,2,2,2
475,1920.775,-377.624,-47.277,68.883,0.360205,-0.932262,-0.033747,0.932687,0.360621,-0.006951,0.018650,-0.028972,0.999406,0,-0.22111,-0.22898,9.231,-0.106,-1,739.487,-1,-1,-1,550.542,523.470,454.554,429.089,-1,-1,-1,-1,-1,-1,-1,-1,2,0,2,2,2,0,0,0,0,2,2,2,2,2,2,2,2
476,1924.388,-369.720,-47.151,68.780,0.361899,-0.931606,-0.033761,0.932051,0.362281,-0.005769,0.017606,-0.029379,0.999413,0,-0.22113,-0.22884,8.691,-0.104,-1,737.199,-1,-1,-1,546.944,520.374,451.155,429.710,-1,-1,-1,-1,-1,-1,-1,-1,2,0,2,2,2,0,0,0,0,2,2,2,2,2,2,2,2
477,1927.781,-362.295,-47.142,68.678,0.363554,-0.930960,-0.033774,0.931433,0.363890,-0.004172,0.016174,-0.029942,0.999421,0,-0.22115,-0.22867,8.163,-0.101,-1,732.763,-1,-1,-1,542.628,516.426,448.038,430.266,-1,-1,-1,-1,-1,-1,-1,-1,2,0,2,2,2,0,0,0,0,2,2,2,2,2,2,2,2
478,1930.964,-355.317,-47.233,68.583,0.365110,-0.930346,-0.033933,0.930849,0.365396,-0.002415,0.014646,-0.030705,0.999421,0,-0.22118,-0.22847,7.670,-0.095,-1,727.317,-1,-1,-1,538.078,512.224,444.311,430.899,-1,-1,-1,-1,-1,-1,-1,-1,2,0,2,2,2,0,0,0,0,2,2,2,2,2,2,2,2
479,1933.947,-348.748,-47.387,68.494,0.366562,-0.929766,-0.034182,0.930297,0.366805,-0.000925,0.013398,-0.031460,0.999415,0,-0.22120,-0.22829,7.215,-0.089,-1,722.652,-1,-1,-1,533.979,508.499,440.563,431.406,-1,-1,-1,-1,-1,-1,-1,-1,2,0,2,2,2,0,0,0,0,2,2,2,2,2,2,2,2
480,1936.753,-342.573,-47.576,68.408,0.367959,-0.929206,-0.034373,0.929756,0.368178,-0.000025,0.012678,-0.031949,0.999409,0,-0.22122,-0.22814,6.782,-0.086,-1,720.026,-1,-1,-1,530.785,505.672,437.405,431.462,-1,-1,-1,-1,-1,-1,-1,-1,2,0,2,2,2,0,0,0,0,2,2,2,2,2,2,2,2
481,1939.408,-336.806,-47.752,68.329,0.369246,-0.928690,-0.034540,0.929249,0.369454,0.000389,0.012399,-0.032240,0.999403,0,-0.22125,-0.22797,6.349,-0.079,-1,719.197,-1,-1,-1,528.438,503.705,434.839,431.284,-1,-1,-1,-1,-1,-1,-1,-1,2,0,2,2,2,0,0,0,0,2,2,2,2,2,2,2,2
482,1941.902,-331.451,-47.849,68.258,0.370392,-0.928224,-0.034779,0.928792,0.370600,0.000514,0.012412,-0.032493,0.999395,0,-0.22127,-0.22782,5.908,-0.071,-1,718.380,-1,-1,-1,526.805,502.506,432.927,431.276,-1,-1,-1,-1,-1,-1,-1,-1,2,0,2,2,2,0,0,0,0,2,2,2,2,2,2,2,2
483,1944.338,-326.063,-47.842,68.189,0.371511,-0.927756,-0.035344,0.928328,0.371762,-0.000573,0.013671,-0.032598,0.999375,0,0.47926,-0.20758,5.913,-0.069,-1,720.886,-1,-1,-1,527.313,503.744,432.663,431.436,-1,-1,-1,-1,-1,-1,-1,-1,2,0,2,2,2,0,0,0,0,2,2,2,2,2,2,2,2
484,1946.937,-320.081,-47.738,68.115,0.372697,-0.927234,-0.036519,0.927805,0.373052,-0.003199,0.016590,-0.032691,0.999328,0,0.47928,-0.20749,6.522,-0.074,-1,729.532,-1,-1,-1,531.230,508.096,432.958,431.997,-1,-1,-1,-1,-1,-1,-1,-1,2,0,2,2,2,0,0,0,0,2,2,2,2,2,2,2,2
485,1949.710,-313.666,-47.576,68.034,0.373980,-0.926670,-0.037702,0.927239,0.374431,-0.005438,0.019156,-0.032925,0.999274,0,0.47930,-0.20744,6.989,-0.080,-1,736.965,-1,-1,-1,535.011,511.943,433.089,432.949,-1,-1,-1,-1,-1,-1,-1,-1,2,0,2,2,2,0,0,0,0,2,2,2,2,2,2,2,2
486,1952.663,-306.960,-47.348,67.948,0.375375,-0.926078,-0.038374,0.926658,0.375858,-0.005961,0.019943,-0.033322,0.999246,0,0.47932,-0.20737,7.327,-0.087,-1,737.951,-1,-1,-1,535.558,512.700,432.830,434.250,-1,-1,-1,-1,-1,-1,-1,-1,2,0,2,2,2,0,0,0,0,2,2,2,2,2,2,2,2
487,1955.780,-300.017,-47.043,67.860,0.376811,-0.925505,-0.038124,0.926103,0.377242,-0.004558,0.018601,-0.033590,0.999263,0,0.47935,-0.20728,7.610,-0.088,-1,731.690,-1,-1,-1,532.337,509.739,432.791,435.308,-1,-1,-1,-1,-1,-1,-1,-1,2,0,2,2,2,0,0,0,0,2,2,2,2,2,2,2,2
488,1959.082,-292.762,-46.714,67.756,0.378496,-0.924846,-0.037416,0.925465,0.378829,-0.001984,0.016009,-0.033876,0.999298,0,0.47937,-0.20720,7.971,-0.103,-1,720.900,-1,-1,-1,526.766,504.502,432.597,436.316,-1,-1,-1,-1,-1,-1,-1,-1,2,0,2,2,2,0,0,0,0,2,2,2,2,2,2,2,2
489,1962.635,-285.132,-46.403,67.636,0.380451,-0.924076,-0.036600,0.924702,0.380692,0.000428,0.013538,-0.034007,0.999330,0,0.47943,-0.20700,8.417,-0.120,-1,710.479,-1,-1,-1,521.272,980.642,432.649,437.022,-1,-1,-1,-1,-1,-1,-1,-1,2,0,2,2,2,0,0,0,0,2,2,2,2,2,2,2,2
490,1966.480,-277.090,-46.173,67.498,0.382686,-0.923183,-0.035848,0.923801,0.382868,0.001905,0.011967,-0.033845,0.999355,0,0.47953,-0.20667,8.914,-0.138,-1,702.911,-1,-1,-1,517.091,978.756,433.127,437.119,-1,-1,-1,-1,-1,-1,-1,-1,2,0,2,2,2,0,0,0,0,2,2,2,2,2,2,2,2
491,1970.595,-268.639,-46.070,67.349,0.385099,-0.922196,-0.035402,0.922810,0.385244,0.002888,0.010975,-0.033781,0.999369,0,0.47967,-0.20620,9.399,-0.149,-1,696.497,-1,-1,-1,513.490,979.393,433.009,437.092,-1,-1,-1,-1,-1,-1,-1,-1,2,0,2,2,2,0,0,0,0,2,2,2,2,2,2,2,2
492,1974.910,-259.821,-46.075,67.203,0.387447,-0.921228,-0.034966,0.921838,0.387557,0.003849,0.010005,-0.033724,0.999381,0,0.47982,-0.20566,9.817,-0.146,-1,689.827,-1,-1,-1,509.683,979.993,432.502,436.808,-1,-1,-1,-1,-1,-1,-1,-1,2,0,2,2,2,0,0,0,0,2,2,2,2,2,2,2,2
493,1979.423,-250.640,-46.155,67.053,0.389862,-0.920219,-0.034714,0.920829,0.389934,0.004958,0.008974,-0.033898,0.999385,0,0.47996,-0.20521,10.231,-0.150,-1,682.363,-1,-1,-1,505.494,980.294,431.230,436.694,-1,-1,-1,-1,-1,-1,-1,-1,2,0,2,2,2,0,0,0,0,2,2,2,2,2,2,2,2
494,1984.142,-241.239,-46.279,66.885,0.392565,-0.919060,-0.034940,0.919693,0.392582,0.006681,0.007577,-0.034756,0.999367,0,0.30194,-0.55501,10.519,-0.168,-1,672.530,-1,-1,-1,500.278,978.974,428.301,437.871,-1,-1,-1,-1,-1,-1,-1,-1,2,0,2,2,2,0,0,0,0,2,2,2,2,2,2,2,2
495,1989.035,-231.809,-46.418,66.679,0.395875,-0.917620,-0.035436,0.918287,0.395808,0.009191,0.005592,-0.036179,0.999330,0,0.30205,-0.55440,10.624,-0.206,-1,659.684,-1,-1,-1,493.643,974.921,424.046,440.000,-1,-1,-1,-1,-1,-1,-1,-1,2,0,2,2,2,0,0,0,0,2,2,2,2,2,2,2,2
496,1994.094,-222.343,-46.569,66.441,0.399691,-0.915958,-0.035605,0.916644,0.399523,0.012038,0.003199,-0.037448,0.999293,0,0.30224,-0.55340,10.733,-0.238,-1,646.560,-1,-1,-1,486.125,968.873,421.755,441.755,-1,-1,-1,-1,-1,-1,-1,-1,2,0,2,2,2,0,0,0,0,2,2,2,2,2,2,2,2
497,1999.370,-212.856,-46.681,66.172,0.403986,-0.914076,-0.035503,0.914765,0.403719,0.014716,0.000881,-0.038422,0.999261,0,0.30248,-0.55208,10.855,-0.269,-1,635.994,-1,-1,-1,479.143,963.232,421.024,443.066,-1,-1,-1,-1,-1,-1,-1,-1,2,0,2,2,2,0,0,0,0,2,2,2,2,2,2,2,2
498,2004.813,-203.281,-46.689,65.896,0.408389,-0.912129,-0.035197,0.912808,0.408047,0.016734,-0.000901,-0.038962,0.999240,0,0.30279,-0.55045,11.014,-0.276,-1,627.271,-1,-1,-1,477.583,960.336,422.789,443.930,-1,-1,-1,-1,-1,-1,-1,-1,2,0,2,2,2,0,0,0,0,2,2,2,2,2,2,2,2
499,2010.418,-193.593,-46.589,65.627,0.412682,-0.910198,-0.035122,0.910873,0.412289,0.018126,-0.002017,-0.039472,0.999219,0,0.30310,-0.54875,11.193,-0.270,-1,620.412,-1,-1,-1,951.219,960.896,210.164,445.117,-1,-1,-1,-1,-1,-1,-1,-1,2,0,2,2,2,0,0,1,0,2,2,2,2,2,2,2,2
