timestep,x_cm,y_cm,z_cm,yaw_deg,basis_xx,basis_xy,basis_xz,basis_yx,basis_yy,basis_yz,basis_zx,basis_zy,basis_zz,teleport_flag,throttle_cmd,steering_cmd,cmd_move_cm,cmd_turn_deg,lidar_cm_0,lidar_cm_1,lidar_cm_2,lidar_cm_3,lidar_cm_4,lidar_cm_5,lidar_cm_6,lidar_cm_7,lidar_cm_8,lidar_cm_9,lidar_cm_10,lidar_cm_11,lidar_cm_12,lidar_cm_13,lidar_cm_14,lidar_cm_15,lidar_cm_16,lidar_class_0,lidar_class_1,lidar_class_2,lidar_class_3,lidar_class_4,lidar_class_5,lidar_class_6,lidar_class_7,lidar_class_8,lidar_class_9,lidar_class_10,lidar_class_11,lidar_class_12,lidar_class_13,lidar_class_14,lidar_class_15,lidar_class_16
0,-7725.577,8140.486,37.996,-25.056,0.905833,0.423635,-0.000386,-0.423467,0.905498,0.027385,0.011951,-0.024643,0.999625,0,0.48067,1.00000,0.351,0.012,-1,669.594,-1,684.938,-1,541.433,556.221,595.521,484.919,-1,779.375,798.620,956.836,-1,-1,-1,-1,2,0,2,0,2,0,0,0,0,2,0,0,0,2,2,2,2
1,-7724.785,8139.896,40.185,-25.032,0.905972,0.423328,-0.002763,-0.423076,0.905625,0.029162,0.014847,-0.025251,0.999571,0,0.48068,1.00000,0.988,0.024,-1,686.775,-1,697.783,-1,553.318,567.676,600.490,492.154,-1,776.046,795.313,956.481,-1,-1,-1,-1,2,0,2,0,2,0,0,0,0,2,0,0,0,2,2,2,2
2,-7723.446,8139.093,41.273,-25.013,0.906049,0.423136,-0.005593,-0.422756,0.905663,0.032418,0.018783,-0.027008,0.999459,0,0.48069,1.00000,1.561,0.018,-1,702.748,-1,711.328,-1,564.609,578.982,599.624,498.907,-1,764.085,783.498,951.803,-1,-1,-1,-1,2,0,2,0,2,0,0,0,0,2,0,0,0,2,2,2,2
3,-7721.571,8138.106,41.292,-25.004,0.906029,0.423128,-0.008576,-0.422562,0.905571,0.037177,0.023497,-0.030060,0.999272,0,0.48063,1.00000,2.119,0.010,-1,717.513,-1,725.272,-1,574.843,589.768,592.749,505.529,-1,745.180,765.002,944.214,-1,-1,-1,-1,2,0,2,0,2,0,0,0,0,2,0,0,0,2,2,2,2
4,-7719.142,8136.913,40.323,-25.013,0.905837,0.423478,-0.011196,-0.422652,0.905230,0.043860,0.028709,-0.034998,0.998975,0,0.48047,1.00000,2.707,-0.009,-1,728.619,-1,740.076,-1,583.517,600.146,578.966,513.344,-1,721.176,739.413,937.639,-1,-1,-1,-1,2,0,2,0,2,0,0,0,0,2,0,0,0,2,2,2,2
5,-7716.181,8135.556,38.625,-25.041,0.905486,0.424171,-0.013187,-0.423025,0.904646,0.051624,0.033827,-0.041166,0.998580,0,0.48019,1.00000,3.257,-0.028,-1,735.399,-1,754.069,-1,590.008,609.224,560.199,521.860,-1,692.988,714.581,933.351,-1,-1,-1,-1,2,0,2,0,2,0,0,0,0,2,0,0,0,2,2,2,2
6,-7712.885,8133.993,36.801,-25.085,0.905064,0.425054,-0.013717,-0.423682,0.903994,0.057346,0.036775,-0.046090,0.998260,0,0.47979,1.00000,3.648,-0.044,-1,734.826,-1,760.693,-1,591.369,612.684,543.350,527.622,-1,675.014,699.271,933.239,-1,-1,-1,-1,2,0,2,0,2,0,0,0,0,2,0,0,0,2,2,2,2
7,-7709.377,8132.121,35.224,-25.146,0.904611,0.426050,-0.012691,-0.424637,0.903391,0.059737,0.036916,-0.048650,0.998133,0,0.47928,1.00000,3.976,-0.061,-1,727.124,-1,758.195,-1,587.212,609.554,532.153,529.121,-1,671.172,696.247,937.250,-1,-1,-1,-1,2,0,2,0,2,0,0,0,0,2,0,0,0,2,2,2,2
8,-7705.706,8129.890,34.096,-25.228,0.904079,0.427236,-0.010501,-0.425974,0.902845,0.058451,0.034453,-0.048371,0.998235,0,0.47867,1.00000,4.296,-0.082,-1,714.662,-1,747.225,-1,578.733,600.813,527.877,525.854,-1,680.158,705.259,943.767,-1,-1,-1,-1,2,0,2,0,2,0,0,0,0,2,0,0,0,2,2,2,2
9,-7701.885,8127.286,33.490,-25.338,0.903392,0.428749,-0.007563,-0.427762,0.902268,0.054154,0.030043,-0.045688,0.998504,0,0.47795,1.00000,4.624,-0.109,-1,700.026,-1,730.472,-1,567.798,588.550,529.916,519.018,-1,700.779,724.536,952.077,-1,-1,-1,-1,2,0,2,0,2,0,0,0,0,2,0,0,0,2,2,2,2
10,-7697.843,8124.250,33.303,-25.479,0.902458,0.430753,-0.004680,-0.430050,0.901510,0.048332,0.025039,-0.041605,0.998820,0,0.47708,1.00000,5.056,-0.141,-1,686.918,-1,712.036,-1,557.202,576.065,535.853,510.608,-1,727.958,748.933,959.830,-1,-1,-1,-1,2,0,2,0,2,0,0,0,0,2,0,0,0,2,2,2,2
11,-7693.475,8120.780,33.346,-25.652,0.901252,0.433288,-0.002437,-0.432805,0.900486,0.042483,0.020602,-0.037233,0.999094,0,0.47604,1.00000,5.579,-0.172,-1,677.525,-1,696.145,-1,548.826,565.840,543.032,502.484,-1,754.612,773.384,965.436,-1,-1,-1,-1,2,0,2,0,2,0,0,0,0,2,0,0,0,2,2,2,2
12,-7688.696,8117.000,33.487,-25.833,0.899931,0.436030,-0.001278,-0.435687,0.899333,0.037114,0.017332,-0.032844,0.999310,0,0.47484,1.00000,6.094,-0.182,-1,673.003,-1,683.724,-1,543.467,558.683,550.664,494.977,-1,776.420,794.714,966.575,-1,-1,-1,-1,2,0,2,0,2,0,0,0,0,2,0,0,0,2,2,2,2
13,-7683.479,8112.936,33.665,-26.028,0.898474,0.439025,-0.001180,-0.438752,0.898004,0.032935,0.015519,-0.029074,0.999457,0,0.47355,1.00000,6.613,-0.194,-1,673.301,-1,675.465,-1,541.313,554.845,557.176,489.065,-1,792.712,809.262,964.240,-1,-1,-1,-1,2,0,2,0,2,0,0,0,0,2,0,0,0,2,2,2,2
14,-7677.897,8108.565,33.843,-26.278,0.896562,0.442916,-0.001264,-0.442674,0.896159,0.030633,0.014700,-0.026905,0.999530,0,0.47216,1.00000,7.089,-0.250,-1,675.489,-1,670.613,-1,541.044,553.412,559.569,486.104,-1,804.727,819.476,964.583,-1,-1,-1,-1,2,0,2,0,2,0,0,0,0,2,0,0,0,2,2,2,2
15,-7671.984,8103.968,34.010,-26.565,0.894334,0.447398,-0.001072,-0.447166,0.893942,0.030176,0.014459,-0.026509,0.999544,0,0.47050,1.00000,7.490,-0.287,-1,677.828,-1,668.263,-1,541.689,553.645,557.816,486.281,-1,813.997,827.582,969.838,-1,-1,-1,-1,2,0,2,0,2,0,0,0,0,2,0,0,0,2,2,2,2
16,-7665.748,8099.302,34.180,-26.849,0.892105,0.451828,-0.000887,-0.451594,0.891702,0.030519,0.014580,-0.026825,0.999534,0,0.46865,1.00000,7.788,-0.284,-1,680.772,-1,667.115,-1,543.002,554.466,554.474,487.852,-1,821.717,834.429,976.545,-1,-1,-1,-1,2,0,2,0,2,0,0,0,0,2,0,0,0,2,2,2,2
17,-7659.042,8094.709,34.329,-27.072,0.890337,0.455301,-0.000944,-0.455059,0.889929,0.030788,0.014858,-0.026982,0.999525,0,0.46678,1.00000,8.128,-0.223,-1,684.495,-1,666.145,-1,544.617,555.224,551.578,489.412,-1,828.952,840.880,981.535,-1,-1,-1,-1,2,0,2,0,2,0,0,0,0,2,0,0,0,2,2,2,2
18,-7651.950,8090.103,34.442,-27.252,0.888903,0.458095,-0.000815,-0.457848,0.888480,0.031283,0.015055,-0.027434,0.999510,0,0.46514,1.00000,8.457,-0.180,-1,687.229,-1,665.001,-1,545.920,555.847,548.099,491.619,-1,836.574,848.045,987.656,-1,-1,-1,-1,2,0,2,0,2,0,0,0,0,2,0,0,0,2,2,2,2
19,-7644.495,8085.419,34.515,-27.407,0.887656,0.460506,-0.000517,-0.460258,0.887213,0.031878,0.015139,-0.028059,0.999492,0,0.46364,1.00000,8.804,-0.155,-1,689.329,-1,663.658,-1,546.800,556.208,544.665,494.180,-1,844.794,856.109,994.746,-1,-1,-1,-1,2,0,2,0,2,0,0,0,0,2,0,0,0,2,2,2,2
20,-7636.684,8080.564,34.540,-27.557,0.886447,0.462831,-0.000205,-0.462580,0.885981,0.032519,0.015233,-0.028732,0.999471,0,0.46221,1.00000,9.197,-0.150,-1,691.328,-1,662.664,-1,547.538,556.488,540.942,496.811,-1,853.125,864.332,1001.908,-1,-1,-1,-1,2,0,2,0,2,0,0,0,0,2,0,0,0,2,2,2,2
21,-7628.569,8075.468,34.534,-27.709,0.885212,0.465188,0.000026,-0.464930,0.884720,0.033339,0.015486,-0.029524,0.999444,0,0.46077,1.00000,9.582,-0.152,-1,693.735,-1,661.978,-1,548.507,557.041,536.826,499.660,-1,860.895,871.980,-1,-1,-1,-1,-1,2,0,2,0,2,0,0,0,0,2,0,0,2,2,2,2,2
22,-7620.510,8070.294,34.664,-27.828,0.884236,0.467040,-0.000654,-0.466761,0.883753,0.033383,0.016169,-0.029213,0.999442,0,0.45928,1.00000,9.577,-0.119,-1,699.408,-1,661.944,-1,550.889,558.640,535.536,501.130,-1,867.419,877.755,-1,-1,-1,-1,-1,2,0,2,0,2,0,0,0,0,2,0,0,2,2,2,2,2
23,-7613.007,8065.452,35.232,-27.888,0.883726,0.467990,-0.003778,-0.467669,0.883369,0.030751,0.017729,-0.025409,0.999520,0,0.26541,0.31631,8.929,-0.060,-1,713.819,-1,662.859,-1,557.839,562.559,543.221,497.554,-1,871.868,879.554,992.928,-1,-1,-1,-1,2,0,2,0,2,0,0,0,0,2,0,0,0,2,2,2,2
24,-7606.138,8060.800,36.371,-27.938,0.883259,0.468790,-0.009410,-0.468421,0.883101,0.026723,0.020838,-0.019195,0.999599,0,0.26480,0.31631,8.296,-0.051,-1,739.345,-1,667.187,-1,570.885,570.630,558.295,491.271,-1,871.355,874.774,963.115,-1,-1,-1,-1,2,0,2,0,2,0,0,0,0,2,0,0,0,2,2,2,2
25,-7599.821,8056.284,38.162,-28.019,0.882517,0.470001,-0.016220,-0.469616,0.882579,0.022708,0.024988,-0.012424,0.999611,0,0.26425,0.31631,7.765,-0.080,-1,773.262,-1,675.179,-1,588.595,582.529,577.180,485.674,-1,868.322,867.064,931.388,-1,-1,-1,-1,2,0,2,0,2,0,0,0,0,2,0,0,0,2,2,2,2
26,-7593.945,8051.839,40.552,-28.143,0.881401,0.471828,-0.022606,-0.471470,0.881666,0.019494,0.029129,-0.006524,0.999554,0,0.26366,0.31631,7.367,-0.124,-1,809.317,-1,685.075,-1,607.851,596.270,595.911,483.033,-1,867.183,861.919,906.907,-1,-1,-1,-1,2,0,2,0,2,0,0,0,0,2,0,0,0,2,2,2,2
27,-7588.440,8047.290,43.328,-28.350,0.879600,0.474931,-0.027304,-0.474597,0.880018,0.018043,0.032597,-0.002912,0.999464,0,0.26298,0.31631,7.142,-0.207,-1,842.313,-1,695.736,-1,626.218,610.556,610.548,484.775,-1,869.799,861.892,896.193,-1,-1,-1,-1,2,0,2,0,2,0,0,0,0,2,0,0,0,2,2,2,2
28,-7583.290,8042.470,46.164,-28.681,0.876760,0.480006,-0.029770,-0.479639,0.877262,0.018915,0.035196,-0.002305,0.999378,0,0.26212,0.31631,7.054,-0.332,-1,868.059,-1,706.194,-1,641.995,624.328,617.939,491.072,-1,875.670,866.613,900.354,-1,-1,-1,-1,2,0,2,0,2,0,0,0,0,2,0,0,0,2,2,2,2
29,-7578.195,8037.482,48.700,-29.088,0.873256,0.486263,-0.031173,-0.485813,0.873806,0.021189,0.037543,-0.003359,0.999289,0,0.26142,0.31631,7.129,-0.407,-1,888.476,-1,716.274,-1,655.525,634.582,620.554,499.160,-1,881.184,871.609,910.527,-1,-1,-1,-1,2,0,2,0,2,0,0,0,0,2,0,0,0,2,2,2,2
30,-7572.908,8032.491,50.608,-29.488,0.869773,0.492404,-0.032148,-0.491845,0.870352,0.023989,0.039792,-0.005053,0.999195,0,0.26142,0.31631,7.271,-0.399,-1,905.205,-1,725.118,-1,666.313,642.822,619.772,506.904,-1,884.654,874.829,920.749,-1,-1,-1,-1,2,0,2,0,2,0,0,0,0,2,0,0,0,2,2,2,2
31,-7567.509,8027.476,51.634,-29.886,0.866281,0.498558,-0.031595,-0.497856,0.866817,0.027695,0.041195,-0.008262,0.999117,0,0.26142,0.31631,7.369,-0.399,-1,912.142,-1,730.639,-1,671.985,647.081,612.788,515.101,-1,888.757,878.938,936.011,-1,-1,-1,-1,2,0,2,0,2,0,0,0,0,2,0,0,0,2,2,2,2
32,-7562.082,8022.451,51.624,-30.299,0.862660,0.504945,-0.029116,-0.504084,0.863051,0.032277,0.041426,-0.013167,0.999055,0,0.26142,0.31631,7.396,-0.413,-1,906.682,-1,731.849,-1,671.038,646.112,598.606,523.735,-1,894.086,885.229,958.313,-1,-1,-1,-1,2,0,2,0,2,0,0,0,0,2,0,0,0,2,2,2,2
33,-7556.614,8017.426,50.523,-30.726,0.858907,0.511518,-0.025066,-0.510512,0.859053,0.037483,0.040706,-0.019398,0.998983,0,0.26142,0.31631,7.426,-0.427,-1,890.544,-1,728.852,-1,664.031,640.283,578.127,532.131,-1,899.414,892.116,986.014,-1,-1,-1,-1,2,0,2,0,2,0,0,0,0,2,0,0,0,2,2,2,2
34,-7551.113,8012.379,48.322,-31.161,0.855066,0.518154,-0.019482,-0.517043,0.854862,0.043330,0.039106,-0.026977,0.998871,0,0.26142,0.31631,7.466,-0.434,-1,864.581,-1,721.836,-1,651.260,629.869,553.183,540.382,-1,904.378,899.297,-1,-1,-1,-1,-1,2,0,2,0,2,0,0,0,0,2,0,0,2,2,2,2,2
35,-7545.516,8007.513,45.144,-31.549,0.851654,0.523958,-0.012388,-0.522895,0.851055,0.047810,0.035594,-0.034240,0.998780,0,0.26142,0.31631,7.416,-0.388,-1,828.099,-1,707.601,-1,631.231,613.033,527.274,545.718,-1,914.871,912.150,-1,-1,-1,-1,-1,2,0,2,0,2,0,0,0,0,2,0,0,2,2,2,2,2
36,-7539.973,8002.875,41.323,-31.866,0.848963,0.528446,-0.002594,-0.527728,0.848046,0.048184,0.027663,-0.039537,0.998835,0,0.26142,0.31631,7.227,-0.317,-1,776.093,-1,680.199,-1,600.329,585.472,504.034,545.353,-1,943.794,945.583,-1,-1,-1,-1,-1,2,0,2,0,2,0,0,0,0,2,0,0,2,2,2,2,2
37,-7534.277,7998.600,37.272,-32.022,0.847729,0.530384,0.006875,-0.530175,0.846852,0.041912,0.016407,-0.039175,0.999098,0,0.26142,0.31631,7.122,-0.156,-1,721.799,-1,642.013,-1,564.178,553.427,490.799,533.457,-1,993.346,994.035,-1,-1,-1,-1,-1,2,0,2,0,2,0,0,0,0,2,0,0,2,2,2,2,2
38,-7528.457,7994.206,33.532,-32.082,0.847283,0.530962,0.013823,-0.531121,0.846728,0.031030,0.004772,-0.033633,0.999423,0,0.26142,0.31631,7.293,-0.059,-1,676.181,-1,602.657,-1,531.135,522.348,488.528,513.279,-1,-1,-1,-1,-1,-1,-1,-1,2,0,2,0,2,0,0,0,0,2,2,2,2,2,2,2,2
39,-7522.541,7989.485,30.412,-32.119,0.846935,0.531395,0.017921,-0.531667,0.846765,0.017874,-0.005676,-0.024666,0.999680,0,0.26142,0.31631,7.569,-0.037,-1,642.471,-1,567.193,-1,504.414,495.296,494.919,489.476,-1,-1,-1,-1,-1,977.186,-1,-1,2,0,2,0,2,0,0,0,0,2,2,2,2,2,0,2,2
40,-7516.579,7984.566,28.189,-32.147,0.846599,0.531886,0.019161,-0.532035,0.846716,0.003372,-0.014430,-0.013049,0.999811,0,0.26142,0.31631,7.729,-0.028,-1,621.029,-1,537.515,-1,484.813,473.549,510.051,464.740,-1,-1,-1,-1,-1,890.721,-1,-1,2,0,2,0,2,0,0,0,0,2,2,2,2,2,0,2,2
41,-7510.308,7979.472,27.275,-32.155,0.846459,0.532162,0.017628,-0.532111,0.846638,-0.007850,-0.019101,-0.002735,0.999814,0,0.26142,0.31631,8.080,-0.008,-1,615.242,-1,520.277,-1,476.344,461.861,527.729,446.943,-1,-1,-1,-1,-1,846.622,-1,-1,2,0,2,0,2,0,0,0,0,2,2,2,2,2,0,2,2
42,-7503.494,7974.306,27.645,-32.155,0.846454,0.532268,0.014342,-0.532109,0.846567,-0.013576,-0.019368,0.003860,0.999805,0,0.26142,0.31631,8.551,-0.000,-1,623.453,-1,515.558,-1,478.521,460.504,542.267,439.095,-1,-1,-1,-1,-1,836.623,-1,-1,2,0,2,0,2,0,0,0,0,2,2,2,2,2,0,2,2
43,-7496.188,7969.192,28.921,-32.156,0.846483,0.532301,0.011042,-0.532142,0.846532,-0.014462,-0.017045,0.006366,0.999834,0,0.26142,0.31631,8.918,-0.001,-1,639.152,-1,519.836,-1,486.973,465.787,550.876,440.046,-1,-1,-1,-1,-1,848.924,-1,-1,2,0,2,0,2,0,0,0,0,2,2,2,2,2,0,2,2
44,-7488.653,7964.310,30.752,-32.158,0.846493,0.532319,0.009304,-0.532207,0.846527,-0.012171,-0.014355,0.005351,0.999883,0,0.26142,0.31631,8.978,-0.003,-1,654.768,-1,528.339,-1,496.928,473.420,553.262,447.470,-1,-1,-1,-1,-1,873.670,-1,-1,2,0,2,0,2,0,0,0,0,2,2,2,2,2,0,2,2
45,-7480.900,7959.634,32.699,-32.141,0.846678,0.532031,0.008885,-0.531966,0.846721,-0.008690,-0.012146,0.002631,0.999923,0,0.26142,0.31631,9.054,0.017,-1,667.641,-1,537.236,-1,506.082,480.835,551.980,457.809,-1,-1,-1,-1,-1,901.730,-1,-1,2,0,2,0,2,0,0,0,0,2,2,2,2,2,0,2,2
46,-7472.938,7955.022,34.397,-32.110,0.846986,0.531535,0.009195,-0.531515,0.847036,-0.004743,-0.010310,-0.000870,0.999946,0,0.26142,0.31631,9.201,0.031,-1,677.578,-1,545.455,-1,513.865,487.332,548.080,468.963,-1,-1,-1,-1,-1,931.079,-1,-1,2,0,2,0,2,0,0,0,0,2,2,2,2,2,0,2,2
47,-7464.781,7950.421,35.645,-32.070,0.847371,0.530917,0.009500,-0.530937,0.847411,-0.000515,-0.008324,-0.004608,0.999955,0,0.26142,0.31631,9.365,0.040,-1,686.292,-1,553.189,-1,520.889,493.412,542.392,479.685,-1,-1,-1,-1,-1,961.636,-1,-1,2,0,2,0,2,0,0,0,0,2,2,2,2,2,0,2,2
48,-7456.438,7945.786,36.327,-32.021,0.847843,0.530165,0.009311,-0.530215,0.847854,0.003941,-0.005805,-0.008279,0.999949,0,0.26142,0.31631,9.544,0.049,-1,695.015,-1,560.709,-1,527.753,500.180,535.348,489.243,-1,-1,-1,-1,-1,994.137,-1,-1,2,0,2,0,2,0,0,0,0,2,2,2,2,2,0,2,2
49,-7447.977,7941.076,36.490,-31.972,0.848304,0.529436,0.008825,-0.529500,0.848270,0.008267,-0.003109,-0.011685,0.999927,0,0.26142,0.31631,9.684,0.049,-1,703.047,-1,567.293,-1,534.246,506.095,527.489,497.305,-1,-1,-1,-1,-1,-1,-1,-1,2,0,2,0,2,0,0,0,0,2,2,2,2,2,2,2,2
50,-7439.523,7936.289,36.363,-31.929,0.848707,0.528795,0.008477,-0.528862,0.848632,0.011367,-0.001183,-0.014130,0.999899,0,0.26142,0.31631,9.714,0.043,-1,708.490,-1,571.030,-1,538.631,509.996,520.866,503.053,-1,-1,-1,-1,-1,-1,-1,-1,2,0,2,0,2,0,0,0,0,2,2,2,2,2,2,2,2
51,-7429.257,7930.190,35.935,-31.883,0.849130,0.528128,0.007637,-0.528183,0.849029,0.013081,0.000424,-0.015142,0.999885,0,0.54338,0.99091,11.941,0.046,-1,713.561,-1,572.262,-1,542.127,512.404,516.622,505.855,-1,-1,-1,-1,-1,-1,-1,-1,2,0,2,0,2,0,0,0,0,2,2,2,2,2,2,2,2
52,-7422.243,7925.868,35.499,-31.852,0.849414,0.527681,0.006957,-0.527726,0.849319,0.012755,0.000822,-0.014506,0.999894,0,0.54338,0.99091,8.239,0.031,-1,715.617,-1,570.566,-1,542.923,512.155,516.042,504.970,-1,-1,-1,-1,-1,-1,-1,-1,2,0,2,0,2,0,0,0,0,2,2,2,2,2,2,2,2
53,-7413.303,7920.231,34.832,-31.816,0.849743,0.527153,0.006738,-0.527197,0.849676,0.010708,-0.000080,-0.012651,0.999920,0,0.54338,0.99091,10.568,0.036,-1,714.237,-1,565.393,-1,540.843,508.731,516.987,501.609,-1,-1,-1,-1,-1,-1,-1,-1,2,0,2,0,2,0,0,0,0,2,2,2,2,2,2,2,2
54,-7404.112,7914.284,34.063,-31.788,0.850003,0.526732,0.006975,-0.526774,0.849975,0.007170,-0.002152,-0.009768,0.999950,0,0.54338,0.99091,10.948,0.028,-1,709.745,-1,557.068,-1,536.258,502.696,519.643,496.178,-1,-1,-1,-1,-1,-1,-1,-1,2,0,2,0,2,0,0,0,0,2,2,2,2,2,2,2,2
55,-7394.774,7907.938,33.225,-31.803,0.849857,0.526956,0.007744,-0.526986,0.849870,0.002477,-0.005276,-0.006186,0.999967,0,0.54338,0.99091,11.290,-0.015,-1,702.300,-1,545.816,-1,529.421,494.327,523.443,489.297,-1,-1,-1,-1,-1,1002.943,-1,-1,2,0,2,0,2,0,0,0,0,2,2,2,2,2,0,2,2
56,-7385.445,7901.307,32.470,-31.829,0.849599,0.527373,0.007762,-0.527363,0.849633,-0.003373,-0.008374,-0.001227,0.999964,0,0.54338,0.99091,11.446,-0.026,-1,696.719,-1,534.071,-1,523.096,485.993,530.945,480.438,-1,-1,-1,-1,-1,967.594,-1,-1,2,0,2,0,2,0,0,0,0,2,2,2,2,2,0,2,2
57,-7376.241,7894.552,32.382,-31.855,0.849356,0.527802,0.004500,-0.527752,0.849351,-0.008977,-0.008560,0.005250,0.999950,0,0.54338,0.99091,11.417,-0.026,-1,703.986,-1,528.938,-1,523.776,484.124,546.010,471.201,-1,-1,-1,-1,-1,954.121,-1,-1,2,0,2,0,2,0,0,0,0,2,2,2,2,2,0,2,2
58,-7366.836,7887.679,33.144,-31.870,0.849237,0.528006,-0.002427,-0.527989,0.849151,-0.013046,-0.004827,0.012361,0.999912,0,0.54338,0.99091,11.648,-0.015,-1,727.858,-1,533.300,-1,534.229,490.555,566.628,463.664,-1,-1,-1,-1,-1,971.346,-1,-1,2,0,2,0,2,0,0,0,0,2,2,2,2,2,0,2,2
59,-7357.003,7880.651,34.550,-31.862,0.849324,0.527734,-0.012039,-0.527867,0.849188,-0.015369,0.002112,0.019409,0.999809,0,0.54338,0.99091,12.087,0.009,-1,765.555,-1,546.043,-1,553.618,505.166,590.659,458.253,-1,-1,-1,-1,-1,-1,-1,-1,2,0,2,0,2,0,0,0,0,2,2,2,2,2,2,2,2
60,-7346.610,7873.822,36.259,-31.756,0.850251,0.525893,-0.022587,-0.526284,0.850126,-0.017619,0.009936,0.026868,0.999590,0,0.54338,0.99091,12.436,0.105,-1,810.845,-1,562.699,-1,576.621,523.715,618.313,453.150,-1,-1,-1,961.897,-1,-1,-1,-1,2,0,2,0,2,0,0,0,0,2,2,2,0,2,2,2,2
61,-7335.790,7868.113,38.110,-31.407,0.853389,0.520327,-0.031404,-0.521051,0.853236,-0.022206,0.015241,0.035313,0.999260,0,0.54338,0.99091,12.234,0.350,-1,846.672,-1,575.691,-1,597.139,539.647,650.583,446.408,-1,-1,-1,921.815,-1,-1,-1,-1,2,0,2,0,2,0,0,0,0,2,2,2,0,2,2,2,2
62,-7325.613,7863.450,40.624,-31.027,0.856754,0.514511,-0.035370,-0.515340,0.856749,-0.020143,0.019939,0.035485,0.999171,0,0.34603,0.47040,11.194,0.380,-1,873.291,-1,595.725,-1,617.391,558.943,663.254,453.364,-1,-1,-1,917.012,-1,-1,-1,-1,2,0,2,0,2,0,0,0,0,2,2,2,0,2,2,2,2
63,-7316.039,7859.289,43.530,-30.853,0.858195,0.512120,-0.035119,-0.512662,0.858554,-0.007998,0.026055,0.024868,0.999351,0,0.34603,0.47040,10.440,0.174,-1,892.903,-1,629.002,-1,638.878,583.640,642.254,477.607,-1,-1,-1,945.468,-1,-1,-1,-1,2,0,2,0,2,0,0,0,0,2,2,2,0,2,2,2,2
64,-7306.858,7857.102,46.188,-30.491,0.861281,0.507030,-0.033412,-0.507156,0.861838,0.005219,0.031442,0.012450,0.999428,0,0.34603,0.47040,9.437,0.362,-1,905.208,-1,665.128,-1,659.065,607.858,616.318,505.564,-1,-1,-1,981.861,-1,-1,-1,-1,2,0,2,0,2,0,0,0,0,2,2,2,0,2,2,2,2
65,-7297.777,7856.184,48.197,-29.938,0.865947,0.499078,-0.032511,-0.498707,0.866557,0.019243,0.037776,-0.000450,0.999286,0,0.34603,0.47040,9.127,0.553,-1,917.895,-1,708.423,-1,681.965,636.115,590.563,534.254,-1,-1,-1,-1,-1,-1,-1,-1,2,0,2,0,2,0,0,0,0,2,2,2,2,2,2,2,2
66,-7288.652,7855.881,49.441,-29.260,0.871577,0.489191,-0.032338,-0.488305,0.872096,0.031724,0.043721,-0.011859,0.998973,0,0.34603,0.47040,9.130,0.678,-1,929.156,-1,751.117,-1,703.513,662.880,567.903,560.702,-1,-1,-1,-1,-1,-1,-1,-1,2,0,2,0,2,0,0,0,0,2,2,2,2,2,2,2,2
67,-7279.449,7855.734,49.842,-28.496,0.877857,0.477846,-0.032109,-0.476565,0.878213,0.040335,0.047472,-0.020106,0.998670,0,0.34603,0.47040,9.204,0.764,-1,934.330,-1,784.633,-1,717.769,681.429,550.983,579.967,-1,-1,-1,-1,-1,-1,-1,-1,2,0,2,0,2,0,0,0,0,2,2,2,2,2,2,2,2
68,-7270.188,7855.627,49.424,-27.670,0.884610,0.465278,-0.031332,-0.463835,0.884829,0.043995,0.048193,-0.024385,0.998540,0,0.34603,0.47040,9.262,0.827,-1,931.350,-1,802.315,-1,722.100,689.775,540.656,589.142,-1,-1,-1,-1,-1,-1,-1,-1,2,0,2,0,2,0,0,0,0,2,2,2,2,2,2,2,2
69,-7260.960,7854.812,48.319,-26.982,0.890173,0.454693,-0.029102,-0.453219,0.890220,0.045839,0.046750,-0.027616,0.998525,0,0.34603,0.47040,9.264,0.687,-1,920.044,-1,806.749,-1,718.169,688.920,530.525,593.690,-1,-1,-1,-1,-1,-1,-1,-1,2,0,2,0,2,0,0,0,0,2,2,2,2,2,2,2,2
70,-7251.804,7853.049,46.687,-26.488,0.894211,0.446956,-0.024842,-0.445599,0.894051,0.045980,0.042762,-0.030046,0.998633,0,0.34603,0.47040,9.324,0.495,-1,899.985,-1,796.394,-1,705.200,678.012,520.389,594.764,-1,-1,-1,-1,-1,-1,-1,-1,2,0,2,0,2,0,0,0,0,2,2,2,2,2,2,2,2
71,-7242.739,7850.779,44.521,-26.069,0.897709,0.440200,-0.018514,-0.439190,0.897414,0.041956,0.035084,-0.029533,0.998948,0,0.34603,0.47040,9.344,0.418,-1,870.143,-1,766.710,-1,681.697,654.817,514.477,587.830,-1,-1,-1,-1,-1,-1,-1,-1,2,0,2,0,2,0,0,0,0,2,2,2,2,2,2,2,2
72,-7233.772,7848.006,41.782,-25.722,0.900654,0.434418,-0.010172,-0.433879,0.900331,0.033949,0.023906,-0.026162,0.999372,0,0.34603,0.47040,9.386,0.348,-1,832.028,-1,722.588,-1,649.242,622.169,512.410,571.490,-1,-1,-1,-1,-1,-1,-1,-1,2,0,2,0,2,0,0,0,0,2,2,2,2,2,2,2,2
73,-7224.833,7844.999,38.339,-25.378,0.903459,0.428675,-0.000371,-0.428567,0.903250,0.021698,0.009636,-0.019444,0.999765,0,0.34603,0.47040,9.432,0.344,-1,785.204,-1,666.763,-1,609.975,581.831,514.980,545.412,-1,-1,-1,-1,-1,-1,-1,-1,2,0,2,0,2,0,0,0,0,2,2,2,2,2,2,2,2
74,-7215.771,7841.997,34.158,-24.975,0.906478,0.422165,0.008662,-0.422218,0.906478,0.005474,-0.005541,-0.008620,0.999947,0,0.34603,0.47040,9.547,0.403,-1,737.491,-1,608.944,-1,569.583,539.895,524.453,510.419,-1,-1,-1,-1,-1,-1,-1,-1,2,0,2,0,2,0,0,0,0,2,2,2,2,2,2,2,2
75,-7206.192,7838.758,30.041,-24.543,0.909558,0.415409,0.011786,-0.415333,0.909631,-0.008419,-0.014218,0.002763,0.999895,0,0.34603,0.47040,10.111,0.432,-1,711.596,-1,571.407,-1,544.766,512.705,536.960,477.096,-1,-1,-1,-1,-1,-1,-1,-1,2,0,2,0,2,0,0,0,0,2,2,2,2,2,2,2,2
76,-7195.996,7835.496,26.743,-24.093,0.912786,0.408355,0.008197,-0.408184,0.912743,-0.016930,-0.014395,0.012107,0.999823,0,0.34603,0.47040,10.705,0.449,-1,710.939,-1,559.552,-1,540.136,505.409,549.166,452.049,-1,-1,-1,-1,-1,-1,-1,-1,2,0,2,0,2,0,0,0,0,2,2,2,2,2,2,2,2
77,-7185.397,7832.608,24.904,-23.636,0.916068,0.401017,0.001945,-0.400908,0.915913,-0.019373,-0.009551,0.016967,0.999810,0,0.34603,0.47040,10.985,0.457,-1,725.324,-1,567.266,-1,549.055,512.303,558.583,438.230,-1,-1,-1,-1,-1,-1,-1,-1,2,0,2,0,2,0,0,0,0,2,2,2,2,2,2,2,2
78,-7174.807,7830.423,24.716,-23.146,0.919500,0.393072,-0.003759,-0.393078,0.919353,-0.016732,-0.003120,0.016863,0.999853,0,0.34603,0.47040,10.813,0.490,-1,744.159,-1,587.822,-1,564.692,528.276,560.430,436.235,-1,-1,-1,-1,-1,-1,-1,-1,2,0,2,0,2,0,0,0,0,2,2,2,2,2,2,2,2
79,-7164.383,7829.081,25.899,-22.595,0.923242,0.384168,-0.006233,-0.384216,0.923170,-0.011642,0.001282,0.013144,0.999913,0,0.34603,0.47040,10.510,0.551,-1,757.188,-1,610.393,-1,579.007,545.054,556.604,442.937,-1,-1,-1,-1,-1,-1,-1,-1,2,0,2,0,2,0,0,0,0,2,2,2,2,2,2,2,2
80,-7154.071,7828.045,27.819,-22.062,0.926771,0.375585,-0.005613,-0.375613,0.926761,-0.005414,0.003168,0.007126,0.999970,0,0.34603,0.47040,10.364,0.533,-1,763.041,-1,632.176,-1,589.312,558.963,548.962,455.124,-1,-1,-1,-1,-1,-1,-1,-1,2,0,2,0,2,0,0,0,0,2,2,2,2,2,2,2,2
81,-7143.813,7827.047,29.877,-21.549,0.930101,0.367289,-0.003271,-0.367292,0.930106,-0.000184,0.002975,0.001372,0.999995,0,0.34603,0.47040,10.306,0.514,-1,763.484,-1,649.155,-1,595.341,568.454,542.534,467.771,-1,-1,-1,-1,-1,-1,-1,-1,2,0,2,0,2,0,0,0,0,2,2,2,2,2,2,2,2
82,-7133.574,7826.238,31.681,-21.004,0.933554,0.358437,-0.000428,-0.358435,0.933551,0.002742,0.001382,-0.002406,0.999996,0,0.34603,0.47040,10.272,0.545,-1,761.069,-1,659.785,-1,597.977,573.219,540.177,476.489,-1,-1,-1,-1,-1,-1,-1,-1,2,0,2,0,2,0,0,0,0,2,2,2,2,2,2,2,2
83,-7123.464,7825.662,32.992,-20.425,0.937129,0.348967,0.003358,-0.348978,0.937125,0.003439,-0.001947,-0.004395,0.999988,0,0.36668,0.65107,10.126,0.579,-1,754.214,-1,661.562,-1,595.791,572.852,540.288,480.188,-1,-1,-1,-1,-1,-1,-1,-1,2,0,2,0,2,0,0,0,0,2,2,2,2,2,2,2,2
84,-7113.309,7824.884,33.689,-19.880,0.940390,0.340012,0.007618,-0.340046,0.940401,0.003778,-0.005879,-0.006144,0.999964,0,0.36668,0.65107,10.185,0.545,-1,744.759,-1,659.440,-1,590.686,569.502,538.957,481.947,-1,-1,-1,-1,-1,-1,-1,-1,2,0,2,0,2,0,0,0,0,2,2,2,2,2,2,2,2
85,-7103.042,7824.191,33.741,-19.314,0.943677,0.330669,0.011450,-0.330723,0.943722,0.003186,-0.009752,-0.006794,0.999929,0,0.36668,0.65107,10.290,0.566,-1,734.890,-1,654.850,-1,584.069,564.581,538.186,480.420,-1,-1,-1,-1,-1,-1,-1,-1,2,0,2,0,2,0,0,0,0,2,2,2,2,2,2,2,2
86,-7090.555,7823.394,33.082,-18.645,0.947435,0.319619,0.014534,-0.319684,0.947521,0.002333,-0.013026,-0.006857,0.999892,0,0.36668,0.65107,12.512,0.668,-1,725.538,-1,650.348,-1,577.239,559.721,536.947,475.700,-1,-1,-1,-1,-1,-1,-1,-1,2,0,2,0,2,0,0,0,0,2,2,2,2,2,2,2,2
87,-7082.188,7822.969,32.345,-18.191,0.949929,0.312088,0.015359,-0.312148,0.950032,0.001610,-0.014089,-0.006323,0.999881,0,0.36668,0.65107,8.378,0.455,-1,722.055,-1,649.072,-1,574.388,558.062,536.708,470.951,-1,-1,-1,-1,-1,-1,-1,-1,2,0,2,0,2,0,0,0,0,2,2,2,2,2,2,2,2
88,-7071.862,7822.737,31.257,-17.602,0.953079,0.302336,0.015267,-0.302378,0.953188,0.000449,-0.014416,-0.005045,0.999883,0,0.36668,0.65107,10.328,0.588,-1,720.528,-1,649.590,-1,572.581,557.642,537.417,463.751,-1,-1,-1,-1,-1,-1,-1,-1,2,0,2,0,2,0,0,0,0,2,2,2,2,2,2,2,2
89,-7061.706,7822.678,30.062,-17.006,0.956183,0.292414,0.014399,-0.292438,0.956284,-0.000480,-0.013910,-0.003752,0.999896,0,0.36668,0.65107,10.157,0.597,-1,720.979,-1,652.132,-1,572.190,558.718,537.842,456.355,-1,-1,-1,-1,-1,-1,-1,-1,2,0,2,0,2,0,0,0,0,2,2,2,2,2,2,2,2
90,-7051.628,7822.609,28.925,-16.439,0.959053,0.282960,0.012318,-0.282971,0.959128,-0.000924,-0.012076,-0.002600,0.999924,0,0.36668,0.65107,10.078,0.567,-1,725.287,-1,656.608,-1,574.539,562.261,538.393,449.294,-1,-1,-1,-1,-1,-1,-1,-1,2,0,2,0,2,0,0,0,0,2,2,2,2,2,2,2,2
91,-7041.670,7822.693,27.973,-15.855,0.961915,0.273188,0.009385,-0.273185,0.961960,-0.001646,-0.009477,-0.000980,0.999955,0,0.36668,0.65107,9.958,0.584,-1,733.212,-1,662.172,-1,579.004,566.324,540.735,442.628,-1,-1,-1,-1,-1,-1,-1,-1,2,0,2,0,2,0,0,0,0,2,2,2,2,2,2,2,2
92,-7031.793,7822.756,27.164,-15.289,0.964585,0.263685,0.006861,-0.263674,0.964609,-0.002393,-0.007249,0.000499,0.999974,0,0.36668,0.65107,9.877,0.566,-1,740.450,-1,667.304,-1,583.039,570.031,543.188,436.631,-1,-1,-1,-1,-1,-1,-1,-1,2,0,2,0,2,0,0,0,0,2,2,2,2,2,2,2,2
93,-7021.849,7822.600,26.579,-14.756,0.967000,0.254707,0.005922,-0.254694,0.967017,-0.002878,-0.006459,0.001275,0.999978,0,0.36721,0.65107,9.946,0.533,-1,743.447,-1,669.830,-1,584.500,571.483,544.525,432.174,-1,-1,-1,-1,-1,-1,-1,-1,2,0,2,0,2,0,0,0,0,2,2,2,2,2,2,2,2
94,-7011.847,7822.449,26.242,-14.232,0.969281,0.245857,0.006919,-0.245834,0.969304,-0.003978,-0.007684,0.002155,0.999968,0,0.36829,0.65107,10.004,0.524,-1,741.361,-1,667.652,-1,582.412,569.508,546.676,428.023,-1,-1,-1,-1,-1,-1,-1,-1,2,0,2,0,2,0,0,0,0,2,2,2,2,2,2,2,2
95,-7001.825,7822.366,26.139,-13.706,0.971469,0.236971,0.009584,-0.236926,0.971511,-0.005657,-0.010652,0.003225,0.999938,0,0.36932,0.65107,10.022,0.526,-1,735.549,-1,661.297,-1,577.294,564.308,549.814,424.041,-1,-1,-1,-1,-1,-1,-1,-1,2,0,2,0,2,0,0,0,0,2,2,2,2,2,2,2,2
96,-6991.671,7822.194,26.180,-13.230,0.973366,0.228904,0.012747,-0.228835,0.973442,-0.006679,-0.013938,0.003584,0.999896,0,0.37036,0.65107,10.155,0.476,-1,728.801,-1,655.042,-1,571.450,558.889,551.805,421.503,-1,-1,-1,-1,-1,-1,-1,-1,2,0,2,0,2,0,0,0,0,2,2,2,2,2,2,2,2
97,-6981.324,7822.029,26.223,-12.774,0.975114,0.221168,0.015412,-0.221081,0.975229,-0.007179,-0.016618,0.003593,0.999855,0,0.37123,0.65107,10.349,0.455,-1,723.461,-1,650.643,-1,566.740,554.753,553.142,419.640,-1,-1,-1,-1,-1,-1,-1,-1,2,0,2,0,2,0,0,0,0,2,2,2,2,2,2,2,2
98,-6968.702,7822.051,26.217,-12.205,0.977233,0.211462,0.017295,-0.211369,0.977381,-0.007066,-0.018398,0.003250,0.999825,0,0.37201,0.65107,12.622,0.570,-1,720.840,-1,647.440,-1,563.644,552.563,553.855,418.254,-1,-1,-1,-1,-1,-1,-1,-1,2,0,2,0,2,0,0,0,0,2,2,2,2,2,2,2,2
99,-6960.123,7822.120,26.112,-11.825,0.978604,0.204965,0.017962,-0.204879,0.978765,-0.006548,-0.018923,0.002728,0.999817,0,0.37301,0.65107,8.580,0.380,-1,720.421,-1,645.922,-1,562.544,552.202,553.406,417.577,-1,-1,-1,-1,-1,-1,-1,-1,2,0,2,0,2,0,0,0,0,2,2,2,2,2,2,2,2
100,-6949.238,7822.310,25.858,-11.334,0.980314,0.196574,0.018505,-0.196496,0.980487,-0.005960,-0.019316,0.002207,0.999811,0,0.37366,0.65107,10.886,0.490,-1,720.495,-1,644.222,-1,561.423,551.435,552.772,416.300,-1,-1,-1,-1,-1,-1,-1,-1,2,0,2,0,2,0,0,0,0,2,2,2,2,2,2,2,2
101,-6938.135,7822.548,25.449,-10.827,0.982005,0.187882,0.019141,-0.187806,0.982190,-0.005709,-0.019873,0.002011,0.999801,0,0.37452,0.65107,11.106,0.507,-1,720.031,-1,641.598,-1,559.724,549.284,552.366,414.196,-1,-1,-1,-1,-1,-1,-1,-1,2,0,2,0,2,0,0,0,0,2,2,2,2,2,2,2,2
102,-6926.792,7822.708,24.849,-10.331,0.983574,0.179366,0.020256,-0.179290,0.983781,-0.005508,-0.020916,0.001786,0.999780,0,0.37542,0.65107,11.345,0.496,-1,717.586,-1,637.488,-1,556.694,545.882,551.274,411.656,-1,-1,-1,-1,-1,-1,-1,-1,2,0,2,0,2,0,0,0,0,2,2,2,2,2,2,2,2
103,-6915.272,7822.806,24.060,-9.859,0.984991,0.171249,0.021607,-0.171186,0.985227,-0.004751,-0.022101,0.000981,0.999755,0,0.37626,0.65107,11.519,0.472,-1,714.130,-1,632.979,-1,552.870,541.906,548.197,409.491,-1,-1,-1,-1,-1,-1,-1,-1,2,0,2,0,2,0,0,0,0,2,2,2,2,2,2,2,2
104,-6903.688,7822.937,23.246,-9.414,0.986247,0.163577,0.023672,-0.163516,0.986530,-0.004484,-0.024087,0.000552,0.999710,0,0.37701,0.65107,11.586,0.445,-1,708.432,-1,626.501,-1,547.603,536.463,545.990,406.960,-1,-1,-1,-1,-1,-1,-1,-1,2,0,2,0,2,0,0,0,0,2,2,2,2,2,2,2,2
105,-6891.956,7823.079,22.566,-8.984,0.987373,0.156175,0.026517,-0.156101,0.987729,-0.004854,-0.026949,0.000653,0.999637,0,0.37766,0.65107,11.732,0.430,-1,701.038,-1,618.234,-1,541.183,529.776,545.555,405.237,-1,-1,-1,-1,-1,1006.777,-1,-1,2,0,2,0,2,0,0,0,0,2,2,2,2,2,0,2,2
106,-6880.017,7823.244,22.032,-8.558,0.988423,0.148845,0.029407,-0.148740,0.988860,-0.005738,-0.029933,0.001298,0.999551,0,0.37825,0.65107,11.941,0.426,-1,694.380,-1,609.802,-1,535.170,523.167,547.874,403.073,-1,-1,-1,-1,-1,985.552,-1,-1,2,0,2,0,2,0,0,0,0,2,2,2,2,2,0,2,2
107,-6867.864,7823.488,21.634,-8.117,0.989451,0.141272,0.032082,-0.141119,0.989968,-0.006993,-0.032748,0.002392,0.999461,0,0.37880,0.65107,12.155,0.441,-1,689.262,-1,601.696,-1,530.162,517.121,551.840,400.659,-1,-1,-1,-1,-1,965.443,-1,-1,2,0,2,0,2,0,0,0,0,2,2,2,2,2,0,2,2
108,-6855.590,7823.909,21.404,-7.650,0.990484,0.133243,0.034458,-0.133034,0.991077,-0.008298,-0.035256,0.003635,0.999372,0,0.37940,0.65107,12.282,0.467,-1,685.921,-1,594.592,-1,526.172,511.979,556.729,398.513,-1,-1,-1,-1,-1,947.660,-1,-1,2,0,2,0,2,0,0,0,0,2,2,2,2,2,0,2,2
109,-6843.197,7824.596,21.270,-7.152,0.991532,0.124668,0.036370,-0.124418,0.992189,-0.009057,-0.037215,0.004455,0.999297,0,0.38007,0.65107,12.412,0.498,-1,684.294,-1,588.768,-1,523.440,508.053,560.844,397.264,-1,-1,-1,-1,-1,933.776,-1,-1,2,0,2,0,2,0,0,0,0,2,2,2,2,2,0,2,2
110,-6830.546,7825.333,21.062,-6.674,0.992487,0.116367,0.037794,-0.116126,0.993198,-0.008522,-0.038528,0.004069,0.999249,0,0.38083,0.65107,12.673,0.479,-1,683.705,-1,584.397,-1,521.707,505.218,561.888,397.523,-1,-1,-1,-1,-1,924.567,-1,-1,2,0,2,0,2,0,0,0,0,2,2,2,2,2,0,2,2
111,-6817.552,7826.111,20.663,-6.205,0.993370,0.108213,0.038804,-0.107998,0.994122,-0.007591,-0.039398,0.003350,0.999218,0,0.55682,0.60518,13.017,0.469,-1,683.755,-1,580.581,-1,520.272,502.956,561.698,398.902,-1,-1,-1,-1,-1,917.092,-1,-1,2,0,2,0,2,0,0,0,0,2,2,2,2,2,0,2,2
112,-6804.077,7826.768,20.053,-5.768,0.994139,0.100589,0.039616,-0.100414,0.994925,-0.006394,-0.040058,0.002379,0.999195,0,0.55773,0.60518,13.491,0.437,-1,683.334,-1,576.742,-1,518.644,500.668,560.563,401.571,-1,-1,-1,-1,-1,909.926,-1,-1,2,0,2,0,2,0,0,0,0,2,2,2,2,2,0,2,2
113,-6790.177,7827.551,19.325,-5.307,0.994862,0.092584,0.040961,-0.092419,0.995703,-0.005924,-0.041333,0.002108,0.999143,0,0.55842,0.60518,13.922,0.460,-1,681.620,-1,571.107,-1,515.871,497.185,560.881,403.294,-1,-1,-1,-1,-1,898.584,-1,-1,2,0,2,0,2,0,0,0,0,2,2,2,2,2,0,2,2
114,-6775.910,7828.470,18.576,-4.818,0.995524,0.084111,0.043103,-0.083911,0.996453,-0.006417,-0.043490,0.002771,0.999050,0,0.55919,0.60518,14.296,0.489,-1,678.398,-1,563.334,-1,511.769,492.176,563.466,403.791,-1,-1,-1,-1,-1,882.249,-1,-1,2,0,2,0,2,0,0,0,0,2,2,2,2,2,0,2,2
115,-6761.315,7829.696,17.857,-4.274,0.996143,0.074732,0.045986,-0.074448,0.997194,-0.007856,-0.046444,0.004403,0.998911,0,0.56005,0.60518,14.646,0.544,-1,674.326,-1,553.783,-1,506.690,485.941,568.481,403.221,-1,-1,-1,-1,-1,861.662,-1,-1,2,0,2,0,2,0,0,0,0,2,2,2,2,2,0,2,2
116,-6746.475,7831.263,17.296,-3.692,0.996689,0.064673,0.049275,-0.064314,0.997891,-0.008831,-0.049742,0.005633,0.998746,0,0.56115,0.60518,14.923,0.582,-1,669.744,-1,544.344,-1,501.452,479.678,572.842,403.697,-1,-1,-1,-1,-1,841.254,-1,-1,2,0,2,0,2,0,0,0,0,2,2,2,2,2,0,2,2
117,-6731.326,7833.082,16.832,-3.102,0.997137,0.054434,0.052489,-0.054035,0.998499,-0.008990,-0.052900,0.006128,0.998581,0,0.56240,0.60518,15.258,0.590,-1,665.998,-1,535.861,-1,496.633,473.987,575.685,405.866,-1,-1,-1,-1,-1,823.135,-1,-1,2,0,2,0,2,0,0,0,0,2,2,2,2,2,0,2,2
118,-6715.828,7835.115,16.401,-2.499,0.997510,0.043931,0.055173,-0.043530,0.999016,-0.008452,-0.055490,0.006030,0.998441,0,0.56366,0.60518,15.631,0.603,-1,664.024,-1,529.354,-1,492.813,469.318,577.207,409.897,-1,-1,-1,-1,-1,809.363,-1,-1,2,0,2,0,2,0,0,0,0,2,2,2,2,2,0,2,2
119,-6699.975,7837.374,15.944,-1.895,0.997787,0.033389,0.057494,-0.033005,0.999426,-0.007618,-0.057715,0.005704,0.998317,0,0.56495,0.60518,16.013,0.604,-1,663.021,-1,523.816,-1,489.556,465.181,578.242,414.537,-1,-1,-1,-1,-1,797.810,-1,-1,2,0,2,0,2,0,0,0,0,2,2,2,2,2,0,2,2
120,-6683.760,7839.842,15.378,-1.293,0.997973,0.022850,0.059398,-0.022525,0.999727,-0.006146,-0.059522,0.004795,0.998215,0,0.56620,0.60518,16.402,0.602,-1,662.481,-1,519.310,-1,487.767,461.522,577.601,419.954,-1,-1,-1,-1,-1,788.164,-1,-1,2,0,2,0,2,0,0,0,0,2,2,2,2,2,0,2,2
121,-6667.171,7842.559,14.594,-0.668,0.998075,0.011925,0.060863,-0.011642,0.999920,-0.004996,-0.060917,0.004278,0.998134,0,0.56739,0.60518,16.809,0.625,-1,663.143,-1,514.876,-1,486.731,458.034,577.389,424.617,-1,-1,-1,-1,-1,778.874,-1,-1,2,0,2,0,2,0,0,0,0,2,2,2,2,2,0,2,2
122,-6650.389,7845.695,13.727,0.022,0.998054,-0.000093,0.062353,0.000375,0.999990,-0.004503,-0.062352,0.004518,0.998044,0,0.56865,0.60518,17.073,0.690,-1,665.072,-1,509.968,-1,485.900,455.132,579.023,428.148,-1,-1,-1,-1,-1,768.487,-1,-1,2,0,2,0,2,0,0,0,0,2,2,2,2,2,0,2,2
123,-6633.384,7849.032,12.825,0.716,0.997856,-0.012188,0.064304,0.012470,0.999914,-0.003978,-0.064250,0.004771,0.997922,0,0.57021,0.60518,17.329,0.694,-1,665.557,-1,504.265,-1,484.312,452.205,580.627,432.050,-1,-1,-1,-1,-1,756.542,-1,-1,2,0,2,0,2,0,0,0,0,2,2,2,2,2,0,2,2
124,-6616.144,7852.787,11.833,1.471,0.997458,-0.025267,0.066632,0.025618,0.999662,-0.004416,-0.066498,0.006112,0.997768,0,0.57176,0.60518,17.645,0.755,-1,666.250,-1,497.428,-1,482.459,448.968,584.472,434.427,-1,-1,-1,-1,-1,744.489,-1,-1,2,0,2,0,2,0,0,0,0,2,2,2,2,2,0,2,2
125,-6598.757,7857.054,10.828,2.297,0.996806,-0.039530,0.069389,0.039989,0.999186,-0.005241,-0.069126,0.007999,0.997576,0,0.57358,0.60518,17.903,0.826,-1,666.824,-1,489.924,-1,480.419,445.414,589.295,436.281,-1,-1,-1,-1,-1,734.782,-1,-1,2,0,2,0,2,0,0,0,0,2,2,2,2,2,0,2,2
126,-6581.386,7861.881,9.959,3.164,0.995916,-0.054513,0.071968,0.055047,0.998469,-0.005449,-0.071561,0.009388,0.997392,0,0.57572,0.60518,18.029,0.866,-1,668.552,-1,484.726,-1,479.143,442.737,593.041,439.463,-1,-1,-1,-1,-1,729.252,-1,-1,2,0,2,0,2,0,0,0,0,2,2,2,2,2,0,2,2
127,-6564.131,7867.335,9.114,4.089,0.994747,-0.070486,0.074236,0.071113,0.997451,-0.005822,-0.073636,0.011071,0.997224,0,0.57806,0.60518,18.097,0.925,-1,672.380,-1,481.544,-1,478.872,440.917,597.286,441.869,-1,-1,-1,-1,-1,725.494,-1,-1,2,0,2,0,2,0,0,0,0,2,2,2,2,2,0,2,2
128,-6547.103,7873.397,8.285,5.046,0.993325,-0.087061,0.075675,0.087704,0.996133,-0.005197,-0.074930,0.011800,0.997119,0,0.58070,0.60518,18.075,0.957,-1,676.012,-1,480.724,-1,481.517,440.627,598.881,446.612,-1,-1,-1,-1,-1,726.122,-1,-1,2,0,2,0,2,0,0,0,0,2,2,2,2,2,0,2,2
129,-6530.235,7879.980,7.404,6.034,0.991659,-0.104280,0.075746,0.104831,0.994484,-0.003331,-0.074981,0.011243,0.997122,0,0.58350,0.60518,18.107,0.989,-1,679.830,-1,482.703,-1,487.022,443.110,596.850,453.601,-1,-1,-1,-1,-1,733.885,-1,-1,2,0,2,0,2,0,0,0,0,2,2,2,2,2,0,2,2
130,-6513.858,7887.411,6.374,7.138,0.989446,-0.123375,0.076001,0.123905,0.992291,-0.002280,-0.075134,0.011673,0.997105,0,0.58648,0.60518,17.985,1.103,-1,683.955,-1,484.319,-1,492.830,447.077,596.005,459.128,-1,-1,-1,-1,-1,744.911,-1,-1,2,0,2,0,2,0,0,0,0,2,2,2,2,2,0,2,2
131,-6497.330,7894.870,5.224,8.164,0.987146,-0.141313,0.074651,0.141622,0.989920,0.001162,-0.074063,0.009426,0.997209,0,0.59006,0.60518,18.133,1.026,-1,688.633,-1,488.837,-1,499.672,453.420,588.694,467.320,-1,-1,-1,-1,-1,767.062,-1,-1,2,0,2,0,2,0,0,0,0,2,2,2,2,2,0,2,2
132,-6480.934,7902.517,3.972,9.189,0.984505,-0.159167,0.073593,0.159256,0.987226,0.004691,-0.073400,0.007101,0.997277,0,0.24872,0.54104,18.092,1.024,-1,691.598,-1,494.444,-1,505.515,459.027,580.997,475.901,-1,-1,-1,-1,-1,788.756,-1,-1,2,0,2,0,2,0,0,0,0,2,2,2,2,2,0,2,2
133,-6465.210,7910.406,2.753,10.214,0.981446,-0.176907,0.073937,0.176837,0.984211,0.007544,-0.074104,0.005671,0.997234,0,0.25005,0.54104,17.592,1.025,-1,689.111,-1,498.991,-1,508.964,462.480,575.292,483.199,-1,-1,-1,-1,-1,804.276,-1,-1,2,0,2,0,2,0,0,0,0,2,2,2,2,2,0,2,2
134,-6450.128,7918.566,1.589,11.276,0.977893,-0.195134,0.075148,0.194982,0.980762,0.009414,-0.075539,0.005447,0.997128,0,0.25141,0.54104,17.148,1.062,-1,684.827,-1,501.998,-1,511.868,464.932,572.164,488.562,-1,-1,-1,-1,-1,813.250,-1,-1,2,0,2,0,2,0,0,0,0,2,2,2,2,2,0,2,2
135,-6435.301,7926.726,0.517,12.297,0.974201,-0.212614,0.075683,0.212364,0.977124,0.011436,-0.076383,0.004931,0.997066,0,0.25287,0.54104,16.924,1.021,-1,682.150,-1,506.277,-1,516.120,469.239,568.893,491.249,-1,-1,-1,-1,-1,823.836,-1,-1,2,0,2,0,2,0,0,0,0,2,2,2,2,2,0,2,2
136,-6420.807,7934.974,-0.353,13.300,0.970309,-0.229698,0.075750,0.229372,0.973251,0.013102,-0.076733,0.004662,0.997041,0,0.25425,0.54104,16.676,1.003,-1,681.570,-1,511.788,-1,521.781,476.037,566.901,493.635,-1,-1,-1,-1,-1,837.233,-1,-1,2,0,2,0,2,0,0,0,0,2,2,2,2,2,0,2,2
137,-6406.749,7943.251,-0.909,14.258,0.966347,-0.245988,0.075254,0.245568,0.969265,0.014926,-0.076613,0.004057,0.997053,0,0.25561,0.53788,16.314,0.958,-1,682.818,-1,519.654,-1,528.871,484.227,565.237,497.532,-1,-1,-1,-1,-1,854.510,-1,-1,2,0,2,0,2,0,0,0,0,2,2,2,2,2,0,2,2
138,-6393.141,7951.655,-1.281,15.183,0.962300,-0.261704,0.074095,0.261143,0.965144,0.017337,-0.076050,0.002666,0.997100,0,0.25690,0.53158,15.994,0.925,-1,684.284,-1,530.166,-1,537.010,493.711,562.476,503.776,-1,-1,-1,-1,-1,871.445,-1,-1,2,0,2,0,2,0,0,0,0,2,2,2,2,2,0,2,2
139,-6379.714,7959.946,-1.658,16.029,0.958387,-0.276120,0.072474,0.275330,0.961123,0.020876,-0.075421,-0.000053,0.997152,0,0.25813,0.52554,15.780,0.846,-1,683.966,-1,541.317,-1,541.991,503.174,557.162,509.790,-1,-1,-1,-1,-1,886.998,-1,-1,2,0,2,0,2,0,0,0,0,2,2,2,2,2,0,2,2
140,-6366.531,7968.330,-2.049,16.868,0.954271,-0.290379,0.071047,0.289351,0.956907,0.024591,-0.075126,-0.002909,0.997170,0,0.25920,0.52027,15.623,0.840,-1,682.690,-1,552.038,-1,546.003,511.974,551.544,513.668,-1,-1,-1,-1,-1,901.469,-1,-1,2,0,2,0,2,0,0,0,0,2,2,2,2,2,0,2,2
141,-6353.785,7977.104,-2.609,17.808,0.949322,-0.306094,0.071368,0.304937,0.951994,0.026852,-0.076161,-0.003729,0.997089,0,0.26027,0.51502,15.474,0.940,-1,679.377,-1,559.332,-1,547.327,517.456,549.192,513.412,-1,-1,-1,-1,-1,906.925,-1,-1,2,0,2,0,2,0,0,0,0,2,2,2,2,2,0,2,2
142,-6341.087,7985.983,-3.380,18.740,0.944144,-0.321606,0.071839,0.320311,0.946863,0.029197,-0.077411,-0.004555,0.996989,0,0.26157,0.50868,15.494,0.932,-1,675.009,-1,565.711,-1,547.633,521.116,546.258,512.553,-1,-1,-1,-1,-1,909.575,-1,-1,2,0,2,0,2,0,0,0,0,2,2,2,2,2,0,2,2
143,-6328.288,7994.868,-4.356,19.611,0.939090,-0.336074,0.071867,0.334591,0.941816,0.032128,-0.078483,-0.006125,0.996897,0,0.26284,0.50244,15.581,0.871,-1,669.981,-1,571.710,-1,547.567,524.474,541.606,512.318,-1,-1,-1,-1,-1,909.489,-1,-1,2,0,2,0,2,0,0,0,0,2,2,2,2,2,0,2,2
144,-6315.401,8003.770,-5.509,20.421,0.934187,-0.349519,0.071634,0.347808,0.936893,0.035507,-0.079523,-0.008255,0.996799,0,0.26398,0.49685,15.662,0.810,-1,664.083,-1,575.823,-1,545.982,527.308,535.752,511.395,-1,-1,-1,-1,-1,909.968,-1,-1,2,0,2,0,2,0,0,0,0,2,2,2,2,2,0,2,2
145,-6302.432,8012.681,-6.750,21.171,0.929481,-0.361949,0.071121,0.359973,0.932133,0.039331,-0.080530,-0.010956,0.996692,0,0.26499,0.49192,15.736,0.750,-1,657.605,-1,579.791,-1,542.585,529.825,528.985,510.611,-1,-1,-1,-1,-1,910.619,-1,-1,2,0,2,0,2,0,0,0,0,2,2,2,2,2,0,2,2
146,-6289.380,8021.562,-7.978,21.860,0.924993,-0.373384,0.070513,0.371097,0.927568,0.043636,-0.081698,-0.014196,0.996556,0,0.26586,0.48763,15.786,0.690,-1,650.544,-1,583.437,-1,538.827,529.908,521.665,510.940,-1,-1,-1,-1,-1,910.966,-1,-1,2,0,2,0,2,0,0,0,0,2,2,2,2,2,0,2,2
147,-6276.373,8030.475,-9.067,22.510,0.920600,-0.384078,0.070566,0.381518,0.923152,0.047277,-0.083301,-0.016601,0.996386,0,0.26660,0.48399,15.769,0.650,-1,643.513,-1,585.895,-1,534.748,528.208,516.732,510.322,-1,-1,-1,-1,-1,908.637,-1,-1,2,0,2,0,2,0,0,0,0,2,2,2,2,2,0,2,2
148,-6263.422,8039.446,-10.064,23.151,0.916122,-0.394511,0.071280,0.391732,0.918716,0.050078,-0.085242,-0.017955,0.996198,0,0.26726,0.48076,15.754,0.641,-1,636.764,-1,586.895,-1,530.468,525.933,514.206,507.948,-1,-1,-1,-1,-1,901.732,-1,-1,2,0,2,0,2,0,0,0,0,2,2,2,2,2,0,2,2
149,-6250.458,8048.480,-11.114,23.784,0.911571,-0.404697,0.072517,0.401743,0.914265,0.052173,-0.087414,-0.018426,0.996002,0,0.26790,0.47763,15.801,0.632,-1,630.052,-1,585.170,-1,525.847,522.992,513.332,503.748,-1,-1,-1,-1,-1,892.719,-1,-1,2,0,2,0,2,0,0,0,0,2,2,2,2,2,0,2,2
150,-6237.445,8057.563,-12.271,24.400,0.907016,-0.414537,0.074028,0.411443,0.909848,0.053766,-0.089642,-0.018309,0.995806,0,0.26852,0.47462,15.870,0.616,-1,623.417,-1,582.700,-1,521.031,519.622,513.562,497.630,-1,-1,-1,-1,-1,882.457,-1,-1,2,0,2,0,2,0,0,0,0,2,2,2,2,2,0,2,2
151,-6224.395,8066.755,-13.559,25.020,0.902344,-0.424328,0.075636,0.421144,0.905338,0.054779,-0.091721,-0.017576,0.995630,0,0.26909,0.47180,15.962,0.619,-1,617.250,-1,579.912,-1,516.322,516.161,514.727,490.438,-1,-1,-1,-1,-1,872.496,-1,-1,2,0,2,0,2,0,0,0,0,2,2,2,2,2,0,2,2
152,-6211.338,8076.111,-14.981,25.646,0.897544,-0.434134,0.077087,0.430916,0.900700,0.055244,-0.093415,-0.016366,0.995493,0,0.26966,0.46899,16.063,0.626,-1,611.933,-1,577.187,-1,511.738,513.041,516.490,482.150,-1,-1,-1,-1,1005.958,863.761,-1,-1,2,0,2,0,2,0,0,0,0,2,2,2,2,0,0,2,2
153,-6198.303,8085.663,-16.518,26.281,0.892611,-0.444003,0.078145,0.440796,0.895901,0.055318,-0.094571,-0.014931,0.995406,0,0.27025,0.46614,16.160,0.636,-1,607.569,-1,574.440,-1,507.787,509.407,518.413,473.311,-1,-1,-1,-1,1000.754,855.192,-1,-1,2,0,2,0,2,0,0,0,0,2,2,2,2,0,0,2,2
154,-6185.256,8095.637,-18.150,26.959,0.887358,-0.454425,0.078066,0.451333,0.890688,0.054532,-0.094313,-0.013156,0.995456,0,0.64617,0.55354,16.423,0.678,-1,606.087,-1,573.936,-1,505.990,506.390,520.754,463.850,-1,-1,-1,-1,1003.063,850.554,-1,-1,2,0,2,0,2,0,0,0,0,2,2,2,2,0,0,2,2
155,-6172.119,8106.223,-19.915,27.720,0.881471,-0.466015,0.076416,0.463178,0.884710,0.052486,-0.092065,-0.010871,0.995694,0,0.64777,0.55024,16.871,0.761,-1,608.822,-1,573.796,-1,507.234,506.027,523.637,453.458,-1,-1,-1,-1,-1,852.085,-1,-1,2,0,2,0,2,0,0,0,0,2,2,2,2,2,0,2,2
156,-6159.268,8117.604,-21.712,28.624,0.874280,-0.479540,0.075338,0.477157,0.877499,0.048138,-0.089194,-0.006138,0.995995,0,0.64976,0.54616,17.166,0.904,-1,614.709,-1,573.904,-1,509.969,506.392,530.476,441.333,-1,-1,-1,-1,-1,853.881,-1,-1,2,0,2,0,2,0,0,0,0,2,2,2,2,2,0,2,2
157,-6146.355,8129.543,-23.623,29.617,0.866135,-0.494158,0.074953,0.492366,0.869372,0.042049,-0.085941,0.000485,0.996300,0,0.65245,0.54062,17.586,0.992,-1,622.623,-1,573.801,-1,513.459,506.981,540.512,428.087,-1,-1,-1,-1,-1,855.609,-1,-1,2,0,2,0,2,0,0,0,0,2,2,2,2,2,0,2,2
158,-6133.191,8141.944,-25.720,30.630,0.857585,-0.508884,0.074733,0.507775,0.860795,0.034589,-0.081932,0.008285,0.996603,0,0.65554,0.53427,18.086,1.013,-1,632.957,-1,574.104,-1,517.776,508.211,552.818,413.313,-1,-1,-1,-1,-1,858.311,-1,-1,2,0,2,0,2,0,0,0,0,2,2,2,2,2,0,2,2
159,-6119.889,8154.842,-28.013,31.669,0.848538,-0.523794,0.074984,0.523433,0.851671,0.025979,-0.077469,0.017205,0.996846,0,0.65868,0.52782,18.529,1.039,-1,645.174,-1,573.443,-1,522.700,509.636,567.248,397.250,-1,-1,-1,-1,-1,861.013,-1,-1,2,0,2,0,2,0,0,0,0,2,2,2,2,2,0,2,2
160,-6106.789,8168.259,-30.066,32.771,0.838442,-0.539448,0.077523,0.539741,0.841618,0.018932,-0.075457,0.025969,0.996811,0,0.66191,0.52119,18.752,1.102,-1,652.608,-1,568.802,-1,524.045,507.952,581.196,385.689,-1,-1,-1,-1,-1,856.225,-1,-1,2,0,2,0,2,0,0,0,0,2,2,2,2,2,0,2,2
161,-6093.879,8182.226,-31.699,33.880,0.827816,-0.555141,0.080865,0.555855,0.831135,0.015478,-0.075802,0.032136,0.996605,0,0.66544,0.51394,19.020,1.109,-1,653.818,-1,562.560,-1,521.899,503.696,590.696,378.648,-1,-1,-1,-1,-1,848.570,-1,-1,2,0,2,0,2,0,0,0,0,2,2,2,2,2,0,2,2
162,-6081.051,8196.642,-33.003,34.954,0.817091,-0.570379,0.083844,0.571157,0.820670,0.016767,-0.078372,0.034189,0.996338,0,0.66900,0.50662,19.297,1.074,-1,648.098,-1,555.014,-1,516.172,497.312,592.238,377.064,-1,-1,-1,-1,-1,837.685,-1,-1,2,0,2,0,2,0,0,0,0,2,2,2,2,2,0,2,2
163,-6068.350,8211.622,-34.303,36.014,0.806077,-0.585367,0.087089,0.585957,0.810062,0.021322,-0.083029,0.033843,0.995972,0,0.67237,0.49970,19.640,1.060,-1,635.888,-1,545.418,-1,506.632,488.489,588.477,378.891,-1,-1,-1,-1,-1,822.244,-1,-1,2,0,2,0,2,0,0,0,0,2,2,2,2,2,0,2,2
164,-6055.800,8227.206,-35.818,37.084,0.794603,-0.600403,0.090122,0.600603,0.799059,0.027924,-0.088779,0.031939,0.995539,0,0.67566,0.49293,20.009,1.070,-1,619.663,-1,534.731,-1,494.828,478.104,580.805,383.244,-1,-1,-1,-1,-1,804.908,-1,-1,2,0,2,0,2,0,0,0,0,2,2,2,2,2,0,2,2
165,-6043.397,8243.395,-37.710,38.172,0.782601,-0.615590,0.092658,0.615217,0.787538,0.035952,-0.095104,0.028869,0.995049,0,0.67898,0.48611,20.394,1.088,-1,600.649,-1,523.202,-1,481.435,466.477,569.843,389.855,-1,-1,-1,-1,-1,785.579,-1,-1,2,0,2,0,2,0,0,0,0,2,2,2,2,2,0,2,2
166,-6030.941,8260.107,-40.132,39.242,0.770463,-0.630440,0.094506,0.629322,0.775841,0.044990,-0.101685,0.024812,0.994507,0,0.68237,0.47914,20.844,1.071,-1,579.523,-1,510.250,-1,466.857,453.627,556.107,396.904,-1,-1,-1,-1,-1,765.887,-1,-1,2,0,2,0,2,0,0,0,0,2,2,2,2,2,0,2,2
167,-6018.475,8277.428,-43.102,40.313,0.758090,-0.645108,0.095575,0.643198,0.763810,0.053759,-0.107682,0.020720,0.993970,0,0.68564,0.47242,21.340,1.070,-1,558.969,-1,497.364,-1,452.512,440.821,541.584,403.377,-1,-1,-1,-1,990.155,746.451,-1,-1,2,0,2,0,2,0,0,0,0,2,2,2,2,0,0,2,2
168,-6005.682,8295.260,-46.405,41.320,0.746319,-0.658821,0.094670,0.656116,0.752129,0.061750,-0.111886,0.016029,0.993592,0,0.68887,0.46579,21.946,1.007,-1,541.458,-1,487.373,-1,440.338,430.147,526.386,411.140,-1,-1,-1,-1,949.373,731.913,-1,-1,2,0,2,0,2,0,0,0,0,2,2,2,2,0,0,2,2
169,-5992.339,8313.639,-49.701,42.223,0.735811,-0.670910,0.091988,0.667726,0.741433,0.066482,-0.112806,0.012505,0.993538,0,0.69170,0.45997,22.711,0.903,-1,531.567,-1,481.732,-1,433.190,423.878,514.984,418.315,-1,-1,-1,-1,929.711,727.050,-1,-1,2,0,2,0,2,0,0,0,0,2,2,2,2,0,0,2,2
170,-5978.588,8332.586,-52.803,43.102,0.725587,-0.682286,0.089498,0.679035,0.730991,0.067549,-0.111510,0.011760,0.993694,0,0.69391,0.45543,23.412,0.879,-1,528.488,-1,478.117,-1,430.005,420.426,509.815,422.762,-1,-1,-1,-1,929.050,727.045,-1,-1,2,0,2,0,2,0,0,0,0,2,2,2,2,0,0,2,2
171,-5964.508,8351.632,-55.431,43.940,0.715699,-0.692854,0.087905,0.689689,0.720970,0.067316,-0.110017,0.012449,0.993852,0,0.26406,0.91003,23.685,0.838,-1,528.333,-1,474.944,-1,428.260,417.679,508.748,426.623,-1,-1,-1,-1,934.345,726.890,-1,-1,2,0,2,0,2,0,0,0,0,2,2,2,2,0,0,2,2
172,-5947.559,8374.084,-57.654,44.861,0.704485,-0.704181,0.088488,0.701065,0.709876,0.067703,-0.110490,0.014340,0.993774,0,0.26471,0.90653,28.131,0.921,-1,526.334,-1,469.735,-1,424.976,412.930,511.753,431.210,-1,-1,-1,-1,933.498,722.350,-1,-1,2,0,2,0,2,0,0,0,0,2,2,2,2,0,0,2,2
173,-5936.498,8389.105,-58.746,45.476,0.696858,-0.711599,0.089528,0.708538,0.702400,0.067882,-0.111189,0.016130,0.993668,0,0.26531,0.90326,18.655,0.616,-1,525.543,-1,466.289,-1,423.619,410.420,515.507,433.627,-1,-1,-1,-1,932.939,718.926,-1,-1,2,0,2,0,2,0,0,0,0,2,2,2,2,0,0,2,2
174,-5922.870,8407.925,-59.871,46.232,0.687420,-0.720655,0.090052,0.717631,0.693068,0.068283,-0.111621,0.017685,0.993593,0,0.26571,0.90107,23.235,0.756,-1,525.606,-1,463.510,-1,423.151,408.563,519.308,437.980,-1,-1,-1,-1,934.326,717.706,-1,-1,2,0,2,0,2,0,0,0,0,2,2,2,2,0,0,2,2
175,-5909.479,8426.880,-60.971,46.968,0.678211,-0.729454,0.089027,0.726488,0.683782,0.068247,-0.110658,0.018391,0.993688,0,0.26619,0.89848,23.208,0.737,-1,528.265,-1,463.260,-1,424.603,408.739,521.376,443.594,-1,-1,-1,-1,942.040,723.021,-1,-1,2,0,2,0,2,0,0,0,0,2,2,2,2,0,0,2,2
176,-5896.258,8445.962,-62.217,47.675,0.669426,-0.737907,0.085806,0.735057,0.674661,0.067260,-0.107521,0.018046,0.994039,0,0.26663,0.89610,23.215,0.707,-1,534.908,-1,467.224,-1,428.744,411.690,521.603,449.522,-1,-1,-1,-1,959.243,739.588,-1,-1,2,0,2,0,2,0,0,0,0,2,2,2,2,0,0,2,2
177,-5883.399,8465.223,-63.736,48.401,0.660382,-0.746473,0.081690,0.743827,0.665180,0.065246,-0.103043,0.017676,0.994520,0,0.26701,0.89405,23.159,0.725,-1,543.147,-1,473.466,-1,434.432,416.186,521.105,455.213,-1,-1,-1,-1,979.992,761.125,-1,-1,2,0,2,0,2,0,0,0,0,2,2,2,2,0,0,2,2
178,-5870.780,8484.548,-65.504,49.102,0.651569,-0.754692,0.076795,0.752252,0.655864,0.062916,-0.097849,0.016775,0.995060,0,0.26742,0.89182,23.080,0.701,-1,552.056,-1,480.751,-1,441.084,422.585,519.259,460.231,-1,-1,-1,-1,1002.228,786.967,-1,-1,2,0,2,0,2,0,0,0,0,2,2,2,2,0,0,2,2
179,-5858.449,8503.923,-67.486,49.787,0.642835,-0.762623,0.071901,0.760353,0.646656,0.060818,-0.092877,0.015574,0.995556,0,0.26779,0.88983,22.966,0.685,-1,560.293,-1,487.496,-1,447.016,428.381,516.274,464.337,-1,-1,-1,-1,-1,814.809,-1,-1,2,0,2,0,2,0,0,0,0,2,2,2,2,2,0,2,2
180,-5846.366,8523.298,-69.596,50.456,0.634177,-0.770215,0.067738,0.768109,0.637614,0.058799,-0.088478,0.014741,0.995969,0,0.26812,0.88802,22.834,0.668,-1,567.667,-1,494.919,-1,451.933,433.096,513.487,467.700,-1,-1,-1,-1,-1,841.050,-1,-1,2,0,2,0,2,0,0,0,0,2,2,2,2,2,0,2,2
181,-5834.489,8542.660,-71.742,51.094,0.625790,-0.777351,0.064126,0.775391,0.628910,0.056931,-0.084584,0.014096,0.996317,0,0.26843,0.88638,22.715,0.638,-1,573.775,-1,501.342,-1,456.094,437.391,510.960,468.112,-1,-1,-1,-1,-1,866.676,-1,-1,2,0,2,0,2,0,0,0,0,2,2,2,2,2,0,2,2
182,-5822.713,8561.983,-73.882,51.689,0.617911,-0.783916,0.060508,0.782093,0.620724,0.055059,-0.080720,0.013301,0.996648,0,0.26867,0.88506,22.628,0.594,-1,579.406,-1,507.600,-1,460.809,442.429,508.359,468.725,-1,-1,-1,-1,-1,893.964,-1,-1,2,0,2,0,2,0,0,0,0,2,2,2,2,2,0,2,2
183,-5811.022,8581.280,-75.953,52.251,0.610398,-0.790030,0.057156,0.788367,0.612934,0.052815,-0.076758,0.012822,0.996967,0,0.26882,0.88424,22.562,0.562,-1,586.200,-1,514.093,-1,465.884,447.417,506.415,469.021,-1,-1,-1,-1,-1,922.115,-1,-1,2,0,2,0,2,0,0,0,0,2,2,2,2,2,0,2,2
184,-5799.376,8600.540,-77.896,52.777,0.603321,-0.795676,0.053885,0.794182,0.605594,0.050304,-0.072658,0.012445,0.997279,0,0.26890,0.88379,22.507,0.526,-1,594.250,-1,522.384,-1,471.224,452.923,504.521,469.406,-1,-1,-1,-1,-1,955.779,-1,-1,2,0,2,0,2,0,0,0,0,2,2,2,2,2,0,2,2
185,-5787.712,8619.730,-79.658,53.253,0.596878,-0.800757,0.050247,0.799415,0.598876,0.047784,-0.068355,0.011648,0.997593,0,0.26891,0.88378,22.457,0.476,-1,603.193,-1,532.025,-1,477.298,459.433,502.562,469.036,-1,-1,-1,-1,-1,994.646,-1,-1,2,0,2,0,2,0,0,0,0,2,2,2,2,2,0,2,2
186,-5776.093,8638.862,-81.175,53.695,0.590888,-0.805460,0.045664,0.804253,0.592565,0.045209,-0.063473,0.010012,0.997933,0,0.26880,0.88435,22.384,0.442,-1,613.674,-1,544.485,-1,485.349,468.209,500.008,468.859,-1,-1,-1,-1,-1,-1,-1,-1,2,0,2,0,2,0,0,0,0,2,2,2,2,2,2,2,2
187,-5764.651,8657.915,-82.480,54.119,0.585060,-0.809871,0.042588,0.808804,0.586532,0.042629,-0.059504,0.009505,0.998183,0,0.26862,0.88533,22.224,0.424,-1,623.171,-1,555.251,-1,492.704,475.831,499.592,467.472,-1,-1,-1,-1,-1,-1,-1,-1,2,0,2,0,2,0,0,0,0,2,2,2,2,2,2,2,2
188,-5750.966,8680.674,-83.883,54.584,0.578620,-0.814632,0.039663,0.813721,0.579903,0.039626,-0.055282,0.009346,0.998427,0,0.26840,0.88652,26.557,0.465,-1,634.221,-1,567.922,-1,501.116,484.400,500.215,465.465,-1,-1,-1,-1,-1,-1,-1,-1,2,0,2,0,2,0,0,0,0,2,2,2,2,2,2,2,2
189,-5741.878,8695.816,-84.792,54.871,0.574625,-0.817551,0.037635,0.816742,0.575783,0.037496,-0.052325,0.009192,0.998588,0,0.26804,0.88847,17.660,0.287,-1,641.860,-1,576.910,-1,507.109,490.486,500.681,464.277,-1,-1,-1,-1,-1,-1,-1,-1,2,0,2,0,2,0,0,0,0,2,2,2,2,2,2,2,2
190,-5730.658,8714.372,-85.888,55.191,0.570153,-0.820816,0.034442,0.820066,0.571140,0.035928,-0.049161,0.007760,0.998761,0,-0.15427,0.79850,21.684,0.320,-1,649.156,-1,587.736,-1,513.648,497.863,499.478,464.278,-1,-1,-1,-1,-1,-1,-1,-1,2,0,2,0,2,0,0,0,0,2,2,2,2,2,2,2,2
191,-5719.991,8731.590,-86.209,55.312,0.568516,-0.822269,0.025737,0.821418,0.569098,0.037403,-0.045402,-0.000123,0.998969,0,-0.15402,0.80088,20.254,0.121,-1,654.136,-1,606.751,-1,521.729,509.016,490.053,475.584,-1,-1,-1,-1,-1,-1,-1,999.115,2,0,2,0,2,0,0,0,0,2,2,2,2,2,2,2,1
192,-5710.047,8748.080,-85.620,55.411,0.567208,-0.823450,0.014351,0.822545,0.567283,0.040117,-0.041175,-0.010950,0.999092,0,-0.15358,0.80499,19.256,0.098,-1,660.072,-1,633.993,-1,532.430,523.911,477.293,494.638,-1,-1,-1,-1,-1,-1,-1,983.942,2,0,2,0,2,0,0,0,0,2,2,2,2,2,2,2,1
193,-5700.730,8764.200,-84.626,55.569,0.564987,-0.825080,0.005693,0.824170,0.564664,0.043565,-0.039159,-0.019921,0.999034,0,-0.15315,0.80909,18.619,0.158,-1,662.754,-1,655.845,-1,540.177,535.300,468.268,512.608,-1,-1,-1,-1,-1,1007.040,-1,970.039,2,0,2,0,2,0,0,0,0,2,2,2,2,2,1,2,1
194,-5691.829,8779.690,-83.892,55.758,0.562185,-0.827003,0.003827,0.825924,0.561677,0.048664,-0.042394,-0.024198,0.998808,0,-0.15279,0.81243,17.866,0.189,-1,654.852,-1,657.894,-1,537.502,534.795,465.135,521.649,-1,-1,-1,-1,-1,994.587,-1,957.065,2,0,2,0,2,0,0,0,0,2,2,2,2,2,1,2,1
195,-5682.989,8794.403,-83.770,55.909,0.559818,-0.828587,0.006893,0.827124,0.559290,0.055331,-0.049702,-0.025274,0.998444,0,-0.15249,0.81530,17.164,0.151,-1,637.831,-1,643.446,-1,525.830,523.888,465.027,523.358,-1,-1,-1,-1,-1,982.732,-1,944.237,2,0,2,0,2,0,0,0,0,2,2,2,2,2,1,2,1
196,-5674.055,8808.502,-84.343,55.995,0.558325,-0.829533,0.012176,0.827603,0.557930,0.061541,-0.057844,-0.024283,0.998030,0,-0.15215,0.81850,16.691,0.086,-1,619.151,-1,623.127,-1,511.557,509.472,466.477,519.434,-1,-1,-1,-1,-1,970.659,-1,931.146,2,0,2,0,2,0,0,0,0,2,2,2,2,2,1,2,1
197,-5665.173,8822.351,-85.513,56.104,0.556560,-0.830630,0.017194,0.828365,0.556391,0.065123,-0.063660,-0.022001,0.997729,0,-0.15174,0.82235,16.452,0.108,-1,605.762,-1,606.841,-1,500.815,498.211,468.681,511.958,-1,-1,-1,-1,-1,958.723,-1,918.291,2,0,2,0,2,0,0,0,0,2,2,2,2,2,1,2,1
198,-5656.345,8836.094,-87.078,56.237,0.554587,-0.831893,0.019664,0.829583,0.554584,0.065029,-0.065003,-0.019752,0.997690,0,-0.15135,0.82597,16.334,0.133,-1,601.711,-1,601.311,-1,497.397,494.505,470.359,504.160,-1,-1,-1,-1,-1,946.528,-1,905.505,2,0,2,0,2,0,0,0,0,2,2,2,2,2,1,2,1
199,-5647.659,8849.711,-88.857,56.383,0.552584,-0.833233,0.019333,0.831170,0.552636,0.061229,-0.061702,-0.017765,0.997937,0,-0.15099,0.82937,16.152,0.146,-1,607.547,-1,607.471,-1,501.863,498.956,471.559,497.098,-1,-1,-1,-1,-1,934.048,-1,892.782,2,0,2,0,2,0,0,0,0,2,2,2,2,2,1,2,1
200,-5639.387,8862.942,-90.505,56.596,0.549742,-0.835131,0.018414,0.833602,0.549888,0.052262,-0.053771,-0.013381,0.998464,0,-0.15064,0.83263,15.604,0.213,-1,626.316,-1,624.568,-1,515.775,512.258,476.872,486.915,-1,-1,-1,-1,-1,922.291,-1,880.855,2,0,2,0,2,0,0,0,0,2,2,2,2,2,1,2,1
201,-5631.350,8875.638,-91.930,56.810,0.546932,-0.836986,0.017877,0.836122,0.547190,0.038510,-0.042014,-0.006115,0.999098,0,-0.15038,0.83508,15.026,0.214,-1,657.721,-1,651.095,-1,538.752,533.534,487.493,473.201,-1,-1,-1,-1,-1,910.766,-1,869.256,2,0,2,0,2,0,0,0,0,2,2,2,2,2,1,2,1
202,-5623.058,8887.304,-93.157,56.831,0.546877,-0.837047,0.016657,0.836716,0.547130,0.023558,-0.028833,0.001053,0.999584,0,-0.15013,0.83742,14.313,0.021,-1,696.035,-1,683.930,-1,565.905,559.037,499.302,460.282,-1,-1,-1,-1,-1,897.675,-1,856.558,2,0,2,0,2,0,0,0,0,2,2,2,2,2,1,2,1
203,-5614.299,8897.390,-94.448,56.514,0.551630,-0.833967,0.014235,0.833869,0.551796,0.013524,-0.019134,0.004410,0.999807,0,-0.14969,0.84164,13.358,-0.317,-1,722.687,-1,709.114,-1,584.965,578.344,505.520,452.483,-1,-1,-1,-1,-1,882.107,-1,842.029,2,0,2,0,2,0,0,0,0,2,2,2,2,2,1,2,1
204,-5605.643,8906.554,-95.771,56.089,0.557841,-0.829844,0.013115,0.829805,0.557969,0.009714,-0.015379,0.005464,0.999867,0,-0.14888,0.84918,12.606,-0.425,-1,726.733,-1,717.462,-1,591.237,584.852,507.580,447.627,-1,-1,-1,-1,-1,866.603,-1,827.519,2,0,2,0,2,0,0,0,0,2,2,2,2,2,1,2,1
205,-5597.443,8915.313,-96.974,55.700,0.563443,-0.826040,0.013779,0.825988,0.563586,0.010687,-0.016594,0.005359,0.999848,0,-0.14798,0.85765,11.999,-0.388,-1,720.809,-1,711.273,-1,586.821,580.521,507.346,444.429,-1,-1,-1,-1,-1,852.420,-1,814.010,2,0,2,0,2,0,0,0,0,2,2,2,2,2,1,2,1
206,-5589.825,8923.921,-98.003,55.390,0.567859,-0.822990,0.014988,0.822860,0.568044,0.015101,-0.020942,0.003758,0.999774,0,-0.14714,0.86557,11.495,-0.310,-1,706.683,-1,697.463,-1,575.895,569.885,503.423,443.870,-1,-1,-1,-1,-1,839.733,-1,801.720,2,0,2,0,2,0,0,0,0,2,2,2,2,2,1,2,1
207,-5582.693,8932.387,-98.950,55.147,0.571260,-0.820617,0.015766,0.820325,0.571478,0.021923,-0.027000,0.000410,0.999635,0,-0.14640,0.87251,11.070,-0.243,-1,687.776,-1,680.852,-1,561.519,556.277,496.199,446.134,-1,-1,-1,-1,-1,828.223,-1,790.443,2,0,2,0,2,0,0,0,0,2,2,2,2,2,1,2,1
208,-5575.952,8940.711,-99.911,54.938,0.574144,-0.818609,0.015450,0.818075,0.574333,0.029901,-0.033351,-0.004528,0.999433,0,-0.14575,0.87862,10.712,-0.209,-1,667.613,-1,665.346,-1,546.600,542.722,486.219,450.907,-1,-1,-1,-1,-1,817.439,-1,779.871,2,0,2,0,2,0,0,0,0,2,2,2,2,2,1,2,1
209,-5569.521,8948.932,-100.765,54.757,0.576622,-0.816892,0.013918,0.816100,0.576700,0.037384,-0.038565,-0.010198,0.999204,0,-0.14515,0.88426,10.437,-0.181,-1,649.209,-1,654.597,-1,534.387,532.316,475.537,457.649,-1,-1,-1,-1,-1,807.153,-1,769.829,2,0,2,0,2,0,0,0,0,2,2,2,2,2,1,2,1
210,-5563.279,8957.025,-101.349,54.592,0.578891,-0.815326,0.011323,0.814347,0.578791,0.042886,-0.041520,-0.015606,0.999016,0,-0.14459,0.88953,10.221,-0.164,-1,637.070,-1,651.149,-1,527.396,527.338,466.352,465.220,-1,-1,-1,-1,-1,797.097,-1,760.100,2,0,2,0,2,0,0,0,0,2,2,2,2,2,1,2,1
211,-5557.164,8964.936,-101.649,54.440,0.581034,-0.813839,0.008092,0.812786,0.580740,0.046048,-0.042175,-0.020178,0.998906,0,-0.14405,0.89456,9.998,-0.152,-1,632.141,-1,654.461,-1,525.623,527.579,459.546,472.302,-1,-1,-1,-1,-1,787.201,-1,750.601,2,0,2,0,2,0,0,0,0,2,2,2,2,2,1,2,1
212,-5551.256,8972.531,-101.674,54.277,0.583375,-0.812187,0.005035,0.811156,0.582926,0.047157,-0.041235,-0.023426,0.998875,0,-0.14354,0.89942,9.623,-0.164,-1,632.856,-1,661.975,-1,527.727,531.411,455.728,478.095,-1,-1,-1,-1,-1,777.494,-1,741.360,2,0,2,0,2,0,0,0,0,2,2,2,2,2,1,2,1
213,-5545.725,8979.545,-101.346,54.082,0.586172,-0.810185,0.001784,0.809244,0.585595,0.046919,-0.039058,-0.026059,0.998897,0,-0.14302,0.90428,8.932,-0.194,-1,636.293,-1,673.805,-1,533.091,538.439,453.953,483.850,-1,-1,-1,-1,-1,768.125,-1,732.575,2,0,2,0,2,0,0,0,0,2,2,2,2,2,1,2,1
214,-5540.580,8986.029,-100.689,53.900,0.588816,-0.808266,-0.001769,0.807464,0.588131,0.045868,-0.036033,-0.028436,0.998946,0,-0.14249,0.90924,8.278,-0.183,-1,642.398,-1,689.409,-1,540.974,548.200,453.364,490.123,-1,-1,-1,-1,-1,759.395,-1,724.437,2,0,2,0,2,0,0,0,0,2,2,2,2,2,1,2,1
215,-5535.878,8991.939,-99.684,53.772,0.590678,-0.806893,-0.004812,0.806234,0.589931,0.044373,-0.032966,-0.030090,0.999003,0,-0.14200,0.91388,7.552,-0.128,-1,651.232,-1,705.893,-1,550.003,558.874,454.545,496.075,-1,-1,-1,-1,-1,751.698,-1,717.186,2,0,2,0,2,0,0,0,0,2,2,2,2,2,1,2,1
216,-5531.281,8997.083,-98.321,53.589,0.593319,-0.804926,-0.008160,0.804428,0.592520,0.042609,-0.029462,-0.031845,0.999058,0,-0.14159,0.91773,6.898,-0.183,-1,662.656,-1,725.085,-1,560.836,570.797,456.450,503.051,-1,-1,-1,-1,-1,744.015,-1,710.096,2,0,2,0,2,0,0,0,0,2,2,2,2,2,1,2,1
217,-5526.764,9001.725,-96.838,53.362,0.596565,-0.802489,-0.011032,0.802154,0.595764,0.040181,-0.025672,-0.032820,0.999132,0,-0.01542,0.32618,6.477,-0.227,-1,676.029,-1,744.978,-1,572.828,583.259,459.914,508.899,-1,-1,-1,-1,-1,736.348,-1,703.114,2,0,2,0,2,0,0,0,0,2,2,2,2,2,1,2,1
218,-5522.401,9006.116,-95.522,53.152,0.599553,-0.800235,-0.012654,0.800028,0.598811,0.037155,-0.022155,-0.032400,0.999229,0,-0.01536,0.33074,6.190,-0.210,-1,689.473,-1,762.035,-1,584.244,594.625,465.085,511.778,-1,-1,-1,-1,-1,729.102,-1,696.460,2,0,2,0,2,0,0,0,0,2,2,2,2,2,1,2,1
219,-5518.912,9010.325,-94.603,53.120,0.600008,-0.799922,-0.010711,0.799731,0.599414,0.033653,-0.020500,-0.028758,0.999376,0,-0.01531,0.33504,5.467,-0.031,-1,698.873,-1,762.613,-1,591.115,600.465,473.883,507.888,-1,-1,-1,-1,-1,723.992,-1,691.361,2,0,2,1,2,0,0,0,0,2,2,2,2,2,1,2,1
220,-5516.315,9014.358,-94.137,53.276,0.597839,-0.801583,-0.007286,0.801375,0.597411,0.029957,-0.019660,-0.023749,0.999525,0,-0.01529,0.33725,4.797,0.156,-1,705.079,-1,759.797,-1,595.236,603.171,483.481,500.698,-1,-1,-1,-1,-1,721.007,-1,687.884,2,0,2,1,2,0,0,0,0,2,2,2,2,2,1,2,1
221,-5514.102,9018.240,-94.113,53.474,0.595084,-0.803644,-0.005536,0.803461,0.594766,0.026511,-0.018013,-0.020224,0.999633,0,-0.01529,0.33728,4.469,0.198,-1,710.798,-1,757.458,-1,599.708,606.839,489.667,495.276,-1,-1,-1,-1,-1,718.692,-1,685.053,2,0,2,1,2,0,0,0,0,2,2,2,2,2,1,2,1
222,-5512.167,9022.010,-94.487,53.679,0.592232,-0.805746,-0.005830,0.805622,0.591973,0.023272,-0.015300,-0.018479,0.999712,0,-0.01529,0.33675,4.237,0.205,-1,716.214,-1,755.191,-1,605.193,612.241,492.025,492.126,-1,-1,-1,-1,-1,716.714,-1,682.632,2,0,2,1,2,0,0,0,0,2,2,2,2,2,1,2,1
223,-5510.465,9025.678,-95.181,53.887,0.589344,-0.807847,-0.007572,0.807795,0.589117,0.020210,-0.011866,-0.018028,0.999767,0,-0.01530,0.33604,4.043,0.207,-1,721.498,-1,753.020,-1,611.274,618.766,491.494,490.504,-1,-1,-1,-1,-1,715.015,-1,680.546,2,0,2,1,2,0,0,0,0,2,2,2,2,2,1,2,1
224,-5508.959,9029.253,-96.087,54.094,0.586434,-0.809938,-0.009804,0.809956,0.586240,0.017157,-0.008149,-0.018002,0.999805,0,-0.01531,0.33522,3.880,0.208,-1,726.669,-1,751.044,-1,617.457,625.561,489.737,489.133,-1,-1,-1,-1,-1,713.567,-1,678.729,2,0,2,1,2,0,0,0,0,2,2,2,2,2,1,2,1
225,-5507.589,9032.732,-97.094,54.304,0.583484,-0.812041,-0.011689,0.812112,0.583333,0.014033,-0.004577,-0.017680,0.999833,0,-0.01532,0.33431,3.740,0.209,-1,731.510,-1,749.337,-1,623.208,631.737,488.187,487.009,-1,-1,-1,-1,-1,712.328,-1,677.101,2,0,2,1,2,0,0,0,0,2,2,2,2,2,1,2,1
226,-5506.291,9036.084,-98.035,54.512,0.580525,-0.814141,-0.012852,0.814240,0.580416,0.011431,-0.001847,-0.017100,0.999852,0,-0.01533,0.33334,3.594,0.209,-1,734.724,-1,747.911,-1,627.331,636.112,487.118,484.518,-1,-1,-1,-1,-1,711.236,-1,675.575,2,0,2,1,2,0,0,0,0,2,2,2,2,2,1,2,1
227,-5505.015,9039.279,-98.702,54.702,0.577824,-0.816053,-0.013316,0.816161,0.577731,0.010403,-0.000796,-0.016879,0.999857,0,-0.01535,0.33232,3.441,0.190,-1,917.882,-1,746.644,-1,628.277,637.292,485.960,483.095,-1,-1,-1,-1,-1,710.134,-1,674.023,2,0,2,1,2,0,0,0,0,2,2,2,2,2,1,2,1
228,-5503.722,9042.359,-99.048,54.868,0.575466,-0.817722,-0.013032,0.817825,0.575368,0.010678,-0.001233,-0.016803,0.999858,0,-0.01536,0.33146,3.340,0.165,-1,917.856,-1,745.420,-1,626.585,635.715,485.221,482.449,-1,-1,-1,-1,-1,708.918,-1,672.359,2,0,2,1,2,0,0,0,0,2,2,2,2,2,1,2,1
229,-5502.379,9045.380,-99.111,55.015,0.573366,-0.819210,-0.012088,0.819295,0.573253,0.011638,-0.002605,-0.016576,0.999859,0,-0.01536,0.33082,3.305,0.147,-1,914.697,-1,744.177,-1,623.527,632.610,485.357,482.131,-1,-1,-1,-1,-1,707.567,-1,670.559,2,0,2,1,2,0,0,0,0,2,2,2,2,2,1,2,1
230,-5500.966,9048.387,-98.983,55.153,0.571388,-0.820611,-0.010650,0.820669,0.571263,0.012722,-0.004356,-0.016009,0.999862,0,-0.01537,0.33038,3.323,0.138,-1,910.994,-1,742.885,-1,620.190,629.085,486.516,481.655,-1,-1,-1,-1,-1,706.098,-1,668.637,2,0,2,1,2,0,0,0,0,2,2,2,2,2,1,2,1
231,-5499.331,9051.694,-98.792,55.293,0.569370,-0.822030,-0.009154,0.822064,0.569251,0.012777,-0.005292,-0.014800,0.999876,0,0.42095,0.49255,3.690,0.141,-1,912.245,-1,741.220,-1,619.008,627.503,489.036,480.333,-1,-1,-1,-1,-1,704.310,-1,666.401,2,0,2,1,2,0,0,0,0,2,2,2,2,2,1,2,1
232,-5497.265,9055.646,-98.666,55.440,0.567262,-0.823498,-0.008009,0.823523,0.567168,0.011399,-0.004845,-0.013062,0.999903,0,0.42102,0.49233,4.459,0.147,-1,919.278,-1,738.782,-1,620.917,628.864,492.504,478.223,-1,-1,-1,-1,-1,701.896,-1,663.556,2,0,2,1,2,0,0,0,0,2,2,2,2,2,1,2,1
233,-5494.826,9060.135,-98.711,55.587,0.565148,-0.824962,-0.006736,0.824978,0.565078,0.009887,-0.004350,-0.011144,0.999928,0,0.42102,0.49231,5.108,0.147,-1,925.348,-1,735.779,-1,622.598,629.932,495.965,475.549,-1,-1,-1,-1,-1,-1,-1,660.149,2,0,2,1,2,0,0,0,0,2,2,2,2,2,2,2,1
234,-5492.097,9065.070,-99.020,55.736,0.562994,-0.826448,-0.004524,0.826446,0.562942,0.009144,-0.005010,-0.008886,0.999948,0,0.42096,0.49252,5.640,0.149,-1,926.637,-1,732.527,-1,621.120,627.678,499.325,471.609,-1,-1,-1,-1,-1,-1,-1,656.284,2,0,2,1,2,0,0,0,0,2,2,2,2,2,2,2,1
235,-5489.129,9070.376,-99.667,55.886,0.560819,-0.827938,-0.000833,0.827904,0.560786,0.009697,-0.007561,-0.006127,0.999953,0,0.42084,0.49290,6.080,0.150,-1,920.252,-1,729.215,-1,614.715,620.263,502.567,465.908,-1,-1,-1,-1,-1,-1,-1,652.024,2,0,2,1,2,0,0,0,0,2,2,2,2,2,2,2,1
236,-5485.926,9076.016,-100.718,56.036,0.558632,-0.829404,0.004415,0.829326,0.558643,0.011703,-0.012174,-0.002876,0.999922,0,0.42067,0.49342,6.486,0.149,-1,905.476,-1,725.885,-1,603.022,607.341,505.596,458.331,-1,-1,-1,-1,-1,-1,-1,647.396,2,0,2,1,2,0,0,0,0,2,2,2,2,2,2,2,1
237,-5482.482,9081.979,-102.183,56.182,0.556467,-0.830800,0.010777,0.830666,0.556571,0.014920,-0.018394,0.000650,0.999831,0,0.42045,0.49411,6.886,0.146,-1,884.064,-1,722.447,785.304,587.267,590.247,508.193,449.303,-1,-1,-1,-1,-1,-1,-1,642.420,2,0,2,1,1,0,0,0,0,2,2,2,2,2,2,2,1
238,-5478.997,9088.308,-103.889,56.358,0.553828,-0.832485,0.015584,0.832248,0.554044,0.019966,-0.025256,0.001912,0.999679,0,0.42017,0.49498,7.225,0.176,-1,855.282,-1,712.330,752.881,569.677,572.175,506.069,443.362,-1,-1,-1,-1,-1,-1,-1,637.488,2,0,2,0,1,0,0,0,0,2,2,2,2,2,2,2,1
239,-5475.613,9095.101,-105.730,56.558,0.550814,-0.834447,0.017395,0.834011,0.551088,0.026963,-0.032086,-0.000344,0.999485,0,0.41996,0.49565,7.589,0.200,-1,822.291,-1,690.134,716.313,551.750,555.047,497.242,442.696,-1,-1,-1,-1,-1,-1,-1,632.691,2,0,2,0,1,0,0,0,0,2,2,2,2,2,2,2,1
240,-5472.361,9102.436,-107.605,56.780,0.547448,-0.836680,0.016352,0.835965,0.547665,0.035021,-0.038257,-0.005502,0.999253,0,0.41980,0.49616,8.023,0.223,-1,790.012,-1,673.034,675.631,535.029,540.149,483.260,446.723,-1,-1,-1,-1,-1,-1,-1,628.004,2,0,2,0,1,0,0,0,0,2,2,2,2,2,2,2,1
241,-5469.163,9110.379,-109.410,57.032,0.543661,-0.839200,0.013271,0.838190,0.543686,0.042936,-0.043247,-0.012219,0.998990,0,0.43129,1.00000,8.563,0.252,-1,602.327,-1,661.229,574.441,520.835,528.320,467.215,453.938,-1,-1,-1,-1,-1,-1,-1,623.317,2,0,2,0,1,0,0,0,0,2,2,2,2,2,2,2,1
242,-5465.849,9119.008,-110.854,57.325,0.539304,-0.842055,0.009742,0.840872,0.539102,0.047987,-0.045660,-0.017687,0.998800,0,0.43122,1.00000,9.243,0.293,-1,589.118,-1,656.747,569.040,512.662,522.137,454.867,461.051,-1,-1,-1,-1,-1,-1,-1,618.431,2,0,2,0,1,0,0,0,0,2,2,2,2,2,2,2,1
243,-5462.255,9128.208,-111.773,57.653,0.534484,-0.845151,0.006875,0.843933,0.534120,0.049931,-0.045871,-0.020885,0.998729,0,0.43122,1.00000,9.877,0.327,-1,746.436,-1,657.889,563.234,510.153,520.907,447.999,466.077,-1,-1,-1,-1,-1,-1,-1,613.162,2,0,2,0,1,0,0,0,0,2,2,2,2,2,2,2,1
244,-5458.363,9137.840,-112.153,58.012,0.529205,-0.848475,0.005639,0.847288,0.528796,0.049785,-0.045224,-0.021568,0.998744,0,0.43125,1.00000,10.389,0.359,-1,752.883,-1,660.002,557.041,510.884,522.093,446.661,468.309,-1,-1,-1,-1,-1,-1,-1,607.527,2,0,2,0,1,0,0,0,0,2,2,2,2,2,2,2,1
245,-5454.207,9147.824,-112.104,58.398,0.523496,-0.852006,0.006076,0.850862,0.523139,0.048582,-0.044570,-0.020262,0.998801,0,0.43132,1.00000,10.815,0.386,-1,763.582,-1,661.744,550.519,512.966,523.901,449.587,468.549,-1,-1,-1,-1,-1,-1,-1,601.587,2,0,2,0,1,0,0,0,0,2,2,2,2,2,2,2,1
246,-5449.786,9158.132,-111.795,58.766,0.518024,-0.855334,0.007480,0.854224,0.517764,0.047130,-0.044185,-0.018025,0.998861,0,0.43141,1.00000,11.216,0.368,-1,775.377,-1,662.791,543.618,515.353,525.680,454.745,467.821,-1,-1,-1,-1,-1,-1,-1,595.154,2,0,2,0,1,0,0,0,0,2,2,2,2,2,2,2,1
247,-5445.234,9168.762,-111.470,59.134,0.512523,-0.858623,0.009316,0.857517,0.512365,0.046330,-0.044553,-0.015756,0.998883,0,0.43139,1.00000,11.563,0.368,-1,783.397,-1,662.010,536.508,516.361,526.117,460.007,467.070,-1,-1,-1,-1,-1,-1,-1,588.474,2,0,2,0,1,0,0,0,0,2,2,2,2,2,2,2,1
248,-5440.667,9179.729,-111.298,59.522,0.506683,-0.862062,0.011036,0.860922,0.506608,0.046494,-0.045672,-0.014056,0.998858,0,0.43132,1.00000,11.880,0.388,-1,786.557,-1,659.329,529.340,515.557,524.927,463.894,466.920,-1,-1,-1,-1,-1,-1,-1,581.779,2,0,2,0,1,0,0,0,0,2,2,2,2,2,2,2,1
249,-5436.201,9191.071,-111.436,59.947,0.500230,-0.865797,0.012827,0.864589,0.500235,0.047440,-0.047490,-0.012641,0.998792,0,0.43127,1.00000,12.190,0.426,-1,786.249,-1,654.225,522.259,512.718,521.794,466.326,466.503,-1,-1,-1,-1,-1,-1,-1,-1,2,0,2,0,1,0,0,0,0,2,2,2,2,2,2,2,2
250,-5431.734,9202.802,-111.935,60.389,0.493510,-0.869628,0.013982,0.868339,0.493563,0.048804,-0.049343,-0.011945,0.998711,0,0.43132,1.00000,12.552,0.441,-1,783.637,-1,648.671,515.129,508.904,517.930,466.695,466.506,-1,-1,-1,-1,-1,-1,-1,-1,2,0,2,0,1,0,0,0,0,2,2,2,2,2,2,2,2
251,-5427.353,9214.949,-112.761,60.859,0.486327,-0.873652,0.014766,0.872285,0.486415,0.050203,-0.051042,-0.011535,0.998630,0,0.43138,1.00000,12.913,0.470,-1,780.519,-1,642.817,508.053,504.596,513.664,465.769,466.320,-1,-1,-1,-1,-1,-1,-1,-1,2,0,2,0,1,0,0,0,0,2,2,2,2,2,2,2,2
252,-5423.104,9227.498,-113.827,61.368,0.478524,-0.877937,0.015521,0.876499,0.478650,0.051426,-0.052578,-0.011004,0.998556,0,0.43149,1.00000,13.248,0.509,-1,777.642,-1,636.464,501.103,500.065,509.151,464.406,466.058,-1,-1,-1,-1,-1,-1,-1,-1,2,0,2,0,1,0,0,0,0,2,2,2,2,2,2,2,2
253,-5418.961,9240.428,-115.018,61.910,0.470175,-0.882423,0.016255,0.880922,0.470342,0.052488,-0.053962,-0.010359,0.998489,0,0.43170,1.00000,13.577,0.542,-1,775.249,-1,630.248,494.255,495.552,504.567,462.891,465.873,-1,-1,-1,-1,-1,-1,-1,-1,2,0,2,0,1,0,0,0,0,2,2,2,2,2,2,2,2
254,-5415.030,9253.732,-116.224,62.505,0.460962,-0.887254,0.017149,0.885692,0.461184,0.053470,-0.055350,-0.009458,0.998422,0,0.43198,1.00000,13.873,0.595,-1,773.482,-1,623.911,487.671,490.119,499.906,461.658,465.452,-1,-1,-1,-1,-1,-1,-1,-1,2,0,2,0,1,0,0,0,0,2,2,2,2,2,2,2,2
255,-5411.360,9267.339,-117.260,63.136,0.451141,-0.892278,0.017656,0.890646,0.451398,0.054673,-0.056754,-0.008940,0.998348,0,0.43241,1.00000,14.093,0.631,-1,770.811,-1,618.350,481.396,482.319,495.672,460.135,466.288,-1,-1,-1,-1,-1,-1,-1,-1,2,0,2,0,1,0,0,0,0,2,2,2,2,2,2,2,2
256,-5407.860,9281.213,-118.028,63.788,0.440940,-0.897359,0.017827,0.895648,0.441214,0.056086,-0.058195,-0.008764,0.998267,0,0.43294,1.00000,14.309,0.652,-1,767.982,-1,613.692,475.323,474.895,492.046,458.666,468.517,-1,-1,-1,-1,-1,-1,-1,-1,2,0,2,0,1,0,0,0,0,2,2,2,2,2,2,2,2
257,-5404.403,9295.405,-118.606,64.437,0.430743,-0.902294,0.018081,0.900526,0.431042,0.057056,-0.059275,-0.008294,0.998207,0,0.43351,1.00000,14.607,0.649,-1,765.601,-1,610.166,469.243,468.455,489.444,458.203,470.914,-1,-1,-1,-1,-1,-1,-1,-1,2,0,2,0,1,0,0,0,0,2,2,2,2,2,2,2,2
258,-5400.361,9312.903,-119.283,65.243,0.418018,-0.908248,0.018635,0.906464,0.418373,0.057326,-0.059862,-0.007072,0.998182,0,0.43403,1.00000,17.959,0.806,-1,765.224,-1,607.218,-1,461.782,487.454,459.278,473.859,-1,-1,-1,-1,-1,-1,-1,-1,2,0,2,0,2,0,0,0,0,2,2,2,2,2,2,2,2
259,-5397.729,9324.831,-119.764,65.793,0.409290,-0.912204,0.019112,0.910429,0.409692,0.057198,-0.060006,-0.006010,0.998180,0,0.43469,1.00000,12.215,0.550,-1,765.777,-1,605.571,-1,457.609,486.433,460.484,475.510,-1,-1,-1,-1,-1,-1,-1,-1,2,0,2,0,2,0,0,0,0,2,2,2,2,2,2,2,2
260,-5394.430,9340.089,-120.431,66.484,0.398295,-0.917044,0.019781,0.915300,0.398761,0.056703,-0.059887,-0.004479,0.998195,0,0.56815,0.74403,15.610,0.690,-1,767.047,-1,603.902,-1,471.832,485.494,462.252,477.184,-1,-1,-1,-1,-1,-1,-1,-1,2,0,2,0,2,0,0,0,0,2,2,2,2,2,2,2,2
261,-5391.037,9355.815,-121.114,67.160,0.387477,-0.921654,0.020401,0.919978,0.388004,0.055624,-0.059182,-0.002784,0.998243,0,0.56882,0.74245,16.088,0.677,-1,769.149,-1,603.485,-1,529.439,485.520,464.439,478.686,-1,-1,-1,-1,-1,-1,-1,-1,2,0,2,0,2,0,0,0,0,2,2,2,2,2,2,2,2
262,-5387.771,9371.969,-121.837,67.857,0.376263,-0.926265,0.021415,0.924639,0.376871,0.054874,-0.058899,-0.000847,0.998264,0,0.56933,0.74125,16.480,0.697,-1,770.350,-1,601.805,-1,585.246,484.688,466.894,479.795,-1,-1,-1,-1,-1,-1,-1,-1,2,0,2,0,2,0,0,0,0,2,2,2,2,2,2,2,2
263,-5384.589,9388.506,-122.623,68.553,0.364999,-0.930736,0.022496,0.929110,0.365691,0.054994,-0.059411,0.000828,0.998233,0,0.56986,0.74001,16.840,0.696,-1,768.360,-1,598.302,-1,589.565,479.435,468.776,481.619,-1,-1,-1,-1,-1,-1,-1,-1,2,0,2,0,2,0,0,0,0,2,2,2,2,2,2,2,2
264,-5381.592,9405.445,-123.489,69.271,0.353303,-0.935199,0.024096,0.933577,0.354111,0.055125,-0.060086,0.003020,0.998189,0,0.57032,0.73895,17.203,0.719,-1,765.350,-1,593.888,-1,592.747,471.401,471.440,482.814,-1,-1,-1,-1,-1,-1,-1,-1,2,0,2,0,2,0,0,0,0,2,2,2,2,2,2,2,2
265,-5378.640,9422.790,-124.405,69.991,0.341536,-0.939526,0.025355,0.937911,0.342441,0.055287,-0.060626,0.004898,0.998149,0,0.57080,0.73781,17.594,0.720,-1,761.567,-1,589.921,-1,596.114,465.977,473.509,484.550,-1,-1,-1,-1,-1,-1,-1,-1,2,0,2,0,2,0,0,0,0,2,2,2,2,2,2,2,2
266,-5375.802,9440.580,-125.428,70.734,0.329339,-0.943836,0.026633,0.942239,0.330342,0.055323,-0.061013,0.006874,0.998113,0,0.57121,0.73686,18.015,0.743,-1,757.843,-1,585.968,-1,599.485,460.672,475.494,485.632,-1,-1,-1,-1,1007.366,-1,-1,-1,2,0,2,0,2,0,0,0,0,2,2,2,2,0,2,2,2
267,-5373.265,9458.799,-126.487,71.524,0.316314,-0.948226,0.028513,0.946684,0.317450,0.054902,-0.061111,0.009626,0.998085,0,0.57163,0.73588,18.395,0.790,-1,754.420,-1,582.031,-1,602.589,455.395,478.722,485.564,-1,-1,-1,-1,993.081,-1,-1,-1,2,0,2,0,2,0,0,0,0,2,2,2,2,0,2,2,2
268,-5370.885,9477.448,-127.499,72.323,0.303105,-0.952490,0.029821,0.951060,0.304327,0.053573,-0.060103,0.012123,0.998119,0,0.57218,0.73458,18.801,0.799,-1,752.928,-1,580.934,-1,606.177,514.512,481.784,487.009,-1,-1,-1,-1,982.141,-1,-1,-1,2,0,2,0,2,0,0,0,0,2,2,2,2,0,2,2,2
269,-5368.983,9496.398,-128.383,73.168,0.289066,-0.956809,0.030941,0.955476,0.290361,0.052500,-0.059217,0.014388,0.998141,0,0.57269,0.73339,19.045,0.845,-1,750.674,-1,580.651,-1,609.170,519.393,484.629,489.444,-1,-1,-1,-1,989.168,-1,-1,-1,2,0,2,0,2,0,0,0,0,2,2,2,2,0,2,2,2
270,-5367.469,9515.689,-129.201,74.039,0.274523,-0.961071,0.031308,0.959824,0.275844,0.051470,-0.058102,0.015921,0.998184,0,0.57336,0.73182,19.350,0.871,-1,747.872,-1,581.379,-1,612.613,529.068,486.396,493.589,-1,-1,-1,-1,996.212,-1,-1,-1,2,0,2,0,2,0,0,0,0,2,2,2,2,0,2,2,2
271,-5366.131,9535.352,-129.985,74.910,0.259913,-0.965149,0.030557,0.963979,0.261189,0.050248,-0.056478,0.016396,0.998269,0,0.57409,0.73010,19.708,0.872,-1,743.921,-1,584.091,-1,616.878,544.199,486.431,499.642,-1,-1,-1,-1,1005.578,-1,-1,-1,2,0,2,0,2,0,0,0,0,2,2,2,2,0,2,2,2
272,-5365.368,9555.329,-130.787,75.818,0.244644,-0.969127,0.030690,0.968072,0.245917,0.048587,-0.054635,0.017824,0.998347,0,0.57474,0.72859,19.992,0.907,-1,740.815,-1,585.130,-1,621.159,559.349,488.401,504.457,-1,-1,-1,-1,-1,-1,-1,-1,2,0,2,0,2,0,0,0,0,2,2,2,2,2,2,2,2
273,-5365.326,9575.405,-131.837,76.832,0.227460,-0.973298,0.030870,0.972253,0.228767,0.048888,-0.054644,0.018893,0.998327,0,0.57551,0.72680,20.076,1.015,-1,733.188,-1,579.029,-1,620.555,570.276,488.518,509.551,-1,-1,-1,-1,-1,-1,-1,-1,2,0,2,0,2,0,0,0,0,2,2,2,2,2,2,2,2
274,-5366.038,9595.447,-132.941,77.907,0.209167,-0.977403,0.030549,0.976271,0.210512,0.050787,-0.056071,0.019201,0.998242,0,0.57674,0.72390,20.055,1.075,-1,722.360,-1,570.511,-1,615.257,580.375,486.623,516.192,-1,-1,-1,-1,993.697,-1,-1,-1,2,0,2,0,2,0,0,0,0,2,2,2,2,0,2,2,2
275,-5366.833,9615.876,-133.847,78.963,0.191160,-0.981105,0.029856,0.980041,0.192467,0.049755,-0.054561,0.019749,0.998315,0,0.57827,0.72033,20.444,1.056,-1,716.267,-1,570.656,-1,615.186,587.453,486.186,523.036,-1,-1,-1,-1,994.853,-1,-1,-1,2,0,2,0,2,0,0,0,0,2,2,2,2,0,2,2,2
276,-5366.922,9636.861,-134.456,79.830,0.176355,-0.983950,0.027212,0.983107,0.177445,0.044881,-0.048989,0.018837,0.998622,0,0.57960,0.71721,20.986,0.867,-1,717.257,-1,585.680,-1,621.423,591.214,484.999,530.259,-1,-1,-1,-1,-1,-1,-1,-1,2,0,2,0,2,0,0,0,1,2,2,2,2,2,2,2,2
277,-5365.493,9657.969,-134.568,80.297,0.168404,-0.985460,0.022540,0.984862,0.169167,0.037819,-0.041082,0.015830,0.999030,0,0.57988,0.71656,21.156,0.467,-1,721.713,-1,613.593,-1,629.379,598.608,482.857,516.937,-1,-1,-1,-1,-1,-1,-1,-1,2,0,2,0,2,0,0,0,1,2,2,2,2,2,2,2,2
278,-5362.731,9678.904,-134.360,80.401,0.166656,-0.985850,0.018026,0.985444,0.167154,0.030992,-0.033567,0.012598,0.999357,0,0.57817,0.72055,21.117,0.104,-1,716.930,-1,647.042,-1,632.331,606.037,482.275,504.597,-1,-1,-1,-1,-1,-1,-1,-1,2,0,2,0,2,0,0,0,1,2,2,2,2,2,2,2,2
279,-5359.791,9699.734,-134.375,80.473,0.165433,-0.986091,0.016022,0.985768,0.165828,0.027627,-0.029900,0.011223,0.999490,0,0.31773,0.50893,21.037,0.072,-1,708.079,-1,667.427,-1,630.071,606.374,484.074,492.799,-1,-1,-1,-1,-1,-1,-1,-1,2,0,2,0,2,0,0,0,1,2,2,2,2,2,2,2,2
280,-5356.985,9720.269,-134.977,80.593,0.163373,-0.986426,0.016504,0.986063,0.163800,0.029126,-0.031434,0.011516,0.999439,0,0.31571,0.51747,20.725,0.119,-1,693.841,-1,664.602,-1,620.231,595.035,486.512,481.460,-1,-1,-1,-1,-1,-1,-1,-1,2,0,2,0,2,0,0,0,1,2,2,2,2,2,2,2,2
281,-5354.372,9740.570,-136.329,80.774,0.160214,-0.986881,0.019927,0.986386,0.160826,0.034328,-0.037083,0.014156,0.999212,0,0.31381,0.52553,20.469,0.182,-1,675.461,-1,644.903,-1,604.986,578.381,490.962,470.538,-1,-1,-1,-1,-1,-1,-1,-1,2,0,2,0,2,0,0,0,1,2,2,2,2,2,2,2,2
282,-5351.959,9760.767,-138.573,81.014,0.156030,-0.987444,0.024691,0.986731,0.156957,0.041562,-0.044915,0.017878,0.998831,0,0.31205,0.53295,20.340,0.240,-1,654.418,-1,616.035,-1,586.257,558.569,494.658,459.806,-1,-1,-1,-1,-1,-1,-1,-1,2,0,2,0,2,0,0,0,1,2,2,2,2,2,2,2,2
283,-5349.950,9780.965,-141.263,81.323,0.150654,-0.988200,0.027645,0.987237,0.151851,0.048011,-0.051642,0.020059,0.998464,0,0.31043,0.53983,20.298,0.309,-1,633.614,-1,591.267,-1,568.706,539.927,494.053,460.161,-1,-1,-1,-1,-1,-1,-1,-1,2,0,2,0,2,0,0,0,1,2,2,2,2,2,2,2,2
284,-5348.999,9801.067,-143.949,81.792,0.142541,-0.989367,0.028901,0.988196,0.143907,0.052536,-0.056136,0.021071,0.998201,0,0.30896,0.54606,20.125,0.469,-1,614.619,-1,573.454,-1,554.882,524.394,490.846,536.615,-1,-1,-1,-1,-1,-1,-1,-1,2,0,2,0,2,0,0,0,0,2,2,2,2,2,2,2,2
285,-5348.564,9821.034,-146.304,82.272,0.134245,-0.990625,0.025310,0.989273,0.135459,0.054688,-0.057604,0.017697,0.998183,0,0.30791,0.55052,19.972,0.480,-1,597.677,-1,567.345,-1,545.294,512.911,480.345,538.639,-1,-1,-1,-1,-1,-1,-1,-1,2,0,2,0,2,0,0,0,0,2,2,2,2,2,2,2,2
286,-5350.276,9839.509,-147.895,82.965,0.122268,-0.992266,0.021398,0.990767,0.123299,0.056374,-0.058576,0.014308,0.998180,0,0.30689,0.55483,18.554,0.693,-1,582.709,-1,563.783,-1,538.875,504.766,471.079,542.747,-1,-1,-1,-1,-1,-1,-1,-1,2,0,2,0,2,0,0,0,0,2,2,2,2,2,2,2,2
287,-5353.423,9856.776,-148.455,83.866,0.106680,-0.994185,0.014698,0.992628,0.107345,0.056281,-0.057532,0.008586,0.998307,0,0.30662,0.55596,17.552,0.901,-1,570.679,-1,569.302,-1,535.476,505.276,459.848,555.753,-1,-1,-1,-1,-1,-1,-1,-1,2,0,2,0,2,0,0,0,0,2,2,2,2,2,2,2,2
288,-5357.496,9873.431,-148.146,84.912,0.088561,-0.996052,0.006102,0.994564,0.088762,0.054440,-0.054767,0.001248,0.998498,0,0.30702,0.55426,17.145,1.046,-1,562.236,-1,581.264,-1,527.557,510.375,448.069,576.058,-1,-1,-1,-1,-1,-1,-1,-1,2,0,2,0,2,0,0,0,0,2,2,2,2,2,2,2,2
289,-5361.812,9890.149,-147.636,86.004,0.069588,-0.997574,-0.002124,0.996219,0.069382,0.052296,-0.052022,-0.005755,0.998629,0,0.30785,0.55075,17.267,1.093,-1,556.524,-1,593.399,-1,520.114,519.580,437.775,596.564,-1,-1,-1,-1,-1,-1,-1,-1,2,0,2,0,2,0,0,0,0,2,2,2,2,2,2,2,2
290,-5366.401,9906.735,-147.605,87.123,0.050130,-0.998730,-0.004957,0.997322,0.049793,0.053560,-0.053245,-0.007629,0.998552,0,0.30876,0.54689,17.209,1.118,-1,548.000,-1,589.635,-1,509.484,512.104,434.498,602.414,-1,-1,-1,-1,-1,-1,-1,-1,2,0,2,0,2,0,0,0,0,2,2,2,2,2,2,2,2
291,-5371.147,9923.128,-148.318,88.282,0.029928,-0.999549,-0.002608,0.997823,0.029723,0.058864,-0.058760,-0.004364,0.998263,0,0.30973,0.54280,17.066,1.160,-1,531.542,-1,569.519,-1,495.297,501.151,437.248,592.420,-1,-1,-1,-1,-1,-1,-1,-1,2,0,2,0,2,0,0,0,0,2,2,2,2,2,2,2,2
292,-5375.970,9939.384,-149.916,89.478,0.009090,-0.999954,0.003164,0.997688,0.009283,0.067328,-0.067354,0.002545,0.997726,0,0.31079,0.53830,16.956,1.196,-1,507.134,-1,536.233,-1,478.071,485.775,443.491,571.478,-1,-1,-1,-1,-1,-1,-1,-1,2,0,2,0,2,0,0,0,0,2,2,2,2,2,2,2,2
293,-5380.832,9955.525,-152.518,90.706,-0.012291,-0.999863,0.011060,0.996873,-0.011390,0.078198,-0.078061,0.011986,0.996877,0,0.31192,0.53351,16.858,1.228,-1,481.280,-1,519.188,-1,458.643,466.526,451.907,542.140,-1,-1,-1,-1,756.321,-1,-1,-1,2,0,2,0,2,0,0,0,0,2,2,2,2,0,2,2,2
294,-5385.792,9971.623,-156.262,91.935,-0.033625,-0.999232,0.020123,0.995399,-0.031674,0.090430,-0.089723,0.023071,0.995699,0,0.31311,0.52847,16.845,1.228,-1,454.769,-1,489.829,-1,437.454,441.311,459.860,508.045,-1,-1,-1,-1,706.553,-1,-1,-1,2,0,2,0,2,0,0,0,0,2,2,2,2,0,2,2,2
295,-5390.821,9987.737,-161.259,93.127,-0.054276,-0.998097,0.029262,0.993362,-0.050996,0.103110,-0.101422,0.034664,0.994239,0,0.31428,0.52354,16.881,1.193,-1,428.088,-1,454.499,-1,415.396,415.505,465.512,471.097,-1,-1,-1,-1,655.330,716.690,-1,-1,2,0,2,0,2,0,0,0,0,2,2,2,2,0,0,2,2
296,-5394.558,10004.112,-167.393,93.942,-0.068310,-0.997164,0.031572,0.991254,-0.064256,0.115266,-0.112911,0.039170,0.992833,0,0.31532,0.51912,16.796,0.815,-1,401.999,-1,422.598,-1,392.478,391.473,456.779,445.937,-1,-1,-1,-1,597.018,635.732,-1,-1,2,0,2,0,2,0,0,0,0,2,2,2,2,0,0,2,2
297,-5397.373,10020.365,-174.197,94.411,-0.076275,-0.996668,0.028899,0.988830,-0.071889,0.130565,-0.128053,0.038535,0.991018,0,0.31534,0.51902,16.495,0.469,780.877,374.478,-1,391.767,-1,366.939,365.640,437.518,427.877,-1,-1,-1,-1,524.846,555.165,687.561,-1,0,0,2,0,2,0,0,0,0,2,2,2,2,0,0,0,2
298,-5399.564,10036.585,-180.867,94.628,-0.079833,-0.996561,0.022185,0.986243,-0.075735,0.146933,-0.144747,0.033610,0.988898,0,0.31449,0.52263,16.367,0.217,588.268,348.274,-1,363.591,-1,340.859,340.109,410.073,417.501,-1,-1,-1,-1,448.490,483.580,514.932,643.174,0,0,2,0,2,0,0,0,0,2,2,2,2,0,0,0,0
299,-5400.758,10053.184,-185.862,94.527,-0.077974,-0.996876,0.012602,0.984803,-0.075049,0.156622,-0.155187,0.024623,0.987578,0,0.31299,0.52898,16.642,-0.101,458.860,328.194,-1,344.229,-1,319.746,320.948,382.637,419.343,-1,-1,-1,-1,390.576,445.590,393.292,552.243,0,0,2,0,2,0,0,0,0,2,2,2,2,0,0,0,0
300,-5400.597,10069.671,-188.438,94.098,-0.070555,-0.997498,0.004409,0.984701,-0.068943,0.160036,-0.159331,0.015633,0.987101,0,0.31062,0.53902,16.488,-0.429,392.191,315.686,-1,333.217,-1,306.504,308.534,364.421,428.871,-1,-1,-1,-1,367.183,435.533,305.309,539.361,0,0,2,0,2,0,0,0,0,2,2,2,2,0,0,0,0
301,-5399.219,10085.869,-188.536,93.481,-0.059945,-0.998201,0.000817,0.985510,-0.059053,0.159003,-0.158669,0.010337,0.987278,0,0.30741,0.55261,16.257,-0.618,378.572,311.510,-1,328.487,-1,298.248,301.605,359.929,439.488,-1,-1,-1,-1,372.356,445.268,294.822,573.478,0,0,2,0,2,0,0,0,0,2,2,2,2,0,0,0,0
302,-5397.167,10101.842,-186.707,92.848,-0.049096,-0.998788,0.003345,0.986913,-0.047997,0.153944,-0.153597,0.010859,0.988074,0,0.30373,0.56820,16.104,-0.633,415.724,313.458,-1,328.624,-1,295.006,299.344,369.915,445.140,-1,-1,-1,-1,398.688,470.070,379.562,641.333,0,0,2,0,2,0,0,0,0,2,2,2,2,0,0,0,0
303,-5394.405,10117.575,-183.776,92.175,-0.037532,-0.999256,0.008824,0.988426,-0.035824,0.147412,-0.146986,0.014254,0.989036,0,0.30001,0.58396,15.974,-0.673,480.466,318.703,-1,332.068,-1,294.189,299.555,387.972,448.547,-1,-1,-1,-1,429.008,502.198,437.985,-1,0,0,2,0,2,0,0,0,0,2,2,2,2,0,0,0,2
304,-5391.207,10133.139,-180.608,91.498,-0.025872,-0.999541,0.015736,0.989649,-0.023387,0.141592,-0.141159,0.019236,0.989800,0,0.48938,0.82444,15.889,-0.677,556.407,324.188,-1,336.541,-1,293.476,299.639,411.052,449.458,-1,-1,-1,-1,458.420,532.608,505.107,-1,0,0,2,0,2,0,0,0,0,2,2,2,2,0,0,0,2
305,-5387.850,10148.820,-177.802,90.848,-0.014668,-0.999621,0.023292,0.990539,-0.011348,0.136762,-0.136446,0.025077,0.990330,0,0.48307,0.82907,16.037,-0.649,634.810,323.443,-1,340.502,-1,291.821,298.582,435.282,447.633,-1,-1,-1,-1,486.023,557.966,572.161,-1,0,0,2,0,2,0,0,0,0,2,2,2,2,0,0,0,2
306,-5384.740,10164.678,-175.499,90.304,-0.005258,-0.999447,0.032829,0.991151,-0.000855,0.132737,-0.132636,0.033237,0.990607,0,0.47683,0.82907,16.159,-0.544,-1,323.770,-1,350.919,-1,288.829,296.005,462.375,440.411,-1,-1,-1,-1,512.368,-1,-1,-1,2,0,2,0,2,0,0,0,0,2,2,2,2,0,2,2,2
307,-5382.109,10180.674,-173.566,89.932,0.001185,-0.999056,0.043421,0.991622,0.006783,0.128996,-0.129169,0.042904,0.990694,0,0.47097,0.82907,16.211,-0.372,-1,340.439,-1,358.911,-1,285.266,292.273,490.239,430.234,-1,-1,-1,-1,-1,-1,-1,-1,2,0,2,0,2,0,0,0,0,2,2,2,2,2,2,2,2
308,-5380.086,10196.533,-171.923,89.685,0.005450,-0.998560,0.053363,0.991991,0.012133,0.125722,-0.126188,0.052251,0.990629,0,0.46578,0.82907,15.988,-0.246,-1,353.858,-1,365.064,-1,286.388,295.769,517.706,420.376,-1,-1,-1,-1,-1,-1,-1,-1,2,0,2,0,2,0,0,0,0,2,2,2,2,2,2,2,2
309,-5379.706,10211.204,-170.413,89.757,0.004210,-0.997870,0.065105,0.991972,0.012396,0.125845,-0.126384,0.064052,0.989911,0,0.46112,0.82907,14.676,0.072,-1,362.953,-1,363.833,-1,293.204,297.472,551.023,406.351,-1,-1,-1,-1,-1,-1,-1,-1,2,0,2,0,2,0,0,0,0,2,2,2,2,2,2,2,2
310,-5380.733,10224.484,-168.842,90.086,-0.001493,-0.997147,0.075467,0.991643,0.008259,0.128746,-0.129002,0.075028,0.988802,0,0.45803,0.82907,13.320,0.329,-1,367.690,-1,358.677,-1,296.212,295.631,582.335,394.343,-1,-1,-1,-1,-1,-1,-1,-1,2,0,2,0,2,0,0,0,0,2,2,2,2,2,2,2,2
311,-5382.685,10236.625,-166.858,90.588,-0.010169,-0.996783,0.079498,0.991342,0.000359,0.131305,-0.130911,0.080145,0.988149,0,0.45629,0.82907,12.296,0.501,-1,371.435,-1,357.682,-1,299.422,296.652,597.863,392.675,-1,-1,-1,-1,-1,-1,-1,-1,2,0,2,0,2,0,0,0,0,2,2,2,2,2,2,2,2
312,-5385.493,10248.179,-164.670,91.235,-0.021374,-0.996754,0.077612,0.991260,-0.011020,0.131458,-0.130176,0.079744,0.988279,0,0.45549,0.82907,11.890,0.648,-1,376.718,-1,363.059,-1,305.298,302.330,602.110,400.342,-1,-1,-1,-1,-1,-1,-1,-1,2,0,2,0,2,0,0,0,0,2,2,2,2,2,2,2,2
313,-5389.213,10259.390,-162.689,92.030,-0.035129,-0.996736,0.072685,0.991206,-0.025464,0.129858,-0.127583,0.076608,0.988865,0,0.45540,0.82907,11.812,0.794,-1,383.035,-1,371.439,-1,313.840,309.921,599.630,412.013,-1,-1,-1,-1,-1,-1,-1,-1,2,0,2,0,2,0,0,0,0,2,2,2,2,2,2,2,2
314,-5393.536,10270.372,-161.202,92.905,-0.050286,-0.996594,0.065358,0.991030,-0.041678,0.126976,-0.123819,0.071157,0.989750,0,0.45596,0.82907,11.802,0.875,-1,388.858,-1,380.944,-1,320.436,318.126,591.035,428.486,-1,-1,-1,781.154,-1,-1,-1,-1,2,0,2,0,2,0,0,0,0,2,2,2,1,2,2,2,2
315,-5398.127,10281.354,-160.329,93.787,-0.065573,-0.996341,0.054820,0.990756,-0.058470,0.122409,-0.118756,0.062340,0.990965,0,0.45687,0.82907,11.903,0.882,-1,393.707,-1,392.760,-1,325.938,325.874,574.743,449.675,-1,-1,-1,750.677,-1,-1,-1,-1,2,0,2,0,2,0,0,0,0,2,2,2,1,2,2,2,2
316,-5403.305,10292.166,-160.099,94.672,-0.080930,-0.995795,0.042915,0.990267,-0.075440,0.116962,-0.113233,0.051963,0.992209,0,0.45779,0.82907,11.988,0.886,-1,396.897,-1,404.947,-1,330.377,332.873,554.699,473.081,-1,-1,-1,723.786,-1,-1,-1,-1,2,0,2,0,2,0,0,0,0,2,2,2,1,2,2,2,2
317,-5409.155,10302.729,-160.564,95.596,-0.096947,-0.994826,0.030370,0.989479,-0.093044,0.110787,-0.107388,0.040791,0.993380,0,0.45873,0.82907,12.075,0.924,-1,398.490,-1,-1,-1,333.709,338.976,529.083,497.511,-1,-1,-1,699.342,-1,-1,-1,-1,2,0,2,2,2,0,0,0,0,2,2,2,1,2,2,2,2
318,-5415.583,10313.211,-161.968,96.544,-0.113377,-0.993384,0.018271,0.988303,-0.110871,0.104712,-0.101994,0.029929,0.994335,0,0.45987,0.82907,12.296,0.948,-1,397.302,-1,-1,-1,334.560,342.543,502.773,520.094,-1,-1,-1,677.279,-1,-1,-1,-1,2,0,2,2,2,0,0,0,0,2,2,2,1,2,2,2,2
319,-5422.116,10323.961,-164.116,97.447,-0.129045,-0.991591,0.009704,0.987268,-0.127552,0.095039,-0.093002,0.021845,0.995426,0,0.46109,0.82907,12.580,0.903,-1,401.567,-1,-1,-1,338.792,348.591,481.688,538.524,-1,-1,-1,710.544,-1,-1,-1,-1,2,0,2,2,2,0,0,0,0,2,2,2,1,2,2,2,2
320,-5428.255,10334.904,-166.578,98.248,-0.143042,-0.989679,0.008579,0.986750,-0.141937,0.078604,-0.076575,0.019709,0.996869,0,0.46203,0.82907,12.548,0.801,-1,420.526,-1,-1,-1,353.478,363.218,472.382,543.379,-1,-1,-1,737.889,-1,-1,-1,-1,2,0,2,2,2,0,0,0,0,2,2,2,1,2,2,2,2
321,-5434.056,10345.841,-169.193,99.030,-0.156743,-0.987488,0.017311,0.986269,-0.155578,0.055396,-0.052010,0.025756,0.998314,0,0.46249,0.82907,12.380,0.782,-1,-1,-1,-1,-1,381.680,-1,478.620,529.091,-1,-1,-1,758.553,-1,-1,-1,-1,2,2,2,2,2,0,2,0,0,2,2,2,1,2,2,2,2
322,-5439.395,10356.448,-171.674,99.868,-0.171338,-0.984592,0.034962,0.985003,-0.170462,0.026699,-0.020328,0.039012,0.999032,0,0.46284,0.82907,11.875,0.837,-1,-1,-1,-1,-1,-1,-1,500.111,497.786,-1,-1,-1,776.028,-1,-1,-1,-1,2,2,2,2,2,2,2,0,0,2,2,2,1,2,2,2,2
323,-5444.408,10366.940,-173.828,100.706,-0.185752,-0.980958,0.056726,0.982478,-0.186318,-0.004823,0.015301,0.054836,0.998378,0,0.46345,0.82907,11.629,0.839,-1,-1,-1,-1,-1,-1,-1,527.641,465.674,-1,-1,1004.296,793.798,-1,-1,-1,-1,2,2,2,2,2,2,2,0,0,2,2,0,1,2,2,2,2
324,-5448.432,10377.062,-175.820,101.404,-0.197499,-0.977519,0.073824,0.979098,-0.200428,-0.034568,0.048587,0.065454,0.996672,0,0.46407,0.82907,10.893,0.698,-1,-1,-1,-1,-1,-1,-1,544.620,445.760,-1,386.665,637.273,833.509,-1,-1,-1,-1,2,2,2,2,2,2,2,0,0,2,0,0,1,2,2,2,2
325,-5449.237,10387.033,-177.911,101.491,-0.198678,-0.977051,0.076805,0.977278,-0.203409,-0.059596,0.073851,0.063219,0.995263,0,0.46422,0.82907,10.003,0.087,-1,-1,-1,-1,-1,-1,-1,539.373,449.703,-1,400.284,435.203,855.182,-1,-1,-1,-1,2,2,2,2,2,2,2,0,0,2,0,0,1,2,2,2,2
326,-5449.261,10393.240,-178.719,101.272,-0.194769,-0.977822,0.077005,0.977230,-0.200190,-0.070332,0.084188,0.061554,0.994547,0,0.46204,0.82907,6.207,-0.220,-1,-1,-1,-1,-1,-1,-1,536.759,453.023,-1,393.809,357.614,857.382,-1,-1,-1,-1,2,2,2,2,2,2,2,0,0,2,0,0,1,2,2,2,2
327,-5449.005,10400.896,-178.975,100.882,-0.188008,-0.979177,0.076585,0.977955,-0.193846,-0.077636,0.090865,0.060301,0.994036,0,0.45963,0.82907,7.661,-0.390,-1,-1,-1,-1,-1,-1,-1,536.339,456.710,-1,347.902,312.431,856.131,-1,-1,-1,-1,2,2,2,2,2,2,2,0,0,2,0,0,1,2,2,2,2
328,-5448.860,10408.599,-178.538,100.527,-0.181904,-0.980288,0.077115,0.978937,-0.187930,-0.079783,0.092702,0.060978,0.993825,0,0.45619,0.82907,7.704,-0.356,-1,-1,-1,-1,-1,-1,-1,539.799,457.955,-1,340.736,305.538,857.652,-1,-1,-1,-1,2,2,2,2,2,2,2,0,0,2,0,0,1,2,2,2,2
329,-5449.196,10416.391,-177.671,100.337,-0.178682,-0.980676,0.079675,0.979639,-0.184857,-0.078328,0.091543,0.064057,0.993739,0,0.31753,0.38838,7.799,-0.190,-1,-1,-1,-1,-1,-1,-1,547.706,455.510,-1,359.625,319.930,867.319,-1,-1,-1,-1,2,2,2,2,2,2,2,0,0,2,0,0,1,2,2,2,2
330,-5450.130,10424.282,-176.741,100.330,-0.178610,-0.980343,0.083817,0.979903,-0.184924,-0.074790,0.088819,0.068775,0.993671,0,0.31563,0.38838,7.947,-0.007,-1,-1,-1,-1,-1,-1,-1,558.649,450.156,-1,390.582,344.891,885.462,-1,-1,-1,-1,2,2,2,2,2,2,2,0,0,2,0,0,1,2,2,2,2
331,-5451.402,10432.356,-176.088,100.395,-0.179759,-0.979827,0.087322,0.979949,-0.186120,-0.071135,0.085952,0.072784,0.993637,0,0.31422,0.38838,8.174,0.065,-1,-1,-1,-1,-1,-1,-1,567.631,445.570,-1,420.986,369.986,907.208,-1,-1,-1,-1,2,2,2,2,2,2,2,0,0,2,0,0,1,2,2,2,2
332,-5452.918,10440.607,-175.554,100.482,-0.181267,-0.979511,0.087747,0.979708,-0.187619,-0.070502,0.085521,0.073187,0.993645,0,0.31296,0.38838,8.389,0.088,-1,-1,-1,-1,-1,-1,-1,569.563,447.918,-1,431.307,379.649,930.408,-1,-1,-1,-1,2,2,2,2,2,2,2,0,0,2,0,0,1,2,2,2,2
333,-5454.732,10449.061,-175.222,100.593,-0.183111,-0.979415,0.084952,0.979141,-0.189433,-0.073473,0.088053,0.069726,0.993672,0,0.31172,0.38838,8.646,0.110,-1,-1,-1,-1,-1,-1,-1,563.712,457.579,-1,416.145,368.661,952.447,-1,-1,-1,-1,2,2,2,2,2,2,2,0,0,2,0,0,0,2,2,2,2
334,-5456.933,10457.717,-175.325,100.714,-0.185099,-0.979462,0.079949,0.978317,-0.191352,-0.079255,0.092925,0.063546,0.993643,0,0.31051,0.38838,8.931,0.121,-1,-1,-1,-1,-1,-1,-1,551.901,471.885,-1,378.490,340.099,959.632,-1,-1,-1,-1,2,2,2,2,2,2,2,0,0,2,0,0,0,2,2,2,2
335,-5459.533,10466.571,-175.999,100.837,-0.187088,-0.979573,0.073726,0.977288,-0.193204,-0.087068,0.099534,0.055762,0.993470,0,0.30927,0.38838,9.228,0.124,-1,-1,-1,-1,-1,-1,-1,536.214,488.649,-1,325.397,263.971,959.311,-1,-1,-1,-1,2,2,2,2,2,2,2,0,0,2,0,0,0,2,2,2,2
336,-5462.450,10475.597,-177.220,100.950,-0.188881,-0.979668,0.067636,0.976285,-0.194756,-0.094542,0.105792,0.048175,0.993221,0,0.30800,0.38838,9.485,0.112,-1,-1,-1,-1,-1,-1,-1,519.981,504.184,995.870,291.043,253.832,955.656,-1,-1,-1,-1,2,2,2,2,2,2,2,0,0,0,0,0,0,2,2,2,2
337,-5465.530,10484.790,-178.866,101.066,-0.190770,-0.979654,0.062321,0.975430,-0.196309,-0.099992,0.110191,0.041714,0.993035,0,0.30665,0.38838,9.695,0.116,-1,-1,-1,-1,-1,-1,-1,504.926,517.593,869.856,276.355,246.291,955.504,-1,-1,-1,-1,2,2,2,2,2,2,2,0,0,0,0,0,0,2,2,2,2
338,-5468.713,10494.214,-180.777,101.204,-0.193069,-0.979442,0.058469,0.974676,-0.198300,-0.103364,0.112834,0.037032,0.992924,0,0.30527,0.38838,9.947,0.138,-1,-1,-1,-1,-1,-1,-1,492.351,525.379,793.271,270.993,241.236,955.037,-1,-1,-1,-1,2,2,2,2,2,2,2,0,0,0,0,0,0,2,2,2,2
339,-5472.608,10505.881,-183.103,101.408,-0.196491,-0.978919,0.055752,0.973826,-0.201462,-0.105238,0.114252,0.033615,0.992883,0,0.30390,0.38838,12.300,0.203,-1,-1,-1,-1,-1,-1,-1,479.457,528.401,743.391,269.205,242.916,949.664,-1,-1,-1,-1,2,2,2,2,2,2,2,0,0,0,0,0,0,2,2,2,2
340,-5475.179,10514.014,-184.390,101.553,-0.198950,-0.978471,0.054905,0.973248,-0.203836,-0.106011,0.114920,0.032345,0.992848,0,0.52655,0.31968,8.529,0.146,-1,-1,-1,-1,-1,-1,-1,473.425,528.648,721.064,269.683,247.714,942.097,-1,-1,-1,-1,2,2,2,2,2,2,2,0,0,0,0,0,0,2,2,2,2
341,-5478.381,10524.645,-185.542,101.750,-0.202277,-0.977767,0.055276,0.972510,-0.207197,-0.106269,0.115360,0.032260,0.992800,0,0.52462,0.31968,11.103,0.197,-1,-1,-1,-1,-1,-1,-1,469.737,526.498,711.525,272.873,254.959,928.669,-1,-1,-1,-1,2,2,2,2,2,2,2,0,0,0,0,0,0,2,2,2,2
342,-5481.400,10535.806,-186.181,101.912,-0.205031,-0.977100,0.056908,0.971953,-0.210105,-0.105654,0.115191,0.033649,0.992773,0,0.52401,0.31968,11.562,0.162,-1,-1,-1,-1,-1,-1,-1,470.123,522.776,717.925,279.236,263.727,915.328,-1,-1,-1,-1,2,2,2,2,2,2,2,0,0,0,0,0,0,2,2,2,2
343,-5484.389,10547.515,-186.370,102.058,-0.207509,-0.976424,0.059458,0.971419,-0.212844,-0.105082,0.115260,0.035953,0.992684,0,0.52401,0.31968,12.085,0.146,-1,-1,-1,-1,-1,-1,-1,473.639,518.847,731.337,287.072,273.337,897.707,-1,-1,-1,-1,2,2,2,2,2,2,2,0,0,0,0,0,0,2,2,2,2
344,-5487.401,10559.708,-186.185,102.195,-0.209825,-0.975768,0.062052,0.970849,-0.215447,-0.105049,0.115873,0.038201,0.992529,0,0.52401,0.31968,12.560,0.138,-1,-1,-1,-1,-1,-1,-1,477.286,516.018,744.292,295.356,283.437,879.121,-1,-1,-1,-1,2,2,2,2,2,2,2,0,0,0,0,0,0,2,2,2,2
345,-5490.510,10572.346,-185.799,102.328,-0.212052,-0.975161,0.063989,0.970298,-0.217891,-0.105099,0.116431,0.039802,0.992401,0,0.52401,0.31968,13.014,0.132,-1,-1,-1,-1,-1,-1,-1,479.999,515.378,755.303,304.454,294.289,868.231,-1,-1,-1,-1,2,2,2,2,2,2,2,0,0,0,0,0,0,2,2,2,2
346,-5493.767,10585.431,-185.445,102.455,-0.214188,-0.974590,0.065564,0.969716,-0.220222,-0.105608,0.117363,0.040958,0.992244,0,0.52401,0.31968,13.484,0.128,-1,-1,-1,-1,-1,-1,-1,481.909,516.298,761.951,312.995,305.178,857.389,-1,-1,-1,-1,2,2,2,2,2,2,2,0,0,0,0,0,0,2,2,2,2
347,-5497.149,10598.955,-185.227,102.584,-0.216335,-0.974043,0.066624,0.969073,-0.222528,-0.106669,0.118726,0.041487,0.992060,0,0.52401,0.31968,13.941,0.129,-1,-1,-1,-1,-1,-1,-1,482.454,518.485,762.239,320.496,315.880,846.333,-1,-1,-1,-1,2,2,2,2,2,2,2,0,0,0,0,0,0,2,2,2,2
348,-5500.682,10612.884,-185.233,102.709,-0.218412,-0.973545,0.067132,0.968435,-0.224706,-0.107896,0.120127,0.041447,0.991893,0,0.52401,0.31968,14.370,0.125,-1,-1,-1,-1,-1,-1,-1,481.461,521.397,758.003,328.668,326.580,837.449,-1,-1,-1,-1,2,2,2,2,2,2,2,0,0,0,0,0,0,2,2,2,2
349,-5504.377,10627.055,-185.377,102.821,-0.220287,-0.973143,0.066827,0.967971,-0.226547,-0.108204,0.120437,0.040851,0.991880,0,0.52401,0.31968,14.645,0.111,-1,-1,-1,-1,-1,-1,-1,479.024,525.038,755.790,339.365,338.296,839.998,-1,-1,-1,-1,2,2,2,2,2,2,2,0,0,0,0,0,0,2,2,2,2
350,-5508.207,10641.412,-185.476,102.924,-0.222052,-0.972837,0.065431,0.967679,-0.228108,-0.107540,0.119544,0.039437,0.992045,0,0.52401,0.31968,14.860,0.103,-1,-1,-1,-1,-1,-1,-1,475.491,530.751,756.083,351.614,351.422,857.339,-1,-1,-1,-1,2,2,2,2,2,2,2,0,0,0,0,0,0,2,2,2,2
351,-5512.141,10655.931,-185.345,103.031,-0.223916,-0.972549,0.063324,0.967506,-0.229645,-0.105813,0.117451,0.037573,0.992368,0,0.52401,0.31968,15.042,0.107,-1,-1,-1,-1,-1,-1,-1,471.456,537.459,762.041,365.872,366.244,890.163,-1,-1,-1,-1,2,2,2,2,2,2,2,0,0,0,0,0,0,2,2,2,2
352,-5516.168,10670.688,-185.070,103.142,-0.225856,-0.972175,0.062167,0.967329,-0.231359,-0.103667,0.115165,0.036722,0.992667,0,0.38169,0.90953,15.297,0.111,-1,-1,-1,-1,-1,-1,-1,469.207,541.881,775.272,381.095,381.697,920.080,-1,-1,-1,-1,2,2,2,2,2,2,2,0,0,0,0,0,0,2,2,2,2
353,-5520.141,10685.614,-184.656,103.260,-0.227886,-0.971691,0.062330,0.967057,-0.233328,-0.101774,0.113437,0.037084,0.992853,0,0.38169,0.90953,15.446,0.118,-1,-1,-1,-1,-1,-1,-1,469.406,543.523,793.275,396.295,396.933,938.078,-1,-1,-1,-1,2,2,2,2,2,2,2,0,0,0,0,0,0,2,2,2,2
354,-5524.061,10700.719,-184.168,103.385,-0.230041,-0.971088,0.063782,0.966716,-0.235564,-0.099851,0.111989,0.038690,0.992956,0,0.38169,0.90953,15.605,0.125,-1,-1,-1,-1,-1,-1,-1,471.920,542.077,817.441,411.682,412.106,944.432,-1,-1,-1,-1,2,2,2,2,2,2,2,0,0,0,0,0,0,2,2,2,2
355,-5527.966,10715.838,-183.769,103.545,-0.232813,-0.970203,0.067109,0.966377,-0.238535,-0.095999,0.109146,0.042503,0.993117,0,0.38169,0.90953,15.615,0.160,-1,-1,-1,-1,-1,-1,-1,477.859,534.051,863.033,429.214,428.529,945.200,-1,-1,-1,-1,2,2,2,2,2,2,2,0,0,0,0,0,0,2,2,2,2
356,-5531.791,10730.629,-183.446,103.752,-0.236466,-0.968923,0.072614,0.966222,-0.242371,-0.087587,0.102465,0.049449,0.993507,0,0.38169,0.90953,15.277,0.207,-1,-1,-1,-1,-1,-1,-1,489.055,516.250,968.181,452.419,448.645,955.574,-1,-1,-1,-1,2,2,2,2,2,2,2,0,0,0,0,0,0,2,2,2,2
357,-5535.637,10745.112,-183.156,103.993,-0.240764,-0.967405,0.078490,0.966173,-0.246586,-0.075530,0.092423,0.057650,0.994050,0,0.38169,0.90953,14.986,0.241,-1,-1,-1,-1,-1,-1,-1,502.869,494.852,-1,488.815,472.641,987.590,-1,-1,-1,-1,2,2,2,2,2,2,2,0,0,2,0,0,0,2,2,2,2
358,-5539.667,10759.396,-182.969,104.291,-0.246043,-0.965555,0.084649,0.965894,-0.251523,-0.061524,0.080696,0.066624,0.994510,0,0.38169,0.90953,14.842,0.298,-1,-1,-1,-1,-1,-1,-1,518.287,472.553,-1,532.164,499.126,-1,-1,-1,-1,-1,2,2,2,2,2,2,2,0,0,2,0,0,2,2,2,2,2
359,-5543.826,10773.511,-182.821,104.618,-0.251787,-0.963618,0.089681,0.965403,-0.256582,-0.046505,0.067823,0.074869,0.994884,0,0.38169,0.90953,14.714,0.327,-1,-1,-1,-1,-1,-1,-1,532.706,454.529,-1,601.410,528.012,-1,-1,-1,-1,-1,2,2,2,2,2,2,2,0,0,2,0,0,2,2,2,2,2
360,-5548.175,10787.483,-182.599,104.932,-0.257274,-0.961658,0.094994,0.964766,-0.261217,-0.031503,0.055109,0.083542,0.994979,0,0.38169,0.90953,14.634,0.314,-1,-1,-1,-1,-1,-1,-1,547.441,436.239,-1,773.014,575.113,-1,-1,-1,-1,-1,2,2,2,2,2,2,2,0,0,2,0,0,2,2,2,2,2
361,-5552.657,10801.300,-182.171,105.294,-0.263533,-0.959480,0.099739,0.963728,-0.266390,-0.016270,0.042180,0.091833,0.994881,0,0.38169,0.90953,14.525,0.362,-1,-1,-1,-1,-1,-1,-1,562.068,-1,-1,980.142,893.070,-1,-1,-1,-1,-1,2,2,2,2,2,2,2,0,2,2,0,0,2,2,2,2,2
362,-5557.111,10814.832,-181.385,105.660,-0.269829,-0.957488,0.102021,0.962509,-0.271251,-0.000073,0.027743,0.098177,0.994782,0,0.38169,0.90953,14.246,0.367,-1,-1,-1,-1,-1,-1,-1,574.599,-1,-1,-1,-1,-1,-1,-1,-1,-1,2,2,2,2,2,2,2,0,2,2,2,2,2,2,2,2,2
363,-5561.633,10828.256,-180.320,106.010,-0.275784,-0.955680,0.103049,0.961138,-0.275567,0.016625,0.012509,0.103629,0.994537,0,0.38169,0.90953,14.165,0.350,-1,-1,-1,-1,-1,-1,-1,586.344,-1,-1,-1,-1,-1,-1,-1,-1,-1,2,2,2,2,2,2,2,0,2,2,2,2,2,2,2,2,2
364,-5566.148,10841.757,-179.221,106.302,-0.280705,-0.954173,0.103725,0.959790,-0.278759,0.033105,-0.002674,0.108847,0.994055,0,0.38169,0.90953,14.236,0.292,-1,-1,-1,-1,-1,-1,-1,598.073,-1,-1,-1,-1,-1,-1,-1,-1,-1,2,2,2,2,2,2,2,0,2,2,2,2,2,2,2,2,2
365,-5571.377,10858.101,-178.332,106.570,-0.285118,-0.953098,0.101551,0.958236,-0.280988,0.053188,-0.022159,0.112475,0.993407,0,0.38169,0.90953,17.160,0.268,-1,-1,-1,-1,-1,-1,-1,605.063,-1,-1,-1,-1,-1,-1,-1,-1,-1,2,2,2,2,2,2,2,0,2,2,2,2,2,2,2,2,2
366,-5574.736,10868.942,-178.297,106.725,-0.287587,-0.952845,0.096853,0.957032,-0.281969,0.067704,-0.037201,0.112162,0.992993,0,0.38169,0.90953,11.350,0.155,-1,-1,-1,-1,-1,-1,-1,601.964,-1,-1,-1,-1,-1,-1,-1,-1,-1,2,2,2,2,2,2,2,0,2,2,2,2,2,2,2,2,2
367,-5578.893,10882.399,-179.065,106.894,-0.290113,-0.952921,0.088181,0.955229,-0.282755,0.087107,-0.058072,0.109503,0.992289,0,0.38169,0.90953,14.084,0.169,-1,-1,-1,-1,-1,-1,-1,590.722,-1,-1,-1,-1,-1,-1,-1,-1,-1,2,2,2,2,2,2,2,0,2,2,2,2,2,2,2,2,2
368,-5583.089,10895.769,-180.822,107.028,-0.291891,-0.953298,0.077602,0.953050,-0.283056,0.107590,-0.080599,0.105363,0.991162,0,0.38169,0.90953,14.012,0.134,-1,-1,-1,-1,-1,-1,-1,573.650,-1,-1,-1,-1,-1,-1,-1,-1,-1,2,2,2,2,2,2,2,0,2,2,2,2,2,2,2,2,2
369,-5587.239,10908.942,-183.479,107.105,-0.292482,-0.954113,0.064206,0.950434,-0.282634,0.129589,-0.105496,0.098926,0.989487,0,0.38169,0.90953,13.812,0.077,-1,-1,-1,-1,-1,-1,-1,549.634,-1,-1,-1,-1,-1,-1,-1,-1,-1,2,2,2,2,2,2,2,0,2,2,2,2,2,2,2,2,2
370,-5591.229,10921.857,-186.933,107.110,-0.291572,-0.955398,0.046895,0.947202,-0.281539,0.153443,-0.133397,0.089159,0.987044,0,0.38169,0.90953,13.517,0.005,-1,-1,-1,-1,-1,-1,-1,517.648,-1,-1,-1,-1,-1,-1,-1,-1,-1,2,2,2,2,2,2,2,0,2,2,2,2,2,2,2,2,2
371,-5595.110,10934.508,-191.171,107.026,-0.288835,-0.957026,0.025999,0.943193,-0.279793,0.179171,-0.164197,0.076273,0.983474,0,0.38169,0.90953,13.233,-0.083,-1,-1,-1,-1,-1,-1,-1,477.599,-1,-1,-1,-1,-1,-1,-1,-1,-1,2,2,2,2,2,2,2,0,2,2,2,2,2,2,2,2,2
372,-5599.047,10947.155,-196.483,106.906,-0.285183,-0.958464,0.004274,0.938290,-0.278265,0.205381,-0.195661,0.062581,0.978673,0,0.38169,0.90953,13.246,-0.120,-1,-1,-1,-1,-1,-1,-1,432.491,-1,-1,-1,-1,-1,-1,-1,-1,-1,2,2,2,2,2,2,2,0,2,2,2,2,2,2,2,2,2
373,-5601.514,10956.866,-199.499,107.161,-0.287308,-0.957827,-0.004646,0.930404,-0.280228,0.236264,-0.227602,0.063557,0.971678,0,0.23503,0.50657,10.019,0.255,-1,-1,-1,-1,-1,-1,-1,422.439,-1,-1,-1,-1,-1,-1,-1,-1,-1,2,2,2,2,2,2,2,0,2,2,2,2,2,2,2,2,2
374,-5601.517,10961.968,-198.207,108.083,-0.299708,-0.954017,0.005128,0.917862,-0.286875,0.274285,-0.260201,0.086912,0.961635,0,0.23503,0.50657,5.102,0.923,-1,-1,-1,-1,-1,-1,-1,469.525,-1,-1,-1,-1,-1,-1,-1,-1,-1,2,2,2,2,2,2,2,0,2,2,2,2,2,2,2,2,2
375,-5601.458,10967.075,-198.118,109.056,-0.312222,-0.949908,0.013838,0.903895,-0.292552,0.312069,-0.292389,0.109943,0.949959,0,0.23503,0.50657,5.108,0.973,-1,-1,-1,-1,-1,-1,-1,517.972,-1,-1,-1,-1,-1,-1,-1,-1,-1,2,2,2,2,2,2,2,0,2,2,2,2,2,2,2,2,2
376,-5601.310,10973.219,-199.598,110.293,-0.327349,-0.944624,0.022966,0.885269,-0.298102,0.356979,-0.330365,0.137188,0.933830,0,0.23503,0.50657,6.145,1.237,-1,-1,-1,-1,-1,-1,-1,577.510,-1,-1,-1,-1,-1,-1,-1,-1,-1,2,2,2,2,2,2,2,0,2,2,2,2,2,2,2,2,2
377,-5601.165,10977.328,-201.548,111.163,-0.337475,-0.940910,0.028261,0.871732,-0.301051,0.386590,-0.355239,0.155101,0.921818,0,0.23503,0.50657,4.112,0.870,-1,-1,-1,-1,-1,-1,-1,621.014,-1,-1,-1,-1,-1,-1,-1,-1,-1,2,2,2,2,2,2,2,0,2,2,2,2,2,2,2,2,2
378,-5600.930,10982.484,-205.070,112.305,-0.350150,-0.936077,0.033995,0.853562,-0.303916,0.423163,-0.385781,0.177187,0.905416,0,0.23503,0.50657,5.162,1.142,-1,-1,-1,-1,-1,-1,-1,677.038,-1,-1,-1,-1,-1,-1,-1,-1,-1,2,2,2,2,2,2,2,0,2,2,2,2,2,2,2,2,2
379,-5600.641,10986.272,-207.416,113.470,-0.361582,-0.931594,0.037304,0.832776,-0.304720,0.462201,-0.419216,0.198190,0.885990,0,0.23503,0.50657,3.799,1.165,-1,-1,-1,-1,-1,-1,-1,746.416,-1,-1,-1,-1,-1,-1,-1,-1,-1,2,2,2,2,2,2,2,0,2,2,2,2,2,2,2,2,2
380,-5600.344,10987.741,-206.816,114.654,-0.370880,-0.927924,0.037488,0.808068,-0.302555,0.505457,-0.457683,0.217757,0.862037,0,0.23503,0.50657,1.499,1.184,-1,-1,-1,-1,-1,-1,-1,835.390,-1,-1,-1,-1,-1,-1,-1,-1,-1,2,2,2,2,2,2,2,0,2,2,2,2,2,2,2,2,2
381,-5600.111,10989.064,-206.219,115.931,-0.379745,-0.924368,0.036561,0.780991,-0.299159,0.548230,-0.495829,0.236742,0.835528,0,0.23503,0.50657,1.344,1.277,-1,-1,-1,-1,-1,-1,-1,942.200,-1,-1,-1,-1,-1,-1,-1,-1,-1,2,2,2,2,2,2,2,0,2,2,2,2,2,2,2,2,2
382,-5599.910,10990.438,-205.702,117.313,-0.388163,-0.920947,0.034425,0.751625,-0.294739,0.590075,-0.533282,0.254920,0.806614,0,0.23503,0.50657,1.388,1.383,-1,-1,-1,-1,-1,-1,-1,-1,-1,-1,-1,-1,-1,-1,-1,-1,-1,2,2,2,2,2,2,2,2,2,2,2,2,2,2,2,2,2
383,-5599.742,10991.866,-205.261,118.818,-0.396066,-0.917693,0.031155,0.719899,-0.289280,0.630922,-0.569981,0.272315,0.775220,0,0.23503,0.50657,1.439,1.505,-1,-1,-1,-1,-1,-1,-1,-1,-1,-1,-1,-1,-1,-1,-1,-1,-1,2,2,2,2,2,2,2,2,2,2,2,2,2,2,2,2,2
384,-5599.606,10993.348,-204.904,120.466,-0.403383,-0.914637,0.026851,0.685735,-0.282741,0.670690,-0.605846,0.288958,0.741251,0,0.23503,0.50657,1.488,1.648,-1,-1,-1,-1,-1,-1,-1,-1,-1,-1,-1,-1,-1,-1,-1,-1,-1,2,2,2,2,2,2,2,2,2,2,2,2,2,2,2,2,2
385,-5599.506,10995.015,-204.620,122.255,-0.409791,-0.911916,0.021921,0.649348,-0.274754,0.709125,-0.640639,0.304827,0.704742,0,0.23503,0.50657,1.670,1.789,-1,-1,-1,-1,-1,-1,-1,-1,-1,-1,-1,-1,-1,-1,-1,-1,-1,2,2,2,2,2,2,2,2,2,2,2,2,2,2,2,2,2
386,-5599.438,10997.258,-204.675,124.135,-0.414830,-0.909716,0.018216,0.611893,-0.264095,0.745547,-0.673426,0.320422,0.666204,0,0.23503,0.50657,2.244,1.880,-1,-1,-1,-1,-1,-1,-1,-1,-1,-1,-1,-1,-1,-1,-1,-1,-1,2,2,2,2,2,2,2,2,2,2,2,2,2,2,2,2,2
387,-5599.360,10999.668,-205.369,126.237,-0.419885,-0.907434,0.016110,0.572926,-0.251252,0.780146,-0.703884,0.336801,0.625390,0,0.23503,0.50657,2.411,2.102,-1,-1,-1,-1,-1,-1,-1,-1,-1,-1,-1,-1,-1,-1,-1,-1,-1,2,2,2,2,2,2,2,2,2,2,2,2,2,2,2,2,2
388,-1504.227,8358.716,-207.514,-132.723,-0.668651,0.721953,0.178017,-0.724026,-0.686674,0.065306,0.169388,-0.085222,0.981858,1,0.24773,0.83010,0.000,0.000,-1,712.966,-1,903.066,-1,596.823,619.109,501.649,789.443,-1,789.822,904.896,-1,-1,-1,-1,-1,2,0,2,0,2,0,0,0,0,2,0,0,2,2,2,2,2
389,-1501.563,8361.464,-204.792,-132.813,-0.671477,0.722790,0.163383,-0.724806,-0.686495,0.058149,0.154191,-0.079375,0.984848,0,0.62584,-0.81211,3.828,-0.090,-1,683.515,-1,821.209,-1,566.338,582.699,522.235,775.576,-1,995.050,-1,-1,-1,-1,-1,-1,2,0,2,0,2,0,0,0,0,2,0,2,2,2,2,2,2
390,-1499.405,8363.651,-200.605,-132.879,-0.673607,0.723796,0.149577,-0.725428,-0.686206,0.053614,0.141446,-0.072392,0.987295,0,0.62652,-0.81074,3.073,-0.066,-1,667.692,891.361,769.227,-1,548.912,560.200,550.165,764.003,-1,-1,-1,-1,-1,-1,-1,-1,2,0,1,0,2,0,0,0,0,2,2,2,2,2,2,2,2
391,-1497.998,8364.970,-196.124,-132.896,-0.674460,0.724856,0.140316,-0.725918,-0.685728,0.053107,0.134714,-0.066039,0.988681,0,0.62704,-0.80970,1.928,-0.017,-1,668.513,888.798,750.456,-1,547.486,555.635,578.916,756.984,-1,-1,-1,-1,-1,-1,-1,-1,2,0,1,0,2,0,0,0,0,2,2,2,2,2,2,2,2
392,-1497.289,8365.617,-192.171,-132.877,-0.674426,0.725881,0.135078,-0.726365,-0.685107,0.054984,0.132455,-0.061033,0.989308,0,0.62724,-0.80930,0.960,0.019,-1,678.311,888.998,750.974,-1,554.264,560.529,603.628,753.409,-1,-1,-1,-1,-1,-1,-1,-1,2,0,1,0,2,0,0,0,0,2,2,2,2,2,2,2,2
393,-1497.125,8365.848,-189.238,-132.859,-0.674203,0.726613,0.132227,-0.726578,-0.684661,0.057650,0.132420,-0.057206,0.989542,0,0.62720,-0.80937,0.283,0.018,-1,689.942,889.483,757.983,-1,563.243,568.073,622.330,750.549,-1,-1,-1,-1,-1,-1,-1,-1,2,0,1,0,2,0,0,0,0,2,2,2,2,2,2,2,2
394,-1497.227,8365.867,-187.493,-132.843,-0.673921,0.727192,0.130470,-0.726676,-0.684307,0.060550,0.133313,-0.054003,0.989602,0,0.62713,-0.80951,0.103,0.016,-1,700.135,-1,764.710,-1,570.997,574.811,636.141,745.689,-1,-1,-1,-1,-1,-1,-1,-1,2,0,2,0,2,0,0,0,0,2,2,2,2,2,2,2,2
395,-1497.657,8365.644,-186.898,-132.857,-0.673927,0.727260,0.130058,-0.726314,-0.684418,0.063569,0.135245,-0.051622,0.989466,0,0.62705,-0.80968,0.485,-0.014,-1,709.072,-1,772.022,-1,577.771,580.930,644.010,739.858,-1,-1,-1,-1,-1,-1,-1,-1,2,0,2,0,2,0,0,0,0,2,2,2,2,2,2,2,2
396,-1498.490,8365.080,-187.337,-132.916,-0.674386,0.726598,0.131375,-0.725332,-0.685199,0.066302,0.138193,-0.050578,0.989113,0,0.62710,-0.80958,1.006,-0.058,-1,716.515,-1,781.078,-1,583.731,586.853,644.528,735.235,-1,-1,-1,-1,-1,-1,-1,-1,2,0,2,0,2,0,0,0,0,2,2,2,2,2,2,2,2
397,-1499.725,8364.156,-188.650,-133.007,-0.675232,0.725215,0.134630,-0.723913,-0.686570,0.067608,0.141463,-0.051809,0.988587,0,0.62733,-0.80911,1.543,-0.092,-1,720.109,-1,791.055,-1,587.440,591.499,635.659,735.328,-1,-1,-1,-1,-1,-1,-1,-1,2,0,2,0,2,0,0,0,0,2,2,2,2,2,2,2,2
398,-1501.329,8362.706,-190.667,-133.122,-0.676374,0.723174,0.139774,-0.722228,-0.688414,0.066872,0.144582,-0.055719,0.987923,0,0.62769,-0.80838,2.162,-0.115,-1,718.516,-1,801.340,-1,588.061,594.196,617.222,742.042,-1,-1,-1,-1,-1,-1,-1,-1,2,0,2,0,2,0,0,0,0,2,2,2,2,2,2,2,2
399,-1503.188,8360.635,-193.163,-133.229,-0.677474,0.720879,0.146156,-0.720717,-0.690278,0.063901,0.146953,-0.062046,0.987195,0,0.62813,-0.80749,2.783,-0.106,-1,710.976,-1,810.043,-1,584.799,593.978,591.659,755.453,-1,-1,-1,-1,-1,-1,-1,-1,2,0,2,0,2,0,0,0,0,2,2,2,2,2,2,2,2
400,-1505.272,8358.087,-195.374,-133.315,-0.678447,0.718835,0.151610,-0.719571,-0.691815,0.060089,0.148080,-0.068327,0.986612,0,0.62849,-0.80678,3.292,-0.087,-1,700.668,-1,814.489,-1,579.142,591.224,567.408,769.836,-1,-1,-1,-1,-1,-1,-1,-1,2,0,2,0,2,0,0,0,0,2,2,2,2,2,2,2,2
401,-1507.696,8355.291,-196.753,-133.413,-0.679698,0.716866,0.155286,-0.718428,-0.693334,0.056113,0.147891,-0.073422,0.986275,0,0.62871,-0.80633,3.700,-0.098,-1,690.051,-1,814.630,-1,572.726,587.100,548.807,783.252,-1,-1,-1,-1,-1,-1,-1,-1,2,0,2,0,2,0,0,0,0,2,2,2,2,2,2,2,2
402,-1510.538,8352.364,-197.079,-133.546,-0.681464,0.714823,0.156955,-0.716958,-0.695109,0.052869,0.146893,-0.076502,0.986190,0,0.62897,-0.80581,4.079,-0.133,-1,681.885,-1,812.256,-1,567.649,583.439,537.630,793.214,-1,-1,-1,-1,-1,-1,-1,-1,2,0,2,0,2,0,0,0,0,2,2,2,2,2,2,2,2
403,-1513.833,8349.324,-196.379,-133.706,-0.683575,0.712831,0.156833,-0.715169,-0.697076,0.051175,0.145804,-0.077180,0.986298,0,0.62937,-0.80499,4.483,-0.160,-1,678.350,-1,810.205,-1,565.733,582.012,534.339,797.760,-1,-1,-1,-1,-1,-1,-1,-1,2,0,2,0,2,0,0,0,0,2,2,2,2,2,2,2,2
404,-1517.612,8346.175,-194.858,-133.890,-0.685930,0.710860,0.155495,-0.713030,-0.699252,0.051333,0.145221,-0.075661,0.986502,0,0.62990,-0.80394,4.920,-0.184,-1,680.234,-1,810.789,-1,567.796,583.818,537.797,796.813,-1,-1,-1,-1,-1,-1,-1,-1,2,0,2,0,2,0,0,0,0,2,2,2,2,2,2,2,2
405,-1521.901,8342.840,-192.847,-134.091,-0.688411,0.708871,0.153599,-0.710606,-0.701588,0.053036,0.145359,-0.072638,0.986709,0,0.63052,-0.80269,5.433,-0.201,-1,686.575,-1,814.612,-1,573.258,588.582,545.644,791.874,-1,-1,-1,-1,-1,-1,-1,-1,2,0,2,0,2,0,0,0,0,2,2,2,2,2,2,2,2
406,-1526.710,8339.270,-190.701,-134.310,-0.691043,0.706721,0.151671,-0.707900,-0.704123,0.055571,0.146068,-0.068966,0.986868,0,0.63120,-0.80132,5.989,-0.219,-1,695.257,-1,820.639,-1,580.549,595.048,555.060,785.062,-1,-1,-1,-1,-1,-1,-1,-1,2,0,2,0,2,0,0,0,0,2,2,2,2,2,2,2,2
407,-1532.031,8335.442,-188.711,-134.548,-0.693892,0.704286,0.149984,-0.704938,-0.706891,0.058026,0.146889,-0.065466,0.986984,0,0.63194,-0.79984,6.555,-0.238,-1,703.488,-1,826.597,-1,587.515,601.319,563.518,778.422,-1,-1,-1,-1,-1,-1,-1,-1,2,0,2,0,2,0,0,0,0,2,2,2,2,2,2,2,2
408,-1537.803,8331.334,-187.065,-134.820,-0.697177,0.701317,0.148660,-0.701576,-0.710089,0.059699,0.147430,-0.062676,0.987085,0,0.63274,-0.79822,7.085,-0.272,-1,709.114,-1,830.527,-1,592.463,597.584,568.750,773.292,-1,-1,-1,-1,-1,-1,-1,-1,2,0,2,0,2,0,1,0,0,2,2,2,2,2,2,2,2
409,-1543.943,8326.855,-185.851,-135.090,-0.700466,0.698283,0.147475,-0.698280,-0.713257,0.060582,0.147490,-0.060543,0.987209,0,0.63368,-0.79632,7.599,-0.270,-1,711.464,-1,831.036,-1,594.692,583.312,570.824,768.724,-1,-1,-1,-1,-1,-1,-1,-1,2,0,2,0,2,0,1,0,0,2,2,2,2,2,2,2,2
410,-1550.399,8321.861,-185.003,-135.325,-0.703345,0.695590,0.146491,-0.695402,-0.716020,0.061083,0.147379,-0.058907,0.987324,0,0.63458,-0.79451,8.163,-0.236,-1,712.500,-1,829.798,-1,595.268,569.418,570.547,764.110,-1,-1,-1,-1,-1,-1,-1,-1,2,0,2,0,2,0,1,0,0,2,2,2,2,2,2,2,2
411,-1557.239,8316.464,-184.375,-135.567,-0.706284,0.692666,0.146206,-0.692451,-0.718898,0.060800,0.147221,-0.058298,0.987384,0,0.63527,-0.79312,8.713,-0.241,-1,711.623,-1,828.880,-1,594.816,554.886,566.765,762.282,-1,-1,-1,-1,-1,-1,-1,-1,2,0,2,0,2,0,1,0,0,2,2,2,2,2,2,2,2
412,-1564.466,8310.743,-183.780,-135.821,-0.709379,0.689434,0.146497,-0.689346,-0.721970,0.059679,0.146911,-0.058652,0.987409,0,0.63595,-0.79175,9.217,-0.254,-1,709.152,-1,828.442,-1,594.032,539.600,560.172,763.739,-1,-1,-1,-1,-1,-1,-1,-1,2,0,2,0,2,0,1,0,0,2,2,2,2,2,2,2,2
413,-1572.056,8304.745,-183.050,-136.091,-0.712680,0.685909,0.147021,-0.686040,-0.725248,0.057998,0.146408,-0.059528,0.987432,0,0.63667,-0.79031,9.674,-0.271,-1,705.885,-1,828.355,-1,592.948,607.703,552.466,767.569,-1,-1,-1,-1,-1,-1,-1,-1,2,0,2,0,2,0,0,0,0,2,2,2,2,2,2,2,2
414,-1580.007,8298.523,-182.064,-136.381,-0.716205,0.682130,0.147475,-0.682497,-0.728729,0.056144,0.145767,-0.060440,0.987471,0,0.63744,-0.78877,10.096,-0.289,-1,702.814,-1,828.671,-1,592.181,607.771,545.586,772.488,-1,-1,-1,-1,-1,-1,-1,-1,2,0,2,0,2,0,0,0,0,2,2,2,2,2,2,2,2
415,-1588.331,8292.127,-180.767,-136.689,-0.719940,0.678149,0.147649,-0.678703,-0.732389,0.054481,0.145083,-0.060987,0.987538,0,0.63827,-0.78708,10.497,-0.308,-1,700.736,-1,829.694,-1,592.227,608.438,540.120,777.236,-1,-1,-1,-1,-1,-1,-1,-1,2,0,2,0,2,0,0,0,0,2,2,2,2,2,2,2,2
416,-1596.725,8285.948,-179.252,-136.994,-0.723740,0.674329,0.146560,-0.675042,-0.735911,0.052478,0.143243,-0.060954,0.987809,0,-0.11674,-0.60506,10.423,-0.305,-1,696.665,-1,825.242,-1,590.058,606.378,536.543,780.435,-1,-1,-1,-1,-1,-1,-1,-1,2,0,2,0,2,0,0,0,0,2,2,2,2,2,2,2,2
417,-1604.654,8280.316,-177.704,-137.268,-0.727332,0.671164,0.143273,-0.671917,-0.738909,0.050409,0.139699,-0.059604,0.988398,0,-0.11690,-0.60324,9.726,-0.274,-1,689.454,-1,811.281,-1,584.061,599.508,536.413,778.457,-1,-1,-1,-1,-1,-1,-1,-1,2,0,2,0,2,0,0,0,0,2,2,2,2,2,2,2,2
418,-1612.170,8275.086,-176.150,-137.509,-0.730500,0.668526,0.139437,-0.669160,-0.741480,0.049322,0.136363,-0.057276,0.989002,0,-0.11704,-0.60165,9.156,-0.241,-1,683.913,-1,797.533,-1,579.037,593.251,539.022,772.877,-1,-1,-1,-1,-1,-1,-1,-1,2,0,2,0,2,0,0,0,0,2,2,2,2,2,2,2,2
419,-1619.336,8270.205,-174.617,-137.729,-0.733260,0.666108,0.136493,-0.666527,-0.743842,0.049393,0.134430,-0.054759,0.989409,0,-0.11717,-0.60032,8.671,-0.220,-1,682.474,-1,790.159,-1,577.648,590.850,542.549,766.932,-1,-1,-1,-1,-1,-1,-1,-1,2,0,2,0,2,0,0,0,0,2,2,2,2,2,2,2,2
420,-1626.165,8265.601,-173.180,-137.931,-0.735641,0.663805,0.134889,-0.663975,-0.746058,0.050339,0.134051,-0.052531,0.989581,0,-0.11727,-0.59913,8.236,-0.202,-1,684.789,-1,789.819,-1,579.870,592.486,545.677,762.134,-1,-1,-1,-1,-1,-1,-1,-1,2,0,2,0,2,0,0,0,0,2,2,2,2,2,2,2,2
421,-1632.617,8261.237,-171.900,-138.113,-0.737676,0.661632,0.134454,-0.661573,-0.748101,0.051630,0.134745,-0.050865,0.989574,0,-0.11737,-0.59808,7.789,-0.182,-1,690.050,-1,794.421,-1,584.282,596.746,547.578,759.090,-1,-1,-1,-1,-1,-1,-1,-1,2,0,2,0,2,0,0,0,0,2,2,2,2,2,2,2,2
422,-1638.639,8257.114,-170.784,-138.275,-0.739413,0.659615,0.134819,-0.659376,-0.749952,0.052869,0.135981,-0.049805,0.989459,0,-0.11745,-0.59717,7.298,-0.162,-1,696.220,-1,801.711,-1,589.569,602.225,548.093,757.805,-1,-1,-1,-1,-1,-1,-1,-1,2,0,2,0,2,0,0,0,0,2,2,2,2,2,2,2,2
423,-1644.195,8253.236,-169.823,-138.417,-0.740919,0.657763,0.135594,-0.657432,-0.751603,0.053637,0.137194,-0.049403,0.989312,0,-0.11752,-0.59642,6.775,-0.142,-1,701.413,-1,809.370,-1,585.466,607.455,547.100,758.395,-1,-1,-1,-1,-1,-1,-1,-1,2,0,2,0,2,1,0,0,0,2,2,2,2,2,2,2,2
424,-1649.244,8249.634,-168.979,-138.546,-0.742346,0.656050,0.136087,-0.655715,-0.753099,0.053664,0.137694,-0.049397,0.989242,0,-0.11758,-0.59580,6.203,-0.129,-1,703.969,-1,814.061,-1,575.997,610.749,545.245,759.986,-1,-1,-1,-1,-1,-1,-1,-1,2,0,2,0,2,1,0,0,0,2,2,2,2,2,2,2,2
425,-1653.820,8246.312,-168.220,-138.661,-0.743684,0.654501,0.136246,-0.654244,-0.754424,0.052996,0.137473,-0.049726,0.989256,0,-0.11763,-0.59525,5.654,-0.115,-1,704.008,-1,815.754,-1,567.391,611.952,542.730,762.471,-1,-1,-1,-1,-1,-1,-1,-1,2,0,2,0,2,1,0,0,0,2,2,2,2,2,2,2,2
426,-1657.963,8243.259,-167.527,-138.763,-0.744898,0.653106,0.136306,-0.652962,-0.755599,0.052056,0.136991,-0.050226,0.989298,0,-0.11767,-0.59478,5.146,-0.102,-1,703.052,-1,816.279,-1,559.631,612.312,540.340,765.409,-1,-1,-1,-1,-1,-1,-1,-1,2,0,2,0,2,1,0,0,0,2,2,2,2,2,2,2,2
427,-1661.734,8240.496,-166.898,-138.858,-0.746038,0.651808,0.136283,-0.651767,-0.756691,0.051169,0.136477,-0.050651,0.989348,0,-0.11770,-0.59438,4.674,-0.095,-1,701.997,-1,816.348,-1,552.542,612.410,538.303,767.983,-1,-1,-1,-1,-1,-1,-1,-1,2,0,2,0,2,1,0,0,0,2,2,2,2,2,2,2,2
428,-1665.186,8238.027,-166.347,-138.950,-0.747124,0.650575,0.136225,-0.650602,-0.757736,0.050535,0.136100,-0.050873,0.989388,0,-0.11774,-0.59399,4.244,-0.092,-1,701.399,-1,816.463,-1,545.999,612.637,536.613,769.716,-1,-1,-1,-1,-1,-1,-1,-1,2,0,2,0,2,1,0,0,0,2,2,2,2,2,2,2,2
429,-1668.331,8235.849,-165.880,-139.037,-0.748130,0.649455,0.136049,-0.649494,-0.758704,0.050266,0.135866,-0.050758,0.989426,0,-0.11778,-0.59358,3.826,-0.087,-1,701.369,-1,816.442,-1,540.041,612.960,535.697,770.053,-1,-1,-1,-1,-1,-1,-1,-1,2,0,2,0,2,1,0,0,0,2,2,2,2,2,2,2,2
430,-1671.169,8233.946,-165.490,-139.117,-0.749048,0.648466,0.135720,-0.648462,-0.759580,0.050348,0.135739,-0.050296,0.989467,0,-0.11781,-0.59317,3.417,-0.080,-1,701.819,-1,816.143,-1,534.688,613.295,535.593,768.965,-1,-1,-1,-1,-1,-1,-1,-1,2,0,2,0,2,1,0,0,0,2,2,2,2,2,2,2,2
431,-1673.701,8232.305,-165.166,-139.190,-0.749876,0.647595,0.135305,-0.647511,-0.760369,0.050687,0.135706,-0.049602,0.989507,0,-0.11785,-0.59278,3.017,-0.073,-1,702.652,-1,815.732,-1,529.921,613.678,536.077,766.581,-1,-1,-1,-1,-1,-1,-1,-1,2,0,2,0,2,1,0,0,0,2,2,2,2,2,2,2,2
432,-1675.930,8230.904,-164.893,-139.257,-0.750625,0.646805,0.134927,-0.646627,-0.761089,0.051156,0.135779,-0.048848,0.989534,0,-0.11788,-0.59240,2.633,-0.067,-1,703.784,-1,815.549,-1,525.695,614.222,536.795,763.849,-1,-1,-1,-1,-1,-1,-1,-1,2,0,2,0,2,1,0,0,0,2,2,2,2,2,2,2,2
433,-1677.854,8229.728,-164.660,-139.316,-0.751282,0.646098,0.134657,-0.645830,-0.761733,0.051638,0.135936,-0.048171,0.989546,0,-0.11792,-0.59204,2.255,-0.060,-1,705.060,-1,815.745,-1,522.023,614.936,537.470,761.434,-1,-1,-1,-1,-1,-1,-1,-1,2,0,2,0,2,1,0,0,0,2,2,2,2,2,2,2,2
434,-1679.466,8228.761,-164.462,-139.367,-0.751837,0.645481,0.134518,-0.645144,-0.762288,0.052034,0.136129,-0.047663,0.989544,0,-0.11795,-0.59170,1.880,-0.051,-1,706.274,-1,816.271,-1,518.924,615.732,537.912,759.711,-1,-1,-1,-1,-1,-1,-1,-1,2,0,2,0,2,1,0,0,0,2,2,2,2,2,2,2,2
435,-1680.762,8227.995,-164.296,-139.409,-0.752288,0.644958,0.134503,-0.644581,-0.762747,0.052261,0.136298,-0.047383,0.989534,0,-0.11797,-0.59141,1.505,-0.042,-1,707.205,-1,816.962,-1,516.405,616.464,537.993,758.903,-1,-1,-1,-1,-1,-1,-1,-1,2,0,2,0,2,1,0,0,0,2,2,2,2,2,2,2,2
436,-1681.748,8227.424,-164.159,-139.440,-0.752622,0.644553,0.134577,-0.644171,-0.763093,0.052281,0.136392,-0.047343,0.989523,0,-0.11800,-0.59117,1.139,-0.031,-1,707.696,-1,817.614,-1,514.483,617.001,537.699,759.034,-1,-1,-1,-1,-1,-1,-1,-1,2,0,2,0,2,1,0,0,0,2,2,2,2,2,2,2,2
437,-1682.427,8227.036,-164.052,-139.461,-0.752856,0.644260,0.134672,-0.643894,-0.763334,0.052167,0.136409,-0.047440,0.989516,0,-0.11801,-0.59099,0.783,-0.021,-1,707.820,-1,818.059,-1,513.137,617.302,537.243,759.680,-1,-1,-1,-1,-1,-1,-1,-1,2,0,2,0,2,1,0,0,0,2,2,2,2,2,2,2,2
438,-1682.815,8226.825,-163.981,-139.472,-0.752992,0.644083,0.134761,-0.643742,-0.763474,0.051997,0.136377,-0.047598,0.989513,0,-0.11802,-0.59087,0.441,-0.012,-1,707.717,-1,818.320,-1,512.354,617.417,536.782,760.513,-1,-1,-1,-1,-1,-1,-1,-1,2,0,2,0,2,1,0,0,0,2,2,2,2,2,2,2,2
439,-1682.922,8226.786,-163.947,-139.475,-0.753023,0.644030,0.134842,-0.643714,-0.763508,0.051844,0.136342,-0.047760,0.989510,0,-0.11803,-0.59080,0.114,-0.002,-1,707.552,-1,818.496,-1,512.129,617.446,536.431,761.287,-1,-1,-1,-1,-1,-1,-1,-1,2,0,2,0,2,1,0,0,0,2,2,2,2,2,2,2,2
440,-1682.760,8226.914,-163.956,-139.468,-0.752943,0.644107,0.134923,-0.643807,-0.763435,0.051759,0.136344,-0.047893,0.989503,0,-0.11803,-0.59079,0.206,0.007,-1,707.461,-1,818.704,-1,512.458,617.484,536.257,761.849,-1,-1,-1,-1,-1,-1,-1,-1,2,0,2,0,2,1,0,0,0,2,2,2,2,2,2,2,2
441,-1682.543,8226.983,-163.973,-139.460,-0.752763,0.644186,0.135543,-0.643830,-0.763372,0.052399,0.137224,-0.047823,0.989385,0,0.33547,-0.26722,0.227,0.008,-1,710.064,-1,822.470,-1,513.047,619.943,536.623,761.681,-1,-1,-1,-1,-1,-1,-1,-1,2,0,2,0,2,1,0,0,0,2,2,2,2,2,2,2,2
442,-1682.606,8226.808,-163.952,-139.466,-0.752605,0.644025,0.137179,-0.643559,-0.763507,0.053742,0.139348,-0.047836,0.989087,0,0.33545,-0.26728,0.187,-0.006,-1,716.300,-1,831.984,-1,513.166,626.080,536.760,762.188,-1,-1,-1,-1,-1,-1,-1,-1,2,0,2,0,2,1,0,0,0,2,2,2,2,2,2,2,2
443,-1682.896,8226.468,-163.907,-139.481,-0.752540,0.643736,0.138879,-0.643171,-0.763745,0.054996,0.141471,-0.047936,0.988781,0,0.33546,-0.26724,0.447,-0.015,-1,722.542,-1,841.809,-1,512.810,632.356,536.570,763.085,-1,-1,-1,-1,-1,-1,-1,-1,2,0,2,0,2,1,0,0,0,2,2,2,2,2,2,2,2
444,-1683.369,8225.993,-163.847,-139.501,-0.752626,0.643400,0.139964,-0.642777,-0.764023,0.055742,0.142800,-0.048013,0.988586,0,0.33549,-0.26716,0.670,-0.021,-1,726.476,-1,848.110,-1,512.004,636.384,536.242,763.717,-1,-1,-1,-1,-1,-1,-1,-1,2,0,2,0,2,1,0,0,0,2,2,2,2,2,2,2,2
445,-1684.011,8225.401,-163.773,-139.528,-0.752894,0.643028,0.140233,-0.642395,-0.764335,0.055854,0.143101,-0.048033,0.988542,0,0.33552,-0.26704,0.873,-0.027,-1,727.382,-1,849.644,-1,510.725,637.407,535.839,763.921,-1,-1,-1,-1,-1,-1,-1,-1,2,0,2,0,2,1,0,0,0,2,2,2,2,2,2,2,2
446,-1684.831,8224.689,-163.676,-139.561,-0.753318,0.642618,0.139839,-0.642016,-0.764682,0.055468,0.142577,-0.047994,0.988619,0,0.33556,-0.26688,1.086,-0.033,-1,725.877,-1,847.338,-1,509.002,636.031,535.406,763.747,-1,-1,-1,-1,-1,-1,-1,-1,2,0,2,0,2,1,0,0,0,2,2,2,2,2,2,2,2
447,-1685.846,8223.840,-163.549,-139.598,-0.753841,0.642162,0.139113,-0.641612,-0.765068,0.054809,0.141627,-0.047939,0.988759,0,0.33561,-0.26669,1.323,-0.037,-1,723.156,-1,843.158,-1,506.882,633.479,534.904,763.463,-1,-1,-1,-1,-1,-1,-1,-1,2,0,2,0,2,1,0,0,0,2,2,2,2,2,2,2,2
448,-1687.070,8222.837,-163.380,-139.639,-0.754406,0.641657,0.138373,-0.641157,-0.765496,0.054153,0.140672,-0.047866,0.988899,0,0.33566,-0.26648,1.583,-0.041,-1,720.511,-1,839.082,-1,504.422,631.023,534.407,763.164,-1,-1,-1,-1,-1,-1,-1,-1,2,0,2,0,2,1,0,0,0,2,2,2,2,2,2,2,2
449,-1688.516,8221.678,-163.166,-139.685,-0.754992,0.641087,0.137821,-0.640622,-0.765980,0.053657,0.139967,-0.047780,0.989003,0,0.33572,-0.26626,1.853,-0.046,-1,718.707,-1,836.284,-1,501.630,629.419,533.932,762.946,-1,-1,-1,-1,994.501,-1,-1,-1,2,0,2,0,2,1,0,0,0,2,2,2,2,1,2,2,2
450,-1690.181,8220.367,-162.909,-139.735,-0.755589,0.640456,0.137480,-0.640004,-0.766515,0.053383,0.139570,-0.047652,0.989065,0,0.33577,-0.26604,2.119,-0.050,-1,717.928,-1,834.954,-1,498.525,628.808,533.544,762.689,-1,-1,-1,-1,986.679,-1,-1,-1,2,0,2,0,2,1,0,0,0,2,2,2,2,1,2,2,2
451,-1692.054,8218.911,-162.616,-139.787,-0.756199,0.639782,0.137267,-0.639321,-0.767090,0.053303,0.139399,-0.047450,0.989099,0,0.33584,-0.26580,2.372,-0.053,-1,717.932,-1,834.634,-1,495.131,628.916,533.304,762.205,-1,-1,-1,-1,978.285,-1,-1,-1,2,0,2,0,2,1,0,0,0,2,2,2,2,1,2,2,2
452,-1694.118,8217.311,-162.292,-139.840,-0.756792,0.639122,0.137074,-0.638631,-0.767660,0.053380,0.139342,-0.047142,0.989121,0,0.33590,-0.26556,2.612,-0.053,-1,718.406,-1,834.788,-1,491.532,629.412,533.285,761.305,-1,-1,-1,-1,969.569,-1,-1,-1,2,0,2,0,2,1,0,0,0,2,2,2,2,1,2,2,2
453,-1696.364,8215.570,-161.935,-139.892,-0.757376,0.638476,0.136859,-0.637947,-0.768219,0.053514,0.139306,-0.046779,0.989144,0,0.33595,-0.26536,2.841,-0.052,-1,719.025,-1,835.062,-1,487.730,630.034,533.381,760.174,-1,-1,-1,-1,960.519,-1,-1,-1,2,0,2,0,2,1,0,0,0,2,2,2,2,1,2,2,2
454,-1698.782,8213.696,-161.547,-139.945,-0.757970,0.637827,0.136596,-0.637261,-0.768781,0.053619,0.139212,-0.046406,0.989175,0,0.33599,-0.26519,3.059,-0.053,-1,719.576,-1,835.169,-1,483.698,630.532,533.470,759.003,-1,-1,-1,-1,951.019,-1,-1,-1,2,0,2,0,2,1,0,0,0,2,2,2,2,1,2,2,2
455,-1701.366,8211.690,-161.129,-139.998,-0.758578,0.637172,0.136272,-0.636578,-0.769344,0.053650,0.139024,-0.046050,0.989218,0,0.33603,-0.26504,3.271,-0.053,-1,719.976,-1,834.982,-1,479.441,630.830,533.487,757.892,-1,-1,-1,-1,941.072,-1,-1,-1,2,0,2,0,2,1,0,0,0,2,2,2,2,1,2,2,2
456,-1704.111,8209.548,-160.687,-140.049,-0.759185,0.636534,0.135878,-0.635916,-0.769894,0.053617,0.138740,-0.045702,0.989274,0,0.33606,-0.26491,3.482,-0.052,-1,720.102,-1,834.464,-1,474.997,630.916,533.456,756.764,-1,-1,-1,-1,930.796,-1,-1,-1,2,0,2,0,2,1,0,0,0,2,2,2,2,1,2,2,2
457,-1707.015,8207.262,-160.228,-140.098,-0.759763,0.635957,0.135350,-0.635311,-0.770395,0.053583,0.138349,-0.045279,0.989348,0,0.33609,-0.26482,3.696,-0.048,-1,719.959,-1,833.427,-1,470.422,630.715,533.548,755.212,-1,-1,-1,-1,920.379,-1,-1,-1,2,0,2,0,2,1,0,0,0,2,2,2,2,1,2,2,2
458,-1710.089,8204.868,-159.756,-140.148,-0.760375,0.635368,0.134677,-0.634681,-0.770913,0.053600,0.137880,-0.044721,0.989439,0,0.33609,-0.26480,3.895,-0.051,-1,719.707,-1,831.880,-1,465.590,630.276,533.858,753.072,-1,-1,-1,-1,909.423,-1,-1,-1,2,0,2,0,2,1,0,0,0,2,2,2,2,1,2,2,2
459,-1713.323,8202.374,-159.273,-140.199,-0.760989,0.634813,0.133820,-0.634059,-0.771415,0.053749,0.137351,-0.043948,0.989547,0,0.33610,-0.26477,4.084,-0.050,-1,719.471,-1,829.810,-1,460.570,629.639,534.593,749.999,-1,-1,-1,-1,898.150,-1,-1,-1,2,0,2,0,2,1,0,0,0,2,2,2,2,1,2,2,2
460,-1716.723,8199.788,-158.759,-140.252,-0.761634,0.634212,0.132999,-0.633407,-0.771947,0.053788,0.136781,-0.043276,0.989656,0,0.33610,-0.26477,4.272,-0.053,-1,719.078,-1,827.798,-1,455.273,628.979,535.067,747.393,-1,-1,-1,-1,886.289,-1,-1,-1,2,0,2,0,2,1,0,0,0,2,2,2,2,1,2,2,2
461,-1720.278,8197.100,-158.208,-140.311,-0.762349,0.633502,0.132282,-0.632676,-0.772556,0.053645,0.136179,-0.042796,0.989759,0,0.33610,-0.26477,4.457,-0.059,-1,718.500,-1,826.022,-1,449.651,628.359,535.071,745.667,-1,-1,-1,-1,873.650,-1,-1,-1,2,0,2,0,2,1,0,0,0,2,2,2,2,1,2,2,2
462,-1723.985,8194.313,-157.621,-140.377,-0.763148,0.632660,0.131709,-0.631841,-0.773261,0.053325,0.135582,-0.042525,0.989853,0,0.33611,-0.26473,4.638,-0.067,-1,717.839,-1,824.659,-1,443.686,627.887,534.558,744.911,-1,-1,-1,-1,860.177,-1,-1,-1,2,0,2,0,2,1,0,0,0,2,2,2,2,1,2,2,2
463,-1727.852,8191.429,-157.008,-140.450,-0.764008,0.631710,0.131282,-0.630912,-0.774046,0.052942,0.135063,-0.042380,0.989930,0,0.33614,-0.26463,4.825,-0.073,-1,717.353,-1,823.868,-1,437.412,627.717,533.701,744.747,-1,-1,-1,-1,846.012,-1,-1,-1,2,0,2,0,2,1,0,0,0,2,2,2,2,1,2,2,2
464,-1731.884,8188.451,-156.385,-140.529,-0.764915,0.630678,0.130960,-0.629896,-0.774894,0.052626,0.134670,-0.042237,0.989990,0,0.33617,-0.26449,5.012,-0.079,-1,717.254,-1,823.624,-1,430.855,628.010,532.741,744.614,-1,-1,-1,-1,831.263,-1,-1,-1,2,0,2,0,2,1,0,0,0,2,2,2,2,1,2,2,2
465,-1736.065,8185.379,-155.758,-140.615,-0.765896,0.629557,0.130619,-0.628774,-0.775819,0.052418,0.134337,-0.041984,0.990046,0,0.33622,-0.26432,5.188,-0.086,-1,717.422,-1,823.444,-1,424.013,628.442,531.909,744.037,-1,-1,-1,-1,815.885,-1,-1,-1,2,0,2,0,2,1,0,0,0,2,2,2,2,1,2,2,2
466,-1740.376,8182.201,-155.121,-140.700,-0.766865,0.628471,0.130167,-0.627669,-0.776721,0.052308,0.133977,-0.041588,0.990111,0,0.33627,-0.26410,5.357,-0.085,-1,717.633,-1,822.995,-1,417.057,628.788,531.353,742.828,-1,-1,-1,-1,800.409,-1,-1,-1,2,0,2,0,2,1,0,0,0,2,2,2,2,1,2,2,2
467,-1744.820,8178.930,-154.460,-140.785,-0.767836,0.627394,0.129632,-0.626572,-0.777614,0.052192,0.133548,-0.041149,0.990188,0,0.33632,-0.26391,5.518,-0.085,-1,717.712,-1,822.267,-1,409.951,628.986,530.993,741.433,-1,-1,-1,-1,784.727,-1,-1,-1,2,0,2,0,2,1,0,0,0,2,2,2,2,1,2,2,2
468,-1749.401,8175.613,-153.767,-140.883,-0.768961,0.626128,0.129085,-0.625307,-0.778651,0.051895,0.133005,-0.040813,0.990275,0,0.31669,-1.00000,5.655,-0.098,-1,717.460,-1,821.246,-1,402.437,628.944,530.837,740.625,-1,-1,-1,-1,768.023,-1,-1,-1,2,0,2,0,2,1,0,0,0,2,2,2,2,1,2,2,2
469,-1754.093,8172.276,-153.017,-140.999,-0.770292,0.624553,0.128778,-0.623785,-0.779913,0.051258,0.132449,-0.040846,0.990348,0,0.31676,-1.00000,5.758,-0.117,-1,708.379,-1,820.756,-1,394.459,629.087,529.912,741.661,-1,-1,-1,-1,750.100,-1,-1,-1,2,1,2,0,2,1,0,0,0,2,2,2,2,1,2,2,2
470,-1758.864,8168.868,-152.195,-141.116,-0.771607,0.622945,0.128694,-0.622242,-0.781188,0.050592,0.132051,-0.041042,0.990393,0,0.31688,-1.00000,5.863,-0.117,-1,691.911,-1,821.410,-1,386.442,629.940,528.824,743.621,-1,-1,-1,-1,732.256,-1,-1,-1,2,1,2,0,2,1,0,0,0,2,2,2,2,1,2,2,2
471,-1763.695,8165.432,-151.301,-141.229,-0.772880,0.621409,0.128485,-0.620769,-0.782403,0.049906,0.131539,-0.041188,0.990455,0,0.31699,-1.00000,5.929,-0.112,-1,675.691,-1,821.804,-1,378.449,630.679,528.030,745.582,-1,-1,-1,-1,714.675,-1,-1,-1,2,1,2,0,2,1,0,0,0,2,2,2,2,1,2,2,2
472,-1768.609,8161.962,-150.366,-141.342,-0.774166,0.619906,0.127996,-0.619301,-0.783601,0.049353,0.130892,-0.041060,0.990546,0,0.31708,-1.00000,6.015,-0.113,-1,659.500,-1,821.413,-1,370.377,631.006,527.881,746.555,-1,-1,-1,-1,697.056,-1,-1,-1,2,1,2,0,2,1,0,0,0,2,2,2,2,1,2,2,2
473,-1773.656,8158.460,-149.424,-141.456,-0.775461,0.618412,0.127381,-0.617805,-0.784801,0.049037,0.130294,-0.040670,0.990641,0,0.31718,-1.00000,6.143,-0.114,-1,643.169,-1,820.880,-1,362.148,631.344,528.252,746.469,-1,-1,-1,-1,679.266,-1,-1,-1,2,1,2,0,2,1,0,0,0,2,2,2,2,1,2,2,2
474,-1778.860,8154.960,-148.487,-141.579,-0.776833,0.616823,0.126727,-0.616168,-0.786086,0.049048,0.129872,-0.039984,0.990724,0,0.31727,-1.00000,6.272,-0.123,-1,626.320,-1,820.592,-1,353.613,632.053,529.148,745.252,-1,-1,-1,-1,660.911,-1,-1,-1,2,1,2,0,2,1,0,0,0,2,2,2,2,1,2,2,2
475,-1784.228,8151.523,-147.578,-141.725,-0.778444,0.614950,0.125940,-0.614230,-0.787596,0.049137,0.129406,-0.039106,0.990820,0,0.31739,-1.00000,6.374,-0.146,-1,608.296,-1,819.281,-1,344.514,632.478,530.205,743.363,-1,-1,-1,-1,641.247,-1,-1,-1,2,1,2,0,2,1,0,0,0,2,2,2,2,1,2,2,2
476,-1789.790,8148.140,-146.745,-141.899,-0.780358,0.612699,0.125062,-0.611908,-0.789396,0.049214,0.128877,-0.038122,0.990928,0,0.31755,-1.00000,6.510,-0.174,-1,588.808,-1,817.295,-1,334.725,632.435,531.049,740.981,-1,-1,-1,-1,619.991,-1,-1,-1,2,1,2,0,2,1,0,0,0,2,2,2,2,1,2,2,2
477,-1795.521,8144.768,-146.024,-142.092,-0.782483,0.610193,0.124036,-0.609319,-0.791390,0.049325,0.128259,-0.036982,0.991051,0,0.31779,-1.00000,6.649,-0.193,-1,568.369,-1,814.438,-1,324.433,631.749,531.732,737.663,-1,-1,-1,-1,597.703,-1,-1,-1,2,1,2,0,2,1,0,0,0,2,2,2,2,1,2,2,2
478,-1801.418,8141.434,-145.386,-142.311,-0.784872,0.607309,0.123096,-0.606378,-0.793650,0.049245,0.127603,-0.035991,0.991172,0,0.31806,-1.00000,6.774,-0.219,-1,546.769,-1,811.246,-1,313.575,630.715,531.666,734.822,-1,-1,-1,-1,574.230,-1,-1,-1,2,1,2,0,2,1,0,0,0,2,2,2,2,1,2,2,2
479,-1807.455,8138.154,-144.763,-142.557,-0.787543,0.604002,0.122300,-0.603064,-0.796199,0.048787,0.126843,-0.035333,0.991293,0,0.31840,-1.00000,6.871,-0.246,-1,524.073,-1,807.949,-1,302.182,629.406,530.651,733.453,-1,-1,-1,-1,549.671,-1,-1,-1,2,1,2,0,2,1,0,0,0,2,2,2,2,1,2,2,2
480,-1813.631,8134.926,-144.111,-142.827,-0.790446,0.600317,0.121718,-0.599404,-0.798999,0.048117,0.126138,-0.034925,0.991398,0,0.31881,-1.00000,6.968,-0.270,-1,500.593,-1,805.223,-1,290.363,628.364,529.023,733.411,-1,-1,-1,-1,524.372,-1,-1,-1,2,1,2,0,2,1,0,0,0,2,2,2,2,1,2,2,2
481,-1819.939,8131.757,-143.407,-143.120,-0.793535,0.596271,0.121504,-0.595377,-0.802037,0.047570,0.125816,-0.034592,0.991450,0,0.31926,-1.00000,7.059,-0.293,-1,476.589,-1,804.108,-1,278.215,628.495,527.258,734.160,-1,-1,-1,-1,498.636,-1,-1,-1,2,1,2,0,2,1,0,0,0,2,2,2,2,1,2,2,2
482,-1826.324,8128.586,-142.626,-143.409,-0.796532,0.592230,0.121657,-0.591358,-0.805033,0.047093,0.125828,-0.034431,0.991454,0,0.31978,-1.00000,7.130,-0.290,-1,453.155,-1,804.715,-1,266.203,629.722,525.381,735.904,-1,-1,-1,-1,473.646,-1,796.323,-1,2,1,2,0,2,1,0,0,0,2,2,2,2,1,2,1,2
483,-1832.764,8125.383,-141.765,-143.690,-0.799412,0.588298,0.121840,-0.587438,-0.807920,0.046721,0.125923,-0.034224,0.991449,0,0.32028,-1.00000,7.192,-0.281,-1,430.464,-1,805.904,-1,254.390,631.278,524.213,737.695,-1,-1,-1,-1,449.511,-1,771.263,-1,2,1,2,0,2,1,0,0,0,2,2,2,2,1,2,1,2
484,-1839.269,8122.166,-140.844,-143.970,-0.802273,0.584399,0.121802,-0.583536,-0.810760,0.046400,0.125869,-0.033851,0.991469,0,0.32077,-1.00000,7.257,-0.279,-1,408.174,-1,806.521,-1,242.619,632.568,523.707,739.004,-1,-1,-1,-1,425.809,-1,746.618,-1,2,1,2,0,2,1,0,0,0,2,2,2,2,1,2,1,2
485,-1845.843,8118.950,-139.887,-144.249,-0.805143,0.580512,0.121450,-0.579640,-0.813570,0.046061,0.125547,-0.033312,0.991528,0,0.32124,-1.00000,7.318,-0.280,-1,386.155,-1,806.012,-1,230.831,633.203,523.589,739.740,-1,-1,-1,-1,402.397,-1,722.233,-1,2,1,2,0,2,1,0,0,0,2,2,2,2,1,2,1,2
486,-1852.504,8115.740,-138.920,-144.525,-0.807978,0.576673,0.120917,-0.575795,-0.816319,0.045646,0.125030,-0.032742,0.991613,0,0.32172,-1.00000,7.395,-0.276,-1,364.442,-1,804.743,-1,496.267,633.331,523.529,740.296,-1,-1,-1,-1,379.342,-1,698.218,-1,2,1,2,0,2,1,0,0,0,2,2,2,2,1,2,1,2
487,-1859.284,8112.540,-138.002,-144.785,-0.810622,0.572962,0.120857,-0.572143,-0.818926,0.044868,0.124681,-0.032776,0.991655,0,0.32218,-1.00000,7.497,-0.260,-1,343.273,-1,804.710,-1,497.376,633.901,522.158,742.914,-1,-1,-1,-1,357.005,-1,674.991,-1,2,1,2,0,2,1,0,0,0,2,2,2,2,1,2,1,2
488,-1866.084,8109.300,-137.164,-145.045,-0.813231,0.569206,0.121077,-0.568478,-0.821527,0.043890,0.124451,-0.033137,0.991672,0,0.32260,-1.00000,7.532,-0.260,-1,322.521,-1,805.249,-1,498.484,634.627,519.914,746.514,-1,-1,-1,-1,335.188,-1,652.199,-1,2,1,2,0,2,1,0,0,0,2,2,2,2,1,2,1,2
489,-1872.894,8106.020,-136.330,-145.317,-0.815986,0.565341,0.120651,-0.564647,-0.824201,0.043196,0.123861,-0.032878,0.991755,0,0.32303,-1.00000,7.559,-0.272,-1,301.821,-1,803.668,-1,499.930,634.231,518.853,747.636,-1,-1,-1,-1,313.363,-1,629.308,-1,2,1,2,0,2,1,0,0,0,2,2,2,2,1,2,1,2
490,-1879.686,8102.774,-135.436,-145.582,-0.818707,0.561673,0.119342,-0.560954,-0.826743,0.042746,0.122675,-0.031949,0.991933,0,0.32348,-1.00000,7.528,-0.265,-1,281.589,-1,799.563,-1,501.333,632.290,519.280,746.139,-1,-1,-1,-1,291.977,-1,606.996,-1,2,1,2,0,2,1,0,0,0,2,2,2,2,1,2,1,2
491,-1886.507,8099.476,-134.468,-145.834,-0.821297,0.558211,0.117778,-0.557440,-0.829129,0.042492,0.121373,-0.030755,0.992130,0,0.32391,-1.00000,7.577,-0.252,-1,261.936,-1,795.022,-1,502.199,630.226,520.467,743.703,-1,-1,-1,-1,271.231,-1,585.480,-1,2,1,2,0,2,1,0,0,0,2,2,2,2,1,2,1,2
492,-1893.173,8096.375,-133.502,-146.070,-0.823794,0.554928,0.115835,-0.554186,-0.831357,0.041508,0.119335,-0.030000,0.992401,0,-0.22054,-1.00000,7.351,-0.236,-1,242.976,-1,788.268,-1,621.035,626.387,520.846,742.907,-1,-1,-1,-1,251.249,-1,564.784,-1,2,1,2,0,2,0,0,0,0,2,2,2,2,1,2,1,2
493,-1899.278,8093.760,-132.644,-146.305,-0.826383,0.551672,0.112913,-0.551032,-0.833541,0.039654,0.115994,-0.029450,0.992813,0,-0.22079,-1.00000,6.642,-0.234,-1,224.994,-1,776.613,-1,614.516,618.841,520.645,742.673,-1,-1,-1,-1,232.265,-1,544.982,-1,2,1,2,0,2,0,0,0,0,2,2,2,2,1,2,1,2
494,-1905.947,8091.144,-131.793,-146.587,-0.829456,0.547749,0.109425,-0.547202,-0.836153,0.037664,0.112126,-0.028637,0.993281,0,-0.22105,-1.00000,7.163,-0.282,-1,204.977,-1,762.801,-1,606.798,609.749,520.524,741.565,-1,-1,-1,-1,211.181,-1,522.803,-1,2,1,2,0,2,0,0,0,0,2,2,2,2,1,2,1,2
495,-1910.012,8089.679,-131.327,-146.765,-0.831325,0.545243,0.107743,-0.544720,-0.837808,0.036848,0.110359,-0.028058,0.993496,0,-0.22138,-1.00000,4.321,-0.179,-1,192.911,-1,756.418,-1,603.174,605.635,520.531,740.580,-1,-1,-1,-1,198.538,-1,509.434,-1,2,1,2,0,2,0,0,0,0,2,2,2,2,1,2,1,2
496,-1914.675,8088.207,-130.844,-146.993,-0.833568,0.541967,0.106939,-0.541473,-0.839940,0.036147,0.109413,-0.027774,0.993608,0,-0.22160,-1.00000,4.890,-0.227,-1,179.066,-1,753.301,-1,601.493,603.562,519.697,741.267,-1,-1,-1,-1,184.131,-1,493.872,-1,2,1,2,0,2,0,0,0,0,2,2,2,2,1,2,1,2
497,-1918.833,8087.226,-130.488,-147.223,-0.835749,0.538575,0.107056,-0.538129,-0.842114,0.035503,0.109274,-0.027939,0.993619,0,-0.22189,-1.00000,4.272,-0.230,-1,166.492,-1,753.234,-1,601.431,603.267,517.923,743.805,-1,-1,-1,-1,171.114,-1,479.458,-1,2,1,2,0,2,0,0,0,0,2,2,2,2,1,2,1,2
498,-1922.386,8086.538,-130.248,-147.417,-0.837527,0.535752,0.107327,-0.535277,-0.843924,0.035639,0.109669,-0.027601,0.993585,0,-0.22220,-1.00000,3.619,-0.194,-1,155.982,-1,754.250,-1,602.572,604.031,517.277,743.935,-1,-1,-1,-1,160.249,-1,467.491,-1,2,1,2,0,2,0,0,0,0,2,2,2,2,1,2,1,2
499,-1925.275,8086.018,-130.078,-147.578,-0.838972,0.533504,0.107234,-0.532883,-0.845389,0.036780,0.110276,-0.026286,0.993553,0,-0.22247,-1.00000,2.935,-0.161,-1,161.383,-1,754.642,-1,604.358,604.908,518.784,739.879,-1,-1,-1,-1,180.689,-1,457.898,-1,2,1,2,0,2,0,0,0,0,2,2,2,2,1,2,1,2
