timestep,x_cm,y_cm,z_cm,yaw_deg,basis_xx,basis_xy,basis_xz,basis_yx,basis_yy,basis_yz,basis_zx,basis_zy,basis_zz,teleport_flag,throttle_cmd,steering_cmd,cmd_move_cm,cmd_turn_deg,lidar_cm_0,lidar_cm_1,lidar_cm_2,lidar_cm_3,lidar_cm_4,lidar_cm_5,lidar_cm_6,lidar_cm_7,lidar_cm_8,lidar_cm_9,lidar_cm_10,lidar_cm_11,lidar_cm_12,lidar_cm_13,lidar_cm_14,lidar_cm_15,lidar_cm_16,lidar_class_0,lidar_class_1,lidar_class_2,lidar_class_3,lidar_class_4,lidar_class_5,lidar_class_6,lidar_class_7,lidar_class_8,lidar_class_9,lidar_class_10,lidar_class_11,lidar_class_12,lidar_class_13,lidar_class_14,lidar_class_15,lidar_class_16
0,-3856.098,3360.841,438.108,-158.543,-0.930473,0.365951,0.017325,-0.365718,-0.930601,0.015211,0.021689,0.007818,0.999734,0,0.55496,-0.83392,0.658,-0.002,-1,580.131,-1,569.563,-1,473.715,472.097,591.559,461.113,-1,-1,-1,-1,-1,-1,-1,-1,2,0,2,0,2,0,0,0,0,2,2,2,2,2,2,2,2
1,-3855.961,3360.660,438.770,-158.563,-0.930578,0.365622,0.018563,-0.365388,-0.930737,0.014866,0.022712,0.007051,0.999717,0,0.55502,-0.83392,0.227,-0.020,-1,583.747,-1,574.026,-1,476.657,475.290,591.910,464.094,-1,-1,-1,-1,-1,-1,-1,-1,2,0,2,0,2,0,0,0,0,2,2,2,2,2,2,2,2
2,-3856.392,3360.239,438.309,-158.575,-0.930598,0.365436,0.021075,-0.365167,-0.930812,0.015565,0.025305,0.006789,0.999657,0,0.55511,-0.83392,0.602,-0.012,-1,588.217,-1,578.548,-1,479.740,478.455,589.963,463.642,-1,-1,-1,-1,-1,-1,-1,-1,2,0,2,0,2,0,0,0,0,2,2,2,2,2,2,2,2
3,-3857.390,3359.702,436.897,-158.586,-0.930584,0.365285,0.024108,-0.364953,-0.930868,0.017129,0.028699,0.007142,0.999563,0,0.55512,-0.83392,1.134,-0.011,-1,592.353,-1,581.867,-1,482.131,480.728,586.496,459.912,-1,-1,-1,-1,-1,-1,-1,-1,2,0,2,0,2,0,0,0,0,2,2,2,2,2,2,2,2
4,-3858.966,3359.057,434.810,-158.604,-0.930590,0.365057,0.027104,-0.364623,-0.930947,0.019712,0.032428,0.008461,0.999438,0,0.55509,-0.83392,1.703,-0.018,-1,596.087,-1,583.421,13.689,483.712,481.873,583.328,452.997,-1,-1,-1,-1,-1,-1,-1,22.603,2,0,2,0,1,0,0,0,0,2,2,2,2,2,2,2,1
5,-3861.019,3358.314,432.544,-158.630,-0.930676,0.364689,0.029062,-0.364169,-0.931079,0.021740,0.034988,0.009650,0.999341,0,0.55505,-0.83392,2.184,-0.026,-1,596.333,-1,581.906,13.697,482.872,480.643,578.934,445.732,-1,-1,-1,-1,-1,-1,-1,30.302,2,0,2,0,1,0,0,0,0,2,2,2,2,2,2,2,1
6,-3863.488,3357.375,430.691,-158.649,-0.930779,0.364395,0.029448,-0.363857,-0.931192,0.022126,0.035484,0.009879,0.999321,0,0.55501,-0.83392,2.642,-0.019,-1,591.942,-1,577.448,13.694,479.260,476.962,573.022,440.727,-1,-1,-1,-1,-1,-1,-1,30.339,2,0,2,0,1,0,0,0,0,2,2,2,2,2,2,2,1
7,-3866.368,3356.216,429.617,-158.669,-0.930938,0.364046,0.028723,-0.363543,-0.931333,0.021323,0.034513,0.009408,0.999360,0,0.55490,-0.83392,3.104,-0.020,14.344,585.622,-1,572.212,13.702,474.732,472.602,567.701,438.495,-1,-1,-1,-1,-1,-1,25.133,30.226,1,0,2,0,1,0,0,0,0,2,2,2,2,2,2,1,1
8,-3869.713,3354.830,429.418,-158.694,-0.931153,0.363591,0.027475,-0.363147,-0.931519,0.019890,0.032826,0.008543,0.999425,0,0.55477,-0.83392,3.621,-0.026,14.326,579.731,-1,567.932,13.715,470.809,468.981,564.252,438.858,-1,-1,-1,-1,-1,-1,25.208,30.022,1,0,2,0,1,0,0,0,0,2,2,2,2,2,2,1,1
9,-3873.596,3353.233,429.979,-158.724,-0.931389,0.363080,0.026224,-0.362693,-0.931727,0.018418,0.031121,0.007643,0.999486,0,0.55462,-0.83392,4.198,-0.029,14.306,575.877,-1,565.583,13.731,468.440,466.924,563.338,441.046,-1,-1,-1,-1,-1,-1,25.294,29.801,1,0,2,0,1,0,0,0,0,2,2,2,2,2,2,1,1
10,-3878.074,3351.448,431.042,-158.756,-0.931630,0.362528,0.025274,-0.362180,-0.931946,0.017361,0.029848,0.007020,0.999530,0,0.55445,-0.83392,4.821,-0.032,14.309,574.575,-1,565.223,13.729,467.822,466.526,564.933,443.993,-1,-1,-1,-1,-1,-1,25.283,29.832,1,0,2,0,1,0,0,0,0,2,2,2,2,2,2,1,1
11,-3883.157,3349.479,432.320,-158.792,-0.931875,0.361923,0.024925,-0.361596,-0.932185,0.016744,0.029294,0.006591,0.999549,0,0.55425,-0.83392,5.451,-0.036,14.348,575.591,-1,566.760,13.698,468.776,467.630,567.851,447.161,-1,-1,-1,-1,-1,-1,25.114,30.281,1,0,2,0,1,0,0,0,0,2,2,2,2,2,2,1,1
12,-3888.822,3347.287,433.573,-158.823,-0.932061,0.361423,0.025218,-0.361098,-0.932380,0.016590,0.029509,0.006357,0.999544,0,0.55402,-0.83392,6.075,-0.030,-1,578.380,-1,569.661,13.435,470.859,469.793,571.286,449.967,-1,-1,-1,-1,-1,-1,-1,33.968,2,0,2,0,1,0,0,0,0,2,2,2,2,2,2,2,1
13,-3895.090,3345.090,434.625,-158.902,-0.932546,0.360109,0.026076,-0.359798,-0.932894,0.015912,0.030056,0.005456,0.999533,0,0.55371,-0.83392,6.642,-0.080,-1,580.681,-1,573.152,13.293,472.848,472.099,572.168,453.338,-1,-1,-1,-1,-1,-1,-1,29.012,2,0,2,0,1,0,0,0,0,2,2,2,2,2,2,2,1
14,-3901.939,3343.143,435.347,-159.092,-0.933726,0.356961,0.027109,-0.356696,-0.934112,0.014220,0.030399,0.003608,0.999531,0,0.55360,-0.83392,7.121,-0.190,-1,580.546,-1,575.977,14.009,473.555,473.481,569.170,457.423,-1,-1,-1,-1,-1,-1,-1,23.721,2,0,2,0,1,0,0,0,0,2,2,2,2,2,2,2,1
15,-3909.303,3341.454,435.699,-159.372,-0.935460,0.352345,0.027703,-0.352135,-0.935868,0.012290,0.030257,0.001741,0.999541,0,0.55397,-0.83392,7.555,-0.280,-1,577.955,-1,576.852,15.821,472.597,473.244,564.667,460.614,-1,-1,-1,-1,-1,-1,-1,20.120,2,0,2,0,1,0,0,0,0,2,2,2,2,2,2,2,1
16,-3917.117,3340.036,435.737,-159.714,-0.937563,0.346713,0.027682,-0.346549,-0.937971,0.010686,0.029670,0.000425,0.999560,0,0.55473,-0.83392,7.942,-0.342,-1,573.673,-1,575.574,19.336,470.275,471.491,560.391,462.093,-1,-1,-1,-1,-1,-1,17.005,19.701,2,0,2,0,1,0,0,0,0,2,2,2,2,2,2,1,1
17,-3925.256,3339.021,435.573,-160.120,-0.940019,0.340048,0.027056,-0.339914,-0.940408,0.009575,0.028700,-0.000196,0.999588,0,0.55577,-0.83392,8.202,-0.406,12.020,568.297,-1,572.421,22.095,466.985,468.572,557.061,461.886,-1,-1,-1,-1,-1,-1,8.848,22.515,1,0,2,0,1,0,0,0,0,2,2,2,2,2,2,1,1
18,-3933.726,3338.160,435.334,-160.541,-0.942509,0.333150,0.026227,-0.333001,-0.942874,0.009991,0.028058,0.000683,0.999606,0,0.55709,-0.83392,8.513,-0.421,17.744,564.492,-1,568.743,23.781,464.287,465.764,557.340,459.035,-1,-1,-1,-1,-1,-1,22.263,26.116,1,0,2,0,1,0,0,0,0,2,2,2,2,2,2,1,1
19,-3942.486,3337.475,435.195,-160.996,-0.945134,0.325686,0.025516,-0.325504,-0.945476,0.011083,0.027734,0.002169,0.999613,0,0.55847,-0.83392,8.787,-0.455,18.091,562.433,-1,565.638,27.481,462.392,463.633,559.516,455.462,-1,-1,-1,-1,-1,-1,22.345,28.301,1,0,2,0,1,0,0,0,0,2,2,2,2,2,2,1,1
20,-3951.436,3337.166,435.255,-161.523,-0.948098,0.316995,0.024993,-0.316798,-0.948422,0.011592,0.027378,0.003073,0.999620,0,0.55999,-0.83392,8.955,-0.527,18.480,560.400,-1,563.470,28.311,460.782,462.003,560.716,453.339,-1,-1,-1,-1,-1,-1,22.460,29.453,1,0,2,0,1,0,0,0,0,2,2,2,2,2,2,1,1
21,-3960.671,3336.928,435.469,-162.078,-0.951109,0.307827,0.025171,-0.307607,-0.951434,0.012295,0.027734,0.003951,0.999608,0,0.56185,-0.83392,9.238,-0.554,17.760,560.239,-1,563.314,24.200,460.614,461.843,562.362,451.693,-1,-1,-1,-1,-1,-1,22.266,30.987,1,0,2,0,1,0,0,0,0,2,2,2,2,2,2,1,1
22,-3970.387,3336.461,435.810,-162.598,-0.953817,0.299213,0.026530,-0.298951,-0.954174,0.013443,0.029337,0.004891,0.999558,0,0.56381,-0.83392,9.728,-0.520,18.202,563.269,-1,566.134,29.536,462.665,463.887,564.790,450.496,-1,-1,-1,-1,-1,-1,22.375,30.505,1,0,2,0,1,0,0,0,0,2,2,2,2,2,2,1,1
23,-3980.406,3336.138,436.257,-163.168,-0.956698,0.289689,0.028434,-0.289424,-0.957111,0.013121,0.031015,0.004323,0.999510,0,0.56558,-0.83392,10.024,-0.571,10.460,565.679,-1,570.534,28.162,464.885,466.546,563.514,452.102,-1,-1,-1,-1,-1,-1,22.458,29.295,1,0,2,0,1,0,0,0,0,2,2,2,2,2,2,1,1
24,-3990.530,3335.886,436.884,-163.741,-0.959516,0.280091,0.029647,-0.279831,-0.959966,0.012668,0.032008,0.003859,0.999480,0,0.56756,-0.83392,10.127,-0.573,8.105,567.133,-1,573.851,28.511,466.445,468.478,563.042,453.915,-1,-1,-1,-1,-1,-1,22.414,29.547,1,0,2,0,1,0,0,0,0,2,2,2,2,2,2,1,1
25,-4000.556,3335.761,437.620,-164.288,-0.962145,0.270893,0.029889,-0.270656,-0.962604,0.011793,0.031966,0.003257,0.999484,0,0.23507,-1.00000,10.027,-0.547,18.026,566.544,-1,575.234,29.366,466.572,468.998,562.430,456.207,-1,-1,-1,-1,-1,-1,22.328,30.186,1,0,2,0,1,0,0,0,0,2,2,2,2,2,2,1,1
26,-4010.215,3335.617,438.357,-164.771,-0.964420,0.262779,0.028990,-0.262556,-0.964850,0.011315,0.030945,0.003300,0.999516,0,0.23585,-1.00000,9.660,-0.482,18.106,564.346,-1,573.923,29.166,465.253,467.824,563.499,457.374,-1,-1,-1,-1,-1,-1,22.348,30.047,1,0,2,0,1,0,0,0,0,2,2,2,2,2,2,1,1
27,-4019.480,3335.692,439.005,-165.257,-0.966657,0.254577,0.027655,-0.254378,-0.967047,0.010544,0.029428,0.003158,0.999562,0,0.23651,-1.00000,9.266,-0.486,18.194,560.790,-1,571.473,29.318,462.987,465.764,563.646,458.595,-1,-1,-1,-1,-1,-1,22.373,30.273,1,0,2,0,1,0,0,0,0,2,2,2,2,2,2,1,1
28,-4028.482,3335.780,439.552,-165.719,-0.968698,0.246769,0.027012,-0.246570,-0.969068,0.010518,0.028772,0.003528,0.999580,0,0.23719,-1.00000,9.002,-0.463,18.323,559.287,-1,570.385,29.844,462.031,464.840,564.977,458.795,-1,-1,-1,-1,-1,-1,22.411,30.920,1,0,2,0,1,0,0,0,0,2,2,2,2,2,2,1,1
29,-4037.161,3336.024,439.978,-166.186,-0.970678,0.238866,0.026987,-0.238667,-0.971046,0.010396,0.028689,0.003651,0.999582,0,0.23783,-1.00000,8.683,-0.467,18.201,558.612,-1,570.599,30.137,461.759,464.705,565.300,459.180,-1,-1,-1,-1,-1,-1,22.375,31.126,1,0,2,0,1,0,0,0,0,2,2,2,2,2,2,1,1
30,-4045.638,3336.291,440.285,-166.651,-0.972555,0.230998,0.027863,-0.230788,-0.972947,0.010553,0.029547,0.003833,0.999556,0,0.23849,-1.00000,8.481,-0.464,18.247,559.896,-1,572.631,29.833,462.794,466.043,565.521,459.414,-1,-1,-1,-1,-1,-1,22.388,30.849,1,0,2,0,1,0,0,0,0,2,2,2,2,2,2,1,1
31,-4053.909,3336.620,440.536,-167.116,-0.974358,0.223096,0.029231,-0.222874,-0.974789,0.010685,0.030878,0.003897,0.999516,0,0.23915,-1.00000,8.278,-0.465,18.298,562.245,-1,575.525,29.358,464.496,468.101,565.296,459.868,-1,-1,-1,-1,-1,-1,22.403,30.398,1,0,2,0,1,0,0,0,0,2,2,2,2,2,2,1,1
32,-4061.964,3337.017,440.776,-167.576,-0.976074,0.215265,0.030671,-0.215035,-0.976548,0.010666,0.032247,0.003816,0.999473,0,0.23982,-1.00000,8.065,-0.460,18.349,564.609,-1,578.569,28.799,466.266,470.272,564.662,460.586,-1,-1,-1,-1,-1,-1,22.419,29.858,1,0,2,0,1,0,0,0,0,2,2,2,2,2,2,1,1
33,-4069.813,3337.485,441.017,-168.027,-0.977696,0.207569,0.032019,-0.207334,-0.978214,0.010523,0.033506,0.003650,0.999432,0,0.24049,-1.00000,7.863,-0.451,18.399,566.711,-1,581.474,28.233,468.063,472.295,563.804,461.466,-1,-1,-1,-1,-1,-1,22.434,29.311,1,0,2,0,1,0,0,0,0,2,2,2,2,2,2,1,1
34,-4077.457,3338.031,441.269,-168.468,-0.979228,0.200035,0.033139,-0.199797,-0.979782,0.010379,0.034545,0.003543,0.999397,0,0.24114,-1.00000,7.664,-0.441,18.451,568.445,-1,583.906,27.796,469.619,474.003,563.122,462.252,-1,-1,-1,-1,-1,-1,22.451,28.896,1,0,2,0,1,0,0,0,0,2,2,2,2,2,2,1,1
35,-4084.906,3338.661,441.536,-168.899,-0.980676,0.192650,0.034057,-0.192411,-0.981262,0.010194,0.035383,0.003444,0.999368,0,0.24178,-1.00000,7.476,-0.432,18.501,569.815,-1,585.941,27.457,470.906,475.437,562.370,463.050,-1,-1,-1,-1,-1,-1,22.467,28.581,1,0,2,0,1,0,0,0,0,2,2,2,2,2,2,1,1
36,-4092.008,3339.495,441.833,-169.332,-0.982085,0.185234,0.034589,-0.185007,-0.982689,0.009681,0.035784,0.003108,0.999355,0,0.24241,-1.00000,7.150,-0.432,18.708,570.171,-1,587.300,27.043,471.546,476.301,560.908,464.365,-1,-1,-1,-1,-1,-1,22.538,28.299,1,0,2,0,1,0,0,0,0,2,2,2,2,2,2,1,1
37,-4099.849,3340.681,442.252,-169.829,-0.983655,0.176689,0.034701,-0.176471,-0.984262,0.009255,0.035790,0.002981,0.999355,0,0.24306,-1.00000,7.931,-0.498,18.265,570.071,-1,587.935,29.017,471.770,476.717,560.128,465.589,-1,-1,-1,-1,-1,-1,22.394,30.017,1,0,2,0,1,0,0,0,0,2,2,2,2,2,2,1,1
38,-4104.982,3341.335,442.548,-170.136,-0.984556,0.171443,0.035440,-0.171204,-0.985188,0.009697,0.036577,0.003480,0.999325,0,0.24381,-0.99963,5.175,-0.306,17.758,572.328,-1,589.833,24.121,473.380,478.234,561.388,465.411,-1,-1,-1,-1,-1,-1,22.266,30.574,1,0,2,0,1,0,0,0,0,2,2,2,2,2,2,1,1
39,-4111.465,3341.982,442.908,-170.480,-0.985504,0.165549,0.037090,-0.165268,-0.986192,0.010531,0.038322,0.004249,0.999256,0,0.24426,-0.99727,6.515,-0.345,18.457,576.948,-1,593.870,27.649,476.674,481.327,563.494,464.934,-1,-1,-1,-1,-1,-1,22.453,28.749,1,0,2,0,1,0,0,0,0,2,2,2,2,2,2,1,1
40,-4117.817,3342.793,443.236,-170.859,-0.986525,0.159018,0.038498,-0.158737,-0.987268,0.010266,0.039640,0.004017,0.999206,0,0.24475,-0.99472,6.404,-0.379,18.660,580.024,-1,597.630,25.419,479.061,483.854,562.703,466.265,-1,-1,-1,-1,-1,-1,22.521,26.570,1,0,2,0,1,0,0,0,0,2,2,2,2,2,2,1,1
41,-4124.144,3343.666,443.500,-171.248,-0.987539,0.152303,0.039625,-0.152038,-0.988328,0.009644,0.040632,0.003499,0.999168,0,0.45298,-0.48550,6.386,-0.389,18.605,582.014,-1,600.669,24.040,480.717,485.757,560.862,467.939,-1,-1,-1,-1,-1,-1,22.501,25.095,1,0,2,0,1,0,0,0,0,2,2,2,2,2,2,1,1
42,-4130.655,3344.552,443.697,-171.648,-0.988535,0.145359,0.040866,-0.145122,-0.989375,0.008722,0.041700,0.002691,0.999127,0,0.45405,-0.48248,6.572,-0.401,18.041,583.777,-1,603.930,24.680,482.301,487.778,557.997,469.994,-1,-1,-1,-1,-1,-1,22.331,25.384,1,0,2,0,1,0,0,0,0,2,2,2,2,2,2,1,1
43,-4137.503,3345.286,443.840,-172.031,-0.989410,0.138731,0.042675,-0.138509,-0.990328,0.008132,0.043391,0.002135,0.999056,0,0.45515,-0.47936,6.887,-0.383,17.420,587.013,-1,608.356,18.178,484.849,490.710,555.718,471.446,-1,-1,-1,-1,-1,-1,22.209,25.919,1,0,2,0,1,0,0,0,0,2,2,2,2,2,2,1,1
44,-4144.625,3345.835,443.987,-172.369,-0.990132,0.132884,0.044507,-0.132656,-0.991129,0.008043,0.045181,0.002060,0.998977,0,0.45617,-0.47649,7.143,-0.338,17.306,590.829,-1,612.706,17.180,487.649,493.702,554.786,471.932,-1,-1,-1,-1,-1,-1,22.196,25.040,1,0,2,0,1,0,0,0,0,2,2,2,2,2,2,1,1
45,-4151.975,3346.431,444.238,-172.707,-0.990863,0.127030,0.045314,-0.126805,-0.991897,0.007815,0.045939,0.001998,0.998942,0,0.45701,-0.47412,7.375,-0.338,17.518,592.469,-1,614.746,19.388,488.954,495.070,553.550,472.578,-1,-1,-1,-1,-1,-1,22.223,23.334,1,0,2,0,1,0,0,0,0,2,2,2,2,2,2,1,1
46,-4159.501,3347.248,444.583,-173.087,-0.991690,0.120427,0.045253,-0.120229,-0.992721,0.007097,0.045778,0.001598,0.998950,0,0.45784,-0.47178,7.570,-0.380,17.484,591.896,-1,615.029,18.956,488.788,495.079,551.496,474.141,-1,-1,-1,-1,-1,-1,22.218,22.767,1,0,2,0,1,0,0,0,0,2,2,2,2,2,2,1,1
47,-4167.275,3348.194,444.999,-173.490,-0.992519,0.113445,0.045127,-0.113263,-0.993543,0.006571,0.045581,0.001411,0.998960,0,0.45881,-0.46903,7.832,-0.402,17.512,591.558,-1,615.040,19.309,488.756,495.147,550.107,475.487,-1,-1,-1,-1,-1,-1,22.222,22.761,1,0,2,0,1,0,0,0,0,2,2,2,2,2,2,1,1
48,-4175.316,3349.275,445.440,-173.915,-0.993322,0.106079,0.045375,-0.105890,-0.994356,0.006547,0.045813,0.001698,0.998949,0,0.45985,-0.46610,8.113,-0.425,17.236,592.668,-1,615.813,16.678,489.632,495.963,549.938,476.022,-1,-1,-1,-1,-1,-1,22.189,23.295,1,0,2,0,1,0,0,0,0,2,2,2,2,2,2,1,1
49,-4183.672,3350.382,445.829,-174.332,-0.994017,0.098908,0.046346,-0.098663,-0.995092,0.007558,0.046866,0.002940,0.998897,0,0.46096,-0.46296,8.429,-0.416,17.080,596.302,-1,617.713,15.762,491.999,497.938,552.058,474.580,-1,-1,-1,-1,-1,-1,22.180,23.991,1,0,2,0,1,0,0,0,0,2,2,2,2,2,2,1,1
50,-4192.320,3351.526,446.183,-174.737,-0.994609,0.091933,0.047970,-0.091614,-0.995756,0.008811,0.048577,0.004369,0.998810,0,0.46202,-0.45996,8.723,-0.406,16.694,601.684,-1,621.005,14.399,495.494,500.975,554.602,472.724,-1,-1,-1,-1,-1,-1,22.192,26.744,1,0,2,0,1,0,0,0,0,2,2,2,2,2,2,1,1
51,-4201.363,3352.453,446.566,-175.087,-0.995056,0.085898,0.049858,-0.085528,-0.996290,0.009512,0.050490,0.005201,0.998711,0,0.46303,-0.45711,9.090,-0.350,16.435,607.202,-1,625.464,13.893,499.260,504.496,555.846,472.082,-1,-1,-1,-1,-1,-1,22.233,27.240,1,0,2,0,1,0,0,0,0,2,2,2,2,2,2,1,1
52,-4210.633,3353.282,446.990,-175.441,-0.995516,0.079718,0.050925,-0.079375,-0.996807,0.008722,0.051458,0.004641,0.998664,0,0.39251,-0.86283,9.307,-0.354,8.649,609.380,-1,628.767,16.113,501.108,506.610,553.527,474.166,-1,-1,-1,-1,-1,-1,22.183,24.014,1,0,2,0,1,0,0,0,0,2,2,2,2,2,2,1,1
53,-4219.958,3354.322,447.428,-175.857,-0.996088,0.072377,0.050704,-0.072157,-0.997374,0.006152,0.051016,0.002470,0.998695,0,0.39317,-0.86063,9.383,-0.415,17.586,606.799,-1,629.803,20.369,500.158,506.490,546.675,479.385,-1,-1,-1,-1,-1,-1,22.234,20.693,1,0,2,0,1,0,0,0,0,2,2,2,2,2,2,1,1
54,-4229.345,3355.655,447.817,-176.326,-0.996697,0.064071,0.049891,-0.063996,-0.997945,0.003108,0.049988,-0.000095,0.998750,0,0.39402,-0.85780,9.481,-0.470,18.006,602.372,-1,629.489,17.503,497.996,505.323,538.228,485.300,-1,-1,-1,-1,-1,-1,22.323,17.984,1,0,2,0,1,0,0,0,0,2,2,2,2,2,2,1,1
55,-4238.699,3357.394,448.165,-176.852,-0.997288,0.054815,0.049102,-0.054849,-0.998494,0.000669,0.049065,-0.002026,0.998794,0,0.39503,-0.85443,9.514,-0.526,18.482,598.679,-1,628.848,15.612,496.125,504.217,531.156,489.963,-1,-1,-1,-1,-1,-1,22.460,16.244,1,0,2,0,1,0,0,0,0,2,2,2,2,2,2,1,1
56,-4247.875,3359.579,448.535,-177.428,-0.997829,0.044750,0.048327,-0.044815,-0.998995,-0.000262,0.048267,-0.002428,0.998832,0,0.39622,-0.85046,9.433,-0.576,18.313,596.640,-1,627.426,16.950,494.938,503.163,527.755,491.674,-1,-1,-1,-1,-1,-1,22.408,17.558,1,0,2,0,1,0,0,0,0,2,2,2,2,2,2,1,1
57,-4257.182,3361.900,448.869,-177.984,-0.998202,0.035134,0.048559,-0.035137,-0.999382,0.000798,0.048557,-0.000910,0.998820,0,0.39758,-0.84594,9.592,-0.556,17.822,598.653,-1,627.146,19.926,495.984,503.457,528.966,489.437,-1,-1,-1,-1,-1,-1,22.280,20.374,1,0,2,0,1,0,0,0,0,2,2,2,2,2,2,1,1
58,-4266.777,3364.180,449.184,-178.492,-0.998400,0.026399,0.049999,-0.026283,-0.999650,0.002979,0.050060,0.001660,0.998745,0,0.39887,-0.84163,9.862,-0.508,17.850,604.327,-1,629.194,22.603,499.303,505.722,532.865,485.121,-1,-1,-1,-1,-1,-1,22.286,23.128,1,0,2,0,1,0,0,0,0,2,2,2,2,2,2,1,1
59,-4276.438,3366.585,449.583,-179.000,-0.998498,0.017653,0.051870,-0.017430,-0.999837,0.004752,0.051945,0.003840,0.998643,0,0.40000,-0.83786,9.956,-0.508,18.078,611.000,-1,632.832,23.597,503.496,508.994,536.134,481.928,-1,-1,-1,-1,-1,-1,22.341,24.291,1,0,2,0,1,0,0,0,0,2,2,2,2,2,2,1,1
60,-4286.088,3369.118,450.074,-179.530,-0.998530,0.008482,0.053526,-0.008196,-0.999951,0.005557,0.053571,0.005110,0.998551,0,0.40113,-0.83408,9.978,-0.530,17.484,616.704,-1,636.712,18.954,507.297,512.212,537.348,480.838,-1,-1,-1,-1,-1,-1,22.218,25.424,1,0,2,0,1,0,0,0,0,2,2,2,2,2,2,1,1
61,-4295.968,3371.425,450.605,-179.995,-0.998477,0.000433,0.055160,-0.000093,-0.999981,0.006154,0.055162,0.006139,0.998459,0,0.40233,-0.83009,10.145,-0.465,17.206,622.236,-1,640.777,16.482,511.007,515.523,538.175,480.282,-1,-1,-1,-1,-1,-1,22.187,25.521,1,0,2,0,1,0,0,0,0,2,2,2,2,2,2,1,1
62,-4306.003,3373.711,451.123,179.549,-0.998378,-0.007532,0.056426,0.007859,-0.999954,0.005570,0.056382,0.006005,0.998391,0,0.40331,-0.82680,10.292,-0.456,17.383,625.861,-1,644.801,17.860,513.782,518.334,536.030,481.946,-1,-1,-1,-1,-1,-1,22.204,22.747,1,0,2,0,1,0,0,0,0,2,2,2,2,2,2,1,1
63,-4316.100,3376.088,451.628,179.074,-0.998240,-0.015875,0.057141,0.016129,-0.999862,0.003996,0.057070,0.004911,0.998358,0,0.40426,-0.82363,10.373,-0.475,17.368,627.250,-1,648.386,17.730,515.353,520.291,531.365,485.631,-1,-1,-1,-1,-1,-1,22.202,20.905,1,0,2,0,1,0,0,0,0,2,2,2,2,2,2,1,1
64,-4326.356,3378.422,452.066,178.613,-0.998061,-0.023989,0.057433,0.024173,-0.999705,0.002504,0.057356,0.003887,0.998346,0,0.40527,-0.82028,10.519,-0.462,17.251,627.435,-1,650.637,16.782,515.986,521.280,526.610,488.984,-1,-1,-1,-1,-1,-1,22.190,19.081,1,0,2,0,1,0,0,0,0,2,2,2,2,2,2,1,1
65,-4338.785,3381.375,452.551,178.047,-0.997785,-0.033925,0.057222,0.034018,-0.999421,0.000654,0.057167,0.002599,0.998361,0,0.40622,-0.81709,12.775,-0.565,17.200,626.122,-1,651.808,16.444,515.638,521.314,520.495,492.977,-1,-1,-1,-1,-1,-1,22.186,17.745,1,0,2,0,1,0,0,0,0,2,2,2,2,2,2,1,1
66,-4347.125,3383.436,452.891,177.668,-0.997560,-0.040566,0.056822,0.040627,-0.999174,-0.000084,0.056778,0.002225,0.998384,0,0.40740,-0.81317,8.591,-0.379,17.139,625.017,-1,651.488,16.088,515.032,520.783,517.587,494.652,-1,-1,-1,-1,-1,-1,22.182,18.188,1,0,2,0,1,0,0,0,0,2,2,2,2,2,2,1,1
67,-4357.625,3386.087,453.381,177.191,-0.997220,-0.048889,0.056238,0.048924,-0.998802,-0.000754,0.056207,0.002000,0.998417,0,0.40819,-0.81054,10.829,-0.477,17.097,623.918,-1,650.850,15.858,514.319,520.126,514.713,496.424,-1,-1,-1,-1,-1,-1,22.180,18.890,1,0,2,0,1,0,0,0,0,2,2,2,2,2,2,1,1
68,-4368.210,3388.852,453.979,176.715,-0.996809,-0.057194,0.055685,0.057217,-0.998361,-0.001184,0.055661,0.002006,0.998448,0,0.40918,-0.80724,10.941,-0.476,17.103,623.398,-1,650.411,15.886,513.956,519.750,512.740,500.113,-1,-1,-1,-1,-1,-1,22.181,19.234,1,0,2,0,1,0,0,0,0,2,2,2,2,2,2,1,1
69,-4378.747,3391.952,454.678,176.198,-0.996263,-0.066184,0.055488,0.066201,-0.997805,-0.001533,0.055468,0.002146,0.998458,0,0.41016,-0.80395,10.984,-0.517,17.204,624.264,-1,651.331,16.456,514.576,520.183,511.280,504.212,-1,-1,-1,-1,-1,-1,22.187,19.232,1,0,2,0,1,0,0,0,0,2,2,2,2,2,2,1,1
70,-4389.390,3395.181,455.399,175.694,-0.995599,-0.074902,0.056320,0.074958,-0.997186,-0.001119,0.056245,0.003108,0.998412,0,0.41128,-0.80023,11.122,-0.504,16.735,628.399,-1,654.332,14.508,517.251,522.308,511.887,506.002,-1,-1,-1,-1,-1,-1,22.187,20.772,1,0,2,0,1,0,0,0,0,2,2,2,2,2,2,1,1
71,-4400.332,3398.521,456.035,175.193,-0.994816,-0.083554,0.057965,0.083654,-0.996495,-0.000712,0.057821,0.004141,0.998318,0,0.59376,-0.64176,11.441,-0.501,17.114,634.457,-1,659.163,15.945,521.268,525.749,512.413,507.343,-1,-1,-1,-1,-1,-1,22.182,16.255,1,0,2,0,1,0,0,0,0,2,2,2,2,2,2,1,1
72,-4411.582,3402.062,456.604,174.654,-0.993911,-0.092915,0.059228,0.093000,-0.995665,-0.001320,0.059094,0.004196,0.998244,0,0.59527,-0.63826,11.794,-0.539,17.133,638.750,-1,663.859,-1,524.310,528.684,510.196,511.514,-1,-1,-1,-1,-1,-1,22.182,-1,1,0,2,0,2,0,0,0,0,2,2,2,2,2,2,1,2
73,-4423.219,3405.726,457.105,174.114,-0.992936,-0.102310,0.060088,0.102360,-0.994745,-0.002249,0.060002,0.003917,0.998191,0,0.59693,-0.63442,12.200,-0.540,17.194,641.538,-1,667.600,-1,526.263,530.899,506.835,516.399,-1,-1,-1,-1,-1,-1,22.186,-1,1,0,2,0,2,0,0,0,0,2,2,2,2,2,2,1,2
74,-4435.177,3409.529,457.590,173.572,-0.991908,-0.111723,0.060302,0.111744,-0.993732,-0.003036,0.060263,0.003727,0.998176,0,0.59856,-0.63064,12.548,-0.542,17.199,642.731,-1,669.526,-1,526.994,531.754,503.832,520.949,-1,-1,-1,-1,-1,-1,22.187,-1,1,0,2,0,2,0,0,0,0,2,2,2,2,2,2,1,2
75,-4447.273,3413.698,458.131,172.981,-0.990732,-0.121997,0.059728,0.121977,-0.992525,-0.003993,0.059768,0.003329,0.998207,0,0.60018,-0.62688,12.795,-0.591,17.546,643.128,-1,669.722,-1,526.411,531.317,500.764,526.505,-1,-1,-1,-1,-1,-1,22.227,-1,1,0,2,0,2,0,0,0,0,2,2,2,2,2,2,1,2
76,-4459.553,3418.208,458.717,172.348,-0.989376,-0.132967,0.058779,0.132930,-0.991115,-0.004557,0.058863,0.003305,0.998261,0,0.60201,-0.62264,13.081,-0.633,17.087,642.910,-1,668.562,-1,525.218,530.144,498.427,531.092,-1,-1,-1,-1,-1,-1,22.181,-1,1,0,2,0,2,0,0,0,0,2,2,2,2,2,2,1,2
77,-4472.188,3422.895,459.363,171.741,-0.987947,-0.143401,0.058283,0.143402,-0.989656,-0.004201,0.058283,0.004208,0.998291,0,0.60402,-0.61799,13.476,-0.607,17.178,644.829,-1,667.636,14.739,524.949,529.598,498.219,532.963,-1,-1,-1,-1,-1,-1,22.185,14.805,1,0,2,0,1,0,0,0,0,2,2,2,2,2,2,1,1
78,-4485.172,3427.738,460.074,171.151,-0.986417,-0.153522,0.058418,0.153578,-0.988130,-0.003558,0.058271,0.005462,0.998286,0,0.60589,-0.61367,13.859,-0.591,16.789,648.911,-1,668.201,14.655,526.050,530.366,498.954,534.077,-1,-1,-1,-1,-1,-1,22.184,16.755,1,0,2,0,1,0,0,0,0,2,2,2,2,2,2,1,1
79,-4498.500,3432.692,460.806,170.564,-0.984810,-0.163570,0.058256,0.163669,-0.986510,-0.003094,0.057976,0.006488,0.998297,0,0.60766,-0.60956,14.219,-0.586,16.730,651.868,-1,668.497,14.489,526.617,530.520,499.159,535.975,-1,-1,-1,-1,-1,-1,22.189,15.548,1,0,2,0,1,0,0,0,0,2,2,2,2,2,2,1,1
80,-4512.116,3437.889,461.577,169.958,-0.983049,-0.173974,0.057854,0.174082,-0.984726,-0.003221,0.057530,0.006905,0.998320,0,0.60939,-0.60556,14.573,-0.606,16.923,654.054,-1,669.827,13.920,526.872,530.550,498.226,540.077,-1,-1,-1,-1,-1,-1,22.178,13.882,1,0,2,0,1,0,0,0,0,2,2,2,2,2,2,1,1
81,-4525.969,3443.396,462.326,169.323,-0.981091,-0.184870,0.057292,0.184971,-0.982737,-0.003587,0.056966,0.007079,0.998351,0,0.58097,-0.92342,14.908,-0.635,16.958,655.735,-1,670.977,8.273,526.713,530.344,496.683,544.955,-1,-1,-1,-1,-1,-1,22.178,8.259,1,0,2,0,1,0,0,0,0,2,2,2,2,2,2,1,1
82,-4540.027,3449.161,463.067,168.678,-0.978994,-0.195927,0.056413,0.196022,-0.980592,-0.003902,0.056082,0.007239,0.998400,0,0.58278,-0.91901,15.194,-0.645,17.000,662.155,-1,671.109,15.400,525.793,529.602,494.988,549.825,-1,-1,-1,-1,-1,-1,22.179,17.445,1,0,2,0,1,0,0,0,0,2,2,2,2,2,2,1,1
83,-4554.288,3455.194,463.806,168.030,-0.976760,-0.206993,0.055625,0.207087,-0.978314,-0.004120,0.055272,0.007495,0.998443,0,0.58462,-0.91451,15.485,-0.648,16.885,669.274,-1,671.384,14.959,525.270,529.068,493.449,554.515,-1,-1,-1,-1,602.142,-1,22.180,17.795,1,0,2,0,1,0,0,0,0,2,2,2,2,1,2,1,1
84,-4568.817,3461.431,464.548,167.395,-0.974426,-0.217794,0.055316,0.217903,-0.975962,-0.004121,0.054884,0.008038,0.998460,0,0.58646,-0.91002,15.811,-0.635,16.893,679.598,-1,672.799,14.990,526.667,529.311,492.536,562.889,-1,-1,-1,-1,593.782,-1,22.179,19.187,1,0,2,0,1,0,0,0,0,2,2,2,2,1,2,1,1
85,-4583.331,3468.116,465.329,166.709,-0.971771,-0.229448,0.054902,0.229557,-0.973285,-0.004404,0.054446,0.008323,0.998482,0,0.58823,-0.90571,15.979,-0.686,16.894,598.369,-1,674.516,14.985,528.045,529.656,491.222,573.514,-1,-1,-1,-1,585.909,-1,22.179,18.195,1,1,2,0,1,0,0,0,0,2,2,2,2,1,2,1,1
86,-4598.063,3474.957,466.072,166.035,-0.969040,-0.240849,0.054338,0.240987,-0.970520,-0.004103,0.053724,0.009119,0.998514,0,0.59022,-0.90087,16.243,-0.674,16.980,599.223,-1,675.324,15.309,528.861,529.956,491.239,581.073,-1,-1,-1,-1,580.237,-1,22.178,17.033,1,1,2,0,1,0,0,0,0,2,2,2,2,1,2,1,1
87,-4612.887,3482.171,466.794,165.321,-0.966034,-0.252944,0.052896,0.253058,-0.967440,-0.004628,0.052345,0.008915,0.998589,0,0.59214,-0.89619,16.486,-0.714,17.464,601.049,-1,676.009,16.408,528.113,529.215,489.023,593.725,-1,-1,-1,-1,581.898,-1,22.215,16.614,1,1,2,0,1,0,0,0,0,2,2,2,2,1,2,1,1
88,-4627.675,3489.867,467.472,164.533,-0.962552,-0.266259,0.050988,0.266334,-0.963865,-0.005445,0.050595,0.008339,0.998684,0,0.59422,-0.89112,16.670,-0.787,17.857,604.563,-1,675.898,16.666,526.426,527.689,486.635,608.196,-1,-1,-1,-1,585.126,-1,22.287,17.056,1,1,2,0,1,0,0,0,0,2,2,2,2,1,2,1,1
89,-4642.222,3498.193,468.163,163.647,-0.958389,-0.281223,0.049039,0.281222,-0.959617,-0.007064,0.049045,0.007021,0.998772,0,0.59661,-0.88530,16.761,-0.887,17.539,610.629,-1,677.544,19.510,525.012,526.838,482.949,627.240,-1,-1,-1,-1,590.751,-1,22.226,19.795,1,1,2,0,1,0,0,0,0,2,2,2,2,1,2,1,1
90,-4657.082,3506.700,468.803,162.819,-0.954238,-0.295052,0.048719,0.295048,-0.955453,-0.007453,0.048748,0.007262,0.998785,0,0.59943,-0.87841,17.123,-0.828,17.885,615.958,-1,681.390,18.015,526.477,528.212,482.357,637.757,-1,-1,-1,-1,595.934,-1,22.294,18.450,1,1,2,0,1,0,0,0,0,2,2,2,2,1,2,1,1
91,-4671.801,3515.774,469.401,161.928,-0.949554,-0.309863,0.048299,0.309850,-0.950752,-0.007938,0.048380,0.007428,0.998801,0,0.60199,-0.87217,17.291,-0.891,18.432,623.257,-1,685.139,14.837,527.757,529.467,481.814,651.028,-1,-1,-1,-1,603.014,-1,22.445,15.416,1,1,2,0,1,0,0,0,0,2,2,2,2,1,2,1,1
92,-4686.077,3525.457,470.058,160.945,-0.944155,-0.326118,0.047101,0.326115,-0.945297,-0.007982,0.047128,0.007824,0.998858,0,0.60483,-0.86527,17.251,-0.983,17.868,633.478,-1,694.267,15.791,527.930,529.008,481.757,663.366,-1,-1,-1,-1,612.896,-1,22.290,16.165,1,1,2,0,1,0,0,0,0,2,2,2,2,1,2,1,1
93,-4700.276,3535.516,470.761,159.978,-0.938555,-0.341966,0.046625,0.342021,-0.939666,-0.007040,0.046220,0.009339,0.998888,0,0.60808,-0.85734,17.401,-0.967,17.528,644.380,-1,705.696,19.535,531.605,529.296,484.006,668.815,-1,-1,-1,-1,623.623,-1,22.224,21.081,1,1,2,0,1,0,0,0,0,2,2,2,2,1,2,1,1
94,-4714.771,3545.569,471.561,159.099,-0.933227,-0.356202,0.046977,0.356381,-0.934328,-0.004798,0.045601,0.012264,0.998884,0,0.61127,-0.84955,17.640,-0.879,17.528,653.885,-1,716.206,19.638,536.698,530.177,489.334,665.951,-1,-1,-1,-1,633.237,-1,22.224,23.279,1,1,2,0,1,0,0,0,0,2,2,2,2,1,2,1,1
95,-4729.676,3555.706,472.341,158.304,-0.928183,-0.369004,0.048075,0.369296,-0.929307,-0.003000,0.045783,0.014969,0.998839,0,0.61408,-0.84272,18.026,-0.795,17.458,662.041,-1,729.407,18.666,543.876,532.762,494.498,665.158,-1,-1,-1,-1,641.597,-1,22.214,25.248,1,1,2,0,1,0,0,0,0,2,2,2,2,1,2,1,1
96,-4744.620,3566.187,473.118,157.475,-0.922743,-0.382357,0.048454,0.382687,-0.923874,-0.002628,0.045771,0.016117,0.998822,0,0.61650,-0.83681,18.253,-0.829,17.599,858.519,-1,754.138,20.614,549.873,535.261,496.645,673.890,-1,-1,-1,-1,651.187,-1,22.235,23.585,1,0,2,0,1,0,0,0,0,2,2,2,2,1,2,1,1
97,-4759.553,3576.999,473.854,156.608,-0.916878,-0.396300,0.047761,0.396613,-0.917981,-0.003143,0.045089,0.016061,0.998854,0,0.61906,-0.83057,18.436,-0.867,17.934,868.493,-1,776.508,20.982,553.388,538.085,496.493,689.241,-1,-1,-1,-1,-1,-1,22.304,21.517,1,0,2,0,1,0,0,0,0,2,2,2,2,2,2,1,1
98,-4777.103,3590.629,474.665,155.438,-0.908675,-0.415099,0.044756,0.415292,-0.909672,-0.005332,0.042927,0.013742,0.998984,0,0.62178,-0.82394,22.221,-1.170,18.253,863.552,-1,800.803,16.557,553.224,540.703,491.739,720.210,-1,-1,-1,-1,-1,-1,22.390,17.124,1,0,2,0,1,0,0,0,0,2,2,2,2,2,2,1,1
99,-4788.456,3600.155,475.187,154.584,-0.902458,-0.428713,0.042120,0.428830,-0.903360,-0.006672,0.040910,0.012042,0.999090,0,0.66255,-0.85184,14.820,-0.854,18.028,855.499,-1,819.343,16.220,551.564,541.172,488.169,741.987,-1,-1,-1,-1,-1,-1,22.328,16.675,1,0,2,0,1,0,0,0,0,2,2,2,2,2,2,1,1
100,-4802.460,3612.389,475.910,153.543,-0.894598,-0.445085,0.039921,0.445183,-0.895413,-0.006885,0.038810,0.011613,0.999179,0,0.66560,-0.84481,18.596,-1.040,17.950,851.676,-1,842.699,18.438,550.934,542.611,487.306,758.755,-1,-1,-1,-1,-1,-1,22.309,18.916,1,0,2,0,1,0,0,0,0,2,2,2,2,2,2,1,1
101,-4816.501,3624.999,476.581,152.520,-0.886548,-0.460974,0.039192,0.461112,-0.887322,-0.005984,0.037535,0.012766,0.999214,0,0.66932,-0.83625,18.872,-1.023,18.427,855.762,-1,866.166,16.239,552.760,545.353,489.347,764.660,-1,-1,-1,-1,-1,-1,22.443,16.871,1,0,2,0,1,0,0,0,0,2,2,2,2,2,2,1,1
102,-4830.526,3638.117,477.155,151.488,-0.878108,-0.476834,0.039443,0.477019,-0.878878,-0.005193,0.037142,0.014255,0.999208,0,0.67296,-0.82788,19.204,-1.032,18.812,864.558,-1,896.615,18.212,558.274,551.888,491.866,768.100,-1,-1,-1,-1,-1,-1,22.575,19.111,1,0,2,0,1,0,0,0,0,2,2,2,2,2,2,1,1
103,-4844.038,3651.862,477.695,150.391,-0.868826,-0.493552,0.039333,0.493743,-0.869591,-0.005373,0.036855,0.014753,0.999212,0,0.67664,-0.81940,19.275,-1.097,18.645,870.761,-1,928.198,16.611,565.432,563.929,492.578,777.659,-1,-1,-1,-1,-1,-1,22.515,17.361,1,0,2,0,1,0,0,0,0,2,2,2,2,2,2,1,1
104,-4857.258,3665.927,478.177,149.236,-0.858740,-0.510943,0.038767,0.511172,-0.859466,-0.004495,0.035616,0.015956,0.999238,0,0.68065,-0.81017,19.302,-1.155,18.812,871.951,-1,950.715,11.540,569.941,572.240,494.434,780.894,-1,-1,-1,-1,-1,-1,22.575,12.110,1,0,2,0,1,0,0,0,0,2,2,2,2,2,2,1,1
105,-4870.408,3680.383,478.602,148.097,-0.848440,-0.527885,0.038550,0.528177,-0.849129,-0.003005,0.034321,0.017812,0.999252,0,0.68494,-0.80030,19.542,-1.140,18.687,871.749,-1,968.656,13.055,573.663,579.844,497.624,779.677,-1,-1,-1,-1,-1,-1,22.530,13.657,1,0,2,0,1,0,0,0,0,2,2,2,2,2,2,1,1
106,-4882.696,3695.373,479.056,146.862,-0.836925,-0.546066,0.036980,0.546383,-0.837534,-0.001831,0.031972,0.018673,0.999314,0,0.68917,-0.79057,19.383,-1.235,18.657,866.129,-1,980.855,-1,574.609,589.277,498.948,783.698,-1,-1,-1,-1,-1,-1,22.520,-1,1,0,2,0,2,0,0,0,0,2,2,2,2,2,2,1,2
107,-4894.729,3710.757,479.428,145.596,-0.824708,-0.564409,0.036043,0.564764,-0.825253,-0.000404,0.029973,0.020023,0.999350,0,0.69389,-0.77971,19.531,-1.265,18.653,865.152,-1,993.243,-1,583.737,600.672,501.056,783.865,-1,-1,-1,-1,-1,-1,22.518,-1,1,0,2,0,2,0,0,0,0,2,2,2,2,2,2,1,2
108,-4906.665,3726.562,479.716,144.341,-0.812172,-0.582312,0.035912,0.582721,-0.812671,0.001175,0.028501,0.021881,0.999354,0,0.69876,-0.76850,19.806,-1.255,18.492,866.201,-1,1006.638,-1,593.486,613.275,504.076,780.857,-1,-1,-1,-1,-1,-1,22.464,-1,1,0,2,0,2,0,0,0,0,2,2,2,2,2,2,1,2
109,-4918.329,3742.752,479.927,143.081,-0.799187,-0.600009,0.035906,0.600464,-0.799648,0.002398,0.027274,0.023476,0.999352,0,0.61082,-0.39396,19.954,-1.260,18.838,878.329,-1,-1,-1,603.539,628.660,508.530,779.101,-1,-1,-1,-1,-1,-1,22.584,-1,1,0,2,2,2,0,0,0,0,2,2,2,2,2,2,1,2
110,-4929.847,3759.118,480.088,141.897,-0.786638,-0.616337,0.036457,0.616859,-0.787063,0.004065,0.026189,0.025686,0.999327,0,0.61506,-0.38271,20.013,-1.183,18.621,895.930,-1,-1,-1,621.403,645.423,514.352,774.410,-1,-1,-1,-1,-1,-1,22.507,-1,1,0,2,2,2,0,0,0,0,2,2,2,2,2,2,1,2
111,-4940.858,3775.708,480.142,140.669,-0.773278,-0.633048,0.035940,0.633624,-0.773614,0.006454,0.023718,0.027763,0.999333,0,0.61902,-0.37222,19.912,-1.229,18.683,903.733,-1,-1,-1,632.734,655.980,519.754,768.910,-1,-1,-1,-1,-1,-1,22.528,-1,1,0,2,2,2,0,0,0,0,2,2,2,2,2,2,1,2
112,-4951.456,3792.533,480.079,139.398,-0.759094,-0.650059,0.034630,0.650667,-0.759305,0.009385,0.020194,0.029657,0.999356,0,0.62318,-0.36117,19.884,-1.271,18.658,916.065,-1,-1,-1,639.664,661.359,524.508,762.981,-1,-1,-1,-1,-1,-1,22.520,-1,1,0,2,2,2,0,0,0,0,2,2,2,2,2,2,1,2
113,-4961.498,3809.736,479.949,138.046,-0.743587,-0.667852,0.032434,0.668444,-0.743667,0.011915,0.016163,0.030541,0.999403,0,0.62754,-0.34963,19.920,-1.352,17.599,922.559,-1,-1,-1,646.013,665.242,529.914,760.979,-1,-1,-1,-1,-1,-1,22.235,-1,1,0,2,2,2,0,0,0,0,2,2,2,2,2,2,1,2
114,-4971.583,3827.311,479.665,136.730,-0.728073,-0.684762,0.031803,0.685376,-0.728040,0.014775,0.013036,0.032555,0.999385,0,0.63224,-0.33716,20.263,-1.316,18.103,937.107,-1,-1,-1,654.954,671.349,541.718,753.393,-1,-1,-1,-1,-1,-1,22.348,-1,1,0,2,2,2,0,0,0,0,2,2,2,2,2,2,1,2
115,-4981.377,3845.299,479.375,135.428,-0.712330,-0.701109,0.032143,0.701762,-0.712204,0.017225,0.010816,0.034826,0.999335,0,0.63681,-0.32504,20.482,-1.302,18.029,960.675,-1,-1,-1,667.077,680.179,454.745,745.485,-1,-1,-1,-1,-1,-1,22.328,-1,1,0,2,2,2,0,0,1,0,2,2,2,2,2,2,1,2
116,-4990.646,3863.759,479.157,134.063,-0.695423,-0.717857,0.032668,0.718541,-0.695231,0.018790,0.009224,0.036540,0.999290,0,0.64135,-0.31300,20.656,-1.365,17.780,986.478,-1,-1,-1,682.065,692.179,460.728,740.503,-1,-1,-1,-1,-1,-1,22.270,-1,1,0,2,2,2,0,0,1,0,2,2,2,2,2,2,1,2
117,-4999.982,3882.496,479.099,132.757,-0.678870,-0.733477,0.033859,0.734215,-0.678609,0.020442,0.007983,0.038737,0.999218,0,0.64618,-0.30022,20.934,-1.306,17.540,-1,-1,-1,-1,698.855,705.699,467.904,735.046,-1,-1,-1,-1,-1,-1,22.227,-1,1,2,2,2,2,0,0,1,0,2,2,2,2,2,2,1,2
118,-5009.180,3901.586,479.245,131.457,-0.662044,-0.748689,0.034093,0.749439,-0.661717,0.021742,0.006282,0.039945,0.999182,0,0.65078,-0.28802,21.191,-1.300,17.180,-1,-1,-1,-1,713.696,717.714,475.813,734.975,-1,-1,-1,-1,-1,-1,22.186,-1,1,2,2,2,2,0,0,1,0,2,2,2,2,2,2,1,2
119,-5018.517,3921.010,479.586,130.229,-0.645833,-0.762694,0.034604,0.763462,-0.645451,0.022769,0.004969,0.041124,0.999142,0,0.65536,-0.27586,21.551,-1.228,16.746,-1,-1,-1,-1,730.642,731.784,484.129,736.848,-1,-1,-1,-1,-1,-1,22.187,-1,1,2,2,2,2,0,0,1,0,2,2,2,2,2,2,1,2
120,-5028.230,3940.719,479.990,129.121,-0.630953,-0.775001,0.035661,0.775810,-0.630525,0.023605,0.004192,0.042560,0.999085,0,0.65967,-0.26444,21.973,-1.108,16.006,-1,-1,-1,-1,749.169,747.780,492.506,739.422,-1,-1,-1,-1,-1,-1,22.377,-1,1,2,2,2,2,0,0,1,0,2,2,2,2,2,2,1,2
121,-5038.315,3960.612,480.221,128.120,-0.617311,-0.785896,0.035970,0.786714,-0.616822,0.024741,0.002743,0.043571,0.999047,0,0.59876,-0.61851,22.303,-1.001,15.769,-1,-1,-1,-1,763.502,759.285,500.817,743.873,-1,-1,-1,-1,-1,-1,22.508,-1,1,2,2,2,2,0,0,1,0,2,2,2,2,2,2,1,2
122,-5048.802,3980.622,480.236,127.242,-0.605176,-0.795284,0.035856,0.796092,-0.604600,0.026412,0.000673,0.044529,0.999008,0,0.60182,-0.60953,22.591,-0.879,15.633,-1,-1,-1,-1,773.919,767.093,508.884,748.649,-1,-1,-1,-1,-1,-1,22.607,-1,1,2,2,2,2,0,0,1,0,2,2,2,2,2,2,1,2
123,-5059.598,4000.699,480.147,126.479,-0.594526,-0.803336,0.034490,0.804072,-0.593840,0.028667,-0.002548,0.044776,0.998994,0,0.60443,-0.60186,22.796,-0.763,15.487,-1,-1,-1,-1,777.825,769.920,516.698,756.646,-1,-1,-1,-1,-1,-1,22.733,-1,1,2,2,2,2,0,0,1,0,2,2,2,2,2,2,1,2
124,-5070.643,4020.914,479.927,125.803,-0.584988,-0.810403,0.032183,0.811016,-0.584193,0.031174,-0.006462,0.044337,0.998996,0,0.60662,-0.59544,23.035,-0.676,15.456,-1,-1,-1,-1,777.698,769.134,524.366,767.549,-1,-1,-1,-1,-1,-1,22.763,-1,1,2,2,2,2,0,0,1,0,2,2,2,2,2,2,1,2
125,-5081.646,4041.426,479.405,125.125,-0.575332,-0.817438,0.028074,0.817844,-0.574472,0.033380,-0.011159,0.042165,0.999048,0,0.60848,-0.58995,23.277,-0.678,16.045,-1,-1,-1,-1,773.026,764.885,730.551,784.113,-1,-1,-1,-1,-1,-1,22.359,-1,1,2,2,2,2,0,0,0,0,2,2,2,2,2,2,1,2
126,-5092.284,4062.279,478.625,124.363,-0.564347,-0.825254,0.021613,0.825361,-0.563493,0.035425,-0.017055,0.037831,0.999139,0,0.61036,-0.58444,23.410,-0.763,16.065,-1,-1,-1,-1,762.618,756.257,717.168,807.534,-1,-1,-1,-1,-1,-1,22.350,-1,1,2,2,2,2,0,0,0,0,2,2,2,2,2,2,1,2
127,-5102.715,4083.519,477.518,123.569,-0.552799,-0.833171,0.015507,0.832994,-0.551973,0.038042,-0.023136,0.033947,0.999156,0,0.61255,-0.57801,23.663,-0.793,16.328,-1,-1,-1,-1,751.022,746.174,703.349,827.457,-1,-1,-1,-1,-1,-1,22.258,-1,1,2,2,2,2,0,0,0,0,2,2,2,2,2,2,1,2
128,-5112.779,4105.185,476.120,122.747,-0.540706,-0.841147,0.010404,0.840702,-0.539907,0.041467,-0.029263,0.031169,0.999086,0,0.61486,-0.57122,23.889,-0.822,16.476,-1,-1,-1,-1,738.751,735.118,693.259,840.464,-1,-1,-1,-1,-1,-1,22.224,-1,1,2,2,2,2,0,0,0,0,2,2,2,2,2,2,1,2
129,-5122.104,4127.326,474.546,121.835,-0.527162,-0.849736,0.006976,0.849051,-0.526365,0.045296,-0.034818,0.029801,0.998949,0,0.61730,-0.56406,24.025,-0.912,16.303,1002.075,-1,1006.526,-1,728.689,726.800,687.993,846.119,-1,-1,-1,-1,-1,-1,22.265,-1,1,0,2,0,2,0,0,0,0,2,2,2,2,2,2,1,2
130,-5131.125,4149.772,472.666,120.934,-0.513605,-0.858010,0.005341,0.857029,-0.512698,0.051391,-0.041355,0.030972,0.998664,0,0.62010,-0.55581,24.191,-0.902,16.117,979.944,-1,982.744,-1,715.741,714.443,691.504,839.806,-1,-1,-1,-1,-1,-1,22.329,-1,1,0,2,0,2,0,0,0,0,2,2,2,2,2,2,1,2
131,-5139.965,4172.585,470.420,120.067,-0.500415,-0.865772,0.004899,0.864414,-0.499295,0.059100,-0.048721,0.033809,0.998240,0,0.62290,-0.54760,24.465,-0.867,15.965,955.751,-1,952.869,-1,700.333,698.662,700.587,825.947,-1,-1,-1,-1,-1,-1,22.397,-1,1,0,2,0,2,0,0,0,0,2,2,2,2,2,2,1,2
132,-5148.676,4195.709,467.832,119.246,-0.487747,-0.872971,0.004943,0.871086,-0.486305,0.068673,-0.057546,0.037801,0.997627,0,0.62559,-0.53969,24.711,-0.821,15.760,926.550,-1,915.423,-1,680.572,678.126,713.061,807.252,-1,-1,-1,-1,-1,-1,22.515,-1,1,0,2,0,2,0,0,0,0,2,2,2,2,2,2,1,2
133,-5157.311,4219.100,465.007,118.506,-0.476140,-0.879353,0.005324,0.876729,-0.474233,0.080310,-0.068096,0.042907,0.996756,0,0.62814,-0.53220,24.934,-0.740,15.655,892.101,-1,870.750,-1,656.546,652.927,729.892,785.152,-1,-1,-1,-1,-1,-1,22.589,-1,1,0,2,0,2,0,0,0,0,2,2,2,2,2,2,1,2
134,-5165.910,4242.745,461.741,117.818,-0.465161,-0.885211,0.005164,0.881582,-0.462709,0.093348,-0.080243,0.047974,0.995620,0,0.63042,-0.52551,25.160,-0.688,15.442,851.551,-1,822.299,-1,628.500,623.844,742.430,763.115,-1,-1,-1,-1,-1,-1,22.776,-1,1,0,2,0,2,0,0,0,0,2,2,2,2,2,2,1,2
135,-5174.633,4266.730,457.888,117.182,-0.454874,-0.890533,0.006344,0.885756,-0.451673,0.106897,-0.092330,0.054244,0.994250,0,0.63252,-0.51933,25.522,-0.636,15.163,813.229,-1,774.808,-1,601.043,594.783,759.272,736.973,-1,-1,-1,-1,-1,-1,23.106,-1,1,0,2,0,2,0,0,0,0,2,2,2,2,2,2,1,2
136,-5183.539,4291.079,453.526,116.627,-0.445745,-0.895112,0.009281,0.889104,-0.441502,0.120708,-0.103949,0.062057,0.992645,0,0.63444,-0.51370,25.927,-0.556,15.101,778.971,-1,728.987,-1,575.306,566.736,783.278,706.870,-1,-1,-1,-1,-1,-1,23.198,-1,1,0,2,0,2,0,0,0,0,2,2,2,2,2,2,1,2
137,-5192.599,4315.849,448.763,116.146,-0.437751,-0.898986,0.014078,0.891733,-0.432113,0.134504,-0.114834,0.071433,0.990813,0,0.63607,-0.50890,26.375,-0.480,15.047,749.765,-1,685.864,-1,551.958,540.406,817.292,673.644,-1,-1,-1,-1,-1,-1,23.283,-1,1,0,2,0,2,0,0,0,0,2,2,2,2,2,2,1,2
138,-5201.688,4341.062,443.696,115.698,-0.430190,-0.902543,0.018778,0.893951,-0.423015,0.148016,-0.125648,0.080462,0.988807,0,0.63744,-0.50489,26.801,-0.448,14.876,720.739,-1,645.698,-1,529.275,514.886,850.311,643.477,-1,-1,-1,-1,-1,-1,23.590,-1,1,0,2,0,2,0,0,0,0,2,2,2,2,2,2,1,2
139,-5210.895,4366.598,438.567,115.291,-0.423174,-0.905771,0.022422,0.895596,-0.414415,0.161764,-0.137229,0.088535,0.986575,0,0.63869,-0.50120,27.146,-0.407,14.871,689.404,-1,606.727,-1,505.996,489.363,876.511,617.840,-1,-1,-1,-1,-1,-1,23.601,-1,1,0,2,0,2,0,0,0,0,2,2,2,2,2,2,1,2
140,-5220.326,4392.580,433.337,114.943,-0.417071,-0.908469,0.027126,0.896747,-0.406463,0.175020,-0.147975,0.097321,0.984191,0,0.63980,-0.49796,27.641,-0.348,14.755,662.377,-1,571.188,-1,485.487,466.626,912.453,592.102,-1,-1,-1,-1,-1,949.662,23.848,-1,1,0,2,0,2,0,0,0,0,2,2,2,2,2,0,1,2
141,-5229.938,4419.205,428.178,114.616,-0.411436,-0.910872,0.032139,0.898003,-0.399087,0.185258,-0.155919,0.105083,0.982164,0,0.64068,-0.49536,28.307,-0.327,14.769,643.831,-1,544.750,13.438,471.156,449.746,946.112,571.342,-1,-1,-1,-1,-1,897.657,23.820,31.222,1,0,2,0,1,0,0,0,0,2,2,2,2,2,0,1,1
142,-5239.796,4446.526,423.412,114.266,-0.405676,-0.913288,0.036483,0.899912,-0.392113,0.190804,-0.159954,0.110236,0.980950,0,0.64149,-0.49300,29.046,-0.350,14.653,635.542,-1,530.301,13.499,464.919,441.022,965.030,559.431,-1,-1,-1,-1,-1,865.543,24.105,34.763,1,0,2,0,1,0,0,0,0,2,2,2,2,2,0,1,1
143,-5250.031,4474.440,419.050,113.925,-0.400289,-0.915538,0.039493,0.902245,-0.386202,0.191837,-0.160382,0.112422,0.980632,0,0.64235,-0.49045,29.731,-0.341,14.423,636.740,-1,526.450,13.644,465.517,439.805,964.530,555.496,-1,-1,-1,-1,-1,850.490,24.826,31.180,1,0,2,0,1,0,0,0,0,2,2,2,2,2,0,1,1
144,-5260.733,4502.756,415.019,113.631,-0.395728,-0.917449,0.041072,0.904453,-0.381587,0.190674,-0.159261,0.112602,0.980794,0,0.64316,-0.48810,30.271,-0.294,14.156,641.794,-1,528.083,13.854,469.191,442.861,950.593,555.174,-1,-1,-1,-1,-1,843.621,26.035,28.323,1,0,2,0,1,0,0,0,0,2,2,2,2,2,0,1,1
145,-5272.034,4531.350,411.150,113.445,-0.392942,-0.918558,0.042977,0.906092,-0.378792,0.188449,-0.156822,0.112991,0.981142,0,0.64375,-0.48635,30.746,-0.186,14.028,649.979,-1,532.633,13.973,476.091,448.510,945.320,555.662,-1,-1,-1,-1,-1,841.104,26.843,27.256,1,0,2,0,1,0,0,0,0,2,2,2,2,2,0,1,1
146,-5283.765,4560.082,407.384,113.350,-0.391575,-0.919086,0.044163,0.907052,-0.377490,0.186434,-0.154677,0.113061,0.981474,0,0.64392,-0.48587,31.035,-0.095,-1,657.697,-1,536.534,13.966,482.057,453.733,945.733,557.188,-1,-1,-1,-1,-1,838.189,-1,27.304,2,0,2,0,1,0,0,0,0,2,2,2,2,2,0,2,1
147,-5295.792,4589.137,403.459,113.318,-0.391273,-0.919181,0.044856,0.907750,-0.377475,0.183037,-0.151312,0.112336,0.982082,0,0.90168,0.18686,31.446,-0.032,13.957,666.958,-1,541.775,14.042,489.688,460.892,938.901,560.338,-1,-1,-1,-1,-1,839.021,27.382,26.736,1,0,2,0,1,0,0,0,0,2,2,2,2,2,0,1,1
148,-5308.110,4618.568,400.356,113.359,-0.392489,-0.918216,0.053212,0.908794,-0.378256,0.176113,-0.141582,0.117481,0.982931,0,0.90105,0.18552,31.905,0.041,14.207,703.098,-1,558.736,13.808,512.338,480.263,982.650,552.596,-1,-1,-1,-1,-1,856.732,25.758,28.820,1,0,2,0,1,0,0,0,0,2,2,2,2,2,0,1,1
149,-5320.067,4648.854,397.850,113.257,-0.391593,-0.917879,0.064439,0.911151,-0.377052,0.166239,-0.128290,0.123812,0.983978,0,0.90001,0.18334,32.561,-0.101,15.002,751.378,-1,581.237,13.342,545.032,507.630,-1,543.817,-1,-1,-1,-1,-1,888.904,23.358,20.927,1,0,2,0,1,0,0,2,0,2,2,2,2,2,0,1,1
150,-5331.347,4679.745,395.218,112.963,-0.387425,-0.919091,0.071932,0.914342,-0.373105,0.157387,-0.117815,0.126746,0.984914,0,0.89970,0.18269,32.885,-0.294,14.295,787.627,-1,598.096,9.298,569.925,529.702,-1,540.799,-1,-1,-1,-1,-1,916.503,25.344,8.461,1,0,2,0,1,0,0,2,0,2,2,2,2,2,0,1,1
151,-5341.952,4710.876,392.766,112.443,-0.379514,-0.922440,0.071234,0.918826,-0.366773,0.145727,-0.108298,0.120757,0.986757,0,0.90039,0.18415,32.888,-0.521,-1,803.560,-1,619.027,14.715,591.577,551.947,-1,555.001,-1,-1,-1,-1,-1,954.411,-1,23.948,2,0,2,0,1,0,0,2,0,2,2,2,2,2,0,2,1
152,-5352.766,4742.000,390.730,111.884,-0.370928,-0.926224,0.067241,0.923475,-0.360246,0.131973,-0.098013,0.111047,0.988970,0,0.90225,0.18806,32.950,-0.559,-1,819.091,-1,642.195,18.859,610.267,572.394,-1,577.629,-1,-1,-1,-1,-1,1005.154,-1,22.592,2,0,2,0,1,0,0,2,0,2,2,2,2,2,0,2,1
153,-5366.302,4769.357,389.322,112.114,-0.374815,-0.924239,0.072777,0.922413,-0.363886,0.129387,-0.093102,0.115627,0.988920,0,0.90424,0.19223,30.522,0.230,-1,832.846,-1,646.687,18.713,620.716,582.009,-1,572.844,-1,-1,-1,-1,-1,-1,-1,22.539,2,0,2,0,1,0,0,2,0,2,2,2,2,2,2,2,1
154,-5380.876,4795.114,387.713,112.887,-0.387373,-0.918450,0.079954,0.917614,-0.375734,0.129648,-0.089034,0.123589,0.988331,0,0.90190,0.18731,29.595,0.773,-1,846.782,-1,646.140,15.960,629.316,587.752,-1,561.538,-1,-1,-1,-1,-1,-1,-1,22.400,2,0,2,0,1,0,0,2,0,2,2,2,2,2,2,2,1
155,-5395.452,4821.122,384.921,113.690,-0.400352,-0.912317,0.085995,0.912439,-0.388206,0.129423,-0.084691,0.130279,0.987854,0,0.89670,0.17641,29.813,0.803,-1,856.280,-1,644.819,-1,634.904,590.258,-1,549.893,-1,-1,-1,-1,-1,-1,-1,-1,2,0,2,0,2,0,0,2,0,2,2,2,2,2,2,2,2
156,-5410.237,4847.379,381.026,114.427,-0.412197,-0.906507,0.091318,0.907530,-0.399659,0.129086,-0.080521,0.136082,0.987420,0,0.89132,0.16513,30.133,0.737,-1,862.447,-1,641.212,-1,636.419,589.538,-1,537.138,-1,-1,-1,-1,-1,1000.528,-1,-1,2,0,2,0,2,0,0,2,0,2,2,2,2,2,0,2,2
157,-5425.304,4873.766,376.188,115.095,-0.422849,-0.901180,0.095252,0.902871,-0.409961,0.129443,-0.077602,0.140735,0.987001,0,0.88617,0.15433,30.385,0.668,-1,861.008,-1,632.969,-1,633.315,585.393,-1,523.393,-1,-1,-1,-1,-1,986.280,-1,-1,2,0,2,0,2,0,0,2,0,2,2,2,2,2,0,2,2
158,-5440.707,4900.118,370.575,115.730,-0.432840,-0.896244,0.096932,0.898165,-0.419552,0.131438,-0.077133,0.143952,0.986574,0,0.66366,-0.08673,30.523,0.635,-1,849.235,-1,619.035,-1,622.964,574.649,-1,509.925,-1,-1,-1,-1,-1,960.851,-1,-1,2,0,2,0,2,0,0,2,0,2,2,2,2,2,0,2,2
159,-5456.267,4926.349,364.305,116.290,-0.441490,-0.892262,0.094632,0.893666,-0.427828,0.135367,-0.080296,0.144332,0.986266,0,0.65998,-0.09697,30.499,0.560,-1,822.882,-1,599.058,-1,604.440,556.455,-1,499.441,-1,-1,-1,-1,-1,923.214,-1,-1,2,0,2,0,2,0,0,2,0,2,2,2,2,2,0,2,2
160,-5471.976,4952.485,357.508,116.762,-0.448583,-0.889458,0.087391,0.889497,-0.434797,0.140520,-0.086990,0.140769,0.986213,0,0.65649,-0.10668,30.494,0.472,-1,782.624,-1,573.729,12.736,578.456,532.160,-1,494.045,-1,-1,-1,-1,-1,876.960,-1,11.028,2,0,2,0,1,0,0,2,0,2,2,2,2,2,0,2,1
161,-5487.830,4978.767,350.380,117.187,-0.454865,-0.887399,0.074970,0.885550,-0.441784,0.143625,-0.094332,0.131719,0.986789,0,0.65325,-0.11572,30.694,0.425,-1,736.677,-1,549.765,14.605,550.559,507.467,-1,497.942,-1,-1,-1,-1,-1,835.106,-1,24.241,2,0,2,0,1,0,0,2,0,2,2,2,2,2,0,2,1
162,-5504.097,5005.059,343.345,117.556,-0.460189,-0.885893,0.058481,0.881908,-0.448542,0.145082,-0.102296,0.118339,0.987690,0,0.65009,-0.12450,30.917,0.369,-1,688.307,-1,527.559,14.519,521.943,483.264,972.860,510.582,-1,-1,-1,-1,-1,797.178,-1,24.497,2,0,2,0,1,0,0,0,0,2,2,2,2,2,0,2,1
163,-5520.780,5031.376,336.603,117.862,-0.464452,-0.884697,0.039947,0.878597,-0.454650,0.146157,-0.111143,0.102980,0.988455,0,0.64702,-0.13306,31.160,0.306,-1,639.949,-1,505.830,14.452,493.112,459.396,871.717,527.062,-1,-1,-1,-1,-1,760.280,-1,24.718,2,0,2,0,1,0,0,0,0,2,2,2,2,2,0,2,1
164,-5537.832,5057.812,330.401,118.187,-0.469053,-0.882909,0.021476,0.875250,-0.461459,0.144891,-0.118015,0.086758,0.989215,0,0.64405,-0.14135,31.458,0.325,13.672,598.921,-1,489.184,14.383,468.868,439.842,786.625,548.415,-1,-1,-1,-1,941.524,732.701,30.679,24.982,1,0,2,0,1,0,0,0,0,2,2,2,2,0,0,1,1
165,-5555.073,5084.750,325.740,118.484,-0.473709,-0.880581,0.013282,0.873032,-0.467557,0.138586,-0.115827,0.077245,0.990261,0,0.64087,-0.15018,31.984,0.297,14.058,584.472,-1,486.590,13.944,460.704,434.535,746.544,561.788,-1,-1,-1,-1,917.177,730.804,26.634,27.491,1,0,2,0,1,0,0,0,0,2,2,2,2,0,0,1,1
166,-5571.544,5112.641,322.228,118.550,-0.475032,-0.879927,0.008516,0.873065,-0.470074,0.129570,-0.110009,0.068985,0.991534,0,0.63770,-0.15902,32.391,0.066,14.352,579.496,-1,491.888,13.694,459.348,436.064,720.896,572.483,-1,-1,-1,-1,912.586,741.522,25.101,30.336,1,0,2,0,1,0,0,0,0,2,2,2,2,0,0,1,1
167,-5587.204,5140.783,318.851,118.448,-0.473515,-0.880786,0.000245,0.873981,-0.469822,0.124196,-0.109274,0.059023,0.992258,0,0.63539,-0.16544,32.205,-0.102,-1,563.771,-1,489.722,13.720,451.033,430.612,692.388,586.254,-1,-1,-1,-1,884.219,738.725,-1,29.948,2,0,2,0,1,0,0,0,0,2,2,2,2,0,0,2,1
168,-5602.639,5169.036,315.251,118.316,-0.471352,-0.881904,-0.008504,0.874802,-0.468737,0.122504,-0.112023,0.050303,0.992432,0,0.63373,-0.17006,32.194,-0.132,-1,542.211,-1,480.216,13.624,437.400,419.728,668.614,596.891,-1,-1,-1,-1,843.542,723.157,-1,31.572,2,0,2,0,1,0,0,0,0,2,2,2,2,0,0,2,1
169,-5620.735,5202.995,311.350,118.046,-0.467042,-0.883948,-0.022550,0.876694,-0.466232,0.118472,-0.115236,0.035562,0.992701,0,0.63212,-0.17455,38.480,-0.271,-1,515.622,-1,472.583,13.631,421.170,408.857,628.651,620.630,-1,-1,-1,-1,793.107,710.208,-1,31.455,2,0,2,0,1,0,0,0,0,2,2,2,2,0,0,2,1
170,-5632.801,5225.574,308.918,117.849,-0.463880,-0.885306,-0.032383,0.878017,-0.464311,0.116194,-0.117903,0.025467,0.992698,0,0.63054,-0.17897,25.601,-0.197,-1,497.774,-1,467.215,13.756,410.084,401.399,603.731,636.945,-1,-1,-1,-1,759.470,700.737,-1,29.463,2,0,2,0,1,0,0,0,0,2,2,2,2,0,0,2,1
171,-5647.869,5253.768,305.453,117.678,-0.460887,-0.886411,-0.043113,0.878664,-0.462603,0.118104,-0.124633,0.016551,0.992065,0,0.62945,-0.18198,31.968,-0.170,-1,471.730,-1,451.660,13.839,392.140,386.223,581.651,647.245,-1,-1,-1,-1,711.213,674.253,-1,28.477,2,0,2,0,1,0,0,0,0,2,2,2,2,0,0,2,1
172,-5663.086,5282.289,301.924,117.551,-0.458667,-0.887081,-0.052077,0.879170,-0.461534,0.118521,-0.129173,0.008578,0.991585,0,0.62773,-0.18677,32.326,-0.127,14.028,450.151,-1,438.884,13.973,377.360,373.505,562.107,655.697,-1,-1,-1,-1,673.027,653.073,26.846,27.254,1,0,2,0,1,0,0,0,0,2,2,2,2,0,0,1,1
173,-5678.489,5310.926,298.846,117.541,-0.458578,-0.886978,-0.054549,0.879396,-0.461782,0.115839,-0.127937,0.005151,0.991769,0,0.62572,-0.19239,32.516,-0.011,13.970,440.694,-1,433.435,14.030,370.068,367.668,555.102,653.028,-1,-1,-1,-1,658.882,644.985,27.266,26.833,1,0,2,0,1,0,0,0,0,2,2,2,2,0,0,1,1
174,-5693.664,5339.627,297.137,117.639,-0.460849,-0.886470,-0.042300,0.880053,-0.462627,0.107164,-0.114567,0.012160,0.993341,0,0.62312,-0.19961,32.466,0.099,14.081,457.193,-1,443.961,13.920,381.008,376.901,578.679,627.759,-1,-1,-1,-1,696.631,665.061,26.486,27.698,1,0,2,0,1,0,0,0,0,2,2,2,2,0,0,1,1
175,-5708.302,5368.847,296.371,117.602,-0.461394,-0.886930,-0.021716,0.882490,-0.461327,0.091596,-0.091258,0.023098,0.995559,0,0.62004,-0.20820,32.681,-0.037,14.771,494.240,-1,470.762,13.437,406.021,400.126,608.494,598.646,-1,-1,-1,-1,783.123,716.919,23.814,37.218,1,0,2,0,1,0,0,0,0,2,2,2,2,0,0,1,1
176,-5721.442,5397.508,297.004,117.187,-0.456029,-0.889923,-0.008665,0.887837,-0.455590,0.064672,-0.061501,0.021799,0.997869,0,0.38949,-0.60478,31.530,-0.415,15.096,543.942,-1,519.341,13.315,442.512,437.308,620.230,604.975,-1,990.980,-1,-1,902.695,819.441,23.206,47.922,1,0,2,0,1,0,0,0,0,2,0,2,2,0,0,1,1
177,-5733.923,5425.854,298.723,116.629,-0.448008,-0.894028,-0.001917,0.893535,-0.447830,0.032292,-0.029729,0.012754,0.999477,0,0.38877,-0.60795,30.972,-0.558,-1,602.188,-1,585.362,13.268,486.158,484.707,828.321,634.383,-1,657.725,797.245,-1,-1,974.397,-1,54.083,2,0,2,0,1,0,0,0,0,2,0,0,2,2,0,2,1
178,-5745.906,5453.949,300.838,116.034,-0.438900,-0.898533,0.002377,0.898531,-0.438888,0.004371,-0.002884,0.004054,0.999988,0,0.38837,-0.60972,30.543,-0.595,-1,658.013,-1,651.136,13.274,527.846,530.412,860.559,665.351,-1,506.259,627.941,-1,-1,-1,-1,36.723,2,0,2,0,1,0,0,0,0,2,0,0,2,2,2,2,1
179,-5757.522,5481.667,302.682,115.512,-0.430641,-0.902490,0.007756,0.902376,-0.430710,-0.014341,0.016283,0.000823,0.999867,0,0.38802,-0.61124,30.053,-0.522,-1,705.708,-1,701.166,-1,562.842,565.910,889.411,681.120,-1,447.929,537.888,-1,-1,-1,-1,548.684,2,0,2,0,2,0,0,0,0,2,0,0,2,2,2,2,1
180,-5768.841,5509.178,303.931,115.079,-0.423673,-0.905705,0.014143,0.905322,-0.423905,-0.026387,0.029894,0.001624,0.999552,0,0.38747,-0.61369,29.749,-0.433,-1,743.305,-1,736.231,-1,589.454,592.106,914.143,683.475,-1,423.676,492.912,-1,-1,-1,-1,525.237,2,0,2,0,2,0,0,0,0,2,0,0,2,2,2,2,1
181,-5779.898,5536.529,304.382,114.716,-0.417793,-0.908295,0.021182,0.907687,-0.418297,-0.033639,0.039415,0.005173,0.999210,0,0.38665,-0.61728,29.501,-0.363,-1,772.109,-1,757.389,-1,608.213,609.164,941.305,675.341,-1,414.137,467.223,-1,-1,-1,-1,500.203,2,0,2,0,2,0,0,0,0,2,0,0,2,2,2,2,1
182,-5790.741,5563.787,303.854,114.404,-0.412731,-0.910410,0.028408,0.909676,-0.413583,-0.037933,0.046283,0.010186,0.998876,0,0.38562,-0.62186,29.335,-0.311,-1,792.274,-1,767.642,-1,620.313,618.965,966.386,660.789,-1,410.086,450.513,-1,-1,-1,-1,474.037,2,0,2,0,2,0,0,0,0,2,0,0,2,2,2,2,1
183,-5801.423,5590.964,302.251,114.126,-0.408211,-0.912199,0.035457,0.911447,-0.409440,-0.040279,0.051261,0.015875,0.998559,0,0.38439,-0.62730,29.202,-0.278,-1,804.240,-1,768.697,-1,625.836,622.119,978.866,641.586,-1,408.051,435.660,-1,-1,-1,-1,447.029,2,0,2,0,2,0,0,0,0,2,0,0,2,2,2,2,1
184,-5811.919,5618.071,299.561,113.866,-0.403997,-0.913841,0.040994,0.913134,-0.405544,-0.041483,0.054534,0.020674,0.998298,0,0.38299,-0.63347,29.068,-0.260,-1,807.078,-1,762.766,600.823,625.062,619.329,986.698,622.001,-1,406.766,423.556,-1,-1,-1,-1,419.454,2,0,2,0,1,0,0,0,0,2,0,0,2,2,2,2,1
185,-5821.870,5645.056,295.871,113.540,-0.398788,-0.916071,0.042212,0.915388,-0.400411,-0.041658,0.055064,0.022027,0.998240,0,0.38145,-0.64025,28.760,-0.326,-1,793.953,-1,748.955,399.566,615.105,608.919,984.631,608.018,-1,410.614,421.455,-1,-1,-1,-1,391.251,2,0,2,0,1,0,0,0,0,2,0,0,2,2,2,2,1
186,-5831.170,5671.800,291.306,113.080,-0.391492,-0.919390,0.038149,0.918728,-0.392867,-0.039929,0.051698,0.019416,0.998474,0,0.38002,-0.64656,28.316,-0.460,-1,761.326,-1,724.992,334.789,593.688,588.864,960.291,600.238,-1,421.918,431.390,-1,-1,-1,-1,362.309,2,0,2,0,1,0,0,0,0,2,0,0,2,2,2,2,1
187,-5840.326,5698.291,286.010,112.593,-0.383809,-0.922902,0.030699,0.922353,-0.384749,-0.035129,0.044232,0.014832,0.998911,0,0.37887,-0.65165,28.028,-0.487,-1,713.832,-1,689.607,308.605,562.086,559.393,923.481,594.249,-1,443.894,454.162,-1,-1,-1,-1,332.879,2,0,2,0,1,0,0,0,0,2,0,0,2,2,2,2,1
188,-5848.915,5724.556,280.049,112.009,-0.374554,-0.927025,0.018265,0.926653,-0.374938,-0.027132,0.032000,0.006762,0.999465,0,0.37767,-0.65696,27.634,-0.585,-1,651.665,-1,644.006,282.064,520.184,521.001,861.190,593.708,-1,481.580,496.727,-1,-1,-1,-1,302.956,2,0,2,0,1,0,0,0,0,2,0,0,2,2,2,2,1
189,-5856.711,5750.599,273.458,111.291,-0.363066,-0.931762,0.001659,0.931638,-0.363046,-0.015742,0.015270,-0.004170,0.999875,0,0.37664,-0.66150,27.185,-0.717,16.840,578.378,-1,590.422,255.190,470.689,476.086,581.347,597.709,-1,540.509,564.735,-1,-1,-1,22.181,272.649,1,0,2,0,1,0,0,0,0,2,0,0,2,2,2,1,1
190,-5862.718,5776.513,267.473,110.318,-0.347225,-0.937685,-0.013474,0.937782,-0.347188,-0.005049,0.000057,-0.014389,0.999896,0,0.37590,-0.66475,26.601,-0.974,16.952,518.325,-1,545.280,15.203,428.492,438.166,545.060,602.543,-1,607.168,640.260,-1,908.333,-1,22.179,29.045,1,0,2,0,1,0,0,0,0,2,0,0,2,0,2,1,1
191,-5867.720,5802.720,263.387,109.250,-0.329684,-0.943885,-0.019729,0.944080,-0.329709,-0.002073,-0.004548,-0.019309,0.999803,0,0.37592,-0.66468,26.680,-1.068,16.800,491.791,-1,525.672,14.688,409.738,421.547,524.154,601.497,-1,635.577,667.121,-1,853.832,-1,22.183,39.841,1,0,2,0,1,0,0,0,0,2,0,0,2,0,2,1,1
192,-5872.069,5829.229,261.613,108.220,-0.312666,-0.949721,-0.016429,0.949862,-0.312600,-0.006540,0.001076,-0.017651,0.999844,0,0.37617,-0.66358,26.864,-1.030,16.672,496.101,-1,529.176,14.344,413.129,424.313,517.429,592.242,-1,621.882,641.520,-1,880.598,-1,22.194,42.355,1,0,2,0,1,0,0,0,0,2,0,0,2,0,2,1,1
193,-5875.397,5855.642,262.340,107.196,-0.295617,-0.955276,-0.007640,0.955222,-0.295475,-0.015670,0.012712,-0.011930,0.999848,0,0.37628,-0.66310,26.622,-1.024,16.565,523.047,-1,550.539,14.121,432.733,441.889,527.972,581.712,-1,591.291,596.349,-1,-1,-1,22.208,38.846,1,0,2,0,1,0,0,0,0,2,0,0,2,2,2,1,1
194,-5877.779,5881.787,264.957,106.146,-0.278005,-0.960577,0.002313,0.960250,-0.277972,-0.025542,0.025177,-0.004880,0.999671,0,0.37641,-0.66251,26.253,-1.050,16.402,559.690,-1,580.925,13.846,459.521,466.124,547.465,574.371,-1,570.685,562.949,-1,-1,-1,22.240,29.817,1,0,2,0,1,0,0,0,0,2,0,0,2,2,2,1,1
195,-5879.721,5907.509,268.669,105.138,-0.260995,-0.965282,0.010578,0.964749,-0.261203,-0.032141,0.033788,0.001816,0.999427,0,0.37663,-0.66151,25.795,-1.008,16.994,593.400,-1,608.333,115.409,483.363,487.067,569.606,571.044,-1,576.050,561.754,-1,-1,-1,22.178,119.870,1,0,2,0,1,0,0,0,0,2,0,0,2,2,2,1,1
196,-5880.362,5931.786,273.174,103.899,-0.240073,-0.970709,0.009463,0.970150,-0.240256,-0.032946,0.034255,0.001271,0.999412,0,0.37671,-0.66118,24.285,-1.239,17.258,604.784,-1,623.658,95.434,493.919,497.614,575.307,586.106,-1,621.215,603.120,-1,-1,-1,22.191,98.542,1,0,2,0,1,0,0,0,0,2,0,0,2,2,2,1,1
197,-5883.066,5947.412,278.037,102.676,-0.219424,-0.975542,0.013103,0.975533,-0.219571,-0.011131,0.013736,0.010340,0.999852,0,0.37752,-0.65759,15.858,-1.223,17.129,575.192,-1,578.403,80.463,469.528,470.116,606.334,576.984,-1,787.856,754.237,-1,-1,-1,22.182,82.593,1,0,2,0,1,0,0,0,0,2,0,0,2,2,2,1,1
198,-5886.910,5953.116,283.090,101.912,-0.206339,-0.978185,0.024034,0.978111,-0.205523,0.032546,-0.026897,0.030223,0.999181,0,0.37839,-0.65376,6.878,-0.764,17.355,513.656,-1,491.077,17.539,419.051,414.219,673.397,543.572,-1,-1,-1,-1,-1,-1,22.202,20.520,1,0,2,0,1,0,0,0,0,2,2,2,2,2,2,1,1
199,-5889.965,5954.375,289.032,101.521,-0.199269,-0.979433,0.031678,0.977644,-0.196484,0.074872,-0.067107,0.045890,0.996690,0,0.37874,-0.65221,3.305,-0.392,17.686,461.785,-1,428.943,22.281,377.643,369.230,746.062,524.347,-1,-1,-1,-1,821.762,719.555,22.252,46.869,1,0,2,0,1,0,0,0,0,2,2,2,2,0,0,1,1
200,-5892.550,5953.714,296.078,101.223,-0.193713,-0.980419,0.035419,0.976288,-0.189089,0.105389,-0.096628,0.054995,0.993800,0,0.70273,0.13583,2.668,-0.298,17.673,433.493,-1,396.711,21.774,355.586,345.535,815.494,522.901,-1,-1,-1,-1,700.405,610.031,22.248,50.784,1,0,2,0,1,0,0,0,0,2,2,2,2,0,0,1,1
201,-5894.889,5953.137,303.539,100.942,-0.188561,-0.981379,0.036616,0.975355,-0.182793,0.123570,-0.114576,0.059014,0.991660,0,0.70299,0.13644,2.409,-0.281,17.631,423.970,-1,385.954,21.085,348.801,338.127,874.421,533.283,-1,-1,-1,-1,667.996,575.380,22.242,47.876,1,0,2,0,1,0,0,0,0,2,2,2,2,0,0,1,1
202,-7945.207,1619.105,401.388,24.150,0.912415,-0.409260,0.002353,0.409102,0.912195,0.023161,-0.011626,-0.020170,0.999729,1,0.70328,0.13712,0.000,0.000,14.135,515.270,795.374,541.786,-1,448.605,450.529,517.154,711.467,-1,-1,-1,-1,761.844,953.350,26.154,-1,1,0,1,0,2,0,0,0,0,2,2,2,2,0,0,1,2
203,-7945.347,1618.948,404.091,24.155,0.912389,-0.409316,0.002446,0.409189,0.912226,0.020223,-0.010509,-0.017451,0.999793,0,0.46649,-0.41941,0.210,0.005,-1,524.016,796.032,548.926,-1,455.916,457.202,530.383,712.444,-1,-1,-1,-1,775.872,969.538,-1,-1,2,0,1,0,2,0,0,0,0,2,2,2,2,0,0,2,2
204,-7945.163,1618.941,405.657,24.149,0.912448,-0.409190,0.001777,0.409095,0.912315,0.017966,-0.008973,-0.015666,0.999837,0,0.46648,-0.41946,0.184,-0.006,-1,530.602,796.537,554.644,-1,461.426,462.323,538.565,712.393,-1,-1,-1,-1,786.938,984.394,-1,-1,2,0,1,0,2,0,0,0,0,2,2,2,2,0,0,2,2
205,-7944.686,1619.019,406.095,24.122,0.912653,-0.408736,0.000459,0.408671,0.912528,0.016774,-0.007275,-0.015121,0.999859,0,0.46650,-0.41940,0.483,-0.027,-1,534.475,797.180,558.675,-1,464.735,465.577,540.920,712.395,-1,-1,-1,-1,793.904,997.038,-1,-1,2,0,1,0,2,0,0,0,0,2,2,2,2,0,0,2,2
206,-7943.873,1619.189,405.463,24.059,0.913115,-0.407699,-0.001549,0.407664,0.912973,0.017047,-0.005536,-0.016198,0.999853,0,0.46658,-0.41914,0.831,-0.063,-1,535.333,798.276,561.158,-1,465.694,466.931,536.710,713.957,-1,-1,-1,-1,796.192,-1,-1,-1,2,0,1,0,2,0,0,0,0,2,2,2,2,0,2,2,2
207,-7942.747,1619.438,403.847,23.956,0.913851,-0.406031,-0.003977,0.406028,0.913653,0.019462,-0.004269,-0.019400,0.999803,0,0.46678,-0.41853,1.153,-0.103,-1,532.245,799.800,561.587,-1,463.630,465.852,525.216,719.099,-1,-1,-1,-1,791.923,-1,-1,-1,2,0,1,0,2,0,0,0,0,2,2,2,2,0,2,2,2
208,-7941.298,1619.807,401.601,23.813,0.914861,-0.403727,-0.005832,0.403750,0.914585,0.022797,-0.003870,-0.023210,0.999723,0,0.46711,-0.41753,1.495,-0.143,16.818,526.064,801.924,559.038,-1,458.875,462.217,510.751,724.071,-1,-1,-1,-1,782.316,-1,11.563,-1,1,0,1,0,2,0,0,0,0,2,2,2,2,0,2,1,2
209,-7939.526,1620.227,399.230,23.657,0.915955,-0.401239,-0.005832,0.401252,0.915616,0.025376,-0.004842,-0.025584,0.999661,0,0.46756,-0.41614,1.821,-0.156,18.656,518.086,804.373,552.438,-1,452.037,456.011,499.284,723.522,-1,-1,-1,-1,769.514,1000.724,22.519,-1,1,0,1,0,2,0,0,0,0,2,2,2,2,0,0,1,2
210,-7937.461,1620.538,397.118,23.496,0.917064,-0.398723,-0.003538,0.398672,0.916712,0.026455,-0.007305,-0.025672,0.999644,0,0.46805,-0.41462,2.088,-0.161,18.654,509.406,807.325,542.060,-1,443.900,447.772,492.629,715.812,-1,-1,-1,-1,755.283,972.383,22.518,-1,1,0,1,0,2,0,0,0,0,2,2,2,2,0,0,1,2
211,-7935.031,1620.739,395.674,23.337,0.918150,-0.396233,-0.000461,0.396112,0.917839,0.025814,-0.009805,-0.023884,0.999667,0,0.46856,-0.41306,2.439,-0.159,18.654,502.974,810.639,532.165,16.839,437.311,440.559,491.132,704.185,-1,-1,-1,-1,744.795,944.020,22.518,17.600,1,0,1,0,1,0,0,0,0,2,2,2,2,0,0,1,1
212,-7932.173,1620.909,395.107,23.167,0.919306,-0.393540,0.001910,0.393386,0.919061,0.023958,-0.011184,-0.021273,0.999711,0,0.46906,-0.41152,2.862,-0.170,18.653,500.467,814.397,526.134,24.149,434.099,436.587,493.496,692.884,-1,-1,-1,-1,740.941,926.634,22.518,25.237,1,0,1,0,1,0,0,0,0,2,2,2,2,0,0,1,1
213,-7928.891,1621.074,395.379,22.974,0.920625,-0.390436,0.003163,0.390283,0.920440,0.021686,-0.011378,-0.018730,0.999760,0,0.46959,-0.40988,3.286,-0.193,18.653,501.456,818.771,524.440,25.616,434.098,435.948,497.999,685.275,-1,-1,-1,-1,742.967,921.945,22.518,26.771,1,0,1,0,1,0,0,0,0,2,2,2,2,0,0,1,1
214,-7925.210,1621.268,396.277,22.758,0.922094,-0.386948,0.003563,0.386812,0.921950,0.019638,-0.010884,-0.016730,0.999801,0,0.47020,-0.40801,3.686,-0.216,18.651,504.430,823.591,525.861,23.920,436.130,437.574,503.162,682.301,-1,-1,-1,-1,748.341,926.294,22.517,24.998,1,0,1,0,1,0,0,0,0,2,2,2,2,0,0,1,1
215,-7921.205,1621.547,397.511,22.521,0.923691,-0.383118,0.003840,0.382994,0.923573,0.018121,-0.010489,-0.015267,0.999828,0,0.47088,-0.40593,4.015,-0.237,18.470,507.688,828.704,528.180,20.373,438.539,439.760,508.128,682.534,-1,-1,-1,-1,753.851,932.820,22.457,21.191,1,0,1,0,1,0,0,0,0,2,2,2,2,0,0,1,1
216,-7916.910,1621.933,398.791,22.274,0.925328,-0.379142,0.004397,0.379019,0.925227,0.017302,-0.010628,-0.014344,0.999841,0,0.47162,-0.40364,4.312,-0.246,18.376,509.883,833.732,529.862,14.593,440.156,441.305,512.081,684.725,-1,-1,-1,-1,757.296,937.307,22.427,15.142,1,0,1,0,1,0,0,0,0,2,2,2,2,0,0,1,1
217,-7912.356,1622.409,399.912,22.013,0.927042,-0.374920,0.005261,0.374785,0.926952,0.017196,-0.011324,-0.013970,0.999838,0,0.47239,-0.40127,4.579,-0.262,18.658,510.560,838.906,530.380,-1,440.551,441.772,514.417,688.112,-1,-1,-1,-1,757.997,938.548,22.520,-1,1,0,1,0,2,0,0,0,0,2,2,2,2,0,0,1,2
218,-7907.554,1622.844,400.703,21.716,0.928955,-0.370139,0.006258,0.369981,0.928864,0.018035,-0.012488,-0.014438,0.999818,0,0.47321,-0.39875,4.822,-0.296,18.654,509.378,845.015,529.673,-1,439.469,440.989,514.078,692.864,-1,-1,-1,-1,755.611,936.885,22.519,-1,1,0,1,0,2,0,0,0,0,2,2,2,2,0,0,1,2
219,-7902.441,1623.233,401.057,21.380,0.931098,-0.364704,0.006874,0.364522,0.930996,0.019262,-0.013425,-0.015429,0.999791,0,0.48536,-0.59806,5.128,-0.336,18.653,507.038,852.368,528.628,-1,437.739,439.699,511.448,697.704,-1,-1,-1,-1,752.184,935.542,22.518,-1,1,0,1,0,2,0,0,0,0,2,2,2,2,0,0,1,2
220,-7896.985,1623.590,400.987,21.020,0.933366,-0.358860,0.006921,0.358664,0.933246,0.020278,-0.013736,-0.016445,0.999770,0,0.48644,-0.59481,5.467,-0.360,18.653,504.758,860.626,527.777,-1,436.083,438.391,507.747,701.225,-1,-1,-1,-1,749.372,936.007,22.519,-1,1,0,1,0,2,0,0,0,0,2,2,2,2,0,0,1,2
221,-7891.211,1623.883,400.594,20.640,0.935727,-0.352664,0.006602,0.352467,0.935594,0.020779,-0.013505,-0.017116,0.999762,0,0.48760,-0.59132,5.782,-0.380,18.653,502.813,869.845,527.009,-1,434.562,437.091,504.032,702.547,-1,-1,-1,-1,747.582,937.535,22.518,-1,1,0,1,0,2,0,0,0,0,2,2,2,2,0,0,1,2
222,-7885.135,1624.092,400.005,20.241,0.938168,-0.346125,0.006215,0.345935,0.938028,0.020783,-0.013024,-0.017348,0.999765,0,0.48883,-0.58764,6.079,-0.400,18.635,501.039,880.098,525.921,-1,433.026,435.649,500.593,701.756,-1,-1,-1,-1,746.430,938.758,22.512,-1,1,0,1,0,2,0,0,0,0,2,2,2,2,0,0,1,2
223,-7878.738,1624.359,399.327,19.848,0.940523,-0.339678,0.005992,0.339502,0.940389,0.020165,-0.012485,-0.016932,0.999779,0,0.49012,-0.58376,6.403,-0.393,18.132,499.430,890.305,524.258,-1,431.442,434.068,498.100,698.409,-1,-1,-1,-1,745.823,938.501,22.356,-1,1,0,1,0,2,0,0,0,0,2,2,2,2,0,0,1,2
224,-7871.982,1624.800,398.709,19.480,0.942692,-0.333612,0.005837,0.333451,0.942573,0.019149,-0.011890,-0.016106,0.999800,0,0.49138,-0.57997,6.770,-0.368,18.661,498.157,899.577,522.527,13.669,430.054,432.582,496.512,693.784,-1,-1,-1,-1,745.752,937.998,22.521,14.288,1,0,1,0,1,0,0,0,0,2,2,2,2,0,0,1,1
225,-7864.949,1625.141,398.277,19.068,0.945068,-0.326822,0.005855,0.326664,0.944950,0.018960,-0.011729,-0.016006,0.999803,0,0.49256,-0.57642,7.042,-0.412,18.655,496.322,910.520,520.842,17.136,428.279,430.929,494.388,692.307,-1,-1,-1,-1,744.330,937.373,22.519,17.909,1,0,1,0,1,0,0,0,0,2,2,2,2,0,0,1,1
226,-7857.614,1625.419,398.077,18.620,0.947590,-0.319435,0.005898,0.319274,0.947467,0.019248,-0.011737,-0.016356,0.999797,0,0.49388,-0.57244,7.340,-0.447,18.653,494.471,922.952,519.659,18.857,426.622,429.483,492.002,693.234,-1,-1,-1,-1,742.730,937.984,22.518,19.707,1,0,1,0,1,0,0,0,0,2,2,2,2,0,0,1,1
227,-7850.034,1625.574,398.135,18.147,0.950193,-0.311605,0.005908,0.311440,0.950061,0.019725,-0.011759,-0.016902,0.999788,0,0.49532,-0.56812,7.582,-0.473,18.655,493.052,936.828,519.190,19.335,425.392,428.511,489.898,695.838,-1,-1,-1,-1,741.757,940.404,22.518,20.207,1,0,1,0,1,0,0,0,0,2,2,2,2,0,0,1,1
228,-7842.312,1625.558,398.444,17.651,0.952858,-0.303357,0.005965,0.303190,0.952724,0.019819,-0.011695,-0.017076,0.999786,0,0.49685,-0.56353,7.722,-0.497,18.653,492.443,952.459,519.294,18.984,424.740,428.100,489.075,698.241,-1,-1,-1,-1,742.123,944.064,22.518,19.839,1,0,1,0,1,0,0,0,0,2,2,2,2,0,0,1,1
229,-7834.448,1625.459,398.922,17.151,0.955467,-0.295029,0.006367,0.294864,0.955347,0.019173,-0.011739,-0.016442,0.999796,0,0.49845,-0.55871,7.865,-0.500,18.305,492.408,969.066,519.115,19.623,424.524,427.739,489.976,698.562,-1,-1,-1,-1,744.154,946.163,22.405,20.323,1,0,1,0,1,0,0,0,0,2,2,2,2,0,0,1,1
230,-7826.363,1625.487,399.461,16.699,0.957765,-0.287480,0.006499,0.287333,0.957670,0.017539,-0.011266,-0.014931,0.999825,0,0.50007,-0.55386,8.085,-0.451,18.328,493.718,984.165,519.660,20.615,425.242,428.076,492.386,696.056,-1,-1,-1,-1,749.735,949.703,22.412,21.362,1,0,1,0,1,0,0,0,0,2,2,2,2,0,0,1,1
231,-7818.131,1625.500,400.006,16.240,0.960047,-0.279770,0.006227,0.279643,0.959969,0.016115,-0.010486,-0.013729,0.999851,0,0.50152,-0.54950,8.232,-0.460,18.843,495.380,1000.053,521.005,19.526,426.136,428.939,494.274,694.649,-1,-1,-1,-1,756.140,955.955,22.587,20.505,1,0,1,0,1,0,0,0,0,2,2,2,2,0,0,1,1
232,-7809.933,1625.250,400.476,15.719,0.962554,-0.271022,0.006158,0.270900,0.962478,0.015772,-0.010201,-0.013514,0.999857,0,0.50299,-0.54506,8.202,-0.521,18.620,495.857,-1,521.886,17.531,426.044,429.243,494.126,696.390,-1,-1,-1,-1,568.685,960.917,22.506,18.305,1,0,2,0,1,0,0,0,0,2,2,2,2,1,0,1,1
233,-7801.536,1625.005,400.742,15.197,0.964985,-0.262236,0.005948,0.262121,0.964912,0.015396,-0.009777,-0.013298,0.999864,0,0.45480,-0.43577,8.400,-0.522,18.540,496.100,-1,522.511,16.049,425.716,429.315,493.450,697.362,-1,-1,-1,-1,574.487,965.706,22.480,16.724,1,0,2,0,1,0,0,0,0,2,2,2,2,1,0,1,1
234,-7792.904,1624.728,400.773,14.670,0.967360,-0.253349,0.005351,0.253244,0.967282,0.015290,-0.009050,-0.013436,0.999869,0,0.45632,-0.43070,8.637,-0.527,18.698,496.138,-1,523.343,15.387,425.267,429.379,491.987,698.667,-1,-1,-1,-1,580.500,972.505,22.534,16.099,1,0,2,0,1,0,0,0,0,2,2,2,2,1,0,1,1
235,-7784.218,1624.195,400.634,14.100,0.969838,-0.243704,0.004781,0.243603,0.969745,0.015862,-0.008502,-0.014219,0.999863,0,0.45785,-0.42559,8.702,-0.570,18.620,495.268,-1,524.087,15.867,424.132,428.946,489.139,701.642,-1,-1,-1,-1,587.732,978.981,22.507,16.568,1,0,2,0,1,0,0,0,0,2,2,2,2,1,0,1,1
236,-7775.420,1623.561,400.380,13.527,0.972232,-0.233984,0.004154,0.233890,0.972128,0.016185,-0.007825,-0.014764,0.999860,0,0.45951,-0.42004,8.821,-0.573,18.542,494.497,-1,524.712,17.067,423.160,428.428,486.455,703.487,-1,-1,-1,-1,595.354,985.270,22.481,17.785,1,0,2,0,1,0,0,0,0,2,2,2,2,1,0,1,1
237,-7766.497,1622.829,400.098,12.954,0.974526,-0.224248,0.003448,0.224166,0.974417,0.016139,-0.006979,-0.014955,0.999864,0,0.46119,-0.41445,8.953,-0.572,18.522,494.172,-1,525.502,18.360,422.416,428.036,484.068,704.039,-1,-1,-1,-1,603.310,991.853,22.473,19.123,1,0,2,0,1,0,0,0,0,2,2,2,2,1,0,1,1
238,-7757.552,1621.878,399.883,12.370,0.976767,-0.214286,0.002722,0.214218,0.976659,0.015757,-0.006035,-0.014808,0.999872,0,0.46286,-0.40888,8.995,-0.584,18.659,494.277,-1,526.524,19.242,422.010,427.965,482.143,703.768,-1,-1,-1,-1,612.035,998.788,22.521,20.113,1,0,2,0,1,0,0,0,0,2,2,2,2,1,0,1,1
239,-7748.631,1620.818,399.788,11.804,0.978841,-0.204616,0.001863,0.204568,0.978745,0.014503,-0.004791,-0.013815,0.999893,0,0.46457,-0.40318,8.984,-0.566,18.660,495.140,-1,527.994,21.958,422.410,428.550,482.010,701.061,-1,-1,-1,-1,620.864,1006.407,22.521,22.950,1,0,2,0,1,0,0,0,0,2,2,2,2,1,0,1,1
240,-7739.706,1619.753,399.854,11.265,0.980728,-0.195378,0.000733,0.195353,0.980651,0.012704,-0.003200,-0.012316,0.999919,0,0.46622,-0.39766,8.989,-0.539,18.655,497.294,-1,530.269,22.772,423.720,429.893,483.199,697.226,-1,-1,-1,-1,629.469,-1,22.519,23.798,1,0,2,0,1,0,0,0,0,2,2,2,2,1,2,1,1
241,-7730.823,1618.703,400.046,10.750,0.982448,-0.186538,-0.000349,0.186530,0.982388,0.010940,-0.001698,-0.010813,0.999940,0,0.46780,-0.39241,8.945,-0.515,18.698,499.631,-1,532.686,23.607,425.185,431.378,485.155,693.803,-1,-1,-1,-1,637.859,-1,22.534,24.699,1,0,2,0,1,0,0,0,0,2,2,2,2,1,2,1,1
242,-7721.911,1617.616,400.341,10.228,0.984110,-0.177551,-0.001577,0.177558,0.984062,0.009747,-0.000179,-0.009872,0.999951,0,0.46930,-0.38739,8.978,-0.523,18.667,501.960,-1,535.820,22.676,426.980,433.207,486.512,692.673,-1,-1,-1,-1,646.668,-1,22.523,23.706,1,0,2,0,1,0,0,0,0,2,2,2,2,1,2,1,1
243,-7712.981,1616.464,400.686,9.694,0.985721,-0.168364,-0.002797,0.168383,0.985680,0.009117,0.001222,-0.009457,0.999955,0,0.47083,-0.38230,9.004,-0.534,18.657,504.048,-1,539.381,21.376,428.666,435.013,487.132,693.508,-1,-1,-1,-1,656.035,-1,22.520,22.340,1,0,2,0,1,0,0,0,0,2,2,2,2,1,2,1,1
244,-7704.057,1615.279,401.045,9.150,0.987273,-0.158985,-0.003896,0.159013,0.987239,0.008649,0.002472,-0.009159,0.999955,0,0.47239,-0.37710,9.002,-0.544,18.655,505.963,-1,542.787,20.348,430.167,436.693,487.578,694.828,-1,-1,-1,-1,665.947,-1,22.519,21.265,1,0,2,0,1,0,0,0,0,2,2,2,2,1,2,1,1
245,-7695.087,1613.950,401.363,8.596,0.988760,-0.149421,-0.005121,0.149461,0.988730,0.008618,0.003775,-0.009286,0.999950,0,0.47398,-0.37180,9.068,-0.554,18.654,507.806,-1,546.547,17.989,431.617,438.615,486.634,697.491,-1,-1,-1,-1,676.569,-1,22.519,18.801,1,0,2,0,1,0,0,0,0,2,2,2,2,1,2,1,1
246,-7686.132,1612.343,401.577,7.994,0.990272,-0.139012,-0.006135,0.139064,0.990241,0.009207,0.004796,-0.009970,0.999939,0,0.47560,-0.36639,9.098,-0.602,18.614,509.144,-1,550.270,14.287,432.395,440.309,484.515,701.803,-1,-1,-1,-1,689.018,-1,22.505,14.916,1,0,2,0,1,0,0,0,0,2,2,2,2,1,2,1,1
247,-7677.223,1610.611,401.677,7.393,0.991669,-0.128615,-0.007058,0.128677,0.991645,0.009063,0.005834,-0.009895,0.999934,0,0.40394,-0.26684,9.076,-0.601,18.678,510.718,-1,553.538,12.299,433.012,441.701,483.411,703.103,-1,-1,-1,-1,702.075,-1,22.527,12.862,1,0,2,0,1,0,0,0,0,2,2,2,2,1,2,1,1
248,-7668.415,1608.662,401.674,6.786,0.992970,-0.118089,-0.008067,0.118153,0.992963,0.007988,0.007067,-0.008885,0.999936,0,0.40543,-0.26095,9.021,-0.608,18.545,513.059,-1,556.324,13.249,434.228,443.063,484.087,700.880,-1,-1,-1,-1,716.114,-1,22.481,13.807,1,0,2,0,1,0,0,0,0,2,2,2,2,1,2,1,1
249,-7659.534,1606.679,401.584,6.201,0.994112,-0.107954,-0.009340,0.108015,0.994129,0.006288,0.008607,-0.007260,0.999937,0,0.40695,-0.25498,9.099,-0.585,18.428,516.228,-1,559.101,15.219,436.032,444.611,485.706,696.219,-1,-1,-1,-1,730.092,-1,22.443,15.813,1,0,2,0,1,0,0,0,0,2,2,2,2,1,2,1,1
250,-7650.527,1604.770,401.515,5.636,0.995115,-0.098145,-0.010672,0.098199,0.995156,0.004651,0.010163,-0.005677,0.999932,0,0.40840,-0.24925,9.207,-0.565,18.774,519.470,-1,562.510,16.332,437.900,446.260,487.330,691.734,-1,-1,-1,-1,743.882,-1,22.561,17.122,1,0,2,0,1,0,0,0,0,2,2,2,2,1,2,1,1
251,-7641.389,1602.909,401.548,5.089,0.995990,-0.088649,-0.012071,0.088699,0.996052,0.003706,0.011695,-0.004761,0.999920,0,0.40981,-0.24371,9.326,-0.547,18.679,522.523,-1,566.749,18.438,439.840,448.274,488.149,689.824,-1,-1,-1,-1,757.514,-1,22.527,19.282,1,0,2,0,1,0,0,0,0,2,2,2,2,1,2,1,1
252,-7632.123,1601.038,401.675,4.548,0.996766,-0.079229,-0.013440,0.079281,0.996846,0.003411,0.013128,-0.004465,0.999904,0,0.41116,-0.23837,9.453,-0.541,18.659,525.256,-1,571.534,16.094,441.736,450.448,487.347,690.293,-1,-1,-1,-1,771.420,-1,22.521,16.822,1,0,2,0,1,0,0,0,0,2,2,2,2,1,2,1,1
253,-7622.916,1598.900,401.890,3.961,0.997511,-0.069011,-0.014463,0.069076,0.997603,0.003994,0.014152,-0.004983,0.999887,0,0.41251,-0.23307,9.453,-0.586,18.657,527.128,-1,576.461,10.992,443.178,452.371,485.271,693.916,-1,-1,-1,-1,787.512,-1,22.520,11.488,1,0,2,0,1,0,0,0,0,2,2,2,2,1,2,1,1
254,-7613.799,1596.569,402.216,3.355,0.998172,-0.058451,-0.015363,0.058519,0.998278,0.003970,0.015104,-0.004862,0.999874,0,0.41396,-0.22732,9.410,-0.606,18.655,530.517,-1,581.230,-1,444.945,454.365,484.616,695.870,-1,-1,-1,-1,805.086,-1,22.518,-1,1,0,2,0,2,0,0,0,0,2,2,2,2,1,2,1,2
255,-7604.691,1594.076,402.580,2.747,0.998723,-0.047861,-0.016149,0.047920,0.998846,0.003273,0.015974,-0.004043,0.999864,0,0.41548,-0.22137,9.442,-0.608,18.284,534.352,-1,585.408,-1,446.806,456.224,485.533,695.618,-1,-1,-1,-1,823.635,-1,22.399,-1,1,0,2,0,2,0,0,0,0,2,2,2,2,1,2,1,2
256,-7595.307,1591.787,402.904,2.219,0.999099,-0.038678,-0.017488,0.038705,0.999250,0.001191,0.017429,-0.001867,0.999846,0,0.41699,-0.21539,9.660,-0.528,18.940,540.297,-1,589.631,-1,449.682,458.886,488.555,690.520,-1,-1,-1,-1,839.879,-1,22.623,-1,1,0,2,0,2,0,0,0,0,2,2,2,2,1,2,1,2
257,-7586.131,1589.083,403.207,1.617,0.999434,-0.028195,-0.018327,0.028208,0.999602,0.000419,0.018307,-0.000936,0.999832,0,0.41830,-0.21021,9.566,-0.602,18.729,544.155,-1,593.846,-1,451.486,461.392,489.606,689.681,-1,-1,-1,-1,859.875,-1,22.545,-1,1,0,2,0,2,0,0,0,0,2,2,2,2,1,2,1,2
258,-7576.976,1586.161,403.432,0.989,0.999660,-0.017268,-0.019534,0.017264,0.999851,-0.000375,0.019538,0.000037,0.999809,0,0.41981,-0.20429,9.610,-0.627,18.670,548.657,-1,598.913,-1,454.578,464.388,490.620,688.547,-1,-1,-1,-1,881.856,-1,22.524,-1,1,0,2,0,2,0,0,0,0,2,2,2,2,1,2,1,2
259,-7567.751,1583.084,403.505,0.363,0.999755,-0.006354,-0.021222,0.006328,0.999979,-0.001287,0.021230,0.001153,0.999774,0,0.42138,-0.19811,9.725,-0.627,18.559,553.929,-1,605.121,-1,458.169,467.846,490.490,686.463,-1,-1,-1,-1,-1,-1,22.487,-1,1,0,2,0,2,0,0,0,0,2,2,2,2,2,2,1,2
260,-7558.438,1579.931,403.480,-0.245,0.999718,0.004211,-0.023382,-0.004273,0.999987,-0.002605,0.023371,0.002704,0.999723,0,0.42294,-0.19193,9.832,-0.608,18.664,560.452,-1,612.540,-1,462.441,471.816,490.674,682.635,-1,-1,-1,-1,-1,-1,22.522,-1,1,0,2,0,2,0,0,0,0,2,2,2,2,2,2,1,2
261,-7549.111,1576.695,403.448,-0.832,0.999566,0.014412,-0.025711,-0.014524,0.999886,-0.004147,0.025648,0.004519,0.999661,0,0.42446,-0.18594,9.873,-0.588,18.655,568.347,-1,620.122,-1,467.024,475.989,491.617,677.957,-1,-1,-1,-1,-1,-1,22.519,-1,1,0,2,0,2,0,0,0,0,2,2,2,2,2,2,1,2
262,-7539.787,1573.313,403.381,-1.447,0.999308,0.025100,-0.027466,-0.025251,0.999668,-0.005143,0.027327,0.005833,0.999610,0,0.42593,-0.18015,9.918,-0.615,18.297,574.300,-1,626.647,-1,470.439,479.160,491.669,674.778,-1,-1,-1,-1,-1,-1,22.403,-1,1,0,2,0,2,0,0,0,0,2,2,2,2,2,2,1,2
263,-7530.382,1569.927,403.333,-2.048,0.998951,0.035526,-0.028895,-0.035717,0.999343,-0.006137,0.028658,0.007162,0.999564,0,0.33648,-0.14653,9.996,-0.600,18.277,579.358,-1,632.471,-1,473.242,481.741,491.795,671.537,-1,-1,-1,-1,-1,-1,22.397,-1,1,0,2,0,2,0,0,0,0,2,2,2,2,2,2,1,2
264,-7520.998,1566.519,403.344,-2.642,0.998504,0.045849,-0.029790,-0.046079,0.998913,-0.007089,0.029433,0.008451,0.999531,0,0.33766,-0.14061,9.984,-0.594,18.324,583.174,-1,636.888,-1,475.167,483.460,491.985,668.560,-1,-1,-1,-1,-1,-1,22.411,-1,1,0,2,0,2,0,0,0,0,2,2,2,2,2,2,1,2
265,-7511.646,1563.094,403.456,-3.228,0.997969,0.056018,-0.030345,-0.056288,0.998382,-0.008102,0.029842,0.009794,0.999507,0,0.33883,-0.13475,9.959,-0.586,18.490,586.441,-1,640.474,-1,476.682,484.737,492.503,665.714,-1,-1,-1,-1,-1,-1,22.463,-1,1,0,2,0,2,0,0,0,0,2,2,2,2,2,2,1,2
266,-7502.418,1559.662,403.722,-3.806,0.997349,0.066047,-0.030533,-0.066340,0.997759,-0.008677,0.029891,0.010680,0.999496,0,0.33999,-0.12897,9.845,-0.577,18.659,588.898,-1,643.911,-1,477.833,486.054,492.204,664.792,-1,-1,-1,-1,-1,-1,22.520,-1,1,0,2,0,2,0,0,0,0,2,2,2,2,2,2,1,2
267,-7493.604,1555.977,404.143,-4.437,0.996567,0.077057,-0.030264,-0.077335,0.996972,-0.008121,0.029547,0.010434,0.999509,0,0.34113,-0.12327,9.553,-0.632,18.655,589.793,-1,648.264,-1,478.785,487.841,490.626,668.046,-1,-1,-1,-1,-1,-1,22.518,-1,1,0,2,0,2,0,0,0,0,2,2,2,2,2,2,1,2
268,-7484.960,1552.093,404.582,-5.105,0.995596,0.088682,-0.030405,-0.088939,0.996011,-0.007217,0.029643,0.009889,0.999512,0,0.34238,-0.11701,9.477,-0.668,18.217,591.800,-1,654.968,-1,480.560,490.738,488.510,672.461,-1,-1,-1,-1,-1,-1,22.380,-1,1,0,2,0,2,0,0,0,0,2,2,2,2,2,2,1,2
269,-7476.145,1548.233,404.937,-5.739,0.994515,0.099684,-0.031672,-0.099945,0.994970,-0.006763,0.030839,0.009891,0.999475,0,0.34370,-0.11039,9.624,-0.634,18.041,596.957,-1,664.192,-1,484.424,495.388,487.172,674.938,-1,-1,-1,-1,-1,-1,22.331,-1,1,0,2,0,2,0,0,0,0,2,2,2,2,2,2,1,2
270,-7467.247,1544.282,405.179,-6.379,0.993285,0.110778,-0.033362,-0.111040,0.993797,-0.006124,0.032477,0.009788,0.999425,0,0.34495,-0.10411,9.735,-0.640,17.733,602.922,-1,674.743,-1,488.988,500.703,485.470,677.411,-1,-1,-1,-1,-1,-1,22.260,-1,1,0,2,0,2,0,0,0,0,2,2,2,2,2,2,1,2
271,-7458.224,1540.228,405.300,-7.022,0.991911,0.121917,-0.035338,-0.122185,0.992492,-0.005522,0.034399,0.009795,0.999360,0,0.34622,-0.09776,9.892,-0.644,17.168,609.269,-1,686.206,-1,493.880,506.346,483.793,679.131,-1,-1,-1,-1,-1,-1,22.184,-1,1,0,2,0,2,0,0,0,0,2,2,2,2,2,2,1,2
272,-7448.954,1536.250,405.356,-7.606,0.990535,0.131963,-0.037751,-0.132273,0.991196,-0.005806,0.036652,0.010745,0.999270,0,0.34749,-0.09138,10.087,-0.584,16.920,617.098,-1,697.683,-1,499.398,512.296,483.684,677.553,-1,-1,-1,-1,-1,-1,22.178,-1,1,0,2,0,2,0,0,0,0,2,2,2,2,2,2,1,2
273,-7439.493,1532.321,405.439,-8.136,0.989181,0.141038,-0.040371,-0.141419,0.989927,-0.006743,0.039013,0.012379,0.999162,0,0.34865,-0.08560,10.244,-0.530,16.681,625.987,-1,708.734,-1,505.240,518.355,484.578,673.840,-1,-1,-1,-1,-1,-1,22.193,-1,1,0,2,0,2,0,0,0,0,2,2,2,2,2,2,1,2
274,-7429.854,1528.436,405.554,-8.624,0.987862,0.149334,-0.042762,-0.149816,0.988679,-0.008282,0.041041,0.014588,0.999051,0,0.34969,-0.08037,10.392,-0.487,16.490,634.659,-1,717.787,-1,510.618,523.677,486.443,668.370,-1,-1,-1,-1,-1,-1,22.222,-1,1,0,2,0,2,0,0,0,0,2,2,2,2,2,2,1,2
275,-7420.037,1524.627,405.644,-9.070,0.986620,0.156932,-0.044204,-0.157510,0.987468,-0.009875,0.042100,0.016705,0.998974,0,0.35065,-0.07557,10.531,-0.447,16.369,640.460,-1,723.518,-1,513.942,526.886,488.071,662.939,-1,-1,-1,-1,-1,-1,22.247,-1,1,0,2,0,2,0,0,0,0,2,2,2,2,2,2,1,2
276,-7410.083,1520.822,405.690,-9.505,0.985394,0.164346,-0.044603,-0.164986,0.986234,-0.011034,0.042176,0.018232,0.998944,0,0.35153,-0.07117,10.656,-0.434,16.238,642.755,-1,726.095,-1,515.092,528.628,488.596,659.036,-1,-1,-1,-1,-1,-1,22.285,-1,1,0,2,0,2,0,0,0,0,2,2,2,2,2,2,1,2
277,-7399.997,1517.047,405.741,-9.910,0.984210,0.171247,-0.044769,-0.171951,0.985028,-0.012356,0.041982,0.019859,0.998921,0,0.35238,-0.06691,10.770,-0.405,16.065,644.351,-1,727.314,-1,515.678,529.807,489.409,654.839,-1,-1,-1,-1,-1,-1,22.350,-1,1,0,2,0,2,0,0,0,0,2,2,2,2,2,2,1,2
278,-7389.729,1513.276,405.814,-10.291,0.983047,0.177712,-0.045134,-0.178485,0.983848,-0.013682,0.041974,0.021506,0.998887,0,0.35317,-0.06294,10.939,-0.381,15.973,646.554,-1,729.121,-1,516.606,531.334,490.416,650.710,-1,-1,-1,-1,-1,-1,22.392,-1,1,0,2,0,2,0,0,0,0,2,2,2,2,2,2,1,2
279,-7379.246,1509.470,405.896,-10.658,0.981871,0.183954,-0.045722,-0.184785,0.982670,-0.014628,0.042239,0.022811,0.998847,0,0.40648,-0.15898,11.152,-0.368,15.891,649.275,-1,732.314,-1,518.182,533.515,490.932,647.706,-1,-1,-1,-1,-1,-1,22.435,-1,1,0,2,0,2,0,0,0,0,2,2,2,2,2,2,1,2
280,-7368.557,1505.610,406.039,-11.022,0.980650,0.190127,-0.046666,-0.191007,0.981472,-0.015121,0.042927,0.023742,0.998796,0,0.40730,-0.15539,11.365,-0.364,15.819,652.929,-1,737.902,-1,521.179,536.848,490.975,646.108,-1,-1,-1,-1,-1,-1,22.478,-1,1,0,2,0,2,0,0,0,0,2,2,2,2,2,2,1,2
281,-7357.682,1501.702,406.275,-11.385,0.979380,0.196293,-0.047785,-0.197209,0.980243,-0.015233,0.043851,0.024342,0.998742,0,0.40811,-0.15185,11.556,-0.363,15.759,657.296,-1,745.562,-1,524.874,541.039,490.632,645.855,-1,-1,-1,-1,-1,-1,22.516,-1,1,0,2,0,2,0,0,0,0,2,2,2,2,2,2,1,2
282,-7346.621,1497.740,406.585,-11.742,0.978095,0.202360,-0.048794,-0.203297,0.979002,-0.015009,0.044733,0.024600,0.998696,0,0.40892,-0.14832,11.749,-0.357,15.699,661.479,-1,753.832,-1,528.623,545.617,489.908,646.864,-1,-1,-1,-1,-1,-1,22.557,-1,1,0,2,0,2,0,0,0,0,2,2,2,2,2,2,1,2
283,-7335.348,1493.688,406.925,-12.090,0.976789,0.208270,-0.050067,-0.209232,0.977755,-0.014741,0.045883,0.024874,0.998637,0,0.40972,-0.14485,11.979,-0.349,15.672,666.558,-1,763.208,-1,533.106,550.960,489.455,647.967,-1,-1,-1,-1,-1,-1,22.577,-1,1,0,2,0,2,0,0,0,0,2,2,2,2,2,2,1,2
284,-7323.893,1489.506,407.274,-12.436,0.975448,0.214104,-0.051592,-0.215106,0.976480,-0.014670,0.047238,0.025408,0.998560,0,0.41049,-0.14146,12.195,-0.346,15.718,672.521,-1,773.250,-1,538.153,556.795,489.505,648.383,-1,-1,-1,-1,-1,-1,22.543,-1,1,0,2,0,2,0,0,0,0,2,2,2,2,2,2,1,2
285,-7312.327,1485.133,407.641,-12.800,0.974006,0.220229,-0.053032,-0.221282,0.975097,-0.014813,0.048450,0.026163,0.998483,0,0.41126,-0.13810,12.365,-0.364,15.962,678.317,-1,783.077,-1,543.041,562.458,489.940,648.225,-1,-1,-1,-1,-1,-1,22.398,-1,1,0,2,0,2,0,0,0,0,2,2,2,2,2,2,1,2
286,-7300.740,1480.489,408.055,-13.201,0.972389,0.226997,-0.054146,-0.228098,0.973522,-0.015028,0.049301,0.026963,0.998420,0,0.41208,-0.13456,12.483,-0.402,15.871,683.303,-1,791.736,-1,547.424,567.545,490.539,648.111,-1,-1,-1,-1,-1,-1,22.445,-1,1,0,2,0,2,0,0,0,0,2,2,2,2,2,2,1,2
287,-7289.065,1475.706,408.490,-13.598,0.970759,0.233631,-0.055162,-0.234822,0.971905,-0.016106,0.049850,0.028588,0.998348,0,0.41298,-0.13063,12.616,-0.397,15.800,688.582,-1,798.182,-1,551.414,572.109,492.495,645.625,-1,-1,-1,-1,-1,-1,22.490,-1,1,0,2,0,2,0,0,0,0,2,2,2,2,2,2,1,2
288,-7277.261,1470.792,408.878,-13.986,0.969146,0.240094,-0.055779,-0.241390,0.970267,-0.017697,0.049872,0.030615,0.998286,0,0.41387,-0.12675,12.787,-0.388,15.768,692.558,-1,801.870,-1,554.241,575.373,467.176,641.779,-1,-1,-1,-1,-1,-1,22.509,-1,1,0,2,0,2,0,0,1,0,2,2,2,2,2,2,1,2
289,-7265.337,1465.777,409.183,-14.363,0.967576,0.246369,-0.055676,-0.247772,0.968616,-0.019787,0.049053,0.032941,0.998253,0,0.41474,-0.12295,12.935,-0.377,15.704,693.867,-1,801.512,-1,555.013,576.335,469.985,636.396,-1,-1,-1,-1,-1,-1,22.553,-1,1,0,2,0,2,0,0,1,0,2,2,2,2,2,2,1,2
290,-7253.247,1460.732,409.297,-14.701,0.966160,0.251983,-0.055127,-0.253485,0.967088,-0.022071,0.047751,0.035298,0.998235,0,0.41558,-0.11927,13.101,-0.338,15.060,692.676,-1,798.054,-1,554.117,575.478,472.769,629.897,-1,-1,-1,-1,-1,-1,23.261,-1,1,0,2,0,2,0,0,1,0,2,2,2,2,2,2,1,2
291,-7240.891,1455.907,409.263,-14.962,0.965054,0.256245,-0.054862,-0.257905,0.965832,-0.025560,0.046437,0.038816,0.998167,0,0.41634,-0.11598,13.264,-0.261,15.013,691.906,-1,791.831,-1,553.323,573.581,475.126,619.536,-1,-1,-1,-1,-1,-1,23.338,-1,1,0,2,0,2,0,0,1,0,2,2,2,2,2,2,1,2
292,-7228.330,1451.155,409.182,-15.177,0.964142,0.259705,-0.054624,-0.261539,0.964742,-0.029519,0.045032,0.042747,0.998071,0,0.41691,-0.11347,13.430,-0.215,14.820,691.023,-1,784.275,-1,552.201,571.223,477.295,608.046,-1,-1,-1,-1,-1,-1,23.706,-1,1,0,2,0,2,0,0,1,0,2,2,2,2,2,2,1,2
293,-7215.479,1446.392,409.095,-15.368,0.963303,0.262768,-0.054767,-0.264756,0.963758,-0.032783,0.044168,0.046080,0.997961,0,0.41738,-0.11142,13.705,-0.191,14.838,691.134,-1,779.678,-1,552.294,570.262,479.420,598.481,-1,-1,-1,-1,-1,-1,23.669,-1,1,0,2,0,2,0,0,1,0,2,2,2,2,2,2,1,2
294,-7202.357,1441.590,409.072,-15.560,0.962424,0.265895,-0.055140,-0.267981,0.962804,-0.034577,0.043896,0.048054,0.997880,0,0.41779,-0.10963,13.973,-0.192,14.825,692.068,-1,779.535,12.204,553.491,571.203,481.603,592.981,-1,-1,-1,-1,-1,-1,23.695,11.360,1,0,2,0,1,0,0,1,0,2,2,2,2,2,2,1,1
295,-7189.007,1436.757,409.178,-15.751,0.961523,0.269064,-0.055475,-0.271204,0.961871,-0.035400,0.043834,0.049083,0.997832,0,0.41821,-0.10782,14.198,-0.192,14.793,693.152,-1,781.888,9.903,555.299,573.197,483.819,590.470,-1,-1,-1,-1,-1,-1,23.764,9.205,1,0,2,0,1,0,0,1,0,2,2,2,2,2,2,1,1
296,-7175.521,1431.895,409.547,-15.946,0.960602,0.272311,-0.055598,-0.274473,0.960930,-0.035748,0.043692,0.049600,0.997813,0,0.41862,-0.10602,14.336,-0.195,14.809,694.347,-1,785.961,11.204,557.551,575.640,486.067,590.172,-1,-1,-1,-1,-1,-1,23.728,10.422,1,0,2,0,1,0,0,1,0,2,2,2,2,2,2,1,1
297,-7161.885,1427.020,410.198,-16.139,0.959689,0.275576,-0.055270,-0.277699,0.960023,-0.035211,0.043357,0.049140,0.997850,0,0.41904,-0.10420,14.482,-0.192,14.811,694.902,-1,791.222,-1,559.933,578.652,488.343,593.334,-1,-1,-1,-1,-1,-1,23.725,-1,1,0,2,0,2,0,0,1,0,2,2,2,2,2,2,1,2
298,-7147.814,1421.920,410.979,-16.338,0.958711,0.278973,-0.055200,-0.281041,0.959094,-0.033985,0.043461,0.048095,0.997897,0,0.89888,-0.08328,14.966,-0.200,14.764,696.352,-1,799.665,-1,563.850,583.612,490.804,598.579,-1,-1,-1,-1,-1,-1,23.833,-1,1,0,2,0,2,0,0,1,0,2,2,2,2,2,2,1,2
299,-7132.935,1416.398,411.758,-16.561,0.957562,0.282693,-0.056214,-0.284749,0.958048,-0.032580,0.044646,0.047204,0.997887,0,0.89980,-0.08141,15.871,-0.223,14.777,701.050,-1,812.753,-1,570.558,591.385,493.565,603.626,-1,-1,-1,-1,-1,-1,23.801,-1,1,0,2,0,2,0,0,1,0,2,2,2,2,2,2,1,2
300,-7117.343,1410.595,412.523,-16.783,0.956403,0.286354,-0.057405,-0.288446,0.956959,-0.032076,0.045749,0.047236,0.997836,0,0.90083,-0.07931,16.636,-0.222,14.510,707.073,-1,825.072,-1,577.330,598.832,496.420,606.072,-1,-1,-1,-1,-1,-1,24.525,-1,1,0,2,0,2,0,0,1,0,2,2,2,2,2,2,1,2
301,-7101.083,1404.670,413.234,-16.957,0.955519,0.289196,-0.057868,-0.291343,0.956057,-0.032770,0.045848,0.048172,0.997786,0,0.90185,-0.07722,17.306,-0.174,14.537,710.608,-1,831.413,-1,581.111,603.307,499.124,605.769,-1,-1,-1,-1,-1,-1,24.440,-1,1,0,2,0,2,0,0,1,0,2,2,2,2,2,2,1,2
302,-7084.176,1398.400,413.810,-17.141,0.954610,0.292243,-0.057557,-0.294421,0.955080,-0.033735,0.045113,0.049150,0.997772,0,0.90264,-0.07563,18.032,-0.184,14.640,711.306,-1,833.796,-1,583.002,605.420,502.062,604.797,-1,-1,-1,-1,-1,-1,24.140,-1,1,0,2,0,2,0,0,1,0,2,2,2,2,2,2,1,2
303,-7066.657,1391.778,414.297,-17.349,0.953603,0.295768,-0.056232,-0.297911,0.953974,-0.034389,0.043472,0.049545,0.997825,0,0.90347,-0.07394,18.729,-0.208,14.707,709.009,-1,832.600,-1,582.638,605.248,505.314,605.057,-1,-1,-1,-1,-1,-1,23.968,-1,1,0,2,0,2,0,0,1,0,2,2,2,2,2,2,1,2
304,-7048.501,1384.790,414.677,-17.578,0.952500,0.299664,-0.054273,-0.301742,0.952742,-0.035141,0.041178,0.049848,0.997908,0,0.90442,-0.07201,19.455,-0.229,14.659,704.516,-1,828.837,-1,580.722,603.394,508.857,605.156,-1,-1,-1,-1,-1,-1,24.091,-1,1,0,2,0,2,0,0,1,0,2,2,2,2,2,2,1,2
305,-7029.702,1377.614,414.889,-17.765,0.951627,0.302837,-0.051917,-0.304890,0.951649,-0.037500,0.038050,0.051515,0.997947,0,0.90547,-0.06987,20.122,-0.187,14.092,697.844,-1,818.926,-1,576.630,598.655,512.301,600.737,-1,-1,-1,-1,-1,-1,26.414,-1,1,0,2,0,2,0,0,1,0,2,2,2,2,2,2,1,2
306,-7010.259,1370.651,414.931,-17.820,0.951485,0.303747,-0.049133,-0.305850,0.951105,-0.043066,0.033649,0.056004,0.997863,0,0.90631,-0.06816,20.652,-0.055,13.908,688.980,-1,799.238,-1,569.146,589.352,514.958,588.004,-1,-1,-1,-1,-1,-1,27.803,-1,1,0,2,0,2,0,0,1,0,2,2,2,2,2,2,1,2
307,-6990.591,1363.933,415.391,-17.838,0.951474,0.304096,-0.047144,-0.306180,0.950860,-0.046039,0.030827,0.058239,0.997827,0,0.90649,-0.06779,20.784,-0.018,13.722,683.725,-1,790.234,14.319,566.146,585.548,517.361,582.957,-1,-1,-1,-1,-1,-1,29.928,25.238,1,0,2,0,1,0,0,1,0,2,2,2,2,2,2,1,1
308,-6970.973,1357.919,417.205,-17.841,0.951340,0.304185,-0.049223,-0.306191,0.951125,-0.040096,0.034621,0.053217,0.997983,0,0.90648,-0.06780,20.519,-0.003,13.533,695.236,-1,820.456,14.596,579.357,602.497,519.410,602.828,-1,-1,-1,-1,-1,-1,21.780,24.264,1,0,2,0,1,0,0,1,0,2,2,2,2,2,2,1,1
309,-6950.967,1352.403,420.276,-17.807,0.951138,0.303719,-0.055596,-0.305497,0.951818,-0.026714,0.044804,0.042393,0.998096,0,0.90639,-0.06799,20.752,0.034,923.508,724.318,-1,891.601,15.223,609.974,639.289,521.186,646.061,-1,-1,-1,-1,-1,-1,-1,23.027,1,0,2,0,1,0,0,1,0,2,2,2,2,2,2,2,1
310,-6930.561,1347.636,424.212,-17.611,0.951571,0.300670,-0.064117,-0.302065,0.953198,-0.013069,0.057187,0.031804,0.997857,0,0.90611,-0.06857,20.956,0.195,917.670,762.882,-1,982.471,17.870,649.886,686.191,521.850,695.945,-1,-1,-1,-1,-1,-1,-1,22.290,1,0,2,0,1,0,0,1,0,2,2,2,2,2,2,2,1
311,-6910.171,1344.991,428.399,-16.868,0.954840,0.288140,-0.072496,-0.289527,0.957126,-0.009190,0.066740,0.029765,0.997326,0,0.90502,-0.07079,20.561,0.743,902.741,801.066,-1,-1,16.046,682.512,722.039,518.626,718.807,-1,-1,-1,-1,-1,-1,-1,22.358,1,0,2,2,1,0,0,1,0,2,2,2,2,2,2,2,1
312,-6889.457,1342.439,432.113,-16.041,0.958452,0.273868,-0.079789,-0.275572,0.961218,-0.010966,0.073692,0.032498,0.996751,0,0.90120,-0.07855,20.871,0.828,886.873,833.667,-1,-1,-1,708.417,748.326,514.846,723.436,-1,-1,-1,-1,-1,-1,-1,-1,1,0,2,2,2,0,0,1,0,2,2,2,2,2,2,2,2
313,-6868.462,1339.915,435.046,-15.195,0.962072,0.258959,-0.085775,-0.261292,0.965110,-0.017003,0.078379,0.038771,0.996169,0,0.89696,-0.08718,21.146,0.846,870.590,861.254,-1,-1,-1,725.791,764.246,510.888,711.924,-1,-1,-1,-1,-1,-1,-1,-1,1,0,2,2,2,0,0,1,0,2,2,2,2,2,2,2,2
314,-6847.226,1337.398,437.130,-14.344,0.965617,0.243781,-0.090300,-0.246931,0.968701,-0.025362,0.081291,0.046788,0.995592,0,0.89263,-0.09599,21.385,0.850,853.257,881.791,-1,-1,-1,735.980,771.930,506.998,691.652,-1,-1,-1,-1,-1,-1,-1,-1,1,0,2,2,2,0,0,1,0,2,2,2,2,2,2,2,2
315,-6825.764,1334.946,438.394,-13.517,0.969003,0.228907,-0.092918,-0.232941,0.971860,-0.035027,0.082285,0.055586,0.995057,0,0.88828,-0.10485,21.601,0.828,834.407,893.460,-1,-1,-1,738.627,771.000,503.242,667.149,-1,-1,-1,-1,-1,-1,-1,-1,1,0,2,2,2,0,0,1,0,2,2,2,2,2,2,2,2
316,-6804.110,1332.608,438.911,-12.745,0.972162,0.215102,-0.092911,-0.219883,0.974506,-0.044595,0.080950,0.063783,0.994675,0,0.88403,-0.11349,21.780,0.772,813.083,894.031,-1,-1,-1,732.222,761.059,499.670,643.565,-1,-1,-1,-1,-1,-1,-1,-1,1,0,2,2,2,0,0,1,0,2,2,2,2,2,2,2,2
317,-6782.280,1330.333,438.693,-12.042,0.975073,0.202805,-0.090018,-0.207997,0.976718,-0.052525,0.077270,0.069939,0.994554,0,0.88005,-0.12159,21.948,0.703,788.480,881.384,-1,-1,-1,717.033,742.891,496.348,624.128,-1,-1,-1,-1,-1,-1,-1,-1,1,0,2,2,2,0,0,1,0,2,2,2,2,2,2,2,2
318,-6760.269,1328.145,437.751,-11.417,0.977727,0.192243,-0.084214,-0.197442,0.978572,-0.058427,0.071177,0.073754,0.994733,0,0.87640,-0.12901,22.120,0.625,760.572,855.167,-1,994.446,-1,693.891,717.412,493.189,608.967,-1,-1,-1,-1,-1,-1,-1,-1,1,0,2,0,2,0,0,1,0,2,2,2,2,2,2,2,2
319,-6738.096,1326.009,436.107,-10.866,0.980152,0.183369,-0.075355,-0.188141,0.980183,-0.061995,0.062494,0.074942,0.995228,0,0.87314,-0.13564,22.275,0.551,729.241,815.897,-1,942.248,-1,663.237,685.137,490.171,599.558,-1,-1,-1,-1,-1,-1,-1,-1,1,0,2,0,2,0,0,1,0,2,2,2,2,2,2,2,2
320,-6715.792,1323.896,433.808,-10.408,0.982272,0.176515,-0.063114,-0.180427,0.981580,-0.062828,0.050862,0.073101,0.996027,0,0.87024,-0.14155,22.404,0.458,700.548,764.414,-1,881.512,-1,625.393,646.616,487.304,596.339,-1,-1,-1,-1,-1,-1,-1,-1,1,0,2,0,2,0,0,1,0,2,2,2,2,2,2,2,2
321,-6693.278,1321.291,430.817,-10.152,0.983670,0.173403,-0.048217,-0.176136,0.982548,-0.059789,0.037008,0.067306,0.997046,0,0.86780,-0.14652,22.665,0.256,669.355,705.630,-1,821.595,-1,583.362,605.688,485.128,600.975,-1,-1,-1,-1,-1,-1,-1,-1,1,0,2,0,2,0,0,1,0,2,2,2,2,2,2,2,2
322,-6670.282,1318.524,427.174,-9.967,0.984679,0.171464,-0.031749,-0.173032,0.983326,-0.055941,0.021628,0.060577,0.997929,0,0.84667,-0.63406,23.162,0.185,636.169,645.016,-1,759.962,-1,539.600,563.255,483.111,606.002,-1,-1,-1,-1,-1,-1,-1,-1,1,0,2,0,2,0,0,1,0,2,2,2,2,2,2,2,2
323,-6646.717,1315.625,423.080,-9.808,0.985368,0.169786,-0.014930,-0.170349,0.983927,-0.053567,0.005595,0.055326,0.998453,0,0.84559,-0.63631,23.743,0.158,13.795,588.376,-1,698.972,-1,496.949,521.317,481.094,605.580,-1,-1,-1,-1,-1,-1,28.976,-1,1,0,2,0,2,0,0,1,0,2,2,2,2,2,2,1,2
324,-6622.412,1312.301,419.471,-9.649,0.985833,0.167703,-0.002849,-0.167601,0.984287,-0.055582,-0.006517,0.055272,0.998450,0,0.84463,-0.63830,24.531,0.160,13.699,549.767,-1,650.371,14.346,465.966,489.572,479.130,593.922,-1,-1,-1,-1,-1,-1,30.270,25.124,1,0,2,0,1,0,0,1,0,2,2,2,2,2,2,1,1
325,-6597.205,1308.531,417.177,-9.500,0.986219,0.165437,0.001907,-0.165035,0.984504,-0.059292,-0.011687,0.058161,0.998239,0,0.84367,-0.64031,25.487,0.149,13.796,532.716,-1,625.885,14.223,451.574,474.057,477.275,580.136,-1,-1,-1,-1,970.459,-1,28.956,25.684,1,0,2,0,1,0,0,1,0,2,2,2,2,0,2,1,1
326,-6571.414,1304.382,416.594,-9.425,0.986460,0.164001,-0.001023,-0.163749,0.984560,-0.061867,-0.009139,0.061197,0.998084,0,0.84276,-0.64221,26.123,0.075,13.899,536.668,-1,629.245,14.105,454.541,476.551,569.369,573.079,-1,-1,-1,-1,991.811,-1,27.886,26.337,1,0,2,0,1,0,0,0,0,2,2,2,2,0,2,1,1
327,-6545.534,1300.305,418.485,-9.427,0.986494,0.163448,-0.010711,-0.163794,0.984857,-0.056814,0.001262,0.057801,0.998327,0,0.84220,-0.64337,26.199,-0.002,13.831,560.600,-1,669.763,14.185,475.663,500.544,569.404,592.254,-1,-1,-1,-1,-1,-1,28.567,25.882,1,0,2,0,1,0,0,0,0,2,2,2,2,2,2,1,1
328,-6519.256,1296.794,422.165,-9.312,0.986719,0.160813,-0.022884,-0.161785,0.985554,-0.050088,0.014498,0.053125,0.998483,0,0.84200,-0.64377,26.511,0.116,13.484,595.367,-1,727.165,14.681,506.862,535.396,572.226,622.287,-1,-1,-1,-1,-1,-1,35.275,24.031,1,0,2,0,1,0,0,0,0,2,2,2,2,2,2,1,1
329,-6492.923,1293.705,426.167,-9.049,0.987310,0.155923,-0.030116,-0.157246,0.986383,-0.048196,0.022191,0.052320,0.998384,0,0.84123,-0.64538,26.514,0.262,8.211,621.787,-1,762.922,-1,529.459,559.617,583.760,642.156,-1,-1,-1,-1,-1,-1,19.796,-1,1,0,2,0,2,0,0,0,0,2,2,2,2,2,2,1,2
330,-6466.484,1290.700,429.682,-8.750,0.988041,0.150554,-0.033302,-0.152077,0.987141,-0.049256,0.025458,0.053731,0.998231,0,0.83975,-0.64847,26.609,0.299,567.873,638.501,-1,778.735,-1,542.616,573.034,598.558,652.797,-1,-1,-1,-1,-1,-1,-1,-1,1,0,2,0,2,0,0,0,0,2,2,2,2,2,2,2,2
331,-6439.924,1287.585,432.367,-8.485,0.988711,0.145859,-0.034299,-0.147496,0.987728,-0.051357,0.026387,0.055836,0.998091,0,0.83809,-0.65193,26.742,0.265,558.018,647.761,-1,783.768,-1,549.608,579.592,612.374,657.822,-1,-1,-1,-1,-1,-1,-1,-1,1,0,2,0,2,0,0,0,0,2,2,2,2,2,2,2,2
332,-6413.144,1284.432,434.014,-8.244,0.989319,0.141599,-0.034603,-0.143333,0.988191,-0.054172,0.026524,0.058554,0.997932,0,0.83658,-0.65505,26.965,0.241,549.378,652.770,-1,780.047,-1,552.582,581.534,623.156,657.692,716.388,-1,-1,-1,-1,-1,-1,-1,1,0,2,0,2,0,0,0,0,1,2,2,2,2,2,2,2
333,-6386.282,1280.706,434.548,-8.177,0.989496,0.140427,-0.034335,-0.142175,0.988297,-0.055283,0.026169,0.059584,0.997880,0,0.83520,-0.65794,27.118,0.067,546.405,653.044,-1,774.313,-1,552.178,580.526,626.095,658.681,714.604,-1,-1,-1,-1,990.332,-1,-1,1,0,2,0,2,0,0,0,0,1,2,2,2,2,1,2,2
334,-6359.170,1276.946,433.969,-8.122,0.989644,0.139454,-0.034026,-0.141232,0.988329,-0.057086,0.025668,0.061300,0.997789,0,0.83465,-0.65908,27.371,0.055,529.854,650.579,-1,764.399,-1,548.840,576.458,627.311,653.740,712.630,-1,-1,-1,-1,947.106,-1,-1,1,0,2,0,2,0,0,0,0,1,2,2,2,2,1,2,2
335,-6331.997,1272.866,432.459,-8.164,0.989578,0.140258,-0.032604,-0.141960,0.988195,-0.057609,0.024139,0.061637,0.997807,0,0.83416,-0.66009,27.478,-0.042,16.942,642.040,-1,751.175,18.084,541.528,568.964,621.240,649.541,708.573,-1,-1,-1,-1,905.878,12.705,31.841,1,0,2,0,1,0,0,0,0,1,2,2,2,2,1,1,1
336,-6305.800,1267.334,430.814,-8.703,0.988268,0.150017,-0.028646,-0.151272,0.987311,-0.048312,0.021035,0.052079,0.998421,0,0.83414,-0.66014,26.774,-0.539,481.629,623.812,-1,746.363,36.995,531.922,563.090,587.283,673.015,693.813,-1,-1,-1,-1,895.589,-1,39.146,1,0,2,0,1,0,0,0,0,1,2,2,2,2,1,2,1
337,-6282.417,1258.773,429.744,-10.033,0.984618,0.173705,-0.018795,-0.174198,0.984286,-0.028924,0.013476,0.031753,0.999405,0,0.83654,-0.65514,24.901,-1.330,18.508,592.438,-1,748.427,32.682,518.465,557.040,530.021,734.492,666.495,-1,-1,-1,-1,933.322,22.469,34.030,1,0,2,0,1,0,0,0,0,1,2,2,2,2,1,1,1
338,-6260.372,1248.471,429.375,-11.590,0.979590,0.200790,-0.009343,-0.200909,0.979504,-0.014379,0.006264,0.015962,0.999853,0,0.84282,-0.64208,24.334,-1.557,18.709,569.665,-1,751.681,-1,510.246,554.007,490.190,790.796,641.003,-1,-1,-1,-1,992.628,22.538,-1,1,0,2,0,2,0,0,0,0,1,2,2,2,2,1,1,2
339,-6239.674,1236.588,429.738,-13.356,0.972954,0.230982,-0.002878,-0.230999,0.972920,-0.008137,0.000920,0.008581,0.999963,0,0.85022,-0.62666,23.866,-1.766,17.924,563.552,-1,755.397,-1,509.823,555.395,471.217,822.999,618.059,-1,-1,-1,-1,937.747,22.303,904.026,1,0,2,0,2,0,0,0,0,1,2,2,2,2,1,1,1
340,-6218.951,1223.864,430.537,-15.038,0.965753,0.259458,-0.001696,-0.259460,0.965687,-0.011408,-0.001322,0.011458,0.999933,0,0.85867,-0.60908,24.317,-1.682,17.906,571.419,-1,759.036,-1,516.461,561.396,471.771,816.923,601.265,-1,-1,-1,-1,848.914,22.298,924.492,1,0,2,0,2,0,0,0,0,1,2,2,2,2,1,1,1
341,-6198.468,1210.011,431.473,-16.630,0.958171,0.286148,-0.005361,-0.286197,0.957962,-0.020004,-0.000589,0.020702,0.999786,0,0.86672,-0.59231,24.728,-1.592,18.011,590.141,-1,764.395,-1,530.303,571.379,485.399,788.100,590.055,-1,-1,-1,-1,810.445,22.324,946.033,1,0,2,0,2,0,0,0,0,1,2,2,2,2,1,1,1
342,-6178.241,1194.904,431.963,-18.262,0.949632,0.313157,-0.011469,-0.313361,0.949200,-0.028702,0.001898,0.030851,0.999522,0,0.87437,-0.57639,25.246,-1.632,18.296,613.432,-1,772.373,-1,545.822,583.471,501.130,757.037,581.616,-1,-1,-1,-1,818.744,22.402,972.318,1,0,2,0,2,0,0,0,0,1,2,2,2,2,1,1,1
343,-6158.376,1178.724,431.750,-20.003,0.939666,0.341630,-0.017794,-0.342066,0.938978,-0.036217,0.004335,0.040118,0.999186,0,0.88222,-0.56004,25.620,-1.741,18.197,634.381,-1,781.123,-1,560.428,595.087,513.046,728.898,574.445,-1,-1,-1,-1,833.703,22.373,1003.666,1,0,2,0,2,0,0,0,0,1,2,2,2,2,1,1,1
344,-6139.603,1162.630,431.126,-21.661,0.929383,0.368561,-0.020255,-0.369116,0.928044,-0.049877,0.000415,0.053831,0.998550,0,0.38061,-0.49645,24.728,-1.658,-1,642.492,-1,766.809,-1,562.563,592.456,534.755,686.955,570.361,-1,-1,-1,-1,861.532,-1,-1,2,0,2,0,2,0,0,0,0,1,2,2,2,2,1,2,2
345,-6122.239,1147.636,430.691,-22.986,0.920470,0.390498,-0.015688,-0.390460,0.917187,-0.079427,-0.016627,0.079236,0.996717,0,0.38404,-0.47977,22.942,-1.325,-1,628.104,-1,708.344,-1,541.760,562.851,583.866,617.292,-1,-1,-1,-1,-1,880.546,-1,-1,2,0,2,0,2,0,0,0,0,2,2,2,2,2,1,2,2
346,-6105.349,1132.834,429.911,-24.028,0.912601,0.408764,-0.008399,-0.406856,0.905931,-0.117288,-0.040334,0.110455,0.993062,0,0.38678,-0.46642,22.458,-1.042,-1,601.959,-1,634.156,-1,510.368,521.289,458.257,544.187,-1,-1,-1,-1,-1,890.574,-1,-1,2,0,2,0,2,0,0,1,0,2,2,2,2,2,1,2,2
347,-6084.735,1114.992,427.738,-24.938,0.904666,0.426117,-0.001810,-0.420661,0.892388,-0.163365,-0.067997,0.148552,0.986564,0,0.38894,-0.45590,27.263,-0.910,-1,569.994,-1,554.809,14.299,473.658,472.946,477.750,467.768,-1,-1,-1,-1,948.694,878.279,-1,34.193,2,0,2,0,1,0,0,1,0,2,2,2,2,0,0,2,1
348,-6070.477,1102.772,426.083,-25.444,0.900092,0.435699,-0.001019,-0.428238,0.884243,-0.186349,-0.080291,0.168168,0.982483,0,0.39083,-0.44669,18.779,-0.506,-1,556.975,-1,520.949,14.035,458.165,451.526,494.105,433.348,-1,-1,-1,-1,914.958,804.393,-1,48.724,2,0,2,0,1,0,0,1,0,2,2,2,2,0,0,2,1
349,-6051.843,1087.273,424.313,-26.106,0.894656,0.446725,-0.005137,-0.438395,0.875643,-0.202631,-0.086022,0.183537,0.979242,0,0.39188,-0.44155,24.236,-0.662,-1,554.266,-1,501.835,13.652,452.156,440.513,511.230,409.003,-1,-1,-1,-1,909.055,765.471,-1,56.234,2,0,2,0,1,0,0,1,0,2,2,2,2,0,0,2,1
350,-6032.224,1072.059,423.201,-26.862,0.889033,0.457653,-0.013208,-0.450296,0.868797,-0.205976,-0.082790,0.189067,0.978468,0,0.39326,-0.43485,24.828,-0.757,-1,564.795,735.828,503.906,13.919,458.052,444.456,513.596,401.955,-1,-1,-1,-1,932.135,772.935,-1,55.988,2,0,1,0,1,0,0,1,0,2,2,2,2,0,0,2,1
351,-6012.118,1056.809,422.359,-27.770,0.882374,0.470048,-0.021716,-0.464627,0.863041,-0.198197,-0.074420,0.184974,0.979922,0,0.39482,-0.42722,25.235,-0.907,-1,579.159,690.935,520.533,13.918,470.702,457.881,498.182,409.408,-1,-1,-1,-1,978.354,813.272,-1,49.515,2,0,1,0,1,0,0,1,0,2,2,2,2,0,0,2,1
352,-5987.632,1038.596,420.994,-28.945,0.873407,0.486054,-0.030206,-0.483038,0.856760,-0.180657,-0.061930,0.172378,0.983082,0,0.39669,-0.41810,30.517,-1.175,-1,596.008,601.131,549.894,13.746,487.062,478.553,483.151,429.135,-1,-1,-1,-1,-1,889.446,-1,37.404,2,0,1,0,1,0,0,1,0,2,2,2,2,2,0,2,1
353,-5971.189,1026.566,419.575,-29.708,0.867316,0.496581,-0.034192,-0.494865,0.852845,-0.166623,-0.053582,0.161435,0.985428,0,0.39912,-0.40631,20.373,-0.763,-1,387.184,-1,571.777,13.394,484.697,491.147,472.467,445.595,-1,-1,-1,-1,-1,948.554,-1,28.379,2,1,2,0,1,1,0,1,0,2,2,2,2,2,0,2,1
354,-5950.486,1011.868,417.095,-30.565,0.860188,0.508655,-0.036692,-0.508014,0.848351,-0.149069,-0.044698,0.146867,0.988146,0,0.40069,-0.39865,25.390,-0.858,-1,353.986,-1,595.873,-1,459.712,503.273,458.287,466.851,-1,-1,-1,-1,-1,-1,-1,-1,2,1,2,0,2,1,0,1,0,2,2,2,2,2,2,2,2
355,-5929.789,997.398,413.737,-31.371,0.853193,0.520353,-0.035964,-0.520207,0.843871,-0.131400,-0.038025,0.130818,0.990677,0,0.40245,-0.39006,25.254,-0.806,-1,331.064,-1,614.715,-1,418.183,511.426,661.218,489.382,-1,-1,-1,-1,-1,-1,-1,-1,2,1,2,0,2,1,0,0,0,2,2,2,2,2,2,2,2
356,-5909.258,982.998,409.493,-32.155,0.846131,0.532047,-0.031427,-0.531900,0.839217,-0.113126,-0.033814,0.112435,0.993084,0,0.40411,-0.38199,25.077,-0.783,-1,336.067,-1,630.004,-1,401.283,514.177,594.019,515.692,-1,-1,-1,-1,-1,-1,-1,-1,2,1,2,0,2,1,0,0,0,2,2,2,2,2,2,2,2
357,-5888.946,968.635,404.454,-32.892,0.839247,0.543252,-0.023258,-0.542764,0.834384,-0.095968,-0.032728,0.093164,0.995113,0,0.40572,-0.37415,24.878,-0.737,-1,330.602,-1,636.565,-1,383.935,510.071,530.463,543.730,-1,-1,-1,-1,-1,-1,-1,-1,2,1,2,0,2,1,0,0,0,2,2,2,2,2,2,2,2
358,-5869.091,954.289,399.441,-33.491,0.833370,0.552577,-0.012401,-0.551410,0.829650,-0.087336,-0.037971,0.079621,0.996102,0,0.40723,-0.36677,24.495,-0.599,15.550,320.858,-1,623.631,-1,365.401,494.906,486.587,561.132,-1,-1,-1,-1,932.189,-1,22.676,-1,1,1,2,0,2,1,0,0,0,2,2,2,2,0,2,1,2
359,-5849.805,939.630,395.071,-33.965,0.828454,0.560046,-0.003610,-0.558063,0.824943,-0.089634,-0.047221,0.076272,0.995968,0,0.40847,-0.36075,24.225,-0.474,15.419,310.786,384.790,595.596,-1,345.969,473.041,468.487,557.755,-1,-1,-1,-1,861.491,-1,22.799,-1,1,1,1,0,2,1,0,0,0,2,2,2,2,0,2,1,2
360,-5831.248,924.263,391.527,-34.433,0.823444,0.567397,0.000230,-0.564523,0.819314,-0.100195,-0.057039,0.082375,0.994968,0,0.40945,-0.35597,24.094,-0.468,15.410,304.694,368.715,563.317,9.386,327.342,451.389,471.420,536.141,-1,-1,-1,-1,813.611,984.661,22.810,8.928,1,1,1,0,1,1,0,0,0,2,2,2,2,0,0,1,1
361,-5813.165,908.043,389.157,-34.933,0.818171,0.574973,-0.001417,-0.571462,0.812899,-0.112366,-0.063456,0.092745,0.993666,0,0.41043,-0.35120,24.292,-0.500,15.231,304.759,356.901,539.958,13.285,367.163,437.369,488.051,510.490,-1,-1,-1,-1,798.998,930.886,23.017,36.222,1,1,1,0,1,1,0,0,0,2,2,2,2,0,0,1,1
362,-5795.024,891.414,387.983,-35.399,0.813332,0.581770,-0.005914,-0.577980,0.806786,-0.122620,-0.066565,0.103149,0.992436,0,0.40959,-0.34607,24.609,-0.466,15.109,308.372,345.545,526.701,13.310,323.687,430.675,511.050,489.969,-1,-1,-1,-1,805.816,898.937,23.187,42.991,1,1,1,0,1,1,0,0,0,2,2,2,2,0,0,1,1
363,-5776.595,874.516,387.727,-35.850,0.808841,0.587887,-0.012854,-0.584425,0.801276,-0.128078,-0.064996,0.111107,0.991681,0,0.40861,-0.34128,25.004,-0.451,15.035,315.539,333.885,527.058,13.333,277.335,432.890,532.966,478.044,-1,-1,-1,-1,834.727,894.859,23.303,44.498,1,1,1,0,1,1,0,0,0,2,2,2,2,0,0,1,1
364,-5757.814,857.459,388.115,-36.292,0.804563,0.593514,-0.020469,-0.590840,0.796511,-0.128368,-0.059884,0.115374,0.991515,0,0.63082,-0.14048,25.370,-0.442,14.906,324.927,321.391,538.827,13.379,248.473,424.574,548.310,475.132,-1,-1,-1,-1,885.058,913.293,23.530,40.657,1,1,1,0,1,1,1,0,0,2,2,2,2,0,0,1,1
365,-5738.613,840.303,388.553,-36.733,0.800255,0.599078,-0.026422,-0.597199,0.792208,-0.125537,-0.054275,0.116241,0.991737,0,0.62937,-0.13592,25.749,-0.440,14.832,333.827,307.468,553.969,13.410,227.615,410.216,556.409,478.553,-1,-1,-1,-1,930.274,939.318,23.681,34.089,1,1,1,0,1,1,1,0,0,2,2,2,2,0,0,1,1
366,-5719.072,823.136,388.665,-37.139,0.796185,0.604303,-0.030130,-0.603011,0.788425,-0.121504,-0.049670,0.114908,0.992134,0,0.62793,-0.13138,26.011,-0.407,14.465,337.632,291.556,567.345,13.606,205.681,394.676,556.755,485.121,-1,-1,-1,-1,353.589,961.412,12.654,22.278,1,1,1,0,1,1,1,0,0,2,2,2,2,1,0,1,1
367,-5703.034,808.936,388.490,-36.906,0.798452,0.601462,-0.026793,-0.599624,0.790436,-0.125152,-0.054096,0.115993,0.991776,0,0.62660,-0.12719,21.421,0.233,-1,307.007,268.510,556.516,14.057,182.514,371.301,560.513,485.715,-1,-1,-1,-1,321.210,936.174,-1,26.643,2,1,1,0,1,1,1,0,0,2,2,2,2,1,0,2,1
368,-5699.919,800.111,388.271,-35.454,0.811804,0.583911,0.004652,-0.578081,0.804773,-0.134770,-0.082438,0.106718,0.990866,0,0.62730,-0.12942,9.359,1.451,14.057,298.002,240.972,501.897,13.946,166.650,346.832,532.855,503.329,-1,-1,-1,-1,315.870,825.320,25.968,27.463,1,1,1,0,1,1,1,0,0,2,2,2,2,1,0,1,1
369,-5701.154,791.256,388.397,-33.615,0.827985,0.559515,0.037192,-0.550414,0.823610,-0.136784,-0.107165,0.092784,0.989902,0,0.63184,-0.14371,8.940,1.840,14.463,267.566,217.545,460.687,13.617,155.255,325.540,499.647,533.672,-1,-1,-1,-1,637.454,744.137,24.683,31.707,1,1,1,0,1,1,1,0,0,2,2,2,2,0,0,1,1
370,-5702.796,781.796,389.278,-31.773,0.844256,0.533171,0.054421,-0.522911,0.841727,-0.134389,-0.117460,0.085001,0.989433,0,0.63298,-0.16178,9.602,1.841,14.898,251.216,200.391,445.354,13.384,156.092,305.798,485.894,556.316,-1,-1,-1,-1,591.841,711.693,23.548,40.256,1,1,1,0,1,1,1,0,0,2,2,2,2,0,0,1,1
371,-5703.884,771.771,390.639,-30.033,0.860169,0.507013,0.055190,-0.497271,0.857795,-0.130037,-0.113272,0.084410,0.989972,0,0.62724,-0.17984,10.084,1.741,15.281,247.010,188.431,451.547,13.278,170.748,288.397,490.658,566.287,-1,-1,-1,-1,599.497,724.585,22.953,37.887,1,1,1,0,1,1,1,0,0,2,2,2,2,0,0,1,1
372,-5704.479,761.485,391.860,-28.397,0.875322,0.481498,0.044389,-0.473218,0.871887,-0.126006,-0.099373,0.089290,0.991036,0,0.62183,-0.19689,10.303,1.636,15.586,250.252,180.163,471.899,13.279,185.321,273.322,506.812,564.589,-1,-1,-1,-1,645.494,765.622,22.645,25.015,1,1,1,0,1,1,1,0,0,2,2,2,2,0,0,1,1
373,-5704.486,751.284,392.302,-26.845,0.889343,0.456448,0.026912,-0.450118,0.884321,-0.123975,-0.080387,0.098142,0.991920,0,0.61675,-0.21289,10.201,1.552,15.806,256.782,173.965,412.738,-1,200.989,259.917,530.449,552.647,-1,-1,-1,-1,721.000,822.544,22.486,-1,1,1,1,1,2,1,1,0,0,2,2,2,2,0,0,1,2
374,-5703.864,742.546,391.659,-25.693,0.899425,0.437045,0.005193,-0.432736,0.892101,-0.129984,-0.061441,0.114664,0.991502,0,0.61193,-0.22806,8.760,1.152,-1,266.003,171.459,386.501,-1,209.759,250.755,570.738,522.397,-1,-1,-1,-1,824.826,381.117,-1,-1,2,1,1,1,2,1,1,0,0,2,2,2,2,0,1,2,2
375,-5703.051,736.429,390.023,-25.238,0.903606,0.427904,-0.019833,-0.425940,0.892613,-0.147708,-0.045502,0.141918,0.988832,0,0.60836,-0.23930,6.171,0.455,-1,521.850,174.669,376.543,13.273,199.987,248.230,650.659,472.127,-1,-1,-1,-1,956.361,375.237,-1,19.014,2,0,1,1,1,1,1,0,0,2,2,2,2,0,1,2,1
376,-5703.250,732.797,388.211,-25.281,0.903726,0.425884,-0.043605,-0.426816,0.888395,-0.169065,-0.033263,0.171399,0.984640,0,0.60697,-0.24366,3.638,-0.042,-1,563.126,-1,378.463,13.287,176.515,251.097,761.391,423.081,-1,-1,-1,-1,-1,381.191,-1,40.288,2,0,2,1,1,1,1,0,0,2,2,2,2,2,1,2,1
377,-5704.022,730.619,387.518,-25.351,0.903409,0.424713,-0.058919,-0.428023,0.885093,-0.182777,-0.025479,0.190341,0.981387,0,0.64958,0.29094,2.311,-0.070,-1,593.681,-1,381.671,13.332,158.560,254.127,862.602,395.697,-1,-1,-1,-1,-1,895.272,-1,45.270,2,0,2,1,1,1,1,0,0,2,2,2,2,2,0,2,1
378,-5704.957,729.551,388.097,-25.374,0.903316,0.423982,-0.065258,-0.428420,0.883915,-0.187485,-0.021808,0.197316,0.980097,0,0.64985,0.29173,1.419,-0.023,-1,609.982,-1,384.272,13.353,150.553,256.260,916.024,388.086,-1,-1,-1,-1,-1,903.366,-1,42.888,2,0,2,1,1,1,1,0,0,2,2,2,2,2,0,2,1
379,-5705.753,729.362,389.562,-25.354,0.903476,0.423761,-0.064477,-0.428107,0.884604,-0.184932,-0.021330,0.194685,0.980634,0,0.64995,0.29202,0.818,0.020,-1,613.234,-1,385.864,13.343,151.619,257.316,906.316,394.995,-1,-1,-1,-1,-1,914.179,-1,42.962,2,0,2,1,1,1,1,0,0,2,2,2,2,2,0,2,1
380,-5706.224,729.774,391.252,-25.310,0.903771,0.423884,-0.059338,-0.427411,0.886399,-0.177811,-0.022774,0.186062,0.982274,0,0.64989,0.29184,0.626,0.043,-1,607.454,-1,386.363,13.317,158.437,257.383,857.539,410.521,-1,-1,-1,-1,-1,925.809,-1,35.115,2,0,2,1,1,1,1,0,0,2,2,2,2,2,0,2,1
381,-5706.306,730.533,392.480,-25.261,0.904089,0.424116,-0.052429,-0.426615,0.888561,-0.168698,-0.024961,0.174885,0.984272,0,0.64974,0.29140,0.764,0.049,-1,596.741,-1,385.823,13.292,167.609,256.648,801.265,429.116,-1,-1,-1,-1,-1,936.146,-1,21.867,2,0,2,1,1,1,1,0,0,2,2,2,2,2,0,2,1
382,-5706.044,731.442,392.763,-25.214,0.904393,0.424273,-0.045454,-0.425846,0.890703,-0.159069,-0.027003,0.163217,0.986221,0,0.64956,0.29089,0.946,0.047,-1,583.750,-1,384.400,-1,177.039,255.316,746.381,447.127,-1,-1,-1,-1,-1,944.408,-1,-1,2,0,2,1,2,1,1,0,0,2,2,2,2,2,0,2,2
383,-5705.579,732.512,391.903,-25.167,0.904703,0.424242,-0.039127,-0.425084,0.892698,-0.149644,-0.028556,0.152016,0.987965,0,0.64939,0.29038,1.167,0.047,-1,569.495,-1,382.232,-1,186.432,253.541,696.896,462.567,-1,-1,-1,-1,-1,950.016,-1,-1,2,0,2,1,2,1,1,0,0,2,2,2,2,2,0,2,2
384,-5704.938,733.671,389.834,-25.129,0.904962,0.424148,-0.033797,-0.424483,0.894495,-0.140330,-0.029289,0.141340,0.989528,0,0.64922,0.28986,1.325,0.038,-1,554.587,-1,379.632,-1,195.142,251.499,650.710,474.967,-1,-1,-1,-1,-1,379.770,-1,-1,2,0,2,1,2,1,1,0,0,2,2,2,2,2,1,2,2
385,-5704.182,734.872,386.605,-25.102,0.905158,0.424086,-0.028964,-0.424054,0.896169,-0.130613,-0.029435,0.130507,0.991010,0,0.64907,0.28943,1.419,0.027,-1,538.174,-1,376.828,-1,203.005,249.290,602.151,485.366,-1,-1,-1,-1,-1,375.900,-1,-1,2,0,2,1,2,1,1,0,0,2,2,2,2,2,1,2,2
386,-5703.396,736.147,382.342,-25.085,0.905282,0.424154,-0.023617,-0.423770,0.897775,-0.120083,-0.029731,0.118717,0.992483,0,0.64896,0.28911,1.498,0.018,-1,518.594,-1,373.993,-1,210.170,246.962,555.641,495.345,-1,-1,-1,-1,966.022,371.910,-1,-1,2,0,2,1,2,1,1,0,0,2,2,2,2,0,1,2,2
387,-5702.573,737.360,377.795,-25.072,0.905406,0.424081,-0.019865,-0.423586,0.899222,-0.109426,-0.028542,0.107489,0.993796,0,0.64888,0.28887,1.466,0.013,15.995,502.560,-1,371.116,8.586,216.743,244.695,514.558,504.247,-1,-1,-1,-1,925.856,368.091,22.382,8.325,1,0,2,1,1,1,1,0,0,2,2,2,2,0,1,1,1
388,-5701.986,738.093,374.233,-25.069,0.905472,0.424010,-0.018343,-0.423549,0.900052,-0.102531,-0.026964,0.100608,0.994561,0,0.64881,0.28868,0.939,0.004,16.098,261.734,-1,369.184,13.503,220.356,243.205,488.829,507.934,-1,-1,-1,-1,902.047,365.675,22.337,25.442,1,1,2,1,1,1,1,0,0,2,2,2,2,0,1,1,1
389,-5701.666,738.280,372.243,-25.063,0.905542,0.423841,-0.018766,-0.423480,0.900326,-0.100385,-0.025652,0.098850,0.994772,0,0.64879,0.28861,0.371,0.005,16.157,259.687,-1,368.133,13.556,221.325,242.497,479.284,506.024,-1,-1,-1,-1,895.461,364.593,22.313,30.078,1,1,2,1,1,1,1,0,0,2,2,2,2,0,1,1,1
390,-5701.557,737.998,371.930,-25.055,0.905622,0.423596,-0.020373,-0.423351,0.900182,-0.102208,-0.024956,0.101186,0.994554,0,0.64877,0.28854,0.303,0.009,16.177,260.325,-1,367.807,13.575,220.246,242.428,483.341,500.748,-1,-1,-1,-1,903.277,364.555,22.306,32.119,1,1,2,1,1,1,1,0,0,2,2,2,2,0,1,1,1
391,-5701.552,737.369,373.016,-25.046,0.905691,0.423349,-0.022335,-0.423207,0.899781,-0.106256,-0.024887,0.105688,0.994088,0,0.64874,0.28846,0.629,0.009,16.160,496.448,-1,367.984,13.559,217.741,242.771,496.348,495.197,-1,-1,-1,-1,919.381,365.156,22.312,32.110,1,0,2,1,1,1,1,0,0,2,2,2,2,0,1,1,1
392,-5701.557,736.558,374.972,-25.036,0.905753,0.423123,-0.024034,-0.423052,0.899309,-0.110776,-0.025258,0.110504,0.993555,0,0.64872,0.28839,0.811,0.010,16.132,503.363,-1,368.364,13.532,214.636,243.263,513.087,491.496,-1,-1,-1,-1,937.241,365.943,22.323,30.037,1,0,2,1,1,1,1,0,0,2,2,2,2,0,1,1,1
393,-5701.518,735.730,377.184,-25.027,0.905809,0.422940,-0.025136,-0.422898,0.898914,-0.114504,-0.025833,0.114348,0.993105,0,0.64869,0.28832,0.829,0.009,16.109,510.053,-1,368.723,13.512,211.651,243.705,528.961,490.335,-1,-1,-1,-1,953.375,366.598,22.332,25.861,1,0,2,1,1,1,1,0,0,2,2,2,2,0,1,1,1
394,-5701.417,735.006,379.119,-25.020,0.905847,0.422828,-0.025657,-0.422787,0.898669,-0.116811,-0.026334,0.116660,0.992823,0,0.64867,0.28826,0.731,0.007,8.923,515.516,-1,368.968,13.502,209.193,244.004,540.783,491.267,-1,-1,-1,-1,966.067,367.003,22.337,19.104,1,0,2,1,1,1,1,0,0,2,2,2,2,0,1,1,1
395,-5701.566,734.749,380.443,-24.991,0.906022,0.422506,-0.024764,-0.422311,0.898648,-0.118686,-0.027891,0.117990,0.992623,0,-0.17220,-0.01018,0.296,0.029,-1,516.597,-1,368.870,-1,209.048,244.065,548.132,492.203,-1,-1,-1,-1,965.719,366.857,-1,-1,2,0,2,1,2,1,1,0,0,2,2,2,2,0,1,2,2
396,-5702.164,735.023,381.057,-24.937,0.906335,0.421983,-0.022063,-0.421417,0.898814,-0.120586,-0.031055,0.118589,0.992458,0,-0.17217,-0.01046,0.658,0.054,-1,512.074,-1,368.731,8.078,211.231,244.065,551.103,492.359,-1,-1,-1,-1,949.246,366.425,-1,14.566,2,0,2,1,1,1,1,0,0,2,2,2,2,0,1,2,1
397,-5702.790,735.471,380.993,-24.895,0.906570,0.421604,-0.019532,-0.420712,0.899024,-0.121479,-0.033656,0.118346,0.992402,0,-0.17213,-0.01100,0.770,0.042,13.685,506.796,-1,368.771,13.830,213.696,244.109,549.858,492.306,-1,-1,-1,-1,932.177,366.156,10.874,21.052,1,0,2,1,1,1,1,0,0,2,2,2,2,0,1,1,1
398,-5703.290,735.975,380.381,-24.871,0.906717,0.421342,-0.018276,-0.420323,0.899279,-0.120939,-0.034521,0.117339,0.992492,0,-0.17209,-0.01142,0.710,0.024,16.449,503.089,169.857,368.898,13.924,216.137,244.184,545.191,492.386,-1,-1,-1,-1,921.634,366.085,22.229,24.280,1,0,1,1,1,1,1,0,0,2,2,2,2,0,1,1,1
399,-5703.751,736.574,379.410,-24.859,0.906832,0.421088,-0.018434,-0.420159,0.899626,-0.118914,-0.033490,0.115581,0.992733,0,-0.17207,-0.01166,0.756,0.011,16.394,501.562,169.965,369.146,13.834,219.005,244.354,537.803,493.086,-1,-1,-1,-1,919.154,366.260,22.242,25.778,1,0,1,1,1,1,1,0,0,2,2,2,2,0,1,1,1
400,-5704.275,737.253,378.356,-24.852,0.906943,0.420809,-0.019364,-0.420073,0.900005,-0.116319,-0.031521,0.113628,0.993023,0,-0.17205,-0.01179,0.858,0.007,16.320,501.436,-1,369.564,13.735,222.243,244.656,529.973,494.021,-1,-1,-1,-1,921.458,366.679,22.260,26.246,1,0,2,1,1,1,1,0,0,2,2,2,2,0,1,1,1
401,-5704.958,737.976,377.508,-24.835,0.907115,0.420396,-0.020247,-0.419825,0.900377,-0.114320,-0.029830,0.112201,0.993238,0,-0.17205,-0.01187,0.994,0.017,16.219,501.573,-1,370.060,13.619,225.873,245.059,524.128,494.499,-1,-1,-1,-1,924.137,367.192,22.291,26.801,1,0,2,1,1,1,1,0,0,2,2,2,2,0,1,1,1
402,-5705.840,738.720,377.019,-24.806,0.907358,0.419847,-0.020742,-0.419366,0.900720,-0.113294,-0.028883,0.111497,0.993345,0,-0.17203,-0.01205,1.154,0.030,16.094,501.636,-1,370.678,13.503,229.803,245.589,521.001,494.506,-1,-1,-1,-1,925.545,367.812,22.338,27.493,1,0,2,1,1,1,1,0,0,2,2,2,2,0,1,1,1
403,-5706.929,739.475,376.930,-24.765,0.907660,0.419189,-0.020817,-0.418723,0.901028,-0.113224,-0.028706,0.111485,0.993351,0,-0.17200,-0.01235,1.325,0.041,15.924,501.679,-1,371.480,13.388,233.960,246.276,520.615,494.210,-1,-1,-1,-1,925.665,368.594,22.418,28.172,1,0,2,1,1,1,1,0,0,2,2,2,2,0,1,1,1
404,-5708.216,740.238,377.186,-24.719,0.907985,0.418496,-0.020604,-0.417994,0.901293,-0.113803,-0.029056,0.111944,0.993290,0,-0.17197,-0.01276,1.496,0.046,15.671,501.877,-1,372.586,13.294,238.179,247.179,522.323,493.900,-1,-1,-1,-1,925.006,369.667,22.577,28.676,1,0,2,1,1,1,1,0,0,2,2,2,2,0,1,1,1
405,-5709.703,741.011,377.663,-24.678,0.908267,0.417899,-0.020256,-0.417339,0.901494,-0.114615,-0.029637,0.112555,0.993203,0,-0.17193,-0.01321,1.676,0.041,15.337,502.329,-1,374.223,13.272,242.126,248.403,525.060,493.868,-1,-1,-1,-1,924.468,371.261,22.888,28.908,1,0,2,1,1,1,1,0,0,2,2,2,2,0,1,1,1
406,-5711.383,741.811,378.205,-24.648,0.908473,0.417466,-0.019940,-0.416851,0.901625,-0.115356,-0.030179,0.113110,0.993124,0,-0.17189,-0.01361,1.861,0.030,15.032,503.053,-1,376.485,13.334,245.272,249.988,527.903,494.111,-1,-1,-1,-1,924.571,373.482,23.307,28.731,1,0,2,1,1,1,1,0,0,2,2,2,2,0,1,1,1
407,-5713.231,742.676,378.671,-24.626,0.908625,0.417144,-0.019776,-0.416496,0.901720,-0.115899,-0.030514,0.113545,0.993064,0,-0.17186,-0.01391,2.041,0.022,14.828,503.961,-1,379.232,13.411,247.586,251.855,530.272,494.386,-1,-1,-1,-1,925.437,376.198,23.688,28.203,1,0,2,1,1,1,1,0,0,2,2,2,2,0,1,1,1
408,-5715.230,743.638,378.975,-24.606,0.908762,0.416850,-0.019723,-0.416186,0.901814,-0.116274,-0.030682,0.113874,0.993021,0,-0.17184,-0.01411,2.218,0.019,14.713,504.751,-1,382.266,13.467,250.018,253.897,531.905,494.430,-1,-1,-1,-1,926.262,379.209,23.952,27.683,1,0,2,1,1,1,1,0,0,2,2,2,2,0,1,1,1
409,-5717.367,744.706,379.085,-24.585,0.908911,0.416527,-0.019663,-0.415851,0.901934,-0.116543,-0.030809,0.114104,0.992991,0,-0.17183,-0.01429,2.389,0.021,14.652,505.104,-1,385.457,13.499,252.579,256.039,532.696,494.133,-1,-1,-1,-1,926.002,382.367,24.107,27.690,1,0,2,1,1,1,1,0,0,2,2,2,2,0,1,1,1
410,-5719.625,745.876,379.023,-24.561,0.909083,0.416153,-0.019601,-0.415468,0.902092,-0.116686,-0.030877,0.114222,0.992975,0,-0.17181,-0.01449,2.543,0.024,14.595,505.087,-1,388.743,13.532,255.294,258.250,532.679,493.578,-1,-1,-1,-1,924.844,385.613,24.268,28.554,1,0,2,1,1,1,1,0,0,2,2,2,2,0,1,1,1
411,-5722.012,747.124,378.841,-24.537,0.909256,0.415782,-0.019469,-0.415086,0.902272,-0.116654,-0.030936,0.114150,0.992982,0,-0.17179,-0.01472,2.693,0.024,14.533,270.257,-1,392.231,13.570,258.101,260.583,531.845,493.049,-1,-1,-1,-1,922.648,389.043,24.451,29.532,1,1,2,1,1,1,1,0,0,2,2,2,2,0,1,1,1
412,-5724.535,748.444,378.608,-24.514,0.909424,0.415425,-0.019254,-0.414712,0.902465,-0.116492,-0.031017,0.113925,0.993005,0,-0.17177,-0.01495,2.848,0.023,14.460,270.595,-1,395.963,13.618,261.014,263.062,530.489,492.653,-1,-1,-1,-1,919.674,392.696,24.694,30.609,1,1,2,1,1,1,1,0,0,2,2,2,2,0,1,1,1
413,-5727.197,749.828,378.385,-24.491,0.909583,0.415087,-0.018990,-0.414354,0.902657,-0.116278,-0.031124,0.113633,0.993035,0,-0.17175,-0.01517,3.000,0.022,14.412,270.978,-1,399.962,13.650,264.048,265.707,529.006,492.399,-1,-1,-1,-1,916.448,396.604,24.865,31.070,1,1,2,1,1,1,1,0,0,2,2,2,2,0,1,1,1
414,-5730.002,751.269,378.225,-24.469,0.909737,0.414764,-0.018662,-0.414002,0.902842,-0.116101,-0.031306,0.113348,0.993062,0,-0.17173,-0.01538,3.154,0.022,14.383,271.449,194.297,404.230,13.671,267.216,268.522,527.730,492.281,-1,-1,-1,-1,913.103,400.771,24.974,30.715,1,1,1,1,1,1,1,0,0,2,2,2,2,0,1,1,1
415,-5732.953,752.758,378.157,-24.447,0.909890,0.414448,-0.018271,-0.413646,0.903016,-0.116016,-0.031583,0.113120,0.993079,0,-0.17171,-0.01559,3.305,0.022,14.355,272.037,197.198,408.766,13.692,270.523,271.512,526.805,492.283,-1,-1,-1,-1,909.764,405.197,25.088,30.371,1,1,1,1,1,1,1,0,0,2,2,2,2,0,1,1,1
416,-5736.045,754.288,378.184,-24.425,0.910040,0.414135,-0.017840,-0.413287,0.903178,-0.116032,-0.031940,0.112966,0.993085,0,-0.17169,-0.01579,3.450,0.022,14.329,272.762,200.264,413.563,13.712,273.966,274.673,526.225,492.387,-1,-1,-1,-1,906.615,409.880,25.195,30.074,1,1,1,1,1,1,1,0,0,2,2,2,2,0,1,1,1
417,-5739.271,755.859,378.292,-24.402,0.910190,0.413826,-0.017393,-0.412926,0.903331,-0.116128,-0.032345,0.112880,0.993082,0,-0.17167,-0.01599,3.589,0.022,14.308,273.620,203.492,418.609,13.728,277.544,277.999,526.033,492.554,-1,-1,-1,-1,903.754,414.810,25.289,29.830,1,1,1,1,1,1,1,0,0,2,2,2,2,0,1,1,1
418,-5742.624,757.472,378.451,-24.380,0.910338,0.413519,-0.016945,-0.412567,0.903477,-0.116266,-0.032769,0.112832,0.993074,0,-0.17166,-0.01620,3.721,0.022,14.289,274.588,206.869,423.886,13.742,281.249,281.477,526.080,492.770,-1,-1,-1,-1,901.151,419.968,25.368,29.636,1,1,1,1,1,1,1,0,0,2,2,2,2,0,1,1,1
419,-5746.093,759.133,378.633,-24.358,0.910487,0.413208,-0.016513,-0.412205,0.903626,-0.116394,-0.033173,0.112782,0.993066,0,-0.17164,-0.01640,3.846,0.022,14.283,275.637,210.444,429.363,13.748,285.085,285.088,526.184,493.042,-1,-1,-1,-1,898.786,425.326,25.396,29.570,1,1,1,1,1,1,1,0,0,2,2,2,2,0,1,1,1
420,-5749.669,760.850,378.813,-24.334,0.910644,0.412877,-0.016117,-0.411830,0.903788,-0.116464,-0.033519,0.112695,0.993064,0,-0.17162,-0.01660,3.967,0.023,14.290,276.737,214.150,434.997,13.742,289.071,288.809,526.196,493.379,-1,-1,-1,-1,896.687,430.839,25.362,29.650,1,1,1,1,1,1,1,0,0,2,2,2,2,0,1,1,1
421,-5752.988,762.322,378.948,-24.325,0.910742,0.412639,-0.016696,-0.411690,0.903973,-0.115515,-0.032573,0.112078,0.993165,0,0.51442,-0.14486,3.631,0.010,14.208,278.545,217.779,440.585,13.812,292.811,292.650,525.096,494.770,-1,-1,-1,-1,901.675,436.409,25.757,28.777,1,1,1,1,1,1,1,0,0,2,2,2,2,0,1,1,1
422,-5755.499,763.313,379.010,-24.339,0.910721,0.412582,-0.019087,-0.411960,0.904091,-0.113616,-0.029620,0.111336,0.993341,0,0.51441,-0.14493,2.700,-0.015,14.099,281.402,-1,445.355,13.907,295.873,295.718,523.839,496.498,-1,-1,-1,-1,919.472,441.411,26.371,27.285,1,1,2,1,1,1,1,0,0,2,2,2,2,0,1,1,1
423,-5757.292,763.937,379.014,-24.361,0.910649,0.412603,-0.021826,-0.412333,0.904132,-0.111924,-0.026447,0.110923,0.993477,0,0.51445,-0.14476,1.899,-0.021,13.999,284.221,-1,449.035,10.070,298.116,298.092,523.245,497.538,-1,-1,-1,-1,939.847,977.248,27.057,9.028,1,1,2,1,1,1,1,0,0,2,2,2,2,0,0,1,1
424,-5758.449,764.233,378.977,-24.378,0.910576,0.412656,-0.023793,-0.412628,0.904115,-0.110969,-0.024280,0.110863,0.993539,0,0.51451,-0.14453,1.194,-0.017,13.910,286.236,-1,451.545,-1,299.366,299.753,523.255,497.749,-1,-1,-1,-1,954.521,987.833,27.786,-1,1,1,2,1,2,1,1,0,0,2,2,2,2,0,0,1,2
425,-5759.004,764.225,378.916,-24.387,0.910523,0.412728,-0.024545,-0.412785,0.904057,-0.110859,-0.023565,0.111072,0.993533,0,0.51456,-0.14434,0.555,-0.009,13.837,287.146,-1,452.874,-1,299.570,300.610,523.664,497.282,-1,-1,-1,-1,959.818,990.905,26.658,-1,1,1,2,1,2,1,1,0,0,2,2,2,2,0,0,1,2
426,-5758.949,763.931,378.843,-24.387,0.910513,0.412770,-0.024228,-0.412778,0.903991,-0.111423,-0.024090,0.111453,0.993478,0,0.51459,-0.14423,0.299,0.000,13.765,287.025,-1,452.946,-1,298.862,300.634,524.316,496.369,-1,-1,-1,-1,956.773,987.536,26.814,14.939,1,1,2,1,2,1,1,0,0,2,2,2,2,0,0,1,1
427,-5758.256,763.364,378.766,-24.377,0.910557,0.412724,-0.023333,-0.412610,0.903954,-0.112338,-0.025272,0.111918,0.993396,0,0.51460,-0.14423,0.895,0.010,13.686,286.175,-1,451.675,10.147,297.471,299.802,525.100,495.268,-1,-1,-1,-1,949.328,980.730,27.896,8.927,1,1,2,1,1,1,1,0,0,2,2,2,2,0,0,1,1
428,-5756.897,762.531,378.691,-24.360,0.910655,0.412561,-0.022392,-0.412319,0.903973,-0.113257,-0.026483,0.112371,0.993313,0,0.51457,-0.14432,1.593,0.017,13.613,284.950,-1,449.040,14.470,295.595,298.125,525.893,494.244,-1,-1,-1,-1,941.726,973.689,29.000,24.660,1,1,2,1,1,1,1,0,0,2,2,2,2,0,0,1,1
429,-5754.860,761.443,378.622,-24.335,0.910809,0.412252,-0.021787,-0.411925,0.904064,-0.113954,-0.027281,0.112765,0.993247,0,0.51452,-0.14450,2.310,0.024,13.547,283.590,-1,445.016,14.573,293.390,295.609,526.644,493.433,-1,-1,-1,-1,936.851,441.504,29.699,24.330,1,1,2,1,1,1,1,0,0,2,2,2,2,0,1,1,1
430,-5752.145,760.117,378.557,-24.303,0.911035,0.411758,-0.021673,-0.411411,0.904247,-0.114361,-0.027491,0.113103,0.993203,0,0.51445,-0.14475,3.021,0.032,13.489,282.176,-1,439.565,14.674,290.962,292.242,527.368,492.845,-1,-1,-1,-1,935.803,436.082,29.921,24.051,1,1,2,1,1,1,1,0,0,2,2,2,2,0,1,1,1
431,-5748.770,758.570,378.493,-24.261,0.911347,0.411050,-0.022007,-0.410741,0.904531,-0.114522,-0.027168,0.113409,0.993177,0,0.51436,-0.14509,3.712,0.042,13.440,280.655,-1,432.670,14.768,288.354,288.018,528.100,492.421,-1,-1,-1,-1,938.190,429.276,29.770,23.821,1,1,2,1,1,1,1,0,0,2,2,2,2,0,1,1,1
432,-5744.759,756.821,378.428,-24.206,0.911756,0.410110,-0.022626,-0.409877,0.904920,-0.114548,-0.026502,0.113713,0.993160,0,0.51424,-0.14554,4.376,0.055,13.401,278.904,-1,424.335,14.853,285.564,282.934,528.872,492.071,-1,-1,-1,-1,942.784,421.069,29.435,23.636,1,1,2,1,1,1,1,0,0,2,2,2,2,0,1,1,1
433,-5740.140,754.884,378.358,-24.137,0.912268,0.408929,-0.023347,-0.408787,0.905412,-0.114552,-0.025705,0.114046,0.993143,0,0.51408,-0.14612,5.009,0.069,13.371,276.797,-1,414.590,14.926,282.571,276.997,529.712,491.691,-1,-1,-1,-1,948.196,411.465,29.116,23.494,1,1,2,1,1,1,1,0,0,2,2,2,2,0,1,1,1
434,-5734.933,752.787,378.300,-24.051,0.912902,0.407468,-0.024091,-0.407423,0.906028,-0.114540,-0.024844,0.114379,0.993127,0,0.51389,-0.14685,5.613,0.086,13.359,274.273,-1,403.421,14.957,279.451,270.201,530.589,491.342,-1,-1,-1,-1,953.959,400.438,28.924,23.436,1,1,2,1,1,1,1,0,0,2,2,2,2,0,1,1,1
435,-5729.164,750.530,378.261,-23.952,0.913626,0.405802,-0.024762,-0.405848,0.906748,-0.114434,-0.023985,0.114600,0.993122,0,0.51364,-0.14776,6.194,0.099,13.350,515.117,-1,391.015,14.984,276.124,262.628,531.274,491.278,-1,-1,-1,-1,959.473,388.160,28.881,23.388,1,0,2,1,1,1,1,0,0,2,2,2,2,0,1,1,1
436,-5722.905,748.163,378.282,-23.844,0.914390,0.404070,-0.024856,-0.404142,0.907521,-0.114343,-0.023645,0.114599,0.993130,0,0.51336,-0.14881,6.692,0.107,13.360,514.417,-1,377.628,14.956,272.444,254.386,531.555,491.736,-1,-1,-1,-1,961.108,374.829,29.544,23.438,1,0,2,1,1,1,1,0,0,2,2,2,2,0,1,1,1
437,-5716.157,745.649,378.363,-23.733,0.915177,0.402298,-0.024638,-0.402368,0.908359,-0.113945,-0.023459,0.114193,0.993182,0,0.51305,-0.14994,7.201,0.111,13.354,513.238,-1,363.381,14.972,268.425,245.549,530.818,493.106,-1,-1,-1,-1,960.929,360.989,30.468,23.409,1,0,2,1,1,1,1,0,0,2,2,2,2,0,1,1,1
438,-5708.896,743.000,378.448,-23.613,0.916027,0.400366,-0.024534,-0.400452,0.909277,-0.113376,-0.023083,0.113680,0.993249,0,0.51273,-0.15113,7.729,0.120,13.362,512.232,-1,348.112,9.870,264.240,236.052,529.848,494.727,-1,-1,-1,-1,961.099,347.012,31.956,8.437,1,0,2,1,1,1,1,0,0,2,2,2,2,0,1,1,1
439,-5701.155,740.186,378.543,-23.489,0.916905,0.398337,-0.024764,-0.398470,0.910181,-0.113103,-0.022513,0.113572,0.993275,0,0.51238,-0.15240,8.237,0.124,13.388,512.015,-1,332.022,13.032,259.783,226.013,529.868,495.665,-1,-1,-1,-1,964.222,332.318,33.654,11.176,1,0,2,1,1,1,1,0,0,2,2,2,2,0,1,1,1
440,-5696.949,738.337,378.616,-23.290,0.918161,0.395674,-0.020526,-0.395240,0.911076,-0.117153,-0.027654,0.115678,0.992902,0,0.34872,-0.39366,4.594,0.198,13.370,502.397,-1,321.317,14.928,256.828,219.131,534.372,491.741,-1,-1,-1,-1,933.272,321.450,36.058,23.490,1,0,2,1,1,1,1,0,0,2,2,2,2,0,1,1,1
441,-4495.225,-1937.182,277.984,125.735,-0.583983,-0.811728,0.007855,0.811640,-0.584036,-0.011967,0.014302,-0.000613,0.999898,1,0.34835,-0.39568,0.000,0.000,14.685,662.717,-1,607.546,-1,535.034,524.604,560.143,565.683,-1,-1,-1,-1,-1,-1,24.022,-1,1,0,2,0,2,0,0,0,0,2,2,2,2,2,2,1,2
442,-4494.880,-1937.461,280.727,125.746,-0.584122,-0.811619,0.008785,0.811524,-0.584188,-0.012369,0.015171,-0.000095,0.999885,0,0.62703,0.08957,0.443,0.010,14.709,673.405,-1,615.804,-1,542.798,532.037,569.290,572.464,-1,-1,-1,-1,-1,-1,23.961,-1,1,0,2,0,2,0,0,0,0,2,2,2,2,2,2,1,2
443,-4494.898,-1937.005,282.355,125.762,-0.584321,-0.811455,0.010496,0.811310,-0.584415,-0.015315,0.018561,-0.000434,0.999828,0,0.62701,0.08953,0.456,0.016,-1,686.987,-1,627.181,-1,552.488,541.559,573.576,578.190,-1,-1,-1,-1,-1,-1,-1,-1,2,0,2,0,2,0,0,0,0,2,2,2,2,2,2,2,2
444,-4495.334,-1935.908,282.855,125.759,-0.584212,-0.811507,0.012363,0.811253,-0.584339,-0.020382,0.023765,-0.001878,0.999716,0,0.62695,0.08936,1.181,-0.003,-1,701.521,-1,640.517,-1,562.881,552.404,572.297,583.369,-1,-1,-1,-1,-1,-1,-1,-1,2,0,2,0,2,0,0,0,0,2,2,2,2,2,2,2,2
445,-4496.115,-1934.376,282.341,125.729,-0.583700,-0.811861,0.013279,0.811434,-0.583831,-0.026767,0.029484,-0.004849,0.999554,0,0.62694,0.08933,1.720,-0.030,-1,713.419,-1,653.747,-1,571.832,562.429,564.807,589.037,-1,-1,-1,-1,-1,-1,-1,-1,2,0,2,0,2,0,0,0,0,2,2,2,2,2,2,2,2
446,-4497.162,-1932.534,280.953,125.684,-0.582964,-0.812410,0.011942,0.811766,-0.583000,-0.033865,0.034474,-0.010048,0.999355,0,0.62701,0.08951,2.119,-0.045,-1,718.735,-1,664.972,-1,577.112,569.110,550.147,596.471,-1,-1,-1,-1,-1,-1,-1,-1,2,0,2,0,2,0,0,0,0,2,2,2,2,2,2,2,2
447,-4498.541,-1930.285,279.147,125.608,-0.581824,-0.813264,0.009125,0.812435,-0.581679,-0.039975,0.037818,-0.015845,0.999159,0,0.62712,0.08980,2.638,-0.075,-1,717.440,-1,671.833,-1,578.098,571.788,532.845,604.104,-1,-1,-1,-1,-1,-1,13.686,-1,2,0,2,0,2,0,0,0,0,2,2,2,2,2,2,1,2
448,-4500.138,-1927.574,277.433,125.506,-0.580348,-0.814346,0.006045,0.813452,-0.580031,-0.043131,0.038630,-0.020114,0.999051,0,0.62732,0.09035,3.146,-0.103,16.246,710.408,-1,671.698,-1,574.508,569.538,518.602,608.544,-1,-1,-1,-1,-1,-1,22.283,-1,1,0,2,0,2,0,0,0,0,2,2,2,2,2,2,1,2
449,-4501.852,-1924.337,276.093,125.387,-0.578703,-0.815531,0.003545,0.814707,-0.578304,-0.042626,0.036813,-0.021780,0.999085,0,0.62762,0.09113,3.663,-0.119,16.392,699.358,-1,664.162,-1,567.025,562.646,510.786,607.956,-1,-1,-1,-1,-1,-1,22.242,-1,1,0,2,0,2,0,0,0,0,2,2,2,2,2,2,1,2
450,-4503.657,-1920.515,275.226,125.257,-0.576933,-0.816788,0.002304,0.816126,-0.576575,-0.038727,0.032960,-0.020462,0.999247,0,0.62797,0.09205,4.227,-0.130,16.424,686.752,-1,650.817,-1,557.234,552.516,510.290,601.746,-1,-1,-1,-1,-1,-1,22.235,-1,1,0,2,0,2,0,0,0,0,2,2,2,2,2,2,1,2
451,-4505.538,-1916.087,274.796,125.111,-0.574936,-0.818194,0.002560,0.817726,-0.574707,-0.032190,0.027809,-0.016414,0.999479,0,0.62835,0.09308,4.810,-0.146,16.419,674.436,-1,633.843,-1,546.561,540.623,516.629,590.654,-1,-1,-1,-1,-1,-1,22.236,-1,1,0,2,0,2,0,0,0,0,2,2,2,2,2,2,1,2
452,-4507.502,-1911.031,274.677,124.936,-0.572525,-0.819878,0.003868,0.819590,-0.572438,-0.024224,0.022075,-0.010699,0.999699,0,0.62880,0.09426,5.425,-0.174,16.407,663.079,-1,615.578,-1,535.949,528.238,527.179,577.024,-1,-1,-1,-1,-1,-1,22.239,-1,1,0,2,0,2,0,0,0,0,2,2,2,2,2,2,1,2
453,-4509.723,-1905.349,274.694,124.749,-0.569908,-0.821688,0.005776,0.821545,-0.569921,-0.015953,0.016401,-0.004347,0.999856,0,0.62934,0.09571,6.100,-0.187,16.031,652.986,-1,597.803,-1,526.022,516.301,539.040,562.766,-1,-1,-1,-1,-1,-1,22.365,-1,1,0,2,0,2,0,0,0,0,2,2,2,2,2,2,1,2
454,-4512.317,-1899.003,274.697,124.562,-0.567263,-0.823499,0.007940,0.823455,-0.567316,-0.008604,0.011590,0.001658,0.999931,0,0.62992,0.09725,6.856,-0.187,15.523,644.881,-1,582.437,-1,517.664,505.987,550.556,549.545,-1,-1,-1,-1,-1,-1,22.699,-1,1,0,2,0,2,0,0,0,0,2,2,2,2,2,2,1,2
455,-4515.396,-1891.963,274.635,124.384,-0.564713,-0.825224,0.010195,0.825244,-0.564767,-0.003277,0.008462,0.006563,0.999943,0,0.63048,0.09872,7.684,-0.178,15.269,639.989,-1,571.248,-1,511.946,498.583,559.942,538.565,-1,-1,-1,-1,-1,977.973,22.967,-1,1,0,2,0,2,0,0,0,0,2,2,2,2,2,0,1,2
456,-4519.029,-1884.261,274.597,124.215,-0.562280,-0.826853,0.012436,0.826912,-0.562331,-0.000792,0.007648,0.009838,0.999922,0,0.63098,0.10004,8.515,-0.169,15.173,639.661,-1,565.732,-1,509.941,495.189,567.593,531.085,-1,-1,-1,-1,-1,964.181,23.093,-1,1,0,2,0,2,0,0,0,0,2,2,2,2,2,0,1,2
457,-4523.200,-1876.002,274.618,124.064,-0.560102,-0.828298,0.014438,0.828380,-0.560166,-0.000517,0.008516,0.011671,0.999896,0,0.63140,0.10116,9.253,-0.151,14.271,642.563,-1,564.483,-1,510.644,494.909,572.520,526.479,-1,-1,-1,-1,-1,963.862,25.448,-1,1,0,2,0,2,0,0,0,0,2,2,2,2,2,0,1,2
458,-4528.055,-1867.492,274.747,123.993,-0.559073,-0.828973,0.015494,0.829068,-0.559147,-0.000534,0.009106,0.012547,0.999880,0,0.63172,0.10202,9.797,-0.071,14.071,644.340,-1,563.646,-1,510.974,494.550,575.510,523.700,-1,-1,-1,-1,-1,965.098,26.550,-1,1,0,2,0,2,0,0,0,0,2,2,2,2,2,0,1,2
459,-4533.487,-1858.732,275.000,123.982,-0.558911,-0.829092,0.015002,0.829182,-0.558979,-0.000396,0.008714,0.012218,0.999887,0,0.63170,0.10196,10.308,-0.011,14.039,643.011,-1,561.974,-1,509.700,493.070,575.904,523.233,-1,-1,-1,-1,-1,964.819,26.763,-1,1,0,2,0,2,0,0,0,0,2,2,2,2,2,0,1,2
460,-4539.398,-1849.611,275.340,123.988,-0.559004,-0.829057,0.013341,0.829129,-0.559057,-0.000253,0.007668,0.010920,0.999911,0,0.63142,0.10121,10.869,0.006,14.075,639.473,-1,559.751,-1,507.301,490.826,574.210,524.970,-1,-1,-1,-1,-1,963.237,26.527,-1,1,0,2,0,2,0,0,0,0,2,2,2,2,2,0,1,2
461,-4545.690,-1840.056,275.687,123.989,-0.559023,-0.829080,0.010927,0.829130,-0.559056,0.000095,0.006030,0.009113,0.999940,0,0.63104,0.10020,11.440,0.001,14.094,634.052,-1,556.618,-1,504.088,487.652,570.601,527.562,-1,-1,-1,-1,-1,958.957,26.401,-1,1,0,2,0,2,0,0,0,0,2,2,2,2,2,0,1,2
462,-4552.080,-1829.991,276.022,123.918,-0.557998,-0.829807,0.007629,0.829834,-0.558009,0.000855,0.003547,0.006808,0.999971,0,0.63065,0.09918,11.922,-0.071,15.012,626.102,-1,551.922,-1,499.220,483.031,565.318,531.031,-1,-1,-1,-1,-1,949.548,23.338,-1,1,0,2,0,2,0,0,0,0,2,2,2,2,2,0,1,2
463,-4558.354,-1819.318,276.326,123.731,-0.555301,-0.831641,0.003745,0.831649,-0.555299,0.001710,0.000657,0.004064,0.999992,0,0.63053,0.09886,12.380,-0.186,15.344,616.754,-1,546.349,-1,493.401,477.575,559.693,535.326,-1,-1,-1,-1,-1,937.242,22.881,-1,1,0,2,0,2,0,0,0,0,2,2,2,2,2,0,1,2
464,-4564.629,-1808.023,276.521,123.484,-0.551702,-0.834041,0.000866,0.834039,-0.551698,0.002702,-0.001776,0.002213,0.999996,0,0.63085,0.09970,12.922,-0.248,15.305,608.949,-1,540.685,-1,488.234,472.366,556.819,537.730,-1,-1,-1,-1,-1,925.075,22.925,-1,1,0,2,0,2,0,0,0,0,2,2,2,2,2,0,1,2
465,-4571.011,-1796.189,276.641,123.231,-0.548009,-0.836473,-0.000028,0.836464,-0.548003,0.004665,-0.003917,0.002533,0.999989,0,0.63140,0.10115,13.445,-0.253,15.011,603.595,-1,534.250,-1,483.242,467.089,559.022,535.714,-1,-1,-1,-1,-1,910.154,23.341,-1,1,0,2,0,2,0,0,0,0,2,2,2,2,2,0,1,2
466,-4577.587,-1783.829,276.721,123.008,-0.544746,-0.838600,0.001190,0.838583,-0.544724,0.007346,-0.005512,0.005000,0.999972,0,0.63196,0.10264,14.000,-0.223,14.966,601.281,-1,527.640,-1,479.402,462.243,566.247,529.216,-1,-1,-1,-1,-1,894.734,23.421,-1,1,0,2,0,2,0,0,0,0,2,2,2,2,2,0,1,2
467,-4584.351,-1770.885,276.767,122.790,-0.541554,-0.840659,0.003431,0.840645,-0.541507,0.009256,-0.005924,0.007897,0.999951,0,0.63239,0.10378,14.605,-0.218,14.793,601.555,-1,522.885,13.427,477.399,459.481,573.640,521.933,-1,-1,-1,-1,-1,885.655,23.764,25.766,1,0,2,0,1,0,0,0,0,2,2,2,2,2,0,1,1
468,-4591.545,-1757.564,276.849,122.628,-0.539180,-0.842166,0.006462,0.842172,-0.539100,0.010863,-0.005665,0.011300,0.999920,0,0.63278,0.10483,15.140,-0.162,14.206,603.827,-1,518.991,13.812,476.650,457.853,583.852,514.245,-1,-1,-1,-1,-1,880.379,25.768,28.783,1,0,2,0,1,0,0,0,0,2,2,2,2,2,0,1,1
469,-4599.281,-1744.021,276.985,122.551,-0.538038,-0.842874,0.008847,0.842901,-0.537923,0.012519,-0.005793,0.014192,0.999883,0,0.63294,0.10524,15.597,-0.078,12.434,605.033,-1,514.971,13.845,475.603,455.471,593.879,507.575,-1,-1,-1,-1,-1,875.078,11.052,28.425,1,0,2,0,1,0,0,0,0,2,2,2,2,2,0,1,1
470,-4607.405,-1730.232,277.171,122.499,-0.537267,-0.843358,0.009562,0.843389,-0.537133,0.013551,-0.006292,0.015345,0.999862,0,0.52492,0.19320,16.003,-0.052,-1,604.168,-1,511.393,13.970,474.307,452.882,599.345,503.014,-1,-1,-1,-1,-1,871.599,-1,27.275,2,0,2,0,1,0,0,0,0,2,2,2,2,2,0,2,1
471,-4615.933,-1716.329,277.374,122.492,-0.537167,-0.843427,0.009086,0.843446,-0.537026,0.014243,-0.007133,0.015314,0.999857,0,0.52465,0.19233,16.310,-0.007,-1,602.532,-1,507.987,14.481,472.350,450.055,600.864,499.770,-1,-1,-1,-1,-1,868.993,-1,24.622,2,0,2,0,1,0,0,0,0,2,2,2,2,2,0,2,1
472,-4625.196,-1702.586,277.603,122.632,-0.539221,-0.842116,0.009021,0.842125,-0.539061,0.015483,-0.008175,0.015945,0.999839,0,0.52421,0.19093,16.574,0.140,-1,601.325,-1,504.298,14.904,470.491,447.172,604.178,495.164,-1,-1,-1,-1,-1,865.710,-1,23.537,2,0,2,0,1,0,0,0,0,2,2,2,2,2,0,2,1
473,-4635.140,-1689.099,277.900,122.898,-0.543124,-0.839609,0.008545,0.839600,-0.542948,0.016699,-0.009381,0.016244,0.999824,0,0.52327,0.18792,16.756,0.266,-1,599.836,-1,501.652,15.570,468.694,444.992,607.319,491.395,-1,-1,-1,-1,-1,863.716,-1,22.658,2,0,2,0,1,0,0,0,0,2,2,2,2,2,0,2,1
474,-4645.820,-1676.001,278.247,123.325,-0.549362,-0.835544,0.008182,0.835515,-0.549165,0.018226,-0.010735,0.016849,0.999800,0,0.52189,0.18351,16.900,0.427,-1,598.614,-1,499.260,16.551,467.075,443.337,611.466,486.987,-1,-1,-1,-1,-1,862.164,-1,22.211,2,0,2,0,1,0,0,0,0,2,2,2,2,2,0,2,1
475,-4657.302,-1663.446,278.555,123.926,-0.558075,-0.829749,0.008263,0.829705,-0.557848,0.019901,-0.011904,0.017962,0.999768,0,0.51997,0.17736,17.014,0.600,-1,598.424,-1,497.424,16.668,466.173,442.270,616.700,481.062,-1,-1,-1,-1,-1,862.331,-1,22.194,2,0,2,0,1,0,0,0,0,2,2,2,2,2,0,2,1
476,-4669.336,-1651.178,278.817,124.598,-0.567770,-0.823150,0.007770,0.823106,-0.567557,0.019352,-0.011519,0.017383,0.999783,0,0.51745,0.16931,17.185,0.672,-1,600.322,-1,499.265,18.024,467.534,443.662,616.700,478.096,-1,-1,-1,-1,-1,875.135,-1,22.327,2,0,2,0,1,0,0,0,0,2,2,2,2,2,0,2,1
477,-4682.229,-1640.369,279.049,125.502,-0.580699,-0.814074,0.008447,0.814040,-0.580468,0.019920,-0.011313,0.018444,0.999766,0,0.51468,0.16044,16.824,0.905,-1,603.644,-1,501.577,17.881,469.349,445.020,620.592,472.589,-1,-1,-1,-1,-1,886.761,-1,22.293,2,0,2,0,1,0,0,0,0,2,2,2,2,2,0,2,1
478,-4695.467,-1630.097,279.204,126.512,-0.594962,-0.803715,0.007939,0.803694,-0.594768,0.018072,-0.009803,0.017132,0.999805,0,0.51112,0.14907,16.756,1.010,-1,608.251,-1,508.386,17.937,472.973,449.863,618.154,469.977,-1,-1,-1,-1,-1,911.438,-1,22.306,2,0,2,0,1,0,0,0,0,2,2,2,2,2,0,2,1
479,-4709.103,-1620.391,279.400,127.568,-0.609684,-0.792613,0.007079,0.792610,-0.609551,0.014722,-0.007354,0.014586,0.999867,0,0.50721,0.13658,16.737,1.056,-1,614.492,-1,518.047,17.780,479.012,456.805,612.795,469.526,-1,-1,-1,-1,-1,944.476,-1,22.270,2,0,2,0,1,0,0,0,0,2,2,2,2,2,0,2,1
480,-4723.001,-1610.961,279.590,128.650,-0.624558,-0.780955,0.006087,0.780967,-0.624486,0.010388,-0.004311,0.011242,0.999928,0,0.50314,0.12355,16.795,1.082,-1,621.244,-1,530.674,17.120,485.813,464.971,605.568,470.317,-1,-1,-1,-1,-1,984.822,-1,22.182,2,0,2,0,1,0,0,0,0,2,2,2,2,2,0,2,1
481,-4736.921,-1601.113,279.730,129.588,-0.637268,-0.770630,0.004327,0.770643,-0.637255,0.004015,-0.000337,0.005893,0.999983,0,0.49896,0.11019,17.051,0.938,-1,628.339,-1,546.048,16.792,493.347,475.062,593.755,474.379,-1,-1,-1,-1,-1,-1,-1,22.183,2,0,2,0,1,0,0,0,0,2,2,2,2,2,2,2,1
482,-4750.935,-1591.064,279.708,130.476,-0.649133,-0.760669,0.003009,0.760670,-0.649138,-0.001009,0.002721,0.001634,0.999995,0,0.49522,0.09825,17.244,0.888,-1,633.475,-1,559.568,16.261,499.228,482.960,584.347,476.870,-1,-1,-1,-1,-1,-1,-1,22.278,2,0,2,0,1,0,0,0,0,2,2,2,2,2,2,2,1
483,-4764.660,-1580.595,279.697,131.223,-0.658981,-0.752159,0.001001,0.752149,-0.658978,-0.004355,0.003935,-0.002118,0.999990,0,0.49164,0.08678,17.262,0.746,-1,634.126,-1,569.135,15.501,502.759,487.277,576.280,478.798,-1,-1,-1,-1,-1,-1,-1,22.718,2,0,2,0,1,0,0,0,0,2,2,2,2,2,2,2,1
484,-4777.880,-1569.507,279.799,131.749,-0.665863,-0.746069,-0.002796,0.746066,-0.665834,-0.007041,0.003392,-0.006774,0.999971,0,0.48850,0.07676,17.254,0.526,-1,629.633,-1,574.183,14.522,502.663,489.395,566.654,482.379,-1,-1,-1,-1,-1,-1,-1,24.485,2,0,2,0,1,0,0,0,0,2,2,2,2,2,2,2,1
485,-4792.898,-1555.050,280.220,131.984,-0.668923,-0.743266,-0.009934,0.743332,-0.668849,-0.009951,0.000752,-0.014041,0.999901,0,0.75543,-0.57431,20.846,0.235,-1,618.570,-1,576.521,14.232,497.977,487.892,552.970,490.762,-1,-1,-1,-1,-1,-1,-1,25.638,2,0,2,0,1,0,0,0,0,2,2,2,2,2,2,2,1
486,-4802.868,-1544.792,280.693,132.040,-0.669647,-0.742555,-0.013595,0.742679,-0.669564,-0.010581,-0.001245,-0.017182,0.999852,0,0.75289,-0.57953,14.305,0.056,10.525,612.782,-1,576.768,13.588,495.036,486.216,548.638,494.278,-1,-1,-1,-1,-1,-1,9.195,32.327,1,0,2,0,1,0,0,0,0,2,2,2,2,2,2,1,1
487,-4815.032,-1531.085,281.415,131.943,-0.668385,-0.743606,-0.017635,0.743809,-0.668293,-0.011529,-0.003212,-0.020823,0.999778,0,0.75169,-0.58201,18.326,-0.097,16.160,607.576,-1,577.466,13.559,492.620,485.012,542.929,498.704,-1,-1,-1,-1,-1,-1,22.312,31.691,1,0,2,0,1,0,0,0,0,2,2,2,2,2,2,1,1
488,-4825.984,-1516.232,282.300,131.498,-0.662583,-0.748613,-0.023730,0.748972,-0.662447,-0.014320,-0.005000,-0.027262,0.999616,0,0.75100,-0.58341,18.454,-0.445,16.616,601.210,-1,579.464,14.221,490.827,484.441,531.575,508.834,-1,-1,-1,-1,-1,-1,22.202,29.396,1,0,2,0,1,0,0,0,0,2,2,2,2,2,2,1,1
489,-4836.446,-1500.677,283.254,130.863,-0.654235,-0.755760,-0.028349,0.756269,-0.654041,-0.016940,-0.005739,-0.032522,0.999455,0,0.75210,-0.58114,18.746,-0.635,16.635,598.640,-1,582.456,14.260,490.806,486.212,523.275,517.678,-1,-1,-1,-1,-1,-1,22.199,28.602,1,0,2,0,1,0,0,0,0,2,2,2,2,2,2,1,1
490,-4846.636,-1484.492,284.291,130.171,-0.645061,-0.763532,-0.030267,0.764112,-0.644819,-0.018478,-0.005408,-0.035047,0.999371,0,0.75416,-0.57691,19.126,-0.692,16.877,600.994,-1,586.345,14.929,493.036,488.842,520.845,522.040,-1,-1,-1,-1,-1,-1,22.179,25.825,1,0,2,0,1,0,0,0,0,2,2,2,2,2,2,1,1
491,-4856.497,-1467.524,285.194,129.414,-0.634922,-0.771989,-0.030133,0.772569,-0.634607,-0.020296,-0.003454,-0.036166,0.999340,0,0.75650,-0.57210,19.626,-0.756,17.034,607.951,-1,592.410,15.546,498.100,493.356,521.013,523.628,-1,-1,-1,-1,-1,-1,22.178,22.596,1,0,2,0,1,0,0,0,0,2,2,2,2,2,2,1,1
492,-4866.108,-1449.887,285.911,128.614,-0.624070,-0.780853,-0.028366,0.781368,-0.623674,-0.022217,-0.000343,-0.036029,0.999351,0,0.75917,-0.56661,20.085,-0.800,16.858,618.290,-1,599.596,14.862,506.280,499.376,522.688,522.520,-1,-1,-1,-1,-1,-1,22.180,24.091,1,0,2,0,1,0,0,0,0,2,2,2,2,2,2,1,1
493,-4875.695,-1431.636,286.358,127.824,-0.613235,-0.789503,-0.025044,0.789893,-0.612786,-0.023723,0.003383,-0.034330,0.999405,0,0.76206,-0.56066,20.616,-0.790,16.597,630.820,-1,606.359,15.094,514.848,506.694,525.998,517.721,-1,-1,-1,-1,-1,-1,12.805,24.822,1,0,2,0,1,0,0,0,0,2,2,2,2,2,2,1,1
494,-4885.069,-1412.705,286.572,126.998,-0.601762,-0.798386,-0.021526,0.798636,-0.601245,-0.026160,0.007944,-0.032934,0.999426,0,0.76489,-0.55485,21.125,-0.827,-1,644.807,-1,614.421,14.782,523.657,514.437,526.714,512.877,-1,-1,-1,-1,-1,-1,-1,28.492,2,0,2,0,1,0,0,0,0,2,2,2,2,2,2,2,1
495,-4894.432,-1393.157,286.443,126.160,-0.589990,-0.807210,-0.017997,0.807296,-0.589384,-0.029992,0.013603,-0.032224,0.999388,0,0.76789,-0.54867,21.675,-0.837,-1,659.949,-1,624.887,14.217,535.071,523.024,525.458,508.381,-1,-1,-1,-1,-1,-1,-1,29.885,2,0,2,0,1,0,0,0,0,2,2,2,2,2,2,2,1
496,-4903.913,-1373.092,285.959,125.331,-0.578194,-0.815778,-0.014083,0.815663,-0.577526,-0.034025,0.019624,-0.031160,0.999322,0,0.77093,-0.54241,22.192,-0.829,-1,675.724,-1,635.685,14.650,546.416,532.073,523.714,502.241,-1,-1,-1,-1,-1,-1,-1,29.754,2,0,2,0,1,0,0,0,0,2,2,2,2,2,2,2,1
497,-4913.423,-1352.606,285.288,124.524,-0.566567,-0.823955,-0.010004,0.823632,-0.565892,-0.037373,0.025133,-0.029414,0.999251,0,0.77391,-0.53630,22.586,-0.808,-1,694.607,-1,644.047,13.454,553.461,539.736,522.763,494.224,-1,-1,-1,-1,-1,-1,-1,33.268,2,0,2,0,1,0,0,0,0,2,2,2,2,2,2,2,1
498,-4923.326,-1331.740,284.567,123.819,-0.556301,-0.830967,-0.004824,0.830387,-0.555675,-0.041019,0.031405,-0.026825,0.999147,0,0.77676,-0.53043,23.097,-0.704,-1,744.017,-1,653.907,13.346,558.857,548.599,523.876,484.436,-1,-1,-1,-1,-1,-1,-1,38.237,2,0,2,0,1,0,0,0,0,2,2,2,2,2,2,2,1
499,-4933.551,-1310.577,284.033,123.207,-0.547269,-0.836956,0.001159,0.836105,-0.546774,-0.044343,0.037747,-0.023298,0.999016,0,0.77905,-0.52572,23.505,-0.613,-1,765.274,-1,664.713,13.289,565.226,553.314,527.522,473.644,-1,-1,-1,-1,-1,-1,-1,41.883,2,0,2,0,1,0,0,0,0,2,2,2,2,2,2,2,1
