timestep,x_cm,y_cm,z_cm,yaw_deg,basis_xx,basis_xy,basis_xz,basis_yx,basis_yy,basis_yz,basis_zx,basis_zy,basis_zz,teleport_flag,throttle_cmd,steering_cmd,cmd_move_cm,cmd_turn_deg,lidar_cm_0,lidar_cm_1,lidar_cm_2,lidar_cm_3,lidar_cm_4,lidar_cm_5,lidar_cm_6,lidar_cm_7,lidar_cm_8,lidar_cm_9,lidar_cm_10,lidar_cm_11,lidar_cm_12,lidar_cm_13,lidar_cm_14,lidar_cm_15,lidar_cm_16,lidar_class_0,lidar_class_1,lidar_class_2,lidar_class_3,lidar_class_4,lidar_class_5,lidar_class_6,lidar_class_7,lidar_class_8,lidar_class_9,lidar_class_10,lidar_class_11,lidar_class_12,lidar_class_13,lidar_class_14,lidar_class_15,lidar_class_16
0,-7005.247,2643.360,8.826,122.268,-0.532567,-0.846386,-0.001824,0.843479,-0.530914,0.081694,-0.070113,0.041969,0.996656,0,0.27717,-0.60952,3.877,-0.059,-1,782.813,-1,-1,-1,734.626,896.682,431.587,506.833,-1,-1,-1,-1,-1,-1,-1,-1,2,0,2,2,2,0,0,0,0,2,2,2,2,2,2,2,2
1,-7007.190,2647.094,13.478,122.181,-0.531567,-0.847014,-0.002230,0.844733,-0.530325,0.071983,-0.062154,0.036380,0.997403,0,0.27717,-0.60952,4.210,-0.087,-1,829.779,-1,-1,-1,811.799,-1,434.872,537.207,-1,-1,-1,-1,-1,-1,-1,-1,2,0,2,2,2,0,2,0,0,2,2,2,2,2,2,2,2
2,-7009.263,2651.034,17.378,122.065,-0.530080,-0.847937,-0.004237,0.846184,-0.529293,0.061827,-0.054668,0.029187,0.998078,0,0.27717,-0.60952,4.452,-0.117,-1,874.167,-1,-1,-1,903.955,-1,434.178,570.768,-1,-1,-1,-1,-1,-1,-1,-1,2,0,2,2,2,0,2,0,0,2,2,2,2,2,2,2,2
3,-7011.492,2655.127,20.162,121.924,-0.528194,-0.849095,-0.006992,0.847803,-0.527813,0.051407,-0.047340,0.021225,0.998653,0,0.27717,-0.60952,4.660,-0.141,-1,920.538,-1,-1,-1,1004.355,-1,430.019,604.417,-1,-1,-1,-1,-1,-1,-1,-1,2,0,2,2,2,0,2,0,0,2,2,2,2,2,2,2,2
4,-7013.850,2659.401,21.791,121.764,-0.525994,-0.850439,-0.009157,0.849538,-0.525885,0.041598,-0.040192,0.014101,0.999092,0,0.27717,-0.60952,4.881,-0.160,-1,972.711,-1,-1,-1,-1,-1,424.669,633.174,-1,-1,-1,-1,-1,-1,-1,-1,2,0,2,2,2,2,2,0,0,2,2,2,2,2,2,2,2
5,-7016.231,2663.856,22.387,121.599,-0.523671,-0.851856,-0.010464,0.851234,-0.523703,0.033705,-0.034192,0.008744,0.999377,0,0.27717,-0.60952,5.052,-0.164,-1,-1,-1,-1,-1,-1,-1,419.514,653.857,-1,-1,-1,-1,-1,-1,-1,-1,2,2,2,2,2,2,2,0,0,2,2,2,2,2,2,2,2
6,-7018.565,2668.467,22.067,121.437,-0.521327,-0.853289,-0.010787,0.852820,-0.521405,0.028890,-0.030276,0.005862,0.999524,0,0.27717,-0.60952,5.168,-0.162,-1,-1,-1,-1,-1,-1,-1,415.625,663.634,-1,-1,-1,-1,-1,-1,-1,-1,2,2,2,2,2,2,2,0,0,2,2,2,2,2,2,2,2
7,-7020.784,2673.217,20.940,121.280,-0.519001,-0.854711,-0.010382,0.854273,-0.519074,0.027926,-0.029258,0.005624,0.999556,0,0.27717,-0.60952,5.242,-0.157,-1,-1,-1,-1,-1,-1,-1,413.339,661.649,-1,-1,-1,-1,-1,-1,-1,-1,2,2,2,2,2,2,2,0,0,2,2,2,2,2,2,2,2
8,-7022.857,2678.084,19.126,121.128,-0.516685,-0.856116,-0.010084,0.855580,-0.516729,0.031212,-0.031932,0.007499,0.999462,0,0.27717,-0.60952,5.291,-0.152,-1,-1,-1,-1,-1,-1,-1,412.115,649.908,-1,-1,-1,-1,-1,-1,-1,-1,2,2,2,2,2,2,2,0,0,2,2,2,2,2,2,2,2
9,-7024.804,2683.042,16.684,120.981,-0.514371,-0.857504,-0.010467,0.856697,-0.514361,0.038768,-0.038628,0.010974,0.999193,0,0.27717,-0.60952,5.326,-0.147,-1,-1,-1,-1,-1,-1,-1,411.365,630.597,-1,-1,-1,-1,-1,-1,-1,-1,2,2,2,2,2,2,2,0,0,2,2,2,2,2,2,2,2
10,-7026.646,2688.063,13.671,120.839,-0.512011,-0.858898,-0.011770,0.857564,-0.511906,0.050358,-0.049277,0.015690,0.998662,0,0.27717,-0.60952,5.349,-0.142,-1,970.030,-1,-1,-1,-1,-1,410.742,605.587,-1,-1,-1,-1,-1,-1,-1,-1,2,0,2,2,2,2,2,0,0,2,2,2,2,2,2,2,2
11,-7028.456,2693.310,10.337,120.687,-0.509375,-0.860454,-0.012461,0.858325,-0.509048,0.064406,-0.061762,0.022111,0.997846,0,0.27717,-0.60952,5.550,-0.152,-1,906.636,-1,-1,-1,981.156,-1,411.633,575.441,-1,-1,-1,-1,-1,-1,-1,-1,2,0,2,2,2,0,2,0,0,2,2,2,2,2,2,2,2
12,-7030.296,2698.979,6.890,120.520,-0.506449,-0.862191,-0.011678,0.859092,-0.505697,0.078938,-0.073965,0.029945,0.996811,0,0.27717,-0.60952,5.960,-0.167,-1,853.802,-1,-1,-1,882.089,-1,414.381,543.226,-1,-1,-1,-1,-1,-1,-1,-1,2,0,2,2,2,0,2,0,0,2,2,2,2,2,2,2,2
13,-7032.255,2705.240,3.598,120.336,-0.503298,-0.864057,-0.009846,0.860033,-0.501995,0.091346,-0.083871,0.037506,0.995771,0,0.27717,-0.60952,6.561,-0.184,-1,817.540,-1,-1,-1,806.600,-1,417.496,514.616,-1,-1,-1,-1,-1,-1,-1,-1,2,0,2,2,2,0,2,0,0,2,2,2,2,2,2,2,2
14,-7034.608,2712.282,1.192,120.140,-0.500191,-0.865879,-0.007955,0.861472,-0.498532,0.096599,-0.087608,0.041465,0.995292,0,0.27717,-0.60952,7.425,-0.196,-1,812.193,-1,-1,-1,791.181,983.386,418.218,499.291,-1,-1,-1,-1,-1,-1,-1,-1,2,0,2,2,2,0,0,0,0,2,2,2,2,2,2,2,2
15,-7037.425,2719.987,-0.120,119.905,-0.496711,-0.867893,-0.006235,0.863631,-0.494960,0.095684,-0.086130,0.042142,0.995392,0,0.27717,-0.60952,8.204,-0.235,-1,834.157,-1,-1,-1,824.687,-1,417.281,495.869,-1,-1,-1,-1,-1,-1,-1,-1,2,0,2,2,2,0,2,0,0,2,2,2,2,2,2,2,2
16,-7040.528,2728.187,-0.507,119.629,-0.492702,-0.870182,-0.005326,0.866297,-0.491063,0.091585,-0.082311,0.040510,0.995783,0,0.27717,-0.60952,8.768,-0.276,-1,872.048,-1,-1,-1,889.050,-1,415.399,500.918,-1,-1,-1,-1,-1,-1,-1,-1,2,0,2,2,2,0,2,0,0,2,2,2,2,2,2,2,2
17,-7043.770,2736.678,-0.336,119.328,-0.488274,-0.872669,-0.006102,0.869092,-0.486883,0.087314,-0.079167,0.037330,0.996162,0,0.27717,-0.60952,9.088,-0.301,-1,912.487,-1,-1,-1,950.826,-1,412.594,511.252,-1,-1,-1,-1,-1,-1,-1,-1,2,0,2,2,2,0,2,0,0,2,2,2,2,2,2,2,2
18,-7047.714,2747.032,0.074,118.960,-0.482701,-0.875742,-0.008668,0.872249,-0.481616,0.085014,-0.078625,0.033476,0.996342,0,0.27717,-0.60952,11.080,-0.368,-1,953.681,-1,-1,-1,1005.503,-1,409.433,524.187,-1,-1,-1,-1,-1,-1,-1,-1,2,0,2,2,2,0,2,0,0,2,2,2,2,2,2,2,2
19,-7050.308,2754.032,0.244,118.707,-0.478790,-0.877865,-0.010578,0.874270,-0.477859,0.085458,-0.080075,0.031669,0.996286,0,0.27717,-0.60952,7.465,-0.253,-1,971.000,-1,-1,-1,-1,-1,408.029,530.521,-1,-1,-1,-1,-1,-1,-1,-1,2,0,2,2,2,2,2,0,0,2,2,2,2,2,2,2,2
20,-7053.524,2762.892,0.115,118.396,-0.473900,-0.880489,-0.012583,0.876599,-0.473067,0.088219,-0.083628,0.030777,0.996022,0,0.27717,-0.60952,9.425,-0.311,-1,980.919,-1,-1,-1,-1,-1,407.298,533.843,-1,-1,-1,-1,-1,-1,-1,-1,2,0,2,2,2,2,2,0,0,2,2,2,2,2,2,2,2
21,-7056.729,2771.952,-0.523,118.089,-0.469008,-0.883077,-0.014359,0.878788,-0.468229,0.092159,-0.088106,0.030605,0.995641,0,0.27717,-0.60952,9.611,-0.307,-1,982.757,-1,-1,-1,-1,-1,406.391,533.611,-1,-1,-1,-1,-1,-1,-1,-1,2,0,2,2,2,2,2,0,0,2,2,2,2,2,2,2,2
22,-7060.002,2781.284,-1.724,117.784,-0.464151,-0.885613,-0.015940,0.880933,-0.463425,0.095885,-0.092303,0.030463,0.995265,0,0.27717,-0.60952,9.889,-0.305,-1,984.213,-1,-1,-1,-1,-1,404.491,531.612,-1,-1,-1,-1,-1,-1,-1,-1,2,0,2,2,2,2,2,0,0,2,2,2,2,2,2,2,2
23,-7063.392,2790.911,-3.385,117.482,-0.459354,-0.888082,-0.017456,0.883084,-0.458710,0.098734,-0.095692,0.029939,0.994961,0,0.27717,-0.60952,10.206,-0.302,-1,989.508,-1,-1,-1,-1,-1,401.149,529.269,-1,-1,-1,-1,-1,-1,-1,-1,2,0,2,2,2,2,2,0,0,2,2,2,2,2,2,2,2
24,-7066.867,2800.844,-5.329,117.168,-0.454396,-0.890593,-0.019209,0.885363,-0.453896,0.100553,-0.098271,0.028684,0.994746,0,0.27717,-0.60952,10.523,-0.314,-1,998.971,-1,-1,-1,-1,-1,396.296,527.947,-1,-1,-1,-1,-1,-1,-1,-1,2,0,2,2,2,2,2,0,0,2,2,2,2,2,2,2,2
25,-7070.416,2811.066,-7.363,116.841,-0.449233,-0.893162,-0.021252,0.887759,-0.448935,0.101693,-0.100369,0.026818,0.994589,0,0.27717,-0.60952,10.821,-0.327,-1,-1,-1,-1,-1,-1,-1,390.530,527.929,-1,-1,-1,-1,-1,-1,-1,-1,2,2,2,2,2,2,2,0,0,2,2,2,2,2,2,2,2
26,-7074.005,2821.539,-9.259,116.503,-0.443897,-0.895773,-0.023363,0.890203,-0.443817,0.102790,-0.102445,0.024831,0.994429,0,0.27717,-0.60952,11.071,-0.338,-1,-1,-1,-1,-1,-1,-1,385.013,529.048,-1,-1,-1,-1,-1,-1,-1,-1,2,2,2,2,2,2,2,0,0,2,2,2,2,2,2,2,2
27,-7077.637,2832.224,-10.850,116.170,-0.438619,-0.898322,-0.025126,0.892562,-0.438721,0.104196,-0.104625,0.023276,0.994239,0,0.27717,-0.60952,11.286,-0.333,-1,-1,-1,-1,-1,-1,-1,381.422,530.261,-1,-1,-1,-1,-1,-1,-1,-1,2,2,2,2,2,2,2,0,0,2,2,2,2,2,2,2,2
28,-7081.300,2843.129,-12.117,115.838,-0.433329,-0.900831,-0.026998,0.894851,-0.433625,0.105884,-0.107090,0.021724,0.994012,0,0.29663,-1.00000,11.504,-0.332,-1,-1,-1,-1,-1,-1,-1,378.708,532.628,-1,-1,-1,-1,-1,-1,-1,-1,2,2,2,2,2,2,2,0,0,2,2,2,2,2,2,2,2
29,-7084.938,2854.269,-13.237,115.497,-0.427851,-0.903386,-0.028926,0.897129,-0.428348,0.108065,-0.110015,0.020285,0.993723,0,0.29663,-1.00000,11.719,-0.341,-1,-1,-1,-1,-1,-1,-1,376.771,535.211,-1,-1,-1,-1,-1,-1,-1,-1,2,2,2,2,2,2,2,0,0,2,2,2,2,2,2,2,2
30,-7088.613,2865.651,-14.366,115.158,-0.422376,-0.905900,-0.030715,0.899323,-0.423061,0.110622,-0.113206,0.019102,0.993388,0,0.29663,-1.00000,11.961,-0.339,-1,-1,-1,-1,-1,-1,-1,375.211,537.193,-1,-1,-1,-1,-1,-1,-1,-1,2,2,2,2,2,2,2,0,0,2,2,2,2,2,2,2,2
31,-7092.344,2877.278,-15.641,114.824,-0.416973,-0.908340,-0.032435,0.901416,-0.417844,0.113383,-0.116543,0.018040,0.993022,0,0.29663,-1.00000,12.211,-0.333,-1,-1,-1,-1,-1,-1,-1,373.527,538.480,-1,-1,-1,-1,-1,-1,-1,-1,2,2,2,2,2,2,2,0,0,2,2,2,2,2,2,2,2
32,-7096.022,2889.117,-17.139,114.476,-0.411295,-0.910852,-0.034422,0.903527,-0.412390,0.116501,-0.120311,0.016815,0.992594,0,0.29663,-1.00000,12.398,-0.349,-1,-1,-1,-1,-1,-1,-1,371.217,539.397,-1,-1,-1,-1,-1,-1,-1,-1,2,2,2,2,2,2,2,0,0,2,2,2,2,2,2,2,2
33,-7099.641,2901.176,-18.799,114.110,-0.405310,-0.913431,-0.036989,0.905677,-0.406717,0.119710,-0.124391,0.015019,0.992120,0,0.29663,-1.00000,12.590,-0.366,-1,-1,-1,-1,-1,-1,-1,367.913,541.220,-1,-1,-1,-1,-1,-1,-1,-1,2,2,2,2,2,2,2,0,0,2,2,2,2,2,2,2,2
34,-7103.207,2913.396,-20.488,113.735,-0.399141,-0.916019,-0.039951,0.907776,-0.400926,0.123295,-0.128958,0.012946,0.991566,0,0.29663,-1.00000,12.729,-0.375,-1,-1,-1,-1,-1,-1,-1,365.390,543.650,-1,-1,-1,-1,-1,-1,-1,-1,2,2,2,2,2,2,2,0,0,2,2,2,2,2,2,2,2
35,-7106.756,2925.858,-22.126,113.343,-0.392706,-0.918633,-0.043543,0.909961,-0.394987,0.126318,-0.133239,0.009983,0.991034,0,0.29663,-1.00000,12.958,-0.391,-1,-1,-1,-1,-1,-1,-1,363.639,548.671,-1,-1,-1,-1,-1,-1,-1,-1,2,2,2,2,2,2,2,0,0,2,2,2,2,2,2,2,2
36,-7110.296,2938.526,-23.625,112.942,-0.386097,-0.921223,-0.047711,0.912160,-0.388983,0.129059,-0.137451,0.006309,0.990488,0,0.29663,-1.00000,13.154,-0.401,-1,-1,-1,-1,-1,-1,-1,361.550,556.128,-1,-1,-1,-1,-1,-1,-1,-1,2,2,2,2,2,2,2,0,0,2,2,2,2,2,2,2,2
37,-7113.869,2951.445,-24.998,112.541,-0.379504,-0.923699,-0.052510,0.914332,-0.383116,0.131223,-0.141328,0.001788,0.989961,0,0.29663,-1.00000,13.404,-0.400,-1,-1,-1,-1,-1,-1,-1,358.860,566.766,-1,-1,-1,-1,-1,-1,-1,-1,2,2,2,2,2,2,2,0,0,2,2,2,2,2,2,2,2
38,-7117.435,2964.563,-26.315,112.133,-0.372755,-0.926108,-0.058119,0.916491,-0.377241,0.133168,-0.145253,-0.003627,0.989388,0,0.29663,-1.00000,13.595,-0.409,-1,-1,-1,-1,-1,-1,-1,355.384,580.577,-1,-1,-1,-1,-1,-1,-1,-1,2,2,2,2,2,2,2,0,0,2,2,2,2,2,2,2,2
39,-7120.856,2977.751,-27.626,111.695,-0.365442,-0.928631,-0.064003,0.918545,-0.370900,0.136776,-0.150754,-0.008806,0.988532,0,0.29663,-1.00000,13.624,-0.437,-1,-1,-1,-1,-1,-1,-1,352.255,597.482,-1,-1,-1,-1,-1,-1,-1,-1,2,2,2,2,2,2,2,0,0,2,2,2,2,2,2,2,2
40,-7124.079,2990.957,-28.889,111.240,-0.357699,-0.931243,-0.069556,0.920316,-0.364170,0.142821,-0.158331,-0.012926,0.987301,0,0.29663,-1.00000,13.593,-0.455,-1,-1,-1,-1,-1,-1,-1,350.185,611.706,-1,-1,-1,-1,-1,-1,-1,-1,2,2,2,2,2,2,2,0,0,2,2,2,2,2,2,2,2
41,-7127.135,3004.468,-30.212,110.750,-0.349377,-0.933963,-0.075160,0.922158,-0.356954,0.149024,-0.166011,-0.017244,0.985973,0,0.41825,-0.69469,13.853,-0.489,-1,-1,-1,-1,-1,-1,-1,349.921,626.748,-1,-1,-1,-1,-1,-1,-1,-1,2,2,2,2,2,2,2,0,0,2,2,2,2,2,2,2,2
42,-7130.139,3018.420,-31.685,110.239,-0.340738,-0.936700,-0.080565,0.924156,-0.349449,0.154341,-0.172725,-0.021865,0.984727,0,0.41825,-0.69469,14.272,-0.511,-1,-1,-1,-1,-1,-1,-1,349.699,643.092,-1,-1,-1,-1,-1,-1,-1,-1,2,2,2,2,2,2,2,0,0,2,2,2,2,2,2,2,2
43,-7133.167,3032.775,-33.320,109.723,-0.332043,-0.939388,-0.085425,0.926197,-0.341845,0.159061,-0.178622,-0.026305,0.983566,0,0.41825,-0.69469,14.671,-0.516,-1,-1,-1,-1,-1,995.852,996.154,349.644,658.880,-1,-1,-1,-1,-1,-1,-1,-1,2,2,2,2,2,0,0,0,0,2,2,2,2,2,2,2,2
44,-7136.243,3047.452,-35.001,109.217,-0.323526,-0.941981,-0.089454,0.928137,-0.334316,0.163690,-0.184099,-0.030068,0.982448,0,0.41825,-0.69469,14.996,-0.505,-1,-1,-1,-1,-1,984.016,980.711,350.330,672.455,-1,-1,-1,-1,-1,-1,-1,-1,2,2,2,2,2,0,0,0,0,2,2,2,2,2,2,2,2
45,-7139.278,3062.536,-36.810,108.712,-0.315047,-0.944463,-0.093463,0.930103,-0.326841,0.167584,-0.188824,-0.034133,0.981417,0,0.41825,-0.69469,15.386,-0.505,-1,-1,-1,-1,-1,974.894,967.598,350.738,687.516,-1,-1,-1,-1,-1,-1,-1,-1,2,2,2,2,2,0,0,0,0,2,2,2,2,2,2,2,2
46,-7142.271,3077.987,-38.780,108.195,-0.306386,-0.946891,-0.097597,0.932127,-0.319231,0.170968,-0.193044,-0.038590,0.980431,0,0.41825,-0.69469,15.738,-0.517,-1,-1,-1,-1,-1,967.431,956.142,351.103,704.170,-1,-1,-1,-1,-1,-1,-1,-1,2,2,2,2,2,0,0,0,0,2,2,2,2,2,2,2,2
47,-7145.789,3097.047,-41.516,107.551,-0.295635,-0.949712,-0.103185,0.934754,-0.309865,0.173834,-0.197066,-0.045061,0.979354,0,0.41825,-0.69469,19.382,-0.645,-1,-1,-1,-1,-1,960.536,945.957,350.549,730.477,-1,-1,-1,-1,-1,-1,-1,-1,2,2,2,2,2,0,0,0,0,2,2,2,2,2,2,2,2
48,-7148.006,3109.995,-43.653,107.094,-0.288001,-0.951673,-0.106654,0.936499,-0.303161,0.176246,-0.200061,-0.049123,0.978551,0,0.41825,-0.69469,13.136,-0.456,-1,-1,-1,-1,-1,951.808,937.069,350.190,756.230,-1,-1,-1,-1,-1,-1,-1,-1,2,2,2,2,2,0,0,0,0,2,2,2,2,2,2,2,2
49,-7150.666,3126.393,-46.778,106.510,-0.278160,-0.954230,-0.109874,0.938422,-0.294375,0.180851,-0.204918,-0.052803,0.977354,0,0.41825,-0.69469,16.613,-0.584,-1,-1,-1,-1,-1,936.280,920.607,350.452,780.827,-1,-1,-1,-1,-1,-1,-1,-1,2,2,2,2,2,0,0,0,0,2,2,2,2,2,2,2,2
50,-7153.112,3142.994,-50.277,105.943,-0.268467,-0.956788,-0.111723,0.939808,-0.285607,0.187589,-0.211392,-0.054636,0.975873,0,0.41825,-0.69469,16.780,-0.568,-1,-1,-1,-1,-1,915.143,897.781,351.970,788.421,-1,-1,-1,-1,-1,-1,-1,-1,2,2,2,2,2,0,0,0,0,2,2,2,2,2,2,2,2
51,-7155.401,3159.901,-54.105,105.384,-0.258873,-0.959343,-0.112452,0.940863,-0.276787,0.195364,-0.218546,-0.055228,0.974263,0,0.41825,-0.69469,17.062,-0.559,-1,-1,-1,-1,-1,892.095,872.658,354.626,784.591,-1,-1,-1,-1,-1,-1,-1,-1,2,2,2,2,2,0,0,0,0,2,2,2,2,2,2,2,2
52,-7157.531,3177.294,-58.353,104.812,-0.249136,-0.961829,-0.113205,0.942118,-0.267777,0.201764,-0.224377,-0.056386,0.972870,0,0.41825,-0.69469,17.523,-0.572,-1,1002.396,-1,993.083,-1,873.075,851.881,356.358,783.529,-1,-1,-1,-1,-1,-1,-1,-1,2,0,2,0,2,0,0,0,0,2,2,2,2,2,2,2,2
53,-7159.566,3195.214,-62.954,104.230,-0.239341,-0.964229,-0.113920,0.943759,-0.258601,0.206023,-0.228113,-0.058203,0.971893,0,0.41825,-0.69469,18.035,-0.582,-1,996.929,-1,974.818,-1,860.265,837.600,357.072,786.647,-1,-1,-1,-1,-1,-1,-1,-1,2,0,2,0,2,0,0,0,0,2,2,2,2,2,2,2,2
54,-7161.788,3217.372,-68.809,103.506,-0.227267,-0.967056,-0.114682,0.946197,-0.247136,0.208890,-0.230350,-0.061038,0.971192,0,0.41825,-0.69469,22.270,-0.724,-1,994.576,-1,960.663,-1,851.219,826.816,357.404,794.272,-1,-1,-1,-1,-1,-1,-1,-1,2,0,2,0,2,0,0,0,0,2,2,2,2,2,2,2,2
55,-7163.166,3232.422,-72.798,103.027,-0.219279,-0.968872,-0.114903,0.947762,-0.239489,0.210694,-0.231653,-0.062700,0.970776,0,0.41825,-0.69469,15.113,-0.479,-1,990.263,-1,951.596,-1,845.756,818.657,358.243,797.856,-1,-1,-1,-1,-1,-1,-1,-1,2,0,2,0,2,0,0,0,0,2,2,2,2,2,2,2,2
56,-7164.873,3251.472,-78.042,102.451,-0.209596,-0.971057,-0.114535,0.949301,-0.230157,0.214137,-0.234300,-0.063846,0.970065,0,0.41825,-0.69469,19.126,-0.576,-1,981.466,-1,935.718,-1,833.583,805.487,359.757,794.273,-1,-1,-1,-1,-1,-1,-1,-1,2,0,2,0,2,0,0,0,0,2,2,2,2,2,2,2,2
57,-7166.513,3270.528,-83.593,101.893,-0.200104,-0.973160,-0.113655,0.950163,-0.221049,0.219835,-0.239058,-0.064001,0.968894,0,-0.04246,-0.30388,19.126,-0.558,-1,965.206,-1,911.639,-1,815.566,786.551,361.424,780.209,-1,-1,-1,-1,-1,-1,-1,-1,2,0,2,0,2,0,0,0,0,2,2,2,2,2,2,2,2
58,-7168.015,3289.379,-89.420,101.347,-0.190705,-0.975074,-0.113416,0.950369,-0.212325,0.227414,-0.245826,-0.064418,0.967171,0,-0.04246,-0.30388,18.911,-0.546,-1,942.056,-1,881.155,-1,792.305,762.634,361.824,766.248,-1,-1,-1,-1,-1,-1,-1,-1,2,0,2,0,2,0,0,0,0,2,2,2,2,2,2,2,2
59,-7169.428,3308.099,-95.465,100.809,-0.181392,-0.976749,-0.114272,0.950081,-0.204053,0.236026,-0.253856,-0.065755,0.965004,0,-0.04246,-0.30388,18.774,-0.538,-1,914.374,-1,848.421,-1,765.861,736.233,360.914,757.842,-1,-1,-1,-1,-1,-1,-1,-1,2,0,2,0,2,0,0,0,0,2,2,2,2,2,2,2,2
60,-7170.739,3326.684,-101.509,100.289,-0.172322,-0.978168,-0.116157,0.949290,-0.196390,0.245520,-0.262972,-0.067959,0.962407,0,-0.04246,-0.30388,18.631,-0.520,-1,885.630,-1,814.870,-1,737.793,708.584,358.958,756.242,-1,-1,-1,-1,-1,-1,-1,-1,2,0,2,0,2,0,0,0,0,2,2,2,2,2,2,2,2
61,-7171.935,3345.289,-107.484,99.770,-0.163329,-0.979320,-0.119398,0.948560,-0.189152,0.253881,-0.271215,-0.071790,0.959838,0,-0.04246,-0.30388,18.643,-0.519,-1,858.900,-1,786.716,-1,712.386,684.198,355.442,777.500,-1,-1,-1,-1,-1,-1,-1,-1,2,0,2,0,2,0,0,0,0,2,2,2,2,2,2,2,2
62,-7173.125,3363.872,-113.341,99.265,-0.154633,-0.980183,-0.123813,0.947894,-0.182522,0.261119,-0.278543,-0.076984,0.957333,0,-0.04246,-0.30388,18.621,-0.505,-1,833.338,-1,763.524,-1,689.709,663.040,351.089,814.880,-1,-1,-1,-1,-1,-1,-1,-1,2,0,2,0,2,0,0,0,0,2,2,2,2,2,2,2,2
63,-7174.285,3382.362,-119.078,98.765,-0.146012,-0.980883,-0.128641,0.947054,-0.176179,0.268422,-0.285955,-0.082637,0.954673,0,-0.04246,-0.30388,18.527,-0.501,-1,805.889,-1,741.482,-1,667.704,642.694,346.879,863.615,-1,-1,-1,-1,-1,-1,-1,-1,2,0,2,0,2,0,0,0,0,2,2,2,2,2,2,2,2
64,-7175.392,3400.720,-124.740,98.269,-0.137472,-0.981526,-0.133076,0.945915,-0.169950,0.276336,-0.293847,-0.087890,0.951803,0,-0.04246,-0.30388,18.391,-0.496,-1,778.681,-1,718.771,-1,645.672,622.167,343.224,920.633,-1,-1,-1,-1,-1,-1,-1,-1,2,0,2,0,2,0,0,0,0,2,2,2,2,2,2,2,2
65,-7176.427,3418.919,-130.227,97.791,-0.129201,-0.982172,-0.136544,0.944310,-0.163889,0.285339,-0.302630,-0.092074,0.948650,0,-0.04246,-0.30388,18.228,-0.478,-1,751.601,-1,694.375,-1,623.285,600.969,340.980,964.744,-1,-1,-1,-1,-1,-1,-1,-1,2,0,2,0,2,0,0,0,0,2,2,2,2,2,2,2,2
66,-7177.363,3437.098,-135.686,97.323,-0.121137,-0.982731,-0.139875,0.942657,-0.158039,0.293974,-0.311004,-0.096243,0.945523,0,-0.04246,-0.30388,18.203,-0.468,-1,727.050,-1,671.863,-1,602.407,581.579,338.788,1007.215,-1,-1,-1,-1,-1,-1,-1,-1,2,0,2,0,2,0,0,0,0,2,2,2,2,2,2,2,2
67,-7178.388,3458.919,-142.295,96.780,-0.111855,-0.983276,-0.143725,0.940796,-0.151357,0.303304,-0.319985,-0.101290,0.941992,0,-0.04246,-0.30388,21.845,-0.542,-1,700.481,-1,648.126,-1,579.892,560.847,337.394,-1,-1,-1,-1,-1,-1,-1,-1,-1,2,0,2,0,2,0,0,0,2,2,2,2,2,2,2,2,2
68,-7179.039,3473.421,-146.727,96.436,-0.105971,-0.983597,-0.145970,0.939487,-0.147132,0.309380,-0.325782,-0.104352,0.939669,0,-0.04246,-0.30388,14.517,-0.345,-1,683.730,-1,632.999,-1,565.653,547.656,337.896,-1,-1,-1,-1,-1,992.524,-1,-1,-1,2,0,2,0,2,0,0,0,2,2,2,2,2,0,2,2,2
69,-7179.817,3491.480,-152.312,96.022,-0.098932,-0.983910,-0.148772,0.937771,-0.142195,0.316805,-0.332862,-0.108172,0.936751,0,-0.04246,-0.30388,18.076,-0.413,-1,662.404,-1,614.881,-1,548.493,531.773,338.295,-1,-1,-1,-1,-1,952.055,994.504,-1,-1,2,0,2,0,2,0,0,0,2,2,2,2,2,0,0,2,2
70,-7180.552,3509.390,-157.903,95.625,-0.092159,-0.984208,-0.151132,0.935735,-0.137495,0.324801,-0.340452,-0.111486,0.933629,0,-0.04246,-0.30388,17.925,-0.397,-1,639.541,-1,595.952,-1,531.081,515.454,339.178,-1,-1,-1,-1,-1,912.195,952.602,-1,-1,2,0,2,0,2,0,0,0,2,2,2,2,2,0,0,2,2
71,-7181.216,3527.245,-163.612,95.239,-0.085610,-0.984432,-0.153507,0.933596,-0.133069,0.332702,-0.347949,-0.114831,0.930454,0,-0.04246,-0.30388,17.867,-0.385,-1,617.296,-1,577.544,-1,514.192,499.545,339.722,-1,-1,-1,-1,-1,873.859,912.974,-1,-1,2,0,2,0,2,0,0,0,2,2,2,2,2,0,0,2,2
72,-7181.833,3545.087,-169.484,94.868,-0.079344,-0.984568,-0.155981,0.931528,-0.128941,0.340043,-0.354908,-0.118320,0.927384,0,-0.04246,-0.30388,17.853,-0.371,-1,596.278,-1,560.452,-1,498.225,484.650,339.779,-1,-1,-1,-1,-1,838.259,877.650,-1,-1,2,0,2,0,2,0,0,0,2,2,2,2,2,0,0,2,2
73,-7182.396,3562.896,-175.475,94.502,-0.073195,-0.984669,-0.158334,0.929577,-0.124871,0.346834,-0.361288,-0.121797,0.924465,0,-0.04246,-0.30388,17.817,-0.366,-1,576.590,-1,544.562,-1,483.209,470.743,340.817,-1,-1,-1,-1,-1,805.519,845.699,-1,-1,2,0,2,0,2,0,0,0,2,2,2,2,2,0,0,2,2
74,-7182.908,3580.613,-181.471,94.151,-0.067317,-0.984798,-0.160127,0.927494,-0.120918,0.353743,-0.367728,-0.124704,0.921534,0,-0.04246,-0.30388,17.725,-0.351,-1,557.594,-1,528.640,-1,468.512,457.007,342.980,-1,-1,-1,-1,-1,774.713,813.984,-1,-1,2,0,2,0,2,0,0,0,2,2,2,2,2,0,0,2,2
75,-7183.356,3598.283,-187.479,93.816,-0.061722,-0.984912,-0.161673,0.925371,-0.117166,0.360500,-0.374003,-0.127357,0.918641,0,-0.04246,-0.30388,17.676,-0.335,-1,539.435,-1,513.249,-1,454.364,443.741,345.333,-1,-1,-1,-1,-1,746.465,783.788,-1,-1,2,0,2,0,2,0,0,0,2,2,2,2,2,0,0,2,2
76,-7183.771,3615.922,-193.466,93.493,-0.056359,-0.984954,-0.163366,0.923348,-0.113664,0.366755,-0.379806,-0.130174,0.915861,0,-0.04246,-0.30388,17.644,-0.323,-1,522.400,-1,499.154,-1,441.127,431.393,347.597,-1,-1,-1,-1,-1,720.186,756.682,944.971,-1,2,0,2,0,2,0,0,0,2,2,2,2,2,0,0,0,2
77,-7184.179,3633.564,-199.524,93.187,-0.051311,-0.984899,-0.165352,0.921508,-0.110513,0.372304,-0.384955,-0.133270,0.913263,0,-0.04246,-0.30388,17.646,-0.306,949.054,506.486,-1,486.484,-1,428.834,420.082,349.377,-1,-1,-1,-1,-1,695.501,732.909,887.971,-1,0,0,2,0,2,0,0,0,2,2,2,2,2,0,0,0,2
78,-7184.578,3651.220,-205.735,92.898,-0.046571,-0.984800,-0.167331,0.919808,-0.107610,0.377324,-0.389596,-0.136340,0.910838,0,-0.04246,-0.30388,17.660,-0.289,888.155,491.406,-1,474.615,-1,417.163,409.399,350.864,-1,-1,-1,-1,-1,671.703,711.112,842.444,-1,0,0,2,0,2,0,0,0,2,2,2,2,2,0,0,0,2
79,-7184.941,3668.895,-212.083,92.623,-0.042066,-0.984689,-0.169170,0.918193,-0.104854,0.382005,-0.393894,-0.139261,0.908545,0,-0.04246,-0.30388,17.679,-0.275,841.547,476.931,-1,463.181,-1,405.903,399.093,352.455,-1,-1,-1,-1,-1,649.115,690.461,802.264,-1,0,0,2,0,2,0,0,0,2,2,2,2,2,0,0,0,2
80,-7185.245,3686.505,-218.430,92.350,-0.037613,-0.984654,-0.170418,0.916425,-0.101985,0.386993,-0.398434,-0.141619,0.906198,0,-0.04246,-0.30388,17.612,-0.273,794.306,462.358,-1,451.241,-1,394.564,388.545,354.721,-1,-1,-1,-1,-1,626.899,668.886,763.725,-1,0,0,2,0,2,0,0,0,2,2,2,2,2,0,0,0,2
81,-7185.426,3703.976,-224.819,92.064,-0.032956,-0.984721,-0.170994,0.914389,-0.098777,0.392602,-0.403494,-0.143416,0.903673,0,-0.04246,-0.30388,17.472,-0.286,749.928,447.243,-1,438.211,-1,382.695,377.284,357.601,-1,-1,-1,-1,-1,604.273,645.360,725.201,960.619,0,0,2,0,2,0,0,0,2,2,2,2,2,0,0,0,0
82,-7185.500,3721.284,-231.380,91.777,-0.028312,-0.984783,-0.171466,0.912365,-0.095541,0.398072,-0.408397,-0.145169,0.901187,0,-0.04246,-0.30388,17.309,-0.287,713.908,432.247,-1,425.182,-1,370.841,366.013,360.169,-1,-1,-1,-1,-1,582.042,622.257,688.301,910.441,0,0,2,0,2,0,0,0,2,2,2,2,2,0,0,0,0
83,-7185.560,3738.605,-238.045,91.520,-0.024184,-0.984548,-0.173439,0.911101,-0.093113,0.401528,-0.411473,-0.148310,0.899274,0,-0.04246,-0.30388,17.321,-0.257,682.010,419.133,-1,415.521,-1,360.885,357.054,361.066,-1,-1,-1,-1,-1,562.854,606.125,656.635,878.493,0,0,2,0,2,0,0,0,2,2,2,2,2,0,0,0,0
84,-7185.769,3755.983,-244.898,91.322,-0.021009,-0.984186,-0.175891,0.910493,-0.091507,0.403272,-0.412990,-0.151675,0.898017,0,-0.04246,-0.30388,17.379,-0.199,655.187,407.868,-1,408.220,-1,352.539,349.877,361.223,-1,-1,-1,-1,-1,546.796,594.643,630.260,857.871,0,0,2,0,2,0,0,0,2,2,2,2,2,0,0,0,0
85,-7185.935,3773.669,-252.073,91.114,-0.017701,-0.983767,-0.178574,0.910612,-0.089615,0.403430,-0.412884,-0.155470,0.897416,0,0.51736,-0.90208,17.687,-0.208,629.784,398.002,-1,402.805,-1,345.440,344.101,360.934,-1,-1,-1,-1,-1,533.184,587.291,607.916,847.248,0,0,2,0,2,0,0,0,2,2,2,2,2,0,0,0,0
86,-7185.719,3792.081,-259.591,90.822,-0.013084,-0.983297,-0.181538,0.911721,-0.086285,0.401646,-0.410601,-0.160257,0.897622,0,0.51736,-0.90208,18.413,-0.291,609.190,389.742,-1,399.474,-1,339.868,340.115,360.530,-1,-1,-1,-1,-1,522.376,585.728,589.941,850.691,0,0,2,0,2,0,0,0,2,2,2,2,2,0,0,0,0
87,-7185.000,3811.091,-267.231,90.446,-0.007110,-0.983012,-0.183402,0.912940,-0.081219,0.399930,-0.408032,-0.164592,0.898009,0,0.51736,-0.90208,19.024,-0.376,590.634,381.600,-1,396.007,-1,334.195,335.918,361.834,-1,-1,-1,-1,-1,511.879,583.870,572.928,853.286,0,0,2,0,2,0,0,0,2,2,2,2,2,0,0,0,0
88,-7183.729,3830.694,-275.060,89.998,0.000031,-0.982852,-0.184398,0.914153,-0.074722,0.398424,-0.405370,-0.168580,0.898474,0,0.51736,-0.90208,19.645,-0.448,572.917,373.194,-1,392.195,-1,327.793,331.229,364.348,-1,-1,-1,-1,-1,501.071,581.106,555.824,853.205,0,0,2,0,2,0,0,0,2,2,2,2,2,0,0,0,0
89,-7181.732,3850.783,-283.080,89.417,0.009319,-0.982587,-0.185568,0.915312,-0.066342,0.397245,-0.402639,-0.173555,0.898755,0,0.51736,-0.90208,20.188,-0.581,553.523,363.815,-1,387.869,-1,320.656,325.789,366.953,-1,-1,-1,-1,-1,489.708,578.082,536.274,851.882,0,0,2,0,2,0,0,0,2,2,2,2,2,0,0,0,0
90,-7178.605,3871.082,-291.010,88.577,0.022767,-0.981816,-0.188462,0.916307,-0.054899,0.396696,-0.399829,-0.181721,0.898395,0,0.51736,-0.90208,20.538,-0.840,528.721,353.208,-1,383.718,-1,312.504,319.802,368.287,-1,-1,-1,-1,-1,476.139,576.812,511.319,854.158,0,0,2,0,2,0,0,0,2,2,2,2,2,0,0,0,0
91,-7173.823,3891.037,-298.233,87.431,0.041129,-0.980230,-0.193540,0.916641,-0.040063,0.397699,-0.397590,-0.193764,0.896871,0,0.51736,-0.90208,20.521,-1.146,494.222,340.735,-1,381.689,-1,303.313,314.319,368.154,-1,-1,-1,-1,-1,459.214,576.701,479.397,858.525,0,0,2,0,2,0,0,0,2,2,2,2,2,0,0,0,0
92,-7168.062,3910.725,-304.608,86.137,0.061896,-0.978689,-0.195795,0.916607,-0.021892,0.399190,-0.394970,-0.204175,0.895718,0,0.51736,-0.90208,20.514,-1.294,464.958,330.246,-1,380.281,-1,295.692,309.974,372.517,-1,-1,-1,-1,-1,445.151,577.109,453.014,861.791,0,0,2,0,2,0,0,0,2,2,2,2,2,0,0,0,0
93,-7161.438,3930.325,-310.221,84.870,0.082340,-0.977594,-0.193725,0.917141,-0.001732,0.398558,-0.389964,-0.210491,0.896449,0,0.51736,-0.90208,20.688,-1.267,451.945,325.493,-1,381.905,-1,292.324,308.559,383.113,-1,-1,-1,-1,-1,439.230,584.176,440.460,871.663,0,0,2,0,2,0,0,0,2,2,2,2,2,0,0,0,0
94,-7153.857,3949.894,-315.480,83.603,0.102988,-0.976506,-0.189286,0.918604,0.020382,0.394654,-0.381524,-0.214523,0.899122,0,0.51736,-0.90208,20.986,-1.267,451.134,325.574,-1,388.151,-1,293.172,310.696,396.802,-1,-1,-1,-1,-1,441.579,601.029,440.111,890.601,0,0,2,0,2,0,0,0,2,2,2,2,2,0,0,0,0
95,-7145.178,3969.113,-320.404,82.299,0.124520,-0.975072,-0.183657,0.920821,0.044620,0.387424,-0.369571,-0.217357,0.903423,0,0.51736,-0.90208,21.088,-1.304,460.446,330.134,-1,399.539,-1,297.744,316.424,411.665,-1,1004.808,-1,-1,-1,454.345,628.132,451.266,926.282,0,0,2,0,2,0,0,0,2,0,2,2,2,0,0,0,0
96,-7135.594,3988.072,-325.301,80.942,0.147256,-0.973151,-0.176900,0.923660,0.071324,0.376518,-0.353791,-0.218840,0.909363,0,0.51736,-0.90208,21.243,-1.357,481.977,340.670,-1,418.906,-1,306.091,325.867,430.339,-1,940.505,-1,-1,-1,477.589,663.446,481.645,972.150,0,0,2,0,2,0,0,0,2,0,2,2,2,0,0,0,0
97,-7125.047,4006.740,-330.180,79.551,0.170903,-0.970493,-0.170103,0.926758,0.099720,0.362182,-0.334533,-0.219542,0.916455,0,0.51736,-0.90208,21.441,-1.390,526.992,355.715,-1,445.477,-1,319.355,342.046,451.343,-1,872.790,-1,-1,-1,510.728,709.653,533.383,-1,0,0,2,0,2,0,0,0,2,0,2,2,2,0,0,0,2
98,-7113.634,4025.149,-334.906,78.090,0.195878,-0.966478,-0.165991,0.928680,0.128462,0.347923,-0.314936,-0.222303,0.922711,0,0.51736,-0.90208,21.660,-1.462,594.126,371.831,-1,474.726,-1,334.010,359.552,460.894,-1,815.921,-1,-1,-1,558.403,754.794,664.238,-1,0,0,2,0,2,0,0,0,2,0,2,2,2,0,0,0,2
99,-7101.713,4043.514,-339.288,76.598,0.221388,-0.961243,-0.164313,0.929159,0.156770,0.334793,-0.296058,-0.226792,0.927855,0,0.51736,-0.90208,21.895,-1.492,876.913,389.768,-1,502.693,-1,348.894,377.565,470.200,-1,778.480,-1,-1,-1,610.564,799.946,-1,-1,0,0,2,0,2,0,0,0,2,0,2,2,2,0,0,2,2
100,-7089.217,4061.697,-342.996,75.022,0.248184,-0.954363,-0.166123,0.927683,0.184771,0.324444,-0.278942,-0.234631,0.931203,0,0.51736,-0.90208,22.062,-1.576,-1,405.604,-1,533.631,-1,362.886,396.077,476.204,-1,751.681,-1,-1,-1,664.855,843.498,-1,-1,2,0,2,0,2,0,0,0,2,0,2,2,2,0,0,2,2
101,-7076.334,4080.037,-346.348,73.448,0.274906,-0.946276,-0.170261,0.924961,0.211952,0.315474,-0.262438,-0.244211,0.933535,0,0.51736,-0.90208,22.413,-1.575,-1,420.789,-1,565.021,-1,378.429,416.645,471.139,-1,732.873,-1,-1,-1,718.538,884.600,-1,-1,2,0,2,0,2,0,0,0,2,0,2,2,2,0,0,2,2
102,-7062.978,4098.309,-349.178,71.866,0.301712,-0.936946,-0.176357,0.921215,0.238840,0.307114,-0.245629,-0.255122,0.935189,0,0.51736,-0.90208,22.633,-1.582,-1,440.266,989.595,597.719,-1,396.917,439.749,465.483,-1,718.458,-1,-1,-1,774.385,929.040,-1,-1,2,0,1,0,2,0,0,0,2,0,2,2,2,0,0,2,2
103,-7049.044,4116.297,-351.348,70.234,0.329236,-0.925974,-0.184869,0.916182,0.265889,0.299856,-0.228505,-0.268097,0.935900,0,0.51736,-0.90208,22.754,-1.632,-1,462.223,993.671,633.102,-1,417.167,465.116,455.723,-1,703.513,-1,-1,-1,827.807,984.996,-1,-1,2,0,1,0,2,0,0,0,2,0,2,2,2,0,0,2,2
104,-7034.865,4134.501,-353.270,68.704,0.355116,-0.914553,-0.193611,0.911008,0.292116,0.291088,-0.209658,-0.279752,0.936900,0,0.51736,-0.90208,23.075,-1.530,-1,490.026,-1,672.516,-1,442.240,493.327,443.812,-1,691.012,-1,-1,-1,893.623,-1,-1,-1,2,0,2,0,2,0,0,0,2,0,2,2,2,0,2,2,2
105,-7020.178,4152.767,-355.021,67.256,0.379600,-0.902457,-0.203654,0.905531,0.317342,0.281616,-0.189518,-0.291317,0.937666,0,0.51736,-0.90208,23.438,-1.447,-1,522.044,-1,718.247,-1,471.672,524.855,431.914,-1,677.290,891.716,-1,-1,954.731,-1,-1,-1,2,0,2,0,2,0,0,0,2,0,0,2,2,0,2,2,2
106,-7004.980,4171.001,-356.754,65.852,0.403216,-0.889507,-0.214930,0.899384,0.341854,0.272478,-0.168897,-0.303172,0.937849,0,0.51736,-0.90208,23.737,-1.404,-1,556.571,-1,765.267,-1,504.110,555.945,419.198,-1,662.991,536.474,991.733,-1,992.199,-1,-1,-1,2,0,2,0,2,0,0,0,2,0,0,0,2,0,2,2,2
107,-6989.182,4188.794,-358.242,64.428,0.426850,-0.875469,-0.226611,0.892018,0.366412,0.264662,-0.148671,-0.315112,0.937337,0,0.51736,-0.90208,23.794,-1.424,-1,590.223,-1,816.357,-1,533.200,587.844,402.909,-1,651.743,458.300,497.636,-1,-1,-1,-1,-1,2,0,2,0,2,0,0,0,2,0,0,0,2,2,2,2,2
108,-6972.998,4206.389,-359.746,63.002,0.450131,-0.860867,-0.237256,0.883524,0.390836,0.258134,-0.129491,-0.325815,0.936524,0,0.51736,-0.90208,23.907,-1.425,-1,617.440,-1,872.834,-1,560.791,614.881,388.744,-1,646.261,426.850,431.291,-1,981.038,-1,-1,-1,2,0,2,0,2,0,0,0,2,0,0,0,2,1,2,2,2
109,-6956.408,4223.875,-361.445,61.622,0.472294,-0.846200,-0.246747,0.874303,0.414185,0.253071,-0.111949,-0.335255,0.935452,0,0.51736,-0.90208,24.103,-1.380,-1,642.409,-1,938.702,-1,583.216,639.836,375.778,-1,644.870,405.604,406.028,-1,898.224,-1,-1,-1,2,0,2,0,2,0,0,0,2,0,0,0,2,1,2,2,2
110,-6935.966,4244.497,-363.731,59.995,0.497893,-0.828875,-0.255084,0.862197,0.441434,0.248499,-0.093372,-0.343659,0.934441,0,0.51736,-0.90208,29.037,-1.627,-1,662.927,-1,-1,-1,604.655,664.247,363.441,-1,652.230,393.214,388.125,-1,820.124,-1,948.950,-1,2,0,2,2,2,0,0,0,2,0,0,0,2,1,2,1,2
111,-6922.087,4258.044,-365.487,58.942,0.514095,-0.818188,-0.257439,0.853630,0.458723,0.246759,-0.083802,-0.346615,0.934257,0,0.51736,-0.90208,19.394,-1.053,-1,669.170,-1,-1,-1,613.188,673.052,357.574,-1,665.553,394.309,385.518,-1,817.278,-1,894.403,-1,2,0,2,2,2,0,0,0,2,0,0,0,2,1,2,1,2
112,-6904.653,4274.759,-367.989,57.665,0.533332,-0.806372,-0.255579,0.842517,0.479353,0.245734,-0.075641,-0.346388,0.935037,0,0.32015,-0.23660,24.153,-1.276,-1,670.573,-1,-1,-1,614.745,675.417,355.108,-1,692.539,408.026,393.710,-1,813.243,-1,831.535,-1,2,0,2,2,2,0,0,0,2,0,0,0,2,1,2,1,2
113,-6887.337,4291.261,-370.964,56.521,0.550150,-0.797496,-0.247659,0.831841,0.497329,0.246382,-0.073321,-0.341560,0.936996,0,0.32015,-0.23660,23.919,-1.144,-1,658.812,-1,-1,-1,605.793,666.376,356.525,-1,737.391,439.537,417.241,-1,976.945,-1,776.002,-1,2,0,2,2,2,0,0,0,2,0,0,0,2,1,2,1,2
114,-6870.135,4307.634,-374.555,55.484,0.565007,-0.791069,-0.234472,0.821612,0.513383,0.247773,-0.075632,-0.332639,0.940017,0,0.32015,-0.23660,23.748,-1.036,979.074,641.310,-1,-1,-1,588.419,647.241,362.029,-1,802.123,487.047,454.247,-1,957.552,-1,756.117,-1,1,0,2,2,2,0,0,0,2,0,0,0,2,1,2,1,2
115,-6852.792,4323.800,-378.745,54.601,0.577341,-0.786875,-0.217958,0.812437,0.527012,0.249409,-0.081387,-0.321071,0.943552,0,0.32015,-0.23660,23.709,-0.883,911.545,619.434,-1,968.727,-1,565.377,620.975,369.201,-1,882.765,547.741,502.259,-1,938.740,-1,744.357,-1,1,0,2,0,2,0,0,0,2,0,0,0,2,0,2,1,2
116,-6835.366,4339.910,-383.665,53.839,0.587754,-0.784160,-0.199093,0.804203,0.539407,0.249594,-0.088329,-0.306811,0.947663,0,0.32015,-0.23660,23.732,-0.763,850.578,596.606,-1,885.393,-1,540.642,591.919,380.301,-1,980.741,609.795,555.570,-1,903.608,-1,731.606,-1,1,0,2,0,2,0,0,0,2,0,0,0,2,0,2,1,2
117,-6817.813,4356.021,-389.333,53.193,0.596411,-0.782522,-0.178756,0.797044,0.551010,0.247202,-0.094945,-0.289910,0.952333,0,0.32015,-0.23660,23.826,-0.645,794.352,575.523,-1,811.727,-1,516.812,562.838,395.004,-1,-1,668.895,602.754,-1,866.798,-1,718.193,-1,1,0,2,0,2,0,0,0,2,2,0,0,2,0,2,1,2
118,-6800.062,4372.112,-395.775,52.662,0.603433,-0.781667,-0.157688,0.791022,0.561786,0.242241,-0.100765,-0.270911,0.957316,0,0.32015,-0.23660,23.960,-0.532,741.750,555.400,-1,745.752,-1,494.252,534.444,411.384,-1,-1,723.242,639.972,-1,834.913,-1,840.223,-1,1,0,2,0,2,0,0,0,2,2,0,0,2,0,2,1,2
119,-6782.122,4388.194,-402.958,52.220,0.609218,-0.781286,-0.135818,0.785963,0.572115,0.234407,-0.105435,-0.249553,0.962604,0,0.32015,-0.23660,24.092,-0.442,691.516,537.811,-1,688.694,-1,473.253,507.058,431.028,939.549,-1,768.991,662.484,-1,808.430,-1,819.610,-1,1,0,2,0,2,0,0,0,0,2,0,0,2,0,2,1,2
120,-6764.035,4404.267,-410.789,51.846,0.614081,-0.781161,-0.112658,0.781640,0.582172,0.223863,-0.109286,-0.225528,0.968087,0,0.32015,-0.23660,24.197,-0.374,642.896,522.518,-1,634.569,-1,453.298,480.121,462.059,846.418,-1,807.474,671.036,-1,785.788,-1,797.985,-1,1,0,2,0,2,0,0,0,0,2,0,0,2,0,2,1,2
121,-6745.888,4420.351,-418.805,51.505,0.618333,-0.780946,-0.088245,0.777488,0.591433,0.213823,-0.114793,-0.200824,0.972878,0,0.32015,-0.23660,24.248,-0.341,595.544,504.460,-1,579.954,-1,431.411,451.203,499.448,771.787,-1,858.964,691.207,-1,758.692,-1,777.298,-1,1,0,2,0,2,0,0,0,0,2,0,0,2,0,2,1,2
122,-6727.675,4436.489,-426.700,51.131,0.622837,-0.779745,-0.063819,0.772743,0.600392,0.205908,-0.122239,-0.177562,0.976488,0,0.32015,-0.23660,24.334,-0.374,575.516,482.449,-1,527.801,-1,407.467,420.879,539.541,711.074,-1,918.818,737.724,-1,724.439,-1,758.126,-1,1,0,2,0,2,0,0,0,0,2,0,0,2,0,2,1,2
123,-6709.476,4452.868,-434.376,50.783,0.626862,-0.778142,-0.039231,0.768156,0.608827,0.198158,-0.130310,-0.154353,0.979385,0,0.32015,-0.23660,24.484,-0.347,561.278,460.056,-1,480.968,-1,383.981,391.198,596.529,661.566,-1,988.608,802.885,707.346,690.193,-1,738.931,-1,1,0,2,0,2,0,0,0,0,2,0,0,0,0,2,1,2
124,-6691.291,4469.549,-441.616,50.454,0.630533,-0.776018,-0.014954,0.763636,0.616795,0.190850,-0.138880,-0.131757,0.981505,0,0.32015,-0.23660,24.677,-0.330,546.739,437.674,-1,437.768,-1,361.408,362.776,668.139,620.710,-1,-1,899.867,650.632,655.779,790.703,865.288,-1,1,0,2,0,2,0,0,0,0,2,2,0,0,0,0,0,2
125,-6673.039,4486.568,-448.163,50.151,0.633799,-0.773458,0.007881,0.759380,0.624135,0.183841,-0.147112,-0.110534,0.982924,0,0.32015,-0.23660,24.956,-0.303,531.998,416.803,-1,399.937,-1,340.938,337.073,762.167,581.813,-1,-1,-1,623.373,622.770,660.961,827.153,-1,1,0,2,0,2,0,0,0,0,2,2,2,0,0,0,0,2
126,-6654.556,4504.279,-453.242,49.914,0.636684,-0.770811,0.021976,0.756458,0.629853,0.176226,-0.149679,-0.095576,0.984104,0,0.32015,-0.23660,25.598,-0.237,517.278,404.258,-1,377.600,788.358,328.833,321.770,860.650,560.028,-1,-1,-1,604.961,603.142,613.581,804.943,-1,1,0,2,0,0,0,0,0,0,2,2,2,0,0,0,0,2
127,-6636.117,4522.936,-456.743,49.738,0.639395,-0.768445,0.025807,0.754955,0.633821,0.168268,-0.145662,-0.088106,0.985403,0,0.32015,-0.23660,26.231,-0.176,628.663,401.454,-1,371.085,741.459,325.801,317.723,935.632,554.101,-1,-1,-1,600.309,598.771,618.143,800.129,-1,1,0,2,0,0,0,0,0,0,2,2,2,0,0,0,0,2
128,-6617.915,4542.479,-458.890,49.615,0.641967,-0.766475,0.019876,0.754714,0.636263,0.159928,-0.135227,-0.087667,0.986929,0,0.32015,-0.23660,26.707,-0.122,600.415,408.320,-1,382.434,-1,331.583,324.353,962.927,561.951,-1,-1,921.364,601.935,613.894,696.477,812.090,-1,1,0,2,0,2,0,0,0,0,2,2,0,0,0,0,0,2
129,-6599.911,4562.548,-460.234,49.514,0.644461,-0.764591,0.008445,0.754930,0.637995,0.151801,-0.121453,-0.091455,0.988375,0,0.32015,-0.23660,26.961,-0.102,571.622,420.629,-1,407.924,-1,343.521,339.561,956.207,578.013,-1,-1,800.824,607.551,641.712,911.233,837.416,-1,1,0,2,0,2,0,0,0,0,2,2,0,0,0,0,0,2
130,-6578.740,4586.910,-461.372,49.445,0.646562,-0.762838,-0.006021,0.755553,0.639258,0.143136,-0.105340,-0.097096,0.989685,0,0.32015,-0.23660,32.275,-0.069,537.748,435.251,-1,441.359,-1,359.033,361.220,941.241,599.458,-1,-1,694.248,618.911,673.456,-1,889.208,-1,1,0,2,0,2,0,0,0,0,2,2,0,0,0,2,0,2
131,-6564.854,4603.129,-462.111,49.410,0.647609,-0.761838,-0.014356,0.755841,0.639899,0.138685,-0.096469,-0.100664,0.990233,0,0.32015,-0.23660,21.352,-0.035,516.140,443.879,-1,463.030,-1,367.451,375.049,932.574,609.959,-1,985.846,649.708,629.946,688.516,-1,918.336,-1,1,0,2,0,2,0,0,0,0,2,0,0,0,0,2,0,2
132,-6547.704,4623.207,-463.150,49.360,0.648778,-0.760654,-0.022186,0.755864,0.640770,0.134473,-0.088071,-0.104013,0.990669,0,0.32015,-0.23660,26.405,-0.050,490.032,452.393,-1,495.473,-1,374.776,388.507,929.764,620.148,-1,958.630,620.070,646.485,707.734,-1,942.850,-1,1,0,2,0,2,0,0,0,0,2,0,0,0,0,2,0,2
133,-6530.571,4642.885,-464.492,49.255,0.650476,-0.759031,-0.027441,0.755039,0.642289,0.131835,-0.082442,-0.106474,0.990892,0,0.32015,-0.23660,26.091,-0.105,465.037,455.899,-1,519.821,-1,381.167,400.945,930.571,627.310,-1,949.651,613.491,665.465,723.266,-1,952.925,-1,1,0,2,0,2,0,0,0,0,2,0,0,0,0,2,0,2
134,-6513.115,4661.740,-465.955,48.980,0.654258,-0.755598,-0.031916,0.752116,0.645665,0.132057,-0.079175,-0.110404,0.990728,0,0.32015,-0.23660,25.695,-0.274,442.312,453.483,-1,540.777,-1,386.650,410.664,908.951,636.393,-1,964.943,632.836,690.575,726.253,-1,941.023,-1,1,0,2,0,2,0,0,0,0,2,0,0,0,0,2,0,2
135,-6495.061,4679.461,-467.262,48.461,0.661169,-0.749293,-0.037619,0.746299,0.651742,0.135168,-0.076762,-0.117444,0.990108,0,0.32015,-0.23660,25.298,-0.519,421.666,447.062,-1,564.373,-1,390.481,421.291,872.825,651.798,-1,1000.783,672.310,722.356,725.878,-1,920.347,-1,1,0,2,0,2,0,0,0,0,2,0,0,0,0,2,0,2
136,-6476.255,4695.558,-468.164,47.639,0.671950,-0.739204,-0.045393,0.736896,0.661217,0.140629,-0.073938,-0.127946,0.989021,0,0.30024,-0.87210,24.754,-0.822,836.874,441.985,-1,593.231,-1,395.334,432.991,823.036,674.574,-1,-1,728.129,758.636,726.946,-1,896.979,-1,0,0,2,0,2,0,0,0,0,2,2,0,0,0,2,0,2
137,-6457.122,4710.335,-468.561,46.663,0.684596,-0.727048,-0.052243,0.725543,0.672778,0.144765,-0.070103,-0.137010,0.988086,0,0.30024,-0.87210,24.175,-0.976,801.722,451.264,-1,629.690,-1,407.662,453.189,784.572,695.250,-1,-1,787.596,789.187,735.351,-1,886.061,-1,0,0,2,0,2,0,0,0,0,2,2,0,0,0,2,0,2
138,-6437.817,4722.879,-468.311,45.494,0.699406,-0.712405,-0.057538,0.711583,0.686533,0.149405,-0.066935,-0.145437,0.987101,0,0.30024,-0.87210,23.022,-1.169,772.862,461.244,-1,655.134,-1,424.734,471.898,750.324,717.535,-1,-1,870.157,818.875,746.999,-1,874.120,-1,0,0,2,0,2,0,0,0,0,2,2,0,0,0,2,0,2
139,-6418.875,4735.588,-467.899,44.555,0.711309,-0.700358,-0.059484,0.700340,0.699010,0.144599,-0.059691,-0.144513,0.987701,0,0.30024,-0.87210,22.810,-0.940,799.196,487.631,-1,691.306,-1,453.401,497.326,750.910,715.929,-1,-1,892.404,818.495,779.070,-1,904.382,-1,0,0,2,0,2,0,0,0,0,2,2,0,0,0,2,0,2
140,-6399.682,4746.931,-467.249,43.601,0.723254,-0.687798,-0.061949,0.688759,0.711923,0.137028,-0.050145,-0.141774,0.988628,0,0.30024,-0.87210,22.294,-0.954,848.312,536.363,-1,730.646,-1,499.032,537.824,758.261,709.809,-1,-1,884.869,807.726,809.156,-1,942.643,-1,0,0,2,0,2,0,0,0,0,2,2,0,0,0,2,0,2
141,-6380.545,4756.947,-466.619,42.581,0.735747,-0.674234,-0.063910,0.676101,0.725705,0.127435,-0.039541,-0.136970,0.989786,0,0.30024,-0.87210,21.599,-1.020,903.561,580.294,-1,756.480,-1,553.644,587.794,773.084,697.871,-1,-1,865.321,789.414,844.884,-1,983.567,-1,0,0,2,0,2,0,0,0,0,2,2,0,0,0,2,0,2
142,-6361.517,4763.895,-465.641,41.322,0.750685,-0.657218,-0.067349,0.660005,0.741493,0.120758,-0.029426,-0.135102,0.990395,0,0.30024,-0.87210,20.257,-1.259,942.131,622.471,-1,778.779,-1,609.291,637.747,764.057,693.383,-1,-1,865.556,776.312,874.999,-1,-1,-1,0,0,2,0,2,0,0,0,0,2,2,0,0,0,2,2,2
143,-6342.745,4769.779,-464.873,39.974,0.766217,-0.638729,-0.070262,0.642346,0.758376,0.110712,-0.017430,-0.129962,0.991366,0,0.30024,-0.87210,19.672,-1.348,982.870,675.918,-1,796.388,-1,676.546,685.561,752.414,679.917,-1,-1,842.528,752.543,916.125,-1,-1,-1,0,0,2,0,2,0,0,0,0,2,2,0,0,0,2,2,2
144,-6324.130,4774.708,-464.500,38.545,0.782111,-0.618849,-0.072989,0.623126,0.775947,0.098089,-0.004067,-0.122198,0.992497,0,0.30024,-0.87210,19.257,-1.429,-1,724.605,-1,814.508,-1,746.080,729.508,745.080,659.385,-1,-1,780.519,722.085,957.161,-1,-1,-1,2,0,2,0,2,0,0,0,0,2,2,0,0,0,2,2,2
145,-6305.521,4779.239,-464.895,37.123,0.797306,-0.598861,-0.075283,0.603503,0.792908,0.084149,0.009299,-0.112526,0.993605,0,0.30024,-0.87210,19.153,-1.422,-1,768.669,-1,829.887,-1,796.475,754.613,465.822,633.515,-1,-1,622.334,689.617,996.903,-1,-1,-1,2,0,2,0,2,0,0,1,0,2,2,0,0,0,2,2,2
146,-6283.306,4785.182,-466.605,35.685,0.811985,-0.578683,-0.076196,0.583157,0.809833,0.064017,0.024660,-0.096415,0.995036,0,0.30024,-0.87210,22.996,-1.438,-1,813.737,-1,841.169,-1,834.466,776.091,456.355,594.561,-1,-1,453.803,647.756,-1,-1,-1,-1,2,0,2,0,2,0,0,1,0,2,2,0,0,2,2,2,2
147,-6268.707,4790.133,-468.030,35.048,0.818193,-0.569850,-0.076366,0.573927,0.817405,0.049565,0.034177,-0.084382,0.995847,0,0.30024,-0.87210,15.416,-0.637,-1,841.235,-1,851.121,-1,854.805,796.729,451.229,568.100,-1,-1,401.682,622.430,-1,-1,-1,-1,2,0,2,0,2,0,0,1,0,2,2,0,0,2,2,2,2
148,-6250.700,4796.631,-469.404,34.290,0.825428,-0.559139,-0.077673,0.562862,0.825693,0.037658,0.043078,-0.074803,0.996267,0,0.30024,-0.87210,19.144,-0.758,-1,860.860,-1,860.808,-1,867.895,806.777,454.707,547.172,-1,578.268,375.538,605.383,-1,-1,-1,-1,2,0,2,0,2,0,0,1,0,2,0,0,0,2,2,2,2
149,-6233.060,4803.611,-470.091,33.579,0.832156,-0.548778,-0.079750,0.552444,0.832888,0.033215,0.048195,-0.071698,0.996261,0,0.30024,-0.87210,18.971,-0.711,-1,871.828,-1,870.302,-1,871.172,808.405,493.096,539.032,-1,496.915,369.680,604.450,-1,-1,-1,-1,2,0,2,0,2,0,0,1,0,2,0,0,0,2,2,2,2
150,-6216.079,4810.904,-469.973,32.947,0.838163,-0.539254,-0.081776,0.543206,0.838820,0.036170,0.049091,-0.074738,0.995994,0,-0.16456,-0.65362,18.480,-0.632,-1,872.863,-1,871.732,-1,865.355,801.924,522.946,543.826,-1,511.507,384.261,619.102,-1,-1,-1,-1,2,0,2,0,2,0,0,1,0,2,0,0,0,2,2,2,2
151,-6199.847,4818.455,-469.348,32.387,0.843515,-0.530530,-0.083784,0.535043,0.843646,0.044607,0.047019,-0.082454,0.995485,0,-0.16539,-0.65362,17.902,-0.560,-1,864.552,-1,870.055,-1,850.569,791.405,547.683,557.683,-1,587.774,414.202,645.564,-1,-1,-1,-1,2,0,2,0,2,0,0,1,0,2,0,0,0,2,2,2,2
152,-6184.290,4826.067,-468.533,31.867,0.848462,-0.522188,-0.086207,0.527449,0.847723,0.056252,0.043706,-0.093197,0.994688,0,-0.16612,-0.65362,17.320,-0.520,-1,852.495,-1,868.701,-1,833.290,778.962,570.063,578.158,-1,-1,453.166,679.217,-1,-1,-1,-1,2,0,2,0,2,0,0,1,0,2,2,0,0,2,2,2,2
153,-6169.364,4833.794,-467.753,31.428,0.852620,-0.514980,-0.088514,0.521004,0.850786,0.068688,0.039934,-0.104681,0.993704,0,-0.16678,-0.65362,16.807,-0.440,-1,839.164,-1,868.923,-1,816.196,767.026,575.825,602.710,-1,-1,495.545,715.438,-1,-1,-1,-1,2,0,2,0,2,0,0,1,0,2,2,0,0,2,2,2,2
154,-6154.958,4841.517,-466.998,31.041,0.856267,-0.508617,-0.090086,0.515323,0.853101,0.081611,0.035344,-0.116304,0.992585,0,-0.16734,-0.65362,16.345,-0.387,989.778,824.543,-1,869.182,-1,798.723,753.344,549.910,629.412,-1,-1,567.255,755.430,-1,-1,-1,-1,0,0,2,0,2,0,0,0,0,2,2,0,0,2,2,2,2
155,-6141.050,4849.042,-466.121,30.693,0.859526,-0.503092,-0.090068,0.510202,0.854995,0.093155,0.030142,-0.126022,0.991569,0,-0.16781,-0.65362,15.813,-0.348,953.996,810.164,-1,864.595,-1,781.853,738.883,518.801,653.270,-1,-1,-1,795.723,-1,-1,-1,-1,0,0,2,0,2,0,0,0,0,2,2,2,0,2,2,2,2
156,-6127.636,4856.394,-465.183,30.399,0.862269,-0.498664,-0.088465,0.505865,0.856427,0.103122,0.024341,-0.133670,0.990727,0,-0.16823,-0.65362,15.296,-0.294,921.844,795.784,-1,854.621,-1,765.145,724.118,491.978,674.765,-1,-1,-1,835.356,992.893,-1,-1,-1,0,0,2,0,2,0,0,0,0,2,2,2,0,0,2,2,2
157,-6114.689,4863.506,-464.243,30.144,0.864626,-0.495022,-0.085879,0.502086,0.857537,0.111981,0.018212,-0.139940,0.989992,0,-0.16858,-0.65362,14.772,-0.255,892.408,781.716,-1,842.008,-1,748.820,709.432,467.233,694.044,-1,-1,-1,874.542,972.238,-1,-1,-1,0,0,2,0,2,0,0,0,0,2,2,2,0,0,2,2,2
158,-6102.086,4870.297,-463.353,29.938,0.866500,-0.492145,-0.083494,0.499021,0.858203,0.120273,0.012463,-0.145882,0.989223,0,-0.16887,-0.65362,14.317,-0.206,865.350,768.439,-1,831.123,-1,734.137,696.555,447.041,713.021,-1,-1,-1,913.273,953.141,-1,-1,-1,0,0,2,0,2,0,0,0,0,2,2,2,0,0,2,2,2
159,-6089.829,4876.857,-462.582,29.741,0.868257,-0.489381,-0.081465,0.496059,0.858843,0.127726,0.007459,-0.151311,0.988458,0,-0.16908,-0.65362,13.902,-0.197,841.999,756.534,-1,822.258,-1,721.387,685.768,429.159,729.655,-1,-1,-1,950.785,935.647,-1,-1,-1,0,0,2,0,2,0,0,0,0,2,2,2,0,0,2,2,2
160,-6077.627,4883.331,-461.998,29.504,0.870312,-0.485953,-0.080047,0.492487,0.859964,0.133860,0.003788,-0.155922,0.987762,0,0.44512,-1.00000,13.813,-0.236,823.505,746.844,-1,816.280,-1,711.234,678.015,412.726,743.005,-1,-1,-1,984.195,921.677,-1,-1,-1,0,0,2,0,2,0,0,0,0,2,2,2,0,0,2,2,2
161,-6065.031,4889.798,-461.597,29.223,0.872722,-0.481630,-0.079929,0.488213,0.861624,0.138756,0.002040,-0.160118,0.987096,0,0.44583,-1.00000,14.159,-0.281,808.835,739.700,-1,815.552,-1,704.570,673.983,396.584,755.508,-1,-1,-1,-1,912.009,-1,1002.974,-1,0,0,2,0,2,0,0,0,0,2,2,2,2,0,2,0,2
162,-6052.111,4896.203,-461.296,28.936,0.875164,-0.477126,-0.080247,0.483826,0.863413,0.142935,0.001088,-0.163917,0.986473,0,0.44670,-1.00000,14.421,-0.288,796.234,733.308,-1,816.723,-1,698.938,671.423,382.170,767.072,-1,-1,-1,-1,904.056,-1,989.753,-1,0,0,2,0,2,0,0,0,0,2,2,2,2,0,2,0,2
163,-6038.892,4902.465,-461.129,28.624,0.877782,-0.472382,-0.079719,0.479061,0.865484,0.146418,-0.000170,-0.166713,0.986005,0,0.44759,-1.00000,14.627,-0.311,784.399,726.825,-1,814.774,-1,691.906,667.299,369.296,775.857,-1,-1,-1,-1,896.162,-1,977.447,-1,0,0,2,0,2,0,0,0,0,2,2,2,2,0,2,0,2
164,-6025.448,4908.615,-461.182,28.298,0.880491,-0.467588,-0.078087,0.474058,0.867637,0.149915,-0.002347,-0.169017,0.985610,0,0.44858,-1.00000,14.784,-0.326,771.271,718.674,-1,808.052,-1,682.637,660.223,362.254,782.794,-1,-1,-1,-1,886.638,-1,962.729,-1,0,0,2,0,2,0,0,0,0,2,2,2,2,0,2,0,2
165,-6011.834,4914.700,-461.412,27.937,0.883448,-0.462448,-0.075242,0.468496,0.869996,0.153684,-0.005610,-0.171023,0.985251,0,0.44962,-1.00000,14.912,-0.361,757.386,709.218,-1,796.318,-1,670.860,649.923,355.079,788.332,-1,-1,-1,-1,875.318,-1,945.289,-1,0,0,2,0,2,0,0,0,0,2,2,2,2,0,2,0,2
166,-5998.149,4920.670,-461.605,27.565,0.886436,-0.457416,-0.070727,0.462733,0.872341,0.157794,-0.010480,-0.172602,0.984936,0,0.45079,-1.00000,14.931,-0.372,742.580,698.159,-1,778.958,-1,656.510,636.148,348.473,792.716,-1,-1,-1,-1,860.670,-1,924.262,-1,0,0,2,0,2,0,0,0,0,2,2,2,2,0,2,0,2
167,-5984.324,4926.602,-461.649,27.190,0.889382,-0.452454,-0.065465,0.456877,0.874575,0.162428,-0.016237,-0.174370,0.984546,0,0.45201,-1.00000,15.044,-0.376,726.639,686.308,-1,759.926,-1,641.555,621.191,341.930,798.456,-1,-1,-1,-1,844.752,-1,901.356,-1,0,0,2,0,2,0,0,0,0,2,2,2,2,0,2,0,2
168,-5970.314,4932.604,-461.499,26.814,0.892257,-0.447463,-0.060458,0.450989,0.876624,0.167749,-0.022063,-0.176941,0.983974,0,0.45324,-1.00000,15.242,-0.375,710.215,674.470,-1,742.831,-1,627.096,607.103,334.848,806.961,-1,-1,-1,-1,828.784,-1,878.046,-1,0,0,2,0,2,0,0,0,0,2,2,2,2,0,2,0,2
169,-5953.301,4939.858,-461.005,26.355,0.895675,-0.441325,-0.054756,0.443740,0.878798,0.175527,-0.029345,-0.181512,0.982951,0,0.45446,-1.00000,18.495,-0.459,688.841,657.391,-1,724.586,-1,610.052,590.409,327.983,822.948,-1,-1,-1,-1,809.208,-1,847.811,-1,0,0,2,0,2,0,0,0,0,2,2,2,2,0,2,0,2
170,-5941.947,4944.738,-460.417,26.045,0.897916,-0.437204,-0.050994,0.438810,0.880026,0.181658,-0.034546,-0.185490,0.982039,0,0.45597,-1.00000,12.358,-0.310,673.806,645.728,-1,713.501,-1,598.764,579.734,327.606,837.732,-1,-1,-1,-1,795.760,-1,826.943,-1,0,0,2,0,2,0,0,0,0,2,2,2,2,0,2,0,2
171,-5927.728,4950.877,-459.378,25.640,0.900762,-0.431813,-0.046534,0.432352,0.881360,0.190463,-0.041231,-0.191681,0.980591,0,0.45698,-1.00000,15.488,-0.404,654.319,631.148,-1,702.258,-1,585.040,567.887,326.468,861.073,-1,-1,-1,-1,778.841,-1,801.621,-1,0,0,2,0,2,0,0,0,0,2,2,2,2,0,2,0,2
172,-5913.390,4956.837,-458.141,25.181,0.903910,-0.425646,-0.042096,0.424986,0.882653,0.200774,-0.048303,-0.199372,0.978733,0,0.45832,-1.00000,15.528,-0.459,634.259,616.198,-1,691.933,-1,570.952,556.410,324.248,889.550,-1,-1,-1,-1,760.681,-1,775.888,-1,0,0,2,0,2,0,0,0,0,2,2,2,2,0,2,0,2
173,-5899.022,4962.644,-456.889,24.654,0.907388,-0.418729,-0.036226,0.416466,0.884173,0.211647,-0.056592,-0.207133,0.976675,0,0.45987,-1.00000,15.496,-0.527,613.645,600.118,-1,677.751,-1,553.753,542.184,322.021,917.400,-1,-1,-1,-1,741.537,-1,749.110,-1,0,0,2,0,2,0,0,0,0,2,2,2,2,0,2,0,2
174,-5884.610,4968.155,-455.664,24.051,0.911179,-0.410993,-0.028949,0.406654,0.885814,0.223530,-0.066226,-0.215448,0.974267,0,0.46168,-1.00000,15.430,-0.603,592.084,582.733,-1,659.960,-1,533.359,525.446,319.217,945.195,-1,-1,-1,-1,721.068,-1,720.911,-1,0,0,2,0,2,0,0,0,0,2,2,2,2,0,2,0,2
175,-5870.162,4973.316,-454.493,23.368,0.915248,-0.402372,-0.020458,0.395450,0.887469,0.236679,-0.077078,-0.224710,0.971372,0,0.46380,-1.00000,15.343,-0.683,569.313,564.193,-1,639.566,-1,510.979,506.849,314.905,975.852,-1,-1,-1,-1,699.480,-1,690.444,-1,0,0,2,0,2,0,0,0,0,2,2,2,2,0,2,0,2
176,-5855.569,4978.255,-453.512,22.700,0.918927,-0.394244,-0.012009,0.384404,0.888342,0.251160,-0.088350,-0.235414,0.967871,0,0.46623,-1.00000,15.406,-0.667,545.483,545.073,-1,619.804,-1,488.509,488.400,312.412,-1,-1,-1,-1,-1,677.113,-1,658.717,-1,0,0,2,0,2,0,0,0,2,2,2,2,2,0,2,0,2
177,-5840.893,4983.075,-452.675,21.995,0.922622,-0.385688,-0.003582,0.372674,0.889020,0.266002,-0.099409,-0.246755,0.963966,0,0.46859,-1.00000,15.448,-0.705,522.467,526.428,-1,601.364,-1,466.752,470.730,309.241,-1,-1,-1,-1,-1,654.844,-1,627.396,-1,0,0,2,0,2,0,0,0,2,2,2,2,2,0,2,0,2
178,-5826.082,4988.114,-451.851,21.339,0.925818,-0.377936,0.005028,0.361691,0.889727,0.278506,-0.109731,-0.256027,0.960421,0,0.47111,-1.00000,15.645,-0.656,501.509,508.221,-1,584.209,-1,447.777,455.007,307.988,-1,-1,-1,-1,-1,633.055,-1,599.952,-1,0,0,2,0,2,0,0,0,2,2,2,2,2,0,2,0,2
179,-5810.848,4993.208,-451.118,20.737,0.928689,-0.370670,0.011888,0.351602,0.890205,0.289674,-0.117956,-0.264837,0.957052,0,0.47343,-1.00000,16.063,-0.602,482.890,488.393,-1,572.537,-1,433.275,442.864,307.071,-1,-1,-1,-1,-1,612.264,-1,576.700,-1,0,0,2,0,2,0,0,0,2,2,2,2,2,0,2,0,2
180,-5795.188,4998.476,-450.648,20.182,0.931413,-0.363588,0.016559,0.342369,0.890678,0.299126,-0.123507,-0.272940,0.954070,0,0.47554,-1.00000,16.523,-0.554,467.321,472.802,-1,566.612,-1,422.630,434.395,305.947,-1,619.528,-1,-1,-1,595.775,-1,557.797,-1,0,0,2,0,2,0,0,0,2,1,2,2,2,0,2,0,2
181,-5779.136,5003.610,-450.514,19.626,0.934193,-0.356180,0.020454,0.333137,0.891402,0.307283,-0.127681,-0.280248,0.951398,0,0.47744,-1.00000,16.852,-0.556,453.138,459.003,-1,562.401,-1,413.385,427.510,305.041,-1,596.167,-1,-1,-1,581.399,-1,540.576,-1,0,0,2,0,2,0,0,0,2,1,2,2,2,0,2,0,2
182,-5762.840,5008.186,-450.540,18.998,0.937258,-0.347723,0.025238,0.322691,0.892632,0.314767,-0.131980,-0.286874,0.948833,0,0.47935,-1.00000,16.926,-0.628,439.720,445.036,-1,556.333,-1,403.353,420.525,304.626,-1,600.032,-1,-1,-1,567.291,-1,524.022,-1,0,0,2,0,2,0,0,0,2,1,2,2,2,0,2,0,2
183,-5746.327,5012.122,-450.735,18.312,0.940552,-0.338290,0.030362,0.311283,0.894310,0.321422,-0.135887,-0.292863,0.946449,0,0.32380,-0.51980,16.976,-0.686,427.611,432.397,-1,549.715,-1,393.228,413.292,304.928,-1,620.627,-1,-1,-1,554.111,-1,508.989,-1,0,0,2,0,2,0,0,0,2,1,2,2,2,0,2,0,2
184,-5729.701,5015.881,-451.272,17.672,0.943535,-0.329328,0.035834,0.300604,0.896618,0.325137,-0.139206,-0.296007,0.944988,0,0.32542,-0.51980,17.046,-0.641,416.878,421.306,-1,541.111,-1,383.537,405.989,306.780,-1,641.938,-1,-1,-1,542.593,-1,496.115,-1,0,0,2,0,2,0,0,0,2,1,2,2,2,0,2,0,2
185,-5712.937,5019.238,-451.961,17.058,0.946340,-0.320534,0.041219,0.290382,0.899352,0.326871,-0.141843,-0.297361,0.944170,0,0.32693,-0.51980,17.097,-0.613,407.788,411.580,-1,532.861,-1,374.215,399.088,309.780,-1,651.204,-1,-1,-1,532.692,-1,481.805,-1,0,0,2,0,2,0,0,0,2,1,2,2,2,0,2,0,2
186,-5695.900,5022.228,-452.889,16.491,0.949081,-0.311825,0.044838,0.280972,0.902220,0.327190,-0.142480,-0.297932,0.943894,0,0.32837,-0.51980,17.296,-0.567,400.768,403.499,-1,527.939,-1,367.191,394.320,313.221,-1,566.858,-1,-1,-1,525.481,-1,470.996,-1,0,0,2,0,2,0,0,0,2,1,2,2,2,0,2,0,2
187,-5678.612,5025.139,-454.238,16.007,0.951635,-0.303704,0.046411,0.273009,0.905220,0.325642,-0.140911,-0.297222,0.944353,0,0.32969,-0.51633,17.532,-0.484,395.726,397.673,-1,525.962,-1,363.462,391.692,316.458,-1,542.312,-1,-1,-1,520.877,-1,463.671,-1,0,0,2,0,2,0,0,0,2,1,2,2,2,0,2,0,2
188,-5661.114,5027.809,-455.966,15.534,0.954328,-0.295156,0.046273,0.265270,0.908375,0.323245,-0.137441,-0.296207,0.945183,0,0.33078,-0.51216,17.701,-0.473,392.504,394.112,-1,526.774,-1,361.197,390.371,319.309,-1,569.126,-1,-1,-1,518.209,-1,458.793,-1,0,0,2,0,2,0,0,0,2,1,2,2,2,0,2,0,2
189,-5643.537,5029.799,-457.775,14.976,0.957515,-0.284829,0.045139,0.256128,0.911866,0.320778,-0.132527,-0.295588,0.946078,0,0.33185,-0.50810,17.689,-0.559,389.936,391.880,-1,530.128,-1,359.818,390.679,322.219,-1,595.288,-1,-1,-1,517.418,-1,455.924,-1,0,0,2,0,2,0,0,0,2,1,2,2,2,0,2,0,2
190,-5626.107,5030.832,-459.362,14.282,0.961280,-0.272061,0.043862,0.244708,0.915921,0.318130,-0.126725,-0.295078,0.947032,0,0.33315,-0.50319,17.460,-0.693,389.359,390.497,-1,536.923,-1,359.028,391.438,326.462,-1,648.340,-1,-1,-1,517.647,-1,455.447,-1,0,0,2,0,2,0,0,0,2,1,2,2,2,0,2,0,2
191,-5609.391,5030.374,-460.251,13.389,0.965611,-0.256212,0.044161,0.229849,0.920645,0.315566,-0.121508,-0.294564,0.947876,0,0.33480,-0.49689,16.722,-0.893,390.978,389.062,-1,541.314,-1,357.565,391.456,332.091,-1,725.927,-1,-1,-1,515.985,-1,456.663,-1,0,0,2,0,2,0,0,0,2,1,2,2,2,0,2,0,2
192,-5593.444,5028.955,-460.667,12.457,0.969769,-0.239705,0.045714,0.214230,0.925990,0.310884,-0.116851,-0.291692,0.949348,0,0.33700,-0.48854,16.010,-0.932,393.652,388.508,-1,539.572,-1,356.221,391.625,339.130,-1,-1,-1,-1,-1,515.576,-1,461.145,-1,0,0,2,0,2,0,0,0,2,2,2,2,2,0,2,0,2
193,-5577.760,5027.291,-461.104,11.639,0.973440,-0.224347,0.045637,0.200516,0.931669,0.302963,-0.110487,-0.285765,0.951909,0,0.33931,-0.47976,15.772,-0.818,401.534,389.815,-1,539.242,-1,357.509,395.908,347.748,-1,-1,-1,-1,-1,520.118,-1,472.053,-1,0,0,2,0,2,0,0,0,2,2,2,2,2,0,2,0,2
194,-5562.620,5024.878,-461.434,10.833,0.977020,-0.208593,0.043828,0.186957,0.937411,0.293783,-0.102366,-0.278838,0.954867,0,0.34132,-0.47210,15.332,-0.807,413.845,393.759,-1,545.158,-1,361.047,400.492,357.610,-1,-1,-1,-1,-1,529.273,-1,488.435,-1,0,0,2,0,2,0,0,0,2,2,2,2,2,0,2,0,2
195,-5547.918,5022.049,-461.887,10.049,0.980469,-0.192560,0.040012,0.173746,0.943386,0.282552,-0.092155,-0.270082,0.958417,0,0.34331,-0.46452,14.971,-0.784,431.742,400.984,-1,555.555,-1,368.771,407.234,369.096,-1,-1,-1,-1,-1,545.626,-1,511.896,-1,0,0,2,0,2,0,0,0,2,2,2,2,2,0,2,0,2
196,-5533.580,5018.963,-462.554,9.357,0.983529,-0.177532,0.033954,0.162063,0.949328,0.269280,-0.080040,-0.259342,0.962463,0,0.34525,-0.45715,14.666,-0.692,455.720,414.403,-1,568.093,-1,380.224,418.710,382.195,-1,-1,-1,-1,-1,564.990,-1,543.580,-1,0,0,2,0,2,0,0,0,2,2,2,2,2,0,2,0,2
197,-5519.620,5015.499,-463.590,8.649,0.986382,-0.162235,0.027027,0.150046,0.954934,0.256102,-0.067358,-0.248559,0.966272,0,0.34696,-0.45067,14.383,-0.708,480.387,425.965,-1,-1,-1,389.839,431.453,392.911,993.105,-1,-1,-1,-1,584.939,-1,578.007,-1,0,0,2,2,2,0,0,0,0,2,2,2,2,0,2,0,2
198,-5505.957,5011.854,-465.015,7.926,0.988966,-0.146817,0.019788,0.137685,0.960204,0.243004,-0.054677,-0.237599,0.969823,0,0.34871,-0.44402,14.141,-0.724,506.543,437.360,-1,-1,-1,400.250,442.823,400.506,952.192,-1,-1,-1,-1,604.081,-1,616.729,-1,0,0,2,2,2,0,0,0,0,2,2,2,2,0,2,0,2
199,-5492.566,5008.048,-466.737,7.269,0.991086,-0.132706,0.011778,0.126419,0.964657,0.231203,-0.042044,-0.227653,0.972834,0,0.35050,-0.43720,13.921,-0.657,534.384,450.664,-1,-1,-1,412.536,448.736,407.436,916.409,-1,-1,-1,-1,616.713,-1,655.344,-1,0,0,2,2,2,0,0,0,0,2,2,2,2,0,2,0,2
200,-5479.385,5004.225,-468.736,6.635,0.992872,-0.119137,0.003336,0.115492,0.968652,0.219941,-0.029435,-0.217988,0.975507,0,0.35212,-0.43103,13.725,-0.634,562.786,464.248,-1,-1,-1,424.753,455.041,414.070,881.936,-1,-1,-1,-1,630.391,-1,691.887,-1,0,0,2,2,2,0,0,0,0,2,2,2,2,0,2,0,2
201,-5466.550,5000.673,-470.542,5.934,0.994450,-0.105181,-0.002646,0.103365,0.971963,0.211196,-0.019642,-0.210297,0.977440,0,0.35369,-0.42507,13.317,-0.701,587.609,469.546,-1,-1,-1,428.356,458.342,419.632,854.571,-1,-1,-1,-1,642.062,-1,708.959,-1,0,0,2,2,2,0,0,0,0,2,2,2,2,0,2,0,2
202,-5454.174,4997.562,-471.536,5.199,0.995774,-0.091742,-0.004204,0.090608,0.973931,0.207965,-0.014985,-0.207467,0.978127,0,0.35543,-0.41845,12.760,-0.735,599.381,467.665,-1,-1,-1,426.570,457.286,422.740,841.995,-1,-1,-1,-1,643.193,-1,705.899,-1,0,0,2,2,2,0,0,0,0,2,2,2,2,0,2,0,2
203,-5442.134,4994.901,-471.621,4.463,0.996871,-0.078998,-0.002678,0.077812,0.974821,0.208974,-0.013898,-0.208529,0.977917,0,0.35727,-0.41148,12.331,-0.736,598.980,460.932,-1,-1,-1,421.590,454.886,421.258,841.396,-1,-1,-1,-1,636.125,-1,692.044,-1,0,0,2,2,2,0,0,0,0,2,2,2,2,0,2,0,2
204,-5430.708,4992.649,-470.876,3.765,0.997721,-0.067462,0.001331,0.065649,0.975082,0.211907,-0.015593,-0.211337,0.977289,0,-0.20234,-0.28234,11.646,-0.699,591.243,451.914,-1,-1,-1,414.941,452.302,419.223,847.310,-1,-1,-1,-1,-1,-1,672.511,-1,0,0,2,2,2,0,0,0,0,2,2,2,2,2,2,0,2
205,-5420.519,4990.784,-469.476,3.117,0.998324,-0.057356,0.007718,0.054363,0.975138,0.214828,-0.019848,-0.214048,0.976621,0,-0.20332,-0.27572,10.358,-0.648,578.224,441.753,-1,-1,-1,407.113,447.531,418.027,854.773,-1,-1,-1,-1,-1,-1,647.640,-1,0,0,2,2,2,0,0,0,0,2,2,2,2,2,2,0,2
206,-5411.291,4989.157,-467.715,2.548,0.998744,-0.048392,0.012984,0.044441,0.975287,0.216425,-0.023136,-0.215576,0.976213,0,-0.20423,-0.26957,9.370,-0.569,570.667,434.782,-1,-1,-1,401.765,444.930,418.140,860.595,-1,-1,-1,-1,-1,-1,632.775,-1,0,0,2,2,2,0,0,0,0,2,2,2,2,2,2,0,2
207,-5402.795,4987.506,-465.899,2.051,0.999066,-0.040169,0.015930,0.035781,0.975680,0.216258,-0.024230,-0.215486,0.976206,0,-0.20503,-0.26418,8.655,-0.497,570.600,431.807,-1,-1,-1,399.613,445.476,419.579,862.770,-1,-1,-1,-1,-1,-1,627.473,-1,0,0,2,2,2,0,0,0,0,2,2,2,2,2,2,0,2
208,-5395.149,4985.556,-464.186,1.550,0.999352,-0.031501,0.017432,0.027038,0.976382,0.214353,-0.023773,-0.213743,0.976601,0,-0.20573,-0.25948,7.891,-0.501,576.595,431.422,-1,-1,-1,400.147,867.976,422.226,860.346,-1,-1,-1,-1,-1,-1,628.979,-1,0,0,2,2,2,0,0,0,0,2,2,2,2,2,2,0,2
209,-5388.109,4983.400,-462.752,1.043,0.999591,-0.022443,0.017746,0.018203,0.977375,0.210730,-0.022073,-0.210321,0.977383,0,-0.20644,-0.25470,7.362,-0.506,586.206,433.308,-1,-1,-1,402.463,881.511,425.832,853.022,-1,-1,-1,-1,-1,-1,-1,-1,0,0,2,2,2,0,0,0,0,2,2,2,2,2,2,2,2
210,-5381.359,4981.349,-461.736,0.591,0.999753,-0.014137,0.017141,0.010317,0.978626,0.205390,-0.019678,-0.205163,0.978530,0,-0.20716,-0.24984,7.055,-0.452,599.160,436.294,-1,-1,-1,405.276,895.507,430.009,840.930,-1,-1,-1,-1,-1,-1,-1,-1,0,0,2,2,2,0,0,0,0,2,2,2,2,2,2,2,2
211,-5374.897,4979.433,-461.121,0.210,0.999834,-0.007161,0.016772,0.003669,0.979862,0.199640,-0.017864,-0.199545,0.979726,0,-0.20780,-0.24552,6.740,-0.381,609.258,737.249,-1,-1,-1,406.933,906.589,433.824,827.397,-1,-1,-1,-1,-1,-1,-1,-1,0,0,2,2,2,0,0,0,0,2,2,2,2,2,2,2,2
212,-5368.857,4977.583,-460.814,-0.148,0.999839,-0.000920,0.017895,-0.002585,0.980821,0.194894,-0.017731,-0.194909,0.980661,0,-0.20833,-0.24191,6.316,-0.358,609.693,747.730,-1,-1,-1,406.022,911.541,436.526,815.781,-1,-1,-1,-1,-1,-1,-1,-1,0,0,2,2,2,0,0,0,0,2,2,2,2,2,2,2,2
213,-5363.202,4976.061,-460.754,-0.453,0.999777,0.004017,0.020735,-0.007901,0.981598,0.190793,-0.019587,-0.190914,0.981411,0,-0.20884,-0.23850,5.856,-0.305,605.388,750.765,-1,-1,-1,402.395,906.435,438.498,805.501,-1,-1,-1,-1,-1,-1,-1,-1,0,0,2,2,2,0,0,0,0,2,2,2,2,2,2,2,2
214,-5357.978,4974.897,-460.784,-0.690,0.999660,0.007496,0.024955,-0.012037,0.982265,0.187113,-0.023110,-0.187350,0.982021,0,-0.20926,-0.23563,5.352,-0.237,597.842,747.639,-1,-1,-1,396.825,893.403,440.077,796.154,-1,-1,-1,-1,-1,-1,-1,-1,0,0,2,2,2,0,0,0,0,2,2,2,2,2,2,2,2
215,-5353.189,4973.977,-460.653,-0.887,0.999520,0.010250,0.029234,-0.015478,0.982682,0.184653,-0.026835,-0.185017,0.982369,0,-0.20959,-0.23342,4.876,-0.197,589.287,742.949,-1,-1,-1,391.402,880.606,441.040,789.995,-1,-1,-1,-1,-1,-1,-1,-1,0,0,2,2,2,0,0,0,0,2,2,2,2,2,2,2,2
216,-5348.831,4973.199,-460.280,-1.069,0.999380,0.012851,0.032767,-0.018653,0.982857,0.183423,-0.029848,-0.183920,0.982488,0,-0.20986,-0.23160,4.428,-0.182,581.517,739.499,-1,-1,-1,387.283,872.241,441.490,787.588,-1,-1,-1,-1,-1,-1,-1,-1,0,0,2,2,2,0,0,0,0,2,2,2,2,2,2,2,2
217,-5344.909,4972.497,-459.699,-1.233,0.999266,0.015337,0.035096,-0.021502,0.982942,0.182656,-0.031696,-0.183276,0.982550,0,-0.21011,-0.22992,3.984,-0.163,576.354,738.695,-1,-1,-1,384.996,869.470,441.973,786.917,-1,-1,-1,-1,-1,-1,-1,-1,0,0,2,2,2,0,0,0,0,2,2,2,2,2,2,2,2
218,-5341.407,4971.870,-459.001,-1.368,0.999193,0.017587,0.036112,-0.023868,0.983076,0.181636,-0.032306,-0.182351,0.982703,0,-0.21033,-0.22841,3.558,-0.136,574.668,741.698,-1,-1,-1,384.533,871.763,442.901,786.015,-1,-1,-1,-1,-1,-1,-1,-1,0,0,2,2,2,0,0,0,0,2,2,2,2,2,2,2,2
219,-5338.338,4971.298,-458.286,-1.478,0.999153,0.019566,0.036187,-0.025782,0.983290,0.180213,-0.032056,-0.180994,0.982962,0,-0.21052,-0.22717,3.122,-0.110,575.689,747.285,-1,-1,-1,768.282,877.116,444.260,784.240,-1,-1,-1,-1,-1,-1,-1,-1,0,0,2,2,2,0,0,0,0,2,2,2,2,2,2,2,2
220,-5335.732,4970.779,-457.632,-1.567,0.999129,0.021259,0.035904,-0.027340,0.983571,0.178438,-0.031521,-0.179264,0.983296,0,-0.21066,-0.22617,2.657,-0.089,578.085,753.580,-1,-1,-1,774.517,882.909,445.904,781.508,-1,-1,-1,-1,-1,-1,-1,-1,0,0,2,2,2,0,0,0,0,2,2,2,2,2,2,2,2
221,-5333.583,4970.353,-457.091,-1.641,0.999102,0.022640,0.035809,-0.028621,0.983888,0.176482,-0.031236,-0.177348,0.983652,0,-0.21078,-0.22536,2.192,-0.073,580.452,758.740,-1,-1,-1,778.034,886.811,447.607,778.121,-1,-1,-1,-1,-1,-1,-1,-1,0,0,2,2,2,0,0,0,0,2,2,2,2,2,2,2,2
222,-2738.364,1353.149,-306.284,114.755,-0.417804,-0.882862,0.214464,0.906089,-0.422220,0.027067,0.066655,0.205632,0.976357,1,-0.21088,-0.22470,0.000,0.000,-1,498.313,-1,427.842,-1,389.978,368.131,729.356,369.128,-1,794.749,903.212,-1,-1,867.155,-1,-1,2,0,2,0,2,0,0,0,0,2,0,0,2,2,0,2,2
223,-2736.195,1352.731,-304.659,114.703,-0.416766,-0.882760,0.216887,0.906007,-0.422781,0.020189,0.073874,0.204915,0.975988,0,0.37352,0.42898,2.209,-0.052,-1,518.381,-1,447.400,-1,404.490,382.566,733.506,376.002,988.093,754.244,854.561,-1,-1,940.611,-1,-1,2,0,2,0,2,0,0,0,0,0,0,0,2,2,0,2,2
224,-2734.549,1352.084,-300.406,114.685,-0.416413,-0.884773,0.209230,0.905964,-0.423130,0.013771,0.076348,0.195289,0.977769,0,0.37336,0.42974,1.769,-0.017,-1,529.405,-1,470.579,-1,416.073,397.165,721.719,403.497,933.985,760.354,868.752,-1,-1,-1,-1,-1,2,0,2,0,2,0,0,0,0,0,0,0,2,2,2,2,2
225,-2733.267,1351.396,-294.990,114.686,-0.416449,-0.887368,0.197858,0.906020,-0.423133,0.009279,0.075487,0.183127,0.980187,0,0.37330,0.43004,1.455,0.001,-1,534.324,-1,492.882,-1,424.587,409.647,707.017,439.516,898.630,795.354,918.495,-1,-1,-1,-1,-1,2,0,2,0,2,0,0,0,0,0,0,0,2,2,2,2,2
226,-2732.259,1350.897,-289.660,114.683,-0.416468,-0.889506,0.187975,0.906186,-0.422824,0.006875,0.073364,0.173203,0.982150,0,0.37328,0.43011,1.125,-0.003,-1,537.631,-1,511.964,-1,431.272,420.283,697.803,473.116,889.657,841.532,980.948,-1,-1,-1,-1,-1,2,0,2,0,2,0,0,0,0,0,0,0,2,2,2,2,2
227,-2731.516,1350.668,-285.072,114.708,-0.416959,-0.890765,0.180783,0.906197,-0.422801,0.006806,0.070373,0.166663,0.983499,0,0.37326,0.43020,0.777,0.025,-1,539.147,-1,523.907,-1,435.420,427.170,694.226,499.282,900.295,894.626,-1,-1,-1,-1,-1,-1,2,0,2,0,2,0,0,0,0,0,0,2,2,2,2,2,2
228,-2730.961,1350.646,-281.520,114.743,-0.417612,-0.891532,0.175417,0.906160,-0.422856,0.008176,0.066886,0.162370,0.984460,0,0.37330,0.43001,0.555,0.035,-1,538.319,-1,529.601,-1,436.918,430.347,693.007,519.266,922.958,951.191,-1,-1,-1,-1,-1,-1,2,0,2,0,2,0,0,0,0,0,0,2,2,2,2,2,2
229,-2730.589,1350.807,-279.148,114.770,-0.418121,-0.892121,0.171159,0.906161,-0.422820,0.009806,0.063621,0.159198,0.985195,0,0.37336,0.42974,0.406,0.026,-1,535.647,-1,531.357,-1,436.453,430.983,691.569,533.643,942.679,-1,-1,-1,-1,-1,-1,-1,2,0,2,0,2,0,0,0,0,0,2,2,2,2,2,2,2
230,-2730.423,1351.162,-278.022,114.785,-0.418430,-0.892616,0.167787,0.906194,-0.422718,0.011045,0.061067,0.156669,0.985761,0,0.37340,0.42955,0.392,0.015,-1,531.677,-1,530.572,-1,434.560,429.842,688.844,543.032,952.516,-1,-1,-1,-1,-1,-1,-1,2,0,2,0,2,0,0,0,0,0,2,2,2,2,2,2,2
231,-2730.503,1351.667,-278.140,114.796,-0.418655,-0.892940,0.165487,0.906215,-0.422644,0.012056,0.059176,0.155014,0.986138,0,0.37342,0.42948,0.511,0.011,-1,526.432,-1,526.913,-1,431.189,426.788,685.210,546.433,954.328,-1,-1,-1,-1,-1,-1,-1,2,0,2,0,2,0,0,0,0,0,2,2,2,2,2,2,2
232,-2730.828,1352.307,-279.452,114.810,-0.418907,-0.893001,0.164520,0.906201,-0.422636,0.013368,0.057595,0.154688,0.986283,0,0.37343,0.42944,0.717,0.013,-1,519.592,-1,519.337,-1,425.988,421.282,681.596,542.662,954.076,-1,-1,-1,-1,-1,-1,-1,2,0,2,0,2,0,0,0,0,0,2,2,2,2,2,2,2
233,-2731.372,1353.083,-281.880,114.838,-0.419395,-0.892647,0.165193,0.906087,-0.422800,0.015718,0.055813,0.156272,0.986136,0,0.37344,0.42936,0.947,0.028,-1,510.728,-1,506.469,-1,418.454,412.582,679.187,530.697,960.264,-1,-1,-1,-1,-1,-1,-1,2,0,2,0,2,0,0,0,0,0,2,2,2,2,2,2,2
234,-2732.036,1354.051,-285.179,114.875,-0.420029,-0.892015,0.166985,0.905897,-0.423090,0.018572,0.054083,0.159072,0.985785,0,0.37349,0.42913,1.174,0.038,-1,500.501,-1,490.364,-1,409.400,402.497,677.267,513.394,968.613,-1,-1,-1,-1,-1,-1,-1,2,0,2,0,2,0,0,0,0,0,2,2,2,2,2,2,2
235,-2732.811,1355.298,-288.815,114.911,-0.420600,-0.891340,0.169139,0.905643,-0.423574,0.019897,0.053908,0.161549,0.985391,0,0.37356,0.42882,1.468,0.036,-1,492.112,-1,477.435,-1,401.752,394.070,674.220,496.491,960.867,-1,-1,-1,-1,999.060,-1,-1,2,0,2,0,2,0,0,0,0,0,2,2,2,2,0,2,2
236,-2733.744,1356.768,-292.363,114.955,-0.421252,-0.890513,0.171850,0.905243,-0.424443,0.019574,0.055509,0.163812,0.984929,0,0.37361,0.42856,1.742,0.044,-1,486.976,-1,469.002,-1,396.580,388.138,671.138,481.149,939.153,1003.733,-1,-1,-1,981.163,-1,-1,2,0,2,0,2,0,0,0,0,0,0,2,2,2,0,2,2
237,-2734.815,1358.322,-295.407,115.014,-0.422113,-0.889470,0.175109,0.904637,-0.425812,0.017772,0.058756,0.165911,0.984389,0,0.37368,0.42823,1.887,0.059,-1,485.907,-1,465.029,-1,394.519,385.314,668.924,467.790,908.642,944.256,-1,-1,-1,980.105,-1,-1,2,0,2,0,2,0,0,0,0,0,0,2,2,2,0,2,2
238,-2735.831,1359.856,-297.441,115.084,-0.423137,-0.888688,0.176606,0.903944,-0.427380,0.015202,0.061968,0.166074,0.984164,0,0.37379,0.42774,1.840,0.070,-1,486.120,-1,464.819,-1,394.117,384.737,665.003,461.234,879.245,902.630,-1,-1,-1,991.033,-1,-1,2,0,2,0,2,0,0,0,0,0,0,2,2,2,0,2,2
239,-2736.819,1361.282,-298.209,115.155,-0.424204,-0.888322,0.175886,0.903316,-0.428777,0.013064,0.063811,0.164423,0.984324,0,0.37391,0.42715,1.735,0.071,-1,485.831,-1,466.454,-1,394.107,385.151,660.143,461.749,856.492,883.029,-1,-1,-1,1004.549,-1,-1,2,0,2,0,2,0,0,0,0,0,0,2,2,2,0,2,2
240,-2737.757,1362.651,-297.803,115.240,-0.425524,-0.888139,0.173603,0.902659,-0.430199,0.011676,0.064314,0.161673,0.984747,0,0.37404,0.42654,1.660,0.085,-1,485.252,-1,469.232,-1,394.421,386.254,655.584,467.698,843.428,884.305,-1,-1,-1,-1,-1,-1,2,0,2,0,2,0,0,0,0,0,0,2,2,2,2,2,2
241,-2738.694,1364.115,-296.496,115.355,-0.427345,-0.887747,0.171118,0.901795,-0.432029,0.010781,0.064357,0.158920,0.985192,0,0.47816,0.35465,1.738,0.116,-1,485.936,-1,473.452,-1,395.817,388.429,652.946,476.220,839.417,898.143,-1,-1,-1,-1,-1,-1,2,0,2,0,2,0,0,0,0,0,0,2,2,2,2,2,2
242,-2739.727,1365.826,-294.604,115.514,-0.429825,-0.886793,0.169851,0.900580,-0.434572,0.010106,0.064850,0.157309,0.985418,0,0.47844,0.35360,1.999,0.159,-1,489.394,-1,479.727,-1,399.015,392.006,653.798,484.061,843.629,915.588,-1,-1,-1,-1,-1,-1,2,0,2,0,2,0,0,0,0,0,0,2,2,2,2,2,2
243,-2740.886,1367.669,-292.393,115.716,-0.432983,-0.885196,0.170160,0.899011,-0.437812,0.010031,0.065619,0.157319,0.985365,0,0.47884,0.35215,2.177,0.202,-1,494.957,-1,486.046,-1,403.314,396.139,658.319,489.315,857.673,936.302,-1,-1,-1,-1,-1,-1,2,0,2,0,2,0,0,0,0,0,0,2,2,2,2,2,2
244,-2742.203,1369.724,-290.102,115.944,-0.436510,-0.883126,0.171895,0.897203,-0.441503,0.010100,0.066973,0.158633,0.985064,0,0.47935,0.35027,2.441,0.228,-1,502.563,-1,492.736,-1,408.650,401.385,665.579,491.952,876.566,954.367,-1,-1,-1,-1,-1,-1,2,0,2,0,2,0,0,0,0,0,0,2,2,2,2,2,2
245,-2743.737,1371.969,-287.951,116.205,-0.440526,-0.880509,0.175042,0.895074,-0.445803,0.010114,0.069128,0.161131,0.984509,0,0.47993,0.34815,2.719,0.261,-1,511.988,-1,499.632,-1,414.860,407.208,674.828,491.555,897.388,966.112,-1,-1,-1,-1,-1,-1,2,0,2,0,2,0,0,0,0,0,0,2,2,2,2,2,2
246,-2745.510,1374.461,-286.131,116.484,-0.444780,-0.877471,0.179487,0.892712,-0.450523,0.009692,0.072359,0.164541,0.983713,0,0.48059,0.34569,3.058,0.279,-1,523.265,-1,507.113,-1,421.970,413.670,685.332,488.259,916.147,966.620,-1,-1,-1,-1,-1,-1,2,0,2,0,2,0,0,0,0,0,0,2,2,2,2,2,2
247,-2747.546,1377.202,-284.770,116.777,-0.449181,-0.874035,0.185198,0.890131,-0.455623,0.008637,0.076832,0.168730,0.982663,0,0.48131,0.34306,3.414,0.293,-1,536.696,-1,515.609,-1,430.011,420.842,696.659,482.101,931.379,953.092,-1,-1,-1,-1,-1,-1,2,0,2,0,2,0,0,0,0,0,0,2,2,2,2,2,2
248,-2749.840,1380.296,-283.912,117.070,-0.453518,-0.870317,0.192014,0.887383,-0.460989,0.006444,0.082908,0.173313,0.981371,0,0.48206,0.34030,3.852,0.294,-1,553.140,-1,526.423,-1,439.486,429.418,708.172,473.909,934.635,922.733,-1,-1,-1,-1,-1,-1,2,0,2,0,2,0,0,0,0,0,0,2,2,2,2,2,2
249,-2752.422,1383.553,-283.457,117.368,-0.457852,-0.866362,0.199469,0.884496,-0.466532,0.003922,0.089661,0.178225,0.979896,0,0.48281,0.33755,4.156,0.298,-1,570.765,-1,537.463,-1,449.301,438.374,719.744,463.717,932.056,886.408,-1,-1,-1,-1,-1,-1,2,0,2,0,2,0,0,0,0,0,0,2,2,2,2,2,2
250,-2755.193,1386.944,-283.155,117.658,-0.462067,-0.862745,0.205341,0.881675,-0.471854,0.001477,0.095617,0.181727,0.978689,0,0.48357,0.33475,4.379,0.290,-1,585.618,-1,547.341,-1,457.481,446.052,728.041,455.880,924.870,856.898,991.333,-1,-1,-1,-1,-1,2,0,2,0,2,0,0,0,0,0,0,0,2,2,2,2,2
251,-2758.163,1390.380,-282.882,117.963,-0.466554,-0.859416,0.209122,0.878816,-0.477161,-0.000307,0.100049,0.183637,0.977890,0,0.48431,0.33202,4.542,0.305,-1,595.751,-1,554.410,-1,462.923,451.280,732.468,450.777,917.472,839.219,966.598,-1,-1,-1,-1,-1,2,0,2,0,2,0,0,0,0,0,0,0,2,2,2,2,2
252,-2761.275,1393.865,-282.554,118.282,-0.471317,-0.856478,0.210489,0.875976,-0.482353,-0.001249,0.102600,0.183794,0.977596,0,0.48510,0.32912,4.672,0.319,-1,601.098,-1,557.956,-1,465.092,453.529,732.776,448.825,913.212,835.400,961.605,-1,-1,-1,-1,-1,2,0,2,0,2,0,0,0,0,0,0,0,2,2,2,2,2
253,-2764.593,1397.208,-282.110,118.656,-0.476983,-0.853483,0.209892,0.872825,-0.488032,-0.000970,0.103262,0.182737,0.977724,0,0.48593,0.32607,4.710,0.373,-1,600.318,-1,557.247,-1,464.006,452.556,729.848,448.988,914.627,847.215,979.283,-1,-1,-1,-1,-1,2,0,2,0,2,0,0,0,0,0,0,0,2,2,2,2,2
254,-2768.078,1400.535,-281.555,119.052,-0.483023,-0.850672,0.207474,0.869539,-0.493864,-0.000527,0.102912,0.180152,0.978240,0,0.48692,0.32242,4.818,0.396,-1,595.466,-1,555.402,-1,461.124,450.162,723.523,452.024,914.170,867.512,-1,-1,-1,-1,-1,-1,2,0,2,0,2,0,0,0,0,0,0,2,2,2,2,2,2
255,-2771.774,1403.918,-280.943,119.454,-0.489143,-0.847995,0.204070,0.866190,-0.499715,-0.000320,0.102248,0.176607,0.978956,0,0.48798,0.31852,5.010,0.402,-1,589.009,-1,553.576,-1,457.616,447.434,715.301,456.888,910.925,890.856,-1,-1,-1,-1,-1,-1,2,0,2,0,2,0,0,0,0,0,0,2,2,2,2,2,2
256,-2775.741,1407.386,-280.335,119.871,-0.495465,-0.845133,0.200659,0.862644,-0.505811,-0.000337,0.101780,0.172930,0.979661,0,0.51484,0.21099,5.270,0.417,-1,582.897,-1,552.109,-1,454.258,444.890,706.882,461.860,906.238,914.235,-1,-1,-1,-1,-1,-1,2,0,2,0,2,0,0,0,0,0,0,2,2,2,2,2,2
257,-2779.967,1411.036,-279.777,120.299,-0.501879,-0.842024,0.197771,0.858908,-0.512129,-0.000795,0.101954,0.169468,0.980248,0,0.51603,0.20683,5.583,0.428,-1,578.507,-1,551.823,-1,451.729,443.159,699.057,466.227,899.193,933.808,-1,-1,-1,-1,-1,-1,2,0,2,0,2,0,0,0,0,0,0,2,2,2,2,2,2
258,-2784.441,1415.002,-279.297,120.721,-0.508150,-0.838738,0.195709,0.855093,-0.518471,-0.001767,0.102952,0.166452,0.980660,0,0.51725,0.20256,5.979,0.423,-1,576.434,-1,553.071,-1,450.309,442.506,692.413,469.468,889.459,945.830,-1,-1,-1,-1,-1,-1,2,0,2,0,2,0,0,0,0,0,0,2,2,2,2,2,2
259,-2789.131,1419.244,-278.859,121.126,-0.514084,-0.835402,0.194478,0.851333,-0.524617,-0.003133,0.104644,0.163954,0.980902,0,0.51845,0.19836,6.323,0.405,-1,576.539,-1,555.726,-1,449.936,442.904,687.183,471.643,878.257,950.619,-1,-1,-1,-1,-1,-1,2,0,2,0,2,0,0,0,0,0,0,2,2,2,2,2,2
260,-2794.029,1423.763,-278.404,121.521,-0.519821,-0.831984,0.193879,0.847558,-0.530681,-0.004846,0.106920,0.161805,0.981013,0,0.51960,0.19436,6.665,0.395,-1,578.535,-1,559.890,-1,450.509,444.330,683.029,473.152,865.926,949.826,-1,-1,-1,-1,-1,-1,2,0,2,0,2,0,0,0,0,0,0,2,2,2,2,2,2
261,-2799.126,1428.541,-277.914,121.922,-0.525595,-0.828392,0.193693,0.843671,-0.536821,-0.006552,0.109406,0.159969,0.981040,0,0.52071,0.19046,6.986,0.401,-1,581.403,-1,564.409,-1,451.435,446.055,679.747,474.022,854.693,947.825,-1,-1,-1,-1,-1,-1,2,0,2,0,2,0,0,0,0,0,0,2,2,2,2,2,2
262,-2804.368,1433.596,-277.357,122.326,-0.531385,-0.824712,0.193596,0.839720,-0.542960,-0.008113,0.111806,0.158255,0.981048,0,0.52184,0.18652,7.282,0.404,-1,584.303,-1,569.251,-1,452.306,447.706,677.026,474.731,845.245,947.502,-1,-1,-1,-1,-1,-1,2,0,2,0,2,0,0,0,0,0,0,2,2,2,2,2,2
263,-2809.741,1438.903,-276.692,122.734,-0.537225,-0.820943,0.193499,0.835723,-0.549073,-0.009233,0.113825,0.156751,0.981057,0,0.52297,0.18259,7.552,0.408,-1,586.633,-1,573.182,-1,452.756,448.844,675.058,475.194,839.593,951.995,-1,-1,-1,-1,-1,-1,2,0,2,0,2,0,0,0,0,0,0,2,2,2,2,2,2
264,-2815.226,1444.447,-275.869,123.126,-0.542842,-0.817296,0.193262,0.831896,-0.554847,-0.009758,0.115206,0.155477,0.981099,0,0.52410,0.17863,7.799,0.392,-1,587.910,-1,575.434,-1,452.658,449.222,674.062,475.500,838.767,963.141,-1,-1,-1,-1,-1,-1,2,0,2,0,2,0,0,0,0,0,0,2,2,2,2,2,2
265,-2820.796,1450.188,-274.869,123.503,-0.548240,-0.813748,0.192998,0.828197,-0.560347,-0.010002,0.116285,0.154357,0.981148,0,0.52518,0.17486,7.999,0.377,-1,589.066,-1,577.396,-1,452.929,449.464,673.928,475.277,840.876,978.103,-1,-1,-1,-1,-1,-1,2,0,2,0,2,0,0,0,0,0,0,2,2,2,2,2,2
266,-2826.397,1456.153,-273.675,123.860,-0.553305,-0.810396,0.192647,0.824639,-0.565560,-0.010645,0.117580,0.152974,0.981210,0,0.52621,0.17126,8.182,0.357,-1,590.080,-1,581.201,-1,454.198,450.670,674.022,476.203,841.475,991.576,-1,-1,-1,-1,-1,-1,2,0,2,0,2,0,0,0,0,0,0,2,2,2,2,2,2
267,-2832.183,1462.302,-272.351,124.223,-0.558399,-0.806822,0.192947,0.820960,-0.570875,-0.011255,0.119230,0.152117,0.981145,0,0.52717,0.16790,8.443,0.362,-1,596.206,-1,585.928,-1,456.458,452.678,675.470,476.309,843.979,1003.209,-1,-1,-1,-1,-1,-1,2,0,2,0,2,0,0,0,0,0,0,2,2,2,2,2,2
268,-2838.167,1468.696,-270.994,124.573,-0.563256,-0.803217,0.193869,0.817314,-0.576065,-0.012116,0.121413,0.151627,0.980953,0,0.52814,0.16449,8.758,0.350,-1,605.016,-1,592.755,-1,459.847,455.775,677.915,475.720,845.671,-1,-1,-1,-1,-1,-1,-1,2,0,2,0,2,0,0,0,0,0,2,2,2,2,2,2,2
269,-2844.355,1475.241,-269.602,124.935,-0.568204,-0.799376,0.195303,0.813437,-0.581496,-0.013499,0.124358,0.151196,0.980650,0,0.52908,0.16122,9.007,0.362,-1,616.199,-1,602.166,-1,464.671,460.237,680.607,475.074,844.727,-1,-1,-1,-1,-1,-1,-1,2,0,2,0,2,0,0,0,0,0,2,2,2,2,2,2,2
270,-2850.680,1481.912,-268.102,125.283,-0.572891,-0.795625,0.196920,0.809640,-0.586731,-0.015146,0.127590,0.150757,0.980303,0,0.53005,0.15783,9.193,0.348,-1,629.033,-1,613.180,-1,470.369,465.669,683.678,474.876,842.744,1004.796,-1,-1,-1,-1,-1,-1,2,0,2,0,2,0,0,0,0,0,0,2,2,2,2,2,2
271,-2857.183,1488.703,-266.527,125.640,-0.577667,-0.791680,0.198857,0.805680,-0.592112,-0.016837,0.131075,0.150489,0.979884,0,0.53098,0.15458,9.402,0.358,-1,644.303,-1,625.157,-1,476.905,472.734,687.235,473.894,840.967,999.719,-1,-1,-1,-1,-1,-1,2,0,2,0,2,0,0,0,0,0,0,2,2,2,2,2,2
272,-2863.919,1495.653,-264.983,126.000,-0.582429,-0.787624,0.201058,0.801654,-0.597505,-0.018416,0.134638,0.150452,0.979406,0,0.53194,0.15123,9.679,0.359,-1,661.203,-1,637.239,-1,483.754,479.821,690.697,472.207,839.650,994.471,-1,-1,-1,-1,-1,-1,2,0,2,0,2,0,0,0,0,0,0,2,2,2,2,2,2
273,-2870.857,1502.703,-263.474,126.351,-0.587031,-0.783717,0.202936,0.797643,-0.602780,-0.020535,0.138419,0.149816,0.978977,0,0.53290,0.14786,9.891,0.352,-1,678.000,-1,650.889,-1,490.887,488.018,692.915,471.744,834.564,985.601,-1,-1,-1,-1,-1,-1,2,0,2,0,2,0,0,0,0,0,0,2,2,2,2,2,2
274,-2878.017,1509.825,-262.003,126.716,-0.591765,-0.779780,0.204345,0.793458,-0.608188,-0.023059,0.142261,0.148493,0.978627,0,0.53385,0.14455,10.099,0.364,-1,694.510,-1,665.462,-1,499.025,496.599,693.723,472.339,826.512,975.500,-1,-1,-1,-1,-1,-1,2,0,2,0,2,0,0,0,0,0,0,2,2,2,2,2,2
275,-2885.377,1516.957,-260.594,127.116,-0.597034,-0.775473,0.205409,0.788958,-0.613952,-0.024675,0.145246,0.147328,0.978365,0,0.53483,0.14110,10.248,0.400,-1,709.436,-1,676.585,-1,505.103,502.872,694.416,472.078,822.634,974.606,-1,-1,-1,-1,-1,-1,2,0,2,0,2,0,0,0,0,0,0,2,2,2,2,2,2
276,-2892.860,1524.148,-259.211,127.518,-0.602380,-0.771247,0.205709,0.784524,-0.619571,-0.025574,0.147175,0.145978,0.978279,0,0.53593,0.13726,10.379,0.402,-1,719.054,-1,684.413,-1,509.040,506.647,694.497,471.727,821.831,983.028,-1,-1,-1,-1,-1,-1,2,0,2,0,2,0,0,0,0,0,0,2,2,2,2,2,2
277,-2900.538,1531.276,-257.770,127.920,-0.607736,-0.767184,0.205147,0.780120,-0.625069,-0.026499,0.148560,0.143935,0.978372,0,0.53704,0.13340,10.477,0.402,-1,724.898,-1,691.135,-1,512.008,509.454,693.194,472.330,820.412,996.100,-1,-1,-1,-1,-1,-1,2,0,2,0,2,0,0,0,0,0,0,2,2,2,2,2,2
278,-2908.486,1538.413,-256.343,128.339,-0.613303,-0.763004,0.204169,0.775476,-0.630764,-0.027791,0.149987,0.141283,0.978541,0,0.53815,0.12950,10.682,0.420,-1,728.814,-1,698.416,-1,514.741,512.440,690.705,473.846,816.278,-1,-1,-1,-1,-1,-1,-1,2,0,2,0,2,0,0,0,0,0,2,2,2,2,2,2,2
279,-2916.770,1545.723,-254.947,128.788,-0.619177,-0.758526,0.203122,0.770438,-0.636827,-0.029599,0.151805,0.138165,0.978706,0,0.84175,-0.00752,11.048,0.448,-1,733.835,-1,707.403,-1,517.993,516.076,687.347,475.857,808.846,-1,-1,-1,-1,-1,-1,-1,2,0,2,0,2,0,0,0,0,0,2,2,2,2,2,2,2
280,-2925.439,1553.305,-253.459,129.257,-0.625246,-0.753752,0.202300,0.765075,-0.643158,-0.031742,0.154037,0.134928,0.978809,0,0.84372,-0.01194,11.517,0.469,-1,742.182,-1,718.530,-1,522.300,520.768,684.020,478.160,800.990,-1,-1,-1,-1,-1,-1,-1,2,0,2,0,2,0,0,0,0,0,2,2,2,2,2,2,2
281,-2934.561,1561.155,-251.870,129.731,-0.631332,-0.748815,0.201733,0.759605,-0.649511,-0.033708,0.156268,0.131956,0.978860,0,0.84579,-0.01658,12.034,0.474,-1,751.390,-1,729.587,-1,526.989,526.108,681.350,479.994,795.092,-1,-1,-1,-1,-1,-1,-1,2,0,2,0,2,0,0,0,0,0,2,2,2,2,2,2,2
282,-2944.158,1569.259,-250.229,130.220,-0.637533,-0.743644,0.201360,0.753888,-0.656024,-0.035857,0.158762,0.128943,0.978861,0,0.84790,-0.02129,12.561,0.489,-1,761.971,-1,741.919,-1,534.340,533.428,678.711,481.936,788.420,-1,-1,-1,-1,-1,-1,-1,2,0,2,0,2,0,0,0,0,0,2,2,2,2,2,2,2
283,-2954.137,1577.711,-248.555,130.702,-0.643621,-0.738546,0.200754,0.748231,-0.662356,-0.037870,0.160939,0.125836,0.978909,0,0.85008,-0.02618,13.077,0.482,-1,770.359,-1,753.918,-1,541.543,539.783,676.048,483.841,782.561,-1,-1,-1,-1,-1,-1,-1,2,0,2,0,2,0,0,0,0,0,2,2,2,2,2,2,2
284,-2964.520,1586.374,-246.854,131.206,-0.650021,-0.733149,0.199912,0.742353,-0.668863,-0.039175,0.162435,0.122941,0.979030,0,0.85223,-0.03100,13.522,0.504,-1,776.011,-1,762.210,-1,546.779,544.254,673.668,484.847,780.431,-1,-1,-1,-1,-1,-1,-1,2,0,2,0,2,0,0,0,0,0,2,2,2,2,2,2,2
285,-2975.414,1595.094,-245.130,131.762,-0.657030,-0.727075,0.199182,0.735837,-0.675964,-0.040206,0.163873,0.120149,0.979137,0,0.85449,-0.03606,13.955,0.556,-1,781.039,-1,769.194,-1,551.562,548.459,671.296,485.032,779.071,-1,-1,-1,-1,-1,-1,-1,2,0,2,0,2,0,0,0,0,0,2,2,2,2,2,2,2
286,-2986.699,1604.223,-243.311,132.300,-0.663682,-0.721371,0.197863,0.729389,-0.682766,-0.042683,0.165884,0.115991,0.979300,0,0.85701,-0.04170,14.515,0.538,-1,787.535,-1,780.274,-1,557.407,554.827,667.136,488.714,769.422,-1,-1,-1,-1,-1,-1,-1,2,0,2,0,2,0,0,0,0,0,2,2,2,2,2,2,2
287,-2998.162,1614.088,-241.397,132.713,-0.668753,-0.717307,0.195552,0.724389,-0.687863,-0.045881,0.167423,0.110973,0.979620,0,0.85945,-0.04716,15.123,0.414,-1,790.558,-1,792.794,-1,562.514,561.832,662.268,495.210,755.949,-1,-1,-1,-1,-1,-1,-1,2,0,2,0,2,0,0,0,0,0,2,2,2,2,2,2,2
288,-3009.773,1624.665,-239.366,132.985,-0.672125,-0.715036,0.192277,0.721147,-0.691047,-0.049005,0.167913,0.105723,0.980116,0,0.86128,-0.05126,15.707,0.272,-1,789.261,-1,805.186,-1,566.701,568.447,656.878,503.568,744.264,-1,-1,-1,-1,-1,-1,-1,2,0,2,0,2,0,0,0,0,0,2,2,2,2,2,2,2
289,-3021.607,1636.048,-237.205,133.154,-0.674071,-0.713809,0.190012,0.718979,-0.693020,-0.052847,0.169405,0.100992,0.980358,0,0.86242,-0.05382,16.420,0.169,-1,793.310,-1,824.720,-1,575.045,579.207,652.991,511.945,729.301,-1,-1,-1,-1,-1,-1,-1,2,0,2,0,2,0,0,0,0,0,2,2,2,2,2,2,2
290,-3033.739,1648.141,-234.824,133.274,-0.675223,-0.712742,0.189927,0.717187,-0.694564,-0.056775,0.172382,0.097877,0.980155,0,0.86305,-0.05524,17.130,0.120,-1,808.046,-1,851.234,-1,587.968,592.857,652.303,518.759,713.260,-1,-1,-1,-1,-1,-1,-1,2,0,2,0,2,0,0,0,0,0,2,2,2,2,2,2,2
291,-3046.149,1660.714,-232.215,133.372,-0.676137,-0.711680,0.190656,0.715702,-0.695874,-0.059410,0.174954,0.096284,0.979857,0,0.86343,-0.05607,17.666,0.098,-1,824.427,-1,873.346,-1,600.741,605.616,654.001,522.970,705.069,-1,-1,-1,-1,-1,-1,-1,2,0,2,0,2,0,0,0,0,0,2,2,2,2,2,2,2
292,-3058.910,1673.645,-229.522,133.479,-0.677345,-0.710465,0.190901,0.714301,-0.697228,-0.060392,0.176008,0.095455,0.979750,0,0.86367,-0.05662,18.167,0.107,-1,832.788,-1,893.308,-1,610.059,614.053,656.834,525.180,705.482,-1,-1,-1,-1,-1,-1,-1,2,0,2,0,2,0,0,0,0,0,2,2,2,2,2,2,2
293,-3071.784,1686.959,-226.940,133.550,-0.678347,-0.710028,0.188960,0.713590,-0.697923,-0.060772,0.175029,0.093615,0.980103,0,0.86395,-0.05725,18.520,0.071,-1,830.048,-1,908.804,-1,611.238,616.748,656.862,529.325,708.041,-1,-1,-1,-1,-1,-1,-1,2,0,2,0,2,0,0,0,0,0,2,2,2,2,2,2,2
294,-3084.809,1700.753,-224.651,133.551,-0.678619,-0.710735,0.185290,0.713844,-0.697605,-0.061437,0.172924,0.090576,0.980762,0,0.86404,-0.05745,18.971,0.001,-1,819.741,-1,920.802,-1,608.881,615.965,654.072,536.151,706.898,-1,-1,-1,-1,-1,-1,-1,2,0,2,0,2,0,0,0,0,0,2,2,2,2,2,2,2
295,-3098.162,1714.962,-222.617,133.538,-0.678746,-0.711728,0.180960,0.714300,-0.697055,-0.062364,0.170525,0.086931,0.981511,0,0.86378,-0.05687,19.499,-0.013,-1,806.517,-1,927.063,-1,604.723,613.698,649.775,543.846,702.869,-1,-1,-1,-1,986.461,-1,1002.876,2,0,2,0,2,0,0,0,0,0,2,2,2,2,1,2,1
296,-3111.507,1729.237,-220.314,133.501,-0.678333,-0.712783,0.178341,0.714788,-0.696366,-0.064442,0.170124,0.083763,0.981856,0,0.84357,-0.48371,19.541,-0.037,-1,803.659,-1,984.802,997.412,607.510,618.211,646.832,551.768,694.167,-1,-1,-1,-1,-1,-1,981.908,2,0,2,0,1,0,0,0,0,0,2,2,2,2,2,2,1
297,-3124.495,1743.329,-216.377,133.367,-0.675700,-0.714866,0.179988,0.715348,-0.694823,-0.074142,0.178061,0.078656,0.980871,0,0.84312,-0.48268,19.164,-0.134,-1,834.730,-1,-1,981.079,636.619,649.313,644.297,572.599,656.995,-1,-1,-1,-1,-1,-1,956.580,2,0,2,2,1,0,0,0,0,0,2,2,2,2,2,2,1
298,-3137.080,1757.652,-210.855,133.147,-0.670898,-0.717771,0.186280,0.715768,-0.692470,-0.090336,0.193833,0.072727,0.978335,0,0.84224,-0.48065,19.067,-0.221,-1,899.250,-1,-1,965.505,695.253,712.744,643.402,604.597,603.714,814.908,-1,-1,-1,-1,-1,927.715,2,0,2,2,1,0,0,0,0,0,0,2,2,2,2,2,1
299,-3148.784,1772.395,-204.187,132.730,-0.663188,-0.722619,0.194945,0.717930,-0.687809,-0.107215,0.211560,0.068853,0.974937,0,0.84091,-0.47761,18.825,-0.416,-1,977.345,-1,888.121,950.640,767.911,790.001,646.921,637.674,562.834,645.807,753.037,-1,-1,-1,-1,897.070,2,0,2,1,1,0,0,0,0,0,0,0,2,2,2,2,1
300,-3158.630,1787.667,-197.208,132.012,-0.652284,-0.730913,0.200728,0.724125,-0.679161,-0.119930,0.223985,0.067124,0.972278,0,0.83862,-0.47236,18.171,-0.718,-1,-1,-1,841.563,924.250,831.276,871.729,653.162,667.156,543.236,584.023,674.668,-1,-1,840.567,-1,866.866,2,2,2,1,1,0,0,0,0,0,0,0,2,2,1,2,1
301,-3167.892,1803.131,-190.478,131.275,-0.641790,-0.738893,0.205287,0.731181,-0.670306,-0.126746,0.231257,0.068758,0.970460,0,0.83481,-0.46362,18.025,-0.737,-1,-1,-1,831.319,901.359,879.620,976.965,662.601,685.420,543.183,567.643,648.348,-1,-1,821.006,-1,843.170,2,2,2,1,1,0,0,0,0,0,0,0,2,2,1,2,1
302,-3177.064,1818.672,-184.381,130.613,-0.632713,-0.745480,0.209605,0.737854,-0.662516,-0.129013,0.235043,0.073030,0.969238,0,0.83083,-0.45451,18.046,-0.662,-1,-1,-1,841.732,865.134,924.525,-1,675.035,692.538,555.591,569.531,643.822,-1,-1,803.436,-1,823.726,2,2,2,1,1,0,2,0,0,0,0,0,2,2,1,2,1
303,-3186.254,1834.361,-179.065,130.005,-0.624602,-0.750981,0.214242,0.744243,-0.655523,-0.128033,0.236591,0.079478,0.968353,0,0.82716,-0.44609,18.183,-0.608,-1,-1,-1,840.920,-1,954.658,-1,687.980,689.782,574.245,581.274,649.260,-1,-1,787.177,-1,806.458,2,2,2,1,2,0,2,0,0,0,0,0,2,2,1,2,1
304,-3195.370,1850.302,-174.597,129.411,-0.616892,-0.756034,0.218762,0.750728,-0.648699,-0.124884,0.236328,0.087191,0.967754,0,0.82370,-0.43815,18.363,-0.594,-1,-1,-1,830.503,-1,-1,-1,700.485,680.421,598.222,598.815,661.869,-1,-1,772.304,-1,792.177,2,2,2,1,2,2,2,0,0,0,0,0,2,2,1,2,1
305,-3204.553,1866.747,-171.075,128.791,-0.608779,-0.761455,0.222652,0.757400,-0.641357,-0.122500,0.236078,0.094061,0.967171,0,0.82025,-0.43025,18.835,-0.619,-1,-1,-1,817.714,-1,-1,-1,710.068,670.448,616.425,610.005,668.880,-1,-1,757.766,-1,778.333,2,2,2,1,2,2,2,0,0,0,0,0,2,2,1,2,1
306,-3214.083,1883.658,-168.455,128.178,-0.600562,-0.767011,0.225874,0.763782,-0.633888,-0.121753,0.236564,0.099398,0.966518,0,0.81663,-0.42196,19.411,-0.613,-1,-1,-1,806.104,-1,-1,-1,715.773,662.862,618.702,611.097,666.992,-1,-1,742.474,-1,763.747,2,2,2,1,2,2,2,0,0,0,0,0,2,2,1,2,1
307,-3223.917,1900.935,-166.606,127.561,-0.592264,-0.773094,0.227044,0.770154,-0.625986,-0.122492,0.236824,0.102312,0.966150,0,0.81300,-0.41364,19.880,-0.617,-1,-1,-1,793.577,-1,-1,-1,715.651,659.367,614.744,604.841,660.977,-1,-1,726.919,-1,748.931,2,2,2,1,2,2,2,0,0,0,0,0,2,2,1,2,1
308,-3233.786,1918.388,-165.485,126.942,-0.584157,-0.779919,0.224694,0.776833,-0.617456,-0.123604,0.235140,0.102346,0.966558,0,0.80933,-0.40521,20.050,-0.619,-1,-1,-1,775.428,-1,-1,-1,709.038,660.922,640.034,603.724,661.729,-1,-1,712.241,-1,735.464,2,2,2,1,2,2,2,0,0,0,0,0,2,2,1,2,1
309,-3243.547,1935.786,-164.860,126.335,-0.576738,-0.787067,0.218857,0.784142,-0.608491,-0.121899,0.229115,0.101311,0.968113,0,0.80561,-0.39669,19.949,-0.608,-1,-1,-1,744.637,-1,-1,-1,701.098,663.156,667.604,623.966,685.938,-1,-1,699.860,-1,726.206,2,2,2,1,2,2,2,0,0,0,0,0,2,2,1,2,1
310,-3253.078,1953.012,-164.585,125.758,-0.570391,-0.794190,0.209560,0.792097,-0.599366,-0.115506,0.217337,0.100108,0.970949,0,0.80192,-0.38822,19.687,-0.577,-1,-1,-1,699.225,-1,-1,-1,692.278,663.830,699.295,679.907,750.172,-1,-1,690.552,-1,721.614,2,2,2,1,2,2,2,0,0,0,0,0,2,2,1,2,1
311,-3262.417,1970.057,-164.665,125.240,-0.565350,-0.800705,0.198116,0.800251,-0.590654,-0.103568,0.199946,0.099991,0.974692,0,0.79834,-0.38002,19.436,-0.518,-1,-1,-1,653.612,-1,-1,-1,684.432,659.421,738.418,784.482,867.003,-1,-1,684.325,-1,720.967,2,2,2,1,2,2,2,0,0,0,0,0,2,2,1,2,1
312,-3271.816,1987.106,-165.221,124.821,-0.561821,-0.805845,0.187006,0.807725,-0.583190,-0.086431,0.178710,0.102490,0.978549,0,0.79500,-0.37237,19.468,-0.419,-1,964.556,-1,663.217,-1,-1,-1,681.248,645.595,789.462,966.419,-1,-1,-1,680.047,-1,724.287,2,0,2,1,2,2,2,0,0,0,0,2,2,2,1,2,1
313,-3283.447,2008.016,-166.906,124.405,-0.558466,-0.810833,0.175116,0.815468,-0.575330,-0.063307,0.152081,0.107447,0.982510,0,0.79208,-0.36566,23.926,-0.416,-1,853.140,-1,678.614,-1,803.504,-1,680.482,620.733,845.746,-1,-1,-1,-1,675.586,-1,700.104,2,0,2,1,2,0,2,0,0,0,2,2,2,2,1,2,1
314,-3291.468,2022.252,-168.713,124.171,-0.556586,-0.813615,0.168057,0.819886,-0.570591,-0.047032,0.134158,0.111610,0.984655,0,0.78890,-0.35837,16.340,-0.234,-1,792.519,-1,727.650,-1,700.865,-1,679.168,601.038,884.941,-1,-1,-1,-1,672.798,-1,684.052,2,0,2,1,2,0,2,0,0,0,2,2,2,2,1,2,1
315,-3301.897,2040.287,-171.665,123.971,-0.555308,-0.816081,0.160143,0.824179,-0.565768,-0.025224,0.111189,0.117979,0.986771,0,0.78693,-0.35388,20.834,-0.200,-1,718.940,-1,710.799,-1,610.956,725.792,676.808,572.182,938.480,-1,-1,-1,-1,616.241,-1,653.824,2,0,2,1,2,0,0,0,0,0,2,2,2,2,1,2,1
316,-3312.470,2058.614,-175.227,123.804,-0.554256,-0.818476,0.151318,0.827817,-0.560994,-0.002229,0.086713,0.124029,0.988483,0,0.78487,-0.34915,21.157,-0.167,-1,644.000,-1,691.445,-1,538.901,597.747,675.076,541.494,-1,-1,-1,-1,-1,532.354,-1,644.353,2,0,2,1,2,0,0,0,0,2,2,2,2,2,1,2,1
317,-3323.314,2077.686,-178.723,123.598,-0.552145,-0.821113,0.144599,0.831105,-0.555852,0.017107,0.066329,0.129623,0.989342,0,0.78290,-0.34463,21.940,-0.206,-1,585.153,-1,669.874,-1,489.904,533.232,673.512,513.627,-1,-1,-1,-1,-1,534.547,-1,625.477,2,0,2,1,2,0,0,0,0,2,2,2,2,2,1,2,1
318,-3334.553,2097.716,-180.859,123.315,-0.548402,-0.824328,0.140496,0.834380,-0.550544,0.026671,0.055363,0.131853,0.989722,0,0.78067,-0.33952,22.968,-0.283,-1,554.241,-1,646.871,-1,464.872,506.482,669.422,498.841,-1,-1,-1,-1,-1,522.067,-1,604.951,2,0,2,1,2,0,0,0,0,2,2,2,2,2,1,2,1
319,-3346.126,2118.538,-181.046,122.961,-0.543293,-0.827959,0.138983,0.837853,-0.545218,0.027213,0.053245,0.131232,0.989921,0,0.77799,-0.33337,23.822,-0.354,-1,548.321,-1,622.554,-1,460.946,511.861,663.423,497.751,-1,-1,-1,-1,-1,493.967,-1,582.704,2,0,2,1,2,0,0,0,0,2,2,2,2,2,1,2,1
320,-3357.784,2139.723,-179.316,122.609,-0.538123,-0.831412,0.138481,0.841150,-0.540208,0.025320,0.053757,0.130109,0.990041,0,0.77489,-0.32628,24.181,-0.352,-1,552.806,-1,597.843,-1,474.505,545.320,656.756,503.578,-1,-1,-1,-1,-1,458.425,-1,559.682,2,0,2,1,2,0,0,0,0,2,2,2,2,2,1,2,1
321,-3369.108,2161.089,-176.037,122.276,-0.533244,-0.834478,0.138910,0.844276,-0.535317,0.025162,0.053363,0.130696,0.989985,0,0.61725,0.24707,24.182,-0.332,-1,566.496,-1,573.190,-1,500.010,589.841,658.342,510.349,-1,-1,-1,-1,-1,421.554,-1,536.497,2,0,2,1,2,0,0,0,0,2,2,2,2,2,1,2,1
322,-3380.141,2182.401,-171.904,122.006,-0.529350,-0.836823,0.139699,0.846945,-0.530877,0.029211,0.049719,0.133780,0.989763,0,0.61471,0.25434,23.999,-0.271,-1,592.920,-1,548.820,-1,518.425,633.565,661.406,513.665,-1,-1,-1,-1,-1,386.497,-1,513.577,2,0,2,1,2,0,0,0,0,2,2,2,2,2,1,2,1
323,-3390.940,2203.604,-167.357,121.810,-0.526582,-0.838133,0.142287,0.848956,-0.527214,0.036330,0.044566,0.139926,0.989159,0,0.61234,0.26115,23.795,-0.196,-1,620.118,-1,524.035,-1,552.162,708.719,666.822,511.335,-1,-1,-1,-1,-1,363.679,-1,490.894,2,0,2,1,2,0,0,0,0,2,2,2,2,2,1,2,1
324,-3401.552,2224.836,-162.636,121.639,-0.524083,-0.838307,0.150261,0.850575,-0.524133,0.042510,0.043120,0.150087,0.987732,0,0.61019,0.26732,23.736,-0.171,-1,680.089,-1,498.251,481.277,636.550,944.881,467.898,501.560,-1,-1,-1,-1,-1,356.401,-1,468.070,2,0,2,1,1,0,0,0,0,2,2,2,2,2,1,2,1
325,-3412.040,2246.392,-158.158,121.442,-0.521147,-0.838432,0.159491,0.852362,-0.520812,0.047276,0.043427,0.160582,0.986067,0,0.60806,0.27340,23.971,-0.197,-1,782.320,-1,471.786,457.827,892.414,-1,508.875,491.265,-1,-1,-1,-1,-1,350.979,-1,444.931,2,0,2,1,1,0,2,0,0,2,2,2,2,2,1,2,1
326,-3422.510,2268.166,-154.473,121.240,-0.518160,-0.838972,0.166244,0.854220,-0.517335,0.051688,0.042639,0.168792,0.984729,0,0.60577,0.27998,24.161,-0.202,-1,881.297,-1,341.944,434.211,-1,-1,546.409,483.655,-1,-1,-1,-1,-1,342.941,-1,421.707,2,0,2,1,1,2,2,0,0,2,2,2,2,2,1,2,1
327,-3433.084,2289.907,-151.722,121.051,-0.515380,-0.839745,0.170914,0.856019,-0.513824,0.056715,0.040194,0.175535,0.983652,0,0.60339,0.28681,24.176,-0.190,-1,950.763,-1,288.380,410.644,-1,-1,587.402,477.346,-1,-1,-1,-1,-1,331.009,-1,398.687,2,0,2,1,1,2,2,0,0,2,2,2,2,2,1,2,1
328,-3444.000,2311.448,-149.856,120.922,-0.513533,-0.840166,0.174371,0.857311,-0.510916,0.063105,0.036070,0.181897,0.982656,0,0.60101,0.29361,24.148,-0.129,-1,994.174,-1,235.939,387.031,-1,-1,626.262,469.303,-1,-1,-1,-1,-1,315.374,-1,375.935,2,0,2,1,1,2,2,0,0,2,2,2,2,2,1,2,1
329,-3455.216,2332.847,-148.919,120.877,-0.512960,-0.840044,0.176631,0.857866,-0.509007,0.070554,0.030638,0.187717,0.981745,0,0.59885,0.29981,24.161,-0.045,-1,-1,-1,219.881,363.203,-1,-1,659.401,459.777,-1,-1,-1,-1,-1,296.890,-1,353.317,2,2,2,1,1,2,2,0,0,2,2,2,2,2,1,2,1
330,-3466.516,2354.166,-148.913,120.847,-0.512613,-0.840277,0.176531,0.858300,-0.507082,0.078662,0.023418,0.191840,0.981147,0,0.59697,0.30519,24.128,-0.030,-1,-1,-1,205.083,339.497,-1,-1,692.454,450.203,-1,-1,-1,-1,-1,275.238,-1,330.924,2,2,2,1,1,2,2,0,0,2,2,2,2,2,1,2,1
331,-3478.238,2375.215,-149.676,120.883,-0.513228,-0.840206,0.175074,0.858123,-0.505902,0.087682,0.014899,0.195236,0.980643,0,0.59511,0.31052,24.093,0.035,-1,998.195,-1,188.791,315.768,-1,-1,718.361,439.523,-1,-1,-1,-1,-1,249.074,-1,308.760,2,0,2,1,1,2,2,0,0,2,2,2,2,2,1,2,1
332,-3490.653,2396.087,-150.863,121.014,-0.515232,-0.839548,0.172324,0.857019,-0.506429,0.095123,0.007410,0.196695,0.980437,0,0.59349,0.31517,24.285,0.131,-1,976.005,-1,174.050,291.474,-1,-1,726.252,430.723,-1,-1,-1,-1,-1,215.748,-1,286.318,2,0,2,1,1,2,2,0,0,2,2,2,2,2,1,2,1
333,-3503.611,2415.994,-152.223,121.186,-0.517811,-0.838830,0.168035,0.855494,-0.507872,0.100973,0.000641,0.196038,0.980596,0,0.59222,0.31880,23.753,0.172,-1,950.084,-1,161.084,268.617,-1,-1,726.578,425.107,-1,-1,-1,-1,-1,181.275,-1,264.486,2,0,2,1,1,2,2,0,0,2,2,2,2,2,1,2,1
334,-3512.278,2424.139,-152.898,120.125,-0.501749,-0.850306,0.158833,0.864683,-0.487957,0.119250,-0.023896,0.197173,0.980077,0,0.59120,0.32172,11.893,-1.060,988.658,890.450,-1,136.450,264.919,944.278,-1,736.878,418.967,-1,-1,-1,-1,-1,177.553,-1,259.340,1,0,2,1,1,0,2,0,0,2,2,2,2,2,1,2,1
335,-3519.023,2424.081,-152.008,118.464,-0.476013,-0.865517,0.155856,0.878033,-0.457717,0.139831,-0.049688,0.203409,0.977832,0,0.58706,0.33360,6.745,-1.662,925.302,855.357,-1,115.621,273.187,839.199,127.350,765.251,409.515,-1,-1,-1,-1,-1,147.841,-1,265.030,1,0,2,1,1,0,1,0,0,2,2,2,2,2,1,2,1
336,-3525.505,2423.660,-150.096,116.975,-0.452772,-0.877560,0.157751,0.889561,-0.432563,0.146866,-0.060646,0.206826,0.976496,0,0.58173,0.34887,6.496,-1.488,-1,880.099,-1,108.748,279.915,833.796,119.417,789.729,407.946,-1,-1,-1,-1,-1,137.934,-1,269.492,2,0,2,1,1,0,1,0,0,2,2,2,2,2,1,2,1
337,-3531.512,2424.179,-147.731,115.851,-0.435327,-0.885922,0.160102,0.898468,-0.416278,0.139525,-0.056961,0.204586,0.977190,0,0.57704,0.36231,6.030,-1.124,-1,951.990,-1,114.030,282.920,914.040,124.822,790.110,416.694,-1,-1,-1,-1,-1,144.767,-1,270.258,2,0,2,1,1,0,1,0,0,2,2,2,2,2,1,2,1
338,-3536.312,2424.716,-145.540,115.060,-0.423141,-0.891803,0.160121,0.904942,-0.407176,0.123642,-0.045067,0.197218,0.979323,0,0.57347,0.37254,4.830,-0.791,-1,-1,-1,126.308,283.413,-1,137.694,768.098,433.740,-1,-1,-1,-1,-1,161.413,-1,269.193,2,2,2,1,1,2,1,0,0,2,2,2,2,2,1,2,1
339,-3538.406,2424.740,-144.274,114.690,-0.417517,-0.895617,0.153459,0.908144,-0.405537,0.103994,-0.030906,0.182782,0.982668,0,0.57098,0.37968,2.094,-0.370,-1,-1,-1,141.317,282.530,-1,152.996,722.363,461.467,-1,-1,-1,-1,-1,182.453,-1,267.521,2,2,2,1,1,2,1,0,0,2,2,2,2,2,1,2,1
340,-3538.513,2423.940,-144.100,114.589,-0.416055,-0.897850,0.144095,0.909190,-0.407864,0.083783,-0.016453,0.165869,0.986011,0,0.56984,0.38296,0.806,-0.101,-1,-1,-1,156.525,281.817,-1,168.130,670.916,493.187,-1,-1,-1,-1,-1,185.795,-1,266.442,2,2,2,1,1,2,1,0,0,2,2,2,2,2,1,2,1
341,-3537.511,2422.581,-144.900,114.637,-0.416864,-0.898890,0.134984,0.908969,-0.412073,0.063024,-0.001029,0.148969,0.988841,0,0.56959,0.38365,1.690,0.047,-1,-1,-1,171.966,281.539,-1,183.296,621.670,523.661,-1,-1,-1,-1,-1,177.601,-1,266.003,2,2,2,1,1,2,1,0,0,2,2,2,2,2,1,2,1
342,-3536.433,2420.960,-146.489,114.686,-0.417593,-0.899426,0.129030,0.908494,-0.415796,0.041873,0.015988,0.134709,0.990756,0,0.56986,0.38288,1.946,0.049,-1,-1,-1,187.656,282.006,-1,-1,583.710,549.352,-1,-1,-1,-1,-1,171.444,-1,266.257,2,2,2,1,1,2,2,0,0,2,2,2,2,2,1,2,1
343,-3535.672,2419.232,-148.421,114.682,-0.417363,-0.899810,0.127086,0.908172,-0.417948,0.023322,0.032130,0.125150,0.991618,0,0.32885,0.45361,1.888,-0.004,-1,-1,-1,201.579,283.344,-1,-1,556.535,565.805,-1,-1,-1,-1,-1,168.029,-1,267.268,2,2,2,1,1,2,2,0,0,2,2,2,2,2,1,2,1
344,-3535.199,2417.840,-150.013,114.655,-0.416771,-0.899813,0.128992,0.907987,-0.418823,0.012095,0.043142,0.122163,0.991572,0,0.32894,0.45317,1.470,-0.026,-1,-1,-1,210.072,284.850,-1,-1,545.849,569.086,-1,-1,-1,-1,-1,167.464,-1,268.496,2,2,2,1,1,2,2,0,0,2,2,2,2,2,1,2,1
345,-3534.562,2416.888,-151.052,114.638,-0.416429,-0.899567,0.131776,0.907957,-0.418962,0.009227,0.046909,0.123490,0.991237,0,0.32897,0.45301,1.145,-0.017,-1,-1,-1,211.574,286.152,-1,-1,546.576,563.925,-1,-1,-1,-1,-1,169.623,-1,269.639,2,2,2,1,1,2,2,0,0,2,2,2,2,2,1,2,1
346,-3533.683,2416.303,-151.607,114.645,-0.416594,-0.899046,0.134782,0.908042,-0.418640,0.014156,0.043698,0.128285,0.990774,0,0.32898,0.45296,1.056,0.007,-1,-1,-1,206.330,287.201,-1,-1,556.637,552.152,-1,-1,-1,-1,-1,174.286,-1,270.672,2,2,2,1,1,2,2,0,0,2,2,2,2,2,1,2,1
347,-3532.713,2416.158,-151.894,114.682,-0.417308,-0.898190,0.138234,0.908063,-0.418112,0.024574,0.035725,0.135780,0.990095,0,0.32900,0.45286,0.980,0.037,-1,-1,-1,196.470,287.862,-1,-1,573.084,535.483,-1,-1,-1,-1,-1,180.514,-1,271.461,2,2,2,1,1,2,2,0,0,2,2,2,2,2,1,2,1
348,-3531.837,2416.458,-152.172,114.746,-0.418457,-0.896999,0.142430,0.907876,-0.417536,0.037758,0.025601,0.145109,0.989084,0,0.32905,0.45264,0.927,0.064,-1,-1,-1,184.453,288.112,-1,175.978,593.729,515.725,-1,-1,-1,-1,-1,187.355,-1,271.957,2,2,2,1,1,2,1,0,0,2,2,2,2,2,1,2,1
349,-3531.163,2417.191,-152.668,114.830,-0.419879,-0.895556,0.147245,0.907446,-0.417042,0.051163,0.015588,0.155099,0.987776,0,0.32912,0.45228,0.995,0.084,-1,-1,-1,172.306,287.923,-1,181.609,616.684,495.084,-1,-1,-1,-1,-1,193.875,-1,272.097,2,2,2,1,1,2,1,0,0,2,2,2,2,2,1,2,1
350,-3530.714,2418.323,-153.443,114.945,-0.421735,-0.893795,0.152544,0.906694,-0.416956,0.063661,0.006704,0.165159,0.986244,0,0.32921,0.45184,1.218,0.115,-1,-1,-1,160.924,287.189,-1,173.460,640.600,473.993,-1,-1,-1,-1,-1,199.372,-1,271.792,2,2,2,1,1,2,1,0,0,2,2,2,2,2,1,2,1
351,-3530.463,2419.823,-154.198,115.065,-0.423642,-0.892021,0.157564,0.905830,-0.417192,0.073644,0.000042,0.173925,0.984759,0,0.32933,0.45121,1.521,0.120,-1,-1,-1,151.836,285.898,-1,164.401,663.854,455.998,-1,-1,-1,-1,-1,199.962,-1,270.947,2,2,2,1,1,2,1,0,0,2,2,2,2,2,1,2,1
352,-3530.057,2420.830,-154.558,115.066,-0.423661,-0.891437,0.160784,0.905809,-0.416048,0.080081,-0.004493,0.179567,0.983736,0,0.32945,0.45061,1.086,0.002,-1,-1,-1,145.872,285.570,-1,158.359,680.560,445.287,-1,-1,-1,-1,-1,191.319,-1,270.679,2,2,2,1,1,2,1,0,0,2,2,2,2,2,1,2,1
353,-3529.518,2421.307,-154.482,115.030,-0.423087,-0.891512,0.161877,0.906066,-0.414983,0.082668,-0.006523,0.181647,0.983342,0,0.32937,0.45105,0.720,-0.036,-1,-1,-1,143.559,285.674,-1,155.977,687.817,442.079,-1,-1,-1,-1,-1,187.957,-1,270.667,2,2,2,1,1,2,1,0,0,2,2,2,2,2,1,2,1
354,-3529.038,2421.563,-154.114,114.995,-0.422527,-0.891873,0.161350,0.906332,-0.414627,0.081535,-0.005819,0.180688,0.983523,0,0.32924,0.45169,0.544,-0.035,-1,-1,-1,144.641,285.612,-1,157.068,686.310,444.872,-1,-1,-1,-1,-1,189.486,-1,270.457,2,2,2,1,1,2,1,0,0,2,2,2,2,2,1,2,1
355,-3528.716,2421.711,-153.673,114.960,-0.421989,-0.892395,0.159865,0.906596,-0.414785,0.077703,-0.003032,0.177723,0.984076,0,0.32913,0.45224,0.354,-0.034,-1,-1,-1,148.005,285.360,-1,160.497,678.679,451.371,-1,-1,-1,-1,-1,194.344,-1,270.054,2,2,2,1,1,2,1,0,0,2,2,2,2,2,1,2,1
356,-3528.566,2421.769,-153.366,114.923,-0.421399,-0.892996,0.158056,0.906875,-0.415100,0.072590,0.000786,0.173927,0.984758,0,0.32903,0.45270,0.160,-0.037,-1,-1,-1,152.247,285.090,-1,164.808,668.139,459.086,-1,-1,-1,-1,-1,200.548,-1,269.634,2,2,2,1,1,2,1,0,0,2,2,2,2,2,1,2,1
357,-3528.542,2421.747,-153.343,114.886,-0.420802,-0.893632,0.156035,0.907140,-0.415417,0.067268,0.004706,0.169852,0.985458,0,0.32895,0.45313,0.032,-0.037,-1,-1,-1,156.281,284.899,-1,168.851,655.985,466.672,-1,-1,-1,-1,-1,201.461,-1,269.308,2,2,2,1,1,2,1,0,0,2,2,2,2,2,1,2,1
358,-3528.596,2421.659,-153.639,114.849,-0.420221,-0.894299,0.153767,0.907384,-0.415680,0.062166,0.008322,0.165649,0.986150,0,0.32887,0.45350,0.103,-0.036,-1,-1,-1,159.669,284.815,-1,172.159,643.023,473.752,-1,-1,-1,-1,-1,199.495,-1,269.107,2,2,2,1,1,2,1,0,0,2,2,2,2,2,1,2,1
359,-3528.700,2421.529,-154.183,114.816,-0.419673,-0.894975,0.151307,0.907601,-0.415904,0.057311,0.011637,0.161378,0.986824,0,0.32881,0.45382,0.167,-0.034,-1,-1,-1,162.491,284.808,-1,174.825,629.851,480.403,-1,-1,-1,-1,-1,197.926,-1,269.001,2,2,2,1,1,2,1,0,0,2,2,2,2,2,1,2,1
360,-3528.818,2421.382,-154.761,114.785,-0.419180,-0.895558,0.149213,0.907797,-0.415951,0.053760,0.013920,0.157990,0.987343,0,0.32875,0.45408,0.188,-0.030,-1,-1,-1,164.242,284.906,-1,176.396,619.132,485.317,-1,-1,-1,-1,-1,197.076,-1,269.018,2,2,2,1,1,2,1,0,0,2,2,2,2,2,1,2,1
361,-3528.890,2421.490,-155.045,114.742,-0.418483,-0.896200,0.147300,0.908077,-0.415798,0.050074,0.016371,0.154715,0.987823,0,0.81077,0.72624,0.130,-0.043,-1,-1,-1,166.463,284.801,-1,178.473,609.956,490.701,-1,-1,-1,-1,-1,195.782,-1,268.794,2,2,2,1,1,2,1,0,0,2,2,2,2,2,1,2,1
362,-3528.974,2421.914,-154.808,114.677,-0.417415,-0.896960,0.145700,0.908500,-0.415416,0.045364,0.019837,0.151304,0.988288,0,0.81055,0.72670,0.432,-0.066,-1,-1,-1,170.277,284.400,-1,181.011,602.445,497.898,-1,-1,-1,-1,-1,193.317,-1,268.204,2,2,2,1,1,2,1,0,0,2,2,2,2,2,1,2,1
363,-3528.996,2422.392,-154.069,114.597,-0.416124,-0.897794,0.144244,0.909012,-0.414771,0.040777,0.023218,0.148088,0.988702,0,0.81015,0.72749,0.479,-0.079,-1,-1,-1,174.802,284.017,-1,178.496,597.160,506.184,-1,-1,-1,-1,-1,190.584,-1,267.575,2,2,2,1,1,2,1,0,0,2,2,2,2,2,1,2,1
364,-3528.924,2422.835,-152.941,114.514,-0.414780,-0.898662,0.142700,0.909548,-0.413973,0.036723,0.026073,0.145024,0.989084,0,0.80967,0.72846,0.449,-0.083,-1,-1,-1,179.547,283.722,-1,176.032,593.511,515.309,-1,-1,-1,-1,-1,187.911,-1,267.003,2,2,2,1,1,2,1,0,0,2,2,2,2,2,1,2,1
365,-3528.786,2423.240,-151.590,114.435,-0.413492,-0.899522,0.141012,0.910064,-0.413136,0.033181,0.028410,0.142050,0.989452,0,0.80917,0.72947,0.428,-0.079,-1,-1,-1,184.265,283.480,-1,173.680,590.779,524.955,-1,-1,-1,-1,-1,185.344,-1,266.480,2,2,2,1,1,2,1,0,0,2,2,2,2,2,1,2,1
366,-3528.631,2423.628,-150.195,114.361,-0.412286,-0.900352,0.139236,0.910546,-0.412318,0.029980,0.030417,0.139141,0.989805,0,0.80869,0.73044,0.418,-0.074,-1,-1,-1,188.809,283.251,-1,171.437,587.953,534.699,-1,-1,-1,-1,-1,182.881,-1,265.981,2,2,2,1,1,2,1,0,0,2,2,2,2,2,1,2,1
367,-3528.504,2424.008,-148.919,114.291,-0.411156,-0.901138,0.137479,0.910994,-0.411537,0.026977,0.032268,0.136334,0.990137,0,0.80824,0.73136,0.401,-0.070,-1,-1,-1,193.035,283.025,-1,169.338,584.724,544.036,-1,-1,-1,-1,-1,180.568,-1,265.505,2,2,2,1,1,2,1,0,0,2,2,2,2,2,1,2,1
368,-3528.420,2424.380,-147.882,114.224,-0.410064,-0.901888,0.135818,0.911422,-0.410766,0.024120,0.034036,0.133678,0.990440,0,0.80781,0.73222,0.381,-0.067,-1,-1,-1,196.778,282.818,-1,167.484,581.146,552.532,-1,-1,-1,-1,-1,178.528,-1,265.067,2,2,2,1,1,2,1,0,0,2,2,2,2,2,1,2,1
369,-3528.318,2424.783,-147.148,114.146,-0.408796,-0.902712,0.134153,0.911927,-0.409798,0.021335,0.035716,0.131059,0.990731,0,0.80740,0.73304,0.415,-0.078,-1,-1,-1,199.877,282.689,-1,166.096,576.690,560.431,-1,-1,-1,-1,-1,177.007,-1,264.691,2,2,2,1,1,2,1,0,0,2,2,2,2,2,1,2,1
370,-3528.179,2425.191,-146.734,114.068,-0.407546,-0.903501,0.132637,0.912432,-0.408789,0.018975,0.037077,0.128756,0.990983,0,0.80693,0.73400,0.431,-0.077,-1,-1,-1,202.051,282.617,-1,165.260,572.052,566.917,-1,-1,-1,-1,-1,176.094,-1,264.385,2,2,2,1,1,2,1,0,0,2,2,2,2,2,1,2,1
371,-3527.951,2425.738,-146.633,113.970,-0.405962,-0.904437,0.131103,0.913097,-0.407388,0.016979,0.038054,0.126603,0.991223,0,0.80645,0.73495,0.593,-0.098,-1,-1,-1,203.159,282.599,-1,165.103,566.756,572.314,-1,-1,-1,-1,-1,175.944,-1,264.108,2,2,2,1,1,2,1,0,0,2,2,2,2,2,1,2,1
372,-3527.771,2426.395,-146.794,113.882,-0.404555,-0.905189,0.130258,0.913703,-0.406070,0.015918,0.038484,0.125457,0.991352,0,0.80584,0.73618,0.681,-0.088,-1,-1,-1,203.022,282.461,-1,165.305,563.135,574.697,-1,-1,-1,-1,-1,176.235,-1,263.875,2,2,2,1,1,2,1,0,0,2,2,2,2,2,1,2,1
373,-3527.755,2426.965,-147.145,113.837,-0.403844,-0.905423,0.130843,0.914029,-0.405319,0.016361,0.038220,0.126201,0.991268,0,0.80527,0.73734,0.570,-0.045,-1,-1,-1,201.586,282.197,-1,165.717,563.645,572.138,-1,-1,-1,-1,-1,176.824,-1,263.565,2,2,2,1,1,2,1,0,0,2,2,2,2,2,1,2,1
374,-3527.719,2427.476,-147.645,113.796,-0.403196,-0.905539,0.132030,0.914355,-0.404520,0.017847,0.037248,0.127918,0.991085,0,0.80494,0.73800,0.513,-0.042,-1,-1,-1,199.016,282.038,-1,166.760,566.058,566.971,-1,-1,-1,-1,-1,178.153,-1,263.346,2,2,2,1,1,2,1,0,0,2,2,2,2,2,1,2,1
375,-3527.606,2427.963,-148.248,113.753,-0.402541,-0.905617,0.133488,0.914706,-0.403619,0.020093,0.035682,0.130191,0.990847,0,0.80463,0.73861,0.500,-0.043,-1,-1,-1,195.589,281.978,-1,168.373,569.526,560.336,-1,-1,-1,-1,-1,180.132,-1,263.209,2,2,2,1,1,2,1,0,0,2,2,2,2,2,1,2,1
376,-3527.438,2428.454,-148.907,113.715,-0.401957,-0.905630,0.135148,0.915037,-0.402721,0.022860,0.033725,0.132854,0.990562,0,0.80432,0.73924,0.519,-0.038,-1,-1,-1,191.632,281.938,-1,170.302,573.856,552.770,-1,-1,-1,-1,-1,182.474,-1,263.090,2,2,2,1,1,2,1,0,0,2,2,2,2,2,1,2,1
377,-3527.255,2428.925,-149.578,113.691,-0.401602,-0.905503,0.137042,0.915271,-0.401999,0.026003,0.031544,0.135873,0.990224,0,0.80403,0.73984,0.505,-0.024,-1,-1,-1,187.437,281.865,-1,172.310,579.183,544.489,-1,-1,-1,-1,-1,184.909,-1,262.966,2,2,2,1,1,2,1,0,0,2,2,2,2,2,1,2,1
378,-3527.040,2429.306,-150.278,113.673,-0.401351,-0.905305,0.139069,0.915471,-0.401277,0.029816,0.028812,0.139280,0.989834,0,0.59618,0.16151,0.438,-0.018,-1,-1,-1,182.700,281.901,-1,174.734,585.529,535.534,-1,-1,-1,-1,-1,187.811,-1,263.023,2,2,2,1,1,2,1,0,0,2,2,2,2,2,1,2,1
379,-3526.783,2429.637,-151.055,113.662,-0.401218,-0.905041,0.141159,0.915630,-0.400550,0.034383,0.025423,0.143044,0.989390,0,0.59604,0.16187,0.419,-0.011,-1,-1,-1,177.259,282.017,-1,177.643,592.691,525.853,-1,-1,-1,-1,-1,191.249,-1,263.178,2,2,2,1,1,2,1,0,0,2,2,2,2,2,1,2,1
380,-3526.538,2430.024,-151.875,113.661,-0.401219,-0.904697,0.143339,0.915716,-0.399934,0.038954,0.022084,0.146887,0.988907,0,0.59594,0.16215,0.458,-0.002,-1,-1,-1,171.832,282.043,-1,180.467,600.143,516.089,-1,-1,-1,-1,-1,194.603,-1,263.269,2,2,2,1,1,2,1,0,0,2,2,2,2,2,1,2,1
381,-3526.320,2430.462,-152.695,113.662,-0.401272,-0.904318,0.145566,0.915759,-0.399406,0.043131,0.019136,0.150610,0.988408,0,0.59586,0.16236,0.490,0.002,-1,-1,-1,166.810,281.980,-1,178.020,607.508,506.757,-1,-1,-1,-1,-1,197.654,-1,263.280,2,2,2,1,1,2,1,0,0,2,2,2,2,2,1,2,1
382,-3526.132,2430.907,-153.469,113.666,-0.401348,-0.903937,0.147711,0.915773,-0.398970,0.046715,0.016705,0.154019,0.987927,0,0.59579,0.16255,0.483,0.004,-1,-1,-1,162.426,281.862,-1,173.640,614.382,498.328,-1,-1,-1,-1,-1,200.294,-1,263.236,2,2,2,1,1,2,1,0,0,2,2,2,2,2,1,2,1
383,-3526.024,2431.229,-154.136,113.677,-0.401534,-0.903558,0.149512,0.915724,-0.398743,0.049538,0.014856,0.156802,0.987518,0,0.59573,0.16271,0.339,0.011,-1,-1,-1,158.970,281.754,-1,170.190,620.035,491.448,-1,-1,-1,-1,-1,202.325,-1,263.209,2,2,2,1,1,2,1,0,0,2,2,2,2,2,1,2,1
384,-3525.920,2431.395,-154.657,113.681,-0.401606,-0.903343,0.150615,0.915712,-0.398530,0.051431,0.013565,0.158575,0.987254,0,0.59572,0.16275,0.196,0.004,-1,-1,-1,156.531,281.772,-1,167.729,623.342,486.871,-1,-1,-1,-1,-1,203.935,-1,263.270,2,2,2,1,1,2,1,0,0,2,2,2,2,2,1,2,1
385,-3525.803,2431.449,-154.995,113.677,-0.401549,-0.903299,0.151028,0.915747,-0.398331,0.052341,0.012880,0.159321,0.987143,0,0.59571,0.16279,0.128,-0.004,-1,-1,-1,155.176,281.872,-1,166.333,624.306,484.668,-1,-1,-1,-1,-1,205.024,-1,263.368,2,2,2,1,1,2,1,0,0,2,2,2,2,2,1,2,1
386,-3525.690,2431.453,-155.130,113.668,-0.401409,-0.903381,0.150908,0.915809,-0.398196,0.052292,0.012852,0.159193,0.987164,0,0.59568,0.16287,0.113,-0.009,-1,-1,-1,154.913,281.962,-1,166.035,623.442,484.587,-1,-1,-1,-1,-1,205.444,-1,263.429,2,2,2,1,1,2,1,0,0,2,2,2,2,2,1,2,1
387,-3525.592,2431.452,-155.063,113.657,-0.401220,-0.903547,0.150419,0.915883,-0.398139,0.051413,0.013434,0.158394,0.987285,0,0.59564,0.16298,0.099,-0.012,-1,-1,-1,155.641,281.992,-1,166.744,621.353,486.264,-1,-1,-1,-1,-1,205.177,-1,263.409,2,2,2,1,1,2,1,0,0,2,2,2,2,2,1,2,1
388,-3525.507,2431.463,-154.816,113.642,-0.400982,-0.903777,0.149666,0.915971,-0.398127,0.049910,0.014479,0.157103,0.987476,0,0.59559,0.16312,0.085,-0.015,-1,-1,-1,157.159,281.964,-1,168.260,618.505,489.330,-1,-1,-1,-1,-1,204.346,-1,263.314,2,2,2,1,1,2,1,0,0,2,2,2,2,2,1,2,1
389,-3525.434,2431.496,-154.420,113.623,-0.400668,-0.904080,0.148676,0.916087,-0.398099,0.047983,0.015807,0.155425,0.987721,0,0.59552,0.16328,0.080,-0.019,-1,-1,-1,159.239,281.894,-1,170.339,615.085,493.519,-1,-1,-1,-1,-1,203.127,-1,263.159,2,2,2,1,1,2,1,0,0,2,2,2,2,2,1,2,1
390,-3525.374,2431.546,-153.921,113.601,-0.400304,-0.904433,0.147503,0.916220,-0.398045,0.045842,0.017252,0.153496,0.987999,0,0.59544,0.16350,0.078,-0.022,-1,-1,-1,161.652,281.799,-1,172.745,611.337,498.479,-1,-1,-1,-1,-1,201.671,-1,262.968,2,2,2,1,1,2,1,0,0,2,2,2,2,2,1,2,1
391,-3525.328,2431.603,-153.369,113.578,-0.399930,-0.904805,0.146230,0.916355,-0.397977,0.043672,0.018682,0.151464,0.988286,0,0.59535,0.16375,0.073,-0.023,-1,-1,-1,164.178,281.692,-1,175.255,607.519,503.806,-1,-1,-1,-1,-1,200.119,-1,262.762,2,2,2,1,1,2,1,0,0,2,2,2,2,2,1,2,1
392,-3525.297,2431.662,-152.817,113.556,-0.399558,-0.905177,0.144939,0.916489,-0.397890,0.041602,0.020013,0.149457,0.988566,0,0.59526,0.16401,0.067,-0.023,-1,-1,-1,166.632,281.588,-1,177.683,603.806,509.127,-1,-1,-1,-1,-1,198.605,-1,262.562,2,2,2,1,1,2,1,0,0,2,2,2,2,2,1,2,1
393,-3525.278,2431.722,-152.313,113.533,-0.399194,-0.905533,0.143714,0.916621,-0.397779,0.039720,0.021199,0.147587,0.988822,0,0.59516,0.16426,0.063,-0.022,-1,-1,-1,168.865,281.495,-1,179.879,600.341,514.099,-1,-1,-1,-1,-1,197.229,-1,262.378,2,2,2,1,1,2,1,0,0,2,2,2,2,2,1,2,1
394,-3525.270,2431.785,-151.895,113.512,-0.398843,-0.905859,0.142633,0.916750,-0.397640,0.038094,0.022208,0.145952,0.989042,0,0.59507,0.16451,0.064,-0.021,-1,-1,-1,170.757,281.419,-1,181.607,597.261,518.424,-1,-1,-1,-1,-1,196.072,-1,262.219,2,2,2,1,1,2,1,0,0,2,2,2,2,2,1,2,1
395,-3525.269,2431.853,-151.585,113.491,-0.398507,-0.906144,0.141757,0.916876,-0.397473,0.036782,0.023015,0.144632,0.989218,0,0.59498,0.16475,0.067,-0.021,-1,-1,-1,172.220,281.363,-1,180.860,594.685,521.868,-1,-1,-1,-1,-1,195.192,-1,262.093,2,2,2,1,1,2,1,0,0,2,2,2,2,2,1,2,1
396,-3525.271,2431.925,-151.396,113.472,-0.398191,-0.906381,0.141127,0.916999,-0.397277,0.035829,0.023592,0.143680,0.989343,0,0.59490,0.16498,0.072,-0.019,-1,-1,-1,173.196,281.329,-1,180.375,592.706,524.282,-1,-1,-1,-1,-1,194.626,-1,262.049,2,2,2,1,1,2,1,0,0,2,2,2,2,2,1,2,1
397,-3525.272,2432.003,-151.326,113.454,-0.397897,-0.906568,0.140758,0.917118,-0.397053,0.035263,0.023919,0.143123,0.989416,0,0.59482,0.16520,0.078,-0.018,-1,-1,-1,173.659,281.317,-1,180.167,591.391,525.602,-1,-1,-1,-1,-1,194.392,-1,262.021,2,2,2,1,1,2,1,0,0,2,2,2,2,2,1,2,1
398,-3525.266,2432.088,-151.362,113.437,-0.397629,-0.906703,0.140647,0.917233,-0.396803,0.035095,0.023989,0.142961,0.989438,0,0.59474,0.16541,0.085,-0.017,-1,-1,-1,173.620,281.325,-1,180.231,590.770,525.851,-1,-1,-1,-1,-1,194.482,-1,262.009,2,2,2,1,1,2,1,0,0,2,2,2,2,2,1,2,1
399,-3525.251,2432.180,-151.487,113.422,-0.397388,-0.906789,0.140773,0.917342,-0.396532,0.035305,0.023807,0.143166,0.989412,0,0.59467,0.16561,0.093,-0.015,-1,-1,-1,173.122,281.351,-1,180.542,590.830,525.130,-1,-1,-1,-1,-1,194.870,-1,262.010,2,2,2,1,1,2,1,0,0,2,2,2,2,2,1,2,1
400,-3525.223,2432.280,-151.678,113.408,-0.397174,-0.906831,0.141101,0.917445,-0.396245,0.035849,0.023402,0.143691,0.989346,0,0.59460,0.16580,0.103,-0.014,-1,-1,-1,172.240,281.390,-1,181.064,591.516,523.598,-1,-1,-1,-1,-1,195.509,-1,262.022,2,2,2,1,1,2,1,0,0,2,2,2,2,2,1,2,1
401,-3525.181,2432.385,-151.913,113.396,-0.396983,-0.906839,0.141588,0.917542,-0.395945,0.036660,0.022816,0.144466,0.989247,0,0.59453,0.16598,0.113,-0.012,-1,-1,-1,171.067,281.439,-1,181.747,592.733,521.456,-1,-1,-1,-1,-1,196.342,-1,262.041,2,2,2,1,1,2,1,0,0,2,2,2,2,2,1,2,1
402,-3525.127,2432.494,-152.169,113.385,-0.396811,-0.906822,0.142182,0.917634,-0.395638,0.037653,0.022108,0.145413,0.989124,0,0.59447,0.16615,0.122,-0.011,-1,-1,-1,169.712,281.494,-1,180.504,594.347,518.931,-1,-1,-1,-1,-1,197.303,-1,262.064,2,2,2,1,1,2,1,0,0,2,2,2,2,2,1,2,1
403,-3525.061,2432.606,-152.428,113.375,-0.396651,-0.906790,0.142832,0.917722,-0.395331,0.038736,0.021340,0.146445,0.988989,0,0.59441,0.16631,0.130,-0.010,-1,-1,-1,168.284,281.552,-1,179.074,596.201,516.244,-1,-1,-1,-1,-1,198.325,-1,262.090,2,2,2,1,1,2,1,0,0,2,2,2,2,2,1,2,1
404,-3524.986,2432.718,-152.673,113.365,-0.396496,-0.906754,0.143484,0.917806,-0.395027,0.039818,0.020575,0.147479,0.988851,0,0.59435,0.16647,0.135,-0.010,-1,-1,-1,166.883,281.609,-1,177.673,598.127,513.606,-1,-1,-1,-1,-1,199.342,-1,262.116,2,2,2,1,1,2,1,0,0,2,2,2,2,2,1,2,1
405,-3524.764,2432.519,-152.999,113.355,-0.396363,-0.906731,0.144000,0.917913,-0.394497,0.042526,0.018248,0.149035,0.988664,0,-0.21652,0.13887,0.298,-0.009,-1,-1,-1,164.047,282.133,-1,174.761,601.128,509.665,-1,-1,-1,-1,-1,201.900,-1,262.598,2,2,2,1,1,2,1,0,0,2,2,2,2,2,1,2,1
406,-3524.349,2432.188,-153.570,113.372,-0.396666,-0.906505,0.144581,0.917854,-0.394091,0.047279,0.014119,0.151459,0.988363,0,-0.21652,0.13894,0.530,0.017,-1,-1,-1,159.228,282.844,-1,169.790,605.715,503.364,-1,-1,-1,-1,-1,205.974,-1,263.349,2,2,2,1,1,2,1,0,0,2,2,2,2,2,1,2,1
407,-3523.771,2431.802,-154.377,113.381,-0.396824,-0.906244,0.145785,0.917849,-0.393361,0.053112,0.009213,0.154885,0.987890,0,-0.21654,0.13872,0.696,0.008,-1,-1,-1,153.184,283.838,-1,163.578,612.414,494.694,-1,-1,-1,-1,-1,203.388,-1,264.353,2,2,2,1,1,2,1,0,0,2,2,2,2,2,1,2,1
408,-3522.986,2431.190,-155.393,113.376,-0.396754,-0.905934,0.147886,0.917916,-0.392273,0.059599,0.004019,0.159393,0.987207,0,-0.21656,0.13861,0.995,-0.005,-1,-1,-1,146.420,285.321,-1,156.663,621.813,483.752,-1,-1,-1,-1,-1,193.567,-1,265.783,2,2,2,1,1,2,1,0,0,2,2,2,2,2,1,2,1
409,-3522.005,2430.401,-156.504,113.361,-0.396519,-0.905542,0.150883,0.918026,-0.390975,0.066076,-0.000843,0.164715,0.986341,0,-0.21656,0.13859,1.260,-0.015,-1,-1,-1,139.678,287.168,-1,149.814,633.840,471.487,-1,-1,-1,-1,-1,183.865,-1,267.515,2,2,2,1,1,2,1,0,0,2,2,2,2,2,1,2,1
410,-3520.803,2429.473,-157.392,113.336,-0.396114,-0.905234,0.153772,0.918192,-0.389755,0.070815,-0.004170,0.169243,0.985566,0,-0.21655,0.13864,1.519,-0.025,-1,-1,-1,134.726,289.161,-1,144.810,644.628,461.430,-1,-1,-1,-1,-1,176.793,-1,269.311,2,2,2,1,1,2,1,0,0,2,2,2,2,2,1,2,1
411,-3519.433,2428.346,-157.891,113.300,-0.395544,-0.905095,0.156039,0.918429,-0.388733,0.073306,-0.005691,0.172307,0.985027,0,-0.21654,0.13878,1.773,-0.035,-1,-1,-1,132.164,291.256,-1,142.266,652.101,455.097,-1,-1,-1,-1,-1,173.133,-1,271.124,2,2,2,1,1,2,1,0,0,2,2,2,2,2,1,2,1
412,-3517.927,2426.971,-157.991,113.249,-0.394722,-0.905233,0.157316,0.918783,-0.387817,0.073735,-0.005738,0.173644,0.984792,0,-0.21651,0.13899,2.039,-0.051,-1,-1,-1,131.799,293.528,-1,141.965,656.197,453.018,-1,-1,-1,-1,-1,172.579,-1,273.016,2,2,2,1,1,2,1,0,0,2,2,2,2,2,1,2,1
413,-3516.350,2425.291,-157.760,113.179,-0.393599,-0.905694,0.157476,0.919269,-0.386848,0.072756,-0.004975,0.173400,0.984839,0,-0.21647,0.13929,2.304,-0.070,-1,-1,-1,133.017,296.093,-1,143.249,656.607,454.618,-1,-1,-1,-1,-1,174.245,-1,275.105,2,2,2,1,1,2,1,0,0,2,2,2,2,2,1,2,1
414,-3514.721,2423.292,-157.327,113.098,-0.392298,-0.906436,0.156450,0.919829,-0.385826,0.071079,-0.004066,0.171791,0.985125,0,-0.21641,0.13969,2.579,-0.081,-1,-1,-1,135.100,298.987,-1,145.347,653.443,459.034,-1,-1,-1,-1,-1,177.119,-1,277.458,2,2,2,1,1,2,1,0,0,2,2,2,2,2,1,2,1
415,-3513.013,2420.996,-156.858,113.001,-0.390751,-0.907453,0.154409,0.920490,-0.384593,0.069181,-0.003394,0.169165,0.985582,0,-0.21636,0.14008,2.861,-0.096,-1,-1,-1,137.391,302.284,-1,147.568,647.788,465.272,-1,-1,-1,-1,-1,180.292,-1,280.398,2,2,2,1,1,2,1,0,0,2,2,2,2,2,1,2,1
416,-3511.224,2418.417,-156.503,112.893,-0.389007,-0.908639,0.151819,0.921230,-0.383126,0.067458,-0.003129,0.166102,0.986104,0,-0.21630,0.14054,3.138,-0.109,-1,-1,-1,139.375,306.007,-1,149.403,640.569,472.322,-1,-1,-1,-1,-1,183.043,-1,283.732,2,2,2,1,1,2,1,0,0,2,2,2,2,2,1,2,1
417,-3509.359,2415.579,-156.374,112.774,-0.387091,-0.909900,0.149142,0.922036,-0.381420,0.066092,-0.003252,0.163098,0.986604,0,-0.21623,0.14104,3.396,-0.119,-1,-1,-1,140.757,310.154,-1,150.581,632.867,478.806,-1,-1,-1,-1,-1,184.962,-1,287.436,2,2,2,1,1,2,1,0,0,2,2,2,2,2,1,2,1
418,-3507.412,2412.514,-156.523,112.643,-0.384983,-0.911179,0.146767,0.922917,-0.379468,0.065025,-0.003556,0.160487,0.987032,0,-0.21616,0.14156,3.631,-0.131,-1,-1,-1,141.506,314.708,-1,151.105,625.459,483.986,-1,-1,-1,-1,-1,186.009,-1,291.490,2,2,2,1,1,2,1,0,0,2,2,2,2,2,1,2,1
419,-3505.396,2409.208,-156.931,112.506,-0.382774,-0.912369,0.145146,0.923834,-0.377377,0.064161,-0.003764,0.158650,0.987328,0,-0.21609,0.14214,3.872,-0.137,-1,-1,-1,141.790,-1,-1,151.198,619.407,486.780,-1,-1,-1,-1,-1,186.416,-1,295.875,2,2,2,1,2,2,1,0,0,2,2,2,2,2,1,2,1
420,-3503.327,2405.638,-157.534,112.373,-0.380630,-0.913384,0.144397,0.924720,-0.375326,0.063430,-0.003740,0.157670,0.987485,0,-0.21601,0.14270,4.126,-0.133,-1,-1,-1,148.199,-1,-1,151.115,615.073,487.423,-1,-1,-1,-1,-1,186.492,-1,300.555,2,2,2,1,2,2,1,0,0,2,2,2,2,2,1,2,1
421,-3501.184,2401.800,-158.195,112.250,-0.378654,-0.914211,0.144357,0.925531,-0.373389,0.063030,-0.003722,0.157473,0.987516,0,-0.21595,0.14315,4.396,-0.122,-1,-1,-1,173.690,-1,-1,150.923,612.609,486.398,-1,-1,-1,-1,-1,186.309,-1,305.505,2,2,2,1,2,2,1,0,0,2,2,2,2,2,1,2,1
422,-3498.946,2397.715,-158.784,112.139,-0.376853,-0.914924,0.144556,0.926265,-0.371589,0.062883,-0.003818,0.157594,0.987497,0,-0.21591,0.14341,4.657,-0.111,-1,-1,-1,200.394,-1,-1,150.826,611.181,484.946,-1,-1,-1,-1,-1,186.182,-1,310.686,2,2,2,1,2,2,1,0,0,2,2,2,2,2,1,2,1
423,-3496.623,2393.416,-159.188,112.034,-0.375154,-0.915620,0.144566,0.926954,-0.369898,0.062701,-0.003936,0.157528,0.987507,0,-0.21590,0.14350,4.887,-0.105,-1,-1,-1,227.250,-1,-1,151.154,609.827,484.350,-1,-1,-1,-1,-1,186.607,-1,316.054,2,2,2,1,2,2,1,0,0,2,2,2,2,2,1,2,1
424,-3494.198,2388.928,-159.376,111.929,-0.373455,-0.916360,0.144276,0.927640,-0.368241,0.062313,-0.003973,0.157108,0.987574,0,-0.21591,0.14347,5.101,-0.105,-1,-1,-1,253.937,-1,-1,152.045,608.244,485.041,-1,-1,-1,-1,-1,187.788,-1,321.601,2,2,2,1,2,2,1,0,0,2,2,2,2,2,1,2,1
425,-3491.717,2384.250,-159.353,111.829,-0.371838,-0.917053,0.144052,0.928289,-0.366672,0.061889,-0.003936,0.156735,0.987633,0,-0.21592,0.14340,5.296,-0.100,-1,-1,-1,280.401,-1,-1,153.436,607.450,486.217,-1,-1,-1,-1,-1,189.588,-1,327.309,2,2,2,1,2,2,1,0,0,2,2,2,2,2,1,2,1
426,-3489.187,2379.410,-159.162,111.732,-0.370268,-0.917666,0.144192,0.928917,-0.365137,0.061543,-0.003826,0.156730,0.987634,0,-0.21594,0.14323,5.461,-0.097,-1,-1,-1,307.020,-1,-1,159.722,608.147,487.151,-1,-1,-1,-1,-1,191.777,-1,333.169,2,2,2,1,2,2,1,0,0,2,2,2,2,2,1,2,1
427,-3486.765,2374.973,-158.901,111.632,-0.368641,-0.918201,0.144952,0.929569,-0.363740,0.059961,-0.002332,0.156847,0.987620,0,0.69439,-0.03543,5.055,-0.100,-1,-1,-1,318.146,-1,-1,170.690,609.601,488.195,-1,-1,-1,-1,-1,195.411,-1,338.544,2,2,2,1,2,2,1,0,0,2,2,2,2,2,1,2,1
428,-3484.793,2371.624,-158.669,111.532,-0.367026,-0.918573,0.146683,0.930210,-0.362665,0.056422,0.001369,0.157154,0.987573,0,0.69443,-0.03551,3.886,-0.100,-1,-1,-1,322.062,-1,-1,176.815,611.782,489.005,-1,-1,-1,-1,-1,200.947,-1,342.612,2,2,2,1,2,2,1,0,0,2,2,2,2,2,1,2,1
429,-3483.261,2369.187,-158.517,111.450,-0.365679,-0.918823,0.148468,0.930726,-0.361889,0.052771,0.005241,0.157481,0.987508,0,0.69434,-0.03530,2.879,-0.083,-1,-1,-1,324.825,-1,-1,180.381,613.792,489.671,-1,-1,-1,-1,-1,206.243,-1,345.591,2,2,2,1,2,2,1,0,0,2,2,2,2,2,1,2,1
430,-3482.146,2367.560,-158.436,111.397,-0.364815,-0.919001,0.149491,0.931045,-0.361460,0.050016,0.008070,0.157429,0.987497,0,0.69422,-0.03502,1.973,-0.053,-1,-1,-1,326.657,-1,-1,182.613,614.422,490.644,-1,-1,-1,-1,-1,210.141,-1,347.579,2,2,2,1,2,2,1,0,0,2,2,2,2,2,1,2,1
431,-3481.425,2366.702,-158.418,111.374,-0.364430,-0.919152,0.149500,0.931184,-0.361300,0.048574,0.009368,0.156914,0.987568,0,0.69414,-0.03484,1.121,-0.023,-1,-1,-1,327.654,-1,-1,184.134,613.406,492.079,-1,-1,-1,-1,-1,212.097,-1,348.641,2,2,2,1,2,2,1,0,0,2,2,2,2,2,1,2,1
432,-3481.089,2366.606,-158.461,111.372,-0.364414,-0.919277,0.148770,0.931192,-0.361297,0.048446,0.009215,0.156188,0.987684,0,0.69411,-0.03476,0.349,-0.001,-1,-1,-1,327.834,-1,-1,185.075,611.446,493.505,-1,-1,-1,-1,-1,212.062,-1,348.822,2,2,2,1,2,2,1,0,0,2,2,2,2,2,1,2,1
433,-3481.122,2367.290,-158.566,111.387,-0.364656,-0.919340,0.147784,0.931108,-0.361392,0.049341,0.008047,0.155595,0.987788,0,0.69409,-0.03472,0.685,0.015,-1,-1,-1,327.153,-1,-1,185.189,609.510,494.292,-1,-1,-1,-1,-1,210.368,-1,348.125,2,2,2,1,2,2,1,0,0,2,2,2,2,2,1,2,1
434,-3481.499,2368.781,-158.735,111.411,-0.365041,-0.919312,0.147009,0.930970,-0.361536,0.050867,0.006387,0.155429,0.987826,0,0.69405,-0.03463,1.539,0.023,-1,-1,-1,325.549,-1,-1,184.105,608.452,493.925,-1,-1,-1,-1,-1,207.484,-1,346.549,2,2,2,1,2,2,1,0,0,2,2,2,2,2,1,2,1
435,-3482.197,2371.097,-158.958,111.435,-0.365441,-0.919195,0.146744,0.930823,-0.361655,0.052677,0.004650,0.155843,0.987771,0,0.69396,-0.03442,2.418,0.024,-1,-1,-1,322.975,-1,-1,181.525,608.764,492.194,-1,-1,-1,-1,-1,203.831,-1,344.102,2,2,2,1,2,2,1,0,0,2,2,2,2,2,1,2,1
436,-3483.184,2374.218,-159.197,111.451,-0.365696,-0.919059,0.146960,0.930729,-0.361619,0.054541,0.003017,0.156726,0.987638,0,0.69378,-0.03399,3.274,0.016,-1,-1,-1,319.440,-1,-1,177.373,610.325,489.468,-1,-1,-1,-1,-1,199.722,-1,340.844,2,2,2,1,2,2,1,0,0,2,2,2,2,2,1,2,1
437,-3484.461,2378.153,-159.372,111.460,-0.365846,-0.918928,0.147407,0.930673,-0.361561,0.055863,0.001963,0.157625,0.987497,0,0.69346,-0.03325,4.137,0.009,-1,-1,-1,314.856,-1,-1,170.763,612.269,487.120,-1,-1,-1,-1,-1,196.037,-1,336.704,2,2,2,1,2,2,1,0,0,2,2,2,2,2,1,2,1
438,-3486.068,2382.889,-159.454,111.468,-0.365975,-0.918789,0.147949,0.930623,-0.361599,0.056447,0.001636,0.158343,0.987383,0,0.69301,-0.03221,5.002,0.008,-1,-1,-1,309.198,-1,-1,161.286,614.166,485.456,-1,-1,-1,-1,-1,193.097,-1,331.641,2,2,2,1,2,2,1,0,0,2,2,2,2,2,1,2,1
439,-3488.022,2388.406,-159.474,111.479,-0.366167,-0.918642,0.148384,0.930547,-0.361797,0.056432,0.001844,0.158742,0.987318,0,0.69246,-0.03094,5.853,0.012,-1,-1,-1,285.990,-1,-1,154.121,615.502,484.595,-1,-1,-1,-1,-1,190.688,-1,325.653,2,2,2,1,2,2,1,0,0,2,2,2,2,2,1,2,1
440,-3490.289,2394.690,-159.481,111.491,-0.366358,-0.918520,0.148671,0.930471,-0.362047,0.056088,0.002308,0.158882,0.987295,0,0.69183,-0.02949,6.679,0.012,-1,-1,-1,258.330,-1,-1,152.216,616.236,484.261,-1,-1,-1,-1,-1,188.348,-1,318.809,2,2,2,1,2,2,1,0,0,2,2,2,2,2,1,2,1
441,-3492.844,2401.666,-159.467,111.506,-0.366591,-0.918409,0.148778,0.930378,-0.362327,0.055813,0.002647,0.158880,0.987294,0,0.69111,-0.02782,7.430,0.014,-1,-1,-1,227.790,-1,-1,150.033,614.546,484.222,-1,-1,-1,-1,-1,185.674,-1,311.197,2,2,2,1,2,2,1,0,0,2,2,2,2,2,1,2,1
442,-3495.690,2409.137,-159.411,111.534,-0.367056,-0.918203,0.148904,0.930196,-0.362741,0.056169,0.002439,0.159127,0.987255,0,0.69032,-0.02597,7.995,0.029,-1,-1,-1,195.583,-1,-1,147.308,613.531,483.710,-1,-1,-1,-1,-1,182.241,-1,302.988,2,2,2,1,2,2,1,0,0,2,2,2,2,2,1,2,1
443,-3498.853,2416.973,-159.278,111.613,-0.368339,-0.917526,0.149906,0.929689,-0.363875,0.057205,0.002060,0.160437,0.987044,0,0.68952,-0.02413,8.450,0.079,-1,-1,-1,160.287,-1,-1,144.431,615.934,481.284,-1,-1,-1,-1,-1,178.440,-1,294.134,2,2,2,1,2,2,1,0,0,2,2,2,2,2,1,2,1
444,-3502.369,2425.216,-159.079,111.752,-0.370589,-0.916280,0.151970,0.928795,-0.365953,0.058475,0.002034,0.162819,0.986654,0,0.68890,-0.02269,8.961,0.139,-1,-1,-1,132.810,-1,-1,141.814,621.919,476.768,-1,-1,-1,-1,-1,174.829,-1,284.520,2,2,2,1,2,2,1,0,0,2,2,2,2,2,1,2,1
445,-3506.283,2433.888,-158.925,111.944,-0.373704,-0.914527,0.154874,0.927544,-0.368910,0.059719,0.002521,0.165970,0.986128,0,0.68850,-0.02176,9.515,0.192,-1,-1,-1,130.265,-1,-1,139.420,629.913,469.970,-1,-1,-1,-1,-1,171.427,-1,274.143,2,2,2,1,2,2,1,0,0,2,2,2,2,2,1,2,1
446,-3510.400,2443.118,-158.895,112.140,-0.376868,-0.912818,0.157271,0.926261,-0.372006,0.060433,0.003341,0.168449,0.985705,0,0.68828,-0.02126,10.106,0.196,-1,-1,-1,127.736,284.797,-1,136.987,634.690,464.307,-1,-1,-1,-1,-1,168.112,-1,263.142,2,2,2,1,1,2,1,0,0,2,2,2,2,2,1,2,1
447,-3513.850,2450.225,-158.862,112.016,-0.374867,-0.913590,0.157572,0.927078,-0.369295,0.064396,-0.000641,0.170222,0.985406,0,0.68799,-0.02059,7.901,-0.124,-1,-1,-1,121.977,277.378,-1,130.839,635.788,460.581,-1,-1,-1,-1,-1,160.066,-1,256.069,2,2,2,1,1,2,1,0,0,2,2,2,2,2,1,2,1
448,-3515.625,2452.163,-158.621,111.637,-0.368697,-0.916483,0.155312,0.929472,-0.361329,0.074319,-0.011993,0.171760,0.985066,0,0.61158,0.08366,2.628,-0.379,-1,-1,-1,112.749,278.060,-1,120.768,636.388,457.530,-1,-1,-1,-1,-1,146.895,-1,256.066,2,2,2,1,1,2,1,0,0,2,2,2,2,2,1,2,1
449,-3516.346,2451.739,-158.155,111.355,-0.364062,-0.918637,0.153508,0.931117,-0.355111,0.083165,-0.021886,0.173212,0.984641,0,0.60998,0.08783,0.836,-0.282,-1,-1,-1,106.101,280.921,-1,113.533,639.312,455.410,-1,-1,-1,-1,-1,137.404,-1,258.202,2,2,2,1,1,2,1,0,0,2,2,2,2,2,1,2,1
450,-3516.611,2451.104,-157.574,111.150,-0.360687,-0.919942,0.153663,0.932333,-0.351087,0.086557,-0.025678,0.174485,0.984325,0,0.60901,0.09035,0.687,-0.206,-1,-1,-1,104.091,-1,-1,111.359,643.934,454.465,-1,-1,-1,-1,-1,134.459,-1,259.960,2,2,2,1,2,2,1,0,0,2,2,2,2,2,1,2,1
451,-3516.669,2450.812,-157.037,110.974,-0.357838,-0.920738,0.155541,0.933483,-0.348498,0.084612,-0.023700,0.175472,0.984199,0,0.60833,0.09212,0.298,-0.176,-1,-1,-1,105.878,-1,-1,113.315,648.731,454.428,-1,-1,-1,-1,-1,136.849,-1,260.921,2,2,2,1,2,2,1,0,0,2,2,2,2,2,1,2,1
452,-3516.665,2450.770,-156.689,110.817,-0.355327,-0.921260,0.158188,0.934563,-0.346816,0.079444,-0.018327,0.176066,0.984208,0,0.60770,0.09376,0.042,-0.157,-1,-1,-1,109.717,-1,-1,117.495,652.097,454.938,-1,-1,-1,-1,-1,142.169,-1,261.353,2,2,2,1,2,2,1,0,0,2,2,2,2,2,1,2,1
453,-3516.629,2450.825,-156.643,110.686,-0.353220,-0.921716,0.160235,0.935463,-0.345776,0.073127,-0.011997,0.175724,0.984366,0,0.60711,0.09531,0.065,-0.131,-1,-1,-1,114.007,-1,-1,122.121,651.440,456.336,-1,-1,-1,-1,-1,148.220,-1,261.529,2,2,2,1,2,2,1,0,0,2,2,2,2,2,1,2,1
454,-3516.603,2450.867,-156.909,110.577,-0.351462,-0.922298,0.160750,0.936181,-0.345072,0.067015,-0.006338,0.174044,0.984717,0,0.60659,0.09665,0.050,-0.109,-1,-1,-1,117.741,-1,-1,126.057,645.144,459.143,-1,-1,-1,-1,-1,153.594,-1,261.657,2,2,2,1,2,2,1,0,0,2,2,2,2,2,1,2,1
455,-3516.650,2450.844,-157.409,110.489,-0.350020,-0.923058,0.159528,0.936740,-0.344562,0.061604,-0.001897,0.170999,0.985269,0,0.60617,0.09776,0.053,-0.089,-1,-1,-1,120.672,-1,-1,129.015,633.804,463.585,-1,-1,-1,-1,-1,157.911,-1,261.800,2,2,2,1,2,2,1,0,0,2,2,2,2,2,1,2,1
456,-3516.798,2450.784,-158.048,110.413,-0.348785,-0.923975,0.156907,0.937202,-0.344112,0.056922,0.001399,0.166907,0.985972,0,0.60583,0.09862,0.159,-0.076,-1,-1,-1,122.887,-1,-1,131.106,619.543,469.432,-1,-1,-1,-1,-1,161.265,-1,261.948,2,2,2,1,2,2,1,0,0,2,2,2,2,2,1,2,1
457,-3517.003,2450.770,-158.614,110.350,-0.347756,-0.924859,0.153953,0.937580,-0.343581,0.053813,0.003126,0.163057,0.986612,0,0.60556,0.09933,0.205,-0.063,-1,-1,-1,124.055,-1,-1,132.069,606.425,474.983,-1,-1,-1,-1,-1,163.110,-1,262.064,2,2,2,1,2,2,1,0,0,2,2,2,2,2,1,2,1
458,-3517.181,2450.878,-158.975,110.298,-0.346898,-0.925605,0.151381,0.937897,-0.342905,0.052584,0.003237,0.160221,0.987076,0,0.60534,0.09991,0.208,-0.052,-1,-1,-1,124.107,-1,-1,131.895,596.947,479.190,-1,-1,-1,-1,-1,163.299,-1,262.109,2,2,2,1,2,2,1,0,0,2,2,2,2,2,1,2,1
459,-3517.259,2451.146,-159.046,110.240,-0.345951,-0.926293,0.149330,0.938249,-0.341967,0.052412,0.002517,0.158241,0.987397,0,0.60513,0.10044,0.279,-0.058,-1,-1,-1,123.725,-1,-1,131.312,590.822,482.616,-1,-1,-1,-1,-1,162.802,-1,262.087,2,2,2,1,2,2,1,0,0,2,2,2,2,2,1,2,1
460,-3517.253,2451.565,-158.712,110.167,-0.344755,-0.927013,0.147616,0.938690,-0.340850,0.051790,0.002305,0.156420,0.987688,0,0.60488,0.10111,0.420,-0.073,-1,-1,-1,124.229,-1,-1,131.685,586.578,486.943,-1,-1,-1,-1,-1,163.508,-1,261.956,2,2,2,1,2,2,1,0,0,2,2,2,2,2,1,2,1
461,-3517.188,2452.052,-158.061,110.081,-0.343342,-0.927730,0.146399,0.939206,-0.339599,0.050634,0.002742,0.154884,0.987929,0,0.60454,0.10200,0.491,-0.086,-1,-1,-1,125.595,-1,-1,132.997,584.252,491.713,-1,-1,-1,-1,-1,165.397,-1,261.787,2,2,2,1,2,2,1,0,0,2,2,2,2,2,1,2,1
462,-3517.070,2452.539,-157.216,109.984,-0.341753,-0.928457,0.145510,0.939782,-0.338255,0.048916,0.003803,0.153465,0.988147,0,0.60413,0.10305,0.501,-0.097,-1,-1,-1,127.681,-1,-1,135.081,582.969,496.902,-1,-1,-1,-1,-1,168.290,-1,261.646,2,2,2,1,2,2,1,0,0,2,2,2,2,2,1,2,1
463,-3516.919,2452.990,-156.306,109.881,-0.340055,-0.929204,0.144718,0.940390,-0.336880,0.046676,0.005381,0.151963,0.988371,0,0.60368,0.10423,0.475,-0.103,-1,-1,-1,130.280,-1,-1,137.703,581.766,502.526,-1,-1,-1,-1,-1,171.919,-1,261.552,2,2,2,1,2,2,1,0,0,2,2,2,2,2,1,2,1
464,-3516.776,2453.393,-155.438,109.774,-0.338310,-0.929975,0.143850,0.941006,-0.335510,0.044045,0.007302,0.150264,0.988619,0,0.60321,0.10546,0.428,-0.106,-1,-1,-1,133.141,-1,-1,140.584,579.966,508.495,-1,-1,-1,-1,-1,175.948,-1,261.506,2,2,2,1,2,2,1,0,0,2,2,2,2,2,1,2,1
465,-3516.662,2453.758,-154.691,109.671,-0.336598,-0.930762,0.142771,0.941602,-0.334195,0.041221,0.009346,0.148308,0.988897,0,0.60273,0.10670,0.382,-0.104,-1,-1,-1,136.001,-1,-1,143.439,577.154,514.697,-1,-1,-1,-1,-1,180.014,-1,261.484,2,2,2,1,2,2,1,0,0,2,2,2,2,2,1,2,1
466,-3516.592,2454.094,-154.107,109.572,-0.334977,-0.931547,0.141455,0.942159,-0.332953,0.038458,0.011272,0.146156,0.989197,0,0.60227,0.10789,0.344,-0.098,-1,-1,-1,138.597,-1,-1,145.991,573.349,520.875,-1,-1,-1,-1,-1,183.743,-1,261.471,2,2,2,1,2,2,1,0,0,2,2,2,2,2,1,2,1
467,-3516.567,2454.415,-153.703,109.481,-0.333470,-0.932308,0.140000,0.942673,-0.331770,0.036009,0.012876,0.143982,0.989496,0,0.60184,0.10902,0.322,-0.091,-1,-1,-1,140.699,-1,-1,148.013,568.945,526.623,-1,-1,-1,-1,-1,186.797,-1,261.461,2,2,2,1,2,2,1,0,0,2,2,2,2,2,1,2,1
468,-3516.578,2454.730,-153.471,109.397,-0.332079,-0.933018,0.138571,0.943148,-0.330622,0.034082,0.014016,0.142010,0.989766,0,0.60144,0.11005,0.315,-0.084,-1,-1,-1,142.143,-1,-1,149.349,564.506,531.489,-1,-1,-1,-1,-1,188.924,-1,261.455,2,2,2,1,2,2,1,0,0,2,2,2,2,2,1,2,1
469,-3516.605,2455.048,-153.395,109.318,-0.330783,-0.933659,0.137343,0.943594,-0.329477,0.032803,0.014625,0.140446,0.989980,0,0.60107,0.11101,0.319,-0.079,-1,-1,-1,142.838,-1,-1,149.925,560.581,535.076,-1,-1,-1,-1,-1,189.979,-1,261.460,2,2,2,1,2,2,1,0,0,2,2,2,2,2,1,2,1
470,-3516.627,2455.376,-153.451,109.244,-0.329548,-0.934224,0.136465,0.944024,-0.328300,0.032214,0.014706,0.139442,0.990121,0,0.60073,0.11191,0.329,-0.075,-1,-1,-1,142.773,-1,-1,149.745,557.590,537.119,-1,-1,-1,-1,-1,189.935,-1,261.484,2,2,2,1,2,2,1,0,0,2,2,2,2,2,1,2,1
471,-3516.629,2455.716,-153.615,109.172,-0.328374,-0.934697,0.136059,0.944439,-0.327095,0.032298,0.014315,0.139105,0.990174,0,0.60039,0.11278,0.340,-0.071,-1,-1,-1,142.001,-1,-1,148.876,555.857,537.453,-1,-1,-1,-1,-1,188.864,-1,261.530,2,2,2,1,2,2,1,0,0,2,2,2,2,2,1,2,1
472,-3516.601,2456.063,-153.865,109.104,-0.327255,-0.935075,0.136158,0.944839,-0.325871,0.032975,0.013536,0.139439,0.990138,0,0.60007,0.11362,0.348,-0.068,-1,-1,-1,140.625,-1,-1,147.428,555.459,536.132,-1,-1,-1,-1,-1,186.913,-1,261.598,2,2,2,1,2,2,1,0,0,2,2,2,2,2,1,2,1
473,-3516.543,2456.415,-154.181,109.037,-0.326148,-0.935377,0.136736,0.945237,-0.324597,0.034128,0.012462,0.140378,0.990020,0,0.59976,0.11444,0.356,-0.067,-1,-1,83.519,138.767,-1,-1,145.521,556.304,533.370,-1,-1,-1,-1,-1,184.262,-1,261.700,2,2,1,1,2,2,1,0,0,2,2,2,2,2,1,2,1
474,-3516.454,2456.814,-154.507,108.967,-0.325001,-0.935658,0.137543,0.945643,-0.323296,0.035194,0.011537,0.141505,0.989870,0,0.71202,0.85838,0.409,-0.070,-1,-1,84.186,136.937,-1,-1,143.659,557.595,530.239,-1,-1,-1,-1,-1,181.661,-1,261.778,2,2,1,1,2,2,1,0,0,2,2,2,2,2,1,2,1
475,-3516.339,2457.256,-154.765,108.891,-0.323747,-0.935985,0.138274,0.946078,-0.321970,0.035663,0.011140,0.142364,0.989752,0,0.71162,0.85924,0.457,-0.076,-1,-1,84.711,135.653,-1,-1,142.352,558.469,527.919,-1,-1,-1,-1,-1,179.857,-1,261.822,2,2,1,1,2,2,1,0,0,2,2,2,2,2,1,2,1
476,-3516.197,2457.683,-154.937,108.808,-0.322380,-0.936382,0.138782,0.946546,-0.320580,0.035758,0.011008,0.142891,0.989677,0,0.71119,0.86019,0.450,-0.083,-1,-1,85.164,134.781,-1,-1,141.451,558.817,526.560,-1,-1,-1,-1,-1,178.644,-1,261.897,2,2,1,1,2,2,1,0,0,2,2,2,2,2,1,2,1
477,-3516.002,2458.108,-155.016,108.715,-0.320836,-0.936899,0.138867,0.947071,-0.319051,0.035543,0.011006,0.142920,0.989673,0,0.71073,0.86121,0.467,-0.093,-1,-1,85.581,134.251,-1,-1,140.867,558.220,526.509,-1,-1,-1,-1,-1,177.921,-1,262.018,2,2,1,1,2,2,1,0,0,2,2,2,2,2,1,2,1
478,-3515.727,2458.599,-155.009,108.598,-0.318912,-0.937620,0.138438,0.947719,-0.317187,0.034948,0.011143,0.142346,0.989754,0,0.71021,0.86234,0.563,-0.116,-1,-1,85.996,134.024,-1,-1,140.546,556.341,527.992,-1,-1,-1,-1,-1,177.637,-1,262.185,2,2,1,1,2,2,1,0,0,2,2,2,2,2,1,2,1
479,-3515.418,2459.187,-154.927,108.467,-0.316740,-0.938449,0.137801,0.948443,-0.315112,0.034065,0.011454,0.141486,0.989874,0,0.70957,0.86374,0.664,-0.131,-1,-1,86.332,134.047,-1,-1,140.463,553.967,530.319,-1,-1,-1,-1,-1,177.713,-1,262.323,2,2,1,1,2,2,1,0,0,2,2,2,2,2,1,2,1
480,-3515.113,2459.850,-154.785,108.331,-0.314485,-0.939300,0.137164,0.949188,-0.312967,0.033066,0.011869,0.140593,0.989996,0,0.70885,0.86533,0.730,-0.136,-1,-1,86.571,134.215,-1,-1,140.528,551.693,532.905,-1,-1,-1,-1,-1,177.993,-1,262.404,2,2,1,1,2,2,1,0,0,2,2,2,2,2,1,2,1
481,-3514.812,2460.558,-154.608,108.193,-0.312195,-0.940153,0.136553,0.949939,-0.310786,0.032079,0.012279,0.139732,0.990113,0,0.70808,0.86700,0.769,-0.138,-1,-1,86.763,134.411,-1,-1,140.624,549.605,535.537,-1,-1,-1,-1,-1,178.309,-1,262.451,2,2,1,1,2,2,1,0,0,2,2,2,2,2,1,2,1
482,-3514.515,2461.284,-154.424,108.055,-0.309898,-0.940998,0.135962,0.950686,-0.308584,0.031178,0.012617,0.138919,0.990223,0,0.70731,0.86870,0.785,-0.138,-1,-1,86.955,134.545,-1,-1,140.658,547.656,538.092,-1,-1,-1,-1,-1,178.532,-1,262.488,2,2,1,1,2,2,1,0,0,2,2,2,2,2,1,2,1
483,-3514.218,2462.015,-154.261,107.917,-0.307618,-0.941828,0.135395,0.951423,-0.306383,0.030394,0.012857,0.138167,0.990325,0,0.70652,0.87042,0.789,-0.137,-1,-1,87.180,134.556,-1,-1,140.568,545.791,540.458,-1,-1,-1,-1,-1,178.579,-1,262.525,2,2,1,1,2,2,1,0,0,2,2,2,2,2,1,2,1
484,-3513.926,2462.744,-154.144,107.782,-0.305378,-0.942632,0.134871,0.952143,-0.304204,0.029734,0.013000,0.137497,0.990417,0,0.70575,0.87212,0.785,-0.135,-1,-1,87.453,134.407,-1,-1,140.316,543.986,542.524,-1,-1,-1,-1,-1,178.400,-1,262.562,2,2,1,1,2,2,1,0,0,2,2,2,2,2,1,2,1
485,-3513.640,2463.469,-154.089,107.651,-0.303192,-0.943401,0.134421,0.952840,-0.302064,0.029209,0.013048,0.136937,0.990494,0,0.70498,0.87380,0.779,-0.131,-1,-1,87.783,134.068,-1,-1,139.875,542.261,544.173,-1,-1,-1,-1,-1,177.954,-1,262.598,2,2,1,1,2,2,1,0,0,2,2,2,2,2,1,2,1
486,-3513.361,2464.189,-154.104,107.523,-0.301070,-0.944129,0.134075,0.953513,-0.299968,0.028835,0.012994,0.136524,0.990552,0,0.70423,0.87544,0.772,-0.128,-1,-1,88.180,133.513,-1,-1,139.222,540.674,545.306,-1,-1,-1,-1,-1,177.206,-1,262.633,2,2,1,1,2,2,1,0,0,2,2,2,2,2,1,2,1
487,-3513.089,2464.906,-154.189,107.400,-0.299020,-0.944813,0.133852,0.954161,-0.297921,0.028634,0.012823,0.136278,0.990588,0,0.70350,0.87704,0.767,-0.123,-1,-1,88.646,132.727,-1,-1,138.342,539.272,545.871,-1,-1,-1,-1,-1,176.132,-1,262.665,2,2,1,1,2,2,1,0,0,2,2,2,2,2,1,2,1
488,-3512.820,2465.620,-154.337,107.281,-0.297042,-0.945450,0.133755,0.954782,-0.295925,0.028621,0.012522,0.136209,0.990601,0,0.70279,0.87860,0.763,-0.119,-1,-1,89.182,131.708,-1,-1,137.233,538.092,545.866,-1,-1,-1,-1,-1,174.727,-1,262.692,2,2,1,1,2,2,1,0,0,2,2,2,2,2,1,2,1
489,-3512.552,2466.334,-154.539,107.167,-0.295137,-0.946043,0.133781,0.955379,-0.293977,0.028800,0.012082,0.136311,0.990592,0,0.70210,0.88011,0.762,-0.114,-1,-1,89.781,130.468,-1,-1,135.908,537.150,545.328,-1,-1,-1,-1,-1,173.010,-1,262.711,2,2,1,1,2,2,1,0,0,2,2,2,2,2,1,2,1
490,-3512.281,2467.048,-154.779,107.057,-0.293304,-0.946597,0.133893,0.955950,-0.292077,0.029167,0.011498,0.136550,0.990566,0,0.70144,0.88157,0.764,-0.110,-1,-1,90.435,129.035,-1,-1,134.392,536.409,544.374,-1,-1,-1,-1,-1,171.018,-1,262.723,2,2,1,1,2,2,1,0,0,2,2,2,2,2,1,2,1
491,-3512.006,2467.764,-155.042,106.951,-0.291540,-0.947118,0.134060,0.956498,-0.290223,0.029700,0.010778,0.136887,0.990528,0,0.70079,0.88299,0.767,-0.106,-1,-1,91.126,127.450,-1,-1,132.727,535.829,543.132,-1,-1,-1,-1,-1,168.811,-1,262.722,2,2,1,1,2,2,1,0,0,2,2,2,2,2,1,2,1
492,-3511.731,2468.483,-155.312,106.849,-0.289836,-0.947609,0.134288,0.957025,-0.288412,0.030373,0.009949,0.137320,0.990477,0,0.70016,0.88437,0.770,-0.102,-1,-1,91.836,125.762,-1,-1,130.961,535.454,541.652,-1,-1,-1,-1,-1,166.455,-1,262.708,2,2,1,1,2,2,1,0,0,2,2,2,2,2,1,2,1
493,-3511.457,2469.208,-155.573,106.750,-0.288189,-0.948068,0.134587,0.957531,-0.286641,0.031172,0.009025,0.137854,0.990411,0,0.69954,0.88572,0.775,-0.099,-1,-1,92.549,124.004,-1,-1,129.130,535.342,539.974,-1,-1,-1,-1,-1,163.998,-1,262.677,2,2,1,1,2,2,1,0,0,2,2,2,2,2,1,2,1
494,-3511.180,2469.941,-155.818,106.655,-0.286594,-0.948503,0.134931,0.958018,-0.284911,0.032045,0.008049,0.138451,0.990337,0,0.69894,0.88703,0.783,-0.096,-1,-1,93.250,122.228,-1,-1,127.286,535.434,538.208,-1,-1,-1,-1,-1,161.516,-1,262.626,2,2,1,1,2,2,1,0,0,2,2,2,2,2,1,2,1
495,-3510.900,2470.681,-156.042,106.562,-0.285043,-0.948917,0.135302,0.958489,-0.283222,0.032932,0.007071,0.139072,0.990257,0,0.69836,0.88832,0.791,-0.093,-1,-1,93.926,120.487,-1,-1,125.480,535.662,536.446,-1,-1,-1,-1,-1,159.083,-1,262.555,2,2,1,1,2,2,1,0,0,2,2,2,2,2,1,2,1
496,-3510.618,2471.426,-156.245,106.471,-0.283529,-0.949318,0.135675,0.958944,-0.281576,0.033777,0.006138,0.139682,0.990177,0,0.69778,0.88958,0.797,-0.091,-1,-1,94.565,118.824,-1,-1,123.755,535.944,534.774,-1,-1,-1,-1,-1,156.761,-1,262.464,2,2,1,1,2,2,1,0,0,2,2,2,2,2,1,2,1
497,-3510.332,2472.028,-156.496,106.391,-0.282183,-0.949628,0.136304,0.959350,-0.279975,0.035509,0.004442,0.140784,0.990030,0,0.35845,0.37648,0.666,-0.081,-1,-1,95.505,116.501,-1,-1,121.372,537.214,531.874,-1,-1,-1,-1,-1,153.490,-1,262.514,2,2,1,1,2,2,1,0,0,2,2,2,2,2,1,2,1
498,-3510.036,2472.450,-156.917,106.339,-0.281312,-0.949719,0.137466,0.959615,-0.278622,0.038841,0.001413,0.142841,0.989745,0,0.35819,0.37756,0.516,-0.052,-1,-1,96.943,112.869,-1,-1,117.680,540.214,526.419,-1,-1,-1,-1,-1,148.362,-1,262.691,2,2,1,1,2,2,1,0,0,2,2,2,2,2,1,2,1
499,-3509.752,2472.877,-157.515,106.308,-0.280801,-0.949633,0.139096,0.959764,-0.277523,0.042832,-0.002073,0.145527,0.989352,0,0.35802,0.37830,0.513,-0.030,-1,-1,98.560,120.901,-1,-1,113.319,544.239,519.204,-1,-1,-1,-1,-1,142.319,-1,262.808,2,2,1,1,2,2,1,0,0,2,2,2,2,2,1,2,1
