timestep,x_cm,y_cm,z_cm,yaw_deg,basis_xx,basis_xy,basis_xz,basis_yx,basis_yy,basis_yz,basis_zx,basis_zy,basis_zz,teleport_flag,throttle_cmd,steering_cmd,cmd_move_cm,cmd_turn_deg,lidar_cm_0,lidar_cm_1,lidar_cm_2,lidar_cm_3,lidar_cm_4,lidar_cm_5,lidar_cm_6,lidar_cm_7,lidar_cm_8,lidar_cm_9,lidar_cm_10,lidar_cm_11,lidar_cm_12,lidar_cm_13,lidar_cm_14,lidar_cm_15,lidar_cm_16,lidar_class_0,lidar_class_1,lidar_class_2,lidar_class_3,lidar_class_4,lidar_class_5,lidar_class_6,lidar_class_7,lidar_class_8,lidar_class_9,lidar_class_10,lidar_class_11,lidar_class_12,lidar_class_13,lidar_class_14,lidar_class_15,lidar_class_16
0,5551.891,783.003,-133.983,-24.683,0.908607,0.417613,-0.005714,-0.417591,0.908623,0.004684,0.007148,-0.001869,0.999973,0,0.52985,-0.15991,0.299,-0.003,-1,678.012,-1,753.096,-1,563.566,578.091,543.456,536.090,-1,-1,-1,-1,-1,-1,-1,-1,2,0,2,0,2,0,0,0,0,2,2,2,2,2,2,2,2
1,5552.033,782.652,-133.730,-24.701,0.908459,0.417900,-0.007791,-0.417870,0.908492,0.005250,0.009273,-0.001514,0.999956,0,0.52990,-0.15979,0.378,-0.018,-1,685.100,-1,760.878,-1,568.962,583.477,545.076,536.307,-1,-1,-1,-1,-1,-1,-1,-1,2,0,2,0,2,0,0,0,0,2,2,2,2,2,2,2,2
2,5552.775,782.019,-134.681,-24.725,0.908250,0.418268,-0.011524,-0.418220,0.908323,0.006429,0.013156,-0.001020,0.999913,0,0.52995,-0.15967,0.976,-0.023,-1,693.820,-1,770.686,-1,575.261,589.790,543.871,532.998,-1,-1,-1,-1,-1,-1,-1,-1,2,0,2,0,2,0,0,0,0,2,2,2,2,2,2,2,2
3,5554.042,781.114,-136.438,-24.748,0.908037,0.418636,-0.014584,-0.418572,0.908154,0.007320,0.016309,-0.000542,0.999867,0,0.52994,-0.15969,1.557,-0.023,-1,698.243,-1,775.401,-1,577.965,592.457,540.296,527.345,-1,-1,-1,-1,-1,-1,-1,-1,2,0,2,0,2,0,0,0,0,2,2,2,2,2,2,2,2
4,5555.780,780.001,-138.596,-24.769,0.907871,0.418969,-0.015351,-0.418901,0.908001,0.007510,0.017086,-0.000388,0.999854,0,0.52986,-0.15988,2.064,-0.021,-1,694.201,-1,770.740,-1,574.276,588.714,534.567,520.954,-1,-1,-1,-1,-1,-1,-1,-1,2,0,2,0,2,0,0,0,0,2,2,2,2,2,2,2,2
5,5558.036,778.700,-140.574,-24.793,0.907708,0.419354,-0.014446,-0.419290,0.907823,0.007364,0.016203,-0.000627,0.999869,0,0.52971,-0.16025,2.605,-0.024,-1,685.556,-1,761.358,-1,567.324,581.775,528.310,515.706,-1,-1,-1,-1,-1,-1,-1,-1,2,0,2,0,2,0,0,0,0,2,2,2,2,2,2,2,2
6,5560.815,777.206,-141.943,-24.819,0.907545,0.419768,-0.012533,-0.419709,0.907631,0.007154,0.014378,-0.001232,0.999896,0,0.52950,-0.16077,3.156,-0.026,-1,675.924,-1,751.359,-1,559.904,574.479,522.877,512.846,-1,-1,-1,-1,-1,-1,-1,-1,2,0,2,0,2,0,0,0,0,2,2,2,2,2,2,2,2
7,5564.159,775.493,-142.531,-24.841,0.907405,0.420129,-0.010336,-0.420074,0.907462,0.007103,0.012364,-0.002103,0.999921,0,0.52922,-0.16144,3.756,-0.022,-1,668.031,-1,743.889,-1,554.162,568.984,519.035,512.758,-1,-1,-1,-1,-1,-1,-1,-1,2,0,2,0,2,0,0,0,0,2,2,2,2,2,2,2,2
8,5568.095,773.536,-142.377,-24.860,0.907285,0.420431,-0.008450,-0.420380,0.907319,0.007249,0.010715,-0.003024,0.999938,0,0.52886,-0.16233,4.396,-0.019,-1,663.463,-1,740.434,-1,551.215,566.352,517.217,514.973,-1,-1,-1,-1,-1,-1,-1,-1,2,0,2,0,2,0,0,0,0,2,2,2,2,2,2,2,2
9,5572.632,771.309,-141.674,-24.875,0.907183,0.420674,-0.007236,-0.420625,0.907204,0.007448,0.009698,-0.003713,0.999946,0,0.52840,-0.16345,5.055,-0.015,-1,662.548,-1,740.868,-1,551.150,566.570,517.423,518.390,-1,-1,-1,-1,-1,-1,-1,-1,2,0,2,0,2,0,0,0,0,2,2,2,2,2,2,2,2
10,5577.758,768.796,-140.706,-24.887,0.907104,0.420852,-0.006772,-0.420805,0.907121,0.007406,0.009260,-0.003868,0.999950,0,0.52784,-0.16482,5.709,-0.011,-1,664.653,-1,743.677,-1,553.151,568.694,519.443,521.543,-1,-1,-1,-1,-1,-1,-1,-1,2,0,2,0,2,0,0,0,0,2,2,2,2,2,2,2,2
11,5583.416,765.988,-139.731,-24.896,0.907033,0.421002,-0.006938,-0.420958,0.907054,0.006976,0.009230,-0.003407,0.999952,0,0.52718,-0.16642,6.316,-0.010,-1,668.602,-1,747.308,-1,556.315,571.665,522.723,523.484,-1,-1,-1,-1,-1,-1,-1,-1,2,0,2,0,2,0,0,0,0,2,2,2,2,2,2,2,2
12,5589.567,762.920,-138.923,-24.909,0.906937,0.421202,-0.007301,-0.421163,0.906963,0.006397,0.009316,-0.002727,0.999953,0,0.52644,-0.16822,6.874,-0.013,-1,672.627,-1,750.597,-1,559.434,574.469,525.959,524.502,-1,-1,-1,-1,-1,-1,-1,-1,2,0,2,0,2,0,0,0,0,2,2,2,2,2,2,2,2
13,5596.183,759.637,-138.399,-24.924,0.906833,0.421425,-0.007367,-0.421392,0.906861,0.005679,0.009074,-0.002045,0.999957,0,0.52564,-0.17016,7.386,-0.014,-1,674.903,-1,751.513,-1,561.140,575.966,528.300,524.663,-1,-1,-1,-1,-1,-1,-1,-1,2,0,2,0,2,0,0,0,0,2,2,2,2,2,2,2,2
14,5603.257,756.114,-138.221,-24.946,0.906671,0.421780,-0.006990,-0.421753,0.906697,0.005063,0.008473,-0.001643,0.999963,0,0.52479,-0.17225,7.903,-0.023,-1,674.886,-1,750.302,-1,561.159,575.882,529.060,524.375,-1,-1,-1,-1,-1,-1,-1,-1,2,0,2,0,2,0,0,0,0,2,2,2,2,2,2,2,2
15,5610.759,752.354,-138.366,-24.984,0.906400,0.422377,-0.006007,-0.422356,0.906419,0.004455,0.007326,-0.001501,0.999972,0,0.52390,-0.17441,8.391,-0.038,-1,672.157,-1,746.685,-1,559.103,573.852,528.317,523.646,-1,-1,-1,-1,-1,-1,-1,-1,2,0,2,0,2,0,0,0,0,2,2,2,2,2,2,2,2
16,5618.677,748.344,-138.743,-25.032,0.906059,0.423127,-0.004556,-0.423112,0.906069,0.003973,0.005809,-0.001673,0.999982,0,0.52301,-0.17658,8.876,-0.048,-1,667.498,-1,741.569,-1,555.651,570.532,526.233,522.865,-1,-1,-1,-1,-1,-1,-1,-1,2,0,2,0,2,0,0,0,0,2,2,2,2,2,2,2,2
17,5627.010,744.043,-139.247,-25.101,0.905555,0.424218,-0.002919,-0.424207,0.905557,0.003829,0.004268,-0.002229,0.999988,0,0.52209,-0.17880,9.378,-0.069,-1,662.202,-1,736.390,-1,551.858,567.015,522.991,522.518,-1,-1,-1,-1,-1,-1,-1,-1,2,0,2,0,2,0,0,0,0,2,2,2,2,2,2,2,2
18,5635.747,739.443,-139.792,-25.197,0.904843,0.425744,-0.001217,-0.425735,0.904838,0.004285,0.002925,-0.003359,0.999990,0,0.52121,-0.18096,9.874,-0.097,-1,657.017,-1,732.251,-1,548.397,564.069,518.497,523.265,-1,-1,-1,-1,-1,-1,-1,-1,2,0,2,0,2,0,0,0,0,2,2,2,2,2,2,2,2
19,5644.891,734.563,-140.270,-25.307,0.904030,0.427469,0.000283,-0.427465,0.904019,0.004779,0.001787,-0.004441,0.999989,0,0.52037,-0.18300,10.364,-0.110,-1,652.761,-1,728.920,-1,545.630,561.824,514.419,524.419,-1,-1,-1,-1,-1,-1,-1,-1,2,0,2,0,2,0,0,0,0,2,2,2,2,2,2,2,2
20,5654.393,729.382,-140.582,-25.435,0.903073,0.429484,0.001511,-0.429485,0.903059,0.005091,0.000822,-0.005247,0.999986,0,0.51952,-0.18507,10.823,-0.128,-1,649.832,-1,726.346,-1,543.781,560.419,511.372,525.388,-1,-1,-1,-1,-1,-1,-1,-1,2,0,2,0,2,0,0,0,0,2,2,2,2,2,2,2,2
21,5663.846,724.112,-140.436,-25.533,0.902334,0.431035,0.001125,-0.431036,0.902328,0.003542,0.000511,-0.003681,0.999993,0,0.51869,-0.18709,10.823,-0.098,-1,652.269,-1,724.903,-1,544.933,561.114,514.265,522.783,-1,-1,-1,-1,-1,-1,-1,-1,2,0,2,0,2,0,0,0,0,2,2,2,2,2,2,2,2
22,5673.038,718.709,-139.542,-25.632,0.901587,0.432592,-0.002287,-0.432593,0.901589,0.000031,0.002076,0.000962,0.999997,0,0.55351,-0.83533,10.662,-0.099,-1,664.951,-1,728.362,-1,552.693,567.203,525.573,516.254,-1,-1,-1,-1,-1,-1,-1,-1,2,0,2,0,2,0,0,0,0,2,2,2,2,2,2,2,2
23,5682.174,713.012,-137.991,-25.758,0.900620,0.434521,-0.008714,-0.434567,0.900629,-0.004284,0.005987,0.007646,0.999953,0,0.55252,-0.83758,10.767,-0.126,-1,688.267,-1,738.840,-1,567.818,579.861,543.484,507.936,-1,-1,-1,-1,-1,-1,-1,-1,2,0,2,0,2,0,0,0,0,2,2,2,2,2,2,2,2
24,5691.390,706.957,-135.968,-25.927,0.899295,0.437024,-0.016671,-0.437191,0.899333,-0.008011,0.011492,0.014492,0.999829,0,0.55165,-0.83957,11.028,-0.168,-1,719.439,-1,755.528,-1,588.237,597.765,563.587,501.044,-1,-1,-1,-1,-1,-1,-1,-1,2,0,2,0,2,0,0,0,0,2,2,2,2,2,2,2,2
25,5700.684,700.449,-133.705,-26.198,0.897143,0.441102,-0.023760,-0.441400,0.897265,-0.008998,0.017350,0.018560,0.999677,0,0.55093,-0.84121,11.345,-0.271,-1,752.155,-1,777.046,-1,610.505,618.467,578.778,500.245,-1,-1,-1,-1,-1,-1,-1,-1,2,0,2,0,2,0,0,0,0,2,2,2,2,2,2,2,2
26,5709.744,693.430,-131.513,-26.649,0.893563,0.448125,-0.026999,-0.448423,0.893802,-0.005896,0.021490,0.017375,0.999618,0,0.55063,-0.84189,11.461,-0.452,-1,775.210,-1,797.525,-1,628.387,637.218,581.920,508.923,-1,-1,-1,-1,-1,-1,-1,-1,2,0,2,0,2,0,0,0,0,2,2,2,2,2,2,2,2
27,5718.764,685.988,-129.826,-27.258,0.888694,0.457731,-0.026560,-0.457872,0.889018,0.000844,0.023999,0.011411,0.999647,0,0.55114,-0.84073,11.694,-0.609,-1,787.349,-1,813.044,-1,640.685,652.101,573.049,525.410,-1,-1,-1,-1,-1,-1,-1,-1,2,0,2,0,2,0,0,0,0,2,2,2,2,2,2,2,2
28,5727.802,678.242,-128.972,-27.969,0.882928,0.468953,-0.022807,-0.468849,0.883221,0.010053,0.024858,0.001817,0.999689,0,0.55232,-0.83803,11.903,-0.711,-1,787.441,-1,824.395,-1,646.580,661.500,554.412,547.410,-1,-1,-1,-1,-1,-1,-1,-1,2,0,2,0,2,0,0,0,0,2,2,2,2,2,2,2,2
29,5736.890,670.283,-128.949,-28.738,0.876586,0.480962,-0.016505,-0.480664,0.876698,0.019075,0.023645,-0.008788,0.999682,0,0.55393,-0.83437,12.080,-0.769,-1,777.043,-1,827.870,-1,644.854,662.961,531.765,570.181,-1,-1,-1,-1,-1,-1,-1,-1,2,0,2,0,2,0,0,0,0,2,2,2,2,2,2,2,2
30,5746.167,662.189,-129.757,-29.473,0.870408,0.492251,-0.008931,-0.491905,0.870265,0.025853,0.020499,-0.018109,0.999626,0,0.55577,-0.83018,12.311,-0.735,-1,759.145,-1,821.867,-1,636.034,656.761,510.993,588.616,-1,-1,-1,-1,-1,-1,-1,-1,2,0,2,0,2,0,0,0,0,2,2,2,2,2,2,2,2
31,5755.351,653.780,-131.308,-30.217,0.864033,0.503434,0.000483,-0.503225,0.863645,0.029704,0.014537,-0.025908,0.999559,0,0.55742,-0.82643,12.453,-0.744,-1,732.253,-1,803.721,-1,618.653,641.346,491.793,601.651,-1,-1,-1,-1,-1,-1,-1,-1,2,0,2,0,2,0,0,0,0,2,2,2,2,2,2,2,2
32,5764.342,645.003,-133.544,-30.979,0.857345,0.514611,0.011602,-0.514714,0.856844,0.029798,0.005393,-0.031519,0.999489,0,0.55910,-0.82259,12.565,-0.762,-1,696.969,-1,772.740,-1,592.986,616.533,474.973,607.201,-1,-1,-1,-1,-1,-1,-1,-1,2,0,2,0,2,0,0,0,0,2,2,2,2,2,2,2,2
33,5773.047,635.740,-136.077,-31.758,0.850270,0.525917,0.021241,-0.526324,0.849912,0.025144,-0.004829,-0.032559,0.999458,0,0.56087,-0.81858,12.711,-0.779,-1,663.514,-1,735.226,-1,566.125,588.678,465.519,600.599,-1,-1,-1,-1,-1,-1,-1,-1,2,0,2,0,2,0,0,0,0,2,2,2,2,2,2,2,2
34,5781.514,626.046,-138.720,-32.510,0.843213,0.536908,0.026871,-0.537384,0.843202,0.015153,-0.014522,-0.027217,0.999524,0,0.25441,-1.00000,12.871,-0.752,-1,637.849,-1,695.483,-1,542.424,561.742,466.360,578.478,-1,-1,-1,-1,-1,-1,-1,-1,2,0,2,0,2,0,0,0,0,2,2,2,2,2,2,2,2
35,5789.779,616.115,-141.377,-33.182,0.836705,0.546906,0.028617,-0.547143,0.837039,0.000554,-0.023651,-0.016121,0.999590,0,0.25519,-1.00000,12.920,-0.672,-1,618.886,-1,655.170,-1,521.621,536.010,477.117,544.144,-1,-1,-1,-1,-1,-1,-1,-1,2,0,2,0,2,0,0,0,0,2,2,2,2,2,2,2,2
36,5797.767,605.825,-143.585,-33.855,0.830074,0.556975,0.027501,-0.556842,0.830517,-0.013004,-0.030083,-0.004519,0.999537,0,0.25583,-1.00000,13.027,-0.673,-1,608.906,-1,624.086,-1,508.117,517.464,490.910,512.448,-1,-1,-1,-1,-1,-1,-1,-1,2,0,2,0,2,0,0,0,0,2,2,2,2,2,2,2,2
37,5805.374,595.284,-144.748,-34.605,0.822655,0.568003,0.024728,-0.567623,0.823020,-0.021022,-0.032292,0.003258,0.999473,0,0.25646,-1.00000,12.999,-0.750,-1,609.945,-1,608.461,-1,505.029,510.562,501.856,493.350,-1,-1,-1,-1,-1,-1,-1,-1,2,0,2,0,2,0,0,0,0,2,2,2,2,2,2,2,2
38,5812.651,584.691,-144.786,-35.405,0.814680,0.579496,0.021927,-0.579063,0.814951,-0.023259,-0.031348,0.006252,0.999489,0,0.25727,-1.00000,12.852,-0.799,-1,619.099,-1,605.749,-1,509.983,513.291,507.764,487.441,-1,-1,-1,-1,-1,1007.721,-1,-1,2,0,2,0,2,0,0,0,0,2,2,2,2,2,0,2,2
39,5820.124,574.273,-144.066,-36.184,0.806796,0.590512,0.019356,-0.590137,0.807004,-0.021969,-0.028593,0.006301,0.999571,0,0.25819,-1.00000,12.821,-0.779,-1,632.804,-1,610.906,-1,519.581,520.656,510.289,489.524,-1,-1,-1,-1,-1,-1,-1,-1,2,0,2,0,2,0,0,0,0,2,2,2,2,2,2,2,2
40,5827.833,564.160,-142.981,-36.943,0.798953,0.601113,0.018364,-0.600812,0.799151,-0.019558,-0.026432,0.004592,0.999640,0,0.25905,-1.00000,12.716,-0.759,-1,644.419,-1,616.964,-1,527.989,527.036,509.858,495.977,-1,-1,-1,-1,-1,-1,-1,-1,2,0,2,0,2,0,0,0,0,2,2,2,2,2,2,2,2
41,5835.505,554.191,-141.889,-37.712,0.790829,0.611708,0.020098,-0.611490,0.791084,-0.016333,-0.025890,0.000627,0.999665,0,0.25985,-1.00000,12.579,-0.769,-1,650.154,-1,620.555,-1,532.827,530.823,505.541,506.791,-1,-1,-1,-1,-1,-1,-1,-1,2,0,2,0,2,0,0,0,0,2,2,2,2,2,2,2,2
42,5843.101,544.245,-141.130,-38.456,0.782808,0.621834,0.023085,-0.621696,0.783140,-0.013631,-0.026555,-0.003681,0.999641,0,0.26067,-1.00000,12.514,-0.744,-1,651.137,-1,621.019,-1,534.370,531.661,499.465,517.461,-1,-1,-1,-1,-1,-1,-1,-1,2,0,2,0,2,0,0,0,0,2,2,2,2,2,2,2,2
43,5850.293,534.220,-140.831,-39.219,0.774429,0.632106,0.026487,-0.632037,0.774846,-0.011966,-0.028087,-0.007474,0.999578,0,0.26144,-1.00000,12.338,-0.763,-1,648.790,-1,618.003,-1,533.152,529.710,493.224,525.865,-1,-1,-1,-1,-1,-1,-1,-1,2,0,2,0,2,0,0,0,0,2,2,2,2,2,2,2,2
44,5857.201,524.101,-141.051,-39.999,0.765711,0.642517,0.029305,-0.642482,0.766210,-0.011843,-0.030063,-0.009759,0.999500,0,0.26227,-1.00000,12.253,-0.780,-1,644.613,-1,611.762,-1,530.097,525.488,488.496,529.615,-1,-1,-1,-1,-1,-1,-1,-1,2,0,2,0,2,0,0,0,0,2,2,2,2,2,2,2,2
45,5863.883,513.858,-141.719,-40.764,0.757015,0.652667,0.030894,-0.652602,0.757580,-0.013537,-0.032240,-0.009914,0.999431,0,0.26315,-1.00000,12.230,-0.765,-1,639.502,-1,602.719,-1,525.024,519.218,487.193,527.612,-1,-1,-1,-1,-1,1001.416,-1,-1,2,0,2,0,2,0,0,0,0,2,2,2,2,2,0,2,2
46,5870.500,503.512,-142.627,-41.468,0.748897,0.661978,0.030626,-0.661826,0.749480,-0.016312,-0.033752,-0.008053,0.999398,0,0.26399,-1.00000,12.281,-0.704,-1,637.167,-1,593.413,-1,520.185,512.414,488.905,520.858,-1,-1,-1,-1,-1,982.039,-1,-1,2,0,2,0,2,0,0,0,0,2,2,2,2,2,0,2,2
47,5877.189,493.078,-143.640,-42.116,0.741353,0.670482,0.029144,-0.670242,0.741904,-0.018797,-0.034225,-0.005599,0.999398,0,0.26472,-1.00000,12.395,-0.648,-1,637.695,-1,585.804,-1,517.152,507.180,491.524,512.814,-1,-1,-1,-1,-1,966.815,-1,-1,2,0,2,0,2,0,0,0,0,2,2,2,2,2,0,2,2
48,5883.741,482.508,-144.582,-42.759,0.733796,0.678802,0.027766,-0.678520,0.734309,-0.020000,-0.033965,-0.004164,0.999414,0,0.26532,-1.00000,12.435,-0.643,-1,639.529,-1,580.509,-1,515.415,503.482,492.412,507.175,-1,-1,-1,-1,-1,957.292,-1,-1,2,0,2,0,2,0,0,0,0,2,2,2,2,2,0,2,2
49,5890.056,471.858,-145.366,-43.428,0.725824,0.687328,0.027581,-0.687042,0.726335,-0.020275,-0.033969,-0.004234,0.999414,0,0.26591,-1.00000,12.382,-0.669,-1,639.890,-1,575.945,-1,513.262,499.855,491.433,504.951,-1,-1,-1,-1,-1,950.506,-1,-1,2,0,2,0,2,0,0,0,0,2,2,2,2,2,0,2,2
50,5896.393,461.292,-145.912,-44.100,0.717703,0.695773,0.028340,-0.695490,0.718244,-0.020455,-0.034587,-0.005030,0.999389,0,0.26655,-1.00000,12.320,-0.672,-1,637.000,-1,571.261,-1,510.426,495.855,489.465,504.780,-1,-1,-1,-1,-1,943.257,-1,-1,2,0,2,0,2,0,0,0,0,2,2,2,2,2,0,2,2
51,5902.830,450.789,-146.193,-44.742,0.709828,0.703752,0.029608,-0.703460,0.710421,-0.021099,-0.035883,-0.005852,0.999339,0,0.26720,-1.00000,12.319,-0.642,-1,631.990,-1,566.006,-1,507.027,491.409,488.060,505.353,-1,-1,-1,-1,-1,933.833,-1,-1,2,0,2,0,2,0,0,0,0,2,2,2,2,2,0,2,2
52,5909.258,440.186,-146.333,-45.368,0.702068,0.711432,0.031062,-0.711149,0.702718,-0.021297,-0.036979,-0.007138,0.999291,0,0.26778,-1.00000,12.399,-0.626,-1,627.557,-1,561.813,-1,503.867,487.705,486.233,507.285,-1,-1,-1,-1,-1,926.978,-1,-1,2,0,2,0,2,0,0,0,0,2,2,2,2,2,0,2,2
53,5915.365,429.453,-146.363,-46.009,0.694058,0.719178,0.032668,-0.718931,0.694768,-0.020868,-0.037705,-0.009002,0.999248,0,0.26831,-1.00000,12.349,-0.640,-1,623.880,-1,558.912,-1,500.287,484.889,484.498,510.728,-1,-1,-1,-1,-1,923.466,-1,-1,2,0,2,0,2,0,0,0,0,2,2,2,2,2,0,2,2
54,5921.092,418.651,-146.348,-46.658,0.685856,0.726943,0.033999,-0.726733,0.686615,-0.020466,-0.038222,-0.010671,0.999212,0,0.26889,-1.00000,12.226,-0.649,-1,620.969,-1,556.376,-1,497.153,482.112,483.309,513.941,-1,-1,-1,-1,-1,920.788,-1,-1,2,0,2,0,2,0,0,0,0,2,2,2,2,2,0,2,2
55,5926.965,408.019,-146.360,-47.251,0.678280,0.734020,0.033918,-0.733781,0.679049,-0.021414,-0.038750,-0.010364,0.999195,0,0.26950,-1.00000,12.147,-0.593,-1,619.547,959.960,552.737,-1,494.410,479.036,485.101,513.051,-1,-1,-1,-1,-1,914.876,-1,-1,2,0,1,0,2,0,0,0,0,2,2,2,2,2,0,2,2
56,5932.859,397.412,-146.409,-47.821,0.670927,0.740760,0.033648,-0.740474,0.671701,-0.022730,-0.039438,-0.009665,0.999175,0,0.26999,-1.00000,12.134,-0.570,-1,617.428,978.786,548.549,-1,491.454,475.642,487.466,511.221,-1,-1,-1,-1,-1,907.489,-1,-1,2,0,1,0,2,0,0,0,0,2,2,2,2,2,0,2,2
57,5938.726,386.750,-146.560,-48.394,0.663472,0.747444,0.033637,-0.747127,0.664258,-0.023711,-0.040066,-0.009400,0.999153,0,0.27042,-1.00000,12.169,-0.573,-1,613.099,998.609,544.507,-1,488.316,472.205,489.291,509.994,-1,-1,-1,-1,-1,900.728,-1,-1,2,0,1,0,2,0,0,0,0,2,2,2,2,2,0,2,2
58,5944.565,375.978,-146.851,-48.971,0.655911,0.754069,0.034073,-0.753759,0.656718,-0.023849,-0.040360,-0.010040,0.999135,0,0.27085,-1.00000,12.253,-0.577,-1,608.447,-1,541.293,-1,485.262,469.120,489.382,510.241,-1,-1,-1,-1,-1,896.488,-1,-1,2,0,2,0,2,0,0,0,0,2,2,2,2,2,0,2,2
59,5950.509,364.958,-147.269,-49.552,0.648252,0.760640,0.034581,-0.760390,0.649070,-0.022708,-0.039718,-0.011574,0.999144,0,0.56035,-0.60155,12.521,-0.581,-1,604.867,-1,540.019,-1,483.254,467.300,487.673,512.047,-1,-1,-1,-1,-1,899.017,-1,-1,2,0,2,0,2,0,0,0,0,2,2,2,2,2,0,2,2
60,5956.687,353.483,-147.790,-50.142,0.640429,0.767224,0.034898,-0.767077,0.641232,-0.020364,-0.038002,-0.013727,0.999183,0,0.56121,-0.59945,13.032,-0.590,-1,602.880,-1,540.880,-1,482.335,466.925,484.739,514.959,-1,-1,-1,-1,-1,909.273,-1,-1,2,0,2,0,2,0,0,0,0,2,2,2,2,2,0,2,2
61,5963.108,341.585,-148.419,-50.711,0.632823,0.773505,0.035011,-0.773453,0.633597,-0.018034,-0.036132,-0.015667,0.999224,0,0.56203,-0.59745,13.520,-0.569,-1,601.109,-1,541.654,-1,481.155,466.523,482.082,517.164,-1,-1,-1,-1,-1,919.732,-1,-1,2,0,2,0,2,0,0,0,0,2,2,2,2,2,0,2,2
62,5969.675,329.375,-149.002,-51.264,0.625341,0.779568,0.034973,-0.779553,0.626100,-0.017196,-0.035302,-0.016510,0.999240,0,0.56269,-0.59585,13.864,-0.553,-1,597.946,-1,539.918,-1,478.641,464.507,481.436,517.115,-1,-1,-1,-1,-1,922.501,-1,-1,2,0,2,0,2,0,0,0,0,2,2,2,2,2,0,2,2
63,5976.458,316.773,-149.613,-51.791,0.618156,0.785280,0.034906,-0.785270,0.618914,-0.017231,-0.035135,-0.016759,0.999242,0,0.56322,-0.59456,14.311,-0.526,-1,593.276,-1,536.505,-1,475.157,461.319,481.715,515.666,-1,-1,-1,-1,1005.956,920.197,-1,-1,2,0,2,0,2,0,0,0,0,2,2,2,2,0,0,2,2
64,5983.362,303.718,-150.233,-52.323,0.610838,0.790967,0.035332,-0.790978,0.611607,-0.017026,-0.035076,-0.017547,0.999231,0,0.56356,-0.59373,14.768,-0.532,-1,587.699,-1,533.116,-1,471.344,457.923,481.083,515.291,-1,-1,-1,-1,994.478,918.225,-1,-1,2,0,2,0,2,0,0,0,0,2,2,2,2,0,0,2,2
65,5990.287,290.277,-150.747,-52.878,0.603136,0.796810,0.036339,-0.796850,0.603939,-0.016953,-0.035455,-0.018732,0.999196,0,0.56385,-0.59301,15.120,-0.555,-1,581.035,-1,529.313,-1,466.945,454.081,480.278,516.017,-1,-1,-1,-1,980.393,915.493,-1,-1,2,0,2,0,2,0,0,0,0,2,2,2,2,0,0,2,2
66,5997.289,276.496,-151.151,-53.458,0.595015,0.802816,0.037998,-0.802879,0.595887,-0.017425,-0.036632,-0.020140,0.999126,0,0.56419,-0.59219,15.458,-0.580,-1,572.746,-1,524.346,-1,461.473,449.260,479.747,517.492,-1,-1,-1,-1,962.369,909.289,-1,-1,2,0,2,0,2,0,0,0,0,2,2,2,2,0,0,2,2
67,6004.412,262.336,-151.469,-54.041,0.586781,0.808779,0.039548,-0.808854,0.587727,-0.018222,-0.037981,-0.021296,0.999052,0,0.56456,-0.59128,15.850,-0.583,-1,564.508,-1,519.099,-1,455.954,444.314,479.929,518.675,-1,-1,-1,-1,944.483,902.079,-1,-1,2,0,2,0,2,0,0,0,0,2,2,2,2,0,0,2,2
68,6011.579,247.672,-151.789,-54.642,0.578261,0.814822,0.040977,-0.814945,0.579257,-0.018055,-0.038448,-0.022953,0.998997,0,0.56488,-0.59050,16.322,-0.600,-1,557.663,-1,515.980,-1,451.597,440.657,479.129,521.014,-1,-1,-1,-1,930.032,901.005,-1,-1,2,0,2,0,2,0,0,0,0,2,2,2,2,0,0,2,2
69,6018.806,232.517,-152.104,-55.258,0.569482,0.820936,0.041883,-0.821148,0.570475,-0.016591,-0.037513,-0.024944,0.998985,0,0.56520,-0.58973,16.790,-0.616,-1,553.331,-1,515.707,-1,449.093,439.009,478.271,524.095,-1,-1,-1,-1,921.562,908.855,-1,-1,2,0,2,0,2,0,0,0,0,2,2,2,2,0,0,2,2
70,6026.144,216.917,-152.424,-55.869,0.560727,0.826922,0.042259,-0.827241,0.561669,-0.014194,-0.035473,-0.026999,0.999006,0,0.56550,-0.58898,17.239,-0.612,-1,551.136,-1,517.450,-1,448.124,439.082,477.644,527.444,-1,-1,-1,-1,918.828,923.619,-1,-1,2,0,2,0,2,0,0,0,0,2,2,2,2,0,0,2,2
71,6033.615,201.002,-152.765,-56.464,0.552146,0.832665,0.042483,-0.833068,0.553036,-0.012205,-0.033657,-0.028652,0.999023,0,0.56571,-0.58849,17.582,-0.595,-1,548.697,-1,518.490,-1,446.840,438.629,477.677,529.843,-1,-1,-1,-1,915.751,937.043,-1,-1,2,0,2,0,2,0,0,0,0,2,2,2,2,0,0,2,2
72,6041.000,184.727,-153.100,-57.083,0.543142,0.838514,0.043494,-0.839016,0.544007,-0.010404,-0.032385,-0.030842,0.998999,0,0.56576,-0.58836,17.871,-0.619,-1,544.627,-1,518.771,-1,444.602,437.364,476.761,533.416,-1,-1,-1,-1,909.042,948.085,-1,-1,2,0,2,0,2,0,0,0,0,2,2,2,2,0,0,2,2
73,6048.319,168.101,-153.451,-57.719,0.533804,0.844414,0.044921,-0.845027,0.534653,-0.008670,-0.031338,-0.033331,0.998953,0,0.56586,-0.58813,18.167,-0.637,-1,539.759,-1,518.704,-1,441.888,435.718,475.479,537.633,-1,-1,-1,-1,900.570,958.446,-1,-1,2,0,2,0,2,0,0,0,0,2,2,2,2,0,0,2,2
74,6055.612,151.112,-153.869,-58.357,0.524378,0.850239,0.046047,-0.850932,0.525220,-0.007648,-0.030687,-0.035172,0.998910,0,0.56597,-0.58785,18.488,-0.638,-1,534.315,-1,517.894,-1,438.617,433.229,475.100,540.162,-1,-1,-1,-1,890.914,964.684,-1,-1,2,0,2,0,2,0,0,0,0,2,2,2,2,0,0,2,2
75,6062.911,133.743,-154.292,-58.978,0.515140,0.855847,0.046426,-0.856601,0.515940,-0.006380,-0.029413,-0.036482,0.998901,0,0.56602,-0.58773,18.841,-0.621,-1,530.518,-1,518.857,-1,436.225,431.518,475.721,541.527,-1,-1,-1,-1,872.172,974.403,-1,-1,2,0,2,0,2,0,0,0,0,2,2,2,2,1,0,2,2
76,6070.267,115.976,-154.668,-59.581,0.506136,0.861225,0.046021,-0.862021,0.506851,-0.004633,-0.027316,-0.037326,0.998930,0,0.56592,-0.58797,19.229,-0.602,-1,528.742,-1,521.183,-1,435.156,431.529,477.697,542.160,-1,-1,-1,-1,813.490,988.868,-1,-1,2,0,2,0,2,0,0,0,0,2,2,2,2,1,0,2,2
77,6077.679,97.850,-155.025,-60.167,0.497321,0.866386,0.045248,-0.867215,0.497928,-0.002519,-0.024712,-0.037987,0.998973,0,0.56566,-0.58861,19.583,-0.586,-1,528.036,-1,524.510,-1,434.862,432.178,480.211,542.546,-1,-1,-1,-1,660.074,1006.653,-1,-1,2,0,2,0,2,0,0,0,0,2,2,2,2,1,0,2,2
78,6085.055,79.354,-155.287,-60.751,0.488479,0.871451,0.044289,-0.872293,0.488984,-0.000658,-0.022230,-0.038312,0.999019,0,0.65708,-0.39008,19.913,-0.584,-1,527.328,-1,527.636,-1,434.590,432.719,483.349,542.209,-1,-1,-1,-1,671.675,-1,-1,-1,2,0,2,0,2,0,0,0,0,2,2,2,2,1,2,2,2
79,6092.455,60.419,-155.416,-61.337,0.479570,0.876423,0.043531,-0.877293,0.479952,0.001898,-0.019230,-0.039099,0.999050,0,0.65649,-0.39132,20.330,-0.585,-1,527.581,-1,533.151,-1,435.580,434.332,486.379,543.369,-1,-1,-1,-1,684.004,-1,-1,-1,2,0,2,0,2,0,0,0,0,2,2,2,2,1,2,2,2
80,6099.834,41.053,-155.392,-61.932,0.470453,0.881386,0.042817,-0.882282,0.470697,0.004827,-0.015899,-0.040048,0.999071,0,0.65579,-0.39278,20.724,-0.596,-1,529.423,-1,541.585,-1,437.397,436.748,489.808,545.434,-1,-1,-1,-1,697.430,-1,-1,-1,2,0,2,0,2,0,0,0,0,2,2,2,2,1,2,2,2
81,6107.211,21.189,-155.331,-62.529,0.461262,0.886273,0.041921,-0.887187,0.461328,0.008642,-0.011680,-0.041178,0.999084,0,0.65503,-0.39438,21.189,-0.597,-1,532.989,-1,552.301,-1,440.558,442.112,493.143,548.150,-1,-1,-1,-1,711.841,-1,861.383,-1,2,0,2,0,2,0,0,0,0,2,2,2,2,1,2,1,2
82,6114.515,0.896,-155.227,-63.139,0.451813,0.891185,0.040677,-0.892083,0.451700,0.012449,-0.007280,-0.041912,0.999095,0,0.65415,-0.39624,21.567,-0.610,-1,537.035,-1,563.542,-1,444.132,447.875,497.409,550.083,-1,-1,-1,-1,727.655,-1,805.158,-1,2,0,2,0,2,0,0,0,0,2,2,2,2,1,2,1,2
83,6121.657,-19.729,-155.069,-63.755,0.442213,0.896062,0.038985,-0.896902,0.441974,0.015018,-0.003773,-0.041607,0.999127,0,0.65321,-0.39820,21.827,-0.615,-1,540.061,-1,572.865,-1,447.135,452.188,503.510,549.565,-1,-1,-1,-1,744.715,-1,749.276,-1,2,0,2,0,2,0,0,0,0,2,2,2,2,1,2,1,2
84,6127.735,-40.679,-154.870,-64.542,0.429852,0.901989,0.040537,-0.902899,0.429472,0.018091,-0.001092,-0.044377,0.999014,0,0.65221,-0.40029,21.815,-0.787,-1,541.190,-1,583.154,-1,449.351,455.665,504.432,556.642,-1,-1,-1,-1,770.268,-1,537.342,-1,2,0,2,0,2,0,0,0,0,2,2,2,2,1,2,1,2
85,6132.167,-61.512,-154.436,-65.616,0.412846,0.909670,0.045367,-0.910801,0.412338,0.020485,-0.000072,-0.049778,0.998760,0,0.65210,-0.40053,21.299,-1.074,-1,537.480,-1,592.149,-1,448.719,458.486,501.831,571.496,-1,-1,-1,-1,810.567,-1,571.875,-1,2,0,2,0,2,0,0,0,0,2,2,2,2,1,2,1,2
86,6135.619,-82.334,-153.753,-66.773,0.394369,0.917647,0.048964,-0.918951,0.393732,0.022442,0.001315,-0.053846,0.998548,0,0.65358,-0.39744,21.106,-1.157,-1,535.849,-1,601.954,-1,449.391,462.746,501.701,584.264,-1,-1,-1,-1,859.618,-1,615.579,-1,2,0,2,0,2,0,0,0,0,2,2,2,2,1,2,1,2
87,6138.903,-107.531,-152.892,-68.172,0.371812,0.926984,0.049566,-0.928296,0.371006,0.024910,0.004702,-0.055274,0.998460,0,0.65554,-0.39332,25.410,-1.399,-1,540.856,-1,616.562,-1,454.775,470.338,506.911,591.065,-1,-1,-1,-1,-1,-1,678.492,-1,2,0,2,0,2,0,0,0,0,2,2,2,2,2,2,1,2
88,6140.663,-124.480,-152.353,-69.101,0.356708,0.933028,0.047101,-0.934175,0.355770,0.027277,0.008694,-0.053730,0.998518,0,0.65796,-0.38825,17.040,-0.929,438.008,551.437,-1,629.100,-1,462.759,478.045,515.302,589.058,-1,-1,-1,-1,977.522,-1,727.468,-1,1,0,2,0,2,0,0,0,0,2,2,2,2,1,2,1,2
89,6142.082,-145.754,-151.810,-70.318,0.336767,0.940610,0.042901,-0.941478,0.335682,0.030602,0.014384,-0.050696,0.998611,0,0.65953,-0.38495,21.321,-1.217,468.727,566.938,-1,645.678,-1,473.953,489.554,527.830,583.355,-1,-1,-1,-1,-1,-1,801.374,-1,1,0,2,0,2,0,0,0,0,2,2,2,2,2,2,1,2
90,6142.767,-167.193,-151.504,-71.568,0.316104,0.947978,0.037618,-0.948487,0.314891,0.034861,0.021202,-0.046700,0.998684,0,0.66181,-0.38017,21.450,-1.250,504.196,586.216,-1,665.379,-1,487.363,502.845,537.373,574.675,-1,-1,-1,-1,-1,-1,-1,-1,1,0,2,0,2,0,0,0,0,2,2,2,2,2,2,2,2
91,6142.769,-188.740,-151.356,-72.840,0.294917,0.954939,0.033385,-0.955111,0.293584,0.039649,0.028061,-0.043580,0.998656,0,0.66426,-0.37503,21.547,-1.272,544.369,606.095,-1,687.514,-1,501.567,516.256,544.325,567.910,-1,-1,-1,-1,-1,-1,-1,-1,1,0,2,0,2,0,0,0,0,2,2,2,2,2,2,2,2
92,6142.446,-210.375,-151.248,-74.081,0.274122,0.961224,0.030100,-0.961083,0.272697,0.044228,0.034305,-0.041053,0.998568,0,0.66682,-0.36965,21.638,-1.240,587.802,624.360,-1,709.001,-1,514.673,529.089,549.970,562.468,-1,-1,-1,-1,-1,-1,-1,-1,1,0,2,0,2,0,0,0,0,2,2,2,2,2,2,2,2
93,6141.601,-231.895,-151.088,-75.374,0.252320,0.967214,0.028845,-0.966882,0.250826,0.047179,0.038397,-0.039794,0.998470,0,0.66917,-0.36472,21.537,-1.293,637.185,636.684,-1,726.112,-1,523.541,538.330,548.550,560.168,-1,-1,-1,-1,-1,-1,-1,-1,1,0,2,0,2,0,0,0,0,2,2,2,2,2,2,2,2
94,6140.576,-253.551,-150.845,-76.653,0.230653,0.972617,0.028553,-0.972146,0.229089,0.049495,0.041598,-0.039173,0.998366,0,0.67179,-0.35923,21.680,-1.279,691.139,646.496,-1,741.533,-1,531.003,546.535,544.315,559.608,-1,-1,-1,-1,-1,-1,-1,-1,1,0,2,0,2,0,0,0,0,2,2,2,2,2,2,2,2
95,6139.130,-275.205,-150.377,-77.907,0.209302,0.977406,0.029483,-0.976851,0.207630,0.051497,0.044212,-0.039579,0.998238,0,0.67423,-0.35410,21.702,-1.254,-1,654.734,-1,758.020,-1,537.866,554.527,538.474,562.252,-1,-1,-1,-1,-1,-1,-1,-1,2,0,2,0,2,0,0,0,0,2,2,2,2,2,2,2,2
96,6137.139,-296.799,-149.726,-79.128,0.188416,0.981603,0.030906,-0.980999,0.186631,0.053012,0.046269,-0.040307,0.998115,0,0.67653,-0.34928,21.686,-1.221,-1,661.886,-1,773.124,-1,544.074,562.211,530.921,566.208,-1,-1,-1,-1,-1,-1,-1,-1,2,0,2,0,2,0,0,0,0,2,2,2,2,2,2,2,2
97,6134.655,-318.030,-148.884,-80.342,0.167576,0.985356,0.031484,-0.984737,0.165777,0.053018,0.047022,-0.039888,0.998097,0,0.39486,-0.72250,21.375,-1.214,-1,666.864,-1,782.791,-1,548.395,567.251,525.910,567.731,-1,-1,-1,-1,-1,-1,-1,-1,2,0,2,0,2,0,0,0,0,2,2,2,2,2,2,2,2
98,6132.117,-338.963,-147.936,-81.499,0.147662,0.988569,0.030458,-0.987900,0.145945,0.052474,0.047429,-0.037838,0.998158,0,0.39611,-0.71800,21.087,-1.157,-1,672.694,-1,789.439,-1,552.571,571.411,524.789,565.474,-1,-1,-1,-1,-1,-1,-1,-1,2,0,2,0,2,0,0,0,0,2,2,2,2,2,2,2,2
99,6129.539,-359.698,-146.939,-82.568,0.129209,0.991209,0.028458,-0.990474,0.127629,0.051697,0.047610,-0.034866,0.998257,0,0.39717,-0.71417,20.894,-1.069,-1,679.106,-1,794.026,-1,556.553,575.008,525.851,561.031,-1,-1,-1,-1,-1,-1,-1,-1,2,0,2,0,2,0,0,0,0,2,2,2,2,2,2,2,2
100,6126.600,-380.136,-145.886,-83.619,0.111014,0.993452,0.027002,-0.992682,0.109547,0.050807,0.047516,-0.032445,0.998343,0,0.39795,-0.71137,20.649,-1.051,-1,684.389,-1,797.989,-1,559.889,579.470,525.922,558.126,-1,-1,-1,-1,-1,-1,-1,-1,2,0,2,0,2,0,0,0,0,2,2,2,2,2,2,2,2
101,6122.578,-399.794,-144.752,-84.792,0.090678,0.995496,0.027652,-0.994792,0.089247,0.049233,0.046544,-0.031972,0.998404,0,0.39868,-0.70872,20.065,-1.173,-1,685.525,-1,800.873,-1,561.507,582.852,521.781,560.287,-1,-1,-1,-1,-1,-1,-1,-1,2,0,2,0,2,0,0,0,0,2,2,2,2,2,2,2,2
102,6118.191,-419.074,-143.729,-86.032,0.069124,0.997224,0.027696,-0.996560,0.067753,0.047721,0.045712,-0.030899,0.998477,0,0.39990,-0.70435,19.773,-1.240,-1,687.380,-1,803.507,-1,563.883,586.248,518.562,560.692,-1,-1,-1,-1,-1,-1,-1,-1,2,0,2,0,2,0,0,0,0,2,2,2,2,2,2,2,2
103,6113.646,-438.318,-142.917,-87.254,0.047860,0.998492,0.026905,-0.997811,0.046562,0.046961,0.045637,-0.029093,0.998534,0,0.40132,-0.69922,19.774,-1.222,-1,691.495,-1,807.206,-1,567.515,590.643,516.448,558.771,-1,-1,-1,-1,-1,-1,-1,-1,2,0,2,0,2,0,0,0,0,2,2,2,2,2,2,2,2
104,6108.912,-457.549,-142.357,-88.462,0.026813,0.999313,0.025572,-0.998594,0.025606,0.046412,0.045725,-0.026780,0.998595,0,0.40264,-0.69444,19.805,-1.208,-1,695.793,-1,809.623,-1,570.939,594.580,514.664,555.039,-1,-1,-1,-1,-1,-1,-1,-1,2,0,2,0,2,0,0,0,0,2,2,2,2,2,2,2,2
105,6103.926,-476.680,-141.939,-89.637,0.006329,0.999693,0.023953,-0.998946,0.005232,0.045601,0.045462,-0.024216,0.998673,0,0.40388,-0.68998,19.770,-1.175,-1,698.827,-1,809.826,-1,573.232,597.297,513.043,550.273,-1,-1,-1,-1,-1,-1,-1,-1,2,0,2,0,2,0,0,0,0,2,2,2,2,2,2,2,2
106,6098.515,-495.520,-141.490,-90.788,-0.013743,0.999648,0.022705,-0.998937,-0.014726,0.043678,0.043997,-0.022080,0.998788,0,0.40500,-0.68595,19.602,-1.151,-1,698.022,-1,806.481,-1,572.847,597.577,490.920,546.525,-1,-1,-1,-1,-1,-1,-1,-1,2,0,2,0,2,0,0,1,0,2,2,2,2,2,2,2,2
107,6093.054,-514.367,-141.096,-91.876,-0.032709,0.999238,0.021308,-0.998595,-0.033562,0.041012,0.041696,-0.019936,0.998931,0,0.40606,-0.68212,19.622,-1.088,-1,694.637,-1,799.942,-1,571.442,595.669,507.045,542.502,-1,-1,-1,-1,-1,-1,-1,-1,2,0,2,0,2,0,0,1,0,2,2,2,2,2,2,2,2
108,6087.560,-533.248,-140.714,-92.877,-0.050155,0.998538,0.020161,-0.997983,-0.050894,0.037954,0.038925,-0.018217,0.999076,0,0.40687,-0.67918,19.664,-1.001,-1,689.444,-1,792.281,-1,568.780,592.612,507.863,539.428,-1,-1,-1,-1,-1,-1,-1,-1,2,0,2,0,2,0,0,0,0,2,2,2,2,2,2,2,2
109,6081.841,-552.026,-140.269,-93.849,-0.067078,0.997563,0.019186,-0.997096,-0.067717,0.034854,0.036068,-0.016792,0.999208,0,0.40737,-0.67739,19.629,-0.972,-1,683.989,-1,784.560,-1,566.048,589.588,505.982,537.264,-1,-1,-1,-1,-1,-1,-1,-1,2,0,2,0,2,0,0,0,0,2,2,2,2,2,2,2,2
110,6075.926,-570.654,-139.718,-94.775,-0.083203,0.996362,0.018454,-0.995975,-0.083762,0.031898,0.033328,-0.015726,0.999321,0,0.40774,-0.67605,19.544,-0.927,-1,678.945,-1,777.854,-1,563.763,587.157,505.627,536.307,-1,-1,-1,-1,-1,-1,-1,-1,2,0,2,0,2,0,0,0,0,2,2,2,2,2,2,2,2
111,6069.624,-588.986,-139.081,-95.703,-0.099326,0.994897,0.017737,-0.994587,-0.099809,0.028875,0.030498,-0.014773,0.999426,0,0.40795,-0.67530,19.386,-0.928,-1,674.260,-1,771.140,-1,561.545,584.877,505.287,535.883,-1,-1,-1,-1,-1,-1,-1,-1,2,0,2,0,2,0,0,0,0,2,2,2,2,2,2,2,2
112,6063.170,-607.236,-138.513,-96.602,-0.114922,0.993248,0.015881,-0.992977,-0.115313,0.026438,0.028091,-0.012732,0.999524,0,0.40816,-0.67454,19.357,-0.899,-1,671.956,-1,764.464,-1,560.126,582.543,507.013,532.792,-1,-1,-1,-1,-1,-1,-1,-1,2,0,2,0,2,0,0,0,0,2,2,2,2,2,2,2,2
113,6056.590,-625.480,-138.073,-97.479,-0.130127,0.991403,0.013648,-0.991160,-0.130429,0.024281,0.025853,-0.010367,0.999612,0,0.40823,-0.67428,19.394,-0.878,-1,669.829,-1,757.651,-1,558.561,579.917,509.936,528.630,-1,-1,-1,-1,-1,-1,-1,-1,2,0,2,0,2,0,0,0,0,2,2,2,2,2,2,2,2
114,6050.156,-643.846,-137.736,-98.274,-0.143867,0.989536,0.011006,-0.989324,-0.144080,0.021870,0.023226,-0.007742,0.999700,0,0.40817,-0.67451,19.461,-0.795,-1,666.495,-1,748.994,-1,555.859,576.046,514.678,523.569,-1,-1,-1,-1,-1,-1,-1,-1,2,0,2,0,2,0,0,0,0,2,2,2,2,2,2,2,2
115,6043.731,-662.318,-137.477,-99.021,-0.156757,0.987594,0.009224,-0.987428,-0.156909,0.019095,0.020306,-0.006115,0.999775,0,0.40775,-0.67604,19.557,-0.747,-1,661.265,-1,739.886,-1,552.152,571.532,517.115,520.513,-1,-1,-1,-1,-1,-1,-1,-1,2,0,2,0,2,0,0,0,0,2,2,2,2,2,2,2,2
116,6037.154,-680.751,-137.223,-99.769,-0.169644,0.985473,0.008004,-0.985357,-0.169754,0.015985,0.017112,-0.005175,0.999840,0,0.40707,-0.67849,19.572,-0.748,-1,654.784,-1,730.412,-1,547.840,566.665,518.052,518.961,-1,-1,-1,-1,-1,-1,-1,-1,2,0,2,0,2,0,0,0,0,2,2,2,2,2,2,2,2
117,6030.500,-699.279,-136.951,-100.485,-0.181966,0.983282,0.006653,-0.983208,-0.182039,0.012769,0.013767,-0.004218,0.999896,0,0.50605,-0.27404,19.686,-0.717,-1,648.530,-1,720.652,-1,543.284,561.343,519.331,517.413,-1,-1,-1,-1,-1,-1,-1,-1,2,0,2,0,2,0,0,0,0,2,2,2,2,2,2,2,2
118,6023.914,-718.097,-136.706,-101.128,-0.192987,0.981188,0.005022,-0.981146,-0.193028,0.009674,0.010461,-0.003060,0.999941,0,0.50484,-0.27753,19.937,-0.642,-1,642.515,-1,710.801,-1,538.694,555.876,521.540,515.359,-1,-1,-1,-1,-1,-1,-1,-1,2,0,2,0,2,0,0,0,0,2,2,2,2,2,2,2,2
119,6017.192,-737.091,-136.466,-101.739,-0.203451,0.979080,0.003127,-0.979056,-0.203468,0.007021,0.007510,-0.001633,0.999970,0,0.50316,-0.28241,20.149,-0.611,-1,637.669,-1,701.737,-1,534.751,551.055,524.372,512.768,-1,-1,-1,-1,-1,-1,-1,-1,2,0,2,0,2,0,0,0,0,2,2,2,2,2,2,2,2
120,6010.229,-756.239,-136.252,-102.350,-0.213880,0.976859,0.001501,-0.976847,-0.213885,0.004907,0.005114,-0.000416,0.999987,0,0.50118,-0.28814,20.375,-0.611,-1,633.858,-1,694.326,-1,531.524,547.343,526.754,511.521,-1,-1,-1,-1,-1,-1,-1,-1,2,0,2,0,2,0,0,0,0,2,2,2,2,2,2,2,2
121,6003.126,-775.431,-135.947,-102.956,-0.224209,0.974541,-0.000113,-0.974538,-0.224208,0.002419,0.002332,0.000653,0.999997,0,0.49902,-0.29439,20.464,-0.606,-1,629.148,-1,686.391,-1,527.499,543.160,529.052,511.066,-1,-1,-1,-1,-1,-1,-1,-1,2,0,2,0,2,0,0,0,0,2,2,2,2,2,2,2,2
122,5995.792,-794.672,-135.559,-103.544,-0.234188,0.972190,-0.001656,-0.972191,-0.234188,-0.000223,-0.000604,0.001557,0.999999,0,0.49668,-0.30118,20.591,-0.587,-1,624.215,-1,678.504,-1,523.392,538.487,531.510,511.216,-1,-1,-1,-1,-1,-1,-1,-1,2,0,2,0,2,0,0,0,0,2,2,2,2,2,2,2,2
123,5988.298,-814.015,-135.209,-104.113,-0.243831,0.969810,-0.003801,-0.969810,-0.243843,-0.003167,-0.003998,0.002914,0.999988,0,0.49409,-0.30865,20.744,-0.569,-1,618.402,-1,669.110,-1,518.484,532.863,534.746,510.294,-1,-1,-1,-1,-1,-1,-1,-1,2,0,2,0,2,0,0,0,0,2,2,2,2,2,2,2,2
124,5980.670,-833.469,-134.923,-104.655,-0.252985,0.967448,-0.006569,-0.967437,-0.253027,-0.006526,-0.007975,0.004704,0.999957,0,0.49124,-0.31690,20.897,-0.542,-1,611.276,-1,657.907,-1,512.505,526.028,538.621,508.276,-1,-1,-1,-1,-1,-1,-1,-1,2,0,2,0,2,0,0,0,0,2,2,2,2,2,2,2,2
125,5972.898,-853.062,-134.808,-105.179,-0.261812,0.965077,-0.008977,-0.965042,-0.261897,-0.010222,-0.012216,0.005987,0.999907,0,0.48808,-0.32606,21.078,-0.524,-1,602.790,-1,645.956,-1,505.678,518.325,540.867,506.836,-1,-1,-1,-1,-1,-1,-1,-1,2,0,2,0,2,0,0,0,0,2,2,2,2,2,2,2,2
126,5964.948,-872.845,-134.942,-105.701,-0.270583,0.962636,-0.010772,-0.962565,-0.270714,-0.013488,-0.015900,0.006720,0.999851,0,0.48461,-0.33610,21.320,-0.522,-1,594.669,-1,635.035,-1,499.275,511.132,541.344,505.906,-1,-1,-1,-1,-1,-1,-1,-1,2,0,2,0,2,0,0,0,0,2,2,2,2,2,2,2,2
127,5956.745,-892.746,-135.236,-106.233,-0.279501,0.960068,-0.012190,-0.959966,-0.279672,-0.015797,-0.018575,0.007287,0.999801,0,0.48088,-0.34691,21.526,-0.532,-1,588.443,-1,626.226,-1,494.255,505.424,541.156,243.802,-1,-1,-1,-1,-1,-1,-1,-1,2,0,2,0,2,0,0,0,1,2,2,2,2,2,2,2,2
128,5948.342,-912.790,-135.662,-106.764,-0.288370,0.957426,-0.013378,-0.957294,-0.288577,-0.017677,-0.020785,0.007709,0.999754,0,0.47692,-0.35836,21.734,-0.531,-1,582.740,-1,618.281,-1,489.539,500.282,540.296,156.177,-1,-1,-1,-1,-1,-1,-1,-1,2,0,2,0,2,0,0,0,1,2,2,2,2,2,2,2,2
129,5939.804,-932.971,-136.180,-107.265,-0.296717,0.954852,-0.014708,-0.954687,-0.296968,-0.019555,-0.023040,0.008239,0.999701,0,0.47269,-0.37062,21.913,-0.501,-1,576.575,-1,609.898,-1,484.299,494.853,539.394,141.232,-1,-1,-1,-1,992.311,-1,-1,-1,2,0,2,0,2,0,0,0,1,2,2,2,2,0,2,2,2
130,5931.031,-953.102,-136.633,-107.783,-0.305320,0.952113,-0.016134,-0.951905,-0.305622,-0.021738,-0.025628,0.008721,0.999633,0,0.46806,-0.38401,21.959,-0.518,-1,569.762,-1,601.083,-1,478.710,489.111,538.503,126.027,-1,-1,-1,-1,973.300,1001.885,-1,-1,2,0,2,0,2,0,0,0,1,2,2,2,2,0,0,2,2
131,5921.972,-973.212,-136.997,-108.324,-0.314264,0.949182,-0.017096,-0.948915,-0.314610,-0.024101,-0.028255,0.008648,0.999563,0,0.46326,-0.39791,22.057,-0.540,-1,562.614,-1,592.909,-1,473.262,483.646,536.784,110.680,-1,-1,-1,-1,953.988,984.261,-1,-1,2,0,2,0,2,0,0,0,1,2,2,2,2,0,0,2,2
132,5912.616,-993.341,-137.341,-108.876,-0.323364,0.946100,-0.018173,-0.945787,-0.323754,-0.025893,-0.030381,0.008815,0.999499,0,0.45829,-0.41229,22.197,-0.552,-1,556.824,-1,585.754,-1,468.757,478.843,535.721,94.868,664.302,-1,-1,-1,937.671,968.928,-1,-1,2,0,2,0,2,0,0,0,1,1,2,2,2,0,0,2,2
133,5903.009,-1013.523,-137.705,-109.422,-0.332359,0.942946,-0.019743,-0.942612,-0.332804,-0.026910,-0.031946,0.009666,0.999443,0,0.45309,-0.42734,22.352,-0.547,-1,552.653,-1,579.299,-1,465.230,474.681,536.174,84.287,677.804,-1,-1,-1,924.871,955.183,-1,-1,2,0,2,0,2,0,0,0,1,1,2,2,2,0,0,2,2
134,5891.254,-1037.865,-138.213,-110.053,-0.342697,0.939186,-0.022078,-0.938848,-0.343223,-0.027622,-0.033520,0.011262,0.999375,0,0.44759,-0.44329,27.031,-0.631,-1,548.486,-1,571.639,-1,461.412,469.507,537.824,94.152,694.436,-1,-1,-1,911.544,938.904,-1,-1,2,0,2,0,2,0,0,0,1,1,2,2,2,0,0,2,2
135,5883.343,-1054.178,-138.622,-110.445,-0.349091,0.936786,-0.023831,-0.936446,-0.349680,-0.028158,-0.034711,0.012487,0.999319,0,0.44048,-0.46387,18.131,-0.392,-1,545.327,-1,565.959,-1,458.390,465.656,539.075,95.639,705.782,-1,-1,-1,902.069,926.961,-1,-1,2,0,2,0,2,0,0,0,1,1,2,2,2,0,0,2,2
136,5873.417,-1074.650,-139.267,-110.913,-0.356716,0.933848,-0.026108,-0.933504,-0.357395,-0.028963,-0.036378,0.014040,0.999240,0,0.43538,-0.47862,22.752,-0.469,-1,540.316,-1,558.011,-1,453.847,460.299,540.280,98.383,720.132,-1,-1,-1,889.040,910.830,-1,-1,2,0,2,0,2,0,0,0,1,1,2,2,2,0,0,2,2
137,5863.244,-1095.038,-139.945,-111.391,-0.364459,0.930818,-0.027345,-0.930419,-0.365206,-0.030743,-0.038603,0.014238,0.999153,0,0.42867,-0.48905,22.785,-0.478,-1,532.906,-1,549.816,-1,448.020,454.311,538.277,117.767,734.577,-1,-1,-1,871.509,894.376,-1,-1,2,0,2,0,2,0,0,0,1,1,2,2,2,0,0,2,2
138,5852.752,-1115.344,-140.642,-111.904,-0.372747,0.927503,-0.028266,-0.927067,-0.373542,-0.031838,-0.040088,0.014337,0.999093,0,0.42176,-0.48905,22.856,-0.513,-1,526.821,-1,543.159,-1,443.316,449.479,536.053,135.856,749.123,-1,-1,-1,857.081,881.347,-1,-1,2,0,2,0,2,0,0,0,1,1,2,2,2,0,0,2,2
139,5841.982,-1135.652,-141.462,-112.432,-0.381272,0.924005,-0.029092,-0.923565,-0.382100,-0.032063,-0.040743,0.014644,0.999062,0,0.41474,-0.48905,22.987,-0.528,-1,522.201,-1,537.709,-1,439.656,445.630,533.969,153.481,763.840,-1,-1,-1,846.174,871.112,-1,-1,2,0,2,0,2,0,0,0,1,1,2,2,2,0,0,2,2
140,5830.956,-1155.906,-142.308,-112.957,-0.389722,0.920446,-0.029948,-0.920025,-0.390575,-0.031691,-0.040867,0.015203,0.999049,0,0.40753,-0.48905,23.061,-0.525,-1,518.705,-1,533.036,-1,436.774,442.382,532.477,151.563,778.807,-1,-1,-1,837.650,862.615,-1,-1,2,0,2,0,2,0,0,0,1,1,2,2,2,0,0,2,2
141,5819.685,-1176.041,-143.002,-113.487,-0.398214,0.916781,-0.030631,-0.916388,-0.399082,-0.031095,-0.040731,0.015687,0.999047,0,0.43383,1.00000,23.075,-0.530,-1,516.056,-1,529.236,-1,434.596,439.579,531.314,142.405,793.975,-1,-1,-1,830.639,855.857,-1,-1,2,0,2,0,2,0,0,0,1,1,2,2,2,0,0,2,2
142,5808.320,-1196.254,-143.598,-113.962,-0.405809,0.913394,-0.032089,-0.913084,-0.406706,-0.029467,-0.039966,0.017342,0.999051,0,0.42952,1.00000,23.188,-0.475,-1,515.514,-1,526.073,-1,433.655,437.396,533.119,133.014,809.533,-1,-1,-1,827.649,850.198,-1,-1,2,0,2,0,2,0,0,0,1,1,2,2,2,0,0,2,2
143,5797.504,-1216.776,-144.086,-114.220,-0.409922,0.911394,-0.036406,-0.911273,-0.410935,-0.026718,-0.039311,0.022223,0.998980,0,0.42539,1.00000,23.198,-0.258,-1,516.221,-1,520.772,-1,432.678,434.596,542.586,123.794,825.730,-1,-1,-1,828.576,839.408,-1,-1,2,0,2,0,2,0,0,0,1,1,2,2,2,0,0,2,2
144,5788.453,-1237.915,-144.369,-113.962,-0.405820,0.912768,-0.046516,-0.913105,-0.407110,-0.022374,-0.039359,0.033395,0.998667,0,0.52819,0.53013,22.995,0.258,-1,518.808,-1,510.386,-1,431.247,429.829,568.029,115.614,842.847,-1,-1,-1,835.228,816.749,-1,-1,2,0,2,0,2,0,0,0,1,1,2,2,2,0,0,2,2
145,5780.156,-1258.906,-143.728,-113.489,-0.398292,0.915466,-0.057323,-0.916512,-0.399711,-0.015391,-0.037003,0.046407,0.998237,0,0.52624,0.53013,22.571,0.474,-1,529.286,-1,505.346,-1,435.446,429.901,603.306,107.968,859.972,-1,-1,-1,858.457,803.936,-1,-1,2,0,2,0,2,0,0,0,1,1,2,2,2,0,0,2,2
146,5772.093,-1279.851,-142.138,-113.021,-0.390879,0.918008,-0.066893,-0.919911,-0.392090,-0.005501,-0.031278,0.059385,0.997745,0,0.52528,0.53013,22.443,0.467,-1,549.076,-1,508.655,-1,446.530,436.557,645.320,100.680,876.601,-1,-1,-1,901.419,807.455,-1,-1,2,0,2,0,2,0,0,0,1,1,2,2,2,0,0,2,2
147,5763.694,-1300.806,-139.986,-112.659,-0.385131,0.920107,-0.071251,-0.922525,-0.385928,0.002767,-0.024952,0.066797,0.997455,0,0.52430,0.53013,22.575,0.362,-1,567.698,-1,517.251,-1,459.093,446.012,675.541,93.438,892.328,-1,-1,-1,944.157,820.573,-1,-1,2,0,2,0,2,0,0,0,1,1,2,2,2,0,0,2,2
148,5755.771,-1321.768,-137.816,-112.319,-0.379662,0.922243,-0.072967,-0.924850,-0.380290,0.005623,-0.022563,0.069618,0.997319,0,0.52282,0.53013,22.410,0.341,-1,575.910,-1,521.392,-1,464.296,450.668,692.159,450.628,907.433,-1,-1,-1,962.752,824.973,-1,-1,2,0,2,0,2,0,0,0,0,1,2,2,2,0,0,2,2
149,5749.554,-1342.704,-135.985,-111.767,-0.370708,0.925523,-0.077349,-0.928410,-0.371537,0.003914,-0.025116,0.073263,0.996996,0,0.52127,0.53013,21.839,0.552,-1,573.861,-1,515.148,-1,461.581,447.181,709.927,453.297,922.731,-1,-1,127.763,957.656,808.419,-1,-1,2,0,2,0,2,0,0,0,0,1,2,2,1,0,0,2,2
150,5744.855,-1359.239,-134.636,-111.650,-0.368665,0.925931,-0.082083,-0.928783,-0.370532,-0.008257,-0.038060,0.073194,0.996591,0,0.52074,0.53013,17.190,0.117,-1,548.588,-1,493.112,-1,443.391,429.315,712.663,457.993,934.869,-1,-1,128.346,896.858,762.382,-1,-1,2,0,2,0,2,0,0,0,0,1,2,2,1,0,0,2,2
151,5741.980,-1365.745,-133.629,-112.593,-0.383288,0.919650,-0.085643,-0.921093,-0.387455,-0.038288,-0.068394,0.064210,0.995590,0,0.51895,0.53013,7.112,-0.944,-1,490.270,-1,450.950,944.305,403.199,392.003,683.965,470.866,940.085,-1,-1,119.228,765.201,681.737,-1,930.454,2,0,2,0,0,0,0,0,0,1,2,2,1,0,0,2,0
152,5740.928,-1372.648,-132.670,-113.018,-0.389316,0.916617,-0.090807,-0.916386,-0.395401,-0.062415,-0.093116,0.058915,0.993911,0,0.51389,0.53013,6.983,-0.424,611.211,449.087,-1,418.360,831.063,373.270,363.946,668.526,479.667,945.667,-1,-1,113.621,680.058,619.542,-1,801.009,1,0,2,0,0,0,0,0,0,1,2,2,1,0,0,2,0
153,5740.571,-1380.342,-131.348,-113.181,-0.391383,0.915546,-0.092707,-0.914022,-0.398446,-0.076187,-0.106692,0.054918,0.992774,0,0.51116,0.53013,7.703,-0.163,604.240,428.437,-1,403.001,780.857,358.456,350.528,659.815,489.135,949.792,-1,-1,112.093,639.011,590.339,908.740,741.863,1,0,2,0,0,0,0,0,0,1,2,2,1,0,0,0,0
154,5740.666,-1388.716,-129.703,-113.190,-0.391420,0.915772,-0.090284,-0.913713,-0.398420,-0.079935,-0.109173,0.051206,0.992703,0,0.47792,0.98953,8.374,-0.009,596.096,425.550,-1,403.382,786.995,357.250,350.216,654.242,500.570,951.809,-1,-1,114.239,631.973,589.862,887.252,742.773,1,0,2,0,0,0,0,0,0,1,2,2,1,0,0,0,0
155,5741.167,-1397.613,-128.026,-113.083,-0.389992,0.916930,-0.084528,-0.915076,-0.396159,-0.075460,-0.102678,0.047921,0.993560,0,0.47694,0.98953,8.912,0.107,586.971,436.129,-1,415.853,834.958,366.105,359.970,650.908,512.692,952.066,-1,-1,119.728,650.418,611.466,930.586,787.869,1,0,2,0,0,0,0,0,0,1,2,2,1,0,0,0,0
156,5741.956,-1406.961,-126.849,-112.904,-0.387592,0.918606,-0.077037,-0.917385,-0.392572,-0.065517,-0.090427,0.045279,0.994873,0,0.47640,0.98953,9.381,0.179,577.183,453.989,-1,435.569,910.511,380.809,375.689,648.357,523.378,951.366,-1,-1,128.327,684.863,646.795,-1,861.701,1,0,2,0,0,0,0,0,0,1,2,2,1,0,0,2,0
157,5742.962,-1416.641,-126.667,-112.686,-0.384583,0.920477,-0.069417,-0.919988,-0.388365,-0.052862,-0.075617,0.043533,0.996186,0,0.47611,0.98953,9.732,0.218,-1,475.161,-1,457.542,1002.898,397.702,393.186,645.396,530.462,950.434,-1,-1,139.788,728.325,686.715,-1,951.667,2,0,2,0,0,0,0,0,0,1,2,2,1,0,0,2,0
158,5744.134,-1426.556,-127.733,-112.426,-0.380803,0.922546,-0.062430,-0.922709,-0.383513,-0.039056,-0.059974,0.042732,0.997285,0,0.47595,0.98953,9.984,0.260,-1,496.685,-1,478.513,-1,414.249,409.405,641.178,532.989,949.683,-1,-1,153.832,774.876,727.667,-1,-1,2,0,2,0,2,0,0,0,0,1,2,2,1,0,0,2,2
159,5745.323,-1436.550,-130.075,-112.127,-0.376293,0.924834,-0.055556,-0.925454,-0.378041,-0.024901,-0.044032,0.042045,0.998145,0,0.47594,0.98953,10.065,0.299,-1,517.096,-1,497.739,-1,429.618,424.291,633.298,532.280,949.151,-1,-1,169.900,823.756,768.427,-1,-1,2,0,2,0,2,0,0,0,0,1,2,2,1,0,0,2,2
160,5746.326,-1446.511,-133.672,-111.743,-0.370302,0.927681,-0.047798,-0.928490,-0.371194,-0.011036,-0.027980,0.040294,0.998796,0,0.47608,0.98953,10.011,0.384,-1,535.097,-1,515.947,-1,442.804,437.901,618.718,530.541,949.031,-1,-1,179.846,872.887,809.762,-1,-1,2,0,2,0,2,0,0,0,0,1,2,2,1,0,0,2,2
161,5747.093,-1456.433,-138.514,-111.271,-0.362750,0.931067,-0.039061,-0.931811,-0.362934,0.002526,-0.011825,0.037314,0.999234,0,0.47654,0.98953,9.952,0.472,-1,551.031,-1,533.243,-1,454.077,450.174,597.305,527.313,949.440,-1,-1,195.039,922.674,852.670,-1,-1,2,0,2,0,2,0,0,0,0,1,2,2,1,0,0,2,2
162,5747.507,-1466.291,-144.267,-110.711,-0.353656,0.934955,-0.028052,-0.935371,-0.353398,0.013860,0.003045,0.031140,0.999510,0,0.47734,0.98953,9.866,0.560,-1,561.112,-1,548.739,-1,461.916,459.691,565.587,527.752,950.488,-1,-1,212.202,965.197,895.302,-1,-1,2,0,2,0,2,0,0,0,0,1,2,2,1,0,0,2,2
163,5747.856,-1476.013,-149.388,-110.115,-0.343878,0.938805,-0.019840,-0.938948,-0.343527,0.019119,0.011133,0.025203,0.999620,0,0.47847,0.98953,9.729,0.597,-1,559.334,-1,552.571,-1,461.055,460.103,536.711,528.695,953.089,-1,-1,225.940,976.208,913.923,-1,-1,2,0,2,0,2,0,0,0,0,1,2,2,1,0,0,2,2
164,5747.908,-1485.547,-152.666,-109.527,-0.334222,0.942349,-0.016548,-0.942420,-0.333923,0.018467,0.011877,0.021767,0.999692,0,0.47976,0.98953,9.533,0.588,-1,548.635,-1,545.085,-1,453.150,452.855,518.975,528.796,957.595,-1,-1,235.167,957.304,903.587,-1,-1,2,0,2,0,2,0,0,0,0,1,2,2,1,0,0,2,2
165,5747.560,-1495.144,-153.705,-108.971,-0.325085,0.945522,-0.017521,-0.945646,-0.324849,0.015062,0.008549,0.021465,0.999733,0,0.48101,0.98953,9.604,0.555,-1,537.372,-1,533.197,-1,444.242,443.683,514.649,528.265,963.690,-1,-1,241.182,931.625,879.209,-1,-1,2,0,2,0,2,0,0,0,0,1,2,2,1,0,0,2,2
166,5747.060,-1504.994,-152.790,-108.384,-0.315383,0.948716,-0.021728,-0.948956,-0.315200,0.011474,0.004037,0.024237,0.999698,0,0.48209,0.98953,9.863,0.587,-1,530.732,-1,522.080,-1,438.083,436.455,522.933,526.949,971.142,-1,-1,245.667,914.982,853.569,-1,-1,2,0,2,0,2,0,0,0,0,1,2,2,1,0,0,2,2
167,5746.401,-1515.240,-150.502,-107.788,-0.305503,0.951832,-0.026130,-0.952190,-0.305348,0.009840,0.001388,0.027887,0.999610,0,0.48325,0.98953,10.266,0.596,-1,531.945,-1,517.359,-1,437.606,434.625,537.850,527.028,979.133,-1,-1,249.956,916.970,840.493,-1,-1,2,0,2,0,2,0,0,0,0,1,2,2,1,0,0,2,2
168,5745.811,-1525.882,-147.600,-107.172,-0.295243,0.954969,-0.029427,-0.955421,-0.295057,0.010578,0.001419,0.031238,0.999511,0,0.48438,0.98953,10.658,0.616,-1,539.795,-1,519.186,-1,442.399,437.900,554.640,528.180,987.146,-1,-1,254.948,936.818,841.127,-1,-1,2,0,2,0,2,0,0,0,0,1,2,2,1,0,0,2,2
169,5745.476,-1536.854,-144.856,-106.511,-0.284205,0.958240,-0.031685,-0.958758,-0.283933,0.012872,0.003338,0.034037,0.999415,0,0.48555,0.98953,10.977,0.661,-1,550.562,-1,524.537,-1,449.396,443.638,570.166,530.177,995.134,-1,-1,261.116,966.987,849.207,-1,-1,2,0,2,0,2,0,0,0,0,1,2,2,1,0,0,2,2
170,5745.367,-1548.178,-142.802,-105.817,-0.272558,0.961580,-0.032807,-0.962116,-0.272152,0.016342,0.006786,0.036019,0.999328,0,0.48686,0.98953,11.325,0.695,-1,562.358,-1,531.508,-1,457.081,450.287,581.913,532.058,1003.060,-1,-1,268.851,1005.624,862.206,-1,-1,2,0,2,0,2,0,0,0,0,1,2,2,1,0,0,2,2
171,5745.565,-1559.839,-141.642,-105.073,-0.260030,0.965019,-0.033508,-0.965534,-0.259449,0.020721,0.011303,0.037742,0.999224,0,0.48828,0.98953,11.662,0.744,-1,574.695,-1,538.099,-1,464.574,456.794,590.389,532.128,-1,-1,-1,278.437,-1,877.044,-1,-1,2,0,2,0,2,0,0,0,0,2,2,2,1,2,0,2,2
172,5746.118,-1571.767,-141.327,-104.273,-0.246505,0.968539,-0.034168,-0.969008,-0.245731,0.025305,0.016112,0.039347,0.999096,0,0.48986,0.98953,11.941,0.800,-1,585.733,-1,543.296,-1,470.945,461.958,595.999,530.229,-1,-1,-1,283.281,-1,890.379,-1,-1,2,0,2,0,2,0,0,0,0,2,2,2,1,2,0,2,2
173,5747.139,-1583.857,-141.650,-103.415,-0.231962,0.972099,-0.034889,-0.972511,-0.231010,0.029264,0.020388,0.040718,0.998963,0,0.49165,0.98953,12.132,0.857,-1,594.065,-1,546.354,-1,475.443,465.072,598.963,525.011,-1,-1,-1,274.635,-1,900.466,-1,-1,2,0,2,0,2,0,0,0,0,2,2,2,1,2,0,2,2
174,5748.566,-1596.079,-142.395,-102.507,-0.216500,0.975649,-0.035174,-0.975998,-0.215426,0.031921,0.023566,0.041241,0.998871,0,0.49367,0.98953,12.306,0.908,-1,598.419,-1,546.792,-1,477.234,465.760,598.247,519.233,-1,-1,-1,266.597,-1,905.521,-1,-1,2,0,2,0,2,0,0,0,0,2,2,2,1,2,0,2,2
175,5750.363,-1608.433,-143.360,-101.572,-0.200543,0.979067,-0.034793,-0.979358,-0.199431,0.032953,0.025325,0.040684,0.998851,0,0.49589,0.98953,12.484,0.935,-1,598.222,-1,544.577,-1,476.063,464.188,593.839,514.790,-1,-1,-1,259.481,-1,904.655,-1,-1,2,0,2,0,2,0,0,0,0,2,2,2,1,2,0,2,2
176,5752.450,-1620.951,-144.360,-100.623,-0.184280,0.982306,-0.033391,-0.982534,-0.183218,0.032524,0.025831,0.038801,0.998913,0,0.49821,0.98953,12.691,0.950,-1,594.097,-1,540.622,-1,472.573,460.838,585.797,512.703,-1,-1,-1,253.299,-1,900.141,-1,-1,2,0,2,0,2,0,0,0,0,2,2,2,1,2,0,2,2
177,5754.780,-1633.636,-145.221,-99.690,-0.168262,0.985260,-0.030837,-0.985420,-0.167324,0.030836,0.025222,0.035576,0.999049,0,0.50058,0.98953,12.897,0.933,-1,402.402,-1,535.658,-1,467.592,456.263,574.795,513.554,-1,-1,-1,248.326,-1,893.255,-1,-1,2,1,2,0,2,0,0,0,0,2,2,2,1,2,0,2,2
178,5757.177,-1646.557,-145.772,-98.825,-0.153373,0.987791,-0.027299,-0.987861,-0.152577,0.029186,0.024665,0.031444,0.999201,0,0.50286,0.98953,13.141,0.865,-1,386.500,-1,532.151,-1,463.057,452.561,562.785,516.155,-1,-1,-1,244.773,-1,891.284,-1,-1,2,1,2,0,2,0,0,0,0,2,2,2,1,2,0,2,2
179,5759.739,-1659.608,-145.829,-97.982,-0.138820,0.990006,-0.024829,-0.990005,-0.138102,0.028603,0.024888,0.028552,0.999282,0,0.50482,0.98953,13.300,0.843,-1,370.657,-1,530.644,-1,461.024,450.953,555.624,517.774,-1,-1,-1,241.905,-1,893.585,-1,-1,2,1,2,0,2,0,0,0,0,2,2,2,1,2,0,2,2
180,5762.417,-1672.821,-145.422,-97.087,-0.123329,0.992074,-0.024080,-0.992029,-0.122619,0.029029,0.025846,0.027469,0.999288,0,0.61365,1.00000,13.482,0.895,-1,354.725,-1,530.786,-1,461.456,451.166,554.335,516.983,-1,-1,-1,264.101,-1,898.792,-1,-1,2,1,2,0,2,0,0,0,0,2,2,2,1,2,0,2,2
181,5764.877,-1686.559,-144.713,-96.243,-0.108703,0.993782,-0.024092,-0.993669,-0.107935,0.031170,0.028376,0.027327,0.999224,0,0.61612,1.00000,13.957,0.844,-1,338.673,-1,534.256,-1,465.362,454.247,556.406,515.407,-1,-1,-1,304.162,-1,912.070,-1,-1,2,1,2,0,2,0,0,0,0,2,2,2,1,2,0,2,2
182,5767.352,-1700.730,-143.898,-95.415,-0.094327,0.995227,-0.025018,-0.995039,-0.093451,0.034120,0.031620,0.028113,0.999105,0,0.61821,1.00000,14.385,0.828,-1,322.443,-1,538.825,-1,470.935,458.521,561.086,512.320,-1,-1,-1,347.185,-1,930.555,-1,-1,2,1,2,0,2,0,0,0,0,2,2,2,1,2,0,2,2
183,5770.357,-1714.997,-143.035,-94.506,-0.078518,0.996522,-0.027894,-0.996330,-0.077485,0.036380,0.034092,0.030648,0.998949,0,0.62013,1.00000,14.580,0.909,-1,306.048,-1,540.885,-1,475.788,461.804,570.073,505.539,-1,-1,-1,394.885,-1,943.241,-1,-1,2,1,2,0,2,0,0,0,0,2,2,2,1,2,0,2,2
184,5774.691,-1732.090,-141.848,-93.263,-0.056890,0.997883,-0.031512,-0.997725,-0.055681,0.038001,0.036166,0.033602,0.998781,0,0.62246,1.00000,17.634,1.243,-1,286.266,-1,542.283,-1,480.616,464.868,581.215,497.801,-1,-1,-1,460.496,-1,953.986,-1,-1,2,1,2,0,2,0,0,0,0,2,2,2,1,2,0,2,2
185,5778.024,-1743.536,-141.044,-92.371,-0.041349,0.998583,-0.033503,-0.998449,-0.040046,0.038689,0.037293,0.035051,0.998689,0,0.62601,1.00000,11.921,0.892,-1,273.006,-1,543.021,-1,483.613,466.543,587.465,493.680,-1,-1,-1,509.760,-1,961.011,-1,-1,2,1,2,0,2,0,0,0,0,2,2,2,1,2,0,2,2
186,5782.718,-1757.867,-140.020,-91.208,-0.021073,0.999175,-0.034705,-0.999018,-0.019691,0.039692,0.038976,0.035507,0.998609,0,0.62870,1.00000,15.081,1.163,-1,256.424,-1,545.642,-1,279.916,469.700,592.024,491.076,-1,-1,-1,577.956,-1,975.407,-1,-1,2,1,2,0,2,1,0,0,0,2,2,2,1,2,0,2,2
187,5787.873,-1772.380,-139.082,-89.995,0.000084,0.999402,-0.034575,-0.999154,0.001505,0.041094,0.041122,0.034543,0.998557,0,0.63229,1.00000,15.401,1.213,-1,239.747,-1,550.291,-1,259.708,473.758,592.792,490.640,-1,-1,-1,655.551,-1,996.282,-1,-1,2,1,2,0,2,1,0,0,0,2,2,2,1,2,0,2,2
188,5793.467,-1787.060,-138.198,-88.757,0.021673,0.999209,-0.033351,-0.998807,0.023100,0.043029,0.043765,0.032379,0.998517,0,0.63611,1.00000,15.710,1.238,-1,223.023,-1,556.844,-1,239.715,478.737,590.441,492.422,-1,-1,-1,-1,-1,-1,-1,-1,2,1,2,0,2,1,0,0,0,2,2,2,2,2,2,2,2
189,5799.669,-1801.812,-137.458,-87.462,0.044235,0.998490,-0.032564,-0.997976,0.045656,0.044264,0.045684,0.030540,0.998489,0,0.64001,1.00000,16.003,1.295,-1,206.233,-1,561.978,-1,219.895,482.723,588.391,493.041,-1,-1,-1,-1,-1,-1,-1,-1,2,1,2,0,2,1,0,0,0,2,2,2,2,2,2,2,2
190,5806.468,-1816.567,-136.777,-86.122,0.067557,0.997210,-0.031751,-0.996626,0.068936,0.044553,0.046617,0.028634,0.998502,0,0.64420,1.00000,16.246,1.340,-1,189.411,-1,564.953,-1,200.317,485.111,585.879,493.315,-1,-1,-1,-1,-1,-1,-1,-1,2,1,2,0,2,1,0,0,0,2,2,2,2,2,2,2,2
191,5813.748,-1831.391,-136.083,-84.757,0.091273,0.995367,-0.030223,-0.994718,0.092561,0.044360,0.046952,0.026015,0.998558,0,0.64860,1.00000,16.514,1.365,-1,172.522,-1,567.523,-1,180.965,486.815,581.618,494.581,-1,-1,-1,-1,-1,-1,-1,-1,2,1,2,0,2,1,0,0,0,2,2,2,2,2,2,2,2
192,5821.520,-1846.235,-135.355,-83.379,0.115180,0.992927,-0.028789,-0.992261,0.116359,0.043341,0.046384,0.023574,0.998645,0,0.65311,1.00000,16.756,1.378,-1,155.569,-1,568.590,-1,161.851,487.271,577.835,495.485,-1,-1,-1,-1,-1,-1,-1,-1,2,1,2,0,2,1,0,0,0,2,2,2,2,2,2,2,2
193,5829.768,-1861.266,-134.710,-81.970,0.139553,0.989825,-0.027783,-0.989167,0.140640,0.042048,0.045527,0.021615,0.998729,0,0.65768,1.00000,17.146,1.409,-1,138.436,-1,569.034,-1,142.825,486.971,574.960,495.164,-1,-1,-1,-1,-1,-1,-1,-1,2,1,2,0,2,1,0,0,0,2,2,2,2,2,2,2,2
194,5838.384,-1876.523,-134.099,-80.596,0.163227,0.986244,-0.026064,-0.985551,0.164209,0.041536,0.045245,0.018908,0.998797,0,0.66236,1.00000,17.521,1.374,-1,121.106,-1,571.856,-1,123.923,487.942,570.312,495.686,-1,-1,-1,-1,-1,-1,-1,-1,2,1,2,0,2,1,0,0,0,2,2,2,2,2,2,2,2
195,5847.611,-1891.682,-133.441,-79.162,0.187840,0.981895,-0.024463,-0.981187,0.188719,0.040710,0.044590,0.016356,0.998871,0,0.66680,1.00000,17.747,1.434,-1,103.800,-1,573.948,-1,105.307,488.828,566.207,495.330,-1,-1,-1,-1,-1,-1,-1,-1,2,1,2,0,2,1,0,0,0,2,2,2,2,2,2,2,2
196,5857.213,-1907.083,-132.823,-77.774,0.211562,0.977104,-0.022579,-0.976367,0.212333,0.040278,0.044150,0.013524,0.998933,0,0.67155,1.00000,18.149,1.388,-1,86.175,-1,577.125,-1,86.698,102.537,561.404,495.684,-1,-1,821.010,-1,-1,-1,-1,-1,2,1,2,0,2,1,1,0,0,2,2,1,2,2,2,2,2
197,5867.463,-1922.386,-132.180,-76.333,0.236047,0.971510,-0.021222,-0.970753,0.236735,0.039944,0.043830,0.011172,0.998977,0,0.67601,1.00000,18.419,1.441,-1,68.569,-1,580.711,-1,68.384,80.101,557.866,495.331,-1,-1,819.772,-1,-1,-1,-1,-1,2,1,2,0,2,1,1,0,0,2,2,1,2,2,2,2,2
198,5878.251,-1937.628,-131.455,-74.896,0.260323,0.965319,-0.019761,-0.964515,0.260932,0.040314,0.044073,0.008565,0.998992,0,0.68073,1.00000,18.673,1.438,-1,50.940,-1,60.645,-1,50.355,57.969,554.113,494.601,-1,-1,820.722,-1,-1,-1,-1,-1,2,1,2,1,2,1,1,0,0,2,2,1,2,2,2,2,2
199,5889.497,-1952.739,-130.784,-73.421,0.285060,0.958330,-0.018531,-0.957514,0.285592,0.040060,0.043683,0.006324,0.999025,0,0.41581,0.09608,18.837,1.474,-1,33.259,-1,37.303,-1,32.580,35.995,550.995,493.371,-1,-1,796.244,-1,-1,-1,-1,-1,2,1,2,1,2,1,1,0,0,2,2,1,2,2,2,2,2
200,5900.394,-1968.176,-130.127,-72.180,0.305735,0.952011,-0.014158,-0.951123,0.306061,0.041122,0.043482,0.000894,0.999054,0,0.41877,0.08614,18.895,1.241,-1,14.967,-1,14.855,-1,14.548,14.446,540.897,498.522,-1,-1,806.041,-1,-1,-1,-1,-1,2,1,2,1,2,1,1,0,0,2,2,1,2,2,2,2,2
201,5910.846,-1983.921,-129.457,-71.159,0.322643,0.946486,-0.008060,-0.945539,0.322685,0.042788,0.043099,-0.006184,0.999052,0,0.42096,0.07880,18.898,1.021,-1,48.504,-1,42.251,-1,47.022,41.982,527.614,507.417,-1,-1,818.470,-1,-1,-1,-1,-1,2,1,2,1,2,1,1,0,0,2,2,1,2,2,2,2,2
202,5918.807,-1996.549,-127.656,-70.477,0.333888,0.942607,0.003316,-0.941676,0.333398,0.045741,0.042010,-0.018395,0.998948,0,0.42241,0.07393,14.928,0.682,-1,32.950,-1,619.874,-1,31.798,25.145,507.713,531.233,-1,-1,826.295,-1,-1,-1,-1,-1,2,1,2,0,2,1,1,0,0,2,2,1,2,2,2,2,2
203,5924.033,-2002.231,-123.523,-69.731,0.346084,0.938153,0.009681,-0.937142,0.345184,0.051122,0.044619,-0.026765,0.998645,0,0.42313,0.07150,7.720,0.746,-1,623.020,-1,648.752,-1,25.311,16.889,503.123,556.654,-1,926.183,828.479,-1,-1,-1,-1,-1,2,0,2,0,2,1,1,0,0,2,1,1,2,2,2,2,2
204,5928.255,-2004.875,-118.082,-68.907,0.359359,0.933146,0.009959,-0.931643,0.358123,0.061560,0.053878,-0.031400,0.998054,0,0.42480,0.06590,4.981,0.824,-1,658.727,-1,699.832,-1,23.310,13.015,510.075,579.796,-1,928.573,808.295,-1,-1,-1,-1,-1,2,0,2,0,2,1,1,0,0,2,1,1,2,2,2,2,2
205,5931.809,-2007.362,-112.322,-68.312,0.368696,0.929506,0.009012,-0.927070,0.366987,0.076566,0.067861,-0.036585,0.997024,0,0.42705,0.05837,4.338,0.595,-1,709.959,-1,772.602,-1,591.705,604.539,517.205,606.852,-1,942.128,795.964,-1,-1,-1,-1,-1,2,0,2,0,2,0,0,0,0,2,1,1,2,2,2,2,2
206,5934.315,-2010.311,-106.847,-68.035,0.372758,0.927888,0.008720,-0.924214,0.370409,0.092871,0.082944,-0.042678,0.995640,0,0.42861,0.05313,3.870,0.278,-1,766.847,-1,856.772,-1,639.426,657.125,521.825,636.963,-1,963.406,793.281,-1,-1,-1,-1,-1,2,0,2,0,2,0,0,0,0,2,1,1,2,2,2,2,2
207,5935.781,-2013.793,-101.819,-68.055,0.371921,0.928221,0.008910,-0.923091,0.368819,0.108977,0.097868,-0.048755,0.994004,0,0.42914,0.05135,3.777,-0.020,-1,828.649,-1,947.585,-1,690.835,712.760,525.148,667.519,-1,916.295,799.121,-1,-1,-1,-1,-1,2,0,2,0,2,0,0,0,0,2,0,1,2,2,2,2,2
208,5936.648,-2017.729,-97.298,-68.247,0.368251,0.929691,0.008075,-0.922907,0.364487,0.124063,0.112397,-0.053138,0.992242,0,0.42869,0.05286,4.031,-0.192,-1,894.888,-1,-1,-1,744.590,770.458,530.193,693.731,-1,832.184,810.046,-1,-1,-1,-1,-1,2,0,2,2,2,0,0,0,0,2,0,1,2,2,2,2,2
209,5937.147,-2022.185,-93.360,-68.504,0.363516,0.931566,0.006403,-0.923023,0.359236,0.137761,0.126033,-0.055988,0.990445,0,0.42765,0.05635,4.483,-0.256,-1,964.542,-1,-1,-1,799.341,828.063,536.429,714.570,-1,764.423,821.821,-1,-1,-1,-1,-1,2,0,2,2,2,0,0,0,0,2,0,1,2,2,2,2,2
210,5938.250,-2026.611,-90.260,-68.565,0.361988,0.932183,0.000081,-0.922019,0.358029,0.147294,0.137276,-0.053394,0.989093,0,0.42635,0.06072,4.562,-0.061,-1,-1,-1,-1,-1,848.330,877.823,550.523,717.395,-1,718.382,782.969,-1,-1,-1,-1,-1,2,2,2,2,2,0,0,0,0,2,0,0,2,2,2,2,2
211,5940.105,-2030.902,-88.125,-68.366,0.364711,0.931052,-0.011295,-0.919546,0.362058,0.152803,0.146357,-0.045343,0.988192,0,0.42564,0.06308,4.675,0.199,-1,-1,-1,-1,-1,890.292,916.868,572.927,701.797,-1,684.361,744.207,-1,-1,-1,-1,-1,2,2,2,2,2,0,0,0,0,2,0,0,2,2,2,2,2
212,5942.567,-2035.237,-87.012,-67.949,0.370923,0.928284,-0.026559,-0.915735,0.370365,0.155757,0.154423,-0.033453,0.987438,0,0.42575,0.06273,4.984,0.416,-1,-1,-1,-1,-1,927.791,949.206,601.640,673.412,-1,656.068,707.772,-1,-1,-1,-1,-1,2,2,2,2,2,0,0,0,0,2,0,0,2,2,2,2,2
213,5945.414,-2039.836,-86.937,-67.434,0.378639,0.924486,-0.044238,-0.911152,0.380722,0.157650,0.162587,-0.019385,0.986504,0,0.42651,0.06018,5.409,0.515,-1,-1,-1,-1,-1,964.994,979.556,634.414,638.756,-1,625.792,669.092,-1,-1,-1,-1,-1,2,2,2,2,2,0,0,0,0,2,0,0,2,2,2,2,2
214,5948.244,-2044.985,-87.852,-66.963,0.385527,0.920595,-0.062241,-0.906614,0.390484,0.159917,0.171522,-0.005224,0.985166,0,0.42754,0.05672,5.876,0.471,-1,-1,-1,-1,-1,1004.565,-1,667.081,604.307,-1,588.042,623.652,-1,-1,-1,-1,-1,2,2,2,2,2,0,2,0,0,2,0,0,2,2,2,2,2
215,5950.477,-2050.825,-89.537,-66.703,0.389044,0.917985,-0.077121,-0.903460,0.396564,0.162779,0.180013,0.006348,0.983644,0,0.42836,0.05395,6.253,0.260,-1,-1,-1,-1,-1,-1,-1,693.143,575.473,-1,549.229,577.456,-1,-1,-1,-1,-1,2,2,2,2,2,2,2,0,0,2,0,0,2,2,2,2,2
216,5952.392,-2056.880,-91.473,-66.610,0.390221,0.916660,-0.086377,-0.902160,0.399411,0.163031,0.183944,0.014308,0.982833,0,0.42846,0.05364,6.350,0.093,-1,-1,-1,-1,-1,-1,-1,709.333,554.089,-1,526.887,551.178,-1,-1,-1,-1,-1,2,2,2,2,2,2,2,0,0,2,0,0,2,2,2,2,2
217,5954.262,-2063.055,-93.256,-66.606,0.390316,0.916363,-0.089068,-0.902220,0.399971,0.161315,0.183447,0.017395,0.982876,0,0.57026,0.30970,6.453,0.004,-1,-1,-1,-1,-1,-1,-1,712.116,542.450,-1,522.098,545.097,-1,-1,-1,-1,-1,2,2,2,2,2,2,2,0,0,2,0,0,2,2,2,2,2
218,5956.286,-2069.422,-94.707,-66.636,0.390166,0.916709,-0.086106,-0.903163,0.399227,0.157844,0.179073,0.016182,0.983703,0,0.56929,0.31215,6.680,-0.030,-1,-1,-1,-1,-1,-1,-1,703.237,539.252,-1,533.627,557.566,-1,-1,-1,-1,-1,2,2,2,2,2,2,2,0,0,2,0,0,2,2,2,2,2
219,5958.729,-2075.974,-95.861,-66.662,0.390323,0.917212,-0.079808,-0.904651,0.398189,0.151831,0.171040,0.012935,0.985179,0,0.56815,0.31501,6.993,-0.026,-1,-1,-1,-1,-1,976.143,974.177,689.168,540.117,-1,563.159,588.879,-1,-1,-1,-1,-1,2,2,2,2,2,0,0,0,0,2,0,0,2,2,2,2,2
220,5961.626,-2082.830,-96.928,-66.676,0.390818,0.917687,-0.071500,-0.906435,0.397209,0.143526,0.160112,0.008717,0.987060,0,0.56700,0.31790,7.442,-0.015,-1,-1,-1,-1,-1,923.389,923.546,672.641,542.654,-1,608.994,637.542,-1,-1,-1,-1,-1,2,2,2,2,2,0,0,0,0,2,0,0,2,2,2,2,2
221,5964.991,-2090.113,-98.264,-66.658,0.391897,0.917865,-0.062769,-0.908142,0.396864,0.133332,0.147292,0.004751,0.989082,0,0.56586,0.32079,8.024,0.018,-1,-1,-1,-1,-1,866.345,868.685,656.125,543.722,-1,667.725,698.879,-1,-1,-1,-1,-1,2,2,2,2,2,0,0,0,0,2,0,0,2,2,2,2,2
222,5968.805,-2097.871,-100.200,-66.590,0.393762,0.917584,-0.054692,-0.909506,0.397538,0.121503,0.133231,0.001900,0.991083,0,0.56477,0.32352,8.645,0.068,-1,-1,-1,-1,-1,808.163,811.544,640.866,540.838,-1,736.948,769.836,-1,-1,-1,-1,-1,2,2,2,2,2,0,0,0,0,2,0,0,2,2,2,2,2
223,5973.059,-2106.188,-102.870,-66.468,0.396429,0.916826,-0.047687,-0.910348,0.399287,0.108794,0.118786,0.000283,0.992920,0,0.56381,0.32595,9.342,0.122,-1,971.030,-1,971.403,-1,751.619,755.782,626.726,533.471,-1,816.508,840.671,-1,-1,-1,-1,-1,2,0,2,0,2,0,0,0,0,2,0,1,2,2,2,2,2
224,5977.683,-2115.001,-106.327,-66.306,0.399676,0.915707,-0.041714,-0.910759,0.401847,0.095060,0.103810,-0.000002,0.994597,0,0.56296,0.32808,9.953,0.162,-1,888.237,-1,892.095,-1,696.350,700.394,613.589,521.362,-1,908.489,846.279,-1,-1,-1,-1,-1,2,0,2,0,2,0,0,0,0,2,0,1,2,2,2,2,2
225,5982.428,-2124.208,-110.562,-66.151,0.402780,0.914622,-0.035127,-0.911095,0.404309,0.080251,0.087602,-0.000319,0.996156,0,0.56219,0.33003,10.357,0.156,-1,807.143,-1,812.147,-1,640.367,644.325,598.011,507.182,-1,-1,852.602,-1,-1,-1,-1,-1,2,0,2,0,2,0,0,0,0,2,2,1,2,2,2,2,2
226,5987.245,-2133.823,-115.496,-66.005,0.405669,0.913607,-0.027481,-0.911354,0.406598,0.064119,0.069753,-0.000966,0.997564,0,0.56131,0.33224,10.754,0.146,-1,727.446,-1,733.041,-1,583.717,586.956,579.548,491.479,-1,-1,858.286,-1,-1,-1,-1,-1,2,0,2,0,2,0,0,0,0,2,2,1,2,2,2,2,2
227,5992.396,-2143.679,-120.883,-65.809,0.409246,0.912226,-0.018991,-0.911003,0.409681,0.047274,0.050905,-0.002046,0.998701,0,0.56031,0.33476,11.121,0.196,-1,651.816,-1,657.884,-1,528.660,531.450,558.903,475.271,-1,-1,863.120,-1,-1,-1,-1,-1,2,0,2,0,2,0,0,0,0,2,2,1,2,2,2,2,2
228,5998.420,-2153.645,-125.658,-65.491,0.414575,0.909974,-0.008714,-0.909314,0.414612,0.035296,0.035731,-0.006709,0.999339,0,0.55946,0.33691,11.645,0.318,-1,592.414,-1,605.316,-1,485.774,489.916,533.154,467.019,-1,-1,866.050,-1,-1,-1,-1,-1,2,0,2,0,2,0,0,0,0,2,2,1,2,2,2,2,2
229,6005.287,-2163.902,-128.597,-65.115,0.420612,0.907240,-0.000956,-0.906754,0.420420,0.032326,0.029729,-0.012730,0.999477,0,0.55907,0.33789,12.344,0.376,-1,564.110,-1,586.005,-1,466.124,472.236,511.571,466.525,-1,-1,869.071,-1,-1,-1,-1,-1,2,0,2,0,2,0,0,0,0,2,2,1,2,2,2,2,2
230,6013.059,-2174.330,-129.323,-64.626,0.428319,0.903625,0.002052,-0.903081,0.427980,0.035750,0.031427,-0.017165,0.999359,0,0.55886,0.33842,13.005,0.489,-1,561.509,-1,592.596,-1,465.470,474.012,500.589,469.559,-1,-1,870.230,-1,-1,-1,-1,-1,2,0,2,0,2,0,0,0,0,2,2,1,2,2,2,2,2
231,6021.452,-2184.847,-128.145,-64.049,0.437303,0.899312,0.001997,-0.898544,0.436835,0.042352,0.037215,-0.020315,0.999101,0,0.55906,0.33791,13.455,0.577,-1,574.772,-1,615.553,-1,477.111,487.428,498.090,475.651,-1,-1,869.925,-1,-1,-1,-1,-1,2,0,2,0,2,0,0,0,0,2,2,1,2,2,2,2,2
232,6030.204,-2195.576,-125.641,-63.433,0.446808,0.894630,0.000231,-0.893533,0.446247,0.049628,0.044296,-0.022381,0.998768,0,0.55958,0.33661,13.846,0.616,-1,597.150,-1,645.419,-1,495.044,506.445,501.531,483.694,-1,-1,869.331,-1,-1,-1,-1,-1,2,0,2,0,2,0,0,0,0,2,2,1,2,2,2,2,2
233,6038.828,-2206.119,-122.513,-62.863,0.455576,0.890196,-0.001217,-0.888847,0.454960,0.054425,0.049003,-0.023713,0.998517,0,-0.23155,0.46475,13.621,0.570,-1,616.548,-1,670.432,-1,510.628,522.919,507.799,491.992,-1,-1,869.997,-1,-1,-1,-1,-1,2,0,2,0,2,0,0,0,0,2,2,1,2,2,2,2,2
234,6046.647,-2216.045,-119.410,-62.439,0.462136,0.886809,-0.000489,-0.885441,0.461453,0.055277,0.049246,-0.025113,0.998471,0,-0.23173,0.46366,12.636,0.424,-1,624.397,-1,682.421,-1,517.694,530.646,513.279,500.301,-1,-1,873.401,-1,-1,-1,-1,-1,2,0,2,0,2,0,0,0,0,2,2,1,2,2,2,2,2
235,6053.777,-2225.464,-116.821,-62.126,0.467021,0.884245,0.001208,-0.883028,0.466306,0.053110,0.046399,-0.025870,0.998588,0,-0.23170,0.46383,11.813,0.312,-1,623.145,-1,682.638,-1,517.519,530.800,518.198,506.067,-1,-1,878.647,-1,-1,-1,-1,-1,2,0,2,0,2,0,0,0,0,2,2,1,2,2,2,2,2
236,6060.364,-2234.519,-114.963,-61.863,0.471163,0.882039,0.003696,-0.881056,0.470431,0.049355,0.041795,-0.026511,0.998774,0,-0.23152,0.46496,11.197,0.263,-1,615.311,-1,675.165,-1,512.183,525.653,521.095,509.727,-1,-1,884.234,-1,-1,-1,-1,-1,2,0,2,0,2,0,0,0,0,2,2,1,2,2,2,2,2
237,6066.542,-2243.216,-113.848,-61.626,0.474905,0.880014,0.006364,-0.879267,0.474174,0.045267,0.036818,-0.027094,0.998955,0,-0.23127,0.46647,10.668,0.238,-1,604.646,-1,664.409,-1,504.495,518.080,522.047,511.470,-1,-1,889.734,-1,-1,-1,-1,-1,2,0,2,0,2,0,0,0,0,2,2,1,2,2,2,2,2
238,6072.411,-2251.535,-113.420,-61.402,0.478404,0.878099,0.008487,-0.877531,0.477690,0.041848,0.032693,-0.027468,0.999088,0,-0.23100,0.46812,10.181,0.224,-1,594.580,-1,654.032,-1,496.989,510.636,521.656,511.191,-1,-1,895.005,-1,-1,-1,-1,-1,2,0,2,0,2,0,0,0,0,2,2,1,2,2,2,2,2
239,6078.054,-2259.466,-113.595,-61.197,0.481572,0.876355,0.009542,-0.875877,0.480874,0.039999,0.030465,-0.027620,0.999154,0,-0.23072,0.46978,9.734,0.205,-1,587.809,-1,647.101,-1,491.730,505.456,520.288,509.168,-1,-1,900.340,-1,-1,-1,-1,-1,2,0,2,0,2,0,0,0,0,2,2,1,2,2,2,2,2
240,6083.495,-2267.008,-114.258,-60.996,0.484648,0.874661,0.009169,-0.874180,0.483963,0.039868,0.030433,-0.027337,0.999163,0,-0.23044,0.47148,9.299,0.201,-1,585.383,-1,644.554,-1,489.491,503.198,518.708,505.249,-1,-1,906.363,-1,-1,-1,-1,-1,2,0,2,0,2,0,0,0,0,2,2,1,2,2,2,2,2
241,6088.675,-2274.170,-115.192,-60.800,0.487594,0.873040,0.007342,-0.872456,0.486918,0.041624,0.032764,-0.026701,0.999106,0,-0.23018,0.47307,8.839,0.196,-1,588.237,-1,647.458,-1,491.056,504.655,517.360,500.262,-1,-1,920.365,-1,-1,-1,-1,-1,2,0,2,0,2,0,0,0,0,2,2,1,2,2,2,2,2
242,6093.548,-2280.972,-116.211,-60.619,0.490276,0.871557,0.004107,-0.870783,0.489630,0.044725,0.036969,-0.025504,0.998991,0,-0.22994,0.47457,8.367,0.181,-1,596.085,-1,654.459,-1,496.131,509.447,517.077,494.296,-1,-1,933.696,-1,-1,-1,-1,-1,2,0,2,0,2,0,0,0,0,2,2,1,2,2,2,2,2
243,6098.055,-2287.316,-117.059,-60.453,0.492728,0.870183,0.001022,-0.869226,0.492131,0.047469,0.040804,-0.024278,0.998872,0,-0.22969,0.47606,7.782,0.166,-1,603.856,-1,661.106,-1,501.072,514.066,517.291,488.865,-1,-1,946.231,-1,-1,-1,-1,-1,2,0,2,0,2,0,0,0,0,2,2,1,2,2,2,2,2
244,6102.151,-2293.087,-117.513,-60.307,0.494900,0.868950,-0.000620,-0.867903,0.494338,0.048722,0.042644,-0.023574,0.998812,0,-0.22946,0.47751,7.077,0.146,-1,607.397,-1,663.841,-1,503.167,515.985,517.360,485.527,-1,-1,957.549,-1,-1,-1,-1,-1,2,0,2,0,2,0,0,0,0,2,2,1,2,2,2,2,2
245,6105.853,-2298.264,-117.444,-60.188,0.496703,0.867920,-0.001010,-0.866859,0.496153,0.048856,0.042904,-0.023391,0.998805,0,-0.22923,0.47890,6.365,0.119,-1,608.070,-1,664.187,-1,503.492,516.261,517.674,484.495,-1,-1,967.337,-1,-1,-1,-1,-1,2,0,2,0,2,0,0,0,0,2,2,1,2,2,2,2,2
246,6109.251,-2302.916,-116.946,-60.081,0.498325,0.866990,-0.000916,-0.865953,0.497781,0.048367,0.042390,-0.023310,0.998829,0,-0.22900,0.48028,5.761,0.107,-1,607.973,-1,663.783,-1,503.395,516.128,518.899,484.803,-1,-1,976.105,-1,-1,-1,-1,-1,2,0,2,0,2,0,0,0,0,2,2,1,2,2,2,2,2
247,6112.392,-2307.112,-116.203,-59.988,0.499750,0.866169,-0.000757,-0.865161,0.499210,0.047809,0.041788,-0.023237,0.998856,0,-0.22879,0.48154,5.241,0.093,-1,608.410,-1,663.968,-1,503.766,516.465,520.785,485.857,-1,-1,983.900,-1,-1,-1,-1,-1,2,0,2,0,2,0,0,0,0,2,2,1,2,2,2,2,2
248,6115.295,-2310.887,-115.391,-59.906,0.500992,0.865452,-0.000563,-0.864464,0.500451,0.047438,0.041337,-0.023279,0.998874,0,-0.22860,0.48272,4.763,0.082,-1,609.379,-1,664.993,-1,504.604,517.317,522.668,487.399,-1,-1,990.782,-1,-1,-1,-1,-1,2,0,2,0,2,0,0,0,0,2,2,1,2,2,2,2,2
249,6117.938,-2314.270,-114.656,-59.830,0.502139,0.864787,-0.000204,-0.863814,0.501585,0.047305,0.041012,-0.023577,0.998880,0,-0.22842,0.48381,4.292,0.076,-1,610.261,-1,666.406,-1,505.477,518.302,523.866,489.287,-1,-1,997.034,-1,-1,-1,-1,-1,2,0,2,0,2,0,0,0,0,2,2,1,2,2,2,2,2
250,6120.300,-2317.267,-114.098,-59.759,0.503223,0.864157,0.000214,-0.863198,0.502653,0.047216,0.040695,-0.023945,0.998885,0,-0.22826,0.48478,3.816,0.071,-1,610.602,-1,667.371,-1,505.943,518.904,524.458,490.899,-1,-1,1002.752,-1,-1,-1,-1,-1,2,0,2,0,2,0,0,0,0,2,2,1,2,2,2,2,2
251,6122.402,-2319.890,-113.766,-59.692,0.504231,0.863569,0.000476,-0.862620,0.503651,0.047147,0.040475,-0.024184,0.998888,0,-0.22813,0.48559,3.362,0.067,-1,610.646,-1,667.805,-1,506.089,519.138,524.721,491.824,-1,-1,1007.904,-1,-1,-1,-1,-1,2,0,2,0,2,0,0,0,0,2,2,1,2,2,2,2,2
252,6124.251,-2322.159,-113.657,-59.632,0.505142,0.863036,0.000545,-0.862089,0.504558,0.047163,0.040429,-0.024294,0.998887,0,-0.22802,0.48627,2.927,0.060,-1,610.597,-1,667.937,-1,506.066,519.160,524.671,492.039,-1,-1,-1,-1,-1,-1,-1,-1,2,0,2,0,2,0,0,0,0,2,2,2,2,2,2,2,2
253,6125.852,-2324.087,-113.730,-59.578,0.505941,0.862568,0.000466,-0.861614,0.505356,0.047296,0.040561,-0.024330,0.998881,0,-0.22793,0.48683,2.506,0.053,-1,610.551,-1,667.971,-1,505.981,519.097,524.311,491.687,-1,-1,-1,-1,-1,-1,-1,-1,2,0,2,0,2,0,0,0,0,2,2,2,2,2,2,2,2
254,6127.207,-2325.682,-113.918,-59.533,0.506612,0.862174,0.000323,-0.861207,0.506026,0.047538,0.040823,-0.024361,0.998869,0,-0.22785,0.48730,2.093,0.045,-1,610.523,-1,668.036,-1,505.888,519.025,523.679,491.067,-1,-1,-1,-1,-1,-1,-1,-1,2,0,2,0,2,0,0,0,0,2,2,2,2,2,2,2,2
255,4126.398,-6036.910,-20.386,75.835,0.244668,-0.969168,-0.029155,0.969412,0.245111,-0.012676,0.019431,-0.025162,0.999495,1,-0.22779,0.48767,0.000,0.000,-1,651.239,-1,709.181,-1,535.819,544.610,519.572,573.843,-1,-1,-1,-1,-1,-1,-1,-1,2,0,2,0,2,0,0,0,0,2,2,2,2,2,2,2,2
256,4126.283,-6037.980,-18.149,75.816,0.245009,-0.969196,-0.025083,0.969382,0.245330,-0.010577,0.016404,-0.021724,0.999629,0,-0.12846,0.31027,1.076,-0.019,-1,652.662,-1,702.730,-1,535.818,543.216,532.175,572.242,-1,-1,-1,-1,-1,-1,-1,-1,2,0,2,0,2,0,0,0,0,2,2,2,2,2,2,2,2
257,4126.214,-6039.204,-17.117,75.800,0.245284,-0.969225,-0.020955,0.969360,0.245501,-0.008443,0.013327,-0.018242,0.999745,0,-0.12845,0.31046,1.226,-0.016,-1,650.330,-1,691.909,-1,532.629,538.644,541.841,566.827,-1,-1,-1,-1,-1,-1,-1,-1,2,0,2,0,2,0,0,0,0,2,2,2,2,2,2,2,2
258,4126.169,-6040.570,-17.245,75.790,0.245461,-0.969257,-0.017004,0.969350,0.245598,-0.006464,0.010442,-0.014896,0.999835,0,-0.12844,0.31060,1.366,-0.010,-1,644.939,-1,678.054,-1,526.975,531.613,548.275,558.306,-1,-1,-1,-1,-1,-1,-1,-1,2,0,2,0,2,0,0,0,0,2,2,2,2,2,2,2,2
259,4126.114,-6041.994,-18.232,75.791,0.245453,-0.969299,-0.014599,0.969367,0.245554,-0.005584,0.008998,-0.012781,0.999878,0,-0.12843,0.31069,1.425,0.001,-1,639.843,-1,667.433,-1,521.997,525.543,550.058,550.273,-1,-1,-1,-1,-1,-1,-1,-1,2,0,2,0,2,0,0,0,0,2,2,2,2,2,2,2,2
260,4125.978,-6043.422,-19.776,75.802,0.245265,-0.969348,-0.014493,0.969408,0.245375,-0.006307,0.009670,-0.012503,0.999875,0,-0.12844,0.31067,1.435,0.011,-1,637.201,-1,663.635,-1,519.509,522.791,546.733,545.055,-1,-1,-1,-1,-1,-1,-1,-1,2,0,2,0,2,0,0,0,0,2,2,2,2,2,2,2,2
261,4125.705,-6044.844,-21.604,75.820,0.244946,-0.969388,-0.016999,0.969455,0.245115,-0.008679,0.012580,-0.014354,0.999818,0,-0.12844,0.31055,1.447,0.018,-1,637.902,-1,668.263,-1,520.358,524.367,538.494,544.163,-1,-1,-1,-1,-1,-1,-1,-1,2,0,2,0,2,0,0,0,0,2,2,2,2,2,2,2,2
262,4125.264,-6046.282,-23.502,75.843,0.244547,-0.969390,-0.021892,0.969482,0.244850,-0.012374,0.017356,-0.018198,0.999684,0,-0.12846,0.31034,1.505,0.023,-1,641.780,-1,681.115,-1,524.440,530.135,526.369,547.976,-1,-1,-1,-1,-1,-1,-1,-1,2,0,2,0,2,0,0,0,0,2,2,2,2,2,2,2,2
263,4124.633,-6047.861,-25.148,75.860,0.244233,-0.969333,-0.027264,0.969464,0.244714,-0.015938,0.022121,-0.022539,0.999501,0,-0.12848,0.31008,1.700,0.017,-1,646.055,-1,695.913,-1,529.147,536.782,514.219,553.869,-1,-1,-1,-1,-1,-1,-1,-1,2,0,2,0,2,0,0,0,0,2,2,2,2,2,2,2,2
264,4123.877,-6049.715,-26.238,75.863,0.244165,-0.969226,-0.031381,0.969409,0.244792,-0.017945,0.025075,-0.026040,0.999346,0,-0.12849,0.30987,2.002,0.003,-1,647.809,-1,705.873,-1,531.765,540.874,505.255,559.431,-1,-1,-1,-1,-1,-1,-1,-1,2,0,2,0,2,0,0,0,0,2,2,2,2,2,2,2,2
265,4123.073,-6051.880,-26.679,75.853,0.244333,-0.969105,-0.033715,0.969345,0.245027,-0.018203,0.025902,-0.028234,0.999266,0,-0.12850,0.30979,2.310,-0.010,-1,646.787,-1,709.225,-1,531.876,541.800,500.426,563.756,-1,-1,-1,-1,-1,-1,-1,-1,2,0,2,0,2,0,0,0,0,2,2,2,2,2,2,2,2
266,4122.272,-6054.338,-26.522,75.833,0.244666,-0.969001,-0.034296,0.969284,0.245344,-0.017149,0.025032,-0.029047,0.999265,0,-0.12850,0.30983,2.585,-0.019,-1,644.097,-1,707.053,-1,530.239,540.266,499.668,566.460,-1,-1,-1,-1,-1,-1,-1,-1,2,0,2,0,2,0,0,0,0,2,2,2,2,2,2,2,2
267,4121.506,-6057.036,-25.925,75.810,0.245076,-0.968924,-0.033539,0.969225,0.245688,-0.015480,0.023239,-0.028713,0.999318,0,-0.12849,0.30997,2.805,-0.024,-1,641.217,-1,701.877,-1,528.032,537.638,502.159,567.652,-1,-1,-1,-1,-1,-1,-1,-1,2,0,2,0,2,0,0,0,0,2,2,2,2,2,2,2,2
268,4120.786,-6059.916,-25.112,75.785,0.245503,-0.968866,-0.032036,0.969162,0.246036,-0.013825,0.021277,-0.027654,0.999391,0,-0.12847,0.31015,2.968,-0.025,-1,639.185,-1,696.130,-1,526.178,535.079,506.609,567.738,-1,-1,-1,-1,-1,-1,-1,-1,2,0,2,0,2,0,0,0,0,2,2,2,2,2,2,2,2
269,4120.103,-6062.919,-24.309,75.763,0.245892,-0.968823,-0.030317,0.969097,0.246356,-0.012614,0.019689,-0.026278,0.999461,0,-0.12846,0.31034,3.081,-0.023,-1,638.428,-1,691.365,-1,525.133,533.249,511.719,567.070,-1,-1,-1,-1,-1,-1,-1,-1,2,0,2,0,2,0,0,0,0,2,2,2,2,2,2,2,2
270,4119.438,-6066.013,-23.685,75.746,0.246172,-0.968798,-0.028798,0.969044,0.246592,-0.012048,0.018773,-0.024941,0.999513,0,-0.12845,0.31051,3.164,-0.016,-1,638.916,-1,688.360,-1,525.003,532.405,516.407,566.021,-1,-1,-1,-1,-1,-1,-1,-1,2,0,2,0,2,0,0,0,0,2,2,2,2,2,2,2,2
271,4118.834,-6068.725,-23.319,75.739,0.246284,-0.968793,-0.028011,0.968996,0.246719,-0.013274,0.019771,-0.023874,0.999519,0,0.56147,-0.28466,2.778,-0.007,-1,643.590,-1,691.413,-1,528.081,535.077,520.036,565.003,-1,-1,-1,-1,-1,-1,-1,-1,2,0,2,0,2,0,0,0,0,2,2,2,2,2,2,2,2
272,4118.400,-6070.465,-23.220,75.743,0.246212,-0.968803,-0.028292,0.968938,0.246735,-0.016729,0.023188,-0.023295,0.999460,0,0.56146,-0.28464,1.794,0.003,-1,653.783,-1,702.755,-1,535.445,542.511,522.087,564.520,-1,-1,-1,-1,-1,-1,-1,-1,2,0,2,0,2,0,0,0,0,2,2,2,2,2,2,2,2
273,4118.113,-6071.382,-23.340,75.749,0.246080,-0.968807,-0.029294,0.968876,0.246712,-0.020315,0.026909,-0.023383,0.999364,0,0.56148,-0.28471,0.961,0.006,-1,663.816,-1,715.573,-1,542.909,550.368,522.138,564.916,-1,-1,-1,-1,-1,-1,-1,-1,2,0,2,0,2,0,0,0,0,2,2,2,2,2,2,2,2
274,4117.953,-6071.579,-23.603,75.755,0.245959,-0.968799,-0.030524,0.968832,0.246681,-0.022661,0.029483,-0.023999,0.999277,0,0.56151,-0.28479,0.254,0.006,-1,669.823,-1,724.700,-1,547.593,555.557,520.535,565.923,-1,-1,-1,-1,-1,-1,-1,-1,2,0,2,0,2,0,0,0,0,2,2,2,2,2,2,2,2
275,4117.921,-6071.104,-23.926,75.759,0.245884,-0.968784,-0.031598,0.968823,0.246654,-0.023329,0.030395,-0.024877,0.999228,0,0.56153,-0.28486,0.477,0.004,-1,670.660,-1,727.998,-1,548.560,556.972,517.985,567.107,-1,-1,-1,-1,-1,-1,-1,-1,2,0,2,0,2,0,0,0,0,2,2,2,2,2,2,2,2
276,4118.041,-6069.960,-24.234,75.761,0.245865,-0.968765,-0.032308,0.968843,0.246639,-0.022638,0.029899,-0.025736,0.999222,0,0.56154,-0.28490,1.149,0.001,-1,667.510,-1,726.239,-1,546.566,555.288,515.254,568.047,-1,-1,-1,-1,-1,-1,-1,-1,2,0,2,0,2,0,0,0,0,2,2,2,2,2,2,2,2
277,4118.343,-6068.131,-24.474,75.759,0.245903,-0.968745,-0.032633,0.968870,0.246652,-0.021302,0.028685,-0.026379,0.999240,0,0.56154,-0.28490,1.854,-0.002,-1,662.741,-1,721.969,-1,543.283,552.184,512.922,568.515,-1,-1,-1,-1,-1,-1,-1,-1,2,0,2,0,2,0,0,0,0,2,2,2,2,2,2,2,2
278,4118.855,-6065.599,-24.621,75.754,0.245995,-0.968721,-0.032656,0.968882,0.246712,-0.020046,0.027476,-0.026708,0.999266,0,0.56153,-0.28486,2.584,-0.005,-1,658.612,-1,717.879,-1,540.351,549.351,511.300,568.434,-1,-1,-1,-1,-1,-1,-1,-1,2,0,2,0,2,0,0,0,0,2,2,2,2,2,2,2,2
279,4119.592,-6062.366,-24.683,75.745,0.246150,-0.968688,-0.032472,0.968861,0.246844,-0.019385,0.026794,-0.026689,0.999285,0,0.56150,-0.28477,3.316,-0.009,-1,656.591,-1,715.800,-1,538.855,547.918,510.481,567.762,-1,-1,-1,-1,-1,-1,-1,-1,2,0,2,0,2,0,0,0,0,2,2,2,2,2,2,2,2
280,4120.554,-6058.461,-24.658,75.725,0.246492,-0.968611,-0.032146,0.968775,0.247179,-0.019441,0.026777,-0.026350,0.999294,0,0.56146,-0.28462,4.021,-0.020,-1,657.028,-1,716.234,-1,539.071,548.182,510.410,566.612,-1,-1,-1,-1,-1,-1,-1,-1,2,0,2,0,2,0,0,0,0,2,2,2,2,2,2,2,2
281,4121.739,-6053.933,-24.522,75.688,0.247107,-0.968468,-0.031748,0.968604,0.247799,-0.020032,0.027268,-0.025801,0.999295,0,0.56137,-0.28434,4.681,-0.037,-1,659.456,-1,718.798,-1,540.706,549.831,510.925,565.316,-1,-1,-1,-1,-1,-1,-1,-1,2,0,2,0,2,0,0,0,0,2,2,2,2,2,2,2,2
282,4123.140,-6048.804,-24.308,75.640,0.247923,-0.968274,-0.031295,0.968378,0.248621,-0.020772,0.027893,-0.025156,0.999294,0,0.56123,-0.28389,5.317,-0.049,-1,662.632,-1,722.155,-1,542.982,551.928,511.705,564.008,-1,-1,-1,-1,-1,-1,-1,-1,2,0,2,0,2,0,0,0,0,2,2,2,2,2,2,2,2
283,4124.746,-6043.093,-24.057,75.581,0.248915,-0.968033,-0.030868,0.968111,0.249614,-0.021314,0.028338,-0.024579,0.999296,0,0.56105,-0.28330,5.932,-0.059,-1,665.379,-1,725.281,-1,545.073,553.776,512.304,562.916,-1,-1,-1,-1,-1,-1,-1,-1,2,0,2,0,2,0,0,0,0,2,2,2,2,2,2,2,2
284,4126.544,-6036.816,-23.804,75.513,0.250058,-0.967750,-0.030504,0.967812,0.250752,-0.021510,0.028465,-0.024143,0.999303,0,0.56082,-0.28259,6.529,-0.068,-1,667.123,-1,727.622,-1,546.487,554.993,512.480,562.087,-1,-1,-1,-1,-1,-1,-1,-1,2,0,2,0,2,0,0,0,0,2,2,2,2,2,2,2,2
285,4128.525,-6029.985,-23.572,75.438,0.251330,-0.967430,-0.030196,0.967487,0.252012,-0.021405,0.028317,-0.023834,0.999315,0,0.56057,-0.28178,7.113,-0.075,-1,667.917,-1,729.110,-1,547.251,555.605,512.333,561.417,-1,-1,-1,-1,-1,-1,-1,-1,2,0,2,0,2,0,0,0,0,2,2,2,2,2,2,2,2
286,4130.697,-6022.615,-23.361,75.354,0.252747,-0.967070,-0.029906,0.967125,0.253417,-0.021194,0.028075,-0.023566,0.999328,0,0.56029,-0.28089,7.683,-0.084,-1,668.354,-1,730.321,-1,547.776,556.088,511.927,560.692,-1,-1,-1,-1,-1,-1,-1,-1,2,0,2,0,2,0,0,0,0,2,2,2,2,2,2,2,2
287,4133.055,-6014.770,-23.128,75.263,0.254283,-0.966672,-0.029746,0.966739,0.254934,-0.020583,0.027480,-0.023522,0.999346,0,0.55998,-0.27989,8.193,-0.091,-1,667.664,-1,730.655,-1,547.572,556.053,511.018,560.461,-1,-1,-1,-1,-1,-1,-1,-1,2,0,2,0,2,0,0,0,0,2,2,2,2,2,2,2,2
288,4135.567,-6006.482,-22.840,75.171,0.255839,-0.966263,-0.029688,0.966362,0.256459,-0.019323,0.026285,-0.023746,0.999372,0,0.55964,-0.27881,8.660,-0.092,-1,665.312,-1,729.353,-1,546.179,554.904,509.606,560.998,-1,-1,-1,-1,-1,-1,-1,-1,2,0,2,0,2,0,0,0,0,2,2,2,2,2,2,2,2
289,4138.243,-5997.660,-22.561,75.078,0.257425,-0.965842,-0.029694,0.965968,0.258018,-0.018219,0.025258,-0.023994,0.999393,0,0.55930,-0.27771,9.219,-0.094,-1,663.438,-1,728.814,-1,545.164,554.172,508.043,562.034,-1,-1,-1,-1,-1,-1,-1,-1,2,0,2,0,2,0,0,0,0,2,2,2,2,2,2,2,2
290,4141.108,-5988.285,-22.331,74.978,0.259104,-0.965392,-0.029730,0.965532,0.259686,-0.017668,0.024777,-0.024128,0.999402,0,0.55895,-0.27658,9.803,-0.099,-1,663.090,-1,730.123,-1,545.262,554.562,506.514,562.690,-1,-1,-1,-1,-1,-1,-1,-1,2,0,2,0,2,0,0,0,0,2,2,2,2,2,2,2,2
291,4144.160,-5978.430,-22.145,74.877,0.260811,-0.964930,-0.029795,0.965076,0.261389,-0.017420,0.024597,-0.024212,0.999404,0,0.49764,-0.19355,10.317,-0.101,-1,663.523,-1,732.622,-1,545.937,555.580,504.905,563.110,-1,-1,-1,-1,-1,-1,-1,-1,2,0,2,0,2,0,0,0,0,2,2,2,2,2,2,2,2
292,4147.490,-5968.248,-21.983,74.742,0.263085,-0.964302,-0.030126,0.964466,0.263660,-0.016980,0.024317,-0.024589,0.999402,0,0.49730,-0.19232,10.713,-0.135,-1,663.388,-1,735.178,-1,546.291,556.513,502.536,564.326,-1,-1,-1,-1,-1,-1,-1,-1,2,0,2,0,2,0,0,0,0,2,2,2,2,2,2,2,2
293,4151.208,-5957.864,-21.851,74.535,0.266573,-0.963315,-0.031018,0.963527,0.267141,-0.015839,0.023544,-0.025665,0.999393,0,0.49685,-0.19073,11.029,-0.207,-1,661.477,-1,736.544,-1,545.379,556.430,498.541,567.238,-1,-1,-1,-1,-1,-1,-1,-1,2,0,2,0,2,0,0,0,0,2,2,2,2,2,2,2,2
294,4155.353,-5947.313,-21.763,74.249,0.271392,-0.961931,-0.032186,0.962204,0.271950,-0.014389,0.022594,-0.027065,0.999378,0,0.49621,-0.18840,11.336,-0.286,-1,658.802,-1,737.402,-1,543.923,555.931,493.632,570.885,-1,-1,-1,-1,-1,-1,-1,-1,2,0,2,0,2,0,0,0,0,2,2,2,2,2,2,2,2
295,4160.086,-5936.781,-21.705,73.844,0.278183,-0.959940,-0.033602,0.960286,0.278729,-0.012716,0.021572,-0.028730,0.999354,0,0.49533,-0.18525,11.547,-0.404,-1,655.745,-1,738.043,-1,542.188,555.270,487.928,575.231,-1,-1,-1,-1,-1,-1,-1,-1,2,0,2,0,2,0,0,0,0,2,2,2,2,2,2,2,2
296,4165.444,-5926.421,-21.631,73.327,0.286854,-0.957345,-0.034714,0.957753,0.287378,-0.011078,0.020581,-0.030070,0.999336,0,0.49412,-0.18089,11.663,-0.518,-1,653.259,-1,738.272,-1,541.021,554.658,483.144,578.902,-1,-1,-1,-1,-1,-1,-1,-1,2,0,2,0,2,0,0,0,0,2,2,2,2,2,2,2,2
297,4171.493,-5916.517,-21.439,72.703,0.297264,-0.954149,-0.035123,0.954592,0.297758,-0.009685,0.019699,-0.030649,0.999336,0,0.49258,-0.17536,11.605,-0.623,-1,652.245,-1,738.199,-1,540.749,554.434,480.105,581.096,-1,-1,-1,-1,-1,-1,-1,-1,2,0,2,0,2,0,0,0,0,2,2,2,2,2,2,2,2
298,4177.978,-5906.747,-21.190,72.042,0.308268,-0.950695,-0.033922,0.951102,0.308734,-0.009383,0.019393,-0.029371,0.999380,0,0.49074,-0.16873,11.726,-0.662,-1,654.720,-1,738.178,-1,542.260,555.251,480.505,578.678,-1,-1,-1,-1,-1,-1,-1,-1,2,0,2,0,2,0,0,0,0,2,2,2,2,2,2,2,2
299,4184.778,-5896.864,-20.931,71.391,0.319053,-0.947203,-0.031816,0.947528,0.319508,-0.010271,0.019895,-0.026869,0.999441,0,0.48878,-0.16171,11.997,-0.651,-1,660.706,-1,740.191,-1,545.833,557.663,483.181,573.235,-1,-1,-1,-1,-1,-1,-1,-1,2,0,2,0,2,0,0,0,0,2,2,2,2,2,2,2,2
300,4191.695,-5886.700,-20.676,70.775,0.329208,-0.943807,-0.029156,0.944026,0.329654,-0.011968,0.020907,-0.023584,0.999503,0,0.48685,-0.15477,12.294,-0.616,-1,669.656,-1,743.284,-1,550.713,561.159,487.350,565.905,-1,-1,-1,-1,-1,-1,-1,-1,2,0,2,0,2,0,0,0,0,2,2,2,2,2,2,2,2
301,4198.710,-5876.323,-20.386,70.176,0.339048,-0.940391,-0.026657,0.940524,0.339470,-0.013200,0.021463,-0.020596,0.999557,0,0.48502,-0.14817,12.526,-0.599,-1,677.212,-1,745.172,-1,554.640,564.205,491.086,559.507,-1,-1,-1,-1,-1,-1,-1,-1,2,0,2,0,2,0,0,0,0,2,2,2,2,2,2,2,2
302,4205.951,-5865.960,-20.024,69.557,0.349203,-0.936700,-0.025507,0.936807,0.349600,-0.013121,0.021208,-0.019314,0.999589,0,0.48323,-0.14174,12.642,-0.620,-1,681.232,-1,746.259,-1,556.607,566.163,492.011,557.587,-1,-1,-1,-1,-1,-1,-1,-1,2,0,2,0,2,0,0,0,0,2,2,2,2,2,2,2,2
303,4213.304,-5855.461,-19.663,68.943,0.359215,-0.932917,-0.025109,0.933025,0.359594,-0.012519,0.020708,-0.018930,0.999606,0,0.48138,-0.13508,12.818,-0.613,-1,684.505,-1,747.554,-1,558.150,567.555,492.326,557.871,-1,-1,-1,-1,-1,-1,-1,-1,2,0,2,0,2,0,0,0,0,2,2,2,2,2,2,2,2
304,4220.683,-5844.665,-19.358,68.369,0.368543,-0.929280,-0.024809,0.929384,0.368911,-0.012235,0.020522,-0.018548,0.999617,0,0.47954,-0.12848,13.077,-0.574,-1,688.552,-1,749.960,-1,560.449,569.593,492.531,557.988,-1,-1,-1,-1,-1,-1,-1,-1,2,0,2,0,2,0,0,0,0,2,2,2,2,2,2,2,2
305,4227.944,-5833.468,-19.075,67.847,0.376999,-0.925895,-0.024289,0.925991,0.377354,-0.012030,0.020304,-0.017956,0.999633,0,0.47781,-0.12227,13.345,-0.522,-1,692.573,-1,752.007,-1,562.643,571.513,493.081,557.463,-1,-1,-1,-1,-1,-1,-1,-1,2,0,2,0,2,0,0,0,0,2,2,2,2,2,2,2,2
306,4235.167,-5821.860,-18.835,67.372,0.384664,-0.922747,-0.023904,0.922839,0.385006,-0.011753,0.020048,-0.017538,0.999645,0,0.47623,-0.11658,13.672,-0.475,-1,696.224,-1,753.969,-1,564.598,573.332,493.192,557.188,-1,-1,-1,-1,-1,-1,-1,-1,2,0,2,0,2,0,0,0,0,2,2,2,2,2,2,2,2
307,4242.525,-5810.048,-18.566,66.900,0.392263,-0.919536,-0.024138,0.919644,0.392598,-0.011019,0.019609,-0.017876,0.999648,0,0.47478,-0.11136,13.916,-0.472,-1,698.945,-1,756.301,-1,566.143,574.981,491.937,558.851,-1,-1,-1,-1,-1,-1,-1,-1,2,0,2,0,2,0,0,0,0,2,2,2,2,2,2,2,2
308,4250.036,-5798.022,-18.331,66.422,0.399918,-0.916221,-0.024597,0.916355,0.400243,-0.009941,0.018953,-0.018564,0.999648,0,0.47333,-0.10616,14.179,-0.477,-1,700.534,-1,758.132,-1,567.346,576.109,489.940,561.251,-1,-1,-1,-1,-1,-1,-1,-1,2,0,2,0,2,0,0,0,0,2,2,2,2,2,2,2,2
309,4257.703,-5785.821,-18.135,65.943,0.407572,-0.912840,-0.024652,0.912997,0.407875,-0.008597,0.017903,-0.019003,0.999659,0,0.47187,-0.10089,14.410,-0.479,-1,700.990,-1,757.917,-1,567.578,576.408,488.837,562.850,-1,-1,-1,-1,-1,-1,-1,-1,2,0,2,0,2,0,0,0,0,2,2,2,2,2,2,2,2
310,4265.652,-5773.511,-17.993,65.445,0.415515,-0.909243,-0.024975,0.909434,0.415792,-0.006908,0.016665,-0.019843,0.999664,0,0.47039,-0.09560,14.654,-0.499,-1,700.337,-1,757.210,-1,567.174,576.341,487.681,565.277,-1,-1,-1,-1,-1,-1,-1,-1,2,0,2,0,2,0,0,0,0,2,2,2,2,2,2,2,2
311,4274.000,-5761.235,-17.908,64.885,0.424390,-0.905108,-0.025940,0.905346,0.424645,-0.005001,0.015542,-0.021363,0.999651,0,0.46886,-0.09009,14.845,-0.560,-1,699.346,-1,757.446,-1,567.181,576.531,485.133,569.308,-1,-1,-1,-1,-1,-1,-1,-1,2,0,2,0,2,0,0,0,0,2,2,2,2,2,2,2,2
312,4282.702,-5749.059,-17.814,64.276,0.433986,-0.900524,-0.026703,0.900805,0.434213,-0.003101,0.014387,-0.022708,0.999639,0,0.46716,-0.08395,14.967,-0.608,-1,699.156,-1,757.311,-1,567.238,576.609,482.957,572.987,-1,-1,-1,-1,-1,-1,-1,-1,2,0,2,0,2,0,0,0,0,2,2,2,2,2,2,2,2
313,4291.812,-5737.095,-17.606,63.625,0.444207,-0.895514,-0.027114,0.895824,0.444407,-0.001553,0.013440,-0.023600,0.999631,0,0.46531,-0.07731,15.037,-0.652,-1,700.563,-1,757.357,-1,568.215,577.375,481.971,576.017,-1,-1,-1,-1,-1,-1,-1,-1,2,0,2,0,2,0,0,0,0,2,2,2,2,2,2,2,2
314,4301.131,-5725.035,-17.290,63.005,0.453872,-0.890667,-0.026696,0.890965,0.454069,-0.001511,0.013468,-0.023100,0.999642,0,0.46333,-0.07021,15.242,-0.620,-1,707.026,-1,759.617,-1,572.064,580.679,483.952,576.224,-1,-1,-1,-1,-1,-1,-1,-1,2,0,2,0,2,0,0,0,0,2,2,2,2,2,2,2,2
315,4310.644,-5712.896,-16.904,62.413,0.463056,-0.885960,-0.025568,0.886222,0.463256,-0.002213,0.013805,-0.021634,0.999671,0,0.46144,-0.06341,15.422,-0.592,-1,715.833,-1,762.496,-1,576.878,584.759,487.957,574.346,-1,-1,-1,-1,-1,-1,-1,-1,2,0,2,0,2,0,0,0,0,2,2,2,2,2,2,2,2
316,4320.263,-5700.675,-16.452,61.852,0.471713,-0.881433,-0.023732,0.881643,0.471908,-0.003070,0.013905,-0.019474,0.999714,0,0.45963,-0.05688,15.552,-0.561,-1,724.828,-1,763.994,-1,581.439,588.187,493.985,570.916,-1,-1,-1,-1,-1,-1,-1,-1,2,0,2,0,2,0,0,0,0,2,2,2,2,2,2,2,2
317,4329.827,-5687.975,-16.029,61.389,0.478811,-0.877654,-0.021508,0.877801,0.479004,-0.004608,0.014347,-0.016673,0.999758,0,0.58439,-0.14612,15.899,-0.462,-1,735.604,-1,766.040,-1,587.137,592.339,501.259,565.925,-1,-1,-1,-1,-1,-1,-1,-1,2,0,2,0,2,0,0,0,0,2,2,2,2,2,2,2,2
318,4339.408,-5674.700,-15.758,60.996,0.484822,-0.874388,-0.019839,0.874485,0.485014,-0.006122,0.014975,-0.014380,0.999784,0,0.58253,-0.14088,16.371,-0.393,-1,746.027,-1,768.953,-1,592.984,596.784,507.223,561.865,-1,-1,-1,-1,-1,-1,-1,-1,2,0,2,0,2,0,0,0,0,2,2,2,2,2,2,2,2
319,4349.045,-5660.983,-15.622,60.635,0.490324,-0.871326,-0.019313,0.871412,0.490511,-0.006254,0.014922,-0.013763,0.999794,0,0.58091,-0.13632,16.764,-0.361,-1,751.510,-1,770.956,-1,596.491,599.613,509.454,561.502,-1,-1,-1,-1,-1,-1,-1,-1,2,0,2,0,2,0,0,0,0,2,2,2,2,2,2,2,2
320,4358.563,-5646.707,-15.646,60.357,0.494548,-0.868949,-0.018738,0.869037,0.494717,-0.005529,0.014075,-0.013550,0.999809,0,0.57940,-0.13207,17.159,-0.278,-1,752.952,-1,769.816,-1,597.530,600.231,510.305,561.560,-1,-1,-1,-1,-1,-1,-1,-1,2,0,2,0,2,0,0,0,0,2,2,2,2,2,2,2,2
321,4367.928,-5631.867,-15.804,60.180,0.497240,-0.867431,-0.017785,0.867523,0.497379,-0.004196,0.012486,-0.013343,0.999833,0,0.57819,-0.12866,17.547,-0.177,-1,751.195,-1,765.891,-1,596.398,598.792,510.659,561.154,-1,-1,-1,-1,-1,-1,-1,-1,2,0,2,0,2,0,0,0,0,2,2,2,2,2,2,2,2
322,4377.398,-5616.657,-16.032,60.023,0.499619,-0.866074,-0.017233,0.866183,0.499723,-0.002078,0.010412,-0.013889,0.999849,0,0.57734,-0.12626,17.917,-0.156,-1,746.695,-1,761.018,-1,593.790,596.215,509.235,562.346,-1,-1,-1,-1,-1,-1,-1,-1,2,0,2,0,2,0,0,0,0,2,2,2,2,2,2,2,2
323,4387.072,-5601.115,-16.247,59.863,0.502053,-0.864665,-0.017234,0.864795,0.502125,0.000202,0.008479,-0.015006,0.999851,0,0.57656,-0.12406,18.307,-0.161,-1,742.267,-1,757.399,-1,591.547,594.165,506.756,565.048,-1,-1,-1,-1,-1,-1,-1,-1,2,0,2,0,2,0,0,0,0,2,2,2,2,2,2,2,2
324,4396.966,-5585.315,-16.297,59.684,0.504751,-0.863080,-0.017853,0.863237,0.504794,0.002365,0.006971,-0.016605,0.999838,0,0.57576,-0.12180,18.642,-0.179,-1,739.523,-1,756.103,-1,590.777,593.396,503.866,569.592,-1,-1,-1,-1,-1,-1,-1,-1,2,0,2,0,2,0,0,0,0,2,2,2,2,2,2,2,2
325,4407.023,-5569.359,-15.921,59.461,0.508115,-0.861017,-0.021655,0.861253,0.508162,0.003666,0.007848,-0.020513,0.999759,0,0.57488,-0.11934,18.861,-0.224,-1,744.140,-1,766.326,-1,596.405,599.547,498.003,581.846,-1,-1,-1,-1,-1,-1,-1,-1,2,0,2,0,2,0,0,0,0,2,2,2,2,2,2,2,2
326,4417.087,-5553.165,-14.949,59.240,0.511404,-0.858866,-0.028560,0.859267,0.511513,0.003893,0.011265,-0.026532,0.999584,0,0.57385,-0.11642,19.067,-0.220,-1,757.281,-1,789.819,-1,608.545,613.926,490.194,602.637,-1,-1,-1,-1,-1,-1,-1,-1,2,0,2,0,2,0,0,0,0,2,2,2,2,2,2,2,2
327,4427.396,-5536.836,-13.693,58.991,0.515113,-0.856364,-0.036063,0.856993,0.515310,0.004306,0.014896,-0.033124,0.999340,0,0.57282,-0.11353,19.311,-0.249,-1,771.167,-1,816.053,-1,621.925,629.989,482.366,626.846,-1,-1,-1,-1,-1,-1,-1,-1,2,0,2,0,2,0,0,0,0,2,2,2,2,2,2,2,2
328,4438.110,-5520.640,-12.618,58.663,0.520004,-0.853200,-0.040563,0.854016,0.520210,0.006126,0.015874,-0.037828,0.999158,0,0.57169,-0.11033,19.419,-0.328,-1,776.933,-1,830.177,-1,628.822,638.642,477.367,645.510,-1,-1,-1,-1,-1,-1,-1,-1,2,0,2,0,2,0,0,0,0,2,2,2,2,2,2,2,2
329,4449.052,-5504.526,-12.085,58.351,0.524673,-0.850389,-0.039449,0.851203,0.524761,0.008919,0.013117,-0.038259,0.999182,0,0.57026,-0.10633,19.478,-0.312,-1,772.400,-1,824.041,-1,625.851,635.475,478.216,649.798,-1,-1,-1,-1,-1,-1,-1,-1,2,0,2,0,2,0,0,0,0,2,2,2,2,2,2,2,2
330,4460.052,-5488.469,-11.868,58.141,0.527812,-0.848766,-0.031793,0.849305,0.527839,0.008238,0.009790,-0.031350,0.999461,0,0.56889,-0.10246,19.463,-0.210,-1,772.819,-1,806.787,-1,622.120,628.407,491.535,632.283,-1,-1,-1,-1,-1,-1,-1,-1,2,0,2,0,2,0,0,0,0,2,2,2,2,2,2,2,2
331,4471.811,-5472.932,-11.912,57.845,0.532195,-0.846316,-0.022745,0.846588,0.532221,0.005410,0.007527,-0.022135,0.999727,0,0.56788,-0.09961,19.486,-0.295,-1,778.626,-1,790.232,-1,620.732,622.698,509.317,608.405,-1,-1,-1,-1,-1,-1,-1,-1,2,0,2,0,2,0,0,0,0,2,2,2,2,2,2,2,2
332,4484.523,-5458.562,-12.231,57.310,0.540082,-0.841472,-0.015409,0.841601,0.540081,0.004537,0.004505,-0.015419,0.999871,0,0.41482,0.70248,19.186,-0.535,-1,778.043,-1,773.080,-1,615.998,614.535,522.088,590.465,-1,-1,-1,-1,-1,-1,-1,-1,2,0,2,0,2,0,0,0,0,2,2,2,2,2,2,2,2
333,4497.264,-5444.173,-12.972,56.823,0.547232,-0.836955,-0.006566,0.836980,0.547225,0.003067,0.001027,-0.007174,0.999974,0,0.41321,0.70866,19.218,-0.488,-1,775.981,-1,752.269,-1,609.082,604.222,537.332,568.172,-1,-1,-1,-1,-1,-1,-1,-1,2,0,2,0,2,0,0,0,0,2,2,2,2,2,2,2,2
334,4509.857,-5429.519,-14.252,56.427,0.552992,-0.833185,0.001564,0.833179,0.552994,0.003374,-0.003676,-0.000562,0.999993,0,0.41172,0.71437,19.322,-0.395,-1,765.088,-1,728.588,-1,597.960,590.565,548.175,549.236,-1,-1,-1,-1,-1,-1,-1,-1,2,0,2,0,2,0,0,0,0,2,2,2,2,2,2,2,2
335,4522.203,-5414.489,-15.924,56.118,0.557466,-0.830174,0.006478,0.830149,0.557502,0.006686,-0.009162,0.001650,0.999957,0,0.41048,0.71916,19.450,-0.310,-1,746.341,-1,706.538,-1,583.641,575.473,548.292,540.170,-1,-1,-1,-1,-1,-1,-1,-1,2,0,2,0,2,0,0,0,0,2,2,2,2,2,2,2,2
336,4534.087,-5398.920,-17.878,55.924,0.560234,-0.828288,0.008730,0.828196,0.560302,0.012386,-0.015151,0.000291,0.999885,0,0.40946,0.72308,19.586,-0.194,-1,722.288,-1,686.316,-1,567.365,559.797,539.618,538.522,-1,-1,-1,-1,-1,-1,-1,-1,2,0,2,0,2,0,0,0,0,2,2,2,2,2,2,2,2
337,4545.335,-5382.710,-19.851,55.853,0.561200,-0.827635,0.008719,0.827412,0.561255,0.019552,-0.021075,-0.003758,0.999771,0,0.40875,0.72583,19.730,-0.071,-1,696.776,-1,669.298,-1,551.238,545.228,525.190,543.171,-1,-1,-1,-1,-1,-1,-1,-1,2,0,2,0,2,0,0,0,0,2,2,2,2,2,2,2,2
338,4556.070,-5366.022,-21.356,55.870,0.560895,-0.827859,0.006763,0.827501,0.560864,0.025939,-0.025267,-0.008953,0.999641,0,0.40836,0.72732,19.842,0.017,-1,677.662,-1,659.699,-1,539.901,535.797,510.381,552.467,-1,-1,-1,-1,-1,-1,-1,-1,2,0,2,0,2,0,0,0,0,2,2,2,2,2,2,2,2
339,4566.251,-5349.675,-21.448,55.842,0.561302,-0.827610,-0.001544,0.827244,0.560996,0.030828,-0.024647,-0.018581,0.999524,0,0.40821,0.72790,19.259,-0.028,-1,672.792,-1,670.335,-1,540.603,539.920,491.929,578.174,-1,-1,-1,-1,-1,-1,-1,-1,2,0,2,0,2,0,0,0,0,2,2,2,2,2,2,2,2
340,4575.860,-5333.222,-20.145,55.901,0.560523,-0.828007,-0.014784,0.827931,0.559892,0.032426,-0.018572,-0.030416,0.999365,0,0.40795,0.72890,19.053,0.059,-1,685.367,-1,702.619,-1,555.213,558.779,474.647,617.812,-1,-1,-1,-1,-1,-1,-1,-1,2,0,2,0,2,0,0,0,0,2,2,2,2,2,2,2,2
341,4585.237,-5316.563,-17.943,56.020,0.558871,-0.828739,-0.029248,0.829194,0.558058,0.031755,-0.009995,-0.041999,0.999068,0,0.40792,0.72900,19.117,0.119,-1,708.372,-1,746.291,-1,577.829,585.536,461.413,662.922,-1,-1,-1,-1,-1,-1,-1,-1,2,0,2,0,2,0,0,0,0,2,2,2,2,2,2,2,2
342,4594.205,-5299.789,-15.890,56.221,0.555984,-0.830365,-0.037077,0.831179,0.555165,0.030542,-0.004777,-0.047799,0.998846,0,0.40805,0.72850,19.021,0.201,-1,727.060,-1,775.574,-1,594.562,604.017,457.893,691.710,-1,-1,-1,-1,-1,-1,-1,-1,2,0,2,0,2,0,0,0,0,2,2,2,2,2,2,2,2
343,4602.879,-5283.151,-14.496,56.501,0.551919,-0.833070,-0.037138,0.833885,0.551113,0.030170,-0.004666,-0.047620,0.998855,0,0.40840,0.72715,18.763,0.280,-1,733.804,-1,781.065,-1,599.775,609.040,463.020,698.998,-1,-1,-1,-1,-1,-1,-1,-1,2,0,2,0,2,0,0,0,0,2,2,2,2,2,2,2,2
344,4611.498,-5266.792,-13.785,56.876,0.546432,-0.836924,-0.031142,0.837452,0.545612,0.031333,-0.009232,-0.043201,0.999024,0,0.40896,0.72500,18.491,0.375,-1,728.416,-1,765.680,-1,594.160,601.604,473.505,690.455,-1,-1,-1,-1,-1,-1,-1,-1,2,0,2,0,2,0,0,0,0,2,2,2,2,2,2,2,2
345,4620.159,-5250.493,-14.017,57.285,0.540390,-0.841128,-0.021975,0.841261,0.539608,0.033208,-0.016074,-0.036432,0.999207,0,0.40977,0.72190,18.457,0.409,-1,715.976,-1,739.182,-1,582.123,586.923,485.751,672.122,-1,-1,-1,-1,-1,-1,-1,-1,2,0,2,0,2,0,0,0,0,2,2,2,2,2,2,2,2
346,4628.861,-5234.157,-15.389,57.715,0.533986,-0.845415,-0.011516,0.845162,0.533346,0.035269,-0.023675,-0.028566,0.999312,0,0.41066,0.71845,18.509,0.430,-1,699.398,-1,707.893,-1,566.457,568.307,497.302,647.481,-1,-1,-1,-1,-1,-1,-1,-1,2,0,2,0,2,0,0,0,0,2,2,2,2,2,2,2,2
347,4637.490,-5217.723,-17.955,58.175,0.527061,-0.849828,-0.000406,0.849238,0.526677,0.037493,-0.031649,-0.020106,0.999297,0,0.41161,0.71481,18.562,0.460,-1,679.337,-1,673.461,-1,547.876,546.743,507.083,618.421,-1,-1,-1,-1,-1,-1,-1,-1,2,0,2,0,2,0,0,0,0,2,2,2,2,2,2,2,2
348,4645.959,-5201.197,-21.353,58.663,0.519646,-0.854312,0.010944,0.853438,0.519631,0.040335,-0.040146,-0.011620,0.999126,0,0.41264,0.71086,18.570,0.488,-1,656.123,-1,637.193,-1,526.986,523.050,514.841,587.364,-1,-1,-1,-1,-1,-1,-1,-1,2,0,2,0,2,0,0,0,0,2,2,2,2,2,2,2,2
349,4654.373,-5184.508,-24.685,59.175,0.511864,-0.858795,0.021600,0.857824,0.512314,0.040884,-0.046177,-0.002398,0.998930,0,0.41374,0.70662,18.690,0.512,-1,640.486,-1,608.092,-1,511.545,504.515,525.036,556.688,-1,-1,-1,-1,-1,-1,-1,-1,2,0,2,0,2,0,0,0,0,2,2,2,2,2,2,2,2
350,4663.292,-5167.664,-27.211,59.539,0.506380,-0.861940,0.025259,0.861001,0.507008,0.040257,-0.047506,0.001362,0.998870,0,0.41490,0.70214,19.060,0.364,-1,634.647,-1,596.835,-1,505.582,497.243,528.123,543.182,-1,-1,-1,-1,-1,-1,-1,-1,2,0,2,0,2,0,0,0,0,2,2,2,2,2,2,2,2
351,4672.073,-5150.339,-28.878,59.867,0.501469,-0.864833,0.024338,0.863928,0.502058,0.039565,-0.046436,0.001186,0.998921,0,0.41567,0.69919,19.424,0.328,-1,634.128,-1,596.310,-1,505.280,496.693,525.409,542.059,-1,-1,-1,-1,-1,-1,-1,-1,2,0,2,0,2,0,0,0,0,2,2,2,2,2,2,2,2
352,4680.372,-5132.854,-29.963,60.178,0.496747,-0.867640,0.021056,0.866589,0.497184,0.042795,-0.047599,-0.003012,0.998862,0,0.41635,0.69658,19.355,0.311,-1,626.534,-1,594.862,-1,501.547,494.209,515.276,552.021,-1,-1,-1,-1,-1,-1,-1,-1,2,0,2,0,2,0,0,0,0,2,2,2,2,2,2,2,2
353,4688.323,-5115.321,-30.627,60.478,0.492118,-0.870369,0.016644,0.869022,0.492301,0.049410,-0.051199,-0.009851,0.998640,0,0.46087,0.93479,19.251,0.300,-1,612.317,-1,590.883,-1,494.015,488.920,500.904,568.764,-1,-1,-1,-1,-1,-1,-1,-1,2,0,2,0,2,0,0,0,0,2,2,2,2,2,2,2,2
354,4696.269,-5097.477,-31.003,60.752,0.487869,-0.872827,0.012539,0.871217,0.487764,0.055385,-0.054458,-0.016097,0.998386,0,0.46155,0.93243,19.534,0.274,-1,600.560,-1,588.040,-1,487.933,484.827,489.836,585.433,-1,-1,-1,-1,985.174,-1,-1,-1,2,0,2,0,2,0,0,0,0,2,2,2,2,0,2,2,2
355,4704.356,-5079.287,-31.388,61.044,0.483365,-0.875361,0.010059,0.873598,0.483069,0.058911,-0.056428,-0.019688,0.998213,0,0.46215,0.93033,19.907,0.292,603.473,594.045,-1,586.239,-1,484.577,482.523,484.433,596.022,-1,-1,-1,-1,966.570,-1,-1,-1,1,0,2,0,2,0,0,0,0,2,2,2,2,0,2,2,2
356,4712.688,-5060.838,-31.872,61.344,0.478765,-0.877892,0.009499,0.876093,0.478430,0.059715,-0.056968,-0.020267,0.998170,0,0.46280,0.92806,20.243,0.300,590.439,592.119,-1,585.272,-1,483.943,481.915,484.872,598.805,-1,-1,-1,-1,958.232,-1,-1,-1,1,0,2,0,2,0,0,0,0,2,2,2,2,0,2,2,2
357,4721.302,-5042.189,-32.501,61.644,0.474191,-0.880357,0.010710,0.878617,0.473962,0.058246,-0.056354,-0.018210,0.998245,0,0.46347,0.92573,20.542,0.300,-1,593.308,-1,584.719,-1,485.326,482.247,490.237,594.424,-1,-1,-1,-1,957.759,-1,-1,-1,2,0,2,0,2,0,0,0,0,2,2,2,2,0,2,2,2
358,4730.098,-5023.333,-33.391,61.951,0.469505,-0.882831,0.013227,0.881187,0.469467,0.055766,-0.055441,-0.014527,0.998356,0,0.46414,0.92343,20.806,0.307,-1,595.579,-1,582.876,-1,486.872,482.420,498.301,585.446,-1,-1,-1,-1,959.866,-1,-1,-1,2,0,2,0,2,0,0,0,0,2,2,2,2,0,2,2,2
359,4738.948,-5004.334,-34.410,62.259,0.464762,-0.885288,0.016206,0.883720,0.464922,0.053721,-0.055093,-0.010646,0.998424,0,0.46481,0.92107,20.959,0.309,-1,596.388,-1,579.315,-1,486.816,481.348,506.949,575.363,-1,-1,-1,-1,959.368,1002.174,-1,-1,2,0,2,0,2,0,0,0,0,2,2,2,2,0,0,2,2
360,4747.809,-4985.125,-35.603,62.565,0.460038,-0.887696,0.018978,0.886182,0.460372,0.052343,-0.055201,-0.007262,0.998449,0,0.46549,0.91870,21.154,0.306,-1,595.374,-1,574.667,-1,485.635,479.224,514.213,566.012,-1,-1,-1,-1,955.721,990.257,-1,-1,2,0,2,0,2,0,0,0,0,2,2,2,2,0,0,2,2
361,4756.590,-4965.688,-36.891,62.877,0.455198,-0.890150,0.020690,0.888652,0.455638,0.051880,-0.055608,-0.005229,0.998439,0,0.46616,0.91636,21.329,0.312,-1,592.558,-1,570.083,-1,483.546,476.637,518.454,559.726,-1,-1,-1,-1,948.524,978.826,-1,-1,2,0,2,0,2,0,0,0,0,2,2,2,2,0,0,2,2
362,4765.218,-4945.948,-38.191,63.198,0.450203,-0.892673,0.021275,0.891171,0.450684,0.051949,-0.055962,-0.004428,0.998423,0,0.46685,0.91397,21.544,0.321,-1,588.005,-1,566.444,-1,481.346,474.150,520.074,556.394,-1,-1,-1,-1,939.696,969.823,-1,-1,2,0,2,0,2,0,0,0,0,2,2,2,2,0,0,2,2
363,4773.730,-4925.888,-39.486,63.526,0.445090,-0.895242,0.020919,0.893727,0.445558,0.052250,-0.056097,-0.004560,0.998415,0,0.46757,0.91148,21.791,0.328,-1,582.745,-1,563.688,-1,479.393,471.946,519.773,555.394,-1,-1,-1,-1,930.471,963.603,-1,-1,2,0,2,0,2,0,0,0,0,2,2,2,2,0,0,2,2
364,4782.039,-4905.492,-40.737,63.886,0.439469,-0.898029,0.020246,0.896506,0.439908,0.052517,-0.056068,-0.004929,0.998415,0,0.46830,0.90891,22.024,0.360,-1,577.743,-1,561.549,-1,477.401,470.181,519.079,554.453,-1,-1,-1,-1,921.675,958.535,-1,-1,2,0,2,0,2,0,0,0,0,2,2,2,2,0,0,2,2
365,4789.921,-4884.757,-41.890,64.323,0.432612,-0.901363,0.019789,0.899839,0.433036,0.052616,-0.055996,-0.004956,0.998419,0,0.46913,0.90603,22.183,0.438,-1,573.277,-1,559.640,-1,475.049,468.880,519.237,552.822,-1,-1,-1,-1,913.680,952.977,-1,-1,2,0,2,0,2,0,0,0,0,2,2,2,2,0,0,2,2
366,4797.063,-4863.586,-42.953,64.923,0.423175,-0.905800,0.021199,0.904317,0.423696,0.051886,-0.055981,-0.002786,0.998428,0,0.54889,0.33182,22.343,0.599,-1,570.287,-1,556.635,-1,473.279,467.535,523.956,546.875,-1,-1,-1,-1,908.667,944.629,-1,-1,2,0,2,0,2,0,0,0,0,2,2,2,2,0,0,2,2
367,4803.889,-4841.980,-44.010,65.576,0.412856,-0.910539,0.021645,0.909124,0.413421,0.050759,-0.055167,-0.001278,0.998476,0,0.55068,0.32649,22.659,0.653,-1,568.444,-1,555.813,-1,472.724,467.261,527.307,542.633,-1,-1,-1,-1,906.029,941.642,-1,-1,2,0,2,0,2,0,0,0,0,2,2,2,2,0,0,2,2
368,4810.502,-4819.991,-45.073,66.239,0.402337,-0.915251,0.020988,0.913908,0.402883,0.049565,-0.053820,-0.000761,0.998550,0,0.55265,0.32060,22.962,0.663,-1,566.769,-1,555.741,-1,472.846,467.107,528.591,540.740,-1,-1,-1,-1,905.085,941.838,-1,-1,2,0,2,0,2,0,0,0,0,2,2,2,2,0,0,2,2
369,4816.813,-4797.625,-46.176,66.927,0.391378,-0.920019,0.019695,0.918754,0.391872,0.048235,-0.052095,-0.000783,0.998642,0,0.55466,0.31461,23.240,0.688,-1,564.830,-1,556.552,-1,472.785,467.585,528.632,539.810,-1,-1,-1,-1,904.548,944.448,-1,-1,2,0,2,0,2,0,0,0,0,2,2,2,2,0,0,2,2
370,4822.983,-4774.966,-47.275,67.590,0.380740,-0.924517,0.017459,0.923291,0.381135,0.047638,-0.050696,-0.002018,0.998712,0,0.55675,0.30837,23.484,0.663,-1,561.527,-1,557.482,-1,471.032,467.774,526.173,541.444,-1,-1,-1,-1,900.662,949.019,-1,-1,2,0,2,0,2,0,0,0,0,2,2,2,2,0,0,2,2
371,4829.169,-4752.021,-48.419,68.201,0.370896,-0.928553,0.015053,0.927355,0.371184,0.047274,-0.049484,-0.003574,0.998769,0,0.55877,0.30236,23.765,0.611,-1,557.536,-1,558.101,-1,468.672,467.580,523.100,543.691,-1,-1,-1,-1,895.307,951.901,-1,-1,2,0,2,0,2,0,0,0,0,2,2,2,2,0,0,2,2
372,4835.395,-4728.854,-49.599,68.771,0.361656,-0.932214,0.013512,0.931020,0.361879,0.047390,-0.049067,-0.004559,0.998785,0,0.56060,0.29689,23.989,0.570,-1,552.273,-1,555.375,-1,465.120,464.590,521.223,544.601,-1,-1,-1,-1,887.156,948.321,-1,-1,2,0,2,0,2,0,0,0,0,2,2,2,2,0,0,2,2
373,4841.673,-4705.395,-50.834,69.306,0.352957,-0.935558,0.012357,0.934382,0.353136,0.047164,-0.048489,-0.005101,0.998811,0,0.56230,0.29183,24.284,0.535,-1,547.399,-1,552.295,-1,461.734,461.631,520.230,544.401,-1,-1,-1,-1,880.349,945.725,-1,-1,2,0,2,0,2,0,0,0,0,2,2,2,2,0,0,2,2
374,4847.894,-4681.631,-52.084,69.833,0.344361,-0.938767,0.011468,0.937635,0.344513,0.046386,-0.047497,-0.005221,0.998858,0,0.56387,0.28713,24.564,0.527,-1,543.414,-1,549.718,-1,458.813,458.985,520.210,543.185,-1,-1,-1,-1,877.755,944.905,-1,-1,2,0,2,0,2,0,0,0,0,2,2,2,2,0,0,2,2
375,4854.085,-4657.583,-53.328,70.349,0.335924,-0.941827,0.010825,0.940739,0.336059,0.045554,-0.046542,-0.005119,0.998903,0,0.56542,0.28251,24.833,0.516,-1,539.424,-1,546.927,-1,455.507,456.240,520.752,541.327,-1,-1,-1,-1,875.368,941.841,-1,-1,2,0,2,0,2,0,0,0,0,2,2,2,2,0,0,2,2
376,4860.288,-4633.249,-54.581,70.845,0.327781,-0.944696,0.010442,0.943654,0.327913,0.044620,-0.045576,-0.004772,0.998949,0,0.56693,0.27802,25.112,0.496,-1,535.523,-1,543.698,-1,452.078,453.337,521.891,538.851,-1,-1,-1,-1,873.316,938.359,-1,-1,2,0,2,0,2,0,0,0,0,2,2,2,2,0,0,2,2
377,4866.475,-4608.690,-55.786,71.323,0.319900,-0.947393,0.010514,0.946377,0.320046,0.044050,-0.045098,-0.004141,0.998974,0,0.56837,0.27373,25.326,0.478,-1,530.961,-1,539.143,-1,448.061,449.545,523.794,535.851,-1,-1,-1,-1,869.533,933.149,-1,-1,2,0,2,0,2,0,0,0,0,2,2,2,2,0,0,2,2
378,4872.637,-4583.892,-56.853,71.777,0.312406,-0.949889,0.010654,0.948905,0.312569,0.043361,-0.044519,-0.003436,0.999003,0,0.56975,0.26962,25.553,0.454,-1,526.897,-1,535.077,-1,444.447,446.027,526.414,533.098,-1,-1,-1,-1,866.780,928.644,-1,-1,2,0,2,0,2,0,0,0,0,2,2,2,2,0,0,2,2
379,4878.850,-4558.812,-57.886,72.189,0.305592,-0.952112,0.009811,0.951174,0.305728,0.042416,-0.043384,-0.003629,0.999052,0,0.57104,0.26576,25.838,0.412,-1,523.388,-1,532.711,-1,441.613,443.337,527.124,531.839,-1,-1,-1,-1,868.587,929.042,-1,-1,2,0,2,0,2,0,0,0,0,2,2,2,2,0,0,2,2
380,4885.012,-4533.421,-58.935,72.579,0.299127,-0.954179,0.008085,0.953300,0.299200,0.041208,-0.041739,-0.004619,0.999118,0,0.57219,0.26233,26.128,0.390,-1,520.267,-1,531.761,-1,439.260,441.444,526.241,532.273,-1,-1,-1,-1,872.129,934.148,-1,-1,2,0,2,0,2,0,0,0,0,2,2,2,2,0,0,2,2
381,4891.076,-4507.730,-60.061,72.966,0.292709,-0.956182,0.006134,0.955373,0.292716,0.039744,-0.039798,-0.005773,0.999191,0,0.57327,0.25912,26.397,0.387,-1,517.360,-1,531.234,-1,437.022,439.978,524.879,532.881,-1,-1,-1,-1,876.702,944.877,-1,-1,2,0,2,0,2,0,0,0,0,2,2,2,2,0,0,2,2
382,4897.099,-4481.796,-61.188,73.346,0.286394,-0.958102,0.004421,0.957374,0.286351,0.037913,-0.037590,-0.006625,0.999271,0,0.57433,0.25594,26.625,0.380,-1,515.063,-1,531.033,-1,435.177,438.906,524.213,532.704,-1,-1,-1,-1,882.989,956.540,-1,-1,2,0,2,0,2,0,0,0,0,2,2,2,2,0,0,2,2
383,4903.094,-4455.659,-62.267,73.716,0.280216,-0.959930,0.003753,0.959268,0.280164,0.036243,-0.035842,-0.006555,0.999336,0,0.57537,0.25284,26.816,0.370,-1,512.523,984.166,529.455,-1,432.881,436.862,525.618,530.210,-1,-1,-1,-1,891.092,963.403,-1,-1,2,0,1,0,2,0,0,0,0,2,2,2,2,0,0,2,2
384,4909.041,-4429.307,-63.199,74.084,0.274062,-0.961706,0.003500,0.961110,0.274017,0.034397,-0.034039,-0.006064,0.999402,0,0.57638,0.24984,27.015,0.368,-1,510.783,978.005,528.172,-1,431.256,435.046,527.545,527.530,-1,-1,-1,-1,901.349,974.730,-1,-1,2,0,1,0,2,0,0,0,0,2,2,2,2,0,0,2,2
385,4914.958,-4402.751,-63.932,74.436,0.268166,-0.963367,0.003182,0.962824,0.268123,0.032872,-0.032521,-0.005751,0.999454,0,0.57738,0.24686,27.207,0.352,-1,509.106,975.852,526.885,1000.306,429.373,433.358,529.121,525.786,-1,-1,-1,-1,910.169,986.394,-1,-1,2,0,1,0,1,0,0,0,0,2,2,2,2,0,0,2,2
386,4920.808,-4375.933,-64.500,74.774,0.262509,-0.964926,0.002500,0.964452,0.262460,0.030774,-0.030351,-0.005667,0.999523,0,0.57832,0.24405,27.449,0.337,-1,508.874,974.408,527.477,970.448,428.682,433.210,530.859,524.786,-1,-1,-1,-1,924.283,1005.599,-1,-1,2,0,1,0,1,0,0,0,0,2,2,2,2,0,0,2,2
387,4926.622,-4348.875,-64.939,75.097,0.257092,-0.966385,0.001923,0.965992,0.257043,0.028085,-0.027636,-0.005363,0.999604,0,0.57921,0.24139,27.676,0.323,-1,510.084,973.247,529.385,940.687,429.058,433.979,533.549,523.558,-1,-1,-1,-1,943.867,-1,-1,-1,2,0,1,0,1,0,0,0,0,2,2,2,2,0,2,2,2
388,4932.369,-4321.594,-65.189,75.413,0.251776,-0.967785,0.000766,0.967492,0.251719,0.024418,-0.023824,-0.005407,0.999702,0,0.58005,0.23888,27.880,0.317,-1,513.924,974.212,534.775,911.035,431.794,436.609,536.210,524.075,-1,-1,-1,-1,971.075,-1,-1,-1,2,0,1,0,1,0,0,0,0,2,2,2,2,0,2,2,2
389,4938.051,-4294.066,-65.371,75.732,0.246409,-0.969166,-0.000353,0.968977,0.246354,0.019831,-0.019133,-0.005229,0.999803,0,0.58087,0.23644,28.108,0.319,-1,521.641,-1,542.361,-1,436.221,441.126,538.156,524.479,-1,-1,-1,-1,1007.695,-1,-1,-1,2,0,2,0,2,0,0,0,0,2,2,2,2,0,2,2,2
390,4943.669,-4266.395,-65.415,76.041,0.241208,-0.970472,-0.001570,0.970364,0.241156,0.015384,-0.014551,-0.005234,0.999880,0,0.58170,0.23397,28.236,0.308,-1,529.537,-1,550.345,-1,440.673,446.303,142.825,525.203,-1,-1,-1,-1,-1,-1,-1,-1,2,0,2,0,2,0,0,1,0,2,2,2,2,2,2,2,2
391,4949.192,-4238.620,-65.316,76.332,0.236284,-0.971681,-0.002524,0.971624,0.236240,0.011734,-0.010806,-0.005225,0.999928,0,0.58249,0.23162,28.318,0.291,-1,536.209,-1,557.571,-1,444.212,450.385,130.612,526.194,-1,-1,-1,-1,-1,-1,-1,-1,2,0,2,0,2,0,0,1,0,2,2,2,2,2,2,2,2
392,4954.632,-4210.689,-65.154,76.610,0.231579,-0.972810,-0.003548,0.972788,0.231544,0.008403,-0.007353,-0.005397,0.999958,0,0.58322,0.22943,28.455,0.278,-1,544.845,-1,566.617,-1,449.367,454.093,118.159,527.782,-1,-1,-1,-1,-1,-1,-1,-1,2,0,2,0,2,0,0,1,0,2,2,2,2,2,2,2,2
393,4960.027,-4182.553,-65.022,76.878,0.227022,-0.973879,-0.004636,0.973884,0.227001,0.004535,-0.003364,-0.005544,0.999979,0,0.58391,0.22738,28.649,0.269,-1,555.482,-1,576.677,-1,455.308,460.703,105.509,529.441,-1,-1,-1,-1,-1,-1,-1,-1,2,0,2,0,2,0,0,1,0,2,2,2,2,2,2,2,2
394,4966.512,-4148.294,-64.854,77.190,0.221718,-0.975092,-0.006038,0.975105,0.221733,-0.001979,0.003268,-0.005449,0.999980,0,0.82900,0.30407,34.867,0.312,-1,573.512,-1,595.368,-1,465.674,471.991,90.135,530.685,-1,-1,-1,-1,-1,-1,-1,-1,2,0,2,0,2,0,0,1,0,2,2,2,2,2,2,2,2
395,4970.887,-4125.031,-64.799,77.387,0.218365,-0.975841,-0.007207,0.975832,0.218414,-0.006842,0.008251,-0.005539,0.999951,0,0.83006,0.30184,23.671,0.197,-1,588.276,-1,611.885,-1,475.749,480.300,80.499,531.747,-1,-1,-1,-1,-1,-1,-1,-1,2,0,2,0,2,0,0,1,0,2,2,2,2,2,2,2,2
396,4976.488,-4095.630,-64.765,77.602,0.214677,-0.976642,-0.009145,0.976588,0.214778,-0.012108,0.013789,-0.006331,0.999885,0,0.83070,0.30048,29.930,0.216,-1,604.766,-1,631.537,-1,487.605,492.913,76.152,534.286,-1,-1,-1,-1,-1,-1,-1,-1,2,0,2,0,2,0,0,1,0,2,2,2,2,2,2,2,2
397,4983.641,-4066.657,-64.633,77.387,0.218330,-0.975733,-0.016666,0.975711,0.218574,-0.014626,0.017914,-0.013068,0.999754,0,0.83136,0.29910,29.843,-0.215,-1,613.303,-1,655.276,-1,496.085,504.578,76.470,549.420,-1,-1,-1,-1,-1,-1,-1,-1,2,0,2,0,2,0,0,1,0,2,2,2,2,2,2,2,2
398,4994.175,-4041.198,-64.223,76.391,0.235266,-0.971362,-0.033239,0.971805,0.235649,-0.008059,0.015661,-0.030406,0.999415,0,0.82992,0.30213,27.552,-0.996,-1,596.665,-1,672.507,-1,491.404,506.388,81.144,589.405,-1,-1,-1,-1,-1,-1,-1,-1,2,0,2,0,2,0,0,1,0,2,2,2,2,2,2,2,2
399,5006.375,-4018.091,-63.442,74.931,0.259961,-0.964483,-0.046819,0.965545,0.260235,0.000243,0.011950,-0.045269,0.998903,0,0.82469,0.31313,26.130,-1.460,-1,580.290,731.493,684.532,-1,485.833,505.961,89.136,628.002,-1,-1,-1,-1,-1,-1,-1,-1,2,0,1,0,2,0,0,1,0,2,2,2,2,2,2,2,2
400,5018.892,-3995.424,-62.312,73.371,0.286151,-0.956859,-0.050384,0.958110,0.286388,0.002619,0.011923,-0.049023,0.998726,0,0.81721,0.32885,25.893,-1.560,-1,583.914,626.625,698.318,-1,490.856,512.235,104.627,641.120,-1,-1,-1,-1,-1,-1,-1,-1,2,0,1,0,2,0,0,1,0,2,2,2,2,2,2,2,2
401,5032.186,-3973.319,-60.724,71.870,0.311127,-0.949210,-0.046906,0.950200,0.311622,-0.003434,0.017876,-0.043502,0.998893,0,0.80925,0.34559,25.795,-1.501,-1,613.403,540.419,725.685,-1,511.079,530.558,145.864,631.901,-1,-1,-1,-1,-1,-1,-1,-1,2,0,1,0,2,0,0,1,0,2,2,2,2,2,2,2,2
402,5046.771,-3951.688,-59.167,70.382,0.335611,-0.941052,-0.042279,0.941589,0.336453,-0.014471,0.027843,-0.034952,0.999001,0,0.80155,0.36179,26.089,-1.487,-1,659.500,-1,765.604,-1,541.521,558.638,202.864,615.755,-1,-1,-1,-1,-1,-1,-1,-1,2,0,2,0,2,0,0,1,0,2,2,2,2,2,2,2,2
403,5064.979,-3925.349,-58.106,68.785,0.361538,-0.931702,-0.034943,0.931366,0.362628,-0.032523,0.042973,-0.020786,0.998860,0,0.79387,0.37793,32.020,-1.598,-1,733.179,-1,820.580,-1,576.612,599.323,523.507,586.236,-1,-1,-1,-1,-1,-1,-1,-1,2,0,2,0,2,1,0,0,0,2,2,2,2,2,2,2,2
404,5077.285,-3907.577,-57.877,67.839,0.376706,-0.925843,-0.030123,0.924901,0.377732,-0.043324,0.051490,-0.011541,0.998607,0,0.78552,0.39549,21.616,-0.945,-1,781.467,-1,850.568,-1,543.486,623.433,542.492,566.781,-1,922.530,936.839,-1,-1,-1,-1,-1,2,0,2,0,2,1,0,0,0,2,0,0,2,2,2,2,2
405,5092.771,-3885.400,-57.883,66.722,0.394549,-0.918524,-0.025412,0.917083,0.395355,-0.051515,0.057364,-0.002979,0.998349,0,0.78052,0.40601,27.049,-1.118,-1,826.329,-1,870.218,-1,507.127,642.270,558.966,548.657,-1,872.479,882.157,-1,-1,-1,-1,-1,2,0,2,0,2,1,0,0,0,2,0,0,2,2,2,2,2
406,5107.824,-3863.007,-58.142,65.787,0.409459,-0.912115,-0.019746,0.910521,0.409913,-0.054064,0.057406,0.004158,0.998342,0,0.77456,0.41854,26.982,-0.935,-1,787.680,-1,864.839,-1,641.100,644.465,571.978,532.822,-1,887.440,889.610,-1,-1,-1,-1,-1,2,1,2,0,2,0,0,0,0,2,0,0,2,2,2,2,2
407,5122.596,-3840.552,-58.683,64.955,0.422757,-0.906127,-0.014518,0.904758,0.422926,-0.050470,0.051872,0.008201,0.998620,0,0.76948,0.42921,26.878,-0.831,-1,520.481,-1,838.494,-1,629.128,630.905,575.623,522.206,-1,963.121,957.169,-1,-1,-1,-1,-1,2,1,2,0,2,0,0,0,0,2,0,0,2,2,2,2,2
408,5136.497,-3817.591,-59.551,64.393,0.431803,-0.901943,-0.006695,0.900979,0.431665,-0.043621,0.042234,0.012804,0.999026,0,0.76490,0.43885,26.841,-0.562,-1,464.994,-1,794.726,-1,605.891,605.721,579.469,509.353,-1,-1,-1,-1,717.020,-1,-1,-1,2,1,2,0,2,0,0,0,0,2,2,2,2,1,2,2,2
409,5149.688,-3793.657,-60.367,64.152,0.435737,-0.900074,0.000666,0.899438,0.435401,-0.037898,0.033821,0.017113,0.999281,0,0.76162,0.44574,27.328,-0.242,-1,318.956,-1,758.958,-1,586.875,585.038,583.604,498.064,-1,-1,-1,-1,380.364,-1,-1,-1,2,1,2,0,2,0,0,0,0,2,2,2,2,1,2,2,2
410,5162.522,-3768.984,-60.738,64.049,0.437412,-0.899254,0.003630,0.898793,0.437050,-0.034036,0.029020,0.018151,0.999414,0,0.46995,0.53029,27.811,-0.103,-1,287.405,-1,743.290,-1,577.852,575.833,581.495,494.661,-1,-1,-1,-1,314.068,-1,-1,-1,2,1,2,0,2,0,0,0,0,2,2,2,2,1,2,2,2
411,5175.034,-3743.989,-60.563,64.001,0.438189,-0.898878,0.002856,0.898478,0.437894,-0.031419,0.026991,0.016333,0.999502,0,0.46928,0.53257,27.952,-0.048,-1,254.023,-1,742.898,-1,576.692,575.625,574.478,498.563,-1,-1,-1,-1,256.265,-1,-1,-1,2,1,2,0,2,0,0,0,0,2,2,2,2,1,2,2,2
412,5189.807,-3713.784,-59.710,63.958,0.438879,-0.898546,-0.000501,0.898154,0.438704,-0.029280,0.026529,0.012400,0.999571,0,0.46878,0.53428,33.624,-0.044,-1,212.495,-1,753.707,-1,581.857,582.303,564.035,508.960,-1,-1,-1,-1,192.518,-1,-1,-1,2,1,2,0,2,0,0,0,0,2,2,2,2,1,2,2,2
413,5199.537,-3693.587,-58.968,63.946,0.439067,-0.898449,-0.003078,0.898072,0.438978,-0.027668,0.026210,0.009384,0.999612,0,0.46821,0.53620,22.419,-0.012,-1,184.533,-1,762.100,-1,585.769,587.281,556.823,517.354,-1,-1,-1,-1,155.736,-1,-1,-1,2,1,2,0,2,0,0,0,0,2,2,2,2,1,2,2,2
414,5211.564,-3668.358,-57.937,63.959,0.438881,-0.898531,-0.005012,0.898196,0.438859,-0.025433,0.025052,0.006660,0.999664,0,0.46789,0.53730,27.949,0.013,-1,149.526,-1,768.825,-1,589.272,591.713,551.068,526.876,-1,-1,-1,-1,126.104,-1,-1,-1,2,1,2,0,2,0,0,0,0,2,2,2,2,1,2,2,2
415,5223.469,-3643.226,-56.709,63.981,0.438538,-0.898687,-0.006769,0.898391,0.438570,-0.023449,0.024042,0.004202,0.999702,0,0.46756,0.53840,27.809,0.023,-1,114.296,-1,776.338,-1,593.706,597.004,547.220,536.560,-1,-1,-1,-1,96.334,-1,-1,-1,2,1,2,0,2,0,0,0,0,2,2,2,2,1,2,2,2
416,5235.001,-3618.135,-54.891,64.054,0.437383,-0.899213,-0.010625,0.898911,0.437512,-0.023277,0.025580,0.000631,0.999673,0,0.46727,0.53940,27.615,0.073,-1,503.719,-1,796.600,-1,606.783,610.420,543.707,550.690,-1,-1,-1,-1,389.297,-1,-1,-1,2,1,2,0,2,0,0,0,0,2,2,2,2,1,2,2,2
417,5246.154,-3592.956,-52.862,64.216,0.434813,-0.900404,-0.014474,0.900096,0.435046,-0.023721,0.027656,-0.002714,0.999614,0,0.46713,0.53988,27.538,0.162,-1,486.973,-1,820.653,-1,622.402,625.856,541.614,566.233,-1,-1,-1,-1,383.992,-1,-1,-1,2,1,2,0,2,0,0,0,0,2,2,2,2,1,2,2,2
418,5257.033,-3567.718,-51.126,64.429,0.431449,-0.901986,-0.016553,0.901686,0.431741,-0.023715,0.028538,-0.004694,0.999582,0,0.46726,0.53945,27.483,0.213,-1,469.299,-1,837.975,-1,634.386,638.323,541.748,578.063,-1,-1,-1,-1,375.998,-1,-1,-1,2,1,2,0,2,0,0,0,0,2,2,2,2,1,2,2,2
419,5267.728,-3542.576,-50.118,64.680,0.427527,-0.903887,-0.014457,0.903620,0.427757,-0.022265,0.026309,-0.003545,0.999648,0,0.46754,0.53849,27.322,0.251,-1,444.724,-1,836.165,-1,637.282,639.680,546.748,581.072,-1,-1,-1,-1,-1,-1,-1,-1,2,1,2,0,2,0,0,0,0,2,2,2,2,2,2,2,2
420,5276.457,-3519.374,-50.022,65.438,0.415618,-0.909533,-0.003270,0.909378,0.415610,-0.017355,0.017144,0.004239,0.999844,0,0.46793,0.53716,24.790,0.758,-1,420.132,-1,796.672,-1,620.111,618.640,565.206,566.683,-1,-1,-1,-1,-1,-1,-1,-1,2,1,2,0,2,0,0,0,0,2,2,2,2,2,2,2,2
421,5280.244,-3500.937,-49.776,67.272,0.386349,-0.921995,0.025696,0.922343,0.386068,-0.015323,0.004207,0.029620,0.999552,0,0.46986,0.53059,18.822,1.834,-1,237.343,-1,728.831,-1,597.054,585.110,636.416,515.653,-1,-1,-1,-1,293.133,-1,-1,-1,2,1,2,0,2,0,0,0,0,2,2,2,2,1,2,2,2
422,5283.305,-3485.705,-48.397,68.875,0.360401,-0.931184,0.054840,0.932780,0.360128,-0.015140,-0.005652,0.056610,0.998380,0,0.47508,0.51284,15.536,1.603,-1,215.527,-1,679.314,-1,585.845,563.142,731.858,470.593,-1,-1,-1,-1,265.021,-1,-1,-1,2,1,2,0,2,0,0,0,0,2,2,2,2,1,2,2,2
423,5288.188,-3476.379,-44.881,69.342,0.352772,-0.933208,0.068372,0.935653,0.352606,-0.014881,-0.010222,0.069222,0.997549,0,0.47965,0.49730,10.527,0.467,-1,214.322,-1,667.660,-1,589.843,561.636,794.702,458.772,-1,-1,-1,-1,263.390,-1,-1,-1,2,1,2,0,2,0,0,0,0,2,2,2,2,1,2,2,2
424,5292.105,-3470.614,-39.627,69.607,0.348451,-0.933850,0.080661,0.937304,0.347751,-0.023031,-0.006542,0.083629,0.996476,0,0.48088,0.49313,6.971,0.265,-1,224.138,-1,683.224,-1,618.618,583.023,879.677,449.445,-1,-1,-1,-1,276.462,-1,-1,-1,2,1,2,0,2,0,0,0,0,2,2,2,2,1,2,2,2
425,5294.793,-3466.977,-33.401,69.922,0.343297,-0.934461,0.094496,0.939224,0.341276,-0.037277,0.002585,0.101550,0.994827,0,0.48155,0.49085,4.522,0.315,-1,239.146,-1,715.266,-1,666.061,620.775,997.598,437.983,-1,-1,-1,-1,-1,-1,-1,-1,2,1,2,0,2,0,0,0,0,2,2,2,2,2,2,2,2
426,5296.753,-3464.578,-27.030,70.303,0.337012,-0.935102,0.109579,0.941413,0.333107,-0.052729,0.012806,0.120930,0.992578,0,0.48240,0.48795,3.097,0.381,-1,254.989,-1,750.432,-1,720.464,663.897,-1,425.204,-1,-1,-1,-1,-1,-1,-1,-1,2,1,2,0,2,0,0,2,0,2,2,2,2,2,2,2,2
427,5298.686,-3463.279,-21.088,70.601,0.332075,-0.935123,0.123574,0.943031,0.326291,-0.065020,0.020481,0.138125,0.990203,0,0.48347,0.48431,2.329,0.298,-1,269.826,-1,778.635,-1,768.370,701.531,-1,415.262,-1,-1,-1,-1,-1,-1,-1,-1,2,1,2,0,2,0,0,2,0,2,2,2,2,2,2,2,2
428,5300.488,-3462.030,-15.905,70.839,0.328116,-0.934816,0.135859,0.944296,0.320722,-0.073775,0.025393,0.152498,0.987977,0,0.48430,0.48149,2.193,0.238,-1,281.780,-1,798.414,-1,805.778,730.684,-1,407.990,-1,-1,-1,-1,-1,-1,-1,-1,2,1,2,0,2,0,0,2,0,2,2,2,2,2,2,2,2
429,5302.165,-3460.742,-11.556,71.047,0.324659,-0.934386,0.146692,0.945418,0.316006,-0.079534,0.027960,0.164507,0.985980,0,0.48496,0.47925,2.115,0.208,-1,290.675,-1,809.956,-1,832.916,751.101,-1,402.147,-1,-1,-1,-1,-1,-1,-1,-1,2,1,2,0,2,0,0,2,0,2,2,2,2,2,2,2,2
430,5303.727,-3459.384,-8.105,71.234,0.321573,-0.933890,0.156335,0.946453,0.312029,-0.082849,0.028591,0.174606,0.984223,0,0.48553,0.47730,2.069,0.187,-1,296.673,-1,813.779,-1,850.509,763.153,-1,396.898,-1,-1,-1,-1,-1,-1,-1,-1,2,1,2,0,2,0,0,2,0,2,2,2,2,2,2,2,2
431,5305.174,-3457.928,-5.597,71.404,0.318779,-0.933355,0.165010,0.947426,0.308703,-0.084179,0.027630,0.183170,0.982693,0,0.48604,0.47557,2.053,0.170,-1,-1,-1,810.612,-1,858.925,767.468,-1,391.632,-1,-1,-1,-1,-1,-1,-1,-1,2,2,2,0,2,0,0,2,0,2,2,2,2,2,2,2,2
432,5306.480,-3456.260,-4.042,71.579,0.315887,-0.932895,0.172981,0.948452,0.305560,-0.084098,0.025599,0.190629,0.981328,0,0.48651,0.47400,2.118,0.176,-1,-1,-1,802.021,-1,860.075,765.456,-1,385.840,-1,-1,-1,-1,-1,-1,-1,-1,2,2,2,0,2,0,0,2,0,2,2,2,2,2,2,2,2
433,5307.563,-3454.286,-3.397,71.791,0.312402,-0.932633,0.180557,0.949678,0.302075,-0.082837,0.022714,0.197350,0.980070,0,0.48699,0.47236,2.252,0.212,-1,-1,-1,788.770,-1,855.096,758.024,-1,379.197,-1,-1,-1,-1,-1,-1,-1,-1,2,2,2,0,2,0,0,2,0,2,2,2,2,2,2,2,2
434,5308.406,-3452.025,-3.607,72.041,0.308282,-0.932621,0.187564,0.951112,0.298307,-0.079995,0.018653,0.203056,0.978989,0,0.48758,0.47035,2.412,0.250,-1,-1,-1,770.508,-1,843.070,744.507,-1,372.104,-1,-1,-1,-1,-1,-1,-1,-1,2,2,2,0,2,0,0,2,0,2,2,2,2,2,2,2,2
435,5308.980,-3449.519,-4.613,72.329,0.303520,-0.932900,0.193839,0.952736,0.294373,-0.075085,0.012986,0.207467,0.978156,0,0.48828,0.46795,2.572,0.288,-1,285.529,-1,746.714,-1,822.956,724.122,-1,364.702,-1,-1,-1,-1,-1,-1,-1,-1,2,1,2,0,2,0,0,2,0,2,2,2,2,2,2,2,2
436,5309.240,-3446.793,-6.363,72.657,0.298084,-0.933494,0.199336,0.954524,0.290335,-0.067740,0.005361,0.210464,0.977587,0,0.48911,0.46515,2.738,0.328,-1,274.107,-1,717.178,-1,794.378,696.604,-1,357.323,-1,-1,-1,-1,-1,-1,-1,-1,2,1,2,0,2,0,0,2,0,2,2,2,2,2,2,2,2
437,5309.248,-3443.780,-8.608,73.010,0.292201,-0.934811,0.201860,0.956353,0.286236,-0.058807,-0.002806,0.210233,0.977647,0,0.49005,0.46194,3.013,0.353,-1,260.535,-1,688.652,-1,762.783,667.854,-1,352.624,-1,-1,-1,-1,-1,-1,-1,-1,2,1,2,0,2,0,0,2,0,2,2,2,2,2,2,2,2
438,5309.047,-3440.386,-11.094,73.343,0.286629,-0.937129,0.199083,0.957994,0.282440,-0.049755,-0.009602,0.204982,0.978719,0,0.36158,0.24094,3.400,0.333,-1,246.436,-1,668.122,-1,734.306,643.992,-1,353.241,-1,-1,-1,-1,-1,-1,-1,-1,2,1,2,0,2,0,0,2,0,2,2,2,2,2,2,2,2
439,5308.608,-3436.592,-13.810,73.622,0.281941,-0.940275,0.190766,0.959325,0.279243,-0.041454,-0.014292,0.194695,0.980760,0,0.36229,0.23766,3.819,0.279,-1,232.537,-1,656.753,-1,710.776,626.467,-1,359.437,-1,-1,-1,-1,-1,-1,-1,-1,2,1,2,0,2,0,0,2,0,2,2,2,2,2,2,2,2
440,5307.804,-3432.383,-16.832,73.835,0.278372,-0.943851,0.177917,0.960327,0.276744,-0.034418,-0.016752,0.180440,0.983443,0,0.36288,0.23491,4.285,0.212,-1,218.995,-1,653.428,-1,691.921,614.756,-1,370.232,-1,-1,-1,-1,-1,-1,-1,-1,2,1,2,0,2,0,0,2,0,2,2,2,2,2,2,2,2
441,5306.679,-3427.818,-20.292,74.002,0.275560,-0.947691,0.161087,0.961130,0.274618,-0.028533,-0.017197,0.162688,0.986528,0,0.36334,0.23282,4.702,0.168,-1,205.424,-1,656.977,-1,676.714,607.588,-1,385.354,-1,-1,-1,-1,252.178,1006.305,-1,-1,2,1,2,0,2,0,0,2,0,2,2,2,2,1,1,2,2
442,5305.311,-3422.931,-24.321,74.171,0.272730,-0.951742,0.140730,0.961959,0.272183,-0.023503,-0.015936,0.141786,0.989769,0,0.36370,0.23115,5.075,0.169,-1,191.203,-1,666.306,-1,663.876,603.705,-1,404.773,-1,-1,-1,-1,233.504,995.714,-1,-1,2,1,2,0,2,0,0,2,0,2,2,2,2,1,1,2,2
443,5303.653,-3417.742,-29.040,74.353,0.269683,-0.955701,0.117928,0.962854,0.269349,-0.019065,-0.013543,0.118689,0.992839,0,0.36406,0.22947,5.447,0.182,-1,175.922,-1,679.123,-1,218.196,601.219,-1,427.293,-1,-1,-1,-1,213.695,984.184,-1,-1,2,1,2,0,2,1,0,2,0,2,2,2,2,1,1,2,2
444,5301.699,-3412.301,-34.544,74.562,0.266183,-0.959389,0.093380,0.963864,0.265987,-0.014766,-0.010671,0.093936,0.995521,0,0.36446,0.22764,5.782,0.209,-1,159.132,-1,693.310,-1,200.012,598.230,955.654,445.348,-1,-1,-1,-1,192.208,971.379,-1,-1,2,1,2,0,2,1,0,0,1,2,2,2,2,1,1,2,2
445,5299.530,-3406.677,-40.858,74.822,0.261804,-0.962796,0.066956,0.965088,0.261738,-0.009908,-0.007986,0.067212,0.997707,0,0.36491,0.22552,6.028,0.261,-1,138.545,-1,707.522,-1,178.853,593.115,806.809,435.462,-1,-1,-1,-1,168.405,956.804,-1,-1,2,1,2,0,2,1,0,0,1,2,2,2,2,1,1,2,2
446,5297.098,-3400.828,-47.937,75.086,0.257368,-0.965530,0.038905,0.966295,0.257402,-0.004230,-0.005930,0.038682,0.999234,0,0.36549,0.22288,6.334,0.263,-1,79.196,-1,720.346,-1,154.844,584.909,674.593,426.448,-1,-1,-1,-1,111.662,941.628,-1,-1,2,1,2,0,2,1,0,0,1,2,2,2,2,1,1,2,2
447,5294.591,-3394.688,-55.590,75.319,0.253427,-0.967316,0.008629,0.967344,0.253456,0.002378,-0.004488,0.007744,0.999960,0,0.36607,0.22020,6.632,0.234,-1,15.284,-1,732.986,-1,128.498,574.370,557.240,411.878,-1,-1,-1,-1,20.747,926.642,-1,-1,2,1,2,0,2,1,0,0,1,2,2,2,2,1,1,2,2
448,5292.417,-3388.172,-62.018,75.560,0.249369,-0.968314,-0.013509,0.968401,0.249288,0.007377,-0.003776,-0.014922,0.999882,0,0.36659,0.21781,6.870,0.240,-1,78.663,-1,739.544,-1,39.748,564.078,482.896,384.321,-1,-1,-1,-1,92.531,910.456,-1,-1,2,1,2,0,2,1,0,0,1,2,2,2,2,1,1,2,2
449,5291.295,-3381.364,-65.788,75.784,0.245584,-0.969103,-0.022964,0.969369,0.245427,0.009450,-0.003522,-0.024582,0.999692,0,0.36711,0.21539,6.900,0.224,-1,66.150,-1,739.750,-1,70.152,557.575,450.988,377.043,-1,-1,-1,-1,77.590,894.245,-1,-1,2,1,2,0,2,1,0,0,1,2,2,2,2,1,1,2,2
450,5291.483,-3372.939,-66.446,76.008,0.241783,-0.970138,-0.019314,0.970322,0.241652,0.008889,-0.003956,-0.020890,0.999774,0,0.36758,0.21320,8.427,0.224,-1,59.947,-1,734.001,-1,76.558,555.782,456.879,408.109,-1,-1,-1,-1,70.313,875.915,-1,-1,2,1,2,0,2,1,0,0,1,2,2,2,2,1,1,2,2
451,5292.341,-3367.210,-64.891,76.144,0.239479,-0.970842,-0.010732,0.970889,0.239406,0.007680,-0.004887,-0.012259,0.999913,0,0.36803,0.21113,5.792,0.136,-1,59.732,-1,728.267,-1,66.925,557.468,480.113,428.598,-1,-1,-1,-1,70.149,864.149,-1,-1,2,1,2,0,2,1,0,0,1,2,2,2,2,1,1,2,2
452,5293.915,-3359.867,-61.537,76.324,0.236418,-0.971648,0.002568,0.971627,0.236430,0.006439,-0.006863,0.000973,0.999976,0,0.36829,0.20994,7.510,0.180,-1,61.432,-1,720.981,-1,45.639,561.198,521.495,455.310,-1,-1,-1,-1,72.277,849.234,-1,-1,2,1,2,0,2,1,0,0,1,2,2,2,2,1,1,2,2
453,5295.756,-3352.301,-57.637,76.521,0.233078,-0.972347,0.014717,0.972410,0.233190,0.006465,-0.009718,0.012804,0.999871,0,0.36863,0.20839,7.787,0.197,-1,63.022,-1,714.503,-1,20.597,564.744,564.087,474.376,-1,-1,-1,-1,74.238,833.953,-1,-1,2,1,2,0,2,1,0,0,1,2,2,2,2,1,1,2,2
454,5297.581,-3344.245,-54.095,76.736,0.229426,-0.973042,0.023513,0.973248,0.229646,0.007105,-0.012313,0.021254,0.999698,0,0.70079,0.21765,8.260,0.215,-1,63.209,-1,711.529,-1,81.517,568.690,599.229,478.170,-1,-1,-1,-1,74.491,817.852,-1,-1,2,1,2,0,2,1,0,0,1,2,2,2,2,1,1,2,2
455,5299.310,-3335.438,-51.330,76.986,0.225173,-0.973867,0.029664,0.974223,0.225473,0.007163,-0.013664,0.027286,0.999534,0,0.70156,0.21578,8.974,0.250,-1,12.069,-1,712.898,-1,79.382,574.035,626.749,543.099,-1,-1,-1,-1,15.594,800.133,-1,-1,2,1,2,0,2,1,0,0,0,2,2,2,2,1,1,2,2
456,5300.884,-3326.027,-49.481,77.268,0.220362,-0.974817,0.034245,0.975313,0.220719,0.006958,-0.014341,0.031866,0.999389,0,0.70247,0.21357,9.542,0.283,-1,18.206,-1,714.872,-1,75.237,578.836,647.245,539.822,-1,-1,-1,-1,23.400,789.805,-1,-1,2,1,2,0,2,1,0,0,0,2,2,2,2,1,1,2,2
457,5302.237,-3316.060,-48.554,77.569,0.215232,-0.975835,0.037685,0.976450,0.215633,0.006868,-0.014828,0.035319,0.999266,0,0.70351,0.21104,10.058,0.301,-1,20.460,-1,715.637,-1,68.993,581.956,661.273,536.441,-1,-1,-1,-1,26.136,787.759,-1,-1,2,1,2,0,2,1,0,0,0,2,2,2,2,1,1,2,2
458,5303.203,-3305.498,-48.499,77.933,0.209032,-0.977074,0.040404,0.977791,0.209471,0.006895,-0.015200,0.038065,0.999160,0,0.70463,0.20831,10.607,0.363,-1,17.369,-1,714.763,-1,60.256,583.313,670.244,532.206,-1,-1,-1,-1,22.011,785.403,-1,-1,2,1,2,0,2,1,0,0,0,2,2,2,2,1,1,2,2
459,5303.652,-3294.414,-49.188,78.393,0.201179,-0.978649,0.042119,0.979427,0.201661,0.007492,-0.015826,0.039746,0.999084,0,0.70601,0.20495,11.093,0.460,-1,38.559,-1,711.884,-1,48.661,582.296,673.237,527.918,-1,-1,-1,-1,9.678,-1,-1,-1,2,1,2,0,2,1,0,0,0,2,2,2,2,1,2,2,2
460,5303.472,-3282.844,-50.458,78.939,0.191823,-0.980520,0.042237,0.981285,0.192355,0.008881,-0.016832,0.039743,0.999068,0,0.70780,0.20061,11.570,0.547,-1,27.297,-1,707.714,-1,25.763,579.067,668.692,525.482,-1,-1,-1,-1,32.034,-1,-1,-1,2,1,2,0,2,1,0,0,0,2,2,2,2,1,2,2,2
461,5302.592,-3270.884,-52.147,79.580,0.180828,-0.982703,0.039939,0.983344,0.181403,0.011245,-0.018296,0.037240,0.999139,0,0.70996,0.19536,11.992,0.641,-1,13.805,-1,703.613,-1,17.306,574.169,654.692,527.150,-1,-1,-1,-1,16.154,-1,-1,-1,2,1,2,0,2,1,0,0,0,2,2,2,2,1,2,2,2
462,5301.086,-3258.624,-54.158,80.302,0.168413,-0.985125,0.034140,0.985508,0.168988,0.014701,-0.020251,0.031169,0.999309,0,0.71252,0.18913,12.352,0.722,-1,775.895,-1,700.709,-1,580.542,568.020,628.968,535.733,-1,-1,-1,-1,-1,-1,-1,-1,2,0,2,0,2,0,0,0,0,2,2,2,2,2,2,2,2
463,5299.398,-3245.883,-56.381,80.981,0.156725,-0.987338,0.024512,0.987400,0.157188,0.018257,-0.021879,0.021342,0.999533,0,0.71543,0.18205,12.852,0.679,-1,752.926,-1,701.868,-1,571.240,563.080,592.966,552.677,-1,-1,-1,-1,-1,-1,-1,-1,2,0,2,0,2,0,0,0,0,2,2,2,2,2,2,2,2
464,5297.757,-3232.435,-58.237,81.593,0.146175,-0.989129,0.016018,0.989012,0.146481,0.019979,-0.022108,0.012922,0.999672,0,0.71817,0.17540,13.548,0.612,-1,739.097,-1,707.008,-1,566.698,562.411,563.864,568.030,-1,-1,-1,-1,-1,-1,-1,-1,2,0,2,0,2,0,0,0,0,2,2,2,2,2,2,2,2
465,5296.481,-3218.389,-59.377,82.152,0.136512,-0.990588,0.010025,0.990391,0.136697,0.020985,-0.022157,0.007064,0.999730,0,0.72062,0.16944,14.104,0.559,-1,731.922,-1,713.036,-1,565.308,563.737,545.488,580.160,-1,-1,-1,-1,-1,-1,-1,-1,2,0,2,0,2,0,0,0,0,2,2,2,2,2,2,2,2
466,5296.150,-3203.666,-59.785,82.548,0.129663,-0.991544,0.005360,0.991310,0.129750,0.021672,-0.022184,0.002503,0.999751,0,0.72284,0.16404,14.727,0.396,-1,729.488,25.269,720.492,-1,566.802,567.000,533.304,591.514,-1,-1,-1,-1,-1,-1,-1,-1,2,0,1,0,2,0,0,0,0,2,2,2,2,2,2,2,2
467,5296.865,-3188.429,-59.729,82.771,0.125811,-0.992052,0.002095,0.991808,0.125827,0.022006,-0.022095,-0.000691,0.999756,0,0.72435,0.16036,15.254,0.223,-1,731.175,14.640,728.449,-1,570.228,571.643,526.104,601.064,-1,-1,-1,-1,-1,-1,-1,-1,2,0,1,0,2,0,0,0,0,2,2,2,2,2,2,2,2
468,5298.188,-3173.506,-59.295,82.865,0.124166,-0.992256,0.003418,0.991946,0.124212,0.024796,-0.025029,0.000311,0.999687,0,-0.22900,0.23725,14.981,0.095,-1,728.418,-1,723.178,-1,568.427,569.262,529.891,600.608,-1,-1,-1,-1,-1,-1,-1,-1,2,0,2,0,2,0,0,0,0,2,2,2,2,2,2,2,2
469,5299.186,-3159.512,-58.584,83.091,0.120241,-0.992679,0.011450,0.992251,0.120537,0.030148,-0.031307,0.007736,0.999480,0,-0.22907,0.23670,14.030,0.225,-1,721.671,-1,701.961,-1,560.764,558.728,549.889,584.759,-1,-1,-1,-1,-1,-1,-1,-1,2,0,2,0,2,0,0,0,0,2,2,2,2,2,2,2,2
470,5299.593,-3146.270,-57.894,83.492,0.113256,-0.993313,0.022406,0.992841,0.114006,0.035626,-0.037942,0.018211,0.999114,0,-0.22932,0.23480,13.248,0.402,-1,716.534,-1,677.760,-1,552.849,546.896,578.903,562.464,-1,-1,-1,-1,-1,-1,-1,-1,2,0,2,0,2,0,0,0,0,2,2,2,2,2,2,2,2
471,5299.358,-3133.799,-57.321,84.026,0.103979,-0.994031,0.033028,0.993606,0.105289,0.040767,-0.044001,0.028578,0.998623,0,-0.22980,0.23108,12.473,0.534,-1,712.492,-1,656.135,-1,545.858,536.197,609.618,541.117,-1,-1,-1,-1,-1,-1,-1,-1,2,0,2,0,2,0,0,0,0,2,2,2,2,2,2,2,2
472,5299.101,-3121.888,-56.801,84.526,0.095284,-0.994696,0.038754,0.994291,0.096979,0.044506,-0.048028,0.034292,0.998257,0,-0.23046,0.22598,11.914,0.500,-1,710.131,-1,645.009,-1,542.206,530.628,628.261,530.756,-1,-1,-1,-1,-1,-1,-1,-1,2,0,2,0,2,0,0,0,0,2,2,2,2,2,2,2,2
473,5299.171,-3110.422,-56.349,84.839,0.089851,-0.995233,0.037913,0.994735,0.091559,0.046027,-0.049279,0.033578,0.998220,0,-0.23108,0.22121,11.467,0.313,-1,710.089,-1,646.734,-1,543.172,531.826,627.709,534.535,-1,-1,-1,-1,-1,-1,-1,-1,2,0,2,0,2,0,0,0,0,2,2,2,2,2,2,2,2
474,5299.029,-3099.388,-56.165,85.080,0.085670,-0.995725,0.034516,0.995161,0.087192,0.045301,-0.048117,0.030468,0.998377,0,-0.23146,0.21833,11.034,0.241,-1,714.316,-1,655.754,-1,548.097,537.710,619.493,543.047,-1,-1,-1,-1,-1,-1,-1,-1,2,0,2,0,2,0,0,0,0,2,2,2,2,2,2,2,2
475,5298.722,-3088.817,-56.459,85.290,0.082026,-0.996195,0.029464,0.995591,0.083254,0.043224,-0.045512,0.025789,0.998631,0,-0.23174,0.21613,10.576,0.210,-1,719.361,-1,668.627,-1,554.532,545.654,605.538,553.766,-1,-1,-1,-1,-1,-1,-1,-1,2,0,2,0,2,0,0,0,0,2,2,2,2,2,2,2,2
476,5298.273,-3078.739,-57.327,85.478,0.078775,-0.996610,0.023710,0.995999,0.079689,0.040454,-0.042206,0.020429,0.998900,0,-0.23199,0.21423,10.088,0.188,-1,723.986,-1,682.539,-1,560.839,553.921,588.159,564.402,-1,-1,-1,-1,-1,-1,-1,-1,2,0,2,0,2,0,0,0,0,2,2,2,2,2,2,2,2
477,5297.682,-3069.184,-58.695,85.663,0.075570,-0.996966,0.018637,0.996379,0.076230,0.037643,-0.038949,0.015725,0.999117,0,-0.23221,0.21253,9.573,0.185,-1,727.386,-1,694.560,-1,565.564,560.688,571.397,572.273,-1,-1,-1,-1,-1,-1,-1,-1,2,0,2,0,2,0,0,0,0,2,2,2,2,2,2,2,2
478,5296.976,-3059.752,-60.223,85.876,0.071877,-0.997294,0.015461,0.996772,0.072379,0.034750,-0.035775,0.012914,0.999276,0,0.48882,0.25257,9.459,0.213,-1,732.033,-1,704.570,-1,570.074,566.298,559.497,575.363,-1,-1,-1,-1,-1,-1,-1,-1,2,0,2,0,2,0,0,0,0,2,2,2,2,2,2,2,2
479,5296.738,-3049.830,-61.648,86.012,0.069511,-0.997495,0.013127,0.997069,0.069891,0.031121,-0.031960,0.010925,0.999429,0,0.48936,0.25059,9.925,0.137,-1,740.446,-1,715.779,-1,576.768,573.604,550.309,576.939,-1,-1,-1,-1,-1,-1,-1,-1,2,0,2,0,2,0,0,0,0,2,2,2,2,2,2,2,2
480,5297.129,-3039.648,-62.747,86.037,0.069081,-0.997534,0.012418,0.997170,0.069415,0.028857,-0.029648,0.010389,0.999506,0,0.48968,0.24941,10.189,0.025,-1,746.838,-1,721.701,-1,581.509,578.253,545.825,575.848,-1,-1,-1,-1,-1,-1,-1,-1,2,0,2,0,2,0,0,0,0,2,2,2,2,2,2,2,2
481,5298.094,-3029.250,-63.446,85.966,0.070313,-0.997434,0.013443,0.997085,0.070675,0.028734,-0.029610,0.011384,0.999497,0,0.48968,0.24940,10.443,-0.071,-1,748.765,-1,720.527,-1,582.469,578.555,546.175,571.991,-1,-1,-1,-1,-1,-1,-1,-1,2,0,2,0,2,0,0,0,0,2,2,2,2,2,2,2,2
482,5299.455,-3018.555,-63.791,85.856,0.072221,-0.997263,0.015821,0.996899,0.072673,0.030197,-0.031264,0.013591,0.999419,0,0.48941,0.25040,10.782,-0.110,-1,747.600,-1,714.267,-1,580.788,575.781,550.765,566.174,-1,-1,-1,-1,-1,-1,-1,-1,2,0,2,0,2,0,0,0,0,2,2,2,2,2,2,2,2
483,5301.079,-3007.501,-63.859,85.721,0.074575,-0.997045,0.018446,0.996643,0.075146,0.032506,-0.033796,0.015960,0.999301,0,0.48902,0.25182,11.172,-0.136,-1,744.341,-1,706.262,-1,577.976,571.840,556.678,560.910,-1,-1,-1,-1,-1,-1,-1,-1,2,0,2,0,2,0,0,0,0,2,2,2,2,2,2,2,2
484,5302.831,-2996.019,-63.736,85.572,0.077151,-0.996812,0.020323,0.996360,0.077825,0.034781,-0.036252,0.017566,0.999188,0,0.48855,0.25352,11.615,-0.149,-1,741.215,-1,699.961,-1,575.835,568.857,561.397,558.078,-1,-1,-1,-1,-1,-1,-1,-1,2,0,2,0,2,0,0,0,0,2,2,2,2,2,2,2,2
485,5304.627,-2984.020,-63.647,85.428,0.079649,-0.996584,0.021809,0.996108,0.080402,0.036122,-0.037752,0.018847,0.999109,0,0.48805,0.25537,12.132,-0.144,-1,740.811,-1,696.770,-1,575.848,568.109,565.337,556.055,-1,-1,-1,-1,-1,-1,-1,-1,2,0,2,0,2,0,0,0,0,2,2,2,2,2,2,2,2
486,5306.467,-2971.539,-63.742,85.282,0.082198,-0.996365,0.022387,0.995870,0.082985,0.036823,-0.038547,0.019268,0.999071,0,0.48755,0.25720,12.616,-0.147,-1,741.281,-1,695.912,-1,576.697,568.791,566.526,555.541,-1,-1,-1,-1,-1,-1,-1,-1,2,0,2,0,2,0,0,0,0,2,2,2,2,2,2,2,2
487,5308.260,-2958.602,-64.133,85.144,0.084580,-0.996176,0.021923,0.995646,0.085359,0.037448,-0.039176,0.018660,0.999058,0,0.48704,0.25906,13.061,-0.137,-1,740.370,-1,695.650,-1,576.751,569.368,564.055,556.517,-1,-1,-1,-1,-1,-1,-1,-1,2,0,2,0,2,0,0,0,0,2,2,2,2,2,2,2,2
488,5310.007,-2945.217,-64.850,85.018,0.086774,-0.996011,0.020787,0.995436,0.087518,0.038045,-0.039713,0.017391,0.999060,0,0.48656,0.26084,13.498,-0.126,-1,738.121,-1,695.351,-1,576.123,569.076,558.925,558.067,-1,-1,-1,-1,-1,-1,-1,-1,2,0,2,0,2,0,0,0,0,2,2,2,2,2,2,2,2
489,5311.720,-2931.419,-65.861,84.901,0.088811,-0.995857,0.019508,0.995224,0.089517,0.038946,-0.040531,0.015956,0.999051,0,0.48610,0.26251,13.903,-0.117,-1,733.980,-1,693.599,-1,574.178,567.514,552.497,559.128,-1,-1,-1,-1,-1,-1,-1,-1,2,0,2,0,2,0,0,0,0,2,2,2,2,2,2,2,2
490,5313.409,-2917.265,-67.051,84.800,0.090545,-0.995709,0.019087,0.995003,0.091257,0.040504,-0.042072,0.015324,0.998997,0,0.48566,0.26410,14.255,-0.100,-1,727.942,-1,688.774,-1,570.444,563.889,548.442,557.781,-1,-1,-1,-1,-1,-1,-1,-1,2,0,2,0,2,0,0,0,0,2,2,2,2,2,2,2,2
491,5315.147,-2902.701,-68.310,84.710,0.092116,-0.995566,0.019038,0.994800,0.092845,0.041858,-0.043440,0.015083,0.998942,0,0.48527,0.26553,14.667,-0.091,-1,722.747,-1,683.727,-1,567.087,560.487,545.748,555.395,-1,-1,-1,-1,-1,-1,-1,-1,2,0,2,0,2,0,0,0,0,2,2,2,2,2,2,2,2
492,5316.964,-2887.768,-69.526,84.622,0.093622,-0.995420,0.019351,0.994588,0.094388,0.043420,-0.045047,0.015181,0.998869,0,0.48490,0.26688,15.044,-0.087,-1,717.405,-1,677.719,-1,563.485,556.717,543.758,552.387,-1,-1,-1,-1,-1,-1,-1,-1,2,0,2,0,2,0,0,0,0,2,2,2,2,2,2,2,2
493,5318.837,-2872.478,-70.586,84.537,0.095105,-0.995273,0.019645,0.994358,0.095912,0.045311,-0.046981,0.015224,0.998780,0,0.48454,0.26821,15.404,-0.086,-1,711.639,-1,671.444,-1,559.733,552.763,542.139,550.024,-1,-1,-1,-1,-1,-1,-1,-1,2,0,2,0,2,0,0,0,0,2,2,2,2,2,2,2,2
494,5320.772,-2856.781,-71.524,84.455,0.096516,-0.995128,0.020108,0.994147,0.097367,0.046813,-0.048543,0.015472,0.998701,0,0.48418,0.26954,15.816,-0.082,-1,707.442,-1,666.428,-1,557.230,549.915,541.488,547.735,-1,-1,-1,-1,-1,-1,-1,-1,2,0,2,0,2,0,0,0,0,2,2,2,2,2,2,2,2
495,5322.746,-2840.704,-72.382,84.376,0.097882,-0.994993,0.020210,0.993943,0.098758,0.048212,-0.049967,0.015368,0.998633,0,0.48382,0.27084,16.197,-0.079,-1,703.667,-1,662.365,-1,555.219,547.675,540.307,546.511,-1,-1,-1,-1,-1,-1,-1,-1,2,0,2,0,2,0,0,0,0,2,2,2,2,2,2,2,2
496,5324.718,-2824.262,-73.207,84.305,0.099096,-0.994880,0.019848,0.993748,0.099975,0.049705,-0.051435,0.014798,0.998567,0,0.48347,0.27213,16.560,-0.070,-1,699.523,-1,658.739,-1,552.674,545.592,538.141,546.454,-1,-1,-1,-1,-1,-1,-1,-1,2,0,2,0,2,0,0,0,0,2,2,2,2,2,2,2,2
497,5326.657,-2807.661,-73.853,84.276,0.099601,-0.994807,0.020968,0.993642,0.100552,0.050654,-0.052499,0.015789,0.998496,0,0.48314,0.27334,16.714,-0.029,-1,698.559,-1,655.486,-1,551.696,544.180,541.520,543.562,-1,-1,-1,-1,-1,-1,-1,-1,2,0,2,0,2,0,0,0,0,2,2,2,2,2,2,2,2
498,5328.703,-2791.191,-73.768,84.306,0.099099,-0.994718,0.026737,0.993841,0.100279,0.047169,-0.049601,0.021898,0.998529,0,0.48292,0.27415,16.597,0.030,-1,716.140,-1,660.313,-1,561.408,551.376,561.276,532.237,-1,-1,-1,-1,-1,-1,-1,-1,2,0,2,0,2,0,0,0,0,2,2,2,2,2,2,2,2
499,5330.930,-2774.623,-73.000,84.351,0.098352,-0.994497,0.036094,0.994235,0.099753,0.039318,-0.042703,0.032019,0.998575,0,0.48286,0.27437,16.717,0.045,-1,752.960,-1,673.823,-1,582.100,567.861,594.127,515.891,-1,-1,-1,-1,-1,-1,-1,-1,2,0,2,0,2,0,0,0,0,2,2,2,2,2,2,2,2
