timestep,x_cm,y_cm,z_cm,yaw_deg,basis_xx,basis_xy,basis_xz,basis_yx,basis_yy,basis_yz,basis_zx,basis_zy,basis_zz,teleport_flag,throttle_cmd,steering_cmd,cmd_move_cm,cmd_turn_deg,lidar_cm_0,lidar_cm_1,lidar_cm_2,lidar_cm_3,lidar_cm_4,lidar_cm_5,lidar_cm_6,lidar_cm_7,lidar_cm_8,lidar_cm_9,lidar_cm_10,lidar_cm_11,lidar_cm_12,lidar_cm_13,lidar_cm_14,lidar_cm_15,lidar_cm_16,lidar_class_0,lidar_class_1,lidar_class_2,lidar_class_3,lidar_class_4,lidar_class_5,lidar_class_6,lidar_class_7,lidar_class_8,lidar_class_9,lidar_class_10,lidar_class_11,lidar_class_12,lidar_class_13,lidar_class_14,lidar_class_15,lidar_class_16
0,4927.511,4530.224,-150.133,-13.999,0.970108,0.241636,-0.022414,-0.241852,0.970285,-0.007428,0.019953,0.012627,0.999721,0,0.31886,0.14906,0.352,-0.006,-1,647.418,-1,737.104,-1,553.154,576.835,685.295,581.691,-1,-1,-1,-1,-1,-1,-1,-1,2,0,2,0,2,0,0,0,0,2,2,2,2,2,2,2,2
1,4927.588,4530.010,-148.028,-14.004,0.970045,0.241697,-0.024388,-0.241936,0.970265,-0.007323,0.021893,0.013004,0.999676,0,0.31886,0.14910,0.227,-0.006,-1,658.857,-1,748.253,-1,562.302,585.827,693.903,588.387,-1,-1,-1,-1,-1,-1,-1,-1,2,0,2,0,2,0,0,0,0,2,2,2,2,2,2,2,2
2,4928.077,4529.662,-147.133,-14.022,0.969894,0.241965,-0.027537,-0.242226,0.970198,-0.006548,0.025132,0.013022,0.999599,0,0.31883,0.14922,0.600,-0.018,-1,670.109,-1,760.087,-1,571.228,594.732,697.460,592.061,-1,-1,-1,-1,-1,-1,-1,-1,2,0,2,0,2,0,0,0,0,2,2,2,2,2,2,2,2
3,4928.897,4529.271,-147.396,-14.042,0.969715,0.242265,-0.030998,-0.242528,0.970131,-0.004996,0.028862,0.012363,0.999507,0,0.31877,0.14955,0.909,-0.019,-1,678.919,-1,770.705,-1,578.339,602.066,695.065,593.660,-1,-1,-1,-1,-1,-1,-1,-1,2,0,2,0,2,0,0,0,0,2,2,2,2,2,2,2,2
4,4930.065,4528.886,-148.684,-14.067,0.969501,0.242705,-0.034095,-0.242921,0.970043,-0.002281,0.032521,0.010493,0.999416,0,0.31870,0.14993,1.230,-0.025,-1,683.624,-1,779.344,-1,582.628,607.107,685.529,595.056,-1,-1,-1,-1,-1,-1,-1,-1,2,0,2,0,2,0,0,0,0,2,2,2,2,2,2,2,2
5,4931.573,4528.474,-150.723,-14.108,0.969214,0.243486,-0.036594,-0.243588,0.969877,0.001705,0.035907,0.007262,0.999329,0,0.31861,0.15039,1.563,-0.041,-1,684.281,-1,786.474,-1,584.293,610.106,669.537,597.655,-1,-1,-1,-1,-1,-1,-1,-1,2,0,2,0,2,0,0,0,0,2,2,2,2,2,2,2,2
6,4933.310,4528.051,-152.984,-14.148,0.968986,0.244267,-0.037418,-0.244257,0.969698,0.004928,0.037488,0.004364,0.999288,0,0.31849,0.15105,1.787,-0.040,-1,679.544,-1,787.267,-1,581.608,608.595,651.206,598.290,-1,-1,-1,-1,-1,-1,-1,-1,2,0,2,0,2,0,0,0,0,2,2,2,2,2,2,2,2
7,4935.176,4527.523,-155.039,-14.185,0.968856,0.244960,-0.036229,-0.244895,0.969529,0.006296,0.036667,0.002772,0.999324,0,0.31836,0.15173,1.940,-0.037,-1,669.924,-1,780.107,-1,574.533,602.122,637.750,595.532,-1,-1,-1,-1,-1,-1,-1,-1,2,0,2,0,2,0,0,0,0,2,2,2,2,2,2,2,2
8,4937.146,4526.819,-156.625,-14.222,0.968797,0.245580,-0.033517,-0.245545,0.969371,0.005238,0.033776,0.003155,0.999424,0,0.31823,0.15242,2.092,-0.037,-1,657.852,-1,766.287,-1,564.611,592.042,632.202,588.464,-1,-1,-1,-1,-1,-1,-1,-1,2,0,2,0,2,0,0,0,0,2,2,2,2,2,2,2,2
9,4939.246,4525.900,-157.634,-14.262,0.968758,0.246181,-0.030035,-0.246241,0.969207,0.001738,0.029538,0.005712,0.999547,0,0.31809,0.15317,2.292,-0.039,-1,645.905,-1,748.399,-1,553.851,580.295,635.652,577.221,-1,-1,-1,-1,-1,-1,-1,-1,2,0,2,0,2,0,0,0,0,2,2,2,2,2,2,2,2
10,4941.526,4524.759,-158.079,-14.304,0.968700,0.246821,-0.026464,-0.246999,0.969009,-0.003667,0.024739,0.010089,0.999643,0,0.31794,0.15402,2.550,-0.043,-1,635.854,-1,729.205,-1,543.908,568.648,647.340,563.210,-1,-1,-1,-1,-1,-1,-1,-1,2,0,2,0,2,0,0,0,0,2,2,2,2,2,2,2,2
11,4944.077,4523.410,-157.999,-14.351,0.968593,0.247525,-0.023655,-0.247801,0.968764,-0.009536,0.020555,0.015098,0.999675,0,0.31775,0.15498,2.886,-0.046,-1,629.574,-1,713.264,-1,536.809,559.562,663.801,549.932,-1,-1,-1,-1,-1,-1,-1,-1,2,0,2,0,2,0,0,0,0,2,2,2,2,2,2,2,2
12,4947.028,4521.949,-157.406,-14.396,0.968437,0.248241,-0.022501,-0.248585,0.968509,-0.014011,0.018314,0.019163,0.999649,0,0.31755,0.15607,3.293,-0.046,-1,629.004,-1,705.201,-1,534.716,555.876,679.214,541.580,-1,-1,-1,-1,-1,-1,-1,-1,2,0,2,0,2,0,0,0,0,2,2,2,2,2,2,2,2
13,4950.388,4520.460,-156.474,-14.444,0.968239,0.248992,-0.022716,-0.249389,0.968260,-0.016665,0.017846,0.021801,0.999603,0,0.31734,0.15722,3.674,-0.047,-1,632.771,-1,704.109,-1,536.670,556.783,690.499,538.441,-1,-1,-1,-1,-1,-1,-1,-1,2,0,2,0,2,0,0,0,0,2,2,2,2,2,2,2,2
14,4954.114,4518.985,-155.434,-14.494,0.968009,0.249809,-0.023515,-0.250242,0.968022,-0.017685,0.018345,0.023003,0.999567,0,0.31711,0.15844,4.008,-0.051,-1,638.183,-1,707.102,-1,540.532,560.060,697.940,539.460,-1,-1,-1,-1,-1,-1,-1,-1,2,0,2,0,2,0,0,0,0,2,2,2,2,2,2,2,2
15,4958.136,4517.554,-154.476,-14.556,0.967732,0.250843,-0.023925,-0.251281,0.967757,-0.017443,0.018779,0.022892,0.999562,0,0.31687,0.15972,4.269,-0.062,-1,642.166,-1,710.804,-1,543.832,563.240,700.946,543.473,-1,-1,-1,-1,-1,-1,-1,-1,2,0,2,0,2,0,0,0,0,2,2,2,2,2,2,2,2
16,4962.409,4516.146,-153.689,-14.625,0.967429,0.252044,-0.023568,-0.252447,0.967479,-0.015971,0.018777,0.021400,0.999595,0,0.31661,0.16112,4.499,-0.069,-1,643.428,-1,714.034,-1,545.557,565.416,698.893,550.355,-1,-1,-1,-1,-1,-1,-1,-1,2,0,2,0,2,0,0,0,0,2,2,2,2,2,2,2,2
17,4966.933,4514.731,-153.106,-14.701,0.967097,0.253393,-0.022705,-0.253734,0.967178,-0.013611,0.018511,0.018924,0.999650,0,0.31633,0.16261,4.739,-0.076,-1,642.643,-1,716.836,-1,546.117,566.776,693.034,559.129,-1,-1,-1,-1,-1,-1,-1,-1,2,0,2,0,2,0,0,0,0,2,2,2,2,2,2,2,2
18,4971.707,4513.271,-152.712,-14.784,0.966735,0.254859,-0.021706,-0.255134,0.966844,-0.010942,0.018198,0.016116,0.999705,0,0.31603,0.16421,4.993,-0.083,-1,640.947,-1,719.219,-1,546.083,567.661,685.328,568.281,-1,-1,-1,-1,-1,-1,-1,-1,2,0,2,0,2,0,0,0,0,2,2,2,2,2,2,2,2
19,4976.710,4511.721,-152.459,-14.873,0.966343,0.256420,-0.020728,-0.256636,0.966471,-0.008498,0.017854,0.013531,0.999749,0,0.31571,0.16591,5.238,-0.089,-1,638.980,-1,720.836,-1,545.705,568.123,676.133,576.529,-1,-1,-1,-1,-1,-1,-1,-1,2,0,2,0,2,0,0,0,0,2,2,2,2,2,2,2,2
20,4981.930,4510.039,-152.304,-14.969,0.965919,0.258078,-0.019925,-0.258250,0.966056,-0.006552,0.017558,0.011474,0.999780,0,0.31537,0.16773,5.485,-0.096,-1,637.313,-1,721.847,-1,545.299,568.367,668.594,583.164,-1,-1,-1,-1,-1,-1,-1,-1,2,0,2,0,2,0,0,0,0,2,2,2,2,2,2,2,2
21,4987.341,4508.199,-152.198,-15.072,0.965455,0.259858,-0.019264,-0.260001,0.965594,-0.005326,0.017217,0.010151,0.999800,0,0.31501,0.16967,5.716,-0.104,-1,636.049,-1,721.963,-1,544.843,568.295,663.499,587.701,-1,-1,-1,-1,-1,-1,-1,-1,2,0,2,0,2,0,0,0,0,2,2,2,2,2,2,2,2
22,4992.934,4506.187,-152.124,-15.187,0.964941,0.261794,-0.018779,-0.261925,0.965076,-0.004855,0.016852,0.009603,0.999812,0,0.31461,0.17177,5.943,-0.114,-1,635.335,-1,721.256,-1,544.434,567.989,660.983,590.034,-1,-1,-1,-1,-1,-1,-1,-1,2,0,2,0,2,0,0,0,0,2,2,2,2,2,2,2,2
23,4998.704,4503.988,-152.070,-15.312,0.964371,0.263912,-0.018427,-0.264044,0.964497,-0.005088,0.016430,0.009772,0.999817,0,0.31419,0.17405,6.175,-0.126,-1,634.960,-1,719.723,-1,544.030,567.426,660.825,590.329,-1,-1,-1,-1,-1,-1,-1,-1,2,0,2,0,2,0,0,0,0,2,2,2,2,2,2,2,2
24,5004.631,4501.599,-152.018,-15.453,0.963731,0.266270,-0.017995,-0.266412,0.963840,-0.006003,0.015746,0.010579,0.999820,0,0.31372,0.17652,6.391,-0.141,-1,634.459,-1,716.951,-1,543.275,566.275,662.782,588.840,-1,-1,-1,-1,-1,-1,-1,-1,2,0,2,0,2,0,0,0,0,2,2,2,2,2,2,2,2
25,5010.823,4498.875,-151.927,-15.631,0.962909,0.269254,-0.017578,-0.269410,0.962999,-0.007130,0.015008,0.011601,0.999820,0,0.63153,0.34039,6.764,-0.178,-1,634.300,-1,714.020,-1,542.707,565.117,665.490,586.944,-1,-1,-1,-1,-1,-1,-1,-1,2,0,2,0,2,0,0,0,0,2,2,2,2,2,2,2,2
26,5017.574,4495.764,-151.784,-15.843,0.961904,0.272800,-0.017892,-0.272976,0.961986,-0.008207,0.014973,0.012778,0.999806,0,0.63032,0.34361,7.433,-0.212,-1,636.318,-1,712.984,-1,543.818,565.408,668.912,585.000,-1,-1,-1,-1,-1,-1,-1,-1,2,0,2,0,2,0,0,0,0,2,2,2,2,2,2,2,2
27,5024.880,4492.354,-151.582,-16.072,0.960802,0.276607,-0.018639,-0.276812,0.960878,-0.009437,0.015299,0.014226,0.999782,0,0.62891,0.34735,8.063,-0.229,-1,639.710,-1,712.819,-1,545.891,566.439,673.520,582.674,-1,-1,-1,-1,-1,-1,-1,-1,2,0,2,0,2,0,0,0,0,2,2,2,2,2,2,2,2
28,5032.734,4488.810,-151.324,-16.285,0.959771,0.280147,-0.018923,-0.280376,0.959830,-0.010732,0.015156,0.015606,0.999763,0,0.62738,0.35141,8.616,-0.213,-1,641.970,-1,711.536,-1,546.949,566.616,678.001,580.750,-1,-1,-1,-1,-1,-1,-1,-1,2,0,2,0,2,0,0,0,0,2,2,2,2,2,2,2,2
29,5042.896,4484.511,-151.011,-16.513,0.958670,0.283972,-0.017676,-0.284199,0.958691,-0.011931,0.013558,0.016462,0.999773,0,0.62587,0.35542,11.034,-0.228,-1,640.314,-1,706.797,-1,545.188,564.136,679.737,580.473,-1,-1,-1,-1,-1,-1,-1,-1,2,0,2,0,2,0,0,0,0,2,2,2,2,2,2,2,2
30,5050.068,4481.525,-150.837,-16.670,0.957907,0.286632,-0.016006,-0.286835,0.957902,-0.012214,0.011831,0.016291,0.999797,0,0.62411,0.36006,7.769,-0.157,-1,636.885,-1,702.426,-1,542.539,561.260,677.761,582.099,-1,-1,-1,-1,-1,-1,-1,-1,2,0,2,0,2,0,0,0,0,2,2,2,2,2,2,2,2
31,5059.013,4477.723,-150.399,-16.849,0.957020,0.289637,-0.014937,-0.289837,0.956979,-0.013604,0.010354,0.017348,0.999796,0,0.62289,0.36330,9.719,-0.179,-1,635.868,-1,698.301,-1,541.250,559.248,681.168,581.609,-1,-1,-1,-1,-1,-1,-1,-1,2,0,2,0,2,0,0,0,0,2,2,2,2,2,2,2,2
32,5067.937,4473.735,-149.485,-17.026,0.956111,0.292518,-0.016848,-0.292786,0.956036,-0.016467,0.011291,0.020677,0.999722,0,0.62141,0.36722,9.775,-0.177,-1,643.831,-1,699.795,-1,546.135,562.585,694.953,577.121,-1,-1,-1,-1,-1,-1,-1,-1,2,0,2,0,2,0,0,0,0,2,2,2,2,2,2,2,2
33,5076.962,4469.386,-148.047,-17.243,0.954947,0.295970,-0.021848,-0.296390,0.954871,-0.019366,0.015130,0.024969,0.999574,0,0.61992,0.37118,10.018,-0.217,-1,661.778,-1,709.487,-1,558.309,572.771,715.121,572.459,-1,-1,-1,-1,-1,-1,-1,-1,2,0,2,0,2,0,0,0,0,2,2,2,2,2,2,2,2
34,5086.167,4464.720,-146.080,-17.520,0.953402,0.300346,-0.028576,-0.300979,0.953395,-0.021189,0.020880,0.028802,0.999367,0,0.61822,0.37569,10.320,-0.277,-1,686.439,-1,726.327,-1,575.740,588.301,736.349,571.122,-1,-1,-1,-1,-1,-1,-1,-1,2,0,2,0,2,0,0,0,0,2,2,2,2,2,2,2,2
35,5095.511,4459.926,-143.704,-17.844,0.951550,0.305477,-0.035153,-0.306315,0.951688,-0.021479,0.026894,0.031206,0.999151,0,0.61678,-0.04282,10.503,-0.324,-1,712.378,-1,746.778,-1,595.029,606.004,753.744,574.927,-1,-1,-1,-1,-1,-1,-1,-1,2,0,2,0,2,0,0,0,0,2,2,2,2,2,2,2,2
36,5105.042,4455.085,-141.128,-18.185,0.949567,0.310964,-0.040293,-0.311919,0.949900,-0.019925,0.032078,0.031488,0.998989,0,0.61459,-0.03703,10.690,-0.341,-1,735.496,-1,767.857,-1,613.346,623.336,762.892,584.555,-1,-1,-1,-1,-1,-1,-1,-1,2,0,2,0,2,0,0,0,0,2,2,2,2,2,2,2,2
37,5114.731,4450.015,-138.706,-18.594,0.947186,0.317757,-0.043232,-0.318648,0.947748,-0.015385,0.036085,0.028348,0.998947,0,0.61232,-0.03101,10.935,-0.409,-1,752.468,-1,788.969,-1,628.456,638.950,756.016,602.303,-1,-1,-1,-1,-1,-1,-1,-1,2,0,2,0,2,0,0,0,0,2,2,2,2,2,2,2,2
38,5124.634,4444.629,-136.838,-19.092,0.944267,0.326194,-0.044244,-0.326830,0.945051,-0.007794,0.039271,0.021820,0.998990,0,0.60974,-0.02419,11.273,-0.498,-1,761.804,-1,809.916,-1,640.207,651.703,732.204,627.575,-1,-1,-1,-1,-1,-1,-1,-1,2,0,2,0,2,0,0,0,0,2,2,2,2,2,2,2,2
39,5134.793,4438.998,-135.835,-19.654,0.940919,0.335822,-0.043534,-0.336053,0.941841,0.002127,0.041717,0.012629,0.999050,0,0.60678,-0.01633,11.616,-0.563,-1,764.361,-1,829.376,-1,648.010,661.306,694.357,658.596,-1,-1,-1,-1,-1,-1,-1,-1,2,0,2,0,2,0,0,0,0,2,2,2,2,2,2,2,2
40,5145.181,4433.183,-135.687,-20.243,0.937379,0.345877,-0.041107,-0.345687,0.938275,0.011863,0.042673,0.003090,0.999084,0,0.60351,-0.00769,11.905,-0.589,-1,760.244,-1,842.615,-1,649.812,665.716,654.192,689.290,-1,-1,-1,-1,-1,-1,-1,-1,2,0,2,0,2,0,0,0,0,2,2,2,2,2,2,2,2
41,5155.729,4427.183,-136.339,-20.807,0.933982,0.355401,-0.036994,-0.354915,0.934702,0.019187,0.041397,-0.004791,0.999131,0,0.60011,0.00133,12.135,-0.564,-1,749.242,-1,844.728,-1,644.701,662.756,618.159,713.184,-1,-1,-1,-1,-1,-1,-1,-1,2,0,2,0,2,0,0,0,0,2,2,2,2,2,2,2,2
42,5166.395,4421.206,-137.739,-21.275,0.931210,0.363136,-0.031320,-0.362598,0.931695,0.021613,0.037029,-0.008769,0.999276,0,0.59676,0.01020,12.226,-0.468,-1,731.091,-1,830.419,-1,631.391,650.332,593.263,721.750,-1,-1,-1,-1,-1,-1,-1,-1,2,0,2,0,2,0,0,0,0,2,2,2,2,2,2,2,2
43,5177.232,4415.129,-139.834,-21.661,0.928973,0.369358,-0.024173,-0.368957,0.929241,0.019532,0.029677,-0.009225,0.999517,0,0.59376,0.01816,12.425,-0.386,-1,706.454,-1,801.389,-1,610.696,629.392,577.528,715.567,-1,-1,-1,-1,-1,-1,-1,-1,2,0,2,0,2,0,0,0,0,2,2,2,2,2,2,2,2
44,5188.117,4408.742,-142.607,-22.045,0.926717,0.375463,-0.014959,-0.375264,0.926804,0.014522,0.019316,-0.007845,0.999783,0,0.59103,0.02538,12.620,-0.384,-1,674.478,-1,760.986,-1,583.278,601.148,563.417,700.364,-1,-1,-1,-1,-1,-1,-1,-1,2,0,2,0,2,0,0,0,0,2,2,2,2,2,2,2,2
45,5199.065,4402.151,-146.005,-22.413,0.924440,0.381309,-0.003852,-0.381281,0.924437,0.006469,0.006028,-0.004511,0.999972,0,0.51803,0.67632,12.779,-0.369,-1,636.181,-1,711.603,-1,550.283,566.722,552.025,676.477,-1,-1,-1,-1,-1,-1,-1,-1,2,0,2,0,2,0,0,0,0,2,2,2,2,2,2,2,2
46,5210.208,4395.449,-149.633,-22.705,0.922476,0.386003,0.006306,-0.385969,0.922492,-0.006003,-0.008134,0.003104,0.999962,0,0.51560,0.68361,13.004,-0.291,-1,600.149,-1,659.292,-1,517.471,531.281,551.965,639.623,-1,-1,-1,-1,1007.344,-1,-1,-1,2,0,2,0,2,0,0,0,0,2,2,2,2,0,2,2,2
47,5221.658,4388.399,-153.174,-22.947,0.920671,0.390112,0.013295,-0.389796,0.920653,-0.021363,-0.020574,0.014486,0.999683,0,0.51340,0.69023,13.446,-0.242,-1,572.132,-1,612.278,-1,490.101,500.172,564.554,595.562,-1,-1,-1,-1,951.361,-1,-1,-1,2,0,2,0,2,0,0,0,0,2,2,2,2,0,2,2,2
48,5233.491,4380.967,-156.421,-23.184,0.918802,0.394312,0.017895,-0.393496,0.918581,-0.037021,-0.031036,0.026973,0.999154,0,0.51130,0.69655,13.974,-0.237,-1,550.612,-1,572.675,-1,468.023,474.035,583.049,553.747,-1,-1,-1,-1,909.694,970.581,-1,-1,2,0,2,0,2,0,0,0,0,2,2,2,2,0,0,2,2
49,5245.699,4373.434,-158.936,-23.366,0.917301,0.397701,0.019838,-0.396307,0.916663,-0.051663,-0.038731,0.039529,0.998468,0,0.50915,0.70303,14.345,-0.182,-1,536.869,-1,542.382,-1,452.544,454.468,605.389,517.586,-1,-1,-1,-1,883.862,900.206,-1,-1,2,0,2,0,2,0,0,0,0,2,2,2,2,0,0,2,2
50,5257.834,4366.326,-159.812,-23.427,0.916813,0.398978,0.016444,-0.397250,0.915479,-0.063958,-0.040572,0.052105,0.997817,0,0.50713,0.70910,14.063,-0.061,-1,538.706,-1,528.236,-1,449.628,447.271,637.515,489.757,-1,-1,-1,-1,888.783,867.960,-1,-1,2,0,2,0,2,0,0,0,0,2,2,2,2,0,0,2,2
51,5269.850,4359.582,-158.609,-23.473,0.916630,0.399646,0.008469,-0.398050,0.914503,-0.072393,-0.036677,0.062986,0.997340,0,0.50555,0.71384,13.779,-0.046,-1,556.474,-1,531.054,-1,459.684,453.200,674.691,474.091,-1,-1,-1,-1,925.155,872.457,-1,-1,2,0,2,0,2,0,0,0,0,2,2,2,2,0,0,2,2
52,5282.068,4353.062,-155.675,-23.474,0.916839,0.399253,-0.001593,-0.398159,0.914016,-0.077744,-0.029583,0.071913,0.996972,0,0.50406,0.71834,13.849,-0.001,-1,584.583,-1,545.093,-1,478.061,468.046,715.305,468.149,-1,-1,-1,-1,982.434,901.475,-1,-1,2,0,2,0,2,0,0,0,0,2,2,2,2,0,0,2,2
53,5294.542,4346.552,-151.839,-23.477,0.916987,0.398769,-0.010904,-0.398285,0.913652,-0.081298,-0.022457,0.078893,0.996630,0,0.50271,0.72239,14.071,-0.003,-1,613.449,-1,562.857,-1,498.611,485.496,753.679,468.515,-1,-1,-1,-1,-1,939.509,-1,-1,2,0,2,0,2,0,0,0,0,2,2,2,2,2,0,2,2
54,5307.351,4340.398,-147.774,-23.386,0.917708,0.396867,-0.017556,-0.396870,0.913975,-0.084525,-0.017500,0.084537,0.996267,0,0.50133,0.72654,14.210,0.091,-1,637.719,-1,577.810,-1,515.909,500.280,787.532,471.756,-1,-1,-1,-1,-1,971.748,-1,-1,2,0,2,0,2,0,0,0,0,2,2,2,2,2,0,2,2
55,5320.434,4334.753,-144.010,-23.162,0.919276,0.393120,-0.019731,-0.393281,0.915279,-0.087150,-0.016201,0.087875,0.996000,0,0.50027,0.72974,14.248,0.224,-1,651.137,-1,585.813,-1,525.651,508.676,811.616,477.710,-1,-1,-1,-1,-1,987.472,-1,-1,2,0,2,0,2,0,0,0,0,2,2,2,2,2,0,2,2
56,5333.620,4329.499,-140.889,-22.898,0.921048,0.389043,-0.017781,-0.389022,0.916941,-0.088774,-0.018233,0.088682,0.995893,0,0.49968,0.73152,14.195,0.264,-1,653.087,-1,586.985,-1,527.736,510.488,822.395,485.596,-1,-1,-1,-1,-1,986.179,-1,-1,2,0,2,0,2,0,0,0,0,2,2,2,2,2,0,2,2
57,5346.688,4324.208,-138.315,-22.787,0.921757,0.387527,-0.013659,-0.387220,0.918013,-0.085510,-0.020599,0.084109,0.996244,0,0.49924,0.73283,14.098,0.111,-1,649.002,-1,589.752,-1,527.407,511.461,808.118,501.785,-1,-1,-1,-1,-1,991.085,-1,-1,2,0,2,0,2,0,0,0,0,2,2,2,2,2,0,2,2
58,5359.875,4318.819,-136.417,-22.801,0.921677,0.387802,-0.010981,-0.387450,0.918656,-0.077165,-0.019837,0.075376,0.996958,0,0.49828,0.73572,14.246,-0.014,-1,647.568,-1,600.103,-1,530.212,516.811,771.857,524.917,-1,-1,-1,-1,-1,-1,-1,-1,2,0,2,0,2,0,0,0,0,2,2,2,2,2,2,2,2
59,5373.254,4313.500,-135.492,-22.834,0.921505,0.388239,-0.009916,-0.388004,0.919244,-0.066657,-0.016763,0.065273,0.997727,0,0.49687,0.73996,14.397,-0.033,-1,647.933,-1,614.047,-1,534.637,524.200,732.925,549.713,-1,-1,-1,-1,-1,-1,-1,-1,2,0,2,0,2,0,0,0,0,2,2,2,2,2,2,2,2
60,5386.820,4308.289,-135.846,-22.870,0.921308,0.388715,-0.009579,-0.388610,0.919664,-0.056564,-0.013178,0.055835,0.998353,0,0.49537,0.74446,14.533,-0.036,-1,646.790,-1,625.855,-1,537.269,529.723,693.801,570.442,-1,-1,-1,-1,-1,-1,-1,-1,2,0,2,0,2,0,0,0,0,2,2,2,2,2,2,2,2
61,5400.606,4303.187,-137.493,-22.914,0.921054,0.389306,-0.010050,-0.389329,0.919892,-0.047121,-0.009099,0.047314,0.998839,0,0.49385,0.74903,14.700,-0.044,-1,644.143,-1,635.193,-1,537.849,533.256,652.947,586.559,-1,-1,-1,-1,-1,-1,-1,-1,2,0,2,0,2,0,0,0,0,2,2,2,2,2,2,2,2
62,5414.590,4298.940,-140.421,-22.696,0.922553,0.385696,-0.011574,-0.385829,0.921606,-0.042171,-0.005598,0.043371,0.999043,0,0.49229,0.75374,14.614,0.218,-1,639.364,-1,636.465,-1,535.159,532.088,627.878,588.962,-1,-1,-1,-1,-1,-1,-1,-1,2,0,2,0,2,0,0,0,0,2,2,2,2,2,2,2,2
63,5428.785,4294.646,-144.622,-22.466,0.924104,0.381891,-0.013857,-0.382139,0.923355,-0.037227,-0.001422,0.039697,0.999211,0,0.49166,0.75563,14.831,0.229,-1,632.972,-1,635.766,-1,530.887,529.248,599.774,587.108,-1,-1,-1,-1,-1,-1,-1,-1,2,0,2,0,2,0,0,0,0,2,2,2,2,2,2,2,2
64,5443.133,4290.352,-149.925,-22.244,0.925577,0.378247,-0.015366,-0.378553,0.925029,-0.031911,0.002144,0.035353,0.999373,0,0.49103,0.75753,14.977,0.222,-1,621.902,-1,631.219,-1,523.021,522.997,565.438,582.797,-1,-1,-1,-1,-1,-1,-1,-1,2,0,2,0,2,0,0,0,0,2,2,2,2,2,2,2,2
65,5457.301,4286.907,-155.597,-21.843,0.928209,0.371883,-0.011449,-0.372056,0.927654,-0.032125,-0.001326,0.034079,0.999418,0,0.49035,0.75958,14.581,0.402,-1,596.156,-1,607.014,-1,502.742,503.149,538.726,569.160,-1,-1,-1,-1,-1,-1,-1,-1,2,0,2,0,2,0,0,0,0,2,2,2,2,2,2,2,2
66,5471.259,4284.193,-160.875,-21.233,0.932049,0.362320,-0.003020,-0.362143,0.931259,-0.040116,-0.011722,0.038484,0.999190,0,0.49035,0.75958,14.219,0.609,-1,560.849,-1,565.377,-1,473.294,472.173,529.548,543.062,-1,-1,-1,-1,941.979,-1,-1,-1,2,0,2,0,2,0,0,0,0,2,2,2,2,0,2,2,2
67,5485.276,4281.538,-165.065,-20.592,0.935861,0.352337,0.004715,-0.351627,0.934675,-0.052365,-0.022857,0.047349,0.998617,0,0.49112,0.75726,14.266,0.641,-1,530.736,-1,524.554,-1,446.379,442.880,535.948,512.160,-1,-1,-1,-1,878.640,897.713,-1,-1,2,0,2,0,2,0,0,0,0,2,2,2,2,0,0,2,2
68,5499.087,4279.346,-167.313,-19.935,0.939644,0.342018,0.009644,-0.340795,0.938049,-0.062639,-0.030470,0.055571,0.997990,0,-0.11820,-0.02979,13.984,0.658,-1,512.387,-1,497.647,-1,429.297,423.937,548.967,489.729,-1,-1,-1,-1,840.811,832.175,-1,-1,2,0,2,0,2,0,0,0,0,2,2,2,2,0,0,2,2
69,5511.664,4278.213,-167.319,-19.262,0.943426,0.331303,0.013664,-0.329681,0.941623,-0.068235,-0.035473,0.059870,0.997576,0,-0.11843,-0.03269,12.628,0.673,-1,502.322,-1,484.061,-1,420.406,414.341,560.591,481.878,-1,-1,-1,-1,818.864,798.905,-1,-1,2,0,2,0,2,0,0,0,0,2,2,2,2,0,0,2,2
70,5522.870,4278.092,-165.491,-18.623,0.947021,0.320821,0.015028,-0.319134,0.945243,-0.068338,-0.036130,0.059922,0.997549,0,-0.11872,-0.03632,11.207,0.639,-1,502.309,-1,485.229,-1,420.990,415.482,567.773,487.553,-1,-1,-1,-1,816.855,799.363,-1,-1,2,0,2,0,2,0,0,0,0,2,2,2,2,0,0,2,2
71,5532.913,4278.497,-162.661,-18.067,0.950191,0.311383,0.013330,-0.309961,0.948591,-0.064027,-0.032582,0.056706,0.997859,0,-0.11904,-0.04022,10.051,0.556,-1,510.735,-1,498.065,-1,429.327,424.863,569.626,502.068,-1,-1,-1,-1,832.291,827.740,-1,-1,2,0,2,0,2,0,0,0,0,2,2,2,2,0,0,2,2
72,5542.346,4278.826,-159.735,-17.637,0.952688,0.303832,0.008443,-0.302885,0.951308,-0.057213,-0.025415,0.051949,0.998326,0,-0.11931,-0.04370,9.439,0.430,-1,525.727,-1,519.210,-1,443.310,440.371,567.530,520.399,-1,-1,-1,-1,862.778,879.386,-1,-1,2,0,2,0,2,0,0,0,0,2,2,2,2,0,0,2,2
73,5551.161,4279.087,-157.373,-17.228,0.954989,0.296632,0.002370,-0.296131,0.953782,-0.051059,-0.017406,0.048059,0.998693,0,-0.11950,-0.04600,8.819,0.409,-1,541.996,-1,541.174,-1,457.952,456.357,566.036,535.911,-1,-1,-1,-1,899.469,935.362,-1,-1,2,0,2,0,2,0,0,0,0,2,2,2,2,0,0,2,2
74,5559.361,4279.166,-155.829,-16.844,0.957045,0.289921,-0.003349,-0.289759,0.955978,-0.046320,-0.010227,0.045300,0.998921,0,-0.11967,-0.04819,8.201,0.384,-1,555.659,-1,559.817,-1,469.842,469.723,564.417,546.950,-1,-1,-1,-1,933.294,987.056,-1,-1,2,0,2,0,2,0,0,0,0,2,2,2,2,0,0,2,2
75,5567.021,4278.958,-155.135,-16.518,0.958718,0.284246,-0.007969,-0.284321,0.957771,-0.042862,-0.004551,0.043358,0.999049,0,-0.11983,-0.05017,7.662,0.326,-1,565.337,-1,573.106,-1,478.214,479.235,561.721,553.810,-1,-1,-1,-1,958.891,-1,-1,-1,2,0,2,0,2,0,0,0,0,2,2,2,2,0,2,2,2
76,5574.128,4278.467,-155.203,-16.244,0.960080,0.279519,-0.010747,-0.279723,0.959198,-0.041156,-0.001195,0.042520,0.999095,0,-0.11994,-0.05159,7.125,0.275,-1,569.560,-1,579.141,-1,481.809,483.266,558.966,555.584,-1,-1,-1,-1,973.561,-1,-1,-1,2,0,2,0,2,0,0,0,0,2,2,2,2,0,2,2,2
77,5580.717,4277.741,-155.918,-16.024,0.961146,0.275798,-0.011595,-0.276041,0.960233,-0.041871,-0.000414,0.043445,0.999056,0,-0.12002,-0.05251,6.629,0.220,-1,568.357,-1,577.103,-1,480.448,481.683,558.289,551.565,-1,-1,-1,-1,974.498,-1,-1,-1,2,0,2,0,2,0,0,0,0,2,2,2,2,0,2,2,2
78,5586.801,4276.775,-157.122,-15.845,0.962002,0.272840,-0.010516,-0.273034,0.960949,-0.045047,-0.002186,0.046207,0.998930,0,-0.12005,-0.05290,6.160,0.179,-1,562.154,-1,567.395,-1,474.443,474.899,560.524,542.145,-1,-1,-1,-1,960.303,-1,-1,-1,2,0,2,0,2,0,0,0,0,2,2,2,2,0,2,2,2
79,5592.454,4275.618,-158.586,-15.699,0.962683,0.270507,-0.008217,-0.270573,0.961400,-0.049996,-0.005624,0.050354,0.998716,0,-0.12005,-0.05290,5.770,0.146,-1,553.057,-1,552.992,-1,465.716,464.944,565.502,529.192,-1,-1,-1,-1,938.976,978.569,-1,-1,2,0,2,0,2,0,0,0,0,2,2,2,2,0,0,2,2
80,5597.860,4274.431,-159.887,-15.571,0.963265,0.268466,-0.006754,-0.268428,0.961758,-0.054473,-0.008129,0.054285,0.998492,0,-0.12002,-0.05261,5.535,0.127,-1,546.231,-1,541.360,-1,458.899,456.963,570.716,517.493,-1,-1,-1,-1,924.972,948.417,-1,-1,2,0,2,0,2,0,0,0,0,2,2,2,2,0,0,2,2
81,5603.081,4273.326,-160.776,-15.457,0.963795,0.266558,-0.006859,-0.266504,0.962126,-0.057353,-0.008689,0.057104,0.998330,0,-0.11999,-0.05216,5.336,0.114,-1,543.622,-1,535.468,-1,455.804,453.031,574.468,509.479,-1,-1,-1,-1,921.181,934.294,-1,-1,2,0,2,0,2,0,0,0,0,2,2,2,2,0,0,2,2
82,5608.081,4272.358,-161.121,-15.355,0.964278,0.264758,-0.008447,-0.264792,0.962541,-0.058312,-0.007308,0.058466,0.998263,0,-0.11995,-0.05164,5.093,0.102,-1,545.311,-1,535.696,-1,456.593,453.414,576.418,506.013,-1,-1,-1,-1,927.522,936.559,-1,-1,2,0,2,0,2,0,0,0,0,2,2,2,2,0,0,2,2
83,5612.847,4271.521,-160.974,-15.265,0.964707,0.263103,-0.010790,-0.263281,0.962995,-0.057656,-0.004779,0.058462,0.998278,0,-0.11990,-0.05109,4.839,0.090,-1,549.714,-1,540.313,-1,460.063,456.816,576.481,506.611,-1,-1,-1,-1,942.972,950.437,-1,-1,2,0,2,0,2,0,0,0,0,2,2,2,2,0,0,2,2
84,5617.336,4270.798,-160.501,-15.186,0.965077,0.261642,-0.013054,-0.261959,0.963451,-0.056033,-0.002084,0.057496,0.998344,0,-0.11986,-0.05052,4.547,0.079,-1,554.766,-1,546.790,-1,464.410,461.443,575.070,509.955,-1,-1,-1,-1,960.490,969.776,-1,-1,2,0,2,0,2,0,0,0,0,2,2,2,2,0,0,2,2
85,5621.509,4270.175,-159.904,-15.115,0.965406,0.260345,-0.014588,-0.260753,0.963879,-0.054271,-0.000069,0.056198,0.998420,0,-0.11981,-0.04994,4.220,0.072,-1,558.644,-1,552.536,-1,467.981,465.469,573.151,514.079,-1,-1,-1,-1,973.737,987.276,-1,-1,2,0,2,0,2,0,0,0,0,2,2,2,2,0,0,2,2
86,5625.362,4269.601,-159.355,-15.049,0.965703,0.259206,-0.015181,-0.259648,0.964251,-0.052940,0.000916,0.055066,0.998482,0,-0.11977,-0.04940,3.895,0.066,-1,560.498,-1,556.042,-1,469.918,467.808,571.345,517.628,-1,-1,-1,-1,980.228,997.926,-1,-1,2,0,2,0,2,0,0,0,0,2,2,2,2,0,0,2,2
87,5628.909,4269.028,-158.974,-14.993,0.965955,0.258272,-0.015040,-0.258708,0.964539,-0.052303,0.000998,0.054413,0.998518,0,-0.11973,-0.04889,3.593,0.056,-1,560.485,-1,557.091,-1,470.209,468.343,570.225,519.720,-1,-1,-1,-1,980.794,1000.998,-1,-1,2,0,2,0,2,0,0,0,0,2,2,2,2,0,0,2,2
88,5632.177,4268.444,-158.809,-14.944,0.966176,0.257472,-0.014528,-0.257881,0.964758,-0.052345,0.000539,0.054321,0.998523,0,-0.11968,-0.04835,3.320,0.049,-1,559.259,-1,556.149,-1,469.325,467.517,569.886,520.074,-1,-1,-1,-1,977.805,998.311,-1,-1,2,0,2,0,2,0,0,0,0,2,2,2,2,0,0,2,2
89,5635.189,4267.855,-158.846,-14.899,0.966379,0.256741,-0.013983,-0.257121,0.964932,-0.052874,-0.000082,0.054691,0.998503,0,-0.11964,-0.04781,3.069,0.045,-1,557.557,-1,554.085,-1,467.877,465.976,570.156,518.961,-1,-1,-1,-1,973.712,992.632,-1,-1,2,0,2,0,2,0,0,0,0,2,2,2,2,0,0,2,2
90,5637.975,4267.292,-159.035,-14.858,0.966565,0.256055,-0.013716,-0.256421,0.965075,-0.053644,-0.000499,0.055367,0.998466,0,-0.11960,-0.04728,2.843,0.041,-1,556.135,-1,551.899,-1,466.518,464.424,570.818,516.868,-1,-1,-1,-1,970.918,986.932,-1,-1,2,0,2,0,2,0,0,0,0,2,2,2,2,0,0,2,2
91,5641.109,4266.579,-159.311,-14.805,0.966801,0.255068,-0.015382,-0.255529,0.965301,-0.053846,0.001114,0.055989,0.998431,0,0.73409,0.76505,3.214,0.053,-1,558.522,-1,553.716,-1,468.112,465.843,571.215,514.836,-1,-1,-1,-1,981.306,993.805,-1,-1,2,0,2,0,2,0,0,0,0,2,2,2,2,0,0,2,2
92,5645.360,4265.667,-159.613,-14.720,0.967163,0.253371,-0.019961,-0.254093,0.965690,-0.053656,0.005681,0.056966,0.998360,0,0.73383,0.76558,4.348,0.085,-1,566.959,-1,561.334,-1,474.202,471.700,572.813,512.262,-1,-1,-1,-1,-1,-1,-1,-1,2,0,2,0,2,0,0,0,0,2,2,2,2,2,2,2,2
93,5650.576,4264.675,-159.875,-14.599,0.967658,0.251019,-0.025070,-0.252038,0.966233,-0.053586,0.010773,0.058172,0.998248,0,0.73355,0.76615,5.309,0.121,-1,576.609,-1,570.014,-1,481.069,478.396,575.240,509.334,-1,-1,-1,-1,-1,-1,-1,-1,2,0,2,0,2,0,0,0,0,2,2,2,2,2,2,2,2
94,5656.573,4263.677,-160.009,-14.443,0.968297,0.248158,-0.028601,-0.249390,0.966911,-0.053736,0.014320,0.059166,0.998145,0,0.73331,0.76664,6.079,0.156,-1,583.122,-1,575.623,-1,485.602,482.826,577.271,506.943,-1,-1,-1,-1,-1,-1,-1,-1,2,0,2,0,2,0,0,0,0,2,2,2,2,2,2,2,2
95,5663.226,4262.726,-159.934,-14.253,0.969102,0.244886,-0.029551,-0.246183,0.967716,-0.054035,0.015364,0.059640,0.998102,0,0.73314,0.76700,6.720,0.189,-1,584.285,-1,576.496,-1,486.274,483.544,578.149,505.755,-1,-1,-1,-1,-1,-1,-1,-1,2,0,2,0,2,0,0,0,0,2,2,2,2,2,2,2,2
96,5670.602,4261.828,-159.696,-14.032,0.970057,0.241171,-0.028742,-0.242432,0.968641,-0.054421,0.014716,0.059759,0.998104,0,0.73304,0.76719,7.431,0.222,-1,581.756,-1,574.186,-1,484.296,481.710,578.324,505.321,-1,-1,-1,-1,-1,-1,-1,-1,2,0,2,0,2,0,0,0,0,2,2,2,2,2,2,2,2
97,5678.756,4260.990,-159.367,-13.772,0.971163,0.236849,-0.027289,-0.238033,0.969715,-0.054715,0.013503,0.059633,0.998129,0,0.73301,0.76725,8.197,0.260,-1,577.855,-1,570.885,-1,481.375,478.927,578.013,505.434,-1,-1,-1,-1,-1,-1,-1,-1,2,0,2,0,2,0,0,0,0,2,2,2,2,2,2,2,2
98,5687.755,4260.202,-159.072,-13.466,0.972427,0.231693,-0.026518,-0.232844,0.970953,-0.055075,0.012987,0.059731,0.998130,0,0.73307,0.76713,9.033,0.306,-1,575.211,-1,568.656,-1,479.353,476.985,578.290,504.983,-1,-1,-1,-1,-1,-1,-1,-1,2,0,2,0,2,0,0,0,0,2,2,2,2,2,2,2,2
99,5697.576,4259.494,-158.864,-13.110,0.973847,0.225620,-0.026796,-0.226804,0.972351,-0.055621,0.013506,0.060244,0.998092,0,0.73324,0.76679,9.846,0.356,-1,574.518,-1,567.941,-1,478.675,476.269,579.566,503.499,-1,-1,-1,-1,-1,-1,-1,-1,2,0,2,0,2,0,0,0,0,2,2,2,2,2,2,2,2
100,5708.134,4258.974,-158.736,-12.697,0.975435,0.218499,-0.028030,-0.219777,0.973931,-0.056186,0.015023,0.060966,0.998027,0,0.73354,0.76618,10.571,0.413,-1,575.575,-1,568.806,-1,479.256,476.764,581.338,501.099,-1,-1,-1,-1,-1,-1,-1,-1,2,0,2,0,2,0,0,0,0,2,2,2,2,2,2,2,2
101,5721.579,4258.799,-158.659,-12.113,0.977591,0.208377,-0.029905,-0.209801,0.976074,-0.057125,0.017286,0.062119,0.997919,0,0.73403,0.76517,13.446,0.585,-1,577.370,-1,570.127,-1,480.286,477.615,584.257,496.985,-1,-1,-1,-1,-1,-1,-1,-1,2,0,2,0,2,0,0,0,0,2,2,2,2,2,2,2,2
102,5730.941,4258.800,-158.644,-11.709,0.979019,0.201396,-0.031013,-0.202902,0.977527,-0.057200,0.018796,0.062292,0.997881,0,0.73501,0.76317,9.362,0.404,-1,577.966,-1,571.285,-1,480.751,478.211,584.319,495.204,-1,-1,-1,-1,-1,-1,-1,-1,2,0,2,0,2,0,0,0,0,2,2,2,2,2,2,2,2
103,5743.153,4258.799,-158.647,-11.211,0.980706,0.192786,-0.032388,-0.194380,0.979284,-0.056733,0.020780,0.061934,0.997864,0,0.73568,0.76181,12.212,0.498,-1,578.403,-1,573.352,-1,481.291,479.120,582.096,493.908,-1,-1,-1,-1,-1,-1,-1,-1,2,0,2,0,2,0,0,0,0,2,2,2,2,2,2,2,2
104,5755.842,4259.000,-158.623,-10.668,0.982471,0.183389,-0.033463,-0.185063,0.981089,-0.056704,0.022431,0.061903,0.997830,0,0.73639,0.76037,12.691,0.543,-1,578.192,-1,574.073,-1,481.117,479.345,580.846,491.828,-1,-1,-1,-1,-1,-1,-1,-1,2,0,2,0,2,0,0,0,0,2,2,2,2,2,2,2,2
105,5768.972,4259.417,-158.534,-10.087,0.984264,0.173344,-0.034294,-0.175092,0.982896,-0.057087,0.023811,0.062193,0.997780,0,0.73726,0.75859,13.136,0.581,-1,577.578,-1,573.915,-1,480.534,479.088,580.776,489.182,-1,-1,-1,-1,-1,-1,-1,-1,2,0,2,0,2,0,0,0,0,2,2,2,2,2,2,2,2
106,5782.406,4260.023,-158.347,-9.479,0.986042,0.162844,-0.034678,-0.164643,0.984671,-0.057584,0.024769,0.062490,0.997738,0,0.61454,0.43817,13.448,0.608,-1,576.171,-1,572.855,-1,479.089,478.063,581.277,486.612,-1,-1,-1,-1,-1,-1,-1,-1,2,0,2,0,2,0,0,0,0,2,2,2,2,2,2,2,2
107,5796.062,4260.743,-158.070,-8.867,0.987733,0.152283,-0.034547,-0.154096,0.986359,-0.057878,0.025262,0.062491,0.997726,0,0.61544,0.43596,13.675,0.612,-1,573.741,-1,571.159,-1,476.978,476.447,581.205,484.682,-1,-1,-1,-1,-1,-1,-1,-1,2,0,2,0,2,0,0,0,0,2,2,2,2,2,2,2,2
108,5810.045,4261.239,-157.734,-8.320,0.989146,0.142855,-0.034381,-0.144654,0.987826,-0.057229,0.025787,0.061581,0.997769,0,0.61632,0.43380,13.992,0.547,-1,571.050,-1,570.457,-1,475.018,475.228,578.649,484.639,-1,-1,-1,-1,-1,-1,-1,-1,2,0,2,0,2,0,0,0,0,2,2,2,2,2,2,2,2
109,5824.442,4261.726,-157.237,-7.794,0.990398,0.133735,-0.035023,-0.135566,0.989154,-0.056541,0.027082,0.060746,0.997786,0,0.61683,0.43255,14.405,0.526,-1,570.463,-1,571.852,-1,474.669,475.586,576.814,484.893,-1,-1,-1,-1,-1,-1,-1,-1,2,0,2,0,2,0,0,0,0,2,2,2,2,2,2,2,2
110,5842.354,4262.211,-156.599,-7.194,0.991703,0.123265,-0.036487,-0.125175,0.990567,-0.055752,0.029270,0.059857,0.997778,0,0.61716,0.43173,17.919,0.600,-1,571.283,-1,574.750,-1,475.385,476.749,574.945,485.052,-1,-1,-1,-1,-1,-1,-1,-1,2,0,2,0,2,0,0,0,0,2,2,2,2,2,2,2,2
111,5854.673,4262.412,-156.211,-6.823,0.992441,0.116781,-0.037713,-0.118750,0.991398,-0.055024,0.030963,0.059086,0.997773,0,0.61729,0.43142,12.320,0.371,-1,572.139,-1,577.177,-1,476.160,477.888,572.983,485.409,-1,-1,-1,-1,-1,-1,-1,-1,2,0,2,0,2,0,0,0,0,2,2,2,2,2,2,2,2
112,5870.422,4262.538,-155.895,-6.399,0.993206,0.109329,-0.039855,-0.111384,0.992330,-0.053612,0.033688,0.057687,0.997766,0,0.61715,0.43175,15.750,0.424,-1,573.845,-1,581.519,-1,477.725,480.086,568.726,486.367,-1,-1,-1,-1,-1,-1,-1,-1,2,0,2,0,2,0,0,0,0,2,2,2,2,2,2,2,2
113,5886.545,4262.691,-155.576,-5.992,0.993899,0.102181,-0.041509,-0.104330,0.993108,-0.053404,0.035766,0.057409,0.997710,0,0.61672,0.43282,16.124,0.406,-1,575.060,-1,583.932,-1,478.374,480.922,567.237,485.190,-1,-1,-1,-1,-1,-1,-1,-1,2,0,2,0,2,0,0,0,0,2,2,2,2,2,2,2,2
114,5902.984,4262.887,-155.128,-5.561,0.994621,0.094601,-0.042191,-0.096838,0.993804,-0.054561,0.036768,0.058353,0.997619,0,0.61611,0.43431,16.441,0.432,-1,575.336,-1,583.187,-1,477.615,479.938,569.271,481.936,-1,-1,-1,-1,-1,-1,-1,-1,2,0,2,0,2,0,0,0,0,2,2,2,2,2,2,2,2
115,5919.729,4263.259,-154.456,-5.107,0.995341,0.086629,-0.042326,-0.088949,0.994438,-0.056407,0.037204,0.059909,0.997510,0,0.61552,0.43576,16.749,0.454,-1,575.239,-1,581.175,-1,476.395,478.363,573.648,477.969,-1,-1,-1,-1,-1,-1,-1,-1,2,0,2,0,2,0,0,0,0,2,2,2,2,2,2,2,2
116,5936.753,4263.789,-153.534,-4.640,0.996029,0.078482,-0.042035,-0.080843,0.995051,-0.057768,0.037293,0.060937,0.997445,0,0.61495,0.43715,17.032,0.466,-1,574.562,-1,579.644,-1,474.981,476.769,577.450,475.528,-1,-1,-1,-1,-1,-1,-1,-1,2,0,2,0,2,0,0,0,0,2,2,2,2,2,2,2,2
117,5954.091,4264.556,-152.437,-4.157,0.996669,0.070038,-0.041792,-0.072432,0.995638,-0.058811,0.037490,0.061642,0.997394,0,0.61436,0.43860,17.355,0.484,-1,574.251,-1,579.078,-1,474.015,475.697,580.448,474.149,-1,-1,-1,-1,-1,-1,-1,-1,2,0,2,0,2,0,0,0,0,2,2,2,2,2,2,2,2
118,5971.806,4265.641,-151.363,-3.640,0.997246,0.060996,-0.042188,-0.063445,0.996217,-0.059387,0.038407,0.061900,0.997343,0,0.61377,0.44006,17.748,0.516,-1,575.009,-1,580.316,-1,473.982,475.705,581.756,473.500,-1,-1,-1,-1,-1,-1,-1,-1,2,0,2,0,2,0,0,0,0,2,2,2,2,2,2,2,2
119,5989.854,4266.990,-150.335,-3.112,0.997739,0.051751,-0.042886,-0.054238,0.996783,-0.059013,0.039694,0.061205,0.997336,0,0.61323,0.44136,18.098,0.529,-1,575.689,-1,582.913,-1,474.567,476.467,580.318,474.380,-1,-1,-1,-1,-1,-1,-1,-1,2,0,2,0,2,0,0,0,0,2,2,2,2,2,2,2,2
120,6008.081,4269.002,-149.380,-2.479,0.998216,0.040627,-0.043760,-0.043212,0.997272,-0.059844,0.041210,0.061628,0.997248,0,0.61267,0.44274,18.338,0.633,-1,577.241,-1,584.656,-1,475.458,477.367,582.082,472.864,-1,-1,-1,-1,-1,-1,-1,-1,2,0,2,0,2,0,0,0,0,2,2,2,2,2,2,2,2
121,6026.154,4271.970,-148.386,-1.666,0.998685,0.026346,-0.043990,-0.029039,0.997669,-0.061750,0.042260,0.062947,0.997122,0,0.61253,0.44308,18.315,0.813,-1,579.309,-1,584.852,-1,475.206,476.938,587.220,469.538,-1,-1,-1,-1,-1,-1,-1,-1,2,0,2,0,2,0,0,0,0,2,2,2,2,2,2,2,2
122,6044.289,4275.332,-147.343,-0.841,0.998958,0.011941,-0.044061,-0.014668,0.997962,-0.062107,0.043229,0.062689,0.997096,0,0.61323,0.44137,18.444,0.824,-1,579.990,-1,587.740,-1,474.529,476.689,588.216,469.242,-1,-1,-1,-1,-1,-1,-1,-1,2,0,2,0,2,0,0,0,0,2,2,2,2,2,2,2,2
123,6062.131,4279.649,-146.283,0.127,0.999035,-0.004986,-0.043645,0.002207,0.997979,-0.063507,0.043873,0.063350,0.997027,0,0.61395,0.43961,18.358,0.968,-1,580.070,-1,588.531,-1,473.105,475.217,592.522,467.160,-1,-1,-1,-1,-1,-1,-1,-1,2,0,2,0,2,0,0,0,0,2,2,2,2,2,2,2,2
124,6079.343,4284.943,-145.100,1.229,0.998795,-0.024202,-0.042684,0.021421,0.997690,-0.064462,0.044146,0.063470,0.997007,0,0.61538,0.43611,18.008,1.102,-1,578.370,-1,588.711,-1,470.931,472.839,596.511,466.146,-1,-1,-1,-1,-1,-1,-1,-1,2,0,2,0,2,0,0,0,0,2,2,2,2,2,2,2,2
125,6096.628,4290.388,-143.861,2.234,0.998176,-0.041716,-0.043633,0.038946,0.997284,-0.062512,0.046123,0.060699,0.997090,0,0.61754,0.43080,18.122,1.006,-1,579.078,-1,596.227,-1,471.511,474.537,592.271,470.603,-1,-1,-1,-1,-1,-1,-1,-1,2,0,2,0,2,0,0,0,0,2,2,2,2,2,2,2,2
126,6113.999,4295.960,-142.601,3.131,0.997266,-0.057359,-0.046579,0.054552,0.996739,-0.059451,0.049837,0.056748,0.997144,0,0.61926,0.42661,18.243,0.897,-1,583.598,-1,612.297,-1,476.306,481.653,584.599,477.770,-1,-1,-1,-1,-1,-1,-1,-1,2,0,2,0,2,0,0,0,0,2,2,2,2,2,2,2,2
127,6131.489,4301.422,-141.349,3.951,0.996175,-0.071609,-0.050083,0.068805,0.996077,-0.055638,0.053871,0.051979,0.997194,0,0.62045,0.42369,18.323,0.820,-1,588.568,-1,631.434,-1,482.323,489.830,574.687,486.635,-1,-1,-1,-1,-1,-1,-1,-1,2,0,2,0,2,0,0,0,0,2,2,2,2,2,2,2,2
128,6149.252,4306.626,-140.177,4.663,0.995012,-0.083983,-0.053837,0.081162,0.995311,-0.052615,0.058003,0.047983,0.997163,0,0.62120,0.42185,18.510,0.712,-1,594.957,-1,650.159,-1,488.651,498.280,566.962,494.198,-1,-1,-1,-1,-1,-1,-1,-1,2,0,2,0,2,0,0,0,0,2,2,2,2,2,2,2,2
129,6166.952,4311.821,-139.092,5.389,0.993751,-0.096628,-0.055877,0.093753,0.994238,-0.051970,0.060577,0.046406,0.997084,0,0.32355,0.02811,18.447,0.726,-1,599.443,-1,661.608,-1,492.204,502.994,564.872,497.050,-1,-1,-1,-1,-1,-1,-1,-1,2,0,2,0,2,0,0,0,0,2,2,2,2,2,2,2,2
130,6184.546,4316.489,-138.017,5.998,0.992656,-0.107142,-0.056171,0.104295,0.993218,-0.051392,0.061296,0.045157,0.997098,0,0.32360,0.02785,18.203,0.608,-1,599.600,-1,667.235,-1,492.596,504.343,563.046,499.313,-1,-1,-1,-1,-1,-1,-1,-1,2,0,2,0,2,0,0,0,0,2,2,2,2,2,2,2,2
131,6202.294,4320.287,-136.953,6.376,0.991923,-0.113626,-0.056381,0.110835,0.992561,-0.050389,0.061687,0.043733,0.997137,0,0.32333,0.02915,18.150,0.378,-1,599.671,-1,673.036,-1,493.028,506.532,560.103,502.204,-1,-1,-1,-1,-1,-1,-1,-1,2,0,2,0,2,0,0,0,0,2,2,2,2,2,2,2,2
132,6220.080,4323.538,-135.837,6.635,0.991384,-0.118136,-0.056590,0.115325,0.992037,-0.050624,0.062120,0.043662,0.997113,0,0.32242,0.03342,18.080,0.260,-1,601.680,-1,678.299,-1,494.879,509.243,559.076,502.860,-1,-1,-1,-1,-1,-1,-1,-1,2,0,2,0,2,0,0,0,0,2,2,2,2,2,2,2,2
133,6237.846,4326.444,-134.698,6.833,0.990956,-0.121643,-0.056648,0.118738,0.991557,-0.052110,0.062508,0.044912,0.997033,0,0.32116,0.03935,18.002,0.197,-1,605.044,-1,682.356,-1,497.387,511.916,560.977,501.145,-1,-1,-1,-1,-1,-1,-1,-1,2,0,2,0,2,0,0,0,0,2,2,2,2,2,2,2,2
134,6255.558,4329.225,-133.511,7.006,0.990553,-0.124806,-0.056813,0.121736,0.991058,-0.054636,0.063124,0.047204,0.996889,0,0.31969,0.04628,17.929,0.174,-1,610.183,-1,686.290,-1,500.781,515.099,565.617,497.680,-1,-1,-1,-1,-1,-1,-1,-1,2,0,2,0,2,0,0,0,0,2,2,2,2,2,2,2,2
135,6273.272,4331.879,-132.289,7.148,0.990139,-0.127469,-0.058111,0.124167,0.990607,-0.057275,0.064866,0.049495,0.996666,0,0.31810,0.05373,17.913,0.141,-1,618.598,-1,694.448,-1,506.768,520.967,570.466,494.272,-1,-1,-1,-1,-1,-1,-1,-1,2,0,2,0,2,0,0,0,0,2,2,2,2,2,2,2,2
136,6290.950,4334.542,-131.078,7.274,0.989722,-0.129869,-0.059875,0.126335,0.990203,-0.059472,0.067012,0.051297,0.996433,0,0.31638,0.06182,17.877,0.126,-1,627.840,-1,704.670,-1,513.882,527.796,574.099,491.893,-1,-1,-1,-1,-1,-1,-1,-1,2,0,2,0,2,0,0,0,0,2,2,2,2,2,2,2,2
137,6308.562,4337.266,-129.939,7.396,0.989298,-0.132168,-0.061821,0.128426,0.989839,-0.061040,0.069261,0.052447,0.996219,0,0.31458,0.07031,17.821,0.122,-1,636.760,-1,715.938,-1,520.903,534.826,575.862,490.710,-1,-1,-1,-1,-1,-1,-1,-1,2,0,2,0,2,0,0,0,0,2,2,2,2,2,2,2,2
138,6326.076,4340.004,-128.767,7.492,0.988915,-0.133945,-0.064082,0.130059,0.989603,-0.061405,0.071640,0.052390,0.996054,0,0.31272,0.07905,17.726,0.096,-1,645.576,-1,729.317,-1,528.116,542.835,574.544,491.952,-1,-1,-1,-1,-1,-1,-1,-1,2,0,2,0,2,0,0,0,0,2,2,2,2,2,2,2,2
139,6343.486,4342.780,-127.606,7.581,0.988577,-0.135544,-0.065903,0.131579,0.989415,-0.061193,0.073500,0.051823,0.995948,0,0.31076,0.08828,17.631,0.089,-1,652.435,-1,741.434,-1,534.148,550.079,571.981,494.090,-1,-1,-1,-1,-1,-1,-1,-1,2,0,2,0,2,0,0,0,0,2,2,2,2,2,2,2,2
140,6360.669,4345.600,-126.393,7.695,0.988210,-0.137571,-0.067194,0.133532,0.989146,-0.061322,0.074901,0.051627,0.995854,0,0.30874,0.09778,17.413,0.114,-1,658.053,-1,751.571,-1,539.335,556.252,570.133,495.603,-1,-1,-1,-1,-1,-1,-1,-1,2,0,2,0,2,0,0,0,0,2,2,2,2,2,2,2,2
141,6377.147,4348.249,-124.612,7.836,0.987572,-0.140358,-0.070718,0.135904,0.988633,-0.064303,0.078939,0.053893,0.995422,0,0.30675,0.10714,16.690,0.140,-1,675.684,-1,771.183,-1,552.529,569.202,576.908,494.100,-1,-1,-1,-1,-1,-1,-1,-1,2,0,2,0,2,0,0,0,0,2,2,2,2,2,2,2,2
142,6393.147,4350.389,-122.167,7.897,0.986829,-0.142152,-0.077208,0.136881,0.988128,-0.069759,0.086208,0.058272,0.994572,0,0.30484,0.11611,16.143,0.061,-1,709.065,-1,802.796,-1,576.363,592.159,591.391,490.909,-1,-1,-1,-1,-1,-1,-1,-1,2,0,2,0,2,0,0,0,0,2,2,2,2,2,2,2,2
143,6408.881,4352.276,-119.225,7.935,0.985907,-0.143875,-0.085369,0.137411,0.987491,-0.077323,0.095426,0.064503,0.993344,0,0.30275,0.12595,15.846,0.038,-1,755.324,-1,843.352,-1,607.669,622.708,613.121,486.037,-1,-1,-1,-1,-1,-1,-1,-1,2,0,2,0,2,0,0,0,0,2,2,2,2,2,2,2,2
144,6424.380,4353.720,-115.860,7.850,0.985111,-0.143406,-0.094823,0.135822,0.987322,-0.082141,0.105400,0.068038,0.992100,0,0.30058,0.13616,15.567,-0.084,-1,807.061,-1,891.014,-1,643.781,659.090,629.348,487.742,-1,1003.362,982.874,-1,-1,-1,-1,-1,2,0,2,0,2,0,0,0,0,2,0,0,2,2,2,2,2
145,6442.837,4355.172,-111.529,7.588,0.984415,-0.139498,-0.107084,0.131146,0.988011,-0.081460,0.117163,0.066147,0.990907,0,0.44303,0.25776,18.514,-0.262,-1,867.922,-1,959.242,-1,689.789,708.380,632.386,502.311,-1,929.974,919.048,-1,-1,-1,-1,-1,2,0,2,0,2,0,0,0,0,2,0,0,2,2,2,2,2
146,6455.091,4356.250,-108.930,7.401,0.984176,-0.136199,-0.113343,0.127841,0.988720,-0.078041,0.122693,0.062316,0.990486,0,0.43804,0.27358,12.302,-0.187,-1,896.455,-1,997.610,-1,713.949,735.251,626.019,516.065,-1,903.670,896.304,-1,-1,-1,-1,-1,2,0,2,0,2,0,0,0,0,2,0,0,2,2,2,2,2
147,6470.265,4357.618,-106.281,7.148,0.984295,-0.131243,-0.118061,0.123435,0.989794,-0.071215,0.126202,0.055524,0.990449,0,0.43463,0.28435,15.235,-0.253,-1,913.578,-1,-1,-1,732.195,757.567,610.206,535.710,-1,890.479,890.683,-1,-1,-1,-1,-1,2,0,2,2,2,0,0,0,0,2,0,0,2,2,2,2,2
148,6485.324,4359.058,-104.422,6.913,0.984738,-0.126355,-0.119690,0.119399,0.990805,-0.063636,0.126630,0.048374,0.990770,0,0.43029,0.29808,15.128,-0.235,-1,913.393,-1,-1,-1,738.625,767.715,591.744,554.346,-1,896.624,903.069,-1,-1,-1,-1,-1,2,0,2,2,2,0,0,0,0,2,0,0,2,2,2,2,2
149,6500.312,4360.537,-103.437,6.714,0.985417,-0.122054,-0.118561,0.116005,0.991630,-0.056674,0.124486,0.042094,0.991328,0,0.42599,0.31171,15.061,-0.199,-1,899.177,-1,-1,-1,734.242,766.402,573.738,569.012,-1,918.457,929.299,-1,-1,-1,-1,-1,2,0,2,2,2,0,0,0,0,2,0,0,2,2,2,2,2
150,6515.260,4362.082,-103.407,6.559,0.986248,-0.118682,-0.115018,0.113390,0.992213,-0.051533,0.120238,0.037783,0.992026,0,0.42175,0.32512,15.027,-0.155,-1,874.977,-1,-1,-1,720.622,754.515,557.947,576.565,-1,953.825,966.628,-1,-1,-1,-1,-1,2,0,2,2,2,0,0,0,0,2,0,0,2,2,2,2,2
151,6530.194,4363.917,-104.302,6.543,0.987015,-0.118068,-0.108913,0.113212,0.992324,-0.049762,0.113953,0.036785,0.992805,0,0.41761,0.33823,15.046,-0.015,-1,843.232,-1,1005.930,-1,698.250,731.851,547.311,573.458,-1,1003.756,-1,-1,-1,-1,-1,-1,2,0,2,0,2,0,0,0,0,2,0,2,2,2,2,2,2
152,6545.094,4365.822,-106.050,6.587,0.987896,-0.118596,-0.099981,0.114074,0.992222,-0.049819,0.105112,0.037810,0.993741,0,0.41387,0.35006,15.021,0.044,-1,802.145,-1,956.812,-1,667.085,699.065,538.859,562.894,-1,-1,-1,-1,-1,-1,-1,-1,2,0,2,0,2,0,0,0,0,2,2,2,2,2,2,2,2
153,6562.915,4368.095,-109.104,6.674,0.989111,-0.119858,-0.085401,0.115747,0.991938,-0.051582,0.090895,0.041135,0.995011,0,0.41027,0.36145,17.966,0.088,-1,742.866,-1,881.441,-1,620.003,649.010,530.038,542.479,-1,-1,-1,-1,-1,-1,-1,-1,2,0,2,0,2,0,0,0,0,2,2,2,2,2,2,2,2
154,6574.759,4369.399,-111.246,6.734,0.989792,-0.120870,-0.075509,0.116865,0.991602,-0.055384,0.081570,0.045995,0.995606,0,0.40601,0.37496,11.916,0.059,-1,708.874,-1,832.324,-1,591.262,617.333,529.608,523.277,-1,-1,-1,-1,-1,-1,-1,-1,2,0,2,0,2,0,0,0,0,2,2,2,2,2,2,2,2
155,6589.354,4370.747,-113.198,6.827,0.990154,-0.122829,-0.067149,0.118539,0.990851,-0.064525,0.074461,0.055930,0.995654,0,0.40312,0.38410,14.657,0.093,-1,688.538,-1,787.943,-1,570.242,591.674,540.869,494.999,-1,-1,-1,-1,-1,-1,-1,-1,2,0,2,0,2,0,0,0,0,2,2,2,2,2,2,2,2
156,6603.987,4371.808,-113.628,6.869,0.990043,-0.124290,-0.066077,0.119264,0.990008,-0.075239,0.074768,0.066609,0.994974,0,0.39956,0.39534,14.671,0.042,-1,697.644,-1,774.426,-1,571.163,588.389,560.070,471.847,-1,-1,-1,-1,-1,-1,-1,-1,2,0,2,0,2,0,0,0,0,2,2,2,2,2,2,2,2
157,6618.554,4372.857,-112.302,6.873,0.989657,-0.125288,-0.069869,0.119281,0.989269,-0.084378,0.079690,0.075172,0.993981,0,0.39578,0.40731,14.604,0.004,-1,726.130,-1,784.120,-1,587.398,601.599,581.182,458.822,-1,-1,-1,-1,-1,-1,-1,-1,2,0,2,0,2,0,0,0,0,2,2,2,2,2,2,2,2
158,6632.958,4374.258,-109.468,6.910,0.989053,-0.126818,-0.075439,0.119870,0.988662,-0.090438,0.086052,0.080405,0.993041,0,0.39186,0.41000,14.473,0.038,-1,763.876,-1,806.531,-1,610.829,623.499,599.928,456.074,-1,-1,-1,-1,-1,-1,-1,-1,2,0,2,0,2,0,0,0,0,2,2,2,2,2,2,2,2
159,6647.293,4376.023,-105.930,6.991,0.988441,-0.128790,-0.079979,0.121205,0.988225,-0.093388,0.091065,0.082615,0.992412,0,0.38807,0.41000,14.443,0.081,-1,797.561,-1,830.249,-1,632.643,644.319,613.376,460.196,-1,-1,-1,-1,-1,-1,-1,-1,2,0,2,0,2,0,0,0,0,2,2,2,2,2,2,2,2
160,6661.531,4378.029,-102.350,7.083,0.988086,-0.130433,-0.081693,0.122780,0.988105,-0.092597,0.092799,0.081464,0.992347,0,0.38440,0.41000,14.378,0.092,-1,815.172,-1,846.661,-1,645.980,657.418,617.491,469.898,-1,-1,-1,-1,-1,-1,-1,-1,2,0,2,0,2,0,0,0,0,2,2,2,2,2,2,2,2
161,6675.657,4380.301,-99.245,7.181,0.988039,-0.131618,-0.080350,0.124480,0.988294,-0.088198,0.091018,0.077141,0.992857,0,0.38077,0.41000,14.308,0.097,-1,813.169,-1,852.552,-1,648.054,660.771,610.998,483.736,-1,-1,-1,-1,-1,-1,-1,-1,2,0,2,0,2,0,0,0,0,2,2,2,2,2,2,2,2
162,6689.728,4382.780,-96.980,7.268,0.988216,-0.132305,-0.076968,0.126025,0.988680,-0.081426,0.086870,0.070767,0.993703,0,0.37716,0.41000,14.288,0.087,-1,796.750,-1,849.749,-1,641.157,656.235,348.838,499.459,-1,-1,-1,-1,-1,-1,-1,-1,2,0,2,0,2,0,0,1,0,2,2,2,2,2,2,2,2
163,6703.850,4385.459,-95.762,7.353,0.988455,-0.132897,-0.072768,0.127546,0.989081,-0.073829,0.081786,0.063695,0.994613,0,0.37349,0.41000,14.374,0.085,-1,773.168,-1,841.166,-1,629.057,646.772,356.266,514.159,-1,-1,-1,-1,-1,-1,-1,-1,2,0,2,0,2,0,0,1,0,2,2,2,2,2,2,2,2
164,6718.138,4388.245,-95.708,7.422,0.988691,-0.133287,-0.068740,0.128802,0.989470,-0.066025,0.076816,0.056425,0.995447,0,0.36977,0.41000,14.557,0.070,-1,746.990,-1,829.688,-1,614.428,634.835,361.917,526.883,-1,-1,-1,-1,-1,-1,-1,-1,2,0,2,0,2,0,0,1,0,2,2,2,2,2,2,2,2
165,6732.668,4391.024,-96.735,7.464,0.988883,-0.133344,-0.065797,0.129565,0.989831,-0.058717,0.072957,0.049540,0.996104,0,0.36592,0.41000,14.794,0.042,-1,722.579,-1,818.368,-1,600.089,623.028,366.709,536.760,-1,-1,-1,-1,-1,-1,-1,-1,2,0,2,0,2,0,0,1,0,2,2,2,2,2,2,2,2
166,6747.458,4393.579,-98.226,7.487,0.988982,-0.133400,-0.064182,0.129973,0.989995,-0.054923,0.070866,0.045976,0.996426,0,0.36188,0.41000,15.009,0.022,-1,706.590,-1,808.031,-1,589.611,613.765,372.045,538.681,-1,-1,-1,-1,-1,-1,-1,-1,2,0,2,0,2,0,0,1,0,2,2,2,2,2,2,2,2
167,6762.295,4395.815,-99.635,7.507,0.989026,-0.133670,-0.062927,0.130324,0.989968,-0.054587,0.069592,0.045787,0.996524,0,0.35768,0.41000,15.004,0.020,-1,697.143,-1,797.063,-1,582.038,606.064,377.835,533.686,-1,-1,-1,-1,-1,-1,-1,-1,2,0,2,0,2,0,0,1,0,2,2,2,2,2,2,2,2
168,6776.869,4397.938,-99.969,7.499,0.988898,-0.133545,-0.065167,0.130168,0.990042,-0.053604,0.071677,0.044526,0.996434,0,0.35345,0.41000,14.727,-0.008,-1,700.965,-1,801.888,-1,584.971,609.388,383.799,534.494,-1,-1,-1,-1,-1,-1,-1,-1,2,0,2,0,2,0,0,1,0,2,2,2,2,2,2,2,2
169,6791.071,4400.099,-98.839,7.497,0.988559,-0.133511,-0.070184,0.130097,0.990179,-0.051181,0.076328,0.041465,0.996220,0,0.34920,0.41000,14.366,-0.002,-1,716.161,-1,822.200,-1,597.529,622.933,389.588,543.787,-1,-1,-1,-1,-1,-1,-1,-1,2,0,2,0,2,0,0,1,0,2,2,2,2,2,2,2,2
170,6804.991,4402.292,-96.403,7.504,0.988120,-0.133539,-0.076071,0.130154,0.990338,-0.047862,0.081727,0.037393,0.995953,0,0.34754,0.41000,14.092,0.007,-1,737.925,-1,851.361,-1,616.079,642.083,395.272,559.447,-1,-1,-1,-1,-1,-1,-1,-1,2,0,2,0,2,0,0,1,0,2,2,2,2,2,2,2,2
171,6818.740,4404.480,-93.691,7.553,0.987804,-0.134376,-0.078658,0.130982,0.990277,-0.046849,0.084189,0.035975,0.995800,0,0.51884,1.00000,13.922,0.050,-1,753.786,-1,868.289,-1,629.073,654.380,486.918,569.795,-1,-1,-1,-1,-1,-1,-1,-1,2,0,2,0,2,0,0,0,0,2,2,2,2,2,2,2,2
172,6832.345,4406.677,-91.379,7.686,0.987672,-0.136795,-0.076103,0.133297,0.989848,-0.049319,0.082078,0.038567,0.995879,0,0.51884,1.00000,13.782,0.133,-1,756.188,-1,862.243,-1,629.637,653.057,495.058,569.821,-1,-1,-1,-1,-1,-1,-1,-1,2,0,2,0,2,0,0,0,0,2,2,2,2,2,2,2,2
173,6845.919,4408.929,-89.716,7.875,0.987657,-0.140204,-0.069832,0.136615,0.989163,-0.053778,0.076615,0.043574,0.996108,0,0.51884,1.00000,13.760,0.189,-1,747.121,-1,839.496,-1,620.165,641.133,506.187,562.037,-1,-1,-1,-1,-1,-1,-1,-1,2,0,2,0,2,0,0,0,0,2,2,2,2,2,2,2,2
174,6859.600,4411.294,-88.902,8.103,0.987621,-0.144206,-0.061726,0.140607,0.988296,-0.059175,0.069537,0.049763,0.996337,0,0.51884,1.00000,13.883,0.227,-1,731.238,-1,808.323,-1,604.824,623.185,517.459,549.248,-1,-1,-1,-1,-1,-1,-1,-1,2,0,2,0,2,0,0,0,0,2,2,2,2,2,2,2,2
175,6873.465,4413.826,-88.990,8.356,0.987473,-0.148570,-0.053149,0.145050,0.987294,-0.064898,0.062116,0.056376,0.996476,0,0.51884,1.00000,14.095,0.254,-1,712.139,-1,774.144,-1,586.832,602.630,527.332,533.417,-1,-1,-1,-1,-1,-1,-1,-1,2,0,2,0,2,0,0,0,0,2,2,2,2,2,2,2,2
176,6887.590,4416.495,-89.808,8.611,0.987236,-0.152829,-0.044817,0.149502,0.986279,-0.070027,0.054904,0.062433,0.996538,0,0.51884,1.00000,14.375,0.255,-1,691.337,-1,740.143,-1,567.992,581.551,534.113,517.257,-1,-1,-1,-1,-1,-1,-1,-1,2,0,2,0,2,0,0,0,0,2,2,2,2,2,2,2,2
177,6902.067,4419.267,-91.064,8.838,0.986970,-0.156533,-0.037258,0.153467,0.985348,-0.074414,0.048360,0.067726,0.996531,0,0.51884,1.00000,14.740,0.227,-1,671.191,-1,709.304,-1,550.120,561.732,537.950,501.979,-1,-1,-1,-1,-1,-1,-1,-1,2,0,2,0,2,0,0,0,0,2,2,2,2,2,2,2,2
178,6916.788,4422.055,-92.300,9.046,0.986618,-0.159965,-0.031559,0.157073,0.984406,-0.079202,0.043736,0.073185,0.996359,0,0.51884,1.00000,14.983,0.207,-1,657.458,-1,685.225,-1,536.961,546.421,542.473,487.272,-1,-1,-1,-1,-1,-1,-1,-1,2,0,2,0,2,0,0,0,0,2,2,2,2,2,2,2,2
179,6931.675,4424.749,-93.179,9.211,0.986280,-0.162726,-0.027799,0.159940,0.983612,-0.083228,0.040887,0.077640,0.996143,0,0.51884,1.00000,15.129,0.165,-1,649.469,-1,668.609,-1,528.611,536.107,545.937,476.095,-1,-1,-1,-1,-1,-1,-1,-1,2,0,2,0,2,0,0,0,0,2,2,2,2,2,2,2,2
180,6946.680,4427.513,-93.799,9.314,0.986138,-0.164200,-0.023898,0.161740,0.983377,-0.082525,0.037051,0.077516,0.996302,0,0.51884,1.00000,15.257,0.103,-1,635.831,-1,654.506,-1,518.446,525.686,540.495,474.233,-1,-1,-1,-1,-1,-1,-1,-1,2,0,2,0,2,0,0,0,0,2,2,2,2,2,2,2,2
181,6961.905,4430.435,-93.722,9.392,0.986019,-0.165266,-0.021275,0.163094,0.983361,-0.080009,0.034144,0.075420,0.996567,0,0.51884,1.00000,15.502,0.078,-1,625.486,-1,646.599,-1,511.706,519.239,532.873,477.684,-1,-1,-1,-1,-1,-1,-1,-1,2,0,2,0,2,0,0,0,0,2,2,2,2,2,2,2,2
182,6977.463,4433.357,-92.976,9.443,0.985905,-0.166030,-0.020610,0.163983,0.983396,-0.077733,0.033174,0.073258,0.996761,0,0.51884,1.00000,15.830,0.051,-1,622.521,-1,645.816,-1,510.555,518.169,527.397,482.979,-1,-1,-1,-1,-1,-1,-1,-1,2,0,2,0,2,0,0,0,0,2,2,2,2,2,2,2,2
183,6993.356,4436.157,-91.772,9.465,0.985846,-0.166372,-0.020685,0.164358,0.983427,-0.076535,0.033075,0.072052,0.996852,0,0.51884,1.00000,16.138,0.022,-1,624.223,-1,647.901,-1,512.432,520.226,525.577,487.911,-1,-1,-1,-1,-1,-1,-1,-1,2,0,2,0,2,0,0,0,0,2,2,2,2,2,2,2,2
184,7009.451,4438.829,-90.256,9.472,0.985832,-0.166460,-0.020630,0.164469,0.983454,-0.075944,0.032930,0.071475,0.996899,0,0.51884,1.00000,16.315,0.006,-1,627.362,-1,650.314,-1,515.035,522.904,526.071,492.548,-1,-1,-1,-1,-1,-1,-1,-1,2,0,2,0,2,0,0,0,0,2,2,2,2,2,2,2,2
185,7025.286,4441.488,-87.819,9.425,0.985889,-0.165716,-0.023675,0.163647,0.983880,-0.072109,0.035243,0.067217,0.997116,0,0.51884,1.00000,16.057,-0.047,-1,636.987,-1,665.028,-1,524.755,533.507,521.451,506.654,-1,-1,-1,-1,-1,-1,-1,-1,2,0,2,0,2,0,0,0,0,2,2,2,2,2,2,2,2
186,7044.218,4445.011,-83.754,9.366,0.985751,-0.164937,-0.033011,0.162593,0.984599,-0.064248,0.043100,0.057965,0.997388,0,0.51884,1.00000,19.257,-0.058,-1,662.743,-1,703.870,-1,549.192,559.486,511.186,535.693,-1,-1,-1,-1,-1,-1,-1,-1,2,0,2,0,2,0,0,0,0,2,2,2,2,2,2,2,2
187,7056.942,4447.601,-80.780,9.358,0.985456,-0.164913,-0.040995,0.162394,0.984981,-0.058649,0.050051,0.051138,0.997437,0,0.51884,1.00000,12.985,-0.009,1007.633,684.724,-1,737.634,-1,570.169,582.117,505.233,558.118,-1,-1,-1,-1,-1,-1,-1,-1,1,0,2,0,2,0,0,0,0,2,2,2,2,2,2,2,2
188,7072.910,4451.244,-77.289,9.462,0.984749,-0.166800,-0.049465,0.164120,0.984958,-0.054065,0.057739,0.045122,0.997311,0,0.51884,1.00000,16.378,0.104,997.904,709.386,-1,775.223,-1,594.746,608.055,502.391,581.001,-1,-1,-1,-1,-1,-1,-1,-1,1,0,2,0,2,0,0,0,0,2,2,2,2,2,2,2,2
189,7088.759,4455.418,-74.474,9.757,0.983630,-0.172021,-0.053674,0.169133,0.984091,-0.054391,0.062177,0.044422,0.997076,0,0.43891,0.67397,16.389,0.294,984.900,726.561,-1,797.303,-1,610.906,623.664,507.949,590.177,-1,-1,-1,-1,-1,-1,-1,-1,1,0,2,0,2,0,0,0,0,2,2,2,2,2,2,2,2
190,7104.541,4459.508,-72.439,10.084,0.982577,-0.177847,-0.053971,0.174743,0.982924,-0.057668,0.063305,0.047232,0.996876,0,0.43891,0.67397,16.304,0.328,971.472,734.515,-1,801.973,-1,617.854,628.853,518.056,588.948,-1,-1,-1,-1,-1,-1,-1,-1,1,0,2,0,2,0,0,0,0,2,2,2,2,2,2,2,2
191,7120.321,4463.496,-71.293,10.424,0.981607,-0.183881,-0.051340,0.180586,0.981552,-0.062802,0.061941,0.052376,0.996705,0,0.43891,0.67397,16.276,0.340,957.884,734.276,-1,793.055,-1,616.884,625.962,530.408,580.211,-1,-1,-1,-1,-1,-1,-1,-1,1,0,2,0,2,0,0,0,0,2,2,2,2,2,2,2,2
192,7136.073,4467.519,-71.083,10.788,0.980646,-0.190254,-0.046232,0.186850,0.979941,-0.069306,0.058491,0.059326,0.996524,0,0.43891,0.67397,16.257,0.364,943.809,726.979,-1,772.639,-1,608.802,615.326,544.105,565.650,-1,-1,-1,-1,-1,-1,-1,-1,1,0,2,0,2,0,0,0,0,2,2,2,2,2,2,2,2
193,7151.663,4471.704,-71.414,11.227,0.979367,-0.197999,-0.040465,0.194401,0.977730,-0.079068,0.055219,0.069570,0.996048,0,0.43891,0.67397,16.142,0.439,929.500,721.087,-1,748.363,-1,600.240,602.932,564.390,544.334,-1,-1,-1,-1,-1,-1,-1,-1,1,0,2,0,2,0,0,0,0,2,2,2,2,2,2,2,2
194,7167.093,4476.051,-71.801,11.725,0.977727,-0.206854,-0.035508,0.202917,0.974881,-0.091830,0.053611,0.082580,0.995141,0,0.43891,0.67397,16.031,0.498,-1,721.715,-1,727.026,-1,595.811,593.697,593.025,519.501,-1,-1,-1,-1,-1,-1,-1,-1,2,0,2,0,2,0,0,0,0,2,2,2,2,2,2,2,2
195,7182.512,4479.829,-71.972,12.030,0.976678,-0.212329,-0.031895,0.208141,0.972753,-0.102127,0.052710,0.093107,0.994260,0,0.43891,0.67397,15.875,0.306,-1,724.164,-1,711.862,-1,594.026,587.895,618.114,500.710,-1,-1,-1,-1,-1,-1,-1,-1,2,0,2,0,2,0,0,0,0,2,2,2,2,2,2,2,2
196,7197.908,4483.008,-71.814,12.151,0.976277,-0.214541,-0.029228,0.210204,0.971484,-0.109695,0.051929,0.100949,0.993536,0,0.43891,0.67397,15.721,0.121,-1,726.880,-1,701.582,-1,593.687,584.423,638.352,487.966,-1,-1,-1,-1,-1,-1,-1,-1,2,0,2,0,2,0,0,0,0,2,2,2,2,2,2,2,2
197,7213.028,4484.756,-71.336,11.913,0.977223,-0.210419,-0.027561,0.206162,0.972103,-0.111860,0.050330,0.103630,0.993342,0,0.43891,0.67397,15.221,-0.238,-1,726.271,-1,696.114,-1,592.794,581.956,645.425,484.677,-1,-1,-1,-1,-1,-1,-1,-1,2,0,2,0,2,0,0,0,0,2,2,2,2,2,2,2,2
198,7227.822,4485.698,-70.784,11.496,0.978819,-0.203082,-0.025908,0.199068,0.973656,-0.111206,0.047809,0.103693,0.993460,0,0.43891,0.67397,14.824,-0.417,-1,722.949,-1,691.107,-1,590.243,578.502,645.501,485.564,-1,-1,-1,-1,-1,-1,-1,-1,2,0,2,0,2,0,0,0,0,2,2,2,2,2,2,2,2
199,7242.701,4486.559,-70.539,11.029,0.980554,-0.194777,-0.023979,0.191113,0.975511,-0.108878,0.044598,0.102178,0.993766,0,0.43891,0.67397,14.903,-0.467,892.963,716.208,-1,684.779,-1,585.248,573.236,640.116,488.189,-1,-1,-1,-1,-1,-1,-1,-1,1,0,2,0,2,0,0,0,0,2,2,2,2,2,2,2,2
200,7257.670,4487.516,-70.992,10.563,0.982279,-0.186269,-0.020762,0.183175,0.977559,-0.104041,0.039676,0.098394,0.994356,0,0.43891,0.67397,15.000,-0.466,888.474,700.773,-1,673.779,-1,574.163,563.081,626.043,492.700,-1,-1,-1,-1,-1,-1,-1,-1,1,0,2,0,2,0,0,0,0,2,2,2,2,2,2,2,2
201,7272.696,4488.889,-72.334,10.183,0.983700,-0.179097,-0.016049,0.176700,0.979343,-0.098312,0.033325,0.093874,0.995026,0,0.43891,0.67397,15.088,-0.380,881.708,678.468,-1,656.999,-1,557.522,547.929,607.233,496.354,-1,-1,-1,-1,-1,-1,-1,-1,1,0,2,0,2,0,0,0,0,2,2,2,2,2,2,2,2
202,7287.664,4490.705,-74.624,9.902,0.984778,-0.173535,-0.009887,0.171899,0.980764,-0.092485,0.025746,0.089377,0.995665,0,0.43891,0.67397,15.077,-0.282,872.816,650.738,-1,634.503,-1,536.180,528.223,585.858,497.651,-1,-1,-1,-1,-1,-1,-1,-1,1,0,2,0,2,0,0,0,0,2,2,2,2,2,2,2,2
203,7302.822,4493.006,-77.467,9.741,0.985402,-0.170197,-0.004039,0.169158,0.981509,-0.089589,0.019212,0.087598,0.995971,0,0.43891,0.67397,15.332,-0.161,868.401,626.131,-1,611.239,-1,516.314,509.028,570.227,493.180,-1,-1,-1,-1,-1,-1,-1,-1,1,0,2,0,2,0,0,0,0,2,2,2,2,2,2,2,2
204,7318.306,4495.170,-80.094,9.611,0.985859,-0.167580,0.000274,0.166932,0.981904,-0.089428,0.014717,0.088209,0.995993,0,0.43891,0.67397,15.634,-0.130,893.538,608.897,-1,592.190,-1,501.730,494.138,561.536,485.443,-1,-1,-1,-1,-1,-1,-1,-1,1,0,2,0,2,0,0,0,0,2,2,2,2,2,2,2,2
205,7334.231,4497.198,-81.862,9.471,0.986268,-0.165147,0.000919,0.164540,0.982132,-0.091339,0.014181,0.090236,0.995819,0,0.43891,0.67397,16.054,-0.139,890.998,603.989,-1,583.997,-1,497.102,488.450,559.475,477.875,-1,-1,-1,-1,-1,-1,-1,-1,1,0,2,0,2,0,0,0,0,2,2,2,2,2,2,2,2
206,7350.550,4499.224,-82.551,9.341,0.986609,-0.163101,-0.001056,0.162283,0.982266,-0.093903,0.016353,0.092474,0.995581,0,0.43891,0.67397,16.444,-0.131,-1,608.673,-1,584.879,-1,500.170,490.224,561.733,472.877,-1,-1,-1,-1,-1,-1,-1,-1,2,0,2,0,2,0,0,0,0,2,2,2,2,2,2,2,2
207,7367.123,4501.301,-82.188,9.227,0.986873,-0.161449,-0.004108,0.160316,0.982390,-0.095957,0.019528,0.094039,0.995377,0,0.43891,0.67397,16.703,-0.114,-1,617.942,-1,592.417,-1,507.622,496.781,565.875,471.599,-1,-1,-1,-1,-1,-1,-1,-1,2,0,2,0,2,0,0,0,0,2,2,2,2,2,2,2,2
208,7383.785,4503.401,-80.989,9.139,0.987057,-0.160219,-0.006917,0.158798,0.982503,-0.097319,0.022388,0.094961,0.995229,0,0.43891,0.67397,16.793,-0.088,-1,628.238,-1,603.281,-1,516.519,504.830,571.124,473.307,-1,-1,-1,-1,-1,-1,-1,-1,2,0,2,0,2,0,0,0,0,2,2,2,2,2,2,2,2
209,7403.638,4506.105,-78.401,9.027,0.987248,-0.158717,-0.012258,0.156847,0.982991,-0.095544,0.027214,0.092403,0.995350,0,0.43891,0.67397,20.037,-0.112,-1,644.229,-1,627.126,-1,532.147,520.824,572.043,483.830,-1,-1,-1,-1,-1,-1,-1,-1,2,0,2,0,2,0,0,0,0,2,2,2,2,2,2,2,2
210,7416.764,4508.200,-76.506,9.019,0.987216,-0.158729,-0.014507,0.156688,0.983136,-0.094298,0.029230,0.090820,0.995438,0,0.43891,0.67397,13.292,-0.009,-1,651.492,-1,640.512,-1,540.471,529.518,573.347,490.895,-1,-1,-1,-1,-1,-1,-1,-1,2,0,2,0,2,0,0,0,0,2,2,2,2,2,2,2,2
211,7433.032,4511.144,-74.578,9.119,0.986950,-0.160416,-0.014003,0.158416,0.982868,-0.094205,0.028875,0.090758,0.995454,0,0.43891,0.67397,16.532,0.100,-1,653.177,-1,646.109,-1,543.989,533.106,578.019,495.277,-1,-1,-1,-1,-1,-1,-1,-1,2,0,2,0,2,0,0,0,0,2,2,2,2,2,2,2,2
212,7449.296,4514.367,-73.398,9.298,0.986508,-0.163315,-0.011429,0.161507,0.982256,-0.095336,0.026796,0.092204,0.995380,0,0.43891,0.67397,16.581,0.179,-1,649.351,-1,642.919,-1,542.021,531.011,583.907,495.219,-1,-1,-1,-1,-1,-1,-1,-1,2,0,2,0,2,0,0,0,0,2,2,2,2,2,2,2,2
213,7465.614,4518.023,-73.071,9.572,0.985797,-0.167770,-0.007632,0.166234,0.981219,-0.097860,0.023907,0.095201,0.995171,0,0.43891,0.67397,16.722,0.274,-1,641.814,-1,633.130,-1,536.289,524.714,591.003,490.534,-1,-1,-1,-1,-1,-1,-1,-1,2,0,2,0,2,0,0,0,0,2,2,2,2,2,2,2,2
214,7481.554,4522.125,-73.346,9.959,0.984716,-0.174137,-0.003375,0.172906,0.979720,-0.101255,0.020939,0.099124,0.994855,0,-0.13325,0.67579,16.460,0.387,-1,632.362,-1,620.294,-1,528.866,516.445,598.761,482.955,-1,-1,-1,-1,-1,-1,-1,-1,2,0,2,0,2,0,0,0,0,2,2,2,2,2,2,2,2
215,7496.327,4526.067,-73.415,10.373,0.983441,-0.181218,-0.001768,0.180015,0.977944,-0.105922,0.020924,0.103850,0.994373,0,-0.13325,0.67579,15.289,0.414,-1,630.819,-1,615.508,-1,527.818,514.318,610.149,474.748,-1,-1,-1,-1,-1,-1,-1,-1,2,0,2,0,2,0,0,0,0,2,2,2,2,2,2,2,2
216,7510.263,4529.463,-72.890,10.670,0.982376,-0.186838,-0.005392,0.185081,0.976362,-0.111632,0.026122,0.108666,0.993735,0,-0.13325,0.67579,14.344,0.297,-1,644.106,-1,626.975,-1,538.761,524.274,624.962,467.743,-1,-1,-1,-1,-1,-1,-1,-1,2,0,2,0,2,0,0,0,0,2,2,2,2,2,2,2,2
217,7523.490,4532.238,-71.726,10.820,0.981632,-0.190365,-0.012602,0.187610,0.975198,-0.117440,0.034646,0.112918,0.993000,0,-0.13325,0.67579,13.515,0.150,-1,668.287,-1,651.076,-1,558.687,543.502,641.510,463.652,-1,-1,-1,-1,-1,-1,-1,-1,2,0,2,0,2,0,0,0,0,2,2,2,2,2,2,2,2
218,7535.968,4534.667,-70.684,10.853,0.981362,-0.191418,-0.016940,0.188141,0.975015,-0.118105,0.039124,0.112716,0.992857,0,-0.13325,0.67579,12.712,0.033,-1,680.220,-1,668.273,-1,569.986,555.339,644.092,466.310,-1,-1,-1,-1,-1,-1,-1,-1,2,0,2,0,2,0,0,0,0,2,2,2,2,2,2,2,2
219,7547.750,4537.024,-70.198,10.841,0.981426,-0.191087,-0.016990,0.187947,0.975480,-0.114516,0.038456,0.109196,0.993276,0,-0.13325,0.67579,12.016,-0.012,-1,675.652,-1,671.729,-1,568.439,555.568,634.160,472.638,-1,-1,-1,-1,-1,-1,-1,-1,2,0,2,0,2,0,0,0,0,2,2,2,2,2,2,2,2
220,7558.922,4539.390,-70.375,10.824,0.981643,-0.190238,-0.013619,0.187686,0.976233,-0.108365,0.033910,0.103819,0.994018,0,-0.13325,0.67579,11.419,-0.017,-1,658.570,-1,663.100,-1,557.196,546.381,615.924,480.170,-1,-1,-1,-1,-1,-1,-1,-1,2,0,2,0,2,0,0,0,0,2,2,2,2,2,2,2,2
221,7569.545,4541.709,-71.237,10.794,0.981953,-0.188955,-0.008029,0.187214,0.977173,-0.100414,0.026819,0.097098,0.994913,0,-0.13325,0.67579,10.874,-0.030,-1,633.499,-1,646.269,-1,539.274,530.865,592.281,488.265,-1,-1,-1,-1,-1,-1,-1,-1,2,0,2,0,2,0,0,0,0,2,2,2,2,2,2,2,2
222,7579.726,4543.962,-72.528,10.747,0.982270,-0.187457,-0.002383,0.186439,0.978111,-0.092409,0.019653,0.090326,0.995718,0,-0.13325,0.67579,10.427,-0.047,-1,608.362,-1,628.423,-1,520.771,514.727,568.173,495.652,-1,-1,-1,-1,-1,-1,-1,-1,2,0,2,0,2,0,0,0,0,2,2,2,2,2,2,2,2
223,7589.678,4546.057,-73.735,10.697,0.982503,-0.186245,0.000679,0.185592,0.978742,-0.087291,0.015593,0.085889,0.996183,0,-0.13325,0.67579,10.170,-0.050,-1,592.652,-1,617.819,-1,509.198,504.750,551.457,499.657,-1,-1,-1,-1,-1,-1,-1,-1,2,0,2,0,2,0,0,0,0,2,2,2,2,2,2,2,2
224,7599.487,4547.853,-74.628,10.637,0.982703,-0.185187,0.000794,0.184569,0.979053,-0.085957,0.015140,0.084617,0.996298,0,-0.13325,0.67579,9.972,-0.060,-1,587.870,-1,615.534,-1,505.792,501.923,544.367,499.264,-1,-1,-1,-1,1004.261,-1,-1,-1,2,0,2,0,2,0,0,0,0,2,2,2,2,0,2,2,2
225,7609.044,4549.321,-75.102,10.579,0.982860,-0.184353,-0.000901,0.183568,0.979100,-0.087553,0.017023,0.085887,0.996159,0,-0.13325,0.67579,9.669,-0.058,-1,590.893,-1,618.828,-1,508.090,504.088,545.020,495.552,-1,-1,-1,-1,-1,-1,-1,-1,2,0,2,0,2,0,0,0,0,2,2,2,2,2,2,2,2
226,7618.169,4550.527,-75.013,10.510,0.983032,-0.183404,-0.003202,0.182365,0.979047,-0.090607,0.019753,0.088486,0.995882,0,-0.13325,0.67579,9.204,-0.070,-1,598.296,-1,625.205,-1,513.630,509.079,550.838,490.846,-1,-1,-1,-1,-1,-1,-1,-1,2,0,2,0,2,0,0,0,0,2,2,2,2,2,2,2,2
227,7626.847,4551.559,-74.443,10.442,0.983192,-0.182496,-0.005323,0.181199,0.978944,-0.093996,0.022365,0.091451,0.995558,0,-0.13325,0.67579,8.739,-0.067,-1,607.131,-1,632.522,-1,520.259,515.034,559.252,486.792,-1,-1,-1,-1,-1,-1,-1,-1,2,0,2,0,2,0,0,0,0,2,2,2,2,2,2,2,2
228,7634.964,4552.616,-73.584,10.407,0.983261,-0.182078,-0.006745,0.180584,0.978779,-0.096856,0.024237,0.094016,0.995276,0,-0.13325,0.67579,8.186,-0.035,-1,614.741,-1,638.896,-1,526.091,520.322,567.737,484.119,-1,-1,-1,-1,-1,-1,-1,-1,2,0,2,0,2,0,0,0,0,2,2,2,2,2,2,2,2
229,7642.260,4553.729,-72.426,10.363,0.983341,-0.181541,-0.009137,0.179816,0.978890,-0.097159,0.026583,0.093898,0.995227,0,0.38801,1.00000,7.380,-0.044,-1,622.492,-1,650.036,-1,532.900,528.151,570.629,486.949,-1,-1,-1,-1,-1,-1,-1,-1,2,0,2,0,2,0,0,0,0,2,2,2,2,2,2,2,2
230,7649.183,4555.015,-70.878,10.298,0.983399,-0.180844,-0.014888,0.178675,0.979374,-0.094352,0.031644,0.090125,0.995428,0,0.38801,1.00000,7.041,-0.065,-1,635.035,-1,673.871,-1,545.273,543.332,565.250,498.000,-1,-1,-1,-1,-1,-1,-1,-1,2,0,2,0,2,0,0,0,0,2,2,2,2,2,2,2,2
231,7655.603,4556.437,-68.718,10.267,0.983181,-0.180999,-0.024366,0.178084,0.979716,-0.091883,0.040502,0.085998,0.995472,0,0.38801,1.00000,6.576,-0.031,-1,657.913,-1,713.607,-1,566.667,567.852,561.546,511.914,-1,-1,-1,-1,-1,-1,-1,-1,2,0,2,0,2,0,0,0,0,2,2,2,2,2,2,2,2
232,7661.724,4557.948,-66.006,10.287,0.982572,-0.182277,-0.036441,0.178335,0.979677,-0.091812,0.052436,0.083713,0.995109,0,0.38801,1.00000,6.304,0.020,-1,691.612,-1,766.274,-1,596.668,601.313,564.814,524.338,-1,-1,-1,-1,-1,-1,-1,-1,2,0,2,0,2,0,0,0,0,2,2,2,2,2,2,2,2
233,7667.751,4559.393,-62.988,10.334,0.981686,-0.184117,-0.048922,0.179001,0.979358,-0.093898,0.065201,0.083421,0.994379,0,0.38801,1.00000,6.199,0.047,-1,731.717,-1,824.700,-1,631.323,639.195,574.204,533.658,-1,-1,-1,-1,-1,-1,-1,-1,2,0,2,0,2,0,0,0,0,2,2,2,2,2,2,2,2
234,7673.744,4560.557,-59.959,10.364,0.980836,-0.185609,-0.059252,0.179385,0.978967,-0.097182,0.076044,0.084690,0.993501,0,0.38801,1.00000,6.105,0.030,-1,770.651,-1,877.301,-1,663.982,673.820,587.369,539.901,-1,-1,-1,-1,-1,-1,-1,-1,2,0,2,0,2,0,0,0,0,2,2,2,2,2,2,2,2
235,7679.771,4561.317,-57.245,10.328,0.980355,-0.185778,-0.066255,0.178658,0.978734,-0.100802,0.083573,0.086985,0.992698,0,0.38801,1.00000,6.075,-0.036,-1,802.657,-1,914.342,-1,689.557,700.411,601.596,543.109,-1,-1,-1,-1,-1,-1,-1,-1,2,0,2,0,2,0,0,0,0,2,2,2,2,2,2,2,2
236,7685.879,4561.642,-55.079,10.214,0.980345,-0.184412,-0.070111,0.176647,0.978730,-0.104323,0.087859,0.089888,0.992069,0,0.38801,1.00000,6.117,-0.114,-1,825.753,-1,937.054,-1,707.058,717.957,615.089,543.494,-1,-1,-1,-1,-1,-1,-1,-1,2,0,2,0,2,0,0,0,0,2,2,2,2,2,2,2,2
237,7692.083,4561.880,-53.613,10.104,0.980525,-0.183003,-0.071274,0.174728,0.978582,-0.108846,0.089667,0.094273,0.991500,0,0.38801,1.00000,6.208,-0.110,-1,840.928,-1,945.098,-1,716.979,726.677,630.218,539.135,-1,-1,-1,-1,-1,-1,-1,-1,2,0,2,0,2,0,0,0,0,2,2,2,2,2,2,2,2
238,7698.410,4562.579,-52.853,10.128,0.980405,-0.183935,-0.070521,0.175127,0.977746,-0.115516,0.090199,0.100903,0.990799,0,0.38801,1.00000,6.366,0.024,-1,850.852,-1,940.455,-1,721.051,728.564,650.161,528.641,-1,-1,-1,-1,-1,-1,-1,-1,2,0,2,0,2,0,0,0,0,2,2,2,2,2,2,2,2
239,7704.915,4563.736,-52.712,10.251,0.980035,-0.186498,-0.068924,0.177232,0.976541,-0.122293,0.090115,0.107636,0.990098,0,0.38801,1.00000,6.607,0.123,-1,855.901,-1,929.875,-1,721.035,726.315,669.651,516.251,-1,-1,-1,-1,-1,-1,-1,-1,2,0,2,0,2,0,0,0,0,2,2,2,2,2,2,2,2
240,7711.624,4565.318,-53.073,10.426,0.979552,-0.189746,-0.066887,0.180232,0.975342,-0.127377,0.089407,0.112717,0.989597,0,0.38801,1.00000,6.893,0.175,-1,854.966,-1,916.950,-1,717.241,720.899,682.971,505.728,-1,-1,-1,-1,-1,-1,-1,-1,2,0,2,0,2,0,0,0,0,2,2,2,2,2,2,2,2
241,7718.505,4567.296,-53.830,10.623,0.979104,-0.193032,-0.063989,0.183635,0.974409,-0.129634,0.087375,0.115175,0.989495,0,0.38801,1.00000,7.160,0.197,-1,845.328,-1,900.375,-1,708.198,711.105,686.522,498.489,-1,-1,-1,-1,-1,-1,-1,-1,2,0,2,0,2,0,0,0,0,2,2,2,2,2,2,2,2
242,7725.578,4569.645,-54.993,10.839,0.978725,-0.196284,-0.059748,0.187395,0.973745,-0.129241,0.083547,0.115295,0.989812,0,0.38801,1.00000,7.453,0.217,-1,826.092,-1,878.307,-1,692.961,695.800,680.724,494.062,-1,-1,-1,-1,-1,-1,-1,-1,2,0,2,0,2,0,0,0,0,2,2,2,2,2,2,2,2
243,7732.812,4572.297,-56.609,11.078,0.978438,-0.199536,-0.053342,0.191565,0.973253,-0.126809,0.077218,0.113856,0.990492,0,0.38801,1.00000,7.705,0.238,-1,796.434,-1,847.536,-1,670.323,673.299,667.884,490.871,-1,-1,-1,-1,-1,-1,-1,-1,2,0,2,0,2,0,0,0,0,2,2,2,2,2,2,2,2
244,7740.282,4575.183,-58.661,11.338,0.978157,-0.202936,-0.045003,0.196121,0.972745,-0.123707,0.068881,0.112179,0.991298,0,0.38801,1.00000,8.007,0.260,-1,760.371,-1,810.054,-1,642.597,645.404,652.561,486.738,-1,-1,-1,-1,-1,-1,-1,-1,2,0,2,0,2,0,0,0,0,2,2,2,2,2,2,2,2
245,7748.133,4578.247,-61.035,11.620,0.977758,-0.206689,-0.035637,0.201066,0.972053,-0.121187,0.059689,0.111327,0.991990,0,0.38801,1.00000,8.428,0.283,-1,723.308,-1,769.390,-1,613.343,615.622,639.167,480.251,-1,-1,-1,-1,-1,-1,-1,-1,2,0,2,0,2,0,0,0,0,2,2,2,2,2,2,2,2
246,7756.410,4581.421,-63.620,11.917,0.977234,-0.210641,-0.025365,0.206241,0.971193,-0.119368,0.049778,0.111419,0.992526,0,0.38801,1.00000,8.864,0.297,-1,686.320,-1,724.548,-1,583.422,584.978,627.676,471.536,-1,-1,-1,-1,-1,-1,-1,-1,2,0,2,0,2,0,0,0,0,2,2,2,2,2,2,2,2
247,7764.854,4584.916,-66.265,12.258,0.976451,-0.215243,-0.014633,0.212155,0.970329,-0.115982,0.039163,0.110146,0.993144,0,0.38801,1.00000,9.139,0.341,-1,647.922,-1,682.571,-1,552.649,554.660,612.069,464.785,-1,-1,-1,-1,-1,-1,-1,-1,2,0,2,0,2,0,0,0,0,2,2,2,2,2,2,2,2
248,7773.313,4588.908,-68.661,12.640,0.975348,-0.220607,-0.005353,0.218722,0.969662,-0.109159,0.029271,0.105298,0.994010,0,0.38801,1.00000,9.354,0.381,-1,610.952,-1,648.964,-1,524.341,528.003,587.838,464.506,-1,-1,-1,-1,-1,-1,-1,-1,2,0,2,0,2,0,0,0,0,2,2,2,2,2,2,2,2
249,7781.956,4593.244,-70.473,12.995,0.974147,-0.225916,0.000163,0.224807,0.969294,-0.099656,0.022356,0.097117,0.995022,0,0.38801,1.00000,9.669,0.355,-1,581.538,-1,629.314,-1,503.386,509.841,557.781,471.619,-1,-1,-1,-1,996.562,-1,-1,-1,2,0,2,0,2,0,0,0,0,2,2,2,2,0,2,2,2
250,7791.019,4597.778,-71.161,13.343,0.972783,-0.231718,-0.000104,0.230721,0.968640,-0.092223,0.021471,0.089689,0.995738,0,0.38801,1.00000,10.134,0.348,-1,568.804,-1,628.688,-1,496.026,505.771,536.180,481.570,-1,-1,-1,-1,967.646,-1,-1,-1,2,0,2,0,2,0,0,0,0,2,2,2,2,0,2,2,2
251,7800.449,4602.334,-70.685,13.693,0.971270,-0.237943,-0.004247,0.236650,0.967568,-0.088373,0.025137,0.084829,0.996078,0,0.38801,1.00000,10.474,0.351,-1,569.971,-1,641.710,-1,499.601,512.369,524.755,491.014,-1,-1,-1,-1,971.011,-1,-1,-1,2,0,2,0,2,0,0,0,0,2,2,2,2,0,2,2,2
252,7810.119,4606.809,-69.308,14.066,0.969564,-0.244663,-0.009218,0.242932,0.966027,-0.088176,0.030478,0.083253,0.996062,0,0.38801,1.00000,10.655,0.373,-1,578.875,977.595,659.186,-1,508.710,523.400,524.078,496.244,-1,-1,-1,-1,992.099,-1,-1,-1,2,0,1,0,2,0,0,0,0,2,2,2,2,0,2,2,2
253,7820.025,4611.068,-67.463,14.437,0.967826,-0.251298,-0.012758,0.249169,0.964222,-0.090499,0.035044,0.084408,0.995815,0,0.38801,1.00000,10.783,0.371,-1,589.378,897.426,673.902,-1,518.179,533.842,531.094,497.480,-1,-1,-1,-1,-1,-1,-1,-1,2,0,1,0,2,0,0,0,0,2,2,2,2,2,2,2,2
254,7830.102,4615.155,-65.550,14.799,0.966146,-0.257625,-0.013832,0.255254,0.962298,-0.093962,0.037518,0.087250,0.995480,0,0.38801,1.00000,10.874,0.362,-1,596.992,831.295,681.463,-1,524.045,540.311,542.127,495.506,-1,-1,-1,-1,-1,-1,-1,-1,2,0,1,0,2,0,0,0,0,2,2,2,2,2,2,2,2
255,7840.252,4619.261,-63.844,15.187,0.964388,-0.264198,-0.012448,0.261776,0.960157,-0.097836,0.037800,0.091093,0.995125,0,0.38801,1.00000,10.949,0.387,-1,599.925,831.815,680.796,-1,525.049,541.790,554.783,490.878,-1,-1,-1,-1,-1,-1,-1,-1,2,0,1,0,2,0,0,0,0,2,2,2,2,2,2,2,2
256,7850.488,4623.474,-62.492,15.578,0.962620,-0.270684,-0.009640,0.268375,0.958003,-0.101018,0.036579,0.094655,0.994838,0,0.38801,1.00000,11.069,0.392,-1,598.446,828.491,674.547,-1,522.475,539.525,565.587,485.585,-1,-1,-1,-1,-1,-1,-1,-1,2,0,1,0,2,0,0,0,0,2,2,2,2,2,2,2,2
257,7860.780,4627.844,-61.580,15.963,0.960859,-0.276962,-0.006481,0.274850,0.955946,-0.103077,0.034744,0.097261,0.994652,0,0.26208,0.20000,11.181,0.385,-1,593.890,823.078,666.363,-1,517.706,534.226,572.951,480.697,-1,-1,-1,-1,-1,-1,-1,-1,2,0,1,0,2,0,0,0,0,2,2,2,2,2,2,2,2
258,7871.100,4632.303,-61.141,16.307,0.959251,-0.282529,-0.003871,0.280631,0.954225,-0.103446,0.032920,0.098145,0.994628,0,0.26208,0.20000,11.243,0.344,-1,587.282,816.329,658.609,-1,511.883,528.406,573.994,477.830,-1,-1,-1,-1,-1,-1,-1,-1,2,0,1,0,2,0,0,0,0,2,2,2,2,2,2,2,2
259,7881.495,4636.883,-61.077,16.619,0.957739,-0.287627,-0.002561,0.285856,0.952756,-0.102674,0.031972,0.097603,0.994712,0,0.26208,0.20000,11.359,0.312,-1,580.842,810.401,653.367,-1,506.697,523.747,569.954,476.697,-1,-1,-1,-1,996.258,-1,-1,-1,2,0,1,0,2,0,0,0,0,2,2,2,2,0,2,2,2
260,7891.978,4641.558,-61.215,16.905,0.956295,-0.292394,-0.002523,0.290641,0.951437,-0.101471,0.032070,0.096302,0.994835,0,0.26208,0.20000,11.478,0.286,-1,575.739,805.967,650.909,-1,502.861,520.763,563.586,476.675,-1,-1,-1,-1,986.071,-1,-1,-1,2,0,1,0,2,0,0,0,0,2,2,2,2,0,2,2,2
261,7902.523,4646.286,-61.354,17.169,0.954914,-0.296860,-0.003564,0.295025,0.950217,-0.100236,0.033143,0.094665,0.994957,0,0.26208,0.20000,11.557,0.264,-1,572.561,803.207,651.252,-1,500.731,519.678,556.426,477.451,-1,-1,-1,-1,980.614,-1,-1,-1,2,0,1,0,2,0,0,0,0,2,2,2,2,0,2,2,2
262,7913.142,4650.995,-61.361,17.413,0.953593,-0.301053,-0.005326,0.299068,0.949061,-0.099202,0.034920,0.093005,0.995053,0,0.26208,0.20000,11.616,0.244,-1,571.273,801.730,653.863,-1,500.187,520.256,549.693,478.731,-1,-1,-1,-1,979.536,-1,-1,-1,2,0,1,0,2,0,0,0,0,2,2,2,2,0,2,2,2
263,7923.838,4655.583,-61.261,17.630,0.952407,-0.304756,-0.006651,0.302663,0.948012,-0.098332,0.036272,0.091639,0.995131,0,0.26208,0.20000,11.639,0.217,-1,569.768,798.683,655.481,-1,499.372,520.280,543.920,479.797,-1,-1,-1,-1,977.559,-1,-1,-1,2,0,1,0,2,0,0,0,0,2,2,2,2,0,2,2,2
264,7934.548,4660.121,-61.062,17.845,0.951238,-0.308376,-0.007129,0.306241,0.946913,-0.097836,0.036921,0.090882,0.995177,0,0.26208,0.20000,11.631,0.216,-1,567.481,794.027,654.781,-1,497.692,519.179,539.875,480.051,-1,-1,-1,-1,973.444,-1,-1,-1,2,0,1,0,2,0,0,0,0,2,2,2,2,0,2,2,2
265,7945.234,4664.563,-60.645,18.050,0.950144,-0.311739,-0.006740,0.309630,0.945828,-0.097669,0.036822,0.090713,0.995196,0,0.26208,0.20000,11.573,0.204,-1,564.690,787.674,652.423,-1,495.406,517.219,537.831,479.741,-1,-1,-1,-1,967.595,-1,-1,-1,2,0,1,0,2,0,0,0,0,2,2,2,2,0,2,2,2
266,7955.935,4668.954,-60.021,18.249,0.949076,-0.314995,-0.005779,0.312944,0.944694,-0.098080,0.036354,0.091277,0.995162,0,0.26208,0.20000,11.566,0.200,-1,562.181,780.569,649.168,-1,493.110,514.980,538.150,478.571,-1,-1,-1,-1,962.070,-1,-1,-1,2,0,1,0,2,0,0,0,0,2,2,2,2,0,2,2,2
267,7966.693,4673.315,-59.314,18.442,0.948036,-0.318130,-0.004644,0.316138,0.943543,-0.098909,0.035848,0.092302,0.995086,0,0.26208,0.20000,11.609,0.193,-1,560.157,779.476,645.752,-1,491.061,512.829,539.819,476.769,-1,-1,-1,-1,957.597,-1,-1,-1,2,0,1,0,2,0,0,0,0,2,2,2,2,0,2,2,2
268,7977.483,4677.658,-58.558,18.634,0.946979,-0.321276,-0.003573,0.319317,0.942318,-0.100368,0.035613,0.093906,0.994944,0,0.26208,0.20000,11.631,0.192,-1,559.186,785.982,642.711,-1,489.679,511.173,543.024,474.041,-1,-1,-1,-1,955.703,-1,-1,-1,2,0,1,0,2,0,0,0,0,2,2,2,2,0,2,2,2
269,7988.285,4681.965,-57.737,18.818,0.945948,-0.324307,-0.002699,0.322353,0.941098,-0.102090,0.035648,0.095702,0.994771,0,0.26208,0.20000,11.629,0.184,-1,559.112,791.595,640.448,-1,488.982,510.155,546.604,472.296,-1,-1,-1,-1,955.891,-1,-1,-1,2,0,1,0,2,0,0,0,0,2,2,2,2,0,2,2,2
270,7999.089,4686.302,-56.916,18.987,0.944989,-0.327096,-0.002117,0.325143,0.940013,-0.103232,0.035756,0.096864,0.994655,0,0.26208,0.20000,11.642,0.169,-1,558.852,796.549,638.359,-1,488.287,509.431,548.548,471.945,-1,-1,-1,-1,955.508,-1,-1,-1,2,0,1,0,2,0,0,0,0,2,2,2,2,0,2,2,2
271,8009.993,4690.772,-56.180,19.152,0.944024,-0.329871,-0.002164,0.327866,0.938970,-0.104114,0.036376,0.097576,0.994563,0,0.40029,0.33739,11.785,0.166,-1,559.087,801.764,636.827,-1,488.087,509.459,549.062,472.262,-1,-1,-1,-1,956.549,-1,-1,-1,2,0,1,0,2,0,0,0,0,2,2,2,2,0,2,2,2
272,8021.059,4695.472,-55.540,19.335,0.942933,-0.332970,-0.002697,0.330865,0.937823,-0.104958,0.037477,0.098076,0.994473,0,0.40029,0.33739,12.023,0.183,-1,559.716,809.248,636.058,-1,488.270,509.998,548.756,472.722,-1,-1,-1,-1,959.685,-1,-1,-1,2,0,1,0,2,0,0,0,0,2,2,2,2,0,2,2,2
273,8032.260,4700.338,-54.982,19.528,0.941779,-0.336217,-0.003127,0.334028,0.936630,-0.105593,0.038431,0.098400,0.994405,0,0.40029,0.33739,12.212,0.193,-1,559.599,818.449,634.766,-1,487.885,509.595,547.662,473.231,-1,-1,-1,-1,963.042,-1,-1,-1,2,0,1,0,2,0,0,0,0,2,2,2,2,0,2,2,2
274,8043.584,4705.373,-54.511,19.736,0.940538,-0.339673,-0.003221,0.337436,0.935351,-0.106096,0.039050,0.098700,0.994351,0,0.40029,0.33739,12.393,0.208,-1,558.408,829.961,632.411,-1,486.613,508.245,546.151,473.486,-1,-1,-1,-1,963.734,-1,-1,-1,2,0,1,0,2,0,0,0,0,2,2,2,2,0,2,2,2
275,8054.992,4710.518,-54.055,19.949,0.939282,-0.343133,-0.002863,0.340915,0.934095,-0.106035,0.039058,0.098620,0.994358,0,0.40029,0.33739,12.515,0.212,-1,555.625,843.015,628.907,-1,484.176,505.650,543.487,474.585,-1,-1,-1,-1,959.715,-1,-1,-1,2,0,1,0,2,0,0,0,0,2,2,2,2,0,2,2,2
276,8066.572,4715.753,-53.597,20.154,0.938044,-0.346507,-0.002641,0.344285,0.932837,-0.106218,0.039269,0.098728,0.994339,0,0.40029,0.33739,12.708,0.206,-1,553.370,855.667,625.692,-1,482.100,503.245,541.221,475.360,-1,-1,-1,-1,957.308,-1,-1,-1,2,0,1,0,2,0,0,0,0,2,2,2,2,0,2,2,2
277,8078.337,4721.039,-53.106,20.353,0.936818,-0.349806,-0.002720,0.347518,0.931525,-0.107200,0.040033,0.099482,0.994234,0,0.40029,0.33739,12.898,0.198,-1,552.774,867.066,623.286,-1,481.118,501.716,540.728,475.330,-1,-1,-1,-1,959.781,-1,-1,-1,2,0,1,0,2,0,0,0,0,2,2,2,2,0,2,2,2
278,8090.237,4726.424,-52.570,20.562,0.935518,-0.353270,-0.002601,0.350923,0.930099,-0.108485,0.040743,0.100577,0.994095,0,0.40029,0.33739,13.062,0.209,-1,552.317,879.887,620.111,-1,480.104,500.038,541.392,475.462,-1,-1,-1,-1,962.728,1005.609,-1,-1,2,0,1,0,2,0,0,0,0,2,2,2,2,0,0,2,2
279,8102.239,4731.948,-51.983,20.786,0.934113,-0.356970,-0.002243,0.354582,0.928555,-0.109807,0.041281,0.101777,0.993950,0,0.40029,0.33739,13.211,0.225,-1,551.562,895.304,616.311,-1,478.808,498.038,498.987,475.504,-1,-1,-1,-1,964.924,998.421,-1,-1,2,0,1,0,2,0,0,1,0,2,2,2,2,0,0,2,2
280,8114.338,4737.610,-51.320,21.022,0.932627,-0.360837,-0.001813,0.358418,0.926933,-0.111045,0.041749,0.102914,0.993814,0,0.40029,0.33739,13.359,0.236,-1,550.693,913.088,612.468,-1,477.444,495.986,487.622,475.824,-1,-1,-1,-1,966.799,991.081,-1,-1,2,0,1,0,2,0,0,1,0,2,2,2,2,0,0,2,2
281,8126.527,4743.420,-50.582,21.268,0.931062,-0.364859,-0.001426,0.362410,0.925248,-0.112139,0.042234,0.103892,0.993691,0,0.40029,0.33739,13.503,0.246,-1,549.828,923.755,608.833,-1,476.141,494.041,476.071,476.631,-1,-1,-1,-1,968.695,984.129,-1,-1,2,0,1,0,2,0,0,1,0,2,2,2,2,0,0,2,2
282,8138.798,4749.383,-49.765,21.524,0.929412,-0.369042,-0.001148,0.366555,0.923499,-0.113079,0.042791,0.104676,0.993585,0,0.40029,0.33739,13.643,0.256,-1,549.064,921.278,605.546,-1,474.940,492.306,464.327,477.999,-1,-1,-1,-1,970.908,977.851,-1,-1,2,0,1,0,2,0,0,1,0,2,2,2,2,0,0,2,2
283,8151.131,4755.458,-48.854,21.785,0.927714,-0.373290,-0.000899,0.370775,0.921740,-0.113670,0.043261,0.105120,0.993518,0,0.40029,0.33739,13.747,0.261,-1,548.069,901.384,602.253,-1,473.474,490.621,452.417,480.230,-1,-1,-1,-1,972.259,971.934,-1,-1,2,0,1,0,2,0,0,1,0,2,2,2,2,0,0,2,2
284,8163.451,4761.662,-47.789,22.053,0.925959,-0.377624,-0.000458,0.375116,0.919947,-0.113952,0.043452,0.105343,0.993486,0,0.40029,0.33739,13.794,0.269,-1,546.547,875.060,598.630,-1,471.779,488.769,443.275,483.228,-1,-1,-1,-1,974.614,965.534,-1,-1,2,0,1,0,2,0,0,1,0,2,2,2,2,0,0,2,2
285,8175.881,4768.037,-46.667,22.335,0.924073,-0.382215,-0.000355,0.379644,0.917964,-0.114947,0.044261,0.106085,0.993372,0,0.40029,0.33739,13.970,0.281,-1,546.504,848.376,595.876,-1,471.159,487.818,419.353,485.643,-1,-1,-1,-1,983.951,961.100,-1,-1,2,0,1,0,2,0,0,1,0,2,2,2,2,0,0,2,2
286,8188.444,4774.548,-45.524,22.624,0.922087,-0.386983,-0.000652,0.384274,0.915828,-0.116585,0.045713,0.107251,0.993181,0,0.40029,0.33739,14.150,0.289,-1,547.974,821.612,594.050,-1,471.603,487.788,412.927,487.468,-1,-1,-1,-1,1000.543,958.818,-1,-1,2,0,1,0,2,0,0,1,0,2,2,2,2,0,0,2,2
287,8201.119,4781.151,-44.348,22.910,0.920067,-0.391759,-0.001340,0.388841,0.913619,-0.118756,0.047748,0.108742,0.992923,0,0.40029,0.33739,14.292,0.286,-1,550.888,-1,593.191,-1,473.070,487.992,404.064,488.826,-1,-1,-1,-1,-1,958.746,-1,-1,2,0,2,0,2,0,0,1,0,2,2,2,2,2,0,2,2
288,8213.878,4787.836,-43.131,23.193,0.918027,-0.396511,-0.002239,0.393335,0.911360,-0.121291,0.050134,0.110468,0.992614,0,0.40029,0.33739,14.404,0.283,-1,554.777,-1,592.940,-1,475.212,488.626,395.079,489.879,-1,-1,-1,-1,-1,960.335,-1,-1,2,0,2,0,2,0,0,1,0,2,2,2,2,2,0,2,2
289,8226.672,4794.669,-41.962,23.486,0.915917,-0.401357,-0.002818,0.397978,0.909071,-0.123301,0.052049,0.111812,0.992365,0,0.40029,0.33739,14.505,0.293,-1,557.407,-1,591.711,-1,476.354,488.420,385.855,491.432,-1,-1,-1,-1,-1,960.058,-1,-1,2,0,2,0,2,0,0,1,0,2,2,2,2,2,0,2,2
290,8239.424,4801.730,-40.886,23.810,0.913591,-0.406626,-0.002743,0.403136,0.906591,-0.124796,0.053232,0.112907,0.992179,0,0.40029,0.33739,14.576,0.325,-1,558.438,-1,588.627,-1,475.868,486.746,376.471,493.073,-1,-1,-1,-1,-1,956.339,-1,-1,2,0,2,0,2,0,0,1,0,2,2,2,2,2,0,2,2
291,8252.095,4808.945,-39.872,24.150,0.911169,-0.412027,-0.001986,0.408547,0.904078,-0.125426,0.053474,0.113473,0.992101,0,0.40029,0.33739,14.581,0.340,-1,556.809,-1,583.793,-1,473.540,483.494,366.226,495.377,-1,-1,-1,-1,-1,948.770,-1,-1,2,0,2,0,2,0,0,1,0,2,2,2,2,2,0,2,2
292,8264.659,4816.311,-38.844,24.504,0.908671,-0.417512,-0.000485,0.414173,0.901549,-0.125178,0.052701,0.113544,0.992134,0,0.40029,0.33739,14.564,0.353,-1,552.620,-1,278.915,-1,469.456,478.699,354.992,498.297,-1,-1,-1,-1,-1,283.749,-1,-1,2,0,2,1,2,0,0,1,0,2,2,2,2,2,1,2,2
293,8277.291,4823.873,-37.900,24.869,0.906025,-0.423222,0.000942,0.419975,0.898795,-0.125654,0.052333,0.114241,0.992074,0,0.40029,0.33739,14.722,0.366,-1,549.384,-1,288.745,-1,465.833,474.148,343.625,499.537,-1,-1,-1,-1,-1,279.190,-1,-1,2,0,2,1,2,0,0,1,0,2,2,2,2,2,1,2,2
294,8290.047,4831.584,-37.057,25.238,0.903282,-0.429043,0.001962,0.425787,0.895846,-0.127146,0.052793,0.115684,0.991882,0,0.40029,0.33739,14.905,0.369,-1,548.075,-1,299.121,-1,463.170,470.469,332.119,499.092,-1,-1,-1,-1,-1,274.898,-1,-1,2,0,2,1,2,0,0,1,0,2,2,2,2,2,1,2,2
295,8305.498,4841.015,-36.125,25.684,0.899876,-0.436137,0.002775,0.432762,0.892086,-0.129997,0.054221,0.118182,0.991511,0,0.40029,0.33739,18.102,0.445,997.136,548.582,-1,312.341,-1,460.917,467.004,318.112,496.913,-1,-1,-1,-1,-1,270.052,-1,-1,1,0,2,1,2,0,0,1,0,2,2,2,2,2,1,2,2
296,8315.828,4847.395,-35.497,25.987,0.897507,-0.440988,0.003231,0.437494,0.889427,-0.132355,0.055494,0.120203,0.991197,0,0.36346,0.81026,12.141,0.304,986.733,549.579,-1,321.897,-1,460.032,465.070,308.717,494.813,-1,-1,-1,-1,-1,273.702,-1,-1,1,0,2,1,2,0,0,1,0,2,2,2,2,2,1,2,2
297,8328.679,4855.469,-34.595,26.380,0.894409,-0.447232,0.004044,0.443599,0.885916,-0.135545,0.057037,0.123026,0.990763,0,0.36346,0.81026,15.177,0.393,973.760,551.030,-1,335.148,-1,459.150,462.725,298.005,491.925,-1,-1,-1,-1,-1,283.694,-1,-1,1,0,2,1,2,0,0,1,0,2,2,2,2,2,1,2,2
298,8341.372,4863.470,-33.478,26.766,0.891374,-0.453236,0.005401,0.449601,0.882588,-0.137468,0.057538,0.124964,0.990492,0,0.36346,0.81026,15.004,0.386,960.598,550.358,-1,348.939,-1,457.065,459.596,290.972,491.211,-1,-1,-1,-1,-1,294.123,-1,-1,1,0,2,1,2,0,0,1,0,2,2,2,2,2,1,2,2
299,8353.862,4871.561,-32.155,27.170,0.888195,-0.459405,0.007602,0.455884,0.879083,-0.139225,0.057278,0.127125,0.990232,0,0.36346,0.81026,14.882,0.404,947.339,548.702,-1,364.815,-1,454.232,455.634,283.631,490.085,-1,-1,-1,-1,-1,305.999,-1,-1,1,0,2,1,2,0,0,1,0,2,2,2,2,2,1,2,2
300,8366.122,4879.759,-30.688,27.605,0.884767,-0.465907,0.010844,0.462646,0.875299,-0.140751,0.056086,0.129549,0.989986,0,0.36346,0.81026,14.748,0.435,933.920,547.020,-1,383.703,-1,450.254,450.388,314.284,488.561,-1,-1,-1,-1,-1,319.957,-1,909.484,1,0,2,1,2,0,0,1,0,2,2,2,2,2,1,2,1
301,8378.146,4888.167,-29.048,28.087,0.880873,-0.473141,0.014168,0.470087,0.870893,-0.143399,0.055509,0.132977,0.989564,0,0.36346,0.81026,14.672,0.482,920.789,548.187,-1,406.682,-1,447.468,446.065,283.918,485.640,-1,-1,-1,-1,-1,336.681,-1,773.222,1,0,2,1,2,0,0,1,0,2,2,2,2,2,1,2,1
302,8389.867,4896.944,-27.252,28.634,0.876307,-0.481454,0.016964,0.478457,0.865661,-0.147341,0.056253,0.137232,0.988940,0,0.36346,0.81026,14.643,0.547,907.970,553.364,-1,435.651,-1,446.800,443.538,277.105,481.097,-1,-1,-1,-1,-1,357.557,-1,641.924,1,0,2,1,2,0,0,1,0,2,2,2,2,2,1,2,1
303,8401.314,4905.995,-25.364,29.235,0.871147,-0.490669,0.018632,0.487563,0.859892,-0.151223,0.058179,0.140821,0.988324,0,0.36346,0.81026,14.593,0.601,895.278,561.057,-1,470.376,-1,447.747,442.762,270.176,477.840,-1,-1,-1,-1,-1,382.603,-1,519.553,1,0,2,1,2,0,0,1,0,2,2,2,2,2,1,2,1
304,8412.341,4915.372,-23.462,29.888,0.865403,-0.500696,0.019512,0.497382,0.853652,-0.154560,0.060731,0.143461,0.987791,0,0.36346,0.81026,14.474,0.653,882.558,569.408,-1,512.357,-1,449.293,442.843,262.947,476.290,-1,-1,-1,-1,-1,412.861,-1,406.558,1,0,2,1,2,0,0,1,0,2,2,2,2,2,1,2,1
305,8422.759,4925.112,-21.623,30.613,0.858899,-0.511745,0.020226,0.508223,0.846779,-0.157084,0.063260,0.145199,0.987378,0,0.36346,0.81026,14.262,0.726,869.704,576.762,-1,515.314,-1,451.103,442.636,252.154,475.989,-1,-1,-1,-1,-1,450.548,-1,301.469,1,0,2,0,2,0,0,1,0,2,2,2,2,2,1,2,1
306,8432.461,4935.178,-19.878,31.401,0.851700,-0.523610,0.020970,0.519910,0.839319,-0.158862,0.065581,0.146205,0.987078,0,0.36346,0.81026,13.980,0.788,856.841,584.833,-1,514.030,-1,452.296,442.268,237.128,475.517,-1,-1,-1,-1,-1,496.663,-1,205.465,1,0,2,0,2,0,0,1,0,2,2,2,2,2,1,2,1
307,8441.636,4945.269,-18.237,32.176,0.844473,-0.535190,0.020922,0.531303,0.832121,-0.159035,0.067704,0.145416,0.987051,0,0.36346,0.81026,13.638,0.775,844.029,591.416,-1,513.357,-1,452.783,441.841,222.420,477.305,-1,-1,-1,-1,-1,544.759,-1,122.531,1,0,2,0,2,0,0,1,0,2,2,2,2,2,1,2,1
308,8450.536,4955.383,-16.701,32.909,0.837429,-0.546221,0.018870,0.541941,0.825403,-0.158149,0.070808,0.142665,0.987235,0,0.36346,0.81026,13.473,0.733,831.443,598.803,-1,515.555,-1,454.417,443.126,211.306,482.406,-1,-1,-1,-1,-1,558.558,870.213,53.165,1,0,2,0,2,0,0,1,0,2,2,2,2,2,1,1,1
309,8459.287,4965.624,-15.387,33.606,0.830469,-0.556868,0.014788,0.551891,0.818856,-0.157770,0.075748,0.139184,0.987365,0,0.36346,0.81026,13.470,0.697,819.359,610.221,-1,521.181,42.082,458.468,446.714,224.338,488.472,-1,-1,-1,-1,-1,549.329,854.829,87.327,1,0,2,0,1,0,0,1,0,2,2,2,2,2,1,1,1
310,8467.892,4976.000,-14.338,34.283,0.823470,-0.567285,0.009276,0.561373,0.812302,-0.158193,0.082206,0.135475,0.987365,0,0.36346,0.81026,13.480,0.677,807.750,625.360,-1,529.303,58.704,464.477,452.187,237.017,494.267,-1,-1,-1,-1,-1,892.825,840.129,125.290,1,0,2,0,1,0,0,1,0,2,2,2,2,2,0,1,1
311,8476.453,4986.448,-13.558,34.933,0.816509,-0.577327,0.002477,0.570300,0.805888,-0.159069,0.089839,0.131294,0.987264,0,0.36346,0.81026,13.508,0.650,796.471,644.428,-1,539.947,75.880,474.040,459.398,295.479,500.312,-1,-1,-1,-1,-1,925.714,825.992,167.172,1,0,2,0,1,0,0,1,0,2,2,2,2,2,0,1,1
312,8486.753,4999.012,-12.890,35.668,0.808353,-0.588660,-0.006676,0.580176,0.798522,-0.160493,0.099807,0.125862,0.987014,0,0.36346,0.81026,16.246,0.735,783.206,670.296,-1,555.549,97.003,487.617,470.777,283.027,506.096,-1,-1,-1,-1,-1,975.166,809.615,222.181,1,0,2,0,1,0,0,1,0,2,2,2,2,2,0,1,1
313,8493.612,5007.380,-12.508,36.135,0.803037,-0.595786,-0.013082,0.586347,0.793855,-0.161220,0.106438,0.121795,0.986832,0,0.37462,0.76979,10.821,0.468,774.370,687.564,-1,566.624,111.526,496.781,478.603,278.574,509.651,-1,-1,-1,-1,-1,-1,798.877,261.618,1,0,2,0,1,0,0,1,0,2,2,2,2,2,2,1,1
314,8502.113,5017.784,-11.885,36.717,0.796438,-0.604401,-0.019636,0.594023,0.788017,-0.161758,0.113241,0.117166,0.986635,0,0.37462,0.76979,13.435,0.582,763.191,706.516,-1,577.833,130.414,506.185,486.420,292.811,513.643,-1,-1,-1,-1,-1,-1,785.376,315.896,1,0,2,0,1,0,0,1,0,2,2,2,2,2,2,1,1
315,8510.438,5028.081,-11.007,37.320,0.789787,-0.612970,-0.022447,0.602089,0.781718,-0.162497,0.117152,0.114823,0.986454,0,0.37462,0.76979,13.242,0.602,751.952,718.972,-1,581.917,150.820,511.204,489.616,304.640,513.915,-1,-1,-1,-1,-1,-1,771.701,379.140,1,0,2,0,1,0,0,1,0,2,2,2,2,2,2,1,1
316,8518.642,5038.077,-9.777,37.931,0.783270,-0.621305,-0.021619,0.610444,0.775229,-0.162414,0.117669,0.114017,0.986486,0,0.37462,0.76979,12.931,0.611,740.510,721.129,-1,578.451,172.274,511.342,487.418,314.738,512.068,-1,-1,-1,-1,-1,-1,757.787,451.913,1,0,2,0,1,0,0,1,0,2,2,2,2,2,2,1,1
317,8526.820,5047.922,-8.215,38.538,0.776870,-0.629392,-0.018424,0.618793,0.768546,-0.162582,0.116488,0.114905,0.986523,0,0.37462,0.76979,12.799,0.607,729.174,720.209,-1,572.298,194.728,510.492,483.252,323.274,507.925,-1,-1,-1,-1,-1,-1,743.999,466.131,1,0,2,0,1,0,0,1,0,2,2,2,2,2,2,1,1
318,8534.981,5057.789,-6.349,39.149,0.770289,-0.637519,-0.014970,0.627086,0.761530,-0.163813,0.115834,0.116796,0.986378,0,0.37462,0.76979,12.804,0.611,718.307,723.848,-1,567.537,218.561,511.822,482.303,330.310,502.663,-1,-1,-1,-1,728.004,-1,730.708,448.195,1,0,2,0,1,0,0,1,0,2,2,2,2,1,2,1,1
319,8543.073,5067.752,-4.258,39.758,0.763513,-0.645671,-0.012523,0.635186,0.754333,-0.165893,0.116559,0.118707,0.986064,0,0.37462,0.76979,12.835,0.609,707.896,734.174,-1,566.510,243.857,516.706,484.383,336.523,497.781,-1,-1,-1,-1,714.383,-1,717.959,-1,1,0,2,0,1,0,0,1,0,2,2,2,2,1,2,1,2
320,8550.973,5077.854,-2.039,40.372,0.756472,-0.653926,-0.011429,0.643182,0.746985,-0.168314,0.118602,0.119974,0.985667,0,0.37462,0.76979,12.824,0.615,697.828,750.402,-1,569.236,271.135,524.378,489.485,756.072,494.472,-1,-1,-1,-1,701.116,-1,705.634,-1,1,0,2,0,1,0,0,0,0,2,2,2,2,1,2,1,2
321,8558.638,5088.097,0.161,40.986,0.749288,-0.662141,-0.011702,0.651024,0.739717,-0.170257,0.121390,0.119953,0.985330,0,0.37462,0.76979,12.793,0.613,687.809,767.689,-1,574.248,300.470,533.347,496.299,769.106,492.665,-1,-1,-1,-1,688.031,-1,693.481,-1,1,0,2,0,1,0,0,0,0,2,2,2,2,1,2,1,2
322,8565.977,5098.515,2.252,41.624,0.741703,-0.670607,-0.012759,0.659081,0.732221,-0.171653,0.124455,0.118906,0.985075,0,0.37462,0.76979,12.743,0.639,677.829,783.998,-1,580.241,333.164,542.893,503.619,776.325,492.058,-1,-1,-1,-1,674.977,-1,681.395,-1,1,0,2,0,1,0,0,0,0,2,2,2,2,1,2,1,2
323,8573.089,5109.022,4.221,42.250,0.734168,-0.678814,-0.014464,0.666862,0.724919,-0.172589,0.127641,0.117064,0.984888,0,0.37462,0.76979,12.689,0.625,667.799,662.484,-1,590.997,368.008,553.205,512.297,778.542,492.569,-1,-1,-1,-1,662.056,-1,669.403,-1,1,1,2,0,1,0,0,0,0,2,2,2,2,1,2,1,2
324,8580.103,5119.515,6.078,42.852,0.726839,-0.686607,-0.016642,0.674290,0.717987,-0.172709,0.130532,0.114310,0.984832,0,0.37462,0.76979,12.621,0.603,657.584,649.524,-1,601.771,378.412,562.455,522.100,775.026,494.440,-1,-1,-1,-1,649.206,-1,657.397,-1,1,1,2,0,1,0,0,0,0,2,2,2,2,1,2,1,2
325,8586.830,5130.070,7.792,43.494,0.719063,-0.694717,-0.017776,0.682222,0.710540,-0.172356,0.132369,0.111807,0.984874,0,0.37462,0.76979,12.517,0.642,647.385,636.532,-1,609.510,360.701,568.904,529.172,772.100,113.864,-1,-1,-1,-1,636.225,-1,645.341,-1,1,1,2,0,1,0,0,0,1,2,2,2,2,1,2,1,2
326,8593.072,5140.684,9.368,44.193,0.710641,-0.703336,-0.017529,0.690896,0.702343,-0.171397,0.132861,0.109691,0.985046,0,0.37462,0.76979,12.313,0.699,637.319,623.548,-1,612.825,-1,571.796,532.374,770.520,122.403,-1,-1,-1,-1,623.131,-1,633.298,-1,1,1,2,0,2,0,0,0,1,2,2,2,2,1,2,1,2
327,8599.095,5151.259,10.825,44.883,0.702287,-0.711691,-0.017011,0.699425,0.694242,-0.169804,0.132658,0.107353,0.985331,0,0.37462,0.76979,12.170,0.690,627.214,610.712,-1,614.134,-1,572.250,533.504,766.975,131.133,-1,-1,-1,-1,610.119,-1,621.322,-1,1,1,2,0,2,0,0,0,1,2,2,2,2,1,2,1,2
328,8605.067,5161.855,12.237,45.553,0.694046,-0.719729,-0.017023,0.707571,0.686303,-0.168316,0.132825,0.104774,0.985586,0,0.37462,0.76979,12.164,0.670,617.196,598.059,-1,619.257,-1,573.713,535.455,762.055,139.955,-1,-1,-1,-1,597.334,-1,609.566,-1,1,1,2,0,2,0,0,0,1,2,2,2,2,1,2,1,2
329,8610.847,5172.521,13.667,46.231,0.685557,-0.727816,-0.017197,0.715678,0.678079,-0.167373,0.133478,0.102436,0.985744,0,0.37462,0.76979,12.132,0.679,607.512,585.612,-1,625.881,-1,576.667,539.657,758.757,149.177,-1,-1,-1,-1,584.823,-1,598.168,-1,1,1,2,0,2,0,0,0,1,2,2,2,2,1,2,1,2
330,8616.406,5183.227,15.169,46.914,0.676882,-0.735881,-0.017578,0.723693,0.669656,-0.166822,0.134532,0.100198,0.985830,0,0.37462,0.76979,12.063,0.683,598.139,573.402,-1,633.846,-1,580.904,545.174,756.568,158.699,-1,-1,-1,-1,572.601,-1,587.118,-1,1,1,2,0,2,0,0,0,1,2,2,2,2,1,2,1,2
331,8621.523,5193.906,16.818,47.627,0.667724,-0.744188,-0.018120,0.731932,0.660776,-0.166289,0.135723,0.097773,0.985911,0,0.37462,0.76979,11.842,0.712,589.240,561.526,-1,643.044,-1,585.922,551.574,754.536,168.660,-1,-1,-1,-1,560.724,-1,576.518,-1,1,1,2,0,2,0,0,0,1,2,2,2,2,1,2,1,2
332,8626.299,5204.580,18.556,48.362,0.658176,-0.752631,-0.018711,0.740323,0.651530,-0.165622,0.136843,0.095156,0.986012,0,0.37462,0.76979,11.693,0.735,580.667,549.900,-1,652.657,-1,591.016,557.755,752.188,179.024,-1,-1,-1,-1,549.092,-1,566.242,-1,1,1,2,0,2,0,0,0,1,2,2,2,2,1,2,1,2
333,8630.870,5215.223,20.321,49.099,0.648511,-0.760960,-0.019340,0.748635,0.642194,-0.164717,0.137763,0.092342,0.986151,0,0.37462,0.76979,11.583,0.737,572.247,538.470,-1,663.948,-1,595.112,563.301,749.013,189.625,-1,-1,-1,-1,537.640,-1,556.172,-1,1,1,2,0,2,0,0,0,1,2,2,2,2,1,2,1,2
334,8635.188,5225.820,22.135,49.837,0.638748,-0.769156,-0.019989,0.756844,0.632776,-0.163654,0.138524,0.089405,0.986315,0,0.38231,0.70790,11.443,0.738,564.029,527.276,-1,675.182,-1,599.390,569.250,745.593,200.480,-1,-1,-1,-1,526.418,-1,546.359,-1,1,1,2,0,2,0,0,0,1,2,2,2,2,1,2,1,2
335,8639.330,5236.378,23.980,50.568,0.628973,-0.777149,-0.020794,0.764852,0.623369,-0.162519,0.139263,0.086316,0.986486,0,0.38231,0.70790,11.341,0.731,555.964,516.292,-1,686.367,-1,603.759,575.564,741.735,211.521,-1,-1,-1,-1,515.409,-1,536.771,-1,1,1,2,0,2,0,0,0,1,2,2,2,2,1,2,1,2
336,8643.133,5246.924,25.842,51.341,0.618550,-0.785462,-0.021117,0.773200,0.613238,-0.161559,0.139848,0.083605,0.986637,0,0.38231,0.70790,11.211,0.773,548.416,505.586,-1,696.380,-1,607.852,581.466,739.792,223.159,-1,-1,-1,-1,504.681,-1,527.612,-1,1,1,2,0,2,0,0,0,1,2,2,2,2,1,2,1,2
337,8646.621,5257.484,27.723,52.154,0.607448,-0.794074,-0.021281,0.781824,0.602388,-0.160872,0.140564,0.081083,0.986746,0,0.38231,0.70790,11.121,0.813,541.413,495.174,-1,707.697,-1,612.403,587.325,738.987,235.427,-1,-1,-1,-1,494.270,-1,518.918,-1,1,1,2,0,2,0,0,0,1,2,2,2,2,1,2,1,2
338,8649.854,5268.045,29.599,52.990,0.595905,-0.802772,-0.021315,0.790504,0.591060,-0.160473,0.141421,0.078777,0.986810,0,0.38231,0.70790,11.044,0.836,534.855,485.047,-1,719.838,-1,497.957,593.056,739.202,248.241,-1,-1,-1,-1,484.168,-1,510.635,-1,1,1,2,0,2,1,0,0,1,2,2,2,2,1,2,1,2
339,8652.995,5278.581,31.533,53.801,0.584521,-0.811073,-0.022246,0.798690,0.579994,-0.160313,0.142928,0.075939,0.986815,0,0.38231,0.70790,10.994,0.812,528.437,475.168,-1,735.494,-1,485.658,601.484,737.574,261.147,-1,-1,-1,-1,474.364,-1,502.606,-1,1,1,2,0,2,1,0,0,1,2,2,2,2,1,2,1,2
340,8655.858,5289.168,33.420,54.656,0.572444,-0.819645,-0.022126,0.807171,0.568066,-0.160551,0.144164,0.074047,0.986779,0,0.38231,0.70790,10.968,0.854,522.553,465.528,-1,748.409,-1,473.554,609.064,739.730,274.944,-1,-1,-1,-1,464.800,-1,494.992,-1,1,1,2,0,2,1,0,0,1,2,2,2,2,1,2,1,2
341,8658.619,5299.745,35.274,55.511,0.560252,-0.828046,-0.021400,0.815518,0.555933,-0.160838,0.145078,0.072658,0.986749,0,0.38231,0.70790,10.931,0.856,516.847,456.043,-1,759.804,-1,461.696,615.378,743.686,289.215,-1,-1,-1,-1,455.375,-1,487.567,-1,1,1,2,0,2,1,0,0,1,2,2,2,2,1,2,1,2
342,8661.619,5312.431,37.513,56.562,0.545134,-0.838115,-0.019820,0.825562,0.540782,-0.161252,0.145865,0.071541,0.986714,0,0.38231,0.70790,13.036,1.051,510.485,444.976,-1,771.954,-1,447.845,621.092,750.751,307.258,-1,-1,-1,-1,444.369,-1,479.089,-1,1,1,2,0,2,1,0,0,1,2,2,2,2,1,2,1,2
343,8663.479,5320.902,39.046,57.262,0.534946,-0.844670,-0.019124,0.832061,0.530620,-0.161607,0.146652,0.070538,0.986670,0,0.38231,0.70790,8.673,0.700,506.431,437.777,-1,781.726,-1,438.870,625.846,754.630,319.661,-1,-1,-1,-1,437.230,-1,473.651,-1,1,1,2,0,2,1,0,0,1,2,2,2,2,1,2,1,2
344,8665.706,5331.534,41.007,58.115,0.522392,-0.852494,-0.018986,0.839761,0.518199,-0.162087,0.148017,0.068729,0.986594,0,0.38231,0.70790,10.862,0.853,501.347,428.885,-1,795.993,-1,427.902,633.391,757.817,335.392,-1,-1,-1,-1,428.436,-1,466.935,-1,1,1,2,0,2,1,0,0,1,2,2,2,2,1,2,1,2
345,8667.702,5342.284,43.005,58.979,0.509547,-0.860231,-0.019114,0.847321,0.505517,-0.162789,0.149698,0.066753,0.986476,0,0.52389,1.00000,10.934,0.863,496.514,420.160,432.089,810.779,-1,417.159,641.873,760.591,351.875,-1,-1,-1,-1,419.836,-1,460.465,-1,1,1,1,0,2,1,0,0,1,2,2,2,2,1,2,1,2
346,8669.332,5353.156,45.053,59.898,0.495752,-0.868256,-0.018987,0.855153,0.491850,-0.163699,0.151471,0.064917,0.986328,0,0.52389,1.00000,10.994,0.919,492.347,411.741,420.291,826.048,-1,406.669,650.206,764.447,369.665,-1,-1,-1,-1,411.553,-1,454.501,-1,1,1,1,0,2,1,0,0,1,2,2,2,2,1,2,1,2
347,8670.786,5364.258,47.049,60.847,0.481407,-0.876304,-0.018373,0.863031,0.477568,-0.164639,0.153048,0.063402,0.986183,0,0.52389,1.00000,11.197,0.949,488.402,403.355,408.478,839.907,-1,396.232,408.262,769.460,388.718,-1,-1,-1,-1,403.293,-1,448.688,-1,1,1,1,0,2,1,1,0,1,2,2,2,2,1,2,1,2
348,8672.108,5375.554,48.927,61.831,0.466468,-0.884377,-0.016887,0.871083,0.462606,-0.164956,0.153695,0.062237,0.986156,0,0.52389,1.00000,11.373,0.984,484.553,394.901,396.430,845.769,-1,385.764,395.218,775.289,409.102,-1,-1,-1,-1,394.902,-1,442.895,-1,1,1,1,0,2,1,1,0,1,2,2,2,2,1,2,1,2
349,8673.255,5387.056,50.686,62.844,0.451015,-0.892395,-0.014733,0.879244,0.447083,-0.164458,0.153349,0.061219,0.986274,0,0.52389,1.00000,11.559,1.013,480.727,386.351,384.158,844.455,-1,375.264,382.075,780.392,430.859,-1,-1,-1,-1,386.350,-1,437.076,-1,1,1,1,0,2,1,1,0,1,2,2,2,2,1,2,1,2
350,8674.259,5398.760,52.375,63.866,0.435329,-0.900180,-0.012854,0.887271,0.431416,-0.163185,0.152442,0.059634,0.986512,0,0.52389,1.00000,11.747,1.022,476.759,377.683,371.819,841.286,-1,364.763,368.937,782.777,442.166,-1,-1,-1,-1,377.642,-1,431.153,-1,1,1,1,0,2,1,1,0,1,2,2,2,2,1,2,1,2
351,8675.130,5410.705,53.994,64.887,0.419534,-0.907666,-0.011531,0.895068,0.415759,-0.161241,0.151147,0.057325,0.986848,0,0.52389,1.00000,11.976,1.021,-1,368.845,359.433,837.696,-1,354.227,355.796,781.823,449.948,-1,-1,-1,-1,368.743,373.114,425.063,-1,2,1,1,0,2,1,1,0,1,2,2,2,2,1,1,1,2
352,8675.688,5422.854,55.514,65.930,0.403284,-0.915018,-0.010184,0.902829,0.399677,-0.158611,0.149202,0.054771,0.987289,0,0.52389,1.00000,12.162,1.044,-1,359.992,347.021,831.443,-1,343.749,342.665,779.445,463.422,-1,-1,-1,-1,359.795,356.842,419.043,-1,2,1,1,0,2,1,1,0,1,2,2,2,2,1,1,1,2
353,8675.970,5435.177,56.963,66.991,0.386631,-0.922187,-0.009401,0.910466,0.383301,-0.155345,0.146860,0.051502,0.987816,0,0.52389,1.00000,12.326,1.061,-1,351.152,334.686,341.393,-1,333.369,329.608,773.991,465.107,-1,-1,-1,254.947,350.847,340.829,413.111,-1,2,1,1,1,2,1,1,0,0,2,2,2,1,1,1,1,2
354,8675.992,5447.719,58.268,68.067,0.369647,-0.929133,-0.008540,0.917986,0.366603,-0.151340,0.143745,0.048103,0.988445,0,0.52389,1.00000,12.542,1.075,-1,342.217,322.271,325.776,-1,322.984,316.508,767.436,463.732,-1,-1,-1,259.196,341.768,324.916,407.161,-1,2,1,1,1,2,1,1,0,0,2,2,2,1,1,1,1,2
355,8675.826,5460.477,59.420,69.141,0.352554,-0.935758,-0.007940,0.925249,0.349840,-0.146717,0.140069,0.044379,0.989147,0,0.52389,1.00000,12.759,1.075,-1,333.127,309.811,310.316,-1,312.564,303.378,759.049,462.970,-1,-1,-1,265.704,332.515,309.172,401.103,-1,2,1,1,1,2,1,1,0,0,2,2,2,1,1,1,1,2
356,8675.569,5473.434,60.497,70.187,0.335781,-0.941904,-0.008170,0.932023,0.333489,-0.141841,0.136325,0.040013,0.989856,0,0.52389,1.00000,12.960,1.046,-1,323.818,297.412,295.139,-1,302.096,290.282,747.911,463.042,-1,-1,-1,275.267,323.058,293.758,394.804,-1,2,1,1,1,2,1,1,0,0,2,2,2,1,1,1,1,2
357,8675.088,5486.527,61.485,71.248,0.318658,-0.947832,-0.008501,0.938624,0.316787,-0.136497,0.132069,0.035516,0.990604,0,0.39527,0.54920,13.102,1.061,-1,314.516,285.070,280.136,-1,291.706,277.216,735.804,462.605,-1,-1,-1,285.149,313.598,278.533,388.629,-1,2,1,1,1,2,1,1,0,0,2,2,2,1,1,1,1,2
358,8674.417,5499.653,62.317,72.302,0.301531,-0.953412,-0.009175,0.944942,0.300108,-0.130458,0.127134,0.030667,0.991411,0,0.39527,0.54920,13.144,1.054,-1,305.170,272.803,265.399,-1,281.394,264.236,721.985,462.370,105.531,-1,-1,295.273,304.076,263.586,382.454,-1,2,1,1,1,2,1,1,0,0,1,2,2,1,1,1,1,2
359,8673.562,5512.770,63.086,73.338,0.284584,-0.958592,-0.010699,0.950859,0.283673,-0.124082,0.121979,0.025138,0.992214,0,0.39527,0.54920,13.145,1.036,-1,295.844,260.769,251.065,-1,271.230,251.454,705.886,464.233,108.737,-1,-1,305.622,294.585,249.079,376.315,-1,2,1,1,1,2,1,1,0,0,1,2,2,1,1,1,1,2
360,8672.443,5525.853,63.855,74.372,0.267561,-0.963468,-0.011856,0.956506,0.267072,-0.117342,0.116221,0.020056,0.993021,0,0.39527,0.54920,13.130,1.034,-1,286.647,248.920,237.039,-1,261.269,238.838,691.834,466.293,111.701,-1,-1,316.214,285.209,234.891,370.407,269.370,2,1,1,1,2,1,1,0,0,1,2,2,1,1,1,1,1
361,8671.239,5538.948,64.681,75.373,0.250984,-0.967899,-0.013397,0.961658,0.250898,-0.110743,0.110550,0.014911,0.993759,0,0.39527,0.54920,13.151,1.000,-1,277.394,237.272,223.363,-1,251.390,226.371,678.473,468.807,120.722,-1,-1,327.036,275.804,221.099,-1,252.994,2,1,1,1,2,1,1,0,0,1,2,2,1,1,1,2,1
362,8669.580,5554.762,65.744,76.561,0.231144,-0.972801,-0.015215,0.967339,0.231462,-0.103348,0.104059,0.009170,0.994529,0,0.39527,0.54920,15.900,1.189,-1,266.365,223.578,207.315,-1,239.710,211.569,664.659,470.833,132.799,-1,-1,340.447,264.632,204.969,-1,233.748,2,1,1,1,2,1,1,0,0,1,2,2,1,1,1,2,1
363,8668.357,5565.370,66.450,77.337,0.218119,-0.975790,-0.016041,0.970801,0.218626,-0.098735,0.099851,0.005963,0.994985,0,0.39527,0.54920,10.678,0.776,-1,258.974,214.544,196.792,-1,231.968,201.751,657.607,471.022,141.133,-1,-1,349.657,257.162,194.416,-1,221.132,2,1,1,1,2,1,1,0,0,1,2,2,1,1,1,2,1
364,8666.731,5578.721,67.323,78.302,0.201843,-0.979268,-0.017144,0.974804,0.202558,-0.093422,0.094958,0.002145,0.995479,0,0.39527,0.54920,13.450,0.965,-1,249.738,203.401,183.831,215.648,222.364,189.540,649.556,473.471,151.400,-1,-1,361.461,247.859,181.455,-1,205.566,2,1,1,1,1,1,1,0,0,1,2,2,1,1,1,2,1
365,8665.053,5592.092,68.313,79.222,0.186232,-0.982312,-0.019487,0.978284,0.187232,-0.088911,0.090987,-0.002506,0.995849,0,0.39527,0.54920,13.476,0.920,-1,240.417,192.542,171.278,199.059,212.834,177.535,639.638,479.589,161.096,-1,-1,373.469,238.539,168.958,-1,190.540,2,1,1,1,1,1,1,0,0,1,2,2,1,1,1,2,1
366,8663.225,5605.464,69.477,80.120,0.170927,-0.985032,-0.022282,0.981369,0.172218,-0.085178,0.087741,-0.007308,0.996117,0,0.39527,0.54920,13.497,0.898,-1,231.174,181.981,159.102,183.057,203.478,165.758,630.225,486.739,170.535,-1,-1,385.708,229.341,156.874,-1,175.928,2,1,1,1,1,1,1,0,0,1,2,2,1,1,1,2,1
367,8661.391,5618.939,70.764,80.983,0.156165,-0.987411,-0.025158,0.984078,0.157725,-0.081931,0.084868,-0.011963,0.996320,0,0.39527,0.54920,13.599,0.863,-1,221.678,171.416,147.060,167.422,194.025,153.963,621.851,494.201,180.248,-1,-1,398.183,219.916,144.948,-1,161.522,2,1,1,1,1,1,1,0,0,1,2,2,1,1,1,2,1
368,8659.507,5632.503,72.104,81.827,0.141691,-0.989533,-0.027359,0.986525,0.143436,-0.078700,0.081800,-0.015839,0.996523,0,0.39527,0.54920,13.694,0.844,-1,211.942,160.741,135.038,151.965,184.463,142.065,615.941,500.077,190.647,-1,-1,410.911,210.241,133.045,-1,147.165,2,1,1,1,1,1,1,0,0,1,2,2,1,1,1,2,1
369,8657.601,5646.137,73.467,82.641,0.127697,-0.991389,-0.028992,0.988709,0.129553,-0.075304,0.078411,-0.019048,0.996739,0,0.39527,0.54920,13.766,0.814,-1,201.859,149.894,123.003,136.703,174.720,130.025,611.926,506.330,201.789,-1,-1,423.849,200.207,121.132,-1,132.870,2,1,1,1,1,1,1,0,0,1,2,2,1,1,1,2,1
370,8655.675,5659.866,74.786,83.417,0.114321,-0.992983,-0.030274,0.990604,0.116243,-0.072053,0.075067,-0.021752,0.996941,0,0.39527,0.54920,13.863,0.776,-1,191.382,138.892,110.969,121.664,164.764,117.846,609.101,512.900,213.387,-1,-1,437.013,189.784,109.231,-1,118.667,2,1,1,1,1,1,1,0,0,1,2,2,1,1,1,2,1
371,8653.221,5676.403,76.301,84.348,0.098230,-0.994673,-0.031251,0.992610,0.100178,-0.068489,0.071255,-0.024293,0.997162,0,0.39527,0.54920,16.719,0.931,-1,178.717,125.724,96.648,103.832,152.847,103.213,607.451,519.287,227.367,-1,-1,453.160,177.192,95.083,-1,101.703,2,1,1,1,1,1,1,0,0,1,2,2,1,1,1,2,1
372,8651.538,5687.426,77.332,84.953,0.087767,-0.995622,-0.032138,0.993748,0.089745,-0.066411,0.069005,-0.026108,0.997275,0,0.39527,0.54920,11.151,0.604,-1,170.169,117.002,87.238,92.201,144.904,93.502,606.108,523.971,236.503,-1,-1,464.049,168.709,85.802,-1,90.557,2,1,1,1,1,1,1,0,0,1,2,2,1,1,1,2,1
373,8649.381,5700.046,78.675,85.527,0.077828,-0.996408,-0.033382,0.994887,0.079783,-0.061919,0.064360,-0.028393,0.997523,0,0.39527,0.54920,12.803,0.574,-1,159.342,106.411,76.237,79.260,135.131,82.008,604.117,530.214,-1,-1,-1,476.536,157.892,74.933,-1,78.045,2,1,1,1,1,1,1,0,0,2,2,2,1,1,1,2,1
374,8648.898,5706.593,80.527,84.904,0.088698,-0.994988,-0.046165,0.994585,0.090992,-0.050206,0.054155,-0.041462,0.997671,0,0.39527,0.54920,6.564,-0.623,-1,146.697,97.349,69.149,75.058,125.132,74.104,574.185,564.195,-1,-1,-1,481.035,145.128,67.899,-1,73.651,2,1,1,1,1,1,1,0,0,2,2,2,1,1,1,2,1
375,8648.841,5709.401,82.408,84.033,0.103877,-0.992635,-0.062337,0.993843,0.106023,-0.032165,0.038537,-0.058612,0.997537,0,0.39527,0.54920,2.809,-0.871,-1,136.229,90.404,64.560,74.611,117.118,68.855,537.463,611.837,-1,-1,-1,488.336,134.411,63.281,-1,72.868,2,1,1,1,1,1,1,0,0,2,2,2,1,1,1,2,1
376,5625.965,4018.872,-170.186,-154.351,-0.901025,0.433594,-0.012279,-0.432638,-0.900360,-0.046663,-0.031288,-0.036732,0.998835,1,0.39527,0.54920,0.000,0.000,-1,609.650,-1,560.473,-1,482.707,471.027,485.262,528.866,-1,-1,-1,-1,-1,-1,-1,-1,2,0,2,0,2,0,0,0,0,2,2,2,2,2,2,2,2
377,5624.789,4018.792,-167.157,-154.349,-0.901093,0.433458,-0.012049,-0.432710,-0.900648,-0.039934,-0.028161,-0.030770,0.999130,0,0.31413,0.64703,1.180,0.002,-1,631.821,-1,572.622,-1,496.396,482.147,505.924,525.405,-1,-1,-1,-1,-1,-1,-1,-1,2,0,2,0,2,0,0,0,0,2,2,2,2,2,2,2,2
378,5623.275,4018.596,-165.227,-154.362,-0.901270,0.433107,-0.011429,-0.432559,-0.901001,-0.033012,-0.024595,-0.024809,0.999390,0,0.31413,0.64703,1.526,-0.012,-1,652.492,-1,582.678,-1,508.492,491.643,524.227,519.007,-1,-1,-1,-1,-1,-1,-1,-1,2,0,2,0,2,0,0,0,0,2,2,2,2,2,2,2,2
379,5621.511,4018.187,-164.404,-154.352,-0.901276,0.433118,-0.010507,-0.432740,-0.901131,-0.026432,-0.020916,-0.019276,0.999595,0,0.31413,0.64703,1.811,0.009,-1,670.423,-1,590.273,-1,518.379,499.355,539.034,510.660,-1,-1,-1,-1,-1,-1,-1,-1,2,0,2,0,2,0,0,0,0,2,2,2,2,2,2,2,2
380,5619.610,4017.456,-164.549,-154.302,-0.900947,0.433822,-0.009637,-0.433564,-0.900878,-0.020985,-0.017786,-0.014728,0.999733,0,0.31413,0.64703,2.036,0.051,-1,683.517,-1,594.639,-1,525.037,504.264,549.166,501.847,-1,-1,-1,-1,-1,-1,-1,-1,2,0,2,0,2,0,0,0,0,2,2,2,2,2,2,2,2
381,5617.647,4016.357,-165.438,-154.212,-0.900297,0.435181,-0.009080,-0.434986,-0.900263,-0.017698,-0.015876,-0.011984,0.999802,0,0.31413,0.64703,2.250,0.090,-1,689.398,-1,595.314,-1,527.455,505.620,553.105,494.615,-1,-1,-1,-1,-1,-1,-1,-1,2,0,2,0,2,0,0,0,0,2,2,2,2,2,2,2,2
382,5615.674,4014.898,-166.794,-154.101,-0.899449,0.436932,-0.008990,-0.436738,-0.899414,-0.017704,-0.015821,-0.011997,0.999803,0,0.31413,0.64703,2.453,0.112,-1,685.829,-1,592.166,-1,524.774,502.957,549.294,491.317,-1,-1,-1,-1,-1,-1,-1,-1,2,0,2,0,2,0,0,0,0,2,2,2,2,2,2,2,2
383,5613.694,4013.100,-168.387,-153.985,-0.898539,0.438792,-0.009404,-0.438529,-0.898461,-0.021452,-0.017862,-0.015151,0.999726,0,0.31413,0.64703,2.675,0.115,-1,672.509,-1,585.525,-1,516.995,496.421,537.685,493.209,-1,-1,-1,-1,-1,-1,-1,-1,2,0,2,0,2,0,0,0,0,2,2,2,2,2,2,2,2
384,5611.658,4010.966,-170.079,-153.869,-0.897575,0.440742,-0.010272,-0.440326,-0.897389,-0.028400,-0.021735,-0.020968,0.999544,0,0.31413,0.64703,2.950,0.117,-1,651.638,-1,576.171,-1,505.197,486.879,520.226,499.949,-1,-1,-1,-1,-1,-1,-1,-1,2,0,2,0,2,0,0,0,0,2,2,2,2,2,2,2,2
385,5609.482,4008.509,-171.795,-153.745,-0.896510,0.442876,-0.011449,-0.442210,-0.896129,-0.037464,-0.026852,-0.028524,0.999232,0,0.31413,0.64703,3.281,0.124,-1,626.642,-1,565.203,-1,491.040,475.690,499.661,510.323,-1,-1,-1,-1,-1,-1,-1,-1,2,0,2,0,2,0,0,0,0,2,2,2,2,2,2,2,2
386,5606.974,4005.718,-173.310,-153.600,-0.895278,0.445344,-0.012074,-0.444421,-0.894659,-0.045545,-0.031085,-0.035410,0.998889,0,0.31413,0.64703,3.753,0.145,-1,606.198,-1,556.767,-1,479.435,466.749,481.879,520.516,-1,-1,-1,-1,-1,-1,-1,-1,2,0,2,0,2,0,0,0,0,2,2,2,2,2,2,2,2
387,5603.938,4002.686,-174.323,-153.417,-0.893810,0.448300,-0.011444,-0.447253,-0.893002,-0.050122,-0.032689,-0.039681,0.998678,0,0.31413,0.64703,4.291,0.183,-1,596.676,-1,554.454,-1,474.334,463.224,471.270,527.322,-1,-1,-1,-1,-1,-1,-1,-1,2,0,2,0,2,0,0,0,0,2,2,2,2,2,2,2,2
388,5600.432,3999.475,-174.721,-153.194,-0.892082,0.451761,-0.010058,-0.450738,-0.891198,-0.051008,-0.032007,-0.040970,0.998648,0,0.31413,0.64703,4.755,0.223,-1,597.289,-1,557.445,-1,475.306,464.597,468.298,529.635,-1,-1,-1,-1,-1,-1,-1,-1,2,0,2,0,2,0,0,0,0,2,2,2,2,2,2,2,2
389,5596.477,3996.091,-174.555,-152.938,-0.890117,0.455653,-0.008457,-0.454752,-0.889268,-0.049030,-0.029861,-0.039797,0.998761,0,0.38869,0.98685,5.205,0.256,-1,605.375,-1,563.825,-1,480.707,469.460,471.605,528.508,-1,-1,-1,-1,-1,-1,-1,-1,2,0,2,0,2,0,0,0,0,2,2,2,2,2,2,2,2
390,5592.151,3992.487,-173.986,-152.652,-0.887900,0.459980,-0.007267,-0.459224,-0.887158,-0.045431,-0.027344,-0.037001,0.998941,0,0.38869,0.98685,5.630,0.286,-1,617.210,-1,571.217,-1,488.168,475.934,479.140,525.218,-1,-1,-1,-1,-1,-1,-1,-1,2,0,2,0,2,0,0,0,0,2,2,2,2,2,2,2,2
391,5587.601,3988.647,-173.246,-152.338,-0.885410,0.464758,-0.007044,-0.464108,-0.884801,-0.041609,-0.025570,-0.033572,0.999109,0,0.38869,0.98685,5.954,0.314,-1,628.457,-1,576.964,-1,494.981,481.549,488.370,521.126,-1,-1,-1,-1,-1,-1,-1,-1,2,0,2,0,2,0,0,0,0,2,2,2,2,2,2,2,2
392,5582.855,3984.593,-172.551,-152.010,-0.882752,0.469777,-0.007633,-0.469179,-0.882257,-0.038662,-0.024897,-0.030548,0.999223,0,0.38869,0.98685,6.242,0.328,-1,636.500,-1,580.240,-1,499.716,485.256,496.717,517.735,-1,-1,-1,-1,-1,-1,-1,-1,2,0,2,0,2,0,0,0,0,2,2,2,2,2,2,2,2
393,5577.954,3980.262,-172.044,-151.653,-0.879819,0.475230,-0.008589,-0.474656,-0.879416,-0.036455,-0.024878,-0.027997,0.999298,0,0.38869,0.98685,6.540,0.356,-1,641.943,-1,581.803,-1,502.832,487.533,503.605,514.813,-1,-1,-1,-1,-1,-1,-1,-1,2,0,2,0,2,0,0,0,0,2,2,2,2,2,2,2,2
394,5572.990,3975.575,-171.808,-151.255,-0.876494,0.481320,-0.009486,-0.480763,-0.876163,-0.034708,-0.025017,-0.025861,0.999352,0,0.38869,0.98685,6.827,0.399,-1,645.903,-1,582.664,-1,504.997,489.119,508.896,512.071,-1,-1,-1,-1,-1,-1,-1,-1,2,0,2,0,2,0,0,0,0,2,2,2,2,2,2,2,2
395,5568.126,3970.463,-171.871,-150.789,-0.872550,0.488419,-0.010176,-0.487876,-0.872276,-0.033347,-0.025164,-0.024132,0.999392,0,0.38869,0.98685,7.056,0.466,-1,648.793,-1,583.186,-1,506.522,490.292,512.441,509.449,-1,-1,-1,-1,-1,-1,-1,-1,2,0,2,0,2,0,0,0,0,2,2,2,2,2,2,2,2
396,5563.295,3964.950,-172.227,-150.270,-0.868101,0.496288,-0.009993,-0.495763,-0.867841,-0.032739,-0.024920,-0.023467,0.999414,0,0.38869,0.98685,7.330,0.519,-1,651.111,-1,584.980,-1,508.041,491.862,512.987,508.289,-1,-1,-1,-1,-1,-1,-1,-1,2,0,2,0,2,0,0,0,0,2,2,2,2,2,2,2,2
397,5558.482,3959.055,-172.892,-149.710,-0.863226,0.504731,-0.009328,-0.504219,-0.862955,-0.032738,-0.024573,-0.023557,0.999420,0,0.38869,0.98685,7.610,0.559,-1,652.244,-1,587.128,-1,509.122,493.181,511.091,507.872,-1,-1,-1,-1,-1,-1,-1,-1,2,0,2,0,2,0,0,0,0,2,2,2,2,2,2,2,2
398,5553.538,3952.889,-173.807,-149.144,-0.858208,0.513239,-0.008053,-0.512734,-0.857890,-0.033600,-0.024154,-0.024707,0.999403,0,0.38869,0.98685,7.904,0.566,-1,651.922,-1,589.627,-1,509.595,494.265,506.424,508.803,-1,-1,-1,-1,-1,-1,-1,-1,2,0,2,0,2,0,0,0,0,2,2,2,2,2,2,2,2
399,5548.487,3946.435,-174.860,-148.567,-0.853002,0.521866,-0.006599,-0.521356,-0.852613,-0.035199,-0.023995,-0.026584,0.999359,0,0.38869,0.98685,8.196,0.577,-1,649.866,-1,591.374,-1,509.168,494.705,499.979,510.625,-1,-1,-1,-1,-1,-1,-1,-1,2,0,2,0,2,0,0,0,0,2,2,2,2,2,2,2,2
400,5543.252,3939.741,-175.942,-148.000,-0.847805,0.530283,-0.005100,-0.529759,-0.847327,-0.037309,-0.024105,-0.028929,0.999291,0,0.38869,0.98685,8.498,0.566,-1,646.580,-1,592.560,-1,508.080,494.669,492.681,513.353,-1,-1,-1,-1,-1,-1,-1,-1,2,0,2,0,2,0,0,0,0,2,2,2,2,2,2,2,2
401,5537.643,3932.891,-176.840,-147.474,-0.842916,0.538035,-0.003329,-0.537524,-0.842355,-0.038808,-0.023684,-0.030922,0.999241,0,0.38869,0.98685,8.853,0.526,-1,645.594,-1,595.268,-1,508.454,495.919,486.893,515.576,-1,-1,-1,-1,-1,-1,-1,-1,2,0,2,0,2,0,0,0,0,2,2,2,2,2,2,2,2
402,5531.870,3925.896,-177.391,-146.935,-0.837818,0.545943,-0.002565,-0.545448,-0.837241,-0.038909,-0.023390,-0.031199,0.999240,0,0.38869,0.98685,9.069,0.540,-1,646.870,-1,597.419,-1,509.795,497.528,485.355,515.083,-1,-1,-1,-1,-1,-1,-1,-1,2,0,2,0,2,0,0,0,0,2,2,2,2,2,2,2,2
403,5525.949,3918.760,-177.571,-146.387,-0.832577,0.553904,-0.002402,-0.553431,-0.832030,-0.037955,-0.023022,-0.030271,0.999277,0,0.38869,0.98685,9.273,0.547,-1,650.568,-1,599.958,-1,512.443,500.004,487.145,513.187,-1,-1,-1,-1,-1,-1,-1,-1,2,0,2,0,2,0,0,0,0,2,2,2,2,2,2,2,2
404,5519.891,3911.422,-177.492,-145.834,-0.827203,0.561897,-0.002481,-0.561453,-0.826710,-0.036340,-0.022470,-0.028668,0.999336,0,0.38869,0.98685,9.515,0.553,-1,656.252,-1,603.064,-1,516.234,503.388,490.989,510.699,-1,-1,-1,-1,-1,-1,-1,-1,2,0,2,0,2,0,0,0,0,2,2,2,2,2,2,2,2
405,5513.710,3903.856,-177.368,-145.260,-0.821543,0.570139,-0.003002,-0.569719,-0.821119,-0.034407,-0.022082,-0.026556,0.999403,0,0.38869,0.98685,9.770,0.574,-1,662.215,-1,605.562,-1,519.857,506.579,495.927,507.336,-1,-1,-1,-1,-1,-1,-1,-1,2,0,2,0,2,0,0,0,0,2,2,2,2,2,2,2,2
406,5507.385,3896.056,-177.314,-144.660,-0.815540,0.578689,-0.003599,-0.578288,-0.815179,-0.032643,-0.021824,-0.024540,0.999461,0,0.38869,0.98685,10.042,0.600,-1,667.637,-1,607.329,-1,523.124,509.365,500.498,504.021,-1,-1,-1,-1,-1,-1,-1,-1,2,0,2,0,2,0,0,0,0,2,2,2,2,2,2,2,2
407,5501.115,3887.916,-177.394,-144.008,-0.808913,0.587912,-0.004451,-0.587530,-0.808619,-0.030715,-0.021657,-0.022230,0.999518,0,0.38869,0.98685,10.275,0.652,-1,672.819,-1,608.186,-1,526.074,511.654,505.203,499.824,-1,-1,-1,-1,-1,-1,-1,-1,2,0,2,0,2,0,0,0,0,2,2,2,2,2,2,2,2
408,5495.003,3879.449,-177.570,-143.310,-0.801699,0.597708,-0.004912,-0.597350,-0.801458,-0.028955,-0.021243,-0.020279,0.999569,0,0.38869,0.98685,10.442,0.698,-1,678.249,-1,610.240,-1,529.330,514.410,508.902,495.509,-1,-1,-1,-1,-1,-1,-1,-1,2,0,2,0,2,0,0,0,0,2,2,2,2,2,2,2,2
409,5489.103,3870.634,-177.807,-142.560,-0.793824,0.608130,-0.004635,-0.607806,-0.793611,-0.027467,-0.020382,-0.018987,0.999612,0,0.38869,0.98685,10.607,0.750,-1,684.320,-1,613.918,-1,533.272,518.177,511.109,492.388,-1,-1,-1,-1,-1,-1,-1,-1,2,0,2,0,2,0,0,0,0,2,2,2,2,2,2,2,2
410,5483.297,3861.473,-178.150,-141.775,-0.785441,0.618924,-0.003775,-0.618637,-0.785237,-0.026266,-0.019222,-0.018295,0.999648,0,0.38869,0.98685,10.846,0.785,-1,690.502,-1,618.671,-1,537.574,522.528,511.849,490.248,-1,-1,-1,-1,-1,-1,-1,-1,2,0,2,0,2,0,0,0,0,2,2,2,2,2,2,2,2
411,5477.611,3851.969,-178.611,-140.950,-0.776468,0.630150,-0.002889,-0.629895,-0.776270,-0.025254,-0.018156,-0.017790,0.999677,0,0.38869,0.98685,11.075,0.825,-1,695.955,-1,623.243,-1,541.531,526.691,511.793,488.152,-1,-1,-1,-1,-1,-1,-1,-1,2,0,2,0,2,0,0,0,0,2,2,2,2,2,2,2,2
412,5472.021,3842.200,-179.119,-140.102,-0.767068,0.641563,-0.001998,-0.641330,-0.766867,-0.024723,-0.017393,-0.017683,0.999692,0,0.38869,0.98685,11.256,0.848,-1,700.044,-1,626.220,-1,544.687,530.061,510.719,486.475,-1,-1,-1,-1,-1,-1,-1,-1,2,0,2,0,2,0,0,0,0,2,2,2,2,2,2,2,2
413,5466.443,3832.172,-179.651,-139.239,-0.757325,0.653038,-0.001129,-0.652816,-0.757111,-0.024782,-0.017038,-0.018031,0.999692,0,0.38869,0.98685,11.474,0.863,-1,702.422,-1,628.379,-1,547.002,532.527,508.615,485.602,-1,-1,-1,-1,-1,-1,-1,-1,2,0,2,0,2,0,0,0,0,2,2,2,2,2,2,2,2
414,5460.746,3821.919,-180.252,-138.399,-0.747675,0.664065,-0.000589,-0.663842,-0.747447,-0.025229,-0.017194,-0.018472,0.999682,0,0.38869,0.98685,11.729,0.840,-1,702.850,-1,630.016,-1,548.042,533.819,506.192,484.517,-1,-1,-1,-1,-1,-1,-1,-1,2,0,2,0,2,0,0,0,0,2,2,2,2,2,2,2,2
415,5455.151,3811.307,-180.923,-137.515,-0.737336,0.675524,-0.001382,-0.675283,-0.737124,-0.025319,-0.018122,-0.017735,0.999678,0,0.52736,0.74438,11.996,0.884,-1,701.933,-1,629.072,-1,547.548,533.348,505.745,480.505,-1,-1,-1,-1,-1,-1,-1,-1,2,0,2,0,2,0,0,0,0,2,2,2,2,2,2,2,2
416,5449.571,3800.298,-181.669,-136.596,-0.726387,0.687279,-0.003047,-0.687009,-0.726214,-0.025152,-0.019499,-0.016177,0.999679,0,0.52736,0.74438,12.343,0.919,-1,700.279,-1,626.438,-1,546.182,531.884,506.619,474.636,-1,-1,-1,-1,-1,-1,-1,-1,2,0,2,0,2,0,0,0,0,2,2,2,2,2,2,2,2
417,5443.962,3788.891,-182.453,-135.644,-0.714845,0.699266,-0.004863,-0.698965,-0.714712,-0.025187,-0.021088,-0.014606,0.999671,0,0.52736,0.74438,12.712,0.952,-1,697.183,-1,622.131,-1,544.331,530.119,507.353,468.928,-1,-1,-1,-1,-1,-1,-1,-1,2,0,2,0,2,0,0,0,0,2,2,2,2,2,2,2,2
418,5438.283,3777.063,-183.264,-134.690,-0.703099,0.711068,-0.005817,-0.710741,-0.702985,-0.025679,-0.022349,-0.013921,0.999653,0,0.52736,0.74438,13.120,0.953,-1,694.204,-1,619.539,-1,542.972,528.828,506.361,465.150,-1,-1,-1,-1,-1,-1,-1,-1,2,0,2,0,2,0,0,0,0,2,2,2,2,2,2,2,2
419,5432.708,3764.835,-184.021,-133.729,-0.691067,0.722769,-0.005715,-0.722418,-0.690942,-0.026679,-0.023231,-0.014308,0.999628,0,0.52736,0.74438,13.439,0.961,-1,691.564,-1,619.408,-1,542.363,528.647,503.476,463.667,-1,-1,-1,-1,-1,-1,-1,-1,2,0,2,0,2,0,0,0,0,2,2,2,2,2,2,2,2
420,5427.288,3752.193,-184.740,-132.751,-0.678612,0.734479,-0.005148,-0.734101,-0.678460,-0.028056,-0.024099,-0.015260,0.999593,0,0.52736,0.74438,13.755,0.979,-1,688.550,-1,619.947,-1,541.823,528.765,499.617,463.868,-1,-1,-1,-1,-1,-1,-1,-1,2,0,2,0,2,0,0,0,0,2,2,2,2,2,2,2,2
421,5421.797,3739.190,-185.460,-131.782,-0.666086,0.745863,-0.004170,-0.745455,-0.665889,-0.029823,-0.025020,-0.016756,0.999547,0,0.52736,0.74438,14.115,0.969,-1,684.619,-1,620.378,-1,541.062,529.137,494.829,465.179,-1,-1,-1,-1,-1,-1,-1,-1,2,0,2,0,2,0,0,0,0,2,2,2,2,2,2,2,2
422,5415.883,3725.883,-186.119,-130.930,-0.654929,0.755688,-0.002152,-0.755270,-0.654656,-0.031516,-0.025225,-0.019015,0.999501,0,0.52736,0.74438,14.562,0.852,-1,682.275,-1,622.242,-1,541.632,530.962,489.308,469.163,-1,-1,-1,-1,-1,-1,-1,-1,2,0,2,0,2,0,0,0,0,2,2,2,2,2,2,2,2
423,5409.687,3712.270,-186.686,-130.125,-0.644248,0.764816,-0.000611,-0.764397,-0.643920,-0.032627,-0.025347,-0.020553,0.999467,0,0.52736,0.74438,14.957,0.805,-1,680.661,-1,624.606,-1,542.706,532.752,485.674,472.067,-1,-1,-1,-1,-1,-1,-1,-1,2,0,2,0,2,0,0,0,0,2,2,2,2,2,2,2,2
424,5403.255,3698.454,-187.124,-129.346,-0.633779,0.773514,-0.000699,-0.773069,-0.633445,-0.033336,-0.026228,-0.020588,0.999444,0,0.52736,0.74438,15.239,0.779,-1,676.958,-1,624.514,-1,542.800,533.066,485.242,472.342,-1,-1,-1,-1,-1,-1,-1,-1,2,0,2,0,2,0,0,0,0,2,2,2,2,2,2,2,2
425,5396.721,3684.391,-187.509,-128.578,-0.623330,0.781955,-0.002626,-0.781456,-0.623046,-0.033777,-0.028048,-0.019002,0.999426,0,0.52736,0.74438,15.507,0.768,-1,672.356,-1,621.375,-1,541.428,531.453,487.934,470.545,-1,-1,-1,-1,-1,-1,-1,-1,2,0,2,0,2,0,0,0,0,2,2,2,2,2,2,2,2
426,5390.049,3670.029,-187.890,-127.818,-0.612878,0.790164,-0.004637,-0.789610,-0.612650,-0.034294,-0.029939,-0.017357,0.999401,0,0.52736,0.74438,15.836,0.760,-1,667.677,-1,617.545,-1,539.944,529.908,490.830,469.550,-1,-1,-1,-1,-1,-1,-1,-1,2,0,2,0,2,0,0,0,0,2,2,2,2,2,2,2,2
427,5383.274,3655.311,-188.397,-127.047,-0.602165,0.798345,-0.006520,-0.797738,-0.601993,-0.034915,-0.031800,-0.015823,0.999369,0,0.52736,0.74438,16.202,0.771,-1,662.724,-1,613.915,-1,538.220,528.208,493.228,468.514,-1,-1,-1,-1,-1,999.420,-1,-1,2,0,2,0,2,0,0,0,0,2,2,2,2,2,0,2,2
428,5376.534,3640.167,-189.061,-126.256,-0.591060,0.806586,-0.008266,-0.805933,-0.590945,-0.035431,-0.033463,-0.014280,0.999338,0,0.52736,0.74438,16.576,0.791,-1,658.186,-1,610.798,-1,536.577,526.463,495.256,467.176,-1,-1,-1,-1,-1,988.482,-1,-1,2,0,2,0,2,0,0,0,0,2,2,2,2,2,0,2,2
429,5369.908,3624.624,-189.791,-125.457,-0.579744,0.814744,-0.009464,-0.814057,-0.579672,-0.035947,-0.034774,-0.013135,0.999309,0,0.52736,0.74438,16.896,0.799,-1,654.048,-1,608.637,-1,535.029,525.227,496.419,466.562,-1,-1,-1,-1,-1,979.734,-1,-1,2,0,2,0,2,0,0,0,0,2,2,2,2,2,0,2,2
430,5363.744,3608.724,-190.484,-124.590,-0.567324,0.823425,-0.010670,-0.822681,-0.567292,-0.037086,-0.036590,-0.012261,0.999255,0,0.52736,0.74438,17.054,0.867,-1,648.560,-1,606.083,-1,532.315,523.461,496.934,467.124,-1,-1,-1,-1,-1,970.399,-1,-1,2,0,2,0,2,0,0,0,0,2,2,2,2,2,0,2,2
431,5357.835,3592.440,-191.158,-123.700,-0.554437,0.832153,-0.011036,-0.831346,-0.554411,-0.038625,-0.038261,-0.012240,0.999193,0,0.52736,0.74438,17.323,0.890,-1,641.530,-1,604.341,-1,529.850,522.433,495.864,470.211,-1,-1,-1,-1,-1,962.570,-1,-1,2,0,2,0,2,0,0,0,0,2,2,2,2,2,0,2,2
432,5351.921,3575.808,-191.842,-122.845,-0.541947,0.840351,-0.010152,-0.839492,-0.541880,-0.040241,-0.039318,-0.013286,0.999138,0,0.52736,0.74438,17.652,0.855,-1,634.370,-1,604.736,-1,528.376,522.677,492.982,475.861,-1,-1,-1,-1,1004.155,957.440,-1,-1,2,0,2,0,2,0,0,0,0,2,2,2,2,0,0,2,2
433,5345.869,3559.254,-192.557,-122.083,-0.530700,0.847513,-0.008836,-0.846562,-0.530553,-0.042964,-0.041101,-0.015321,0.999038,0,-0.04797,0.95616,17.625,0.762,-1,625.728,-1,603.838,-1,525.201,521.023,488.376,483.095,-1,-1,-1,-1,987.470,950.394,-1,-1,2,0,2,0,2,0,0,0,0,2,2,2,2,0,0,2,2
434,5339.984,3543.229,-193.313,-121.391,-0.520365,0.853902,-0.008459,-0.852782,-0.520149,-0.046994,-0.044528,-0.017240,0.998859,0,-0.04797,0.95616,17.071,0.692,-1,613.904,-1,598.988,-1,518.768,515.644,483.830,489.626,-1,-1,-1,-1,964.537,936.876,-1,-1,2,0,2,0,2,0,0,0,0,2,2,2,2,0,0,2,2
435,5334.285,3527.643,-194.104,-120.739,-0.510537,0.859807,-0.009132,-0.858494,-0.510297,-0.050854,-0.048385,-0.018123,0.998664,0,-0.04797,0.95616,16.596,0.652,-1,601.956,-1,592.442,-1,511.062,509.390,481.090,493.669,-1,-1,-1,-1,941.798,920.509,-1,-1,2,0,2,0,2,0,0,0,0,2,2,2,2,0,0,2,2
436,5328.757,3512.427,-194.875,-120.116,-0.501083,0.865334,-0.010641,-0.863856,-0.500886,-0.053533,-0.051654,-0.017632,0.998509,0,-0.04797,0.95616,16.189,0.623,-1,592.190,-1,585.705,-1,503.926,504.031,480.965,494.445,-1,-1,-1,-1,924.065,904.444,-1,-1,2,0,2,0,2,0,0,0,0,2,2,2,2,0,0,2,2
437,5323.445,3497.539,-195.585,-119.513,-0.491914,0.870563,-0.011862,-0.868997,-0.491776,-0.054779,-0.053522,-0.016638,0.998428,0,-0.04797,0.95616,15.807,0.603,-1,585.759,-1,581.515,-1,499.490,501.140,482.034,494.425,-1,-1,-1,-1,913.343,892.018,-1,-1,2,0,2,0,2,0,0,0,0,2,2,2,2,0,0,2,2
438,5318.346,3482.961,-196.322,-118.922,-0.482902,0.875582,-0.012690,-0.873983,-0.482819,-0.055133,-0.054401,-0.015533,0.998398,0,-0.04797,0.95616,15.444,0.591,-1,581.324,-1,579.151,-1,496.656,499.849,483.308,494.128,-1,-1,-1,-1,906.699,882.966,-1,-1,2,0,2,0,2,0,0,0,0,2,2,2,2,0,0,2,2
439,5313.469,3468.712,-197.062,-118.340,-0.473996,0.880425,-0.013429,-0.878823,-0.473972,-0.054972,-0.054763,-0.014255,0.998398,0,-0.04797,0.95616,15.061,0.582,-1,578.032,-1,577.694,-1,494.587,499.380,484.898,493.447,-1,-1,-1,-1,902.393,875.718,-1,-1,2,0,2,0,2,0,0,0,0,2,2,2,2,0,0,2,2
440,5308.847,3454.771,-197.812,-117.778,-0.465351,0.885015,-0.013986,-0.883428,-0.465379,-0.054556,-0.054792,-0.013032,0.998413,0,-0.04797,0.95616,14.687,0.562,-1,575.933,-1,577.006,-1,493.042,497.752,486.373,492.917,-1,-1,-1,-1,899.347,869.743,-1,-1,2,0,2,0,2,0,0,0,0,2,2,2,2,0,0,2,2
441,5304.260,3441.200,-198.548,-117.280,-0.457663,0.889016,-0.013948,-0.887450,-0.457707,-0.054199,-0.054568,-0.012427,0.998433,0,-0.04797,0.95616,14.325,0.498,-1,573.765,-1,577.342,-1,491.876,496.401,486.879,493.259,-1,-1,-1,-1,896.416,865.017,-1,-1,2,0,2,0,2,0,0,0,0,2,2,2,2,0,0,2,2
442,5299.834,3427.962,-199.280,-116.815,-0.450442,0.892697,-0.013938,-0.891133,-0.450499,-0.054149,-0.054618,-0.011970,0.998436,0,-0.04797,0.95616,13.958,0.465,-1,570.412,-1,575.110,-1,490.316,494.644,487.103,493.381,-1,-1,-1,-1,892.098,859.304,-1,-1,2,0,2,0,2,0,0,0,0,2,2,2,2,0,0,2,2
443,5295.621,3415.053,-199.977,-116.370,-0.443499,0.896165,-0.013991,-0.894586,-0.443568,-0.054445,-0.054997,-0.011630,0.998419,0,-0.04797,0.95616,13.579,0.445,-1,566.526,-1,572.293,-1,487.494,492.467,487.143,493.668,-1,-1,-1,-1,887.285,852.692,-1,-1,2,0,2,0,2,0,0,0,0,2,2,2,2,0,0,2,2
444,5291.652,3402.463,-200.590,-115.938,-0.436720,0.899491,-0.013859,-0.897881,-0.436787,-0.055014,-0.055538,-0.011582,0.998389,0,-0.04797,0.95616,13.201,0.433,-1,562.427,-1,569.577,-1,483.889,490.270,486.807,494.657,-1,-1,-1,-1,881.653,846.217,-1,-1,2,0,2,0,2,0,0,0,0,2,2,2,2,0,0,2,2
445,5287.855,3390.210,-201.135,-115.530,-0.430292,0.902586,-0.013662,-0.900924,-0.430347,-0.056003,-0.056427,-0.011790,0.998337,0,-0.04797,0.95616,12.828,0.408,-1,557.775,-1,566.538,-1,479.936,487.714,486.135,496.195,-1,-1,-1,-1,874.392,839.206,-1,-1,2,0,2,0,2,0,0,0,0,2,2,2,2,0,0,2,2
446,5284.231,3378.277,-201.615,-115.135,-0.424055,0.905531,-0.013836,-0.903814,-0.424121,-0.056925,-0.057415,-0.011634,0.998283,0,-0.04797,0.95616,12.471,0.394,-1,553.362,-1,563.296,-1,476.077,485.098,486.255,497.136,-1,-1,-1,-1,867.522,831.826,-1,-1,2,0,2,0,2,0,0,0,0,2,2,2,2,0,0,2,2
447,5280.754,3366.621,-202.123,-114.751,-0.417962,0.908354,-0.014173,-0.906589,-0.418050,-0.057704,-0.058341,-0.011269,0.998233,0,-0.04797,0.95616,12.164,0.384,-1,549.171,-1,560.139,-1,472.334,482.503,486.657,497.537,-1,-1,-1,-1,861.139,823.835,-1,-1,2,0,2,0,2,0,0,0,0,2,2,2,2,0,0,2,2
448,5277.447,3355.204,-202.714,-114.371,-0.411933,0.911102,-0.014303,-0.909311,-0.412036,-0.058134,-0.058859,-0.010941,0.998206,0,-0.04797,0.95616,11.886,0.380,-1,545.665,-1,557.589,-1,469.055,479.340,486.779,496.983,-1,-1,-1,-1,856.090,817.057,-1,-1,2,0,2,0,2,0,0,0,0,2,2,2,2,0,0,2,2
449,5274.348,3344.021,-203.379,-113.987,-0.405827,0.913838,-0.014319,-0.912041,-0.405941,-0.058245,-0.059039,-0.010578,0.998200,0,-0.04797,0.95616,11.604,0.384,-1,542.992,-1,555.500,-1,466.150,476.019,486.737,496.176,-1,-1,-1,-1,852.248,811.229,-1,-1,2,0,2,0,2,0,0,0,0,2,2,2,2,0,0,2,2
450,5271.448,3333.094,-204.105,-113.602,-0.399682,0.916540,-0.014437,-0.914736,-0.399815,-0.058358,-0.059259,-0.010119,0.998191,0,-0.04797,0.95616,11.305,0.385,-1,540.197,-1,551.661,-1,463.113,472.551,486.643,494.986,-1,-1,-1,-1,848.247,805.144,-1,-1,2,0,2,0,2,0,0,0,0,2,2,2,2,0,0,2,2
451,5268.645,3322.444,-204.846,-113.238,-0.393855,0.919059,-0.014451,-0.917237,-0.393997,-0.058678,-0.059622,-0.009856,0.998172,0,-0.04797,0.95616,11.014,0.364,-1,537.023,-1,547.714,-1,460.177,468.947,486.135,494.482,-1,-1,-1,-1,843.445,798.867,-1,-1,2,0,2,0,2,0,0,0,0,2,2,2,2,0,0,2,2
452,5266.023,3312.075,-205.466,-112.881,-0.388126,0.921492,-0.014540,-0.919669,-0.388284,-0.058693,-0.059731,-0.009408,0.998170,0,-0.04797,0.95616,10.695,0.357,-1,534.723,-1,544.403,-1,457.928,465.945,486.263,494.050,-1,-1,-1,-1,841.123,793.821,-1,-1,2,0,2,0,2,0,0,0,0,2,2,2,2,0,0,2,2
453,5263.603,3301.958,-205.981,-112.517,-0.382264,0.923934,-0.014843,-0.922114,-0.382453,-0.058617,-0.059835,-0.008721,0.998170,0,-0.04797,0.95616,10.402,0.365,-1,532.849,-1,541.283,-1,455.953,463.148,487.024,493.444,-1,-1,-1,-1,839.661,788.733,-1,-1,2,0,2,0,2,0,0,0,0,2,2,2,2,0,0,2,2
454,5261.236,3292.106,-206.438,-112.175,-0.376759,0.926191,-0.014930,-0.924358,-0.376962,-0.058839,-0.060124,-0.008368,0.998156,0,-0.04797,0.95616,10.133,0.341,-1,530.292,-1,538.118,-1,453.503,460.310,487.318,493.514,-1,-1,-1,-1,837.133,783.546,-1,-1,2,0,2,0,2,0,0,0,0,2,2,2,2,0,0,2,2
455,5258.962,3282.525,-206.827,-111.856,-0.371594,0.928276,-0.014862,-0.926403,-0.371797,-0.059533,-0.060789,-0.008354,0.998116,0,-0.04797,0.95616,9.847,0.319,-1,527.058,-1,534.670,-1,450.395,457.195,487.136,494.081,-1,-1,-1,-1,832.823,777.972,-1,-1,2,0,2,0,2,0,0,0,0,2,2,2,2,0,0,2,2
456,5256.816,3273.177,-207.178,-111.546,-0.366565,0.930274,-0.014858,-0.928374,-0.366774,-0.059984,-0.061251,-0.008194,0.998089,0,-0.04797,0.95616,9.591,0.310,-1,524.372,-1,531.607,-1,447.692,454.452,487.310,493.931,-1,-1,-1,-1,829.753,773.070,-1,-1,2,0,2,0,2,0,0,0,0,2,2,2,2,0,0,2,2
457,5254.755,3264.050,-207.524,-111.243,-0.361648,0.932194,-0.015014,-0.930302,-0.361878,-0.059857,-0.061232,-0.007680,0.998094,0,-0.04797,0.95616,9.357,0.303,-1,522.747,-1,529.188,-1,445.729,452.485,488.170,493.159,-1,-1,-1,-1,829.453,769.355,-1,-1,2,0,2,0,2,0,0,0,0,2,2,2,2,0,0,2,2
458,5252.714,3254.741,-207.954,-110.923,-0.356471,0.934184,-0.015111,-0.932379,-0.356727,-0.058441,-0.059985,-0.006744,0.998176,0,0.53588,1.00000,9.530,0.320,-1,523.250,-1,528.308,-1,445.269,452.111,489.700,491.542,-1,-1,-1,-1,834.736,768.620,-1,-1,2,0,2,0,2,0,0,0,0,2,2,2,2,0,0,2,2
459,5250.636,3244.744,-208.541,-110.553,-0.350501,0.936445,-0.014858,-0.934819,-0.350772,-0.055440,-0.057128,-0.005542,0.998351,0,0.53588,1.00000,10.211,0.370,-1,526.880,-1,529.442,-1,446.587,453.208,491.467,489.305,-1,-1,-1,-1,847.636,771.879,-1,-1,2,0,2,0,2,0,0,0,0,2,2,2,2,0,0,2,2
460,5248.691,3234.195,-209.205,-110.124,-0.343535,0.939015,-0.015297,-0.937548,-0.343855,-0.052611,-0.054662,-0.003732,0.998498,0,0.53588,1.00000,10.727,0.429,-1,530.103,-1,529.077,-1,447.504,452.920,494.050,485.848,-1,-1,-1,-1,861.824,772.740,-1,-1,2,0,2,0,2,0,0,0,0,2,2,2,2,0,0,2,2
461,5246.990,3223.175,-209.917,-109.628,-0.335426,0.941921,-0.016549,-0.940541,-0.335830,-0.051000,-0.053595,-0.001541,0.998562,0,0.53588,1.00000,11.151,0.496,-1,530.967,-1,526.251,-1,446.684,450.541,496.961,482.224,-1,-1,-1,-1,870.550,768.699,-1,-1,2,0,2,0,2,0,0,0,0,2,2,2,2,0,0,2,2
462,5245.680,3211.759,-210.623,-109.052,-0.325950,0.945210,-0.018294,-0.943842,-0.326463,-0.050832,-0.054019,0.000698,0.998540,0,0.53588,1.00000,11.491,0.576,-1,529.238,-1,520.924,-1,443.829,446.112,499.668,478.752,-1,-1,-1,-1,872.918,760.676,-1,-1,2,0,2,0,2,0,0,0,0,2,2,2,2,0,0,2,2
463,5244.620,3199.918,-211.352,-108.426,-0.315601,0.948690,-0.019588,-0.947278,-0.316201,-0.051784,-0.055321,0.002213,0.998466,0,0.53588,1.00000,11.889,0.626,-1,525.478,-1,514.577,-1,439.618,440.528,500.787,475.644,-1,-1,-1,-1,870.258,750.749,-1,-1,2,0,2,0,2,0,0,0,0,2,2,2,2,0,0,2,2
464,5243.776,3187.637,-212.087,-107.768,-0.304674,0.952243,-0.020195,-0.950766,-0.305327,-0.053092,-0.056723,0.003026,0.998385,0,0.53588,1.00000,12.309,0.658,-1,521.154,-1,508.278,-1,435.155,435.013,500.525,473.673,-1,-1,-1,-1,867.661,741.298,-1,-1,2,0,2,0,2,0,0,0,0,2,2,2,2,0,0,2,2
465,5243.298,3175.008,-212.733,-107.071,-0.293059,0.955876,-0.020425,-0.954325,-0.293749,-0.054539,-0.058132,0.003509,0.998303,0,0.53588,1.00000,12.639,0.697,-1,516.893,-1,501.622,-1,430.698,430.053,499.785,472.605,-1,-1,-1,-1,865.206,731.700,-1,-1,2,0,2,0,2,0,0,0,0,2,2,2,2,0,0,2,2
466,5243.156,3162.008,-213.346,-106.339,-0.280833,0.959545,-0.020154,-0.957954,-0.281530,-0.055366,-0.058800,0.003758,0.998263,0,0.53588,1.00000,13.000,0.732,-1,513.975,-1,496.314,-1,427.140,426.137,498.709,472.204,-1,-1,-1,-1,867.285,724.584,-1,-1,2,0,2,0,2,0,0,0,0,2,2,2,2,0,0,2,2
467,5243.229,3148.612,-213.992,-105.581,-0.268138,0.963187,-0.019312,-0.961593,-0.268808,-0.055506,-0.058653,0.003687,0.998272,0,0.53588,1.00000,13.396,0.758,-1,512.288,-1,492.616,-1,425.046,423.222,497.012,473.030,-1,-1,-1,-1,873.738,720.108,-1,-1,2,0,2,0,2,0,0,0,0,2,2,2,2,0,0,2,2
468,5243.284,3134.768,-214.687,-104.831,-0.255543,0.966634,-0.017783,-0.965082,-0.256141,-0.054844,-0.057569,0.003147,0.998337,0,0.53588,1.00000,13.844,0.750,-1,511.863,-1,490.220,-1,423.670,421.369,494.510,474.424,-1,-1,-1,-1,888.361,718.510,-1,-1,2,0,2,0,2,0,0,0,0,2,2,2,2,0,0,2,2
469,5243.506,3120.536,-215.416,-104.074,-0.242795,0.969933,-0.016762,-0.968450,-0.243352,-0.053706,-0.056170,0.003193,0.998416,0,0.53588,1.00000,14.234,0.757,-1,512.255,-1,487.812,-1,422.703,419.517,493.080,474.315,-1,-1,-1,-1,907.475,716.862,-1,-1,2,0,2,0,2,0,0,0,0,2,2,2,2,0,0,2,2
470,5243.794,3105.903,-216.251,-103.312,-0.229908,0.973076,-0.016305,-0.971674,-0.230454,-0.052353,-0.054701,0.003806,0.998496,0,0.53588,1.00000,14.635,0.762,-1,513.137,-1,484.977,-1,421.675,417.915,492.483,473.070,-1,-1,-1,-1,930.366,715.130,-1,-1,2,0,2,0,2,0,0,0,0,2,2,2,2,0,0,2,2
471,5244.554,3091.062,-217.093,-102.483,-0.215831,0.976269,-0.017801,-0.974935,-0.216473,-0.051392,-0.054026,0.006263,0.998520,0,0.53588,1.00000,14.861,0.829,-1,514.587,-1,480.446,1006.099,420.293,414.681,495.039,468.840,-1,-1,-1,-1,954.026,709.442,-1,-1,2,0,2,0,0,0,0,0,0,2,2,2,2,0,0,2,2
472,5245.541,3076.081,-217.767,-101.633,-0.201340,0.979330,-0.019359,-0.978030,-0.202085,-0.051171,-0.054025,0.008631,0.998502,0,0.53588,1.00000,15.013,0.850,-1,515.189,-1,475.349,980.492,418.797,410.888,497.786,465.968,-1,-1,-1,-1,975.551,702.023,-1,-1,2,0,2,0,0,0,0,0,0,2,2,2,2,0,0,2,2
473,5246.572,3060.803,-218.367,-100.788,-0.186908,0.982165,-0.020412,-0.980898,-0.187726,-0.050963,-0.053886,0.010496,0.998492,0,0.53588,1.00000,15.313,0.844,-1,515.927,-1,470.836,961.173,417.474,407.455,499.877,463.777,-1,-1,-1,-1,998.680,695.534,-1,998.347,2,0,2,0,0,0,0,0,0,2,2,2,2,0,0,2,0
474,5247.919,3045.287,-218.974,-99.907,-0.171793,0.984901,-0.021405,-0.983662,-0.172683,-0.050891,-0.053819,0.012312,0.998475,0,0.53588,1.00000,15.574,0.882,-1,516.615,-1,466.113,944.719,415.671,404.784,501.793,461.496,-1,-1,-1,-1,-1,688.980,-1,985.338,2,0,2,0,0,0,0,0,0,2,2,2,2,2,0,2,0
475,5250.230,3026.504,-219.652,-98.781,-0.152443,0.988062,-0.022226,-0.986855,-0.153400,-0.050846,-0.053648,0.014183,0.998459,0,0.53588,1.00000,18.925,1.125,-1,518.017,-1,460.627,929.534,414.207,401.920,503.474,459.595,-1,-1,-1,-1,-1,682.525,-1,975.327,2,0,2,0,0,0,0,0,0,2,2,2,2,2,0,2,0
476,5252.192,3013.913,-220.035,-98.000,-0.138978,0.990049,-0.022097,-0.988872,-0.139939,-0.050485,-0.053075,0.014834,0.998480,0,0.53588,1.00000,12.742,0.781,-1,519.606,-1,458.124,925.905,414.476,400.471,503.602,460.208,-1,-1,-1,-1,-1,681.691,-1,976.157,2,0,2,0,0,0,0,0,0,2,2,2,2,2,0,2,0
477,5254.777,2997.990,-220.412,-97.065,-0.122828,0.992214,-0.020606,-0.991108,-0.123708,-0.049000,-0.051167,0.014404,0.998586,0,0.53588,1.00000,16.132,0.935,-1,523.430,-1,457.554,939.646,416.296,400.664,501.904,463.055,-1,-1,-1,-1,-1,685.809,-1,1005.863,2,0,2,0,0,0,0,0,0,2,2,2,2,2,0,2,0
478,5257.311,2981.753,-220.728,-96.201,-0.107883,0.993996,-0.018243,-0.992990,-0.108629,-0.046598,-0.048300,0.013087,0.998747,0,0.53588,1.00000,16.433,0.864,-1,529.600,-1,459.752,979.388,418.970,403.161,499.019,466.845,-1,-1,-1,-1,-1,694.581,-1,-1,2,0,2,0,0,0,0,0,0,2,2,2,2,2,0,2,2
479,5260.203,2965.363,-221.051,-95.313,-0.092506,0.995563,-0.017218,-0.994681,-0.093183,-0.043892,-0.045301,0.013066,0.998888,0,0.53588,1.00000,16.643,0.887,-1,537.814,-1,461.882,-1,422.758,405.735,498.525,468.807,-1,-1,-1,-1,-1,703.212,-1,-1,2,0,2,0,2,0,0,0,0,2,2,2,2,2,0,2,2
480,5263.400,2948.848,-221.396,-94.419,-0.076973,0.996891,-0.016847,-0.996135,-0.077610,-0.041123,-0.042303,0.013617,0.999012,0,0.53588,1.00000,16.821,0.895,-1,546.725,-1,463.638,-1,427.015,407.919,499.023,470.271,-1,-1,-1,-1,-1,713.359,-1,-1,2,0,2,0,2,0,0,0,0,2,2,2,2,2,0,2,2
481,5266.965,2932.402,-221.646,-93.497,-0.060945,0.998005,-0.016499,-0.997346,-0.061548,-0.038893,-0.039831,0.014084,0.999107,0,0.53588,1.00000,16.828,0.922,-1,556.735,-1,465.447,-1,430.671,410.457,499.493,472.716,-1,-1,-1,-1,-1,724.684,-1,-1,2,0,2,0,2,0,0,0,0,2,2,2,2,2,0,2,2
482,5271.062,2916.114,-221.813,-92.508,-0.043724,0.998909,-0.016407,-0.998325,-0.044309,-0.037202,-0.037888,0.014753,0.999173,0,0.53588,1.00000,16.795,0.989,-1,564.485,-1,467.136,-1,434.265,412.565,500.317,473.698,-1,-1,-1,-1,-1,734.997,-1,-1,2,0,2,0,2,0,0,0,0,2,2,2,2,2,0,2,2
483,5275.411,2899.926,-221.918,-91.515,-0.026425,0.999525,-0.015861,-0.998998,-0.026977,-0.035705,-0.036116,0.014902,0.999237,0,0.39312,0.87948,16.762,0.993,-1,571.696,-1,468.610,-1,438.753,414.725,500.288,475.679,-1,-1,-1,-1,-1,747.942,-1,-1,2,0,2,0,2,0,0,0,0,2,2,2,2,2,0,2,2
484,5279.766,2883.779,-221.940,-90.605,-0.010558,0.999852,-0.013591,-0.999385,-0.011006,-0.033303,-0.033448,0.013231,0.999353,0,0.39312,0.87948,16.724,0.910,-1,580.970,-1,473.403,-1,444.392,419.280,497.354,480.959,-1,-1,-1,-1,-1,767.472,-1,-1,2,0,2,0,2,0,0,0,0,2,2,2,2,2,0,2,2
485,5284.760,2867.990,-221.990,-89.668,0.005786,0.999906,-0.012452,-0.999511,0.005400,-0.030808,-0.030738,0.012624,0.999448,0,0.39312,0.87948,16.561,0.937,-1,591.662,-1,478.906,-1,450.041,424.501,496.188,485.209,-1,-1,-1,-1,-1,788.716,-1,-1,2,0,2,0,2,0,0,0,0,2,2,2,2,2,0,2,2
486,5289.994,2852.406,-222.073,-88.757,0.021689,0.999701,-0.011286,-0.999384,0.021367,-0.027853,-0.027603,0.011883,0.999548,0,0.39312,0.87948,16.439,0.912,-1,604.513,-1,485.606,-1,457.557,430.402,494.747,487.330,-1,-1,-1,-1,-1,813.453,-1,-1,2,0,2,0,2,0,0,0,0,2,2,2,2,2,0,2,2
487,5295.124,2836.899,-222.139,-87.855,0.037416,0.999256,-0.009353,-0.998998,0.037173,-0.024931,-0.024564,0.010277,0.999645,0,0.39312,0.87948,16.332,0.902,-1,616.659,-1,493.894,-1,465.075,437.361,491.826,490.352,-1,-1,-1,-1,-1,840.405,-1,-1,2,0,2,0,2,0,0,0,0,2,2,2,2,2,0,2,2
488,5300.463,2821.561,-222.175,-86.956,0.053094,0.998558,-0.007978,-0.998361,0.052909,-0.021814,-0.021360,0.009123,0.999730,0,0.39312,0.87948,16.241,0.899,-1,629.228,-1,503.172,-1,473.223,445.145,489.815,492.996,-1,-1,-1,-1,-1,871.015,-1,-1,2,0,2,0,2,0,0,0,0,2,2,2,2,2,0,2,2
489,5306.212,2806.559,-222.208,-86.039,0.069060,0.997581,-0.007870,-0.997444,0.068901,-0.018938,-0.018350,0.009158,0.999790,0,0.39312,0.87948,16.067,0.916,-1,642.657,-1,511.776,-1,482.927,452.669,489.821,494.098,-1,-1,-1,-1,-1,900.515,-1,-1,2,0,2,0,2,0,0,0,0,2,2,2,2,2,0,2,2
490,5311.960,2791.588,-222.332,-85.140,0.084709,0.996378,-0.007442,-0.996287,0.084581,-0.016041,-0.015353,0.008773,0.999844,0,0.39312,0.87948,16.036,0.899,-1,655.608,-1,522.760,-1,492.420,461.340,488.887,494.303,-1,-1,-1,-1,-1,932.162,-1,-1,2,0,2,0,2,0,0,0,0,2,2,2,2,2,0,2,2
491,5318.001,2776.828,-222.543,-84.242,0.100315,0.994927,-0.007545,-0.994876,0.100208,-0.013431,-0.012607,0.008854,0.999881,0,0.39312,0.87948,15.948,0.898,-1,668.171,-1,533.000,-1,501.991,469.984,488.497,492.375,-1,-1,-1,-1,-1,965.401,-1,-1,2,0,2,0,2,0,0,0,0,2,2,2,2,2,0,2,2
492,5324.387,2762.564,-222.667,-83.332,0.116116,0.993204,-0.007977,-0.993180,0.116021,-0.011489,-0.010485,0.009257,0.999902,0,0.39312,0.87948,15.629,0.911,-1,679.253,-1,542.718,-1,510.445,478.416,488.738,489.764,-1,-1,-1,-1,-1,996.581,-1,-1,2,0,2,0,2,0,0,0,0,2,2,2,2,2,0,2,2
493,5331.073,2748.703,-222.698,-82.381,0.132584,0.991135,-0.008570,-0.991133,0.132497,-0.010014,-0.008789,0.009822,0.999913,0,0.39312,0.87948,15.389,0.951,-1,689.259,-1,553.806,-1,518.362,488.410,489.342,487.225,-1,-1,-1,-1,-1,-1,-1,-1,2,0,2,0,2,0,0,0,0,2,2,2,2,2,2,2,2
494,5338.076,2735.074,-222.732,-81.381,0.149857,0.988664,-0.009267,-0.988685,0.149783,-0.008210,-0.006729,0.010393,0.999923,0,0.39312,0.87948,15.323,1.000,-1,700.401,-1,565.896,-1,527.367,498.174,489.976,484.817,-1,-1,-1,-1,-1,-1,-1,-1,2,0,2,0,2,0,0,0,0,2,2,2,2,2,2,2,2
495,5345.231,2721.498,-222.849,-80.351,0.167616,0.985805,-0.009640,-0.985844,0.167566,-0.005802,-0.004104,0.010476,0.999937,0,0.39312,0.87948,15.346,1.031,-1,712.525,-1,581.711,-1,538.072,509.847,489.547,481.615,-1,-1,-1,-1,-1,-1,-1,-1,2,0,2,0,2,0,0,0,0,2,2,2,2,2,2,2,2
496,5352.701,2708.294,-222.859,-79.283,0.185950,0.982504,-0.010444,-0.982558,0.185923,-0.003558,-0.001554,0.010923,0.999939,0,0.34575,0.42904,15.171,1.067,-1,725.229,-1,598.343,-1,549.139,523.265,489.931,478.084,-1,-1,-1,-1,-1,-1,-1,-1,2,0,2,0,2,0,0,0,0,2,2,2,2,2,2,2,2
497,5360.451,2695.310,-222.818,-78.201,0.204486,0.978800,-0.011630,-0.978869,0.204484,-0.001388,0.001019,0.011668,0.999931,0,0.34575,0.42904,15.121,1.083,-1,738.422,-1,616.279,-1,559.367,537.017,491.002,474.387,-1,-1,-1,-1,-1,-1,-1,-1,2,0,2,0,2,0,0,0,0,2,2,2,2,2,2,2,2
498,5368.132,2682.192,-222.772,-77.183,0.221838,0.975012,-0.011850,-0.975074,0.221873,0.001691,0.004278,0.011180,0.999928,0,0.34575,0.42904,15.202,1.018,-1,752.895,-1,637.240,-1,571.109,553.424,490.114,472.230,-1,-1,-1,-1,-1,-1,-1,-1,2,0,2,0,2,0,0,0,0,2,2,2,2,2,2,2,2
499,5375.740,2668.902,-222.740,-76.243,0.237794,0.971247,-0.011555,-0.971284,0.237865,0.005226,0.007825,0.009981,0.999920,0,0.34575,0.42904,15.314,0.940,-1,767.948,-1,661.094,-1,583.569,568.245,488.107,471.313,-1,-1,-1,-1,-1,-1,-1,-1,2,0,2,0,2,0,0,0,0,2,2,2,2,2,2,2,2
