timestep,x_cm,y_cm,z_cm,yaw_deg,basis_xx,basis_xy,basis_xz,basis_yx,basis_yy,basis_yz,basis_zx,basis_zy,basis_zz,teleport_flag,throttle_cmd,steering_cmd,cmd_move_cm,cmd_turn_deg,lidar_cm_0,lidar_cm_1,lidar_cm_2,lidar_cm_3,lidar_cm_4,lidar_cm_5,lidar_cm_6,lidar_cm_7,lidar_cm_8,lidar_cm_9,lidar_cm_10,lidar_cm_11,lidar_cm_12,lidar_cm_13,lidar_cm_14,lidar_cm_15,lidar_cm_16,lidar_class_0,lidar_class_1,lidar_class_2,lidar_class_3,lidar_class_4,lidar_class_5,lidar_class_6,lidar_class_7,lidar_class_8,lidar_class_9,lidar_class_10,lidar_class_11,lidar_class_12,lidar_class_13,lidar_class_14,lidar_class_15,lidar_class_16
0,1109.738,-4437.392,1000.833,62.841,0.456421,-0.889577,0.018253,0.889652,0.456593,0.006529,-0.014143,0.013259,0.999812,0,0.43878,-0.65877,0.326,-0.012,992.602,577.862,-1,648.249,-1,477.310,492.637,400.851,-1,656.701,-1,-1,-1,927.542,-1,-1,-1,1,0,2,0,2,0,0,0,2,0,2,2,2,0,2,2,2
1,1110.113,-4436.727,1004.122,62.824,0.456707,-0.889493,0.014869,0.889569,0.456792,0.002746,-0.009235,0.011973,0.999886,0,0.43880,-0.65871,0.763,-0.017,995.881,597.493,-1,674.693,-1,493.881,510.303,405.994,-1,650.905,-1,-1,-1,953.736,-1,-1,-1,1,0,2,0,2,0,0,0,2,0,2,2,2,0,2,2,2
2,1110.685,-4435.750,1006.163,62.787,0.457305,-0.889246,0.010646,0.889304,0.457314,-0.001665,-0.003388,0.010229,0.999942,0,0.43881,-0.65867,1.132,-0.037,-1,615.997,-1,701.359,-1,509.554,527.315,408.635,-1,638.486,-1,-1,-1,979.809,-1,-1,-1,2,0,2,0,2,0,0,0,2,0,2,2,2,0,2,2,2
3,1111.444,-4434.537,1006.984,62.728,0.458220,-0.888822,0.005462,0.888834,0.458187,-0.006249,0.003052,0.007718,0.999966,0,0.43888,-0.65848,1.431,-0.059,-1,632.407,-1,727.833,-1,523.735,543.188,408.472,-1,618.794,-1,-1,-1,1003.350,-1,-1,-1,2,0,2,0,2,0,0,0,2,0,2,2,2,0,2,2,2
4,1112.362,-4433.095,1006.700,62.641,0.459542,-0.888156,-0.000742,0.888106,0.459525,-0.010204,0.009404,0.004030,0.999948,0,0.43900,-0.65813,1.709,-0.086,-1,644.265,-1,752.882,-1,535.266,556.922,405.248,-1,593.419,-1,-1,-1,-1,-1,-1,-1,2,0,2,0,2,0,0,0,2,0,2,2,2,2,2,2,2
5,1113.388,-4431.492,1005.634,62.537,0.461137,-0.887309,-0.006022,0.887227,0.461176,-0.012035,0.013456,0.000206,0.999909,0,0.43920,-0.65755,1.903,-0.104,-1,647.915,-1,768.408,-1,540.435,564.166,400.469,-1,571.228,782.242,-1,-1,-1,-1,-1,-1,2,0,2,0,2,0,0,0,2,0,0,2,2,2,2,2,2
6,1114.506,-4429.788,1004.030,62.433,0.462742,-0.886449,-0.008861,0.886390,0.462817,-0.010607,0.013504,-0.002946,0.999904,0,0.43945,-0.65682,2.039,-0.104,-1,641.524,-1,767.257,-1,536.198,561.234,395.230,-1,558.606,757.671,-1,-1,-1,-1,-1,-1,2,0,2,0,2,0,0,0,2,0,0,2,2,2,2,2,2
7,1115.741,-4428.018,1001.993,62.328,0.464385,-0.885591,-0.008619,0.885589,0.464437,-0.005440,0.008820,-0.005107,0.999948,0,0.43970,-0.65612,2.158,-0.105,-1,622.661,-1,746.734,-1,521.528,546.853,389.992,-1,557.599,801.955,-1,-1,992.014,-1,-1,-1,2,0,2,0,2,0,0,0,2,0,0,2,2,0,2,2,2
8,1117.141,-4426.153,999.672,62.225,0.465995,-0.884775,-0.004692,0.884787,0.465992,0.001857,0.000543,-0.005017,0.999987,0,0.43994,-0.65542,2.332,-0.103,-1,595.879,-1,711.377,-1,499.968,524.257,386.403,-1,569.275,-1,-1,-1,952.040,-1,-1,-1,2,0,2,0,2,0,0,0,2,0,2,2,2,0,2,2,2
9,1118.952,-4424.154,997.397,62.107,0.467802,-0.883830,0.002550,0.883794,0.467806,0.008126,-0.008375,-0.001547,0.999964,0,0.44017,-0.65476,2.697,-0.118,-1,571.378,-1,672.714,-1,478.779,500.874,386.596,-1,591.346,-1,-1,-1,915.685,-1,-1,-1,2,0,2,0,2,0,0,0,2,0,2,2,2,0,2,2,2
10,1121.268,-4421.971,995.321,61.958,0.470053,-0.882558,0.011867,0.882484,0.470180,0.012359,-0.016487,0.004663,0.999853,0,0.44043,-0.65399,3.183,-0.149,-1,552.072,-1,636.925,-1,460.848,480.025,390.466,-1,620.706,-1,-1,-1,887.565,-1,-1,-1,2,0,2,0,2,0,0,0,2,0,2,2,2,0,2,2,2
11,1124.101,-4419.540,993.654,61.766,0.472957,-0.880835,0.021009,0.880799,0.473276,0.014207,-0.022457,0.011786,0.999678,0,0.44079,-0.65296,3.734,-0.192,-1,539.598,-1,609.761,-1,448.375,464.677,396.734,-1,650.649,-1,-1,-1,870.067,-1,-1,-1,2,0,2,0,2,0,0,0,2,0,2,2,2,0,2,2,2
12,1127.483,-4416.614,992.784,61.525,0.476630,-0.878715,0.026135,0.878774,0.477055,0.013204,-0.024070,0.016673,0.999571,0,0.44128,-0.65156,4.472,-0.240,-1,537.242,-1,599.917,-1,445.072,459.794,402.937,-1,668.149,-1,-1,-1,867.708,-1,-1,-1,2,0,2,0,2,0,0,0,2,0,2,2,2,0,2,2,2
13,1131.287,-4413.160,992.683,61.247,0.480911,-0.876342,0.027378,0.876481,0.481320,0.010625,-0.022489,0.018886,0.999569,0,0.44189,-0.64978,5.138,-0.278,-1,542.055,-1,603.581,-1,448.603,463.035,408.477,-1,670.932,-1,-1,-1,875.750,-1,-1,-1,2,0,2,0,2,0,0,0,2,0,2,2,2,0,2,2,2
14,1135.353,-4409.239,993.135,60.936,0.485694,-0.873738,0.026130,0.873905,0.486029,0.008090,-0.019769,0.018906,0.999626,0,0.44260,-0.64774,5.649,-0.311,-1,549.435,-1,614.155,-1,455.097,470.320,412.963,-1,664.950,-1,-1,-1,887.135,-1,-1,-1,2,0,2,0,2,0,0,0,2,0,2,2,2,0,2,2,2
15,1139.624,-4404.991,993.890,60.584,0.491071,-0.870790,0.023951,0.870942,0.491340,0.006649,-0.017558,0.017595,0.999691,0,0.44339,-0.64545,6.024,-0.352,-1,555.720,-1,625.807,-1,461.339,477.901,416.734,-1,659.231,-1,-1,-1,896.398,-1,-1,-1,2,0,2,0,2,0,0,0,2,0,2,2,2,0,2,2,2
16,1144.115,-4400.557,994.727,60.196,0.496961,-0.867492,0.022056,0.867614,0.497196,0.006512,-0.016615,0.015900,0.999736,0,0.44430,-0.64283,6.311,-0.388,-1,559.501,-1,634.815,-1,466.085,483.588,420.371,-1,656.347,-1,-1,-1,901.151,-1,-1,-1,2,0,2,0,2,0,0,0,2,0,2,2,2,0,2,2,2
17,1148.909,-4396.191,995.498,59.734,0.503940,-0.863501,0.020263,0.863576,0.504162,0.007591,-0.016771,0.013673,0.999766,0,0.44532,-0.63989,6.484,-0.462,-1,560.900,-1,641.340,-1,468.922,487.401,423.614,-1,654.615,-1,-1,-1,901.585,-1,-1,-1,2,0,2,0,2,0,0,0,2,0,2,2,2,0,2,2,2
18,1154.057,-4391.781,996.135,59.205,0.511901,-0.858844,0.018574,0.858879,0.512107,0.008595,-0.016894,0.011553,0.999791,0,0.60449,-0.51163,6.779,-0.530,-1,562.241,-1,647.753,-1,471.712,491.141,427.183,-1,653.313,-1,-1,-1,902.115,-1,-1,-1,2,0,2,0,2,0,0,0,2,0,2,2,2,0,2,2,2
19,1159.663,-4387.131,996.557,58.617,0.520688,-0.853581,0.016850,0.853592,0.520868,0.008799,-0.016287,0.009802,0.999819,0,0.60652,-0.50729,7.283,-0.588,-1,565.046,-1,655.574,-1,475.589,495.874,431.332,-1,650.574,-1,-1,-1,905.518,-1,-1,-1,2,0,2,0,2,0,0,0,2,0,2,2,2,0,2,2,2
20,1165.755,-4382.249,996.747,57.976,0.530214,-0.847727,0.015224,0.847729,0.530364,0.008296,-0.015107,0.008507,0.999850,0,0.60880,-0.50244,7.807,-0.641,-1,568.995,-1,664.271,-1,480.252,501.271,434.304,-1,646.940,-1,-1,-1,915.896,-1,-1,-1,2,0,2,0,2,0,0,0,2,0,2,2,2,0,2,2,2
21,1172.354,-4377.243,996.701,57.291,0.540315,-0.841350,0.013787,0.841345,0.540441,0.007863,-0.014066,0.007351,0.999874,0,0.61129,-0.49711,8.283,-0.685,-1,572.232,-1,672.210,-1,484.311,506.017,437.134,-1,643.653,-1,-1,-1,925.944,-1,-1,-1,2,0,2,0,2,0,0,0,2,0,2,2,2,0,2,2,2
22,1179.421,-4372.086,996.424,56.563,0.550971,-0.834424,0.012951,0.834416,0.551083,0.007587,-0.013468,0.006626,0.999887,0,0.61397,-0.49139,8.748,-0.728,-1,574.278,-1,678.067,-1,487.238,509.466,440.349,-1,642.166,-1,-1,-1,935.041,-1,-1,-1,2,0,2,0,2,0,0,0,2,0,2,2,2,0,2,2,2
23,1186.931,-4366.743,995.957,55.824,0.561683,-0.827249,0.013119,0.827246,0.561794,0.007126,-0.013265,0.006850,0.999889,0,0.61684,-0.48528,9.217,-0.739,-1,575.671,-1,681.263,-1,489.221,511.589,444.540,-1,643.894,-1,-1,-1,943.956,-1,-1,-1,2,0,2,0,2,0,0,0,2,0,2,2,2,0,2,2,2
24,1194.865,-4361.427,995.421,55.040,0.572954,-0.819460,0.014430,0.819471,0.573081,0.006756,-0.013806,0.007954,0.999873,0,0.61972,-0.47912,9.551,-0.785,-1,577.268,-1,681.267,-1,490.241,512.075,449.909,-1,649.714,-1,-1,-1,952.674,-1,-1,-1,2,0,2,0,2,0,0,0,2,0,2,2,2,0,2,2,2
25,1203.206,-4355.931,994.820,54.217,0.584658,-0.811105,0.016840,0.811144,0.584814,0.006158,-0.014843,0.010059,0.999839,0,0.62282,-0.47252,9.989,-0.823,-1,578.484,-1,678.695,-1,490.475,511.361,456.936,-1,659.612,-1,-1,-1,965.019,-1,-1,-1,2,0,2,0,2,0,0,0,2,0,2,2,2,0,2,2,2
26,1212.004,-4350.123,994.156,53.411,0.595998,-0.802744,0.019696,0.802827,0.596188,0.005255,-0.015961,0.012681,0.999792,0,0.62607,-0.46559,10.542,-0.806,-1,579.728,-1,675.148,-1,490.516,510.257,464.864,-1,671.628,-1,-1,-1,975.904,-1,-1,-1,2,0,2,0,2,0,0,0,2,0,2,2,2,0,2,2,2
27,1221.222,-4344.042,993.477,52.608,0.607177,-0.794238,0.022843,0.794376,0.607410,0.004408,-0.017376,0.015469,0.999729,0,0.62920,-0.45891,11.042,-0.803,-1,580.407,-1,670.569,-1,490.052,508.555,473.514,-1,685.437,-1,-1,-1,985.779,-1,-1,-1,2,0,2,0,2,0,0,0,2,0,2,2,2,0,2,2,2
28,1230.835,-4337.688,992.844,51.799,0.618311,-0.785504,0.025983,0.785708,0.618588,0.003524,-0.018841,0.018236,0.999656,0,0.63228,-0.45233,11.524,-0.809,-1,581.161,-1,666.385,-1,489.674,506.958,482.956,-1,700.152,-1,-1,-1,997.041,-1,-1,-1,2,0,2,0,2,0,0,0,2,0,2,2,2,0,2,2,2
29,1240.807,-4331.021,992.312,50.994,0.629271,-0.776647,0.028933,0.776916,0.629598,0.002927,-0.020489,0.020636,0.999577,0,0.63536,-0.44576,11.995,-0.805,-1,581.735,-1,662.966,-1,489.177,505.383,492.335,-1,715.533,-1,-1,-1,-1,-1,-1,-1,2,0,2,0,2,0,0,0,2,0,2,2,2,2,2,2,2
30,1251.175,-4324.168,991.923,50.170,0.640352,-0.767450,0.031162,0.767745,0.640746,0.003640,-0.022760,0.021593,0.999508,0,0.63838,-0.43931,12.428,-0.824,-1,580.626,-1,659.716,-1,487.708,503.332,498.874,1007.522,730.039,-1,-1,-1,-1,-1,-1,-1,2,0,2,0,2,0,0,0,0,0,2,2,2,2,2,2,2
31,1261.971,-4317.028,991.621,49.334,0.651443,-0.757998,0.032590,0.758285,0.651905,0.005008,-0.025041,0.021450,0.999456,0,0.64147,-0.43272,12.943,-0.835,-1,579.039,-1,657.863,-1,486.343,501.783,503.829,1006.843,742.852,-1,-1,-1,-1,-1,-1,-1,2,0,2,0,2,0,0,0,0,0,2,2,2,2,2,2,2
32,1273.165,-4309.432,991.358,48.520,0.662121,-0.748653,0.033369,0.748924,0.662629,0.006004,-0.026606,0.021015,0.999425,0,0.64457,-0.42611,13.528,-0.814,-1,578.885,-1,658.481,-1,486.381,501.772,504.614,1007.473,753.811,-1,-1,-1,-1,-1,-1,-1,2,0,2,0,2,0,0,0,0,0,2,2,2,2,2,2,2
33,1284.729,-4301.380,991.081,47.756,0.672038,-0.739753,0.033603,0.740001,0.672572,0.006790,-0.027624,0.020303,0.999412,0,0.64752,-0.41981,14.091,-0.765,-1,579.573,-1,660.920,-1,487.310,502.776,504.827,-1,763.206,-1,-1,-1,-1,-1,-1,-1,2,0,2,0,2,0,0,0,2,0,2,2,2,2,2,2,2
34,1296.802,-4293.271,990.809,46.947,0.682395,-0.730249,0.032767,0.730427,0.682939,0.008409,-0.028518,0.018196,0.999428,0,0.65019,-0.41412,14.544,-0.808,-1,580.009,-1,665.376,-1,488.414,504.470,502.235,-1,769.111,-1,-1,-1,-1,-1,-1,-1,2,0,2,0,2,0,0,0,2,0,2,2,2,2,2,2,2
35,1309.438,-4285.460,990.611,46.048,0.693760,-0.719535,0.031096,0.719627,0.694287,0.010156,-0.028897,0.015332,0.999465,0,0.65304,-0.40804,14.855,-0.899,-1,581.914,-1,674.283,-1,490.840,507.834,498.535,-1,772.374,-1,-1,-1,-1,-1,-1,-1,2,0,2,0,2,0,0,0,2,0,2,2,2,2,2,2,2
36,1322.612,-4277.803,990.473,45.083,0.705799,-0.707801,0.029417,0.707846,0.706286,0.010659,-0.028321,0.013299,0.999510,0,0.65632,-0.40104,15.238,-0.965,-1,587.031,-1,685.826,-1,495.643,513.533,497.032,-1,776.900,-1,-1,-1,-1,-1,-1,-1,2,0,2,0,2,0,0,0,2,0,2,2,2,2,2,2,2
37,1336.285,-4270.253,990.360,44.077,0.718132,-0.695342,0.028043,0.695359,0.718583,0.010737,-0.027617,0.011789,0.999549,0,0.65991,-0.39338,15.619,-1.006,-1,593.197,-1,697.499,-1,501.044,519.645,495.895,-1,784.210,-1,-1,-1,-1,-1,-1,-1,2,0,2,0,2,0,0,0,2,0,2,2,2,2,2,2,2
38,1350.399,-4262.548,990.283,43.101,0.729883,-0.683021,0.027457,0.683044,0.730309,0.009983,-0.026871,0.011468,0.999573,0,0.66368,-0.38533,16.080,-0.976,-1,600.603,-1,708.317,-1,506.865,525.736,496.136,-1,795.551,-1,-1,-1,-1,-1,-1,-1,2,0,2,0,2,0,0,0,2,0,2,2,2,2,2,2,2
39,1364.819,-4254.778,990.135,42.192,0.740628,-0.671332,0.027993,0.671382,0.741057,0.008973,-0.026769,0.012148,0.999568,0,0.25724,-0.34880,16.380,-0.909,-1,607.772,-1,716.196,-1,511.358,530.045,498.179,-1,811.786,-1,-1,-1,-1,-1,-1,-1,2,0,2,0,2,0,0,0,2,0,2,2,2,2,2,2,2
40,1379.216,-4246.972,989.842,41.370,0.750164,-0.660557,0.030305,0.660656,0.750645,0.008043,-0.028061,0.013988,0.999508,0,0.25850,-0.34184,16.378,-0.823,-1,610.951,-1,716.395,-1,513.064,531.360,502.055,-1,835.037,-1,-1,-1,-1,-1,-1,-1,2,0,2,0,2,0,0,0,2,0,2,2,2,2,2,2,2
41,1393.568,-4238.999,989.320,40.655,0.758296,-0.651014,0.034172,0.651204,0.758873,0.006774,-0.030342,0.017117,0.999393,0,0.25960,-0.33575,16.418,-0.715,-1,611.488,-1,710.518,-1,512.245,529.738,507.900,-1,869.236,-1,-1,-1,-1,-1,-1,-1,2,0,2,0,2,0,0,0,2,0,2,2,2,2,2,2,2
42,1410.828,-4229.284,988.186,39.917,0.766541,-0.640954,0.039901,0.641320,0.767260,0.004528,-0.033517,0.022119,0.999193,0,0.26049,-0.33080,19.806,-0.738,-1,610.098,-1,698.652,-1,509.083,525.052,516.167,997.807,920.699,-1,-1,-1,-1,-1,-1,-1,2,0,2,0,2,0,0,0,0,0,2,2,2,2,2,2,2
43,1422.312,-4222.676,987.062,39.490,0.771238,-0.634994,0.044436,0.635534,0.772069,0.002502,-0.035896,0.026311,0.999009,0,0.26134,-0.32610,13.249,-0.427,-1,608.518,-1,687.710,-1,505.569,520.150,522.383,978.538,961.395,-1,-1,-1,-1,-1,-1,-1,2,0,2,0,2,0,0,0,0,0,2,2,2,2,2,2,2
44,1436.671,-4214.375,985.313,38.995,0.776603,-0.627968,0.050441,0.628760,0.777600,0.000231,-0.039368,0.031536,0.998727,0,0.26178,-0.32365,16.586,-0.495,-1,604.388,-1,671.657,-1,499.294,512.123,528.734,955.854,-1,-1,-1,-1,-1,-1,-1,-1,2,0,2,0,2,0,0,0,0,2,2,2,2,2,2,2,2
45,1451.038,-4206.038,983.292,38.529,0.781548,-0.621264,0.056687,0.622318,0.782764,-0.001212,-0.043620,0.036225,0.998391,0,0.26226,-0.32100,16.611,-0.466,-1,596.957,-1,653.228,-1,490.804,501.953,532.703,935.435,-1,-1,-1,-1,-1,-1,-1,-1,2,0,2,0,2,0,0,0,0,2,2,2,2,2,2,2,2
46,1465.461,-4197.618,981.069,38.098,0.786042,-0.614946,0.063083,0.616299,0.787508,-0.002563,-0.048103,0.040892,0.998005,0,0.26268,-0.31867,16.701,-0.431,-1,587.690,-1,634.022,-1,481.478,490.912,536.078,915.103,-1,-1,-1,-1,-1,-1,-1,-1,2,0,2,0,2,0,0,0,0,2,2,2,2,2,2,2,2
47,1479.974,-4189.150,978.764,37.691,0.790230,-0.608866,0.069421,0.610553,0.791965,-0.003985,-0.052552,0.045534,0.997580,0,0.26303,-0.31673,16.803,-0.408,-1,578.296,-1,615.305,-1,472.584,479.915,539.243,895.201,-1,-1,-1,-1,-1,-1,-1,-1,2,0,2,0,2,0,0,0,0,2,2,2,2,2,2,2,2
48,1494.575,-4180.680,976.524,37.302,0.794173,-0.602982,0.075513,0.605047,0.796169,-0.005780,-0.056636,0.050280,0.997128,0,0.26334,-0.31505,16.881,-0.388,-1,570.126,-1,598.330,-1,464.801,469.918,543.024,874.173,-1,-1,-1,-1,-1,-1,-1,-1,2,0,2,0,2,0,0,0,0,2,2,2,2,2,2,2,2
49,1509.292,-4172.293,974.480,36.897,0.798250,-0.596848,0.081054,0.599285,0.800502,-0.007416,-0.060457,0.054494,0.996682,0,0.26360,-0.31359,16.938,-0.405,-1,562.923,-1,583.711,-1,458.072,461.656,546.292,856.448,-1,-1,-1,-1,-1,-1,-1,-1,2,0,2,0,2,0,0,0,0,2,2,2,2,2,2,2,2
50,1524.175,-4163.767,972.841,36.521,0.802055,-0.591237,0.084538,0.593938,0.804463,-0.008784,-0.062814,0.057256,0.996382,0,0.26389,-0.31197,17.152,-0.377,-1,560.263,-1,575.782,-1,454.760,457.487,547.341,844.480,-1,-1,-1,-1,-1,-1,-1,-1,2,0,2,0,2,0,0,0,0,2,2,2,2,2,2,2,2
51,1539.238,-4155.069,971.654,36.155,0.805809,-0.585976,0.085463,0.588791,0.808224,-0.009990,-0.063219,0.058370,0.996291,0,0.26412,-0.31070,17.395,-0.366,-1,563.422,-1,575.591,-1,455.786,458.406,545.852,838.473,-1,-1,-1,-1,-1,-1,-1,-1,2,0,2,0,2,0,0,0,0,2,2,2,2,2,2,2,2
52,1554.518,-4146.248,970.723,35.800,0.809530,-0.581026,0.084086,0.583845,0.811783,-0.011574,-0.061535,0.058463,0.996391,0,0.26432,-0.30959,17.643,-0.355,-1,571.928,-1,582.936,-1,461.064,464.089,542.862,836.098,-1,-1,-1,-1,-1,-1,-1,-1,2,0,2,0,2,0,0,0,0,2,2,2,2,2,2,2,2
53,1569.914,-4137.322,969.938,35.451,0.813205,-0.576222,0.081649,0.579014,0.815202,-0.013718,-0.058656,0.058431,0.996567,0,0.26449,-0.30865,17.796,-0.348,-1,583.914,-1,594.302,-1,468.822,472.504,539.389,834.544,-1,-1,-1,-1,-1,-1,-1,-1,2,0,2,0,2,0,0,0,0,2,2,2,2,2,2,2,2
54,1585.350,-4128.439,969.229,35.106,0.816802,-0.571454,0.079214,0.574185,0.818582,-0.015314,-0.056092,0.057993,0.996740,0,0.26464,-0.30783,17.810,-0.345,-1,594.905,-1,605.736,-1,477.443,480.612,534.655,834.273,-1,-1,-1,-1,-1,-1,-1,-1,2,0,2,0,2,0,0,0,0,2,2,2,2,2,2,2,2
55,1600.971,-4119.373,968.483,34.769,0.820278,-0.566724,0.077252,0.569444,0.821847,-0.017368,-0.053647,0.058238,0.996860,0,0.67605,-0.73708,18.061,-0.337,-1,607.943,-1,616.426,-1,486.189,488.875,531.328,832.053,-1,-1,-1,-1,-1,-1,-1,-1,2,0,2,0,2,0,0,0,0,2,2,2,2,2,2,2,2
56,1620.469,-4108.239,967.358,34.323,0.824804,-0.560444,0.074841,0.563127,0.826139,-0.019571,-0.050860,0.058287,0.997003,0,0.67634,-0.73645,22.454,-0.446,-1,625.087,-1,629.413,-1,496.294,498.660,526.245,829.439,-1,-1,-1,-1,-1,-1,-1,-1,2,0,2,0,2,0,0,0,0,2,2,2,2,2,2,2,2
57,1633.884,-4100.742,966.488,34.008,0.827945,-0.555952,0.073652,0.558617,0.829167,-0.020730,-0.049545,0.058307,0.997069,0,0.67682,-0.73542,15.367,-0.315,-1,635.204,-1,636.229,-1,501.845,503.971,522.616,827.381,-1,-1,-1,-1,-1,-1,-1,-1,2,0,2,0,2,0,0,0,0,2,2,2,2,2,2,2,2
58,1651.181,-4091.403,965.236,33.574,0.832186,-0.549715,0.072670,0.552367,0.833316,-0.021821,-0.048562,0.058300,0.997117,0,0.67719,-0.73461,19.657,-0.433,-1,645.679,-1,642.491,-1,507.663,509.061,517.535,824.412,-1,-1,-1,-1,-1,-1,-1,-1,2,0,2,0,2,0,0,0,0,2,2,2,2,2,2,2,2
59,1669.005,-4082.156,963.861,33.103,0.836689,-0.542801,0.072932,0.545493,0.837813,-0.022506,-0.048887,0.058614,0.997083,0,0.67781,-0.73327,20.079,-0.471,-1,653.487,-1,644.268,-1,511.215,511.262,512.653,820.169,-1,-1,-1,-1,-1,-1,-1,-1,2,0,2,0,2,0,0,0,0,2,2,2,2,2,2,2,2
60,1687.400,-4073.047,962.441,32.596,0.841442,-0.535267,0.073922,0.538039,0.842602,-0.023157,-0.049891,0.059258,0.996995,0,0.67859,-0.73159,20.527,-0.507,-1,660.639,-1,643.708,-1,513.216,512.480,509.081,813.841,-1,-1,-1,-1,-1,-1,-1,-1,2,0,2,0,2,0,0,0,0,2,2,2,2,2,2,2,2
61,1706.426,-4064.109,960.952,32.019,0.846783,-0.526693,0.074525,0.529528,0.847955,-0.023931,-0.050589,0.059727,0.996932,0,0.67950,-0.72959,21.021,-0.576,-1,668.734,-1,645.685,-1,515.895,514.295,506.535,806.668,-1,-1,-1,-1,-1,-1,-1,-1,2,0,2,0,2,0,0,0,0,2,2,2,2,2,2,2,2
62,1729.978,-4053.231,959.065,31.330,0.853072,-0.516337,0.075260,0.519296,0.854207,-0.025749,-0.050993,0.061048,0.996831,0,0.68072,-0.72695,25.943,-0.689,-1,679.950,-1,649.402,-1,520.210,516.951,504.808,794.959,-1,-1,-1,-1,-1,-1,-1,-1,2,0,2,0,2,0,0,0,0,2,2,2,2,2,2,2,2
63,1746.131,-4046.020,957.798,30.856,0.857326,-0.509168,0.075762,0.512210,0.858437,-0.026959,-0.051311,0.061919,0.996761,0,0.68211,-0.72393,17.689,-0.474,-1,689.163,-1,651.598,-1,523.618,518.736,503.680,787.178,-1,-1,-1,-1,-1,-1,-1,-1,2,0,2,0,2,0,0,0,0,2,2,2,2,2,2,2,2
64,1766.785,-4036.829,956.224,30.299,0.862283,-0.500681,0.076067,0.503851,0.863295,-0.029275,-0.051011,0.063570,0.996673,0,0.68308,-0.72183,22.606,-0.558,-1,704.343,-1,656.275,-1,529.655,522.739,503.626,775.723,-1,-1,-1,-1,-1,-1,-1,-1,2,0,2,0,2,0,0,0,0,2,2,2,2,2,2,2,2
65,1787.879,-4027.373,954.682,29.794,0.866718,-0.492902,0.076473,0.496257,0.867565,-0.032568,-0.050292,0.066178,0.996540,0,0.68409,-0.71966,23.117,-0.505,-1,723.057,-1,662.753,-1,536.665,528.120,506.901,761.497,-1,-1,-1,-1,-1,-1,-1,-1,2,0,2,0,2,0,0,0,0,2,2,2,2,2,2,2,2
66,1809.499,-4017.961,953.151,29.268,0.871272,-0.484852,0.076180,0.488304,0.871970,-0.035034,-0.049441,0.067723,0.996478,0,0.68479,-0.71815,23.580,-0.526,-1,744.762,-1,679.012,-1,543.859,534.104,507.995,750.368,-1,-1,-1,-1,-1,-1,-1,-1,2,0,2,0,2,0,0,0,0,2,2,2,2,2,2,2,2
67,1831.595,-4008.449,951.477,28.742,0.875748,-0.476786,0.075768,0.480283,0.876348,-0.036633,-0.048933,0.068471,0.996452,0,0.68555,-0.71650,24.056,-0.527,-1,763.409,-1,693.791,-1,550.757,538.950,507.369,740.929,-1,-1,-1,-1,-1,-1,-1,-1,2,0,2,0,2,0,0,0,0,2,2,2,2,2,2,2,2
68,1854.108,-3998.740,949.669,28.244,0.879880,-0.469134,0.075660,0.472663,0.880442,-0.037566,-0.048991,0.068815,0.996426,0,0.68626,-0.71494,24.517,-0.497,-1,778.403,-1,706.452,-1,555.945,543.067,505.657,731.961,-1,-1,-1,-1,-1,-1,-1,-1,2,0,2,0,2,0,0,0,0,2,2,2,2,2,2,2,2
69,1876.898,-3988.814,947.741,27.811,0.883398,-0.462392,0.076168,0.465972,0.883985,-0.037954,-0.049782,0.069021,0.996372,0,0.47605,-0.35390,24.858,-0.434,-1,791.037,-1,725.933,-1,558.969,546.733,505.296,721.328,-1,-1,-1,-1,-1,-1,-1,-1,2,0,2,0,2,0,0,0,0,2,2,2,2,2,2,2,2
70,1899.836,-3979.044,945.732,27.376,0.886816,-0.455585,0.077462,0.459203,0.887558,-0.037056,-0.051870,0.068433,0.996306,0,0.47618,-0.35352,24.932,-0.435,-1,795.979,-1,738.173,-1,558.363,547.181,503.711,711.603,-1,-1,-1,-1,-1,-1,-1,-1,2,0,2,0,2,0,0,0,0,2,2,2,2,2,2,2,2
71,1922.928,-3969.234,943.692,26.967,0.889972,-0.449199,0.078549,0.452810,0.890894,-0.035646,-0.053966,0.067291,0.996273,0,0.47629,-0.35316,25.089,-0.409,-1,799.375,-1,750.768,-1,559.312,547.540,500.946,703.179,-1,-1,-1,-1,-1,-1,-1,-1,2,0,2,0,2,0,0,0,0,2,2,2,2,2,2,2,2
72,1946.193,-3959.399,941.632,26.573,0.892966,-0.443044,0.079528,0.446633,0.894064,-0.034179,-0.055960,0.066041,0.996247,0,0.47630,-0.35313,25.259,-0.394,-1,802.558,-1,767.984,-1,560.455,547.839,497.000,694.908,-1,-1,-1,-1,-1,-1,-1,-1,2,0,2,0,2,0,0,0,0,2,2,2,2,2,2,2,2
73,1969.683,-3949.605,939.598,26.186,0.895865,-0.436994,0.080383,0.440542,0.897139,-0.032620,-0.057860,0.064635,0.996230,0,0.47624,-0.35332,25.449,-0.387,-1,807.403,-1,786.284,-1,562.053,553.826,494.442,687.439,-1,-1,-1,-1,-1,-1,-1,-1,2,0,2,0,2,0,0,0,0,2,2,2,2,2,2,2,2
74,1993.394,-3939.838,937.623,25.809,0.898646,-0.431106,0.081135,0.434604,0.900084,-0.031101,-0.059620,0.063210,0.996218,0,0.47613,-0.35366,25.644,-0.376,-1,813.220,-1,805.168,-1,564.483,560.866,492.374,680.074,-1,-1,-1,-1,-1,-1,-1,-1,2,0,2,0,2,0,0,0,0,2,2,2,2,2,2,2,2
75,2017.257,-3930.112,935.695,25.437,0.901346,-0.425249,0.082095,0.428704,0.902961,-0.029569,-0.061554,0.061846,0.996186,0,0.47597,-0.35417,25.769,-0.372,-1,818.411,-1,824.345,-1,571.371,567.553,490.580,672.556,-1,-1,-1,-1,-1,-1,-1,-1,2,0,2,0,2,0,0,0,0,2,2,2,2,2,2,2,2
76,2041.054,-3920.466,934.086,25.066,0.904058,-0.419611,0.081281,0.422828,0.905816,-0.026706,-0.062420,0.058512,0.996333,0,0.47577,-0.35479,25.678,-0.371,-1,825.965,-1,855.698,-1,582.484,580.524,486.544,672.202,-1,-1,-1,-1,-1,-1,-1,-1,2,0,2,0,2,0,0,0,0,2,2,2,2,2,2,2,2
77,2069.165,-3909.012,933.490,24.571,0.907972,-0.412879,0.071541,0.415144,0.909543,-0.019686,-0.056941,0.047574,0.997243,0,0.47556,-0.35546,30.354,-0.495,-1,859.330,-1,961.898,-1,620.096,632.253,474.613,698.626,-1,-1,-1,-1,-1,-1,-1,-1,2,0,2,0,2,0,0,0,0,2,2,2,2,2,2,2,2
78,2087.723,-3901.304,933.309,24.303,0.910050,-0.409160,0.066302,0.410966,0.911515,-0.015746,-0.053993,0.041577,0.997675,0,0.47546,-0.35578,20.095,-0.268,-1,880.845,-1,-1,-1,648.768,666.449,469.195,713.320,-1,-1,-1,-1,-1,-1,-1,-1,2,0,2,2,2,0,0,0,0,2,2,2,2,2,2,2,2
79,2110.768,-3891.903,932.596,24.032,0.911920,-0.404992,0.066203,0.406620,0.913509,-0.012701,-0.055334,0.038502,0.997725,0,0.47518,-0.35665,24.890,-0.271,-1,883.608,-1,-1,-1,666.425,687.654,468.378,716.195,-1,-1,-1,-1,-1,-1,-1,-1,2,0,2,2,2,0,0,0,0,2,2,2,2,2,2,2,2
80,2133.744,-3883.056,931.252,23.770,0.913429,-0.400616,0.071785,0.402298,0.915453,-0.010101,-0.061669,0.038106,0.997369,0,0.47463,-0.35837,24.620,-0.262,-1,866.107,-1,-1,-1,662.963,684.347,470.145,707.614,-1,-1,-1,-1,-1,-1,-1,-1,2,0,2,2,2,0,0,0,0,2,2,2,2,2,2,2,2
81,2156.683,-3874.466,929.069,23.506,0.914687,-0.395898,0.081320,0.397829,0.917421,-0.008407,-0.071276,0.040041,0.996653,0,0.47407,-0.36011,24.494,-0.264,-1,837.966,-1,971.774,-1,645.240,664.384,475.087,688.125,-1,-1,-1,-1,-1,-1,-1,-1,2,0,2,0,2,0,0,0,0,2,2,2,2,2,2,2,2
82,2184.336,-3864.531,925.392,23.150,0.916181,-0.389461,0.094509,0.391723,0.920064,-0.005931,-0.084644,0.042456,0.995506,0,0.47352,-0.36184,29.384,-0.356,-1,797.951,-1,905.733,-1,615.903,631.894,479.216,662.795,-1,-1,-1,-1,-1,-1,-1,-1,2,0,2,0,2,0,0,0,0,2,2,2,2,2,2,2,2
83,2203.057,-3857.942,922.582,22.890,0.917382,-0.385010,0.100882,0.387337,0.921931,-0.003803,-0.091542,0.042564,0.994891,0,0.47298,-0.36353,19.847,-0.259,-1,777.385,-1,877.075,-1,602.809,618.102,478.853,649.490,-1,-1,-1,-1,-1,-1,-1,-1,2,0,2,0,2,0,0,0,0,2,2,2,2,2,2,2,2
84,2226.894,-3849.618,918.989,22.549,0.919278,-0.379420,0.104729,0.381696,0.924286,-0.001832,-0.096104,0.041659,0.994499,0,0.47266,-0.36451,25.248,-0.342,-1,765.014,-1,864.639,-1,599.578,615.481,475.734,635.818,-1,-1,-1,-1,-1,-1,-1,-1,2,0,2,0,2,0,0,0,0,2,2,2,2,2,2,2,2
85,2251.154,-3841.215,915.524,22.202,0.921485,-0.373928,0.105083,0.376097,0.926580,-0.000894,-0.097033,0.040346,0.994463,0,0.47229,-0.36569,25.675,-0.346,-1,766.418,-1,871.749,-1,608.839,626.103,473.796,623.849,-1,-1,-1,-1,-1,-1,-1,-1,2,0,2,0,2,0,0,0,0,2,2,2,2,2,2,2,2
86,2275.793,-3832.799,912.297,21.846,0.923992,-0.368438,0.102436,0.370435,0.928858,-0.000512,-0.094960,0.038419,0.994739,0,0.47188,-0.36696,26.037,-0.356,-1,776.594,-1,888.252,-1,629.442,648.400,473.733,616.484,-1,-1,-1,-1,-1,-1,-1,-1,2,0,2,0,2,0,0,0,0,2,2,2,2,2,2,2,2
87,2300.650,-3824.516,909.610,21.507,0.926533,-0.362949,0.099021,0.365110,0.930956,-0.004007,-0.090730,0.039866,0.995077,0,0.47147,-0.36825,26.201,-0.339,-1,799.159,-1,903.736,-1,658.664,679.733,481.562,602.784,-1,-1,-1,-1,-1,-1,-1,-1,2,0,2,0,2,0,0,0,0,2,2,2,2,2,2,2,2
88,2325.526,-3816.660,907.569,21.146,0.929083,-0.357214,0.095935,0.359360,0.933182,-0.005526,-0.087551,0.039609,0.995372,0,0.47098,-0.36978,26.087,-0.361,-1,819.421,-1,919.519,-1,687.270,710.437,488.824,597.222,-1,-1,-1,-1,-1,-1,-1,-1,2,0,2,0,2,0,0,0,0,2,2,2,2,2,2,2,2
89,2350.040,-3808.669,906.546,20.806,0.931466,-0.352199,0.091248,0.353944,0.935261,-0.003168,-0.084225,0.035247,0.995823,0,0.47057,-0.37107,25.784,-0.340,-1,833.942,-1,937.827,-1,716.570,745.755,491.105,607.234,-1,-1,-1,-1,-1,-1,-1,-1,2,0,2,0,2,0,0,0,0,2,2,2,2,2,2,2,2
90,2374.356,-3800.116,906.331,20.617,0.932874,-0.349637,0.086601,0.350968,0.936388,-0.000149,-0.081040,0.030533,0.996243,0,0.47007,-0.37262,25.776,-0.189,-1,848.990,-1,955.587,-1,745.025,776.777,495.678,621.521,-1,-1,-1,-1,-1,-1,-1,-1,2,0,2,0,2,0,0,0,0,2,2,2,2,2,2,2,2
91,2398.553,-3791.115,906.178,20.564,0.933311,-0.349039,0.084274,0.350132,0.936698,0.001917,-0.079608,0.027718,0.996441,0,0.46903,-0.37586,25.817,-0.054,-1,861.328,-1,966.795,-1,762.539,799.160,502.881,632.688,-1,-1,-1,-1,-1,-1,-1,-1,2,0,2,0,2,0,0,0,0,2,2,2,2,2,2,2,2
92,2422.600,-3782.203,905.400,20.544,0.933231,-0.348607,0.086913,0.349730,0.936848,0.002448,-0.082277,0.028111,0.996213,0,0.46752,-0.38060,25.646,-0.020,-1,858.747,-1,959.773,-1,764.061,799.679,513.707,636.807,-1,-1,-1,-1,-1,-1,-1,-1,2,0,2,0,2,0,0,0,0,2,2,2,2,2,2,2,2
93,2446.599,-3773.483,903.724,20.523,0.932918,-0.347887,0.092941,0.349225,0.937037,0.001992,-0.087782,0.030599,0.995670,0,0.46589,-0.38570,25.534,-0.021,-1,846.530,-1,939.819,-1,755.866,787.224,525.971,630.603,-1,-1,-1,-1,-1,-1,-1,-1,2,0,2,0,2,0,0,0,0,2,2,2,2,2,2,2,2
94,2470.609,-3765.003,901.024,20.473,0.932586,-0.346517,0.101037,0.348175,0.937429,0.001310,-0.095169,0.033957,0.994882,0,0.46425,-0.39083,25.463,-0.050,-1,827.797,-1,912.043,-1,740.215,767.949,537.297,617.626,-1,-1,-1,-1,-1,-1,-1,-1,2,0,2,0,2,0,0,0,0,2,2,2,2,2,2,2,2
95,2494.673,-3756.673,897.138,20.400,0.932277,-0.344710,0.109707,0.346716,0.937970,0.000835,-0.103190,0.037259,0.993964,0,0.46270,-0.39568,25.465,-0.072,-1,805.078,-1,880.756,-1,720.502,745.157,547.102,600.651,-1,-1,-1,-1,-1,-1,-1,-1,2,0,2,0,2,0,0,0,0,2,2,2,2,2,2,2,2
96,2518.841,-3748.585,892.119,20.264,0.932341,-0.341846,0.117821,0.344212,0.938892,0.000279,-0.110717,0.040296,0.993035,0,0.46120,-0.40036,25.485,-0.137,-1,781.791,-1,848.884,-1,700.462,721.933,554.178,580.661,-1,-1,-1,-1,-1,-1,-1,-1,2,0,2,0,2,0,0,0,0,2,2,2,2,2,2,2,2
97,2543.125,-3740.780,886.747,20.113,0.932748,-0.338469,0.124175,0.341585,0.939842,-0.004065,-0.115329,0.046208,0.992252,0,0.34203,-0.56766,25.508,-0.150,-1,767.941,-1,822.419,-1,688.270,704.634,567.755,553.231,-1,-1,-1,-1,-1,-1,-1,-1,2,0,2,0,2,0,0,0,0,2,2,2,2,2,2,2,2
98,2567.281,-3733.316,880.772,19.902,0.933136,-0.334307,0.132270,0.337832,0.941196,-0.004498,-0.122988,0.048882,0.991204,0,0.34109,-0.57163,25.283,-0.211,-1,744.689,-1,790.118,-1,667.246,680.435,571.986,537.115,-1,-1,-1,-1,-1,-1,-1,-1,2,0,2,0,2,0,0,0,0,2,2,2,2,2,2,2,2
99,2591.208,-3726.199,874.208,19.601,0.933380,-0.329039,0.143304,0.332382,0.943145,0.000647,-0.135370,0.047028,0.989678,0,0.34030,-0.57498,24.964,-0.301,-1,707.223,-1,749.716,-1,634.327,646.954,563.471,530.198,-1,-1,-1,-1,-1,-1,-1,-1,2,0,2,0,2,0,0,0,0,2,2,2,2,2,2,2,2
100,2615.085,-3719.455,867.317,19.183,0.933709,-0.322579,0.155338,0.324836,0.945702,0.011339,-0.150561,0.039872,0.987796,0,0.33972,-0.57739,24.811,-0.418,-1,662.227,-1,707.773,-1,596.234,610.119,543.654,535.783,-1,-1,-1,-1,984.322,-1,-1,-1,2,0,2,0,2,0,0,0,0,2,2,2,2,0,2,2,2
101,2639.257,-3712.731,861.151,18.705,0.934791,-0.316019,0.162168,0.316500,0.948300,0.023551,-0.161227,0.029311,0.986482,0,0.33943,-0.57861,25.089,-0.478,-1,628.738,-1,680.967,-1,571.295,585.292,518.389,555.494,-1,-1,-1,-1,925.350,-1,-1,-1,2,0,2,0,2,0,0,0,0,2,2,2,2,0,2,2,2
102,2663.827,-3705.783,856.141,18.289,0.936320,-0.310555,0.163890,0.309461,0.950345,0.032827,-0.165946,0.019981,0.985932,0,0.33925,-0.57936,25.534,-0.416,-1,611.037,-1,668.884,-1,560.472,573.903,500.460,579.461,-1,-1,-1,-1,891.379,-1,-1,-1,2,0,2,0,2,0,0,0,0,2,2,2,2,0,2,2,2
103,2688.598,-3699.173,851.548,17.920,0.937471,-0.304917,0.167848,0.303162,0.952235,0.036623,-0.170997,0.016552,0.985132,0,0.33888,-0.58093,25.638,-0.369,-1,598.958,-1,653.499,-1,548.083,562.119,497.895,587.989,-1,-1,-1,-1,864.007,988.490,-1,-1,2,0,2,0,2,0,0,0,0,2,2,2,2,0,0,2,2
104,2713.075,-3693.047,847.776,17.633,0.938393,-0.299150,0.172996,0.298277,0.953955,0.031646,-0.174497,0.021904,0.984414,0,0.33839,-0.58301,25.231,-0.287,-1,592.925,-1,637.855,-1,540.995,553.583,516.542,572.559,-1,-1,-1,-1,852.362,957.909,-1,-1,2,0,2,0,2,0,0,0,0,2,2,2,2,0,0,2,2
105,2737.554,-3687.314,845.020,17.380,0.939771,-0.292725,0.176474,0.294140,0.955580,0.018685,-0.174105,0.034348,0.984128,0,0.33771,-0.58583,25.142,-0.254,-1,598.807,-1,627.838,-1,542.963,552.403,556.283,541.642,-1,-1,-1,-1,861.383,937.290,-1,-1,2,0,2,0,2,0,0,0,0,2,2,2,2,0,0,2,2
106,2767.135,-3681.086,842.481,16.994,0.941638,-0.284027,0.180681,0.287772,0.957682,0.005701,-0.174655,0.046626,0.983525,0,0.33696,-0.58899,30.229,-0.386,-1,604.983,-1,616.074,-1,545.381,547.351,606.674,517.535,-1,-1,-1,-1,868.062,914.900,-1,-1,2,0,2,0,2,0,0,0,0,2,2,2,2,0,0,2,2
107,2786.672,-3677.135,840.739,16.674,0.942389,-0.277905,0.186202,0.282266,0.959331,0.003210,-0.179521,0.049533,0.982506,0,0.33625,-0.59197,19.933,-0.319,-1,598.605,-1,603.212,-1,539.133,537.764,627.238,515.254,-1,-1,-1,-1,853.910,890.340,-1,-1,2,0,2,0,2,0,0,0,0,2,2,2,2,0,0,2,2
108,2810.888,-3672.445,838.090,16.207,0.942776,-0.269897,0.195779,0.274030,0.961701,0.006186,-0.189951,0.047818,0.980628,0,0.33593,-0.59333,24.666,-0.467,-1,580.037,-1,581.992,-1,522.043,519.449,634.966,523.317,-1,-1,-1,-1,818.100,850.606,-1,-1,2,0,2,0,2,0,0,0,0,2,2,2,2,0,0,2,2
109,2834.964,-3668.064,834.562,15.666,0.942799,-0.261359,0.206934,0.264403,0.964320,0.013311,-0.203029,0.042165,0.978264,0,0.33569,-0.59434,24.472,-0.541,-1,553.865,-1,557.380,-1,500.256,496.939,626.663,537.774,-1,-1,-1,-1,772.150,806.042,-1,-1,2,0,2,0,2,0,0,0,0,2,2,2,2,0,0,2,2
110,2858.969,-3663.848,829.878,15.092,0.942517,-0.252682,0.218661,0.254176,0.966913,0.021755,-0.216924,0.035074,0.975558,0,0.33563,-0.59459,24.372,-0.574,-1,525.082,-1,530.865,-1,475.855,472.405,610.473,552.726,-1,-1,-1,-1,723.162,759.693,914.999,-1,2,0,2,0,2,0,0,0,0,2,2,2,2,0,0,0,2
111,2887.707,-3659.174,822.642,14.342,0.941945,-0.241853,0.232908,0.240839,0.969996,0.033229,-0.233957,0.024793,0.971931,0,0.33564,-0.59455,29.116,-0.750,762.504,488.461,-1,497.483,-1,443.460,441.277,578.594,570.349,-1,-1,-1,-1,663.035,703.569,792.450,938.404,0,0,2,0,2,0,0,0,0,2,2,2,2,0,0,0,0
112,2906.955,-3656.585,817.107,13.755,0.942001,-0.233532,0.241032,0.230602,0.972196,0.040706,-0.243836,0.017237,0.969663,0,0.33579,-0.59391,19.421,-0.587,680.489,465.759,-1,476.888,980.514,423.207,422.017,549.418,581.213,-1,-1,-1,-1,627.039,670.444,725.666,873.932,0,0,2,0,0,0,0,0,0,2,2,2,2,0,0,0,0
113,2931.236,-3654.487,809.914,12.851,0.943545,-0.220709,0.247003,0.215255,0.975317,0.049222,-0.251770,0.006725,0.967764,0,0.33611,-0.59259,24.371,-0.904,628.827,443.172,1000.747,457.394,928.378,403.083,403.414,520.107,597.153,-1,-1,-1,-1,593.011,641.102,662.975,823.135,0,0,0,0,0,0,0,0,0,2,2,2,2,0,0,0,0
114,2955.893,-3652.658,802.318,11.972,0.946271,-0.207487,0.248031,0.200653,0.978238,0.052815,-0.253592,-0.000209,0.967311,0,0.33693,-0.58912,24.725,-0.879,599.460,428.525,969.599,444.264,907.830,389.748,390.993,494.995,602.027,-1,-1,-1,-1,572.537,622.952,627.899,795.425,0,0,0,0,0,0,0,0,0,2,2,2,2,0,0,0,0
115,2980.847,-3651.652,794.550,11.037,0.950427,-0.192715,0.244028,0.185383,0.981242,0.052893,-0.249644,-0.005033,0.968325,0,0.33767,-0.58601,24.975,-0.935,587.001,421.606,961.308,437.516,926.386,382.877,384.489,469.535,599.818,-1,-1,-1,-1,564.157,616.183,613.729,791.101,0,0,0,0,0,0,0,0,0,2,2,2,2,0,0,0,0
116,3010.864,-3651.478,785.894,9.901,0.955558,-0.173396,0.238416,0.166781,0.984834,0.047805,-0.243089,-0.005918,0.969986,0,0.33854,-0.58234,30.017,-1.137,587.270,418.216,959.396,430.850,952.087,378.278,377.855,459.515,583.876,-1,-1,-1,-1,562.744,610.170,611.838,790.230,0,0,0,0,0,0,0,0,0,2,2,2,2,0,0,0,0
117,3030.986,-3651.173,780.741,9.303,0.958028,-0.162264,0.236332,0.156940,0.986744,0.041301,-0.239901,-0.002478,0.970794,0,0.33964,-0.57772,20.125,-0.597,594.042,416.088,955.759,424.364,928.641,374.429,372.870,460.692,564.984,-1,-1,-1,-1,562.049,602.041,614.732,776.234,0,0,0,0,0,0,0,0,0,2,2,2,2,0,0,0,0
118,3056.185,-3650.392,775.116,8.706,0.959728,-0.150906,0.236960,0.146961,0.988546,0.034330,-0.239427,0.001877,0.970913,0,0.33996,-0.57639,25.211,-0.597,589.919,410.248,938.505,413.525,863.791,367.127,364.176,458.605,546.487,-1,-1,-1,-1,555.506,586.116,607.565,743.156,0,0,0,0,0,0,0,0,0,2,2,2,2,0,0,0,0
119,3081.552,-3649.532,770.153,8.131,0.960711,-0.140727,0.239229,0.137255,0.990044,0.031198,-0.241238,0.002863,0.970462,0,0.33995,-0.57641,25.382,-0.575,574.206,401.285,912.920,402.211,814.775,358.142,354.341,454.750,540.833,-1,-1,-1,-1,543.828,569.334,589.643,710.070,0,0,0,0,0,0,0,0,0,2,2,2,2,0,0,0,0
120,3107.087,-3648.736,765.590,7.546,0.961505,-0.131186,0.241452,0.127377,0.991358,0.031384,-0.243483,0.000579,0.969905,0,0.33986,-0.57682,25.547,-0.584,552.480,391.425,886.991,392.415,787.867,349.008,345.154,450.570,545.863,-1,-1,-1,-1,529.846,555.187,567.030,685.375,0,0,0,0,0,0,0,0,0,2,2,2,2,0,0,0,0
121,3132.747,-3648.244,761.104,6.899,0.962445,-0.121229,0.242907,0.116460,0.992615,0.033955,-0.245229,-0.004391,0.969455,0,0.33975,-0.57727,25.664,-0.647,527.527,381.600,864.046,384.369,782.057,340.275,337.244,438.153,558.047,-1,-1,-1,-1,515.568,544.347,543.162,670.119,0,0,0,0,0,0,0,0,0,2,2,2,2,0,0,0,0
122,3158.654,-3647.644,756.328,6.316,0.963719,-0.112433,0.242085,0.106668,0.993612,0.036831,-0.244679,-0.009672,0.969556,0,0.33977,-0.57717,25.914,-0.583,507.421,373.704,849.160,378.832,804.623,333.278,331.051,427.483,571.514,-1,-1,-1,-1,504.668,537.915,523.939,665.709,0,0,0,0,0,0,0,0,0,2,2,2,2,0,0,0,0
123,3184.778,-3647.018,751.213,5.785,0.965452,-0.104431,0.238742,0.097816,0.994423,0.039423,-0.241527,-0.014708,0.970283,0,0.33960,-0.57791,26.131,-0.531,493.069,367.916,843.023,376.107,876.935,328.283,326.944,419.554,584.394,-1,-1,-1,-1,497.821,536.177,510.954,675.620,0,0,0,0,0,0,0,0,0,2,2,2,2,0,0,0,0
124,3210.781,-3646.427,745.998,5.328,0.967505,-0.097195,0.233424,0.090230,0.995103,0.040360,-0.236204,-0.017987,0.971537,0,-0.14502,-0.53238,26.010,-0.457,486.280,364.812,845.472,375.425,-1,325.142,324.670,412.500,590.801,-1,-1,-1,-1,495.117,539.304,505.912,696.659,0,0,0,0,2,0,0,0,0,2,2,2,2,0,0,0,0
125,3236.238,-3645.757,740.796,4.976,0.969504,-0.091192,0.227476,0.084405,0.995652,0.039412,-0.230081,-0.019010,0.972986,0,-0.14479,-0.53464,25.465,-0.352,484.277,362.893,851.299,374.627,-1,322.984,323.324,407.875,590.923,-1,-1,-1,-1,494.707,542.812,505.865,721.421,0,0,0,0,2,0,0,0,0,2,2,2,2,0,0,0,0
126,3261.165,-3645.042,735.766,4.691,0.971508,-0.086160,0.220789,0.079723,0.996096,0.037921,-0.223194,-0.019239,0.974584,0,-0.14445,-0.53795,24.938,-0.284,486.682,362.216,865.412,374.854,-1,321.992,322.922,405.658,589.662,-1,-1,-1,-1,496.053,547.885,508.691,759.973,0,0,0,0,2,0,0,0,0,2,2,2,2,0,0,0,0
127,3285.574,-3644.324,731.087,4.444,0.973684,-0.081739,0.212740,0.075677,0.996464,0.036499,-0.214971,-0.019439,0.976427,0,-0.14405,-0.54192,24.419,-0.247,494.466,363.725,884.145,377.841,-1,322.991,324.204,403.997,589.752,-1,-1,-1,-1,500.716,559.047,516.344,837.708,0,0,0,0,2,0,0,0,0,2,2,2,2,0,0,0,0
128,3309.443,-3643.384,726.973,4.291,0.975902,-0.078663,0.203539,0.073225,0.996732,0.034123,-0.205558,-0.018397,0.978472,0,-0.14361,-0.54624,23.888,-0.153,509.857,368.157,916.149,383.511,-1,326.295,327.623,403.709,588.861,-1,-1,-1,-1,509.641,575.880,531.712,1005.952,0,0,0,0,2,0,0,0,0,2,2,2,2,0,0,0,0
129,3332.757,-3641.960,723.368,4.268,0.977971,-0.077649,0.193762,0.072978,0.996847,0.031143,-0.195570,-0.016317,0.980554,0,-0.14307,-0.55150,23.357,-0.023,530.423,374.680,950.691,390.323,-1,331.334,332.894,404.248,583.863,-1,-1,-1,-1,519.885,595.634,552.933,-1,0,0,0,0,2,0,0,0,0,2,2,2,2,0,0,0,2
130,3355.437,-3639.818,720.196,4.419,0.979802,-0.079533,0.183472,0.075710,0.996743,0.027758,-0.185083,-0.013307,0.982633,0,-0.14240,-0.55810,22.780,0.151,556.243,382.229,994.243,398.634,-1,337.979,339.615,406.400,576.590,-1,-1,-1,-1,531.642,620.930,574.103,-1,0,0,0,0,2,0,0,0,0,2,2,2,2,0,0,0,2
131,3377.425,-3637.064,717.382,4.690,0.981280,-0.083665,0.173464,0.080501,0.996436,0.025207,-0.174955,-0.010771,0.984518,0,-0.14155,-0.56649,22.160,0.271,583.079,389.367,-1,408.363,-1,344.620,346.329,408.015,572.317,-1,-1,-1,-1,543.481,647.885,594.376,-1,0,0,2,0,2,0,0,0,0,2,2,2,2,0,0,0,2
132,3398.737,-3633.986,714.855,4.995,0.982558,-0.088612,0.163483,0.085872,0.996023,0.023768,-0.164939,-0.009315,0.986260,0,-0.14057,-0.57610,21.533,0.305,602.931,396.625,-1,419.367,-1,351.107,353.790,408.603,571.888,-1,-1,-1,-1,555.712,678.202,615.012,-1,0,0,2,0,2,0,0,0,0,2,2,2,2,0,0,0,2
133,3419.397,-3630.643,712.428,5.328,0.983602,-0.094212,0.153792,0.091735,0.995515,0.023140,-0.155282,-0.008652,0.987832,0,-0.13957,-0.58598,20.929,0.333,620.024,403.439,-1,430.199,-1,357.404,361.355,408.170,573.081,-1,-1,-1,-1,565.122,710.995,629.948,-1,0,0,2,0,2,0,0,0,0,2,2,2,2,0,0,0,2
134,3439.222,-3627.272,710.144,5.669,0.984488,-0.099905,0.144228,0.097723,0.994967,0.022150,-0.145715,-0.007712,0.989297,0,-0.13854,-0.59607,20.109,0.341,639.547,410.408,-1,441.408,-1,364.065,369.459,407.373,569.682,-1,-1,-1,-1,575.044,744.708,646.675,-1,0,0,2,0,2,0,0,0,0,2,2,2,2,0,0,0,2
135,3458.374,-3623.975,708.625,5.998,0.985989,-0.105136,0.129506,0.103593,0.994446,0.018617,-0.130744,-0.004940,0.991404,0,0.60793,-0.84538,19.433,0.329,684.469,425.684,-1,464.585,-1,378.161,384.886,410.131,564.524,-1,-1,-1,-1,600.188,811.854,691.556,-1,0,0,2,0,2,0,0,0,0,2,2,2,2,0,0,0,2
136,3477.907,-3620.431,708.056,6.340,0.988063,-0.110617,0.107212,0.109777,0.993861,0.013724,-0.108072,-0.001791,0.994141,0,0.60357,-0.85509,19.852,0.342,769.706,454.601,-1,504.240,-1,403.507,412.550,415.571,562.726,-1,-1,-1,-1,646.417,818.102,775.062,-1,0,0,2,0,2,0,0,0,0,2,2,2,2,0,1,0,2
137,3496.973,-3618.716,708.201,6.229,0.990365,-0.109126,0.085261,0.108104,0.994002,0.016528,-0.086553,-0.007152,0.996222,0,0.59905,-0.86514,19.143,-0.110,836.750,482.525,-1,556.690,-1,430.628,442.901,413.766,584.193,-1,451.118,447.978,-1,691.680,766.599,856.704,-1,0,0,2,0,2,0,0,0,0,2,0,0,2,0,1,0,2
138,3514.786,-3619.201,708.371,5.565,0.992680,-0.098347,0.070107,0.096720,0.994966,0.026247,-0.072335,-0.019274,0.997194,0,0.59675,-0.87026,17.819,-0.665,857.478,497.234,-1,603.212,-1,447.640,467.101,405.049,622.865,-1,393.484,396.594,-1,717.957,737.984,901.000,-1,0,0,2,0,2,0,0,0,0,2,0,0,2,0,1,0,2
139,3532.562,-3620.082,707.846,4.900,0.994427,-0.087227,0.059213,0.085258,0.995744,0.035010,-0.062015,-0.029767,0.997631,0,0.59726,-0.86913,17.798,-0.665,861.327,505.935,-1,646.659,-1,459.425,484.536,397.157,655.901,-1,367.659,377.242,-1,734.165,707.529,929.501,-1,0,0,2,0,2,0,0,0,0,2,0,0,2,0,1,0,2
140,3549.206,-3622.935,706.793,3.850,0.996015,-0.069756,0.055581,0.067035,0.996527,0.049404,-0.058834,-0.045481,0.997231,0,0.59777,-0.86799,16.886,-1.050,814.694,502.204,-1,679.019,-1,461.198,492.228,383.451,704.783,-1,368.868,385.489,-1,728.516,658.933,906.585,-1,0,0,2,0,2,0,0,0,0,2,0,0,2,0,1,0,2
141,3565.571,-3626.630,705.066,2.659,0.997130,-0.049958,0.056889,0.046301,0.996884,0.063867,-0.059903,-0.061050,0.996336,0,0.60030,-0.86235,16.777,-1.192,753.781,491.402,-1,696.591,-1,455.130,491.949,366.588,755.106,-1,381.987,405.594,-1,710.718,-1,858.730,-1,0,0,2,0,2,0,0,0,0,2,0,0,2,0,2,0,2
142,3581.918,-3630.905,702.787,1.448,0.997647,-0.029921,0.061680,0.025224,0.996822,0.075567,-0.063745,-0.073833,0.995231,0,0.60355,-0.85513,16.897,-1.210,693.968,477.008,-1,705.266,-1,444.079,485.644,352.065,796.973,-1,404.369,433.568,-1,686.665,-1,802.704,-1,0,0,2,0,2,0,0,0,0,2,0,0,2,0,2,0,2
143,3598.043,-3636.258,700.323,0.150,0.997704,-0.008302,0.067214,0.002620,0.996447,0.084182,-0.067675,-0.083813,0.994181,0,0.60689,-0.84769,16.991,-1.298,644.806,463.330,-1,711.313,-1,434.387,478.905,340.560,829.033,-1,428.728,462.705,-1,666.578,-1,755.081,-1,0,0,2,0,2,0,0,0,0,2,0,0,2,0,2,0,2
144,3617.270,-3643.986,697.338,-1.507,0.997285,0.020010,0.070863,-0.026240,0.995765,0.088109,-0.068799,-0.089729,0.993587,0,0.61071,-0.83919,20.722,-1.658,616.478,454.716,-1,725.639,-1,428.722,478.691,333.406,842.707,-1,447.710,480.976,-1,658.066,-1,731.590,-1,0,0,2,0,2,0,0,0,0,2,0,0,2,0,2,0,2
145,3630.523,-3649.569,695.140,-2.544,0.996840,0.038331,0.069577,-0.044296,0.995282,0.086317,-0.065940,-0.089127,0.993835,0,0.61582,-0.82783,14.381,-1.037,620.182,455.645,-1,742.685,-1,430.071,481.753,333.163,829.259,-1,446.945,474.880,-1,665.129,-1,744.271,-1,0,0,2,0,2,0,0,0,0,2,0,0,2,0,2,0,2
146,3647.186,-3657.388,692.160,-3.844,0.996013,0.061768,0.064373,-0.066927,0.994437,0.081337,-0.058991,-0.085321,0.994606,0,0.61885,-0.82107,18.406,-1.300,643.942,465.096,-1,781.946,-1,438.981,491.906,335.449,798.393,-1,433.054,453.274,-1,686.156,-1,791.438,-1,0,0,2,0,2,0,0,0,0,2,0,0,2,0,2,0,2
147,3663.416,-3666.377,689.003,-5.261,0.994564,0.087500,0.056455,-0.091582,0.993022,0.074303,-0.049559,-0.079069,0.995636,0,0.62268,-0.81256,18.553,-1.417,688.564,480.672,-1,838.089,-1,450.955,509.766,340.686,758.962,-1,411.691,422.079,-1,722.922,-1,907.627,-1,0,0,2,0,2,0,0,0,0,2,0,0,2,0,2,0,2
148,3679.859,-3675.956,685.446,-6.660,0.992534,0.113113,0.045632,-0.115896,0.991210,0.063811,-0.038013,-0.068623,0.996918,0,0.62714,-0.80263,19.030,-1.399,762.511,501.590,-1,904.425,-1,471.695,530.282,350.506,705.561,-1,387.618,386.242,-1,778.614,-1,-1,-1,0,0,2,0,2,0,0,0,0,2,0,0,2,0,2,2,2
149,3696.377,-3686.132,681.455,-8.042,0.989829,0.138216,0.033688,-0.139851,0.988791,0.052295,-0.026082,-0.056474,0.998063,0,0.63149,-0.79294,19.401,-1.382,880.610,524.957,-1,973.558,-1,492.178,553.188,361.519,650.210,-1,363.443,351.898,-1,862.970,-1,-1,-1,0,0,2,0,2,0,0,0,0,2,0,0,2,0,2,2,2
150,3712.875,-3696.646,677.684,-9.469,0.986194,0.163466,0.026468,-0.164483,0.985469,0.042373,-0.019157,-0.046142,0.998751,0,0.63576,-0.78346,19.564,-1.427,-1,545.189,-1,1007.212,-1,507.931,569.348,371.048,605.709,-1,355.451,335.542,-1,956.175,-1,-1,-1,2,0,2,0,2,0,0,0,0,2,0,0,2,0,2,2,2
151,3729.257,-3707.486,674.417,-10.976,0.981528,0.189505,0.026286,-0.190370,0.981066,0.035614,-0.019039,-0.039960,0.999020,0,0.64021,-0.77355,19.644,-1.507,-1,550.656,-1,1003.474,-1,510.192,573.979,376.961,576.496,-1,367.952,342.130,-1,-1,-1,-1,-1,2,0,2,0,2,0,0,0,0,2,0,0,2,2,2,2,2
152,3745.642,-3718.655,671.728,-12.511,0.975989,0.215645,0.030710,-0.216563,0.975789,0.030588,-0.023371,-0.036504,0.999060,0,0.64502,-0.76285,19.829,-1.534,-1,548.942,-1,978.549,-1,507.909,569.004,380.219,557.180,-1,396.810,365.224,-1,-1,-1,-1,-1,2,0,2,0,2,0,0,0,0,2,0,0,2,2,2,2,2
153,3762.399,-3729.826,669.711,-13.932,0.970176,0.239694,0.036120,-0.240663,0.970277,0.025367,-0.028966,-0.033304,0.999025,0,0.64992,-0.75193,20.140,-1.421,-1,544.656,-1,949.713,-1,504.120,562.683,384.348,541.754,-1,435.030,397.244,-1,-1,-1,-1,-1,2,0,2,0,2,0,0,0,0,2,0,0,2,2,2,2,2
154,3779.591,-3740.159,668.686,-15.066,0.965080,0.258834,0.040305,-0.259777,0.965458,0.020152,-0.033697,-0.029918,0.998984,0,-0.18361,-0.34271,20.058,-1.134,-1,546.621,-1,930.902,-1,503.468,559.962,390.566,530.769,-1,475.694,432.881,-1,-1,-1,-1,-1,2,0,2,0,2,0,0,0,0,2,0,0,2,2,2,2,2
155,3796.200,-3749.848,668.648,-16.055,0.960297,0.275407,0.044509,-0.276360,0.960908,0.016788,-0.038145,-0.028422,0.998868,0,-0.18440,-0.33645,19.229,-0.989,-1,550.170,-1,921.918,-1,504.837,560.417,395.251,528.130,-1,520.130,473.782,-1,-1,-1,-1,-1,2,0,2,0,2,0,0,0,0,2,0,0,2,2,2,2,2
156,3812.402,-3759.225,669.275,-16.944,0.955835,0.290266,0.046099,-0.291208,0.956541,0.015076,-0.039720,-0.027835,0.998823,0,-0.18501,-0.33162,18.719,-0.889,-1,560.687,-1,933.925,-1,513.451,572.853,400.324,530.330,-1,558.627,508.048,-1,445.641,-1,-1,-1,2,0,2,0,2,0,0,0,0,2,0,0,2,1,2,2,2
157,3828.365,-3768.212,670.112,-17.731,0.951775,0.303429,0.045337,-0.304320,0.952466,0.014076,-0.038911,-0.027194,0.998873,0,-0.18550,-0.32779,18.319,-0.787,-1,397.160,-1,959.484,-1,530.645,591.603,405.994,533.574,-1,587.186,533.578,-1,382.492,-1,-1,-1,2,1,2,0,2,0,0,0,0,2,0,0,2,1,2,2,2
158,3843.835,-3777.003,670.870,-18.480,0.947783,0.315933,0.043518,-0.316756,0.948413,0.013339,-0.037059,-0.026427,0.998964,0,-0.18584,-0.32505,17.793,-0.749,-1,407.777,-1,986.888,-1,552.170,613.336,411.461,536.342,-1,609.678,553.694,-1,325.439,-1,-1,-1,2,1,2,0,2,0,0,0,0,2,0,0,2,1,2,2,2
159,3858.676,-3785.599,671.346,-19.184,0.943872,0.327661,0.041746,-0.328399,0.944462,0.012057,-0.035477,-0.025089,0.999056,0,-0.18615,-0.32262,17.151,-0.704,-1,384.756,-1,-1,-1,571.718,634.357,415.991,536.716,-1,631.017,572.457,-1,-1,-1,-1,-1,2,1,2,2,2,0,0,0,0,2,0,0,2,2,2,2,2
160,3873.192,-3793.655,671.394,-19.746,0.940641,0.337064,0.039777,-0.337647,0.941232,0.008762,-0.034486,-0.021673,0.999170,0,-0.18642,-0.32051,16.602,-0.562,-1,363.416,-1,-1,-1,587.945,649.897,421.248,530.909,-1,650.720,589.823,-1,-1,-1,-1,-1,2,1,2,2,2,0,0,0,0,2,0,0,2,2,2,2,2
161,3887.493,-3800.968,671.045,-20.131,0.938328,0.343536,0.039028,-0.343946,0.938980,0.004114,-0.035233,-0.017284,0.999230,0,-0.18650,-0.31985,16.062,-0.385,-1,343.539,-1,-1,-1,596.726,658.848,426.754,521.843,-1,675.529,611.301,946.402,-1,-1,-1,-1,2,1,2,2,2,0,0,0,0,2,0,0,0,2,2,2,2
162,3901.596,-3807.606,670.360,-20.371,0.936811,0.347614,0.039368,-0.347855,0.937548,-0.000753,-0.037171,-0.012989,0.999225,0,-0.18634,-0.32108,15.587,-0.240,-1,284.974,-1,1006.982,-1,601.914,661.242,431.291,512.317,-1,703.459,635.659,944.954,-1,-1,-1,-1,2,1,2,0,2,0,0,0,0,2,0,0,0,2,2,2,2
163,3915.491,-3813.592,669.465,-20.495,0.935963,0.349771,0.040424,-0.349858,0.936789,-0.005115,-0.039658,-0.009356,0.999170,0,-0.18600,-0.32384,15.129,-0.125,-1,272.122,-1,992.630,-1,603.413,659.948,434.369,503.968,-1,733.426,661.142,954.771,-1,-1,-1,-1,2,1,2,0,2,0,0,0,0,2,0,0,0,2,2,2,2
164,3931.855,-3820.095,668.361,-20.550,0.935535,0.350754,0.041781,-0.350718,0.936443,-0.008440,-0.042086,-0.006758,0.999091,0,-0.18549,-0.32783,17.609,-0.055,-1,257.886,-1,980.054,-1,605.178,659.344,435.467,498.092,-1,767.297,688.807,977.316,-1,-1,-1,-1,2,1,2,0,2,0,0,0,0,2,0,0,0,2,2,2,2
165,3942.543,-3824.135,667.681,-20.561,0.935437,0.350935,0.042463,-0.350874,0.936378,-0.009121,-0.042962,-0.006367,0.999056,0,-0.18476,-0.33363,11.426,-0.010,-1,251.794,-1,976.859,-1,607.991,661.979,434.438,497.376,-1,784.102,703.717,997.299,-1,-1,-1,-1,2,1,2,0,2,0,0,0,0,2,0,0,0,2,2,2,2
166,3955.555,-3829.041,666.820,-20.599,0.935165,0.351477,0.043921,-0.351481,0.936162,-0.007899,-0.043894,-0.008051,0.999004,0,-0.18424,-0.33776,13.906,-0.038,-1,269.001,-1,976.812,-1,610.996,665.826,429.246,501.052,-1,802.475,721.960,-1,-1,-1,-1,-1,2,1,2,0,2,0,0,0,0,2,0,0,2,2,2,2,2
167,3968.110,-3833.773,665.975,-20.665,0.934705,0.352392,0.046324,-0.352547,0.935781,-0.005056,-0.045131,-0.011605,0.998914,0,-0.18363,-0.34260,13.418,-0.066,-1,251.155,-1,978.254,-1,613.575,668.673,421.561,508.716,-1,822.014,742.268,-1,-1,-1,-1,-1,2,1,2,0,2,0,0,0,0,2,0,0,2,2,2,2,2
168,3980.233,-3838.421,665.095,-20.748,0.934176,0.353578,0.047925,-0.353896,0.935283,-0.001979,-0.045524,-0.015111,0.998849,0,-0.18307,-0.34703,12.983,-0.083,-1,680.422,-1,982.008,-1,618.928,673.911,414.359,516.295,-1,835.583,757.624,-1,-1,-1,-1,-1,2,0,2,0,2,0,0,0,0,2,0,0,2,2,2,2,2
169,3991.969,-3842.966,664.155,-20.823,0.933749,0.354728,0.047763,-0.355129,0.934817,-0.000098,-0.044684,-0.016870,0.998859,0,-0.18255,-0.35117,12.586,-0.075,-1,688.323,-1,986.882,-1,627.955,682.179,409.565,519.895,-1,840.619,764.921,-1,-1,-1,-1,-1,2,0,2,0,2,0,0,0,0,2,0,0,2,2,2,2,2
170,4003.335,-3847.279,663.135,-20.848,0.933640,0.355155,0.046702,-0.355545,0.934659,0.000065,-0.043628,-0.016666,0.998909,0,-0.18203,-0.35529,12.156,-0.025,-1,698.826,-1,989.489,-1,636.099,689.460,407.113,518.798,-1,841.997,769.097,-1,-1,-1,-1,-1,2,0,2,0,2,0,0,0,0,2,0,0,2,2,2,2,2
171,4014.286,-3851.497,662.167,-20.853,0.933655,0.355329,0.045058,-0.355655,0.934617,-0.000845,-0.042412,-0.015236,0.998984,0,-0.18146,-0.35983,11.735,-0.006,-1,711.606,-1,991.141,-1,644.890,696.375,406.254,515.050,-1,842.221,771.576,-1,-1,-1,-1,-1,2,0,2,0,2,0,0,0,0,2,0,0,2,2,2,2,2
172,4024.889,-3855.485,661.313,-20.827,0.933846,0.355026,0.043459,-0.355237,0.934771,-0.003024,-0.041698,-0.012614,0.999051,0,-0.18088,-0.36442,11.329,0.026,-1,722.587,-1,989.410,-1,652.360,701.408,407.226,508.938,-1,846.628,776.256,-1,-1,-1,-1,-1,2,0,2,0,2,0,0,0,0,2,0,0,2,2,2,2,2
173,4035.125,-3859.256,660.555,-20.782,0.934091,0.354402,0.043275,-0.354498,0.935039,-0.005698,-0.042483,-0.010019,0.999047,0,-0.18027,-0.36925,10.908,0.045,-1,727.413,-1,982.065,-1,654.879,701.661,408.284,503.045,-1,862.339,788.976,-1,-1,-1,-1,-1,2,0,2,0,2,0,0,0,0,2,0,0,2,2,2,2,2
174,4044.900,-3862.793,659.926,-20.734,0.934277,0.353665,0.045249,-0.353659,0.935337,-0.008409,-0.045297,-0.008146,0.998940,0,-0.17965,-0.37415,10.395,0.049,-1,723.669,-1,968.317,-1,650.587,695.764,408.512,498.858,-1,894.212,813.501,-1,-1,-1,-1,-1,2,0,2,0,2,0,0,0,0,2,0,0,2,2,2,2,2
175,4054.266,-3866.145,659.474,-20.692,0.934357,0.353019,0.048517,-0.352908,0.935592,-0.011137,-0.049323,-0.006716,0.998760,0,-0.17905,-0.37894,9.948,0.042,-1,715.401,-1,951.429,-1,642.720,686.627,408.624,495.956,-1,934.156,846.680,-1,-1,-1,-1,-1,2,0,2,0,2,0,0,0,0,2,0,0,2,2,2,2,2
176,4063.289,-3869.415,659.182,-20.667,0.934321,0.352659,0.051727,-0.352430,0.935737,-0.013793,-0.053267,-0.005343,0.998566,0,-0.17847,-0.38352,9.597,0.025,-1,708.199,-1,935.856,-1,635.735,678.357,409.168,493.592,-1,976.031,883.730,-1,-1,-1,-1,-1,2,0,2,0,2,0,0,0,0,2,0,0,2,2,2,2,2
177,4071.956,-3872.663,659.018,-20.662,0.934182,0.352647,0.054250,-0.352282,0.935749,-0.016480,-0.056576,-0.003716,0.998391,0,-0.17793,-0.38781,9.255,0.005,-1,704.286,-1,923.036,-1,631.298,672.421,410.158,491.078,-1,-1,918.208,-1,-1,-1,-1,-1,2,0,2,0,2,0,0,0,0,2,2,0,2,2,2,2,2
178,4080.263,-3875.829,658.961,-20.663,0.934022,0.352781,0.056111,-0.352244,0.935705,-0.019525,-0.059392,-0.001528,0.998234,0,-0.17743,-0.39176,8.890,-0.001,-1,702.963,-1,911.840,-1,628.742,668.076,412.125,487.762,-1,-1,950.310,-1,-1,-1,-1,-1,2,0,2,0,2,0,0,0,0,2,2,0,2,2,2,2,2
179,4088.233,-3878.882,658.958,-20.656,0.933926,0.352828,0.057389,-0.352074,0.935687,-0.023096,-0.061847,0.001365,0.998085,0,-0.17695,-0.39552,8.535,0.007,-1,703.406,-1,901.370,-1,627.377,664.636,415.255,483.183,-1,-1,980.918,-1,-1,-1,-1,-1,2,0,2,0,2,0,0,0,0,2,2,0,2,2,2,2,2
180,4095.838,-3881.853,658.966,-20.649,0.933854,0.352930,0.057931,-0.351916,0.935636,-0.027211,-0.063806,0.005024,0.997950,0,-0.17649,-0.39923,8.165,0.007,-1,706.172,-1,891.889,-1,627.501,662.342,419.588,477.132,-1,-1,-1,-1,-1,-1,-1,-1,2,0,2,0,2,0,0,0,0,2,2,2,2,2,2,2,2
181,4103.065,-3884.731,658.964,-20.644,0.933788,0.353108,0.057921,-0.351805,0.935537,-0.031683,-0.065375,0.009209,0.997818,0,-0.17604,-0.40280,7.778,0.005,-1,710.587,-1,883.217,-1,628.655,660.856,424.779,470.093,-1,-1,-1,-1,-1,-1,-1,-1,2,0,2,0,2,0,0,0,0,2,2,2,2,2,2,2,2
182,4109.590,-3887.517,658.940,-20.570,0.934131,0.352104,0.058498,-0.350557,0.935879,-0.035229,-0.067151,0.012401,0.997666,0,0.26373,-0.49046,7.095,0.074,-1,711.818,-1,874.761,-1,628.141,658.474,428.720,465.100,-1,-1,-1,-1,-1,-1,-1,-1,2,0,2,0,2,0,0,0,0,2,2,2,2,2,2,2,2
183,4112.623,-3889.423,659.076,-20.292,0.935484,0.347654,0.063296,-0.345895,0.937534,-0.037243,-0.072289,0.012946,0.997300,0,0.26301,-0.49422,3.582,0.278,-1,694.354,-1,858.012,-1,614.552,645.464,429.514,465.187,-1,-1,-1,-1,-1,-1,-1,-1,2,0,2,0,2,0,0,0,0,2,2,2,2,2,2,2,2
184,1363.824,-4124.413,977.193,-85.036,0.086498,0.992635,0.084817,-0.995893,0.088437,-0.019370,-0.026728,-0.082793,0.996208,1,0.26223,-0.49837,0.000,0.000,-1,742.850,-1,537.931,-1,459.484,415.831,459.872,527.832,-1,-1,-1,-1,-1,-1,-1,-1,2,0,2,0,2,0,0,0,0,2,2,2,2,2,2,2,2
185,1364.136,-4125.366,982.432,-85.030,0.086607,0.993252,0.077132,-0.995968,0.088140,-0.016682,-0.023367,-0.075377,0.996881,0,0.64764,-0.17132,1.002,0.006,-1,785.845,-1,559.386,-1,483.309,434.988,490.751,527.825,-1,-1,-1,-1,-1,-1,-1,-1,2,0,2,0,2,0,0,0,0,2,2,2,2,2,2,2,2
186,1364.241,-4127.216,987.226,-85.030,0.086626,0.993798,0.069724,-0.996078,0.087666,-0.011992,-0.018030,-0.068412,0.997494,0,0.64760,-0.17145,1.854,0.001,-1,836.523,-1,585.809,-1,511.665,457.397,521.244,527.716,-1,-1,-1,-1,-1,-1,-1,-1,2,0,2,0,2,0,0,0,0,2,2,2,2,2,2,2,2
187,1364.238,-4129.936,991.063,-85.033,0.086583,0.994296,0.062274,-0.996186,0.087089,-0.005455,-0.010847,-0.061565,0.998044,0,0.64760,-0.17144,2.720,-0.003,-1,894.326,-1,614.379,-1,544.945,482.642,550.431,525.842,-1,971.170,-1,-1,-1,-1,-1,-1,2,0,2,0,2,0,0,0,0,2,0,2,2,2,2,2,2
188,1364.162,-4133.399,993.722,-85.042,0.086433,0.994756,0.054674,-0.996256,0.086409,0.002804,-0.001935,-0.054712,0.998500,0,0.64763,-0.17134,3.464,-0.009,-1,954.081,-1,642.231,-1,579.425,512.101,577.920,521.593,-1,905.768,-1,-1,-1,-1,-1,-1,2,0,2,0,2,0,0,0,0,2,0,2,2,2,2,2,2
189,1364.100,-4137.591,995.180,-85.030,0.086628,0.995151,0.046583,-0.996202,0.086119,0.012812,0.008738,-0.047516,0.998832,0,0.64770,-0.17114,4.192,0.011,-1,-1,-1,673.859,-1,617.574,544.430,604.258,514.561,-1,834.634,921.793,-1,-1,-1,-1,-1,2,2,2,0,2,0,0,0,0,2,0,0,2,2,2,2,2
190,1364.088,-4142.490,995.557,-84.992,0.087279,0.995472,0.037651,-0.995974,0.086423,0.023800,0.020439,-0.039576,0.999007,0,0.64770,-0.17112,4.898,0.038,-1,-1,-1,709.518,-1,661.995,579.313,630.700,504.489,-1,765.992,823.760,-1,-1,-1,-1,-1,2,2,2,0,2,0,0,0,0,2,0,0,2,2,2,2,2
191,1364.132,-4147.915,995.322,-84.952,0.087944,0.995672,0.030055,-0.995671,0.086953,0.032829,0.030074,-0.032812,0.999009,0,0.64762,-0.17138,5.425,0.039,-1,-1,-1,734.742,-1,697.703,609.570,652.908,495.046,-1,715.730,757.841,-1,-1,-1,-1,-1,2,2,2,0,2,0,0,0,0,2,0,0,2,2,2,2,2
192,1364.326,-4153.672,994.771,-84.929,0.088332,0.995771,0.025251,-0.995462,0.087347,0.037764,0.035399,-0.028472,0.998968,0,0.64753,-0.17165,5.761,0.023,-1,-1,-1,746.985,-1,718.424,626.944,666.708,488.353,-1,690.335,724.356,-1,-1,-1,-1,-1,2,2,2,0,2,0,0,0,0,2,0,0,2,2,2,2,2
193,1364.684,-4159.688,993.981,-84.920,0.088491,0.995790,0.023906,-0.995434,0.087546,0.038042,0.035789,-0.027163,0.998990,0,0.64749,-0.17179,6.027,0.009,-1,-1,-1,745.164,-1,720.677,627.961,670.131,485.203,-1,689.328,721.796,-1,-1,-1,-1,-1,2,2,2,0,2,0,0,0,0,2,0,0,2,2,2,2,2
194,1365.203,-4166.011,992.939,-84.916,0.088569,0.995738,0.025703,-0.995574,0.087681,0.033822,0.031424,-0.028585,0.999097,0,0.64747,-0.17183,6.344,0.004,-1,-1,-1,729.636,-1,703.274,613.044,664.115,485.078,-1,712.137,748.488,-1,-1,-1,-1,-1,2,2,2,0,2,0,0,0,0,2,0,0,2,2,2,2,2
195,1365.929,-4172.708,991.526,-84.913,0.088637,0.995623,0.029625,-0.995795,0.087882,0.025858,0.023142,-0.031792,0.999227,0,0.64746,-0.17186,6.737,0.003,-1,-1,-1,702.790,-1,672.417,585.721,651.377,486.486,-1,756.299,802.369,-1,-1,-1,-1,-1,2,2,2,0,2,0,0,0,0,2,0,0,2,2,2,2,2
196,1366.834,-4179.878,989.661,-84.912,0.088683,0.995436,0.035251,-0.995983,0.088181,0.015559,0.012379,-0.036489,0.999257,0,0.64744,-0.17194,7.227,0.002,-1,-1,-1,668.811,-1,634.009,551.880,633.226,488.983,-1,819.139,881.153,-1,-1,-1,-1,-1,2,2,2,0,2,0,0,0,0,2,0,0,2,2,2,2,2
197,1367.959,-4187.741,987.571,-84.899,0.088909,0.995096,0.043342,-0.996037,0.088729,0.006051,0.002175,-0.043709,0.999042,0,0.64740,-0.17204,7.943,0.013,-1,976.850,-1,637.780,-1,598.435,522.350,608.464,495.032,-1,884.783,977.906,-1,-1,-1,-1,-1,2,0,2,0,2,0,0,0,0,2,0,0,2,2,2,2,2
198,1369.307,-4196.257,985.373,-84.881,0.089216,0.994578,0.053433,-0.995992,0.089428,-0.001585,-0.006355,-0.053077,0.998570,0,0.37830,-0.09758,8.622,0.018,-1,919.547,-1,615.383,-1,567.955,499.385,579.531,504.671,-1,945.972,-1,-1,-1,-1,-1,-1,2,0,2,0,2,0,0,0,0,2,0,2,2,2,2,2,2
199,1370.801,-4205.203,983.146,-84.871,0.089395,0.993898,0.064620,-0.995905,0.090078,-0.007732,-0.013506,-0.063664,0.997880,0,0.37823,-0.09795,9.070,0.011,-1,865.835,-1,599.022,-1,542.655,481.403,549.827,516.838,-1,-1,-1,-1,-1,-1,-1,-1,2,0,2,0,2,0,0,0,0,2,2,2,2,2,2,2,2
200,1372.400,-4214.458,981.100,-84.858,0.089599,0.993105,0.075601,-0.995772,0.090864,-0.013459,-0.020235,-0.074075,0.997047,0,0.37816,-0.09829,9.392,0.012,-1,819.592,-1,584.892,-1,521.293,465.864,523.067,529.834,-1,-1,-1,-1,-1,-1,-1,-1,2,0,2,0,2,0,0,0,0,2,2,2,2,2,2,2,2
201,1374.092,-4224.018,979.547,-84.846,0.089807,0.992351,0.084696,-0.995605,0.091717,-0.018934,-0.026557,-0.082623,0.996227,0,0.37809,-0.09867,9.709,0.013,-1,781.045,-1,572.379,-1,503.841,453.027,503.267,541.347,-1,-1,-1,-1,-1,-1,-1,-1,2,0,2,0,2,0,0,0,0,2,2,2,2,2,2,2,2
202,1375.858,-4234.058,978.780,-84.828,0.090111,0.991825,0.090351,-0.995460,0.092490,-0.022493,-0.030665,-0.087914,0.995656,0,0.37801,-0.09907,10.194,0.018,-1,759.999,-1,566.329,-1,495.211,447.131,494.114,548.405,-1,-1,-1,-1,-1,-1,-1,-1,2,0,2,0,2,0,0,0,0,2,2,2,2,2,2,2,2
203,1377.897,-4246.741,978.945,-84.797,0.090640,0.991490,0.093447,-0.995358,0.093240,-0.023829,-0.032339,-0.090853,0.995339,0,0.37792,-0.09955,12.846,0.031,-1,754.887,-1,569.133,-1,496.377,449.900,495.101,554.461,-1,-1,-1,-1,-1,-1,-1,-1,2,0,2,0,2,0,0,0,0,2,2,2,2,2,2,2,2
204,1379.098,-4255.438,979.697,-84.786,0.090837,0.991389,0.094321,-0.995356,0.093413,-0.023253,-0.031864,-0.091770,0.995270,0,0.37781,-0.10017,8.780,0.011,-1,760.365,-1,576.692,-1,503.653,456.882,499.973,558.269,-1,-1,-1,-1,-1,-1,-1,-1,2,0,2,0,2,0,0,0,0,2,2,2,2,2,2,2,2
205,1380.552,-4266.530,981.041,-84.768,0.091142,0.991344,0.094499,-0.995366,0.093609,-0.022005,-0.030661,-0.092055,0.995282,0,0.37775,-0.10044,11.187,0.017,-1,771.877,-1,587.942,-1,515.940,468.133,509.042,562.598,-1,-1,-1,-1,-1,-1,-1,-1,2,0,2,0,2,0,0,0,0,2,2,2,2,2,2,2,2
206,1381.964,-4277.919,982.453,-84.752,0.091425,0.991333,0.094345,-0.995378,0.093771,-0.020731,-0.029398,-0.092014,0.995324,0,0.37769,-0.10079,11.477,0.016,-1,784.289,-1,597.467,-1,527.328,479.927,519.197,566.576,-1,-1,-1,-1,-1,-1,-1,-1,2,0,2,0,2,0,0,0,0,2,2,2,2,2,2,2,2
207,1383.349,-4289.565,983.709,-84.741,0.091626,0.991341,0.094065,-0.995403,0.093824,-0.019213,-0.027872,-0.091873,0.995381,0,0.37763,-0.10110,11.728,0.011,-1,797.262,-1,609.692,-1,539.015,491.981,529.491,570.126,-1,-1,-1,-1,-1,-1,-1,-1,2,0,2,0,2,0,0,0,0,2,2,2,2,2,2,2,2
208,1384.744,-4301.458,984.660,-84.728,0.091849,0.991397,0.093256,-0.995424,0.093893,-0.017760,-0.026364,-0.091198,0.995484,0,0.37758,-0.10136,11.974,0.013,-1,809.956,-1,620.563,-1,550.101,503.330,540.177,572.339,-1,-1,-1,-1,-1,-1,-1,-1,2,0,2,0,2,0,0,0,0,2,2,2,2,2,2,2,2
209,1386.094,-4313.570,985.204,-84.712,0.092137,0.991501,0.091851,-0.995428,0.094047,-0.016688,-0.025185,-0.089894,0.995633,0,0.37753,-0.10163,12.188,0.016,-1,820.962,-1,628.694,-1,560.010,512.969,551.122,572.840,-1,-1,-1,-1,-1,-1,-1,-1,2,0,2,0,2,0,0,0,0,2,2,2,2,2,2,2,2
210,1387.389,-4326.178,985.380,-84.689,0.092535,0.991663,0.089673,-0.995429,0.094269,-0.015288,-0.023614,-0.087848,0.995854,0,0.97704,0.13026,12.674,0.023,-1,831.697,-1,636.276,-1,570.870,522.552,562.563,571.628,-1,-1,-1,-1,-1,-1,-1,-1,2,0,2,0,2,0,0,0,0,2,2,2,2,2,2,2,2
211,1388.672,-4339.662,985.238,-84.686,0.092588,0.991878,0.087213,-0.995505,0.093965,-0.011812,-0.019911,-0.085728,0.996120,0,0.97689,0.12994,13.544,0.003,-1,849.272,-1,646.818,-1,585.242,536.432,573.939,569.943,-1,-1,-1,-1,-1,-1,-1,-1,2,0,2,0,2,0,0,0,0,2,2,2,2,2,2,2,2
212,1389.940,-4353.548,985.415,-84.757,0.091372,0.991903,0.088207,-0.995744,0.092075,-0.003927,-0.012017,-0.087472,0.996094,0,0.97684,0.12985,13.944,-0.071,-1,879.871,-1,674.949,-1,610.538,563.181,579.082,574.581,-1,-1,-1,-1,-1,-1,-1,-1,2,0,2,0,2,0,0,0,0,2,2,2,2,2,2,2,2
213,1391.433,-4367.874,986.275,-84.806,0.090521,0.991647,0.091883,-0.995895,0.090145,0.008243,-0.000109,-0.092252,0.995736,0,0.97716,0.13051,14.403,-0.049,-1,918.217,-1,725.120,-1,651.457,606.819,581.914,585.521,-1,-1,-1,-1,-1,-1,-1,-1,2,0,2,0,2,0,0,0,0,2,2,2,2,2,2,2,2
214,1393.093,-4382.543,987.934,-84.821,0.090254,0.991269,0.096121,-0.995832,0.088554,0.021814,0.013112,-0.097689,0.995131,0,0.97735,0.13088,14.763,-0.015,-1,968.186,-1,784.197,-1,700.830,660.658,585.735,599.478,-1,964.070,-1,-1,-1,-1,-1,-1,2,0,2,0,2,0,0,0,0,2,0,2,2,2,2,2,2
215,1395.093,-4397.771,990.127,-84.750,0.091476,0.990989,0.097843,-0.995467,0.088434,0.034998,0.026030,-0.100601,0.994586,0,0.97734,0.13086,15.359,0.072,-1,-1,-1,857.906,-1,756.534,721.147,595.658,611.169,-1,895.527,982.834,-1,-1,-1,-1,-1,2,2,2,0,2,0,0,0,0,2,0,0,2,2,2,2,2
216,1397.875,-4413.475,992.352,-84.481,0.096104,0.990984,0.093356,-0.994690,0.092146,0.045830,0.036815,-0.097265,0.994577,0,0.97686,0.12988,15.948,0.268,-1,-1,-1,930.732,-1,811.688,779.442,616.243,613.890,-1,851.612,928.245,-1,-1,-1,-1,-1,2,2,2,0,2,0,0,0,0,2,0,0,2,2,2,2,2
217,1401.210,-4429.631,994.279,-84.025,0.103991,0.991231,0.081526,-0.993601,0.099905,0.052696,0.044089,-0.086484,0.995277,0,0.97528,0.12665,16.496,0.456,-1,-1,-1,994.056,-1,855.780,825.242,649.448,605.085,-1,832.948,899.188,-1,-1,-1,-1,-1,2,2,2,0,2,0,0,0,0,2,0,0,2,2,2,2,2
218,1404.733,-4446.559,995.705,-83.494,0.113174,0.991384,0.065954,-0.992362,0.109507,0.056803,0.049091,-0.071879,0.996204,0,0.97268,0.12135,17.291,0.531,-1,-1,-1,-1,-1,892.197,860.396,691.443,590.263,-1,826.547,884.431,-1,-1,-1,-1,-1,2,2,2,2,2,0,0,0,0,2,0,0,2,2,2,2,2
219,1408.423,-4464.287,996.655,-82.923,0.123031,0.991113,0.050577,-0.991029,0.120020,0.058793,0.052200,-0.057357,0.996988,0,0.96968,0.11524,18.108,0.571,-1,-1,-1,-1,-1,919.827,885.150,731.918,573.593,-1,829.388,880.884,-1,-1,-1,-1,-1,2,2,2,2,2,0,0,0,0,2,0,0,2,2,2,2,2
220,1412.402,-4482.655,997.061,-82.334,0.133198,0.990386,0.037345,-0.989638,0.130871,0.059068,0.053613,-0.044826,0.997555,0,0.96647,0.10868,18.795,0.589,-1,-1,-1,-1,-1,938.384,901.752,767.924,556.273,-1,839.330,884.576,-1,-1,-1,-1,-1,2,2,2,2,2,0,0,0,0,2,0,0,2,2,2,2,2
221,1416.406,-4501.480,996.992,-81.819,0.142101,0.989401,0.029886,-0.988459,0.140235,0.057303,0.052504,-0.037684,0.997909,0,0.96311,0.10183,19.246,0.515,-1,-1,-1,-1,-1,943.179,906.287,791.789,546.884,-1,860.772,905.142,-1,-1,-1,-1,-1,2,2,2,2,2,0,0,0,0,2,0,0,2,2,2,2,2
222,1420.586,-4520.538,996.342,-81.356,0.150118,0.988285,0.027534,-0.987495,0.148525,0.052862,0.048153,-0.035126,0.998222,0,0.96010,0.09569,19.511,0.463,-1,-1,-1,-1,-1,932.771,896.024,800.253,543.231,-1,901.034,950.398,-1,-1,-1,-1,-1,2,2,2,2,2,0,0,0,0,2,0,0,2,2,2,2,2
223,1424.902,-4539.818,995.086,-80.958,0.157034,0.987137,0.030023,-0.986744,0.155566,0.046204,0.040939,-0.036880,0.998481,0,0.95731,0.08999,19.758,0.399,-1,-1,-1,-1,-1,909.206,874.112,795.529,544.610,-1,959.447,-1,-1,-1,-1,-1,-1,2,2,2,2,2,0,0,0,0,2,0,2,2,2,2,2,2
224,1429.261,-4559.519,993.191,-80.652,0.162350,0.986023,0.037442,-0.986220,0.160925,0.038373,0.031811,-0.043156,0.998562,0,0.95479,0.08487,20.177,0.306,-1,-1,-1,-1,-1,876.691,844.801,778.942,551.860,-1,-1,-1,-1,-1,-1,-1,-1,2,2,2,2,2,0,0,0,0,2,2,2,2,2,2,2,2
225,1433.687,-4579.672,990.453,-80.428,0.166254,0.984913,0.048024,-0.985840,0.164934,0.030283,0.021905,-0.052379,0.998387,0,0.95272,0.08063,20.633,0.224,-1,-1,-1,980.483,-1,839.669,812.082,754.297,562.177,-1,-1,-1,-1,-1,-1,-1,-1,2,2,2,0,2,0,0,0,0,2,2,2,2,2,2,2,2
226,1438.176,-4600.198,986.795,-80.255,0.169250,0.983671,0.061203,-0.985508,0.168198,0.021992,0.011339,-0.064038,0.997883,0,0.95102,0.07716,21.012,0.172,-1,-1,-1,944.504,-1,799.260,776.758,724.739,575.148,-1,-1,-1,-1,-1,-1,-1,-1,2,2,2,0,2,0,0,0,0,2,2,2,2,2,2,2,2
227,1442.599,-4621.327,982.160,-80.156,0.170965,0.982288,0.076683,-0.985276,0.170355,0.014483,0.001163,-0.078030,0.996950,0,0.94954,0.07415,21.586,0.099,-1,-1,-1,911.659,-1,758.631,741.960,690.609,589.135,-1,-1,-1,-1,-1,-1,-1,-1,2,2,2,0,2,0,0,0,0,2,2,2,2,2,2,2,2
228,1446.976,-4643.004,976.764,-80.146,0.171122,0.980871,0.092781,-0.985197,0.171324,0.005841,-0.010166,-0.092407,0.995669,0,0.94843,0.07189,22.115,0.010,-1,1000.055,-1,872.060,-1,714.668,702.935,656.621,601.988,-1,-1,-1,-1,-1,-1,-1,-1,2,0,2,0,2,0,0,0,0,2,2,2,2,2,2,2,2
229,1451.142,-4665.178,970.946,-80.235,0.169554,0.979439,0.109323,-0.985230,0.171153,-0.005344,-0.023945,-0.106802,0.993992,0,0.94776,0.07051,22.562,-0.089,-1,950.452,-1,822.149,-1,665.185,658.138,624.599,614.509,-1,-1,-1,-1,-1,-1,-1,-1,2,0,2,0,2,0,0,0,0,2,2,2,2,2,2,2,2
230,1455.145,-4687.767,965.178,-80.404,0.166565,0.977948,0.125988,-0.985230,0.170215,-0.018701,-0.039733,-0.121012,0.991856,0,0.55936,0.26074,22.941,-0.169,-1,838.681,-1,766.391,-1,614.275,611.661,595.260,627.575,-1,-1,-1,-1,-1,-1,-1,-1,2,0,2,0,2,0,0,0,0,2,2,2,2,2,2,2,2
231,1459.157,-4710.360,959.829,-80.645,0.162297,0.976072,0.144715,-0.985196,0.168497,-0.031591,-0.055219,-0.137445,0.988969,0,0.55951,0.26124,22.946,-0.241,-1,686.292,-1,718.015,-1,568.044,570.624,565.216,646.290,-1,-1,-1,-1,-1,-1,-1,-1,2,0,2,0,2,0,0,0,0,2,2,2,2,2,2,2,2
232,1463.261,-4732.319,956.112,-80.995,0.156183,0.972670,0.171813,-0.985491,0.165155,-0.039135,-0.066441,-0.163208,0.984352,0,0.55985,0.26242,22.340,-0.349,-1,633.864,-1,702.426,-1,534.882,546.456,527.575,688.482,-1,-1,-1,-1,-1,-1,-1,-1,2,0,2,0,2,0,0,0,0,2,2,2,2,2,2,2,2
233,1467.499,-4753.835,954.857,-81.371,0.149631,0.967825,0.202300,-0.985996,0.161298,-0.042376,-0.073643,-0.193126,0.978406,0,0.56048,0.26458,21.929,-0.376,-1,596.632,-1,714.196,-1,515.669,538.202,492.429,753.109,-1,-1,-1,-1,-1,-1,-1,-1,2,0,2,0,2,0,0,0,0,2,2,2,2,2,2,2,2
234,1472.232,-4775.511,956.505,-81.639,0.145030,0.964070,0.222566,-0.986748,0.157475,-0.039129,-0.072772,-0.213941,0.974132,0,0.56115,0.26690,22.186,-0.268,-1,589.117,-1,753.394,-1,520.575,552.258,475.117,813.706,-1,-1,-1,-1,927.081,-1,-1,-1,2,0,2,0,2,0,0,0,0,2,2,2,2,0,2,2,2
235,1477.192,-4797.758,959.766,-81.828,0.141811,0.962393,0.231710,-0.987543,0.153665,-0.033841,-0.068174,-0.224025,0.972196,0,0.56143,0.26786,22.794,-0.190,-1,599.944,-1,808.220,-1,538.542,576.586,477.645,853.537,-1,-1,-1,-1,938.804,-1,-1,-1,2,0,2,0,2,0,0,0,0,2,2,2,2,0,2,2,2
236,1482.180,-4820.128,963.095,-81.850,0.141434,0.962219,0.232659,-0.987639,0.153193,-0.033179,-0.067568,-0.225091,0.971992,0,0.56143,0.26789,22.920,-0.022,-1,610.678,-1,834.445,-1,551.350,590.144,490.004,867.261,-1,-1,-1,-1,-1,-1,-1,-1,2,0,2,0,2,0,0,0,0,2,2,2,2,2,2,2,2
237,1488.033,-4847.132,966.079,-81.790,0.142448,0.962573,0.230570,-0.987247,0.154899,-0.036737,-0.071077,-0.222396,0.972362,0,0.56093,0.26616,27.631,0.061,-1,614.100,-1,842.219,-1,555.931,595.029,505.738,871.412,-1,-1,-1,-1,-1,-1,-1,-1,2,0,2,0,2,0,0,0,0,2,2,2,2,2,2,2,2
238,1491.642,-4865.326,967.250,-81.744,0.143208,0.962636,0.229833,-0.986935,0.156230,-0.039399,-0.073833,-0.221188,0.972432,0,0.56007,0.26317,18.548,0.046,-1,613.029,-1,844.332,-1,556.183,596.044,512.510,873.486,-1,-1,-1,-1,1004.492,-1,-1,-1,2,0,2,0,2,0,0,0,0,2,2,2,2,0,2,2,2
239,1496.066,-4888.267,967.571,-81.669,0.144468,0.962568,0.229330,-0.986529,0.158086,-0.042063,-0.076743,-0.220164,0.972439,0,0.55950,0.26122,23.364,0.075,-1,609.893,-1,843.580,-1,554.914,595.348,517.240,874.392,-1,-1,-1,-1,983.415,-1,-1,-1,2,0,2,0,2,0,0,0,0,2,2,2,2,0,2,2,2
240,1500.475,-4911.374,966.596,-81.558,0.146344,0.962382,0.228921,-0.986053,0.160456,-0.044194,-0.079263,-0.219261,0.972441,0,0.55874,0.25857,23.524,0.111,-1,604.927,-1,838.742,-1,551.561,592.011,519.463,867.071,-1,-1,-1,-1,961.728,-1,-1,-1,2,0,2,0,2,0,0,0,0,2,2,2,2,0,2,2,2
241,1504.872,-4934.655,964.323,-81.407,0.148915,0.962068,0.228583,-0.985496,0.163414,-0.045763,-0.081381,-0.218452,0.972448,0,0.55785,0.25550,23.693,0.151,-1,598.063,-1,831.300,-1,546.105,586.713,519.511,856.981,-1,-1,-1,-1,939.457,-1,-1,-1,2,0,2,0,2,0,0,0,0,2,2,2,2,0,2,2,2
242,1509.311,-4958.083,960.736,-81.200,0.152454,0.961641,0.228043,-0.984800,0.167245,-0.046892,-0.083233,-0.217428,0.972521,0,0.55682,0.25196,23.844,0.207,-1,589.267,-1,820.402,-1,538.517,579.164,517.572,844.703,-1,-1,-1,-1,919.773,-1,-1,-1,2,0,2,0,2,0,0,0,0,2,2,2,2,0,2,2,2
243,1513.685,-4981.671,955.868,-80.966,0.156462,0.961043,0.227849,-0.984045,0.171465,-0.047484,-0.084702,-0.216784,0.972538,0,0.55560,0.24774,23.990,0.234,-1,578.119,-1,807.292,-1,528.855,569.677,512.761,820.002,-1,-1,-1,-1,899.969,-1,-1,-1,2,0,2,0,2,0,0,0,0,2,2,2,2,0,2,2,2
244,1517.900,-5005.325,949.755,-80.741,0.160308,0.960277,0.228407,-0.983314,0.175523,-0.047799,-0.085991,-0.216933,0.972392,0,0.55428,0.24318,24.027,0.225,-1,563.919,-1,790.468,-1,516.621,557.804,501.694,797.395,-1,-1,-1,-1,875.819,-1,-1,-1,2,0,2,0,2,0,0,0,0,2,2,2,2,0,2,2,2
245,1522.039,-5029.028,942.491,-80.521,0.164056,0.959524,0.228910,-0.982533,0.179605,-0.048686,-0.087829,-0.216925,0.972229,0,0.55299,0.23871,24.061,0.220,-1,546.117,-1,767.683,-1,500.949,542.204,488.512,764.413,-1,-1,-1,-1,846.208,-1,-1,-1,2,0,2,0,2,0,0,0,0,2,2,2,2,0,2,2,2
246,1525.646,-5052.916,935.108,-80.441,0.165407,0.958213,0.233384,-0.982236,0.181322,-0.048320,-0.088618,-0.221245,0.971183,0,0.55169,0.23423,24.159,0.079,-1,527.233,-1,752.631,-1,485.442,528.669,469.739,748.053,-1,-1,-1,-1,814.723,-1,-1,-1,2,0,2,0,2,0,0,0,0,2,2,2,2,0,2,2,2
247,1529.093,-5076.980,928.727,-80.422,0.165779,0.957296,0.236857,-0.982422,0.181216,-0.044808,-0.085817,-0.225265,0.970511,0,0.55086,0.23135,24.310,0.019,-1,517.374,-1,752.923,-1,477.505,523.641,453.424,733.145,-1,-1,-1,-1,799.452,-1,-1,-1,2,0,2,0,2,0,0,0,0,2,2,2,2,0,2,2,2
248,1532.800,-5100.816,924.146,-80.269,0.168505,0.959143,0.227267,-0.982613,0.181687,-0.038231,-0.077961,-0.216873,0.973082,0,0.55020,0.22907,24.123,0.153,-1,528.206,-1,762.258,-1,484.449,529.888,454.330,678.995,-1,-1,-1,-1,823.003,-1,-1,-1,2,0,2,0,2,0,0,0,0,2,2,2,2,0,2,2,2
249,1536.483,-5124.497,921.315,-80.095,0.171590,0.962798,0.208752,-0.982656,0.182389,-0.033481,-0.070309,-0.199386,0.977395,0,0.69020,-0.65228,23.965,0.174,-1,547.910,-1,764.317,-1,497.087,537.195,468.191,610.346,-1,-1,-1,-1,862.599,-1,-1,-1,2,0,2,0,2,0,0,0,0,2,2,2,2,0,2,2,2
250,1538.321,-5147.764,920.432,-80.316,0.167854,0.966425,0.194546,-0.983616,0.177351,-0.032344,-0.065761,-0.185930,0.980360,0,0.68867,-0.65649,23.340,-0.221,-1,563.086,-1,765.575,-1,505.905,540.353,488.741,567.470,-1,-1,-1,-1,881.579,-1,-1,-1,2,0,2,0,2,0,1,0,0,2,2,2,2,0,2,2,2
251,1538.828,-5170.836,920.733,-80.940,0.157138,0.969721,0.186947,-0.985463,0.166346,-0.034534,-0.064586,-0.178802,0.981763,0,0.68897,-0.65568,23.077,-0.624,-1,569.549,-1,764.819,-1,509.211,507.741,555.018,549.395,-1,-1,-1,-1,887.037,-1,-1,-1,2,0,2,0,2,0,1,0,0,2,2,2,2,0,2,2,2
252,1538.904,-5194.053,921.103,-81.723,0.143639,0.971934,0.186310,-0.987330,0.153571,-0.039943,-0.067434,-0.178212,0.981679,0,0.69103,-0.65001,23.217,-0.782,-1,564.870,-1,757.493,-1,504.912,473.798,681.159,545.792,-1,-1,-1,-1,869.563,-1,-1,-1,2,0,2,0,2,0,1,0,0,2,2,2,2,0,2,2,2
253,1538.696,-5217.505,920.754,-82.582,0.128765,0.973156,0.190754,-0.989039,0.140040,-0.046803,-0.072260,-0.182636,0.980522,0,0.69376,-0.64250,23.454,-0.860,-1,550.432,-1,746.692,-1,494.707,439.385,748.069,551.138,-1,-1,-1,-1,838.431,-1,-1,-1,2,0,2,0,2,0,1,0,0,2,2,2,2,0,2,2,2
254,1538.294,-5241.176,919.383,-83.468,0.113423,0.973686,0.197661,-0.990511,0.126356,-0.054058,-0.077612,-0.189654,0.978779,0,0.69684,-0.63404,23.674,-0.885,-1,531.599,-1,733.793,-1,481.124,405.128,764.779,560.403,-1,-1,-1,-1,803.083,-1,-1,-1,2,0,2,0,2,0,1,0,0,2,2,2,2,0,2,2,2
255,1537.819,-5265.189,916.887,-84.309,0.098835,0.973823,0.204694,-0.991725,0.113331,-0.060320,-0.081939,-0.197039,0.976966,0,0.70006,-0.62519,24.018,-0.841,975.168,512.539,-1,721.298,-1,467.139,371.440,768.690,567.712,-1,-1,-1,-1,768.870,-1,972.856,-1,0,0,2,0,2,0,1,0,0,2,2,2,2,0,2,0,2
256,1536.745,-5289.540,913.731,-85.198,0.083429,0.973972,0.210754,-0.993118,0.098709,-0.063036,-0.082199,-0.204044,0.975505,0,0.70314,-0.61673,24.374,-0.889,925.679,499.442,-1,718.950,-1,458.771,337.226,773.616,572.545,-1,-1,-1,-1,744.844,-1,919.532,-1,0,0,2,0,2,0,1,0,0,2,2,2,2,0,2,0,2
257,1534.625,-5314.136,910.394,-86.158,0.066799,0.974091,0.216066,-0.994750,0.081844,-0.061437,-0.077528,-0.210828,0.974444,0,0.70656,-0.60733,24.687,-0.960,881.920,494.204,-1,728.348,-1,455.606,327.840,774.515,576.500,-1,-1,-1,-1,733.230,-1,889.931,-1,0,0,2,0,2,1,1,0,0,2,2,2,2,0,2,0,2
258,1531.713,-5338.868,907.268,-87.153,0.049556,0.974675,0.218065,-0.996333,0.063490,-0.057356,-0.069748,-0.214423,0.974247,0,0.71055,-0.59634,24.903,-0.994,833.076,496.200,-1,742.660,-1,421.367,305.967,782.896,573.029,-1,-1,-1,-1,733.179,-1,880.643,-1,0,0,2,0,2,1,1,0,0,2,2,2,2,0,2,0,2
259,1528.581,-5363.902,904.659,-88.056,0.033857,0.976196,0.214232,-0.997581,0.046030,-0.052087,-0.060708,-0.211951,0.975393,0,0.71494,-0.58426,25.229,-0.904,840.639,505.408,-1,756.909,-1,390.844,283.858,810.611,555.724,-1,-1,-1,-1,744.744,-1,893.321,-1,0,0,2,0,2,1,1,0,0,2,2,2,2,0,2,0,2
260,1524.987,-5389.135,902.723,-88.960,0.018118,0.977882,0.208370,-0.998403,0.028849,-0.048579,-0.053516,-0.207157,0.976843,0,0.71913,-0.57275,25.488,-0.904,848.257,514.581,-1,763.141,-1,360.269,261.718,839.406,535.755,-1,-1,-1,-1,756.524,-1,905.543,-1,0,0,2,0,2,1,1,0,0,2,2,2,2,0,2,0,2
261,1521.148,-5414.477,901.513,-89.819,0.003160,0.979603,0.200917,-0.998740,0.013153,-0.048425,-0.050080,-0.200511,0.978411,0,0.69622,-0.03773,25.631,-0.858,849.212,519.395,-1,815.916,-1,329.674,259.667,872.355,515.049,-1,-1,-1,-1,764.375,-1,912.436,-1,0,0,2,0,2,1,1,0,0,2,2,2,2,0,2,0,2
262,1517.196,-5439.959,900.852,-90.633,-0.011036,0.981144,0.192960,-0.998748,-0.001401,-0.049997,-0.048784,-0.193271,0.979932,0,0.69939,-0.02557,25.787,-0.814,842.112,521.213,-1,837.197,-1,299.622,540.059,917.378,496.819,-1,-1,-1,-1,766.903,-1,917.234,-1,0,0,2,0,2,1,0,0,0,2,2,2,2,0,2,0,2
263,1513.278,-5465.810,900.343,-91.354,-0.023602,0.982478,0.184878,-0.998544,-0.014194,-0.052046,-0.048509,-0.185837,0.981382,0,0.69514,-0.01343,26.145,-0.721,832.979,521.516,-1,-1,-1,270.824,539.227,950.655,483.973,-1,-1,-1,-1,766.945,-1,918.282,-1,0,0,2,2,2,1,0,0,0,2,2,2,2,0,2,0,2
264,1509.375,-5492.031,899.743,-92.002,-0.034888,0.983538,0.177299,-0.998226,-0.025729,-0.053697,-0.048252,-0.178858,0.982691,0,0.69110,-0.00190,26.511,-0.648,822.900,521.473,-1,-1,-1,243.072,538.608,983.409,472.815,-1,-1,-1,-1,768.764,-1,921.368,-1,0,0,2,2,2,1,0,0,0,2,2,2,2,0,2,0,2
265,1505.568,-5518.625,898.870,-92.576,-0.044884,0.984280,0.170818,-0.997827,-0.035914,-0.055244,-0.048241,-0.172926,0.983753,0,0.68718,0.00932,26.864,-0.574,813.083,520.594,-1,-1,-1,216.093,537.313,-1,463.657,-1,-1,-1,-1,768.364,-1,921.284,-1,0,0,2,2,2,1,0,2,0,2,2,2,2,0,2,0,2
266,1501.854,-5545.531,897.787,-93.070,-0.053501,0.984767,0.165446,-0.997388,-0.044646,-0.056788,-0.048536,-0.168052,0.984582,0,0.68337,0.02019,27.161,-0.495,799.920,518.220,-1,-1,-1,190.001,535.333,-1,456.644,-1,-1,-1,-1,766.537,-1,915.473,-1,0,0,2,2,2,1,0,2,0,2,2,2,2,0,2,0,2
267,1498.319,-5572.766,896.533,-93.485,-0.060718,0.985071,0.161083,-0.996937,-0.051879,-0.058522,-0.049292,-0.164143,0.985204,0,0.67968,0.03074,27.463,-0.415,783.028,514.219,-1,-1,-1,168.674,532.133,-1,451.572,-1,-1,-1,-1,761.803,-1,903.359,-1,0,0,2,2,2,1,0,2,0,2,2,2,2,0,2,0,2
268,1494.647,-5600.147,895.125,-93.906,-0.068033,0.984913,0.159118,-0.996399,-0.058986,-0.060912,-0.050607,-0.162689,0.985379,0,0.38496,-0.77712,27.627,-0.421,756.580,507.674,-1,-1,-1,10.610,527.938,-1,453.452,-1,-1,-1,-1,754.641,-1,883.336,-1,0,0,2,2,2,1,0,2,0,2,2,2,2,0,2,0,2
269,1490.476,-5627.364,893.697,-94.426,-0.077074,0.984231,0.159212,-0.995716,-0.067804,-0.062862,-0.051076,-0.163375,0.985241,0,0.38496,-0.77712,27.535,-0.520,727.222,15.524,-1,-1,-1,51.386,520.231,993.486,460.959,-1,-1,-1,-1,14.794,-1,869.841,-1,0,1,2,2,2,1,0,0,0,2,2,2,2,1,2,0,2
270,1485.550,-5654.364,892.302,-95.079,-0.088413,0.982947,0.161239,-0.994847,-0.079075,-0.063450,-0.049618,-0.166018,0.984874,0,0.38496,-0.77712,27.446,-0.652,703.682,20.184,-1,-1,-1,60.955,515.106,958.328,470.744,-1,-1,-1,-1,19.217,-1,871.147,-1,0,1,2,2,2,1,0,0,0,2,2,2,2,1,2,0,2
271,1480.192,-5681.255,890.907,-95.758,-0.100224,0.981492,0.163183,-0.993920,-0.091250,-0.061609,-0.045579,-0.168366,0.984670,0,0.38496,-0.77712,27.419,-0.680,693.333,26.992,-1,-1,-1,59.661,510.287,923.104,479.776,-1,-1,-1,-1,25.682,-1,889.182,-1,0,1,2,2,2,1,0,0,0,2,2,2,2,1,2,0,2
272,1475.492,-5707.858,889.993,-96.141,-0.106909,0.981386,0.159538,-0.993566,-0.099416,-0.054249,-0.037379,-0.164311,0.985700,0,0.38496,-0.77712,27.015,-0.383,713.542,27.873,-1,-1,-1,55.820,511.698,914.471,480.306,-1,-1,-1,-1,27.919,-1,-1,-1,0,1,2,2,2,1,0,0,0,2,2,2,2,1,2,2,2
273,1472.151,-5734.301,890.186,-96.053,-0.105424,0.983296,0.148373,-0.994118,-0.100491,-0.040383,-0.024799,-0.151758,0.988107,0,0.37673,-0.79789,26.653,0.088,776.914,22.976,-1,-1,-1,44.356,972.986,945.184,472.115,-1,-1,-1,-1,23.122,-1,-1,-1,0,1,2,2,2,1,0,0,0,2,2,2,2,1,2,2,2
274,1468.782,-5758.121,892.366,-95.974,-0.104065,0.984941,0.138061,-0.994503,-0.101434,-0.025979,-0.011584,-0.140006,0.990083,0,0.37673,-0.79789,24.057,0.080,886.905,20.518,-1,-1,-1,20.129,-1,980.035,472.089,-1,-1,-1,-1,19.701,-1,-1,-1,0,1,2,2,2,1,2,0,0,2,2,2,2,1,2,2,2
275,1465.561,-5780.879,895.041,-95.983,-0.104237,0.985534,0.133630,-0.994547,-0.102867,-0.017140,-0.003147,-0.134688,0.990883,0,0.37673,-0.79789,22.985,-0.010,-1,598.112,-1,-1,-1,545.987,-1,993.278,482.665,-1,-1,-1,-1,-1,-1,-1,-1,2,0,2,2,2,0,2,0,0,2,2,2,2,2,2,2,2
276,1462.398,-5803.352,897.241,-96.118,-0.106571,0.985098,0.134999,-0.994305,-0.105631,-0.014128,0.000343,-0.135736,0.990745,0,0.37673,-0.79789,22.694,-0.134,-1,606.072,-1,-1,-1,-1,-1,977.696,501.438,-1,-1,-1,-1,-1,-1,-1,-1,2,0,2,2,2,2,2,0,0,2,2,2,2,2,2,2,2
277,1458.322,-5825.085,898.801,-96.488,-0.112995,0.983077,0.144196,-0.993596,-0.111800,-0.016391,0.000007,-0.145125,0.989413,0,0.37673,-0.79789,22.113,-0.370,-1,600.803,-1,-1,-1,-1,-1,927.390,534.122,-1,-1,-1,-1,-1,-1,-1,-1,2,0,2,2,2,2,2,0,0,2,2,2,2,2,2,2,2
278,1453.907,-5846.558,899.246,-97.020,-0.122215,0.980200,0.155795,-0.992503,-0.120537,-0.020209,-0.001030,-0.157097,0.987583,0,0.37673,-0.79789,21.922,-0.532,-1,589.562,-1,-1,-1,-1,-1,861.704,569.441,-1,-1,-1,-1,-1,-1,-1,-1,2,0,2,2,2,2,2,0,0,2,2,2,2,2,2,2,2
279,1449.207,-5867.877,898.478,-97.640,-0.132955,0.976661,0.168690,-0.991120,-0.130649,-0.024748,-0.002131,-0.170482,0.985358,0,0.37673,-0.79789,21.831,-0.620,-1,574.528,-1,-1,-1,-1,-1,526.943,605.668,-1,-1,-1,-1,965.125,-1,-1,-1,2,0,2,2,2,2,2,0,0,2,2,2,2,0,2,2,2
280,1444.129,-5888.953,896.651,-98.342,-0.145073,0.972485,0.182281,-0.989412,-0.141785,-0.031015,-0.004317,-0.184850,0.982757,0,0.37673,-0.79789,21.679,-0.701,810.634,555.183,-1,-1,-1,-1,-1,386.475,644.158,-1,-1,-1,-1,-1,-1,-1,-1,0,0,2,2,2,2,2,0,0,2,2,2,2,2,2,2,2
281,1438.722,-5909.681,894.186,-99.103,-0.158200,0.968337,0.193124,-0.987363,-0.153290,-0.040206,-0.009329,-0.197045,0.980350,0,0.37673,-0.79789,21.422,-0.761,702.529,562.516,-1,-1,-1,-1,-1,368.320,676.176,-1,-1,-1,-1,-1,-1,-1,-1,0,0,2,2,2,2,2,0,0,2,2,2,2,2,2,2,2
282,1432.916,-5930.108,891.706,-99.891,-0.171755,0.965163,0.197387,-0.985022,-0.165158,-0.049536,-0.015210,-0.202939,0.979073,0,0.37673,-0.79789,21.236,-0.788,657.798,586.912,-1,-1,-1,-1,-1,355.675,690.110,-1,-1,-1,-1,-1,-1,-1,-1,0,0,2,2,2,2,2,0,0,2,2,2,2,2,2,2,2
283,1426.757,-5950.428,889.354,-100.657,-0.184895,0.963466,0.193773,-0.982548,-0.177152,-0.056709,-0.020310,-0.200876,0.979406,0,0.37673,-0.79789,21.233,-0.766,639.315,614.901,-1,-1,-1,1006.250,-1,351.103,679.950,-1,-1,-1,-1,-1,-1,-1,-1,0,0,2,2,2,0,2,0,0,2,2,2,2,2,2,2,2
284,1420.260,-5970.660,887.135,-101.392,-0.197463,0.963166,0.182539,-0.980044,-0.189621,-0.059638,-0.022828,-0.190672,0.981388,0,0.37673,-0.79789,21.249,-0.734,679.154,865.085,-1,-1,-1,996.996,-1,356.878,647.843,-1,-1,-1,-1,-1,-1,-1,-1,0,0,2,2,2,0,2,0,0,2,2,2,2,2,2,2,2
285,1413.004,-5990.672,884.974,-102.149,-0.210394,0.963291,0.166745,-0.977355,-0.203313,-0.058652,-0.022598,-0.175310,0.984254,0,0.37673,-0.79789,21.287,-0.757,885.188,908.145,-1,-1,-1,997.814,-1,370.253,607.039,-1,-1,-1,-1,-1,-1,-1,-1,0,0,2,2,2,0,2,0,0,2,2,2,2,2,2,2,2
286,1404.937,-6010.526,882.594,-102.827,-0.221962,0.963686,0.148469,-0.974825,-0.216009,-0.055288,-0.021210,-0.157003,0.987370,0,0.37673,-0.79789,21.430,-0.679,-1,956.603,-1,-1,-1,1001.535,-1,385.934,566.032,-1,-1,-1,-1,-1,-1,-1,-1,2,0,2,2,2,0,2,0,0,2,2,2,2,2,2,2,2
287,1396.052,-6030.130,879.942,-103.488,-0.233193,0.963625,0.130566,-0.972230,-0.228305,-0.051444,-0.019764,-0.138937,0.990104,0,0.37673,-0.79789,21.523,-0.661,-1,994.712,-1,-1,-1,1004.224,-1,399.467,528.055,-1,-1,-1,-1,-1,-1,-1,-1,2,0,2,2,2,0,2,0,0,2,2,2,2,2,2,2,2
288,1386.758,-6049.527,877.426,-104.170,-0.244751,0.962652,0.115748,-0.969364,-0.240391,-0.050453,-0.020744,-0.124551,0.991996,0,0.37673,-0.79789,21.508,-0.682,-1,-1,-1,-1,-1,998.969,-1,407.074,500.135,-1,-1,-1,-1,-1,-1,-1,-1,2,2,2,2,2,0,2,0,0,2,2,2,2,2,2,2,2
289,1377.260,-6068.765,875.115,-104.919,-0.257369,0.960642,0.104538,-0.966007,-0.253056,-0.052844,-0.024310,-0.114585,0.993116,0,0.37673,-0.79789,21.455,-0.748,-1,-1,-1,-1,-1,985.377,-1,408.914,481.247,-1,-1,-1,-1,-1,-1,-1,-1,2,2,2,2,2,0,2,0,0,2,2,2,2,2,2,2,2
290,1367.735,-6087.987,873.053,-105.699,-0.270469,0.957921,0.096094,-0.962271,-0.265912,-0.057672,-0.029693,-0.108067,0.993700,0,0.37673,-0.79789,21.452,-0.781,-1,-1,-1,-1,-1,966.287,989.842,406.205,468.847,-1,-1,-1,-1,-1,-1,-1,-1,2,2,2,2,2,0,0,0,0,2,2,2,2,2,2,2,2
291,1358.132,-6107.210,871.251,-106.506,-0.283930,0.954617,0.089942,-0.958162,-0.278938,-0.064176,-0.036176,-0.104401,0.993877,0,0.37673,-0.79789,21.489,-0.807,-1,-1,-1,-1,-1,944.167,964.865,399.740,461.651,-1,-1,-1,-1,-1,-1,-1,-1,2,2,2,2,2,0,0,0,0,2,2,2,2,2,2,2,2
292,1352.629,-6118.714,870.013,-106.452,-0.282733,0.956246,0.075203,-0.957464,-0.276639,-0.082061,-0.057666,-0.095206,0.993786,0,0.37673,-0.79789,12.752,0.055,-1,966.696,-1,-1,-1,882.764,894.916,405.643,448.168,-1,-1,-1,-1,-1,-1,-1,-1,2,0,2,2,2,0,0,0,0,2,2,2,2,2,2,2,2
293,-355.220,-5951.245,1056.020,125.799,-0.584185,-0.811580,-0.008057,0.810017,-0.582379,-0.068608,0.050988,-0.046606,0.997611,1,0.37673,-0.79789,0.000,0.000,-1,742.598,-1,685.689,-1,537.226,530.483,477.430,533.417,-1,-1,-1,-1,-1,-1,-1,-1,2,0,2,0,2,0,0,0,0,2,2,2,2,2,2,2,2
294,-353.856,-5953.047,1061.410,125.784,-0.584090,-0.811662,-0.006512,0.810349,-0.582647,-0.062110,0.046618,-0.041555,0.998048,0,0.36376,-1.00000,2.261,-0.016,-1,753.958,-1,683.791,-1,543.777,534.613,499.318,538.511,-1,-1,-1,-1,-1,-1,-1,-1,2,0,2,0,2,0,0,0,0,2,2,2,2,2,2,2,2
295,-352.713,-5954.103,1066.124,125.758,-0.583754,-0.811926,-0.002804,0.810652,-0.582637,-0.058116,0.045552,-0.036199,0.998306,0,0.36376,-1.00000,1.556,-0.026,-1,778.482,-1,692.150,-1,557.234,545.399,521.433,541.004,-1,-1,-1,-1,-1,-1,-1,-1,2,0,2,0,2,0,0,0,0,2,2,2,2,2,2,2,2
296,-351.788,-5954.690,1069.625,125.737,-0.583448,-0.812149,0.001763,0.810834,-0.582624,-0.055645,0.046219,-0.031036,0.998449,0,0.36376,-1.00000,1.095,-0.020,-1,806.923,-1,702.288,-1,571.580,556.979,540.930,540.365,-1,-1,-1,-1,-1,-1,-1,-1,2,0,2,0,2,0,0,0,0,2,2,2,2,2,2,2,2
297,-351.060,-5954.944,1071.859,125.714,-0.583065,-0.812396,0.006897,0.811001,-0.582524,-0.054245,0.048086,-0.026035,0.998504,0,0.36376,-1.00000,0.771,-0.023,-1,836.186,-1,711.660,-1,585.302,567.935,555.313,536.507,-1,-1,-1,-1,-1,-1,-1,-1,2,0,2,0,2,0,0,0,0,2,2,2,2,2,2,2,2
298,-350.475,-5954.900,1072.826,125.703,-0.582824,-0.812503,0.012409,0.810998,-0.582567,-0.053839,0.050973,-0.021315,0.998473,0,0.36376,-1.00000,0.587,-0.011,-1,865.547,-1,720.487,-1,598.056,577.931,566.612,529.743,-1,-1,-1,-1,-1,-1,-1,-1,2,0,2,0,2,0,0,0,0,2,2,2,2,2,2,2,2
299,-349.967,-5954.625,1072.546,125.695,-0.582600,-0.812563,0.017877,0.810932,-0.582623,-0.054219,0.054472,-0.017091,0.998369,0,0.36376,-1.00000,0.577,-0.008,-1,892.465,-1,727.516,-1,608.669,585.909,574.334,520.668,-1,-1,-1,-1,-1,-1,-1,-1,2,0,2,0,2,0,0,0,0,2,2,2,2,2,2,2,2
300,-349.544,-5954.208,1071.223,125.687,-0.582394,-0.812619,0.021639,0.810885,-0.582616,-0.054998,0.057300,-0.014484,0.998252,0,0.36376,-1.00000,0.595,-0.008,-1,907.669,-1,729.884,-1,613.421,588.991,576.519,512.008,-1,-1,-1,-1,-1,-1,-1,-1,2,0,2,0,2,0,0,0,0,2,2,2,2,2,2,2,2
301,-349.218,-5953.654,1069.031,125.666,-0.582065,-0.812837,0.022269,0.811030,-0.582308,-0.056101,0.058568,-0.014594,0.998177,0,0.36376,-1.00000,0.642,-0.020,-1,903.289,-1,725.917,-1,609.611,585.209,571.334,506.240,-1,-1,-1,-1,-1,-1,-1,-1,2,0,2,0,2,0,0,0,0,2,2,2,2,2,2,2,2
302,-349.149,-5953.041,1066.157,125.634,-0.581632,-0.813228,0.019073,0.811389,-0.581666,-0.057557,0.057901,-0.018002,0.998160,0,0.36376,-1.00000,0.617,-0.032,-1,876.783,-1,715.602,-1,596.563,574.249,558.192,504.877,-1,-1,-1,-1,-1,-1,-1,-1,2,0,2,0,2,0,0,0,0,2,2,2,2,2,2,2,2
303,-349.543,-5952.417,1063.123,125.622,-0.581535,-0.813428,0.012346,0.811632,-0.581151,-0.059304,0.055414,-0.024467,0.998164,0,0.36376,-1.00000,0.737,-0.013,-1,834.114,-1,701.652,-1,577.146,558.596,538.748,508.915,-1,-1,-1,-1,-1,-1,-1,-1,2,0,2,0,2,0,0,0,0,2,2,2,2,2,2,2,2
304,-350.287,-5951.704,1060.722,125.596,-0.581262,-0.813700,0.005218,0.812027,-0.580456,-0.060692,0.052414,-0.031041,0.998143,0,0.36376,-1.00000,1.031,-0.026,-1,794.045,-1,687.956,-1,558.857,544.012,519.035,515.092,-1,-1,-1,-1,-1,-1,-1,-1,2,0,2,0,2,0,0,0,0,2,2,2,2,2,2,2,2
305,-351.165,-5950.772,1059.382,125.560,-0.580833,-0.814022,-0.000633,0.812490,-0.579692,-0.061786,0.049928,-0.036401,0.998089,0,0.36376,-1.00000,1.280,-0.035,-1,766.657,-1,678.943,-1,546.271,534.293,505.396,522.035,-1,-1,-1,-1,-1,-1,-1,-1,2,0,2,0,2,0,0,0,0,2,2,2,2,2,2,2,2
306,-352.103,-5949.562,1059.192,125.515,-0.580239,-0.814436,-0.004189,0.813010,-0.578902,-0.062355,0.048359,-0.039586,0.998045,0,0.36376,-1.00000,1.531,-0.045,-1,753.802,-1,676.013,-1,540.813,530.466,499.557,527.910,-1,-1,-1,-1,-1,-1,-1,-1,2,0,2,0,2,0,0,0,0,2,2,2,2,2,2,2,2
307,-353.066,-5948.039,1059.990,125.460,-0.579473,-0.814974,-0.005251,0.813593,-0.578089,-0.062287,0.047726,-0.040366,0.998044,0,0.36376,-1.00000,1.803,-0.055,-1,753.998,-1,678.156,-1,541.875,531.893,501.240,531.577,-1,-1,-1,-1,-1,-1,-1,-1,2,0,2,0,2,0,0,0,0,2,2,2,2,2,2,2,2
308,-354.056,-5946.174,1061.449,125.394,-0.578529,-0.815650,-0.004347,0.814260,-0.577214,-0.061675,0.047796,-0.039221,0.998087,0,0.36376,-1.00000,2.110,-0.066,-1,763.661,-1,683.565,-1,547.563,536.867,508.622,533.003,-1,-1,-1,-1,-1,-1,-1,-1,2,0,2,0,2,0,0,0,0,2,2,2,2,2,2,2,2
309,-355.137,-5943.872,1063.179,125.317,-0.577417,-0.816446,-0.002293,0.815013,-0.576232,-0.060912,0.048410,-0.037040,0.998141,0,0.52192,-0.47211,2.544,-0.077,-1,779.037,-1,690.395,-1,555.987,543.968,519.117,532.923,-1,-1,-1,-1,-1,-1,-1,-1,2,0,2,0,2,0,0,0,0,2,2,2,2,2,2,2,2
310,-356.426,-5941.048,1064.818,125.229,-0.576148,-0.817345,0.000120,0.815858,-0.575109,-0.060202,0.049275,-0.034588,0.998186,0,0.52192,-0.47211,3.104,-0.087,-1,796.508,-1,697.188,-1,565.019,551.501,530.378,531.887,-1,-1,-1,-1,-1,-1,-1,-1,2,0,2,0,2,0,0,0,0,2,2,2,2,2,2,2,2
311,-357.951,-5937.745,1066.114,125.129,-0.574698,-0.818362,0.002162,0.816843,-0.573789,-0.059448,0.049891,-0.032399,0.998229,0,0.52192,-0.47211,3.638,-0.101,-1,811.124,-1,702.011,-1,572.264,557.390,538.835,530.292,-1,-1,-1,-1,-1,-1,-1,-1,2,0,2,0,2,0,0,0,0,2,2,2,2,2,2,2,2
312,-359.757,-5934.001,1066.943,125.018,-0.573122,-0.819463,0.003457,0.817943,-0.572306,-0.058601,0.050000,-0.030758,0.998275,0,0.52192,-0.47211,4.156,-0.110,-1,820.115,-1,703.797,-1,576.550,560.589,545.412,528.358,-1,-1,-1,-1,-1,-1,-1,-1,2,0,2,0,2,0,0,0,0,2,2,2,2,2,2,2,2
313,-361.859,-5929.815,1067.293,124.902,-0.571467,-0.820616,0.003831,0.819124,-0.570698,-0.057783,0.049603,-0.029883,0.998322,0,0.52192,-0.47211,4.684,-0.117,-1,822.881,-1,702.784,-1,577.707,561.096,549.652,526.493,-1,-1,-1,-1,-1,-1,-1,-1,2,0,2,0,2,0,0,0,0,2,2,2,2,2,2,2,2
314,-364.247,-5925.168,1067.234,124.775,-0.569670,-0.821867,0.003380,0.820419,-0.568901,-0.057140,0.048885,-0.029778,0.998360,0,0.52192,-0.47211,5.224,-0.127,-1,820.720,-1,699.933,-1,576.476,559.653,551.728,524.929,-1,-1,-1,-1,-1,-1,-1,-1,2,0,2,0,2,0,0,0,0,2,2,2,2,2,2,2,2
315,-366.915,-5920.067,1066.904,124.635,-0.567694,-0.823236,0.002488,0.821834,-0.566898,-0.056703,0.048090,-0.030146,0.998388,0,0.52192,-0.47211,5.757,-0.139,-1,816.198,-1,696.346,-1,574.116,557.324,552.522,523.501,-1,-1,-1,-1,-1,-1,-1,-1,2,0,2,0,2,0,0,0,0,2,2,2,2,2,2,2,2
316,-369.853,-5914.532,1066.507,124.497,-0.565724,-0.824593,0.001589,0.823228,-0.564897,-0.056459,0.047453,-0.030633,0.998404,0,0.52192,-0.47211,6.267,-0.138,-1,812.275,-1,693.373,-1,572.109,555.375,555.089,522.196,-1,-1,-1,-1,-1,-1,-1,-1,2,0,2,0,2,0,0,0,0,2,2,2,2,2,2,2,2
317,-373.026,-5908.570,1066.235,124.354,-0.563679,-0.825993,0.000764,0.824658,-0.562820,-0.056329,0.046957,-0.031122,0.998412,0,0.52192,-0.47211,6.754,-0.143,-1,809.975,-1,691.489,-1,571.046,554.322,558.411,521.183,-1,-1,-1,-1,-1,-1,-1,-1,2,0,2,0,2,0,0,0,0,2,2,2,2,2,2,2,2
318,-376.444,-5902.194,1066.173,124.203,-0.561513,-0.827468,-0.000114,0.826162,-0.560619,-0.056237,0.046471,-0.031672,0.998417,0,0.52192,-0.47211,7.234,-0.151,-1,808.871,-1,690.574,-1,570.801,554.078,562.487,520.845,-1,-1,-1,-1,-1,-1,-1,-1,2,0,2,0,2,0,0,0,0,2,2,2,2,2,2,2,2
319,-380.068,-5895.450,1066.364,124.036,-0.559121,-0.829085,-0.001418,0.827820,-0.558172,-0.056193,0.045798,-0.032592,0.998419,0,0.52192,-0.47211,7.656,-0.167,-1,807.563,-1,690.349,-1,570.830,554.280,566.830,522.024,-1,-1,-1,-1,-1,-1,-1,-1,2,0,2,0,2,0,0,0,0,2,2,2,2,2,2,2,2
320,-383.912,-5888.396,1066.900,123.876,-0.556829,-0.830622,-0.002951,0.829407,-0.555815,-0.056166,0.045013,-0.033723,0.998417,0,0.52192,-0.47211,8.033,-0.160,-1,807.249,-1,691.436,-1,571.756,555.596,571.778,524.613,-1,-1,-1,-1,-1,-1,-1,-1,2,0,2,0,2,0,0,0,0,2,2,2,2,2,2,2,2
321,-387.972,-5880.997,1067.749,123.720,-0.554581,-0.832120,-0.004104,0.830943,-0.553520,-0.056115,0.044423,-0.034531,0.998416,0,0.52192,-0.47211,8.440,-0.156,-1,810.216,-1,694.189,-1,574.461,558.655,574.954,526.562,-1,-1,-1,-1,-1,-1,-1,-1,2,0,2,0,2,0,0,0,0,2,2,2,2,2,2,2,2
322,-392.198,-5873.266,1068.769,123.560,-0.552280,-0.833647,-0.004514,0.832522,-0.551236,-0.055182,0.043514,-0.034234,0.998466,0,0.52192,-0.47211,8.811,-0.160,-1,814.325,-1,695.425,-1,577.179,561.193,580.459,526.220,-1,-1,-1,-1,-1,-1,-1,-1,2,0,2,0,2,0,0,0,0,2,2,2,2,2,2,2,2
323,-396.571,-5865.179,1069.813,123.400,-0.549998,-0.835155,-0.004329,0.834100,-0.549027,-0.053346,0.042175,-0.032951,0.998567,0,0.52192,-0.47211,9.193,-0.159,-1,818.085,-1,694.744,-1,579.085,562.371,588.778,523.462,-1,-1,-1,-1,-1,-1,-1,-1,2,0,2,0,2,0,0,0,0,2,2,2,2,2,2,2,2
324,-401.098,-5856.687,1070.756,123.236,-0.547627,-0.836714,-0.003844,0.835728,-0.546745,-0.051274,0.040800,-0.031292,0.998677,0,0.52192,-0.47211,9.624,-0.165,-1,821.947,-1,693.150,-1,580.814,562.949,598.616,519.395,-1,-1,-1,-1,-1,-1,-1,-1,2,0,2,0,2,0,0,0,0,2,2,2,2,2,2,2,2
325,-405.785,-5847.752,1071.519,123.055,-0.545008,-0.838423,-0.003529,0.837484,-0.544188,-0.049809,0.039841,-0.030102,0.998753,0,0.52192,-0.47211,10.089,-0.181,-1,826.394,-1,692.977,-1,583.082,564.206,606.422,515.803,-1,-1,-1,-1,-1,-1,-1,-1,2,0,2,0,2,0,0,0,0,2,2,2,2,2,2,2,2
326,-411.659,-5836.448,1072.144,122.823,-0.541621,-0.840616,-0.003259,0.839686,-0.540831,-0.049294,0.039674,-0.029435,0.998779,0,0.52192,-0.47211,12.740,-0.232,-1,834.336,-1,694.026,-1,587.542,567.690,612.764,512.677,-1,-1,-1,-1,-1,-1,-1,-1,2,0,2,0,2,0,0,0,0,2,2,2,2,2,2,2,2
327,-415.730,-5828.656,1072.494,122.665,-0.539300,-0.842108,-0.003269,0.841179,-0.538513,-0.049213,0.039682,-0.029290,0.998783,0,0.52192,-0.47211,8.791,-0.158,-1,839.524,-1,695.151,-1,590.620,570.239,615.993,511.206,-1,-1,-1,-1,-1,-1,-1,-1,2,0,2,0,2,0,0,0,0,2,2,2,2,2,2,2,2
328,-420.994,-5818.597,1072.890,122.467,-0.536385,-0.843966,-0.003364,0.843033,-0.535596,-0.049314,0.039818,-0.029287,0.998778,0,0.52192,-0.47211,11.353,-0.198,-1,846.324,-1,697.059,-1,594.727,574.028,619.455,509.512,-1,-1,-1,-1,-1,-1,-1,-1,2,0,2,0,2,0,0,0,0,2,2,2,2,2,2,2,2
329,-426.447,-5808.171,1073.268,122.268,-0.533453,-0.845823,-0.003379,0.844872,-0.532654,-0.049719,0.040253,-0.029377,0.998758,0,0.52192,-0.47211,11.765,-0.198,-1,854.717,-1,700.040,-1,599.577,578.886,622.831,507.860,-1,-1,-1,-1,-1,-1,-1,-1,2,0,2,0,2,0,0,0,0,2,2,2,2,2,2,2,2
330,-432.057,-5797.440,1073.692,122.070,-0.530520,-0.847665,-0.003571,0.846698,-0.529704,-0.050159,0.040627,-0.029634,0.998735,0,0.52192,-0.47211,12.110,-0.198,-1,862.876,-1,703.194,-1,604.557,583.848,626.581,506.558,-1,-1,-1,-1,-1,-1,-1,-1,2,0,2,0,2,0,0,0,0,2,2,2,2,2,2,2,2
331,-437.813,-5786.499,1074.161,121.874,-0.527616,-0.849472,-0.004402,0.848519,-0.526763,-0.050363,0.040464,-0.030307,0.998721,0,0.38717,-1.00000,12.362,-0.197,-1,867.750,-1,705.878,-1,608.171,587.605,629.208,505.320,-1,-1,-1,-1,-1,-1,-1,-1,2,0,2,0,2,0,0,0,0,2,2,2,2,2,2,2,2
332,-443.570,-5775.452,1074.654,121.656,-0.524410,-0.851444,-0.006103,0.850561,-0.523508,-0.049856,0.039254,-0.031336,0.998738,0,0.38717,-1.00000,12.457,-0.218,-1,866.404,-1,705.539,-1,608.657,588.012,630.732,504.507,-1,-1,-1,-1,-1,-1,-1,-1,2,0,2,0,2,0,0,0,0,2,2,2,2,2,2,2,2
333,-449.288,-5764.230,1075.136,121.410,-0.520801,-0.853639,-0.008209,0.852859,-0.519856,-0.048806,0.037395,-0.032420,0.998775,0,0.38717,-1.00000,12.595,-0.245,-1,861.385,-1,702.635,-1,607.126,586.375,630.635,503.777,-1,-1,-1,-1,-1,-1,-1,-1,2,0,2,0,2,0,0,0,0,2,2,2,2,2,2,2,2
334,-455.022,-5752.771,1075.597,121.151,-0.516965,-0.855949,-0.009921,0.855251,-0.515987,-0.047982,0.035951,-0.033290,0.998799,0,0.38717,-1.00000,12.814,-0.259,-1,859.014,-1,700.777,-1,606.774,585.787,629.898,502.983,-1,-1,-1,-1,-1,-1,-1,-1,2,0,2,0,2,0,0,0,0,2,2,2,2,2,2,2,2
335,-460.789,-5741.064,1076.042,120.887,-0.513029,-0.858300,-0.011073,0.857651,-0.512028,-0.047563,0.035154,-0.033898,0.998807,0,0.38717,-1.00000,13.050,-0.264,-1,804.402,-1,699.581,-1,608.309,587.250,630.110,501.733,-1,-1,-1,-1,-1,-1,-1,-1,2,1,2,0,2,0,0,0,0,2,2,2,2,2,2,2,2
336,-466.555,-5729.129,1076.520,120.617,-0.508987,-0.860696,-0.011588,0.860063,-0.507974,-0.047479,0.034979,-0.034132,0.998805,0,0.38717,-1.00000,13.254,-0.270,-1,786.446,-1,699.010,-1,610.301,590.448,631.724,499.767,-1,-1,-1,-1,-1,-1,-1,-1,2,1,2,0,2,1,0,0,0,2,2,2,2,2,2,2,2
337,-472.332,-5717.025,1077.040,120.347,-0.504922,-0.863085,-0.011719,0.862453,-0.503908,-0.047463,0.035059,-0.034072,0.998804,0,0.38717,-1.00000,13.412,-0.270,-1,768.383,-1,699.024,-1,596.461,594.436,634.464,497.245,-1,-1,-1,-1,723.914,-1,-1,-1,2,1,2,0,2,1,0,0,0,2,2,2,2,1,2,2,2
338,-478.140,-5704.765,1077.626,120.082,-0.500928,-0.865407,-0.011932,0.864760,-0.499894,-0.047914,0.035500,-0.034320,0.998780,0,0.38717,-1.00000,13.566,-0.264,-1,743.452,-1,700.591,-1,582.116,599.760,636.404,495.552,-1,-1,-1,-1,700.651,-1,-1,-1,2,1,2,0,2,1,0,0,0,2,2,2,2,1,2,2,2
339,-483.963,-5692.325,1078.221,119.811,-0.496813,-0.867765,-0.012657,0.867109,-0.495727,-0.048749,0.036028,-0.035194,0.998731,0,0.38717,-1.00000,13.736,-0.272,-1,693.599,-1,703.142,-1,567.663,605.078,636.345,494.995,-1,-1,-1,-1,677.239,-1,-1,-1,2,1,2,0,2,1,0,0,0,2,2,2,2,1,2,2,2
340,-489.772,-5679.693,1078.694,119.527,-0.492512,-0.870193,-0.014021,0.869553,-0.491353,-0.049494,0.036180,-0.036569,0.998676,0,0.38717,-1.00000,13.903,-0.284,-1,644.678,-1,705.080,-1,553.495,608.064,634.326,493.498,-1,-1,-1,-1,653.546,-1,-1,-1,2,1,2,0,2,1,0,0,0,2,2,2,2,1,2,2,2
341,-495.542,-5666.876,1079.006,119.221,-0.487867,-0.872774,-0.015863,0.872174,-0.486621,-0.050130,0.036033,-0.038292,0.998617,0,0.38717,-1.00000,14.055,-0.306,-1,596.179,-1,705.632,-1,539.704,610.090,628.992,492.312,-1,-1,-1,-1,629.448,-1,-1,-1,2,1,2,0,2,1,0,0,0,2,2,2,2,1,2,2,2
342,-501.178,-5653.968,1079.273,118.894,-0.482889,-0.875509,-0.017397,0.874984,-0.481616,-0.049493,0.034953,-0.039122,0.998623,0,0.38717,-1.00000,14.085,-0.328,-1,548.751,-1,702.060,-1,526.593,609.027,626.151,488.898,-1,-1,-1,-1,605.088,-1,-1,-1,2,1,2,0,2,1,0,0,0,2,2,2,2,1,2,2,2
343,-506.673,-5640.876,1079.478,118.542,-0.477539,-0.878413,-0.018655,0.877978,-0.476281,-0.048079,0.033348,-0.039338,0.998669,0,0.38717,-1.00000,14.198,-0.351,-1,501.554,-1,695.865,-1,513.937,606.040,624.850,483.858,-1,-1,-1,-1,576.340,-1,-1,-1,2,1,2,0,2,1,0,0,0,2,2,2,2,1,2,2,2
344,-512.080,-5627.563,1079.670,118.172,-0.471870,-0.881447,-0.019761,0.881072,-0.470608,-0.047338,0.032426,-0.039749,0.998683,0,0.38717,-1.00000,14.370,-0.370,-1,453.732,-1,691.085,-1,501.006,604.792,622.867,479.316,-1,-1,-1,-1,557.712,-1,-1,-1,2,1,2,0,2,1,0,0,0,2,2,2,2,1,2,2,2
345,-517.485,-5614.032,1079.891,117.796,-0.466087,-0.884500,-0.020549,0.884144,-0.464797,-0.047460,0.032427,-0.040288,0.998662,0,0.38717,-1.00000,14.571,-0.375,-1,405.870,-1,688.639,-1,487.373,606.128,620.692,475.162,-1,-1,-1,-1,537.643,-1,-1,-1,2,1,2,0,2,1,0,0,0,2,2,2,2,1,2,2,2
346,-522.822,-5600.394,1080.263,117.422,-0.460299,-0.887506,-0.021399,0.887175,-0.458982,-0.047505,0.032339,-0.040851,0.998642,0,0.38717,-1.00000,14.645,-0.375,-1,356.003,-1,686.375,-1,473.592,607.652,618.943,471.478,-1,-1,-1,-1,574.008,-1,-1,-1,2,1,2,0,2,1,0,0,0,2,2,2,2,1,2,2,2
347,-528.057,-5586.682,1080.778,117.041,-0.454397,-0.890514,-0.022515,0.890241,-0.453074,-0.046847,0.031517,-0.041330,0.998648,0,0.38717,-1.00000,14.678,-0.381,-1,344.425,-1,682.385,-1,460.119,605.927,617.654,468.339,-1,-1,-1,-1,562.309,-1,-1,-1,2,1,2,0,2,1,0,0,0,2,2,2,2,1,2,2,2
348,-533.148,-5572.915,1081.374,116.654,-0.448412,-0.893507,-0.023915,0.893341,-0.447126,-0.044944,0.029465,-0.041517,0.998703,0,0.38717,-1.00000,14.678,-0.386,-1,333.207,-1,675.065,-1,447.241,601.467,617.289,465.464,-1,-1,-1,-1,550.572,-1,-1,-1,2,1,2,0,2,1,0,0,0,2,2,2,2,1,2,2,2
349,-538.117,-5559.051,1081.952,116.252,-0.442168,-0.896554,-0.026035,0.896532,-0.440917,-0.042689,0.026794,-0.042217,0.998749,0,0.38717,-1.00000,14.728,-0.402,-1,322.285,-1,666.415,-1,434.831,595.400,615.027,463.523,-1,-1,-1,-1,538.816,-1,-1,-1,2,1,2,0,2,1,0,0,0,2,2,2,2,1,2,2,2
350,-542.929,-5545.111,1082.514,115.818,-0.435396,-0.899758,-0.029431,0.899925,-0.434148,-0.040635,0.023784,-0.044177,0.998741,0,0.34856,-0.84640,14.747,-0.434,-1,311.768,-1,657.624,-1,423.084,588.496,608.570,464.093,-1,-1,-1,-1,527.136,-1,543.007,-1,2,1,2,0,2,1,0,0,0,2,2,2,2,1,2,1,2
351,-547.526,-5531.112,1083.093,115.337,-0.427843,-0.903194,-0.034500,0.903618,-0.426551,-0.039096,0.020595,-0.047902,0.998640,0,0.34856,-0.84640,14.735,-0.482,-1,509.567,-1,649.425,-1,412.222,581.258,596.683,468.476,-1,-1,-1,-1,515.638,-1,517.807,-1,2,1,2,0,2,1,0,0,0,2,2,2,2,1,2,1,2
352,-551.898,-5517.065,1083.733,114.804,-0.419448,-0.906836,-0.041382,0.907615,-0.418066,-0.038163,0.017307,-0.053566,0.998414,0,0.34856,-0.84640,14.711,-0.533,-1,492.830,-1,642.213,-1,470.739,574.039,579.500,477.443,-1,-1,-1,-1,504.367,-1,492.239,-1,2,1,2,0,2,1,0,0,0,2,2,2,2,1,2,1,2
353,-556.116,-5503.010,1084.459,114.234,-0.410427,-0.910573,-0.049068,0.911788,-0.408965,-0.037293,0.013891,-0.060046,0.998099,0,0.34856,-0.84640,14.675,-0.570,-1,473.575,-1,635.295,-1,456.730,566.792,560.939,491.791,-1,-1,-1,-1,493.321,-1,466.620,-1,2,1,2,0,2,1,0,0,0,2,2,2,2,1,2,1,2
354,-560.147,-5488.913,1085.363,113.658,-0.401253,-0.914220,-0.056549,0.915906,-0.399746,-0.036325,0.010604,-0.066369,0.997739,0,0.34856,-0.84640,14.662,-0.576,-1,455.805,-1,629.161,-1,442.966,560.362,544.158,509.602,-1,-1,-1,-1,482.520,-1,441.962,-1,2,1,2,0,2,1,0,0,0,2,2,2,2,1,2,1,2
355,-564.307,-5474.741,1086.258,113.134,-0.392879,-0.917481,-0.062247,0.919562,-0.391432,-0.034454,0.007245,-0.070777,0.997466,0,0.34856,-0.84640,14.770,-0.524,-1,437.729,-1,622.064,-1,429.223,553.955,533.046,521.242,-1,-1,-1,-1,471.542,-1,427.058,-1,2,1,2,0,2,1,0,0,0,2,2,2,2,1,2,1,2
356,-568.426,-5460.439,1087.074,112.636,-0.384873,-0.920549,-0.066793,0.922960,-0.383532,-0.032379,0.004189,-0.074109,0.997241,0,0.34856,-0.84640,14.883,-0.498,-1,419.320,-1,615.014,-1,415.545,548.093,524.743,528.962,-1,-1,-1,-1,460.551,-1,263.320,-1,2,1,2,0,2,1,0,0,0,2,2,2,2,1,2,1,2
357,-572.589,-5446.016,1087.698,112.169,-0.377340,-0.923416,-0.070119,0.926073,-0.376139,-0.030126,0.001444,-0.076303,0.997084,0,0.34856,-0.84640,15.013,-0.467,-1,400.594,-1,607.520,-1,401.842,541.903,519.398,531.425,-1,-1,-1,-1,449.442,-1,246.826,-1,2,1,2,0,2,1,0,0,0,2,2,2,2,1,2,1,2
358,-576.665,-5431.526,1088.193,111.723,-0.370123,-0.926131,-0.072740,0.928981,-0.369118,-0.027298,-0.001568,-0.077678,0.996977,0,0.34856,-0.84640,15.052,-0.446,437.824,381.971,-1,598.701,-1,388.042,534.482,515.626,530.916,-1,-1,-1,-1,438.301,-1,223.600,-1,1,1,2,0,2,1,0,0,0,2,2,2,2,1,2,1,2
359,-580.633,-5416.862,1088.564,111.282,-0.362952,-0.928751,-0.075414,0.931799,-0.362106,-0.025092,-0.004004,-0.079378,0.996837,0,0.34856,-0.84640,15.192,-0.441,395.790,363.080,-1,591.160,-1,374.274,528.013,510.673,532.170,-1,-1,-1,-1,427.176,-1,196.759,-1,1,1,2,0,2,1,0,0,0,2,2,2,2,1,2,1,2
360,-584.547,-5402.030,1088.849,110.844,-0.355823,-0.931277,-0.078187,0.934538,-0.355043,-0.024133,-0.005285,-0.081656,0.996647,0,0.34856,-0.84640,15.340,-0.438,235.864,343.662,-1,586.363,-1,360.699,523.676,504.204,535.507,-1,-1,-1,-1,416.084,-1,170.049,-1,1,1,2,0,2,1,0,0,0,2,2,2,2,1,2,1,2
361,-588.468,-5387.088,1089.077,110.417,-0.348837,-0.933678,-0.080985,0.937164,-0.348076,-0.023793,-0.005974,-0.084196,0.996431,0,0.34856,-0.84640,15.447,-0.428,214.118,323.963,-1,582.976,-1,347.188,520.440,497.078,539.674,-1,-1,-1,-1,404.938,-1,143.129,-1,1,1,2,0,2,1,0,0,0,2,2,2,2,1,2,1,2
362,-592.359,-5372.130,1089.342,110.002,-0.342038,-0.935928,-0.083956,0.939658,-0.341347,-0.022907,-0.007219,-0.086725,0.996206,0,0.34856,-0.84640,15.456,-0.415,182.251,407.349,-1,578.609,-1,333.539,516.358,491.730,542.178,-1,-1,-1,-1,393.697,-1,122.802,-1,1,1,2,0,2,1,0,0,0,2,2,2,2,1,2,1,2
363,-596.104,-5357.238,1089.624,109.590,-0.335262,-0.938121,-0.086764,0.942072,-0.334796,-0.020313,-0.009993,-0.088548,0.996022,0,0.26199,-0.89228,15.356,-0.412,142.639,395.995,-1,570.636,-1,319.589,509.450,488.389,539.962,-1,-1,-1,-1,382.459,-1,112.202,-1,1,1,2,0,2,1,0,0,0,2,2,2,2,1,2,1,2
364,-599.626,-5342.416,1089.944,109.156,-0.328110,-0.940312,-0.090322,0.944545,-0.327930,-0.017243,-0.013405,-0.090971,0.995763,0,0.26199,-0.89228,15.235,-0.434,102.995,384.896,-1,561.717,-1,533.315,501.526,483.745,541.787,-1,-1,-1,-1,371.420,-1,101.927,-1,1,1,2,0,2,0,0,0,0,2,2,2,2,1,2,1,2
365,-602.845,-5327.706,1090.401,108.688,-0.320370,-0.942552,-0.094648,0.947134,-0.320543,-0.013777,-0.017354,-0.094058,0.995415,0,0.26199,-0.89228,15.059,-0.468,82.861,374.215,-1,552.279,-1,524.338,493.079,477.999,549.592,-1,-1,-1,-1,360.743,-1,92.049,-1,1,1,2,0,2,0,0,0,0,2,2,2,2,1,2,1,2
366,-605.885,-5313.020,1090.935,108.192,-0.312132,-0.944854,-0.099120,0.949800,-0.312689,-0.010269,-0.021291,-0.097349,0.995023,0,0.26199,-0.89228,14.997,-0.496,73.888,363.804,-1,543.098,-1,515.503,484.940,472.099,560.704,-1,-1,-1,-1,350.337,-1,82.300,-1,1,1,2,0,2,0,0,0,0,2,2,2,2,1,2,1,2
367,-608.804,-5298.317,1091.550,107.684,-0.303680,-0.947104,-0.103792,0.952456,-0.304588,-0.007371,-0.024633,-0.101096,0.994572,0,0.26199,-0.89228,14.990,-0.508,64.942,353.554,-1,535.593,-1,508.081,478.222,466.538,576.876,-1,-1,-1,-1,340.118,-1,72.531,-1,1,1,2,0,2,0,0,0,0,2,2,2,2,1,2,1,2
368,-611.623,-5283.616,1092.292,107.178,-0.295235,-0.949251,-0.108436,0.955038,-0.296437,-0.005232,-0.027178,-0.105105,0.994090,0,0.26199,-0.89228,14.969,-0.506,55.951,343.427,-1,530.167,-1,502.634,472.753,463.082,598.673,-1,-1,-1,-1,330.066,-1,62.653,-1,1,1,2,0,2,0,0,0,0,2,2,2,2,1,2,1,2
369,-614.368,-5268.956,1093.160,106.690,-0.287063,-0.951248,-0.112791,0.957462,-0.288541,-0.003351,-0.029358,-0.108955,0.993613,0,0.26199,-0.89228,14.915,-0.489,46.904,333.340,-1,525.816,-1,498.163,468.120,460.338,631.038,-1,-1,-1,-1,320.092,-1,207.926,-1,1,1,2,0,2,0,0,0,0,2,2,2,2,1,2,1,2
370,-616.914,-5254.322,1094.127,106.195,-0.278766,-0.953154,-0.117417,0.959852,-0.280501,-0.001819,-0.031202,-0.113210,0.993081,0,0.26199,-0.89228,14.854,-0.495,200.649,323.471,-1,522.520,-1,493.531,464.159,457.124,-1,-1,-1,-1,-1,311.415,-1,193.086,-1,1,1,2,0,2,0,0,0,2,2,2,2,2,1,2,1,2
371,-619.111,-5239.713,1095.045,105.651,-0.269631,-0.955127,-0.122601,0.962403,-0.271625,-0.000468,-0.032855,-0.118118,0.992456,0,0.26199,-0.89228,14.773,-0.544,185.043,314.095,-1,519.477,-1,488.634,460.056,452.620,-1,-1,-1,-1,-1,304.251,-1,178.405,-1,1,1,2,0,2,0,0,0,2,2,2,2,2,1,2,1,2
372,-620.270,-5231.505,1095.933,106.044,-0.276081,-0.952695,-0.127089,0.960033,-0.279671,0.010967,-0.045992,-0.118982,0.991831,0,0.26199,-0.89228,8.289,0.393,181.103,305.272,-1,499.729,-1,470.118,443.248,452.129,-1,-1,-1,-1,-1,292.004,928.210,174.266,-1,1,1,2,0,2,0,0,0,2,2,2,2,2,1,0,1,2
373,-619.766,-5228.108,1097.172,106.667,-0.286259,-0.948560,-0.135240,0.956163,-0.291894,0.023434,-0.061704,-0.122603,0.990536,0,0.26199,-0.89228,3.434,0.623,184.489,300.152,-1,480.265,-1,449.312,425.675,446.108,-1,-1,-1,-1,-1,286.318,811.323,176.895,-1,1,1,2,0,2,0,0,0,2,2,2,2,2,1,0,1,2
374,-618.636,-5225.264,1098.643,107.177,-0.294603,-0.944702,-0.144039,0.953061,-0.301480,0.028010,-0.069886,-0.129026,0.989175,0,0.26199,-0.89228,3.061,0.510,25.647,296.929,-1,475.258,-1,439.825,419.748,436.694,-1,-1,-1,-1,-1,282.697,794.091,178.840,-1,1,1,2,0,2,0,0,0,2,2,2,2,2,1,0,1,2
375,-617.372,-5222.732,1100.055,107.652,-0.302481,-0.941243,-0.150226,0.950518,-0.309591,0.025872,-0.070860,-0.134967,0.988313,0,0.26199,-0.89228,2.830,0.475,25.683,294.589,-1,481.774,-1,442.236,423.711,429.096,-1,-1,-1,-1,-1,280.267,813.364,179.337,-1,1,1,2,0,2,0,0,0,2,2,2,2,2,1,0,1,2
376,-616.049,-5220.523,1101.068,108.090,-0.309824,-0.938425,-0.152863,0.948461,-0.316300,0.019414,-0.066569,-0.138969,0.988057,0,0.26199,-0.89228,2.575,0.438,25.375,292.933,-1,495.371,-1,452.687,434.080,424.566,-1,-1,-1,-1,-1,278.790,889.562,178.664,-1,1,1,2,0,2,0,0,0,2,2,2,2,2,1,0,1,2
377,3356.864,48.198,507.661,-25.761,0.900618,0.432761,0.040058,-0.434610,0.896662,0.084330,0.000576,-0.093359,0.995632,1,0.26199,-0.89228,0.000,0.000,-1,579.659,827.593,474.960,-1,441.787,414.424,461.072,494.964,849.385,594.433,596.549,-1,-1,729.971,-1,-1,2,0,1,0,2,0,0,0,0,0,0,0,2,2,0,2,2
378,3356.084,48.657,512.852,-25.767,0.900571,0.433143,0.036869,-0.434709,0.897382,0.075725,-0.000286,-0.084223,0.996447,0,0.20503,-0.46502,0.905,-0.006,-1,597.766,828.542,480.224,-1,453.211,422.034,491.130,491.534,914.349,619.554,616.549,-1,-1,735.787,-1,-1,2,0,1,0,2,0,0,0,0,0,0,0,2,2,0,2,2
379,3355.514,48.681,518.023,-25.763,0.900599,0.433440,0.032408,-0.434650,0.898107,0.066961,-0.000082,-0.074391,0.997229,0,0.20503,-0.46502,0.570,0.004,-1,618.824,829.270,486.504,-1,465.668,430.802,522.520,487.177,989.144,641.224,633.446,-1,-1,744.698,-1,-1,2,0,1,0,2,0,0,0,0,0,0,0,2,2,0,2,2
380,3355.199,48.395,522.476,-25.755,0.900662,0.433662,0.027312,-0.434519,0.898687,0.059624,0.001312,-0.065569,0.997847,0,0.20503,-0.46502,0.426,0.008,-1,640.276,829.775,493.423,-1,477.994,439.883,551.688,483.143,-1,655.570,643.154,-1,-1,756.698,-1,-1,2,0,1,0,2,0,0,0,0,2,0,0,2,2,0,2,2
381,3355.171,47.875,525.823,-25.746,0.900721,0.433879,0.021215,-0.434375,0.899112,0.053990,0.004350,-0.057846,0.998316,0,0.20503,-0.46502,0.521,0.009,-1,662.868,830.121,501.002,-1,490.430,449.888,577.089,478.604,-1,659.371,643.207,973.497,-1,773.004,-1,-1,2,0,1,0,2,0,0,0,0,2,0,0,0,2,0,2,2
382,3355.387,47.152,527.924,-25.741,0.900732,0.434138,0.014350,-0.434292,0.899419,0.049363,0.008523,-0.050695,0.998678,0,0.20503,-0.46502,0.754,0.005,-1,685.346,830.343,507.994,-1,502.094,459.255,599.003,472.331,-1,654.392,635.089,936.893,-1,790.235,-1,-1,2,0,1,0,2,0,0,0,0,2,0,0,0,2,0,2,2
383,3355.765,46.255,528.750,-25.744,0.900664,0.434459,0.007034,-0.434309,0.899617,0.045427,0.013408,-0.043969,0.998943,0,0.20503,-0.46502,0.974,-0.003,-1,705.100,830.499,513.670,-1,512.633,467.204,616.102,464.041,-1,642.474,620.093,896.779,-1,805.956,-1,-1,2,0,1,0,2,0,0,0,0,2,0,0,0,2,0,2,2
384,3356.302,45.203,528.309,-25.755,0.900499,0.434857,-0.000730,-0.434442,0.899712,0.042165,0.018992,-0.037652,0.999110,0,0.20503,-0.46502,1.181,-0.011,-1,723.419,830.614,518.029,-1,521.695,473.715,628.839,453.783,-1,624.150,599.567,853.030,-1,820.217,-1,-1,2,0,1,0,2,0,0,0,0,2,0,0,0,2,0,2,2
385,3357.059,44.009,526.720,-25.765,0.900289,0.435200,-0.008955,-0.434536,0.899747,0.040411,0.025644,-0.032490,0.999143,0,0.20503,-0.46502,1.414,-0.010,-1,741.044,830.652,522.295,-1,530.083,479.778,636.801,443.011,-1,598.802,572.661,812.791,-1,838.204,-1,-1,2,0,1,0,2,0,0,0,0,2,0,0,0,2,0,2,2
386,3358.005,42.877,524.515,-25.788,0.899977,0.435694,-0.014586,-0.434831,0.899571,0.041156,0.031052,-0.030697,0.999046,0,0.20503,-0.46502,1.474,-0.023,-1,750.895,830.360,525.249,-1,534.459,483.070,636.080,435.828,-1,575.442,549.382,783.510,-1,857.208,-1,-1,2,0,1,0,2,0,0,0,0,2,0,0,0,2,0,2,2
387,3359.097,42.011,522.230,-25.820,0.899686,0.436272,-0.015266,-0.435311,0.899228,0.043521,0.032715,-0.032509,0.998936,0,0.20503,-0.46502,1.394,-0.032,-1,746.364,829.397,523.544,-1,531.480,480.629,627.050,433.396,-1,562.524,538.420,775.731,-1,858.720,-1,-1,2,0,1,0,2,0,0,0,0,2,0,0,0,2,0,2,2
388,3360.304,41.444,520.149,-25.854,0.899502,0.436791,-0.010521,-0.435888,0.898773,0.046991,0.029981,-0.037682,0.998840,0,0.20503,-0.46502,1.334,-0.034,-1,727.209,827.663,516.567,-1,520.755,472.030,610.780,435.953,-1,563.543,541.450,791.372,-1,836.731,-1,-1,2,0,1,0,2,0,0,0,0,2,0,0,0,2,0,2,2
389,3361.639,41.124,518.391,-25.885,0.899423,0.437076,-0.001329,-0.436442,0.898273,0.051228,0.023585,-0.045495,0.998686,0,0.20503,-0.46502,1.372,-0.031,-1,697.622,825.272,506.091,-1,504.365,458.938,587.466,442.993,-1,577.516,557.370,828.185,-1,806.830,-1,-1,2,0,1,0,2,0,0,0,0,2,0,0,0,2,0,2,2
390,3363.123,40.913,516.950,-25.923,0.899283,0.437241,0.010487,-0.437105,0.897656,0.056149,0.015137,-0.055078,0.998367,0,0.20503,-0.46502,1.499,-0.038,-1,663.007,822.515,494.066,-1,485.701,444.018,561.941,453.630,-1,598.974,582.464,883.558,-1,774.186,-1,-1,2,0,1,0,2,0,0,0,0,2,0,0,0,2,0,2,2
391,3364.792,40.675,515.762,-25.972,0.898991,0.437367,0.022903,-0.437921,0.896916,0.061369,0.006299,-0.065200,0.997852,0,0.20503,-0.46502,1.686,-0.049,-1,628.533,819.627,482.381,-1,467.748,429.661,537.301,466.428,1002.904,624.286,611.833,955.103,-1,743.406,-1,-1,2,0,1,0,2,0,0,0,0,0,0,0,0,2,0,2,2
392,3366.686,40.285,515.096,-26.034,0.898530,0.437656,0.033178,-0.438911,0.896095,0.066117,-0.000794,-0.073970,0.997260,0,0.20503,-0.46502,1.934,-0.063,-1,603.486,816.833,473.835,-1,454.066,419.614,518.115,479.236,996.013,647.375,638.659,-1,-1,722.362,-1,-1,2,0,1,0,2,0,0,0,0,0,0,0,2,2,0,2,2
393,3368.696,39.738,515.192,-26.097,0.898041,0.438111,0.039753,-0.439881,0.895367,0.069451,-0.005166,-0.079857,0.996793,0,-0.11228,-0.48879,2.082,-0.062,-1,589.285,814.294,469.571,-1,446.505,414.326,507.326,489.664,993.266,665.216,659.461,-1,-1,712.059,-1,-1,2,0,1,0,2,0,0,0,0,0,0,0,2,2,0,2,2
394,3370.549,39.137,515.974,-26.153,0.897592,0.438695,0.043310,-0.440762,0.894815,0.070953,-0.007628,-0.082776,0.996539,0,-0.11228,-0.48879,1.948,-0.057,-1,583.293,812.157,468.197,-1,443.572,412.472,504.145,496.904,998.716,679.604,674.984,-1,-1,708.458,-1,-1,2,0,1,0,2,0,0,0,0,0,0,0,2,2,0,2,2
395,3372.223,38.466,517.215,-26.201,0.897216,0.439350,0.044451,-0.441509,0.894448,0.070939,-0.008592,-0.083273,0.996490,0,-0.11228,-0.48879,1.804,-0.048,-1,583.369,810.362,468.873,-1,444.060,413.106,506.701,501.088,-1,691.157,685.932,-1,-1,709.577,-1,-1,2,0,1,0,2,0,0,0,0,2,0,0,2,2,0,2,2
396,3373.697,37.755,518.612,-26.240,0.896914,0.440001,0.044105,-0.442120,0.894231,0.069865,-0.008699,-0.082162,0.996581,0,-0.11228,-0.48879,1.636,-0.039,-1,586.793,808.849,470.427,-1,446.340,414.947,512.656,502.774,-1,699.993,693.553,-1,-1,712.683,-1,-1,2,0,1,0,2,0,0,0,0,2,0,0,2,2,0,2,2
397,3374.967,37.052,519.878,-26.272,0.896674,0.440590,0.043089,-0.442611,0.894113,0.068241,-0.008460,-0.080261,0.996738,0,-0.11228,-0.48879,1.452,-0.031,-1,591.234,807.568,471.920,-1,449.019,416.927,519.769,502.676,-1,706.743,698.847,-1,-1,715.667,-1,-1,2,0,1,0,2,0,0,0,0,2,0,0,2,2,0,2,2
398,3376.043,36.387,520.802,-26.299,0.896468,0.441119,0.041943,-0.443034,0.894029,0.066585,-0.008127,-0.078273,0.996899,0,-0.11228,-0.48879,1.265,-0.027,-1,595.138,806.490,472.882,-1,451.215,418.421,526.190,501.529,-1,711.379,702.149,-1,-1,717.580,-1,-1,2,0,1,0,2,0,0,0,0,2,0,0,2,2,0,2,2
399,3376.941,35.785,521.265,-26.323,0.896284,0.441585,0.040945,-0.443411,0.893939,0.065265,-0.007782,-0.076651,0.997028,0,-0.11228,-0.48879,1.081,-0.024,-1,597.708,805.592,473.162,-1,452.510,419.165,530.735,499.858,-1,713.637,703.449,-1,-1,718.209,-1,-1,2,0,1,0,2,0,0,0,0,2,0,0,2,2,0,2,2
400,3377.682,35.266,521.246,-26.344,0.896125,0.441985,0.040126,-0.443741,0.893835,0.064443,-0.007383,-0.075554,0.997114,0,-0.11228,-0.48879,0.905,-0.021,-1,598.872,804.860,472.864,-1,452.906,419.250,533.014,497.915,-1,713.212,702.551,-1,-1,717.868,-1,-1,2,0,1,0,2,0,0,0,0,2,0,0,2,2,0,2,2
401,3378.282,34.835,520.809,-26.361,0.895990,0.442327,0.039361,-0.444023,0.893720,0.064100,-0.006824,-0.074910,0.997167,0,-0.11228,-0.48879,0.738,-0.018,-1,599.065,804.292,472.234,-1,452.690,418.845,533.325,495.741,-1,709.967,699.295,-1,-1,717.138,-1,-1,2,0,1,0,2,0,0,0,0,2,0,0,2,2,0,2,2
402,3378.749,34.487,520.076,-26.376,0.895881,0.442627,0.038456,-0.444254,0.893606,0.064079,-0.006002,-0.074492,0.997204,0,-0.11228,-0.48879,0.582,-0.015,-1,598.977,803.894,471.561,-1,452.281,418.288,532.425,493.242,-1,704.071,693.721,-1,-1,716.622,-1,-1,2,0,1,0,2,0,0,0,0,2,0,0,2,2,0,2,2
403,3379.086,34.211,519.190,-26.387,0.895800,0.442896,0.037231,-0.444432,0.893512,0.064155,-0.004852,-0.074016,0.997245,0,-0.11228,-0.48879,0.436,-0.011,-1,599.309,803.672,471.091,-1,452.095,417.914,531.244,490.288,-1,696.013,686.133,-1,-1,716.780,-1,-1,2,0,1,0,2,0,0,0,0,2,0,0,2,2,0,2,2
404,3379.294,34.000,518.291,-26.395,0.895747,0.443138,0.035580,-0.444551,0.893457,0.064101,-0.003383,-0.073235,0.997309,0,-0.11228,-0.48879,0.296,-0.007,-1,600.586,803.628,470.981,-1,452.435,417.957,530.623,486.796,-1,686.637,677.100,-1,806.520,717.832,-1,-1,2,0,1,0,2,0,0,0,0,2,0,0,2,1,0,2,2
405,3379.370,33.850,517.491,-26.398,0.895724,0.443346,0.033507,-0.444607,0.893454,0.063760,-0.001669,-0.072009,0.997403,0,-0.11228,-0.48879,0.168,-0.003,-1,603.050,803.756,471.280,-1,453.443,418.518,531.119,482.804,-1,677.293,667.360,-1,806.300,719.763,-1,-1,2,0,1,0,2,0,0,0,0,2,0,0,2,1,0,2,2
406,3379.309,33.761,516.862,-26.397,0.895734,0.443499,0.031132,-0.444590,0.893510,0.063091,0.000164,-0.070354,0.997522,0,-0.11228,-0.48879,0.107,0.001,-1,606.765,804.044,471.961,-1,455.087,419.578,532.888,478.527,-1,668.231,657.386,-1,806.239,722.399,-1,-1,2,0,1,0,2,0,0,0,0,2,0,0,2,1,0,2,2
407,3379.110,33.740,516.435,-26.391,0.895779,0.443574,0.028669,-0.444495,0.893622,0.062164,0.001955,-0.068428,0.997654,0,-0.11302,-0.60280,0.201,0.006,-1,611.289,804.474,472.925,-1,457.181,421.002,535.702,474.314,-1,660.136,648.100,-1,806.352,725.434,-1,-1,2,0,1,0,2,0,0,0,0,2,0,0,2,1,0,2,2
408,3378.781,33.812,516.208,-26.382,0.895844,0.443584,0.026398,-0.444355,0.893760,0.061168,0.003540,-0.066527,0.997778,0,-0.11302,-0.60280,0.337,0.009,-1,615.972,805.023,474.059,-1,459.433,422.595,538.970,470.649,-1,653.509,640.630,989.454,806.642,728.573,-1,-1,2,0,1,0,2,0,0,0,0,2,0,0,0,1,0,2,2
409,3378.328,34.008,516.178,-26.369,0.895940,0.443481,0.024830,-0.444152,0.893911,0.060429,0.004604,-0.065169,0.997864,0,-0.11302,-0.60280,0.494,0.013,-1,619.671,805.638,475.142,-1,461.310,423.992,541.620,468.364,-1,649.296,635.907,978.138,807.130,731.229,-1,-1,2,0,1,0,2,0,0,0,0,2,0,0,0,1,0,2,2
410,3377.759,34.361,516.338,-26.352,0.896071,0.443245,0.024310,-0.443885,0.894069,0.060060,0.004887,-0.064609,0.997899,0,-0.11302,-0.60280,0.670,0.017,-1,621.524,806.283,475.892,-1,462.375,424.845,543.065,467.822,-1,648.285,634.673,974.776,807.827,732.641,-1,-1,2,0,1,0,2,0,0,0,0,2,0,0,0,1,0,2,2
411,3377.087,34.860,516.616,-26.331,0.896235,0.442900,0.024542,-0.443555,0.894236,0.060005,0.004630,-0.064665,0.997896,0,-0.11302,-0.60280,0.836,0.021,-1,622.022,806.974,476.434,-1,462.858,425.318,543.499,468.560,-1,649.372,635.770,976.866,-1,733.249,-1,-1,2,0,1,0,2,0,0,0,0,2,0,0,0,2,0,2,2
412,3376.317,35.485,516.945,-26.306,0.896432,0.442459,0.025302,-0.443164,0.894415,0.060231,0.004019,-0.065206,0.997864,0,-0.11302,-0.60280,0.992,0.025,-1,621.518,807.728,476.842,-1,462.912,425.516,543.024,470.212,-1,651.670,638.277,982.809,-1,733.357,-1,-1,2,0,1,0,2,0,0,0,0,2,0,0,0,2,0,2,2
413,3375.448,36.229,517.277,-26.277,0.896663,0.441917,0.026571,-0.442704,0.894609,0.060731,0.003068,-0.066219,0.997800,0,-0.11302,-0.60280,1.144,0.029,-1,619.935,808.547,477.034,-1,462.466,425.361,541.550,472.646,-1,654.965,641.989,993.850,-1,732.813,-1,-1,2,0,1,0,2,0,0,0,0,2,0,0,0,2,0,2,2
414,3374.482,37.087,517.579,-26.243,0.896929,0.441270,0.028268,-0.442171,0.894823,0.061457,0.001824,-0.067622,0.997709,0,-0.11302,-0.60280,1.292,0.034,-1,617.372,809.435,476.976,-1,461.541,424.842,539.164,475.662,-1,658.995,646.928,-1,-1,731.573,-1,-1,2,0,1,0,2,0,0,0,0,2,0,0,2,2,0,2,2
415,3373.424,38.042,517.843,-26.204,0.897229,0.440537,0.030115,-0.441565,0.895065,0.062288,0.000485,-0.069184,0.997604,0,-0.11302,-0.60280,1.426,0.039,-1,614.516,810.413,476.834,-1,460.444,424.191,536.345,478.873,-1,663.093,652.037,-1,-1,730.098,-1,-1,2,0,1,0,2,0,0,0,0,2,0,0,2,2,0,2,2
416,3372.271,39.077,518.064,-26.160,0.897563,0.439732,0.031884,-0.440885,0.895344,0.063086,-0.000806,-0.070681,0.997499,0,-0.11302,-0.60280,1.549,0.043,-1,611.980,811.501,476.701,-1,459.403,423.560,533.540,481.895,-1,666.759,656.551,-1,-1,728.644,-1,-1,2,0,1,0,2,0,0,0,0,2,0,0,2,2,0,2,2
417,3371.027,40.170,518.240,-26.112,0.897935,0.438863,0.033355,-0.440125,0.895669,0.063780,-0.001884,-0.071950,0.997406,0,-0.11302,-0.60280,1.657,0.048,-1,610.062,812.711,476.744,-1,458.678,423.255,531.081,484.456,-1,669.397,659.786,-1,-1,727.664,-1,-1,2,0,1,0,2,0,0,0,0,2,0,0,2,2,0,2,2
418,3369.897,41.090,518.377,-26.069,0.898266,0.438147,0.033852,-0.439449,0.895919,0.064917,-0.001885,-0.073189,0.997316,0,0.38114,-0.48997,1.456,0.043,-1,610.321,813.903,478.204,-1,459.342,424.225,528.760,486.968,-1,667.930,659.004,-1,-1,730.718,-1,-1,2,0,1,0,2,0,0,0,0,2,0,0,2,2,0,2,2
419,3369.192,41.609,518.439,-26.043,0.898463,0.437823,0.032805,-0.439050,0.896002,0.066447,-0.000301,-0.074103,0.997250,0,0.38114,-0.48997,0.875,0.025,-1,613.795,814.818,481.490,-1,461.963,426.937,527.191,488.881,-1,660.838,652.562,-1,-1,739.206,-1,-1,2,0,1,0,2,0,0,0,0,2,0,0,2,2,0,2,2
420,3368.851,41.781,518.385,-26.033,0.898539,0.437807,0.030853,-0.438889,0.896006,0.067456,0.001889,-0.074153,0.997245,0,0.38114,-0.48997,0.382,0.010,-1,618.692,815.425,484.857,-1,465.181,430.096,527.152,489.031,999.832,651.924,643.622,-1,-1,748.388,-1,-1,2,0,1,0,2,0,0,0,0,0,0,0,2,2,0,2,2
421,3368.824,41.644,518.198,-26.039,0.898489,0.438066,0.028551,-0.438977,0.895960,0.067487,0.003983,-0.073169,0.997312,0,0.38114,-0.48997,0.139,-0.006,-1,623.559,815.707,487.142,-1,467.977,432.538,528.820,487.000,992.733,643.791,634.760,-1,-1,755.400,-1,-1,2,0,1,0,2,0,0,0,0,0,0,0,2,2,0,2,2
422,3369.106,41.205,517.895,-26.056,0.898354,0.438494,0.026158,-0.439235,0.895900,0.066604,0.005770,-0.071324,0.997437,0,0.38114,-0.48997,0.522,-0.017,-1,628.057,815.625,488.139,-1,470.065,434.027,531.896,483.148,991.441,637.154,627.385,1001.740,-1,759.047,-1,-1,2,0,1,0,2,0,0,0,0,0,0,0,0,2,0,2,2
423,3369.678,40.522,517.526,-26.077,0.898177,0.438996,0.023683,-0.439574,0.895856,0.064926,0.007286,-0.068726,0.997609,0,0.38114,-0.48997,0.891,-0.022,-1,632.291,815.196,488.085,-1,471.629,434.773,536.331,477.859,995.338,631.922,621.041,978.362,-1,759.903,-1,-1,2,0,1,0,2,0,0,0,0,0,0,0,0,2,0,2,2
424,3370.543,39.607,517.153,-26.108,0.897931,0.439635,0.021027,-0.440049,0.895768,0.062899,0.008817,-0.065731,0.997798,0,0.38114,-0.48997,1.259,-0.031,-1,636.756,814.458,487.708,-1,473.145,435.362,541.679,471.963,1001.584,627.180,614.992,958.436,-1,760.033,-1,-1,2,0,1,0,2,0,0,0,0,0,0,0,0,2,0,2,2
425,3371.720,38.494,516.889,-26.146,0.897626,0.440366,0.018582,-0.440638,0.895603,0.061092,0.010261,-0.063025,0.997959,0,0.38114,-0.48997,1.620,-0.038,-1,640.977,813.368,487.412,-1,474.585,435.987,546.882,466.906,1007.949,623.503,610.129,941.361,-1,760.514,-1,-1,2,0,1,0,2,0,0,0,0,0,0,0,0,2,0,2,2
426,3373.239,37.248,516.846,-26.194,0.897251,0.441194,0.017014,-0.441379,0.895316,0.059955,0.011219,-0.061304,0.998056,0,0.38114,-0.48997,1.965,-0.048,-1,643.707,811.854,487.161,-1,475.469,436.409,550.771,464.060,-1,622.502,608.315,931.831,-1,761.088,-1,-1,2,0,1,0,2,0,0,0,0,2,0,0,0,2,0,2,2
427,3375.121,35.889,517.026,-26.251,0.896803,0.442124,0.016437,-0.442277,0.894898,0.059575,0.011630,-0.060697,0.998088,0,0.38114,-0.48997,2.321,-0.057,-1,644.653,809.889,486.926,-1,475.684,436.560,553.031,463.595,-1,624.344,609.801,930.301,-1,761.673,-1,-1,2,0,1,0,2,0,0,0,0,2,0,0,0,2,0,2,2
428,3377.342,34.405,517.362,-26.319,0.896280,0.443172,0.016770,-0.443340,0.894355,0.059821,0.011513,-0.061051,0.998068,0,0.38114,-0.48997,2.671,-0.068,-1,643.779,807.501,486.527,-1,475.140,436.301,553.728,465.075,-1,628.745,614.212,935.683,-1,761.818,-1,-1,2,0,1,0,2,0,0,0,0,2,0,0,0,2,0,2,2
429,3379.890,32.765,517.750,-26.397,0.895684,0.444339,0.017707,-0.444555,0.893711,0.060428,0.011026,-0.061996,0.998015,0,0.38114,-0.48997,3.031,-0.078,-1,641.503,804.720,485.816,-1,473.929,435.594,553.391,467.655,-1,634.891,620.577,945.486,804.875,761.231,-1,-1,2,0,1,0,2,0,0,0,0,2,0,0,0,1,0,2,2
430,3382.738,30.944,518.083,-26.483,0.895020,0.445625,0.018912,-0.445907,0.892994,0.061066,0.010324,-0.063089,0.997955,0,0.38114,-0.48997,3.381,-0.086,-1,638.277,801.595,484.597,-1,472.137,434.374,552.647,470.349,-1,641.965,627.906,956.929,801.313,759.465,-1,-1,2,0,1,0,2,0,0,0,0,2,0,0,0,1,0,2,2
431,3385.881,28.899,518.279,-26.580,0.894271,0.447073,0.020113,-0.447421,0.892194,0.061677,0.009629,-0.064155,0.997894,0,0.38114,-0.48997,3.749,-0.097,-1,634.543,798.157,482.945,-1,469.963,432.758,551.665,472.680,-1,648.954,635.131,968.015,797.372,756.883,-1,-1,2,0,1,0,2,0,0,0,0,2,0,0,0,1,0,2,2
432,3389.321,26.610,518.292,-26.685,0.893450,0.448662,0.021206,-0.449071,0.891317,0.062362,0.009078,-0.065240,0.997828,0,0.38114,-0.48997,4.132,-0.106,-1,630.482,794.413,480.994,-1,467.505,430.860,550.247,474.619,-1,655.164,641.605,978.075,793.045,753.983,-1,-1,2,0,1,0,2,0,0,0,0,2,0,0,0,1,0,2,2
433,3393.035,24.107,518.105,-26.798,0.892572,0.450355,0.022256,-0.450823,0.890384,0.063053,0.008580,-0.066313,0.997762,0,0.38114,-0.48997,4.479,-0.112,-1,625.883,790.371,478.616,-1,464.611,428.529,548.394,476.067,-1,660.826,647.537,987.486,788.373,750.266,-1,-1,2,0,1,0,2,0,0,0,0,2,0,0,0,1,0,2,2
434,3396.940,21.477,517.796,-26.918,0.891633,0.452147,0.023540,-0.452696,0.889437,0.063000,0.007548,-0.066829,0.997736,0,0.38114,-0.48997,4.708,-0.120,-1,620.018,786.083,474.891,-1,460.673,425.022,547.313,476.225,-1,668.478,655.120,996.844,783.478,742.688,-1,-1,2,0,1,0,2,0,0,0,0,2,0,0,0,1,0,2,2
435,3401.027,18.692,517.459,-27.042,0.890657,0.453980,0.025149,-0.454636,0.888485,0.062449,0.006006,-0.067054,0.997731,0,0.38114,-0.48997,4.945,-0.124,-1,613.038,781.536,470.082,-1,455.899,420.627,546.758,475.770,-1,678.350,664.707,1007.600,778.370,732.282,-1,-1,2,0,1,0,2,0,0,0,0,2,0,0,0,1,0,2,2
436,3405.340,15.741,517.144,-27.172,0.889635,0.455878,0.026937,-0.456653,0.887501,0.061725,0.004232,-0.067214,0.997730,0,0.38114,-0.48997,5.226,-0.130,-1,605.590,776.714,464.862,-1,450.787,415.893,546.477,475.250,-1,689.656,675.770,-1,772.992,720.913,-1,-1,2,0,1,0,2,0,0,0,0,2,0,0,2,1,0,2,2
437,3409.914,12.617,516.875,-27.309,0.888544,0.457889,0.028762,-0.458784,0.886443,0.061120,0.002491,-0.067503,0.997716,0,0.38114,-0.48997,5.539,-0.137,-1,598.189,771.621,459.777,-1,445.729,411.259,546.130,475.075,-1,701.498,687.677,-1,767.297,710.087,-1,-1,2,0,1,0,2,0,0,0,0,2,0,0,2,1,0,2,2
438,3414.729,9.286,516.698,-27.466,0.887287,0.460205,0.030557,-0.461217,0.885184,0.061063,0.001053,-0.068274,0.997666,0,0.38114,-0.48997,5.855,-0.157,-1,591.208,766.331,455.485,-1,441.076,407.188,545.204,475.959,-1,712.943,699.405,-1,761.260,701.463,-1,-1,2,0,1,0,2,0,0,0,0,2,0,0,2,1,0,2,2
439,3419.826,5.707,516.668,-27.646,0.885831,0.462912,0.031883,-0.464008,0.883686,0.061606,0.000344,-0.069366,0.997591,0,0.38114,-0.48997,6.228,-0.180,-1,585.809,760.858,452.637,-1,437.529,404.131,544.234,477.809,-1,722.563,709.409,-1,754.807,696.676,-1,-1,2,0,1,0,2,0,0,0,0,2,0,0,2,1,0,2,2
440,3425.275,1.902,516.762,-27.835,0.884295,0.465787,0.032633,-0.466928,0.882076,0.062606,0.000376,-0.070599,0.997505,0,0.38114,-0.48997,6.646,-0.189,-1,582.184,755.095,451.070,-1,435.169,402.015,543.498,480.316,-1,730.128,717.374,-1,747.912,695.528,-1,-1,2,0,1,0,2,0,0,0,0,2,0,0,2,1,0,2,2
441,3431.030,-2.083,516.953,-28.027,0.882725,0.468728,0.033038,-0.469890,0.880426,0.063670,0.000756,-0.071727,0.997424,0,0.38114,-0.48997,7.000,-0.192,-1,579.594,749.037,449.638,-1,433.451,400.422,542.675,482.966,-1,737.072,724.645,-1,740.661,696.003,-1,-1,2,0,1,0,2,0,0,0,0,2,0,0,2,1,0,2,2
442,3437.042,-6.224,517.232,-28.218,0.881157,0.471639,0.033440,-0.472822,0.878779,0.064709,0.001133,-0.072830,0.997344,0,0.38114,-0.48997,7.300,-0.190,-1,576.859,742.678,448.258,-1,431.818,398.922,541.789,485.097,-1,744.665,732.566,-1,733.131,696.761,-1,-1,2,0,1,0,2,0,0,0,0,2,0,0,2,1,0,2,2
443,3443.343,-10.496,517.580,-28.400,0.879651,0.474420,0.033773,-0.475617,0.877183,0.065859,0.001620,-0.073996,0.997257,0,0.38114,-0.48997,7.612,-0.182,-1,574.215,735.979,447.106,-1,430.461,397.771,541.015,487.082,-1,752.305,740.576,-1,725.310,698.404,-1,-1,2,0,1,0,2,0,0,0,0,2,0,0,2,1,0,2,2
444,3449.936,-14.878,517.940,-28.563,0.878286,0.476921,0.034065,-0.478131,0.875748,0.066758,0.002006,-0.074921,0.997187,0,0.38114,-0.48997,7.917,-0.164,-1,571.679,728.888,445.932,-1,429.106,396.722,540.841,488.768,-1,760.672,749.225,-1,717.218,699.977,-1,-1,2,0,1,0,2,0,0,0,0,2,0,0,2,1,0,2,2
445,3456.627,-19.377,518.273,-28.733,0.876865,0.479465,0.034937,-0.480733,0.874270,0.067436,0.001788,-0.075927,0.997112,0,0.29081,-0.92703,8.063,-0.170,-1,567.873,721.613,443.971,-1,426.756,394.782,540.595,490.720,-1,771.645,760.580,-1,709.017,699.457,-1,-1,2,0,1,0,2,0,0,0,0,2,0,0,2,1,0,2,2
446,3463.209,-23.904,518.584,-28.929,0.875223,0.482308,0.036926,-0.483719,0.872638,0.067217,0.000196,-0.076692,0.997055,0,0.29081,-0.92703,7.988,-0.195,-1,561.025,714.380,439.727,-1,422.334,390.901,540.639,492.223,-1,789.174,778.043,-1,700.922,691.722,-1,-1,2,0,1,0,2,0,0,0,0,2,0,0,2,1,0,2,2
447,3469.774,-28.494,518.868,-29.139,0.873435,0.485324,0.039643,-0.486936,0.870875,0.066853,-0.002079,-0.077695,0.996975,0,0.29081,-0.92703,8.010,-0.211,-1,552.359,707.123,434.487,-1,416.806,386.085,539.902,493.931,-1,810.414,798.539,-1,692.837,681.014,-1,-1,2,0,1,0,2,0,0,0,0,2,0,0,2,1,0,2,2
448,3476.242,-33.320,519.170,-29.412,0.871106,0.489203,0.043065,-0.491075,0.868498,0.067501,-0.004380,-0.079948,0.996789,0,0.29081,-0.92703,8.070,-0.272,-1,542.316,700.102,429.622,-1,410.718,381.215,536.363,497.398,-1,832.458,820.238,-1,684.720,671.707,-1,-1,2,0,1,0,2,0,0,0,0,2,0,0,2,1,0,2,2
449,3482.740,-38.360,519.528,-29.722,0.868427,0.493655,0.046261,-0.495781,0.865716,0.068827,-0.006072,-0.082706,0.996555,0,0.29081,-0.92703,8.224,-0.310,-1,533.137,693.206,425.850,-1,405.269,377.139,532.030,501.742,-1,852.466,840.410,-1,676.476,665.891,-1,-1,2,0,1,0,2,0,0,0,0,2,0,0,2,1,0,2,2
450,3489.302,-43.600,519.967,-30.052,0.865550,0.498443,0.048768,-0.500774,0.862711,0.070398,-0.006983,-0.085355,0.996326,0,0.29081,-0.92703,8.397,-0.330,-1,525.758,686.373,423.224,-1,400.906,374.071,528.317,506.143,-1,869.532,858.499,-1,668.100,663.599,-1,-1,2,0,1,0,2,0,0,0,0,2,0,0,2,1,0,2,2
451,3495.959,-48.935,520.507,-30.373,0.862731,0.503146,0.050398,-0.505610,0.859796,0.071477,-0.007369,-0.087147,0.996168,0,0.29081,-0.92703,8.531,-0.321,-1,520.421,679.474,421.185,-1,397.616,371.740,526.810,509.532,-1,884.837,874.433,-1,659.630,662.963,-1,-1,2,0,1,0,2,0,0,0,0,2,0,0,2,1,0,2,2
452,3502.659,-54.317,521.191,-30.674,0.860057,0.507621,0.051226,-0.510145,0.857081,0.071866,-0.007424,-0.087942,0.996098,0,0.29081,-0.92703,8.594,-0.302,-1,516.957,672.516,419.512,-1,395.289,370.000,528.138,511.625,-1,898.885,888.928,-1,651.142,663.184,-1,-1,2,0,1,0,2,0,0,0,0,2,0,0,2,1,0,2,2
453,3509.444,-59.816,521.957,-30.967,0.857443,0.512009,0.051360,-0.514533,0.854412,0.072361,-0.006833,-0.088471,0.996055,0,0.29081,-0.92703,8.733,-0.293,-1,515.216,665.489,418.804,-1,394.016,368.740,530.317,513.523,-1,909.713,900.147,-1,642.562,667.389,-1,-1,2,0,1,0,2,0,0,0,0,2,0,0,2,1,0,2,2
454,3516.381,-65.397,522.698,-31.241,0.854981,0.516146,0.051000,-0.518629,0.851843,0.073395,-0.005562,-0.089201,0.995998,0,0.29081,-0.92703,8.903,-0.274,-1,514.772,658.282,419.119,-1,393.612,368.076,532.082,515.764,-1,916.972,907.861,-1,633.844,676.061,-1,-1,2,0,1,0,2,0,0,0,0,2,0,0,2,1,0,2,2
455,3523.487,-71.050,523.293,-31.502,0.852615,0.520092,0.050528,-0.522525,0.849336,0.074806,-0.004010,-0.090183,0.995917,0,0.29081,-0.92703,9.080,-0.261,-1,514.426,650.858,419.070,-1,393.214,367.511,532.945,518.136,-1,922.213,913.660,-1,624.979,686.055,-1,-1,2,0,1,0,2,0,0,0,0,2,0,0,2,1,0,2,2
456,3530.674,-76.821,523.628,-31.773,0.850136,0.524151,0.050353,-0.526558,0.846696,0.076434,-0.002571,-0.091493,0.995802,0,0.29081,-0.92703,9.218,-0.271,-1,512.831,643.347,418.415,-1,392.024,366.324,532.378,520.442,-1,927.044,919.218,-1,616.033,694.607,-1,-1,2,0,1,0,2,0,0,0,0,2,0,0,2,1,0,2,2
457,3537.862,-82.713,523.684,-32.059,0.847504,0.528355,0.050774,-0.530786,0.843924,0.077831,-0.001727,-0.092912,0.995673,0,0.29081,-0.92703,9.294,-0.285,-1,508.977,635.794,416.362,-1,389.391,363.897,529.988,522.221,-1,933.850,926.837,-1,607.086,698.532,-1,-1,2,0,1,0,2,0,0,0,0,2,0,0,2,1,0,2,2
458,3545.031,-88.772,523.552,-32.367,0.844635,0.532849,0.051616,-0.535341,0.840930,0.079032,-0.001293,-0.094385,0.995535,0,0.29081,-0.92703,9.386,-0.308,-1,503.639,628.269,413.320,-1,385.683,360.556,527.080,523.579,-1,942.197,936.056,-1,598.136,699.250,-1,-1,2,0,1,0,2,0,0,0,0,2,0,0,2,1,0,2,2
459,3552.089,-94.944,523.417,-32.696,0.841543,0.537610,0.052722,-0.540187,0.837793,0.079379,-0.001495,-0.095280,0.995449,0,0.29081,-0.92703,9.376,-0.329,-1,497.168,620.870,409.689,-1,381.107,356.334,525.507,524.168,-1,954.121,948.622,-1,589.293,695.858,-1,-1,2,0,1,0,2,0,0,0,0,2,0,0,2,1,0,2,2
460,3558.984,-101.329,523.414,-33.067,0.838035,0.542949,0.053895,-0.545614,0.834269,0.079374,-0.001867,-0.095924,0.995387,0,0.29081,-0.92703,9.397,-0.370,-1,490.459,613.757,405.894,-1,376.351,351.958,523.926,524.534,-1,967.904,962.978,-1,580.574,691.142,-1,-1,2,0,1,0,2,0,0,0,0,2,0,0,2,1,0,2,2
461,3565.914,-107.898,523.535,-33.446,0.834407,0.548476,0.054207,-0.551146,0.830641,0.079207,-0.001583,-0.095966,0.995383,0,0.29081,-0.92703,9.549,-0.379,-1,485.649,606.707,402.998,-1,372.731,348.833,523.934,524.188,-1,979.253,974.537,-1,571.800,690.008,583.966,-1,2,0,1,0,2,0,0,0,0,2,0,0,2,1,0,1,2
462,3572.836,-114.673,523.783,-33.838,0.830613,0.554259,0.053656,-0.556850,0.826786,0.079642,-0.000220,-0.096030,0.995378,0,0.26775,-0.84538,9.686,-0.393,-1,483.010,599.808,401.896,-1,370.577,347.219,524.332,524.197,-1,985.641,981.046,-1,563.015,697.445,574.454,-1,2,0,1,0,2,0,0,0,0,2,0,0,2,1,0,1,2
463,3579.800,-121.529,524.173,-34.230,0.826784,0.560100,0.052110,-0.562514,0.822839,0.080708,0.002326,-0.096041,0.995375,0,0.26775,-0.84538,9.772,-0.392,-1,483.005,592.997,402.793,-1,370.165,347.092,525.353,524.422,-1,986.473,981.843,-1,554.217,716.373,564.922,-1,2,0,1,0,2,0,0,0,0,2,0,0,2,1,0,1,2
464,3586.832,-128.343,524.694,-34.586,0.823267,0.565476,0.049684,-0.567632,0.819293,0.080944,0.005066,-0.094841,0.995480,0,0.26775,-0.84538,9.792,-0.356,-1,484.760,586.041,403.782,-1,370.570,346.902,529.678,522.504,-1,986.979,980.904,-1,545.416,738.716,555.459,-1,2,0,1,0,2,0,0,0,0,2,0,0,2,1,0,1,2
465,3593.741,-135.236,525.340,-34.943,0.819697,0.570841,0.047293,-0.572749,0.815766,0.080523,0.007386,-0.093091,0.995630,0,0.26775,-0.84538,9.760,-0.357,-1,486.402,579.179,404.168,-1,370.687,346.384,535.511,519.974,-1,990.272,982.645,-1,536.765,758.927,546.120,-1,2,0,1,0,2,0,0,0,0,2,0,0,2,1,0,1,2
466,3600.570,-142.219,526.040,-35.314,0.815964,0.576342,0.045096,-0.578027,0.812098,0.079884,0.009418,-0.091249,0.995784,0,0.26775,-0.84538,9.767,-0.370,545.779,488.546,572.418,404.167,-1,370.463,345.585,541.686,517.375,-1,995.369,986.293,-1,528.220,774.159,536.839,-1,1,0,1,0,2,0,0,0,0,2,0,0,2,1,0,1,2
467,3607.301,-149.257,526.806,-35.695,0.812084,0.581930,0.043319,-0.583435,0.808286,0.079229,0.011092,-0.089615,0.995915,0,0.26775,-0.84538,9.739,-0.381,535.464,489.702,565.754,403.869,-1,369.812,344.509,547.597,515.160,-1,1002.528,992.293,-1,519.804,787.981,527.641,-1,1,0,1,0,2,0,0,0,0,2,0,0,2,1,0,1,2
468,3613.986,-156.372,527.615,-36.086,0.808064,0.587604,0.041889,-0.588955,0.804273,0.079231,0.012867,-0.088695,0.995976,0,0.26775,-0.84538,9.762,-0.391,525.198,490.098,559.159,404.119,-1,369.187,343.679,552.120,514.020,-1,-1,998.155,-1,511.462,812.147,518.480,-1,1,0,1,0,2,0,0,0,0,2,2,0,2,1,0,1,2
469,3620.738,-163.564,528.411,-36.476,0.804012,0.593236,0.040441,-0.594409,0.800099,0.080739,0.015541,-0.088954,0.995915,0,0.26775,-0.84538,9.865,-0.389,514.926,491.534,552.538,406.208,-1,369.477,343.961,552.609,514.567,-1,-1,999.315,-1,503.091,849.872,509.276,-1,1,0,1,0,2,0,0,0,0,2,2,0,2,1,0,1,2
470,3627.607,-170.782,529.155,-36.850,0.800059,0.598670,0.038732,-0.599620,0.795941,0.083272,0.019024,-0.089847,0.995774,0,0.26775,-0.84538,9.964,-0.375,504.664,494.229,545.799,409.724,-1,370.663,345.748,551.547,515.984,-1,1004.793,996.348,-1,494.651,918.787,500.019,-1,1,0,1,0,2,0,0,0,0,2,0,0,2,1,0,1,2
471,3634.709,-177.956,529.782,-37.171,0.796627,0.603373,0.036416,-0.604037,0.792327,0.085779,0.022903,-0.090330,0.995648,0,0.26775,-0.84538,10.095,-0.320,494.475,498.516,538.622,414.305,-1,372.877,348.242,550.913,516.673,-1,997.125,991.076,-1,486.015,-1,490.683,-1,1,0,1,0,2,0,0,0,0,2,0,0,2,1,2,1,2
472,3641.861,-185.180,530.276,-37.481,0.793272,0.607908,0.034173,-0.608286,0.788811,0.088117,0.026611,-0.090688,0.995524,0,0.26775,-0.84538,10.166,-0.310,484.315,502.029,531.311,418.401,-1,375.444,350.639,550.173,516.904,-1,990.866,986.261,-1,477.347,-1,481.323,-1,1,1,1,0,2,0,0,0,0,2,0,0,2,1,2,1,2
473,3649.058,-192.496,530.653,-37.779,0.790016,0.612251,0.031999,-0.612339,0.785402,0.090464,0.030255,-0.091063,0.995385,0,0.31590,-1.00000,10.262,-0.298,474.181,492.610,523.851,423.007,-1,377.728,353.578,549.095,516.894,-1,984.885,981.411,-1,468.635,-1,471.932,-1,1,1,1,0,2,0,0,0,0,2,0,0,2,1,2,1,2
474,3656.190,-199.897,530.988,-38.093,0.786576,0.616750,0.030302,-0.616602,0.781857,0.092207,0.033177,-0.091212,0.995279,0,0.31590,-1.00000,10.278,-0.314,464.063,483.328,516.426,426.143,-1,378.813,355.349,548.246,516.539,-1,982.667,978.353,-1,459.989,-1,462.556,-1,1,1,1,0,2,0,0,0,0,2,0,0,2,1,2,1,2
475,3663.173,-207.399,531.446,-38.444,0.782725,0.621674,0.029379,-0.621360,0.777903,0.093695,0.035393,-0.091592,0.995167,0,0.31590,-1.00000,10.249,-0.351,453.959,474.289,509.214,428.456,-1,378.849,356.304,547.544,516.785,-1,984.610,979.774,-1,451.498,-1,453.234,-1,1,1,1,0,2,0,0,0,0,2,0,0,2,1,2,1,2
476,3670.226,-214.999,532.029,-38.785,0.778936,0.626465,0.028300,-0.625953,0.773982,0.095577,0.037972,-0.092162,0.995020,0,0.31590,-1.00000,10.369,-0.341,443.844,465.166,501.883,431.868,-1,379.671,358.078,547.042,517.560,-1,985.221,979.849,-1,442.944,-1,443.853,-1,1,1,1,0,2,0,0,0,0,2,0,0,2,1,2,1,2
477,3677.387,-222.658,532.704,-39.108,0.775312,0.631007,0.026857,-0.630264,0.770258,0.097310,0.040716,-0.092372,0.994892,0,0.31590,-1.00000,10.485,-0.323,433.723,455.915,494.354,436.216,-1,381.094,360.285,547.499,518.020,-1,982.793,979.514,-1,434.288,-1,434.400,-1,1,1,1,0,2,0,0,0,0,2,0,0,2,1,2,1,2
478,3684.427,-230.472,533.521,-39.463,0.771324,0.635920,0.025796,-0.634984,0.766180,0.098811,0.043072,-0.092596,0.994772,0,0.31590,-1.00000,10.518,-0.354,423.607,446.836,487.016,440.779,-1,382.534,362.280,548.202,518.680,-1,982.708,982.129,-1,425.756,-1,424.980,-1,1,1,1,0,2,0,0,0,0,2,0,0,2,1,2,1,2
479,3691.281,-238.480,534.449,-39.859,0.766838,0.641360,0.024847,-0.640238,0.761616,0.100181,0.045328,-0.092731,0.994659,0,0.31590,-1.00000,10.541,-0.396,413.531,437.997,480.040,446.120,-1,383.893,364.396,549.275,519.337,-1,983.821,985.910,-1,417.435,-1,415.646,-1,1,1,1,0,2,0,0,0,0,2,0,0,2,1,2,1,2
480,3698.065,-246.636,535.427,-40.269,0.762145,0.646989,0.023245,-0.645631,0.756907,0.101256,0.047917,-0.092180,0.994589,0,0.31590,-1.00000,10.609,-0.410,403.516,429.241,473.263,451.953,-1,385.864,366.924,550.757,519.081,-1,983.564,988.210,-1,409.232,-1,406.366,-1,1,1,1,0,2,0,0,0,0,2,0,0,2,1,2,1,2
481,3704.832,-254.911,536.448,-40.679,0.757365,0.652663,0.020744,-0.650963,0.752128,0.102719,0.051439,-0.091299,0.994494,0,0.31590,-1.00000,10.689,-0.411,393.573,420.509,466.641,459.866,-1,390.476,370.873,552.679,518.481,-1,978.309,986.055,-1,401.120,-1,397.132,-1,1,1,1,0,2,0,0,0,0,2,0,0,2,1,2,1,2
482,3711.520,-263.323,537.496,-41.097,0.752442,0.658418,0.017789,-0.656318,0.747221,0.104440,0.055473,-0.090261,0.994372,0,0.31590,-1.00000,10.746,-0.417,383.730,411.885,460.196,469.004,-1,396.522,376.584,554.975,517.697,-1,970.574,981.619,-1,393.139,-1,387.978,-1,1,1,1,0,2,0,0,0,0,2,0,0,2,1,2,1,2
483,3717.828,-271.932,538.565,-41.572,0.746779,0.664897,0.015285,-0.662380,0.741492,0.106967,0.059788,-0.090006,0.994145,0,0.31590,-1.00000,10.673,-0.476,374.096,403.771,454.456,479.293,-1,402.918,383.210,555.812,517.990,-1,961.577,973.210,-1,385.621,-1,379.102,-1,1,1,1,0,2,0,0,0,0,2,0,0,2,1,2,1,2
484,3723.744,-280.642,539.652,-42.101,0.740444,0.671985,0.013341,-0.669075,0.735060,0.109659,0.063883,-0.090123,0.993880,0,0.31590,-1.00000,10.529,-0.529,364.732,396.206,449.388,491.001,-1,409.367,390.246,555.913,518.766,-1,950.077,963.940,-1,378.583,-1,370.546,-1,1,1,1,0,2,0,0,0,0,2,0,0,2,1,2,1,2
485,3729.363,-289.473,540.670,-42.656,0.733741,0.679335,0.011340,-0.676030,0.728301,0.112081,0.067881,-0.089905,0.993634,0,0.31590,-1.00000,10.467,-0.554,355.645,389.039,444.795,501.729,-1,415.346,397.189,556.921,518.848,-1,936.507,954.548,-1,371.917,-1,362.270,-1,1,1,1,0,2,0,0,0,0,2,0,0,2,1,2,1,2
486,3734.732,-298.395,541.593,-43.235,0.726669,0.686931,0.008809,-0.683213,0.721275,0.113943,0.071918,-0.088817,0.993448,0,0.31590,-1.00000,10.413,-0.579,346.825,382.233,440.695,510.432,-1,421.173,403.769,559.577,517.461,-1,923.176,944.685,-1,365.614,-1,354.262,-1,1,1,1,0,2,0,0,0,0,2,0,0,2,1,2,1,2
487,3739.929,-307.396,542.459,-43.821,0.719412,0.694561,0.005694,-0.690399,0.714155,0.115466,0.076132,-0.086998,0.993295,0,0.31590,-1.00000,10.393,-0.587,338.251,375.689,436.935,518.854,-1,427.623,410.425,563.459,514.905,-1,908.235,933.713,-1,359.587,-1,346.472,-1,1,1,1,0,2,0,0,0,0,2,0,0,2,1,2,1,2
488,3744.845,-316.427,543.391,-44.431,0.711814,0.702362,0.002784,-0.697808,0.706737,0.116561,0.079900,-0.084913,0.993180,0,0.38471,-0.41756,10.282,-0.610,329.970,369.555,433.613,526.010,-1,429.383,416.360,567.965,512.056,-1,894.656,925.538,-1,353.924,-1,338.970,-1,1,1,1,0,2,1,0,0,0,2,0,0,2,1,2,1,2
489,3749.533,-325.588,544.393,-45.058,0.703903,0.710296,-0.000206,-0.705330,0.699017,0.117838,0.083844,-0.082801,0.993033,0,0.38471,-0.41756,10.291,-0.627,321.937,363.750,430.709,535.300,-1,424.268,423.263,572.427,509.282,-1,881.324,909.296,-1,348.578,-1,331.707,-1,1,1,1,0,2,1,0,0,0,2,0,0,2,1,2,1,2
490,3754.103,-334.866,545.425,-45.688,0.695838,0.718190,-0.003599,-0.712757,0.691173,0.119404,0.088242,-0.080521,0.992839,0,0.38471,-0.41756,10.342,-0.630,314.100,358.145,428.078,546.239,-1,419.331,431.963,576.790,506.353,-1,865.526,890.746,-1,343.449,-1,324.611,-1,1,1,1,0,2,1,0,0,0,2,0,0,2,1,2,1,2
491,3758.818,-344.166,546.524,-46.269,0.688272,0.725410,-0.007853,-0.719461,0.683935,0.120869,0.093051,-0.077541,0.992637,0,0.38471,-0.41756,10.427,-0.581,306.335,352.358,425.121,557.173,-1,413.951,441.977,582.641,502.522,-1,841.785,869.666,-1,338.188,-1,317.474,-1,1,1,1,0,2,1,0,0,0,2,0,0,2,1,2,1,2
492,3763.509,-353.489,547.723,-46.827,0.680936,0.732246,-0.011939,-0.725806,0.676942,0.122292,0.097630,-0.074607,0.992422,0,0.38471,-0.41756,10.436,-0.558,298.689,346.590,422.016,567.871,-1,408.498,453.001,588.755,498.879,-1,821.735,846.736,-1,332.925,-1,310.384,-1,1,1,1,0,2,1,0,0,0,2,0,0,2,1,2,1,2
493,3767.861,-362.862,548.957,-47.435,0.672956,0.739542,-0.014434,-0.732735,0.669176,0.123704,0.101144,-0.072671,0.992214,0,0.38471,-0.41756,10.334,-0.608,291.254,341.312,419.411,576.038,-1,403.823,461.493,592.831,496.581,-1,810.894,833.756,-1,328.032,-1,303.542,-1,1,1,1,0,2,1,0,0,0,2,0,0,2,1,2,1,2
494,3772.276,-372.298,550.128,-48.039,0.664956,0.746697,-0.016675,-0.739531,0.661371,0.125225,0.104534,-0.070938,0.991988,0,0.38471,-0.41756,10.418,-0.604,283.804,335.999,416.698,585.186,-1,399.077,470.544,597.167,494.522,-1,799.245,821.723,-1,323.088,-1,296.638,-1,1,1,1,0,2,1,0,0,0,2,0,0,2,1,2,1,2
495,3777.784,-383.710,551.481,-48.718,0.655855,0.754633,-0.019552,-0.747024,0.652535,0.127092,0.108666,-0.068749,0.991698,0,0.38471,-0.41756,12.672,-0.679,274.791,329.320,412.894,597.203,-1,392.832,481.283,602.783,491.816,-1,784.944,799.614,-1,316.868,-1,288.161,-1,1,1,1,0,2,1,0,0,0,2,0,0,2,1,2,1,2
496,3781.664,-391.360,552.378,-49.124,0.650331,0.759338,-0.021804,-0.751391,0.647216,0.128543,0.111720,-0.067212,0.991464,0,0.38471,-0.41756,8.577,-0.405,268.689,324.547,-1,606.935,-1,388.107,489.769,606.796,489.913,-1,773.257,782.733,-1,312.432,-1,282.320,-1,1,1,2,0,2,1,0,0,0,2,0,0,2,1,2,1,2
497,3786.817,-400.908,553.531,-49.566,0.644235,0.764425,-0.024817,-0.756058,0.641413,0.130251,0.115485,-0.065149,0.991170,0,0.38471,-0.41756,10.850,-0.442,260.884,318.094,-1,619.862,-1,381.396,501.131,612.315,487.238,-1,751.524,763.095,-1,306.419,-1,274.715,-1,1,1,2,0,2,1,0,0,0,2,0,0,2,1,2,1,2
498,3792.063,-410.499,554.775,-49.989,0.638350,0.769268,-0.027108,-0.760464,0.635714,0.132520,0.119176,-0.063980,0.990810,0,0.38471,-0.41756,10.932,-0.423,252.982,311.475,-1,634.642,-1,374.442,514.260,616.082,485.768,-1,734.292,744.860,-1,300.210,-1,266.953,-1,1,1,2,0,2,1,0,0,0,2,0,0,2,1,2,1,2
499,3797.291,-420.216,556.055,-50.427,0.632239,0.774247,-0.028542,-0.764981,0.629663,0.135381,0.122790,-0.063759,0.990382,0,0.38471,-0.41756,11.034,-0.438,245.025,304.886,-1,652.372,-1,367.576,528.841,616.612,485.653,-1,717.770,729.083,-1,293.986,-1,259.120,-1,1,1,2,0,2,1,0,0,0,2,0,0,2,1,2,1,2
