timestep,x_cm,y_cm,z_cm,yaw_deg,basis_xx,basis_xy,basis_xz,basis_yx,basis_yy,basis_yz,basis_zx,basis_zy,basis_zz,teleport_flag,throttle_cmd,steering_cmd,cmd_move_cm,cmd_turn_deg,lidar_cm_0,lidar_cm_1,lidar_cm_2,lidar_cm_3,lidar_cm_4,lidar_cm_5,lidar_cm_6,lidar_cm_7,lidar_cm_8,lidar_cm_9,lidar_cm_10,lidar_cm_11,lidar_cm_12,lidar_cm_13,lidar_cm_14,lidar_cm_15,lidar_cm_16,lidar_class_0,lidar_class_1,lidar_class_2,lidar_class_3,lidar_class_4,lidar_class_5,lidar_class_6,lidar_class_7,lidar_class_8,lidar_class_9,lidar_class_10,lidar_class_11,lidar_class_12,lidar_class_13,lidar_class_14,lidar_class_15,lidar_class_16
0,-5003.820,-3163.065,366.471,-126.650,-0.596926,0.802281,0.004948,-0.802294,-0.596902,-0.005616,-0.001552,-0.007322,0.999972,0,0.33369,-0.16964,0.951,-0.046,-1,-1,-1,905.470,-1,842.507,797.469,481.906,434.216,-1,-1,-1,-1,-1,-1,-1,-1,2,2,2,0,2,0,0,0,0,2,2,2,2,2,2,2,2
1,-5004.692,-3164.091,368.630,-126.692,-0.597518,0.801827,0.006683,-0.801855,-0.597497,-0.005095,-0.000092,-0.008403,0.999965,0,0.33376,-0.16920,1.347,-0.042,-1,-1,-1,917.513,-1,852.228,808.169,485.236,442.107,-1,-1,-1,-1,-1,-1,-1,-1,2,2,2,0,2,0,0,0,0,2,2,2,2,2,2,2,2
2,-5005.779,-3165.447,369.672,-126.743,-0.598228,0.801270,0.009491,-0.801324,-0.598213,-0.004695,0.001916,-0.010414,0.999944,0,0.33383,-0.16882,1.738,-0.051,-1,-1,-1,929.186,-1,859.612,817.211,484.115,448.836,-1,-1,-1,-1,-1,-1,-1,-1,2,2,2,0,2,0,0,0,0,2,2,2,2,2,2,2,2
3,-5007.073,-3167.131,369.596,-126.803,-0.599054,0.800597,0.013345,-0.800696,-0.599054,-0.004487,0.004402,-0.013374,0.999901,0,0.33391,-0.16838,2.123,-0.059,-1,-1,-1,939.978,-1,865.204,823.956,478.577,454.447,-1,-1,-1,-1,-1,-1,-1,-1,2,2,2,0,2,0,0,0,0,2,2,2,2,2,2,2,2
4,-5008.593,-3169.130,368.511,-126.876,-0.600062,0.799743,0.018346,-0.799919,-0.600091,-0.004536,0.007381,-0.017397,0.999821,0,0.33400,-0.16787,2.511,-0.073,-1,-1,-1,950.794,-1,869.453,829.644,468.821,459.417,-1,-1,1001.743,-1,-1,-1,-1,-1,2,2,2,0,2,0,0,0,0,2,2,0,2,2,2,2,2
5,-5010.365,-3171.466,366.614,-126.972,-0.601387,0.798579,0.024593,-0.798882,-0.601469,-0.004733,0.011012,-0.022493,0.999686,0,0.33411,-0.16726,2.932,-0.096,-1,-1,-1,962.794,-1,873.227,835.196,455.490,464.258,-1,998.341,966.724,-1,-1,-1,-1,-1,2,2,2,0,2,0,0,0,0,2,0,0,2,2,2,2,2
6,-5012.328,-3174.043,364.375,-127.081,-0.602886,0.797265,0.029940,-0.797710,-0.603017,-0.005465,0.013697,-0.027179,0.999537,0,0.33426,-0.16643,3.240,-0.109,-1,-1,-1,970.275,-1,873.645,837.201,442.127,467.479,-1,974.225,940.441,-1,-1,-1,-1,-1,2,2,2,0,2,0,0,0,0,2,0,0,2,2,2,2,2
7,-5014.450,-3176.688,362.326,-127.188,-0.604372,0.796070,0.031738,-0.796589,-0.604478,-0.007220,0.013437,-0.029646,0.999470,0,0.33442,-0.16548,3.391,-0.107,-1,-1,-1,965.555,-1,866.876,831.141,431.657,466.896,-1,969.679,936.653,-1,-1,-1,-1,-1,2,2,2,0,2,0,0,0,0,2,0,0,2,2,2,2,2
8,-5016.775,-3179.352,360.722,-127.293,-0.605863,0.795023,0.029473,-0.795505,-0.605869,-0.009754,0.010103,-0.029355,0.999518,0,0.33459,-0.16455,3.536,-0.106,-1,-1,-1,948.422,-1,853.446,817.354,426.733,462.137,-1,986.805,953.178,-1,-1,-1,-1,-1,2,2,2,0,2,0,0,0,0,2,0,0,2,2,2,2,2
9,-5019.372,-3182.055,359.641,-127.402,-0.607395,0.794045,0.023757,-0.794388,-0.607282,-0.012545,0.004466,-0.026492,0.999639,0,0.33476,-0.16360,3.749,-0.109,-1,-1,-1,922.701,-1,835.257,797.925,427.210,453.841,-1,-1,992.489,-1,-1,-1,-1,-1,2,2,2,0,2,0,0,0,0,2,2,0,2,2,2,2,2
10,-5022.305,-3184.888,359.010,-127.515,-0.608961,0.793041,0.015901,-0.793197,-0.608780,-0.015023,-0.002234,-0.021761,0.999761,0,0.33494,-0.16258,4.078,-0.113,-1,-1,-1,893.032,-1,815.022,776.488,431.909,443.411,-1,-1,-1,-1,-1,-1,-1,-1,2,2,2,0,2,0,0,0,0,2,2,2,2,2,2,2,2
11,-5025.628,-3187.931,358.691,-127.635,-0.610608,0.791896,0.007596,-0.791886,-0.610439,-0.016767,-0.008641,-0.016253,0.999831,0,0.33513,-0.16150,4.506,-0.121,-1,1000.173,-1,865.605,-1,797.248,757.185,438.858,433.367,-1,-1,-1,-1,-1,-1,-1,-1,2,0,2,0,2,0,0,0,0,2,2,2,2,2,2,2,2
12,-5029.340,-3191.307,358.527,-127.766,-0.612378,0.790565,0.000176,-0.790446,-0.612282,-0.017494,-0.013723,-0.010852,0.999847,0,0.33534,-0.16032,5.018,-0.131,-1,988.776,-1,843.836,-1,783.961,742.069,445.694,424.697,-1,-1,-1,-1,-1,-1,-1,-1,2,0,2,0,2,0,0,0,0,2,2,2,2,2,2,2,2
13,-5033.393,-3195.075,358.408,-127.912,-0.614361,0.789003,-0.005808,-0.788835,-0.614359,-0.017393,-0.017292,-0.006104,0.999832,0,0.33557,-0.15904,5.534,-0.146,-1,983.919,-1,827.925,-1,774.931,731.399,451.758,417.628,-1,-1,-1,-1,-1,-1,-1,-1,2,0,2,0,2,0,0,0,0,2,2,2,2,2,2,2,2
14,-5037.717,-3199.182,358.269,-128.066,-0.616449,0.787326,-0.010404,-0.787145,-0.616533,-0.017005,-0.019803,-0.002294,0.999801,0,0.33582,-0.15761,5.963,-0.154,-1,982.707,-1,816.244,-1,768.561,723.873,456.770,412.304,-1,-1,-1,-1,-1,-1,-1,-1,2,0,2,0,2,0,0,0,0,2,2,2,2,2,2,2,2
15,-5042.256,-3203.592,358.076,-128.231,-0.618684,0.785520,-0.013724,-0.785340,-0.618836,-0.016803,-0.021692,0.000383,0.999765,0,0.33609,-0.15613,6.329,-0.165,-1,982.836,-1,807.369,-1,763.457,718.036,459.702,408.779,-1,-1,-1,-1,-1,-1,-1,-1,2,0,2,0,2,0,0,0,0,2,2,2,2,2,2,2,2
16,-5047.007,-3208.267,357.830,-128.410,-0.621113,0.783563,-0.015715,-0.783374,-0.621310,-0.017316,-0.023332,0.001556,0.999727,0,0.33636,-0.15456,6.666,-0.179,-1,978.805,-1,800.424,-1,758.497,712.697,459.806,407.474,-1,-1,-1,-1,-1,-1,-1,-1,2,0,2,0,2,0,0,0,0,2,2,2,2,2,2,2,2
17,-5051.989,-3213.185,357.509,-128.615,-0.623897,0.781336,-0.016319,-0.781111,-0.624109,-0.018790,-0.024866,0.001024,0.999690,0,0.33667,-0.15286,7.000,-0.206,-1,972.635,-1,794.983,-1,753.126,707.571,457.275,408.540,-1,-1,-1,-1,-1,-1,-1,-1,2,0,2,0,2,0,0,0,0,2,2,2,2,2,2,2,2
18,-5057.163,-3218.390,357.067,-128.834,-0.626853,0.778976,-0.015854,-0.778688,-0.627053,-0.021206,-0.026460,-0.000948,0.999649,0,0.33701,-0.15090,7.339,-0.219,-1,964.343,-1,790.283,-1,746.974,702.208,452.182,411.522,-1,-1,-1,-1,-1,-1,-1,-1,2,0,2,0,2,0,0,0,0,2,2,2,2,2,2,2,2
19,-5062.489,-3223.876,356.556,-129.058,-0.629853,0.776561,-0.015426,-0.776186,-0.630033,-0.024366,-0.028641,-0.003374,0.999584,0,0.33738,-0.14883,7.646,-0.224,-1,953.447,-1,784.226,-1,739.176,695.429,446.151,415.068,-1,-1,-1,-1,-1,-1,-1,-1,2,0,2,0,2,0,0,0,0,2,2,2,2,2,2,2,2
20,-5068.019,-3229.578,356.033,-129.290,-0.632927,0.774054,-0.015595,-0.773570,-0.633095,-0.027930,-0.031493,-0.005614,0.999488,0,0.33775,-0.14674,7.943,-0.231,-1,940.658,-1,776.212,-1,729.845,687.108,440.370,418.325,-1,-1,-1,-1,-1,-1,-1,-1,2,0,2,0,2,0,0,0,0,2,2,2,2,2,2,2,2
21,-5073.783,-3235.473,355.520,-129.522,-0.635993,0.771514,-0.016712,-0.770906,-0.636173,-0.031440,-0.034888,-0.007112,0.999366,0,0.33814,-0.14458,8.245,-0.233,-1,927.252,-1,766.281,-1,719.574,677.617,435.338,420.510,-1,-1,-1,-1,-1,-1,-1,-1,2,0,2,0,2,0,0,0,0,2,2,2,2,2,2,2,2
22,-5079.794,-3241.551,355.012,-129.761,-0.639107,0.768886,-0.018897,-0.768148,-0.639342,-0.034517,-0.038621,-0.007544,0.999225,0,0.33852,-0.14240,8.549,-0.238,-1,914.216,-1,754.764,-1,708.936,667.387,432.070,421.482,-1,-1,-1,-1,-1,-1,-1,-1,2,0,2,0,2,0,0,0,0,2,2,2,2,2,2,2,2
23,-5086.198,-3248.003,354.504,-130.005,-0.642294,0.766150,-0.021747,-0.765312,-0.642626,-0.036454,-0.041905,-0.006771,0.999099,0,0.70106,0.20632,9.090,-0.244,-1,904.147,-1,743.648,-1,699.980,658.182,430.909,420.878,-1,-1,-1,-1,-1,-1,-1,-1,2,0,2,0,2,0,0,0,0,2,2,2,2,2,2,2,2
24,-5093.188,-3255.080,353.990,-130.243,-0.645398,0.763452,-0.024531,-0.762561,-0.645842,-0.037279,-0.044304,-0.005353,0.999004,0,0.70190,0.20861,9.947,-0.238,-1,897.714,-1,734.512,-1,693.484,651.058,430.891,419.660,-1,-1,-1,-1,-1,-1,-1,-1,2,0,2,0,2,0,0,0,0,2,2,2,2,2,2,2,2
25,-5100.661,-3262.659,353.581,-130.467,-0.648291,0.760902,-0.027324,-0.759940,-0.648853,-0.038481,-0.047009,-0.004182,0.998886,0,0.70271,0.21081,10.644,-0.224,-1,890.486,-1,725.314,-1,686.697,643.826,430.662,419.429,-1,-1,-1,-1,-1,-1,-1,-1,2,0,2,0,2,0,0,0,0,2,2,2,2,2,2,2,2
26,-5108.545,-3270.770,353.305,-130.666,-0.650826,0.758615,-0.030487,-0.757564,-0.651533,-0.040014,-0.050218,-0.002947,0.998734,0,0.70346,0.21285,11.311,-0.199,-1,882.269,-1,715.498,-1,679.398,636.324,430.835,419.759,-1,-1,-1,-1,-1,-1,-1,-1,2,0,2,0,2,0,0,0,0,2,2,2,2,2,2,2,2
27,-5116.866,-3279.452,353.038,-130.825,-0.652790,0.756771,-0.034101,-0.755594,-0.653678,-0.042220,-0.054241,-0.001794,0.998526,0,0.70411,0.21462,12.025,-0.159,-1,871.680,-1,704.245,-1,670.694,627.531,430.780,420.605,-1,-1,-1,-1,-1,-1,-1,-1,2,0,2,0,2,0,0,0,0,2,2,2,2,2,2,2,2
28,-5125.586,-3288.735,352.642,-130.948,-0.654234,0.755329,-0.038150,-0.753983,-0.655345,-0.045082,-0.059053,-0.000730,0.998255,0,0.70460,0.21595,12.736,-0.123,-1,858.547,-1,691.369,-1,660.400,617.260,430.427,421.612,-1,-1,-1,-1,-1,-1,-1,-1,2,0,2,0,2,0,0,0,0,2,2,2,2,2,2,2,2
29,-5134.671,-3298.587,352.096,-131.047,-0.655305,0.754167,-0.042505,-0.752588,-0.656682,-0.048786,-0.064705,0.000019,0.997904,0,0.70494,0.21687,13.402,-0.099,-1,842.618,-1,676.922,-1,648.363,605.437,430.448,423.018,-1,-1,-1,-1,-1,-1,-1,-1,2,0,2,0,2,0,0,0,0,2,2,2,2,2,2,2,2
30,-5144.123,-3309.039,351.411,-131.124,-0.656051,0.753253,-0.046974,-0.751402,-0.657731,-0.052779,-0.070652,0.000671,0.997501,0,0.70517,0.21750,14.092,-0.077,-1,825.775,-1,662.096,-1,635.871,593.210,430.583,424.563,-1,-1,-1,-1,-1,-1,-1,-1,2,0,2,0,2,0,0,0,0,2,2,2,2,2,2,2,2
31,-5153.976,-3320.155,350.492,-131.164,-0.656320,0.752730,-0.051398,-0.750655,-0.658327,-0.055878,-0.075898,0.001908,0.997114,0,0.70530,0.21786,14.854,-0.040,-1,811.228,-1,648.439,-1,624.912,582.236,431.179,425.091,-1,-1,-1,-1,-1,-1,-1,-1,2,0,2,0,2,0,0,0,0,2,2,2,2,2,2,2,2
32,-5164.245,-3331.925,349.247,-131.178,-0.656263,0.752525,-0.054995,-0.750236,-0.658558,-0.058716,-0.080403,0.002726,0.996759,0,0.70527,0.21777,15.620,-0.013,-1,797.894,-1,636.319,-1,615.015,572.387,430.315,425.991,-1,-1,-1,-1,-1,992.587,-1,-1,2,0,2,0,2,0,0,0,0,2,2,2,2,2,0,2,2
33,-5174.890,-3344.327,347.711,-131.165,-0.655876,0.752650,-0.057840,-0.750114,-0.658415,-0.061799,-0.084596,0.002855,0.996411,0,0.70512,0.21737,16.344,0.012,-1,783.925,-1,624.995,-1,605.314,562.926,427.578,427.749,-1,-1,-1,-1,-1,970.034,-1,-1,2,0,2,0,2,0,0,0,0,2,2,2,2,2,0,2,2
34,-5185.967,-3357.416,345.981,-131.151,-0.655457,0.752827,-0.060233,-0.750007,-0.658214,-0.065138,-0.088684,0.002480,0.996057,0,0.93143,-0.10300,17.147,0.014,-1,768.548,-1,614.013,-1,595.564,553.560,423.553,430.181,-1,-1,-1,-1,-1,947.872,-1,-1,2,0,2,0,2,0,0,0,0,2,2,2,2,2,0,2,2
35,-5197.684,-3371.149,344.222,-131.166,-0.655387,0.752710,-0.062410,-0.749532,-0.658350,-0.069113,-0.093110,0.001482,0.995655,0,0.93103,-0.10382,18.052,-0.015,-1,751.916,-1,602.778,-1,585.142,543.742,418.517,433.735,-1,-1,-1,-1,-1,925.341,-1,-1,2,0,2,0,2,0,0,0,0,2,2,2,2,2,0,2,2
36,-5210.125,-3385.467,342.465,-131.229,-0.655913,0.752104,-0.064170,-0.748474,-0.659044,-0.073804,-0.097799,-0.000380,0.995206,0,0.93077,-0.10437,18.968,-0.063,-1,734.104,-1,591.580,-1,574.166,533.648,412.229,438.791,-1,-1,-1,-1,-1,902.991,-1,-1,2,0,2,0,2,0,0,0,0,2,2,2,2,2,0,2,2
37,-5223.207,-3400.368,340.743,-131.305,-0.656537,0.751326,-0.066842,-0.747189,-0.659928,-0.078762,-0.103287,-0.001767,0.994650,0,0.93073,-0.10444,19.828,-0.076,-1,715.246,-1,578.848,-1,561.687,522.429,407.477,443.351,-1,-1,-1,-1,-1,877.863,-1,-1,2,0,2,0,2,0,0,0,0,2,2,2,2,2,0,2,2
38,-5236.891,-3415.807,339.066,-131.388,-0.657144,0.750480,-0.070296,-0.745702,-0.660885,-0.084614,-0.109959,-0.003184,0.993931,0,0.93074,-0.10441,20.631,-0.083,-1,694.329,-1,564.315,-1,547.562,509.649,405.867,448.245,-1,-1,-1,-1,-1,849.616,-1,-1,2,0,2,0,2,0,0,0,0,2,2,2,2,2,0,2,2
39,-5251.231,-3431.776,337.357,-131.477,-0.657753,0.749530,-0.074598,-0.744069,-0.661958,-0.090407,-0.117143,-0.003960,0.993107,0,0.93079,-0.10433,21.463,-0.089,-1,673.224,-1,548.616,-1,532.995,496.253,405.722,452.211,-1,-1,-1,-1,-1,819.816,-1,-1,2,0,2,0,2,0,0,0,0,2,2,2,2,2,0,2,2
40,-5266.250,-3448.327,335.485,-131.567,-0.658396,0.748474,-0.079376,-0.742437,-0.663154,-0.094941,-0.123700,-0.003577,0.992313,0,0.93085,-0.10419,22.349,-0.090,-1,654.270,-1,533.250,-1,519.624,483.621,407.782,454.159,-1,-1,-1,-1,995.055,791.204,-1,-1,2,0,2,0,2,0,0,0,0,2,2,2,2,0,0,2,2
41,-5281.886,-3465.460,333.618,-131.707,-0.659986,0.747027,-0.079812,-0.740569,-0.664770,-0.098179,-0.126399,-0.005691,0.991963,0,0.93092,-0.10406,23.195,-0.140,-1,641.405,-1,525.772,-1,511.533,476.837,407.038,460.949,-1,-1,-1,-1,969.851,776.518,-1,-1,2,0,2,0,2,0,0,0,0,2,2,2,2,0,0,2,2
42,-5297.998,-3483.183,332.028,-131.869,-0.662233,0.745546,-0.074899,-0.738879,-0.666365,-0.100078,-0.124523,-0.010933,0.992157,0,0.93121,-0.10345,23.952,-0.162,-1,635.999,-1,528.099,-1,508.939,476.970,403.194,474.801,-1,-1,-1,-1,958.937,778.605,-1,-1,2,0,2,0,2,0,0,0,0,2,2,2,2,0,0,2,2
43,-5314.146,-3501.821,330.650,-131.901,-0.663014,0.745413,-0.069080,-0.738923,-0.666439,-0.099257,-0.120025,-0.014764,0.992661,0,0.93158,-0.10269,24.661,-0.032,-1,636.985,-1,535.089,-1,511.013,481.215,401.800,487.561,-1,-1,-1,-1,961.270,788.310,-1,-1,2,0,2,0,2,0,0,0,0,2,2,2,2,0,0,2,2
44,-5331.879,-3525.941,329.165,-131.302,-0.655601,0.751780,-0.070808,-0.746215,-0.659374,-0.091591,-0.115545,-0.007209,0.993276,0,0.93122,-0.10343,29.937,0.599,-1,646.520,-1,538.101,-1,516.549,486.005,415.149,483.092,-1,-1,-1,-1,981.894,789.220,-1,-1,2,0,2,0,2,0,0,0,0,2,2,2,2,0,0,2,2
45,-5343.449,-3542.368,327.911,-130.755,-0.648463,0.757486,-0.075574,-0.752442,-0.652852,-0.087265,-0.115440,0.000277,0.993314,0,0.92736,-0.11138,20.093,0.546,-1,648.743,-1,533.925,-1,516.535,485.238,425.857,475.529,-1,-1,-1,-1,988.526,778.744,-1,-1,2,0,2,0,2,0,0,0,0,2,2,2,2,0,0,2,2
46,-5357.945,-3563.035,325.803,-130.082,-0.639327,0.764285,-0.084432,-0.759712,-0.644795,-0.084128,-0.118739,0.010358,0.992871,0,0.92400,-0.11830,25.244,0.673,-1,644.147,-1,520.894,951.341,511.086,478.224,440.045,463.935,-1,-1,-1,-1,982.564,754.044,-1,982.318,2,0,2,0,0,0,0,0,0,2,2,2,2,0,0,2,0
47,-5372.646,-3584.079,322.875,-129.447,-0.630543,0.770561,-0.093014,-0.766364,-0.637076,-0.082586,-0.122894,0.019208,0.992234,0,0.91982,-0.12691,25.670,0.635,-1,635.156,-1,505.633,881.498,501.405,467.116,451.210,451.978,-1,-1,-1,-1,968.538,726.488,-1,921.461,2,0,2,0,0,0,0,0,0,2,2,2,2,0,0,2,0
48,-5387.229,-3605.900,319.383,-128.772,-0.621260,0.777340,-0.098883,-0.773473,-0.628552,-0.081621,-0.125600,0.025775,0.991746,0,0.91578,-0.13523,26.246,0.675,-1,626.328,-1,493.008,828.549,492.459,457.053,457.887,442.861,-1,-1,-1,-1,955.766,704.100,-1,873.891,2,0,2,0,0,0,0,0,0,2,2,2,2,0,0,2,0
49,-5401.264,-3628.645,315.546,-127.972,-0.610338,0.785602,-0.101567,-0.781988,-0.618005,-0.081023,-0.126421,0.029973,0.991524,0,0.91143,-0.14420,26.726,0.800,-1,619.476,-1,484.251,791.475,485.492,449.577,459.814,437.742,-1,-1,-1,-1,946.145,688.686,-1,842.211,2,0,2,0,0,0,0,0,0,2,2,2,2,0,0,2,0
50,-5414.265,-3652.353,311.614,-127.015,-0.597209,0.795570,-0.102027,-0.792080,-0.604997,-0.081163,-0.126297,0.032342,0.991465,0,0.90629,-0.15478,27.039,0.957,-1,613.923,-1,477.872,765.901,479.910,444.030,458.723,435.309,-1,-1,-1,-1,938.869,677.642,-1,821.137,2,0,2,0,0,0,0,0,0,2,2,2,2,0,0,2,0
51,-5426.864,-3676.848,307.587,-126.038,-0.583694,0.805949,-0.098731,-0.802275,-0.591180,-0.082825,-0.125121,0.030865,0.991661,0,0.90016,-0.16741,27.546,0.978,-1,607.918,-1,473.550,755.281,475.214,440.481,452.105,437.945,-1,-1,-1,-1,930.883,672.095,-1,815.307,2,0,2,0,0,0,0,0,0,2,2,2,2,0,0,2,0
52,-5438.750,-3702.175,303.568,-124.995,-0.569111,0.816865,-0.094048,-0.812937,-0.576141,-0.084824,-0.123475,0.028181,0.991947,0,0.89376,-0.18058,27.977,1.043,-1,602.381,-1,470.740,751.975,470.762,436.466,443.662,443.184,-1,-1,-1,-1,923.316,668.656,-1,815.310,2,0,2,0,0,0,0,0,0,2,2,2,2,0,0,2,0
53,-5450.249,-3728.233,299.475,-123.911,-0.553743,0.827876,-0.089386,-0.823709,-0.560328,-0.086812,-0.121955,0.025557,0.992207,0,0.88684,-0.19483,28.482,1.083,-1,596.462,-1,467.763,750.003,466.194,432.325,435.109,448.574,-1,-1,-1,-1,914.288,665.063,-1,815.954,2,0,2,0,0,0,0,0,0,2,2,2,2,0,0,2,0
54,-5461.296,-3755.033,295.287,-122.777,-0.537439,0.838981,-0.085259,-0.834666,-0.543642,-0.088239,-0.120381,0.023740,0.992444,0,0.87955,-0.20984,28.987,1.134,-1,591.144,-1,463.397,746.409,461.852,428.317,427.343,450.695,-1,-1,-1,-1,906.825,661.268,-1,814.542,2,0,2,0,0,0,0,0,0,2,2,2,2,0,0,2,0
55,-5471.730,-3782.510,291.285,-121.569,-0.519812,0.850372,-0.081625,-0.845979,-0.525693,-0.089256,-0.118811,0.022657,0.992658,0,0.87184,-0.22573,29.392,1.209,-1,587.035,-1,459.367,743.017,458.397,424.629,420.605,451.492,-1,-1,-1,-1,900.170,656.923,-1,813.246,2,0,2,0,0,0,0,0,0,2,2,2,2,0,0,2,0
56,-5481.898,-3810.606,287.378,-120.339,-0.501646,0.861490,-0.078652,-0.857110,-0.507277,-0.089624,-0.117108,0.022454,0.992865,0,0.86356,-0.24279,29.879,1.229,-1,584.192,-1,455.558,741.266,455.338,420.983,415.164,450.168,-1,-1,-1,-1,893.097,653.176,-1,811.852,2,0,2,0,0,0,0,0,0,2,2,2,2,0,0,2,0
57,-5492.700,-3839.150,283.458,-119.314,-0.486385,0.870644,-0.073551,-0.866222,-0.491508,-0.089881,-0.114406,0.019995,0.993233,0,0.85501,-0.26039,30.519,1.025,-1,580.410,-1,453.062,747.648,452.570,418.312,408.162,449.604,-1,-1,-1,-1,885.926,652.824,-1,821.683,2,0,2,0,0,0,0,0,0,2,2,2,2,0,0,2,0
58,-5504.465,-3867.890,279.593,-118.590,-0.475559,0.877203,-0.066024,-0.872609,-0.479903,-0.090808,-0.111342,0.014429,0.993677,0,0.84738,-0.27610,31.055,0.725,-1,574.166,-1,451.616,768.742,449.067,415.800,399.254,454.268,-1,-1,-1,-1,875.884,654.679,-1,845.402,2,0,2,0,0,0,0,0,0,2,2,2,2,0,0,2,0
59,-5517.842,-3896.094,275.945,-118.376,-0.472385,0.879749,-0.053800,-0.874537,-0.475436,-0.095640,-0.109717,0.001871,0.993961,0,0.60998,-0.08762,31.215,0.214,-1,559.650,-1,450.061,809.307,441.293,411.081,385.295,470.335,-1,-1,-1,-1,850.547,657.878,-1,879.757,2,0,2,0,0,0,0,0,0,2,2,2,2,0,0,2,0
60,-5532.631,-3923.084,272.651,-118.605,-0.475699,0.878708,-0.039774,-0.872316,-0.477083,-0.107034,-0.113027,-0.016221,0.993459,0,0.60739,-0.09497,30.777,-0.229,-1,532.698,-1,443.328,847.126,425.600,400.406,368.822,497.387,-1,-1,-1,-1,801.411,651.267,-1,891.422,2,0,2,0,0,0,0,0,0,2,2,2,2,0,0,2,0
61,-5548.542,-3948.833,269.766,-119.251,-0.484974,0.874143,-0.025944,-0.865961,-0.484154,-0.125328,-0.122115,-0.038315,0.991776,0,0.60652,-0.09744,30.268,-0.646,984.091,494.304,-1,429.898,861.576,402.110,383.216,351.235,531.356,-1,-1,-1,-1,734.556,631.180,-1,863.773,0,0,2,0,0,0,0,0,0,2,2,2,2,0,0,2,0
62,-5564.940,-3973.955,267.187,-120.057,-0.496230,0.868064,-0.014846,-0.857523,-0.492733,-0.147880,-0.135685,-0.060651,0.988894,0,0.60726,-0.09534,30.000,-0.806,843.641,451.380,-1,410.865,844.319,374.267,361.755,335.320,570.377,-1,-1,-1,-1,659.938,599.718,866.084,803.935,0,0,2,0,0,0,0,0,0,2,2,2,2,0,0,0,0
63,-5581.389,-3999.223,265.046,-120.811,-0.506466,0.862230,-0.007197,-0.849227,-0.500239,-0.169037,-0.149349,-0.079499,0.985583,0,0.60862,-0.09149,30.150,-0.754,726.958,414.027,-1,391.727,812.176,348.866,341.564,324.073,607.446,-1,-1,-1,-1,595.755,567.792,738.495,743.361,0,0,2,0,0,0,0,0,0,2,2,2,2,0,0,0,0
64,-5598.262,-4024.860,263.649,-121.535,-0.516562,0.856250,0.000116,-0.841811,-0.507826,-0.182938,-0.156582,-0.094596,0.983124,0,0.60972,-0.08835,30.691,-0.723,656.465,390.276,-1,381.094,817.914,332.752,329.474,318.367,639.950,-1,-1,-1,-1,555.860,551.967,662.801,724.026,0,0,2,0,0,0,0,0,0,2,2,2,2,0,0,0,0
65,-5615.920,-4050.665,262.904,-122.201,-0.526387,0.850196,0.009114,-0.835856,-0.515485,-0.188733,-0.155762,-0.106965,0.981986,0,0.61066,-0.08570,31.268,-0.666,624.627,379.720,-1,380.829,882.295,326.461,326.437,316.864,670.437,-1,-1,-1,-1,538.859,556.045,627.809,753.589,0,0,2,0,0,0,0,0,0,2,2,2,2,0,0,0,0
66,-5634.062,-4076.569,262.621,-122.804,-0.535947,0.844067,0.017640,-0.831492,-0.524114,-0.184188,-0.146222,-0.113382,0.982733,0,0.61137,-0.08369,31.625,-0.603,634.970,383.348,-1,390.464,-1,330.585,332.344,321.897,687.698,-1,-1,-1,-1,547.679,582.763,638.138,855.170,0,0,2,0,2,0,0,0,0,2,2,2,2,0,0,0,0
67,-5652.134,-4101.575,263.117,-123.158,-0.542438,0.839771,0.023346,-0.830266,-0.531646,-0.167365,-0.128136,-0.110168,0.985619,0,0.61181,-0.08242,30.853,-0.354,695.648,404.293,-1,411.986,-1,346.984,348.206,336.419,677.748,-1,-1,-1,-1,589.539,634.918,716.188,-1,0,0,2,0,2,0,0,0,0,2,2,2,2,0,0,0,2
68,-5670.808,-4125.410,264.029,-123.601,-0.550525,0.834284,0.029881,-0.828561,-0.541673,-0.141696,-0.102029,-0.102766,0.989459,0,0.61142,-0.08354,30.279,-0.444,826.407,440.685,-1,446.228,-1,374.465,374.271,356.588,658.854,-1,-1,-1,-1,664.930,725.331,916.427,-1,0,0,2,0,2,0,0,0,0,2,2,2,2,0,0,0,2
69,-5691.368,-4146.153,264.577,-124.720,-0.567826,0.821862,0.046006,-0.819447,-0.559095,-0.126173,-0.077975,-0.109344,0.990941,0,0.61145,-0.08344,29.206,-1.118,947.065,466.956,-1,486.684,-1,396.845,399.396,366.136,677.998,769.757,-1,-1,-1,736.761,854.103,-1,986.390,0,0,2,0,2,0,0,0,0,0,2,2,2,0,0,2,1
70,-5711.751,-4166.443,263.926,-125.745,-0.583295,0.809873,0.062231,-0.810384,-0.575031,-0.112323,-0.055183,-0.115948,0.991721,0,0.61431,-0.07531,28.760,-1.026,-1,493.212,-1,528.209,-1,417.698,425.205,373.034,695.285,593.628,-1,-1,-1,818.218,953.992,-1,958.728,2,0,2,0,2,0,0,0,0,0,2,2,2,0,1,2,1
71,-5732.039,-4186.797,262.073,-126.666,-0.596823,0.798615,0.077565,-0.801700,-0.589572,-0.098396,-0.032850,-0.120909,0.992120,0,0.61685,-0.06810,28.738,-0.920,-1,520.829,-1,572.674,-1,439.969,451.040,379.106,704.008,526.470,-1,-1,-1,924.109,926.158,-1,937.370,2,0,2,0,2,0,0,0,0,0,2,2,2,0,1,2,1
72,-5752.464,-4206.963,259.312,-127.523,-0.609031,0.787952,0.090625,-0.793039,-0.603078,-0.085941,-0.013064,-0.124210,0.992170,0,0.61896,-0.06212,28.703,-0.857,-1,544.867,-1,612.636,-1,458.804,472.717,384.877,704.179,484.042,714.591,-1,-1,-1,899.042,-1,913.508,2,0,2,0,2,0,0,0,0,0,0,2,2,2,1,2,1
73,-5772.338,-4227.289,255.613,-128.100,-0.617030,0.780929,0.097074,-0.786936,-0.612715,-0.072891,0.002556,-0.121367,0.992604,0,0.62084,-0.05679,28.427,-0.577,-1,569.358,-1,639.880,-1,474.522,488.850,393.538,680.382,466.718,581.020,751.097,-1,-1,872.268,-1,887.915,2,0,2,0,2,0,0,0,0,0,0,0,2,2,1,2,1
74,-5791.900,-4247.692,251.057,-128.437,-0.621593,0.777194,0.097940,-0.783211,-0.618886,-0.059666,0.014241,-0.113795,0.993402,0,0.62161,-0.05459,28.266,-0.337,-1,589.575,-1,651.361,-1,484.669,498.522,404.291,640.315,462.584,521.489,641.756,-1,-1,845.283,-1,861.680,2,0,2,0,2,0,0,0,0,0,0,0,2,2,1,2,1
75,-5811.253,-4268.130,245.704,-128.624,-0.624060,0.775767,0.093456,-0.781064,-0.622716,-0.046523,0.022106,-0.102028,0.994536,0,0.62146,-0.05501,28.146,-0.187,-1,602.796,-1,646.553,-1,488.482,498.509,416.626,587.189,469.994,491.228,588.788,-1,-1,817.851,-1,835.164,2,0,2,0,2,0,0,0,0,0,0,0,2,2,1,2,1
76,-5829.281,-4288.941,240.099,-128.401,-0.620925,0.779823,0.079544,-0.783386,-0.620904,-0.028013,0.027544,-0.079707,0.996438,0,0.62070,-0.05716,27.534,0.223,-1,621.259,-1,626.507,-1,491.181,492.278,437.740,515.905,499.543,478.597,556.093,-1,-1,790.417,-1,808.014,2,0,2,0,2,0,0,0,0,0,0,0,2,2,1,2,1
77,-5845.512,-4310.229,236.577,-127.783,-0.612291,0.787803,0.066838,-0.789849,-0.613257,-0.007351,0.035198,-0.057293,0.997737,0,0.61829,-0.06402,26.769,0.618,-1,660.697,-1,623.302,-1,506.010,497.633,462.215,459.374,531.532,468.229,525.949,-1,-1,764.485,-1,780.575,2,0,2,0,2,0,0,0,0,0,0,0,2,2,1,2,1
78,-5860.357,-4330.848,236.210,-127.354,-0.606127,0.792409,0.068546,-0.794108,-0.607764,0.003907,0.044756,-0.052065,0.997640,0,0.61421,-0.07560,25.408,0.429,-1,704.472,-1,654.041,-1,531.960,521.230,473.849,446.285,535.354,459.735,508.455,-1,-1,741.328,-1,756.775,2,0,2,0,2,0,0,0,0,0,0,0,2,2,1,2,1
79,-5873.603,-4350.344,238.480,-127.232,-0.604214,0.792287,0.084895,-0.795092,-0.606487,0.001252,0.052479,-0.066743,0.996389,0,0.61072,-0.08551,23.570,0.122,-1,730.475,-1,714.418,-1,558.889,554.356,464.842,475.900,512.386,459.739,512.981,-1,-1,721.045,-1,736.430,2,0,2,0,2,0,0,0,0,0,0,0,2,2,1,2,1
80,-5885.008,-4369.636,242.058,-127.047,-0.601479,0.791956,0.105016,-0.796826,-0.604160,-0.007675,0.057368,-0.088296,0.994441,0,0.60830,-0.09240,22.411,0.185,-1,742.234,-1,738.151,-1,582.095,587.503,448.965,525.798,487.766,469.739,532.566,-1,-1,702.776,-1,716.596,2,0,2,1,2,0,0,0,0,0,0,0,2,2,1,2,1
81,-5895.757,-4388.940,245.320,-126.795,-0.597980,0.792603,0.119168,-0.799492,-0.600392,-0.018530,0.056861,-0.106354,0.992701,0,0.60548,-0.10042,22.096,0.252,-1,736.745,-1,716.498,994.209,591.485,606.529,436.557,572.814,477.992,495.157,568.209,-1,-1,-1,-1,696.748,2,0,2,1,1,0,0,0,0,0,0,0,2,2,2,2,1
82,-5906.021,-4408.453,247.742,-126.426,-0.592959,0.795277,0.126232,-0.803510,-0.594625,-0.028179,0.052651,-0.118138,0.991600,0,0.60230,-0.10945,22.047,0.369,-1,722.295,-1,877.033,936.665,590.667,611.778,429.182,604.738,481.633,531.358,613.393,-1,-1,-1,-1,676.541,2,0,2,0,1,0,0,0,0,0,0,0,2,2,2,2,1
83,-5916.036,-4428.283,249.377,-125.982,-0.586857,0.799445,0.128396,-0.808260,-0.587830,-0.034230,0.048110,-0.123866,0.991132,0,0.53712,-0.84995,22.216,0.443,-1,711.069,-1,891.321,781.920,588.382,612.555,426.623,619.795,492.999,569.052,658.736,-1,-1,-1,-1,656.103,2,0,2,0,1,0,0,0,0,0,0,0,2,2,2,2,1
84,-5927.085,-4447.794,250.524,-125.738,-0.583466,0.801331,0.132049,-0.810830,-0.583997,-0.038751,0.046064,-0.129679,0.990485,0,0.53341,-0.86171,22.422,0.244,-1,706.417,-1,920.076,750.789,590.476,617.921,424.060,634.398,499.578,597.187,692.244,-1,-1,-1,-1,635.551,2,0,2,0,1,0,0,0,0,0,0,0,2,2,2,2,1
85,-5938.842,-4466.889,251.348,-125.555,-0.580859,0.802666,0.135386,-0.812680,-0.581320,-0.040232,0.046410,-0.133394,0.989976,0,0.53036,-0.87134,22.423,0.183,-1,710.588,-1,959.788,725.423,598.221,628.448,423.610,642.612,505.120,616.439,713.175,-1,-1,-1,-1,614.897,2,0,2,0,1,0,0,0,0,0,0,0,2,2,2,2,1
86,-5949.776,-4485.508,252.341,-125.052,-0.573530,0.808442,0.132230,-0.817517,-0.575150,-0.029457,0.052237,-0.124995,0.990781,0,0.52755,-0.88025,21.593,0.503,-1,747.076,-1,-1,696.476,625.736,653.749,435.421,618.438,521.142,620.186,706.887,-1,-1,-1,-1,594.851,2,0,2,2,1,0,0,0,0,0,0,0,2,2,2,2,1
87,-5960.476,-4503.261,253.584,-124.435,-0.564282,0.815947,0.125764,-0.823048,-0.567911,-0.008325,0.064630,-0.108207,0.992025,0,0.52367,-0.89252,20.728,0.617,-1,807.369,-1,-1,578.942,677.579,699.742,456.498,577.097,540.698,603.034,674.202,-1,-1,-1,-1,575.654,2,0,2,2,1,0,0,0,0,0,0,0,2,2,2,2,1
88,-5972.360,-4515.891,255.422,-124.540,-0.565329,0.815547,0.123637,-0.821341,-0.570396,0.006934,0.076178,-0.097628,0.992303,0,0.51949,-0.90576,17.342,-0.105,-1,859.241,-1,-1,562.900,726.806,746.237,473.815,557.766,552.822,586.520,648.378,-1,-1,-1,-1,559.362,2,0,2,2,1,0,0,0,0,0,0,0,2,2,2,2,1
89,-5984.600,-4525.903,257.733,-125.183,-0.573953,0.809606,0.122948,-0.814153,-0.580289,0.020490,0.087934,-0.088338,0.992202,0,0.51844,-0.90908,15.812,-0.643,-1,907.356,-1,-1,565.524,778.162,797.362,492.056,543.846,563.167,570.090,620.446,-1,-1,-1,-1,545.097,2,0,2,2,1,0,0,0,0,0,0,0,2,2,2,2,1
90,-5999.618,-4536.927,260.805,-126.254,-0.588280,0.798949,0.124930,-0.802206,-0.596056,0.034390,0.101941,-0.079989,0.991569,0,0.51951,-0.90568,18.630,-1.071,-1,-1,-1,-1,649.398,844.517,861.806,512.500,534.591,571.698,553.411,589.902,-1,-1,-1,-1,529.139,2,2,2,2,1,0,0,0,0,0,0,0,2,2,2,2,1
91,-6009.705,-4544.244,262.649,-127.015,-0.598453,0.790858,0.128057,-0.793729,-0.606998,0.039357,0.108856,-0.078089,0.990986,0,0.52190,-0.89812,12.462,-0.762,-1,-1,-1,-1,649.319,876.856,900.393,521.464,535.170,574.925,548.573,580.184,-1,-1,-1,-1,518.693,2,2,2,2,1,0,0,0,0,0,0,0,2,2,2,2,1
92,-6022.269,-4553.237,264.521,-128.031,-0.612116,0.779470,0.133192,-0.782604,-0.621282,0.039243,0.113339,-0.080215,0.990313,0,0.52363,-0.89263,15.451,-1.015,-1,-1,-1,-1,648.758,899.266,930.010,521.454,543.466,577.578,551.393,582.596,-1,-1,-1,-1,505.909,2,2,2,2,1,0,0,0,0,0,0,0,2,2,2,2,1
93,-6034.798,-4562.089,265.826,-129.087,-0.626417,0.767099,0.138422,-0.771156,-0.635767,0.033454,0.113667,-0.085789,0.989808,0,0.52600,-0.88514,15.341,-1.056,-1,-1,-1,-1,646.722,903.516,940.607,514.685,557.103,580.104,562.156,598.371,-1,-1,-1,-1,493.307,2,2,2,2,1,0,0,0,0,0,0,0,2,2,2,2,1
94,-6047.340,-4570.866,266.427,-130.146,-0.640775,0.754393,0.142473,-0.759705,-0.649824,0.024026,0.110707,-0.092842,0.989507,0,0.52849,-0.87725,15.308,-1.059,-1,-1,-1,-1,642.091,893.516,934.872,504.147,571.897,584.077,579.117,624.126,-1,-1,-1,-1,480.715,2,2,2,2,1,0,0,0,0,0,0,0,2,2,2,2,1
95,-6059.938,-4579.604,266.218,-131.176,-0.654726,0.741978,0.144230,-0.748527,-0.662981,0.012739,0.105073,-0.099620,0.989462,0,0.53098,-0.86937,15.332,-1.030,-1,-1,-1,-1,807.686,870.074,911.503,492.499,584.051,591.058,601.732,652.961,-1,-1,-1,-1,467.963,2,2,2,2,1,0,0,0,0,0,0,0,2,2,2,2,1
96,-6072.611,-4588.283,265.175,-132.164,-0.668104,0.730281,0.142569,-0.737745,-0.675079,0.000748,0.096792,-0.104680,0.989785,0,0.53337,-0.86183,15.360,-0.988,-1,936.905,-1,440.865,816.768,829.853,872.093,479.147,590.320,603.423,631.100,686.397,-1,-1,-1,-1,454.944,2,0,2,1,1,0,0,0,0,0,0,0,2,2,2,2,1
97,-6085.459,-4596.894,263.324,-133.120,-0.680990,0.719289,0.137389,-0.727216,-0.686314,-0.011421,0.086077,-0.107689,0.990451,0,0.53560,-0.85475,15.467,-0.956,-1,896.788,-1,424.533,-1,780.349,815.745,466.208,588.917,621.896,667.867,727.229,-1,-1,-1,-1,441.637,2,0,2,1,2,0,0,0,0,0,0,0,2,2,2,2,1
98,-6098.454,-4605.627,260.661,-133.983,-0.692576,0.709829,0.128378,-0.717618,-0.696067,-0.022711,0.073238,-0.107855,0.991465,0,0.53773,-0.84801,15.657,-0.863,-1,852.112,-1,407.709,-1,725.218,750.743,455.719,577.457,648.000,710.748,775.983,-1,-1,398.747,-1,427.798,2,0,2,1,2,0,0,0,0,0,0,0,2,2,1,2,1
99,-6111.660,-4614.523,257.517,-134.770,-0.702978,0.701696,0.115947,-0.708646,-0.704906,-0.030470,0.060351,-0.103585,0.992788,0,0.53952,-0.84235,15.923,-0.787,-1,811.610,-1,390.494,-1,672.229,689.592,450.357,554.957,682.998,757.557,826.335,-1,-1,382.217,-1,413.598,2,0,2,1,2,0,0,0,0,0,0,0,2,2,1,2,1
100,-6125.349,-4623.299,254.620,-135.480,-0.712123,0.694567,0.102258,-0.700295,-0.713068,-0.033474,0.049667,-0.095449,0.994195,0,0.54102,-0.83760,16.260,-0.710,-1,775.391,-1,373.147,-1,632.508,643.770,451.198,525.499,724.946,801.741,871.148,-1,-1,364.566,-1,399.141,2,0,2,1,2,0,0,0,0,0,0,0,2,2,1,2,1
101,-6139.488,-4632.511,252.826,-136.060,-0.719340,0.688478,0.092458,-0.693212,-0.720041,-0.031607,0.044813,-0.086829,0.995215,0,0.54229,-0.83357,16.875,-0.580,-1,762.995,-1,355.636,-1,615.469,622.215,457.099,499.511,761.412,829.480,897.153,-1,-1,347.034,-1,384.132,2,0,2,1,2,0,0,0,0,0,0,0,2,2,1,2,1
102,-6153.868,-4642.258,252.628,-136.570,-0.725477,0.682534,0.088492,-0.686768,-0.726332,-0.028118,0.045083,-0.081172,0.995680,0,0.54305,-0.83117,17.373,-0.510,-1,769.149,-1,338.154,-1,619.066,624.361,463.205,485.152,785.441,842.170,907.111,-1,-1,329.914,-1,368.740,2,0,2,1,2,0,0,0,0,0,0,0,2,2,1,2,1
103,-6168.350,-4652.425,253.946,-137.060,-0.731212,0.676322,0.088982,-0.680446,-0.732368,-0.025106,0.048188,-0.078905,0.995717,0,0.54345,-0.82991,17.694,-0.490,-1,786.095,-1,320.770,-1,635.743,645.497,467.737,482.105,799.691,847.865,910.585,-1,-1,313.088,-1,353.130,2,0,2,1,2,0,0,0,0,0,0,0,2,2,1,2,1
104,-6182.956,-4662.941,256.359,-137.573,-0.737177,0.669501,0.091312,-0.673764,-0.738544,-0.024393,0.051107,-0.079504,0.995524,0,0.85526,-0.36341,17.998,-0.514,-1,800.837,-1,303.242,-1,655.067,671.503,470.281,487.645,810.471,857.420,919.746,-1,-1,296.108,-1,337.302,2,0,2,1,2,0,0,0,0,0,0,0,2,2,1,2,1
105,-6197.841,-4674.087,259.287,-138.038,-0.742544,0.663239,0.093495,-0.667707,-0.743998,-0.025169,0.052867,-0.081116,0.995302,0,0.85548,-0.36295,18.596,-0.464,-1,814.326,-1,284.935,-1,673.344,696.623,472.188,496.399,823.633,873.725,936.846,-1,-1,277.597,-1,320.587,2,0,2,1,2,0,0,0,0,0,0,0,2,2,1,2,1
106,-6212.813,-4686.168,262.096,-138.329,-0.745949,0.659448,0.093212,-0.663932,-0.747339,-0.026045,0.052486,-0.081314,0.995306,0,0.85516,-0.36361,19.238,-0.292,-1,821.867,-1,265.371,-1,688.931,716.621,476.154,501.557,844.906,899.833,963.421,-1,-1,257.970,-1,302.360,2,0,2,1,2,0,0,0,0,0,0,0,2,2,1,2,1
107,-6227.793,-4699.200,264.305,-138.437,-0.747289,0.658329,0.090341,-0.662615,-0.748482,-0.026751,0.050007,-0.079852,0.995552,0,0.85351,-0.36692,19.855,-0.108,-1,821.907,-1,244.540,-1,695.363,725.845,481.239,501.211,873.713,934.819,998.886,-1,-1,237.288,-1,282.650,2,0,2,1,2,0,0,0,0,0,0,0,2,2,1,2,1
108,-6242.931,-4712.887,265.798,-138.441,-0.747477,0.658655,0.086322,-0.662690,-0.748363,-0.028180,0.046039,-0.078269,0.995869,0,0.85044,-0.37309,20.408,-0.004,-1,815.099,-1,222.738,538.214,694.475,726.506,486.099,499.421,905.390,976.272,-1,-1,-1,215.807,-1,261.928,2,0,2,1,1,0,0,0,0,0,0,2,2,2,1,2,1
109,-6258.586,-4726.920,266.610,-138.476,-0.748032,0.658419,0.083266,-0.662359,-0.748524,-0.031505,0.041583,-0.078719,0.996029,0,0.84644,-0.38115,21.024,-0.035,-1,803.129,-1,200.233,473.576,689.390,723.531,486.649,501.606,932.337,-1,-1,-1,-1,193.711,-1,240.740,2,0,2,1,1,0,0,0,0,0,2,2,2,2,1,2,1
110,-6274.842,-4741.139,266.819,-138.593,-0.749533,0.656983,0.081074,-0.660959,-0.749513,-0.036918,0.036511,-0.081258,0.996024,0,0.84228,-0.38951,21.597,-0.117,-1,786.184,-1,177.153,412.297,680.078,716.827,482.404,505.995,954.814,-1,-1,-1,-1,171.048,-1,219.187,2,0,2,1,1,0,0,0,0,0,2,2,2,2,1,2,1
111,-6291.753,-4755.417,266.508,-138.817,-0.752253,0.654072,0.079407,-0.658156,-0.751582,-0.044215,0.030761,-0.085523,0.995861,0,0.83827,-0.39758,22.133,-0.224,-1,765.064,-1,-1,280.726,666.914,706.537,473.369,512.229,972.741,-1,-1,-1,-1,-1,-1,197.191,2,0,2,2,1,0,0,0,0,0,2,2,2,2,2,2,1
112,-6306.050,-4767.720,266.583,-139.399,-0.759046,0.646227,0.078991,-0.650601,-0.757371,-0.055740,0.023805,-0.093701,0.995316,0,0.83455,-0.40507,18.862,-0.582,-1,740.121,-1,-1,260.420,649.689,692.772,458.938,527.716,983.006,-1,-1,-1,-1,-1,-1,180.082,2,0,2,2,1,0,0,0,0,0,2,2,2,2,2,2,1
113,-6312.446,-4775.658,268.492,-140.406,-0.770435,0.631850,0.084827,-0.637216,-0.767323,-0.071911,0.019653,-0.109456,0.993797,0,0.83303,-0.40813,10.194,-1.007,-1,724.330,-1,-1,261.728,643.216,693.350,438.588,567.259,963.728,-1,-1,-1,-1,-1,-1,174.650,2,0,2,2,1,0,0,0,0,0,2,2,2,2,2,2,1
114,-6312.687,-4779.990,272.184,-141.300,-0.780262,0.617752,0.097842,-0.625112,-0.775399,-0.089397,0.020641,-0.130916,0.991179,0,0.83490,-0.40437,4.339,-0.894,-1,722.621,-1,-1,408.988,655.556,717.243,417.179,644.569,916.036,-1,-1,-1,-1,-1,-1,175.798,2,0,2,2,1,0,0,0,0,0,2,2,2,2,2,2,1
115,-6309.749,-4781.879,277.203,-141.817,-0.785791,0.607593,0.115600,-0.617987,-0.778866,-0.107048,0.024996,-0.155557,0.987511,0,0.83741,-0.39931,3.493,-0.517,-1,730.063,-1,-1,489.876,681.828,759.206,395.763,769.140,857.260,-1,-1,-1,-1,-1,-1,179.509,2,0,2,2,1,0,0,0,0,0,2,2,2,2,2,2,1
116,-6306.060,-4782.833,282.951,-141.966,-0.787276,0.601822,0.134192,-0.615836,-0.778292,-0.122507,0.030713,-0.179087,0.983354,0,0.83897,-0.39617,3.810,-0.150,-1,743.138,-1,-1,-1,716.821,811.528,378.308,959.344,805.016,-1,-1,-1,-1,-1,-1,182.932,2,0,2,2,2,0,0,0,0,0,2,2,2,2,2,2,1
117,-6302.663,-4784.128,288.803,-141.976,-0.787229,0.598225,0.149659,-0.615588,-0.776677,-0.133512,0.036366,-0.197233,0.979682,0,0.83909,-0.39593,3.636,-0.010,-1,760.346,-1,-1,-1,755.105,862.375,368.984,-1,768.952,-1,-1,-1,-1,-1,-1,185.369,2,0,2,2,2,0,0,0,2,0,2,2,2,2,2,2,1
118,-6299.854,-4785.354,294.403,-142.059,-0.788014,0.594063,0.161625,-0.614349,-0.775866,-0.143554,0.040119,-0.212417,0.976355,0,0.83839,-0.39735,3.064,-0.084,-1,774.356,-1,-1,-1,787.641,905.118,362.999,-1,744.808,-1,-1,-1,-1,-1,-1,187.549,2,0,2,2,2,0,0,0,2,0,2,2,2,2,2,2,1
119,-6297.624,-4786.368,299.512,-142.243,-0.789929,0.589099,0.170222,-0.611793,-0.775930,-0.153762,0.041500,-0.225601,0.973335,0,0.83812,-0.39789,2.450,-0.183,-1,782.318,-1,-1,-1,810.282,936.169,358.389,-1,729.243,-1,-1,-1,-1,-1,-1,189.590,2,0,2,2,2,0,0,0,2,0,2,2,2,2,2,2,1
120,-6295.976,-4787.229,304.001,-142.507,-0.792747,0.583424,0.176547,-0.608146,-0.776671,-0.164137,0.041357,-0.237485,0.970510,0,0.83847,-0.39718,1.859,-0.264,-1,785.610,-1,-1,-1,825.034,957.420,354.067,-1,717.615,-1,-1,-1,-1,-1,-1,-1,2,0,2,2,2,0,0,0,2,0,2,2,2,2,2,2,2
121,-6294.746,-4788.102,307.697,-142.777,-0.795651,0.578139,0.180819,-0.604438,-0.777404,-0.174061,0.039938,-0.247785,0.967991,0,0.83932,-0.39546,1.508,-0.270,-1,784.436,-1,-1,-1,831.923,969.545,349.992,-1,709.840,-1,-1,-1,-1,-1,-1,-1,2,0,2,2,2,0,0,0,2,0,2,2,2,2,2,2,2
122,-6293.757,-4788.890,310.484,-143.016,-0.798260,0.573767,0.183226,-0.601180,-0.777642,-0.183998,0.036912,-0.257030,0.965698,0,0.32941,-0.28413,1.264,-0.239,-1,777.143,-1,-1,-1,828.943,970.696,345.319,-1,704.946,-1,-1,-1,-1,-1,-1,-1,2,0,2,2,2,0,0,0,2,0,2,2,2,2,2,2,2
123,-6292.926,-4789.622,312.271,-143.217,-0.800483,0.570385,0.184086,-0.598472,-0.777337,-0.193854,0.032526,-0.265347,0.963604,0,0.32973,-0.28252,1.107,-0.201,-1,764.302,-1,-1,-1,816.987,961.881,339.779,-1,701.865,-1,-1,-1,-1,-1,-1,-1,2,0,2,2,2,0,0,0,2,0,2,2,2,2,2,2,2
124,-6292.281,-4790.380,313.017,-143.417,-0.802696,0.567361,0.183797,-0.595756,-0.777003,-0.203325,0.027452,-0.272706,0.961706,0,0.32998,-0.28124,0.995,-0.201,-1,748.028,-1,-1,-1,799.042,946.272,333.569,-1,699.253,-1,-1,-1,-1,-1,-1,-1,2,0,2,2,2,0,0,0,2,0,2,2,2,2,2,2,2
125,-6291.891,-4791.125,312.841,-143.619,-0.804895,0.564596,0.182689,-0.592998,-0.776834,-0.211855,0.022307,-0.278855,0.960074,0,0.33023,-0.27996,0.841,-0.202,-1,729.948,-1,-1,-1,778.263,927.097,327.041,-1,696.755,-1,-1,-1,-1,-1,-1,-1,2,0,2,2,2,0,0,0,2,0,2,2,2,2,2,2,2
126,-6291.830,-4791.873,312.017,-143.799,-0.806810,0.562376,0.181080,-0.590520,-0.777212,-0.217320,0.018522,-0.282267,0.959157,0,0.33049,-0.27863,0.751,-0.179,-1,714.998,-1,-1,-1,761.135,910.309,322.142,-1,695.195,-1,-1,-1,-1,-1,-1,-1,2,0,2,2,2,0,0,0,2,0,2,2,2,2,2,2,2
127,-6292.144,-4792.559,310.731,-143.943,-0.808316,0.560877,0.179001,-0.588516,-0.778285,-0.218911,0.016532,-0.282294,0.959186,0,0.33071,-0.27750,0.755,-0.144,-1,706.353,-1,-1,-1,749.604,897.057,319.738,-1,695.417,-1,-1,-1,-1,-1,-1,-1,2,0,2,2,2,0,0,0,2,0,2,2,2,2,2,2,2
128,-6292.856,-4793.110,309.100,-144.050,-0.809423,0.560138,0.176297,-0.587000,-0.780127,-0.216411,0.016314,-0.278654,0.960253,0,0.33087,-0.27663,0.900,-0.108,-1,704.221,-1,-1,-1,743.728,888.383,320.254,-1,698.461,-1,-1,-1,-1,-1,-1,-1,2,0,2,2,2,0,0,0,2,0,2,2,2,2,2,2,2
129,-6293.990,-4793.336,307.211,-144.153,-0.810461,0.559706,0.172863,-0.585532,-0.782823,-0.210572,0.017463,-0.271878,0.962173,0,0.33100,-0.27598,1.157,-0.103,-1,707.409,-1,-1,-1,742.172,883.049,323.360,-1,704.446,-1,-1,-1,-1,-1,-1,-1,2,0,2,2,2,0,0,0,2,0,2,2,2,2,2,2,2
130,-6295.511,-4793.097,305.095,-144.291,-0.811836,0.559083,0.168366,-0.583562,-0.786516,-0.202110,0.019426,-0.262333,0.964782,0,0.33118,-0.27505,1.540,-0.138,-1,714.445,-1,-1,-1,743.002,878.859,328.879,-1,713.822,-1,-1,-1,-1,-1,-1,-1,2,0,2,2,2,0,0,0,2,0,2,2,2,2,2,2,2
131,-6297.342,-4792.568,302.630,-144.436,-0.813272,0.558818,0.162210,-0.581480,-0.790877,-0.190771,0.021682,-0.249471,0.968139,0,0.33152,-0.27332,1.905,-0.145,-1,724.138,-1,-1,-1,744.085,873.062,337.592,-1,728.529,-1,-1,-1,-1,-1,-1,195.466,2,0,2,2,2,0,0,0,2,0,2,2,2,2,2,2,1
132,-6299.453,-4791.772,299.713,-144.584,-0.814741,0.558942,0.154209,-0.579341,-0.795605,-0.177133,0.023683,-0.233658,0.972030,0,0.33193,-0.27124,2.256,-0.149,-1,734.559,-1,-1,-1,743.134,863.261,348.974,-1,748.141,-1,-1,-1,-1,-1,-1,220.066,2,0,2,2,2,0,0,0,2,0,2,2,2,2,2,2,1
133,-6301.824,-4790.731,296.239,-144.739,-0.816276,0.559346,0.144310,-0.577118,-0.800487,-0.161725,0.025058,-0.215296,0.976227,0,0.33239,-0.26885,2.589,-0.155,-1,743.798,-1,-1,-1,738.502,847.872,362.725,-1,773.349,-1,-1,-1,-1,-1,-1,241.731,2,0,2,2,2,0,0,0,2,0,2,2,2,2,2,2,1
134,-6304.441,-4789.466,292.122,-144.905,-0.817930,0.559837,0.132562,-0.574747,-0.805396,-0.144923,0.025632,-0.194727,0.980523,0,0.33292,-0.26615,2.907,-0.166,-1,750.700,-1,129.858,-1,729.350,826.249,378.674,-1,805.490,-1,-1,-1,-1,123.341,-1,257.535,2,0,2,1,2,0,0,0,2,0,2,2,2,2,1,2,1
135,-6307.301,-4787.997,287.298,-145.081,-0.819693,0.560286,0.119090,-0.572240,-0.810209,-0.126895,0.025390,-0.172163,0.984741,0,0.33351,-0.26311,3.216,-0.176,-1,755.421,-1,128.716,-1,715.606,798.577,396.888,931.920,846.407,-1,-1,-1,-1,122.224,-1,264.515,2,0,2,1,2,0,0,0,0,0,2,2,2,2,1,2,1
136,-6310.543,-4786.253,281.800,-145.204,-0.820949,0.561352,0.104530,-0.570480,-0.814160,-0.108148,0.024395,-0.148417,0.988624,0,0.33416,-0.25976,3.681,-0.124,-1,757.352,-1,127.276,-1,697.767,766.100,416.256,760.016,892.158,-1,-1,-1,-1,120.814,-1,252.454,2,0,2,1,2,0,0,0,0,0,2,2,2,2,1,2,1
137,-6314.138,-4784.424,275.642,-145.302,-0.821940,0.562627,0.088690,-0.569105,-0.817564,-0.087803,0.023109,-0.122642,0.992182,0,0.33477,-0.25662,4.033,-0.097,-1,758.538,-1,125.540,-1,677.833,730.260,438.026,634.474,949.656,-1,-1,-1,-1,119.120,-1,224.786,2,0,2,1,2,0,0,0,0,0,2,2,2,2,1,2,1
138,-6317.989,-4782.831,269.187,-145.422,-0.823188,0.563319,0.070952,-0.567408,-0.820673,-0.067406,0.020258,-0.095746,0.995200,0,0.33536,-0.25361,4.168,-0.121,-1,755.699,-1,122.978,-1,652.862,688.434,463.146,543.487,-1,-1,-1,-1,-1,116.958,-1,189.566,2,0,2,1,2,0,0,0,0,2,2,2,2,2,1,2,1
139,-6322.251,-4782.112,263.909,-145.517,-0.824180,0.563472,0.056803,-0.566076,-0.822653,-0.052922,0.016910,-0.075772,0.996982,0,0.33596,-0.25054,4.322,-0.095,-1,748.945,-1,118.744,-1,629.028,114.664,483.121,485.295,-1,-1,-1,-1,-1,113.733,-1,185.688,2,0,2,1,2,0,1,0,0,2,2,2,2,2,1,2,1
140,-6327.067,-4782.691,260.762,-145.602,-0.825014,0.562761,0.051491,-0.564867,-0.823910,-0.045805,0.016647,-0.066875,0.997622,0,0.33637,-0.24845,4.851,-0.084,-1,747.753,-1,113.861,-1,620.941,109.839,491.002,459.013,-1,-1,-1,-1,-1,109.402,-1,181.047,2,0,2,1,2,0,1,0,0,2,2,2,2,2,1,2,1
141,-6332.323,-4784.461,259.774,-145.702,-0.825962,0.561161,0.053720,-0.563394,-0.824991,-0.044465,0.019366,-0.066992,0.997566,0,0.33653,-0.24759,5.546,-0.100,-1,754.382,-1,108.519,-1,628.262,104.514,488.890,456.200,-1,-1,-1,-1,-1,104.163,-1,176.216,2,0,2,1,2,0,1,0,0,2,2,2,2,2,1,2,1
142,-6336.651,-4786.522,260.676,-145.889,-0.827718,0.557873,0.060499,-0.560636,-0.826734,-0.046878,0.023865,-0.072720,0.997067,0,0.33653,-0.24762,4.793,-0.187,-1,767.486,-1,104.467,-1,646.608,100.346,481.975,469.511,-1,-1,-1,-1,-1,99.832,-1,208.901,2,0,2,1,2,0,1,0,0,2,2,2,2,2,1,2,1
143,-6339.899,-4788.360,263.022,-146.105,-0.829708,0.553804,0.069900,-0.557429,-0.828614,-0.051694,0.029292,-0.081855,0.996214,0,0.37456,-0.41516,3.732,-0.216,-1,785.008,-1,101.816,-1,671.866,97.623,473.154,494.267,-1,-1,-1,-1,-1,96.693,-1,222.118,2,0,2,1,2,0,1,0,0,2,2,2,2,2,1,2,1
144,-6342.238,-4790.045,266.135,-146.273,-0.831207,0.550326,0.078973,-0.554904,-0.829974,-0.056780,0.034298,-0.091018,0.995258,0,0.37474,-0.41436,2.883,-0.168,-1,803.452,-1,99.197,-1,698.886,95.764,466.432,521.526,999.742,-1,-1,-1,-1,94.296,-1,227.399,2,0,2,1,2,0,1,0,0,0,2,2,2,2,1,2,1
145,-6343.977,-4791.508,269.414,-146.403,-0.832358,0.547537,0.085930,-0.552944,-0.830962,-0.061273,0.037855,-0.098516,0.994415,0,0.37481,-0.41402,2.273,-0.130,-1,819.203,-1,97.063,-1,722.547,94.318,462.848,549.352,977.750,-1,-1,-1,-1,92.328,-1,232.147,2,0,2,1,2,0,1,0,0,0,2,2,2,2,1,2,1
146,-6657.632,1051.466,480.638,-51.415,0.623024,0.781990,-0.018224,-0.780855,0.623149,0.044179,0.045903,-0.013294,0.998857,1,0.37483,-0.41392,0.000,0.000,-1,585.856,671.738,572.949,-1,480.701,474.737,609.867,532.201,-1,-1,-1,-1,-1,-1,-1,-1,2,0,1,0,2,0,0,0,0,2,2,2,2,2,2,2,2
147,-6658.434,1052.231,484.245,-51.386,0.623463,0.781654,-0.017617,-0.780618,0.623587,0.042137,0.043922,-0.012519,0.998957,0,0.83178,0.14354,1.109,0.028,-1,591.538,671.941,577.674,-1,485.375,479.166,626.913,541.504,-1,-1,-1,-1,-1,-1,-1,-1,2,0,1,0,2,0,0,0,0,2,2,2,2,2,2,2,2
148,-6658.732,1052.247,486.764,-51.349,0.623924,0.781270,-0.018327,-0.780157,0.624059,0.043656,0.045544,-0.012941,0.998879,0,0.83169,0.14333,0.299,0.037,-1,601.039,671.094,587.717,-1,493.027,486.882,635.951,550.639,-1,-1,-1,-1,-1,-1,-1,-1,2,0,1,0,2,0,0,0,0,2,2,2,2,2,2,2,2
149,-6658.508,1051.715,488.049,-51.288,0.624634,0.780640,-0.020824,-0.779339,0.624844,0.046904,0.049628,-0.013069,0.998682,0,0.83155,0.14301,0.578,0.061,-1,612.868,-1,598.949,-1,502.013,495.933,641.355,555.503,-1,-1,-1,-1,-1,-1,-1,-1,2,0,2,0,2,0,0,0,0,2,2,2,2,2,2,2,2
150,-6657.919,1050.818,488.142,-51.234,0.625188,0.780084,-0.024675,-0.778536,0.625550,0.050682,0.054972,-0.012476,0.998410,0,0.83128,0.14241,1.073,0.054,-1,625.036,-1,609.488,-1,510.710,504.495,644.561,555.055,-1,-1,-1,-1,-1,-1,-1,-1,2,0,2,0,2,0,0,0,0,2,2,2,2,2,2,2,2
151,-6656.939,1049.446,487.182,-51.171,0.625821,0.779388,-0.030056,-0.777568,0.626452,0.054271,0.061127,-0.010593,0.998074,0,0.83103,0.14185,1.686,0.063,-1,637.445,-1,618.303,-1,518.808,512.021,648.074,548.347,-1,-1,-1,-1,-1,-1,-1,-1,2,0,2,0,2,0,0,0,0,2,2,2,2,2,2,2,2
152,-6655.555,1047.554,485.428,-51.093,0.626661,0.778434,-0.036562,-0.776423,0.627689,0.056340,0.066807,-0.006919,0.997742,0,0.83073,0.14116,2.345,0.079,-1,648.263,-1,622.806,-1,524.753,516.782,654.625,535.033,-1,-1,-1,-1,-1,-1,-1,-1,2,0,2,0,2,0,0,0,0,2,2,2,2,2,2,2,2
153,-6653.813,1045.341,483.431,-50.958,0.628392,0.776818,-0.040958,-0.774842,0.629717,0.055460,0.068874,-0.003115,0.997621,0,0.83035,0.14030,2.816,0.134,-1,650.268,-1,618.478,-1,524.120,514.795,660.329,520.366,-1,-1,-1,-1,-1,-1,-1,-1,2,0,2,0,2,0,0,0,0,2,2,2,2,2,2,2,2
154,-6651.639,1042.822,481.666,-50.816,0.630375,0.775182,-0.041481,-0.773367,0.631737,0.053038,0.067319,-0.001354,0.997731,0,0.82970,0.13885,3.328,0.142,-1,642.632,-1,608.100,-1,517.414,507.334,658.950,510.647,-1,-1,-1,-1,-1,-1,-1,-1,2,0,2,0,2,0,0,0,0,2,2,2,2,2,2,2,2
155,-6648.844,1039.985,480.370,-50.666,0.632577,0.773554,-0.038234,-0.771930,0.633727,0.050145,0.063020,-0.002207,0.998010,0,0.82901,0.13728,3.982,0.150,-1,627.816,-1,594.710,-1,506.623,496.627,649.480,507.721,-1,-1,-1,-1,-1,-1,-1,-1,2,0,2,0,2,0,0,0,0,2,2,2,2,2,2,2,2
156,-6645.407,1037.015,479.593,-50.475,0.635396,0.771539,-0.031612,-0.770125,0.636158,0.047015,0.056384,-0.005528,0.998394,0,0.82824,0.13554,4.543,0.191,-1,607.681,647.824,579.391,-1,492.867,483.722,633.300,511.447,-1,-1,-1,-1,-1,-1,-1,-1,2,0,1,0,2,0,0,0,0,2,2,2,2,2,2,2,2
157,-6641.220,1033.887,479.321,-50.232,0.638906,0.768920,-0.023696,-0.767698,0.639263,0.044532,0.049389,-0.010260,0.998727,0,0.82725,0.13330,5.227,0.244,-1,587.798,641.891,565.535,-1,479.672,471.816,615.053,519.958,-1,-1,-1,-1,-1,-1,-1,-1,2,0,1,0,2,0,0,0,0,2,2,2,2,2,2,2,2
158,-6636.202,1030.320,479.677,-49.939,0.642945,0.765694,-0.018299,-0.764575,0.643050,0.043725,0.045247,-0.014122,0.998876,0,0.82597,0.13041,6.156,0.293,-1,576.531,634.406,558.154,-1,472.453,465.629,603.450,529.006,-1,-1,-1,-1,1004.827,-1,-1,-1,2,0,1,0,2,0,0,0,0,2,2,2,2,0,2,2,2
159,-6630.424,1026.289,480.576,-49.606,0.647404,0.761975,-0.016172,-0.760850,0.647394,0.044577,0.044436,-0.016555,0.998875,0,0.82443,0.12693,7.045,0.333,-1,574.462,625.445,557.423,-1,471.595,465.266,599.556,537.276,-1,-1,-1,-1,999.993,-1,-1,-1,2,0,1,0,2,0,0,0,0,2,2,2,2,0,2,2,2
160,-6624.016,1021.841,481.819,-49.237,0.652240,0.757837,-0.016278,-0.756624,0.652195,0.046502,0.045857,-0.018014,0.998786,0,0.82267,0.12295,7.801,0.368,-1,578.390,615.346,561.002,-1,474.902,468.723,600.634,545.078,-1,-1,-1,-1,-1,-1,-1,-1,2,0,1,0,2,0,0,0,0,2,2,2,2,2,2,2,2
161,-6617.289,1017.107,483.125,-48.863,0.657135,0.753589,-0.016630,-0.752296,0.657068,0.048086,0.047164,-0.019088,0.998705,0,0.33777,0.03588,8.226,0.375,-1,582.419,604.877,564.781,-1,478.114,472.100,603.130,552.175,-1,-1,-1,-1,-1,-1,-1,-1,2,0,1,0,2,0,0,0,0,2,2,2,2,2,2,2,2
162,-6610.570,1012.427,484.270,-48.493,0.661987,0.749345,-0.016001,-0.748063,0.661881,0.048117,0.046647,-0.019883,0.998714,0,0.33694,0.03138,8.188,0.369,-1,582.440,594.763,564.593,-1,478.239,472.218,605.578,557.798,-1,-1,-1,-1,-1,-1,-1,-1,2,0,1,0,2,0,0,0,0,2,2,2,2,2,2,2,2
163,-6603.835,1007.700,485.123,-48.142,0.666606,0.745266,-0.014629,-0.744047,0.666446,0.047367,0.045050,-0.020691,0.998770,0,0.33613,0.02692,8.228,0.351,-1,579.433,793.933,561.526,-1,476.063,469.960,606.589,562.351,-1,-1,-1,-1,-1,-1,-1,-1,2,0,1,0,2,0,0,0,0,2,2,2,2,2,2,2,2
164,-6597.061,1002.912,485.666,-47.800,0.671096,0.741259,-0.012887,-0.740125,0.670874,0.046284,0.042954,-0.021523,0.998845,0,0.33535,0.02265,8.296,0.342,-1,574.593,769.099,556.725,-1,472.464,466.450,606.172,565.816,-1,-1,-1,-1,-1,-1,-1,-1,2,0,1,0,2,0,0,0,0,2,2,2,2,2,2,2,2
165,-6590.214,998.000,485.920,-47.462,0.675514,0.737265,-0.011030,-0.736215,0.675229,0.045319,0.040860,-0.022493,0.998912,0,0.33459,0.01846,8.426,0.338,-1,568.958,-1,551.322,-1,468.258,462.375,604.128,568.647,-1,-1,-1,-1,1005.042,-1,-1,-1,2,0,2,0,2,0,0,0,0,2,2,2,2,0,2,2,2
166,-6583.333,992.773,485.994,-47.159,0.679432,0.733683,-0.009062,-0.732677,0.679061,0.045390,0.039455,-0.024200,0.998928,0,0.33383,0.01430,8.642,0.303,-1,563.679,-1,547.120,-1,464.514,459.002,598.936,572.937,-1,-1,-1,-1,992.986,-1,-1,-1,2,0,2,0,2,0,0,0,0,2,2,2,2,0,2,2,2
167,-6576.531,987.130,486.037,-46.942,0.682229,0.731107,-0.006877,-0.730120,0.681744,0.046362,0.038584,-0.026608,0.998901,0,0.33314,0.01051,8.837,0.217,-1,558.673,-1,544.115,-1,461.203,456.325,591.179,579.153,-1,-1,-1,-1,981.622,-1,-1,-1,2,0,2,0,2,0,0,0,0,2,2,2,2,0,2,2,2
168,-6569.838,981.038,486.098,-46.819,0.683804,0.729648,-0.005130,-0.728659,0.683213,0.047710,0.038316,-0.028887,0.998848,0,0.33262,0.00762,9.051,0.123,-1,554.680,-1,542.177,-1,458.626,454.397,583.687,585.311,-1,-1,-1,-1,973.712,-1,-1,-1,2,0,2,0,2,0,0,0,0,2,2,2,2,0,2,2,2
169,-6563.301,974.535,486.248,-46.778,0.684324,0.729166,-0.004268,-0.728164,0.683668,0.048736,0.038454,-0.030243,0.998803,0,0.33227,0.00573,9.220,0.041,-1,551.996,-1,540.639,-1,456.774,452.965,579.112,589.475,-1,-1,-1,-1,970.269,-1,-1,-1,2,0,2,0,2,0,0,0,0,2,2,2,2,0,2,2,2
170,-6556.936,967.674,486.517,-46.800,0.684032,0.729438,-0.004469,-0.728431,0.683386,0.048711,0.038586,-0.030065,0.998803,0,0.33209,0.00471,9.359,-0.023,-1,550.308,-1,538.442,-1,455.228,451.415,579.332,589.971,-1,-1,-1,-1,970.151,-1,-1,-1,2,0,2,0,2,0,0,0,0,2,2,2,2,0,2,2,2
171,-6550.690,960.528,486.914,-46.862,0.683247,0.730169,-0.005189,-0.729171,0.682654,0.047897,0.038515,-0.028942,0.998839,0,0.33203,0.00439,9.491,-0.062,-1,548.965,-1,535.589,-1,453.678,449.598,582.658,588.312,-1,-1,-1,-1,970.862,-1,-1,-1,2,0,2,0,2,0,0,0,0,2,2,2,2,0,2,2,2
172,-6544.495,953.141,487.405,-46.948,0.682168,0.731172,-0.005869,-0.730196,0.681633,0.046793,0.038215,-0.027636,0.998887,0,0.33205,0.00451,9.640,-0.085,-1,547.393,-1,532.385,-1,451.921,447.534,586.735,586.382,-1,-1,-1,-1,970.171,-1,-1,-1,2,0,2,0,2,0,0,0,0,2,2,2,2,0,2,2,2
173,-6538.339,945.582,487.959,-47.061,0.680745,0.732495,-0.006120,-0.731557,0.680253,0.045610,0.037572,-0.026572,0.998941,0,0.33212,0.00488,9.749,-0.113,-1,545.043,-1,528.827,-1,449.725,445.081,590.144,585.310,-1,-1,-1,-1,966.128,-1,-1,-1,2,0,2,0,2,0,0,0,0,2,2,2,2,0,2,2,2
174,-6532.228,937.890,488.650,-47.207,0.678894,0.734213,-0.005889,-0.733311,0.678419,0.044759,0.036858,-0.026068,0.998980,0,0.33224,0.00555,9.824,-0.146,-1,542.422,-1,525.787,-1,447.562,442.820,592.241,586.233,-1,-1,-1,-1,960.430,-1,-1,-1,2,0,2,0,2,0,0,0,0,2,2,2,2,0,2,2,2
175,-6526.038,929.847,489.519,-47.395,0.676454,0.736465,-0.005344,-0.735522,0.675923,0.046213,0.037646,-0.027331,0.998917,0,0.69872,-0.06232,10.149,-0.189,-1,541.867,-1,526.865,-1,447.545,443.214,589.980,592.823,-1,-1,-1,-1,961.764,-1,-1,-1,2,0,2,0,2,0,0,0,0,2,2,2,2,0,2,2,2
176,-6519.694,921.268,490.697,-47.670,0.672837,0.739778,-0.004307,-0.738658,0.672117,0.051403,0.040922,-0.031405,0.998669,0,0.69928,-0.06087,10.669,-0.274,-1,544.838,644.757,535.339,-1,451.135,448.075,580.640,608.837,-1,-1,-1,-1,975.063,-1,-1,-1,2,0,1,0,2,0,0,0,0,2,2,2,2,0,2,2,2
177,-6512.981,912.276,492.110,-47.950,0.669089,0.743172,-0.004002,-0.741799,0.668162,0.057396,0.045329,-0.035435,0.998343,0,0.70017,-0.05854,11.221,-0.280,-1,550.511,645.191,547.106,-1,456.816,455.010,572.660,626.190,-1,-1,-1,-1,998.938,-1,-1,-1,2,0,1,0,2,0,0,0,0,2,2,2,2,0,2,2,2
178,-6505.901,902.824,493.559,-48.216,0.665506,0.746380,-0.004240,-0.744747,0.664405,0.062600,0.049540,-0.038503,0.998030,0,0.70107,-0.05619,11.810,-0.266,-1,556.419,644.842,558.365,-1,462.332,461.552,567.662,641.230,-1,-1,-1,-1,-1,-1,-1,-1,2,0,1,0,2,0,0,0,0,2,2,2,2,2,2,2,2
179,-6498.471,892.934,494.830,-48.452,0.662338,0.749189,-0.004909,-0.747379,0.661166,0.065444,0.052276,-0.039677,0.997844,0,0.70191,-0.05402,12.370,-0.236,-1,560.157,-1,564.840,-1,465.494,465.209,567.177,649.870,-1,-1,-1,-1,-1,-1,-1,-1,2,0,2,0,2,0,0,0,0,2,2,2,2,2,2,2,2
180,-6490.773,882.661,495.748,-48.654,0.659693,0.751514,-0.005726,-0.749703,0.658597,0.064767,0.052444,-0.038433,0.997884,0,0.70261,-0.05217,12.837,-0.202,-1,559.364,-1,563.208,-1,464.375,463.766,571.364,649.456,-1,-1,-1,-1,-1,-1,-1,-1,2,0,2,0,2,0,0,0,0,2,2,2,2,2,2,2,2
181,-6483.000,872.181,496.390,-48.791,0.657949,0.753014,-0.008563,-0.751327,0.657162,0.060377,0.051092,-0.033292,0.998139,0,0.70318,-0.05068,13.048,-0.137,-1,557.359,-1,554.992,-1,460.996,458.809,585.595,636.153,-1,-1,-1,-1,-1,-1,-1,-1,2,0,2,0,2,0,0,0,0,2,2,2,2,2,2,2,2
182,-6475.345,861.733,497.261,-48.822,0.657512,0.753240,-0.017536,-0.751657,0.657376,0.053561,0.051872,-0.022036,0.998411,0,0.70350,-0.04985,12.952,-0.031,-1,564.605,-1,547.936,-1,462.484,456.748,620.808,607.108,-1,-1,-1,-1,-1,-1,-1,-1,2,0,2,0,2,0,0,0,0,2,2,2,2,2,2,2,2
183,-6468.062,850.958,498.628,-48.901,0.656345,0.753887,-0.029431,-0.752415,0.656938,0.048013,0.055531,-0.009369,0.998413,0,0.70342,-0.05006,13.005,-0.079,-1,580.164,-1,547.219,-1,469.561,459.904,666.885,578.632,-1,-1,-1,-1,-1,-1,-1,-1,2,0,2,0,2,0,0,0,0,2,2,2,2,2,2,2,2
184,-6460.792,839.724,500.586,-49.042,0.654236,0.755115,-0.042156,-0.753716,0.655591,0.045962,0.062343,0.001703,0.998053,0,0.70356,-0.04970,13.382,-0.140,-1,604.055,-1,555.736,-1,482.619,469.412,714.687,558.476,-1,-1,-1,-1,-1,-1,-1,-1,2,0,2,0,2,0,0,0,0,2,2,2,2,2,2,2,2
185,-6453.321,828.193,503.014,-49.232,0.651412,0.756884,-0.052799,-0.755526,0.653477,0.046358,0.069590,0.009693,0.997529,0,0.70395,-0.04868,13.739,-0.191,-1,629.213,-1,572.089,-1,497.319,456.954,754.846,548.203,-1,-1,-1,-1,-1,-1,-1,-1,2,0,2,0,2,0,1,0,0,2,2,2,2,2,2,2,2
186,-6445.540,816.460,505.601,-49.447,0.648322,0.759089,-0.058844,-0.757670,0.650851,0.048257,0.074930,0.013298,0.997100,0,0.70452,-0.04718,14.078,-0.215,-1,647.710,-1,587.982,-1,508.593,439.674,777.944,548.532,-1,-1,-1,-1,-1,-1,-1,-1,2,0,2,0,2,0,1,0,0,2,2,2,2,2,2,2,2
187,-6437.631,804.474,507.914,-49.753,0.644169,0.762680,-0.058018,-0.760996,0.646686,0.051785,0.077015,0.010793,0.996971,0,0.70517,-0.04549,14.361,-0.306,-1,652.135,-1,600.172,-1,512.580,423.592,772.311,561.800,-1,-1,-1,-1,-1,-1,-1,-1,2,0,2,0,2,0,1,0,0,2,2,2,2,2,2,2,2
188,-6429.552,792.272,509.624,-50.143,0.638995,0.767462,-0.051841,-0.765385,0.641084,0.056536,0.076623,0.003552,0.997054,0,0.70617,-0.04289,14.634,-0.390,-1,644.278,-1,608.191,-1,510.055,408.425,743.736,584.652,-1,-1,-1,-1,-1,-1,-1,-1,2,0,2,0,2,0,1,0,0,2,2,2,2,2,2,2,2
189,-6421.291,779.999,510.525,-50.575,0.633307,0.772753,-0.042130,-0.770307,0.634672,0.061792,0.074489,-0.006681,0.997199,0,0.70748,-0.03947,14.795,-0.432,-1,627.500,-1,612.906,-1,502.264,393.835,701.314,613.451,-1,-1,-1,-1,-1,-1,-1,-1,2,0,2,0,2,0,1,0,0,2,2,2,2,2,2,2,2
190,-6412.774,767.561,510.408,-51.009,0.627566,0.777941,-0.031121,-0.775224,0.628073,0.067468,0.072032,-0.018215,0.997236,0,0.70894,-0.03566,15.074,-0.434,-1,606.717,-1,616.622,-1,491.553,379.170,654.279,644.378,-1,-1,-1,-1,-1,-1,-1,-1,2,0,2,0,2,0,1,0,0,2,2,2,2,2,2,2,2
191,-6403.676,755.142,509.317,-51.324,0.623434,0.781571,-0.021861,-0.778836,0.623230,0.070710,0.068889,-0.027057,0.997257,0,0.71039,-0.03187,15.395,-0.315,-1,584.730,-1,611.617,-1,478.315,471.443,616.348,665.902,-1,-1,-1,-1,-1,-1,-1,-1,2,0,2,0,2,0,1,0,0,2,2,2,2,2,2,2,2
192,-6394.298,742.578,507.477,-51.548,0.620600,0.784012,-0.013479,-0.781543,0.619858,0.070472,0.063606,-0.033200,0.997423,0,0.82258,-0.38707,15.678,-0.224,-1,558.868,-1,594.093,-1,436.962,462.263,586.988,677.078,-1,-1,-1,-1,-1,-1,-1,-1,2,0,2,0,2,1,0,0,0,2,2,2,2,2,2,2,2
193,-6384.778,729.615,505.120,-51.736,0.618282,0.785929,-0.006581,-0.783904,0.617250,0.067062,0.056768,-0.036304,0.997727,0,0.82325,-0.38556,16.083,-0.188,-1,531.328,-1,567.404,-1,425.517,443.090,565.750,676.930,-1,-1,-1,-1,-1,-1,-1,-1,2,0,2,0,2,1,0,0,0,2,2,2,2,2,2,2,2
194,-6376.002,715.601,503.172,-52.138,0.612911,0.790150,-0.001708,-0.788390,0.611688,0.065415,0.052733,-0.038747,0.997857,0,0.82376,-0.38440,16.536,-0.401,-1,511.154,-1,551.270,-1,422.415,429.258,546.370,676.876,-1,-1,-1,-1,-1,-1,-1,-1,2,0,2,0,2,1,0,0,0,2,2,2,2,2,2,2,2
195,-6367.299,700.692,502.259,-52.610,0.606353,0.795193,-0.002288,-0.793370,0.605153,0.065982,0.053853,-0.038193,0.997818,0,0.82532,-0.38087,17.264,-0.472,-1,505.407,-1,551.412,-1,257.507,424.997,537.441,672.009,-1,-1,-1,-1,-1,-1,-1,-1,2,0,2,0,2,1,0,0,0,2,2,2,2,2,2,2,2
196,-6358.773,685.015,502.645,-53.130,0.598986,0.800731,-0.006781,-0.798654,0.598004,0.067404,0.058028,-0.034959,0.997703,0,0.82724,-0.37655,17.845,-0.520,-1,510.300,-1,563.115,-1,230.110,427.639,539.658,664.060,-1,-1,-1,-1,-1,-1,-1,-1,2,0,2,0,2,1,0,0,0,2,2,2,2,2,2,2,2
197,-6350.267,668.658,504.201,-53.679,0.591082,0.806504,-0.013144,-0.804054,0.590426,0.069955,0.064180,-0.030781,0.997464,0,0.82941,-0.37165,18.437,-0.549,-1,522.941,-1,584.727,-1,198.433,437.770,549.008,657.889,-1,-1,-1,-1,-1,-1,-1,-1,2,0,2,0,2,1,0,0,0,2,2,2,2,2,2,2,2
198,-6341.991,651.710,506.717,-54.290,0.582203,0.812805,-0.019714,-0.809926,0.581921,0.073404,0.071135,-0.026769,0.997107,0,0.83174,-0.36640,18.861,-0.611,-1,541.652,-1,616.829,-1,177.098,453.432,558.574,655.853,-1,-1,-1,-1,-1,-1,-1,-1,2,0,2,0,2,1,0,0,0,2,2,2,2,2,2,2,2
199,-6334.390,634.258,509.789,-55.056,0.571102,0.820539,-0.023629,-0.817328,0.571071,0.076506,0.076270,-0.024381,0.996789,0,0.83438,-0.36043,19.035,-0.766,-1,557.123,-1,649.335,-1,156.473,468.337,565.848,660.449,-1,-1,-1,-1,-1,-1,-1,-1,2,0,2,0,2,1,0,0,0,2,2,2,2,2,2,2,2
200,-6327.521,616.478,513.000,-55.984,0.557706,0.829672,-0.024673,-0.826327,0.557775,0.077913,0.078404,-0.023065,0.996655,0,0.83779,-0.35272,19.061,-0.927,-1,119.521,-1,674.076,-1,136.805,478.533,568.808,668.302,-1,-1,-1,-1,-1,-1,-1,-1,2,1,2,0,2,1,0,0,0,2,2,2,2,2,2,2,2
201,-6321.902,598.314,515.922,-57.123,0.541145,0.840622,-0.022743,-0.837218,0.541098,0.079236,0.078914,-0.023837,0.996596,0,0.84200,-0.34322,19.013,-1.139,-1,102.844,-1,695.418,-1,118.675,490.141,562.421,681.357,-1,-1,-1,-1,94.125,-1,-1,-1,2,1,2,0,2,1,0,0,0,2,2,2,2,1,2,2,2
202,-6317.034,579.713,518.344,-58.390,0.522444,0.852410,-0.021188,-0.848888,0.522303,0.081175,0.080261,-0.024423,0.996475,0,0.84728,-0.33130,19.227,-1.267,-1,87.062,-1,718.669,-1,101.372,503.003,555.758,692.452,-1,-1,-1,-1,79.675,-1,-1,-1,2,1,2,0,2,1,0,0,0,2,2,2,2,1,2,2,2
203,-6311.973,556.701,520.510,-60.027,0.497832,0.867021,-0.020938,-0.863200,0.497687,0.084816,0.083957,-0.024151,0.996177,0,0.85322,-0.31790,23.563,-1.637,-1,69.106,-1,751.133,-1,81.391,521.610,545.309,700.711,-1,-1,-1,-1,63.264,-1,-1,-1,2,1,2,0,2,1,0,0,0,2,2,2,2,1,2,2,2
204,-6308.934,540.929,521.570,-61.150,0.480660,0.876626,-0.022189,-0.872515,0.480628,0.087826,0.087655,-0.022854,0.995889,0,0.86097,-0.30040,16.062,-1.123,-1,57.584,-1,776.350,-1,68.348,537.349,539.518,701.668,-1,-1,-1,-1,52.744,-1,-1,-1,2,1,2,0,2,1,0,0,0,2,2,2,2,1,2,2,2
205,-6305.732,520.849,522.694,-62.589,0.458382,0.888420,-0.024427,-0.883903,0.458575,0.091781,0.092742,-0.020479,0.995480,0,0.86633,-0.28828,20.334,-1.439,-1,43.891,-1,807.887,-1,52.617,558.661,534.622,699.978,-1,-1,-1,-1,40.234,-1,-1,-1,2,1,2,0,2,1,0,0,0,2,2,2,2,1,2,2,2
206,-6303.282,501.320,523.664,-63.916,0.437655,0.898731,-0.027221,-0.894014,0.438188,0.093435,0.095901,-0.016556,0.995253,0,0.87327,-0.27261,19.681,-1.327,-1,31.329,-1,827.545,-1,545.346,574.279,531.520,692.727,-1,-1,-1,-1,28.735,-1,-1,-1,2,1,2,0,2,0,0,0,0,2,2,2,2,1,2,2,2
207,-6301.176,491.499,523.245,-63.708,0.441545,0.896592,-0.034086,-0.893698,0.442856,0.071994,0.079644,-0.001326,0.996822,0,0.87977,-0.25793,10.045,0.209,-1,65.610,-1,732.867,-1,506.573,527.090,560.639,645.129,-1,-1,-1,-1,63.477,-1,-1,-1,2,1,2,0,2,0,0,0,0,2,2,2,2,1,2,2,2
208,-6301.105,488.175,522.179,-63.039,0.452730,0.891006,-0.033812,-0.890034,0.453866,0.042951,0.053615,0.010648,0.998505,0,0.87908,-0.25949,3.324,0.669,-1,60.112,-1,618.916,-1,448.341,461.272,587.726,606.624,-1,-1,-1,-1,59.265,-1,-1,-1,2,1,2,0,2,0,0,0,0,2,2,2,2,1,2,2,2
209,-6302.509,486.294,521.981,-62.372,0.463408,0.885670,-0.029014,-0.885354,0.464130,0.027068,0.037439,0.013144,0.999212,0,0.87626,-0.26586,2.347,0.667,-1,49.958,-1,564.901,-1,416.746,427.040,595.504,597.621,-1,-1,-1,-1,49.444,-1,-1,-1,2,1,2,0,2,0,0,0,0,2,2,2,2,1,2,2,2
210,-6304.479,484.237,522.713,-61.737,0.473223,0.880610,-0.024215,-0.880219,0.473770,0.027501,0.035690,0.008301,0.999328,0,0.87353,-0.27204,2.848,0.635,-1,39.611,-1,565.741,-1,413.987,426.107,587.358,611.738,-1,-1,-1,-1,38.968,-1,-1,-1,2,1,2,0,2,0,0,0,0,2,2,2,2,1,2,2,2
211,-6306.723,481.875,523.882,-61.117,0.482507,0.875624,-0.021656,-0.874687,0.482992,0.040509,0.045931,-0.000604,0.998944,0,0.87100,-0.27775,3.258,0.619,-1,29.655,-1,608.857,-1,433.914,450.760,572.455,639.266,-1,-1,-1,-1,28.859,-1,-1,-1,2,1,2,0,2,0,0,0,0,2,2,2,2,1,2,2,2
212,-6308.641,479.899,524.759,-60.610,0.489772,0.871513,-0.024250,-0.869572,0.490312,0.058642,0.062997,-0.007634,0.997985,0,0.86858,-0.28321,2.754,0.507,-1,22.225,-1,676.556,-1,468.872,490.485,562.010,663.067,-1,-1,-1,-1,21.433,-1,-1,-1,2,1,2,0,2,0,0,0,0,2,2,2,2,1,2,2,2
213,-6310.318,478.265,524.767,-60.162,0.495854,0.867881,-0.030176,-0.864464,0.496613,0.077959,0.082645,-0.012570,0.996500,0,0.86661,-0.28766,2.342,0.449,-1,16.351,-1,760.072,-1,511.462,538.316,554.302,679.659,-1,-1,-1,-1,15.392,-1,-1,-1,2,1,2,0,2,0,0,0,0,2,2,2,2,1,2,2,2
214,-6311.178,477.594,524.063,-59.902,0.498989,0.865778,-0.037934,-0.860885,0.500241,0.092927,0.099430,-0.013712,0.994950,0,0.86485,-0.29162,1.091,0.259,-1,17.461,-1,836.896,-1,552.095,580.695,552.505,683.192,-1,-1,-1,-1,16.050,-1,-1,-1,2,1,2,0,2,0,0,0,0,2,2,2,2,1,2,2,2
215,-6311.678,477.582,523.201,-59.778,0.500329,0.864768,-0.042977,-0.858889,0.501979,0.101619,0.109450,-0.013931,0.993895,0,0.86382,-0.29395,0.500,0.125,-1,18.601,-1,885.182,-1,577.488,607.093,551.196,682.629,-1,-1,-1,-1,17.132,-1,-1,-1,2,1,2,0,2,0,0,0,0,2,2,2,2,1,2,2,2
216,-6311.973,477.675,522.439,-59.694,0.501399,0.864109,-0.043759,-0.857834,0.503077,0.105047,0.112786,-0.015133,0.993504,0,0.86332,-0.29509,0.310,0.084,-1,19.214,-1,902.524,-1,584.251,614.826,546.854,684.134,-1,-1,-1,-1,17.706,-1,-1,-1,2,1,2,0,2,0,0,0,0,2,2,2,2,1,2,2,2
217,-6312.012,477.760,521.874,-59.621,0.502613,0.863484,-0.042129,-0.857418,0.504127,0.103394,0.110517,-0.015845,0.993748,0,0.63035,0.18095,0.093,0.073,-1,19.220,-1,887.783,-1,575.266,606.026,543.494,683.885,-1,-1,-1,-1,17.703,-1,-1,-1,2,1,2,0,2,0,0,0,0,2,2,2,2,1,2,2,2
218,-6311.910,477.708,521.502,-59.548,0.504044,0.862760,-0.039814,-0.857325,0.505386,0.097873,0.104562,-0.015199,0.994402,0,0.63012,0.18022,0.114,0.074,-1,18.791,-1,852.490,-1,556.797,586.739,543.463,679.687,-1,-1,-1,-1,17.289,-1,-1,-1,2,1,2,0,2,0,0,0,0,2,2,2,2,1,2,2,2
219,-6311.753,477.392,521.272,-59.453,0.505826,0.861799,-0.037986,-0.857124,0.507076,0.090621,0.097359,-0.013280,0.995161,0,0.62987,0.17947,0.353,0.094,-1,18.064,-1,811.799,-1,536.420,565.142,546.774,672.125,-1,-1,-1,-1,16.600,-1,-1,-1,2,1,2,0,2,0,0,0,0,2,2,2,2,1,2,2,2
220,-6311.597,476.806,521.260,-59.328,0.507975,0.860578,-0.036977,-0.856487,0.509194,0.084568,0.091606,-0.011288,0.995731,0,0.62957,0.17852,0.606,0.125,-1,17.154,-1,781.069,-1,521.722,548.955,551.225,665.424,-1,-1,-1,-1,15.749,-1,-1,-1,2,1,2,0,2,0,0,0,0,2,2,2,2,1,2,2,2
221,-6311.451,476.087,521.473,-59.183,0.510289,0.859205,-0.037029,-0.855426,0.511539,0.081080,0.088606,-0.009698,0.996019,0,0.62917,0.17730,0.733,0.146,-1,16.211,-1,765.749,-1,515.076,541.194,555.853,661.079,-1,-1,-1,-1,14.877,-1,-1,-1,2,1,2,0,2,0,0,0,0,2,2,2,2,1,2,2,2
222,-6311.430,475.362,521.833,-59.044,0.512371,0.857928,-0.037888,-0.854217,0.513696,0.080185,0.088256,-0.008720,0.996060,0,0.62871,0.17588,0.725,0.138,-1,15.467,-1,764.140,-1,515.350,541.007,559.781,659.365,-1,-1,-1,-1,14.195,-1,-1,-1,2,1,2,0,2,0,0,0,0,2,2,2,2,1,2,2,2
223,-6311.499,474.713,522.244,-58.912,0.514260,0.856732,-0.039324,-0.852918,0.515697,0.081167,0.089817,-0.008201,0.995924,0,0.62829,0.17457,0.653,0.132,-1,14.936,-1,772.029,-1,520.338,546.067,562.986,659.399,-1,-1,-1,-1,13.713,-1,-1,-1,2,1,2,0,2,0,0,0,0,2,2,2,2,1,2,2,2
224,-6311.601,474.142,522.619,-58.789,0.515982,0.855626,-0.040828,-0.851617,0.517531,0.083126,0.092254,-0.008122,0.995702,0,0.62789,0.17333,0.580,0.123,-1,14.545,-1,784.543,-1,527.544,553.497,565.087,660.678,-1,-1,-1,-1,13.361,-1,-1,-1,2,1,2,0,2,0,0,0,0,2,2,2,2,1,2,2,2
225,-6311.706,473.630,522.897,-58.675,0.517564,0.854614,-0.041976,-0.850397,0.519196,0.085211,0.094616,-0.008406,0.995478,0,0.62752,0.17218,0.522,0.114,-1,14.222,-1,797.077,-1,534.334,560.624,565.937,662.645,-1,-1,-1,-1,13.070,-1,-1,-1,2,1,2,0,2,0,0,0,0,2,2,2,2,1,2,2,2
226,-6311.791,473.149,523.050,-58.568,0.519061,0.853676,-0.042587,-0.849295,0.520729,0.086827,0.096298,-0.008900,0.995313,0,0.62717,0.17111,0.489,0.107,-1,13.904,-1,806.357,-1,539.060,565.656,565.749,664.688,-1,-1,-1,-1,12.782,-1,-1,-1,2,1,2,0,2,0,0,0,0,2,2,2,2,1,2,2,2
227,-6311.847,472.669,523.081,-58.467,0.520523,0.852779,-0.042703,-0.848309,0.522186,0.087713,0.097099,-0.009432,0.995230,0,0.62685,0.17012,0.483,0.101,-1,13.552,-1,811.012,-1,541.051,567.943,564.940,666.316,-1,-1,-1,-1,12.460,-1,-1,-1,2,1,2,0,2,0,0,0,0,2,2,2,2,1,2,2,2
228,-6311.875,472.168,523.022,-58.368,0.521988,0.851893,-0.042500,-0.847404,0.523622,0.087902,0.097137,-0.009869,0.995222,0,0.62654,0.16916,0.501,0.099,-1,13.152,-1,811.435,-1,15.264,567.844,563.964,667.268,-1,-1,-1,-1,12.092,-1,-1,-1,2,1,2,0,2,1,0,0,0,2,2,2,2,1,2,2,2
229,-6311.894,471.711,522.906,-58.274,0.523400,0.851042,-0.042180,-0.846609,0.525002,0.087323,0.096460,-0.009995,0.995287,0,0.44457,0.19870,0.457,0.093,-1,12.764,-1,807.666,-1,14.805,565.540,563.484,667.061,-1,-1,-1,-1,11.734,-1,-1,-1,2,1,2,0,2,1,0,0,0,2,2,2,2,1,2,2,2
230,-6311.916,471.312,522.777,-58.193,0.524657,0.850283,-0.041870,-0.845956,0.526234,0.086235,0.095358,-0.009823,0.995395,0,0.44437,0.19782,0.400,0.081,-1,12.421,-1,801.392,-1,14.402,561.986,563.613,665.924,-1,-1,-1,-1,11.417,-1,-1,-1,2,1,2,0,2,1,0,0,0,2,2,2,2,1,2,2,2
231,-6311.936,470.905,522.680,-58.116,0.525836,0.849563,-0.041697,-0.845329,0.527400,0.085259,0.094424,-0.009585,0.995486,0,0.44419,0.19705,0.408,0.077,-1,12.079,-1,796.041,-1,14.000,559.008,564.005,664.740,-1,-1,-1,-1,11.101,-1,-1,-1,2,1,2,0,2,1,0,0,0,2,2,2,2,1,2,2,2
232,-6311.956,470.486,522.639,-58.040,0.526982,0.848852,-0.041708,-0.844671,0.528546,0.084676,0.093922,-0.009393,0.995535,0,0.44403,0.19633,0.419,0.076,-1,11.739,-1,793.100,-1,13.600,557.392,564.509,663.934,-1,-1,-1,-1,10.787,-1,-1,-1,2,1,2,0,2,1,0,0,0,2,2,2,2,1,2,2,2
233,-6311.980,470.067,522.659,-57.965,0.528102,0.848148,-0.041871,-0.843977,0.529677,0.084529,0.093871,-0.009301,0.995541,0,0.44387,0.19562,0.419,0.076,-1,11.408,-1,792.732,-1,13.209,557.205,565.012,663.672,-1,-1,-1,-1,10.483,-1,-1,-1,2,1,2,0,2,1,0,0,0,2,2,2,2,1,2,2,2
234,-6312.009,469.658,522.729,-57.890,0.529191,0.847457,-0.042112,-0.843264,0.530782,0.084719,0.094148,-0.009321,0.995515,0,0.44370,0.19491,0.410,0.075,-1,11.088,-1,794.312,-1,12.831,558.078,565.438,663.936,-1,-1,-1,-1,10.190,-1,-1,-1,2,1,2,0,2,1,0,0,0,2,2,2,2,1,2,2,2
235,-6312.040,469.261,522.831,-57.816,0.530249,0.846784,-0.042348,-0.842551,0.531854,0.085086,0.094573,-0.009436,0.995473,0,0.44354,0.19421,0.398,0.073,-1,10.776,-1,796.890,-1,12.463,559.463,565.744,664.591,-1,-1,-1,-1,9.904,-1,-1,-1,2,1,2,0,2,1,0,0,0,2,2,2,2,1,2,2,2
236,-6312.069,468.875,522.944,-57.745,0.531282,0.846127,-0.042526,-0.841853,0.532895,0.085474,0.094984,-0.009611,0.995432,0,0.44338,0.19352,0.387,0.072,-1,10.466,-1,799.555,-1,12.097,560.867,565.930,665.445,-1,-1,-1,-1,9.620,-1,-1,-1,2,1,2,0,2,1,0,0,0,2,2,2,2,1,2,2,2
237,-6312.095,468.494,523.049,-57.674,0.532300,0.845482,-0.042623,-0.841177,0.533913,0.085776,0.095279,-0.009805,0.995402,0,0.44323,0.19285,0.382,0.070,-1,10.153,-1,801.671,-1,11.729,561.945,566.020,666.313,-1,-1,-1,-1,9.333,-1,-1,-1,2,1,2,0,2,1,0,0,0,2,2,2,2,1,2,2,2
238,-6312.117,468.113,523.133,-57.605,0.533310,0.844844,-0.042651,-0.840520,0.534920,0.085944,0.095424,-0.009986,0.995387,0,0.44308,0.19219,0.382,0.069,-1,9.835,-1,802.961,-1,11.355,562.578,566.053,667.054,-1,-1,-1,-1,9.040,-1,-1,-1,2,1,2,0,2,1,0,0,0,2,2,2,2,1,2,2,2
239,-6312.133,467.727,523.190,-57.536,0.534321,0.844205,-0.042640,-0.839876,0.535924,0.085987,0.095442,-0.010133,0.995383,0,0.44293,0.19154,0.387,0.069,-1,9.511,-1,803.461,-1,10.976,562.770,566.066,667.591,-1,-1,-1,-1,8.743,-1,-1,-1,2,1,2,0,2,1,0,0,0,2,2,2,2,1,2,2,2
240,-6312.146,467.333,523.221,-57.467,0.535336,0.843563,-0.042623,-0.839236,0.536933,0.085942,0.095383,-0.010238,0.995388,0,0.44278,0.19090,0.394,0.069,-1,9.186,-1,803.408,-1,10.595,562.655,566.086,667.916,-1,-1,-1,-1,8.444,-1,-1,-1,2,1,2,0,2,1,0,0,0,2,2,2,2,1,2,2,2
241,-6312.157,466.933,523.231,-57.397,0.536356,0.842915,-0.042625,-0.838594,0.537948,0.085861,0.095303,-0.010307,0.995395,0,0.44263,0.19025,0.401,0.069,-1,8.860,-1,803.105,-1,10.214,562.406,566.126,668.070,-1,-1,-1,-1,8.144,-1,-1,-1,2,1,2,0,2,1,0,0,0,2,2,2,2,1,2,2,2
242,-6312.175,466.531,523.230,-57.329,0.537355,0.842279,-0.042626,-0.837962,0.538943,0.085791,0.095233,-0.010382,0.995401,0,0.44248,0.18960,0.402,0.068,-1,8.547,-1,802.807,-1,9.849,562.151,566.107,668.206,-1,-1,-1,-1,146.796,-1,-1,-1,2,1,2,0,2,1,0,0,0,2,2,2,2,1,2,2,2
243,-6312.215,466.149,523.228,-57.266,0.538289,0.841685,-0.042562,-0.837369,0.539866,0.085779,0.095176,-0.010534,0.995405,0,0.44234,0.18897,0.384,0.064,-1,8.269,-1,802.701,-1,9.525,561.961,565.885,668.567,-1,-1,-1,-1,146.605,-1,-1,-1,2,1,2,0,2,1,0,0,0,2,2,2,2,1,2,2,2
244,-6312.262,465.787,523.235,-57.204,0.539195,0.841108,-0.042504,-0.836784,0.540761,0.085843,0.095188,-0.010719,0.995402,0,0.44220,0.18838,0.365,0.062,-1,8.013,-1,803.016,-1,9.226,561.998,565.614,669.061,-1,-1,-1,-1,146.415,-1,-1,-1,2,1,2,0,2,1,0,0,0,2,2,2,2,1,2,2,2
245,-6312.311,465.436,523.255,-57.143,0.540081,0.840540,-0.042481,-0.836202,0.541639,0.085982,0.095280,-0.010915,0.995391,0,0.44207,0.18780,0.355,0.061,-1,177.116,-1,803.788,-1,8.938,562.297,565.368,669.636,-1,-1,-1,-1,146.206,-1,-1,-1,2,1,2,0,2,1,0,0,0,2,2,2,2,1,2,2,2
246,-6312.332,465.122,523.283,-57.090,0.540847,0.840042,-0.042604,-0.835693,0.542412,0.086063,0.095405,-0.010943,0.995378,0,0.44194,0.18724,0.314,0.053,-1,176.831,-1,804.507,-1,8.667,562.678,565.544,669.783,-1,-1,-1,-1,145.974,-1,-1,-1,2,1,2,0,2,1,0,0,0,2,2,2,2,1,2,2,2
247,-6312.335,464.851,523.320,-57.043,0.541522,0.839598,-0.042768,-0.835244,0.543099,0.086084,0.095503,-0.010894,0.995369,0,0.44183,0.18675,0.272,0.047,-1,176.556,-1,805.021,-1,8.413,562.999,565.924,669.741,-1,-1,-1,-1,145.750,-1,-1,-1,2,1,2,0,2,1,0,0,0,2,2,2,2,1,2,2,2
248,-6312.334,464.595,523.365,-56.998,0.542172,0.839174,-0.042868,-0.834815,0.543755,0.086111,0.095571,-0.010900,0.995363,0,0.44173,0.18631,0.256,0.045,-1,176.298,-1,805.516,-1,8.163,563.281,566.187,669.875,-1,-1,-1,-1,145.537,-1,-1,-1,2,1,2,0,2,1,0,0,0,2,2,2,2,1,2,2,2
249,-6312.329,464.344,523.415,-56.954,0.542808,0.838760,-0.042900,-0.834397,0.544391,0.086145,0.095609,-0.010964,0.995359,0,0.44163,0.18589,0.250,0.044,-1,176.050,-1,805.981,-1,60.482,563.513,566.312,670.185,-1,-1,-1,-1,145.331,-1,-1,-1,2,1,2,0,2,1,0,0,0,2,2,2,2,1,2,2,2
250,-6312.318,464.096,523.466,-56.911,0.543439,0.838353,-0.042886,-0.833985,0.545016,0.086174,0.095618,-0.011064,0.995357,0,0.44154,0.18547,0.248,0.043,-1,175.813,-1,806.363,-1,62.467,563.675,566.345,670.590,-1,-1,-1,-1,145.131,-1,-1,-1,2,1,2,0,2,1,0,0,0,2,2,2,2,1,2,2,2
251,-6312.303,463.848,523.514,-56.868,0.544066,0.837947,-0.042853,-0.833578,0.545637,0.086189,0.095604,-0.011172,0.995357,0,0.44144,0.18506,0.248,0.043,-1,175.584,-1,806.632,-1,64.526,563.766,566.341,671.005,-1,-1,-1,-1,144.937,-1,-1,-1,2,1,2,0,2,1,0,0,0,2,2,2,2,1,2,2,2
252,-6312.286,463.599,523.555,-56.825,0.544693,0.837542,-0.042821,-0.833171,0.546257,0.086188,0.095577,-0.011269,0.995358,0,0.44135,0.18466,0.249,0.043,-1,175.361,-1,806.795,-1,66.614,563.800,566.342,671.367,-1,-1,-1,-1,144.748,-1,-1,-1,2,1,2,0,2,1,0,0,0,2,2,2,2,1,2,2,2
253,-6312.268,463.349,523.589,-56.782,0.545320,0.837134,-0.042807,-0.832764,0.546880,0.086173,0.095549,-0.011344,0.995360,0,0.44125,0.18425,0.251,0.043,-1,175.142,-1,806.884,-1,68.714,563.800,566.375,671.644,-1,-1,-1,-1,144.562,-1,-1,-1,2,1,2,0,2,1,0,0,0,2,2,2,2,1,2,2,2
254,-6312.250,463.097,523.616,-56.739,0.545948,0.836724,-0.042817,-0.832355,0.547506,0.086151,0.095527,-0.011394,0.995362,0,0.44116,0.18384,0.253,0.043,-1,174.924,-1,806.934,-1,70.820,563.790,566.448,671.832,-1,-1,-1,-1,144.376,-1,-1,-1,2,1,2,0,2,1,0,0,0,2,2,2,2,1,2,2,2
255,-6312.284,463.095,523.609,-56.713,0.546365,0.836455,-0.042755,-0.832180,0.547925,0.085172,0.094669,-0.010955,0.995449,0,-0.21881,0.23247,0.034,0.026,-1,175.234,-1,802.045,-1,72.207,561.251,567.554,670.420,-1,-1,-1,-1,144.587,-1,-1,-1,2,1,2,0,2,1,0,0,0,2,2,2,2,1,2,2,2
256,-6312.414,463.366,523.565,-56.721,0.546341,0.836486,-0.042452,-0.832392,0.547894,0.083284,0.092925,-0.010164,0.995621,0,-0.21878,0.23222,0.301,-0.008,-1,176.149,-1,792.342,-1,71.259,556.153,569.270,667.806,-1,-1,-1,-1,145.252,-1,-1,-1,2,1,2,0,2,1,0,0,0,2,2,2,2,1,2,2,2
257,-6312.599,463.877,523.512,-56.708,0.546618,0.836319,-0.042187,-0.832397,0.548162,0.081440,0.091235,-0.009401,0.995785,0,-0.21879,0.23230,0.543,0.013,-1,177.384,-1,782.970,-1,73.829,551.232,571.105,665.251,-1,-1,-1,-1,146.182,-1,-1,-1,2,1,2,0,2,1,0,0,0,2,2,2,2,1,2,2,2
258,-6312.874,464.707,523.456,-56.671,0.547223,0.835935,-0.041948,-0.832138,0.548756,0.080079,0.089960,-0.008915,0.995905,0,-0.21878,0.23215,0.874,0.037,-1,178.958,-1,775.936,-1,8.089,547.459,572.532,663.524,-1,-1,-1,-1,147.407,-1,-1,-1,2,1,2,0,2,1,0,0,0,2,2,2,2,1,2,2,2
259,-6313.251,465.843,523.394,-56.621,0.547982,0.835449,-0.041732,-0.831710,0.549498,0.079435,0.089295,-0.008820,0.995966,0,-0.21873,0.23176,1.197,0.050,-1,8.052,-1,772.211,-1,9.242,545.304,573.209,662.953,-1,-1,-1,-1,148.883,-1,-1,-1,2,1,2,0,2,1,0,0,0,2,2,2,2,1,2,2,2
260,-6313.744,467.285,523.314,-56.562,0.548842,0.834894,-0.041531,-0.831159,0.550337,0.079395,0.089142,-0.009056,0.995978,0,-0.21867,0.23122,1.524,0.059,-1,9.377,-1,771.162,-1,10.759,544.455,573.214,663.325,-1,-1,-1,-1,8.612,-1,-1,-1,2,1,2,0,2,1,0,0,0,2,2,2,2,1,2,2,2
261,-6314.398,469.033,523.200,-56.502,0.549706,0.834342,-0.041200,-0.830582,0.551164,0.079692,0.089198,-0.009587,0.995968,0,-0.21860,0.23059,1.866,0.060,-1,11.059,-1,771.297,-1,12.683,544.086,572.519,664.455,-1,-1,-1,-1,10.156,-1,-1,-1,2,1,2,0,2,1,0,0,0,2,2,2,2,1,2,2,2
262,-6315.244,471.089,523.037,-56.443,0.550563,0.833801,-0.040694,-0.830019,0.551969,0.079992,0.089159,-0.010264,0.995965,0,-0.21853,0.22996,2.223,0.059,-1,13.120,-1,770.944,-1,15.041,543.330,571.408,665.835,-1,-1,-1,-1,12.048,-1,-1,-1,2,1,2,0,2,1,0,0,0,2,2,2,2,1,2,2,2
263,-6316.198,473.469,522.821,-56.361,0.551767,0.833022,-0.040340,-0.829236,0.553136,0.080054,0.089000,-0.010719,0.995974,0,-0.21846,0.22934,2.564,0.083,-1,15.485,-1,769.398,-1,17.741,541.970,570.930,666.407,-1,-1,-1,-1,14.219,-1,-1,-1,2,1,2,0,2,1,0,0,0,2,2,2,2,1,2,2,2
264,-6317.289,476.163,522.562,-56.260,0.553231,0.832065,-0.040047,-0.828293,0.554569,0.079900,0.088691,-0.011033,0.995998,0,-0.21836,0.22848,2.907,0.100,-1,18.172,-1,766.687,-1,20.806,539.992,570.871,666.422,-1,-1,-1,-1,16.685,-1,-1,-1,2,1,2,0,2,1,0,0,0,2,2,2,2,1,2,2,2
265,-6318.535,479.165,522.266,-56.147,0.554894,0.830973,-0.039707,-0.827231,0.556198,0.079583,0.088217,-0.011313,0.996037,0,-0.21824,0.22743,3.250,0.113,-1,21.191,-1,762.959,-1,24.245,537.424,571.185,666.205,-1,-1,-1,-1,19.455,-1,-1,-1,2,1,2,0,2,1,0,0,0,2,2,2,2,1,2,2,2
266,-6319.939,482.474,521.934,-56.022,0.556723,0.829774,-0.039176,-0.826072,0.557977,0.079163,0.087547,-0.011709,0.996092,0,-0.21811,0.22626,3.595,0.125,-1,24.544,-1,758.306,-1,28.060,534.236,571.305,666.166,-1,-1,-1,-1,22.530,-1,-1,-1,2,1,2,0,2,1,0,0,0,2,2,2,2,1,2,2,2
267,-6321.469,486.055,521.578,-55.890,0.558658,0.828498,-0.038636,-0.824836,0.559861,0.078749,0.086874,-0.012126,0.996146,0,-0.21796,0.22498,3.894,0.132,-1,28.191,-1,753.531,-1,32.203,530.949,571.472,666.113,-1,-1,-1,-1,25.874,-1,-1,-1,2,1,2,0,2,1,0,0,0,2,2,2,2,1,2,2,2
268,-6323.123,489.869,521.232,-55.751,0.560690,0.827140,-0.038280,-0.823506,0.561858,0.078443,0.086391,-0.012458,0.996183,0,-0.21781,0.22363,4.157,0.140,-1,32.110,-1,749.308,-1,36.646,528.124,572.071,665.890,-1,-1,-1,-1,29.467,-1,-1,-1,2,1,2,0,2,1,0,0,0,2,2,2,2,1,2,2,2
269,-6324.924,493.916,520.917,-55.602,0.562847,0.825698,-0.037773,-0.822086,0.563963,0.078234,0.085900,-0.012981,0.996219,0,-0.21764,0.22220,4.429,0.148,-1,36.294,-1,745.420,-1,41.381,525.392,572.443,666.308,-1,-1,-1,-1,33.303,-1,-1,-1,2,1,2,0,2,1,0,0,0,2,2,2,2,1,2,2,2
270,-6326.930,498.195,520.626,-55.462,0.564893,0.824341,-0.036843,-0.820751,0.565924,0.078090,0.085223,-0.013874,0.996265,0,-0.21747,0.22069,4.726,0.140,-1,40.803,-1,741.476,-1,46.481,522.362,571.977,667.841,-1,-1,-1,-1,37.434,-1,-1,-1,2,1,2,0,2,1,0,0,0,2,2,2,2,1,2,2,2
271,-6329.132,502.703,520.353,-55.329,0.566833,0.823061,-0.035646,-0.819506,0.567757,0.077859,0.084321,-0.014921,0.996327,0,-0.21731,0.21928,5.016,0.132,-1,45.636,-1,736.963,-1,51.945,518.884,571.038,669.864,-1,-1,-1,-1,41.858,-1,-1,-1,2,1,2,0,2,1,0,0,0,2,2,2,2,1,2,2,2
272,-6331.584,507.415,520.077,-55.214,0.568538,0.821944,-0.034253,-0.818438,0.569343,0.077512,0.083212,-0.016035,0.996403,0,-0.21716,0.21797,5.312,0.116,-1,50.847,-1,731.694,-1,57.840,514.948,569.534,672.082,-1,-1,-1,-1,46.624,-1,-1,-1,2,1,2,0,2,1,0,0,0,2,2,2,2,1,2,2,2
273,-6334.287,512.331,519.745,-55.110,0.570072,0.820935,-0.032921,-0.817496,0.570770,0.076961,0.081971,-0.016960,0.996490,0,-0.21704,0.21687,5.610,0.103,-1,56.459,-1,725.424,-1,64.189,510.583,568.357,673.612,-1,-1,-1,-1,51.753,-1,-1,-1,2,1,2,0,2,1,0,0,0,2,2,2,2,1,2,2,2
274,-6337.191,517.428,519.316,-55.015,0.571480,0.819998,-0.031830,-0.816619,0.572092,0.076442,0.080892,-0.017692,0.996566,0,-0.21693,0.21592,5.866,0.095,-1,62.432,-1,719.209,-1,70.946,506.485,567.425,674.326,-1,-1,-1,-1,57.214,-1,-1,-1,2,1,2,0,2,1,0,0,0,2,2,2,2,1,2,2,2
275,-6340.267,522.682,518.813,-54.930,0.572722,0.819161,-0.031069,-0.815815,0.573272,0.076195,0.080228,-0.018292,0.996609,0,-0.21683,0.21507,6.088,0.085,-1,68.721,-1,714.266,-1,78.054,503.463,566.661,674.510,-1,-1,-1,-1,62.967,-1,-1,-1,2,1,2,0,2,1,0,0,0,2,2,2,2,1,2,2,2
276,-6343.534,528.067,518.289,-54.867,0.573635,0.818533,-0.030764,-0.815202,0.574160,0.076068,0.079928,-0.018556,0.996628,0,-0.21675,0.21435,6.299,0.063,-1,75.316,-1,710.362,-1,85.510,501.182,566.699,673.759,-1,-1,-1,-1,69.004,-1,-1,-1,2,1,2,0,2,1,0,0,0,2,2,2,2,1,2,2,2
277,-6346.871,533.210,517.777,-54.818,0.574301,0.818053,-0.031114,-0.814655,0.574837,0.076808,0.080719,-0.018764,0.996560,0,0.39206,-0.14508,6.131,0.049,-1,81.852,-1,711.014,-1,92.885,501.430,566.896,673.073,-1,-1,-1,-1,75.005,-1,-1,-1,2,1,2,0,2,1,0,0,0,2,2,2,2,1,2,2,2
278,-6349.933,537.703,517.305,-54.771,0.574858,0.817613,-0.032379,-0.814033,0.575458,0.078731,0.083004,-0.018901,0.996370,0,0.39200,-0.14538,5.437,0.047,-1,87.725,-1,718.100,-1,99.476,505.209,567.318,672.544,-1,-1,-1,-1,80.424,-1,-1,-1,2,1,2,0,2,1,0,0,0,2,2,2,2,1,2,2,2
279,-6352.682,541.677,516.903,-54.718,0.575503,0.817109,-0.033598,-0.813361,0.576170,0.080449,0.085094,-0.018971,0.996192,0,0.39194,-0.14565,4.832,0.053,-1,92.935,-1,724.750,-1,105.306,508.773,567.942,672.024,-1,-1,-1,-1,85.237,-1,-1,-1,2,1,2,0,2,1,0,0,0,2,2,2,2,1,2,2,2
280,-6355.146,545.215,516.570,-54.665,0.576216,0.816582,-0.034184,-0.812765,0.576918,0.081114,0.085957,-0.018955,0.996118,0,0.39187,-0.14600,4.312,0.053,-1,97.557,-1,726.447,-1,110.487,509.703,568.689,671.249,-1,-1,-1,-1,89.494,-1,-1,-1,2,1,2,0,2,1,0,0,0,2,2,2,2,1,2,2,2
281,-6357.344,548.360,516.286,-54.615,0.576948,0.816077,-0.033897,-0.812310,0.577632,0.080579,0.085338,-0.018955,0.996172,0,0.39180,-0.14636,3.836,0.049,-1,101.651,-1,722.147,-1,115.095,507.355,569.278,670.417,-1,-1,-1,-1,93.238,-1,-1,-1,2,1,2,0,2,1,0,0,0,2,2,2,2,1,2,2,2
282,-6359.273,551.110,516.031,-54.574,0.577624,0.815641,-0.032865,-0.812008,0.578244,0.079227,0.083625,-0.019077,0.996315,0,0.39172,-0.14671,3.360,0.042,-1,105.236,-1,713.685,-1,119.154,502.630,569.381,669.832,-1,-1,-1,-1,96.492,-1,-1,-1,2,1,2,0,2,1,0,0,0,2,2,2,2,1,2,2,2
283,-6360.929,553.434,515.797,-54.541,0.578192,0.815295,-0.031452,-0.811817,0.578722,0.077682,0.081536,-0.019382,0.996482,0,0.39167,-0.14700,2.854,0.033,-1,108.298,-1,704.417,-1,122.636,497.224,568.833,669.761,-1,-1,-1,-1,99.255,-1,-1,-1,2,1,2,0,2,1,0,0,0,2,2,2,2,1,2,2,2
284,-6362.292,555.310,515.593,-54.515,0.578640,0.815027,-0.030116,-0.811674,0.579085,0.076463,0.079759,-0.019800,0.996617,0,0.39162,-0.14721,2.319,0.026,-1,110.805,-1,696.744,-1,125.490,492.702,567.908,670.137,-1,-1,-1,-1,101.512,-1,-1,-1,2,1,2,0,2,1,0,0,0,2,2,2,2,1,2,2,2
285,-6363.358,556.730,515.425,-54.496,0.578962,0.814833,-0.029154,-0.811551,0.579342,0.075814,0.078665,-0.020233,0.996696,0,0.39159,-0.14737,1.776,0.019,-1,112.744,-1,692.093,-1,127.692,489.856,566.908,670.756,-1,-1,-1,-1,103.263,-1,-1,-1,2,1,2,0,2,1,0,0,0,2,2,2,2,1,2,2,2
286,-6364.138,557.703,515.297,-54.483,0.579158,0.814709,-0.028726,-0.811447,0.579507,0.075664,0.078291,-0.020512,0.996720,0,0.39157,-0.14748,1.247,0.013,-1,114.124,-1,690.342,-1,129.252,488.710,566.272,671.154,-1,-1,-1,-1,104.517,-1,-1,-1,2,1,2,0,2,1,0,0,0,2,2,2,2,1,2,2,2
287,-6364.653,558.243,515.214,-54.477,0.579242,0.814644,-0.028871,-0.811373,0.579600,0.075751,0.078444,-0.020453,0.996709,0,0.39155,-0.14754,0.746,0.006,-1,114.973,-1,690.493,-1,130.203,488.799,566.449,670.784,-1,-1,-1,-1,105.298,-1,-1,-1,2,1,2,0,2,1,0,0,0,2,2,2,2,1,2,2,2
288,-6364.916,558.373,515.182,-54.476,0.579242,0.814628,-0.029328,-0.811333,0.579633,0.075924,0.078850,-0.020184,0.996682,0,0.39155,-0.14755,0.293,0.001,-1,115.311,-1,691.637,-1,130.577,489.559,567.132,669.992,-1,-1,-1,-1,105.619,-1,-1,-1,2,1,2,0,2,1,0,0,0,2,2,2,2,1,2,2,2
289,-6364.924,558.123,515.203,-54.478,0.579189,0.814651,-0.029723,-0.811330,0.579607,0.076156,0.079268,-0.019994,0.996653,0,0.39156,-0.14752,0.250,-0.002,-1,115.154,-1,693.195,-1,130.393,490.526,567.608,669.581,-1,-1,-1,-1,105.486,-1,-1,-1,2,1,2,0,2,1,0,0,0,2,2,2,2,1,2,2,2
290,-6364.682,557.513,515.271,-54.482,0.579124,0.814689,-0.029956,-0.811348,0.579556,0.076351,0.079564,-0.019912,0.996631,0,0.39157,-0.14747,0.656,-0.004,-1,114.521,-1,694.633,-1,129.672,491.385,567.786,669.587,-1,-1,-1,-1,104.912,-1,-1,-1,2,1,2,0,2,1,0,0,0,2,2,2,2,1,2,2,2
291,-6364.196,556.553,515.378,-54.485,0.579075,0.814721,-0.030030,-0.811369,0.579512,0.076459,0.079695,-0.019910,0.996620,0,0.39158,-0.14742,1.076,-0.003,-1,113.422,-1,695.701,-1,128.427,492.009,567.725,669.900,-1,-1,-1,-1,103.908,-1,-1,-1,2,1,2,0,2,1,0,0,0,2,2,2,2,1,2,2,2
292,-6363.467,555.251,515.517,-54.488,0.579026,0.814755,-0.030031,-0.811403,0.579463,0.076477,0.079712,-0.019915,0.996619,0,0.39158,-0.14740,1.493,-0.003,-1,111.866,-1,696.479,-1,126.669,492.474,567.583,670.290,-1,-1,-1,-1,102.484,-1,-1,-1,2,1,2,0,2,1,0,0,0,2,2,2,2,1,2,2,2
293,-6362.496,553.609,515.682,-54.492,0.578970,0.814795,-0.030045,-0.811443,0.579408,0.076463,0.079710,-0.019890,0.996620,0,0.39158,-0.14739,1.907,-0.004,-1,109.862,-1,697.268,-1,124.403,492.961,567.439,670.650,-1,-1,-1,-1,100.647,-1,-1,-1,2,1,2,0,2,1,0,0,0,2,2,2,2,1,2,2,2
294,-6361.286,551.630,515.867,-54.496,0.578908,0.814835,-0.030137,-0.811481,0.579353,0.076477,0.079776,-0.019818,0.996616,0,0.39158,-0.14739,2.319,-0.004,-1,107.413,-1,698.379,-1,121.632,493.654,567.340,670.924,-1,-1,-1,-1,98.406,-1,-1,-1,2,1,2,0,2,1,0,0,0,2,2,2,2,1,2,2,2
295,-6359.837,549.324,516.074,-54.499,0.578858,0.814862,-0.030377,-0.811497,0.579321,0.076547,0.079974,-0.019659,0.996603,0,0.39158,-0.14740,2.723,-0.003,-1,104.526,-1,700.012,-1,118.362,494.681,567.398,671.011,-1,-1,-1,-1,95.766,-1,-1,-1,2,1,2,0,2,1,0,0,0,2,2,2,2,1,2,2,2
296,-6358.160,546.705,516.320,-54.497,0.578865,0.814836,-0.030954,-0.811449,0.579371,0.076679,0.080415,-0.019269,0.996575,0,0.39157,-0.14745,3.110,0.002,-1,101.215,-1,702.487,-1,114.604,496.305,568.062,670.566,-1,-1,-1,-1,92.744,-1,-1,-1,2,1,2,0,2,1,0,0,0,2,2,2,2,1,2,2,2
297,-6356.184,543.567,516.635,-54.488,0.578924,0.814751,-0.032051,-0.811267,0.579502,0.077615,0.081810,-0.018931,0.996468,0,0.71083,0.12363,3.709,0.009,-1,97.278,-1,709.194,-1,110.113,500.303,568.738,670.613,-1,-1,-1,-1,89.164,-1,-1,-1,2,1,2,0,2,1,0,0,0,2,2,2,2,1,2,2,2
298,-6353.749,539.665,517.022,-54.477,0.578955,0.814654,-0.033904,-0.810967,0.579649,0.079621,0.084516,-0.018601,0.996248,0,0.71076,0.12344,4.599,0.011,-1,92.429,-1,722.152,-1,104.567,507.554,569.570,671.070,-1,-1,-1,-1,84.769,-1,-1,-1,2,1,2,0,2,1,0,0,0,2,2,2,2,1,2,2,2
299,-6350.879,535.084,517.442,-54.475,0.578833,0.814645,-0.036135,-0.810738,0.579680,0.081703,0.087506,-0.017996,0.996001,0,0.71067,0.12321,5.406,0.002,-1,86.768,-1,736.547,-1,98.112,515.634,571.060,670.920,-1,-1,-1,-1,79.630,-1,-1,-1,2,1,2,0,2,1,0,0,0,2,2,2,2,1,2,2,2
300,-6347.663,529.897,517.916,-54.488,0.578523,0.814775,-0.038130,-0.810705,0.579523,0.083126,0.089827,-0.017178,0.995809,0,0.71061,0.12304,6.103,-0.013,-1,80.409,-1,748.342,-1,90.895,522.397,572.891,670.220,-1,-1,-1,-1,73.833,-1,-1,-1,2,1,2,0,2,1,0,0,0,2,2,2,2,1,2,2,2
301,-6344.092,524.113,518.453,-54.513,0.578087,0.815020,-0.039471,-0.810852,0.579197,0.083964,0.091294,-0.016533,0.995687,0,0.71060,0.12302,6.798,-0.025,-1,73.324,-1,757.123,-1,82.881,527.693,574.075,670.062,-1,-1,-1,-1,67.350,-1,-1,-1,2,1,2,0,2,1,0,0,0,2,2,2,2,1,2,2,2
302,-6340.105,517.775,519.036,-54.543,0.577637,0.815305,-0.040165,-0.811097,0.578808,0.084283,0.091965,-0.016107,0.995632,0,0.71063,0.12309,7.487,-0.029,-1,65.476,-1,762.967,-1,74.018,531.696,574.482,670.510,-1,-1,-1,-1,60.152,-1,-1,-1,2,1,2,0,2,1,0,0,0,2,2,2,2,1,2,2,2
303,-6335.741,510.928,519.684,-54.588,0.577004,0.815758,-0.040069,-0.811564,0.578171,0.084157,0.091819,-0.016040,0.995647,0,0.71066,0.12318,8.120,-0.045,-1,56.915,-1,766.374,-1,64.362,533.932,573.764,672.037,-1,-1,-1,-1,52.286,-1,-1,-1,2,1,2,0,2,1,0,0,0,2,2,2,2,1,2,2,2
304,-6330.964,503.564,520.415,-54.634,0.576359,0.816210,-0.040141,-0.812049,0.577542,0.083795,0.091578,-0.015699,0.995674,0,0.71074,0.12339,8.778,-0.046,-1,47.620,-1,769.416,-1,53.871,536.142,573.817,673.000,-1,-1,-1,-1,43.745,-1,-1,-1,2,1,2,0,2,1,0,0,0,2,2,2,2,1,2,2,2
305,-6325.803,495.583,521.206,-54.685,0.575614,0.816707,-0.040723,-0.812511,0.576849,0.084089,0.092167,-0.015315,0.995626,0,0.71081,0.12358,9.504,-0.050,-1,37.603,-1,776.557,-1,42.549,540.712,574.017,674.133,-1,-1,-1,-1,34.548,-1,-1,-1,2,1,2,0,2,1,0,0,0,2,2,2,2,1,2,2,2
306,-6320.294,486.954,521.996,-54.747,0.574654,0.817333,-0.041713,-0.813012,0.575968,0.085274,0.093722,-0.015090,0.995484,0,0.71088,0.12378,10.238,-0.062,-1,26.917,-1,788.420,-1,30.463,547.928,572.873,675.833,-1,-1,-1,-1,24.738,-1,-1,-1,2,1,2,0,2,1,0,0,0,2,2,2,2,1,2,2,2
307,-6314.484,477.700,522.792,-54.823,0.573449,0.818121,-0.042831,-0.813619,0.574849,0.087022,0.095816,-0.015055,0.995285,0,0.71100,0.12409,10.926,-0.077,-1,15.616,-1,803.477,-1,17.676,556.795,570.771,677.622,-1,-1,-1,-1,14.358,-1,-1,-1,2,1,2,0,2,1,0,0,0,2,2,2,2,1,2,2,2
308,-6308.373,467.888,523.635,-54.912,0.572055,0.819028,-0.044120,-0.814320,0.573559,0.088958,0.098165,-0.014961,0.995058,0,0.71117,0.12454,11.560,-0.089,-1,149.630,-1,821.402,-1,499.659,567.145,568.665,679.396,-1,-1,-1,-1,124.851,-1,-1,-1,2,1,2,0,2,1,0,0,0,2,2,2,2,1,2,2,2
309,-6301.986,457.549,524.569,-55.018,0.570416,0.820107,-0.045280,-0.815189,0.572015,0.090914,0.100460,-0.014947,0.994829,0,0.71138,0.12510,12.152,-0.106,-1,142.876,-1,840.384,-1,436.612,577.959,566.808,681.819,-1,-1,-1,-1,119.231,-1,-1,-1,2,1,2,0,2,1,0,0,0,2,2,2,2,1,2,2,2
310,-6295.311,446.815,525.629,-55.141,0.568575,0.821372,-0.045510,-0.816278,0.570182,0.092648,0.102048,-0.015528,0.994658,0,0.71165,0.12583,12.641,-0.123,-1,136.052,-1,857.231,-1,155.097,587.351,563.787,686.313,-1,-1,-1,-1,113.496,-1,-1,-1,2,1,2,0,2,1,0,0,0,2,2,2,2,1,2,2,2
311,-6288.360,435.683,526.854,-55.267,0.566717,0.822650,-0.045588,-0.817443,0.568326,0.093767,0.103046,-0.015874,0.994550,0,0.71197,0.12670,13.123,-0.126,-1,123.700,-1,872.985,-1,134.565,595.660,561.636,690.560,-1,-1,-1,-1,102.284,-1,-1,-1,2,1,2,0,2,1,0,0,0,2,2,2,2,1,2,2,2
312,-6281.148,424.055,528.188,-55.405,0.564677,0.824050,-0.045616,-0.818714,0.566282,0.095037,0.104147,-0.016319,0.994428,0,0.71230,0.12757,13.683,-0.138,-1,103.934,-1,891.257,-1,113.139,605.344,558.909,695.439,-1,-1,-1,-1,85.981,-1,-1,-1,2,1,2,0,2,1,0,0,0,2,2,2,2,1,2,2,2
313,-6273.699,411.876,529.550,-55.550,0.562506,0.825505,-0.046147,-0.819983,0.564152,0.096754,0.105905,-0.016585,0.994238,0,0.71267,0.12856,14.277,-0.145,-1,83.308,-1,913.767,-1,90.741,617.243,555.957,699.989,-1,-1,-1,-1,68.968,-1,-1,-1,2,1,2,0,2,1,0,0,0,2,2,2,2,1,2,2,2
314,-6266.051,399.154,530.938,-55.710,0.560069,0.827091,-0.047360,-0.821346,0.561830,0.098678,0.108224,-0.016367,0.993992,0,0.71306,0.12961,14.844,-0.160,-1,61.913,-1,941.074,-1,67.485,631.105,553.994,703.332,-1,-1,-1,-1,51.307,-1,-1,-1,2,1,2,0,2,1,0,0,0,2,2,2,2,1,2,2,2
315,-6259.185,388.773,531.998,-55.430,0.564205,0.824212,-0.048460,-0.818780,0.566103,0.095532,0.106172,-0.014222,0.994246,0,0.71352,0.13082,12.446,0.280,-1,45.055,-1,932.610,-1,49.057,628.392,558.733,698.703,-1,-1,-1,-1,37.307,-1,-1,-1,2,1,2,0,2,1,0,0,0,2,2,2,2,1,2,2,2
316,-6254.937,382.382,532.525,-54.853,0.572864,0.818454,-0.044275,-0.813697,0.574372,0.089412,0.098610,-0.015194,0.995010,0,0.71229,0.12755,7.674,0.577,-1,36.271,-1,891.573,-1,39.381,607.146,557.173,700.026,-1,-1,-1,-1,29.934,-1,-1,-1,2,1,2,0,2,1,0,0,0,2,2,2,2,1,2,2,2
317,-6252.380,378.132,532.833,-54.382,0.579853,0.813752,-0.039733,-0.809380,0.580941,0.086089,0.093137,-0.017759,0.995495,0,0.73713,0.00507,4.960,0.472,-1,30.930,-1,865.955,-1,33.480,592.584,551.795,706.249,-1,-1,-1,-1,25.459,-1,-1,-1,2,1,2,0,2,1,0,0,0,2,2,2,2,1,2,2,2
318,-6250.649,375.207,533.054,-54.012,0.585072,0.810043,-0.039002,-0.805639,0.586057,0.086508,0.092932,-0.019192,0.995487,0,0.73524,0.00021,3.399,0.370,-1,26.761,-1,869.353,-1,28.873,592.609,549.602,710.067,-1,-1,-1,-1,22.019,-1,-1,-1,2,1,2,0,2,1,0,0,0,2,2,2,2,1,2,2,2
319,-6249.315,373.160,533.215,-53.753,0.588467,0.807425,-0.042075,-0.802656,0.589664,0.089664,0.097207,-0.018992,0.995083,0,0.73377,-0.00357,2.443,0.259,-1,23.045,-1,896.372,-1,24.789,605.004,551.484,709.762,-1,-1,-1,-1,18.990,-1,-1,-1,2,1,2,0,2,1,0,0,0,2,2,2,2,1,2,2,2
320,-6777.931,900.282,486.183,9.215,0.986894,-0.158467,-0.030464,0.160107,0.985131,0.062304,0.020138,-0.066365,0.997592,1,0.73273,-0.00625,0.000,0.000,-1,704.723,-1,657.719,-1,544.242,543.323,502.358,587.669,-1,-1,-1,-1,-1,-1,-1,-1,2,0,2,0,2,0,0,0,0,2,2,2,2,2,2,2,2
321,-6778.205,899.820,489.319,9.215,0.986905,-0.158720,-0.028765,0.160104,0.985578,0.054802,0.019652,-0.058690,0.998083,0,0.33518,0.98120,0.537,-0.000,-1,724.391,-1,659.032,-1,552.893,548.470,523.912,578.740,-1,-1,-1,-1,-1,-1,-1,-1,2,0,2,0,2,0,0,0,0,2,2,2,2,2,2,2,2
322,-6778.143,899.409,491.481,9.219,0.986901,-0.158993,-0.027358,0.160180,0.985886,0.048704,0.019229,-0.052448,0.998438,0,0.33518,0.98120,0.416,0.004,-1,739.053,-1,658.948,-1,558.858,551.661,541.200,570.521,-1,-1,-1,-1,-1,-1,-1,-1,2,0,2,0,2,0,0,0,0,2,2,2,2,2,2,2,2
323,-6777.736,899.091,492.601,9.221,0.986906,-0.159172,-0.026115,0.160208,0.986097,0.044110,0.018731,-0.047716,0.998685,0,0.33518,0.98120,0.516,0.002,-1,747.589,-1,657.002,-1,561.633,552.461,553.414,562.852,-1,-1,-1,-1,-1,-1,-1,-1,2,0,2,0,2,0,0,0,0,2,2,2,2,2,2,2,2
324,-6777.038,899.013,492.701,9.255,0.986825,-0.159903,-0.024661,0.160808,0.986152,0.040569,0.017832,-0.044001,0.998872,0,0.33518,0.98120,0.703,0.035,-1,749.496,-1,652.302,-1,560.793,550.329,561.068,554.458,-1,-1,-1,-1,-1,-1,-1,-1,2,0,2,0,2,0,0,0,0,2,2,2,2,2,2,2,2
325,-6776.111,899.119,491.850,9.299,0.986733,-0.160775,-0.022551,0.161559,0.986100,0.038797,0.016000,-0.041925,0.998993,0,0.33518,0.98120,0.932,0.043,-1,741.913,-1,644.151,-1,555.168,544.439,562.816,546.876,-1,-1,-1,-1,-1,-1,-1,-1,2,0,2,0,2,0,0,0,0,2,2,2,2,2,2,2,2
326,-6774.914,899.414,490.151,9.337,0.986664,-0.161563,-0.019792,0.162236,0.985975,0.039164,0.013187,-0.041853,0.999037,0,0.33518,0.98120,1.233,0.039,-1,724.787,-1,632.991,-1,544.911,534.844,558.065,541.085,-1,-1,-1,-1,-1,-1,-1,-1,2,0,2,0,2,0,0,0,0,2,2,2,2,2,2,2,2
327,-6773.300,899.974,488.026,9.388,0.986541,-0.162478,-0.018395,0.163115,0.985747,0.041175,0.011443,-0.043622,0.998983,0,0.33518,0.98120,1.709,0.051,-1,708.369,-1,624.721,-1,535.668,526.656,548.564,538.017,-1,-1,-1,-1,-1,-1,-1,-1,2,0,2,0,2,0,0,0,0,2,2,2,2,2,2,2,2
328,-6771.195,900.838,485.875,9.460,0.986327,-0.163620,-0.019675,0.164354,0.985395,0.044554,0.012098,-0.047178,0.998813,0,0.33518,0.98120,2.275,0.072,-1,699.218,-1,623.378,-1,531.218,523.564,536.153,538.783,-1,-1,-1,-1,-1,-1,-1,-1,2,0,2,0,2,0,0,0,0,2,2,2,2,2,2,2,2
329,-6768.598,901.991,483.957,9.554,0.986015,-0.164950,-0.023781,0.165950,0.984909,0.049144,0.015316,-0.052403,0.998509,0,0.33518,0.98120,2.842,0.093,-1,698.897,-1,630.036,-1,532.560,526.491,521.887,544.002,-1,-1,-1,-1,-1,-1,-1,-1,2,0,2,0,2,0,0,0,0,2,2,2,2,2,2,2,2
330,-6765.612,903.328,482.590,9.659,0.985639,-0.166399,-0.028755,0.167756,0.984349,0.053988,0.019322,-0.058036,0.998127,0,0.33518,0.98120,3.272,0.106,-1,703.475,-1,640.664,-1,537.078,532.557,508.765,551.961,-1,-1,-1,-1,-1,-1,-1,-1,2,0,2,0,2,0,0,0,0,2,2,2,2,2,2,2,2
331,-6762.339,904.686,482.013,9.760,0.985285,-0.167834,-0.032338,0.169487,0.983830,0.057904,0.022097,-0.062532,0.997798,0,0.33518,0.98120,3.543,0.101,-1,708.017,-1,649.808,-1,541.351,537.885,499.865,559.735,-1,-1,-1,-1,-1,-1,-1,-1,2,0,2,0,2,0,0,0,0,2,2,2,2,2,2,2,2
332,-6758.867,905.933,482.215,9.844,0.985020,-0.169145,-0.033545,0.170926,0.983438,0.060285,0.022793,-0.065115,0.997617,0,0.25019,0.41495,3.689,0.084,-1,709.987,-1,654.436,-1,543.529,540.472,496.209,565.312,-1,-1,-1,-1,-1,-1,-1,-1,2,0,2,0,2,0,0,0,0,2,2,2,2,2,2,2,2
333,-6755.287,907.003,483.035,9.906,0.984863,-0.170267,-0.032453,0.171994,0.983201,0.061110,0.021503,-0.065767,0.997603,0,0.25019,0.41495,3.737,0.062,-1,709.022,-1,654.240,-1,543.310,540.191,497.283,568.051,-1,-1,-1,-1,-1,-1,-1,-1,2,0,2,0,2,0,0,0,0,2,2,2,2,2,2,2,2
334,-6751.532,907.931,484.210,9.950,0.984774,-0.171196,-0.030205,0.172761,0.983105,0.060483,0.019341,-0.064780,0.997712,0,0.25019,0.41495,3.868,0.044,-1,708.043,-1,651.377,-1,542.395,538.676,502.039,567.877,-1,-1,-1,-1,-1,-1,-1,-1,2,0,2,0,2,0,0,0,0,2,2,2,2,2,2,2,2
335,-6747.524,908.747,485.449,9.981,0.984718,-0.171904,-0.027916,0.173291,0.983114,0.058801,0.017337,-0.062740,0.997879,0,0.25019,0.41495,4.090,0.030,-1,709.143,-1,648.181,-1,542.164,537.381,508.905,565.402,-1,-1,-1,-1,-1,-1,-1,-1,2,0,2,0,2,0,0,0,0,2,2,2,2,2,2,2,2
336,-6743.224,909.475,486.510,9.996,0.984694,-0.172308,-0.026238,0.173554,0.983197,0.056588,0.016047,-0.060275,0.998053,0,0.25019,0.41495,4.362,0.015,-1,712.698,-1,645.891,-1,543.040,537.074,516.283,561.476,-1,-1,-1,-1,-1,-1,-1,-1,2,0,2,0,2,0,0,0,0,2,2,2,2,2,2,2,2
337,-6738.638,910.131,487.232,9.991,0.984716,-0.172318,-0.025330,0.173475,0.983335,0.054398,0.015534,-0.057961,0.998198,0,0.25019,0.41495,4.633,-0.005,-1,717.629,-1,644.633,-1,544.611,537.476,522.757,557.002,-1,-1,-1,-1,-1,-1,-1,-1,2,0,2,0,2,0,0,0,0,2,2,2,2,2,2,2,2
338,-6733.805,910.771,487.559,9.975,0.984764,-0.172095,-0.024970,0.173202,0.983487,0.052477,0.015527,-0.056002,0.998310,0,0.25019,0.41495,4.875,-0.016,-1,722.514,-1,643.758,-1,546.143,537.949,527.733,552.234,-1,-1,-1,-1,-1,-1,-1,-1,2,0,2,0,2,0,0,0,0,2,2,2,2,2,2,2,2
339,-6728.759,911.424,487.510,9.952,0.984832,-0.171737,-0.024741,0.172810,0.983633,0.051017,0.015575,-0.054519,0.998391,0,0.25019,0.41495,5.087,-0.023,-1,725.580,-1,642.289,-1,546.753,537.661,530.941,547.736,-1,-1,-1,-1,-1,-1,-1,-1,2,0,2,0,2,0,0,0,0,2,2,2,2,2,2,2,2
340,-6723.521,912.109,487.136,9.927,0.984912,-0.171351,-0.024233,0.172381,0.983760,0.050012,0.015269,-0.053435,0.998455,0,0.25019,0.41495,5.283,-0.025,-1,725.568,-1,639.315,-1,545.885,535.922,532.572,543.221,-1,-1,-1,-1,-1,-1,-1,-1,2,0,2,0,2,0,0,0,0,2,2,2,2,2,2,2,2
341,-6718.098,912.848,486.551,9.904,0.984994,-0.171004,-0.023322,0.171978,0.983860,0.049425,0.014494,-0.052694,0.998506,0,0.25019,0.41495,5.473,-0.024,-1,722.562,-1,634.848,-1,543.334,532.785,532.984,538.757,-1,-1,-1,-1,-1,-1,-1,-1,2,0,2,0,2,0,0,0,0,2,2,2,2,2,2,2,2
342,-6712.490,913.675,485.937,9.877,0.985088,-0.170606,-0.022278,0.171525,0.983935,0.049497,0.013475,-0.052580,0.998526,0,0.25019,0.41495,5.669,-0.026,-1,717.820,-1,630.203,-1,540.065,529.221,532.139,535.452,-1,-1,-1,-1,-1,-1,-1,-1,2,0,2,0,2,0,0,0,0,2,2,2,2,2,2,2,2
343,-6706.701,914.591,485.434,9.852,0.985179,-0.170211,-0.021232,0.171084,0.983981,0.050113,0.012362,-0.053002,0.998518,0,0.25019,0.41495,5.861,-0.026,-1,712.641,-1,626.090,-1,536.833,525.874,530.582,533.497,-1,-1,-1,-1,-1,-1,-1,-1,2,0,2,0,2,0,0,0,0,2,2,2,2,2,2,2,2
344,-6700.728,915.576,485.152,9.826,0.985267,-0.169814,-0.020319,0.170648,0.984014,0.050945,0.011343,-0.053661,0.998495,0,0.25019,0.41495,6.053,-0.025,-1,708.554,-1,623.042,-1,534.417,523.334,529.187,532.604,-1,-1,-1,-1,-1,-1,-1,-1,2,0,2,0,2,0,0,0,0,2,2,2,2,2,2,2,2
345,-6694.576,916.609,485.144,9.802,0.985346,-0.169438,-0.019601,0.170243,0.984045,0.051705,0.010527,-0.054284,0.998470,0,0.25019,0.41495,6.238,-0.024,-1,706.470,-1,621.253,-1,533.247,521.886,528.606,532.364,-1,-1,-1,-1,-1,-1,-1,-1,2,0,2,0,2,0,0,0,0,2,2,2,2,2,2,2,2
346,-6688.265,917.666,485.385,9.784,0.985408,-0.169168,-0.018797,0.169932,0.984085,0.051955,0.009709,-0.054391,0.998473,0,0.25019,0.41495,6.399,-0.018,-1,706.070,-1,619.790,-1,532.895,520.978,529.634,531.711,-1,-1,-1,-1,-1,-1,-1,-1,2,0,2,0,2,0,0,0,0,2,2,2,2,2,2,2,2
347,-6681.798,918.729,485.815,9.773,0.985446,-0.169027,-0.018040,0.169746,0.984146,0.051408,0.009064,-0.053722,0.998515,0,0.25019,0.41495,6.554,-0.011,-1,708.079,-1,618.716,-1,533.344,520.756,532.625,529.954,-1,-1,-1,-1,-1,-1,-1,-1,2,0,2,0,2,0,0,0,0,2,2,2,2,2,2,2,2
348,-6675.197,919.792,486.370,9.775,0.985446,-0.169089,-0.017474,0.169765,0.984216,0.049984,0.008747,-0.052223,0.998597,0,0.25019,0.41495,6.686,0.001,-1,712.907,-1,618.114,-1,534.989,521.366,537.550,526.839,-1,-1,-1,-1,-1,-1,-1,-1,2,0,2,0,2,0,0,0,0,2,2,2,2,2,2,2,2
349,-6668.440,920.946,486.927,9.801,0.985369,-0.169582,-0.017048,0.170218,0.984237,0.047990,0.008641,-0.050190,0.998702,0,0.25019,0.41495,6.855,0.026,-1,719.406,-1,617.622,-1,537.312,522.385,543.549,522.817,-1,-1,-1,-1,-1,-1,-1,-1,2,0,2,0,2,0,0,0,0,2,2,2,2,2,2,2,2
350,-6661.527,922.270,487.381,9.859,0.985197,-0.170610,-0.016729,0.171212,0.984158,0.046033,0.008611,-0.048216,0.998800,0,0.25019,0.41495,7.038,0.058,-1,725.997,-1,617.263,-1,539.677,523.535,549.211,518.805,-1,-1,-1,-1,-1,-1,-1,-1,2,0,2,0,2,0,0,0,0,2,2,2,2,2,2,2,2
351,-6654.463,923.696,487.690,9.920,0.985014,-0.171688,-0.016453,0.172266,0.984028,0.044882,0.008484,-0.047044,0.998857,0,0.25019,0.41495,7.207,0.061,-1,730.734,-1,616.902,-1,541.341,524.333,552.978,515.989,-1,-1,-1,-1,-1,-1,-1,-1,2,0,2,0,2,0,0,0,0,2,2,2,2,2,2,2,2
352,-6647.262,925.213,487.847,9.980,0.984836,-0.172741,-0.016107,0.173299,0.983859,0.044600,0.008143,-0.046715,0.998875,0,0.25019,0.41495,7.359,0.060,-1,732.928,-1,616.252,-1,542.001,524.490,555.063,514.401,-1,-1,-1,-1,-1,-1,-1,-1,2,0,2,0,2,0,0,0,0,2,2,2,2,2,2,2,2
353,-6639.956,926.819,487.899,10.039,0.984661,-0.173781,-0.015553,0.174316,0.983655,0.045126,0.007457,-0.047145,0.998860,0,0.25019,0.41495,7.481,0.059,-1,732.499,-1,615.093,-1,541.527,523.860,554.722,513.982,-1,-1,-1,-1,-1,-1,-1,-1,2,0,2,0,2,0,0,0,0,2,2,2,2,2,2,2,2
354,-6632.534,928.497,487.889,10.099,0.984486,-0.174839,-0.014791,0.175343,0.983430,0.046048,0.006495,-0.047927,0.998830,0,0.26025,0.36727,7.610,0.060,-1,730.396,-1,613.403,-1,540.261,522.612,553.256,514.044,-1,-1,-1,-1,-1,-1,-1,-1,2,0,2,0,2,0,0,0,0,2,2,2,2,2,2,2,2
355,-6624.936,930.216,487.836,10.161,0.984301,-0.175934,-0.014106,0.176408,0.983204,0.046802,0.005635,-0.048556,0.998805,0,0.26025,0.36727,7.790,0.062,-1,728.784,-1,611.732,-1,539.162,521.452,552.068,513.662,-1,-1,-1,-1,-1,-1,-1,-1,2,0,2,0,2,0,0,0,0,2,2,2,2,2,2,2,2
356,-6617.147,931.960,487.762,10.223,0.984112,-0.177020,-0.013724,0.177477,0.982996,0.047129,0.005148,-0.048816,0.998795,0,0.26025,0.36727,7.982,0.062,-1,729.017,-1,610.585,-1,538.890,520.920,551.785,512.499,-1,-1,-1,-1,-1,-1,-1,-1,2,0,2,0,2,0,0,0,0,2,2,2,2,2,2,2,2
357,-6609.259,933.743,487.757,10.280,0.983933,-0.177978,-0.014161,0.178456,0.982809,0.047322,0.005495,-0.049089,0.998779,0,0.26025,0.36727,8.087,0.057,-1,732.674,-1,611.490,-1,540.545,522.591,551.825,511.327,-1,-1,-1,-1,-1,-1,-1,-1,2,0,2,0,2,0,0,0,0,2,2,2,2,2,2,2,2
358,-6601.498,935.623,488.135,10.343,0.983724,-0.178930,-0.016448,0.179530,0.982545,0.048721,0.007443,-0.050881,0.998677,0,0.26025,0.36727,7.986,0.063,-1,742.002,-1,618.634,-1,546.889,528.986,549.634,514.130,-1,-1,-1,-1,-1,-1,-1,-1,2,0,2,0,2,0,0,0,0,2,2,2,2,2,2,2,2
359,-6594.274,937.716,489.130,10.482,0.983247,-0.181088,-0.020801,0.181921,0.982057,0.049695,0.011428,-0.052647,0.998548,0,0.26025,0.36727,7.520,0.140,-1,762.132,-1,633.592,-1,560.081,541.083,549.771,518.703,-1,-1,-1,-1,-1,-1,-1,-1,2,0,2,0,2,0,0,0,0,2,2,2,2,2,2,2,2
360,-6587.559,940.030,490.789,10.707,0.982433,-0.184595,-0.027368,0.185760,0.981374,0.048966,0.017819,-0.053189,0.998425,0,0.26025,0.36727,7.103,0.225,-1,797.087,-1,656.638,-1,581.739,560.390,555.304,522.932,-1,-1,-1,-1,-1,-1,-1,-1,2,0,2,0,2,0,0,0,0,2,2,2,2,2,2,2,2
361,-6581.145,942.284,492.934,10.940,0.981499,-0.188169,-0.035386,0.189717,0.980705,0.047173,0.025827,-0.053013,0.998260,0,0.26025,0.36727,6.799,0.233,-1,843.267,-1,685.080,-1,609.490,585.100,564.343,527.278,-1,-1,-1,-1,-1,-1,-1,-1,2,0,2,0,2,0,0,0,0,2,2,2,2,2,2,2,2
362,-6574.937,944.153,495.306,11.080,0.980801,-0.190160,-0.043236,0.192067,0.980336,0.045294,0.033772,-0.052728,0.998038,0,0.26025,0.36727,6.484,0.140,-1,886.110,-1,714.833,-1,637.610,611.116,574.369,532.219,-1,-1,-1,-1,-1,-1,-1,-1,2,0,2,0,2,0,0,0,0,2,2,2,2,2,2,2,2
363,-6568.913,945.497,497.635,11.108,0.980472,-0.190334,-0.049475,0.192497,0.980338,0.043382,0.040245,-0.052058,0.997833,0,0.26025,0.36727,6.172,0.028,-1,923.743,-1,742.003,-1,663.275,634.608,584.998,536.821,-1,-1,-1,-1,-1,-1,-1,-1,2,0,2,0,2,0,0,0,0,2,2,2,2,2,2,2,2
364,-6563.086,946.611,499.712,11.121,0.980245,-0.190458,-0.053335,0.192683,0.980437,0.040203,0.044634,-0.049686,0.997767,0,0.26025,0.36727,5.932,0.013,-1,955.128,-1,760.697,-1,683.399,652.178,598.896,537.243,-1,-1,-1,-1,-1,-1,-1,-1,2,0,2,0,2,0,0,0,0,2,2,2,2,2,2,2,2
365,-6557.393,947.502,501.369,11.112,0.980163,-0.190363,-0.055152,0.192507,0.980615,0.036545,0.047126,-0.046437,0.997809,0,0.26025,0.36727,5.763,-0.009,-1,975.136,-1,770.935,-1,697.210,663.124,613.482,534.713,-1,-1,-1,-1,-1,-1,-1,-1,2,0,2,0,2,0,0,0,0,2,2,2,2,2,2,2,2
366,-6551.798,948.030,502.498,11.030,0.980388,-0.189078,-0.055581,0.191101,0.980994,0.033630,0.048165,-0.043592,0.997888,0,0.26025,0.36727,5.620,-0.082,-1,985.167,-1,774.487,-1,704.663,668.111,625.205,531.541,-1,-1,-1,-1,-1,-1,-1,-1,2,0,2,0,2,0,0,0,0,2,2,2,2,2,2,2,2
367,-6546.297,948.133,503.055,10.856,0.980957,-0.186191,-0.055282,0.188114,0.981630,0.031855,0.048335,-0.041648,0.997963,0,0.26025,0.36727,5.501,-0.174,-1,987.920,-1,773.382,-1,706.926,668.656,632.746,528.626,-1,-1,-1,-1,-1,-1,-1,-1,2,0,2,0,2,0,0,0,0,2,2,2,2,2,2,2,2
368,-6539.837,947.716,503.061,10.536,0.982012,-0.180822,-0.054361,0.182639,0.982706,0.030519,0.047903,-0.039899,0.998055,0,0.26025,0.36727,6.473,-0.320,-1,984.729,-1,767.406,-1,704.502,665.012,638.081,524.592,-1,-1,-1,-1,-1,-1,-1,-1,2,0,2,0,2,0,0,0,0,2,2,2,2,2,2,2,2
369,-6535.569,947.312,502.561,10.297,0.982828,-0.176825,-0.052751,0.178563,0.983463,0.030254,0.046529,-0.039154,0.998149,0,0.26025,0.36727,4.288,-0.238,-1,975.961,-1,758.605,-1,697.876,658.273,638.710,521.327,-1,-1,-1,-1,-1,-1,-1,-1,2,0,2,0,2,0,0,0,0,2,2,2,2,2,2,2,2
370,-6530.307,946.806,501.220,9.983,0.983985,-0.171589,-0.048273,0.173207,0.984379,0.031585,0.042100,-0.039440,0.998335,0,0.26025,0.36727,5.286,-0.314,-1,950.919,-1,738.252,-1,679.825,641.295,633.055,517.435,-1,-1,-1,-1,-1,-1,-1,-1,2,0,2,0,2,0,0,0,0,2,2,2,2,2,2,2,2
371,-6525.142,946.294,499.112,9.654,0.985256,-0.166160,-0.040770,0.167591,0.985249,0.034621,0.034416,-0.040943,0.998569,0,0.26025,0.36727,5.190,-0.330,-1,911.048,-1,707.610,-1,651.148,615.048,621.192,513.521,-1,-1,-1,-1,-1,-1,-1,-1,2,0,2,0,2,0,0,0,0,2,2,2,2,2,2,2,2
372,-6520.045,946.111,496.216,9.407,0.986278,-0.162338,-0.030043,0.163406,0.985851,0.037363,0.023552,-0.041760,0.998850,0,0.26025,0.36727,5.100,-0.246,-1,855.249,-1,667.141,-1,613.855,581.197,608.365,505.926,-1,-1,-1,-1,-1,-1,-1,-1,2,0,2,0,2,0,0,0,0,2,2,2,2,2,2,2,2
373,-6514.921,946.523,492.554,9.327,0.986732,-0.161531,-0.016340,0.162057,0.986018,0.038805,0.009843,-0.040938,0.999113,0,0.26025,0.36727,5.140,-0.081,-1,792.397,-1,621.452,-1,571.400,541.427,596.968,492.967,-1,-1,-1,-1,-1,-1,-1,-1,2,0,2,0,2,0,0,0,0,2,2,2,2,2,2,2,2
374,-6509.611,947.151,488.606,9.277,0.986914,-0.161224,-0.002708,0.161198,0.986059,0.041267,-0.003983,-0.041163,0.999144,0,0.26025,0.36727,5.347,-0.050,-1,729.542,-1,579.551,-1,531.681,504.342,581.938,481.132,-1,-1,-1,-1,-1,-1,-1,-1,2,0,2,0,2,0,0,0,0,2,2,2,2,2,2,2,2
375,-6503.693,948.058,485.624,9.258,0.986918,-0.161181,0.003688,0.160873,0.986024,0.043311,-0.010618,-0.042151,0.999055,0,0.26025,0.36727,5.988,-0.018,-1,695.396,-1,557.616,-1,511.123,485.180,569.330,473.692,-1,-1,-1,-1,-1,-1,-1,-1,2,0,2,0,2,0,0,0,0,2,2,2,2,2,2,2,2
376,-6497.179,949.300,484.046,9.290,0.986832,-0.161720,0.003117,0.161425,0.985886,0.044399,-0.010253,-0.043311,0.999009,0,0.26025,0.36727,6.631,0.032,-1,691.392,-1,555.182,-1,508.441,482.694,561.802,470.691,-1,-1,-1,-1,-1,-1,-1,-1,2,0,2,0,2,0,0,0,0,2,2,2,2,2,2,2,2
377,-6490.200,950.824,483.884,9.361,0.986667,-0.162747,-0.001620,0.162656,0.985670,0.044706,-0.005679,-0.044374,0.998999,0,0.31047,0.56121,7.144,0.071,-1,707.594,-1,565.837,-1,517.927,491.524,559.866,471.483,-1,-1,-1,-1,-1,-1,-1,-1,2,0,2,0,2,0,0,0,0,2,2,2,2,2,2,2,2
378,-6482.896,952.502,484.837,9.447,0.986439,-0.163962,-0.007417,0.164129,0.985420,0.044829,-0.000041,-0.045438,0.998967,0,0.31047,0.56121,7.495,0.085,-1,731.039,-1,581.905,-1,532.924,505.558,561.884,475.230,-1,-1,-1,-1,-1,-1,-1,-1,2,0,2,0,2,0,0,0,0,2,2,2,2,2,2,2,2
379,-6475.427,954.270,486.421,9.541,0.986157,-0.165379,-0.011974,0.165756,0.985133,0.045142,0.004330,-0.046502,0.998909,0,0.31047,0.56121,7.675,0.095,-1,751.313,-1,596.809,-1,547.955,519.812,565.850,480.485,-1,-1,-1,-1,-1,-1,-1,-1,2,0,2,0,2,0,0,0,0,2,2,2,2,2,2,2,2
380,-6467.884,956.107,488.173,9.632,0.985884,-0.166831,-0.014125,0.167308,0.984854,0.045510,0.006318,-0.047231,0.998864,0,0.31047,0.56121,7.763,0.090,-1,764.805,-1,607.985,-1,558.490,529.438,570.903,485.370,-1,-1,-1,-1,-1,-1,-1,-1,2,0,2,0,2,0,0,0,0,2,2,2,2,2,2,2,2
381,-6460.252,957.960,489.666,9.723,0.985619,-0.168434,-0.013637,0.168887,0.984577,0.045670,0.005734,-0.047316,0.998864,0,0.31047,0.56121,7.853,0.092,-1,769.359,-1,612.011,-1,562.771,533.004,576.376,488.161,-1,-1,-1,-1,-1,-1,-1,-1,2,0,2,0,2,0,0,0,0,2,2,2,2,2,2,2,2
382,-6452.466,959.806,490.653,9.818,0.985349,-0.170165,-0.011438,0.170513,0.984304,0.045512,0.003514,-0.046796,0.998898,0,0.31047,0.56121,8.002,0.094,-1,767.169,-1,610.108,-1,562.167,531.922,581.509,488.345,-1,-1,-1,-1,-1,-1,-1,-1,2,0,2,0,2,0,0,0,0,2,2,2,2,2,2,2,2
383,-6444.486,961.665,491.055,9.922,0.985044,-0.172089,-0.008542,0.172299,0.984015,0.045034,0.000655,-0.045832,0.998949,0,0.31047,0.56121,8.194,0.104,-1,761.443,-1,604.756,-1,558.760,528.116,585.789,486.110,-1,-1,-1,-1,-1,-1,-1,-1,2,0,2,0,2,0,0,0,0,2,2,2,2,2,2,2,2
384,-6436.262,963.658,490.890,10.054,0.984642,-0.174479,-0.006100,0.174577,0.983653,0.044150,-0.001703,-0.044537,0.999006,0,0.31047,0.56121,8.462,0.133,-1,756.124,-1,599.059,-1,555.253,524.071,589.174,482.050,-1,-1,-1,-1,-1,-1,-1,-1,2,0,2,0,2,0,0,0,0,2,2,2,2,2,2,2,2
385,-6427.779,965.872,490.286,10.224,0.984118,-0.177453,-0.004812,0.177494,0.983174,0.043177,-0.002931,-0.043346,0.999056,0,0.31047,0.56121,8.767,0.170,-1,753.261,-1,595.260,-1,553.317,521.462,591.030,477.775,-1,-1,-1,-1,-1,-1,-1,-1,2,0,2,0,2,0,0,0,0,2,2,2,2,2,2,2,2
386,-6419.051,968.320,489.428,10.422,0.983497,-0.180862,-0.004846,0.180903,0.982574,0.042701,-0.002962,-0.042873,0.999076,0,0.31047,0.56121,9.065,0.199,-1,752.942,-1,594.382,-1,553.393,520.910,590.332,474.125,-1,-1,-1,-1,-1,-1,-1,-1,2,0,2,0,2,0,0,0,0,2,2,2,2,2,2,2,2
387,-6410.152,970.997,488.553,10.639,0.982807,-0.184550,-0.005634,0.184619,0.981853,0.043375,-0.002473,-0.043669,0.999043,0,0.31047,0.56121,9.293,0.217,-1,753.075,-1,595.802,-1,554.444,521.700,586.304,472.549,-1,-1,-1,-1,-1,-1,-1,-1,2,0,2,0,2,0,0,0,0,2,2,2,2,2,2,2,2
388,-6401.530,973.758,488.116,10.821,0.982216,-0.187607,-0.007425,0.187748,0.981112,0.046585,-0.001455,-0.047151,0.998887,0,0.31047,0.56121,9.053,0.182,-1,753.354,-1,601.641,-1,557.102,524.931,576.846,476.520,-1,-1,-1,-1,-1,-1,-1,-1,2,0,2,0,2,0,0,0,0,2,2,2,2,2,2,2,2
389,-6393.323,976.616,488.462,10.977,0.981702,-0.190073,-0.011527,0.190417,0.980325,0.052002,0.001416,-0.053245,0.998580,0,0.31047,0.56121,8.690,0.156,-1,759.393,-1,616.205,-1,564.948,534.210,564.097,487.098,-1,-1,-1,-1,-1,-1,-1,-1,2,0,2,0,2,0,0,0,0,2,2,2,2,2,2,2,2
390,-6385.360,979.666,489.566,11.157,0.981079,-0.192779,-0.017888,0.193502,0.979395,0.057818,0.006373,-0.060186,0.998167,0,0.31047,0.56121,8.527,0.180,-1,771.581,-1,640.288,-1,578.993,550.427,552.512,501.585,-1,-1,-1,-1,-1,-1,-1,-1,2,0,2,0,2,0,0,0,0,2,2,2,2,2,2,2,2
391,-6377.488,982.829,491.218,11.359,0.980338,-0.195713,-0.025176,0.196945,0.978374,0.063229,0.012256,-0.066944,0.997681,0,0.31047,0.56121,8.484,0.202,-1,787.924,-1,671.528,-1,597.058,570.600,543.683,518.028,-1,-1,-1,-1,-1,-1,-1,-1,2,0,2,0,2,0,0,0,0,2,2,2,2,2,2,2,2
392,-6369.626,986.021,493.134,11.573,0.979523,-0.198840,-0.031580,0.200578,0.977336,0.067691,0.017405,-0.072639,0.997206,0,0.31047,0.56121,8.485,0.213,-1,804.303,-1,702.018,-1,614.967,590.307,538.335,533.708,-1,-1,-1,-1,-1,-1,-1,-1,2,0,2,0,2,0,0,0,0,2,2,2,2,2,2,2,2
393,-6361.738,989.214,495.089,11.801,0.978658,-0.202370,-0.035709,0.204463,0.976324,0.070607,0.020575,-0.076401,0.996865,0,0.31047,0.56121,8.510,0.228,-1,817.086,-1,725.428,-1,629.239,605.795,537.331,545.151,-1,-1,-1,-1,-1,-1,-1,-1,2,0,2,0,2,0,0,0,0,2,2,2,2,2,2,2,2
394,-6353.780,992.399,496.870,12.049,0.977745,-0.206480,-0.037146,0.208695,0.975360,0.071545,0.021458,-0.077706,0.996745,0,0.31047,0.56121,8.572,0.248,-1,825.053,-1,738.795,-1,638.389,615.329,540.991,551.708,-1,-1,-1,-1,-1,-1,-1,-1,2,0,2,0,2,0,0,0,0,2,2,2,2,2,2,2,2
395,-6345.733,995.623,498.248,12.342,0.976690,-0.211607,-0.036035,0.213697,0.974367,0.070308,0.020233,-0.076369,0.996874,0,0.31047,0.56121,8.668,0.293,-1,828.326,-1,741.677,-1,642.152,617.937,549.055,552.203,-1,-1,-1,-1,-1,-1,-1,-1,2,0,2,0,2,0,0,0,0,2,2,2,2,2,2,2,2
396,-6337.499,998.782,499.025,12.647,0.975587,-0.217087,-0.033227,0.218904,0.973400,0.067627,0.017662,-0.073249,0.997157,0,0.31047,0.56121,8.820,0.305,-1,827.527,-1,736.014,-1,640.832,615.755,559.273,547.513,-1,-1,-1,-1,-1,-1,-1,-1,2,0,2,0,2,0,0,0,0,2,2,2,2,2,2,2,2
397,-6328.925,1001.700,499.078,12.913,0.974601,-0.221922,-0.030065,0.223443,0.972618,0.063927,0.015055,-0.069021,0.997502,0,0.31047,0.56121,9.057,0.266,-1,825.265,-1,726.826,-1,637.658,611.364,570.080,538.878,-1,-1,-1,-1,-1,-1,-1,-1,2,0,2,0,2,0,0,0,0,2,2,2,2,2,2,2,2
398,-6320.028,1004.438,498.278,13.165,0.973638,-0.226507,-0.026883,0.227734,0.971958,0.058610,0.012854,-0.063187,0.997919,0,0.31047,0.56121,9.308,0.252,-1,823.209,-1,715.090,-1,633.532,605.398,582.485,525.426,-1,-1,-1,-1,-1,-1,-1,-1,2,0,2,0,2,0,0,0,0,2,2,2,2,2,2,2,2
399,-6310.834,1007.077,496.623,13.411,0.972670,-0.230983,-0.023657,0.231923,0.971384,0.051226,0.011147,-0.055312,0.998407,0,0.31047,0.56121,9.565,0.246,-1,822.158,-1,700.505,-1,628.802,598.052,597.892,506.732,-1,-1,-1,-1,-1,-1,-1,-1,2,0,2,0,2,0,0,0,0,2,2,2,2,2,2,2,2
400,-6301.402,1009.659,494.082,13.671,0.971625,-0.235675,-0.020047,0.236331,0.970769,0.041893,0.009588,-0.045442,0.998921,0,0.31047,0.56121,9.780,0.260,-1,821.054,-1,682.306,-1,622.784,588.648,617.153,483.287,-1,-1,-1,-1,-1,-1,-1,-1,2,0,2,0,2,0,0,0,0,2,2,2,2,2,2,2,2
401,-6292.057,1012.372,490.824,13.955,0.970472,-0.240828,-0.013656,0.241160,0.969898,0.033762,0.005114,-0.036058,0.999337,0,0.31047,0.56121,9.731,0.284,-1,808.499,-1,655.132,-1,609.276,571.910,633.232,459.672,-1,-1,-1,-1,-1,-1,-1,-1,2,0,2,0,2,0,0,0,0,2,2,2,2,2,2,2,2
402,-6282.884,1015.454,487.582,14.251,0.969227,-0.246068,-0.007027,0.246167,0.968726,0.031161,-0.000861,-0.031932,0.999490,0,0.31047,0.56121,9.676,0.296,-1,786.414,-1,629.285,-1,592.168,553.513,634.253,444.891,-1,-1,-1,-1,-1,-1,-1,-1,2,0,2,0,2,0,0,0,0,2,2,2,2,2,2,2,2
403,-6274.006,1019.203,484.844,14.571,0.967812,-0.251667,-0.001856,0.251576,0.967205,0.034984,-0.007009,-0.034325,0.999386,0,0.19316,0.82796,9.637,0.320,-1,759.839,-1,610.750,-1,574.976,537.707,617.897,441.454,-1,-1,-1,-1,-1,-1,-1,-1,2,0,2,0,2,0,0,0,0,2,2,2,2,2,2,2,2
404,-6265.353,1023.534,482.904,14.897,0.966324,-0.257329,0.000660,0.257057,0.965416,0.043520,-0.011836,-0.041885,0.999052,0,0.19316,0.82796,9.677,0.325,-1,735.551,-1,602.767,-1,561.326,527.578,590.620,448.107,-1,-1,-1,-1,-1,-1,-1,-1,2,0,2,0,2,0,0,0,0,2,2,2,2,2,2,2,2
405,-6256.712,1028.315,482.040,15.236,0.964765,-0.263111,-0.000598,0.262779,0.963431,0.052423,-0.013217,-0.050733,0.998625,0,0.19316,0.82796,9.875,0.340,-1,723.424,-1,607.161,-1,557.691,526.865,566.025,460.078,-1,-1,-1,-1,-1,-1,-1,-1,2,0,2,0,2,0,0,0,0,2,2,2,2,2,2,2,2
406,-6248.035,1033.325,482.146,15.605,0.963065,-0.269242,-0.003785,0.268987,0.961320,0.059235,-0.012310,-0.058066,0.998237,0,0.19316,0.82796,10.020,0.369,-1,721.900,-1,617.998,-1,561.002,532.640,549.860,472.712,-1,-1,-1,-1,-1,-1,-1,-1,2,0,2,0,2,0,0,0,0,2,2,2,2,2,2,2,2
407,-6239.314,1038.148,483.002,15.973,0.961333,-0.275308,-0.006626,0.275162,0.959292,0.063595,-0.011152,-0.062959,0.997954,0,0.19316,0.82796,9.965,0.367,-1,725.253,-1,630.654,-1,565.950,540.230,542.257,483.432,-1,-1,-1,-1,-1,-1,-1,-1,2,0,2,0,2,0,0,0,0,2,2,2,2,2,2,2,2
408,-6230.542,1042.745,484.157,16.323,0.959635,-0.281139,-0.007773,0.281041,0.957512,0.064707,-0.010749,-0.064280,0.997874,0,0.19316,0.82796,9.904,0.351,-1,730.423,-1,639.311,-1,570.648,546.417,544.207,488.789,-1,-1,-1,-1,-1,-1,-1,-1,2,0,2,0,2,0,0,0,0,2,2,2,2,2,2,2,2
409,-6221.740,1047.146,485.232,16.676,0.957879,-0.287090,-0.006820,0.286935,0.955860,0.063243,-0.011637,-0.062536,0.997975,0,0.19316,0.82796,9.841,0.352,-1,734.556,-1,641.732,-1,573.270,549.421,553.060,488.494,-1,-1,-1,-1,-1,-1,-1,-1,2,0,2,0,2,0,0,0,0,2,2,2,2,2,2,2,2
410,-6212.963,1051.442,485.993,17.041,0.956004,-0.293323,-0.004158,0.293029,0.954188,0.060492,-0.013776,-0.059049,0.998160,0,0.19316,0.82796,9.772,0.365,-1,736.019,-1,638.505,-1,573.193,548.804,564.920,484.322,-1,-1,-1,-1,-1,-1,-1,-1,2,0,2,0,2,0,0,0,0,2,2,2,2,2,2,2,2
411,-6204.226,1055.802,486.273,17.429,0.953963,-0.299923,-0.000957,0.299478,0.952364,0.057579,-0.016357,-0.055214,0.998341,0,0.19316,0.82796,9.764,0.388,-1,735.389,-1,632.614,-1,571.400,546.117,576.453,478.389,-1,-1,-1,-1,-1,-1,-1,-1,2,0,2,0,2,0,0,0,0,2,2,2,2,2,2,2,2
412,-6195.502,1060.297,486.056,17.835,0.951780,-0.306778,0.001505,0.306232,0.950357,0.055165,-0.018353,-0.052044,0.998476,0,0.19316,0.82796,9.814,0.407,-1,734.508,-1,627.590,-1,569.660,543.629,584.943,472.533,-1,-1,-1,-1,-1,-1,-1,-1,2,0,2,0,2,0,0,0,0,2,2,2,2,2,2,2,2
413,-6186.767,1064.951,485.397,18.248,0.949532,-0.313660,0.002600,0.313079,0.948215,0.053570,-0.019268,-0.050052,0.998561,0,0.19316,0.82796,9.898,0.413,-1,734.347,-1,625.414,-1,568.795,542.410,589.196,467.770,-1,-1,-1,-1,-1,-1,-1,-1,2,0,2,0,2,0,0,0,0,2,2,2,2,2,2,2,2
414,-6178.057,1069.779,484.435,18.669,0.947205,-0.320618,0.002688,0.320037,0.945929,0.052869,-0.019494,-0.049217,0.998598,0,0.19316,0.82796,9.958,0.420,-1,734.261,-1,625.006,-1,568.395,542.045,589.549,464.264,-1,-1,-1,-1,-1,-1,-1,-1,2,0,2,0,2,0,0,0,0,2,2,2,2,2,2,2,2
415,-6169.386,1074.750,483.349,19.077,0.944898,-0.327357,0.002337,0.326768,0.943582,0.053623,-0.019759,-0.049904,0.998559,0,0.19316,0.82796,9.996,0.408,-1,732.222,-1,625.116,-1,567.353,541.549,585.660,462.941,-1,-1,-1,-1,-1,-1,-1,-1,2,0,2,0,2,0,0,0,0,2,2,2,2,2,2,2,2
416,-6160.792,1079.840,482.270,19.470,0.942616,-0.333873,0.001964,0.333248,0.941179,0.055931,-0.020522,-0.052067,0.998433,0,0.19316,0.82796,9.988,0.394,-1,727.538,-1,624.495,-1,565.117,540.349,578.050,464.032,-1,-1,-1,-1,-1,-1,-1,-1,2,0,2,0,2,0,0,0,0,2,2,2,2,2,2,2,2
417,-6152.304,1085.055,481.324,19.860,0.940300,-0.340341,0.001763,0.339644,0.938682,0.059307,-0.021840,-0.055167,0.998238,0,0.19316,0.82796,9.962,0.390,-1,720.995,-1,623.259,-1,562.016,538.598,568.593,467.003,-1,-1,-1,-1,-1,-1,-1,-1,2,0,2,0,2,0,0,0,0,2,2,2,2,2,2,2,2
418,-6143.875,1090.456,480.535,20.281,0.937745,-0.347319,0.002048,0.346526,0.935971,0.062276,-0.023546,-0.057689,0.998057,0,0.19316,0.82796,10.011,0.421,-1,714.656,-1,621.215,-1,558.780,536.583,561.164,469.477,-1,-1,-1,-1,-1,-1,-1,-1,2,0,2,0,2,0,0,0,0,2,2,2,2,2,2,2,2
419,-6135.393,1095.900,479.922,20.690,0.935207,-0.354093,0.002480,0.353202,0.933305,0.064729,-0.025235,-0.059659,0.997900,0,0.19316,0.82796,10.079,0.409,-1,709.296,-1,619.236,-1,555.810,534.556,555.770,471.534,-1,-1,-1,-1,-1,-1,-1,-1,2,0,2,0,2,0,0,0,0,2,2,2,2,2,2,2,2
420,-6126.876,1101.390,479.482,21.094,0.932653,-0.360760,0.003175,0.359773,0.930685,0.066257,-0.026857,-0.060653,0.997798,0,0.19316,0.82796,10.133,0.404,-1,705.418,-1,617.169,-1,553.509,532.776,553.316,472.445,-1,-1,-1,-1,-1,-1,-1,-1,2,0,2,0,2,0,0,0,0,2,2,2,2,2,2,2,2
421,-6118.281,1106.886,479.174,21.493,0.930089,-0.367313,0.003931,0.366244,0.928098,0.067087,-0.028290,-0.060957,0.997739,0,0.19316,0.82796,10.202,0.399,-1,702.936,-1,615.359,-1,551.934,531.413,553.038,472.537,-1,-1,-1,-1,-1,994.240,-1,-1,2,0,2,0,2,0,0,0,0,2,2,2,2,2,1,2,2
422,-6109.788,1112.314,478.958,21.885,0.927514,-0.373752,0.005121,0.372575,0.925523,0.067791,-0.030077,-0.060969,0.997686,0,-0.07000,1.00000,10.080,0.392,-1,700.015,-1,612.786,-1,549.957,529.273,553.697,472.335,-1,-1,-1,-1,-1,955.821,-1,-1,2,0,2,0,2,0,0,0,0,2,2,2,2,2,1,2,2
423,-6101.626,1117.598,478.804,22.249,0.925054,-0.379773,0.006916,0.378439,0.923059,0.068898,-0.032550,-0.061118,0.997600,0,-0.07000,1.00000,9.722,0.364,-1,695.297,-1,608.880,-1,546.793,526.066,554.097,472.405,-1,-1,-1,-1,-1,920.285,-1,-1,2,0,2,0,2,0,0,0,0,2,2,2,2,2,1,2,2
424,-6092.189,1123.747,478.551,22.647,0.922302,-0.386360,0.009169,0.384814,0.920286,0.070650,-0.035735,-0.061632,0.997459,0,-0.07000,1.00000,11.264,0.398,-1,688.480,-1,603.661,-1,542.294,521.718,553.488,472.853,-1,-1,-1,-1,-1,881.242,-1,-1,2,0,2,0,2,0,0,0,0,2,2,2,2,2,1,2,2
425,-6086.043,1127.655,478.311,22.890,0.920593,-0.390379,0.010605,0.388676,0.918538,0.072244,-0.037944,-0.062385,0.997331,0,-0.07000,1.00000,7.284,0.242,-1,683.097,-1,600.004,-1,538.839,518.542,551.820,473.634,-1,-1,-1,-1,-1,857.292,-1,-1,2,0,2,0,2,0,0,0,0,2,2,2,2,2,1,2,2
426,-6078.531,1132.407,477.949,23.175,0.918555,-0.395105,0.012232,0.393213,0.916452,0.074154,-0.040509,-0.063304,0.997172,0,-0.07000,1.00000,8.889,0.285,-1,676.670,-1,595.235,-1,534.691,514.722,549.613,474.429,-1,-1,-1,-1,-1,829.038,-1,-1,2,0,2,0,2,0,0,0,0,2,2,2,2,2,1,2,2
427,-6071.232,1137.035,477.555,23.453,0.916545,-0.399695,0.013766,0.397628,0.914413,0.075766,-0.042871,-0.063969,0.997031,0,-0.07000,1.00000,8.642,0.278,-1,670.876,-1,590.609,-1,530.864,511.130,547.911,474.708,-1,-1,-1,-1,-1,802.058,-1,-1,2,0,2,0,2,0,0,0,0,2,2,2,2,2,1,2,2
428,-6064.155,1141.543,477.174,23.722,0.914574,-0.404129,0.015284,0.401898,0.912438,0.077036,-0.045079,-0.064313,0.996911,0,-0.07000,1.00000,8.391,0.270,-1,665.751,-1,586.146,-1,527.381,507.770,547.013,474.487,-1,-1,-1,-1,-1,776.355,-1,993.580,2,0,2,0,2,0,0,0,0,2,2,2,2,2,1,2,1
429,-6057.304,1145.959,476.824,23.986,0.912638,-0.408436,0.016512,0.406071,0.910507,0.077998,-0.046892,-0.064478,0.996817,0,-0.07000,1.00000,8.151,0.264,-1,661.799,-1,582.480,-1,524.661,505.084,546.657,474.080,-1,-1,-1,-1,-1,751.755,-1,977.646,2,0,2,0,2,0,0,0,0,2,2,2,2,2,1,2,1
430,-6050.747,1150.310,476.552,24.253,0.910684,-0.412746,0.017203,0.410285,0.908541,0.078868,-0.048182,-0.064765,0.996737,0,-0.07000,1.00000,7.869,0.266,-1,659.254,-1,580.210,-1,522.985,503.453,546.276,474.153,-1,-1,-1,-1,-1,736.209,-1,962.243,2,0,2,0,2,0,0,0,0,2,2,2,2,2,1,2,1
431,-6044.423,1154.599,476.315,24.521,0.908712,-0.417055,0.017553,0.414524,0.906549,0.079622,-0.049120,-0.065077,0.996671,0,-0.07000,1.00000,7.641,0.268,-1,657.648,-1,578.795,-1,521.851,502.485,545.950,474.409,-1,-1,-1,-1,-1,722.060,-1,947.280,2,0,2,0,2,0,0,0,0,2,2,2,2,2,1,2,1
432,-6038.278,1158.810,476.035,24.783,0.906771,-0.421247,0.017787,0.418658,0.904587,0.080296,-0.049914,-0.065364,0.996612,0,-0.07000,1.00000,7.449,0.262,-1,656.330,-1,577.544,-1,520.856,501.644,545.542,474.533,-1,-1,-1,-1,-1,708.433,-1,932.820,2,0,2,0,2,0,0,0,0,2,2,2,2,2,1,2,1
433,-6032.312,1162.921,475.659,25.039,0.904854,-0.425341,0.018008,0.422693,0.902648,0.080974,-0.050696,-0.065658,0.996553,0,-0.07000,1.00000,7.246,0.256,-1,654.816,-1,576.074,-1,519.709,500.615,544.779,474.428,-1,-1,-1,-1,-1,704.826,-1,918.826,2,0,2,0,2,0,0,0,0,2,2,2,2,2,1,2,1
434,-6026.302,1167.164,475.160,25.304,0.902883,-0.429512,0.017939,0.426870,0.900701,0.080748,-0.050840,-0.065249,0.996573,0,0.52427,0.29887,7.357,0.265,-1,655.113,-1,575.204,-1,519.524,500.293,545.414,472.940,-1,-1,-1,-1,-1,707.739,-1,904.732,2,0,2,0,2,0,0,0,0,2,2,2,2,2,1,2,1
435,-6019.812,1171.769,474.467,25.593,0.900779,-0.433949,0.016879,0.431448,0.898664,0.079093,-0.049491,-0.063963,0.996724,0,0.52427,0.29887,7.958,0.289,-1,659.285,-1,576.428,-1,521.586,501.898,547.834,469.787,-1,-1,-1,-1,-1,711.184,-1,896.056,2,0,2,0,2,0,0,0,0,2,2,2,2,2,1,2,1
436,-6012.875,1176.674,473.560,25.912,0.898448,-0.438800,0.015660,0.436492,0.896452,0.076472,-0.047594,-0.061870,0.996949,0,0.52427,0.29887,8.495,0.319,-1,665.003,-1,577.903,-1,524.335,503.899,551.670,464.845,-1,-1,-1,-1,-1,715.113,-1,801.469,2,0,2,0,2,0,0,0,0,2,2,2,2,2,1,2,1
437,-6005.542,1181.912,472.541,26.268,0.895801,-0.444214,0.014654,0.442118,0.893983,0.072976,-0.045518,-0.058893,0.997226,0,0.52427,0.29887,9.012,0.357,-1,671.889,-1,579.155,-1,527.472,505.939,557.376,458.276,-1,-1,-1,-1,-1,719.751,-1,779.349,2,0,2,0,2,0,0,0,0,2,2,2,2,2,1,2,1
438,-5997.808,1187.445,471.654,26.633,0.893021,-0.449791,0.014224,0.447833,0.891354,0.070242,-0.044273,-0.056357,0.997429,0,0.52427,0.29887,9.509,0.364,-1,676.883,-1,579.398,-1,529.494,507.035,562.357,452.829,-1,-1,-1,-1,-1,724.435,-1,761.286,2,0,2,0,2,0,0,0,0,2,2,2,2,2,1,2,1
439,-5989.704,1193.276,471.004,26.984,0.890253,-0.455234,0.014569,0.453300,0.888681,0.069029,-0.044371,-0.054849,0.997508,0,0.52427,0.29887,9.984,0.351,-1,678.312,-1,578.006,-1,529.566,506.572,565.616,449.628,-1,-1,-1,-1,-1,-1,-1,742.504,2,0,2,0,2,0,0,0,0,2,2,2,2,2,2,2,1
440,-5981.264,1199.420,470.584,27.324,0.887496,-0.460552,0.015618,0.458532,0.885960,0.069455,-0.045825,-0.054480,0.997463,0,0.52427,0.29887,10.439,0.339,-1,675.999,-1,575.116,-1,527.635,504.539,566.814,448.795,-1,-1,-1,-1,-1,-1,-1,723.061,2,0,2,0,2,0,0,0,0,2,2,2,2,2,2,2,1
441,-5972.598,1205.978,470.280,27.690,0.884426,-0.466347,0.017618,0.464145,0.882925,0.070801,-0.048573,-0.054441,0.997335,0,0.52427,0.29887,10.868,0.367,-1,670.738,-1,570.337,-1,523.907,500.892,567.457,449.004,-1,-1,-1,-1,-1,-1,-1,702.133,2,0,2,0,2,0,0,0,0,2,2,2,2,2,2,2,1
442,-5963.595,1212.891,469.925,28.069,0.881179,-0.472350,0.020208,0.469898,0.879718,0.072746,-0.052139,-0.054607,0.997146,0,0.52427,0.29887,11.350,0.379,-1,663.325,-1,564.118,-1,518.797,495.973,567.438,449.468,-1,-1,-1,-1,-1,989.199,-1,680.211,2,0,2,0,2,0,0,0,0,2,2,2,2,2,0,2,1
443,-5954.218,1220.170,469.415,28.459,0.877787,-0.478505,0.022879,0.475781,0.876371,0.074875,-0.055878,-0.054839,0.996930,0,0.52427,0.29887,11.871,0.389,-1,655.216,-1,557.382,-1,513.189,490.586,567.010,449.735,-1,-1,-1,-1,-1,967.836,-1,657.653,2,0,2,0,2,0,0,0,0,2,2,2,2,2,0,2,1
444,-5944.575,1227.824,468.721,28.879,0.874086,-0.485103,0.025461,0.482110,0.872729,0.076907,-0.059528,-0.054948,0.996713,0,0.52427,0.29887,12.312,0.421,-1,647.248,-1,550.550,-1,507.574,485.151,566.365,449.488,-1,-1,-1,-1,-1,948.769,-1,634.377,2,0,2,0,2,0,0,0,0,2,2,2,2,2,0,2,1
445,-5934.823,1235.910,467.906,29.358,0.869839,-0.492544,0.027921,0.489283,0.868552,0.078865,-0.063096,-0.054939,0.996494,0,0.52427,0.29887,12.669,0.478,-1,639.983,-1,543.890,-1,502.268,479.911,565.611,449.686,-1,-1,-1,-1,-1,931.074,-1,612.027,2,0,2,0,2,0,0,0,0,2,2,2,2,2,0,2,1
446,-5924.924,1244.411,466.926,29.892,0.865039,-0.500777,0.030504,0.497264,0.863868,0.080381,-0.066605,-0.054364,0.996297,0,0.52427,0.29887,13.048,0.535,-1,633.339,-1,536.989,842.276,497.192,474.654,565.705,449.272,-1,-1,-1,-1,-1,913.006,-1,619.932,2,0,2,0,1,0,0,0,0,2,2,2,2,2,0,2,1
447,-5914.781,1253.288,465.770,30.447,0.860000,-0.509241,0.032759,0.505510,0.858951,0.081633,-0.069709,-0.053645,0.996124,0,0.52427,0.29887,13.479,0.555,-1,627.525,-1,530.520,809.007,492.573,469.904,565.806,448.375,-1,-1,-1,-1,-1,897.905,-1,628.798,2,0,2,0,1,0,0,0,0,2,2,2,2,2,0,2,1
448,-5904.357,1262.528,464.435,31.003,0.854904,-0.517662,0.034149,0.513735,0.853906,0.083189,-0.072224,-0.053575,0.995948,0,0.52427,0.29887,13.930,0.556,-1,622.218,-1,525.759,775.954,488.467,465.794,563.998,448.289,-1,-1,-1,-1,-1,888.251,-1,-1,2,0,2,0,1,0,0,0,0,2,2,2,2,2,0,2,2
449,-5893.792,1272.200,462.967,31.581,0.849536,-0.526367,0.035014,0.522244,0.848541,0.085085,-0.074497,-0.053997,0.995758,0,0.52427,0.29887,14.324,0.578,-1,616.990,-1,521.572,664.307,484.552,462.017,560.712,448.901,-1,-1,-1,-1,-1,881.419,-1,-1,2,0,2,0,1,0,0,0,0,2,2,2,2,2,0,2,2
450,-5883.149,1282.333,461.474,32.191,0.843787,-0.535508,0.035428,0.531167,0.842736,0.087507,-0.076717,-0.055019,0.995534,0,0.52427,0.29887,14.695,0.610,-1,611.622,-1,517.964,610.156,480.762,458.562,555.990,450.684,-1,-1,-1,-1,-1,877.881,-1,-1,2,0,2,0,1,0,0,0,0,2,2,2,2,2,0,2,2
451,-5872.349,1292.891,460.001,32.809,0.837865,-0.544729,0.035398,0.540146,0.836694,0.090472,-0.078900,-0.056683,0.995270,0,0.52427,0.29887,15.103,0.618,-1,606.067,-1,514.943,570.929,476.923,455.407,550.006,454.067,-1,-1,-1,-1,-1,876.947,-1,-1,2,0,2,0,1,0,0,0,0,2,2,2,2,2,0,2,2
452,-5861.172,1303.760,458.528,33.387,0.832239,-0.553317,0.034903,0.548497,0.830895,0.093623,-0.080804,-0.058772,0.994996,0,0.52427,0.29887,15.590,0.579,-1,600.709,-1,512.502,537.645,473.339,452.615,543.452,459.104,-1,-1,-1,-1,-1,878.742,-1,-1,2,0,2,0,1,0,0,0,0,2,2,2,2,2,0,2,2
453,-5849.648,1314.957,457.040,33.946,0.826741,-0.561539,0.034247,0.556510,0.825220,0.096482,-0.082439,-0.060707,0.994745,0,0.52427,0.29887,16.068,0.559,-1,596.007,-1,510.361,504.897,470.170,450.129,537.538,464.706,-1,-1,-1,-1,-1,882.133,-1,-1,2,0,2,0,1,0,0,0,0,2,2,2,2,2,0,2,2
454,-5837.749,1326.421,455.598,34.496,0.821250,-0.569554,0.034020,0.564354,0.819636,0.098496,-0.083983,-0.061691,0.994556,0,0.52427,0.29887,16.523,0.551,-1,592.317,-1,508.163,497.749,467.565,447.736,534.149,469.177,-1,-1,-1,-1,-1,884.581,-1,-1,2,0,2,0,1,0,0,0,0,2,2,2,2,2,0,2,2
455,-5825.530,1338.110,454.309,35.028,0.815872,-0.577216,0.034257,0.571880,0.814250,0.099755,-0.085474,-0.061796,0.994422,0,0.52427,0.29887,16.909,0.532,-1,590.525,-1,506.114,503.523,465.442,445.762,533.412,472.508,-1,-1,-1,-1,-1,885.936,-1,-1,2,0,2,0,1,0,0,0,0,2,2,2,2,2,0,2,2
456,-5813.096,1350.058,453.149,35.559,0.810380,-0.584807,0.035836,0.579293,0.808898,0.100518,-0.087771,-0.060698,0.994290,0,0.52427,0.29887,17.244,0.530,-1,588.183,-1,502.341,509.161,462.585,442.722,535.781,473.946,-1,-1,-1,861.003,-1,879.686,-1,-1,2,0,2,0,1,0,0,0,0,2,2,2,1,2,0,2,2
457,-5800.402,1362.344,452.007,36.092,0.804787,-0.592360,0.037785,0.586699,0.803519,0.100707,-0.090016,-0.058879,0.994198,0,0.52427,0.29887,17.666,0.534,-1,586.643,-1,498.404,-1,460.022,439.756,539.916,474.231,-1,-1,-1,825.335,-1,872.708,-1,-1,2,0,2,0,2,0,0,0,0,2,2,2,1,2,0,2,2
458,-5787.509,1375.025,450.884,36.639,0.799048,-0.600007,0.038904,0.594269,0.797937,0.100702,-0.091465,-0.057346,0.994156,0,0.52427,0.29887,18.084,0.546,-1,586.939,-1,496.185,-1,458.747,438.136,543.687,475.282,-1,-1,-1,791.477,-1,872.802,-1,-1,2,0,2,0,2,0,0,0,0,2,2,2,1,2,0,2,2
459,-5774.426,1388.121,449.629,37.195,0.793210,-0.607722,0.038632,0.601966,0.792114,0.100955,-0.091954,-0.056823,0.994141,0,0.52427,0.29887,18.511,0.556,-1,588.494,-1,495.902,-1,458.621,437.815,545.018,477.981,-1,-1,-1,806.122,-1,882.931,-1,-1,2,0,2,0,2,0,0,0,0,2,2,2,1,2,0,2,2
460,-5761.103,1401.556,448.215,37.720,0.787665,-0.614989,0.037051,0.609218,0.786418,0.101978,-0.091853,-0.057752,0.994096,0,0.52427,0.29887,18.921,0.525,-1,589.983,-1,497.054,-1,458.874,438.119,542.910,482.202,-1,-1,-1,865.381,-1,899.065,-1,-1,2,0,2,0,2,0,0,0,0,2,2,2,1,2,0,2,2
461,-5747.725,1415.128,446.759,38.219,0.782285,-0.621906,0.035539,0.616021,0.780828,0.104049,-0.092458,-0.059503,0.993937,0,0.25805,0.74433,19.057,0.499,-1,589.178,-1,497.658,-1,458.008,437.516,538.910,487.913,-1,-1,-1,927.765,-1,911.144,-1,-1,2,0,2,0,2,0,0,0,0,2,2,2,1,2,0,2,2
462,-5734.359,1428.681,445.238,38.671,0.777325,-0.628166,0.034250,0.622101,0.775636,0.106668,-0.093570,-0.061609,0.993705,0,0.25805,0.74433,19.034,0.452,-1,586.649,-1,497.411,-1,455.978,436.048,534.107,494.048,-1,-1,-1,991.457,-1,919.158,-1,-1,2,0,2,0,2,0,0,0,0,2,2,2,1,2,0,2,2
463,-5721.040,1442.284,443.688,39.098,0.772606,-0.634051,0.032544,0.627840,0.770643,0.109207,-0.094322,-0.063942,0.993486,0,0.25805,0.74433,19.039,0.428,-1,584.549,-1,497.797,-1,454.333,435.111,529.209,500.655,-1,-1,-1,-1,-1,930.149,-1,-1,2,0,2,0,2,0,0,0,0,2,2,2,2,2,0,2,2
464,-5707.813,1456.011,442.123,39.529,0.767843,-0.639904,0.030662,0.633607,0.765616,0.111238,-0.094657,-0.065986,0.993321,0,0.25805,0.74433,19.063,0.430,-1,583.264,-1,498.819,-1,453.386,434.824,525.180,505.612,-1,-1,-1,-1,1004.142,942.098,-1,-1,2,0,2,0,2,0,0,0,0,2,2,2,2,0,0,2,2
465,-5694.754,1469.875,440.617,39.980,0.762833,-0.645964,0.028569,0.639640,0.760354,0.112790,-0.094580,-0.067766,0.993208,0,0.25805,0.74433,19.045,0.451,-1,583.485,-1,500.756,-1,453.344,435.349,521.923,510.087,-1,-1,-1,-1,1001.343,954.970,-1,-1,2,0,2,0,2,0,0,0,0,2,2,2,2,0,0,2,2
466,-5681.902,1483.943,439.125,40.471,0.757339,-0.652471,0.026827,0.646174,0.754698,0.113541,-0.094328,-0.068654,0.993171,0,0.25805,0.74433,19.055,0.491,-1,585.185,-1,502.976,-1,453.944,436.237,520.557,512.979,-1,-1,-1,1004.106,1001.175,967.771,-1,-1,2,0,2,0,2,0,0,0,0,2,2,2,1,0,0,2,2
467,-5669.168,1498.160,437.660,40.981,0.751615,-0.659134,0.024827,0.652924,0.748821,0.113827,-0.093618,-0.069344,0.993190,0,0.25805,0.74433,19.086,0.509,-1,588.360,-1,506.283,-1,455.676,438.008,519.722,515.701,-1,-1,-1,-1,1003.960,984.183,-1,-1,2,0,2,0,2,0,0,0,0,2,2,2,2,0,0,2,2
468,-5656.609,1512.571,436.150,41.516,0.745577,-0.666049,0.022191,0.660006,0.742602,0.113733,-0.092231,-0.070150,0.993263,0,0.25805,0.74433,19.116,0.535,-1,592.399,-1,511.082,-1,458.631,441.025,518.546,517.561,-1,-1,-1,-1,-1,1002.857,-1,-1,2,0,2,0,2,0,0,0,0,2,2,2,2,2,0,2,2
469,-5644.467,1527.294,434.555,42.123,0.738653,-0.673796,0.019758,0.667953,0.735563,0.113075,-0.090722,-0.070326,0.993390,0,0.25805,0.74433,19.083,0.606,-1,597.251,-1,516.090,-1,462.105,444.356,518.225,517.799,-1,-1,-1,-1,-1,-1,-1,-1,2,0,2,0,2,0,0,0,0,2,2,2,2,2,2,2,2
470,-5633.240,1542.472,432.852,42.882,0.729794,-0.683400,0.019126,0.677730,0.726852,0.111218,-0.089908,-0.068204,0.993612,0,0.25805,0.74433,18.879,0.759,-1,604.343,-1,519.158,-1,465.413,446.817,521.619,512.140,-1,-1,-1,-1,-1,-1,-1,-1,2,0,2,0,2,0,0,0,0,2,2,2,2,2,2,2,2
471,-5622.845,1557.864,431.116,43.753,0.719451,-0.694291,0.018713,0.688788,0.716692,0.109198,-0.089227,-0.065674,0.993844,0,0.25805,0.74433,18.573,0.871,-1,613.058,-1,522.632,-1,469.083,449.421,525.234,505.501,-1,-1,-1,-1,-1,-1,-1,-1,2,0,2,0,2,0,0,0,0,2,2,2,2,2,2,2,2
472,-5612.597,1573.303,429.469,44.624,0.708978,-0.705036,0.016568,0.699741,0.706191,0.107965,-0.087819,-0.064952,0.994017,0,0.25805,0.74433,18.531,0.872,-1,621.937,-1,529.195,-1,474.152,453.579,525.397,503.037,-1,-1,-1,-1,-1,-1,-1,-1,2,0,2,0,2,0,0,0,0,2,2,2,2,2,2,2,2
473,-5602.401,1588.821,427.920,45.423,0.699289,-0.714727,0.012673,0.709701,0.696276,0.107352,-0.085551,-0.066076,0.994140,0,0.25805,0.74433,18.568,0.799,-1,630.034,-1,538.957,-1,480.210,459.312,522.438,503.083,-1,-1,-1,-1,-1,-1,-1,-1,2,0,2,0,2,0,0,0,0,2,2,2,2,2,2,2,2
474,-5592.264,1604.514,426.334,46.187,0.689896,-0.723856,0.008684,0.719098,0.686643,0.106863,-0.083316,-0.067480,0.994236,0,0.35769,0.64496,18.682,0.764,-1,638.170,-1,548.827,-1,485.831,464.963,519.029,503.611,-1,-1,-1,-1,-1,-1,-1,-1,2,0,2,0,2,0,0,0,0,2,2,2,2,2,2,2,2
475,-5582.141,1620.376,424.684,46.926,0.680667,-0.732573,0.005372,0.728027,0.677224,0.106509,-0.081664,-0.068586,0.994297,0,0.35769,0.64496,18.817,0.738,-1,646.178,-1,555.461,-1,490.430,469.503,516.159,503.254,-1,-1,-1,-1,-1,-1,-1,-1,2,0,2,0,2,0,0,0,0,2,2,2,2,2,2,2,2
476,-5571.979,1636.354,422.986,47.632,0.671685,-0.740831,0.002879,0.736417,0.668097,0.106471,-0.080800,-0.069394,0.994312,0,0.35769,0.64496,18.936,0.707,-1,651.919,-1,559.377,-1,493.572,472.520,514.074,502.008,-1,-1,-1,-1,-1,-1,-1,-1,2,0,2,0,2,0,0,0,0,2,2,2,2,2,2,2,2
477,-5561.762,1652.420,421.339,48.291,0.663189,-0.748451,0.000656,0.744122,0.659447,0.106832,-0.080391,-0.070361,0.994277,0,0.35769,0.64496,19.040,0.659,-1,654.717,-1,562.495,-1,494.944,474.271,512.080,501.012,-1,-1,-1,-1,-1,-1,-1,-1,2,0,2,0,2,0,0,0,0,2,2,2,2,2,2,2,2
478,-5551.507,1668.628,419.595,48.932,0.654816,-0.755788,-0.000953,0.751487,0.650955,0.107350,-0.080514,-0.071011,0.994221,0,0.35769,0.64496,19.179,0.641,-1,656.121,-1,564.369,-1,496.064,474.878,510.529,498.240,-1,-1,-1,-1,-1,-1,-1,-1,2,0,2,0,2,0,0,0,0,2,2,2,2,2,2,2,2
479,-5541.266,1685.029,417.737,49.563,0.646495,-0.762914,-0.002383,0.758636,0.642533,0.107805,-0.080715,-0.071503,0.994169,0,0.35769,0.64496,19.335,0.631,-1,657.292,-1,564.964,-1,496.852,475.101,509.088,437.236,-1,-1,-1,-1,-1,-1,-1,-1,2,0,2,0,2,0,0,0,1,2,2,2,2,2,2,2,2
480,-5531.020,1701.625,415.803,50.176,0.638337,-0.769747,-0.003991,0.765505,0.634257,0.108258,-0.080800,-0.072160,0.994115,0,0.35769,0.64496,19.504,0.613,-1,659.497,-1,564.159,-1,497.604,475.348,507.283,441.540,-1,-1,-1,-1,-1,-1,-1,-1,2,0,2,0,2,0,0,0,1,2,2,2,2,2,2,2,2
481,-5520.943,1718.471,413.818,50.808,0.629842,-0.776707,-0.005092,0.772484,0.625706,0.108446,-0.081045,-0.072238,0.994089,0,0.35769,0.64496,19.630,0.632,-1,662.012,-1,562.584,-1,498.283,475.210,506.445,446.183,-1,-1,-1,-1,-1,-1,-1,-1,2,0,2,0,2,0,0,0,1,2,2,2,2,2,2,2,2
482,-5509.107,1738.899,411.502,51.600,0.619058,-0.785327,-0.005305,0.781045,0.614948,0.108667,-0.082077,-0.071415,0.994064,0,0.35769,0.64496,23.610,0.792,-1,662.286,-1,558.804,-1,497.363,472.775,507.379,453.584,-1,-1,-1,-1,-1,996.967,-1,-1,2,0,2,0,2,0,0,0,1,2,2,2,2,2,0,2,2
483,-5501.249,1752.700,409.969,52.110,0.612068,-0.790782,-0.006047,0.786506,0.607926,0.108786,-0.082350,-0.071341,0.994047,0,0.35769,0.64496,15.881,0.510,-1,662.958,-1,557.891,-1,497.158,472.605,507.333,479.892,-1,-1,-1,-1,-1,989.610,-1,-1,2,0,2,0,2,0,0,0,0,2,2,2,2,2,0,2,2
484,-5491.540,1770.166,407.973,52.747,0.603281,-0.797495,-0.007300,0.793263,0.599084,0.108776,-0.082375,-0.071414,0.994039,0,0.35769,0.64496,19.983,0.637,-1,664.313,-1,557.035,-1,498.182,472.815,506.850,477.415,-1,-1,-1,-1,-1,981.485,-1,-1,2,0,2,0,2,0,0,0,0,2,2,2,2,2,0,2,2
485,-5482.229,1787.927,405.971,53.440,0.593658,-0.804672,-0.008559,0.800521,0.589444,0.108268,-0.082075,-0.071126,0.994085,0,0.35769,0.64496,20.053,0.693,-1,668.303,-1,556.092,-1,500.368,473.847,506.845,474.483,-1,-1,-1,-1,-1,975.624,-1,-1,2,0,2,0,2,0,0,0,0,2,2,2,2,2,0,2,2
486,-5473.359,1806.018,403.938,54.214,0.582797,-0.812568,-0.009003,0.808475,0.578673,0.107267,-0.081952,-0.069794,0.994190,0,0.35769,0.64496,20.149,0.774,-1,673.949,-1,554.368,-1,503.036,474.660,508.343,469.899,-1,-1,-1,-1,-1,967.228,-1,-1,2,0,2,0,2,0,0,0,0,2,2,2,2,2,0,2,2
487,-5464.806,1824.394,401.916,55.039,0.571113,-0.820818,-0.009337,0.816803,0.567115,0.105898,-0.081628,-0.068106,0.994333,0,0.35769,0.64496,20.269,0.825,-1,678.180,-1,553.082,-1,505.455,475.007,510.735,468.294,-1,-1,-1,-1,-1,959.299,-1,-1,2,0,2,0,2,0,0,0,0,2,2,2,2,2,0,2,2
488,-5454.717,1846.724,399.581,56.015,0.557155,-0.830338,-0.010816,0.826498,0.553222,0.104149,-0.080495,-0.066966,0.994503,0,0.35769,0.64496,24.503,0.977,-1,684.631,-1,554.410,-1,509.630,478.013,512.476,469.213,-1,-1,-1,-1,-1,958.299,-1,-1,2,0,2,0,2,0,0,0,0,2,2,2,2,2,0,2,2
489,-5449.024,1859.177,398.296,56.900,0.544095,-0.838953,-0.010880,0.834635,0.539879,0.109155,-0.085702,-0.068472,0.993965,0,0.35769,0.64496,13.692,0.884,-1,675.591,-1,545.767,-1,504.789,472.698,506.890,474.361,-1,-1,-1,-1,-1,933.387,-1,-1,2,0,2,0,2,0,0,0,0,2,2,2,2,2,0,2,2
490,-5444.880,1866.270,397.713,58.500,0.519332,-0.854509,-0.010425,0.847488,0.513420,0.134771,-0.109810,-0.078826,0.990822,0,0.35769,0.64496,8.215,1.601,-1,625.813,-1,510.582,-1,473.568,444.306,478.737,498.384,-1,-1,-1,-1,1006.427,843.530,-1,-1,2,0,2,0,2,0,0,0,0,2,2,2,2,0,0,2,2
491,-5441.743,1867.083,398.067,59.793,0.498079,-0.866967,-0.016900,0.855552,0.488161,0.172422,-0.141234,-0.100338,0.984878,0,-0.04407,0.77932,3.241,1.293,96.309,60.510,-1,472.159,-1,430.465,408.672,436.233,552.255,-1,-1,-1,-1,862.302,750.335,-1,-1,1,1,2,0,2,0,0,0,0,2,2,2,2,0,0,2,2
492,-5438.625,1866.979,399.154,60.835,0.480701,-0.876418,-0.028617,0.861354,0.465821,0.202684,-0.164305,-0.122080,0.978826,0,-0.04407,0.77932,3.119,1.042,99.908,56.862,-1,451.427,-1,66.964,386.832,399.614,632.238,-1,-1,-1,-1,774.025,700.184,81.796,-1,1,1,2,0,2,1,0,0,0,2,2,2,2,0,0,1,2
493,-5435.851,1867.628,400.861,61.711,0.466684,-0.883550,-0.039305,0.867116,0.448350,0.217007,-0.174114,-0.135356,0.975378,0,-0.04407,0.77932,2.849,0.876,103.900,53.832,-1,449.021,-1,63.063,382.071,381.194,702.932,-1,-1,-1,-1,743.883,691.540,84.584,-1,1,1,2,0,2,1,0,0,0,2,2,2,2,0,0,1,2
494,-5433.440,1868.876,402.923,62.477,0.455181,-0.889159,-0.046971,0.873549,0.435731,0.216910,-0.172401,-0.139765,0.975061,0,-0.04407,0.77932,2.715,0.767,108.292,51.178,-1,460.697,-1,59.588,390.869,378.065,744.835,-1,-1,-1,-1,756.325,713.183,87.708,-1,1,1,2,0,2,1,0,0,0,2,2,2,2,0,0,1,2
495,-5431.275,1870.079,404.917,63.121,0.446025,-0.893563,-0.051055,0.879961,0.427386,0.207391,-0.163497,-0.137428,0.976925,0,-0.04407,0.77932,2.477,0.644,112.827,49.373,-1,480.350,-1,57.137,407.847,385.011,752.741,-1,-1,-1,-1,794.253,752.190,90.968,-1,1,1,2,0,2,1,0,0,0,2,2,2,2,0,0,1,2
496,-5429.387,1870.810,406.375,63.630,0.439016,-0.896998,-0.051575,0.885571,0.422301,0.193458,-0.151751,-0.130604,0.979752,0,-0.04407,0.77932,2.025,0.509,117.282,48.668,-1,501.566,-1,56.022,427.487,397.547,734.317,-1,-1,-1,-1,845.923,796.307,94.191,-1,1,1,2,0,2,1,0,0,0,2,2,2,2,0,0,1,2
497,-6220.821,1264.437,470.739,103.250,-0.228831,-0.973373,0.013496,0.971789,-0.227601,0.061840,-0.057122,0.027266,0.997995,1,-0.04407,0.77932,0.000,0.000,-1,677.286,-1,756.037,-1,553.130,567.215,609.804,595.248,-1,753.430,788.864,-1,-1,-1,-1,-1,2,0,2,0,2,0,0,0,0,2,1,1,2,2,2,2,2
498,-6221.462,1266.879,473.899,103.236,-0.228637,-0.973453,0.010706,0.972059,-0.227681,0.057114,-0.053160,0.023465,0.998310,0,0.31666,-0.44752,2.525,-0.014,-1,699.114,-1,788.185,-1,570.873,586.509,611.654,612.216,-1,756.486,788.579,-1,-1,-1,-1,-1,2,0,2,0,2,0,0,0,0,2,1,1,2,2,2,2,2
499,-6222.226,1269.590,476.002,103.205,-0.228154,-0.973601,0.006885,0.972365,-0.227493,0.052465,-0.049514,0.018664,0.998599,0,0.31666,-0.44754,2.817,-0.031,-1,720.674,-1,817.781,-1,585.271,602.894,606.115,628.881,-1,760.530,786.229,-1,-1,-1,-1,-1,2,0,2,0,2,0,0,0,0,2,1,1,2,2,2,2,2
