timestep,x_cm,y_cm,z_cm,yaw_deg,basis_xx,basis_xy,basis_xz,basis_yx,basis_yy,basis_yz,basis_zx,basis_zy,basis_zz,teleport_flag,throttle_cmd,steering_cmd,cmd_move_cm,cmd_turn_deg,lidar_cm_0,lidar_cm_1,lidar_cm_2,lidar_cm_3,lidar_cm_4,lidar_cm_5,lidar_cm_6,lidar_cm_7,lidar_cm_8,lidar_cm_9,lidar_cm_10,lidar_cm_11,lidar_cm_12,lidar_cm_13,lidar_cm_14,lidar_cm_15,lidar_cm_16,lidar_class_0,lidar_class_1,lidar_class_2,lidar_class_3,lidar_class_4,lidar_class_5,lidar_class_6,lidar_class_7,lidar_class_8,lidar_class_9,lidar_class_10,lidar_class_11,lidar_class_12,lidar_class_13,lidar_class_14,lidar_class_15,lidar_class_16
0,-8102.941,6521.160,243.132,81.457,0.148543,-0.988867,0.008824,0.988905,0.148528,-0.002365,0.001028,0.009078,0.999958,0,0.40001,-0.90194,0.585,-0.004,-1,559.055,-1,602.627,-1,470.823,480.673,626.088,559.206,-1,-1,-1,-1,995.750,-1,-1,-1,2,0,2,0,2,0,0,0,0,2,2,2,2,0,2,2,2
1,-8102.793,6522.324,242.892,81.446,0.148736,-0.988838,0.008804,0.988872,0.148701,-0.004521,0.003161,0.009378,0.999951,0,0.40001,-0.90194,1.173,-0.011,-1,562.906,-1,606.853,-1,473.694,483.586,626.275,558.149,-1,-1,-1,-1,-1,-1,-1,-1,2,0,2,0,2,0,0,0,0,2,2,2,2,2,2,2,2
2,-8102.522,6523.984,241.596,81.415,0.149272,-0.988760,0.008453,0.988780,0.149214,-0.007078,0.005737,0.009415,0.999939,0,0.40001,-0.90194,1.682,-0.031,-1,564.805,-1,609.405,-1,474.951,484.960,622.213,554.769,-1,-1,-1,-1,-1,-1,-1,-1,2,0,2,0,2,0,0,0,0,2,2,2,2,2,2,2,2
3,-8102.144,6526.063,239.655,81.367,0.150108,-0.988636,0.008163,0.988643,0.150038,-0.008604,0.007282,0.009361,0.999930,0,0.40001,-0.90194,2.113,-0.049,-1,562.797,-1,607.648,-1,473.086,483.159,615.574,549.671,-1,-1,-1,-1,-1,-1,-1,-1,2,0,2,0,2,0,0,0,0,2,2,2,2,2,2,2,2
4,-8101.645,6528.528,237.619,81.307,0.151139,-0.988484,0.007568,0.988484,0.151071,-0.008817,0.007572,0.008814,0.999932,0,0.40001,-0.90194,2.515,-0.060,15.230,557.545,-1,602.892,13.286,468.855,479.084,607.086,545.190,-1,-1,-1,-1,1006.769,-1,23.016,18.869,1,0,2,0,1,0,0,0,0,2,2,2,2,0,2,1,1
5,-8101.051,6531.384,235.916,81.238,0.152330,-0.988306,0.006770,0.988306,0.152276,-0.007909,0.006786,0.007896,0.999946,0,0.40001,-0.90194,2.917,-0.069,15.307,550.629,-1,596.719,13.273,463.511,473.981,598.560,542.261,-1,-1,-1,-1,990.449,-1,22.922,27.383,1,0,2,0,1,0,0,0,0,2,2,2,2,0,2,1,1
6,-8100.365,6534.661,234.815,81.159,0.153682,-0.988103,0.005915,0.988105,0.153644,-0.006432,0.005447,0.006834,0.999962,0,0.40001,-0.90194,3.348,-0.078,15.376,544.008,-1,591.049,13.270,458.551,469.316,591.569,541.235,-1,-1,-1,-1,973.635,-1,22.843,31.080,1,0,2,0,1,0,0,0,0,2,2,2,2,0,2,1,1
7,-8099.571,6538.386,234.424,81.072,0.155196,-0.987869,0.005291,0.987875,0.155170,-0.005102,0.004219,0.006019,0.999973,0,0.40001,-0.90194,3.809,-0.088,15.438,539.571,-1,587.515,13.264,455.337,466.370,587.560,541.690,-1,-1,-1,-1,961.775,-1,22.782,32.447,1,0,2,0,1,0,0,0,0,2,2,2,2,0,2,1,1
8,-8098.625,6542.556,234.709,80.971,0.156932,-0.987596,0.005158,0.987603,0.156909,-0.004521,0.003655,0.005803,0.999976,0,0.40001,-0.90194,4.275,-0.101,15.482,538.538,-1,587.076,13.267,454.719,465.907,587.348,542.853,-1,-1,-1,-1,958.323,-1,22.736,31.986,1,0,2,0,1,0,0,0,0,2,2,2,2,0,2,1,1
9,-8097.489,6547.164,235.489,80.853,0.158965,-0.987269,0.005400,0.987277,0.158940,-0.004709,0.003790,0.006080,0.999974,0,0.40001,-0.90194,4.746,-0.118,15.521,540.445,-1,589.384,13.267,456.345,467.604,590.049,544.452,-1,-1,-1,-1,962.266,-1,22.703,29.955,1,0,2,0,1,0,0,0,0,2,2,2,2,0,2,1,1
10,-8096.160,6552.194,236.517,80.719,0.161282,-0.986891,0.005891,0.986899,0.161251,-0.005403,0.004382,0.006686,0.999968,0,0.40001,-0.90194,5.203,-0.135,15.587,544.087,-1,593.281,13.276,459.279,470.550,594.420,546.105,-1,-1,-1,-1,970.691,-1,22.643,26.564,1,0,2,0,1,0,0,0,0,2,2,2,2,0,2,1,1
11,-8094.641,6557.619,237.557,80.568,0.163873,-0.986460,0.006455,0.986468,0.163833,-0.006277,0.005134,0.007396,0.999959,0,0.40001,-0.90194,5.633,-0.150,15.670,548.131,-1,597.545,13.293,462.502,473.773,599.066,547.572,-1,-1,-1,-1,980.390,-1,22.578,22.536,1,0,2,0,1,0,0,0,0,2,2,2,2,0,2,1,1
12,-8092.952,6563.405,238.430,80.404,0.166697,-0.985984,0.006964,0.985991,0.166649,-0.007062,0.005803,0.008044,0.999951,0,0.40001,-0.90194,6.027,-0.164,15.611,551.529,-1,601.205,13.283,465.219,476.504,602.946,548.684,-1,-1,-1,-1,988.666,-1,22.622,18.639,1,0,2,0,1,0,0,0,0,2,2,2,2,0,2,1,1
13,-8091.167,6569.510,239.032,80.236,0.169580,-0.985486,0.007746,0.985499,0.169524,-0.007333,0.005914,0.008877,0.999943,0,0.40001,-0.90194,6.361,-0.168,15.656,553.170,-1,602.559,-1,466.522,477.658,606.171,548.557,-1,-1,-1,-1,992.435,-1,22.590,-1,1,0,2,0,2,0,0,0,0,2,2,2,2,0,2,1,2
14,-8089.276,6575.943,239.320,80.062,0.172572,-0.984960,0.008584,0.984981,0.172513,-0.007157,0.005569,0.009690,0.999938,0,0.40001,-0.90194,6.705,-0.174,8.082,553.021,-1,601.901,-1,466.386,477.381,608.194,547.528,-1,-1,-1,-1,991.646,-1,22.540,-1,1,0,2,0,2,0,0,0,0,2,2,2,2,0,2,1,2
15,-8087.231,6582.746,239.302,79.880,0.175703,-0.984401,0.009133,0.984429,0.175644,-0.006964,0.005251,0.010215,0.999934,0,0.40001,-0.90194,7.103,-0.182,15.746,551.923,-1,600.659,13.312,465.559,476.521,608.373,546.247,-1,-1,-1,-1,988.795,-1,22.525,16.596,1,0,2,0,1,0,0,0,0,2,2,2,2,0,2,1,1
16,-8085.045,6589.931,239.046,79.688,0.179003,-0.983804,0.009385,0.983835,0.178942,-0.006998,0.005205,0.010486,0.999931,0,0.40001,-0.90194,7.510,-0.192,15.745,550.640,-1,599.600,13.314,464.596,475.679,607.056,544.856,-1,-1,-1,-1,985.817,-1,22.525,19.897,1,0,2,0,1,0,0,0,0,2,2,2,2,0,2,1,1
17,-8082.737,6597.487,238.665,79.484,0.182508,-0.983159,0.009455,0.983189,0.182444,-0.007289,0.005442,0.010627,0.999929,0,0.40001,-0.90194,7.901,-0.204,15.728,549.536,-1,598.978,13.308,463.782,475.053,604.938,543.415,-1,-1,-1,-1,983.592,-1,22.538,22.323,1,0,2,0,1,0,0,0,0,2,2,2,2,0,2,1,1
18,-8080.308,6605.389,238.286,79.271,0.186157,-0.982474,0.009481,0.982503,0.186088,-0.007677,0.005778,0.010745,0.999926,0,0.40001,-0.90194,8.266,-0.213,15.702,548.604,-1,598.629,13.299,463.117,474.601,602.723,542.036,-1,-1,-1,-1,981.816,-1,22.556,24.109,1,0,2,0,1,0,0,0,0,2,2,2,2,0,2,1,1
19,-8077.747,6613.575,238.049,79.055,0.189860,-0.981763,0.009773,0.981793,0.189786,-0.007982,0.005982,0.011110,0.999920,0,0.40001,-0.90194,8.577,-0.216,15.712,547.895,-1,598.181,13.305,462.569,474.192,601.571,540.620,-1,-1,-1,-1,980.298,-1,22.548,25.407,1,0,2,0,1,0,0,0,0,2,2,2,2,0,2,1,1
20,-8075.003,6622.039,238.016,78.825,0.193808,-0.980986,0.010219,0.981018,0.193725,-0.008578,0.006435,0.011688,0.999911,0,0.40001,-0.90194,8.898,-0.231,15.720,548.361,-1,598.794,13.305,462.921,474.636,601.604,539.389,-1,-1,-1,-1,981.786,-1,22.544,25.690,1,0,2,0,1,0,0,0,0,2,2,2,2,0,2,1,1
21,-8072.109,6630.792,238.181,78.582,0.197964,-0.980152,0.010601,0.980182,0.197866,-0.009569,0.007281,0.012285,0.999898,0,0.40001,-0.90194,9.220,-0.243,15.701,550.171,-1,600.957,13.301,464.457,476.173,602.324,538.720,-1,-1,-1,-1,987.309,-1,22.557,25.890,1,0,2,0,1,0,0,0,0,2,2,2,2,0,2,1,1
22,-8069.083,6639.851,238.480,78.332,0.202232,-0.979277,0.010875,0.979302,0.202118,-0.010750,0.008329,0.012824,0.999883,0,0.40001,-0.90194,9.550,-0.250,15.675,552.706,-1,604.067,13.294,466.615,478.367,603.306,538.574,-1,-1,-1,-1,994.624,-1,22.573,23.981,1,0,2,0,1,0,0,0,0,2,2,2,2,0,2,1,1
23,-8065.935,6649.196,238.841,78.080,0.206544,-0.978374,0.011174,0.978393,0.206413,-0.011836,0.009274,0.013377,0.999867,0,0.40001,-0.90194,9.861,-0.252,15.655,555.183,-1,606.951,13.290,468.738,480.524,604.373,538.562,-1,-1,-1,-1,1001.671,-1,22.591,21.761,1,0,2,0,1,0,0,0,0,2,2,2,2,0,2,1,1
24,-8062.631,6658.784,239.212,77.816,0.211045,-0.977409,0.011454,0.977425,0.210899,-0.012723,0.010020,0.013881,0.999853,0,0.40001,-0.90194,10.141,-0.264,15.646,557.232,-1,609.393,13.287,470.560,482.392,604.679,538.656,-1,-1,-1,-1,1007.448,-1,22.597,18.982,1,0,2,0,1,0,0,0,0,2,2,2,2,0,2,1,1
25,-8059.185,6668.619,239.539,77.542,0.215708,-0.976387,0.011769,0.976401,0.215549,-0.013427,0.010573,0.014387,0.999841,0,0.40001,-0.90194,10.421,-0.274,15.623,558.745,-1,611.249,8.624,471.967,483.840,604.746,538.599,-1,-1,-1,-1,-1,-1,22.616,8.261,1,0,2,0,1,0,0,0,0,2,2,2,2,2,2,1,1
26,-8055.614,6678.773,239.787,77.266,0.220409,-0.975332,0.012139,0.975344,0.220235,-0.014184,0.011161,0.014966,0.999826,0,0.48043,-0.58873,10.764,-0.276,15.641,560.153,-1,612.902,11.484,473.265,485.150,604.684,538.180,-1,-1,-1,-1,-1,-1,22.600,11.010,1,0,2,0,1,0,0,0,0,2,2,2,2,2,2,1,1
27,-8051.864,6689.267,239.982,76.979,0.225298,-0.974213,0.012279,0.974218,0.225111,-0.014966,0.011816,0.015334,0.999813,0,0.48043,-0.58873,11.144,-0.287,15.643,561.574,-1,614.748,-1,474.555,486.501,603.798,538.053,-1,-1,-1,-1,-1,-1,22.598,-1,1,0,2,0,2,0,0,0,0,2,2,2,2,2,2,1,2
28,-8047.944,6700.089,240.134,76.680,0.230366,-0.973027,0.012240,0.973025,0.230168,-0.015649,0.012409,0.015515,0.999803,0,0.48043,-0.58873,11.510,-0.298,15.621,562.817,-1,616.483,-1,475.617,487.685,602.170,538.186,-1,-1,-1,-1,-1,-1,22.616,-1,1,0,2,0,2,0,0,0,0,2,2,2,2,2,2,1,2
29,-8043.818,6711.160,240.236,76.359,0.235820,-0.971723,0.012015,0.971717,0.235624,-0.015738,0.012462,0.015387,0.999804,0,0.48043,-0.58873,11.814,-0.321,16.950,562.576,-1,617.016,-1,475.625,487.879,599.385,538.751,-1,-1,-1,-1,-1,-1,22.178,-1,1,0,2,0,2,0,0,0,0,2,2,2,2,2,2,1,2
30,-8039.123,6722.149,240.300,75.917,0.243312,-0.969889,0.010679,0.969877,0.243146,-0.014806,0.011763,0.013960,0.999833,0,0.48043,-0.58873,11.950,-0.442,18.867,559.975,-1,616.938,-1,474.295,487.171,593.019,541.907,-1,-1,-1,-1,-1,-1,22.595,-1,1,0,2,0,2,0,0,0,0,2,2,2,2,2,2,1,2
31,-8033.668,6732.705,240.313,75.304,0.253668,-0.967256,0.008308,0.967235,0.253552,-0.012917,0.010388,0.011312,0.999882,0,0.48043,-0.58873,11.882,-0.612,18.711,555.429,-1,616.508,-1,471.869,485.822,582.984,547.479,-1,-1,-1,-1,995.651,-1,22.539,-1,1,0,2,0,2,0,0,0,0,2,2,2,2,0,2,1,2
32,-8027.753,6743.149,240.294,74.634,0.264964,-0.964231,0.007263,0.964210,0.264867,-0.012051,0.009696,0.010196,0.999901,0,0.48043,-0.58873,12.003,-0.670,18.667,553.484,-1,616.512,-1,470.931,485.507,576.222,549.801,-1,-1,-1,-1,987.356,-1,22.523,-1,1,0,2,0,2,0,0,0,0,2,2,2,2,0,2,1,2
33,-8021.304,6753.317,240.338,73.929,0.276813,-0.960893,0.007627,0.960871,0.276706,-0.012662,0.010056,0.010834,0.999891,0,0.48043,-0.58873,12.040,-0.705,18.657,555.262,-1,618.001,-1,472.372,486.996,573.977,548.656,-1,-1,-1,-1,989.378,-1,22.519,-1,1,0,2,0,2,0,0,0,0,2,2,2,2,0,2,1,2
34,-8014.414,6763.337,240.393,73.194,0.289117,-0.957251,0.009042,0.957225,0.288970,-0.014688,0.011447,0.012902,0.999851,0,0.48043,-0.58873,12.160,-0.735,18.652,560.380,-1,621.101,-1,476.036,490.152,575.258,544.617,-1,-1,-1,-1,1000.783,-1,22.517,-1,1,0,2,0,2,0,0,0,0,2,2,2,2,0,2,1,2
35,-8007.225,6773.349,240.434,72.481,0.300994,-0.953559,0.011311,0.953529,0.300774,-0.017817,0.013587,0.016148,0.999777,0,0.48043,-0.58873,12.326,-0.713,18.515,567.975,-1,625.119,-1,481.201,494.400,579.527,538.209,-1,-1,-1,-1,-1,-1,22.472,-1,1,0,2,0,2,0,0,0,0,2,2,2,2,2,2,1,2
36,-7999.886,6783.494,240.464,71.815,0.312042,-0.949964,0.014073,0.949935,0.311717,-0.021348,0.015893,0.020030,0.999673,0,0.48043,-0.58873,12.521,-0.666,18.747,576.330,-1,628.947,-1,486.729,498.783,585.542,530.602,-1,-1,-1,-1,-1,-1,22.552,-1,1,0,2,0,2,0,0,0,0,2,2,2,2,2,2,1,2
37,-7992.302,6793.573,240.523,71.141,0.323186,-0.946200,0.016018,0.946176,0.322774,-0.023824,0.017372,0.022856,0.999588,0,0.48043,-0.58873,12.613,-0.674,18.678,582.003,-1,631.678,-1,490.688,502.026,588.899,525.267,-1,-1,-1,-1,-1,-1,22.526,-1,1,0,2,0,2,0,0,0,0,2,2,2,2,2,2,1,2
38,-7984.604,6803.526,240.668,70.460,0.334412,-0.942262,0.017660,0.942261,0.333943,-0.025025,0.017683,0.025009,0.999531,0,0.48043,-0.58873,12.583,-0.681,18.658,584.938,-1,632.215,12.646,492.525,503.506,590.552,521.452,-1,-1,-1,-1,-1,-1,22.520,13.217,1,0,2,0,1,0,0,0,0,2,2,2,2,2,2,1,1
39,-7976.877,6813.580,240.877,69.837,0.344639,-0.938555,0.018417,0.938565,0.344136,-0.025813,0.017889,0.026182,0.999497,0,0.48043,-0.58873,12.680,-0.623,18.590,587.054,-1,632.938,15.673,494.070,504.986,590.043,519.795,-1,-1,-1,-1,-1,-1,22.497,16.352,1,0,2,0,1,0,0,0,0,2,2,2,2,2,2,1,1
40,-7969.135,6823.646,241.091,69.220,0.354732,-0.934791,0.018192,0.934804,0.354237,-0.025659,0.017541,0.026108,0.999505,0,0.48043,-0.58873,12.699,-0.617,18.371,587.092,-1,633.285,13.722,494.382,505.688,586.319,520.566,-1,-1,-1,-1,-1,-1,22.426,14.236,1,0,2,0,1,0,0,0,0,2,2,2,2,2,2,1,1
41,-7961.551,6833.987,241.291,68.595,0.364900,-0.930874,0.017908,0.930890,0.364419,-0.025364,0.017085,0.025926,0.999518,0,0.48043,-0.58873,12.823,-0.624,18.314,586.738,-1,633.381,12.071,494.353,506.154,582.217,521.502,-1,-1,-1,-1,-1,-1,22.409,12.503,1,0,2,0,1,0,0,0,0,2,2,2,2,2,2,1,1
42,-7952.277,6846.538,241.487,67.821,0.377445,-0.925884,0.016576,0.925881,0.376999,-0.024811,0.016723,0.024712,0.999555,0,0.48043,-0.58873,15.606,-0.774,18.325,585.766,-1,634.676,-1,494.431,507.046,574.621,524.513,-1,-1,-1,-1,-1,-1,22.412,-1,1,0,2,0,2,0,0,0,0,2,2,2,2,2,2,1,2
43,-7945.871,6854.778,241.599,67.282,0.386142,-0.922311,0.015365,0.922290,0.385726,-0.024410,0.016587,0.023597,0.999584,0,0.48043,-0.58873,10.438,-0.539,18.313,585.039,-1,636.096,-1,494.681,507.695,568.752,527.106,-1,-1,-1,-1,-1,-1,22.408,-1,1,0,2,0,2,0,0,0,0,2,2,2,2,2,2,1,2
44,-7937.686,6865.036,241.636,66.597,0.397148,-0.917640,0.014534,0.917603,0.396744,-0.024489,0.016705,0.023062,0.999594,0,0.48043,-0.58873,13.122,-0.686,18.200,585.158,-1,637.693,-1,495.503,508.690,563.212,528.375,-1,-1,-1,-1,-1,-1,22.375,-1,1,0,2,0,2,0,0,0,0,2,2,2,2,2,2,1,2
45,-7929.313,6875.281,241.570,65.914,0.408050,-0.912843,0.014608,0.912800,0.407628,-0.025214,0.017062,0.023622,0.999575,0,0.48043,-0.58873,13.232,-0.683,18.052,586.328,-1,638.772,-1,496.713,509.656,560.004,527.174,-1,-1,-1,-1,-1,-1,22.334,-1,1,0,2,0,2,0,0,0,0,2,2,2,2,2,2,1,2
46,-7920.853,6885.652,241.456,65.245,0.418675,-0.907999,0.015783,0.907968,0.418199,-0.026540,0.017498,0.025442,0.999523,0,0.48043,-0.58873,13.384,-0.669,17.933,588.416,-1,639.025,-1,498.137,510.227,559.688,523.330,-1,-1,-1,-1,-1,-1,22.305,-1,1,0,2,0,2,0,0,0,0,2,2,2,2,2,2,1,2
47,-7912.218,6896.008,241.413,64.572,0.429302,-0.903009,0.016589,0.902989,0.428789,-0.027410,0.017638,0.026747,0.999487,0,0.48043,-0.58873,13.484,-0.673,17.868,589.717,-1,639.187,-1,499.001,510.542,558.299,520.721,-1,-1,-1,-1,-1,-1,22.289,-1,1,0,2,0,2,0,0,0,0,2,2,2,2,2,2,1,2
48,-7903.413,6906.387,241.460,63.906,0.439782,-0.897949,0.016720,0.897930,0.439254,-0.027878,0.017689,0.027273,0.999471,0,0.48043,-0.58873,13.610,-0.667,17.803,590.198,-1,639.865,-1,499.725,511.005,555.257,519.951,-1,-1,-1,-1,-1,-1,22.275,-1,1,0,2,0,2,0,0,0,0,2,2,2,2,2,2,1,2
49,-7894.439,6916.837,241.550,63.240,0.450182,-0.892786,0.016400,0.892758,0.449648,-0.028282,0.017875,0.027373,0.999465,0,0.48043,-0.58873,13.775,-0.666,17.698,590.634,-1,641.342,-1,500.731,511.889,551.318,520.151,-1,-1,-1,-1,-1,-1,22.254,-1,1,0,2,0,2,0,0,0,0,2,2,2,2,2,2,1,2
50,-7885.384,6927.483,241.598,62.593,0.460228,-0.887657,0.015980,0.887618,0.459693,-0.028599,0.018040,0.027347,0.999463,0,0.48043,-0.58873,13.976,-0.647,17.524,590.880,-1,642.686,-1,501.541,512.615,546.968,520.496,-1,-1,-1,-1,-1,-1,22.224,-1,1,0,2,0,2,0,0,0,0,2,2,2,2,2,2,1,2
51,-7874.397,6940.641,241.607,61.854,0.471633,-0.881662,0.015285,0.881602,0.471097,-0.029076,0.018434,0.027189,0.999460,0,0.48043,-0.58873,17.141,-0.739,17.440,591.286,-1,644.632,-1,502.376,513.649,541.336,521.073,-1,-1,-1,-1,-1,-1,22.212,-1,1,0,2,0,2,0,0,0,0,2,2,2,2,2,2,1,2
52,-7867.154,6949.188,241.616,61.387,0.478814,-0.877785,0.015196,0.877743,0.478304,-0.028166,0.017455,0.026824,0.999488,0,-0.09914,-0.20000,11.203,-0.467,17.282,588.689,-1,643.010,-1,500.681,512.174,536.966,521.832,-1,-1,-1,-1,-1,-1,22.193,-1,1,0,2,0,2,0,0,0,0,2,2,2,2,2,2,1,2
53,-7858.488,6959.397,241.681,60.882,0.486553,-0.873494,0.016575,0.873520,0.486065,-0.026508,0.015098,0.027376,0.999511,0,-0.09914,-0.20000,13.391,-0.505,16.332,583.753,-1,637.347,8.957,496.827,508.188,534.232,520.831,-1,-1,-1,-1,-1,-1,22.257,8.778,1,0,2,0,1,0,0,0,0,2,2,2,2,2,2,1,1
54,-7850.330,6969.461,241.769,60.469,0.492848,-0.869905,0.019169,0.870021,0.492349,-0.025626,0.012855,0.029307,0.999488,0,-0.09914,-0.20000,12.955,-0.413,15.938,579.891,-1,630.716,13.397,493.229,504.061,535.100,517.247,-1,-1,-1,-1,-1,-1,22.410,21.729,1,0,2,0,1,0,0,0,0,2,2,2,2,2,2,1,1
55,-7842.511,6979.312,241.882,60.107,0.498348,-0.866719,0.021178,0.866905,0.497842,-0.025066,0.011182,0.030851,0.999461,0,-0.09914,-0.20000,12.577,-0.362,15.842,576.945,-1,625.821,13.347,490.498,500.989,535.432,514.586,-1,-1,-1,-1,-1,-1,22.462,25.164,1,0,2,0,1,0,0,0,0,2,2,2,2,2,2,1,1
56,-7834.954,6988.906,241.981,59.775,0.503373,-0.863790,0.021955,0.864007,0.502871,-0.024743,0.010332,0.031424,0.999453,0,-0.09914,-0.20000,12.213,-0.332,15.799,575.011,-1,623.657,13.333,488.938,499.457,533.769,513.916,-1,-1,-1,-1,-1,-1,22.489,25.598,1,0,2,0,1,0,0,0,0,2,2,2,2,2,2,1,1
57,-7827.623,6998.172,242.059,59.452,0.508240,-0.860940,0.021773,0.861155,0.507743,-0.024701,0.010211,0.031304,0.999458,0,-0.09914,-0.20000,11.816,-0.323,15.778,574.143,-1,623.785,13.323,488.448,499.269,530.614,514.669,-1,-1,-1,-1,-1,-1,22.504,24.031,1,0,2,0,1,0,0,0,0,2,2,2,2,2,2,1,1
58,-7820.499,7007.106,242.109,59.131,0.513042,-0.858104,0.021086,0.858298,0.512545,-0.024933,0.010587,0.030890,0.999467,0,-0.09914,-0.20000,11.427,-0.320,15.742,574.118,-1,625.329,13.312,488.705,499.963,526.853,515.968,-1,-1,-1,-1,-1,-1,22.527,22.435,1,0,2,0,1,0,0,0,0,2,2,2,2,2,2,1,1
59,-7813.590,7015.711,242.141,58.827,0.517588,-0.855386,0.020419,0.855556,0.517083,-0.025467,0.011226,0.030651,0.999467,0,-0.09914,-0.20000,11.035,-0.304,15.590,574.741,-1,627.327,13.277,489.400,501.044,523.598,516.893,-1,-1,-1,-1,-1,-1,22.640,21.041,1,0,2,0,1,0,0,0,0,2,2,2,2,2,2,1,1
60,-7806.958,7024.036,242.159,58.554,0.521664,-0.852908,0.020356,0.853070,0.521135,-0.026275,0.011802,0.031072,0.999447,0,-0.09914,-0.20000,10.644,-0.274,15.337,575.618,-1,628.552,13.272,490.043,501.840,522.048,516.479,-1,-1,-1,-1,-1,-1,22.886,20.898,1,0,2,0,1,0,0,0,0,2,2,2,2,2,2,1,1
61,-7799.393,7033.684,242.076,58.272,0.525854,-0.850315,0.021022,0.850489,0.525290,-0.027177,0.012067,0.032170,0.999410,0,-0.09914,-0.20000,12.260,-0.282,15.093,575.844,-1,628.055,13.315,489.910,501.646,521.382,514.487,-1,-1,-1,-1,-1,-1,23.210,22.928,1,0,2,0,1,0,0,0,0,2,2,2,2,2,2,1,1
62,-7794.565,7039.886,241.984,58.115,0.528173,-0.848860,0.021657,0.849053,0.527593,-0.027468,0.011890,0.032895,0.999388,0,-0.09914,-0.20000,7.860,-0.156,14.969,575.114,-1,626.661,13.354,489.113,500.679,520.898,513.042,-1,-1,-1,-1,-1,-1,23.416,24.739,1,0,2,0,1,0,0,0,0,2,2,2,2,2,2,1,1
63,-7788.778,7047.402,241.881,57.948,0.530657,-0.847288,0.022491,0.847511,0.530067,-0.027480,0.011362,0.033644,0.999369,0,-0.09914,-0.20000,9.486,-0.168,14.849,573.434,-1,624.259,13.402,487.572,498.958,520.056,511.544,-1,-1,-1,-1,-1,-1,23.645,26.830,1,0,2,0,1,0,0,0,0,2,2,2,2,2,2,1,1
64,-7783.271,7054.686,241.834,57.806,0.532753,-0.845958,0.023020,0.846201,0.532162,-0.027341,0.010879,0.034046,0.999361,0,-0.09914,-0.20000,9.131,-0.142,14.768,571.702,-1,622.355,13.438,486.150,497.532,518.721,510.877,-1,-1,-1,-1,-1,-1,23.821,29.987,1,0,2,0,1,0,0,0,0,2,2,2,2,2,2,1,1
65,-7778.053,7061.727,241.918,57.688,0.534493,-0.844854,0.023221,0.845103,0.533894,-0.027542,0.010872,0.034345,0.999351,0,-0.09914,-0.20000,8.764,-0.118,14.608,571.219,-1,622.072,13.525,485.766,497.196,517.744,510.812,-1,-1,-1,-1,-1,-1,24.230,30.888,1,0,2,0,1,0,0,0,0,2,2,2,2,2,2,1,1
66,-7773.113,7068.526,242.130,57.594,0.535888,-0.843965,0.023396,0.844214,0.535266,-0.028149,0.011234,0.034836,0.999330,0,-0.09914,-0.20000,8.404,-0.095,14.519,571.953,-1,622.859,13.579,486.300,497.711,517.781,510.765,-1,-1,-1,-1,-1,-1,24.505,30.722,1,0,2,0,1,0,0,0,0,2,2,2,2,2,2,1,1
67,-7768.431,7075.057,242.448,57.515,0.537040,-0.843231,0.023424,0.843479,0.536405,-0.028523,0.011487,0.035076,0.999319,0,-0.09914,-0.20000,8.036,-0.078,14.501,572.623,-1,623.772,13.591,486.868,498.301,517.664,511.466,-1,-1,-1,-1,-1,-1,24.562,29.996,1,0,2,0,1,0,0,0,0,2,2,2,2,2,2,1,1
68,-7763.974,7081.325,242.786,57.448,0.538028,-0.842603,0.023359,0.842849,0.537395,-0.028503,0.011464,0.035023,0.999321,0,-0.09914,-0.20000,7.691,-0.067,14.481,572.681,-1,624.284,13.605,486.979,498.515,517.001,512.746,-1,-1,-1,-1,-1,-1,24.621,28.515,1,0,2,0,1,0,0,0,0,2,2,2,2,2,2,1,1
69,-7759.725,7087.336,243.075,57.388,0.538914,-0.842040,0.023227,0.842286,0.538294,-0.028173,0.011220,0.034747,0.999333,0,-0.09914,-0.20000,7.361,-0.060,14.466,572.013,-1,624.286,13.614,486.588,498.287,515.997,514.290,-1,-1,-1,-1,-1,-1,24.668,27.430,1,0,2,0,1,0,0,0,0,2,2,2,2,2,2,1,1
70,-7755.681,7093.103,243.278,57.336,0.539679,-0.841556,0.023013,0.841800,0.539077,-0.027719,0.010922,0.034331,0.999351,0,-0.09914,-0.20000,7.043,-0.052,14.453,570.931,-1,624.018,13.622,485.925,497.806,514.531,515.865,-1,-1,-1,-1,-1,-1,24.724,27.126,1,0,2,0,1,0,0,0,0,2,2,2,2,2,2,1,1
71,-7751.826,7098.624,243.361,57.289,0.540372,-0.841116,0.022831,0.841360,0.539792,-0.027170,0.010529,0.033891,0.999370,0,-0.09914,-0.20000,6.734,-0.047,14.432,569.354,-1,623.210,13.636,484.855,496.917,512.701,517.151,-1,-1,-1,-1,-1,-1,24.786,26.459,1,0,2,0,1,0,0,0,0,2,2,2,2,2,2,1,1
72,-7748.131,7103.903,243.318,57.242,0.541057,-0.840678,0.022773,0.840924,0.540490,-0.026779,0.010204,0.033640,0.999382,0,-0.09914,-0.20000,6.444,-0.047,14.406,567.756,-1,622.086,13.655,483.677,495.857,510.951,517.725,-1,-1,-1,-1,-1,-1,24.880,26.684,1,0,2,0,1,0,0,0,0,2,2,2,2,2,2,1,1
73,-7744.579,7108.946,243.172,57.198,0.541708,-0.840256,0.022870,0.840506,0.541139,-0.026796,0.010139,0.033738,0.999379,0,-0.09914,-0.20000,6.169,-0.044,14.386,566.704,-1,621.059,13.669,482.790,494.977,509.727,517.358,-1,-1,-1,-1,-1,-1,24.962,27.710,1,0,2,0,1,0,0,0,0,2,2,2,2,2,2,1,1
74,-7741.159,7113.747,242.985,57.159,0.542281,-0.839881,0.023047,0.840134,0.541701,-0.027098,0.010274,0.034058,0.999367,0,-0.09914,-0.20000,5.894,-0.039,14.371,566.136,-1,620.249,13.681,482.202,494.325,508.930,516.467,-1,-1,-1,-1,-1,-1,25.020,28.854,1,0,2,0,1,0,0,0,0,2,2,2,2,2,2,1,1
75,-7737.888,7118.305,242.826,57.126,0.542769,-0.839558,0.023345,0.839816,0.542168,-0.027618,0.010530,0.034595,0.999346,0,-0.09914,-0.20000,5.611,-0.033,14.370,566.055,-1,619.650,13.682,481.927,493.915,508.753,515.233,-1,-1,-1,-1,-1,-1,25.027,29.388,1,0,2,0,1,0,0,0,0,2,2,2,2,2,2,1,1
76,-7734.766,7122.610,242.750,57.095,0.543213,-0.839260,0.023710,0.839524,0.542586,-0.028272,0.010863,0.035263,0.999319,0,-0.09914,-0.20000,5.318,-0.030,14.372,566.472,-1,619.399,13.682,482.014,493.825,509.195,513.978,-1,-1,-1,-1,-1,-1,25.027,29.749,1,0,2,0,1,0,0,0,0,2,2,2,2,2,2,1,1
77,-7731.795,7126.669,242.775,57.064,0.543672,-0.838953,0.024056,0.839224,0.543022,-0.028808,0.011106,0.035850,0.999295,0,-0.09914,-0.20000,5.030,-0.031,14.369,566.940,-1,619.299,13.682,482.186,493.844,509.899,513.126,-1,-1,-1,-1,-1,-1,25.030,29.928,1,0,2,0,1,0,0,0,0,2,2,2,2,2,2,1,1
78,-7729.022,7130.479,242.916,57.029,0.544178,-0.838616,0.024367,0.838898,0.543522,-0.028883,0.010978,0.036159,0.999286,0,-0.09914,-0.20000,4.712,-0.034,14.367,566.785,-1,618.867,13.684,481.983,493.569,510.341,513.072,-1,-1,-1,-1,-1,-1,25.036,29.825,1,0,2,0,1,0,0,0,0,2,2,2,2,2,2,1,1
79,-7726.439,7134.056,243.145,56.997,0.544659,-0.838297,0.024586,0.838591,0.544011,-0.028588,0.010590,0.036188,0.999289,0,-0.09914,-0.20000,4.412,-0.033,14.366,566.148,-1,618.279,13.686,481.514,493.110,510.445,513.750,-1,-1,-1,-1,-1,-1,25.044,29.394,1,0,2,0,1,0,0,0,0,2,2,2,2,2,2,1,1
80,-7723.922,7137.641,243.407,56.962,0.545166,-0.837972,0.024434,0.838258,0.544513,-0.028785,0.010816,0.036175,0.999287,0,0.25153,-1.00000,4.381,-0.035,14.392,566.862,-1,619.327,13.666,482.137,493.781,510.630,514.666,-1,-1,-1,-1,-1,-1,24.932,28.048,1,0,2,0,1,0,0,0,0,2,2,2,2,2,2,1,1
81,-7721.260,7141.500,243.640,56.919,0.545785,-0.837594,0.023558,0.837836,0.545101,-0.029946,0.012241,0.036082,0.999274,0,0.25153,-1.00000,4.688,-0.043,14.438,569.967,-1,623.312,13.633,484.682,496.441,510.639,515.804,-1,-1,-1,-1,-1,-1,24.763,24.805,1,0,2,0,1,0,0,0,0,2,2,2,2,2,2,1,1
82,-7718.455,7145.557,243.804,56.869,0.546505,-0.837154,0.022461,0.837339,0.545786,-0.031316,0.013957,0.035921,0.999257,0,0.25153,-1.00000,4.932,-0.050,14.499,573.481,-1,627.912,10.051,487.563,499.472,510.277,516.926,-1,-1,-1,-1,-1,-1,24.558,9.229,1,0,2,0,1,0,0,0,0,2,2,2,2,2,2,1,1
83,-7715.520,7149.760,243.891,56.813,0.547316,-0.836646,0.021649,0.836788,0.546572,-0.032333,0.015219,0.035812,0.999243,0,0.25153,-1.00000,5.126,-0.056,14.579,575.875,-1,631.152,-1,489.524,501.553,509.705,517.694,-1,-1,-1,-1,-1,-1,24.314,-1,1,0,2,0,2,0,0,0,0,2,2,2,2,2,2,1,2
84,-7712.455,7154.079,243.909,56.750,0.548229,-0.836056,0.021350,0.836181,0.547473,-0.032784,0.015721,0.035825,0.999234,0,0.25153,-1.00000,5.296,-0.063,14.681,576.550,-1,632.210,-1,490.067,502.151,509.072,517.958,-1,-1,-1,-1,-1,-1,24.033,-1,1,0,2,0,2,0,0,0,0,2,2,2,2,2,2,1,2
85,-7709.255,7158.479,243.903,56.682,0.549221,-0.835394,0.021737,0.835536,0.548465,-0.032654,0.015357,0.036096,0.999230,0,0.25153,-1.00000,5.440,-0.068,14.808,575.474,-1,630.818,-1,489.124,501.151,508.799,517.562,-1,-1,-1,-1,-1,-1,23.733,-1,1,0,2,0,2,0,0,0,0,2,2,2,2,2,2,1,2
86,-7705.892,7162.956,243.902,56.602,0.550392,-0.834600,0.022598,0.834782,0.549642,-0.032129,0.014394,0.036548,0.999228,0,0.25153,-1.00000,5.600,-0.080,14.949,573.280,-1,627.835,9.478,487.231,499.123,508.840,516.766,-1,-1,-1,-1,-1,-1,23.453,8.863,1,0,2,0,1,0,0,0,0,2,2,2,2,2,2,1,1
87,-7702.340,7167.548,243.892,56.505,0.551820,-0.833633,0.023442,0.833858,0.551086,-0.031398,0.013256,0.036873,0.999232,0,0.25153,-1.00000,5.805,-0.097,15.059,570.649,-1,624.555,13.325,485.039,496.839,508.502,516.208,-1,-1,-1,-1,-1,-1,23.262,21.550,1,0,2,0,1,0,0,0,0,2,2,2,2,2,2,1,1
88,-7698.627,7172.288,243.865,56.397,0.553399,-0.832568,0.024092,0.832826,0.552681,-0.030742,0.012279,0.037077,0.999237,0,0.25153,-1.00000,6.021,-0.108,15.143,568.260,-1,621.762,13.303,483.079,494.848,507.822,515.876,-1,-1,-1,-1,-1,-1,23.137,23.489,1,0,2,0,1,0,0,0,0,2,2,2,2,2,2,1,1
89,-7694.759,7177.174,243.875,56.282,0.555073,-0.831440,0.024534,0.831716,0.554352,-0.030686,0.011913,0.037439,0.999228,0,0.25153,-1.00000,6.232,-0.115,15.246,567.421,-1,620.480,13.284,482.261,493.974,507.641,515.416,-1,-1,-1,-1,-1,-1,22.996,24.229,1,0,2,0,1,0,0,0,0,2,2,2,2,2,2,1,1
90,-7690.700,7182.180,243.924,56.149,0.556998,-0.830149,0.024629,0.830427,0.556264,-0.031011,0.012043,0.037726,0.999216,0,0.25153,-1.00000,6.445,-0.133,15.390,567.744,-1,620.645,13.270,482.385,494.093,507.428,515.271,-1,-1,-1,-1,-1,-1,22.832,23.834,1,0,2,0,1,0,0,0,0,2,2,2,2,2,2,1,1
91,-7686.455,7187.296,243.984,55.997,0.559192,-0.828679,0.024427,0.828946,0.558445,-0.031439,0.012412,0.037829,0.999207,0,0.25153,-1.00000,6.648,-0.152,15.510,568.529,-1,621.629,13.270,482.940,494.786,506.821,515.541,-1,-1,-1,-1,-1,-1,22.711,22.791,1,0,2,0,1,0,0,0,0,2,2,2,2,2,2,1,1
92,-7682.054,7192.502,244.040,55.831,0.561589,-0.827064,0.024141,0.827319,0.560835,-0.031754,0.012723,0.037805,0.999204,0,0.25153,-1.00000,6.817,-0.166,15.584,569.131,-1,622.633,13.274,483.397,495.439,505.875,516.042,-1,-1,-1,-1,-1,-1,22.645,21.645,1,0,2,0,1,0,0,0,0,2,2,2,2,2,2,1,1
93,-7677.526,7197.797,244.097,55.656,0.564121,-0.825341,0.024083,0.825594,0.563365,-0.031851,0.012720,0.037851,0.999202,0,0.25153,-1.00000,6.966,-0.176,15.614,569.248,-1,622.859,13.282,483.395,495.557,505.020,516.376,-1,-1,-1,-1,-1,-1,22.623,21.100,1,0,2,0,1,0,0,0,0,2,2,2,2,2,2,1,1
94,-7672.885,7203.163,244.179,55.477,0.566699,-0.823564,0.024406,0.823834,0.565948,-0.031615,0.012225,0.038022,0.999202,0,0.25153,-1.00000,7.095,-0.179,15.615,568.542,-1,621.837,13.282,482.681,494.861,504.442,516.484,-1,-1,-1,-1,-1,-1,22.620,21.493,1,0,2,0,1,0,0,0,0,2,2,2,2,2,2,1,1
95,-7668.127,7208.635,244.283,55.298,0.569267,-0.821778,0.024829,0.822071,0.568526,-0.031254,0.011568,0.038203,0.999203,0,0.25153,-1.00000,7.251,-0.179,15.600,567.540,-1,620.458,13.276,481.736,493.905,504.499,516.620,-1,-1,-1,-1,-1,-1,22.635,23.170,1,0,2,0,1,0,0,0,0,2,2,2,2,2,2,1,1
96,-7663.257,7214.224,244.406,55.120,0.571830,-0.819984,0.025251,0.820300,0.571100,-0.030869,0.010891,0.038365,0.999204,0,0.25153,-1.00000,7.413,-0.178,15.677,566.528,-1,619.097,13.296,480.789,492.937,504.595,516.852,-1,-1,-1,-1,-1,-1,22.573,23.458,1,0,2,0,1,0,0,0,0,2,2,2,2,2,2,1,1
97,-7658.243,7219.919,244.527,54.934,0.574493,-0.818109,0.025614,0.818444,0.573768,-0.030657,0.010385,0.038576,0.999202,0,0.25153,-1.00000,7.588,-0.186,15.717,565.938,-1,618.148,13.303,480.151,492.270,504.789,517.009,-1,-1,-1,-1,-1,-1,22.543,23.611,1,0,2,0,1,0,0,0,0,2,2,2,2,2,2,1,1
98,-7653.074,7225.712,244.625,54.738,0.577287,-0.816129,0.025948,0.816478,0.576555,-0.030797,0.010174,0.038965,0.999189,0,0.25153,-1.00000,7.763,-0.196,15.775,566.072,-1,617.752,13.322,480.027,492.048,505.273,516.793,-1,-1,-1,-1,-1,-1,22.506,23.895,1,0,2,0,1,0,0,0,0,2,2,2,2,2,2,1,1
99,-7647.750,7231.583,244.703,54.532,0.580218,-0.814039,0.026234,0.814398,0.579470,-0.031140,0.010148,0.039433,0.999171,0,0.25153,-1.00000,7.926,-0.206,15.834,566.646,-1,617.731,13.343,480.248,492.115,505.880,516.397,-1,-1,-1,-1,-1,-1,22.470,23.663,1,0,2,0,1,0,0,0,0,2,2,2,2,2,2,1,1
100,-7642.276,7237.521,244.763,54.316,0.583281,-0.811837,0.026532,0.812207,0.582517,-0.031521,0.010134,0.039936,0.999151,0,0.25153,-1.00000,8.076,-0.216,15.873,567.220,-1,617.695,13.365,480.480,492.181,506.504,515.889,-1,-1,-1,-1,-1,-1,22.443,23.495,1,0,2,0,1,0,0,0,0,2,2,2,2,2,2,1,1
101,-7636.645,7243.520,244.800,54.091,0.586464,-0.809537,0.026622,0.809911,0.585688,-0.031843,0.010185,0.040236,0.999138,0,0.25153,-1.00000,8.228,-0.225,15.920,567.770,-1,617.946,13.388,480.763,492.366,506.656,515.589,-1,-1,-1,-1,-1,-1,22.418,23.274,1,0,2,0,1,0,0,0,0,2,2,2,2,2,2,1,1
102,-7630.874,7249.580,244.827,53.856,0.589790,-0.807122,0.026512,0.807490,0.589001,-0.032199,0.010373,0.040399,0.999130,0,0.25153,-1.00000,8.368,-0.236,15.910,568.540,-1,618.656,13.380,481.265,492.818,506.510,515.547,-1,-1,-1,-1,-1,-1,22.426,22.865,1,0,2,0,1,0,0,0,0,2,2,2,2,2,2,1,1
103,-7625.005,7255.691,244.876,53.617,0.593153,-0.804647,0.026695,0.805023,0.592349,-0.032575,0.010398,0.040812,0.999113,0,0.25153,-1.00000,8.473,-0.239,15.926,569.196,-1,618.838,13.390,481.589,493.002,506.919,515.054,-1,-1,-1,-1,-1,-1,22.416,22.116,1,0,2,0,1,0,0,0,0,2,2,2,2,2,2,1,1
104,-7619.021,7261.807,244.971,53.371,0.596596,-0.802077,0.027321,0.802478,0.595776,-0.032856,0.010075,0.041526,0.999087,0,0.25153,-1.00000,8.557,-0.245,15.979,569.448,-1,618.076,13.422,481.495,492.653,508.040,514.060,-1,-1,-1,-1,-1,-1,22.389,22.137,1,0,2,0,1,0,0,0,0,2,2,2,2,2,2,1,1
105,-7612.886,7267.951,245.084,53.114,0.600198,-0.799364,0.027915,0.799793,0.599364,-0.033080,0.009712,0.042181,0.999063,0,0.25153,-1.00000,8.682,-0.257,16.029,569.666,-1,617.358,13.455,481.398,492.319,509.091,513.234,-1,-1,-1,-1,-1,-1,22.365,22.380,1,0,2,0,1,0,0,0,0,2,2,2,2,2,2,1,1
106,-7606.626,7274.148,245.165,52.849,0.603891,-0.796564,0.028330,0.797014,0.603058,-0.033023,0.009221,0.042522,0.999053,0,0.25153,-1.00000,8.809,-0.265,16.031,569.331,-1,616.507,13.455,480.980,491.767,509.391,512.927,-1,-1,-1,-1,-1,-1,22.366,22.662,1,0,2,0,1,0,0,0,0,2,2,2,2,2,2,1,1
107,-7600.274,7280.464,245.200,52.588,0.607525,-0.793786,0.028591,0.794252,0.606695,-0.032939,0.008801,0.042719,0.999048,0,0.26380,-0.60216,8.958,-0.262,16.046,569.081,-1,615.797,13.467,480.543,491.338,509.270,512.790,-1,-1,-1,-1,-1,-1,22.358,22.927,1,0,2,0,1,0,0,0,0,2,2,2,2,2,2,1,1
108,-7593.793,7286.848,245.212,52.320,0.611226,-0.790943,0.028511,0.791408,0.610394,-0.033052,0.008739,0.042766,0.999047,0,0.26380,-0.60216,9.097,-0.267,16.051,569.485,-1,616.014,13.473,480.767,491.526,508.811,512.928,-1,-1,-1,-1,-1,-1,22.356,22.652,1,0,2,0,1,0,0,0,0,2,2,2,2,2,2,1,1
109,-7587.161,7293.244,245.233,52.037,0.615130,-0.787920,0.028250,0.788375,0.614287,-0.033412,0.008972,0.042824,0.999042,0,0.26380,-0.60216,9.214,-0.283,16.138,570.647,-1,616.997,13.539,481.589,492.300,508.435,513.104,-1,-1,-1,-1,-1,-1,22.320,20.975,1,0,2,0,1,0,0,0,0,2,2,2,2,2,2,1,1
110,-7580.369,7299.625,245.250,51.731,0.619331,-0.784633,0.027939,0.785077,0.618486,-0.033589,0.009075,0.042737,0.999045,0,0.26380,-0.60216,9.319,-0.306,16.200,571.509,-1,617.845,13.597,482.229,492.932,507.813,513.539,-1,-1,-1,-1,-1,-1,22.298,19.505,1,0,2,0,1,0,0,0,0,2,2,2,2,2,2,1,1
111,-7573.466,7306.012,245.287,51.414,0.623665,-0.781198,0.027801,0.781642,0.622827,-0.033508,0.008861,0.042628,0.999052,0,0.26380,-0.60216,9.405,-0.317,16.153,571.755,-1,618.023,13.553,482.400,493.092,507.099,514.038,-1,-1,-1,-1,-1,-1,22.314,18.805,1,0,2,0,1,0,0,0,0,2,2,2,2,2,2,1,1
112,-7566.451,7312.448,245.335,51.102,0.627920,-0.777777,0.027940,0.778232,0.627086,-0.033440,0.008488,0.042742,0.999050,0,0.26380,-0.60216,9.521,-0.312,16.078,571.979,-1,617.657,13.490,482.355,492.954,506.834,514.120,-1,-1,-1,-1,-1,-1,22.345,18.840,1,0,2,0,1,0,0,0,0,2,2,2,2,2,2,1,1
113,-7559.337,7318.959,245.401,50.798,0.632030,-0.774428,0.028270,0.774902,0.631192,-0.033519,0.008115,0.043092,0.999038,0,0.26380,-0.60216,9.643,-0.303,15.983,572.549,-1,617.119,13.423,482.364,492.790,507.093,513.790,-1,-1,-1,-1,-1,-1,22.387,21.368,1,0,2,0,1,0,0,0,0,2,2,2,2,2,2,1,1
114,-7552.166,7325.568,245.523,50.514,0.635872,-0.771260,0.028724,0.771755,0.635025,-0.033720,0.007767,0.043609,0.999018,0,0.26380,-0.60216,9.752,-0.285,16.150,573.408,-1,616.611,13.552,482.525,492.722,507.856,513.302,-1,-1,-1,-1,-1,-1,22.315,21.988,1,0,2,0,1,0,0,0,0,2,2,2,2,2,2,1,1
115,-7544.851,7332.162,245.673,50.213,0.639921,-0.767892,0.029041,0.768406,0.639075,-0.033711,0.007327,0.043887,0.999010,0,0.26380,-0.60216,9.849,-0.301,16.275,574.022,-1,616.202,13.681,482.554,492.649,508.212,513.344,-1,-1,-1,-1,-1,-1,22.271,20.875,1,0,2,0,1,0,0,0,0,2,2,2,2,2,2,1,1
116,-7537.393,7338.693,245.841,49.889,0.644252,-0.764245,0.029473,0.764782,0.643398,-0.033866,0.006919,0.044359,0.998992,0,0.26380,-0.60216,9.913,-0.324,16.266,575.012,-1,615.864,13.671,482.759,492.717,509.024,513.115,-1,-1,-1,-1,-1,-1,22.276,19.879,1,0,2,0,1,0,0,0,0,2,2,2,2,2,2,1,1
117,-7529.786,7345.188,246.006,49.560,0.648633,-0.760509,0.030018,0.761071,0.647746,-0.034588,0.006860,0.045281,0.998951,0,0.26380,-0.60216,10.002,-0.329,16.339,577.305,-1,616.063,13.756,483.672,493.346,510.791,512.076,-1,-1,-1,-1,-1,-1,22.257,18.769,1,0,2,0,1,0,0,0,0,2,2,2,2,2,2,1,1
118,-7522.164,7351.436,246.141,49.217,0.653177,-0.756574,0.030910,0.757178,0.652266,-0.035079,0.006378,0.046317,0.998906,0,-0.08573,-0.47022,9.856,-0.343,16.169,578.699,-1,615.120,13.569,483.882,493.166,512.699,510.681,-1,-1,-1,-1,-1,-1,22.308,19.348,1,0,2,0,1,0,0,0,0,2,2,2,2,2,2,1,1
119,-7514.836,7357.415,246.177,48.912,0.657212,-0.753002,0.032563,0.753689,0.656295,-0.035069,0.005036,0.047590,0.998854,0,-0.08573,-0.47022,9.457,-0.306,15.928,577.807,-1,611.521,13.389,482.426,491.137,514.764,508.463,-1,-1,-1,-1,-1,-1,22.416,22.478,1,0,2,0,1,0,0,0,0,2,2,2,2,2,2,1,1
120,-7507.806,7363.235,246.114,48.644,0.660729,-0.749846,0.034192,0.750616,0.659814,-0.034949,0.003646,0.048757,0.998804,0,-0.08573,-0.47022,9.127,-0.268,15.761,576.278,-1,607.523,13.319,480.553,488.741,516.366,506.186,-1,-1,-1,-1,-1,-1,22.514,25.410,1,0,2,0,1,0,0,0,0,2,2,2,2,2,2,1,1
121,-7501.061,7368.938,246.011,48.409,0.663800,-0.747082,0.035179,0.747905,0.662880,-0.035053,0.002867,0.049579,0.998766,0,-0.08573,-0.47022,8.832,-0.235,15.698,575.667,-1,605.044,13.301,479.513,487.320,517.243,504.544,-1,-1,-1,-1,-1,-1,22.559,28.317,1,0,2,0,1,0,0,0,0,2,2,2,2,2,2,1,1
122,-7494.562,7374.484,245.937,48.194,0.666613,-0.744575,0.035154,0.745399,0.665678,-0.035401,0.002957,0.049803,0.998755,0,-0.08573,-0.47022,8.544,-0.216,15.672,576.697,-1,605.138,13.294,479.901,487.556,517.087,504.222,-1,-1,-1,-1,-1,-1,22.578,28.699,1,0,2,0,1,0,0,0,0,2,2,2,2,2,2,1,1
123,-7488.300,7379.853,245.895,47.986,0.669308,-0.742186,0.034439,0.742976,0.668360,-0.035797,0.003550,0.049547,0.998766,0,-0.08573,-0.47022,8.248,-0.208,15.644,578.638,-1,606.887,13.288,481.140,488.819,515.892,504.956,-1,-1,-1,-1,-1,-1,22.600,27.967,1,0,2,0,1,0,0,0,0,2,2,2,2,2,2,1,1
124,-7482.278,7385.023,245.894,47.787,0.671877,-0.739906,0.033474,0.740651,0.670916,-0.036171,0.004305,0.049094,0.998785,0,-0.08573,-0.47022,7.937,-0.199,15.621,580.914,-1,609.289,13.282,482.712,490.491,514.343,506.186,-1,-1,-1,-1,-1,-1,22.617,26.696,1,0,2,0,1,0,0,0,0,2,2,2,2,2,2,1,1
125,-7476.496,7389.977,245.931,47.599,0.674305,-0.737732,0.032613,0.738436,0.673336,-0.036475,0.004949,0.048678,0.998802,0,-0.08573,-0.47022,7.614,-0.188,15.604,583.032,-1,611.504,13.278,484.207,492.041,513.002,507.434,-1,-1,-1,-1,-1,-1,22.631,25.284,1,0,2,0,1,0,0,0,0,2,2,2,2,2,2,1,1
126,-7470.943,7394.702,245.998,47.421,0.676593,-0.735659,0.032054,0.736338,0.675618,-0.036710,0.005350,0.048441,0.998812,0,-0.08573,-0.47022,7.290,-0.178,15.594,584.751,-1,613.065,13.279,485.393,493.186,512.120,508.378,-1,-1,-1,-1,-1,-1,22.637,24.080,1,0,2,0,1,0,0,0,0,2,2,2,2,2,2,1,1
127,-7465.620,7399.177,246.095,47.254,0.678736,-0.733691,0.031871,0.734362,0.677747,-0.037035,0.005572,0.048542,0.998806,0,-0.08573,-0.47022,6.955,-0.167,15.578,586.350,-1,614.003,13.279,486.376,494.016,512.027,508.717,-1,-1,-1,-1,-1,-1,22.649,23.297,1,0,2,0,1,0,0,0,0,2,2,2,2,2,2,1,1
128,-7460.515,7403.395,246.220,47.095,0.680770,-0.731799,0.031976,0.732474,0.679756,-0.037594,0.005775,0.049014,0.998781,0,-0.08573,-0.47022,6.622,-0.159,15.569,588.264,-1,614.693,13.276,487.453,494.813,512.805,508.408,-1,-1,-1,-1,-1,-1,22.658,22.835,1,0,2,0,1,0,0,0,0,2,2,2,2,2,2,1,1
129,-7455.608,7407.402,246.345,46.943,0.682709,-0.729981,0.032184,0.730666,0.681664,-0.038232,0.005970,0.049617,0.998751,0,-0.08573,-0.47022,6.335,-0.152,15.563,590.260,-1,615.255,13.274,488.526,495.565,513.876,507.835,-1,-1,-1,-1,-1,-1,22.666,22.555,1,0,2,0,1,0,0,0,0,2,2,2,2,2,2,1,1
130,-7450.903,7411.223,246.438,46.799,0.684546,-0.728249,0.032408,0.728944,0.683474,-0.038779,0.006091,0.050170,0.998722,0,-0.08573,-0.47022,6.061,-0.144,15.582,591.921,-1,615.578,13.275,489.376,496.115,514.783,507.258,-1,-1,-1,-1,-1,-1,22.650,21.560,1,0,2,0,1,0,0,0,0,2,2,2,2,2,2,1,1
131,-7446.405,7414.864,246.488,46.662,0.686284,-0.726604,0.032567,0.727308,0.685195,-0.039134,0.006120,0.050543,0.998703,0,-0.08573,-0.47022,5.787,-0.137,15.613,593.061,-1,615.682,13.280,489.912,496.420,515.214,506.892,-1,-1,-1,-1,-1,-1,22.622,21.990,1,0,2,0,1,0,0,0,0,2,2,2,2,2,2,1,1
132,-7442.114,7418.319,246.520,46.528,0.687985,-0.724998,0.032467,0.725698,0.686888,-0.039337,0.006218,0.050625,0.998698,0,-0.08573,-0.47022,5.509,-0.134,15.636,594.083,-1,616.137,13.287,490.480,496.862,515.033,507.033,-1,-1,-1,-1,-1,-1,22.603,22.029,1,0,2,0,1,0,0,0,0,2,2,2,2,2,2,1,1
133,-7438.030,7421.594,246.541,46.395,0.689668,-0.723406,0.032297,0.724099,0.688566,-0.039472,0.006316,0.050609,0.998699,0,-0.08573,-0.47022,5.234,-0.133,15.664,594.985,-1,616.653,13.289,490.976,497.269,514.641,507.316,-1,-1,-1,-1,-1,-1,22.583,21.087,1,0,2,0,1,0,0,0,0,2,2,2,2,2,2,1,1
134,-7434.148,7424.690,246.544,46.268,0.691273,-0.721877,0.032186,0.722566,0.690167,-0.039597,0.006370,0.050629,0.998697,0,-0.08573,-0.47022,4.966,-0.127,15.657,595.731,-1,616.981,13.289,491.346,497.505,514.291,507.472,-1,-1,-1,-1,-1,-1,22.589,20.391,1,0,2,0,1,0,0,0,0,2,2,2,2,2,2,1,1
135,-7430.249,7427.859,246.542,46.132,0.692985,-0.720259,0.031619,0.720916,0.691844,-0.040406,0.007228,0.050795,0.998683,0,0.40480,-1.00000,5.025,-0.136,15.719,598.608,-1,619.185,13.306,493.189,499.148,514.295,507.420,-1,-1,-1,-1,-1,-1,22.543,18.263,1,0,2,0,1,0,0,0,0,2,2,2,2,2,2,1,1
136,-7425.975,7431.345,246.546,45.968,0.695029,-0.718358,0.029932,0.718922,0.693835,-0.041758,0.009229,0.050542,0.998679,0,0.40480,-1.00000,5.515,-0.164,15.774,604.498,-1,624.664,-1,497.118,502.987,513.535,508.325,-1,-1,-1,-1,-1,-1,22.506,-1,1,0,2,0,2,0,0,0,0,2,2,2,2,2,2,1,2
137,-7421.385,7435.087,246.558,45.792,0.697228,-0.716301,0.028035,0.716763,0.696001,-0.042818,0.011158,0.049949,0.998689,0,0.40480,-1.00000,5.922,-0.177,15.850,610.548,-1,630.314,-1,500.941,506.827,512.068,509.883,-1,-1,-1,-1,-1,-1,22.459,-1,1,0,2,0,2,0,0,0,0,2,2,2,2,2,2,1,2
138,-7416.501,7439.017,246.588,45.604,0.699565,-0.714070,0.026697,0.714464,0.698336,-0.043208,0.012211,0.049301,0.998709,0,0.40480,-1.00000,6.268,-0.188,16.101,614.261,-1,633.915,-1,503.238,509.163,510.425,511.513,-1,-1,-1,-1,-1,-1,22.335,-1,1,0,2,0,2,0,0,0,0,2,2,2,2,2,2,1,2
139,-7411.292,7443.047,246.631,45.392,0.702194,-0.711506,0.026128,0.711881,0.700990,-0.042886,0.012199,0.048714,0.998738,0,0.40480,-1.00000,6.586,-0.211,16.441,615.184,-1,634.884,-1,503.687,509.633,508.816,512.953,-1,-1,-1,-1,-1,-1,22.231,-1,1,0,2,0,2,0,0,0,0,2,2,2,2,2,2,1,2
140,-7405.717,7447.126,246.657,45.145,0.705269,-0.708458,0.026131,0.708847,0.704100,-0.042181,0.011484,0.048272,0.998768,0,0.40480,-1.00000,6.908,-0.247,16.902,614.358,-1,634.025,-1,502.892,508.848,507.209,514.000,-1,-1,-1,-1,-1,-1,22.179,-1,1,0,2,0,2,0,0,0,0,2,2,2,2,2,2,1,2
141,-7399.753,7451.176,246.639,44.846,0.708961,-0.704755,0.026367,0.705170,0.707830,-0.041379,0.010499,0.047929,0.998796,0,0.40480,-1.00000,7.209,-0.299,17.518,612.929,-1,632.458,-1,501.663,507.585,505.561,514.714,-1,-1,-1,-1,-1,-1,22.223,-1,1,0,2,0,2,0,0,0,0,2,2,2,2,2,2,1,2
142,-7393.418,7455.068,246.561,44.488,0.713364,-0.700286,0.026678,0.700730,0.712269,-0.040629,0.009450,0.047677,0.998818,0,0.40480,-1.00000,7.435,-0.358,18.189,611.455,-1,630.720,-1,500.380,506.219,503.910,515.090,-1,-1,-1,-1,-1,-1,22.372,-1,1,0,2,0,2,0,0,0,0,2,2,2,2,2,2,1,2
143,-7386.807,7458.787,246.413,44.093,0.718190,-0.695314,0.027231,0.695796,0.717114,-0.040187,0.008415,0.047809,0.998821,0,0.40480,-1.00000,7.586,-0.395,17.967,609.861,-1,628.678,-1,499.161,504.772,502.851,514.527,-1,-1,-1,-1,-1,-1,22.313,-1,1,0,2,0,2,0,0,0,0,2,2,2,2,2,2,1,2
144,-7379.993,7462.649,246.178,43.710,0.722818,-0.690469,0.028040,0.690994,0.721717,-0.040654,0.007833,0.048762,0.998780,0,0.40480,-1.00000,7.832,-0.382,17.469,609.949,-1,626.834,-1,498.686,503.773,503.255,512.155,-1,-1,-1,-1,-1,-1,22.216,-1,1,0,2,0,2,0,0,0,0,2,2,2,2,2,2,1,2
145,-7372.945,7466.771,245.907,43.337,0.727306,-0.685717,0.028594,0.686267,0.726146,-0.041835,0.007924,0.050050,0.998715,0,0.40480,-1.00000,8.165,-0.373,17.686,612.148,-1,626.263,-1,499.387,503.813,504.178,509.115,-1,-1,-1,-1,-1,-1,22.252,-1,1,0,2,0,2,0,0,0,0,2,2,2,2,2,2,1,2
146,-7365.602,7470.979,245.665,42.938,0.732069,-0.680635,0.028484,0.681181,0.730868,-0.042724,0.008262,0.050680,0.998681,0,0.40480,-1.00000,8.463,-0.399,17.845,614.661,-1,627.010,-1,500.478,504.553,503.842,507.502,-1,-1,-1,-1,-1,-1,22.285,-1,1,0,2,0,2,0,0,0,0,2,2,2,2,2,2,1,2
147,-7358.085,7475.094,245.491,42.521,0.737004,-0.675299,0.028206,0.675839,0.735807,-0.042766,0.008126,0.050582,0.998687,0,0.23799,-1.00000,8.569,-0.417,17.950,615.523,-1,627.432,-1,500.640,504.738,502.200,507.513,-1,-1,-1,-1,-1,-1,22.309,-1,1,0,2,0,2,0,0,0,0,2,2,2,2,2,2,1,2
148,-7350.592,7478.929,245.430,42.085,0.742128,-0.669659,0.028336,0.670219,0.740960,-0.042253,0.007300,0.050348,0.998705,0,0.23799,-1.00000,8.417,-0.436,18.613,614.771,-1,626.676,-1,499.863,503.988,500.575,508.033,-1,-1,-1,-1,-1,-1,22.505,-1,1,0,2,0,2,0,0,0,0,2,2,2,2,2,2,1,2
149,-7343.122,7482.313,245.443,41.608,0.747689,-0.663429,0.028700,0.664023,0.746576,-0.041215,0.005917,0.049873,0.998738,0,0.23799,-1.00000,8.201,-0.477,18.171,612.632,-1,625.115,-1,498.348,502.585,498.670,509.171,-1,-1,-1,-1,-1,-1,22.366,-1,1,0,2,0,2,0,0,0,0,2,2,2,2,2,2,1,2
150,-7335.687,7485.851,245.444,41.167,0.752787,-0.657606,0.029432,0.658244,0.751659,-0.041517,0.005179,0.050627,0.998704,0,0.23799,-1.00000,8.234,-0.442,17.573,613.201,-1,624.005,-1,498.099,502.015,499.192,507.912,-1,-1,-1,-1,-1,-1,22.232,-1,1,0,2,0,2,0,0,0,0,2,2,2,2,2,2,1,2
151,-7328.208,7489.586,245.410,40.759,0.757450,-0.652214,0.029773,0.652873,0.756278,-0.042428,0.005156,0.051575,0.998656,0,0.23799,-1.00000,8.360,-0.408,17.583,615.535,-1,624.304,15.408,499.003,502.528,499.972,506.272,-1,-1,-1,-1,-1,-1,22.233,15.652,1,0,2,0,1,0,0,0,0,2,2,2,2,2,2,1,1
152,-7320.681,7493.444,245.360,40.372,0.761848,-0.647086,0.029453,0.647732,0.760641,-0.043229,0.005570,0.052011,0.998631,0,0.23799,-1.00000,8.459,-0.388,17.834,617.820,-1,625.988,15.123,500.529,503.841,499.734,505.654,-1,-1,-1,-1,-1,-1,22.281,15.467,1,0,2,0,1,0,0,0,0,2,2,2,2,2,2,1,1
153,-7313.107,7497.125,245.276,39.951,0.766586,-0.641500,0.028719,0.642118,0.765405,-0.042887,0.005531,0.051318,0.998667,0,0.23799,-1.00000,8.421,-0.421,18.261,617.880,-1,627.474,-1,501.051,504.569,497.076,507.107,-1,-1,-1,-1,-1,-1,22.392,-1,1,0,2,0,2,0,0,0,0,2,2,2,2,2,2,1,2
154,-7305.568,7500.416,245.168,39.490,0.771730,-0.635332,0.028042,0.635932,0.770625,-0.041562,0.004796,0.049907,0.998742,0,0.23799,-1.00000,8.226,-0.461,18.284,615.659,-1,627.890,-1,500.256,504.241,492.898,509.829,-1,-1,-1,-1,-1,-1,22.398,-1,1,0,2,0,2,0,0,0,0,2,2,2,2,2,2,1,2
155,-7298.083,7503.545,245.022,39.026,0.776850,-0.629070,0.027841,0.629673,0.775793,-0.040703,0.004006,0.049151,0.998783,0,0.23799,-1.00000,8.113,-0.463,18.239,613.807,-1,627.566,-1,499.412,503.634,490.026,511.149,-1,-1,-1,-1,-1,-1,22.386,-1,1,0,2,0,2,0,0,0,0,2,2,2,2,2,2,1,2
156,-7290.625,7506.543,244.854,38.568,0.781861,-0.622825,0.027971,0.623443,0.780815,-0.040585,0.003437,0.049170,0.998785,0,0.23799,-1.00000,8.038,-0.458,18.252,613.123,-1,627.137,-1,498.986,503.245,488.798,510.892,-1,-1,-1,-1,-1,-1,22.389,-1,1,0,2,0,2,0,0,0,0,2,2,2,2,2,2,1,2
157,-7283.191,7509.391,244.686,38.110,0.786821,-0.616533,0.028281,0.617173,0.785757,-0.041026,0.003072,0.049735,0.998758,0,0.23799,-1.00000,7.960,-0.458,18.361,613.450,-1,626.832,-1,498.983,503.147,488.678,509.577,-1,-1,-1,-1,-1,-1,22.422,-1,1,0,2,0,2,0,0,0,0,2,2,2,2,2,2,1,2
158,-7275.808,7512.206,244.548,37.685,0.791376,-0.610662,0.028559,0.611321,0.790260,-0.042129,0.003158,0.050798,0.998704,0,0.23799,-1.00000,7.902,-0.425,18.052,615.424,-1,627.251,13.461,499.887,503.750,489.687,507.423,-1,-1,-1,-1,-1,-1,22.334,13.848,1,0,2,0,1,0,0,0,0,2,2,2,2,2,2,1,1
159,-7268.502,7514.916,244.459,37.276,0.795725,-0.604981,0.028646,0.605650,0.794560,-0.043158,0.003349,0.051691,0.998657,0,0.23799,-1.00000,7.792,-0.409,18.777,617.666,-1,628.181,13.277,501.050,504.663,490.561,505.767,-1,-1,-1,-1,-1,-1,22.562,13.921,1,0,2,0,1,0,0,0,0,2,2,2,2,2,2,1,1
160,-7261.420,7517.269,244.401,36.868,0.800021,-0.599275,0.028923,0.599965,0.798850,-0.043358,0.002878,0.052040,0.998641,0,0.23799,-1.00000,7.463,-0.408,18.162,617.514,-1,627.995,14.266,501.054,504.575,490.611,505.187,-1,-1,-1,-1,-1,-1,22.364,14.719,1,0,2,0,1,0,0,0,0,2,2,2,2,2,2,1,1
161,-7254.485,7519.890,244.333,36.503,0.803822,-0.594145,0.029339,0.594863,0.802608,-0.044245,0.002741,0.053018,0.998590,0,0.23799,-1.00000,7.414,-0.365,17.632,618.441,-1,627.907,16.241,501.626,504.828,491.848,503.385,-1,-1,-1,-1,-1,-1,22.242,16.522,1,0,2,0,1,0,0,0,0,2,2,2,2,2,2,1,1
162,-7247.602,7522.754,244.267,36.164,0.807330,-0.589369,0.029372,0.590094,0.806087,-0.044873,0.002770,0.053559,0.998561,0,0.23799,-1.00000,7.456,-0.339,17.513,619.484,-1,628.468,16.415,502.348,505.405,492.248,502.461,-1,-1,-1,-1,-1,-1,22.222,16.644,1,0,2,0,1,0,0,0,0,2,2,2,2,2,2,1,1
163,-7240.710,7525.618,244.234,35.819,0.810865,-0.584521,0.028850,0.585226,0.809636,-0.044712,0.002777,0.053139,0.998583,0,0.23799,-1.00000,7.463,-0.345,17.674,619.915,-1,629.861,13.308,502.953,506.200,490.892,503.490,-1,-1,-1,-1,-1,-1,22.250,13.552,1,0,2,0,1,0,0,0,0,2,2,2,2,2,2,1,1
164,-7233.815,7528.421,244.186,35.462,0.814499,-0.579477,0.028254,0.580160,0.813319,-0.043888,0.002453,0.052139,0.998637,0,0.23799,-1.00000,7.443,-0.357,17.691,618.983,-1,630.892,-1,502.858,506.499,488.370,505.574,-1,-1,-1,-1,-1,-1,22.252,-1,1,0,2,0,2,0,0,0,0,2,2,2,2,2,2,1,2
165,-7226.910,7531.144,244.106,35.086,0.818289,-0.574133,0.027829,0.574804,0.817169,-0.042840,0.001855,0.051052,0.998694,0,0.23799,-1.00000,7.423,-0.376,17.700,617.211,-1,631.284,-1,502.223,506.289,485.663,507.706,-1,-1,-1,-1,-1,-1,22.255,-1,1,0,2,0,2,0,0,0,0,2,2,2,2,2,2,1,2
166,-7219.853,7533.828,243.991,34.684,0.822307,-0.568389,0.027309,0.569042,0.821233,-0.042031,0.001463,0.050102,0.998743,0,0.43468,-1.00000,7.550,-0.402,17.782,616.051,-1,632.109,-1,501.971,506.419,483.248,509.501,-1,-1,-1,-1,-1,-1,22.271,-1,1,0,2,0,2,0,0,0,0,2,2,2,2,2,2,1,2
167,-7212.467,7536.518,243.832,34.256,0.826533,-0.562267,0.026427,0.562886,0.825481,-0.041731,0.001649,0.049367,0.998779,0,0.43468,-1.00000,7.860,-0.428,17.768,616.513,-1,634.227,-1,502.730,507.537,481.219,510.836,-1,-1,-1,-1,-1,-1,22.268,-1,1,0,2,0,2,0,0,0,0,2,2,2,2,2,2,1,2
168,-7204.793,7539.348,243.650,33.844,0.830551,-0.556352,0.025620,0.556937,0.829477,-0.042299,0.002282,0.049400,0.998776,0,0.43468,-1.00000,8.179,-0.411,17.304,618.687,-1,636.756,-1,504.347,509.250,480.679,510.663,-1,-1,-1,-1,-1,-1,22.195,-1,1,0,2,0,2,0,0,0,0,2,2,2,2,2,2,1,2
169,-7196.857,7542.318,243.471,33.451,0.834358,-0.550648,0.025179,0.551216,0.833245,-0.043163,0.002788,0.049892,0.998751,0,0.43468,-1.00000,8.474,-0.394,17.460,620.874,-1,638.545,-1,505.800,510.609,481.097,509.601,-1,-1,-1,-1,-1,-1,22.214,-1,1,0,2,0,2,0,0,0,0,2,2,2,2,2,2,1,2
170,-7188.687,7545.154,243.318,33.014,0.838536,-0.544262,0.025246,0.544842,0.837426,-0.043190,0.002365,0.049972,0.998748,0,0.43468,-1.00000,8.649,-0.437,17.353,620.207,-1,638.517,-1,505.700,510.508,481.432,509.317,-1,-1,-1,-1,-1,-1,22.200,-1,1,0,2,0,2,0,0,0,0,2,2,2,2,2,2,1,2
171,-7180.281,7547.984,243.201,32.566,0.842768,-0.537658,0.025816,0.538275,0.841665,-0.043131,0.001461,0.050245,0.998736,0,0.43468,-1.00000,8.869,-0.448,17.379,618.835,-1,637.244,-1,504.882,509.636,482.223,508.706,-1,-1,-1,-1,-1,-1,22.205,-1,1,0,2,0,2,0,0,0,0,2,2,2,2,2,2,1,2
172,-7171.635,7550.730,243.105,32.100,0.847125,-0.530738,0.026406,0.531394,0.846034,-0.042965,0.000463,0.050429,0.998728,0,0.43468,-1.00000,9.072,-0.467,17.255,617.346,-1,635.952,-1,503.992,508.741,482.943,508.331,-1,-1,-1,-1,-1,-1,22.191,-1,1,0,2,0,2,0,0,0,0,2,2,2,2,2,2,1,2
173,-7162.709,7553.640,242.966,31.646,0.851308,-0.523979,0.026831,0.524666,0.850205,-0.043334,-0.000106,0.050968,0.998700,0,0.43468,-1.00000,9.388,-0.454,17.139,617.101,-1,635.297,-1,503.817,508.438,484.264,507.208,-1,-1,-1,-1,-1,-1,22.183,-1,1,0,2,0,2,0,0,0,0,2,2,2,2,2,2,1,2
174,-7153.485,7556.682,242.749,31.193,0.855425,-0.517227,0.026909,0.517926,0.854289,-0.044079,-0.000189,0.051643,0.998666,0,0.43468,-1.00000,9.712,-0.452,16.975,617.994,-1,635.560,-1,504.369,508.817,485.712,505.684,-1,-1,-1,-1,-1,-1,22.178,-1,1,0,2,0,2,0,0,0,0,2,2,2,2,2,2,1,2
175,-7144.000,7559.963,242.460,30.782,0.859119,-0.511075,0.026759,0.511775,0.857935,-0.045089,0.000087,0.052431,0.998625,0,0.43468,-1.00000,10.036,-0.411,16.756,619.610,-1,636.298,9.336,505.332,509.565,487.209,503.824,-1,-1,-1,-1,-1,-1,22.186,9.266,1,0,2,0,1,0,0,0,0,2,2,2,2,2,2,1,1
176,-7134.246,7563.436,242.141,30.386,0.862640,-0.505122,0.026516,0.505818,0.861430,-0.045674,0.000229,0.052812,0.998604,0,0.43468,-1.00000,10.354,-0.397,16.709,620.432,-1,636.882,13.936,505.847,510.030,487.832,502.683,-1,-1,-1,-1,-1,-1,22.191,13.811,1,0,2,0,1,0,0,0,0,2,2,2,2,2,2,1,1
177,-7124.240,7567.024,241.830,29.985,0.866153,-0.499078,0.026442,0.499778,0.864952,-0.045603,-0.000112,0.052714,0.998610,0,0.43468,-1.00000,10.630,-0.400,16.658,619.651,-1,636.626,14.327,505.417,509.722,487.528,502.451,-1,-1,-1,-1,-1,-1,22.195,14.607,1,0,2,0,1,0,0,0,0,2,2,2,2,2,2,1,1
178,-7114.011,7570.729,241.581,29.586,0.869612,-0.492999,0.026979,0.493735,0.868436,-0.045210,-0.001141,0.052636,0.998613,0,0.43468,-1.00000,10.880,-0.399,16.638,617.189,-1,634.741,14.271,503.913,508.286,487.584,502.313,-1,-1,-1,-1,-1,-1,22.198,16.640,1,0,2,0,1,0,0,0,0,2,2,2,2,2,2,1,1
179,-7103.485,7574.521,241.357,29.178,0.873104,-0.486753,0.027598,0.487529,0.871980,-0.044355,-0.002475,0.052182,0.998635,0,0.43468,-1.00000,11.188,-0.408,16.807,613.928,-1,632.496,14.705,501.884,506.443,487.274,502.958,-1,-1,-1,-1,-1,-1,22.183,17.637,1,0,2,0,1,0,0,0,0,2,2,2,2,2,2,1,1
180,-7092.683,7578.208,241.192,28.727,0.876911,-0.479827,0.028153,0.480634,0.875885,-0.042629,-0.004204,0.050914,0.998694,0,0.43468,-1.00000,11.414,-0.451,17.195,609.395,-1,630.240,16.412,499.264,504.309,485.650,505.312,-1,-1,-1,-1,-1,-1,22.187,16.706,1,0,2,0,1,0,0,0,0,2,2,2,2,2,2,1,1
181,-7081.703,7581.546,241.173,28.216,0.881155,-0.471959,0.028653,0.472787,0.880252,-0.040352,-0.006177,0.049102,0.998775,0,0.43468,-1.00000,11.476,-0.511,17.309,604.588,-1,628.487,17.210,496.649,502.365,483.535,509.116,-1,-1,-1,-1,-1,-1,22.195,17.521,1,0,2,0,1,0,0,0,0,2,2,2,2,2,2,1,1
182,-7070.571,7584.691,241.214,27.705,0.885321,-0.464046,0.029459,0.464912,0.884496,-0.039030,-0.007945,0.048251,0.998804,0,0.43468,-1.00000,11.568,-0.511,17.228,601.260,-1,626.708,15.012,494.753,500.800,483.464,511.251,-1,-1,-1,-1,-1,-1,22.189,15.103,1,0,2,0,1,0,0,0,0,2,2,2,2,2,2,1,1
183,-7059.180,7587.675,241.184,27.164,0.889664,-0.455627,0.030021,0.456527,0.888860,-0.038874,-0.008973,0.048290,0.998793,0,0.43468,-1.00000,11.775,-0.541,17.282,600.321,-1,626.009,11.889,494.272,500.350,485.044,511.511,-1,-1,-1,-1,-1,-1,22.193,11.978,1,0,2,0,1,0,0,0,0,2,2,2,2,2,2,1,1
184,-7047.536,7590.403,241.051,26.584,0.894236,-0.446572,0.030268,0.447497,0.893416,-0.039428,-0.009435,0.048803,0.998764,0,0.43468,-1.00000,11.960,-0.580,17.784,601.023,-1,626.230,10.160,494.771,500.727,487.423,510.612,-1,-1,-1,-1,-1,-1,22.272,10.378,1,0,2,0,1,0,0,0,0,2,2,2,2,2,2,1,1
185,-7035.707,7592.938,240.788,25.985,0.898863,-0.437163,0.030547,0.438122,0.897999,-0.040576,-0.009692,0.049855,0.998709,0,0.43468,-1.00000,12.098,-0.599,17.008,602.428,-1,626.257,14.718,495.523,501.153,490.991,508.325,-1,-1,-1,-1,-1,-1,22.179,14.712,1,0,2,0,1,0,0,0,0,2,2,2,2,2,2,1,1
186,-7023.632,7595.685,240.413,25.431,0.903061,-0.428410,0.030746,0.429407,0.902106,-0.042593,-0.009489,0.051667,0.998619,0,0.43468,-1.00000,12.383,-0.554,17.203,605.034,-1,626.369,16.458,496.869,501.936,496.723,504.358,-1,-1,-1,-1,-1,-1,22.187,20.380,1,0,2,0,1,0,0,0,0,2,2,2,2,2,2,1,1
187,-7011.441,7598.417,239.983,24.915,0.906890,-0.420240,0.030805,0.421260,0.905885,-0.043735,-0.009527,0.052639,0.998568,0,0.20048,-0.90995,12.493,-0.516,17.382,606.192,-1,626.284,17.867,497.447,502.248,500.461,501.909,-1,-1,-1,-1,-1,-1,22.204,21.994,1,0,2,0,1,0,0,0,0,2,2,2,2,2,2,1,1
188,-6999.423,7600.906,239.551,24.397,0.910655,-0.411967,0.031478,0.413029,0.909678,-0.043505,-0.010712,0.052620,0.998557,0,0.20048,-0.90995,12.274,-0.519,17.854,603.840,-1,624.070,22.098,495.823,500.672,501.900,501.237,-1,-1,-1,-1,-1,-1,22.286,22.612,1,0,2,0,1,0,0,0,0,2,2,2,2,2,2,1,1
189,-6987.749,7602.929,239.213,23.843,0.914579,-0.403068,0.032894,0.404193,0.913715,-0.041875,-0.013178,0.051593,0.998581,0,0.20048,-0.90995,11.848,-0.554,17.685,598.066,-1,619.858,22.611,492.083,497.312,501.307,502.580,-1,-1,-1,-1,-1,-1,22.250,23.804,1,0,2,0,1,0,0,0,0,2,2,2,2,2,2,1,1
190,-6976.354,7604.931,238.971,23.310,0.918264,-0.394442,0.034732,0.395655,0.917489,-0.040865,-0.015747,0.051267,0.998561,0,0.20048,-0.90995,11.569,-0.533,17.694,592.965,-1,615.063,22.605,488.471,493.830,502.436,502.806,-1,-1,-1,-1,-1,-1,22.254,25.117,1,0,2,0,1,0,0,0,0,2,2,2,2,2,2,1,1
191,-6965.153,7606.626,238.818,22.743,0.922096,-0.385257,0.036270,0.386541,0.921405,-0.039978,-0.018017,0.050884,0.998542,0,0.20048,-0.90995,11.329,-0.567,17.790,588.952,-1,611.467,24.691,485.741,491.215,503.802,503.387,-1,-1,-1,-1,-1,-1,22.273,25.224,1,0,2,0,1,0,0,0,0,2,2,2,2,2,2,1,1
192,-6954.054,7608.222,238.716,22.204,0.925678,-0.376536,0.036619,0.377846,0.925001,-0.040080,-0.018781,0.050938,0.998525,0,0.20048,-0.90995,11.213,-0.539,17.340,588.910,-1,611.324,17.437,485.800,491.254,506.371,503.440,-1,-1,-1,-1,-1,-1,22.200,27.704,1,0,2,0,1,0,0,0,0,2,2,2,2,2,2,1,1
193,-6943.035,7609.853,238.605,21.710,0.928911,-0.368549,0.035999,0.369853,0.928179,-0.041148,-0.018249,0.051538,0.998504,0,0.20048,-0.90995,11.139,-0.494,17.236,592.239,-1,613.804,16.690,488.111,493.371,510.180,502.583,-1,-1,-1,-1,-1,-1,22.189,26.333,1,0,2,0,1,0,0,0,0,2,2,2,2,2,2,1,1
194,-6932.128,7611.545,238.400,21.230,0.931991,-0.360761,0.035263,0.362056,0.931191,-0.042405,-0.017539,0.052288,0.998478,0,0.20048,-0.90995,11.038,-0.480,17.279,595.804,-1,616.279,17.001,490.509,495.523,514.032,501.194,-1,-1,-1,-1,-1,-1,22.193,24.681,1,0,2,0,1,0,0,0,0,2,2,2,2,2,2,1,1
195,-6921.306,7613.128,238.131,20.728,0.935130,-0.352616,0.034550,0.353885,0.934316,-0.042653,-0.017240,0.052113,0.998492,0,0.20048,-0.90995,10.937,-0.502,17.556,597.618,-1,618.298,19.959,491.940,497.022,515.621,501.351,-1,-1,-1,-1,-1,-1,22.229,23.280,1,0,2,0,1,0,0,0,0,2,2,2,2,2,2,1,1
196,-6910.627,7614.542,237.838,20.219,0.938233,-0.344317,0.034131,0.345564,0.937445,-0.042224,-0.017458,0.051410,0.998525,0,0.20048,-0.90995,10.771,-0.509,17.847,597.781,-1,619.411,23.009,492.340,497.667,515.901,502.379,-1,-1,-1,-1,-1,-1,22.285,23.539,1,0,2,0,1,0,0,0,0,2,2,2,2,2,2,1,1
197,-6900.244,7615.680,237.591,19.701,0.941307,-0.335818,0.034172,0.337062,0.940566,-0.041545,-0.018189,0.050625,0.998552,0,0.20048,-0.90995,10.445,-0.518,17.501,596.828,-1,619.357,19.158,491.965,497.559,516.083,503.522,-1,-1,-1,-1,-1,-1,22.221,24.386,1,0,2,0,1,0,0,0,0,2,2,2,2,2,2,1,1
198,-6889.964,7616.939,237.327,19.246,0.943945,-0.328304,0.034400,0.329574,0.943195,-0.041998,-0.018658,0.050981,0.998525,0,0.20048,-0.90995,10.357,-0.455,17.174,597.114,-1,618.769,16.270,492.056,497.523,518.651,502.569,-1,-1,-1,-1,-1,-1,22.186,25.045,1,0,2,0,1,0,0,0,0,2,2,2,2,2,2,1,1
199,-6879.788,7618.117,237.098,18.802,0.946464,-0.320939,0.034692,0.322241,0.945699,-0.042595,-0.019138,0.051494,0.998490,0,0.20048,-0.90995,10.244,-0.444,17.261,597.587,-1,618.109,16.860,492.219,497.476,521.592,501.417,-1,-1,-1,-1,-1,-1,22.191,25.195,1,0,2,0,1,0,0,0,0,2,2,2,2,2,2,1,1
200,-6869.722,7619.154,236.894,18.355,0.948939,-0.313508,0.035048,0.314843,0.948167,-0.043057,-0.019732,0.051893,0.998458,0,0.20048,-0.90995,10.119,-0.447,17.346,597.991,-1,617.334,17.538,492.232,497.307,524.263,500.520,-1,-1,-1,-1,-1,-1,22.200,25.131,1,0,2,0,1,0,0,0,0,2,2,2,2,2,2,1,1
201,-6859.783,7619.973,236.699,17.877,0.951520,-0.305540,0.035432,0.306903,0.950763,-0.043130,-0.020510,0.051913,0.998441,0,0.20048,-0.90995,9.972,-0.478,17.686,597.734,-1,616.477,22.338,492.005,496.985,526.138,500.292,-1,-1,-1,-1,-1,-1,22.251,24.300,1,0,2,0,1,0,0,0,0,2,2,2,2,2,2,1,1
202,-6849.909,7620.667,236.447,17.392,0.954070,-0.297462,0.035588,0.298838,0.953332,-0.043064,-0.021117,0.051721,0.998438,0,0.20048,-0.90995,9.899,-0.485,17.012,597.542,-1,616.035,15.457,491.943,496.895,527.386,500.312,-1,-1,-1,-1,-1,-1,22.178,24.837,1,0,2,0,1,0,0,0,0,2,2,2,2,2,2,1,1
203,-6839.988,7621.508,236.115,16.949,0.956347,-0.290086,0.035355,0.291463,0.955596,-0.043412,-0.021192,0.051822,0.998431,0,0.20048,-0.90995,9.956,-0.442,17.440,598.501,-1,616.347,18.467,492.580,497.416,529.049,499.680,-1,-1,-1,-1,-1,-1,22.211,24.437,1,0,2,0,1,0,0,0,0,2,2,2,2,2,2,1,1
204,-6830.086,7622.260,235.754,16.499,0.958610,-0.282579,0.034867,0.283931,0.957873,-0.043153,-0.021204,0.051267,0.998460,0,0.20048,-0.90995,9.931,-0.451,17.364,599.066,-1,617.305,17.683,493.148,498.122,529.141,500.183,-1,-1,-1,-1,-1,-1,22.202,25.729,1,0,2,0,1,0,0,0,0,2,2,2,2,2,2,1,1
205,-6820.216,7623.025,235.432,16.068,0.960725,-0.275395,0.034142,0.276710,0.959996,-0.042891,-0.020964,0.050654,0.998496,0,0.20048,-0.90995,9.899,-0.431,17.544,600.263,-1,619.011,19.798,494.207,499.328,529.217,500.943,-1,-1,-1,-1,-1,-1,22.226,25.694,1,0,2,0,1,0,0,0,0,2,2,2,2,2,2,1,1
206,-6810.544,7623.405,235.180,15.587,0.963003,-0.267371,0.033727,0.268648,0.962332,-0.041785,-0.021284,0.049299,0.998557,0,0.20048,-0.90995,9.679,-0.480,18.278,600.000,-1,620.232,21.791,494.438,499.925,527.853,503.143,-1,-1,-1,-1,-1,-1,22.398,22.553,1,0,2,0,1,0,0,0,0,2,2,2,2,2,2,1,1
207,-6801.208,7623.406,234.927,15.078,0.965329,-0.258784,0.034218,0.260061,0.964744,-0.040452,-0.022543,0.047949,0.998595,0,0.20048,-0.90995,9.336,-0.510,18.102,597.569,-1,619.175,22.024,493.079,498.921,525.905,505.183,-1,-1,-1,-1,-1,-1,22.347,22.680,1,0,2,0,1,0,0,0,0,2,2,2,2,2,2,1,1
208,-6792.088,7623.357,234.684,14.600,0.967446,-0.250688,0.034702,0.251993,0.966883,-0.040446,-0.023414,0.047874,0.998579,0,0.20048,-0.90995,9.121,-0.478,18.115,593.823,-1,617.986,23.069,492.581,498.342,526.823,504.909,-1,-1,-1,-1,-1,-1,22.351,23.771,1,0,2,0,1,0,0,0,0,2,2,2,2,2,2,1,1
209,-6783.154,7623.133,234.398,14.118,0.969524,-0.242513,0.034807,0.243848,0.968935,-0.041274,-0.023716,0.048503,0.998541,0,0.20048,-0.90995,8.936,-0.482,18.589,590.673,-1,617.531,22.729,493.143,498.576,529.292,503.247,-1,-1,-1,-1,-1,-1,22.496,23.715,1,0,2,0,1,0,0,0,0,2,2,2,2,2,2,1,1
210,-6774.518,7622.648,234.105,13.619,0.971602,-0.234025,0.034949,0.235391,0.970990,-0.042067,-0.024090,0.049099,0.998503,0,0.20048,-0.90995,8.650,-0.499,18.489,587.480,-1,616.940,23.251,493.593,498.715,531.667,501.580,-1,-1,-1,-1,-1,-1,22.464,24.198,1,0,2,0,1,0,0,0,0,2,2,2,2,2,2,1,1
211,-6766.085,7622.218,233.816,13.153,0.973469,-0.226070,0.035367,0.227488,0.972824,-0.043158,-0.024650,0.050059,0.998442,0,0.20048,-0.90995,8.444,-0.465,18.192,584.248,-1,615.530,24.329,493.701,498.379,534.873,499.253,-1,-1,-1,-1,-1,-1,22.373,25.124,1,0,2,0,1,0,0,0,0,2,2,2,2,2,2,1,1
212,-6757.696,7621.819,233.523,12.693,0.975253,-0.218217,0.035527,0.219664,0.974593,-0.043777,-0.025072,0.050497,0.998409,0,0.20048,-0.90995,8.399,-0.460,18.316,580.986,-1,614.835,24.244,493.939,498.354,536.908,497.906,-1,-1,-1,-1,-1,-1,22.409,25.116,1,0,2,0,1,0,0,0,0,2,2,2,2,2,2,1,1
213,-6749.331,7621.357,233.212,12.218,0.977037,-0.210122,0.035303,0.211557,0.976395,-0.043539,-0.025321,0.050008,0.998428,0,0.20048,-0.90995,8.377,-0.476,18.392,578.285,-1,615.150,23.752,494.320,498.749,536.679,498.221,-1,-1,-1,-1,-1,-1,22.431,24.655,1,0,2,0,1,0,0,0,0,2,2,2,2,2,2,1,1
214,-6740.861,7620.747,232.913,11.710,0.978884,-0.201518,0.034293,0.202888,0.978271,-0.042694,-0.024944,0.048750,0.998499,0,0.54777,-0.82881,8.492,-0.508,18.492,577.888,-1,617.392,22.900,495.820,500.511,534.768,500.038,-1,-1,-1,-1,-1,-1,22.464,23.831,1,0,2,0,1,0,0,0,0,2,2,2,2,2,2,1,1
215,-6732.106,7620.015,232.670,11.182,0.980741,-0.192617,0.032333,0.193878,0.980130,-0.041900,-0.023620,0.047362,0.998599,0,0.54777,-0.82881,8.785,-0.527,18.308,579.334,-1,622.253,21.485,499.224,504.218,532.017,502.364,-1,-1,-1,-1,-1,-1,22.406,22.251,1,0,2,0,1,0,0,0,0,2,2,2,2,2,2,1,1
216,-6723.180,7619.125,232.450,10.648,0.982533,-0.183560,0.030566,0.184734,0.981913,-0.041478,-0.022399,0.046400,0.998672,0,0.54777,-0.82881,8.971,-0.534,18.239,580.943,-1,626.632,18.561,502.609,507.782,530.462,503.958,-1,-1,-1,-1,-1,-1,22.385,19.189,1,0,2,0,1,0,0,0,0,2,2,2,2,2,2,1,1
217,-6714.211,7617.989,232.201,10.108,0.984241,-0.174342,0.029585,0.175469,0.983627,-0.041103,-0.021934,0.045646,0.998717,0,0.54777,-0.82881,9.040,-0.540,18.053,581.316,-1,628.938,16.206,504.611,509.814,529.256,505.007,-1,-1,-1,-1,-1,-1,22.335,16.672,1,0,2,0,1,0,0,0,0,2,2,2,2,2,2,1,1
218,-6705.011,7616.928,231.891,9.595,0.985781,-0.165531,0.028920,0.166649,0.985128,-0.041843,-0.021563,0.046067,0.998706,0,0.54777,-0.82881,9.261,-0.513,17.938,947.499,-1,629.886,16.669,506.457,510.989,530.547,503.726,-1,-1,-1,-1,-1,-1,22.305,17.096,1,0,2,0,1,0,0,0,0,2,2,2,2,2,2,1,1
219,-6695.500,7615.979,231.527,9.117,0.987144,-0.157285,0.028416,0.158409,0.986438,-0.042979,-0.021271,0.046928,0.998672,0,0.54777,-0.82881,9.558,-0.479,17.608,958.717,-1,630.113,19.306,508.050,512.250,532.692,501.546,-1,-1,-1,-1,-1,-1,22.237,19.625,1,0,2,0,1,0,0,0,0,2,2,2,2,2,2,1,1
220,-6685.609,7615.151,231.120,8.660,0.988378,-0.149413,0.028007,0.150544,0.987626,-0.043951,-0.021093,0.047656,0.998641,0,0.54777,-0.82881,9.926,-0.456,17.555,968.507,-1,630.018,19.932,507.097,513.334,534.410,499.555,-1,-1,-1,-1,-1,-1,22.228,21.099,1,0,2,0,1,0,0,0,0,2,2,2,2,2,2,1,1
221,-6675.392,7614.274,230.700,8.177,0.989608,-0.141069,0.027841,0.142199,0.988862,-0.043957,-0.021330,0.047459,0.998645,0,0.54777,-0.82881,10.254,-0.483,17.458,973.025,-1,629.581,18.651,504.847,513.681,533.890,499.208,-1,-1,-1,-1,-1,-1,22.214,21.076,1,0,2,0,1,0,0,0,0,2,2,2,2,2,2,1,1
222,-6664.856,7613.331,230.279,7.683,0.990781,-0.132507,0.028180,0.133653,0.990067,-0.043634,-0.022118,0.046998,0.998650,0,0.54777,-0.82881,10.578,-0.494,17.543,974.847,-1,627.962,19.757,503.164,512.822,532.424,499.302,-1,-1,-1,-1,-1,-1,22.225,20.553,1,0,2,0,1,0,0,0,0,2,2,2,2,2,2,1,1
223,-6653.990,7612.235,229.835,7.162,0.991935,-0.123496,0.028536,0.124645,0.991279,-0.042779,-0.023004,0.045991,0.998677,0,0.54777,-0.82881,10.922,-0.520,17.573,974.480,-1,626.512,20.197,503.560,511.897,529.643,500.340,-1,-1,-1,-1,-1,-1,22.231,20.530,1,0,2,0,1,0,0,0,0,2,2,2,2,2,2,1,1
224,-6642.854,7610.948,229.398,6.613,0.993060,-0.113988,0.028940,0.115136,0.992475,-0.041676,-0.023972,0.044718,0.998712,0,0.54777,-0.82881,11.209,-0.549,17.586,973.316,-1,625.136,20.114,504.000,510.962,526.341,501.881,-1,-1,-1,-1,-1,-1,22.234,20.435,1,0,2,0,1,0,0,0,0,2,2,2,2,2,2,1,1
225,-6631.572,7609.238,229.005,5.987,0.994234,-0.103139,0.029354,0.104276,0.993733,-0.040259,-0.025018,0.043088,0.998758,0,0.54777,-0.82881,11.412,-0.626,17.784,971.834,-1,624.061,18.521,503.494,510.167,522.473,504.137,-1,-1,-1,-1,-1,-1,22.270,18.918,1,0,2,0,1,0,0,0,0,2,2,2,2,2,2,1,1
226,-6620.003,7607.402,228.603,5.352,0.995311,-0.092093,0.029564,0.093237,0.994840,-0.040002,-0.025727,0.042571,0.998762,0,0.54777,-0.82881,11.713,-0.636,17.181,972.284,-1,622.765,16.330,502.913,509.790,521.174,504.342,-1,-1,-1,-1,-1,-1,22.185,19.648,1,0,2,0,1,0,0,0,0,2,2,2,2,2,2,1,1
227,-6607.927,7605.728,228.188,4.774,0.996195,-0.082046,0.029407,0.083205,0.995705,-0.040609,-0.025949,0.042902,0.998742,0,0.54777,-0.82881,12.192,-0.577,17.225,971.842,-1,621.937,16.601,503.356,510.057,521.959,503.079,-1,-1,-1,-1,-1,-1,22.188,22.003,1,0,2,0,1,0,0,0,0,2,2,2,2,2,2,1,1
228,-6595.470,7604.118,227.752,4.240,0.996929,-0.072759,0.028954,0.073912,0.996423,-0.040961,-0.025870,0.042975,0.998741,0,0.35209,-0.72341,12.561,-0.534,17.230,969.115,-1,621.936,16.627,504.842,510.859,522.078,502.357,-1,-1,-1,-1,-1,-1,22.189,22.940,1,0,2,0,1,0,0,0,0,2,2,2,2,2,2,1,1
229,-6582.938,7602.402,227.269,3.696,0.997568,-0.063286,0.029206,0.064445,0.997094,-0.040614,-0.026550,0.042397,0.998748,0,0.35209,-0.72341,12.649,-0.544,17.401,962.767,-1,620.427,18.055,503.192,510.290,520.409,502.631,-1,-1,-1,-1,-1,-1,22.206,21.922,1,0,2,0,1,0,0,0,0,2,2,2,2,2,2,1,1
230,-6570.486,7600.437,226.826,3.113,0.998123,-0.053090,0.030511,0.054282,0.997737,-0.039671,-0.028336,0.041253,0.998747,0,0.35209,-0.72341,12.606,-0.583,17.446,951.957,-1,616.769,18.509,498.659,507.929,517.548,503.907,-1,-1,-1,-1,-1,-1,22.213,22.037,1,0,2,0,1,0,0,0,0,2,2,2,2,2,2,1,1
231,-6558.038,7598.175,226.393,2.500,0.998599,-0.042380,0.031671,0.043596,0.998297,-0.038752,-0.029975,0.040078,0.998747,0,0.35209,-0.72341,12.652,-0.613,17.521,941.742,-1,613.556,19.436,494.465,505.888,514.736,505.253,-1,-1,-1,-1,-1,-1,22.223,23.087,1,0,2,0,1,0,0,0,0,2,2,2,2,2,2,1,1
232,-6545.472,7595.859,225.929,1.914,0.998971,-0.032156,0.031999,0.033386,0.998693,-0.038691,-0.030713,0.039720,0.998739,0,0.35209,-0.72341,12.777,-0.586,17.163,935.619,-1,611.827,16.236,491.586,505.254,513.918,505.122,-1,-1,-1,-1,-1,-1,22.184,25.244,1,0,2,0,1,0,0,0,0,2,2,2,2,2,2,1,1
233,-6532.804,7593.476,225.485,1.347,0.999253,-0.022260,0.031603,0.023493,0.998955,-0.039191,-0.030698,0.039905,0.998732,0,0.35209,-0.72341,12.890,-0.567,17.166,932.444,-1,611.560,16.248,494.775,505.752,514.648,504.129,-1,-1,-1,-1,-1,-1,22.184,25.509,1,0,2,0,1,0,0,0,0,2,2,2,2,2,2,1,1
234,-6520.084,7590.926,224.988,0.767,0.999439,-0.012145,0.031211,0.013377,0.999127,-0.039587,-0.030703,0.039982,0.998729,0,0.35209,-0.72341,12.973,-0.580,16.999,927.532,-1,611.174,15.394,498.949,505.882,514.720,503.192,-1,-1,-1,-1,-1,-1,22.179,24.599,1,0,2,0,1,0,0,0,0,2,2,2,2,2,2,1,1
235,-6507.170,7588.394,224.439,0.216,0.999532,-0.002547,0.030485,0.003773,0.999184,-0.040202,-0.030357,0.040298,0.998726,0,0.35209,-0.72341,13.160,-0.551,16.709,923.865,-1,611.306,14.440,503.536,506.478,515.118,501.771,-1,-1,-1,-1,-1,-1,22.190,27.197,1,0,2,0,1,0,0,0,0,2,2,2,2,2,2,1,1
236,-6494.061,7585.857,223.871,-0.297,0.999548,0.006372,0.029377,-0.005181,0.999169,-0.040416,-0.029610,0.040246,0.998751,0,0.35209,-0.72341,13.353,-0.513,16.772,921.069,-1,612.625,14.604,508.590,507.735,514.708,501.094,-1,-1,-1,-1,-1,-1,22.186,26.325,1,0,2,0,1,0,0,0,0,2,2,2,2,2,2,1,1
237,-6480.900,7583.183,223.294,-0.829,0.999465,0.015617,0.028729,-0.014457,0.999090,-0.040135,-0.029330,0.039698,0.998781,0,0.35209,-0.72341,13.430,-0.532,16.710,914.573,-1,613.160,14.443,509.118,508.215,513.380,501.256,-1,-1,-1,-1,-1,-1,22.191,25.225,1,0,2,0,1,0,0,0,0,2,2,2,2,2,2,1,1
238,-6467.690,7580.506,222.764,-1.357,0.999265,0.024838,0.029189,-0.023664,0.998923,-0.039902,-0.030148,0.039182,0.998777,0,0.35209,-0.72341,13.478,-0.528,16.645,904.620,-1,611.134,14.289,506.903,506.744,512.422,501.371,-1,-1,-1,-1,-1,-1,22.198,25.464,1,0,2,0,1,0,0,0,0,2,2,2,2,2,2,1,1
239,-6454.330,7577.742,222.230,-1.879,0.998973,0.033954,0.029988,-0.032774,0.998702,-0.039002,-0.031273,0.037979,0.998789,0,0.35209,-0.72341,13.643,-0.523,16.777,893.165,-1,608.878,14.616,504.059,504.833,510.011,502.753,-1,-1,-1,-1,-1,-1,22.186,25.551,1,0,2,0,1,0,0,0,0,2,2,2,2,2,2,1,1
240,-6438.237,7574.130,221.644,-2.540,0.998488,0.045466,0.030903,-0.044297,0.998313,-0.037523,-0.032557,0.036097,0.998818,0,0.35209,-0.72341,16.493,-0.661,16.785,878.316,-1,606.834,14.651,500.884,502.907,506.182,505.371,-1,-1,-1,-1,-1,-1,22.184,27.103,1,0,2,0,1,0,0,0,0,2,2,2,2,2,2,1,1
241,-6427.411,7571.661,221.316,-2.966,0.998115,0.052878,0.031146,-0.051719,0.997979,-0.036930,-0.033036,0.035250,0.998832,0,0.35209,-0.72341,11.105,-0.426,16.439,867.228,-1,606.236,13.898,499.583,502.356,504.706,506.586,-1,-1,-1,-1,-1,-1,22.231,27.650,1,0,2,0,1,0,0,0,0,2,2,2,2,2,2,1,1
242,-6413.702,7568.572,220.926,-3.454,0.997638,0.061363,0.030861,-0.060209,0.997499,-0.037027,-0.033056,0.035082,0.998838,0,0.35209,-0.72341,14.052,-0.487,16.341,856.578,-1,606.162,13.757,500.005,502.585,505.081,506.600,-1,-1,-1,-1,-1,989.355,22.256,28.319,1,0,2,0,1,0,0,0,0,2,2,2,2,2,1,1,1
243,-6399.823,7565.448,220.509,-3.906,0.997154,0.069206,0.029919,-0.068076,0.996983,-0.037278,-0.032408,0.035135,0.998857,0,0.35209,-0.72341,14.226,-0.452,16.181,848.364,-1,607.435,13.580,502.736,503.911,505.951,506.253,-1,-1,-1,-1,-1,966.816,22.304,28.510,1,0,2,0,1,0,0,0,0,2,2,2,2,2,1,1,1
244,-6385.814,7562.259,219.996,-4.357,0.996606,0.077041,0.029007,-0.075937,0.996410,-0.037418,-0.031785,0.035088,0.998879,0,0.35209,-0.72341,14.367,-0.452,16.136,839.713,-1,608.538,13.536,505.210,504.998,506.367,505.846,-1,-1,-1,-1,-1,944.476,22.321,27.065,1,0,2,0,1,0,0,0,0,2,2,2,2,2,1,1,1
245,-6371.742,7558.968,219.434,-4.811,0.995972,0.084938,0.028730,-0.083832,0.995766,-0.037718,-0.031812,0.035158,0.998875,0,0.35209,-0.72341,14.452,-0.454,16.090,823.282,-1,608.062,13.496,506.431,504.651,506.865,504.934,-1,-1,-1,-1,-1,-1,22.340,27.231,1,0,2,0,1,0,0,0,0,2,2,2,2,2,2,1,1
246,-6357.532,7555.570,218.803,-5.260,0.995279,0.092737,0.028625,-0.091633,0.995079,-0.037704,-0.031980,0.034903,0.998879,0,0.35209,-0.72341,14.611,-0.449,16.064,806.042,-1,607.302,13.476,505.523,503.906,506.639,504.378,-1,-1,-1,-1,-1,-1,22.352,27.780,1,0,2,0,1,0,0,0,0,2,2,2,2,2,2,1,1
247,-6343.215,7552.058,218.154,-5.715,0.994508,0.100626,0.028793,-0.099525,0.994331,-0.037431,-0.032396,0.034360,0.998884,0,0.35209,-0.72341,14.742,-0.455,16.064,788.053,-1,606.120,13.480,505.927,502.544,505.862,504.260,-1,-1,-1,-1,-1,-1,22.350,28.176,1,0,2,0,1,0,0,0,0,2,2,2,2,2,2,1,1
248,-6328.892,7548.301,217.577,-6.212,0.993578,0.109255,0.029429,-0.108155,0.993458,-0.036660,-0.033242,0.033241,0.998894,0,0.35209,-0.72341,14.808,-0.498,16.015,759.258,-1,604.448,13.442,505.497,500.655,504.190,505.262,-1,-1,-1,-1,-1,-1,22.372,28.451,1,0,2,0,1,0,0,0,0,2,2,2,2,2,2,1,1
249,-6314.354,7544.621,217.024,-6.654,0.992695,0.116902,0.029830,-0.115806,0.992614,-0.036155,-0.033836,0.032436,0.998901,0,0.35209,-0.72341,14.997,-0.441,16.051,727.898,-1,603.185,13.469,503.885,499.199,503.188,505.870,-1,-1,-1,-1,-1,-1,22.355,30.083,1,0,2,0,1,0,0,0,0,2,2,2,2,2,2,1,1
250,-6299.673,7540.797,216.420,-7.108,0.991732,0.124738,0.030131,-0.123670,0.991705,-0.035037,-0.034252,0.031021,0.998932,0,0.35209,-0.72341,15.170,-0.454,16.190,696.512,-1,602.857,13.589,502.393,498.063,500.907,507.473,-1,-1,-1,-1,-1,-1,22.301,28.832,1,0,2,0,1,0,0,0,0,2,2,2,2,2,2,1,1
251,-6284.897,7536.757,215.753,-7.587,0.990654,0.132990,0.030299,-0.131960,0.990679,-0.033787,-0.034510,0.029473,0.998970,0,0.35209,-0.72341,15.319,-0.479,16.175,665.055,-1,602.948,13.575,501.039,497.185,498.534,509.153,-1,-1,-1,-1,-1,-1,22.307,29.010,1,0,2,0,1,0,0,0,0,2,2,2,2,2,2,1,1
252,-6270.079,7532.507,215.132,-8.071,0.989498,0.141325,0.030358,-0.140316,0.989553,-0.033114,-0.034721,0.028507,0.998990,0,0.35209,-0.72341,15.416,-0.484,16.161,633.804,-1,602.772,13.559,500.137,496.554,497.723,509.899,-1,-1,-1,-1,-1,-1,22.312,29.623,1,0,2,0,1,0,0,0,0,2,2,2,2,2,2,1,1
253,-6255.214,7527.989,214.542,-8.573,0.988233,0.149964,0.030101,-0.148981,0.988302,-0.032624,-0.034642,0.027756,0.999014,0,0.35209,-0.72341,15.536,-0.502,16.255,594.526,1002.189,603.211,13.656,499.887,496.488,497.526,510.335,-1,-1,-1,-1,-1,-1,22.280,28.719,1,0,1,0,1,0,0,0,0,2,2,2,2,2,2,1,1
254,-6240.325,7523.252,213.923,-9.090,0.986839,0.158870,0.030153,-0.157886,0.986918,-0.032640,-0.034944,0.027450,0.999012,0,0.35209,-0.72341,15.624,-0.517,16.454,581.849,980.441,602.322,13.925,498.659,495.617,498.134,509.825,-1,-1,-1,-1,-1,-1,22.229,27.872,1,0,1,0,1,0,0,0,0,2,2,2,2,2,2,1,1
255,-6225.439,7518.199,213.335,-9.631,0.985301,0.168175,0.029975,-0.167207,0.985392,-0.032311,-0.034971,0.026824,0.999028,0,0.35209,-0.72341,15.720,-0.542,16.204,583.799,947.097,602.911,13.597,497.659,495.380,498.296,510.006,-1,-1,-1,-1,-1,-1,22.297,30.497,1,0,1,0,1,0,0,0,0,2,2,2,2,2,2,1,1
256,-6210.364,7513.113,212.728,-10.138,0.983799,0.176862,0.029302,-0.175912,0.983874,-0.032349,-0.034551,0.026670,0.999047,0,0.39247,-0.75294,15.911,-0.506,16.140,589.285,856.244,604.545,13.539,497.627,495.698,499.209,509.372,-1,-1,-1,-1,-1,-1,22.320,29.885,1,0,1,0,1,0,0,0,0,2,2,2,2,2,2,1,1
257,-6195.194,7507.892,212.189,-10.653,0.982179,0.185697,0.029007,-0.184758,0.982254,-0.032257,-0.034482,0.026322,0.999059,0,0.39247,-0.75294,16.043,-0.516,16.489,594.090,769.266,605.663,13.984,497.396,495.502,492.918,509.231,-1,-1,-1,-1,-1,-1,22.222,28.429,1,0,1,0,1,0,0,0,0,2,2,2,2,2,2,1,1
258,-6180.070,7502.305,211.690,-11.229,0.980261,0.195528,0.029274,-0.194604,0.980370,-0.031684,-0.034895,0.025362,0.999069,0,0.39247,-0.75294,16.123,-0.575,16.308,596.897,731.496,605.745,13.717,496.350,494.693,485.049,510.193,-1,-1,-1,-1,-1,-1,22.264,28.209,1,0,1,0,1,0,0,0,0,2,2,2,2,2,2,1,1
259,-6164.806,7496.597,211.154,-11.783,0.978315,0.205004,0.029560,-0.204080,0.978447,-0.031499,-0.035380,0.024783,0.999067,0,0.39247,-0.75294,16.297,-0.555,16.295,595.547,711.987,605.135,13.704,494.799,493.605,477.184,510.336,-1,-1,-1,-1,-1,-1,22.268,30.435,1,0,1,0,1,0,0,0,0,2,2,2,2,2,2,1,1
260,-6149.380,7490.754,210.586,-12.324,0.976340,0.214207,0.029581,-0.213298,0.976492,-0.031090,-0.035545,0.024045,0.999079,0,0.39247,-0.75294,16.495,-0.540,16.176,594.696,692.628,606.104,13.572,493.755,493.053,468.600,510.664,-1,-1,-1,-1,-1,-1,22.306,31.189,1,0,1,0,1,0,0,0,0,2,2,2,2,2,2,1,1
261,-6133.767,7484.841,209.985,-12.833,0.974421,0.222847,0.029030,-0.221971,0.974574,-0.030558,-0.035101,0.023332,0.999111,0,0.39247,-0.75294,16.695,-0.509,16.092,595.052,673.561,608.618,13.502,494.319,494.182,460.157,510.962,-1,-1,-1,-1,-1,-1,22.338,32.425,1,0,1,0,1,0,0,0,0,2,2,2,2,2,2,1,1
262,-6118.076,7478.739,209.411,-13.348,0.972419,0.231552,0.028020,-0.230722,0.972558,-0.029972,-0.034191,0.022680,0.999158,0,0.39247,-0.75294,16.836,-0.515,16.169,596.547,654.626,612.091,13.569,495.583,496.232,476.193,511.265,-1,-1,-1,-1,-1,-1,22.308,30.828,1,0,1,0,1,0,0,0,0,2,2,2,2,2,2,1,1
263,-6102.332,7472.456,208.716,-13.875,0.970260,0.240457,0.027857,-0.239660,0.970419,-0.029150,-0.034042,0.021607,0.999187,0,0.39247,-0.75294,16.951,-0.527,11.735,595.289,635.406,613.604,13.459,494.865,496.712,591.410,511.958,-1,-1,-1,-1,-1,-1,9.501,29.999,1,0,1,0,1,0,0,0,0,2,2,2,2,2,2,1,1
264,-6086.506,7466.060,207.933,-14.395,0.968022,0.249241,0.028496,-0.248450,0.968222,-0.028617,-0.034723,0.020622,0.999184,0,0.39247,-0.75294,17.070,-0.520,10.814,592.032,615.955,613.319,13.647,492.548,495.464,688.906,512.193,-1,-1,-1,-1,-1,-1,8.659,29.221,1,0,1,0,1,0,0,0,0,2,2,2,2,2,2,1,1
265,-6070.749,7459.335,207.130,-14.957,0.965484,0.258724,0.030048,-0.257923,0.965757,-0.028093,-0.036287,0.019374,0.999154,0,0.39247,-0.75294,17.132,-0.562,16.574,586.735,596.170,611.117,14.137,489.415,492.666,730.511,512.728,-1,-1,-1,-1,-1,-1,22.207,29.507,1,0,1,0,1,0,0,0,0,2,2,2,2,2,2,1,1
266,-6055.066,7452.166,206.311,-15.580,0.962594,0.269157,0.031093,-0.268403,0.962945,-0.026404,-0.037048,0.017071,0.999168,0,0.39247,-0.75294,17.244,-0.623,16.468,582.902,576.518,611.257,13.940,487.687,491.535,742.083,515.231,-1,-1,-1,-1,-1,-1,22.227,32.006,1,0,1,0,1,0,0,0,0,2,2,2,2,2,2,1,1
267,-6039.192,7444.875,205.454,-16.175,0.959778,0.279086,0.030627,-0.278383,0.960137,-0.025284,-0.036462,0.015741,0.999211,0,0.39247,-0.75294,17.468,-0.595,16.234,583.096,557.272,613.323,13.635,488.080,492.564,756.294,515.983,-1,-1,-1,-1,-1,-1,22.285,31.734,1,0,1,0,1,0,0,0,0,2,2,2,2,2,2,1,1
268,-6023.259,7437.321,204.581,-16.769,0.956876,0.288986,0.029593,-0.288329,0.957216,-0.024557,-0.035424,0.014965,0.999260,0,0.39247,-0.75294,17.633,-0.594,16.588,584.676,538.131,616.294,14.160,489.129,494.295,772.296,515.689,-1,-1,-1,-1,-1,-1,22.206,29.959,1,0,1,0,1,0,0,0,0,2,2,2,2,2,2,1,1
269,-6007.493,7429.375,203.841,-17.413,0.953601,0.299693,0.028794,-0.299072,0.953929,-0.023977,-0.034653,0.014253,0.999298,0,0.39247,-0.75294,17.655,-0.644,16.458,586.234,518.957,619.333,13.929,491.069,496.516,784.670,515.416,-1,-1,-1,-1,-1,-1,22.227,31.904,1,0,1,0,1,0,0,0,0,2,2,2,2,2,2,1,1
270,-5991.740,7421.211,203.315,-18.039,0.950310,0.310099,0.027386,-0.309493,0.950593,-0.024237,-0.033549,0.014556,0.999331,0,0.39247,-0.75294,17.743,-0.627,16.486,590.117,500.022,623.095,13.978,494.254,500.151,797.967,513.834,-1,-1,-1,-1,-1,-1,22.222,31.591,1,0,1,0,1,0,0,0,0,2,2,2,2,2,2,1,1
271,-5975.952,7412.916,202.883,-18.647,0.946997,0.320164,0.026321,-0.319557,0.947242,-0.024806,-0.032874,0.015081,0.999346,0,0.39247,-0.75294,17.835,-0.607,16.254,593.456,481.079,625.702,13.653,496.519,503.162,812.148,512.081,-1,-1,-1,-1,749.790,-1,22.281,32.443,1,0,1,0,1,0,0,0,0,2,2,2,2,1,2,1,1
272,-5960.012,7404.546,202.379,-19.221,0.943761,0.329638,0.025592,-0.329047,0.943990,-0.024736,-0.032312,0.014924,0.999366,0,0.39247,-0.75294,18.003,-0.575,13.846,595.809,462.122,628.632,13.697,498.753,505.646,824.059,511.382,-1,-1,-1,-1,633.020,-1,11.063,32.152,1,0,1,0,1,0,0,0,0,2,2,2,2,1,2,1,1
273,-5944.073,7396.007,201.791,-19.815,0.940297,0.339370,0.025865,-0.338808,0.940554,-0.023808,-0.032407,0.013623,0.999382,0,0.39247,-0.75294,18.082,-0.594,14.608,596.654,442.999,628.799,13.612,500.072,507.140,828.976,512.354,-1,-1,-1,-1,564.891,-1,11.717,31.476,1,0,1,0,1,0,0,0,0,2,2,2,2,1,2,1,1
274,-5928.185,7387.380,201.159,-20.399,0.936769,0.348917,0.026864,-0.348367,0.937073,-0.023113,-0.033238,0.012293,0.999372,0,0.25864,-0.86326,18.079,-0.584,8.406,595.925,423.805,626.696,13.564,499.498,506.915,832.211,513.196,-1,-1,-1,-1,535.123,-1,22.310,31.668,1,0,1,0,1,0,0,0,0,2,2,2,2,1,2,1,1
275,-5912.392,7378.658,200.445,-20.966,0.933259,0.358142,0.027613,-0.357606,0.933600,-0.022558,-0.033859,0.011178,0.999364,0,0.25864,-0.86326,18.041,-0.567,16.114,595.588,404.831,624.746,13.520,498.923,506.837,835.756,513.445,-1,-1,-1,-1,505.883,-1,22.329,32.096,1,0,1,0,1,0,0,0,0,2,2,2,2,1,2,1,1
276,-5896.714,7369.843,199.679,-21.532,0.929666,0.367325,0.028155,-0.366802,0.930036,-0.022099,-0.034302,0.010217,0.999359,0,0.25864,-0.86326,17.986,-0.566,16.096,595.685,386.060,622.949,13.506,499.270,506.932,840.800,513.279,-1,-1,-1,-1,472.223,-1,22.337,32.806,1,0,1,0,1,0,0,0,0,2,2,2,2,1,2,1,1
277,-5881.166,7360.945,198.976,-22.083,0.926085,0.376240,0.028467,-0.375729,0.926474,-0.021780,-0.034568,0.009475,0.999357,0,0.25864,-0.86326,17.915,-0.551,16.389,575.662,367.537,621.534,13.825,500.503,508.350,844.940,512.884,-1,-1,-1,-1,436.338,-1,22.243,32.930,1,1,1,0,1,0,0,0,0,2,2,2,2,1,2,1,1
278,-5865.923,7351.717,198.330,-22.690,0.922067,0.385989,0.028392,-0.385514,0.922466,-0.020848,-0.034238,0.008278,0.999379,0,0.25864,-0.86326,17.818,-0.606,16.391,527.897,349.366,621.910,13.829,480.888,511.312,844.165,513.508,-1,-1,-1,-1,400.187,-1,22.242,33.280,1,1,1,0,1,1,0,0,0,2,2,2,2,1,2,1,1
279,-5850.795,7342.348,197.728,-23.285,0.918042,0.395530,0.027497,-0.395089,0.918421,-0.020168,-0.033231,0.007651,0.999418,0,0.25864,-0.86326,17.794,-0.595,16.312,479.069,-1,623.659,13.724,426.786,515.069,844.297,513.232,-1,-1,-1,-1,364.448,-1,22.261,33.007,1,1,2,0,1,1,0,0,0,2,2,2,2,1,2,1,1
280,-5835.751,7332.867,197.143,-23.867,0.914018,0.404825,0.026211,-0.404416,0.914365,-0.019609,-0.031904,0.007323,0.999464,0,0.25864,-0.86326,17.783,-0.582,16.355,431.598,-1,625.614,13.781,373.375,518.561,844.554,512.464,-1,-1,-1,-1,335.321,-1,22.252,32.386,1,1,2,0,1,1,0,0,0,2,2,2,2,1,2,1,1
281,-5820.943,7323.208,196.630,-24.466,0.909771,0.414339,0.025285,-0.413959,0.910097,-0.019034,-0.030899,0.006850,0.999499,0,0.25864,-0.86326,17.680,-0.599,16.365,385.784,-1,626.504,13.799,335.480,522.069,844.665,512.110,-1,-1,-1,-1,314.715,-1,22.248,31.123,1,1,2,0,1,1,0,0,0,2,2,2,2,1,2,1,1
282,-5806.484,7313.334,196.240,-25.095,0.905195,0.424274,0.024792,-0.423918,0.905513,-0.018415,-0.030263,0.006160,0.999523,0,0.25864,-0.86326,17.509,-0.628,16.691,341.444,-1,626.672,14.399,299.091,524.913,840.497,512.415,-1,-1,-1,-1,294.419,-1,22.191,30.054,1,1,2,0,1,1,0,0,0,2,2,2,2,1,2,1,1
283,-5792.370,7303.281,195.885,-25.747,0.900309,0.434538,0.024905,-0.434199,0.900637,-0.018002,-0.030253,0.005393,0.999528,0,0.25864,-0.86326,17.329,-0.652,16.609,298.867,-1,625.345,14.209,265.511,526.497,833.194,512.868,-1,-1,-1,-1,274.403,-1,22.203,30.225,1,1,2,0,1,1,0,0,0,2,2,2,2,1,2,1,1
284,-5778.336,7293.158,195.456,-26.382,0.895455,0.444478,0.024480,-0.444150,0.895776,-0.017788,-0.029834,0.005055,0.999542,0,0.25864,-0.86326,17.304,-0.635,16.805,257.467,-1,624.587,14.703,247.478,528.917,826.990,512.353,-1,-1,-1,-1,254.803,-1,22.184,29.642,1,1,2,0,1,1,0,0,0,2,2,2,2,1,2,1,1
285,-5764.469,7282.867,194.942,-27.027,0.890415,0.454526,0.023798,-0.454222,0.890722,-0.017244,-0.029035,0.004544,0.999568,0,0.25864,-0.86326,17.268,-0.646,16.775,237.893,-1,624.568,14.617,229.608,531.903,820.213,511.964,-1,-1,-1,-1,235.525,-1,22.184,29.240,1,1,2,0,1,1,0,0,0,2,2,2,2,1,2,1,1
286,-5750.896,7272.364,194.405,-27.700,0.885047,0.464929,0.023079,-0.464651,0.885339,-0.016549,-0.028127,0.003923,0.999597,0,0.25864,-0.86326,17.163,-0.672,16.602,218.757,-1,624.391,14.198,211.961,532.726,813.154,511.699,-1,-1,-1,-1,216.586,-1,22.202,28.193,1,1,2,0,1,1,0,0,0,2,2,2,2,1,2,1,1
287,-5737.368,7261.884,193.869,-28.326,0.879932,0.474582,0.022171,-0.474312,0.880202,-0.016499,-0.027345,0.004002,0.999618,0,0.25864,-0.86326,17.113,-0.627,16.651,199.991,-1,623.611,14.302,194.471,533.246,807.367,510.055,-1,-1,-1,-1,198.012,-1,22.196,30.206,1,1,2,0,1,1,0,0,0,2,2,2,2,1,2,1,1
288,-5724.001,7251.273,193.285,-28.954,0.874695,0.484184,0.021798,-0.483933,0.874960,-0.015954,-0.026797,0.003406,0.999635,0,0.25864,-0.86326,17.066,-0.628,16.936,181.432,-1,622.594,15.149,177.065,533.220,795.214,509.508,-1,-1,-1,-1,179.634,-1,22.178,28.590,1,1,2,0,1,1,0,0,0,2,2,2,2,1,2,1,1
289,-5711.029,7240.439,192.736,-29.637,0.868871,0.494544,0.022136,-0.494328,0.869151,-0.014714,-0.026516,0.001842,0.999647,0,0.25864,-0.86326,16.901,-0.683,16.862,163.152,-1,621.497,14.873,543.603,532.695,780.528,510.849,-1,-1,-1,-1,161.521,-1,22.180,29.619,1,1,2,0,1,0,0,0,0,2,2,2,2,1,2,1,1
290,-5698.434,7229.459,192.312,-30.336,0.862781,0.505083,0.022366,-0.504893,0.863071,-0.013834,-0.026291,0.000643,0.999654,0,0.25864,-0.86326,16.710,-0.699,16.754,145.346,-1,620.218,14.554,545.837,532.203,766.760,511.806,-1,-1,-1,-1,143.880,-1,22.186,29.503,1,1,2,0,1,0,0,0,0,2,2,2,2,1,2,1,1
291,-5685.868,7218.487,191.875,-30.988,0.856985,0.514873,0.021962,-0.514694,0.857266,-0.013568,-0.025813,0.000324,0.999667,0,0.25864,-0.86326,16.682,-0.653,16.616,127.890,-1,618.770,14.234,548.784,532.097,755.209,511.073,-1,-1,-1,-1,126.597,-1,22.200,29.882,1,1,2,0,1,0,0,0,0,2,2,2,2,1,2,1,1
292,-5673.299,7207.517,191.406,-31.595,0.851502,0.523922,0.021202,-0.523749,0.851766,-0.013482,-0.025122,0.000376,0.999684,0,0.25864,-0.86326,16.684,-0.607,16.636,110.692,-1,617.521,14.271,550.236,531.679,741.750,509.573,-1,-1,-1,-1,-1,-1,22.197,31.004,1,1,2,0,1,0,0,0,0,2,2,2,2,2,2,1,1
293,-5660.796,7196.495,190.913,-32.189,0.846046,0.532714,0.020544,-0.532559,0.846296,-0.012843,-0.024228,-0.000075,0.999706,0,0.25864,-0.86326,16.668,-0.594,16.908,683.676,-1,617.141,15.037,550.822,531.332,720.769,508.995,-1,-1,-1,-1,-1,-1,22.179,30.341,1,0,2,0,1,0,0,0,0,2,2,2,2,2,2,1,1
294,-5648.705,7185.262,190.441,-32.846,0.839889,0.542351,0.021017,-0.542230,0.840151,-0.011569,-0.023932,-0.001680,0.999712,0,0.25929,-0.86326,16.504,-0.657,16.945,684.613,-1,616.178,15.203,549.811,529.855,695.520,510.613,-1,-1,-1,-1,-1,-1,22.178,28.569,1,0,2,0,1,0,0,0,0,2,2,2,2,2,2,1,1
295,-5636.790,7173.970,189.906,-33.498,0.833661,0.551835,0.022094,-0.551745,0.833946,-0.010536,-0.024240,-0.003407,0.999700,0,0.26040,-0.86326,16.415,-0.652,16.893,683.030,-1,613.691,14.995,547.404,527.097,576.447,512.239,-1,-1,-1,-1,-1,-1,22.179,28.125,1,0,2,0,1,0,0,0,0,2,2,2,2,2,2,1,1
296,-5625.317,7163.007,189.336,-34.057,0.828210,0.559930,0.023406,-0.559837,0.828530,-0.010970,-0.025535,-0.004018,0.999666,0,0.26150,-0.86326,15.868,-0.559,16.880,679.352,-1,608.237,14.948,543.304,522.440,497.892,511.505,-1,-1,-1,-1,-1,-1,22.180,29.549,1,0,2,0,1,0,0,0,0,2,2,2,2,2,2,1,1
297,-5619.303,7157.144,188.828,-33.810,0.830224,0.556357,0.034575,-0.555993,0.830940,-0.020274,-0.040009,-0.002391,0.999196,0,0.26239,-0.86326,8.399,0.247,83.909,642.904,-1,573.933,16.328,515.761,495.562,488.571,505.384,-1,-1,-1,-1,-1,1004.913,70.776,38.664,1,0,2,0,1,0,0,0,0,2,2,2,2,2,1,1,1
298,-5618.655,7153.512,188.816,-33.064,0.836616,0.545084,0.054391,-0.544638,0.838327,-0.024010,-0.058685,-0.009536,0.998231,0,0.26159,-0.86326,3.689,0.746,17.621,592.647,-1,540.882,20.939,482.365,466.360,488.190,517.363,-1,-1,-1,-1,-1,928.692,22.239,44.723,1,0,2,0,1,0,0,0,0,2,2,2,2,2,0,1,1
299,-5619.443,7150.351,189.554,-32.269,0.843585,0.532769,0.067246,-0.532654,0.846069,-0.021127,-0.068151,-0.017996,0.997513,0,0.25977,-0.86326,3.258,0.795,18.001,566.699,-1,530.605,37.627,467.477,455.223,492.005,535.654,-1,-1,-1,-1,963.773,899.724,22.321,44.758,1,0,2,0,1,0,0,0,0,2,2,2,2,0,0,1,1
300,-5620.276,7146.960,190.725,-31.576,0.850078,0.522041,0.069573,-0.522489,0.852546,-0.013049,-0.066126,-0.025259,0.997492,0,0.23596,-0.51069,3.491,0.693,18.205,568.860,-1,543.152,37.889,472.807,462.990,496.080,554.612,-1,-1,-1,-1,967.045,931.552,22.376,39.143,1,0,2,0,1,0,0,0,0,2,2,2,2,0,0,1,1
301,-5621.089,7143.733,191.842,-31.036,0.855493,0.513985,0.062857,-0.514758,0.857324,-0.004442,-0.056172,-0.028557,0.998013,0,0.23596,-0.51069,3.328,0.541,18.267,591.235,-1,569.661,27.301,492.123,482.907,503.999,565.994,-1,-1,-1,-1,-1,1007.115,22.394,28.248,1,0,2,0,1,0,0,0,0,2,2,2,2,2,0,1,1
302,-5621.778,7141.792,192.416,-30.798,0.858172,0.511019,0.048996,-0.511534,0.859260,-0.002338,-0.043295,-0.023057,0.998796,0,0.23596,-0.51069,2.060,0.238,18.244,626.352,-1,595.923,13.422,517.553,505.703,523.318,556.680,-1,-1,-1,-1,-1,-1,22.388,13.879,1,0,2,0,1,0,0,0,0,2,2,2,2,2,2,1,1
303,-5622.849,7140.691,192.240,-30.720,0.859253,0.510446,0.033591,-0.510599,0.859807,-0.004515,-0.031186,-0.013272,0.999425,0,0.23596,-0.51069,1.536,0.078,11.236,663.227,-1,615.950,-1,541.364,525.606,548.945,536.535,-1,-1,-1,-1,-1,-1,8.013,-1,1,0,2,0,2,0,0,0,0,2,2,2,2,2,2,1,2
304,-5624.163,7139.985,191.276,-30.713,0.859555,0.510700,0.018722,-0.510636,0.859756,-0.008444,-0.020409,-0.002302,0.999789,0,0.23596,-0.51069,1.491,0.007,91.486,697.557,-1,630.489,17.377,561.640,541.713,668.940,512.867,-1,-1,-1,-1,-1,-1,82.504,17.883,1,0,2,0,1,0,0,0,0,2,2,2,2,2,2,1,1
305,-5625.501,7139.482,190.101,-30.726,0.859554,0.510988,0.007644,-0.510889,0.859565,-0.011857,-0.012629,0.006286,0.999900,0,0.23596,-0.51069,1.430,-0.013,92.210,723.315,-1,639.453,24.102,575.835,552.452,707.439,494.088,-1,-1,-1,-1,-1,-1,84.642,24.730,1,0,2,0,1,0,0,0,0,2,2,2,2,2,2,1,1
306,-5626.560,7139.181,189.144,-30.745,0.859417,0.511271,0.002136,-0.511200,0.859354,-0.013599,-0.008789,0.010595,0.999905,0,0.23596,-0.51069,1.101,-0.019,93.621,735.545,-1,642.778,27.028,582.108,556.900,717.561,483.983,-1,-1,-1,-1,-1,-1,85.923,28.499,1,0,2,0,1,0,0,0,0,2,2,2,2,2,2,1,1
307,-5627.201,7139.089,188.530,-30.758,0.859299,0.511468,0.002190,-0.511397,0.859238,-0.013513,-0.008793,0.010492,0.999906,0,0.23596,-0.51069,0.648,-0.013,93.984,733.603,-1,641.005,24.166,580.511,555.303,715.379,482.512,-1,-1,-1,-1,-1,-1,86.262,30.351,1,0,2,0,1,0,0,0,0,2,2,2,2,2,2,1,1
308,-5627.380,7139.180,188.185,-30.759,0.859261,0.511492,0.006828,-0.511398,0.859262,-0.011877,-0.011942,0.006713,0.999906,0,0.23596,-0.51069,0.201,-0.001,93.402,720.019,-1,635.148,23.570,572.500,548.810,702.848,488.162,-1,-1,-1,-1,-1,-1,85.748,30.988,1,0,2,0,1,0,0,0,0,2,2,2,2,2,2,1,1
309,-5627.165,7139.398,188.021,-30.746,0.859318,0.511255,0.013781,-0.511166,0.859428,-0.009640,-0.016772,0.001239,0.999859,0,0.23596,-0.51069,0.307,0.013,94.680,701.135,-1,627.198,24.609,561.453,539.957,672.470,497.448,-1,-1,-1,-1,-1,-1,15.733,31.070,1,0,2,0,1,0,0,0,0,2,2,2,2,2,2,1,1
310,-5626.750,7139.619,188.077,-30.722,0.859464,0.510803,0.020054,-0.510758,0.859690,-0.007702,-0.021175,-0.003623,0.999769,0,0.23596,-0.51069,0.469,0.024,17.836,685.242,-1,620.594,26.869,552.138,532.557,589.868,506.478,-1,-1,-1,-1,-1,-1,22.282,30.640,1,0,2,0,1,0,0,0,0,2,2,2,2,2,2,1,1
311,-5626.308,7139.750,188.293,-30.695,0.859650,0.510303,0.024331,-0.510313,0.859966,-0.006299,-0.024138,-0.007002,0.999684,0,0.23596,-0.51069,0.462,0.027,17.901,675.234,-1,616.805,29.011,546.393,528.103,557.118,513.402,-1,-1,-1,-1,-1,-1,22.297,29.725,1,0,2,0,1,0,0,0,0,2,2,2,2,2,2,1,1
312,-5625.950,7139.767,188.584,-30.667,0.859866,0.509847,0.026210,-0.509888,0.860223,-0.005578,-0.025391,-0.008568,0.999641,0,0.23596,-0.51069,0.358,0.027,17.953,671.505,-1,615.910,27.856,544.460,526.785,554.303,517.203,-1,-1,-1,-1,-1,-1,22.309,28.582,1,0,2,0,1,0,0,0,0,2,2,2,2,2,2,1,1
313,-5625.734,7139.678,188.872,-30.642,0.860091,0.509476,0.026031,-0.509517,0.860443,-0.005534,-0.025218,-0.008504,0.999646,0,0.23596,-0.51069,0.234,0.025,17.986,672.794,-1,617.125,26.812,545.514,527.852,555.727,517.898,-1,-1,-1,-1,-1,-1,22.317,27.535,1,0,2,0,1,0,0,0,0,2,2,2,2,2,2,1,1
314,-5625.663,7139.511,189.096,-30.621,0.860303,0.509193,0.024531,-0.509210,0.860621,-0.006024,-0.024179,-0.007309,0.999681,0,0.23596,-0.51069,0.181,0.021,18.000,677.081,-1,619.342,26.159,548.263,530.192,559.940,516.246,-1,-1,-1,-1,-1,-1,22.321,26.874,1,0,2,0,1,0,0,0,0,2,2,2,2,2,2,1,1
315,-5625.703,7139.306,189.225,-30.603,0.860487,0.508974,0.022522,-0.508959,0.860764,-0.006826,-0.022860,-0.005589,0.999723,0,0.23596,-0.51069,0.209,0.018,18.000,682.309,-1,621.560,26.028,551.424,532.742,595.706,513.329,-1,-1,-1,-1,-1,-1,22.321,26.740,1,0,2,0,1,0,0,0,0,2,2,2,2,2,2,1,1
316,-5625.802,7139.095,189.254,-30.588,0.860645,0.508787,0.020661,-0.508743,0.860884,-0.007694,-0.021701,-0.003889,0.999757,0,0.23596,-0.51069,0.233,0.015,8.628,686.864,-1,623.138,26.355,554.046,534.744,632.415,510.184,-1,-1,-1,-1,-1,-1,22.319,27.070,1,0,2,0,1,0,0,0,0,2,2,2,2,2,2,1,1
317,-5625.910,7138.906,189.200,-30.574,0.860784,0.508602,0.019345,-0.508539,0.860998,-0.008418,-0.020937,-0.002592,0.999777,0,0.23596,-0.51069,0.218,0.014,12.733,689.827,-1,623.855,26.940,555.643,535.859,661.609,507.583,-1,-1,-1,-1,-1,-1,9.196,27.666,1,0,2,0,1,0,0,0,0,2,2,2,2,2,2,1,1
318,-5625.990,7138.750,189.095,-30.560,0.860916,0.508402,0.018706,-0.508328,0.861118,-0.008864,-0.020614,-0.001877,0.999786,0,0.23596,-0.51069,0.175,0.014,13.961,690.984,-1,623.822,27.558,556.160,536.117,665.478,505.936,-1,-1,-1,-1,-1,-1,10.086,28.298,1,0,2,0,1,0,0,0,0,2,2,2,2,2,2,1,1
319,-5626.025,7138.630,188.972,-30.545,0.861050,0.508177,0.018667,-0.508100,0.861251,-0.008995,-0.020648,-0.001739,0.999785,0,0.23596,-0.51069,0.125,0.015,12.534,690.648,-1,623.331,28.044,555.841,535.760,665.717,505.326,-1,-1,-1,-1,-1,-1,9.054,28.799,1,0,2,0,1,0,0,0,0,2,2,2,2,2,2,1,1
320,-5626.012,7138.541,188.861,-30.528,0.861190,0.507926,0.019036,-0.507853,0.861398,-0.008855,-0.020895,-0.002041,0.999780,0,0.23596,-0.51069,0.091,0.016,9.882,689.403,-1,622.702,28.310,555.060,535.106,663.766,505.577,-1,-1,-1,-1,-1,-1,22.319,29.079,1,0,2,0,1,0,0,0,0,2,2,2,2,2,2,1,1
321,-5625.963,7138.469,188.782,-30.511,0.861337,0.507657,0.019587,-0.507591,0.861556,-0.008542,-0.021212,-0.002585,0.999772,0,0.23596,-0.51069,0.087,0.017,18.007,687.860,-1,622.179,28.352,554.179,534.442,660.788,506.378,-1,-1,-1,-1,-1,-1,22.323,29.132,1,0,2,0,1,0,0,0,0,2,2,2,2,2,2,1,1
322,-5625.892,7138.404,188.743,-30.493,0.861489,0.507377,0.020129,-0.507321,0.861718,-0.008173,-0.021492,-0.003171,0.999764,0,0.23596,-0.51069,0.096,0.018,18.023,686.494,-1,621.886,28.215,553.458,533.953,654.597,507.378,-1,-1,-1,-1,-1,-1,22.327,29.004,1,0,2,0,1,0,0,0,0,2,2,2,2,2,2,1,1
323,-5625.816,7138.334,188.741,-30.475,0.861645,0.507097,0.020536,-0.507049,0.861881,-0.007850,-0.021680,-0.003649,0.999758,0,0.23596,-0.51069,0.103,0.018,18.040,685.574,-1,621.836,27.973,553.026,533.712,647.352,508.284,-1,-1,-1,-1,-1,-1,22.332,28.768,1,0,2,0,1,0,0,0,0,2,2,2,2,2,2,1,1
324,-5625.745,7138.253,188.769,-30.457,0.861801,0.506821,0.020758,-0.506779,0.862042,-0.007639,-0.021766,-0.003937,0.999755,0,0.23596,-0.51069,0.108,0.018,18.054,685.169,-1,621.965,27.708,552.895,533.700,645.010,508.910,-1,-1,-1,-1,-1,-1,22.334,28.508,1,0,2,0,1,0,0,0,0,2,2,2,2,2,2,1,1
325,-5625.686,7138.160,188.812,-30.440,0.861958,0.506553,0.020805,-0.506512,0.862200,-0.007563,-0.021769,-0.004019,0.999755,0,0.23596,-0.51069,0.111,0.018,18.067,685.202,-1,622.180,27.486,552.997,533.846,647.572,509.188,-1,-1,-1,-1,-1,-1,22.337,28.288,1,0,2,0,1,0,0,0,0,2,2,2,2,2,2,1,1
326,-5625.641,7138.053,188.858,-30.422,0.862114,0.506291,0.020724,-0.506249,0.862354,-0.007606,-0.021722,-0.003934,0.999756,0,0.23596,-0.51069,0.116,0.017,18.080,685.515,-1,622.392,27.343,553.231,534.063,653.953,509.151,-1,-1,-1,-1,-1,-1,22.342,28.150,1,0,2,0,1,0,0,0,0,2,2,2,2,2,2,1,1
327,-5625.606,7137.939,188.897,-30.405,0.862268,0.506034,0.020576,-0.505989,0.862505,-0.007729,-0.021658,-0.003747,0.999758,0,0.23596,-0.51069,0.119,0.017,18.089,685.940,-1,622.549,27.289,553.499,534.276,657.119,508.895,-1,-1,-1,-1,-1,-1,22.344,28.102,1,0,2,0,1,0,0,0,0,2,2,2,2,2,2,1,1
328,-5625.583,7137.824,188.922,-30.388,0.862422,0.505778,0.020429,-0.505729,0.862656,-0.007900,-0.021618,-0.003518,0.999760,0,0.22157,-0.20000,0.118,0.017,18.097,686.293,-1,622.578,27.329,553.694,534.402,658.687,508.519,-1,-1,-1,-1,-1,-1,22.345,28.148,1,0,2,0,1,0,0,0,0,2,2,2,2,2,2,1,1
329,-5625.567,7137.711,188.930,-30.371,0.862572,0.505526,0.020323,-0.505472,0.862805,-0.008074,-0.021616,-0.003308,0.999761,0,0.22157,-0.20000,0.114,0.017,18.103,686.485,-1,622.486,27.438,553.772,534.419,660.079,508.129,-1,-1,-1,-1,-1,-1,22.348,28.266,1,0,2,0,1,0,0,0,0,2,2,2,2,2,2,1,1
330,-5625.549,7137.601,188.923,-30.354,0.862720,0.505276,0.020259,-0.505220,0.862952,-0.008200,-0.021626,-0.003161,0.999761,0,0.22157,-0.20000,0.112,0.017,18.109,686.550,-1,622.372,27.554,553.781,534.390,661.049,507.821,-1,-1,-1,-1,-1,-1,22.349,28.390,1,0,2,0,1,0,0,0,0,2,2,2,2,2,2,1,1
331,-5625.527,7137.494,188.906,-30.337,0.862867,0.505025,0.020235,-0.504967,0.863099,-0.008258,-0.021635,-0.003092,0.999761,0,0.22157,-0.20000,0.109,0.017,18.115,686.521,-1,622.287,27.641,553.751,534.348,661.560,507.635,-1,-1,-1,-1,-1,-1,22.351,28.484,1,0,2,0,1,0,0,0,0,2,2,2,2,2,2,1,1
332,-5625.501,7137.392,188.883,-30.320,0.863016,0.504772,0.020242,-0.504714,0.863247,-0.008255,-0.021641,-0.003092,0.999761,0,0.22157,-0.20000,0.105,0.017,18.123,686.429,-1,622.249,27.687,553.706,534.315,661.687,507.569,-1,-1,-1,-1,-1,-1,22.353,28.537,1,0,2,0,1,0,0,0,0,2,2,2,2,2,2,1,1
333,-5625.471,7137.293,188.861,-30.303,0.863165,0.504516,0.020269,-0.504459,0.863397,-0.008208,-0.021641,-0.003140,0.999761,0,0.22157,-0.20000,0.103,0.017,18.130,686.310,-1,622.260,27.692,553.662,534.301,661.567,507.598,-1,-1,-1,-1,-1,-1,22.354,28.548,1,0,2,0,1,0,0,0,0,2,2,2,2,2,2,1,1
334,-5625.438,7137.196,188.842,-30.286,0.863315,0.504257,0.020303,-0.504202,0.863548,-0.008139,-0.021637,-0.003210,0.999761,0,0.22157,-0.20000,0.103,0.017,18.138,686.196,-1,622.308,27.665,553.631,534.307,661.361,507.680,-1,-1,-1,-1,-1,-1,22.357,28.526,1,0,2,0,1,0,0,0,0,2,2,2,2,2,2,1,1
335,-5625.404,7137.098,188.829,-30.269,0.863466,0.503996,0.020334,-0.503942,0.863700,-0.008074,-0.021632,-0.003276,0.999761,0,0.22157,-0.20000,0.104,0.017,18.147,686.105,-1,622.373,27.622,553.618,534.330,661.211,507.770,-1,-1,-1,-1,-1,-1,22.360,28.488,1,0,2,0,1,0,0,0,0,2,2,2,2,2,2,1,1
336,-5625.369,7136.998,188.822,-30.252,0.863619,0.503734,0.020355,-0.503681,0.863853,-0.008027,-0.021627,-0.003320,0.999761,0,0.22157,-0.20000,0.106,0.017,18.156,686.046,-1,622.439,27.576,553.621,534.362,661.210,507.838,-1,-1,-1,-1,-1,-1,22.362,28.447,1,0,2,0,1,0,0,0,0,2,2,2,2,2,2,1,1
337,-5625.333,7136.896,188.821,-30.234,0.863773,0.503469,0.020364,-0.503417,0.864007,-0.008006,-0.021626,-0.003336,0.999761,0,0.22157,-0.20000,0.109,0.018,18.164,686.021,-1,622.493,27.538,553.639,534.398,661.391,507.862,-1,-1,-1,-1,-1,-1,22.364,28.413,1,0,2,0,1,0,0,0,0,2,2,2,2,2,2,1,1
338,-5625.298,7136.790,188.824,-30.216,0.863929,0.503202,0.020360,-0.503150,0.864162,-0.008011,-0.021626,-0.003323,0.999761,0,0.22157,-0.20000,0.111,0.018,18.172,686.024,-1,622.531,27.510,553.665,534.434,661.740,507.840,-1,-1,-1,-1,-1,-1,22.367,28.391,1,0,2,0,1,0,0,0,0,2,2,2,2,2,2,1,1
339,-5625.265,7136.682,188.827,-30.199,0.864086,0.502933,0.020346,-0.502880,0.864319,-0.008035,-0.021626,-0.003289,0.999761,0,0.22157,-0.20000,0.114,0.018,18.181,686.047,-1,622.556,27.495,553.698,534.468,662.208,507.781,-1,-1,-1,-1,-1,-1,22.370,28.382,1,0,2,0,1,0,0,0,0,2,2,2,2,2,2,1,1
340,-5625.231,7136.571,188.830,-30.180,0.864244,0.502662,0.020325,-0.502608,0.864477,-0.008068,-0.021625,-0.003243,0.999761,0,0.22157,-0.20000,0.115,0.018,18.188,686.082,-1,622.575,27.489,553.734,534.502,662.738,507.697,-1,-1,-1,-1,-1,-1,22.372,28.381,1,0,2,0,1,0,0,0,0,2,2,2,2,2,2,1,1
341,-5625.198,7136.460,188.830,-30.162,0.864404,0.502388,0.020299,-0.502333,0.864636,-0.008101,-0.021621,-0.003195,0.999761,0,0.22157,-0.20000,0.116,0.018,18.196,686.120,-1,622.592,27.489,553.771,534.536,663.268,507.602,-1,-1,-1,-1,-1,-1,22.373,28.387,1,0,2,0,1,0,0,0,0,2,2,2,2,2,2,1,1
342,-5625.165,7136.348,188.828,-30.144,0.864565,0.502112,0.020273,-0.502056,0.864797,-0.008129,-0.021614,-0.003151,0.999761,0,0.22157,-0.20000,0.117,0.018,18.204,686.155,-1,622.613,27.491,553.806,534.570,663.759,507.506,-1,-1,-1,-1,-1,-1,22.376,28.396,1,0,2,0,1,0,0,0,0,2,2,2,2,2,2,1,1
343,-5625.131,7136.236,188.821,-30.125,0.864727,0.501833,0.020247,-0.501777,0.864959,-0.008148,-0.021602,-0.003114,0.999762,0,0.22157,-0.20000,0.117,0.018,18.212,686.184,-1,622.640,27.495,553.841,534.605,664.196,507.417,-1,-1,-1,-1,-1,-1,22.378,28.405,1,0,2,0,1,0,0,0,0,2,2,2,2,2,2,1,1
344,-5625.097,7136.124,188.812,-30.107,0.864891,0.501553,0.020223,-0.501496,0.865121,-0.008158,-0.021587,-0.003086,0.999762,0,0.22157,-0.20000,0.117,0.019,18.221,686.208,-1,622.674,27.497,553.874,534.642,664.577,507.336,-1,-1,-1,-1,-1,-1,22.381,28.414,1,0,2,0,1,0,0,0,0,2,2,2,2,2,2,1,1
345,-5625.063,7136.012,188.801,-30.088,0.865055,0.501271,0.020199,-0.501213,0.865285,-0.008162,-0.021569,-0.003063,0.999763,0,0.22157,-0.20000,0.117,0.019,18.229,686.227,-1,622.713,27.498,553.906,534.679,664.916,507.260,-1,-1,-1,-1,-1,-1,22.383,28.422,1,0,2,0,1,0,0,0,0,2,2,2,2,2,2,1,1
346,-5625.028,7135.899,188.789,-30.069,0.865220,0.500987,0.020175,-0.500930,0.865450,-0.008164,-0.021550,-0.003043,0.999763,0,0.22157,-0.20000,0.118,0.019,18.237,686.245,-1,622.754,27.500,553.938,534.718,665.240,507.186,-1,-1,-1,-1,-1,-1,22.385,28.430,1,0,2,0,1,0,0,0,0,2,2,2,2,2,2,1,1
347,-5624.994,7135.787,188.776,-30.050,0.865385,0.500702,0.020150,-0.500644,0.865615,-0.008166,-0.021530,-0.003022,0.999764,0,0.22157,-0.20000,0.118,0.019,18.246,686.264,-1,622.795,27.501,553.971,534.757,665.570,507.109,-1,-1,-1,-1,-1,-1,22.388,28.438,1,0,2,0,1,0,0,0,0,2,2,2,2,2,2,1,1
348,-5624.958,7135.674,188.764,-30.031,0.865551,0.500416,0.020123,-0.500358,0.865780,-0.008171,-0.021511,-0.002997,0.999764,0,0.22157,-0.20000,0.118,0.019,18.255,686.287,-1,622.835,27.503,554.005,534.797,665.922,507.026,-1,-1,-1,-1,-1,-1,22.390,28.446,1,0,2,0,1,0,0,0,0,2,2,2,2,2,2,1,1
349,-5624.923,7135.561,188.753,-30.012,0.865717,0.500130,0.020094,-0.500071,0.865946,-0.008180,-0.021491,-0.002967,0.999765,0,0.22157,-0.20000,0.119,0.019,18.263,686.317,-1,622.874,27.507,554.042,534.837,666.307,506.936,-1,-1,-1,-1,-1,-1,22.393,28.456,1,0,2,0,1,0,0,0,0,2,2,2,2,2,2,1,1
350,-5624.889,7135.447,188.742,-29.993,0.865884,0.499843,0.020061,-0.499784,0.866111,-0.008194,-0.021471,-0.002931,0.999765,0,0.22157,-0.20000,0.119,0.019,18.272,686.356,-1,622.912,27.509,554.084,534.880,666.726,506.839,-1,-1,-1,-1,-1,-1,22.395,28.465,1,0,2,0,1,0,0,0,0,2,2,2,2,2,2,1,1
351,-5624.853,7135.337,188.732,-29.975,0.866047,0.499562,0.020027,-0.499503,0.866273,-0.008215,-0.021453,-0.002889,0.999766,0,0.21811,-0.73041,0.116,0.019,18.284,686.396,-1,622.941,27.511,554.124,534.919,667.180,506.730,-1,-1,-1,-1,-1,-1,22.399,28.476,1,0,2,0,1,0,0,0,0,2,2,2,2,2,2,1,1
352,-5624.815,7135.230,188.724,-29.956,0.866206,0.499287,0.020001,-0.499228,0.866432,-0.008227,-0.021437,-0.002859,0.999766,0,0.21811,-0.73041,0.113,0.018,18.297,686.424,-1,622.977,27.502,554.160,534.958,667.569,506.647,-1,-1,-1,-1,-1,-1,22.403,28.477,1,0,2,0,1,0,0,0,0,2,2,2,2,2,2,1,1
353,-5624.775,7135.125,188.715,-29.938,0.866363,0.499014,0.019977,-0.498955,0.866589,-0.008227,-0.021417,-0.002840,0.999767,0,0.21811,-0.73041,0.113,0.018,18.310,686.455,-1,623.031,27.480,554.202,535.007,667.894,506.586,-1,-1,-1,-1,-1,-1,22.407,28.464,1,0,2,0,1,0,0,0,0,2,2,2,2,2,2,1,1
354,-5624.734,7135.019,188.706,-29.920,0.866520,0.498743,0.019949,-0.498684,0.866745,-0.008223,-0.021392,-0.002823,0.999767,0,0.21811,-0.73041,0.113,0.018,18.323,686.496,-1,623.098,27.454,554.253,535.065,668.207,506.530,-1,-1,-1,-1,-1,-1,22.411,28.447,1,0,2,0,1,0,0,0,0,2,2,2,2,2,2,1,1
355,-5624.693,7134.914,188.696,-29.903,0.866676,0.498474,0.019916,-0.498414,0.866900,-0.008222,-0.021364,-0.002801,0.999768,0,0.21811,-0.73041,0.113,0.018,18.335,686.548,-1,623.165,27.431,554.309,535.126,668.540,506.460,-1,-1,-1,-1,-1,-1,22.414,28.432,1,0,2,0,1,0,0,0,0,2,2,2,2,2,2,1,1
356,-5624.652,7134.808,188.686,-29.885,0.866831,0.498206,0.019877,-0.498145,0.867055,-0.008229,-0.021334,-0.002768,0.999769,0,0.21811,-0.73041,0.113,0.018,18.347,686.609,-1,623.225,27.418,554.367,535.185,668.915,506.369,-1,-1,-1,-1,-1,-1,22.417,28.427,1,0,2,0,1,0,0,0,0,2,2,2,2,2,2,1,1
357,-5624.612,7134.703,188.673,-29.867,0.866985,0.497940,0.019832,-0.497879,0.867207,-0.008244,-0.021303,-0.002726,0.999769,0,0.21811,-0.73041,0.112,0.018,18.361,686.677,-1,623.277,27.415,554.425,535.242,669.334,506.256,-1,-1,-1,-1,-1,-1,22.422,28.434,1,0,2,0,1,0,0,0,0,2,2,2,2,2,2,1,1
358,-5624.572,7134.598,188.660,-29.850,0.867137,0.497676,0.019783,-0.497615,0.867359,-0.008266,-0.021273,-0.002676,0.999770,0,0.21811,-0.73041,0.112,0.017,18.373,686.750,-1,623.320,27.419,554.482,535.294,669.786,506.124,-1,-1,-1,-1,-1,-1,22.426,28.447,1,0,2,0,1,0,0,0,0,2,2,2,2,2,2,1,1
359,-5624.532,7134.502,188.647,-29.834,0.867276,0.497436,0.019730,-0.497373,0.867497,-0.008311,-0.021250,-0.002605,0.999771,0,0.21811,-0.73041,0.104,0.016,18.386,686.821,-1,623.324,27.445,554.527,535.326,670.326,505.951,-1,-1,-1,-1,-1,-1,22.430,28.483,1,0,2,0,1,0,0,0,0,2,2,2,2,2,2,1,1
360,-5624.495,7134.413,188.636,-29.819,0.867408,0.497207,0.019697,-0.497144,0.867628,-0.008345,-0.021239,-0.002554,0.999771,0,0.21811,-0.73041,0.097,0.015,18.399,686.848,-1,623.319,27.463,554.549,535.341,670.761,505.821,-1,-1,-1,-1,-1,-1,22.435,28.511,1,0,2,0,1,0,0,0,0,2,2,2,2,2,2,1,1
361,-5624.458,7134.325,188.629,-29.803,0.867541,0.496976,0.019697,-0.496912,0.867761,-0.008339,-0.021237,-0.002553,0.999771,0,0.21811,-0.73041,0.095,0.015,18.410,686.822,-1,623.342,27.441,554.553,535.357,670.958,505.799,-1,-1,-1,-1,-1,-1,22.438,28.497,1,0,2,0,1,0,0,0,0,2,2,2,2,2,2,1,1
362,-5624.421,7134.235,188.626,-29.787,0.867680,0.496731,0.019722,-0.496669,0.867900,-0.008295,-0.021237,-0.002598,0.999771,0,0.21811,-0.73041,0.098,0.016,18.423,686.763,-1,623.406,27.373,554.556,535.388,670.958,505.875,-1,-1,-1,-1,-1,-1,22.441,28.437,1,0,2,0,1,0,0,0,0,2,2,2,2,2,2,1,1
363,-5624.381,7134.144,188.626,-29.771,0.867819,0.496487,0.019754,-0.496426,0.868040,-0.008247,-0.021242,-0.002649,0.999771,0,0.21811,-0.73041,0.100,0.016,18.435,686.694,-1,623.471,27.295,554.554,535.418,670.936,505.974,-1,-1,-1,-1,-1,-1,22.445,28.364,1,0,2,0,1,0,0,0,0,2,2,2,2,2,2,1,1
364,-5624.339,7134.052,188.629,-29.755,0.867958,0.496244,0.019790,-0.496183,0.868179,-0.008212,-0.021257,-0.002692,0.999770,0,0.21811,-0.73041,0.101,0.016,18.447,686.615,-1,623.516,27.220,554.544,535.435,670.971,506.060,-1,-1,-1,-1,-1,-1,22.448,28.295,1,0,2,0,1,0,0,0,0,2,2,2,2,2,2,1,1
365,-5624.297,7133.958,188.634,-29.739,0.868096,0.496000,0.019826,-0.495940,0.868318,-0.008195,-0.021280,-0.002719,0.999770,0,0.21811,-0.73041,0.102,0.016,18.460,686.532,-1,623.532,27.159,554.522,535.437,671.099,506.119,-1,-1,-1,-1,-1,-1,22.454,28.241,1,0,2,0,1,0,0,0,0,2,2,2,2,2,2,1,1
366,-5624.255,7133.865,188.638,-29.723,0.868235,0.495756,0.019857,-0.495696,0.868458,-0.008194,-0.021307,-0.002729,0.999769,0,0.21811,-0.73041,0.103,0.016,18.472,686.450,-1,623.526,27.113,554.496,535.428,671.315,506.147,-1,-1,-1,-1,-1,-1,22.458,28.202,1,0,2,0,1,0,0,0,0,2,2,2,2,2,2,1,1
367,-5624.214,7133.770,188.641,-29.707,0.868373,0.495512,0.019883,-0.495452,0.868597,-0.008204,-0.021335,-0.002727,0.999769,0,0.21811,-0.73041,0.104,0.016,18.485,686.374,-1,623.506,27.078,554.468,535.413,671.590,506.148,-1,-1,-1,-1,-1,-1,22.462,28.175,1,0,2,0,1,0,0,0,0,2,2,2,2,2,2,1,1
368,-5624.172,7133.674,188.643,-29.691,0.868512,0.495268,0.019903,-0.495208,0.868736,-0.008219,-0.021361,-0.002718,0.999768,0,0.21811,-0.73041,0.104,0.016,18.496,686.307,-1,623.484,27.052,554.442,535.399,671.893,506.132,-1,-1,-1,-1,-1,-1,22.465,28.157,1,0,2,0,1,0,0,0,0,2,2,2,2,2,2,1,1
369,-5624.131,7133.578,188.644,-29.675,0.868650,0.495025,0.019919,-0.494964,0.868874,-0.008233,-0.021382,-0.002708,0.999768,0,0.21811,-0.73041,0.105,0.016,18.509,686.247,-1,623.466,27.026,554.421,535.388,672.192,506.109,-1,-1,-1,-1,-1,-1,22.469,28.139,1,0,2,0,1,0,0,0,0,2,2,2,2,2,2,1,1
370,-5624.091,7133.482,188.643,-29.659,0.868788,0.494782,0.019933,-0.494721,0.869013,-0.008242,-0.021400,-0.002701,0.999767,0,0.21811,-0.73041,0.104,0.016,18.521,686.191,-1,623.455,27.000,554.404,535.381,672.464,506.088,-1,-1,-1,-1,-1,-1,22.473,28.120,1,0,2,0,1,0,0,0,0,2,2,2,2,2,2,1,1
371,-5624.050,7133.387,188.640,-29.643,0.868926,0.494539,0.019946,-0.494478,0.869151,-0.008245,-0.021414,-0.002699,0.999767,0,0.21811,-0.73041,0.103,0.016,18.533,686.137,-1,623.453,26.971,554.390,535.380,672.705,506.074,-1,-1,-1,-1,-1,-1,22.478,28.099,1,0,2,0,1,0,0,0,0,2,2,2,2,2,2,1,1
372,-5624.010,7133.292,188.637,-29.627,0.869064,0.494297,0.019961,-0.494236,0.869289,-0.008243,-0.021426,-0.002702,0.999767,0,0.21811,-0.73041,0.103,0.016,18.546,686.081,-1,623.457,26.938,554.377,535.380,672.909,506.068,-1,-1,-1,-1,-1,-1,22.482,28.073,1,0,2,0,1,0,0,0,0,2,2,2,2,2,2,1,1
373,-5623.969,7133.198,188.634,-29.611,0.869201,0.494056,0.019977,-0.493994,0.869426,-0.008237,-0.021438,-0.002709,0.999767,0,0.21811,-0.73041,0.103,0.016,18.558,686.022,-1,623.463,26.903,554.362,535.382,673.096,506.069,-1,-1,-1,-1,-1,-1,22.485,28.045,1,0,2,0,1,0,0,0,0,2,2,2,2,2,2,1,1
374,-5623.928,7133.104,188.631,-29.595,0.869337,0.493814,0.019995,-0.493753,0.869563,-0.008231,-0.021451,-0.002717,0.999766,0,0.21811,-0.73041,0.102,0.016,18.570,685.959,-1,623.468,26.867,554.346,535.381,673.275,506.073,-1,-1,-1,-1,-1,-1,22.490,28.017,1,0,2,0,1,0,0,0,0,2,2,2,2,2,2,1,1
375,-5623.891,7133.019,188.628,-29.580,0.869471,0.493579,0.020030,-0.493517,0.869697,-0.008254,-0.021494,-0.002708,0.999765,0,0.19484,-1.00000,0.093,0.016,18.584,685.831,-1,623.390,26.862,554.275,535.322,673.559,506.042,-1,-1,-1,-1,-1,-1,22.494,28.022,1,0,2,0,1,0,0,0,0,2,2,2,2,2,2,1,1
376,-5623.855,7132.941,188.626,-29.565,0.869596,0.493355,0.020093,-0.493293,0.869824,-0.008289,-0.021566,-0.002704,0.999764,0,0.19484,-1.00000,0.086,0.015,18.598,685.625,-1,623.245,26.878,554.147,535.207,673.810,506.018,-1,-1,-1,-1,-1,-1,22.500,28.049,1,0,2,0,1,0,0,0,0,2,2,2,2,2,2,1,1
377,-5623.817,7132.862,188.624,-29.551,0.869717,0.493140,0.020152,-0.493077,0.869946,-0.008303,-0.021625,-0.002715,0.999762,0,0.19484,-1.00000,0.088,0.014,18.612,685.441,-1,623.142,26.873,554.042,535.119,673.963,506.028,-1,-1,-1,-1,-1,-1,22.504,28.055,1,0,2,0,1,0,0,0,0,2,2,2,2,2,2,1,1
378,-5623.775,7132.781,188.623,-29.537,0.869837,0.492926,0.020194,-0.492864,0.870067,-0.008299,-0.021661,-0.002734,0.999762,0,0.19484,-1.00000,0.091,0.014,18.625,685.316,-1,623.102,26.841,553.982,535.078,674.063,506.054,-1,-1,-1,-1,-1,-1,22.509,28.030,1,0,2,0,1,0,0,0,0,2,2,2,2,2,2,1,1
379,-5623.732,7132.699,188.622,-29.523,0.869957,0.492714,0.020219,-0.492652,0.870187,-0.008287,-0.021678,-0.002752,0.999761,0,0.19484,-1.00000,0.092,0.014,18.638,685.243,-1,623.109,26.794,553.960,535.076,674.170,506.084,-1,-1,-1,-1,-1,-1,22.513,27.992,1,0,2,0,1,0,0,0,0,2,2,2,2,2,2,1,1
380,-5623.689,7132.617,188.621,-29.509,0.870077,0.492501,0.020232,-0.492439,0.870307,-0.008273,-0.021682,-0.002764,0.999761,0,0.19484,-1.00000,0.093,0.014,18.653,685.208,-1,623.141,26.740,553.964,535.094,674.303,506.104,-1,-1,-1,-1,-1,-1,22.519,27.946,1,0,2,0,1,0,0,0,0,2,2,2,2,2,2,1,1
381,-5623.659,7132.531,188.621,-29.496,0.870182,0.492315,0.020231,-0.492254,0.870413,-0.008272,-0.021682,-0.002760,0.999761,0,0.19484,-1.00000,0.091,0.012,18.654,685.203,-1,623.166,26.713,553.977,535.115,674.483,506.092,-1,-1,-1,-1,-1,-1,22.519,27.917,1,0,2,0,1,0,0,0,0,2,2,2,2,2,2,1,1
382,-5623.644,7132.447,188.620,-29.484,0.870287,0.492130,0.020201,-0.492068,0.870517,-0.008312,-0.021676,-0.002707,0.999761,0,0.19484,-1.00000,0.085,0.012,18.653,685.255,-1,623.166,26.721,554.010,535.138,674.954,505.984,-1,-1,-1,-1,-1,-1,22.518,27.925,1,0,2,0,1,0,0,0,0,2,2,2,2,2,2,1,1
383,-5623.637,7132.365,188.620,-29.472,0.870393,0.491945,0.020154,-0.491881,0.870622,-0.008367,-0.021662,-0.002630,0.999762,0,0.19484,-1.00000,0.082,0.012,18.653,685.342,-1,623.166,26.745,554.060,535.169,675.561,505.834,-1,-1,-1,-1,-1,-1,22.518,27.950,1,0,2,0,1,0,0,0,0,2,2,2,2,2,2,1,1
384,-5623.633,7132.284,188.619,-29.460,0.870497,0.491762,0.020105,-0.491697,0.870726,-0.008415,-0.021644,-0.002560,0.999762,0,0.19484,-1.00000,0.081,0.012,18.653,685.437,-1,623.180,26.763,554.117,535.209,676.135,505.694,-1,-1,-1,-1,-1,-1,22.518,27.969,1,0,2,0,1,0,0,0,0,2,2,2,2,2,2,1,1
385,-5623.629,7132.204,188.618,-29.448,0.870601,0.491581,0.020068,-0.491515,0.870828,-0.008444,-0.021627,-0.002512,0.999763,0,0.19484,-1.00000,0.080,0.012,18.654,685.510,-1,623.208,26.765,554.167,535.251,676.584,505.598,-1,-1,-1,-1,-1,-1,22.519,27.971,1,0,2,0,1,0,0,0,0,2,2,2,2,2,2,1,1
386,-5623.624,7132.125,188.617,-29.436,0.870703,0.491400,0.020051,-0.491334,0.870930,-0.008453,-0.021616,-0.002491,0.999763,0,0.19484,-1.00000,0.079,0.012,18.654,685.544,-1,623.240,26.752,554.200,535.284,676.883,505.552,-1,-1,-1,-1,-1,-1,22.518,27.958,1,0,2,0,1,0,0,0,0,2,2,2,2,2,2,1,1
387,-5623.618,7132.047,188.615,-29.424,0.870805,0.491220,0.020052,-0.491153,0.871032,-0.008447,-0.021616,-0.002493,0.999763,0,0.19484,-1.00000,0.077,0.012,18.653,685.533,-1,623.265,26.732,554.210,535.302,677.063,505.548,-1,-1,-1,-1,-1,-1,22.518,27.937,1,0,2,0,1,0,0,0,0,2,2,2,2,2,2,1,1
388,-5623.610,7131.971,188.614,-29.412,0.870906,0.491039,0.020068,-0.490973,0.871134,-0.008434,-0.021624,-0.002507,0.999763,0,0.19484,-1.00000,0.077,0.012,18.653,685.485,-1,623.278,26.708,554.198,535.305,677.169,505.569,-1,-1,-1,-1,-1,-1,22.518,27.912,1,0,2,0,1,0,0,0,0,2,2,2,2,2,2,1,1
389,-5623.602,7131.895,188.612,-29.400,0.871008,0.490858,0.020092,-0.490792,0.871236,-0.008421,-0.021639,-0.002526,0.999763,0,0.19484,-1.00000,0.076,0.012,18.654,685.417,-1,623.277,26.687,554.174,535.296,677.254,505.595,-1,-1,-1,-1,-1,-1,22.519,27.890,1,0,2,0,1,0,0,0,0,2,2,2,2,2,2,1,1
390,-5623.593,7131.819,188.611,-29.388,0.871110,0.490676,0.020116,-0.490611,0.871338,-0.008413,-0.021656,-0.002541,0.999762,0,0.19484,-1.00000,0.076,0.012,18.654,685.343,-1,623.267,26.671,554.144,535.280,677.357,505.615,-1,-1,-1,-1,-1,-1,22.518,27.874,1,0,2,0,1,0,0,0,0,2,2,2,2,2,2,1,1
391,-5623.582,7131.738,188.609,-29.376,0.871218,0.490483,0.020130,-0.490418,0.871447,-0.008395,-0.021660,-0.002559,0.999762,0,0.20652,-0.56268,0.082,0.013,18.654,685.303,-1,623.294,26.642,554.140,535.292,677.454,505.641,-1,-1,-1,-1,-1,-1,22.519,27.842,1,0,2,0,1,0,0,0,0,2,2,2,2,2,2,1,1
392,-5623.566,7131.651,188.606,-29.362,0.871333,0.490279,0.020129,-0.490215,0.871562,-0.008377,-0.021651,-0.002568,0.999762,0,0.20652,-0.56268,0.088,0.013,18.653,685.303,-1,623.346,26.606,554.164,535.329,677.600,505.650,-1,-1,-1,-1,-1,-1,22.518,27.805,1,0,2,0,1,0,0,0,0,2,2,2,2,2,2,1,1
393,-5623.552,7131.563,188.604,-29.349,0.871449,0.490072,0.020126,-0.490007,0.871678,-0.008377,-0.021649,-0.002562,0.999762,0,0.20652,-0.56268,0.089,0.014,18.653,685.295,-1,623.369,26.587,554.177,535.348,677.833,505.629,-1,-1,-1,-1,-1,-1,22.518,27.785,1,0,2,0,1,0,0,0,0,2,2,2,2,2,2,1,1
394,-5623.539,7131.476,188.601,-29.335,0.871567,0.489864,0.020129,-0.489798,0.871795,-0.008390,-0.021658,-0.002546,0.999762,0,0.20652,-0.56268,0.089,0.014,18.653,685.265,-1,623.357,26.584,554.167,535.344,678.127,505.587,-1,-1,-1,-1,-1,-1,22.518,27.782,1,0,2,0,1,0,0,0,0,2,2,2,2,2,2,1,1
395,-5623.527,7131.388,188.598,-29.321,0.871684,0.489654,0.020136,-0.489589,0.871913,-0.008412,-0.021676,-0.002526,0.999762,0,0.20652,-0.56268,0.089,0.014,18.653,685.216,-1,623.322,26.590,554.143,535.323,678.444,505.536,-1,-1,-1,-1,-1,-1,22.518,27.788,1,0,2,0,1,0,0,0,0,2,2,2,2,2,2,1,1
396,-5623.515,7131.300,188.596,-29.307,0.871801,0.489445,0.020147,-0.489379,0.872031,-0.008433,-0.021697,-0.002508,0.999761,0,0.20652,-0.56268,0.089,0.014,18.653,685.159,-1,623.283,26.598,554.114,535.297,678.759,505.487,-1,-1,-1,-1,-1,-1,22.518,27.796,1,0,2,0,1,0,0,0,0,2,2,2,2,2,2,1,1
397,-5623.504,7131.212,188.593,-29.294,0.871919,0.489235,0.020159,-0.489169,0.872148,-0.008450,-0.021716,-0.002493,0.999761,0,0.20652,-0.56268,0.089,0.014,18.654,685.102,-1,623.249,26.600,554.087,535.276,679.049,505.448,-1,-1,-1,-1,-1,-1,22.519,27.799,1,0,2,0,1,0,0,0,0,2,2,2,2,2,2,1,1
398,-5623.492,7131.125,188.591,-29.280,0.872036,0.489026,0.020171,-0.488959,0.872266,-0.008461,-0.021732,-0.002484,0.999761,0,0.20652,-0.56268,0.088,0.014,18.653,685.051,-1,623.229,26.595,554.065,535.262,679.314,505.419,-1,-1,-1,-1,-1,-1,22.518,27.794,1,0,2,0,1,0,0,0,0,2,2,2,2,2,2,1,1
399,-5623.481,7131.038,188.589,-29.266,0.872153,0.488816,0.020181,-0.488749,0.872383,-0.008467,-0.021744,-0.002479,0.999761,0,0.20652,-0.56268,0.088,0.014,18.653,685.006,-1,623.219,26.584,554.050,535.255,679.557,505.399,-1,-1,-1,-1,-1,-1,22.519,27.782,1,0,2,0,1,0,0,0,0,2,2,2,2,2,2,1,1
400,-5623.469,7130.952,188.587,-29.252,0.872271,0.488607,0.020189,-0.488539,0.872501,-0.008469,-0.021753,-0.002476,0.999760,0,0.20652,-0.56268,0.087,0.014,18.653,684.967,-1,623.219,26.569,554.041,535.255,679.787,505.384,-1,-1,-1,-1,-1,-1,22.517,27.766,1,0,2,0,1,0,0,0,0,2,2,2,2,2,2,1,1
401,-5623.458,7130.866,188.584,-29.238,0.872388,0.488397,0.020197,-0.488330,0.872618,-0.008469,-0.021761,-0.002474,0.999760,0,0.20652,-0.56268,0.087,0.014,18.653,684.931,-1,623.224,26.552,554.034,535.258,680.015,505.369,-1,-1,-1,-1,-1,-1,22.518,27.750,1,0,2,0,1,0,0,0,0,2,2,2,2,2,2,1,1
402,-5623.447,7130.779,188.582,-29.225,0.872504,0.488188,0.020204,-0.488121,0.872735,-0.008471,-0.021768,-0.002471,0.999760,0,0.20652,-0.56268,0.087,0.014,18.653,684.896,-1,623.227,26.537,554.028,535.260,680.246,505.352,-1,-1,-1,-1,-1,-1,22.518,27.733,1,0,2,0,1,0,0,0,0,2,2,2,2,2,2,1,1
403,-5623.437,7130.693,188.579,-29.211,0.872621,0.487979,0.020210,-0.487912,0.872852,-0.008474,-0.021776,-0.002466,0.999760,0,0.20652,-0.56268,0.087,0.014,18.653,684.861,-1,623.227,26.524,554.020,535.261,680.485,505.331,-1,-1,-1,-1,-1,-1,22.518,27.718,1,0,2,0,1,0,0,0,0,2,2,2,2,2,2,1,1
404,-5623.425,7130.607,188.576,-29.197,0.872738,0.487770,0.020217,-0.487702,0.872969,-0.008479,-0.021785,-0.002459,0.999760,0,0.20652,-0.56268,0.087,0.014,18.653,684.824,-1,623.223,26.512,554.011,535.260,680.734,505.306,-1,-1,-1,-1,-1,-1,22.518,27.708,1,0,2,0,1,0,0,0,0,2,2,2,2,2,2,1,1
405,-5623.415,7130.521,188.573,-29.184,0.872855,0.487561,0.020223,-0.487493,0.873086,-0.008487,-0.021794,-0.002451,0.999759,0,0.20652,-0.56268,0.087,0.014,18.653,684.786,-1,623.215,26.503,553.999,535.255,680.994,505.277,-1,-1,-1,-1,-1,-1,22.518,27.697,1,0,2,0,1,0,0,0,0,2,2,2,2,2,2,1,1
406,-5623.403,7130.434,188.570,-29.170,0.872972,0.487351,0.020230,-0.487283,0.873203,-0.008496,-0.021805,-0.002441,0.999759,0,0.20652,-0.56268,0.088,0.014,18.653,684.747,-1,623.204,26.495,553.986,535.249,681.259,505.246,-1,-1,-1,-1,-1,-1,22.518,27.689,1,0,2,0,1,0,0,0,0,2,2,2,2,2,2,1,1
407,-5623.393,7130.347,188.567,-29.156,0.873088,0.487142,0.020236,-0.487073,0.873320,-0.008506,-0.021816,-0.002430,0.999759,0,0.20652,-0.56268,0.087,0.014,18.653,684.707,-1,623.193,26.487,553.973,535.242,681.533,505.213,-1,-1,-1,-1,-1,-1,22.518,27.681,1,0,2,0,1,0,0,0,0,2,2,2,2,2,2,1,1
408,-5623.381,7130.261,188.564,-29.142,0.873205,0.486932,0.020243,-0.486864,0.873437,-0.008515,-0.021827,-0.002420,0.999759,0,0.20652,-0.56268,0.087,0.014,18.653,684.668,-1,623.180,26.480,553.960,535.235,681.802,505.180,-1,-1,-1,-1,-1,-1,22.518,27.673,1,0,2,0,1,0,0,0,0,2,2,2,2,2,2,1,1
409,-5623.370,7130.174,188.562,-29.128,0.873322,0.486723,0.020249,-0.486654,0.873553,-0.008525,-0.021838,-0.002409,0.999759,0,0.20652,-0.56268,0.088,0.014,18.653,684.630,-1,623.169,26.471,553.947,535.230,682.072,505.148,-1,-1,-1,-1,-1,-1,22.518,27.664,1,0,2,0,1,0,0,0,0,2,2,2,2,2,2,1,1
410,-5623.359,7130.087,188.559,-29.115,0.873438,0.486513,0.020255,-0.486444,0.873670,-0.008534,-0.021848,-0.002399,0.999758,0,0.20652,-0.56268,0.087,0.014,18.653,684.592,-1,623.160,26.461,553.936,535.225,682.342,505.116,-1,-1,-1,-1,-1,-1,22.518,27.654,1,0,2,0,1,0,0,0,0,2,2,2,2,2,2,1,1
411,-5623.348,7130.001,188.556,-29.101,0.873555,0.486304,0.020260,-0.486235,0.873787,-0.008542,-0.021857,-0.002389,0.999758,0,0.20652,-0.56268,0.087,0.014,18.653,684.556,-1,623.151,26.452,553.925,535.221,682.612,505.085,-1,-1,-1,-1,-1,-1,22.517,27.644,1,0,2,0,1,0,0,0,0,2,2,2,2,2,2,1,1
412,-5623.337,7129.915,188.553,-29.087,0.873671,0.486094,0.020265,-0.486025,0.873903,-0.008551,-0.021866,-0.002379,0.999758,0,0.20652,-0.56268,0.087,0.014,18.654,684.521,-1,623.144,26.441,553.916,535.218,682.880,505.053,-1,-1,-1,-1,-1,-1,22.519,27.633,1,0,2,0,1,0,0,0,0,2,2,2,2,2,2,1,1
413,-5623.326,7129.829,188.549,-29.074,0.873788,0.485885,0.020270,-0.485815,0.874020,-0.008559,-0.021875,-0.002369,0.999758,0,0.20652,-0.56268,0.087,0.014,18.653,684.486,-1,623.137,26.431,553.906,535.215,683.149,505.020,-1,-1,-1,-1,-1,993.004,22.518,27.622,1,0,2,0,1,0,0,0,0,2,2,2,2,2,1,1,1
414,-5623.315,7129.742,188.546,-29.060,0.873904,0.485676,0.020275,-0.485606,0.874136,-0.008568,-0.021884,-0.002358,0.999758,0,0.20652,-0.56268,0.087,0.014,18.653,684.452,-1,623.129,26.421,553.896,535.211,683.421,504.986,-1,-1,-1,-1,-1,993.032,22.518,27.612,1,0,2,0,1,0,0,0,0,2,2,2,2,2,1,1,1
415,-5623.304,7129.656,188.543,-29.046,0.874020,0.485466,0.020279,-0.485396,0.874252,-0.008577,-0.021893,-0.002347,0.999758,0,0.20652,-0.56268,0.087,0.014,18.653,684.417,-1,623.120,26.412,553.886,535.207,683.693,504.951,-1,-1,-1,-1,-1,993.060,22.518,27.602,1,0,2,0,1,0,0,0,0,2,2,2,2,2,1,1,1
416,-5623.293,7129.570,188.539,-29.032,0.874136,0.485257,0.020283,-0.485186,0.874369,-0.008587,-0.021902,-0.002335,0.999757,0,0.20652,-0.56268,0.087,0.014,18.653,684.382,-1,623.109,26.402,553.875,535.203,683.970,504.915,-1,-1,-1,-1,-1,993.088,22.518,27.593,1,0,2,0,1,0,0,0,0,2,2,2,2,2,1,1,1
417,-5623.338,7129.573,188.534,-29.021,0.874229,0.485080,0.020494,-0.485003,0.874467,-0.008942,-0.022259,-0.002123,0.999750,0,-0.07447,-0.61196,0.046,0.012,18.654,683.584,-1,622.117,26.816,553.221,534.498,685.547,504.454,-1,-1,-1,-1,-1,993.185,22.518,28.025,1,0,2,0,1,0,0,0,0,2,2,2,2,2,1,1,1
418,-5623.435,7129.646,188.526,-29.016,0.874257,0.485009,0.021002,-0.484920,0.874507,-0.009484,-0.022966,-0.001893,0.999734,0,-0.07447,-0.61196,0.121,0.005,18.653,681.871,-1,620.253,27.569,551.875,533.105,687.207,503.916,-1,-1,-1,-1,-1,-1,22.518,28.811,1,0,2,0,1,0,0,0,0,2,2,2,2,2,2,1,1
419,-5623.498,7129.708,188.517,-29.014,0.874256,0.484990,0.021474,-0.484894,0.874518,-0.009804,-0.023535,-0.001841,0.999721,0,-0.07447,-0.61196,0.089,0.001,18.652,680.385,-1,618.848,28.070,550.765,531.999,687.698,503.734,-1,-1,-1,-1,-1,-1,22.518,29.335,1,0,2,0,1,0,0,0,0,2,2,2,2,2,2,1,1
420,-5623.545,7129.797,188.514,-29.007,0.874310,0.484879,0.021772,-0.484781,0.874579,-0.009946,-0.023864,-0.001859,0.999713,0,-0.07447,-0.61196,0.100,0.007,18.642,679.484,-1,618.101,28.328,550.131,531.395,688.042,503.731,-1,-1,-1,-1,-1,-1,22.515,29.597,1,0,2,0,1,0,0,0,0,2,2,2,2,2,2,1,1
421,-5623.610,7129.922,188.522,-28.996,0.874402,0.484706,0.021911,-0.484609,0.874675,-0.009923,-0.023975,-0.001942,0.999711,0,-0.07447,-0.61196,0.141,0.011,18.631,679.119,-1,617.960,28.366,549.935,531.248,688.285,503.906,-1,-1,-1,-1,-1,-1,22.511,29.628,1,0,2,0,1,0,0,0,0,2,2,2,2,2,2,1,1
422,-5623.703,7130.082,188.536,-28.983,0.874516,0.484502,0.021919,-0.484407,0.874788,-0.009780,-0.023913,-0.002066,0.999712,0,-0.07447,-0.61196,0.184,0.013,18.619,679.187,-1,618.283,28.242,550.083,531.457,688.500,504.199,-1,-1,-1,-1,-1,-1,22.506,29.490,1,0,2,0,1,0,0,0,0,2,2,2,2,2,2,1,1
423,-5623.831,7130.273,188.555,-28.967,0.874650,0.484263,0.021840,-0.484173,0.874920,-0.009597,-0.023756,-0.002181,0.999715,0,-0.07447,-0.61196,0.231,0.015,18.608,679.516,-1,618.842,28.052,550.427,531.858,688.953,504.496,-1,-1,-1,-1,-1,-1,22.503,29.283,1,0,2,0,1,0,0,0,0,2,2,2,2,2,2,1,1
424,-5623.997,7130.500,188.573,-28.949,0.874808,0.483983,0.021725,-0.483896,0.875074,-0.009442,-0.023581,-0.002253,0.999719,0,-0.07447,-0.61196,0.281,0.018,18.596,679.922,-1,619.420,27.885,550.816,532.293,689.846,504.714,-1,-1,-1,-1,-1,994.892,22.498,29.100,1,0,2,0,1,0,0,0,0,2,2,2,2,2,1,1,1
425,-5624.203,7130.760,188.590,-28.928,0.874991,0.483657,0.021616,-0.483572,0.875255,-0.009353,-0.023443,-0.002269,0.999723,0,-0.07447,-0.61196,0.332,0.021,18.586,680.266,-1,619.878,27.793,551.145,532.653,691.250,504.818,-1,-1,-1,-1,-1,995.423,22.495,28.995,1,0,2,0,1,0,0,0,0,2,2,2,2,2,1,1,1
426,-5624.446,7131.055,188.605,-28.903,0.875199,0.483284,0.021534,-0.483199,0.875461,-0.009330,-0.023361,-0.002240,0.999725,0,-0.07447,-0.61196,0.382,0.025,18.574,680.485,-1,620.169,27.788,551.371,532.900,693.110,504.822,-1,-1,-1,-1,-1,996.028,22.490,28.982,1,0,2,0,1,0,0,0,0,2,2,2,2,2,1,1,1
427,-5624.727,7131.382,188.618,-28.876,0.875432,0.482864,0.021484,-0.482779,0.875692,-0.009354,-0.023330,-0.002184,0.999725,0,-0.07447,-0.61196,0.431,0.028,18.564,680.579,-1,620.322,27.851,551.500,533.047,694.589,504.765,-1,-1,-1,-1,-1,996.701,22.488,29.040,1,0,2,0,1,0,0,0,0,2,2,2,2,2,1,1,1
428,-5625.039,7131.741,188.629,-28.845,0.875686,0.482404,0.021460,-0.482317,0.875946,-0.009396,-0.023330,-0.002123,0.999726,0,-0.07447,-0.61196,0.476,0.030,18.554,680.586,-1,620.404,27.947,551.570,533.138,695.500,504.692,-1,-1,-1,-1,-1,997.441,22.484,29.133,1,0,2,0,1,0,0,0,0,2,2,2,2,2,1,1,1
429,-5625.381,7132.129,188.640,-28.813,0.875960,0.481907,0.021448,-0.481819,0.876220,-0.009429,-0.023337,-0.002074,0.999726,0,-0.07447,-0.61196,0.518,0.033,18.543,680.556,-1,620.482,28.046,551.624,533.221,696.432,504.641,-1,-1,-1,-1,-1,998.241,22.481,29.228,1,0,2,0,1,0,0,0,0,2,2,2,2,2,1,1,1
430,-5625.751,7132.545,188.650,-28.778,0.876251,0.481377,0.021438,-0.481289,0.876511,-0.009441,-0.023335,-0.002045,0.999726,0,-0.07447,-0.61196,0.557,0.035,18.533,680.526,-1,620.601,28.128,551.694,533.322,697.361,504.629,-1,-1,-1,-1,-1,999.099,22.478,29.305,1,0,2,0,1,0,0,0,0,2,2,2,2,2,1,1,1
431,-5626.146,7132.987,188.661,-28.742,0.876558,0.480819,0.021424,-0.480730,0.876818,-0.009430,-0.023319,-0.002033,0.999726,0,-0.07447,-0.61196,0.593,0.037,18.522,680.515,-1,620.774,28.186,551.790,533.458,698.287,504.654,-1,-1,-1,-1,-1,1000.012,22.474,29.357,1,0,2,0,1,0,0,0,0,2,2,2,2,2,1,1,1
432,-5626.568,7133.455,188.671,-28.703,0.876880,0.480233,0.021405,-0.480145,0.877139,-0.009401,-0.023290,-0.002033,0.999727,0,-0.07447,-0.61196,0.630,0.038,18.512,680.522,-1,620.989,28.229,551.909,533.621,699.227,504.701,-1,-1,-1,-1,-1,1000.977,22.471,29.395,1,0,2,0,1,0,0,0,0,2,2,2,2,2,1,1,1
433,-5627.014,7133.946,188.680,-28.664,0.877214,0.479623,0.021382,-0.479535,0.877473,-0.009367,-0.023254,-0.002037,0.999727,0,-0.07447,-0.61196,0.664,0.040,18.501,680.535,-1,621.224,28.266,552.038,533.799,700.200,504.754,-1,-1,-1,-1,-1,1001.990,22.467,29.425,1,0,2,0,1,0,0,0,0,2,2,2,2,2,1,1,1
434,-5627.485,7134.458,188.688,-28.622,0.877560,0.478991,0.021358,-0.478904,0.877817,-0.009334,-0.023220,-0.002037,0.999728,0,-0.07447,-0.61196,0.696,0.041,18.486,680.542,-1,621.456,28.314,552.166,533.975,701.217,504.799,-1,-1,-1,-1,-1,1003.047,22.462,29.463,1,0,2,0,1,0,0,0,0,2,2,2,2,2,1,1,1
435,-5627.974,7134.992,188.699,-28.577,0.877936,0.478304,0.021303,-0.478216,0.878192,-0.009357,-0.023183,-0.001973,0.999729,0,-0.07447,-0.61196,0.724,0.045,18.214,680.609,-1,621.664,28.768,552.321,534.159,702.502,504.730,-1,-1,-1,-1,-1,1004.165,22.378,29.723,1,0,2,0,1,0,0,0,0,2,2,2,2,2,1,1,1
436,-5628.484,7135.538,188.724,-28.531,0.878324,0.477594,0.021249,-0.477504,0.878579,-0.009454,-0.023184,-0.001843,0.999730,0,-0.07447,-0.61196,0.748,0.046,17.930,680.668,-1,621.776,29.298,552.447,534.296,704.062,504.567,-1,-1,-1,-1,-1,1005.319,22.304,30.043,1,0,2,0,1,0,0,0,0,2,2,2,2,2,1,1,1
437,-5629.023,7136.087,188.765,-28.486,0.878699,0.476905,0.021213,-0.476811,0.878953,-0.009599,-0.023223,-0.001680,0.999729,0,-0.07447,-0.61196,0.770,0.045,17.689,680.698,-1,621.810,22.434,552.540,534.385,705.777,504.379,-1,-1,-1,-1,-1,1006.476,22.252,30.351,1,0,2,0,1,0,0,0,0,2,2,2,2,2,1,1,1
438,-5629.588,7136.637,188.819,-28.442,0.879059,0.476242,0.021174,-0.476144,0.879313,-0.009775,-0.023274,-0.001489,0.999728,0,-0.07447,-0.61196,0.788,0.043,17.484,680.762,-1,621.823,18.973,552.642,534.471,707.618,504.171,-1,-1,-1,-1,-1,1007.630,22.218,30.631,1,0,2,0,1,0,0,0,0,2,2,2,2,2,1,1,1
439,-5630.176,7137.185,188.880,-28.401,0.879405,0.475606,0.021112,-0.475504,0.879657,-0.009963,-0.023310,-0.001277,0.999727,0,-0.07447,-0.61196,0.803,0.042,17.308,680.884,-1,621.867,17.226,552.791,534.593,709.547,503.943,-1,-1,-1,-1,-1,-1,22.196,30.875,1,0,2,0,1,0,0,0,0,2,2,2,2,2,2,1,1
440,-5630.783,7137.731,188.944,-28.360,0.879737,0.474996,0.021020,-0.474888,0.879987,-0.010150,-0.023319,-0.001052,0.999728,0,-0.07447,-0.61196,0.817,0.040,17.161,681.080,-1,621.966,16.217,552.996,534.765,711.516,503.697,-1,-1,-1,-1,-1,-1,22.184,31.080,1,0,2,0,1,0,0,0,0,2,2,2,2,2,2,1,1
441,-5631.232,7138.013,189.000,-28.347,0.879863,0.474786,0.020492,-0.474694,0.880100,-0.009456,-0.022524,-0.001407,0.999745,0,0.40845,-0.92601,0.530,0.013,17.699,683.017,-1,624.292,22.646,554.597,536.490,711.200,504.613,-1,-1,-1,-1,-1,-1,22.254,29.685,1,0,2,0,1,0,0,0,0,2,2,2,2,2,2,1,1
442,-5631.197,7137.791,189.024,-28.380,0.879632,0.475273,0.019030,-0.475215,0.879835,-0.007794,-0.020447,-0.002188,0.999789,0,0.40845,-0.92601,0.225,-0.033,9.799,688.029,-1,629.814,25.859,558.518,540.616,708.475,506.386,-1,-1,-1,-1,-1,-1,22.412,26.796,1,0,2,0,1,0,0,0,0,2,2,2,2,2,2,1,1
443,-5630.733,7137.148,189.014,-28.447,0.879112,0.476295,0.017468,-0.476264,0.879281,-0.006185,-0.018305,-0.002882,0.999828,0,0.40845,-0.92601,0.792,-0.067,15.042,693.300,-1,635.293,22.788,562.502,544.709,705.059,507.896,-1,-1,-1,-1,-1,-1,10.300,23.855,1,0,2,0,1,0,0,0,0,2,2,2,2,2,2,1,1
444,-5629.885,7136.125,188.967,-28.542,0.878340,0.477755,0.016417,-0.477739,0.878487,-0.005135,-0.016875,-0.003333,0.999852,0,0.40845,-0.92601,1.329,-0.095,18.450,696.886,-1,638.704,21.063,565.038,547.222,701.529,508.753,-1,-1,-1,-1,-1,1006.796,12.685,22.021,1,0,2,0,1,0,0,0,0,2,2,2,2,2,1,1,1
445,-5628.674,7134.747,188.883,-28.662,0.877348,0.479583,0.016116,-0.479573,0.877489,-0.004725,-0.016407,-0.003584,0.999859,0,0.40845,-0.92601,1.835,-0.119,111.221,698.010,-1,639.427,20.469,565.592,547.678,697.810,509.005,-1,-1,-1,-1,-1,1003.930,13.608,21.393,1,0,2,0,1,0,0,0,0,2,2,2,2,2,1,1,1
446,-5627.109,7133.026,188.756,-28.804,0.876152,0.481753,0.016491,-0.481744,0.876299,-0.004755,-0.016742,-0.003779,0.999853,0,0.40845,-0.92601,2.326,-0.142,18.141,696.943,-1,637.946,20.856,564.438,546.402,693.493,508.939,-1,-1,-1,-1,-1,1000.341,12.494,21.791,1,0,2,0,1,0,0,0,0,2,2,2,2,2,1,1,1
447,-5625.214,7130.965,188.608,-28.969,0.874747,0.484271,0.017322,-0.484261,0.874909,-0.005046,-0.017598,-0.003975,0.999837,0,0.40845,-0.92601,2.800,-0.165,13.020,694.469,-1,635.058,21.694,562.179,544.007,681.908,508.750,-1,-1,-1,-1,-1,996.063,9.008,22.632,1,0,2,0,1,0,0,0,0,2,2,2,2,2,1,1,1
448,-5623.203,7128.852,188.472,-29.096,0.873649,0.486207,0.018448,-0.486180,0.873837,-0.006212,-0.019141,-0.003541,0.999811,0,0.40845,-0.92601,2.917,-0.127,18.547,690.679,-1,630.199,23.296,558.777,540.319,673.414,507.305,-1,-1,-1,-1,-1,991.987,22.483,24.278,1,0,2,0,1,0,0,0,0,2,2,2,2,2,1,1,1
449,-5622.307,7128.015,188.407,-29.012,0.874280,0.484965,0.021070,-0.484862,0.874532,-0.010085,-0.023318,-0.001399,0.999727,0,0.40845,-0.92601,1.226,0.084,18.659,681.171,-1,618.674,27.891,551.011,532.030,684.866,502.552,-1,-1,-1,-1,-1,-1,22.520,29.151,1,0,2,0,1,0,0,0,0,2,2,2,2,2,2,1,1
450,-5622.218,7127.727,188.389,-28.937,0.874833,0.483841,0.023771,-0.483665,0.875156,-0.013072,-0.027128,-0.000062,0.999632,0,0.40845,-0.92601,0.302,0.075,18.665,672.211,-1,608.915,31.160,543.998,524.734,694.149,499.546,-1,-1,-1,-1,-1,-1,22.522,32.569,1,0,2,0,1,0,0,0,0,2,2,2,2,2,2,1,1
451,-5622.387,7127.617,188.403,-28.886,0.875231,0.483077,0.024642,-0.482873,0.875578,-0.014036,-0.028356,0.000386,0.999598,0,0.40845,-0.92601,0.202,0.051,18.662,669.386,-1,605.897,32.097,541.823,522.464,698.077,498.598,-1,-1,-1,-1,-1,-1,22.522,33.547,1,0,2,0,1,0,0,0,0,2,2,2,2,2,2,1,1
452,-5622.592,7127.560,188.426,-28.854,0.875530,0.482582,0.023715,-0.482405,0.875851,-0.013061,-0.027074,-0.000005,0.999633,0,0.40845,-0.92601,0.213,0.032,18.659,672.400,-1,609.263,31.064,544.257,525.033,697.367,499.528,-1,-1,-1,-1,-1,-1,22.520,32.466,1,0,2,0,1,0,0,0,0,2,2,2,2,2,2,1,1
453,-5622.787,7127.528,188.443,-28.835,0.875754,0.482264,0.021826,-0.482140,0.876025,-0.010972,-0.024412,-0.000914,0.999702,0,0.40845,-0.92601,0.197,0.019,18.656,678.603,-1,616.222,28.748,549.229,530.260,692.890,501.580,-1,-1,-1,-1,-1,992.415,22.519,30.045,1,0,2,0,1,0,0,0,0,2,2,2,2,2,1,1,1
454,-5622.968,7127.508,188.447,-28.821,0.875921,0.482044,0.019877,-0.481969,0.876145,-0.008721,-0.021619,-0.001941,0.999764,0,0.40845,-0.92601,0.182,0.013,8.384,685.094,-1,623.626,26.003,554.451,535.745,687.531,503.844,-1,-1,-1,-1,-1,992.763,22.519,27.175,1,0,2,0,1,0,0,0,0,2,2,2,2,2,1,1,1
455,-5623.125,7127.479,188.437,-28.811,0.876050,0.481867,0.018473,-0.481825,0.876240,-0.006972,-0.019546,-0.002793,0.999805,0,0.40845,-0.92601,0.159,0.011,11.150,689.860,-1,629.230,23.830,558.323,539.844,683.057,505.675,-1,-1,-1,-1,-1,993.031,22.518,24.904,1,0,2,0,1,0,0,0,0,2,2,2,2,2,1,1,1
456,-5623.242,7127.421,188.424,-28.799,0.876164,0.481684,0.017829,-0.481657,0.876339,-0.006037,-0.018532,-0.003298,0.999823,0,0.40845,-0.92601,0.131,0.012,11.849,692.110,-1,632.045,22.656,560.196,541.862,680.492,506.714,-1,-1,-1,-1,-1,993.190,8.155,23.677,1,0,2,0,1,0,0,0,0,2,2,2,2,2,1,1,1
457,-5623.306,7127.321,188.413,-28.784,0.876288,0.481456,0.017854,-0.481432,0.876463,-0.005931,-0.018504,-0.003399,0.999823,0,0.40845,-0.92601,0.119,0.015,10.814,692.055,-1,632.181,22.592,560.213,541.922,680.177,506.875,-1,-1,-1,-1,-1,993.247,22.519,23.610,1,0,2,0,1,0,0,0,0,2,2,2,2,2,1,1,1
458,-5623.320,7127.177,188.410,-28.765,0.876436,0.481170,0.018306,-0.481137,0.876621,-0.006442,-0.019147,-0.003162,0.999812,0,0.40845,-0.92601,0.145,0.019,9.005,690.504,-1,630.467,23.333,558.998,540.658,681.796,506.333,-1,-1,-1,-1,-1,993.230,22.519,24.384,1,0,2,0,1,0,0,0,0,2,2,2,2,2,1,1,1
459,-5623.296,7127.000,188.418,-28.743,0.876611,0.480828,0.018906,-0.480781,0.876810,-0.007263,-0.020069,-0.002723,0.999795,0,0.40845,-0.92601,0.179,0.023,18.654,688.412,-1,627.977,24.369,557.310,538.863,684.640,505.403,-1,-1,-1,-1,-1,993.181,22.518,25.467,1,0,2,0,1,0,0,0,0,2,2,2,2,2,1,1,1
460,-5623.246,7126.795,188.436,-28.715,0.876829,0.480410,0.019421,-0.480348,0.877041,-0.008077,-0.020913,-0.002247,0.999779,0,0.42357,-0.24624,0.211,0.028,18.655,686.595,-1,625.699,25.286,555.815,537.252,687.846,504.437,-1,-1,-1,-1,-1,993.147,22.519,26.426,1,0,2,0,1,0,0,0,0,2,2,2,2,2,1,1,1
461,-5623.181,7126.578,188.459,-28.684,0.877077,0.479944,0.019723,-0.479869,0.877297,-0.008687,-0.021473,-0.001845,0.999768,0,0.42357,-0.24624,0.226,0.031,18.655,685.488,-1,624.191,25.888,554.883,536.222,690.731,503.660,-1,-1,-1,-1,-1,993.141,22.519,27.054,1,0,2,0,1,0,0,0,0,2,2,2,2,2,1,1,1
462,-5623.121,7126.369,188.481,-28.653,0.877334,0.479471,0.019810,-0.479389,0.877556,-0.009020,-0.021709,-0.001584,0.999763,0,0.42357,-0.24624,0.218,0.031,18.655,685.119,-1,623.563,26.154,554.555,535.834,692.846,503.186,-1,-1,-1,-1,-1,993.170,22.519,27.334,1,0,2,0,1,0,0,0,0,2,2,2,2,2,1,1,1
463,-5623.075,7126.175,188.497,-28.622,0.877590,0.479005,0.019735,-0.478922,0.877811,-0.009079,-0.021673,-0.001484,0.999764,0,0.42357,-0.24624,0.199,0.031,18.655,685.322,-1,623.690,26.138,554.713,535.979,694.022,503.036,-1,-1,-1,-1,-1,993.233,22.518,27.317,1,0,2,0,1,0,0,0,0,2,2,2,2,2,1,1,1
464,-5623.042,7125.999,188.504,-28.593,0.877840,0.478555,0.019573,-0.478474,0.878056,-0.008933,-0.021461,-0.001523,0.999768,0,0.42357,-0.24624,0.179,0.029,18.654,685.845,-1,624.310,25.934,555.163,536.458,694.348,503.147,-1,-1,-1,-1,-1,993.318,22.518,27.103,1,0,2,0,1,0,0,0,0,2,2,2,2,2,1,1,1
465,-5623.021,7125.835,188.501,-28.565,0.878080,0.478120,0.019397,-0.478044,0.878293,-0.008680,-0.021186,-0.001651,0.999774,0,0.42357,-0.24624,0.165,0.028,18.655,686.435,-1,625.119,25.652,555.695,537.046,694.102,503.405,-1,-1,-1,-1,-1,993.416,22.519,26.808,1,0,2,0,1,0,0,0,0,2,2,2,2,2,1,1,1
466,-5623.003,7125.680,188.488,-28.537,0.878314,0.477697,0.019258,-0.477626,0.878523,-0.008415,-0.020939,-0.001807,0.999779,0,0.42357,-0.24624,0.156,0.027,18.655,686.904,-1,625.857,25.390,556.147,537.564,693.634,503.692,-1,-1,-1,-1,-1,993.514,22.518,26.535,1,0,2,0,1,0,0,0,0,2,2,2,2,2,1,1,1
467,-5622.986,7125.526,188.470,-28.510,0.878542,0.477279,0.019182,-0.477213,0.878749,-0.008209,-0.020774,-0.001941,0.999782,0,0.42357,-0.24624,0.155,0.027,18.654,687.155,-1,626.365,25.216,556.428,537.906,693.242,503.915,-1,-1,-1,-1,-1,993.603,22.519,26.352,1,0,2,0,1,0,0,0,0,2,2,2,2,2,1,1,1
468,-5622.965,7125.368,188.451,-28.483,0.878769,0.476862,0.019167,-0.476798,0.878976,-0.008096,-0.020708,-0.002024,0.999784,0,0.42357,-0.24624,0.159,0.027,18.654,687.183,-1,626.594,25.153,556.522,538.047,693.141,504.022,-1,-1,-1,-1,-1,993.682,22.518,26.287,1,0,2,0,1,0,0,0,0,2,2,2,2,2,1,1,1
469,-5622.941,7125.206,188.434,-28.456,0.878996,0.476442,0.019196,-0.476378,0.879204,-0.008078,-0.020726,-0.002044,0.999783,0,0.42357,-0.24624,0.164,0.027,18.655,687.047,-1,626.580,25.189,556.470,538.023,693.405,504.007,-1,-1,-1,-1,-1,993.752,22.518,26.324,1,0,2,0,1,0,0,0,0,2,2,2,2,2,1,1,1
470,-5622.913,7125.037,188.422,-28.428,0.879226,0.476016,0.019246,-0.475951,0.879434,-0.008131,-0.020797,-0.002011,0.999782,0,0.42357,-0.24624,0.171,0.028,18.654,686.830,-1,626.415,25.285,556.336,537.901,694.008,503.898,-1,-1,-1,-1,-1,993.814,22.519,26.425,1,0,2,0,1,0,0,0,0,2,2,2,2,2,1,1,1
471,-5622.882,7124.864,188.416,-28.400,0.879457,0.475586,0.019296,-0.475519,0.879667,-0.008223,-0.020885,-0.001944,0.999780,0,0.42357,-0.24624,0.176,0.028,18.655,686.613,-1,626.201,25.399,556.191,537.756,694.846,503.740,-1,-1,-1,-1,-1,993.874,22.519,26.543,1,0,2,0,1,0,0,0,0,2,2,2,2,2,1,1,1
472,-5622.850,7124.689,188.417,-28.372,0.879691,0.475153,0.019331,-0.475084,0.879901,-0.008318,-0.020962,-0.001866,0.999779,0,0.42357,-0.24624,0.178,0.028,18.655,686.452,-1,626.023,25.495,556.083,537.645,695.792,503.577,-1,-1,-1,-1,-1,993.934,22.519,26.645,1,0,2,0,1,0,0,0,0,2,2,2,2,2,1,1,1
473,-5622.818,7124.513,188.421,-28.343,0.879925,0.474719,0.019345,-0.474649,0.880135,-0.008394,-0.021011,-0.001796,0.999778,0,0.42357,-0.24624,0.179,0.028,18.655,686.371,-1,625.929,25.554,556.039,537.599,696.722,503.443,-1,-1,-1,-1,-1,993.999,22.519,26.706,1,0,2,0,1,0,0,0,0,2,2,2,2,2,1,1,1
474,-5622.787,7124.339,188.428,-28.315,0.880158,0.474286,0.019340,-0.474214,0.880369,-0.008438,-0.021029,-0.001744,0.999777,0,0.42357,-0.24624,0.177,0.028,18.655,686.364,-1,625.931,25.572,556.058,537.621,697.299,503.355,-1,-1,-1,-1,-1,994.066,22.519,26.724,1,0,2,0,1,0,0,0,0,2,2,2,2,2,1,1,1
475,-5622.871,7124.337,188.429,-28.291,0.880341,0.473931,0.019733,-0.473845,0.880561,-0.009118,-0.021697,-0.001323,0.999764,0,-0.11054,-0.70110,0.085,0.024,8.017,684.912,-1,624.075,26.203,554.856,536.318,698.854,502.479,-1,-1,-1,-1,-1,994.262,22.520,27.385,1,0,2,0,1,0,0,0,0,2,2,2,2,2,1,1,1
476,-5623.074,7124.470,188.415,-28.284,0.880379,0.473817,0.020737,-0.473709,0.880623,-0.010165,-0.023078,-0.000874,0.999733,0,-0.11054,-0.70110,0.243,0.008,18.654,681.574,-1,620.423,27.430,552.222,533.584,700.387,501.436,-1,-1,-1,-1,-1,994.453,22.518,28.666,1,0,2,0,1,0,0,0,0,2,2,2,2,2,1,1,1
477,-5623.236,7124.600,188.388,-28.282,0.880368,0.473794,0.021690,-0.473671,0.880635,-0.010839,-0.024236,-0.000731,0.999706,0,-0.11054,-0.70110,0.208,0.002,18.652,678.563,-1,617.503,28.312,549.945,531.300,700.880,500.971,-1,-1,-1,-1,-1,994.583,22.518,29.588,1,0,2,0,1,0,0,0,0,2,2,2,2,2,1,1,1
478,-5623.385,7124.798,188.367,-28.265,0.880492,0.473538,0.022276,-0.473405,0.880773,-0.011227,-0.024937,-0.000660,0.999689,0,-0.11054,-0.70110,0.248,0.017,18.652,676.689,-1,615.794,28.821,548.579,529.957,701.385,500.712,-1,-1,-1,-1,-1,994.941,22.518,30.121,1,0,2,0,1,0,0,0,0,2,2,2,2,2,1,1,1
479,-5623.568,7125.070,188.359,-28.239,0.880699,0.473141,0.022525,-0.473007,0.880986,-0.011279,-0.025181,-0.000721,0.999683,0,-0.11054,-0.70110,0.329,0.026,18.652,675.922,-1,615.328,28.943,548.112,529.556,701.712,500.796,-1,-1,-1,-1,-1,995.497,22.518,30.248,1,0,2,0,1,0,0,0,0,2,2,2,2,2,1,1,1
480,-5623.806,7125.413,188.367,-28.209,0.880956,0.472664,0.022506,-0.472535,0.881243,-0.011061,-0.025062,-0.000890,0.999686,0,-0.11054,-0.70110,0.417,0.031,18.652,676.040,-1,615.855,28.750,548.365,529.908,701.896,501.169,-1,-1,-1,-1,-1,996.214,22.517,30.046,1,0,2,0,1,0,0,0,0,2,2,2,2,2,1,1,1
481,-5624.110,7125.825,188.386,-28.173,0.881259,0.472106,0.022324,-0.471985,0.881541,-0.010724,-0.024742,-0.001086,0.999693,0,-0.11054,-0.70110,0.512,0.036,18.652,676.679,-1,616.923,28.386,549.031,530.682,702.178,501.649,-1,-1,-1,-1,-1,997.087,22.518,29.666,1,0,2,0,1,0,0,0,0,2,2,2,2,2,1,1,1
482,-5624.488,7126.310,188.414,-28.130,0.881615,0.471453,0.022092,-0.471340,0.881890,-0.010412,-0.024391,-0.001233,0.999702,0,-0.11054,-0.70110,0.615,0.042,18.652,677.449,-1,618.073,28.003,549.793,531.543,702.783,502.063,-1,-1,-1,-1,-1,998.120,22.518,29.265,1,0,2,0,1,0,0,0,0,2,2,2,2,2,1,1,1
483,-5624.944,7126.868,188.445,-28.081,0.882025,0.470694,0.021896,-0.470584,0.882296,-0.010219,-0.024128,-0.001291,0.999708,0,-0.11054,-0.70110,0.721,0.049,18.652,678.054,-1,618.978,27.716,550.415,532.246,703.826,502.309,-1,-1,-1,-1,-1,999.317,22.518,28.965,1,0,2,0,1,0,0,0,0,2,2,2,2,2,1,1,1
484,-5625.482,7127.490,188.477,-28.028,0.882468,0.469867,0.021796,-0.469760,0.882736,-0.010122,-0.023996,-0.001306,0.999711,0,-0.11054,-0.70110,0.823,0.054,18.651,678.344,-1,619.559,27.698,550.799,532.706,705.128,502.465,-1,-1,-1,-1,-1,1000.642,22.517,28.946,1,0,2,0,1,0,0,0,0,2,2,2,2,2,1,1,1
485,-5626.094,7128.167,188.511,-27.971,0.882933,0.468994,0.021768,-0.468888,0.883200,-0.010066,-0.023947,-0.001319,0.999712,0,-0.11054,-0.70110,0.912,0.057,18.650,678.417,-1,619.955,27.816,551.031,533.016,706.550,502.614,-1,-1,-1,-1,-1,1002.076,22.517,29.068,1,0,2,0,1,0,0,0,0,2,2,2,2,2,1,1,1
486,-5626.763,7128.895,188.546,-27.910,0.883430,0.468057,0.021764,-0.467952,0.883697,-0.010026,-0.023925,-0.001327,0.999713,0,-0.11054,-0.70110,0.989,0.061,18.646,678.410,-1,620.294,27.935,551.213,533.273,708.096,502.754,-1,-1,-1,-1,-1,1003.622,22.516,29.190,1,0,2,0,1,0,0,0,0,2,2,2,2,2,1,1,1
487,-5627.259,7129.342,188.574,-27.869,0.883785,0.467411,0.021228,-0.467330,0.884038,-0.008927,-0.022939,-0.002031,0.999735,0,0.50010,-0.43983,0.668,0.041,18.566,680.393,-1,623.354,26.965,553.095,535.435,707.082,504.300,-1,-1,-1,-1,-1,1004.704,22.488,28.116,1,0,2,0,1,0,0,0,0,2,2,2,2,2,1,1,1
488,-5627.222,7129.186,188.573,-27.884,0.883710,0.467624,0.019600,-0.467589,0.883921,-0.006612,-0.020417,-0.003322,0.999786,0,0.50010,-0.43983,0.161,-0.015,18.469,686.008,-1,630.326,23.968,557.749,540.436,702.994,507.047,-1,-1,-1,-1,-1,1004.564,22.457,24.928,1,0,2,0,1,0,0,0,0,2,2,2,2,2,1,1,1
489,-5626.725,7128.526,188.543,-27.948,0.883234,0.468594,0.017797,-0.468595,0.883402,-0.004409,-0.017788,-0.004445,0.999832,0,0.50010,-0.43983,0.826,-0.064,9.774,692.161,-1,637.303,20.740,562.581,545.490,698.286,509.400,-1,-1,-1,-1,-1,1003.314,22.422,21.508,1,0,2,0,1,0,0,0,0,2,2,2,2,2,1,1,1
490,-5625.824,7127.404,188.498,-28.053,0.882401,0.470208,0.016497,-0.470226,0.882541,-0.002996,-0.015968,-0.005114,0.999859,0,0.50010,-0.43983,1.439,-0.105,12.052,696.650,-1,641.839,18.337,565.850,548.788,693.965,510.728,-1,-1,-1,-1,-1,1001.023,8.555,18.954,1,0,2,0,1,0,0,0,0,2,2,2,2,2,1,1,1
491,-5624.519,7125.854,188.445,-28.187,0.881305,0.472279,0.015922,-0.472300,0.881434,-0.002631,-0.015277,-0.005201,0.999870,0,0.50010,-0.43983,2.026,-0.134,13.318,698.651,-1,643.030,17.822,566.939,549.692,686.561,510.762,-1,-1,-1,-1,-1,997.809,9.537,18.363,1,0,2,0,1,0,0,0,0,2,2,2,2,2,1,1,1
492,-5623.102,7124.294,188.410,-28.259,0.880701,0.473395,0.016208,-0.473394,0.880841,-0.004156,-0.016244,-0.004013,0.999860,0,0.50010,-0.43983,2.108,-0.072,18.043,697.196,-1,639.376,20.497,565.080,547.324,686.243,508.191,-1,-1,-1,-1,-1,994.986,22.332,21.082,1,0,2,0,1,0,0,0,0,2,2,2,2,2,1,1,1
493,-5622.425,7123.656,188.411,-28.160,0.881462,0.471907,0.018127,-0.471836,0.881647,-0.008288,-0.019893,-0.001247,0.999801,0,0.50010,-0.43983,0.930,0.099,8.420,689.628,-1,628.664,25.800,558.519,540.010,699.999,502.469,-1,-1,-1,-1,-1,994.712,22.358,26.605,1,0,2,0,1,0,0,0,0,2,2,2,2,2,1,1,1
494,-5622.178,7123.348,188.425,-28.065,0.882170,0.470481,0.020592,-0.470339,0.882410,-0.011567,-0.023613,0.000519,0.999721,0,0.50010,-0.43983,0.395,0.095,18.229,681.170,-1,618.758,29.230,551.746,532.841,706.077,498.751,-1,-1,-1,-1,-1,994.919,22.383,30.211,1,0,2,0,1,0,0,0,0,2,2,2,2,2,1,1,1
495,-5622.043,7123.126,188.435,-27.997,0.882679,0.469454,0.022161,-0.469278,0.882957,-0.012887,-0.025617,0.000975,0.999671,0,0.50010,-0.43983,0.260,0.067,18.287,676.263,-1,613.911,30.519,548.074,529.142,708.065,497.708,-1,-1,-1,-1,-1,995.132,22.400,31.591,1,0,2,0,1,0,0,0,0,2,2,2,2,2,1,1,1
496,-5621.924,7122.953,188.434,-27.946,0.883101,0.468647,0.022426,-0.468482,0.883385,-0.012429,-0.025636,0.000470,0.999671,0,0.50010,-0.43983,0.210,0.052,18.335,675.744,-1,614.367,30.157,548.003,529.294,706.991,498.663,-1,-1,-1,-1,-1,995.381,22.415,31.256,1,0,2,0,1,0,0,0,0,2,2,2,2,2,1,1,1
497,-5621.826,7122.820,188.421,-27.904,0.883475,0.467975,0.021713,-0.467850,0.883741,-0.010859,-0.024270,-0.000565,0.999705,0,0.50010,-0.43983,0.165,0.042,18.377,678.377,-1,618.422,28.698,550.461,532.106,704.231,500.743,-1,-1,-1,-1,-1,995.681,22.427,29.777,1,0,2,0,1,0,0,0,0,2,2,2,2,2,1,1,1
498,-5621.763,7122.717,188.398,-27.868,0.883805,0.467402,0.020570,-0.467320,0.884043,-0.008942,-0.022365,-0.001710,0.999748,0,0.50010,-0.43983,0.121,0.036,18.412,682.330,-1,623.837,26.733,553.931,535.945,701.097,503.075,-1,-1,-1,-1,-1,996.002,22.438,27.763,1,0,2,0,1,0,0,0,0,2,2,2,2,2,1,1,1
499,-5621.733,7122.617,188.370,-27.836,0.884097,0.466898,0.019477,-0.466849,0.884307,-0.007301,-0.020633,-0.002638,0.999784,0,0.50010,-0.43983,0.104,0.032,18.441,686.032,-1,628.703,24.856,557.110,539.422,698.581,504.969,-1,-1,-1,-1,-1,996.296,22.448,25.833,1,0,2,0,1,0,0,0,0,2,2,2,2,2,1,1,1
