timestep,x_cm,y_cm,z_cm,yaw_deg,basis_xx,basis_xy,basis_xz,basis_yx,basis_yy,basis_yz,basis_zx,basis_zy,basis_zz,teleport_flag,throttle_cmd,steering_cmd,cmd_move_cm,cmd_turn_deg,lidar_cm_0,lidar_cm_1,lidar_cm_2,lidar_cm_3,lidar_cm_4,lidar_cm_5,lidar_cm_6,lidar_cm_7,lidar_cm_8,lidar_cm_9,lidar_cm_10,lidar_cm_11,lidar_cm_12,lidar_cm_13,lidar_cm_14,lidar_cm_15,lidar_cm_16,lidar_class_0,lidar_class_1,lidar_class_2,lidar_class_3,lidar_class_4,lidar_class_5,lidar_class_6,lidar_class_7,lidar_class_8,lidar_class_9,lidar_class_10,lidar_class_11,lidar_class_12,lidar_class_13,lidar_class_14,lidar_class_15,lidar_class_16
0,1628.142,1576.204,802.789,80.404,0.166700,-0.985623,0.027529,0.985967,0.166375,-0.013709,0.008932,0.029428,0.999527,0,-0.04652,0.54860,1.076,0.004,-1,797.361,-1,854.173,-1,612.058,625.094,544.844,511.637,-1,-1,-1,-1,-1,-1,-1,-1,2,0,2,0,2,0,0,0,0,2,2,2,2,2,2,2,2
1,1627.892,1575.152,807.206,80.402,0.166734,-0.985674,0.025423,0.985975,0.166484,-0.011702,0.007302,0.027017,0.999608,0,-0.04652,0.54860,1.082,-0.002,-1,804.943,-1,869.015,-1,620.720,634.974,553.452,531.922,-1,-1,-1,-1,-1,-1,-1,-1,2,0,2,0,2,0,0,0,0,2,2,2,2,2,2,2,2
2,1627.618,1574.074,810.364,80.404,0.166693,-0.985726,0.023609,0.985992,0.166503,-0.009837,0.005766,0.024918,0.999673,0,-0.04652,0.54860,1.112,0.002,-1,807.917,-1,878.380,-1,625.528,640.794,558.445,547.177,-1,-1,-1,-1,-1,-1,-1,-1,2,0,2,0,2,0,0,0,0,2,2,2,2,2,2,2,2
3,1627.347,1572.955,812.236,80.402,0.166736,-0.985761,0.021780,0.985993,0.166602,-0.007848,0.004108,0.022783,0.999732,0,-0.04652,0.54860,1.152,-0.002,-1,804.922,-1,881.084,-1,625.766,641.981,558.894,558.328,-1,-1,-1,-1,-1,-1,-1,-1,2,0,2,0,2,0,0,0,0,2,2,2,2,2,2,2,2
4,1627.074,1571.797,812.819,80.392,0.166904,-0.985771,0.019950,0.985970,0.166822,-0.005743,0.002333,0.020628,0.999784,0,-0.04652,0.54860,1.190,-0.010,-1,796.182,-1,877.202,-1,621.530,638.622,554.937,565.407,-1,-1,-1,-1,-1,-1,-1,-1,2,0,2,0,2,0,0,0,0,2,2,2,2,2,2,2,2
5,1626.800,1570.634,812.174,80.372,0.167245,-0.985742,0.018511,0.985915,0.167198,-0.004077,0.000924,0.018932,0.999820,0,-0.04652,0.54860,1.194,-0.020,-1,784.795,-1,868.977,-1,614.589,632.301,548.144,567.356,-1,-1,-1,-1,-1,-1,-1,-1,2,0,2,0,2,0,0,0,0,2,2,2,2,2,2,2,2
6,1626.534,1569.536,810.422,80.342,0.167761,-0.985659,0.018254,0.985827,0.167715,-0.004024,0.000904,0.018670,0.999825,0,-0.04652,0.54860,1.130,-0.030,-1,776.764,-1,860.897,-1,608.512,626.225,541.533,562.133,-1,-1,-1,-1,-1,-1,-1,-1,2,0,2,0,2,0,0,0,0,2,2,2,2,2,2,2,2
7,1626.329,1568.559,807.671,80.303,0.168441,-0.985516,0.019640,0.985707,0.168343,-0.006559,0.003158,0.020464,0.999786,0,-0.04652,0.54860,0.998,-0.040,-1,777.068,-1,856.326,-1,606.266,623.144,537.052,548.727,-1,-1,-1,-1,-1,-1,-1,-1,2,0,2,0,2,0,0,0,0,2,2,2,2,2,2,2,2
8,1626.182,1567.716,804.050,80.266,0.169066,-0.985338,0.022930,0.985572,0.168826,-0.012041,0.007993,0.024635,0.999665,0,-0.04652,0.54860,0.856,-0.037,-1,788.297,-1,856.900,-1,609.242,624.305,535.928,526.872,-1,-1,-1,-1,-1,-1,-1,-1,2,0,2,0,2,0,0,0,0,2,2,2,2,2,2,2,2
9,1626.197,1566.737,800.332,80.235,0.169596,-0.985164,0.026236,0.985437,0.169191,-0.016973,0.012283,0.028733,0.999512,0,-0.04652,0.54860,0.978,-0.031,-1,796.966,-1,854.431,-1,610.330,623.514,534.139,505.086,-1,-1,-1,-1,-1,-1,-1,-1,2,0,2,0,2,0,0,0,0,2,2,2,2,2,2,2,2
10,1626.318,1565.495,797.492,80.197,0.170247,-0.985000,0.028112,0.985290,0.169728,-0.019924,0.014853,0.031090,0.999406,0,-0.04652,0.54860,1.248,-0.038,-1,799.370,-1,849.867,-1,608.787,620.808,530.587,490.534,-1,-1,-1,-1,-1,-1,-1,-1,2,0,2,0,2,0,0,0,0,2,2,2,2,2,2,2,2
11,1626.391,1563.997,795.975,80.149,0.171065,-0.984847,0.028518,0.985139,0.170518,-0.020632,0.015457,0.031623,0.999380,0,-0.04652,0.54860,1.500,-0.048,-1,795.844,-1,844.106,-1,605.267,616.916,526.609,484.397,-1,-1,-1,-1,-1,-1,-1,-1,2,0,2,0,2,0,0,0,0,2,2,2,2,2,2,2,2
12,1626.396,1562.611,795.826,80.104,0.171838,-0.984732,0.027829,0.985005,0.171308,-0.020439,0.015359,0.030924,0.999404,0,0.41056,0.80437,1.386,-0.045,-1,793.346,-1,843.044,-1,603.958,615.837,524.163,485.489,-1,-1,-1,-1,-1,-1,-1,-1,2,0,2,0,2,0,0,0,0,2,2,2,2,2,2,2,2
13,1626.365,1561.809,796.776,80.080,0.172248,-0.984691,0.026744,0.984927,0.171727,-0.020702,0.015792,0.029906,0.999428,0,0.41056,0.80437,0.803,-0.024,-1,797.788,-1,850.533,-1,607.968,620.430,524.871,491.026,-1,-1,-1,-1,-1,-1,-1,-1,2,0,2,0,2,0,0,0,0,2,2,2,2,2,2,2,2
14,1626.329,1561.564,798.375,80.076,0.172322,-0.984702,0.025841,0.984905,0.171803,-0.021137,0.016374,0.029093,0.999443,0,0.41056,0.80437,0.247,-0.004,-1,806.228,-1,861.875,-1,614.810,627.797,528.416,498.299,-1,-1,-1,-1,-1,-1,-1,-1,2,0,2,0,2,0,0,0,0,2,2,2,2,2,2,2,2
15,1626.314,1561.849,800.137,80.090,0.172075,-0.984755,0.025465,0.984941,0.171551,-0.021492,0.016796,0.028779,0.999445,0,0.41056,0.80437,0.285,0.014,-1,815.547,-1,872.821,-1,622.001,635.287,533.807,504.957,-1,-1,-1,-1,-1,-1,-1,-1,2,0,2,0,2,0,0,0,0,2,2,2,2,2,2,2,2
16,1626.349,1562.642,801.662,80.119,0.171574,-0.984839,0.025566,0.985025,0.171044,-0.021668,0.016966,0.028901,0.999438,0,0.41056,0.80437,0.794,0.029,-1,823.463,-1,881.083,-1,627.888,641.246,539.495,509.777,-1,-1,-1,-1,-1,-1,-1,-1,2,0,2,0,2,0,0,0,0,2,2,2,2,2,2,2,2
17,1626.447,1563.936,802.731,80.158,0.170903,-0.984953,0.025697,0.985141,0.170369,-0.021733,0.017028,0.029030,0.999434,0,0.41056,0.80437,1.298,0.039,-1,829.063,-1,887.501,-1,632.076,645.493,543.651,513.062,-1,-1,-1,-1,-1,-1,-1,-1,2,0,2,0,2,0,0,0,0,2,2,2,2,2,2,2,2
18,1626.583,1565.723,803.268,80.210,0.170021,-0.985106,0.025654,0.985294,0.169489,-0.021656,0.016985,0.028959,0.999436,0,0.41056,0.80437,1.792,0.051,-1,831.688,-1,891.514,-1,634.249,647.817,545.479,515.056,-1,-1,-1,-1,-1,-1,-1,-1,2,0,2,0,2,0,0,0,0,2,2,2,2,2,2,2,2
19,1626.745,1567.983,803.293,80.270,0.168990,-0.985286,0.025551,0.985476,0.168469,-0.021339,0.016720,0.028786,0.999446,0,0.41056,0.80437,2.267,0.060,-1,831.024,-1,892.365,-1,634.136,647.882,545.279,515.570,-1,-1,-1,-1,-1,-1,-1,-1,2,0,2,0,2,0,0,0,0,2,2,2,2,2,2,2,2
20,1626.932,1570.692,802.897,80.337,0.167832,-0.985482,0.025663,0.985685,0.167329,-0.020625,0.016032,0.028757,0.999458,0,0.41056,0.80437,2.715,0.067,-1,826.906,-1,888.948,-1,631.491,645.302,543.980,514.290,-1,-1,-1,-1,-1,-1,-1,-1,2,0,2,0,2,0,0,0,0,2,2,2,2,2,2,2,2
21,1627.155,1573.821,802.218,80.411,0.166554,-0.985682,0.026284,0.985922,0.166078,-0.019377,0.014735,0.029141,0.999467,0,0.41056,0.80437,3.137,0.074,-1,819.505,-1,880.484,-1,626.289,639.904,542.723,510.998,-1,-1,-1,-1,-1,-1,-1,-1,2,0,2,0,2,0,0,0,0,2,2,2,2,2,2,2,2
22,1627.450,1577.365,801.464,80.490,0.165198,-0.985884,0.027248,0.986173,0.164753,-0.017865,0.013124,0.029822,0.999469,0,0.41056,0.80437,3.555,0.079,-1,811.030,-1,869.909,-1,620.166,633.422,541.973,506.738,-1,-1,-1,-1,-1,-1,-1,-1,2,0,2,0,2,0,0,0,0,2,2,2,2,2,2,2,2
23,1627.808,1581.336,800.863,80.576,0.163732,-0.986102,0.028186,0.986436,0.163315,-0.016519,0.011686,0.030509,0.999466,0,0.41056,0.80437,3.988,0.085,-1,804.290,-1,861.458,-1,615.282,628.218,541.838,503.030,-1,-1,-1,-1,-1,-1,-1,-1,2,0,2,0,2,0,0,0,0,2,2,2,2,2,2,2,2
24,1628.205,1585.737,800.548,80.669,0.162121,-0.986346,0.028936,0.986715,0.161729,-0.015425,0.010535,0.031053,0.999462,0,0.41056,0.80437,4.418,0.094,-1,800.091,-1,856.526,-1,612.332,625.076,542.414,500.667,-1,-1,-1,-1,-1,-1,-1,-1,2,0,2,0,2,0,0,0,0,2,2,2,2,2,2,2,2
25,1628.626,1590.549,800.568,80.772,0.160363,-0.986620,0.029418,0.987012,0.159994,-0.014490,0.009589,0.031359,0.999462,0,0.41056,0.80437,4.831,0.102,-1,798.093,-1,854.983,-1,611.176,623.895,543.613,500.003,-1,-1,-1,-1,-1,-1,-1,-1,2,0,2,0,2,0,0,0,0,2,2,2,2,2,2,2,2
26,1629.065,1595.747,800.900,80.881,0.158487,-0.986917,0.029597,0.987322,0.158144,-0.013624,0.008766,0.031381,0.999469,0,0.41056,0.80437,5.217,0.109,-1,797.729,-1,856.137,-1,611.480,624.338,545.217,501.094,-1,-1,-1,-1,-1,-1,-1,-1,2,0,2,0,2,0,0,0,0,2,2,2,2,2,2,2,2
27,1629.505,1601.295,801.472,80.993,0.156555,-0.987226,0.029601,0.987637,0.156239,-0.012731,0.007943,0.031229,0.999481,0,0.41056,0.80437,5.565,0.112,-1,798.288,-1,858.915,-1,612.744,625.741,547.241,503.480,-1,-1,-1,-1,-1,-1,-1,-1,2,0,2,0,2,0,0,0,0,2,2,2,2,2,2,2,2
28,1629.920,1607.138,802.193,81.111,0.154512,-0.987551,0.029469,0.987968,0.154239,-0.011341,0.006654,0.030867,0.999501,0,0.41056,0.80437,5.858,0.119,-1,797.205,-1,860.515,-1,613.141,626.419,549.193,506.764,-1,-1,-1,-1,-1,-1,-1,-1,2,0,2,0,2,0,0,0,0,2,2,2,2,2,2,2,2
29,1630.317,1613.303,802.928,81.243,0.152239,-0.987911,0.029253,0.988332,0.152026,-0.009394,0.004833,0.030341,0.999528,0,0.41056,0.80437,6.177,0.132,-1,793.705,-1,859.972,-1,612.004,625.736,550.700,510.419,-1,-1,-1,-1,-1,-1,-1,-1,2,0,2,0,2,0,0,0,0,2,2,2,2,2,2,2,2
30,1630.701,1619.810,803.568,81.385,0.149789,-0.988293,0.028974,0.988714,0.149645,-0.007102,0.002683,0.029710,0.999555,0,0.41056,0.80437,6.519,0.142,-1,788.398,-1,857.763,-1,609.618,623.892,551.580,513.998,-1,-1,-1,-1,-1,-1,-1,-1,2,0,2,0,2,0,0,0,0,2,2,2,2,2,2,2,2
31,1631.074,1626.727,804.021,81.539,0.147133,-0.988691,0.029008,0.989116,0.147050,-0.005007,0.000685,0.029429,0.999567,0,0.41056,0.80437,6.927,0.154,-1,783.648,-1,855.257,-1,607.278,621.954,552.785,515.849,-1,-1,-1,-1,-1,-1,-1,-1,2,0,2,0,2,0,0,0,0,2,2,2,2,2,2,2,2
32,1631.441,1634.092,804.220,81.707,0.144232,-0.989099,0.029659,0.989544,0.144191,-0.003530,-0.000785,0.029858,0.999554,0,0.41056,0.80437,7.375,0.168,-1,781.217,-1,853.219,-1,605.919,620.728,555.099,515.111,-1,-1,-1,-1,-1,-1,-1,-1,2,0,2,0,2,0,0,0,0,2,2,2,2,2,2,2,2
33,1631.822,1641.866,804.209,81.888,0.141111,-0.989517,0.030713,0.989992,0.141102,-0.002455,-0.001904,0.030752,0.999525,0,0.41056,0.80437,7.783,0.181,-1,780.144,-1,851.535,-1,605.096,619.873,557.914,512.651,-1,-1,-1,-1,-1,-1,-1,-1,2,0,2,0,2,0,0,0,0,2,2,2,2,2,2,2,2
34,1632.202,1650.027,804.066,82.084,0.137726,-0.989954,0.031964,0.990466,0.137748,-0.001522,-0.002896,0.031869,0.999488,0,0.41056,0.80437,8.170,0.196,-1,779.446,-1,849.820,-1,604.345,618.991,560.868,509.267,-1,-1,-1,-1,-1,-1,-1,-1,2,0,2,0,2,0,0,0,0,2,2,2,2,2,2,2,2
35,1632.546,1658.535,803.912,82.297,0.134043,-0.990415,0.033339,0.990967,0.134103,-0.000436,-0.004039,0.033097,0.999444,0,0.41056,0.80437,8.515,0.213,-1,778.267,-1,847.383,-1,603.215,617.555,564.174,505.577,-1,-1,-1,-1,-1,-1,-1,-1,2,0,2,0,2,0,0,0,0,2,2,2,2,2,2,2,2
36,1632.842,1667.364,803.842,82.526,0.130081,-0.990894,0.034747,0.991488,0.130194,0.001025,-0.005539,0.034318,0.999396,0,0.41056,0.80437,8.834,0.229,-1,776.836,-1,843.807,-1,601.464,615.438,568.012,502.128,-1,-1,-1,-1,-1,-1,-1,-1,2,0,2,0,2,0,0,0,0,2,2,2,2,2,2,2,2
37,1633.073,1676.397,803.899,82.762,0.125983,-0.991389,0.035723,0.992004,0.126169,0.002977,-0.007459,0.035062,0.999357,0,0.21825,0.73289,9.037,0.237,-1,774.229,-1,839.417,-1,598.913,612.711,570.954,500.103,-1,-1,-1,-1,-1,-1,-1,-1,2,0,2,0,2,0,0,0,0,2,2,2,2,2,2,2,2
38,1633.210,1685.501,804.007,83.001,0.121844,-0.991889,0.036186,0.992502,0.122112,0.005275,-0.009651,0.035272,0.999331,0,0.21825,0.73289,9.105,0.239,-1,769.883,-1,834.790,-1,595.682,609.537,572.547,499.391,-1,-1,-1,-1,-1,-1,-1,-1,2,0,2,0,2,0,0,0,0,2,2,2,2,2,2,2,2
39,1633.253,1694.727,804.087,83.240,0.117702,-0.992383,0.036371,0.992984,0.118033,0.007084,-0.011323,0.035282,0.999313,0,0.21825,0.73289,9.226,0.239,-1,767.603,-1,832.928,-1,593.780,607.829,573.581,499.492,-1,-1,-1,-1,-1,-1,-1,-1,2,0,2,0,2,0,0,0,0,2,2,2,2,2,2,2,2
40,1633.258,1704.071,804.128,83.481,0.113531,-0.992867,0.036422,0.993458,0.113900,0.008211,-0.012300,0.035252,0.999303,0,0.21825,0.73289,9.344,0.241,-1,768.287,-1,836.282,-1,593.647,607.966,574.481,499.859,-1,-1,-1,-1,-1,-1,-1,-1,2,0,2,0,2,0,0,0,0,2,2,2,2,2,2,2,2
41,1633.234,1713.500,804.152,83.721,0.109366,-0.993335,0.036384,0.993917,0.109760,0.009006,-0.012940,0.035178,0.999297,0,0.21825,0.73289,9.430,0.240,-1,770.383,-1,841.588,-1,594.258,609.012,575.265,500.025,-1,-1,-1,-1,-1,-1,-1,-1,2,0,2,0,2,0,0,0,0,2,2,2,2,2,2,2,2
42,1633.188,1722.919,804.240,83.956,0.105290,-0.993782,0.036208,0.994346,0.105715,0.010042,-0.013807,0.034946,0.999294,0,0.21825,0.73289,9.419,0.235,-1,771.477,-1,846.165,-1,594.360,609.657,575.812,500.294,-1,-1,-1,-1,-1,-1,-1,-1,2,0,2,0,2,0,0,0,0,2,2,2,2,2,2,2,2
43,1633.109,1732.369,804.386,84.191,0.101198,-0.994216,0.035973,0.994757,0.101656,0.011147,-0.014739,0.034656,0.999291,0,0.21825,0.73289,9.450,0.236,-1,772.457,-1,850.752,-1,594.684,610.564,576.404,500.850,-1,-1,-1,-1,-1,-1,-1,-1,2,0,2,0,2,0,0,0,0,2,2,2,2,2,2,2,2
44,1632.893,1741.936,804.442,84.453,0.096642,-0.994661,0.036200,0.995197,0.097137,0.012166,-0.015618,0.034850,0.999270,0,0.21825,0.73289,9.570,0.262,-1,774.035,-1,854.278,-1,595.004,611.132,578.043,500.070,-1,-1,-1,-1,-1,-1,-1,-1,2,0,2,0,2,0,0,0,0,2,2,2,2,2,2,2,2
45,1632.533,1751.610,804.301,84.745,0.091584,-0.995119,0.036758,0.995661,0.092120,0.013149,-0.016471,0.035394,0.999238,0,0.21825,0.73289,9.681,0.291,-1,775.256,-1,856.316,-1,594.755,610.984,579.952,497.919,-1,-1,-1,-1,-1,-1,-1,-1,2,0,2,0,2,0,0,0,0,2,2,2,2,2,2,2,2
46,1632.033,1761.323,803.991,85.058,0.086129,-0.995597,0.036996,0.996126,0.086717,0.014582,-0.017726,0.035597,0.999209,0,0.21825,0.73289,9.726,0.314,-1,773.274,-1,855.938,-1,592.726,609.221,580.179,495.910,-1,-1,-1,-1,-1,-1,-1,-1,2,0,2,0,2,0,0,0,0,2,2,2,2,2,2,2,2
47,1631.432,1771.110,803.566,85.379,0.080543,-0.996070,0.036846,0.996568,0.081183,0.016203,-0.019130,0.035415,0.999190,0,0.21825,0.73289,9.806,0.321,-1,769.703,-1,854.890,-1,589.857,606.778,578.864,494.339,-1,-1,-1,-1,-1,-1,-1,-1,2,0,2,0,2,0,0,0,0,2,2,2,2,2,2,2,2
48,1630.641,1780.975,803.111,85.724,0.074549,-0.996545,0.036608,0.997009,0.075232,0.017670,-0.020363,0.035181,0.999173,0,0.21825,0.73289,9.896,0.344,-1,766.710,-1,855.620,-1,587.252,604.651,577.310,493.595,-1,-1,-1,-1,-1,-1,-1,-1,2,0,2,0,2,0,0,0,0,2,2,2,2,2,2,2,2
49,1629.704,1790.923,802.646,86.086,0.068247,-0.997003,0.036443,0.997436,0.068975,0.019100,-0.021556,0.035046,0.999153,0,0.21825,0.73289,9.992,0.362,-1,764.019,-1,857.196,-1,584.670,602.530,576.003,492.619,-1,-1,-1,-1,-1,-1,-1,-1,2,0,2,0,2,0,0,0,0,2,2,2,2,2,2,2,2
50,1628.703,1800.952,802.213,86.453,0.061858,-0.997418,0.036478,0.997824,0.062637,0.020608,-0.022840,0.035123,0.999122,0,0.21825,0.73289,10.078,0.367,-1,761.420,-1,857.952,-1,581.775,600.221,575.420,490.829,-1,-1,-1,-1,-1,-1,-1,-1,2,0,2,0,2,0,0,0,0,2,2,2,2,2,2,2,2
51,1627.683,1811.078,801.862,86.809,0.055646,-0.997751,0.037357,0.998166,0.056485,0.021780,-0.023841,0.036077,0.999065,0,0.21825,0.73289,10.177,0.357,-1,761.532,-1,859.099,-1,580.099,598.723,577.872,487.377,-1,-1,-1,-1,-1,-1,-1,-1,2,0,2,0,2,0,0,0,0,2,2,2,2,2,2,2,2
52,1626.458,1823.647,801.489,87.242,0.048108,-0.998091,0.038736,0.998555,0.048988,0.022090,-0.023945,0.037618,0.999005,0,0.49425,1.00000,12.629,0.433,-1,768.150,-1,866.803,-1,581.212,599.694,582.526,482.723,-1,-1,-1,-1,-1,-1,-1,-1,2,0,2,0,2,0,0,0,0,2,2,2,2,2,2,2,2
53,1625.605,1832.390,801.308,87.544,0.042839,-0.998308,0.039306,0.998801,0.043727,0.022020,-0.023701,0.038315,0.998985,0,0.49425,1.00000,8.784,0.302,-1,773.133,-1,875.097,-1,582.923,601.506,585.213,480.495,-1,-1,-1,-1,-1,-1,-1,-1,2,0,2,0,2,0,0,0,0,2,2,2,2,2,2,2,2
54,1624.295,1843.703,801.100,87.963,0.035539,-0.998561,0.040154,0.999094,0.036442,0.021986,-0.023418,0.039336,0.998952,0,0.49425,1.00000,11.389,0.419,-1,779.053,-1,885.491,-1,584.980,603.925,589.145,478.022,-1,-1,-1,-1,-1,-1,-1,-1,2,0,2,0,2,0,0,0,0,2,2,2,2,2,2,2,2
55,1622.814,1855.431,800.796,88.406,0.027809,-0.998767,0.041132,0.999339,0.028742,0.022248,-0.023403,0.040486,0.998906,0,0.49425,1.00000,11.822,0.443,-1,786.670,-1,892.888,-1,586.396,606.395,593.123,475.456,-1,-1,-1,-1,-1,-1,-1,-1,2,0,2,0,2,0,0,0,0,2,2,2,2,2,2,2,2
56,1621.222,1867.515,800.448,88.858,0.019925,-0.998923,0.041901,0.999510,0.020913,0.023276,-0.024128,0.041417,0.998851,0,0.49425,1.00000,12.188,0.452,-1,793.152,-1,895.877,-1,586.000,606.710,596.227,473.114,-1,-1,-1,-1,-1,-1,-1,-1,2,0,2,0,2,0,0,0,0,2,2,2,2,2,2,2,2
57,1619.429,1879.919,800.050,89.329,0.011710,-0.999035,0.042338,0.999594,0.012797,0.025473,-0.025990,0.042023,0.998779,0,0.49425,1.00000,12.533,0.471,-1,793.715,-1,891.768,-1,582.710,603.326,598.014,471.223,-1,-1,-1,-1,-1,-1,-1,-1,2,0,2,0,2,0,0,0,0,2,2,2,2,2,2,2,2
58,1617.410,1892.676,799.544,89.820,0.003133,-0.999094,0.042435,0.999587,0.004342,0.028417,-0.028576,0.042328,0.998695,0,0.49425,1.00000,12.916,0.492,-1,789.195,-1,883.189,-1,577.589,597.507,598.399,469.626,-1,-1,-1,-1,-1,-1,-1,-1,2,0,2,0,2,0,0,0,0,2,2,2,2,2,2,2,2
59,1615.180,1905.824,798.873,90.333,-0.005817,-0.999089,0.042271,0.999489,-0.004479,0.031665,-0.031447,0.042433,0.998604,0,0.49425,1.00000,13.336,0.513,-1,782.679,-1,872.499,-1,571.320,590.578,597.547,468.151,-1,-1,-1,-1,-1,-1,-1,-1,2,0,2,0,2,0,0,0,0,2,2,2,2,2,2,2,2
60,1612.755,1919.407,798.061,90.854,-0.014895,-0.998987,0.042472,0.999322,-0.013443,0.034265,-0.033660,0.042954,0.998510,0,0.49425,1.00000,13.798,0.520,-1,779.300,-1,863.700,-1,566.581,585.074,597.637,466.326,-1,-1,-1,-1,-1,-1,-1,-1,2,0,2,0,2,0,0,0,0,2,2,2,2,2,2,2,2
61,1610.202,1933.358,797.219,91.379,-0.024056,-0.998811,0.042402,0.999075,-0.022507,0.036650,-0.035652,0.043244,0.998428,0,0.49425,1.00000,14.182,0.525,-1,776.605,-1,856.879,-1,562.398,580.657,597.022,464.878,-1,-1,-1,-1,-1,-1,-1,-1,2,0,2,0,2,0,0,0,0,2,2,2,2,2,2,2,2
62,1607.406,1947.664,796.347,91.933,-0.033704,-0.998515,0.042791,0.998720,-0.032033,0.039150,-0.037721,0.044056,0.998317,0,0.49432,1.00000,14.577,0.554,-1,774.720,-1,848.623,-1,557.992,575.861,597.908,462.495,-1,-1,-1,-1,-1,-1,-1,-1,2,0,2,0,2,0,0,0,0,2,2,2,2,2,2,2,2
63,1604.335,1962.322,795.388,92.526,-0.044032,-0.998086,0.043418,0.998240,-0.042227,0.041634,-0.039721,0.045175,0.998189,0,0.49627,1.00000,14.976,0.593,-1,774.083,-1,839.724,-1,553.119,570.531,599.751,460.904,-1,-1,-1,-1,-1,-1,-1,-1,2,0,2,0,2,0,0,0,0,2,2,2,2,2,2,2,2
64,1600.999,1977.248,794.462,93.146,-0.054824,-0.997539,0.043711,0.997607,-0.052875,0.044547,-0.042126,0.046049,0.998051,0,0.49838,1.00000,15.294,0.620,-1,770.671,-1,828.073,-1,547.336,564.081,600.889,461.155,-1,-1,-1,-1,-1,-1,-1,-1,2,0,2,0,2,0,0,0,0,2,2,2,2,2,2,2,2
65,1597.249,1992.422,793.638,93.805,-0.066297,-0.996826,0.044068,0.996810,-0.064200,0.047414,-0.044435,0.047071,0.997903,0,0.50059,1.00000,15.631,0.660,-1,768.973,-1,816.303,-1,542.026,558.030,602.891,461.674,-1,-1,-1,-1,-1,-1,-1,-1,2,0,2,0,2,0,0,0,0,2,2,2,2,2,2,2,2
66,1593.397,2007.976,792.920,94.430,-0.077153,-0.996051,0.043918,0.995945,-0.074951,0.049767,-0.046279,0.047580,0.997795,0,0.50298,1.00000,16.024,0.625,-1,770.823,-1,809.570,-1,538.236,554.603,603.998,463.398,-1,-1,-1,-1,-1,-1,-1,-1,2,0,2,0,2,0,0,0,0,2,2,2,2,2,2,2,2
67,1589.460,2023.894,792.253,95.017,-0.087351,-0.995220,0.043664,0.995022,-0.085055,0.051939,-0.047977,0.047983,0.997695,0,0.50520,1.00000,16.398,0.587,-1,773.223,-1,804.854,-1,535.143,552.156,605.239,465.437,-1,-1,-1,-1,-1,-1,-1,-1,2,0,2,0,2,0,0,0,0,2,2,2,2,2,2,2,2
68,1585.301,2040.047,791.611,95.615,-0.097712,-0.994276,0.043207,0.993941,-0.095300,0.054756,-0.050325,0.048296,0.997564,0,0.50723,1.00000,16.679,0.598,-1,772.953,-1,796.301,-1,533.720,547.588,606.237,468.870,-1,-1,-1,-1,-1,-1,-1,-1,2,0,2,0,2,0,0,0,0,2,2,2,2,2,2,2,2
69,1580.980,2056.536,790.828,96.219,-0.108183,-0.993212,0.042736,0.992730,-0.105649,0.057673,-0.052767,0.048665,0.997420,0,0.50930,1.00000,17.046,0.605,-1,770.020,-1,785.740,-1,531.910,542.185,606.926,473.392,-1,-1,-1,-1,-1,-1,-1,-1,2,0,2,0,2,0,0,0,0,2,2,2,2,2,2,2,2
70,1576.394,2073.255,789.995,96.845,-0.119004,-0.991985,0.042464,0.991328,-0.116306,0.061178,-0.055749,0.049377,0.997223,0,0.51139,1.00000,17.336,0.626,-1,765.569,-1,772.712,-1,528.884,535.857,608.444,477.272,-1,-1,-1,-1,-1,-1,-1,-1,2,0,2,0,2,0,0,0,0,2,2,2,2,2,2,2,2
71,1571.416,2090.185,789.108,97.513,-0.130519,-0.990530,0.042598,0.989684,-0.127606,0.065135,-0.059082,0.050660,0.996967,0,0.51356,1.00000,17.647,0.667,-1,760.716,-1,757.262,-1,525.123,529.329,612.165,480.132,-1,-1,-1,-1,-1,-1,-1,-1,2,0,2,0,2,0,0,0,0,2,2,2,2,2,2,2,2
72,1566.026,2107.325,788.065,98.230,-0.142869,-0.988822,0.042646,0.987768,-0.139731,0.069211,-0.062478,0.052012,0.996690,0,0.51592,1.00000,17.967,0.717,-1,755.579,-1,740.836,-1,520.642,522.188,616.306,482.687,-1,-1,-1,-1,-1,-1,-1,-1,2,0,2,0,2,0,0,0,0,2,2,2,2,2,2,2,2
73,1560.373,2124.705,786.943,98.960,-0.155403,-0.986962,0.041894,0.985662,-0.152097,0.073048,-0.065724,0.052645,0.996448,0,0.51848,1.00000,18.276,0.730,-1,750.473,-1,724.779,-1,515.465,514.693,618.418,487.048,-1,-1,-1,-1,-1,-1,-1,-1,2,0,2,0,2,0,0,0,0,2,2,2,2,2,2,2,2
74,1554.158,2142.132,785.845,99.735,-0.168684,-0.984826,0.040797,0.983222,-0.165205,0.077343,-0.069429,0.053159,0.996170,0,0.52109,1.00000,18.503,0.775,-1,743.963,-1,706.851,-1,509.397,506.055,619.998,492.216,-1,-1,-1,-1,-1,-1,-1,-1,2,0,2,0,2,0,0,0,0,2,2,2,2,2,2,2,2
75,1547.455,2159.668,784.718,100.544,-0.182498,-0.982428,0.039109,0.980487,-0.178893,0.081496,-0.073068,0.053219,0.995906,0,0.54650,0.69667,18.773,0.809,-1,736.942,-1,690.112,-1,503.370,497.562,619.816,498.387,-1,-1,-1,-1,-1,-1,-1,-1,2,0,2,0,2,0,0,0,0,2,2,2,2,2,2,2,2
76,1540.261,2177.366,783.519,101.388,-0.196884,-0.979738,0.036754,0.977449,-0.193228,0.085186,-0.076358,0.052697,0.995687,0,0.54958,0.69667,19.104,0.845,-1,730.803,-1,676.205,-1,501.809,489.682,617.369,505.682,-1,-1,-1,-1,-1,-1,-1,-1,2,0,2,0,2,0,0,0,0,2,2,2,2,2,2,2,2
77,1532.275,2194.974,782.329,102.321,-0.212720,-0.976491,0.034856,0.973892,-0.208990,0.088641,-0.079273,0.052801,0.995454,0,0.55283,0.69667,19.335,0.933,-1,727.421,-1,661.254,-1,501.281,482.183,616.565,512.090,-1,-1,-1,-1,-1,-1,-1,-1,2,0,2,0,2,0,0,0,0,2,2,2,2,2,2,2,2
78,1523.643,2212.416,781.252,103.311,-0.229451,-0.972762,0.032959,0.969846,-0.225642,0.092110,-0.082164,0.053100,0.995203,0,0.55648,0.69667,19.461,0.989,-1,725.054,-1,645.469,-1,501.377,478.697,616.451,518.934,-1,-1,-1,-1,-1,-1,-1,-1,2,0,2,0,2,0,0,0,0,2,2,2,2,2,2,2,2
79,1514.219,2229.322,780.308,104.407,-0.247885,-0.968323,0.030053,0.964950,-0.244025,0.096552,-0.086160,0.052934,0.994874,0,0.56041,0.69667,19.355,1.097,-1,718.036,-1,626.164,-1,499.841,473.466,614.218,527.271,-1,-1,-1,-1,-1,-1,-1,-1,2,0,2,0,2,0,0,0,0,2,2,2,2,2,2,2,2
80,1504.021,2245.659,779.361,105.574,-0.267386,-0.963225,0.026513,0.959336,-0.263523,0.101139,-0.090433,0.052478,0.994519,0,0.56485,0.69667,19.258,1.167,-1,711.311,-1,608.893,-1,497.074,467.533,610.372,535.650,-1,-1,-1,-1,-1,-1,-1,-1,2,0,2,0,2,0,0,0,0,2,2,2,2,2,2,2,2
81,1493.368,2261.719,778.377,106.735,-0.286689,-0.957778,0.021710,0.953469,-0.283046,0.103836,-0.093307,0.050468,0.994357,0,0.56965,0.69667,19.272,1.161,-1,707.226,-1,596.623,-1,497.068,463.345,601.878,548.033,-1,-1,-1,-1,-1,-1,-1,-1,2,0,2,0,2,0,0,0,0,2,2,2,2,2,2,2,2
82,1482.232,2277.574,777.255,107.911,-0.306158,-0.951839,0.016456,0.947271,-0.302880,0.104604,-0.094582,0.047613,0.994378,0,0.57442,0.69667,19.375,1.176,894.293,706.794,-1,588.353,-1,501.491,461.318,590.764,562.554,-1,-1,-1,-1,-1,-1,-1,-1,1,0,2,0,2,0,0,0,0,2,2,2,2,2,2,2,2
83,1470.434,2292.975,776.077,109.178,-0.327010,-0.944944,0.012075,0.940218,-0.324035,0.104844,-0.095159,0.045638,0.994415,0,0.57927,0.69667,19.401,1.267,860.454,708.343,-1,580.045,-1,506.918,467.507,581.790,574.834,-1,-1,-1,-1,-1,-1,-1,-1,1,0,2,0,2,0,0,0,0,2,2,2,2,2,2,2,2
84,1458.114,2308.026,774.911,110.554,-0.349486,-0.936906,0.008152,0.932071,-0.346770,0.104850,-0.095408,0.044242,0.994455,0,0.58456,0.69667,19.450,1.376,826.889,710.956,-1,578.375,-1,511.802,472.552,573.996,587.010,-1,-1,-1,-1,-1,-1,-1,-1,1,0,2,0,2,0,0,0,0,2,2,2,2,2,2,2,2
85,1445.230,2322.721,773.830,112.008,-0.373033,-0.927804,0.005094,0.922910,-0.370490,0.104764,-0.095313,0.043782,0.994484,0,0.59037,0.68708,19.544,1.454,794.230,716.048,-1,577.258,-1,518.856,477.840,568.760,598.288,-1,-1,-1,-1,-1,-1,-1,-1,1,0,2,0,2,0,0,0,0,2,2,2,2,2,2,2,2
86,1431.847,2337.205,772.848,113.489,-0.396783,-0.917907,0.003158,0.913010,-0.394307,0.104564,-0.094735,0.044372,0.994513,0,0.59655,0.67388,19.720,1.481,763.177,723.035,-1,575.802,-1,527.006,485.022,566.720,606.827,-1,-1,-1,-1,-1,-1,-1,-1,1,0,2,0,2,0,0,0,0,2,2,2,2,2,2,2,2
87,1418.090,2351.512,772.077,115.020,-0.421060,-0.907030,0.002210,0.902139,-0.418534,0.104759,-0.094095,0.046103,0.994495,0,0.60287,0.66040,19.848,1.531,734.524,728.856,-1,578.585,-1,535.270,494.513,568.143,613.946,-1,-1,-1,-1,-1,-1,-1,-1,1,0,2,0,2,0,0,0,0,2,2,2,2,2,2,2,2
88,1404.142,2366.065,771.477,116.407,-0.442843,-0.896598,0.001023,0.891812,-0.440361,0.103697,-0.092524,0.046834,0.994608,0,0.60943,0.64642,20.158,1.387,724.973,735.216,-1,589.241,-1,545.241,505.831,568.712,625.868,-1,-1,-1,-1,-1,-1,-1,-1,1,0,2,0,2,0,0,0,0,2,2,2,2,2,2,2,2
89,1389.646,2380.479,770.994,117.823,-0.464837,-0.885396,0.001025,0.880798,-0.462305,0.102315,-0.090115,0.048463,0.994752,0,0.61530,0.63390,20.443,1.415,715.385,744.083,-1,598.361,-1,557.394,516.997,572.017,634.967,-1,-1,-1,-1,-1,-1,-1,-1,1,0,2,0,2,0,0,0,0,2,2,2,2,2,2,2,2
90,1374.584,2394.690,770.571,119.263,-0.486985,-0.873408,0.002084,0.869127,-0.484359,0.100070,-0.086393,0.050544,0.994978,0,0.62130,0.62109,20.708,1.440,-1,753.965,-1,612.924,-1,572.740,532.900,576.725,642.569,-1,-1,-1,-1,-1,-1,756.012,-1,2,0,2,0,2,0,0,0,0,2,2,2,2,2,2,1,2
91,1358.984,2408.667,770.088,120.762,-0.509742,-0.860316,0.004451,0.856406,-0.506918,0.097994,-0.082050,0.053764,0.995177,0,0.62742,0.60804,20.945,1.499,-1,764.888,-1,628.345,-1,587.450,547.188,583.900,649.540,-1,-1,-1,-1,-1,-1,722.012,-1,2,0,2,0,2,0,0,0,0,2,2,2,2,2,2,1,2
92,1343.189,2422.923,769.287,122.189,-0.531092,-0.847285,0.007058,0.843718,-0.528054,0.096429,-0.077976,0.057168,0.995315,0,0.63382,0.59438,21.278,1.427,-1,773.435,-1,641.449,-1,601.333,560.934,591.117,653.714,-1,-1,-1,-1,-1,-1,689.970,-1,2,0,2,0,2,0,0,0,0,2,2,2,2,2,2,1,2
93,1327.349,2437.550,768.299,123.513,-0.550560,-0.834749,0.008845,0.831395,-0.547331,0.095980,-0.075278,0.060196,0.995344,0,0.63987,0.58147,21.560,1.324,-1,777.731,-1,650.154,-1,610.281,570.095,597.423,657.297,-1,-1,-1,-1,-1,-1,659.350,-1,2,0,2,0,2,0,0,0,0,2,2,2,2,2,2,1,2
94,1311.203,2452.282,767.098,124.763,-0.568583,-0.822560,0.010430,0.819219,-0.565030,0.098089,-0.074791,0.064316,0.995123,0,0.64542,0.56963,21.858,1.250,-1,777.580,-1,652.223,-1,613.835,574.649,607.071,650.588,-1,-1,-1,-1,-1,-1,629.362,-1,2,0,2,0,2,0,0,0,0,2,2,2,2,2,2,1,2
95,1294.588,2466.912,765.668,126.015,-0.586300,-0.810015,0.011319,0.806540,-0.582364,0.101712,-0.075796,0.068763,0.994750,0,0.65061,0.55855,22.138,1.252,-1,643.736,-1,647.524,-1,612.407,574.558,618.031,641.136,-1,-1,-1,-1,637.701,-1,599.322,-1,2,1,2,0,2,0,0,0,0,2,2,2,2,1,2,1,2
96,1277.565,2481.517,764.143,127.260,-0.603608,-0.797208,0.010806,0.793511,-0.599382,0.105266,-0.077442,0.072114,0.994385,0,0.65581,0.54745,22.430,1.245,-1,589.861,-1,642.787,-1,608.727,572.612,626.030,632.625,-1,-1,-1,-1,607.857,-1,572.473,-1,2,1,2,0,2,0,0,0,0,2,2,2,2,1,2,1,2
97,1260.028,2496.005,762.310,128.478,-0.620194,-0.784396,0.009067,0.780312,-0.615697,0.109682,-0.080452,0.075099,0.993925,0,0.66098,0.53643,22.747,1.218,-1,572.615,-1,635.175,-1,601.293,567.389,631.551,622.316,-1,-1,-1,-1,577.879,-1,560.062,-1,2,1,2,0,2,0,0,0,0,2,2,2,2,1,2,1,2
98,1242.035,2510.400,760.004,129.674,-0.636123,-0.771567,0.005676,0.766918,-0.631448,0.114497,-0.084758,0.077187,0.993407,0,0.66602,0.52568,23.042,1.196,-1,555.049,-1,622.576,-1,590.623,558.804,631.903,609.235,-1,-1,-1,-1,547.629,982.798,548.075,-1,2,1,2,0,2,0,0,0,0,2,2,2,2,1,0,1,2
99,1223.516,2524.538,757.317,130.875,-0.651749,-0.758434,0.000565,0.753064,-0.647046,0.119273,-0.090095,0.078161,0.992861,0,0.67095,0.51515,23.299,1.201,-1,537.404,-1,607.870,-1,576.408,546.825,626.567,597.443,-1,-1,-1,-1,517.005,946.953,510.303,-1,2,1,2,0,2,0,0,0,0,2,2,2,2,1,0,1,2
100,1204.516,2538.489,754.269,132.051,-0.666669,-0.745318,-0.007319,0.739075,-0.662293,0.123026,-0.096540,0.076608,0.992377,0,0.67591,0.50457,23.572,1.176,-1,519.393,-1,592.278,-1,559.496,531.413,611.849,591.553,-1,-1,-1,-1,486.017,909.314,-1,-1,2,1,2,0,2,0,0,0,0,2,2,2,2,1,0,2,2
101,1184.902,2552.206,750.834,133.223,-0.681189,-0.731920,-0.016613,0.724809,-0.677420,0.125513,-0.103120,0.073456,0.991953,0,0.68076,0.49422,23.935,1.172,-1,501.032,-1,576.861,-1,541.769,515.645,593.920,589.089,-1,-1,-1,-1,454.900,873.334,-1,-1,2,1,2,0,2,0,0,0,0,2,2,2,2,1,0,2,2
102,1164.899,2565.760,746.946,134.344,-0.694686,-0.718781,-0.027654,0.710788,-0.691846,0.127003,-0.110419,0.068571,0.991517,0,0.34871,0.48765,24.162,1.121,-1,482.023,-1,560.152,-1,522.268,498.720,571.080,587.612,-1,-1,-1,-1,423.818,837.302,-1,-1,2,1,2,0,2,0,0,0,0,2,2,2,2,1,0,2,2
103,1144.817,2579.117,742.690,135.352,-0.706346,-0.706652,-0.041454,0.697712,-0.704901,0.127721,-0.119476,0.061292,0.990943,0,0.35105,0.47786,24.118,1.009,-1,462.127,-1,540.278,-1,499.726,479.246,542.877,591.934,-1,-1,-1,-1,397.487,798.716,-1,-1,2,1,2,0,2,0,0,0,0,2,2,2,2,1,0,2,2
104,1124.544,2592.148,738.146,136.305,-0.716943,-0.694800,-0.056971,0.684999,-0.717289,0.127566,-0.129498,0.052432,0.990193,0,0.35312,0.46917,24.100,0.953,-1,441.780,-1,518.481,-1,475.997,458.677,512.100,601.243,-1,-1,-1,-1,381.317,757.968,-1,-1,2,1,2,0,2,0,0,0,0,2,2,2,2,1,0,2,2
105,1104.136,2605.087,733.368,137.188,-0.726356,-0.683341,-0.073833,0.672890,-0.728889,0.126252,-0.140089,0.042022,0.989247,0,0.35506,0.46103,24.164,0.883,-1,420.612,-1,496.149,-1,451.860,437.759,479.454,616.969,-1,-1,-1,-1,364.779,717.962,-1,957.253,2,1,2,0,2,0,0,0,0,2,2,2,2,1,0,2,0
106,1083.622,2618.002,728.419,137.972,-0.734248,-0.672659,-0.091702,0.661772,-0.739318,0.124366,-0.151453,0.030630,0.987990,0,0.35684,0.45358,24.241,0.784,-1,398.291,-1,473.653,983.309,357.687,415.805,450.717,637.661,-1,-1,-1,-1,347.452,678.293,-1,887.533,2,1,2,0,0,1,0,0,0,2,2,2,2,1,0,2,0
107,1062.945,2630.763,723.423,138.735,-0.741542,-0.661912,-0.109486,0.650660,-0.749312,0.123183,-0.163576,0.020108,0.986326,0,0.35837,0.44714,24.298,0.763,-1,375.227,979.210,450.224,915.171,331.263,393.446,426.178,652.145,-1,-1,-1,-1,329.729,637.410,993.734,818.002,2,1,0,0,0,1,0,0,0,2,2,2,2,1,0,0,0
108,1041.989,2643.227,718.619,139.506,-0.748670,-0.650708,-0.126775,0.639280,-0.759260,0.121844,-0.175540,0.010176,0.984420,0,0.35986,0.44090,24.383,0.771,-1,352.030,896.768,427.769,851.697,309.139,372.295,404.334,667.358,-1,-1,-1,-1,311.504,598.342,885.278,754.075,2,1,0,0,0,1,0,0,0,2,2,2,2,1,0,0,0
109,1020.641,2655.790,714.277,140.245,-0.755622,-0.639776,-0.140437,0.628550,-0.768559,0.119339,-0.184285,0.001903,0.982871,0,0.36137,0.43456,24.770,0.739,-1,327.765,834.316,410.325,803.555,286.149,355.740,387.721,673.124,-1,-1,-1,-1,290.301,567.538,809.608,705.330,2,1,0,0,0,1,0,0,0,2,2,2,2,1,0,0,0
110,998.826,2668.423,710.735,140.980,-0.763091,-0.629183,-0.147719,0.618389,-0.777252,0.116078,-0.187849,-0.002770,0.982194,0,0.36280,0.42857,25.209,0.734,951.406,302.582,802.003,398.707,773.257,262.347,344.993,379.044,667.099,-1,-1,-1,-1,265.066,547.999,771.884,673.974,0,1,0,0,0,1,0,0,0,2,2,2,2,1,0,0,0
111,976.828,2681.298,707.950,141.704,-0.770840,-0.619125,-0.149965,0.608694,-0.785282,0.113241,-0.187875,-0.003992,0.982185,0,0.36421,0.42264,25.489,0.724,928.570,276.384,238.014,391.027,752.144,237.887,338.574,377.485,645.732,-1,-1,-1,-1,236.462,534.980,758.339,652.649,0,1,1,0,0,1,0,0,0,2,2,2,2,1,0,0,0
112,954.565,2694.359,705.481,142.411,-0.778765,-0.609612,-0.147984,0.599491,-0.792696,0.110649,-0.184760,-0.002545,0.982780,0,0.36559,0.41685,25.811,0.707,938.910,248.721,205.525,385.930,737.381,212.816,335.463,380.863,612.851,-1,-1,-1,-1,205.121,526.328,765.119,638.851,0,1,1,0,0,1,0,0,0,2,2,2,2,1,0,0,0
113,931.901,2706.886,703.138,143.218,-0.787889,-0.599100,-0.142515,0.589032,-0.800671,0.109392,-0.179644,0.002243,0.983729,0,0.36693,0.41126,25.895,0.807,981.993,213.154,176.690,382.171,718.053,180.680,334.288,388.825,587.082,-1,-1,-1,-1,173.436,519.564,790.530,625.003,0,1,1,0,0,1,0,0,0,2,2,2,2,1,0,0,0
114,908.950,2718.297,700.768,144.183,-0.798480,-0.586652,-0.135166,0.576252,-0.809774,0.110454,-0.174252,0.010306,0.984647,0,0.36850,0.40464,25.632,0.965,-1,176.323,147.706,377.753,690.221,148.180,331.868,400.433,546.967,-1,-1,-1,-1,143.356,511.286,830.291,605.872,2,1,1,0,0,1,0,0,0,2,2,2,2,1,0,0,0
115,886.003,2729.229,698.149,145.204,-0.809395,-0.573096,-0.128223,0.562453,-0.819289,0.111407,-0.168899,0.018053,0.985468,0,0.37048,0.39635,25.417,1.022,-1,140.526,118.885,372.024,661.852,116.968,329.123,411.052,527.332,-1,-1,-1,-1,114.122,503.302,873.829,585.697,2,1,1,0,0,1,0,0,0,2,2,2,2,1,0,0,0
116,862.988,2739.938,695.143,146.142,-0.819437,-0.560170,-0.121375,0.549761,-0.828046,0.110008,-0.162127,0.023417,0.986492,0,0.37260,0.38746,25.385,0.938,-1,103.848,90.868,367.786,643.089,85.630,327.639,417.637,511.691,-1,-1,-1,-1,84.327,497.590,921.697,572.095,2,1,1,0,0,1,0,0,0,2,2,2,2,1,0,0,0
117,839.824,2750.188,691.827,147.064,-0.829249,-0.547106,-0.114110,0.537200,-0.836607,0.107266,-0.154151,0.027650,0.987660,0,0.37452,0.37939,25.330,0.922,-1,67.291,63.305,364.743,628.151,54.957,327.251,421.824,498.695,-1,-1,-1,-1,54.670,493.919,980.205,562.583,2,1,1,0,0,1,0,0,0,2,2,2,2,1,0,0,0
118,816.555,2759.950,688.327,147.961,-0.838679,-0.534101,-0.106550,0.524851,-0.844849,0.103735,-0.145424,0.031077,0.988881,0,0.37642,0.37145,25.233,0.897,-1,30.965,36.172,363.349,616.813,25.048,63.696,424.353,490.857,-1,-1,-1,-1,25.180,491.753,-1,555.480,2,1,1,0,0,1,1,0,0,2,2,2,2,1,0,2,0
119,793.292,2769.337,684.826,148.855,-0.847829,-0.520911,-0.099179,0.512351,-0.852935,0.099991,-0.136680,0.033961,0.990033,0,0.37826,0.36373,25.086,0.894,-1,66.554,9.369,44.970,606.568,166.219,37.208,425.917,481.845,-1,-1,-1,-1,57.738,46.467,-1,549.044,2,1,1,1,0,1,1,0,0,2,2,2,2,1,1,2,0
120,769.855,2777.306,681.458,149.870,-0.857753,-0.505968,-0.090870,0.497818,-0.861653,0.098649,-0.128212,0.039380,0.990965,0,0.38010,0.35602,24.755,1.015,-1,29.272,25.596,12.896,588.338,76.092,10.749,430.706,469.108,-1,-1,-1,-1,25.516,13.336,-1,537.901,2,1,1,1,0,1,1,0,0,2,2,2,2,1,1,2,0
121,746.657,2784.575,678.525,150.928,-0.867636,-0.489956,-0.084560,0.482356,-0.870718,0.095830,-0.120580,0.042358,0.991799,0,0.38225,0.34697,24.310,1.058,-1,462.992,-1,356.591,574.582,358.338,326.913,432.153,462.343,-1,-1,-1,-1,731.429,486.050,-1,530.131,2,0,2,0,0,0,0,0,0,2,2,2,2,0,0,2,0
122,724.423,2788.604,676.472,152.350,-0.879623,-0.468628,-0.081558,0.460842,-0.882059,0.097961,-0.117846,0.048584,0.991843,0,0.38453,0.33742,22.596,1.421,-1,470.460,-1,351.812,537.940,360.075,324.453,437.631,451.034,-1,-1,-1,-1,754.291,478.175,-1,505.392,2,0,2,0,0,0,0,0,0,2,2,2,2,0,0,2,0
123,703.101,2791.624,675.132,153.693,-0.890532,-0.447650,-0.081012,0.440258,-0.892901,0.094350,-0.114571,0.048355,0.992238,0,0.38774,0.32394,21.535,1.344,-1,477.108,-1,350.438,524.048,362.931,324.698,434.127,453.191,-1,-1,-1,-1,774.638,478.432,-1,496.278,2,0,2,0,0,0,0,0,0,2,2,2,2,0,0,2,0
124,682.237,2793.013,674.338,155.282,-0.902780,-0.422521,-0.080399,0.415581,-0.905087,0.090052,-0.110817,0.047885,0.992687,0,0.39080,0.31113,20.910,1.588,958.057,487.475,-1,351.265,514.046,368.318,328.182,429.957,456.612,-1,-1,-1,-1,799.953,481.060,-1,491.017,1,0,2,0,0,0,0,0,0,2,2,2,2,0,0,2,0
125,661.785,2793.891,674.115,156.755,-0.913811,-0.398379,-0.079020,0.392513,-0.916249,0.080136,-0.104326,0.042213,0.993647,0,-0.26899,0.84691,20.471,1.473,907.694,501.364,-1,359.409,530.304,378.779,337.062,419.712,471.046,-1,-1,-1,-1,829.578,496.196,-1,510.524,1,0,2,0,0,0,0,0,0,2,2,2,2,0,0,2,0
126,642.052,2795.532,674.181,157.749,-0.921128,-0.381068,-0.079443,0.376857,-0.924116,0.063157,-0.097482,0.028237,0.994837,0,-0.27132,0.83259,19.801,0.994,883.995,510.038,-1,371.973,580.356,387.741,346.212,400.530,499.424,-1,-1,-1,-1,847.375,522.048,-1,550.717,1,0,2,0,0,0,0,0,0,2,2,2,2,0,0,2,0
127,624.834,2797.871,674.749,158.183,-0.924102,-0.372381,-0.085834,0.369923,-0.928041,0.043547,-0.095873,0.008490,0.995357,0,-0.27286,0.82313,17.376,0.434,863.272,504.317,-1,379.833,644.964,388.579,350.311,378.503,541.952,-1,-1,-1,-1,831.111,540.284,-1,605.471,1,0,2,0,0,0,0,0,0,2,2,2,2,0,0,2,0
128,613.043,2802.154,676.104,157.660,-0.919915,-0.378017,-0.104209,0.378042,-0.925566,0.020279,-0.104118,-0.020741,0.994349,0,-0.27348,0.81929,12.545,-0.524,847.932,473.849,-1,379.606,731.815,374.448,344.520,351.138,613.464,-1,-1,-1,-1,759.394,541.994,-1,638.736,1,0,2,0,0,0,0,0,0,2,2,2,2,0,0,2,0
129,603.862,2803.977,677.985,157.687,-0.918315,-0.375549,-0.125143,0.376868,-0.926163,0.013879,-0.121115,-0.034418,0.992042,0,-0.27253,0.82514,9.360,0.028,820.867,443.081,-1,366.569,686.932,356.258,330.701,340.303,653.751,-1,-1,-1,-1,691.179,517.804,984.327,594.330,0,0,2,0,0,0,0,0,0,2,2,2,2,0,0,0,0
130,596.881,2804.970,680.474,157.824,-0.917173,-0.371591,-0.143924,0.373847,-0.927412,0.012057,-0.137957,-0.042748,0.989515,0,-0.27252,0.82519,7.051,0.137,723.465,419.304,-1,354.067,633.737,341.202,318.613,335.797,684.380,-1,-1,-1,-1,637.895,494.203,876.371,549.373,0,0,2,0,0,0,0,0,0,2,2,2,2,0,0,0,0
131,591.316,2805.781,683.323,157.921,-0.916196,-0.368511,-0.157429,0.371642,-0.928321,0.010162,-0.149889,-0.049196,0.987478,0,-0.27271,0.82404,5.624,0.097,668.583,405.544,-1,347.444,612.509,332.706,312.086,334.301,714.193,-1,-1,-1,-1,607.437,481.352,802.160,527.585,0,0,2,0,0,0,0,0,0,2,2,2,2,0,0,0,0
132,586.741,2806.373,686.349,158.013,-0.915857,-0.366026,-0.165015,0.369792,-0.929076,0.008418,-0.156393,-0.053312,0.986255,0,-0.27284,0.82324,4.613,0.092,644.848,401.191,-1,346.455,610.619,330.645,310.915,335.826,738.250,-1,-1,-1,-1,596.050,478.579,767.397,525.011,0,0,2,0,0,0,0,0,0,2,2,2,2,0,0,0,0
133,582.907,2806.839,689.291,158.114,-0.916229,-0.363883,-0.167674,0.368057,-0.929780,0.006601,-0.158302,-0.055665,0.985820,0,-0.27297,0.82245,3.862,0.101,643.266,403.826,-1,349.784,624.787,333.446,314.161,339.208,755.832,-1,-1,-1,-1,598.332,483.552,766.956,536.501,0,0,2,0,0,0,0,0,0,2,2,2,2,0,0,0,0
134,579.651,2807.215,691.838,158.222,-0.917114,-0.361991,-0.166925,0.366407,-0.930443,0.004647,-0.156996,-0.056901,0.985959,0,-0.27311,0.82155,3.278,0.108,654.560,410.579,-1,355.621,654.193,339.078,319.923,343.146,768.618,-1,-1,-1,-1,608.886,493.216,787.382,556.389,0,0,2,0,0,0,0,0,0,2,2,2,2,0,0,0,0
135,576.865,2807.541,693.707,158.332,-0.918278,-0.360250,-0.164273,0.364837,-0.931068,0.002413,-0.153819,-0.057717,0.986412,0,-0.27327,0.82056,2.805,0.110,670.972,418.852,-1,362.777,690.529,345.509,326.450,346.301,777.737,-1,-1,-1,-1,623.011,506.468,810.966,579.815,0,0,2,0,0,0,0,0,0,2,2,2,2,0,0,0,0
136,574.218,2807.818,694.685,158.474,-0.919889,-0.358109,-0.159884,0.362844,-0.931850,-0.000456,-0.148824,-0.058433,0.987136,0,0.36251,0.68621,2.661,0.142,688.573,428.193,-1,370.896,733.923,352.539,333.504,347.905,783.394,-1,-1,-1,-1,640.484,521.774,840.776,607.898,0,0,2,0,0,0,0,0,0,2,2,2,2,0,0,0,0
137,571.294,2808.099,694.653,158.651,-0.922057,-0.355442,-0.153204,0.360407,-0.932782,-0.004995,-0.141131,-0.059822,0.988182,0,0.36280,0.68487,2.938,0.177,711.200,439.388,-1,380.879,804.938,360.886,341.968,347.060,787.857,-1,-1,-1,-1,662.888,541.739,883.725,661.433,0,0,2,0,0,0,0,0,0,2,2,2,2,0,0,0,0
138,568.129,2808.435,693.567,158.845,-0.924555,-0.352460,-0.144808,0.357771,-0.933738,-0.011557,-0.131139,-0.062493,0.989392,0,0.36316,0.68317,3.183,0.194,736.168,451.557,-1,392.531,936.057,370.245,351.506,343.099,793.203,-1,-1,-1,-1,687.701,566.695,920.724,752.711,0,0,2,0,0,0,0,0,0,2,2,2,2,0,0,0,0
139,564.749,2808.814,691.409,159.057,-0.927287,-0.349190,-0.134929,0.354892,-0.934693,-0.020015,-0.119129,-0.066444,0.990653,0,0.36356,0.68131,3.401,0.212,762.262,464.223,-1,405.498,-1,380.362,361.755,336.045,799.901,-1,-1,-1,-1,715.594,596.690,959.439,906.308,0,0,2,0,2,0,0,0,0,2,2,2,2,0,0,0,0
140,561.225,2808.997,688.334,159.289,-0.929917,-0.345923,-0.124868,0.351582,-0.935800,-0.025853,-0.107909,-0.067942,0.991836,0,0.36400,0.67929,3.529,0.232,787.203,475.462,-1,415.232,-1,388.732,369.641,329.721,793.745,-1,-1,-1,-1,742.881,622.074,999.278,-1,0,0,2,0,2,0,0,0,0,2,2,2,2,0,0,0,2
141,557.638,2809.190,684.718,159.563,-0.932349,-0.342386,-0.116174,0.347423,-0.937358,-0.025661,-0.100111,-0.064286,0.992897,0,0.36448,0.67704,3.593,0.274,800.781,483.067,-1,417.648,-1,393.073,372.339,327.229,767.177,-1,-1,-1,-1,764.358,632.868,-1,-1,1,0,2,0,2,0,0,0,0,2,2,2,2,0,0,2,2
142,554.034,2809.847,680.698,159.808,-0.934187,-0.339568,-0.109488,0.343561,-0.938931,-0.019358,-0.096229,-0.055700,0.993800,0,0.36505,0.67439,3.663,0.245,797.974,485.769,-1,411.819,-1,392.416,369.008,328.877,724.379,-1,-1,-1,-1,774.374,624.435,-1,-1,1,0,2,0,2,0,0,0,0,2,2,2,2,0,0,2,2
143,549.743,2811.559,675.436,160.002,-0.935358,-0.338119,-0.103833,0.340406,-0.940267,-0.004624,-0.096067,-0.039670,0.994584,0,0.36556,0.67206,4.620,0.194,794.045,482.841,-1,395.248,980.879,385.503,357.753,336.345,658.202,-1,-1,-1,-1,775.496,592.540,-1,885.961,1,0,2,0,0,0,0,0,0,2,2,2,2,0,0,2,0
144,546.860,2813.178,671.838,160.102,-0.935877,-0.337769,-0.100236,0.338753,-0.940845,0.007548,-0.096856,-0.026891,0.994935,0,0.36592,0.67036,3.306,0.100,791.203,479.990,-1,382.036,797.147,379.700,348.584,343.888,613.908,-1,-1,-1,-1,774.896,567.303,-1,728.030,1,0,2,0,0,0,0,0,0,2,2,2,2,0,0,2,0
145,542.840,2815.578,667.953,160.240,-0.936920,-0.336901,-0.093158,0.336580,-0.941451,0.019612,-0.094311,-0.012980,0.995458,0,0.36609,0.66957,4.682,0.138,787.391,482.836,-1,372.013,663.063,377.533,342.357,353.170,569.541,-1,-1,-1,-1,786.523,549.995,-1,638.483,1,0,2,0,0,0,0,0,0,2,2,2,2,0,0,2,0
146,538.108,2817.819,664.951,160.401,-0.938459,-0.335368,-0.082602,0.334154,-0.942087,0.028521,-0.087383,-0.000836,0.996174,0,0.36632,0.66849,5.236,0.161,783.223,495.047,-1,369.983,622.829,382.307,342.932,363.022,534.935,-1,-1,-1,-1,816.665,549.125,-1,620.285,1,0,2,0,0,0,0,0,0,2,2,2,2,0,0,2,0
147,532.728,2819.724,662.941,160.606,-0.940466,-0.332725,-0.069410,0.331083,-0.942978,0.034298,-0.076864,0.009276,0.996998,0,0.36661,0.66718,5.707,0.205,780.414,516.823,-1,375.327,627.170,393.673,349.998,373.050,508.832,-1,-1,-1,-1,863.425,563.858,-1,653.672,1,0,2,0,0,0,0,0,0,2,2,2,2,0,0,2,0
148,526.753,2821.390,661.968,160.847,-0.942738,-0.329111,-0.054136,0.327426,-0.944122,0.037759,-0.063538,0.017871,0.997819,0,0.36699,0.66541,6.202,0.241,780.564,547.528,-1,387.288,686.760,411.476,363.420,383.876,489.628,-1,-1,-1,-1,914.417,594.119,-1,817.750,1,0,2,0,0,0,0,0,0,2,2,2,2,0,0,2,0
149,520.295,2822.983,661.957,161.097,-0.944947,-0.325042,-0.037714,0.323577,-0.945349,0.040160,-0.048706,0.025746,0.998481,0,0.36745,0.66326,6.652,0.250,781.142,586.077,-1,404.054,858.243,434.330,382.431,396.385,475.222,-1,-1,-1,-1,974.606,637.482,-1,-1,1,0,2,0,0,0,0,0,0,2,2,2,2,0,0,2,2
150,513.440,2824.685,662.764,161.338,-0.946892,-0.320868,-0.020966,0.319802,-0.946527,0.042594,-0.033512,0.033627,0.998872,0,0.36793,0.66102,7.063,0.241,782.136,631.848,-1,425.832,-1,460.721,404.831,411.434,463.541,-1,-1,-1,-1,-1,695.291,-1,-1,1,0,2,0,2,0,0,0,0,2,2,2,2,2,0,2,2
151,506.303,2826.304,664.369,161.621,-0.948803,-0.315816,-0.005772,0.315231,-0.947888,0.046237,-0.020074,0.042050,0.998914,0,0.36839,0.65890,7.319,0.283,782.829,679.377,-1,447.983,-1,488.208,428.080,430.249,453.232,-1,544.819,-1,-1,-1,755.872,-1,-1,1,0,2,0,2,0,0,0,0,2,0,2,2,2,0,2,2
152,499.045,2827.634,666.693,161.969,-0.950841,-0.309618,0.006117,0.309515,-0.949513,0.051250,-0.010060,0.050624,0.998667,0,0.36894,0.65635,7.379,0.348,771.758,724.117,-1,467.377,-1,513.788,449.123,451.100,444.534,-1,503.020,542.210,-1,-1,808.441,-1,-1,1,0,2,0,2,0,0,0,0,2,0,0,2,2,0,2,2
153,491.739,2828.706,669.416,162.354,-0.952942,-0.302787,0.014868,0.303137,-0.951265,0.056590,-0.002992,0.058434,0.998287,0,0.36964,0.65313,7.384,0.385,837.169,759.516,-1,483.812,-1,535.822,467.600,471.697,438.068,-1,491.339,517.655,-1,-1,851.796,-1,-1,1,0,2,0,2,0,0,0,0,2,0,0,2,2,0,2,2
154,484.520,2829.441,672.203,162.765,-0.955098,-0.295524,0.021309,0.296283,-0.953130,0.061317,0.002190,0.064877,0.997891,0,0.37041,0.64952,7.257,0.412,840.878,787.088,-1,498.422,-1,554.957,484.150,490.284,433.924,-1,494.058,513.635,-1,-1,891.611,-1,-1,1,0,2,0,2,0,0,0,0,2,0,0,2,2,0,2,2
155,477.415,2829.718,674.681,163.222,-0.957411,-0.287522,0.026372,0.288656,-0.955220,0.065064,0.006484,0.069905,0.997533,0,0.37126,0.64560,7.110,0.457,845.035,810.472,-1,512.821,-1,572.422,499.702,505.543,430.157,-1,498.710,513.479,-1,-1,927.301,-1,-1,1,0,2,0,2,0,0,0,0,2,0,0,2,2,0,2,2
156,470.233,2829.956,676.512,163.646,-0.959485,-0.280070,0.030829,0.281549,-0.957254,0.066297,0.010943,0.072291,0.997324,0,0.37221,0.64119,7.186,0.424,847.866,828.002,-1,527.615,-1,588.652,514.643,514.813,428.871,-1,496.198,508.560,-1,-1,966.795,-1,-1,1,0,2,0,2,0,0,0,0,2,0,0,2,2,0,2,2
157,462.801,2830.239,677.447,164.031,-0.961292,-0.273277,0.035162,0.275084,-0.959148,0.066059,0.015673,0.073175,0.997196,0,0.37309,0.63710,7.437,0.385,849.173,840.252,-1,541.792,-1,603.145,528.239,519.437,427.796,-1,485.604,497.409,-1,-1,1006.974,-1,-1,1,0,2,0,2,0,0,0,0,2,0,0,2,2,0,2,2
158,455.174,2830.295,677.470,164.440,-0.963156,-0.266096,0.039032,0.268199,-0.961108,0.065877,0.019984,0.073918,0.997064,0,0.37388,0.63342,7.628,0.409,850.288,849.189,-1,553.336,-1,614.567,539.036,521.318,424.655,-1,472.676,484.665,-1,-1,-1,-1,-1,1,0,2,0,2,0,0,0,0,2,0,0,2,2,2,2,2
159,447.388,2830.243,676.680,164.847,-0.964967,-0.259031,0.041735,0.261332,-0.963052,0.065081,0.023335,0.073707,0.997007,0,0.37473,0.62947,7.786,0.407,850.204,852.885,-1,561.555,-1,621.941,546.319,519.317,420.936,-1,459.901,340.135,-1,-1,-1,-1,-1,1,0,2,0,2,0,0,0,0,2,0,0,2,2,2,2,2
160,439.421,2830.149,675.270,165.256,-0.966765,-0.252070,0.042736,0.254428,-0.964981,0.063856,0.025143,0.072607,0.997044,0,0.37558,0.62554,7.968,0.409,848.642,850.181,-1,565.525,-1,624.403,549.200,514.025,416.780,-1,451.685,342.451,-1,-1,-1,741.725,-1,1,0,2,0,2,0,0,0,0,2,0,0,2,2,2,1,2
161,429.671,2829.908,673.123,165.756,-0.968965,-0.243775,0.041007,0.245977,-0.967291,0.061999,0.024552,0.070161,0.997233,0,0.37643,0.62159,9.753,0.500,844.771,837.521,-1,563.872,-1,620.109,546.173,504.287,411.970,-1,451.714,352.434,-1,-1,-1,731.716,-1,1,0,2,0,2,0,0,0,0,2,0,0,2,2,2,1,2
162,423.009,2829.737,671.591,166.076,-0.970363,-0.238606,0.038251,0.240576,-0.968786,0.059813,0.022786,0.067243,0.997476,0,0.40448,0.23042,6.664,0.320,723.718,824.283,-1,560.261,-1,613.690,541.244,495.363,410.285,-1,456.304,361.483,-1,-1,-1,722.919,-1,1,0,2,0,2,0,0,0,0,2,0,0,2,2,2,1,2
163,414.391,2829.567,669.657,166.450,-0.971971,-0.232636,0.033955,0.234252,-0.970571,0.055843,0.019965,0.062232,0.997862,0,0.40520,0.22733,8.620,0.374,712.105,805.293,-1,555.120,-1,603.939,533.919,482.231,410.069,-1,464.204,374.995,-1,-1,-1,710.393,-1,1,0,2,0,2,0,0,0,0,2,0,0,2,2,2,1,2
164,405.420,2829.411,667.784,166.820,-0.973518,-0.226716,0.029365,0.227975,-0.972336,0.050887,0.017016,0.056233,0.998273,0,0.40603,0.22373,8.971,0.370,700.023,785.699,-1,550.538,-1,593.945,526.715,467.843,411.141,-1,473.152,500.699,-1,-1,-1,697.157,-1,1,0,2,0,2,0,0,0,0,2,0,0,2,2,2,1,2
165,396.100,2829.267,666.095,167.190,-0.975010,-0.220740,0.025082,0.221691,-0.974064,0.045304,0.014431,0.049732,0.998658,0,0.40685,0.22018,9.322,0.370,691.962,767.393,-1,547.612,-1,585.149,520.844,453.563,413.405,-1,481.938,515.964,-1,-1,-1,683.984,-1,1,0,2,0,2,0,0,0,0,2,0,0,2,2,2,1,2
166,386.482,2829.085,664.762,167.568,-0.976472,-0.214558,0.021596,0.215271,-0.975765,0.039246,0.012652,0.042971,0.998996,0,0.40767,0.21664,9.620,0.377,684.043,751.899,-1,547.647,-1,578.596,517.550,440.301,417.003,-1,489.523,530.079,-1,-1,-1,671.603,-1,1,0,2,0,2,0,0,0,0,2,0,0,2,2,2,1,2
167,376.498,2828.952,663.826,167.956,-0.977924,-0.208123,0.018683,0.208652,-0.977424,0.033268,0.011337,0.036432,0.999272,0,0.40850,0.21302,9.985,0.388,674.618,738.738,-1,549.724,-1,573.727,516.167,428.836,421.276,-1,497.989,545.021,-1,-1,-1,661.939,-1,1,0,2,0,2,0,0,0,0,2,0,0,2,2,2,1,2
168,366.217,2829.081,663.308,168.321,-0.979255,-0.202059,0.015204,0.202422,-0.978891,0.028249,0.009175,0.030741,0.999485,0,0.40936,0.20931,10.282,0.365,664.220,725.488,-1,550.363,-1,568.250,513.890,420.044,425.113,-1,513.926,568.216,-1,-1,1007.652,653.849,-1,1,0,2,0,2,0,0,0,0,2,0,0,2,2,0,1,2
169,355.724,2829.437,663.237,168.644,-0.980406,-0.196680,0.010986,0.196896,-0.980122,0.024359,0.005977,0.026044,0.999643,0,0.41015,0.20587,10.498,0.323,653.627,711.996,-1,549.031,-1,561.879,510.419,414.045,428.336,-1,538.904,601.593,-1,-1,998.093,644.836,-1,1,0,2,0,2,0,0,0,0,2,0,0,2,2,0,1,2
170,344.937,2829.881,663.595,168.960,-0.981490,-0.191394,0.006806,0.191496,-0.981269,0.021008,0.002658,0.021922,0.999756,0,0.41085,0.20287,10.796,0.316,642.949,699.837,-1,548.192,-1,556.464,507.467,410.038,431.710,-1,569.362,640.728,-1,-1,988.839,635.584,-1,1,0,2,0,2,0,0,0,0,2,0,0,2,2,0,1,2
171,333.737,2830.472,664.166,169.259,-0.982481,-0.186337,0.003155,0.186363,-0.982324,0.017532,-0.000168,0.017813,0.999841,0,0.41152,0.19996,11.216,0.300,632.063,689.374,-1,548.578,-1,552.533,505.775,406.824,435.639,-1,603.947,686.216,-1,-1,983.404,625.915,-1,1,0,2,0,2,0,0,0,0,2,0,0,2,2,0,1,2
172,322.155,2831.186,664.740,169.543,-0.983389,-0.181513,0.000250,0.181499,-0.983295,0.013754,-0.002251,0.013571,0.999905,0,0.41215,0.19723,11.604,0.284,620.974,680.480,-1,550.499,-1,550.009,505.431,403.689,439.902,-1,635.411,776.735,-1,992.402,982.498,584.165,-1,1,0,2,0,2,0,0,0,0,2,0,0,2,0,0,1,2
173,308.126,2832.079,665.343,169.825,-0.984261,-0.176695,-0.003070,0.176660,-0.984228,0.009309,-0.004666,0.008620,0.999952,0,0.41273,0.19469,14.058,0.282,607.443,670.112,-1,552.389,-1,546.841,504.737,399.909,445.006,-1,673.037,-1,-1,972.746,981.005,574.447,-1,1,0,2,0,2,0,0,0,0,2,0,2,2,0,0,1,2
174,302.406,2832.890,665.761,169.725,-0.983876,-0.178406,-0.012632,0.178355,-0.983953,0.005090,-0.013337,0.002755,0.999907,0,0.41330,0.19223,5.777,-0.099,606.759,648.690,-1,538.738,-1,530.113,490.627,393.542,454.305,-1,842.639,-1,-1,909.300,945.117,572.757,-1,1,0,2,0,2,0,0,0,0,2,0,2,2,1,0,1,2
175,300.244,2834.166,666.347,169.469,-0.982662,-0.182519,-0.032590,0.182670,-0.983173,-0.001700,-0.031731,-0.007624,0.999467,0,0.41303,0.19341,2.510,-0.256,600.613,603.298,-1,508.432,-1,496.069,460.955,381.738,473.104,-1,-1,-1,-1,879.496,872.580,644.565,-1,1,0,2,0,2,0,0,0,0,2,2,2,2,0,0,1,2
176,2001.299,2303.761,740.470,-93.688,-0.063640,0.996069,0.061610,-0.987220,-0.071872,0.142234,0.146103,-0.051771,0.987914,1,0.41240,0.19614,0.000,0.000,-1,859.049,-1,-1,-1,650.208,670.300,373.817,491.616,-1,-1,-1,-1,-1,-1,-1,-1,2,0,2,2,2,0,0,0,0,2,2,2,2,2,2,2,2
177,2001.868,2306.861,743.715,-93.687,-0.063723,0.996224,0.058971,-0.988978,-0.070952,0.129956,0.133649,-0.050039,0.989765,0,0.52206,1.00000,3.152,0.002,-1,822.467,-1,-1,-1,621.577,637.761,384.345,498.940,-1,-1,-1,-1,-1,-1,-1,-1,2,0,2,2,2,0,0,0,0,2,2,2,2,2,2,2,2
178,2002.247,2309.551,748.538,-93.691,-0.063903,0.996500,0.053893,-0.990697,-0.069847,0.116793,0.120149,-0.045928,0.991693,0,0.52206,1.00000,2.717,-0.004,-1,791.310,-1,-1,-1,598.029,607.907,405.543,505.286,-1,-1,-1,-1,-1,-1,-1,-1,2,0,2,2,2,0,0,0,0,2,2,2,2,2,2,2,2
179,2002.326,2311.347,753.592,-93.708,-0.064276,0.996741,0.048746,-0.991735,-0.069236,0.108021,0.111044,-0.041400,0.992953,0,0.52206,1.00000,1.797,-0.018,-1,780.415,-1,-1,-1,589.619,596.416,428.794,511.740,-1,-1,-1,-1,-1,-1,-1,-1,2,0,2,2,2,0,0,0,0,2,2,2,2,2,2,2,2
180,2002.227,2312.144,757.928,-93.706,-0.064261,0.996981,0.043583,-0.992182,-0.068512,0.104311,0.106982,-0.036539,0.993589,0,0.52206,1.00000,0.803,0.003,-1,787.147,-1,962.201,-1,593.132,597.602,451.366,514.530,-1,-1,-1,-1,-1,-1,-1,-1,2,0,2,0,2,0,0,0,0,2,2,2,2,2,2,2,2
181,2002.115,2312.263,761.114,-93.660,-0.063472,0.997254,0.038164,-0.992403,-0.067109,0.103112,0.105390,-0.031329,0.993937,0,0.52206,1.00000,0.164,0.046,-1,799.737,-1,948.920,-1,600.080,601.739,472.012,511.623,-1,-1,-1,-1,-1,-1,-1,-1,2,0,2,0,2,0,0,0,0,2,2,2,2,2,2,2,2
182,2002.000,2311.699,763.080,-93.581,-0.062106,0.997533,0.032713,-0.992437,-0.065199,0.104010,0.105886,-0.026006,0.994038,0,0.52206,1.00000,0.576,0.079,-1,816.364,-1,959.871,-1,609.085,608.809,489.935,503.725,-1,-1,-1,-1,-1,-1,-1,-1,2,0,2,0,2,0,0,0,0,2,2,2,2,2,2,2,2
183,2001.939,2310.494,763.815,-93.460,-0.059988,0.997834,0.026981,-0.992304,-0.062546,0.106872,0.108328,-0.020362,0.993907,0,0.52206,1.00000,1.206,0.121,-1,834.445,-1,989.942,-1,619.990,618.045,505.527,490.491,-1,-1,-1,-1,-1,-1,-1,-1,2,0,2,0,2,0,0,0,0,2,2,2,2,2,2,2,2
184,2001.937,2308.670,763.465,-93.295,-0.057120,0.998126,0.021969,-0.992067,-0.059214,0.110890,0.111983,-0.015460,0.993590,0,0.52206,1.00000,1.825,0.164,-1,853.517,-1,-1,-1,631.097,627.815,527.123,475.428,-1,-1,-1,-1,-1,-1,-1,-1,2,0,2,2,2,0,0,0,0,2,2,2,2,2,2,2,2
185,2002.056,2306.349,762.341,-93.102,-0.053758,0.998358,0.019809,-0.991857,-0.055680,0.114539,0.115454,-0.013490,0.993221,0,0.52206,1.00000,2.324,0.193,-1,866.728,-1,-1,-1,638.784,634.581,531.129,465.470,-1,-1,-1,-1,-1,-1,-1,-1,2,0,2,2,2,0,0,0,0,2,2,2,2,2,2,2,2
186,2002.386,2303.666,760.652,-92.892,-0.050096,0.998506,0.021824,-0.991778,-0.052311,0.116790,0.117757,-0.015793,0.992917,0,0.52206,1.00000,2.703,0.211,-1,867.213,-1,-1,-1,640.269,636.984,510.422,463.606,-1,-1,-1,-1,-1,-1,-1,-1,2,0,2,2,2,0,0,0,0,2,2,2,2,2,2,2,2
187,2003.016,2300.687,758.498,-92.677,-0.046369,0.998518,0.028502,-0.991883,-0.049405,0.117163,0.118398,-0.022838,0.992704,0,0.52206,1.00000,3.045,0.215,-1,852.389,-1,-1,-1,634.096,633.778,484.380,470.420,-1,-1,-1,-1,-1,-1,-1,-1,2,0,2,2,2,0,0,0,0,2,2,2,2,2,2,2,2
188,2004.038,2297.365,755.989,-92.468,-0.042764,0.998331,0.038804,-0.992104,-0.047016,0.116270,0.117900,-0.033525,0.992459,0,0.52206,1.00000,3.475,0.208,-1,827.793,-1,-1,-1,622.523,626.767,453.269,486.645,-1,-1,-1,-1,-1,-1,-1,-1,2,0,2,2,2,0,0,0,0,2,2,2,2,2,2,2,2
189,2005.364,2293.624,753.901,-92.254,-0.039057,0.998119,0.047245,-0.992334,-0.044292,0.115379,0.117255,-0.042377,0.992197,0,0.52206,1.00000,3.969,0.214,-1,808.251,-1,-1,-1,612.496,620.356,428.771,500.231,-1,-1,-1,-1,-1,-1,-1,-1,2,0,2,2,2,0,0,0,0,2,2,2,2,2,2,2,2
190,2006.521,2289.484,752.767,-92.072,-0.035915,0.997986,0.052286,-0.992514,-0.041732,0.114783,0.116734,-0.047772,0.992014,0,0.36182,0.94698,4.299,0.182,-1,796.385,-1,-1,-1,606.732,616.746,414.370,508.300,-1,-1,-1,-1,-1,-1,-1,-1,2,0,2,2,2,0,0,0,0,2,2,2,2,2,2,2,2
191,2007.367,2285.100,752.705,-91.933,-0.033496,0.998000,0.053608,-0.992667,-0.039455,0.114257,0.116144,-0.049388,0.992004,0,0.36182,0.94698,4.465,0.140,-1,791.947,-1,-1,-1,605.047,615.600,410.152,509.805,-1,-1,-1,-1,-1,-1,-1,-1,2,0,2,2,2,0,0,0,0,2,2,2,2,2,2,2,2
192,2008.017,2280.473,753.600,-91.796,-0.031123,0.998171,0.051821,-0.992828,-0.036860,0.113726,0.115428,-0.047910,0.992160,0,0.36182,0.94698,4.672,0.137,-1,793.586,-1,-1,-1,606.822,616.522,414.416,505.876,-1,-1,-1,-1,-1,-1,-1,-1,2,0,2,2,2,0,0,0,0,2,2,2,2,2,2,2,2
193,2008.562,2275.594,755.136,-91.642,-0.028473,0.998423,0.048392,-0.993028,-0.033793,0.112931,0.114388,-0.044840,0.992424,0,0.36182,0.94698,4.910,0.153,-1,797.976,-1,-1,-1,610.149,618.371,423.622,499.706,-1,-1,-1,-1,-1,-1,-1,-1,2,0,2,2,2,0,0,0,0,2,2,2,2,2,2,2,2
194,2009.064,2270.462,756.931,-91.476,-0.025590,0.998664,0.044881,-0.993269,-0.030474,0.111752,0.112971,-0.041720,0.992722,0,0.36182,0.94698,5.156,0.167,-1,801.962,-1,-1,-1,613.252,620.106,433.804,494.322,-1,-1,-1,-1,-1,-1,-1,-1,2,0,2,2,2,0,0,0,0,2,2,2,2,2,2,2,2
195,2009.558,2265.060,758.634,-91.306,-0.022656,0.998850,0.042265,-0.993522,-0.027203,0.110333,0.111356,-0.039492,0.992996,0,0.36182,0.94698,5.425,0.170,-1,803.921,-1,-1,-1,615.273,621.176,441.990,490.961,-1,-1,-1,-1,-1,-1,-1,-1,2,0,2,2,2,0,0,0,0,2,2,2,2,2,2,2,2
196,2010.065,2259.359,759.980,-91.141,-0.019785,0.998970,0.040826,-0.993769,-0.024129,0.108816,0.109689,-0.038418,0.993223,0,0.36182,0.94698,5.724,0.166,-1,803.351,-1,-1,-1,615.478,621.189,446.702,489.637,-1,-1,-1,-1,-1,-1,-1,-1,2,0,2,2,2,0,0,0,0,2,2,2,2,2,2,2,2
197,2010.649,2253.352,760.844,-90.968,-0.016798,0.999045,0.040325,-0.993998,-0.021046,0.107351,0.108098,-0.038280,0.993403,0,0.36182,0.94698,6.035,0.172,-1,800.451,-1,-1,-1,614.052,620.098,447.997,489.147,-1,-1,-1,-1,-1,-1,-1,-1,2,0,2,2,2,0,0,0,0,2,2,2,2,2,2,2,2
198,2011.319,2247.046,761.250,-90.789,-0.013684,0.999086,0.040491,-0.994203,-0.017914,0.106013,0.106642,-0.038805,0.993540,0,0.36182,0.94698,6.342,0.180,-1,795.631,-1,-1,-1,611.484,618.111,446.456,488.564,-1,-1,-1,-1,-1,-1,-1,-1,2,0,2,2,2,0,0,0,0,2,2,2,2,2,2,2,2
199,2012.047,2240.447,761.316,-90.609,-0.010563,0.999101,0.041066,-0.994380,-0.014821,0.104824,0.105338,-0.039728,0.993643,0,0.36182,0.94698,6.639,0.180,-1,789.708,-1,-1,-1,608.230,615.596,442.964,487.659,-1,-1,-1,-1,-1,-1,-1,-1,2,0,2,2,2,0,0,0,0,2,2,2,2,2,2,2,2
200,2012.828,2233.568,761.192,-90.426,-0.007397,0.999102,0.041719,-0.994535,-0.011695,0.103747,0.104141,-0.040723,0.993728,0,0.36182,0.94698,6.923,0.182,-1,783.457,-1,-1,-1,604.701,612.587,438.672,486.128,-1,-1,-1,-1,-1,-1,-1,-1,2,0,2,2,2,0,0,0,0,2,2,2,2,2,2,2,2
201,2013.649,2226.468,761.069,-90.240,-0.004170,0.999099,0.042233,-0.994696,-0.008485,0.102504,0.102770,-0.041582,0.993836,0,0.36182,0.94698,7.147,0.186,-1,776.782,-1,-1,-1,600.774,608.907,434.591,484.101,-1,-1,-1,-1,-1,-1,-1,-1,2,0,2,2,2,0,0,0,0,2,2,2,2,2,2,2,2
202,2014.507,2219.197,761.116,-90.054,-0.000932,0.999089,0.042666,-0.994882,-0.005238,0.100910,0.101042,-0.042353,0.993980,0,0.36182,0.94698,7.322,0.186,-1,769.575,-1,-1,-1,596.467,604.781,431.115,482.342,-1,-1,-1,-1,-1,-1,-1,-1,2,0,2,2,2,0,0,0,0,2,2,2,2,2,2,2,2
203,2015.414,2211.701,761.388,-89.861,0.002415,0.999079,0.042846,-0.995053,-0.001854,0.099324,0.099312,-0.042874,0.994132,0,0.36182,0.94698,7.550,0.193,-1,763.528,-1,-1,-1,592.935,601.344,428.786,480.918,-1,-1,-1,-1,-1,-1,-1,-1,2,0,2,2,2,0,0,0,0,2,2,2,2,2,2,2,2
204,2016.371,2203.969,761.878,-89.660,0.005911,0.999072,0.042670,-0.995191,0.001705,0.097942,0.097778,-0.043044,0.994277,0,0.36182,0.94698,7.791,0.201,-1,759.405,-1,-1,-1,590.680,599.076,427.798,479.398,-1,-1,-1,-1,-1,-1,-1,-1,2,0,2,2,2,0,0,0,0,2,2,2,2,2,2,2,2
205,2017.353,2196.107,762.561,-89.459,0.009394,0.999061,0.042297,-0.995320,0.005274,0.096491,0.096177,-0.043005,0.994435,0,0.23738,0.43981,7.923,0.200,-1,755.983,-1,-1,-1,588.887,597.847,427.760,477.989,-1,-1,-1,-1,-1,-1,-1,-1,2,0,2,2,2,0,0,0,0,2,2,2,2,2,2,2,2
206,2018.329,2188.240,763.391,-89.269,0.012709,0.999052,0.041625,-0.995442,0.008706,0.094968,0.094515,-0.042642,0.994610,0,0.23738,0.43981,7.928,0.191,-1,753.224,-1,-1,-1,587.506,597.632,428.764,476.439,-1,-1,-1,-1,-1,-1,-1,-1,2,0,2,2,2,0,0,0,0,2,2,2,2,2,2,2,2
207,2019.304,2180.324,764.276,-89.085,0.015907,0.999043,0.040746,-0.995533,0.012032,0.093642,0.093062,-0.042053,0.994772,0,0.23738,0.43981,7.976,0.184,-1,750.839,-1,-1,-1,587.862,598.243,430.368,475.223,-1,-1,-1,-1,-1,-1,-1,-1,2,0,2,2,2,0,0,0,0,2,2,2,2,2,2,2,2
208,2020.289,2172.350,765.124,-88.901,0.019092,0.999013,0.040116,-0.995611,0.015320,0.092328,0.091622,-0.041703,0.994920,0,0.23738,0.43981,8.034,0.183,-1,747.827,-1,-1,-1,588.073,598.831,431.359,474.953,-1,-1,-1,-1,-1,-1,-1,-1,2,0,2,2,2,0,0,0,0,2,2,2,2,2,2,2,2
209,2021.308,2164.339,765.880,-88.718,0.022290,0.998961,0.039758,-0.995682,0.018597,0.090946,0.090112,-0.041614,0.995062,0,0.23738,0.43981,8.076,0.184,-1,744.130,-1,-1,-1,587.405,598.941,431.529,474.950,-1,-1,-1,-1,-1,-1,-1,-1,2,0,2,2,2,0,0,0,0,2,2,2,2,2,2,2,2
210,2022.331,2156.288,766.525,-88.539,0.025396,0.998898,0.039466,-0.995748,0.021780,0.089505,0.088546,-0.041571,0.995204,0,0.23738,0.43981,8.116,0.179,-1,739.925,-1,-1,-1,585.507,598.481,432.195,474.686,-1,-1,-1,-1,-1,-1,-1,-1,2,0,2,2,2,0,0,0,0,2,2,2,2,2,2,2,2
211,2023.350,2148.179,767.042,-88.369,0.028358,0.998822,0.039365,-0.995822,0.024809,0.087880,0.086800,-0.041693,0.995353,0,0.23738,0.43981,8.173,0.170,-1,734.716,-1,-1,-1,582.745,596.664,432.328,474.363,-1,-1,-1,-1,-1,-1,-1,-1,2,0,2,2,2,0,0,0,0,2,2,2,2,2,2,2,2
212,2024.383,2140.023,767.431,-88.203,0.031240,0.998730,0.039540,-0.995915,0.027750,0.085931,0.084724,-0.042063,0.995516,0,0.23738,0.43981,8.221,0.166,-1,728.031,-1,-1,-1,578.731,592.968,431.498,474.131,-1,-1,-1,-1,-1,-1,-1,-1,2,0,2,2,2,0,0,0,0,2,2,2,2,2,2,2,2
213,2025.452,2131.819,767.734,-88.037,0.034129,0.998624,0.039822,-0.996010,0.030698,0.083797,0.082459,-0.042523,0.995687,0,0.23738,0.43981,8.274,0.166,-1,720.568,-1,-1,-1,574.015,588.538,430.198,473.785,-1,-1,-1,-1,-1,-1,-1,-1,2,0,2,2,2,0,0,0,0,2,2,2,2,2,2,2,2
214,2026.545,2123.565,768.025,-87.872,0.037018,0.998510,0.040083,-0.996094,0.033652,0.081632,0.080161,-0.042949,0.995856,0,0.23738,0.43981,8.325,0.166,-1,713.095,-1,-1,-1,569.251,584.039,428.922,473.311,-1,-1,-1,-1,-1,-1,-1,-1,2,0,2,2,2,0,0,0,0,2,2,2,2,2,2,2,2
215,2027.644,2115.313,768.397,-87.710,0.039829,0.998389,0.040404,-0.996181,0.036532,0.079300,0.077697,-0.043408,0.996032,0,0.23738,0.43981,8.325,0.161,-1,705.581,-1,-1,-1,564.454,579.416,427.804,473.163,-1,-1,-1,-1,-1,-1,-1,-1,2,0,2,2,2,0,0,0,0,2,2,2,2,2,2,2,2
216,2028.765,2107.006,768.865,-87.551,0.042611,0.998264,0.040649,-0.996240,0.039382,0.077165,0.075430,-0.043784,0.996189,0,0.23738,0.43981,8.382,0.160,-1,699.083,-1,-1,-1,560.925,575.690,427.165,473.230,-1,-1,-1,-1,-1,-1,-1,-1,2,0,2,2,2,0,0,0,0,2,2,2,2,2,2,2,2
217,2029.910,2098.643,769.417,-87.388,0.045454,0.998145,0.040513,-0.996261,0.042312,0.075321,0.073467,-0.043785,0.996336,0,0.23738,0.43981,8.441,0.163,-1,694.065,-1,1005.973,-1,558.512,573.002,427.734,472.862,-1,-1,-1,-1,-1,-1,-1,-1,2,0,2,0,2,0,0,0,0,2,2,2,2,2,2,2,2
218,2031.027,2090.249,770.090,-87.230,0.048205,0.998037,0.039987,-0.996239,0.045156,0.073951,0.072000,-0.043401,0.996460,0,0.23738,0.43981,8.468,0.158,-1,691.108,-1,1000.134,-1,557.742,571.963,429.528,472.178,-1,-1,-1,-1,-1,-1,-1,-1,2,0,2,0,2,0,0,0,0,2,2,2,2,2,2,2,2
219,2032.106,2081.783,770.821,-87.084,0.050739,0.997940,0.039247,-0.996176,0.047773,0.073149,0.071124,-0.042808,0.996548,0,0.23738,0.43981,8.534,0.146,-1,690.078,-1,1001.420,-1,558.585,572.657,431.971,472.481,-1,-1,-1,-1,-1,-1,-1,-1,2,0,2,0,2,0,0,0,0,2,2,2,2,2,2,2,2
220,2033.182,2073.259,771.534,-86.943,0.053195,0.997837,0.038619,-0.996108,0.050302,0.072374,0.070275,-0.042319,0.996630,0,0.23738,0.43981,8.592,0.141,-1,688.958,-1,1003.372,-1,559.404,573.398,434.133,472.953,-1,-1,-1,-1,-1,-1,-1,-1,2,0,2,0,2,0,0,0,0,2,2,2,2,2,2,2,2
221,2034.283,2064.708,772.185,-86.804,0.055620,0.997712,0.038441,-0.996066,0.052786,0.071177,0.068985,-0.042249,0.996723,0,0.23738,0.43981,8.622,0.139,-1,686.108,-1,1001.357,-1,558.893,572.886,435.177,474.084,-1,-1,-1,-1,-1,-1,-1,-1,2,0,2,0,2,0,0,0,0,2,2,2,2,2,2,2,2
222,2035.419,2056.137,772.753,-86.667,0.057999,0.997567,0.038673,-0.996057,0.055220,0.069429,0.067125,-0.042547,0.996837,0,0.23738,0.43981,8.645,0.136,-1,681.183,-1,993.663,-1,556.157,571.344,435.117,475.672,-1,-1,-1,-1,-1,-1,-1,-1,2,0,2,0,2,0,0,0,0,2,2,2,2,2,2,2,2
223,2036.586,2047.544,773.212,-86.534,0.060334,0.997414,0.039066,-0.996081,0.057625,0.067099,0.064674,-0.042962,0.996981,0,0.23738,0.43981,8.673,0.134,-1,674.331,-1,979.293,-1,551.600,567.820,434.394,477.092,-1,-1,-1,-1,-1,-1,-1,-1,2,0,2,0,2,0,0,0,0,2,2,2,2,2,2,2,2
224,2037.773,2038.911,773.604,-86.401,0.062646,0.997258,0.039389,-0.996105,0.060022,0.064594,0.062053,-0.043282,0.997134,0,0.23738,0.43981,8.714,0.132,-1,666.999,-1,962.826,-1,546.574,563.055,433.626,478.068,-1,-1,-1,-1,-1,-1,-1,-1,2,0,2,0,2,0,0,0,0,2,2,2,2,2,2,2,2
225,2038.950,2030.219,773.994,-86.274,0.064869,0.997113,0.039466,-0.996107,0.062337,0.062323,0.059683,-0.043355,0.997275,0,0.23738,0.43981,8.771,0.127,-1,660.582,-1,948.892,-1,542.174,558.977,433.370,478.533,-1,-1,-1,-1,-1,-1,-1,-1,2,0,2,0,2,0,0,0,0,2,2,2,2,2,2,2,2
226,2040.091,2021.455,774.400,-86.159,0.066877,0.996977,0.039561,-0.996102,0.064427,0.060255,0.057524,-0.043436,0.997399,0,0.23738,0.43981,8.838,0.115,-1,654.770,-1,938.047,-1,538.285,555.749,433.131,479.099,-1,-1,-1,-1,-1,-1,-1,-1,2,0,2,0,2,0,0,0,0,2,2,2,2,2,2,2,2
227,2041.219,2012.656,774.832,-86.052,0.068746,0.996837,0.039869,-0.996101,0.066371,0.058115,0.055285,-0.043709,0.997513,0,0.23738,0.43981,8.871,0.107,-1,648.707,-1,927.818,-1,534.658,552.787,433.251,480.224,-1,-1,-1,-1,-1,-1,-1,-1,2,0,2,0,2,0,0,0,0,2,2,2,2,2,2,2,2
228,2042.351,2003.683,775.391,-85.948,0.070562,0.996686,0.040469,-0.996077,0.068230,0.056358,0.053410,-0.044287,0.997590,0,0.54576,0.80348,9.044,0.104,-1,643.690,-1,923.612,-1,532.331,551.286,434.208,482.472,-1,-1,-1,-1,-1,-1,-1,-1,2,0,2,0,2,0,0,0,0,2,2,2,2,2,2,2,2
229,2043.430,1994.204,776.069,-85.863,0.072048,0.996556,0.041052,-0.996019,0.069721,0.055547,0.052494,-0.044891,0.997612,0,0.54576,0.80348,9.540,0.085,-1,641.251,-1,928.779,-1,532.509,552.688,435.639,485.280,-1,-1,-1,-1,-1,-1,-1,-1,2,0,2,0,2,0,0,0,0,2,2,2,2,2,2,2,2
230,2044.472,1984.260,776.841,-85.789,0.073334,0.996461,0.041070,-0.995940,0.071016,0.055325,0.052213,-0.044960,0.997623,0,0.54576,0.80348,9.999,0.074,-1,640.199,-1,937.196,-1,534.492,555.934,439.047,487.658,-1,-1,-1,-1,-1,-1,-1,-1,2,0,2,0,2,0,0,0,0,2,2,2,2,2,2,2,2
231,2045.516,1973.922,777.664,-85.713,0.074652,0.996395,0.040293,-0.995873,0.072399,0.054729,0.051615,-0.044212,0.997688,0,0.54576,0.80348,10.391,0.076,-1,638.615,-1,941.206,-1,536.078,558.380,444.403,488.408,-1,-1,-1,-1,-1,-1,-1,-1,2,0,2,0,2,0,0,0,0,2,2,2,2,2,2,2,2
232,2046.563,1963.205,778.464,-85.636,0.075998,0.996330,0.039368,-0.995848,0.073858,0.053222,0.050119,-0.043249,0.997806,0,0.54576,0.80348,10.768,0.077,-1,635.105,-1,937.329,-1,535.629,558.456,450.073,488.472,-1,-1,-1,-1,-1,-1,-1,-1,2,0,2,0,2,0,0,0,0,2,2,2,2,2,2,2,2
233,2047.640,1952.091,779.200,-85.562,0.077298,0.996239,0.039141,-0.995848,0.075255,0.051223,0.048084,-0.042938,0.997920,0,0.54576,0.80348,11.166,0.074,-1,630.116,-1,930.945,-1,533.687,557.187,455.276,489.702,-1,-1,-1,-1,-1,-1,-1,-1,2,0,2,0,2,0,0,0,0,2,2,2,2,2,2,2,2
234,2048.817,1940.741,779.929,-85.458,0.079100,0.996114,0.038725,-0.995812,0.077171,0.049012,0.045833,-0.042440,0.998047,0,0.54576,0.80348,11.411,0.103,-1,625.065,-1,922.091,-1,530.493,554.431,465.866,490.456,-1,-1,-1,-1,-1,-1,-1,-1,2,0,2,0,2,0,0,0,0,2,2,2,2,2,2,2,2
235,2050.231,1929.468,780.960,-85.256,0.082620,0.995953,0.035378,-0.995556,0.080872,0.048257,0.045200,-0.039208,0.998208,0,0.54576,0.80348,11.361,0.202,-1,626.555,-1,918.653,-1,531.374,555.110,492.660,486.363,-1,-1,-1,-1,-1,-1,-1,-1,2,0,2,0,2,0,0,0,0,2,2,2,2,2,2,2,2
236,2051.665,1918.164,782.377,-85.031,0.086525,0.995774,0.030770,-0.995168,0.084951,0.049225,0.046403,-0.034881,0.998314,0,0.54576,0.80348,11.395,0.225,-1,634.118,-1,927.385,-1,537.027,562.592,532.687,481.483,-1,-1,-1,-1,-1,-1,-1,-1,2,0,2,0,2,0,0,0,0,2,2,2,2,2,2,2,2
237,2052.999,1906.769,783.890,-84.860,0.089496,0.995589,0.028146,-0.994877,0.088027,0.049701,0.047004,-0.032449,0.998367,0,0.54576,0.80348,11.472,0.171,-1,639.182,-1,935.134,-1,541.435,569.448,564.352,480.970,-1,-1,-1,-1,-1,-1,-1,-1,2,0,2,0,2,0,0,0,0,2,2,2,2,2,2,2,2
238,2054.394,1895.322,785.013,-84.758,0.091278,0.995387,0.029554,-0.994854,0.089838,0.046841,0.043970,-0.033677,0.998465,0,0.54576,0.80348,11.531,0.102,-1,632.001,-1,926.393,-1,537.480,566.910,-1,486.559,-1,-1,-1,-1,-1,-1,-1,-1,2,0,2,0,2,0,0,2,0,2,2,2,2,2,2,2,2
239,2055.984,1883.685,785.624,-84.672,0.092790,0.995136,0.033075,-0.994946,0.091390,0.041593,0.038368,-0.036768,0.998587,0,0.54576,0.80348,11.745,0.086,-1,616.444,-1,903.847,-1,526.639,557.060,560.056,494.337,-1,-1,-1,-1,978.834,-1,-1,-1,2,0,2,0,2,0,0,0,0,2,2,2,2,0,2,2,2
240,2057.732,1871.673,785.620,-84.577,0.094466,0.994819,0.037575,-0.995017,0.093141,0.035585,0.031900,-0.040750,0.998660,0,0.54576,0.80348,12.139,0.095,-1,597.255,-1,876.044,-1,512.520,543.923,541.526,502.214,-1,-1,-1,-1,939.417,-1,-1,-1,2,0,2,0,2,0,0,0,0,2,2,2,2,0,2,2,2
241,2059.624,1859.173,785.190,-84.466,0.096400,0.994480,0.041425,-0.994994,0.095181,0.030451,0.026340,-0.044153,0.998677,0,0.54576,0.80348,12.642,0.110,-1,579.854,-1,851.153,-1,499.674,532.028,526.235,507.736,-1,-1,-1,-1,902.382,-1,-1,-1,2,0,2,0,2,0,0,0,0,2,2,2,2,0,2,2,2
242,2061.628,1846.173,784.720,-84.327,0.098830,0.994160,0.043347,-0.994848,0.097721,0.026989,0.022596,-0.045791,0.998695,0,0.54576,0.80348,13.154,0.139,-1,567.585,-1,833.184,-1,490.950,524.075,521.291,509.422,-1,-1,-1,-1,877.728,-1,-1,-1,2,0,2,0,2,0,0,0,0,2,2,2,2,0,2,2,2
243,2063.715,1832.731,784.384,-84.156,0.101790,0.993814,0.044402,-0.994592,0.100741,0.025276,0.020647,-0.046735,0.998694,0,0.54576,0.80348,13.603,0.170,-1,559.837,-1,824.398,-1,486.335,520.509,521.667,510.193,-1,-1,-1,-1,862.621,-1,-1,-1,2,0,2,0,2,0,0,0,0,2,2,2,2,0,2,2,2
244,2065.975,1819.352,784.205,-83.964,0.105140,0.993463,0.044453,-0.994283,0.104180,0.023396,0.018612,-0.046659,0.998737,0,-0.15255,0.82036,13.569,0.193,-1,553.026,-1,813.774,-1,482.152,515.607,529.440,509.122,-1,-1,-1,-1,848.824,-1,-1,-1,2,0,2,0,2,0,0,0,0,2,2,2,2,0,2,2,2
245,2068.469,1806.718,784.290,-83.738,0.109064,0.993073,0.043711,-0.993918,0.108271,0.020131,0.015259,-0.045640,0.998841,0,-0.15255,0.82036,12.878,0.226,-1,545.042,-1,795.589,-1,475.374,508.391,543.596,506.650,-1,-1,-1,-1,832.832,-1,-1,-1,2,0,2,0,2,0,0,0,0,2,2,2,2,0,2,2,2
246,2071.143,1794.752,784.677,-83.466,0.113777,0.992592,0.042605,-0.993437,0.113159,0.016642,0.011698,-0.044218,0.998953,0,-0.15255,0.82036,12.261,0.271,-1,537.871,-1,776.902,-1,468.815,501.394,670.912,504.229,-1,-1,-1,-1,817.766,-1,-1,-1,2,0,2,0,2,0,0,0,0,2,2,2,2,0,2,2,2
247,2073.810,1783.367,785.318,-83.190,0.118569,0.992039,0.042419,-0.992911,0.118101,0.013390,0.008274,-0.043706,0.999010,0,-0.15255,0.82036,11.693,0.276,-1,530.854,-1,761.963,-1,463.052,495.561,-1,504.765,-1,-1,-1,-1,803.429,-1,-1,-1,2,0,2,0,2,0,0,2,0,2,2,2,2,0,2,2,2
248,2076.432,1772.508,786.085,-82.923,0.123194,0.991483,0.042254,-0.992367,0.122843,0.010814,0.005531,-0.043263,0.999048,0,-0.15255,0.82036,11.172,0.267,-1,525.097,-1,751.307,-1,458.824,491.437,-1,505.969,-1,-1,-1,-1,791.904,-1,-1,-1,2,0,2,0,2,0,0,2,0,2,2,2,2,0,2,2,2
249,2079.036,1762.092,786.826,-82.664,0.127686,0.990931,0.041859,-0.991806,0.127396,0.009533,0.004114,-0.042733,0.999078,0,-0.15255,0.82036,10.737,0.259,-1,521.681,-1,746.545,-1,456.812,489.758,-1,507.061,-1,-1,-1,-1,784.626,-1,-1,-1,2,0,2,0,2,0,0,2,0,2,2,2,2,0,2,2,2
250,2081.743,1752.195,787.444,-82.377,0.132647,0.990300,0.041357,-0.991156,0.132369,0.009400,0.003835,-0.042238,0.999100,0,-0.15255,0.82036,10.260,0.287,-1,519.984,-1,745.238,-1,456.929,489.813,-1,507.991,-1,-1,-1,-1,780.408,-1,-1,-1,2,0,2,0,2,0,0,2,0,2,2,2,2,0,2,2,2
251,2084.694,1742.965,787.889,-82.041,0.138472,0.989513,0.041117,-0.990358,0.138181,0.009855,0.004070,-0.042085,0.999106,0,-0.15255,0.82036,9.691,0.337,-1,518.732,-1,744.643,-1,457.587,491.217,-1,509.249,-1,-1,-1,-1,776.904,-1,-1,-1,2,0,2,0,2,0,0,2,0,2,2,2,2,0,2,2,2
252,2087.745,1734.355,788.147,-81.697,0.144403,0.988641,0.041686,-0.989509,0.144084,0.010571,0.004445,-0.042775,0.999075,0,-0.15255,0.82036,9.135,0.343,-1,517.034,-1,745.079,-1,457.957,491.560,-1,511.868,-1,-1,-1,-1,772.691,-1,-1,-1,2,0,2,0,2,0,0,2,0,2,2,2,2,0,2,2,2
253,2090.781,1726.352,788.257,-81.362,0.150192,0.987731,0.042788,-0.988647,0.149859,0.010914,0.004368,-0.043941,0.999025,0,-0.15255,0.82036,8.559,0.335,-1,514.207,-1,743.615,-1,457.191,490.198,-1,515.060,-1,-1,-1,-1,766.612,-1,-1,-1,2,0,2,0,2,0,0,2,0,2,2,2,2,0,2,2,2
254,2093.667,1718.849,788.209,-81.055,0.155491,0.986860,0.043935,-0.987831,0.155177,0.010479,0.003524,-0.045030,0.998979,0,-0.15255,0.82036,8.039,0.307,-1,509.992,-1,738.467,-1,453.927,487.711,-1,517.487,-1,-1,-1,-1,758.350,-1,-1,-1,2,0,2,0,2,0,0,2,0,2,2,2,2,0,2,2,2
255,2096.364,1711.753,788.012,-80.780,0.160221,0.986065,0.044775,-0.987079,0.159956,0.009466,0.002172,-0.045713,0.998952,0,-0.15255,0.82036,7.592,0.274,-1,504.992,-1,730.454,-1,449.796,484.170,-1,518.436,-1,-1,-1,-1,749.008,-1,-1,-1,2,0,2,0,2,0,0,2,0,2,2,2,2,0,2,2,2
256,2098.898,1705.016,787.707,-80.524,0.164633,0.985317,0.045226,-0.986355,0.164424,0.008327,0.000769,-0.045980,0.998942,0,-0.15255,0.82036,7.198,0.256,-1,500.025,-1,721.508,-1,445.544,480.265,-1,518.776,-1,-1,-1,-1,739.934,-1,-1,-1,2,0,2,0,2,0,0,2,0,2,2,2,2,0,2,2,2
257,2101.292,1698.620,787.348,-80.280,0.168839,0.984596,0.045423,-0.985644,0.168675,0.007442,-0.000334,-0.046027,0.998940,0,-0.15255,0.82036,6.829,0.244,-1,495.658,-1,713.464,-1,441.755,476.792,-1,518.503,-1,-1,-1,-1,732.020,-1,-1,-1,2,0,2,0,2,0,0,2,0,2,2,2,2,0,2,2,2
258,2103.592,1692.565,786.991,-80.053,0.172729,0.983928,0.045290,-0.984969,0.172593,0.006922,-0.001006,-0.045805,0.998950,0,-0.15255,0.82036,6.477,0.226,-1,492.217,-1,706.991,-1,438.729,474.106,-1,517.611,-1,-1,-1,-1,725.781,-1,-1,-1,2,0,2,0,2,0,0,2,0,2,2,2,2,0,2,2,2
259,2105.771,1686.859,786.711,-79.843,0.176350,0.983288,0.045217,-0.984326,0.176234,0.006564,-0.001514,-0.045666,0.998956,0,-0.15255,0.82036,6.108,0.211,-1,489.262,-1,701.668,-1,436.173,471.960,-1,517.132,-1,-1,-1,-1,720.902,-1,-1,-1,2,0,2,0,2,0,0,2,0,2,2,2,2,0,2,2,2
260,2107.831,1681.507,786.525,-79.646,0.179729,0.982684,0.045041,-0.983714,0.179637,0.006113,-0.002084,-0.045406,0.998966,0,-0.15255,0.82036,5.735,0.197,-1,486.572,-1,696.136,-1,433.821,469.944,-1,516.586,-1,-1,-1,-1,716.858,-1,-1,-1,2,0,2,0,2,0,0,2,0,2,2,2,2,0,2,2,2
261,2109.761,1676.487,786.423,-79.463,0.182876,0.982121,0.044665,-0.983132,0.182807,0.005655,-0.002611,-0.044945,0.998986,0,-0.15255,0.82036,5.378,0.183,-1,484.379,-1,691.039,-1,431.809,468.204,-1,515.776,-1,-1,-1,-1,713.543,-1,-1,-1,2,0,2,0,2,0,0,2,0,2,2,2,2,0,2,2,2
262,2111.589,1671.846,786.440,-79.282,0.185966,0.981559,0.044261,-0.982551,0.185915,0.005310,-0.003017,-0.044476,0.999006,0,-0.15255,0.82036,4.988,0.180,-1,482.703,-1,686.893,-1,430.286,466.974,-1,515.315,-1,-1,-1,-1,711.160,-1,-1,-1,2,0,2,0,2,0,0,2,0,2,2,2,2,0,2,2,2
263,2113.349,1667.640,786.581,-79.099,0.189105,0.980978,0.043831,-0.981951,0.189075,0.004874,-0.003506,-0.043961,0.999027,0,-0.15255,0.82036,4.560,0.183,-1,481.242,-1,682.836,-1,428.971,465.873,-1,515.103,-1,-1,-1,-1,709.086,-1,-1,-1,2,0,2,0,2,0,0,2,0,2,2,2,2,0,2,2,2
264,2115.046,1663.844,786.792,-78.918,0.192214,0.980389,0.043491,-0.981345,0.192207,0.004386,-0.004060,-0.043523,0.999044,0,-0.15255,0.82036,4.158,0.181,-1,479.987,-1,678.928,-1,427.810,464.842,-1,515.254,-1,-1,-1,-1,706.796,-1,-1,-1,2,0,2,0,2,0,0,2,0,2,2,2,2,0,2,2,2
265,2116.679,1660.327,787.008,-78.742,0.195229,0.979800,0.043335,-0.980748,0.195235,0.004144,-0.004400,-0.043310,0.999052,0,-0.03394,0.60505,3.878,0.176,-1,479.042,-1,676.120,-1,427.142,463.815,-1,515.940,-1,-1,-1,-1,705.034,-1,-1,-1,2,0,2,0,2,0,0,2,0,2,2,2,2,0,2,2,2
266,2118.244,1656.926,787.159,-78.576,0.198060,0.979232,0.043312,-0.980180,0.198061,0.004302,-0.004366,-0.043306,0.999052,0,-0.03394,0.60505,3.743,0.165,-1,478.484,-1,674.767,-1,426.914,463.184,-1,516.933,-1,-1,-1,-1,703.978,-1,-1,-1,2,0,2,0,2,0,0,2,0,2,2,2,2,0,2,2,2
267,2119.741,1653.654,787.196,-78.425,0.200653,0.978706,0.043282,-0.979653,0.200649,0.004462,-0.004317,-0.043297,0.999053,0,-0.03394,0.60505,3.599,0.152,-1,477.743,-1,673.182,-1,426.492,462.391,-1,517.519,-1,-1,-1,-1,702.698,-1,-1,-1,2,0,2,0,2,0,0,2,0,2,2,2,2,0,2,2,2
268,2121.165,1650.505,787.114,-78.285,0.203033,0.978214,0.043303,-0.979162,0.203030,0.004519,-0.004371,-0.043318,0.999052,0,-0.03394,0.60505,3.456,0.139,-1,476.614,-1,671.213,-1,425.685,461.248,-1,517.754,-1,-1,-1,-1,700.844,-1,-1,-1,2,0,2,0,2,0,0,2,0,2,2,2,2,0,2,2,2
269,2122.542,1647.496,786.955,-78.153,0.205303,0.977733,0.043451,-0.978688,0.205302,0.004544,-0.004477,-0.043457,0.999045,0,-0.03394,0.60505,3.309,0.133,-1,475.221,-1,669.042,-1,424.633,459.915,-1,517.989,-1,-1,-1,-1,698.599,-1,-1,-1,2,0,2,0,2,0,0,2,0,2,2,2,2,0,2,2,2
270,2123.894,1644.636,786.771,-78.020,0.207563,0.977242,0.043760,-0.978211,0.207562,0.004615,-0.004573,-0.043764,0.999031,0,-0.03394,0.60505,3.163,0.132,-1,473.753,-1,667.004,-1,423.533,458.593,-1,518.525,-1,-1,-1,-1,696.247,-1,-1,-1,2,0,2,0,2,0,0,2,0,2,2,2,2,0,2,2,2
271,2125.207,1641.911,786.608,-77.889,0.209803,0.976742,0.044246,-0.977732,0.209802,0.004719,-0.004674,-0.044251,0.999010,0,-0.03394,0.60505,3.025,0.131,-1,472.276,-1,665.242,-1,422.459,457.363,-1,519.540,-1,-1,-1,-1,693.858,-1,-1,-1,2,0,2,0,2,0,0,2,0,2,2,2,2,0,2,2,2
272,2126.482,1639.310,786.493,-77.763,0.211958,0.976252,0.044789,-0.977267,0.211955,0.004867,-0.004742,-0.044802,0.998985,0,-0.03394,0.60505,2.897,0.126,-1,470.952,-1,663.883,-1,421.444,456.327,-1,520.853,-1,-1,-1,-1,691.691,-1,-1,-1,2,0,2,0,2,0,0,2,0,2,2,2,2,0,2,2,2
273,2127.713,1636.823,786.437,-77.642,0.214014,0.975780,0.045287,-0.976819,0.214008,0.005045,-0.004769,-0.045316,0.998961,0,-0.03394,0.60505,2.775,0.121,-1,469.866,-1,662.897,-1,420.417,455.509,-1,522.264,-1,-1,-1,-1,689.883,-1,-1,-1,2,0,2,0,2,0,0,2,0,2,2,2,2,0,2,2,2
274,2128.896,1634.446,786.438,-77.527,0.215971,0.975331,0.045673,-0.976388,0.215960,0.005230,-0.004763,-0.045724,0.998943,0,-0.03394,0.60505,2.655,0.115,-1,469.033,-1,662.169,-1,419.600,454.879,-1,524.117,-1,-1,-1,-1,688.460,-1,-1,-1,2,0,2,0,2,0,0,2,0,2,2,2,2,0,2,2,2
275,2130.024,1632.174,786.483,-77.418,0.217828,0.974906,0.045920,-0.975976,0.217812,0.005398,-0.004739,-0.045992,0.998931,0,-0.03394,0.60505,2.537,0.109,-1,468.413,-1,661.568,-1,418.949,454.380,-1,526.351,-1,-1,-1,-1,687.372,-1,-1,-1,2,0,2,0,2,0,0,2,0,2,2,2,2,0,2,2,2
276,2131.096,1630.004,786.553,-77.315,0.219586,0.974506,0.046033,-0.975582,0.219567,0.005532,-0.004716,-0.046124,0.998925,0,-0.03394,0.60505,2.420,0.103,-1,467.940,-1,660.965,-1,418.402,453.944,-1,528.264,-1,-1,-1,-1,686.517,-1,-1,-1,2,0,2,0,2,0,0,2,0,2,2,2,2,0,2,2,2
277,2132.112,1627.938,786.629,-77.217,0.221256,0.974128,0.046039,-0.975204,0.221235,0.005621,-0.004710,-0.046141,0.998924,0,-0.03394,0.60505,2.303,0.098,-1,467.535,-1,660.254,-1,417.893,453.506,-1,529.841,-1,-1,-1,-1,685.777,-1,-1,-1,2,0,2,0,2,0,0,2,0,2,2,2,2,0,2,2,2
278,2133.080,1625.971,786.692,-77.123,0.222861,0.973765,0.045976,-0.974839,0.222839,0.005667,-0.004727,-0.046082,0.998926,0,-0.03394,0.60505,2.192,0.094,-1,467.129,-1,659.371,-1,417.367,453.017,-1,531.102,-1,-1,-1,-1,685.051,-1,-1,-1,2,0,2,0,2,0,0,2,0,2,2,2,2,0,2,2,2
279,2133.999,1624.082,786.722,-77.033,0.224391,0.973417,0.045903,-0.974488,0.224369,0.005700,-0.004751,-0.046011,0.998930,0,-0.03394,0.60505,2.101,0.090,-1,466.675,-1,658.385,-1,416.915,452.475,-1,532.079,-1,-1,-1,-1,684.268,-1,-1,-1,2,0,2,0,2,0,0,2,0,2,2,2,2,0,2,2,2
280,2134.870,1622.242,786.704,-76.948,0.225827,0.973089,0.045825,-0.974156,0.225805,0.005730,-0.004772,-0.045934,0.998933,0,-0.03394,0.60505,2.035,0.084,-1,466.140,-1,657.286,-1,416.434,451.862,-1,532.826,-1,-1,-1,-1,683.383,-1,-1,-1,2,0,2,0,2,0,0,2,0,2,2,2,2,0,2,2,2
281,2135.697,1620.441,786.626,-76.869,0.227179,0.972781,0.045688,-0.973841,0.227158,0.005728,-0.004806,-0.045794,0.998939,0,-0.03394,0.60505,1.982,0.080,-1,465.501,-1,655.773,-1,415.839,451.115,-1,533.159,-1,-1,-1,-1,682.370,-1,-1,-1,2,0,2,0,2,0,0,2,0,2,2,2,2,0,2,2,2
282,2136.488,1618.678,786.490,-76.793,0.228465,0.972490,0.045463,-0.973540,0.228447,0.005662,-0.004880,-0.045554,0.998950,0,-0.03394,0.60505,1.932,0.076,-1,464.739,-1,653.832,-1,415.101,450.189,-1,532.990,-1,-1,-1,-1,681.196,-1,-1,-1,2,0,2,0,2,0,0,2,0,2,2,2,2,0,2,2,2
283,2137.247,1616.956,786.317,-76.721,0.229685,0.972216,0.045170,-0.973252,0.229675,0.005476,-0.005050,-0.045219,0.998964,0,-0.03394,0.60505,1.882,0.072,-1,463.804,-1,651.408,-1,414.179,449.036,-1,532.393,-1,-1,-1,-1,679.758,1005.721,-1,-1,2,0,2,0,2,0,0,2,0,2,2,2,2,0,1,2,2
284,2137.977,1615.280,786.130,-76.653,0.230846,0.971955,0.044865,-0.972976,0.230851,0.005145,-0.005357,-0.044840,0.998980,0,-0.03394,0.60505,1.829,0.068,-1,462.667,-1,648.519,-1,413.061,447.657,-1,531.583,-1,-1,-1,-1,677.986,1003.023,-1,-1,2,0,2,0,2,0,0,2,0,2,2,2,2,0,1,2,2
285,2138.682,1613.654,785.953,-76.588,0.231950,0.971706,0.044580,-0.972711,0.231975,0.004679,-0.005795,-0.044449,0.998995,0,-0.03394,0.60505,1.772,0.065,-1,461.370,-1,645.295,-1,411.797,446.114,-1,530.724,-1,-1,-1,-1,675.931,1000.529,-1,-1,2,0,2,0,2,0,0,2,0,2,2,2,2,0,1,2,2
286,2139.361,1612.090,785.809,-76.527,0.232974,0.971470,0.044364,-0.972463,0.233022,0.004161,-0.006295,-0.044112,0.999007,0,-0.03394,0.60505,1.705,0.060,-1,460.037,-1,642.112,-1,410.521,444.579,-1,530.069,-1,-1,-1,-1,673.783,-1,-1,-1,2,0,2,0,2,0,0,2,0,2,2,2,2,0,2,2,2
287,2140.013,1610.600,785.730,-76.473,0.233906,0.971248,0.044324,-0.972236,0.233970,0.003807,-0.006673,-0.043984,0.999010,0,-0.03394,0.60505,1.626,0.055,-1,458.953,-1,639.822,-1,409.536,443.435,-1,530.161,-1,-1,-1,-1,671.996,-1,-1,-1,2,0,2,0,2,0,0,2,0,2,2,2,2,0,2,2,2
288,2140.653,1609.189,785.723,-76.420,0.234790,0.971031,0.044410,-0.972022,0.234862,0.003674,-0.006863,-0.044030,0.999007,0,-0.03394,0.60505,1.549,0.052,-1,458.243,-1,638.564,-1,408.942,442.777,-1,530.947,-1,-1,-1,-1,670.783,-1,-1,-1,2,0,2,0,2,0,0,2,0,2,2,2,2,0,2,2,2
289,2141.281,1607.857,785.774,-76.370,0.235647,0.970817,0.044559,-0.971814,0.235718,0.003729,-0.006883,-0.044182,0.999000,0,-0.03394,0.60505,1.473,0.051,-1,457.887,-1,638.152,-1,408.698,442.532,-1,532.207,-1,-1,-1,-1,670.122,-1,-1,-1,2,0,2,0,2,0,0,2,0,2,2,2,2,0,2,2,2
290,2141.896,1606.603,785.861,-76.321,0.236479,0.970607,0.044716,-0.971613,0.236545,0.003894,-0.006798,-0.044368,0.998992,0,-0.03394,0.60505,1.397,0.049,-1,457.770,-1,638.236,-1,408.680,442.541,-1,533.668,-1,-1,-1,-1,669.841,-1,-1,-1,2,0,2,0,2,0,0,2,0,2,2,2,2,0,2,2,2
291,2142.584,1605.053,785.958,-76.247,0.237731,0.970308,0.044566,-0.971314,0.237747,0.005021,-0.005723,-0.044481,0.998994,0,0.52912,0.80339,1.696,0.074,-1,459.144,-1,641.082,-1,409.987,443.975,-1,535.340,-1,-1,-1,-1,672.116,-1,-1,-1,2,0,2,0,2,0,0,2,0,2,2,2,2,0,2,2,2
292,2143.516,1602.735,786.037,-76.126,0.239786,0.969840,0.043729,-0.970820,0.239692,0.007474,-0.003233,-0.044245,0.999016,0,0.52912,0.80339,2.498,0.121,-1,462.631,-1,647.418,-1,413.107,447.272,-1,536.730,-1,-1,-1,-1,678.062,-1,-1,-1,2,0,2,0,2,0,0,2,0,2,2,2,2,0,2,2,2
293,2144.674,1599.779,786.106,-75.985,0.242172,0.969295,0.042664,-0.970233,0.241980,0.009693,-0.000929,-0.043741,0.999042,0,0.52912,0.80339,3.175,0.141,-1,465.801,-1,652.679,-1,415.881,450.181,-1,537.663,-1,-1,-1,-1,685.082,-1,-1,-1,2,0,2,0,2,0,0,2,0,2,2,2,2,0,2,2,2
294,2146.027,1596.285,786.183,-75.841,0.244608,0.968714,0.041948,-0.969622,0.244377,0.010633,0.000049,-0.043275,0.999063,0,0.52912,0.80339,3.747,0.144,-1,466.781,-1,653.767,-1,416.717,451.016,-1,538.717,-1,-1,-1,-1,688.149,-1,-1,-1,2,0,2,0,2,0,0,2,0,2,2,2,2,0,2,2,2
295,2147.571,1592.282,786.248,-75.692,0.247131,0.968090,0.041579,-0.968982,0.246927,0.010059,-0.000530,-0.042776,0.999085,0,0.52912,0.80339,4.290,0.149,-1,465.189,-1,649.762,-1,415.247,449.021,-1,539.590,-1,-1,-1,-1,685.496,-1,-1,-1,2,0,2,0,2,0,0,2,0,2,2,2,2,0,2,2,2
296,2149.313,1587.737,786.280,-75.533,0.249818,0.967408,0.041390,-0.968290,0.249684,0.008473,-0.002138,-0.042194,0.999107,0,0.52912,0.80339,4.867,0.159,-1,461.743,-1,642.249,-1,412.186,445.447,-1,540.202,-1,-1,-1,-1,679.014,-1,-1,-1,2,0,2,0,2,0,0,2,0,2,2,2,2,0,2,2,2
297,2151.294,1582.623,786.264,-75.357,0.252794,0.966646,0.041112,-0.967512,0.252741,0.006552,-0.004057,-0.041432,0.999133,0,0.52912,0.80339,5.484,0.176,-1,457.541,-1,633.312,-1,408.524,441.163,-1,540.398,-1,-1,-1,-1,671.341,-1,-1,-1,2,0,2,0,2,0,0,2,0,2,2,2,2,0,2,2,2
298,2153.531,1576.901,786.189,-75.163,0.256060,0.965803,0.040721,-0.966645,0.256072,0.005025,-0.005575,-0.040650,0.999158,0,0.52912,0.80339,6.145,0.194,-1,453.581,-1,625.263,-1,405.200,437.279,-1,540.802,-1,-1,-1,-1,664.741,-1,-1,-1,2,0,2,0,2,0,0,2,0,2,2,2,2,0,2,2,2
299,2156.033,1570.561,786.055,-74.949,0.259672,0.964852,0.040397,-0.965677,0.259710,0.004375,-0.006270,-0.040146,0.999174,0,0.52912,0.80339,6.815,0.214,-1,450.297,-1,619.559,-1,402.728,434.468,-1,542.138,-1,-1,-1,-1,660.271,-1,-1,-1,2,0,2,0,2,0,0,2,0,2,2,2,2,0,2,2,2
300,2158.854,1563.719,785.938,-74.711,0.263677,0.963762,0.040455,-0.964591,0.263710,0.004604,-0.006231,-0.040237,0.999171,0,0.52912,0.80339,7.401,0.238,-1,447.598,-1,616.363,-1,401.090,432.779,-1,545.282,-1,-1,-1,-1,657.539,-1,-1,-1,2,0,2,0,2,0,0,2,0,2,2,2,2,0,2,2,2
301,2162.037,1556.461,785.884,-74.430,0.268409,0.962454,0.040488,-0.963286,0.268434,0.004927,-0.006126,-0.040323,0.999168,0,0.52912,0.80339,7.925,0.281,-1,444.931,-1,613.043,-1,399.136,431.120,-1,551.625,-1,-1,-1,-1,655.049,-1,-1,-1,2,0,2,0,2,0,0,2,0,2,2,2,2,0,2,2,2
302,2165.501,1548.743,785.874,-74.127,0.273502,0.961015,0.040574,-0.961850,0.273531,0.004926,-0.006364,-0.040373,0.999164,0,0.52912,0.80339,8.460,0.303,-1,441.728,-1,609.091,-1,396.249,428.897,-1,559.651,-1,-1,-1,-1,650.879,-1,-1,-1,2,0,2,0,2,0,0,2,0,2,2,2,2,0,2,2,2
303,2169.239,1540.534,785.850,-73.814,0.278749,0.959503,0.040648,-0.960339,0.278795,0.004646,-0.006875,-0.040331,0.999163,0,0.52912,0.80339,9.020,0.313,-1,437.990,-1,603.586,-1,392.865,426.120,-1,567.813,-1,-1,-1,-1,646.938,-1,-1,-1,2,0,2,0,2,0,0,2,0,2,2,2,2,0,2,2,2
304,2173.273,1531.854,785.770,-73.482,0.284309,0.957873,0.040591,-0.958705,0.284370,0.004381,-0.007346,-0.040160,0.999166,0,0.52912,0.80339,9.571,0.332,-1,434.073,-1,597.404,-1,389.285,423.140,-1,575.991,-1,-1,-1,-1,648.631,-1,-1,-1,2,0,2,0,2,0,0,2,0,2,2,2,2,0,2,2,2
305,2177.554,1522.701,785.666,-73.137,0.290076,0.956137,0.040720,-0.956974,0.290141,0.004449,-0.007560,-0.040259,0.999161,0,0.52912,0.80339,10.105,0.345,-1,430.176,-1,591.893,-1,385.799,420.448,-1,585.496,-1,-1,-1,-1,651.277,-1,-1,-1,2,0,2,0,2,0,0,2,0,2,2,2,2,0,2,2,2
306,2182.035,1513.049,785.545,-72.798,0.295729,0.954391,0.041007,-0.955243,0.295780,0.004938,-0.007416,-0.040632,0.999147,0,0.52912,0.80339,10.641,0.339,-1,426.434,-1,588.009,-1,382.558,418.167,-1,596.285,-1,-1,-1,-1,655.107,-1,-1,-1,2,0,2,0,2,0,0,2,0,2,2,2,2,0,2,2,2
307,2186.647,1502.909,785.387,-72.471,0.301182,0.952675,0.041219,-0.953539,0.301222,0.005379,-0.007292,-0.040923,0.999136,0,0.52912,0.80339,11.140,0.327,-1,423.744,-1,584.039,-1,379.133,414.716,-1,606.999,-1,-1,-1,-1,658.492,-1,-1,-1,2,0,2,0,2,0,0,2,0,2,2,2,2,0,2,2,2
308,2191.387,1492.366,785.290,-72.160,0.306343,0.951016,0.041517,-0.951890,0.306394,0.005267,-0.007711,-0.041133,0.999124,0,0.52912,0.80339,11.559,0.310,-1,420.328,-1,578.785,-1,375.098,410.619,-1,618.981,-1,-1,-1,-1,659.122,-1,-1,-1,2,0,2,0,2,0,0,2,0,2,2,2,2,0,2,2,2
309,2196.323,1481.442,785.232,-71.857,0.311378,0.949378,0.041527,-0.950246,0.311468,0.004450,-0.008710,-0.040847,0.999127,0,0.52912,0.80339,11.988,0.303,-1,416.229,-1,571.613,-1,370.419,405.689,-1,631.982,-1,-1,-1,-1,656.600,-1,-1,-1,2,0,2,0,2,0,0,2,0,2,2,2,2,0,2,2,2
310,2201.467,1470.104,785.196,-71.542,0.316601,0.947671,0.041045,-0.948509,0.316730,0.003480,-0.009702,-0.040034,0.999151,0,0.52912,0.80339,12.450,0.315,-1,411.885,-1,563.984,-1,366.023,400.625,-1,642.521,-1,-1,-1,-1,654.408,-1,-1,-1,2,0,2,0,2,0,0,2,0,2,2,2,2,0,2,2,2
311,2206.854,1458.384,785.228,-71.208,0.322111,0.945855,0.040039,-0.946645,0.322268,0.002632,-0.010414,-0.038751,0.999195,0,0.52912,0.80339,12.898,0.333,-1,407.633,-1,556.625,-1,361.677,395.860,-1,652.121,-1,-1,-1,-1,654.680,-1,-1,-1,2,0,2,0,2,0,0,2,0,2,2,2,2,0,2,2,2
312,2212.459,1446.273,785.344,-70.867,0.327745,0.943971,0.038762,-0.944706,0.327913,0.002122,-0.010707,-0.037314,0.999246,0,0.52912,0.80339,13.346,0.341,-1,404.011,-1,550.407,-1,358.245,391.822,-1,662.007,-1,-1,-1,-1,657.540,-1,-1,-1,2,0,2,0,2,0,0,2,0,2,2,2,2,0,2,2,2
313,2218.312,1433.848,785.559,-70.517,0.333511,0.942001,0.037471,-0.942689,0.333666,0.002234,-0.010398,-0.036069,0.999295,0,0.44989,0.65387,13.734,0.350,-1,401.484,-1,546.205,-1,355.669,389.206,-1,673.622,-1,-1,-1,-1,663.538,-1,-1,-1,2,0,2,0,2,0,0,2,0,2,2,2,2,0,2,2,2
314,2224.301,1421.144,785.876,-70.190,0.338895,0.940101,0.036882,-0.940777,0.339010,0.003277,-0.009423,-0.035808,0.999314,0,0.44989,0.65387,14.045,0.327,-1,400.318,-1,545.201,-1,353.897,387.126,-1,691.120,-1,-1,-1,-1,715.733,-1,-1,-1,2,0,2,0,2,0,0,2,0,2,2,2,2,0,2,2,2
315,2230.504,1408.254,786.266,-69.864,0.344239,0.938160,0.036802,-0.938847,0.344301,0.004839,-0.008132,-0.036217,0.999311,0,0.44989,0.65387,14.304,0.326,-1,399.405,-1,545.753,-1,352.478,384.890,-1,713.706,-1,-1,-1,-1,809.022,-1,-1,-1,2,0,2,0,2,0,0,2,0,2,2,2,2,0,2,2,2
316,2236.908,1395.199,786.670,-69.534,0.349636,0.936170,0.036610,-0.936861,0.349643,0.006426,-0.006785,-0.036545,0.999309,0,0.44989,0.65387,14.541,0.329,-1,398.587,-1,546.240,-1,351.095,384.158,-1,736.552,-1,-1,-1,-1,-1,-1,-1,-1,2,0,2,0,2,0,0,2,0,2,2,2,2,2,2,2,2
317,2243.353,1381.882,787.111,-69.230,0.354608,0.934313,0.036239,-0.935003,0.354535,0.008631,-0.004784,-0.036944,0.999306,0,0.44989,0.65387,14.795,0.304,-1,398.012,-1,548.472,-1,350.160,384.641,-1,759.025,-1,-1,-1,-1,-1,-1,-1,-1,2,0,2,0,2,0,0,2,0,2,2,2,2,2,2,2,2
318,2249.728,1368.222,787.464,-68.984,0.358622,0.932795,0.035826,-0.933480,0.358455,0.011191,-0.002404,-0.037456,0.999295,0,0.44989,0.65387,15.074,0.246,-1,396.754,-1,552.061,-1,348.490,385.687,-1,781.480,-1,-1,-1,-1,-1,-1,-1,-1,2,0,2,0,2,0,0,2,0,2,2,2,2,2,2,2,2
319,2256.138,1354.336,787.710,-68.749,0.362456,0.931367,0.034356,-0.932001,0.362213,0.013282,-0.000074,-0.036834,0.999321,0,0.44989,0.65387,15.294,0.235,-1,395.569,-1,555.063,-1,346.668,386.077,-1,799.615,-1,-1,-1,-1,-1,-1,-1,-1,2,0,2,0,2,0,0,2,0,2,2,2,2,2,2,2,2
320,2262.471,1340.216,787.966,-68.551,0.365665,0.930180,0.032466,-0.930743,0.365351,0.015342,0.002409,-0.035828,0.999355,0,0.44989,0.65387,15.475,0.197,-1,394.634,-1,558.623,-1,345.078,385.966,-1,815.623,-1,-1,-1,-1,-1,-1,-1,-1,2,0,2,0,2,0,0,2,0,2,2,2,2,2,2,2,2
321,2268.767,1325.920,788.336,-68.383,0.368403,0.929168,0.030439,-0.929653,0.368029,0.017285,0.004858,-0.034666,0.999387,0,0.44989,0.65387,15.621,0.169,-1,393.839,-1,562.713,-1,343.659,386.106,-1,831.021,-1,-1,-1,-1,-1,-1,-1,-1,2,0,2,0,2,0,0,2,0,2,2,2,2,2,2,2,2
322,2275.109,1311.420,788.828,-68.219,0.371044,0.928193,0.027990,-0.928582,0.370609,0.019592,0.007812,-0.033260,0.999416,0,0.44989,0.65387,15.827,0.163,-1,397.107,-1,568.541,-1,343.027,387.123,-1,845.952,-1,-1,-1,-1,-1,-1,-1,-1,2,0,2,0,2,0,0,2,0,2,2,2,2,2,2,2,2
323,2281.473,1296.743,789.460,-68.069,0.373463,0.927296,0.025439,-0.927574,0.372956,0.022575,0.011446,-0.032028,0.999421,0,0.44989,0.65387,15.997,0.150,-1,404.276,-1,577.196,-1,345.439,389.409,-1,862.450,-1,-1,-1,-1,-1,-1,-1,-1,2,0,2,0,2,0,0,2,0,2,2,2,2,2,2,2,2
324,2287.871,1282.004,790.350,-67.933,0.375649,0.926459,0.023687,-0.926638,0.375057,0.025963,0.015170,-0.031702,0.999382,0,0.44989,0.65387,16.068,0.136,-1,415.438,-1,588.184,-1,349.063,394.113,-1,881.630,-1,-1,-1,-1,-1,-1,-1,-1,2,0,2,0,2,0,0,2,0,2,2,2,2,2,2,2,2
325,2295.743,1264.183,791.690,-67.751,0.378553,0.925338,0.021149,-0.925351,0.377853,0.030855,0.020560,-0.031251,0.999300,0,0.44989,0.65387,19.482,0.182,-1,432.447,-1,605.319,-1,355.912,402.793,-1,906.104,-1,-1,-1,-1,-1,-1,-1,-1,2,0,2,0,2,0,0,2,0,2,2,2,2,2,2,2,2
326,2300.949,1252.155,792.664,-67.667,0.379874,0.924820,0.020093,-0.924713,0.379076,0.034747,0.024518,-0.031779,0.999194,0,0.44989,0.65387,13.107,0.084,-1,442.281,-1,619.761,-1,361.111,409.849,-1,927.046,-1,-1,-1,-1,-1,-1,-1,-1,2,0,2,0,2,0,0,2,0,2,2,2,2,2,2,2,2
327,2307.575,1236.963,793.797,-67.559,0.381557,0.924147,0.019169,-0.923863,0.380606,0.040208,0.029863,-0.033052,0.999007,0,0.44989,0.65387,16.574,0.108,-1,454.848,-1,639.971,-1,367.364,419.353,-1,956.841,-1,-1,-1,-1,-1,-1,-1,-1,2,0,2,0,2,0,0,2,0,2,2,2,2,2,2,2,2
328,2314.452,1221.728,794.763,-67.416,0.383791,0.923247,0.017864,-0.922736,0.382691,0.045887,0.035528,-0.034095,0.998787,0,0.44989,0.65387,16.715,0.143,-1,472.412,-1,660.930,-1,373.027,428.576,-1,978.630,-1,-1,-1,-1,-1,-1,-1,-1,2,0,2,0,2,0,0,2,0,2,2,2,2,2,2,2,2
329,2321.713,1206.728,795.636,-67.178,0.387560,0.921701,0.016291,-0.920965,0.386357,0.050521,0.040271,-0.034583,0.998590,0,0.44989,0.65387,16.665,0.239,-1,503.255,-1,677.111,-1,380.671,435.830,-1,993.866,-1,-1,-1,-1,-1,-1,-1,-1,2,0,2,0,2,0,0,2,0,2,2,2,2,2,2,2,2
330,2329.547,1192.107,796.454,-66.784,0.393815,0.919093,0.013325,-0.918125,0.392619,0.053828,0.044241,-0.033432,0.998461,0,0.44989,0.65387,16.588,0.394,-1,551.164,-1,686.610,-1,387.766,441.179,-1,1001.562,-1,-1,-1,-1,-1,-1,-1,-1,2,0,2,0,2,0,0,2,0,2,2,2,2,2,2,2,2
331,2337.946,1177.886,797.202,-66.266,0.402055,0.915562,0.009865,-0.914411,0.400950,0.055600,0.046950,-0.031374,0.998404,0,0.44989,0.65387,16.516,0.518,-1,598.068,-1,688.427,-1,391.887,443.013,-1,1005.640,-1,-1,-1,-1,-1,-1,-1,-1,2,0,2,0,2,0,0,2,0,2,2,2,2,2,2,2,2
332,2346.859,1164.036,797.894,-65.668,0.411546,0.911367,0.006419,-0.910108,0.410583,0.055904,0.048314,-0.028849,0.998415,0,0.44989,0.65387,16.470,0.598,-1,659.547,-1,683.229,-1,393.255,441.529,-1,1005.425,-1,-1,-1,-1,-1,-1,-1,-1,2,0,2,0,2,0,0,2,0,2,2,2,2,2,2,2,2
333,2356.001,1150.212,798.452,-65.053,0.421259,0.906936,0.002748,-0.905571,0.420455,0.056209,0.049823,-0.026167,0.998415,0,0.44989,0.65387,16.573,0.615,-1,713.445,-1,677.602,-1,397.422,439.948,-1,997.075,-1,-1,-1,-1,-1,-1,-1,-1,2,0,2,0,2,0,0,2,0,2,2,2,2,2,2,2,2
334,2365.005,1136.050,798.968,-64.510,0.429747,0.902949,-0.000662,-0.901387,0.429047,0.058483,0.053091,-0.024536,0.998288,0,0.48202,0.99663,16.782,0.543,-1,781.072,-1,681.267,-1,411.666,445.028,-1,995.097,-1,-1,-1,-1,-1,-1,-1,-1,2,0,2,0,2,0,0,2,0,2,2,2,2,2,2,2,2
335,2373.653,1121.280,799.431,-64.134,0.435505,0.900181,-0.003230,-0.898260,0.434805,0.063822,0.058856,-0.024893,0.997956,0,0.48202,0.99663,17.116,0.376,-1,845.459,-1,701.860,-1,429.891,456.012,-1,998.713,-1,-1,-1,-1,-1,-1,-1,-1,2,0,2,0,2,0,0,2,0,2,2,2,2,2,2,2,2
336,2382.137,1106.154,799.933,-63.858,0.439635,0.898161,-0.005344,-0.895731,0.438869,0.071141,0.066241,-0.026489,0.997452,0,0.48202,0.99663,17.342,0.277,-1,920.621,-1,734.233,-1,455.463,471.377,-1,-1,-1,-1,-1,-1,-1,-1,-1,-1,2,0,2,0,2,0,0,2,2,2,2,2,2,2,2,2,2
337,2390.721,1090.810,800.504,-63.611,0.443207,0.896383,-0.008042,-0.893266,0.442382,0.079831,0.075116,-0.028198,0.996776,0,0.48202,0.99663,17.582,0.247,-1,996.190,-1,791.620,-1,483.767,491.260,-1,-1,-1,-1,-1,-1,-1,-1,-1,-1,2,0,2,0,2,0,0,2,2,2,2,2,2,2,2,2,2
338,2399.490,1075.466,801.218,-63.350,0.446962,0.894498,-0.009907,-0.890633,0.446012,0.088573,0.083647,-0.030765,0.996020,0,0.48202,0.99663,17.673,0.261,-1,-1,-1,924.979,-1,513.184,511.362,-1,-1,-1,-1,882.991,-1,-1,-1,-1,-1,2,2,2,0,2,0,0,2,2,2,2,0,2,2,2,2,2
339,2408.683,1060.433,802.016,-63.016,0.451941,0.891980,-0.010996,-0.887586,0.450878,0.094347,0.089113,-0.032879,0.995479,0,0.48202,0.99663,17.621,0.335,-1,-1,-1,-1,-1,550.640,524.764,-1,-1,-1,954.915,758.633,-1,-1,-1,-1,-1,2,2,2,2,2,0,0,2,2,2,0,0,2,2,2,2,2
340,2418.235,1045.636,802.729,-62.599,0.458254,0.888740,-0.011986,-0.884032,0.457141,0.097514,0.092144,-0.034090,0.995162,0,0.48202,0.99663,17.612,0.416,-1,-1,-1,-1,-1,580.149,541.590,-1,-1,-1,789.848,719.180,-1,-1,-1,-1,-1,2,2,2,2,2,0,0,2,2,2,0,0,2,2,2,2,2
341,2428.120,1031.093,803.346,-62.110,0.465734,0.884826,-0.013256,-0.879998,0.464667,0.098428,0.093251,-0.034176,0.995056,0,0.48202,0.99663,17.584,0.489,-1,-1,-1,-1,-1,601.061,553.929,-1,-1,-1,748.624,704.020,-1,-1,-1,-1,-1,2,2,2,2,2,0,0,2,2,2,0,0,2,2,2,2,2
342,2438.498,1016.851,803.694,-61.500,0.475103,0.879797,-0.015348,-0.875043,0.474228,0.096998,0.092617,-0.032654,0.995166,0,0.48202,0.99663,17.623,0.610,-1,-1,-1,-1,-1,618.458,559.812,-1,-1,-1,753.149,707.003,-1,-1,-1,-1,-1,2,2,2,2,2,0,0,2,2,2,0,0,2,2,2,2,2
343,2449.549,1003.252,803.702,-60.735,0.486878,0.873275,-0.018440,-0.868857,0.486366,0.092394,0.089654,-0.028963,0.995552,0,0.48202,0.99663,17.523,0.765,-1,-1,-1,-1,-1,629.784,556.005,-1,-1,-1,786.914,732.930,-1,-1,-1,-1,-1,2,2,2,2,2,0,0,2,2,2,0,0,2,2,2,2,2
344,2460.755,989.696,803.580,-59.990,0.498293,0.866773,-0.020233,-0.862711,0.498008,0.087850,0.086222,-0.026320,0.995928,0,0.48202,0.99663,17.587,0.745,-1,-1,-1,-1,-1,640.748,550.355,-1,998.978,-1,831.551,764.309,-1,-1,-1,-1,-1,2,2,2,2,2,0,0,2,0,2,0,0,2,2,2,2,2
345,2472.095,976.092,803.361,-59.303,0.508747,0.860672,-0.020505,-0.856929,0.508537,0.084040,0.082758,-0.025184,0.996251,0,0.48202,0.99663,17.711,0.687,-1,-1,-1,-1,-1,647.457,547.469,-1,979.841,-1,889.650,800.726,-1,-1,-1,-1,-1,2,2,2,2,2,0,0,2,0,2,0,0,2,2,2,2,2
346,2484.049,962.815,803.251,-58.517,0.520512,0.853594,-0.021086,-0.849966,0.520337,0.082503,0.081395,-0.025021,0.996368,0,0.48202,0.99663,17.865,0.786,-1,-1,-1,-1,-1,662.022,563.982,-1,967.792,-1,883.795,808.279,-1,-1,-1,-1,-1,2,2,2,2,2,0,0,2,0,2,0,0,2,2,2,2,2
347,2496.759,950.195,803.268,-57.593,0.534120,0.845111,-0.022416,-0.841397,0.533978,0.083181,0.082266,-0.025568,0.996282,0,0.48202,0.99663,17.911,0.925,-1,-1,-1,-1,-1,688.964,586.707,-1,958.482,-1,846.922,791.024,-1,-1,-1,-1,-1,2,2,2,2,2,0,0,2,0,2,0,0,2,2,2,2,2
348,2510.116,938.911,803.487,-56.562,0.549123,0.835432,-0.022758,-0.831576,0.548898,0.084808,0.083343,-0.027645,0.996137,0,0.48202,0.99663,17.485,1.031,-1,-1,-1,-1,-1,722.961,616.757,-1,955.493,-1,814.876,771.448,-1,-1,-1,-1,-1,2,2,2,2,2,0,0,2,0,2,0,0,2,2,2,2,2
349,2523.827,928.921,803.880,-55.373,0.566282,0.823986,-0.019282,-0.820039,0.565612,0.087284,0.082827,-0.033616,0.995997,0,0.48202,0.99663,16.965,1.189,-1,-1,-1,-1,-1,749.834,653.878,-1,976.765,-1,804.919,776.192,-1,-1,-1,-1,-1,2,2,2,2,2,0,0,2,0,2,0,0,2,2,2,2,2
350,2537.815,919.573,804.355,-54.106,0.584328,0.811419,-0.012655,-0.807394,0.582858,0.091603,0.081704,-0.043309,0.995715,0,0.48202,0.99663,16.823,1.267,-1,-1,-1,-1,-1,775.204,685.796,-1,-1,-1,805.081,791.411,-1,-1,-1,-1,-1,2,2,2,2,2,0,0,2,2,2,0,0,2,2,2,2,2
351,2552.124,910.927,804.985,-52.804,0.602580,0.798045,-0.004599,-0.793988,0.600078,0.097409,0.080497,-0.055045,0.995234,0,0.48202,0.99663,16.718,1.302,-1,-1,-1,-1,-1,798.972,720.034,-1,-1,-1,806.209,811.270,-1,-1,-1,-1,-1,2,2,2,2,2,0,0,2,2,2,0,0,2,2,2,2,2
352,2566.753,902.802,805.771,-51.493,0.620661,0.784071,0.003456,-0.780092,0.617056,0.103430,0.078964,-0.066892,0.994631,0,0.48202,0.99663,16.734,1.311,-1,-1,-1,-1,-1,821.854,756.938,-1,-1,-1,813.631,837.665,-1,-1,-1,-1,-1,2,2,2,2,2,0,0,2,2,2,0,0,2,2,2,2,2
353,2581.400,895.246,806.717,-50.209,0.638124,0.769849,0.011388,-0.766139,0.633443,0.108546,0.076351,-0.077990,0.994026,0,-0.11882,0.99924,16.481,1.285,-1,-1,-1,-1,-1,846.542,799.427,-1,-1,-1,839.117,880.669,-1,-1,-1,-1,-1,2,2,2,2,2,0,0,2,2,2,0,0,2,2,2,2,2
354,2595.635,888.486,808.008,-49.004,0.654307,0.755943,0.020797,-0.752790,0.648465,0.113137,0.072038,-0.089682,0.993362,0,-0.11882,0.99924,15.758,1.205,-1,-1,-1,-1,-1,860.054,827.110,-1,652.426,-1,895.849,955.664,-1,-1,-1,-1,-1,2,2,2,2,2,0,0,2,1,2,0,0,2,2,2,2,2
355,2609.432,882.411,809.607,-47.853,0.669596,0.742041,0.031873,-0.739834,0.662594,0.116681,0.065463,-0.101709,0.992658,0,-0.11882,0.99924,15.076,1.151,-1,-1,-1,-1,-1,862.981,832.662,-1,635.872,-1,992.779,-1,-1,-1,-1,-1,-1,2,2,2,2,2,0,0,2,1,2,0,2,2,2,2,2,2
356,2622.876,876.921,811.359,-46.758,0.683988,0.728143,0.044366,-0.727301,0.675960,0.118793,0.056508,-0.113521,0.991927,0,-0.11882,0.99924,14.521,1.095,-1,-1,-1,-1,-1,865.714,820.897,-1,-1,-1,-1,-1,-1,-1,-1,-1,-1,2,2,2,2,2,0,0,2,2,2,2,2,2,2,2,2,2
357,2636.057,871.890,813.118,-45.742,0.697136,0.714577,0.058157,-0.715434,0.688125,0.120990,0.046437,-0.125954,0.990949,0,-0.11882,0.99924,14.109,1.016,-1,-1,-1,-1,-1,858.154,803.008,-1,-1,-1,-1,-1,-1,-1,-1,-1,-1,2,2,2,2,2,0,0,2,2,2,2,2,2,2,2,2,2
358,2648.974,867.302,814.784,-44.792,0.709210,0.701171,0.073353,-0.704080,0.699138,0.124407,0.035946,-0.139877,0.989516,0,-0.11882,0.99924,13.707,0.950,-1,-1,-1,-1,-1,844.941,785.104,-1,-1,-1,-1,-1,-1,-1,-1,-1,-1,2,2,2,2,2,0,0,2,2,2,2,2,2,2,2,2,2
359,2661.629,863.151,816.294,-43.900,0.720321,0.687797,0.089847,-0.693180,0.709057,0.129385,0.025284,-0.155479,0.987516,0,-0.11882,0.99924,13.319,0.892,-1,-1,-1,-1,-1,828.099,776.335,-1,-1,-1,-1,-1,-1,-1,-1,-1,-1,2,2,2,2,2,0,0,2,2,2,2,2,2,2,2,2,2
360,2673.979,859.496,817.632,-43.074,0.730396,0.674496,0.107592,-0.682873,0.717807,0.135788,0.014358,-0.172651,0.984878,0,-0.11882,0.99924,12.879,0.826,-1,-1,-1,-1,-1,807.485,765.867,-1,-1,-1,-1,-1,-1,-1,-1,-1,-1,2,2,2,2,2,0,0,2,2,2,2,2,2,2,2,2,2
361,2686.123,856.294,818.507,-42.264,0.740054,0.660635,0.126019,-0.672545,0.726492,0.141039,0.001624,-0.189130,0.981951,0,-0.11882,0.99924,12.559,0.810,-1,-1,-1,-1,-1,782.265,747.554,978.508,-1,-1,-1,-1,-1,-1,-1,-1,-1,2,2,2,2,2,0,0,0,2,2,2,2,2,2,2,2,2
362,2698.037,853.296,818.719,-41.484,0.749073,0.646389,0.145159,-0.662352,0.735151,0.144372,-0.013393,-0.204291,0.978818,0,-0.11882,0.99924,12.286,0.780,-1,-1,-1,-1,-1,750.370,719.794,920.665,-1,-1,-1,-1,-1,-1,-1,-1,-1,2,2,2,2,2,0,0,0,2,2,2,2,2,2,2,2,2
363,2709.699,850.350,818.227,-40.767,0.757031,0.632141,0.165232,-0.652686,0.743291,0.146695,-0.030084,-0.218898,0.975284,0,-0.11882,0.99924,12.028,0.717,-1,-1,-1,-1,-1,710.569,683.689,863.777,-1,-1,-1,-1,-1,-1,-1,-1,-1,2,2,2,2,2,0,0,0,2,2,2,2,2,2,2,2,2
364,2721.244,847.402,817.070,-40.095,0.764107,0.617750,0.185811,-0.643321,0.751031,0.148630,-0.047733,-0.233105,0.971279,0,0.24729,0.84540,11.916,0.672,-1,-1,-1,-1,-1,664.794,647.232,809.433,-1,-1,-1,-1,-1,-1,-1,-1,-1,2,2,2,2,2,0,0,0,2,2,2,2,2,2,2,2,2
365,2732.811,844.192,815.380,-39.452,0.770501,0.603004,0.206674,-0.634073,0.758304,0.151415,-0.065418,-0.247712,0.966623,0,0.24729,0.84540,12.004,0.643,-1,-1,-1,-1,-1,623.971,615.585,756.440,-1,-1,-1,-1,-1,-1,-1,-1,-1,2,2,2,2,2,0,0,0,2,2,2,2,2,2,2,2,2
366,2744.509,840.545,813.699,-38.961,0.775069,0.590345,0.225301,-0.626765,0.763529,0.155526,-0.080210,-0.261754,0.961796,0,0.24729,0.84540,12.254,0.491,-1,-1,-1,-1,-1,590.976,591.430,713.749,-1,-1,-1,-1,-1,-1,-1,-1,-1,2,2,2,2,2,0,0,0,2,2,2,2,2,2,2,2,2
367,2756.390,837.032,812.329,-38.503,0.779258,0.579215,0.239304,-0.619925,0.768428,0.158780,-0.091920,-0.272081,0.957874,0,0.24729,0.84540,12.389,0.458,-1,953.229,-1,-1,-1,570.435,575.407,686.275,-1,-1,-1,-1,-1,-1,-1,-1,-1,2,0,2,2,2,0,0,0,2,2,2,2,2,2,2,2,2
368,2768.385,833.646,811.275,-37.961,0.784382,0.568193,0.248801,-0.611958,0.774357,0.160867,-0.101257,-0.278437,0.955102,0,0.24729,0.84540,12.464,0.543,-1,917.378,-1,-1,-1,561.282,566.275,670.929,-1,-1,-1,-1,-1,-1,-1,-1,-1,2,0,2,2,2,0,0,0,2,2,2,2,2,2,2,2,2
369,2780.365,830.028,810.440,-37.374,0.789949,0.557746,0.254756,-0.603384,0.781013,0.161076,-0.109128,-0.280958,0.953496,0,0.24729,0.84540,12.514,0.587,-1,906.101,-1,-1,-1,558.759,560.527,665.796,-1,-1,-1,-1,-1,-1,-1,-1,-1,2,0,2,2,2,0,0,0,2,2,2,2,2,2,2,2,2
370,2792.358,826.069,809.581,-36.780,0.795529,0.548268,0.257946,-0.594697,0.788054,0.159078,-0.116058,-0.279950,0.952973,0,0.24729,0.84540,12.630,0.594,-1,910.211,-1,-1,-1,559.677,556.018,669.211,-1,-1,-1,-1,-1,-1,-1,-1,-1,2,0,2,2,2,0,0,0,2,2,2,2,2,2,2,2,2
371,2804.389,821.855,808.387,-36.183,0.801085,0.539541,0.259148,-0.585946,0.795286,0.155522,-0.122186,-0.276433,0.953234,0,0.24729,0.84540,12.748,0.597,-1,924.443,-1,-1,-1,562.303,551.938,677.916,-1,-1,-1,-1,-1,-1,-1,-1,-1,2,0,2,2,2,0,0,0,2,2,2,2,2,2,2,2,2
372,2816.398,817.331,806.693,-35.594,0.806552,0.531366,0.259084,-0.577315,0.802288,0.151790,-0.127204,-0.272000,0.953853,0,0.24729,0.84540,12.833,0.589,-1,943.011,-1,-1,-1,564.968,553.581,688.051,-1,-1,-1,-1,-1,-1,-1,-1,-1,2,0,2,2,2,0,0,0,2,2,2,2,2,2,2,2,2
373,2828.354,812.913,804.325,-34.973,0.812239,0.522906,0.258530,-0.568157,0.809587,0.147532,-0.132157,-0.266717,0.954671,0,0.24729,0.84540,12.747,0.622,-1,961.146,-1,-1,-1,568.702,553.502,697.743,-1,-1,-1,-1,-1,-1,-1,-1,-1,2,0,2,2,2,0,0,0,2,2,2,2,2,2,2,2,2
374,2840.240,808.763,801.243,-34.328,0.818052,0.514117,0.257827,-0.558623,0.816918,0.143473,-0.136862,-0.261396,0.955479,0,0.24729,0.84540,12.589,0.645,-1,978.274,-1,-1,-1,574.241,552.156,705.472,-1,-1,-1,-1,-1,-1,-1,-1,-1,2,0,2,2,2,0,0,0,2,2,2,2,2,2,2,2,2
375,2852.083,805.119,797.590,-33.627,0.824339,0.504426,0.256943,-0.548242,0.824461,0.140337,-0.141050,-0.256552,0.956183,0,0.24729,0.84540,12.391,0.701,-1,994.356,-1,803.617,-1,580.213,551.313,710.004,-1,-1,-1,-1,-1,-1,-1,-1,-1,2,0,2,0,2,0,0,0,2,2,2,2,2,2,2,2,2
376,2863.854,801.941,793.613,-32.820,0.831517,0.492879,0.256221,-0.536279,0.832535,0.138888,-0.144858,-0.252894,0.956588,0,0.24729,0.84540,12.192,0.807,-1,-1,-1,786.143,-1,587.591,552.108,709.435,-1,-1,-1,-1,-1,-1,-1,-1,-1,2,2,2,0,2,0,0,0,2,2,2,2,2,2,2,2,2
377,2875.736,798.822,789.329,-31.974,0.838939,0.480405,0.255719,-0.523697,0.840460,0.139170,-0.148064,-0.250675,0.956681,0,0.24729,0.84540,12.285,0.846,-1,-1,-1,788.966,-1,596.042,554.396,704.454,-1,-1,-1,-1,-1,-1,-1,-1,-1,2,2,2,0,2,0,0,0,2,2,2,2,2,2,2,2,2
378,2887.709,795.815,784.917,-31.127,0.846174,0.467542,0.255722,-0.510992,0.848051,0.140344,-0.151249,-0.249427,0.956509,0,0.24729,0.84540,12.344,0.847,-1,-1,-1,788.880,-1,603.210,560.713,696.966,-1,-1,-1,-1,-1,-1,-1,-1,-1,2,2,2,0,2,0,0,0,2,2,2,2,2,2,2,2,2
379,2899.630,793.015,780.651,-30.272,0.853124,0.453993,0.257042,-0.497959,0.855558,0.141623,-0.155618,-0.248818,0.955967,0,0.24729,0.84540,12.246,0.856,-1,-1,-1,782.649,-1,609.382,565.692,687.782,-1,-1,-1,-1,-1,-1,-1,-1,-1,2,2,2,0,2,0,0,0,2,2,2,2,2,2,2,2,2
380,2911.460,790.763,776.781,-29.433,0.859445,0.440434,0.259562,-0.484933,0.863082,0.141171,-0.161847,-0.247199,0.955352,0,0.24729,0.84540,12.043,0.838,-1,-1,-1,762.664,-1,611.471,566.198,681.276,-1,-1,-1,-1,-1,-1,-1,-1,-1,2,2,2,0,2,0,0,0,2,2,2,2,2,2,2,2,2
381,2923.331,788.466,773.428,-28.703,0.864600,0.428055,0.263129,-0.473414,0.869460,0.141136,-0.168366,-0.246595,0.954381,0,0.24729,0.84540,12.091,0.730,-1,-1,-1,744.020,-1,611.819,565.725,675.108,-1,-1,-1,-1,-1,-1,-1,-1,-1,2,2,2,0,2,0,0,0,2,2,2,2,2,2,2,2,2
382,2935.172,786.438,770.616,-28.033,0.868978,0.416255,0.267598,-0.462694,0.875217,0.141099,-0.175474,-0.246428,0.953143,0,0.24729,0.84540,12.013,0.670,-1,-1,-1,721.878,-1,610.705,564.307,669.807,-1,-1,-1,-1,-1,-1,-1,-1,-1,2,2,2,0,2,0,0,0,2,2,2,2,2,2,2,2,2
383,2946.962,784.802,768.309,-27.387,0.872923,0.404496,0.272741,-0.452226,0.880635,0.141326,-0.183019,-0.246708,0.951651,0,0.24729,0.84540,11.903,0.647,-1,998.963,-1,715.531,-1,609.248,562.943,664.809,-1,-1,-1,-1,-1,-1,-1,-1,-1,2,0,2,0,2,0,0,0,2,2,2,2,2,2,2,2,2
384,2958.756,783.197,766.336,-26.754,0.876512,0.392555,0.278615,-0.441874,0.885743,0.142149,-0.190980,-0.247708,0.949825,0,0.24729,0.84540,11.903,0.633,-1,984.370,-1,713.717,-1,606.953,561.620,659.136,-1,-1,-1,-1,-1,-1,-1,-1,-1,2,0,2,0,2,0,0,0,2,2,2,2,2,2,2,2,2
385,2970.579,781.563,764.552,-26.157,0.879605,0.380891,0.284986,-0.432001,0.890415,0.143302,-0.199173,-0.249163,0.947759,0,0.24729,0.84540,11.935,0.597,-1,968.703,-1,710.641,-1,603.693,561.432,653.437,-1,-1,-1,-1,-1,-1,-1,-1,-1,2,0,2,0,2,0,0,0,2,2,2,2,2,2,2,2,2
386,2982.352,780.113,762.822,-25.556,0.882437,0.369077,0.291697,-0.421961,0.895114,0.143946,-0.207974,-0.250108,0.945618,0,0.24729,0.84540,11.862,0.601,-1,952.324,-1,704.932,-1,598.968,559.461,648.669,-1,-1,-1,-1,-1,-1,-1,-1,-1,2,0,2,0,2,0,0,0,2,2,2,2,2,2,2,2,2
387,2994.006,779.078,761.033,-24.926,0.885228,0.356799,0.298440,-0.411391,0.899961,0.144317,-0.217092,-0.250529,0.943454,0,0.24729,0.84540,11.700,0.630,-1,936.314,-1,697.987,-1,594.247,556.683,644.295,-1,-1,-1,-1,-1,-1,-1,-1,-1,2,0,2,0,2,0,0,0,2,2,2,2,2,2,2,2,2
388,3005.726,778.063,758.990,-24.318,0.887867,0.344677,0.304780,-0.401232,0.904226,0.146251,-0.225180,-0.252139,0.941127,0,0.24729,0.84540,11.764,0.607,-1,920.898,-1,694.659,-1,591.430,555.889,637.819,-1,-1,-1,-1,-1,-1,-1,-1,-1,2,0,2,0,2,0,0,0,2,2,2,2,2,2,2,2,2
389,3017.562,777.103,756.504,-23.705,0.890653,0.332415,0.310221,-0.391066,0.908109,0.149687,-0.231956,-0.254636,0.938806,0,0.29003,0.51253,11.875,0.613,-1,906.590,-1,695.495,-1,591.053,557.724,629.343,-1,-1,-1,-1,-1,-1,-1,-1,-1,2,0,2,0,2,0,0,0,2,2,2,2,2,2,2,2,2
390,3029.437,776.422,753.534,-23.058,0.893752,0.319744,0.314597,-0.380449,0.911885,0.154028,-0.237627,-0.257351,0.936645,0,0.29003,0.51253,11.894,0.647,-1,896.110,-1,699.420,-1,592.959,561.519,619.696,-1,-1,-1,-1,-1,-1,-1,-1,-1,2,0,2,0,2,0,0,0,2,2,2,2,2,2,2,2,2
391,3041.299,775.884,750.142,-22.448,0.896754,0.307719,0.318028,-0.370498,0.915071,0.159296,-0.242000,-0.260678,0.934603,0,0.29003,0.51253,11.875,0.610,-1,887.168,-1,708.568,-1,596.555,566.158,609.166,-1,-1,-1,-1,-1,-1,-1,-1,-1,2,0,2,0,2,0,0,0,2,2,2,2,2,2,2,2,2
392,3053.221,775.285,746.321,-21.787,0.900064,0.295094,0.320631,-0.359761,0.918401,0.164654,-0.245880,-0.263550,0.932783,0,0.29003,0.51253,11.937,0.661,-1,878.916,-1,718.868,-1,601.103,572.359,598.546,-1,-1,-1,-1,-1,-1,-1,-1,-1,2,0,2,0,2,0,0,0,2,2,2,2,2,2,2,2,2
393,3065.247,774.773,742.073,-21.079,0.903537,0.282230,0.322440,-0.348258,0.922076,0.168798,-0.249674,-0.264807,0.931418,0,0.29003,0.51253,12.037,0.708,-1,871.968,-1,727.116,-1,605.817,578.722,589.766,-1,-1,-1,-1,-1,-1,-1,-1,-1,2,0,2,0,2,0,0,0,2,2,2,2,2,2,2,2,2
394,3076.036,774.200,738.180,-20.406,0.906519,0.270629,0.324012,-0.337236,0.925916,0.170152,-0.253960,-0.263515,0.930626,0,0.29003,0.51253,10.804,0.673,-1,865.686,-1,727.924,-1,608.829,581.601,585.314,-1,-1,-1,-1,-1,-1,-1,-1,-1,2,0,2,0,2,0,0,0,2,2,2,2,2,2,2,2,2
395,3086.791,774.028,734.416,-19.587,0.910683,0.259774,0.321208,-0.324046,0.931468,0.165412,-0.256226,-0.254724,0.932451,0,0.29003,0.51253,10.757,0.819,-1,873.632,-1,729.654,-1,623.216,591.061,592.849,-1,-1,-1,-1,-1,-1,-1,-1,-1,2,0,2,0,2,0,0,0,2,2,2,2,2,2,2,2,2
396,3097.541,773.703,731.230,-18.693,0.915748,0.249731,0.314707,-0.309845,0.937643,0.157550,-0.255738,-0.241786,0.936022,0,0.29003,0.51253,10.755,0.894,-1,895.314,-1,740.523,-1,649.238,610.376,608.827,-1,-1,-1,-1,-1,-1,-1,-1,-1,2,0,2,0,2,0,0,0,2,2,2,2,2,2,2,2,2
397,3107.995,773.305,729.178,-17.881,0.920408,0.240985,0.307855,-0.296953,0.943107,0.149560,-0.254298,-0.229075,0.939605,0,0.29003,0.51253,10.462,0.812,-1,921.246,-1,757.349,-1,680.475,634.971,627.964,-1,-1,-1,-1,-1,-1,-1,-1,-1,2,0,2,0,2,0,0,0,2,2,2,2,2,2,2,2,2
398,3117.633,773.254,728.405,-17.147,0.924352,0.232742,0.302331,-0.285205,0.947841,0.142320,-0.253438,-0.217780,0.942518,0,0.29003,0.51253,9.638,0.734,-1,942.015,-1,775.478,-1,710.966,659.418,647.502,-1,-1,-1,-1,-1,-1,-1,-1,-1,2,0,2,0,2,0,0,0,2,2,2,2,2,2,2,2,2
399,3126.015,773.350,728.838,-16.575,0.926795,0.225663,0.300212,-0.275849,0.951477,0.136377,-0.254869,-0.209206,0.944073,0,0.29003,0.51253,8.383,0.572,-1,952.532,-1,786.932,-1,729.475,676.940,664.122,-1,-1,-1,-1,-1,-1,-1,-1,-1,2,0,2,0,2,0,0,0,2,2,2,2,2,2,2,2,2
400,3133.476,773.153,729.687,-16.279,0.927183,0.220698,0.302695,-0.270763,0.953223,0.134366,-0.258882,-0.206540,0.943568,0,0.29003,0.51253,7.464,0.296,-1,951.051,-1,789.271,-1,733.897,682.491,672.011,-1,-1,-1,-1,-1,-1,-1,-1,-1,2,0,2,0,2,0,0,0,2,2,2,2,2,2,2,2,2
401,3140.956,773.110,729.832,-16.042,0.926785,0.215210,0.307823,-0.266493,0.954314,0.135154,-0.264673,-0.207291,0.941795,0,0.29003,0.51253,7.480,0.237,-1,941.144,-1,785.662,-1,729.523,680.354,672.623,-1,-1,-1,-1,-1,-1,-1,-1,-1,2,0,2,0,2,0,0,0,2,2,2,2,2,2,2,2,2
402,3148.525,773.022,728.904,-15.811,0.926268,0.209266,0.313425,-0.262302,0.955146,0.137456,-0.270602,-0.209533,0.939612,0,0.29003,0.51253,7.570,0.231,-1,927.848,-1,780.742,-1,721.550,675.140,668.691,-1,-1,-1,-1,-1,-1,-1,-1,-1,2,0,2,0,2,0,0,0,2,2,2,2,2,2,2,2,2
403,3156.184,772.889,726.736,-15.562,0.925878,0.202931,0.318698,-0.257845,0.955931,0.140397,-0.276163,-0.212165,0.937401,0,0.29003,0.51253,7.660,0.249,-1,913.059,-1,774.802,-1,711.697,668.185,661.829,-1,-1,-1,-1,-1,-1,-1,-1,-1,2,0,2,0,2,0,0,0,2,2,2,2,2,2,2,2,2
404,3163.680,772.827,723.452,-15.282,0.925529,0.195914,0.324057,-0.252888,0.956742,0.143850,-0.281857,-0.215087,0.935037,0,0.29003,0.51253,7.497,0.280,-1,896.093,-1,766.247,-1,698.944,658.373,652.034,-1,-1,-1,-1,-1,-1,-1,-1,-1,2,0,2,0,2,0,0,0,2,2,2,2,2,2,2,2,2
405,3170.804,773.038,719.194,-14.938,0.925285,0.187618,0.329617,-0.246858,0.957708,0.147841,-0.287939,-0.218164,0.932468,0,0.29003,0.51253,7.127,0.344,-1,875.462,-1,755.214,-1,683.384,645.854,638.452,-1,-1,-1,-1,-1,-1,-1,-1,-1,2,0,2,0,2,0,0,0,2,2,2,2,2,2,2,2,2
406,3179.555,773.753,712.735,-14.325,0.926192,0.174410,0.334289,-0.236508,0.959215,0.154824,-0.293652,-0.222459,0.929667,0,0.29003,0.51253,8.780,0.613,-1,851.137,-1,748.200,-1,668.689,635.630,617.157,-1,-1,-1,-1,-1,-1,-1,-1,-1,2,0,2,0,2,0,0,0,2,2,2,2,2,2,2,2,2
407,3185.666,774.375,707.696,-13.830,0.927696,0.164034,0.335370,-0.228383,0.959961,0.162221,-0.295333,-0.227084,0.928015,0,0.29003,0.51253,6.143,0.494,-1,838.297,-1,751.625,-1,663.722,634.738,598.884,-1,-1,-1,-1,-1,-1,-1,-1,-1,2,0,2,0,2,0,0,0,2,2,2,2,2,2,2,2,2
408,3193.661,775.318,700.692,-13.152,0.930445,0.149643,0.334485,-0.217409,0.960232,0.175181,-0.294968,-0.235716,0.925976,0,0.29003,0.51253,8.050,0.678,-1,825.368,-1,765.953,-1,662.754,640.127,571.301,-1,-1,-1,-1,-1,-1,-1,-1,-1,2,0,2,0,2,0,0,0,2,2,2,2,2,2,2,2,2
409,3202.040,776.456,693.515,-12.471,0.932798,0.134233,0.334470,-0.206302,0.959836,0.190141,-0.295513,-0.246364,0.923026,0,0.29003,0.51253,8.456,0.681,-1,808.388,-1,779.657,-1,658.889,642.710,541.765,-1,-1,-1,-1,-1,-1,-1,-1,-1,2,0,2,0,2,0,0,0,2,2,2,2,2,2,2,2,2
410,3210.869,777.777,686.812,-11.837,0.933948,0.118711,0.337118,-0.195737,0.959089,0.204538,-0.299045,-0.257014,0.918976,0,0.29003,0.51253,8.927,0.634,-1,785.329,-1,785.893,-1,647.741,638.854,514.724,-1,-1,-1,-1,-1,-1,-1,-1,-1,2,0,2,0,2,0,0,0,2,2,2,2,2,2,2,2,2
411,3220.299,779.233,681.114,-11.252,0.934120,0.104801,0.341229,-0.185847,0.958937,0.214243,-0.304764,-0.263545,0.915239,0,0.29003,0.51253,9.542,0.584,-1,762.937,-1,783.679,-1,634.333,631.152,493.737,-1,-1,-1,-1,-1,-1,-1,-1,-1,2,0,2,0,2,0,0,0,2,2,2,2,2,2,2,2,2
412,3230.569,780.574,676.478,-10.689,0.933736,0.092689,0.345754,-0.176243,0.959751,0.218671,-0.311569,-0.265117,0.912490,0,0.29003,0.51253,10.357,0.563,-1,744.944,931.173,774.235,-1,622.740,622.968,483.585,-1,-1,-1,-1,-1,-1,-1,-1,-1,2,0,1,0,2,0,0,0,2,2,2,2,2,2,2,2,2
413,3241.694,781.935,672.604,-10.101,0.933282,0.082174,0.349618,-0.166268,0.961727,0.217797,-0.318339,-0.261396,0.911225,0,0.29003,0.51253,11.208,0.587,-1,733.516,925.120,763.022,-1,615.683,616.943,484.498,-1,-1,-1,-1,-1,-1,-1,-1,-1,2,0,1,0,2,0,0,0,2,2,2,2,2,2,2,2,2
414,3253.427,783.464,669.242,-9.472,0.932980,0.072457,0.352560,-0.155655,0.964417,0.213707,-0.324530,-0.254262,0.911060,0,0.29003,0.51253,11.832,0.630,-1,727.670,920.253,752.611,-1,613.312,614.043,492.540,-1,-1,-1,-1,-1,-1,-1,-1,-1,2,0,1,0,2,0,0,0,2,2,2,2,2,2,2,2,2
415,3265.498,785.281,666.050,-8.782,0.932859,0.062374,0.354800,-0.144111,0.967270,0.208858,-0.330160,-0.245965,0.911315,0,0.48833,0.82985,12.207,0.690,-1,724.806,916.994,744.194,-1,613.988,613.790,500.879,-1,-1,-1,-1,-1,-1,-1,-1,-1,2,0,1,0,2,0,0,0,2,2,2,2,2,2,2,2,2
416,3277.894,787.368,662.517,-8.003,0.932966,0.051052,0.356325,-0.131165,0.970051,0.204445,-0.335216,-0.237478,0.911721,0,0.48833,0.82985,12.571,0.779,-1,723.220,-1,737.893,-1,616.403,615.459,507.644,-1,-1,-1,-1,-1,-1,-1,-1,-1,2,0,2,0,2,0,0,0,2,2,2,2,2,2,2,2,2
417,3290.731,789.751,658.286,-7.087,0.933482,0.037723,0.356635,-0.116056,0.972716,0.200883,-0.339327,-0.228911,0.912391,0,0.48833,0.82985,13.057,0.916,-1,723.096,-1,734.417,-1,621.085,619.765,512.730,-1,-1,-1,-1,-1,-1,-1,-1,-1,2,0,2,0,2,0,0,0,2,2,2,2,2,2,2,2,2
418,3304.123,792.300,653.230,-6.102,0.934479,0.023359,0.355250,-0.099901,0.974960,0.198680,-0.341714,-0.221152,0.913413,0,0.48833,0.82985,13.632,0.985,-1,724.970,-1,734.890,-1,627.132,627.517,515.507,-1,-1,-1,-1,-1,-1,-1,-1,-1,2,0,2,0,2,0,0,0,2,2,2,2,2,2,2,2,2
419,3317.996,794.998,647.316,-5.082,0.935633,0.008550,0.352870,-0.083215,0.976871,0.196973,-0.343025,-0.213659,0.914704,0,0.48833,0.82985,14.132,1.020,-1,727.471,-1,736.859,-1,627.763,629.365,516.737,-1,-1,-1,-1,-1,-1,-1,-1,-1,2,0,2,0,2,0,0,0,2,2,2,2,2,2,2,2,2
420,3332.295,797.805,640.658,-4.081,0.936115,-0.006320,0.351637,-0.066783,0.978453,0.195372,-0.345295,-0.206374,0.915522,0,0.48833,0.82985,14.572,1.002,-1,726.041,-1,735.152,-1,625.308,627.875,516.653,-1,-1,-1,-1,-1,-1,-1,-1,-1,2,0,2,0,2,0,0,0,2,2,2,2,2,2,2,2,2
421,3347.068,800.559,633.357,-3.185,0.935742,-0.020468,0.352090,-0.052077,0.979352,0.195338,-0.348818,-0.201122,0.915356,0,0.48833,0.82985,15.027,0.895,-1,718.565,-1,725.723,-1,618.698,621.748,513.697,-1,-1,-1,-1,-1,-1,-1,-1,-1,2,0,2,0,2,0,0,0,2,2,2,2,2,2,2,2,2
422,3362.212,803.426,625.469,-2.325,0.934184,-0.034950,0.355076,-0.037922,0.979827,0.196217,-0.354771,-0.196768,0.914013,0,0.48833,0.82985,15.413,0.861,-1,703.726,-1,711.186,-1,606.563,610.309,28.547,-1,-1,-1,-1,-1,993.099,-1,-1,-1,2,0,2,0,2,0,0,1,2,2,2,2,2,0,2,2,2
423,3377.733,806.477,617.140,-1.512,0.931276,-0.049655,0.360915,-0.024585,0.979844,0.198245,-0.363484,-0.193494,0.911285,0,0.48833,0.82985,15.818,0.812,-1,681.368,-1,691.640,-1,588.791,593.472,50.646,-1,-1,-1,-1,-1,959.976,985.294,-1,-1,2,0,2,0,2,0,0,1,2,2,2,2,2,0,0,2,2
424,3393.715,809.676,608.400,-0.777,0.927326,-0.064346,0.368682,-0.012579,0.979194,0.202537,-0.374043,-0.192455,0.907222,0,0.48833,0.82985,16.299,0.735,-1,653.340,-1,669.428,-1,567.122,573.371,72.362,-1,-1,-1,-1,-1,917.738,941.403,-1,-1,2,0,2,0,2,0,0,1,2,2,2,2,2,0,0,2,2
425,3410.186,813.171,599.286,-0.068,0.922674,-0.079564,0.377282,-0.001088,0.977937,0.208895,-0.385579,-0.193153,0.902231,0,0.48833,0.82985,16.837,0.710,-1,622.704,-1,646.422,-1,543.688,551.959,93.188,-1,-1,-1,-1,-1,872.255,895.774,-1,-1,2,0,2,0,2,0,0,1,2,2,2,2,2,0,0,2,2
426,3427.421,816.721,589.943,0.567,0.918055,-0.093969,0.385155,0.009089,0.976237,0.216516,-0.396348,-0.195273,0.897093,0,0.48833,0.82985,17.597,0.635,972.652,593.607,-1,624.014,-1,521.331,532.062,114.637,-1,-1,-1,-1,-1,829.028,856.416,-1,-1,0,0,2,0,2,0,0,1,2,2,2,2,2,0,0,2,2
427,3445.681,820.253,580.475,1.161,0.914454,-0.106458,0.390437,0.018529,0.974782,0.222388,-0.404266,-0.196129,0.893366,0,0.48833,0.82985,18.598,0.594,912.094,571.639,-1,605.940,-1,504.089,516.737,138.006,-1,-1,-1,-1,-1,795.157,826.148,-1,-1,0,0,2,0,2,0,0,1,2,2,2,2,2,0,0,2,2
428,3464.833,823.909,571.012,1.796,0.911265,-0.117858,0.394594,0.028582,0.973963,0.224900,-0.410827,-0.193665,0.890907,0,0.48833,0.82985,19.498,0.636,868.293,555.023,-1,588.999,-1,490.144,503.461,162.619,-1,-1,-1,-1,-1,769.125,708.236,980.419,-1,0,0,2,0,2,0,0,1,2,2,2,2,2,0,1,0,2
429,3484.781,827.842,561.495,2.491,0.908275,-0.128738,0.398074,0.039510,0.973621,0.224723,-0.416504,-0.188382,0.889402,0,0.48833,0.82985,20.332,0.694,836.560,542.197,-1,572.696,-1,478.534,491.399,187.849,-1,-1,-1,-1,-1,748.599,653.641,943.319,-1,0,0,2,0,2,0,0,1,2,2,2,2,2,0,1,0,2
430,3505.496,831.837,552.047,3.154,0.905523,-0.138533,0.401045,0.049897,0.973407,0.223583,-0.421353,-0.182449,0.888355,0,0.48833,0.82985,21.097,0.663,810.591,531.640,-1,557.536,-1,468.668,480.863,214.259,-1,-1,-1,-1,-1,731.121,624.432,912.750,1000.613,0,0,2,0,2,0,0,1,2,2,2,2,2,0,1,0,0
431,3526.906,835.792,542.683,3.715,0.902763,-0.147004,0.404239,0.058620,0.973066,0.222948,-0.426126,-0.177572,0.887065,0,0.48833,0.82985,21.773,0.561,785.151,520.989,-1,542.792,-1,459.005,470.703,242.087,-1,-1,-1,-1,-1,713.047,601.513,880.641,945.698,0,0,2,0,2,0,0,1,2,2,2,2,2,0,1,0,0
432,3548.756,840.093,532.944,4.311,0.899538,-0.155448,0.408249,0.067813,0.972906,0.221031,-0.431547,-0.171141,0.885708,0,0.48833,0.82985,22.269,0.596,760.083,509.768,-1,525.753,-1,448.482,459.285,269.600,-1,-1,-1,-1,-1,694.296,597.891,847.568,889.851,0,0,2,0,2,0,0,1,2,2,2,2,2,0,1,0,0
433,3569.201,844.546,523.594,5.165,0.893834,-0.167615,0.415891,0.080791,0.972528,0.218318,-0.441059,-0.161539,0.882821,0,0.48833,0.82985,20.924,0.854,726.437,493.842,979.108,503.434,-1,433.624,442.339,290.567,694.792,-1,-1,-1,-1,669.487,599.841,803.685,821.906,0,0,0,0,2,0,0,1,0,2,2,2,2,0,1,0,0
434,3579.639,847.301,519.518,5.795,0.881674,-0.180093,0.436140,0.089478,0.971340,0.220208,-0.463298,-0.155126,0.872520,0,0.48833,0.82985,10.796,0.630,665.279,460.845,877.270,471.715,854.373,405.588,413.936,294.987,674.593,-1,-1,-1,-1,622.202,607.674,728.169,577.575,0,0,0,0,0,0,0,1,0,2,2,2,2,0,1,0,1
435,3582.822,848.769,520.198,5.713,0.868984,-0.185648,0.458695,0.086937,0.969816,0.227814,-0.487143,-0.158089,0.858894,0,0.48833,0.82985,3.506,-0.082,606.668,427.415,790.409,446.154,763.355,378.694,387.709,294.258,-1,-1,-1,-1,-1,573.053,571.413,653.619,591.785,0,0,0,0,0,0,0,1,2,2,2,2,2,0,0,0,1
436,3584.486,850.026,522.826,5.510,0.860140,-0.187734,0.474252,0.082972,0.968916,0.233063,-0.503264,-0.161117,0.848980,0,0.48833,0.82985,2.085,-0.203,575.092,409.140,744.125,432.688,721.168,364.182,373.780,294.322,-1,-1,-1,-1,-1,545.340,550.360,614.296,596.487,0,0,0,0,0,0,0,1,2,2,2,2,2,0,0,0,1
437,1739.754,2025.069,778.077,-129.952,-0.639497,0.766820,0.055055,-0.763433,-0.641849,0.072110,0.090632,0.004083,0.995876,1,0.48833,0.82985,0.000,0.000,-1,-1,-1,730.807,-1,638.427,576.813,503.990,617.007,-1,-1,-1,-1,-1,-1,-1,-1,2,2,2,0,2,0,0,0,0,2,2,2,2,2,2,2,2
438,1740.927,2026.868,783.204,-129.952,-0.640064,0.766911,0.046526,-0.764094,-0.641718,0.066022,0.080490,0.006709,0.996733,0,0.36455,-0.36934,2.147,-0.001,-1,-1,-1,710.069,-1,617.364,562.543,526.498,631.816,-1,-1,-1,-1,-1,-1,-1,-1,2,2,2,0,2,0,0,0,0,2,2,2,2,2,2,2,2
439,1741.799,2028.051,788.472,-129.947,-0.640339,0.766973,0.041444,-0.764573,-0.641636,0.061090,0.073447,0.007432,0.997271,0,0.36465,-0.36888,1.470,0.006,-1,-1,-1,703.900,-1,611.513,559.543,545.368,656.855,-1,-1,-1,-1,-1,-1,-1,-1,2,2,2,0,2,0,0,0,0,2,2,2,2,2,2,2,2
440,1742.358,2028.663,793.174,-129.946,-0.640479,0.766921,0.040243,-0.764766,-0.641712,0.057789,0.070144,0.006236,0.997517,0,0.36470,-0.36864,0.829,0.001,-1,-1,-1,710.703,-1,618.444,566.287,557.858,692.374,-1,-1,-1,-1,-1,-1,-1,-1,2,2,2,0,2,0,0,0,0,2,2,2,2,2,2,2,2
441,1742.654,2028.734,796.854,-129.948,-0.640532,0.766808,0.041525,-0.764759,-0.641863,0.056181,0.069733,0.004229,0.997557,0,0.36473,-0.36852,0.305,-0.003,-1,-1,-1,724.586,-1,632.687,578.298,565.042,729.772,-1,-1,-1,-1,-1,-1,-1,-1,2,2,2,0,2,0,0,0,0,2,2,2,2,2,2,2,2
442,1742.726,2028.429,799.295,-129.949,-0.640488,0.766726,0.043671,-0.764696,-0.641970,0.055810,0.070827,0.002351,0.997486,0,0.36473,-0.36850,0.313,-0.000,-1,-1,-1,739.229,-1,648.047,590.646,568.500,757.869,-1,-1,-1,-1,-1,-1,-1,-1,2,2,2,0,2,0,0,0,0,2,2,2,2,2,2,2,2
443,1742.551,2027.787,800.474,-129.954,-0.640442,0.766593,0.046570,-0.764506,-0.642133,0.056541,0.073248,0.000608,0.997314,0,0.36471,-0.36860,0.665,-0.005,-1,-1,-1,754.347,-1,664.003,602.840,568.194,777.385,-1,-1,-1,-1,-1,-1,-1,-1,2,2,2,0,2,0,0,0,0,2,2,2,2,2,2,2,2
444,1742.124,2026.831,800.391,-129.961,-0.640356,0.766432,0.050270,-0.764212,-0.642325,0.058294,0.076968,-0.001088,0.997033,0,0.36468,-0.36874,1.048,-0.007,-1,-1,-1,770.285,-1,680.577,614.978,563.970,788.634,-1,-1,-1,-1,-1,-1,-1,-1,2,2,2,0,2,0,0,0,0,2,2,2,2,2,2,2,2
445,1741.452,2025.562,799.143,-129.973,-0.640291,0.766248,0.053766,-0.763811,-0.642542,0.061101,0.081365,-0.001945,0.996682,0,0.36464,-0.36893,1.436,-0.012,-1,-1,-1,783.859,-1,695.953,625.342,558.107,786.947,-1,-1,-1,-1,-1,-1,-1,-1,2,2,2,0,2,0,0,0,0,2,2,2,2,2,2,2,2
446,1740.547,2024.112,796.928,-129.988,-0.640312,0.766136,0.055095,-0.763411,-0.642678,0.064562,0.084872,-0.000720,0.996392,0,0.36459,-0.36915,1.709,-0.016,-1,-1,-1,787.779,-1,703.909,629.049,554.122,764.896,-1,-1,-1,-1,-1,-1,-1,-1,2,2,2,0,2,0,0,0,0,2,2,2,2,2,2,2,2
447,1739.380,2022.601,793.925,-129.992,-0.640285,0.766313,0.052918,-0.763276,-0.642459,0.068229,0.086283,0.003295,0.996265,0,0.36454,-0.36937,1.908,-0.004,-1,-1,-1,776.605,-1,699.287,622.316,554.221,717.246,-1,-1,-1,-1,-1,-1,-1,-1,2,2,2,0,2,0,0,0,0,2,2,2,2,2,2,2,2
448,1737.907,2021.033,790.640,-129.992,-0.640278,0.766565,0.049214,-0.763259,-0.642114,0.071598,0.086485,0.008279,0.996219,0,0.36447,-0.36970,2.152,-0.000,-1,-1,-1,758.379,-1,687.796,610.276,555.643,665.164,-1,-1,-1,-1,-1,-1,-1,-1,2,2,2,0,2,0,0,0,0,2,2,2,2,2,2,2,2
449,1736.274,2019.339,787.858,-129.988,-0.640315,0.766730,0.046064,-0.763412,-0.641876,0.072093,0.084843,0.010997,0.996334,0,0.36439,-0.37005,2.353,0.004,-1,-1,-1,738.089,-1,669.000,594.692,552.577,635.464,-1,-1,-1,-1,-1,-1,-1,-1,2,2,2,0,2,0,0,0,0,2,2,2,2,2,2,2,2
450,1734.637,2017.402,785.970,-129.983,-0.640430,0.766745,0.044163,-0.763698,-0.641865,0.069100,0.081329,0.010526,0.996632,0,0.36430,-0.37047,2.537,0.006,-1,-1,-1,718.922,-1,645.047,577.517,543.955,625.739,-1,-1,-1,-1,-1,-1,-1,-1,2,2,2,0,2,0,0,0,0,2,2,2,2,2,2,2,2
451,1732.998,2015.134,785.106,-129.974,-0.640533,0.766680,0.043808,-0.764067,-0.641987,0.063671,0.076940,0.007311,0.997009,0,0.36419,-0.37098,2.798,0.009,-1,-1,-1,703.870,-1,622.215,562.560,531.781,634.360,-1,-1,-1,-1,-1,-1,-1,-1,2,2,2,0,2,0,0,0,0,2,2,2,2,2,2,2,2
452,1731.228,2012.476,785.310,-129.962,-0.640536,0.766622,0.044762,-0.764389,-0.642090,0.058570,0.073642,0.003301,0.997279,0,0.36405,-0.37164,3.193,0.012,-1,-1,-1,697.571,-1,609.986,555.363,521.621,653.532,-1,-1,-1,-1,-1,-1,-1,-1,2,2,2,0,2,0,0,0,0,2,2,2,2,2,2,2,2
453,1729.077,2009.201,786.363,-129.951,-0.640431,0.766600,0.046617,-0.764569,-0.642125,0.055769,0.072686,0.000074,0.997355,0,0.80722,-0.48085,3.919,0.011,-1,-1,-1,701.578,-1,612.624,558.197,516.633,674.984,-1,-1,-1,-1,-1,-1,-1,-1,2,2,2,0,2,0,0,0,0,2,2,2,2,2,2,2,2
454,1726.256,2005.072,787.939,-129.936,-0.640162,0.766679,0.048945,-0.764657,-0.642028,0.055683,0.074115,-0.001780,0.997248,0,0.80676,-0.48181,5.000,0.015,-1,-1,-1,714.285,-1,629.214,569.948,516.893,696.309,-1,-1,-1,-1,-1,-1,-1,-1,2,2,2,0,2,0,0,0,0,2,2,2,2,2,2,2,2
455,1722.806,2000.204,789.704,-129.918,-0.639815,0.766862,0.050582,-0.764722,-0.641809,0.057288,0.076396,-0.002027,0.997075,0,0.80617,-0.48303,5.967,0.018,-1,-1,-1,729.276,-1,652.252,584.996,521.578,708.735,-1,-1,-1,-1,-1,-1,-1,-1,2,2,2,0,2,0,0,0,0,2,2,2,2,2,2,2,2
456,1718.726,1994.682,791.451,-129.896,-0.639405,0.767179,0.050964,-0.764825,-0.641433,0.060065,0.078770,-0.000572,0.996893,0,0.80549,-0.48445,6.866,0.022,-1,-1,-1,744.106,-1,677.589,600.364,530.204,709.543,-1,-1,-1,-1,-1,-1,-1,-1,2,2,2,0,2,0,0,0,0,2,2,2,2,2,2,2,2
457,1714.027,1988.568,793.061,-129.866,-0.638900,0.767666,0.049963,-0.765034,-0.640846,0.063555,0.080807,0.002382,0.996727,0,0.80470,-0.48607,7.711,0.030,-1,-1,-1,760.337,-1,706.095,614.241,542.014,699.421,-1,-1,-1,-1,-1,-1,-1,-1,2,2,2,0,2,0,0,0,0,2,2,2,2,2,2,2,2
458,1708.839,1981.898,794.467,-129.823,-0.638258,0.768361,0.047423,-0.765422,-0.639981,0.067471,0.082192,0.006766,0.996594,0,0.80381,-0.48792,8.450,0.043,-1,-1,-1,770.851,-1,734.356,625.339,556.869,679.389,-1,-1,-1,-1,-1,-1,-1,-1,2,2,2,0,2,0,0,0,0,2,2,2,2,2,2,2,2
459,1703.271,1974.590,795.677,-129.730,-0.636968,0.769632,0.044030,-0.766413,-0.638382,0.071268,0.082958,0.011650,0.996485,0,0.80279,-0.49004,9.188,0.093,-1,-1,-1,777.350,-1,760.290,634.970,573.466,659.147,-1,-1,-1,-1,-1,-1,-1,-1,2,2,2,0,2,0,0,0,0,2,2,2,2,2,2,2,2
460,1697.387,1966.602,796.745,-129.584,-0.635010,0.771413,0.041042,-0.768029,-0.636150,0.073786,0.083029,0.015334,0.996429,0,0.80143,-0.49286,9.920,0.146,-1,-1,-1,782.233,-1,782.614,649.717,586.002,642.194,-1,-1,-1,-1,-1,-1,-1,-1,2,2,2,0,2,0,0,0,0,2,2,2,2,2,2,2,2
461,1691.212,1957.919,797.675,-129.413,-0.632739,0.773368,0.039283,-0.769953,-0.633732,0.074544,0.082544,0.016921,0.996444,0,0.79971,-0.49642,10.655,0.171,-1,-1,-1,787.339,-1,801.679,662.775,592.059,634.208,-1,-1,-1,-1,-1,-1,-1,-1,2,2,2,0,2,0,0,0,0,2,2,2,2,2,2,2,2
462,1684.849,1948.511,798.453,-129.209,-0.630051,0.775594,0.038591,-0.772282,-0.631016,0.073477,0.081340,0.016491,0.996550,0,0.79776,-0.50046,11.357,0.204,-1,-1,-1,791.749,-1,816.124,673.266,591.800,634.477,-1,-1,-1,-1,-1,-1,-1,-1,2,2,2,0,2,0,0,0,0,2,2,2,2,2,2,2,2
463,1678.410,1938.386,799.025,-128.950,-0.626685,0.778337,0.038174,-0.775262,-0.627675,0.070661,0.078959,0.014687,0.996770,0,0.76450,-0.43242,11.999,0.258,-1,-1,-1,792.326,-1,821.832,678.537,586.867,639.155,-1,-1,-1,-1,-1,-1,-1,-1,2,2,2,0,2,0,0,0,0,2,2,2,2,2,2,2,2
464,1671.785,1927.634,799.328,-128.670,-0.623054,0.781246,0.038190,-0.778531,-0.624119,0.066074,0.075455,0.011436,0.997084,0,0.76198,-0.43784,12.629,0.280,-1,-1,-1,788.882,-1,818.660,678.307,576.886,648.852,-1,-1,-1,-1,-1,-1,-1,-1,2,2,2,0,2,0,0,0,0,2,2,2,2,2,2,2,2
465,1664.868,1916.334,799.353,-128.401,-0.619589,0.783967,0.038793,-0.781707,-0.620765,0.059874,0.071021,0.006772,0.997452,0,0.75925,-0.44373,13.249,0.269,-1,-1,-1,787.531,-1,807.750,673.201,562.759,662.219,-1,-1,-1,-1,-1,-1,-1,-1,2,2,2,0,2,0,0,0,0,2,2,2,2,2,2,2,2
466,1657.511,1904.815,799.168,-128.214,-0.617298,0.785695,0.040343,-0.784041,-0.618615,0.050942,0.064981,-0.000184,0.997886,0,0.75648,-0.44970,13.668,0.186,-1,-1,-1,780.235,-1,784.199,660.029,542.517,686.803,-1,-1,-1,-1,-1,-1,-1,-1,2,2,2,0,2,0,0,0,0,2,2,2,2,2,2,2,2
467,1649.599,1893.220,798.692,-128.153,-0.616737,0.786026,0.042403,-0.785061,-0.618132,0.039896,0.057570,-0.008684,0.998304,0,0.75407,-0.45492,14.037,0.061,-1,-1,-1,763.904,-1,750.598,639.672,517.018,724.491,-1,-1,-1,-1,-1,-1,-1,-1,2,2,2,0,2,0,0,0,0,2,2,2,2,2,2,2,2
468,1641.533,1881.343,798.592,-128.090,-0.615995,0.786467,0.044938,-0.785895,-0.617456,0.033408,0.054022,-0.014738,0.998431,0,0.75222,-0.45891,14.357,0.063,-1,-1,-1,769.319,-1,743.920,637.536,500.128,755.769,-1,-1,-1,-1,-1,-1,-1,-1,2,2,2,0,2,0,0,0,0,2,2,2,2,2,2,2,2
469,1633.391,1869.045,799.778,-127.995,-0.614540,0.787293,0.050111,-0.786702,-0.616324,0.035277,0.058658,-0.017743,0.998120,0,0.75030,-0.46304,14.749,0.094,-1,-1,-1,841.293,-1,792.463,683.393,495.862,773.754,-1,-1,-1,-1,-1,-1,-1,-1,2,2,2,0,2,0,0,0,0,2,2,2,2,2,2,2,2
470,1624.512,1857.335,802.244,-128.107,-0.615733,0.785818,0.057997,-0.785081,-0.618103,0.039943,0.067236,-0.020938,0.997517,0,0.74815,-0.46769,14.695,-0.111,-1,-1,-1,987.841,-1,872.710,759.178,495.283,808.796,-1,-1,-1,-1,-1,-1,-1,-1,2,2,2,0,2,0,0,0,0,2,2,2,2,2,2,2,2
471,1614.432,1848.643,805.686,-128.786,-0.624753,0.777961,0.066789,-0.777420,-0.627728,0.039700,0.072811,-0.027120,0.996977,0,0.74705,-0.47005,13.310,-0.679,-1,-1,-1,-1,-1,922.790,816.558,490.032,899.784,-1,-1,-1,-1,-1,-1,-1,-1,2,2,2,2,2,0,0,0,0,2,2,2,2,2,2,2,2
472,1603.881,1840.565,809.370,-129.539,-0.634678,0.769550,0.070551,-0.768864,-0.638003,0.042435,0.077667,-0.027312,0.996605,0,0.74912,-0.46558,13.288,-0.753,-1,-1,-1,-1,-1,966.082,870.912,498.941,938.441,-1,-1,-1,-1,-1,-1,-1,-1,2,2,2,2,2,0,0,0,0,2,2,2,2,2,2,2,2
473,1590.868,1830.250,813.270,-130.332,-0.644989,0.761069,0.069022,-0.759696,-0.648356,0.049959,0.082773,-0.020212,0.996363,0,0.75164,-0.46015,16.606,-0.793,-1,-1,-1,-1,-1,-1,930.936,523.551,912.773,-1,-1,-1,-1,-1,-1,-1,-1,2,2,2,2,2,2,0,0,0,2,2,2,2,2,2,2,2
474,1581.978,1823.159,815.271,-130.818,-0.651302,0.755910,0.066381,-0.754060,-0.654518,0.054777,0.084854,-0.014378,0.996290,0,0.75403,-0.45498,11.371,-0.487,-1,-1,-1,-1,-1,-1,-1,543.622,882.384,-1,-1,-1,-1,-1,-1,-1,-1,2,2,2,2,2,2,2,0,0,2,2,2,2,2,2,2,2
475,1570.626,1814.299,817.084,-131.408,-0.659000,0.749521,0.062743,-0.747277,-0.661928,0.058547,0.085414,-0.008304,0.996311,0,0.75539,-0.45205,14.401,-0.590,-1,-1,-1,-1,-1,-1,-1,562.483,849.237,-1,-1,-1,-1,-1,-1,-1,-1,2,2,2,2,2,2,2,0,0,2,2,2,2,2,2,2,2
476,1559.065,1805.377,818.134,-131.977,-0.666488,0.743186,0.058894,-0.740796,-0.669074,0.059674,0.083753,-0.003856,0.996479,0,0.75700,-0.44859,14.603,-0.569,-1,-1,-1,-1,-1,-1,-1,575.618,823.210,-1,-1,-1,-1,-1,-1,-1,-1,2,2,2,2,2,2,2,0,0,2,2,2,2,2,2,2,2
477,1547.349,1796.195,818.407,-132.500,-0.673405,0.737197,0.055365,-0.734890,-0.675676,0.058292,0.080381,-0.001433,0.996763,0,0.75849,-0.44538,14.885,-0.523,-1,-1,-1,-1,-1,-1,918.651,581.723,806.884,-1,-1,-1,-1,-1,-1,-1,-1,2,2,2,2,2,2,0,0,0,2,2,2,2,2,2,2,2
478,1535.493,1786.905,817.942,-133.052,-0.680752,0.730643,0.052321,-0.728687,-0.682757,0.053459,0.074782,-0.001733,0.997198,0,0.75969,-0.44277,15.063,-0.552,-1,-1,-1,-1,-1,-1,881.790,578.969,805.805,-1,-1,-1,-1,-1,-1,-1,-1,2,2,2,2,2,2,0,0,0,2,2,2,2,2,2,2,2
479,1523.461,1777.512,816.702,-133.626,-0.688389,0.723659,0.049377,-0.722229,-0.690145,0.045664,0.067122,-0.004227,0.997736,0,0.76100,-0.43995,15.264,-0.574,-1,-1,-1,-1,-1,913.064,834.416,568.583,815.693,-1,-1,-1,-1,-1,-1,-1,-1,2,2,2,2,2,0,0,0,0,2,2,2,2,2,2,2,2
480,1511.372,1767.696,814.713,-134.122,-0.695034,0.717569,0.044972,-0.716669,-0.696454,0.036569,0.057562,-0.006813,0.998319,0,0.76237,-0.43699,15.572,-0.496,-1,-1,-1,-1,-1,866.672,781.739,555.841,818.673,-1,-1,-1,-1,-1,-1,-1,-1,2,2,2,2,2,0,0,0,0,2,2,2,2,2,2,2,2
481,1499.038,1757.630,812.055,-134.595,-0.701359,0.711726,0.039268,-0.711340,-0.702385,0.025514,0.045740,-0.010038,0.998903,0,0.76328,-0.43503,15.920,-0.473,-1,-1,-1,944.937,-1,815.117,722.369,541.690,820.458,-1,-1,-1,-1,-1,-1,-1,-1,2,2,2,0,2,0,0,0,0,2,2,2,2,2,2,2,2
482,1486.440,1747.486,808.773,-135.090,-0.707874,0.705619,0.031864,-0.705655,-0.708454,0.012047,0.031075,-0.013957,0.999420,0,0.76402,-0.43343,16.175,-0.495,-1,-1,-1,824.920,-1,755.994,647.192,524.216,821.632,-1,-1,-1,-1,-1,-1,-1,-1,2,2,2,0,2,0,0,0,0,2,2,2,2,2,2,2,2
483,1473.481,1737.215,805.202,-135.610,-0.714499,0.699226,0.023943,-0.699455,-0.714674,-0.001727,0.015904,-0.017981,0.999712,0,0.76483,-0.43170,16.535,-0.520,-1,-1,-1,716.730,-1,677.973,578.971,506.066,821.786,-1,-1,-1,-1,-1,-1,-1,-1,2,2,2,0,2,0,0,0,0,2,2,2,2,2,2,2,2
484,1459.747,1726.386,802.493,-136.118,-0.720754,0.692909,0.019767,-0.693154,-0.720718,-0.010203,0.007177,-0.021055,0.999753,0,0.76570,-0.42981,17.490,-0.509,-1,-1,-1,667.772,-1,638.059,545.020,494.280,821.870,-1,-1,-1,-1,-1,-1,-1,-1,2,2,2,0,2,0,0,0,0,2,2,2,2,2,2,2,2
485,1445.300,1714.945,801.082,-136.582,-0.726351,0.687058,0.019102,-0.687311,-0.726224,-0.014203,0.004114,-0.023446,0.999717,0,0.76641,-0.42829,18.429,-0.464,-1,-1,-1,664.013,-1,627.723,536.787,490.116,826.829,-1,-1,-1,-1,-1,-1,-1,-1,2,2,2,0,2,0,0,0,0,2,2,2,2,2,2,2,2
486,1430.272,1702.940,801.110,-136.999,-0.731329,0.681723,0.020298,-0.682009,-0.731189,-0.015006,0.004612,-0.024818,0.999681,0,0.76677,-0.42750,19.234,-0.417,-1,-1,-1,689.845,-1,637.566,546.223,494.372,834.643,-1,-1,-1,-1,-1,-1,-1,-1,2,2,2,0,2,0,0,0,0,2,2,2,2,2,2,2,2
487,1414.782,1690.506,802.341,-137.373,-0.735765,0.676892,0.021588,-0.677208,-0.735651,-0.014343,0.006173,-0.025173,0.999664,0,0.76678,-0.42749,19.864,-0.375,-1,-1,-1,727.309,-1,657.276,565.380,504.380,843.272,-1,-1,-1,-1,-1,-1,-1,-1,2,2,2,0,2,0,0,0,0,2,2,2,2,2,2,2,2
488,1399.160,1678.045,804.432,-137.696,-0.739571,0.672733,0.021546,-0.673051,-0.739450,-0.014697,0.006045,-0.025371,0.999660,0,0.30202,-0.37315,19.983,-0.323,-1,-1,-1,758.774,-1,674.681,585.854,516.840,857.339,-1,-1,-1,-1,-1,-1,-1,-1,2,2,2,0,2,0,0,0,0,2,2,2,2,2,2,2,2
489,1383.706,1665.877,806.815,-138.018,-0.743351,0.668628,0.019130,-0.668896,-0.743160,-0.017056,0.002812,-0.025475,0.999672,0,0.30178,-0.37446,19.669,-0.322,-1,-1,-1,774.572,-1,675.430,595.490,529.815,872.793,-1,-1,-1,-1,-1,-1,-1,-1,2,2,2,0,2,0,0,0,0,2,2,2,2,2,2,2,2
490,1368.311,1653.907,808.954,-138.351,-0.747231,0.664355,0.016670,-0.664564,-0.746964,-0.019987,-0.000827,-0.026013,0.999661,0,0.30154,-0.37578,19.501,-0.333,-1,-1,-1,784.480,-1,672.326,602.548,543.261,889.690,-1,-1,-1,-1,-1,-1,-1,-1,2,2,2,0,2,0,0,0,0,2,2,2,2,2,2,2,2
491,1353.254,1642.262,811.128,-138.741,-0.751731,0.659176,0.019664,-0.659468,-0.751345,-0.024120,-0.001125,-0.031100,0.999516,0,0.30132,-0.37703,19.035,-0.390,-1,-1,-1,818.478,-1,-1,622.103,546.919,950.099,-1,-1,-1,-1,-1,-1,-1,-1,2,2,2,0,2,2,0,0,0,2,2,2,2,2,2,2,2
492,1338.611,1630.467,813.418,-139.066,-0.755463,0.654622,0.027299,-0.655187,-0.754947,-0.028012,0.002272,-0.039048,0.999235,0,0.30119,-0.37770,18.803,-0.325,-1,-1,-1,876.715,-1,-1,655.582,544.580,-1,-1,-1,-1,-1,-1,-1,-1,-1,2,2,2,0,2,2,0,0,2,2,2,2,2,2,2,2,2
493,1324.316,1618.454,815.755,-139.285,-0.757946,0.651314,0.036167,-0.652280,-0.757331,-0.031313,0.006996,-0.047325,0.998855,0,0.30091,-0.37922,18.672,-0.219,-1,-1,-1,944.755,-1,-1,681.964,542.427,-1,-1,-1,-1,-1,-1,-1,-1,-1,2,2,2,0,2,2,0,0,2,2,2,2,2,2,2,2,2
494,1310.165,1606.571,817.880,-139.482,-0.760168,0.648322,0.042704,-0.649652,-0.759435,-0.034793,0.009874,-0.054191,0.998482,0,0.30040,-0.38205,18.479,-0.197,-1,-1,-1,992.328,-1,-1,702.699,543.062,-1,-1,-1,-1,-1,-1,-1,-1,-1,2,2,2,0,2,2,0,0,2,2,2,2,2,2,2,2,2
495,1296.145,1594.973,819.406,-139.661,-0.762203,0.645850,0.043869,-0.647281,-0.761287,-0.038338,0.008636,-0.057617,0.998301,0,0.29983,-0.38517,18.195,-0.179,-1,-1,-1,1006.033,-1,-1,709.225,548.164,-1,-1,-1,-1,-1,-1,-1,-1,-1,2,2,2,0,2,2,0,0,2,2,2,2,2,2,2,2,2
496,1282.281,1583.536,820.089,-139.794,-0.763721,0.644300,0.040094,-0.645535,-0.762598,-0.041573,0.003790,-0.057632,0.998331,0,0.29923,-0.38847,17.973,-0.133,-1,-1,-1,990.912,-1,-1,701.837,556.985,-1,-1,-1,-1,-1,-1,-1,-1,-1,2,2,2,0,2,2,0,0,2,2,2,2,2,2,2,2,2
497,1268.468,1572.456,819.907,-139.923,-0.765176,0.643001,0.032479,-0.643806,-0.763840,-0.045405,-0.004387,-0.055654,0.998441,0,0.29853,-0.39229,17.707,-0.129,-1,-1,-1,952.709,-1,-1,682.283,568.238,-1,-1,-1,-1,-1,-1,-1,-1,-1,2,2,2,0,2,2,0,0,2,2,2,2,2,2,2,2,2
498,1254.457,1561.972,818.784,-140.156,-0.767709,0.640372,0.023379,-0.640626,-0.766144,-0.051203,-0.014877,-0.054287,0.998415,0,0.29783,-0.39609,17.499,-0.233,-1,-1,-1,902.906,-1,-1,654.936,575.866,-1,-1,-1,-1,-1,-1,-1,-1,-1,2,2,2,0,2,2,0,0,2,2,2,2,2,2,2,2,2
499,1240.324,1551.846,816.606,-140.447,-0.770756,0.636994,0.013157,-0.636563,-0.769035,-0.058077,-0.026876,-0.053138,0.998225,0,0.29736,-0.39869,17.386,-0.291,-1,-1,-1,842.846,-1,994.265,622.503,579.963,-1,-1,-1,-1,-1,-1,-1,-1,-1,2,2,2,0,2,0,0,0,2,2,2,2,2,2,2,2,2
