timestep,x_cm,y_cm,z_cm,yaw_deg,basis_xx,basis_xy,basis_xz,basis_yx,basis_yy,basis_yz,basis_zx,basis_zy,basis_zz,teleport_flag,throttle_cmd,steering_cmd,cmd_move_cm,cmd_turn_deg,lidar_cm_0,lidar_cm_1,lidar_cm_2,lidar_cm_3,lidar_cm_4,lidar_cm_5,lidar_cm_6,lidar_cm_7,lidar_cm_8,lidar_cm_9,lidar_cm_10,lidar_cm_11,lidar_cm_12,lidar_cm_13,lidar_cm_14,lidar_cm_15,lidar_cm_16,lidar_class_0,lidar_class_1,lidar_class_2,lidar_class_3,lidar_class_4,lidar_class_5,lidar_class_6,lidar_class_7,lidar_class_8,lidar_class_9,lidar_class_10,lidar_class_11,lidar_class_12,lidar_class_13,lidar_class_14,lidar_class_15,lidar_class_16
0,905.312,8223.457,-155.618,64.344,0.432909,-0.899875,-0.053051,0.901307,0.433097,0.008499,0.015328,-0.051494,0.998556,0,-0.01024,-0.35827,0.728,0.034,-1,587.495,-1,678.731,-1,523.102,543.442,355.397,518.783,-1,743.312,766.143,-1,869.370,-1,-1,-1,2,0,2,0,2,0,0,0,0,2,0,0,2,0,2,2,2
1,905.002,8222.873,-149.224,64.391,0.432198,-0.900409,-0.049681,0.901719,0.432146,0.012339,0.010359,-0.050131,0.998689,0,-0.01023,-0.35847,0.661,0.047,-1,592.993,-1,682.466,-1,528.361,548.103,370.000,538.858,-1,796.569,810.866,-1,873.503,-1,-1,-1,2,0,2,0,2,0,0,0,0,2,0,0,2,0,2,2,2
2,904.714,8222.358,-142.787,64.451,0.431271,-0.900945,-0.047996,0.902202,0.431013,0.016122,0.006162,-0.050256,0.998717,0,-0.01023,-0.35880,0.590,0.060,-1,599.027,-1,689.138,-1,534.637,554.263,382.686,559.209,-1,844.337,859.298,-1,878.589,-1,-1,-1,2,0,2,0,2,0,0,0,0,2,0,0,2,0,2,2,2
3,904.395,8221.933,-137.032,64.506,0.430408,-0.901380,-0.047568,0.902630,0.429973,0.019540,0.002840,-0.051347,0.998677,0,-0.01023,-0.35929,0.532,0.055,-1,604.568,-1,696.764,-1,540.733,560.548,392.807,578.334,-1,894.529,900.845,-1,883.410,-1,-1,-1,2,0,2,0,2,0,0,0,0,2,0,0,2,0,2,2,2
4,904.037,8221.565,-132.454,64.549,0.429740,-0.901696,-0.047615,0.902953,0.429144,0.022629,0.000029,-0.052719,0.998609,0,-0.01023,-0.35975,0.513,0.042,-1,608.390,-1,702.771,-1,545.206,565.303,400.133,594.788,-1,938.408,937.694,-1,886.129,-1,-1,-1,2,0,2,0,2,0,0,0,0,2,0,0,2,0,2,2,2
5,903.638,8221.219,-129.172,64.576,0.429320,-0.901904,-0.047470,0.903149,0.428565,0.025588,-0.002734,-0.053858,0.998545,0,-0.01022,-0.36010,0.529,0.027,-1,609.790,-1,705.447,-1,547.192,567.517,405.044,606.900,-1,981.944,975.815,-1,885.546,-1,-1,-1,2,0,2,0,2,0,0,0,0,2,0,0,2,0,2,2,2
6,903.230,8220.877,-127.182,64.590,0.429080,-0.902028,-0.047289,0.903250,0.428167,0.028504,-0.005464,-0.054944,0.998474,0,-0.01022,-0.36029,0.532,0.015,-1,608.694,-1,704.945,-1,546.683,567.234,407.335,615.060,-1,-1,-1,-1,881.515,-1,-1,-1,2,0,2,0,2,0,0,0,0,2,2,2,2,0,2,2,2
7,902.827,8220.533,-126.484,64.598,0.428954,-0.902096,-0.047126,0.903289,0.427881,0.031401,-0.008162,-0.056037,0.998395,0,-0.01022,-0.36037,0.530,0.007,-1,605.111,-1,701.352,-1,543.704,564.493,406.940,619.391,-1,-1,-1,-1,874.059,-1,-1,-1,2,0,2,0,2,0,0,0,0,2,2,2,2,0,2,2,2
8,902.454,8220.176,-127.075,64.602,0.428871,-0.902137,-0.047097,0.903301,0.427632,0.034337,-0.010837,-0.057269,0.998300,0,-0.01022,-0.36037,0.517,0.005,-1,599.007,-1,694.796,-1,538.264,559.341,403.712,620.208,-1,-1,-1,-1,863.112,-1,-1,-1,2,0,2,0,2,0,0,0,0,2,2,2,2,0,2,2,2
9,902.125,8219.795,-128.952,64.604,0.428830,-0.902148,-0.047271,0.903285,0.427413,0.037352,-0.013493,-0.058716,0.998183,0,-0.01022,-0.36034,0.503,0.002,-1,590.380,-1,685.367,-1,530.384,551.805,397.586,617.673,-1,-1,-1,-1,848.598,-1,-1,-1,2,0,2,0,2,0,0,0,0,2,2,2,2,0,2,2,2
10,901.883,8219.424,-132.008,64.607,0.428773,-0.902096,-0.048754,0.903280,0.427163,0.040202,-0.015440,-0.061276,0.998001,0,-0.01022,-0.36028,0.443,0.003,-1,580.170,-1,674.793,-1,521.222,541.839,387.791,614.405,-1,-1,-1,-1,832.095,-1,-1,-1,2,0,2,0,2,0,0,0,0,2,2,2,2,0,2,2,2
11,901.764,8219.183,-135.962,64.627,0.428467,-0.901947,-0.053918,0.903433,0.426655,0.042117,-0.014983,-0.066757,0.997657,0,-0.01022,-0.36023,0.269,0.020,-1,570.659,-1,669.548,-1,513.588,534.247,373.024,616.104,-1,-1,-1,-1,817.575,-1,-1,-1,2,0,2,0,2,0,0,0,0,2,2,2,2,0,2,2,2
12,901.598,8219.042,-140.298,64.649,0.428124,-0.901718,-0.060120,0.903617,0.426119,0.043585,-0.013683,-0.072985,0.997239,0,-0.01022,-0.36037,0.218,0.022,-1,561.384,-1,665.935,-1,506.352,527.516,356.925,618.764,-1,995.163,997.964,-1,803.913,-1,-1,-1,2,0,2,0,2,0,0,0,0,2,0,0,2,0,2,2,2
13,901.421,8218.975,-144.247,64.663,0.427918,-0.901503,-0.064644,0.903747,0.425892,0.043106,-0.011329,-0.076868,0.996977,0,-0.01022,-0.36056,0.189,0.014,991.367,555.598,-1,664.105,-1,501.712,523.285,344.442,616.728,-1,937.980,955.139,-1,796.463,-1,-1,-1,0,0,2,0,2,0,0,0,0,2,0,0,2,0,2,2,2
14,901.412,8218.924,-147.258,64.676,0.427719,-0.901450,-0.066665,0.903881,0.425935,0.039722,-0.007412,-0.077247,0.996984,0,-0.01022,-0.36069,0.052,0.014,996.532,555.688,-1,666.005,-1,501.680,523.681,338.158,608.697,-1,890.959,911.381,-1,799.188,-1,-1,-1,0,0,2,0,2,0,0,0,0,2,0,0,2,0,2,2,2
15,901.618,8218.840,-149.108,64.701,0.427341,-0.901677,-0.066014,0.904087,0.426004,0.033859,-0.002408,-0.074152,0.997244,0,-0.01022,-0.36081,0.222,0.025,-1,561.454,-1,671.186,-1,506.066,528.453,338.299,595.648,-1,847.115,877.287,-1,811.650,-1,-1,-1,2,0,2,0,2,0,0,0,0,2,0,0,2,0,2,2,2
16,901.999,8218.686,-149.810,64.736,0.426784,-0.902153,-0.063049,0.904349,0.425958,0.026676,0.002791,-0.068403,0.997654,0,-0.01022,-0.36104,0.411,0.035,-1,571.269,-1,678.034,-1,513.486,536.094,343.900,579.960,-1,818.808,845.073,-1,831.138,-1,-1,-1,2,0,2,0,2,0,0,0,0,2,0,0,2,0,2,2,2
17,902.463,8218.441,-149.563,64.776,0.426147,-0.902747,-0.058707,0.904625,0.425757,0.019628,0.007276,-0.061472,0.998082,0,-0.01021,-0.36134,0.525,0.040,-1,582.686,-1,683.898,-1,521.998,544.612,352.955,564.829,-1,799.906,821.711,-1,853.127,-1,-1,-1,2,0,2,0,2,0,0,0,0,2,0,0,2,0,2,2,2
18,902.923,8218.132,-148.606,64.818,0.425475,-0.903354,-0.054058,0.904906,0.425399,0.013474,0.010824,-0.054651,0.998447,0,-0.01021,-0.36167,0.554,0.042,-1,594.251,-1,689.485,-1,530.572,551.645,363.446,552.544,-1,789.083,806.779,-1,874.732,-1,-1,-1,2,0,2,0,2,0,0,0,0,2,0,0,2,0,2,2,2
19,903.370,8217.797,-147.131,64.866,0.424699,-0.903963,-0.049811,0.905227,0.424855,0.007952,0.013974,-0.048468,0.998727,0,-0.01021,-0.36201,0.559,0.048,-1,606.115,-1,695.983,-1,539.575,558.835,374.271,543.009,-1,782.366,796.484,-1,896.482,-1,-1,-1,2,0,2,0,2,0,0,0,0,2,0,0,2,0,2,2,2
20,903.870,8217.634,-145.357,64.918,0.423842,-0.904546,-0.046412,0.905565,0.424201,0.002305,0.017604,-0.043006,0.998920,0,0.30707,-0.03966,0.526,0.053,-1,619.236,-1,704.975,-1,549.958,567.615,385.160,535.059,-1,774.802,785.818,-1,920.551,-1,-1,-1,2,0,2,0,2,0,0,0,0,2,0,0,2,0,2,2,2
21,904.497,8217.854,-143.521,64.957,0.423191,-0.904980,-0.043816,0.905766,0.423759,-0.004141,0.022315,-0.037935,0.999031,0,0.30696,-0.04014,0.664,0.039,-1,634.398,-1,717.104,-1,562.328,578.507,396.160,528.950,-1,763.229,772.919,-1,948.931,-1,-1,-1,2,0,2,0,2,0,0,0,0,2,0,0,2,0,2,2,2
22,905.220,8218.453,-141.841,64.988,0.422649,-0.905347,-0.041421,0.905866,0.423412,-0.011385,0.027845,-0.032710,0.999077,0,0.30687,-0.04056,0.940,0.031,-1,651.116,-1,730.859,-1,575.977,590.625,407.444,522.281,-1,748.423,757.935,-1,981.361,-1,-1,-1,2,0,2,0,2,0,0,0,0,2,0,0,2,0,2,2,2
23,905.988,8219.425,-140.494,65.034,0.421838,-0.905849,-0.038596,0.906037,0.422753,-0.019419,0.033907,-0.026778,0.999066,0,0.30678,-0.04099,1.238,0.046,-1,668.458,-1,744.688,-1,590.201,603.075,419.281,513.027,-1,731.297,740.736,-1,-1,-1,-1,-1,2,0,2,0,2,0,0,0,0,2,0,0,2,2,2,2,2
24,906.800,8220.757,-139.605,65.104,0.420629,-0.906554,-0.035078,0.906335,0.421618,-0.028182,0.040338,-0.019939,0.998987,0,0.30663,-0.04166,1.560,0.070,-1,686.476,-1,757.674,-1,603.900,615.311,431.874,500.473,-1,711.608,721.643,-1,-1,-1,-1,-1,2,0,2,0,2,0,0,0,0,2,0,0,2,2,2,2,2
25,907.679,8222.444,-139.237,65.199,0.419000,-0.907462,-0.030842,0.906764,0.419956,-0.037632,0.047102,-0.012198,0.998816,0,0.30641,-0.04265,1.903,0.095,-1,705.130,-1,769.473,-1,616.293,627.153,445.321,485.129,-1,693.544,701.429,-1,-1,-1,-1,-1,2,0,2,0,2,0,0,0,0,2,0,0,2,2,2,2,2
26,908.651,8224.481,-139.398,65.313,0.417039,-0.908516,-0.026005,0.907269,0.417833,-0.047739,0.054238,-0.003685,0.998521,0,0.30612,-0.04398,2.257,0.114,-1,724.710,-1,780.336,-1,628.591,638.707,459.253,469.782,-1,674.391,680.041,-1,-1,-1,-1,-1,2,0,2,0,2,0,0,0,0,2,0,0,2,2,2,2,2
27,909.741,8226.736,-139.814,65.435,0.414973,-0.909571,-0.021854,0.907841,0.415533,-0.056191,0.060191,0.003478,0.998181,0,0.30578,-0.04558,2.504,0.122,-1,740.886,-1,788.601,-1,638.356,647.855,470.794,455.114,-1,658.775,662.588,-1,-1,-1,-1,-1,2,0,2,0,2,0,0,0,0,2,0,0,2,2,2,2,2
28,910.847,8229.096,-140.184,65.537,0.413286,-0.910395,-0.019378,0.908415,0.413674,-0.060455,0.063054,0.007382,0.997983,0,0.30540,-0.04730,2.606,0.102,-1,748.339,-1,791.394,-1,642.407,651.581,477.093,445.780,-1,652.292,655.595,-1,-1,-1,-1,-1,2,0,2,0,2,0,0,0,0,2,0,0,2,2,2,2,2
29,911.865,8231.597,-140.446,65.623,0.411922,-0.911031,-0.018524,0.909060,0.412260,-0.060424,0.062685,0.008050,0.998001,0,0.30507,-0.04884,2.700,0.087,-1,746.453,-1,788.336,-1,640.427,649.536,477.999,443.403,-1,655.118,657.982,-1,-1,-1,-1,-1,2,0,2,0,2,0,0,0,0,2,0,0,2,2,2,2,2
30,912.765,8234.318,-140.651,65.706,0.410679,-0.911581,-0.019058,0.909822,0.411077,-0.056922,0.059723,0.006037,0.998197,0,0.30475,-0.05028,2.867,0.083,-1,736.944,-1,780.614,-1,633.535,642.826,474.302,446.584,-1,665.455,667.909,-1,-1,-1,-1,-1,2,0,2,0,2,0,0,0,0,2,0,0,2,2,2,2,2
31,913.572,8237.339,-140.907,65.793,0.409404,-0.912120,-0.020638,0.910681,0.409918,-0.051248,0.055204,0.002187,0.998473,0,0.30444,-0.05173,3.126,0.087,-1,722.727,-1,770.157,-1,623.572,633.278,467.363,453.483,-1,680.438,683.445,-1,-1,-1,-1,-1,2,0,2,0,2,0,0,0,0,2,0,0,2,2,2,2,2
32,914.342,8240.711,-141.319,65.890,0.407983,-0.912702,-0.022912,0.911613,0.408617,-0.044656,0.050119,-0.002668,0.998740,0,0.30410,-0.05329,3.459,0.096,-1,706.532,-1,758.732,-1,612.266,622.586,458.554,462.260,-1,697.219,701.115,-1,-1,-1,-1,-1,2,0,2,0,2,0,0,0,0,2,0,0,2,2,2,2,2
33,915.139,8244.462,-141.930,66.004,0.406260,-0.913399,-0.025583,0.912646,0.406987,-0.037940,0.045066,-0.007935,0.998953,0,0.30372,-0.05503,3.835,0.114,-1,690.015,-1,747.311,-1,600.652,611.739,448.865,471.650,-1,714.041,719.018,-1,-1,-1,-1,-1,2,0,2,0,2,0,0,0,0,2,0,0,2,2,2,2,2
34,915.974,8248.571,-142.716,66.142,0.404142,-0.914267,-0.027999,0.913813,0.404908,-0.031545,0.040177,-0.012837,0.999110,0,0.30328,-0.05704,4.193,0.138,-1,674.001,-1,735.638,-1,589.105,600.906,439.570,481.241,-1,729.506,736.675,-1,-1,-1,-1,-1,2,0,2,0,2,0,0,0,0,2,0,0,2,2,2,2,2
35,916.863,8253.023,-143.615,66.308,0.401561,-0.915347,-0.029824,0.915143,0.402309,-0.025711,0.035533,-0.016969,0.999224,0,0.30277,-0.05938,4.540,0.166,-1,658.978,-1,723.746,-1,577.909,590.281,431.368,489.076,-1,745.261,753.908,-1,-1,-1,-1,-1,2,0,2,0,2,0,0,0,0,2,0,0,2,2,2,2,2
36,917.794,8257.792,-144.541,66.506,0.398462,-0.916660,-0.031023,0.916658,0.399152,-0.020411,0.031093,-0.020305,0.999310,0,0.30219,-0.06207,4.859,0.198,-1,645.035,-1,711.750,-1,567.152,579.950,424.404,495.506,-1,762.315,771.043,-1,983.477,-1,-1,-1,2,0,2,0,2,0,0,0,0,2,0,0,2,0,2,2,2
37,918.759,8262.890,-145.419,66.733,0.394879,-0.918186,-0.031694,0.918340,0.395484,-0.015626,0.026882,-0.022935,0.999375,0,0.30151,-0.06515,5.188,0.227,-1,632.205,-1,699.979,-1,556.976,570.091,418.664,500.892,-1,779.718,788.220,-1,957.957,-1,-1,-1,2,0,2,0,2,0,0,0,0,2,0,0,2,0,2,2,2
38,919.782,8268.334,-146.222,66.980,0.390954,-0.919857,-0.031917,0.920125,0.391461,-0.011323,0.022910,-0.024941,0.999426,0,0.30076,-0.06861,5.540,0.247,-1,620.434,-1,688.589,-1,547.415,560.727,414.093,505.423,-1,797.512,805.499,-1,935.009,-1,-1,-1,2,0,2,0,2,0,0,0,0,2,0,0,2,0,2,2,2
39,920.908,8274.115,-146.947,67.231,0.386952,-0.921547,-0.031923,0.921900,0.387357,-0.007439,0.019221,-0.026551,0.999463,0,0.29995,-0.07235,5.890,0.251,-1,609.619,-1,677.921,-1,538.499,552.010,410.409,509.537,-1,815.410,822.286,-1,914.307,-1,-1,-1,2,0,2,0,2,0,0,0,0,2,0,0,2,0,2,2,2
40,922.130,8280.262,-147.582,67.489,0.382819,-0.923268,-0.032044,0.923684,0.383134,-0.004117,0.016078,-0.028022,0.999478,0,0.29911,-0.07621,6.267,0.258,-1,600.045,-1,668.783,-1,530.566,544.405,407.289,513.936,-1,832.182,838.191,-1,896.638,-1,-1,-1,2,0,2,0,2,0,0,0,0,2,0,0,2,0,2,2,2
41,923.428,8286.774,-148.136,67.756,0.378516,-0.925024,-0.032502,0.925494,0.378759,-0.001441,0.013643,-0.029535,0.999471,0,0.29823,-0.08022,6.641,0.268,-1,591.820,-1,661.498,-1,523.772,538.145,404.455,519.061,-1,846.833,852.480,-1,881.808,-1,-1,-1,2,0,2,0,2,0,0,0,0,2,0,0,2,0,2,2,2
42,924.780,8293.613,-148.620,68.036,0.373996,-0.926829,-0.033385,0.927355,0.374181,0.000767,0.011781,-0.031247,0.999442,0,0.29732,-0.08442,6.971,0.280,-1,584.577,-1,655.647,-1,517.857,532.976,401.635,525.260,-1,859.681,865.185,-1,869.021,-1,-1,-1,2,0,2,0,2,0,0,0,0,2,0,0,2,0,2,2,2
43,926.176,8300.719,-148.970,68.323,0.369347,-0.928641,-0.034757,0.929236,0.369474,0.002927,0.010123,-0.033378,0.999391,0,0.29636,-0.08882,7.241,0.287,-1,577.708,-1,650.763,-1,512.386,528.438,398.642,533.239,-1,872.450,878.001,-1,856.925,-1,-1,-1,2,0,2,0,2,0,0,0,0,2,0,0,2,0,2,2,2
44,927.621,8308.046,-149.141,68.607,0.364756,-0.930380,-0.036693,0.931063,0.364821,0.005163,0.008582,-0.036046,0.999313,0,0.29537,-0.09336,7.468,0.283,-1,571.135,-1,646.939,-1,507.310,524.516,395.450,543.454,-1,885.627,891.452,-1,845.220,-1,-1,-1,2,0,2,0,2,0,0,0,0,2,0,0,2,0,2,2,2
45,929.231,8315.606,-149.184,68.865,0.360562,-0.931926,-0.038832,0.932710,0.360546,0.007670,0.006853,-0.038984,0.999216,0,0.29438,-0.09791,7.730,0.258,-1,564.335,-1,642.856,-1,502.143,520.581,392.370,555.003,-1,899.908,906.720,-1,832.991,-1,-1,-1,2,0,2,0,2,0,0,0,0,2,0,0,2,0,2,2,2
46,931.055,8323.565,-149.200,69.093,0.356844,-0.933293,-0.040330,0.934151,0.356736,0.010075,0.004984,-0.041270,0.999136,0,0.56375,-0.41799,8.165,0.228,-1,557.607,-1,637.832,-1,496.845,516.342,390.440,565.144,-1,914.846,923.286,-1,821.004,-1,-1,-1,2,0,2,0,2,0,0,0,0,2,0,0,2,0,2,2,2
47,933.133,8332.131,-149.236,69.306,0.353370,-0.934594,-0.040782,0.935478,0.353184,0.011910,0.003273,-0.042360,0.999097,0,0.56201,-0.42215,8.814,0.213,-1,551.529,-1,632.166,-1,491.740,511.936,390.250,573.219,-1,931.877,939.730,-1,810.505,-1,-1,-1,2,0,2,0,2,0,0,0,0,2,0,0,2,0,2,2,2
48,935.986,8343.137,-149.312,69.551,0.349369,-0.936116,-0.040366,0.936985,0.349083,0.014150,0.000844,-0.042766,0.999085,0,0.56027,-0.42629,11.370,0.245,-1,543.822,-1,623.793,-1,484.999,505.068,391.123,582.141,-1,955.805,962.059,-1,797.318,-1,-1,-1,2,0,2,0,2,0,0,0,0,2,0,0,2,0,2,2,2
49,938.117,8350.888,-149.392,69.701,0.346915,-0.937051,-0.039827,0.937896,0.346553,0.015877,-0.001076,-0.042861,0.999080,0,0.55816,-0.43134,8.039,0.150,-1,538.125,-1,617.370,-1,480.009,499.923,391.992,587.502,-1,974.240,978.983,-1,787.557,-1,-1,-1,2,0,2,0,2,0,0,0,0,2,0,0,2,0,2,2,2
50,941.067,8361.009,-149.531,69.860,0.344306,-0.938033,-0.039340,0.938850,0.343829,0.018525,-0.003851,-0.043313,0.999054,0,0.55677,-0.43467,10.542,0.159,-1,530.081,-1,608.711,-1,473.094,492.914,392.751,595.564,-1,1000.274,1002.825,-1,773.676,-1,-1,-1,2,0,2,0,2,0,0,0,0,2,0,0,2,0,2,2,2
51,944.370,8371.549,-149.698,69.963,0.342617,-0.938644,-0.039517,0.939447,0.341981,0.022096,-0.007227,-0.044694,0.998975,0,0.55510,-0.43866,11.045,0.103,986.915,520.528,-1,599.437,-1,465.183,485.181,392.506,607.190,-1,-1,-1,-1,756.973,-1,-1,-1,0,0,2,0,2,0,0,0,0,2,2,2,2,0,2,2,2
52,947.991,8382.460,-149.912,70.011,0.341817,-0.938921,-0.039864,0.939697,0.340966,0.026682,-0.011460,-0.046580,0.998849,0,0.55363,-0.44219,11.496,0.048,951.411,509.337,-1,588.799,-1,456.016,476.339,391.720,620.273,-1,-1,-1,-1,737.296,999.227,1005.608,-1,0,0,2,0,2,0,0,0,0,2,2,2,2,0,0,0,2
53,951.880,8393.661,-150.200,70.027,0.341528,-0.939042,-0.039480,0.939719,0.340415,0.032328,-0.016918,-0.048141,0.998697,0,0.55234,-0.44526,11.857,0.016,907.336,496.428,-1,575.587,-1,445.263,465.807,391.267,631.755,-1,-1,-1,-1,714.634,961.599,953.266,-1,0,0,2,0,2,0,0,0,0,2,2,2,2,0,0,0,2
54,956.080,8405.205,-150.577,69.989,0.342108,-0.938850,-0.039019,0.939383,0.340703,0.038486,-0.022839,-0.049820,0.998497,0,0.55116,-0.44809,12.284,-0.038,861.434,482.752,-1,561.389,-1,433.866,454.683,390.626,643.172,-1,-1,-1,-1,690.841,924.155,898.409,-1,0,0,2,0,2,0,0,0,0,2,2,2,2,0,0,0,2
55,960.657,8417.203,-151.057,69.891,0.343669,-0.938248,-0.039775,0.938684,0.341967,0.043938,-0.027622,-0.052437,0.998242,0,0.55016,-0.45047,12.841,-0.098,819.604,470.152,-1,549.753,-1,423.621,445.025,388.913,658.053,-1,-1,-1,-1,669.371,897.566,851.636,-1,0,0,2,0,2,0,0,0,0,2,2,2,2,0,0,0,2
56,965.620,8429.726,-151.584,69.758,0.345827,-0.937374,-0.041635,0.937809,0.343873,0.047596,-0.030298,-0.055505,0.997999,0,0.54936,-0.45238,13.470,-0.133,787.083,460.156,-1,541.979,-1,415.723,437.912,387.002,678.124,-1,-1,-1,-1,652.950,883.480,816.476,-1,0,0,2,0,2,0,0,0,0,2,2,2,2,0,0,0,2
57,970.957,8442.693,-152.116,69.577,0.348774,-0.936189,-0.043673,0.936674,0.346625,0.049927,-0.031603,-0.058321,0.997798,0,0.54866,-0.45406,14.023,-0.181,761.898,452.029,-1,536.424,-1,409.394,432.374,385.829,698.787,-1,-1,-1,-1,640.021,876.551,789.275,-1,0,0,2,0,2,0,0,0,0,2,2,2,2,0,0,0,2
58,977.891,8458.681,-152.640,69.309,0.353135,-0.934474,-0.045327,0.935006,0.350821,0.051857,-0.032557,-0.060694,0.997625,0,0.54810,-0.45539,17.426,-0.268,738.045,443.615,-1,530.482,-1,402.735,426.460,386.030,717.092,-1,-1,-1,-1,626.913,870.638,762.339,-1,0,0,2,0,2,0,0,0,0,2,2,2,2,0,0,0,2
59,982.821,8469.572,-152.917,69.096,0.356600,-0.933138,-0.045714,0.933665,0.354206,0.052977,-0.033243,-0.061573,0.997549,0,0.54760,-0.45660,11.956,-0.213,724.344,438.286,-1,526.213,-1,398.394,422.457,387.096,726.379,-1,-1,-1,-1,618.679,866.317,745.847,-1,0,0,2,0,2,0,0,0,0,2,2,2,2,0,0,0,2
60,989.256,8483.457,-153.161,68.816,0.361158,-0.931410,-0.045173,0.931871,0.358704,0.054290,-0.034362,-0.061702,0.997503,0,0.54737,-0.45714,15.303,-0.281,709.344,431.784,-1,520.083,-1,392.896,417.135,389.952,734.583,-1,-1,-1,-1,608.674,858.586,726.503,-1,0,0,2,0,2,0,0,0,0,2,2,2,2,0,0,0,2
61,995.942,8497.650,-153.236,68.534,0.365723,-0.929680,-0.044057,0.930040,0.363231,0.055570,-0.035659,-0.061298,0.997482,0,0.54712,-0.45774,15.689,-0.282,694.534,425.499,-1,513.659,-1,387.479,411.749,394.170,741.559,-1,-1,-1,-1,599.006,849.750,708.258,-1,0,0,2,0,2,0,0,0,0,2,2,2,2,0,0,0,2
62,1002.943,8512.018,-153.126,68.232,0.370591,-0.927832,-0.042313,0.928025,0.368043,0.057568,-0.037840,-0.060602,0.997445,0,0.54683,-0.45843,15.982,-0.302,675.911,418.506,-1,506.025,-1,381.312,405.668,399.326,747.861,-1,-1,-1,-1,587.987,836.651,687.570,-1,0,0,2,0,2,0,0,0,0,2,2,2,2,0,0,0,2
63,1010.224,8526.588,-152.894,67.880,0.376262,-0.925564,-0.041919,0.925687,0.373632,0.059177,-0.039110,-0.061070,0.997367,0,0.54660,-0.45898,16.288,-0.352,658.163,412.400,-1,500.871,-1,376.071,401.053,403.529,758.382,-1,-1,-1,-1,578.453,831.910,669.087,-1,0,0,2,0,2,0,0,0,0,2,2,2,2,0,0,0,2
64,1017.559,8541.366,-152.110,67.486,0.382664,-0.922695,-0.046927,0.923181,0.379892,0.058476,-0.036128,-0.065699,0.997185,0,0.54655,-0.45911,16.499,-0.394,647.904,410.997,-1,506.371,-1,375.861,402.853,404.000,787.140,-1,-1,-1,-1,576.745,862.046,662.943,-1,0,0,2,0,2,0,0,0,0,2,2,2,2,0,0,0,2
65,1024.597,8555.921,-150.443,67.211,0.387185,-0.920412,-0.054121,0.921560,0.384515,0.053613,-0.028536,-0.070634,0.997094,0,0.54664,-0.45888,16.167,-0.275,659.264,416.966,-1,522.644,-1,382.295,411.681,404.224,823.396,-1,-1,-1,-1,587.615,937.944,681.393,-1,0,0,2,0,2,0,0,0,0,2,2,2,2,0,0,0,2
66,1030.920,8569.754,-147.316,67.155,0.388190,-0.919804,-0.057179,0.921450,0.386348,0.040803,-0.015439,-0.068527,0.997530,0,0.54625,-0.45982,15.210,-0.056,723.418,435.970,-1,550.795,-1,398.762,429.125,416.123,839.189,-1,-1,-1,-1,621.907,-1,757.624,-1,0,0,2,0,2,0,0,0,0,2,2,2,2,0,2,0,2
67,1036.901,8583.327,-143.281,67.198,0.387545,-0.920158,-0.055834,0.921851,0.386864,0.022968,0.000466,-0.060372,0.998176,0,0.54501,-0.46278,14.832,0.043,836.042,464.292,-1,584.317,-1,421.719,451.596,438.056,838.232,-1,-1,-1,-1,675.944,-1,905.817,-1,0,0,2,0,2,0,0,0,0,2,2,2,2,0,2,0,2
68,1043.199,8596.640,-138.840,67.174,0.387876,-0.920024,-0.055745,0.921556,0.388212,0.005112,0.016938,-0.053355,0.998432,0,0.54339,-0.46667,14.728,-0.024,972.479,495.648,-1,625.402,-1,447.315,476.676,460.826,842.035,-1,-1,-1,-1,742.295,-1,-1,-1,0,0,2,0,2,0,0,0,0,2,2,2,2,0,2,2,2
69,1050.649,8608.707,-134.494,66.834,0.393208,-0.917312,-0.062660,0.918945,0.394335,-0.006250,0.030443,-0.055124,0.998015,0,0.54206,-0.46985,14.182,-0.340,-1,519.949,-1,673.409,-1,469.489,501.694,471.520,861.245,-1,-1,-1,-1,797.696,-1,-1,-1,2,0,2,0,2,0,0,0,0,2,2,2,2,0,2,2,2
70,1058.394,8620.565,-130.813,66.357,0.400686,-0.913295,-0.073092,0.915268,0.402623,-0.013403,0.041670,-0.061529,0.997235,0,0.56089,-0.34740,14.164,-0.477,-1,537.886,-1,724.958,-1,487.759,525.724,472.929,888.370,815.198,-1,-1,-1,845.620,-1,-1,-1,2,0,2,0,2,0,0,0,0,0,2,2,2,0,2,2,2
71,1066.182,8632.527,-128.029,65.799,0.409400,-0.908376,-0.085123,0.910911,0.412216,-0.017867,0.051318,-0.070225,0.996210,0,0.56161,-0.34574,14.274,-0.558,-1,550.626,-1,780.098,-1,502.494,547.860,466.556,919.288,699.991,-1,-1,-1,883.477,-1,-1,-1,2,0,2,0,2,0,0,0,0,0,2,2,2,0,2,2,2
72,1073.977,8644.624,-126.180,65.205,0.418638,-0.902953,-0.097050,0.906206,0.422343,-0.020433,0.059438,-0.079393,0.995070,0,0.56266,-0.34331,14.391,-0.594,-1,558.756,-1,838.867,-1,515.297,566.506,457.888,949.602,656.184,-1,-1,-1,913.662,-1,-1,-1,2,0,2,0,2,0,0,0,0,0,2,2,2,0,2,2,2
73,1081.823,8656.830,-125.257,64.631,0.427520,-0.897599,-0.107439,0.901614,0.432007,-0.021515,0.065727,-0.087671,0.993979,0,0.56385,-0.34058,14.510,-0.574,-1,562.565,-1,889.460,-1,524.065,580.739,448.744,968.651,622.234,-1,-1,-1,935.756,-1,-1,-1,2,0,2,0,2,0,0,0,0,0,2,2,2,0,2,2,2
74,1091.381,8671.597,-125.263,64.005,0.437211,-0.891808,-0.116294,0.896621,0.442303,-0.020950,0.070121,-0.095112,0.992994,0,0.56492,-0.33810,17.590,-0.626,-1,561.516,-1,937.861,-1,527.383,589.878,438.266,984.411,600.833,-1,-1,-1,945.014,-1,-1,-1,2,0,2,0,2,0,0,0,0,0,2,2,2,0,2,2,2
75,1097.813,8681.474,-125.907,63.626,0.443123,-0.888458,-0.119519,0.893668,0.448315,-0.019283,0.070714,-0.098265,0.992645,0,0.56591,-0.33581,11.786,-0.380,-1,556.044,-1,950.042,-1,524.446,589.880,432.184,989.790,596.213,-1,-1,-1,938.654,-1,-1,-1,2,0,2,0,2,0,0,0,0,0,2,2,2,0,2,2,2
76,1105.872,8693.865,-127.364,63.192,0.449945,-0.884946,-0.120086,0.890438,0.454841,-0.015500,0.068337,-0.099954,0.992643,0,0.56639,-0.33469,14.782,-0.433,-1,543.344,-1,937.943,-1,514.305,581.979,425.894,990.137,600.968,-1,-1,-1,912.836,-1,-1,-1,2,0,2,0,2,0,0,0,0,0,2,2,2,0,2,2,2
77,1113.975,8706.210,-129.460,62.826,0.455820,-0.882410,-0.116531,0.887923,0.459898,-0.009310,0.061808,-0.099227,0.993143,0,0.56681,-0.33373,14.766,-0.366,-1,523.402,-1,893.373,-1,496.291,563.442,421.020,983.660,620.443,-1,-1,-1,866.253,-1,-1,-1,2,0,2,0,2,0,0,0,0,0,2,2,2,0,2,2,2
78,1122.145,8718.578,-132.271,62.498,0.461155,-0.880521,-0.109634,0.885803,0.464061,-0.001121,0.051864,-0.096597,0.993971,0,0.56693,-0.33345,14.823,-0.328,948.001,497.650,-1,826.892,-1,472.074,536.446,416.520,971.490,652.424,-1,-1,-1,806.370,-1,-1,-1,0,0,2,0,2,0,0,0,0,0,2,2,2,0,2,2,2
79,1130.397,8731.026,-135.882,62.194,0.466114,-0.878986,-0.100599,0.883849,0.467689,0.008770,0.039340,-0.093002,0.994888,0,0.56688,-0.33358,14.935,-0.304,837.523,468.076,-1,753.526,-1,443.392,503.291,410.581,955.763,699.221,-1,-1,-1,736.735,-1,-1,-1,0,0,2,0,2,0,0,0,0,0,2,2,2,0,2,2,2
80,1138.804,8743.519,-140.290,61.883,0.471138,-0.877412,-0.090428,0.881720,0.471318,0.020711,0.024448,-0.089490,0.995688,0,0.56670,-0.33399,15.058,-0.312,716.190,434.787,-1,679.453,-1,411.165,467.334,402.892,934.514,758.402,-1,-1,-1,662.959,-1,941.218,-1,0,0,2,0,2,0,0,0,0,0,2,2,2,0,2,0,2
81,1147.243,8756.362,-144.980,61.647,0.474874,-0.876674,-0.077047,0.879987,0.474091,0.029338,0.010808,-0.081732,0.996596,0,0.56653,-0.33437,15.368,-0.236,626.583,405.631,-1,611.362,-1,382.164,433.579,399.332,900.623,-1,-1,-1,-1,605.143,-1,736.243,-1,0,0,2,0,2,0,0,0,0,2,2,2,2,0,2,0,2
82,1157.974,8772.108,-150.029,61.403,0.478646,-0.876014,-0.059143,0.878008,0.477616,0.031386,0.000753,-0.066951,0.997756,0,0.56599,-0.33561,19.055,-0.244,584.041,383.063,-1,555.868,-1,358.319,404.168,402.046,836.574,-1,-1,-1,-1,566.803,-1,642.780,-1,0,0,2,0,2,0,0,0,0,2,2,2,2,0,2,0,2
83,1165.692,8782.543,-152.597,61.178,0.482082,-0.874788,-0.048408,0.876125,0.481239,0.028536,-0.001667,-0.056168,0.998420,0,0.56512,-0.33764,12.978,-0.224,582.309,375.557,-1,533.913,-1,349.540,392.694,406.950,795.495,-1,-1,-1,-1,559.223,-1,631.859,-1,0,0,2,0,2,0,0,0,0,2,2,2,2,0,2,0,2
84,1175.566,8795.326,-154.409,60.885,0.486559,-0.872932,-0.035365,0.873648,0.486140,0.020180,-0.000423,-0.040715,0.999171,0,0.56479,-0.33839,16.153,-0.293,619.637,375.151,-1,519.592,-1,346.600,386.886,419.287,737.152,-1,-1,-1,-1,569.961,-1,684.174,-1,0,0,2,0,2,0,0,0,0,2,2,2,2,0,2,0,2
85,1185.747,8807.897,-154.502,60.493,0.492534,-0.869950,-0.024440,0.870291,0.492406,0.011412,0.002107,-0.026890,0.999636,0,0.56445,-0.33918,16.177,-0.393,683.950,380.734,-1,514.689,-1,348.654,386.916,433.797,670.387,-1,-1,-1,-1,590.742,-1,779.686,-1,0,0,2,0,2,0,0,0,0,2,2,2,2,0,2,0,2
86,1196.011,8820.486,-153.067,60.070,0.498941,-0.866490,-0.015928,0.866629,0.498927,0.005097,0.003531,-0.016347,0.999860,0,0.56455,-0.33895,16.243,-0.423,750.896,386.862,-1,514.874,-1,353.300,389.165,447.177,637.607,-1,-1,-1,-1,611.323,-1,904.121,-1,0,0,2,0,2,0,0,0,0,2,2,2,2,0,2,0,2
87,1206.120,8833.316,-150.346,59.679,0.504841,-0.863164,-0.009182,0.863205,0.504852,0.001263,0.003545,-0.008564,0.999957,0,0.56476,-0.33846,16.334,-0.391,815.975,393.399,-1,518.009,-1,358.505,392.391,459.806,621.525,-1,-1,-1,-1,633.022,-1,-1,-1,0,0,2,0,2,0,0,0,0,2,2,2,2,0,2,2,2
88,1215.885,8846.706,-146.841,59.389,0.509204,-0.860642,-0.002528,0.860640,0.509210,-0.002250,0.003224,-0.001030,0.999994,0,0.56480,-0.33837,16.572,-0.290,887.024,401.154,-1,523.521,-1,364.321,397.025,474.262,609.029,-1,-1,-1,-1,656.372,-1,-1,-1,0,0,2,0,2,0,0,0,0,2,2,2,2,0,2,2,2
89,1225.291,8860.548,-143.008,59.226,0.511657,-0.859178,0.004459,0.859186,0.511633,-0.005639,0.002563,0.006716,0.999974,0,0.55077,-0.47320,16.735,-0.163,974.159,408.940,-1,528.605,-1,369.838,401.694,490.410,594.799,-1,-1,-1,-1,682.144,-1,-1,-1,0,0,2,0,2,0,0,0,0,2,2,2,2,0,2,2,2
90,1234.372,8874.787,-139.205,59.194,0.512140,-0.858821,0.011819,0.858901,0.512069,-0.008595,0.001330,0.014553,0.999893,0,0.54973,-0.47567,16.888,-0.032,-1,415.548,-1,531.611,-1,374.016,404.998,507.366,582.281,-1,-1,-1,-1,705.168,-1,-1,-1,2,0,2,0,2,0,0,0,0,2,2,2,2,0,2,2,2
91,1243.344,8889.278,-135.719,59.222,0.511719,-0.858949,0.018720,0.859153,0.511608,-0.010684,-0.000401,0.021551,0.999768,0,0.54808,-0.47957,17.044,0.028,-1,420.162,-1,532.833,-1,376.524,406.815,522.758,571.612,-1,-1,-1,-1,723.117,-1,-1,-1,2,0,2,0,2,0,0,0,0,2,2,2,2,0,2,2,2
92,1252.297,8903.952,-132.754,59.271,0.510975,-0.859232,0.025010,0.859592,0.510835,-0.012186,-0.002306,0.027725,0.999613,0,0.54614,-0.48416,17.190,0.050,-1,422.703,-1,532.589,-1,378.612,407.327,535.927,561.676,-1,-1,-1,-1,736.385,-1,-1,-1,2,0,2,0,2,0,0,0,0,2,2,2,2,0,2,2,2
93,1261.314,8918.887,-130.584,59.345,0.509865,-0.859687,0.031234,0.860249,0.509654,-0.014996,-0.003027,0.034515,0.999400,0,0.54408,-0.48903,17.446,0.074,-1,427.077,-1,532.263,-1,380.835,408.235,548.749,547.952,-1,-1,-1,-1,752.298,-1,-1,-1,2,0,2,0,2,0,0,0,0,2,2,2,2,0,2,2,2
94,1270.665,8933.905,-129.328,59.362,0.509618,-0.859634,0.036318,0.860398,0.509280,-0.018704,-0.002418,0.040780,0.999165,0,0.54188,-0.49425,17.692,0.017,-1,433.060,-1,532.396,-1,383.105,409.481,558.642,532.026,-1,-1,-1,-1,769.948,-1,-1,-1,2,0,2,0,2,0,0,0,0,2,2,2,2,0,2,2,2
95,1280.294,8949.001,-128.912,59.323,0.510199,-0.859103,0.040487,0.860056,0.509660,-0.023458,-0.000481,0.046789,0.998905,0,0.53989,-0.49895,17.906,-0.039,-1,439.970,-1,533.998,-1,385.904,411.726,566.138,516.102,-1,-1,-1,-1,790.924,-1,-1,-1,2,0,2,0,2,0,0,0,0,2,2,2,2,0,2,2,2
96,1290.188,8964.112,-129.151,59.248,0.511323,-0.858290,0.043445,0.859383,0.510474,-0.029622,0.003247,0.052482,0.998617,0,0.53811,-0.50317,18.062,-0.075,-1,448.669,-1,539.933,-1,390.649,416.027,571.605,500.137,-1,-1,-1,-1,819.079,-1,-1,-1,2,0,2,0,2,0,0,0,0,2,2,2,2,0,2,2,2
97,1299.884,8978.072,-128.995,59.213,0.511816,-0.857885,0.045581,0.859012,0.510311,-0.040998,0.011911,0.060138,0.998119,0,0.53647,-0.50707,16.997,-0.035,-1,469.385,-1,559.350,-1,404.193,429.171,583.242,482.551,-1,-1,-1,-1,882.924,-1,-1,-1,2,0,2,0,2,0,0,0,0,2,2,2,2,0,2,2,2
98,1309.215,8991.015,-127.286,59.089,0.513472,-0.857010,0.043373,0.857589,0.510750,-0.060625,0.029803,0.068325,0.997218,0,0.53477,-0.51108,15.955,-0.123,-1,518.755,-1,612.471,-1,439.837,462.755,601.507,470.389,-1,-1,-1,-1,-1,-1,-1,-1,2,0,2,0,2,0,0,0,0,2,2,2,2,2,2,2,2
99,1318.659,9003.437,-123.979,58.834,0.516748,-0.855441,0.034533,0.854400,0.512710,-0.084430,0.054519,0.073134,0.995831,0,0.53357,-0.51393,15.605,-0.255,-1,595.435,-1,706.078,-1,496.605,519.058,617.902,470.580,-1,-1,-1,-1,-1,-1,-1,-1,2,0,2,0,2,0,0,0,0,2,2,2,2,2,2,2,2
100,1328.783,9014.806,-119.897,58.282,0.524121,-0.851419,0.019563,0.848036,0.519651,-0.103917,0.078311,0.071055,0.994394,0,0.53297,-0.51536,15.223,-0.552,-1,680.127,-1,834.706,-1,561.830,587.657,620.800,487.034,-1,-1,-1,993.197,-1,-1,-1,-1,2,0,2,0,2,0,0,0,0,2,2,2,0,2,2,2,2
101,1339.414,9024.967,-115.976,57.358,0.536804,-0.843707,0.000223,0.838035,0.533164,-0.115900,0.097667,0.062403,0.993261,0,0.43993,-0.18633,14.707,-0.924,-1,756.619,-1,998.087,-1,625.513,656.542,607.927,517.665,-1,1004.867,-1,947.630,-1,-1,-1,-1,2,0,2,0,2,0,0,0,0,2,0,2,0,2,2,2,2
102,1349.895,9034.992,-112.759,56.327,0.550836,-0.834359,-0.020631,0.826786,0.548881,-0.123105,0.114038,0.050753,0.992179,0,0.44192,-0.18060,14.503,-1.031,-1,824.776,-1,-1,-1,685.414,724.918,587.334,556.830,-1,823.843,858.726,938.224,-1,-1,-1,-1,2,0,2,2,2,0,0,0,0,2,0,0,0,2,2,2,2
103,1360.510,9044.875,-110.349,55.315,0.564380,-0.824363,-0.043595,0.815531,0.564965,-0.125394,0.128000,0.035216,0.991149,0,0.44430,-0.17377,14.504,-1.012,-1,880.076,-1,-1,-1,740.509,791.769,557.397,603.375,-1,688.368,596.385,957.191,-1,-1,-1,-1,2,0,2,2,2,0,0,0,0,2,0,0,0,2,2,2,2
104,1371.112,9054.765,-108.927,54.340,0.577175,-0.813849,-0.067216,0.804420,0.580798,-0.124830,0.140632,0.017979,0.989899,0,0.44661,-0.16714,14.498,-0.975,-1,928.199,-1,-1,-1,793.864,864.540,520.526,652.464,-1,603.152,516.136,988.416,-1,-1,-1,-1,2,0,2,2,2,0,0,0,0,2,0,0,0,2,2,2,2
105,1381.701,9064.770,-108.633,53.421,0.588915,-0.803070,-0.090875,0.793583,0.595885,-0.123073,0.152987,0.000363,0.988228,0,0.44878,-0.16090,14.568,-0.919,-1,974.527,-1,-1,-1,847.774,945.538,483.767,702.539,-1,532.699,465.557,-1,-1,-1,-1,-1,2,0,2,2,2,0,0,0,0,2,0,0,2,2,2,2,2
106,1392.373,9074.809,-109.550,52.534,0.599912,-0.791791,-0.114774,0.782772,0.610539,-0.120453,0.165447,-0.017581,0.986062,0,0.45074,-0.15528,14.652,-0.887,-1,-1,-1,-1,-1,909.015,-1,445.494,748.356,900.059,466.522,414.457,-1,-1,-1,-1,-1,2,2,2,2,2,0,2,0,0,0,0,0,2,2,2,2,2
107,1403.085,9084.822,-111.510,51.692,0.610137,-0.780346,-0.137087,0.772337,0.624388,-0.116768,0.176715,-0.034633,0.983653,0,0.45257,-0.15001,14.663,-0.842,-1,-1,-1,-1,-1,973.447,-1,409.157,790.242,801.429,407.788,372.915,-1,-1,-1,-1,-1,2,2,2,2,2,0,2,0,0,0,0,0,2,2,2,2,2
108,1413.542,9094.600,-113.826,50.995,0.618975,-0.771027,-0.149623,0.764246,0.635192,-0.111619,0.181101,-0.045260,0.982423,0,0.45424,-0.14522,14.316,-0.696,-1,-1,-1,-1,-1,-1,-1,383.301,811.249,735.472,380.432,353.114,-1,-1,-1,-1,-1,2,2,2,2,2,2,2,0,0,0,0,0,2,2,2,2,2
109,1423.737,9103.998,-116.298,50.452,0.626668,-0.764632,-0.150419,0.758920,0.642653,-0.105057,0.176998,-0.048320,0.983024,0,0.45542,-0.14182,13.867,-0.543,-1,-1,-1,-1,-1,988.745,-1,367.848,810.239,725.107,384.826,358.680,-1,-1,-1,-1,-1,2,2,2,2,2,0,2,0,0,0,0,0,2,2,2,2,2
110,1433.554,9113.028,-118.914,50.040,0.633562,-0.761143,-0.138784,0.756123,0.647142,-0.097396,0.163946,-0.043232,0.985522,0,0.45611,-0.13986,13.339,-0.412,-1,959.913,-1,-1,-1,909.780,-1,362.566,785.166,772.250,425.793,394.284,-1,-1,-1,-1,-1,2,0,2,2,2,0,2,0,0,0,0,0,2,2,2,2,2
111,1443.029,9121.866,-121.662,49.768,0.639104,-0.760271,-0.116339,0.755416,0.648921,-0.090821,0.144543,-0.029840,0.989048,0,0.45637,-0.13909,12.957,-0.272,-1,873.764,-1,-1,-1,815.376,953.544,367.809,733.451,885.492,507.806,460.788,-1,-1,-1,-1,-1,2,0,2,2,2,0,0,0,0,0,0,0,2,2,2,2,2
112,1452.502,9130.496,-124.227,49.613,0.642890,-0.760950,-0.087451,0.755745,0.648752,-0.089276,0.124668,-0.008696,0.992160,0,0.45618,-0.13966,12.814,-0.155,-1,810.578,-1,-1,-1,735.033,839.187,385.111,663.468,-1,618.779,553.234,-1,-1,-1,-1,-1,2,0,2,2,2,0,0,0,0,2,0,0,2,2,2,2,2
113,1462.373,9139.029,-126.551,49.508,0.645547,-0.761530,-0.057805,0.756040,0.647929,-0.092693,0.108042,0.016135,0.994015,0,0.45558,-0.14137,13.048,-0.106,-1,769.772,-1,-1,-1,677.913,758.307,410.780,583.329,-1,734.325,656.765,-1,-1,-1,-1,-1,2,0,2,2,2,0,0,0,0,2,0,0,2,2,2,2,2
114,1472.580,9147.676,-128.642,49.403,0.647865,-0.761188,-0.029395,0.755967,0.647211,-0.098144,0.093731,0.041363,0.994738,0,0.45480,-0.14360,13.377,-0.104,-1,740.825,-1,-1,-1,636.302,696.254,441.096,512.189,-1,849.169,797.975,-1,-1,-1,-1,-1,2,0,2,2,2,0,0,0,0,2,0,0,2,2,2,2,2
115,1482.895,9156.402,-130.487,49.323,0.649766,-0.760130,-0.002349,0.756026,0.646573,-0.101824,0.078919,0.064386,0.994800,0,0.45399,-0.14593,13.511,-0.081,-1,710.196,-1,-1,-1,597.852,641.029,473.054,453.489,-1,971.724,-1,997.432,-1,-1,-1,-1,2,0,2,2,2,0,0,0,0,2,0,2,0,2,2,2,2
116,1493.255,9165.438,-131.550,49.257,0.651287,-0.758549,0.020713,0.756050,0.646323,-0.103226,0.064914,0.082889,0.994442,0,0.49582,-0.98841,13.747,-0.065,-1,681.587,-1,897.829,-1,565.790,598.032,501.378,411.426,-1,-1,-1,961.918,-1,-1,-1,-1,2,0,2,0,2,0,0,0,0,2,2,2,0,2,2,2,2
117,1503.819,9174.984,-131.184,49.175,0.652724,-0.756838,0.033874,0.755534,0.647000,-0.102761,0.055857,0.092667,0.994129,0,0.49472,-0.99130,14.238,-0.082,-1,665.652,-1,840.172,-1,549.325,576.513,517.687,393.256,-1,-1,-1,969.412,-1,-1,-1,-1,2,0,2,0,2,0,0,0,0,2,2,2,0,2,2,2,2
118,1514.585,9185.002,-129.697,49.003,0.655118,-0.754606,0.037292,0.753714,0.649333,-0.101403,0.052304,0.094538,0.994146,0,0.49361,-0.99421,14.706,-0.172,-1,663.290,-1,833.968,-1,547.608,574.642,520.344,391.299,-1,-1,-1,998.320,-1,-1,-1,-1,2,0,2,0,2,0,0,0,0,2,2,2,0,2,2,2,2
119,1525.710,9195.348,-127.591,48.712,0.658887,-0.751522,0.032900,0.750302,0.653420,-0.100447,0.053991,0.090868,0.994398,0,0.49278,-0.99639,15.192,-0.292,-1,674.458,-1,868.968,-1,558.920,590.570,512.534,400.322,-1,-1,-1,-1,-1,-1,-1,-1,2,0,2,0,2,0,0,0,0,2,2,2,2,2,2,2,2
120,1537.160,9205.771,-125.434,48.312,0.663922,-0.747423,0.023780,0.745496,0.659046,-0.099473,0.058677,0.083770,0.994756,0,0.49235,-0.99753,15.484,-0.399,-1,693.002,-1,931.344,-1,579.929,617.773,497.665,416.636,-1,-1,-1,-1,-1,-1,-1,-1,2,0,2,0,2,0,0,0,0,2,2,2,2,2,2,2,2
121,1548.420,9216.425,-123.602,47.919,0.668783,-0.743326,0.014001,0.740656,0.664511,-0.099265,0.064483,0.076757,0.994963,0,0.49229,-0.99768,15.501,-0.393,-1,714.356,-1,992.506,-1,603.627,648.130,482.778,431.975,-1,-1,-1,-1,-1,-1,-1,-1,2,0,2,0,2,0,0,0,0,2,2,2,2,2,2,2,2
122,1559.850,9227.247,-122.292,47.515,0.673673,-0.739020,0.003588,0.735572,0.670045,-0.099866,0.071399,0.069916,0.994994,0,0.49218,-0.99796,15.741,-0.404,-1,738.565,-1,-1,-1,629.942,682.392,466.857,446.274,-1,-1,-1,-1,-1,-1,-1,-1,2,0,2,2,2,0,0,0,0,2,2,2,2,2,2,2,2
123,1571.701,9237.881,-121.614,47.021,0.679591,-0.733542,-0.008571,0.729319,0.676846,-0.099865,0.079057,0.061616,0.994964,0,0.49208,-0.99822,15.922,-0.494,-1,764.038,-1,-1,-1,660.538,723.174,447.499,462.403,-1,-1,-1,-1,-1,-1,-1,-1,2,0,2,2,2,0,0,0,0,2,2,2,2,2,2,2,2
124,1583.849,9248.302,-121.505,46.461,0.686289,-0.727030,-0.020866,0.722207,0.684574,-0.098868,0.086164,0.052782,0.994882,0,0.49231,-0.99762,16.005,-0.561,-1,796.503,-1,-1,-1,693.352,763.883,426.615,478.893,-1,-1,985.629,-1,-1,-1,-1,-1,2,0,2,2,2,0,0,0,0,2,2,0,2,2,2,2,2
125,1596.079,9258.354,-121.543,45.870,0.693508,-0.719904,-0.028020,0.714892,0.692459,-0.097108,0.089311,0.047314,0.994879,0,0.49280,-0.99635,15.831,-0.591,-1,816.859,-1,-1,-1,714.683,791.165,411.669,488.674,-1,992.960,955.148,-1,-1,-1,-1,-1,2,0,2,2,2,0,0,0,0,2,0,0,2,2,2,2,2
126,1608.329,9268.068,-121.624,45.316,0.700508,-0.713091,-0.028112,0.708281,0.699524,-0.094890,0.087330,0.046560,0.995091,0,0.49342,-0.99472,15.634,-0.554,-1,819.819,-1,-1,-1,718.578,796.383,404.565,488.684,-1,-1,978.796,-1,-1,-1,-1,-1,2,0,2,2,2,0,0,0,0,2,2,0,2,2,2,2,2
127,1620.620,9277.324,-121.706,44.821,0.707049,-0.706864,-0.020609,0.702649,0.705524,-0.092301,0.079785,0.050780,0.995518,0,0.49392,-0.99340,15.386,-0.495,-1,803.738,-1,-1,-1,703.806,776.080,406.956,477.767,-1,-1,-1,-1,-1,-1,-1,-1,2,0,2,2,2,0,0,0,0,2,2,2,2,2,2,2,2
128,1633.199,9286.167,-121.949,44.330,0.713650,-0.700453,-0.008377,0.697146,0.711348,-0.089285,0.068499,0.057878,0.995971,0,0.49423,-0.99259,15.376,-0.491,-1,775.653,-1,-1,-1,677.224,741.952,414.879,460.379,-1,-1,-1,-1,-1,-1,-1,-1,2,0,2,2,2,0,0,0,0,2,2,2,2,2,2,2,2
129,1646.144,9294.716,-122.491,43.821,0.720399,-0.693531,0.006341,0.691334,0.717326,-0.086609,0.055517,0.066777,0.996222,0,0.49454,-0.99176,15.513,-0.509,-1,744.857,-1,995.668,-1,646.907,703.370,425.371,439.798,-1,-1,-1,-1,-1,-1,-1,-1,2,0,2,0,2,0,0,0,0,2,2,2,2,2,2,2,2
130,1659.503,9303.111,-123.316,43.284,0.727295,-0.685991,0.021427,0.684985,0.723570,-0.085097,0.042871,0.076568,0.996142,0,0.49493,-0.99076,15.778,-0.537,-1,718.764,-1,938.246,-1,619.749,668.140,437.308,417.943,-1,-1,-1,-1,-1,-1,-1,-1,2,0,2,0,2,0,0,0,0,2,2,2,2,2,2,2,2
131,1673.343,9311.728,-124.047,42.757,0.733823,-0.678560,0.032568,0.678514,0.729722,-0.084403,0.033507,0.084035,0.995899,0,0.49539,-0.98953,16.303,-0.527,-1,705.607,-1,897.793,-1,603.471,646.226,446.001,401.340,-1,-1,-1,-1,-1,-1,-1,-1,2,0,2,0,2,0,0,0,0,2,2,2,2,2,2,2,2
132,1687.620,9320.549,-124.514,42.181,0.740750,-0.670641,0.039115,0.671229,0.736526,-0.083549,0.027222,0.088144,0.995736,0,0.49576,-0.98857,16.783,-0.576,-1,701.802,-1,872.760,-1,596.915,636.435,449.409,391.604,-1,-1,-1,-1,-1,-1,-1,-1,2,0,2,0,2,0,0,0,0,2,2,2,2,2,2,2,2
133,1702.226,9329.501,-124.602,41.547,0.748212,-0.662137,0.041880,0.663068,0.744107,-0.081522,0.022816,0.088764,0.995791,0,0.49625,-0.98727,17.131,-0.634,-1,703.135,-1,858.386,-1,596.799,634.464,447.195,388.732,-1,-1,-1,-1,980.276,-1,-1,-1,2,0,2,0,2,0,0,0,0,2,2,2,2,1,2,2,2
134,1717.096,9338.629,-124.328,40.917,0.755505,-0.653809,0.041792,0.654837,0.751664,-0.078677,0.020026,0.086808,0.996024,0,0.49692,-0.98553,17.448,-0.630,-1,709.303,-1,852.310,-1,601.800,639.036,441.761,392.172,-1,-1,-1,-1,945.199,-1,-1,-1,2,0,2,0,2,0,0,0,0,2,2,2,2,1,2,2,2
135,1732.253,9347.575,-123.899,40.249,0.763134,-0.644941,0.040958,0.646011,0.759642,-0.074923,0.017208,0.083636,0.996348,0,0.49752,-0.98394,17.600,-0.668,-1,717.133,-1,847.815,-1,607.431,644.720,437.238,398.679,-1,-1,-1,-1,909.995,-1,-1,-1,2,0,2,0,2,0,0,0,0,2,2,2,2,1,2,2,2
136,1747.539,9356.131,-123.405,39.563,0.770861,-0.635624,0.041912,0.636875,0.767711,-0.070782,0.012815,0.081256,0.996611,0,0.49826,-0.98202,17.518,-0.686,-1,720.617,-1,838.456,-1,609.711,646.348,434.729,403.990,-1,-1,-1,-1,875.370,-1,-1,-1,2,0,2,0,2,0,0,0,0,2,2,2,2,1,2,2,2
137,1762.951,9364.560,-122.961,38.877,0.778474,-0.626059,0.045047,0.627634,0.775572,-0.067555,0.007356,0.080863,0.996698,0,0.49907,-0.97988,17.567,-0.686,-1,722.045,-1,824.403,-1,609.341,644.388,435.763,405.530,-1,-1,-1,-1,841.472,-1,-1,-1,2,0,2,0,2,0,0,0,0,2,2,2,2,1,2,2,2
138,1778.579,9372.835,-122.643,38.208,0.785768,-0.616581,0.048954,0.618519,0.783072,-0.065059,0.001780,0.081400,0.996680,0,0.44095,-0.96685,17.684,-0.669,-1,723.516,-1,809.241,-1,608.079,640.785,438.254,405.034,-1,-1,-1,-1,808.430,-1,-1,-1,2,0,2,0,2,0,0,0,0,2,2,2,2,1,2,2,2
139,1794.355,9380.994,-122.489,37.562,0.792689,-0.607275,0.053498,0.609613,0.790201,-0.062888,-0.004084,0.082464,0.996586,0,0.44159,-0.96495,17.761,-0.646,-1,723.694,-1,792.829,-1,605.539,635.596,441.300,403.084,-1,-1,-1,-1,776.308,-1,-1,-1,2,0,2,0,2,0,0,0,0,2,2,2,2,1,2,2,2
140,1810.316,9388.764,-122.574,36.868,0.799970,-0.597153,0.058786,0.599941,0.797771,-0.060273,-0.010906,0.083485,0.996449,0,0.44214,-0.96333,17.751,-0.694,-1,720.449,-1,773.922,-1,600.241,627.597,444.524,400.669,-1,-1,-1,-1,744.171,-1,-1,-1,2,0,2,0,2,0,0,0,0,2,2,2,2,1,2,2,2
141,1826.516,9396.384,-122.956,36.163,0.807219,-0.586817,0.063590,0.589999,0.805330,-0.057827,-0.017277,0.084197,0.996299,0,0.44285,-0.96120,17.903,-0.705,-1,717.165,-1,756.234,-1,595.525,620.380,447.537,398.920,-1,-1,-1,-1,712.400,-1,-1,-1,2,0,2,0,2,0,0,0,0,2,2,2,2,1,2,2,2
142,1843.001,9403.777,-123.600,35.427,0.814642,-0.576057,0.067207,0.579525,0.813050,-0.055687,-0.022564,0.084313,0.996184,0,0.44359,-0.95901,18.067,-0.736,-1,717.032,-1,740.708,-1,593.194,615.273,449.029,397.521,-1,-1,-1,-1,680.754,-1,-1,-1,2,0,2,0,2,0,0,0,0,2,2,2,2,1,2,2,2
143,1859.718,9410.956,-124.451,34.671,0.822125,-0.564992,0.069965,0.568658,0.820830,-0.053539,-0.027181,0.083802,0.996112,0,0.44441,-0.95656,18.193,-0.756,-1,689.746,-1,727.020,-1,591.676,609.814,448.923,396.609,-1,-1,-1,-1,649.445,-1,-1,-1,2,1,2,0,2,0,0,0,0,2,2,2,2,1,2,2,2
144,1876.552,9418.053,-125.337,33.936,0.829262,-0.554178,0.072184,0.557992,0.828234,-0.051711,-0.031128,0.083160,0.996050,0,0.44529,-0.95394,18.269,-0.736,-1,657.726,-1,713.527,-1,591.661,605.687,448.602,395.893,-1,-1,-1,-1,618.975,-1,-1,-1,2,1,2,0,2,0,0,0,0,2,2,2,2,1,2,2,2
145,1893.484,9425.155,-126.283,33.227,0.835997,-0.543637,0.074616,0.547617,0.835216,-0.050296,-0.034978,0.082908,0.995943,0,0.44608,-0.95158,18.361,-0.709,-1,636.630,-1,699.886,-1,591.631,601.539,448.896,395.205,-1,-1,-1,-1,589.300,1005.034,-1,-1,2,1,2,0,2,0,0,0,0,2,2,2,2,1,0,2,2
146,1910.514,9432.035,-127.134,32.502,0.842720,-0.532766,0.077351,0.536914,0.842244,-0.048469,-0.039326,0.082376,0.995825,0,0.44676,-0.94957,18.367,-0.725,-1,615.991,-1,685.865,-1,590.689,596.703,449.059,395.291,-1,-1,-1,-1,560.062,983.267,-1,-1,2,1,2,0,2,0,0,0,0,2,2,2,2,1,0,2,2
147,1927.696,9438.124,-127.934,31.671,0.850229,-0.520278,0.080141,0.524513,0.850210,-0.045056,-0.044695,0.080343,0.995765,0,0.44748,-0.94742,18.229,-0.831,-1,596.386,-1,671.020,-1,585.473,590.514,447.022,396.796,-1,-1,-1,-1,534.325,960.739,-1,-1,2,1,2,0,2,0,0,0,0,2,2,2,2,1,0,2,2
148,1944.981,9444.044,-128.835,30.854,0.857409,-0.507888,0.083069,0.512223,0.857811,-0.042281,-0.049784,0.078802,0.995646,0,0.44861,-0.94407,18.270,-0.816,-1,576.939,-1,656.506,-1,580.059,584.110,445.901,397.423,-1,-1,-1,-1,516.449,937.077,-1,-1,2,1,2,0,2,0,0,0,0,2,2,2,2,1,0,2,2
149,1962.476,9449.924,-129.939,30.056,0.864267,-0.495743,0.085335,0.500118,0.865042,-0.039806,-0.054085,0.077080,0.995557,0,0.44967,-0.94091,18.457,-0.798,-1,712.525,-1,643.374,-1,575.868,574.625,444.083,397.962,-1,-1,-1,-1,-1,915.446,-1,-1,2,0,2,0,2,0,0,0,0,2,2,2,2,2,0,2,2
150,1983.671,9456.698,-131.448,29.107,0.872205,-0.481242,0.087542,0.485593,0.873414,-0.036704,-0.058797,0.074524,0.995484,0,0.45064,-0.93803,22.251,-0.950,-1,706.560,-1,628.684,953.871,571.334,563.628,440.230,398.931,-1,-1,-1,-1,-1,891.394,-1,-1,2,0,2,0,0,0,0,0,0,2,2,2,2,2,0,2,2
151,1997.874,9461.114,-132.519,28.487,0.877250,-0.471720,0.088956,0.476045,0.878733,-0.034792,-0.061757,0.072869,0.995428,0,0.45176,-0.93469,14.874,-0.620,-1,702.990,-1,619.182,929.310,568.210,556.562,437.649,399.397,-1,-1,-1,-1,-1,875.976,502.594,-1,2,0,2,0,0,0,0,0,0,2,2,2,2,2,0,1,2
152,2015.700,9466.804,-133.827,27.761,0.883012,-0.460498,0.090721,0.464801,0.884808,-0.032766,-0.065182,0.071100,0.995337,0,0.45245,-0.93265,18.711,-0.725,-1,699.093,-1,607.833,900.407,563.805,548.302,435.007,399.749,-1,-1,-1,-1,-1,857.562,475.987,-1,2,0,2,0,0,0,0,0,0,2,2,2,2,2,0,1,2
153,2033.612,9472.310,-135.019,27.040,0.888549,-0.449293,0.092830,0.453524,0.890743,-0.029883,-0.069261,0.068653,0.995233,0,0.51344,-0.73305,18.740,-0.721,-1,686.712,-1,596.115,872.018,553.966,539.499,431.683,401.293,-1,-1,-1,-1,-1,838.519,449.791,-1,2,0,2,0,0,0,0,0,0,2,2,2,2,2,0,1,2
154,2051.817,9477.950,-136.390,26.352,0.893683,-0.438571,0.094799,0.442704,0.896260,-0.027047,-0.073102,0.066140,0.995129,0,0.51415,-0.73119,19.059,-0.688,-1,671.997,-1,584.410,845.041,544.253,530.822,427.852,402.637,-1,-1,-1,-1,1000.226,819.973,426.057,-1,2,0,2,0,0,0,0,0,0,2,2,2,2,0,0,1,2
155,2070.324,9483.647,-137.968,25.673,0.898606,-0.427953,0.096762,0.431947,0.901582,-0.023924,-0.077001,0.063294,0.995020,0,0.51467,-0.72984,19.364,-0.680,456.419,656.718,-1,571.714,818.592,534.111,521.798,422.931,404.345,-1,-1,-1,-1,964.628,801.241,407.972,-1,1,0,2,0,0,0,0,0,0,2,2,2,2,0,0,1,2
156,2089.138,9489.366,-139.708,25.020,0.903183,-0.417733,0.098791,0.421541,0.906579,-0.020452,-0.081018,0.060117,0.994898,0,0.51509,-0.72872,19.663,-0.653,425.424,641.029,-1,558.833,792.674,523.629,511.886,417.153,406.872,-1,-1,-1,-1,930.572,782.329,-1,-1,1,0,2,0,0,0,0,0,0,2,2,2,2,0,0,2,2
157,2108.203,9494.982,-141.489,24.373,0.907554,-0.407556,0.101213,0.411174,0.911399,-0.016966,-0.085331,0.057013,0.994720,0,0.51536,-0.72802,19.875,-0.647,394.812,625.112,-1,545.428,766.039,512.806,499.560,411.520,408.517,-1,-1,-1,-1,897.185,762.434,-1,-1,1,0,2,0,0,0,0,0,0,2,2,2,2,0,0,2,2
158,2127.525,9500.618,-143.313,23.760,0.911572,-0.397773,0.103990,0.401292,0.915835,-0.014545,-0.089452,0.054989,0.994472,0,0.51556,-0.72750,20.127,-0.613,364.704,610.480,-1,531.721,738.459,502.473,487.777,408.027,408.496,-1,-1,-1,-1,865.619,740.503,-1,-1,1,0,2,0,0,0,0,0,0,2,2,2,2,0,0,2,2
159,2147.171,9506.388,-145.199,23.192,0.915187,-0.388715,0.106461,0.392107,0.919839,-0.012175,-0.093195,0.052886,0.994242,0,0.51557,-0.72746,20.476,-0.568,336.300,596.621,-1,518.711,713.058,492.654,476.453,404.823,408.615,-1,-1,-1,-1,835.781,720.054,-1,-1,1,0,2,0,0,0,0,0,0,2,2,2,2,0,0,2,2
160,2167.130,9512.101,-147.119,22.617,0.918741,-0.379631,0.108601,0.382746,0.923813,-0.008623,-0.097054,0.049489,0.994048,0,0.51534,-0.72808,20.760,-0.576,316.652,579.810,-1,506.090,690.000,480.803,464.872,399.732,410.514,-1,-1,-1,-1,806.195,700.487,-1,-1,1,0,2,0,0,0,0,0,0,2,2,2,2,0,0,2,2
161,2187.427,9517.742,-149.112,22.035,0.922267,-0.370477,0.110321,0.373280,0.927704,-0.005174,-0.100428,0.045952,0.993883,0,0.51508,-0.72876,21.067,-0.581,296.836,562.158,-1,494.103,668.432,468.306,453.705,394.493,412.533,-1,-1,-1,-1,778.132,682.186,-1,770.023,1,0,2,0,0,0,0,0,0,2,2,2,2,0,0,2,0
162,2208.084,9523.470,-151.308,21.491,0.925507,-0.361827,0.111884,0.364398,0.931239,-0.002733,-0.103202,0.043300,0.993718,0,0.51478,-0.72954,21.437,-0.544,-1,545.718,-1,482.350,646.590,456.697,442.918,391.061,412.995,-1,-1,-1,-1,752.310,664.483,987.622,740.046,2,0,2,0,0,0,0,0,0,2,2,2,2,0,0,0,0
163,2229.075,9529.147,-153.607,20.963,0.928565,-0.353393,0.113494,0.355757,0.934578,-0.000608,-0.105855,0.040941,0.993538,0,0.51426,-0.73091,21.745,-0.528,-1,529.588,-1,470.524,624.260,445.142,432.130,389.992,413.167,-1,-1,-1,-1,726.901,646.791,945.228,710.434,2,0,2,0,0,0,0,0,0,2,2,2,2,0,0,0,0
164,2250.309,9534.759,-156.021,20.451,0.931349,-0.345099,0.116173,0.347306,0.937751,0.001327,-0.109399,0.039111,0.993228,0,0.51361,-0.73261,21.963,-0.512,-1,512.423,1007.938,457.238,598.387,432.537,420.278,389.277,412.866,903.112,-1,-1,-1,700.734,626.722,902.319,677.619,2,0,0,0,0,0,0,0,0,1,2,2,2,0,0,0,0
165,2271.845,9540.095,-158.582,19.895,0.934264,-0.336170,0.118912,0.338108,0.941099,0.004100,-0.113286,0.036375,0.992896,0,0.51285,-0.73462,22.187,-0.556,-1,494.819,970.481,443.562,572.854,419.300,407.776,387.216,413.447,930.900,-1,-1,-1,673.006,606.204,857.536,644.912,2,0,0,0,0,0,0,0,0,1,2,2,2,0,0,0,0
166,2293.719,9545.547,-161.179,19.372,0.936964,-0.327811,0.120991,0.329445,0.944150,0.006814,-0.116468,0.033476,0.992630,0,0.51220,-0.73631,22.543,-0.523,957.833,478.308,936.362,430.809,549.812,406.718,395.575,385.025,413.657,958.833,-1,-1,-1,647.018,587.570,816.034,615.538,0,0,0,0,0,0,0,0,0,1,2,2,2,0,0,0,0
167,2315.912,9550.747,-163.707,18.807,0.939786,-0.318870,0.122980,0.320055,0.947341,0.010535,-0.119863,0.029460,0.992353,0,0.51135,-0.73856,22.794,-0.565,901.495,461.354,902.313,418.243,528.292,393.919,383.423,384.666,415.330,987.643,-1,-1,-1,620.421,569.332,772.471,587.452,0,0,0,0,0,0,0,0,0,1,2,2,2,0,0,0,0
168,2338.478,9555.783,-166.218,18.240,0.942602,-0.309834,0.124517,0.310637,0.950434,0.013410,-0.122500,0.026039,0.992127,0,0.51060,-0.74052,23.121,-0.567,849.399,445.127,871.132,406.389,507.627,381.957,372.054,385.421,416.298,-1,-1,-1,-1,596.715,552.347,732.579,561.075,0,0,0,0,0,0,0,0,0,2,2,2,2,0,0,0,0
169,2361.277,9560.730,-168.742,17.727,0.945098,-0.301564,0.125895,0.302111,0.953152,0.015187,-0.124577,0.023681,0.991927,0,0.36832,-0.59426,23.330,-0.513,803.335,429.765,840.726,394.952,486.794,370.139,361.183,387.094,415.887,-1,-1,-1,-1,575.257,536.053,697.160,535.531,0,0,0,0,0,0,0,0,0,2,2,2,2,0,0,0,0
170,2384.226,9565.676,-171.349,17.238,0.947489,-0.293675,0.126568,0.293979,0.955666,0.016701,-0.125861,0.021385,0.991817,0,0.36754,-0.59710,23.476,-0.489,761.537,415.699,813.008,384.367,467.562,359.007,351.145,388.701,415.153,-1,-1,-1,-1,554.980,521.214,665.140,512.134,0,0,0,0,0,0,0,0,0,2,2,2,2,0,0,0,0
171,2407.224,9570.588,-173.825,16.752,0.949905,-0.285982,0.126073,0.285928,0.958064,0.018920,-0.126197,0.018076,0.991841,0,0.36665,-0.60035,23.517,-0.485,722.276,402.616,788.893,375.446,452.420,348.887,342.484,390.526,416.067,-1,-1,-1,-1,536.348,508.386,635.239,492.914,0,0,0,0,0,0,0,0,0,2,2,2,2,0,0,0,0
172,2430.338,9575.393,-176.127,16.264,0.952404,-0.278408,0.124161,0.277849,0.960369,0.022150,-0.125407,0.013402,0.992015,0,0.36571,-0.60376,23.608,-0.488,684.274,390.566,768.796,368.487,441.993,339.923,335.338,391.307,419.457,-1,-1,-1,-1,519.597,498.468,607.354,478.458,0,0,0,0,0,0,0,0,0,2,2,2,2,0,0,0,0
173,2453.541,9580.177,-178.257,15.801,0.954817,-0.271292,0.121346,0.270199,0.962462,0.025690,-0.123760,0.008258,0.992278,0,0.36474,-0.60729,23.691,-0.463,649.111,379.667,751.745,362.911,433.331,332.030,329.066,391.852,423.447,-1,-1,-1,-1,505.256,490.675,581.170,467.131,0,0,0,0,0,0,0,0,0,2,2,2,2,0,0,0,0
174,2476.762,9584.623,-180.056,15.304,0.957304,-0.263706,0.118439,0.261969,0.964601,0.030286,-0.122233,0.002035,0.992499,0,0.36366,-0.61121,23.643,-0.496,614.551,369.351,735.158,357.833,426.570,324.765,323.240,391.660,429.232,-1,-1,-1,-1,490.955,483.343,554.337,457.439,0,0,0,0,0,0,0,0,0,2,2,2,2,0,0,0,0
175,2499.602,9588.899,-181.092,14.767,0.960156,-0.255713,0.112745,0.253099,0.966726,0.037168,-0.118498,-0.007152,0.992929,0,0.36265,-0.61486,23.236,-0.537,583.886,361.521,729.446,357.436,431.665,319.970,321.111,389.621,441.285,-1,-1,-1,-1,480.199,478.851,532.545,458.655,0,0,0,0,0,0,0,0,0,2,2,2,2,0,0,0,0
176,2522.187,9593.045,-181.234,14.224,0.963314,-0.247842,0.102959,0.244183,0.968592,0.046942,-0.111360,-0.020079,0.993577,0,0.36177,-0.61806,22.963,-0.543,557.829,357.596,733.084,363.921,453.833,319.157,324.398,385.284,459.490,-1,-1,-1,-1,475.050,482.482,517.767,-1,0,0,0,0,0,0,0,0,0,2,2,2,2,0,0,0,2
177,2544.672,9597.683,-180.967,13.826,0.965735,-0.241904,0.094014,0.237674,0.969842,0.054016,-0.104245,-0.029820,0.994105,0,0.36091,-0.62120,22.958,-0.398,539.493,355.394,738.747,370.656,-1,319.310,328.036,385.333,472.787,-1,-1,-1,-1,472.892,822.960,507.893,-1,0,0,0,0,2,0,0,0,0,2,2,2,2,0,0,0,2
178,2571.167,9603.941,-180.901,13.704,0.966537,-0.239900,0.090854,0.235697,0.970290,0.054628,-0.101261,-0.031386,0.994365,0,0.35959,-0.62600,27.224,-0.122,523.540,349.923,728.931,368.669,-1,315.286,325.241,336.974,472.502,-1,-1,-1,-1,466.156,829.717,494.597,-1,0,0,0,0,2,0,0,1,0,2,2,2,2,0,0,0,2
179,2588.458,9608.895,-181.001,13.888,0.965849,-0.242676,0.090798,0.238817,0.969706,0.051355,-0.100510,-0.027918,0.994544,0,0.30533,-1.00000,17.987,0.184,518.829,346.534,719.426,364.871,-1,311.910,321.456,288.974,465.238,-1,-1,-1,-1,461.606,822.449,488.512,-1,0,0,0,0,2,0,0,1,0,2,2,2,2,0,0,0,2
180,2609.622,9615.922,-181.346,14.313,0.964276,-0.249345,0.089438,0.246029,0.968144,0.046541,-0.098194,-0.022874,0.994904,0,0.30319,-1.00000,22.300,0.425,517.689,343.563,712.535,361.807,-1,308.529,317.698,260.476,455.043,-1,-1,-1,-1,458.064,815.560,484.857,-1,0,0,0,0,2,0,0,1,0,2,2,2,2,0,0,0,2
181,2630.047,9624.155,-181.877,14.975,0.961837,-0.259971,0.085354,0.257272,0.965451,0.041429,-0.093175,-0.017889,0.995489,0,0.30003,-1.00000,22.022,0.662,523.292,342.817,717.173,359.576,-1,306.978,316.393,265.956,443.499,-1,-1,-1,-1,458.316,812.106,487.839,-1,0,0,0,0,2,0,0,1,0,2,2,2,2,0,0,0,2
182,2649.970,9633.301,-182.659,15.803,0.958714,-0.273470,0.077982,0.271334,0.961774,0.036988,-0.085116,-0.014302,0.996268,0,0.29630,-1.00000,21.922,0.828,533.502,344.135,734.859,359.601,-1,307.208,317.933,269.364,431.857,-1,-1,-1,-1,462.464,814.891,496.663,-1,0,0,0,0,2,0,0,1,0,2,2,2,2,0,0,0,2
183,2669.901,9642.566,-183.631,16.544,0.956000,-0.285802,0.066190,0.283978,0.958166,0.035700,-0.073625,-0.015333,0.997168,0,0.29217,-1.00000,21.980,0.741,542.831,347.384,766.753,362.505,-1,309.863,321.803,273.447,426.461,-1,-1,-1,-1,469.708,831.216,506.761,-1,0,0,0,0,2,0,0,1,0,2,2,2,2,0,0,0,2
184,2689.825,9649.363,-184.401,16.581,0.956565,-0.286938,0.051484,0.284821,0.957536,0.044743,-0.062136,-0.028136,0.997671,0,0.28823,-1.00000,21.052,0.037,529.109,347.497,797.737,368.640,-1,312.165,327.151,435.689,437.933,-1,-1,-1,-1,471.280,862.069,501.072,-1,0,0,0,0,2,0,0,0,0,2,2,2,2,0,0,0,2
185,2707.860,9651.777,-184.407,15.793,0.960554,-0.274772,0.042850,0.271688,0.960103,0.066234,-0.059340,-0.051979,0.996884,0,0.28606,-1.00000,18.196,-0.788,476.214,337.080,792.858,370.566,-1,307.518,326.736,414.767,468.221,-1,-1,-1,-1,455.217,884.095,461.558,-1,0,0,0,0,2,0,0,0,0,2,2,2,2,0,0,0,2
186,2722.371,9651.993,-183.564,15.131,0.963292,-0.264852,0.043847,0.260472,0.961628,0.086177,-0.064989,-0.071593,0.995314,0,0.28619,-1.00000,14.512,-0.662,420.378,322.289,786.569,365.407,-1,297.878,320.559,398.830,496.173,904.557,-1,-1,-1,431.417,884.602,414.197,-1,0,0,0,0,2,0,0,0,0,0,2,2,2,0,0,0,2
187,2734.918,9652.378,-181.942,14.695,0.965028,-0.257968,0.046629,0.253081,0.963169,0.090860,-0.068351,-0.075881,0.994771,0,0.28643,-1.00000,12.554,-0.436,401.131,316.625,786.551,604.052,-1,293.772,316.582,401.708,503.031,924.395,-1,-1,-1,422.315,879.219,397.774,-1,0,0,0,0,2,0,0,0,0,0,2,2,2,0,0,0,2
188,2746.718,9651.547,-179.797,14.084,0.967788,-0.247460,0.046368,0.242804,0.966073,0.088031,-0.066579,-0.073938,0.995038,0,0.28629,-1.00000,11.829,-0.611,403.768,319.087,814.943,609.218,-1,296.129,317.594,414.822,502.115,956.458,-1,-1,-1,426.514,886.326,402.554,-1,0,0,0,0,2,0,0,0,0,0,2,2,2,0,0,0,2
189,2758.455,9650.659,-177.838,13.501,0.970712,-0.236696,0.041141,0.233070,0.969349,0.077723,-0.058277,-0.065858,0.996126,0,0.28669,-1.00000,11.770,-0.583,429.635,329.999,866.151,622.438,-1,305.435,323.684,436.846,491.518,979.068,-1,-1,-1,444.110,905.639,428.696,-1,0,0,0,0,2,0,0,0,0,0,2,2,2,0,0,0,2
190,2770.484,9650.058,-176.448,13.094,0.973048,-0.228523,0.030917,0.226323,0.972074,0.062042,-0.044232,-0.053373,0.997595,0,0.28701,-1.00000,12.044,-0.408,476.715,347.715,924.448,642.882,-1,319.948,332.543,465.143,473.193,981.025,-1,-1,-1,473.544,927.351,475.727,-1,0,0,0,0,2,0,0,0,0,0,2,2,2,0,0,0,2
191,2782.455,9648.683,-175.818,12.610,0.975496,-0.219281,0.017967,0.218224,0.974720,0.047947,-0.028027,-0.042851,0.998688,0,0.53771,-1.00000,12.050,-0.484,528.990,367.039,997.718,673.238,-1,335.983,429.704,492.444,457.117,938.063,-1,-1,-1,506.747,958.007,533.387,-1,0,0,0,0,2,0,0,0,0,0,2,2,2,0,0,0,2
192,2794.224,9646.425,-176.130,11.951,0.978262,-0.207343,0.003635,0.207067,0.977615,0.037322,-0.011292,-0.035758,0.999297,0,0.53785,-1.00000,11.984,-0.658,580.971,385.489,-1,698.503,-1,350.924,494.823,513.555,444.812,862.184,-1,-1,-1,540.398,993.190,593.820,-1,0,0,2,0,2,0,0,0,0,0,2,2,2,0,0,0,2
193,2805.916,9644.040,-177.491,11.321,0.980523,-0.196036,-0.012040,0.196304,0.980144,0.027970,0.006318,-0.029789,0.999536,0,0.53884,-1.00000,11.932,-0.630,642.639,403.745,-1,730.041,-1,362.697,549.332,530.803,432.097,776.220,796.840,-1,-1,575.946,-1,669.810,-1,0,0,2,0,2,0,0,0,0,0,0,2,2,0,2,0,2
194,2817.434,9641.749,-179.836,10.636,0.982529,-0.183930,-0.028393,0.184509,0.982641,0.019303,0.024350,-0.024205,0.999410,0,0.53971,-1.00000,11.744,-0.685,724.010,421.824,-1,763.353,-1,373.933,575.209,537.707,418.406,697.109,581.411,691.637,-1,613.710,-1,766.843,-1,0,0,2,0,2,0,0,0,0,0,0,0,2,0,2,0,2
195,2828.917,9639.363,-182.774,9.893,0.984272,-0.170991,-0.044393,0.171654,0.985090,0.011536,0.041759,-0.018975,0.998948,0,0.54083,-1.00000,11.728,-0.743,843.759,439.077,-1,787.820,-1,384.120,601.271,539.773,404.315,632.913,459.923,499.880,-1,652.249,-1,888.651,-1,0,0,2,0,2,0,0,0,0,0,0,0,2,0,2,0,2
196,2840.538,9637.070,-185.639,9.145,0.985702,-0.158052,-0.058412,0.158685,0.987309,0.006337,0.056669,-0.015515,0.998272,0,0.54220,-1.00000,11.845,-0.747,-1,453.247,-1,809.216,-1,416.853,624.660,538.031,392.607,594.335,386.669,409.844,-1,685.832,-1,-1,-1,2,0,2,0,2,0,0,0,0,0,0,0,2,0,2,2,2
197,2852.383,9635.130,-187.798,8.432,0.986961,-0.145582,-0.068652,0.146312,0.989222,0.005704,0.067082,-0.015674,0.997624,0,0.54353,-1.00000,12.003,-0.713,-1,460.582,-1,825.899,-1,428.935,639.340,531.199,386.494,564.202,348.657,366.754,-1,706.511,-1,-1,-1,2,0,2,0,2,0,0,0,0,0,0,0,2,0,2,2,2
198,2864.472,9633.792,-188.896,7.789,0.988108,-0.134094,-0.075239,0.135159,0.990781,0.009222,0.073309,-0.019282,0.997123,0,0.54462,-1.00000,12.162,-0.644,-1,461.210,-1,838.077,-1,437.063,648.910,520.130,386.417,545.832,329.167,348.302,-1,712.982,-1,-1,-1,2,0,2,0,2,0,0,0,0,0,0,0,2,0,2,2,2
199,2876.863,9633.168,-188.770,7.284,0.988995,-0.124977,-0.079183,0.126415,0.991887,0.013407,0.076865,-0.023270,0.996770,0,0.54530,-1.00000,12.407,-0.505,-1,459.996,-1,843.591,-1,458.129,655.428,506.558,388.864,539.775,324.646,345.802,-1,713.312,-1,-1,-1,2,0,2,0,2,0,0,0,0,0,0,0,2,0,2,2,2
200,2889.109,9632.335,-187.561,6.725,0.990110,-0.114821,-0.080606,0.116741,0.992971,0.019507,0.077800,-0.028724,0.996555,0,0.54523,-1.00000,12.275,-0.560,-1,456.223,-1,847.867,-1,567.486,660.458,489.727,395.577,540.491,332.494,357.272,-1,706.420,-1,-1,-1,2,0,2,0,2,0,0,0,0,0,0,0,2,0,2,2,2
201,2901.688,9631.530,-185.708,6.187,0.991009,-0.105043,-0.082866,0.107437,0.993898,0.024978,0.079737,-0.033656,0.996248,0,0.54543,-1.00000,12.604,-0.537,-1,454.618,-1,855.929,-1,579.765,668.254,477.347,403.098,542.536,340.680,368.461,-1,704.731,-1,-1,-1,2,0,2,0,2,0,0,0,0,0,0,0,2,0,2,2,2
202,2914.572,9630.538,-183.631,5.641,0.991639,-0.095085,-0.087245,0.097950,0.994764,0.029159,0.084016,-0.037461,0.995760,0,0.54545,-1.00000,12.922,-0.546,-1,455.144,-1,867.328,-1,596.992,679.352,467.841,409.852,542.948,343.483,372.730,-1,710.780,-1,-1,-1,2,0,2,0,2,0,0,0,0,0,0,0,2,0,2,2,2
203,2927.566,9628.823,-181.682,4.975,0.992162,-0.082916,-0.093487,0.086359,0.995704,0.033397,0.090316,-0.041209,0.995060,0,0.54545,-1.00000,13.107,-0.667,-1,458.596,-1,881.956,-1,617.059,693.109,457.865,416.781,539.469,340.893,369.842,-1,727.050,-1,-1,-1,2,0,2,0,2,0,0,0,0,0,0,0,2,0,2,2,2
204,2941.063,9627.124,-180.119,4.370,0.992176,-0.071907,-0.102063,0.075815,0.996510,0.034932,0.099195,-0.042397,0.994164,0,0.54597,-1.00000,13.604,-0.605,-1,467.711,-1,900.966,-1,638.429,710.058,452.459,419.177,536.195,331.534,359.452,-1,756.649,-1,-1,-1,2,0,2,0,2,0,0,0,0,0,0,0,2,0,2,2,2
205,2954.908,9625.224,-178.993,3.788,0.991781,-0.061328,-0.112291,0.065664,0.997216,0.035326,0.109812,-0.042409,0.993047,0,0.54611,-1.00000,13.975,-0.582,-1,544.350,-1,915.933,-1,657.841,728.220,445.433,418.859,530.912,316.627,342.222,-1,796.935,-1,-1,-1,2,0,2,0,2,0,0,0,0,0,0,0,2,0,2,2,2
206,2969.140,9623.440,-178.290,3.259,0.991110,-0.051716,-0.122583,0.056434,0.997781,0.035335,0.120483,-0.041939,0.991829,0,0.54606,-1.00000,14.343,-0.529,-1,562.770,-1,930.610,-1,678.113,744.406,438.362,416.618,525.356,301.681,324.744,-1,837.250,-1,-1,-1,2,0,2,0,2,0,0,0,0,0,0,0,2,0,2,2,2
207,2983.746,9621.939,-177.901,2.810,0.990357,-0.043513,-0.131525,0.048618,0.998174,0.035852,0.129724,-0.041901,0.990664,0,0.54567,-1.00000,14.683,-0.448,-1,578.131,-1,942.467,-1,695.026,755.174,430.078,413.781,520.865,290.725,311.150,-1,874.651,-1,-1,-1,2,0,2,0,2,0,0,0,0,0,0,0,2,0,2,2,2
208,2998.476,9620.461,-177.521,2.358,0.989843,-0.035151,-0.137747,0.040753,0.998444,0.038061,0.136195,-0.043288,0.989736,0,0.54480,-1.00000,14.804,-0.453,-1,594.346,-1,949.983,-1,705.798,761.802,420.585,412.658,519.349,286.368,306.105,-1,893.698,-1,-1,-1,2,0,2,0,2,0,0,0,0,0,0,0,2,0,2,2,2
209,3013.290,9618.904,-176.958,1.889,0.989603,-0.026461,-0.141374,0.032641,0.998602,0.041576,0.140076,-0.045758,0.989083,0,0.54390,-1.00000,14.896,-0.468,-1,607.909,-1,952.406,-1,707.632,764.940,409.859,413.271,332.188,287.745,307.790,-1,899.490,-1,-1,-1,2,0,2,0,2,0,0,0,0,1,0,0,2,0,2,2,2
210,3027.975,9616.749,-176.194,1.296,0.989729,-0.015634,-0.142098,0.022389,0.998688,0.046065,0.141191,-0.048774,0.988780,0,0.54303,-1.00000,14.842,-0.593,-1,619.662,-1,946.526,-1,706.268,765.036,397.827,415.277,343.774,295.091,316.146,-1,889.279,-1,-1,-1,2,0,2,0,2,0,0,0,0,1,0,0,2,0,2,2,2
211,3042.440,9613.761,-175.354,0.556,0.990116,-0.002542,-0.140225,0.009607,0.998716,0.049730,0.139918,-0.050586,0.988870,0,0.54275,-1.00000,14.771,-0.740,-1,628.657,-1,937.852,-1,702.449,761.972,387.325,415.946,355.514,307.768,329.747,-1,869.299,-1,-1,-1,2,0,2,0,2,0,0,0,0,1,0,0,2,0,2,2,2
212,3056.724,9610.008,-174.534,-0.286,0.990515,0.011996,-0.136877,-0.004943,0.998648,0.051748,0.137312,-0.050580,0.989236,0,0.54317,-1.00000,14.768,-0.842,-1,635.515,-1,927.261,-1,697.540,757.092,379.734,414.033,367.487,323.755,346.152,-1,846.219,-1,-1,-1,2,0,2,0,2,0,0,0,0,1,0,0,2,0,2,2,2
213,3070.837,9605.324,-173.728,-1.248,0.990560,0.028361,-0.134116,-0.021573,0.998425,0.051799,0.135374,-0.048416,0.989611,0,0.54408,-1.00000,14.871,-0.962,-1,647.986,-1,917.398,-1,695.728,753.082,374.579,409.271,379.999,339.087,360.883,-1,817.794,-1,-1,-1,2,0,2,0,2,0,0,0,0,1,0,0,2,0,2,2,2
214,3084.562,9599.877,-172.976,-2.273,0.990279,0.045471,-0.131456,-0.039302,0.998018,0.049155,0.133430,-0.043511,0.990103,0,0.56100,-0.62422,14.767,-1.025,-1,641.460,-1,907.044,-1,694.988,746.868,372.752,400.607,417.979,355.094,375.091,-1,795.553,-1,-1,-1,2,0,2,0,2,0,0,0,0,1,0,0,2,0,2,2,2
215,3097.974,9594.194,-172.250,-3.239,0.989686,0.061141,-0.129553,-0.056000,0.997506,0.042965,0.131857,-0.035267,0.990641,0,0.56290,-0.62422,14.565,-0.966,-1,636.425,-1,895.223,-1,693.795,740.793,376.340,387.108,471.231,371.188,387.783,-1,785.249,-1,-1,-1,2,0,2,0,2,0,0,0,0,1,0,0,2,0,2,2,2
216,3111.161,9588.245,-171.446,-4.184,0.988750,0.076260,-0.128676,-0.072338,0.996770,0.034886,0.130921,-0.025185,0.991073,0,0.56458,-0.62422,14.467,-0.946,-1,632.741,-1,879.703,-1,693.142,735.706,382.501,371.640,526.521,386.676,398.915,-1,782.203,-1,-1,-1,2,0,2,0,2,0,0,0,0,1,0,0,2,0,2,2,2
217,3124.427,9582.354,-170.559,-5.037,0.987600,0.089674,-0.128858,-0.087046,0.995868,0.025893,0.130647,-0.014356,0.991325,0,0.56618,-0.62422,14.516,-0.853,-1,637.220,-1,862.790,-1,692.708,731.259,390.498,355.573,582.330,401.236,408.611,-1,816.031,-1,-1,-1,2,0,2,0,2,0,0,0,0,1,0,0,2,0,2,2,2
218,3137.603,9576.313,-169.473,-5.889,0.986255,0.103299,-0.128961,-0.101721,0.994636,0.018775,0.130208,-0.005399,0.991472,0,0.56731,-0.62348,14.494,-0.852,-1,659.255,-1,846.817,-1,690.655,727.792,396.683,342.824,651.663,416.436,419.894,892.758,850.491,-1,-1,-1,2,0,2,0,2,0,0,0,0,1,0,0,0,0,2,2,2
219,3150.335,9569.992,-168.031,-6.768,0.984697,0.117662,-0.128560,-0.116857,0.993053,0.013814,0.129292,0.001421,0.991606,0,0.56841,-0.62104,14.215,-0.879,-1,684.998,-1,831.789,-1,688.898,724.048,401.095,333.964,717.182,433.153,434.138,848.844,850.854,-1,-1,-1,2,0,2,0,2,0,0,0,0,1,0,0,0,0,2,2,2
220,3162.881,9563.631,-166.377,-7.666,0.983033,0.132653,-0.126684,-0.132312,0.991146,0.011142,0.127040,0.005809,0.991881,0,0.56971,-0.61817,14.067,-0.898,-1,687.450,-1,816.738,-1,686.598,718.092,403.200,328.684,910.273,453.364,453.595,845.622,834.045,1006.537,-1,-1,2,0,2,0,2,0,0,0,0,1,0,0,0,0,0,2,2
221,3175.612,9557.981,-164.887,-8.441,0.981842,0.145878,-0.121272,-0.145700,0.989274,0.010383,0.121486,0.007475,0.992565,0,0.57111,-0.61510,13.929,-0.775,-1,677.650,-1,799.778,-1,677.602,707.250,400.915,325.765,-1,481.658,481.941,900.941,811.860,984.768,-1,-1,2,0,2,0,2,0,0,0,0,2,0,0,0,0,0,2,2
222,3188.618,9553.159,-163.800,-9.047,0.981302,0.156525,-0.112007,-0.156246,0.987653,0.011314,0.112395,0.006398,0.993643,0,0.57184,-0.61349,13.871,-0.606,-1,662.156,-1,780.596,-1,661.586,690.866,394.108,324.443,-1,518.666,520.724,-1,788.919,949.003,-1,-1,2,0,2,0,2,0,0,0,0,2,0,0,2,0,0,2,2
223,3201.898,9548.518,-163.338,-9.637,0.980852,0.167245,-0.099793,-0.166544,0.985914,0.015374,0.100958,0.001540,0.994889,0,0.57168,-0.61385,14.068,-0.590,-1,642.487,-1,760.056,-1,641.544,671.217,381.075,326.001,-1,561.888,569.354,-1,767.658,905.842,950.437,-1,2,0,2,0,2,0,0,0,0,2,0,0,2,0,0,0,2
224,3215.644,9544.109,-163.729,-10.160,0.980426,0.176838,-0.086563,-0.175700,0.984227,0.020663,0.088852,-0.005049,0.996032,0,0.57133,-0.61460,14.436,-0.523,853.335,620.734,-1,738.930,-1,619.422,649.874,364.915,327.382,-1,608.592,622.027,-1,743.836,866.371,820.274,-1,0,0,2,0,2,0,0,0,0,2,0,0,2,0,0,0,2
225,3229.814,9539.894,-165.080,-10.636,0.979939,0.185523,-0.072805,-0.184029,0.982556,0.026772,0.076502,-0.012836,0.996987,0,0.57054,-0.61634,14.784,-0.476,675.173,598.944,-1,717.327,-1,595.819,627.325,345.817,327.788,-1,655.568,675.200,-1,717.475,837.852,773.538,-1,0,0,2,0,2,0,0,0,0,2,0,0,2,0,0,0,2
226,3244.352,9535.837,-167.441,-11.052,0.979445,0.193016,-0.058592,-0.191315,0.980959,0.033426,0.063928,-0.021529,0.997722,0,0.56940,-0.61887,15.093,-0.416,572.610,575.974,-1,695.142,-1,570.764,603.525,324.093,326.678,-1,703.036,734.516,-1,688.467,808.633,726.867,-1,0,0,2,0,2,0,0,0,0,2,0,0,2,0,0,0,2
227,3259.058,9531.893,-170.415,-11.411,0.978988,0.199261,-0.043330,-0.197586,0.979468,0.040037,0.050418,-0.030634,0.998258,0,0.56785,-0.62227,15.226,-0.358,529.103,550.706,976.903,670.369,966.120,541.913,575.558,301.974,324.163,-1,759.294,799.782,-1,659.094,778.169,653.710,997.329,0,0,0,0,0,0,0,0,0,2,0,0,2,0,0,0,0
228,3276.962,9527.011,-173.829,-11.876,0.977993,0.207123,-0.025089,-0.205673,0.977301,0.050812,0.035044,-0.044534,0.998393,0,0.56597,-0.62422,18.557,-0.466,478.428,517.271,869.088,640.868,892.643,509.304,544.484,273.749,325.457,-1,829.520,891.016,-1,624.731,740.111,607.240,919.154,0,0,0,0,0,0,0,0,0,2,0,0,2,0,0,0,0
229,3289.204,9523.755,-175.919,-12.157,0.977277,0.211575,-0.012852,-0.210526,0.975909,0.057277,0.024661,-0.053270,0.998276,0,0.56377,-0.62422,12.668,-0.281,446.730,494.851,833.120,619.805,849.059,488.227,524.391,256.530,325.772,-1,884.511,962.242,-1,603.671,704.301,577.562,866.450,0,0,0,0,0,0,0,0,0,2,0,0,2,0,0,0,0
230,3304.721,9519.673,-178.417,-12.453,0.976434,0.215776,0.004242,-0.215625,0.974539,0.061481,0.009132,-0.060946,0.998099,0,0.56207,-0.62422,16.045,-0.296,417.414,465.000,791.559,586.810,766.671,459.949,496.386,238.648,321.108,-1,991.451,-1,-1,575.033,677.177,539.635,788.096,0,0,0,0,0,0,0,0,0,2,0,2,2,0,0,0,0
231,3319.924,9515.302,-180.939,-12.751,0.975261,0.219489,0.026289,-0.220701,0.973529,0.059440,-0.012546,-0.063771,0.997886,0,0.55961,-0.62422,15.819,-0.299,388.848,431.695,743.684,543.711,618.457,426.751,461.750,196.027,308.464,-1,-1,-1,-1,532.780,645.619,496.063,636.903,0,0,0,0,0,0,0,0,0,2,2,2,2,0,0,0,0
232,3325.873,9512.823,-177.410,-12.577,0.974956,0.215495,0.054987,-0.217523,0.975464,0.033978,-0.046316,-0.045088,0.997909,0,0.55721,-0.62422,6.444,0.174,376.895,405.901,699.153,493.452,529.690,397.366,424.973,244.483,284.164,-1,-1,-1,-1,500.525,615.168,470.762,598.380,0,0,0,0,0,0,0,0,0,2,2,2,2,0,0,0,0
233,3332.484,9509.297,-174.425,-12.519,0.973516,0.214091,0.080199,-0.216170,0.976188,0.018092,-0.074416,-0.034949,0.996615,0,0.55495,-0.62422,7.493,0.058,364.372,384.434,662.865,457.556,489.064,374.451,397.949,256.166,271.376,-1,-1,-1,-1,473.308,585.825,439.408,568.467,0,0,0,0,0,0,0,0,0,2,2,2,2,0,0,0,0
234,3339.951,9505.730,-171.756,-12.421,0.972223,0.212204,0.098749,-0.214130,0.976762,0.009215,-0.094499,-0.030104,0.995070,0,0.55303,-0.62422,8.275,0.098,353.424,368.901,633.612,434.461,464.001,358.431,379.837,262.926,264.966,-1,-1,-1,-1,453.290,564.103,414.203,547.513,0,0,0,0,0,0,0,0,0,2,2,2,2,0,0,0,0
235,3348.427,9502.785,-169.316,-12.453,0.971050,0.212573,0.108973,-0.214448,0.976719,0.005648,-0.105235,-0.028854,0.994029,0,0.55071,-0.62422,8.973,-0.032,344.756,360.360,616.009,423.096,451.154,349.850,370.569,265.774,263.673,-1,-1,-1,-1,441.616,548.048,400.262,534.178,0,0,0,0,0,0,0,0,0,2,2,2,2,0,0,0,0
236,3357.622,9499.499,-167.217,-12.496,0.970579,0.212577,0.113082,-0.215101,0.976536,0.010469,-0.108204,-0.034485,0.993530,0,0.54871,-0.62422,9.765,-0.043,336.679,356.125,606.714,421.608,450.197,346.423,368.538,261.667,270.204,-1,-1,-1,-1,434.958,543.424,391.274,527.648,0,0,0,0,0,0,0,0,0,2,2,2,2,0,0,0,0
237,3367.298,9495.995,-165.826,-12.677,0.970123,0.214688,0.113011,-0.218209,0.975705,0.019618,-0.106053,-0.043692,0.993400,0,0.54657,-0.62422,10.291,-0.181,328.823,354.704,602.365,425.362,454.357,345.952,370.315,251.484,280.507,-1,-1,-1,-1,431.392,542.350,385.316,524.101,0,0,0,0,0,0,0,0,0,2,2,2,2,0,0,0,0
238,3377.131,9492.173,-165.396,-13.015,0.969315,0.219494,0.110681,-0.224059,0.974099,0.030493,-0.101121,-0.054356,0.993388,0,0.54492,-0.62422,10.550,-0.339,320.862,354.318,600.253,430.945,459.229,346.683,373.807,237.170,291.582,-1,-1,-1,-1,429.127,540.601,380.737,521.029,0,0,0,0,0,0,0,0,0,2,2,2,2,0,0,0,0
239,3387.072,9488.037,-166.051,-13.445,0.968264,0.226038,0.106640,-0.231476,0.971953,0.041554,-0.094256,-0.064920,0.993429,0,0.54392,-0.62422,10.767,-0.430,312.867,354.357,599.201,436.890,463.281,348.293,376.614,221.709,300.737,-1,-1,-1,-1,428.025,539.082,376.919,517.592,0,0,0,0,0,0,0,0,0,2,2,2,2,0,0,0,0
240,3397.386,9483.800,-167.798,-13.885,0.967298,0.233239,0.099673,-0.239104,0.969629,0.051469,-0.084642,-0.073618,0.993688,0,0.54329,-0.62422,11.150,-0.440,308.083,355.648,599.898,443.721,469.961,350.911,380.143,206.401,304.876,-1,-1,-1,-1,428.649,537.434,375.761,514.121,0,0,0,0,0,0,0,0,0,2,2,2,2,0,0,0,0
241,3407.781,9479.313,-170.389,-14.343,0.966191,0.241206,0.091071,-0.247050,0.967182,0.059375,-0.073761,-0.079867,0.994073,0,0.36644,-0.58115,11.321,-0.458,316.212,357.626,597.798,450.347,475.845,353.850,383.453,190.212,303.350,-1,-1,-1,-1,430.301,532.203,376.641,509.610,0,0,0,0,0,0,0,0,0,2,2,2,2,0,0,0,0
242,3417.770,9474.588,-173.171,-14.782,0.964759,0.249222,0.084437,-0.254584,0.965187,0.060007,-0.066542,-0.079388,0.994620,0,0.36599,-0.58115,11.051,-0.440,326.095,357.323,588.966,449.894,467.724,353.126,382.497,177.342,290.839,-1,-1,-1,-1,430.400,523.388,372.618,499.986,0,0,0,0,0,0,0,0,0,2,2,2,2,0,0,0,0
243,3427.148,9469.418,-175.907,-15.208,0.963032,0.257206,0.080087,-0.261788,0.963665,0.053068,-0.063528,-0.072072,0.995374,0,0.36554,-0.58115,10.709,-0.425,331.507,355.165,577.545,441.856,444.967,349.097,377.696,174.520,268.374,-1,-1,-1,-1,427.999,510.751,368.574,484.992,0,0,0,0,0,0,0,0,0,2,2,2,2,0,0,0,0
244,3436.169,9464.040,-178.052,-15.629,0.961164,0.265252,0.076195,-0.268885,0.962254,0.042040,-0.062168,-0.060895,0.996206,0,0.36513,-0.58115,10.502,-0.421,335.311,352.589,565.618,431.504,418.306,345.126,371.861,178.041,243.150,-1,-1,-1,-1,425.947,496.935,369.222,468.847,0,0,0,0,0,0,0,0,0,2,2,2,2,0,0,0,0
245,3445.137,9458.909,-178.914,-15.987,0.959394,0.271959,0.074844,-0.274871,0.960960,0.031645,-0.063316,-0.050933,0.996693,0,0.36476,-0.58115,10.332,-0.358,338.297,349.311,553.234,421.041,397.857,341.418,365.628,182.191,223.555,-1,-1,-1,-1,422.814,483.475,371.783,453.119,0,0,0,0,0,0,0,0,0,2,2,2,2,0,0,0,0
246,3454.074,9454.264,-178.286,-16.300,0.957623,0.277559,0.076933,-0.280020,0.959717,0.023076,-0.067429,-0.043640,0.996769,0,0.36419,-0.58115,10.072,-0.312,336.690,344.897,540.329,410.923,380.488,336.853,359.111,186.371,211.363,-1,-1,-1,-1,417.622,470.656,368.625,438.405,0,0,0,0,0,0,0,0,0,2,2,2,2,0,0,0,0
247,3462.936,9449.831,-176.444,-16.637,0.955556,0.283169,0.082027,-0.285538,0.958189,0.018510,-0.073356,-0.041109,0.996458,0,0.36348,-0.58115,9.909,-0.338,330.000,339.614,527.360,402.687,367.334,332.023,353.381,191.617,208.015,-1,-1,-1,-1,410.803,458.862,361.111,425.957,0,0,0,0,0,0,0,0,0,2,2,2,2,0,0,0,0
248,3471.880,9445.628,-173.795,-16.999,0.953325,0.288874,0.087881,-0.291435,0.956429,0.017581,-0.078973,-0.042372,0.995976,0,0.36285,-0.58115,9.882,-0.361,322.499,334.742,515.336,397.600,358.710,328.331,349.724,200.924,212.516,-1,-1,-1,-1,404.185,448.711,353.067,416.339,0,0,0,0,0,0,0,0,0,2,2,2,2,0,0,0,0
249,3480.888,9441.483,-170.699,-17.392,0.950979,0.294897,0.093144,-0.297875,0.954404,0.019563,-0.083128,-0.046349,0.995460,0,0.36228,-0.58115,9.916,-0.394,315.219,330.976,504.629,395.839,353.849,325.583,348.523,211.777,222.182,-1,-1,-1,-1,397.916,440.172,345.899,409.361,0,0,0,0,0,0,0,0,0,2,2,2,2,0,0,0,0
250,3489.960,9437.216,-167.601,-17.785,0.948769,0.300916,0.096368,-0.304349,0.952287,0.022812,-0.084905,-0.050972,0.995084,0,0.36179,-0.58115,10.025,-0.393,309.331,328.949,495.415,395.435,351.356,323.893,349.667,222.776,233.264,-1,-1,-1,-1,393.285,432.986,341.030,404.213,0,0,0,0,0,0,0,0,0,2,2,2,2,0,0,0,0
251,3498.688,9432.612,-164.711,-18.234,0.946260,0.307806,0.099235,-0.311745,0.949793,0.026602,-0.086064,-0.056108,0.994708,0,0.36128,-0.58115,9.868,-0.449,303.779,327.513,486.580,392.540,348.776,322.633,351.277,235.166,245.149,-1,-1,-1,-1,389.199,425.850,336.639,399.536,0,0,0,0,0,0,0,0,0,2,2,2,2,0,0,0,0
252,3506.850,9427.650,-162.130,-18.801,0.942954,0.316449,0.103432,-0.321018,0.946580,0.030557,-0.088237,-0.062018,0.994167,0,0.36097,-0.58115,9.552,-0.566,298.926,325.348,477.161,387.506,344.428,320.700,350.600,247.540,258.136,-1,-1,-1,-1,384.594,417.766,331.227,394.393,0,0,0,0,0,0,0,0,0,2,2,2,2,0,0,0,0
253,3514.991,9422.756,-159.957,-19.354,0.939589,0.325008,0.107438,-0.330025,0.943420,0.032283,-0.090867,-0.065790,0.993688,0,0.36111,-0.58115,9.500,-0.553,297.621,322.827,467.343,379.457,337.967,318.249,347.864,260.522,267.137,-1,-1,-1,-1,380.624,408.968,326.213,387.879,0,0,0,0,0,0,0,0,0,2,2,2,2,0,0,0,0
254,3523.310,9417.995,-158.253,-19.802,0.936712,0.332112,0.110781,-0.337272,0.940894,0.031094,-0.093907,-0.066490,0.993358,0,0.36119,-0.58115,9.585,-0.448,296.581,319.212,457.093,370.955,329.387,315.043,343.496,274.030,271.060,-1,-1,-1,-1,375.609,399.546,321.484,379.501,0,0,0,0,0,0,0,0,0,2,2,2,2,0,0,0,0
255,3531.743,9413.268,-157.019,-20.165,0.934250,0.338065,0.113526,-0.343095,0.938897,0.027550,-0.097275,-0.064689,0.993153,0,0.36092,-0.58115,9.668,-0.363,292.258,314.907,446.905,361.984,318.969,311.055,338.078,287.983,273.725,-1,-1,-1,-1,369.512,389.530,316.857,369.529,0,0,0,0,0,0,0,0,0,2,2,2,2,0,0,0,0
256,3540.167,9408.387,-156.166,-20.507,0.931897,0.343791,0.115651,-0.348549,0.937004,0.023158,-0.100405,-0.061891,0.993020,0,0.36036,-0.58115,9.736,-0.342,287.864,310.540,436.750,352.761,307.750,306.511,332.311,294.083,271.957,-1,-1,-1,-1,363.429,379.254,312.438,358.985,0,0,0,0,0,0,0,0,0,2,2,2,2,0,0,0,0
257,3548.368,9403.360,-155.501,-20.872,0.929386,0.349978,0.117290,-0.354377,0.934923,0.018339,-0.103239,-0.058609,0.992928,0,0.35972,-0.58115,9.619,-0.365,283.967,306.419,426.868,343.465,296.185,301.848,326.631,298.242,266.705,-1,-1,-1,-1,357.693,368.941,308.595,348.475,0,0,0,0,0,0,0,0,0,2,2,2,2,0,0,0,0
258,3555.914,9397.813,-154.867,-21.386,0.925912,0.358289,0.119645,-0.362601,0.931812,0.015704,-0.105860,-0.057924,0.992693,0,0.35918,-0.58115,9.365,-0.514,279.218,302.503,417.596,334.136,285.309,297.517,321.666,303.366,263.497,-1,-1,-1,-1,352.214,358.758,304.361,339.327,0,0,0,0,0,0,0,0,0,2,2,2,2,0,0,0,0
259,3563.287,9391.968,-154.370,-21.982,0.922020,0.367767,0.120939,-0.372182,0.928033,0.015372,-0.106582,-0.059185,0.992541,0,0.35917,-0.58115,9.409,-0.596,275.131,299.683,409.461,325.441,276.239,294.312,318.114,308.082,261.704,-1,-1,-1,-1,347.817,349.442,299.397,331.879,0,0,0,0,0,0,0,0,0,2,2,2,2,0,0,0,0
260,3570.859,9386.358,-153.803,-22.515,0.918847,0.376246,0.118988,-0.380882,0.924447,0.018094,-0.103190,-0.061946,0.992731,0,0.35942,-0.58115,9.424,-0.533,273.813,299.419,403.603,318.929,271.602,293.728,317.404,312.079,261.430,-1,-1,-1,-1,345.920,342.674,297.824,326.575,0,0,0,0,0,0,0,0,0,2,2,2,2,0,0,0,0
261,3578.435,9380.697,-153.017,-23.064,0.915867,0.384789,0.114567,-0.389963,0.920466,0.025917,-0.095482,-0.068413,0.993077,0,0.35944,-0.58115,9.457,-0.549,274.168,301.804,400.322,314.720,272.327,296.077,320.182,314.914,271.901,-1,-1,-1,-1,345.488,338.663,299.170,327.251,0,0,0,0,0,0,0,0,0,2,2,2,2,0,0,0,0
262,3586.320,9374.972,-152.289,-23.593,0.913158,0.393118,0.107705,-0.398825,0.916281,0.036983,-0.084149,-0.076727,0.993495,0,0.35950,-0.58115,9.745,-0.530,276.134,306.262,407.038,312.100,279.398,300.423,321.321,316.510,286.172,-1,-1,-1,-1,346.211,336.557,299.190,329.544,0,0,0,0,0,0,0,0,0,2,2,2,2,0,0,0,0
263,3594.870,9369.617,-151.995,-23.965,0.911470,0.399450,0.098298,-0.405146,0.913081,0.046266,-0.071273,-0.081995,0.994081,0,0.35942,-0.58115,10.089,-0.372,280.085,309.155,419.848,309.867,288.283,305.285,320.916,316.464,294.494,-1,-1,-1,-1,347.654,334.815,299.461,331.032,0,0,0,0,0,0,0,0,0,2,2,2,2,0,0,0,0
264,3604.011,9365.006,-152.056,-24.074,0.911304,0.401826,0.089783,-0.407149,0.911922,0.051261,-0.061277,-0.083270,0.994641,0,0.35875,-0.58115,10.238,-0.109,276.246,308.597,425.706,306.634,319.030,307.604,318.632,316.787,294.173,-1,-1,-1,-1,347.105,342.580,298.208,328.645,0,0,0,0,0,0,0,0,0,2,2,2,2,0,0,0,0
265,3613.060,9360.406,-152.218,-24.206,0.910636,0.404092,0.086323,-0.409372,0.910678,0.055503,-0.056184,-0.085881,0.994720,0,0.35467,-0.83801,10.151,-0.132,269.271,304.566,424.834,301.462,337.677,306.240,314.060,314.598,295.126,-1,-1,-1,-1,342.897,346.062,292.803,332.803,0,0,0,0,0,0,0,0,0,2,2,2,2,0,0,0,0
266,3621.972,9355.750,-152.294,-24.396,0.909352,0.406832,0.086986,-0.412432,0.908997,0.060209,-0.054575,-0.090627,0.994388,0,0.35321,-0.83801,10.055,-0.190,264.762,298.532,419.654,295.049,345.791,302.374,306.755,310.400,299.658,-1,-1,-1,-1,336.077,351.085,284.219,355.049,0,0,0,0,0,0,0,0,0,2,2,2,2,0,0,0,0
267,3630.876,9350.927,-152.252,-24.632,0.907725,0.410106,0.088594,-0.416210,0.906814,0.066758,-0.052961,-0.097472,0.993828,0,0.35195,-0.83801,10.127,-0.236,256.444,292.326,414.894,288.667,359.526,298.500,299.227,305.173,309.184,-1,-1,-1,-1,328.988,358.391,274.927,364.921,0,0,0,0,0,0,0,0,0,2,2,2,2,0,0,0,0
268,3639.793,9345.768,-152.242,-24.921,0.905814,0.414319,0.088546,-0.420870,0.903956,0.075712,-0.048673,-0.105848,0.993190,0,0.35081,-0.83801,10.301,-0.289,247.779,287.284,416.854,283.156,384.275,294.929,292.469,299.294,323.270,-1,-1,-1,-1,323.364,372.708,266.807,385.088,0,0,0,0,0,0,0,0,0,2,2,2,2,0,0,0,0
269,3648.916,9340.399,-152.386,-25.177,0.904264,0.418575,0.084272,-0.425062,0.901164,0.085003,-0.040363,-0.112686,0.992811,0,0.34980,-0.83801,10.586,-0.255,241.807,284.295,429.572,278.828,414.732,289.589,287.046,294.436,334.982,-1,-1,-1,-1,320.401,385.458,262.405,411.126,0,0,0,0,0,0,0,0,0,2,2,2,2,0,0,0,0
270,3658.010,9334.821,-152.656,-25.382,0.903119,0.422789,0.075007,-0.428491,0.898674,0.093710,-0.027788,-0.116771,0.992770,0,0.34863,-0.83801,10.668,-0.206,239.453,283.885,454.018,275.829,455.637,284.755,283.192,291.873,341.544,-1,-1,-1,-1,315.203,405.045,262.521,435.336,0,0,0,0,0,0,0,0,0,2,2,2,2,0,0,0,0
271,3666.925,9328.812,-153.047,-25.593,0.901823,0.427575,0.062409,-0.431941,0.896015,0.102883,-0.011929,-0.119739,0.992734,0,0.34729,-0.83801,10.751,-0.210,239.610,285.492,488.664,281.324,504.972,281.275,280.398,290.826,345.801,-1,-1,-1,-1,311.261,426.016,265.951,473.940,0,0,0,0,0,0,0,0,0,2,2,2,2,0,0,0,0
272,3674.918,9322.098,-153.427,-26.041,0.898470,0.436013,0.051418,-0.439011,0.891037,0.115418,0.004508,-0.126273,0.991985,0,0.34596,-0.83801,10.440,-0.448,239.242,287.089,528.481,300.535,567.785,278.432,277.434,288.455,358.363,682.816,-1,-1,-1,307.063,451.191,269.181,524.969,0,0,0,0,0,0,0,0,0,0,2,2,2,0,0,0,0
273,3682.395,9315.504,-153.625,-26.604,0.893947,0.446068,0.043379,-0.447739,0.884640,0.130163,0.019687,-0.135781,0.990543,0,0.34546,-0.83801,9.968,-0.563,237.304,282.044,571.957,330.768,654.190,275.643,280.849,284.787,379.477,503.900,-1,-1,-1,302.300,474.922,269.134,580.045,0,0,0,0,0,0,0,0,0,0,2,2,2,0,0,0,0
274,3689.837,9309.708,-153.485,-27.091,0.889804,0.454780,0.037723,-0.455155,0.878494,0.145195,0.032893,-0.146365,0.988684,0,0.34538,-0.83801,9.433,-0.486,235.096,276.936,606.574,350.565,792.446,272.617,289.645,279.834,406.091,390.360,-1,-1,-1,297.326,502.891,267.463,653.723,0,0,0,0,0,0,0,0,0,0,2,2,2,0,0,0,0
275,3697.282,9305.169,-152.789,-27.434,0.886696,0.461093,0.034105,-0.460296,0.873398,0.159070,0.043559,-0.156745,0.986678,0,0.34514,-0.83801,8.719,-0.344,231.918,272.051,643.350,368.320,-1,269.384,298.347,273.045,435.809,300.810,-1,-1,-1,292.457,531.705,263.867,768.848,0,0,0,0,2,0,0,0,0,0,2,2,2,0,0,0,0
276,3704.553,9301.820,-151.385,-27.643,0.884693,0.464984,0.033284,-0.463352,0.869249,0.172366,0.051216,-0.167913,0.984470,0,0.34454,-0.83801,8.005,-0.209,227.109,267.246,669.359,384.774,-1,265.879,306.707,266.685,473.724,214.768,-1,-1,-1,287.506,557.685,258.275,-1,0,0,0,0,2,0,0,0,0,0,2,2,2,0,0,0,2
277,3711.091,9299.477,-149.079,-27.773,0.883420,0.467210,0.035846,-0.465245,0.865443,0.185889,0.055826,-0.180896,0.981917,0,0.34365,-0.83801,6.945,-0.130,221.030,262.743,692.428,397.776,-1,262.527,308.665,260.464,527.271,205.872,-1,-1,-1,282.689,581.257,251.779,-1,0,0,0,0,2,0,0,0,0,0,2,2,2,0,0,0,2
278,3717.074,9298.111,-145.936,-27.848,0.882655,0.468340,0.039712,-0.466308,0.861952,0.198985,0.058963,-0.194154,0.979198,0,0.34274,-0.83801,6.137,-0.074,215.368,259.065,715.624,409.287,-1,259.817,310.575,255.070,597.550,198.966,-1,-1,-1,278.682,605.590,245.973,-1,0,0,0,0,2,0,0,0,0,0,2,2,2,0,0,0,2
279,3722.677,9297.248,-142.096,-27.876,0.882226,0.468852,0.043061,-0.466646,0.858572,0.212356,0.062593,-0.207440,0.976243,0,0.34183,-0.83801,5.670,-0.029,211.271,256.560,742.461,423.476,-1,258.166,313.848,250.440,679.268,193.052,-1,-1,-1,275.968,642.471,241.949,-1,0,0,0,0,2,0,0,0,1,0,2,2,2,0,0,0,2
280,3728.113,9296.574,-137.849,-27.862,0.882025,0.469103,0.044426,-0.466260,0.855267,0.226097,0.068067,-0.220137,0.973091,0,0.34089,-0.83801,5.477,0.014,209.324,255.332,762.359,441.356,-1,257.698,326.644,246.881,673.867,189.034,-1,-1,-1,275.408,696.182,240.259,-1,0,0,0,0,2,0,0,0,1,0,2,2,2,0,0,0,2
281,3733.594,9295.812,-133.549,-27.788,0.882121,0.469056,0.042993,-0.464844,0.852180,0.240226,0.076041,-0.231894,0.969764,0,0.52243,-0.69949,5.533,0.074,209.427,255.223,788.411,464.337,-1,258.234,342.713,244.135,668.059,188.304,-1,-1,-1,277.493,766.057,240.811,-1,0,0,0,0,2,0,0,0,1,0,2,2,2,0,0,0,2
282,3739.314,9294.750,-129.511,-27.661,0.882373,0.468964,0.038609,-0.462484,0.849195,0.254906,0.086756,-0.242778,0.966195,0,0.52055,-0.69949,5.818,0.127,211.111,255.897,823.637,495.172,-1,261.778,360.925,241.716,699.285,187.305,-1,-1,-1,280.987,895.956,243.107,-1,0,0,0,0,2,0,0,0,1,0,2,2,2,0,0,0,2
283,3745.317,9293.272,-125.946,-27.517,0.882427,0.469352,0.032106,-0.459688,0.845719,0.271011,0.100047,-0.253906,0.962041,0,0.51834,-0.69949,6.182,0.144,213.427,256.925,-1,530.201,-1,270.426,380.116,238.736,706.726,185.703,-1,-1,-1,285.240,-1,245.321,-1,0,0,2,0,2,0,0,0,1,0,2,2,2,0,2,0,2
284,3751.778,9291.547,-123.066,-27.292,0.882764,0.469231,0.023428,-0.455469,0.842515,0.287605,0.115215,-0.264559,0.957462,0,0.51593,-0.69949,6.687,0.225,215.798,258.079,-1,571.052,-1,279.329,400.897,235.287,-1,183.690,968.828,-1,-1,303.584,-1,245.847,-1,0,0,2,0,2,0,0,0,2,0,0,2,2,0,2,0,2
285,3758.548,9289.548,-120.900,-27.026,0.883074,0.469022,0.014100,-0.450449,0.838923,0.305457,0.131437,-0.276092,0.952102,0,0.51427,-0.69949,7.059,0.266,217.096,259.830,-1,617.759,-1,288.035,420.511,230.648,-1,181.124,879.482,-1,-1,329.399,-1,245.595,-1,0,0,2,0,2,0,0,0,2,0,0,2,2,0,2,0,2
286,3765.041,9287.128,-119.122,-26.906,0.882219,0.470779,0.007553,-0.447700,0.833787,0.323054,0.145789,-0.288386,0.946351,0,0.51427,-0.69949,6.929,0.119,216.625,261.204,-1,675.211,-1,302.184,438.796,225.312,-1,180.834,732.488,962.895,-1,352.298,-1,243.687,-1,0,0,2,0,2,0,0,0,2,0,0,0,2,0,2,0,2
287,3770.905,9284.230,-117.480,-26.977,0.880238,0.474507,0.004948,-0.448066,0.827665,0.337945,0.156262,-0.299689,0.941153,0,0.51427,-0.69949,6.541,-0.071,213.985,260.264,-1,727.593,-1,321.984,453.547,220.534,-1,181.976,187.819,925.951,-1,364.232,-1,240.215,-1,0,0,2,0,2,0,0,0,2,0,0,0,2,0,2,0,2
288,3776.271,9280.971,-115.948,-27.186,0.877644,0.479290,0.004630,-0.450786,0.822089,0.347795,0.162889,-0.307327,0.937559,0,0.51427,-0.69949,6.279,-0.209,210.875,257.592,-1,768.188,-1,330.809,465.004,217.471,-1,184.926,190.193,906.268,-1,371.039,-1,236.187,-1,0,0,2,0,2,0,0,0,2,0,0,0,2,0,2,0,2
289,3781.136,9277.381,-114.472,-27.497,0.874752,0.484536,0.005785,-0.455303,0.817775,0.352056,0.165853,-0.310596,0.935961,0,0.51427,-0.69949,6.046,-0.310,206.999,260.441,-1,798.636,-1,336.119,470.717,216.496,-1,189.680,194.593,902.055,-1,375.006,-1,232.143,-1,0,0,2,0,2,0,0,0,2,0,0,0,2,0,2,0,2
290,3785.557,9273.433,-113.042,-27.867,0.871765,0.489869,0.007393,-0.460931,0.814967,0.351243,0.166038,-0.309609,0.936255,0,0.51427,-0.69949,5.927,-0.370,203.491,264.237,-1,804.049,-1,338.554,471.647,217.589,-1,196.033,200.678,909.170,-1,377.424,-1,228.565,-1,0,0,2,0,2,0,0,0,2,0,0,0,2,0,2,0,2
291,3789.639,9269.084,-111.767,-28.281,0.868653,0.495342,0.008839,-0.467351,0.813386,0.346389,0.164392,-0.305023,0.938049,0,0.51427,-0.69949,5.964,-0.414,200.686,268.488,-1,790.187,-1,338.807,469.021,220.337,-1,203.679,207.895,923.291,-1,379.033,-1,225.523,-1,0,0,2,0,2,0,0,0,2,0,0,0,2,0,2,0,2
292,3793.509,9264.380,-110.834,-28.715,0.865504,0.500807,0.009727,-0.474144,0.812854,0.338312,0.161523,-0.297423,0.940984,0,0.51427,-0.69949,6.092,-0.434,198.351,272.624,-1,762.148,-1,337.353,463.454,224.066,-1,212.285,215.756,941.232,-1,379.847,-1,222.809,-1,0,0,2,0,2,0,0,0,2,0,0,0,2,0,2,0,2
293,3797.328,9259.244,-110.434,-29.144,0.862365,0.506194,0.009731,-0.480859,0.812886,0.328621,0.158436,-0.288071,0.944412,0,0.51427,-0.69949,6.400,-0.429,196.118,276.098,-1,728.583,-1,334.835,456.262,228.152,-1,221.368,223.574,957.974,-1,380.141,-1,220.846,-1,0,0,2,0,2,0,0,0,2,0,0,0,2,0,2,0,2
294,3801.195,9253.569,-110.679,-29.573,0.859036,0.511847,0.008413,-0.487460,0.812868,0.318790,0.156333,-0.277953,0.947788,0,0.51427,-0.69949,6.867,-0.429,193.886,279.920,-1,704.043,-1,332.477,449.169,232.024,-1,230.529,558.901,968.202,-1,380.995,-1,220.109,-1,0,0,2,0,2,0,0,0,2,0,0,0,2,0,2,0,2
295,3805.167,9247.309,-111.652,-30.005,0.855366,0.517996,0.005348,-0.493944,0.812450,0.309750,0.156104,-0.267591,0.950803,0,0.51427,-0.69949,7.414,-0.432,191.685,284.977,-1,684.457,-1,331.189,443.025,235.316,-1,239.454,236.020,967.371,-1,383.325,-1,219.702,-1,0,0,2,0,2,0,0,0,2,0,0,0,2,0,2,0,2
296,3809.264,9240.452,-113.381,-30.439,0.851315,0.524655,0.000212,-0.500246,0.811586,0.301797,0.158167,-0.257031,0.953372,0,0.51427,-0.69949,7.987,-0.434,189.637,287.214,-1,669.938,-1,331.310,437.528,238.198,-1,248.001,239.712,953.443,-1,387.611,-1,217.608,-1,0,0,2,0,2,0,0,0,2,0,0,0,2,0,2,0,2
297,3813.498,9233.055,-115.746,-30.880,0.846909,0.531696,-0.006684,-0.506463,0.810419,0.294476,0.161988,-0.246009,0.955635,0,0.51427,-0.69949,8.523,-0.441,187.734,290.316,-1,657.217,-1,332.036,432.956,240.149,-1,256.380,242.063,911.602,-1,393.716,-1,209.822,-1,0,0,2,0,2,0,0,0,2,0,0,0,2,0,2,0,2
298,3817.959,9225.281,-118.301,-31.332,0.842329,0.538792,-0.013595,-0.512787,0.808930,0.287546,0.165925,-0.235237,0.957670,0,0.51427,-0.69949,8.963,-0.452,185.356,293.145,-1,643.748,-1,332.441,428.035,240.935,1001.956,265.004,244.460,864.522,-1,399.586,-1,201.215,-1,0,0,2,0,2,0,0,0,0,0,0,0,2,0,2,0,2
299,3822.952,9217.369,-120.698,-31.762,0.838006,0.545293,-0.020031,-0.518819,0.807618,0.280320,0.169034,-0.224518,0.959698,0,0.51427,-0.69949,9.356,-0.430,183.723,295.033,-1,627.808,-1,331.683,421.968,241.713,907.969,274.257,247.950,810.169,-1,404.075,-1,191.804,-1,0,0,2,0,2,0,0,0,0,0,0,0,2,0,2,0,2
300,3828.425,9209.304,-122.674,-32.213,0.833581,0.551804,-0.025614,-0.525202,0.806059,0.272820,0.171190,-0.213964,0.961724,0,0.51427,-0.69949,9.747,-0.451,182.319,296.422,-1,610.346,-1,330.284,415.157,242.654,825.923,284.449,252.796,751.000,-1,406.378,-1,181.539,-1,0,0,2,0,2,0,0,0,0,0,0,0,2,0,2,0,2
301,3834.200,9200.986,-124.172,-32.689,0.828956,0.558460,-0.030897,-0.531956,0.804269,0.264904,0.172788,-0.203158,0.963780,0,0.51427,-0.69949,10.126,-0.476,177.424,297.752,-1,592.677,-1,329.067,408.233,244.150,749.916,292.466,259.088,678.487,-1,409.311,-1,170.963,-1,0,0,2,0,2,0,0,0,0,0,0,0,2,0,2,0,2
302,3840.315,9192.646,-125.290,-33.110,0.824720,0.564233,-0.038441,-0.537828,0.803509,0.255174,0.174865,-0.189772,0.966131,0,0.32126,-1.00000,10.341,-0.421,168.531,300.373,-1,575.459,-1,326.603,401.946,247.505,668.848,302.471,266.828,603.112,-1,415.540,-1,162.047,-1,0,0,2,0,2,0,0,0,0,0,0,0,2,0,2,0,2
303,3846.538,9184.305,-126.121,-33.488,0.820738,0.569285,-0.047991,-0.542991,0.803423,0.244280,0.177622,-0.174432,0.968516,0,0.32126,-1.00000,10.407,-0.378,161.351,304.503,-1,559.851,-1,325.430,396.766,252.837,591.844,314.212,274.684,328.756,-1,424.887,-1,154.681,-1,0,0,2,0,2,0,0,0,0,0,0,0,2,0,2,0,2
304,3852.943,9175.991,-126.509,-33.798,0.816924,0.573647,-0.059704,-0.546847,0.803311,0.235903,0.183286,-0.160066,0.969941,0,0.32126,-1.00000,10.495,-0.310,156.007,312.137,-1,556.257,-1,328.361,397.547,258.467,531.671,324.144,281.668,324.242,-1,440.382,-1,149.157,-1,0,0,2,0,2,0,0,0,0,0,0,0,2,0,2,0,2
305,3858.411,9168.400,-125.821,-34.199,0.811804,0.579793,-0.069385,-0.551678,0.800476,0.234285,0.191378,-0.151915,0.969689,0,0.32126,-1.00000,9.355,-0.401,151.106,323.477,-1,571.837,-1,337.985,406.219,262.183,506.119,328.560,287.225,319.815,-1,462.752,-1,144.520,-1,0,0,2,0,2,0,0,0,0,0,0,0,2,0,2,0,2
306,3862.822,9162.436,-124.042,-34.544,0.807168,0.585317,-0.076712,-0.555654,0.797200,0.236054,0.199321,-0.147909,0.968707,0,0.32126,-1.00000,7.418,-0.345,148.139,336.151,-1,596.002,-1,350.084,418.836,265.176,501.259,330.869,291.949,317.676,-1,487.314,-1,141.899,-1,0,0,2,0,2,0,0,0,0,0,0,0,2,0,2,0,2
307,3865.931,9158.556,-121.343,-34.775,0.803748,0.589154,-0.082987,-0.558102,0.794909,0.237996,0.206183,-0.144973,0.967714,0,0.32126,-1.00000,4.972,-0.232,148.911,350.250,-1,621.992,-1,363.314,431.831,269.097,504.459,333.750,295.819,317.685,-1,511.460,-1,142.804,-1,0,0,2,0,2,0,0,0,0,0,0,0,2,0,2,0,2
308,3867.829,9155.918,-117.755,-35.013,0.800255,0.593053,-0.088766,-0.560622,0.792453,0.240253,0.212825,-0.142499,0.966643,0,0.32126,-1.00000,3.250,-0.238,152.659,366.958,-1,662.020,-1,378.493,447.511,274.168,513.867,337.161,299.079,319.330,-1,538.581,-1,298.906,-1,0,0,2,0,2,0,0,0,0,0,0,0,2,0,2,0,2
309,700.496,4196.967,293.259,95.368,-0.093510,-0.986411,-0.135092,0.995194,-0.088642,-0.041622,0.029081,-0.138335,0.989958,1,0.32126,-1.00000,0.000,0.000,-1,-1,-1,-1,-1,-1,-1,515.606,698.898,-1,-1,-1,-1,-1,-1,-1,-1,2,2,2,2,2,2,2,0,0,2,2,2,2,2,2,2,2
310,699.694,4195.012,296.157,95.214,-0.090862,-0.986392,-0.137019,0.995639,-0.087053,-0.033550,0.021166,-0.139470,0.990000,0,0.52149,-0.22619,2.113,-0.153,-1,-1,-1,-1,-1,-1,-1,519.900,709.216,-1,-1,-1,-1,-1,-1,-1,-1,2,2,2,2,2,2,2,0,0,2,2,2,2,2,2,2,2
311,699.056,4194.027,300.905,95.129,-0.089385,-0.987250,-0.131715,0.995838,-0.086218,-0.029560,0.017827,-0.133809,0.990847,0,0.52201,-0.22459,1.173,-0.085,-1,-1,-1,-1,-1,-1,-1,542.158,708.610,-1,-1,-1,-1,-1,-1,-1,-1,2,2,2,2,2,2,2,0,0,2,2,2,2,2,2,2,2
312,698.524,4193.861,306.400,95.093,-0.088756,-0.988392,-0.123300,0.995904,-0.085919,-0.028149,0.017228,-0.125293,0.991970,0,0.52229,-0.22373,0.557,-0.036,-1,-1,-1,-1,-1,-1,-1,573.054,703.443,-1,-1,-1,-1,-1,-1,-1,-1,2,2,2,2,2,2,2,0,0,2,2,2,2,2,2,2,2
313,698.025,4194.392,311.713,95.099,-0.088870,-0.989423,-0.114649,0.995879,-0.086173,-0.028276,0.018098,-0.116689,0.993004,0,0.52240,-0.22341,0.729,0.007,-1,-1,-1,-1,-1,-1,-1,598.921,697.717,-1,-1,-1,-1,-1,-1,-1,-1,2,2,2,2,2,2,2,0,0,2,2,2,2,2,2,2,2
314,697.461,4195.501,316.299,95.191,-0.090459,-0.990207,-0.106336,0.995685,-0.087704,-0.030320,0.020697,-0.108620,0.993868,0,0.52234,-0.22357,1.245,0.092,-1,-1,-1,-1,-1,-1,-1,623.123,691.467,-1,-1,-1,-1,-1,-1,-1,-1,2,2,2,2,2,2,2,0,0,2,2,2,2,2,2,2,2
315,696.865,4197.262,319.826,95.348,-0.093179,-0.990746,-0.098688,0.995317,-0.090126,-0.034959,0.025741,-0.101483,0.994504,0,0.52200,-0.22463,1.858,0.157,-1,-1,-1,-1,-1,-1,-1,644.207,684.808,-1,-1,-1,-1,-1,-1,-1,-1,2,2,2,2,2,2,2,0,0,2,2,2,2,2,2,2,2
316,696.231,4199.638,322.143,95.555,-0.096747,-0.991111,-0.091316,0.994763,-0.093248,-0.041848,0.032960,-0.094887,0.994942,0,0.52142,-0.22640,2.460,0.207,-1,-1,-1,-1,-1,-1,-1,662.432,676.627,-1,-1,-1,-1,-1,-1,-1,-1,2,2,2,2,2,2,2,0,0,2,2,2,2,2,2,2,2
317,695.569,4202.523,323.213,95.782,-0.100656,-0.991369,-0.083996,0.994039,-0.096654,-0.050437,0.041883,-0.088572,0.995189,0,0.52066,-0.22871,2.960,0.227,-1,-1,-1,-1,-1,-1,-1,678.040,666.223,-1,-1,-1,-1,-1,-1,-1,-1,2,2,2,2,2,2,2,0,0,2,2,2,2,2,2,2,2
318,694.862,4205.829,323.037,96.025,-0.104813,-0.991547,-0.076480,0.993128,-0.100332,-0.060253,0.052070,-0.082270,0.995249,0,0.51983,-0.23127,3.381,0.243,-1,-1,-1,-1,-1,-1,-1,691.207,652.780,-1,-1,-1,-1,-1,-1,-1,-1,2,2,2,2,2,2,2,0,0,2,2,2,2,2,2,2,2
319,694.278,4209.480,321.797,96.232,-0.108348,-0.991736,-0.068712,0.992150,-0.103533,-0.070138,0.062445,-0.075772,0.995168,0,0.51893,-0.23402,3.698,0.208,-1,-1,-1,-1,-1,-1,-1,702.315,636.945,-1,-1,-1,-1,-1,-1,-1,-1,2,2,2,2,2,2,2,0,0,2,2,2,2,2,2,2,2
320,693.979,4213.411,319.952,96.363,-0.110541,-0.991928,-0.062133,0.991260,-0.105505,-0.079197,0.072002,-0.070344,0.994921,0,0.51814,-0.23644,3.942,0.131,-1,-1,-1,-1,-1,-1,-1,710.400,622.188,-1,-1,-1,-1,-1,-1,-1,-1,2,2,2,2,2,2,2,0,0,2,2,2,2,2,2,2,2
321,693.999,4217.400,318.190,96.384,-0.110855,-0.992035,-0.059819,0.990805,-0.105619,-0.084555,0.077564,-0.068643,0.994622,0,0.51760,-0.23807,3.990,0.021,-1,-1,-1,-1,-1,-1,-1,711.152,614.507,-1,-1,-1,-1,-1,-1,-1,-1,2,2,2,2,2,2,2,0,0,2,2,2,2,2,2,2,2
322,694.177,4221.425,316.794,96.305,-0.109485,-0.992067,-0.061768,0.990887,-0.104028,-0.085563,0.078459,-0.070573,0.994416,0,0.51744,-0.23858,4.028,-0.079,-1,-1,-1,-1,-1,-1,-1,705.126,614.051,-1,-1,-1,-1,-1,-1,-1,-1,2,2,2,2,2,2,2,0,0,2,2,2,2,2,2,2,2
323,694.357,4225.537,315.842,96.151,-0.106836,-0.992031,-0.066791,0.991414,-0.101195,-0.082807,0.075388,-0.075064,0.994325,0,0.51760,-0.23808,4.116,-0.155,-1,-1,-1,-1,-1,-1,-1,694.806,619.134,-1,-1,-1,-1,-1,-1,-1,-1,2,2,2,2,2,2,2,0,0,2,2,2,2,2,2,2,2
324,694.481,4229.838,315.292,95.946,-0.103333,-0.991927,-0.073508,0.992185,-0.097598,-0.077745,0.069943,-0.080967,0.994260,0,0.51801,-0.23683,4.303,-0.205,-1,-1,-1,-1,-1,-1,-1,682.505,627.818,-1,-1,-1,-1,-1,-1,-1,-1,2,2,2,2,2,2,2,0,0,2,2,2,2,2,2,2,2
325,694.530,4234.353,315.080,95.713,-0.099336,-0.991746,-0.081064,0.992999,-0.093568,-0.072102,0.063922,-0.087659,0.994098,0,0.51858,-0.23509,4.515,-0.233,-1,-1,-1,-1,-1,-1,-1,669.265,639.083,-1,-1,-1,-1,-1,-1,-1,-1,2,2,2,2,2,2,2,0,0,2,2,2,2,2,2,2,2
326,694.563,4239.215,315.174,95.440,-0.094637,-0.991519,-0.089076,0.993772,-0.088804,-0.067320,0.058838,-0.094893,0.993747,0,0.51923,-0.23310,4.862,-0.273,-1,-1,-1,-1,-1,-1,-1,656.576,652.689,-1,-1,-1,-1,-1,-1,-1,-1,2,2,2,2,2,2,2,0,0,2,2,2,2,2,2,2,2
327,694.556,4244.459,315.598,95.154,-0.089705,-0.991208,-0.097260,0.994466,-0.083779,-0.063393,0.054688,-0.102409,0.993238,0,0.52000,-0.23074,5.244,-0.286,-1,-1,-1,-1,-1,-1,-1,644.760,668.099,-1,-1,-1,-1,-1,-1,-1,-1,2,2,2,2,2,2,2,0,0,2,2,2,2,2,2,2,2
328,694.378,4249.999,316.329,94.907,-0.085421,-0.990798,-0.104989,0.995044,-0.079452,-0.059785,0.050893,-0.109576,0.992675,0,0.52080,-0.22829,5.542,-0.248,-1,-1,-1,-1,-1,-1,-1,634.582,683.531,-1,-1,-1,-1,-1,-1,-1,-1,2,2,2,2,2,2,2,0,0,2,2,2,2,2,2,2,2
329,693.987,4255.967,317.282,94.697,-0.081796,-0.990321,-0.112133,0.995501,-0.075784,-0.056876,0.047828,-0.116281,0.992064,0,0.52147,-0.22625,5.981,-0.209,-1,-1,-1,-1,-1,-1,-1,626.042,698.959,-1,-1,-1,-1,-1,-1,-1,-1,2,2,2,2,2,2,2,0,0,2,2,2,2,2,2,2,2
330,693.309,4262.473,318.320,94.552,-0.079281,-0.989803,-0.118343,0.995806,-0.073200,-0.054881,0.045659,-0.122197,0.991455,0,0.52199,-0.22466,6.541,-0.145,-1,-1,-1,-1,-1,-1,-1,619.291,713.168,-1,-1,-1,-1,-1,-1,-1,-1,2,2,2,2,2,2,2,0,0,2,2,2,2,2,2,2,2
331,692.393,4269.379,319.294,94.473,-0.077919,-0.989249,-0.123757,0.995996,-0.071784,-0.053290,0.043833,-0.127414,0.990881,0,0.38111,-0.14474,6.967,-0.079,-1,-1,-1,-1,-1,-1,-1,613.677,725.793,-1,-1,-1,-1,-1,-1,-1,-1,2,2,2,2,2,2,2,0,0,2,2,2,2,2,2,2,2
332,691.476,4276.549,320.093,94.393,-0.076524,-0.988675,-0.129097,0.996186,-0.070368,-0.051596,0.041927,-0.132553,0.990289,0,0.38115,-0.14458,7.228,-0.081,-1,-1,-1,-1,-1,-1,-1,607.977,738.036,-1,-1,-1,-1,-1,-1,-1,-1,2,2,2,2,2,2,2,0,0,2,2,2,2,2,2,2,2
333,690.582,4283.931,320.709,94.292,-0.074775,-0.988095,-0.134453,0.996401,-0.068634,-0.049753,0.039933,-0.137689,0.989670,0,0.38118,-0.14443,7.436,-0.101,-1,-1,-1,-1,-1,-1,-1,602.084,750.044,-1,-1,-1,-1,-1,-1,-1,-1,2,2,2,2,2,2,2,0,0,2,2,2,2,2,2,2,2
334,689.640,4291.577,321.290,94.197,-0.073139,-0.987620,-0.138774,0.996558,-0.066927,-0.048918,0.039024,-0.141875,0.989115,0,0.38127,-0.14409,7.704,-0.094,-1,-1,-1,-1,-1,-1,-1,597.914,760.028,-1,-1,-1,-1,-1,-1,-1,-1,2,2,2,2,2,2,2,0,0,2,2,2,2,2,2,2,2
335,688.813,4299.561,321.909,94.096,-0.071369,-0.987301,-0.141930,0.996663,-0.064937,-0.049453,0.039609,-0.144986,0.988641,0,0.38132,-0.14384,8.026,-0.102,-1,-1,-1,-1,-1,-1,-1,595.840,767.724,-1,-1,-1,-1,-1,-1,-1,-1,2,2,2,2,2,2,2,0,0,2,2,2,2,2,2,2,2
336,688.117,4307.887,322.430,93.993,-0.069574,-0.987202,-0.143501,0.996749,-0.062936,-0.050296,0.040621,-0.146534,0.988371,0,0.38140,-0.14354,8.356,-0.103,-1,-1,-1,-1,-1,-1,-1,595.744,771.305,-1,-1,-1,-1,-1,-1,-1,-1,2,2,2,2,2,2,2,0,0,2,2,2,2,2,2,2,2
337,687.493,4316.487,322.652,93.923,-0.068368,-0.987350,-0.143060,0.996845,-0.061812,-0.049783,0.040310,-0.146012,0.988461,0,0.38147,-0.14323,8.623,-0.069,-1,-1,-1,-1,-1,-1,-1,598.038,768.465,-1,-1,-1,-1,-1,-1,-1,-1,2,2,2,2,2,2,2,0,0,2,2,2,2,2,2,2,2
338,686.917,4325.372,322.467,93.885,-0.067701,-0.987663,-0.141203,0.996961,-0.061501,-0.047826,0.038552,-0.144011,0.988825,0,0.38146,-0.14328,8.903,-0.039,-1,-1,-1,-1,-1,-1,-1,601.700,760.344,-1,-1,-1,-1,-1,-1,-1,-1,2,2,2,2,2,2,2,0,0,2,2,2,2,2,2,2,2
339,686.357,4334.585,321.890,93.877,-0.067572,-0.988045,-0.138566,0.997064,-0.061861,-0.045122,0.036010,-0.141208,0.989325,0,0.38137,-0.14366,9.230,-0.008,-1,-1,-1,-1,-1,-1,-1,606.062,749.122,-1,-1,-1,-1,-1,-1,-1,-1,2,2,2,2,2,2,2,0,0,2,2,2,2,2,2,2,2
340,685.778,4344.164,320.980,93.899,-0.067954,-0.988397,-0.135844,0.997132,-0.062736,-0.042333,0.033319,-0.138331,0.989825,0,0.38120,-0.14437,9.597,0.022,-1,-1,-1,-1,-1,-1,-1,609.897,736.890,-1,-1,-1,-1,-1,-1,-1,-1,2,2,2,2,2,2,2,0,0,2,2,2,2,2,2,2,2
341,685.053,4354.105,319.726,93.963,-0.069079,-0.988727,-0.132842,0.997143,-0.064352,-0.039556,0.030562,-0.135195,0.990348,0,0.38095,-0.14541,9.967,0.064,-1,-1,-1,-1,-1,-1,-1,613.436,723.151,-1,-1,-1,-1,-1,-1,-1,-1,2,2,2,2,2,2,2,0,0,2,2,2,2,2,2,2,2
342,684.102,4364.313,317.977,94.088,-0.071255,-0.989150,-0.128471,0.997096,-0.067165,-0.035896,0.026878,-0.130656,0.991063,0,0.38059,-0.14692,10.252,0.125,-1,-1,-1,-1,-1,-1,-1,618.034,704.827,-1,-1,-1,-1,-1,-1,-1,-1,2,2,2,2,2,2,2,0,0,2,2,2,2,2,2,2,2
343,683.029,4374.735,315.526,94.247,-0.074033,-0.989790,-0.121796,0.997028,-0.070854,-0.030231,0.021292,-0.123672,0.992095,0,0.38007,-0.14909,10.477,0.159,-1,-1,-1,-1,-1,-1,-1,624.972,678.621,-1,-1,-1,-1,-1,-1,-1,-1,2,2,2,2,2,2,2,0,0,2,2,2,2,2,2,2,2
344,681.984,4385.315,312.195,94.417,-0.077002,-0.990590,-0.113145,0.996937,-0.074939,-0.022385,0.013696,-0.114522,0.993326,0,0.37947,-0.15163,10.631,0.170,-1,-1,-1,-1,-1,-1,-1,633.471,645.503,-1,-1,-1,-1,-1,-1,-1,-1,2,2,2,2,2,2,2,0,0,2,2,2,2,2,2,2,2
345,680.991,4396.079,307.932,94.596,-0.080122,-0.991445,-0.103037,0.996775,-0.079222,-0.012809,0.004537,-0.103731,0.994595,0,0.37883,-0.15430,10.809,0.179,-1,-1,-1,-1,-1,-1,-1,642.334,607.587,-1,-1,-1,-1,-1,-1,-1,-1,2,2,2,2,2,2,2,0,0,2,2,2,2,2,2,2,2
346,680.032,4407.048,302.718,94.785,-0.083422,-0.992301,-0.091543,0.996496,-0.083620,-0.001679,-0.005989,-0.091362,0.995800,0,0.37817,-0.15707,11.011,0.190,-1,-1,-1,-1,-1,-1,-1,652.202,565.621,-1,-1,-1,-1,-1,-1,-1,-1,2,2,2,2,2,2,2,0,0,2,2,2,2,2,2,2,2
347,679.121,4409.597,303.365,94.485,-0.078201,-0.991931,-0.099784,0.996870,-0.078965,0.003724,-0.011573,-0.099180,0.995002,0,0.44872,-0.40338,2.707,-0.300,-1,-1,-1,-1,-1,-1,-1,640.487,582.292,-1,-1,-1,-1,-1,-1,-1,-1,2,2,2,2,2,2,2,0,0,2,2,2,2,2,2,2,2
348,678.452,4412.857,303.039,94.273,-0.074494,-0.991415,-0.107459,0.997078,-0.075876,0.008821,-0.016899,-0.106488,0.994170,0,0.44948,-0.40069,3.329,-0.213,-1,-1,-1,-1,-1,-1,-1,627.971,595.517,-1,-1,-1,-1,-1,-1,-1,-1,2,2,2,2,2,2,2,0,0,2,2,2,2,2,2,2,2
349,677.708,4414.930,303.251,94.018,-0.070060,-0.990547,-0.117930,0.997321,-0.072048,0.012674,-0.021051,-0.116726,0.992941,0,0.44999,-0.39890,2.202,-0.254,-1,-1,-1,-1,-1,-1,-1,612.297,617.600,-1,-1,-1,-1,-1,-1,-1,-1,2,2,2,2,2,2,2,0,0,2,2,2,2,2,2,2,2
350,676.879,4417.247,302.899,93.833,-0.066821,-0.989660,-0.126916,0.997449,-0.069461,0.016483,-0.025128,-0.125491,0.991777,0,0.45064,-0.39661,2.461,-0.186,-1,-1,-1,-1,-1,-1,-1,598.233,635.784,-1,-1,-1,-1,-1,-1,-1,-1,2,2,2,2,2,2,2,0,0,2,2,2,2,2,2,2,2
351,676.005,4419.412,302.328,93.668,-0.063952,-0.988778,-0.135015,0.997520,-0.067322,0.020538,-0.029397,-0.133367,0.990631,0,0.45108,-0.39503,2.334,-0.164,-1,-1,-1,-1,-1,-1,-1,585.404,651.977,-1,-1,-1,-1,-1,-1,-1,-1,2,2,2,2,2,2,2,0,0,2,2,2,2,2,2,2,2
352,675.150,4421.011,301.925,93.511,-0.061205,-0.987802,-0.143183,0.997547,-0.065419,0.024906,-0.033969,-0.141308,0.989383,0,0.45147,-0.39366,1.813,-0.157,-1,-1,-1,-1,-1,-1,-1,572.723,669.532,-1,-1,-1,-1,-1,-1,-1,-1,2,2,2,2,2,2,2,0,0,2,2,2,2,2,2,2,2
353,674.423,4422.006,301.793,93.342,-0.058255,-0.986705,-0.151721,0.997536,-0.063484,0.029853,-0.039088,-0.149608,0.987972,0,0.45186,-0.39231,1.232,-0.169,-1,-1,-1,-1,-1,-1,-1,560.203,689.426,-1,-1,-1,-1,-1,-1,-1,-1,2,2,2,2,2,2,2,0,0,2,2,2,2,2,2,2,2
354,673.838,4422.482,301.867,93.138,-0.054686,-0.985561,-0.160244,0.997496,-0.061132,0.035571,-0.044853,-0.157898,0.986436,0,0.45229,-0.39078,0.754,-0.204,-1,-1,-1,-1,-1,-1,-1,547.357,710.725,-1,-1,-1,-1,-1,-1,-1,-1,2,2,2,2,2,2,2,0,0,2,2,2,2,2,2,2,2
355,673.317,4422.823,301.955,92.927,-0.050999,-0.984455,-0.168068,0.997396,-0.058798,0.041760,-0.050993,-0.165500,0.984891,0,0.45284,-0.38884,0.622,-0.211,-1,-1,-1,-1,-1,-1,-1,534.067,731.331,-1,-1,-1,-1,-1,-1,-1,-1,2,2,2,2,2,2,2,0,0,2,2,2,2,2,2,2,2
356,672.799,4423.076,302.273,92.722,-0.047422,-0.983365,-0.175342,0.997267,-0.056565,0.047519,-0.056647,-0.172610,0.983360,0,0.45341,-0.38682,0.577,-0.205,-1,-1,-1,-1,-1,-1,-1,522.582,752.263,-1,-1,-1,-1,-1,-1,-1,-1,2,2,2,2,2,2,2,0,0,2,2,2,2,2,2,2,2
357,672.314,4423.112,303.046,92.563,-0.044627,-0.982676,-0.179879,0.997150,-0.054781,0.051880,-0.060835,-0.177051,0.982320,0,0.45397,-0.38485,0.486,-0.160,-1,-1,-1,-1,-1,1006.103,992.027,516.885,767.365,-1,-1,-1,-1,-1,-1,-1,-1,2,2,2,2,2,0,0,0,0,2,2,2,2,2,2,2,2
358,671.993,4423.200,303.566,92.456,-0.042767,-0.982338,-0.182163,0.997008,-0.053713,0.055580,-0.064383,-0.179241,0.981696,0,0.45441,-0.38330,0.333,-0.106,-1,-1,-1,-1,-1,987.529,973.771,514.344,775.325,-1,-1,-1,-1,-1,-1,-1,-1,2,2,2,2,2,0,0,0,0,2,2,2,2,2,2,2,2
359,671.812,4423.229,303.890,92.380,-0.041436,-0.982356,-0.182371,0.996911,-0.052839,0.058112,-0.066723,-0.179400,0.981511,0,0.45470,-0.38228,0.183,-0.076,-1,-1,-1,-1,-1,975.848,961.391,514.748,776.958,-1,-1,-1,-1,-1,-1,-1,-1,2,2,2,2,2,0,0,0,0,2,2,2,2,2,2,2,2
360,671.749,4423.268,303.923,92.344,-0.040809,-0.982672,-0.180802,0.996881,-0.052277,0.059123,-0.067551,-0.177826,0.981741,0,0.45491,-0.38154,0.074,-0.036,-1,-1,-1,-1,-1,971.962,956.087,517.430,772.743,-1,-1,-1,-1,-1,-1,-1,-1,2,2,2,2,2,0,0,0,0,2,2,2,2,2,2,2,2
361,671.794,4423.234,303.723,92.331,-0.040586,-0.983282,-0.177507,0.996945,-0.051715,0.058527,-0.066728,-0.174589,0.982378,0,0.45501,-0.38119,0.057,-0.013,-1,-1,-1,-1,-1,976.125,958.241,522.490,763.301,-1,-1,-1,-1,-1,-1,-1,-1,2,2,2,2,2,0,0,0,0,2,2,2,2,2,2,2,2
362,671.972,4423.220,303.238,92.370,-0.041267,-0.984104,-0.172732,0.997080,-0.051678,0.056214,-0.064247,-0.169908,0.983363,0,0.45505,-0.38106,0.179,0.039,-1,-1,-1,-1,-1,988.971,968.541,529.489,749.120,-1,-1,-1,-1,-1,-1,-1,-1,2,2,2,2,2,0,0,0,0,2,2,2,2,2,2,2,2
363,672.085,4423.128,302.951,92.416,-0.042085,-0.984762,-0.168739,0.997359,-0.051412,0.051294,-0.059188,-0.166135,0.984325,0,0.45494,-0.38142,0.145,0.046,-1,-1,-1,-1,-1,-1,994.656,535.809,738.217,-1,-1,-1,-1,-1,-1,-1,-1,2,2,2,2,2,2,0,0,0,2,2,2,2,2,2,2,2
364,672.140,4423.086,302.489,92.440,-0.042519,-0.985408,-0.164812,0.997677,-0.050664,0.045534,-0.053220,-0.162493,0.985273,0,0.45482,-0.38187,0.069,0.024,-1,-1,-1,-1,-1,-1,-1,541.779,727.622,-1,-1,-1,-1,-1,-1,-1,-1,2,2,2,2,2,2,2,0,0,2,2,2,2,2,2,2,2
365,672.215,4423.006,302.027,92.470,-0.043044,-0.986001,-0.161085,0.997973,-0.050000,0.039379,-0.046882,-0.159063,0.986155,0,0.45475,-0.38210,0.110,0.029,-1,-1,-1,-1,-1,-1,-1,547.492,717.820,-1,-1,-1,-1,-1,-1,-1,-1,2,2,2,2,2,2,2,0,0,2,2,2,2,2,2,2,2
366,672.296,4422.950,301.568,92.507,-0.043712,-0.986674,-0.156726,0.998218,-0.049515,0.033317,-0.040633,-0.154990,0.987080,0,0.45467,-0.38238,0.098,0.038,-1,-1,-1,-1,-1,-1,-1,553.622,706.551,-1,-1,-1,-1,-1,-1,-1,-1,2,2,2,2,2,2,2,0,0,2,2,2,2,2,2,2,2
367,672.393,4422.870,301.252,92.543,-0.044340,-0.987440,-0.151646,0.998416,-0.049061,0.027532,-0.034626,-0.150185,0.988051,0,0.45457,-0.38274,0.126,0.035,-1,-1,-1,-1,-1,-1,-1,560.461,694.138,-1,-1,-1,-1,-1,-1,-1,-1,2,2,2,2,2,2,2,0,0,2,2,2,2,2,2,2,2
368,672.491,4422.820,301.038,92.584,-0.045064,-0.988333,-0.145487,0.998560,-0.048807,0.022254,-0.029095,-0.144275,0.989110,0,0.45447,-0.38308,0.109,0.041,-1,-1,-1,-1,-1,-1,-1,568.851,679.568,-1,-1,-1,-1,-1,-1,-1,-1,2,2,2,2,2,2,2,0,0,2,2,2,2,2,2,2,2
369,672.630,4422.732,300.984,92.633,-0.045920,-0.989183,-0.139312,0.998644,-0.048879,0.017894,-0.024510,-0.138301,0.990087,0,0.45436,-0.38348,0.165,0.049,-1,-1,-1,-1,-1,-1,-1,577.638,665.237,-1,-1,-1,-1,-1,-1,-1,-1,2,2,2,2,2,2,2,0,0,2,2,2,2,2,2,2,2
370,672.780,4422.653,301.047,92.693,-0.046978,-0.990076,-0.132452,0.998680,-0.049307,0.014363,-0.020751,-0.131602,0.991085,0,0.45423,-0.38394,0.170,0.060,-1,-1,-1,-1,-1,-1,-1,587.813,649.886,-1,-1,-1,-1,-1,-1,-1,-1,2,2,2,2,2,2,2,0,0,2,2,2,2,2,2,2,2
371,672.949,4422.564,301.237,92.750,-0.047963,-0.990961,-0.125281,0.998698,-0.049762,0.011266,-0.017398,-0.124577,0.992057,0,0.45406,-0.38452,0.190,0.056,-1,-1,-1,-1,-1,-1,-1,598.942,634.677,-1,-1,-1,-1,-1,-1,-1,-1,2,2,2,2,2,2,2,0,0,2,2,2,2,2,2,2,2
372,673.125,4422.487,301.409,92.814,-0.049081,-0.991807,-0.117937,0.998694,-0.050408,0.008294,-0.014171,-0.117376,0.992986,0,0.52416,-0.72135,0.193,0.064,-1,-1,-1,-1,-1,-1,-1,610.574,619.301,-1,-1,-1,-1,-1,-1,-1,-1,2,2,2,2,2,2,2,0,0,2,2,2,2,2,2,2,2
373,673.307,4422.390,301.559,92.872,-0.050097,-0.992576,-0.110828,0.998688,-0.050961,0.004980,-0.010591,-0.110433,0.993827,0,0.52396,-0.72197,0.206,0.058,-1,-1,-1,-1,-1,-1,-1,622.099,605.011,-1,-1,-1,-1,-1,-1,-1,-1,2,2,2,2,2,2,2,0,0,2,2,2,2,2,2,2,2
374,673.476,4422.312,301.597,92.929,-0.051092,-0.993273,-0.103912,0.998672,-0.051500,0.001250,-0.006593,-0.103711,0.994586,0,0.52378,-0.72252,0.186,0.057,-1,-1,-1,-1,-1,-1,-1,633.381,591.432,-1,-1,-1,-1,-1,-1,-1,-1,2,2,2,2,2,2,2,0,0,2,2,2,2,2,2,2,2
375,673.649,4422.207,301.565,92.982,-0.052016,-0.993883,-0.097422,0.998644,-0.051965,-0.003063,-0.002018,-0.097449,0.995238,0,0.52360,-0.72307,0.202,0.053,-1,-1,-1,-1,-1,-1,-1,644.099,579.115,-1,-1,-1,-1,-1,-1,-1,-1,2,2,2,2,2,2,2,0,0,2,2,2,2,2,2,2,2
376,673.814,4422.119,301.431,93.036,-0.052967,-0.994420,-0.091237,0.998592,-0.052487,-0.007663,0.002832,-0.091514,0.995800,0,0.52343,-0.72357,0.187,0.055,-1,-1,-1,-1,-1,-1,-1,654.333,567.563,-1,-1,-1,-1,-1,-1,-1,-1,2,2,2,2,2,2,2,0,0,2,2,2,2,2,2,2,2
377,673.972,4422.020,301.342,93.087,-0.053849,-0.994801,-0.086433,0.998526,-0.053060,-0.011397,0.006752,-0.086919,0.996193,0,0.52326,-0.72409,0.187,0.051,-1,-1,-1,-1,-1,-1,-1,662.455,558.169,-1,-1,-1,-1,-1,-1,-1,-1,2,2,2,2,2,2,2,0,0,2,2,2,2,2,2,2,2
378,674.089,4421.960,301.290,93.130,-0.054591,-0.995031,-0.083268,0.998468,-0.053648,-0.013523,0.008988,-0.083879,0.996435,0,0.52311,-0.72457,0.132,0.043,-1,-1,-1,-1,-1,-1,-1,667.780,551.486,-1,-1,-1,-1,-1,-1,-1,-1,2,2,2,2,2,2,2,0,0,2,2,2,2,2,2,2,2
379,674.156,4421.922,301.333,93.155,-0.055028,-0.995108,-0.082050,0.998439,-0.054052,-0.014079,0.009575,-0.082697,0.996529,0,0.52297,-0.72498,0.077,0.025,-1,-1,-1,-1,-1,-1,-1,669.924,549.029,-1,-1,-1,-1,-1,-1,-1,-1,2,2,2,2,2,2,2,0,0,2,2,2,2,2,2,2,2
380,674.164,4421.922,301.406,93.161,-0.055137,-0.995062,-0.082535,0.998441,-0.054223,-0.013274,0.008733,-0.083138,0.996500,0,0.52289,-0.72522,0.008,0.006,-1,-1,-1,-1,-1,-1,-1,669.215,550.053,-1,-1,-1,-1,-1,-1,-1,-1,2,2,2,2,2,2,2,0,0,2,2,2,2,2,2,2,2
381,674.112,4421.972,301.450,93.151,-0.054965,-0.994919,-0.084356,0.998464,-0.054180,-0.011565,0.006936,-0.084862,0.996369,0,0.52287,-0.72528,0.073,-0.010,-1,-1,-1,-1,-1,-1,-1,666.175,553.723,-1,-1,-1,-1,-1,-1,-1,-1,2,2,2,2,2,2,2,0,0,2,2,2,2,2,2,2,2
382,674.015,4422.030,301.500,93.122,-0.054468,-0.994689,-0.087336,0.998504,-0.053832,-0.009624,0.004872,-0.087729,0.996132,0,0.52290,-0.72519,0.112,-0.029,-1,-1,-1,-1,-1,-1,-1,661.108,560.003,-1,-1,-1,-1,-1,-1,-1,-1,2,2,2,2,2,2,2,0,0,2,2,2,2,2,2,2,2
383,673.886,4422.104,301.477,93.080,-0.053733,-0.994420,-0.090789,0.998551,-0.053246,-0.007777,0.002899,-0.091075,0.995840,0,0.52299,-0.72492,0.149,-0.042,-1,-1,-1,-1,-1,-1,-1,655.121,566.658,-1,-1,-1,-1,-1,-1,-1,-1,2,2,2,2,2,2,2,0,0,2,2,2,2,2,2,2,2
384,673.731,4422.204,301.380,93.034,-0.052922,-0.994141,-0.094253,0.998598,-0.052563,-0.006283,0.001292,-0.094454,0.995528,0,0.52312,-0.72452,0.184,-0.047,-1,-1,-1,-1,-1,-1,-1,649.044,572.920,-1,-1,-1,-1,-1,-1,-1,-1,2,2,2,2,2,2,2,0,0,2,2,2,2,2,2,2,2
385,673.569,4422.291,301.281,92.976,-0.051911,-0.993866,-0.097654,0.998652,-0.051662,-0.005077,0.000001,-0.097786,0.995207,0,0.52327,-0.72408,0.184,-0.058,-1,-1,-1,-1,-1,-1,-1,643.172,579.278,-1,-1,-1,-1,-1,-1,-1,-1,2,2,2,2,2,2,2,0,0,2,2,2,2,2,2,2,2
386,673.398,4422.398,301.150,92.919,-0.050922,-0.993616,-0.100674,0.998702,-0.050791,-0.003871,-0.001267,-0.100740,0.994912,0,0.52345,-0.72352,0.201,-0.057,-1,-1,-1,-1,-1,-1,-1,637.937,584.909,-1,-1,-1,-1,-1,-1,-1,-1,2,2,2,2,2,2,2,0,0,2,2,2,2,2,2,2,2
387,673.239,4422.486,301.104,92.860,-0.049898,-0.993370,-0.103568,0.998751,-0.049887,-0.002693,-0.002492,-0.103573,0.994619,0,0.52363,-0.72298,0.183,-0.059,-1,-1,-1,-1,-1,-1,-1,633.135,590.610,-1,-1,-1,-1,-1,-1,-1,-1,2,2,2,2,2,2,2,0,0,2,2,2,2,2,2,2,2
388,673.091,4422.572,301.083,92.804,-0.048914,-0.993156,-0.106058,0.998796,-0.049048,-0.001338,-0.003873,-0.105996,0.994359,0,0.52381,-0.72242,0.171,-0.056,-1,-1,-1,-1,-1,-1,-1,629.083,595.596,-1,-1,-1,-1,-1,-1,-1,-1,2,2,2,2,2,2,2,0,0,2,2,2,2,2,2,2,2
389,672.940,4422.676,301.072,92.750,-0.047984,-0.992983,-0.108081,0.998833,-0.048292,0.000231,-0.005449,-0.107943,0.994142,0,0.52399,-0.72188,0.184,-0.053,-1,-1,-1,-1,-1,-1,-1,625.831,599.659,-1,-1,-1,-1,-1,-1,-1,-1,2,2,2,2,2,2,2,0,0,2,2,2,2,2,2,2,2
390,672.805,4422.758,301.144,92.698,-0.047079,-0.992817,-0.109991,0.998867,-0.047562,0.001775,-0.006993,-0.109783,0.993931,0,0.52415,-0.72137,0.157,-0.052,-1,-1,-1,-1,-1,-1,-1,622.941,603.748,-1,-1,-1,-1,-1,-1,-1,-1,2,2,2,2,2,2,2,0,0,2,2,2,2,2,2,2,2
391,672.670,4422.844,301.224,92.644,-0.046125,-0.992679,-0.111632,0.998899,-0.046797,0.003409,-0.008608,-0.111352,0.993744,0,0.52432,-0.72087,0.161,-0.055,-1,-1,-1,-1,-1,-1,-1,620.516,607.336,-1,-1,-1,-1,-1,-1,-1,-1,2,2,2,2,2,2,2,0,0,2,2,2,2,2,2,2,2
392,672.541,4422.942,301.269,92.598,-0.045322,-0.992555,-0.113054,0.998920,-0.046188,0.005056,-0.010240,-0.112703,0.993576,0,0.52449,-0.72035,0.162,-0.046,-1,-1,-1,-1,-1,-1,-1,618.366,610.360,-1,-1,-1,-1,-1,-1,-1,-1,2,2,2,2,2,2,2,0,0,2,2,2,2,2,2,2,2
393,672.416,4423.019,301.354,92.548,-0.044461,-0.992421,-0.114561,0.998943,-0.045500,0.006469,-0.011633,-0.114153,0.993395,0,0.52463,-0.71991,0.147,-0.049,-1,-1,-1,-1,-1,-1,-1,616.179,613.762,-1,-1,-1,-1,-1,-1,-1,-1,2,2,2,2,2,2,2,0,0,2,2,2,2,2,2,2,2
394,672.300,4423.093,301.405,92.502,-0.043642,-0.992286,-0.116032,0.998964,-0.044846,0.007780,-0.012924,-0.115572,0.993215,0,0.52479,-0.71944,0.138,-0.047,-1,-1,-1,-1,-1,-1,-1,613.990,617.037,-1,-1,-1,-1,-1,-1,-1,-1,2,2,2,2,2,2,2,0,0,2,2,2,2,2,2,2,2
395,672.185,4423.164,301.428,92.455,-0.042826,-0.992153,-0.117465,0.998984,-0.044176,0.008911,-0.014030,-0.116964,0.993037,0,0.52493,-0.71899,0.135,-0.047,-1,-1,-1,-1,-1,-1,-1,611.818,620.221,-1,-1,-1,-1,-1,-1,-1,-1,2,2,2,2,2,2,2,0,0,2,2,2,2,2,2,2,2
396,672.064,4423.250,301.412,92.412,-0.042075,-0.992023,-0.118827,0.999002,-0.043558,0.009914,-0.015011,-0.118291,0.992865,0,0.52508,-0.71854,0.149,-0.043,-1,-1,-1,-1,-1,-1,-1,609.686,623.181,-1,-1,-1,-1,-1,-1,-1,-1,2,2,2,2,2,2,2,0,0,2,2,2,2,2,2,2,2
397,671.951,4423.316,301.410,92.366,-0.041282,-0.991884,-0.120255,0.999023,-0.042878,0.010717,-0.015786,-0.119695,0.992685,0,0.52522,-0.71813,0.131,-0.045,-1,-1,-1,-1,-1,-1,-1,607.500,626.403,-1,-1,-1,-1,-1,-1,-1,-1,2,2,2,2,2,2,2,0,0,2,2,2,2,2,2,2,2
398,671.839,4423.383,301.396,92.320,-0.040483,-0.991753,-0.121601,0.999044,-0.042188,0.011478,-0.016513,-0.121020,0.992513,0,0.44935,-0.76147,0.130,-0.046,-1,-1,-1,-1,-1,-1,-1,605.423,629.413,-1,-1,-1,-1,-1,-1,-1,-1,2,2,2,2,2,2,2,0,0,2,2,2,2,2,2,2,2
399,671.727,4423.459,301.357,92.280,-0.039781,-0.991630,-0.122832,0.999059,-0.041603,0.012299,-0.017307,-0.122227,0.992351,0,0.44947,-0.76103,0.136,-0.040,-1,-1,-1,-1,-1,-1,-1,603.477,632.058,-1,-1,-1,-1,-1,-1,-1,-1,2,2,2,2,2,2,2,0,0,2,2,2,2,2,2,2,2
400,671.619,4423.523,301.366,92.237,-0.039026,-0.991498,-0.124134,0.999076,-0.040959,0.013057,-0.018031,-0.123510,0.992180,0,0.44958,-0.76065,0.125,-0.043,-1,-1,-1,-1,-1,-1,-1,601.527,635.038,-1,-1,-1,-1,-1,-1,-1,-1,2,2,2,2,2,2,2,0,0,2,2,2,2,2,2,2,2
401,671.514,4423.587,301.372,92.194,-0.038268,-0.991376,-0.125335,0.999090,-0.040321,0.013877,-0.018811,-0.124690,0.992017,0,0.44970,-0.76023,0.123,-0.043,-1,-1,-1,-1,-1,-1,-1,599.729,637.794,-1,-1,-1,-1,-1,-1,-1,-1,2,2,2,2,2,2,2,0,0,2,2,2,2,2,2,2,2
402,671.407,4423.663,301.345,92.154,-0.037575,-0.991273,-0.126359,0.999100,-0.039760,0.014807,-0.019702,-0.125689,0.991874,0,0.44982,-0.75982,0.131,-0.040,-1,-1,-1,-1,-1,-1,-1,598.134,640.050,-1,-1,-1,-1,-1,-1,-1,-1,2,2,2,2,2,2,2,0,0,2,2,2,2,2,2,2,2
403,671.301,4423.726,301.381,92.112,-0.036847,-0.991150,-0.127534,0.999111,-0.039152,0.015610,-0.020465,-0.126845,0.991711,0,0.44992,-0.75944,0.123,-0.042,-1,-1,-1,-1,-1,-1,-1,596.445,642.863,-1,-1,-1,-1,-1,-1,-1,-1,2,2,2,2,2,2,2,0,0,2,2,2,2,2,2,2,2
404,671.198,4423.790,301.402,92.069,-0.036097,-0.991036,-0.128627,0.999122,-0.038528,0.016461,-0.021270,-0.127920,0.991556,0,0.45003,-0.75904,0.122,-0.043,-1,-1,-1,-1,-1,-1,-1,594.856,645.473,-1,-1,-1,-1,-1,-1,-1,-1,2,2,2,2,2,2,2,0,0,2,2,2,2,2,2,2,2
405,671.092,4423.856,301.419,92.025,-0.035319,-0.990925,-0.129694,0.999132,-0.037880,0.017330,-0.022086,-0.128970,0.991403,0,0.45015,-0.75862,0.125,-0.045,-1,-1,-1,-1,-1,-1,-1,593.301,648.036,-1,-1,-1,-1,-1,-1,-1,-1,2,2,2,2,2,2,2,0,0,2,2,2,2,2,2,2,2
406,670.986,4423.932,301.405,91.986,-0.034648,-0.990814,-0.130715,0.999136,-0.037344,0.018235,-0.022949,-0.129970,0.991252,0,0.45027,-0.75819,0.130,-0.038,-1,-1,-1,-1,-1,-1,-1,591.754,650.387,-1,-1,-1,-1,-1,-1,-1,-1,2,2,2,2,2,2,2,0,0,2,2,2,2,2,2,2,2
407,670.880,4423.996,301.429,91.943,-0.033895,-0.990686,-0.131884,0.999144,-0.036720,0.019047,-0.023713,-0.131125,0.991082,0,0.45037,-0.75783,0.123,-0.043,-1,-1,-1,-1,-1,-1,-1,590.072,653.242,-1,-1,-1,-1,-1,-1,-1,-1,2,2,2,2,2,2,2,0,0,2,2,2,2,2,2,2,2
408,670.782,4424.057,301.437,91.902,-0.033179,-0.990553,-0.133058,0.999149,-0.036138,0.019883,-0.024504,-0.132286,0.990909,0,0.45049,-0.75741,0.116,-0.041,-1,-1,-1,-1,-1,-1,-1,588.351,656.069,-1,-1,-1,-1,-1,-1,-1,-1,2,2,2,2,2,2,2,0,0,2,2,2,2,2,2,2,2
409,670.684,4424.118,301.439,91.861,-0.032460,-0.990417,-0.134239,0.999153,-0.035553,0.020713,-0.025287,-0.133453,0.990733,0,0.45060,-0.75702,0.116,-0.041,-1,-1,-1,-1,-1,-1,-1,586.617,658.918,-1,-1,-1,-1,-1,-1,-1,-1,2,2,2,2,2,2,2,0,0,2,2,2,2,2,2,2,2
410,670.572,4424.195,301.422,91.821,-0.031764,-0.990291,-0.135334,0.999155,-0.034993,0.021551,-0.026078,-0.134536,0.990566,0,0.45071,-0.75662,0.136,-0.040,-1,-1,-1,-1,-1,-1,-1,584.976,661.534,-1,-1,-1,-1,-1,-1,-1,-1,2,2,2,2,2,2,2,0,0,2,2,2,2,2,2,2,2
411,670.474,4424.255,301.432,91.781,-0.031061,-0.990147,-0.136546,0.999157,-0.034427,0.022356,-0.026837,-0.135736,0.990381,0,0.45082,-0.75624,0.115,-0.040,-1,-1,-1,-1,-1,-1,-1,583.244,664.518,-1,-1,-1,-1,-1,-1,-1,-1,2,2,2,2,2,2,2,0,0,2,2,2,2,2,2,2,2
412,670.373,4424.318,301.435,91.738,-0.030316,-0.990012,-0.137687,0.999159,-0.033819,0.023174,-0.027599,-0.136869,0.990205,0,0.45092,-0.75585,0.119,-0.043,-1,-1,-1,-1,-1,-1,-1,581.612,667.357,-1,-1,-1,-1,-1,-1,-1,-1,2,2,2,2,2,2,2,0,0,2,2,2,2,2,2,2,2
413,670.266,4424.395,301.407,91.699,-0.029631,-0.989890,-0.138705,0.999156,-0.033281,0.024063,-0.028436,-0.137875,0.990041,0,0.45104,-0.75544,0.131,-0.039,-1,-1,-1,-1,-1,-1,-1,580.096,669.804,-1,-1,-1,-1,-1,-1,-1,-1,2,2,2,2,2,2,2,0,0,2,2,2,2,2,2,2,2
414,670.163,4424.457,301.431,91.657,-0.028902,-0.989747,-0.139878,0.999157,-0.032687,0.024835,-0.029152,-0.139042,0.989857,0,0.45114,-0.75507,0.120,-0.042,-1,-1,-1,-1,-1,-1,-1,578.470,672.820,-1,-1,-1,-1,-1,-1,-1,-1,2,2,2,2,2,2,2,0,0,2,2,2,2,2,2,2,2
415,670.061,4424.520,301.442,91.614,-0.028150,-0.989612,-0.140980,0.999156,-0.032076,0.025655,-0.029911,-0.140139,0.989680,0,0.45126,-0.75467,0.120,-0.043,-1,-1,-1,-1,-1,-1,-1,576.923,675.651,-1,-1,-1,-1,-1,-1,-1,-1,2,2,2,2,2,2,2,0,0,2,2,2,2,2,2,2,2
416,669.966,4424.581,301.446,91.573,-0.027441,-0.989479,-0.142052,0.999154,-0.031505,0.026445,-0.030642,-0.141206,0.989506,0,0.53760,-0.63481,0.113,-0.041,-1,-1,-1,-1,-1,-1,-1,575.410,678.400,-1,-1,-1,-1,-1,-1,-1,-1,2,2,2,2,2,2,2,0,0,2,2,2,2,2,2,2,2
417,669.869,4424.642,301.444,91.531,-0.026711,-0.989362,-0.143005,0.999154,-0.030898,0.027136,-0.031266,-0.142159,0.989350,0,0.53773,-0.63442,0.114,-0.042,-1,-1,-1,-1,-1,-1,-1,574.066,680.887,-1,-1,-1,-1,-1,-1,-1,-1,2,2,2,2,2,2,2,0,0,2,2,2,2,2,2,2,2
418,669.768,4424.715,301.419,91.497,-0.026111,-0.989260,-0.143812,0.999153,-0.030405,0.027739,-0.031813,-0.142966,0.989216,0,0.53786,-0.63402,0.125,-0.034,-1,-1,-1,-1,-1,-1,-1,572.886,682.924,-1,-1,-1,-1,-1,-1,-1,-1,2,2,2,2,2,2,2,0,0,2,2,2,2,2,2,2,2
419,669.680,4424.770,301.419,91.460,-0.025459,-0.989161,-0.144608,0.999156,-0.029842,0.028224,-0.032234,-0.143768,0.989086,0,0.53797,-0.63369,0.104,-0.037,-1,-1,-1,-1,-1,-1,-1,571.780,685.001,-1,-1,-1,-1,-1,-1,-1,-1,2,2,2,2,2,2,2,0,0,2,2,2,2,2,2,2,2
420,669.594,4424.823,301.411,91.422,-0.024805,-0.989085,-0.145245,0.999161,-0.029263,0.028638,-0.032576,-0.144413,0.988981,0,0.53809,-0.63333,0.101,-0.038,-1,-1,-1,-1,-1,-1,-1,570.893,686.696,-1,-1,-1,-1,-1,-1,-1,-1,2,2,2,2,2,2,2,0,0,2,2,2,2,2,2,2,2
421,669.504,4424.894,301.366,91.390,-0.024240,-0.989042,-0.145629,0.999164,-0.028765,0.029044,-0.032914,-0.144803,0.988913,0,0.53821,-0.63297,0.114,-0.032,-1,-1,-1,-1,-1,-1,-1,570.288,687.656,-1,-1,-1,-1,-1,-1,-1,-1,2,2,2,2,2,2,2,0,0,2,2,2,2,2,2,2,2
422,669.420,4424.944,301.379,91.356,-0.023647,-0.988989,-0.146088,0.999174,-0.028211,0.029247,-0.033046,-0.145276,0.988839,0,0.53831,-0.63266,0.098,-0.034,-1,-1,-1,-1,-1,-1,-1,569.701,689.004,-1,-1,-1,-1,-1,-1,-1,-1,2,2,2,2,2,2,2,0,0,2,2,2,2,2,2,2,2
423,669.341,4424.993,301.378,91.321,-0.023040,-0.988963,-0.146362,0.999185,-0.027632,0.029421,-0.033140,-0.145565,0.988794,0,0.53842,-0.63234,0.093,-0.035,-1,-1,-1,-1,-1,-1,-1,569.353,689.879,-1,-1,-1,-1,-1,-1,-1,-1,2,2,2,2,2,2,2,0,0,2,2,2,2,2,2,2,2
424,669.266,4425.040,301.371,91.287,-0.022446,-0.988957,-0.146497,0.999198,-0.027053,0.029532,-0.033169,-0.145716,0.988770,0,0.53853,-0.63200,0.089,-0.034,-1,-1,-1,-1,-1,-1,-1,569.195,690.410,-1,-1,-1,-1,-1,-1,-1,-1,2,2,2,2,2,2,2,0,0,2,2,2,2,2,2,2,2
425,669.196,4425.084,301.363,91.255,-0.021891,-0.988965,-0.146524,0.999212,-0.026498,0.029566,-0.033122,-0.145761,0.988765,0,0.53864,-0.63167,0.082,-0.032,-1,-1,-1,-1,-1,-1,-1,569.186,690.671,-1,-1,-1,-1,-1,-1,-1,-1,2,2,2,2,2,2,2,0,0,2,2,2,2,2,2,2,2
426,669.122,4425.145,301.315,91.228,-0.021415,-0.989007,-0.146307,0.999224,-0.026011,0.029570,-0.033050,-0.145560,0.988797,0,0.53875,-0.63137,0.096,-0.027,-1,-1,-1,-1,-1,-1,-1,569.446,690.208,-1,-1,-1,-1,-1,-1,-1,-1,2,2,2,2,2,2,2,0,0,2,2,2,2,2,2,2,2
427,669.059,4425.181,301.321,91.202,-0.020966,-0.989032,-0.146205,0.999243,-0.025521,0.029352,-0.032761,-0.145479,0.988819,0,0.53883,-0.63111,0.072,-0.026,-1,-1,-1,-1,-1,-1,-1,569.655,690.198,-1,-1,-1,-1,-1,-1,-1,-1,2,2,2,2,2,2,2,0,0,2,2,2,2,2,2,2,2
428,669.003,4425.216,301.313,91.176,-0.020521,-0.989077,-0.145965,0.999263,-0.025028,0.029104,-0.032439,-0.145260,0.988862,0,0.53892,-0.63086,0.066,-0.025,-1,-1,-1,-1,-1,-1,-1,570.033,689.811,-1,-1,-1,-1,-1,-1,-1,-1,2,2,2,2,2,2,2,0,0,2,2,2,2,2,2,2,2
429,668.952,4425.246,301.293,91.153,-0.020104,-0.989142,-0.145582,0.999285,-0.024543,0.028760,-0.032020,-0.144900,0.988928,0,0.53900,-0.63061,0.059,-0.024,-1,-1,-1,-1,-1,-1,-1,570.599,689.055,-1,-1,-1,-1,-1,-1,-1,-1,2,2,2,2,2,2,2,0,0,2,2,2,2,2,2,2,2
430,668.906,4425.275,301.272,91.130,-0.019716,-0.989222,-0.145089,0.999309,-0.024071,0.028325,-0.031512,-0.144430,0.989013,0,0.53907,-0.63038,0.055,-0.022,-1,-1,-1,-1,-1,-1,-1,571.323,688.029,-1,-1,-1,-1,-1,-1,-1,-1,2,2,2,2,2,2,2,0,0,2,2,2,2,2,2,2,2
431,668.845,4425.316,301.230,91.111,-0.019375,-0.989334,-0.144373,0.999334,-0.023628,0.027799,-0.030913,-0.143738,0.989133,0,0.53915,-0.63017,0.074,-0.020,-1,-1,-1,-1,-1,-1,-1,572.330,686.415,-1,-1,-1,-1,-1,-1,-1,-1,2,2,2,2,2,2,2,0,0,2,2,2,2,2,2,2,2
432,668.801,4425.342,301.214,91.090,-0.019014,-0.989446,-0.143652,0.999364,-0.023144,0.027140,-0.030178,-0.143044,0.989256,0,0.53921,-0.62998,0.051,-0.021,-1,-1,-1,-1,-1,-1,-1,573.408,684.887,-1,-1,-1,-1,-1,-1,-1,-1,2,2,2,2,2,2,2,0,0,2,2,2,2,2,2,2,2
433,668.757,4425.369,301.191,91.068,-0.018630,-0.989581,-0.142766,0.999395,-0.022626,0.026421,-0.029376,-0.142188,0.989404,0,0.53928,-0.62978,0.051,-0.022,-1,-1,-1,-1,-1,-1,-1,574.716,682.963,-1,-1,-1,-1,-1,-1,-1,-1,2,2,2,2,2,2,2,0,0,2,2,2,2,2,2,2,2
434,668.712,4425.403,301.132,91.053,-0.018367,-0.989746,-0.141650,0.999423,-0.022221,0.025670,-0.028555,-0.141096,0.989584,0,0.53935,-0.62957,0.056,-0.015,-1,-1,-1,-1,-1,-1,-1,576.285,680.282,-1,-1,-1,-1,-1,-1,-1,-1,2,2,2,2,2,2,2,0,0,2,2,2,2,2,2,2,2
435,668.674,4425.423,301.124,91.035,-0.018055,-0.989905,-0.140581,0.999458,-0.021737,0.024703,-0.027509,-0.140059,0.989761,0,0.53939,-0.62942,0.043,-0.018,-1,-1,-1,-1,-1,-1,-1,577.909,677.928,-1,-1,-1,-1,-1,-1,-1,-1,2,2,2,2,2,2,2,0,0,2,2,2,2,2,2,2,2
436,668.637,4425.444,301.100,91.015,-0.017708,-0.990091,-0.139308,0.999494,-0.021209,0.023684,-0.026404,-0.138818,0.989966,0,0.53945,-0.62925,0.043,-0.020,-1,-1,-1,-1,-1,-1,-1,579.814,675.066,-1,-1,-1,-1,-1,-1,-1,-1,2,2,2,2,2,2,2,0,0,2,2,2,2,2,2,2,2
437,668.602,4425.480,301.038,91.005,-0.017534,-0.990309,-0.137770,0.999526,-0.020848,0.022654,-0.025306,-0.137307,0.990205,0,0.51977,-0.36135,0.049,-0.010,-1,-1,-1,-1,-1,-1,-1,582.027,671.418,-1,-1,-1,-1,-1,-1,-1,-1,2,2,2,2,2,2,2,0,0,2,2,2,2,2,2,2,2
438,668.595,4425.480,301.034,91.001,-0.017465,-0.990520,-0.136251,0.999560,-0.020564,0.021368,-0.023967,-0.135818,0.990444,0,0.51980,-0.36126,0.007,-0.004,-1,-1,-1,-1,-1,-1,-1,584.342,668.000,-1,-1,-1,-1,-1,-1,-1,-1,2,2,2,2,2,2,2,0,0,2,2,2,2,2,2,2,2
439,668.602,4425.475,301.017,91.000,-0.017450,-0.990764,-0.134473,0.999594,-0.020319,0.019995,-0.022542,-0.134070,0.990715,0,0.51981,-0.36122,0.009,-0.001,-1,-1,-1,-1,-1,-1,-1,587.028,663.955,-1,-1,-1,-1,-1,-1,-1,-1,2,2,2,2,2,2,2,0,0,2,2,2,2,2,2,2,2
440,668.616,4425.464,300.992,91.001,-0.017472,-0.991038,-0.132432,0.999628,-0.020090,0.018461,-0.020956,-0.132060,0.991020,0,0.51981,-0.36121,0.018,0.001,-1,-1,-1,-1,-1,-1,-1,590.117,659.323,-1,-1,-1,-1,-1,-1,-1,-1,2,2,2,2,2,2,2,0,0,2,2,2,2,2,2,2,2
441,668.616,4425.474,300.946,91.007,-0.017564,-0.991350,-0.130063,0.999661,-0.019910,0.016761,-0.019206,-0.129725,0.991364,0,0.51981,-0.36122,0.010,0.005,-1,-1,-1,-1,-1,-1,-1,593.686,653.931,-1,-1,-1,-1,-1,-1,-1,-1,2,2,2,2,2,2,2,0,0,2,2,2,2,2,2,2,2
442,668.640,4425.456,300.925,91.012,-0.017657,-0.991662,-0.127650,0.999695,-0.019718,0.014897,-0.017290,-0.127348,0.991707,0,0.51979,-0.36127,0.031,0.005,-1,-1,-1,-1,-1,-1,-1,597.409,648.591,-1,-1,-1,-1,-1,-1,-1,-1,2,2,2,2,2,2,2,0,0,2,2,2,2,2,2,2,2
443,668.662,4425.444,300.856,91.023,-0.017857,-0.992012,-0.124875,0.999724,-0.019622,0.012916,-0.015263,-0.124610,0.992088,0,0.51978,-0.36132,0.025,0.011,-1,-1,-1,-1,-1,-1,-1,601.622,642.364,-1,-1,-1,-1,-1,-1,-1,-1,2,2,2,2,2,2,2,0,0,2,2,2,2,2,2,2,2
444,668.696,4425.418,300.836,91.032,-0.018016,-0.992352,-0.122117,0.999754,-0.019464,0.010678,-0.012973,-0.121894,0.992458,0,0.51974,-0.36143,0.043,0.009,-1,-1,-1,-1,-1,-1,-1,605.973,636.444,-1,-1,-1,-1,-1,-1,-1,-1,2,2,2,2,2,2,2,0,0,2,2,2,2,2,2,2,2
445,668.746,4425.383,300.793,91.046,-0.018258,-0.992711,-0.119124,0.999778,-0.019385,0.008306,-0.010554,-0.118946,0.992845,0,0.51971,-0.36151,0.061,0.014,-1,-1,-1,-1,-1,-1,-1,610.686,630.029,-1,-1,-1,-1,-1,-1,-1,-1,2,2,2,2,2,2,2,0,0,2,2,2,2,2,2,2,2
446,668.784,4425.368,300.718,91.062,-0.018535,-0.993101,-0.115784,0.999796,-0.019337,0.005813,-0.008012,-0.115653,0.993257,0,0.51967,-0.36165,0.041,0.016,-1,-1,-1,-1,-1,-1,-1,615.942,622.893,-1,-1,-1,-1,-1,-1,-1,-1,2,2,2,2,2,2,2,0,0,2,2,2,2,2,2,2,2
447,668.839,4425.328,300.679,91.077,-0.018792,-0.993486,-0.112391,0.999810,-0.019262,0.003092,-0.005237,-0.112311,0.993659,0,0.51962,-0.36180,0.068,0.015,-1,-1,-1,-1,-1,-1,-1,621.439,615.898,-1,-1,-1,-1,-1,-1,-1,-1,2,2,2,2,2,2,2,0,0,2,2,2,2,2,2,2,2
448,668.888,4425.308,300.594,91.094,-0.019094,-0.993900,-0.108615,0.999815,-0.019243,0.000330,-0.002418,-0.108589,0.994084,0,0.51958,-0.36194,0.054,0.017,-1,-1,-1,-1,-1,-1,-1,627.529,608.017,-1,-1,-1,-1,-1,-1,-1,-1,2,2,2,2,2,2,2,0,0,2,2,2,2,2,2,2,2
449,668.955,4425.260,300.560,91.113,-0.019430,-0.994298,-0.104851,0.999811,-0.019253,-0.002695,0.000661,-0.104884,0.994484,0,0.51953,-0.36210,0.082,0.019,-1,-1,-1,-1,-1,-1,-1,633.804,600.414,-1,-1,-1,-1,-1,-1,-1,-1,2,2,2,2,2,2,2,0,0,2,2,2,2,2,2,2,2
450,669.029,4425.210,300.512,91.132,-0.019762,-0.994706,-0.100841,0.999797,-0.019277,-0.005783,0.003809,-0.100935,0.994886,0,0.51947,-0.36228,0.090,0.019,-1,-1,-1,-1,-1,-1,-1,640.553,592.429,-1,-1,-1,-1,-1,-1,-1,-1,2,2,2,2,2,2,2,0,0,2,2,2,2,2,2,2,2
451,669.095,4425.181,300.486,91.156,-0.020170,-0.995059,-0.097213,0.999777,-0.019468,-0.008165,0.006232,-0.097356,0.995230,0,0.51941,-0.36246,0.072,0.023,-1,-1,-1,-1,-1,-1,-1,646.689,585.303,-1,-1,-1,-1,-1,-1,-1,-1,2,2,2,2,2,2,2,0,0,2,2,2,2,2,2,2,2
452,669.153,4425.146,300.547,91.172,-0.020461,-0.995306,-0.094593,0.999762,-0.019648,-0.009514,0.007611,-0.094765,0.995471,0,0.51934,-0.36269,0.068,0.017,-1,-1,-1,-1,-1,-1,-1,651.109,580.389,-1,-1,-1,-1,-1,-1,-1,-1,2,2,2,2,2,2,2,0,0,2,2,2,2,2,2,2,2
453,669.185,4425.132,300.643,91.181,-0.020605,-0.995450,-0.093035,0.999756,-0.019780,-0.009785,0.007900,-0.093214,0.995615,0,0.51929,-0.36284,0.035,0.008,-1,-1,-1,-1,-1,-1,-1,653.840,577.582,-1,-1,-1,-1,-1,-1,-1,-1,2,2,2,2,2,2,2,0,0,2,2,2,2,2,2,2,2
454,669.185,4425.140,300.747,91.179,-0.020571,-0.995491,-0.092599,0.999761,-0.019801,-0.009228,0.007353,-0.092767,0.995661,0,0.51926,-0.36292,0.007,-0.002,-1,-1,-1,-1,-1,-1,-1,654.725,576.926,-1,-1,-1,-1,-1,-1,-1,-1,2,2,2,2,2,2,2,0,0,2,2,2,2,2,2,2,2
455,669.144,4425.187,300.798,91.169,-0.020397,-0.995452,-0.093061,0.999772,-0.019725,-0.008135,0.006262,-0.093205,0.995627,0,0.51927,-0.36290,0.062,-0.010,-1,-1,-1,-1,-1,-1,-1,654.013,577.845,-1,-1,-1,-1,-1,-1,-1,-1,2,2,2,2,2,2,2,0,0,2,2,2,2,2,2,2,2
456,669.079,4425.229,300.853,91.147,-0.020025,-0.995321,-0.094530,0.999786,-0.019451,-0.006989,0.005117,-0.094649,0.995498,0,0.51930,-0.36281,0.077,-0.021,-1,-1,-1,-1,-1,-1,-1,651.685,580.798,-1,-1,-1,-1,-1,-1,-1,-1,2,2,2,2,2,2,2,0,0,2,2,2,2,2,2,2,2
457,668.996,4425.283,300.864,91.118,-0.019513,-0.995138,-0.096538,0.999802,-0.019056,-0.005663,0.003795,-0.096630,0.995313,0,-0.07143,0.11979,0.099,-0.029,-1,-1,-1,-1,-1,-1,-1,648.413,584.745,-1,-1,-1,-1,-1,-1,-1,-1,2,2,2,2,2,2,2,0,0,2,2,2,2,2,2,2,2
458,668.885,4425.335,300.831,91.084,-0.018923,-0.994933,-0.098740,0.999819,-0.018616,-0.004020,0.002161,-0.098798,0.995105,0,-0.07144,0.12007,0.122,-0.034,-1,-1,-1,-1,-1,-1,-1,644.718,589.000,-1,-1,-1,-1,-1,-1,-1,-1,2,2,2,2,2,2,2,0,0,2,2,2,2,2,2,2,2
459,668.773,4425.402,300.841,91.045,-0.018240,-0.994686,-0.101327,0.999833,-0.018077,-0.002536,0.000691,-0.101356,0.994850,0,-0.07146,0.12039,0.131,-0.039,-1,-1,-1,-1,-1,-1,-1,640.384,594.235,-1,-1,-1,-1,-1,-1,-1,-1,2,2,2,2,2,2,2,0,0,2,2,2,2,2,2,2,2
460,668.652,4425.477,300.827,91.001,-0.017468,-0.994426,-0.103976,0.999847,-0.017464,-0.000948,-0.000873,-0.103977,0.994579,0,-0.07147,0.12076,0.142,-0.044,-1,-1,-1,-1,-1,-1,-1,635.942,599.624,-1,-1,-1,-1,-1,-1,-1,-1,2,2,2,2,2,2,2,0,0,2,2,2,2,2,2,2,2
461,668.512,4425.547,300.778,90.955,-0.016664,-0.994165,-0.106579,0.999858,-0.016851,0.000856,-0.002647,-0.106550,0.994304,0,-0.07149,0.12119,0.157,-0.046,-1,-1,-1,-1,-1,-1,-1,631.526,604.895,-1,-1,-1,-1,-1,-1,-1,-1,2,2,2,2,2,2,2,0,0,2,2,2,2,2,2,2,2
462,668.377,4425.629,300.793,90.906,-0.015813,-0.993862,-0.109488,0.999865,-0.016197,0.002617,-0.004374,-0.109432,0.993985,0,-0.07151,0.12163,0.158,-0.049,-1,-1,-1,-1,-1,-1,-1,626.797,611.062,-1,-1,-1,-1,-1,-1,-1,-1,2,2,2,2,2,2,2,0,0,2,2,2,2,2,2,2,2
463,668.239,4425.717,300.800,90.854,-0.014900,-0.993551,-0.112402,0.999869,-0.015513,0.004580,-0.006294,-0.112319,0.993652,0,-0.07153,0.12209,0.164,-0.052,-1,-1,-1,-1,-1,-1,-1,622.082,617.192,-1,-1,-1,-1,-1,-1,-1,-1,2,2,2,2,2,2,2,0,0,2,2,2,2,2,2,2,2
464,668.084,4425.800,300.782,90.802,-0.013995,-0.993241,-0.115225,0.999866,-0.014878,0.006808,-0.008477,-0.115114,0.993316,0,-0.07155,0.12259,0.176,-0.052,-1,-1,-1,-1,-1,-1,-1,617.477,623.134,-1,-1,-1,-1,-1,-1,-1,-1,2,2,2,2,2,2,2,0,0,2,2,2,2,2,2,2,2
465,667.941,4425.890,300.830,90.749,-0.013074,-0.992889,-0.118323,0.999858,-0.014238,0.008992,-0.010613,-0.118189,0.992934,0,-0.07158,0.12309,0.169,-0.053,-1,-1,-1,-1,-1,-1,-1,612.623,629.948,-1,-1,-1,-1,-1,-1,-1,-1,2,2,2,2,2,2,2,0,0,2,2,2,2,2,2,2,2
466,667.799,4425.983,300.867,90.695,-0.012123,-0.992530,-0.121399,0.999843,-0.013597,0.011327,-0.012893,-0.121242,0.992539,0,-0.07160,0.12359,0.170,-0.055,-1,-1,-1,-1,-1,-1,-1,607.823,636.794,-1,-1,-1,-1,-1,-1,-1,-1,2,2,2,2,2,2,2,0,0,2,2,2,2,2,2,2,2
467,667.640,4426.069,300.876,90.642,-0.011208,-0.992168,-0.124404,0.999820,-0.013028,0.013826,-0.015338,-0.124226,0.992135,0,-0.07162,0.12411,0.181,-0.052,-1,-1,-1,-1,-1,-1,-1,603.101,643.509,-1,-1,-1,-1,-1,-1,-1,-1,2,2,2,2,2,2,2,0,0,2,2,2,2,2,2,2,2
468,667.496,4426.163,300.928,90.588,-0.010258,-0.991765,-0.127657,0.999791,-0.012432,0.016240,-0.017694,-0.127464,0.991685,0,-0.07164,0.12461,0.172,-0.054,-1,-1,-1,-1,-1,-1,-1,598.145,651.037,-1,-1,-1,-1,-1,-1,-1,-1,2,2,2,2,2,2,2,0,0,2,2,2,2,2,2,2,2
469,667.352,4426.257,300.962,90.532,-0.009286,-0.991349,-0.130923,0.999755,-0.011837,0.018721,-0.020109,-0.130717,0.991216,0,-0.07167,0.12513,0.172,-0.056,-1,-1,-1,-1,-1,-1,-1,593.185,658.690,-1,-1,-1,-1,-1,-1,-1,-1,2,2,2,2,2,2,2,0,0,2,2,2,2,2,2,2,2
470,667.191,4426.344,300.966,90.480,-0.008370,-0.990926,-0.134149,0.999709,-0.011325,0.021284,-0.022610,-0.133932,0.990733,0,-0.07169,0.12567,0.184,-0.052,-1,-1,-1,-1,-1,-1,-1,588.262,666.302,-1,-1,-1,-1,-1,-1,-1,-1,2,2,2,2,2,2,2,0,0,2,2,2,2,2,2,2,2
471,667.048,4426.438,300.999,90.425,-0.007408,-0.990464,-0.137572,0.999660,-0.010775,0.023750,-0.025006,-0.137349,0.990207,0,-0.07171,0.12617,0.171,-0.055,-1,-1,-1,-1,-1,-1,-1,583.172,674.634,-1,-1,-1,-1,-1,-1,-1,-1,2,2,2,2,2,2,2,0,0,2,2,2,2,2,2,2,2
472,666.884,4426.567,300.954,90.379,-0.006617,-0.990031,-0.140693,0.999614,-0.010345,0.025784,-0.026983,-0.140468,0.989717,0,0.79418,0.12900,0.209,-0.045,-1,-1,-1,-1,-1,-1,-1,578.451,682.168,-1,-1,-1,-1,-1,-1,-1,-1,2,2,2,2,2,2,2,0,0,2,2,2,2,2,2,2,2
473,666.749,4426.651,300.874,90.326,-0.005687,-0.989630,-0.143524,0.999589,-0.009658,0.026984,-0.028091,-0.143312,0.989279,0,0.79439,0.12943,0.159,-0.053,-1,-1,-1,-1,-1,-1,-1,574.209,689.040,-1,-1,-1,-1,-1,-1,-1,-1,2,2,2,2,2,2,2,0,0,2,2,2,2,2,2,2,2
474,666.616,4426.760,300.720,90.291,-0.005083,-0.989322,-0.145655,0.999580,-0.009180,0.027474,-0.028518,-0.145454,0.988954,0,0.79464,0.12994,0.171,-0.035,-1,-1,-1,-1,-1,-1,-1,570.897,693.992,-1,-1,-1,-1,-1,-1,-1,-1,2,2,2,2,2,2,2,0,0,2,2,2,2,2,2,2,2
475,666.527,4426.811,300.593,90.256,-0.004459,-0.989097,-0.147198,0.999587,-0.008589,0.027435,-0.028400,-0.147015,0.988726,0,0.79480,0.13026,0.103,-0.036,-1,-1,-1,-1,-1,-1,-1,568.533,697.697,-1,-1,-1,-1,-1,-1,-1,-1,2,2,2,2,2,2,2,0,0,2,2,2,2,2,2,2,2
476,666.437,4426.889,300.451,90.236,-0.004125,-0.989016,-0.147751,0.999603,-0.008198,0.026968,-0.027883,-0.147581,0.988657,0,0.79497,0.13060,0.120,-0.019,-1,-1,-1,-1,-1,-1,-1,567.563,698.870,-1,-1,-1,-1,-1,-1,-1,-1,2,2,2,2,2,2,2,0,0,2,2,2,2,2,2,2,2
477,666.395,4426.915,300.383,90.220,-0.003840,-0.989038,-0.147611,0.999628,-0.007785,0.026157,-0.027020,-0.147455,0.988700,0,0.79506,0.13078,0.049,-0.016,-1,-1,-1,-1,-1,-1,-1,567.735,698.552,-1,-1,-1,-1,-1,-1,-1,-1,2,2,2,2,2,2,2,0,0,2,2,2,2,2,2,2,2
478,666.351,4426.958,300.317,90.218,-0.003809,-0.989216,-0.146414,0.999658,-0.007556,0.025045,-0.025881,-0.146269,0.988906,0,0.79513,0.13094,0.061,-0.002,-1,-1,-1,-1,-1,-1,-1,569.408,695.571,-1,-1,-1,-1,-1,-1,-1,-1,2,2,2,2,2,2,2,0,0,2,2,2,2,2,2,2,2
479,666.357,4426.954,300.310,90.219,-0.003824,-0.989494,-0.144520,0.999695,-0.007311,0.023607,-0.024416,-0.144386,0.989220,0,0.79514,0.13094,0.008,0.001,-1,-1,-1,-1,-1,-1,-1,572.219,691.084,-1,-1,-1,-1,-1,-1,-1,-1,2,2,2,2,2,2,2,0,0,2,2,2,2,2,2,2,2
480,666.368,4426.973,300.294,90.238,-0.004156,-0.989895,-0.141742,0.999736,-0.007314,0.021769,-0.022585,-0.141614,0.989664,0,0.79513,0.13094,0.022,0.019,-1,-1,-1,-1,-1,-1,-1,576.311,684.401,-1,-1,-1,-1,-1,-1,-1,-1,2,2,2,2,2,2,2,0,0,2,2,2,2,2,2,2,2
481,666.420,4426.941,300.314,90.256,-0.004469,-0.990367,-0.138399,0.999783,-0.007239,0.019520,-0.020334,-0.138281,0.990184,0,0.79504,0.13075,0.061,0.018,-1,-1,-1,-1,-1,-1,-1,581.370,676.408,-1,-1,-1,-1,-1,-1,-1,-1,2,2,2,2,2,2,2,0,0,2,2,2,2,2,2,2,2
482,666.466,4426.938,300.313,90.285,-0.004972,-0.990900,-0.134507,0.999828,-0.007327,0.017019,-0.017850,-0.134399,0.990767,0,0.45072,-0.36486,0.045,0.029,-1,-1,-1,-1,-1,-1,-1,587.262,667.160,-1,-1,-1,-1,-1,-1,-1,-1,2,2,2,2,2,2,2,0,0,2,2,2,2,2,2,2,2
483,666.536,4426.892,300.339,90.308,-0.005375,-0.991421,-0.130595,0.999869,-0.007325,0.014455,-0.015287,-0.130501,0.991330,0,0.45064,-0.36514,0.084,0.023,-1,-1,-1,-1,-1,-1,-1,593.332,658.184,-1,-1,-1,-1,-1,-1,-1,-1,2,2,2,2,2,2,2,0,0,2,2,2,2,2,2,2,2
484,666.594,4426.856,300.326,90.333,-0.005811,-0.991951,-0.126488,0.999904,-0.007359,0.011779,-0.012615,-0.126408,0.991898,0,0.45058,-0.36536,0.068,0.025,-1,-1,-1,-1,-1,-1,-1,599.712,648.856,-1,-1,-1,-1,-1,-1,-1,-1,2,2,2,2,2,2,2,0,0,2,2,2,2,2,2,2,2
485,666.672,4426.803,300.321,90.358,-0.006252,-0.992446,-0.122525,0.999933,-0.007394,0.008870,-0.009709,-0.122462,0.992426,0,0.45051,-0.36560,0.094,0.025,-1,-1,-1,-1,-1,-1,-1,606.003,640.101,-1,-1,-1,-1,-1,-1,-1,-1,2,2,2,2,2,2,2,0,0,2,2,2,2,2,2,2,2
486,666.741,4426.758,300.250,90.385,-0.006715,-0.992947,-0.118372,0.999955,-0.007458,0.005831,-0.006672,-0.118328,0.992952,0,0.45044,-0.36584,0.082,0.027,-1,-1,-1,-1,-1,-1,-1,612.557,630.952,-1,-1,-1,-1,-1,-1,-1,-1,2,2,2,2,2,2,2,0,0,2,2,2,2,2,2,2,2
487,666.820,4426.699,300.208,90.410,-0.007160,-0.993406,-0.114424,0.999969,-0.007497,0.002517,-0.003358,-0.114402,0.993429,0,0.45037,-0.36610,0.099,0.025,-1,-1,-1,-1,-1,-1,-1,618.973,622.556,-1,-1,-1,-1,-1,-1,-1,-1,2,2,2,2,2,2,2,0,0,2,2,2,2,2,2,2,2
488,666.906,4426.638,300.133,90.437,-0.007619,-0.993861,-0.110376,0.999971,-0.007565,-0.000911,0.000070,-0.110380,0.993889,0,0.45031,-0.36634,0.106,0.026,-1,-1,-1,-1,-1,-1,-1,625.584,614.047,-1,-1,-1,-1,-1,-1,-1,-1,2,2,2,2,2,2,2,0,0,2,2,2,2,2,2,2,2
489,666.981,4426.592,300.028,90.465,-0.008120,-0.994320,-0.106124,0.999960,-0.007689,-0.004464,0.003623,-0.106156,0.994343,0,0.45024,-0.36659,0.087,0.029,-1,-1,-1,-1,-1,-1,-1,632.578,605.203,-1,-1,-1,-1,-1,-1,-1,-1,2,2,2,2,2,2,2,0,0,2,2,2,2,2,2,2,2
490,667.065,4426.533,299.981,90.490,-0.008554,-0.994717,-0.102294,0.999941,-0.007822,-0.007554,0.006713,-0.102353,0.994726,0,0.45016,-0.36686,0.103,0.025,-1,-1,-1,-1,-1,-1,-1,638.772,597.385,-1,-1,-1,-1,-1,-1,-1,-1,2,2,2,2,2,2,2,0,0,2,2,2,2,2,2,2,2
491,667.127,4426.501,299.978,90.514,-0.008965,-0.995019,-0.099281,0.999923,-0.008074,-0.009378,0.008530,-0.099357,0.995015,0,0.45010,-0.36710,0.070,0.024,-1,-1,-1,-1,-1,-1,-1,643.674,591.341,-1,-1,-1,-1,-1,-1,-1,-1,2,2,2,2,2,2,2,0,0,2,2,2,2,2,2,2,2
492,667.167,4426.478,300.071,90.526,-0.009184,-0.995190,-0.097529,0.999916,-0.008249,-0.009986,0.009134,-0.097613,0.995183,0,0.45003,-0.36732,0.046,0.013,-1,-1,-1,-1,-1,-1,-1,646.697,588.063,-1,-1,-1,-1,-1,-1,-1,-1,2,2,2,2,2,2,2,0,0,2,2,2,2,2,2,2,2
493,667.173,4426.480,300.185,90.527,-0.009197,-0.995248,-0.096933,0.999920,-0.008314,-0.009511,0.008660,-0.097012,0.995246,0,0.45000,-0.36744,0.007,0.001,-1,-1,-1,-1,-1,-1,-1,647.836,587.096,-1,-1,-1,-1,-1,-1,-1,-1,2,2,2,2,2,2,2,0,0,2,2,2,2,2,2,2,2
494,667.145,4426.506,300.286,90.516,-0.009006,-0.995202,-0.097426,0.999931,-0.008231,-0.008358,0.007516,-0.097495,0.995208,0,0.45000,-0.36745,0.038,-0.011,-1,-1,-1,-1,-1,-1,-1,647.160,588.259,-1,-1,-1,-1,-1,-1,-1,-1,2,2,2,2,2,2,2,0,0,2,2,2,2,2,2,2,2
495,667.077,4426.565,300.323,90.498,-0.008686,-0.995076,-0.098729,0.999944,-0.008044,-0.006902,0.006074,-0.098784,0.995090,0,0.45003,-0.36735,0.091,-0.018,-1,-1,-1,-1,-1,-1,-1,645.043,590.889,-1,-1,-1,-1,-1,-1,-1,-1,2,2,2,2,2,2,2,0,0,2,2,2,2,2,2,2,2
496,666.992,4426.620,300.334,90.468,-0.008172,-0.994874,-0.100794,0.999955,-0.007647,-0.005591,0.004791,-0.100835,0.994892,0,0.45007,-0.36718,0.100,-0.029,-1,-1,-1,-1,-1,-1,-1,641.706,595.093,-1,-1,-1,-1,-1,-1,-1,-1,2,2,2,2,2,2,2,0,0,2,2,2,2,2,2,2,2
497,666.895,4426.680,300.269,90.433,-0.007550,-0.994641,-0.103117,0.999964,-0.007118,-0.004561,0.003803,-0.103147,0.994659,0,0.45015,-0.36689,0.115,-0.036,-1,-1,-1,-1,-1,-1,-1,637.873,599.747,-1,-1,-1,-1,-1,-1,-1,-1,2,2,2,2,2,2,2,0,0,2,2,2,2,2,2,2,2
498,666.778,4426.768,300.115,90.396,-0.006912,-0.994416,-0.105304,0.999971,-0.006535,-0.003926,0.003216,-0.105328,0.994432,0,0.56678,-0.52554,0.146,-0.037,-1,-1,-1,-1,-1,-1,-1,634.146,603.993,-1,-1,-1,-1,-1,-1,-1,-1,2,2,2,2,2,2,2,0,0,2,2,2,2,2,2,2,2
499,666.657,4426.836,299.981,90.350,-0.006111,-0.994187,-0.107495,0.999977,-0.005744,-0.003726,0.003086,-0.107516,0.994199,0,0.56690,-0.52519,0.138,-0.046,-1,-1,-1,-1,-1,-1,-1,630.486,608.395,-1,-1,-1,-1,-1,-1,-1,-1,2,2,2,2,2,2,2,0,0,2,2,2,2,2,2,2,2
