timestep,x_cm,y_cm,z_cm,yaw_deg,basis_xx,basis_xy,basis_xz,basis_yx,basis_yy,basis_yz,basis_zx,basis_zy,basis_zz,teleport_flag,throttle_cmd,steering_cmd,cmd_move_cm,cmd_turn_deg,lidar_cm_0,lidar_cm_1,lidar_cm_2,lidar_cm_3,lidar_cm_4,lidar_cm_5,lidar_cm_6,lidar_cm_7,lidar_cm_8,lidar_cm_9,lidar_cm_10,lidar_cm_11,lidar_cm_12,lidar_cm_13,lidar_cm_14,lidar_cm_15,lidar_cm_16,lidar_class_0,lidar_class_1,lidar_class_2,lidar_class_3,lidar_class_4,lidar_class_5,lidar_class_6,lidar_class_7,lidar_class_8,lidar_class_9,lidar_class_10,lidar_class_11,lidar_class_12,lidar_class_13,lidar_class_14,lidar_class_15,lidar_class_16
0,3920.883,5542.575,-144.178,169.118,-0.981804,-0.189038,0.018044,0.188749,-0.981886,-0.016559,0.020848,-0.012852,0.999700,0,0.25936,0.43417,0.433,0.002,-1,633.130,-1,605.480,-1,516.609,507.950,480.326,529.930,-1,-1,-1,-1,-1,-1,-1,-1,2,0,2,0,2,0,0,0,0,2,2,2,2,2,2,2,2
1,3920.804,5542.984,-143.377,169.126,-0.981838,-0.188825,0.018403,0.188610,-0.981968,-0.012822,0.020492,-0.009118,0.999748,0,0.25936,0.43417,0.417,0.008,-1,637.382,-1,604.075,-1,518.390,508.473,488.453,524.536,-1,-1,-1,-1,-1,-1,-1,-1,2,0,2,0,2,0,0,0,0,2,2,2,2,2,2,2,2
2,3920.327,5543.392,-143.670,169.135,-0.981854,-0.188620,0.019624,0.188448,-0.982029,-0.010310,0.021216,-0.006424,0.999754,0,0.25936,0.43417,0.628,0.009,-1,640.432,-1,602.941,-1,519.425,508.579,492.273,518.391,-1,-1,-1,-1,-1,-1,-1,-1,2,0,2,0,2,0,0,0,0,2,2,2,2,2,2,2,2
3,3919.500,5543.676,-144.868,169.152,-0.981883,-0.188321,0.021011,0.188152,-0.982091,-0.009797,0.022480,-0.005666,0.999731,0,0.25936,0.43417,0.875,0.017,-1,640.754,-1,602.000,-1,519.046,507.913,490.601,513.664,-1,-1,-1,-1,-1,-1,-1,-1,2,0,2,0,2,0,0,0,0,2,2,2,2,2,2,2,2
4,3918.324,5543.744,-146.729,169.184,-0.981947,-0.187835,0.022321,0.187608,-0.982172,-0.011880,0.024154,-0.007478,0.999680,0,0.25936,0.43417,1.178,0.031,-1,638.171,-1,602.079,11.379,517.459,506.903,482.958,512.160,-1,-1,-1,-1,-1,-1,-1,9.421,2,0,2,0,1,0,0,0,0,2,2,2,2,2,2,2,1
5,3916.765,5543.597,-148.881,169.233,-0.982044,-0.187100,0.024154,0.186742,-0.982273,-0.016320,0.026779,-0.011516,0.999575,0,0.25936,0.43417,1.566,0.050,13.271,635.346,-1,605.232,15.531,516.531,507.299,471.040,514.293,-1,-1,-1,-1,-1,-1,26.465,22.694,1,0,2,0,1,0,0,0,0,2,2,2,2,2,2,1,1
6,3914.910,5543.377,-150.786,169.286,-0.982151,-0.186348,0.025560,0.185828,-0.982349,-0.021418,0.029100,-0.016286,0.999444,0,0.25936,0.43417,1.868,0.053,13.269,631.845,-1,608.944,15.508,515.470,507.832,458.505,518.581,-1,-1,-1,-1,-1,-1,34.622,22.713,1,0,2,0,1,0,0,0,0,2,2,2,2,2,2,1,1
7,3912.822,5543.212,-152.076,169.340,-0.982288,-0.185557,0.026051,0.184901,-0.982421,-0.025685,0.030359,-0.020413,0.999331,0,0.25936,0.43417,2.094,0.054,13.270,627.918,-1,611.383,15.505,513.981,507.745,448.344,523.257,-1,-1,-1,-1,-1,-1,39.225,22.714,1,0,2,0,1,0,0,0,0,2,2,2,2,2,2,1,1
8,3910.531,5543.179,-152.599,169.394,-0.982462,-0.184683,0.025682,0.183961,-0.982531,-0.028118,0.030427,-0.022901,0.999275,0,0.25936,0.43417,2.291,0.055,13.270,624.459,-1,611.838,15.523,512.344,506.966,442.791,526.639,-1,-1,-1,-1,-1,-1,41.349,22.699,1,0,2,0,1,0,0,0,0,2,2,2,2,2,2,1,1
9,3908.021,5543.297,-152.407,169.453,-0.982673,-0.183671,0.024867,0.182955,-0.982707,-0.028548,0.029680,-0.023504,0.999283,0,0.25936,0.43417,2.512,0.059,13.272,622.459,-1,610.872,15.544,511.180,506.018,441.839,528.036,-1,-1,-1,-1,-1,-1,41.550,22.681,1,0,2,0,1,0,0,0,0,2,2,2,2,2,2,1,1
10,3905.251,5543.554,-151.683,169.520,-0.982912,-0.182482,0.024159,0.181817,-0.982952,-0.027344,0.028737,-0.022485,0.999334,0,0.25936,0.43417,2.782,0.067,13.269,622.703,-1,609.661,15.504,511.134,505.633,444.653,527.500,-1,-1,-1,-1,-1,-1,40.419,22.718,1,0,2,0,1,0,0,0,0,2,2,2,2,2,2,1,1
11,3902.196,5543.919,-150.686,169.593,-0.983162,-0.181170,0.023891,0.180570,-0.983237,-0.025272,0.028069,-0.020533,0.999395,0,0.25936,0.43417,3.077,0.073,13.267,625.095,-1,609.148,9.377,512.347,506.181,449.566,525.805,-1,-1,-1,-1,-1,-1,38.029,22.753,1,0,2,0,1,0,0,0,0,2,2,2,2,2,2,1,1
12,3898.857,5544.337,-149.665,169.672,-0.983416,-0.179763,0.024039,0.179219,-0.983537,-0.023133,0.027802,-0.018441,0.999443,0,0.25936,0.43417,3.365,0.079,13.269,628.638,-1,609.533,12.621,514.339,507.457,454.706,523.917,-1,-1,-1,-1,-1,-1,34.925,10.536,1,0,2,0,1,0,0,0,0,2,2,2,2,2,2,1,1
13,3895.231,5544.759,-148.824,169.756,-0.983677,-0.178271,0.024488,0.177766,-0.983839,-0.021468,0.027919,-0.016765,0.999470,0,0.25936,0.43417,3.650,0.085,13.268,632.290,-1,610.624,-1,516.523,509.061,458.764,522.397,-1,-1,-1,-1,-1,-1,31.785,15.293,1,0,2,0,2,0,0,0,0,2,2,2,2,2,2,1,1
14,3891.320,5545.159,-148.298,169.846,-0.983941,-0.176717,0.025124,0.176228,-0.984136,-0.020505,0.028349,-0.015748,0.999474,0,0.25936,0.43417,3.932,0.089,13.269,635.302,-1,612.075,-1,518.426,510.604,460.981,521.352,-1,-1,-1,-1,-1,-1,29.361,-1,1,0,2,0,2,0,0,0,0,2,2,2,2,2,2,1,2
15,3887.134,5545.531,-148.137,169.939,-0.984209,-0.175111,0.025862,0.174620,-0.984429,-0.020201,0.028997,-0.015366,0.999461,0,0.25936,0.43417,4.203,0.093,13.270,637.312,-1,613.524,-1,519.766,511.799,461.243,520.558,-1,-1,-1,-1,-1,-1,28.296,-1,1,0,2,0,2,0,0,0,0,2,2,2,2,2,2,1,2
16,3882.696,5545.878,-148.302,170.038,-0.984488,-0.173426,0.026579,0.172917,-0.984725,-0.020388,0.029709,-0.015476,0.999439,0,0.25936,0.43417,4.451,0.099,13.268,638.156,-1,614.590,-1,520.384,512.442,459.869,519.780,-1,-1,-1,-1,-1,-1,28.780,-1,1,0,2,0,2,0,0,0,0,2,2,2,2,2,2,1,2
17,3878.029,5546.197,-148.666,170.144,-0.984786,-0.171632,0.027193,0.171095,-0.985031,-0.020978,0.030387,-0.016006,0.999410,0,0.25936,0.43417,4.678,0.106,13.272,637.989,-1,615.330,-1,520.400,512.628,457.281,519.231,-1,-1,-1,-1,-1,-1,30.049,14.380,1,0,2,0,2,0,0,0,0,2,2,2,2,2,2,1,1
18,3873.156,5546.455,-149.101,170.266,-0.985134,-0.169557,0.027580,0.168997,-0.985382,-0.021515,0.030825,-0.016534,0.999388,0,0.25936,0.43417,4.880,0.122,13.290,636.997,-1,615.308,13.682,519.828,512.232,454.493,518.374,-1,-1,-1,-1,-1,-1,31.670,11.298,1,0,2,0,1,0,0,0,0,2,2,2,2,2,2,1,1
19,3868.081,5546.690,-149.490,170.398,-0.985516,-0.167296,0.027749,0.166722,-0.985762,-0.021846,0.031009,-0.016903,0.999376,0,0.25936,0.43417,5.080,0.132,13.297,635.597,-1,614.675,10.717,518.924,511.465,452.027,517.260,-1,-1,-1,-1,-1,-1,33.237,8.835,1,0,2,0,1,0,0,0,0,2,2,2,2,2,2,1,1
20,3862.807,5546.928,-149.744,170.537,-0.985916,-0.164917,0.027785,0.164339,-0.986160,-0.021958,0.031021,-0.017082,0.999373,0,0.25936,0.43417,5.280,0.139,13.285,634.282,-1,613.843,8.179,518.043,510.659,450.145,516.091,-1,-1,-1,-1,-1,-1,34.495,22.603,1,0,2,0,1,0,0,0,0,2,2,2,2,2,2,1,1
21,3857.343,5547.169,-149.807,170.678,-0.986319,-0.162482,0.027826,0.161901,-0.986561,-0.022012,0.031029,-0.017206,0.999370,0,0.25936,0.43417,5.469,0.142,13.285,633.526,-1,613.458,15.635,517.590,510.264,448.773,515.313,-1,-1,-1,-1,-1,-1,35.142,22.606,1,0,2,0,1,0,0,0,0,2,2,2,2,2,2,1,1
22,3851.644,5547.410,-149.651,170.827,-0.986733,-0.159930,0.027946,0.159340,-0.986973,-0.022233,0.031138,-0.017486,0.999362,0,0.40755,0.20000,5.704,0.149,13.292,633.738,-1,614.035,15.666,517.789,510.576,447.653,515.426,-1,-1,-1,-1,-1,-1,35.245,22.582,1,0,2,0,1,0,0,0,0,2,2,2,2,2,2,1,1
23,3845.579,5547.653,-149.324,170.986,-0.987161,-0.157207,0.028257,0.156605,-0.987407,-0.022396,0.031422,-0.017683,0.999350,0,0.40755,0.20000,6.070,0.159,13.278,634.979,-1,615.438,10.512,518.698,511.574,447.028,515.814,-1,-1,-1,-1,-1,-1,34.984,8.709,1,0,2,0,1,0,0,0,0,2,2,2,2,2,2,1,1
24,3839.131,5547.938,-148.906,171.147,-0.987587,-0.154435,0.028680,0.153825,-0.987845,-0.022376,0.031787,-0.017686,0.999338,0,0.40755,0.20000,6.454,0.161,13.268,636.851,-1,617.117,14.574,519.970,512.872,446.851,516.026,-1,-1,-1,-1,-1,-1,34.372,12.135,1,0,2,0,1,0,0,0,0,2,2,2,2,2,2,1,1
25,3832.297,5548.284,-148.477,171.308,-0.988003,-0.151655,0.029169,0.151045,-0.988280,-0.022101,0.032179,-0.017430,0.999330,0,0.40755,0.20000,6.842,0.161,13.267,639.024,-1,618.652,-1,521.325,514.163,447.022,515.705,-1,-1,-1,-1,-1,-1,33.522,-1,1,0,2,0,2,0,0,0,0,2,2,2,2,2,2,1,2
26,3825.092,5548.695,-148.096,171.468,-0.988412,-0.148878,0.029616,0.148278,-0.988711,-0.021555,0.032491,-0.016914,0.999329,0,0.40755,0.20000,7.217,0.160,13.274,641.046,-1,619.620,-1,522.433,515.112,447.391,514.678,-1,-1,-1,-1,-1,-1,32.791,-1,1,0,2,0,2,0,0,0,0,2,2,2,2,2,2,1,2
27,3817.539,5549.162,-147.772,171.631,-0.988818,-0.146050,0.030146,0.145470,-0.989148,-0.020625,0.032831,-0.016009,0.999333,0,0.40755,0.20000,7.567,0.163,13.283,643.285,-1,620.165,-1,523.499,515.855,448.168,512.684,-1,-1,-1,-1,-1,-1,33.413,-1,1,0,2,0,2,0,0,0,0,2,2,2,2,2,2,1,2
28,3809.652,5549.710,-147.503,171.790,-0.989206,-0.143277,0.030714,0.142724,-0.989570,-0.019514,0.033189,-0.014919,0.999338,0,0.40755,0.20000,7.906,0.159,13.320,645.557,-1,620.417,-1,524.468,516.435,449.023,510.150,-1,-1,-1,-1,-1,-1,33.095,-1,1,0,2,0,2,0,0,0,0,2,2,2,2,2,2,1,2
29,3801.469,5550.343,-147.275,171.932,-0.989555,-0.140803,0.030922,0.140279,-0.989939,-0.018534,0.033220,-0.014002,0.999350,0,0.40755,0.20000,8.207,0.142,13.342,646.681,-1,619.825,-1,524.651,516.295,449.362,507.808,-1,-1,-1,-1,-1,-1,32.414,14.385,1,0,2,0,2,0,0,0,0,2,2,2,2,2,2,1,1
30,3793.006,5550.981,-147.045,172.070,-0.989901,-0.138394,0.030706,0.137897,-0.990287,-0.017772,0.032867,-0.013359,0.999370,0,0.40755,0.20000,8.487,0.138,13.381,646.529,-1,618.476,12.771,524.045,515.468,449.145,506.022,-1,-1,-1,-1,-1,-1,32.869,10.943,1,0,2,0,1,0,0,0,0,2,2,2,2,2,2,1,1
31,3784.214,5551.655,-146.837,172.197,-0.990219,-0.136178,0.030370,0.135695,-0.990597,-0.017453,0.032461,-0.013162,0.999386,0,0.40755,0.20000,8.818,0.128,13.417,645.650,-1,617.235,10.643,523.169,514.529,448.036,504.996,-1,-1,-1,-1,-1,-1,32.347,9.158,1,0,2,0,1,0,0,0,0,2,2,2,2,2,2,1,1
32,3775.080,5552.344,-146.708,172.322,-0.990522,-0.134009,0.030121,0.133533,-0.990893,-0.017308,0.032166,-0.013121,0.999396,0,0.40755,0.20000,9.159,0.125,13.428,644.605,-1,616.125,8.171,522.244,513.602,446.390,503.953,-1,-1,-1,-1,-1,-1,31.604,23.766,1,0,2,0,1,0,0,0,0,2,2,2,2,2,2,1,1
33,3765.607,5553.036,-146.617,172.453,-0.990821,-0.131761,0.030207,0.131280,-0.991192,-0.017425,0.032237,-0.013299,0.999392,0,0.40755,0.20000,9.499,0.130,13.425,644.205,-1,615.976,14.798,521.804,513.273,444.546,503.220,-1,-1,-1,-1,-1,-1,31.881,23.755,1,0,2,0,1,0,0,0,0,2,2,2,2,2,2,1,1
34,3755.832,5553.704,-146.538,172.591,-0.991131,-0.129378,0.030354,0.128881,-0.991500,-0.017828,0.032402,-0.013758,0.999380,0,0.40755,0.20000,9.798,0.139,13.411,643.767,-1,616.259,14.830,521.444,513.126,442.326,502.959,-1,-1,-1,-1,-1,-1,32.495,23.685,1,0,2,0,1,0,0,0,0,2,2,2,2,2,2,1,1
35,3745.824,5554.323,-146.360,172.734,-0.991454,-0.126928,0.030151,0.126419,-0.991809,-0.018257,0.032222,-0.014289,0.999379,0,0.40755,0.20000,10.027,0.142,13.380,642.637,-1,616.021,14.902,520.643,512.576,440.103,503.044,-1,-1,-1,-1,-1,-1,33.141,23.539,1,0,2,0,1,0,0,0,0,2,2,2,2,2,2,1,1
36,3735.581,5554.903,-146.127,172.887,-0.991799,-0.124278,0.029814,0.123771,-0.992142,-0.018295,0.031854,-0.014455,0.999388,0,0.31191,0.20000,10.260,0.153,13.372,641.953,-1,615.204,14.924,519.747,511.772,438.513,502.523,-1,-1,-1,-1,-1,-1,33.595,23.498,1,0,2,0,1,0,0,0,0,2,2,2,2,2,2,1,1
37,3725.178,5555.480,-145.878,173.043,-0.992147,-0.121567,0.029411,0.121072,-0.992479,-0.018072,0.031387,-0.014369,0.999404,0,0.31191,0.20000,10.419,0.156,13.379,641.292,-1,613.989,14.901,518.827,510.793,437.307,501.529,-1,-1,-1,-1,-1,-1,34.016,23.543,1,0,2,0,1,0,0,0,0,2,2,2,2,2,2,1,1
38,3714.607,5556.072,-145.614,173.199,-0.992484,-0.118843,0.029195,0.118363,-0.992813,-0.017660,0.031084,-0.014071,0.999418,0,0.31191,0.20000,10.588,0.156,13.391,641.310,-1,613.032,14.873,518.252,510.103,436.442,500.175,-1,-1,-1,-1,-1,-1,34.149,23.597,1,0,2,0,1,0,0,0,0,2,2,2,2,2,2,1,1
39,3703.870,5556.682,-145.338,173.355,-0.992804,-0.116123,0.029239,0.115659,-0.993142,-0.017092,0.031023,-0.013587,0.999426,0,0.31191,0.20000,10.754,0.156,13.404,642.185,-1,612.542,14.848,518.177,509.884,435.877,498.505,-1,-1,-1,-1,-1,-1,33.942,23.648,1,0,2,0,1,0,0,0,0,2,2,2,2,2,2,1,1
40,3693.030,5557.310,-144.970,173.510,-0.993113,-0.113417,0.029372,0.112978,-0.993465,-0.016208,0.031018,-0.012778,0.999437,0,0.31191,0.20000,10.858,0.155,13.421,643.776,-1,612.189,14.807,518.470,509.930,436.012,496.611,-1,-1,-1,-1,-1,-1,35.385,23.732,1,0,2,0,1,0,0,0,0,2,2,2,2,2,2,1,1
41,3682.113,5557.945,-144.471,173.654,-0.993402,-0.110904,0.029206,0.110488,-0.993757,-0.015483,0.030740,-0.012154,0.999453,0,0.31191,0.20000,10.935,0.144,13.454,644.853,-1,611.661,14.738,518.513,509.793,436.113,495.326,-1,-1,-1,-1,-1,-1,34.468,23.893,1,0,2,0,1,0,0,0,0,2,2,2,2,2,2,1,1
42,3671.065,5558.585,-143.940,173.789,-0.993671,-0.108529,0.028977,0.108134,-0.994025,-0.014853,0.030416,-0.011626,0.999470,0,0.31191,0.20000,11.066,0.136,13.464,645.809,-1,611.161,14.718,518.511,509.641,436.094,494.244,-1,-1,-1,-1,-1,-1,33.669,23.941,1,0,2,0,1,0,0,0,0,2,2,2,2,2,2,1,1
43,3659.891,5559.224,-143.421,173.923,-0.993924,-0.106201,0.028923,0.105817,-0.994280,-0.014476,0.030295,-0.011328,0.999477,0,0.31191,0.20000,11.192,0.134,13.463,647.089,-1,611.287,14.722,518.810,509.864,435.676,493.573,-1,-1,-1,-1,-1,-1,31.606,23.933,1,0,2,0,1,0,0,0,0,2,2,2,2,2,2,1,1
44,3648.605,5559.782,-142.977,174.063,-0.994189,-0.103768,0.028642,0.103382,-0.994534,-0.014644,0.030005,-0.011598,0.999482,0,0.31191,0.20000,11.300,0.140,13.476,647.176,-1,611.445,14.696,518.517,509.705,434.238,493.729,-1,-1,-1,-1,-1,-1,30.316,23.993,1,0,2,0,1,0,0,0,0,2,2,2,2,2,2,1,1
45,3637.168,5560.298,-142.653,174.200,-0.994433,-0.101418,0.028581,0.101013,-0.994768,-0.015267,0.029980,-0.012294,0.999475,0,0.31191,0.20000,11.449,0.136,13.479,647.184,-1,612.337,14.692,518.351,509.815,432.172,494.379,-1,-1,-1,-1,-1,-1,30.351,24.006,1,0,2,0,1,0,0,0,0,2,2,2,2,2,2,1,1
46,3625.604,5560.798,-142.438,174.337,-0.994674,-0.099044,0.028519,0.098627,-0.995001,-0.015692,0.029930,-0.012796,0.999470,0,0.31191,0.20000,11.575,0.138,13.477,647.079,-1,612.673,14.694,517.910,509.586,430.119,494.363,-1,-1,-1,-1,-1,-1,30.802,24.002,1,0,2,0,1,0,0,0,0,2,2,2,2,2,2,1,1
47,3613.924,5561.320,-142.291,174.473,-0.994911,-0.096683,0.028360,0.096267,-0.995232,-0.015705,0.029743,-0.012895,0.999474,0,0.31191,0.20000,11.691,0.136,13.515,647.054,-1,612.149,14.627,517.480,508.864,428.628,493.390,-1,-1,-1,-1,-1,-1,31.488,24.176,1,0,2,0,1,0,0,0,0,2,2,2,2,2,2,1,1
48,3602.106,5561.881,-142.186,174.600,-0.995121,-0.094485,0.028396,0.094067,-0.995442,-0.015704,0.029750,-0.012956,0.999473,0,0.31191,0.20000,11.832,0.127,13.537,647.484,-1,611.933,14.588,517.494,508.390,427.741,492.274,-1,-1,-1,-1,-1,-1,32.067,24.285,1,0,2,0,1,0,0,0,0,2,2,2,2,2,2,1,1
49,3590.163,5562.460,-142.065,174.722,-0.995317,-0.092364,0.028515,0.091947,-0.995641,-0.015618,0.029833,-0.012923,0.999471,0,0.31191,0.20000,11.957,0.122,13.547,648.264,-1,611.861,14.570,517.655,508.373,427.028,491.170,-1,-1,-1,-1,-1,-1,32.434,24.339,1,0,2,0,1,0,0,0,0,2,2,2,2,2,2,1,1
50,3578.158,5563.042,-141.820,174.840,-0.995513,-0.090306,0.028274,0.089896,-0.995831,-0.015442,0.029550,-0.012831,0.999481,0,0.31191,0.20000,12.018,0.118,13.551,648.441,-1,611.177,14.564,517.389,508.035,426.650,490.104,-1,-1,-1,-1,-1,-1,33.239,24.356,1,0,2,0,1,0,0,0,0,2,2,2,2,2,2,1,1
51,3565.995,5563.618,-141.369,174.964,-0.995710,-0.088142,0.028154,0.087747,-0.996030,-0.014965,0.029362,-0.012431,0.999492,0,0.47499,0.81434,12.177,0.124,13.516,649.823,-1,611.085,14.623,517.867,508.325,427.216,488.996,-1,-1,-1,-1,-1,-1,34.219,24.187,1,0,2,0,1,0,0,0,0,2,2,2,2,2,2,1,1
52,3553.489,5564.166,-140.783,175.101,-0.995908,-0.085741,0.028551,0.085360,-0.996247,-0.014311,0.029671,-0.011815,0.999490,0,0.47499,0.81434,12.518,0.137,13.456,653.260,-1,612.450,14.734,519.682,509.856,428.441,487.851,-1,-1,-1,-1,-1,-1,31.349,23.902,1,0,2,0,1,0,0,0,0,2,2,2,2,2,2,1,1
53,3540.660,5564.454,-140.136,175.301,-0.996186,-0.082245,0.029133,0.081891,-0.996554,-0.013156,0.030115,-0.010720,0.999489,0,0.47499,0.81434,12.832,0.199,13.281,657.682,-1,614.568,15.259,522.072,511.814,430.530,485.944,-1,-1,-1,-1,-1,-1,27.077,22.980,1,0,2,0,1,0,0,0,0,2,2,2,2,2,2,1,1
54,3527.517,5564.339,-139.582,175.588,-0.996570,-0.077206,0.029792,0.076885,-0.996970,-0.011801,0.030612,-0.009470,0.999486,0,0.47499,0.81434,13.143,0.288,13.281,661.939,-1,616.925,15.619,524.485,513.782,432.632,483.444,-1,-1,-1,-1,-1,-1,21.463,22.619,1,0,2,0,1,0,0,0,0,2,2,2,2,2,2,1,1
55,3514.091,5563.877,-139.173,175.936,-0.997009,-0.071139,0.030199,0.070845,-0.997430,-0.010699,0.030882,-0.008527,0.999487,0,0.47499,0.81434,13.433,0.347,13.282,664.503,-1,618.442,15.619,526.138,515.118,433.896,481.058,-1,-1,-1,-1,-1,-1,17.897,22.618,1,0,2,0,1,0,0,0,0,2,2,2,2,2,2,1,1
56,3500.409,5563.208,-138.859,176.304,-0.997447,-0.064724,0.030183,0.064438,-0.997868,-0.010343,0.030788,-0.008372,0.999491,0,0.47499,0.81434,13.699,0.368,13.299,664.991,-1,619.453,15.699,527.527,515.706,433.737,479.950,-1,-1,-1,-1,-1,-1,17.647,22.558,1,0,2,0,1,0,0,0,0,2,2,2,2,2,2,1,1
57,3486.477,5562.306,-138.587,176.692,-0.997874,-0.057963,0.029803,0.057677,-0.998281,-0.010369,0.030353,-0.008628,0.999502,0,0.47499,0.81434,13.961,0.388,13.343,664.127,-1,619.872,15.828,528.060,516.215,432.777,479.545,-1,-1,-1,-1,-1,-1,19.563,22.471,1,0,2,0,1,0,0,0,0,2,2,2,2,2,2,1,1
58,3472.318,5561.126,-138.328,177.113,-0.998288,-0.050641,0.029251,0.050344,-0.998673,-0.010810,0.029760,-0.009319,0.999514,0,0.47499,0.81434,14.208,0.421,13.445,662.330,-1,620.303,16.020,528.204,516.855,431.079,479.607,-1,-1,-1,-1,-1,-1,21.872,22.371,1,0,2,0,1,0,0,0,0,2,2,2,2,2,2,1,1
59,3457.981,5559.608,-138.011,177.580,-0.998692,-0.042506,0.028417,0.042200,-0.999046,-0.011267,0.028869,-0.010053,0.999533,0,0.47499,0.81434,14.417,0.467,13.708,659.766,-1,620.335,16.300,527.949,517.064,430.545,479.852,-1,-1,-1,-1,-1,-1,23.746,22.267,1,0,2,0,1,0,0,0,0,2,2,2,2,2,2,1,1
60,3443.478,5557.731,-137.613,178.107,-0.999064,-0.033307,0.027616,0.033012,-0.999394,-0.011075,0.027968,-0.010153,0.999557,0,0.47499,0.81434,14.625,0.527,13.832,657.921,-1,620.739,16.394,528.103,517.495,431.167,479.171,-1,-1,-1,-1,-1,-1,26.305,22.241,1,0,2,0,1,0,0,0,0,2,2,2,2,2,2,1,1
61,3428.787,5555.695,-137.088,178.638,-0.999332,-0.024037,0.027525,0.023752,-0.999661,-0.010648,0.027772,-0.009987,0.999564,0,0.47499,0.81434,14.831,0.531,13.941,658.696,-1,623.344,16.463,530.103,519.639,432.550,478.433,-1,-1,-1,-1,-1,-1,26.405,22.226,1,0,2,0,1,0,0,0,0,2,2,2,2,2,2,1,1
62,3413.963,5553.362,-136.577,179.210,-0.999522,-0.014045,0.027550,0.013779,-0.999857,-0.009827,0.027684,-0.009443,0.999572,0,0.47499,0.81434,15.006,0.572,14.100,660.000,-1,626.042,16.553,532.421,522.007,434.417,477.349,-1,-1,-1,-1,-1,-1,23.111,22.210,1,0,2,0,1,0,0,0,0,2,2,2,2,2,2,1,1
63,3398.938,5550.804,-136.166,179.799,-0.999606,-0.003756,0.027816,0.003501,-0.999951,-0.009245,0.027849,-0.009144,0.999570,0,0.47499,0.81434,15.241,0.589,13.914,661.466,-1,629.406,16.447,535.113,524.749,435.673,476.601,-1,-1,-1,-1,-1,-1,21.594,22.230,1,0,2,0,1,0,0,0,0,2,2,2,2,2,2,1,1
64,3383.681,5548.185,-135.841,-179.648,-0.999583,0.005879,0.028276,-0.006147,-0.999937,-0.009393,0.028219,-0.009563,0.999556,0,0.47499,0.81434,15.480,0.553,13.705,662.513,-1,633.586,16.297,537.886,528.257,435.684,476.688,-1,-1,-1,-1,-1,-1,22.532,22.267,1,0,2,0,1,0,0,0,0,2,2,2,2,2,2,1,1
65,3368.256,5545.564,-135.520,-179.128,-0.999486,0.014924,0.028382,-0.015215,-0.999834,-0.010071,0.028227,-0.010498,0.999546,0,0.47499,0.81434,15.646,0.520,13.743,661.759,-1,637.306,16.328,538.988,531.208,434.903,477.549,-1,-1,-1,-1,-1,-1,24.425,22.259,1,0,2,0,1,0,0,0,0,2,2,2,2,2,2,1,1
66,3352.712,5542.792,-135.144,-178.595,-0.999320,0.024231,0.027784,-0.024515,-0.999650,-0.009939,0.027533,-0.010614,0.999565,0,0.47499,0.81434,15.789,0.533,14.290,659.644,-1,639.126,16.645,538.885,532.712,435.404,477.092,-1,-1,-1,-1,-1,-1,25.443,22.197,1,0,2,0,1,0,0,0,0,2,2,2,2,2,2,1,1
67,3337.089,5539.602,-134.795,-177.989,-0.999028,0.034845,0.026981,-0.035086,-0.999348,-0.008484,0.026668,-0.009423,0.999600,0,0.47499,0.81434,15.946,0.606,16.941,657.739,-1,639.621,17.274,538.569,533.727,437.750,474.552,-1,-1,-1,-1,-1,-1,23.186,22.193,1,0,2,0,1,0,0,0,0,2,2,2,2,2,2,1,1
68,3321.550,5535.787,-134.463,-177.271,-0.998535,0.047430,0.026047,-0.047603,-0.998848,-0.006071,0.025729,-0.007302,0.999642,0,0.47499,0.81434,16.001,0.718,14.652,656.132,-1,639.618,16.787,538.179,533.995,441.408,470.698,-1,-1,-1,-1,-1,-1,22.350,22.184,1,0,2,0,1,0,0,0,0,2,2,2,2,2,2,1,1
69,3305.782,5531.975,-134.100,-176.607,-0.997923,0.059017,0.025811,-0.059172,-0.998234,-0.005278,0.025454,-0.006794,0.999653,0,0.47499,0.81434,16.221,0.664,14.537,655.142,-1,642.622,16.747,538.992,535.967,442.757,469.751,-1,-1,-1,-1,-1,-1,23.692,22.187,1,0,2,0,1,0,0,0,0,2,2,2,2,2,2,1,1
70,3289.820,5528.098,-133.651,-175.985,-0.997218,0.069835,0.026046,-0.069987,-0.997536,-0.004960,0.025636,-0.006769,0.999648,0,0.47499,0.81434,16.426,0.621,14.788,655.281,-1,647.391,16.832,540.919,539.202,443.641,469.829,-1,-1,-1,-1,-1,-1,24.369,22.181,1,0,2,0,1,0,0,0,0,2,2,2,2,2,2,1,1
71,3273.927,5523.742,-133.126,-175.299,-0.996312,0.081788,0.025940,-0.081923,-0.996630,-0.004183,0.025510,-0.006293,0.999655,0,0.47499,0.81434,16.480,0.686,15.303,655.057,-1,651.738,16.977,542.162,542.044,445.285,469.135,-1,-1,-1,-1,-1,-1,20.791,22.178,1,0,2,0,1,0,0,0,0,2,2,2,2,2,2,1,1
72,3258.054,5518.991,-132.616,-174.575,-0.995208,0.094386,0.025540,-0.094517,-0.995516,-0.003934,0.025054,-0.006329,0.999666,0,0.47499,0.81434,16.569,0.725,14.771,653.402,-1,656.050,16.826,542.494,544.305,446.272,469.543,-1,-1,-1,-1,-1,-1,19.554,22.181,1,0,2,0,1,0,0,0,0,2,2,2,2,2,2,1,1
73,3242.017,5514.189,-132.117,-173.910,-0.994047,0.105896,0.025623,-0.106053,-0.994349,-0.004832,0.024967,-0.007520,0.999660,0,0.47499,0.81434,16.740,0.665,14.104,651.943,-1,662.166,16.557,543.181,547.487,445.803,472.083,-1,-1,-1,-1,-1,-1,22.919,22.210,1,0,2,0,1,0,0,0,0,2,2,2,2,2,2,1,1
74,3225.877,5509.286,-131.657,-173.270,-0.992800,0.116974,0.025807,-0.117155,-0.993098,-0.005647,0.024969,-0.008630,0.999651,0,0.47499,0.81434,16.868,0.640,14.202,650.594,-1,668.276,16.604,543.183,550.731,445.420,474.454,-1,-1,-1,-1,-1,-1,22.131,22.202,1,0,2,0,1,0,0,0,0,2,2,2,2,2,2,1,1
75,3209.962,5504.452,-131.290,-172.671,-0.991554,0.127340,0.024582,-0.127531,-0.991814,-0.006335,0.023574,-0.009416,0.999678,0,-0.09830,0.97013,16.633,0.599,14.071,645.205,-1,669.707,16.536,540.191,550.575,445.218,475.969,-1,-1,-1,-1,-1,-1,23.196,22.213,1,0,2,0,1,0,0,0,0,2,2,2,2,2,2,1,1
76,3194.754,5499.744,-131.047,-172.118,-0.990345,0.136914,0.021721,-0.137096,-0.990532,-0.007120,0.020541,-0.010030,0.999739,0,-0.09830,0.97013,15.920,0.553,14.023,635.780,-1,665.785,16.511,533.685,545.384,444.828,476.779,-1,-1,-1,-1,-1,-1,26.357,22.217,1,0,2,0,1,0,0,0,0,2,2,2,2,2,2,1,1
77,3180.147,5495.134,-130.881,-171.596,-0.989112,0.145971,0.018730,-0.146136,-0.989234,-0.007740,0.017398,-0.010393,0.999795,0,-0.09830,0.97013,15.317,0.523,13.917,626.325,-1,660.781,16.448,526.950,539.413,444.623,477.004,-1,-1,-1,-1,-1,-1,29.216,22.230,1,0,2,0,1,0,0,0,0,2,2,2,2,2,2,1,1
78,3166.065,5490.632,-130.718,-171.099,-0.987845,0.154552,0.016582,-0.154703,-0.987927,-0.008186,0.015116,-0.010651,0.999829,0,-0.09830,0.97013,14.784,0.496,13.690,619.166,-1,657.861,16.282,522.053,535.038,444.651,477.195,-1,-1,-1,-1,-1,-1,32.028,22.271,1,0,2,0,1,0,0,0,0,2,2,2,2,2,2,1,1
79,3152.398,5486.387,-130.539,-170.656,-0.986632,0.162212,0.015613,-0.162353,-0.986699,-0.008217,0.014073,-0.010642,0.999844,0,-0.09830,0.97013,14.311,0.444,13.509,615.265,-1,657.868,16.101,519.787,533.161,445.267,476.911,-1,-1,-1,-1,-1,-1,33.734,22.336,1,0,2,0,1,0,0,0,0,2,2,2,2,2,2,1,1
80,3139.203,5482.296,-130.313,-170.237,-0.985427,0.169422,0.015167,-0.169550,-0.985493,-0.007573,0.013664,-0.010034,0.999856,0,-0.09830,0.97013,13.815,0.418,13.670,613.462,-1,659.098,16.264,519.019,532.565,447.002,475.808,-1,-1,-1,-1,-1,-1,31.963,22.276,1,0,2,0,1,0,0,0,0,2,2,2,2,2,2,1,1
81,3126.606,5478.187,-129.995,-169.814,-0.984146,0.176721,0.015047,-0.176835,-0.984218,-0.006586,0.013645,-0.009143,0.999865,0,-0.09830,0.97013,13.250,0.424,13.599,613.054,-1,661.437,16.199,519.076,532.904,449.388,474.545,-1,-1,-1,-1,-1,-1,30.330,22.298,1,0,2,0,1,0,0,0,0,2,2,2,2,2,2,1,1
82,3114.480,5474.181,-129.714,-169.412,-0.982877,0.183629,0.015276,-0.183735,-0.982958,-0.005851,0.013941,-0.008557,0.999866,0,-0.09830,0.97013,12.771,0.402,13.496,613.122,-1,664.680,16.085,519.441,533.845,451.235,473.788,-1,-1,-1,-1,-1,-1,28.971,22.342,1,0,2,0,1,0,0,0,0,2,2,2,2,2,2,1,1
83,3102.831,5470.310,-129.502,-169.045,-0.981679,0.189916,0.015441,-0.190019,-0.981765,-0.005471,0.014120,-0.008305,0.999866,0,-0.09830,0.97013,12.276,0.367,13.435,612.590,-1,666.997,16.002,519.425,534.468,452.390,473.473,-1,-1,-1,-1,-1,-1,28.163,22.378,1,0,2,0,1,0,0,0,0,2,2,2,2,2,2,1,1
84,3091.722,5466.564,-129.264,-168.702,-0.980526,0.195796,0.015231,-0.195895,-0.980610,-0.005335,0.013891,-0.008215,0.999870,0,-0.09830,0.97013,11.723,0.343,13.406,611.163,-1,667.872,15.954,518.608,534.386,453.302,473.557,-1,-1,-1,-1,-1,-1,27.719,22.402,1,0,2,0,1,0,0,0,0,2,2,2,2,2,2,1,1
85,3081.067,5462.930,-129.047,-168.382,-0.979426,0.201264,0.014737,-0.201360,-0.979503,-0.005306,0.013367,-0.008164,0.999877,0,-0.09830,0.97013,11.257,0.319,13.386,609.049,-1,667.161,15.918,517.056,533.683,454.065,473.653,-1,-1,-1,-1,-1,-1,27.619,22.421,1,0,2,0,1,0,0,0,0,2,2,2,2,2,2,1,1
86,3070.849,5459.383,-128.886,-168.080,-0.978356,0.206440,0.014194,-0.206534,-0.978424,-0.005541,0.012744,-0.008353,0.999884,0,-0.09830,0.97013,10.816,0.303,13.394,606.464,-1,665.560,15.934,515.200,532.703,454.293,474.030,-1,-1,-1,-1,-1,-1,27.938,22.412,1,0,2,0,1,0,0,0,0,2,2,2,2,2,2,1,1
87,3061.040,5455.903,-128.808,-167.785,-0.977287,0.211474,0.013770,-0.211567,-0.977347,-0.005665,0.012260,-0.008450,0.999889,0,-0.09830,0.97013,10.408,0.295,13.422,604.101,-1,664.051,15.979,513.459,531.784,454.593,474.055,-1,-1,-1,-1,-1,-1,28.288,22.389,1,0,2,0,1,0,0,0,0,2,2,2,2,2,2,1,1
88,3051.631,5452.498,-128.795,-167.495,-0.976207,0.216423,0.013431,-0.216512,-0.976264,-0.005612,0.011898,-0.008387,0.999894,0,-0.09830,0.97013,10.006,0.290,13.454,601.807,-1,662.586,16.027,511.844,530.590,454.972,473.677,-1,-1,-1,-1,-1,-1,28.589,22.366,1,0,2,0,1,0,0,0,0,2,2,2,2,2,2,1,1
89,3042.275,5448.986,-128.822,-167.195,-0.975052,0.221534,0.014017,-0.221619,-0.975121,-0.004824,0.012600,-0.007810,0.999890,0,0.47238,0.59126,9.993,0.300,13.397,602.046,-1,663.208,15.938,512.155,530.611,456.145,472.452,-1,-1,-1,-1,-1,-1,27.936,22.410,1,0,2,0,1,0,0,0,0,2,2,2,2,2,2,1,1
90,3032.470,5445.272,-128.850,-166.890,-0.973827,0.226711,0.016228,-0.226797,-0.973935,-0.003637,0.014981,-0.007222,0.999862,0,0.47238,0.59126,10.485,0.305,13.371,605.956,-1,667.842,15.889,515.543,533.634,457.532,471.378,-1,-1,-1,-1,-1,-1,25.049,22.436,1,0,2,0,1,0,0,0,0,2,2,2,2,2,2,1,1
91,3022.378,5441.366,-128.818,-166.572,-0.972515,0.232096,0.018609,-0.232186,-0.972667,-0.002794,0.017452,-0.007038,0.999823,0,0.47238,0.59126,10.822,0.318,13.397,609.871,-1,673.220,15.940,519.161,537.073,458.426,471.160,-1,-1,-1,-1,-1,-1,21.578,22.409,1,0,2,0,1,0,0,0,0,2,2,2,2,2,2,1,1
92,3012.073,5437.316,-128.706,-166.246,-0.971159,0.237626,0.019612,-0.237720,-0.971330,-0.002579,0.018437,-0.007167,0.999804,0,0.47238,0.59126,11.073,0.327,13.328,610.248,-1,675.441,15.789,520.114,537.926,458.862,471.694,-1,-1,-1,-1,-1,-1,19.940,22.496,1,0,2,0,1,0,0,0,0,2,2,2,2,2,2,1,1
93,3001.499,5433.180,-128.568,-165.931,-0.969848,0.242961,0.019090,-0.243054,-0.970009,-0.002634,0.017877,-0.007195,0.999814,0,0.47238,0.59126,11.354,0.315,13.296,607.325,-1,673.829,15.685,518.246,535.873,459.254,472.010,-1,-1,-1,-1,-1,-1,20.902,22.567,1,0,2,0,1,0,0,0,0,2,2,2,2,2,2,1,1
94,2990.613,5428.982,-128.412,-165.628,-0.968575,0.248102,0.017545,-0.248183,-0.968710,-0.002615,0.016347,-0.006887,0.999843,0,0.47238,0.59126,11.668,0.303,13.277,602.533,-1,669.593,15.587,514.465,531.975,460.107,471.696,-1,-1,-1,-1,-1,-1,22.180,22.644,1,0,2,0,1,0,0,0,0,2,2,2,2,2,2,1,1
95,2979.408,5424.702,-128.247,-165.333,-0.967315,0.253111,0.015374,-0.253177,-0.967417,-0.002519,0.014236,-0.006329,0.999879,0,0.47238,0.59126,11.994,0.295,13.271,596.674,-1,663.770,15.533,509.675,526.993,461.338,470.922,-1,-1,-1,-1,-1,-1,23.491,22.692,1,0,2,0,1,0,0,0,0,2,2,2,2,2,2,1,1
96,2967.907,5420.294,-128.049,-165.034,-0.966013,0.258172,0.012881,-0.258221,-0.966083,-0.002244,0.011865,-0.005494,0.999915,0,0.47238,0.59126,12.316,0.298,13.273,590.534,-1,655.928,15.548,504.564,521.583,463.060,469.744,-1,-1,-1,-1,-1,-1,24.577,22.677,1,0,2,0,1,0,0,0,0,2,2,2,2,2,2,1,1
97,2956.071,5415.703,-127.874,-164.721,-0.964607,0.263471,0.010780,-0.263501,-0.964658,-0.001458,0.010015,-0.004247,0.999941,0,0.47238,0.59126,12.695,0.313,13.280,585.697,-1,648.508,15.606,500.367,517.017,465.416,467.884,-1,-1,-1,-1,-1,-1,24.560,22.629,1,0,2,0,1,0,0,0,0,2,2,2,2,2,2,1,1
98,2943.924,5410.860,-127.759,-164.391,-0.963082,0.269047,0.009338,-0.269062,-0.963123,-0.000399,0.008886,-0.002896,0.999956,0,0.47238,0.59126,13.077,0.330,13.284,582.248,-1,641.975,15.631,497.266,513.573,467.853,465.810,-1,-1,-1,-1,1007.184,-1,23.864,22.610,1,0,2,0,1,0,0,0,0,2,2,2,2,0,2,1,1
99,2931.468,5405.801,-127.754,-164.056,-0.961499,0.274681,0.008409,-0.274687,-0.961533,0.000441,0.008206,-0.001886,0.999965,0,0.47238,0.59126,13.444,0.335,13.283,579.194,-1,636.312,15.617,494.512,510.720,469.555,463.887,-1,-1,-1,-1,1001.282,1004.102,23.173,22.619,1,0,2,0,1,0,0,0,0,2,2,2,2,0,0,1,1
100,2918.774,5400.461,-127.799,-163.701,-0.959783,0.280632,0.007866,-0.280635,-0.959814,0.000786,0.007771,-0.001453,0.999969,0,0.47238,0.59126,13.771,0.355,13.331,576.082,-1,631.357,15.796,491.812,508.235,470.230,463.302,-1,-1,-1,-1,995.093,997.308,22.080,22.492,1,0,2,0,1,0,0,0,0,2,2,2,2,0,0,1,1
101,2905.892,5394.781,-127.853,-163.314,-0.957865,0.287123,0.007428,-0.287126,-0.957893,0.000779,0.007339,-0.001386,0.999972,0,0.47238,0.59126,14.079,0.388,13.302,572.645,-1,626.550,15.707,488.954,505.724,470.251,463.259,-1,-1,-1,-1,987.998,991.078,24.234,22.551,1,0,2,0,1,0,0,0,0,2,2,2,2,0,0,1,1
102,2892.748,5388.932,-127.890,-162.938,-0.955967,0.293390,0.007077,-0.293396,-0.955991,0.000228,0.006833,-0.001858,0.999975,0,0.47238,0.59126,14.387,0.375,13.287,568.720,-1,621.947,15.644,485.914,502.531,469.475,464.173,-1,-1,-1,-1,979.631,985.240,26.697,22.598,1,0,2,0,1,0,0,0,0,2,2,2,2,0,0,1,1
103,2879.368,5382.929,-127.876,-162.571,-0.954073,0.299501,0.006578,-0.299513,-0.954092,-0.000762,0.006048,-0.002697,0.999978,0,0.47238,0.59126,14.664,0.367,13.287,564.023,-1,617.101,15.635,482.457,498.868,468.104,465.827,-1,-1,-1,-1,969.383,978.845,28.649,22.604,1,0,2,0,1,0,0,0,0,2,2,2,2,0,0,1,1
104,2865.827,5376.686,-127.784,-162.187,-0.952047,0.305898,0.005703,-0.305912,-0.952058,-0.001771,0.004888,-0.003430,0.999982,0,0.47238,0.59126,14.911,0.385,13.367,558.689,-1,611.563,15.879,478.521,494.690,467.012,467.500,-1,-1,-1,-1,957.644,971.055,29.222,22.441,1,0,2,0,1,0,0,0,0,2,2,2,2,0,0,1,1
105,2852.174,5370.025,-127.736,-161.726,-0.949562,0.313550,0.004341,-0.313558,-0.949568,-0.001312,0.003711,-0.002607,0.999990,0,0.47238,0.59126,15.191,0.461,13.565,554.066,-1,604.798,16.165,474.570,489.991,468.131,466.481,-1,-1,-1,-1,948.046,960.803,29.434,22.310,1,0,2,0,1,0,0,0,0,2,2,2,2,0,0,1,1
106,2838.423,5363.017,-127.689,-161.203,-0.946661,0.322220,0.002585,-0.322221,-0.946664,0.000123,0.002487,-0.000716,0.999997,0,0.47238,0.59126,15.433,0.523,13.661,549.916,-1,596.844,16.258,470.610,484.937,470.838,463.914,-1,-1,-1,-1,939.792,948.724,29.591,22.279,1,0,2,0,1,0,0,0,0,2,2,2,2,0,0,1,1
107,2824.441,5355.863,-127.567,-160.695,-0.943771,0.330596,0.001515,-0.330594,-0.943772,0.001753,0.002010,0.001154,0.999997,0,0.47238,0.59126,15.706,0.507,13.366,547.399,-1,590.574,15.880,468.037,481.250,473.798,461.979,-1,-1,-1,-1,935.749,940.237,33.064,22.441,1,0,2,0,1,0,0,0,0,2,2,2,2,0,0,1,1
108,2810.176,5348.601,-127.425,-160.232,-0.941069,0.338213,0.001400,-0.338208,-0.941067,0.002818,0.002270,0.002178,0.999995,0,0.47238,0.59126,16.007,0.463,13.347,545.869,-1,586.343,15.838,466.605,478.947,475.594,461.598,-1,-1,-1,-1,934.408,935.977,32.039,22.466,1,0,2,0,1,0,0,0,0,2,2,2,2,0,0,1,1
109,2795.752,5341.114,-127.297,-159.771,-0.938318,0.345772,0.001230,-0.345766,-0.938314,0.003613,0.002403,0.002965,0.999993,0,0.47238,0.59126,16.251,0.461,13.316,543.929,-1,581.943,9.106,464.542,476.417,476.954,461.601,-1,-1,-1,-1,931.888,932.153,31.582,22.520,1,0,2,0,1,0,0,0,0,2,2,2,2,0,0,1,1
110,2781.171,5333.514,-127.134,-159.335,-0.935655,0.352915,0.000849,-0.352909,-0.935650,0.003657,0.002085,0.003123,0.999993,0,0.47238,0.59126,16.443,0.437,13.291,540.866,-1,577.148,10.907,461.765,473.367,477.372,462.711,-1,-1,-1,-1,926.199,927.500,32.574,9.000,1,0,2,0,1,0,0,0,0,2,2,2,2,0,0,1,1
111,2766.417,5325.809,-126.914,-158.923,-0.933097,0.359624,0.000404,-0.359621,-0.933094,0.002988,0.001451,0.002642,0.999995,0,0.47238,0.59126,16.645,0.412,13.271,536.937,-1,572.282,13.108,458.533,470.061,476.891,465.007,-1,-1,-1,-1,918.062,922.508,34.303,10.893,1,0,2,0,1,0,0,0,0,2,2,2,2,0,0,1,1
112,2748.348,5316.459,-126.677,-158.482,-0.930300,0.366800,0.000597,-0.366798,-0.930297,0.002541,0.001487,0.002144,0.999997,0,0.47238,0.59126,20.345,0.441,13.274,533.784,-1,567.913,-1,455.856,467.347,476.502,467.758,-1,-1,-1,-1,912.346,919.729,36.250,-1,1,0,2,0,2,0,0,0,0,2,2,2,2,0,0,1,2
113,2736.083,5310.183,-126.542,-158.211,-0.928556,0.371192,0.000820,-0.371188,-0.928554,0.002667,0.001752,0.002172,0.999996,0,0.47238,0.59126,13.777,0.271,13.283,532.314,-1,565.176,-1,454.451,465.798,476.642,469.130,-1,-1,-1,-1,910.265,918.848,36.769,-1,1,0,2,0,2,0,0,0,0,2,2,2,2,0,0,1,2
114,2720.608,5302.329,-126.325,-157.884,-0.926420,0.376492,0.000573,-0.376489,-0.926417,0.002684,0.001541,0.002271,0.999996,0,0.47238,0.59126,17.354,0.327,13.446,529.592,-1,561.218,-1,451.969,462.984,476.909,470.790,-1,-1,-1,-1,905.310,915.453,36.784,-1,1,0,2,0,2,0,0,0,0,2,2,2,2,0,0,1,2
115,2704.822,5294.751,-126.012,-157.667,-0.924992,0.379987,0.000227,-0.379986,-0.924990,0.001923,0.000940,0.001693,0.999998,0,0.47238,0.59126,17.511,0.216,13.820,526.084,-1,557.232,-1,449.101,460.017,476.083,473.642,-1,-1,-1,-1,898.039,911.172,28.680,-1,1,0,2,0,2,0,0,0,0,2,2,2,2,0,0,1,2
116,2688.552,5287.624,-125.693,-157.611,-0.924621,0.380888,0.000745,-0.380887,-0.924621,0.000796,0.000992,0.000452,0.999999,0,0.53686,0.39892,17.763,0.056,14.388,523.611,-1,554.893,-1,447.289,458.349,474.356,477.483,-1,-1,-1,-1,893.382,910.082,24.960,-1,1,0,2,0,2,0,0,0,0,2,2,2,2,0,0,1,2
117,2671.810,5281.131,-125.351,-157.740,-0.925474,0.378807,0.001973,-0.378809,-0.925475,-0.000831,0.001511,-0.001517,0.999998,0,0.53686,0.39892,17.957,-0.129,14.559,521.854,-1,553.947,-1,446.314,457.732,471.929,482.426,-1,-1,-1,-1,890.511,911.415,24.370,-1,1,0,2,0,2,0,0,0,0,2,2,2,2,0,0,1,2
118,2654.753,5274.823,-124.864,-157.923,-0.926673,0.375840,0.004578,-0.375851,-0.926678,-0.001826,0.003556,-0.003413,0.999988,0,0.53686,0.39892,18.186,-0.183,14.473,523.496,-1,556.171,13.609,448.161,459.390,470.151,487.806,-1,-1,-1,-1,895.865,922.232,24.645,31.894,1,0,2,0,1,0,0,0,0,2,2,2,2,0,0,1,1
119,2637.397,5268.368,-123.941,-158.079,-0.927665,0.373279,0.010045,-0.373312,-0.927705,-0.001560,0.008737,-0.005197,0.999948,0,0.53686,0.39892,18.517,-0.156,14.366,533.102,-1,565.802,13.685,455.952,466.663,469.785,494.731,-1,-1,-1,-1,918.990,951.942,25.039,30.500,1,0,2,0,1,0,0,0,0,2,2,2,2,0,0,1,1
120,2619.888,5261.847,-122.914,-158.200,-0.928402,0.371304,0.014288,-0.371334,-0.928499,0.000537,0.013465,-0.004807,0.999898,0,0.53686,0.39892,18.684,-0.121,14.244,543.587,-1,574.358,-1,463.691,473.435,472.825,497.983,-1,-1,-1,-1,944.306,976.116,25.583,-1,1,0,2,0,2,0,0,0,0,2,2,2,2,0,0,1,2
121,2602.339,5255.344,-122.032,-158.278,-0.928876,0.370068,0.015477,-0.370060,-0.929002,0.003485,0.015667,-0.002490,0.999874,0,0.53686,0.39892,18.715,-0.078,14.142,549.779,-1,575.989,-1,467.391,475.949,477.914,497.248,-1,-1,-1,-1,959.406,985.165,26.121,-1,1,0,2,0,2,0,0,0,0,2,2,2,2,0,0,1,2
122,2584.720,5248.794,-121.421,-158.328,-0.929197,0.369301,0.014483,-0.369241,-0.929309,0.006718,0.015940,0.000895,0.999873,0,0.53686,0.39892,18.797,-0.050,14.115,551.915,-1,571.887,-1,467.510,474.579,483.120,493.910,-1,-1,-1,-1,964.989,979.924,26.273,-1,1,0,2,0,2,0,0,0,0,2,2,2,2,0,0,1,2
123,2566.904,5242.192,-121.169,-158.372,-0.929480,0.368642,0.013064,-0.368535,-0.929561,0.009938,0.015807,0.004423,0.999865,0,0.53686,0.39892,19.000,-0.044,14.103,552.335,-1,566.015,-1,466.157,471.736,487.762,489.502,-1,-1,-1,-1,967.070,970.369,26.354,-1,1,0,2,0,2,0,0,0,0,2,2,2,2,0,0,1,2
124,2548.941,5235.484,-121.187,-158.409,-0.929727,0.368073,0.011373,-0.367940,-0.929769,0.012241,0.015080,0.007197,0.999860,0,0.53686,0.39892,19.174,-0.037,14.118,550.391,-1,558.802,-1,463.389,467.463,490.568,485.714,-1,-1,-1,-1,963.422,957.676,26.257,-1,1,0,2,0,2,0,0,0,0,2,2,2,2,0,0,1,2
125,2530.727,5228.656,-121.444,-158.445,-0.929962,0.367512,0.010235,-0.367358,-0.929970,0.014275,0.014765,0.009516,0.999846,0,0.53686,0.39892,19.452,-0.036,14.139,548.393,-1,552.080,-1,460.685,463.381,492.130,482.105,-1,-1,-1,-1,960.032,947.189,26.136,-1,1,0,2,0,2,0,0,0,0,2,2,2,2,0,0,1,2
126,2512.298,5221.772,-121.773,-158.491,-0.930257,0.366777,0.009834,-0.366600,-0.930239,0.016090,0.015049,0.011363,0.999822,0,0.53686,0.39892,19.673,-0.047,14.146,547.151,-1,546.675,-1,458.706,460.146,492.806,479.002,-1,-1,-1,-1,958.637,940.593,26.094,-1,1,0,2,0,2,0,0,0,0,2,2,2,2,0,0,1,2
127,2493.779,5214.834,-122.061,-158.519,-0.930418,0.366359,0.010140,-0.366138,-0.930373,0.018682,0.016278,0.013669,0.999774,0,0.53686,0.39892,19.776,-0.028,14.194,548.306,-1,543.568,-1,458.419,458.302,494.415,475.409,-1,-1,-1,-1,963.299,938.760,25.831,-1,1,0,2,0,2,0,0,0,0,2,2,2,2,0,0,1,2
128,2476.048,5208.103,-121.563,-158.433,-0.929782,0.367912,0.012107,-0.367504,-0.929635,0.026826,0.021125,0.020493,0.999567,0,0.53686,0.39892,18.966,0.086,14.431,562.494,-1,547.046,-1,466.642,463.954,505.434,467.095,-1,-1,-1,-1,999.838,953.589,24.794,-1,1,0,2,0,2,0,0,0,0,2,2,2,2,0,0,1,2
129,2458.746,5201.679,-119.882,-158.337,-0.928937,0.369850,0.016951,-0.368974,-0.928575,0.040082,0.030565,0.030979,0.999053,0,0.53686,0.39892,18.456,0.096,15.083,593.231,-1,560.798,-1,486.630,479.707,526.521,456.905,-1,-1,-1,-1,-1,995.933,23.227,-1,1,0,2,0,2,0,0,0,0,2,2,2,2,2,0,1,2
130,2441.575,5195.929,-116.971,-158.381,-0.928839,0.369704,0.024010,-0.368113,-0.928276,0.052882,0.041838,0.040280,0.998312,0,0.53686,0.39892,18.108,-0.044,17.462,633.334,-1,582.874,-1,514.379,502.456,549.727,451.510,-1,-1,-1,-1,-1,-1,22.214,-1,1,0,2,0,2,0,0,0,0,2,2,2,2,2,2,1,2
131,2424.981,5192.424,-113.227,-158.864,-0.931585,0.362185,0.031171,-0.360147,-0.931192,0.056364,0.049440,0.041282,0.997924,0,0.53686,0.39892,16.959,-0.483,16.486,663.498,-1,605.619,-1,536.808,523.639,559.456,458.791,-1,-1,-1,-1,-1,-1,22.222,-1,1,0,2,0,2,0,0,0,0,2,2,2,2,2,2,1,2
132,2408.438,5189.451,-109.438,-159.551,-0.935532,0.351155,0.038338,-0.348840,-0.935498,0.056161,0.055586,0.039166,0.997685,0,0.53686,0.39892,16.809,-0.687,16.161,688.492,-1,628.011,-1,556.799,543.360,563.011,470.314,-1,-1,-1,-1,-1,-1,22.312,-1,1,0,2,0,2,0,0,0,0,2,2,2,2,2,2,1,2
133,2391.780,5186.447,-106.315,-160.267,-0.939593,0.339346,0.044817,-0.337030,-0.940054,0.052044,0.059792,0.033796,0.997639,0,0.53686,0.39892,16.927,-0.717,-1,703.923,-1,646.521,-1,571.559,557.616,558.435,483.681,-1,-1,-1,-1,-1,-1,-1,-1,2,0,2,0,2,0,0,0,0,2,2,2,2,2,2,2,2
134,2375.038,5183.384,-104.166,-161.000,-0.943654,0.327023,0.050722,-0.324928,-0.944649,0.045386,0.062756,0.026348,0.997681,0,0.53686,0.39892,17.020,-0.733,-1,711.582,-1,661.416,-1,580.679,567.598,547.156,498.253,-1,-1,-1,-1,-1,-1,-1,-1,2,0,2,0,2,0,0,0,0,2,2,2,2,2,2,2,2
135,2358.185,5180.290,-103.167,-161.722,-0.947512,0.314697,0.056455,-0.312960,-0.949022,0.037588,0.065405,0.017947,0.997697,0,0.40857,0.76159,17.134,-0.722,-1,714.187,-1,674.152,-1,585.686,575.338,531.826,512.236,-1,-1,-1,-1,-1,-1,-1,-1,2,0,2,0,2,0,0,0,0,2,2,2,2,2,2,2,2
136,2341.239,5177.197,-103.418,-162.416,-0.951060,0.302685,0.062178,-0.301397,-0.953046,0.029378,0.068151,0.009200,0.997633,0,0.40857,0.76159,17.226,-0.694,-1,712.952,-1,683.900,-1,588.066,579.103,513.510,524.502,-1,-1,-1,-1,-1,-1,-1,-1,2,0,2,0,2,0,0,0,0,2,2,2,2,2,2,2,2
137,2324.369,5173.660,-104.896,-162.941,-0.953613,0.293531,0.066799,-0.292617,-0.955946,0.023298,0.070695,0.002670,0.997494,0,0.40857,0.76159,17.237,-0.525,-1,709.080,-1,687.821,-1,587.448,579.293,495.996,530.754,-1,-1,-1,-1,-1,-1,-1,-1,2,0,2,0,2,0,0,0,0,2,2,2,2,2,2,2,2
138,2307.563,5170.212,-107.225,-163.404,-0.955962,0.285448,0.068235,-0.284911,-0.958391,0.017687,0.070445,-0.002533,0.997512,0,0.40857,0.76159,17.156,-0.463,-1,696.092,-1,680.870,-1,578.538,571.220,479.377,532.601,-1,-1,-1,-1,-1,-1,-1,-1,2,0,2,0,2,0,0,0,0,2,2,2,2,2,2,2,2
139,2287.844,5165.871,-110.809,-163.749,-0.958126,0.279616,0.061726,-0.279281,-0.960105,0.014158,0.063222,-0.003674,0.997993,0,0.40857,0.76159,20.192,-0.345,13.486,663.671,-1,648.605,-1,551.932,544.738,465.942,523.807,-1,-1,-1,-1,-1,-1,27.399,-1,1,0,2,0,2,0,0,0,0,2,2,2,2,2,2,1,2
140,2275.252,5162.360,-113.557,-163.706,-0.958445,0.280634,0.051260,-0.280163,-0.959814,0.016296,0.053774,0.001258,0.998552,0,0.40857,0.76159,13.071,0.043,15.033,633.792,-1,611.935,-1,525.727,517.128,464.700,507.485,-1,-1,-1,-1,-1,-1,27.562,-1,1,0,2,0,2,0,0,0,0,2,2,2,2,2,2,1,2
141,2260.194,5156.851,-116.935,-163.224,-0.956669,0.289224,0.033682,-0.288395,-0.957119,0.027408,0.040165,0.016507,0.999057,0,0.40857,0.76159,16.035,0.482,19.304,599.586,-1,559.030,-1,492.632,480.203,478.950,473.852,-1,-1,-1,-1,-1,-1,39.381,-1,1,0,2,0,2,0,0,0,0,2,2,2,2,2,2,1,2
142,2246.009,5151.138,-119.247,-162.607,-0.953829,0.299746,0.019047,-0.298781,-0.953409,0.041722,0.030666,0.034105,0.998948,0,0.40857,0.76159,15.292,0.617,30.891,580.489,-1,520.359,17.920,471.720,454.586,501.656,441.553,-1,-1,-1,-1,-1,934.936,50.813,22.301,1,0,2,0,1,0,0,0,0,2,2,2,2,2,0,1,1
143,2233.180,5145.198,-119.271,-161.954,-0.950334,0.310905,0.014245,-0.309625,-0.949084,0.058060,0.031571,0.050766,0.998211,0,0.40857,0.76159,14.137,0.653,54.262,591.172,-1,511.255,18.148,475.112,452.823,532.181,417.391,-1,-1,-1,-1,-1,909.746,55.960,22.360,1,0,2,0,1,0,0,0,0,2,2,2,2,2,0,1,1
144,2221.390,5138.866,-116.860,-161.185,-0.945742,0.324390,0.018537,-0.322230,-0.943712,0.074671,0.041716,0.064646,0.997036,0,0.40857,0.76159,13.383,0.769,25.460,629.675,-1,529.685,17.799,500.968,473.718,568.763,403.432,-1,-1,-1,-1,-1,955.977,55.385,22.275,1,0,2,0,1,0,0,0,0,2,2,2,2,2,0,1,1
145,2210.109,5132.312,-112.473,-160.436,-0.940743,0.337890,0.028854,-0.334319,-0.938328,0.088153,0.056860,0.073283,0.995689,0,0.40857,0.76159,13.047,0.749,16.993,686.448,-1,568.609,17.283,542.138,511.052,601.142,400.227,-1,-1,-1,-1,-1,-1,50.814,22.194,1,0,2,0,1,0,0,0,0,2,2,2,2,2,2,1,1
146,2199.269,5125.775,-106.860,-159.799,-0.936113,0.349378,0.040343,-0.344445,-0.933931,0.095557,0.071063,0.075557,0.994606,0,0.40857,0.76159,12.659,0.637,14.959,743.851,-1,616.864,16.887,583.116,554.493,623.173,406.988,-1,-1,-1,985.367,-1,-1,43.494,22.179,1,0,2,0,1,0,0,0,0,2,2,2,0,2,2,1,1
147,2188.556,5119.214,-101.008,-159.252,-0.931984,0.358955,0.050562,-0.353059,-0.930466,0.097890,0.082185,0.073381,0.993912,0,0.40857,0.76159,12.562,0.547,14.337,792.045,-1,665.105,-1,619.332,593.662,634.990,419.359,-1,-1,-1,965.360,-1,-1,33.359,-1,1,0,2,0,2,0,0,0,0,2,2,2,0,2,2,1,2
148,2178.008,5112.471,-95.612,-158.737,-0.928131,0.367558,0.058936,-0.361164,-0.927481,0.096636,0.090181,0.068406,0.993573,0,0.40857,0.76159,12.520,0.515,-1,828.548,-1,708.595,-1,648.131,626.307,638.742,434.240,-1,-1,-1,972.623,-1,-1,-1,-1,2,0,2,0,2,0,0,0,0,2,2,2,0,2,2,2,2
149,2167.667,5105.572,-91.058,-158.242,-0.924512,0.375457,0.065647,-0.368999,-0.924803,0.092626,0.095488,0.061410,0.993535,0,0.40857,0.76159,12.431,0.496,-1,851.955,-1,745.519,-1,668.782,651.480,634.522,449.393,-1,-1,-1,998.376,-1,-1,-1,-1,2,0,2,0,2,0,0,0,0,2,2,2,0,2,2,2,2
150,2157.279,5098.477,-87.670,-157.775,-0.921021,0.382758,0.072227,-0.376322,-0.922247,0.088560,0.100509,0.054385,0.993449,0,0.40857,0.76159,12.579,0.466,-1,870.618,-1,779.300,-1,685.943,673.442,626.930,462.620,-1,-1,-1,-1,-1,-1,-1,-1,2,0,2,0,2,0,0,0,0,2,2,2,2,2,2,2,2
151,2146.783,5091.205,-85.555,-157.320,-0.917474,0.389849,0.079111,-0.383414,-0.919632,0.085266,0.105994,0.047897,0.993213,0,0.40857,0.76159,12.770,0.456,-1,887.628,-1,811.049,-1,701.124,693.623,617.286,473.032,-1,-1,-1,-1,-1,-1,-1,-1,2,0,2,0,2,0,0,0,0,2,2,2,2,2,2,2,2
152,2136.173,5083.773,-84.714,-156.870,-0.913837,0.396803,0.086307,-0.390346,-0.916949,0.082677,0.111945,0.041864,0.992832,0,0.40857,0.76159,12.954,0.450,-1,904.674,-1,841.286,-1,714.634,709.820,605.638,480.610,-1,-1,981.912,-1,-1,-1,-1,-1,2,0,2,0,2,0,0,0,0,2,2,0,2,2,2,2,2
153,2125.448,5076.195,-85.141,-156.424,-0.910090,0.403658,0.093790,-0.397158,-0.914193,0.080732,0.118330,0.036224,0.992313,0,0.40857,0.76159,13.132,0.446,-1,919.873,-1,869.937,-1,726.361,724.418,591.998,485.343,-1,985.504,893.929,-1,-1,-1,-1,-1,2,0,2,0,2,0,0,0,0,2,0,0,2,2,2,2,2
154,2114.616,5068.488,-86.810,-155.980,-0.906242,0.410402,0.101471,-0.403869,-0.911386,0.079150,0.124963,0.030748,0.991685,0,0.40857,0.76159,13.294,0.444,-1,932.180,-1,896.535,-1,735.780,736.709,575.837,487.499,-1,871.856,797.186,999.296,-1,-1,-1,-1,2,0,2,0,2,0,0,0,0,2,0,0,0,2,2,2,2
155,2103.839,5060.744,-89.342,-155.538,-0.902619,0.416927,0.107005,-0.410626,-0.908595,0.076430,0.129090,0.025048,0.991316,0,0.40857,0.76159,13.271,0.442,-1,929.975,-1,911.499,-1,735.986,739.822,556.674,488.132,-1,783.444,726.468,989.955,-1,-1,-1,-1,2,0,2,0,2,0,0,0,0,2,0,0,0,2,2,2,2
156,2093.333,5053.060,-92.257,-155.073,-0.899500,0.423791,0.106310,-0.418050,-0.905520,0.072575,0.127023,0.020838,0.991681,0,0.40857,0.76159,13.016,0.465,-1,900.278,-1,898.132,-1,717.970,723.896,538.986,485.425,-1,768.108,717.156,1002.654,-1,-1,-1,-1,2,0,2,0,2,0,0,0,0,2,0,0,0,2,2,2,2
157,2081.176,5043.979,-96.064,-154.475,-0.896428,0.432759,0.095586,-0.428048,-0.901319,0.066322,0.114855,0.018538,0.993209,0,0.40857,0.76159,15.173,0.598,-1,829.134,-1,839.932,-1,670.430,677.789,521.809,476.883,-1,876.141,807.690,-1,-1,-1,-1,-1,2,0,2,0,2,0,0,0,0,2,0,0,2,2,2,2,2
158,2073.180,5038.060,-98.814,-154.086,-0.894788,0.438644,0.083339,-0.434758,-0.898472,0.061109,0.101683,0.018448,0.994646,0,0.40857,0.76159,9.949,0.389,-1,767.884,-1,783.386,-1,628.048,635.767,512.054,468.377,-1,-1,945.305,-1,-1,-1,-1,-1,2,0,2,0,2,0,0,0,0,2,2,0,2,2,2,2,2
159,2063.221,5030.729,-102.622,-153.601,-0.892785,0.445989,0.063472,-0.443168,-0.894814,0.053945,0.080854,0.020032,0.996525,0,0.40857,0.76159,12.366,0.485,-1,688.649,-1,703.108,-1,569.178,576.703,501.585,454.437,-1,-1,-1,-1,-1,-1,-1,-1,2,0,2,0,2,0,0,0,0,2,2,2,2,2,2,2,2
160,2053.145,5023.025,-106.173,-153.061,-0.889772,0.454157,0.045247,-0.452175,-0.890649,0.047777,0.061998,0.022050,0.997833,0,0.53358,1.00000,12.684,0.540,24.186,625.599,-1,637.317,17.758,520.371,526.936,492.780,440.404,-1,-1,-1,-1,-1,-1,32.752,22.266,1,0,2,0,1,0,0,0,0,2,2,2,2,2,2,1,1
161,2042.646,5014.584,-108.360,-152.453,-0.885387,0.463478,0.035741,-0.461817,-0.885773,0.046158,0.053051,0.024362,0.998295,0,0.53358,1.00000,13.471,0.607,19.649,595.437,-1,605.473,17.526,495.924,501.916,489.026,428.749,-1,-1,-1,-1,-1,-1,43.399,22.224,1,0,2,0,1,0,0,0,0,2,2,2,2,2,2,1,1
162,2031.890,5005.697,-108.811,-151.842,-0.880366,0.472974,0.035376,-0.471224,-0.880703,0.048062,0.053888,0.025642,0.998218,0,0.53358,1.00000,13.953,0.612,18.894,593.589,-1,604.206,17.477,493.468,499.490,488.895,422.967,-1,-1,-1,-1,-1,-1,44.958,22.217,1,0,2,0,1,0,0,0,0,2,2,2,2,2,2,1,1
163,2020.997,4996.369,-107.576,-151.207,-0.874725,0.482862,0.041236,-0.480745,-0.875323,0.051901,0.061156,0.025575,0.997800,0,0.53358,1.00000,14.341,0.635,18.018,611.233,-1,625.021,17.401,506.412,513.141,491.390,423.000,-1,-1,-1,-1,-1,-1,41.300,22.207,1,0,2,0,1,0,0,0,0,2,2,2,2,2,2,1,1
164,2010.113,4986.746,-105.151,-150.547,-0.868661,0.493057,0.048203,-0.490517,-0.869643,0.055805,0.069434,0.024831,0.997277,0,0.53358,1.00000,14.528,0.660,16.904,635.662,-1,653.634,17.264,524.444,531.835,495.881,426.714,-1,-1,-1,-1,-1,-1,33.253,22.192,1,0,2,0,1,0,0,0,0,2,2,2,2,2,2,1,1
165,1999.288,4976.982,-102.160,-149.888,-0.862583,0.503107,0.053240,-0.500267,-0.863897,0.058436,0.075394,0.023771,0.996870,0,0.53358,1.00000,14.577,0.660,15.815,656.963,-1,677.602,17.086,539.792,547.685,501.010,432.091,-1,-1,-1,-1,-1,-1,21.250,22.180,1,0,2,0,1,0,0,0,0,2,2,2,2,2,2,1,1
166,1986.477,4964.989,-98.653,-149.062,-0.855116,0.515498,0.055120,-0.512541,-0.856589,0.059637,0.077958,0.022746,0.996697,0,0.53358,1.00000,17.549,0.826,-1,670.009,-1,692.974,8.587,549.304,557.501,506.905,437.725,-1,-1,-1,-1,-1,-1,-1,22.255,2,0,2,0,1,0,0,0,0,2,2,2,2,2,2,2,1
167,1978.170,4956.680,-96.683,-148.441,-0.849559,0.524767,0.053561,-0.521807,-0.850927,0.060342,0.077242,0.023315,0.996740,0,0.53358,1.00000,11.749,0.621,-1,671.682,-1,694.120,-1,549.886,557.899,512.019,438.814,-1,-1,-1,-1,-1,-1,-1,13.764,2,0,2,0,2,0,0,0,0,2,2,2,2,2,2,2,1
168,1968.057,4945.901,-94.794,-147.579,-0.841761,0.537547,0.049818,-0.534628,-0.842866,0.061239,0.074909,0.024915,0.996879,0,0.53358,1.00000,14.780,0.862,-1,668.406,-1,688.577,16.714,546.221,553.671,519.098,437.364,-1,-1,-1,-1,-1,-1,-1,12.009,2,0,2,0,1,0,0,0,0,2,2,2,2,2,2,2,1
169,1958.124,4934.687,-93.622,-146.654,-0.833194,0.551092,0.045660,-0.548258,-0.834026,0.061761,0.072118,0.026425,0.997046,0,0.53358,1.00000,14.981,0.925,-1,663.490,-1,679.430,16.994,540.008,546.591,524.225,433.685,-1,-1,-1,-1,-1,-1,-1,12.042,2,0,2,0,1,0,0,0,0,2,2,2,2,2,2,2,1
170,1948.289,4923.044,-93.158,-145.709,-0.824189,0.564747,0.042109,-0.562042,-0.824823,0.061450,0.069437,0.026979,0.997221,0,0.53358,1.00000,15.241,0.946,-1,655.973,-1,669.234,11.600,531.846,538.444,525.448,430.030,-1,-1,-1,-1,-1,-1,-1,8.102,2,0,2,0,1,0,0,0,0,2,2,2,2,2,2,2,1
171,1938.596,4911.007,-93.246,-144.754,-0.814861,0.578309,0.039508,-0.575799,-0.815406,0.059743,0.066765,0.025934,0.997432,0,0.53358,1.00000,15.454,0.955,-1,645.245,-1,658.961,18.415,522.271,529.372,521.825,428.248,-1,-1,-1,-1,-1,-1,-1,22.439,2,0,2,0,1,0,0,0,0,2,2,2,2,2,2,2,1
172,1928.854,4898.704,-93.513,-143.865,-0.805919,0.590758,0.038724,-0.588436,-0.806509,0.057328,0.065098,0.023415,0.997604,0,0.53358,1.00000,15.693,0.889,20.176,635.701,-1,651.978,18.100,514.234,522.266,514.734,428.377,-1,-1,-1,-1,-1,-1,20.785,22.347,1,0,2,0,1,0,0,0,0,2,2,2,2,2,2,1,1
173,1919.163,4886.154,-93.637,-143.013,-0.797119,0.602547,0.039225,-0.600390,-0.797830,0.054775,0.064299,0.020112,0.997728,0,0.53358,1.00000,15.856,0.852,27.430,628.535,-1,647.990,17.952,508.135,517.398,506.590,430.140,-1,-1,-1,-1,-1,-1,28.145,22.310,1,0,2,0,1,0,0,0,0,2,2,2,2,2,2,1,1
174,1907.737,4870.740,-93.389,-141.954,-0.785930,0.617074,0.039157,-0.615053,-0.786712,0.052862,0.063425,0.017462,0.997834,0,0.53358,1.00000,19.187,1.059,20.425,622.760,-1,643.814,17.586,502.095,511.865,500.649,431.402,-1,-1,-1,-1,-1,-1,32.795,22.233,1,0,2,0,1,0,0,0,0,2,2,2,2,2,2,1,1
175,1900.020,4860.415,-92.841,-141.279,-0.778634,0.626256,0.039136,-0.624276,-0.779446,0.052383,0.063309,0.016355,0.997860,0,0.53358,1.00000,12.891,0.675,17.410,622.120,-1,643.353,17.337,500.165,510.194,499.067,432.305,-1,-1,-1,-1,-1,-1,35.928,22.199,1,0,2,0,1,0,0,0,0,2,2,2,2,2,2,1,1
176,1890.079,4847.491,-91.777,-140.495,-0.770005,0.636831,0.039222,-0.634858,-0.770848,0.052430,0.063624,0.015471,0.997854,0,0.53358,1.00000,16.304,0.784,16.327,627.362,-1,644.833,17.182,500.039,510.069,499.072,433.652,-1,-1,-1,-1,-1,-1,36.165,22.186,1,0,2,0,1,0,0,0,0,2,2,2,2,2,2,1,1
177,1879.956,4834.443,-90.406,-139.752,-0.761705,0.646776,0.038552,-0.644775,-0.762519,0.053199,0.063804,0.015664,0.997839,0,0.53358,1.00000,16.515,0.742,16.189,635.859,-1,645.996,12.890,500.623,510.277,501.933,434.823,-1,-1,-1,-1,-1,-1,35.103,9.810,1,0,2,0,1,0,0,0,0,2,2,2,2,2,2,1,1
178,1869.752,4821.317,-88.832,-139.031,-0.753566,0.656322,0.037153,-0.654341,-0.754313,0.053382,0.063061,0.015916,0.997883,0,0.53358,1.00000,16.625,0.721,15.834,642.054,-1,644.534,-1,499.987,509.231,505.195,436.993,-1,-1,-1,-1,-1,-1,34.099,-1,1,0,2,0,2,0,0,0,0,2,2,2,2,2,2,1,2
179,1859.473,4808.018,-87.188,-138.330,-0.745561,0.665506,0.035234,-0.663578,-0.746216,0.053161,0.061671,0.016254,0.997964,0,0.53358,1.00000,16.809,0.702,15.712,646.430,-1,641.965,-1,498.336,507.132,508.591,439.160,-1,-1,-1,-1,-1,-1,33.338,-1,1,0,2,0,2,0,0,0,0,2,2,2,2,2,2,1,2
180,1849.097,4794.505,-85.602,-137.642,-0.737601,0.674434,0.032931,-0.672540,-0.738135,0.053365,0.060299,0.017215,0.998032,0,0.53358,1.00000,17.037,0.688,15.306,651.292,-1,639.143,-1,496.696,504.616,513.000,440.273,-1,-1,-1,-1,-1,-1,33.486,-1,1,0,2,0,2,0,0,0,0,2,2,2,2,2,2,1,2
181,1838.728,4780.764,-84.107,-136.953,-0.729527,0.683281,0.030306,-0.681424,-0.729922,0.053613,0.058753,0.018461,0.998102,0,0.53358,1.00000,17.214,0.689,14.916,657.216,-1,635.336,-1,495.623,502.269,517.710,441.051,-1,-1,-1,-1,-1,-1,32.586,-1,1,0,2,0,2,0,0,0,0,2,2,2,2,2,2,1,2
182,1828.301,4766.793,-82.715,-136.277,-0.721497,0.691829,0.028535,-0.690023,-0.721816,0.053392,0.057535,0.018832,0.998166,0,0.53358,1.00000,17.433,0.675,14.541,662.895,-1,632.905,-1,495.813,500.477,520.456,443.008,-1,-1,-1,-1,-1,-1,32.425,-1,1,0,2,0,2,0,0,0,0,2,2,2,2,2,2,1,2
183,1817.848,4752.496,-81.459,-135.615,-0.713498,0.700112,0.027642,-0.698341,-0.713791,0.053125,0.056924,0.018601,0.998205,0,0.53358,1.00000,17.711,0.662,14.228,669.548,-1,632.186,-1,496.762,499.665,521.905,445.653,-1,-1,-1,-1,-1,-1,32.548,-1,1,0,2,0,2,0,0,0,0,2,2,2,2,2,2,1,2
184,1807.364,4737.845,-80.359,-134.958,-0.705421,0.708248,0.027668,-0.706467,-0.705731,0.053363,0.057320,0.018097,0.998192,0,0.53358,1.00000,18.016,0.658,14.023,679.310,-1,634.247,-1,499.300,500.568,523.776,449.037,-1,-1,-1,-1,-1,-1,32.843,-1,1,0,2,0,2,0,0,0,0,2,2,2,2,2,2,1,2
185,1796.912,4722.861,-79.343,-134.297,-0.697189,0.716332,0.028212,-0.714518,-0.697543,0.053839,0.058246,0.017377,0.998151,0,0.53358,1.00000,18.269,0.661,13.872,690.449,-1,638.568,-1,502.652,502.297,524.977,452.921,-1,-1,-1,-1,-1,-1,33.204,-1,1,0,2,0,2,0,0,0,0,2,2,2,2,2,2,1,2
186,1786.538,4707.677,-78.264,-133.641,-0.688946,0.724241,0.028789,-0.722435,-0.689359,0.053590,0.058658,0.016122,0.998148,0,0.53358,1.00000,18.390,0.656,13.738,699.155,-1,642.229,-1,505.477,504.879,525.117,457.803,-1,-1,-1,-1,-1,-1,34.066,-1,1,0,2,0,2,0,0,0,0,2,2,2,2,2,2,1,2
187,1776.240,4692.243,-77.090,-132.990,-0.680688,0.731987,0.029314,-0.730210,-0.681160,0.053055,0.058803,0.014709,0.998161,0,0.53358,1.00000,18.554,0.651,13.630,707.069,-1,645.556,-1,511.070,507.984,525.152,463.202,-1,-1,-1,-1,-1,-1,34.854,-1,1,0,2,0,2,0,0,0,0,2,2,2,2,2,2,1,2
188,1763.803,4673.677,-75.608,-132.268,-0.671424,0.740467,0.029978,-0.738716,-0.671964,0.052568,0.059069,0.013150,0.998167,0,0.31879,0.51961,22.347,0.722,13.513,713.916,-1,651.167,-1,518.142,512.022,525.699,469.688,-1,-1,-1,-1,-1,-1,36.758,-1,1,0,2,0,2,0,0,0,0,2,2,2,2,2,2,1,2
189,1755.568,4661.380,-74.577,-131.816,-0.665584,0.745714,0.030152,-0.743984,-0.666152,0.052235,0.059038,0.012334,0.998180,0,0.31879,0.51961,14.799,0.451,13.464,712.436,-1,656.091,-1,522.508,514.362,526.638,473.763,-1,-1,-1,-1,-1,-1,36.983,-1,1,0,2,0,2,0,0,0,0,2,2,2,2,2,2,1,2
190,1745.398,4646.039,-73.266,-131.266,-0.658415,0.752054,0.030092,-0.750358,-0.659002,0.051760,0.058757,0.011500,0.998206,0,0.31879,0.51961,18.406,0.551,13.421,706.793,-1,661.244,-1,527.481,516.791,528.240,478.635,-1,-1,-1,-1,-1,-1,36.649,15.156,1,0,2,0,2,0,0,0,0,2,2,2,2,2,2,1,1
191,1735.345,4630.688,-71.981,-130.731,-0.651380,0.758170,0.029708,-0.756477,-0.651959,0.051892,0.058712,0.011328,0.998211,0,0.31879,0.51961,18.349,0.535,13.385,702.287,-1,666.091,15.397,533.583,522.030,531.223,482.435,-1,-1,-1,-1,-1,-1,36.354,12.543,1,0,2,0,1,0,0,0,0,2,2,2,2,2,2,1,1
192,1725.303,4615.356,-70.760,-130.217,-0.644549,0.763994,0.029505,-0.762262,-0.645122,0.052667,0.059272,0.011456,0.998176,0,0.31879,0.51961,18.328,0.514,13.374,699.505,-1,672.396,11.113,542.016,529.486,534.745,485.657,-1,-1,-1,-1,-1,-1,35.746,9.063,1,0,2,0,1,0,0,0,0,2,2,2,2,2,2,1,1
193,1715.405,4599.977,-69.584,-129.703,-0.637639,0.769774,0.029400,-0.767967,-0.638206,0.054033,0.060357,0.011876,0.998106,0,0.31879,0.51961,18.289,0.514,13.364,698.040,-1,682.934,8.590,551.761,538.056,538.565,488.322,-1,-1,-1,-1,-1,-1,34.759,22.445,1,0,2,0,1,0,0,0,0,2,2,2,2,2,2,1,1
194,1705.646,4584.583,-68.472,-129.197,-0.630790,0.775391,0.029553,-0.773507,-0.631367,0.055339,0.061569,0.012048,0.998030,0,0.31879,0.51961,18.227,0.506,13.378,696.583,-1,695.445,8.984,561.636,546.728,543.944,490.867,-1,-1,-1,-1,-1,-1,33.660,22.429,1,0,2,0,1,0,0,0,0,2,2,2,2,2,2,1,1
195,1696.078,4569.234,-67.379,-128.702,-0.624059,0.780805,0.029898,-0.778896,-0.624668,0.055777,0.062227,0.011521,0.997995,0,0.31879,0.51961,18.087,0.495,13.322,693.328,-1,706.703,8.024,569.872,554.600,548.096,494.519,-1,-1,-1,-1,-1,-1,33.637,22.507,1,0,2,0,1,0,0,0,0,2,2,2,2,2,2,1,1
196,1686.642,4553.868,-66.304,-128.221,-0.617466,0.786011,0.030374,-0.784060,-0.618114,0.056433,0.063132,0.011030,0.997944,0,0.31879,0.51961,18.032,0.481,13.305,-1,-1,718.635,15.714,578.889,564.187,552.313,498.126,-1,-1,-1,-1,-1,-1,33.747,22.547,1,2,2,0,1,0,0,0,0,2,2,2,2,2,2,1,1
197,1677.371,4538.509,-65.224,-127.750,-0.610969,0.791059,0.030694,-0.789086,-0.611650,0.056811,0.063715,0.010490,0.997913,0,0.31879,0.51961,17.940,0.472,13.299,-1,-1,730.478,15.696,587.086,572.960,556.362,501.822,-1,-1,-1,-1,-1,-1,31.052,22.560,1,2,2,0,1,0,0,0,0,2,2,2,2,2,2,1,1
198,1668.302,4523.122,-64.203,-127.277,-0.604433,0.796054,0.030965,-0.794089,-0.605148,0.056732,0.063900,0.009702,0.997909,0,0.31879,0.51961,17.860,0.473,13.309,-1,-1,741.462,15.731,594.225,580.558,559.523,505.744,-1,-1,-1,-1,-1,-1,28.673,22.535,1,2,2,0,1,0,0,0,0,2,2,2,2,2,2,1,1
199,1659.501,4507.659,-63.237,-126.780,-0.597514,0.801260,0.030970,-0.799295,-0.598246,0.056825,0.064059,0.009199,0.997904,0,0.31879,0.51961,17.792,0.497,13.312,-1,-1,751.864,15.742,601.202,587.900,563.145,509.094,-1,-1,-1,-1,-1,-1,28.488,22.527,1,2,2,0,1,0,0,0,0,2,2,2,2,2,2,1,1
200,1650.814,4492.192,-62.307,-126.290,-0.590642,0.806334,0.031092,-0.804361,-0.591397,0.057039,0.064380,0.008680,0.997888,0,0.31879,0.51961,17.740,0.490,13.318,-1,-1,762.818,15.761,608.532,595.776,566.636,511.438,-1,-1,-1,-1,-1,-1,27.533,22.514,1,2,2,0,1,0,0,0,0,2,2,2,2,2,2,1,1
201,1642.234,4476.725,-61.451,-125.813,-0.583922,0.811216,0.031042,-0.809249,-0.584689,0.057058,0.064436,0.008197,0.997888,0,0.31879,0.51961,17.687,0.477,13.319,-1,-1,772.475,15.761,614.337,602.621,569.934,513.344,-1,-1,-1,-1,-1,-1,25.724,22.514,1,2,2,0,1,0,0,0,0,2,2,2,2,2,2,1,1
202,1633.786,4461.233,-60.666,-125.343,-0.577266,0.815970,0.030933,-0.814019,-0.578044,0.056904,0.064313,0.007669,0.997900,0,0.31879,0.51961,17.646,0.470,13.311,-1,-1,781.262,15.735,618.323,608.718,572.860,515.163,-1,-1,-1,-1,-1,-1,24.533,22.531,1,2,2,0,1,0,0,0,0,2,2,2,2,2,2,1,1
203,1625.466,4445.740,-59.917,-124.883,-0.570726,0.820568,0.030666,-0.818645,-0.571504,0.056592,0.063963,0.007194,0.997926,0,0.31879,0.51961,17.586,0.460,13.298,-1,-1,788.858,15.693,621.547,614.008,575.033,516.801,-1,-1,-1,-1,-1,-1,24.319,22.562,1,2,2,0,1,0,0,0,0,2,2,2,2,2,2,1,1
204,1617.193,4430.272,-59.153,-124.444,-0.564459,0.824902,0.030387,-0.823005,-0.565236,0.056311,0.063627,0.006777,0.997951,0,0.31879,0.51961,17.541,0.438,13.319,-1,-1,796.422,15.763,624.872,619.348,578.689,518.402,-1,-1,-1,-1,-1,-1,24.433,22.513,1,2,2,0,1,0,0,0,0,2,2,2,2,2,2,1,1
205,1609.151,4414.687,-58.356,-123.980,-0.557791,0.829434,0.030142,-0.827570,-0.558570,0.055919,0.063218,0.006247,0.997980,0,0.45785,0.47979,17.538,0.464,10.797,-1,-1,804.039,16.034,628.279,624.667,582.243,520.284,-1,-1,-1,-1,-1,-1,10.483,22.363,1,2,2,0,1,0,0,0,0,2,2,2,2,2,2,1,1
206,1601.372,4398.834,-57.552,-123.474,-0.550471,0.834320,0.029874,-0.832497,-0.551252,0.055406,0.062694,0.005630,0.998017,0,0.45785,0.47979,17.659,0.507,-1,-1,-1,811.070,15.928,633.050,629.736,585.542,520.999,-1,-1,-1,-1,-1,-1,-1,22.415,2,2,2,0,1,0,0,0,0,2,2,2,2,2,2,2,1
207,1593.699,4382.793,-56.799,-122.961,-0.543032,0.839183,0.029808,-0.837448,-0.543832,0.054109,0.061618,0.004421,0.998090,0,0.45785,0.47979,17.781,0.513,-1,-1,-1,816.301,15.935,634.592,633.128,586.833,522.698,-1,-1,-1,-1,-1,-1,-1,22.411,2,2,2,0,1,0,0,0,0,2,2,2,2,2,2,2,1
208,1586.133,4366.573,-56.110,-122.447,-0.535545,0.843974,0.030010,-0.842368,-0.536378,0.052107,0.060074,0.002626,0.998190,0,0.45785,0.47979,17.898,0.514,-1,-1,-1,820.164,16.110,624.924,635.081,586.143,525.352,-1,-1,-1,-1,-1,-1,-1,22.331,2,2,2,0,1,0,0,0,0,2,2,2,2,2,2,2,1
209,1578.896,4350.162,-55.393,-121.892,-0.527426,0.849065,0.030170,-0.847602,-0.528288,0.049828,0.058246,0.000708,0.998302,0,0.45785,0.47979,17.936,0.554,-1,-1,-1,823.317,16.238,614.041,636.377,585.159,528.287,-1,-1,-1,-1,-1,-1,-1,22.285,2,2,2,0,1,0,0,0,0,2,2,2,2,2,2,2,1
210,1571.980,4333.531,-54.639,-121.292,-0.518577,0.854503,0.030041,-0.853193,-0.519445,0.047310,0.056031,-0.001098,0.998428,0,0.45785,0.47979,18.012,0.601,-1,-1,-1,825.032,16.239,601.753,636.720,584.568,531.034,-1,-1,-1,-1,-1,-1,-1,22.285,2,2,2,0,1,0,0,0,0,2,2,2,2,2,2,2,1
211,1565.325,4316.718,-53.786,-120.675,-0.509432,0.859969,0.030518,-0.858825,-0.510333,0.044496,0.053840,-0.003542,0.998543,0,0.45785,0.47979,18.082,0.616,-1,-1,-1,828.124,16.267,589.615,637.597,582.581,535.364,-1,-1,-1,-1,-1,-1,-1,22.276,2,2,2,0,1,0,0,0,0,2,2,2,2,2,2,2,1
212,1558.987,4299.665,-52.907,-120.017,-0.499578,0.865709,0.031148,-0.864713,-0.500512,0.041938,0.051896,-0.005983,0.998635,0,0.45785,0.47979,18.193,0.659,-1,-1,-1,832.503,16.201,577.664,639.235,580.780,539.765,-1,-1,-1,-1,-1,-1,-1,22.298,2,2,2,0,1,0,0,0,0,2,2,2,2,2,2,2,1
213,1552.777,4282.432,-52.093,-119.350,-0.489539,0.871405,0.031694,-0.870559,-0.490492,0.039296,0.049789,-0.008354,0.998725,0,0.45785,0.47979,18.318,0.666,-1,-1,-1,835.929,16.138,565.355,640.173,578.969,543.857,-1,-1,-1,-1,-1,-1,-1,22.321,2,2,2,0,1,0,0,0,0,2,2,2,2,2,2,2,1
214,1546.631,4265.019,-51.402,-118.701,-0.479699,0.876839,0.032294,-0.876135,-0.480666,0.036716,0.047716,-0.010682,0.998804,0,0.45785,0.47979,18.465,0.649,-1,-1,-1,838.695,16.062,610.450,640.873,574.214,547.582,-1,-1,-1,-1,-1,-1,-1,22.351,2,2,2,0,1,0,0,0,0,2,2,2,2,2,2,2,1
215,1540.453,4247.449,-50.852,-118.085,-0.470282,0.881888,0.033289,-0.881329,-0.471271,0.034095,0.045756,-0.013305,0.998864,0,0.45785,0.47979,18.625,0.617,-1,-1,-1,841.687,15.950,658.281,641.582,566.924,552.058,-1,-1,-1,-1,-1,-1,-1,22.404,2,2,2,0,1,0,0,0,0,2,2,2,2,2,2,2,1
216,1534.252,4229.734,-50.381,-117.507,-0.461416,0.886523,0.034242,-0.886111,-0.462412,0.031328,0.043607,-0.015887,0.998922,0,0.45785,0.47979,18.768,0.578,-1,-1,-1,843.456,15.807,653.621,639.069,559.359,556.632,-1,-1,-1,-1,-1,-1,-1,22.485,2,2,2,0,1,0,0,0,0,2,2,2,2,2,2,2,1
217,1528.073,4211.902,-49.831,-116.953,-0.452872,0.890898,0.034752,-0.890607,-0.453853,0.028929,0.041545,-0.017849,0.998977,0,0.45785,0.47979,18.872,0.554,-1,-1,-1,845.011,15.661,680.891,630.957,553.196,560.486,-1,-1,-1,-1,-1,-1,-1,22.585,2,2,2,0,1,0,0,0,0,2,2,2,2,2,2,2,1
218,1521.722,4194.067,-49.080,-116.440,-0.444912,0.894958,0.033224,-0.894718,-0.445802,0.027196,0.039150,-0.017626,0.999078,0,0.45785,0.47979,18.932,0.514,13.268,-1,-1,842.888,15.379,737.139,622.514,551.794,559.712,-1,-1,-1,-1,-1,-1,26.353,22.843,1,2,2,0,1,0,0,0,0,2,2,2,2,2,2,1,1
219,1515.077,4176.164,-48.111,-115.982,-0.437783,0.898590,0.029681,-0.898298,-0.438541,0.027239,0.037493,-0.014738,0.999188,0,0.45785,0.47979,19.097,0.457,13.274,-1,-1,840.894,15.315,741.679,616.292,556.199,553.429,-1,-1,-1,-1,-1,-1,33.284,22.913,1,2,2,0,1,0,0,0,0,2,2,2,2,2,2,1,1
220,1508.186,4158.190,-46.922,-115.556,-0.431095,0.901977,0.024390,-0.901535,-0.431687,0.029683,0.037302,-0.009192,0.999262,0,0.45785,0.47979,19.249,0.426,13.373,-1,-1,842.074,14.918,748.038,616.320,566.145,542.165,-1,-1,-1,-1,-1,-1,38.760,23.507,1,2,2,0,1,0,0,0,0,2,2,2,2,2,2,1,1
221,1500.857,4140.258,-45.566,-115.216,-0.425725,0.904646,0.019338,-0.904055,-0.426150,0.032882,0.037988,-0.003484,0.999272,0,0.45785,0.47979,19.372,0.340,13.640,-1,-1,846.737,14.428,757.152,626.997,574.697,532.177,-1,-1,-1,-1,-1,-1,31.261,24.808,1,2,2,0,1,0,0,0,0,2,2,2,2,2,2,1,1
222,1493.033,4122.487,-44.113,-115.007,-0.422412,0.906278,0.015143,-0.905582,-0.422681,0.035526,0.038597,0.001293,0.999254,0,0.45785,0.47979,19.417,0.209,13.907,-1,-1,852.103,10.149,765.010,633.770,581.525,524.986,-1,-1,-1,-1,-1,-1,27.817,9.053,1,2,2,0,1,0,0,0,0,2,2,2,2,2,2,1,1
223,1484.828,4104.951,-42.545,-114.926,-0.421145,0.906920,0.011541,-0.906184,-0.421272,0.036877,0.038306,0.005072,0.999253,0,0.45785,0.47979,19.360,0.080,13.905,-1,-1,854.967,-1,786.027,638.432,751.097,520.066,-1,-1,-1,-1,-1,-1,27.829,-1,1,2,2,0,2,0,0,0,0,2,2,2,2,2,2,1,2
224,1476.594,4087.448,-40.959,-114.868,-0.420241,0.907384,0.007136,-0.906650,-0.420198,0.037672,0.037181,0.009362,0.999265,0,0.45785,0.47979,19.343,0.058,13.780,-1,-1,853.941,-1,803.084,641.017,759.980,514.007,-1,-1,-1,-1,-1,-1,29.151,-1,1,2,2,0,2,0,0,0,0,2,2,2,2,2,2,1,2
225,1468.508,4069.814,-39.510,-114.761,-0.418566,0.908184,0.002158,-0.907480,-0.418332,0.038447,0.035820,0.014135,0.999258,0,0.45785,0.47979,19.399,0.107,13.574,-1,-1,851.198,-1,841.808,643.689,769.533,506.638,-1,-1,-1,-1,-1,-1,32.644,-1,1,2,2,0,2,0,0,0,0,2,2,2,2,2,2,1,2
226,1460.637,4052.062,-38.554,-114.594,-0.415966,0.909378,-0.001808,-0.908801,-0.415629,0.036517,0.032456,0.016833,0.999331,0,0.45785,0.47979,19.419,0.167,-1,-1,-1,842.101,-1,836.296,640.120,786.516,502.477,-1,-1,-1,-1,-1,-1,-1,-1,2,2,2,0,2,0,0,0,0,2,2,2,2,2,2,2,2
227,1453.026,4034.354,-38.282,-114.406,-0.413070,0.910689,-0.004249,-0.910341,-0.412773,0.029959,0.025529,0.016243,0.999542,0,0.45785,0.47979,19.274,0.188,-1,-1,-1,821.917,-1,822.642,624.175,895.407,502.898,-1,-1,-1,-1,-1,-1,-1,-1,2,2,2,0,2,0,0,0,0,2,2,2,2,2,2,2,2
228,1445.831,4016.646,-38.724,-114.222,-0.410233,0.911961,-0.006037,-0.911856,-0.410059,0.019263,0.015091,0.013407,0.999796,0,0.45785,0.47979,19.114,0.184,-1,-1,-1,790.695,-1,800.756,597.097,897.516,505.402,-1,-1,-1,-1,-1,-1,-1,-1,2,2,2,0,2,0,0,0,0,2,2,2,2,2,2,2,2
229,1439.028,3998.792,-39.936,-114.019,-0.407032,0.913388,-0.006828,-0.913410,-0.406996,0.006076,0.002771,0.008710,0.999958,0,0.45785,0.47979,19.106,0.204,-1,-1,-1,754.713,-1,775.024,564.452,897.484,509.326,-1,-1,-1,-1,-1,-1,-1,12.786,2,2,2,0,2,0,0,0,0,2,2,2,2,2,2,2,1
230,1432.616,3981.226,-41.519,-113.880,-0.404810,0.914398,-0.002171,-0.914359,-0.404813,-0.008583,-0.008727,-0.001490,0.999961,0,-0.07701,0.99662,18.700,0.138,-1,-1,-1,726.383,14.923,748.256,537.113,895.177,524.000,-1,-1,-1,-1,-1,-1,-1,23.499,2,2,2,0,1,0,0,0,0,2,2,2,2,2,2,2,1
231,1426.358,3964.537,-42.980,-113.932,-0.405595,0.913943,0.014150,-0.913920,-0.405223,-0.023348,-0.015605,-0.022402,0.999627,0,-0.07701,0.99662,17.824,-0.051,-1,-1,-1,723.791,15.876,722.150,527.707,891.979,564.931,-1,-1,-1,-1,-1,-1,-1,22.444,2,2,2,0,1,0,0,0,0,2,2,2,2,2,2,2,1
232,1420.760,3948.448,-44.044,-114.044,-0.407360,0.912571,0.035658,-0.913038,-0.406072,-0.038306,-0.020477,-0.048161,0.998630,0,-0.07701,0.99662,17.035,-0.113,-1,-1,-1,732.918,18.935,698.772,526.091,887.037,625.979,-1,-1,-1,-1,-1,-1,-1,22.621,2,2,2,0,1,0,0,0,0,2,2,2,2,2,2,2,1
233,1416.891,3933.052,-44.642,-114.012,-0.406758,0.912005,0.052868,-0.913085,-0.404059,-0.054878,-0.028687,-0.070595,0.997092,0,-0.07701,0.99662,15.875,0.033,-1,-1,-1,730.497,18.212,677.808,514.217,874.625,686.769,-1,-1,-1,-1,-1,-1,-1,22.378,2,2,2,0,1,0,0,0,0,2,2,2,2,2,2,2,1
234,1414.047,3918.109,-44.856,-113.801,-0.403232,0.912644,0.066969,-0.914217,-0.398554,-0.073222,-0.040135,-0.090749,0.995065,0,-0.07701,0.99662,15.212,0.211,-1,-1,-1,717.937,16.593,661.153,493.401,840.777,751.104,-1,-1,-1,-1,-1,-1,-1,22.204,2,2,2,0,1,0,0,0,0,2,2,2,2,2,2,2,1
235,1411.569,3903.386,-44.938,-113.503,-0.398202,0.913939,0.078423,-0.915673,-0.390955,-0.093259,-0.054573,-0.108946,0.992549,0,-0.07701,0.99662,14.929,0.298,-1,972.977,-1,695.460,16.320,643.801,466.171,814.151,816.470,-1,-1,-1,-1,-1,-1,-1,22.261,2,0,2,0,1,0,0,0,0,2,2,2,2,2,2,2,1
236,1409.391,3889.056,-45.391,-113.124,-0.391620,0.916377,0.082982,-0.917068,-0.381380,-0.116345,-0.074968,-0.121663,0.989736,0,-0.07701,0.99662,14.495,0.379,-1,930.862,-1,650.660,-1,622.827,426.105,793.881,866.106,-1,-1,-1,-1,-1,-1,-1,-1,2,0,2,0,2,0,0,0,0,2,2,2,2,2,2,2,2
237,1407.440,3875.000,-46.568,-112.696,-0.383910,0.919726,0.081961,-0.917933,-0.370525,-0.141809,-0.100057,-0.129677,0.986495,0,-0.07701,0.99662,14.191,0.428,-1,873.102,-1,591.806,-1,598.792,380.031,778.289,893.737,-1,-1,-1,-1,-1,-1,-1,-1,2,0,2,0,2,0,0,0,0,2,2,2,2,2,2,2,2
238,1405.531,3861.133,-48.695,-112.260,-0.375727,0.923345,0.079138,-0.917950,-0.359081,-0.168611,-0.127269,-0.135996,0.982501,0,-0.07701,0.99662,13.997,0.436,-1,815.772,-1,530.053,16.224,572.966,338.847,763.616,910.617,-1,-1,-1,-1,-1,941.204,-1,11.904,2,0,2,0,1,0,0,0,0,2,2,2,2,2,0,2,1
239,1403.691,3847.379,-51.393,-111.830,-0.367494,0.926545,0.080397,-0.917407,-0.346958,-0.194897,-0.152686,-0.145380,0.977523,0,-0.07701,0.99662,13.877,0.430,-1,760.562,-1,477.806,18.694,548.826,313.234,741.799,943.157,-1,-1,-1,-1,-1,826.191,-1,22.533,2,0,2,0,1,0,0,0,0,2,2,2,2,2,0,2,1
240,1402.620,3833.817,-54.291,-111.354,-0.358497,0.929481,0.086868,-0.916954,-0.333144,-0.219570,-0.175147,-0.158369,0.971722,0,-0.07701,0.99662,13.605,0.476,-1,709.084,-1,437.238,18.667,529.249,291.885,708.018,1002.208,-1,-1,-1,-1,961.337,740.837,-1,22.523,2,0,2,0,1,0,0,0,0,2,2,2,2,0,0,2,1
241,1402.249,3820.423,-57.086,-110.845,-0.349085,0.931752,0.099893,-0.916780,-0.317498,-0.242302,-0.194049,-0.176164,0.965045,0,-0.07701,0.99662,13.398,0.508,-1,665.213,-1,406.084,18.661,514.211,297.471,668.559,-1,-1,-1,-1,-1,900.027,681.145,-1,22.521,2,0,2,0,1,0,0,0,2,2,2,2,2,0,0,2,1
242,1402.375,3808.658,-58.155,-110.249,-0.338196,0.933891,0.116067,-0.916747,-0.299075,-0.264819,-0.212600,-0.195965,0.957287,0,-0.07701,0.99662,11.766,0.596,-1,627.212,835.979,369.296,18.662,503.277,310.419,635.775,-1,-1,-1,-1,-1,847.711,635.220,-1,22.521,2,0,0,0,1,0,0,0,2,2,2,2,2,0,0,2,1
243,1401.346,3802.582,-53.481,-109.284,-0.320855,0.938115,0.130355,-0.917018,-0.273271,-0.290518,-0.236917,-0.212752,0.947949,0,-0.07701,0.99662,6.162,0.965,992.808,594.358,774.099,332.528,18.660,495.438,314.777,614.160,-1,-1,-1,-1,-1,799.981,589.289,977.057,22.521,0,0,0,0,1,0,0,0,2,2,2,2,2,0,0,0,1
244,1400.635,3796.598,-49.214,-108.328,-0.303825,0.940667,0.151114,-0.917184,-0.245867,-0.313564,-0.257805,-0.233868,0.937466,0,-0.07701,0.99662,6.026,0.957,905.580,566.192,734.278,307.011,18.659,480.990,321.404,581.502,-1,-1,-1,-1,-1,756.671,549.028,909.884,22.520,0,0,0,0,1,0,0,0,2,2,2,2,2,0,0,0,1
245,1400.202,3790.675,-45.754,-107.383,-0.287051,0.941783,0.175061,-0.916953,-0.217278,-0.334644,-0.277125,-0.256582,0.925941,0,-0.07701,0.99662,5.939,0.945,827.822,539.915,736.404,283.989,18.657,467.483,328.474,548.226,-1,-1,-1,-1,-1,717.622,513.323,843.365,22.520,0,0,0,0,1,0,0,0,2,2,2,2,2,0,0,0,1
246,1399.962,3784.819,-43.352,-106.463,-0.270698,0.941600,0.200281,-0.916030,-0.187979,-0.354335,-0.295993,-0.279382,0.913419,0,-0.07744,0.99662,5.861,0.920,756.796,514.015,738.104,277.588,-1,453.205,335.200,491.869,-1,-1,-1,-1,-1,677.129,477.132,775.930,16.677,0,0,0,0,2,0,0,0,2,2,2,2,2,0,0,0,1
247,1399.958,3779.054,-42.155,-105.573,-0.254798,0.940359,0.225395,-0.914217,-0.158304,-0.373025,-0.315097,-0.301106,0.900027,0,-0.07805,0.99662,5.765,0.890,691.241,486.971,743.731,284.235,-1,437.325,343.225,454.875,-1,-1,-1,-1,-1,636.321,432.238,710.343,804.257,0,0,0,0,2,0,0,0,2,2,2,2,2,0,0,0,0
248,1399.944,3773.977,-40.142,-104.631,-0.237856,0.939953,0.244769,-0.911148,-0.128620,-0.391492,-0.336502,-0.316140,0.887030,0,-0.07864,0.99662,5.077,0.943,633.190,462.156,754.330,289.729,-1,421.640,350.525,415.380,-1,-1,-1,-1,-1,599.619,382.335,651.630,743.061,0,0,0,0,2,0,0,0,2,2,2,2,2,0,0,0,0
249,1399.883,3769.168,-38.150,-103.748,-0.221908,0.939118,0.262323,-0.907030,-0.100081,-0.408999,-0.357845,-0.328696,0.874017,0,-0.07927,0.99662,4.809,0.883,578.265,439.368,762.536,294.131,-1,406.377,356.286,387.934,-1,-1,-1,-1,-1,565.157,344.113,599.382,683.018,0,0,0,0,2,0,0,0,2,2,2,2,2,0,0,0,0
250,1399.870,3764.509,-36.423,-102.888,-0.206397,0.937995,0.278508,-0.902058,-0.072137,-0.425544,-0.379067,-0.339061,0.861014,0,-0.07986,0.99662,4.660,0.860,529.026,417.840,767.738,297.779,-1,391.377,361.109,369.236,-1,-1,-1,-1,-1,532.850,355.275,550.776,626.712,0,0,0,0,2,0,0,0,2,2,2,2,2,0,0,0,0
251,1399.503,3759.847,-34.628,-102.286,-0.195300,0.934602,0.297283,-0.896802,-0.047483,-0.439877,-0.396995,-0.352512,0.847426,0,-0.08043,0.99662,4.676,0.602,480.729,399.013,737.672,300.697,-1,377.734,363.465,352.287,-1,-1,-1,-1,-1,504.838,371.710,507.887,15.295,0,0,0,0,2,0,0,0,2,2,2,2,2,0,0,0,1
252,1399.537,3755.578,-32.878,-101.783,-0.185892,0.930423,0.315845,-0.891141,-0.024240,-0.453079,-0.413899,-0.365686,0.833644,0,-0.08083,0.99662,4.269,0.503,440.168,381.827,710.478,303.427,18.663,364.408,365.197,337.022,-1,-1,-1,-1,-1,479.645,386.548,466.323,22.522,0,0,0,0,1,0,0,0,2,2,2,2,2,0,0,0,1
253,1399.943,3751.580,-30.862,-101.436,-0.179222,0.925377,0.334001,-0.885980,-0.004225,-0.463703,-0.427689,-0.379024,0.820623,0,-0.08115,0.99662,4.018,0.347,24.570,368.102,689.852,306.860,18.664,354.343,367.117,319.893,-1,-1,-1,-1,-1,459.262,401.227,25.680,22.522,1,0,0,0,1,0,0,0,2,2,2,2,2,0,0,1,1
254,1400.678,3747.264,-29.427,-101.116,-0.173510,0.920058,0.351265,-0.883071,0.012549,-0.469071,-0.435981,-0.391581,0.810300,0,0.35470,1.00000,4.379,0.320,33.153,359.556,679.020,313.779,18.663,349.103,371.965,306.094,-1,-1,-1,-1,-1,446.285,421.509,34.651,22.522,1,0,0,0,1,0,0,0,2,2,2,2,2,0,0,1,1
255,1402.012,3742.375,-28.856,-100.690,-0.166673,0.915745,0.365556,-0.882952,0.026403,-0.468719,-0.438879,-0.400891,0.804159,0,0.35557,1.00000,5.068,0.426,35.102,356.887,677.978,324.032,8.482,348.891,379.784,296.801,-1,-1,-1,-1,-1,441.629,461.800,36.686,22.521,1,0,0,0,1,0,0,0,2,2,2,2,2,0,0,1,1
256,1403.798,3736.928,-29.204,-100.159,-0.158652,0.912355,0.377410,-0.885397,0.037689,-0.463305,-0.436923,-0.407662,0.801817,0,0.35675,1.00000,5.731,0.531,33.140,359.070,686.132,337.480,11.819,352.977,386.413,291.366,-1,-1,-1,-1,-1,443.789,476.786,34.636,8.132,1,0,0,0,1,0,0,0,2,2,2,2,2,0,0,1,1
257,1405.959,3731.081,-30.481,-99.539,-0.149523,0.909483,0.387922,-0.889841,0.047272,-0.453816,-0.431076,-0.413045,0.802227,0,0.35824,1.00000,6.234,0.620,28.039,364.455,703.305,363.457,9.120,360.166,396.045,287.787,-1,-1,-1,-1,-1,450.857,497.766,29.303,22.520,1,0,0,0,1,0,0,0,2,2,2,2,2,0,0,1,1
258,1408.446,3725.048,-32.622,-98.862,-0.139654,0.906454,0.398544,-0.895708,0.055946,-0.441109,-0.422142,-0.418581,0.804105,0,0.36000,1.00000,6.526,0.677,20.421,371.708,726.952,397.244,18.661,369.063,408.202,284.095,-1,-1,-1,-1,-1,460.586,523.733,21.343,22.521,1,0,0,0,1,0,0,0,2,2,2,2,2,0,0,1,1
259,1410.518,3720.067,-33.745,-98.071,-0.127763,0.902841,0.410555,-0.900973,0.067405,-0.428606,-0.414637,-0.424659,0.804824,0,0.36193,1.00000,5.394,0.791,380.024,378.933,749.607,433.630,18.637,378.241,421.006,278.416,-1,-1,-1,-1,-1,469.652,552.261,425.312,22.513,0,0,0,0,1,0,0,0,2,2,2,2,2,0,0,0,1
260,1411.298,3716.494,-33.035,-97.193,-0.114141,0.898338,0.424218,-0.904454,0.082698,-0.418478,-0.411016,-0.431451,0.803066,0,0.36423,1.00000,3.658,0.878,381.011,384.335,763.415,452.088,-1,385.915,432.486,270.491,-1,-1,-1,-1,-1,475.835,564.958,429.656,650.611,0,0,0,0,2,0,0,0,2,2,2,2,2,0,0,0,0
261,1412.071,3712.966,-33.295,-96.315,-0.100465,0.893776,0.437117,-0.907781,0.097481,-0.407960,-0.407235,-0.437792,0.801560,0,0.36682,1.00000,3.612,0.877,380.435,388.557,776.124,470.197,-1,392.421,442.271,262.164,-1,-1,-1,-1,-1,480.618,574.735,432.090,679.909,0,0,0,0,2,0,0,0,2,2,2,2,2,0,0,0,0
262,1412.829,3710.478,-32.986,-95.377,-0.085585,0.890526,0.446810,-0.909313,0.113476,-0.400342,-0.407217,-0.440553,0.800054,0,0.36941,1.00000,2.601,0.938,379.206,390.819,783.060,485.591,-1,396.206,448.598,255.107,-1,-1,-1,-1,-1,482.942,584.634,432.529,687.521,0,0,0,0,2,0,0,0,2,2,2,2,2,0,0,0,0
263,1413.488,3708.226,-32.843,-94.464,-0.071059,0.887793,0.454724,-0.910149,0.128825,-0.393743,-0.408142,-0.441845,0.798870,0,0.37221,1.00000,2.347,0.913,377.699,392.211,788.813,499.298,-1,398.780,453.288,248.970,-1,-1,-1,-1,-1,484.233,593.201,432.144,706.234,0,0,0,0,2,0,0,0,2,2,2,2,2,0,0,0,0
264,1414.044,3706.156,-32.832,-93.628,-0.057720,0.885406,0.461221,-0.910422,0.142881,-0.388223,-0.409635,-0.442314,0.797846,0,0.37494,1.00000,2.143,0.837,375.630,392.846,792.933,511.104,-1,400.339,456.281,243.734,-1,-1,-1,-1,-1,484.621,601.460,430.973,719.789,0,0,0,0,2,0,0,0,2,2,2,2,2,0,0,0,0
265,1414.443,3704.298,-32.878,-92.919,-0.046406,0.883115,0.466856,-0.910251,0.155118,-0.383904,-0.411449,-0.442772,0.796657,0,0.37745,1.00000,1.901,0.709,372.431,392.576,795.003,519.543,-1,400.975,458.140,239.176,-1,-1,-1,-1,-1,484.034,615.138,428.724,729.412,0,0,0,0,2,0,0,0,2,2,2,2,2,0,0,0,0
266,1414.522,3702.590,-32.765,-92.439,-0.038765,0.880264,0.472897,-0.910089,0.164306,-0.380448,-0.412595,-0.445127,0.794750,0,0.37957,1.00000,1.709,0.479,368.521,391.961,796.592,526.164,-1,401.490,459.965,235.084,-1,-1,-1,-1,-1,482.998,625.835,425.610,731.590,0,0,0,0,2,0,0,0,2,2,2,2,2,0,0,0,0
267,1414.560,3701.054,-32.723,-92.066,-0.032821,0.877847,0.477815,-0.909923,0.171534,-0.377647,-0.413477,-0.447169,0.793143,0,0.38098,1.00000,1.536,0.373,365.234,391.376,797.698,531.430,-1,401.832,461.379,231.945,-1,-1,-1,-1,-1,482.036,631.612,422.913,726.202,0,0,0,0,2,0,0,0,2,2,2,2,2,0,0,0,0
268,1414.573,3699.700,-32.890,-91.737,-0.027582,0.876075,0.481385,-0.909724,0.177589,-0.375319,-0.414296,-0.448280,0.792088,0,0.38208,1.00000,1.355,0.329,362.600,390.744,797.003,535.509,-1,401.787,462.189,229.522,-1,-1,-1,-1,-1,481.110,635.456,420.668,720.809,0,0,0,0,2,0,0,0,2,2,2,2,2,0,0,0,0
269,1414.578,3698.649,-33.068,-91.451,-0.023030,0.875163,0.483280,-0.909330,0.182543,-0.373895,-0.415438,-0.448072,0.791607,0,0.38305,1.00000,1.051,0.286,360.870,390.062,795.440,538.083,-1,401.310,462.206,228.067,-1,-1,-1,-1,-1,480.195,638.099,419.033,715.028,0,0,0,0,2,0,0,0,2,2,2,2,2,0,0,0,0
270,1414.479,3697.782,-33.416,-91.208,-0.019170,0.874799,0.484106,-0.908982,0.186403,-0.372833,-0.416393,-0.447191,0.791604,0,0.38390,1.00000,0.872,0.243,359.740,389.418,793.790,539.626,-1,400.669,461.811,227.138,-1,-1,-1,-1,-1,479.415,639.833,16.566,709.619,0,0,0,0,2,0,0,0,2,2,2,2,2,0,0,1,0
271,1414.322,3697.179,-33.813,-91.002,-0.015894,0.875228,0.483450,-0.908553,0.189233,-0.372454,-0.417466,-0.445159,0.792184,0,0.38461,1.00000,0.623,0.206,359.529,388.836,791.684,539.894,-1,399.787,460.821,227.019,-1,-1,-1,-1,-1,478.796,640.522,14.730,704.064,0,0,0,0,2,0,0,0,2,2,2,2,2,0,0,1,0
272,1414.082,3696.811,-34.324,-90.839,-0.013300,0.876340,0.481510,-0.908112,0.190969,-0.372644,-0.418516,-0.442221,0.793275,0,0.29292,0.57936,0.440,0.163,360.045,388.279,789.256,538.944,-1,398.679,459.299,227.560,-1,-1,-1,-1,-1,478.292,640.170,14.208,698.626,0,0,0,0,2,0,0,0,2,2,2,2,2,0,0,1,0
273,1413.761,3696.695,-34.900,-90.720,-0.011413,0.878226,0.478110,-0.907597,0.191585,-0.373582,-0.419688,-0.438194,0.794889,0,0.29329,0.57777,0.341,0.119,361.378,387.718,786.268,536.599,-1,397.276,457.137,228.911,-1,-1,-1,-1,-1,477.859,638.635,15.034,693.105,0,0,0,0,2,0,0,0,2,2,2,2,2,0,0,1,0
274,1413.297,3696.714,-35.638,-90.643,-0.010187,0.880724,0.473520,-0.907137,0.191096,-0.374946,-0.420712,-0.433367,0.796991,0,0.29356,0.57660,0.464,0.077,363.430,387.212,783.113,533.136,-1,395.710,454.531,230.926,-1,-1,-1,-1,-1,477.578,636.076,17.075,687.782,0,0,0,0,2,0,0,0,2,2,2,2,2,0,0,1,0
275,1412.705,3696.869,-36.520,-90.599,-0.009473,0.883871,0.467635,-0.906666,0.189648,-0.376817,-0.421744,-0.427558,0.799579,0,0.29373,0.57584,0.613,0.045,366.214,386.701,779.532,528.511,-1,393.890,451.370,233.671,-1,-1,-1,-1,-1,477.371,632.493,421.326,682.275,0,0,0,0,2,0,0,0,2,2,2,2,2,0,0,0,0
276,1412.003,3697.155,-37.508,-90.577,-0.009119,0.887702,0.460327,-0.906114,0.187369,-0.379276,-0.422935,-0.420568,0.802651,0,0.29384,0.57540,0.758,0.022,369.833,386.171,775.327,522.720,-1,391.776,447.584,237.275,-1,-1,-1,-1,-1,477.216,627.916,423.687,676.243,0,0,0,0,2,0,0,0,2,2,2,2,2,0,0,0,0
277,1411.168,3697.559,-38.696,-90.590,-0.009326,0.892093,0.451756,-0.905489,0.184148,-0.382335,-0.424268,-0.412625,0.806063,0,0.29389,0.57517,0.927,-0.013,373.870,385.404,770.242,515.614,-1,389.191,443.044,241.592,-1,-1,-1,-1,-1,476.827,622.189,426.153,653.294,0,0,0,0,2,0,0,0,2,2,2,2,2,0,0,0,0
278,1410.214,3698.089,-40.055,-90.636,-0.010045,0.897081,0.441752,-0.904693,0.180028,-0.386160,-0.425945,-0.403529,0.809775,0,0.29386,0.57529,1.092,-0.046,378.326,384.303,763.923,507.063,-1,386.012,437.554,246.782,-1,-1,-1,-1,-1,476.072,611.627,428.633,632.465,0,0,0,0,2,0,0,0,2,2,2,2,2,0,0,0,0
279,1409.259,3698.615,-41.385,-90.665,-0.010501,0.901912,0.431792,-0.904200,0.175822,-0.389240,-0.426979,-0.394514,0.813663,0,0.29376,0.57573,1.090,-0.029,383.792,383.900,759.221,499.514,14.582,383.595,432.622,252.174,-1,-1,-1,-1,-1,476.244,601.910,432.308,27.899,0,0,0,0,1,0,0,0,2,2,2,2,2,0,0,0,1
280,1408.484,3699.026,-42.450,-90.629,-0.009934,0.905749,0.423699,-0.904527,0.172502,-0.389967,-0.426301,-0.387121,0.817560,0,0.29370,0.57601,0.877,0.036,390.760,385.283,759.209,495.577,15.223,383.382,430.530,256.784,-1,-1,-1,-1,-1,478.711,596.879,438.359,34.904,0,0,0,0,1,0,0,0,2,2,2,2,2,0,0,0,1
281,1407.942,3699.288,-43.179,-90.515,-0.008141,0.908397,0.418030,-0.905814,0.170389,-0.387904,-0.423598,-0.381815,0.821451,0,0.29378,0.57563,0.602,0.114,399.439,388.791,764.831,495.946,15.769,385.790,431.842,260.242,-1,-1,-1,-1,-1,483.922,597.424,447.440,37.412,0,0,0,0,1,0,0,0,2,2,2,2,2,0,0,0,1
282,1407.627,3699.417,-43.585,-90.326,-0.005163,0.909961,0.414662,-0.908004,0.169453,-0.383164,-0.418930,-0.378493,0.825373,0,0.29405,0.57448,0.340,0.189,409.716,394.421,776.100,500.487,16.065,390.778,436.479,262.534,-1,-1,-1,-1,-1,491.750,603.384,459.655,37.015,0,0,0,0,1,0,0,0,2,2,2,2,2,0,0,0,1
283,1407.486,3699.445,-43.746,-90.076,-0.001210,0.910726,0.413010,-0.910871,0.169442,-0.376303,-0.412690,-0.376654,0.829349,0,0.29449,0.57258,0.144,0.250,421.514,401.839,792.178,508.420,15.947,397.900,443.430,263.923,-1,-1,-1,-1,-1,501.842,613.782,474.734,34.295,0,0,0,0,1,0,0,0,2,2,2,2,2,0,0,0,1
284,1407.459,3699.444,-43.745,-89.789,0.003363,0.911160,0.412040,-0.914052,0.169920,-0.368289,-0.405584,-0.375387,0.833418,0,0.29507,0.57009,0.028,0.287,434.814,410.471,811.549,518.384,15.474,406.383,451.842,264.983,-1,-1,-1,-1,-1,513.559,624.645,492.197,29.644,0,0,0,0,1,0,0,0,2,2,2,2,2,0,0,0,1
285,1407.417,3699.421,-43.776,-89.493,0.008113,0.911519,0.411178,-0.917313,0.170478,-0.359824,-0.398084,-0.374260,0.837531,0,0.29573,0.56722,0.048,0.296,448.995,419.627,833.069,529.101,14.947,415.420,460.834,265.914,-1,-1,-1,-1,-1,526.054,633.429,511.099,22.739,0,0,0,0,1,0,0,0,2,2,2,2,2,0,0,0,1
286,1407.322,3699.442,-43.917,-89.207,0.012735,0.912189,0.409572,-0.920387,0.170781,-0.351742,-0.390802,-0.372486,0.841741,0,0.29642,0.56426,0.097,0.286,463.676,428.711,851.081,539.261,-1,424.240,469.457,267.204,-1,-1,-1,-1,-1,538.629,641.736,529.546,681.204,0,0,0,0,2,0,0,0,2,2,2,2,2,0,0,0,0
287,1407.136,3699.532,-44.177,-88.942,0.017046,0.913445,0.406605,-0.923113,0.170621,-0.344603,-0.384151,-0.369468,0.846121,0,0.29708,0.56141,0.206,0.265,478.719,437.419,867.862,545.070,-1,432.246,477.073,269.303,-1,-1,-1,-1,-1,550.808,648.828,545.462,686.701,0,0,0,0,2,0,0,0,2,2,2,2,2,0,0,0,0
288,1406.827,3699.673,-44.660,-88.705,0.020916,0.915175,0.402513,-0.925544,0.169965,-0.338348,-0.378061,-0.365467,0.850590,0,0.29770,0.55875,0.340,0.237,494.030,445.564,883.159,549.213,-1,439.391,483.545,271.956,-1,-1,-1,-1,-1,562.311,654.547,561.225,690.942,0,0,0,0,2,0,0,0,2,2,2,2,2,0,0,0,0
289,1406.436,3699.890,-45.267,-88.492,0.024415,0.917450,0.397102,-0.927678,0.168833,-0.333030,-0.372583,-0.360252,0.855220,0,0.29825,0.55638,0.447,0.213,509.865,453.316,897.121,552.370,-1,445.778,488.787,275.435,-1,-1,-1,-1,-1,573.385,658.935,577.194,693.816,0,0,0,0,2,0,0,0,2,2,2,2,2,0,0,0,0
290,1405.955,3700.133,-46.024,-88.300,0.027597,0.919981,0.390990,-0.929677,0.167357,-0.328164,-0.367340,-0.354438,0.859904,0,0.29875,0.55424,0.540,0.193,524.682,460.849,911.585,554.902,-1,451.594,493.372,279.324,-1,-1,-1,-1,-1,583.751,663.410,593.429,696.040,0,0,0,0,2,0,0,0,2,2,2,2,2,0,0,0,0
291,1405.423,3700.406,-46.802,-88.131,0.030396,0.922617,0.384519,-0.931683,0.165476,-0.323395,-0.361998,-0.348420,0.864616,0,0.51585,0.30053,0.597,0.168,540.504,468.626,926.398,557.228,-1,457.325,497.965,283.608,-1,-1,-1,-1,-1,594.110,667.887,610.690,698.554,0,0,0,0,2,0,0,0,2,2,2,2,2,0,0,0,0
292,1404.885,3700.763,-47.562,-87.998,0.032647,0.925216,0.378033,-0.933786,0.163088,-0.318507,-0.356341,-0.342604,0.869278,0,0.51652,0.29884,0.646,0.134,557.382,476.781,942.055,559.584,16.394,463.385,502.909,288.088,-1,-1,-1,-1,-1,605.029,672.017,629.401,16.624,0,0,0,0,1,0,0,0,2,2,2,2,2,0,0,0,1
293,1404.354,3701.129,-48.264,-87.872,0.034781,0.927706,0.371687,-0.936028,0.160562,-0.313163,-0.350202,-0.337018,0.873944,0,0.51706,0.29748,0.645,0.126,573.768,485.200,952.940,562.342,18.248,470.126,508.601,292.682,-1,-1,-1,-1,-1,616.949,676.703,648.439,18.813,0,0,0,0,1,0,0,0,2,2,2,2,2,0,0,0,1
294,1403.851,3701.517,-48.931,-87.748,0.036907,0.930069,0.365525,-0.938402,0.158010,-0.307301,-0.343568,-0.331668,0.878611,0,0.51757,0.29621,0.635,0.124,591.311,494.365,964.996,565.581,18.648,477.585,515.087,297.276,-1,-1,-1,-1,-1,629.942,682.169,666.140,19.485,0,0,0,0,1,0,0,0,2,2,2,2,2,0,0,0,1
295,1403.414,3701.919,-49.555,-87.603,0.039390,0.932425,0.359209,-0.940858,0.155673,-0.300918,-0.336503,-0.326112,0.883412,0,0.51808,0.29495,0.594,0.145,610.027,504.485,978.362,569.388,19.212,485.854,522.369,302.069,-1,-1,-1,-1,-1,644.317,688.792,685.817,20.093,0,0,0,0,1,0,0,0,2,2,2,2,2,0,0,0,1
296,1402.960,3702.259,-50.217,-87.434,0.042286,0.934646,0.353056,-0.943460,0.153640,-0.293732,-0.328779,-0.320673,0.888298,0,0.51867,0.29347,0.567,0.169,630.271,515.473,995.277,575.016,18.717,495.085,530.694,306.745,-1,-1,-1,-1,-1,659.141,696.895,705.499,19.564,0,0,0,0,1,0,0,0,2,2,2,2,2,0,0,0,1
297,1402.510,3702.594,-50.887,-87.259,0.045290,0.936838,0.346818,-0.946103,0.151673,-0.286156,-0.320685,-0.315165,0.893215,0,0.51935,0.29177,0.562,0.174,650.306,527.165,-1,582.177,17.641,504.985,539.687,311.555,-1,-1,-1,-1,-1,674.765,705.710,726.226,18.437,0,0,2,0,1,0,0,0,2,2,2,2,2,0,0,0,1
298,1402.061,3702.896,-51.666,-87.064,0.048646,0.939222,0.339846,-0.948542,0.150028,-0.278853,-0.312892,-0.308793,0.898190,0,0.52006,0.29001,0.541,0.195,670.759,539.012,-1,589.201,18.297,514.712,548.195,316.695,-1,-1,-1,-1,-1,690.721,714.428,747.837,19.046,0,0,2,0,1,0,0,0,2,2,2,2,2,0,0,0,1
299,1401.580,3703.138,-52.575,-86.841,0.052463,0.941840,0.331940,-0.950698,0.148843,-0.272066,-0.305649,-0.301301,0.903214,0,0.52084,0.28804,0.538,0.223,691.970,550.773,-1,595.834,21.090,523.897,555.590,321.435,-1,-1,-1,-1,-1,706.761,722.756,770.754,21.786,0,0,2,0,1,0,0,0,2,2,2,2,2,0,0,0,1
300,1401.056,3703.282,-53.643,-86.607,0.056481,0.944499,0.323623,-0.952642,0.147991,-0.265652,-0.298801,-0.293293,0.908128,0,0.52174,0.28581,0.543,0.234,713.016,562.307,-1,602.084,24.613,532.431,562.156,325.487,-1,-1,-1,-1,-1,722.741,731.814,793.798,25.210,0,0,2,0,1,0,0,0,2,2,2,2,2,0,0,0,1
301,1400.530,3703.364,-54.746,-86.361,0.060694,0.947186,0.314890,-0.954360,0.147490,-0.259699,-0.292426,-0.284756,0.912908,0,0.52267,0.28346,0.533,0.246,734.004,573.566,-1,608.055,20.137,540.557,568.182,329.761,-1,-1,-1,-1,-1,738.024,741.127,815.408,28.649,0,0,2,0,1,0,0,0,2,2,2,2,2,0,0,0,1
302,1399.973,3703.289,-55.890,-86.113,0.064949,0.949712,0.306314,-0.955966,0.147255,-0.253860,-0.286200,-0.276338,0.917457,0,0.52365,0.28101,0.562,0.248,753.331,584.769,-1,614.049,17.267,548.573,574.103,334.006,-1,-1,-1,-1,-1,753.110,750.605,837.164,31.476,0,0,2,0,1,0,0,0,2,2,2,2,2,0,0,0,1
303,1399.407,3702.997,-57.047,-85.861,0.069293,0.952058,0.297967,-0.957486,0.147315,-0.248030,-0.280034,-0.268112,0.921790,0,0.52464,0.27855,0.636,0.253,772.985,596.053,-1,620.303,14.389,556.658,580.111,338.242,-1,-1,-1,-1,-1,768.202,760.633,859.895,34.006,0,0,2,0,1,0,0,0,2,2,2,2,2,0,0,0,1
304,1398.848,3702.351,-58.282,-85.600,0.073786,0.954168,0.290032,-0.958965,0.147717,-0.242003,-0.273754,-0.260274,0.925914,0,0.52563,0.27607,0.855,0.261,793.491,607.335,-1,627.088,14.017,564.952,586.394,342.361,-1,-1,-1,-1,-1,783.031,771.718,883.953,35.764,0,0,2,0,1,0,0,0,2,2,2,2,2,0,0,0,1
305,1398.415,3701.510,-59.378,-85.319,0.078630,0.956319,0.281553,-0.960238,0.148546,-0.236382,-0.267880,-0.251771,0.929974,0,0.52665,0.27353,0.947,0.281,815.979,618.221,-1,634.193,13.390,572.800,592.536,347.047,-1,-1,-1,-1,-1,798.225,779.772,909.394,37.954,0,0,2,0,1,0,0,0,2,2,2,2,2,0,0,0,1
306,1398.035,3700.082,-60.644,-85.066,0.083025,0.958230,0.273681,-0.961644,0.149082,-0.230249,-0.261432,-0.244067,0.933855,0,0.52774,0.27080,1.477,0.253,839.116,629.499,-1,641.456,13.268,581.159,599.365,351.711,-1,-1,-1,-1,-1,813.674,785.757,936.741,39.312,0,0,2,0,1,0,0,0,2,2,2,2,2,0,0,0,1
307,1397.754,3698.083,-62.011,-84.824,0.087232,0.960065,0.265832,-0.963006,0.149568,-0.224163,-0.254970,-0.236443,0.937595,0,0.52870,0.26841,2.018,0.241,861.567,640.884,-1,645.413,13.312,589.548,606.223,356.729,-1,-1,-1,-1,-1,829.381,791.500,966.116,40.400,0,0,2,0,1,0,0,0,2,2,2,2,2,0,0,0,1
308,1397.581,3695.565,-63.386,-84.590,0.091309,0.961937,0.257564,-0.964175,0.150086,-0.218727,-0.249058,-0.228365,0.941180,0,0.52959,0.26617,2.524,0.234,884.740,651.960,-1,648.808,13.444,597.378,612.384,362.454,-1,-1,-1,-1,-1,844.997,796.361,995.542,36.903,0,0,2,0,1,0,0,0,2,2,2,2,2,0,0,0,1
309,1397.548,3692.578,-64.685,-84.344,0.095577,0.963906,0.248495,-0.965010,0.150959,-0.214400,-0.244174,-0.219309,0.944607,0,0.53044,0.26405,2.987,0.246,907.718,661.777,-1,651.591,13.648,603.973,617.289,369.138,-1,-1,-1,-1,-1,859.666,800.114,-1,31.126,0,0,2,0,1,0,0,0,2,2,2,2,2,0,0,2,1
310,1397.660,3689.102,-65.879,-84.082,0.100085,0.965916,0.238723,-0.965560,0.152200,-0.211018,-0.240159,-0.209382,0.947883,0,0.53132,0.26185,3.478,0.262,931.406,670.650,-1,656.830,13.895,609.827,621.229,376.804,-1,-1,-1,-1,-1,873.850,803.038,-1,27.921,0,0,2,0,1,0,0,0,2,2,2,2,2,0,0,2,1
311,1397.922,3685.097,-66.980,-83.805,0.104855,0.967886,0.228480,-0.965923,0.153787,-0.208189,-0.236640,-0.198864,0.951028,0,0.53225,0.25953,4.013,0.278,956.996,679.460,-1,662.881,14.151,615.397,624.752,385.350,-1,-1,-1,-1,-1,888.121,805.655,-1,26.068,0,0,2,0,1,0,0,0,2,2,2,2,2,0,0,2,1
312,1398.128,3680.571,-67.869,-83.576,0.108810,0.969509,0.219573,-0.966406,0.154910,-0.205091,-0.232852,-0.189881,0.953795,0,0.53322,0.25709,4.530,0.229,982.209,688.326,-1,668.690,14.183,621.443,629.089,394.067,-1,-1,-1,-1,-1,902.546,808.281,-1,25.888,0,0,2,0,1,0,0,0,2,2,2,2,2,0,0,2,1
313,1398.374,3675.668,-68.491,-83.412,0.111697,0.970828,0.212173,-0.967074,0.155324,-0.201600,-0.228675,-0.182668,0.956211,0,0.53398,0.25519,4.909,0.164,1005.458,697.373,-1,674.227,14.193,628.176,634.453,403.147,-1,-1,-1,-1,-1,917.318,820.245,-1,25.834,0,0,2,0,1,0,0,0,2,2,2,2,2,0,0,2,1
314,1398.784,3670.492,-68.813,-83.288,0.113905,0.971888,0.206056,-0.967912,0.155320,-0.197539,-0.223991,-0.176944,0.958394,0,0.53447,0.25397,5.192,0.123,-1,707.074,-1,680.297,14.145,635.988,640.213,412.210,-1,-1,-1,-1,-1,932.464,833.902,-1,26.098,2,0,2,0,1,0,0,0,2,2,2,2,2,0,0,2,1
315,1399.441,3665.016,-68.840,-83.169,0.116072,0.972648,0.201203,-0.968885,0.155464,-0.192596,-0.218608,-0.172588,0.960429,0,0.53479,0.25317,5.515,0.120,-1,717.514,-1,688.126,14.056,645.375,647.740,421.958,-1,-1,-1,-1,-1,948.340,831.185,-1,26.652,2,0,2,0,1,0,0,0,2,2,2,2,2,0,0,2,1
316,1400.295,3659.205,-68.632,-83.050,0.118229,0.973149,0.197489,-0.969939,0.155779,-0.186954,-0.212699,-0.169449,0.962313,0,0.53509,0.25243,5.873,0.118,-1,728.112,-1,697.453,13.985,655.080,656.829,431.091,-1,-1,-1,-1,-1,965.407,828.992,-1,27.161,2,0,2,0,1,0,0,0,2,2,2,2,2,0,0,2,1
317,1401.269,3653.052,-68.307,-82.937,0.120307,0.973492,0.194523,-0.970976,0.156190,-0.181135,-0.206716,-0.167085,0.964029,0,0.53537,0.25173,6.229,0.113,-1,738.778,-1,707.920,14.017,665.029,666.688,436.789,-1,-1,-1,-1,-1,982.670,826.848,-1,26.921,2,0,2,0,1,0,0,0,2,2,2,2,2,0,0,2,1
318,1402.271,3646.643,-67.990,-82.837,0.122124,0.973843,0.191612,-0.971805,0.156559,-0.176310,-0.201697,-0.164678,0.965505,0,0.30011,1.00000,6.487,0.100,-1,748.084,-1,715.231,14.901,673.567,675.180,442.671,-1,-1,-1,-1,-1,998.322,823.882,-1,23.541,2,0,2,0,1,0,0,0,2,2,2,2,2,0,0,2,1
319,1403.697,3640.187,-67.930,-82.661,0.125185,0.974524,0.186097,-0.971994,0.158069,-0.173903,-0.198888,-0.159115,0.967019,0,0.30021,1.00000,6.612,0.176,-1,755.275,-1,718.581,15.771,679.156,680.167,448.803,-1,-1,-1,-1,-1,-1,817.908,-1,22.508,2,0,2,0,1,0,0,0,2,2,2,2,2,2,0,2,1
320,1405.596,3633.677,-68.341,-82.368,0.130180,0.975429,0.177738,-0.971492,0.161311,-0.173730,-0.198132,-0.150055,0.968621,0,0.30049,1.00000,6.781,0.293,-1,760.325,-1,720.150,16.235,681.784,681.653,454.891,-1,-1,-1,-1,-1,-1,808.594,-1,22.286,2,0,2,0,1,0,0,0,2,2,2,2,2,2,0,2,1
321,1407.808,3627.063,-69.422,-81.970,0.136893,0.976355,0.167304,-0.970406,0.166095,-0.175286,-0.198929,-0.138357,0.970198,0,0.30103,1.00000,6.974,0.397,-1,763.089,-1,714.428,8.036,681.683,680.023,460.706,957.972,-1,-1,-1,-1,-1,800.250,-1,22.205,2,0,2,0,1,0,0,0,0,2,2,2,2,2,0,2,1
322,1410.208,3620.378,-71.413,-81.492,0.144918,0.977226,0.155012,-0.968773,0.171994,-0.178595,-0.201189,-0.124290,0.971635,0,0.30181,1.00000,7.103,0.478,-1,763.338,-1,705.949,-1,678.481,674.088,466.232,888.050,-1,-1,-1,-1,-1,792.872,-1,989.060,2,0,2,0,2,0,0,0,0,2,2,2,2,2,0,2,0
323,1412.612,3613.680,-74.472,-80.952,0.153923,0.977900,0.141490,-0.966608,0.178718,-0.183654,-0.204882,-0.108497,0.972755,0,0.30276,1.00000,7.116,0.540,-1,760.480,-1,694.721,-1,671.696,664.077,471.303,814.877,-1,-1,-1,-1,-1,783.969,-1,852.012,2,0,2,0,2,0,0,0,0,2,2,2,2,2,0,2,0
324,1414.965,3606.979,-78.667,-80.379,0.163415,0.978295,0.127412,-0.964057,0.185775,-0.189950,-0.209497,-0.091792,0.973491,0,0.30386,1.00000,7.102,0.573,-1,754.751,-1,681.359,-1,661.978,650.934,475.823,742.292,-1,-1,-1,-1,-1,773.869,-1,829.818,2,0,2,0,2,0,0,0,0,2,2,2,2,2,0,2,0
325,1417.343,3600.248,-84.050,-79.770,0.173454,0.978376,0.112672,-0.961156,0.193111,-0.197196,-0.214690,-0.074091,0.973868,0,0.30502,1.00000,7.138,0.609,-1,746.663,-1,666.227,845.994,649.911,635.171,479.844,669.312,-1,-1,-1,-1,1004.404,762.799,-1,806.183,2,0,2,0,0,0,0,0,0,2,2,2,2,0,0,2,0
326,1419.804,3593.506,-90.606,-79.126,0.183997,0.978139,0.096904,-0.957860,0.200553,-0.205626,-0.220565,-0.054986,0.973821,0,0.30627,1.00000,7.178,0.644,-1,736.284,-1,649.222,616.704,635.498,616.720,484.179,595.577,-1,-1,-1,-1,988.996,753.233,-1,781.070,2,0,2,0,0,0,0,0,0,2,2,2,2,0,0,2,0
327,1422.290,3586.740,-98.267,-78.425,0.195399,0.977434,0.080262,-0.953983,0.208414,-0.215591,-0.227454,-0.034442,0.973180,0,0.30760,1.00000,7.208,0.702,-1,723.119,-1,630.289,554.159,618.524,595.376,491.728,518.165,-1,-1,-1,-1,969.614,749.654,-1,754.299,2,0,2,0,0,0,0,0,0,2,2,2,2,0,0,2,0
328,1424.925,3579.971,-106.976,-77.670,0.207526,0.976266,0.061950,-0.949413,0.216267,-0.227692,-0.235686,-0.011564,0.971760,0,0.30905,1.00000,7.264,0.755,-1,706.537,-1,599.646,486.162,598.875,570.822,499.685,438.392,-1,-1,-1,-1,946.440,744.165,-1,725.717,2,0,2,0,0,0,0,0,0,2,2,2,2,0,0,2,0
329,1425.296,3579.080,-109.133,-77.987,0.200844,0.976349,0.080032,-0.943848,0.214739,-0.251073,-0.262321,-0.025112,0.964654,0,0.31063,1.00000,0.966,-0.317,-1,656.793,-1,563.596,464.214,558.112,533.302,486.465,458.543,-1,-1,-1,-1,864.964,707.960,-1,694.671,2,0,2,0,0,0,0,0,0,2,2,2,2,0,0,2,0
330,1425.692,3578.258,-112.048,-78.291,0.194252,0.975939,0.099046,-0.937306,0.214443,-0.274722,-0.289352,-0.039471,0.956409,0,0.30990,1.00000,0.912,-0.304,947.112,608.424,1007.805,528.481,445.061,517.582,495.301,471.622,480.491,-1,-1,-1,-1,784.955,673.262,959.091,16.806,0,0,0,0,0,0,0,0,0,2,2,2,2,0,0,0,1
331,1426.412,3577.081,-115.509,-78.484,0.189509,0.974493,0.120205,-0.930146,0.217387,-0.295925,-0.314508,-0.055728,0.947618,0,0.30920,1.00000,1.379,-0.193,843.501,563.651,952.420,497.582,17.243,481.037,461.582,459.009,507.814,-1,-1,-1,-1,717.844,635.351,846.078,22.190,0,0,0,0,1,0,0,0,0,2,2,2,2,0,0,0,1
332,1427.615,3575.511,-119.070,-78.556,0.186766,0.971701,0.144620,-0.922600,0.224064,-0.314013,-0.337531,-0.074780,0.938339,0,0.30875,1.00000,1.978,-0.072,750.847,521.690,884.595,470.229,17.103,447.898,432.701,444.106,547.194,-1,-1,-1,-1,660.821,605.397,753.769,22.181,0,0,0,0,1,0,0,0,0,2,2,2,2,0,0,0,1
333,1429.650,3573.227,-123.173,-78.419,0.187421,0.967773,0.168192,-0.914563,0.234397,-0.329593,-0.358395,-0.092050,0.929021,0,0.30857,1.00000,3.059,0.137,675.962,483.417,822.240,446.220,17.115,417.523,407.511,428.859,586.497,-1,-1,-1,-1,609.564,575.300,681.407,22.182,0,0,0,0,1,0,0,0,0,2,2,2,2,0,0,0,1
334,1432.504,3570.462,-127.689,-78.088,0.191007,0.963099,0.189621,-0.905462,0.247466,-0.344817,-0.379018,-0.105833,0.919318,0,0.30884,1.00000,3.974,0.331,608.234,445.742,757.622,422.498,17.333,389.221,382.675,414.176,618.720,-1,-1,-1,-1,564.856,543.009,616.337,22.198,0,0,0,0,1,0,0,0,0,2,2,2,2,0,0,0,1
335,1436.150,3567.492,-132.557,-77.566,0.197221,0.958133,0.207568,-0.894466,0.262528,-0.361952,-0.401290,-0.114278,0.908794,0,0.30954,1.00000,4.703,0.522,547.133,410.175,694.009,396.437,17.702,361.214,356.816,400.736,632.497,-1,-1,-1,-1,522.107,507.735,560.104,22.254,0,0,0,0,1,0,0,0,0,2,2,2,2,0,0,0,1
336,1439.716,3564.209,-137.267,-76.967,0.204066,0.952708,0.225176,-0.881606,0.278842,-0.380812,-0.425591,-0.120806,0.896816,0,0.31068,1.00000,4.846,0.599,487.460,375.493,628.531,369.201,17.761,332.919,330.385,385.118,641.867,-1,-1,-1,-1,478.378,471.150,498.731,22.267,0,0,0,0,1,0,0,0,0,2,2,2,2,0,0,0,1
337,1442.533,3560.704,-140.423,-76.387,0.210017,0.946120,0.246475,-0.867270,0.296665,-0.399791,-0.451370,-0.129798,0.882846,0,0.31197,1.00000,4.497,0.580,429.070,341.413,568.376,343.244,17.000,305.849,305.999,364.167,671.130,-1,-1,-1,-1,431.406,436.052,437.470,22.179,0,0,0,0,1,0,0,0,0,2,2,2,2,0,0,0,1
338,1445.740,3556.093,-143.393,-76.004,0.213285,0.939211,0.269059,-0.855667,0.312493,-0.412531,-0.471532,-0.142238,0.870302,0,0.31322,1.00000,5.617,0.384,14.562,313.496,523.262,324.775,16.756,283.973,287.956,345.897,722.193,-1,-1,-1,-1,394.831,410.583,37.941,22.186,1,0,0,0,1,0,0,0,0,2,2,2,2,0,0,1,1
339,1449.517,3550.216,-145.512,-75.696,0.216265,0.934019,0.284320,-0.848176,0.323965,-0.419100,-0.483557,-0.150517,0.862275,0,0.31401,1.00000,6.986,0.308,14.109,297.776,497.697,314.902,16.560,271.688,278.063,337.408,762.137,-1,-1,-1,-1,373.831,396.768,49.731,22.209,1,0,0,0,1,0,0,0,0,2,2,2,2,0,0,1,1
340,1453.713,3543.345,-146.638,-75.326,0.220971,0.931118,0.290157,-0.843831,0.331702,-0.421810,-0.489001,-0.151636,0.859002,0,0.31460,1.00000,8.050,0.370,13.711,292.659,487.134,311.387,16.302,267.688,274.611,337.045,768.555,-1,-1,-1,-1,366.020,391.319,52.148,22.265,1,0,0,0,1,0,0,0,0,2,2,2,2,0,0,1,1
341,1458.063,3535.762,-146.942,-74.840,0.227914,0.930162,0.287844,-0.841207,0.336977,-0.422868,-0.490332,-0.145759,0.859260,0,0.31532,1.00000,8.743,0.485,13.385,294.994,485.772,311.556,15.918,269.389,275.221,345.494,739.781,-1,-1,-1,-1,367.364,390.571,49.439,22.420,1,0,0,0,1,0,0,0,0,2,2,2,2,0,0,1,1
342,1462.170,3527.594,-146.724,-74.345,0.235206,0.930634,0.280356,-0.839307,0.339937,-0.424271,-0.490145,-0.135513,0.861043,0,0.53828,1.00000,9.143,0.495,13.271,300.918,488.147,312.493,15.526,273.609,277.084,359.576,693.364,-1,-1,-1,-1,373.100,390.537,42.574,22.697,1,0,0,0,1,0,0,0,0,2,2,2,2,0,0,1,1
343,1466.035,3518.918,-146.526,-73.890,0.241876,0.931929,0.270193,-0.837453,0.341144,-0.426958,-0.490070,-0.123003,0.862961,0,0.53994,1.00000,9.497,0.455,13.355,307.427,490.096,312.382,14.968,277.644,278.485,376.387,638.160,-1,-1,-1,-1,379.557,389.226,31.024,23.416,1,0,0,0,1,0,0,0,0,2,2,2,2,0,0,1,1
344,1469.773,3509.868,-146.749,-73.478,0.247785,0.933413,0.259504,-0.835313,0.341521,-0.430830,-0.490769,-0.110014,0.864316,0,0.54142,1.00000,9.792,0.412,377.259,312.437,489.615,310.513,14.326,280.163,278.565,385.266,583.101,-1,-1,-1,-1,384.685,385.735,378.223,25.209,0,0,0,0,1,0,0,0,0,2,2,2,2,0,0,0,1
345,1473.433,3500.473,-147.547,-73.106,0.253037,0.934717,0.249554,-0.833165,0.341649,-0.434870,-0.491740,-0.097882,0.865223,0,0.54272,1.00000,10.083,0.372,385.504,315.222,487.297,307.520,13.827,281.272,277.686,393.923,532.741,-1,-1,-1,-1,388.232,380.922,385.062,28.609,0,0,0,0,1,0,0,0,0,2,2,2,2,0,0,0,1
346,1476.993,3490.726,-148.875,-72.798,0.257354,0.935764,0.241071,-0.831248,0.341593,-0.438567,-0.492743,-0.087523,0.865762,0,0.54385,1.00000,10.376,0.309,391.338,316.272,483.618,303.983,13.405,281.412,276.108,402.033,489.171,-1,-1,-1,-1,390.127,375.665,389.557,33.016,0,0,0,0,1,0,0,0,0,2,2,2,2,0,0,0,1
347,1480.427,3480.592,-150.734,-72.587,0.260284,0.936597,0.234602,-0.829930,0.341196,-0.441364,-0.493425,-0.079823,0.866118,0,0.54473,1.00000,10.701,0.210,394.404,316.147,479.088,300.465,13.313,280.738,274.174,409.329,456.477,-1,-1,-1,-1,390.455,370.615,391.584,32.512,0,0,0,0,1,0,0,0,0,2,2,2,2,0,0,0,1
348,1483.594,3470.094,-153.010,-72.513,0.261245,0.937290,0.230736,-0.829204,0.340280,-0.443431,-0.494138,-0.075483,0.866100,0,0.54522,1.00000,10.964,0.075,393.865,314.478,473.032,296.871,13.882,278.984,271.777,422.702,433.161,-1,-1,-1,-1,388.639,365.624,390.068,32.513,0,0,0,0,1,0,0,0,0,2,2,2,2,0,0,0,1
349,1486.032,3459.318,-155.316,-72.686,0.258372,0.937982,0.231159,-0.828847,0.338154,-0.445718,-0.496243,-0.076435,0.864813,0,0.54518,1.00000,11.049,-0.174,387.256,310.003,464.017,292.672,14.331,275.172,268.255,435.800,426.801,-1,-1,-1,-1,382.703,359.656,382.960,33.363,0,0,0,0,1,0,0,0,0,2,2,2,2,0,0,0,1
350,1488.209,3448.534,-157.335,-73.027,0.252641,0.938997,0.233360,-0.827763,0.334637,-0.450362,-0.500980,-0.079387,0.861810,0,0.54417,1.00000,11.002,-0.341,376.557,303.026,451.033,286.692,14.510,269.253,262.920,449.099,428.067,-1,-1,-1,-1,372.251,351.296,371.778,35.973,0,0,0,0,1,0,0,0,0,2,2,2,2,0,0,0,1
351,1490.378,3437.542,-159.126,-73.452,0.245407,0.940117,0.236547,-0.825943,0.330516,-0.456703,-0.507537,-0.083296,0.857594,0,0.54253,1.00000,11.203,-0.425,363.663,294.608,435.500,279.594,14.496,262.101,256.472,462.714,433.720,-1,-1,-1,-1,359.911,341.463,358.376,38.298,0,0,0,0,1,0,0,0,0,2,2,2,2,0,0,0,1
352,1492.629,3426.097,-160.901,-73.920,0.237539,0.941002,0.241019,-0.824044,0.326583,-0.462920,-0.514321,-0.088649,0.853004,0,0.54055,1.00000,11.665,-0.468,349.776,285.827,419.809,272.710,14.402,254.743,250.001,475.995,445.160,-1,-1,-1,-1,347.115,331.918,344.184,40.004,0,0,0,0,1,0,0,0,0,2,2,2,2,0,0,0,1
353,1494.993,3414.089,-162.808,-74.418,0.229412,0.941518,0.246809,-0.822651,0.323084,-0.467826,-0.520207,-0.095713,0.848660,0,0.53840,1.00000,12.239,-0.498,335.768,277.404,405.581,266.860,14.238,247.843,244.024,488.979,463.187,-1,-1,-1,-1,334.788,323.727,330.157,40.518,0,0,0,0,1,0,0,0,0,2,2,2,2,0,0,0,1
354,1497.457,3401.354,-165.058,-74.929,0.221659,0.941670,0.253230,-0.823178,0.319910,-0.469079,-0.522729,-0.104478,0.846073,0,0.53611,1.00000,12.971,-0.511,16.563,271.039,396.011,263.783,14.114,242.968,240.260,493.664,486.956,-1,-1,-1,-1,325.091,319.125,22.209,38.863,1,0,0,0,1,0,0,0,0,2,2,2,2,0,0,1,1
355,1499.941,3387.948,-167.840,-75.410,0.215125,0.941447,0.259614,-0.826484,0.317123,-0.465142,-0.520236,-0.114503,0.846312,0,0.40050,0.63549,13.634,-0.481,16.622,267.775,393.022,264.426,14.234,241.069,239.599,488.822,515.685,-1,-1,-1,-1,319.398,319.445,22.200,34.208,1,0,0,0,1,0,0,0,0,2,2,2,2,0,0,1,1
356,1502.407,3374.078,-171.291,-75.843,0.209875,0.941167,0.264872,-0.832072,0.314189,-0.457102,-0.513429,-0.124458,0.849059,0,0.39879,0.64145,14.088,-0.433,16.791,267.362,394.959,267.624,14.661,241.267,241.258,483.740,542.980,-1,-1,-1,-1,317.059,323.421,22.184,25.954,1,0,0,0,1,0,0,0,0,2,2,2,2,0,0,1,1
357,1504.944,3359.875,-175.546,-76.218,0.205885,0.941363,0.267298,-0.839376,0.310298,-0.446276,-0.503050,-0.132482,0.854043,0,0.39721,0.64697,14.428,-0.375,17.438,267.612,400.513,272.243,334.898,242.425,244.416,479.596,558.046,-1,-1,-1,-1,317.656,329.633,22.211,333.066,1,0,0,0,0,0,0,0,0,2,2,2,2,0,0,1,0
358,1507.387,3345.432,-180.594,-76.541,0.202911,0.942074,0.267064,-0.847879,0.305470,-0.433346,-0.489824,-0.138508,0.860748,0,0.39579,0.65194,14.649,-0.323,18.835,268.932,409.204,276.983,343.042,244.862,248.561,476.415,558.531,-1,-1,-1,-1,319.339,337.299,22.583,342.588,1,0,0,0,0,0,0,0,0,2,2,2,2,0,0,1,0
359,1508.466,3331.072,-185.828,-77.067,0.196883,0.942616,0.269652,-0.857370,0.298938,-0.418991,-0.475557,-0.148700,0.867026,0,0.39451,0.65642,14.401,-0.526,18.702,269.498,418.889,282.744,355.158,246.962,253.120,471.255,579.751,-1,-1,-1,-1,320.171,345.367,22.535,352.227,1,0,0,0,0,0,0,0,0,2,2,2,2,0,0,1,0
360,1508.213,3316.963,-190.945,-77.788,0.187895,0.943427,0.273205,-0.868142,0.289620,-0.403051,-0.459375,-0.161450,0.873446,0,0.39264,0.66295,14.111,-0.721,18.672,270.740,431.791,290.418,358.602,249.905,258.013,464.228,614.364,-1,-1,-1,-1,322.949,355.288,22.525,359.846,1,0,0,0,0,0,0,0,0,2,2,2,2,0,0,1,0
361,1506.980,3303.099,-195.955,-78.577,0.177798,0.944777,0.275289,-0.879991,0.277857,-0.385241,-0.440458,-0.173757,0.880798,0,0.39021,0.67144,13.918,-0.790,18.662,274.174,448.824,300.467,363.807,254.472,264.718,453.009,649.918,-1,-1,-1,-1,328.740,368.489,22.522,369.095,1,0,0,0,0,0,0,0,0,2,2,2,2,0,0,1,0
362,1505.134,3289.343,-201.117,-79.403,0.167045,0.946886,0.274779,-0.892835,0.263504,-0.365255,-0.418260,-0.184318,0.889430,0,0.38758,0.68062,13.880,-0.825,18.656,280.459,471.038,312.339,368.417,261.150,273.529,444.119,676.787,-1,-1,-1,-1,338.361,385.335,22.519,380.046,1,0,0,0,0,0,0,0,0,2,2,2,2,0,0,1,0
363,1502.807,3275.517,-206.615,-80.216,0.156248,0.949281,0.272860,-0.906049,0.247744,-0.343070,-0.393270,-0.193621,0.898805,0,0.38485,0.69017,14.020,-0.813,18.654,288.652,499.157,324.178,366.503,269.767,284.182,436.774,694.647,-1,-1,-1,-1,350.996,399.157,22.518,393.144,1,0,0,0,0,0,0,0,0,2,2,2,2,0,0,1,0
364,1500.145,3261.469,-211.990,-81.028,0.144979,0.950757,0.273938,-0.918306,0.232374,-0.320494,-0.368368,-0.205094,0.906775,0,0.38214,0.69960,14.298,-0.813,18.652,296.491,522.834,336.386,365.552,278.412,294.965,426.372,727.258,-1,-1,-1,-1,364.139,412.178,22.518,394.800,1,0,0,0,0,0,0,0,0,2,2,2,2,0,0,1,0
365,1497.305,3247.203,-216.900,-81.866,0.132814,0.950895,0.279568,-0.929211,0.217602,-0.298690,-0.344858,-0.220108,0.912483,0,0.37944,0.70907,14.546,-0.837,18.610,303.129,545.752,349.526,366.014,286.505,304.739,411.152,794.720,-1,-1,-1,-1,375.873,426.186,22.503,389.990,1,0,0,0,0,0,0,0,0,2,2,2,2,0,0,1,0
366,1494.379,3232.793,-221.037,-82.721,0.119933,0.949768,0.289063,-0.938948,0.203092,-0.277723,-0.322479,-0.238107,0.916140,0,0.37665,0.71880,14.704,-0.855,18.486,309.315,566.933,362.717,368.431,294.224,315.366,395.035,905.799,-1,-1,-1,-1,386.933,442.038,22.462,386.222,1,0,0,0,0,0,0,0,0,2,2,2,2,0,0,1,0
367,1491.499,3218.143,-224.476,-83.595,0.106400,0.947480,0.301598,-0.947794,0.188344,-0.257319,-0.300609,-0.258474,0.918055,0,0.37381,0.72873,14.931,-0.874,17.297,315.646,565.891,371.825,387.246,302.208,327.510,378.758,-1,-1,-1,-1,-1,397.347,441.530,22.195,383.579,1,0,0,0,0,0,0,0,2,2,2,2,2,0,0,1,0
368,1489.123,3203.166,-227.247,-84.346,0.094650,0.944870,0.313466,-0.956017,0.174083,-0.236064,-0.277619,-0.277336,0.919789,0,0.37091,0.73886,15.164,-0.751,16.118,324.766,567.123,383.356,422.671,313.101,341.810,364.866,-1,470.173,-1,-1,-1,410.322,437.266,22.328,382.174,1,0,0,0,0,0,0,0,2,0,2,2,2,0,0,1,0
369,1487.609,3187.687,-229.607,-84.884,0.086258,0.942394,0.323193,-0.963481,0.161453,-0.213629,-0.253503,-0.292963,0.921905,0,0.36835,0.74779,15.553,-0.538,13.469,337.280,571.598,397.059,440.171,327.117,355.684,353.763,-1,447.300,-1,-1,-1,428.261,433.802,35.852,381.518,1,0,0,0,0,0,0,0,2,0,2,2,2,0,0,1,0
370,1487.993,3172.036,-232.137,-84.939,0.085801,0.940816,0.327876,-0.968900,0.155458,-0.192526,-0.232103,-0.301160,0.924895,0,0.36640,0.75462,15.656,-0.055,41.723,350.158,590.192,411.336,438.396,339.714,368.450,347.578,-1,432.964,249.143,-1,-1,448.054,429.407,43.577,379.187,1,0,0,0,0,0,0,0,2,0,0,2,2,0,0,1,0
371,1490.969,3157.978,-234.870,-84.307,0.096731,0.940464,0.325839,-0.970376,0.161929,-0.179302,-0.221390,-0.298842,0.928267,0,0.36583,0.75659,14.370,0.632,38.225,356.478,602.324,403.170,420.499,345.285,373.671,347.663,-1,431.778,238.808,-1,-1,457.448,421.893,40.437,385.252,1,0,0,0,0,0,0,0,2,0,0,2,2,0,0,1,0
372,1495.847,3144.887,-237.686,-83.370,0.112692,0.940511,0.320532,-0.969496,0.174742,-0.171878,-0.217664,-0.291385,0.931513,0,0.36729,0.75150,13.970,0.938,36.779,358.457,607.962,393.648,394.217,346.582,374.733,350.201,-1,437.953,247.359,-1,-1,460.081,429.658,38.545,462.161,1,0,0,0,0,0,0,0,2,0,0,2,2,0,0,1,0
373,1501.259,3131.478,-240.870,-82.449,0.128393,0.940627,0.314224,-0.968549,0.187028,-0.164115,-0.213139,-0.283270,0.935056,0,0.36966,0.74322,14.460,0.921,34.545,361.551,598.780,384.114,368.135,348.673,376.043,352.858,-1,443.910,253.039,-1,-1,463.462,445.600,36.029,443.576,1,0,0,0,0,0,0,0,2,0,0,2,2,0,0,1,0
374,1506.923,3117.785,-244.962,-81.524,0.144248,0.941630,0.304180,-0.967990,0.198080,-0.154143,-0.205398,-0.272208,0.940061,0,0.37198,0.73513,14.817,0.925,31.727,367.559,592.507,384.185,342.360,352.895,374.333,356.947,-1,448.898,255.347,-1,-1,471.385,473.174,32.959,425.234,1,0,0,0,0,0,0,0,2,0,0,2,2,0,0,1,0
375,1512.729,3103.917,-250.068,-80.581,0.160520,0.943233,0.290767,-0.967585,0.208564,-0.142411,-0.194970,-0.258481,0.946136,0,0.37429,0.72703,15.035,0.944,27.376,374.208,589.121,398.279,329.635,357.565,375.430,361.812,914.119,452.723,259.674,-1,-1,484.209,457.827,28.216,406.772,1,0,0,0,0,0,0,0,0,0,0,2,2,0,0,1,0
376,1518.292,3089.812,-256.089,-79.574,0.177925,0.944490,0.276191,-0.966987,0.219844,-0.128860,-0.182426,-0.244145,0.952425,0,0.37666,0.71875,15.163,1.006,22.944,382.501,586.750,411.768,360.578,363.328,380.786,366.089,746.370,454.021,261.974,265.381,-1,499.824,446.638,27.003,388.088,1,0,0,0,0,0,0,0,0,0,0,0,2,0,0,1,0
377,1523.547,3075.419,-263.047,-78.524,0.196140,0.945207,0.260985,-0.966106,0.231830,-0.113550,-0.167832,-0.229867,0.958641,0,0.37920,0.70988,15.322,1.051,15.589,392.087,583.064,412.883,412.650,367.939,382.309,369.179,591.999,453.102,262.509,251.588,-1,513.410,438.415,24.933,372.192,1,0,0,0,0,0,0,0,0,0,0,0,2,0,0,1,0
378,1528.517,3060.728,-270.954,-77.467,0.214510,0.945497,0.244990,-0.964974,0.243941,-0.096528,-0.151030,-0.215702,0.964708,0,0.38186,0.70060,15.509,1.057,13.514,401.205,578.055,404.893,389.104,373.399,384.931,370.997,365.066,450.907,261.601,244.622,-1,525.786,430.482,25.946,358.622,1,0,0,0,0,0,0,0,0,0,0,0,2,0,0,1,0
379,1533.318,3045.796,-279.787,-76.476,0.231826,0.945878,0.227092,-0.963827,0.254911,-0.077827,-0.131503,-0.200835,0.970758,0,0.37697,1.00000,15.685,0.991,13.415,413.434,573.931,396.406,366.247,381.280,390.902,372.064,351.751,446.983,258.251,235.721,-1,541.057,431.148,31.555,357.049,1,0,0,0,0,0,0,0,0,0,0,0,2,0,0,1,0
380,1537.623,3030.681,-289.241,-75.725,0.245084,0.946968,0.207812,-0.963282,0.262094,-0.058269,-0.109645,-0.185901,0.976432,0,0.37939,1.00000,15.716,0.750,14.795,427.534,570.034,387.802,345.171,391.124,393.299,372.729,323.359,442.283,251.070,226.359,-1,556.956,433.964,23.759,437.486,1,0,0,0,0,0,0,0,0,0,0,0,2,0,0,1,0
381,1540.788,3015.513,-298.047,-75.247,0.253574,0.948475,0.189989,-0.962951,0.266150,-0.043461,-0.091788,-0.171930,0.980824,0,0.38112,1.00000,15.495,0.478,18.609,436.778,563.241,377.304,324.106,397.052,386.102,373.644,283.865,441.792,248.132,222.897,-1,568.253,431.094,22.503,420.414,1,0,0,0,0,0,0,0,0,0,0,0,2,0,0,1,0
382,1541.630,3001.484,-304.800,-75.313,0.252574,0.950320,0.181928,-0.963677,0.263936,-0.040806,-0.086796,-0.165013,0.982465,0,0.38208,1.00000,14.054,-0.066,17.377,430.712,547.469,363.470,304.397,389.120,372.806,370.650,260.290,448.903,254.155,227.817,237.926,559.494,415.880,22.203,402.846,1,0,0,0,0,0,0,0,0,0,0,0,0,0,0,1,0
383,1541.841,2988.114,-309.603,-75.709,0.245817,0.953434,0.174750,-0.965022,0.257669,-0.048366,-0.091142,-0.156748,0.983424,0,0.38154,1.00000,13.372,-0.396,16.562,416.585,526.339,345.566,14.120,373.128,355.462,371.841,249.251,466.684,268.156,239.465,236.167,539.932,392.204,22.209,17.924,1,0,0,0,1,0,0,0,0,0,0,0,0,0,0,1,1
384,1542.230,2974.557,-312.056,-76.179,0.237780,0.956591,0.168503,-0.966527,0.250231,-0.056664,-0.096369,-0.149389,0.984071,0,0.38008,1.00000,13.562,-0.470,16.267,405.189,506.102,329.332,13.672,360.084,339.660,376.228,242.483,490.960,285.729,254.503,237.072,522.817,370.240,22.276,41.176,1,0,0,0,1,0,0,0,0,0,0,0,0,0,0,1,1
385,1543.083,2960.671,-312.115,-76.603,0.230620,0.959210,0.163494,-0.968296,0.242810,-0.058700,-0.096004,-0.144773,0.984796,0,0.37841,1.00000,13.912,-0.425,16.172,401.128,491.181,317.094,13.571,354.077,329.196,382.469,237.339,512.693,302.491,269.182,239.755,512.951,355.909,22.308,46.073,1,0,0,0,1,0,0,0,0,0,0,0,0,0,0,1,1
386,1544.345,2946.269,-310.443,-76.996,0.224111,0.961309,0.160184,-0.970462,0.235197,-0.053722,-0.089318,-0.143412,0.985624,0,0.37685,1.00000,14.458,-0.393,15.878,404.662,481.144,308.475,13.366,353.299,323.604,388.781,235.179,530.037,317.299,282.396,243.487,500.925,348.487,22.443,44.615,1,0,0,0,1,0,0,0,0,0,0,0,0,0,0,1,1
387,1545.938,2931.380,-308.028,-77.349,0.218350,0.962897,0.158597,-0.972756,0.227733,-0.043395,-0.077902,-0.144801,0.986389,0,0.37538,1.00000,14.974,-0.352,15.127,413.894,474.334,304.212,13.307,359.097,321.180,392.435,234.969,542.993,329.982,293.956,247.537,491.194,345.830,23.160,39.191,1,0,0,0,1,0,0,0,0,0,0,0,0,0,0,1,1
388,1547.980,2916.247,-305.671,-77.600,0.214295,0.964163,0.156418,-0.974631,0.221657,-0.031039,-0.064598,-0.145798,0.987203,0,0.37401,1.00000,15.270,-0.251,14.116,426.031,468.831,303.122,13.892,368.227,319.884,396.054,234.957,548.629,341.203,304.362,250.417,482.932,396.833,26.267,24.230,1,0,0,0,1,0,0,0,0,0,0,0,0,0,0,1,1
389,1550.627,2901.023,-303.951,-77.699,0.212770,0.964967,0.153520,-0.975732,0.218149,-0.018894,-0.051722,-0.145774,0.987965,0,0.37292,1.00000,15.453,-0.099,13.268,437.109,-1,302.662,219.769,377.386,324.551,399.449,234.550,554.106,351.498,311.965,252.141,475.136,399.218,27.775,327.669,1,0,2,0,0,0,0,0,0,0,0,0,0,0,0,1,0
390,1553.815,2885.858,-303.110,-77.660,0.213531,0.965149,0.151300,-0.976094,0.217203,-0.007979,-0.040564,-0.145979,0.988456,0,0.37225,1.00000,15.496,0.038,530.934,434.667,-1,302.127,208.577,383.968,329.728,400.947,233.999,559.356,361.249,319.200,253.724,466.793,398.760,530.696,318.509,0,0,2,0,0,0,0,0,0,0,0,0,0,0,0,0,0
391,1558.508,2872.146,-303.374,-77.321,0.219357,0.964759,0.145334,-0.974994,0.222203,-0.003442,-0.035614,-0.140945,0.989377,0,0.37197,1.00000,14.494,0.340,521.649,426.397,-1,300.825,193.146,377.438,331.967,405.038,234.656,569.463,371.533,328.068,254.164,458.613,389.964,522.843,303.841,0,0,2,0,0,0,0,0,0,0,0,0,0,0,0,0,0
392,1564.453,2859.924,-304.383,-76.681,0.230225,0.963131,0.139193,-0.972500,0.232886,-0.002922,-0.035231,-0.134693,0.990261,0,0.37259,1.00000,13.591,0.639,511.816,418.961,-1,302.346,18.681,369.885,330.648,408.683,237.960,578.758,381.233,337.720,257.443,451.143,376.194,516.899,22.528,0,0,2,0,1,0,0,0,0,0,0,0,0,0,0,0,1
393,1571.009,2848.312,-305.875,-75.915,0.243212,0.960265,0.136890,-0.969340,0.245718,-0.001459,-0.035037,-0.132338,0.990585,0,0.37408,1.00000,13.334,0.766,501.161,411.854,-1,306.284,17.687,362.770,330.286,407.538,244.276,584.524,389.302,346.368,265.450,444.936,363.117,513.398,22.252,0,0,2,0,1,0,0,0,0,0,0,0,0,0,0,0,1
394,1577.595,2836.428,-307.928,-75.164,0.255913,0.956583,0.139489,-0.966140,0.257997,0.003238,-0.032891,-0.135594,0.990218,0,0.37596,1.00000,13.587,0.751,489.281,404.059,-1,305.504,16.894,355.497,321.167,399.876,253.079,587.073,395.722,353.277,275.983,438.085,362.300,505.226,22.179,0,0,2,0,1,0,0,0,0,0,0,0,0,0,0,0,1
395,1584.225,2824.074,-310.537,-74.468,0.267671,0.952709,0.143869,-0.963116,0.268834,0.011661,-0.027567,-0.141684,0.989528,0,0.37778,1.00000,14.021,0.696,14.236,396.031,-1,307.595,16.621,348.288,313.629,388.777,262.649,587.666,396.966,357.566,286.361,431.238,354.848,24.284,22.200,1,0,2,0,1,0,0,0,0,0,0,0,0,0,0,1,1
396,1590.952,2811.579,-312.975,-73.848,0.278144,0.948919,0.148961,-0.960355,0.277762,0.023789,-0.018802,-0.149672,0.988557,0,0.37943,1.00000,14.191,0.621,15.098,388.675,-1,312.139,16.923,341.919,308.788,376.460,273.090,586.977,390.292,359.785,297.203,425.455,347.787,30.577,22.179,1,0,2,0,1,0,0,0,0,0,0,0,0,0,0,1,1
397,1597.946,2799.132,-314.659,-73.236,0.288414,0.945327,0.152233,-0.957466,0.286174,0.036912,-0.008671,-0.156404,0.987655,0,0.38087,1.00000,14.277,0.611,32.359,382.563,-1,312.240,18.106,336.632,305.105,366.090,278.829,573.960,377.169,361.936,311.341,420.861,342.004,33.333,22.348,1,0,2,0,1,0,0,0,0,0,0,0,0,0,0,1,1
398,1605.689,2787.150,-315.911,-72.472,0.301179,0.941843,0.149074,-0.953567,0.297711,0.045592,-0.001440,-0.155883,0.987774,0,0.38229,1.00000,14.266,0.765,15.658,378.106,-1,304.575,17.057,332.092,301.119,363.292,281.478,567.602,370.929,366.042,324.854,415.407,719.746,34.648,22.180,1,0,2,0,1,0,0,0,0,0,0,0,0,0,0,1,1
399,1612.987,2774.648,-316.821,-71.805,0.312254,0.938960,0.144398,-0.949989,0.307938,0.051909,0.004275,-0.153386,0.988157,0,0.38415,1.00000,14.477,0.667,13.648,373.411,-1,295.823,205.686,326.365,295.693,362.865,286.983,567.642,369.864,365.698,338.521,408.792,814.615,33.906,-1,1,0,2,0,0,0,0,0,0,0,0,0,0,0,0,1,2
400,1619.760,2761.651,-317.312,-71.282,0.320889,0.936634,0.140527,-0.947068,0.315819,0.057617,0.009585,-0.151577,0.988399,0,0.38571,1.00000,14.656,0.522,13.856,367.186,-1,286.877,16.410,319.618,287.288,362.440,296.208,569.027,371.486,367.821,352.763,400.964,924.461,31.254,22.238,1,0,2,0,1,0,0,0,0,0,0,0,0,0,0,1,1
401,1626.589,2748.532,-317.429,-70.775,0.329236,0.934259,0.136980,-0.944135,0.323469,0.063068,0.014613,-0.150091,0.988564,0,0.38686,1.00000,14.790,0.507,15.907,360.393,-1,278.029,17.107,312.813,278.887,362.307,306.023,571.287,374.552,370.131,367.910,393.449,-1,26.376,22.181,1,0,2,0,1,0,0,0,0,0,0,0,0,0,2,1,1
402,1634.040,2735.809,-317.394,-70.169,0.339195,0.931362,0.132333,-0.940537,0.333013,0.067026,0.018357,-0.147199,0.988937,0,0.38796,1.00000,14.745,0.607,20.841,352.839,-1,270.590,17.725,305.995,270.548,363.712,277.178,576.910,379.124,374.763,384.014,389.908,-1,21.253,22.259,1,0,2,0,1,0,0,0,0,0,0,0,0,0,2,1,1
403,1642.018,2723.376,-317.551,-69.431,0.351255,0.927650,0.126829,-0.936056,0.344971,0.069245,0.020483,-0.143042,0.989505,0,0.38935,0.99849,14.772,0.737,14.772,345.416,-1,262.692,16.826,299.042,261.922,365.991,247.479,585.575,386.066,381.256,401.304,386.742,-1,17.690,22.182,1,0,2,0,1,0,0,0,0,0,0,0,0,0,2,1,1
404,1649.757,2710.935,-317.583,-68.809,0.361379,0.924096,0.124305,-0.932101,0.354551,0.074032,0.024341,-0.142618,0.989478,0,0.39112,0.99219,14.652,0.623,14.469,337.790,-1,254.105,16.724,292.182,254.003,365.181,236.211,587.389,389.427,385.667,406.179,383.129,-1,17.724,22.189,1,0,2,0,1,0,0,0,0,0,0,0,0,0,2,1,1
405,1657.281,2699.021,-316.890,-68.292,0.369672,0.920578,0.126013,-0.928586,0.361255,0.084981,0.032709,-0.148429,0.988382,0,0.25486,1.00000,14.091,0.516,387.800,331.769,-1,248.917,17.538,287.169,249.327,359.830,243.572,575.450,382.362,384.433,411.933,382.174,-1,374.164,22.226,0,0,2,0,1,0,0,0,0,0,0,0,0,0,2,0,1
406,1665.419,2688.092,-315.941,-67.672,0.379579,0.916386,0.127111,-0.924222,0.369414,0.096678,0.041638,-0.154176,0.987166,0,0.25561,1.00000,13.626,0.620,381.389,327.514,-1,245.139,18.992,284.372,246.327,355.086,253.002,562.539,374.091,382.331,417.460,384.342,-1,364.834,22.642,0,0,2,0,1,0,0,0,0,0,0,0,0,0,2,0,1
407,1674.319,2678.583,-315.229,-66.854,0.392640,0.911108,0.125363,-0.918504,0.381543,0.103807,0.046748,-0.155905,0.986665,0,0.25657,1.00000,13.024,0.818,377.545,326.686,-1,240.708,16.829,282.974,243.198,353.645,267.772,558.269,372.941,384.209,422.104,382.530,-1,356.058,22.182,0,0,2,0,1,0,0,0,0,0,0,0,0,0,2,0,1
408,1682.640,2668.975,-314.462,-66.186,0.403229,0.906329,0.126389,-0.913652,0.390969,0.111283,0.051445,-0.160348,0.985719,0,0.25792,1.00000,12.710,0.668,371.247,326.316,-1,451.750,16.042,280.505,239.612,349.701,283.178,549.211,372.772,386.736,430.787,372.115,-1,346.511,22.360,0,0,2,0,1,0,0,0,0,0,0,0,0,0,2,0,1
409,1690.343,2659.437,-313.385,-65.695,0.410947,0.902211,0.130912,-0.909918,0.397039,0.120041,0.056325,-0.168449,0.984100,0,0.25899,1.00000,12.260,0.492,362.471,324.253,-1,497.453,15.832,277.289,236.092,342.917,299.166,534.792,372.823,390.487,444.171,613.421,-1,336.357,22.469,0,0,2,0,1,0,0,0,0,0,0,0,0,0,2,0,1
410,1697.646,2650.188,-311.830,-65.330,0.416602,0.898518,0.138232,-0.907020,0.400568,0.129843,0.061295,-0.179472,0.981852,0,0.25973,1.00000,11.784,0.364,352.180,321.345,-1,552.508,15.874,273.861,232.994,334.434,316.028,517.942,372.822,395.527,460.832,640.276,-1,325.955,22.445,0,0,2,0,1,0,0,0,0,0,0,0,0,0,2,0,1
411,1704.883,2641.217,-309.957,-64.997,0.421770,0.894845,0.146159,-0.904373,0.403637,0.138513,0.064953,-0.190603,0.979516,0,0.26025,1.00000,11.527,0.333,341.473,317.896,-1,607.826,16.186,270.176,229.752,326.563,333.309,504.628,376.417,403.691,480.905,659.618,-1,315.403,22.302,0,0,2,0,1,0,0,0,0,0,0,0,0,0,2,0,1
412,1712.160,2632.574,-308.049,-64.642,0.427362,0.891082,0.152755,-0.901739,0.407975,0.142907,0.065022,-0.198818,0.977877,0,0.26072,1.00000,11.299,0.355,330.829,313.273,-1,642.864,16.532,264.164,330.568,321.060,321.755,501.291,388.019,418.896,502.361,658.518,-1,304.593,22.214,0,0,2,0,1,0,0,0,0,0,0,0,0,0,2,0,1
413,1719.393,2624.088,-306.429,-64.283,0.433119,0.887446,0.157630,-0.899264,0.413611,0.142302,0.061088,-0.203385,0.977191,0,0.26123,1.00000,11.150,0.359,319.848,303.527,-1,647.435,8.854,256.576,357.473,318.149,303.457,508.433,408.193,440.893,-1,634.991,-1,293.298,22.285,0,0,2,0,1,0,0,0,0,0,0,0,2,0,2,0,1
414,1726.288,2615.329,-305.166,-63.998,0.437714,0.884478,0.161571,-0.897386,0.418626,0.139465,0.055716,-0.206037,0.976957,0,0.26175,1.00000,11.147,0.284,307.872,292.352,-1,638.161,-1,247.910,355.180,316.230,283.240,520.129,431.055,464.874,-1,606.036,-1,281.585,-1,0,0,2,0,2,0,0,0,0,0,0,0,2,0,2,0,2
415,1732.981,2606.305,-304.420,-63.739,0.441885,0.882005,0.163723,-0.895637,0.423450,0.136105,0.050717,-0.206779,0.977072,0,0.26213,1.00000,11.235,0.259,13.509,281.283,-1,624.791,-1,239.295,351.365,315.131,262.622,533.278,452.500,485.471,-1,581.916,-1,24.821,-1,1,0,2,0,2,0,0,0,0,0,0,0,2,0,2,1,2
416,1739.635,2597.097,-304.143,-63.432,0.446748,0.879613,0.163392,-0.893392,0.428895,0.133787,0.047603,-0.205742,0.977448,0,0.26245,1.00000,11.360,0.307,13.425,270.731,-1,616.073,10.303,232.666,349.933,315.186,266.826,545.233,469.114,501.354,-1,570.310,-1,29.690,8.364,1,0,2,0,1,0,0,0,0,0,0,0,2,0,2,1,1
417,1746.076,2588.163,-303.912,-63.145,0.451198,0.877504,0.162502,-0.891083,0.433009,0.135921,0.048906,-0.206130,0.977302,0,0.26286,1.00000,11.014,0.288,13.388,261.890,-1,631.345,15.921,228.139,358.737,314.221,276.989,547.542,475.101,508.449,-1,581.533,-1,31.745,22.419,1,0,2,0,1,0,0,0,0,0,0,0,2,0,2,1,1
418,1752.157,2580.014,-303.079,-62.926,0.454417,0.875725,0.163128,-0.888991,0.434200,0.145486,0.056575,-0.211130,0.975819,0,0.26324,1.00000,10.167,0.219,13.582,255.872,-1,692.796,16.181,227.148,383.930,310.675,288.906,534.469,467.036,504.493,-1,629.069,-1,31.716,22.305,1,0,2,0,1,0,0,0,0,0,0,0,2,0,2,1,1
419,1758.286,2572.635,-301.617,-62.648,0.458376,0.873583,0.163534,-0.886113,0.435023,0.159869,0.068518,-0.218190,0.973498,0,0.26351,1.00000,9.592,0.278,14.489,251.889,-1,797.344,16.723,229.630,424.072,306.760,469.067,511.061,449.230,489.150,-1,709.099,-1,26.235,22.189,1,0,2,0,1,0,0,0,0,0,0,0,2,0,2,1,1
420,1764.581,2566.068,-299.775,-62.272,0.463760,0.870797,0.163214,-0.882298,0.437206,0.174358,0.080472,-0.224863,0.971062,0,0.26390,1.00000,9.098,0.376,261.929,248.506,-1,921.796,17.309,289.951,465.640,303.916,523.430,487.107,431.087,474.280,-1,806.309,-1,237.138,22.196,0,0,2,0,1,0,0,0,0,0,0,0,2,0,2,0,1
421,1770.854,2560.575,-297.790,-61.848,0.469959,0.867686,0.162050,-0.878241,0.441239,0.184391,0.088491,-0.228975,0.969402,0,0.26448,1.00000,8.338,0.424,267.477,309.409,-1,-1,17.548,374.118,498.342,303.308,568.428,474.833,422.558,468.173,-1,883.505,-1,235.579,22.227,0,0,2,2,1,0,0,0,0,0,0,0,2,0,2,0,1
422,1776.709,2556.233,-295.634,-61.488,0.475279,0.864859,0.161643,-0.874917,0.445181,0.190616,0.092895,-0.232020,0.968265,0,0.26517,1.00000,7.289,0.360,271.924,348.638,-1,-1,17.613,393.066,522.277,303.713,608.728,470.376,422.617,469.708,-1,933.449,-1,233.949,22.238,0,0,2,2,1,0,0,0,0,0,0,0,2,0,2,0,1
423,1781.996,2552.311,-293.044,-61.194,0.479617,0.862026,0.163946,-0.872191,0.447853,0.196752,0.096182,-0.237357,0.966649,0,0.26576,1.00000,6.583,0.294,273.823,383.802,-1,-1,17.914,410.747,545.807,302.749,674.590,465.332,425.630,474.728,-1,970.160,-1,231.744,22.300,0,0,2,2,1,0,0,0,0,0,0,0,2,0,2,0,1
424,1786.969,2548.804,-290.230,-60.940,0.483372,0.859194,0.167742,-0.869889,0.449926,0.202135,0.098201,-0.243624,0.964885,0,0.26624,1.00000,6.085,0.253,274.123,404.087,-1,-1,18.296,426.083,566.762,301.349,759.615,461.405,431.581,482.801,-1,984.253,-1,229.200,22.402,0,0,2,2,1,0,0,0,0,0,0,0,2,0,2,0,1
425,1791.712,2545.743,-287.427,-60.719,0.486704,0.856377,0.172448,-0.867965,0.451747,0.206304,0.098772,-0.250088,0.963172,0,0.26665,1.00000,5.645,0.221,271.114,411.976,-1,-1,18.711,437.789,583.400,299.773,868.459,459.230,440.338,493.610,-1,986.875,-1,227.955,22.538,0,0,2,2,1,0,0,0,0,0,0,0,2,0,2,0,1
426,1796.332,2543.376,-284.950,-60.509,0.489952,0.853517,0.177359,-0.866304,0.454006,0.208316,0.097279,-0.255711,0.961846,0,0.26701,1.00000,5.191,0.210,266.397,413.450,-1,-1,18.672,442.478,591.364,298.309,-1,460.176,452.527,507.482,-1,973.738,-1,226.761,22.525,0,0,2,2,1,0,0,0,2,0,0,0,2,0,2,0,1
427,1800.733,2541.279,-282.711,-60.352,0.492412,0.850766,0.183648,-0.865101,0.455251,0.210587,0.095555,-0.262570,0.960170,0,0.26736,1.00000,4.875,0.157,261.257,412.493,-1,-1,18.661,445.272,597.411,295.602,-1,459.006,464.300,521.405,-1,955.960,-1,223.995,22.521,0,0,2,2,1,0,0,0,2,0,0,0,2,0,2,0,1
428,1804.962,2539.417,-280.757,-60.221,0.494476,0.847907,0.191173,-0.864134,0.455869,0.213202,0.093625,-0.270622,0.958122,0,0.26761,1.00000,4.621,0.131,255.727,409.069,-1,-1,18.658,446.091,602.171,291.674,-1,455.437,475.414,535.167,-1,933.782,-1,219.922,22.520,0,0,2,2,1,0,0,0,2,0,0,0,2,0,2,0,1
429,1809.045,2537.766,-279.118,-60.104,0.496343,0.844836,0.199742,-0.863308,0.456138,0.215956,0.091337,-0.279627,0.955754,0,0.26783,1.00000,4.404,0.117,249.833,402.936,-1,-1,18.656,444.455,604.967,286.701,-1,450.197,486.180,549.016,-1,904.739,-1,214.669,22.519,0,0,2,2,1,0,0,0,2,0,0,0,2,0,2,0,1
430,1812.973,2536.262,-277.786,-60.009,0.497894,0.841608,0.209278,-0.862700,0.455997,0.218666,0.088601,-0.289417,0.953094,0,0.26802,1.00000,4.207,0.095,243.560,394.221,-1,-1,18.655,440.244,605.510,280.850,-1,443.790,496.975,563.267,-1,865.461,-1,208.129,22.519,0,0,2,2,1,0,0,0,2,0,0,0,2,0,2,0,1
431,1816.750,2534.863,-276.737,-59.941,0.499066,0.838283,0.219578,-0.862360,0.455507,0.221017,0.085255,-0.299657,0.950230,0,0.26817,1.00000,4.027,0.068,233.772,383.061,-1,-1,18.654,433.253,603.288,274.413,-1,436.129,507.960,577.725,-1,822.320,-1,200.632,22.518,0,0,2,2,1,0,0,0,2,0,0,0,2,0,2,0,1
432,1820.448,2533.546,-275.813,-59.879,0.500138,0.835150,0.228879,-0.862039,0.455099,0.223099,0.082159,-0.308883,0.947545,0,0.26828,1.00000,3.925,0.063,17.804,373.111,-1,-1,18.653,426.784,601.055,268.649,-1,429.290,518.096,589.586,-1,786.214,-1,18.605,22.518,1,0,2,2,1,0,0,0,2,0,0,0,2,0,2,1,1
433,1824.203,2532.090,-274.842,-59.791,0.501515,0.832489,0.235469,-0.861362,0.455033,0.225831,0.080856,-0.316082,0.945280,0,0.67364,0.66296,4.027,0.088,25.355,368.986,-1,-1,18.597,425.828,603.898,264.466,-1,423.144,524.790,597.952,-1,768.236,-1,26.456,22.499,1,0,2,2,1,0,0,0,2,0,0,0,2,0,2,1,1
434,1828.183,2530.260,-273.740,-59.638,0.503742,0.830316,0.238366,-0.859924,0.455692,0.229946,0.082307,-0.320810,0.943560,0,0.67399,0.66218,4.381,0.152,26.943,373.177,-1,-1,18.552,433.397,615.262,262.229,-1,417.304,526.072,601.081,-1,774.449,-1,28.080,22.484,1,0,2,2,1,0,0,0,2,0,0,0,2,0,2,1,1
435,1832.304,2528.131,-272.502,-59.438,0.506591,0.828581,0.238365,-0.857891,0.456858,0.235169,0.085957,-0.323626,0.942273,0,0.67463,0.66079,4.638,0.200,24.330,384.204,-1,-1,18.584,448.011,634.135,261.520,-1,411.740,523.131,600.060,-1,800.000,-1,25.377,22.494,1,0,2,2,1,0,0,0,2,0,0,0,2,0,2,1,1
436,1836.493,2525.748,-271.157,-59.192,0.510045,0.826951,0.236658,-0.855332,0.458541,0.241138,0.090892,-0.325412,0.941194,0,0.67547,0.65894,4.819,0.246,17.578,399.585,-1,-1,18.671,467.304,658.068,261.717,-1,406.396,517.783,596.769,-1,838.909,-1,18.376,22.524,1,0,2,2,1,0,0,0,2,0,0,0,2,0,2,1,1
437,1840.671,2523.273,-269.773,-58.868,0.514657,0.824752,0.234336,-0.852083,0.461613,0.246713,0.095305,-0.326646,0.940329,0,0.67651,0.65667,4.857,0.324,216.079,414.431,-1,-1,18.662,485.381,680.647,262.377,-1,402.818,513.061,593.352,-1,871.377,-1,199.385,22.521,0,0,2,2,1,0,0,0,2,0,0,0,2,0,2,0,1
438,1844.839,2520.808,-268.393,-58.515,0.519722,0.822224,0.232026,-0.848604,0.465424,0.251501,0.098800,-0.327609,0.939633,0,0.67790,0.65363,4.842,0.353,214.350,427.348,-1,-1,18.658,501.081,700.919,263.197,-1,400.877,510.584,591.283,-1,893.927,-1,204.363,22.520,0,0,2,2,1,0,0,0,2,0,0,0,2,0,2,0,1
439,1849.002,2518.329,-267.030,-58.158,0.524856,0.819538,0.229965,-0.845127,0.469546,0.255514,0.101424,-0.328458,0.939057,0,0.67943,0.65029,4.845,0.357,212.409,437.988,-1,-1,18.656,514.422,717.587,264.039,-1,400.193,510.192,591.256,-1,911.431,-1,208.887,22.519,0,0,2,2,1,0,0,0,2,0,0,0,2,0,2,0,1
440,1853.100,2515.930,-265.704,-57.818,0.529771,0.816849,0.228255,-0.841855,0.473738,0.258559,0.103071,-0.329134,0.938641,0,0.68097,0.64692,4.749,0.340,210.262,445.992,-1,-1,18.645,524.861,730.321,264.907,-1,400.865,512.041,593.400,-1,923.241,-1,212.723,22.515,0,0,2,2,1,0,0,0,2,0,0,0,2,0,2,0,1
441,1856.998,2513.761,-264.371,-57.530,0.533941,0.814342,0.227496,-0.839078,0.477178,0.261244,0.104186,-0.330376,0.938081,0,0.68244,0.64372,4.460,0.288,207.939,452.392,-1,-1,18.655,533.986,741.407,265.401,-1,401.390,515.006,596.818,-1,931.218,-1,215.557,22.519,0,0,2,2,1,0,0,0,2,0,0,0,2,0,2,0,1
442,1860.820,2511.634,-262.977,-57.244,0.538042,0.811576,0.227719,-0.836296,0.480168,0.264665,0.105452,-0.332841,0.937068,0,0.68368,0.64100,4.374,0.285,205.438,458.528,-1,-1,18.656,543.765,754.671,265.203,-1,400.283,517.444,600.128,-1,938.173,-1,215.346,22.519,0,0,2,2,1,0,0,0,2,0,0,0,2,0,2,0,1
443,1864.761,2509.494,-261.570,-56.938,0.542423,0.808495,0.228285,-0.833269,0.483169,0.268720,0.106959,-0.335983,0.935775,0,0.68491,0.63831,4.485,0.307,202.809,464.813,-1,-1,18.656,554.431,769.631,264.589,-1,398.068,519.184,602.991,-1,944.368,-1,212.490,22.519,0,0,2,2,1,0,0,0,2,0,0,0,2,0,2,0,1
444,1868.874,2507.286,-260.213,-56.604,0.547193,0.805129,0.228796,-0.829973,0.486567,0.272760,0.108283,-0.339147,0.934481,0,0.68623,0.63541,4.668,0.334,200.017,470.408,-1,-1,18.597,564.372,783.847,263.877,-1,395.992,521.213,606.111,-1,946.879,-1,209.438,22.499,0,0,2,2,1,0,0,0,2,0,0,0,2,0,2,0,1
445,1873.290,2505.026,-259.068,-56.209,0.552872,0.801344,0.228428,-0.826150,0.491401,0.275683,0.108667,-0.341133,0.933713,0,0.68768,0.63225,4.961,0.395,197.105,473.621,-1,-1,17.951,570.058,792.302,263.592,-1,396.143,525.045,610.328,-1,944.214,-1,206.136,22.309,0,0,2,2,1,0,0,0,2,0,0,0,2,0,2,0,1
446,1878.036,2502.580,-258.204,-55.733,0.559750,0.796944,0.227068,-0.821567,0.497939,0.277640,0.108197,-0.341961,0.933465,0,0.68941,0.62847,5.338,0.476,194.028,474.365,-1,-1,16.637,571.650,795.181,263.642,-1,398.281,530.300,615.499,-1,936.355,-1,202.529,22.198,0,0,2,2,1,0,0,0,2,0,0,0,2,0,2,0,1
447,1883.039,2499.759,-257.579,-55.209,0.567266,0.792148,0.225191,-0.816462,0.505199,0.279579,0.107702,-0.342456,0.933340,0,0.69150,0.62390,5.744,0.524,190.633,474.380,-1,-1,14.798,572.251,796.873,263.567,-1,400.454,535.192,620.278,-1,927.328,-1,198.554,23.755,0,0,2,2,1,0,0,0,2,0,0,0,2,0,2,0,1
448,1887.989,2496.420,-257.010,-54.739,0.573918,0.787588,0.224330,-0.811753,0.510995,0.282738,0.108049,-0.344370,0.932596,0,0.69379,0.61889,5.971,0.470,186.575,475.455,-1,-1,13.442,575.879,803.075,262.501,-1,399.713,538.071,623.754,-1,921.305,-1,194.028,34.520,0,0,2,2,1,0,0,0,2,0,0,0,2,0,2,0,1
449,1891.839,2492.727,-256.166,-54.554,0.576492,0.784608,0.228137,-0.809838,0.511497,0.287287,0.108716,-0.350372,0.930279,0,0.69581,0.61447,5.335,0.185,15.151,476.175,-1,-1,13.300,581.961,814.857,259.199,-1,393.911,540.649,628.368,-1,916.055,-1,23.124,31.480,1,0,2,2,1,0,0,0,2,0,0,0,2,0,2,1,1
450,1895.472,2489.038,-255.190,-54.436,0.578072,0.782995,0.229676,-0.808522,0.511644,0.290710,0.110112,-0.353750,0.928836,0,0.69651,0.61295,5.178,0.118,15.699,481.330,-1,-1,13.301,591.833,829.073,257.769,-1,390.835,542.615,631.563,-1,920.303,-1,22.557,26.367,1,0,2,2,1,0,0,0,2,0,0,0,2,0,2,1,1
451,1898.632,2485.441,-253.841,-54.325,0.579412,0.782905,0.226588,-0.807070,0.512360,0.293471,0.113666,-0.352913,0.928726,0,0.69690,0.61210,4.788,0.112,16.018,496.682,-1,-1,13.449,611.910,852.907,259.665,-1,391.338,541.290,630.189,-1,944.221,-1,22.371,17.034,1,0,2,2,1,0,0,0,2,0,0,0,2,0,2,1,1
452,1901.186,2481.890,-252.251,-54.212,0.580604,0.784176,0.219014,-0.805387,0.513721,0.295706,0.119373,-0.348079,0.929834,0,0.69726,0.61131,4.374,0.113,16.269,522.435,-1,-1,-1,642.518,887.927,264.644,-1,394.838,536.323,624.026,-1,988.651,-1,22.275,-1,1,0,2,2,2,0,0,0,2,0,0,0,2,0,2,1,2
453,1903.099,2478.443,-250.646,-54.117,0.581418,0.786698,0.207507,-0.803702,0.515675,0.296887,0.126555,-0.339389,0.932094,0,0.42432,0.49915,3.942,0.095,16.423,557.749,-1,-1,-1,681.899,930.380,272.389,-1,401.409,528.851,614.288,-1,-1,-1,22.235,-1,1,0,2,2,2,0,0,0,2,0,0,0,2,2,2,1,2
454,1904.379,2475.149,-249.255,-54.036,0.581930,0.790012,0.192973,-0.802015,0.518221,0.297017,0.134644,-0.327610,0.935170,0,0.42449,0.49853,3.534,0.081,16.501,599.773,-1,-1,-1,726.499,979.290,282.227,-1,410.282,518.955,601.057,-1,-1,-1,22.219,-1,1,0,2,2,2,0,0,0,2,0,0,0,2,2,2,1,2
455,1905.165,2471.860,-248.263,-53.956,0.582286,0.793718,0.175941,-0.800156,0.521222,0.296780,0.143855,-0.313591,0.938598,0,0.42463,0.49804,3.382,0.080,16.538,647.000,-1,-1,-1,777.866,-1,293.484,-1,419.784,506.185,583.753,-1,-1,-1,22.212,-1,1,0,2,2,2,0,2,0,2,0,0,0,2,2,2,1,2
456,1905.567,2468.445,-247.826,-53.879,0.582444,0.797548,0.157084,-0.798118,0.524444,0.296592,0.154165,-0.298120,0.941997,0,0.42476,0.49757,3.439,0.077,16.556,702.339,-1,-1,-1,838.190,-1,305.496,-1,428.596,489.859,560.796,-1,-1,-1,22.210,-1,1,0,2,2,2,0,2,0,2,0,0,0,2,2,2,1,2
457,1905.701,2464.802,-248.029,-53.807,0.582368,0.801304,0.136964,-0.795902,0.527723,0.296730,0.165492,-0.281816,0.945088,0,0.42488,0.49714,3.646,0.072,16.568,762.732,-1,-1,-1,908.064,-1,317.763,-1,435.801,469.846,534.759,-1,-1,-1,22.208,-1,1,0,2,2,2,0,2,0,2,0,0,0,2,2,2,1,2
458,1905.699,2460.850,-248.828,-53.738,0.582045,0.804836,0.116027,-0.793452,0.530909,0.297605,0.177924,-0.265281,0.947612,0,0.42498,0.49679,3.953,0.069,-1,825.958,-1,-1,-1,987.840,-1,329.497,-1,440.552,446.845,506.035,-1,-1,-1,15.694,-1,2,0,2,2,2,0,2,0,2,0,0,0,2,2,2,1,2
459,1905.661,2456.555,-250.145,-53.678,0.581397,0.808118,0.094461,-0.790830,0.534004,0.299045,0.191221,-0.248567,0.949552,0,0.42506,0.49650,4.295,0.060,-1,897.289,-1,-1,14.212,-1,-1,340.585,-1,443.216,422.139,475.627,-1,-1,-1,-1,17.631,2,0,2,2,1,2,2,0,2,0,0,0,2,2,2,2,1
460,1905.659,2451.908,-251.856,-53.633,0.580362,0.811145,0.072272,-0.788121,0.537102,0.300642,0.205047,-0.231440,0.950995,0,0.42510,0.49634,4.647,0.045,-1,969.705,-1,-1,14.289,-1,-1,351.888,-1,444.806,397.402,443.271,524.625,-1,-1,-1,23.223,2,0,2,2,1,2,2,0,2,0,0,0,0,2,2,2,1
461,1905.710,2446.961,-253.827,-53.600,0.579049,0.813791,0.049460,-0.785403,0.540517,0.301635,0.218734,-0.213507,0.952140,0,0.42510,0.49636,4.947,0.033,-1,-1,-1,-1,14.362,-1,-1,363.988,-1,447.037,371.489,411.008,509.370,-1,-1,-1,26.874,2,2,2,2,1,2,2,0,2,0,0,0,0,2,2,2,1
462,1905.808,2441.789,-255.899,-53.581,0.577547,0.815945,0.025958,-0.782827,0.544526,0.301120,0.231562,-0.194231,0.953233,0,0.42505,0.49654,5.174,0.019,-1,-1,-1,-1,14.444,-1,-1,377.675,970.390,451.986,347.714,381.166,494.764,-1,-1,-1,30.020,2,2,2,2,1,2,2,0,0,0,0,0,0,2,2,2,1
463,1905.959,2436.357,-257.928,-53.587,0.575712,0.817651,0.001769,-0.780518,0.548919,0.299132,0.243615,-0.173595,0.954210,0,0.42495,0.49688,5.434,-0.006,-1,-1,-1,-1,14.588,-1,-1,393.384,754.340,459.996,327.293,353.499,475.039,-1,-1,-1,32.691,2,2,2,2,1,2,2,0,0,0,0,0,0,2,2,2,1
464,1906.180,2430.627,-259.789,-53.627,0.573369,0.818973,-0.023039,-0.778453,0.553338,0.296357,0.255457,-0.151987,0.954799,0,0.42478,0.49749,5.734,-0.039,-1,-1,-1,-1,14.782,-1,-1,411.226,617.809,470.181,308.480,325.594,452.146,-1,-1,-1,36.137,2,2,2,2,1,2,2,0,0,0,0,0,0,2,2,2,1
465,1906.504,2424.491,-261.334,-53.697,0.570396,0.819954,-0.048215,-0.776425,0.557405,0.294047,0.267980,-0.130288,0.954574,0,0.42451,0.49846,6.144,-0.071,-1,-1,-1,-1,15.178,-1,-1,430.872,524.646,480.497,290.528,298.785,430.637,-1,-1,-1,37.994,2,2,2,2,1,2,2,0,0,0,0,0,0,2,2,2,1
466,1907.082,2417.878,-262.571,-53.814,0.566504,0.820701,-0.074323,-0.774438,0.561046,0.292358,0.281637,-0.108063,0.953417,0,0.42414,0.49979,6.638,-0.117,-1,-1,-1,-1,15.695,-1,-1,452.949,454.416,490.792,272.006,271.923,390.532,-1,-1,-1,37.601,2,2,2,2,1,2,2,0,0,0,0,0,0,2,2,2,1
467,1907.968,2410.989,-263.054,-53.968,0.562369,0.821297,-0.095985,-0.773135,0.563427,0.291225,0.293262,-0.089567,0.951827,0,0.42363,0.50163,6.946,-0.154,-1,-1,-1,-1,15.778,-1,-1,469.363,406.972,500.633,257.787,252.335,339.191,-1,-1,-1,36.233,2,2,2,2,1,2,2,0,0,0,0,0,0,2,2,2,1
468,1909.346,2404.222,-262.521,-54.197,0.558131,0.822591,-0.108782,-0.773784,0.563326,0.289693,0.299578,-0.077513,0.950918,0,0.42301,0.50387,6.906,-0.229,-1,-1,-1,-1,15.857,-1,-1,480.774,378.283,511.438,253.093,244.129,329.419,-1,-1,-1,32.379,2,2,2,2,1,2,2,0,0,0,0,0,0,2,2,2,1
469,1911.236,2397.802,-261.108,-54.451,0.554445,0.824312,-0.114461,-0.775895,0.561746,0.287104,0.300961,-0.070373,0.951036,0,0.42218,0.50683,6.692,-0.254,17.088,-1,-1,-1,15.814,-1,-1,486.974,365.325,524.690,257.666,246.144,329.297,-1,-1,22.180,24.457,1,2,2,2,1,2,2,0,0,0,0,0,0,2,2,1,1
470,1913.393,2391.882,-259.097,-54.689,0.551474,0.825976,-0.116790,-0.778566,0.559900,0.283454,0.299517,-0.065389,0.951848,0,0.42130,0.51001,6.301,-0.238,17.094,-1,-1,-1,-1,-1,-1,490.370,366.075,540.778,267.883,254.496,331.509,-1,-1,22.181,-1,1,2,2,2,2,2,2,0,0,0,0,0,0,2,2,1,2
471,1915.579,2386.479,-256.713,-54.888,0.549064,0.827359,-0.118344,-0.780898,0.558305,0.280169,0.297872,-0.061416,0.952628,0,0.42047,0.51297,5.828,-0.199,17.145,-1,-1,-1,-1,-1,-1,493.618,371.332,556.787,279.231,264.324,334.341,-1,-1,22.183,-1,1,2,2,2,2,2,2,0,0,0,0,0,0,2,2,1,2
472,1917.642,2381.575,-254.008,-55.040,0.546997,0.828345,-0.120988,-0.782345,0.557257,0.278211,0.297876,-0.057526,0.952870,0,0.41977,0.51549,5.321,-0.151,17.256,-1,-1,-1,-1,-1,-1,497.795,377.103,570.912,288.652,272.302,336.663,-1,-1,22.191,-1,1,2,2,2,2,2,2,0,0,0,0,0,0,2,2,1,2
473,1919.441,2377.119,-251.029,-55.177,0.544686,0.829206,-0.125439,-0.783031,0.556407,0.277982,0.300300,-0.053190,0.952361,0,0.41922,0.51749,4.806,-0.137,17.357,-1,-1,-1,-1,-1,-1,503.294,380.107,582.344,294.762,276.956,338.019,-1,-1,22.201,-1,1,2,2,2,2,2,2,0,0,0,0,0,0,2,2,1,2
474,1920.921,2372.895,-247.820,-55.309,0.542038,0.830110,-0.130810,-0.783053,0.555417,0.279893,0.304997,-0.049281,0.951078,0,0.41871,0.51930,4.476,-0.132,17.403,-1,-1,-1,-1,-1,-1,509.105,384.917,589.664,297.448,278.462,338.666,-1,-1,22.207,-1,1,2,2,2,2,2,2,0,0,0,0,0,0,2,2,1,2
475,1922.227,2368.620,-244.430,-55.449,0.538814,0.831288,-0.136530,-0.782491,0.553900,0.284434,0.312071,-0.046423,0.948924,0,0.70001,0.70960,4.471,-0.141,17.351,-1,-1,-1,-1,-1,-1,514.229,392.637,591.460,296.443,276.564,338.904,-1,-1,22.200,-1,1,2,2,2,2,2,2,0,0,0,0,0,0,2,2,1,2
476,1923.617,2363.938,-240.886,-55.599,0.534915,0.832853,-0.142206,-0.781200,0.551642,0.292263,0.321859,-0.045244,0.945706,0,0.69915,0.71143,4.883,-0.150,17.205,-1,-1,-1,-1,-1,-1,517.672,404.796,586.227,291.318,271.013,339.000,-1,-1,22.187,-1,1,2,2,2,2,2,2,0,0,0,0,0,0,2,2,1,2
477,1925.258,2358.839,-237.366,-55.791,0.530064,0.835124,-0.146967,-0.779698,0.548147,0.302663,0.333321,-0.045841,0.941698,0,0.69824,0.71340,5.356,-0.192,16.922,-1,-1,-1,-1,-1,-1,519.513,421.506,575.200,283.703,263.539,339.494,-1,-1,22.179,-1,1,2,2,2,2,2,2,0,0,0,0,0,0,2,2,1,2
478,1927.059,2353.488,-234.124,-56.063,0.524070,0.838529,-0.149062,-0.778819,0.542670,0.314564,0.344662,-0.048761,0.937459,0,0.69711,0.71582,5.646,-0.272,15.103,-1,-1,-1,-1,-1,-1,518.337,442.516,560.147,275.876,256.495,341.073,-1,-1,23.195,-1,1,2,2,2,2,2,2,0,0,0,0,0,0,2,2,1,2
479,1929.626,2348.124,-231.339,-56.262,0.519231,0.841503,-0.149234,-0.777442,0.537598,0.326455,0.354941,-0.053485,0.933357,0,0.69559,0.71908,5.946,-0.199,-1,-1,-1,-1,-1,-1,-1,512.169,466.979,543.765,268.528,250.448,343.649,-1,-1,-1,-1,2,2,2,2,2,2,2,0,0,0,0,0,0,2,2,2,2
480,1932.707,2342.649,-229.090,-56.424,0.515130,0.844554,-0.146180,-0.776042,0.531976,0.338762,0.363868,-0.061065,0.929447,0,0.69442,0.72159,6.283,-0.162,-1,-1,-1,-1,-1,-1,-1,495.563,497.732,524.937,260.560,245.626,347.515,-1,-1,-1,-1,2,2,2,2,2,2,2,0,0,0,0,0,0,2,2,2,2
481,1936.204,2336.949,-227.446,-56.577,0.511277,0.847887,-0.140298,-0.774716,0.525374,0.351850,0.372038,-0.071202,0.925483,0,0.69342,0.72375,6.687,-0.153,-1,-1,-1,-1,-1,-1,-1,476.222,535.711,500.762,251.081,240.683,352.390,-1,-1,-1,-1,2,2,2,2,2,2,2,0,0,0,0,0,0,2,2,2,2
482,1940.031,2330.910,-226.484,-56.739,0.507286,0.851581,-0.132176,-0.773414,0.517536,0.366042,0.380120,-0.083461,0.921164,0,0.69245,0.72583,7.149,-0.162,-1,-1,-1,-1,-1,-1,-1,454.377,584.168,472.957,240.177,234.451,357.898,-1,-1,-1,-1,2,2,2,2,2,2,2,0,0,0,0,0,0,2,2,2,2
483,1944.099,2324.509,-226.108,-56.909,0.503319,0.855259,-0.123294,-0.772363,0.509261,0.379616,0.387459,-0.095840,0.916892,0,0.69142,0.72803,7.585,-0.170,-1,-1,-1,-1,-1,-1,-1,432.072,638.975,446.384,229.298,228.082,363.584,-1,-1,-1,-1,2,2,2,2,2,2,2,0,0,0,0,0,0,2,2,2,2
484,1948.324,2317.782,-226.110,-57.069,0.500003,0.858293,-0.115457,-0.771958,0.502142,0.389789,0.392529,-0.105767,0.913638,0,0.69034,0.73036,7.944,-0.159,-1,-1,-1,-1,-1,-1,-1,415.400,686.872,424.237,221.185,223.622,369.013,-1,-1,-1,-1,2,2,2,2,2,2,2,0,0,0,0,0,0,2,2,2,2
485,1952.621,2310.767,-226.380,-57.198,0.497840,0.860328,-0.109506,-0.772425,0.497262,0.395083,0.394354,-0.112103,0.912095,0,0.68930,0.73261,8.227,-0.129,-1,-1,-1,-1,-1,-1,-1,405.131,721.120,410.504,216.662,222.249,373.966,-1,-1,-1,-1,2,2,2,2,2,2,2,0,0,0,0,0,0,2,2,2,2
486,1956.849,2303.632,-226.800,-57.297,0.497160,0.861273,-0.105080,-0.774311,0.495052,0.394164,0.391503,-0.114599,0.913013,0,0.68838,0.73458,8.293,-0.099,-1,-1,-1,-1,-1,-1,-1,397.212,734.335,408.465,219.038,225.898,378.773,-1,-1,-1,-1,2,2,2,2,2,2,2,0,0,0,0,0,0,2,2,2,2
487,1960.901,2296.435,-227.264,-57.414,0.497420,0.861733,-0.099944,-0.778219,0.494159,0.387534,0.383339,-0.114989,0.916422,0,0.68759,0.73627,8.260,-0.117,-1,-1,-1,-1,-1,-1,-1,390.567,731.343,416.649,229.495,236.427,384.529,-1,-1,-1,-1,2,2,2,2,2,2,2,0,0,0,0,0,0,2,2,2,2
488,1964.819,2289.077,-227.860,-57.571,0.498014,0.862157,-0.093101,-0.783869,0.493487,0.376856,0.370853,-0.114700,0.921581,0,0.68671,0.73815,8.336,-0.157,-1,-1,-1,-1,-1,-1,-1,384.137,721.091,431.933,246.964,253.064,391.571,-1,-1,-1,-1,2,2,2,2,2,2,2,0,0,0,0,0,0,2,2,2,2
489,1968.660,2281.494,-228.744,-57.781,0.498322,0.862913,-0.084000,-0.790747,0.492090,0.364096,0.355519,-0.115014,0.927565,0,0.68564,0.74045,8.500,-0.210,-1,-1,-1,-1,-1,-1,-1,376.972,711.897,450.487,269.055,274.588,399.981,-1,-1,-1,-1,2,2,2,2,2,2,2,0,0,0,0,0,0,2,2,2,2
490,1972.469,2273.539,-229.719,-58.066,0.497452,0.864303,-0.074310,-0.798120,0.489555,0.351199,0.339921,-0.115397,0.933348,0,0.68431,0.74331,8.821,-0.284,14.781,-1,-1,-1,-1,-1,-1,369.168,702.468,469.830,292.848,298.326,408.996,-1,-1,23.791,-1,1,2,2,2,2,2,2,0,0,0,0,0,0,2,2,1,2
491,1976.237,2264.989,-230.753,-58.424,0.495115,0.866468,-0.063983,-0.805565,0.485404,0.339775,0.325462,-0.116686,0.938328,0,0.68262,0.74694,9.343,-0.359,14.922,-1,-1,-1,-1,-1,-1,360.304,697.810,486.306,316.512,322.300,418.462,-1,-1,23.501,-1,1,2,2,2,2,2,2,0,0,0,0,0,0,2,2,1,2
492,1980.017,2255.837,-232.002,-58.846,0.491430,0.869308,-0.052915,-0.812924,0.479660,0.330273,0.312490,-0.119290,0.942401,0,0.58403,0.52769,9.902,-0.422,15.124,-1,-1,-1,-1,-1,-1,351.548,699.095,497.752,338.697,344.703,428.330,-1,-1,23.164,-1,1,2,2,2,2,2,2,0,0,0,0,0,0,2,2,1,2
493,1983.854,2246.101,-233.523,-59.332,0.486360,0.872752,-0.041924,-0.820171,0.472551,0.322514,0.301286,-0.122473,0.945636,0,0.58197,0.53283,10.464,-0.486,15.366,-1,-1,-1,-1,-1,-1,340.684,702.514,504.261,358.158,364.757,438.231,-1,-1,22.855,-1,1,2,2,2,2,2,2,0,0,0,0,0,0,2,2,1,2
494,1987.740,2235.741,-235.320,-59.850,0.480409,0.876473,-0.031642,-0.827069,0.464745,0.316178,0.291827,-0.125725,0.948172,0,0.57964,0.53867,11.065,-0.517,15.566,-1,-1,-1,-1,-1,-1,316.689,705.786,506.632,374.264,381.908,447.708,-1,-1,22.661,-1,1,2,2,2,2,2,2,0,0,0,0,0,0,2,2,1,2
495,1991.480,2226.222,-236.893,-60.499,0.472332,0.881205,-0.019508,-0.834826,0.454354,0.310851,0.282787,-0.130539,0.950258,0,0.57715,0.54489,10.227,-0.650,15.810,-1,-1,-1,-1,-1,-1,292.217,717.130,505.819,391.411,400.753,459.227,-1,-1,22.483,-1,1,2,2,2,2,2,2,0,0,0,0,0,0,2,2,1,2
496,1993.961,2222.125,-236.536,-61.554,0.458439,0.888708,0.005641,-0.846249,0.434580,0.308224,0.271470,-0.146076,0.951297,0,0.57417,0.55235,4.790,-1.055,16.177,-1,-1,-1,-1,-1,-1,265.766,803.594,494.400,420.419,434.782,482.135,-1,-1,22.306,-1,1,2,2,2,2,2,2,0,0,0,0,0,0,2,2,1,2
497,1994.611,2221.222,-234.752,-61.912,0.454023,0.890919,0.011248,-0.850746,0.429730,0.302593,0.264753,-0.146953,0.953053,0,0.56979,0.56331,1.112,-0.358,16.199,-1,-1,-1,-1,-1,-1,262.167,814.234,507.147,443.066,458.020,490.531,-1,-1,22.298,-1,1,2,2,2,2,2,2,0,0,0,0,0,0,2,2,1,2
498,1994.847,2220.606,-233.076,-62.104,0.451363,0.892297,0.008853,-0.852604,0.428314,0.299356,0.263322,-0.142666,0.954100,0,0.56833,0.56698,0.659,-0.191,16.173,-1,-1,-1,-1,-1,-1,263.720,794.970,520.399,453.828,466.430,491.977,-1,-1,22.307,-1,1,2,2,2,2,2,2,0,0,0,0,0,0,2,2,1,2
499,1995.150,2219.313,-232.153,-62.287,0.448298,0.893876,0.003677,-0.853428,0.426782,0.299195,0.265874,-0.137267,0.954185,0,0.56754,0.56896,1.328,-0.184,16.140,-1,-1,-1,-1,-1,-1,264.504,767.661,526.494,452.954,463.601,490.275,-1,-1,22.320,-1,1,2,2,2,2,2,2,0,0,0,0,0,0,2,2,1,2
