timestep,x_cm,y_cm,z_cm,yaw_deg,basis_xx,basis_xy,basis_xz,basis_yx,basis_yy,basis_yz,basis_zx,basis_zy,basis_zz,teleport_flag,throttle_cmd,steering_cmd,cmd_move_cm,cmd_turn_deg,lidar_cm_0,lidar_cm_1,lidar_cm_2,lidar_cm_3,lidar_cm_4,lidar_cm_5,lidar_cm_6,lidar_cm_7,lidar_cm_8,lidar_cm_9,lidar_cm_10,lidar_cm_11,lidar_cm_12,lidar_cm_13,lidar_cm_14,lidar_cm_15,lidar_cm_16,lidar_class_0,lidar_class_1,lidar_class_2,lidar_class_3,lidar_class_4,lidar_class_5,lidar_class_6,lidar_class_7,lidar_class_8,lidar_class_9,lidar_class_10,lidar_class_11,lidar_class_12,lidar_class_13,lidar_class_14,lidar_class_15,lidar_class_16
0,-3030.572,-7727.569,105.869,-117.168,-0.456596,0.889673,0.001341,-0.889661,-0.456597,0.004802,0.004885,0.001000,0.999988,0,0.81767,-0.56447,0.365,0.004,-1,640.923,-1,688.994,-1,535.406,545.182,700.958,582.730,-1,-1,-1,-1,-1,-1,-1,-1,2,0,2,0,2,0,0,0,0,2,2,2,2,2,2,2,2
1,-3031.083,-7728.527,106.096,-117.165,-0.456540,0.889700,0.002278,-0.889668,-0.456543,0.007739,0.007926,0.001506,0.999967,0,0.81763,-0.56454,1.086,0.003,-1,649.899,-1,697.908,-1,542.153,551.764,704.352,582.698,-1,-1,-1,-1,-1,-1,-1,-1,2,0,2,0,2,0,0,0,0,2,2,2,2,2,2,2,2
2,-3031.956,-7730.110,105.303,-117.198,-0.457040,0.889429,0.005458,-0.889365,-0.457073,0.010729,0.012037,0.000050,0.999928,0,0.81757,-0.56467,1.808,-0.033,-1,657.369,-1,708.849,-1,548.365,558.537,695.313,584.532,-1,-1,-1,-1,-1,-1,-1,-1,2,0,2,0,2,0,0,0,0,2,2,2,2,2,2,2,2
3,-3033.180,-7732.417,103.703,-117.265,-0.458052,0.888861,0.010705,-0.888773,-0.458163,0.012995,0.016455,-0.003562,0.999858,0,0.81766,-0.56449,2.611,-0.067,-1,661.716,-1,720.572,-1,552.986,564.533,674.398,589.382,-1,-1,-1,-1,-1,-1,-1,-1,2,0,2,0,2,0,0,0,0,2,2,2,2,2,2,2,2
4,-3034.879,-7735.437,101.862,-117.395,-0.460029,0.887764,0.015781,-0.887685,-0.460238,0.014015,0.019705,-0.007562,0.999777,0,0.81787,-0.56405,3.465,-0.129,14.646,662.104,-1,728.712,-1,554.674,567.729,651.852,594.423,-1,-1,-1,-1,-1,-1,11.413,-1,1,0,2,0,2,0,0,0,0,2,2,2,2,2,2,1,2
5,-3037.240,-7738.796,100.202,-117.624,-0.463575,0.885841,0.019574,-0.885824,-0.463847,0.012724,0.020351,-0.011441,0.999727,0,0.81836,-0.56306,4.106,-0.230,18.266,656.401,-1,729.554,-1,551.553,565.996,630.787,599.479,-1,-1,-1,-1,-1,-1,22.393,-1,1,0,2,0,2,0,0,0,0,2,2,2,2,2,2,1,2
6,-3040.197,-7742.553,98.927,-117.893,-0.467738,0.883631,0.020442,-0.883673,-0.467994,0.010132,0.018520,-0.013325,0.999740,0,0.81935,-0.56106,4.781,-0.268,18.278,647.054,-1,722.063,-1,544.685,559.674,617.611,600.213,-1,-1,-1,-1,-1,-1,22.397,-1,1,0,2,0,2,0,0,0,0,2,2,2,2,2,2,1,2
7,-3043.790,-7746.738,98.087,-118.193,-0.472385,0.881202,0.018334,-0.881267,-0.472566,0.007026,0.014856,-0.012838,0.999807,0,0.82052,-0.55869,5.517,-0.300,18.206,636.352,-1,708.217,-1,535.716,550.292,613.340,595.796,-1,-1,-1,-1,-1,-1,22.375,-1,1,0,2,0,2,0,0,0,0,2,2,2,2,2,2,1,2
8,-3048.031,-7751.466,97.628,-118.524,-0.477498,0.878525,0.013760,-0.878570,-0.477592,0.004453,0.010484,-0.009962,0.999895,0,0.82184,-0.55602,6.351,-0.331,18.482,627.151,-1,691.604,-1,526.929,540.176,617.919,586.315,-1,-1,-1,-1,-1,-1,22.461,-1,1,0,2,0,2,0,0,0,0,2,2,2,2,2,2,1,2
9,-3053.039,-7756.607,97.559,-118.903,-0.483318,0.875401,0.008729,-0.875420,-0.483356,0.002794,0.006664,-0.006291,0.999958,0,0.82330,-0.55306,7.178,-0.379,18.685,621.435,-1,677.584,-1,520.604,532.227,626.467,576.402,-1,-1,-1,-1,-1,-1,22.529,-1,1,0,2,0,2,0,0,0,0,2,2,2,2,2,2,1,2
10,-3058.743,-7762.134,97.932,-119.321,-0.489700,0.871877,0.004961,-0.871879,-0.489715,0.002519,0.004626,-0.003091,0.999985,0,0.82500,-0.54962,7.942,-0.418,18.661,621.293,-1,670.680,14.034,518.936,529.050,635.285,569.659,-1,-1,-1,-1,-1,-1,22.520,14.669,1,0,2,0,1,0,0,0,0,2,2,2,2,2,2,1,1
11,-3065.030,-7768.121,98.574,-119.779,-0.496647,0.867948,0.002725,-0.867943,-0.496654,0.003154,0.004091,-0.000799,0.999991,0,0.82689,-0.54580,8.681,-0.457,18.653,625.119,-1,669.693,12.732,520.791,529.641,642.099,566.428,-1,-1,-1,-1,-1,-1,22.518,13.306,1,0,2,0,1,0,0,0,0,2,2,2,2,2,2,1,1
12,-3071.607,-7774.335,99.283,-120.237,-0.503578,0.863949,0.001207,-0.863943,-0.503578,0.003473,0.003609,0.000706,0.999993,0,0.33241,-0.33187,9.048,-0.458,18.569,628.690,-1,669.760,-1,522.604,530.654,646.231,565.443,-1,-1,-1,-1,-1,-1,22.489,-1,1,0,2,0,2,0,0,0,0,2,2,2,2,2,2,1,2
13,-3078.138,-7780.434,99.872,-120.691,-0.510404,0.859935,-0.000488,-0.859933,-0.510401,0.002641,0.002022,0.001768,0.999996,0,0.33324,-0.32768,8.935,-0.454,18.462,628.696,-1,666.816,-1,521.867,529.305,646.533,565.020,-1,-1,-1,-1,-1,-1,22.454,-1,1,0,2,0,2,0,0,0,0,2,2,2,2,2,2,1,2
14,-3084.665,-7786.511,100.204,-121.142,-0.517165,0.855884,-0.001809,-0.855886,-0.517163,0.001516,0.000362,0.002333,0.999997,0,0.33406,-0.32352,8.919,-0.451,18.344,627.374,-1,663.366,-1,520.288,527.299,643.791,564.986,-1,-1,-1,-1,-1,-1,22.417,-1,1,0,2,0,2,0,0,0,0,2,2,2,2,2,2,1,2
15,-3091.206,-7792.635,100.268,-121.587,-0.523789,0.851844,-0.002536,-0.851848,-0.523789,0.000433,-0.000960,0.002387,0.999997,0,0.33488,-0.31939,8.960,-0.444,18.161,625.721,-1,660.517,-1,518.619,525.401,638.271,565.399,-1,-1,-1,-1,-1,-1,22.364,-1,1,0,2,0,2,0,0,0,0,2,2,2,2,2,2,1,2
16,-3097.791,-7798.897,100.071,-122.038,-0.530479,0.847694,-0.002762,-0.847697,-0.530481,-0.000187,-0.001624,0.002242,0.999996,0,0.33569,-0.31534,9.088,-0.451,18.147,624.850,-1,658.917,-1,517.542,524.185,631.054,565.554,-1,-1,-1,-1,-1,-1,22.360,-1,1,0,2,0,2,0,0,0,0,2,2,2,2,2,2,1,2
17,-3104.508,-7805.090,99.732,-122.501,-0.537316,0.843377,-0.002475,-0.843378,-0.537319,-0.000737,-0.001952,0.001691,0.999997,0,0.33650,-0.31123,9.136,-0.463,18.100,624.149,-1,658.176,-1,516.715,523.364,621.870,566.293,-1,-1,-1,-1,-1,-1,22.347,-1,1,0,2,0,2,0,0,0,0,2,2,2,2,2,2,1,2
18,-3111.312,-7811.264,99.340,-122.966,-0.544143,0.838989,-0.002344,-0.838990,-0.544146,-0.000940,-0.002065,0.001455,0.999997,0,0.33734,-0.30699,9.187,-0.465,18.046,624.102,-1,657.590,-1,516.231,522.799,613.541,566.124,-1,-1,-1,-1,-1,-1,22.332,-1,1,0,2,0,2,0,0,0,0,2,2,2,2,2,2,1,2
19,-3118.207,-7817.409,98.976,-123.430,-0.550919,0.834555,-0.002644,-0.834556,-0.550922,-0.000872,-0.002184,0.001726,0.999996,0,0.33819,-0.30272,9.236,-0.464,17.974,624.579,-1,656.641,-1,515.895,522.219,606.961,564.808,-1,-1,-1,-1,-1,-1,22.315,-1,1,0,2,0,2,0,0,0,0,2,2,2,2,2,2,1,2
20,-3125.165,-7823.581,98.642,-123.890,-0.557594,0.830106,-0.003536,-0.830110,-0.557599,-0.000874,-0.002697,0.002447,0.999993,0,0.33903,-0.29846,9.301,-0.460,17.859,624.491,-1,654.275,13.053,514.961,520.850,601.802,562.458,-1,-1,-1,-1,-1,-1,22.287,13.360,1,0,2,0,1,0,0,0,0,2,2,2,2,2,2,1,1
21,-3132.253,-7829.732,98.409,-124.371,-0.564548,0.825389,-0.004417,-0.825393,-0.564557,-0.001256,-0.003530,0.002936,0.999989,0,0.33987,-0.29423,9.385,-0.481,18.115,623.702,-1,651.552,15.752,513.585,519.105,595.927,560.943,-1,-1,-1,-1,-1,-1,22.352,16.233,1,0,2,0,1,0,0,0,0,2,2,2,2,2,2,1,1
22,-3139.503,-7835.700,98.342,-124.880,-0.571853,0.820340,-0.005121,-0.820343,-0.571868,-0.002001,-0.004570,0.003057,0.999985,0,0.34075,-0.28978,9.390,-0.509,18.100,622.088,-1,649.133,16.781,512.011,517.462,589.296,560.801,-1,-1,-1,-1,-1,-1,22.347,17.286,1,0,2,0,1,0,0,0,0,2,2,2,2,2,2,1,1
23,-3146.875,-7841.636,98.383,-125.395,-0.579201,0.815163,-0.005946,-0.815166,-0.579221,-0.002522,-0.005500,0.003387,0.999979,0,0.34169,-0.28502,9.465,-0.515,18.007,621.230,-1,647.167,17.284,510.947,516.256,583.687,560.512,-1,-1,-1,-1,-1,-1,22.323,17.761,1,0,2,0,1,0,0,0,0,2,2,2,2,2,2,1,1
24,-3154.354,-7847.588,98.481,-125.905,-0.586431,0.809969,-0.006980,-0.809976,-0.586458,-0.002560,-0.006167,0.004152,0.999972,0,0.34265,-0.28018,9.558,-0.510,17.907,621.554,-1,645.702,18.169,510.589,515.603,579.683,559.406,-1,-1,-1,-1,-1,-1,22.299,18.620,1,0,2,0,1,0,0,0,0,2,2,2,2,2,2,1,1
25,-3161.872,-7853.668,98.612,-126.385,-0.593191,0.805021,-0.008083,-0.805037,-0.593222,-0.001954,-0.006368,0.005348,0.999965,0,0.34360,-0.27539,9.670,-0.480,17.633,623.462,-1,645.210,20.592,511.236,515.807,577.321,557.487,-1,-1,-1,-1,-1,-1,22.241,20.947,1,0,2,0,1,0,0,0,0,2,2,2,2,2,2,1,1
26,-3169.447,-7859.892,98.729,-126.845,-0.599636,0.800223,-0.008949,-0.800248,-0.599668,-0.001165,-0.006299,0.006463,0.999959,0,0.34449,-0.27092,9.803,-0.460,17.470,625.933,-1,645.481,18.799,512.328,516.483,574.371,555.794,-1,-1,-1,-1,-1,-1,22.215,20.542,1,0,2,0,1,0,0,0,0,2,2,2,2,2,2,1,1
27,-3177.134,-7866.183,98.787,-127.297,-0.605938,0.795457,-0.009309,-0.795488,-0.605969,-0.000660,-0.006167,0.007005,0.999956,0,0.34533,-0.26666,9.933,-0.453,17.542,627.943,-1,646.216,18.691,513.335,517.242,569.191,555.315,-1,-1,-1,-1,-1,-1,22.227,18.967,1,0,2,0,1,0,0,0,0,2,2,2,2,2,2,1,1
28,-3184.960,-7872.343,98.780,-127.769,-0.612472,0.790437,-0.009290,-0.790466,-0.612506,-0.000975,-0.006461,0.006746,0.999956,0,0.34616,-0.26248,9.960,-0.472,17.517,628.066,-1,646.345,15.641,513.280,517.210,562.278,556.459,-1,-1,-1,-1,-1,-1,22.223,15.860,1,0,2,0,1,0,0,0,0,2,2,2,2,2,2,1,1
29,-3192.916,-7878.362,98.696,-128.270,-0.619347,0.785063,-0.009220,-0.785085,-0.619386,-0.001839,-0.007155,0.006099,0.999956,0,0.34703,-0.25808,9.976,-0.500,17.482,626.443,-1,645.565,13.866,512.253,516.404,554.156,558.198,-1,-1,-1,-1,-1,-1,22.217,14.047,1,0,2,0,1,0,0,0,0,2,2,2,2,2,2,1,1
30,-3200.884,-7884.388,98.583,-128.743,-0.625811,0.779915,-0.009645,-0.779934,-0.625857,-0.002553,-0.008028,0.005925,0.999950,0,0.34796,-0.25337,9.990,-0.474,17.358,624.301,-1,643.723,15.693,510.827,515.034,547.414,558.738,-1,-1,-1,-1,-1,-1,22.201,15.844,1,0,2,0,1,0,0,0,0,2,2,2,2,2,2,1,1
31,-3210.488,-7891.773,98.410,-129.284,-0.633144,0.773962,-0.010547,-0.773981,-0.633201,-0.003027,-0.009021,0.006247,0.999940,0,0.34884,-0.24892,12.115,-0.541,17.243,622.168,-1,640.968,16.745,509.131,513.283,540.735,558.052,-1,-1,-1,-1,-1,-1,22.189,17.785,1,0,2,0,1,0,0,0,0,2,2,2,2,2,2,1,1
32,-3216.971,-7896.764,98.282,-129.641,-0.637945,0.770003,-0.011047,-0.770023,-0.638008,-0.003285,-0.009578,0.006411,0.999934,0,0.34984,-0.24388,8.182,-0.357,17.177,620.943,-1,639.408,16.321,508.159,512.291,536.104,557.703,-1,-1,-1,-1,-1,-1,22.184,18.563,1,0,2,0,1,0,0,0,0,2,2,2,2,2,2,1,1
33,-3225.160,-7903.104,98.103,-130.085,-0.643889,0.765033,-0.011465,-0.765052,-0.643959,-0.003542,-0.010093,0.006491,0.999928,0,0.35050,-0.24057,10.356,-0.444,17.036,619.770,-1,637.968,15.566,507.212,511.367,529.910,557.546,-1,-1,-1,-1,-1,-1,22.179,19.106,1,0,2,0,1,0,0,0,0,2,2,2,2,2,2,1,1
34,-3233.342,-7909.680,97.790,-130.507,-0.649512,0.760267,-0.011283,-0.760283,-0.649581,-0.003760,-0.010188,0.006136,0.999929,0,0.35131,-0.23646,10.497,-0.422,16.717,618.900,-1,637.531,14.470,506.632,510.961,522.250,558.079,-1,-1,-1,-1,-1,-1,22.189,19.374,1,0,2,0,1,0,0,0,0,2,2,2,2,2,2,1,1
35,-3241.591,-7916.474,97.439,-130.904,-0.654758,0.755759,-0.010971,-0.755769,-0.654826,-0.004105,-0.010286,0.005604,0.999931,0,0.35208,-0.23260,10.687,-0.397,16.819,617.753,-1,637.138,14.751,505.911,510.473,517.577,558.960,-1,-1,-1,-1,-1,-1,22.182,18.928,1,0,2,0,1,0,0,0,0,2,2,2,2,2,2,1,1
36,-3249.994,-7923.279,97.148,-131.312,-0.660124,0.751072,-0.011294,-0.751077,-0.660198,-0.004643,-0.010944,0.005418,0.999925,0,0.35278,-0.22903,10.813,-0.408,16.954,615.681,-1,635.261,15.216,504.381,509.051,513.784,559.138,-1,-1,-1,-1,-1,-1,22.178,19.526,1,0,2,0,1,0,0,0,0,2,2,2,2,2,2,1,1
37,-3258.625,-7930.030,96.927,-131.742,-0.665734,0.746094,-0.011876,-0.746094,-0.665819,-0.005363,-0.011908,0.005290,0.999915,0,0.35352,-0.22534,10.958,-0.430,17.174,613.078,-1,632.799,16.288,502.489,507.246,510.248,559.351,-1,-1,-1,-1,-1,-1,22.184,20.138,1,0,2,0,1,0,0,0,0,2,2,2,2,2,2,1,1
38,-3267.494,-7936.634,96.806,-132.204,-0.671712,0.740708,-0.012420,-0.740697,-0.671809,-0.006388,-0.013076,0.004909,0.999902,0,0.35430,-0.22141,11.058,-0.462,17.358,609.924,-1,630.372,17.650,500.502,505.384,506.382,560.428,-1,-1,-1,-1,-1,-1,22.201,20.181,1,0,2,0,1,0,0,0,0,2,2,2,2,2,2,1,1
39,-3276.485,-7943.071,96.860,-132.677,-0.677792,0.735136,-0.013130,-0.735112,-0.677904,-0.007502,-0.014416,0.004567,0.999886,0,0.35515,-0.21712,11.058,-0.473,17.329,606.908,-1,628.017,17.388,498.635,503.627,503.107,561.924,-1,-1,-1,-1,-1,-1,22.199,20.195,1,0,2,0,1,0,0,0,0,2,2,2,2,2,2,1,1
40,-3285.761,-7949.438,97.003,-133.184,-0.684258,0.729113,-0.013568,-0.729081,-0.684379,-0.008117,-0.015204,0.004339,0.999875,0,0.61165,-0.24943,11.251,-0.507,17.921,605.600,-1,627.268,16.883,497.954,503.075,500.325,563.482,-1,-1,-1,-1,-1,-1,22.302,17.310,1,0,2,0,1,0,0,0,0,2,2,2,2,2,2,1,1
41,-3295.491,-7955.731,97.086,-133.746,-0.691375,0.722369,-0.013580,-0.722331,-0.691496,-0.008388,-0.015450,0.004010,0.999873,0,0.61329,-0.24462,11.587,-0.562,18.152,605.391,-1,627.440,-1,498.130,503.426,497.076,565.137,-1,-1,-1,-1,-1,-1,22.361,-1,1,0,2,0,2,0,0,0,0,2,2,2,2,2,2,1,2
42,-3307.725,-7962.992,97.015,-134.529,-0.701177,0.712857,-0.013630,-0.712807,-0.701302,-0.009091,-0.016039,0.003341,0.999866,0,0.61513,-0.23921,14.227,-0.783,18.688,603.998,-1,626.727,-1,497.462,503.090,494.417,567.116,-1,-1,-1,-1,-1,-1,22.531,-1,1,0,2,0,2,0,0,0,0,2,2,2,2,2,2,1,2
43,-3316.181,-7967.687,96.841,-135.080,-0.707992,0.706085,-0.013817,-0.706029,-0.708120,-0.009416,-0.016433,0.003089,0.999860,0,0.61774,-0.23154,9.671,-0.551,18.631,602.896,-1,625.794,-1,496.784,502.567,493.396,567.549,-1,-1,-1,-1,-1,-1,22.510,-1,1,0,2,0,2,0,0,0,0,2,2,2,2,2,2,1,2
44,-3327.027,-7973.315,96.568,-135.770,-0.716445,0.697503,-0.013972,-0.697442,-0.716576,-0.009655,-0.016746,0.002827,0.999856,0,0.61959,-0.22610,12.220,-0.690,18.657,601.775,-1,624.980,-1,496.152,502.109,492.107,567.828,-1,-1,-1,-1,-1,-1,22.519,-1,1,0,2,0,2,0,0,0,0,2,2,2,2,2,2,1,2
45,-3338.067,-7978.663,96.219,-136.426,-0.724375,0.689250,-0.014712,-0.689193,-0.724516,-0.009401,-0.017139,0.003330,0.999848,0,0.62194,-0.21921,12.267,-0.656,18.646,600.722,-1,623.161,-1,495.343,501.191,492.085,566.110,-1,-1,-1,-1,-1,-1,22.516,-1,1,0,2,0,2,0,0,0,0,2,2,2,2,2,2,1,2
46,-3349.267,-7983.695,95.825,-137.060,-0.731950,0.681174,-0.015862,-0.681129,-0.732109,-0.008911,-0.017683,0.004282,0.999834,0,0.62418,-0.21261,12.278,-0.634,18.652,599.525,-1,620.512,12.968,494.310,499.839,492.820,563.221,-1,-1,-1,-1,-1,-1,22.518,13.553,1,0,2,0,1,0,0,0,0,2,2,2,2,2,2,1,1
47,-3360.531,-7988.268,95.458,-137.659,-0.739017,0.673466,-0.017281,-0.673430,-0.739200,-0.008679,-0.018619,0.005224,0.999813,0,0.62638,-0.20616,12.158,-0.599,18.666,597.493,-1,617.009,17.152,492.550,497.812,493.620,560.452,-1,-1,-1,-1,-1,-1,22.522,17.931,1,0,2,0,1,0,0,0,0,2,2,2,2,2,2,1,1
48,-3371.417,-7992.421,95.206,-138.231,-0.745681,0.665996,-0.020209,-0.665989,-0.745918,-0.008084,-0.020458,0.007431,0.999763,0,0.62848,-0.19998,11.651,-0.572,18.402,594.708,-1,610.734,22.111,489.677,494.163,497.085,554.997,-1,-1,-1,-1,-1,-1,22.435,22.960,1,0,2,0,1,0,0,0,0,2,2,2,2,2,2,1,1
49,-3381.929,-7996.911,95.060,-138.808,-0.752329,0.658365,-0.023600,-0.658429,-0.752618,-0.006043,-0.021740,0.010993,0.999703,0,0.63051,-0.19403,11.431,-0.577,18.083,594.492,-1,605.108,26.391,488.242,491.494,503.949,546.905,-1,-1,-1,-1,-1,-1,22.342,27.175,1,0,2,0,1,0,0,0,0,2,2,2,2,2,2,1,1
50,-3392.506,-8001.890,94.978,-139.355,-0.758582,0.651102,-0.024894,-0.651225,-0.758875,-0.003897,-0.021429,0.013255,0.999682,0,0.63252,-0.18812,11.690,-0.547,17.926,597.159,-1,604.068,28.050,489.485,491.941,509.068,542.308,-1,-1,-1,-1,-1,-1,22.302,28.761,1,0,2,0,1,0,0,0,0,2,2,2,2,2,2,1,1
51,-3403.212,-8007.140,94.948,-139.919,-0.764978,0.643602,-0.024202,-0.643730,-0.765247,-0.003122,-0.020530,0.013192,0.999702,0,0.63440,-0.18258,11.925,-0.565,18.136,599.540,-1,606.245,25.683,491.490,493.941,510.007,543.128,-1,-1,-1,-1,-1,-1,22.356,26.482,1,0,2,0,1,0,0,0,0,2,2,2,2,2,2,1,1
52,-3414.069,-8012.305,94.905,-140.536,-0.771864,0.635394,-0.022356,-0.635467,-0.772114,-0.004624,-0.020199,0.010638,0.999739,0,0.63634,-0.17690,12.023,-0.616,18.274,598.756,-1,608.947,21.043,492.133,495.386,506.268,549.336,-1,-1,-1,-1,-1,-1,22.395,21.778,1,0,2,0,1,0,0,0,0,2,2,2,2,2,2,1,1
53,-3425.066,-8017.340,94.782,-141.178,-0.778934,0.626770,-0.020540,-0.626769,-0.779171,-0.007276,-0.020565,0.007206,0.999763,0,0.63846,-0.17068,12.095,-0.642,18.237,595.512,-1,610.438,15.040,491.280,495.644,500.716,557.271,-1,-1,-1,-1,-1,-1,22.385,15.550,1,0,2,0,1,0,0,0,0,2,2,2,2,2,2,1,1
54,-3436.232,-8022.355,94.541,-141.813,-0.785824,0.618145,-0.019396,-0.618088,-0.786051,-0.009537,-0.021141,0.004494,0.999766,0,0.64068,-0.16416,12.240,-0.635,18.292,592.156,-1,610.579,-1,489.729,495.206,496.274,563.306,-1,-1,-1,-1,-1,-1,22.401,-1,1,0,2,0,2,0,0,0,0,2,2,2,2,2,2,1,2
55,-3447.612,-8027.096,94.207,-142.478,-0.792929,0.609021,-0.018872,-0.608916,-0.793150,-0.011553,-0.022005,0.002330,0.999755,0,0.64288,-0.15769,12.329,-0.665,18.690,588.351,-1,609.414,-1,487.598,493.609,492.697,567.781,-1,-1,-1,-1,-1,-1,22.531,-1,1,0,2,0,2,0,0,0,0,2,2,2,2,2,2,1,2
56,-3458.917,-8031.136,93.861,-143.162,-0.800108,0.599531,-0.019743,-0.599384,-0.800351,-0.013330,-0.023793,0.001168,0.999716,0,0.64520,-0.15086,12.005,-0.684,18.460,583.189,-1,605.326,-1,484.056,490.278,491.279,569.713,-1,-1,-1,-1,-1,-1,22.454,-1,1,0,2,0,2,0,0,0,0,2,2,2,2,2,2,1,2
57,-3470.248,-8035.091,93.489,-143.818,-0.806896,0.590305,-0.021432,-0.590168,-0.807177,-0.012926,-0.024930,0.002218,0.999687,0,0.64763,-0.14373,12.001,-0.656,18.684,580.757,-1,601.045,13.650,481.944,487.632,493.859,566.482,-1,-1,-1,-1,-1,-1,22.530,14.277,1,0,2,0,1,0,0,0,0,2,2,2,2,2,2,1,1
58,-3481.688,-8038.777,93.135,-144.487,-0.813720,0.580804,-0.022937,-0.580702,-0.814034,-0.011569,-0.025391,0.003906,0.999670,0,0.64997,-0.13685,12.020,-0.669,18.660,580.339,-1,597.929,17.462,481.197,486.091,497.798,561.922,-1,-1,-1,-1,-1,-1,22.521,18.253,1,0,2,0,1,0,0,0,0,2,2,2,2,2,2,1,1
59,-3493.195,-8042.364,92.812,-145.131,-0.820203,0.571563,-0.024138,-0.571520,-0.820535,-0.009352,-0.025151,0.006125,0.999665,0,0.65237,-0.12980,12.053,-0.644,18.434,582.058,-1,596.116,20.513,481.872,485.734,502.865,556.423,-1,-1,-1,-1,-1,-1,22.445,21.318,1,0,2,0,1,0,0,0,0,2,2,2,2,2,2,1,1
60,-3504.789,-8046.275,92.470,-145.730,-0.826149,0.562903,-0.024848,-0.562931,-0.826478,-0.006534,-0.024215,0.008590,0.999670,0,0.65470,-0.12296,12.236,-0.599,17.963,585.480,-1,595.639,22.794,483.645,486.499,508.457,550.565,-1,-1,-1,-1,-1,-1,22.312,23.396,1,0,2,0,1,0,0,0,0,2,2,2,2,2,2,1,1
61,-3516.650,-8050.602,92.187,-146.318,-0.831915,0.554368,-0.024384,-0.554440,-0.832213,-0.004328,-0.022692,0.009918,0.999693,0,0.65686,-0.11662,12.626,-0.588,18.167,589.605,-1,597.462,22.704,485.951,488.574,512.146,547.626,-1,-1,-1,-1,-1,-1,22.366,23.428,1,0,2,0,1,0,0,0,0,2,2,2,2,2,2,1,1
62,-3528.746,-8054.753,91.975,-146.978,-0.838260,0.544772,-0.023319,-0.544823,-0.838538,-0.004664,-0.022095,0.008795,0.999717,0,0.65896,-0.11043,12.788,-0.660,18.790,590.047,-1,599.127,18.662,486.491,489.549,511.327,550.166,-1,-1,-1,-1,-1,-1,22.567,19.571,1,0,2,0,1,0,0,0,0,2,2,2,2,2,2,1,1
63,-3540.741,-8058.309,91.840,-147.690,-0.844937,0.534366,-0.023141,-0.534359,-0.845229,-0.007003,-0.023301,0.006449,0.999708,0,0.66133,-0.10347,12.511,-0.711,18.472,585.350,-1,597.729,15.687,483.992,487.736,508.497,555.240,-1,-1,-1,-1,-1,-1,22.457,16.318,1,0,2,0,1,0,0,0,0,2,2,2,2,2,2,1,1
64,-3552.911,-8062.038,91.619,-148.358,-0.851099,0.524489,-0.023284,-0.524456,-0.851400,-0.008002,-0.024021,0.005401,0.999697,0,0.75539,0.11921,12.728,-0.668,18.659,582.491,-1,596.257,13.543,482.389,486.317,507.960,557.168,-1,-1,-1,-1,-1,-1,22.520,14.156,1,0,2,0,1,0,0,0,0,2,2,2,2,2,2,1,1
65,-3565.287,-8065.322,91.379,-149.075,-0.857573,0.513838,-0.023198,-0.513765,-0.857879,-0.009475,-0.024769,0.003793,0.999686,0,0.75816,0.12635,12.804,-0.716,18.657,579.283,-1,595.109,9.671,480.701,484.990,506.420,560.231,-1,-1,-1,-1,1007.331,-1,22.520,10.109,1,0,2,0,1,0,0,0,0,2,2,2,2,0,2,1,1
66,-3577.759,-8068.339,91.092,-149.799,-0.863986,0.502968,-0.023474,-0.502879,-0.864299,-0.009967,-0.025301,0.003193,0.999675,0,0.76114,0.13406,12.832,-0.724,18.654,577.158,-1,593.652,-1,479.460,483.809,506.817,560.929,-1,-1,-1,-1,1002.517,-1,22.518,-1,1,0,2,0,2,0,0,0,0,2,2,2,2,0,2,1,2
67,-3590.360,-8071.102,90.747,-150.524,-0.870286,0.491975,-0.023727,-0.491898,-0.870602,-0.009376,-0.025269,0.003512,0.999674,0,0.76418,0.14190,12.900,-0.726,18.651,576.773,-1,592.691,9.911,479.044,483.308,508.937,559.469,-1,-1,-1,-1,1002.083,-1,22.518,10.358,1,0,2,0,1,0,0,0,0,2,2,2,2,0,2,1,1
68,-3603.189,-8074.010,90.308,-151.206,-0.876101,0.481538,-0.023845,-0.481512,-0.876410,-0.007194,-0.024362,0.005179,0.999690,0,0.76725,0.14983,13.155,-0.682,17.674,578.874,-1,592.387,14.711,479.880,483.805,513.472,554.941,-1,-1,-1,-1,-1,-1,22.249,14.983,1,0,2,0,1,0,0,0,0,2,2,2,2,2,2,1,1
69,-3616.475,-8077.442,89.829,-151.836,-0.881375,0.471840,-0.023337,-0.471885,-0.881651,-0.003862,-0.022398,0.007609,0.999720,0,0.77015,0.15732,13.721,-0.629,18.019,583.416,-1,593.815,15.972,482.523,485.781,519.517,548.908,-1,-1,-1,-1,-1,-1,22.325,16.416,1,0,2,0,1,0,0,0,0,2,2,2,2,2,2,1,1
70,-3629.952,-8080.464,89.495,-152.538,-0.887106,0.460993,-0.022973,-0.461047,-0.887370,-0.003221,-0.021871,0.007735,0.999731,0,0.77283,0.16424,13.813,-0.703,17.975,583.696,-1,594.036,15.619,482.834,486.038,521.411,548.094,-1,-1,-1,-1,-1,-1,22.315,16.037,1,0,2,0,1,0,0,0,0,2,2,2,2,2,2,1,1
71,-3643.642,-8083.705,89.212,-153.222,-0.892541,0.450379,-0.023003,-0.450430,-0.892806,-0.003189,-0.021974,0.007515,0.999730,0,0.77320,0.17199,14.068,-0.684,18.743,582.455,-1,592.834,14.282,482.129,485.440,522.552,548.144,-1,-1,-1,-1,-1,-1,22.550,14.962,1,0,2,0,1,0,0,0,0,2,2,2,2,2,2,1,1
72,-3657.428,-8086.304,88.979,-154.015,-0.898660,0.438032,-0.023181,-0.438021,-0.898946,-0.005843,-0.023398,0.004903,0.999714,0,0.77028,0.17953,14.029,-0.793,18.677,576.830,-1,590.366,9.301,479.025,483.233,519.026,553.233,-1,-1,-1,-1,1007.374,-1,22.527,9.726,1,0,2,0,1,0,0,0,0,2,2,2,2,0,2,1,1
73,-3671.157,-8088.552,88.775,-154.814,-0.904640,0.425491,-0.024168,-0.425430,-0.904957,-0.007894,-0.025230,0.003140,0.999677,0,0.76688,0.18831,13.912,-0.799,18.658,571.133,-1,585.994,9.231,475.473,480.157,517.250,556.512,-1,-1,-1,-1,994.072,-1,22.520,9.648,1,0,2,0,1,0,0,0,0,2,2,2,2,0,2,1,1
74,-3684.968,-8090.324,88.554,-155.666,-0.910841,0.412002,-0.024970,-0.411910,-0.911180,-0.008969,-0.026448,0.002116,0.999648,0,0.76343,0.19720,13.924,-0.852,18.522,567.321,-1,582.507,8.891,473.033,477.960,516.156,558.138,-1,-1,-1,-1,985.707,-1,22.473,9.261,1,0,2,0,1,0,0,0,0,2,2,2,2,0,2,1,1
75,-3699.132,-8092.191,88.194,-156.486,-0.916656,0.398889,-0.025087,-0.398835,-0.916993,-0.007337,-0.025931,0.003280,0.999658,0,0.75974,0.20674,14.287,-0.820,18.677,568.218,-1,581.186,8.520,473.473,477.925,519.303,554.827,-1,-1,-1,-1,989.541,-1,22.527,8.910,1,0,2,0,1,0,0,0,0,2,2,2,2,0,2,1,1
76,-3713.467,-8093.485,87.810,-157.367,-0.922697,0.384735,-0.024691,-0.384704,-0.923019,-0.006194,-0.025174,0.003784,0.999676,0,0.75616,0.21598,14.394,-0.881,18.483,569.197,-1,580.738,9.539,474.186,478.352,521.161,552.862,-1,-1,-1,-1,993.419,-1,22.462,9.927,1,0,2,0,1,0,0,0,0,2,2,2,2,0,2,1,1
77,-3728.038,-8095.022,87.354,-158.163,-0.927983,0.371831,-0.024268,-0.371863,-0.928281,-0.003350,-0.023773,0.005916,0.999700,0,0.75230,0.22595,14.652,-0.796,18.163,572.544,-1,580.311,15.254,476.027,479.440,526.196,547.385,-1,-1,-1,-1,1003.101,-1,22.364,15.740,1,0,2,0,1,0,0,0,0,2,2,2,2,0,2,1,1
78,-3742.865,-8096.513,86.915,-158.965,-0.933124,0.358776,-0.023641,-0.358843,-0.933397,-0.001503,-0.022605,0.007081,0.999719,0,0.74877,0.23507,14.902,-0.802,18.701,574.883,-1,579.710,15.684,477.428,480.347,529.210,544.068,-1,-1,-1,-1,-1,-1,22.535,16.412,1,0,2,0,1,0,0,0,0,2,2,2,2,2,2,1,1
79,-3757.578,-8097.414,86.551,-159.834,-0.938449,0.344608,-0.023635,-0.344657,-0.938726,-0.002103,-0.022912,0.006173,0.999718,0,0.74520,0.24429,14.740,-0.868,18.700,572.802,-1,577.363,15.773,476.291,479.291,527.098,545.114,-1,-1,-1,-1,1005.310,1006.867,22.535,16.505,1,0,2,0,1,0,0,0,0,2,2,2,2,0,0,1,1
80,-3772.258,-8098.137,86.208,-160.694,-0.943506,0.330489,-0.023933,-0.330518,-0.943795,-0.002809,-0.023517,0.005260,0.999710,0,0.74133,0.25429,14.698,-0.861,18.142,570.093,-1,574.425,16.941,474.667,477.708,525.019,546.200,-1,-1,-1,-1,998.373,998.386,22.359,17.471,1,0,2,0,1,0,0,0,0,2,2,2,2,0,0,1,1
81,-3787.273,-8099.058,85.817,-161.528,-0.948226,0.316719,-0.023581,-0.316750,-0.948506,-0.002491,-0.023156,0.005108,0.999719,0,0.73747,0.26425,15.043,-0.834,18.688,570.008,-1,572.972,16.616,474.641,477.501,524.513,545.699,-1,-1,-1,-1,997.708,992.594,22.531,17.382,1,0,2,0,1,0,0,0,0,2,2,2,2,0,0,1,1
82,-3802.327,-8099.326,85.477,-162.464,-0.953273,0.301233,-0.022991,-0.301228,-0.953545,-0.003774,-0.023059,0.003328,0.999729,0,0.73371,0.27396,15.056,-0.935,18.063,568.525,-1,571.426,16.729,474.165,477.276,520.792,548.638,-1,-1,-1,-1,993.164,987.643,22.337,17.217,1,0,2,0,1,0,0,0,0,2,2,2,2,0,0,1,1
83,-3817.787,-8099.904,85.129,-163.308,-0.957633,0.287164,-0.021818,-0.287167,-0.957876,-0.003075,-0.021782,0.003320,0.999757,0,0.80414,0.48680,15.471,-0.844,17.602,570.694,-1,571.404,18.417,475.912,478.712,520.662,548.040,-1,-1,-1,-1,997.836,986.284,22.236,18.720,1,0,2,0,1,0,0,0,0,2,2,2,2,0,0,1,1
84,-3833.692,-8100.643,84.881,-164.080,-0.961453,0.274225,-0.020218,-0.274245,-0.961658,-0.001855,-0.019951,0.003761,0.999794,0,0.79989,0.49674,15.922,-0.772,17.493,574.583,-1,572.660,18.539,478.846,481.141,521.673,546.947,-1,-1,-1,-1,1005.998,987.866,22.218,18.787,1,0,2,0,1,0,0,0,0,2,2,2,2,0,0,1,1
85,-3849.885,-8101.168,84.707,-164.872,-0.965178,0.260913,-0.018875,-0.260931,-0.965356,-0.001539,-0.018623,0.003440,0.999821,0,0.79594,0.50600,16.202,-0.792,17.986,577.084,-1,573.478,16.327,480.956,482.590,521.276,547.628,-1,-1,-1,-1,-1,988.294,22.317,16.769,1,0,2,0,1,0,0,0,0,2,2,2,2,2,0,1,1
86,-3866.374,-8101.433,84.495,-165.716,-0.968928,0.246685,-0.018034,-0.246690,-0.969092,-0.002015,-0.017973,0.002496,0.999835,0,0.79186,0.51555,16.490,-0.844,17.896,577.628,-1,572.599,13.528,481.826,482.762,519.425,549.408,-1,-1,-1,-1,-1,985.653,22.295,13.861,1,0,2,0,1,0,0,0,0,2,2,2,2,2,0,1,1
87,-3883.145,-8101.274,84.264,-166.614,-0.972675,0.231503,-0.017599,-0.231480,-0.972834,-0.003372,-0.017901,0.000794,0.999839,0,0.78753,0.52571,16.772,-0.898,18.836,576.411,-1,570.599,12.622,481.619,481.863,515.956,551.996,-1,-1,-1,-1,1004.575,980.769,22.584,13.254,1,0,2,0,1,0,0,0,0,2,2,2,2,0,0,1,1
88,-3899.948,-8100.630,84.016,-167.534,-0.976263,0.215868,-0.017629,-0.215819,-0.976422,-0.004646,-0.018217,-0.000731,0.999834,0,0.78290,0.53654,16.815,-0.921,17.629,574.667,-1,567.531,16.365,480.368,479.793,512.781,554.129,-1,-1,-1,-1,997.644,973.281,22.241,16.646,1,0,2,0,1,0,0,0,0,2,2,2,2,0,0,1,1
89,-3917.195,-8099.947,83.683,-168.397,-0.979420,0.201137,-0.016753,-0.201094,-0.979563,-0.004260,-0.017268,-0.000803,0.999851,0,0.77813,0.54772,17.261,-0.863,17.747,576.164,-1,566.062,17.585,481.294,479.532,512.461,553.057,-1,-1,-1,-1,999.568,969.794,22.264,17.943,1,0,2,0,1,0,0,0,0,2,2,2,2,0,0,1,1
90,-3934.750,-8099.122,83.342,-169.242,-0.982302,0.186662,-0.015470,-0.186642,-0.982424,-0.002733,-0.015708,0.000203,0.999877,0,0.77357,0.55840,17.575,-0.844,16.843,579.555,-1,564.954,14.810,483.294,480.164,514.366,549.737,-1,-1,-1,-1,1006.553,967.603,22.182,22.200,1,0,2,0,1,0,0,0,0,2,2,2,2,0,0,1,1
91,-3952.934,-8098.755,82.962,-169.960,-0.984603,0.174288,-0.013466,-0.174313,-0.984690,0.000735,-0.013132,0.003071,0.999909,0,0.76906,0.56898,18.187,-0.719,17.137,586.432,-1,564.789,16.076,487.088,482.080,519.887,542.514,-1,-1,-1,-1,-1,968.010,22.182,24.119,1,0,2,0,1,0,0,0,0,2,2,2,2,2,0,1,1
92,-3971.409,-8097.984,82.698,-170.773,-0.986994,0.160306,-0.011992,-0.160328,-0.987063,0.000902,-0.011693,0.002813,0.999928,0,0.76507,0.57831,18.492,-0.813,17.403,589.096,-1,564.338,18.071,488.701,482.453,519.440,542.023,-1,-1,-1,-1,-1,967.775,22.207,24.879,1,0,2,0,1,0,0,0,0,2,2,2,2,2,0,1,1
93,-3990.125,-8096.878,82.583,-171.623,-0.989273,0.145683,-0.010771,-0.145684,-0.989331,-0.000723,-0.010762,0.000854,0.999942,0,0.76063,0.58872,18.748,-0.849,17.003,589.619,-1,564.196,15.407,489.411,482.506,516.015,545.427,-1,-1,-1,-1,-1,968.201,22.179,25.866,1,0,2,0,1,0,0,0,0,2,2,2,2,2,0,1,1
94,-4009.225,-8095.792,82.538,-172.416,-0.991207,0.131984,-0.009475,-0.131975,-0.991252,-0.001638,-0.009608,-0.000373,0.999954,0,0.75598,0.59961,19.130,-0.793,16.660,590.657,-1,564.105,14.318,490.758,483.028,514.282,547.649,-1,-1,-1,-1,-1,969.111,22.196,26.006,1,0,2,0,1,0,0,0,0,2,2,2,2,2,0,1,1
95,-4028.830,-8094.945,82.525,-173.106,-0.992740,0.120036,-0.007639,-0.120026,-0.992769,-0.001791,-0.007799,-0.000861,0.999969,0,0.75154,0.61002,19.623,-0.690,16.217,593.580,-1,565.034,13.614,493.268,484.062,514.078,548.438,-1,-1,-1,-1,-1,972.842,22.292,28.399,1,0,2,0,1,0,0,0,0,2,2,2,2,2,0,1,1
96,-4048.939,-8094.345,82.537,-173.712,-0.993968,0.109523,-0.005716,-0.109518,-0.993984,-0.001208,-0.005814,-0.000574,0.999983,0,0.74752,0.61944,20.118,-0.606,15.870,597.399,-1,566.041,13.362,495.688,485.256,515.299,547.632,-1,-1,-1,-1,-1,976.645,22.446,28.375,1,0,2,0,1,0,0,0,0,2,2,2,2,2,0,1,1
97,-4069.608,-8093.880,82.485,-174.266,-0.994990,0.099916,-0.003517,-0.099914,-0.994996,-0.000714,-0.003570,-0.000359,0.999994,0,0.74383,0.62806,20.674,-0.553,9.646,601.563,-1,567.528,13.268,498.341,486.826,516.234,546.799,-1,-1,-1,-1,-1,981.904,8.046,28.935,1,0,2,0,1,0,0,0,0,2,2,2,2,2,0,1,1
98,-4090.825,-8093.653,82.395,-174.727,-0.995767,0.091900,-0.001249,-0.091900,-0.995768,0.000386,-0.001209,0.000499,0.999999,0,0.74034,0.63624,21.219,-0.461,12.919,605.618,-1,568.830,13.306,501.218,488.546,518.329,544.471,-1,-1,-1,-1,-1,986.942,10.944,30.421,1,0,2,0,1,0,0,0,0,2,2,2,2,2,0,1,1
99,-4112.560,-8093.767,82.294,-175.103,-0.996349,0.085367,0.000603,-0.085366,-0.996349,0.001382,0.000719,0.001325,0.999999,0,0.73722,0.64356,21.735,-0.376,-1,608.564,-1,569.335,13.397,503.277,489.393,520.223,541.018,-1,-1,-1,-1,-1,989.969,-1,32.419,2,0,2,0,1,0,0,0,0,2,2,2,2,2,0,2,1
100,-4139.070,-8094.083,82.557,-175.444,-0.996825,0.079459,0.005144,-0.079435,-0.996829,0.004670,0.005499,0.004246,0.999976,0,0.84720,0.33877,26.512,-0.341,14.936,620.140,-1,575.121,13.368,510.518,495.218,527.003,533.481,-1,-1,-1,-1,-1,1006.043,23.475,33.356,1,0,2,0,1,0,0,0,0,2,2,2,2,2,0,1,1
101,-4156.758,-8093.853,83.676,-175.701,-0.997099,0.075078,0.012500,-0.074956,-0.997137,0.010015,0.013216,0.009049,0.999872,0,0.84387,0.34554,17.689,-0.257,15.178,643.540,-1,589.373,13.295,526.001,508.703,540.628,525.869,-1,-1,-1,-1,-1,-1,23.089,29.553,1,0,2,0,1,0,0,0,0,2,2,2,2,2,2,1,1
102,-4179.247,-8092.865,85.856,-176.149,-0.997408,0.067561,0.024741,-0.067142,-0.997592,0.017361,0.025854,0.015655,0.999543,0,0.84144,0.35048,22.510,-0.448,15.456,684.734,-1,615.924,-1,553.490,533.108,562.090,518.047,-1,-1,-1,-1,-1,-1,22.762,-1,1,0,2,0,2,0,0,0,0,2,2,2,2,2,2,1,2
103,-4202.046,-8091.172,88.345,-176.750,-0.997701,0.057415,0.036004,-0.056648,-0.998152,0.021990,0.037200,0.019900,0.999110,0,0.83766,0.35815,22.862,-0.602,15.121,724.417,-1,642.844,-1,579.579,556.927,579.830,516.110,-1,-1,-1,-1,-1,-1,23.167,-1,1,0,2,0,2,0,0,0,0,2,2,2,2,2,2,1,2
104,-4225.215,-8089.989,90.558,-177.202,-0.997793,0.049847,0.043859,-0.048770,-0.998490,0.025289,0.045053,0.023094,0.998718,0,0.83301,0.36759,23.199,-0.451,-1,754.461,-1,662.506,-1,598.909,574.478,593.750,514.927,-1,-1,-1,-1,991.179,-1,-1,-1,2,0,2,0,2,0,0,0,0,2,2,2,2,1,2,2,2
105,-4248.704,-8090.024,92.263,-177.363,-0.997707,0.047338,0.048381,-0.045957,-0.998514,0.029273,0.049695,0.026982,0.998400,0,0.82910,0.37553,23.488,-0.161,-1,774.910,-1,673.226,-1,611.328,585.136,607.621,510.086,-1,-1,-1,-1,971.996,-1,-1,-1,2,0,2,0,2,0,0,0,0,2,2,2,2,1,2,2,2
106,-4272.341,-8091.567,93.331,-177.155,-0.997452,0.051300,0.049567,-0.049571,-0.998139,0.035509,0.051296,0.032961,0.998139,0,0.82669,0.38042,23.688,0.208,-1,786.194,-1,673.671,-1,616.940,588.554,624.664,498.230,-1,-1,-1,-1,947.824,-1,-1,-1,2,0,2,0,2,0,0,0,0,2,2,2,2,1,2,2,2
107,-4295.895,-8094.384,93.864,-176.683,-0.997137,0.059723,0.046374,-0.057792,-0.997448,0.041921,0.048759,0.039121,0.998044,0,0.82622,0.38139,23.721,0.472,-1,782.927,-1,662.646,-1,612.854,582.618,640.207,484.205,-1,-1,-1,-1,921.687,-1,-1,-1,2,0,2,0,2,0,0,0,0,2,2,2,2,1,2,2,2
108,-4319.489,-8098.265,93.773,-176.034,-0.996681,0.071039,0.039763,-0.069101,-0.996447,0.048155,0.043043,0.045248,0.998048,0,0.82715,0.37950,23.911,0.649,-1,767.808,-1,642.891,-1,600.601,569.169,653.562,468.501,-1,-1,-1,-1,894.600,-1,-1,-1,2,0,2,0,2,0,0,0,0,2,2,2,2,1,2,2,2
109,-4343.119,-8103.159,93.244,-175.239,-0.995919,0.084665,0.031256,-0.082951,-0.995165,0.052582,0.035557,0.049775,0.998127,0,0.82903,0.37567,24.131,0.795,-1,744.799,-1,620.115,16.331,582.828,552.117,661.666,454.269,-1,-1,-1,-1,866.643,-1,-1,22.257,2,0,2,0,1,0,0,0,0,2,2,2,2,1,2,2,1
110,-4366.812,-8109.282,92.579,-174.303,-0.994646,0.100614,0.023567,-0.099227,-0.993594,0.054083,0.028858,0.051455,0.998258,0,0.83171,0.37023,24.471,0.936,-1,721.602,-1,602.065,16.617,566.336,537.577,662.152,444.258,-1,-1,-1,-1,844.690,-1,-1,22.201,2,0,2,0,1,0,0,0,0,2,2,2,2,1,2,2,1
111,-4390.560,-8116.614,91.945,-173.269,-0.992816,0.118249,0.018274,-0.117178,-0.991776,0.051482,0.024211,0.048970,0.998507,0,0.83518,0.36319,24.855,1.034,-1,701.034,-1,592.315,16.415,553.526,527.522,652.136,441.469,-1,-1,-1,-1,827.569,-1,-1,22.235,2,0,2,0,1,0,0,0,0,2,2,2,2,1,2,2,1
112,-4414.655,-8124.758,91.156,-172.269,-0.990669,0.135320,0.016228,-0.134492,-0.989921,0.044359,0.022067,0.041762,0.998884,0,0.83923,0.35496,25.434,1.000,-1,683.184,-1,591.003,16.243,544.404,522.642,630.281,446.414,-1,-1,-1,-1,810.471,-1,-1,22.282,2,0,2,0,1,0,0,0,0,2,2,2,2,1,2,2,1
113,-4439.146,-8133.568,90.021,-171.316,-0.988291,0.151584,0.017440,-0.150944,-0.987974,0.033513,0.022311,0.030488,0.999286,0,0.84315,0.34700,26.028,0.953,-1,667.592,-1,596.896,16.453,538.256,522.028,599.119,457.678,-1,-1,-1,-1,-1,-1,-1,22.229,2,0,2,0,1,0,0,0,0,2,2,2,2,2,2,2,1
114,-4463.884,-8143.241,88.345,-170.334,-0.985516,0.168285,0.020928,-0.167847,-0.985585,0.021197,0.024194,0.017378,0.999556,0,0.84685,0.33948,26.562,0.982,-1,653.428,845.539,606.693,16.736,533.418,523.650,563.762,471.644,-1,-1,-1,-1,-1,-1,-1,22.187,2,0,1,0,1,0,0,0,0,2,2,2,2,2,2,2,1
115,-4488.646,-8153.870,86.208,-169.271,-0.982178,0.186261,0.025158,-0.186102,-0.982493,0.008563,0.026312,0.003728,0.999647,0,0.85075,0.33158,26.946,1.064,-1,638.345,811.958,616.721,16.639,526.997,524.983,528.308,486.432,-1,-1,-1,-1,-1,-1,-1,22.198,2,0,1,0,1,0,0,0,0,2,2,2,2,2,2,2,1
116,-4513.351,-8164.792,84.003,-168.208,-0.978609,0.204129,0.025597,-0.204292,-0.978902,-0.003882,0.024264,-0.009028,0.999665,0,0.59096,0.12915,27.011,1.062,-1,614.054,776.332,616.314,16.222,512.976,516.706,496.436,499.648,-1,-1,-1,-1,-1,-1,-1,22.290,2,0,1,0,1,0,0,0,0,2,2,2,2,2,2,2,1
117,-4538.325,-8175.107,82.249,-167.367,-0.975601,0.218267,0.023695,-0.218664,-0.975675,-0.015645,0.019704,-0.020445,0.999597,0,0.59399,0.12024,27.021,0.841,13.343,587.138,735.887,609.600,15.825,496.050,504.309,469.689,512.517,-1,-1,-1,-1,-1,-1,34.478,22.473,1,0,1,0,1,0,0,0,0,2,2,2,2,2,2,1,1
118,-4563.740,-8185.043,81.299,-166.637,-0.972798,0.230631,0.021772,-0.231098,-0.972679,-0.022106,0.016078,-0.026536,0.999519,0,0.59619,0.11377,27.288,0.730,13.301,569.068,697.992,603.100,15.708,483.767,494.656,455.250,517.037,-1,-1,-1,-1,-1,-1,42.407,22.552,1,0,1,0,1,0,0,0,0,2,2,2,2,2,2,1,1
119,-4589.545,-8194.749,81.324,-165.954,-0.969997,0.242232,0.020742,-0.242673,-0.969851,-0.022343,0.014705,-0.026706,0.999535,0,0.59794,0.10863,27.570,0.682,13.272,562.763,661.904,599.002,15.534,478.611,490.177,453.701,511.848,-1,-1,-1,-1,-1,-1,45.942,22.689,1,0,1,0,1,0,0,0,0,2,2,2,2,2,2,1,1
120,-4615.681,-8204.298,82.190,-165.302,-0.967167,0.253331,0.020305,-0.253697,-0.967115,-0.018082,0.015057,-0.022640,0.999630,0,0.59947,0.10415,27.825,0.652,13.269,565.259,627.096,597.871,15.395,478.954,489.772,461.677,500.237,-1,-1,-1,-1,-1,-1,43.766,22.821,1,0,1,0,1,0,0,0,0,2,2,2,2,2,2,1,1
121,-4641.933,-8213.732,83.766,-164.709,-0.964475,0.263427,0.019872,-0.263696,-0.964527,-0.012357,0.015912,-0.017158,0.999726,0,0.60083,0.10012,27.896,0.593,13.306,571.811,593.477,598.715,15.124,481.886,491.593,474.193,489.230,-1,-1,-1,-1,-1,-1,40.069,23.165,1,0,1,0,1,0,0,0,0,2,2,2,2,2,2,1,1
122,-4668.063,-8223.082,86.334,-164.242,-0.962215,0.271219,0.024130,-0.271518,-0.962381,-0.010062,0.020493,-0.016233,0.999658,0,0.60196,0.09680,27.753,0.467,13.334,586.452,561.728,614.108,15.035,492.835,502.513,481.768,491.833,-1,-1,-1,-1,-1,-1,32.932,23.300,1,0,1,0,1,0,0,0,0,2,2,2,2,2,2,1,1
123,-4694.200,-8232.721,89.081,-163.794,-0.959946,0.278633,0.029447,-0.278990,-0.960254,-0.008723,0.025846,-0.016589,0.999528,0,0.60264,0.09482,27.857,0.448,-1,602.883,560.845,632.791,14.661,495.478,515.307,487.595,497.976,-1,-1,-1,-1,-1,-1,-1,24.081,2,0,1,0,1,1,0,0,0,2,2,2,2,2,2,2,1
124,-4725.716,-8243.785,91.500,-163.430,-0.958077,0.284661,0.032508,-0.285073,-0.958466,-0.008741,0.028670,-0.017642,0.999433,0,0.60324,0.09304,33.402,0.365,-1,611.729,527.691,644.505,-1,467.127,522.445,490.632,503.885,-1,-1,-1,-1,-1,-1,-1,-1,2,0,1,0,2,1,0,0,0,2,2,2,2,2,2,2,2
125,-4746.833,-8250.861,92.500,-163.295,-0.957404,0.286870,0.032920,-0.287318,-0.957787,-0.009671,0.028756,-0.018717,0.999411,0,0.60330,0.09288,22.271,0.134,-1,611.589,505.096,646.217,-1,447.275,522.622,490.083,506.751,-1,-1,-1,-1,-1,-1,-1,-1,2,0,1,0,2,1,0,0,0,2,2,2,2,2,2,2,2
126,-4773.340,-8259.438,93.042,-163.190,-0.956910,0.288644,0.031736,-0.289087,-0.957248,-0.010286,0.027410,-0.019017,0.999443,0,0.60291,0.09402,27.860,0.105,-1,606.778,476.370,641.019,-1,421.686,512.955,489.104,506.193,-1,-1,-1,-1,-1,-1,-1,-1,2,0,1,0,2,1,1,0,0,2,2,2,2,2,2,2,2
127,-4800.079,-8267.468,92.886,-163.217,-0.957091,0.288237,0.029927,-0.288661,-0.957370,-0.010890,0.025512,-0.019061,0.999493,0,0.60216,0.09624,27.918,-0.026,14.255,599.008,447.629,632.308,-1,395.314,483.855,486.708,503.231,-1,-1,-1,-1,-1,-1,25.523,-1,1,0,1,0,2,1,1,0,0,2,2,2,2,2,2,1,2
128,-4827.076,-8274.972,92.249,-163.344,-0.957775,0.286168,0.027844,-0.286540,-0.958013,-0.010341,0.023716,-0.017883,0.999559,0,0.60086,0.10006,28.021,-0.128,14.251,590.965,419.054,621.579,-1,368.480,454.962,485.185,496.581,-1,-1,-1,-1,-1,-1,25.539,-1,1,0,1,0,2,1,1,0,0,2,2,2,2,2,2,1,2
129,-4854.279,-8282.332,91.428,-163.453,-0.958348,0.284474,0.025377,-0.284735,-0.958579,-0.007263,0.022260,-0.014186,0.999652,0,0.59911,0.10518,28.181,-0.108,14.076,585.047,390.449,609.380,-1,341.625,425.783,487.510,484.619,-1,-1,-1,-1,-1,-1,26.517,-1,1,0,1,0,2,1,1,0,0,2,2,2,2,2,2,1,2
130,-4881.673,-8289.912,90.780,-163.473,-0.958450,0.284255,0.023910,-0.284400,-0.958702,-0.002812,0.022123,-0.009496,0.999710,0,0.59737,0.11030,28.424,-0.020,13.984,583.657,330.978,600.143,14.016,315.146,396.090,492.272,471.571,-1,-1,-1,-1,-1,-1,27.167,26.926,1,0,1,0,1,1,1,0,0,2,2,2,2,2,2,1,1
131,-4909.217,-8297.793,90.502,-163.453,-0.958326,0.284671,0.023928,-0.284719,-0.958610,0.001448,0.023350,-0.005425,0.999713,0,0.59589,0.11465,28.649,0.020,13.917,586.010,302.796,595.558,14.087,289.000,366.147,497.118,461.611,-1,-1,-1,-1,-1,-1,27.724,26.450,1,0,1,0,1,1,1,0,0,2,2,2,2,2,2,1,1
132,-4936.833,-8306.267,90.809,-163.339,-0.957704,0.286660,0.025081,-0.286620,-0.958030,0.005273,0.025540,-0.002139,0.999672,0,0.75241,0.80294,28.887,0.115,13.600,591.700,304.985,595.480,14.485,263.291,335.776,502.259,455.265,-1,-1,-1,-1,-1,-1,32.017,24.611,1,0,1,0,1,1,1,0,0,2,2,2,2,2,2,1,1
133,-4964.438,-8315.655,91.722,-163.058,-0.956227,0.291415,0.026578,-0.291295,-0.956597,0.008371,0.027864,0.000262,0.999612,0,0.75108,0.80602,29.157,0.281,13.487,598.971,275.982,598.217,14.675,231.883,304.697,507.249,452.034,-1,-1,-1,-1,-1,325.153,35.133,24.053,1,0,1,0,1,1,1,0,0,2,2,2,2,2,1,1,1
134,-4992.108,-8325.702,93.026,-162.715,-0.954418,0.297144,0.028136,-0.296991,-0.954833,0.009541,0.029700,0.000750,0.999559,0,0.75052,0.80733,29.438,0.343,13.481,605.075,246.479,296.744,14.684,193.886,273.223,509.539,452.956,-1,-1,-1,-1,-1,291.031,33.925,24.026,1,0,1,1,1,1,1,0,0,2,2,2,2,2,1,1,1
135,-5019.902,-8336.303,94.432,-162.341,-0.952408,0.303365,0.029809,-0.303199,-0.952874,0.010035,0.031449,0.000520,0.999505,0,0.75022,0.80801,29.747,0.374,13.291,610.682,216.588,261.603,15.194,178.048,241.420,510.694,455.365,-1,-1,-1,-1,-1,256.631,31.154,23.066,1,0,1,1,1,1,1,0,0,2,2,2,2,2,1,1,1
136,-5047.533,-8348.003,95.756,-161.739,-0.949131,0.313402,0.030505,-0.313174,-0.949619,0.012104,0.032762,0.001935,0.999461,0,0.75006,0.80840,30.006,0.602,13.343,616.328,185.963,225.361,15.826,161.715,208.776,514.871,454.839,-1,-1,-1,-1,-1,221.112,26.828,22.473,1,0,1,1,1,1,1,0,0,2,2,2,2,2,1,1,1
137,-5074.872,-8360.727,96.912,-160.963,-0.944802,0.326289,0.029738,-0.325999,-0.945262,0.014280,0.032770,0.003797,0.999456,0,0.75095,0.80632,30.155,0.776,13.403,618.592,154.685,188.538,10.145,136.477,166.527,519.468,453.113,-1,-1,-1,-1,-1,184.957,25.720,8.250,1,0,1,1,1,1,1,0,0,2,2,2,2,2,1,1,1
138,-5101.985,-8374.360,97.869,-160.083,-0.939695,0.340825,0.028470,-0.340490,-0.940111,0.016064,0.032240,0.005401,0.999466,0,0.75269,0.80230,30.348,0.881,13.479,618.770,123.106,151.020,8.004,111.269,119.020,523.049,451.341,-1,-1,-1,-1,988.312,139.166,26.529,22.350,1,0,1,1,1,1,1,0,0,2,2,2,2,1,1,1,1
139,-5128.923,-8388.804,98.692,-159.148,-0.934029,0.356131,0.027594,-0.355783,-0.934417,0.016812,0.031771,0.005885,0.999478,0,0.75495,0.79705,30.566,0.935,13.521,617.445,84.963,96.263,16.120,498.395,79.913,524.164,451.305,-1,-1,-1,-1,914.209,92.673,26.877,22.328,1,0,1,1,1,0,1,0,0,2,2,2,2,1,1,1,1
140,-5155.816,-8403.972,99.364,-158.195,-0.927972,0.371591,0.028067,-0.371250,-0.928382,0.016732,0.032275,0.005107,0.999466,0,0.75750,0.79113,30.875,0.952,13.683,617.185,53.717,48.850,16.284,498.543,40.880,522.445,453.218,-1,-1,-1,-1,900.937,47.026,27.539,22.272,1,0,1,1,1,0,1,0,0,2,2,2,2,1,1,1,1
141,-5182.387,-8420.045,99.970,-157.151,-0.921044,0.388428,0.028320,-0.388090,-0.921468,0.016791,0.032619,0.004475,0.999458,0,0.76016,0.78495,31.055,1.044,16.031,616.477,25.056,34.081,17.131,498.286,32.052,520.849,454.809,-1,-1,-1,-1,890.814,34.255,27.642,22.183,1,0,1,1,1,0,1,0,0,2,2,2,2,1,1,1,1
142,-5201.343,-8431.302,100.631,-157.333,-0.922607,0.385411,0.015940,-0.385305,-0.922742,0.009398,0.018331,0.002529,0.999829,0,0.76330,0.77765,22.046,-0.182,37.151,579.858,-1,8.334,18.154,472.340,15.998,514.888,457.665,-1,-1,-1,-1,857.670,8.355,38.313,22.362,1,0,2,1,1,0,1,0,0,2,2,2,2,1,1,1,1
143,-5205.661,-8437.434,101.903,-159.108,-0.934153,0.356437,-0.017612,-0.356577,-0.934250,0.005480,-0.014501,0.011399,0.999830,0,0.76149,0.78185,7.500,-1.774,45.768,516.766,-1,498.096,18.524,422.825,418.474,529.746,444.776,-1,-1,-1,-1,897.911,834.526,47.678,22.474,1,0,2,0,1,0,0,0,0,2,2,2,2,0,0,1,1
144,-5204.873,-8443.833,104.544,-160.931,-0.944378,0.325581,-0.046332,-0.326456,-0.945129,0.012567,-0.039698,0.026994,0.998847,0,0.75406,0.79910,6.448,-1.823,46.335,483.128,-1,450.832,18.604,393.966,385.554,565.325,426.855,-1,-1,-1,-1,816.205,725.787,48.373,22.502,1,0,2,0,1,0,0,0,0,2,2,2,2,0,0,1,1
145,-5204.606,-8450.777,108.413,-162.371,-0.951965,0.300946,-0.056524,-0.302513,-0.952906,0.021379,-0.047428,0.037451,0.998172,0,0.74713,0.81520,6.949,-1.440,40.736,483.985,-1,441.777,18.525,392.607,381.267,597.958,421.533,-1,-1,-1,-1,812.415,700.547,42.439,22.474,1,0,2,0,1,0,0,0,0,2,2,2,2,0,0,1,1
146,-5205.137,-8457.767,112.753,-163.600,-0.958463,0.280457,-0.051895,-0.282088,-0.959002,0.027218,-0.042134,0.040727,0.998282,0,0.74185,0.82745,7.009,-1.229,29.360,506.664,-1,458.918,18.491,409.154,396.546,617.385,428.620,-1,-1,-1,-1,856.149,730.303,30.562,22.463,1,0,2,0,1,0,0,0,0,2,2,2,2,0,0,1,1
147,-5205.836,-8464.528,116.685,-164.705,-0.964120,0.262419,-0.040106,-0.263665,-0.964156,0.029731,-0.030866,0.039239,0.998753,0,0.73739,0.83781,6.798,-1.105,-1,538.191,-1,488.423,18.431,432.999,420.534,624.976,442.058,-1,-1,-1,-1,917.452,787.135,-1,22.444,2,0,2,0,1,0,0,0,0,2,2,2,2,0,0,2,1
148,-5206.554,-8471.086,119.645,-165.768,-0.969162,0.245093,-0.025594,-0.245817,-0.968835,0.030549,-0.017309,0.035899,0.999206,0,0.73342,0.84703,6.597,-1.063,-1,572.423,-1,8.172,18.366,459.106,447.281,625.650,456.343,-1,-1,-1,-1,987.254,857.216,-1,22.424,2,0,2,1,1,0,0,0,0,2,2,2,2,0,0,2,1
149,-5207.550,-8477.457,121.335,-166.837,-0.973724,0.227522,-0.009807,-0.227718,-0.973250,0.030475,-0.002611,0.031907,0.999487,0,0.72961,0.85588,6.449,-1.069,-1,607.131,-1,9.958,-1,485.648,8.946,621.157,469.019,-1,-1,-1,-1,-1,9.724,-1,-1,2,0,2,1,2,0,1,0,0,2,2,2,2,2,1,2,2
150,-5208.811,-8483.448,121.750,-167.842,-0.977491,0.210860,0.006997,-0.210584,-0.977160,0.028508,0.012848,0.026393,0.999569,0,0.72571,0.86493,6.122,-1.005,-1,641.297,-1,11.603,-1,512.235,10.343,609.647,481.390,-1,-1,-1,-1,-1,11.368,-1,-1,2,0,2,1,2,0,1,0,0,2,2,2,2,2,1,2,2
151,-5210.114,-8489.254,120.905,-168.795,-0.980541,0.194851,0.023934,-0.194241,-0.980619,0.025638,0.028466,0.020490,0.999385,0,0.72201,0.87352,5.950,-0.953,-1,674.015,-1,13.178,-1,537.598,11.659,594.141,491.740,-1,-1,-1,-1,-1,12.954,-1,-1,2,0,2,1,2,0,1,0,0,2,2,2,2,2,1,2,2
152,-5211.726,-8493.427,118.895,-169.372,-0.981879,0.184713,0.042369,-0.184246,-0.982770,0.014714,0.044356,0.006641,0.998994,0,0.71852,0.88164,4.473,-0.577,-1,698.708,-1,9.141,18.340,561.114,12.213,559.392,512.812,-1,-1,-1,-1,-1,9.266,-1,22.416,2,0,2,1,1,0,1,0,0,2,2,2,2,2,1,2,1
153,-5213.445,-8496.677,115.786,-169.852,-0.982529,0.175469,0.062023,-0.175872,-0.984413,-0.001049,0.060872,-0.011939,0.998074,0,0.71638,0.88660,3.676,-0.479,-1,719.329,-1,10.365,18.406,584.199,8.965,514.872,541.431,-1,-1,-1,-1,-1,10.537,-1,22.436,2,0,2,1,1,0,1,0,0,2,2,2,2,2,1,2,1
154,-5214.866,-8498.346,112.393,-170.052,-0.982299,0.170251,0.078119,-0.172293,-0.984840,-0.020133,0.073507,-0.033235,0.996741,0,0.71453,0.89090,2.192,-0.200,-1,726.341,-1,10.743,18.525,599.173,9.250,468.908,577.435,-1,-1,-1,-1,-1,10.940,-1,22.474,2,0,2,1,1,0,1,0,0,2,2,2,2,2,1,2,1
155,1664.040,-7573.829,14.635,173.826,-0.994058,-0.107545,-0.016811,0.107532,-0.994200,0.001679,-0.016894,-0.000139,0.999857,1,0.71370,0.89281,0.000,0.000,-1,738.458,-1,677.206,14.128,559.501,549.647,559.819,543.128,-1,-1,-1,-1,-1,-1,-1,26.197,2,0,2,0,1,0,0,0,0,2,2,2,2,2,2,2,1
156,1663.153,-7573.542,17.033,173.828,-0.994067,-0.107542,-0.016268,0.107495,-0.994199,0.003727,-0.016575,0.001957,0.999861,0,0.62664,-0.90444,0.933,0.002,-1,750.672,-1,683.944,-1,566.957,556.277,572.322,545.667,-1,-1,-1,-1,-1,-1,-1,-1,2,0,2,0,2,0,0,0,0,2,2,2,2,2,2,2,2
157,1661.677,-7573.165,18.252,173.831,-0.994103,-0.107520,-0.014094,0.107447,-0.994194,0.005853,-0.014642,0.004304,0.999884,0,0.62662,-0.90449,1.523,0.003,-1,765.017,-1,691.575,-1,575.075,563.423,582.296,544.312,-1,-1,-1,-1,-1,-1,-1,-1,2,0,2,0,2,0,0,0,0,2,2,2,2,2,2,2,2
158,1659.521,-7572.759,18.275,173.855,-0.994193,-0.107131,-0.010121,0.107047,-0.994217,0.008551,-0.010978,0.007418,0.999912,0,0.62658,-0.90456,2.194,0.023,-1,783.270,-1,700.058,-1,584.328,571.329,590.807,537.987,-1,-1,-1,-1,-1,-1,-1,-1,2,0,2,0,2,0,0,0,0,2,2,2,2,2,2,2,2
159,1656.682,-7572.374,17.213,173.916,-0.994350,-0.106052,-0.004571,0.105989,-0.994291,0.012332,-0.005853,0.011778,0.999914,0,0.62644,-0.90487,2.864,0.061,-1,805.960,-1,708.917,-1,594.678,579.737,599.354,526.140,-1,-1,-1,-1,-1,-1,-1,-1,2,0,2,0,2,0,0,0,0,2,2,2,2,2,2,2,2
160,1653.195,-7571.972,15.371,173.999,-0.994519,-0.104538,0.001687,0.104551,-0.994381,0.016625,-0.000060,0.016711,0.999860,0,0.62613,-0.90558,3.511,0.083,-1,830.525,-1,717.479,-1,605.051,587.846,607.316,511.325,-1,-1,-1,-1,-1,-1,-1,16.014,2,0,2,0,2,0,0,0,0,2,2,2,2,2,2,2,1
161,1649.136,-7571.675,13.363,174.087,-0.994672,-0.102912,0.006043,0.103012,-0.994488,0.019561,0.003997,0.020079,0.999790,0,0.62570,-0.90653,4.070,0.089,-1,846.116,-1,721.713,15.325,610.840,592.030,610.803,499.475,-1,-1,-1,-1,-1,-1,-1,22.903,2,0,2,0,1,0,0,0,0,2,2,2,2,2,2,2,1
162,1644.491,-7571.607,11.558,174.197,-0.994860,-0.100979,0.007545,0.101114,-0.994665,0.020443,0.005441,0.021100,0.999763,0,0.62523,-0.90756,4.645,0.109,-1,848.297,-1,720.638,15.496,610.540,591.191,608.607,492.630,-1,-1,-1,-1,-1,-1,-1,22.723,2,0,2,0,1,0,0,0,0,2,2,2,2,2,2,2,1
163,1639.273,-7571.805,10.129,174.335,-0.995107,-0.098618,0.006088,0.098717,-0.994935,0.018948,0.004189,0.019456,0.999802,0,0.62467,-0.90882,5.222,0.138,-1,836.604,-1,714.877,15.684,604.298,585.632,600.432,491.708,-1,-1,-1,-1,-1,-1,-1,22.568,2,0,2,0,1,0,0,0,0,2,2,2,2,2,2,2,1
164,1633.470,-7572.261,9.114,174.506,-0.995405,-0.095725,0.002137,0.095747,-0.995288,0.015307,0.000662,0.015442,0.999881,0,0.62396,-0.91039,5.821,0.171,-1,814.093,-1,705.761,15.891,593.464,576.540,587.466,496.325,-1,-1,-1,-1,-1,-1,-1,22.435,2,0,2,0,1,0,0,0,0,2,2,2,2,2,2,2,1
165,1627.067,-7572.965,8.455,174.710,-0.995731,-0.092234,-0.003525,0.092193,-0.995688,0.010308,-0.004461,0.009940,0.999941,0,0.62309,-0.91232,6.442,0.204,-1,785.698,-1,694.586,16.137,579.949,565.383,571.904,504.938,-1,-1,-1,-1,-1,-1,-1,22.320,2,0,2,0,1,0,0,0,0,2,2,2,2,2,2,2,1
166,1620.086,-7573.890,8.073,174.950,-0.996062,-0.088068,-0.010193,0.088022,-0.996107,0.004829,-0.010579,0.003913,0.999936,0,0.62206,-0.91461,7.042,0.240,-1,755.595,-1,682.203,16.400,565.343,553.299,556.342,515.685,-1,-1,-1,-1,-1,-1,-1,22.240,2,0,2,0,1,0,0,0,0,2,2,2,2,2,2,2,1
167,1612.418,-7574.997,7.833,175.231,-0.996410,-0.083110,-0.016114,0.083123,-0.996539,-0.000136,-0.016047,-0.001475,0.999870,0,0.62086,-0.91727,7.747,0.281,-1,731.260,-1,672.292,16.704,553.244,543.408,543.354,526.182,-1,-1,-1,-1,-1,-1,-1,22.190,2,0,2,0,1,0,0,0,0,2,2,2,2,2,2,2,1
168,1603.951,-7576.142,7.734,175.539,-0.996795,-0.077681,-0.019128,0.077758,-0.996967,-0.003336,-0.018811,-0.004813,0.999811,0,0.61946,-0.92038,8.545,0.308,15.638,720.336,-1,669.472,17.052,548.130,539.615,536.199,533.107,-1,-1,-1,-1,-1,-1,20.177,22.179,1,0,2,0,1,0,0,0,0,2,2,2,2,2,2,1,1
169,1594.809,-7577.450,7.706,175.922,-0.997280,-0.071011,-0.019764,0.071104,-0.997461,-0.004015,-0.019429,-0.005410,0.999797,0,0.61792,-0.92379,9.235,0.382,17.041,720.543,-1,671.107,17.287,548.562,540.230,535.649,534.329,-1,-1,-1,-1,-1,-1,17.711,22.194,1,0,2,0,1,0,0,0,0,2,2,2,2,2,2,1,1
170,1585.148,-7578.927,7.700,176.372,-0.997817,-0.063193,-0.019181,0.063262,-0.997992,-0.002989,-0.018954,-0.004196,0.999812,0,0.61604,-0.92796,9.773,0.450,-1,726.837,-1,674.681,17.604,551.912,543.025,539.251,531.613,-1,-1,-1,-1,-1,-1,-1,22.238,2,0,2,0,1,0,0,0,0,2,2,2,2,2,2,2,1
171,1575.282,-7580.847,7.723,176.927,-0.998390,-0.053573,-0.018617,0.053594,-0.998563,-0.000681,-0.018554,-0.001678,0.999826,0,0.61384,-0.93284,10.052,0.555,-1,734.665,-1,677.185,17.389,555.718,545.652,545.644,526.050,-1,-1,-1,-1,-1,-1,-1,22.205,2,0,2,0,1,0,0,0,0,2,2,2,2,2,2,2,1
172,1565.089,-7582.855,7.717,177.496,-0.998882,-0.043686,-0.018087,0.043676,-0.999045,0.000941,-0.018111,0.000150,0.999836,0,0.61117,-0.93878,10.389,0.569,-1,741.917,-1,680.485,17.076,559.887,548.498,550.483,522.095,-1,-1,-1,-1,-1,-1,-1,22.181,2,0,2,0,1,0,0,0,0,2,2,2,2,2,2,2,1
173,1554.503,-7584.930,7.588,178.059,-0.999270,-0.033889,-0.017619,0.033864,-0.999425,0.001710,-0.017667,0.001112,0.999843,0,0.60842,-0.94487,10.787,0.563,-1,747.858,-1,684.276,16.820,563.617,551.851,553.090,519.927,-1,-1,-1,-1,-1,-1,-1,22.182,2,0,2,0,1,0,0,0,0,2,2,2,2,2,2,2,1
174,1543.510,-7587.004,7.290,178.586,-0.999545,-0.024699,-0.017293,0.024680,-0.999695,0.001298,-0.017320,0.000871,0.999850,0,0.60570,-0.95092,11.187,0.527,-1,751.534,-1,686.774,16.559,566.463,554.821,552.613,519.898,-1,-1,-1,-1,-1,-1,-1,22.208,2,0,2,0,1,0,0,0,0,2,2,2,2,2,2,2,1
175,1532.172,-7589.055,6.864,179.076,-0.999712,-0.016131,-0.017757,0.016131,-0.999870,0.000158,-0.017758,-0.000128,0.999842,0,0.60313,-0.95661,11.522,0.490,-1,751.084,-1,686.856,16.259,567.039,555.845,550.101,521.029,-1,-1,-1,-1,-1,-1,-1,22.277,2,0,2,0,1,0,0,0,0,2,2,2,2,2,2,2,1
176,1520.526,-7591.029,6.364,179.518,-0.999775,-0.008392,-0.019469,0.008419,-0.999964,-0.001314,-0.019457,-0.001478,0.999810,0,0.60072,-0.96196,11.812,0.442,-1,745.367,-1,683.526,16.054,564.478,553.901,546.630,522.558,-1,-1,-1,-1,-1,-1,-1,22.354,2,0,2,0,1,0,0,0,0,2,2,2,2,2,2,2,1
177,1508.502,-7592.940,5.736,179.912,-0.999754,-0.001467,-0.022128,0.001537,-0.999994,-0.003130,-0.022123,-0.003163,0.999750,0,0.59853,-0.96683,12.175,0.394,-1,735.600,-1,677.472,15.762,559.443,549.564,542.146,524.333,-1,-1,-1,-1,-1,-1,-1,22.513,2,0,2,0,1,0,0,0,0,2,2,2,2,2,2,2,1
178,1495.989,-7594.806,4.918,-179.730,-0.999686,0.004835,-0.024607,-0.004709,-0.999976,-0.005164,-0.024632,-0.005047,0.999684,0,0.59654,-0.97124,12.652,0.358,-1,725.799,-1,671.501,15.581,554.332,545.214,536.940,526.010,-1,-1,-1,-1,-1,-1,-1,22.650,2,0,2,0,1,0,0,0,0,2,2,2,2,2,2,2,1
179,1482.896,-7596.526,4.076,-179.421,-0.999606,0.010297,-0.026122,-0.010108,-0.999922,-0.007339,-0.026196,-0.007072,0.999632,0,0.59471,-0.97531,13.205,0.309,-1,719.249,-1,668.144,15.376,551.308,542.987,531.877,528.172,-1,-1,-1,-1,-1,-1,-1,22.845,2,0,2,0,1,0,0,0,0,2,2,2,2,2,2,2,1
180,1469.247,-7598.236,3.369,-179.122,-0.999523,0.015548,-0.026701,-0.015316,-0.999843,-0.008862,-0.026834,-0.008449,0.999604,0,0.59309,-0.97891,13.756,0.299,13.279,717.164,-1,667.259,15.257,550.911,543.109,528.966,530.139,-1,-1,-1,-1,-1,-1,19.185,22.985,1,0,2,0,1,0,0,0,0,2,2,2,2,2,2,1,1
181,1455.025,-7599.814,2.778,-178.856,-0.999431,0.020214,-0.026993,-0.019962,-0.999755,-0.009578,-0.027180,-0.009034,0.999590,0,0.59150,-0.98242,14.309,0.266,10.309,717.292,-1,666.807,15.062,551.694,544.091,528.164,530.746,-1,-1,-1,-1,-1,-1,9.682,23.257,1,0,2,0,1,0,0,0,0,2,2,2,2,2,2,1,1
182,1440.293,-7601.272,2.255,-178.618,-0.999323,0.024358,-0.027586,-0.024104,-0.999664,-0.009507,-0.027809,-0.008835,0.999574,0,0.59006,-0.98562,14.804,0.237,-1,717.639,-1,665.142,14.922,552.581,544.528,529.276,529.776,-1,-1,-1,-1,-1,-1,-1,23.502,2,0,2,0,1,0,0,0,0,2,2,2,2,2,2,2,1
183,1421.967,-7603.020,1.699,-178.336,-0.999166,0.029269,-0.028461,-0.029024,-0.999538,-0.008980,-0.028711,-0.008147,0.999555,0,0.58874,-0.98856,18.409,0.282,-1,718.443,-1,661.107,14.894,553.772,545.246,531.881,527.844,-1,-1,-1,-1,-1,-1,-1,23.550,2,0,2,0,1,0,0,0,0,2,2,2,2,2,2,2,1
184,1409.572,-7604.192,1.347,-178.157,-0.999031,0.032403,-0.029799,-0.032149,-0.999443,-0.008946,-0.030072,-0.007979,0.999516,0,0.30500,-0.51834,12.450,0.179,-1,716.354,-1,656.413,14.764,552.884,544.205,533.015,527.182,-1,-1,-1,-1,-1,-1,-1,23.825,2,0,2,0,1,0,0,0,0,2,2,2,2,2,2,2,1
185,1394.104,-7605.549,0.980,-177.974,-0.998828,0.035620,-0.032773,-0.035341,-0.999334,-0.009047,-0.033073,-0.007878,0.999422,0,0.30447,-0.52060,15.528,0.183,-1,709.723,-1,647.896,14.582,549.094,540.252,534.347,526.630,-1,-1,-1,-1,-1,-1,-1,24.308,2,0,2,0,1,0,0,0,0,2,2,2,2,2,2,2,1
186,1378.540,-7606.776,0.583,-177.838,-0.998626,0.038017,-0.036073,-0.037692,-0.999243,-0.009629,-0.036411,-0.008256,0.999303,0,0.30391,-0.52302,15.612,0.135,-1,701.583,-1,638.959,14.501,544.439,535.576,534.675,527.607,-1,-1,-1,-1,-1,-1,-1,24.557,2,0,2,0,1,0,0,0,0,2,2,2,2,2,2,2,1
187,1362.838,-7608.051,0.088,-177.712,-0.998447,0.040275,-0.038491,-0.039890,-0.999147,-0.010714,-0.038890,-0.009162,0.999201,0,0.30345,-0.52496,15.753,0.126,11.267,695.501,-1,632.114,14.453,541.390,532.619,533.761,529.911,-1,-1,-1,-1,-1,-1,10.325,24.720,1,0,2,0,1,0,0,0,0,2,2,2,2,2,2,1,1
188,1346.989,-7609.321,-0.491,-177.598,-0.998298,0.042322,-0.040125,-0.041873,-0.999051,-0.011988,-0.040594,-0.010287,0.999123,0,0.30302,-0.52682,15.900,0.114,13.694,691.484,-1,626.960,14.354,539.817,531.131,532.310,532.510,-1,-1,-1,-1,-1,-1,23.628,25.094,1,0,2,0,1,0,0,0,0,2,2,2,2,2,2,1,1
189,1330.997,-7610.475,-1.172,-177.518,-0.998189,0.043782,-0.041259,-0.043274,-0.998977,-0.013130,-0.041792,-0.011321,0.999062,0,0.30261,-0.52856,16.034,0.081,13.835,688.875,-1,622.681,14.179,539.101,530.376,530.992,534.631,-1,-1,-1,-1,-1,-1,24.696,25.914,1,0,2,0,1,0,0,0,0,2,2,2,2,2,2,1,1
190,1314.893,-7611.469,-1.923,-177.480,-0.998120,0.044497,-0.042144,-0.043924,-0.998931,-0.014440,-0.042741,-0.012562,0.999007,0,0.30228,-0.52997,16.135,0.037,13.950,686.648,-1,618.885,14.052,537.446,527.815,529.076,537.007,-1,-1,-1,-1,-1,-1,25.326,26.673,1,0,2,0,1,0,0,0,0,2,2,2,2,2,2,1,1
191,1298.782,-7612.335,-2.512,-177.456,-0.998107,0.044941,-0.041992,-0.044338,-0.998901,-0.015181,-0.042628,-0.013291,0.999003,0,0.30205,-0.53095,16.134,0.024,14.046,688.391,-1,617.453,13.956,536.894,524.075,528.791,538.836,-1,-1,-1,-1,-1,-1,26.720,27.390,1,0,2,0,1,0,0,0,0,2,2,2,2,2,2,1,1
192,1282.766,-7613.046,-3.109,-177.472,-0.998090,0.044721,-0.042627,-0.044064,-0.998897,-0.016223,-0.043305,-0.014314,0.998959,0,0.30185,-0.53180,16.032,-0.016,12.236,687.410,-1,614.455,13.853,534.789,519.171,527.862,541.162,-1,-1,-1,-1,-1,-1,10.879,28.343,1,0,2,0,1,0,0,0,0,2,2,2,2,2,2,1,1
193,1266.753,-7613.559,-3.703,-177.533,-0.998073,0.043725,-0.044039,-0.043009,-0.998929,-0.017083,-0.044738,-0.015156,0.998884,0,0.30175,-0.53224,16.021,-0.060,14.301,684.347,-1,-1,13.733,531.314,512.982,527.330,543.215,-1,-1,-1,-1,-1,-1,25.317,29.753,1,0,2,2,1,0,0,0,0,2,2,2,2,2,2,1,1
194,1250.645,-7613.936,-4.365,-177.621,-0.998074,0.042249,-0.045428,-0.041468,-0.998978,-0.018002,-0.046142,-0.016084,0.998805,0,0.30175,-0.53224,16.113,-0.088,14.293,679.042,-1,-1,13.741,527.455,506.686,526.519,545.252,-1,-1,-1,-1,-1,-1,25.351,29.672,1,0,2,2,1,0,0,0,0,2,2,2,2,2,2,1,1
195,1234.445,-7614.255,-5.068,-177.712,-0.998077,0.040715,-0.046745,-0.039875,-0.999028,-0.018774,-0.047464,-0.016874,0.998730,0,0.30182,-0.53195,16.203,-0.091,14.337,670.508,-1,-1,13.705,520.858,500.415,525.908,546.838,-1,-1,-1,-1,-1,-1,25.161,30.159,1,0,2,2,1,0,0,0,0,2,2,2,2,2,2,1,1
196,1218.177,-7614.442,-5.783,-177.823,-0.998078,0.038841,-0.048279,-0.037949,-0.999094,-0.019249,-0.048983,-0.017380,0.998648,0,0.30189,-0.53164,16.269,-0.110,14.434,661.578,-1,-1,13.635,513.916,493.800,525.959,547.678,-1,-1,-1,-1,-1,-1,24.785,31.349,1,0,2,2,1,0,0,0,0,2,2,2,2,2,2,1,1
197,1201.847,-7614.496,-6.505,-177.961,-0.998102,0.036482,-0.049622,-0.035528,-0.999169,-0.019975,-0.050309,-0.018174,0.998568,0,0.30201,-0.53115,16.331,-0.139,14.532,652.674,-1,-1,13.571,507.064,487.443,525.397,549.160,-1,-1,-1,-1,-1,-1,24.461,32.692,1,0,2,2,1,0,0,0,0,2,2,2,2,2,2,1,1
198,1185.596,-7614.563,-6.860,-178.125,-0.998230,0.033778,-0.048942,-0.032684,-0.999201,-0.022981,-0.049679,-0.021341,0.998537,0,0.30219,-0.53036,16.251,-0.163,14.517,647.302,-1,-1,13.581,503.153,484.631,521.396,557.647,-1,-1,-1,-1,-1,-1,24.503,32.492,1,0,2,2,1,0,0,0,0,2,2,2,2,2,2,1,1
199,1169.408,-7614.723,-6.963,-178.274,-0.998383,0.031315,-0.047451,-0.030077,-0.999194,-0.026594,-0.048245,-0.025124,0.998519,0,0.30243,-0.52933,16.189,-0.150,14.660,644.107,-1,-1,13.494,501.459,483.440,516.992,569.385,-1,-1,-1,-1,-1,-1,24.086,34.893,1,0,2,2,1,0,0,0,0,2,2,2,2,2,2,1,1
200,1153.697,-7614.506,-7.116,-178.417,-0.998449,0.028776,-0.047668,-0.027586,-0.999296,-0.025424,-0.048366,-0.024070,0.998540,0,0.30264,-0.52844,15.712,-0.143,14.647,640.957,-1,-1,12.783,499.256,-1,521.597,568.137,-1,-1,-1,-1,-1,-1,24.120,11.812,1,0,2,2,1,0,2,0,0,2,2,2,2,2,2,1,1
201,1138.569,-7613.786,-6.799,-178.544,-0.998654,0.026162,-0.044787,-0.025376,-0.999516,-0.018021,-0.045237,-0.016860,0.998834,0,0.30284,-0.52759,15.145,-0.127,14.610,653.785,-1,-1,-1,504.064,-1,539.853,553.596,-1,-1,-1,-1,-1,-1,24.220,-1,1,0,2,2,2,0,2,0,0,2,2,2,2,2,2,1,2
202,1123.660,-7612.645,-5.950,-178.681,-0.998989,0.023257,-0.038473,-0.023007,-0.999711,-0.006938,-0.038623,-0.006046,0.999236,0,0.30301,-0.52687,14.953,-0.136,14.585,687.648,-1,-1,-1,-1,-1,567.322,534.192,-1,-1,-1,-1,-1,-1,24.298,-1,1,0,2,2,2,2,2,0,0,2,2,2,2,2,2,1,2
203,1108.795,-7611.312,-4.763,-178.831,-0.999307,0.020226,-0.031257,-0.020387,-0.999780,0.004837,-0.031153,0.005471,0.999500,0,0.30320,-0.52605,14.924,-0.151,14.626,723.028,-1,-1,-1,-1,-1,598.876,515.570,-1,-1,-1,-1,-1,-1,24.183,-1,1,0,2,2,2,2,2,0,0,2,2,2,2,2,2,1,2
204,1093.977,-7609.879,-3.587,-179.032,-0.999525,0.016527,-0.025999,-0.016881,-0.999767,0.013462,-0.025770,0.013894,0.999571,0,0.30343,-0.52507,14.888,-0.201,14.894,1007.446,-1,-1,-1,-1,-1,624.779,503.969,-1,-1,-1,-1,-1,-1,23.556,-1,1,0,2,2,2,2,2,0,0,2,2,2,2,2,2,1,2
205,1079.307,-7608.481,-2.806,-179.273,-0.999616,0.012259,-0.024847,-0.012686,-0.999773,0.017103,-0.024631,0.017411,0.999545,0,0.28764,-0.62177,14.736,-0.241,-1,-1,-1,-1,-1,-1,-1,638.430,500.804,-1,-1,-1,-1,-1,-1,-1,-1,2,2,2,2,2,2,2,0,0,2,2,2,2,2,2,2,2
206,1064.876,-7607.407,-2.563,-179.520,-0.999567,0.007906,-0.028345,-0.008380,-0.999826,0.016642,-0.028208,0.016873,0.999460,0,0.28806,-0.61989,14.471,-0.247,-1,-1,-1,-1,-1,-1,-1,640.357,503.588,-1,-1,-1,-1,-1,-1,-1,-1,2,2,2,2,2,2,2,0,0,2,2,2,2,2,2,2,2
207,1050.615,-7606.480,-3.024,-179.792,-0.999367,0.003179,-0.035438,-0.003626,-0.999915,0.012555,-0.035395,0.012676,0.999293,0,0.28849,-0.61795,14.292,-0.272,-1,-1,-1,-1,-1,-1,-1,631.207,511.276,-1,-1,-1,-1,-1,-1,-1,-1,2,2,2,2,2,2,2,0,0,2,2,2,2,2,2,2,2
208,1036.376,-7605.606,-4.469,179.917,-0.999020,-0.001733,-0.044234,0.001445,-0.999978,0.006531,-0.044245,0.006461,0.999000,0,0.28898,-0.61574,14.265,-0.291,-1,-1,-1,-1,-1,-1,-1,615.288,520.292,-1,-1,-1,-1,-1,-1,-1,-1,2,2,2,2,2,2,2,0,0,2,2,2,2,2,2,2,2
209,1022.062,-7604.708,-6.963,179.596,-0.998572,-0.006956,-0.052967,0.007034,-0.999974,-0.001288,-0.052957,-0.001659,0.998595,0,0.28950,-0.61335,14.342,-0.321,-1,-1,-1,-1,-1,1006.814,-1,593.257,530.646,-1,-1,-1,-1,-1,-1,-1,-1,2,2,2,2,2,0,2,0,0,2,2,2,2,2,2,2,2
210,1007.544,-7603.825,-10.414,179.253,-0.998129,-0.012304,-0.059893,0.013006,-0.999851,-0.011341,-0.059745,-0.012099,0.998140,0,0.29010,-0.61067,14.545,-0.343,-1,1007.849,-1,-1,13.273,984.231,-1,564.919,544.076,-1,-1,-1,-1,-1,-1,-1,27.401,2,0,2,2,1,0,2,0,0,2,2,2,2,2,2,2,1
211,992.742,-7602.999,-14.637,178.907,-0.997798,-0.017507,-0.063974,0.019041,-0.999544,-0.023453,-0.063534,-0.024619,0.997676,0,0.29074,-0.60777,14.825,-0.347,15.512,987.942,-1,-1,13.270,966.547,998.424,532.346,562.292,-1,-1,-1,-1,-1,-1,22.711,31.850,1,0,2,2,1,0,0,0,0,2,2,2,2,2,2,1,1
212,977.695,-7601.929,-18.721,178.554,-0.997594,-0.022942,-0.065421,0.025181,-0.999118,-0.033598,-0.064592,-0.035165,0.997292,0,0.29139,-0.60484,15.085,-0.353,15.655,976.818,-1,-1,13.287,955.567,989.819,504.946,577.725,-1,-1,-1,-1,-1,-1,22.590,33.484,1,0,2,2,1,0,0,0,0,2,2,2,2,2,2,1,1
213,962.516,-7600.252,-21.896,178.172,-0.997486,-0.029208,-0.064571,0.031836,-0.998690,-0.040066,-0.063316,-0.042021,0.997108,0,0.29205,-0.60187,15.272,-0.382,15.627,976.481,-1,-1,13.284,952.009,988.993,488.163,587.380,-1,-1,-1,-1,-1,-1,22.612,35.300,1,0,2,2,1,0,0,0,0,2,2,2,2,2,2,1,1
214,947.315,-7598.063,-23.884,177.796,-0.997393,-0.035779,-0.062668,0.038389,-0.998423,-0.040950,-0.061104,-0.043249,0.997194,0,0.29278,-0.59859,15.357,-0.376,15.556,982.015,-1,-1,13.275,953.291,992.459,484.762,585.878,-1,-1,-1,-1,-1,-1,22.670,36.287,1,0,2,2,1,0,0,0,0,2,2,2,2,2,2,1,1
215,932.048,-7595.594,-24.777,177.442,-0.997236,-0.042212,-0.061151,0.044545,-0.998311,-0.037300,-0.059473,-0.039921,0.997431,0,0.29349,-0.59537,15.466,-0.353,15.507,990.643,-1,-1,13.269,955.805,995.656,491.974,575.621,-1,-1,-1,-1,-1,-1,22.713,35.706,1,0,2,2,1,0,0,0,0,2,2,2,2,2,2,1,1
216,916.737,-7592.887,-24.861,177.094,-0.996989,-0.048609,-0.060417,0.050610,-0.998204,-0.032043,-0.058751,-0.035005,0.997659,0,0.29415,-0.59238,15.548,-0.348,15.486,999.441,-1,-1,13.266,958.329,997.922,504.004,564.100,-1,-1,-1,-1,-1,-1,22.735,35.113,1,0,2,2,1,0,0,0,0,2,2,2,2,2,2,1,1
217,901.473,-7589.974,-24.357,176.732,-0.996645,-0.055249,-0.060380,0.056910,-0.998037,-0.026147,-0.058817,-0.029495,0.997833,0,0.29481,-0.58943,15.540,-0.362,15.538,1006.547,-1,-1,13.271,960.367,996.574,518.897,553.306,-1,-1,-1,-1,-1,-1,22.688,34.453,1,0,2,2,1,0,0,0,0,2,2,2,2,2,2,1,1
218,886.133,-7586.994,-23.653,176.358,-0.996236,-0.061991,-0.060590,0.063409,-0.997750,-0.021770,-0.059105,-0.025530,0.997925,0,0.29549,-0.58634,15.627,-0.374,15.349,-1,-1,-1,13.270,961.551,995.310,531.791,547.383,-1,-1,-1,-1,-1,-1,22.875,35.318,1,2,2,2,1,0,0,0,0,2,2,2,2,2,2,1,1
219,870.612,-7584.296,-23.090,176.041,-0.995867,-0.067640,-0.060608,0.068929,-0.997433,-0.019422,-0.059138,-0.023519,0.997973,0,0.29620,-0.58314,15.754,-0.318,-1,-1,-1,-1,13.290,961.419,993.391,540.656,546.123,-1,-1,-1,-1,-1,-1,-1,35.466,2,2,2,2,1,0,0,0,0,2,2,2,2,2,2,2,1
220,854.929,-7581.828,-22.957,175.753,-0.995516,-0.072616,-0.060620,0.073924,-0.997071,-0.019623,-0.059017,-0.024017,0.997968,0,0.29678,-0.58052,15.876,-0.287,-1,-1,-1,-1,13.306,960.326,991.356,543.601,549.626,-1,-1,-1,-1,-1,-1,-1,33.271,2,2,2,2,1,0,0,0,0,2,2,2,2,2,2,2,1
221,839.144,-7579.485,-23.376,175.475,-0.995146,-0.077316,-0.060885,0.078761,-0.996657,-0.021699,-0.059003,-0.026389,0.997909,0,0.29730,-0.57820,15.958,-0.278,-1,-1,-1,-1,13.321,957.789,988.397,541.497,555.999,-1,-1,-1,-1,-1,-1,-1,31.316,2,2,2,2,1,0,0,0,0,2,2,2,2,2,2,2,1
222,823.262,-7577.191,-24.352,175.202,-0.994762,-0.081846,-0.061230,0.083505,-0.996192,-0.025053,-0.058946,-0.030035,0.997809,0,0.29779,-0.57598,16.047,-0.273,-1,-1,-1,-1,13.347,954.225,984.730,535.497,564.124,-1,-1,-1,-1,-1,-1,-1,30.493,2,2,2,2,1,0,0,0,0,2,2,2,2,2,2,2,1
223,807.292,-7574.943,-25.753,174.945,-0.994377,-0.086056,-0.061707,0.087962,-0.995706,-0.028859,-0.058958,-0.034125,0.997677,0,0.29827,-0.57382,16.127,-0.257,-1,1003.791,-1,-1,13.379,949.591,980.487,527.642,572.204,-1,-1,-1,-1,-1,-1,-1,31.070,2,0,2,2,1,0,0,0,0,2,2,2,2,2,2,2,1
224,791.257,-7572.653,-27.327,174.698,-0.993982,-0.090106,-0.062294,0.092242,-0.995213,-0.032293,-0.059086,-0.037845,0.997535,0,0.29871,-0.57182,16.199,-0.247,14.875,996.404,-1,-1,13.394,944.393,975.673,520.152,578.936,-1,-1,-1,-1,-1,-1,23.587,32.589,1,0,2,2,1,0,0,0,0,2,2,2,2,2,2,1,1
225,775.121,-7570.212,-28.858,174.454,-0.993606,-0.094208,-0.062224,0.096478,-0.994736,-0.034537,-0.058643,-0.040320,0.997464,0,0.29913,-0.56993,16.319,-0.244,15.076,991.051,-1,-1,13.323,940.508,971.897,515.256,582.678,-1,-1,-1,-1,-1,-1,23.237,33.920,1,0,2,2,1,0,0,0,0,2,2,2,2,2,2,1,1
226,758.765,-7567.400,-30.148,174.174,-0.993231,-0.099033,-0.060695,0.101348,-0.994188,-0.036317,-0.056746,-0.042222,0.997495,0,0.54881,-0.88088,16.596,-0.280,15.178,989.676,-1,-1,13.295,940.208,969.984,512.341,585.734,-1,-1,-1,-1,-1,-1,23.089,35.691,1,0,2,2,1,0,0,0,0,2,2,2,2,2,2,1,1
227,742.039,-7564.271,-31.034,173.862,-0.992843,-0.104525,-0.057770,0.106772,-0.993584,-0.037290,-0.053501,-0.043191,0.997633,0,0.54971,-0.87866,17.017,-0.312,16.037,992.311,-1,-1,13.460,941.669,970.287,512.443,587.847,-1,-1,-1,-1,-1,-1,22.361,34.302,1,0,2,2,1,0,0,0,0,2,2,2,2,2,2,1,1
228,725.657,-7559.923,-31.381,173.288,-0.991836,-0.114381,-0.056370,0.116719,-0.992356,-0.040073,-0.051355,-0.046325,0.997605,0,0.55074,-0.87614,16.949,-0.574,17.760,994.076,-1,-1,24.214,942.980,970.710,510.620,597.041,-1,-1,-1,-1,-1,-1,22.266,27.995,1,0,2,2,1,0,0,0,0,2,2,2,2,2,2,1,1
229,710.053,-7554.270,-31.320,172.445,-0.990048,-0.128773,-0.056758,0.131302,-0.990396,-0.043315,-0.050635,-0.050337,0.997448,0,0.55284,-0.87097,16.596,-0.843,17.949,994.856,-1,-1,24.098,943.259,969.648,508.428,609.429,-1,-1,-1,-1,-1,-1,22.309,24.722,1,0,2,2,1,0,0,0,0,2,2,2,2,2,2,1,1
230,694.747,-7548.017,-30.856,171.574,-0.988035,-0.143938,-0.055395,0.146357,-0.988323,-0.042401,-0.048645,-0.050001,0.997564,0,0.55605,-0.86306,16.535,-0.871,18.768,998.640,-1,-1,20.044,946.414,967.801,515.174,611.096,-1,-1,-1,-1,-1,-1,22.559,21.008,1,0,2,2,1,0,0,0,0,2,2,2,2,2,2,1,1
231,680.124,-7540.780,-30.078,170.591,-0.985515,-0.161148,-0.052830,0.163316,-0.985777,-0.039642,-0.045691,-0.047696,0.997816,0,0.55939,-0.85484,16.315,-0.983,18.681,1006.572,-1,-1,18.152,951.148,969.005,526.650,608.178,-1,-1,-1,-1,-1,-1,22.528,18.983,1,0,2,2,1,0,0,0,0,2,2,2,2,2,2,1,1
232,665.550,-7533.169,-29.202,169.641,-0.982907,-0.177975,-0.047096,0.179676,-0.983113,-0.034716,-0.040122,-0.042585,0.998287,0,0.56319,-0.84547,16.443,-0.950,18.667,-1,-1,-1,18.926,960.784,976.869,544.332,598.204,-1,-1,-1,-1,-1,-1,22.524,19.784,1,2,2,2,1,0,0,0,0,2,2,2,2,2,2,1,1
233,651.299,-7524.958,-28.251,168.620,-0.979798,-0.195951,-0.039985,0.197209,-0.979891,-0.030376,-0.033229,-0.037647,0.998738,0,0.56686,-0.83642,16.447,-1.021,17.557,-1,-1,-1,19.141,973.031,987.830,562.566,589.439,-1,-1,-1,-1,-1,-1,22.229,19.430,1,2,2,2,1,0,0,0,0,2,2,2,2,2,2,1,1
234,636.574,-7517.005,-27.684,167.704,-0.976708,-0.211996,-0.033165,0.212882,-0.976735,-0.025902,-0.026902,-0.032359,0.999114,0,0.57083,-0.82665,16.736,-0.916,-1,-1,-1,-1,13.268,983.659,994.078,580.824,579.085,-1,-1,-1,-1,-1,-1,-1,22.800,2,2,2,2,1,0,0,0,0,2,2,2,2,2,2,2,1
235,621.114,-7510.183,-27.557,167.136,-0.974672,-0.222024,-0.026834,0.222581,-0.974711,-0.019914,-0.021734,-0.025382,0.999442,0,0.57436,-0.81795,16.898,-0.568,-1,-1,-1,-1,14.105,989.886,997.382,601.186,564.210,-1,-1,-1,-1,-1,-1,-1,26.337,2,2,2,2,1,0,0,0,0,2,2,2,2,2,2,2,1
236,605.032,-7505.078,-27.606,166.994,-0.974205,-0.224706,-0.020788,0.225012,-0.974258,-0.013781,-0.017157,-0.018103,0.999689,0,0.57647,-0.81277,16.873,-0.142,-1,-1,-1,-1,16.056,993.654,999.701,621.584,550.041,-1,-1,-1,-1,-1,-1,-1,22.353,2,2,2,2,1,0,0,0,0,2,2,2,2,2,2,2,1
237,585.607,-7501.144,-27.728,167.267,-0.975295,-0.220205,-0.017606,0.220385,-0.975371,-0.009030,-0.015184,-0.012687,0.999804,0,0.57682,-0.81190,19.819,0.272,-1,-1,-1,-1,14.550,991.234,996.722,637.271,541.804,-1,-1,-1,-1,-1,-1,-1,24.399,2,2,2,2,1,0,0,0,0,2,2,2,2,2,2,2,1
238,572.614,-7498.592,-28.132,167.359,-0.975629,-0.218599,-0.019028,0.218817,-0.975713,-0.010203,-0.016335,-0.014118,0.999767,0,0.57543,-0.81532,13.242,0.092,-1,-1,-1,-1,-1,984.067,990.185,635.068,546.127,-1,-1,-1,-1,-1,-1,-1,-1,2,2,2,2,2,0,0,0,0,2,2,2,2,2,2,2,2
239,556.352,-7495.427,-29.283,167.391,-0.975680,-0.217856,-0.024250,0.218244,-0.975784,-0.014677,-0.020465,-0.019612,0.999598,0,0.57487,-0.81671,16.567,0.033,-1,-1,-1,-1,-1,968.680,976.120,621.807,557.647,-1,-1,-1,-1,-1,-1,-1,-1,2,2,2,2,2,0,0,0,0,2,2,2,2,2,2,2,2
240,540.047,-7492.260,-31.262,167.353,-0.975384,-0.218118,-0.032401,0.218861,-0.975520,-0.021453,-0.026929,-0.028016,0.999245,0,0.57450,-0.81762,16.610,-0.038,-1,-1,-1,-1,-1,947.516,956.748,600.011,573.985,-1,-1,-1,-1,-1,-1,-1,-1,2,2,2,2,2,0,0,0,0,2,2,2,2,2,2,2,2
241,523.630,-7489.049,-34.164,167.294,-0.974909,-0.218525,-0.042416,0.219807,-0.975132,-0.028338,-0.035168,-0.036950,0.998698,0,0.57442,-0.81782,16.728,-0.059,-1,988.720,-1,-1,-1,922.177,933.003,575.333,589.491,-1,-1,-1,-1,-1,-1,-1,-1,2,0,2,2,2,0,0,0,0,2,2,2,2,2,2,2,2
242,507.095,-7485.761,-38.003,167.244,-0.974320,-0.218600,-0.053981,0.220579,-0.974782,-0.033843,-0.045222,-0.044881,0.997968,0,0.57442,-0.81782,16.858,-0.051,-1,952.844,-1,1004.794,-1,893.082,905.172,549.578,599.424,-1,-1,-1,-1,-1,-1,-1,-1,2,0,2,0,2,0,0,0,0,2,2,2,2,2,2,2,2
243,490.463,-7482.396,-42.727,167.218,-0.973602,-0.218100,-0.067312,0.220872,-0.974607,-0.036846,-0.057566,-0.050741,0.997051,0,0.57438,-0.81791,16.969,-0.026,-1,913.792,-1,974.198,-1,859.939,872.878,526.505,600.886,-1,-1,-1,-1,-1,-1,-1,-1,2,0,2,0,2,0,0,0,0,2,2,2,2,2,2,2,2
244,473.762,-7478.961,-48.264,167.228,-0.972670,-0.216931,-0.082788,0.220492,-0.974705,-0.036506,-0.072774,-0.053762,0.995898,0,0.57424,-0.81825,17.051,0.009,-1,871.571,-1,937.560,-1,822.558,835.640,506.957,592.283,-1,-1,-1,-1,-1,-1,-1,-1,2,0,2,0,2,0,0,0,0,2,2,2,2,2,2,2,2
245,457.016,-7475.457,-54.553,167.275,-0.971367,-0.215130,-0.100821,0.219351,-0.975098,-0.032703,-0.091275,-0.053881,0.994367,0,0.57396,-0.81895,17.108,0.047,-1,826.077,-1,890.999,-1,780.957,793.628,490.591,572.801,-1,-1,-1,-1,-1,-1,-1,-1,2,0,2,0,2,0,0,0,0,2,2,2,2,2,2,2,2
246,440.264,-7471.905,-61.531,167.354,-0.969447,-0.212873,-0.121888,0.217509,-0.975714,-0.025928,-0.113408,-0.051648,0.992205,0,0.57352,-0.82002,17.125,0.079,978.016,777.150,-1,835.781,-1,734.887,744.850,476.451,544.518,-1,-1,-1,-1,998.772,-1,-1,-1,0,0,2,0,2,0,0,0,0,2,2,2,2,0,2,2,2
247,423.474,-7468.326,-69.234,167.447,-0.966649,-0.210555,-0.145797,0.215248,-0.976411,-0.017020,-0.138774,-0.047835,0.989168,0,0.57296,-0.82142,17.167,0.092,913.939,726.004,-1,776.197,812.235,685.666,694.595,462.643,510.862,-1,-1,-1,-1,925.189,972.137,-1,-1,0,0,2,0,0,0,0,0,0,2,2,2,2,0,0,2,2
248,406.617,-7464.707,-77.714,167.544,-0.962778,-0.208351,-0.172189,0.212673,-0.977099,-0.006840,-0.166821,-0.043206,0.985040,0,0.57234,-0.82295,17.241,0.097,869.508,673.554,-1,715.495,775.632,635.253,642.975,447.465,473.572,-1,-1,-1,-1,852.228,911.415,985.544,973.883,0,0,2,0,0,0,0,0,0,2,2,2,2,0,0,0,0
249,389.665,-7461.034,-87.009,167.627,-0.957617,-0.206441,-0.200878,0.210073,-0.977680,0.003304,-0.197076,-0.039035,0.979611,0,0.57170,-0.82452,17.345,0.083,824.147,619.122,-1,652.495,738.426,584.712,589.904,428.607,435.990,-1,-1,-1,-1,775.408,832.968,886.091,923.244,0,0,2,0,0,0,0,0,0,2,2,2,2,0,0,0,0
250,372.632,-7457.308,-97.086,167.680,-0.950871,-0.204906,-0.232074,0.207674,-0.978115,0.012715,-0.229600,-0.036106,0.972615,0,0.57111,-0.82597,17.436,0.053,768.778,564.275,964.625,588.180,700.815,532.557,534.781,392.415,398.844,-1,-1,-1,-1,699.423,751.167,789.632,845.502,0,0,0,0,0,0,0,0,0,2,2,2,2,0,0,0,0
251,355.543,-7453.553,-107.869,167.682,-0.942125,-0.203808,-0.266202,0.205732,-0.978384,0.020954,-0.264718,-0.035025,0.963690,0,0.57064,-0.82711,17.497,0.002,677.141,509.114,857.554,526.583,663.034,478.336,480.233,339.139,352.308,-1,-1,-1,-1,624.018,668.174,687.170,747.238,0,0,0,0,0,0,0,0,0,2,2,2,2,0,0,0,0
252,346.064,-7451.341,-110.625,166.308,-0.920614,-0.210945,-0.328591,0.224284,-0.974520,-0.002766,-0.319635,-0.076244,0.944468,0,0.57039,-0.82775,9.734,-1.374,538.147,438.541,730.053,472.586,627.174,419.598,426.315,255.307,434.908,-1,-1,-1,-1,530.275,592.135,549.383,662.434,0,0,0,0,0,0,0,0,0,2,2,2,2,0,0,0,0
253,336.521,-7449.089,-114.368,164.817,-0.895349,-0.214299,-0.390418,0.242971,-0.969713,-0.024936,-0.373250,-0.117186,0.920300,0,0.35603,-0.64263,9.804,-1.491,418.672,376.630,616.729,420.628,586.990,361.410,374.190,209.886,531.795,-1,-1,-1,-1,449.433,519.966,433.162,580.698,0,0,0,0,0,0,0,0,0,2,2,2,2,0,0,0,0
254,326.795,-7446.399,-119.111,163.323,-0.867117,-0.211419,-0.451010,0.259761,-0.964515,-0.047285,-0.425009,-0.158156,0.891266,0,0.35969,-0.62806,10.092,-1.494,318.115,316.335,518.504,373.263,531.835,306.977,327.787,206.038,686.581,-1,-1,-1,-1,375.383,456.792,332.671,509.670,0,0,0,0,0,0,0,0,0,2,2,2,2,0,0,0,0
255,315.909,-7443.857,-124.339,161.995,-0.840440,-0.207006,-0.500808,0.273151,-0.959998,-0.061585,-0.468026,-0.188555,0.863365,0,0.36335,-0.61347,11.178,-1.328,15.516,269.874,445.411,333.259,485.242,264.813,289.640,205.138,877.878,-1,-1,-1,-1,319.374,402.324,22.706,451.349,1,0,0,0,0,0,0,0,0,2,2,2,2,0,0,1,0
256,303.338,-7441.134,-129.087,161.119,-0.821690,-0.206235,-0.531312,0.281018,-0.957640,-0.062883,-0.495837,-0.200978,0.844839,0,0.36659,-0.60058,12.862,-0.876,15.812,241.785,394.619,303.938,441.510,237.898,263.616,211.800,982.812,-1,-1,-1,-1,282.863,364.691,22.480,410.511,1,0,0,0,0,0,0,0,0,2,2,2,2,0,0,1,0
257,290.109,-7437.049,-132.368,160.556,-0.811822,-0.211316,-0.544326,0.286581,-0.956411,-0.056120,-0.508740,-0.201553,0.836995,0,0.36867,-0.59227,13.846,-0.563,16.078,229.351,369.513,287.785,416.331,224.989,250.258,226.176,972.519,-1,-1,-1,-1,267.156,343.717,22.344,385.556,1,0,0,0,0,0,0,0,0,2,2,2,2,0,0,1,0
258,275.952,-7432.416,-134.704,160.433,-0.811578,-0.222550,-0.540197,0.288459,-0.956688,-0.039238,-0.508068,-0.187670,0.840623,0,0.36997,-0.58711,14.896,-0.123,18.340,229.711,364.416,281.921,399.310,223.823,247.024,249.048,814.857,-1,-1,-1,-1,268.787,335.311,22.415,371.107,1,0,0,0,0,0,0,0,0,2,2,2,2,0,0,1,0
259,262.363,-7426.026,-135.876,160.355,-0.815444,-0.236584,-0.528279,0.291088,-0.956466,-0.020976,-0.500318,-0.170880,0.848812,0,0.37015,-0.58637,15.016,-0.078,18.942,236.868,370.160,281.659,388.534,229.235,248.867,276.886,679.654,-1,-1,-1,-1,277.758,334.794,22.624,365.096,1,0,0,0,0,0,0,0,0,2,2,2,2,0,0,1,0
260,250.690,-7417.373,-135.810,159.979,-0.818358,-0.251460,-0.516777,0.298203,-0.954471,-0.007790,-0.491289,-0.160480,0.856085,0,0.37024,-0.58604,14.531,-0.376,18.459,245.328,379.275,284.548,382.838,237.254,252.252,305.598,619.278,-1,-1,-1,-1,286.237,338.241,22.453,364.464,1,0,0,0,0,0,0,0,0,2,2,2,2,0,0,1,0
261,237.771,-7406.444,-135.740,159.375,-0.821619,-0.271852,-0.501037,0.309239,-0.950943,0.008859,-0.478866,-0.147662,0.865380,0,0.37110,-0.58263,16.922,-0.604,18.697,258.094,390.357,288.138,377.110,247.409,257.133,342.943,557.957,-1,-1,-1,-1,298.342,343.760,22.533,364.613,1,0,0,0,0,0,0,0,0,2,2,2,2,0,0,1,0
262,229.673,-7399.248,-136.066,158.715,-0.821790,-0.288990,-0.491066,0.320151,-0.947120,0.021609,-0.471343,-0.139457,0.870854,0,0.37252,-0.57696,10.833,-0.660,9.820,264.618,395.243,289.069,370.517,251.921,259.221,367.028,521.065,-1,-1,-1,-1,305.729,345.632,22.525,362.636,1,0,0,0,0,0,0,0,0,2,2,2,2,0,0,1,0
263,220.297,-7390.242,-136.832,157.664,-0.818699,-0.312634,-0.481655,0.336372,-0.940922,0.038984,-0.465388,-0.130099,0.875493,0,0.37412,-0.57059,13.000,-1.051,272.527,268.701,396.644,286.992,356.454,253.904,258.916,397.405,480.332,-1,-1,-1,-1,311.885,343.533,276.985,355.474,0,0,0,0,0,0,0,0,0,2,2,2,2,0,0,0,0
264,211.318,-7381.158,-138.210,156.576,-0.813411,-0.336695,-0.474341,0.352395,-0.934010,0.058679,-0.462795,-0.119426,0.878384,0,0.37669,-0.56033,12.773,-1.088,280.315,270.321,393.084,281.246,337.136,252.739,255.429,429.429,438.219,-1,-1,-1,-1,314.701,336.465,283.913,342.499,0,0,0,0,0,0,0,0,0,2,2,2,2,0,0,0,0
265,202.550,-7371.692,-140.513,155.513,-0.807230,-0.359669,-0.467993,0.367661,-0.926681,0.078018,-0.461742,-0.109085,0.880281,0,0.37936,-0.54969,12.903,-1.064,285.200,269.529,386.848,273.261,316.759,249.358,249.814,453.289,397.722,-1,-1,-1,-1,313.515,326.120,287.919,324.381,0,0,0,0,0,0,0,0,0,2,2,2,2,0,0,0,0
266,193.779,-7361.937,-143.971,154.505,-0.801344,-0.380876,-0.461283,0.382128,-0.919199,0.095138,-0.460247,-0.100031,0.882138,0,0.38198,-0.53928,13.118,-1.007,287.533,264.720,379.106,264.584,24.024,244.771,243.174,471.693,344.588,-1,-1,-1,-1,309.045,314.362,289.645,25.011,0,0,0,0,1,0,0,0,0,2,2,2,2,0,0,0,1
267,184.551,-7351.800,-148.234,153.730,-0.798449,-0.396582,-0.452993,0.394091,-0.913083,0.104749,-0.455161,-0.094884,0.885339,0,0.38445,-0.52944,13.708,-0.775,288.911,260.698,372.971,258.632,35.380,240.963,237.904,486.220,309.472,-1,-1,-1,-1,305.396,306.456,290.910,37.041,0,0,0,0,1,0,0,0,0,2,2,2,2,0,0,0,1
268,175.293,-7340.772,-152.943,153.033,-0.797591,-0.406904,-0.445285,0.405811,-0.908137,0.102976,-0.446281,-0.098569,0.889448,0,0.60059,-0.62126,14.399,-0.697,286.924,257.055,370.543,256.619,38.352,237.793,235.241,492.441,296.449,-1,-1,-1,-1,301.577,303.855,287.666,40.097,0,0,0,0,1,0,0,0,0,2,2,2,2,0,0,0,1
269,165.731,-7329.106,-158.209,152.397,-0.798907,-0.413160,-0.437088,0.417705,-0.904010,0.091042,-0.432747,-0.109839,0.894799,0,0.60322,-0.61451,15.084,-0.636,281.998,255.097,372.744,257.524,39.407,235.860,235.615,489.042,287.877,-1,-1,-1,-1,298.872,306.894,283.157,41.001,0,0,0,0,1,0,0,0,0,2,2,2,2,0,0,0,1
270,155.783,-7317.142,-163.943,151.871,-0.802715,-0.416708,-0.426618,0.429127,-0.900369,0.072018,-0.414124,-0.125263,0.901560,0,0.60561,-0.60839,15.560,-0.526,18.370,255.276,381.591,262.432,37.616,236.166,239.453,474.964,294.931,-1,-1,-1,-1,299.626,315.084,22.426,39.011,1,0,0,0,1,0,0,0,0,2,2,2,2,0,0,1,1
271,145.330,-7305.413,-169.760,151.434,-0.808533,-0.419690,-0.412473,0.440206,-0.896541,0.049333,-0.390504,-0.141686,0.909633,0,0.60757,-0.60337,15.711,-0.437,18.674,258.753,398.425,271.970,31.501,239.544,246.983,460.465,316.030,-1,-1,-1,-1,304.509,328.618,22.525,32.927,1,0,0,0,1,0,0,0,0,2,2,2,2,0,0,1,1
272,134.755,-7294.964,-174.898,150.634,-0.810012,-0.427473,-0.401433,0.455784,-0.889660,0.027688,-0.368974,-0.160539,0.915470,0,0.60917,-0.59926,14.866,-0.800,18.635,260.193,412.377,281.591,8.918,242.811,253.826,439.569,403.831,-1,-1,-1,-1,306.393,339.065,22.512,9.311,1,0,0,0,1,0,0,0,0,2,2,2,2,0,0,1,1
273,124.577,-7284.924,-178.525,149.611,-0.807723,-0.436257,-0.396565,0.473688,-0.880684,0.004025,-0.351004,-0.184597,0.917998,0,0.61218,-0.59155,14.296,-1.023,18.673,259.436,421.334,291.853,288.117,245.074,259.219,416.171,475.004,-1,-1,-1,-1,305.921,349.190,22.526,325.547,1,0,0,0,0,0,0,0,0,2,2,2,2,0,0,1,0
274,114.859,-7275.066,-180.311,148.433,-0.802760,-0.445582,-0.396273,0.493220,-0.869644,-0.021298,-0.335127,-0.212547,0.917885,0,0.61606,-0.58160,13.843,-1.177,18.457,258.345,430.458,301.018,287.151,247.073,265.383,393.737,602.791,-1,-1,-1,-1,306.363,361.197,22.453,320.322,1,0,0,0,0,0,0,0,0,2,2,2,2,0,0,1,0
275,105.128,-7265.430,-180.278,147.267,-0.797334,-0.455043,-0.396478,0.512531,-0.857399,-0.046672,-0.318702,-0.240421,0.916857,0,0.62056,-0.57009,13.694,-1.166,18.301,259.945,443.818,312.426,287.038,251.640,274.449,372.357,816.955,-1,-1,-1,-1,310.130,377.338,22.404,317.563,1,0,0,0,0,0,0,0,0,2,2,2,2,0,0,1,0
276,95.331,-7255.947,-178.676,146.169,-0.792228,-0.464409,-0.395853,0.530974,-0.844314,-0.072111,-0.300735,-0.267316,0.915478,0,0.62501,-0.55869,13.635,-1.098,17.312,265.646,461.196,327.834,289.240,260.102,287.085,355.267,-1,-1,-1,-1,-1,318.184,381.298,22.197,317.503,1,0,0,0,0,0,0,0,2,2,2,2,2,0,0,1,0
277,85.109,-7246.621,-176.089,145.236,-0.788532,-0.473242,-0.392758,0.547301,-0.831275,-0.097185,-0.280497,-0.291590,0.914493,0,0.62918,-0.54798,13.838,-0.932,15.666,274.828,479.083,346.924,293.520,272.063,303.324,342.769,-1,-1,-1,-1,-1,328.933,379.406,22.580,320.088,1,0,0,0,0,0,0,0,2,2,2,2,2,0,0,1,0
278,74.348,-7237.670,-172.865,144.572,-0.787161,-0.480786,-0.386294,0.559986,-0.819620,-0.120988,-0.258445,-0.311556,0.914406,0,0.63271,-0.53895,13.996,-0.664,14.082,286.568,492.867,352.681,299.537,286.819,319.397,334.706,-1,-1,-1,-1,-1,343.301,380.417,26.474,324.644,1,0,0,0,0,0,0,0,2,2,2,2,2,0,0,1,0
279,62.966,-7229.124,-169.508,144.184,-0.788043,-0.486531,-0.377196,0.568696,-0.809951,-0.143402,-0.235741,-0.327517,0.914964,0,0.63518,-0.53262,14.234,-0.388,16.149,301.167,509.861,354.229,586.427,302.267,336.553,329.367,-1,324.674,-1,-1,-1,360.560,383.765,46.014,330.860,1,0,0,0,0,0,0,0,2,0,2,2,2,0,0,1,0
280,50.866,-7222.655,-166.971,144.436,-0.793719,-0.486098,-0.365675,0.567499,-0.808176,-0.157468,-0.218985,-0.332506,0.917325,0,0.63656,-0.52909,13.721,0.252,33.759,314.219,517.764,357.751,759.389,315.027,349.539,330.136,-1,332.314,-1,-1,-1,376.333,388.395,35.014,336.570,1,0,0,0,0,0,0,0,2,0,2,2,2,0,0,1,0
281,38.358,-7217.905,-165.713,145.135,-0.802559,-0.480630,-0.353403,0.559139,-0.812549,-0.164704,-0.207996,-0.329786,0.920858,0,0.63542,-0.53201,13.379,0.700,20.770,322.049,514.417,361.792,849.144,323.982,357.389,334.106,-1,339.395,-1,-1,-1,387.934,392.957,21.465,340.811,1,0,0,0,0,0,0,0,2,0,2,2,2,0,0,1,0
282,25.663,-7213.601,-165.768,145.972,-0.812279,-0.473443,-0.340668,0.548470,-0.818718,-0.169945,-0.198452,-0.324889,0.924697,0,0.38837,0.06359,13.405,0.837,283.254,327.907,510.736,365.321,910.479,330.845,362.746,337.686,-1,345.702,-1,-1,-1,394.840,397.287,320.096,343.473,0,0,0,0,0,0,0,0,2,0,2,2,2,0,0,0,0
283,12.913,-7209.294,-167.114,146.834,-0.822027,-0.465733,-0.327665,0.537213,-0.825102,-0.174954,-0.188875,-0.319843,0.928454,0,0.38626,0.05477,13.458,0.863,289.100,332.364,506.648,367.829,967.256,334.884,366.214,339.610,-1,351.171,-1,-1,-1,399.946,401.383,327.935,345.233,0,0,0,0,0,0,0,0,2,0,2,2,2,0,0,0,0
284,0.130,-7205.015,-169.756,147.696,-0.831550,-0.457921,-0.314377,0.525765,-0.831455,-0.179591,-0.179152,-0.314627,0.932156,0,0.38408,0.04568,13.480,0.862,293.255,335.504,502.102,369.760,-1,337.151,368.359,339.925,-1,355.928,-1,-1,-1,403.326,404.873,333.040,346.162,0,0,0,0,2,0,0,0,2,0,2,2,2,0,0,0,0
285,-12.723,-7200.747,-173.633,148.553,-0.840897,-0.450360,-0.300112,0.514239,-0.837735,-0.183731,-0.168669,-0.308828,0.936043,0,0.38191,0.03661,13.543,0.857,296.285,337.814,497.313,371.267,-1,338.524,369.253,338.718,-1,360.090,-1,-1,-1,405.768,407.009,335.785,346.374,0,0,0,0,2,0,0,0,2,0,2,2,2,0,0,0,0
286,-25.534,-7196.259,-178.553,149.353,-0.849727,-0.443782,-0.284643,0.503463,-0.843261,-0.188243,-0.156490,-0.303262,0.939970,0,0.37974,0.02757,13.574,0.801,297.847,339.243,493.126,372.533,-1,339.800,369.449,335.456,-1,363.681,-1,-1,-1,408.373,407.010,15.301,346.159,0,0,0,0,2,0,0,0,2,0,2,2,2,0,0,1,0
287,-36.688,-7190.001,-183.557,149.757,-0.855038,-0.440037,-0.274368,0.498498,-0.843240,-0.201110,-0.142862,-0.308729,0.940360,0,0.37771,0.01911,12.789,0.404,8.996,338.160,487.665,371.921,-1,340.240,370.421,324.601,-1,365.730,235.086,-1,-1,408.408,405.874,22.185,346.137,1,0,0,0,2,0,0,0,2,0,0,2,2,0,0,1,0
288,-46.285,-7182.327,-188.459,149.870,-0.857912,-0.439351,-0.266378,0.497913,-0.838841,-0.220063,-0.126764,-0.321428,0.938411,0,0.37666,0.01470,12.288,0.113,17.664,337.437,481.765,369.965,-1,341.459,371.561,309.511,-1,366.754,232.650,-1,-1,407.606,405.452,22.248,380.189,1,0,0,0,2,0,0,0,2,0,0,2,2,0,0,1,0
289,-55.357,-7174.226,-193.569,149.918,-0.860411,-0.441591,-0.254342,0.498412,-0.833226,-0.239417,-0.106200,-0.332764,0.937011,0,0.37631,0.01328,12.163,0.047,18.697,340.467,477.602,367.977,-1,346.247,373.641,295.762,-1,367.800,228.010,-1,-1,411.383,409.066,22.533,655.890,1,0,0,0,2,0,0,0,2,0,0,2,2,0,0,1,0
290,-63.207,-7165.541,-198.441,149.855,-0.861895,-0.447093,-0.239259,0.500523,-0.825759,-0.259997,-0.081327,-0.343845,0.935498,0,0.37614,0.01254,11.707,-0.062,18.688,347.418,475.629,367.130,-1,353.960,378.905,283.119,-1,368.830,221.308,187.416,-1,419.959,414.492,22.530,903.911,1,0,0,0,2,0,0,0,2,0,0,0,2,0,0,1,0
291,-68.849,-7156.204,-202.386,149.641,-0.861726,-0.456574,-0.221289,0.504739,-0.815813,-0.282291,-0.051644,-0.354950,0.933458,0,0.37624,0.01295,10.909,-0.214,18.665,360.576,477.141,368.172,-1,367.567,389.000,272.457,-1,369.854,212.339,178.761,-1,433.520,422.681,22.522,-1,1,0,0,0,2,0,0,0,2,0,0,0,2,0,0,1,2
292,-74.027,-7146.903,-205.993,149.396,-0.860578,-0.469949,-0.196353,0.509028,-0.806638,-0.300376,-0.017224,-0.358446,0.933392,0,0.37672,0.01498,10.645,-0.245,17.759,381.829,517.367,370.677,-1,385.392,393.009,267.280,-1,354.824,203.258,168.381,-1,456.172,636.882,22.266,-1,1,0,0,0,2,0,0,0,2,0,0,0,2,0,0,1,2
293,-79.316,-7137.864,-209.158,149.214,-0.859002,-0.483562,-0.168177,0.511785,-0.802160,-0.307596,0.013837,-0.350296,0.936537,0,0.37729,0.01733,10.472,-0.182,17.089,400.319,860.188,371.504,-1,398.184,395.260,269.715,-1,341.419,197.540,159.946,-1,471.867,806.740,22.181,-1,1,0,0,0,2,0,0,0,2,0,0,0,2,0,0,1,2
294,-84.273,-7128.980,-211.786,149.062,-0.857151,-0.495264,-0.141443,0.513762,-0.802588,-0.303153,0.036620,-0.332516,0.942387,0,0.37770,0.01905,10.174,-0.152,16.827,414.687,-1,368.517,-1,407.107,394.522,278.731,-1,342.970,195.752,154.743,-1,474.549,971.085,22.181,-1,1,0,2,0,2,0,0,0,2,0,0,0,2,0,0,1,2
295,-88.894,-7120.243,-213.984,148.790,-0.854235,-0.505773,-0.120317,0.517544,-0.805350,-0.289067,0.049305,-0.309200,0.949718,0,0.37804,0.02047,9.884,-0.272,425.284,423.249,-1,357.832,-1,403.515,386.423,291.964,-1,357.511,198.558,153.683,-1,473.093,-1,478.252,-1,0,0,2,0,2,0,0,0,2,0,0,0,2,0,2,0,2
296,-93.278,-7111.880,-215.336,148.304,-0.849810,-0.515065,-0.111943,0.524777,-0.806909,-0.271122,0.049318,-0.289147,0.956013,0,0.37867,0.02311,9.443,-0.486,436.202,420.959,-1,340.456,-1,393.570,369.559,304.116,-1,381.720,207.114,158.661,-1,464.520,897.231,479.779,-1,0,0,2,0,2,0,0,0,2,0,0,0,2,0,0,0,2
297,-97.783,-7104.244,-216.238,147.668,-0.844300,-0.523586,-0.114085,0.534405,-0.806953,-0.251472,0.039606,-0.273285,0.961117,0,0.30458,-0.52830,8.866,-0.636,430.677,409.548,-1,321.217,-1,380.477,347.043,313.361,919.424,413.066,220.424,168.700,-1,449.609,736.431,469.392,-1,0,0,2,0,2,0,0,0,0,0,0,0,2,0,0,0,2
298,-102.622,-7097.423,-216.912,146.999,-0.838410,-0.531059,-0.122656,0.544495,-0.806031,-0.232031,0.024357,-0.261322,0.964944,0,0.30578,-0.52204,8.363,-0.669,14.268,393.036,934.252,300.325,-1,366.041,325.670,319.354,798.757,448.517,236.869,182.249,-1,431.688,602.960,25.470,-1,1,0,0,0,2,0,0,0,0,0,0,0,2,0,0,1,2
299,-108.005,-7091.689,-217.332,146.477,-0.833656,-0.535810,-0.133888,0.552257,-0.806325,-0.211785,0.005520,-0.250497,0.968102,0,0.30705,-0.51546,7.865,-0.521,13.548,374.587,679.012,280.629,-1,346.357,306.192,324.765,703.468,479.257,255.262,198.168,-1,413.548,486.120,33.354,-1,1,0,0,0,2,0,0,0,0,0,0,0,2,0,0,1,2
300,-113.911,-7086.847,-217.367,146.144,-0.830353,-0.537946,-0.145357,0.557040,-0.808278,-0.190771,-0.014865,-0.239377,0.970813,0,0.30802,-0.51039,7.638,-0.333,13.438,356.505,384.386,263.158,-1,327.655,288.844,330.948,622.092,497.959,274.805,215.563,-1,396.625,292.269,37.128,-1,1,0,0,0,2,0,0,0,0,0,0,0,2,0,0,1,2
301,-120.166,-7082.456,-216.468,145.921,-0.827861,-0.539084,-0.155028,0.560065,-0.809751,-0.175015,-0.031186,-0.231714,0.972284,0,0.30862,-0.50724,7.642,-0.224,13.446,341.811,368.064,250.055,14.751,313.527,275.444,336.159,580.730,514.691,293.456,232.648,-1,382.641,276.674,36.790,23.860,1,0,0,0,1,0,0,0,0,0,0,0,2,0,0,1,1
302,-126.779,-7078.518,-214.396,145.788,-0.826355,-0.539968,-0.159911,0.561839,-0.809861,-0.168711,-0.038407,-0.229259,0.972607,0,0.30902,-0.50521,7.697,-0.133,13.376,335.211,357.783,243.248,14.911,306.793,267.859,339.505,581.652,527.067,308.474,246.887,-1,373.424,268.414,40.888,23.524,1,0,0,0,1,0,0,0,0,0,0,0,2,0,0,1,1
303,-133.631,-7075.078,-211.474,145.779,-0.826354,-0.540349,-0.158623,0.562032,-0.809064,-0.171860,-0.035472,-0.231169,0.972267,0,0.30923,-0.50410,7.667,-0.009,13.287,337.038,353.712,242.793,15.228,307.689,266.295,341.179,614.792,534.069,317.755,256.514,-1,369.405,267.517,47.346,23.020,1,0,0,0,1,0,0,0,0,0,0,0,2,0,0,1,1
304,-140.803,-7071.866,-208.366,145.923,-0.828055,-0.539882,-0.151166,0.560147,-0.808054,-0.182441,-0.023654,-0.235746,0.971527,0,0.30920,-0.50425,7.858,0.144,13.310,344.431,354.628,247.445,15.740,314.437,269.615,341.430,669.823,536.393,321.222,261.238,-1,369.723,275.638,40.185,22.529,1,0,0,0,1,0,0,0,0,0,0,0,2,0,0,1,1
305,-148.310,-7068.770,-205.801,146.203,-0.830998,-0.538517,-0.139435,0.556238,-0.807350,-0.196942,-0.006517,-0.241217,0.970449,0,0.30887,-0.50594,8.121,0.280,14.009,347.198,631.811,253.987,16.508,314.638,276.050,340.256,732.605,535.854,320.740,262.468,-1,372.549,462.017,28.562,22.219,1,0,0,0,1,0,0,0,0,0,0,0,2,0,0,1,1
306,-156.042,-7065.889,-204.396,146.589,-0.834685,-0.536123,-0.125989,0.550604,-0.807523,-0.211520,0.011662,-0.245923,0.969219,0,0.30829,-0.50901,8.251,0.386,389.781,348.955,826.699,261.221,-1,315.161,287.184,338.103,782.751,533.538,318.775,262.007,-1,375.901,550.224,408.711,-1,0,0,0,0,2,0,0,0,0,0,0,0,2,0,0,0,2
307,-163.829,-7063.824,-204.484,147.132,-0.839601,-0.531573,-0.111803,0.542493,-0.810021,-0.222639,0.027786,-0.247580,0.968469,0,0.30749,-0.51315,8.056,0.543,396.496,350.709,-1,270.859,-1,315.790,298.217,336.153,802.744,522.209,315.919,260.550,-1,379.266,632.943,415.214,-1,0,0,2,0,2,0,0,0,0,0,0,0,2,0,0,0,2
308,-171.295,-7062.292,-205.932,147.820,-0.845649,-0.524589,-0.098402,0.532126,-0.814324,-0.231772,0.041454,-0.248360,0.967780,0,0.30639,-0.51887,7.621,0.688,401.761,352.142,-1,279.787,-1,316.346,302.857,333.070,806.647,510.795,312.012,258.166,-1,382.239,708.294,416.666,-1,0,0,2,0,2,0,0,0,0,0,0,0,2,0,0,0,2
309,-178.525,-7060.429,-208.509,148.449,-0.850861,-0.518321,-0.085899,0.522450,-0.817441,-0.242561,0.055507,-0.251263,0.966326,0,0.30501,-0.52603,7.466,0.629,404.404,352.605,-1,288.038,-1,316.223,301.595,326.867,818.706,488.419,307.504,255.184,-1,383.072,813.716,416.911,-1,0,0,2,0,2,0,0,0,0,0,0,0,2,0,0,0,2
310,-185.678,-7058.205,-212.217,149.032,-0.855333,-0.512802,-0.073753,0.513292,-0.819494,-0.254874,0.070260,-0.255859,0.964158,0,0.30375,-0.53260,7.491,0.583,404.684,352.166,-1,295.719,-1,315.449,300.012,317.896,835.252,462.957,302.407,251.549,-1,382.028,-1,416.014,-1,0,0,2,0,2,0,0,0,0,0,0,0,2,0,2,0,2
311,-192.722,-7055.621,-216.782,149.556,-0.858970,-0.508349,-0.061256,0.504838,-0.820852,-0.267098,0.085496,-0.260353,0.961721,0,0.30258,-0.53869,7.503,0.525,8.545,351.108,-1,313.186,-1,314.555,298.092,307.877,844.430,433.387,297.177,247.266,-1,380.546,-1,8.202,-1,1,0,2,0,2,0,0,0,0,0,0,0,2,0,2,1,2
312,-199.474,-7052.437,-221.257,149.908,-0.860980,-0.506263,-0.049105,0.498924,-0.821814,-0.275131,0.098933,-0.261382,0.960152,0,0.30152,-0.54419,7.465,0.352,13.283,348.954,-1,398.532,14.462,312.461,295.095,300.348,828.191,411.240,293.926,244.396,-1,378.141,-1,27.369,11.953,1,0,2,0,1,0,0,0,0,0,0,0,2,0,2,1,1
313,-205.738,-7048.879,-224.805,150.225,-0.862775,-0.504193,-0.037536,0.493622,-0.823974,-0.278216,0.109345,-0.258566,0.959785,0,0.30080,-0.54795,7.204,0.316,13.269,346.668,-1,410.715,15.453,309.892,291.325,296.835,787.069,396.947,275.083,242.788,-1,375.583,-1,31.594,22.763,1,0,2,0,1,0,0,0,0,0,0,0,2,0,2,1,1
314,-211.497,-7045.581,-226.990,150.525,-0.864613,-0.501753,-0.026231,0.488684,-0.827666,-0.275965,0.116756,-0.251422,0.960810,0,0.30015,-0.55133,6.637,0.300,13.296,345.082,-1,415.201,15.173,307.633,287.372,298.274,722.671,394.291,264.462,242.667,-1,373.597,-1,31.108,23.092,1,0,2,0,1,0,0,0,0,0,0,0,2,0,2,1,1
315,-216.821,-7042.538,-227.262,150.749,-0.866012,-0.499703,-0.017877,0.485004,-0.830767,-0.273123,0.121629,-0.245199,0.961813,0,0.54807,-0.09664,6.132,0.225,13.317,343.587,-1,422.051,15.087,305.495,283.825,301.727,682.565,397.731,261.818,244.877,-1,371.582,-1,26.747,23.223,1,0,2,0,1,0,0,0,0,0,0,0,2,0,2,1,1
316,-223.310,-7039.366,-225.214,150.936,-0.867158,-0.497900,-0.011495,0.481936,-0.833087,-0.271484,0.125596,-0.240959,0.962374,0,0.54722,-0.09907,7.223,0.187,415.849,341.834,-1,440.140,15.248,303.219,280.380,306.745,673.343,405.632,266.543,250.625,-1,368.976,-1,404.753,22.995,0,0,2,0,1,0,0,0,0,0,0,0,2,0,2,0,1
317,-227.918,-7037.590,-222.834,151.060,-0.867952,-0.496576,-0.008474,0.479926,-0.834215,-0.271581,0.127791,-0.239786,0.962378,0,0.54648,-0.10117,4.939,0.124,414.885,340.893,-1,454.102,15.416,302.074,278.567,310.134,684.373,411.689,272.489,255.736,-1,367.306,-1,403.233,22.803,0,0,2,0,1,0,0,0,0,0,0,0,2,0,2,0,1
318,-234.156,-7035.716,-219.279,151.282,-0.869427,-0.494042,-0.004246,0.476357,-0.835963,-0.272487,0.131070,-0.238931,0.962150,0,0.54598,-0.10257,6.513,0.222,413.621,339.349,-1,474.869,15.384,301.442,276.866,314.714,706.265,419.000,280.378,262.537,-1,365.809,-1,402.101,22.834,0,0,2,0,1,0,0,0,0,0,0,0,2,0,2,0,1
319,-240.846,-7033.998,-215.545,151.576,-0.871315,-0.490723,0.001111,0.471594,-0.837971,-0.274597,0.135682,-0.238737,0.961559,0,0.54512,-0.10502,6.908,0.294,412.766,338.160,-1,501.631,15.139,301.606,275.752,319.083,734.345,424.170,286.674,269.090,-1,365.006,-1,401.791,23.139,0,0,2,0,1,0,0,0,0,0,0,0,2,0,2,0,1
320,-247.866,-7031.992,-211.789,151.875,-0.872921,-0.487809,0.007166,0.466588,-0.839057,-0.279784,0.142494,-0.240886,0.960036,0,0.54400,-0.10822,7.300,0.299,411.693,337.172,-1,540.605,15.315,302.131,275.301,321.760,778.501,424.174,289.880,275.208,-1,372.212,-1,401.402,22.912,0,0,2,0,1,0,0,0,0,0,0,0,2,0,2,0,1
321,-255.343,-7029.820,-208.286,152.192,-0.874411,-0.484974,0.014311,0.461181,-0.839952,-0.285994,0.150720,-0.243477,0.958124,0,0.54285,-0.11147,7.786,0.317,410.528,336.203,-1,587.648,15.591,302.784,302.853,323.684,820.195,421.345,290.885,280.997,-1,381.677,-1,401.762,22.639,0,0,2,0,1,0,0,0,0,0,0,0,2,0,2,0,1
322,-263.243,-7027.627,-205.272,152.551,-0.876092,-0.481620,0.022461,0.455076,-0.841400,-0.291465,0.159274,-0.245128,0.956318,0,0.54164,-0.11492,8.198,0.359,409.324,335.086,-1,636.774,15.641,303.370,333.648,325.511,854.464,418.290,290.737,286.493,-1,390.848,-1,404.105,22.599,0,0,2,0,1,0,0,0,0,0,0,0,2,0,2,0,1
323,-271.391,-7025.308,-202.808,152.915,-0.877714,-0.478186,0.030924,0.448855,-0.843040,-0.296333,0.167772,-0.246215,0.954584,0,0.54027,-0.11881,8.471,0.364,407.698,333.531,-1,687.894,15.671,311.142,364.330,326.923,882.452,414.825,289.740,291.807,-1,403.403,-1,405.996,22.576,0,0,2,0,1,0,0,0,0,0,0,0,2,0,2,0,1
324,-279.764,-7022.718,-200.937,153.264,-0.879161,-0.474897,0.039351,0.442859,-0.844748,-0.300462,0.175930,-0.246728,0.952982,0,0.53889,-0.12276,8.764,0.349,405.372,331.257,-1,738.820,-1,325.186,396.354,327.850,901.955,409.917,288.251,294.417,769.632,530.128,-1,406.848,-1,0,0,2,0,2,0,0,0,0,0,0,0,0,0,2,0,2
325,-288.266,-7019.852,-199.615,153.609,-0.880608,-0.471473,0.047362,0.436966,-0.846663,-0.303682,0.183278,-0.246729,0.951595,0,0.53755,-0.12657,8.973,0.345,402.262,328.187,-1,789.118,13.291,329.593,424.320,328.340,914.215,405.587,286.865,292.266,652.764,566.271,-1,406.531,11.115,0,0,2,0,1,0,0,0,0,0,0,0,0,0,2,0,1
326,-296.764,-7016.708,-198.564,153.929,-0.881865,-0.468325,0.054648,0.431475,-0.848294,-0.306963,0.190115,-0.247120,0.950151,0,0.53623,-0.13033,9.060,0.320,398.360,324.479,-1,843.576,15.337,331.414,439.076,328.120,927.339,400.953,285.632,290.392,595.017,596.979,-1,404.932,22.891,0,0,2,0,1,0,0,0,0,0,0,0,0,0,2,0,1
327,-305.364,-7013.469,-197.669,154.246,-0.883110,-0.465097,0.061660,0.426032,-0.850008,-0.309813,0.196504,-0.247330,0.948796,0,0.53499,-0.13384,9.190,0.318,394.054,322.277,-1,899.293,15.210,332.618,452.688,327.780,937.621,396.857,284.769,288.883,548.131,630.116,-1,402.760,23.045,0,0,2,0,1,0,0,0,0,0,0,0,0,0,2,0,1
328,-314.126,-7010.174,-196.878,154.567,-0.884357,-0.461748,0.068569,0.420554,-0.851832,-0.312276,0.202602,-0.247326,0.947514,0,0.53376,-0.13733,9.361,0.320,389.439,323.223,-1,968.416,14.804,333.397,465.693,327.410,945.581,393.201,284.208,288.028,315.446,663.614,-1,400.207,23.742,0,0,2,0,1,0,0,0,0,0,0,0,0,0,2,0,1
329,-322.912,-7006.696,-196.008,154.849,-0.885247,-0.459052,0.074889,0.415635,-0.853011,-0.315626,0.208770,-0.248280,0.945924,0,0.53252,-0.14085,9.449,0.283,384.221,324.205,-1,-1,14.505,334.052,480.039,326.371,961.282,388.371,283.790,287.616,319.340,698.466,-1,396.637,24.541,0,0,2,2,1,0,0,0,0,0,0,0,0,0,2,0,1
330,-331.730,-7003.100,-194.930,155.073,-0.885571,-0.457431,0.080749,0.411576,-0.853306,-0.320117,0.215335,-0.250252,0.943931,0,0.53142,-0.14400,9.523,0.224,378.504,325.786,-1,-1,14.356,334.996,497.288,324.767,986.648,382.477,282.038,287.548,323.511,753.524,-1,392.118,25.085,0,0,2,2,1,0,0,0,0,0,0,0,0,0,2,0,1
331,-340.590,-6999.470,-193.609,155.277,-0.885614,-0.456325,0.086348,0.407772,-0.853016,-0.325709,0.222285,-0.253242,0.941519,0,0.53052,-0.14656,9.574,0.204,372.521,327.913,-1,-1,14.286,356.777,517.045,322.708,-1,375.685,279.566,287.748,331.705,827.607,-1,387.227,25.385,0,0,2,2,1,0,0,0,2,0,0,0,0,0,2,0,1
332,-349.447,-6995.919,-192.056,155.483,-0.885581,-0.455340,0.091714,0.403907,-0.852423,-0.332014,0.229359,-0.256981,0.938805,0,0.52969,-0.14892,9.542,0.206,366.440,330.361,-1,-1,14.230,407.142,539.259,320.425,-1,367.830,276.791,288.339,341.719,959.132,-1,382.319,25.650,0,0,2,2,1,0,0,0,2,0,0,0,0,0,2,0,1
333,-358.359,-6992.504,-190.184,155.655,-0.885305,-0.454830,0.096772,0.400571,-0.851620,-0.338063,0.236174,-0.260525,0.936135,0,0.52885,-0.15130,9.544,0.172,361.337,370.849,-1,-1,14.188,427.331,564.226,318.590,-1,361.084,275.314,289.592,351.987,-1,-1,377.185,25.873,0,0,2,2,1,0,0,0,2,0,0,0,0,2,2,0,1
334,-367.163,-6989.293,-187.908,155.809,-0.884989,-0.454497,0.101130,0.397564,-0.850666,-0.343963,0.242358,-0.264197,0.933522,0,0.52813,-0.15335,9.371,0.154,356.723,404.475,-1,-1,14.112,446.397,589.730,316.988,-1,356.179,275.675,291.582,362.867,-1,-1,371.915,26.297,0,0,2,2,1,0,0,0,2,0,0,0,0,2,2,0,1
335,-375.650,-6986.397,-185.116,155.949,-0.884811,-0.454131,0.104279,0.394885,-0.849640,-0.349539,0.247336,-0.268098,0.931100,0,0.52747,-0.15522,8.968,0.140,352.027,434.406,-1,-1,14.016,464.754,614.714,315.986,-1,353.682,278.645,296.011,374.692,-1,-1,366.548,26.932,0,0,2,2,1,0,0,0,2,0,0,0,0,2,2,0,1
336,-383.932,-6983.727,-181.829,156.062,-0.884580,-0.454076,0.106455,0.392698,-0.848292,-0.355231,0.251607,-0.272425,0.928697,0,0.51733,-0.43704,8.702,0.113,347.300,453.258,-1,-1,13.910,483.981,641.255,315.350,-1,352.534,283.540,302.357,387.285,-1,-1,360.950,27.776,0,0,2,2,1,0,0,0,2,0,0,0,0,2,2,0,1
337,-392.190,-6981.079,-178.196,156.149,-0.884250,-0.454380,0.107891,0.390944,-0.846570,-0.361223,0.255469,-0.277232,0.926217,0,0.51683,-0.43848,8.673,0.087,342.374,468.213,-1,-1,13.757,503.775,668.566,314.790,-1,350.539,289.658,309.985,595.421,-1,-1,-1,29.445,0,0,2,2,1,0,0,0,2,0,0,0,0,2,2,2,1
338,-400.474,-6978.362,-174.509,156.228,-0.884038,-0.454621,0.108611,0.389385,-0.844841,-0.366910,0.258565,-0.282071,0.923894,0,0.51642,-0.43966,8.717,0.079,336.955,481.565,-1,-1,13.475,522.045,695.701,314.252,-1,349.554,296.813,318.562,653.555,-1,-1,-1,35.603,0,0,2,2,1,0,0,0,2,0,0,0,0,2,2,2,1
339,-408.577,-6975.524,-170.865,156.238,-0.883598,-0.455649,0.107883,0.389021,-0.842579,-0.372457,0.260610,-0.287133,0.921758,0,0.51604,-0.44077,8.585,0.009,330.766,491.942,-1,-1,13.337,537.777,719.416,313.388,-1,349.325,305.296,328.543,729.300,-1,-1,-1,34.192,0,0,2,2,1,0,0,0,2,0,0,0,0,2,2,2,1
340,-416.565,-6972.435,-167.360,156.162,-0.882761,-0.457768,0.105747,0.390052,-0.839543,-0.378190,0.261902,-0.292604,0.919668,0,0.51590,-0.44116,8.565,-0.076,323.722,499.479,-1,-1,13.271,551.364,740.483,311.904,-1,349.065,314.606,339.571,829.073,-1,-1,-1,29.376,0,0,2,2,1,0,0,0,2,0,0,0,0,2,2,2,1
341,-424.438,-6968.993,-164.174,156.001,-0.881582,-0.460854,0.102115,0.392489,-0.835848,-0.383810,0.262233,-0.298281,0.917748,0,0.51607,-0.44070,8.593,-0.161,315.662,503.478,-1,-1,13.291,560.577,757.162,309.718,-1,348.859,324.695,351.553,969.652,-1,-1,-1,20.170,0,0,2,2,1,0,0,0,2,0,0,0,0,2,2,2,1
342,-432.204,-6965.174,-161.479,155.747,-0.880092,-0.464800,0.096949,0.396510,-0.831805,-0.388433,0.261187,-0.303416,0.916363,0,0.51652,-0.43938,8.654,-0.254,306.568,502.443,-1,-1,-1,563.321,764.851,307.083,-1,349.734,336.008,364.766,-1,-1,-1,-1,-1,0,0,2,2,2,0,0,0,2,0,0,0,2,2,2,2,2
343,-439.857,-6961.006,-159.356,155.434,-0.878651,-0.468859,0.090247,0.401642,-0.827999,-0.391281,0.258180,-0.307552,0.915836,0,0.51730,-0.43711,8.715,-0.313,296.394,494.790,-1,-1,-1,557.210,759.968,304.287,-1,352.669,349.238,378.293,-1,-1,-1,281.692,-1,0,0,2,2,2,0,0,0,2,0,0,0,2,2,2,0,2
344,-447.360,-6956.472,-157.718,155.062,-0.877142,-0.473171,0.082040,0.407869,-0.824202,-0.392853,0.253505,-0.311127,0.915934,0,0.51829,-0.43426,8.767,-0.373,285.297,481.656,-1,-1,-1,543.813,745.044,301.188,-1,356.967,364.297,393.231,-1,-1,-1,262.334,-1,0,0,2,2,2,0,0,0,2,0,0,0,2,2,2,0,2
345,-454.733,-6951.485,-156.458,154.613,-0.875126,-0.478427,0.072542,0.415298,-0.819523,-0.394855,0.248359,-0.315421,0.915875,0,0.51949,-0.43079,8.901,-0.449,271.268,465.969,-1,-1,16.243,527.922,727.495,297.019,-1,360.163,379.729,408.688,-1,-1,-1,241.385,16.371,0,0,2,2,1,0,0,0,2,0,0,0,2,2,2,0,1
346,-461.874,-6945.986,-155.489,154.071,-0.872259,-0.485157,0.061539,0.424101,-0.813074,-0.398810,0.243521,-0.321767,0.914966,0,0.52095,-0.42655,9.013,-0.542,244.463,449.486,-1,-1,21.143,512.154,712.071,291.031,-1,360.103,393.967,424.053,-1,-1,-1,218.793,22.089,0,0,2,2,1,0,0,0,2,0,0,0,2,2,2,0,1
347,-468.820,-6940.128,-154.785,153.460,-0.868748,-0.492804,0.049201,0.433899,-0.805251,-0.404106,0.238764,-0.329718,0.913388,0,0.52274,-0.42136,9.086,-0.611,216.679,431.935,-1,-1,23.269,495.908,697.468,283.628,-1,357.611,407.493,439.580,-1,-1,-1,195.225,24.360,0,0,2,2,1,0,0,0,2,0,0,0,2,2,2,0,1
348,-475.768,-6934.060,-154.337,152.823,-0.864991,-0.500484,0.036129,0.444098,-0.797077,-0.409200,0.233596,-0.337910,0.911729,0,0.52477,-0.41548,9.226,-0.637,189.123,413.239,-1,-1,22.651,477.946,680.784,275.446,-1,352.926,421.561,455.809,-1,-1,-1,171.718,23.683,0,0,2,2,1,0,0,0,2,0,0,0,2,2,2,0,1
349,-482.252,-6928.061,-153.866,152.234,-0.861457,-0.507230,0.024683,0.453541,-0.790319,-0.411943,0.228457,-0.343676,0.910875,0,0.52689,-0.40933,8.834,-0.589,18.609,397.124,-1,-1,19.276,461.268,663.604,268.576,-1,351.136,436.061,471.745,-1,963.725,-1,22.503,20.126,1,0,2,2,1,0,0,0,2,0,0,0,2,0,2,1,1
350,-487.458,-6922.843,-153.012,151.820,-0.858681,-0.512088,0.020782,0.460037,-0.788005,-0.409163,0.225903,-0.341780,0.912225,0,0.52886,-0.40364,7.370,-0.414,18.686,393.135,-1,-1,12.139,455.128,654.550,268.209,-1,356.672,447.423,482.459,-1,938.963,-1,22.530,12.694,1,0,2,2,1,0,0,0,2,0,0,0,2,0,2,1,1
351,-491.465,-6918.140,-151.636,151.579,-0.856121,-0.516054,0.027282,0.463307,-0.789858,-0.401834,0.228917,-0.331379,0.915306,0,0.53023,-0.39966,6.178,-0.241,18.670,407.995,-1,-1,-1,467.825,664.636,275.064,-1,367.708,450.764,483.394,-1,-1,-1,22.524,-1,1,0,2,2,2,0,0,0,2,0,0,0,2,2,2,1,2
352,-494.264,-6913.821,-150.013,151.516,-0.853861,-0.518719,0.043031,0.463293,-0.795094,-0.391388,0.237234,-0.314255,0.919219,0,0.37088,-0.58373,5.147,-0.063,18.668,441.172,-1,-1,-1,499.361,693.694,287.984,-1,381.985,445.510,474.602,-1,-1,-1,22.523,-1,1,0,2,2,2,0,0,0,2,0,0,0,2,2,2,1,2
353,-495.867,-6909.720,-148.514,151.556,-0.851338,-0.520512,0.065507,0.461154,-0.802026,-0.379594,0.250122,-0.292954,0.922831,0,0.37101,-0.58317,4.403,0.040,18.667,493.856,-1,-1,-1,549.225,744.218,305.086,-1,396.209,432.522,457.788,-1,-1,-1,22.523,-1,1,0,2,2,2,0,0,0,2,0,0,0,2,2,2,1,2
354,-496.591,-6905.614,-147.457,151.636,-0.847999,-0.521796,0.092881,0.457819,-0.809469,-0.367644,0.267019,-0.269239,0.925317,0,0.37091,-0.58359,4.169,0.080,18.667,569.775,-1,-1,-1,621.010,827.765,324.624,-1,407.873,412.612,434.195,848.587,-1,-1,22.523,-1,1,0,2,2,2,0,0,0,2,0,0,0,0,2,2,1,2
355,-496.835,-6901.354,-147.114,151.723,-0.843705,-0.522461,0.123277,0.453853,-0.816898,-0.355944,0.286671,-0.244362,0.926341,0,0.37072,-0.58437,4.267,0.087,18.666,688.205,-1,-1,-1,724.116,961.630,345.334,-1,416.031,387.418,400.043,550.990,-1,-1,22.523,-1,1,0,2,2,2,0,0,0,2,0,0,0,0,2,2,1,2
356,-496.924,-6896.804,-147.684,151.771,-0.838253,-0.522849,0.154793,0.450015,-0.823650,-0.345090,0.307925,-0.219614,0.925717,0,0.37052,-0.58520,4.552,0.048,-1,895.131,-1,-1,-1,885.093,-1,366.113,-1,419.763,353.919,362.802,447.245,-1,-1,15.645,-1,2,0,2,2,2,0,2,0,2,0,0,0,0,2,2,1,2
357,-497.120,-6892.003,-149.191,151.768,-0.831852,-0.522714,0.186527,0.446634,-0.829998,-0.334096,0.329454,-0.194609,0.923898,0,0.37042,-0.58563,4.805,-0.003,-1,-1,-1,-1,-1,-1,-1,387.176,914.133,421.093,320.884,327.614,350.018,-1,-1,-1,-1,2,2,2,2,2,2,2,0,0,0,0,0,0,2,2,2,2
358,-497.522,-6886.997,-151.405,151.740,-0.824826,-0.521452,0.218519,0.443380,-0.836389,-0.322285,0.350822,-0.168942,0.921077,0,0.37044,-0.58555,5.022,-0.028,-1,-1,-1,-1,-1,-1,-1,409.450,769.988,421.721,289.872,289.060,313.738,-1,-1,-1,-1,2,2,2,2,2,2,2,0,0,0,0,0,0,2,2,2,2
359,-498.182,-6881.959,-153.915,151.712,-0.817660,-0.518654,0.249860,0.440046,-0.842902,-0.309639,0.371203,-0.143229,0.917439,0,0.37051,-0.58523,5.081,-0.028,-1,-1,-1,-1,17.636,-1,-1,431.489,638.020,422.940,261.481,251.965,280.651,-1,-1,-1,18.433,2,2,2,2,1,2,2,0,0,0,0,0,0,2,2,2,1
360,-498.960,-6877.374,-155.560,151.622,-0.811936,-0.516504,0.272001,0.438603,-0.847263,-0.299621,0.385212,-0.123973,0.914463,0,0.37059,-0.58492,4.651,-0.090,-1,-1,-1,-1,23.804,-1,-1,449.090,556.146,425.908,239.776,227.750,255.059,-1,-1,-1,24.882,2,2,2,2,1,2,2,0,0,0,0,0,0,2,2,2,1
361,-500.022,-6873.812,-155.898,151.444,-0.808523,-0.516628,0.281756,0.440011,-0.848678,-0.293488,0.390744,-0.113316,0.913498,0,0.37081,-0.58401,3.717,-0.178,-1,-1,-1,-1,26.202,-1,-1,459.249,516.686,431.464,232.651,218.597,242.517,-1,-1,-1,27.388,2,2,2,2,1,2,2,0,0,0,0,0,0,2,2,2,1
362,-501.268,-6871.158,-155.051,151.174,-0.807355,-0.519931,0.279017,0.444332,-0.846831,-0.292313,0.388262,-0.112024,0.914715,0,0.37124,-0.58223,2.932,-0.271,-1,-1,-1,-1,25.246,-1,-1,460.020,515.636,437.792,238.957,224.032,244.345,-1,-1,-1,26.387,2,2,2,2,1,2,2,0,0,0,0,0,0,2,2,2,1
363,-502.814,-6869.191,-153.528,150.845,-0.807779,-0.525492,0.267117,0.450624,-0.842597,-0.294903,0.380041,-0.117847,0.917432,0,0.37189,-0.57954,2.502,-0.329,-1,-1,-1,-1,21.383,-1,-1,453.251,541.775,443.723,254.851,240.051,256.574,-1,-1,-1,22.348,2,2,2,2,1,2,2,0,0,0,0,0,0,2,2,2,1
364,-504.844,-6867.644,-151.930,150.511,-0.808934,-0.531672,0.250899,0.457463,-0.837311,-0.299395,0.369261,-0.127414,0.920550,0,0.37267,-0.57630,2.553,-0.334,-1,-1,-1,-1,16.486,-1,-1,442.430,583.003,448.163,274.074,259.993,274.994,-1,-1,18.823,17.231,2,2,2,2,1,2,2,0,0,0,0,0,0,2,2,1,1
365,-507.191,-6866.457,-150.468,150.281,-0.810061,-0.536028,0.237644,0.462402,-0.833218,-0.303204,0.360535,-0.135727,0.922818,0,0.37346,-0.57303,2.630,-0.230,18.654,-1,-1,-1,-1,-1,-1,433.472,619.717,451.361,289.766,277.357,288.087,-1,-1,22.518,-1,1,2,2,2,2,2,2,0,0,0,0,0,0,2,2,1,2
366,-509.196,-6865.458,-149.292,150.159,-0.810575,-0.538393,0.230437,0.464990,-0.830882,-0.305645,0.356023,-0.140597,0.923840,0,0.37399,-0.57081,2.241,-0.122,18.660,-1,-1,-1,-1,-1,-1,428.598,643.939,453.114,298.502,287.886,296.013,-1,-1,22.521,-1,1,2,2,2,2,2,2,0,0,0,0,0,0,2,2,1,2
367,1069.539,-7395.308,-7.185,178.522,-0.998473,-0.024828,-0.049343,0.025755,-0.999502,-0.018227,-0.048866,-0.019470,0.998616,1,0.37427,-0.56966,0.000,0.000,15.037,-1,-1,-1,13.332,-1,-1,551.821,581.788,-1,-1,-1,-1,-1,-1,23.300,23.095,1,2,2,2,1,2,2,0,0,2,2,2,2,2,2,1,1
368,1068.530,-7394.890,-4.083,178.510,-0.998708,-0.025334,-0.044040,0.025976,-0.999564,-0.014061,-0.043664,-0.015186,0.998931,0,0.79547,0.09318,1.092,-0.012,-1,-1,-1,-1,-1,-1,-1,571.397,581.713,-1,-1,-1,-1,-1,-1,-1,-1,2,2,2,2,2,2,2,0,0,2,2,2,2,2,2,2,2
369,1066.900,-7394.428,-2.026,178.497,-0.998934,-0.025799,-0.038285,0.026206,-0.999605,-0.010152,-0.038008,-0.011144,0.999215,0,0.79552,0.09330,1.695,-0.013,-1,-1,-1,-1,-1,-1,-1,587.955,578.981,-1,-1,-1,-1,-1,-1,-1,-1,2,2,2,2,2,2,2,0,0,2,2,2,2,2,2,2,2
370,1064.721,-7393.971,-0.955,178.481,-0.999121,-0.026260,-0.032667,0.026499,-0.999625,-0.006911,-0.032473,-0.007771,0.999442,0,0.79557,0.09339,2.226,-0.017,-1,-1,-1,-1,-1,-1,-1,600.417,574.867,-1,-1,-1,-1,-1,-1,-1,-1,2,2,2,2,2,2,2,0,0,2,2,2,2,2,2,2,2
371,1061.898,-7393.782,-0.747,178.526,-0.999288,-0.025607,-0.027702,0.025721,-0.999662,-0.003774,-0.027596,-0.004484,0.999609,0,0.79562,0.09350,2.830,0.045,-1,-1,-1,-1,-1,-1,-1,610.175,568.360,-1,-1,-1,-1,-1,-1,-1,-1,2,2,2,2,2,2,2,0,0,2,2,2,2,2,2,2,2
372,1058.545,-7393.842,-1.213,178.607,-0.999400,-0.024261,-0.024725,0.024309,-0.999703,-0.001648,-0.024677,-0.002248,0.999693,0,0.79536,0.09293,3.353,0.081,-1,-1,-1,-1,-1,-1,-1,615.168,562.326,-1,-1,-1,-1,-1,-1,-1,-1,2,2,2,2,2,2,2,0,0,2,2,2,2,2,2,2,2
373,1054.648,-7394.270,-2.215,178.746,-0.999462,-0.021852,-0.024466,0.021873,-0.999761,-0.000566,-0.024448,-0.001100,0.999700,0,0.79492,0.09196,3.921,0.140,-1,-1,-1,-1,-1,-1,-1,615.429,557.078,-1,-1,-1,-1,-1,-1,-1,-1,2,2,2,2,2,2,2,0,0,2,2,2,2,2,2,2,2
374,1050.243,-7395.151,-3.690,178.963,-0.999460,-0.018072,-0.027435,0.018089,-0.999836,-0.000347,-0.027425,-0.000843,0.999624,0,0.79418,0.09034,4.492,0.217,-1,-1,-1,-1,-1,-1,-1,611.473,552.228,-1,-1,-1,-1,-1,-1,-1,-1,2,2,2,2,2,2,2,0,0,2,2,2,2,2,2,2,2
375,1045.353,-7396.392,-5.645,179.232,-0.999347,-0.013351,-0.033577,0.013404,-0.999909,-0.001355,-0.033556,-0.001804,0.999435,0,0.79306,0.08789,5.045,0.268,-1,-1,-1,-1,-1,-1,-1,602.583,548.470,-1,-1,-1,-1,-1,-1,-1,-1,2,2,2,2,2,2,2,0,0,2,2,2,2,2,2,2,2
376,1039.952,-7397.930,-8.007,179.530,-0.999098,-0.008021,-0.041708,0.008203,-0.999958,-0.004196,-0.041673,-0.004534,0.999121,0,0.79168,0.08486,5.616,0.298,-1,-1,-1,-1,9.192,-1,-1,588.044,547.482,-1,-1,-1,-1,-1,-1,-1,22.316,2,2,2,2,1,2,2,0,0,2,2,2,2,2,2,2,1
377,1033.886,-7399.899,-10.496,179.879,-0.998779,-0.001635,-0.049384,0.002102,-0.999954,-0.009398,-0.049367,-0.009490,0.998736,0,0.79014,0.08148,6.377,0.350,-1,-1,-1,-1,17.940,-1,-1,568.308,551.722,-1,-1,-1,-1,-1,-1,-1,22.307,2,2,2,2,1,2,2,0,0,2,2,2,2,2,2,2,1
378,1026.857,-7402.206,-12.658,-179.746,-0.998554,0.005217,-0.053509,-0.004424,-0.999879,-0.014915,-0.053580,-0.014657,0.998456,0,0.78833,0.07752,7.398,0.374,29.328,-1,-1,-1,17.919,-1,-1,550.245,558.323,-1,-1,-1,-1,-1,-1,30.065,22.302,1,2,2,2,1,2,2,0,0,2,2,2,2,2,2,1,1
379,1018.862,-7404.839,-14.149,-179.319,-0.998487,0.012864,-0.053460,-0.011867,-0.999750,-0.018926,-0.053690,-0.018263,0.998391,0,0.78638,0.07323,8.418,0.427,27.114,-1,-1,-1,17.842,-1,-1,538.608,564.144,-1,-1,-1,-1,-1,-1,35.824,22.284,1,2,2,2,1,2,2,0,0,2,2,2,2,2,2,1,1
380,1009.961,-7407.586,-14.891,-178.869,-0.998503,0.020750,-0.050609,-0.019721,-0.999590,-0.020747,-0.051019,-0.019718,0.998503,0,0.78415,0.06833,9.315,0.451,21.700,-1,-1,-1,17.647,-1,-1,534.419,567.583,-1,-1,-1,-1,-1,-1,36.190,22.245,1,2,2,2,1,2,2,0,0,2,2,2,2,2,2,1,1
381,1000.259,-7410.236,-14.965,-178.401,-0.998462,0.028862,-0.047345,-0.027875,-0.999383,-0.021386,-0.047933,-0.020033,0.998650,0,0.78179,0.06315,10.058,0.468,16.927,-1,-1,-1,17.267,-1,-1,534.777,570.417,-1,-1,-1,-1,-1,-1,33.573,22.192,1,2,2,2,1,2,2,0,0,2,2,2,2,2,2,1,1
382,989.780,-7412.647,-14.582,-177.997,-0.998348,0.035868,-0.044889,-0.034923,-0.999155,-0.021668,-0.045629,-0.020065,0.998757,0,0.77934,0.05777,10.753,0.404,13.683,-1,-1,-1,16.277,-1,-1,537.251,573.963,-1,-1,-1,-1,-1,-1,29.654,22.273,1,2,2,2,1,2,2,0,0,2,2,2,2,2,2,1,1
383,978.533,-7414.604,-14.050,-177.680,-0.998154,0.041378,-0.044453,-0.040431,-0.998940,-0.021997,-0.045316,-0.020159,0.998769,0,0.77716,0.05300,11.416,0.316,13.272,-1,-1,-1,-1,-1,-1,540.115,577.903,-1,-1,-1,-1,-1,-1,24.534,15.979,1,2,2,2,2,2,2,0,0,2,2,2,2,2,2,1,1
384,966.514,-7416.262,-13.672,-177.441,-0.997906,0.045561,-0.045907,-0.044600,-0.998768,-0.021744,-0.046842,-0.019651,0.998709,0,0.77540,0.04912,12.133,0.240,12.135,-1,-1,-1,-1,-1,-1,543.928,579.508,-1,-1,-1,-1,-1,-1,11.429,-1,1,2,2,2,2,2,2,0,0,2,2,2,2,2,2,1,2
385,953.786,-7417.831,-13.685,-177.218,-0.997596,0.049428,-0.048573,-0.048478,-0.998613,-0.020550,-0.049521,-0.018146,0.998608,0,0.63249,-0.26027,12.825,0.223,-1,-1,-1,-1,-1,-1,-1,548.816,577.117,-1,-1,-1,-1,-1,-1,-1,-1,2,2,2,2,2,2,2,0,0,2,2,2,2,2,2,2,2
386,940.447,-7419.362,-14.177,-177.010,-0.997257,0.053002,-0.051659,-0.052085,-0.998463,-0.018944,-0.052584,-0.016201,0.998485,0,0.63137,-0.26326,13.427,0.208,-1,-1,-1,-1,-1,1007.882,-1,553.427,572.034,-1,-1,-1,-1,-1,-1,-1,-1,2,2,2,2,2,0,2,0,0,2,2,2,2,2,2,2,2
387,926.471,-7420.923,-15.136,-176.805,-0.996930,0.056498,-0.054201,-0.055641,-0.998303,-0.017193,-0.055080,-0.014124,0.998382,0,0.63031,-0.26613,14.062,0.205,-1,-1,-1,-1,14.868,998.007,-1,557.223,565.614,-1,-1,-1,-1,-1,-1,-1,23.605,2,2,2,2,1,0,2,0,0,2,2,2,2,2,2,2,1
388,911.836,-7422.642,-16.475,-176.591,-0.996645,0.060166,-0.055482,-0.059373,-0.998110,-0.015844,-0.056330,-0.012497,0.998334,0,0.62923,-0.26901,14.736,0.215,-1,-1,-1,-1,14.892,990.206,-1,559.208,559.429,-1,-1,-1,-1,-1,-1,-1,23.559,2,2,2,2,1,0,2,0,0,2,2,2,2,2,2,2,1
389,896.572,-7424.642,-18.051,-176.348,-0.996388,0.064339,-0.055415,-0.063587,-0.997860,-0.015232,-0.056276,-0.011653,0.998347,0,0.62811,-0.27204,15.395,0.242,-1,-1,-1,-1,15.013,983.847,-1,558.981,554.731,-1,-1,-1,-1,-1,-1,-1,23.339,2,2,2,2,1,0,2,0,0,2,2,2,2,2,2,2,1
390,880.784,-7426.984,-19.638,-176.068,-0.996089,0.069238,-0.054893,-0.068468,-0.997528,-0.015789,-0.055851,-0.011969,0.998367,0,0.62685,-0.27540,15.961,0.281,8.712,-1,-1,-1,15.104,977.646,1003.688,556.192,552.921,-1,-1,-1,-1,-1,-1,8.196,23.195,1,2,2,2,1,0,0,0,0,2,2,2,2,2,2,1,1
391,864.556,-7429.596,-21.027,-175.774,-0.995715,0.074390,-0.054941,-0.073578,-0.997150,-0.016655,-0.056023,-0.012542,0.998351,0,0.62544,-0.27921,16.436,0.294,13.307,-1,-1,-1,15.127,970.402,996.479,553.416,552.369,-1,-1,-1,-1,-1,-1,20.519,23.157,1,2,2,2,1,0,0,0,0,2,2,2,2,2,2,1,1
392,847.856,-7432.425,-22.245,-175.462,-0.995253,0.079884,-0.055589,-0.078994,-0.996712,-0.018042,-0.056848,-0.013565,0.998291,0,0.62395,-0.28321,16.938,0.312,13.301,-1,-1,-1,15.148,961.958,988.163,550.139,553.489,-1,-1,-1,-1,-1,-1,20.871,23.126,1,2,2,2,1,0,0,0,0,2,2,2,2,2,2,1,1
393,827.180,-7435.979,-23.514,-175.100,-0.994642,0.086299,-0.056919,-0.085270,-0.996152,-0.020268,-0.058449,-0.015306,0.998173,0,0.62238,-0.28743,20.980,0.362,13.359,1006.810,-1,-1,14.959,950.860,977.329,545.777,557.671,-1,-1,-1,-1,-1,-1,22.797,23.433,1,0,2,2,1,0,0,0,0,2,2,2,2,2,2,1,1
394,812.947,-7438.369,-24.315,-174.883,-0.994263,0.090162,-0.057557,-0.089039,-0.995790,-0.021782,-0.059278,-0.016532,0.998105,0,0.62051,-0.29243,14.432,0.217,13.403,997.957,-1,-1,14.848,944.034,970.704,543.070,560.982,-1,-1,-1,-1,-1,-1,23.242,23.647,1,0,2,2,1,0,0,0,0,2,2,2,2,2,2,1,1
395,794.717,-7441.365,-25.240,-174.630,-0.993809,0.094650,-0.058187,-0.093415,-0.995348,-0.023592,-0.060149,-0.018011,0.998027,0,0.61935,-0.29556,18.474,0.253,13.513,987.557,-1,-1,14.629,935.973,962.884,540.203,565.282,-1,-1,-1,-1,-1,-1,20.975,24.175,1,0,2,2,1,0,0,0,0,2,2,2,2,2,2,1,1
396,776.112,-7444.356,-25.915,-174.408,-0.993461,0.098623,-0.057514,-0.097278,-0.994925,-0.025730,-0.059760,-0.019967,0.998013,0,0.61796,-0.29930,18.844,0.223,13.602,980.070,-1,-1,14.484,930.793,958.106,537.363,571.549,-1,-1,-1,-1,-1,-1,32.006,24.614,1,0,2,2,1,0,0,0,0,2,2,2,2,2,2,1,1
397,757.626,-7447.236,-25.584,-174.146,-0.993345,0.102934,-0.051671,-0.101838,-0.994525,-0.023411,-0.053797,-0.017993,0.998390,0,0.61667,-0.30277,18.709,0.261,13.698,987.342,-1,-1,14.345,938.356,962.939,546.294,571.874,-1,-1,-1,-1,-1,-1,30.295,25.123,1,0,2,2,1,0,0,0,0,2,2,2,2,2,2,1,1
398,738.956,-7449.895,-24.145,-173.899,-0.993457,0.106804,-0.040438,-0.106194,-0.994201,-0.016940,-0.042013,-0.012535,0.999038,0,0.61523,-0.30661,18.858,0.248,13.830,-1,-1,-1,14.181,958.045,979.560,566.982,568.410,-1,-1,-1,-1,-1,-1,28.579,25.901,1,2,2,2,1,0,0,0,0,2,2,2,2,2,2,1,1
399,719.957,-7452.337,-21.913,-173.704,-0.993582,0.109829,-0.027048,-0.109620,-0.993932,-0.009094,-0.027882,-0.006071,0.999593,0,0.61385,-0.31032,19.155,0.195,14.174,-1,-1,-1,13.836,983.435,1001.910,592.633,565.890,-1,-1,-1,-1,-1,-1,25.931,26.591,1,2,2,2,1,0,0,0,0,2,2,2,2,2,2,1,1
400,700.665,-7454.369,-19.438,-173.646,-0.993744,0.110703,-0.014737,-0.110666,-0.993852,-0.003318,-0.015013,-0.001667,0.999886,0,0.61267,-0.31350,19.399,0.059,14.326,-1,-1,-1,-1,1007.978,-1,613.428,568.831,-1,-1,-1,-1,-1,-1,25.207,-1,1,2,2,2,2,0,2,0,0,2,2,2,2,2,2,1,2
401,681.267,-7456.283,-17.280,-173.667,-0.993879,0.110305,-0.006028,-0.110302,-0.993898,-0.000773,-0.006077,-0.000104,0.999982,0,0.61200,-0.31530,19.492,-0.022,-1,-1,-1,-1,-1,-1,-1,627.229,576.712,-1,-1,-1,-1,-1,-1,-1,-1,2,2,2,2,2,2,2,0,0,2,2,2,2,2,2,2,2
402,661.752,-7458.220,-15.746,-173.730,-0.994018,0.109214,-0.000440,-0.109213,-0.994018,-0.001241,-0.000573,-0.001186,0.999999,0,0.61163,-0.31630,19.611,-0.063,-1,-1,-1,-1,-1,-1,-1,633.227,588.238,-1,-1,-1,-1,-1,-1,-1,-1,2,2,2,2,2,2,2,0,0,2,2,2,2,2,2,2,2
403,642.170,-7460.149,-14.993,-173.828,-0.994202,0.107497,0.002687,-0.107508,-0.994195,-0.004227,0.002217,-0.004491,0.999987,0,0.61140,-0.31691,19.676,-0.098,-1,-1,-1,-1,-1,-1,-1,631.937,602.549,-1,-1,-1,-1,-1,-1,-1,-1,2,2,2,2,2,2,2,0,0,2,2,2,2,2,2,2,2
404,622.465,-7462.091,-15.131,-173.949,-0.994424,0.105381,0.004025,-0.105412,-0.994390,-0.008704,0.003085,-0.009080,0.999954,0,0.75574,-0.18646,19.800,-0.121,-1,-1,-1,-1,-1,-1,-1,625.394,617.817,-1,-1,-1,-1,-1,-1,-1,-1,2,2,2,2,2,2,2,0,0,2,2,2,2,2,2,2,2
405,602.531,-7464.045,-16.210,-174.070,-0.994646,0.103264,0.004007,-0.103309,-0.994557,-0.013561,0.002585,-0.013902,0.999900,0,0.75571,-0.18651,20.030,-0.121,-1,-1,-1,-1,-1,-1,-1,615.917,630.561,-1,-1,-1,-1,-1,-1,-1,-1,2,2,2,2,2,2,2,0,0,2,2,2,2,2,2,2,2
406,582.339,-7465.957,-18.215,-174.188,-0.994859,0.101243,0.002546,-0.101272,-0.994696,-0.018020,0.000708,-0.018185,0.999834,0,0.75568,-0.18658,20.283,-0.117,-1,-1,-1,-1,-1,1001.576,-1,605.304,638.962,-1,-1,-1,-1,-1,-1,-1,-1,2,2,2,2,2,0,2,0,0,2,2,2,2,2,2,2,2
407,561.973,-7467.847,-21.038,-174.276,-0.995007,0.099791,-0.001420,-0.099739,-0.994788,-0.021177,-0.003526,-0.020930,0.999775,0,0.75562,-0.18671,20.454,-0.088,-1,991.716,-1,-1,-1,981.870,999.330,595.614,640.544,-1,-1,-1,-1,-1,-1,-1,-1,2,0,2,2,2,0,0,0,0,2,2,2,2,2,2,2,2
408,541.349,-7469.489,-24.623,-174.406,-0.995188,0.097678,-0.007768,-0.097466,-0.994947,-0.024114,-0.010084,-0.023241,0.999679,0,0.75542,-0.18714,20.690,-0.131,-1,968.081,-1,-1,-1,956.950,974.915,584.676,638.114,-1,-1,-1,-1,-1,-1,-1,-1,2,0,2,2,2,0,0,0,0,2,2,2,2,2,2,2,2
409,520.509,-7471.010,-28.922,-174.539,-0.995273,0.095610,-0.017052,-0.095147,-0.995120,-0.026132,-0.019468,-0.024386,0.999513,0,0.75542,-0.18715,20.895,-0.133,-1,943.503,-1,-1,-1,926.376,944.553,574.056,629.840,-1,-1,-1,-1,-1,-1,-1,-1,2,0,2,2,2,0,0,0,0,2,2,2,2,2,2,2,2
410,499.578,-7472.558,-33.997,-174.654,-0.995153,0.093922,-0.029133,-0.093124,-0.995270,-0.027661,-0.031593,-0.024814,0.999193,0,0.75542,-0.18715,20.988,-0.115,-1,914.560,-1,-1,-1,890.599,908.924,562.393,616.694,-1,-1,-1,-1,-1,-1,-1,-1,2,0,2,2,2,0,0,0,0,2,2,2,2,2,2,2,2
411,478.537,-7474.093,-39.751,-174.748,-0.994696,0.092667,-0.044630,-0.091444,-0.995396,-0.028721,-0.047086,-0.024488,0.998591,0,0.75533,-0.18734,21.096,-0.094,-1,880.979,-1,-1,-1,849.421,867.838,549.382,599.059,-1,-1,-1,-1,983.888,-1,-1,-1,2,0,2,2,2,0,0,0,0,2,2,2,2,0,2,2,2
412,457.422,-7475.625,-46.118,-174.811,-0.993701,0.091940,-0.064075,-0.090246,-0.995501,-0.028861,-0.066440,-0.022897,0.997528,0,0.75514,-0.18776,21.171,-0.063,-1,842.881,-1,956.667,-1,803.203,821.474,536.789,575.990,-1,-1,-1,-1,947.535,-1,-1,-1,2,0,2,0,2,0,0,0,0,2,2,2,2,0,2,2,2
413,436.207,-7477.182,-53.150,-174.850,-0.991990,0.091541,-0.087040,-0.089409,-0.995599,-0.028094,-0.089229,-0.020087,0.995809,0,0.75480,-0.18850,21.272,-0.039,-1,801.474,-1,894.899,-1,753.543,771.345,524.400,547.843,-1,-1,-1,-1,909.224,-1,-1,-1,2,0,2,0,2,0,0,0,0,2,2,2,2,0,2,2,2
414,414.800,-7478.751,-60.980,-174.883,-0.989483,0.091133,-0.112331,-0.088613,-0.995694,-0.027231,-0.114329,-0.016990,0.993298,0,0.75434,-0.18949,21.464,-0.033,989.358,752.407,-1,831.637,-1,702.332,719.644,510.039,490.734,-1,-1,-1,-1,869.805,-1,967.647,-1,0,0,2,0,2,0,0,0,0,2,2,2,2,0,2,0,2
415,393.194,-7480.319,-69.635,-174.920,-0.986057,0.090590,-0.139591,-0.087660,-0.995784,-0.027007,-0.141449,-0.014393,0.989841,0,0.75384,-0.19057,21.663,-0.037,639.502,695.834,-1,767.054,-1,649.722,667.311,492.318,431.591,-1,-1,-1,-1,829.550,980.551,885.396,-1,0,0,2,0,2,0,0,0,0,2,2,2,2,0,0,0,2
416,371.438,-7481.881,-79.031,-174.986,-0.981493,0.089732,-0.169176,-0.086114,-0.995874,-0.028615,-0.171045,-0.013517,0.985170,0,0.75336,-0.19163,21.812,-0.066,604.549,637.814,-1,703.026,982.017,596.093,614.293,468.796,417.332,-1,-1,-1,-1,786.603,895.363,808.228,-1,0,0,2,0,0,0,0,0,0,2,2,2,2,0,0,0,2
417,349.537,-7483.446,-89.128,-175.087,-0.975520,0.088647,-0.201251,-0.083862,-0.995957,-0.032197,-0.203292,-0.014531,0.979010,0,0.75299,-0.19242,21.957,-0.101,568.130,579.060,964.577,641.256,942.822,542.154,561.251,439.351,441.809,-1,-1,-1,-1,721.852,808.920,746.754,954.580,0,0,0,0,0,0,0,0,0,2,2,2,2,0,0,0,0
418,327.492,-7484.999,-99.911,-175.214,-0.967829,0.087578,-0.235877,-0.081031,-0.996012,-0.037328,-0.238205,-0.017014,0.971066,0,0.75278,-0.19288,22.100,-0.128,530.751,520.123,882.224,578.268,864.069,487.572,507.911,404.658,494.638,-1,-1,-1,-1,642.992,722.024,676.205,849.990,0,0,0,0,0,0,0,0,0,2,2,2,2,0,0,0,0
419,305.259,-7486.552,-111.463,-175.364,-0.958260,0.086620,-0.272460,-0.077700,-0.996033,-0.043380,-0.275137,-0.020399,0.961189,0,0.75268,-0.19309,22.287,-0.150,493.257,460.351,768.597,519.006,771.549,433.026,454.582,366.062,490.702,-1,-1,-1,-1,565.120,637.558,582.908,740.660,0,0,0,0,0,0,0,0,0,2,2,2,2,0,0,0,0
420,282.841,-7488.086,-123.766,-175.533,-0.946509,0.085903,-0.311034,-0.073949,-0.996005,-0.050046,-0.314090,-0.024368,0.949080,0,0.75268,-0.19310,22.471,-0.168,455.842,401.662,656.130,460.592,670.907,379.579,401.239,325.107,480.624,-1,-1,-1,-1,489.094,558.023,495.474,634.001,0,0,0,0,0,0,0,0,0,2,2,2,2,0,0,0,0
421,260.725,-7489.548,-136.389,-175.700,-0.931306,0.085731,-0.354005,-0.070022,-0.995917,-0.056974,-0.357444,-0.028272,0.933506,0,0.75275,-0.19294,22.165,-0.168,380.233,343.646,548.069,399.051,564.495,326.263,347.966,257.352,470.115,-1,-1,-1,-1,414.244,479.893,403.168,532.628,0,0,0,0,0,0,0,0,0,2,2,2,2,0,0,0,0
422,240.974,-7490.357,-147.349,-176.037,-0.907781,0.082196,-0.411312,-0.062884,-0.996198,-0.060290,-0.414704,-0.028865,0.909498,0,0.75283,-0.19278,19.768,-0.337,14.555,283.227,439.151,330.974,451.994,269.491,291.405,198.600,458.818,-1,-1,-1,-1,335.036,395.930,24.380,426.661,1,0,0,0,0,0,0,0,0,2,2,2,2,0,0,1,0
423,217.469,-7492.147,-158.161,-176.242,-0.873595,0.068319,-0.481833,-0.057388,-0.997651,-0.037408,-0.483257,-0.005028,0.875464,0,0.75377,-0.19072,23.573,-0.204,15.990,223.931,331.993,257.064,320.794,211.331,228.189,188.071,441.300,-1,-1,-1,-1,261.194,301.005,22.384,306.382,1,0,0,0,0,0,0,0,0,2,2,2,2,0,0,1,0
424,200.888,-7492.238,-163.658,-176.238,-0.852945,0.055844,-0.519005,-0.056088,-0.998309,-0.015240,-0.518979,0.016111,0.854635,0,0.75395,-0.19034,16.581,0.004,17.509,196.514,281.434,218.831,19.513,184.101,196.394,197.107,424.795,-1,-1,-1,-1,227.624,254.112,22.221,51.410,1,0,0,0,1,0,0,0,0,2,2,2,2,0,0,1,1
425,179.320,-7489.687,-166.352,-176.857,-0.838152,0.037389,-0.544153,-0.046017,-0.998938,0.002241,-0.543491,0.026919,0.838983,0,0.75345,-0.19143,21.718,-0.620,18.441,178.805,249.694,195.881,60.731,167.373,177.825,202.596,415.992,-1,-1,-1,-1,205.824,225.693,22.447,63.067,1,0,0,0,1,0,0,0,0,2,2,2,2,0,0,1,1
426,157.436,-7484.670,-164.981,-177.817,-0.835939,0.020926,-0.548424,-0.031863,-0.999438,0.010431,-0.547897,0.026194,0.836136,0,0.75578,-0.18636,22.452,-0.960,18.381,177.704,245.812,194.187,60.016,166.620,177.450,228.840,425.357,-1,-1,-1,-1,202.630,221.860,22.429,62.237,1,0,0,0,1,0,0,0,0,2,2,2,2,0,0,1,1
427,135.346,-7477.426,-161.406,-178.628,-0.842391,0.011093,-0.538753,-0.020169,-0.999737,0.010951,-0.538489,0.020091,0.842393,0,0.75979,-0.17766,23.248,-0.811,17.939,185.693,257.025,202.879,30.681,175.080,185.687,255.198,433.671,-1,-1,-1,-1,211.682,233.229,22.306,54.046,1,0,0,0,1,0,0,0,0,2,2,2,2,0,0,1,1
428,113.055,-7469.445,-157.139,-179.184,-0.853935,0.005019,-0.520356,-0.012163,-0.999873,0.010315,-0.520238,0.015138,0.853887,0,0.76320,-0.17025,23.677,-0.555,17.667,199.487,276.134,218.469,21.434,187.961,198.601,282.086,443.189,-1,-1,-1,-1,228.522,252.099,22.248,40.097,1,0,0,0,1,0,0,0,0,2,2,2,2,0,0,1,1
429,90.480,-7461.336,-153.677,-179.598,-0.866957,-0.000189,-0.498382,-0.006090,-0.999921,0.010974,-0.498345,0.012549,0.866888,0,0.76546,-0.16534,23.987,-0.414,18.278,215.000,297.410,235.358,276.262,202.363,212.924,309.529,450.914,-1,-1,-1,-1,246.154,267.116,22.398,263.622,1,0,0,0,0,0,0,0,0,2,2,2,2,0,0,1,0
430,67.927,-7452.907,-151.422,179.945,-0.879369,-0.005535,-0.476108,0.000841,-0.999949,0.010071,-0.476140,0.008455,0.879329,0,0.76706,-0.16187,24.076,-0.457,264.884,228.512,317.541,247.077,299.335,215.569,225.871,332.364,457.917,-1,-1,-1,-1,262.171,281.538,255.457,285.014,0,0,0,0,0,0,0,0,0,2,2,2,2,0,0,0,0
431,45.355,-7444.451,-150.437,179.499,-0.891176,-0.010947,-0.453526,0.007792,-0.999931,0.008825,-0.453591,0.004331,0.891199,0,0.76887,-0.15792,24.104,-0.446,281.727,240.008,336.844,257.225,318.183,225.909,235.601,356.688,459.766,-1,-1,-1,-1,276.412,297.980,270.866,302.825,0,0,0,0,0,0,0,0,0,2,2,2,2,0,0,0,0
432,22.766,-7435.976,-150.721,179.066,-0.902360,-0.016408,-0.430671,0.014713,-0.999865,0.007266,-0.430732,0.000220,0.902480,0,0.78364,-0.14511,24.126,-0.433,295.735,249.829,355.405,267.825,337.241,235.324,244.641,381.879,461.386,-1,-1,-1,-1,288.901,311.022,284.875,322.011,0,0,0,0,0,0,0,0,0,2,2,2,2,0,0,0,0
433,0.162,-7427.482,-152.272,178.645,-0.912914,-0.021917,-0.407563,0.021597,-0.999752,0.005387,-0.407580,-0.003885,0.913161,0,0.78536,-0.14142,24.148,-0.421,308.343,258.460,372.781,277.687,356.332,242.880,252.772,406.424,477.429,-1,-1,-1,-1,299.900,324.652,297.078,338.516,0,0,0,0,0,0,0,0,0,2,2,2,2,0,0,0,0
434,-22.457,-7418.969,-155.089,178.235,-0.922833,-0.027478,-0.384219,0.028437,-0.999591,0.003185,-0.384150,-0.007987,0.923236,0,0.78703,-0.13785,24.168,-0.410,317.634,265.111,389.516,285.246,370.728,249.085,259.259,429.174,491.195,-1,-1,-1,-1,309.488,337.639,305.910,351.455,0,0,0,0,0,0,0,0,0,2,2,2,2,0,0,0,0
435,-45.090,-7410.436,-159.172,177.836,-0.932110,-0.033092,-0.360659,0.035224,-0.999379,0.000661,-0.360457,-0.012088,0.932697,0,0.78864,-0.13441,24.188,-0.399,324.524,270.340,404.463,292.781,382.044,253.986,264.823,428.218,496.574,-1,-1,-1,-1,317.732,347.588,313.209,363.641,0,0,0,0,0,0,0,0,0,2,2,2,2,0,0,0,0
436,-67.735,-7401.883,-164.521,177.447,-0.940742,-0.038763,-0.336901,0.041952,-0.999117,-0.002187,-0.336518,-0.016191,0.941538,0,0.79020,-0.13107,24.206,-0.389,330.163,274.401,417.910,299.212,391.100,257.597,268.404,432.650,485.985,-1,-1,-1,-1,324.716,355.579,318.671,373.721,0,0,0,0,0,0,0,0,0,2,2,2,2,0,0,0,0
437,-90.406,-7393.333,-171.137,177.069,-0.948745,-0.044506,-0.312893,0.048577,-0.998806,-0.005224,-0.312287,-0.020156,0.949774,0,0.79172,-0.12784,24.230,-0.378,333.558,277.080,429.349,303.059,395.837,260.083,271.304,439.127,478.351,-1,-1,-1,-1,330.496,362.356,321.169,379.857,0,0,0,0,0,0,0,0,0,2,2,2,2,0,0,0,0
438,-113.104,-7384.788,-179.018,176.702,-0.956119,-0.050325,-0.288624,0.055092,-0.998446,-0.008414,-0.287752,-0.023945,0.957405,0,0.79317,-0.12474,24.253,-0.367,332.676,278.450,437.078,304.808,397.281,261.226,272.240,444.927,470.103,-1,-1,-1,-1,334.851,366.992,321.993,383.484,0,0,0,0,0,0,0,0,0,2,2,2,2,0,0,0,0
439,-135.844,-7376.293,-188.165,176.353,-0.962879,-0.056173,-0.264022,0.061377,-0.998048,-0.011495,-0.262861,-0.027273,0.964448,0,0.79457,-0.12175,24.275,-0.349,328.847,278.602,440.419,305.188,395.009,260.702,271.932,445.475,460.925,-1,-1,-1,-1,336.710,368.722,321.626,384.909,0,0,0,0,0,0,0,0,0,2,2,2,2,0,0,0,0
440,-158.621,-7367.947,-198.581,176.038,-0.969022,-0.061843,-0.239106,0.067118,-0.997647,-0.013973,-0.237680,-0.029588,0.970893,0,0.79588,-0.11896,24.258,-0.315,323.219,277.273,442.028,303.821,388.591,258.901,270.191,446.517,450.517,-1,-1,-1,-1,337.281,367.847,319.375,383.420,0,0,0,0,0,0,0,0,0,2,2,2,2,0,0,0,0
441,-180.811,-7362.287,-210.027,176.102,-0.974664,-0.064512,-0.214170,0.066410,-0.997791,-0.001671,-0.213589,-0.015851,0.976795,0,0.79701,-0.11653,22.901,0.064,29.135,276.878,440.771,296.677,368.349,256.372,264.955,449.858,434.108,-1,-1,-1,-1,339.926,359.387,31.006,366.571,1,0,0,0,0,0,0,0,0,2,2,2,2,0,0,1,0
442,-199.463,-7364.544,-221.416,177.152,-0.978930,-0.057034,-0.196067,0.048702,-0.997704,0.047061,-0.198301,0.036521,0.979460,0,0.79625,-0.11815,18.788,1.050,28.535,278.048,429.226,274.819,18.839,251.662,250.499,459.870,404.222,-1,-1,-1,-1,345.976,333.571,29.952,22.585,1,0,0,0,1,0,0,0,0,2,2,2,2,0,0,1,1
443,-217.593,-7368.729,-231.406,178.147,-0.984580,-0.046775,-0.168568,0.031846,-0.995414,0.090203,-0.172014,0.083443,0.981554,0,0.79060,-0.13022,18.607,0.996,21.228,289.394,429.206,264.318,18.699,255.570,245.509,468.983,354.237,-1,-1,308.706,-1,360.102,322.213,22.203,22.534,1,0,0,0,1,0,0,0,0,2,2,0,2,0,0,1,1
444,-235.124,-7374.302,-239.573,179.087,-0.991091,-0.031431,-0.129426,0.015791,-0.992632,0.120137,-0.132248,0.117023,0.984285,0,0.78512,-0.14193,18.395,0.940,391.231,314.107,427.434,269.191,18.530,270.911,253.498,473.855,323.218,-1,314.663,298.683,383.042,381.431,330.725,392.985,22.477,0,0,0,0,1,0,0,0,0,2,0,0,0,0,0,0,1
445,-251.624,-7380.572,-245.814,179.871,-0.996892,-0.012723,-0.077749,0.002251,-0.991071,0.133320,-0.078751,0.132731,0.988019,0,0.77985,-0.15320,17.651,0.783,406.419,342.608,436.826,292.729,18.784,300.257,278.207,471.831,308.957,-1,298.850,284.955,362.789,414.840,356.275,404.442,22.565,0,0,0,0,1,0,0,0,0,2,0,0,0,0,0,0,1
446,-267.418,-7387.961,-250.678,-179.197,-0.999773,0.011717,-0.017796,-0.014021,-0.990685,0.135451,-0.016043,0.135669,0.990624,0,0.77530,-0.16292,17.437,0.933,435.501,372.825,456.450,330.077,17.931,335.624,315.866,464.376,303.812,-1,281.774,271.316,348.613,446.580,400.621,423.374,22.303,0,0,0,0,1,0,0,0,0,2,0,0,0,0,0,0,1
447,-282.613,-7395.678,-253.835,-178.195,-0.998612,0.036340,0.038131,-0.031466,-0.992101,0.121432,0.042242,0.120064,0.991867,0,0.77002,-0.17420,17.042,1.001,441.515,400.986,479.663,370.060,18.664,370.860,354.368,449.543,316.013,334.110,269.675,263.891,346.171,471.670,422.257,440.613,22.522,0,0,0,0,1,0,0,0,0,0,0,0,0,0,0,0,1
448,-296.881,-7404.612,-255.860,-177.052,-0.994762,0.059505,0.083116,-0.051222,-0.993822,0.098460,0.088461,0.093687,0.991664,0,0.76442,-0.18617,16.835,1.143,412.385,418.963,-1,401.218,398.358,400.078,390.117,430.072,339.866,315.000,263.732,244.936,51.481,499.968,435.112,459.534,440.423,0,0,2,0,0,0,0,0,0,0,0,0,1,0,0,0,0
449,-310.399,-7414.303,-257.078,-175.926,-0.990060,0.077978,0.117049,-0.070517,-0.995285,0.066591,0.121689,0.057675,0.990891,0,0.75812,-0.19962,16.633,1.126,391.584,417.486,-1,407.184,417.597,402.427,393.407,407.198,372.735,298.825,231.046,219.852,49.458,523.698,445.145,471.023,466.771,0,0,2,0,0,0,0,0,0,0,0,0,1,0,0,0,0
450,-323.720,-7424.304,-257.557,-174.759,-0.985533,0.093708,0.141224,-0.090394,-0.995463,0.029717,0.143367,0.016521,0.989532,0,0.75189,-0.21293,16.657,1.167,385.452,398.321,-1,410.244,437.555,402.705,393.236,383.576,411.737,285.625,210.388,211.486,377.315,713.892,451.030,472.086,481.772,0,0,2,0,0,0,0,0,0,0,0,0,0,0,0,0,0
451,-336.948,-7433.835,-257.037,-173.644,-0.982366,0.107420,0.153031,-0.109422,-0.993984,-0.004696,0.151606,-0.021358,0.988210,0,0.74546,-0.22667,16.303,1.115,368.298,375.638,-1,407.513,462.424,393.427,387.905,363.024,452.099,278.436,206.816,218.612,407.554,670.492,448.929,462.404,485.193,0,0,2,0,0,0,0,0,0,0,0,0,0,0,0,0,0
452,-351.561,-7440.661,-255.212,-173.264,-0.983076,0.107444,0.148380,-0.116103,-0.991929,-0.050962,0.141707,-0.067327,0.987616,0,0.73929,-0.23984,16.129,0.380,17.615,347.316,-1,397.096,476.043,371.490,374.417,330.382,503.917,276.880,223.822,247.963,463.330,457.858,437.262,22.239,479.269,1,0,2,0,0,0,0,0,0,0,0,0,0,0,0,1,0
453,-360.340,-7443.155,-252.949,-173.412,-0.985315,0.102768,0.136354,-0.113795,-0.990617,-0.075683,0.127297,-0.090088,0.987765,0,0.73665,-0.24549,9.127,-0.148,17.870,330.867,-1,386.776,474.106,355.576,362.787,312.746,515.875,280.288,246.658,277.403,500.023,409.547,425.209,22.290,468.406,1,0,2,0,0,0,0,0,0,0,0,0,0,0,0,1,0
454,-370.150,-7444.462,-248.784,-173.718,-0.988255,0.097450,0.117711,-0.108786,-0.989606,-0.094056,0.107322,-0.105757,0.988584,0,0.73690,-0.24495,9.896,-0.306,18.677,315.721,-1,373.188,463.671,338.706,348.744,304.054,524.596,288.752,283.639,319.805,554.152,377.262,408.767,22.526,450.951,1,0,2,0,0,0,0,0,0,0,0,0,0,0,0,1,0
455,-378.652,-7444.164,-243.435,-174.253,-0.990999,0.089852,0.099236,-0.099732,-0.990023,-0.099542,0.089302,-0.108543,0.990073,0,0.73791,-0.24279,8.507,-0.535,18.660,308.243,-1,361.330,448.031,327.360,336.980,307.350,527.136,300.361,324.321,358.081,593.195,379.922,394.240,22.520,434.786,1,0,2,0,0,0,0,0,0,0,0,0,0,0,0,1,0
456,-386.985,-7442.571,-237.589,-174.932,-0.992978,0.079655,0.087459,-0.088057,-0.991398,-0.096828,0.078994,-0.103850,0.991451,0,0.74012,-0.23807,8.484,-0.679,18.456,308.449,-1,353.059,433.123,322.623,328.969,317.719,525.755,313.097,354.047,372.375,613.025,383.186,384.061,22.453,424.875,1,0,2,0,0,0,0,0,0,0,0,0,0,0,0,1,0
457,-395.577,-7440.072,-231.840,-175.646,-0.994165,0.068277,0.083509,-0.075701,-0.993130,-0.089226,0.076844,-0.095027,0.992504,0,0.74308,-0.23175,8.948,-0.713,18.155,317.118,-1,347.642,420.605,320.060,324.054,331.987,522.048,325.859,367.212,383.645,617.026,377.135,377.913,22.361,420.643,1,0,2,0,0,0,0,0,0,0,0,0,0,0,0,1,0
458,-404.527,-7437.051,-226.570,-176.360,-0.994709,0.056510,0.085796,-0.063273,-0.994923,-0.078265,0.080938,-0.083280,0.993234,0,0.74623,-0.22503,9.447,-0.715,18.883,319.522,-1,344.159,409.706,316.500,321.034,346.944,516.691,338.201,378.236,392.434,609.829,376.723,375.009,22.601,419.887,1,0,2,0,0,0,0,0,0,0,0,0,0,0,0,1,0
459,-413.649,-7433.097,-222.197,-177.180,-0.994955,0.042609,0.090821,-0.049018,-0.996374,-0.069545,0.087529,-0.073646,0.993436,0,0.74940,-0.21826,9.942,-0.819,18.464,324.277,-1,341.610,399.618,313.996,318.620,358.665,511.096,349.719,387.898,399.800,598.912,376.132,373.593,22.454,421.944,1,0,2,0,0,0,0,0,0,0,0,0,0,0,0,1,0
460,-422.940,-7428.716,-219.034,-178.063,-0.994921,0.027462,0.096838,-0.033645,-0.997459,-0.062802,0.094867,-0.065741,0.993317,0,0.28391,0.15730,10.272,-0.884,320.390,328.352,-1,338.968,389.416,311.739,315.911,366.146,505.315,360.495,396.720,406.359,586.743,375.807,372.202,289.437,424.557,0,0,2,0,0,0,0,0,0,0,0,0,0,0,0,0,0
461,-432.275,-7424.213,-217.151,-178.932,-0.994585,0.012595,0.103162,-0.018534,-0.998213,-0.056815,0.102262,-0.058420,0.993041,0,0.28542,0.16588,10.364,-0.869,322.612,331.403,-1,336.397,378.681,308.756,312.399,371.733,499.102,370.684,404.842,412.320,574.444,373.188,370.094,284.004,426.109,0,0,2,0,0,0,0,0,0,0,0,0,0,0,0,0,0
462,-441.663,-7419.633,-216.548,-179.779,-0.993950,-0.001828,0.109815,-0.003837,-0.998673,-0.051353,0.109763,-0.051463,0.992625,0,0.28691,0.17432,10.446,-0.846,307.550,327.755,-1,333.086,367.360,305.054,308.179,376.557,492.390,380.302,410.389,417.677,561.917,365.779,585.622,283.505,413.197,0,0,2,0,0,0,0,0,0,0,0,0,0,0,0,0,0
463,-451.090,-7414.993,-217.227,179.382,-0.993034,-0.016056,0.116732,0.010707,-0.998870,-0.046304,0.117343,-0.044731,0.992083,0,0.28836,0.18253,10.507,-0.839,291.368,320.001,-1,329.038,355.346,299.442,303.325,380.551,485.124,389.369,407.263,422.415,551.659,606.349,604.079,409.931,398.740,0,0,2,0,0,0,0,0,0,0,0,0,0,0,0,0,0
464,-460.555,-7410.308,-219.190,178.557,-0.991846,-0.029964,0.123867,0.024980,-0.998822,-0.041596,0.124968,-0.038163,0.991427,0,0.28980,0.19067,10.561,-0.825,274.123,311.491,-1,324.186,342.592,292.465,297.799,380.107,477.281,396.038,401.854,414.041,545.912,649.317,616.691,-1,383.558,0,0,2,0,0,0,0,0,0,0,0,0,0,0,0,2,0
465,-470.082,-7405.661,-222.428,177.774,-0.990404,-0.043007,0.131342,0.038492,-0.998584,-0.036722,0.132735,-0.031314,0.990657,0,0.29121,0.19867,10.600,-0.783,261.305,302.414,-1,318.391,329.878,284.903,291.320,373.195,468.747,402.005,394.215,402.906,539.359,690.223,620.959,-1,367.674,0,0,2,0,0,0,0,0,0,0,0,0,0,0,0,2,0
466,-479.640,-7400.933,-226.938,176.999,-0.988716,-0.055849,0.139003,0.051842,-0.998133,-0.032285,0.140547,-0.024715,0.989766,0,0.29254,0.20624,10.664,-0.776,252.110,293.180,-1,311.217,317.794,276.651,283.903,364.477,459.621,407.333,384.484,389.668,532.155,716.574,615.731,370.397,350.989,0,0,2,0,0,0,0,0,0,0,0,0,0,0,0,0,0
467,-489.251,-7396.272,-232.722,176.262,-0.986823,-0.067830,0.146898,0.064468,-0.997540,-0.027533,0.148404,-0.017700,0.988768,0,0.29387,0.21375,10.681,-0.736,254.074,285.026,-1,301.926,304.864,267.751,275.719,354.596,449.757,412.149,372.530,374.234,518.415,736.727,598.029,353.757,333.423,0,0,2,0,0,0,0,0,0,0,0,0,0,0,0,0,0
468,-498.689,-7392.720,-239.598,175.858,-0.985226,-0.072891,0.154975,0.071348,-0.997331,-0.015504,0.155691,-0.004218,0.987797,0,0.29512,0.22085,10.084,-0.404,20.593,277.196,-1,290.709,289.221,258.888,266.137,350.558,427.006,417.856,357.663,356.900,493.870,766.504,554.574,22.251,314.200,1,0,2,0,0,0,0,0,0,0,0,0,0,0,0,1,0
469,-506.557,-7391.817,-247.185,176.253,-0.985601,-0.061687,0.157432,0.064553,-0.997828,0.013153,0.156279,0.023126,0.987442,0,0.29577,0.22452,7.920,0.395,30.002,269.640,-1,274.828,267.887,249.535,253.011,360.366,387.809,427.379,348.272,338.823,466.605,782.208,306.672,31.597,290.829,1,0,2,0,0,0,0,0,0,0,0,0,0,0,0,1,0
470,-513.718,-7391.241,-253.168,176.628,-0.986331,-0.051912,0.156383,0.058117,-0.997683,0.035365,0.154185,0.043970,0.987063,0,0.29498,0.22003,7.184,0.375,36.765,261.353,-1,260.444,18.720,240.306,240.732,368.185,358.705,436.384,345.273,329.086,453.487,768.796,286.677,38.489,22.542,1,0,2,0,1,0,0,0,0,0,0,0,0,0,0,1,1
471,-519.916,-7391.468,-256.150,176.928,-0.986946,-0.045398,0.154523,0.052973,-0.997570,0.045258,0.152093,0.052852,0.986952,0,0.29422,0.21576,6.201,0.300,41.470,254.179,-1,249.628,18.670,233.037,231.893,369.440,345.253,442.148,346.711,327.645,451.263,282.564,275.682,43.357,22.524,1,0,2,0,1,0,0,0,0,0,0,0,0,0,0,1,1
472,-525.014,-7392.554,-255.916,177.199,-0.987242,-0.041086,0.153834,0.048298,-0.997888,0.043440,0.151725,0.050315,0.987141,0,0.29360,0.21223,5.212,0.271,43.846,249.473,-1,244.422,18.660,228.783,227.365,364.984,346.373,444.037,350.425,332.266,458.469,277.611,270.985,45.827,22.521,1,0,2,0,1,0,0,0,0,0,0,0,0,0,0,1,1
473,-529.382,-7394.278,-253.051,177.479,-0.987116,-0.037628,0.155517,0.043469,-0.998465,0.034332,0.153986,0.040650,0.987236,0,0.29303,0.20898,4.696,0.279,43.766,247.618,-1,243.797,18.621,227.507,226.551,358.727,357.618,443.269,354.548,339.708,471.466,749.335,271.243,45.698,22.508,1,0,2,0,1,0,0,0,0,0,0,0,0,0,0,1,1
474,-533.460,-7396.354,-248.621,177.789,-0.986602,-0.033873,0.159587,0.038095,-0.998999,0.023469,0.158633,0.029234,0.986905,0,0.29244,0.20564,4.576,0.310,41.653,248.123,-1,245.798,18.148,228.396,228.013,354.553,373.194,441.722,358.107,347.179,486.023,798.273,273.829,42.959,22.360,1,0,2,0,1,0,0,0,0,0,0,0,0,0,0,1,1
475,-537.551,-7398.383,-243.767,178.100,-0.985847,-0.029858,0.164969,0.032708,-0.999359,0.014586,0.164428,0.019775,0.986191,0,0.29179,0.20198,4.566,0.311,26.967,249.787,-1,248.432,17.840,230.149,230.120,352.331,388.162,440.839,361.197,353.496,499.099,867.442,277.188,37.946,22.283,1,0,2,0,1,0,0,0,0,0,0,0,0,0,0,1,1
476,-541.831,-7400.160,-239.301,178.399,-0.984937,-0.025626,0.171005,0.027531,-0.999582,0.008776,0.170708,0.013352,0.985231,0,0.29114,0.19831,4.635,0.299,20.166,251.703,-1,250.563,254.585,231.889,231.905,351.819,399.526,440.926,363.264,357.751,509.334,959.104,622.434,30.340,290.253,1,0,2,0,0,0,0,0,0,0,0,0,0,0,0,1,0
477,-546.353,-7401.713,-235.628,178.682,-0.983903,-0.021308,0.177427,0.022629,-0.999729,0.005424,0.177263,0.009351,0.984119,0,0.29052,0.19478,4.780,0.284,17.482,253.507,-1,251.842,259.955,233.200,233.015,352.078,405.639,441.584,363.650,359.500,516.737,-1,768.818,17.753,297.110,1,0,2,0,0,0,0,0,0,0,0,0,0,2,0,1,0
478,-551.060,-7403.177,-232.931,178.982,-0.982917,-0.016429,0.183316,0.017470,-0.999839,0.004064,0.183220,0.007197,0.983046,0,0.28992,0.19140,4.930,0.299,-1,255.100,-1,251.738,263.428,233.647,232.865,352.454,408.947,442.685,363.156,359.759,522.240,-1,1002.209,-1,301.937,2,0,2,0,0,0,0,0,0,0,0,0,0,2,0,2,0
479,-555.900,-7404.540,-231.274,179.296,-0.982019,-0.011086,0.188457,0.012069,-0.999919,0.004073,0.188397,0.006275,0.982073,0,0.28930,0.18786,5.029,0.314,-1,255.602,-1,250.234,265.077,233.112,231.570,352.495,409.828,444.025,361.801,358.735,526.286,-1,-1,-1,304.751,2,0,2,0,0,0,0,0,0,0,0,0,0,2,2,2,0
480,-560.843,-7405.528,-230.624,179.528,-0.981228,-0.007107,0.192718,0.008077,-0.999958,0.004246,0.192680,0.005723,0.981245,0,0.28865,0.18417,5.041,0.233,-1,254.510,-1,247.668,264.871,231.392,229.270,351.706,409.182,445.405,359.668,356.806,529.126,-1,-1,-1,305.252,2,0,2,0,0,0,0,0,0,0,0,0,0,2,2,2,0
481,-565.791,-7406.033,-230.919,179.654,-0.980692,-0.004954,0.195494,0.005926,-0.999973,0.004385,0.195467,0.005459,0.980695,0,0.28815,0.18133,4.973,0.125,-1,268.353,-1,243.924,262.516,228.280,225.840,350.121,407.179,446.983,357.690,354.944,530.949,-1,-1,-1,302.976,2,0,2,0,0,0,0,0,0,0,0,0,0,2,2,2,0
482,-570.660,-7406.135,-231.957,179.697,-0.980609,-0.004159,0.195932,0.005185,-0.999975,0.004723,0.195907,0.005648,0.980606,0,0.45840,-0.15184,4.870,0.043,-1,258.691,-1,238.691,257.830,223.632,221.054,348.029,403.883,449.101,357.535,354.730,531.373,-1,-1,-1,297.695,2,0,2,0,0,0,0,0,0,0,0,0,0,2,2,2,0
483,-575.336,-7405.808,-233.373,179.670,-0.980843,-0.004305,0.194750,0.005648,-0.999964,0.006340,0.194716,0.007319,0.980832,0,0.45816,-0.15269,4.687,-0.027,15.237,240.249,-1,232.532,251.161,218.171,215.483,346.597,398.967,452.048,359.081,355.755,530.467,-1,-1,23.008,289.953,1,0,2,0,0,0,0,0,0,0,0,0,0,2,2,1,0
484,-579.720,-7405.396,-234.879,179.680,-0.981280,-0.003221,0.192560,0.005481,-0.999922,0.011207,0.192509,0.012052,0.981221,0,0.45814,-0.15277,4.404,0.010,15.466,234.287,-1,225.613,242.952,212.698,209.460,347.166,391.519,456.189,362.278,357.556,526.918,-1,-1,22.753,279.763,1,0,2,0,0,0,0,0,0,0,0,0,0,2,2,1,0
485,-583.754,-7404.902,-236.134,179.719,-0.981736,-0.001326,0.190245,0.004820,-0.999828,0.017908,0.190188,0.018498,0.981573,0,0.45802,-0.15319,4.064,0.039,15.840,229.106,-1,218.892,13.351,207.778,203.727,349.322,383.169,461.008,366.339,359.714,521.074,-1,987.731,22.464,22.344,1,0,2,0,1,0,0,0,0,0,0,0,0,2,0,1,1
486,-587.581,-7404.120,-236.441,179.676,-0.981807,-0.001084,0.189877,0.005555,-0.999720,0.023018,0.189799,0.023654,0.981538,0,0.45783,-0.15386,3.906,-0.043,16.034,225.432,-1,214.332,13.461,204.270,199.743,351.937,377.288,465.336,369.385,361.206,516.155,-1,895.666,22.362,33.978,1,0,2,0,1,0,0,0,0,0,0,0,0,2,0,1,1
487,-591.312,-7403.229,-235.628,179.579,-0.981431,-0.001958,0.191804,0.007205,-0.999618,0.026664,0.191679,0.027551,0.981071,0,0.45789,-0.15367,3.836,-0.096,16.123,223.594,-1,212.005,13.524,202.366,197.616,353.258,373.985,469.111,371.310,361.968,512.164,-1,948.184,22.327,36.055,1,0,2,0,1,0,0,0,0,0,0,0,0,2,0,1,1
488,-594.980,-7402.332,-233.845,179.452,-0.980684,-0.003543,0.195566,0.009375,-0.999538,0.028903,0.195373,0.030178,0.980265,0,0.45810,-0.15292,3.777,-0.127,16.184,400.711,-1,211.504,13.583,201.791,197.012,352.807,373.000,472.355,372.455,362.358,509.434,-1,-1,22.302,33.950,1,0,2,0,1,0,0,0,0,0,0,0,0,2,2,1,1
489,-598.583,-7401.428,-231.354,179.294,-0.979734,-0.005897,0.200218,0.012069,-0.999488,0.029617,0.199941,0.031434,0.979304,0,0.45840,-0.15186,3.715,-0.158,16.200,434.604,-1,212.224,13.594,201.980,197.394,351.959,374.004,475.180,373.612,363.175,508.705,-1,-1,22.299,29.020,1,0,2,0,1,0,0,0,0,0,0,0,0,2,2,1,1
490,-602.202,-7400.520,-228.513,179.118,-0.978698,-0.008723,0.205118,0.015066,-0.999455,0.029382,0.204750,0.031846,0.978296,0,0.45878,-0.15048,3.731,-0.176,16.171,470.042,-1,213.455,13.568,202.421,198.165,350.718,376.096,477.832,375.048,364.518,509.406,-1,-1,22.307,18.747,1,0,2,0,1,0,0,0,0,0,0,0,0,2,2,1,1
491,-605.926,-7399.608,-225.663,178.935,-0.977653,-0.011732,0.209896,0.018182,-0.999419,0.028828,0.209436,0.032000,0.977299,0,0.45922,-0.14892,3.835,-0.184,16.144,500.958,-1,342.057,223.161,259.605,198.836,349.134,378.369,480.497,376.684,366.130,510.620,-1,-1,22.318,258.595,1,0,2,0,0,0,0,0,0,0,0,0,0,2,2,1,0
492,-609.766,-7398.701,-223.030,178.746,-0.976605,-0.014852,0.214529,0.021373,-0.999376,0.028111,0.213977,0.032038,0.976313,0,0.45968,-0.14730,3.945,-0.188,16.165,531.337,-1,364.127,223.289,339.508,199.165,347.080,380.444,483.104,378.085,367.534,511.738,-1,-1,22.310,258.733,1,0,2,0,0,0,0,0,0,0,0,0,0,2,2,1,0
493,-613.758,-7397.787,-220.732,178.556,-0.975494,-0.018037,0.219284,0.024588,-0.999328,0.027181,0.218646,0.031907,0.975282,0,0.46014,-0.14564,4.096,-0.190,16.175,561.585,-1,386.287,223.155,359.611,297.233,344.415,382.201,485.522,378.635,368.130,512.248,-1,-1,22.307,-1,1,0,2,0,0,0,0,0,0,0,0,0,0,2,2,1,2
494,-617.941,-7396.873,-218.805,178.366,-0.974279,-0.021230,0.224341,0.027798,-0.999271,0.026161,0.223622,0.031724,0.974159,0,0.46061,-0.14398,4.281,-0.190,16.257,588.328,-1,408.614,222.737,379.394,331.720,341.174,383.502,487.733,378.067,366.928,511.741,-1,-1,22.279,-1,1,0,2,0,0,0,0,0,0,0,0,0,0,2,2,1,2
495,-622.314,-7395.942,-217.237,178.180,-0.972972,-0.024302,0.229642,0.030922,-0.999202,0.025273,0.228844,0.031690,0.972947,0,0.46108,-0.14232,4.471,-0.186,16.331,614.567,-1,429.666,221.928,399.232,349.715,337.568,384.189,489.849,375.960,363.510,510.119,-1,-1,22.256,-1,1,0,2,0,0,0,0,0,0,0,0,0,0,2,2,1,2
496,-626.848,-7394.989,-215.966,177.997,-0.971621,-0.027222,0.234973,0.033980,-0.999116,0.024758,0.234091,0.032039,0.971687,0,0.46152,-0.14073,4.633,-0.183,16.516,641.191,-1,449.366,220.591,418.848,367.171,333.842,384.158,492.030,371.537,359.357,507.531,-1,-1,22.216,-1,1,0,2,0,0,0,0,0,0,0,0,0,0,2,2,1,2
497,-631.472,-7393.984,-214.898,177.824,-0.970293,-0.029819,0.240088,0.036874,-0.999009,0.024943,0.239106,0.033055,0.970431,0,0.46196,-0.13919,4.732,-0.173,16.602,668.021,-1,468.750,-1,435.383,383.670,333.972,383.287,491.788,367.293,355.127,504.157,-1,-1,22.202,-1,1,0,2,0,2,0,0,0,0,0,0,0,0,2,2,1,2
498,-636.080,-7392.939,-213.905,177.657,-0.969069,-0.032033,0.244701,0.039651,-0.998868,0.026267,0.243583,0.035158,0.969243,0,0.46237,-0.13773,4.726,-0.167,16.836,693.565,-1,485.402,-1,451.089,398.268,335.227,381.460,492.973,364.140,351.578,500.167,-1,-1,22.181,-1,1,0,2,0,2,0,0,0,0,0,0,0,0,2,2,1,2
499,-640.657,-7391.810,-212.916,177.493,-0.968011,-0.034025,0.248592,0.042383,-0.998699,0.028346,0.247304,0.037975,0.968193,0,0.46276,-0.13634,4.714,-0.164,17.087,717.573,-1,499.003,-1,465.256,409.990,336.832,379.028,495.452,362.508,349.258,496.340,-1,-1,22.181,-1,1,0,2,0,2,0,0,0,0,0,0,0,0,2,2,1,2
