timestep,x_cm,y_cm,z_cm,yaw_deg,basis_xx,basis_xy,basis_xz,basis_yx,basis_yy,basis_yz,basis_zx,basis_zy,basis_zz,teleport_flag,throttle_cmd,steering_cmd,cmd_move_cm,cmd_turn_deg,lidar_cm_0,lidar_cm_1,lidar_cm_2,lidar_cm_3,lidar_cm_4,lidar_cm_5,lidar_cm_6,lidar_cm_7,lidar_cm_8,lidar_cm_9,lidar_cm_10,lidar_cm_11,lidar_cm_12,lidar_cm_13,lidar_cm_14,lidar_cm_15,lidar_cm_16,lidar_class_0,lidar_class_1,lidar_class_2,lidar_class_3,lidar_class_4,lidar_class_5,lidar_class_6,lidar_class_7,lidar_class_8,lidar_class_9,lidar_class_10,lidar_class_11,lidar_class_12,lidar_class_13,lidar_class_14,lidar_class_15,lidar_class_16
0,5032.527,4783.479,133.557,43.130,0.729792,-0.683183,-0.025773,0.683655,0.729022,0.033797,-0.004300,-0.042284,0.999096,0,0.82799,-0.25036,0.251,-0.001,-1,544.635,-1,493.256,-1,430.813,421.444,728.849,622.525,-1,-1,-1,-1,-1,785.962,-1,-1,2,0,2,0,2,0,0,0,0,2,2,2,2,2,0,2,2
1,5033.025,4783.847,138.363,43.139,0.729698,-0.683335,-0.024369,0.683768,0.729159,0.028080,-0.001420,-0.037153,0.999309,0,0.82800,-0.25033,0.619,0.008,-1,567.756,-1,506.417,-1,445.340,434.146,764.201,625.406,-1,-1,-1,-1,-1,806.818,-1,-1,2,0,2,0,2,0,0,0,0,2,2,2,2,2,0,2,2
2,5034.184,4784.931,142.055,43.163,0.729411,-0.683648,-0.024177,0.684065,0.729139,0.020277,0.003766,-0.031329,0.999502,0,0.82794,-0.25046,1.586,0.024,-1,594.276,-1,520.652,-1,461.221,447.868,799.701,621.506,-1,-1,-1,-1,-1,829.404,-1,-1,2,0,2,0,2,0,0,0,0,2,2,2,2,2,0,2,2
3,5035.782,4786.617,144.568,43.146,0.729567,-0.683481,-0.024215,0.683827,0.729571,0.010343,0.010598,-0.024105,0.999653,0,0.82776,-0.25083,2.324,-0.016,-1,623.420,-1,534.383,-1,477.601,461.553,836.278,608.569,-1,-1,-1,-1,-1,852.662,-1,-1,2,0,2,0,2,0,0,0,0,2,2,2,2,2,0,2,2
4,5038.018,4788.875,145.893,43.143,0.729510,-0.683497,-0.025437,0.683691,0.729770,-0.001460,0.019561,-0.016326,0.999675,0,0.82773,-0.25089,3.178,-0.003,-1,659.040,-1,549.119,-1,495.440,476.169,872.017,591.451,-1,-1,-1,-1,-1,879.826,-1,-1,2,0,2,0,2,0,0,0,0,2,2,2,2,2,0,2,2
5,5040.759,4791.688,146.120,43.139,0.729367,-0.683592,-0.026950,0.683470,0.729826,-0.014916,0.029866,-0.007540,0.999525,0,0.82760,-0.25115,3.927,-0.004,-1,698.732,-1,563.495,-1,513.918,490.877,908.592,570.168,-1,-1,-1,-1,-1,908.046,-1,-1,2,0,2,0,2,0,0,0,0,2,2,2,2,2,0,2,2
6,5044.136,4794.878,145.762,43.193,0.728507,-0.684440,-0.028616,0.683942,0.729069,-0.026099,0.038726,-0.000558,0.999250,0,0.82744,-0.25148,4.646,0.053,-1,733.333,-1,574.911,-1,529.070,502.774,936.411,552.508,-1,-1,-1,-1,-1,928.207,-1,-1,2,0,2,0,2,0,0,0,0,2,2,2,2,2,0,2,2
7,5047.936,4798.569,145.206,43.262,0.727525,-0.685470,-0.028945,0.684682,0.728088,-0.033139,0.043790,0.004292,0.999032,0,0.82698,-0.25242,5.297,0.069,-1,754.484,-1,579.660,-1,537.017,508.471,955.126,539.599,-1,-1,-1,-1,-1,935.420,-1,-1,2,0,2,0,2,0,0,0,0,2,2,2,2,2,0,2,2
8,5052.086,4802.797,144.602,43.328,0.726729,-0.686376,-0.027444,0.685506,0.727215,-0.035210,0.044125,0.006775,0.999003,0,0.82640,-0.25360,5.924,0.066,-1,756.669,-1,576.098,-1,535.958,506.392,963.239,531.848,-1,-1,-1,-1,-1,929.503,-1,-1,2,0,2,0,2,0,0,0,0,2,2,2,2,2,0,2,2
9,5056.614,4807.619,143.907,43.393,0.726080,-0.687178,-0.024384,0.686440,0.726456,-0.032592,0.040111,0.006927,0.999171,0,0.82581,-0.25481,6.615,0.064,-1,740.341,-1,564.951,-1,526.534,497.092,960.284,528.799,-1,-1,-1,-1,-1,911.692,-1,-1,2,0,2,0,2,0,0,0,0,2,2,2,2,2,0,2,2
10,5061.570,4813.094,142.952,43.464,0.725419,-0.688007,-0.020338,0.687521,0.725686,-0.026360,0.032895,0.005139,0.999446,0,0.82518,-0.25610,7.384,0.071,-1,710.986,-1,548.227,-1,510.797,482.403,947.581,529.073,-1,-1,-1,-1,-1,881.050,-1,-1,2,0,2,0,2,0,0,0,0,2,2,2,2,2,0,2,2
11,5067.017,4819.268,141.683,43.538,0.724705,-0.688866,-0.016292,0.688641,0.724887,-0.017669,0.023981,0.001585,0.999711,0,0.82447,-0.25755,8.233,0.075,-1,675.289,-1,528.884,-1,491.598,464.974,926.218,532.364,-1,-1,-1,-1,-1,844.451,-1,-1,2,0,2,0,2,0,0,0,0,2,2,2,2,2,0,2,2
12,5073.021,4826.236,140.246,43.613,0.723930,-0.689731,-0.014027,0.689701,0.724054,-0.007632,0.015420,-0.004149,0.999873,0,0.82370,-0.25914,9.199,0.075,-1,640.068,-1,511.367,-1,472.777,448.477,896.202,540.649,-1,-1,-1,-1,-1,812.599,-1,-1,2,0,2,0,2,0,0,0,0,2,2,2,2,2,0,2,2
13,5079.599,4834.033,138.720,43.697,0.722982,-0.690729,-0.013814,0.690820,0.723022,0.002736,0.008097,-0.011521,0.999901,0,0.82286,-0.26085,10.200,0.084,-1,608.537,-1,496.980,-1,455.904,434.211,859.532,553.375,-1,-1,-1,-1,-1,787.267,-1,-1,2,0,2,0,2,0,0,0,0,2,2,2,2,2,0,2,2
14,5086.722,4842.658,137.202,43.791,0.721873,-0.691859,-0.015178,0.692022,0.721764,0.012714,0.002158,-0.019681,0.999804,0,0.82192,-0.26277,11.187,0.094,-1,581.633,-1,485.508,1001.252,441.340,422.272,821.847,569.126,-1,-1,-1,-1,-1,767.682,-1,-1,2,0,2,0,0,0,0,0,0,2,2,2,2,2,0,2,2
15,5094.398,4852.044,135.797,43.891,0.720658,-0.693072,-0.017433,0.693286,0.720328,0.021948,-0.002654,-0.027903,0.999607,0,0.82087,-0.26492,12.125,0.100,-1,559.029,-1,476.211,987.601,428.845,412.241,785.843,586.552,-1,-1,-1,-1,-1,752.156,-1,991.601,2,0,2,0,0,0,0,0,0,2,2,2,2,2,0,2,0
16,5102.666,4862.079,134.605,43.989,0.719461,-0.694245,-0.019987,0.694501,0.718852,0.030344,-0.006698,-0.035712,0.999340,0,0.81973,-0.26725,13.002,0.098,-1,539.968,-1,468.364,976.135,418.019,403.631,753.476,604.710,-1,-1,-1,-1,-1,739.121,-1,974.151,2,0,2,0,0,0,0,0,0,2,2,2,2,2,0,2,0
17,5111.482,4872.519,133.895,44.102,0.718060,-0.695643,-0.021702,0.695903,0.717160,0.037424,-0.010469,-0.041975,0.999064,0,0.81856,-0.26965,13.665,0.114,-1,524.669,-1,461.215,962.521,408.855,396.119,729.529,622.202,-1,-1,-1,-1,-1,726.734,-1,956.450,2,0,2,0,0,0,0,0,0,2,2,2,2,2,0,2,0
18,5120.800,4883.319,133.903,44.205,0.716789,-0.696946,-0.021914,0.697158,0.715686,0.042004,-0.013591,-0.045386,0.998877,0,0.81727,-0.27227,14.264,0.102,-1,515.096,-1,455.231,944.697,402.424,390.401,718.093,632.700,-1,-1,-1,-1,-1,715.553,-1,938.542,2,0,2,0,0,0,0,0,0,2,2,2,2,2,0,2,0
19,5130.718,4894.595,134.518,44.319,0.715382,-0.698396,-0.021699,0.698566,0.714186,0.044103,-0.015304,-0.046709,0.998791,0,0.81602,-0.27483,15.017,0.114,-1,511.891,-1,451.744,930.490,399.383,387.322,715.659,638.428,-1,-1,-1,-1,1007.028,708.318,-1,924.379,2,0,2,0,0,0,0,0,0,2,2,2,2,0,0,2,0
20,5140.853,4905.763,135.596,44.460,0.713627,-0.700225,-0.020535,0.700310,0.712374,0.045708,-0.017377,-0.047000,0.998744,0,-0.20285,-0.80638,15.081,0.142,-1,510.011,-1,448.182,912.670,396.960,384.535,718.100,640.192,-1,-1,-1,-1,999.458,701.056,-1,908.708,2,0,2,0,0,0,0,0,0,2,2,2,2,0,0,2,0
21,5151.004,4915.473,137.116,44.367,0.714698,-0.699157,-0.019634,0.699088,0.713183,0.051442,-0.021963,-0.050491,0.998483,0,-0.20248,-0.80940,14.047,-0.093,-1,500.102,-1,442.922,896.483,391.018,379.544,710.785,659.353,-1,-1,-1,-1,965.125,689.855,-1,888.789,2,0,2,0,0,0,0,0,0,2,2,2,2,0,0,2,0
22,5161.028,4923.891,138.946,44.062,0.718311,-0.695459,-0.019134,0.695157,0.716348,0.060013,-0.028030,-0.056410,0.998014,0,-0.20243,-0.80982,13.090,-0.306,-1,485.274,-1,437.021,883.573,382.938,373.465,696.962,690.823,-1,-1,-1,-1,915.112,676.953,-1,867.173,2,0,2,0,0,0,0,0,0,2,2,2,2,0,0,2,0
23,5170.492,4931.330,141.092,43.714,0.722403,-0.691231,-0.018264,0.690670,0.720041,0.067197,-0.033298,-0.061158,0.997573,0,-0.20266,-0.80791,12.038,-0.348,-1,473.955,-1,432.695,873.182,376.809,369.012,688.274,722.371,-1,-1,-1,-1,877.219,666.631,-1,849.732,2,0,2,0,0,0,0,0,0,2,2,2,2,0,0,2,0
24,5179.160,4937.798,143.624,43.394,0.726230,-0.687227,-0.017586,0.686607,0.723831,0.068113,-0.034080,-0.061541,0.997523,0,-0.20296,-0.80543,10.816,-0.320,-1,475.584,-1,434.344,871.658,377.977,370.345,694.299,736.331,-1,-1,-1,-1,878.429,667.029,-1,847.097,2,0,2,0,0,0,0,0,0,2,2,2,2,0,0,2,0
25,5187.161,4943.216,146.451,43.084,0.730046,-0.683121,-0.019452,0.682781,0.727884,0.063207,-0.029019,-0.059426,0.997811,0,-0.20325,-0.80308,9.663,-0.310,-1,491.209,-1,444.786,887.823,387.634,379.224,709.319,741.323,-1,-1,-1,-1,921.558,683.307,-1,862.206,2,0,2,0,0,0,0,0,0,2,2,2,2,0,0,2,0
26,5194.579,4947.804,149.354,42.804,0.733554,-0.679170,-0.025035,0.679384,0.731799,0.053924,-0.018303,-0.056564,0.998231,0,-0.20354,-0.80069,8.722,-0.279,-1,520.533,-1,464.572,925.539,405.370,395.710,727.752,744.242,-1,-1,-1,-1,1006.757,717.199,-1,898.057,2,0,2,0,0,0,0,0,0,2,2,2,2,0,0,2,0
27,5201.577,4951.582,151.945,42.502,0.737244,-0.674804,-0.033334,0.675611,0.735997,0.043109,-0.004556,-0.054302,0.998514,0,-0.20381,-0.79847,7.953,-0.302,-1,557.082,-1,490.029,981.569,428.609,416.854,743.293,749.188,-1,-1,-1,-1,-1,756.856,-1,949.995,2,0,2,0,0,0,0,0,0,2,2,2,2,2,0,2,0
28,5209.404,4955.244,154.081,42.097,0.741962,-0.669033,-0.043438,0.670343,0.741405,0.030960,0.011492,-0.052090,0.998576,0,-0.20412,-0.79589,8.641,-0.405,-1,600.442,-1,519.287,-1,455.146,441.102,757.430,753.091,-1,-1,-1,-1,-1,795.992,-1,1007.754,2,0,2,0,2,0,0,0,0,2,2,2,2,2,0,2,0
29,5214.292,4957.429,154.689,41.829,0.744988,-0.665322,-0.048359,0.666766,0.744896,0.023515,0.020377,-0.049763,0.998553,0,-0.20457,-0.79224,5.354,-0.268,-1,625.038,-1,533.928,-1,469.227,453.556,766.834,747.818,-1,-1,-1,-1,-1,816.363,-1,-1,2,0,2,0,2,0,0,0,0,2,2,2,2,2,0,2,2
30,5220.133,4959.958,154.510,41.509,0.748535,-0.661079,-0.051677,0.662462,0.748951,0.014717,0.028974,-0.045251,0.998555,0,-0.20487,-0.78979,6.365,-0.319,-1,649.090,-1,544.946,-1,481.536,463.582,780.711,729.729,-1,-1,-1,-1,-1,831.504,-1,-1,2,0,2,0,2,0,0,0,0,2,2,2,2,2,0,2,2
31,5225.677,4962.227,153.332,41.212,0.751834,-0.657345,-0.051414,0.658454,0.752592,0.006534,0.034398,-0.038766,0.998656,0,-0.20522,-0.78687,5.991,-0.297,-1,663.928,-1,546.628,-1,486.988,466.588,798.022,699.290,-1,-1,-1,-1,-1,831.908,-1,-1,2,0,2,0,2,0,0,0,0,2,2,2,2,2,0,2,2
32,5230.849,4964.201,151.190,40.954,0.754739,-0.654343,-0.046942,0.655030,0.755602,-0.000983,0.036113,-0.030007,0.998897,0,-0.20556,-0.78412,5.536,-0.257,-1,667.339,-1,537.618,-1,484.556,461.556,820.357,652.857,-1,-1,-1,-1,-1,818.903,-1,-1,2,0,2,0,2,0,0,0,0,2,2,2,2,2,0,2,2
33,5235.587,4965.845,148.325,40.726,0.757436,-0.651807,-0.037940,0.652092,0.758116,-0.005998,0.032673,-0.020197,0.999262,0,-0.20585,-0.78174,5.016,-0.229,-1,653.847,-1,516.826,1005.612,472.071,446.982,844.058,603.157,-1,-1,-1,-1,-1,787.769,-1,984.851,2,0,2,0,0,0,0,0,0,2,2,2,2,2,0,2,0
34,5239.829,4967.352,145.104,40.545,0.759680,-0.649777,-0.025987,0.649858,0.760029,-0.006345,0.023873,-0.012068,0.999642,0,-0.20611,-0.77960,4.501,-0.181,-1,622.278,-1,487.507,921.217,450.220,424.392,860.607,563.415,-1,-1,-1,-1,-1,744.197,-1,916.629,2,0,2,0,0,0,0,0,0,2,2,2,2,2,0,2,0
35,5243.639,4969.038,142.156,40.400,0.761473,-0.647973,-0.017043,0.648053,0.761595,-0.001050,0.013660,-0.010245,0.999854,0,-0.20631,-0.77793,4.166,-0.145,-1,583.713,-1,461.182,856.470,426.705,402.224,854.742,546.275,-1,-1,-1,-1,-1,705.678,-1,856.655,2,0,2,0,0,0,0,0,0,2,2,2,2,2,0,2,0
36,5247.019,4971.020,139.720,40.262,0.763094,-0.646151,-0.013311,0.646275,0.763047,0.009362,0.004107,-0.015747,0.999868,0,-0.20647,-0.77665,3.919,-0.138,-1,545.390,949.378,441.772,820.253,405.122,384.190,823.364,551.101,-1,-1,-1,-1,-1,677.810,-1,815.018,2,0,1,0,0,0,0,0,0,2,2,2,2,2,0,2,0
37,5250.008,4973.240,137.795,40.112,0.764785,-0.644120,-0.014582,0.644273,0.764437,0.023427,-0.003943,-0.027311,0.999619,0,-0.20660,-0.77553,3.723,-0.150,-1,510.724,942.912,429.194,808.797,387.207,370.705,773.010,576.048,-1,-1,-1,-1,-1,658.923,-1,793.724,2,0,1,0,0,0,0,0,0,2,2,2,2,2,0,2,0
38,5252.698,4975.511,136.575,39.952,0.766553,-0.641887,-0.019418,0.642121,0.765722,0.036749,-0.008720,-0.040639,0.999136,0,-0.20675,-0.77433,3.521,-0.160,-1,486.153,937.039,424.352,817.450,375.575,363.353,722.321,620.034,-1,-1,-1,-1,966.866,651.727,-1,790.007,2,0,1,0,0,0,0,0,0,2,2,2,2,0,0,2,0
39,5255.153,4977.602,136.325,39.797,0.768277,-0.639594,-0.025877,0.640047,0.766964,0.045889,-0.009504,-0.051818,0.998611,0,-0.20690,-0.77306,3.225,-0.155,-1,475.181,931.230,427.025,840.591,371.523,362.709,685.675,663.396,-1,-1,-1,-1,930.705,657.494,-1,801.105,2,0,1,0,0,0,0,0,0,2,2,2,2,0,0,2,0
40,5257.334,4979.316,137.012,39.657,0.769851,-0.637432,-0.031791,0.638175,0.768224,0.050638,-0.007856,-0.059272,0.998211,0,-0.20705,-0.77182,2.774,-0.140,-1,474.541,925.460,433.927,868.659,373.085,366.475,665.508,704.651,-1,-1,-1,-1,925.913,666.960,-1,819.622,2,0,1,0,0,0,0,0,0,2,2,2,2,0,0,2,0
41,5259.185,4980.553,138.398,39.536,0.771214,-0.635577,-0.035643,0.636553,0.769502,0.051645,-0.005398,-0.062518,0.998029,0,-0.20720,-0.77066,2.226,-0.121,-1,480.363,919.842,441.878,892.752,377.821,372.130,660.423,726.803,-1,-1,-1,-1,940.718,677.187,-1,837.652,2,0,1,0,0,0,0,0,0,2,2,2,2,0,0,2,0
42,5260.679,4981.312,140.127,39.435,0.772338,-0.634135,-0.036971,0.635204,0.770719,0.050083,-0.003265,-0.062165,0.998061,0,-0.20732,-0.76961,1.676,-0.101,-1,488.994,914.601,448.528,909.332,383.504,377.642,667.212,734.316,-1,-1,-1,-1,964.007,685.156,-1,850.253,2,0,1,0,0,0,0,0,0,2,2,2,2,0,0,2,0
43,5261.829,4981.669,141.821,39.357,0.773203,-0.633123,-0.036215,0.634155,0.771763,0.047208,-0.001939,-0.059468,0.998228,0,-0.20743,-0.76870,1.204,-0.078,-1,497.678,910.033,452.791,914.084,388.565,381.859,680.651,730.641,-1,-1,-1,-1,987.704,689.591,-1,855.931,2,0,1,0,0,0,0,0,0,2,2,2,2,0,0,2,0
44,5262.660,4981.740,143.171,39.304,0.773798,-0.632509,-0.034198,0.633431,0.772544,0.044050,-0.001443,-0.055748,0.998444,0,-0.20753,-0.76795,0.834,-0.054,-1,504.571,906.423,454.530,910.499,392.135,384.312,696.023,720.666,-1,-1,-1,-1,1006.754,690.615,-1,855.565,2,0,1,0,0,0,0,0,0,2,2,2,2,0,0,2,0
45,5263.559,4981.889,143.980,39.237,0.774538,-0.631675,-0.032822,0.632527,0.773479,0.040485,-0.000186,-0.052118,0.998641,0,0.58835,0.01729,0.911,-0.067,-1,511.520,902.448,456.299,908.187,395.606,386.689,709.725,709.012,-1,-1,-1,-1,-1,692.113,-1,856.348,2,0,1,0,0,0,0,0,0,2,2,2,2,2,0,2,0
46,5264.926,4982.454,144.170,39.143,0.775573,-0.630380,-0.033267,0.631250,0.774748,0.035908,0.003138,-0.048850,0.998801,0,0.58858,0.01796,1.479,-0.094,-1,520.961,897.294,460.108,913.263,400.666,390.489,720.703,696.737,-1,-1,-1,-1,-1,697.021,-1,862.446,2,0,1,0,0,0,0,0,0,2,2,2,2,2,0,2,0
47,5266.762,4983.385,143.776,39.055,0.776513,-0.629127,-0.035031,0.630051,0.775954,0.030522,0.007981,-0.045772,0.998920,0,0.58889,0.01884,2.059,-0.087,-1,532.268,891.902,465.128,922.357,406.733,395.133,729.443,681.509,-1,-1,-1,-1,-1,704.164,-1,871.796,2,0,1,0,0,0,0,0,0,2,2,2,2,2,0,2,0
48,5268.992,4984.585,142.905,38.955,0.777570,-0.627688,-0.037323,0.628651,0.777296,0.024659,0.013533,-0.042637,0.998999,0,0.58915,0.01961,2.533,-0.100,-1,544.099,885.741,470.176,932.283,412.851,399.801,736.914,661.869,-1,-1,-1,-1,-1,711.690,-1,881.889,2,0,1,0,0,0,0,0,0,2,2,2,2,2,0,2,0
49,5271.608,4986.044,141.880,38.847,0.778693,-0.626151,-0.039650,0.627136,0.778654,0.019967,0.018371,-0.040414,0.999014,0,0.58944,0.02046,2.996,-0.108,-1,553.267,954.361,474.071,940.843,417.430,403.331,740.782,648.499,-1,-1,-1,-1,-1,717.581,-1,890.025,2,0,1,0,0,0,0,0,0,2,2,2,2,2,0,2,0
50,5274.565,4987.763,141.011,38.724,0.779991,-0.624406,-0.041609,0.625427,0.780079,0.017810,0.021338,-0.039915,0.998975,0,0.58975,0.02136,3.420,-0.123,-1,556.936,951.503,475.919,946.494,419.156,404.740,739.134,642.974,-1,-1,-1,-1,-1,720.230,-1,894.011,2,0,1,0,0,0,0,0,0,2,2,2,2,2,0,2,0
51,5277.777,4989.779,140.443,38.598,0.781351,-0.622628,-0.042721,0.623707,0.781440,0.018452,0.021895,-0.041063,0.998917,0,0.59010,0.02237,3.792,-0.126,-1,554.188,948.415,475.060,946.865,417.537,403.545,732.710,644.583,-1,-1,-1,-1,-1,718.539,-1,892.019,2,0,1,0,0,0,0,0,0,2,2,2,2,2,0,2,0
52,5281.258,4992.148,140.184,38.470,0.782769,-0.620818,-0.043099,0.621976,0.782745,0.021366,0.020472,-0.043531,0.998842,0,0.59044,0.02336,4.211,-0.128,-1,546.447,944.997,472.074,942.856,413.319,400.325,722.843,652.280,-1,-1,-1,-1,-1,713.364,-1,885.157,2,0,1,0,0,0,0,0,0,2,2,2,2,2,0,2,0
53,5285.062,4994.838,140.166,38.330,0.784323,-0.618850,-0.043151,0.620096,0.784099,0.025863,0.017829,-0.047043,0.998734,0,0.59077,0.02431,4.659,-0.140,-1,535.714,941.224,467.986,936.977,407.566,395.982,710.460,668.063,-1,-1,-1,-1,-1,706.280,-1,875.754,2,0,1,0,0,0,0,0,0,2,2,2,2,2,0,2,0
54,5289.341,4997.875,140.394,38.173,0.786054,-0.616618,-0.043603,0.617959,0.785634,0.030107,0.015692,-0.050611,0.998595,0,0.59113,0.02534,5.247,-0.158,-1,526.908,936.851,465.233,934.197,403.001,392.746,699.025,687.084,-1,-1,-1,-1,-1,700.875,-1,868.698,2,0,1,0,0,0,0,0,0,2,2,2,2,2,0,2,0
55,5294.207,5001.296,140.836,38.012,0.787795,-0.614309,-0.044764,0.615752,0.787260,0.032743,0.015126,-0.053358,0.998461,0,0.59152,0.02649,5.949,-0.161,-1,523.014,931.620,465.080,936.413,401.261,391.858,690.438,702.776,-1,-1,-1,-1,-1,698.991,-1,866.306,2,0,1,0,0,0,0,0,0,2,2,2,2,2,0,2,0
56,5299.708,5005.051,141.411,37.846,0.789553,-0.611915,-0.046540,0.613466,0.789014,0.033405,0.016280,-0.054926,0.998358,0,0.59191,0.02762,6.660,-0.165,-1,524.224,925.553,467.392,942.922,402.394,393.270,685.925,712.486,-1,-1,-1,-1,-1,700.473,-1,868.208,2,0,1,0,0,0,0,0,0,2,2,2,2,2,0,2,0
57,5305.833,5009.118,142.012,37.668,0.791429,-0.609323,-0.048636,0.610971,0.790996,0.032244,0.018824,-0.055234,0.998296,0,0.59231,0.02875,7.353,-0.179,-1,529.473,918.788,471.337,951.687,405.690,396.307,685.467,717.127,-1,-1,-1,-1,-1,704.156,-1,872.739,2,0,1,0,0,0,0,0,0,2,2,2,2,2,0,2,0
58,5312.562,5013.507,142.525,37.479,0.793382,-0.606582,-0.051033,0.608315,0.793132,0.029905,0.022336,-0.054770,0.998249,0,0.59273,0.02998,8.034,-0.189,-1,537.210,911.386,476.222,964.143,410.269,400.274,687.128,718.130,-1,-1,-1,-1,-1,708.507,-1,879.707,2,0,1,0,0,0,0,0,0,2,2,2,2,2,0,2,0
59,5319.824,5018.211,142.905,37.295,0.795255,-0.603903,-0.053574,0.605712,0.795215,0.027317,0.026106,-0.054175,0.998190,0,0.59317,0.03126,8.652,-0.184,-1,545.423,903.398,480.271,975.526,414.959,404.240,688.650,717.926,-1,-1,-1,-1,-1,711.489,-1,886.806,2,0,1,0,0,0,0,0,0,2,2,2,2,2,0,2,0
60,5327.553,5023.265,143.173,37.124,0.796980,-0.601415,-0.055890,0.603279,0.797143,0.024827,0.029621,-0.053504,0.998128,0,0.59358,0.03245,9.234,-0.171,-1,553.249,894.845,483.237,982.706,419.052,407.563,689.924,716.680,-1,-1,-1,-1,-1,713.406,-1,891.767,2,0,1,0,0,0,0,0,0,2,2,2,2,2,0,2,0
61,5335.691,5028.736,143.351,36.972,0.798510,-0.599206,-0.057744,0.601101,0.798852,0.022651,0.032556,-0.052797,0.998074,0,0.60070,-0.40699,9.807,-0.153,-1,559.584,885.701,484.901,985.448,422.104,409.729,690.912,712.611,-1,-1,-1,-1,-1,713.474,-1,893.230,2,0,1,0,0,0,0,0,0,2,2,2,2,2,0,2,0
62,5344.231,5034.547,143.531,36.832,0.799914,-0.597179,-0.059291,0.599114,0.800376,0.021462,0.034639,-0.052690,0.998010,0,0.60096,-0.40624,10.329,-0.139,-1,563.300,876.027,485.314,984.909,423.718,410.660,689.787,711.482,-1,-1,-1,-1,-1,711.715,-1,890.775,2,0,1,0,0,0,0,0,0,2,2,2,2,2,0,2,0
63,5353.115,5040.668,143.817,36.704,0.801222,-0.595327,-0.060249,0.597298,0.801743,0.021060,0.035766,-0.052860,0.997961,0,0.60116,-0.40568,10.789,-0.128,-1,564.677,865.879,484.366,979.904,424.008,410.408,687.982,712.053,-1,-1,-1,-1,-1,707.906,-1,884.681,2,0,1,0,0,0,0,0,0,2,2,2,2,2,0,2,0
64,5362.418,5047.166,144.176,36.589,0.802387,-0.593637,-0.061398,0.595667,0.802956,0.021024,0.036819,-0.053442,0.997892,0,0.60130,-0.40528,11.347,-0.115,-1,565.811,855.075,483.519,975.294,424.254,410.183,685.059,713.105,-1,-1,-1,-1,-1,704.096,-1,878.570,2,0,1,0,0,0,0,0,0,2,2,2,2,2,0,2,0
65,5372.161,5054.065,144.562,36.488,0.803382,-0.592082,-0.063375,0.594218,0.804029,0.021031,0.038504,-0.054554,0.997768,0,0.60137,-0.40508,11.939,-0.101,-1,568.331,843.538,483.925,975.061,425.448,410.927,680.582,716.699,-1,-1,-1,-1,-1,701.911,-1,875.242,2,0,1,0,0,0,0,0,0,2,2,2,2,2,0,2,0
66,5382.324,5061.358,144.978,36.396,0.804262,-0.590588,-0.066099,0.592861,0.805038,0.020736,0.040966,-0.055864,0.997598,0,0.60136,-0.40509,12.509,-0.093,-1,572.904,831.322,485.684,979.090,427.881,412.820,674.691,722.131,-1,-1,-1,-1,-1,701.460,-1,874.797,2,0,1,0,0,0,0,0,0,2,2,2,2,2,0,2,0
67,5392.917,5068.982,145.421,36.307,0.805079,-0.589113,-0.069232,0.591537,0.806026,0.020124,0.043947,-0.057155,0.997398,0,0.60131,-0.40525,13.051,-0.089,-1,579.013,818.525,488.372,985.072,431.176,415.465,668.961,728.838,-1,-1,-1,-1,-1,701.972,-1,875.909,2,0,1,0,0,0,0,0,0,2,2,2,2,2,0,2,0
68,5403.990,5076.776,145.824,36.200,0.806062,-0.587378,-0.072468,0.589946,0.807213,0.019239,0.047197,-0.058260,0.997185,0,0.60122,-0.40551,13.542,-0.107,-1,585.704,805.378,491.196,990.952,434.627,418.271,663.520,734.267,-1,-1,-1,-1,-1,702.489,-1,877.123,2,0,1,0,0,0,0,0,0,2,2,2,2,2,0,2,0
69,5415.424,5084.883,146.213,36.101,0.806957,-0.585824,-0.075038,0.588462,0.808332,0.017635,0.050324,-0.058388,0.997025,0,0.60118,-0.40561,14.016,-0.099,-1,593.007,-1,491.919,991.637,438.008,420.665,661.157,732.441,-1,-1,-1,-1,-1,701.653,-1,875.515,2,0,2,0,0,0,0,0,0,2,2,2,2,2,0,2,0
70,5427.305,5093.113,146.687,35.984,0.808037,-0.584038,-0.077309,0.586731,0.809620,0.016185,0.053138,-0.058438,0.996876,0,0.60109,-0.40586,14.453,-0.117,-1,599.614,-1,490.711,990.178,440.943,422.632,659.075,730.727,-1,-1,-1,-1,-1,699.692,-1,872.204,2,0,2,0,0,0,0,0,0,2,2,2,2,2,0,2,0
71,5439.641,5101.383,147.301,35.828,0.809519,-0.581690,-0.079471,0.584455,0.811282,0.015262,0.055596,-0.058803,0.996720,0,0.60106,-0.40594,14.851,-0.156,-1,605.041,-1,489.101,988.650,443.309,423.061,656.082,732.561,-1,-1,-1,-1,-1,696.249,-1,868.099,2,0,2,0,0,0,0,0,0,2,2,2,2,2,0,2,0
72,5452.406,5109.704,148.100,35.634,0.811383,-0.578732,-0.082010,0.581621,0.813324,0.014878,0.058091,-0.059771,0.996520,0,0.60117,-0.40565,15.238,-0.195,-1,610.315,-1,487.999,992.179,446.497,423.781,651.549,740.488,-1,-1,-1,-1,-1,693.288,-1,865.702,2,0,2,0,0,0,0,0,0,2,2,2,2,2,0,2,0
73,5465.511,5118.199,149.050,35.431,0.813301,-0.575652,-0.084651,0.578647,0.815455,0.014127,0.060897,-0.060473,0.996310,0,0.60140,-0.40498,15.618,-0.203,-1,617.194,-1,487.379,997.306,450.603,425.097,648.207,746.127,-1,-1,-1,-1,-1,690.872,-1,864.287,2,0,2,0,0,0,0,0,0,2,2,2,2,2,0,2,0
74,5479.062,5126.719,150.094,35.203,0.815425,-0.572196,-0.087598,0.575286,0.817850,0.012931,0.064243,-0.060938,0.996072,0,0.60165,-0.40426,16.007,-0.228,-1,625.955,-1,487.398,1006.029,455.745,427.561,645.569,746.651,-1,-1,-1,-1,-1,689.309,-1,864.382,2,0,2,0,0,0,0,0,0,2,2,2,2,2,0,2,0
75,5493.075,5135.231,151.108,34.927,0.817988,-0.568044,-0.090674,0.571210,0.820724,0.011421,0.067930,-0.061136,0.995815,0,0.60199,-0.40330,16.395,-0.276,-1,633.801,-1,487.459,-1,459.915,430.622,643.292,746.141,-1,-1,-1,-1,-1,687.776,-1,864.585,2,0,2,0,2,0,0,0,0,2,2,2,2,2,0,2,0
76,5507.468,5143.620,152.155,34.614,0.820912,-0.563436,-0.092969,0.566613,0.823926,0.009791,0.071083,-0.060715,0.995621,0,0.60249,-0.40185,16.660,-0.313,-1,640.068,-1,486.234,-1,462.773,432.565,642.667,742.785,-1,-1,-1,-1,-1,684.221,-1,861.614,2,0,2,0,2,0,0,0,0,2,2,2,2,2,0,2,0
77,5522.043,5151.824,153.348,34.239,0.824407,-0.557858,-0.095638,0.561095,0.827706,0.008666,0.074326,-0.060806,0.995378,0,0.60313,-0.40002,16.725,-0.375,-1,645.912,-1,485.512,-1,465.498,434.767,640.528,744.043,-1,-1,-1,-1,-1,681.621,-1,860.738,2,0,2,0,2,0,0,0,0,2,2,2,2,2,0,2,0
78,5536.341,5159.782,155.169,33.798,0.828273,-0.550678,-0.103526,0.554431,0.832178,0.009253,0.081057,-0.065062,0.994584,0,0.60400,-0.39753,16.363,-0.442,-1,659.619,-1,490.676,-1,474.667,440.139,627.837,776.532,-1,-1,-1,-1,-1,693.065,-1,888.851,2,0,2,0,2,0,0,0,0,2,2,2,2,2,0,2,0
79,5550.420,5167.974,157.656,33.425,0.831112,-0.543889,-0.115919,0.548541,0.836062,0.010131,0.091405,-0.072006,0.993207,0,0.60511,-0.39436,16.289,-0.372,-1,682.983,-1,503.992,-1,492.305,452.752,611.064,842.388,-1,-1,988.447,-1,-1,716.701,-1,952.120,2,0,2,0,2,0,0,0,0,2,2,0,2,2,0,2,0
80,5564.443,5176.551,160.713,33.159,0.832654,-0.538312,-0.130033,0.544018,0.839011,0.010218,0.103598,-0.079248,0.991457,0,0.60595,-0.39194,16.438,-0.266,-1,711.939,-1,522.623,-1,510.512,470.251,596.965,882.561,-1,530.436,797.676,-1,-1,748.572,-1,-1,2,0,2,0,2,0,0,0,0,2,0,0,2,2,0,2,2
81,5578.590,5185.164,164.158,32.944,0.833697,-0.533646,-0.142024,0.540247,0.841451,0.009614,0.114376,-0.084743,0.989817,0,0.60639,-0.39067,16.562,-0.215,-1,742.120,-1,539.875,-1,528.071,487.018,589.564,915.496,-1,471.578,566.060,-1,-1,778.628,-1,-1,2,0,2,0,2,0,0,0,0,2,0,0,2,2,0,2,2
82,5592.916,5193.634,167.551,32.742,0.834936,-0.529985,-0.148319,0.536876,0.843626,0.007738,0.121025,-0.086090,0.988909,0,0.60665,-0.38994,16.643,-0.202,-1,764.331,-1,547.528,-1,539.598,495.473,593.088,926.943,-1,455.974,529.550,-1,-1,794.693,-1,-1,2,0,2,0,2,0,0,0,0,2,0,0,2,2,0,2,2
83,5607.313,5202.087,170.443,32.592,0.836110,-0.528181,-0.148136,0.534559,0.845122,0.003870,0.123149,-0.082423,0.988959,0,0.42317,-0.48405,16.696,-0.149,-1,774.741,-1,544.553,-1,543.483,495.114,608.640,908.241,-1,469.866,535.869,-1,-1,792.488,-1,-1,2,0,2,0,2,0,0,0,0,2,0,0,2,2,0,2,2
84,5624.656,5212.077,172.910,32.452,0.837602,-0.527463,-0.142147,0.532616,0.846354,-0.002108,0.121418,-0.073945,0.989843,0,0.42319,-0.48397,20.014,-0.141,-1,775.185,-1,530.613,-1,536.157,486.236,635.936,855.355,-1,506.378,565.487,-1,-1,769.519,-1,-1,2,0,2,0,2,1,0,0,0,2,0,0,2,2,0,2,2
85,5636.338,5218.606,173.792,32.360,0.838707,-0.527203,-0.136482,0.531446,0.847069,-0.006227,0.118893,-0.067310,0.990623,0,0.42312,-0.48424,13.383,-0.091,-1,769.521,-1,517.490,-1,523.088,476.808,654.965,811.308,-1,537.994,589.720,-1,-1,747.201,-1,-1,2,0,2,0,2,1,0,0,0,2,0,0,2,2,0,2,2
86,5651.147,5226.522,173.936,32.209,0.840493,-0.526235,-0.129031,0.529471,0.848262,-0.010602,0.115032,-0.059407,0.991584,0,0.42308,-0.48443,16.792,-0.151,-1,755.771,-1,498.647,-1,506.022,462.133,674.735,757.425,-1,576.557,624.886,-1,-1,715.313,-1,-1,2,0,2,0,2,1,0,0,0,2,0,0,2,2,0,2,2
87,5666.106,5234.308,172.956,32.029,0.842575,-0.524746,-0.121284,0.527097,0.849683,-0.014421,0.110621,-0.051778,0.992513,0,0.42312,-0.48425,16.864,-0.180,-1,735.865,-1,477.438,-1,488.267,444.683,690.121,703.029,-1,612.159,657.621,-1,-1,679.899,-1,900.651,2,0,2,0,2,1,0,0,0,2,0,0,2,2,0,2,0
88,5681.160,5241.819,171.051,31.785,0.845394,-0.522051,-0.113015,0.523855,0.851667,-0.015478,0.104331,-0.046118,0.993473,0,0.42324,-0.48377,16.824,-0.244,-1,704.293,-1,453.256,-1,469.476,423.274,694.993,656.391,-1,660.101,719.218,-1,-1,639.856,-1,809.342,2,0,2,0,2,1,0,0,0,2,0,0,2,2,0,2,0
89,5696.269,5249.046,168.869,31.430,0.849243,-0.517066,-0.106905,0.519000,0.854703,-0.011044,0.097083,-0.046104,0.994208,0,0.42352,-0.48260,16.748,-0.354,-1,661.716,-1,430.050,993.900,457.501,400.854,678.196,634.195,-1,-1,964.341,-1,-1,602.794,-1,736.394,2,0,2,0,0,0,0,0,0,2,2,0,2,2,0,2,0
90,5711.374,5256.468,167.012,31.044,0.853196,-0.510920,-0.104963,0.513553,0.858055,-0.002248,0.091213,-0.051986,0.994474,0,0.42409,-0.48029,16.831,-0.386,-1,470.747,-1,411.794,889.474,435.196,381.904,643.000,637.051,-1,-1,-1,-1,-1,575.632,-1,691.499,2,1,2,0,0,0,0,0,0,2,2,2,2,2,0,2,0
91,5726.589,5264.027,166.109,30.637,0.857002,-0.504041,-0.107191,0.507572,0.861583,0.006692,0.088981,-0.060142,0.994216,0,0.42471,-0.47771,16.990,-0.408,-1,428.662,-1,400.590,887.844,419.539,369.456,606.346,655.132,-1,-1,-1,-1,-1,560.262,-1,671.475,2,1,2,0,0,0,0,0,0,2,2,2,2,2,0,2,0
92,5741.835,5271.724,166.555,30.261,0.860195,-0.497487,-0.112122,0.501880,0.864838,0.013102,0.090450,-0.067542,0.993608,0,0.42538,-0.47496,17.079,-0.375,-1,388.677,-1,395.987,995.704,411.784,363.785,580.088,678.731,-1,-1,-1,-1,379.797,555.462,-1,671.158,2,1,2,0,0,0,0,0,0,2,2,2,2,1,0,2,0
93,5757.002,5279.391,168.370,29.926,0.862868,-0.491546,-0.117649,0.496698,0.867749,0.017400,0.093537,-0.073450,0.992903,0,0.42596,-0.47258,16.994,-0.335,-1,351.052,-1,395.303,-1,409.238,362.345,564.157,704.126,-1,748.717,-1,-1,343.797,556.564,-1,681.474,2,1,2,0,2,0,0,0,0,2,0,2,2,1,0,2,0
94,5772.193,5286.906,171.231,29.600,0.865397,-0.485953,-0.122224,0.491608,0.870602,0.019344,0.097008,-0.076826,0.992314,0,0.42644,-0.47062,16.948,-0.327,-1,380.733,-1,396.035,-1,409.561,362.857,559.366,723.577,-1,736.352,809.618,-1,356.314,559.930,-1,697.769,2,1,2,0,2,0,0,0,0,2,0,0,2,1,0,2,0
95,5787.419,5294.279,174.683,29.296,0.867725,-0.481081,-0.124957,0.486870,0.873271,0.018850,0.100053,-0.077194,0.991983,0,0.42690,-0.46872,16.917,-0.303,-1,379.233,-1,396.193,-1,411.015,363.541,564.829,729.010,-1,740.187,794.025,-1,364.243,562.592,-1,708.875,2,1,2,0,2,0,0,0,0,2,0,0,2,1,0,2,0
96,5802.630,5301.439,178.339,29.004,0.870011,-0.476728,-0.125741,0.482333,0.875828,0.016730,0.102152,-0.075205,0.991922,0,0.41866,-0.12706,16.812,-0.292,-1,362.629,-1,394.685,-1,412.135,362.899,577.746,722.338,-1,760.552,801.572,-1,351.827,561.879,-1,710.457,2,1,2,0,2,0,0,0,0,2,0,0,2,1,0,2,0
97,5817.789,5308.520,181.876,28.747,0.872055,-0.473100,-0.125288,0.478370,0.878046,0.014063,0.103355,-0.072198,0.992021,0,0.41904,-0.12545,16.731,-0.257,-1,346.128,-1,391.866,-1,412.520,361.051,593.520,709.741,-1,790.819,824.101,-1,335.723,558.226,-1,703.675,2,1,2,0,2,0,0,0,0,2,0,0,2,1,0,2,0
98,5832.976,5315.725,185.114,28.543,0.873623,-0.470263,-0.125042,0.475193,0.879810,0.011180,0.104756,-0.069186,0.992088,0,0.41934,-0.12421,16.810,-0.204,-1,329.786,-1,388.621,-1,412.783,359.107,608.794,694.940,-1,813.088,836.001,-1,319.548,554.538,-1,695.606,2,1,2,0,2,0,0,0,0,2,0,0,2,1,0,2,0
99,5848.213,5323.122,188.012,28.385,0.874699,-0.467984,-0.126063,0.472662,0.881205,0.008304,0.107201,-0.066849,0.991987,0,0.41950,-0.12353,16.938,-0.158,-1,313.679,-1,385.899,-1,414.013,358.023,621.052,682.152,-1,815.090,820.814,-1,303.245,553.131,-1,692.330,2,1,2,0,2,0,0,0,0,2,0,0,2,1,0,2,0
100,5863.505,5330.648,190.591,28.254,0.875422,-0.465900,-0.128741,0.470465,0.882400,0.005793,0.110902,-0.065639,0.991661,0,0.41954,-0.12338,17.043,-0.131,-1,297.767,-1,384.531,-1,416.385,358.056,629.276,672.152,-1,795.762,792.202,-1,286.884,554.778,-1,707.245,2,1,2,0,2,0,0,0,0,2,0,0,2,1,0,2,0
101,5878.825,5338.279,192.895,28.143,0.875864,-0.463930,-0.132782,0.468506,0.883453,0.003665,0.115606,-0.065419,0.991138,0,0.41950,-0.12354,17.115,-0.112,-1,282.013,-1,384.962,-1,419.653,358.983,633.938,664.592,-1,764.886,766.838,-1,270.512,558.974,-1,748.747,2,1,2,0,2,0,0,0,0,2,0,0,2,1,0,2,0
102,5894.120,5346.027,194.983,28.057,0.876049,-0.462313,-0.137131,0.466921,0.884298,0.001625,0.120514,-0.065453,0.990552,0,0.41941,-0.12394,17.146,-0.086,-1,266.327,-1,386.227,-1,423.052,359.945,637.287,656.590,-1,747.417,748.625,-1,254.140,565.539,-1,885.720,2,1,2,0,2,0,0,0,0,2,0,0,2,1,0,2,0
103,5909.319,5353.806,197.003,27.992,0.876126,-0.461011,-0.140969,0.465685,0.884951,0.000191,0.124663,-0.065814,0.990014,0,0.41924,-0.12465,17.074,-0.065,-1,250.548,-1,386.657,-1,425.467,360.937,639.459,649.029,-1,737.526,736.363,-1,-1,570.984,-1,-1,2,1,2,0,2,0,0,0,0,2,0,0,2,2,0,2,2
104,5924.365,5361.605,199.150,27.943,0.876117,-0.459809,-0.144895,0.464732,0.885452,0.000140,0.128233,-0.067460,0.989447,0,0.41901,-0.12559,16.947,-0.048,-1,234.765,-1,387.244,-1,427.935,362.355,638.592,646.893,-1,731.672,729.848,-1,-1,576.778,-1,-1,2,1,2,0,2,0,0,0,0,2,0,0,2,2,0,2,2
105,5939.253,5369.452,201.467,27.892,0.876178,-0.458424,-0.148859,0.463754,0.885963,0.001244,0.131313,-0.070124,0.988858,0,0.41874,-0.12673,16.829,-0.052,-1,648.140,-1,388.024,-1,430.099,363.726,635.829,649.445,-1,729.630,728.253,-1,-1,582.952,-1,-1,2,0,2,0,2,0,0,0,0,2,0,0,2,2,0,2,2
106,5953.911,5377.245,204.070,27.830,0.876347,-0.456699,-0.153109,0.462624,0.886548,0.003484,0.134148,-0.073885,0.988203,0,0.41847,-0.12787,16.600,-0.062,-1,652.701,-1,389.719,-1,432.341,365.568,630.979,658.391,-1,730.364,730.419,-1,-1,590.680,-1,-1,2,0,2,0,2,0,0,0,0,2,0,0,2,2,0,2,2
107,5968.476,5384.940,206.914,27.743,0.876716,-0.454438,-0.157657,0.461116,0.887316,0.006580,0.136901,-0.078467,0.987472,0,0.41822,-0.12891,16.474,-0.087,-1,657.877,-1,392.215,-1,434.656,367.786,624.705,673.427,-1,732.760,734.821,-1,-1,603.905,-1,-1,2,0,2,0,2,0,0,0,0,2,0,0,2,2,0,2,2
108,5982.938,5392.441,209.991,27.614,0.877473,-0.451425,-0.162038,0.459009,0.888367,0.010723,0.139109,-0.083786,0.986726,0,0.41803,-0.12971,16.291,-0.128,-1,660.314,-1,394.679,-1,436.158,369.607,617.167,694.621,-1,739.257,744.267,-1,-1,624.156,-1,-1,2,0,2,0,2,0,0,0,0,2,0,0,2,2,0,2,2
109,5997.306,5399.701,213.275,27.435,0.878719,-0.447543,-0.166007,0.456170,0.889750,0.015921,0.140579,-0.089718,0.985996,0,0.41795,-0.13006,16.098,-0.179,-1,659.132,-1,396.681,-1,436.161,370.619,608.405,720.414,-1,751.391,759.729,-1,-1,643.215,-1,-1,2,0,2,0,2,0,0,0,0,2,0,0,2,2,0,2,2
110,6011.082,5406.832,216.591,27.326,0.879604,-0.444868,-0.168492,0.454510,0.890479,0.021620,0.140421,-0.095598,0.985466,0,0.41799,-0.12988,15.512,-0.109,-1,654.521,-1,397.028,-1,434.486,370.623,600.424,744.544,-1,773.121,785.291,-1,-1,656.736,-1,-1,2,0,2,0,2,0,0,0,0,2,0,0,2,2,0,2,2
111,6020.050,5412.610,219.623,27.646,0.877649,-0.449373,-0.166718,0.459722,0.887635,0.027566,0.135597,-0.100837,0.985619,0,0.41787,-0.13039,10.668,0.320,-1,646.068,-1,394.379,-1,431.732,369.174,595.393,761.834,-1,817.563,838.326,-1,-1,652.458,-1,-1,2,0,2,0,2,0,0,0,0,2,0,0,2,2,0,2,2
112,6022.308,5415.403,222.484,28.093,0.874966,-0.455735,-0.163523,0.467053,0.883460,0.036888,0.127655,-0.108649,0.985850,0,0.62872,0.13289,3.592,0.447,-1,630.810,-1,392.634,-1,427.822,367.623,585.038,797.496,-1,880.684,916.658,-1,-1,644.565,-1,-1,2,0,2,0,2,0,0,0,0,2,0,0,2,2,0,2,2
113,6020.470,5416.314,224.980,28.380,0.873524,-0.459442,-0.160837,0.471918,0.880315,0.048356,0.119371,-0.118142,0.985796,0,0.62688,0.12775,2.052,0.287,-1,611.777,-1,392.355,-1,422.735,366.159,570.542,850.454,-1,965.593,-1,-1,-1,640.412,-1,-1,2,0,2,0,2,0,0,0,0,2,0,2,2,2,0,2,2
114,6017.257,5416.484,226.884,28.514,0.873063,-0.460576,-0.160093,0.474306,0.878333,0.059714,0.113112,-0.128067,0.985294,0,0.62576,0.12463,3.217,0.134,-1,595.392,-1,394.195,-1,418.803,365.981,554.298,909.568,-1,-1,-1,-1,-1,641.688,-1,-1,2,0,2,0,2,0,0,0,0,2,2,2,2,2,0,2,2
115,6014.397,5416.684,228.032,28.556,0.873009,-0.460134,-0.161653,0.475111,0.877225,0.068885,0.110110,-0.136940,0.984441,0,0.62525,0.12322,2.867,0.042,-1,585.789,-1,398.054,-1,417.368,367.660,539.104,965.218,-1,-1,-1,-1,-1,651.029,-1,-1,2,0,2,0,2,0,0,0,0,2,2,2,2,2,0,2,2
116,6011.864,5417.002,228.264,28.584,0.872949,-0.459619,-0.163433,0.475638,0.876353,0.075990,0.108299,-0.144071,0.983623,0,0.62507,0.12272,2.553,0.028,-1,578.049,-1,400.797,-1,415.861,368.614,525.660,-1,-1,-1,-1,-1,-1,658.226,-1,-1,2,0,2,0,2,0,0,0,2,2,2,2,2,2,0,2,2
117,6009.502,5417.339,227.481,28.621,0.872912,-0.459605,-0.163670,0.476334,0.875413,0.082201,0.105498,-0.149716,0.983085,0,0.62493,0.12233,2.386,0.036,-1,566.279,-1,399.490,-1,411.203,366.163,512.620,-1,-1,-1,-1,-1,-1,653.003,-1,-1,2,0,2,0,2,0,0,0,2,2,2,2,2,2,0,2,2
118,6007.425,5417.417,225.815,28.600,0.873464,-0.459047,-0.162286,0.476221,0.874863,0.088477,0.101363,-0.154566,0.982769,0,0.62476,0.12186,2.078,-0.021,-1,549.252,-1,393.911,-1,402.503,359.908,498.710,-1,-1,-1,-1,-1,-1,634.169,-1,-1,2,0,2,0,2,0,0,0,2,2,2,2,2,2,0,2,2
119,4885.255,4398.322,128.836,175.689,-0.997064,-0.074849,-0.016177,0.075165,-0.996973,-0.019889,-0.014639,-0.021047,0.999671,1,0.62482,0.12203,0.000,0.000,-1,500.099,-1,942.442,-1,480.560,559.734,406.977,643.634,-1,-1,-1,-1,908.656,-1,-1,-1,2,0,2,0,2,0,0,0,0,2,2,2,2,0,2,2,2
120,4884.755,4398.483,134.216,175.684,-0.997095,-0.075027,-0.013168,0.075254,-0.997008,-0.017678,-0.011802,-0.018618,0.999757,0,0.45577,-0.78906,0.525,-0.005,-1,520.738,-1,955.256,-1,500.832,576.142,423.106,659.742,-1,-1,-1,-1,932.361,-1,-1,-1,2,0,2,0,2,0,0,0,0,2,2,2,2,0,2,2,2
121,4883.726,4398.667,138.692,175.680,-0.997127,-0.075183,-0.009262,0.075326,-0.997027,-0.016222,-0.008015,-0.016873,0.999826,0,0.45577,-0.78906,1.046,-0.004,-1,540.773,-1,971.303,-1,520.368,592.628,436.424,676.405,-1,-1,-1,-1,956.376,-1,-1,-1,2,0,2,0,2,0,0,0,0,2,2,2,2,0,2,2,2
122,4882.360,4398.977,142.036,175.649,-0.997111,-0.075795,-0.005037,0.075867,-0.996987,-0.016147,-0.003798,-0.016482,0.999857,0,0.45577,-0.78906,1.400,-0.031,-1,558.604,-1,992.967,-1,536.678,608.213,445.109,693.465,-1,-1,-1,-1,980.448,-1,-1,-1,2,0,2,0,2,0,0,0,0,2,2,2,2,0,2,2,2
123,4880.749,4399.392,144.168,175.596,-0.997048,-0.076784,-0.000444,0.076780,-0.996902,-0.017041,0.000866,-0.017024,0.999855,0,0.45577,-0.78906,1.664,-0.052,-1,574.227,-1,-1,-1,551.345,622.648,449.840,708.838,-1,-1,-1,-1,-1,-1,-1,-1,2,0,2,2,2,0,0,0,0,2,2,2,2,2,2,2,2
124,4878.766,4399.929,145.094,175.519,-0.996923,-0.078235,0.004867,0.078129,-0.996762,-0.019020,0.006339,-0.018582,0.999807,0,0.45577,-0.78906,2.054,-0.078,-1,588.451,-1,-1,-1,564.249,636.764,450.562,723.311,-1,-1,-1,-1,-1,-1,-1,-1,2,0,2,2,2,0,0,0,0,2,2,2,2,2,2,2,2
125,4876.440,4400.541,144.883,175.408,-0.996716,-0.080299,0.010425,0.080051,-0.996540,-0.022372,0.012185,-0.021464,0.999695,0,0.45577,-0.78906,2.405,-0.111,-1,600.286,-1,-1,-1,574.771,951.701,446.772,738.705,991.718,-1,-1,-1,-1,-1,-1,-1,2,0,2,2,2,0,0,0,0,0,2,2,2,2,2,2,2
126,4873.762,4401.209,143.647,175.278,-0.996447,-0.082760,0.015608,0.082309,-0.996223,-0.027651,0.017838,-0.026268,0.999496,0,0.45577,-0.78906,2.760,-0.130,-1,607.903,-1,-1,-1,582.738,978.669,437.828,758.986,943.270,-1,-1,-1,-1,-1,-1,-1,2,0,2,2,2,0,0,0,0,0,2,2,2,2,2,2,2
127,4870.794,4401.958,141.720,175.105,-0.996132,-0.085953,0.018263,0.085306,-0.995786,-0.033663,0.021080,-0.031975,0.999266,0,0.45577,-0.78906,3.061,-0.173,-1,608.037,-1,-1,-1,584.762,993.032,426.056,777.543,898.937,-1,-1,-1,-1,-1,-1,-1,2,0,2,2,2,0,0,0,0,0,2,2,2,2,2,2,2
128,4867.600,4402.880,139.397,174.899,-0.995841,-0.089598,0.016511,0.088898,-0.995272,-0.039136,0.019940,-0.037505,0.999097,0,0.45577,-0.78906,3.325,-0.207,-1,597.394,-1,-1,-1,577.628,985.829,413.568,793.917,872.801,-1,-1,-1,-1,-1,-1,-1,2,0,2,2,2,0,0,0,0,0,2,2,2,2,2,2,2
129,4864.147,4404.001,136.965,174.679,-0.995577,-0.093268,0.011279,0.092720,-0.994806,-0.041992,0.015137,-0.040761,0.999054,0,0.45577,-0.78906,3.630,-0.219,-1,580.033,-1,-1,-1,563.682,960.788,403.864,797.194,867.554,-1,-1,-1,-1,-1,-1,-1,2,0,2,2,2,0,0,0,0,0,2,2,2,2,2,2,2
130,4860.417,4405.412,134.748,174.449,-0.995275,-0.096997,0.004501,0.096735,-0.994477,-0.040714,0.008425,-0.040086,0.999161,0,0.45577,-0.78906,3.987,-0.231,-1,562.216,-1,-1,-1,547.540,926.890,399.851,780.407,885.173,-1,-1,-1,-1,-1,-1,-1,2,0,2,2,2,0,0,0,0,0,2,2,2,2,2,2,2
131,4856.452,4407.212,132.944,174.203,-0.994886,-0.100979,-0.002433,0.101002,-0.994258,-0.035358,0.001151,-0.035423,0.999372,0,0.45577,-0.78906,4.355,-0.245,-1,547.492,-1,-1,-1,532.384,615.374,402.128,747.405,922.059,-1,-1,-1,-1,-1,-1,-1,2,0,2,2,2,0,0,0,0,0,2,2,2,2,2,2,2
132,4852.292,4409.402,131.663,173.932,-0.994381,-0.105520,-0.008500,0.105713,-0.994033,-0.026895,-0.005611,-0.027643,0.999602,0,0.45577,-0.78906,4.701,-0.271,-1,537.732,-1,940.523,-1,520.294,598.515,410.091,700.605,975.070,-1,-1,-1,-1,-1,-1,-1,2,0,2,0,2,0,0,0,0,0,2,2,2,2,2,2,2
133,4847.925,4411.945,130.918,173.624,-0.993753,-0.110834,-0.013090,0.111050,-0.993667,-0.017138,-0.011108,-0.018484,0.999767,0,0.45577,-0.78906,5.054,-0.308,-1,533.303,-1,909.671,-1,512.255,586.630,421.781,654.852,-1,-1,-1,-1,-1,-1,-1,-1,2,0,2,0,2,0,0,0,0,2,2,2,2,2,2,2,2
134,4843.319,4414.804,130.648,173.258,-0.992970,-0.117244,-0.016288,0.117393,-0.993049,-0.008475,-0.015181,-0.010327,0.999831,0,0.41763,-1.00000,5.421,-0.366,-1,532.630,-1,889.009,-1,507.994,580.448,433.836,620.530,-1,-1,-1,-1,-1,-1,-1,-1,2,0,2,0,2,0,0,0,0,2,2,2,2,2,2,2,2
135,4838.496,4417.802,130.869,172.856,-0.992074,-0.124275,-0.018544,0.124338,-0.992237,-0.002288,-0.018116,-0.004575,0.999825,0,0.41763,-1.00000,5.679,-0.401,-1,534.115,-1,876.044,-1,507.256,579.193,443.982,599.543,-1,-1,-1,-1,-1,-1,-1,-1,2,0,2,0,2,0,0,0,0,2,2,2,2,2,2,2,2
136,4833.361,4420.805,131.499,172.434,-0.991093,-0.131635,-0.020162,0.131640,-0.991297,0.001113,-0.020133,-0.001551,0.999796,0,0.41763,-1.00000,5.948,-0.422,-1,536.942,-1,869.707,-1,508.833,581.939,451.218,591.986,-1,-1,-1,-1,-1,-1,-1,-1,2,0,2,0,2,0,0,0,0,2,2,2,2,2,2,2,2
137,4827.936,4423.773,132.327,172.003,-0.990041,-0.139095,-0.021724,0.139081,-0.990279,0.002173,-0.021815,-0.000870,0.999762,0,0.41763,-1.00000,6.184,-0.431,-1,539.567,-1,867.149,-1,511.115,586.618,455.371,594.366,-1,-1,-1,-1,-1,-1,-1,-1,2,0,2,0,2,0,0,0,0,2,2,2,2,2,2,2,2
138,4822.243,4426.708,133.143,171.569,-0.988925,-0.146590,-0.023219,0.146587,-0.989196,0.001870,-0.023242,-0.001555,0.999729,0,0.41763,-1.00000,6.405,-0.435,-1,541.862,-1,866.582,-1,513.618,592.225,456.813,601.875,-1,-1,-1,-1,-1,-1,-1,-1,2,0,2,0,2,0,0,0,0,2,2,2,2,2,2,2,2
139,4816.210,4429.681,133.837,171.134,-0.987775,-0.154049,-0.023880,0.154073,-0.988059,0.000850,-0.023725,-0.002840,0.999714,0,0.41763,-1.00000,6.726,-0.434,-1,545.381,-1,868.961,-1,517.362,823.896,456.864,611.448,-1,-1,-1,-1,-1,-1,-1,-1,2,0,2,0,2,0,0,0,0,2,2,2,2,2,2,2,2
140,4809.925,4432.746,134.349,170.683,-0.986542,-0.161792,-0.023609,0.161856,-0.986814,-0.000810,-0.023167,-0.004620,0.999721,0,0.41763,-1.00000,6.993,-0.452,-1,549.916,-1,877.967,-1,522.906,813.243,455.790,621.566,-1,-1,-1,-1,-1,-1,-1,-1,2,0,2,0,2,0,0,0,0,2,2,2,2,2,2,2,2
141,4803.388,4435.886,134.669,170.233,-0.985278,-0.169488,-0.022377,0.169596,-0.985509,-0.003029,-0.021539,-0.006779,0.999745,0,0.41763,-1.00000,7.252,-0.449,-1,762.443,-1,890.816,-1,530.055,806.087,454.196,632.903,-1,-1,-1,-1,-1,-1,-1,-1,2,0,2,0,2,0,0,0,0,2,2,2,2,2,2,2,2
142,4796.822,4439.208,134.868,169.759,-0.983890,-0.177610,-0.020364,0.177764,-0.984055,-0.005972,-0.018979,-0.009496,0.999775,0,0.41763,-1.00000,7.359,-0.475,-1,796.459,-1,907.847,-1,538.927,800.808,451.555,646.539,-1,-1,-1,-1,-1,-1,-1,-1,2,0,2,0,2,0,0,0,0,2,2,2,2,2,2,2,2
143,4790.218,4442.729,134.965,169.252,-0.982341,-0.186277,-0.017502,0.186462,-0.982415,-0.009589,-0.015408,-0.012683,0.999801,0,0.41763,-1.00000,7.484,-0.506,-1,824.552,-1,925.681,-1,842.332,886.266,448.099,661.912,-1,-1,-1,-1,-1,-1,-1,-1,2,0,2,0,2,0,0,0,0,2,2,2,2,2,2,2,2
144,4783.480,4446.450,134.909,168.718,-0.980615,-0.195435,-0.014146,0.195632,-0.980574,-0.014244,-0.011088,-0.016735,0.999798,0,0.41763,-1.00000,7.697,-0.535,-1,855.373,-1,944.609,-1,869.514,908.382,442.753,680.599,-1,-1,-1,-1,-1,-1,-1,-1,2,0,2,0,2,0,0,0,0,2,2,2,2,2,2,2,2
145,4776.579,4450.286,134.638,168.165,-0.978720,-0.204909,-0.010911,0.205095,-0.978536,-0.020108,-0.006556,-0.021917,0.999738,0,0.41763,-1.00000,7.895,-0.553,-1,884.708,-1,965.548,-1,896.762,932.281,434.006,703.727,988.359,-1,-1,-1,-1,-1,-1,-1,2,0,2,0,2,0,0,0,0,0,2,2,2,2,2,2,2
146,4769.426,4454.162,134.211,167.615,-0.976725,-0.214349,-0.007929,0.214486,-0.976367,-0.026531,-0.002055,-0.027614,0.999617,0,0.41763,-1.00000,8.136,-0.550,-1,908.160,-1,985.627,-1,922.471,940.888,424.270,728.177,954.923,-1,-1,-1,-1,-1,-1,-1,2,0,2,0,2,0,0,0,0,0,2,2,2,2,2,2,2
147,4762.152,4458.124,133.869,167.067,-0.974634,-0.223713,-0.006434,0.223804,-0.974117,-0.031733,0.000831,-0.032368,0.999476,0,0.41763,-1.00000,8.283,-0.547,-1,928.121,-1,999.079,-1,938.333,929.295,416.306,747.214,929.733,-1,-1,-1,-1,-1,-1,-1,2,0,2,0,2,0,0,0,0,0,2,2,2,2,2,2,2
148,4754.937,4462.310,133.746,166.514,-0.972426,-0.233121,-0.006421,0.233202,-0.971801,-0.034929,0.001903,-0.035463,0.999369,0,0.41763,-1.00000,8.342,-0.553,-1,945.744,-1,1005.761,-1,945.778,912.225,412.017,760.343,917.739,-1,-1,-1,-1,-1,-1,-1,2,0,2,0,2,0,0,0,0,0,2,2,2,2,2,2,2
149,4747.709,4466.776,133.748,165.954,-0.970100,-0.242598,-0.007263,0.242700,-0.969421,-0.036338,0.001775,-0.037014,0.999313,0,0.41763,-1.00000,8.496,-0.560,-1,962.163,-1,1006.865,-1,947.797,891.386,409.675,767.799,916.137,-1,-1,-1,-1,-1,-1,-1,2,0,2,0,2,0,0,0,0,0,2,2,2,2,2,2,2
150,4740.500,4471.471,133.833,165.385,-0.967642,-0.252186,-0.008463,0.252326,-0.966975,-0.035920,0.000875,-0.036893,0.999319,0,0.41763,-1.00000,8.603,-0.569,-1,975.011,-1,1003.331,-1,947.798,869.179,409.492,767.781,923.377,-1,-1,-1,-1,-1,-1,-1,2,0,2,0,2,0,0,0,0,0,2,2,2,2,2,2,2
151,4733.193,4476.396,133.913,164.808,-0.965053,-0.261869,-0.009827,0.262053,-0.964443,-0.034313,-0.000492,-0.035689,0.999363,0,0.41763,-1.00000,8.811,-0.577,-1,985.526,-1,996.511,-1,946.467,846.619,411.437,762.839,934.141,-1,-1,-1,-1,-1,-1,-1,2,0,2,0,2,0,0,0,0,0,2,2,2,2,2,2,2
152,4725.767,4481.499,133.849,164.238,-0.962394,-0.271403,-0.011777,0.271646,-0.961856,-0.032274,-0.002568,-0.034260,0.999410,0,0.41763,-1.00000,9.011,-0.570,-1,992.455,-1,986.774,-1,942.501,822.689,413.330,756.401,946.820,-1,-1,-1,-1,-1,-1,-1,2,0,2,0,2,0,0,0,0,0,2,2,2,2,2,2,2
153,4718.406,4486.933,133.632,163.584,-0.959221,-0.282279,-0.014612,0.282608,-0.958736,-0.030956,-0.005271,-0.033823,0.999414,0,0.41763,-1.00000,9.149,-0.654,-1,995.810,-1,975.735,-1,936.174,795.177,413.308,752.899,958.094,-1,-1,-1,-1,-1,-1,-1,2,0,2,0,2,0,0,0,0,0,2,2,2,2,2,2,2
154,4711.003,4492.645,133.214,162.865,-0.955580,-0.294179,-0.018052,0.294613,-0.955140,-0.030160,-0.008369,-0.034139,0.999382,0,0.41763,-1.00000,9.351,-0.719,-1,997.983,-1,963.802,-1,928.150,771.477,411.630,751.095,967.914,-1,-1,-1,-1,-1,-1,-1,2,0,2,0,2,0,0,0,0,0,2,2,2,2,2,2,2
155,4703.316,4498.507,132.579,162.153,-0.951821,-0.305929,-0.021080,0.306452,-0.951440,-0.029136,-0.011143,-0.034192,0.999353,0,0.41763,-1.00000,9.667,-0.712,-1,999.533,-1,952.199,-1,910.582,749.789,408.461,747.655,978.411,-1,-1,-1,-1,-1,-1,-1,2,0,2,0,2,0,0,0,0,0,2,2,2,2,2,2,2
156,4695.325,4504.339,131.873,161.516,-0.948320,-0.316438,-0.023579,0.317016,-0.948032,-0.027121,-0.013772,-0.033194,0.999354,0,0.41763,-1.00000,9.893,-0.638,-1,1000.919,-1,939.981,-1,887.816,729.910,406.638,740.647,992.288,-1,-1,-1,-1,-1,-1,-1,2,0,2,0,2,0,0,0,0,0,2,2,2,2,2,2,2
157,4687.357,4510.385,131.241,160.840,-0.944475,-0.327515,-0.026465,0.328163,-0.944274,-0.025617,-0.016600,-0.032879,0.999321,0,0.41763,-1.00000,10.002,-0.676,-1,1001.981,-1,928.325,-1,864.317,720.298,403.881,736.376,1005.447,-1,-1,-1,-1,-1,-1,-1,2,0,2,0,2,0,0,0,0,0,2,2,2,2,2,2,2
158,4679.282,4516.617,130.614,160.136,-0.940317,-0.338962,-0.030127,0.339718,-0.940197,-0.024935,-0.019873,-0.033681,0.999235,0,0.41763,-1.00000,10.200,-0.704,-1,999.226,-1,917.019,-1,834.688,713.127,399.330,736.210,-1,-1,-1,-1,-1,-1,-1,-1,2,0,2,0,2,0,0,0,0,2,2,2,2,2,2,2,2
159,4671.123,4523.141,129.937,159.385,-0.935707,-0.351056,-0.034806,0.351982,-0.935664,-0.025323,-0.023677,-0.035946,0.999073,0,0.41763,-1.00000,10.446,-0.751,-1,991.967,-1,906.169,-1,800.177,705.205,392.411,741.056,-1,-1,-1,-1,-1,-1,-1,-1,2,0,2,0,2,0,0,0,0,2,2,2,2,2,2,2,2
160,4662.917,4530.040,129.197,158.585,-0.930609,-0.363857,-0.039701,0.364985,-0.930648,-0.026083,-0.027457,-0.038763,0.998871,0,0.41763,-1.00000,10.721,-0.800,-1,985.008,-1,895.973,-1,767.003,697.513,384.975,747.506,-1,-1,-1,-1,-1,-1,-1,-1,2,0,2,0,2,0,0,0,0,2,2,2,2,2,2,2,2
161,4654.825,4537.115,128.452,157.777,-0.925273,-0.376743,-0.043981,0.378022,-0.925447,-0.025432,-0.031121,-0.040157,0.998709,0,-0.00619,-1.00000,10.749,-0.807,-1,979.734,-1,884.898,-1,736.609,690.864,379.765,748.337,-1,-1,-1,-1,-1,-1,-1,-1,2,0,2,0,2,0,0,0,0,2,2,2,2,2,2,2,2
162,4646.991,4544.134,127.684,157.013,-0.920018,-0.388941,-0.047867,0.390283,-0.920419,-0.022540,-0.035291,-0.039419,0.998599,0,-0.00619,-1.00000,10.519,-0.765,-1,974.469,-1,870.535,-1,708.019,682.997,377.601,740.946,-1,-1,-1,-1,-1,-1,-1,-1,2,0,2,0,2,0,0,0,0,2,2,2,2,2,2,2,2
163,4639.359,4551.097,126.853,156.300,-0.914944,-0.400328,-0.051131,0.401626,-0.915630,-0.017865,-0.039665,-0.036881,0.998532,0,-0.00619,-1.00000,10.331,-0.712,-1,967.140,-1,854.087,-1,684.657,674.041,377.735,727.021,-1,-1,-1,-1,-1,-1,-1,-1,2,0,2,0,2,0,0,0,0,2,2,2,2,2,2,2,2
164,4631.947,4558.025,125.896,155.606,-0.909819,-0.411400,-0.054589,0.412604,-0.910825,-0.012474,-0.044589,-0.033872,0.998431,0,-0.00619,-1.00000,10.145,-0.695,-1,955.793,-1,835.844,-1,663.270,663.518,377.594,711.293,-1,-1,-1,-1,-1,-1,-1,-1,2,0,2,0,2,0,0,0,0,2,2,2,2,2,2,2,2
165,4624.670,4564.873,124.767,154.942,-0.904740,-0.421930,-0.058477,0.423000,-0.906105,-0.006704,-0.050157,-0.030801,0.998266,0,-0.00619,-1.00000,9.992,-0.663,-1,942.404,-1,815.305,-1,641.915,649.567,377.108,695.292,-1,-1,-1,-1,-1,-1,-1,-1,2,0,2,0,2,0,0,0,0,2,2,2,2,2,2,2,2
166,4617.530,4571.622,123.480,154.304,-0.899665,-0.432000,-0.063079,0.432901,-0.901441,-0.000689,-0.056565,-0.027927,0.998008,0,-0.00619,-1.00000,9.825,-0.638,-1,926.673,-1,792.917,-1,620.307,633.940,375.899,679.870,-1,-1,-1,-1,-1,-1,-1,-1,2,0,2,0,2,0,0,0,0,2,2,2,2,2,2,2,2
167,4610.554,4578.342,122.109,153.670,-0.894444,-0.441948,-0.068208,0.442638,-0.896684,0.005460,-0.063574,-0.025308,0.997656,0,-0.00619,-1.00000,9.686,-0.634,-1,909.467,-1,769.937,-1,598.564,617.506,374.150,665.309,-1,-1,-1,-1,-1,-1,-1,-1,2,0,2,0,2,0,0,0,0,2,2,2,2,2,2,2,2
168,4603.757,4584.987,120.779,153.070,-0.889332,-0.451415,-0.072886,0.451776,-0.892045,0.012391,-0.070611,-0.021908,0.997263,0,-0.00619,-1.00000,9.506,-0.601,-1,893.210,-1,747.581,-1,583.965,601.719,374.088,648.942,-1,-1,-1,-1,-1,-1,-1,-1,2,0,2,0,2,0,0,0,0,2,2,2,2,2,2,2,2
169,4597.157,4591.655,119.577,152.474,-0.884135,-0.460849,-0.076968,0.460766,-0.887299,0.019904,-0.077466,-0.017866,0.996835,0,-0.00619,-1.00000,9.381,-0.596,-1,878.468,-1,726.221,-1,571.430,586.818,374.784,630.196,-1,-1,-1,-1,-1,-1,-1,-1,2,0,2,0,2,0,0,0,0,2,2,2,2,2,2,2,2
170,4590.699,4598.335,118.444,151.886,-0.878834,-0.470135,-0.081389,0.469536,-0.882483,0.027550,-0.084777,-0.014003,0.996302,0,-0.00619,-1.00000,9.292,-0.588,-1,853.191,-1,704.860,-1,558.572,571.683,376.921,613.023,-1,-1,-1,-1,-1,-1,-1,-1,2,0,2,0,2,0,0,0,0,2,2,2,2,2,2,2,2
171,4584.424,4605.078,117.348,151.276,-0.873163,-0.479627,-0.086859,0.478517,-0.877399,0.034543,-0.092778,-0.011402,0.995622,0,-0.00619,-1.00000,9.211,-0.610,-1,823.709,-1,683.700,-1,544.901,556.087,377.519,600.236,-1,-1,-1,-1,-1,-1,-1,-1,2,0,2,0,2,0,0,0,0,2,2,2,2,2,2,2,2
172,4578.198,4611.774,116.244,150.688,-0.867512,-0.488757,-0.092413,0.487059,-0.872375,0.041664,-0.100982,-0.008867,0.994849,0,-0.00619,-1.00000,9.144,-0.588,-1,779.809,-1,662.153,-1,531.230,540.590,378.015,588.118,-1,-1,-1,-1,-1,-1,-1,-1,2,0,2,0,2,0,0,0,0,2,2,2,2,2,2,2,2
173,4572.058,4618.490,115.132,150.098,-0.861701,-0.497909,-0.097767,0.495545,-0.867206,0.048872,-0.109118,-0.006335,0.994009,0,-0.00619,-1.00000,9.100,-0.591,-1,744.715,-1,641.514,-1,517.991,525.481,378.528,576.308,-1,-1,-1,-1,1005.335,984.489,-1,-1,2,0,2,0,2,0,0,0,0,2,2,2,2,0,0,2,2
174,4565.970,4625.201,114.045,149.536,-0.856056,-0.506681,-0.102191,0.503521,-0.862128,0.056577,-0.116768,-0.003022,0.993155,0,-0.00619,-1.00000,9.061,-0.561,-1,713.199,-1,622.091,-1,505.119,511.436,380.751,563.006,-1,-1,-1,-1,952.610,948.995,-1,-1,2,0,2,0,2,0,0,0,0,2,2,2,2,0,0,2,2
175,4560.046,4631.886,113.073,149.000,-0.850564,-0.515168,-0.105558,0.511062,-0.857088,0.064928,-0.123921,0.001279,0.992291,0,-0.00619,-1.00000,8.932,-0.536,-1,685.138,-1,603.870,-1,493.694,498.581,384.967,548.046,-1,-1,-1,-1,914.394,916.052,-1,-1,2,0,2,0,2,0,0,0,0,2,2,2,2,0,0,2,2
176,4554.272,4638.604,112.299,148.471,-0.845113,-0.523549,-0.108077,0.518478,-0.851977,0.072910,-0.130251,0.005582,0.991465,0,-0.00619,-1.00000,8.859,-0.530,-1,649.443,-1,588.160,-1,484.156,487.656,389.852,534.479,-1,-1,-1,-1,893.772,887.990,-1,-1,2,0,2,0,2,0,0,0,0,2,2,2,2,0,0,2,2
177,4548.374,4645.256,111.742,147.978,-0.840036,-0.531215,-0.110226,0.525362,-0.847194,0.079098,-0.135401,0.008537,0.990754,0,-0.00619,-1.00000,8.890,-0.493,-1,618.620,-1,576.311,-1,476.758,479.308,393.583,526.045,-1,-1,-1,-1,878.174,866.616,-1,-1,2,0,2,0,2,0,0,0,0,2,2,2,2,0,0,2,2
178,4542.388,4651.831,111.347,147.496,-0.835088,-0.538428,-0.112799,0.532081,-0.842621,0.082947,-0.139707,0.009250,0.990150,0,-0.00619,-1.00000,8.891,-0.481,-1,589.995,-1,567.886,976.526,470.683,472.960,394.579,524.226,-1,-1,-1,-1,865.451,851.146,-1,-1,2,0,2,0,1,0,0,0,0,2,2,2,2,0,0,2,2
179,4536.337,4658.315,110.998,147.021,-0.830212,-0.545276,-0.115856,0.538718,-0.838219,0.084686,-0.143290,0.007893,0.989649,0,-0.00619,-1.00000,8.870,-0.476,-1,562.932,-1,562.156,966.418,465.510,467.973,392.683,527.949,-1,-1,-1,-1,853.306,840.359,-1,-1,2,0,2,0,1,0,0,0,0,2,2,2,2,0,0,2,2
180,4530.183,4664.673,110.541,146.571,-0.825632,-0.551572,-0.118742,0.544996,-0.834109,0.085098,-0.145981,0.005546,0.989272,0,-0.00619,-1.00000,8.848,-0.449,-1,538.898,-1,558.356,956.668,461.290,464.152,389.400,534.148,-1,-1,-1,-1,843.121,832.992,-1,-1,2,0,2,0,1,0,0,0,0,2,2,2,2,0,0,2,2
181,4523.933,4670.908,109.850,146.155,-0.821446,-0.557313,-0.120948,0.550854,-0.830297,0.084654,-0.147601,0.002914,0.989043,0,-0.00619,-1.00000,8.828,-0.417,-1,524.991,-1,556.080,947.254,458.104,461.629,385.363,540.705,-1,-1,-1,-1,835.945,828.419,-1,-1,2,0,2,0,1,0,0,0,0,2,2,2,2,0,0,2,2
182,4517.870,4677.052,108.886,145.735,-0.817253,-0.563041,-0.122806,0.556754,-0.826429,0.083906,-0.148733,0.000200,0.988877,0,-0.09476,-0.20000,8.632,-0.419,-1,521.727,-1,554.120,938.042,455.108,459.283,380.990,546.541,-1,-1,-1,-1,829.675,824.687,-1,-1,2,0,2,0,1,0,0,0,0,2,2,2,2,0,0,2,2
183,4512.067,4683.023,107.695,145.329,-0.813163,-0.568643,-0.124141,0.562462,-0.822582,0.083638,-0.149676,-0.001813,0.988733,0,-0.09476,-0.20000,8.326,-0.407,-1,518.610,-1,551.583,929.184,452.024,456.661,378.232,549.714,-1,-1,-1,-1,824.127,820.234,-1,-1,2,0,2,0,1,0,0,0,0,2,2,2,2,0,0,2,2
184,4506.331,4688.759,106.325,144.968,-0.809478,-0.573626,-0.125297,0.567469,-0.819111,0.083880,-0.150747,-0.003203,0.988567,0,-0.09476,-0.20000,8.112,-0.360,-1,515.499,-1,548.016,920.819,448.233,453.409,375.734,550.812,-1,-1,-1,-1,816.056,814.193,-1,-1,2,0,2,0,1,0,0,0,0,2,2,2,2,0,0,2,2
185,4500.644,4694.280,104.817,144.653,-0.806139,-0.577904,-0.127149,0.571775,-0.816090,0.084091,-0.152362,-0.004912,0.988313,0,-0.09476,-0.20000,7.926,-0.316,-1,510.036,-1,543.318,912.901,443.359,449.188,372.371,552.432,-1,-1,-1,-1,802.580,806.428,-1,-1,2,0,2,0,1,0,0,0,0,2,2,2,2,0,0,2,2
186,4494.977,4699.623,103.221,144.370,-0.803070,-0.581623,-0.129585,0.575575,-0.813427,0.083965,-0.154244,-0.007156,0.988007,0,-0.09476,-0.20000,7.788,-0.283,-1,503.707,-1,538.258,905.329,437.912,444.510,368.281,555.320,-1,-1,-1,-1,787.620,798.077,-1,-1,2,0,2,0,1,0,0,0,0,2,2,2,2,0,0,2,2
187,4489.289,4704.826,101.574,144.119,-0.800336,-0.584851,-0.131954,0.578950,-0.811083,0.083431,-0.155820,-0.009622,0.987739,0,-0.09476,-0.20000,7.709,-0.252,-1,497.773,-1,533.789,898.032,432.758,440.178,364.367,558.903,-1,-1,-1,-1,773.607,790.639,-1,-1,2,0,2,0,1,0,0,0,0,2,2,2,2,0,0,2,2
188,4483.628,4709.940,99.950,143.883,-0.797843,-0.587840,-0.133753,0.582161,-0.808886,0.082409,-0.156634,-0.012117,0.987582,0,-0.09476,-0.20000,7.628,-0.236,-1,493.170,-1,530.709,890.913,428.634,436.901,360.487,562.866,-1,-1,-1,-1,762.352,785.506,-1,-1,2,0,2,0,1,0,0,0,0,2,2,2,2,0,0,2,2
189,4478.002,4714.944,98.413,143.661,-0.795571,-0.590673,-0.134805,0.585239,-0.806785,0.081201,-0.156722,-0.014292,0.987539,0,-0.09476,-0.20000,7.529,-0.222,-1,490.624,-1,528.897,883.984,425.637,434.682,357.182,566.437,-1,-1,-1,-1,754.180,782.409,-1,-1,2,0,2,0,1,0,0,0,0,2,2,2,2,0,0,2,2
190,4472.443,4719.849,96.994,143.449,-0.793430,-0.593396,-0.135464,0.588199,-0.804748,0.080019,-0.156497,-0.016190,0.987546,0,-0.09476,-0.20000,7.414,-0.212,-1,490.696,-1,527.722,877.231,423.285,433.041,354.437,569.730,-1,-1,-1,-1,747.735,780.278,-1,-1,2,0,2,0,1,0,0,0,0,2,2,2,2,0,0,2,2
191,4466.977,4724.655,95.702,143.248,-0.791361,-0.595967,-0.136275,0.590987,-0.802806,0.078973,-0.156468,-0.018041,0.987518,0,-0.09476,-0.20000,7.278,-0.201,1006.196,490.583,-1,526.171,870.662,420.914,431.358,351.946,572.712,-1,-1,-1,-1,741.169,777.865,-1,-1,0,0,2,0,1,0,0,0,0,2,2,2,2,0,0,2,2
192,4461.696,4729.257,94.648,143.067,-0.789402,-0.598237,-0.137684,0.593406,-0.801075,0.078411,-0.157203,-0.019804,0.987368,0,-0.09476,-0.20000,7.005,-0.180,993.500,488.941,-1,523.731,864.432,418.007,429.078,349.867,576.148,-1,-1,-1,-1,733.131,773.764,-1,-1,0,0,2,0,1,0,0,0,0,2,2,2,2,0,0,2,2
193,4456.506,4733.643,93.850,142.916,-0.787653,-0.600135,-0.139429,0.595347,-0.799620,0.078555,-0.158633,-0.021135,0.987111,0,-0.09476,-0.20000,6.795,-0.151,979.240,486.466,-1,520.413,858.548,414.742,426.281,348.614,579.707,-1,-1,-1,-1,724.323,767.887,-1,-1,0,0,2,0,1,0,0,0,0,2,2,2,2,0,0,2,2
194,4451.327,4737.889,93.247,142.800,-0.786193,-0.601587,-0.141401,0.596751,-0.798502,0.079259,-0.160590,-0.022069,0.986774,0,-0.09476,-0.20000,6.697,-0.116,964.017,480.835,-1,516.391,852.920,411.223,422.977,347.997,583.109,-1,-1,-1,-1,715.082,760.591,-1,-1,0,0,2,0,1,0,0,0,0,2,2,2,2,0,0,2,2
195,4446.193,4742.032,92.768,142.712,-0.784959,-0.602694,-0.143526,0.597729,-0.797651,0.080453,-0.162972,-0.022638,0.986371,0,-0.09476,-0.20000,6.598,-0.089,948.202,474.996,-1,511.734,847.490,407.462,419.258,347.695,586.060,-1,-1,-1,-1,705.487,752.081,-1,-1,0,0,2,0,1,0,0,0,0,2,2,2,2,0,0,2,2
196,4441.175,4746.065,92.397,142.644,-0.783893,-0.603601,-0.145524,0.598387,-0.796967,0.082317,-0.165665,-0.022552,0.985924,0,-0.09476,-0.20000,6.437,-0.068,932.978,469.364,-1,506.476,842.259,403.617,415.279,348.243,587.625,-1,-1,-1,-1,696.102,742.459,-1,-1,0,0,2,0,1,0,0,0,0,2,2,2,2,0,0,2,2
197,4436.245,4749.975,92.085,142.603,-0.783072,-0.604264,-0.147182,0.598634,-0.796494,0.085059,-0.168627,-0.021501,0.985445,0,-0.09476,-0.20000,6.293,-0.040,919.984,464.062,-1,500.443,837.247,399.703,410.972,350.057,586.852,-1,-1,-1,-1,687.205,731.470,-1,-1,0,0,2,0,1,0,0,0,0,2,2,2,2,0,0,2,2
198,4431.432,4753.739,91.814,142.593,-0.782490,-0.604634,-0.148750,0.598412,-0.796263,0.088711,-0.172082,-0.019598,0.984888,0,-0.09476,-0.20000,6.110,-0.010,907.416,458.861,-1,493.333,832.497,395.450,406.064,352.738,583.610,-1,-1,-1,-1,677.991,718.649,1004.542,1000.995,0,0,2,0,1,0,0,0,0,2,2,2,2,0,0,0,0
199,4426.717,4757.382,91.557,142.603,-0.782075,-0.604792,-0.150284,0.597882,-0.796196,0.092788,-0.175773,-0.017285,0.984279,0,-0.09476,-0.20000,5.958,0.010,895.041,453.983,-1,485.765,827.956,391.026,400.890,355.814,579.355,-1,-1,-1,-1,668.698,705.118,967.401,973.952,0,0,2,0,1,0,0,0,0,2,2,2,2,0,0,0,0
200,4422.064,4760.969,91.270,142.620,-0.781788,-0.604875,-0.151437,0.597291,-0.796181,0.096640,-0.179027,-0.014900,0.983731,0,-0.09476,-0.20000,5.875,0.017,885.450,449.773,-1,478.884,823.509,387.132,396.216,358.940,574.932,-1,-1,-1,-1,660.742,692.904,936.543,948.937,0,0,2,0,1,0,0,0,0,2,2,2,2,0,0,0,0
201,4417.215,4764.815,90.835,142.630,-0.781707,-0.605038,-0.151205,0.597018,-0.796092,0.099028,-0.180289,-0.012861,0.983530,0,0.50692,-0.85066,6.190,0.010,885.565,448.064,-1,474.980,818.704,385.357,393.668,361.681,571.393,-1,-1,-1,-1,657.565,685.857,933.753,934.322,0,0,2,0,1,0,0,0,0,2,2,2,2,0,0,0,0
202,4412.076,4769.367,90.122,142.550,-0.781072,-0.606183,-0.149897,0.598266,-0.795223,0.098480,-0.178898,-0.012759,0.983785,0,0.50692,-0.85066,6.865,-0.080,893.921,448.809,-1,475.571,812.839,386.043,394.006,362.380,572.236,-1,-1,-1,-1,658.973,686.501,958.737,936.394,0,0,2,0,1,0,0,0,0,2,2,2,2,0,0,0,0
203,4406.765,4774.567,89.120,142.366,-0.779625,-0.608506,-0.148007,0.601119,-0.793418,0.095623,-0.175618,-0.014420,0.984353,0,0.50692,-0.85066,7.433,-0.183,907.092,450.935,-1,479.375,806.012,387.845,396.357,361.152,576.681,-1,-1,-1,-1,662.986,693.015,990.930,950.865,0,0,2,0,1,0,0,0,0,2,2,2,2,0,0,0,0
204,4401.298,4780.303,87.849,142.105,-0.777520,-0.611735,-0.145751,0.605184,-0.790870,0.090974,-0.170922,-0.017472,0.985130,0,0.50692,-0.85066,7.924,-0.262,921.864,453.984,-1,485.661,798.450,390.712,400.472,358.348,583.935,-1,-1,-1,-1,669.883,704.042,-1,974.505,0,0,2,0,1,0,0,0,0,2,2,2,2,0,0,2,0
205,4395.879,4786.676,86.278,141.721,-0.774193,-0.616251,-0.144430,0.610961,-0.787205,0.083875,-0.165384,-0.023306,0.985954,0,0.50692,-0.85066,8.366,-0.384,932.166,456.385,-1,494.375,790.081,394.009,405.656,352.528,597.527,-1,-1,-1,-1,675.363,719.678,-1,-1,0,0,2,0,1,0,0,0,0,2,2,2,2,0,0,2,2
206,4390.421,4793.492,84.467,141.248,-0.769756,-0.621786,-0.144425,0.617835,-0.782594,0.076329,-0.160486,-0.030475,0.986567,0,0.50692,-0.85066,8.732,-0.473,934.308,456.679,-1,502.575,781.234,396.010,409.993,343.619,614.031,-1,-1,-1,-1,676.089,734.735,-1,-1,0,0,2,0,1,0,0,0,0,2,2,2,2,0,0,2,2
207,4384.965,4800.642,82.723,140.712,-0.764165,-0.628302,-0.145906,0.625183,-0.777133,0.072179,-0.158739,-0.036061,0.986662,0,0.50692,-0.85066,8.994,-0.536,922.684,452.938,-1,504.739,772.101,394.540,410.321,336.609,625.772,-1,-1,-1,-1,668.844,739.797,-1,-1,0,0,2,0,1,0,0,0,0,2,2,2,2,0,0,2,2
208,4379.577,4808.210,81.124,140.155,-0.757889,-0.635314,-0.148255,0.632460,-0.771253,0.071860,-0.159995,-0.039303,0.986335,0,0.50692,-0.85066,9.290,-0.558,904.313,445.815,-1,501.411,770.581,389.996,406.723,332.393,630.670,-1,-1,-1,-1,655.307,734.883,-1,-1,0,0,2,0,1,0,0,0,0,2,2,2,2,0,0,2,2
209,4374.359,4816.288,79.601,139.529,-0.750528,-0.643357,-0.150996,0.640350,-0.764475,0.074372,-0.163280,-0.040872,0.985733,0,0.50692,-0.85066,9.616,-0.626,882.959,436.711,-1,494.442,770.307,383.419,400.741,330.211,630.024,-1,-1,-1,-1,637.702,723.313,-1,-1,0,0,2,0,1,0,0,0,0,2,2,2,2,0,0,2,2
210,4369.060,4824.812,78.035,138.893,-0.742856,-0.651833,-0.152574,0.648189,-0.757316,0.079523,-0.167383,-0.039823,0.985087,0,0.50692,-0.85066,10.038,-0.636,864.076,427.589,-1,484.931,770.134,376.218,393.460,330.928,621.298,-1,-1,-1,-1,620.340,707.292,-1,-1,0,0,2,0,1,0,0,0,0,2,2,2,2,0,0,2,2
211,4363.946,4833.845,76.529,138.198,-0.734373,-0.661187,-0.153390,0.656648,-0.749280,0.085983,-0.171783,-0.037579,0.984418,0,0.50692,-0.85066,10.380,-0.695,849.392,418.946,-1,474.786,771.222,369.047,385.933,335.828,609.062,-1,-1,-1,-1,604.914,690.088,883.301,976.514,0,0,2,0,1,0,0,0,0,2,2,2,2,0,0,0,0
212,4358.961,4843.434,74.959,137.439,-0.725051,-0.671323,-0.153706,0.665813,-0.740333,0.092734,-0.176048,-0.035102,0.983755,0,0.50692,-0.85066,10.807,-0.759,837.863,410.793,-1,464.725,773.578,362.065,378.572,413.525,595.975,-1,-1,-1,-1,590.013,673.454,830.350,944.924,0,0,2,0,1,0,0,0,0,2,2,2,2,0,0,0,0
213,4353.677,4853.548,73.236,136.695,-0.715983,-0.681261,-0.152483,0.674819,-0.731335,0.098837,-0.178850,-0.032133,0.983352,0,0.50692,-0.85066,11.412,-0.743,829.071,404.575,-1,456.379,775.204,356.283,372.565,495.697,582.057,-1,-1,-1,-1,578.741,660.057,796.066,919.886,0,0,2,0,1,0,0,0,0,2,2,2,2,0,0,0,0
214,4347.883,4864.185,71.454,135.997,-0.707649,-0.690506,-0.149782,0.683441,-0.722722,0.102866,-0.179281,-0.029574,0.983353,0,0.50692,-0.85066,12.112,-0.698,841.858,401.260,-1,451.557,775.101,353.157,369.351,513.682,570.544,-1,-1,-1,-1,573.177,652.947,793.345,907.592,0,0,2,0,1,0,0,0,0,2,2,2,2,0,0,0,0
215,4341.824,4875.418,69.623,135.284,-0.699291,-0.699484,-0.147355,0.692400,-0.714036,0.103612,-0.177692,-0.029574,0.983642,0,0.50692,-0.85066,12.764,-0.713,867.164,399.501,-1,450.753,774.467,352.079,368.745,528.883,566.398,-1,-1,-1,-1,570.349,653.053,788.849,910.550,0,0,2,0,1,0,0,0,0,2,2,2,2,0,0,0,0
216,4335.799,4887.121,67.873,134.534,-0.690509,-0.708497,-0.145703,0.701823,-0.704998,0.102085,-0.175047,-0.031767,0.984047,0,0.50692,-0.85066,13.162,-0.749,904.108,398.414,-1,452.727,774.277,352.049,369.810,540.963,568.443,-1,-1,-1,-1,568.046,657.863,801.924,924.509,0,0,2,0,1,0,0,0,0,2,2,2,2,0,0,0,0
217,4329.832,4899.154,66.217,133.776,-0.681508,-0.717398,-0.144522,0.711268,-0.695796,0.099831,-0.172176,-0.034759,0.984453,0,0.50692,-0.85066,13.432,-0.758,933.176,396.900,-1,455.660,774.258,352.345,371.439,551.249,572.982,-1,-1,-1,-1,565.798,664.165,828.052,738.994,0,0,2,0,1,0,0,0,0,2,2,2,2,0,0,0,1
218,4323.936,4911.401,64.677,132.929,-0.671193,-0.727198,-0.143814,0.721549,-0.685379,0.098097,-0.169903,-0.037927,0.984731,0,0.50692,-0.85066,13.592,-0.847,-1,395.217,-1,458.195,776.361,352.207,372.626,562.540,577.653,-1,-1,-1,-1,562.262,669.882,-1,675.331,2,0,2,0,1,0,0,0,0,2,2,2,2,0,0,2,1
219,4318.241,4923.907,63.328,131.986,-0.659356,-0.737908,-0.144019,0.732638,-0.673632,0.097277,-0.168797,-0.041374,0.984782,0,0.50692,-0.85066,13.741,-0.943,-1,392.399,-1,459.723,781.071,350.991,372.583,573.124,582.805,-1,-1,-1,-1,556.578,673.981,778.226,659.614,2,0,2,0,1,0,0,0,0,2,2,2,2,0,0,0,1
220,4312.852,4936.693,62.087,130.993,-0.646625,-0.748987,-0.144547,0.744032,-0.661066,0.096992,-0.168201,-0.044830,0.984733,0,0.22507,-0.73120,13.875,-0.993,-1,389.154,-1,460.766,787.655,349.176,372.291,582.789,587.133,-1,-1,-1,-1,550.397,677.806,719.889,644.034,2,0,2,0,1,0,0,0,0,2,2,2,2,0,0,0,1
221,4307.712,4949.500,60.933,130.017,-0.633944,-0.759892,-0.143803,0.755044,-0.648369,0.097600,-0.167403,-0.046705,0.984782,0,0.22507,-0.73120,13.800,-0.976,-1,386.962,-1,461.367,794.893,348.301,372.285,593.162,587.792,-1,-1,-1,-1,546.089,681.143,685.578,628.928,2,0,2,0,1,0,0,0,0,2,2,2,2,0,0,0,1
222,4302.870,4962.435,59.819,129.055,-0.621358,-0.770630,-0.141575,0.765821,-0.635516,0.098167,-0.165624,-0.047425,0.985048,0,0.22507,-0.73120,13.811,-0.963,-1,386.563,-1,463.026,802.859,348.729,373.315,605.909,585.706,-1,-1,-1,-1,544.649,686.479,680.136,623.003,2,0,2,0,1,0,0,0,0,2,2,2,2,0,0,0,1
223,4298.280,4975.528,58.596,128.099,-0.608801,-0.781192,-0.138204,0.776449,-0.622480,0.098212,-0.162752,-0.047516,0.985522,0,0.22507,-0.73120,13.874,-0.955,-1,387.335,-1,465.875,811.591,350.277,375.340,620.636,581.975,-1,-1,-1,-1,545.455,693.934,683.260,624.317,2,0,2,0,1,0,0,0,0,2,2,2,2,0,0,0,1
224,4293.620,4988.741,57.143,127.197,-0.596872,-0.791101,-0.133802,0.786423,-0.609890,0.097841,-0.159007,-0.046827,0.986166,0,0.22507,-0.73120,14.010,-0.902,-1,389.311,-1,469.222,819.390,352.477,377.825,636.284,576.353,-1,-1,-1,-1,548.721,649.043,693.883,624.957,2,0,2,0,1,0,0,0,0,2,2,2,2,0,1,0,1
225,4288.994,5002.117,55.486,126.310,-0.585025,-0.800632,-0.129360,0.796121,-0.597357,0.096723,-0.154713,-0.046401,0.986869,0,0.22507,-0.73120,14.153,-0.887,-1,391.528,-1,473.434,-1,354.801,380.570,647.601,571.058,-1,-1,-1,-1,552.863,600.495,709.782,625.501,2,0,2,0,2,0,0,0,0,2,2,2,2,0,1,0,1
226,4284.260,5015.548,53.697,125.498,-0.574127,-0.809316,-0.124038,0.804962,-0.585634,0.095232,-0.149713,-0.045171,0.987697,0,0.22507,-0.73120,14.241,-0.812,-1,394.722,-1,478.043,-1,357.575,383.493,660.253,564.132,-1,-1,-1,-1,558.959,561.485,769.958,624.936,2,0,2,0,2,0,0,0,0,2,2,2,2,0,1,0,1
227,4279.707,5029.114,51.866,124.675,-0.562914,-0.817761,-0.119976,0.813723,-0.573772,0.092958,-0.144856,-0.045299,0.988415,0,0.22507,-0.73120,14.310,-0.823,-1,397.196,-1,483.162,-1,360.047,386.522,670.034,560.221,-1,-1,-1,-1,562.977,545.361,803.661,624.757,2,0,2,0,2,0,0,0,0,2,2,2,2,0,1,0,1
228,4275.051,5042.721,50.032,123.902,-0.552288,-0.825525,-0.116132,0.821820,-0.562528,0.090413,-0.139966,-0.045506,0.989110,0,0.22507,-0.73120,14.381,-0.772,-1,399.283,-1,488.180,-1,362.539,389.581,675.811,556.896,-1,-1,-1,-1,567.371,529.488,819.734,623.735,2,0,2,0,2,0,0,0,0,2,2,2,2,0,1,0,1
229,4270.429,5056.364,48.353,123.129,-0.541473,-0.833022,-0.113495,0.829715,-0.551264,0.087644,-0.135575,-0.046712,0.989665,0,0.22507,-0.73120,14.405,-0.774,-1,400.912,-1,493.207,-1,364.660,392.525,679.242,556.267,-1,-1,-1,-1,570.937,513.811,816.047,622.840,2,0,2,0,2,0,0,0,0,2,2,2,2,0,1,0,1
230,4265.772,5070.072,46.793,122.364,-0.530614,-0.840096,-0.112637,0.837275,-0.540186,0.084679,-0.131984,-0.049376,0.990021,0,0.22507,-0.73120,14.477,-0.764,-1,401.185,-1,498.372,-1,365.915,394.968,679.502,559.310,-1,-1,-1,-1,571.886,498.285,790.624,621.724,2,0,2,0,2,0,0,0,0,2,2,2,2,0,1,0,1
231,4260.910,5083.837,45.346,121.671,-0.520719,-0.846411,-0.111531,0.844064,-0.530014,0.081492,-0.128089,-0.051705,0.990414,0,0.22507,-0.73120,14.599,-0.693,-1,402.151,-1,504.167,-1,367.568,397.853,680.448,562.410,-1,-1,-1,-1,573.857,482.905,777.378,619.192,2,0,2,0,2,0,0,0,0,2,2,2,2,0,1,0,1
232,4255.918,5097.708,43.987,121.025,-0.511474,-0.852291,-0.109518,0.850410,-0.520340,0.077777,-0.123275,-0.053354,0.990937,0,0.22507,-0.73120,14.741,-0.647,-1,404.749,-1,492.867,-1,370.434,401.781,680.530,564.658,-1,-1,-1,-1,578.315,467.594,798.681,615.767,2,0,2,1,2,0,0,0,0,2,2,2,2,0,1,0,1
233,4250.839,5111.615,42.726,120.410,-0.502618,-0.857738,-0.107987,0.856348,-0.511097,0.073812,-0.118503,-0.055375,0.991408,0,0.22507,-0.73120,14.806,-0.615,-1,407.022,-1,476.464,-1,373.392,405.932,675.288,568.248,-1,-1,-1,-1,583.193,452.395,813.446,611.643,2,0,2,1,2,0,0,0,0,2,2,2,2,0,1,0,1
234,4245.699,5125.554,41.627,119.839,-0.494341,-0.862702,-0.106642,0.861821,-0.502428,0.069509,-0.113546,-0.057545,0.991865,0,0.22507,-0.73120,14.857,-0.571,-1,409.975,-1,462.566,-1,376.844,410.631,670.181,572.954,-1,-1,-1,-1,589.294,437.564,824.786,606.659,2,0,2,1,2,0,0,0,0,2,2,2,2,0,1,0,1
235,4240.512,5139.732,40.676,119.303,-0.486614,-0.867355,-0.104414,0.867021,-0.494138,0.064046,-0.107146,-0.059364,0.992470,0,0.47608,-0.97783,15.097,-0.535,-1,415.311,-1,451.744,-1,382.369,417.407,666.192,577.781,-1,-1,-1,-1,599.568,427.893,867.394,600.936,2,0,2,1,2,0,0,0,0,2,2,2,2,0,1,0,1
236,4235.628,5154.396,39.745,118.695,-0.477751,-0.872371,-0.103549,0.872826,-0.484729,0.056687,-0.099645,-0.063298,0.993008,0,0.47608,-0.97783,15.456,-0.609,-1,421.543,-1,442.174,-1,389.101,426.302,658.222,587.156,-1,-1,-1,-1,610.560,419.355,905.294,596.705,2,0,2,1,2,0,0,0,0,2,2,2,2,0,1,0,1
237,4231.142,5169.438,38.846,117.999,-0.467509,-0.877866,-0.103855,0.879291,-0.473900,0.047604,-0.091006,-0.069064,0.993453,0,0.47608,-0.97783,15.696,-0.696,-1,428.723,-1,434.393,-1,397.531,437.385,621.206,600.535,-1,-1,-1,-1,623.960,412.478,953.050,594.560,2,0,2,1,2,0,0,0,0,2,2,2,2,0,1,0,1
238,4227.227,5184.808,37.895,117.177,-0.455224,-0.884028,-0.106143,0.886631,-0.461000,0.036946,-0.081593,-0.077290,0.993664,0,0.47608,-0.97783,15.861,-0.822,-1,436.124,-1,429.494,-1,407.109,450.691,489.289,618.778,-1,-1,-1,-1,638.365,408.208,984.116,-1,2,0,2,1,2,0,0,0,0,2,2,2,2,0,1,0,2
239,4223.747,5200.422,36.959,116.274,-0.441519,-0.890613,-0.108945,0.894356,-0.446586,0.026249,-0.072031,-0.085846,0.993701,0,0.47608,-0.97783,15.997,-0.903,-1,444.295,-1,426.697,-1,417.445,457.790,449.193,637.506,-1,-1,-1,-1,652.620,405.883,-1,-1,2,0,2,1,2,0,1,0,0,2,2,2,2,0,1,2,2
240,4220.954,5216.127,36.226,115.294,-0.426418,-0.897632,-0.111468,0.902322,-0.430734,0.016816,-0.063107,-0.093410,0.993626,0,0.47608,-0.97783,15.952,-0.980,-1,452.843,-1,426.602,-1,428.032,386.980,424.390,654.271,-1,-1,-1,-1,667.643,406.086,-1,-1,2,0,2,1,2,0,1,0,0,2,2,2,2,0,1,2,2
241,4218.856,5231.931,35.712,114.241,-0.409957,-0.905072,-0.113050,0.910450,-0.413521,0.009030,-0.054922,-0.099224,0.993548,0,0.47909,-0.97783,15.942,-1.053,-1,461.731,-1,429.345,-1,439.082,361.340,405.577,666.912,738.934,-1,-1,-1,684.595,409.007,-1,-1,2,0,2,1,2,0,1,0,0,0,2,2,2,0,1,2,2
242,4217.227,5247.865,35.334,113.154,-0.392754,-0.912658,-0.113136,0.918398,-0.395643,0.003378,-0.047845,-0.102577,0.993574,0,0.48261,-0.97783,16.017,-1.087,-1,470.863,-1,433.893,-1,449.747,342.499,399.774,673.296,777.838,-1,-1,-1,700.988,413.708,-1,-1,2,0,2,1,2,0,1,0,0,0,2,2,2,0,1,2,2
243,4216.024,5263.998,34.931,112.047,-0.375025,-0.920175,-0.112403,0.926045,-0.377414,-0.000021,-0.042403,-0.104098,0.993663,0,0.48627,-0.97783,16.178,-1.107,-1,478.826,-1,439.890,-1,458.662,324.004,395.629,674.401,827.662,-1,-1,-1,715.603,419.765,-1,-1,2,0,2,1,2,0,1,0,0,0,2,2,2,0,1,2,2
244,4215.228,5280.308,34.404,110.929,-0.356938,-0.927489,-0.111173,0.933324,-0.359034,-0.001241,-0.038764,-0.104203,0.993800,0,0.49003,-0.97783,16.330,-1.118,-1,484.629,-1,447.190,-1,465.402,305.790,393.031,671.164,886.240,-1,-1,-1,727.730,426.997,-1,-1,2,0,2,1,2,0,1,0,0,0,2,2,2,0,1,2,2
245,4214.966,5296.764,33.699,109.778,-0.338147,-0.934634,-0.110072,0.940378,-0.340130,-0.000808,-0.036684,-0.103783,0.993923,0,0.49382,-0.97783,16.458,-1.151,-1,488.172,394.616,456.773,-1,469.818,305.118,390.753,665.674,911.439,-1,-1,-1,735.114,436.285,-1,-1,2,0,1,1,2,0,1,0,0,0,2,2,2,0,1,2,2
246,4215.379,5313.300,32.812,108.568,-0.318222,-0.941711,-0.109156,0.947350,-0.320199,0.000623,-0.035539,-0.103211,0.994024,0,0.49776,-0.97783,16.541,-1.210,-1,490.702,307.542,470.073,-1,472.668,307.755,388.256,658.787,936.563,-1,-1,-1,739.887,-1,-1,-1,2,0,1,1,2,0,1,0,0,0,2,2,2,0,2,2,2
247,4216.289,5333.389,31.326,107.116,-0.294135,-0.949845,-0.106204,0.955131,-0.296162,0.003480,-0.034759,-0.100415,0.994338,0,0.50197,-0.97783,20.109,-1.451,-1,493.020,237.325,488.290,-1,356.066,311.647,386.579,644.375,979.536,-1,-1,-1,747.288,-1,-1,-1,2,0,1,1,2,1,1,0,0,0,2,2,2,0,2,2,2
248,4217.346,5346.882,30.140,106.111,-0.277326,-0.955139,-0.103923,0.960156,-0.279406,0.005730,-0.034509,-0.098194,0.994569,0,0.50700,-0.97783,13.535,-1.006,-1,494.137,223.179,675.567,-1,306.049,315.527,385.462,633.345,-1,-1,-1,-1,751.466,-1,-1,-1,2,0,1,0,2,1,1,0,0,2,2,2,2,0,2,2,2
249,4218.988,5363.982,28.388,104.827,-0.255758,-0.961468,-0.100828,0.966136,-0.257894,0.008528,-0.034203,-0.095232,0.994867,0,0.51053,-0.97783,17.179,-1.283,-1,495.235,215.408,664.888,-1,246.660,321.381,384.014,618.596,-1,-1,-1,-1,756.400,-1,-1,-1,2,0,1,0,2,1,1,0,0,2,2,2,2,0,2,2,2
250,4221.058,5381.293,26.476,103.521,-0.233670,-0.967400,-0.097648,0.971726,-0.235844,0.011195,-0.033860,-0.092271,0.995158,0,0.51503,-0.97783,17.434,-1.306,-1,496.274,218.670,654.015,-1,206.329,328.537,382.029,603.736,-1,-1,-1,-1,759.773,996.495,-1,-1,2,0,1,0,2,1,1,0,0,2,2,2,2,0,0,2,2
251,4223.620,5398.768,24.562,102.188,-0.210997,-0.972914,-0.094440,0.976907,-0.213213,0.013910,-0.033669,-0.089324,0.995433,0,0.51963,-0.97783,17.662,-1.333,-1,497.306,223.185,642.948,-1,186.003,337.314,379.909,589.170,-1,-1,-1,-1,762.742,974.828,-1,-1,2,0,1,0,2,1,1,0,0,2,2,2,2,0,0,2,2
252,4226.489,5416.481,22.662,100.861,-0.188319,-0.977855,-0.091300,0.981512,-0.190627,0.017180,-0.034203,-0.086377,0.995675,0,0.52435,-0.97783,17.944,-1.327,-1,272.495,228.290,629.939,-1,165.716,346.964,377.787,575.066,-1,926.472,-1,-1,763.877,951.237,-1,-1,2,1,1,0,2,1,1,0,0,2,0,2,2,0,0,2,2
253,4229.833,5434.342,20.899,99.497,-0.164889,-0.982302,-0.088849,0.985664,-0.167377,0.021268,-0.035763,-0.084069,0.995818,0,0.52903,-0.97783,18.172,-1.364,-1,147.428,234.715,615.795,-1,155.351,358.646,375.784,562.737,-1,942.184,-1,-1,141.483,925.873,-1,-1,2,1,1,0,2,1,1,0,0,2,0,2,2,1,0,2,2
254,4234.455,5455.931,19.109,97.837,-0.136254,-0.986955,-0.085757,0.989963,-0.138925,0.025957,-0.037532,-0.081359,0.995978,0,0.52070,-1.00000,22.078,-1.660,-1,121.774,244.526,600.109,-1,159.819,375.342,373.471,549.210,-1,972.535,-1,-1,116.770,897.298,-1,-1,2,1,1,0,2,1,1,0,0,2,0,2,2,1,0,2,2
255,4237.867,5470.459,18.110,96.738,-0.117237,-0.989606,-0.083278,0.992384,-0.119932,0.028109,-0.037805,-0.079348,0.996130,0,0.52645,-1.00000,14.923,-1.099,-1,112.745,-1,591.791,-1,163.791,488.886,372.707,540.640,-1,954.126,-1,-1,107.869,882.255,-1,-1,2,1,2,0,2,1,0,0,0,2,0,2,2,1,0,2,2
256,4242.530,5488.753,17.054,95.324,-0.092730,-0.992405,-0.080825,0.994972,-0.095441,0.030347,-0.037830,-0.077605,0.996266,0,0.53025,-0.99779,18.879,-1.413,-1,115.316,-1,582.878,-1,170.384,482.863,371.303,532.007,-1,953.371,-1,-1,110.360,866.467,-1,-1,2,1,2,0,2,1,0,0,0,2,0,2,2,1,0,2,2
257,4247.678,5507.264,16.125,93.884,-0.067688,-0.994546,-0.079356,0.997010,-0.070397,0.031857,-0.037269,-0.076963,0.996337,0,0.53516,-0.98616,19.214,-1.441,-1,118.820,-1,575.653,-1,178.822,478.105,369.845,525.890,-1,947.591,-1,-1,113.733,854.405,-1,-1,2,1,2,0,2,1,0,0,0,2,0,2,2,1,0,2,2
258,4253.211,5526.029,15.172,92.438,-0.042506,-0.996042,-0.078056,0.998439,-0.045182,0.032837,-0.036234,-0.076539,0.996408,0,0.54018,-0.97427,19.564,-1.446,-1,123.084,-1,569.305,-1,188.888,473.760,367.617,520.293,-1,949.204,-1,-1,117.840,844.003,232.741,-1,2,1,2,0,2,1,0,0,0,2,0,2,2,1,0,1,2
259,4258.761,5543.184,14.288,91.365,-0.023800,-0.996919,-0.074737,0.999019,-0.026509,0.035471,-0.037343,-0.073819,0.996572,0,0.54521,-0.96236,18.030,-1.073,-1,126.129,-1,558.820,-1,196.407,465.974,368.324,511.481,-1,980.325,-1,-1,120.808,825.841,154.881,-1,2,1,2,0,2,1,0,0,0,2,0,2,2,1,0,1,2
260,4263.182,5549.903,13.736,91.915,-0.033375,-0.997463,-0.062872,0.998024,-0.036613,0.051069,-0.053241,-0.061044,0.996714,0,0.54876,-0.95394,8.043,0.551,-1,122.481,-1,523.178,-1,188.781,441.475,382.365,487.793,-1,-1,-1,-1,117.384,760.472,142.871,-1,2,1,2,0,2,1,0,0,0,2,2,2,2,1,0,1,2
261,4267.286,5550.261,13.387,92.698,-0.046943,-0.997997,-0.042416,0.996107,-0.049942,0.072645,-0.074617,-0.038841,0.996456,0,0.54611,-0.96023,4.120,0.783,884.368,121.581,-1,480.087,-1,184.575,410.428,410.588,450.196,-1,-1,-1,-1,116.711,683.065,148.114,894.023,0,1,2,0,2,1,0,0,0,2,2,2,2,1,0,1,0
262,4271.025,5549.150,13.718,93.232,-0.056139,-0.998172,-0.022381,0.994312,-0.057926,0.089379,-0.090512,-0.017237,0.995746,0,0.54289,-0.96786,3.900,0.533,869.194,123.617,-1,450.195,835.097,185.501,389.216,443.672,417.928,-1,-1,-1,-1,118.909,629.752,151.452,779.894,0,1,2,0,0,1,0,0,0,2,2,2,2,1,0,1,0
263,4274.090,5548.675,14.908,93.605,-0.062588,-0.997997,-0.009233,0.993300,-0.063188,0.096755,-0.097145,-0.003115,0.995265,0,0.54080,-0.97279,3.102,0.374,940.082,125.781,-1,437.120,770.052,187.207,381.849,471.807,400.127,-1,-1,-1,-1,121.200,608.171,153.363,733.337,0,1,2,0,0,1,0,0,0,2,2,2,2,1,0,1,0
264,4276.523,5549.002,16.709,93.891,-0.067534,-0.997704,-0.005130,0.993051,-0.067714,0.096247,-0.096374,0.001406,0.995344,0,0.53933,-0.97627,2.455,0.285,-1,127.090,-1,439.758,767.195,188.196,385.264,485.653,398.101,-1,-1,-1,-1,122.563,610.834,155.297,734.763,2,1,2,0,0,1,0,0,0,2,2,2,2,1,0,1,0
265,2753.121,880.915,352.008,17.649,0.945387,-0.309312,0.102805,0.300778,0.949389,0.090518,-0.125600,-0.054653,0.990574,1,0.53817,-0.97903,0.000,0.000,828.552,350.075,566.411,408.824,-1,310.609,332.656,749.690,398.645,-1,-1,782.701,610.850,334.695,576.541,621.270,798.623,0,0,1,0,2,0,0,0,0,2,2,0,0,1,0,0,0
266,2756.349,881.260,354.650,17.660,0.946457,-0.307891,0.097074,0.301325,0.950437,0.076636,-0.115858,-0.043281,0.992322,0,0.52401,0.40212,3.246,0.011,949.177,371.013,584.807,422.717,-1,326.557,346.861,840.069,390.511,-1,916.885,711.919,575.374,345.769,596.017,684.655,833.177,0,0,1,0,2,0,0,0,0,2,0,0,0,1,0,0,0
267,2760.724,882.113,359.193,17.666,0.947967,-0.306651,0.085582,0.301908,0.951182,0.064065,-0.101050,-0.034894,0.994269,0,0.52399,0.40218,4.457,0.006,-1,402.209,621.790,449.552,-1,351.880,369.645,925.200,390.914,-1,830.036,638.244,546.590,361.568,634.554,778.559,918.282,2,0,1,0,2,0,0,0,0,2,0,0,0,1,0,0,0
268,2765.692,883.430,364.341,17.655,0.949225,-0.305762,0.074034,0.302115,0.951593,0.056543,-0.087739,-0.031305,0.995651,0,0.52394,0.40234,5.139,-0.011,-1,432.194,668.622,473.699,-1,377.216,390.502,989.073,398.519,-1,773.143,596.833,534.703,375.766,674.708,871.028,-1,2,0,1,0,2,0,0,0,0,2,0,0,0,1,0,0,2
269,2770.874,885.249,369.286,17.651,0.949989,-0.305506,0.064707,0.302280,0.951626,0.055098,-0.078410,-0.032783,0.996382,0,0.52383,0.40268,5.492,-0.004,-1,455.072,704.417,496.137,-1,397.402,408.388,-1,411.897,-1,748.534,585.609,539.840,385.188,711.267,952.732,-1,2,0,1,0,2,0,0,2,0,2,0,0,0,1,0,0,2
270,2776.241,887.614,373.551,17.691,0.950248,-0.306217,0.057090,0.303091,0.951236,0.057320,-0.071859,-0.037165,0.996722,0,0.52375,0.40294,5.865,0.040,-1,340.529,728.737,514.827,-1,409.537,422.695,-1,427.816,-1,737.736,585.779,554.547,390.306,741.880,-1,-1,2,1,1,0,2,0,0,2,0,2,0,0,0,1,0,2,2
271,2781.865,890.594,376.790,17.819,0.949950,-0.308367,0.050045,0.305342,0.950356,0.059912,-0.066035,-0.041633,0.996948,0,0.52381,0.40275,6.364,0.128,-1,342.366,741.168,530.335,-1,419.056,434.400,-1,442.631,-1,725.673,583.755,569.548,392.691,766.495,-1,-1,2,1,1,0,2,0,0,2,0,2,0,0,0,1,0,2,2
272,2787.775,894.126,378.794,18.053,0.949071,-0.312141,0.042795,0.309352,0.948978,0.061178,-0.059708,-0.044824,0.997209,0,0.52416,0.40166,6.886,0.235,-1,342.654,729.713,543.282,-1,427.369,444.354,-1,453.778,-1,704.631,572.440,579.217,695.113,785.451,-1,-1,2,1,1,0,2,0,0,2,0,2,0,0,0,0,0,2,2
273,2794.043,897.970,379.522,18.340,0.947903,-0.316658,0.034740,0.314216,0.947351,0.061601,-0.052417,-0.047476,0.997496,0,0.52484,0.39950,7.353,0.286,-1,341.845,716.913,553.165,-1,434.823,453.236,-1,461.667,-1,674.097,550.480,583.256,714.384,804.769,-1,-1,2,1,1,0,2,0,0,2,0,2,0,0,0,0,0,2,2
274,2800.657,901.924,379.011,18.630,0.946665,-0.321182,0.025822,0.319144,0.945661,0.062234,-0.044408,-0.050674,0.997727,0,0.52568,0.39684,7.705,0.291,-1,339.939,703.784,562.031,-1,441.073,459.038,-1,467.621,-1,636.251,522.605,583.295,732.675,823.752,-1,-1,2,1,1,0,2,0,0,2,0,2,0,0,0,0,0,2,2
275,2807.606,905.951,377.364,18.908,0.945416,-0.325447,0.016500,0.323838,0.943968,0.063659,-0.036293,-0.054841,0.997835,0,0.52653,0.39414,8.032,0.278,-1,336.661,690.516,569.534,-1,445.491,463.343,1006.272,472.961,-1,596.025,494.004,581.247,747.436,841.479,-1,-1,2,1,1,0,2,0,0,0,0,2,0,0,0,0,0,2,2
276,2814.764,910.021,374.965,19.184,0.944018,-0.329742,0.010000,0.328441,0.942272,0.065184,-0.030916,-0.058250,0.997823,0,0.52733,0.39158,8.234,0.276,-1,330.945,676.584,570.939,-1,445.463,463.270,992.052,475.447,-1,567.285,473.544,581.622,752.969,846.859,-1,-1,2,1,1,0,2,0,0,0,0,2,0,0,0,0,0,2,2
277,2822.111,914.081,372.079,19.457,0.942468,-0.334194,0.008315,0.332942,0.940594,0.066574,-0.030070,-0.059976,0.997747,0,0.52813,0.38906,8.394,0.273,-1,322.171,661.751,563.225,-1,353.855,456.987,978.632,474.028,-1,556.666,466.297,587.246,745.696,831.951,-1,-1,2,1,1,0,2,1,0,0,0,2,0,0,0,0,0,2,2
278,2829.770,918.014,368.826,19.688,0.940996,-0.338222,0.011521,0.336702,0.939104,0.068678,-0.034048,-0.060747,0.997572,0,0.52891,0.38658,8.610,0.231,-1,310.408,646.600,546.779,-1,340.651,444.530,966.901,470.034,-1,565.110,473.598,600.388,721.775,798.663,-1,-1,2,1,1,0,2,1,0,0,0,2,0,0,0,0,0,2,2
279,2837.676,921.854,365.189,19.880,0.939549,-0.341851,0.019641,0.339737,0.937826,0.071140,-0.042739,-0.060166,0.997273,0,0.52955,0.38454,8.789,0.192,-1,295.920,631.208,522.135,-1,408.565,426.290,959.545,463.041,-1,593.799,495.901,620.649,685.278,754.254,-1,-1,2,1,1,0,2,0,0,0,0,2,0,0,0,0,0,2,2
280,2846.323,925.641,361.390,20.015,0.938329,-0.344474,0.029604,0.341800,0.937115,0.070629,-0.052072,-0.056154,0.997063,0,0.82208,0.19835,9.440,0.135,-1,281.713,603.594,495.394,-1,389.983,406.966,971.250,450.823,-1,630.058,522.119,636.158,649.981,707.113,-1,-1,2,1,1,0,2,0,0,0,0,2,0,0,0,0,0,2,2
281,2855.876,929.670,357.643,20.190,0.936875,-0.347403,0.039707,0.344514,0.936523,0.065076,-0.059794,-0.047288,0.997090,0,0.82257,0.19734,10.368,0.175,-1,268.935,561.125,469.121,-1,374.022,388.931,1007.116,432.802,-1,664.202,543.481,640.960,623.751,661.916,-1,-1,2,1,1,0,2,0,0,0,0,2,0,0,0,0,0,2,2
282,2866.308,934.110,354.136,20.462,0.934904,-0.351476,0.049189,0.348842,0.935575,0.054855,-0.065300,-0.034125,0.997282,0,0.82324,0.19598,11.337,0.272,-1,257.639,524.590,444.805,-1,361.379,372.690,-1,410.704,-1,691.493,556.620,635.200,607.755,621.557,-1,988.229,2,1,1,0,2,0,0,2,0,2,0,0,0,0,0,2,0
283,2877.373,938.872,351.399,20.758,0.932967,-0.355668,0.055429,0.353615,0.934375,0.043595,-0.067296,-0.021072,0.997510,0,0.82436,0.19368,12.047,0.296,-1,248.616,498.378,426.799,-1,267.409,361.346,-1,391.481,-1,704.978,559.834,625.066,602.152,591.797,-1,846.133,2,1,1,0,2,1,0,2,0,2,0,0,0,0,0,2,0
284,2888.809,944.064,350.387,20.986,0.931909,-0.359048,0.051285,0.357472,0.933172,0.037467,-0.061310,-0.016583,0.997981,0,0.82559,0.19116,12.559,0.229,-1,244.074,494.288,425.862,-1,261.918,360.744,-1,387.403,-1,682.314,543.838,619.177,613.813,590.102,-1,844.867,2,1,1,0,2,1,0,2,0,2,0,0,0,0,0,2,0
285,2900.463,950.257,350.982,21.285,0.930650,-0.363825,0.039015,0.362571,0.931272,0.035697,-0.049321,-0.019075,0.998601,0,0.82649,0.18933,13.197,0.299,-1,242.331,504.320,437.022,-1,260.082,368.619,-1,396.080,-1,637.182,515.719,619.092,642.845,609.734,-1,984.172,2,1,1,0,2,1,0,2,0,2,0,0,0,0,0,2,0
286,2912.304,957.574,352.680,21.710,0.928483,-0.370627,0.023573,0.369674,0.928434,0.036759,-0.035510,-0.025416,0.999046,0,0.82775,0.18675,13.920,0.425,-1,240.912,517.341,452.678,-1,258.863,380.535,-1,412.497,-1,591.168,487.893,627.513,689.922,638.109,-1,-1,2,1,1,0,2,1,0,2,0,2,0,0,0,0,0,2,2
287,2923.639,966.268,354.670,22.425,0.924083,-0.381992,0.012384,0.381347,0.923708,0.036582,-0.025414,-0.029082,0.999254,0,0.82964,0.18288,14.286,0.715,-1,473.099,494.953,462.920,-1,253.978,334.838,-1,427.704,-1,563.329,473.307,643.576,739.224,548.830,-1,-1,2,0,1,0,2,1,1,2,0,2,0,0,0,0,1,2,2
288,2934.969,975.722,356.309,23.308,0.918222,-0.396021,0.006025,0.395593,0.917761,0.034932,-0.019363,-0.029692,0.999372,0,0.83300,0.17601,14.756,0.883,-1,487.958,467.646,447.634,-1,245.399,324.818,-1,438.964,-1,553.577,469.203,664.754,791.665,550.123,-1,-1,2,0,1,1,2,1,1,2,0,2,0,0,0,0,1,2,2
289,2946.711,985.609,357.233,24.227,0.911816,-0.410591,0.002656,0.410309,0.911394,0.031732,-0.015449,-0.027844,0.999493,0,0.83720,0.16743,15.350,0.920,-1,499.779,439.774,425.618,-1,234.562,311.901,-1,445.854,-1,551.265,471.287,688.779,843.396,603.221,-1,-1,2,0,1,1,2,1,1,2,0,2,0,0,0,0,1,2,2
290,2958.926,995.874,357.281,25.163,0.905029,-0.425349,0.000915,0.425168,0.904702,0.027331,-0.012453,-0.024346,0.999626,0,0.84158,0.15848,15.956,0.936,-1,509.427,411.799,401.410,-1,222.125,297.020,-1,449.315,-1,549.089,471.084,709.997,901.542,590.987,-1,-1,2,0,1,1,2,1,1,2,0,2,0,0,0,0,1,2,2
291,2971.948,1006.106,356.487,25.959,0.899068,-0.437808,-0.001169,0.437705,0.898790,0.024298,-0.009587,-0.022358,0.999704,0,0.84603,0.14938,16.561,0.795,-1,515.855,-1,379.044,-1,209.017,282.039,-1,452.975,-1,543.863,470.574,733.482,960.121,551.580,-1,-1,2,0,2,1,2,1,1,2,0,2,0,0,0,0,1,2,2
292,2985.410,1016.436,354.892,26.666,0.893609,-0.448842,-0.001919,0.448771,0.893374,0.022052,-0.008183,-0.020567,0.999755,0,0.84977,0.14174,16.968,0.707,-1,518.352,-1,355.301,-1,394.447,265.756,-1,455.162,-1,542.520,472.863,765.139,1003.345,509.807,-1,-1,2,0,2,1,2,0,1,2,0,2,0,0,0,0,1,2,2
293,2999.091,1026.970,352.573,27.355,0.888136,-0.459581,-0.000256,0.459488,0.887943,0.020709,-0.009290,-0.018510,0.999785,0,0.85306,0.13501,17.267,0.689,-1,514.300,-1,328.639,-1,386.901,247.253,-1,455.381,-1,548.603,480.312,802.237,-1,461.866,-1,526.076,2,0,2,1,2,0,1,2,0,2,0,0,0,2,1,2,1
294,3012.723,1037.455,349.543,28.023,0.882669,-0.469973,0.004553,0.469784,0.882521,0.021429,-0.014089,-0.016775,0.999760,0,-0.20179,0.66616,17.198,0.668,-1,501.095,-1,298.869,-1,374.270,226.300,-1,454.223,-1,566.905,496.287,855.371,981.988,407.550,-1,496.175,2,0,2,1,2,0,1,2,0,2,0,0,0,0,1,2,1
295,3026.151,1047.123,345.805,28.514,0.878456,-0.477668,0.012176,0.477245,0.878362,0.026791,-0.023492,-0.017724,0.999567,0,-0.20252,0.65983,16.546,0.491,-1,474.483,-1,268.059,-1,355.137,204.007,-1,453.800,-1,602.403,525.730,-1,884.803,351.931,-1,461.449,2,0,2,1,2,0,1,2,0,2,0,0,2,0,1,2,1
296,3039.049,1056.531,341.587,28.975,0.874292,-0.484881,0.022455,0.484128,0.874413,0.031961,-0.035132,-0.017072,0.999237,0,-0.20305,0.65529,15.964,0.461,-1,444.513,-1,236.243,-1,333.814,180.876,-1,449.992,-1,649.617,562.251,-1,792.003,295.521,-1,423.538,2,0,2,1,2,0,1,2,0,2,0,0,2,0,1,2,1
297,3051.445,1066.022,338.170,29.475,0.869830,-0.492567,0.027812,0.491617,0.870116,0.034787,-0.041334,-0.016586,0.999008,0,-0.20354,0.65104,15.612,0.500,-1,426.869,-1,210.362,672.523,319.662,161.824,-1,448.365,-1,677.042,584.425,-1,747.501,259.860,-1,395.875,2,0,2,1,0,0,1,2,0,2,0,0,2,0,1,2,1
298,3063.369,1075.508,336.041,29.965,0.865604,-0.500042,0.026228,0.499056,0.865806,0.036382,-0.040901,-0.018403,0.998994,0,-0.20408,0.64636,15.237,0.491,-1,422.186,-1,191.976,625.991,314.397,147.991,-1,452.125,-1,677.532,588.466,-1,746.977,236.789,-1,381.058,2,0,2,1,0,0,1,2,0,2,0,0,2,0,1,2,1
299,3074.805,1084.895,335.273,30.439,0.861638,-0.507168,0.018965,0.506311,0.861562,0.036889,-0.035048,-0.022183,0.999139,0,-0.20461,0.64174,14.795,0.474,-1,428.533,-1,179.934,624.882,317.637,138.697,-1,461.390,-1,657.484,580.559,-1,785.613,222.176,-1,411.443,2,0,2,1,0,0,1,2,0,2,0,0,2,0,1,2,1
300,3085.727,1094.039,335.683,30.878,0.857967,-0.513635,0.008518,0.513036,0.857576,0.036836,-0.026226,-0.027234,0.999285,0,-0.20512,0.63727,14.245,0.439,-1,442.254,-1,172.294,657.606,325.865,132.601,-1,475.365,-1,630.359,568.512,-1,858.249,213.304,-1,404.716,2,0,2,1,0,0,1,2,0,2,0,0,2,0,1,2,1
301,3096.129,1102.740,336.923,31.270,0.854606,-0.519274,-0.001824,0.518988,0.854008,0.036364,-0.017325,-0.032024,0.999337,0,-0.20560,0.63313,13.562,0.392,-1,458.610,-1,166.638,445.428,335.804,128.018,-1,490.821,-1,606.572,557.896,-1,936.757,206.902,-1,403.143,2,0,2,1,1,0,1,2,0,2,0,0,2,0,1,2,1
302,3106.001,1110.644,338.691,31.590,0.851764,-0.523842,-0.009344,0.523807,0.851058,0.036428,-0.011130,-0.035922,0.999293,0,-0.20603,0.62945,12.646,0.321,-1,473.340,-1,161.011,390.864,343.837,123.544,-1,505.621,-1,596.820,556.210,-1,991.244,200.299,-1,399.757,2,0,2,1,1,0,1,2,0,2,0,0,2,0,1,2,1
303,3115.510,1117.694,340.639,31.756,0.850269,-0.526169,-0.013727,0.526285,0.849478,0.037573,-0.008109,-0.039171,0.999200,0,-0.20637,0.62648,11.837,0.166,-1,481.865,-1,155.120,423.222,348.130,118.889,-1,518.028,-1,602.811,565.582,-1,-1,193.163,-1,394.659,2,0,2,1,1,0,1,2,0,2,0,0,2,2,1,2,1
304,3124.633,1124.098,342.449,31.842,0.849478,-0.527410,-0.015033,0.527559,0.848581,0.039884,-0.008278,-0.041811,0.999091,0,-0.20653,0.62509,11.146,0.086,-1,483.743,-1,147.932,430.417,348.415,113.314,-1,529.066,-1,622.022,584.378,-1,-1,184.167,-1,384.232,2,0,2,1,1,0,1,2,0,2,0,0,2,2,1,2,1
305,3133.289,1130.080,343.927,31.908,0.848851,-0.528445,-0.014070,0.528519,0.847818,0.043261,-0.010932,-0.044158,0.998965,0,-0.20660,0.62450,10.522,0.066,-1,479.580,-1,139.249,432.355,345.511,106.669,-1,538.488,-1,650.598,609.871,-1,1002.932,173.125,-1,368.064,2,0,2,1,1,0,1,2,0,2,0,0,2,0,1,2,1
306,3141.482,1135.771,345.025,31.968,0.848257,-0.529438,-0.012497,0.529384,0.847047,0.047576,-0.014603,-0.046973,0.998789,0,-0.20664,0.62410,9.975,0.060,-1,472.122,-1,129.936,432.433,340.897,99.541,-1,547.642,-1,682.253,636.831,-1,980.848,161.261,-1,349.997,2,0,2,1,1,0,1,2,0,2,0,0,2,0,1,2,1
307,3147.956,1139.606,346.154,31.711,0.850550,-0.525758,-0.011988,0.525540,0.848917,0.056110,-0.019323,-0.054025,0.998353,0,-0.20668,0.62375,7.525,-0.256,-1,457.565,-1,124.440,430.445,333.528,95.003,-1,561.608,-1,716.444,666.782,-1,930.050,154.305,-1,347.046,2,0,2,1,1,0,1,2,0,2,0,0,2,0,1,2,1
308,3151.954,1141.128,347.516,31.211,0.854995,-0.518498,-0.012012,0.518035,0.852657,0.067943,-0.024987,-0.064314,0.997617,0,-0.20636,0.62654,4.278,-0.500,-1,438.832,-1,123.268,427.358,324.736,93.533,-1,579.925,-1,754.886,700.506,-1,867.159,152.808,-1,358.277,2,0,2,1,1,0,1,2,0,2,0,0,2,0,1,2,1
309,3153.803,1141.433,348.825,30.774,0.858777,-0.512242,-0.010463,0.511409,0.855785,0.078062,-0.031032,-0.072388,0.996894,0,-0.20576,0.63172,1.874,-0.437,-1,421.638,-1,123.166,422.803,316.919,93.018,-1,595.720,-1,794.888,735.828,-1,803.926,152.553,-1,367.880,2,0,2,1,1,0,1,2,0,2,0,0,2,0,1,2,1
310,3154.026,1141.135,349.833,30.516,0.860921,-0.508683,-0.007467,0.507446,0.857596,0.083836,-0.036242,-0.075965,0.996452,0,-0.20525,0.63619,0.372,-0.258,-1,410.790,-1,123.012,417.297,311.558,92.734,-1,603.529,-1,825.831,764.652,-1,758.809,152.161,-1,370.660,2,0,2,1,1,0,1,2,0,2,0,0,2,0,1,2,1
311,3153.435,1140.408,350.329,30.374,0.862084,-0.506744,-0.004688,0.505249,0.858752,0.085249,-0.039173,-0.075861,0.996349,0,-0.20495,0.63880,0.937,-0.142,-1,406.261,-1,123.412,411.747,308.935,93.028,-1,603.261,-1,840.513,777.752,-1,738.993,152.525,-1,371.056,2,0,2,1,1,0,1,2,0,2,0,0,2,0,1,2,1
312,3152.740,1139.694,350.201,30.353,0.862295,-0.506393,-0.003784,0.504950,0.859223,0.082227,-0.038388,-0.072814,0.996606,0,-0.20478,0.64023,0.997,-0.021,-1,408.666,-1,124.504,408.590,309.946,93.943,-1,596.526,-1,836.833,772.758,-1,748.616,153.923,-1,371.408,2,0,2,1,1,0,1,2,0,2,0,0,2,0,1,2,1
313,3152.229,1138.993,349.484,30.384,0.862166,-0.506594,-0.005639,0.505502,0.859459,0.076142,-0.033727,-0.068497,0.997081,0,-0.20476,0.64042,0.867,0.031,-1,416.971,-1,126.860,408.647,314.201,95.800,-1,586.649,-1,814.687,749.617,-1,784.930,157.128,-1,375.707,2,0,2,1,1,0,1,2,0,2,0,0,2,0,1,2,1
314,3151.703,1138.116,348.255,30.408,0.862134,-0.506601,-0.008925,0.505966,0.859853,0.068199,-0.026875,-0.063312,0.997632,0,-0.20480,0.64012,1.023,0.024,-1,428.872,-1,130.102,409.315,319.965,98.307,-1,575.533,-1,773.491,715.214,-1,838.980,162.570,-1,383.003,2,0,2,1,1,0,1,2,0,2,0,0,2,0,1,2,1
315,3151.047,1137.019,346.621,30.420,0.862172,-0.506466,-0.012319,0.506246,0.860361,0.059114,-0.019340,-0.057203,0.998175,0,-0.20482,0.63989,1.279,0.013,-1,442.120,-1,133.482,408.657,325.967,100.938,-1,562.233,-1,730.010,678.298,-1,892.683,169.142,-1,390.469,2,0,2,1,1,0,1,2,0,2,0,0,2,0,1,2,1
316,3150.195,1135.663,344.746,30.412,0.862342,-0.506105,-0.014961,0.506179,0.861004,0.049545,-0.012193,-0.050298,0.998660,0,-0.20484,0.63977,1.601,-0.008,-1,454.865,-1,136.626,405.529,331.326,103.431,-1,547.305,-1,690.175,645.172,-1,943.600,175.188,-1,396.590,2,0,2,1,1,0,1,2,0,2,0,0,2,0,1,2,1
317,3149.092,1134.039,342.814,30.378,0.862689,-0.505467,-0.016482,0.505699,0.861778,0.040075,-0.006052,-0.042907,0.999061,0,-0.20483,0.63986,1.963,-0.034,-1,466.073,-1,139.444,399.803,335.609,105.719,-1,531.657,-1,653.860,615.564,-1,991.533,180.426,-1,400.905,2,0,2,1,1,0,1,2,0,2,0,0,2,0,1,2,1
318,3147.697,1132.156,340.997,30.318,0.863241,-0.504508,-0.016951,0.504791,0.862677,0.031219,-0.001127,-0.035506,0.999369,0,-0.20479,0.64021,2.344,-0.061,-1,475.307,-1,142.092,366.126,338.785,107.904,-1,514.550,-1,624.190,588.669,-1,-1,185.099,-1,404.053,2,0,2,1,1,0,1,2,0,2,0,0,2,2,1,2,1
319,3145.957,1130.022,339.505,30.228,0.864023,-0.503181,-0.016530,0.503448,0.863694,0.023955,0.002223,-0.029020,0.999576,0,-0.20471,0.64082,2.753,-0.089,-1,481.552,-1,144.732,363.488,340.659,110.072,-1,499.873,-1,603.322,565.367,-1,-1,189.450,-1,407.057,2,0,2,1,1,0,1,2,0,2,0,0,2,2,1,2,1
320,3144.074,1128.031,338.659,30.131,0.864874,-0.501742,-0.015765,0.501974,0.864668,0.019286,0.003955,-0.024594,0.999690,0,0.49732,0.77476,2.741,-0.098,-1,484.930,-1,147.371,362.232,341.650,112.183,-1,491.076,-1,591.908,550.997,-1,-1,193.620,-1,410.990,2,0,2,1,1,0,1,2,0,2,0,0,2,2,1,2,1
321,3142.566,1126.641,338.529,30.060,0.865490,-0.500671,-0.015967,0.500895,0.865350,0.016549,0.005532,-0.022321,0.999736,0,0.49705,0.77571,2.051,-0.071,-1,488.992,-1,150.314,363.716,343.537,114.443,-1,487.255,-1,584.240,541.811,-1,-1,198.667,-1,417.932,2,0,2,1,1,0,1,2,0,2,0,0,2,2,1,2,1
322,3141.450,1125.785,339.032,30.012,0.865903,-0.499932,-0.016717,0.500168,0.865785,0.015772,0.006589,-0.022018,0.999736,0,0.49686,0.77639,1.407,-0.048,-1,492.707,-1,153.243,367.157,345.751,116.622,-1,487.669,-1,581.363,538.654,-1,-1,203.933,-1,426.591,2,0,2,1,1,0,1,2,0,2,0,0,2,2,1,2,1
323,3140.755,1125.430,339.966,29.989,0.866102,-0.499557,-0.017599,0.499817,0.865978,0.016284,0.007106,-0.022900,0.999713,0,0.49674,0.77684,0.780,-0.023,-1,495.947,-1,155.773,371.373,348.000,118.466,-1,490.770,-1,582.627,540.400,-1,-1,208.643,-1,435.021,2,0,2,1,1,0,1,2,0,2,0,0,2,2,1,2,1
324,3140.529,1125.549,341.086,29.992,0.866070,-0.499583,-0.018412,0.499869,0.865930,0.017234,0.007334,-0.024129,0.999682,0,0.49668,0.77704,0.255,0.004,-1,499.112,-1,157.625,375.348,350.229,119.803,-1,494.906,-1,586.193,544.756,-1,-1,212.266,-1,441.719,2,0,2,1,1,0,1,2,0,2,0,0,2,2,1,2,1
325,3140.819,1126.116,342.167,30.024,0.865791,-0.500040,-0.019137,0.500348,0.865640,0.017881,0.007625,-0.025056,0.999657,0,0.49669,0.77699,0.637,0.032,-1,502.773,-1,158.635,378.391,352.508,120.535,-1,498.713,-1,589.865,549.199,-1,-1,214.524,-1,445.813,2,0,2,1,1,0,1,2,0,2,0,0,2,2,1,2,1
326,3141.651,1127.111,343.044,30.085,0.865252,-0.500945,-0.019848,0.501270,0.865109,0.017767,0.008270,-0.025322,0.999645,0,0.49679,0.77666,1.297,0.061,-1,507.371,-1,158.736,380.162,354.926,120.624,-1,501.487,-1,591.852,551.762,-1,-1,215.316,-1,446.958,2,0,2,1,1,0,1,2,0,2,0,0,2,2,1,2,1
327,3143.027,1128.521,343.636,30.176,0.864449,-0.502297,-0.020640,0.502633,0.864337,0.016776,0.009413,-0.024877,0.999646,0,0.49696,0.77605,1.970,0.091,-1,513.054,-1,157.920,380.619,357.511,120.062,-1,502.865,-1,591.236,551.509,-1,-1,214.644,-1,445.194,2,0,2,1,1,0,1,2,0,2,0,0,2,2,1,2,1
328,3144.927,1130.336,343.937,30.295,0.863384,-0.504086,-0.021570,0.504427,0.863323,0.015086,0.011017,-0.023906,0.999654,0,0.49720,0.77517,2.627,0.120,-1,519.641,-1,156.199,403.319,360.198,118.848,-1,502.959,-1,588.107,548.627,-1,-1,212.516,-1,440.689,2,0,2,1,1,0,1,2,0,2,0,0,2,2,1,2,1
329,3147.308,1132.553,344.000,30.442,0.862068,-0.506286,-0.022647,0.506628,0.862066,0.013058,0.012912,-0.022731,0.999658,0,0.49753,0.77401,3.254,0.147,-1,526.709,-1,153.604,407.378,362.858,116.989,-1,502.394,-1,583.323,544.125,-1,-1,208.952,-1,433.684,2,0,2,1,1,0,1,2,0,2,0,0,2,2,1,2,1
330,3150.121,1135.169,343.913,30.615,0.860518,-0.508861,-0.023865,0.509203,0.860575,0.011116,0.014881,-0.021718,0.999653,0,0.49793,0.77258,3.842,0.172,-1,533.758,-1,150.189,411.875,365.355,114.509,-1,501.932,-1,578.027,539.311,-1,-1,204.014,-1,424.515,2,0,2,1,1,0,1,2,0,2,0,0,2,2,1,2,1
331,3153.279,1138.101,343.780,30.793,0.858905,-0.511512,-0.025246,0.511864,0.859010,0.009839,0.016654,-0.021373,0.999633,0,0.49840,0.77091,4.309,0.178,-1,539.453,-1,146.206,416.972,367.405,111.566,-1,502.527,-1,573.020,535.695,-1,-1,198.154,-1,414.413,2,0,2,1,1,0,1,2,0,2,0,0,2,2,1,2,1
332,3156.051,1139.980,343.846,30.736,0.859408,-0.510567,-0.027171,0.511002,0.859494,0.012134,0.017158,-0.024312,0.999557,0,0.49888,0.76919,3.349,-0.057,-1,537.322,-1,144.499,417.952,366.546,110.061,-1,507.904,-1,572.742,538.087,-1,-1,196.800,-1,416.106,2,0,2,1,1,0,1,2,0,2,0,0,2,2,1,2,1
333,3158.041,1140.847,344.072,30.557,0.861013,-0.507790,-0.028375,0.508323,0.861015,0.016150,0.016230,-0.028329,0.999467,0,0.49870,0.76984,2.171,-0.179,-1,529.600,-1,144.082,414.353,363.623,109.441,-1,514.766,-1,579.379,545.866,-1,-1,197.517,-1,422.569,2,0,2,1,1,0,1,2,0,2,0,0,2,2,1,2,1
334,3159.083,1141.164,344.278,30.403,0.862402,-0.505476,-0.027492,0.506033,0.862295,0.019451,0.013875,-0.030686,0.999433,0,0.49817,0.77172,1.090,-0.153,-1,520.445,-1,143.173,412.547,359.690,108.593,-1,518.665,-1,592.903,557.615,-1,-1,196.377,-1,423.521,2,0,2,1,1,0,1,2,0,2,0,0,2,2,1,2,1
335,3159.496,1141.030,344.347,30.258,0.863718,-0.503340,-0.025313,0.503862,0.863501,0.022125,0.010722,-0.031864,0.999435,0,0.49773,0.77331,0.434,-0.145,-1,510.397,-1,141.997,410.830,355.025,107.631,-1,520.104,-1,606.844,571.127,-1,-1,194.143,-1,421.110,2,0,2,1,1,0,1,2,0,2,0,0,2,2,1,2,1
336,3159.582,1140.695,344.168,30.136,0.864815,-0.501584,-0.022552,0.502035,0.864516,0.023943,0.007487,-0.032028,0.999459,0,0.49731,0.77479,0.346,-0.122,-1,500.776,-1,140.484,403.541,350.244,106.484,-1,519.258,-1,620.210,583.588,-1,-1,190.960,-1,416.005,2,0,2,1,1,0,1,2,0,2,0,0,2,2,1,2,1
337,3159.648,1140.484,343.778,30.056,0.865522,-0.500441,-0.020744,0.500841,0.865183,0.024849,0.005511,-0.031897,0.999476,0,0.49696,0.77604,0.221,-0.080,-1,494.275,-1,139.175,398.134,346.854,105.499,-1,517.692,-1,627.469,590.090,-1,-1,188.267,-1,411.621,2,0,2,1,1,0,1,2,0,2,0,0,2,2,1,2,1
338,3159.874,1140.451,343.241,29.996,0.866049,-0.499539,-0.020507,0.499932,0.865702,0.025048,0.005240,-0.031945,0.999476,0,0.49673,0.77685,0.228,-0.060,-1,491.233,-1,138.528,395.382,345.182,104.973,-1,516.354,-1,626.931,589.138,-1,-1,187.172,-1,410.537,2,0,2,1,1,0,1,2,0,2,0,0,2,2,1,2,1
339,3160.255,1140.583,342.633,29.951,0.866432,-0.498834,-0.021464,0.499255,0.866108,0.024527,0.006355,-0.031967,0.999469,0,0.49656,0.77746,0.403,-0.045,-1,491.218,-1,138.441,394.666,344.999,104.845,-1,515.036,-1,620.340,582.329,-1,-1,187.429,-1,412.050,2,0,2,1,1,0,1,2,0,2,0,0,2,2,1,2,1
340,3160.781,1140.827,342.051,29.918,0.866710,-0.498276,-0.023117,0.498740,0.866441,0.023206,0.008467,-0.031642,0.999463,0,0.63356,0.07070,0.580,-0.034,-1,493.820,-1,138.816,395.170,346.053,105.062,-1,513.362,-1,610.015,571.757,-1,-1,188.801,-1,415.357,2,0,2,1,1,0,1,2,0,2,0,0,2,2,1,2,1
341,3161.421,1141.117,341.644,29.882,0.866998,-0.497691,-0.024850,0.498194,0.866798,0.021556,0.010811,-0.031069,0.999459,0,0.63343,0.07106,0.703,-0.035,-1,497.598,-1,139.495,396.048,347.679,105.513,-1,511.721,-1,597.350,561.309,-1,-1,190.893,-1,419.703,2,0,2,1,1,0,1,2,0,2,0,0,2,2,1,2,1
342,3162.093,1141.386,341.509,29.838,0.867364,-0.496992,-0.026034,0.497515,0.867222,0.020133,0.012571,-0.030415,0.999458,0,0.63330,0.07144,0.724,-0.044,-1,500.829,-1,140.196,396.461,349.083,105.995,-1,510.498,-1,588.292,554.543,-1,-1,193.008,-1,423.801,2,0,2,1,1,0,1,2,0,2,0,0,2,2,1,2,1
343,3162.773,1141.633,341.652,29.788,0.867792,-0.496219,-0.026524,0.496742,0.867690,0.019039,0.013567,-0.029697,0.999467,0,0.63313,0.07191,0.724,-0.051,-1,503.135,-1,140.799,396.241,350.083,106.422,-1,509.718,-1,585.039,552.005,-1,-1,194.856,-1,427.070,2,0,2,1,1,0,1,2,0,2,0,0,2,2,1,2,1
344,3163.470,1141.880,342.023,29.734,0.868249,-0.495419,-0.026514,0.495931,0.868172,0.018189,0.014007,-0.028941,0.999483,0,0.63294,0.07245,0.739,-0.053,-1,504.846,-1,141.337,395.671,350.838,106.816,-1,509.343,-1,586.059,552.611,-1,-1,196.522,-1,429.724,2,0,2,1,1,0,1,2,0,2,0,0,2,2,1,2,1
345,3164.199,1142.146,342.539,29.681,0.868708,-0.494623,-0.026338,0.495119,0.868651,0.017422,0.014261,-0.028175,0.999501,0,0.63273,0.07302,0.776,-0.053,-1,506.562,-1,141.915,395.155,351.630,107.246,-1,509.272,-1,588.927,554.598,-1,-1,198.271,-1,432.385,2,0,2,1,1,0,1,2,0,2,0,0,2,2,1,2,1
346,3164.756,1142.426,343.099,29.644,0.869024,-0.494088,-0.025980,0.494562,0.868984,0.016620,0.014365,-0.027292,0.999524,0,0.63253,0.07358,0.624,-0.037,-1,508.478,-1,142.398,394.847,352.510,107.626,-1,509.140,-1,592.708,557.160,-1,-1,199.677,-1,433.886,2,0,2,1,1,0,1,2,0,2,0,0,2,2,1,2,1
347,3165.136,1142.623,343.620,29.608,0.869336,-0.493543,-0.025889,0.494005,0.869312,0.015989,0.014614,-0.026689,0.999537,0,0.63239,0.07397,0.428,-0.037,-1,510.475,-1,143.115,395.059,353.512,108.166,-1,509.367,-1,595.190,558.876,-1,-1,201.468,-1,434.155,2,0,2,1,1,0,1,2,0,2,0,0,2,2,1,2,1
348,3165.409,1142.755,344.034,29.569,0.869662,-0.492952,-0.026205,0.493413,0.869659,0.015370,0.015213,-0.026297,0.999538,0,0.63226,0.07435,0.303,-0.039,-1,512.806,-1,144.074,395.748,354.718,108.865,-1,509.701,-1,595.010,558.715,-1,-1,203.741,-1,434.686,2,0,2,1,1,0,1,2,0,2,0,0,2,2,1,2,1
349,3165.624,1142.856,344.303,29.532,0.869966,-0.492382,-0.026829,0.492848,0.869992,0.014631,0.016137,-0.025951,0.999533,0,0.63211,0.07475,0.238,-0.037,-1,515.476,-1,145.109,395.388,356.068,109.611,-1,509.806,-1,592.222,556.627,-1,-1,206.179,-1,435.307,2,0,2,1,1,0,1,2,0,2,0,0,2,2,1,2,1
350,3165.817,1142.948,344.426,29.498,0.870242,-0.491853,-0.027574,0.492324,0.870303,0.013784,0.017218,-0.025571,0.999525,0,0.63198,0.07513,0.213,-0.034,-1,518.158,-1,146.049,394.782,357.368,110.284,-1,509.539,-1,587.816,553.293,-1,-1,208.432,-1,435.910,2,0,2,1,1,0,1,2,0,2,0,0,2,2,1,2,1
351,3166.005,1143.037,344.428,29.466,0.870504,-0.491349,-0.028245,0.491823,0.870599,0.012953,0.018225,-0.025167,0.999517,0,0.63185,0.07547,0.208,-0.032,-1,520.353,-1,146.758,394.279,358.377,110.786,-1,508.952,-1,583.152,549.728,-1,-1,210.205,-1,436.459,2,0,2,1,1,0,1,2,0,2,0,0,2,2,1,2,1
352,3166.197,1143.123,344.344,29.434,0.870768,-0.490856,-0.028704,0.491330,0.870886,0.012327,0.018947,-0.024837,0.999512,0,0.63174,0.07581,0.210,-0.032,-1,521.579,-1,147.152,393.889,358.890,111.055,-1,508.259,-1,579.472,546.905,-1,-1,211.301,-1,436.931,2,0,2,1,1,0,1,2,0,2,0,0,2,2,1,2,1
353,3166.393,1143.208,344.214,29.401,0.871046,-0.490352,-0.028885,0.490825,0.871175,0.012068,0.019247,-0.024690,0.999510,0,0.63162,0.07614,0.213,-0.033,-1,521.519,-1,147.206,393.603,358.790,111.070,-1,507.712,-1,577.598,545.506,-1,-1,211.650,-1,437.328,2,0,2,1,1,0,1,2,0,2,0,0,2,2,1,2,1
354,3166.592,1143.300,344.065,29.366,0.871350,-0.489816,-0.028808,0.490290,0.871473,0.012246,0.019107,-0.024795,0.999510,0,0.63150,0.07647,0.220,-0.035,-1,520.152,-1,146.954,393.396,358.094,110.853,-1,507.483,-1,577.727,545.725,-1,-1,211.323,-1,437.664,2,0,2,1,1,0,1,2,0,2,0,0,2,2,1,2,1
355,3166.797,1143.406,343.912,29.328,0.871679,-0.489245,-0.028551,0.489724,0.871783,0.012836,0.018610,-0.025172,0.999510,0,0.63137,0.07683,0.230,-0.038,-1,517.708,-1,146.472,393.235,356.923,110.458,-1,507.646,-1,579.534,547.336,-1,-1,210.490,-1,437.947,2,0,2,1,1,0,1,2,0,2,0,0,2,2,1,2,1
356,3167.006,1143.531,343.760,29.289,0.872028,-0.488643,-0.028214,0.489130,0.872103,0.013748,0.017888,-0.025789,0.999507,0,0.63123,0.07722,0.244,-0.040,-1,514.557,-1,145.855,393.087,355.450,109.953,-1,508.180,-1,582.416,549.881,-1,-1,209.363,-1,438.198,2,0,2,1,1,0,1,2,0,2,0,0,2,2,1,2,1
357,3167.220,1143.671,343.611,29.247,0.872393,-0.488009,-0.027882,0.488507,0.872434,0.014860,0.017074,-0.026585,0.999501,0,0.63109,0.07762,0.256,-0.041,-1,511.070,-1,145.192,392.305,353.846,109.407,-1,509.003,-1,585.750,552.863,-1,-1,208.143,-1,438.441,2,0,2,1,1,0,1,2,0,2,0,0,2,2,1,2,1
358,3167.437,1143.826,343.463,29.204,0.872772,-0.487347,-0.027609,0.487857,0.872776,0.016043,0.016278,-0.027471,0.999490,0,0.63094,0.07804,0.266,-0.043,-1,507.577,-1,144.553,391.200,352.254,108.873,-1,509.985,-1,589.002,555.841,-1,-1,206.986,-1,438.702,2,0,2,1,1,0,1,2,0,2,0,0,2,2,1,2,1
359,3167.657,1143.985,343.319,29.161,0.873150,-0.486680,-0.027422,0.487204,0.873119,0.017199,0.015572,-0.028377,0.999476,0,0.63078,0.07848,0.271,-0.043,-1,504.307,-1,143.981,390.254,350.772,108.386,-1,511.021,-1,591.835,558.526,-1,-1,205.983,-1,438.977,2,0,2,1,1,0,1,2,0,2,0,0,2,2,1,2,1
360,3167.620,1143.821,343.160,29.094,0.873738,-0.485672,-0.026537,0.486203,0.873629,0.019457,0.013734,-0.029902,0.999458,0,-0.17718,0.78614,0.167,-0.067,-1,497.736,-1,143.199,387.928,347.813,107.727,-1,512.778,-1,600.016,565.369,-1,-1,204.252,-1,440.090,2,0,2,1,1,0,1,2,0,2,0,0,2,2,1,2,1
361,3167.132,1143.274,342.887,29.007,0.874522,-0.484385,-0.024129,0.484887,0.874265,0.023340,0.009790,-0.032112,0.999436,0,-0.17711,0.78681,0.733,-0.088,-1,485.682,-1,141.514,382.921,342.216,106.403,-1,515.040,-1,618.469,579.888,-1,-1,200.127,-1,442.010,2,0,2,1,1,0,1,2,0,2,0,0,2,2,1,2,1
362,3166.382,1142.526,342.520,28.894,0.875501,-0.482750,-0.021212,0.483192,0.875049,0.028553,0.004778,-0.035247,0.999367,0,-0.17702,0.78769,1.059,-0.112,-1,470.600,-1,139.500,359.975,335.178,104.803,-1,518.439,-1,642.228,598.992,-1,-1,195.106,-1,438.061,2,0,2,1,1,0,1,2,0,2,0,0,2,2,1,2,1
363,3165.396,1141.598,342.196,28.759,0.876649,-0.480773,-0.018547,0.481131,0.875979,0.034269,-0.000229,-0.038966,0.999241,0,-0.17691,0.78879,1.354,-0.135,-1,455.596,-1,138.032,358.008,328.226,103.572,-1,522.879,-1,661.750,620.263,-1,991.963,191.117,-1,434.177,2,0,2,1,1,0,1,2,0,2,0,0,2,0,1,2,1
364,3164.233,1140.562,342.060,28.626,0.877755,-0.478818,-0.016723,0.479094,0.876902,0.038893,-0.003958,-0.042150,0.999103,0,-0.17678,0.79013,1.557,-0.133,-1,444.545,-1,137.832,357.725,323.224,103.285,-1,526.701,-1,677.064,635.749,-1,953.831,189.725,-1,434.460,2,0,2,1,1,0,1,2,0,2,0,0,2,0,1,2,1
365,3162.931,1139.427,342.149,28.504,0.878764,-0.476993,-0.015845,0.477218,0.877794,0.041713,-0.005988,-0.044218,0.999004,0,-0.17665,0.79143,1.727,-0.122,-1,438.704,-1,139.108,359.113,320.710,104.116,-1,528.946,-1,685.240,644.327,-1,933.066,191.373,-1,439.122,2,0,2,1,1,0,1,2,0,2,0,0,2,0,1,2,1
366,3161.533,1138.185,342.425,28.395,0.879671,-0.475321,-0.015761,0.475540,0.878670,0.042424,-0.006316,-0.044814,0.998975,0,-0.17653,0.79262,1.869,-0.109,-1,437.839,-1,141.749,361.731,320.610,105.996,-1,529.529,-1,686.653,645.798,-1,928.703,195.860,-1,447.513,2,0,2,1,1,0,1,2,0,2,0,0,2,0,1,2,1
367,3160.035,1136.814,342.779,28.296,0.880496,-0.473782,-0.016036,0.474022,0.879544,0.041293,-0.005460,-0.043960,0.999018,0,-0.17642,0.79369,2.032,-0.099,-1,440.211,-1,145.283,364.749,322.154,108.583,-1,528.180,-1,683.517,641.833,-1,936.111,202.188,-1,457.909,2,0,2,1,1,0,1,2,0,2,0,0,2,0,1,2,1
368,3158.428,1135.278,343.083,28.197,0.881323,-0.472233,-0.016320,0.472498,0.880474,0.038883,-0.003993,-0.041980,0.999110,0,-0.17632,0.79465,2.223,-0.099,-1,444.211,-1,149.259,-1,324.428,111.538,-1,525.044,-1,677.765,634.556,-1,949.981,209.409,-1,469.000,2,0,2,1,2,0,1,2,0,2,0,0,2,0,1,2,1
369,3156.702,1133.556,343.229,28.087,0.882228,-0.470538,-0.016377,0.470817,0.881505,0.035778,-0.002399,-0.039275,0.999226,0,-0.17623,0.79561,2.438,-0.109,-1,448.395,-1,153.309,-1,326.636,114.574,-1,520.451,-1,670.976,625.774,-1,965.512,216.732,-1,478.587,2,0,2,1,2,0,1,2,0,2,0,0,2,0,1,2,1
370,3154.838,1131.638,343.148,27.963,0.883248,-0.468631,-0.016078,0.468906,0.882652,0.032441,-0.001012,-0.036192,0.999344,0,-0.17612,0.79668,2.674,-0.124,-1,451.745,-1,157.181,-1,328.238,117.493,-1,514.760,-1,663.921,616.705,-1,979.117,223.593,-1,485.435,2,0,2,1,2,0,1,2,0,2,0,0,2,0,1,2,1
371,3153.153,1129.913,342.792,27.853,0.884150,-0.466919,-0.016290,0.467201,0.883709,0.027966,0.001338,-0.032337,0.999476,0,0.56932,0.21632,2.412,-0.111,-1,456.777,-1,160.928,-1,330.541,120.343,-1,507.696,-1,651.515,602.604,-1,1000.803,230.472,-1,491.785,2,0,2,1,2,0,1,2,0,2,0,0,2,0,1,2,1
372,3152.169,1128.820,342.178,27.800,0.884562,-0.466071,-0.018122,0.466386,0.884315,0.021700,0.005912,-0.027647,0.999600,0,0.56897,0.21740,1.471,-0.052,-1,466.433,-1,164.569,-1,335.059,123.137,-1,498.999,-1,623.050,576.870,-1,-1,237.939,-1,495.966,2,0,2,1,2,0,1,2,0,2,0,0,2,2,1,2,1
373,3151.767,1128.266,341.607,27.789,0.884617,-0.465872,-0.020393,0.466196,0.884541,0.015798,0.010678,-0.023482,0.999667,0,0.56880,0.21791,0.684,-0.011,-1,477.492,-1,167.473,-1,339.917,125.380,-1,492.130,-1,594.487,552.233,-1,-1,244.355,-1,498.158,2,0,2,1,2,0,1,2,0,2,0,0,2,2,1,2,1
374,3151.816,1128.234,341.278,27.812,0.884390,-0.466224,-0.022135,0.466531,0.884431,0.011414,0.014256,-0.020421,0.999690,0,0.56876,0.21803,0.059,0.023,-1,486.636,-1,169.093,-1,343.845,126.670,-1,487.353,-1,575.000,535.978,963.949,-1,248.252,-1,498.362,2,0,2,1,2,0,1,2,0,2,0,0,0,2,1,2,1
375,3152.223,1128.712,341.259,27.872,0.883882,-0.467147,-0.022921,0.467434,0.883982,0.009010,0.016053,-0.018678,0.999697,0,0.56884,0.21780,0.628,0.059,-1,492.486,-1,169.146,-1,346.305,126.802,-1,485.283,-1,566.821,529.154,948.641,-1,248.818,-1,496.509,2,0,2,1,2,0,1,2,0,2,0,0,0,2,1,2,1
376,3153.000,1129.680,341.520,27.963,0.883137,-0.468551,-0.023010,0.468833,0.883245,0.008620,0.016285,-0.018400,0.999698,0,0.56903,0.21721,1.241,0.091,-1,495.077,-1,167.816,-1,347.387,125.890,-1,485.977,-1,568.034,530.236,952.641,-1,246.487,-1,492.775,2,0,2,1,2,0,1,2,0,2,0,0,0,2,1,2,1
377,3154.150,1131.149,341.957,28.090,0.882107,-0.470499,-0.022760,0.470795,0.882189,0.009750,0.015491,-0.019316,0.999693,0,0.56932,0.21630,1.866,0.127,-1,495.506,-1,165.285,-1,347.553,124.071,-1,488.672,-1,575.370,536.659,974.824,-1,241.745,-1,487.163,2,0,2,1,2,0,1,2,0,2,0,0,0,2,1,2,1
378,3155.685,1133.133,342.445,28.260,0.880720,-0.473098,-0.022580,0.473419,0.880759,0.011704,0.014351,-0.020997,0.999677,0,0.56973,0.21504,2.509,0.170,-1,495.301,-1,161.763,-1,347.454,121.507,-1,492.740,-1,584.931,545.296,-1,-1,235.161,-1,479.655,2,0,2,1,2,0,1,2,0,2,0,0,2,2,1,2,1
379,3157.604,1135.620,342.872,28.480,0.878905,-0.476454,-0.022761,0.476809,0.878897,0.013859,0.013401,-0.023033,0.999645,0,0.57029,0.21334,3.141,0.220,-1,495.712,-1,157.410,391.355,347.597,118.328,-1,497.454,-1,593.473,553.516,-1,-1,227.149,-1,470.260,2,0,2,1,1,0,1,2,0,2,0,0,2,2,1,2,1
380,3159.802,1138.530,343.168,28.755,0.876611,-0.480640,-0.023180,0.481032,0.876559,0.015889,0.012682,-0.025079,0.999605,0,0.57100,0.21114,3.646,0.275,-1,496.945,-1,152.213,369.571,348.006,114.543,-1,502.578,-1,600.347,560.602,-1,-1,217.606,-1,459.127,2,0,2,1,1,0,1,2,0,2,0,0,2,2,1,2,1
381,3162.275,1141.850,343.306,29.079,0.873880,-0.485548,-0.024016,0.485980,0.873796,0.017445,0.012515,-0.026916,0.999559,0,0.57190,0.20838,4.140,0.324,-1,499.720,-1,146.408,386.113,348.998,110.322,-1,507.519,-1,603.753,565.122,-1,-1,207.089,-1,446.532,2,0,2,1,1,0,1,2,0,2,0,0,2,2,1,2,1
382,3164.969,1145.200,343.356,29.362,0.871467,-0.489782,-0.025675,0.490284,0.871350,0.019254,0.012941,-0.029367,0.999485,0,0.57295,0.20514,4.299,0.283,-1,502.522,-1,141.148,395.012,350.138,106.422,-1,513.301,-1,603.517,567.401,-1,-1,198.045,-1,434.807,2,0,2,1,1,0,1,2,0,2,0,0,2,2,1,2,1
383,3167.211,1146.754,343.600,29.273,0.872233,-0.488270,-0.028311,0.488932,0.871961,0.025098,0.012431,-0.035734,0.999284,0,0.53689,-0.15542,2.728,-0.089,-1,495.894,-1,140.047,394.176,347.983,105.230,-1,524.732,-1,607.591,574.870,-1,-1,197.625,-1,432.756,2,0,2,1,1,0,1,2,0,2,0,0,2,2,1,2,1
384,3168.417,1147.265,343.968,29.086,0.873852,-0.485316,-0.029179,0.486093,0.873312,0.032252,0.009830,-0.042367,0.999054,0,0.53659,-0.15446,1.309,-0.187,-1,484.014,-1,139.645,391.732,343.415,104.548,-1,536.485,-1,622.793,590.351,-1,-1,197.787,-1,434.271,2,0,2,1,1,0,1,2,0,2,0,0,2,2,1,2,1
385,3168.595,1147.194,344.306,28.907,0.875396,-0.482609,-0.027752,0.483379,0.874515,0.039602,0.005157,-0.048082,0.998830,0,0.53601,-0.15254,0.192,-0.179,-1,469.166,-1,138.537,390.833,337.053,103.454,-1,544.931,-1,649.680,614.180,-1,-1,195.481,-1,436.705,2,0,2,1,1,0,1,2,0,2,0,0,2,2,1,2,1
386,3168.376,1146.872,344.528,28.752,0.876712,-0.480368,-0.024948,0.481016,0.875538,0.045349,0.000059,-0.051759,0.998660,0,0.53546,-0.15073,0.389,-0.155,-1,455.384,-1,136.979,390.867,330.651,102.158,-1,550.018,-1,673.669,639.155,-1,978.410,191.837,-1,439.211,2,0,2,1,1,0,1,2,0,2,0,0,2,0,1,2,1
387,3168.202,1146.635,344.634,28.658,0.877490,-0.479079,-0.022266,0.479583,0.876185,0.047953,-0.003464,-0.052756,0.998601,0,0.53499,-0.14918,0.295,-0.093,-1,447.123,-1,135.608,390.066,326.493,101.127,-1,551.088,-1,690.641,655.297,-1,950.085,188.660,-1,440.728,2,0,2,1,1,0,1,2,0,2,0,0,2,0,1,2,1
388,3168.226,1146.553,344.639,28.616,0.877837,-0.478507,-0.020831,0.478938,0.876552,0.047693,-0.004562,-0.051844,0.998645,0,0.53471,-0.14825,0.085,-0.042,-1,445.074,-1,135.056,386.853,325.226,100.761,-1,549.401,-1,696.026,660.160,-1,943.742,187.464,-1,440.709,2,0,2,1,1,0,1,2,0,2,0,0,2,0,1,2,1
389,3168.446,1146.591,344.526,28.604,0.877945,-0.478305,-0.020903,0.478750,0.876792,0.045098,-0.003243,-0.049601,0.998764,0,0.53458,-0.14782,0.223,-0.012,-1,448.488,-1,135.523,385.551,326.599,101.169,-1,545.775,-1,690.969,653.595,-1,956.742,188.679,-1,441.287,2,0,2,1,1,0,1,2,0,2,0,0,2,0,1,2,1
390,3168.754,1146.641,344.278,28.601,0.877971,-0.478205,-0.022076,0.478714,0.877013,0.041000,-0.000245,-0.046565,0.998915,0,0.53454,-0.14768,0.313,-0.003,-1,455.464,-1,136.784,385.402,329.674,102.166,-1,540.878,-1,677.612,639.148,-1,983.208,191.741,-1,442.025,2,0,2,1,1,0,1,2,0,2,0,0,2,0,1,2,1
391,3169.056,1146.631,343.884,28.597,0.878000,-0.478072,-0.023717,0.478647,0.877262,0.036177,0.003510,-0.043116,0.999064,0,0.53452,-0.14764,0.302,-0.004,-1,463.948,-1,138.397,385.402,333.391,103.424,-1,535.156,-1,660.156,620.495,-1,-1,195.618,-1,442.610,2,0,2,1,1,0,1,2,0,2,0,0,2,2,1,2,1
392,3169.319,1146.552,343.365,28.589,0.878052,-0.477892,-0.025364,0.478507,0.877535,0.031024,0.007432,-0.039377,0.999197,0,0.53450,-0.14758,0.274,-0.008,-1,472.787,-1,140.028,384.922,337.145,104.704,-1,528.344,-1,636.385,599.621,-1,-1,199.549,-1,443.410,2,0,2,1,1,0,1,2,0,2,0,0,2,2,1,2,1
393,3169.560,1146.431,342.793,28.579,0.878098,-0.477726,-0.026864,0.478345,0.877802,0.025499,0.011400,-0.035241,0.999314,0,0.53447,-0.14747,0.270,-0.009,-1,482.075,-1,141.625,383.897,340.958,105.979,-1,520.333,-1,612.841,579.347,-1,-1,203.418,-1,444.296,2,0,2,1,1,0,1,2,0,2,0,0,2,2,1,2,1
394,3169.791,1146.289,342.281,28.569,0.878139,-0.477580,-0.028100,0.478166,0.878043,0.019944,0.015148,-0.030949,0.999406,0,0.53444,-0.14736,0.271,-0.010,-1,491.427,-1,143.159,382.511,344.699,107.224,-1,512.324,-1,591.913,561.470,-1,-1,207.140,-1,445.189,2,0,2,1,1,0,1,2,0,2,0,0,2,2,1,2,1
395,3169.985,1146.160,342.029,28.553,0.878234,-0.477367,-0.028731,0.477903,0.878271,0.015784,0.017699,-0.027593,0.999463,0,0.53440,-0.14724,0.233,-0.016,-1,498.404,-1,144.357,381.109,347.442,108.204,-1,506.449,-1,578.966,550.002,-1,-1,210.025,-1,445.993,2,0,2,1,1,0,1,2,0,2,0,0,2,2,1,2,1
396,3170.156,1146.103,342.089,28.534,0.878378,-0.477098,-0.028800,0.477595,0.878476,0.013524,0.018848,-0.025634,0.999494,0,0.53434,-0.14706,0.180,-0.019,-1,502.240,-1,145.130,380.132,348.965,108.836,-1,503.486,-1,574.542,545.675,-1,-1,211.874,-1,446.556,2,0,2,1,1,0,1,2,0,2,0,0,2,2,1,2,1
397,3170.329,1146.153,342.406,28.512,0.878560,-0.476778,-0.028549,0.477258,0.878667,0.012995,0.018889,-0.025042,0.999508,0,0.53428,-0.14685,0.180,-0.022,-1,503.362,-1,145.556,379.849,349.490,109.169,-1,503.233,-1,576.613,546.990,-1,-1,212.899,-1,446.842,2,0,2,1,1,0,1,2,0,2,0,0,2,2,1,2,1
398,3170.521,1146.304,342.862,28.489,0.878766,-0.476416,-0.028252,0.476903,0.878849,0.013719,0.018294,-0.025529,0.999507,0,0.53421,-0.14662,0.245,-0.024,-1,502.684,-1,145.765,380.301,349.385,109.302,-1,504.998,-1,582.286,551.622,-1,-1,213.446,-1,446.907,2,0,2,1,1,0,1,2,0,2,0,0,2,2,1,2,1
399,3170.732,1146.522,343.329,28.463,0.878993,-0.476007,-0.028096,0.476514,0.879037,0.015122,0.017499,-0.026680,0.999491,0,0.53414,-0.14638,0.304,-0.026,-1,501.105,-1,145.874,381.273,348.973,109.329,-1,507.862,-1,588.847,557.300,-1,-1,213.803,-1,446.876,2,0,2,1,1,0,1,2,0,2,0,0,2,2,1,2,1
400,3170.947,1146.769,343.701,28.432,0.879255,-0.475520,-0.028123,0.476055,0.879257,0.016705,0.016783,-0.028076,0.999465,0,0.53406,-0.14612,0.327,-0.030,-1,499.219,-1,145.935,382.370,348.429,109.301,-1,510.927,-1,594.431,562.389,-1,-1,214.101,-1,446.891,2,0,2,1,1,0,1,2,0,2,0,0,2,2,1,2,1
401,3171.145,1147.011,343.908,28.400,0.879536,-0.474993,-0.028261,0.475555,0.879500,0.018103,0.016256,-0.029362,0.999437,0,0.53397,-0.14582,0.313,-0.033,-1,497.344,-1,145.910,383.201,347.819,109.208,-1,513.464,-1,598.182,566.039,-1,-1,214.243,-1,446.982,2,0,2,1,1,0,1,2,0,2,0,0,2,2,1,2,1
402,3171.304,1147.227,343.930,28.365,0.879824,-0.474451,-0.028394,0.475033,0.879761,0.019108,0.015914,-0.030299,0.999414,0,0.53387,-0.14549,0.268,-0.034,-1,495.592,-1,145.757,383.457,347.142,109.030,-1,515.019,-1,600.040,568.058,-1,-1,214.112,-1,447.164,2,0,2,1,1,0,1,2,0,2,0,0,2,2,1,2,1
403,3171.448,1147.418,343.784,28.330,0.880122,-0.473889,-0.028542,0.474485,0.880044,0.019676,0.015794,-0.030860,0.999399,0,0.56968,0.14653,0.239,-0.036,-1,494.101,-1,145.518,383.178,346.469,108.800,-1,515.584,-1,599.932,568.386,-1,-1,213.813,-1,447.435,2,0,2,1,1,0,1,2,0,2,0,0,2,2,1,2,1
404,3171.596,1147.584,343.524,28.294,0.880417,-0.473331,-0.028715,0.473936,0.880334,0.019911,0.015854,-0.031139,0.999389,0,0.56956,0.14689,0.222,-0.036,-1,492.862,-1,145.231,382.536,345.830,108.542,-1,515.431,-1,598.329,567.431,-1,-1,213.432,-1,447.755,2,0,2,1,1,0,1,2,0,2,0,0,2,2,1,2,1
405,3171.736,1147.719,343.208,28.257,0.880724,-0.472753,-0.028818,0.473363,0.880640,0.020013,0.015917,-0.031267,0.999384,0,0.56944,0.14725,0.194,-0.037,-1,491.547,-1,144.889,381.550,345.106,108.250,-1,514.887,-1,596.454,566.172,-1,-1,212.924,-1,448.145,2,0,2,1,1,0,1,2,0,2,0,0,2,2,1,2,1
406,3171.867,1147.835,342.894,28.218,0.881043,-0.472158,-0.028800,0.472769,0.880956,0.020134,0.015865,-0.031355,0.999382,0,0.56932,0.14762,0.175,-0.039,-1,489.993,-1,144.489,380.336,344.253,107.920,-1,514.257,-1,595.188,565.337,-1,-1,212.269,-1,448.571,2,0,2,1,1,0,1,2,0,2,0,0,2,2,1,2,1
407,3171.995,1147.950,342.622,28.179,0.881370,-0.471557,-0.028673,0.472168,0.881273,0.020372,0.015662,-0.031494,0.999381,0,0.56920,0.14801,0.172,-0.039,-1,488.193,-1,144.053,379.067,343.297,107.566,-1,513.795,-1,594.940,565.289,-1,-1,211.516,-1,448.988,2,0,2,1,1,0,1,2,0,2,0,0,2,2,1,2,1
408,3172.127,1148.078,342.419,28.140,0.881696,-0.470956,-0.028485,0.471568,0.881585,0.020766,0.015333,-0.031742,0.999379,0,0.56907,0.14841,0.184,-0.039,-1,486.249,-1,143.624,377.923,342.307,107.214,-1,513.663,-1,595.709,566.070,-1,-1,210.763,-1,449.370,2,0,2,1,1,0,1,2,0,2,0,0,2,2,1,2,1
409,3172.267,1148.226,342.293,28.101,0.882020,-0.470361,-0.028298,0.470975,0.881890,0.021295,0.014939,-0.032110,0.999373,0,0.56894,0.14880,0.204,-0.039,-1,484.322,-1,143.248,377.025,341.369,106.899,-1,513.907,-1,597.219,567.661,-1,-1,210.124,-1,449.711,2,0,2,1,1,0,1,2,0,2,0,0,2,2,1,2,1
410,3172.416,1148.393,342.237,28.063,0.882341,-0.469767,-0.028164,0.470385,0.882189,0.021897,0.014560,-0.032569,0.999363,0,0.56881,0.14919,0.224,-0.038,-1,482.580,-1,142.972,376.425,340.562,106.652,-1,514.472,-1,599.044,569.574,-1,-1,209.704,-1,450.030,2,0,2,1,1,0,1,2,0,2,0,0,2,2,1,2,1
411,3172.577,1148.572,342.235,28.024,0.882663,-0.469165,-0.028124,0.469790,0.882491,0.022492,0.014267,-0.033066,0.999351,0,0.56869,0.14958,0.241,-0.039,-1,481.159,-1,142.827,376.111,339.942,106.500,-1,515.240,-1,600.732,571.420,-1,-1,209.585,-1,450.359,2,0,2,1,1,0,1,2,0,2,0,0,2,2,1,2,1
412,3172.749,1148.757,342.268,27.985,0.882985,-0.468555,-0.028183,0.469190,0.882798,0.022992,0.014107,-0.033525,0.999338,0,0.56856,0.14997,0.252,-0.039,-1,480.148,-1,142.818,376.006,339.534,106.446,-1,516.043,-1,601.943,572.882,-1,-1,209.774,-1,450.712,2,0,2,1,1,0,1,2,0,2,0,0,2,2,1,2,1
413,3172.928,1148.941,342.317,27.946,0.883300,-0.467952,-0.028319,0.468596,0.883105,0.023320,0.014096,-0.033869,0.999327,0,0.56843,0.15036,0.257,-0.039,-1,479.582,-1,142.918,376.008,339.336,106.476,-1,516.709,-1,602.517,573.781,-1,-1,210.217,-1,451.086,2,0,2,1,1,0,1,2,0,2,0,0,2,2,1,2,1
414,3173.119,1149.115,342.368,27.906,0.883623,-0.467329,-0.028526,0.467982,0.883426,0.023461,0.014237,-0.034081,0.999318,0,0.56831,0.15075,0.258,-0.040,-1,479.413,-1,143.129,376.034,339.318,106.588,-1,517.170,-1,602.357,574.030,-1,-1,210.918,-1,451.523,2,0,2,1,1,0,1,2,0,2,0,0,2,2,1,2,1
415,3173.375,1149.349,342.416,27.872,0.883894,-0.466791,-0.028934,0.467454,0.883714,0.023144,0.014766,-0.033982,0.999313,0,0.73441,0.41521,0.347,-0.034,-1,480.338,-1,143.458,376.320,339.784,106.798,-1,517.176,-1,600.315,572.627,-1,-1,211.960,-1,451.795,2,0,2,1,1,0,1,2,0,2,0,0,2,2,1,2,1
416,3173.722,1149.648,342.484,27.843,0.884122,-0.466313,-0.029666,0.466988,0.883982,0.022317,0.015817,-0.033584,0.999311,0,0.73427,0.41556,0.457,-0.030,-1,482.684,-1,144.036,377.071,340.911,107.193,-1,516.814,-1,595.882,569.187,-1,-1,213.657,-1,451.941,2,0,2,1,1,0,1,2,0,2,0,0,2,2,1,2,1
417,3174.071,1149.917,342.589,27.807,0.884394,-0.465747,-0.030444,0.466431,0.884301,0.021302,0.017000,-0.033039,0.999309,0,0.73414,0.41586,0.441,-0.035,-1,485.455,-1,145.090,377.809,342.211,107.734,-1,516.287,-1,591.105,565.396,-1,-1,215.801,-1,452.274,2,0,2,1,1,0,1,2,0,2,0,0,2,2,1,2,1
418,3174.378,1150.149,342.730,27.762,0.884744,-0.465042,-0.031057,0.465727,0.884698,0.020197,0.018083,-0.032333,0.999314,0,0.73398,0.41623,0.384,-0.045,-1,488.140,-1,146.411,378.191,343.426,108.337,-1,515.539,-1,587.163,562.181,-1,-1,218.082,-1,452.867,2,0,2,1,1,0,1,2,0,2,0,0,2,2,1,2,1
419,3174.651,1150.345,342.898,27.714,0.885122,-0.464293,-0.031481,0.464972,0.885119,0.019129,0.018983,-0.031570,0.999321,0,0.73379,0.41669,0.336,-0.048,-1,490.522,-1,147.680,378.270,344.485,108.923,-1,514.725,-1,584.352,559.817,-1,-1,220.255,-1,453.567,2,0,2,1,1,0,1,2,0,2,0,0,2,2,1,2,1
420,3174.906,1150.531,343.079,27.664,0.885517,-0.463522,-0.031740,0.464189,0.885551,0.018119,0.019708,-0.030778,0.999332,0,0.73359,0.41718,0.315,-0.050,-1,492.572,-1,148.832,378.096,345.374,109.454,-1,513.873,-1,582.522,558.210,-1,-1,222.218,-1,454.296,2,0,2,1,1,0,1,2,0,2,0,0,2,2,1,2,1
421,3175.152,1150.746,343.257,27.609,0.885951,-0.462682,-0.031876,0.463333,0.886018,0.017139,0.020313,-0.029954,0.999345,0,0.73337,0.41769,0.327,-0.055,-1,494.342,-1,149.863,377.699,346.113,109.920,-1,512.952,-1,581.339,557.123,-1,-1,223.987,-1,455.058,2,0,2,1,1,0,1,2,0,2,0,0,2,2,1,2,1
422,3175.408,1150.988,343.420,27.552,0.886398,-0.461817,-0.031995,0.462455,0.886493,0.016302,0.020835,-0.029246,0.999355,0,0.73314,0.41824,0.353,-0.056,-1,495.931,-1,150.782,377.290,346.714,110.317,-1,512.187,-1,580.474,556.371,-1,-1,225.581,-1,455.785,2,0,2,1,1,0,1,2,0,2,0,0,2,2,1,2,1
423,3175.680,1151.235,343.560,27.499,0.886822,-0.460992,-0.032155,0.461623,0.886937,0.015747,0.021260,-0.028808,0.999359,0,0.73290,0.41881,0.367,-0.054,-1,497.107,-1,151.567,377.025,347.138,110.631,-1,511.811,-1,579.848,555.952,-1,-1,226.965,-1,456.415,2,0,2,1,1,0,1,2,0,2,0,0,2,2,1,2,1
424,3175.952,1151.486,343.665,27.445,0.887247,-0.460160,-0.032320,0.460790,0.887375,0.015463,0.021565,-0.028612,0.999358,0,0.73267,0.41935,0.370,-0.054,-1,497.700,-1,152.198,376.784,347.331,110.851,-1,511.738,-1,579.535,555.918,-1,-1,227.876,-1,457.015,2,0,2,1,1,0,1,2,0,2,0,0,2,2,1,2,1
425,3176.218,1151.743,343.726,27.389,0.887696,-0.459285,-0.032460,0.459916,0.887829,0.015396,0.021748,-0.028596,0.999354,0,0.73245,0.41989,0.370,-0.056,-1,497.702,-1,152.665,376.456,347.275,110.977,-1,511.841,-1,579.508,556.222,-1,-1,228.095,-1,457.633,2,0,2,1,1,0,1,2,0,2,0,0,2,2,1,2,1
426,3176.477,1152.007,343.737,27.329,0.888170,-0.458361,-0.032561,0.458998,0.888302,0.015507,0.021816,-0.028719,0.999349,0,0.73221,0.42046,0.370,-0.059,-1,497.139,-1,152.958,375.991,346.973,111.005,-1,512.042,-1,579.730,556.813,-1,-1,228.300,-1,458.275,2,0,2,1,1,0,1,2,0,2,0,0,2,2,1,2,1
427,3176.730,1152.281,343.699,27.267,0.888670,-0.457386,-0.032614,0.458030,0.888797,0.015758,0.021780,-0.028942,0.999344,0,0.73196,0.42106,0.373,-0.062,-1,496.068,-1,153.080,375.360,346.441,110.938,-1,512.282,-1,580.171,557.648,-1,-1,228.495,-1,458.942,2,0,2,1,1,0,1,2,0,2,0,0,2,2,1,2,1
428,3177.020,1152.609,343.621,27.205,0.889166,-0.456412,-0.032739,0.457064,0.889291,0.015963,0.021828,-0.029157,0.999336,0,0.85022,0.28679,0.438,-0.062,-1,495.100,-1,153.130,374.779,345.934,110.821,-1,512.443,-1,580.025,558.031,-1,-1,228.586,-1,459.513,2,0,2,1,1,0,1,2,0,2,0,0,2,2,1,2,1
429,3177.375,1152.986,343.532,27.144,0.889643,-0.455458,-0.033063,0.456123,0.889771,0.016115,0.022078,-0.029417,0.999323,0,0.84991,0.28741,0.517,-0.060,-1,494.552,-1,153.280,371.762,345.616,110.736,-1,512.690,-1,578.859,557.642,-1,-1,228.570,-1,459.977,2,0,2,1,1,0,1,2,0,2,0,0,2,2,1,2,1
430,3177.735,1153.348,343.451,27.080,0.890149,-0.454445,-0.033394,0.455124,0.890277,0.016368,0.022291,-0.029768,0.999308,0,0.84961,0.28802,0.511,-0.064,-1,493.821,-1,153.478,372.007,345.234,110.667,-1,513.090,-1,577.898,557.477,-1,-1,228.610,-1,460.530,2,0,2,1,1,0,1,2,0,2,0,0,2,2,1,2,1
431,3178.070,1153.685,343.386,27.010,0.890705,-0.453339,-0.033594,0.454031,0.890829,0.016688,0.022362,-0.030117,0.999296,0,0.84930,0.28867,0.476,-0.070,-1,492.733,-1,153.656,372.148,344.692,110.592,-1,513.488,-1,577.724,557.952,1004.865,-1,228.766,-1,461.236,2,0,2,1,1,0,1,2,0,2,0,0,0,2,1,2,1
432,3178.382,1154.010,343.334,26.935,0.891303,-0.452158,-0.033644,0.452859,0.891420,0.016999,0.022305,-0.030387,0.999289,0,0.84895,0.28938,0.450,-0.075,-1,491.397,-1,153.790,372.124,344.025,110.502,-1,513.764,-1,578.293,558.991,1003.130,-1,229.011,-1,462.059,2,0,2,1,1,0,1,2,0,2,0,0,0,2,1,2,1
433,3178.686,1154.324,343.296,26.859,0.891905,-0.450973,-0.033607,0.451680,0.892013,0.017297,0.022177,-0.030607,0.999285,0,0.84858,0.29014,0.438,-0.076,-1,489.971,-1,153.887,371.996,343.309,110.399,-1,513.977,-1,579.303,560.354,1002.545,-1,229.274,-1,462.901,2,0,2,1,1,0,1,2,0,2,0,0,0,2,1,2,1
434,3178.992,1154.637,343.268,26.784,0.892498,-0.449802,-0.033543,0.450512,0.892598,0.017556,0.022044,-0.030780,0.999283,0,0.84821,0.29090,0.438,-0.075,-1,488.610,-1,153.987,-1,342.615,110.299,-1,514.139,-1,580.421,561.774,1001.868,-1,229.533,-1,463.730,2,0,2,1,2,0,1,2,0,2,0,0,0,2,1,2,1
435,3179.305,1154.952,343.249,26.710,0.893081,-0.448647,-0.033502,0.449360,0.893174,0.017761,0.021954,-0.030916,0.999281,0,0.84784,0.29166,0.444,-0.074,-1,487.419,-1,154.129,-1,341.994,110.222,-1,514.265,-1,581.388,563.052,1000.863,-1,229.786,-1,464.545,2,0,2,1,2,0,1,2,0,2,0,0,0,2,1,2,1
436,3179.623,1155.270,343.235,26.636,0.893655,-0.447502,-0.033507,0.448218,0.893745,0.017911,0.021932,-0.031024,0.999278,0,0.84748,0.29240,0.450,-0.073,-1,486.436,-1,154.338,-1,341.466,110.179,-1,514.371,-1,582.069,564.086,999.425,-1,230.042,-1,465.355,2,0,2,1,2,0,1,2,0,2,0,0,0,2,1,2,1
437,3179.944,1155.589,343.228,26.564,0.894222,-0.446364,-0.033565,0.447085,0.894310,0.018009,0.021979,-0.031110,0.999274,0,0.84712,0.29314,0.453,-0.073,-1,485.657,-1,154.620,-1,341.030,110.173,-1,514.461,-1,582.447,564.864,997.554,-1,230.308,-1,466.169,2,0,2,1,2,0,1,2,0,2,0,0,0,2,1,2,1
438,3180.183,1155.795,343.217,26.486,0.894836,-0.445143,-0.033410,0.445868,0.894908,0.018489,0.021669,-0.031441,0.999271,0,0.58629,0.24991,0.315,-0.078,-1,483.777,-1,154.781,-1,340.143,110.118,-1,514.866,-1,584.399,567.022,998.471,-1,230.798,-1,467.252,2,0,2,1,2,0,1,2,0,2,0,0,0,2,1,2,1
439,3180.285,1155.877,343.163,26.406,0.895472,-0.443911,-0.032766,0.444637,0.895500,0.019460,0.020703,-0.031995,0.999274,0,0.58602,0.25070,0.130,-0.079,-1,480.085,-1,154.403,-1,338.457,109.821,-1,515.430,-1,589.175,571.527,1003.601,-1,231.430,-1,462.773,2,0,2,1,2,0,1,2,0,2,0,0,0,2,1,2,1
440,3180.373,1155.978,343.041,26.337,0.896028,-0.442842,-0.032009,0.443564,0.896008,0.020499,0.019602,-0.032565,0.999277,0,0.58575,0.25150,0.134,-0.069,-1,476.025,-1,153.623,-1,336.575,109.328,-1,515.877,-1,594.268,576.261,-1,-1,231.844,-1,462.564,2,0,2,1,2,0,1,2,0,2,0,0,2,2,1,2,1
441,3180.510,1156.142,342.854,26.277,0.896505,-0.441918,-0.031423,0.442640,0.896442,0.021490,0.018672,-0.033175,0.999275,0,0.58552,0.25219,0.214,-0.060,-1,472.275,-1,152.708,-1,334.813,108.753,-1,516.297,-1,598.193,580.067,-1,-1,231.446,-1,462.413,2,0,2,1,2,0,1,2,0,2,0,0,2,2,1,2,1
442,3180.698,1156.362,342.624,26.223,0.896937,-0.441064,-0.031096,0.441793,0.896836,0.022449,0.017987,-0.033873,0.999264,0,0.58532,0.25279,0.289,-0.054,-1,468.970,-1,151.842,-1,333.255,108.186,-1,516.818,-1,600.635,582.742,-1,-1,230.144,-1,462.190,2,0,2,1,2,0,1,2,0,2,0,0,2,2,1,2,1
443,3180.912,1156.613,342.378,26.169,0.897356,-0.440218,-0.030979,0.440960,0.897221,0.023415,0.017487,-0.034672,0.999246,0,0.58513,0.25333,0.330,-0.053,-1,465.993,-1,151.097,-1,331.860,107.665,-1,517.501,-1,602.114,584.637,-1,-1,229.079,-1,461.863,2,0,2,1,2,0,1,2,0,2,0,0,2,2,1,2,1
444,3181.130,1156.871,342.140,26.115,0.897781,-0.439352,-0.030971,0.440111,0.897612,0.024401,0.017079,-0.035537,0.999222,0,0.58495,0.25387,0.339,-0.054,-1,463.290,-1,150.472,-1,330.568,107.201,-1,518.325,-1,603.166,586.229,-1,-1,228.228,-1,461.457,2,0,2,1,2,0,1,2,0,2,0,0,2,2,1,2,1
445,3181.347,1157.131,341.945,26.060,0.898204,-0.438481,-0.031039,0.439257,0.898008,0.025214,0.016818,-0.036281,0.999200,0,0.58477,0.25441,0.338,-0.055,-1,461.136,-1,150.071,-1,329.529,106.858,-1,519.067,-1,603.737,587.384,-1,-1,227.749,-1,460.963,2,0,2,1,2,0,1,2,0,2,0,0,2,2,1,2,1
446,3181.565,1157.384,341.832,26.008,0.898610,-0.437639,-0.031194,0.438427,0.898401,0.025631,0.016808,-0.036709,0.999185,0,0.58458,0.25496,0.334,-0.053,-1,459.951,-1,150.040,-1,328.950,106.717,-1,519.497,-1,603.547,587.758,-1,-1,227.871,-1,460.349,2,0,2,1,2,0,1,2,0,2,0,0,2,2,1,2,1
447,3181.781,1157.623,341.806,25.957,0.898996,-0.436831,-0.031382,0.437627,0.898790,0.025666,0.016994,-0.036807,0.999178,0,0.58441,0.25549,0.322,-0.051,-1,459.647,-1,150.343,-1,328.787,106.765,-1,519.600,-1,602.942,587.606,-1,-1,228.524,-1,459.642,2,0,2,1,2,0,1,2,0,2,0,0,2,2,1,2,1
448,3181.994,1157.846,341.857,25.907,0.899368,-0.436053,-0.031549,0.436851,0.899175,0.025412,0.017287,-0.036637,0.999179,0,0.58423,0.25600,0.309,-0.049,-1,459.964,-1,150.881,-1,328.913,106.948,-1,519.443,-1,602.320,587.272,-1,-1,229.543,-1,458.883,2,0,2,1,2,0,1,2,0,2,0,0,2,2,1,2,1
449,3182.203,1158.059,341.962,25.859,0.899732,-0.435293,-0.031658,0.436088,0.899557,0.024997,0.017597,-0.036296,0.999186,0,0.58407,0.25650,0.298,-0.048,-1,460.681,-1,151.530,-1,329.178,107.198,-1,519.126,-1,601.986,587.056,-1,-1,230.724,-1,458.113,2,0,2,1,2,0,1,2,0,2,0,0,2,2,1,2,1
450,3182.408,1158.267,342.092,25.811,0.900095,-0.434539,-0.031702,0.435328,0.899937,0.024549,0.017862,-0.035898,0.999196,0,0.58390,0.25699,0.292,-0.048,-1,461.436,-1,152.180,-1,329.447,107.454,-1,518.765,-1,602.064,587.125,-1,-1,231.890,-1,457.367,2,0,2,1,2,0,1,2,0,2,0,0,2,2,1,2,1
451,3182.611,1158.478,342.219,25.762,0.900458,-0.433785,-0.031712,0.434567,0.900316,0.024156,0.018072,-0.035532,0.999205,0,0.58374,0.25747,0.293,-0.048,-1,462.040,-1,152.773,-1,329.648,107.679,-1,518.450,-1,602.415,587.428,-1,-1,232.959,-1,456.649,2,0,2,1,2,0,1,2,0,2,0,0,2,2,1,2,1
452,3182.816,1158.697,342.328,25.714,0.900821,-0.433029,-0.031741,0.433806,0.900691,0.023827,0.018271,-0.035233,0.999212,0,0.58357,0.25796,0.300,-0.048,-1,462.522,-1,153.316,-1,329.799,107.875,-1,518.205,-1,602.695,587.717,-1,-1,233.813,-1,455.946,2,0,2,1,2,0,1,2,0,2,0,0,2,2,1,2,1
453,3183.022,1158.923,342.408,25.666,0.901184,-0.432268,-0.031815,0.433043,0.901065,0.023569,0.018480,-0.035017,0.999216,0,0.58341,0.25844,0.306,-0.048,-1,462.885,-1,153.816,-1,329.900,108.042,-1,518.035,-1,602.718,587.858,1005.359,-1,234.078,-1,455.248,2,0,2,1,2,0,1,2,0,2,0,0,0,2,1,2,1
454,3183.227,1159.155,342.455,25.617,0.901549,-0.431497,-0.031933,0.432273,0.901439,0.023397,0.018690,-0.034897,0.999216,0,0.58325,0.25893,0.309,-0.049,-1,463.080,-1,154.261,-1,329.932,108.176,-1,517.947,-1,602.497,587.867,1002.513,-1,234.329,-1,454.561,2,0,2,1,2,0,1,2,0,2,0,0,0,2,1,2,1
455,3183.429,1159.384,342.467,25.568,0.901911,-0.430729,-0.032079,0.431509,0.901806,0.023345,0.018874,-0.034897,0.999213,0,0.58308,0.25942,0.306,-0.048,-1,463.035,-1,154.627,-1,329.863,108.264,-1,517.978,-1,602.150,587.845,1000.221,-1,234.557,-1,453.896,2,0,2,1,2,0,1,2,0,2,0,0,0,2,1,2,1
456,3183.633,1159.585,342.447,25.525,0.902236,-0.430035,-0.032253,0.430824,0.902130,0.023501,0.018990,-0.035099,0.999203,0,0.58292,0.25991,0.286,-0.043,-1,462.622,-1,154.873,-1,329.656,108.286,-1,518.261,-1,601.846,587.949,999.269,-1,234.716,-1,453.281,2,0,2,1,2,0,1,2,0,2,0,0,0,2,1,2,1
457,3183.825,1159.774,342.397,25.482,0.902561,-0.429344,-0.032372,0.430143,0.902447,0.023787,0.019001,-0.035394,0.999193,0,0.58277,0.26034,0.270,-0.043,-1,461.747,-1,154.978,-1,329.275,108.236,-1,518.617,-1,601.872,588.360,999.175,-1,234.861,-1,452.732,2,0,2,1,2,0,1,2,0,2,0,0,0,2,1,2,1
458,3184.009,1159.958,342.323,25.437,0.902894,-0.428640,-0.032410,0.429448,0.902768,0.024170,0.018898,-0.035741,0.999182,0,0.58262,0.26078,0.260,-0.044,-1,460.508,-1,154.938,-1,328.723,108.113,-1,518.991,-1,602.346,589.153,999.787,-1,234.998,-1,452.248,2,0,2,1,2,0,1,2,0,2,0,0,0,2,1,2,1
459,3184.191,1160.143,342.239,25.393,0.903230,-0.427932,-0.032396,0.428747,0.903090,0.024572,0.018741,-0.036084,0.999173,0,0.58247,0.26122,0.259,-0.045,-1,459.119,-1,154.819,-1,328.094,107.951,-1,519.328,-1,603.058,590.130,1000.617,-1,235.124,-1,451.804,2,0,2,1,2,0,1,2,0,2,0,0,0,2,1,2,1
460,3184.377,1160.330,342.168,25.349,0.903558,-0.427238,-0.032402,0.428059,0.903409,0.024851,0.018655,-0.036324,0.999166,0,0.58232,0.26167,0.265,-0.044,-1,458.011,-1,154.771,-1,327.582,107.830,-1,519.532,-1,603.510,590.842,1000.667,-1,235.259,-1,451.342,2,0,2,1,2,0,1,2,0,2,0,0,0,2,1,2,1
461,3184.567,1160.518,342.123,25.306,0.903877,-0.426560,-0.032445,0.427385,0.903725,0.024982,0.018665,-0.036447,0.999161,0,0.58217,0.26211,0.267,-0.043,-1,457.284,-1,154.852,-1,327.237,107.777,-1,519.615,-1,603.645,591.235,999.803,-1,235.417,-1,450.839,2,0,2,1,2,0,1,2,0,2,0,0,0,2,1,2,1
462,3184.715,1160.652,342.108,25.263,0.904205,-0.425867,-0.032398,0.426694,0.904046,0.025157,0.018576,-0.036571,0.999158,0,0.44545,0.69520,0.199,-0.044,-1,456.409,-1,154.981,-1,326.838,107.764,-1,519.739,-1,604.445,592.132,999.548,-1,235.703,-1,450.359,2,0,2,1,2,0,1,2,0,2,0,0,0,2,1,2,1
463,3184.791,1160.728,342.111,25.219,0.904532,-0.425191,-0.032160,0.426013,0.904361,0.025367,0.018299,-0.036646,0.999161,0,0.44534,0.69564,0.107,-0.043,-1,455.258,-1,155.026,-1,326.300,107.733,-1,519.789,-1,606.309,593.807,1000.102,-1,236.098,-1,450.012,2,0,2,1,2,0,1,2,0,2,0,0,0,2,1,2,1
464,3184.859,1160.810,342.122,25.182,0.904815,-0.424605,-0.031937,0.425420,0.904639,0.025421,0.018097,-0.036588,0.999167,0,0.44523,0.69607,0.107,-0.038,-1,454.532,-1,155.081,-1,325.908,107.719,-1,519.655,-1,607.838,595.123,999.829,-1,236.434,-1,449.723,2,0,2,1,2,0,1,2,0,2,0,0,0,2,1,2,1
465,3184.948,1160.919,342.136,25.149,0.905054,-0.424102,-0.031845,0.424911,0.904881,0.025323,0.018076,-0.036450,0.999172,0,0.44513,0.69645,0.141,-0.032,-1,454.284,-1,155.227,-1,325.749,107.750,-1,519.430,-1,608.429,595.652,998.413,-1,236.678,-1,449.408,2,0,2,1,2,0,1,2,0,2,0,0,0,2,1,2,1
466,3185.059,1161.052,342.149,25.120,0.905268,-0.423641,-0.031895,0.424449,0.905102,0.025158,0.018210,-0.036313,0.999175,0,0.44505,0.69677,0.173,-0.029,-1,454.376,-1,155.473,-1,325.765,107.825,-1,519.235,-1,608.188,595.530,996.284,-1,236.860,-1,449.039,2,0,2,1,2,0,1,2,0,2,0,0,0,2,1,2,1
467,3185.180,1161.197,342.161,25.092,0.905476,-0.423188,-0.032034,0.423999,0.905317,0.025014,0.018415,-0.036232,0.999174,0,0.44497,0.69707,0.189,-0.028,-1,454.580,-1,155.778,-1,325.850,107.923,-1,519.143,-1,607.531,595.119,994.065,-1,237.013,-1,448.628,2,0,2,1,2,0,1,2,0,2,0,0,0,2,1,2,1
468,3185.302,1161.347,342.170,25.063,0.905685,-0.422726,-0.032200,0.423542,0.905533,0.024940,0.018615,-0.036226,0.999170,0,0.44490,0.69735,0.193,-0.029,-1,454.716,-1,156.084,-1,325.913,108.016,-1,519.170,-1,606.854,594.741,992.206,-1,237.158,-1,448.206,2,0,2,1,2,0,1,2,0,2,0,0,0,2,1,2,1
469,3185.420,1161.497,342.174,25.033,0.905901,-0.422251,-0.032350,0.423072,0.905752,0.024945,0.018768,-0.036284,0.999165,0,0.44482,0.69764,0.191,-0.030,-1,454.698,-1,156.347,-1,325.907,108.085,-1,519.285,-1,606.378,594.560,990.851,-1,237.297,-1,447.797,2,0,2,1,2,0,1,2,0,2,0,0,0,2,1,2,1
470,3185.534,1161.647,342.172,25.003,0.906123,-0.421767,-0.032466,0.422594,0.905974,0.025007,0.018866,-0.036379,0.999160,0,0.44475,0.69794,0.188,-0.030,-1,454.523,-1,156.553,-1,325.825,108.125,-1,519.441,-1,606.150,594.598,989.920,-1,237.432,-1,447.411,2,0,2,1,2,0,1,2,0,2,0,0,0,2,1,2,1
471,3185.646,1161.796,342.164,24.973,0.906347,-0.421279,-0.032549,0.422110,0.906197,0.025094,0.018924,-0.036483,0.999155,0,0.44467,0.69824,0.186,-0.031,-1,454.243,-1,156.709,-1,325.687,108.140,-1,519.594,-1,606.103,594.784,989.207,-1,237.562,-1,447.049,2,0,2,1,2,0,1,2,0,2,0,0,0,2,1,2,1
472,3185.758,1161.944,342.151,24.942,0.906572,-0.420790,-0.032610,0.421625,0.906421,0.025177,0.018964,-0.036574,0.999151,0,0.44459,0.69854,0.186,-0.031,-1,453.922,-1,156.835,-1,325.524,108.141,-1,519.711,-1,606.131,595.020,988.505,-1,237.690,-1,446.701,2,0,2,1,2,0,1,2,0,2,0,0,0,2,1,2,1
473,3185.871,1162.091,342.135,24.911,0.906796,-0.420302,-0.032663,0.421141,0.906644,0.025237,0.019006,-0.036641,0.999148,0,0.44451,0.69885,0.185,-0.031,-1,453.613,-1,156.955,-1,325.362,108.139,-1,519.782,-1,606.142,595.228,987.666,-1,237.821,-1,446.360,2,0,2,1,2,0,1,2,0,2,0,0,0,2,1,2,1
474,3185.984,1162.237,342.119,24.881,0.907019,-0.419818,-0.032717,0.420659,0.906867,0.025268,0.019062,-0.036681,0.999145,0,0.44443,0.69916,0.185,-0.030,-1,453.349,-1,157.085,-1,325.217,108.144,-1,519.810,-1,606.087,595.367,986.636,-1,237.958,-1,446.017,2,0,2,1,2,0,1,2,0,2,0,0,0,2,1,2,1
475,3186.098,1162.381,342.105,24.851,0.907239,-0.419335,-0.032778,0.420179,0.907089,0.025272,0.019135,-0.036700,0.999143,0,0.44435,0.69946,0.184,-0.030,-1,453.139,-1,157.233,-1,325.098,108.158,-1,519.807,-1,605.959,595.434,985.427,-1,238.101,-1,445.670,2,0,2,1,2,0,1,2,0,2,0,0,0,2,1,2,1
476,3186.211,1162.525,342.094,24.821,0.907459,-0.418856,-0.032847,0.419701,0.907311,0.025258,0.019223,-0.036706,0.999141,0,0.44427,0.69976,0.183,-0.030,-1,452.974,-1,157.400,-1,325.001,108.184,-1,519.791,-1,605.775,595.450,984.104,-1,238.251,-1,445.318,2,0,2,1,2,0,1,2,0,2,0,0,0,2,1,2,1
477,3186.324,1162.667,342.086,24.791,0.907676,-0.418378,-0.032921,0.419226,0.907531,0.025236,0.019318,-0.036708,0.999139,0,0.44420,0.70007,0.182,-0.030,-1,452.840,-1,157.584,-1,324.920,108.217,-1,519.777,-1,605.569,595.444,982.745,-1,238.403,-1,444.961,2,0,2,1,2,0,1,2,0,2,0,0,0,2,1,2,1
478,3186.438,1162.810,342.081,24.761,0.907893,-0.417901,-0.032998,0.418752,0.907750,0.025217,0.019416,-0.036713,0.999137,0,0.44412,0.70037,0.182,-0.030,-1,452.716,-1,157.775,-1,324.846,108.255,-1,519.776,-1,605.368,595.444,981.415,-1,238.555,-1,444.603,2,0,2,1,2,0,1,2,0,2,0,0,0,2,1,2,1
479,3186.550,1162.953,342.079,24.731,0.908109,-0.417426,-0.033076,0.418280,0.907968,0.025207,0.019510,-0.036725,0.999135,0,0.44404,0.70066,0.182,-0.030,-1,452.590,-1,157.969,-1,324.773,108.293,-1,519.793,-1,605.190,595.466,980.152,-1,238.705,-1,444.244,2,0,2,1,2,0,1,2,0,2,0,0,0,2,1,2,1
480,3186.663,1163.096,342.077,24.701,0.908324,-0.416952,-0.033154,0.417809,0.908185,0.025206,0.019600,-0.036747,0.999132,0,0.44396,0.70096,0.182,-0.030,-1,452.451,-1,158.161,-1,324.695,108.330,-1,519.827,-1,605.038,595.515,978.968,-1,238.851,-1,443.886,2,0,2,1,2,0,1,2,0,2,0,0,0,2,1,2,1
481,3186.776,1163.240,342.075,24.672,0.908538,-0.416479,-0.033231,0.417338,0.908401,0.025215,0.019685,-0.036778,0.999130,0,0.44389,0.70126,0.183,-0.030,-1,452.298,-1,158.348,-1,324.611,108.363,-1,519.874,-1,604.907,595.585,977.852,-1,238.995,-1,443.531,2,0,2,1,2,0,1,2,0,2,0,0,0,2,1,2,1
482,3186.889,1163.383,342.072,24.642,0.908752,-0.416005,-0.033307,0.416868,0.908617,0.025231,0.019767,-0.036813,0.999127,0,0.44381,0.70156,0.183,-0.030,-1,452.131,-1,158.529,-1,324.521,108.394,-1,519.927,-1,604.786,595.666,976.778,-1,239.136,-1,443.177,2,0,2,1,2,0,1,2,0,2,0,0,0,2,1,2,1
483,3187.003,1163.526,342.067,24.613,0.908966,-0.415532,-0.033382,0.416398,0.908832,0.025250,0.019847,-0.036851,0.999124,0,0.44373,0.70185,0.183,-0.030,-1,451.954,-1,158.706,-1,324.425,108.422,-1,519.980,-1,604.663,595.747,975.720,-1,239.277,-1,442.826,2,0,2,1,2,0,1,2,0,2,0,0,0,2,1,2,1
484,3187.213,1163.782,342.064,24.590,0.909121,-0.415163,-0.033736,0.416035,0.909008,0.024893,0.020332,-0.036666,0.999121,0,0.73615,0.42007,0.331,-0.023,-1,452.803,-1,159.048,-1,324.811,108.514,-1,519.754,-1,602.565,594.157,971.906,-1,239.157,-1,442.367,2,0,2,1,2,0,1,2,0,2,0,0,0,2,1,2,1
485,3187.571,1164.152,342.089,24.569,0.909255,-0.414803,-0.034555,0.415692,0.909181,0.024268,0.021350,-0.036431,0.999108,0,0.73605,0.42029,0.516,-0.021,-1,454.820,-1,159.829,-1,325.790,108.778,-1,519.603,-1,597.971,590.607,965.531,-1,238.839,-1,441.565,2,0,2,1,2,0,1,2,0,2,0,0,0,2,1,2,1
486,3187.934,1164.497,342.148,24.535,0.909479,-0.414244,-0.035350,0.415154,0.909437,0.023896,0.022250,-0.036409,0.999089,0,0.73596,0.42051,0.500,-0.033,-1,456.419,-1,160.758,-1,326.601,109.096,-1,519.844,-1,594.224,587.877,960.583,-1,238.720,-1,440.605,2,0,2,1,2,0,1,2,0,2,0,0,0,2,1,2,1
487,3188.241,1164.779,342.226,24.490,0.909797,-0.413502,-0.035842,0.414429,0.909769,0.023846,0.022747,-0.036549,0.999073,0,0.73581,0.42085,0.417,-0.045,-1,457.037,-1,161.539,-1,326.944,109.346,-1,520.316,-1,592.650,586.977,958.135,-1,238.830,-1,439.696,2,0,2,1,2,0,1,2,0,2,0,0,0,2,1,2,1
488,3188.498,1165.011,342.299,24.438,0.910170,-0.412667,-0.036007,0.413603,0.910141,0.023995,0.022870,-0.036732,0.999063,0,0.73561,0.42131,0.346,-0.052,-1,456.797,-1,162.053,-1,326.851,109.476,-1,520.785,-1,592.986,587.617,957.606,-1,239.068,-1,438.926,2,0,2,1,2,0,1,2,0,2,0,0,0,2,1,2,1
489,3188.733,1165.218,342.349,24.384,0.910559,-0.411811,-0.035960,0.412750,0.910523,0.024199,0.022777,-0.036878,0.999060,0,0.73539,0.42183,0.313,-0.054,-1,456.064,-1,162.327,-1,326.486,109.498,-1,521.103,-1,594.314,589.021,957.793,-1,239.338,-1,438.281,2,0,2,1,2,0,1,2,0,2,0,0,0,2,1,2,1
490,3188.969,1165.419,342.367,24.332,0.910943,-0.410972,-0.035852,0.411911,0.910899,0.024344,0.022653,-0.036944,0.999061,0,0.73516,0.42238,0.310,-0.053,-1,455.236,-1,162.479,-1,326.046,109.465,-1,521.212,-1,595.660,590.387,957.667,-1,239.596,-1,437.698,2,0,2,1,2,0,1,2,0,2,0,0,0,2,1,2,1
491,3189.216,1165.621,342.356,24.280,0.911312,-0.410158,-0.035790,0.411095,0.911266,0.024386,0.022612,-0.036937,0.999062,0,0.73493,0.42291,0.319,-0.051,-1,454.555,-1,162.625,-1,325.659,109.429,-1,521.142,-1,596.434,591.249,956.713,-1,239.841,-1,437.119,2,0,2,1,2,0,1,2,0,2,0,0,0,2,1,2,1
492,3189.473,1165.825,342.324,24.230,0.911670,-0.409359,-0.035814,0.410296,0.911627,0.024346,0.022682,-0.036890,0.999062,0,0.73471,0.42343,0.328,-0.050,-1,454.072,-1,162.824,-1,325.362,109.419,-1,520.972,-1,596.514,591.533,954.970,-1,240.088,-1,436.513,2,0,2,1,2,0,1,2,0,2,0,0,0,2,1,2,1
493,3189.733,1166.028,342.282,24.181,0.912021,-0.408567,-0.035917,0.409506,0.911985,0.024266,0.022841,-0.036839,0.999060,0,0.73449,0.42394,0.330,-0.050,-1,453.746,-1,163.093,-1,325.145,109.441,-1,520.784,-1,596.011,591.395,952.739,-1,240.347,-1,435.875,2,0,2,1,2,0,1,2,0,2,0,0,0,2,1,2,1
494,3189.992,1166.230,342.242,24.131,0.912369,-0.407776,-0.036070,0.408719,0.912340,0.024185,0.023046,-0.036808,0.999057,0,0.73427,0.42444,0.329,-0.049,-1,453.503,-1,163.418,-1,324.977,109.488,-1,520.634,-1,594.986,591.070,950.382,-1,240.618,-1,435.214,2,0,2,1,2,0,1,2,0,2,0,0,0,2,1,2,1
495,3190.249,1166.432,342.209,24.082,0.912715,-0.406986,-0.036241,0.407934,0.912692,0.024129,0.023256,-0.036807,0.999052,0,0.73406,0.42494,0.326,-0.049,-1,453.280,-1,163.777,-1,324.828,109.551,-1,520.555,-1,593.965,590.279,948.169,-1,240.892,-1,434.543,2,0,2,1,2,0,1,2,0,2,0,0,0,2,1,2,1
496,3190.503,1166.633,342.190,24.033,0.913060,-0.406198,-0.036405,0.407151,0.913043,0.024105,0.023448,-0.036832,0.999046,0,0.73384,0.42544,0.324,-0.049,-1,453.042,-1,164.149,-1,324.680,109.621,-1,520.550,-1,593.125,589.547,946.244,-1,241.163,-1,433.871,2,0,2,1,2,0,1,2,0,2,0,0,0,2,1,2,1
497,3190.757,1166.836,342.185,23.984,0.913403,-0.405411,-0.036553,0.406371,0.913390,0.024110,0.023612,-0.036876,0.999041,0,0.73363,0.42594,0.325,-0.049,-1,452.779,-1,164.523,-1,324.526,109.690,-1,520.605,-1,592.529,589.046,944.619,-1,241.424,-1,433.201,2,0,2,1,2,0,1,2,0,2,0,0,0,2,1,2,1
498,3190.905,1166.916,342.186,23.926,0.913820,-0.404487,-0.036367,0.405450,0.913788,0.024548,0.023302,-0.037178,0.999037,0,0.41258,0.37689,0.168,-0.058,-1,451.332,-1,164.715,-1,323.816,109.689,-1,521.003,-1,594.507,591.012,946.005,-1,241.995,-1,432.641,2,0,2,1,2,0,1,2,0,2,0,0,0,2,1,2,1
499,3190.893,1166.871,342.160,23.866,0.914267,-0.403541,-0.035642,0.404494,0.914191,0.025285,0.022380,-0.037534,0.999045,0,0.41244,0.37748,0.046,-0.060,-1,448.576,-1,164.397,-1,322.436,109.489,-1,521.323,-1,599.730,595.890,950.178,-1,242.792,-1,432.451,2,0,2,1,2,0,1,2,0,2,0,0,0,2,1,2,1
