timestep,x_cm,y_cm,z_cm,yaw_deg,basis_xx,basis_xy,basis_xz,basis_yx,basis_yy,basis_yz,basis_zx,basis_zy,basis_zz,teleport_flag,throttle_cmd,steering_cmd,cmd_move_cm,cmd_turn_deg,lidar_cm_0,lidar_cm_1,lidar_cm_2,lidar_cm_3,lidar_cm_4,lidar_cm_5,lidar_cm_6,lidar_cm_7,lidar_cm_8,lidar_cm_9,lidar_cm_10,lidar_cm_11,lidar_cm_12,lidar_cm_13,lidar_cm_14,lidar_cm_15,lidar_cm_16,lidar_class_0,lidar_class_1,lidar_class_2,lidar_class_3,lidar_class_4,lidar_class_5,lidar_class_6,lidar_class_7,lidar_class_8,lidar_class_9,lidar_class_10,lidar_class_11,lidar_class_12,lidar_class_13,lidar_class_14,lidar_class_15,lidar_class_16
0,-5378.200,654.020,290.165,-113.286,-0.395327,0.918140,0.027105,-0.918536,-0.395061,-0.014797,-0.002878,-0.030747,0.999523,0,0.20682,-1.00000,0.700,-0.020,-1,556.478,-1,526.985,-1,463.425,451.978,470.627,392.554,-1,-1,-1,-1,916.675,808.785,-1,-1,2,0,2,0,2,0,0,0,0,2,2,2,2,0,0,2,2
1,-5378.757,653.138,294.497,-113.301,-0.395555,0.918146,0.023320,-0.918442,-0.395392,-0.011408,-0.001254,-0.025930,0.999663,0,0.20682,-1.00000,1.043,-0.014,-1,573.098,-1,537.057,-1,474.593,462.285,491.962,395.625,-1,-1,-1,-1,947.544,820.982,-1,-1,2,0,2,0,2,0,0,0,0,2,2,2,2,0,0,2,2
2,-5379.469,651.993,297.579,-113.306,-0.395638,0.918182,0.020295,-0.918405,-0.395575,-0.007202,0.001416,-0.021489,0.999768,0,0.20682,-1.00000,1.349,-0.005,-1,588.530,-1,546.341,-1,484.835,471.725,509.645,396.727,-1,-1,-1,-1,978.332,833.095,-1,-1,2,0,2,0,2,0,0,0,0,2,2,2,2,0,0,2,2
3,-5380.388,650.663,299.384,-113.327,-0.395981,0.918080,0.018093,-0.918246,-0.396003,-0.002481,0.004888,-0.017596,0.999833,0,0.20682,-1.00000,1.616,-0.022,-1,602.291,-1,554.356,-1,493.706,479.877,523.376,395.964,-1,-1,-1,-1,1006.001,844.570,-1,-1,2,0,2,0,2,0,0,0,0,2,2,2,2,0,0,2,2
4,-5381.500,649.223,299.912,-113.380,-0.396805,0.917751,0.016725,-0.917859,-0.396898,0.002515,0.008947,-0.014353,0.999857,0,0.20682,-1.00000,1.820,-0.052,-1,613.867,-1,560.837,-1,500.905,486.412,532.385,393.437,-1,-1,-1,-1,-1,854.942,-1,-1,2,0,2,0,2,0,0,0,0,2,2,2,2,2,0,2,2
5,-5382.756,647.670,299.161,-113.455,-0.397986,0.917252,0.015975,-0.917292,-0.398139,0.007809,0.013523,-0.011546,0.999842,0,0.20682,-1.00000,1.997,-0.075,-1,623.223,-1,565.577,-1,506.340,491.190,536.732,388.931,-1,-1,-1,-1,-1,863.847,-1,-1,2,0,2,0,2,0,0,0,0,2,2,2,2,2,0,2,2
6,-5384.133,646.026,297.165,-113.547,-0.399430,0.916627,0.015855,-0.916581,-0.399636,0.013075,0.018321,-0.009310,0.999789,0,0.20682,-1.00000,2.144,-0.092,-1,629.652,-1,568.167,-1,509.539,493.812,536.057,382.492,-1,-1,-1,-1,-1,870.558,-1,-1,2,0,2,0,2,0,0,0,0,2,2,2,2,2,0,2,2
7,-5385.545,644.432,294.427,-113.662,-0.401249,0.915823,0.016377,-0.915740,-0.401484,0.015211,0.020505,-0.008894,0.999750,0,0.20682,-1.00000,2.130,-0.115,-1,627.054,-1,564.990,-1,506.777,490.868,528.653,376.299,-1,-1,-1,-1,-1,868.192,-1,-1,2,0,2,0,2,0,0,0,0,2,2,2,2,2,0,2,2
8,-5386.823,642.699,291.591,-113.767,-0.402950,0.915043,0.018065,-0.915018,-0.403199,0.013137,0.019305,-0.011236,0.999750,0,0.20682,-1.00000,2.152,-0.106,-1,614.714,-1,556.677,-1,498.169,482.681,514.462,373.043,-1,-1,-1,-1,-1,856.963,-1,-1,2,0,2,0,2,0,0,0,0,2,2,2,2,2,0,2,2
9,-5387.949,640.749,289.010,-113.871,-0.404635,0.914230,0.021312,-0.914358,-0.404850,0.006823,0.014865,-0.016726,0.999750,0,0.20682,-1.00000,2.252,-0.104,-1,594.044,-1,544.686,-1,484.736,470.463,494.825,373.970,-1,-1,-1,-1,1005.622,839.075,-1,-1,2,0,2,0,2,0,0,0,0,2,2,2,2,0,0,2,2
10,-5388.972,638.549,286.835,-113.982,-0.406438,0.913307,0.026060,-0.913644,-0.406505,-0.002907,0.007939,-0.024991,0.999656,0,0.20682,-1.00000,2.427,-0.111,-1,568.095,-1,530.739,-1,468.232,455.919,471.698,379.144,-1,-1,-1,-1,949.730,817.548,-1,-1,2,0,2,0,2,0,0,0,0,2,2,2,2,0,0,2,2
11,-5390.042,636.088,285.318,-114.118,-0.408612,0.912184,0.030932,-0.912707,-0.408426,-0.012408,0.001315,-0.033302,0.999444,0,0.20682,-1.00000,2.683,-0.136,-1,545.314,-1,519.058,-1,453.762,443.524,451.597,386.000,-1,-1,-1,-1,898.441,799.285,-1,-1,2,0,2,0,2,0,0,0,0,2,2,2,2,0,0,2,2
12,-5391.408,633.485,284.694,-114.286,-0.411288,0.910852,0.034515,-0.911502,-0.410889,-0.018277,-0.002466,-0.038978,0.999237,0,0.20682,-1.00000,2.940,-0.168,-1,532.401,-1,513.104,-1,445.557,436.883,439.419,391.417,-1,-1,-1,-1,869.736,789.952,-1,-1,2,0,2,0,2,0,0,0,0,2,2,2,2,0,0,2,2
13,-5393.149,630.803,284.888,-114.476,-0.414308,0.909407,0.036437,-0.910132,-0.413840,-0.019919,-0.003035,-0.041415,0.999137,0,0.20682,-1.00000,3.198,-0.190,-1,529.408,-1,512.914,-1,443.826,435.983,435.452,394.714,-1,-1,-1,-1,862.419,789.601,-1,-1,2,0,2,0,2,0,0,0,0,2,2,2,2,0,0,2,2
14,-5395.227,628.050,285.670,-114.685,-0.417634,0.907870,0.036789,-0.908615,-0.417243,-0.018081,-0.001065,-0.040979,0.999159,0,0.20682,-1.00000,3.449,-0.209,-1,534.031,-1,516.937,-1,447.085,439.407,438.153,395.735,-1,-1,-1,-1,871.473,795.863,-1,-1,2,0,2,0,2,0,0,0,0,2,2,2,2,0,0,2,2
15,-5397.575,625.227,286.727,-114.906,-0.421122,0.906281,0.036203,-0.907001,-0.420886,-0.014277,0.002299,-0.038848,0.999242,0,0.20682,-1.00000,3.672,-0.220,-1,542.882,-1,523.129,-1,453.042,445.126,444.617,395.242,-1,-1,-1,-1,889.813,805.577,-1,-1,2,0,2,0,2,0,0,0,0,2,2,2,2,0,0,2,2
16,-5400.090,622.375,287.770,-115.118,-0.424478,0.904754,0.035186,-0.905420,-0.424394,-0.010190,0.005713,-0.036184,0.999329,0,0.20682,-1.00000,3.803,-0.213,-1,552.253,-1,529.112,-1,459.174,450.859,452.054,394.041,-1,-1,-1,-1,909.591,815.078,-1,-1,2,0,2,0,2,0,0,0,0,2,2,2,2,0,0,2,2
17,-5402.659,619.462,288.630,-115.314,-0.427564,0.903351,0.033846,-0.903948,-0.427585,-0.006993,0.008155,-0.033585,0.999403,0,0.20682,-1.00000,3.883,-0.196,-1,559.481,-1,532.952,-1,463.604,454.843,458.883,392.507,-1,-1,-1,-1,924.950,820.975,-1,-1,2,0,2,0,2,0,0,0,0,2,2,2,2,0,0,2,2
18,-5405.278,616.469,289.224,-115.510,-0.430644,0.901928,0.032747,-0.902471,-0.430720,-0.005045,0.009554,-0.031725,0.999451,0,0.20682,-1.00000,3.977,-0.196,-1,563.584,-1,534.648,-1,465.899,456.836,463.633,391.275,-1,-1,-1,-1,933.573,823.419,-1,-1,2,0,2,0,2,0,0,0,0,2,2,2,2,0,0,2,2
19,-5407.943,613.348,289.518,-115.710,-0.433801,0.900431,0.032262,-0.900950,-0.433902,-0.004175,0.010240,-0.030878,0.999471,0,0.20682,-1.00000,4.104,-0.201,-1,564.874,-1,534.864,-1,466.389,457.269,465.672,390.633,-1,-1,-1,-1,936.079,823.633,-1,-1,2,0,2,0,2,0,0,0,0,2,2,2,2,0,0,2,2
20,-5410.656,610.080,289.512,-115.919,-0.437076,0.898833,0.032627,-0.899364,-0.437179,-0.004287,0.010411,-0.031217,0.999458,0,0.20682,-1.00000,4.248,-0.208,-1,563.646,-1,534.063,-1,465.322,456.456,464.660,390.802,-1,-1,-1,-1,933.031,822.446,-1,-1,2,0,2,0,2,0,0,0,0,2,2,2,2,0,0,2,2
21,-5413.415,606.673,289.231,-116.136,-0.440475,0.897127,0.033844,-0.897708,-0.440558,-0.005371,0.010092,-0.032748,0.999413,0,0.20682,-1.00000,4.384,-0.217,-1,560.058,-1,532.351,-1,462.786,454.489,460.717,391.841,-1,-1,-1,-1,924.564,819.855,-1,-1,2,0,2,0,2,0,0,0,0,2,2,2,2,0,0,2,2
22,-5416.216,603.134,288.726,-116.360,-0.443989,0.895321,0.035705,-0.895984,-0.444027,-0.007291,0.009326,-0.035228,0.999336,0,0.20682,-1.00000,4.513,-0.224,-1,554.466,-1,529.827,-1,458.994,451.512,454.479,393.573,-1,-1,-1,-1,910.539,816.059,-1,-1,2,0,2,0,2,0,0,0,0,2,2,2,2,0,0,2,2
23,-5419.085,599.477,288.135,-116.594,-0.447646,0.893413,0.037759,-0.894169,-0.447634,-0.009230,0.008656,-0.037894,0.999244,0,0.20682,-1.00000,4.649,-0.234,-1,548.745,-1,527.378,-1,455.118,448.510,447.768,395.388,-1,-1,-1,-1,896.394,812.453,-1,-1,2,0,2,0,2,0,0,0,0,2,2,2,2,0,0,2,2
24,-5422.064,595.728,287.581,-116.837,-0.451434,0.891420,0.039726,-0.892264,-0.451390,-0.010581,0.008500,-0.040223,0.999155,0,0.20682,-1.00000,4.788,-0.243,-1,544.294,-1,525.732,-1,452.067,446.207,441.860,396.901,-1,-1,-1,-1,885.035,810.215,-1,-1,2,0,2,0,2,0,0,0,0,2,2,2,2,0,0,2,2
25,-5425.162,591.917,287.155,-117.089,-0.455353,0.889349,0.041376,-0.890266,-0.455304,-0.011148,0.008924,-0.041912,0.999081,0,0.20682,-1.00000,4.912,-0.252,-1,541.606,-1,525.053,-1,450.149,444.867,437.472,397.908,-1,-1,-1,-1,877.360,809.527,-1,-1,2,0,2,0,2,0,0,0,0,2,2,2,2,0,0,2,2
26,-5428.450,587.923,286.920,-117.359,-0.459535,0.887131,0.042742,-0.888102,-0.459522,-0.010709,0.010140,-0.042881,0.999029,0,0.44081,-0.89808,5.173,-0.270,-1,541.223,-1,525.806,-1,449.758,444.893,434.878,398.448,-1,-1,-1,-1,874.334,811.146,-1,-1,2,0,2,0,2,0,0,0,0,2,2,2,2,0,0,2,2
27,-5432.062,583.620,286.897,-117.657,-0.464146,0.884659,0.044120,-0.885676,-0.464208,-0.009450,0.012121,-0.043463,0.998982,0,0.44081,-0.89808,5.618,-0.299,-1,542.790,-1,528.141,-1,450.469,446.288,433.525,398.957,-1,-1,-1,-1,875.205,815.349,-1,-1,2,0,2,0,2,0,0,0,0,2,2,2,2,0,0,2,2
28,-5435.984,579.126,287.083,-117.976,-0.469055,0.882008,0.045271,-0.883060,-0.469186,-0.008346,0.013879,-0.043892,0.998940,0,0.44081,-0.89808,5.965,-0.319,-1,543.357,-1,530.380,-1,451.152,447.658,432.919,399.623,-1,-1,-1,-1,875.699,819.173,-1,-1,2,0,2,0,2,0,0,0,0,2,2,2,2,0,0,2,2
29,-5440.162,574.543,287.458,-118.308,-0.474160,0.879245,0.045832,-0.880315,-0.474323,-0.007957,0.014743,-0.044119,0.998918,0,0.44081,-0.89808,6.202,-0.332,-1,542.688,-1,531.200,-1,450.887,447.986,433.107,400.289,-1,-1,-1,-1,873.149,820.269,-1,-1,2,0,2,0,2,0,0,0,0,2,2,2,2,0,0,2,2
30,-5444.575,569.787,287.928,-118.648,-0.479370,0.876409,0.045950,-0.877484,-0.479540,-0.007971,0.015049,-0.044142,0.998912,0,0.44081,-0.89808,6.488,-0.340,-1,541.203,-1,530.994,-1,449.965,447.577,433.995,400.817,-1,-1,-1,-1,868.669,819.412,-1,-1,2,0,2,0,2,0,0,0,0,2,2,2,2,0,0,2,2
31,-5449.208,564.791,288.382,-118.995,-0.484682,0.873483,0.045945,-0.874559,-0.484849,-0.008180,0.015132,-0.044146,0.998910,0,0.44081,-0.89808,6.814,-0.347,-1,539.159,-1,530.119,-1,448.611,446.728,434.841,401.265,-1,-1,-1,-1,863.464,817.724,-1,-1,2,0,2,0,2,0,0,0,0,2,2,2,2,0,0,2,2
32,-5454.043,559.456,288.749,-119.349,-0.490068,0.870467,0.046043,-0.871548,-0.490240,-0.008255,0.015386,-0.044174,0.998905,0,0.44081,-0.89808,7.200,-0.354,-1,537.096,-1,529.125,-1,447.231,445.884,435.430,401.606,-1,-1,-1,-1,858.393,816.526,-1,-1,2,0,2,0,2,0,0,0,0,2,2,2,2,0,0,2,2
33,-5459.126,553.852,289.008,-119.717,-0.495653,0.867263,0.046719,-0.868376,-0.495835,-0.008421,0.015862,-0.044743,0.998873,0,0.44081,-0.89808,7.566,-0.368,-1,534.729,-1,528.491,-1,445.762,445.141,434.897,402.418,-1,-1,-1,-1,852.814,816.228,-1,-1,2,0,2,0,2,0,0,0,0,2,2,2,2,0,0,2,2
34,-5464.427,547.988,289.179,-120.095,-0.501358,0.863903,0.048069,-0.865080,-0.501560,-0.008654,0.016633,-0.045922,0.998807,0,0.44081,-0.89808,7.905,-0.378,-1,532.223,-1,528.452,-1,444.473,444.672,433.190,403.850,-1,745.569,-1,-1,846.272,817.253,-1,-1,2,0,2,0,2,0,0,0,0,2,0,2,2,0,0,2,2
35,-5469.964,541.890,289.267,-120.487,-0.507260,0.860355,0.049759,-0.861615,-0.507483,-0.008987,0.017520,-0.047432,0.998721,0,0.44081,-0.89808,8.237,-0.392,-1,529.410,-1,528.527,-1,443.087,444.172,430.768,405.532,-1,733.980,-1,-1,838.831,818.397,-1,-1,2,0,2,0,2,0,0,0,0,2,0,2,2,0,0,2,2
36,-5475.736,535.642,289.305,-120.894,-0.513368,0.856646,0.051099,-0.857978,-0.513597,-0.009548,0.018065,-0.048744,0.998648,0,0.44081,-0.89808,8.506,-0.407,-1,525.846,-1,527.654,-1,441.078,442.958,428.510,406.800,-1,727.851,-1,-1,829.899,817.337,-1,-1,2,0,2,0,2,0,0,0,0,2,0,2,2,0,0,2,2
37,-5481.787,529.429,289.358,-121.323,-0.519773,0.852723,0.051962,-0.854115,-0.519977,-0.010571,0.018006,-0.049876,0.998593,0,0.44081,-0.89808,8.672,-0.429,-1,521.373,-1,525.513,-1,438.224,440.796,426.438,407.715,-1,731.980,-1,-1,818.714,813.886,-1,-1,2,0,2,0,2,0,0,0,0,2,0,2,2,0,0,2,2
38,-5488.057,523.084,289.397,-121.757,-0.526231,0.848721,0.052472,-0.850150,-0.526421,-0.011249,0.018075,-0.050528,0.998559,0,0.44081,-0.89808,8.920,-0.434,-1,517.487,-1,523.237,-1,435.533,438.724,425.076,407.971,-1,734.621,-1,-1,808.580,810.186,-1,-1,2,0,2,0,2,0,0,0,0,2,0,2,2,0,0,2,2
39,-5494.505,516.476,289.454,-122.185,-0.532568,0.844731,0.052933,-0.846179,-0.532782,-0.011158,0.018776,-0.050733,0.998536,0,0.44081,-0.89808,9.233,-0.429,-1,514.488,-1,521.846,-1,433.744,437.385,424.503,407.778,-1,728.402,-1,-1,801.776,808.126,-1,-1,2,0,2,0,2,0,0,0,0,2,0,2,2,0,0,2,2
40,-5501.192,509.675,289.563,-122.625,-0.539037,0.840566,0.053735,-0.842049,-0.539292,-0.010895,0.019821,-0.051120,0.998496,0,0.44081,-0.89808,9.539,-0.440,-1,511.713,-1,521.279,-1,432.119,436.604,423.802,407.937,-1,717.718,-1,-1,795.908,807.535,-1,-1,2,0,2,0,2,0,0,0,0,2,0,2,2,0,0,2,2
41,-5508.105,502.698,289.750,-123.075,-0.545617,0.836237,0.054869,-0.837774,-0.545910,-0.010813,0.020911,-0.051868,0.998435,0,0.44081,-0.89808,9.822,-0.450,-1,508.880,-1,521.132,-1,430.557,435.857,422.735,408.835,-1,710.114,-1,-1,789.823,807.661,-1,-1,2,0,2,0,2,0,0,0,0,2,0,2,2,0,0,2,2
42,-5515.232,495.550,290.008,-123.532,-0.552265,0.831773,0.056191,-0.833380,-0.552591,-0.010980,0.021918,-0.052893,0.998360,0,0.44081,-0.89808,10.094,-0.457,-1,505.811,-1,521.090,-1,428.900,434.939,421.520,410.361,-1,712.324,-1,-1,783.188,808.304,-1,-1,2,0,2,0,2,0,0,0,0,2,0,2,2,0,0,2,2
43,-5522.584,488.274,290.325,-123.998,-0.559022,0.827148,0.057631,-0.828841,-0.559367,-0.011470,0.022749,-0.054179,0.998272,0,0.44081,-0.89808,10.344,-0.467,-1,502.335,-1,520.805,-1,427.008,433.877,420.218,412.335,-1,716.479,-1,-1,775.203,809.482,-1,-1,2,0,2,0,2,0,0,0,0,2,0,2,2,0,0,2,2
44,-5530.157,480.916,290.701,-124.472,-0.565846,0.822398,0.058993,-0.824178,-0.566202,-0.012107,0.023445,-0.055472,0.998185,0,0.44081,-0.89808,10.558,-0.474,-1,498.682,-1,519.820,-1,424.987,432.703,419.052,414.415,-1,722.364,934.117,-1,766.683,810.314,-1,-1,2,0,2,0,2,0,0,0,0,2,0,0,2,0,0,2,2
45,-5539.515,471.893,291.210,-125.046,-0.574056,0.816588,0.060360,-0.818452,-0.574438,-0.012559,0.024418,-0.056611,0.998098,0,0.44081,-0.89808,13.000,-0.574,-1,494.777,-1,518.690,-1,422.828,431.446,418.418,416.490,-1,729.266,871.324,-1,757.516,810.204,-1,-1,2,0,2,0,2,0,0,0,0,2,0,0,2,0,0,2,2
46,-5545.974,465.882,291.582,-125.450,-0.579808,0.812440,0.061344,-0.814368,-0.580204,-0.012984,0.025043,-0.057484,0.998032,0,0.44081,-0.89808,8.823,-0.404,-1,492.039,-1,517.959,-1,421.336,430.625,417.916,418.032,-1,734.378,855.129,-1,751.523,810.070,-1,-1,2,0,2,0,2,0,0,0,0,2,0,0,2,0,0,2,2
47,-5554.281,458.458,292.054,-125.983,-0.587352,0.806936,0.062224,-0.808929,-0.587746,-0.013705,0.025513,-0.058384,0.997968,0,0.44081,-0.89808,11.141,-0.533,-1,488.068,-1,516.329,-1,419.036,429.161,417.571,419.586,-1,743.578,850.098,-1,743.047,808.437,-1,-1,2,0,2,0,2,0,0,0,0,2,0,0,2,0,0,2,2
48,-5562.817,451.434,292.572,-126.561,-0.595495,0.800939,0.062315,-0.802974,-0.595818,-0.015299,0.024875,-0.059148,0.997939,0,0.44081,-0.89808,11.055,-0.578,-1,482.380,-1,512.726,-1,415.566,426.293,416.986,420.761,-1,762.361,865.833,-1,731.195,802.594,-1,-1,2,0,2,0,2,0,0,0,0,2,0,0,2,0,0,2,2
49,-5571.521,444.526,293.177,-127.136,-0.603520,0.794880,0.062688,-0.796965,-0.603799,-0.016538,0.024705,-0.059941,0.997896,0,0.44081,-0.89808,11.113,-0.575,-1,477.657,-1,510.171,-1,412.863,423.932,416.618,422.161,-1,778.099,880.382,-1,721.208,798.915,-1,-1,2,0,2,0,2,0,0,0,0,2,0,0,2,0,0,2,2
50,-5580.308,437.399,293.788,-127.677,-0.611012,0.789098,0.063162,-0.791203,-0.611335,-0.016329,0.025728,-0.059951,0.997870,0,0.44081,-0.89808,11.314,-0.542,-1,475.181,-1,509.309,-1,411.594,423.093,417.489,422.688,-1,784.434,876.378,-1,715.841,798.799,-1,-1,2,0,2,0,2,0,0,0,0,2,0,0,2,0,0,2,2
51,-5589.205,430.255,294.396,-128.196,-0.618117,0.783485,0.063901,-0.785612,-0.618523,-0.015596,0.027305,-0.059841,0.997834,0,0.34729,-0.60432,11.410,-0.518,-1,473.637,-1,509.275,-1,411.061,422.956,418.590,423.107,-1,786.699,864.437,-1,712.008,801.709,-1,-1,2,0,2,0,2,0,0,0,0,2,0,0,2,0,0,2,2
52,-5598.143,423.227,294.996,-128.696,-0.624934,0.777996,0.064648,-0.780145,-0.625421,-0.014926,0.028820,-0.059763,0.997796,0,0.34729,-0.60432,11.370,-0.501,-1,472.041,-1,509.129,-1,410.474,422.762,419.798,423.535,-1,789.271,856.471,-1,708.610,804.329,-1,-1,2,0,2,0,2,0,0,0,0,2,0,0,2,0,0,2,2
53,-5607.122,416.237,295.552,-129.186,-0.631546,0.772591,0.065222,-0.774741,-0.632125,-0.013963,0.030441,-0.059348,0.997773,0,0.34729,-0.60432,11.379,-0.489,-1,470.715,-1,508.787,-1,410.012,422.592,421.427,423.419,-1,790.803,847.283,-1,705.837,805.909,-1,-1,2,0,2,0,2,0,0,0,0,2,0,0,2,0,0,2,2
54,-5616.218,409.271,296.030,-129.664,-0.637945,0.767217,0.066372,-0.769389,-0.638655,-0.012667,0.032670,-0.059147,0.997715,0,0.34729,-0.60432,11.458,-0.478,-1,470.069,-1,509.303,-1,410.089,423.093,422.648,423.361,-1,786.705,831.567,-1,704.469,810.007,-1,-1,2,0,2,0,2,0,0,0,0,2,0,0,2,0,0,2,2
55,-5625.391,402.496,296.461,-130.174,-0.644717,0.761399,0.067908,-0.763632,-0.645541,-0.011960,0.034731,-0.059567,0.997620,0,0.34729,-0.60432,11.403,-0.510,-1,468.751,-1,509.750,-1,409.677,423.434,422.886,423.888,-1,785.210,825.374,-1,701.756,814.133,-1,-1,2,0,2,0,2,0,0,0,0,2,0,0,2,0,0,2,2
56,-5634.529,395.560,296.863,-130.658,-0.651100,0.755841,0.069084,-0.758092,-0.652060,-0.010715,0.036948,-0.059348,0.997553,0,0.34729,-0.60432,11.473,-0.485,-1,467.485,-1,510.096,-1,409.485,423.815,423.974,423.629,-1,782.804,818.868,-1,700.152,818.050,-1,-1,2,0,2,0,2,0,0,0,0,2,0,0,2,0,0,2,2
57,-5643.739,388.637,297.317,-131.148,-0.657512,0.750158,0.070297,-0.752435,-0.658594,-0.009762,0.038974,-0.059312,0.997478,0,0.34729,-0.60432,11.521,-0.490,-1,466.072,-1,510.322,-1,409.111,423.895,424.869,423.694,-1,782.162,815.243,-1,698.012,821.680,-1,-1,2,0,2,0,2,0,0,0,0,2,0,0,2,0,0,2,2
58,-5652.991,381.756,297.875,-131.647,-0.663995,0.744323,0.071368,-0.746638,-0.665166,-0.009327,0.040530,-0.059479,0.997406,0,0.34729,-0.60432,11.530,-0.499,-1,464.314,-1,510.064,-1,408.076,423.451,425.280,424.184,-1,785.489,815.951,-1,695.186,825.893,-1,-1,2,0,2,0,2,0,0,0,0,2,0,0,2,0,0,2,2
59,-5662.217,374.992,298.589,-132.143,-0.670418,0.738530,0.071514,-0.740838,-0.671620,-0.009228,0.041215,-0.059167,0.997397,0,0.34729,-0.60432,11.440,-0.496,-1,461.854,-1,508.392,-1,406.498,422.141,426.650,424.290,-1,796.109,823.654,-1,690.884,825.142,-1,-1,2,0,2,0,2,0,0,0,0,2,0,0,2,0,0,2,2
60,-5671.534,368.312,299.401,-132.642,-0.676822,0.732662,0.071550,-0.734959,-0.678050,-0.009152,0.041810,-0.058780,0.997395,0,0.34729,-0.60432,11.464,-0.499,-1,459.507,-1,506.739,-1,405.007,420.832,428.353,424.544,-1,808.040,832.595,-1,686.892,823.584,-1,-1,2,0,2,0,2,0,0,0,0,2,0,0,2,0,0,2,2
61,-5680.970,361.666,300.239,-133.145,-0.683208,0.726616,0.072504,-0.728950,-0.684508,-0.008957,0.043121,-0.058972,0.997328,0,0.34729,-0.60432,11.542,-0.503,-1,458.009,-1,506.475,-1,404.384,420.454,429.429,425.697,-1,815.274,836.765,-1,684.549,826.250,-1,-1,2,0,2,0,2,0,0,0,0,2,0,0,2,0,0,2,2
62,-5690.534,355.138,301.088,-133.645,-0.689479,0.720478,0.074374,-0.722895,-0.690904,-0.008604,0.045186,-0.059696,0.997193,0,0.34729,-0.60432,11.579,-0.500,-1,457.439,-1,507.929,-1,404.679,421.169,429.925,427.599,-1,816.978,835.820,-1,684.017,833.292,-1,-1,2,0,2,0,2,0,0,0,0,2,0,0,2,0,0,2,2
63,-5700.101,349.019,301.884,-134.171,-0.696046,0.713957,0.076053,-0.716476,-0.697555,-0.008881,0.046711,-0.060672,0.997064,0,0.19765,-0.76350,11.356,-0.527,-1,455.908,-1,508.595,-1,404.282,421.220,429.957,429.559,-1,821.979,838.277,-1,681.560,838.100,-1,-1,2,0,2,0,2,0,0,0,0,2,0,0,2,0,0,2,2
64,-5709.458,343.050,302.597,-134.688,-0.702443,0.707622,0.076456,-0.710141,-0.704006,-0.008680,0.047684,-0.060392,0.997035,0,0.19765,-0.76350,11.099,-0.516,-1,454.010,-1,507.489,-1,403.305,420.312,431.519,429.661,-1,830.766,843.730,-1,678.800,838.280,-1,-1,2,0,2,0,2,0,0,0,0,2,0,0,2,0,0,2,2
65,-5718.739,337.481,303.263,-135.227,-0.709068,0.700982,0.076465,-0.703484,-0.710659,-0.008607,0.048307,-0.059894,0.997035,0,0.19765,-0.76350,10.824,-0.539,-1,451.714,-1,505.589,-1,401.963,418.947,433.294,429.251,-1,841.759,851.153,-1,678.203,838.563,-1,-1,2,0,2,0,2,0,0,0,0,2,0,0,2,0,0,2,2
66,-5727.988,332.478,303.899,-135.786,-0.715877,0.693982,0.076868,-0.696508,-0.717493,-0.008934,0.048952,-0.059935,0.997001,0,0.19765,-0.76350,10.515,-0.559,-1,449.436,-1,504.040,-1,400.764,417.875,434.332,429.348,-1,851.811,858.130,-1,677.110,838.411,-1,-1,2,0,2,0,2,0,0,0,0,2,0,0,2,0,0,2,2
67,-5737.124,327.959,304.500,-136.339,-0.722530,0.686962,0.077676,-0.689519,-0.724213,-0.008902,0.050138,-0.059991,0.996939,0,0.19765,-0.76350,10.193,-0.554,-1,448.202,-1,503.520,-1,400.386,417.629,435.387,429.350,-1,857.036,861.817,-1,677.565,841.200,-1,-1,2,0,2,0,2,0,0,0,0,2,0,0,2,0,0,2,2
68,-5746.074,323.787,305.091,-136.877,-0.728896,0.680092,0.078650,-0.682646,-0.730705,-0.008024,0.052013,-0.059538,0.996870,0,0.19765,-0.76350,9.875,-0.537,-1,448.378,-1,504.084,-1,400.897,418.337,437.231,428.690,-1,856.920,860.537,-1,681.072,847.303,-1,-1,2,0,2,0,2,0,0,0,0,2,0,0,2,0,0,2,2
69,-5754.757,319.840,305.732,-137.363,-0.734556,0.673825,0.079919,-0.676347,-0.736556,-0.006313,0.054611,-0.058690,0.996781,0,0.19765,-0.76350,9.537,-0.486,-1,450.116,-1,505.846,-1,402.551,419.964,439.815,427.718,-1,851.407,854.185,-1,687.937,857.290,-1,-1,2,0,2,0,2,0,0,0,0,2,0,0,2,0,0,2,2
70,-5763.150,316.011,306.428,-137.802,-0.739597,0.668115,0.081348,-0.670581,-0.741825,-0.004127,0.057589,-0.057603,0.996677,0,0.19765,-0.76350,9.226,-0.439,-1,452.832,-1,508.328,-1,404.964,422.036,442.623,426.658,-1,843.295,845.431,-1,696.912,869.683,-1,-1,2,0,2,0,2,0,0,0,0,2,0,0,2,0,0,2,2
71,-5771.219,312.824,307.186,-138.241,-0.744622,0.662328,0.082830,-0.664814,-0.747001,-0.003330,0.059669,-0.057546,0.996558,0,0.19765,-0.76350,8.675,-0.439,-1,454.424,-1,510.183,-1,406.450,423.399,443.842,426.925,-1,841.094,842.862,-1,704.852,884.300,-1,-1,2,0,2,0,2,0,0,0,0,2,0,0,2,0,0,2,2
72,-5778.844,309.889,307.920,-138.642,-0.749190,0.657056,0.083614,-0.659524,-0.751680,-0.002550,0.061176,-0.057056,0.996495,0,0.19765,-0.76350,8.170,-0.401,-1,455.899,-1,511.142,-1,407.390,424.073,445.661,426.590,-1,842.657,843.337,-1,712.204,896.880,-1,-1,2,0,2,0,2,0,0,0,0,2,0,0,2,0,0,2,2
73,-5786.030,306.792,308.601,-139.013,-0.753377,0.652250,0.083625,-0.654597,-0.755977,-0.000875,0.062648,-0.055400,0.996497,0,0.19765,-0.76350,7.825,-0.371,-1,457.829,-1,511.414,-1,408.420,424.537,449.073,424.796,-1,844.659,843.266,-1,720.731,906.086,-1,-1,2,0,2,0,2,0,0,0,0,2,0,0,2,0,0,2,2
74,-5792.914,303.719,309.274,-139.374,-0.757422,0.647525,0.083803,-0.649789,-0.760114,0.000337,0.063918,-0.054199,0.996482,0,0.19765,-0.76350,7.539,-0.361,-1,459.314,-1,511.686,-1,409.199,424.880,451.808,423.666,-1,847.634,844.427,-1,728.050,915.039,-1,-1,2,0,2,0,2,0,0,0,0,2,0,0,2,0,0,2,2
75,-5799.564,300.665,309.916,-139.714,-0.761203,0.642948,0.084786,-0.645218,-0.763998,0.000814,0.065300,-0.054086,0.996399,0,0.19765,-0.76350,7.319,-0.341,-1,460.468,-1,512.845,-1,410.260,425.568,452.895,423.982,-1,848.866,844.505,-1,734.130,927.895,-1,-1,2,0,2,0,2,0,0,0,0,2,0,0,2,0,0,2,2
76,-5806.029,297.688,310.489,-140.060,-0.765004,0.638197,0.086449,-0.640558,-0.767910,0.000564,0.066745,-0.054944,0.996256,0,0.19765,-0.76350,7.117,-0.345,-1,460.986,-1,514.619,-1,411.299,426.762,452.390,425.478,-1,848.759,843.611,-1,738.603,945.803,-1,-1,2,0,2,0,2,0,0,0,0,2,0,0,2,0,0,2,2
77,-5812.301,294.880,310.970,-140.423,-0.768990,0.633137,0.088271,-0.635635,-0.771990,-0.000246,0.067989,-0.056297,0.996096,0,0.19765,-0.76350,6.872,-0.364,-1,460.830,-1,516.175,-1,411.919,427.666,450.927,427.438,-1,849.135,843.616,-1,741.376,968.886,-1,-1,2,0,2,0,2,0,0,0,0,2,0,0,2,0,0,2,2
78,-5818.397,292.257,311.383,-140.805,-0.773151,0.627809,0.089960,-0.630444,-0.776234,-0.001125,0.069124,-0.057584,0.995945,0,0.19765,-0.76350,6.636,-0.382,-1,460.483,-1,517.404,-1,412.180,428.365,449.419,429.174,-1,849.529,843.872,-1,744.229,990.460,-1,-1,2,0,2,0,2,0,0,0,0,2,0,0,2,0,0,2,2
79,-5824.348,289.654,311.781,-141.166,-0.777035,0.622813,0.091213,-0.625511,-0.780214,-0.001276,0.070371,-0.058046,0.995831,0,0.19765,-0.76350,6.495,-0.361,-1,460.742,-1,518.128,-1,412.486,429.114,449.129,429.840,-1,849.203,842.961,-1,749.775,-1,-1,-1,2,0,2,0,2,0,0,0,0,2,0,0,2,0,2,2,2
80,-5830.187,287.063,312.213,-141.502,-0.780617,0.618189,0.092088,-0.620885,-0.783901,-0.000809,0.071688,-0.057807,0.995751,0,0.19765,-0.76350,6.388,-0.336,-1,461.583,-1,518.741,-1,413.103,429.692,449.981,429.687,-1,848.694,841.495,-1,756.855,-1,-1,-1,2,0,2,0,2,0,0,0,0,2,0,0,2,0,2,2,2
81,-5835.943,284.405,312.709,-141.805,-0.783810,0.614026,0.092812,-0.616676,-0.787217,0.000166,0.073165,-0.057105,0.995684,0,0.19765,-0.76350,6.341,-0.303,-1,463.075,-1,519.619,-1,414.157,430.469,451.692,429.116,-1,847.396,839.139,-1,765.656,-1,-1,-1,2,0,2,0,2,0,0,0,0,2,0,0,2,0,2,2,2
82,-5841.629,281.719,313.283,-142.087,-0.786739,0.610136,0.093680,-0.612750,-0.790276,0.001082,0.074693,-0.056551,0.995602,0,0.19765,-0.76350,6.288,-0.281,-1,465.367,-1,520.938,-1,415.444,431.533,452.734,428.911,-1,845.974,836.893,-1,774.916,-1,-1,-1,2,0,2,0,2,0,0,0,0,2,0,0,2,0,2,2,2
83,-5847.237,279.054,313.923,-142.361,-0.789586,0.606309,0.094567,-0.608915,-0.793234,0.001628,0.076001,-0.056297,0.995517,0,0.19765,-0.76350,6.209,-0.274,-1,467.401,-1,522.225,-1,416.547,432.497,452.800,429.227,-1,846.268,836.776,-1,783.117,-1,-1,-1,2,0,2,0,2,0,0,0,0,2,0,0,2,0,2,2,2
84,-5852.731,276.519,314.639,-142.633,-0.792402,0.602494,0.095395,-0.605107,-0.796142,0.001916,0.077103,-0.056206,0.995438,0,0.19765,-0.76350,6.051,-0.272,-1,469.256,-1,523.631,-1,417.558,433.405,452.816,429.890,-1,848.245,838.501,-1,790.812,-1,-1,-1,2,0,2,0,2,0,0,0,0,2,0,0,2,0,2,2,2
85,-5858.278,274.036,315.413,-142.924,-0.795370,0.598384,0.096556,-0.601011,-0.799238,0.002336,0.078569,-0.056173,0.995325,0,0.51573,-1.00000,6.077,-0.291,-1,471.863,-1,526.051,-1,419.193,434.959,452.866,430.757,-1,848.178,838.351,-1,801.777,-1,-1,-1,2,0,2,0,2,0,0,0,0,2,0,0,2,0,2,2,2
86,-5864.145,271.573,316.207,-143.263,-0.798781,0.593514,0.098435,-0.596202,-0.802831,0.002610,0.080576,-0.056602,0.995140,0,0.51573,-1.00000,6.363,-0.339,-1,475.193,-1,529.772,-1,421.499,437.314,452.087,432.249,-1,844.854,835.451,-1,815.830,-1,-1,-1,2,0,2,0,2,0,0,0,0,2,0,0,2,0,2,2,2
87,-5870.294,269.021,316.961,-143.627,-0.802420,0.588271,0.100293,-0.591011,-0.806658,0.002934,0.082628,-0.056920,0.994954,0,0.51573,-1.00000,6.658,-0.364,-1,478.535,-1,533.330,-1,424.106,439.558,451.272,433.481,-1,841.469,832.389,-1,830.624,-1,-1,-1,2,0,2,0,2,0,0,0,0,2,0,0,2,0,2,2,2
88,-5876.720,266.389,317.690,-143.998,-0.806104,0.582945,0.101839,-0.585702,-0.810519,0.003447,0.084552,-0.056869,0.994795,0,0.51573,-1.00000,6.944,-0.371,-1,481.649,-1,536.255,-1,426.663,441.563,450.846,434.125,-1,839.218,830.132,-1,845.196,-1,-1,-1,2,0,2,0,2,0,0,0,0,2,0,0,2,0,2,2,2
89,-5883.345,264.004,318.412,-144.401,-0.810110,0.577173,0.102922,-0.579968,-0.814633,0.003368,0.085788,-0.056963,0.994684,0,0.51573,-1.00000,7.042,-0.402,-1,483.055,-1,537.746,-1,428.204,442.860,450.008,434.767,-1,841.640,831.592,-1,855.421,-1,-1,-1,2,0,2,0,2,0,0,0,0,2,0,0,2,0,2,2,2
90,-5890.046,261.784,319.107,-144.808,-0.814163,0.571381,0.103263,-0.574156,-0.818739,0.003441,0.086512,-0.056488,0.994648,0,0.51573,-1.00000,7.059,-0.407,-1,483.838,-1,537.438,-1,428.835,443.245,449.972,434.497,-1,847.533,835.890,-1,863.582,-1,-1,-1,2,0,2,0,2,0,0,0,0,2,0,0,2,0,2,2,2
91,-5896.887,259.449,319.740,-145.205,-0.818065,0.565791,0.103202,-0.568466,-0.822696,0.004184,0.087271,-0.055244,0.994652,0,0.51573,-1.00000,7.229,-0.397,-1,484.912,-1,536.526,-1,429.070,443.385,450.998,433.098,-1,853.138,839.428,-1,873.276,-1,-1,-1,2,0,2,0,2,0,0,0,0,2,0,0,2,0,2,2,2
92,-5903.947,256.786,320.316,-145.569,-0.821583,0.560658,0.103269,-0.563202,-0.826302,0.005379,0.088347,-0.053742,0.994639,0,0.51573,-1.00000,7.545,-0.364,-1,486.802,-1,535.910,-1,429.611,443.395,452.326,431.324,-1,855.622,840.539,-1,886.004,-1,-1,-1,2,0,2,0,2,0,0,0,0,2,0,0,2,0,2,2,2
93,-5911.259,253.960,320.924,-145.947,-0.825187,0.555213,0.103948,-0.557716,-0.830011,0.005891,0.089549,-0.053112,0.994565,0,0.51573,-1.00000,7.839,-0.378,-1,488.886,-1,536.074,-1,430.184,443.585,452.249,430.764,-1,857.199,841.498,-1,898.326,-1,-1,-1,2,0,2,0,2,0,0,0,0,2,0,0,2,0,2,2,2
94,-5918.826,251.087,321.599,-146.348,-0.828978,0.549284,0.105273,-0.551858,-0.833920,0.005520,0.090822,-0.053520,0.994428,0,0.51573,-1.00000,8.094,-0.401,-1,490.653,-1,537.102,-1,430.773,444.103,448.989,431.666,-1,858.352,842.910,-1,909.407,-1,-1,-1,2,0,2,0,2,0,0,0,0,2,0,0,2,0,2,2,2
95,-5926.632,248.223,322.332,-146.774,-0.832967,0.542925,0.106763,-0.545625,-0.838017,0.004613,0.091974,-0.054411,0.994274,0,0.51573,-1.00000,8.315,-0.426,-1,492.048,-1,538.238,-1,431.171,444.560,444.412,433.264,-1,860.802,845.783,-1,919.049,-1,-1,-1,2,0,2,0,2,0,0,0,0,2,0,0,2,0,2,2,2
96,-5934.612,245.583,323.138,-147.250,-0.837404,0.535797,0.108051,-0.538644,-0.842527,0.003344,0.092827,-0.055401,0.994140,0,0.51573,-1.00000,8.406,-0.476,-1,493.071,-1,539.503,-1,431.245,444.683,439.843,435.041,-1,866.425,851.276,-1,926.436,-1,-1,-1,2,0,2,0,2,0,0,0,0,2,0,0,2,0,2,2,2
97,-5942.610,243.378,324.048,-147.764,-0.842158,0.528141,0.108795,-0.531080,-0.847319,0.002302,0.093400,-0.055840,0.994062,0,0.51573,-1.00000,8.296,-0.514,-1,494.252,-1,540.501,-1,431.478,444.541,436.659,436.182,-1,875.229,859.071,-1,934.201,-1,-1,-1,2,0,2,0,2,0,0,0,0,2,0,0,2,0,2,2,2
98,-5950.683,241.254,324.999,-148.279,-0.846821,0.520549,0.109189,-0.523433,-0.852063,0.002619,0.094400,-0.054935,0.994018,0,0.51573,-1.00000,8.348,-0.515,-1,496.206,-1,541.542,-1,433.160,444.927,435.758,435.639,-1,881.672,863.938,-1,951.517,-1,-1,-1,2,0,2,0,2,0,0,0,0,2,0,0,2,0,2,2,2
99,-5959.004,238.784,325.961,-148.743,-0.850872,0.513774,0.109789,-0.516464,-0.856297,0.004540,0.096344,-0.052839,0.993945,0,0.51573,-1.00000,8.680,-0.464,-1,500.654,-1,543.575,-1,436.098,446.628,436.919,433.663,-1,881.441,862.736,-1,980.165,-1,-1,-1,2,0,2,0,2,0,0,0,0,2,0,0,2,0,2,2,2
100,-5967.595,236.216,326.960,-149.203,-0.854810,0.506955,0.110887,-0.509499,-0.860449,0.006167,0.098539,-0.051225,0.993814,0,0.51573,-1.00000,8.966,-0.460,-1,505.608,-1,546.548,-1,438.931,449.384,437.345,432.397,-1,879.128,860.566,-1,-1,-1,-1,-1,2,0,2,0,2,0,0,0,0,2,0,0,2,2,2,2,2
101,-5976.344,233.895,328.008,-149.712,-0.859157,0.499260,0.112203,-0.501802,-0.864959,0.006354,0.100223,-0.050844,0.993665,0,0.51573,-1.00000,9.052,-0.509,-1,509.839,-1,549.306,-1,440.848,450.907,435.701,432.730,-1,880.829,862.801,-1,-1,-1,-1,-1,2,0,2,0,2,0,0,0,0,2,0,0,2,2,2,2,2
102,-5985.070,231.978,329.097,-150.273,-0.863939,0.490707,0.113209,-0.493322,-0.869829,0.005574,0.101208,-0.051033,0.993555,0,0.51573,-1.00000,8.934,-0.561,-1,512.520,-1,550.999,-1,441.700,451.503,432.489,433.772,-1,888.224,870.134,-1,-1,-1,-1,-1,2,0,2,0,2,0,0,0,0,2,0,0,2,2,2,2,2
103,-5993.798,230.180,330.182,-150.842,-0.868703,0.482059,0.113906,-0.484672,-0.874679,0.005362,0.102216,-0.050549,0.993477,0,0.51573,-1.00000,8.912,-0.569,-1,515.730,-1,552.285,-1,442.722,452.040,429.864,433.918,-1,895.786,875.738,-1,-1,-1,-1,-1,2,0,2,0,2,0,0,0,0,2,0,0,2,2,2,2,2
104,-6002.745,227.864,331.225,-151.320,-0.872536,0.474848,0.114893,-0.477304,-0.878711,0.006870,0.104220,-0.048844,0.993354,0,0.51573,-1.00000,9.242,-0.478,-1,521.581,-1,554.847,-1,445.406,453.889,429.435,432.517,-1,890.606,873.057,-1,-1,-1,-1,-1,2,0,2,0,2,0,0,0,0,2,0,0,2,2,2,2,2
105,-6011.947,225.234,332.245,-151.747,-0.875866,0.468336,0.116281,-0.470670,-0.882271,0.008215,0.106439,-0.047534,0.993182,0,0.51573,-1.00000,9.570,-0.427,-1,526.638,-1,558.356,-1,448.356,456.065,428.404,431.610,-1,882.734,868.703,-1,-1,-1,-1,-1,2,0,2,0,2,0,0,0,0,2,0,0,2,2,2,2,2
106,-6021.318,222.744,333.262,-152.211,-0.879495,0.461105,0.117774,-0.463482,-0.886070,0.007994,0.108042,-0.047556,0.993008,0,0.51573,-1.00000,9.696,-0.464,-1,529.333,-1,564.038,-1,450.627,457.397,424.970,432.336,-1,880.095,869.431,-1,-1,-1,-1,-1,2,0,2,0,2,0,0,0,0,2,0,0,2,2,2,2,2
107,-6030.638,220.679,334.317,-152.730,-0.883608,0.452952,0.118627,-0.455473,-0.890226,0.006486,0.108543,-0.048301,0.992918,0,0.51573,-1.00000,9.546,-0.519,-1,529.521,-1,567.384,-1,450.355,457.135,420.803,433.942,-1,887.704,878.677,-1,-1,-1,-1,-1,2,0,2,0,2,0,0,0,0,2,0,0,2,2,2,2,2
108,-6039.976,218.671,335.374,-153.263,-0.887782,0.444642,0.118898,-0.447227,-0.894404,0.005458,0.108769,-0.048329,0.992892,0,0.51573,-1.00000,9.552,-0.533,-1,530.537,-1,569.325,-1,449.750,456.056,417.788,434.601,-1,898.401,889.829,-1,-1,-1,-1,-1,2,0,2,0,2,0,0,0,0,2,0,0,2,2,2,2,2
109,-6049.521,216.289,336.467,-153.721,-0.891242,0.437555,0.119303,-0.440074,-0.897943,0.005759,0.109647,-0.047369,0.992841,0,0.51573,-1.00000,9.838,-0.458,-1,533.779,-1,572.382,-1,450.501,456.633,416.554,434.094,-1,903.493,895.851,-1,-1,-1,-1,-1,2,0,2,0,2,0,0,0,0,2,0,0,2,2,2,2,2
110,-6059.276,214.126,337.575,-154.231,-0.895023,0.429505,0.120246,-0.432081,-0.901820,0.005109,0.110635,-0.047384,0.992731,0,0.51573,-1.00000,9.992,-0.510,-1,536.641,-1,576.648,-1,451.293,457.694,413.053,434.850,-1,907.356,901.784,-1,-1,-1,-1,-1,2,0,2,0,2,0,0,0,0,2,0,0,2,2,2,2,2
111,-6069.194,212.188,338.694,-154.779,-0.899002,0.420787,0.121385,-0.423438,-0.905915,0.004325,0.111785,-0.047511,0.992596,0,0.51573,-1.00000,10.105,-0.549,-1,539.554,-1,581.605,-1,452.392,459.038,409.255,435.742,-1,909.925,906.870,-1,-1,-1,-1,-1,2,0,2,0,2,0,0,0,0,2,0,0,2,2,2,2,2
112,-6079.064,210.725,339.870,-155.379,-0.903287,0.411257,0.122233,-0.413956,-0.910290,0.003614,0.112754,-0.047334,0.992495,0,0.51573,-1.00000,9.978,-0.600,-1,541.329,-1,586.101,-1,453.428,460.157,405.969,436.280,-1,914.973,914.498,-1,-1,-1,-1,-1,2,0,2,0,2,0,0,0,0,2,0,0,2,2,2,2,2
113,-6088.884,209.578,341.073,-156.008,-0.907656,0.401335,0.122847,-0.403960,-0.914769,0.003843,0.113919,-0.046138,0.992418,0,0.54585,-0.99271,9.886,-0.629,-1,544.406,-1,590.897,-1,454.469,461.532,404.262,435.523,-1,919.101,921.016,-1,-1,-1,-1,-1,2,0,2,0,2,0,0,0,0,2,0,0,2,2,2,2,2
114,-6098.984,208.013,342.274,-156.548,-0.911180,0.392957,0.123839,-0.395288,-0.918536,0.006194,0.116185,-0.043308,0.992283,0,0.54585,-0.99271,10.221,-0.540,-1,552.523,-1,599.412,-1,458.638,464.507,405.251,432.685,-1,908.520,915.625,-1,-1,-1,-1,-1,2,0,2,0,2,0,0,0,0,2,0,0,2,2,2,2,2
115,-6109.331,206.355,343.527,-157.063,-0.914421,0.384874,0.125326,-0.386956,-0.922061,0.008269,0.118741,-0.040934,0.992081,0,0.54585,-0.99271,10.478,-0.516,-1,562.884,-1,609.732,-1,463.707,467.836,405.991,430.537,-1,893.963,905.128,-1,-1,-1,-1,-1,2,0,2,0,2,0,0,0,0,2,0,0,2,2,2,2,2
116,-6119.743,204.828,344.876,-157.590,-0.917687,0.376460,0.126997,-0.378430,-0.925584,0.009174,0.121001,-0.039640,0.991861,0,0.54585,-0.99271,10.524,-0.527,-1,572.062,-1,621.064,-1,468.325,471.077,405.544,429.945,-1,883.076,898.045,-1,-1,-1,-1,-1,2,0,2,0,2,0,0,0,0,2,0,0,2,2,2,2,2
117,-6130.333,202.978,346.237,-158.067,-0.920579,0.368835,0.128432,-0.370690,-0.928703,0.010036,0.122976,-0.038370,0.991668,0,0.54585,-0.99271,10.750,-0.477,-1,579.678,-1,631.643,-1,472.463,475.453,404.677,429.384,-1,875.444,893.349,-1,-1,-1,-1,-1,2,0,2,0,2,0,0,0,0,2,0,0,2,2,2,2,2
118,-6141.143,200.982,347.596,-158.534,-0.923417,0.361254,0.129602,-0.363109,-0.931694,0.009856,0.124309,-0.037959,0.991517,0,0.54585,-0.99271,10.993,-0.467,-1,584.291,-1,640.918,-1,475.218,479.937,402.380,429.861,-1,873.682,894.655,-1,-1,-1,-1,-1,2,0,2,0,2,0,0,0,0,2,0,0,2,2,2,2,2
119,-6152.155,199.107,348.932,-159.039,-0.926506,0.352925,0.130498,-0.354936,-0.934854,0.008295,0.124923,-0.038633,0.991414,0,0.54585,-0.99271,11.170,-0.505,-1,585.817,-1,649.035,-1,475.625,483.039,398.270,431.616,-1,878.006,902.648,-1,-1,-1,-1,-1,2,0,2,0,2,0,0,0,0,2,0,0,2,2,2,2,2
120,-6163.337,197.492,350.242,-159.598,-0.929902,0.343618,0.131184,-0.345866,-0.938265,0.005978,0.125140,-0.039813,0.991340,0,0.54585,-0.99271,11.298,-0.559,-1,588.534,-1,656.534,-1,474.881,485.265,393.204,433.925,-1,885.589,914.391,-1,-1,-1,-1,-1,2,0,2,0,2,0,0,0,0,2,0,0,2,2,2,2,2
121,-6174.543,196.245,351.573,-160.184,-0.933351,0.333896,0.131791,-0.336329,-0.941736,0.004014,0.125453,-0.040578,0.991269,0,0.54585,-0.99271,11.276,-0.586,-1,593.237,-1,664.347,-1,476.553,487.399,388.818,435.700,-1,892.641,925.360,-1,-1,-1,-1,-1,2,0,2,0,2,0,0,0,0,2,0,0,2,2,2,2,2
122,-6185.859,195.018,352.886,-160.744,-0.936492,0.324744,0.132374,-0.327148,-0.944966,0.003783,0.126317,-0.039763,0.991193,0,0.54585,-0.99271,11.382,-0.560,-1,600.949,-1,672.304,-1,480.598,490.339,386.902,435.354,-1,895.088,930.527,-1,-1,-1,-1,-1,2,0,2,0,2,0,0,0,0,2,0,0,2,2,2,2,2
123,-6197.427,193.682,354.204,-161.274,-0.939278,0.316187,0.133352,-0.318401,-0.947943,0.004948,0.127975,-0.037812,0.991056,0,0.54585,-0.99271,11.645,-0.530,-1,611.511,-1,682.063,-1,486.659,494.758,386.911,433.526,-1,889.673,928.051,-1,-1,-1,-1,-1,2,0,2,0,2,0,0,0,0,2,0,0,2,2,2,2,2
124,-6209.086,192.737,355.619,-161.869,-0.942292,0.306473,0.134761,-0.308555,-0.951190,0.005682,0.129925,-0.036228,0.990862,0,0.54585,-0.99271,11.697,-0.595,-1,623.135,-1,694.503,-1,493.205,501.187,386.439,432.392,-1,882.073,921.149,-1,-1,-1,-1,-1,2,0,2,0,2,0,0,0,0,2,0,0,2,2,2,2,2
125,-6220.882,191.858,357.085,-162.463,-0.945206,0.296754,0.136101,-0.298696,-0.954327,0.006401,0.131784,-0.034602,0.990674,0,0.54585,-0.99271,11.829,-0.594,-1,638.300,-1,706.858,-1,499.228,508.980,386.124,431.268,-1,875.991,914.084,-1,-1,-1,-1,-1,2,0,2,0,2,0,0,0,0,2,0,0,2,2,2,2,2
126,-6232.965,190.598,358.611,-162.962,-0.947509,0.288629,0.137549,-0.290374,-0.956883,0.007647,0.133826,-0.032695,0.990465,0,0.54585,-0.99271,12.148,-0.499,-1,656.657,-1,719.867,-1,506.009,517.213,386.484,429.811,-1,869.192,905.860,-1,-1,-1,-1,-1,2,0,2,0,2,0,0,0,0,2,0,0,2,2,2,2,2
127,-6245.202,189.432,360.184,-163.482,-0.949949,0.280027,0.138494,-0.281721,-0.959466,0.007622,0.135015,-0.031777,0.990334,0,0.54585,-0.99271,12.292,-0.520,-1,669.629,-1,730.890,-1,513.200,523.740,385.502,429.651,-1,869.976,906.346,-1,-1,-1,-1,-1,2,0,2,0,2,0,0,0,0,2,0,0,2,2,2,2,2
128,-6257.482,188.597,361.800,-164.048,-0.952652,0.270518,0.138828,-0.272301,-0.962191,0.006352,0.135298,-0.031752,0.990296,0,0.54585,-0.99271,12.309,-0.567,-1,677.473,-1,740.247,-1,518.459,528.323,383.310,430.670,-1,878.637,915.764,-1,-1,-1,-1,-1,2,0,2,0,2,0,0,0,0,2,0,0,2,2,2,2,2
129,-6269.767,188.090,363.403,-164.666,-0.955532,0.260122,0.138904,-0.262017,-0.965051,0.004793,0.135296,-0.031815,0.990294,0,0.54585,-0.99271,12.296,-0.618,-1,684.833,-1,748.635,-1,522.238,532.144,380.968,431.771,-1,889.322,927.722,-1,-1,-1,-1,-1,2,0,2,0,2,0,0,0,0,2,0,0,2,2,2,2,2
130,-6282.217,187.505,364.965,-165.248,-0.958108,0.250451,0.138937,-0.252279,-0.967644,0.004585,0.135590,-0.030658,0.990291,0,0.45920,-0.80611,12.463,-0.583,-1,696.147,-1,755.823,-1,526.819,536.553,381.113,431.152,-1,897.770,936.135,-1,-1,-1,-1,-1,2,0,2,0,2,0,0,0,0,2,0,0,2,2,2,2,2
131,-6294.686,187.144,366.541,-165.833,-0.960565,0.240752,0.139117,-0.242469,-0.970148,0.004731,0.136103,-0.029187,0.990265,0,0.45920,-0.80611,12.474,-0.585,-1,708.112,-1,763.668,-1,532.086,541.891,381.977,430.124,-1,904.515,942.393,-1,-1,-1,-1,-1,2,0,2,0,2,0,0,0,0,2,0,0,2,2,2,2,2
132,-6307.125,187.021,368.131,-166.420,-0.962834,0.230975,0.140007,-0.232578,-0.972565,0.005030,0.137327,-0.027720,0.990138,0,0.45920,-0.80611,12.440,-0.587,-1,722.862,-1,775.870,-1,539.468,549.319,383.010,429.157,-1,905.171,942.120,-1,-1,-1,-1,-1,2,0,2,0,2,0,0,0,0,2,0,0,2,2,2,2,2
133,-6319.749,186.649,369.647,-166.941,-0.964637,0.222356,0.141541,-0.223755,-0.974626,0.006156,0.139318,-0.025732,0.989913,0,0.45920,-0.80611,12.630,-0.521,-1,742.969,-1,790.576,-1,549.663,558.497,384.702,427.347,-1,899.120,934.029,-1,-1,-1,-1,-1,2,0,2,0,2,0,0,0,0,2,0,0,2,2,2,2,2
134,-6332.490,186.332,371.107,-167.471,-0.966393,0.213440,0.143279,-0.214758,-0.976646,0.006380,0.141295,-0.024604,0.989662,0,0.45920,-0.80611,12.745,-0.530,-1,762.905,-1,806.551,-1,559.075,567.787,385.199,426.513,-1,893.068,925.793,-1,-1,-1,-1,-1,2,0,2,0,2,0,0,0,0,2,0,0,2,2,2,2,2
135,-6345.288,185.995,372.602,-167.974,-0.967991,0.204923,0.144910,-0.206218,-0.978486,0.006191,0.143061,-0.023891,0.989425,0,0.45920,-0.80611,12.802,-0.503,-1,780.135,-1,822.251,-1,568.045,577.149,385.289,426.217,-1,888.984,920.190,-1,-1,-1,-1,-1,2,0,2,0,2,0,0,0,0,2,0,0,2,2,2,2,2
136,-6358.003,185.800,374.173,-168.495,-0.969733,0.196032,0.145564,-0.197385,-0.980312,0.005234,0.143725,-0.023657,0.989335,0,0.45920,-0.80611,12.716,-0.521,-1,790.918,-1,833.653,-1,574.163,583.657,385.352,426.639,-1,894.041,924.734,-1,-1,-1,-1,-1,2,0,2,0,2,0,0,0,0,2,0,0,2,2,2,2,2
137,-6370.796,185.492,375.784,-168.981,-0.971327,0.187748,0.145861,-0.189149,-0.981939,0.004332,0.144040,-0.023382,0.989296,0,0.45920,-0.80611,12.797,-0.486,-1,801.285,-1,843.320,-1,579.627,589.286,385.894,427.012,-1,902.209,932.507,-1,-1,-1,-1,-1,2,0,2,0,2,0,0,0,0,2,0,0,2,2,2,2,2
138,-6383.657,185.416,377.412,-169.501,-0.972975,0.178802,0.146116,-0.180308,-0.983606,0.002977,0.144253,-0.023450,0.989263,0,0.45920,-0.80611,12.861,-0.521,-1,810.855,-1,853.831,-1,584.815,594.803,385.981,427.863,-1,911.040,941.289,-1,-1,-1,-1,-1,2,0,2,0,2,0,0,0,0,2,0,0,2,2,2,2,2
139,-6396.428,185.829,379.106,-170.095,-0.974768,0.168582,0.146312,-0.170206,-0.985407,0.001440,0.144419,-0.023500,0.989237,0,0.45920,-0.80611,12.778,-0.594,-1,818.370,-1,865.105,-1,590.064,600.661,386.226,428.889,-1,920.567,950.795,-1,-1,-1,-1,-1,2,0,2,0,2,0,0,0,0,2,0,0,2,2,2,2,2
140,-6409.224,186.323,380.848,-170.674,-0.976423,0.158790,0.146233,-0.160357,-0.987058,0.001086,0.144513,-0.022389,0.989250,0,0.45920,-0.80611,12.806,-0.578,-1,827.779,-1,869.671,-1,595.555,606.339,388.174,428.438,-1,931.623,960.865,-1,-1,-1,-1,-1,2,0,2,0,2,0,0,0,0,2,0,0,2,2,2,2,2
141,-6422.095,186.874,382.652,-171.226,-0.977919,0.149485,0.146045,-0.150933,-0.988543,0.001179,0.144548,-0.020890,0.989277,0,0.45920,-0.80611,12.882,-0.553,-1,838.228,-1,872.872,-1,601.148,611.935,390.842,427.524,-1,943.808,971.763,-1,-1,-1,-1,-1,2,0,2,0,2,0,0,0,0,2,0,0,2,2,2,2,2
142,-6435.086,187.443,384.484,-171.740,-0.979109,0.140811,0.146691,-0.142133,-0.989846,0.001483,0.145410,-0.019398,0.989181,0,0.45920,-0.80611,13.004,-0.514,-1,854.169,-1,878.794,-1,609.114,619.828,393.814,426.658,-1,949.351,975.652,-1,-1,-1,-1,-1,2,0,2,0,2,0,0,0,0,2,0,0,2,2,2,2,2
143,-6448.186,187.899,386.312,-172.223,-0.980103,0.132682,0.147626,-0.133862,-0.990998,0.001959,0.146557,-0.017841,0.989041,0,0.45920,-0.80611,13.108,-0.482,-1,871.125,-1,885.597,-1,618.082,628.675,397.920,425.670,-1,952.786,977.024,-1,-1,-1,-1,-1,2,0,2,0,2,0,0,0,0,2,0,0,2,2,2,2,2
144,-6461.317,188.578,388.096,-172.741,-0.981167,0.123803,0.148268,-0.124977,-0.992159,0.001411,0.147280,-0.017146,0.988946,0,0.45920,-0.80611,13.148,-0.518,-1,883.450,-1,891.952,-1,625.521,636.663,399.905,425.711,-1,958.910,982.037,-1,-1,-1,-1,-1,2,0,2,0,2,0,0,0,0,2,0,0,2,2,2,2,2
145,-6474.445,189.497,389.804,-173.289,-0.982270,0.114362,0.148546,-0.115588,-0.993297,0.000385,0.147595,-0.016792,0.988905,0,0.45920,-0.80611,13.161,-0.548,-1,892.070,-1,897.151,-1,631.308,643.308,401.177,426.025,-1,967.640,990.299,-1,-1,-1,-1,-1,2,0,2,0,2,0,0,0,0,2,0,0,2,2,2,2,2
146,-6487.457,190.796,391.462,-173.870,-0.983397,0.104346,0.148469,-0.105609,-0.994407,-0.000631,0.147572,-0.016301,0.988917,0,0.45920,-0.80611,13.076,-0.582,-1,897.134,-1,902.256,-1,635.728,648.785,402.535,426.053,-1,978.853,1001.060,-1,-1,-1,-1,-1,2,0,2,0,2,0,0,0,0,2,0,0,2,2,2,2,2
147,-6500.279,192.466,393.079,-174.484,-0.984543,0.093842,0.147884,-0.095078,-0.995469,-0.001296,0.147092,-0.015337,0.989004,0,0.45920,-0.80611,12.931,-0.614,-1,900.174,-1,-1,-1,638.687,652.856,404.485,425.377,-1,993.848,-1,-1,-1,-1,-1,-1,2,0,2,2,2,0,0,0,0,2,0,2,2,2,2,2,2
148,-6512.999,194.137,394.684,-175.068,-0.985589,0.084013,0.146817,-0.085044,-0.996377,-0.000745,0.146223,-0.013221,0.989163,0,0.45920,-0.80611,12.829,-0.584,-1,903.243,-1,-1,-1,640.719,655.352,408.133,423.110,-1,-1,-1,-1,-1,-1,-1,-1,2,0,2,2,2,0,0,0,0,2,2,2,2,2,2,2,2
149,-6525.686,195.770,396.283,-175.607,-0.986485,0.075061,0.145648,-0.075777,-0.997125,0.000633,0.145276,-0.010412,0.989336,0,0.32784,-0.75832,12.791,-0.539,-1,907.053,-1,-1,-1,642.707,657.321,413.879,419.853,-1,-1,-1,-1,-1,-1,-1,-1,2,0,2,2,2,0,0,0,0,2,2,2,2,2,2,2,2
150,-6538.266,197.422,397.871,-176.115,-0.987248,0.066593,0.144591,-0.067037,-0.997749,0.001810,0.144386,-0.007906,0.989490,0,0.32784,-0.75832,12.689,-0.508,-1,909.820,-1,-1,-1,645.010,659.466,419.100,416.961,-1,-1,-1,-1,-1,-1,-1,-1,2,0,2,2,2,0,0,0,0,2,2,2,2,2,2,2,2
151,-6550.733,199.004,399.492,-176.595,-0.987869,0.058523,0.143838,-0.058771,-0.998268,0.002532,0.143737,-0.005952,0.989598,0,0.32784,-0.75832,12.567,-0.480,-1,913.692,-1,-1,-1,648.574,662.573,423.057,414.899,-1,-1,-1,-1,-1,-1,-1,-1,2,0,2,2,2,0,0,0,0,2,2,2,2,2,2,2,2
152,-6563.106,200.587,401.127,-177.066,-0.988381,0.050456,0.143381,-0.050660,-0.998713,0.002228,0.143309,-0.005061,0.989665,0,0.32784,-0.75832,12.474,-0.470,-1,917.059,-1,-1,-1,652.598,666.978,425.433,414.265,-1,-1,-1,-1,-1,-1,-1,-1,2,0,2,2,2,0,0,0,0,2,2,2,2,2,2,2,2
153,-6575.303,202.228,402.802,-177.544,-0.988844,0.042106,0.142883,-0.042417,-0.999100,0.000869,0.142791,-0.005201,0.989739,0,0.32784,-0.75832,12.307,-0.478,-1,917.741,-1,-1,-1,656.252,671.653,426.282,415.096,-1,-1,-1,-1,-1,-1,-1,-1,2,0,2,2,2,0,0,0,0,2,2,2,2,2,2,2,2
154,-6587.334,204.026,404.469,-178.043,-0.989251,0.033343,0.142378,-0.033811,-0.999428,-0.000864,0.142267,-0.005669,0.989812,0,0.32784,-0.75832,12.164,-0.499,-1,916.718,-1,-1,-1,659.982,676.436,426.606,416.410,-1,-1,-1,-1,-1,-1,-1,-1,2,0,2,2,2,0,0,0,0,2,2,2,2,2,2,2,2
155,-6599.094,206.130,406.001,-178.578,-0.989699,0.023977,0.141141,-0.024560,-0.999695,-0.002390,0.141040,-0.005832,0.989987,0,0.32784,-0.75832,11.946,-0.536,-1,911.182,-1,-1,-1,661.342,677.524,427.486,417.118,-1,-1,-1,-1,-1,-1,-1,-1,2,0,2,2,2,0,0,0,0,2,2,2,2,2,2,2,2
156,-6610.841,208.119,407.327,-179.059,-0.990105,0.015800,0.139439,-0.016254,-0.999866,-0.002119,0.139387,-0.004365,0.990228,0,0.32784,-0.75832,11.915,-0.481,-1,905.835,-1,-1,-1,661.003,675.786,431.191,415.165,-1,-1,-1,-1,-1,-1,-1,-1,2,0,2,2,2,0,0,0,0,2,2,2,2,2,2,2,2
157,-6622.631,210.000,408.468,-179.483,-0.990503,0.008746,0.137215,-0.008943,-0.999960,-0.000823,0.137202,-0.002042,0.990541,0,0.32784,-0.75832,11.939,-0.423,-1,899.652,-1,-1,-1,658.399,670.725,435.269,411.561,-1,-1,-1,-1,-1,-1,-1,-1,2,0,2,2,2,0,0,0,0,2,2,2,2,2,2,2,2
158,-6634.466,211.820,409.479,-179.868,-0.990883,0.002345,0.134707,-0.002275,-0.999997,0.000673,0.134708,0.000360,0.990885,0,0.32784,-0.75832,11.974,-0.386,-1,891.115,-1,-1,-1,654.475,664.365,438.844,407.495,-1,-1,-1,-1,-1,-1,-1,-1,2,0,2,2,2,0,0,0,0,2,2,2,2,2,2,2,2
159,-6646.304,213.533,410.509,179.779,-0.991225,-0.003602,0.132136,0.003827,-0.999992,0.001448,0.132130,0.001941,0.991230,0,0.32784,-0.75832,11.961,-0.353,-1,879.248,-1,-1,-1,650.203,658.378,441.114,404.476,-1,-1,-1,-1,-1,-1,-1,-1,2,0,2,2,2,0,0,0,0,2,2,2,2,2,2,2,2
160,-6658.165,215.273,411.605,179.423,-0.991464,-0.009751,0.130018,0.009993,-0.999949,0.001206,0.130000,0.002495,0.991511,0,0.32784,-0.75832,11.987,-0.356,-1,868.334,-1,-1,-1,646.205,654.250,441.816,402.939,-1,-1,-1,-1,-1,-1,-1,-1,2,0,2,2,2,0,0,0,0,2,2,2,2,2,2,2,2
161,-6670.083,217.044,412.675,179.068,-0.991608,-0.015940,0.128292,0.016130,-0.999870,0.000445,0.128268,0.002511,0.991736,0,0.32784,-0.75832,12.050,-0.354,-1,858.504,-1,-1,-1,642.835,651.195,441.548,402.035,-1,-1,-1,-1,-1,-1,-1,-1,2,0,2,2,2,0,0,0,0,2,2,2,2,2,2,2,2
162,-6682.024,218.856,413.718,178.714,-0.991714,-0.022146,0.126541,0.022266,-0.999752,-0.000463,0.126520,0.002358,0.991961,0,0.32784,-0.75832,12.078,-0.354,-1,848.393,-1,-1,-1,639.340,648.092,441.364,401.273,-1,-1,-1,-1,-1,-1,-1,-1,2,0,2,2,2,0,0,0,0,2,2,2,2,2,2,2,2
163,-6693.960,220.747,414.790,178.357,-0.991779,-0.028358,0.124778,0.028446,-0.999595,-0.001082,0.124758,0.002476,0.992184,0,0.32784,-0.75832,12.084,-0.357,-1,838.734,-1,-1,-1,635.992,645.023,442.960,400.219,-1,-1,-1,-1,-1,-1,-1,-1,2,0,2,2,2,0,0,0,0,2,2,2,2,2,2,2,2
164,-6705.851,222.687,415.987,178.009,-0.991841,-0.034398,0.122756,0.034478,-0.999404,-0.001479,0.122733,0.002766,0.992436,0,0.32784,-0.75832,12.048,-0.348,-1,828.938,-1,-1,-1,633.088,641.611,444.515,399.157,-1,-1,-1,-1,-1,-1,-1,-1,2,0,2,2,2,0,0,0,0,2,2,2,2,2,2,2,2
165,-6717.757,224.536,417.267,177.700,-0.991951,-0.039740,0.120226,0.039842,-0.999205,-0.001563,0.120192,0.003239,0.992745,0,0.32784,-0.75832,12.049,-0.309,-1,818.135,-1,-1,-1,629.235,636.852,446.300,397.909,-1,-1,-1,-1,-1,-1,-1,-1,2,0,2,2,2,0,0,0,0,2,2,2,2,2,2,2,2
166,-6729.805,226.362,418.555,177.415,-0.992085,-0.044644,0.117365,0.044798,-0.998995,-0.001327,0.117306,0.003941,0.993088,0,0.51902,-0.88675,12.185,-0.285,-1,805.761,-1,-1,-1,624.577,631.259,448.514,396.760,-1,-1,-1,-1,-1,-1,-1,-1,2,0,2,2,2,0,0,0,0,2,2,2,2,2,2,2,2
167,-6742.153,228.262,419.817,177.137,-0.992170,-0.049378,0.114722,0.049620,-0.998768,-0.000752,0.114617,0.004946,0.993397,0,0.51902,-0.88675,12.493,-0.278,-1,795.115,-1,-1,-1,619.987,626.003,451.224,395.131,-1,-1,-1,-1,-1,-1,-1,-1,2,0,2,2,2,0,0,0,0,2,2,2,2,2,2,2,2
168,-6754.797,230.158,421.018,176.879,-0.992252,-0.053759,0.112005,0.054104,-0.998535,0.000040,0.111839,0.006099,0.993708,0,0.51902,-0.88675,12.786,-0.258,-1,784.595,-1,-1,-1,614.515,620.336,454.026,393.080,-1,-1,-1,-1,-1,-1,-1,-1,2,0,2,2,2,0,0,0,0,2,2,2,2,2,2,2,2
169,-6767.754,232.127,422.070,176.615,-0.992310,-0.058293,0.109188,0.058692,-0.998276,0.000439,0.108974,0.006844,0.994021,0,0.51902,-0.88675,13.105,-0.264,-1,772.831,-1,-1,-1,608.409,614.209,455.571,391.228,-1,-1,-1,-1,-1,-1,-1,-1,2,0,2,2,2,0,0,0,0,2,2,2,2,2,2,2,2
170,-6780.975,234.130,423.018,176.349,-0.992389,-0.062918,0.105860,0.063314,-0.997994,0.000387,0.105623,0.007086,0.994381,0,0.51902,-0.88675,13.372,-0.266,-1,758.625,-1,-1,-1,602.492,606.884,458.264,389.695,-1,-1,-1,-1,-1,-1,-1,-1,2,0,2,2,2,0,0,0,0,2,2,2,2,2,2,2,2
171,-6794.507,236.139,423.871,176.102,-0.992471,-0.067225,0.102378,0.067633,-0.997710,0.000514,0.102109,0.007435,0.994745,0,0.51902,-0.88675,13.680,-0.248,-1,744.047,-1,-1,-1,598.844,913.718,460.745,387.710,-1,-1,-1,-1,-1,-1,-1,-1,2,0,2,2,2,0,0,0,0,2,2,2,2,2,2,2,2
172,-6808.314,238.226,424.730,175.858,-0.992522,-0.071427,0.098988,0.071878,-0.997413,0.001001,0.098661,0.008109,0.995088,0,0.51902,-0.88675,13.964,-0.244,-1,730.329,-1,-1,-1,595.781,907.189,463.464,385.250,-1,-1,-1,-1,-1,-1,-1,-1,2,0,2,2,2,0,0,0,0,2,2,2,2,2,2,2,2
173,-6822.356,240.338,425.685,175.630,-0.992600,-0.075337,0.095232,0.075850,-0.997118,0.001764,0.094825,0.008975,0.995453,0,0.51902,-0.88675,14.200,-0.228,-1,716.237,-1,-1,-1,591.938,899.230,466.816,382.629,-1,-1,-1,-1,-1,-1,-1,-1,2,0,2,2,2,0,0,0,0,2,2,2,2,2,2,2,2
174,-6836.615,242.464,426.810,175.415,-0.992705,-0.079060,0.091034,0.079608,-0.996823,0.002399,0.090555,0.009629,0.995845,0,0.51902,-0.88675,14.416,-0.215,-1,701.497,-1,-1,-1,587.377,889.635,470.204,380.514,-1,-1,-1,-1,-1,-1,-1,-1,2,0,2,2,2,0,0,0,0,2,2,2,2,2,2,2,2
175,-6851.119,244.646,428.066,175.202,-0.992772,-0.082806,0.086873,0.083338,-0.996518,0.002510,0.086363,0.009732,0.996216,0,0.51902,-0.88675,14.667,-0.214,-1,-1,-1,-1,-1,855.719,881.316,472.865,379.281,-1,-1,-1,-1,-1,-1,-1,-1,2,2,2,2,2,0,0,0,0,2,2,2,2,2,2,2,2
176,-6865.847,246.902,429.397,174.983,-0.992813,-0.086644,0.082559,0.087162,-0.996191,0.002685,0.082012,0.009862,0.996583,0,0.51902,-0.88675,14.900,-0.219,-1,-1,-1,-1,-1,849.842,872.937,475.917,378.610,-1,-1,-1,-1,-1,-1,-1,-1,2,2,2,2,2,0,0,0,0,2,2,2,2,2,2,2,2
177,-6880.885,249.244,430.671,174.765,-0.992784,-0.090455,0.078720,0.090960,-0.995850,0.002845,0.078136,0.009985,0.996893,0,0.51902,-0.88675,15.219,-0.218,-1,-1,-1,-1,-1,846.355,867.202,480.719,379.158,-1,-1,-1,-1,-1,-1,-1,-1,2,2,2,2,2,0,0,0,0,2,2,2,2,2,2,2,2
178,-6896.153,251.766,431.926,174.523,-0.992655,-0.094680,0.075308,0.095183,-0.995455,0.003109,0.074671,0.010254,0.997155,0,0.51902,-0.88675,15.475,-0.242,-1,-1,-1,-1,-1,845.190,863.475,485.574,379.637,-1,-1,-1,-1,-1,-1,-1,-1,2,2,2,2,2,0,0,0,0,2,2,2,2,2,2,2,2
179,-6911.607,254.437,433.193,174.272,-0.992503,-0.099045,0.071608,0.099560,-0.995025,0.003642,0.070891,0.010744,0.997426,0,0.51902,-0.88675,15.684,-0.251,-1,-1,-1,-1,-1,841.265,857.185,490.582,379.905,-1,-1,-1,-1,-1,-1,-1,-1,2,2,2,2,2,0,0,0,0,2,2,2,2,2,2,2,2
180,-6927.255,257.296,434.441,174.007,-0.992305,-0.103626,0.067773,0.104181,-0.994547,0.004703,0.066916,0.011728,0.997690,0,0.51902,-0.88675,15.907,-0.265,-1,-1,-1,-1,-1,835.948,850.180,496.621,379.462,-1,-1,-1,-1,-1,-1,-1,-1,2,2,2,2,2,0,0,0,0,2,2,2,2,2,2,2,2
181,-6943.074,260.294,435.676,173.737,-0.992096,-0.108311,0.063366,0.108888,-0.994038,0.005721,0.062369,0.012576,0.997974,0,0.51902,-0.88675,16.100,-0.270,-1,1006.423,-1,-1,-1,828.551,841.240,502.271,379.071,-1,-1,-1,-1,-1,-1,-1,-1,2,0,2,2,2,0,0,0,0,2,2,2,2,2,2,2,2
182,-6959.018,263.391,436.903,173.459,-0.991851,-0.113150,0.058562,0.113734,-0.993488,0.006732,0.057419,0.013338,0.998261,0,0.42293,-0.70169,16.242,-0.278,-1,994.193,-1,-1,-1,819.910,831.112,507.674,378.711,-1,-1,-1,-1,-1,-1,-1,-1,2,0,2,2,2,0,0,0,0,2,2,2,2,2,2,2,2
183,-6975.000,266.614,438.127,173.176,-0.991569,-0.118073,0.053386,0.118661,-0.992903,0.007961,0.052067,0.014228,0.998542,0,0.42293,-0.70169,16.304,-0.283,-1,980.846,-1,1005.594,-1,810.162,819.839,514.392,378.127,-1,-1,-1,-1,-1,-1,-1,-1,2,0,2,0,2,0,0,0,0,2,2,2,2,2,2,2,2
184,-6991.129,270.008,439.236,172.878,-0.991171,-0.123273,0.048831,0.123843,-0.992263,0.008822,0.047366,0.014791,0.998768,0,0.42293,-0.70169,16.482,-0.298,-1,969.902,-1,988.645,-1,802.671,810.980,520.141,377.717,-1,-1,-1,-1,-1,-1,-1,-1,2,0,2,0,2,0,0,0,0,2,2,2,2,2,2,2,2
185,-7007.376,273.554,440.270,172.564,-0.990658,-0.128752,0.044943,0.129303,-0.991559,0.009557,0.043333,0.015279,0.998944,0,0.42293,-0.70169,16.630,-0.314,-1,961.736,-1,974.381,-1,797.533,804.511,524.913,377.634,-1,-1,-1,-1,-1,-1,-1,-1,2,0,2,0,2,0,0,0,0,2,2,2,2,2,2,2,2
186,-7023.686,277.226,441.303,172.238,-0.990072,-0.134440,0.041038,0.134961,-0.990798,0.010207,0.039288,0.015644,0.999105,0,0.42293,-0.70169,16.718,-0.326,-1,953.015,-1,960.469,-1,792.553,798.220,529.367,378.451,-1,-1,-1,-1,-1,-1,-1,-1,2,0,2,0,2,0,0,0,0,2,2,2,2,2,2,2,2
187,-7040.112,280.961,442.327,171.927,-0.989469,-0.139858,0.037280,0.140341,-0.990046,0.010639,0.035421,0.015758,0.999248,0,0.42293,-0.70169,16.845,-0.310,-1,943.942,-1,947.910,-1,788.242,792.720,533.206,379.515,-1,-1,-1,-1,-1,-1,-1,-1,2,0,2,0,2,0,0,0,0,2,2,2,2,2,2,2,2
188,-7056.646,284.728,443.322,171.625,-0.988840,-0.145142,0.033600,0.145572,-0.989290,0.010712,0.031686,0.015484,0.999378,0,0.42293,-0.70169,16.958,-0.302,-1,935.053,-1,936.500,-1,784.287,787.794,536.285,380.983,-1,-1,-1,-1,-1,-1,-1,-1,2,0,2,0,2,0,0,0,0,2,2,2,2,2,2,2,2
189,-7073.200,288.621,444.297,171.316,-0.988165,-0.150537,0.029475,0.150923,-0.988481,0.011329,0.027430,0.015643,0.999501,0,0.42293,-0.70169,17.005,-0.309,-1,925.180,-1,923.022,-1,778.799,781.156,540.811,381.837,-1,-1,-1,-1,-1,-1,-1,-1,2,0,2,0,2,0,0,0,0,2,2,2,2,2,2,2,2
190,-7089.829,292.762,445.262,170.986,-0.987371,-0.156285,0.025938,0.156634,-0.987584,0.011999,0.023741,0.015910,0.999592,0,0.42293,-0.70169,17.137,-0.330,-1,917.390,-1,911.408,-1,775.248,775.604,545.208,382.519,-1,-1,-1,-1,-1,-1,-1,-1,2,0,2,0,2,0,0,0,0,2,2,2,2,2,2,2,2
191,-7106.559,297.196,446.139,170.616,-0.986399,-0.162704,0.023317,0.163017,-0.986548,0.012190,0.021020,0.015825,0.999654,0,0.42293,-0.70169,17.308,-0.370,-1,912.257,-1,903.779,-1,773.049,772.765,548.156,383.427,-1,-1,-1,-1,-1,-1,-1,-1,2,0,2,0,2,0,0,0,0,2,2,2,2,2,2,2,2
192,-7123.225,301.784,447.148,170.259,-0.985378,-0.168794,0.023223,0.169154,-0.985483,0.014491,0.020440,0.018207,0.999625,0,0.42293,-0.70169,17.286,-0.357,-1,916.523,-1,901.666,-1,778.158,775.684,558.346,382.075,-1,-1,-1,-1,-1,-1,-1,-1,2,0,2,0,2,0,0,0,0,2,2,2,2,2,2,2,2
193,-7139.772,306.693,448.490,169.872,-0.984179,-0.175327,0.025533,0.175800,-0.984268,0.017647,0.022037,0.021856,0.999518,0,0.42293,-0.70169,17.260,-0.387,-1,929.895,-1,906.583,-1,789.964,784.088,573.741,380.162,-1,-1,-1,-1,-1,-1,-1,-1,2,0,2,0,2,0,0,0,0,2,2,2,2,2,2,2,2
194,-7158.971,312.802,450.056,169.343,-0.982545,-0.184409,0.024451,0.184899,-0.982563,0.019556,0.020418,0.023735,0.999510,0,-0.08114,-0.68405,20.147,-0.530,-1,931.745,-1,897.158,-1,792.884,784.510,585.836,380.281,-1,-1,-1,-1,-1,-1,-1,-1,2,0,2,0,2,0,0,0,0,2,2,2,2,2,2,2,2
195,-7171.206,316.436,450.656,169.071,-0.981745,-0.189190,0.019606,0.189578,-0.981657,0.020233,0.015419,0.023580,0.999603,0,-0.08114,-0.68405,12.763,-0.272,-1,919.138,-1,881.077,-1,781.994,773.099,587.711,380.913,-1,-1,-1,-1,-1,-1,-1,-1,2,0,2,0,2,0,0,0,0,2,2,2,2,2,2,2,2
196,-7186.004,320.501,450.875,168.814,-0.980974,-0.193772,0.011933,0.193988,-0.980780,0.020935,0.007647,0.022852,0.999710,0,-0.08114,-0.68405,15.346,-0.257,-1,897.951,-1,858.037,-1,762.937,753.990,585.457,381.293,-1,-1,-1,-1,-1,-1,-1,-1,2,0,2,0,2,0,0,0,0,2,2,2,2,2,2,2,2
197,-7200.444,324.548,450.664,168.541,-0.980067,-0.198600,0.005225,0.198666,-0.979856,0.020331,0.001082,0.020964,0.999780,0,-0.08114,-0.68405,14.996,-0.273,-1,878.544,-1,838.441,-1,746.379,737.731,578.477,382.251,-1,-1,-1,-1,-1,-1,-1,-1,2,0,2,0,2,0,0,0,0,2,2,2,2,2,2,2,2
198,-7214.600,328.664,450.173,168.235,-0.978988,-0.203912,0.001185,0.203899,-0.978817,0.018507,-0.002614,0.018360,0.999828,0,-0.08114,-0.68405,14.742,-0.306,-1,865.569,-1,825.821,-1,736.779,728.390,568.975,383.686,-1,-1,-1,-1,-1,-1,-1,-1,2,0,2,0,2,0,0,0,0,2,2,2,2,2,2,2,2
199,-7228.411,332.833,449.682,167.923,-0.977864,-0.209242,0.000717,0.209225,-0.977728,0.016495,-0.002751,0.016280,0.999864,0,-0.08114,-0.68405,14.427,-0.312,-1,861.745,-1,821.539,-1,736.441,727.796,561.564,384.864,-1,-1,-1,-1,-1,-1,-1,-1,2,0,2,0,2,0,0,0,0,2,2,2,2,2,2,2,2
200,-7241.734,337.131,449.394,167.591,-0.976639,-0.214875,0.002393,0.214886,-0.976527,0.014792,-0.000842,0.014960,0.999888,0,-0.08114,-0.68405,13.999,-0.332,-1,864.071,-1,821.823,-1,741.998,732.588,557.076,385.913,-1,-1,-1,-1,-1,-1,-1,-1,2,0,2,0,2,0,0,0,0,2,2,2,2,2,2,2,2
201,-7254.501,341.488,449.361,167.256,-0.975365,-0.220550,0.004615,0.220594,-0.975262,0.014215,0.001366,0.014882,0.999888,0,-0.08114,-0.68405,13.490,-0.335,-1,868.817,-1,825.350,-1,747.409,738.552,556.880,385.945,-1,-1,-1,-1,-1,-1,-1,-1,2,0,2,0,2,0,0,0,0,2,2,2,2,2,2,2,2
202,-7266.689,345.801,449.613,166.936,-0.974114,-0.225971,0.006226,0.226041,-0.974005,0.014799,0.002720,0.015823,0.999871,0,-0.08114,-0.68405,12.928,-0.320,-1,873.330,-1,829.881,-1,751.129,742.074,560.365,385.231,-1,-1,-1,-1,-1,-1,-1,-1,2,0,2,0,2,0,0,0,0,2,2,2,2,2,2,2,2
203,-7278.236,350.113,450.166,166.609,-0.972811,-0.231508,0.006629,0.231586,-0.972684,0.015927,0.002760,0.017029,0.999851,0,-0.08114,-0.68405,12.326,-0.326,-1,875.762,-1,829.942,-1,752.182,743.021,565.472,384.646,-1,-1,-1,-1,-1,-1,-1,-1,2,0,2,0,2,0,0,0,0,2,2,2,2,2,2,2,2
204,-7289.139,354.509,450.919,166.252,-0.971350,-0.237571,0.006211,0.237644,-0.971202,0.017089,0.001972,0.018076,0.999835,0,-0.08114,-0.68405,11.756,-0.357,-1,876.795,-1,827.032,-1,751.850,741.338,570.721,384.500,-1,-1,-1,-1,-1,-1,-1,-1,2,0,2,0,2,0,0,0,0,2,2,2,2,2,2,2,2
205,-7299.531,358.956,451.633,165.874,-0.969762,-0.243985,0.005836,0.244051,-0.969593,0.018117,0.001238,0.018994,0.999819,0,-0.08114,-0.68405,11.303,-0.378,-1,878.016,-1,822.649,-1,751.060,739.356,575.406,384.370,-1,-1,-1,-1,-1,-1,-1,-1,2,0,2,0,2,0,0,0,0,2,2,2,2,2,2,2,2
206,-7309.636,363.157,452.180,165.553,-0.968378,-0.249408,0.006344,0.249485,-0.968181,0.019568,0.001262,0.020532,0.999788,0,-0.08114,-0.68405,10.944,-0.321,-1,880.706,-1,818.965,-1,751.708,738.664,580.894,383.270,-1,-1,-1,-1,-1,-1,-1,-1,2,0,2,0,2,0,0,0,0,2,2,2,2,2,2,2,2
207,-7319.382,367.233,452.597,165.249,-0.967041,-0.254506,0.007679,0.254613,-0.966825,0.020529,0.002199,0.021808,0.999760,0,-0.08114,-0.68405,10.564,-0.304,-1,883.249,-1,817.385,-1,754.091,739.728,585.493,382.180,-1,-1,-1,-1,-1,-1,-1,-1,2,0,2,0,2,0,0,0,0,2,2,2,2,2,2,2,2
208,-7328.643,371.287,452.855,164.929,-0.965599,-0.259875,0.009141,0.260013,-0.965378,0.020953,0.003380,0.022609,0.999739,0,-0.08114,-0.68405,10.109,-0.320,-1,885.912,-1,816.416,-1,756.292,741.065,588.124,381.332,-1,-1,-1,-1,-1,998.643,-1,-1,2,0,2,0,2,0,0,0,0,2,2,2,2,2,0,2,2
209,-7337.467,375.272,452.966,164.604,-0.964104,-0.265319,0.010496,0.265489,-0.963881,0.021184,0.004497,0.023210,0.999721,0,-0.08114,-0.68405,9.683,-0.325,-1,888.157,-1,815.478,-1,757.900,741.971,589.590,380.412,-1,-1,-1,-1,-1,997.405,-1,-1,2,0,2,0,2,0,0,0,0,2,2,2,2,2,0,2,2
210,-7345.803,379.269,452.948,164.252,-0.962451,-0.271226,0.011120,0.271407,-0.962240,0.020791,0.005061,0.023028,0.999722,0,-0.08114,-0.68405,9.244,-0.352,-1,888.602,-1,810.247,-1,757.909,741.446,588.080,380.215,-1,-1,-1,-1,-1,1001.945,-1,-1,2,0,2,0,2,0,0,0,0,2,2,2,2,2,0,2,2
211,-7353.522,383.343,452.858,163.850,-0.960525,-0.277990,0.010659,0.278154,-0.960332,0.019812,0.004729,0.021994,0.999747,0,-0.08114,-0.68405,8.729,-0.402,-1,886.668,-1,799.676,-1,755.668,738.987,583.535,380.792,-1,-1,-1,-1,-1,1003.275,-1,-1,2,0,2,0,2,0,0,0,0,2,2,2,2,2,0,2,2
212,-7360.750,387.390,452.692,163.431,-0.958469,-0.285036,0.009536,0.285170,-0.958292,0.018841,0.003768,0.020778,0.999777,0,-0.08114,-0.68405,8.284,-0.419,-1,882.873,-1,788.215,-1,751.902,735.117,577.532,381.342,-1,-1,-1,-1,-1,1001.724,-1,-1,2,0,2,0,2,0,0,0,0,2,2,2,2,2,0,2,2
213,-7367.763,391.169,452.455,163.066,-0.956637,-0.291166,0.008195,0.291271,-0.956468,0.018193,0.002541,0.019791,0.999801,0,-0.08114,-0.68405,7.967,-0.365,-1,878.173,-1,777.492,-1,747.537,730.661,571.922,381.524,-1,-1,-1,-1,-1,997.702,-1,-1,2,0,2,0,2,0,0,0,0,2,2,2,2,2,0,2,2
214,-7374.465,394.786,452.221,162.728,-0.954904,-0.296839,0.006751,0.296913,-0.954747,0.017334,0.001300,0.018557,0.999827,0,-0.08114,-0.68405,7.616,-0.338,-1,873.329,-1,767.514,-1,743.110,725.836,565.714,382.045,-1,-1,-1,-1,-1,993.863,-1,-1,2,0,2,0,2,0,0,0,0,2,2,2,2,2,0,2,2
215,-7382.006,399.046,451.987,162.317,-0.952751,-0.303709,0.005181,0.303753,-0.952612,0.016241,0.000003,0.017048,0.999855,0,-0.08114,-0.68405,8.661,-0.411,-1,868.218,-1,755.987,-1,738.299,720.488,558.478,382.793,-1,-1,-1,-1,-1,990.729,-1,-1,2,0,2,0,2,0,0,0,0,2,2,2,2,2,0,2,2
216,-7387.147,401.928,451.805,162.048,-0.951316,-0.308176,0.005043,0.308217,-0.951196,0.015095,0.000145,0.015914,0.999873,0,0.35303,-0.56245,5.894,-0.269,-1,866.790,-1,749.615,-1,736.891,718.906,553.379,383.460,-1,-1,-1,-1,-1,993.440,-1,-1,2,0,2,0,2,0,0,0,0,2,2,2,2,2,0,2,2
217,-7394.032,405.590,451.450,161.734,-0.949608,-0.313392,0.005431,0.313437,-0.949524,0.012680,0.001183,0.013743,0.999905,0,0.35303,-0.56245,7.798,-0.315,-1,864.957,-1,743.006,-1,735.853,718.474,544.622,384.983,-1,-1,-1,-1,-1,1001.260,-1,-1,2,0,2,0,2,0,0,0,0,2,2,2,2,2,0,2,2
218,-7401.273,409.200,450.818,161.451,-0.948050,-0.318093,0.004327,0.318121,-0.948003,0.009502,0.001079,0.010385,0.999945,0,0.35303,-0.56245,8.091,-0.283,-1,858.649,-1,735.565,-1,731.937,715.405,531.455,387.362,-1,-1,-1,-1,-1,1003.875,-1,-1,2,0,2,0,2,0,0,0,0,2,2,2,2,2,0,2,2
219,-7408.749,412.771,449.911,161.187,-0.946575,-0.322483,0.000869,0.322482,-0.946555,0.006215,-0.001181,0.006163,0.999980,0,0.35303,-0.56245,8.285,-0.264,-1,846.664,-1,725.880,-1,723.363,707.683,515.219,390.131,-1,-1,-1,-1,-1,995.885,-1,-1,2,0,2,0,2,0,0,0,0,2,2,2,2,2,0,2,2
220,-7416.406,416.352,448.794,160.933,-0.945124,-0.326677,-0.004765,0.326664,-0.945135,0.003277,-0.005574,0.001541,0.999983,0,0.35303,-0.56245,8.453,-0.254,-1,829.772,-1,713.868,-1,710.524,695.575,497.435,392.856,-1,-1,-1,-1,-1,977.228,-1,-1,2,0,2,0,2,0,0,0,0,2,2,2,2,2,0,2,2
221,-7424.219,419.993,447.558,160.683,-0.943642,-0.330756,-0.011845,0.330768,-0.943712,0.000998,-0.011509,-0.002976,0.999929,0,0.35303,-0.56245,8.620,-0.250,-1,809.986,-1,700.154,-1,694.647,680.538,479.844,395.125,-1,-1,-1,-1,-1,950.919,-1,-1,2,0,2,0,2,0,0,0,0,2,2,2,2,2,0,2,2
222,-7432.264,423.744,446.316,160.436,-0.942125,-0.334721,-0.019025,0.334804,-0.942287,-0.001267,-0.017502,-0.007563,0.999818,0,0.35303,-0.56245,8.877,-0.247,-1,790.469,-1,686.574,-1,678.437,665.717,462.256,397.511,-1,-1,-1,-1,-1,924.937,-1,-1,2,0,2,0,2,0,0,0,0,2,2,2,2,2,0,2,2
223,-7440.566,427.625,445.203,160.191,-0.940577,-0.338596,-0.025830,0.338795,-0.940853,-0.003635,-0.023071,-0.012170,0.999660,0,0.35303,-0.56245,9.165,-0.245,-1,772.394,-1,673.746,-1,663.608,652.215,445.294,400.275,-1,-1,-1,-1,-1,901.817,-1,-1,2,0,2,0,2,0,0,0,0,2,2,2,2,2,0,2,2
224,-7449.156,431.648,444.312,159.945,-0.938999,-0.342423,-0.032056,0.342793,-0.939387,-0.006686,-0.027823,-0.017266,0.999464,0,0.35303,-0.56245,9.485,-0.246,-1,756.272,-1,662.233,-1,650.890,640.872,429.864,404.417,-1,-1,-1,-1,-1,884.050,-1,-1,2,0,2,0,2,0,0,0,0,2,2,2,2,2,0,2,2
225,-7458.028,435.777,443.678,159.703,-0.937440,-0.346107,-0.037641,0.346706,-0.937914,-0.010561,-0.031649,-0.022950,0.999236,0,0.35303,-0.56245,9.785,-0.241,-1,742.196,-1,652.257,-1,640.429,631.865,414.690,410.302,-1,-1,-1,-1,-1,871.992,-1,-1,2,0,2,0,2,0,0,0,0,2,2,2,2,2,0,2,2
226,-7467.000,439.876,443.447,159.466,-0.935870,-0.349670,-0.043335,0.350534,-0.936446,-0.013995,-0.035687,-0.028287,0.998963,0,0.35303,-0.56245,9.865,-0.237,-1,728.927,-1,642.659,-1,630.606,623.381,401.905,416.760,-1,-1,-1,-1,-1,860.055,-1,-1,2,0,2,0,2,0,0,0,0,2,2,2,2,2,0,2,2
227,-7476.015,444.006,443.703,159.233,-0.934275,-0.353103,-0.049485,0.354289,-0.934974,-0.017408,-0.040121,-0.033796,0.998623,0,0.35303,-0.56245,9.915,-0.234,-1,716.033,-1,633.423,-1,621.187,615.332,388.294,424.687,-1,-1,-1,-1,1002.391,848.579,-1,-1,2,0,2,0,2,0,0,0,0,2,2,2,2,0,0,2,2
228,-7485.226,448.203,444.330,159.001,-0.932658,-0.356436,-0.055701,0.358003,-0.933485,-0.020952,-0.044528,-0.039482,0.998228,0,0.35303,-0.56245,10.122,-0.232,-1,703.967,-1,624.778,-1,612.647,608.176,375.409,433.934,-1,-1,-1,-1,982.108,838.836,-1,-1,2,0,2,0,2,0,0,0,0,2,2,2,2,0,0,2,2
229,-7494.608,452.465,445.181,158.767,-0.931008,-0.359722,-0.061844,0.361723,-0.931962,-0.024575,-0.048796,-0.045250,0.997783,0,0.35303,-0.56245,10.305,-0.233,-1,692.685,-1,616.596,-1,604.879,601.780,363.497,444.081,-1,-1,-1,-1,962.873,830.603,-1,-1,2,0,2,0,2,0,0,0,0,2,2,2,2,0,0,2,2
230,-7504.061,456.760,446.227,158.537,-0.929322,-0.362915,-0.068221,0.365385,-0.930445,-0.027673,-0.053433,-0.050644,0.997286,0,0.35303,-0.56245,10.382,-0.231,-1,681.062,-1,608.300,-1,597.057,595.217,353.619,454.346,-1,-1,-1,-1,943.278,821.168,-1,-1,2,0,2,0,2,0,0,0,0,2,2,2,2,0,0,2,2
231,-7513.586,461.103,447.412,158.309,-0.927613,-0.366013,-0.074627,0.368973,-0.928948,-0.030249,-0.058253,-0.055594,0.996753,0,0.35303,-0.56245,10.468,-0.228,-1,669.634,-1,599.987,-1,589.398,588.678,347.376,464.321,-1,-1,-1,-1,924.413,811.029,-1,-1,2,0,2,0,2,0,0,0,0,2,2,2,2,0,0,2,2
232,-7523.279,465.550,448.620,158.085,-0.925936,-0.368999,-0.080516,0.372500,-0.927431,-0.033412,-0.062345,-0.060930,0.996193,0,0.35303,-0.56245,10.664,-0.224,-1,659.551,-1,592.533,-1,582.989,583.446,338.105,475.430,-1,-1,-1,-1,907.592,804.267,-1,-1,2,0,2,0,2,0,0,0,0,2,2,2,2,0,0,2,2
233,-7533.203,470.123,449.746,157.868,-0.924349,-0.371838,-0.085527,0.375946,-0.925871,-0.037779,-0.065139,-0.067075,0.995619,0,0.43351,-1.00000,10.927,-0.218,-1,651.272,-1,586.415,-1,578.406,580.198,326.076,488.297,-1,-1,-1,-1,893.495,803.042,-1,-1,2,0,2,0,2,0,0,0,0,2,2,2,2,0,0,2,2
234,-7543.430,474.791,450.749,157.641,-0.922756,-0.374830,-0.089575,0.379559,-0.924179,-0.042751,-0.066759,-0.073448,0.995062,0,0.43351,-1.00000,11.242,-0.227,1002.814,644.680,-1,581.166,-1,575.389,577.607,314.202,501.762,-1,-1,-1,-1,882.005,806.114,-1,-1,0,0,2,0,2,0,0,0,0,2,2,2,2,0,0,2,2
235,-7553.877,479.543,451.688,157.415,-0.921203,-0.377816,-0.092950,0.383174,-0.922420,-0.048156,-0.067545,-0.079977,0.994506,0,0.43351,-1.00000,11.477,-0.226,984.207,638.921,-1,576.610,-1,573.516,576.097,302.948,515.852,-1,-1,-1,-1,872.370,811.536,-1,-1,0,0,2,0,2,0,0,0,0,2,2,2,2,0,0,2,2
236,-7564.528,484.351,452.605,157.211,-0.919796,-0.380469,-0.096015,0.386444,-0.920766,-0.053399,-0.068091,-0.086221,0.993946,0,0.43351,-1.00000,11.686,-0.204,967.023,633.638,-1,572.363,-1,571.311,574.909,292.443,529.849,-1,-1,-1,-1,863.516,816.008,-1,-1,0,0,2,0,2,0,0,0,0,2,2,2,2,0,0,2,2
237,-7575.163,489.331,453.505,156.982,-0.918123,-0.383427,-0.100168,0.390065,-0.918988,-0.057535,-0.069993,-0.091896,0.993306,0,0.43351,-1.00000,11.743,-0.229,947.442,626.598,-1,566.396,-1,566.814,571.593,298.847,519.916,-1,-1,-1,-1,851.962,815.234,-1,-1,0,0,2,0,2,0,0,0,1,2,2,2,2,0,0,2,2
238,-7585.569,494.703,454.309,156.662,-0.915641,-0.387604,-0.106602,0.395062,-0.916673,-0.060309,-0.074343,-0.097336,0.992471,0,0.43351,-1.00000,11.711,-0.320,922.198,615.995,-1,556.982,-1,558.719,564.327,312.722,507.793,-1,-1,-1,-1,835.017,806.047,-1,-1,0,0,2,0,2,0,0,0,1,2,2,2,2,0,0,2,2
239,-7595.792,500.494,454.912,156.254,-0.912351,-0.392870,-0.115189,0.401374,-0.913781,-0.062479,-0.080712,-0.103236,0.991377,0,0.43351,-1.00000,11.749,-0.408,890.641,602.166,-1,544.719,-1,547.583,553.830,326.822,496.531,-1,-1,-1,-1,813.336,790.607,973.372,-1,0,0,2,0,2,0,0,0,1,2,2,2,2,0,0,0,2
240,-7605.880,506.653,455.259,155.763,-0.908268,-0.399108,-0.125548,0.408906,-0.910300,-0.064426,-0.088573,-0.109853,0.989994,0,0.43351,-1.00000,11.820,-0.491,851.910,585.875,-1,530.314,-1,534.142,540.953,340.872,485.989,-1,-1,-1,-1,788.219,771.063,932.714,-1,0,0,2,0,2,0,0,0,1,2,2,2,2,0,0,0,2
241,-7615.846,513.257,455.291,155.207,-0.903536,-0.405877,-0.137426,0.417352,-0.906237,-0.067467,-0.097157,-0.118314,0.988212,0,0.43351,-1.00000,11.955,-0.555,808.431,567.091,994.117,514.865,-1,519.308,526.911,353.881,475.652,-1,-1,-1,-1,758.627,751.041,888.870,-1,0,0,0,0,2,0,0,0,1,2,2,2,2,0,0,0,2
242,-7625.757,520.161,455.024,154.588,-0.898131,-0.413173,-0.150497,0.426703,-0.901578,-0.071281,-0.106233,-0.128237,0.986037,0,0.43351,-1.00000,12.079,-0.620,763.328,546.566,943.535,498.681,-1,503.053,512.115,366.483,465.633,-1,-1,-1,-1,726.963,730.880,838.512,-1,0,0,0,0,2,0,0,0,1,2,2,2,2,0,0,0,2
243,-7635.804,527.217,454.540,153.951,-0.892417,-0.420332,-0.164052,0.436198,-0.896689,-0.075367,-0.115425,-0.138818,0.983568,0,0.43351,-1.00000,12.277,-0.636,718.356,525.794,889.178,482.519,-1,486.423,497.293,379.096,455.053,-1,-1,-1,-1,695.689,710.790,788.826,-1,0,0,0,0,2,0,0,0,1,2,2,2,2,0,0,0,2
244,-7645.720,534.420,454.026,153.261,-0.885953,-0.427727,-0.179267,0.446344,-0.891357,-0.079113,-0.125952,-0.150105,0.980614,0,0.43351,-1.00000,12.256,-0.690,671.843,503.760,859.721,465.411,-1,468.424,481.216,388.157,444.784,-1,-1,-1,-1,662.974,688.100,737.686,994.283,0,0,0,0,2,0,0,0,1,2,2,2,2,0,0,0,0
245,-7655.668,541.731,453.580,152.545,-0.878991,-0.434910,-0.195523,0.456690,-0.885758,-0.082865,-0.137147,-0.162131,0.977192,0,0.43351,-1.00000,12.345,-0.716,626.364,481.649,830.321,448.293,-1,450.192,465.040,380.280,434.154,-1,-1,-1,-1,630.505,665.034,684.160,958.826,0,0,0,0,2,0,0,0,1,2,2,2,2,0,0,0,0
246,-7665.663,549.139,453.196,151.819,-0.871640,-0.441623,-0.212632,0.467003,-0.879996,-0.086688,-0.148832,-0.174861,0.973279,0,0.43351,-1.00000,12.442,-0.727,579.468,459.760,784.283,431.411,-1,431.996,449.029,371.960,422.806,-1,-1,-1,-1,597.489,640.202,633.444,924.510,0,0,0,0,2,0,0,0,1,2,2,2,2,0,0,0,0
247,-7675.655,556.646,452.993,151.044,-0.863558,-0.448309,-0.230839,0.477809,-0.873792,-0.090480,-0.161142,-0.188432,0.968776,0,0.43351,-1.00000,12.497,-0.775,533.121,438.109,739.209,414.582,-1,413.845,433.184,364.480,411.405,-1,-1,-1,-1,565.106,615.221,583.825,889.967,0,0,0,0,2,0,0,0,1,2,2,2,2,0,0,0,0
248,-7685.609,564.364,452.998,150.223,-0.854770,-0.454661,-0.250302,0.489076,-0.867023,-0.095266,-0.173704,-0.203847,0.963469,0,0.43351,-1.00000,12.596,-0.821,489.104,416.863,699.890,398.247,-1,396.084,418.069,355.744,399.707,-1,-1,-1,-1,533.682,593.205,533.576,860.328,0,0,0,0,2,0,0,0,1,2,2,2,2,0,0,0,0
249,-7695.623,572.093,453.240,149.382,-0.845433,-0.460486,-0.270548,0.500338,-0.860083,-0.099596,-0.186831,-0.219567,0.957541,0,0.43351,-1.00000,12.650,-0.841,447.904,396.264,660.743,382.223,-1,378.646,398.741,344.886,387.255,-1,-1,-1,-1,503.261,571.264,486.913,832.647,0,0,0,0,2,0,0,0,1,2,2,2,2,0,0,0,0
250,-7705.499,579.869,454.208,148.502,-0.835554,-0.466878,-0.289610,0.511996,-0.852882,-0.102236,-0.199271,-0.233703,0.951669,0,0.43351,-1.00000,12.570,-0.881,409.321,378.558,623.781,367.215,-1,363.684,379.527,337.328,374.896,-1,-1,-1,-1,476.917,552.782,448.517,808.929,0,0,0,0,2,0,0,0,1,2,2,2,2,0,0,0,0
251,-7715.534,587.788,455.931,147.673,-0.826468,-0.473594,-0.304399,0.523020,-0.845969,-0.103855,-0.208327,-0.245040,0.946866,0,0.43351,-1.00000,12.784,-0.829,384.110,365.776,594.213,354.984,-1,353.812,364.973,334.179,360.954,-1,-1,-1,-1,458.326,543.052,420.931,795.347,0,0,0,0,2,0,0,0,1,2,2,2,2,0,0,0,0
252,-7726.017,595.766,457.995,146.962,-0.818844,-0.480397,-0.314187,0.532538,-0.840060,-0.103455,-0.214236,-0.252030,0.943707,0,0.43351,-1.00000,13.173,-0.711,369.507,358.379,571.020,344.909,-1,347.002,353.814,334.858,343.946,-1,-1,-1,-1,446.838,538.549,405.115,786.812,0,0,0,0,2,0,0,0,1,2,2,2,2,0,0,0,0
253,-7736.654,603.976,460.138,146.304,-0.811919,-0.487876,-0.320569,0.541404,-0.834683,-0.100928,-0.218333,-0.255503,0.941833,0,0.43351,-1.00000,13.437,-0.658,361.841,354.051,550.888,335.542,-1,342.385,343.337,338.597,324.830,-1,-1,-1,-1,439.526,536.060,395.876,779.099,0,0,0,0,2,0,0,0,1,2,2,2,2,0,0,0,0
254,-7746.491,612.664,462.497,145.534,-0.803802,-0.497079,-0.326825,0.551740,-0.828344,-0.097108,-0.222453,-0.258378,0.940083,0,0.43351,-1.00000,13.124,-0.770,355.536,349.958,530.000,332.866,-1,337.918,332.229,343.308,307.038,-1,-1,-1,-1,432.866,534.524,387.887,770.899,0,0,0,0,2,0,0,0,1,2,2,2,2,0,0,0,0
255,-7755.683,621.665,464.768,144.679,-0.794636,-0.507762,-0.332763,0.563080,-0.821338,-0.091355,-0.226925,-0.259966,0.938575,0,0.43351,-1.00000,12.865,-0.855,349.940,345.708,507.952,335.342,-1,333.053,320.302,348.981,289.938,-1,-1,-1,-1,426.231,531.990,380.319,759.732,0,0,0,0,2,0,0,0,1,2,2,2,2,0,0,0,0
256,-7764.555,631.112,466.432,143.777,-0.785032,-0.519163,-0.337927,0.575048,-0.813592,-0.085947,-0.230314,-0.261795,0.937240,0,0.43351,-1.00000,12.960,-0.902,344.220,341.494,485.672,338.277,-1,328.210,308.094,353.622,272.188,-1,-1,-1,-1,419.843,530.811,372.826,750.756,0,0,0,0,2,0,0,0,1,2,2,2,2,0,0,0,0
257,-7773.158,640.988,467.254,142.831,-0.775137,-0.531181,-0.342067,0.587690,-0.804944,-0.081765,-0.231913,-0.264408,0.936111,0,0.43351,-1.00000,13.098,-0.945,338.154,337.411,464.085,342.488,-1,323.779,295.819,356.393,253.714,-1,-1,-1,-1,412.593,532.411,365.348,745.750,0,0,0,0,2,0,0,0,1,2,2,2,2,0,0,0,0
258,-7781.422,651.185,467.262,141.860,-0.765049,-0.543639,-0.345192,0.600739,-0.795586,-0.078460,-0.231976,-0.267396,0.935247,0,0.23555,-0.96686,13.125,-0.972,331.316,332.357,468.417,349.541,-1,319.404,283.487,357.655,253.719,-1,-1,-1,-1,405.221,531.818,357.906,742.823,0,0,0,0,2,0,0,0,1,2,2,2,2,0,0,0,0
259,-7789.035,661.773,466.729,140.900,-0.755154,-0.555935,-0.347389,0.613695,-0.785832,-0.076463,-0.230481,-0.270932,0.934599,0,0.23594,-0.96686,13.040,-0.960,324.171,327.413,474.900,359.361,-1,315.509,271.501,356.950,279.676,-1,-1,-1,-1,398.660,533.311,350.606,743.842,0,0,0,0,2,0,0,0,1,2,2,2,2,0,0,0,0
260,-7796.121,672.697,465.663,139.951,-0.745553,-0.568564,-0.347685,0.626679,-0.775615,-0.075459,-0.226766,-0.274145,0.934570,0,0.23764,-0.96686,13.021,-0.949,318.655,323.658,485.766,364.452,-1,302.955,260.107,355.458,298.336,-1,-1,-1,-1,393.896,538.145,344.566,749.879,0,0,0,0,2,0,0,0,1,2,2,2,2,0,0,0,0
261,-7802.842,683.886,464.022,139.028,-0.736461,-0.581776,-0.345198,0.639572,-0.765052,-0.075119,-0.220392,-0.276101,0.935519,0,0.23933,-0.96686,13.052,-0.923,316.196,321.601,503.204,370.328,-1,290.771,249.466,354.676,310.614,-1,-1,-1,-1,391.650,546.804,341.431,761.506,0,0,0,0,2,0,0,0,1,2,2,2,2,0,0,0,0
262,-7809.311,695.288,461.733,138.127,-0.727825,-0.595769,-0.339603,0.652415,-0.754114,-0.075281,-0.211250,-0.276353,0.937551,0,0.24096,-0.96686,13.109,-0.900,317.218,321.332,522.946,378.336,-1,279.525,253.574,354.340,317.187,-1,-1,-1,-1,388.884,559.204,341.899,778.354,0,0,0,0,2,0,0,0,1,2,2,2,2,0,0,0,0
263,-7815.506,706.878,458.816,137.253,-0.719621,-0.610507,-0.330797,0.665149,-0.742829,-0.076038,-0.199304,-0.274747,0.940634,0,0.24254,-0.96686,13.143,-0.875,321.842,322.796,549.871,389.317,-1,269.244,263.087,354.216,318.960,-1,-1,-1,-1,373.953,571.281,346.478,800.969,0,0,0,0,2,0,0,0,1,2,2,2,2,0,0,0,0
264,-7821.129,718.637,455.443,136.352,-0.711161,-0.626387,-0.319202,0.678366,-0.730611,-0.077638,-0.184581,-0.271749,0.944501,0,0.24407,-0.96686,13.034,-0.901,327.938,311.294,584.241,402.747,-1,259.753,276.828,354.945,314.875,-1,-1,-1,-1,360.525,588.236,354.345,833.254,0,0,0,0,2,0,0,0,1,2,2,2,2,0,0,0,0
265,-7826.229,730.587,451.515,135.429,-0.702335,-0.643050,-0.305306,0.691888,-0.717517,-0.080371,-0.167380,-0.267685,0.948856,0,0.24567,-0.96686,12.992,-0.923,336.914,300.170,619.682,415.667,-1,250.803,294.416,356.217,306.846,-1,-1,-1,-1,348.203,610.433,362.302,875.428,0,0,0,0,2,0,0,0,1,2,2,2,2,0,0,0,0
266,-7830.784,742.767,447.010,134.510,-0.693314,-0.659911,-0.289540,0.705284,-0.703856,-0.084622,-0.147951,-0.262878,0.953418,0,0.24732,-0.96686,13.005,-0.920,348.832,289.810,666.603,431.144,-1,242.161,310.392,357.425,296.851,-1,-1,-1,-1,336.961,636.097,373.535,931.366,0,0,0,0,2,0,0,0,1,2,2,2,2,0,0,0,0
267,-7835.151,755.029,441.755,133.602,-0.684154,-0.677205,-0.270790,0.718375,-0.689834,-0.089813,-0.125978,-0.255975,0.958440,0,0.24897,-0.96686,13.016,-0.907,364.792,280.409,721.481,448.824,-1,234.167,324.450,358.656,229.400,-1,-1,-1,-1,327.283,666.657,388.520,1002.940,0,0,0,0,2,0,0,0,1,2,2,2,2,0,0,0,0
268,-7839.808,770.427,434.932,132.810,-0.676461,-0.694103,-0.246214,0.730259,-0.675512,-0.102011,-0.095514,-0.248806,0.963832,0,0.25060,-0.96686,16.087,-0.792,386.759,272.323,815.061,476.191,-1,247.646,347.802,357.395,233.553,-1,-1,-1,-1,320.012,719.191,393.348,-1,0,0,0,0,2,0,0,0,1,2,2,2,2,0,0,0,2
269,-7842.833,780.959,429.956,132.437,-0.673010,-0.703521,-0.228288,0.736072,-0.667318,-0.113507,-0.072486,-0.244427,0.966955,0,0.25191,-0.96686,10.958,-0.372,404.166,269.047,911.115,499.283,-1,271.315,367.895,354.939,238.347,470.463,-1,-1,-1,346.275,767.045,389.654,-1,0,0,0,0,2,0,0,0,1,0,2,2,2,0,0,0,2
270,-7846.611,794.195,423.229,132.023,-0.668833,-0.714718,-0.204551,0.742208,-0.657635,-0.129012,-0.042312,-0.238107,0.970317,0,0.25245,-0.96686,13.765,-0.414,430.284,275.354,-1,530.774,-1,299.895,391.228,351.897,245.561,465.956,-1,-1,-1,386.233,838.772,386.766,-1,0,0,2,0,2,0,0,0,1,0,2,2,2,0,0,0,2
271,-7849.971,807.189,416.822,131.561,-0.663326,-0.726051,-0.181242,0.748141,-0.648865,-0.138776,-0.016843,-0.227649,0.973598,0,0.25301,-0.96686,13.422,-0.462,452.194,298.331,-1,554.447,-1,322.985,408.185,353.054,253.203,468.681,-1,-1,-1,426.251,899.532,382.672,-1,0,0,2,0,2,0,0,0,1,0,2,2,2,0,0,0,2
272,-7852.963,819.795,411.357,130.993,-0.655970,-0.738099,-0.157839,0.754781,-0.640662,-0.140916,0.002889,-0.211571,0.977358,0,0.25369,-0.96686,12.956,-0.568,452.664,320.836,-1,564.977,-1,340.079,419.800,360.652,260.763,481.415,-1,-1,-1,465.065,937.366,377.430,-1,0,0,2,0,2,0,0,0,1,0,2,2,2,0,0,0,2
273,-7853.460,825.412,411.647,130.301,-0.646772,-0.747919,-0.149339,0.762630,-0.636518,-0.115064,-0.008998,-0.188311,0.982068,0,0.25461,-0.96686,5.639,-0.693,441.005,317.953,-1,522.565,-1,329.113,400.238,384.774,255.330,523.014,-1,-1,-1,458.584,848.558,363.632,-1,0,0,2,0,2,0,0,0,1,0,2,2,2,0,0,0,2
274,-7854.701,832.045,412.523,129.831,-0.640492,-0.754918,-0.140957,0.767887,-0.632170,-0.103495,-0.010979,-0.174526,0.984591,0,0.40048,-0.57879,6.748,-0.469,434.451,324.481,-1,509.233,-1,331.113,395.309,401.661,247.875,551.099,-1,-1,-1,467.296,822.203,356.106,-1,0,0,2,0,2,0,0,0,1,0,2,2,2,0,0,0,2
275,-7856.846,839.255,413.806,129.423,-0.635031,-0.760716,-0.134343,0.772476,-0.626268,-0.105209,-0.004100,-0.170588,0.985334,0,0.40182,-0.57879,7.523,-0.409,429.390,338.949,-1,520.512,-1,344.279,406.069,409.096,248.549,565.309,-1,-1,-1,487.541,845.219,351.714,-1,0,0,2,0,2,0,0,0,1,0,2,2,2,0,0,0,2
276,-7859.937,846.698,415.291,129.073,-0.630294,-0.765458,-0.129627,0.776311,-0.619611,-0.115859,0.008367,-0.173656,0.984771,0,0.40290,-0.57879,8.059,-0.349,424.971,356.972,-1,548.008,-1,365.008,424.481,408.850,255.268,569.628,-1,-1,-1,515.580,904.038,349.138,-1,0,0,2,0,2,0,0,0,1,0,2,2,2,0,0,0,2
277,-7863.788,854.109,416.735,128.777,-0.626139,-0.769353,-0.126673,0.779407,-0.613044,-0.129235,0.021771,-0.179649,0.983490,0,0.40375,-0.57879,8.351,-0.297,419.645,374.987,-1,580.184,-1,385.181,443.504,405.149,264.145,570.676,-1,-1,-1,543.260,978.612,372.860,-1,0,0,2,0,2,0,0,0,1,0,2,2,2,0,0,0,2
278,-7867.834,861.110,418.146,128.469,-0.621797,-0.772966,-0.126062,0.782588,-0.606979,-0.138322,0.030401,-0.184663,0.982332,0,0.40439,-0.57879,8.086,-0.308,410.492,387.262,-1,604.566,-1,397.800,456.581,401.580,267.421,576.306,592.275,-1,-1,560.484,-1,424.425,-1,0,0,2,0,2,0,0,0,1,0,0,2,2,0,2,0,2
279,-7871.849,867.754,419.403,128.130,-0.617114,-0.776473,-0.127516,0.786196,-0.601710,-0.140857,0.032644,-0.187177,0.981784,0,0.40508,-0.57879,7.763,-0.339,396.797,391.619,-1,612.290,-1,401.730,460.360,399.856,271.075,588.903,563.837,-1,-1,565.014,-1,453.123,-1,0,0,2,0,2,0,0,0,1,0,0,2,2,0,2,0,2
280,-7875.780,874.335,420.329,127.773,-0.612254,-0.779804,-0.130575,0.790088,-0.597122,-0.138587,0.030102,-0.188016,0.981705,0,0.40588,-0.57879,7.666,-0.357,378.527,389.361,-1,606.604,-1,398.437,456.558,399.069,275.056,606.384,660.345,-1,-1,559.015,-1,447.307,-1,0,0,2,0,2,0,0,0,1,0,0,2,2,0,2,0,2
281,-7880.368,882.581,420.763,127.320,-0.606087,-0.783695,-0.135946,0.795013,-0.591558,-0.134216,0.024764,-0.189426,0.981583,0,0.40675,-0.57879,9.436,-0.452,351.187,382.078,-1,593.105,-1,389.875,447.636,396.367,279.834,628.920,-1,-1,-1,544.805,-1,414.593,-1,0,0,2,0,2,0,0,0,1,0,2,2,2,0,2,0,2
282,-7883.395,888.437,420.523,127.011,-0.601825,-0.786200,-0.140344,0.798327,-0.587413,-0.132736,0.021917,-0.191924,0.981165,0,0.40786,-0.57879,6.592,-0.309,331.397,376.592,-1,585.415,-1,383.900,441.931,392.041,279.407,641.978,-1,-1,-1,534.594,993.219,388.076,-1,0,0,2,0,2,0,0,0,1,0,2,2,2,0,0,0,2
283,-7887.188,896.052,419.752,126.666,-0.597006,-0.789259,-0.143717,0.801934,-0.582211,-0.133909,0.022016,-0.195196,0.980517,0,0.40862,-0.57879,8.507,-0.345,309.965,373.582,-1,582.928,-1,380.430,438.846,385.939,269.367,653.018,-1,-1,-1,528.345,991.053,374.698,-1,0,0,2,0,2,0,0,0,1,0,2,2,2,0,0,0,2
284,-7890.842,903.648,419.006,126.422,-0.593489,-0.792443,-0.140729,0.804335,-0.577771,-0.138654,0.028566,-0.195483,0.980291,0,0.40942,-0.57879,8.430,-0.244,298.539,380.367,-1,592.249,-1,386.296,444.136,383.459,260.127,659.655,630.507,-1,-1,538.207,-1,413.003,-1,0,0,2,0,2,0,0,0,1,0,0,2,2,0,2,0,2
285,-7894.120,910.910,418.722,126.242,-0.590751,-0.795885,-0.132588,0.805907,-0.574077,-0.144738,0.039079,-0.192358,0.980546,0,0.40989,-0.57879,7.968,-0.180,295.662,393.224,-1,609.522,-1,399.051,455.625,385.582,251.986,665.074,436.659,-1,-1,561.672,-1,465.257,-1,0,0,2,0,2,0,0,0,1,0,0,2,2,0,2,0,2
286,-7896.611,917.548,419.338,126.047,-0.587711,-0.799730,-0.122588,0.807518,-0.570425,-0.150101,0.050114,-0.187208,0.981041,0,0.41016,-0.57879,7.090,-0.195,303.122,410.054,-1,630.793,-1,414.191,469.364,391.558,282.007,660.696,264.388,776.759,-1,590.684,-1,536.719,-1,0,0,2,0,2,0,0,0,1,0,0,0,2,0,2,0,2
287,-7898.620,923.490,420.966,125.858,-0.584707,-0.803466,-0.112067,0.808978,-0.567166,-0.154521,0.060592,-0.181010,0.981613,0,0.41053,-0.57879,6.272,-0.189,367.489,429.156,-1,654.611,-1,430.139,484.875,400.649,280.375,661.558,198.322,617.885,-1,624.363,-1,616.715,-1,0,0,2,0,2,0,0,0,1,0,0,0,2,0,2,0,2
288,-7900.356,928.806,423.527,125.678,-0.581794,-0.806856,-0.102467,0.810299,-0.564127,-0.158669,0.070219,-0.175341,0.982000,0,0.41092,-0.57879,5.593,-0.180,451.900,449.652,-1,678.807,-1,447.419,501.808,411.061,279.214,665.484,198.725,537.342,-1,662.997,-1,712.796,-1,0,0,2,0,2,0,0,0,1,0,0,0,2,0,2,0,2
289,-7901.964,933.596,426.835,125.505,-0.578950,-0.809853,-0.094634,0.811522,-0.561076,-0.163173,0.079049,-0.171267,0.982048,0,0.41130,-0.57879,5.052,-0.174,537.109,470.940,-1,705.318,-1,465.550,520.236,421.249,278.813,669.549,201.167,492.268,-1,702.473,-1,823.204,-1,0,0,2,0,2,0,0,0,1,0,0,0,2,0,2,0,2
290,-7903.469,937.807,430.701,125.330,-0.576098,-0.812564,-0.088609,0.812740,-0.557915,-0.167881,0.086978,-0.168732,0.981817,0,0.41169,-0.57879,4.472,-0.174,600.382,492.354,-1,734.725,-1,484.625,539.410,430.827,279.089,673.556,205.355,467.416,-1,741.971,-1,982.334,-1,0,0,2,0,2,0,0,0,1,0,0,0,2,0,2,0,2
291,-7904.916,941.597,434.890,125.144,-0.573073,-0.815167,-0.084204,0.814058,-0.554426,-0.172979,0.094322,-0.167676,0.981319,0,0.41209,-0.57879,4.057,-0.186,662.596,512.530,-1,765.266,-1,504.203,559.129,439.345,279.888,676.435,210.555,454.124,-1,782.294,-1,-1,-1,0,0,2,0,2,0,0,0,1,0,0,0,2,0,2,2,2
292,-7906.402,945.191,439.130,124.951,-0.569907,-0.817725,-0.080823,0.815390,-0.550607,-0.178802,0.101709,-0.167803,0.980560,0,0.41255,-0.57879,3.890,-0.193,725.732,532.181,-1,797.911,-1,523.307,579.722,446.605,281.072,676.273,215.604,442.759,-1,826.373,-1,-1,-1,0,0,2,0,2,0,0,0,1,0,0,0,2,0,2,2,2
293,-7907.902,948.726,443.165,124.755,-0.566653,-0.820220,-0.078384,0.816671,-0.546473,-0.185516,0.109329,-0.169137,0.979510,0,0.33678,-0.61297,3.840,-0.196,791.075,552.844,-1,833.891,-1,542.553,601.490,451.957,285.159,672.039,219.684,429.615,-1,872.294,-1,-1,-1,0,0,2,0,2,0,0,0,1,0,0,0,2,0,2,2,2
294,-7909.387,952.242,446.785,124.562,-0.563389,-0.822626,-0.076676,0.817829,-0.542108,-0.193063,0.117252,-0.171478,0.978186,0,0.33719,-0.61297,3.816,-0.193,862.153,573.044,-1,871.883,-1,562.991,623.875,455.004,285.931,663.659,222.249,413.651,-1,918.683,-1,-1,-1,0,0,2,0,2,0,0,0,1,0,0,0,2,0,2,2,2
295,-7910.852,955.754,449.881,124.384,-0.560233,-0.824937,-0.074956,0.818703,-0.537688,-0.201534,0.125950,-0.174273,0.976609,0,0.33759,-0.61297,3.805,-0.179,947.646,593.524,-1,913.438,-1,584.548,647.575,456.511,286.701,650.118,222.607,393.393,-1,975.302,-1,-1,-1,0,0,2,0,2,0,0,0,1,0,0,0,2,0,2,2,2
296,-7912.275,959.289,452.418,124.219,-0.557164,-0.827191,-0.072961,0.819242,-0.533194,-0.211060,0.135685,-0.177368,0.974746,0,0.33795,-0.61297,3.811,-0.164,-1,616.198,-1,960.001,-1,607.744,672.787,456.794,287.398,630.544,220.505,366.777,-1,-1,-1,-1,-1,2,0,2,0,2,0,0,0,1,0,0,0,2,2,2,2,2
297,-7913.626,962.894,454.403,124.061,-0.554036,-0.829460,-0.070996,0.819517,-0.528414,-0.221747,0.146415,-0.181038,0.972516,0,0.33827,-0.61297,3.849,-0.159,-1,640.242,-1,-1,-1,632.613,700.139,455.554,287.986,606.834,216.153,336.286,-1,-1,-1,-1,-1,2,0,2,2,2,0,0,0,1,0,0,0,2,2,2,2,2
298,-7914.920,966.599,455.866,123.903,-0.550795,-0.831744,-0.069476,0.819562,-0.523217,-0.233587,0.157934,-0.185598,0.969851,0,0.33857,-0.61297,3.925,-0.157,-1,664.485,-1,-1,-1,659.215,729.757,452.502,288.524,580.451,209.928,305.186,-1,-1,-1,-1,-1,2,0,2,2,2,0,0,0,1,0,0,0,2,2,2,2,2
299,-7916.165,970.419,456.859,123.741,-0.547362,-0.834050,-0.068961,0.819461,-0.517404,-0.246528,0.169936,-0.191451,0.966679,0,0.33888,-0.61297,4.018,-0.162,-1,690.300,-1,-1,-1,687.114,763.026,447.305,289.074,551.591,199.622,271.240,-1,-1,-1,-1,-1,2,0,2,2,2,0,0,0,1,0,0,0,2,2,2,2,2
300,-7917.399,974.357,457.461,123.576,-0.543784,-0.836314,-0.069841,0.819217,-0.510915,-0.260478,0.182158,-0.198859,0.962950,0,0.33919,-0.61297,4.127,-0.165,-1,716.742,-1,-1,-1,717.646,797.977,439.881,289.756,520.328,188.417,232.024,-1,-1,-1,-1,-1,2,0,2,2,2,0,0,0,1,0,0,0,2,2,2,2,2
301,-7918.627,978.307,457.860,123.386,-0.539904,-0.838631,-0.072117,0.819230,-0.503866,-0.273827,0.193303,-0.206921,0.959071,0,0.33951,-0.61297,4.137,-0.189,-1,740.421,-1,-1,-1,746.247,832.135,431.506,290.466,491.350,57.034,199.252,-1,-1,-1,-1,-1,2,0,2,2,2,0,0,0,1,0,0,0,2,2,2,2,2
302,-7919.768,982.025,458.373,123.130,-0.535429,-0.841226,-0.075196,0.820399,-0.496881,-0.282940,0.200653,-0.213185,0.956185,0,0.33989,-0.61297,3.888,-0.256,-1,756.847,-1,-1,-1,766.213,857.557,425.091,-1,472.689,56.162,185.043,-1,-1,-1,-1,-1,2,0,2,2,2,0,0,0,2,0,0,0,2,2,2,2,2
303,-7920.808,985.566,459.095,122.829,-0.530759,-0.843885,-0.078433,0.822659,-0.490726,-0.287091,0.203782,-0.216900,0.954687,0,0.34047,-0.61297,3.691,-0.301,-1,764.039,-1,-1,-1,775.616,869.776,421.470,-1,465.983,58.705,181.990,-1,-1,-1,-1,-1,2,0,2,2,2,0,0,0,2,0,0,0,2,2,2,2,2
304,-7921.743,989.086,459.948,122.492,-0.525941,-0.846611,-0.081464,0.825830,-0.485414,-0.287014,0.203445,-0.218227,0.954456,0,0.34117,-0.61297,3.642,-0.338,-1,763.658,-1,-1,-1,775.785,870.186,420.306,-1,468.909,64.034,186.646,-1,-1,-1,-1,-1,2,0,2,2,2,0,0,0,2,0,0,0,2,2,2,2,2
305,-7922.525,992.861,460.784,122.105,-0.520611,-0.849602,-0.084509,0.829758,-0.480149,-0.284534,0.201164,-0.218253,0.954934,0,0.51219,-0.93197,3.855,-0.386,-1,758.764,-1,-1,-1,770.202,863.636,420.260,-1,477.097,70.999,195.329,-1,-1,-1,-1,-1,2,0,2,2,2,0,0,0,2,0,0,0,2,2,2,2,2
306,-7923.138,997.157,461.414,121.651,-0.514321,-0.853065,-0.088058,0.834337,-0.473973,-0.281480,0.198384,-0.218241,0.955518,0,0.51360,-0.92854,4.340,-0.454,-1,751.691,-1,-1,-1,762.777,854.854,419.748,-1,485.541,78.447,204.386,-1,-1,-1,-1,-1,2,0,2,2,2,0,0,0,2,0,0,0,2,2,2,2,2
307,-7923.707,1002.021,461.631,121.155,-0.507357,-0.856809,-0.092014,0.839225,-0.467032,-0.278536,0.195679,-0.218537,0.956008,0,0.51527,-0.92446,4.897,-0.496,-1,743.194,-1,-1,-1,754.433,845.247,417.786,-1,492.013,85.593,211.691,-1,-1,-1,-1,-1,2,0,2,2,2,0,0,0,2,0,0,0,2,2,2,2,2
308,-7924.253,1007.459,461.347,120.627,-0.499826,-0.860755,-0.096307,0.844263,-0.459362,-0.276056,0.193377,-0.219288,0.956304,0,0.51709,-0.92000,5.466,-0.529,-1,734.104,-1,-1,-1,745.829,835.621,414.134,-1,495.998,215.539,216.034,-1,-1,-1,-1,-1,2,0,2,2,2,0,0,0,2,0,0,0,2,2,2,2,2
309,-7924.790,1013.448,460.591,120.055,-0.491558,-0.864989,-0.100821,0.849530,-0.450844,-0.273933,0.191494,-0.220305,0.956450,0,0.51902,-0.91527,6.013,-0.572,-1,724.695,-1,-1,-1,736.691,826.026,409.285,-1,497.818,97.763,217.327,-1,-1,-1,-1,-1,2,0,2,2,2,0,0,0,2,0,0,0,2,2,2,2,2
310,-7925.285,1019.954,459.477,119.439,-0.482579,-0.869467,-0.105570,0.855083,-0.441608,-0.271689,0.189604,-0.221382,0.956577,0,0.52112,-0.91016,6.525,-0.616,-1,714.274,-1,-1,-1,726.206,815.445,403.655,-1,498.797,103.443,217.052,-1,-1,-1,-1,-1,2,0,2,2,2,0,0,0,2,0,0,0,2,2,2,2,2
311,-7925.702,1026.936,458.169,118.784,-0.473006,-0.874113,-0.110420,0.860969,-0.431965,-0.268588,0.187079,-0.222112,0.956905,0,0.52337,-0.90466,6.994,-0.655,-1,702.124,-1,-1,-1,713.526,802.452,397.930,-1,501.067,109.785,217.414,-1,-1,-1,-1,-1,2,0,2,2,2,0,0,0,2,0,0,0,2,2,2,2,2
312,-7926.024,1034.371,456.805,118.083,-0.462737,-0.878952,-0.115404,0.867262,-0.421876,-0.264343,0.183658,-0.222407,0.957499,0,0.52576,-0.89880,7.442,-0.701,-1,688.428,-1,-1,-1,698.459,786.873,392.394,-1,505.892,117.412,219.703,-1,-1,-1,-1,-1,2,0,2,2,2,0,0,0,2,0,0,0,2,2,2,2,2
313,-7926.245,1042.222,455.515,117.334,-0.451737,-0.883979,-0.120473,0.873955,-0.411337,-0.258854,0.179266,-0.222222,0.958374,0,0.52833,-0.89252,7.855,-0.749,-1,673.152,-1,-1,-1,681.344,768.932,387.296,-1,513.751,126.833,224.827,-1,-1,-1,-1,-1,2,0,2,2,2,0,0,0,2,0,0,0,2,2,2,2,2
314,-7926.388,1050.447,454.437,116.555,-0.440210,-0.889192,-0.124710,0.880820,-0.400696,-0.252190,0.174274,-0.220864,0.959608,0,0.53109,-0.88579,8.226,-0.779,-1,657.381,-1,-1,-1,663.737,749.911,383.564,-1,525.633,138.203,232.556,-1,-1,-1,-1,-1,2,0,2,2,2,0,0,0,2,0,0,0,2,2,2,2,2
315,-7926.420,1059.042,453.594,115.738,-0.428059,-0.894577,-0.128439,0.887918,-0.389806,-0.244241,0.168426,-0.218593,0.961171,0,0.53395,-0.87878,8.596,-0.816,-1,640.859,-1,-1,-1,645.810,729.474,380.245,-1,541.933,288.911,244.014,-1,-1,-1,-1,-1,2,0,2,2,2,0,0,0,2,0,0,0,2,2,2,2,2
316,-7926.287,1067.754,452.966,114.847,-0.414644,-0.900432,-0.131504,0.895438,-0.377998,-0.235176,0.162051,-0.215268,0.963016,0,0.53696,-0.87144,8.713,-0.891,-1,624.891,-1,-1,-1,627.907,708.814,377.318,-1,562.529,310.846,258.341,-1,-1,-1,-1,-1,2,0,2,2,2,0,0,0,2,0,0,0,2,2,2,2,2
317,-7925.321,1075.049,452.260,113.629,-0.395974,-0.908277,-0.135047,0.905097,-0.361240,-0.224287,0.154931,-0.211043,0.965120,0,0.54028,-0.86333,7.358,-1.218,-1,608.878,-1,-1,-1,608.608,687.859,374.655,-1,582.686,340.231,274.035,-1,-1,-1,-1,-1,2,0,2,2,2,0,0,0,2,0,0,0,2,2,2,2,2
318,-7923.181,1081.175,451.469,112.188,-0.373472,-0.917131,-0.139245,0.915700,-0.340480,-0.213466,0.148366,-0.207230,0.966976,0,0.54502,-0.85175,6.490,-1.441,-1,594.885,-1,772.892,-1,591.588,669.730,371.378,-1,601.497,369.826,287.775,-1,-1,-1,-1,-1,2,0,2,1,2,0,0,0,2,0,0,0,2,2,2,2,2
319,-7920.495,1087.160,450.679,110.784,-0.351105,-0.925577,-0.141539,0.925079,-0.319529,-0.205255,0.144753,-0.203001,0.968420,0,0.55076,-0.83770,6.560,-1.405,-1,586.678,-1,779.457,-1,581.420,658.771,368.898,235.756,616.415,394.340,293.686,-1,-1,-1,-1,-1,2,0,2,1,2,0,0,0,1,0,0,0,2,2,2,2,2
320,-7917.603,1093.247,450.009,109.510,-0.330491,-0.933045,-0.142135,0.932772,-0.299937,-0.199937,0.143919,-0.198657,0.969445,0,0.55639,-0.82396,6.739,-1.274,-1,584.443,-1,777.389,-1,577.454,654.086,367.258,228.893,627.622,412.333,305.759,-1,1004.425,-1,-1,-1,2,0,2,1,2,0,0,0,1,0,0,0,2,0,2,2,2
321,-7914.465,1099.193,449.518,108.264,-0.310120,-0.939928,-0.142689,0.939678,-0.280268,-0.196098,0.144327,-0.194895,0.970147,0,0.56148,-0.81150,6.724,-1.245,-1,585.001,-1,775.535,-1,576.464,653.146,364.936,220.973,635.999,428.813,317.696,-1,1006.044,-1,-1,-1,2,0,2,1,2,0,0,0,1,0,0,0,2,0,2,2,2
322,-7911.642,1102.804,449.939,107.193,-0.292780,-0.946103,-0.138450,0.946239,-0.265859,-0.184257,0.137518,-0.184953,0.973078,0,0.56647,-0.79930,4.583,-1.071,-1,577.856,-1,778.076,-1,564.039,637.600,356.833,213.951,670.082,460.483,343.669,-1,980.557,-1,-1,-1,2,0,2,1,2,0,0,0,1,0,0,0,2,0,2,2,2
323,-7909.267,1105.807,450.833,106.399,-0.280011,-0.951005,-0.131089,0.951443,-0.256729,-0.169842,0.127866,-0.172281,0.976714,0,0.57083,-0.78864,3.829,-0.794,-1,568.181,-1,784.466,-1,548.324,616.731,359.253,208.700,718.629,497.865,373.669,-1,950.684,-1,-1,-1,2,0,2,1,2,0,0,0,1,0,0,0,2,0,2,2,2
324,-7907.076,1109.258,451.497,105.650,-0.267821,-0.955380,-0.124582,0.956020,-0.247471,-0.157429,0.119574,-0.161266,0.979640,0,0.57406,-0.78075,4.088,-0.749,-1,559.745,-1,788.105,-1,534.978,599.269,358.368,203.971,763.408,527.792,402.985,-1,925.489,-1,-1,-1,2,0,2,1,2,0,0,0,1,0,0,0,2,0,2,2,2
325,-7905.034,1113.387,451.857,104.866,-0.254987,-0.959989,-0.115773,0.960597,-0.237794,-0.143900,0.110612,-0.147904,0.982797,0,0.57708,-0.77337,4.606,-0.784,-1,550.456,-1,866.692,-1,520.444,578.603,358.011,199.010,818.253,550.201,435.939,-1,899.645,-1,-1,-1,2,0,2,0,2,0,0,0,1,0,0,0,2,0,2,2,2
326,-7903.573,1115.906,451.908,104.319,-0.245955,-0.962885,-0.111169,0.963615,-0.230521,-0.135300,0.104651,-0.140402,0.984548,0,0.58021,-0.76572,2.912,-0.548,-1,542.828,-1,838.874,-1,510.632,564.979,355.186,195.405,850.867,565.332,462.520,-1,880.965,-1,-1,-1,2,0,2,0,2,0,0,0,1,0,0,0,2,0,2,2,2
327,-7901.677,1118.952,451.781,103.632,-0.234557,-0.966257,-0.106449,0.967187,-0.220969,-0.125387,0.097634,-0.132366,0.986381,0,0.58242,-0.76034,3.587,-0.687,-1,533.179,-1,808.601,-1,498.526,549.253,349.291,191.098,888.310,583.838,497.155,-1,857.107,-1,-1,-1,2,0,2,0,2,0,0,0,1,0,0,0,2,0,2,2,2
328,-7899.773,1121.940,451.465,102.953,-0.223208,-0.969372,-0.102448,0.970484,-0.211150,-0.116519,0.091319,-0.125432,0.987891,0,0.58518,-0.75357,3.543,-0.679,-1,524.015,-1,781.774,-1,487.083,535.647,341.476,187.006,923.047,601.571,532.339,-1,834.902,-1,-1,-1,2,0,2,0,2,0,0,0,1,0,0,0,2,0,2,2,2
329,-7897.942,1124.889,450.996,102.304,-0.212313,-0.972211,-0.098634,0.973428,-0.201551,-0.108700,0.085799,-0.119091,0.989169,0,0.58793,-0.74687,3.471,-0.649,-1,515.817,-1,758.696,-1,476.897,523.983,332.956,182.427,955.152,618.665,561.795,-1,817.090,-1,-1,-1,2,0,2,0,2,0,0,0,1,0,0,0,2,0,2,2,2
330,-7896.215,1127.636,450.455,101.724,-0.202538,-0.974671,-0.094844,0.975923,-0.192890,-0.101822,0.080948,-0.113183,0.990271,0,0.59054,-0.74048,3.245,-0.580,1000.711,508.696,-1,738.498,-1,468.070,513.052,325.137,178.546,984.579,634.637,599.818,-1,801.052,-1,-1,-1,0,0,2,0,2,0,0,0,1,0,0,0,2,0,2,2,2
331,-7894.251,1130.184,449.965,101.107,-0.192066,-0.977029,-0.092333,0.978376,-0.183270,-0.095873,0.076749,-0.108751,0.991102,0,0.59287,-0.73477,3.217,-0.618,976.168,502.246,-1,723.122,-1,460.572,503.541,315.244,174.889,1006.113,655.353,637.646,-1,786.327,-1,-1,-1,0,0,2,0,2,0,0,0,1,0,0,0,2,0,2,2,2
332,-7892.415,1132.761,449.561,100.533,-0.182298,-0.979148,-0.089648,0.980469,-0.174182,-0.091327,0.073808,-0.104546,0.991777,0,0.70861,-0.62968,3.165,-0.574,967.220,498.028,-1,711.567,-1,455.306,496.713,305.941,171.479,-1,675.418,667.122,-1,776.907,-1,-1,-1,0,0,2,0,2,0,0,0,1,2,0,0,2,0,2,2,2
333,-7890.945,1135.380,449.383,100.059,-0.174192,-0.980876,-0.086825,0.982017,-0.166519,-0.088965,0.072805,-0.100761,0.992243,0,0.71138,-0.62400,3.003,-0.474,983.790,497.279,-1,706.151,-1,453.479,493.977,298.136,168.617,-1,690.065,671.707,-1,775.517,-1,-1,-1,0,0,2,0,2,0,0,0,1,2,0,0,2,0,2,2,2
334,-7889.907,1137.612,449.578,99.708,-0.168165,-0.982085,-0.085027,0.983012,-0.160636,-0.088790,0.073541,-0.098514,0.992415,0,0.71364,-0.61937,2.462,-0.351,-1,499.527,-1,708.456,-1,454.975,495.504,293.287,166.739,-1,698.539,671.856,-1,780.672,-1,-1,-1,2,0,2,0,2,0,0,0,1,2,0,0,2,0,2,2,2
335,-8364.871,5232.586,640.204,-130.377,-0.647389,0.758211,-0.077483,-0.761302,-0.648132,0.018555,-0.036151,0.071000,0.996821,1,0.71529,-0.61597,0.000,0.000,-1,673.892,-1,637.091,-1,542.395,541.803,670.226,451.797,-1,-1,-1,-1,-1,-1,-1,-1,2,0,2,0,2,0,0,0,0,2,2,2,2,2,2,2,2
336,-8366.280,5231.667,645.840,-130.365,-0.647206,0.758226,-0.078846,-0.761395,-0.648038,0.018008,-0.037441,0.071688,0.996724,0,0.24223,0.83925,1.683,0.011,-1,690.595,-1,648.548,-1,555.081,552.632,701.905,465.107,-1,-1,-1,-1,-1,-1,-1,-1,2,0,2,0,2,0,0,0,0,2,2,2,2,2,2,2,2
337,-8367.867,5230.417,651.050,-130.348,-0.646956,0.758342,-0.079781,-0.761576,-0.647828,0.017930,-0.038087,0.072359,0.996651,0,0.24223,0.83927,2.020,0.018,-1,708.021,-1,659.911,-1,568.013,563.689,733.502,477.453,-1,-1,-1,-1,-1,-1,-1,-1,2,0,2,0,2,0,0,0,0,2,2,2,2,2,2,2,2
338,-8369.586,5228.852,655.251,-130.327,-0.646672,0.758524,-0.080355,-0.761814,-0.647537,0.018306,-0.038147,0.073054,0.996598,0,0.24223,0.83925,2.324,0.021,-1,724.042,-1,669.906,-1,579.615,573.523,760.046,487.282,-1,-1,-1,-1,-1,-1,-1,-1,2,0,2,0,2,0,0,0,0,2,2,2,2,2,2,2,2
339,-8371.405,5226.955,658.177,-130.294,-0.646262,0.758834,-0.080722,-0.762204,-0.647038,0.019672,-0.037303,0.074240,0.996542,0,0.24224,0.83922,2.629,0.032,-1,739.264,-1,678.406,-1,590.025,582.094,784.151,493.150,-1,-1,-1,-1,-1,-1,-1,-1,2,0,2,0,2,0,0,0,0,2,2,2,2,2,2,2,2
340,-8373.312,5224.796,659.804,-130.254,-0.645764,0.759238,-0.080907,-0.762705,-0.646373,0.021961,-0.035622,0.075889,0.996480,0,0.24226,0.83910,2.880,0.040,-1,753.493,-1,685.253,-1,599.083,589.279,804.138,495.041,-1,-1,-1,-1,-1,-1,-1,-1,2,0,2,0,2,0,0,0,0,2,2,2,2,2,2,2,2
341,-8375.300,5222.361,660.135,-130.202,-0.645130,0.759773,-0.080946,-0.763356,-0.645486,0.025213,-0.033093,0.078056,0.996400,0,0.24230,0.83891,3.143,0.052,-1,766.918,-1,690.463,-1,606.864,595.158,820.197,492.914,-1,-1,-1,-1,-1,-1,-1,-1,2,0,2,0,2,0,0,0,0,2,2,2,2,2,2,2,2
342,-8377.345,5219.691,659.286,-130.144,-0.644416,0.760400,-0.080745,-0.764067,-0.644513,0.028360,-0.030476,0.079970,0.996331,0,0.24235,0.83863,3.363,0.058,-1,776.379,-1,693.094,-1,611.742,598.510,827.669,488.350,-1,-1,-1,-1,-1,-1,-1,-1,2,0,2,0,2,0,0,0,0,2,2,2,2,2,2,2,2
343,-8379.394,5216.808,657.449,-130.082,-0.643615,0.761137,-0.080195,-0.764802,-0.643578,0.029761,-0.028960,0.080488,0.996335,0,0.24242,0.83831,3.538,0.062,-1,776.725,-1,691.613,-1,611.086,597.447,819.713,483.662,-1,-1,-1,-1,-1,-1,-1,-1,2,0,2,0,2,0,0,0,0,2,2,2,2,2,2,2,2
344,-8381.386,5213.739,654.783,-130.013,-0.642677,0.762025,-0.079277,-0.765567,-0.642744,0.028068,-0.029567,0.078730,0.996457,0,0.24249,0.83795,3.659,0.069,-1,763.578,-1,684.602,-1,602.625,590.318,791.628,480.578,-1,-1,-1,-1,-1,-1,-1,-1,2,0,2,0,2,0,0,0,0,2,2,2,2,2,2,2,2
345,-8383.279,5210.477,651.433,-129.939,-0.641630,0.763025,-0.078127,-0.766316,-0.642057,0.022855,-0.032723,0.074534,0.996681,0,0.24257,0.83752,3.772,0.074,-1,736.334,-1,671.629,-1,585.915,576.769,747.978,479.665,-1,-1,-1,-1,-1,-1,-1,-1,2,0,2,0,2,0,0,0,0,2,2,2,2,2,2,2,2
346,-8385.232,5206.901,647.853,-129.870,-0.640625,0.763973,-0.077100,-0.767002,-0.641408,0.017412,-0.036151,0.070290,0.996871,0,0.24266,0.83705,4.074,0.069,-1,708.222,-1,657.587,-1,568.300,562.365,706.139,478.232,-1,-1,-1,-1,-1,-1,-1,-1,2,0,2,0,2,0,0,0,0,2,2,2,2,2,2,2,2
347,-8387.456,5203.003,644.465,-129.807,-0.639737,0.764832,-0.075952,-0.767635,-0.640746,0.013451,-0.038378,0.066908,0.997021,0,0.24274,0.83664,4.488,0.062,-1,686.619,-1,646.268,-1,554.410,550.862,672.837,475.944,-1,-1,-1,-1,-1,-1,-1,-1,2,0,2,0,2,0,0,0,0,2,2,2,2,2,2,2,2
348,-8390.035,5198.790,641.624,-129.745,-0.638889,0.765705,-0.074277,-0.768319,-0.639967,0.011368,-0.038830,0.064331,0.997173,0,0.24280,0.83634,4.940,0.062,-1,673.986,-1,639.820,-1,546.230,544.083,647.590,473.898,-1,-1,-1,-1,-1,-1,-1,-1,2,0,2,0,2,0,0,0,0,2,2,2,2,2,2,2,2
349,-8392.963,5194.240,639.624,-129.676,-0.638001,0.766729,-0.071278,-0.769133,-0.638998,0.010791,-0.037273,0.061707,0.997398,0,0.24285,0.83607,5.410,0.069,-1,670.795,-1,640.063,-1,544.720,543.214,627.117,474.415,-1,-1,-1,-1,-1,-1,-1,-1,2,0,2,0,2,0,0,0,0,2,2,2,2,2,2,2,2
350,-8396.104,5189.428,638.502,-129.588,-0.636876,0.768004,-0.067519,-0.770181,-0.637734,0.010770,-0.034788,0.058861,0.997660,0,0.24291,0.83577,5.747,0.088,-1,673.338,-1,644.843,-1,547.528,546.285,610.428,477.825,-1,-1,-1,-1,-1,-1,-1,-1,2,0,2,0,2,0,0,0,0,2,2,2,2,2,2,2,2
351,-8399.382,5184.458,638.269,-129.488,-0.635579,0.769333,-0.064536,-0.771336,-0.636338,0.010683,-0.032847,0.056569,0.997858,0,0.24300,0.83531,5.954,0.099,-1,677.772,-1,650.338,-1,551.664,550.360,600.919,482.619,-1,-1,-1,-1,-1,-1,-1,-1,2,0,2,0,2,0,0,0,0,2,2,2,2,2,2,2,2
352,-8402.857,5179.373,638.908,-129.388,-0.634244,0.770557,-0.063068,-0.772472,-0.634962,0.010494,-0.031960,0.055374,0.997954,0,0.24310,0.83476,6.159,0.101,-1,683.047,-1,654.706,-1,556.097,554.301,599.520,487.679,-1,-1,-1,-1,-1,-1,-1,-1,2,0,2,0,2,0,0,0,0,2,2,2,2,2,2,2,2
353,-8406.671,5174.068,640.178,-129.304,-0.633130,0.771551,-0.062090,-0.773412,-0.633818,0.010428,-0.031308,0.054623,0.998016,0,0.46747,0.51257,6.533,0.084,-1,690.532,-1,659.481,-1,561.963,559.268,602.470,493.633,-1,-1,-1,-1,-1,-1,-1,-1,2,0,2,0,2,0,0,0,0,2,2,2,2,2,2,2,2
354,-8411.016,5168.426,641.792,-129.270,-0.632685,0.772057,-0.060311,-0.773828,-0.633308,0.010592,-0.030018,0.053372,0.998123,0,0.46760,0.51222,7.121,0.035,-1,701.521,-1,667.009,-1,570.462,566.524,605.227,501.548,-1,-1,-1,-1,-1,-1,-1,-1,2,0,2,0,2,0,0,0,0,2,2,2,2,2,2,2,2
355,-8415.858,5162.464,643.489,-129.283,-0.632903,0.772092,-0.057511,-0.773720,-0.633436,0.010761,-0.028121,0.051308,0.998287,0,0.46753,0.51241,7.681,-0.014,-1,714.709,-1,676.859,-1,580.822,575.478,605.251,511.361,-1,-1,-1,-1,-1,-1,-1,-1,2,0,2,0,2,0,0,0,0,2,2,2,2,2,2,2,2
356,-8421.136,5156.181,645.047,-129.338,-0.633685,0.771715,-0.053848,-0.773161,-0.634118,0.010797,-0.025813,0.048475,0.998491,0,0.46726,0.51313,8.205,-0.055,-1,728.723,-1,688.057,-1,592.021,584.977,601.654,522.456,-1,-1,-1,-1,-1,-1,-1,-1,2,0,2,0,2,0,0,0,0,2,2,2,2,2,2,2,2
357,-8426.763,5149.581,646.330,-129.416,-0.634771,0.771089,-0.049884,-0.772350,-0.635103,0.010913,-0.023266,0.045455,0.998695,0,0.46682,0.51431,8.673,-0.078,-1,743.118,-1,699.448,-1,603.328,594.377,596.462,533.398,-1,-1,-1,-1,-1,-1,-1,-1,2,0,2,0,2,0,0,0,0,2,2,2,2,2,2,2,2
358,-8432.708,5142.701,647.250,-129.510,-0.636080,0.770244,-0.046106,-0.771340,-0.636330,0.010951,-0.020904,0.042529,0.998877,0,0.46629,0.51574,9.093,-0.095,-1,755.953,-1,709.563,-1,612.863,602.660,590.100,543.336,-1,-1,-1,-1,-1,-1,-1,-1,2,0,2,0,2,0,0,0,0,2,2,2,2,2,2,2,2
359,-8438.936,5135.590,647.734,-129.622,-0.637591,0.769172,-0.043038,-0.770126,-0.637811,0.010196,-0.019608,0.039646,0.999021,0,0.46568,0.51739,9.453,-0.111,-1,762.271,-1,715.689,-1,616.641,606.759,581.980,552.033,-1,-1,-1,-1,-1,-1,-1,-1,2,0,2,0,2,0,0,0,0,2,2,2,2,2,2,2,2
360,-8445.367,5128.263,647.782,-129.732,-0.639074,0.768030,-0.041416,-0.768884,-0.639333,0.008370,-0.020050,0.037193,0.999107,0,0.46500,0.51923,9.749,-0.111,-1,761.747,-1,715.945,-1,615.843,606.063,573.350,558.294,-1,-1,-1,-1,-1,-1,-1,-1,2,0,2,0,2,0,0,0,0,2,2,2,2,2,2,2,2
361,-8452.022,5120.703,647.380,-129.835,-0.640429,0.766881,-0.041770,-0.767701,-0.640779,0.006146,-0.022053,0.036003,0.999108,0,0.46431,0.52108,10.072,-0.103,-1,755.850,-1,710.344,-1,610.986,601.173,566.814,560.599,-1,-1,-1,-1,-1,-1,-1,-1,2,0,2,0,2,0,0,0,0,2,2,2,2,2,2,2,2
362,-8458.877,5113.071,646.748,-129.910,-0.641387,0.765908,-0.044799,-0.766821,-0.641838,0.005352,-0.024655,0.037786,0.998982,0,0.46364,0.52128,10.258,-0.074,-1,750.304,-1,700.548,-1,604.968,594.245,568.800,556.099,-1,-1,-1,-1,-1,-1,-1,-1,2,0,2,0,2,0,0,0,0,2,2,2,2,2,2,2,2
363,-8466.030,5105.443,646.126,-129.977,-0.642261,0.764875,-0.049675,-0.766034,-0.642759,0.007319,-0.026331,0.042753,0.998739,0,0.46307,0.52128,10.457,-0.067,-1,751.303,-1,690.712,-1,601.528,588.664,581.606,545.551,-1,-1,-1,-1,-1,-1,-1,-1,2,0,2,0,2,0,0,0,0,2,2,2,2,2,2,2,2
364,-8473.545,5097.812,645.604,-130.069,-0.643477,0.763449,-0.055516,-0.764995,-0.643931,0.011680,-0.026831,0.049985,0.998389,0,0.46251,0.52128,10.711,-0.092,-1,759.260,-1,682.330,-1,601.180,585.171,603.874,531.325,-1,-1,-1,-1,-1,-1,-1,-1,2,0,2,0,2,0,0,0,0,2,2,2,2,2,2,2,2
365,-8481.367,5090.188,645.226,-130.188,-0.645068,0.761613,-0.061901,-0.763652,-0.645399,0.017179,-0.026867,0.058352,0.997934,0,0.46186,0.52128,10.923,-0.119,-1,770.932,-1,674.673,-1,602.355,582.678,632.856,515.924,-1,-1,-1,-1,-1,-1,-1,-1,2,0,2,0,2,0,0,0,0,2,2,2,2,2,2,2,2
366,-8489.454,5082.456,644.947,-130.317,-0.646787,0.759614,-0.068207,-0.762199,-0.646942,0.022781,-0.026821,0.066722,0.997411,0,0.46110,0.52128,11.188,-0.129,-1,783.654,-1,667.537,-1,603.960,580.551,664.619,501.407,-1,-1,-1,-1,-1,-1,-1,-1,2,0,2,0,2,0,0,0,0,2,2,2,2,2,2,2,2
367,-8497.331,5074.629,644.688,-130.366,-0.647402,0.758413,-0.075371,-0.761623,-0.647457,0.027018,-0.028309,0.074896,0.996789,0,-0.17042,0.79193,11.105,-0.048,-1,790.254,-1,657.292,-1,602.470,575.736,699.756,487.782,-1,-1,-1,-1,-1,-1,-1,-1,2,0,2,0,2,0,0,0,0,2,2,2,2,2,2,2,2
368,-8504.545,5067.057,644.430,-130.310,-0.646565,0.758205,-0.084139,-0.762138,-0.646806,0.028053,-0.033152,0.082264,0.996059,0,-0.17024,0.79193,10.458,0.056,-1,783.497,-1,640.645,-1,594.075,565.055,734.967,475.691,-1,-1,-1,-1,-1,-1,-1,-1,2,0,2,0,2,0,0,0,0,2,2,2,2,2,2,2,2
369,-8511.294,5059.727,644.332,-130.220,-0.645227,0.758522,-0.091250,-0.762981,-0.645900,0.025935,-0.039266,0.086356,0.995490,0,-0.17020,0.79193,9.964,0.090,-1,769.217,-1,624.375,-1,583.081,553.161,754.041,469.447,-1,-1,-1,-1,-1,987.892,-1,-1,2,0,2,0,2,0,0,0,0,2,2,2,2,2,0,2,2
370,-8517.682,5052.540,644.325,-130.145,-0.644073,0.758977,-0.095525,-0.763634,-0.645281,0.021800,-0.045095,0.086987,0.995188,0,-0.17022,0.79193,9.615,0.075,-1,752.887,-1,611.525,-1,572.429,542.704,755.116,469.010,-1,-1,-1,-1,-1,959.598,-1,-1,2,0,2,0,2,0,0,0,0,2,2,2,2,2,0,2,2
371,-8523.782,5045.490,644.031,-130.103,-0.643336,0.759333,-0.097634,-0.763895,-0.645142,0.016010,-0.050831,0.084881,0.995094,0,-0.17022,0.79193,9.323,0.042,-1,733.550,-1,600.086,-1,561.037,532.399,739.553,472.237,-1,-1,-1,-1,-1,935.614,-1,-1,2,0,2,0,2,0,0,0,0,2,2,2,2,2,0,2,2
372,-8529.624,5038.680,642.743,-130.098,-0.642982,0.759315,-0.100072,-0.763619,-0.645623,0.007619,-0.058824,0.081316,0.994951,0,-0.17018,0.79193,8.972,0.005,-1,703.653,-1,583.033,-1,543.381,516.745,710.755,475.179,-1,-1,-1,-1,-1,902.356,-1,-1,2,0,2,0,2,0,0,0,0,2,2,2,2,2,0,2,2
373,-8534.906,5031.917,640.335,-130.028,-0.641646,0.759843,-0.104541,-0.763916,-0.645313,-0.001650,-0.068716,0.078802,0.994519,0,-0.17009,0.79193,8.582,0.070,-1,667.213,-1,559.776,-1,520.783,496.216,682.057,473.552,-1,-1,-1,-1,-1,858.311,-1,-1,2,0,2,0,2,0,0,0,0,2,2,2,2,2,0,2,2
374,-8539.706,5025.206,636.918,-129.889,-0.639280,0.760911,-0.111062,-0.764861,-0.644112,-0.010371,-0.079428,0.078317,0.993759,0,-0.17010,0.79193,8.251,0.139,-1,628.962,-1,532.810,-1,495.913,472.956,658.726,466.091,-1,-1,-1,-1,-1,809.266,-1,-1,2,0,2,0,2,0,0,0,0,2,2,2,2,2,0,2,2
375,-8544.230,5018.376,633.160,-129.657,-0.635739,0.762673,-0.119023,-0.766933,-0.641562,-0.014555,-0.087462,0.082029,0.992785,0,-0.17020,0.79193,8.192,0.233,-1,601.281,-1,508.502,-1,476.200,453.215,654.271,451.423,-1,-1,-1,-1,-1,766.473,-1,-1,2,0,2,0,2,0,0,0,0,2,2,2,2,2,0,2,2
376,-8548.660,5011.491,629.902,-129.397,-0.632083,0.764959,-0.123730,-0.769585,-0.638363,-0.015194,-0.090607,0.085617,0.992200,0,-0.17044,0.79193,8.187,0.259,-1,587.549,-1,494.084,-1,465.511,441.842,652.794,438.880,-1,-1,-1,-1,-1,741.630,-1,-1,2,0,2,0,2,0,0,0,0,2,2,2,2,2,0,2,2
377,-8552.963,5004.568,627.571,-129.147,-0.628808,0.767671,-0.123623,-0.772457,-0.634921,-0.013620,-0.088946,0.086929,0.992236,0,-0.17071,0.79193,8.151,0.250,-1,586.517,-1,490.785,-1,463.805,439.427,646.083,432.653,-1,-1,-1,-1,-1,736.474,-1,-1,2,0,2,0,2,0,0,0,0,2,2,2,2,2,0,2,2
378,-8557.032,4997.747,626.364,-128.910,-0.625812,0.770612,-0.120489,-0.775305,-0.631476,-0.011855,-0.085222,0.085996,0.992644,0,-0.17097,0.79193,7.943,0.237,-1,592.051,-1,494.441,-1,467.240,442.454,635.144,432.734,-1,-1,-1,-1,-1,742.615,-1,-1,2,0,2,0,2,0,0,0,0,2,2,2,2,2,0,2,2
379,-8560.798,4991.225,626.240,-128.688,-0.622967,0.773516,-0.116553,-0.777927,-0.628250,-0.011488,-0.082110,0.083513,0.993118,0,-0.17122,0.79193,7.531,0.222,-1,598.021,-1,500.054,-1,471.753,447.012,623.084,437.700,-1,-1,-1,-1,-1,751.910,-1,-1,2,0,2,0,2,0,0,0,0,2,2,2,2,2,0,2,2
380,-8564.324,4985.035,626.875,-128.470,-0.620091,0.776276,-0.113499,-0.780413,-0.625150,-0.012002,-0.080270,0.081134,0.993466,0,-0.17145,0.79193,7.124,0.218,-1,603.067,-1,505.028,-1,475.898,451.280,615.927,444.227,-1,-1,-1,-1,-1,759.769,-1,-1,2,0,2,0,2,0,0,0,0,2,2,2,2,2,0,2,2
381,-8567.655,4979.229,627.892,-128.249,-0.617099,0.778803,-0.112493,-0.782820,-0.622118,-0.012709,-0.079882,0.080220,0.993571,0,-0.17168,0.79193,6.693,0.221,-1,606.652,-1,507.743,-1,478.792,454.023,617.576,449.226,-1,-1,-1,-1,-1,763.007,-1,-1,2,0,2,0,2,0,0,0,0,2,2,2,2,2,0,2,2
382,-8570.826,4973.806,628.936,-128.037,-0.614162,0.780952,-0.113668,-0.785053,-0.619290,-0.013076,-0.080605,0.081204,0.993433,0,-0.17191,0.79171,6.282,0.212,-1,609.076,-1,507.740,-1,480.277,454.938,627.915,451.097,-1,-1,-1,-1,-1,761.118,-1,-1,2,0,2,0,2,0,0,0,0,2,2,2,2,2,0,2,2
383,-8573.874,4968.755,629.732,-127.838,-0.611382,0.782762,-0.116173,-0.787113,-0.616677,-0.012777,-0.081643,0.083630,0.993147,0,-0.17214,0.79005,5.899,0.199,-1,611.161,-1,505.988,-1,480.966,454.697,643.211,449.975,-1,-1,-1,-1,-1,756.233,-1,-1,2,0,2,0,2,0,0,0,0,2,2,2,2,2,0,2,2
384,-8576.814,4964.048,630.139,-127.650,-0.608757,0.784392,-0.118929,-0.789067,-0.614192,-0.011912,-0.082389,0.086592,0.992831,0,-0.17235,0.78849,5.550,0.188,-1,613.268,-1,503.653,-1,481.347,453.866,659.380,447.060,-1,-1,-1,-1,-1,751.035,-1,-1,2,0,2,0,2,0,0,0,0,2,2,2,2,2,0,2,2
385,-8579.572,4959.625,630.114,-127.473,-0.606303,0.785919,-0.121357,-0.790921,-0.611824,-0.010765,-0.082710,0.089457,0.992551,0,-0.17256,0.78702,5.213,0.177,-1,615.095,-1,501.180,-1,481.360,452.791,674.626,443.292,-1,-1,-1,-1,-1,746.143,-1,-1,2,0,2,0,2,0,0,0,0,2,2,2,2,2,0,2,2
386,-8582.095,4955.453,629.724,-127.301,-0.603935,0.787491,-0.122966,-0.792739,-0.609483,-0.009754,-0.082627,0.091589,0.992363,0,-0.17275,0.78564,4.875,0.172,-1,616.216,-1,498.983,-1,481.118,451.690,684.107,439.822,-1,-1,-1,-1,-1,742.165,-1,-1,2,0,2,0,2,0,0,0,0,2,2,2,2,2,0,2,2
387,-8584.360,4951.492,629.035,-127.133,-0.601638,0.789178,-0.123408,-0.794545,-0.607139,-0.009014,-0.082039,0.092630,0.992315,0,-0.17293,0.78429,4.563,0.168,-1,616.786,-1,497.535,-1,480.858,450.883,685.844,437.349,-1,-1,-1,-1,-1,739.904,-1,-1,2,0,2,0,2,0,0,0,0,2,2,2,2,2,0,2,2
388,-8586.400,4947.758,628.171,-126.976,-0.599491,0.790916,-0.122732,-0.796259,-0.604893,-0.008713,-0.081131,0.092503,0.992402,0,-0.17312,0.78294,4.255,0.158,-1,616.660,-1,496.833,-1,480.532,450.353,679.914,436.232,-1,-1,-1,-1,-1,739.235,-1,-1,2,0,2,0,2,0,0,0,0,2,2,2,2,2,0,2,2
389,-8588.359,4943.838,627.265,-126.815,-0.597348,0.792751,-0.121330,-0.798062,-0.602526,-0.007685,-0.079197,0.092238,0.992582,0,0.45813,0.67901,4.382,0.161,-1,618.820,-1,497.957,-1,481.705,451.214,673.228,435.340,-1,-1,-1,-1,-1,741.579,-1,-1,2,0,2,0,2,0,0,0,0,2,2,2,2,2,0,2,2
390,-8590.479,4939.244,626.419,-126.617,-0.594731,0.794966,-0.119683,-0.800321,-0.599547,-0.005385,-0.076036,0.092582,0.992798,0,0.45860,0.67772,5.060,0.198,-1,624.702,-1,500.900,-1,485.064,453.877,670.753,433.891,-1,-1,-1,-1,-1,747.057,-1,-1,2,0,2,0,2,0,0,0,0,2,2,2,2,2,0,2,2
391,-8592.819,4934.139,625.723,-126.389,-0.591668,0.797443,-0.118379,-0.802845,-0.596178,-0.003378,-0.073269,0.093041,0.992963,0,0.45919,0.67609,5.616,0.228,-1,630.141,-1,503.477,-1,488.173,456.509,669.877,432.682,-1,-1,-1,-1,-1,751.386,-1,-1,2,0,2,0,2,0,0,0,0,2,2,2,2,2,0,2,2
392,-8595.394,4928.583,625.236,-126.138,-0.588211,0.800098,-0.117692,-0.805526,-0.592556,-0.002404,-0.071663,0.093389,0.993047,0,0.45988,0.67421,6.124,0.251,-1,633.095,-1,504.646,-1,489.930,457.904,669.524,432.109,-1,-1,-1,-1,-1,752.817,-1,-1,2,0,2,0,2,0,0,0,0,2,2,2,2,2,0,2,2
393,-8598.166,4922.576,624.950,-125.861,-0.584323,0.802927,-0.117790,-0.808378,-0.588658,-0.002514,-0.071356,0.093750,0.993035,0,0.46064,0.67213,6.616,0.277,-1,633.202,-1,504.079,-1,490.165,457.811,670.340,431.946,-1,-1,-1,-1,-1,750.816,-1,-1,2,0,2,0,2,0,0,0,0,2,2,2,2,2,0,2,2
394,-8601.132,4916.098,624.796,-125.560,-0.580050,0.805927,-0.118422,-0.811400,-0.584482,-0.003355,-0.071920,0.094141,0.992958,0,0.46147,0.66982,7.125,0.301,-1,631.411,-1,502.186,-1,489.298,456.714,672.071,432.048,-1,-1,-1,-1,-1,746.462,-1,-1,2,0,2,0,2,0,0,0,0,2,2,2,2,2,0,2,2
395,-8604.308,4909.153,624.711,-125.243,-0.575518,0.809045,-0.119271,-0.814550,-0.580077,-0.004362,-0.072716,0.094642,0.992852,0,0.46238,0.66732,7.637,0.317,-1,629.319,-1,499.777,-1,488.239,455.402,674.855,432.193,-1,-1,-1,-1,-1,741.415,-1,-1,2,0,2,0,2,0,0,0,0,2,2,2,2,2,0,2,2
396,-8607.655,4901.784,624.681,-124.905,-0.570657,0.812334,-0.120272,-0.817877,-0.575367,-0.005512,-0.073679,0.095222,0.992726,0,0.46334,0.66469,8.094,0.338,-1,627.062,-1,497.150,-1,487.065,453.961,678.492,432.407,-1,-1,-1,-1,-1,735.888,-1,-1,2,0,2,0,2,0,0,0,0,2,2,2,2,2,0,2,2
397,-8611.127,4893.931,624.610,-124.537,-0.565365,0.815873,-0.121302,-0.821470,-0.570214,-0.006533,-0.074499,0.095953,0.992594,0,0.46436,0.66188,8.586,0.367,-1,625.384,-1,494.562,-1,486.087,452.650,682.901,432.394,-1,-1,-1,-1,-1,731.017,-1,-1,2,0,2,0,2,0,0,0,0,2,2,2,2,2,0,2,2
398,-8614.687,4885.570,624.401,-124.137,-0.559588,0.819718,-0.122158,-0.825372,-0.564542,-0.007338,-0.074978,0.096720,0.992484,0,0.46548,0.65880,9.087,0.401,-1,624.151,-1,492.175,-1,485.398,451.584,686.867,432.117,-1,-1,-1,-1,-1,726.752,-1,-1,2,0,2,0,2,0,0,0,0,2,2,2,2,2,0,2,2
399,-8618.316,4876.704,624.033,-123.705,-0.553350,0.823857,-0.122733,-0.829564,-0.558357,-0.007880,-0.075021,0.097455,0.992408,0,0.46670,0.65543,9.580,0.432,-1,623.492,-1,490.127,-1,485.031,450.603,689.859,431.589,-1,-1,-1,-1,-1,723.261,-1,-1,2,0,2,0,2,0,0,0,0,2,2,2,2,2,0,2,2
400,-8621.936,4867.328,623.531,-123.241,-0.546648,0.828264,-0.123107,-0.834050,-0.551633,-0.007843,-0.074406,0.098390,0.992362,0,0.46803,0.65178,10.050,0.463,-1,624.224,-1,488.854,-1,485.305,450.191,693.506,430.581,-1,-1,-1,-1,-1,721.034,-1,-1,2,0,2,0,2,0,0,0,0,2,2,2,2,2,0,2,2
401,-8625.539,4857.477,622.909,-122.742,-0.539405,0.832953,-0.123417,-0.838852,-0.544310,-0.007321,-0.073275,0.099580,0.992328,0,0.46947,0.64783,10.489,0.499,-1,625.970,-1,488.462,-1,486.202,450.305,698.068,429.042,-1,-1,-1,-1,-1,719.841,-1,-1,2,0,2,0,2,0,0,0,0,2,2,2,2,2,0,2,2
402,-8629.249,4847.680,622.236,-122.269,-0.532473,0.837429,-0.123231,-0.843293,-0.537393,-0.008098,-0.073005,0.099608,0.992345,0,-0.22286,0.25284,10.476,0.473,-1,624.195,-1,487.138,-1,485.487,449.623,695.175,429.005,-1,-1,-1,-1,-1,717.423,-1,-1,2,0,2,0,2,0,0,0,0,2,2,2,2,2,0,2,2
403,-8632.703,4838.549,621.674,-121.841,-0.526071,0.841434,-0.123444,-0.847121,-0.531280,-0.011263,-0.075060,0.098647,0.992288,0,-0.22355,0.24883,9.762,0.428,-1,616.150,-1,482.896,-1,481.289,445.931,686.309,430.356,-1,-1,-1,-1,-1,709.721,-1,989.237,2,0,2,0,2,0,0,0,0,2,2,2,2,2,0,2,0
404,-8635.926,4829.926,621.234,-121.445,-0.520114,0.845071,-0.123842,-0.850574,-0.525651,-0.014671,-0.077496,0.097706,0.992194,0,-0.22418,0.24522,9.206,0.395,-1,607.706,-1,478.226,-1,476.759,441.945,678.294,431.844,-1,-1,-1,-1,-1,701.767,-1,943.305,2,0,2,0,2,0,0,0,0,2,2,2,2,2,0,2,0
405,-8638.997,4821.725,620.893,-121.088,-0.514740,0.848320,-0.124076,-0.853712,-0.520473,-0.016828,-0.078854,0.097263,0.992130,0,-0.22475,0.24189,8.757,0.358,-1,602.784,-1,475.057,978.608,474.207,439.597,674.033,432.832,-1,-1,-1,-1,-1,696.753,-1,916.336,2,0,2,0,0,0,0,0,0,2,2,2,2,2,0,2,0
406,-8641.954,4813.925,620.593,-120.767,-0.509961,0.851166,-0.124321,-0.856587,-0.515717,-0.017165,-0.078725,0.097738,0.992094,0,-0.22526,0.23892,8.342,0.321,-1,602.509,-1,473.822,960.238,474.196,439.272,675.615,432.583,-1,-1,-1,-1,-1,695.215,-1,905.490,2,0,2,0,0,0,0,0,0,2,2,2,2,2,0,2,0
407,-8644.845,4806.555,620.280,-120.475,-0.505630,0.853702,-0.124625,-0.859247,-0.511300,-0.016347,-0.077676,0.098818,0.992069,0,-0.22571,0.23629,7.917,0.292,-1,605.347,-1,473.692,950.503,475.676,440.109,680.778,431.413,-1,-1,-1,-1,-1,695.675,-1,906.489,2,0,2,0,0,0,0,0,0,2,2,2,2,2,0,2,0
408,-8647.662,4799.614,619.955,-120.211,-0.501719,0.855965,-0.124907,-0.861663,-0.507257,-0.015060,-0.076250,0.100072,0.992054,0,-0.22612,0.23392,7.490,0.264,-1,609.306,-1,474.047,944.571,477.734,441.406,686.934,429.924,-1,-1,-1,-1,-1,697.008,-1,920.467,2,0,2,0,0,0,0,0,0,2,2,2,2,2,0,2,0
409,-8650.344,4793.114,619.636,-119.970,-0.498139,0.857980,-0.125412,-0.863842,-0.503571,-0.013873,-0.075056,0.101425,0.992008,0,-0.22648,0.23180,7.031,0.241,-1,612.815,-1,474.050,933.888,479.447,442.364,693.810,428.217,-1,-1,-1,-1,-1,697.644,-1,928.631,2,0,2,0,0,0,0,0,0,2,2,2,2,2,0,2,0
410,-8652.866,4787.074,619.347,-119.751,-0.494859,0.859770,-0.126133,-0.865785,-0.500245,-0.013111,-0.074369,0.102716,0.991927,0,-0.22681,0.22989,6.546,0.219,-1,615.084,-1,473.641,917.508,480.396,442.542,700.782,426.564,-1,-1,-1,-1,-1,697.023,-1,926.910,2,0,2,0,0,0,0,0,0,2,2,2,2,2,0,2,0
411,-8655.193,4781.488,619.125,-119.551,-0.491845,0.861410,-0.126733,-0.867526,-0.497226,-0.012842,-0.074077,0.103628,0.991854,0,-0.22711,0.22816,6.051,0.200,-1,616.216,-1,472.998,901.021,480.729,442.342,705.620,425.532,-1,-1,-1,-1,-1,695.866,-1,921.290,2,0,2,0,0,0,0,0,0,2,2,2,2,2,0,2,0
412,-8657.317,4776.326,618.980,-119.370,-0.489108,0.862940,-0.126917,-0.869079,-0.494502,-0.013025,-0.074000,0.103930,0.991828,0,-0.22738,0.22659,5.582,0.181,-1,616.502,-1,472.477,889.474,480.727,442.071,707.003,425.492,-1,-1,-1,-1,-1,695.025,-1,918.080,2,0,2,0,0,0,0,0,0,2,2,2,2,2,0,2,0
413,-8659.254,4771.542,618.861,-119.207,-0.486633,0.864364,-0.126742,-0.870463,-0.492048,-0.013508,-0.074038,0.103751,0.991844,0,-0.22762,0.22517,5.161,0.163,-1,616.158,-1,472.069,882.137,480.504,441.754,705.377,426.152,-1,-1,-1,-1,-1,694.839,-1,917.324,2,0,2,0,0,0,0,0,0,2,2,2,2,2,0,2,0
414,-8661.026,4767.104,618.704,-119.062,-0.484418,0.865657,-0.126401,-0.871695,-0.489847,-0.014037,-0.074068,0.103384,0.991880,0,-0.22784,0.22390,4.778,0.146,-1,615.565,-1,471.691,876.883,480.173,441.464,702.248,426.945,-1,-1,-1,-1,-1,694.728,-1,917.762,2,0,2,0,0,0,0,0,0,2,2,2,2,2,0,2,0
415,-8662.662,4763.007,618.458,-118.934,-0.482483,0.866780,-0.126103,-0.872776,-0.487910,-0.014361,-0.073975,0.103131,0.991913,0,-0.22803,0.22278,4.412,0.127,-1,615.126,-1,471.273,871.716,479.860,441.177,699.138,427.322,-1,-1,-1,-1,-1,694.581,-1,918.165,2,0,2,0,0,0,0,0,0,2,2,2,2,2,0,2,0
416,-8664.197,4759.251,618.126,-118.825,-0.480822,0.867750,-0.125781,-0.873720,-0.486217,-0.014398,-0.073651,0.102975,0.991953,0,-0.22820,0.22182,4.057,0.110,-1,615.116,-1,470.981,868.367,479.739,441.015,695.867,427.321,-1,-1,-1,-1,-1,694.726,-1,921.123,2,0,2,0,0,0,0,0,0,2,2,2,2,2,0,2,0
417,-8665.727,4755.436,617.726,-118.715,-0.479199,0.868709,-0.125350,-0.874736,-0.484421,-0.013147,-0.072143,0.103348,0.992025,0,0.37751,1.00000,4.111,0.110,-1,618.393,-1,472.101,876.386,481.473,442.339,695.995,426.498,-1,-1,-1,-1,-1,697.716,-1,944.401,2,0,2,0,0,0,0,0,0,2,2,2,2,2,0,2,0
418,-8667.405,4751.044,617.289,-118.582,-0.477272,0.869874,-0.124620,-0.876044,-0.482123,-0.010232,-0.068983,0.104289,0.992152,0,0.37774,1.00000,4.701,0.133,-1,626.067,-1,475.404,918.292,485.904,445.926,700.254,424.992,-1,-1,-1,-1,-1,705.152,-1,-1,2,0,2,0,0,0,0,0,0,2,2,2,2,2,0,2,2
419,-8669.190,4746.212,616.902,-118.418,-0.474873,0.871266,-0.124059,-0.877583,-0.479368,-0.007393,-0.065911,0.105361,0.992247,0,0.37802,1.00000,5.151,0.163,-1,633.710,-1,478.640,959.876,490.398,449.547,705.817,423.482,-1,-1,-1,-1,-1,712.545,-1,-1,2,0,2,0,0,0,0,0,0,2,2,2,2,2,0,2,2
420,-8671.036,4741.021,616.624,-118.226,-0.471977,0.872844,-0.124023,-0.879281,-0.476269,-0.005707,-0.064050,0.106358,0.992263,0,0.37838,1.00000,5.510,0.193,-1,638.804,-1,480.295,977.002,493.209,451.705,711.430,422.241,-1,-1,-1,-1,-1,716.766,-1,-1,2,0,2,0,0,0,0,0,0,2,2,2,2,2,0,2,2
421,-8672.937,4735.477,616.450,-118.005,-0.468604,0.874601,-0.124431,-0.881120,-0.472863,-0.005383,-0.063547,0.107116,0.992214,0,0.37882,1.00000,5.860,0.221,-1,640.423,-1,480.197,966.032,494.017,452.161,716.075,421.461,-1,-1,-1,-1,-1,717.404,-1,-1,2,0,2,0,0,0,0,0,0,2,2,2,2,2,0,2,2
422,-8674.896,4729.550,616.337,-117.757,-0.464767,0.876562,-0.125024,-0.883122,-0.469104,-0.006026,-0.063932,0.107611,0.992135,0,0.37934,1.00000,6.243,0.249,-1,639.558,-1,478.990,936.732,493.479,451.510,719.326,421.180,-1,-1,-1,-1,-1,715.798,-1,-1,2,0,2,0,0,0,0,0,0,2,2,2,2,2,0,2,2
423,-8676.887,4723.201,616.235,-117.479,-0.460457,0.878747,-0.125631,-0.885332,-0.464906,-0.006988,-0.064548,0.108007,0.992052,0,0.37992,1.00000,6.654,0.278,-1,637.964,-1,477.516,901.934,492.596,450.603,722.094,421.103,-1,-1,-1,-1,-1,713.705,-1,-1,2,0,2,0,0,0,0,0,0,2,2,2,2,2,0,2,2
424,-8678.884,4716.419,616.123,-117.174,-0.455727,0.881160,-0.125978,-0.887757,-0.460247,-0.007753,-0.064813,0.108305,0.992003,0,0.38059,1.00000,7.069,0.305,-1,637.144,-1,476.628,876.668,492.271,450.251,724.347,421.234,-1,-1,-1,-1,-1,712.873,-1,-1,2,0,2,0,0,0,0,0,0,2,2,2,2,2,0,2,2
425,-8680.898,4709.212,615.978,-116.847,-0.450668,0.883773,-0.125869,-0.890363,-0.455179,-0.008073,-0.064427,0.108431,0.992014,0,0.38132,1.00000,7.483,0.327,-1,637.784,-1,476.766,867.357,492.929,450.849,725.464,421.651,-1,-1,-1,-1,-1,714.223,-1,-1,2,0,2,0,0,0,0,0,0,2,2,2,2,2,0,2,2
426,-8682.884,4701.596,615.790,-116.492,-0.445178,0.886602,-0.125513,-0.893190,-0.449609,-0.007932,-0.063465,0.108576,0.992060,0,0.38211,1.00000,7.871,0.355,-1,639.788,-1,477.926,868.235,494.468,452.281,726.669,422.045,-1,-1,-1,-1,-1,717.918,-1,-1,2,0,2,0,0,0,0,0,0,2,2,2,2,2,0,2,2
427,-8684.802,4693.593,615.515,-116.102,-0.439121,0.889625,-0.125461,-0.896259,-0.443465,-0.007584,-0.062385,0.109115,0.992070,0,0.38297,1.00000,8.229,0.390,-1,642.091,-1,479.027,863.608,496.073,453.742,730.179,421.720,-1,-1,-1,-1,-1,721.463,-1,-1,2,0,2,0,0,0,0,0,0,2,2,2,2,2,0,2,2
428,-8686.700,4685.271,615.168,-115.694,-0.432741,0.892749,-0.125437,-0.899430,-0.437005,-0.007294,-0.061328,0.109666,0.992075,0,0.38393,1.00000,8.536,0.409,-1,643.897,-1,479.976,862.099,497.481,455.098,733.347,421.245,-1,-1,-1,-1,-1,724.777,-1,-1,2,0,2,0,0,0,0,0,0,2,2,2,2,2,0,2,2
429,-8688.584,4676.625,614.786,-115.267,-0.426063,0.895941,-0.125537,-0.902682,-0.430251,-0.007014,-0.060297,0.110331,0.992064,0,0.38494,1.00000,8.850,0.426,-1,645.050,-1,480.797,865.723,498.911,456.390,737.185,420.552,-1,-1,-1,-1,-1,727.893,-1,-1,2,0,2,0,0,0,0,0,0,2,2,2,2,2,0,2,2
430,-8690.496,4667.667,614.357,-114.825,-0.419099,0.899160,-0.125965,-0.905991,-0.423242,-0.006849,-0.059472,0.111253,0.992011,0,0.38599,1.00000,9.160,0.443,-1,646.053,-1,481.170,861.539,499.965,457.277,743.149,419.401,-1,-1,-1,-1,-1,729.993,-1,-1,2,0,2,0,0,0,0,0,0,2,2,2,2,2,0,2,2
431,-8692.395,4658.387,613.906,-114.355,-0.411677,0.902487,-0.126644,-0.909432,-0.415797,-0.006789,-0.058786,0.112380,0.991925,0,0.38708,1.00000,9.472,0.470,-1,646.418,-1,481.447,851.762,500.810,457.946,751.035,417.390,-1,-1,-1,-1,-1,731.486,-1,-1,2,0,2,0,0,0,0,0,0,2,2,2,2,2,0,2,2
432,-8694.192,4648.788,613.459,-113.852,-0.403688,0.905938,-0.127723,-0.913057,-0.407781,-0.006530,-0.057999,0.113982,0.991788,0,0.38825,1.00000,9.767,0.503,-1,647.292,-1,481.754,837.760,501.951,458.795,763.211,414.587,-1,-1,-1,-1,-1,733.008,-1,-1,2,0,2,0,0,0,0,0,0,2,2,2,2,2,0,2,2
433,-8695.827,4638.943,613.060,-113.299,-0.394876,0.909642,-0.128936,-0.916937,-0.398979,-0.006600,-0.057446,0.115620,0.991631,0,0.38951,1.00000,9.980,0.553,-1,647.402,-1,481.916,819.241,502.484,459.502,776.517,411.856,-1,-1,-1,-1,-1,734.203,-1,-1,2,0,2,0,0,0,0,0,0,2,2,2,2,2,0,2,2
434,-8697.285,4628.853,612.746,-112.712,-0.385465,0.913544,-0.129826,-0.920962,-0.389589,-0.006995,-0.056969,0.116868,0.991512,0,0.39090,0.99738,10.195,0.587,-1,646.988,-1,482.455,804.286,501.876,460.417,787.677,409.865,-1,-1,-1,-1,-1,736.150,-1,-1,2,0,2,0,0,0,0,0,0,2,2,2,2,2,0,2,2
435,-8698.464,4618.541,612.552,-112.097,-0.375580,0.917617,-0.130074,-0.925094,-0.379668,-0.007245,-0.056033,0.117609,0.991478,0,0.39240,0.99212,10.379,0.615,-1,647.513,-1,484.342,804.460,502.269,462.052,795.972,408.913,-1,-1,-1,-1,-1,740.822,-1,-1,2,0,2,0,0,0,0,0,0,2,2,2,2,2,0,2,2
436,-8699.415,4608.008,612.450,-111.460,-0.365317,0.921839,-0.129445,-0.929290,-0.369280,-0.007196,-0.054435,0.117663,0.991561,0,0.39397,0.98658,10.576,0.636,-1,650.178,-1,487.930,833.907,504.188,464.878,799.400,409.205,-1,-1,-1,-1,-1,749.052,-1,-1,2,0,2,0,0,0,0,0,0,2,2,2,2,2,0,2,2
437,-8700.189,4597.259,612.351,-110.813,-0.354831,0.926065,-0.128446,-0.933459,-0.358618,-0.006874,-0.052429,0.117460,0.991693,0,0.39561,0.98083,10.776,0.647,-1,654.008,-1,492.443,885.242,506.469,468.443,800.832,409.902,-1,-1,-1,-1,-1,759.223,991.447,-1,2,0,2,0,0,0,0,0,0,2,2,2,2,2,0,1,2
438,-8700.924,4586.259,612.183,-110.163,-0.344262,0.930189,-0.127405,-0.937528,-0.347850,-0.006367,-0.050240,0.117254,0.991830,0,0.39728,0.97496,11.025,0.650,-1,658.157,-1,497.428,-1,508.920,472.195,801.570,409.017,-1,-1,-1,-1,-1,769.944,958.566,-1,2,0,2,0,2,0,0,0,0,2,2,2,2,2,0,1,2
439,-8701.732,4574.982,611.892,-109.525,-0.333823,0.934082,-0.126701,-0.941402,-0.337236,-0.005874,-0.048214,0.117315,0.991924,0,0.39895,0.96909,11.306,0.639,-1,661.329,-1,501.655,-1,510.892,475.403,803.663,407.691,-1,-1,-1,-1,997.011,779.639,927.138,-1,2,0,2,0,2,0,0,0,0,2,2,2,2,1,0,1,2
440,-8702.585,4563.458,611.543,-108.894,-0.323462,0.937725,-0.126667,-0.945096,-0.326746,-0.005482,-0.046529,0.117940,0.991930,0,0.40058,0.96334,11.556,0.631,-1,663.240,-1,504.923,-1,512.246,477.993,810.448,405.413,-1,-1,-1,-1,970.825,787.351,896.977,-1,2,0,2,0,2,0,0,0,0,2,2,2,2,1,0,1,2
441,-8703.406,4551.710,611.168,-108.259,-0.312992,0.941185,-0.127307,-0.948672,-0.316216,-0.005427,-0.045364,0.119074,0.991849,0,0.40219,0.95769,11.776,0.635,-1,665.102,-1,507.036,-1,513.286,479.610,821.682,402.323,-1,-1,-1,-1,944.892,792.523,883.147,-1,2,0,2,0,2,0,0,0,0,2,2,2,2,1,0,1,2
442,-8704.023,4539.787,610.816,-107.590,-0.301903,0.944619,-0.128642,-0.952297,-0.305122,-0.005617,-0.044558,0.120810,0.991675,0,0.40380,0.95202,11.940,0.669,-1,666.259,-1,508.408,-1,513.720,480.549,838.939,398.422,-1,-1,-1,-1,918.381,795.707,887.148,-1,2,0,2,0,2,0,0,0,0,2,2,2,2,1,0,1,2
443,-8704.296,4527.776,610.592,-106.878,-0.290056,0.948138,-0.130005,-0.956010,-0.293275,-0.005914,-0.043734,0.122570,0.991496,0,0.40551,0.94600,12.013,0.712,-1,667.070,-1,510.111,-1,514.339,481.836,858.051,394.781,-1,-1,-1,-1,891.226,800.029,892.716,-1,2,0,2,0,2,0,0,0,0,2,2,2,2,1,0,1,2
444,-8704.658,4515.470,610.391,-106.211,-0.278928,0.951454,-0.130130,-0.959387,-0.282037,-0.005728,-0.042151,0.123248,0.991480,0,0.48958,0.68919,12.311,0.667,-1,669.391,-1,513.704,-1,516.073,484.608,867.277,391.803,-1,-1,-1,-1,866.046,808.667,896.782,-1,2,0,2,0,2,0,0,0,0,2,2,2,2,1,0,1,2
445,-8705.029,4502.787,610.156,-105.580,-0.268375,0.954572,-0.129489,-0.962495,-0.271256,-0.004816,-0.039722,0.123340,0.991569,0,0.49163,0.68319,12.689,0.631,-1,674.221,-1,519.015,-1,519.140,488.994,870.882,390.072,-1,-1,-1,-1,842.396,820.900,-1,-1,2,0,2,0,2,0,0,0,0,2,2,2,2,1,0,2,2
446,-8705.508,4487.072,609.737,-104.816,-0.255547,0.958171,-0.128859,-0.966095,-0.258161,-0.003725,-0.036836,0.123538,0.991656,0,0.49355,0.67759,15.722,0.764,-1,680.689,-1,525.089,-1,523.255,493.963,875.367,387.546,-1,-1,-1,-1,843.172,834.783,-1,-1,2,0,2,0,2,0,0,0,0,2,2,2,2,1,0,2,2
447,-8705.856,4476.343,609.428,-104.298,-0.246816,0.960429,-0.129068,-0.968411,-0.249335,-0.003477,-0.035520,0.124133,0.991630,0,0.49586,0.67082,10.734,0.518,-1,682.034,-1,527.787,-1,524.876,496.128,882.767,385.141,-1,-1,-1,-1,844.608,841.874,-1,-1,2,0,2,0,2,0,0,0,0,2,2,2,2,1,0,2,2
448,-8706.333,4462.647,609.078,-103.661,-0.236035,0.963024,-0.129891,-0.971126,-0.238535,-0.003812,-0.034654,0.125241,0.991521,0,0.49743,0.66624,13.705,0.637,-1,681.357,-1,529.511,-1,525.581,497.384,895.359,381.685,-1,-1,-1,-1,846.770,847.399,-1,-1,2,0,2,0,2,0,0,0,0,2,2,2,2,1,0,2,2
449,-8706.736,4448.643,608.831,-103.035,-0.225421,0.965461,-0.130649,-0.973668,-0.227930,-0.004377,-0.034004,0.126222,0.991419,0,0.49934,0.66063,14.010,0.626,-1,680.322,-1,531.192,-1,525.157,498.606,907.073,378.381,-1,-1,-1,-1,848.698,850.500,-1,-1,2,0,2,0,2,0,0,0,0,2,2,2,2,1,0,2,2
450,-8706.938,4434.307,608.568,-102.383,-0.214324,0.967878,-0.131446,-0.976196,-0.216833,-0.004914,-0.033258,0.127264,0.991311,0,0.50121,0.65515,14.338,0.653,-1,680.030,-1,533.118,-1,525.110,500.045,919.408,375.018,-1,-1,-1,-1,851.732,854.037,-1,-1,2,0,2,0,2,0,0,0,0,2,2,2,2,1,0,2,2
451,-8707.172,4419.616,608.241,-101.749,-0.203518,0.970206,-0.131458,-0.978536,-0.206003,-0.005446,-0.032364,0.127529,0.991307,0,0.50317,0.64941,14.693,0.634,-1,679.513,-1,535.578,-1,525.228,501.711,923.635,372.654,-1,-1,-1,-1,854.003,859.017,-1,-1,2,0,2,0,2,0,0,0,0,2,2,2,2,1,0,2,2
452,-8707.253,4404.643,607.960,-101.097,-0.192381,0.972441,-0.131714,-0.980811,-0.194864,-0.006106,-0.031604,0.128012,0.991269,0,0.50506,0.64389,14.973,0.652,-1,678.870,-1,537.750,-1,524.622,501.719,930.441,370.100,-1,-1,-1,-1,857.264,863.478,-1,-1,2,0,2,0,2,0,0,0,0,2,2,2,2,1,0,2,2
453,-8707.312,4389.323,607.663,-100.456,-0.181396,0.974478,-0.132246,-0.982918,-0.183911,-0.006954,-0.031098,0.128725,0.991193,0,0.50701,0.63819,15.320,0.641,-1,677.558,-1,539.252,-1,523.575,501.140,939.453,367.224,-1,-1,-1,-1,860.217,865.414,-1,-1,2,0,2,0,2,0,0,0,0,2,2,2,2,1,0,2,2
454,-8707.313,4373.635,607.350,-99.832,-0.170684,0.976327,-0.132864,-0.984857,-0.173206,-0.007572,-0.030406,0.129559,0.991105,0,0.50891,0.63262,15.688,0.624,-1,676.683,-1,540.984,-1,522.911,501.006,949.779,364.186,-1,-1,-1,-1,861.769,868.428,-1,-1,2,0,2,0,2,0,0,0,0,2,2,2,2,1,0,2,2
455,-8707.020,4357.690,607.092,-99.174,-0.159366,0.978160,-0.133440,-0.986778,-0.161877,-0.008119,-0.029542,0.130381,0.991024,0,0.51075,0.62724,15.948,0.658,-1,677.069,-1,543.206,-1,523.161,500.727,960.523,361.316,-1,-1,-1,-1,-1,871.536,-1,-1,2,0,2,0,2,0,0,0,0,2,2,2,2,2,0,2,2
456,-8706.662,4341.413,606.766,-98.531,-0.148284,0.979874,-0.133633,-0.988526,-0.150792,-0.008790,-0.028764,0.130797,0.990992,0,0.51271,0.62152,16.281,0.643,-1,674.651,-1,545.042,-1,523.339,500.223,966.736,358.777,-1,-1,-1,-1,-1,871.984,-1,-1,2,0,2,0,2,0,0,0,0,2,2,2,2,2,0,2,2
457,-8706.146,4324.834,606.347,-97.879,-0.137021,0.981471,-0.133938,-0.990165,-0.139567,-0.009757,-0.028270,0.131284,0.990942,0,0.51461,0.61596,16.587,0.652,-1,670.853,-1,546.060,-1,522.716,498.950,972.861,355.940,-1,-1,-1,-1,-1,872.831,-1,-1,2,0,2,0,2,0,0,0,0,2,2,2,2,2,0,2,2
458,-8705.336,4308.012,605.930,-97.195,-0.125203,0.982986,-0.134399,-0.991739,-0.127809,-0.010900,-0.027892,0.131924,0.990867,0,0.51653,0.61033,16.841,0.683,-1,666.766,-1,546.878,-1,521.194,497.964,980.265,352.917,-1,-1,-1,-1,-1,872.859,-1,-1,2,0,2,0,2,0,0,0,0,2,2,2,2,2,0,2,2
459,-8704.404,4290.868,605.423,-96.523,-0.113557,0.984419,-0.134252,-0.993149,-0.116220,-0.012144,-0.027558,0.131953,0.990873,0,0.51857,0.60438,17.170,0.672,-1,661.874,982.498,547.217,-1,518.142,496.848,980.660,350.819,-1,-1,-1,-1,-1,868.247,-1,-1,2,0,1,0,2,0,0,0,0,2,2,2,2,2,0,2,2
460,-8703.207,4273.459,604.939,-95.837,-0.101654,0.985801,-0.133655,-0.994455,-0.104336,-0.013200,-0.026957,0.131572,0.990940,0,0.52056,0.59855,17.449,0.686,-1,657.640,933.559,547.096,-1,515.926,496.165,977.510,349.147,-1,-1,-1,-1,-1,865.358,-1,-1,2,0,1,0,2,0,0,0,0,2,2,2,2,2,0,2,2
461,-8701.869,4255.748,604.421,-95.157,-0.089847,0.987049,-0.132901,-0.995601,-0.092571,-0.014452,-0.026567,0.131018,0.991024,0,0.52260,0.59258,17.762,0.680,-1,652.734,886.157,546.302,-1,512.934,493.413,972.706,347.592,-1,-1,-1,-1,-1,861.653,-1,-1,2,0,1,0,2,0,0,0,0,2,2,2,2,2,0,2,2
462,-8700.515,4237.731,603.914,-94.500,-0.078426,0.988058,-0.132628,-0.996570,-0.081224,-0.015810,-0.026394,0.130933,0.991040,0,0.52461,0.58670,18.067,0.657,-1,647.741,841.069,544.847,-1,509.671,490.533,972.609,345.530,-1,-1,-1,-1,-1,856.331,-1,-1,2,0,1,0,2,0,0,0,0,2,2,2,2,2,0,2,2
463,-8698.905,4219.506,603.506,-93.819,-0.066586,0.988832,-0.133335,-0.997428,-0.069520,-0.017467,-0.026541,0.131829,0.990917,0,0.52654,0.58106,18.296,0.680,-1,642.921,796.426,542.254,-1,506.155,487.201,981.646,342.832,-1,-1,-1,-1,-1,848.564,-1,-1,2,0,1,0,2,0,0,0,0,2,2,2,2,2,0,2,2
464,-8697.009,4201.064,603.188,-93.122,-0.054441,0.989481,-0.134031,-0.998161,-0.057513,-0.019150,-0.026657,0.132742,0.990792,0,0.52854,0.57518,18.539,0.697,-1,638.375,752.503,539.544,-1,503.379,483.419,990.276,340.970,-1,-1,-1,-1,-1,841.207,-1,-1,2,0,1,0,2,0,0,0,0,2,2,2,2,2,0,2,2
465,-8694.890,4182.402,602.921,-92.420,-0.042212,0.990025,-0.134417,-0.998745,-0.045442,-0.021046,-0.026945,0.133360,0.990701,0,0.53061,0.56914,18.782,0.702,-1,633.628,709.531,536.745,-1,500.484,479.293,996.827,339.487,-1,-1,-1,-1,-1,831.975,-1,-1,2,0,1,0,2,0,0,0,0,2,2,2,2,2,0,2,2
466,-8692.589,4163.486,602.621,-91.722,-0.030038,0.990441,-0.134627,-0.999168,-0.033470,-0.023303,-0.027586,0.133815,0.990622,0,0.53269,0.56305,19.056,0.698,-1,627.570,667.552,532.363,-1,495.587,474.943,1001.804,338.116,-1,-1,-1,-1,-1,819.001,-1,-1,2,0,1,0,2,0,0,0,0,2,2,2,2,2,0,2,2
467,-8690.030,4144.292,602.271,-91.017,-0.017736,0.990789,-0.134252,-0.999455,-0.021307,-0.025211,-0.027839,0.133731,0.990627,0,0.53476,0.55701,19.364,0.705,-1,621.381,626.509,527.744,-1,490.365,471.183,1002.842,337.448,-1,-1,-1,-1,-1,807.971,-1,-1,2,0,1,0,2,0,0,0,0,2,2,2,2,2,0,2,2
468,-8686.608,4120.913,601.828,-90.158,-0.002751,0.991105,-0.133055,-0.999627,-0.006339,-0.026551,-0.027158,0.132932,0.990753,0,0.53685,0.55089,23.628,0.859,-1,615.436,578.638,523.484,-1,485.604,465.909,998.667,337.983,-1,-1,-1,-1,-1,799.693,-1,-1,2,0,1,0,2,0,0,0,0,2,2,2,2,2,0,2,2
469,-8683.943,4105.230,601.561,-89.538,0.008056,0.991150,-0.132503,-0.999615,0.004462,-0.027400,-0.026567,0.132673,0.990804,0,0.53939,0.54344,15.907,0.619,-1,611.933,546.450,519.999,-1,482.791,462.473,998.007,338.530,-1,-1,-1,-1,-1,793.339,-1,-1,2,0,1,0,2,0,0,0,0,2,2,2,2,2,0,2,2
470,-8680.419,4085.561,601.242,-88.742,0.021951,0.990966,-0.132308,-0.999401,0.018211,-0.029412,-0.026737,0.132874,0.990772,0,0.54126,0.53798,19.983,0.796,-1,606.259,506.479,513.807,-1,477.962,457.015,1001.090,338.680,-1,-1,-1,-1,-1,782.096,-1,-1,2,0,1,0,2,0,0,0,0,2,2,2,2,2,0,2,2
471,-8676.519,4065.884,600.983,-87.935,0.036026,0.990521,-0.132549,-0.998967,0.032019,-0.032239,-0.027689,0.133574,0.990652,0,0.39620,0.85607,20.060,0.807,-1,599.522,467.114,506.153,-1,471.964,450.636,-1,338.477,-1,-1,-1,-1,-1,767.707,-1,-1,2,0,1,0,2,0,0,2,0,2,2,2,2,2,0,2,2
472,-8672.135,4046.398,600.917,-87.092,0.050703,0.989891,-0.132460,-0.998299,0.046411,-0.035292,-0.028787,0.134024,0.990560,0,0.39798,0.84890,19.973,0.842,-1,592.807,428.277,498.481,-1,466.163,444.434,-1,339.001,-1,-1,-1,-1,-1,752.010,-1,-1,2,0,1,0,2,0,0,2,0,2,2,2,2,2,0,2,2
473,-8667.260,4027.076,601.010,-86.211,0.066061,0.989037,-0.132068,-0.997387,0.061571,-0.037799,-0.029253,0.134220,0.990520,0,0.39986,0.84135,19.927,0.882,-1,588.643,390.257,492.067,-1,461.861,439.233,-1,340.472,-1,-1,-1,-1,-1,726.284,-1,-1,2,0,1,0,2,0,0,2,0,2,2,2,2,2,1,2,2
474,-8661.999,4007.799,601.123,-85.307,0.081792,0.988018,-0.130880,-0.996242,0.077296,-0.039078,-0.028493,0.133585,0.990628,0,0.40185,0.83335,19.983,0.904,-1,587.338,353.449,487.778,-1,458.949,436.081,-1,343.107,-1,-1,-1,-1,-1,656.358,-1,-1,2,0,1,0,2,0,0,2,0,2,2,2,2,2,1,2,2
475,-8656.391,3988.560,601.183,-84.387,0.097779,0.986743,-0.129525,-0.994841,0.093375,-0.039662,-0.027042,0.132735,0.990783,0,0.40391,0.82512,20.040,0.920,-1,587.714,317.742,484.352,-1,456.290,433.226,-1,345.865,-1,-1,-1,-1,-1,590.281,-1,-1,2,0,1,0,2,0,0,2,0,2,2,2,2,2,1,2,2
476,-8650.166,3969.607,601.338,-83.422,0.114524,0.985031,-0.128830,-0.993100,0.110227,-0.040028,-0.025228,0.132525,0.990858,0,0.40600,0.81670,19.949,0.965,-1,589.639,282.666,477.689,-1,454.569,430.678,-1,348.282,-1,-1,-1,-1,-1,526.517,-1,-1,2,0,1,1,2,0,0,2,0,2,2,2,2,2,1,2,2
477,-8643.544,3950.859,601.528,-82.406,0.132122,0.982793,-0.129081,-0.990938,0.127780,-0.041403,-0.024196,0.133381,0.990769,0,0.40822,0.80778,19.883,1.016,-1,590.667,253.434,423.507,-1,452.166,427.074,-1,349.802,-1,-1,-1,-1,-1,464.637,-1,-1,2,0,1,1,2,0,0,2,0,2,2,2,2,2,1,2,2
478,-8636.609,3932.201,601.741,-81.382,0.149809,0.980202,-0.129469,-0.988439,0.145382,-0.043048,-0.023373,0.134421,0.990649,0,0.41058,0.79832,19.904,1.024,-1,591.895,-1,371.898,-1,449.647,423.509,-1,351.164,-1,-1,-1,-1,-1,406.226,-1,661.703,2,0,2,1,2,0,0,2,0,2,2,2,2,2,1,2,1
479,-8629.386,3913.670,602.079,-80.388,0.166935,0.977495,-0.128982,-0.985720,0.162522,-0.044086,-0.022132,0.134500,0.990666,0,0.41296,0.78875,19.889,0.994,-1,597.954,-1,323.777,-1,447.857,420.906,-1,353.782,-1,-1,-1,-1,-1,352.242,-1,600.018,2,0,2,1,2,0,0,2,0,2,2,2,2,2,1,2,1
480,-8621.796,3895.288,602.521,-79.381,0.184237,0.974454,-0.128437,-0.982659,0.179832,-0.045192,-0.020940,0.134536,0.990687,0,0.41528,0.77947,19.887,1.007,-1,605.595,-1,277.660,-1,446.592,418.257,-1,356.718,-1,-1,-1,-1,-1,300.909,-1,541.162,2,0,2,1,2,0,0,2,0,2,2,2,2,2,1,2,1
481,-8613.916,3876.980,602.946,-78.390,0.201212,0.971177,-0.127783,-0.979346,0.196807,-0.046343,-0.019858,0.134469,0.990719,0,0.41763,0.77002,19.932,0.991,-1,613.455,-1,233.787,-1,445.156,415.859,-1,359.778,-1,-1,-1,-1,-1,252.449,-1,485.589,2,0,2,1,2,0,0,2,0,2,2,2,2,2,1,2,1
482,-8605.663,3858.828,603.330,-77.383,0.218392,0.967569,-0.126949,-0.975687,0.214042,-0.047120,-0.018419,0.134153,0.990789,0,0.41995,0.76071,19.940,1.007,-1,622.382,-1,191.613,-1,444.122,413.829,-1,363.015,-1,-1,-1,-1,-1,206.207,-1,432.397,2,0,2,1,2,0,0,2,0,2,2,2,2,2,1,2,1
483,-8596.790,3841.100,603.739,-76.313,0.236580,0.963298,-0.126836,-0.971463,0.232232,-0.048251,-0.017025,0.134632,0.990749,0,0.42231,0.75122,19.824,1.070,-1,634.196,-1,164.858,-1,443.628,411.495,-1,365.528,-1,-1,-1,-1,-1,161.248,-1,380.099,2,0,2,1,2,0,0,2,0,2,2,2,2,2,1,2,1
484,-8587.527,3823.675,604.228,-75.192,0.255547,0.958460,-0.126687,-0.966668,0.251173,-0.049652,-0.015769,0.135153,0.990699,0,0.42485,0.74102,19.734,1.121,-1,649.024,-1,172.537,520.480,444.668,409.398,-1,368.169,-1,-1,-1,-1,-1,121.113,-1,329.416,2,0,2,1,1,0,0,2,0,2,2,2,2,2,1,2,1
485,-8577.945,3806.420,604.818,-74.094,0.274028,0.953497,-0.125511,-0.961620,0.269754,-0.050201,-0.014010,0.134450,0.990821,0,0.42753,0.73028,19.737,1.098,-1,664.926,-1,180.946,436.628,446.499,408.612,-1,372.284,-1,-1,-1,-1,-1,125.937,-1,281.939,2,0,2,1,1,0,0,2,0,2,2,2,2,2,1,2,1
486,-8568.146,3789.202,605.473,-73.058,0.291387,0.948632,-0.123250,-0.956540,0.287431,-0.049145,-0.011195,0.132213,0.991158,0,0.43015,0.71974,19.811,1.036,-1,683.504,-1,188.360,362.318,449.929,409.711,-1,378.321,-1,-1,-1,-1,-1,181.775,-1,238.005,2,0,2,1,1,0,0,2,0,2,2,2,2,2,1,2,1
487,-8558.045,3772.113,606.113,-72.034,0.308437,0.943493,-0.121192,-0.951208,0.304788,-0.048037,-0.008385,0.130096,0.991466,0,0.43263,0.70980,19.852,1.024,-1,702.801,-1,283.246,293.470,453.693,411.070,-1,384.174,-1,-1,-1,-1,-1,727.593,-1,195.891,2,0,2,1,1,0,0,2,0,2,2,2,2,2,0,2,1
488,-8547.652,3755.218,606.848,-70.999,0.325579,0.937919,-0.119608,-0.945497,0.322170,-0.047357,-0.005883,0.128508,0.991691,0,0.43508,0.69996,19.835,1.035,-1,723.592,-1,453.100,228.821,458.531,412.366,-1,389.414,-1,-1,-1,-1,-1,749.231,-1,155.125,2,0,2,0,1,0,0,2,0,2,2,2,2,2,0,2,1
489,-8537.021,3738.450,607.649,-69.981,0.342335,0.932090,-0.118382,-0.939572,0.339141,-0.046776,-0.003452,0.127242,0.991866,0,0.43756,0.68998,19.855,1.018,-1,746.088,-1,454.353,168.684,466.729,413.705,-1,394.167,-1,-1,-1,-1,-1,783.297,-1,116.030,2,0,2,0,1,0,0,2,0,2,2,2,2,2,0,2,1
490,-8526.640,3722.835,608.467,-69.146,0.355994,0.927202,-0.116464,-0.934484,0.352862,-0.047197,-0.002666,0.125636,0.992073,0,0.44001,0.68014,18.750,0.835,-1,761.174,-1,453.660,117.068,471.980,413.989,-1,398.657,-1,-1,-1,-1,-1,808.776,-1,81.441,2,0,2,0,1,0,0,2,0,2,2,2,2,2,0,2,1
491,-8519.491,3714.879,609.409,-69.238,0.354456,0.929115,-0.105386,-0.934956,0.350374,-0.055632,-0.014764,0.118250,0.992874,0,0.44202,0.67208,10.696,-0.092,-1,709.506,-1,438.500,95.346,452.571,398.609,975.693,408.862,-1,-1,-1,-1,-1,743.491,-1,66.167,2,0,2,0,1,0,0,0,0,2,2,2,2,2,0,2,1
492,-8515.591,3713.285,610.156,-69.622,0.347986,0.933835,-0.082817,-0.936800,0.342953,-0.069209,-0.036228,0.101666,0.994159,0,0.44179,0.67303,4.214,-0.384,-1,623.202,-1,415.489,90.856,417.424,373.465,887.941,430.235,-1,-1,-1,-1,-1,657.283,-1,62.543,2,0,2,0,1,0,0,0,0,2,2,2,2,2,0,2,1
493,-8512.713,3712.764,610.609,-69.808,0.344595,0.937138,-0.055021,-0.937009,0.339794,-0.080962,-0.057177,0.079454,0.995197,0,0.44087,0.67671,2.925,-0.187,-1,548.978,-1,396.232,86.733,385.240,351.832,781.688,459.800,-1,-1,-1,-1,-1,605.851,-1,59.334,2,0,2,0,1,0,0,0,0,2,2,2,2,2,0,2,1
494,-8510.146,3712.564,611.025,-69.965,0.341623,0.939428,-0.027730,-0.936841,0.338031,-0.089805,-0.074992,0.056658,0.995573,0,0.44044,0.67841,2.574,-0.157,-1,492.985,-1,382.164,83.400,359.486,335.190,686.965,493.252,-1,-1,-1,-1,-1,570.192,-1,56.733,2,0,2,0,1,0,0,0,0,2,2,2,2,2,0,2,1
495,-8507.714,3712.606,611.815,-70.188,0.337661,0.941235,-0.007818,-0.937279,0.335455,-0.094749,-0.086559,0.039321,0.995470,0,0.44009,0.67982,2.433,-0.223,-1,460.246,-1,375.358,82.387,344.176,326.144,626.266,522.791,-1,-1,-1,-1,865.026,556.236,-1,55.729,2,0,2,0,1,0,0,0,0,2,2,2,2,0,0,2,1
496,-8505.573,3712.441,612.901,-70.398,0.334082,0.942538,0.003230,-0.938083,0.332832,-0.096040,-0.091597,0.029056,0.995372,0,0.43958,0.68188,2.147,-0.209,-1,447.074,-1,374.941,82.280,338.618,323.895,597.989,543.225,-1,-1,-1,-1,807.927,554.879,-1,55.405,2,0,2,0,1,0,0,0,0,2,2,2,2,0,0,2,1
497,-8504.280,3712.171,614.154,-70.524,0.332004,0.943252,0.006975,-0.938803,0.331139,-0.094850,-0.091777,0.024943,0.995467,0,0.43909,0.68384,1.321,-0.127,-1,447.426,-1,378.782,82.881,340.058,326.344,591.317,553.887,-1,-1,-1,-1,805.234,561.670,-1,55.664,2,0,2,0,1,0,0,0,0,2,2,2,2,0,0,2,1
498,-8503.499,3711.941,615.365,-70.624,0.330474,0.943808,0.003701,-0.939673,0.329388,-0.092289,-0.088322,0.027021,0.995725,0,0.43879,0.68504,0.814,-0.100,-1,458.107,-1,384.943,84.306,346.603,331.861,604.425,553.369,-1,-1,-1,-1,843.141,574.011,-1,56.537,2,0,2,0,1,0,0,0,0,2,2,2,2,0,0,2,1
499,-8503.120,3711.840,616.271,-70.690,0.329547,0.944131,-0.003925,-0.940496,0.327907,-0.089134,-0.082867,0.033065,0.996012,0,-0.02992,0.12249,0.392,-0.066,-1,474.599,-1,391.653,85.964,355.681,338.606,629.754,545.085,-1,-1,-1,-1,907.960,589.859,-1,57.625,2,0,2,0,1,0,0,0,0,2,2,2,2,0,0,2,1
