timestep,x_cm,y_cm,z_cm,yaw_deg,basis_xx,basis_xy,basis_xz,basis_yx,basis_yy,basis_yz,basis_zx,basis_zy,basis_zz,teleport_flag,throttle_cmd,steering_cmd,cmd_move_cm,cmd_turn_deg,lidar_cm_0,lidar_cm_1,lidar_cm_2,lidar_cm_3,lidar_cm_4,lidar_cm_5,lidar_cm_6,lidar_cm_7,lidar_cm_8,lidar_cm_9,lidar_cm_10,lidar_cm_11,lidar_cm_12,lidar_cm_13,lidar_cm_14,lidar_cm_15,lidar_cm_16,lidar_class_0,lidar_class_1,lidar_class_2,lidar_class_3,lidar_class_4,lidar_class_5,lidar_class_6,lidar_class_7,lidar_class_8,lidar_class_9,lidar_class_10,lidar_class_11,lidar_class_12,lidar_class_13,lidar_class_14,lidar_class_15,lidar_class_16
0,-5671.716,-2461.154,-127.327,-101.821,-0.204648,0.978550,-0.023662,-0.977775,-0.205491,-0.041583,-0.045553,0.014627,0.998855,0,0.76830,-0.17498,1.841,-0.083,-1,425.889,-1,507.549,-1,383.208,403.738,439.215,539.735,-1,472.738,458.641,-1,616.518,950.507,-1,-1,2,0,2,0,2,0,0,0,0,2,0,0,2,0,0,2,2
1,-5672.530,-2463.420,-123.211,-101.907,-0.206138,0.978244,-0.023361,-0.977595,-0.206923,-0.038611,-0.042605,0.014878,0.998981,0,0.76860,-0.17428,2.408,-0.086,-1,437.153,-1,526.220,-1,393.757,415.266,449.825,550.709,-1,482.907,468.138,-1,647.484,984.044,-1,-1,2,0,2,0,2,0,0,0,0,2,0,0,2,0,0,2,2
2,-5673.431,-2466.308,-120.017,-101.946,-0.206835,0.978049,-0.025299,-0.977580,-0.207640,-0.034967,-0.039453,0.017499,0.999068,0,0.76890,-0.17356,3.025,-0.039,-1,447.759,-1,541.221,-1,403.082,424.757,461.939,554.248,-1,489.836,473.605,-1,680.247,-1,-1,-1,2,0,2,0,2,0,0,0,0,2,0,0,2,0,2,2,2
3,-5674.393,-2469.826,-117.964,-101.930,-0.206593,0.978006,-0.028690,-0.977787,-0.207430,-0.030077,-0.035367,0.021839,0.999136,0,0.76897,-0.17340,3.647,0.016,-1,458.032,-1,553.644,-1,411.573,432.935,474.298,551.234,-1,490.159,472.302,-1,715.541,-1,-1,-1,2,0,2,0,2,0,0,0,0,2,0,0,2,0,2,2,2
4,-5675.369,-2474.006,-117.126,-101.865,-0.205515,0.978093,-0.033125,-0.978199,-0.206334,-0.023503,-0.029823,0.027573,0.999175,0,0.76876,-0.17389,4.292,0.065,-1,468.490,-1,564.509,-1,420.562,440.438,486.442,542.418,-1,482.208,462.868,-1,781.419,-1,-1,-1,2,0,2,0,2,0,0,0,0,2,0,0,2,0,2,2,2
5,-5676.309,-2478.903,-117.500,-101.744,-0.203486,0.978309,-0.038801,-0.978816,-0.204188,-0.015050,-0.022646,0.034916,0.999134,0,0.76830,-0.17498,4.987,0.121,-1,479.558,-1,574.439,-1,429.655,448.321,498.818,527.896,-1,466.238,445.496,-1,895.516,-1,-1,-1,2,0,2,0,2,0,0,0,0,2,0,0,2,0,2,2,2
6,-5677.123,-2484.510,-119.032,-101.551,-0.200226,0.978646,-0.046488,-0.979647,-0.200668,-0.004997,-0.014219,0.044541,0.998906,0,0.76755,-0.17678,5.665,0.193,-1,491.193,-1,582.081,-1,438.480,455.410,512.710,506.436,-1,444.608,422.148,870.981,-1,-1,-1,-1,2,0,2,0,2,0,0,0,0,2,0,0,0,2,2,2,2
7,-5677.723,-2490.771,-121.331,-101.270,-0.195422,0.979163,-0.055234,-0.980705,-0.195414,0.005589,-0.005321,0.055260,0.998458,0,0.76641,-0.17947,6.290,0.282,-1,503.705,-1,587.436,-1,445.724,461.307,527.202,482.322,-1,420.124,396.998,769.483,-1,-1,-1,-1,2,0,2,0,2,0,0,0,0,2,0,0,0,2,2,2,2
8,-5677.979,-2497.423,-123.497,-100.916,-0.189376,0.980002,-0.061094,-0.981904,-0.188978,0.012289,0.000498,0.062315,0.998056,0,0.76482,-0.18325,6.657,0.353,-1,509.613,-1,588.029,-1,447.917,463.058,535.404,465.360,-1,405.579,382.122,729.828,-1,-1,-1,-1,2,0,2,0,2,0,0,0,0,2,0,0,0,2,2,2,2
9,-5677.924,-2504.507,-125.220,-100.544,-0.182987,0.981109,-0.062779,-0.983112,-0.182448,0.014262,0.002539,0.064328,0.997926,0,0.76285,-0.18794,7.084,0.373,-1,507.721,-1,584.352,-1,444.803,460.398,535.018,457.484,-1,401.698,378.845,727.068,-1,-1,-1,-1,2,0,2,0,2,0,0,0,0,2,0,0,0,2,2,2,2
10,-5677.466,-2511.994,-126.419,-100.165,-0.176482,0.982435,-0.060622,-0.984303,-0.176049,0.012456,0.001565,0.061869,0.998083,0,0.76072,-0.19302,7.501,0.379,-1,499.394,-1,578.298,-1,437.709,454.658,527.296,457.636,-1,406.224,385.257,749.894,-1,-1,-1,-1,2,0,2,0,2,0,0,0,0,2,0,0,0,2,2,2,2
11,-5676.504,-2519.849,-127.184,-99.729,-0.168988,0.984031,-0.055916,-0.985617,-0.168812,0.007886,-0.001679,0.056444,0.998404,0,0.75846,-0.19838,7.913,0.436,-1,486.465,-1,569.734,-1,427.650,446.122,514.966,463.695,-1,417.571,399.323,802.531,-1,-1,-1,-1,2,0,2,0,2,0,0,0,0,2,0,0,0,2,2,2,2
12,-5675.120,-2528.248,-127.719,-99.234,-0.160464,0.985780,-0.049886,-0.987024,-0.160559,0.002116,-0.005924,0.049578,0.998753,0,0.75586,-0.20456,8.512,0.495,-1,471.700,-1,559.835,-1,416.272,436.334,500.773,472.875,-1,432.705,417.515,900.038,-1,-1,-1,-1,2,0,2,0,2,0,0,0,0,2,0,0,0,2,2,2,2
13,-5673.492,-2537.274,-128.231,-98.697,-0.151195,0.987555,-0.043312,-0.988453,-0.151486,-0.003508,-0.010026,0.042281,0.999055,0,0.75290,-0.21160,9.172,0.537,-1,457.184,-1,549.984,-1,404.953,426.733,486.427,483.143,-1,448.373,436.787,-1,-1,-1,-1,-1,2,0,2,0,2,0,0,0,0,2,0,0,2,2,2,2,2
14,-5671.546,-2546.925,-128.808,-98.105,-0.140973,0.989305,-0.037449,-0.989925,-0.141366,-0.008028,-0.013236,0.035940,0.999266,0,0.74967,-0.21928,9.845,0.592,-1,444.513,-1,541.196,-1,395.335,417.899,473.921,492.249,-1,462.388,454.700,-1,977.043,-1,-1,-1,2,0,2,0,2,0,0,0,0,2,0,0,2,0,2,2,2
15,-5669.404,-2557.264,-129.478,-97.465,-0.129914,0.990995,-0.032423,-0.991414,-0.130321,-0.010758,-0.014887,0.030747,0.999416,0,0.74611,-0.22776,10.558,0.639,-1,434.591,-1,534.729,-1,387.546,410.640,463.439,499.480,-1,473.163,469.094,-1,906.720,-1,-1,-1,2,0,2,0,2,0,0,0,0,2,0,0,2,0,2,2,2
16,-5667.159,-2568.288,-130.193,-96.789,-0.118201,0.992589,-0.028197,-0.992875,-0.118571,-0.011804,-0.015060,0.026601,0.999533,0,0.74224,-0.23694,11.250,0.676,-1,427.208,-1,530.615,-1,381.461,404.935,454.841,504.837,-1,480.684,480.096,-1,881.822,-1,-1,-1,2,0,2,0,2,0,0,0,0,2,0,0,2,0,2,2,2
17,-5664.842,-2579.923,-130.827,-96.097,-0.106206,0.994042,-0.024533,-0.994247,-0.106508,-0.011383,-0.013928,0.023183,0.999634,0,0.73814,-0.24670,11.864,0.692,-1,422.176,-1,529.155,-1,376.596,401.264,447.855,509.197,-1,485.722,488.397,-1,891.911,-1,-1,-1,2,0,2,0,2,0,0,0,0,2,0,0,2,0,2,2,2
18,-5662.567,-2592.245,-131.157,-95.411,-0.094299,0.995288,-0.022553,-0.995485,-0.094514,-0.008700,-0.010791,0.021630,0.999708,0,0.73389,-0.25680,12.531,0.686,-1,421.501,-1,529.940,-1,374.173,400.691,444.687,510.937,-1,487.600,492.593,-1,946.472,-1,-1,-1,2,0,2,0,2,0,0,0,0,2,0,0,2,0,2,2,2
19,-5660.697,-2605.327,-130.942,-94.764,-0.083045,0.996283,-0.022864,-0.996530,-0.083152,-0.003753,-0.005641,0.022473,0.999732,0,0.72959,-0.26702,13.215,0.648,-1,426.027,-1,535.473,-1,375.313,402.334,446.731,509.084,-1,487.361,493.555,-1,-1,-1,-1,-1,2,0,2,0,2,0,0,0,0,2,0,0,2,2,2,2,2
20,-5659.906,-2619.048,-130.270,-94.352,-0.075887,0.996863,-0.022459,-0.997116,-0.075861,0.002008,0.000298,0.022547,0.999746,0,0.72543,-0.27691,13.744,0.412,-1,432.424,-1,547.631,-1,379.695,408.744,449.568,510.726,-1,487.180,494.444,-1,-1,-1,-1,-1,2,0,2,0,2,0,0,0,0,2,0,0,2,2,2,2,2
21,-5660.634,-2632.981,-129.392,-94.320,-0.075328,0.996962,-0.019817,-0.997144,-0.075205,0.006893,0.005381,0.020279,0.999780,0,0.72234,-0.28427,13.952,0.032,-1,437.474,-1,565.732,-1,385.337,416.412,449.641,518.285,-1,489.711,498.146,-1,-1,-1,-1,-1,2,0,2,0,2,0,0,0,0,2,0,0,2,2,2,2,2
22,-5663.681,-2645.735,-128.382,-94.801,-0.083693,0.996396,-0.013837,-0.996475,-0.083603,0.006959,0.005777,0.014370,0.999880,0,0.72102,-0.28741,13.112,-0.481,-1,434.962,-1,579.649,-1,386.357,420.543,445.369,534.355,-1,503.034,513.014,-1,-1,-1,-1,-1,2,0,2,0,2,0,0,0,0,2,0,0,2,2,2,2,2
23,-5667.862,-2658.111,-127.442,-95.494,-0.095732,0.995349,-0.010752,-0.995395,-0.095671,0.006052,0.004995,0.011281,0.999924,0,0.72228,-0.28440,13.063,-0.693,-1,432.283,-1,589.662,-1,386.878,423.347,445.453,544.728,-1,519.792,529.750,-1,-1,-1,-1,-1,2,0,2,0,2,0,0,0,0,2,0,0,2,2,2,2,2
24,-5672.582,-2670.600,-126.747,-96.216,-0.108282,0.994049,-0.011905,-0.994103,-0.108201,0.007191,0.005860,0.012614,0.999903,0,0.39344,-0.21034,13.351,-0.723,-1,433.766,-1,600.032,-1,389.978,427.989,451.884,544.289,-1,532.504,540.801,-1,-1,-1,-1,-1,2,0,2,0,2,0,0,0,0,2,0,0,2,2,2,2,2
25,-5677.963,-2682.737,-126.321,-96.947,-0.120953,0.992536,-0.015575,-0.992623,-0.120802,0.010318,0.008359,0.016708,0.999825,0,0.39482,-0.20433,13.277,-0.731,-1,445.249,-1,611.855,-1,395.464,434.820,462.298,536.902,-1,540.151,545.917,-1,-1,-1,-1,-1,2,0,2,0,2,0,0,0,0,2,0,0,2,2,2,2,2
26,-5683.844,-2694.658,-126.254,-97.671,-0.133470,0.990829,-0.021055,-0.990960,-0.133137,0.016504,0.013549,0.023067,0.999642,0,0.39628,-0.19794,13.293,-0.723,-1,463.418,-1,626.544,-1,404.582,446.430,475.612,523.934,-1,539.456,541.922,-1,-1,-1,-1,-1,2,0,2,0,2,0,0,0,0,2,0,0,2,2,2,2,2
27,-5690.054,-2706.369,-126.505,-98.403,-0.146113,0.988922,-0.026152,-0.989074,-0.145510,0.023642,0.019575,0.029321,0.999378,0,0.39777,-0.19142,13.256,-0.733,-1,483.362,-1,643.144,-1,419.198,460.882,487.594,510.849,-1,535.462,534.784,-1,-1,-1,-1,-1,2,0,2,0,2,0,0,0,0,2,0,0,2,2,2,2,2
28,-5696.083,-2718.259,-126.847,-99.105,-0.158188,0.986939,-0.030452,-0.987065,-0.157244,0.031255,0.026058,0.035002,0.999047,0,0.39931,-0.18465,13.331,-0.702,-1,506.343,-1,661.620,-1,436.436,476.416,498.617,499.154,-1,530.241,526.886,-1,-1,-1,-1,-1,2,0,2,0,2,0,0,0,0,2,0,0,2,2,2,2,2
29,-5702.169,-2730.146,-127.112,-99.809,-0.170280,0.984890,-0.031555,-0.984876,-0.169064,0.037905,0.031997,0.037532,0.998783,0,0.40076,-0.17831,13.354,-0.704,-1,538.546,-1,682.591,-1,452.944,492.377,504.747,494.368,-1,525.669,521.501,-1,-1,-1,-1,-1,2,0,2,0,2,0,0,0,0,2,0,0,2,2,2,2,2
30,-5708.541,-2741.628,-127.235,-100.578,-0.183459,0.982590,-0.029328,-0.982365,-0.182159,0.042147,0.036071,0.036543,0.998681,0,0.40222,-0.17193,13.132,-0.769,-1,563.922,-1,700.921,-1,466.436,506.616,504.717,497.039,-1,524.534,521.074,-1,-1,-1,-1,-1,2,0,2,0,2,0,0,0,0,2,0,0,2,2,2,2,2
31,-5714.799,-2753.067,-127.260,-101.352,-0.196685,0.980109,-0.026471,-0.979692,-0.195385,0.045030,0.038962,0.034790,0.998635,0,0.40386,-0.16472,13.039,-0.774,-1,585.400,-1,714.129,-1,478.075,519.074,503.199,501.433,-1,526.864,523.504,-1,-1,-1,-1,-1,2,0,2,0,2,0,0,0,0,2,0,0,2,2,2,2,2
32,-5720.878,-2764.693,-127.177,-102.089,-0.209241,0.977579,-0.023604,-0.976971,-0.207957,0.047772,0.041793,0.033056,0.998579,0,0.40551,-0.15750,13.120,-0.737,-1,607.422,-1,727.249,-1,492.959,531.704,499.761,506.102,-1,529.864,526.554,992.929,-1,-1,-1,-1,2,0,2,0,2,0,0,0,0,2,0,0,0,2,2,2,2
33,-5727.008,-2776.373,-126.964,-102.832,-0.221871,0.974871,-0.019990,-0.974038,-0.220642,0.050666,0.044982,0.030712,0.998516,0,0.40705,-0.15078,13.191,-0.744,-1,632.847,-1,742.912,-1,508.739,546.180,495.249,512.549,-1,532.281,529.278,987.047,-1,-1,-1,-1,2,0,2,0,2,0,0,0,0,2,0,0,0,2,2,2,2
34,-5733.249,-2788.005,-126.591,-103.604,-0.234936,0.971882,-0.015806,-0.970782,-0.233791,0.054068,0.048853,0.028047,0.998412,0,0.40860,-0.14399,13.200,-0.772,-1,664.278,-1,762.264,-1,526.561,563.416,490.924,520.355,-1,533.364,530.707,979.790,-1,-1,-1,-1,2,0,2,0,2,0,0,0,0,2,0,0,0,2,2,2,2
35,-5739.986,-2799.538,-125.977,-104.462,-0.249375,0.968358,-0.009725,-0.966891,-0.248411,0.058422,0.054158,0.023972,0.998245,0,0.86596,-0.39287,13.357,-0.858,-1,698.456,-1,787.480,-1,549.853,586.515,485.444,532.391,-1,531.202,529.430,971.151,-1,-1,-1,-1,2,0,2,0,2,0,0,0,0,2,0,0,0,2,2,2,2
36,-5747.370,-2811.293,-125.048,-105.448,-0.265842,0.964015,-0.002057,-0.961991,-0.265144,0.065360,0.062463,0.019354,0.997860,0,0.86990,-0.38469,13.882,-0.986,-1,750.776,-1,826.335,-1,582.829,618.208,480.356,546.483,999.685,519.357,522.145,949.418,-1,-1,-1,-1,2,0,2,0,2,0,0,0,0,0,0,0,0,2,2,2,2
37,-5755.534,-2823.055,-123.779,-106.559,-0.284248,0.958726,0.006951,-0.955992,-0.283972,0.073747,0.072677,0.014317,0.997253,0,0.87455,-0.37505,14.318,-1.111,-1,812.709,-1,877.297,-1,624.502,655.081,475.047,563.168,866.162,499.608,511.555,929.162,-1,-1,-1,-1,2,0,2,0,2,0,0,0,0,0,0,0,0,2,2,2,2
38,-5764.465,-2834.713,-122.222,-107.805,-0.304709,0.952289,0.017252,-0.948789,-0.305075,0.082026,0.083376,0.008625,0.996481,0,0.87994,-0.36386,14.686,-1.246,-1,880.831,-1,937.237,-1,668.085,697.569,466.439,583.562,778.210,481.208,494.238,908.985,-1,-1,-1,-1,2,0,2,0,2,0,0,0,0,0,0,0,0,2,2,2,2
39,-5774.017,-2846.521,-120.545,-109.146,-0.326540,0.944751,0.028590,-0.940546,-0.327782,0.089065,0.093516,0.002193,0.995615,0,0.88616,-0.35097,15.187,-1.341,-1,946.357,-1,1003.055,-1,710.406,738.899,455.410,607.001,728.130,464.823,480.061,893.947,-1,-1,-1,-1,2,0,2,0,2,0,0,0,0,0,0,0,0,2,2,2,2
40,-5784.108,-2858.476,-118.791,-110.540,-0.349030,0.936250,0.040172,-0.931551,-0.351303,0.093807,0.101939,-0.004681,0.994780,0,0.89294,-0.33691,15.645,-1.394,-1,1006.504,-1,-1,-1,748.046,774.516,443.940,630.881,691.635,447.805,472.265,889.354,-1,-1,-1,-1,2,0,2,2,2,0,0,0,0,0,0,0,0,2,2,2,2
41,-5794.752,-2870.566,-117.052,-111.963,-0.371799,0.926880,0.051568,-0.921953,-0.375173,0.096164,0.108480,-0.011789,0.994029,0,0.90007,-0.32212,16.108,-1.423,-1,-1,-1,-1,-1,778.414,806.599,432.234,655.967,665.238,438.176,470.301,890.649,-1,-1,-1,-1,2,2,2,2,2,0,0,0,0,0,0,0,0,2,2,2,2
42,-5805.912,-2882.770,-115.392,-113.389,-0.394449,0.916907,0.060758,-0.911979,-0.398724,0.096510,0.112716,-0.017342,0.993476,0,0.90744,-0.30682,16.537,-1.426,-1,-1,-1,-1,-1,801.079,830.723,421.868,677.022,653.352,436.551,472.042,894.931,-1,-1,-1,-1,2,2,2,2,2,0,0,0,0,0,0,0,0,2,2,2,2
43,-5817.690,-2894.987,-113.912,-114.808,-0.416791,0.906500,0.067410,-0.901696,-0.421686,0.095529,0.115023,-0.020967,0.993142,0,0.91494,-0.29126,16.970,-1.418,-1,-1,-1,-1,-1,815.832,847.916,410.882,692.213,654.308,441.014,476.556,900.372,-1,-1,-1,-1,2,2,2,2,2,0,0,0,0,0,0,0,0,2,2,2,2
44,-5830.035,-2907.268,-112.771,-116.233,-0.439063,0.895627,0.071245,-0.891008,-0.444242,0.093566,0.115450,-0.022398,0.993061,0,0.92255,-0.27549,17.413,-1.425,-1,-1,-1,-1,-1,824.779,857.498,402.781,699.817,666.953,449.887,485.805,905.768,-1,-1,-1,-1,2,2,2,2,2,0,0,0,0,0,0,0,0,2,2,2,2
45,-5842.985,-2919.657,-112.137,-117.650,-0.461045,0.884411,0.072495,-0.880025,-0.466191,0.090677,0.113993,-0.021991,0.993238,0,0.93032,-0.25936,17.923,-1.417,-1,-1,-1,-1,-1,826.295,858.643,396.166,700.133,688.816,463.308,499.622,911.379,-1,-1,-1,-1,2,2,2,2,2,0,0,0,0,0,0,0,0,2,2,2,2
46,-5856.532,-2932.035,-112.002,-119.032,-0.482352,0.873136,0.070498,-0.869024,-0.487091,0.086829,0.110153,-0.019382,0.993726,0,0.93820,-0.24301,18.350,-1.382,-1,-1,-1,-1,-1,818.545,849.366,391.548,692.172,724.050,483.809,520.339,917.840,-1,-1,-1,-1,2,2,2,2,2,0,0,0,0,0,0,0,0,2,2,2,2
47,-5870.667,-2944.479,-112.459,-120.386,-0.503086,0.861732,0.065741,-0.857965,-0.507136,0.081914,0.103927,-0.015194,0.994469,0,0.94608,-0.22666,18.832,-1.354,-1,-1,-1,-1,-1,801.753,830.318,387.156,677.787,772.743,511.611,548.062,926.386,-1,-1,-1,-1,2,2,2,2,2,0,0,0,0,0,0,0,0,2,2,2,2
48,-5885.333,-2957.019,-113.489,-121.736,-0.523612,0.849967,0.058188,-0.846601,-0.526752,0.076155,0.095380,-0.009386,0.995397,0,0.95399,-0.21025,19.296,-1.350,-1,996.232,-1,-1,-1,777.016,802.466,384.235,657.432,847.222,547.940,580.821,936.419,-1,-1,-1,-1,2,0,2,2,2,0,0,0,0,0,0,0,0,2,2,2,2
49,-5900.576,-2969.622,-114.997,-123.089,-0.543976,0.837713,0.048246,-0.834807,-0.546106,0.069755,0.084782,-0.002331,0.996397,0,0.96205,-0.19355,19.779,-1.353,-1,942.856,-1,-1,-1,746.346,768.238,381.728,633.037,951.181,592.074,620.912,948.298,-1,-1,-1,-1,2,0,2,2,2,0,0,0,0,0,0,0,0,2,2,2,2
50,-5916.354,-2982.243,-116.917,-124.419,-0.563788,0.825137,0.035930,-0.822792,-0.564904,0.062418,0.071801,0.005628,0.997403,0,0.82245,-0.17196,20.205,-1.330,-1,880.022,-1,1001.012,-1,710.085,727.785,379.317,606.962,-1,647.628,673.290,963.985,-1,-1,-1,-1,2,0,2,0,2,0,0,0,0,2,0,0,0,2,2,2,2
51,-5932.613,-2994.792,-119.126,-125.704,-0.582661,0.812444,0.021005,-0.810750,-0.582854,0.054449,0.056480,0.014696,0.998296,0,0.81529,-0.15467,20.539,-1.284,-1,823.767,-1,907.140,-1,669.664,682.764,378.761,577.723,-1,719.493,736.067,983.510,-1,-1,-1,-1,2,0,2,0,2,0,0,0,0,2,0,0,0,2,2,2,2
52,-5949.299,-3007.645,-121.548,-126.856,-0.599297,0.800517,0.003973,-0.799479,-0.598759,0.048186,0.040952,0.025701,0.998830,0,0.80815,-0.13741,21.062,-1.152,-1,776.547,-1,822.706,-1,631.170,639.398,383.926,545.190,-1,803.883,806.067,1000.483,-1,-1,-1,-1,2,0,2,0,2,0,0,0,0,2,0,0,0,2,2,2,2
53,-5966.393,-3020.863,-124.077,-127.909,-0.614194,0.789038,-0.013585,-0.788723,-0.613197,0.043656,0.026115,0.037528,0.998954,0,0.80143,-0.12116,21.609,-1.053,-1,735.079,-1,754.717,-1,596.317,599.838,399.151,513.562,-1,894.651,882.330,-1,-1,-1,-1,-1,2,0,2,0,2,0,0,0,0,2,0,0,2,2,2,2,2
54,-5983.701,-3034.885,-126.639,-128.790,-0.626412,0.778854,-0.031548,-0.779383,-0.625131,0.042107,0.013074,0.050964,0.998615,0,0.79498,-0.10559,22.276,-0.881,-1,703.505,-1,697.290,-1,567.199,565.597,418.528,480.864,-1,985.841,958.411,-1,-1,-1,-1,-1,2,0,2,0,2,0,0,0,0,2,0,0,2,2,2,2,2
55,-6001.322,-3049.777,-128.913,-129.559,-0.636868,0.769630,-0.045496,-0.770967,-0.635513,0.041635,0.003130,0.061592,0.998097,0,0.78921,-0.09165,23.071,-0.769,-1,680.796,-1,656.203,-1,545.581,540.083,435.179,455.664,-1,-1,-1,-1,-1,-1,-1,-1,2,0,2,0,2,0,0,0,0,2,2,2,2,2,2,2,2
56,-6019.284,-3065.548,-130.268,-130.238,-0.645965,0.761584,-0.052134,-0.763356,-0.644808,0.038862,-0.004020,0.064900,0.997884,0,0.78384,-0.07868,23.903,-0.680,-1,662.375,-1,632.959,-1,530.626,523.935,442.270,446.964,-1,-1,-1,-1,-1,-1,-1,-1,2,0,2,0,2,0,0,0,0,2,2,2,2,2,2,2,2
57,-6037.385,-3082.048,-130.583,-130.903,-0.654746,0.753986,-0.053031,-0.755786,-0.653984,0.033049,-0.009762,0.061719,0.998046,0,0.77877,-0.06641,24.493,-0.664,-1,645.726,-1,621.942,-1,519.792,514.185,444.897,452.460,-1,-1,-1,-1,-1,-1,-1,-1,2,0,2,0,2,0,0,0,0,2,2,2,2,2,2,2,2
58,-6055.708,-3099.200,-130.140,-131.523,-0.662860,0.747011,-0.050904,-0.748608,-0.662498,0.026116,-0.014215,0.055418,0.998362,0,0.77370,-0.05415,25.098,-0.621,-1,632.425,-1,618.771,-1,512.550,509.166,443.904,465.849,-1,-1,-1,-1,-1,-1,-1,-1,2,0,2,0,2,0,0,0,0,2,2,2,2,2,2,2,2
59,-6074.331,-3116.763,-129.315,-132.104,-0.670372,0.740418,-0.048819,-0.741798,-0.670343,0.019378,-0.018377,0.049204,0.998620,0,0.76870,-0.04208,25.598,-0.581,-1,621.284,-1,617.571,-1,506.843,505.658,446.829,480.529,-1,-1,-1,-1,-1,-1,-1,-1,2,0,2,0,2,0,0,0,0,2,2,2,2,2,2,2,2
60,-6097.120,-3138.327,-128.332,-132.730,-0.678369,0.733184,-0.047514,-0.734360,-0.678645,0.012517,-0.023068,0.043383,0.998792,0,0.76369,-0.02999,31.375,-0.626,-1,610.112,-1,617.753,-1,500.817,501.612,453.626,495.390,-1,-1,-1,-1,-1,-1,-1,-1,2,0,2,0,2,0,0,0,0,2,2,2,2,2,2,2,2
61,-6112.595,-3152.926,-127.859,-133.120,-0.683295,0.728569,-0.047902,-0.729672,-0.683738,0.008987,-0.026205,0.041094,0.998812,0,0.75770,-0.01551,21.275,-0.390,-1,603.437,-1,615.959,-1,496.670,498.235,460.856,502.486,-1,-1,-1,-1,-1,-1,-1,-1,2,0,2,0,2,0,0,0,0,2,2,2,2,2,2,2,2
62,-6132.171,-3171.500,-127.620,-133.522,-0.688314,0.723654,-0.050488,-0.724772,-0.688964,0.005931,-0.030492,0.040675,0.998707,0,0.75362,-0.00564,26.986,-0.402,-1,595.058,-1,609.592,-1,490.434,492.142,473.636,505.894,-1,-1,-1,-1,-1,-1,-1,-1,2,0,2,0,2,0,0,0,0,2,2,2,2,2,2,2,2
63,-6151.964,-3190.334,-127.668,-133.809,-0.691818,0.719962,-0.055158,-0.721187,-0.692732,0.003441,-0.035732,0.042160,0.998472,0,0.74864,0.00638,27.321,-0.287,-1,585.685,-1,598.381,-1,482.235,483.457,489.200,504.968,-1,-1,-1,-1,-1,-1,-1,-1,2,0,2,0,2,0,0,0,0,2,2,2,2,2,2,2,2
64,-6172.064,-3209.521,-128.092,-134.048,-0.694695,0.716845,-0.059436,-0.718170,-0.695866,0.001367,-0.040380,0.043635,0.998231,0,0.74386,0.01793,27.788,-0.239,-1,577.018,-1,588.074,-1,474.471,475.403,503.910,503.237,-1,-1,-1,-1,-1,-1,-1,-1,2,0,2,0,2,0,0,0,0,2,2,2,2,2,2,2,2
65,-6192.534,-3229.003,-128.839,-134.274,-0.697414,0.713894,-0.063000,-0.715320,-0.698797,0.000127,-0.043934,0.045154,0.998013,0,0.73896,0.02979,28.259,-0.226,-1,570.243,-1,580.353,-1,467.942,468.956,518.066,500.771,-1,-1,-1,-1,-1,-1,-1,-1,2,0,2,0,2,0,0,0,0,2,2,2,2,2,2,2,2
66,-6213.304,-3248.972,-129.880,-134.440,-0.699448,0.711706,-0.065166,-0.713248,-0.700912,0.000555,-0.045281,0.046868,0.997874,0,0.73369,0.04251,28.813,-0.167,-1,567.990,-1,578.763,-1,464.349,465.460,530.041,497.552,-1,-1,-1,-1,-1,-1,-1,-1,2,0,2,0,2,0,0,0,0,2,2,2,2,2,2,2,2
67,-6234.325,-3269.444,-131.037,-134.562,-0.700985,0.710167,-0.065442,-0.711789,-0.702390,0.002133,-0.044451,0.048076,0.997854,0,0.72826,0.05564,29.342,-0.122,-1,570.225,-1,584.964,-1,463.869,465.444,540.562,495.631,-1,-1,-1,-1,-1,-1,-1,-1,2,0,2,0,2,0,0,0,0,2,2,2,2,2,2,2,2
68,-6255.585,-3290.230,-132.161,-134.669,-0.702361,0.708876,-0.064681,-0.710521,-0.703667,0.003563,-0.042988,0.048460,0.997900,0,0.72255,0.06942,29.733,-0.107,-1,573.858,-1,593.912,-1,464.555,467.025,549.152,495.376,-1,-1,-1,-1,-1,-1,-1,-1,2,0,2,0,2,0,0,0,0,2,2,2,2,2,2,2,2
69,-6277.004,-3311.249,-133.077,-134.767,-0.703606,0.707736,-0.063632,-0.709356,-0.704838,0.004204,-0.041875,0.048096,0.997965,0,0.71635,0.08442,30.010,-0.098,-1,576.715,-1,603.352,-1,465.588,468.619,554.768,496.553,-1,-1,-1,-1,-1,-1,-1,-1,2,0,2,0,2,0,0,0,0,2,2,2,2,2,2,2,2
70,-6298.636,-3332.578,-133.916,-134.855,-0.704745,0.706748,-0.061978,-0.708309,-0.705887,0.004726,-0.040410,0.047230,0.998066,0,0.70956,0.10082,30.378,-0.089,-1,586.858,-1,618.321,-1,468.531,474.999,558.242,498.994,-1,-1,-1,-1,-1,-1,-1,-1,2,0,2,0,2,0,0,0,0,2,2,2,2,2,2,2,2
71,-6320.196,-3353.822,-134.372,-134.869,-0.704998,0.706565,-0.061189,-0.708225,-0.705939,0.008251,-0.037366,0.049152,0.998092,0,0.70207,0.11891,30.268,-0.014,-1,606.974,-1,641.525,-1,475.474,484.677,570.417,497.360,-1,-1,-1,-1,-1,-1,-1,-1,2,0,2,0,2,0,0,0,0,2,2,2,2,2,2,2,2
72,-6341.367,-3374.339,-133.409,-134.779,-0.704128,0.707437,-0.061129,-0.709589,-0.704215,0.023778,-0.026227,0.060119,0.997847,0,0.38307,0.89911,29.482,0.090,-1,686.657,-1,690.630,-1,502.848,514.163,617.926,483.606,-1,-1,-1,-1,-1,-1,-1,-1,2,0,2,0,2,0,0,0,0,2,2,2,2,2,2,2,2
73,-6366.714,-3398.453,-130.873,-134.682,-0.703151,0.708485,-0.060229,-0.711002,-0.701468,0.049182,-0.007404,0.077406,0.996972,0,0.38307,0.89911,34.985,0.097,-1,894.010,-1,803.264,-1,568.465,577.386,707.074,464.613,-1,-1,-1,-1,-1,-1,-1,-1,2,0,2,0,2,0,0,0,0,2,2,2,2,2,2,2,2
74,-6383.242,-3414.018,-128.565,-134.691,-0.703283,0.708713,-0.055851,-0.710901,-0.700706,0.060255,0.003569,0.082081,0.996619,0,0.38307,0.89911,22.703,-0.009,-1,-1,-1,914.507,-1,620.511,632.014,750.577,465.364,-1,-1,-1,-1,-1,-1,-1,-1,2,2,2,0,2,0,0,0,0,2,2,2,2,2,2,2,2
75,-6403.694,-3432.900,-125.136,-134.936,-0.706214,0.706813,-0.040951,-0.707791,-0.703423,0.065019,0.017150,0.074902,0.997043,0,0.38307,0.89911,27.836,-0.245,-1,-1,-1,-1,-1,717.815,726.913,745.946,490.298,-1,-1,-1,-1,-1,-1,-1,-1,2,2,2,2,2,0,0,0,0,2,2,2,2,2,2,2,2
76,-6421.788,-3452.010,-121.821,-134.988,-0.706706,0.706912,-0.029009,-0.707007,-0.704071,0.066525,0.026603,0.067523,0.997363,0,0.38307,0.89911,26.317,-0.052,-1,-1,-1,-1,-1,815.922,828.086,738.645,515.722,-1,-1,-1,-1,-1,-1,-1,-1,2,2,2,2,2,0,0,0,0,2,2,2,2,2,2,2,2
77,-6438.162,-3471.292,-119.330,-134.723,-0.703323,0.710529,-0.022013,-0.710147,-0.700874,0.066833,0.032058,0.062638,0.997521,0,0.38307,0.89911,25.296,0.264,-1,-1,-1,-1,-1,889.293,902.895,736.812,534.258,-1,-1,-1,-1,-1,-1,-1,-1,2,2,2,2,2,0,0,0,0,2,2,2,2,2,2,2,2
78,-6454.468,-3490.514,-117.998,-134.422,-0.699473,0.714500,-0.015053,-0.713724,-0.697326,0.065829,0.036538,0.056789,0.997717,0,0.38307,0.89911,25.207,0.301,-1,-1,-1,-1,-1,947.066,964.686,724.869,551.843,-1,-1,-1,-1,-1,-1,-1,-1,2,2,2,2,2,0,0,0,0,2,2,2,2,2,2,2,2
79,-6470.698,-3509.774,-117.923,-134.129,-0.695695,0.718288,-0.008408,-0.717185,-0.693869,0.064738,0.040667,0.051068,0.997867,0,0.38307,0.89911,25.187,0.294,-1,-1,-1,-1,-1,835.133,-1,707.813,566.266,-1,-1,-1,-1,-1,-1,-1,-1,2,2,2,2,2,1,2,0,0,2,2,2,2,2,2,2,2
80,-6486.832,-3529.090,-119.110,-133.846,-0.692041,0.721855,-0.002187,-0.720487,-0.690537,0.063694,0.044467,0.045654,0.997967,0,0.38307,0.89911,25.167,0.282,-1,-1,-1,-1,-1,800.815,-1,687.242,576.975,-1,-1,-1,-1,-1,-1,-1,-1,2,2,2,2,2,1,2,0,0,2,2,2,2,2,2,2,2
81,-6502.785,-3548.453,-121.491,-133.557,-0.688302,0.725417,0.003321,-0.723878,-0.687126,0.062110,0.047338,0.040346,0.998064,0,0.38307,0.89911,25.088,0.289,-1,-1,-1,-1,-1,777.343,-1,662.879,583.945,-1,-1,-1,-1,-1,-1,-1,-1,2,2,2,2,2,1,2,0,0,2,2,2,2,2,2,2,2
82,-6517.585,-3568.176,-124.901,-132.994,-0.681174,0.732115,0.003235,-0.730633,-0.680063,0.060739,0.046668,0.039011,0.998148,0,0.38307,0.89911,24.659,0.563,-1,1007.990,-1,-1,-1,759.989,-1,648.550,578.193,-1,-1,-1,-1,-1,-1,-1,-1,2,1,2,2,2,1,2,0,0,2,2,2,2,2,2,2,2
83,-6531.872,-3587.881,-129.044,-132.380,-0.673466,0.739218,-0.000422,-0.738051,-0.672370,0.056570,0.041534,0.038410,0.998399,0,0.30194,0.64662,24.339,0.613,-1,994.650,-1,-1,-1,744.669,-1,632.449,567.999,-1,-1,-1,-1,-1,-1,-1,-1,2,1,2,2,2,1,2,0,0,2,2,2,2,2,2,2,2
84,-6545.836,-3607.367,-133.770,-131.788,-0.666052,0.745868,-0.007419,-0.745259,-0.665028,0.048237,0.031045,0.037657,0.998808,0,0.30194,0.64662,23.973,0.592,-1,982.314,-1,-1,-1,730.257,969.970,612.331,555.868,-1,-1,-1,-1,-1,-1,-1,-1,2,1,2,2,2,1,0,0,0,2,2,2,2,2,2,2,2
85,-6559.349,-3626.680,-139.025,-131.185,-0.658421,0.752422,-0.018511,-0.752504,-0.657610,0.035880,0.014823,0.037553,0.999185,0,0.30194,0.64662,23.571,0.603,-1,972.670,-1,-1,-1,717.616,879.191,591.292,540.037,-1,-1,-1,-1,-1,-1,-1,-1,2,1,2,2,2,1,0,0,0,2,2,2,2,2,2,2,2
86,-6572.460,-3645.879,-144.372,-130.584,-0.650554,0.758830,-0.030929,-0.759448,-0.650232,0.020896,-0.004254,0.037083,0.999303,0,0.30194,0.64662,23.249,0.601,-1,964.680,-1,-1,-1,706.020,783.370,568.427,524.062,-1,-1,-1,-1,-1,-1,-1,-1,2,1,2,2,2,1,0,0,0,2,2,2,2,2,2,2,2
87,-6585.323,-3665.503,-148.328,-129.949,-0.642023,0.765726,-0.038350,-0.766523,-0.642113,0.011545,-0.015784,0.036808,0.999198,0,0.30194,0.64662,23.464,0.635,-1,955.893,-1,-1,-1,693.596,732.848,553.729,512.563,-1,-1,-1,-1,-1,-1,-1,-1,2,1,2,2,2,1,0,0,0,2,2,2,2,2,2,2,2
88,-6598.181,-3685.650,-150.753,-129.274,-0.632903,0.773049,-0.042773,-0.773971,-0.633157,0.009046,-0.020088,0.038830,0.999044,0,0.30194,0.64662,23.900,0.675,-1,946.086,-1,994.646,-1,680.228,719.653,553.610,501.875,-1,-1,-1,-1,-1,-1,-1,-1,2,1,2,0,2,1,0,0,0,2,2,2,2,2,2,2,2
89,-6611.303,-3705.867,-151.986,-128.663,-0.624603,0.779565,-0.046363,-0.780663,-0.624866,0.010361,-0.020894,0.042665,0.998871,0,0.30194,0.64662,24.102,0.611,-1,932.523,-1,987.800,-1,664.864,725.864,567.149,492.058,-1,-1,-1,-1,-1,-1,-1,-1,2,1,2,0,2,1,0,0,0,2,2,2,2,2,2,2,2
90,-6624.539,-3726.119,-151.952,-128.094,-0.616845,0.785603,-0.048265,-0.786868,-0.616953,0.014415,-0.018452,0.046870,0.998731,0,0.30194,0.64662,24.194,0.569,-1,915.969,-1,994.323,-1,647.937,527.153,590.486,485.855,-1,-1,-1,-1,-1,-1,-1,-1,2,1,2,0,2,1,1,0,0,2,2,2,2,2,2,2,2
91,-6637.727,-3746.272,-150.973,-127.566,-0.609609,0.791151,-0.049565,-0.792559,-0.609497,0.019099,-0.015099,0.050927,0.998588,0,0.30194,0.64662,24.085,0.528,-1,897.460,-1,1007.548,-1,630.146,500.857,618.771,482.692,-1,-1,-1,-1,-1,-1,-1,-1,2,1,2,0,2,1,1,0,0,2,2,2,2,2,2,2,2
92,-6650.667,-3766.293,-149.628,-127.060,-0.602598,0.796418,-0.050935,-0.797929,-0.602369,0.021459,-0.013591,0.053574,0.998471,0,0.30194,0.64662,23.839,0.506,-1,878.661,-1,-1,-1,612.423,480.682,643.001,482.976,-1,-1,-1,-1,-1,-1,-1,-1,2,1,2,2,2,1,1,0,0,2,2,2,2,2,2,2,2
93,-6665.745,-3790.134,-148.485,-126.476,-0.594404,0.802391,-0.053408,-0.804010,-0.594287,0.019769,-0.015877,0.054691,0.998377,0,0.30194,0.64662,28.209,0.585,-1,856.513,-1,-1,-1,591.692,456.909,662.145,487.520,-1,-1,-1,-1,-1,-1,-1,-1,2,1,2,2,2,1,1,0,0,2,2,2,2,2,2,2,2
94,-6675.590,-3805.924,-148.255,-126.098,-0.589054,0.806199,-0.055305,-0.807860,-0.589149,0.016303,-0.019439,0.054282,0.998336,0,0.30194,0.64662,18.607,0.378,-1,841.785,-1,1005.050,-1,578.039,441.178,667.636,492.197,-1,-1,-1,-1,-1,-1,-1,-1,2,1,2,0,2,1,1,0,0,2,2,2,2,2,2,2,2
95,-6687.607,-3825.528,-148.291,-125.686,-0.583178,0.810480,-0.055007,-0.811999,-0.583566,0.010401,-0.023670,0.050731,0.998432,0,0.30194,0.64662,22.994,0.412,-1,820.920,-1,996.887,-1,559.996,420.945,660.571,502.422,-1,-1,-1,-1,-1,-1,-1,-1,2,1,2,0,2,1,1,0,0,2,2,2,2,2,2,2,2
96,-6698.979,-3845.329,-148.438,-125.257,-0.577060,0.815077,-0.051490,-0.816303,-0.577600,0.005195,-0.025506,0.045029,0.998660,0,0.30194,0.64662,22.834,0.429,-1,800.397,-1,998.455,-1,542.324,401.217,645.274,516.736,-1,-1,-1,-1,-1,-1,-1,-1,2,1,2,0,2,1,1,0,0,2,2,2,2,2,2,2,2
97,-6710.010,-3865.230,-149.178,-124.806,-0.570579,0.819770,-0.049157,-0.820784,-0.571238,0.000792,-0.027431,0.040800,0.998791,0,0.30194,0.64662,22.754,0.452,-1,781.156,-1,997.082,-1,525.437,382.067,633.640,527.915,-1,-1,-1,-1,-1,-1,-1,-1,2,1,2,0,2,1,1,0,0,2,2,2,2,2,2,2,2
98,-6721.084,-3884.716,-150.631,-124.457,-0.565510,0.823274,-0.049174,-0.824141,-0.566367,-0.004385,-0.031461,0.038047,0.998781,0,0.30194,0.64662,22.413,0.348,-1,758.800,-1,985.443,-1,507.344,362.011,625.789,534.384,-1,-1,-1,-1,-1,-1,-1,-1,2,1,2,0,2,1,1,0,0,2,2,2,2,2,2,2,2
99,-6732.008,-3903.364,-152.726,-124.188,-0.561480,0.825795,-0.052939,-0.826576,-0.562717,-0.011024,-0.038893,0.037568,0.998537,0,0.30194,0.64662,21.612,0.270,-1,735.274,-1,959.494,-1,489.034,341.777,622.773,535.406,-1,-1,-1,-1,-1,-1,-1,-1,2,1,2,0,2,1,1,0,0,2,2,2,2,2,2,2,2
100,-6742.852,-3921.937,-155.365,-123.851,-0.556399,0.828725,-0.060285,-0.829538,-0.558189,-0.017098,-0.047820,0.040495,0.998035,0,0.30194,0.64662,21.507,0.337,-1,714.587,-1,925.782,-1,472.015,322.164,628.600,531.663,-1,-1,-1,-1,-1,-1,-1,-1,2,1,2,0,2,1,1,0,0,2,2,2,2,2,2,2,2
101,-6753.662,-3940.444,-158.373,-123.478,-0.550683,0.831718,-0.070665,-0.832700,-0.553260,-0.022678,-0.057958,0.046354,0.997242,0,0.30194,0.64662,21.432,0.374,-1,695.322,-1,885.565,-1,455.620,302.680,643.115,522.007,-1,-1,-1,-1,-1,-1,-1,-1,2,1,2,0,2,1,1,0,0,2,2,2,2,2,2,2,2
102,-6764.511,-3958.959,-161.459,-123.093,-0.544738,0.834602,-0.081855,-0.835839,-0.548271,-0.027797,-0.068078,0.053276,0.996257,0,0.30194,0.64662,21.460,0.384,-1,675.682,-1,844.553,-1,438.998,282.780,662.437,508.733,-1,-1,-1,-1,-1,-1,-1,-1,2,1,2,0,2,1,1,0,0,2,2,2,2,2,2,2,2
103,-6775.334,-3977.688,-164.171,-122.721,-0.538976,0.837425,-0.090687,-0.838869,-0.543385,-0.032121,-0.076177,0.058762,0.995361,0,0.30194,0.64662,21.632,0.372,-1,654.005,-1,813.535,-1,421.426,262.156,678.840,499.498,-1,-1,-1,-1,-1,-1,-1,-1,2,1,2,0,2,1,1,0,0,2,2,2,2,2,2,2,2
104,-6788.298,-4000.370,-166.714,-122.311,-0.532642,0.840755,-0.097078,-0.842198,-0.537871,-0.037369,-0.083633,0.061855,0.994575,0,0.30194,0.64662,26.125,0.410,-1,624.576,-1,788.388,-1,398.833,236.386,689.354,499.944,-1,-1,-1,-1,-1,-1,-1,-1,2,1,2,0,2,1,1,0,0,2,2,2,2,2,2,2,2
105,-6796.866,-4015.612,-168.035,-122.062,-0.528776,0.842915,-0.099450,-0.844188,-0.534451,-0.041334,-0.087992,0.062098,0.994184,0,0.30194,0.64662,17.485,0.249,-1,603.275,-1,776.044,-1,383.090,218.770,691.201,504.367,-1,-1,-1,-1,-1,-1,-1,-1,2,1,2,0,2,1,1,0,0,2,2,2,2,2,2,2,2
106,-6807.470,-4034.835,-169.478,-121.760,-0.524053,0.845621,-0.101463,-0.846545,-0.530250,-0.046874,-0.093439,0.061329,0.993734,0,0.37540,0.62338,21.954,0.302,-1,575.729,-1,762.303,-1,363.080,196.488,690.313,512.261,-1,-1,-1,-1,-1,-1,-1,-1,2,1,2,0,2,1,1,0,0,2,2,2,2,2,2,2,2
107,-6818.027,-4054.212,-170.923,-121.469,-0.519438,0.848208,-0.103578,-0.848689,-0.526218,-0.053115,-0.099557,0.060316,0.993202,0,0.37540,0.62338,22.066,0.291,-1,547.186,-1,747.784,-1,342.686,173.803,688.542,521.110,-1,-1,-1,-1,-1,-1,-1,-1,2,1,2,0,2,1,1,0,0,2,2,2,2,2,2,2,2
108,-6828.570,-4073.720,-172.559,-121.174,-0.514709,0.850715,-0.106574,-0.850767,-0.522178,-0.059374,-0.106161,0.060110,0.992530,0,0.37540,0.62338,22.175,0.295,-1,518.022,-1,731.561,-1,322.044,150.713,689.467,528.183,-1,-1,-1,-1,-1,-1,-1,-1,2,1,2,0,2,1,1,0,0,2,2,2,2,2,2,2,2
109,-6835.899,-4086.260,-173.514,-121.866,-0.523652,0.843993,-0.116041,-0.842385,-0.533292,-0.077376,-0.127188,0.057233,0.990226,0,0.37540,0.62338,14.524,-0.693,-1,473.094,-1,685.035,-1,297.222,128.204,684.608,530.891,-1,-1,-1,-1,423.975,-1,-1,-1,2,1,2,0,2,1,1,0,0,2,2,2,2,1,2,2,2
110,-6836.527,-4094.023,-173.718,-123.224,-0.540920,0.827701,-0.149389,-0.825858,-0.556321,-0.092009,-0.159264,0.073605,0.984488,0,0.37540,0.62338,7.789,-1.358,-1,432.537,-1,602.123,-1,277.619,112.922,765.004,493.175,-1,-1,-1,-1,381.994,910.904,-1,-1,2,1,2,0,2,1,1,0,0,2,2,2,2,1,0,2,2
111,-6835.203,-4100.972,-172.714,-124.697,-0.559698,0.808768,-0.180644,-0.808389,-0.580815,-0.095714,-0.182331,0.092460,0.978880,0,0.37540,0.62338,7.075,-1.473,-1,394.720,-1,545.493,967.623,259.871,101.165,888.437,455.038,-1,-1,-1,-1,344.722,818.581,-1,-1,2,1,2,0,0,1,1,0,0,2,2,2,2,1,0,2,2
112,-6833.706,-4108.313,-169.913,-126.189,-0.579202,0.790430,-0.199365,-0.791693,-0.603717,-0.093529,-0.194288,0.103663,0.975452,0,0.37540,0.62338,7.492,-1.492,-1,357.970,-1,524.385,937.367,242.032,90.770,1002.111,437.427,-1,-1,-1,-1,311.395,779.293,-1,979.032,2,1,2,0,0,1,1,0,0,2,2,2,2,1,0,2,0
113,-6832.359,-4113.259,-167.537,-127.160,-0.592529,0.779575,-0.202910,-0.781769,-0.617247,-0.088561,-0.194285,0.106153,0.975184,0,0.37540,0.62338,5.126,-0.971,-1,335.788,-1,529.745,956.507,230.993,85.286,-1,435.814,-1,-1,-1,-1,292.655,781.308,-1,980.166,2,1,2,0,0,1,1,2,0,2,2,2,2,1,0,2,0
114,-6830.723,-4119.583,-164.594,-128.322,-0.609069,0.767982,-0.198089,-0.770615,-0.632105,-0.081212,-0.187582,0.103186,0.976814,0,0.37540,0.62338,6.533,-1.162,-1,310.870,-1,552.925,1007.271,218.135,472.487,-1,444.428,-1,-1,-1,-1,272.606,807.979,-1,-1,2,1,2,0,0,1,0,2,0,2,2,2,2,1,0,2,2
115,-6828.985,-4125.528,-162.044,-129.442,-0.625273,0.757749,-0.186682,-0.760073,-0.645551,-0.074522,-0.176982,0.095296,0.979590,0,0.37540,0.62338,6.193,-1.121,-1,289.662,-1,587.081,-1,206.907,499.900,-1,460.470,-1,-1,-1,-1,-1,849.859,-1,-1,2,1,2,0,2,1,0,2,0,2,2,2,2,2,0,2,2
116,-6826.601,-4131.271,-160.318,-130.538,-0.640977,0.747360,-0.174932,-0.749471,-0.658587,-0.067503,-0.165657,0.087839,0.982264,0,0.37540,0.62338,6.218,-1.096,-1,272.271,-1,614.745,-1,197.708,527.236,-1,474.094,-1,-1,-1,-1,-1,892.759,-1,-1,2,1,2,0,2,1,0,2,0,2,2,2,2,2,0,2,2
117,-6823.853,-4136.997,-159.780,-131.609,-0.656085,0.736611,-0.164184,-0.738742,-0.671325,-0.059859,-0.154314,0.082017,0.984612,0,0.30137,0.57401,6.351,-1.070,-1,257.520,-1,639.984,-1,189.867,552.679,1004.955,482.345,-1,-1,-1,-1,-1,933.961,-1,-1,2,1,2,0,2,1,0,0,0,2,2,2,2,2,0,2,2
118,-6821.119,-4142.548,-160.520,-132.630,-0.670299,0.726087,-0.153288,-0.728191,-0.683351,-0.052624,-0.142959,0.076349,0.986779,0,0.30137,0.57401,6.188,-1.021,-1,244.923,-1,664.000,-1,183.076,576.274,970.654,487.522,-1,-1,-1,-1,-1,973.660,-1,-1,2,1,2,0,2,1,0,0,0,2,2,2,2,2,0,2,2
119,-6818.508,-4147.697,-162.495,-133.563,-0.683125,0.716431,-0.141660,-0.718282,-0.694168,-0.046925,-0.131955,0.069696,0.988802,0,0.30137,0.57401,5.773,-0.933,-1,234.707,-1,686.334,-1,177.531,595.186,938.307,491.731,-1,-1,-1,-1,-1,-1,-1,-1,2,1,2,0,2,1,0,0,0,2,2,2,2,2,2,2,2
120,-6816.061,-4152.374,-165.702,-134.394,-0.694415,0.707866,-0.129284,-0.709270,-0.703630,-0.042913,-0.121345,0.061898,0.990679,0,0.30137,0.57401,5.278,-0.831,-1,226.682,-1,704.983,-1,173.181,610.985,897.206,495.332,-1,-1,-1,-1,-1,-1,-1,-1,2,1,2,0,2,1,0,0,0,2,2,2,2,2,2,2,2
121,-6814.035,-4155.979,-169.959,-134.999,-0.702605,0.702279,-0.114675,-0.702633,-0.710178,-0.044209,-0.112487,0.049513,0.992419,0,0.30137,0.57401,4.135,-0.605,-1,222.120,-1,720.785,-1,170.830,621.901,837.726,505.366,-1,-1,-1,-1,-1,-1,-1,-1,2,1,2,0,2,1,0,0,0,2,2,2,2,2,2,2,2
122,-6812.417,-4157.521,-174.479,-135.201,-0.705176,0.701979,-0.099762,-0.700257,-0.711588,-0.057293,-0.111207,0.029457,0.993361,0,0.30137,0.57401,2.236,-0.202,-1,223.405,-1,726.415,-1,172.034,617.300,732.814,530.548,-1,-1,-1,-1,-1,-1,-1,-1,2,1,2,0,2,1,0,0,0,2,2,2,2,2,2,2,2
123,-4212.205,-7888.218,-29.737,124.559,-0.557807,-0.792370,-0.246983,0.809817,-0.584785,0.047146,-0.181789,-0.173713,0.967872,1,0.30137,0.57401,0.000,0.000,-1,404.261,-1,369.730,605.316,338.989,328.237,414.047,558.260,853.811,-1,-1,-1,638.032,529.117,-1,593.837,2,0,2,0,0,0,0,0,0,0,2,2,2,0,0,2,0
124,-4213.820,-7885.237,-32.639,124.621,-0.558944,-0.793899,-0.239385,0.809615,-0.584884,0.049332,-0.179177,-0.166236,0.969671,0,0.54580,-0.80766,3.390,0.061,-1,405.681,-1,364.753,570.276,337.899,325.175,420.376,532.356,861.865,-1,-1,-1,646.226,521.875,-1,573.385,2,0,2,0,0,0,0,0,0,0,2,2,2,0,0,2,0
125,-4216.707,-7880.796,-31.581,124.781,-0.562547,-0.796201,-0.222723,0.809982,-0.584757,0.044587,-0.165739,-0.155320,0.973862,0,0.54557,-0.80839,5.297,0.160,-1,434.894,-1,379.664,614.490,356.048,340.384,444.714,514.217,860.538,-1,-1,-1,722.756,549.568,-1,628.537,2,0,2,0,0,0,0,0,0,0,2,2,2,0,0,2,0
126,-4220.544,-7875.462,-27.658,124.948,-0.566399,-0.798201,-0.205103,0.810465,-0.584616,0.037031,-0.149464,-0.145254,0.978040,0,0.54497,-0.81019,6.571,0.167,-1,478.215,-1,404.661,-1,384.187,364.417,474.216,507.534,858.694,-1,-1,-1,850.673,596.710,-1,-1,2,0,2,0,2,0,0,0,0,0,2,2,2,0,0,2,2
127,-4224.881,-7869.567,-22.360,125.038,-0.568767,-0.799639,-0.192564,0.811135,-0.584103,0.029731,-0.136251,-0.139285,0.980834,0,0.54434,-0.81213,7.318,0.090,-1,520.050,-1,430.847,-1,411.518,389.080,500.139,513.035,859.964,-1,-1,-1,995.858,651.396,-1,-1,2,0,2,0,2,0,0,0,0,0,2,2,2,0,0,2,2
128,-4229.529,-7863.342,-17.099,125.059,-0.569711,-0.800658,-0.185406,0.811853,-0.583348,0.024493,-0.127767,-0.136568,0.982357,0,0.54394,-0.81333,7.769,0.021,-1,554.041,-1,452.127,-1,433.136,408.896,521.575,524.433,866.870,-1,-1,-1,-1,705.458,-1,-1,2,0,2,0,2,0,0,0,0,0,2,2,2,2,0,2,2
129,-4234.331,-7856.883,-12.619,125.042,-0.569928,-0.801427,-0.181373,0.812660,-0.582401,0.019821,-0.121517,-0.136098,0.983214,0,0.54377,-0.81386,8.048,-0.017,-1,580.654,-1,469.863,-1,450.561,424.895,538.116,537.953,871.247,-1,-1,-1,-1,767.095,-1,-1,2,0,2,0,2,0,0,0,0,0,2,2,2,2,0,2,2
130,-4239.270,-7850.127,-9.321,125.013,-0.569959,-0.802105,-0.178250,0.813579,-0.581280,0.014252,-0.115045,-0.136897,0.983882,0,0.54371,-0.81404,8.368,-0.029,-1,606.047,-1,487.022,-1,465.757,439.673,550.545,550.930,866.917,-1,-1,-1,-1,867.588,-1,-1,2,0,2,0,2,0,0,0,0,0,2,2,2,2,0,2,2
131,-4244.320,-7843.027,-7.322,124.996,-0.570196,-0.802639,-0.175062,0.814431,-0.580212,0.007514,-0.107604,-0.138292,0.984529,0,0.54369,-0.81409,8.713,-0.017,-1,629.795,-1,503.940,-1,480.114,454.171,559.592,561.859,853.274,-1,-1,-1,-1,-1,-1,-1,2,0,2,0,2,0,0,0,0,0,2,2,2,2,2,2,2
132,-4249.480,-7835.587,-6.630,124.993,-0.570653,-0.803044,-0.171687,0.815185,-0.579201,-0.000372,-0.099142,-0.140169,0.985151,0,0.54363,-0.81428,9.055,-0.003,-1,653.750,-1,520.674,-1,494.361,467.687,565.413,570.520,830.453,-1,-1,-1,-1,-1,-1,-1,2,0,2,0,2,0,0,0,0,0,2,2,2,2,2,2,2
133,-4254.751,-7827.824,-7.223,125.002,-0.571282,-0.803350,-0.168126,0.815826,-0.578224,-0.009221,-0.089807,-0.142429,0.985722,0,0.54353,-0.81460,9.384,0.009,-1,678.602,-1,537.086,-1,508.040,480.429,568.209,576.745,801.021,-1,-1,-1,-1,-1,-1,-1,2,0,2,0,2,0,0,0,0,0,2,2,2,2,2,2,2
134,-4260.118,-7819.809,-8.856,125.016,-0.571908,-0.803556,-0.164983,0.816276,-0.577403,-0.017333,-0.081334,-0.144584,0.986144,0,0.54338,-0.81506,9.646,0.015,-1,698.507,-1,550.852,-1,518.646,490.566,566.629,579.947,771.717,925.684,998.305,-1,-1,-1,-1,-1,2,0,2,0,2,0,0,0,0,0,0,0,2,2,2,2,2
135,-4265.554,-7811.628,-11.223,125.023,-0.572256,-0.803636,-0.163378,0.816561,-0.576804,-0.022904,-0.075831,-0.146515,0.986298,0,0.54321,-0.81559,9.823,0.007,-1,708.655,-1,557.464,-1,523.013,494.978,562.000,579.958,747.879,842.850,896.101,-1,-1,-1,-1,-1,2,0,2,0,2,0,0,0,0,0,0,0,2,2,2,2,2
136,-4271.027,-7803.316,-14.142,125.008,-0.572090,-0.803637,-0.163954,0.816795,-0.576393,-0.024823,-0.074553,-0.148118,0.986156,0,0.54306,-0.81604,9.952,-0.016,-1,704.218,-1,554.346,-1,518.958,491.350,556.142,576.299,736.422,794.911,845.223,-1,-1,-1,-1,-1,2,0,2,0,2,0,0,0,0,0,0,0,2,2,2,2,2
137,-4276.499,-7794.885,-17.528,124.957,-0.571213,-0.803658,-0.166880,0.817086,-0.576075,-0.022544,-0.078018,-0.149232,0.985720,0,0.54298,-0.81627,10.051,-0.051,-1,683.203,-1,540.479,-1,506.030,478.961,549.484,569.649,738.080,824.563,880.699,-1,-1,-1,-1,-1,2,0,2,0,2,0,0,0,0,0,0,0,2,2,2,2,2
138,-4281.698,-7786.353,-21.303,124.829,-0.568972,-0.804013,-0.172724,0.817773,-0.575325,-0.015759,-0.086702,-0.150216,0.984844,0,0.54302,-0.81615,9.991,-0.128,-1,645.972,-1,515.563,-1,483.648,457.441,541.560,560.852,754.374,937.281,-1,-1,-1,-1,-1,-1,2,0,2,0,2,0,0,0,0,0,0,2,2,2,2,2,2
139,-4286.646,-7777.667,-25.593,124.622,-0.565342,-0.804873,-0.180467,0.818829,-0.574016,-0.005034,-0.099539,-0.150618,0.983568,0,0.54332,-0.81524,9.997,-0.206,-1,597.796,-1,482.246,-1,454.212,429.034,533.134,548.599,784.733,-1,-1,-1,-1,-1,-1,-1,2,0,2,0,2,0,0,0,0,0,2,2,2,2,2,2,2
140,-4291.222,-7768.704,-30.309,124.313,-0.560017,-0.806273,-0.190536,0.820546,-0.571539,0.006806,-0.114387,-0.152532,0.981657,0,0.55899,-0.29888,10.064,-0.309,-1,545.287,-1,446.501,-1,421.550,398.437,520.955,537.926,818.219,-1,-1,-1,-1,915.776,-1,-1,2,0,2,0,2,0,0,0,0,0,2,2,2,2,0,2,2
141,-4295.461,-7759.202,-34.568,123.825,-0.552272,-0.808611,-0.202839,0.824182,-0.566176,0.013035,-0.125383,-0.159977,0.979125,0,0.55992,-0.29612,10.405,-0.488,-1,502.201,-1,420.825,-1,394.503,374.613,501.465,541.241,824.238,-1,-1,-1,-1,747.516,-1,-1,2,0,2,0,2,0,0,0,0,0,2,2,2,2,0,2,2
142,-4299.565,-7748.979,-37.473,123.252,-0.543838,-0.812127,-0.211399,0.829420,-0.558500,0.011838,-0.127680,-0.168900,0.977328,0,0.56146,-0.29154,11.016,-0.573,-1,480.187,-1,410.939,-1,381.202,363.934,481.995,553.156,801.911,-1,-1,-1,944.534,724.374,-1,-1,2,0,2,0,2,0,0,0,0,0,2,2,2,0,0,2,2
143,-4303.547,-7738.101,-38.713,122.625,-0.535166,-0.816897,-0.215122,0.836001,-0.548715,0.003926,-0.121247,-0.177741,0.976579,0,0.56329,-0.28610,11.584,-0.627,-1,478.871,-1,416.448,-1,381.794,366.229,468.028,571.498,765.299,-1,-1,-1,954.701,816.829,-1,-1,2,0,2,0,2,0,0,0,0,0,2,2,2,0,0,2,2
144,-4307.611,-7726.727,-38.528,122.016,-0.527012,-0.822639,-0.213362,0.842874,-0.538060,-0.007385,-0.108727,-0.183729,0.976945,0,0.56531,-0.28011,12.078,-0.609,-1,494.802,-1,433.432,-1,393.360,378.237,464.156,588.417,724.621,-1,-1,-1,-1,-1,-1,-1,2,0,2,0,2,0,0,0,0,0,2,2,2,2,2,2,2
145,-4311.957,-7714.886,-37.538,121.468,-0.519700,-0.828878,-0.207056,0.849132,-0.527869,-0.018136,-0.094266,-0.185243,0.978161,0,0.56727,-0.27431,12.614,-0.548,-1,521.903,-1,454.584,-1,410.041,395.050,470.630,596.666,701.493,-1,-1,-1,-1,-1,-1,-1,2,0,2,0,2,0,0,0,0,0,2,2,2,2,2,2,2
146,-4316.485,-7702.800,-36.171,121.000,-0.513289,-0.834948,-0.198483,0.854257,-0.519257,-0.024827,-0.082334,-0.182299,0.979790,0,0.56901,-0.26914,12.906,-0.468,-1,550.146,-1,474.070,-1,426.354,409.723,485.612,594.099,698.094,931.480,-1,-1,-1,-1,-1,-1,2,0,2,0,2,0,0,0,0,0,0,2,2,2,2,2,2
147,-4321.140,-7690.405,-34.776,120.564,-0.507153,-0.840810,-0.189300,0.858774,-0.511559,-0.028556,-0.072828,-0.177048,0.981504,0,0.57047,-0.26478,13.240,-0.436,-1,578.141,-1,490.225,-1,440.713,421.407,504.919,585.550,705.435,835.992,925.253,-1,1003.152,-1,-1,-1,2,0,2,0,2,0,0,0,0,0,0,0,2,1,2,2,2
148,-4325.916,-7677.664,-33.593,120.168,-0.501491,-0.846184,-0.180218,0.862772,-0.504609,-0.031519,-0.064269,-0.171293,0.983122,0,0.57183,-0.26076,13.607,-0.397,-1,606.164,-1,505.059,-1,453.912,432.017,525.257,575.474,716.590,780.066,830.879,-1,989.208,-1,-1,-1,2,0,2,0,2,0,0,0,0,0,0,0,2,1,2,2,2
149,-4330.837,-7664.616,-32.675,119.803,-0.496239,-0.851080,-0.171494,0.866371,-0.498209,-0.034472,-0.056102,-0.165684,0.984582,0,0.57305,-0.25714,13.945,-0.364,-1,635.279,-1,519.111,-1,466.690,442.429,544.976,564.514,728.013,736.666,769.259,-1,975.238,-1,-1,-1,2,0,2,0,2,0,0,0,0,0,0,0,2,1,2,2,2
150,-4336.016,-7651.251,-32.103,119.490,-0.491706,-0.855334,-0.163181,0.869433,-0.492606,-0.037767,-0.048081,-0.160445,0.985873,0,0.57416,-0.25385,14.333,-0.313,-1,665.944,-1,539.824,-1,479.921,452.599,563.407,553.167,737.785,701.212,714.967,-1,961.123,-1,-1,-1,2,0,2,0,2,0,0,0,0,0,0,0,2,1,2,2,2
151,-4341.516,-7637.589,-31.867,119.227,-0.487886,-0.858871,-0.155909,0.871992,-0.487716,-0.041995,-0.039971,-0.156441,0.986878,0,0.57509,-0.25110,14.728,-0.263,-1,700.008,-1,567.419,-1,493.161,465.636,579.043,544.235,742.724,663.624,672.758,-1,946.791,-1,-1,-1,2,0,2,0,2,0,0,0,0,0,0,0,2,1,2,2,2
152,-4347.580,-7623.800,-31.986,119.071,-0.485650,-0.861339,-0.149127,0.873569,-0.484447,-0.046775,-0.031955,-0.152989,0.987711,0,0.57584,-0.24887,15.064,-0.156,-1,741.041,-1,597.633,-1,506.824,480.399,592.431,535.951,744.492,634.197,632.900,-1,932.213,-1,-1,-1,2,0,2,0,2,0,0,0,0,0,0,0,2,1,2,2,2
153,-4354.675,-7610.376,-32.460,119.134,-0.486706,-0.861980,-0.141800,0.873222,-0.484616,-0.051294,-0.024504,-0.148788,0.988565,0,0.57621,-0.24776,15.184,0.063,-1,789.421,-1,636.495,-1,526.667,496.228,606.444,525.469,746.581,606.482,598.986,-1,917.445,-1,-1,-1,2,0,2,0,2,0,0,0,0,0,0,0,2,1,2,2,2
154,-4363.129,-7598.000,-33.334,119.552,-0.493115,-0.859709,-0.133184,0.869740,-0.490649,-0.053059,-0.019731,-0.141999,0.989670,0,0.57582,-0.24890,14.989,0.418,-1,847.310,-1,669.173,-1,545.580,509.532,624.708,509.814,756.928,588.920,576.588,-1,903.022,-1,-1,-1,2,0,2,0,2,0,0,0,0,0,0,0,2,1,2,2,2
155,-4372.133,-7585.702,-34.295,120.067,-0.500958,-0.855957,-0.127981,0.865334,-0.498011,-0.056416,-0.015446,-0.139008,0.990171,0,0.57421,-0.25371,15.241,0.516,-1,903.385,-1,709.899,-1,564.663,525.881,633.683,500.679,759.141,572.123,558.138,-1,888.419,-1,-1,-1,2,0,2,0,2,0,0,0,0,0,0,0,2,1,2,2,2
156,-4381.759,-7573.490,-35.386,120.625,-0.509384,-0.851357,-0.125376,0.860464,-0.505832,-0.061124,-0.011381,-0.139017,0.990225,0,0.57224,-0.25953,15.550,0.558,-1,906.523,-1,759.399,-1,584.200,550.283,634.961,499.074,754.972,556.939,542.182,-1,873.574,-1,-1,-1,2,1,2,0,2,0,0,0,0,0,0,0,2,1,2,2,2
157,-4391.967,-7561.433,-36.570,121.228,-0.518438,-0.845986,-0.124620,0.855084,-0.514135,-0.067060,-0.007340,-0.141327,0.989936,0,0.57012,-0.26582,15.798,0.603,-1,890.496,-1,820.035,-1,607.268,577.360,630.292,502.450,745.604,542.632,529.145,-1,-1,-1,-1,-1,2,1,2,0,2,0,0,0,0,0,0,0,2,2,2,2,2
158,-4402.610,-7549.403,-37.816,121.837,-0.527506,-0.840263,-0.125279,0.849542,-0.522431,-0.073109,-0.004019,-0.144995,0.989424,0,0.56784,-0.27262,16.062,0.609,-1,874.382,-1,886.104,-1,636.426,604.512,622.277,506.737,735.259,529.509,521.136,-1,-1,-1,-1,-1,2,1,2,0,2,0,0,0,0,0,0,0,2,2,2,2,2
159,-4413.369,-7537.400,-38.951,122.379,-0.535520,-0.834809,-0.127718,0.844522,-0.529485,-0.080175,-0.000694,-0.150796,0.988565,0,0.56552,-0.27950,16.119,0.542,-1,857.978,-1,960.959,-1,665.351,637.654,610.107,515.159,721.864,518.151,514.463,-1,-1,-1,-1,-1,2,1,2,0,2,0,0,0,0,0,0,0,2,2,2,2,2
160,-4424.166,-7525.467,-39.525,122.847,-0.542398,-0.829685,-0.132011,0.840108,-0.534753,-0.090874,0.004803,-0.160193,0.987074,0,0.56342,-0.28573,16.092,0.468,-1,841.413,-1,-1,-1,702.507,688.295,592.584,535.117,696.583,502.867,503.654,-1,-1,-1,-1,-1,2,1,2,2,2,0,0,0,0,0,0,0,2,2,2,2,2
161,-4435.230,-7513.443,-39.644,123.311,-0.549145,-0.824493,-0.136571,0.835651,-0.539507,-0.103050,0.011283,-0.170715,0.985256,0,0.56157,-0.29122,16.340,0.463,-1,824.598,-1,-1,-1,753.960,747.580,575.132,565.183,673.242,486.616,492.587,-1,-1,-1,-1,-1,2,1,2,2,2,0,0,0,0,0,0,0,2,2,2,2,2
162,-4446.435,-7501.173,-39.503,123.732,-0.555230,-0.819667,-0.140944,0.831526,-0.543655,-0.114034,0.016845,-0.180514,0.983428,0,0.55973,-0.29669,16.617,0.421,-1,807.589,-1,-1,-1,803.986,810.111,560.654,596.908,655.996,474.393,487.474,-1,-1,-1,-1,-1,2,1,2,2,2,0,0,0,0,0,0,0,2,2,2,2,2
163,-4457.530,-7488.732,-39.242,124.082,-0.560281,-0.815582,-0.144607,0.828097,-0.547651,-0.119723,0.018450,-0.186828,0.982219,0,0.55802,-0.30175,16.670,0.350,-1,790.779,-1,-1,-1,834.670,845.523,553.648,616.178,653.053,479.973,497.561,-1,-1,-1,-1,-1,2,1,2,2,2,0,0,0,0,0,0,0,2,2,2,2,2
164,-4470.900,-7473.669,-39.402,124.507,-0.566444,-0.810932,-0.146732,0.823979,-0.554262,-0.117691,0.014112,-0.187570,0.982150,0,0.55656,-0.30609,20.140,0.425,-1,770.947,-1,-1,-1,813.725,851.337,556.822,613.097,670.635,510.773,529.662,-1,-1,-1,-1,-1,2,1,2,2,2,1,0,0,0,0,0,0,2,2,2,2,2
165,-4479.804,-7463.460,-40.070,124.796,-0.570640,-0.807863,-0.147400,0.821154,-0.559430,-0.112895,0.008743,-0.185461,0.982613,0,0.55478,-0.31136,13.546,0.290,-1,757.772,-1,-1,-1,795.762,838.511,562.342,599.358,690.072,540.298,558.511,-1,-1,-1,-1,-1,2,1,2,2,2,1,0,0,0,0,0,0,2,2,2,2,2
166,-4490.904,-7450.542,-41.720,125.166,-0.575944,-0.803992,-0.147938,0.817489,-0.566365,-0.104605,0.000314,-0.181185,0.983449,0,0.55358,-0.31494,17.032,0.369,-1,741.288,-1,-1,-1,773.442,811.005,570.168,573.953,719.267,583.405,599.687,-1,-1,-1,-1,-1,2,1,2,2,2,1,0,0,0,0,0,0,2,2,2,2,2
167,-4501.913,-7437.356,-44.380,125.522,-0.580998,-0.800186,-0.148811,0.813857,-0.573161,-0.095518,-0.008860,-0.176606,0.984242,0,0.64837,-0.47422,17.178,0.357,-1,724.608,-1,-1,-1,751.423,777.473,575.876,544.487,749.493,626.274,642.587,-1,-1,-1,-1,-1,2,1,2,2,2,1,0,0,0,0,0,0,2,2,2,2,2
168,-4512.586,-7423.550,-47.834,125.773,-0.584499,-0.797034,-0.151983,0.811225,-0.577868,-0.089351,-0.016610,-0.175518,0.984336,0,0.64662,-0.47863,17.451,0.251,-1,707.237,-1,-1,-1,730.489,748.590,572.838,524.207,770.374,661.914,679.731,-1,-1,-1,-1,-1,2,1,2,2,2,1,0,0,0,0,0,0,2,2,2,2,2
169,-4523.180,-7409.111,-51.620,125.879,-0.585948,-0.794931,-0.157323,0.810070,-0.579691,-0.088005,-0.021241,-0.179009,0.983618,0,0.64530,-0.48197,17.909,0.106,-1,688.746,-1,-1,-1,711.252,732.699,560.788,517.340,776.382,683.144,703.995,-1,-1,-1,-1,-1,2,1,2,2,2,1,0,0,0,0,0,0,2,2,2,2,2
170,-4534.135,-7394.216,-55.539,125.951,-0.586935,-0.793022,-0.163165,0.809311,-0.580355,-0.090576,-0.022865,-0.185213,0.982432,0,0.64456,-0.48385,18.489,0.071,-1,669.240,-1,-1,-1,690.894,730.330,544.187,516.841,770.946,688.352,713.423,-1,-1,-1,-1,-1,2,1,2,2,2,1,0,0,0,0,0,0,2,2,2,2,2
171,-4545.706,-7378.995,-59.298,126.058,-0.588459,-0.790748,-0.168624,0.808232,-0.580946,-0.096249,-0.021853,-0.192925,0.980970,0,0.64394,-0.48542,19.120,0.107,-1,648.881,-1,-1,-1,669.285,739.760,526.254,524.427,759.519,681.210,709.792,-1,-1,-1,-1,-1,2,1,2,2,2,1,0,0,0,0,0,0,2,2,2,2,2
172,-4558.054,-7363.627,-62.879,126.271,-0.591479,-0.787667,-0.172434,0.806059,-0.583050,-0.101593,-0.020516,-0.199082,0.979768,0,0.64316,-0.48740,19.714,0.213,-1,628.064,-1,-1,-1,646.719,718.575,512.026,528.690,749.502,670.504,704.497,-1,-1,-1,-1,-1,2,1,2,2,2,1,1,0,0,0,0,0,2,2,2,2,2
173,-4570.693,-7348.474,-65.593,126.499,-0.594708,-0.784362,-0.176349,0.803718,-0.585240,-0.107388,-0.018975,-0.205599,0.978452,0,0.64193,-0.49050,19.732,0.229,-1,607.298,-1,-1,-1,624.142,693.270,499.832,537.897,740.229,663.546,702.937,-1,-1,-1,-1,-1,2,1,2,2,2,1,1,0,0,0,0,0,2,2,2,2,2
174,-4583.797,-7333.493,-67.050,126.760,-0.598393,-0.780639,-0.180358,0.801040,-0.587449,-0.115057,-0.016133,-0.213323,0.976848,0,0.64063,-0.49378,19.903,0.261,-1,586.434,-1,-1,-1,598.904,798.970,489.293,561.001,729.494,656.181,701.421,-1,-1,-1,-1,-1,2,1,2,2,2,1,0,0,0,0,0,0,2,2,2,2,2
175,-4597.752,-7318.829,-67.577,127.180,-0.604268,-0.775484,-0.182987,0.796667,-0.591927,-0.122248,-0.013514,-0.219650,0.975485,0,0.63919,-0.49743,20.243,0.420,-1,565.686,-1,-1,-1,576.061,831.633,483.486,601.699,725.109,654.354,704.389,-1,-1,-1,-1,-1,2,1,2,2,2,1,0,0,0,0,0,0,2,2,2,2,2
176,-4612.281,-7304.188,-67.373,127.652,-0.610809,-0.769928,-0.184724,0.791674,-0.597661,-0.126706,-0.012848,-0.223634,0.974588,0,0.63709,-0.50273,20.626,0.472,-1,544.862,-1,-1,-1,552.498,859.472,483.424,637.753,729.636,667.270,720.606,-1,-1,-1,-1,-1,2,1,2,2,2,1,0,0,0,0,0,0,2,2,2,2,2
177,-4627.147,-7289.561,-67.025,128.150,-0.617647,-0.764328,-0.185242,0.786292,-0.604946,-0.125641,-0.016031,-0.223256,0.974628,0,0.63477,-0.50859,20.856,0.499,-1,524.081,-1,-1,-1,529.053,868.420,490.489,650.902,748.441,702.858,757.083,-1,-1,-1,-1,-1,2,1,2,2,2,1,0,0,0,0,0,0,2,2,2,2,2
178,-4642.019,-7274.914,-67.160,128.645,-0.624318,-0.758951,-0.184987,0.780809,-0.613482,-0.118224,-0.023760,-0.218250,0.975604,0,0.63233,-0.51476,20.873,0.495,-1,503.411,-1,-1,-1,505.977,535.797,503.503,633.081,782.861,764.985,817.518,-1,-1,-1,-1,-1,2,1,2,2,2,1,1,0,0,0,0,0,2,2,2,2,2
179,-4656.600,-7259.791,-68.009,129.041,-0.629536,-0.754408,-0.185885,0.776265,-0.620896,-0.109090,-0.033116,-0.212972,0.976497,0,0.62990,-0.52090,21.007,0.396,-1,482.248,-1,-1,-1,482.988,509.821,515.486,608.059,821.715,840.167,890.516,-1,-1,-1,-1,-1,2,1,2,2,2,1,1,0,0,0,0,0,2,2,2,2,2
180,-4671.044,-7244.186,-69.750,129.366,-0.633706,-0.750464,-0.187670,0.772408,-0.627163,-0.100261,-0.042457,-0.208494,0.977102,0,0.62787,-0.52603,21.264,0.325,-1,460.422,-1,-1,-1,459.957,484.085,524.363,583.717,860.214,916.278,966.814,-1,-1,-1,-1,-1,2,1,2,2,2,1,1,0,0,0,0,0,2,2,2,2,2
181,-4685.417,-7227.955,-72.328,129.603,-0.636684,-0.747168,-0.190717,0.769540,-0.631485,-0.095055,-0.049413,-0.207284,0.977032,0,0.62612,-0.53045,21.680,0.236,-1,437.617,-1,-1,-1,436.598,458.345,525.748,584.209,887.167,975.310,-1,-1,-1,-1,-1,-1,2,1,2,2,2,1,1,0,0,0,0,2,2,2,2,2,2
182,-4699.937,-7211.257,-75.562,129.767,-0.638727,-0.744350,-0.194864,0.767527,-0.634191,-0.093297,-0.054135,-0.209155,0.976383,0,0.62472,-0.53398,22.128,0.164,-1,413.879,-1,-1,-1,412.531,432.536,520.383,593.713,901.821,-1,-1,-1,-1,-1,-1,-1,2,1,2,2,2,1,1,0,0,0,2,2,2,2,2,2,2
183,-4714.770,-7194.267,-79.248,129.894,-0.640290,-0.741457,-0.200672,0.765929,-0.636059,-0.093713,-0.058155,-0.213704,0.975166,0,0.62361,-0.53680,22.554,0.128,-1,389.412,-1,-1,-1,387.860,406.269,509.587,612.901,909.647,-1,-1,-1,-1,-1,-1,-1,2,1,2,2,2,1,1,0,0,0,2,2,2,2,2,2,2
184,-4729.825,-7177.085,-83.225,129.958,-0.640914,-0.738682,-0.208753,0.764954,-0.637238,-0.093669,-0.063833,-0.219720,0.973472,0,0.62262,-0.53929,22.844,0.063,-1,364.367,-1,-1,-1,362.770,379.911,495.885,638.050,917.528,-1,-1,-1,-1,-1,-1,-1,2,1,2,2,2,1,1,0,0,0,2,2,2,2,2,2,2
185,-4745.065,-7159.727,-87.232,129.977,-0.640836,-0.736181,-0.217637,0.764340,-0.638280,-0.091561,-0.071508,-0.225024,0.971726,0,0.62188,-0.54117,23.100,0.019,-1,338.857,-1,-1,-1,337.300,353.361,483.714,660.860,931.867,-1,-1,-1,-1,-1,-1,-1,2,1,2,2,2,1,1,0,0,0,2,2,2,2,2,2,2
186,-4760.610,-7142.093,-90.789,129.995,-0.640686,-0.734163,-0.224782,0.763671,-0.639650,-0.087491,-0.079549,-0.227713,0.970473,0,0.62131,-0.54262,23.507,0.018,991.426,312.828,-1,-1,-1,311.312,326.174,477.714,674.733,954.582,-1,-1,-1,298.328,-1,-1,-1,0,1,2,2,2,1,1,0,0,0,2,2,2,1,2,2,2
187,-4776.496,-7124.096,-93.862,130.019,-0.640592,-0.732690,-0.229797,0.762908,-0.641281,-0.082039,-0.087255,-0.227867,0.969775,0,0.62072,-0.54409,24.005,0.024,944.940,286.176,-1,996.364,-1,284.698,298.208,475.590,680.174,984.560,-1,-1,-1,272.515,-1,-1,-1,0,1,2,0,2,1,1,0,0,0,2,2,2,1,2,2,2
188,-4792.626,-7105.739,-96.335,130.050,-0.640568,-0.731791,-0.232712,0.762050,-0.643134,-0.075222,-0.094618,-0.225523,0.969632,0,0.62010,-0.54566,24.437,0.031,913.168,258.983,-1,963.855,-1,257.544,269.576,479.498,676.982,-1,-1,-1,-1,246.285,-1,-1,-1,0,1,2,0,2,1,1,0,0,2,2,2,2,1,2,2,2
189,-4809.092,-7087.018,-98.440,130.095,-0.640740,-0.731065,-0.234514,0.761029,-0.645121,-0.068210,-0.101424,-0.222177,0.969717,0,0.61945,-0.54731,24.932,0.045,889.799,231.162,-1,935.619,-1,229.763,240.154,486.931,671.298,-1,-1,-1,-1,219.557,-1,-1,-1,0,1,2,0,2,1,1,0,0,2,2,2,2,1,2,2,2
190,-4825.833,-7067.969,-100.460,130.131,-0.640778,-0.730462,-0.236283,0.760103,-0.646886,-0.061502,-0.107924,-0.219008,0.969736,0,0.61872,-0.54916,25.360,0.036,868.816,202.705,-1,910.636,-1,201.373,210.382,495.269,667.937,-1,-1,-1,-1,192.299,-1,-1,-1,0,1,2,0,2,1,1,0,0,2,2,2,2,1,2,2,2
191,-4842.818,-7048.690,-102.625,130.166,-0.640761,-0.729772,-0.238448,0.759165,-0.648561,-0.055113,-0.114428,-0.216336,0.969590,0,0.61802,-0.55093,25.694,0.034,846.690,173.697,-1,887.359,-1,172.446,181.272,500.916,668.155,-1,-1,-1,-1,164.581,-1,-1,-1,0,1,2,0,2,1,1,0,0,2,2,2,2,1,2,2,2
192,-4860.047,-7029.150,-105.049,130.192,-0.640621,-0.728948,-0.241329,0.758289,-0.650042,-0.049428,-0.120844,-0.214662,0.969184,0,0.61731,-0.55272,26.051,0.026,822.794,144.084,-1,179.157,-1,142.931,151.661,503.148,674.691,-1,-1,-1,-1,136.356,-1,-1,-1,0,1,2,1,2,1,1,0,0,2,2,2,2,1,2,2,2
193,-4877.505,-7009.364,-107.776,130.204,-0.640267,-0.727952,-0.245242,0.757550,-0.651247,-0.044680,-0.127188,-0.214390,0.968432,0,0.61662,-0.55446,26.387,0.012,795.596,113.870,-1,143.460,-1,112.831,118.187,503.212,685.707,-1,-1,-1,-1,107.628,-1,-1,-1,0,1,2,1,2,1,1,0,0,2,2,2,2,1,2,2,2
194,-4895.211,-6989.325,-110.879,130.203,-0.639761,-0.726773,-0.250013,0.756964,-0.652155,-0.041229,-0.133083,-0.215628,0.967364,0,0.61448,-0.38550,26.741,-0.000,766.292,82.924,-1,107.214,-1,82.135,85.764,499.347,701.104,-1,-1,-1,-1,78.405,-1,-1,-1,0,1,2,1,2,1,1,0,0,2,2,2,2,1,2,2,2
195,-4913.172,-6969.024,-114.306,130.201,-0.639244,-0.725469,-0.255072,0.756428,-0.652934,-0.038651,-0.138505,-0.217651,0.966149,0,0.61388,-0.38702,27.106,-0.003,736.980,51.349,-1,70.363,-1,50.861,52.688,493.147,718.619,-1,-1,-1,-1,48.516,-1,-1,-1,0,1,2,1,2,1,1,0,0,2,2,2,2,1,2,2,2
196,-4931.382,-6948.487,-117.962,130.191,-0.638628,-0.724104,-0.260437,0.755943,-0.653626,-0.036377,-0.143888,-0.220108,0.964805,0,0.61327,-0.38855,27.447,-0.009,706.697,19.188,-1,20.590,-1,19.007,18.967,486.623,737.795,-1,-1,-1,-1,18.110,-1,-1,-1,0,1,2,1,2,1,1,0,0,2,2,2,2,1,2,2,2
197,-4950.070,-6928.299,-121.839,130.810,-0.644772,-0.713757,-0.273533,0.746718,-0.664638,-0.025859,-0.163343,-0.220925,0.961515,0,0.61268,-0.39005,27.510,0.618,625.103,543.758,-1,50.048,-1,522.170,45.065,479.156,760.071,-1,-1,-1,-1,825.304,-1,-1,-1,0,0,2,1,2,0,1,0,0,2,2,2,2,0,2,2,2
198,-4954.547,-6920.433,-122.710,131.643,-0.651502,-0.695789,-0.302363,0.732705,-0.680422,-0.012994,-0.196694,-0.230009,0.953104,0,0.60959,-0.39787,9.051,0.833,523.878,487.157,-1,31.263,-1,469.000,28.507,457.306,818.484,-1,-1,-1,-1,695.029,-1,716.888,-1,0,0,2,1,2,0,1,0,0,2,2,2,2,0,2,0,2
199,-4956.059,-6916.854,-122.284,132.048,-0.650284,-0.684496,-0.329538,0.720987,-0.692759,0.016216,-0.239391,-0.227048,0.944003,0,0.60614,-0.40661,3.885,0.406,450.829,428.884,-1,21.389,-1,407.797,19.692,457.120,819.164,-1,-1,-1,-1,587.353,19.044,545.974,-1,0,0,2,1,2,0,1,0,0,2,2,2,2,0,1,0,2
200,-8363.279,-2007.540,-119.349,159.712,-0.935070,-0.343124,-0.088934,0.345675,-0.938241,-0.014591,-0.078435,-0.044386,0.995931,1,0.60448,-0.41081,0.000,0.000,-1,689.412,864.666,651.600,-1,526.102,524.554,730.226,653.251,-1,-1,978.617,-1,-1,-1,-1,-1,2,0,1,0,2,0,0,0,0,2,2,1,2,2,2,2,2
201,-8365.209,-2006.481,-115.454,159.721,-0.935563,-0.343701,-0.081184,0.345687,-0.938281,-0.011378,-0.072263,-0.038709,0.996634,0,0.44455,0.94489,2.201,0.009,-1,728.242,886.099,674.126,-1,548.879,544.479,763.721,649.905,-1,-1,982.173,-1,-1,-1,-1,-1,2,0,1,0,2,0,0,0,0,2,2,1,2,2,2,2,2
202,-8367.433,-2005.106,-112.339,159.740,-0.936010,-0.344102,-0.074024,0.345490,-0.938400,-0.006439,-0.067248,-0.031602,0.997236,0,0.44455,0.94489,2.615,0.019,-1,765.029,903.560,690.059,-1,568.322,560.620,800.603,636.642,-1,-1,987.083,-1,-1,-1,-1,-1,2,0,1,0,2,0,0,0,0,2,2,1,2,2,2,2,2
203,-8369.988,-2003.487,-110.209,159.764,-0.936419,-0.344373,-0.067273,0.345199,-0.938529,-0.000694,-0.062899,-0.023873,0.997734,0,0.44455,0.94489,3.025,0.024,-1,799.963,917.526,700.753,-1,584.611,573.392,836.573,617.424,-1,-1,992.981,-1,-1,-1,-1,-1,2,0,1,0,2,0,0,0,0,2,2,1,2,2,2,2,2
204,-8372.894,-2001.846,-109.088,159.826,-0.936998,-0.343941,-0.061145,0.344267,-0.938856,0.005458,-0.059284,-0.015936,0.998114,0,0.44455,0.94489,3.337,0.062,-1,828.698,926.303,706.633,-1,597.372,581.705,868.603,594.796,-1,-1,1000.972,-1,-1,-1,-1,-1,2,0,1,0,2,0,0,0,0,2,2,1,2,2,2,2,2
205,-8376.110,-2000.287,-108.905,159.936,-0.937786,-0.342588,-0.056486,0.342505,-0.939446,0.011445,-0.056987,-0.008614,0.998338,0,0.44455,0.94489,3.575,0.110,-1,849.539,927.979,707.002,-1,605.210,585.699,896.218,571.739,-1,-1,-1,-1,-1,-1,-1,-1,2,0,1,0,2,0,0,0,0,2,2,2,2,2,2,2,2
206,-8379.667,-1998.928,-109.539,160.101,-0.938790,-0.340228,-0.054021,0.339818,-0.940340,0.016890,-0.056545,-0.002501,0.998397,0,0.44455,0.94489,3.807,0.165,-1,859.978,920.596,701.314,-1,606.982,584.670,916.944,550.323,-1,-1,-1,-1,-1,-1,-1,-1,2,0,1,0,2,0,0,0,0,2,2,2,2,2,2,2,2
207,-8383.567,-1997.815,-110.757,160.306,-0.939924,-0.337047,-0.054236,0.336425,-0.941487,0.020485,-0.057967,0.001008,0.998318,0,0.44455,0.94489,4.056,0.205,-1,857.844,905.249,691.402,-1,602.879,579.315,926.342,535.384,-1,-1,-1,-1,-1,-1,-1,-1,2,0,1,0,2,0,0,0,0,2,2,2,2,2,2,2,2
208,-8387.807,-1997.009,-112.325,160.525,-0.941012,-0.333448,-0.057520,0.332764,-0.942768,0.021378,-0.061357,0.000977,0.998115,0,0.44455,0.94489,4.315,0.219,-1,841.856,882.969,678.604,-1,593.092,570.146,920.106,529.929,-1,-1,-1,-1,-1,-1,-1,-1,2,0,1,0,2,0,0,0,0,2,2,2,2,2,2,2,2
209,-8392.380,-1996.451,-114.067,160.731,-0.941880,-0.329801,-0.063974,0.329276,-0.944045,0.018889,-0.066624,-0.003274,0.997773,0,0.44455,0.94489,4.607,0.205,-1,813.505,855.505,664.285,-1,578.622,557.962,897.752,536.668,-1,-1,-1,-1,-1,-1,-1,-1,2,0,1,0,2,0,0,0,0,2,2,2,2,2,2,2,2
210,-8397.364,-1995.919,-115.932,160.892,-0.942376,-0.326543,-0.072783,0.326482,-0.945113,0.013075,-0.073058,-0.011441,0.997262,0,0.44455,0.94489,5.013,0.161,-1,775.816,825.984,649.890,-1,561.216,543.677,863.336,556.137,-1,-1,-1,-1,-1,-1,-1,-1,2,0,1,0,2,0,0,0,0,2,2,2,2,2,2,2,2
211,-8402.831,-1995.439,-117.860,161.035,-0.942663,-0.323288,-0.082889,0.323949,-0.946057,0.005720,-0.080267,-0.021460,0.996542,0,0.44455,0.94489,5.488,0.143,-1,734.307,795.104,635.763,-1,542.393,528.448,825.065,584.307,-1,-1,-1,-1,-1,-1,-1,-1,2,0,1,0,2,0,0,0,0,2,2,2,2,2,2,2,2
212,-8408.786,-1994.969,-119.719,161.188,-0.942938,-0.319626,-0.093309,0.321219,-0.947002,-0.002183,-0.087666,-0.032031,0.995635,0,0.44455,0.94489,5.974,0.154,-1,695.488,764.016,622.751,-1,523.866,513.695,783.417,618.179,-1,-1,-1,-1,-1,-1,-1,-1,2,0,1,0,2,0,0,0,0,2,2,2,2,2,2,2,2
213,-8415.412,-1994.343,-121.267,161.371,-0.943485,-0.315591,-0.101188,0.318050,-0.948034,-0.008739,-0.093172,-0.040428,0.994829,0,0.44455,0.94489,6.656,0.183,-1,669.427,737.246,613.322,-1,510.042,503.414,752.782,650.094,-1,-1,-1,-1,-1,-1,-1,-1,2,0,1,0,2,0,0,0,0,2,2,2,2,2,2,2,2
214,-8422.786,-1993.393,-122.345,161.589,-0.944448,-0.311398,-0.105111,0.314375,-0.949215,-0.012622,-0.095843,-0.044965,0.994380,0,0.44455,0.94489,7.435,0.218,-1,657.862,716.682,608.591,-1,504.075,498.717,737.679,669.357,-1,-1,-1,-1,-1,-1,-1,-1,2,0,1,0,2,0,0,0,0,2,2,2,2,2,2,2,2
215,-8430.867,-1992.107,-122.975,161.837,-0.945753,-0.307180,-0.105796,0.310264,-0.950553,-0.013637,-0.096376,-0.045721,0.994294,0,0.44455,0.94489,8.183,0.248,-1,657.698,708.757,606.996,-1,504.277,498.170,736.679,674.177,-1,-1,-1,-1,-1,-1,-1,-1,2,0,1,0,2,0,0,0,0,2,2,2,2,2,2,2,2
216,-8439.586,-1990.572,-123.283,162.118,-0.947307,-0.302760,-0.104627,0.305651,-0.952062,-0.012421,-0.095851,-0.043745,0.994434,0,0.44455,0.94489,8.853,0.280,-1,664.411,735.027,607.064,-1,507.727,499.813,744.949,667.832,-1,-1,-1,-1,-1,-1,-1,-1,2,0,1,0,2,0,0,0,0,2,2,2,2,2,2,2,2
217,-8448.770,-1988.871,-123.404,162.417,-0.948913,-0.298125,-0.103368,0.300695,-0.953669,-0.009872,-0.095636,-0.040450,0.994594,0,0.44455,0.94489,9.340,0.300,-1,672.979,763.112,606.242,-1,510.994,501.238,757.785,656.334,-1,-1,-1,-1,-1,-1,-1,-1,2,0,1,0,2,0,0,0,0,2,2,2,2,2,2,2,2
218,-8458.359,-1987.099,-123.543,162.736,-0.950502,-0.293197,-0.102869,0.295391,-0.955355,-0.006440,-0.096388,-0.036508,0.994674,0,0.44455,0.94489,9.752,0.319,-1,679.955,791.989,602.893,-1,512.741,501.620,772.927,642.591,-1,-1,-1,-1,-1,-1,-1,-1,2,0,1,0,2,0,0,0,0,2,2,2,2,2,2,2,2
219,-8468.374,-1985.379,-123.863,163.080,-0.952108,-0.287774,-0.103322,0.289631,-0.957133,-0.003111,-0.097998,-0.032888,0.994643,0,0.44455,0.94489,10.161,0.344,-1,683.694,856.644,597.574,-1,512.653,499.961,786.526,633.155,-1,-1,-1,-1,-1,-1,-1,-1,2,0,1,0,2,0,0,0,0,2,2,2,2,2,2,2,2
220,-8480.744,-1983.557,-124.593,163.517,-0.953994,-0.280671,-0.105448,0.282282,-0.959332,-0.000366,-0.101057,-0.030115,0.994425,0,0.22477,0.53332,12.504,0.437,-1,682.219,-1,589.149,-1,509.654,495.572,796.497,627.122,-1,-1,-1,-1,-1,-1,-1,-1,2,0,2,0,2,0,0,0,0,2,2,2,2,2,2,2,2
221,-8489.045,-1982.508,-125.295,163.811,-0.955146,-0.275670,-0.108173,0.277291,-0.960786,0.000062,-0.103948,-0.029936,0.994132,0,0.22477,0.53332,8.367,0.295,-1,676.274,-1,582.409,-1,505.434,491.115,796.770,629.039,-1,-1,-1,-1,-1,985.587,-1,-1,2,0,2,0,2,0,0,0,0,2,2,2,2,2,0,2,2
222,-8499.527,-1981.274,-126.362,164.142,-0.956354,-0.269807,-0.112210,0.271664,-0.962391,-0.001314,-0.107635,-0.031740,0.993684,0,0.22477,0.53332,10.555,0.331,-1,665.988,-1,574.748,-1,499.247,485.327,790.368,639.098,-1,-1,-1,-1,-1,960.157,-1,-1,2,0,2,0,2,0,0,0,0,2,2,2,2,2,0,2,2
223,-8510.186,-1980.197,-127.599,164.473,-0.957602,-0.263857,-0.115664,0.266047,-0.963953,-0.003643,-0.110534,-0.034261,0.993282,0,0.22477,0.53332,10.712,0.331,-1,657.144,-1,568.841,-1,494.044,480.661,782.068,651.688,-1,-1,-1,-1,-1,940.736,-1,-1,2,0,2,0,2,0,0,0,0,2,2,2,2,2,0,2,2
224,-8521.014,-1979.333,-128.930,164.834,-0.959035,-0.257426,-0.118256,0.259957,-0.965600,-0.006241,-0.112581,-0.036727,0.992964,0,0.22477,0.53332,10.863,0.360,-1,650.945,-1,564.334,-1,490.267,477.293,773.997,664.158,-1,-1,-1,-1,-1,926.033,-1,-1,2,0,2,0,2,0,0,0,0,2,2,2,2,2,0,2,2
225,-8532.012,-1978.525,-130.309,165.202,-0.960525,-0.250860,-0.120258,0.253738,-0.967231,-0.008996,-0.114061,-0.039155,0.992702,0,0.22477,0.53332,11.028,0.369,-1,646.467,-1,560.686,-1,487.821,474.778,766.216,676.815,-1,-1,-1,-1,-1,914.539,-1,-1,2,0,2,0,2,0,0,0,0,2,2,2,2,2,0,2,2
226,-8543.146,-1977.792,-131.647,165.587,-0.962059,-0.244089,-0.121915,0.247248,-0.968887,-0.011255,-0.115375,-0.040971,0.992477,0,0.22477,0.53332,11.158,0.385,-1,643.348,-1,557.124,-1,486.186,472.589,760.423,687.226,-1,-1,-1,-1,-1,903.012,-1,-1,2,0,2,0,2,0,0,0,0,2,2,2,2,2,0,2,2
227,-8554.331,-1977.102,-132.839,165.991,-0.963558,-0.237047,-0.123950,0.240403,-0.970591,-0.012641,-0.117308,-0.041978,0.992208,0,0.22477,0.53332,11.207,0.404,-1,639.792,-1,552.331,-1,484.001,469.675,757.124,696.581,-1,-1,-1,-1,-1,676.006,-1,-1,2,0,2,0,2,0,0,0,0,2,2,2,2,2,1,2,2
228,-8565.605,-1976.378,-133.932,166.396,-0.964982,-0.230132,-0.125895,0.233522,-0.972269,-0.012664,-0.119489,-0.041620,0.991963,0,0.22477,0.53332,11.298,0.405,-1,637.145,-1,547.029,-1,481.879,466.399,757.986,699.265,-1,-1,-1,-1,-1,647.725,-1,-1,2,0,2,0,2,0,0,0,0,2,2,2,2,2,1,2,2
229,-8577.020,-1975.683,-135.017,166.812,-0.966436,-0.223174,-0.127260,0.226457,-0.973950,-0.011757,-0.121321,-0.040182,0.991800,0,0.22477,0.53332,11.435,0.416,-1,636.605,-1,541.959,-1,480.658,463.573,761.948,697.027,-1,-1,-1,-1,-1,619.529,-1,-1,2,0,2,0,2,0,0,0,0,2,2,2,2,2,1,2,2
230,-8588.551,-1975.076,-136.147,167.244,-0.967950,-0.215997,-0.128137,0.219136,-0.975635,-0.010760,-0.122690,-0.038494,0.991698,0,0.22477,0.53332,11.547,0.431,-1,637.576,-1,537.866,-1,480.272,462.104,766.250,693.595,-1,-1,-1,-1,-1,591.201,-1,-1,2,0,2,0,2,0,0,0,0,2,2,2,2,2,1,2,2
231,-8602.539,-1974.510,-137.711,167.771,-0.969822,-0.207235,-0.128449,0.210194,-0.977611,-0.009773,-0.123548,-0.036478,0.991668,0,0.22477,0.53332,14.000,0.527,-1,640.091,-1,534.573,-1,480.787,461.255,770.094,688.638,-1,-1,-1,-1,-1,557.239,-1,-1,2,0,2,0,2,0,0,0,0,2,2,2,2,2,1,2,2
232,-8611.775,-1974.286,-138.877,168.127,-0.971029,-0.201302,-0.128767,0.204150,-0.978897,-0.009179,-0.124202,-0.035201,0.991632,0,0.22477,0.53332,9.239,0.356,-1,640.998,-1,532.039,-1,480.688,460.307,772.024,684.884,-1,-1,-1,-1,-1,535.125,-1,-1,2,0,2,0,2,0,0,0,0,2,2,2,2,2,1,2,2
233,-8623.368,-1974.261,-140.404,168.613,-0.972667,-0.193057,-0.129028,0.195903,-0.980576,-0.009618,-0.124665,-0.034632,0.991594,0,0.22477,0.53332,11.593,0.486,-1,642.189,-1,530.073,-1,480.971,459.844,771.126,685.524,-1,-1,-1,-1,-1,506.782,-1,-1,2,0,2,0,2,0,0,0,0,2,2,2,2,2,1,2,2
234,-8635.050,-1974.383,-141.980,169.086,-0.974240,-0.184801,-0.129250,0.187851,-0.982128,-0.011707,-0.124777,-0.035686,0.991543,0,0.22477,0.53332,11.682,0.474,-1,642.758,-1,529.490,-1,481.705,460.103,765.874,692.743,-1,-1,-1,-1,-1,478.762,-1,-1,2,0,2,0,2,0,0,0,0,2,2,2,2,2,1,2,2
235,-8646.746,-1974.830,-143.565,169.596,-0.975822,-0.175880,-0.129763,0.179175,-0.983716,-0.014079,-0.125173,-0.036989,0.991445,0,0.22477,0.53332,11.705,0.509,-1,642.481,-1,528.699,-1,482.510,460.047,759.647,701.758,-1,-1,-1,-1,-1,450.632,-1,-1,2,0,2,0,2,0,0,0,0,2,2,2,2,2,1,2,2
236,-8658.164,-1976.025,-145.117,170.234,-0.977493,-0.164805,-0.131707,0.168244,-0.985626,-0.015344,-0.127285,-0.037158,0.991170,0,0.22477,0.53332,11.480,0.639,-1,639.096,-1,524.895,-1,481.229,457.454,755.075,705.799,-1,-1,-1,-1,-1,421.750,-1,-1,2,0,2,0,2,0,0,0,0,2,2,2,2,2,1,2,2
237,-8669.216,-1977.439,-146.666,170.854,-0.978878,-0.153835,-0.134660,0.157597,-0.987345,-0.017674,-0.130237,-0.038522,0.990734,0,-0.11900,0.54050,11.142,0.620,-1,632.211,-1,514.108,-1,478.045,453.678,747.271,715.176,-1,-1,-1,-1,-1,394.448,-1,612.176,2,0,2,1,2,0,0,0,0,2,2,2,2,2,1,2,1
238,-8679.753,-1978.973,-148.227,171.442,-0.980013,-0.143279,-0.138008,0.147477,-0.988850,-0.020641,-0.133512,-0.040581,0.990216,0,-0.11900,0.54050,10.648,0.588,-1,623.609,-1,486.922,-1,473.872,449.849,737.740,726.584,-1,-1,-1,-1,-1,369.037,-1,575.287,2,0,2,1,2,0,0,0,0,2,2,2,2,2,1,2,1
239,-8689.879,-1980.585,-149.800,172.016,-0.981102,-0.132980,-0.140554,0.137602,-0.990205,-0.023645,-0.136033,-0.042538,0.989791,0,-0.11900,0.54050,10.253,0.574,-1,616.949,-1,460.495,-1,470.870,447.092,728.638,737.095,-1,-1,-1,-1,-1,348.550,-1,542.365,2,0,2,1,2,0,0,0,0,2,2,2,2,2,1,2,1
240,-8699.502,-1982.394,-151.291,172.600,-0.982236,-0.122634,-0.142034,0.127570,-0.991485,-0.026151,-0.137617,-0.043806,0.989516,0,-0.11900,0.54050,9.792,0.584,-1,612.584,-1,452.015,-1,469.737,446.424,721.433,745.379,-1,-1,-1,-1,-1,341.642,-1,511.842,2,0,2,1,2,0,0,0,0,2,2,2,2,2,1,2,1
241,-8708.636,-1984.283,-152.640,173.183,-0.983417,-0.112376,-0.142347,0.117568,-0.992654,-0.028575,-0.138090,-0.044837,0.989404,0,-0.11900,0.54050,9.327,0.583,-1,611.322,-1,457.170,-1,470.765,447.720,715.210,753.181,-1,-1,-1,-1,-1,355.056,-1,484.400,2,0,2,1,2,0,0,0,0,2,2,2,2,2,1,2,1
242,-8717.316,-1986.170,-153.851,173.753,-0.984566,-0.102416,-0.141918,0.107780,-0.993703,-0.030622,-0.137888,-0.045446,0.989405,0,-0.11900,0.54050,8.883,0.570,-1,612.287,-1,461.999,-1,473.182,450.189,710.418,759.286,-1,-1,-1,-1,-1,378.744,-1,459.373,2,0,2,1,2,0,0,0,0,2,2,2,2,2,1,2,1
243,-8725.656,-1987.974,-155.008,174.285,-0.985611,-0.093180,-0.141028,0.098646,-0.994600,-0.032258,-0.137260,-0.045706,0.989480,0,-0.11900,0.54050,8.533,0.532,-1,614.553,-1,460.347,-1,476.303,453.190,706.840,762.328,-1,-1,-1,-1,-1,402.235,-1,436.586,2,0,2,1,2,0,0,0,0,2,2,2,2,2,1,2,1
244,-8733.565,-1989.813,-156.115,174.793,-0.986525,-0.084398,-0.140162,0.089898,-0.995392,-0.033373,-0.136700,-0.045524,0.989566,0,-0.11900,0.54050,8.120,0.509,-1,616.939,-1,456.729,-1,479.297,455.931,704.425,762.836,-1,-1,-1,-1,-1,425.786,-1,414.977,2,0,2,1,2,0,0,0,0,2,2,2,2,2,1,2,1
245,-8741.037,-1991.649,-157.163,175.276,-0.987297,-0.076039,-0.139507,0.081589,-0.996069,-0.034496,-0.136335,-0.045440,0.989620,0,-0.11900,0.54050,7.694,0.483,-1,618.685,-1,453.311,-1,481.828,458.223,701.900,763.653,-1,-1,-1,-1,-1,449.251,-1,395.822,2,0,2,1,2,0,0,0,0,2,2,2,2,2,1,2,1
246,-8748.104,-1993.450,-158.159,175.729,-0.987925,-0.068140,-0.139144,0.073781,-0.996632,-0.035789,-0.136237,-0.045623,0.989625,0,-0.11900,0.54050,7.293,0.453,-1,619.459,-1,458.098,-1,483.668,459.917,698.892,765.794,-1,-1,-1,-1,-1,472.332,-1,380.596,2,0,2,1,2,0,0,0,0,2,2,2,2,2,1,2,1
247,-8754.786,-1995.202,-159.104,176.157,-0.988421,-0.060609,-0.139105,0.066388,-0.997097,-0.037286,-0.136441,-0.046090,0.989575,0,-0.11900,0.54050,6.908,0.429,-1,618.793,-1,461.111,-1,484.837,461.093,695.337,769.706,-1,-1,-1,-1,-1,503.782,-1,366.388,2,0,2,1,2,0,0,0,0,2,2,2,2,2,1,2,1
248,-8761.113,-1996.919,-160.008,176.561,-0.988812,-0.053492,-0.139243,0.059424,-0.997479,-0.038796,-0.136817,-0.046637,0.989498,0,-0.11900,0.54050,6.556,0.403,-1,617.542,-1,464.116,-1,485.378,461.915,691.725,773.854,-1,-1,-1,-1,-1,536.677,-1,353.131,2,0,2,1,2,0,0,0,0,2,2,2,2,2,1,2,1
249,-8767.118,-1998.603,-160.872,176.940,-0.989124,-0.046791,-0.139442,0.052875,-0.997790,-0.040244,-0.137250,-0.047179,0.989412,0,-0.11900,0.54050,6.236,0.379,-1,616.134,-1,505.065,512.748,485.725,462.557,688.274,777.827,-1,-1,-1,-1,-1,569.337,-1,340.734,2,0,2,1,1,0,0,0,0,2,2,2,2,2,1,2,1
250,-8772.834,-2000.174,-161.664,177.279,-0.989380,-0.040762,-0.139517,0.047015,-0.998019,-0.041815,-0.137536,-0.047931,0.989336,0,-0.11900,0.54050,5.928,0.339,-1,614.960,-1,507.485,487.886,486.241,463.382,684.738,782.440,-1,-1,-1,-1,-1,885.720,-1,329.273,2,0,2,1,1,0,0,0,0,2,2,2,2,2,0,2,1
251,-8778.244,-2001.673,-162.372,177.596,-0.989589,-0.035147,-0.139565,0.041547,-0.998202,-0.043211,-0.137796,-0.048559,0.989270,0,-0.11900,0.54050,5.614,0.317,-1,614.036,-1,509.736,465.407,486.845,464.334,681.744,786.330,-1,-1,-1,-1,-1,891.029,-1,318.588,2,0,2,1,1,0,0,0,0,2,2,2,2,2,0,2,1
252,-8783.288,-2003.159,-162.986,177.898,-0.989740,-0.029790,-0.139742,0.036330,-0.998349,-0.044484,-0.138186,-0.049105,0.989188,0,-0.11900,0.54050,5.258,0.302,-1,612.995,-1,527.096,444.426,487.281,465.363,679.108,789.993,-1,-1,-1,-1,-1,895.545,-1,308.622,2,0,2,1,1,0,0,0,0,2,2,2,2,2,0,2,1
253,-8787.983,-2004.605,-163.519,178.182,-0.989836,-0.024709,-0.140054,0.031424,-0.998450,-0.045932,-0.138702,-0.049866,0.989078,0,-0.11900,0.54050,4.913,0.284,-1,611.599,-1,533.177,425.248,487.471,466.261,676.166,794.979,-1,-1,-1,-1,-1,899.672,-1,299.342,2,0,2,0,1,0,0,0,0,2,2,2,2,2,0,2,1
254,-8792.363,-2006.044,-163.993,178.462,-0.989888,-0.019678,-0.140476,0.026571,-0.998524,-0.047364,-0.139337,-0.050618,0.988950,0,-0.11900,0.54050,4.610,0.281,-1,609.760,-1,534.196,407.036,487.468,467.019,673.272,800.087,-1,-1,-1,-1,-1,903.218,-1,291.225,2,0,2,0,1,0,0,0,0,2,2,2,2,2,0,2,1
255,-8796.492,-2007.440,-164.425,178.731,-0.989921,-0.014855,-0.140840,0.021936,-0.998565,-0.048856,-0.139913,-0.051453,0.988826,0,-0.11900,0.54050,4.359,0.268,-1,607.967,-1,535.271,390.245,487.527,467.846,670.305,805.741,-1,-1,-1,-1,-1,907.040,-1,284.317,2,0,2,0,1,0,0,0,0,2,2,2,2,2,0,2,1
256,-8800.370,-2008.782,-164.823,178.982,-0.989932,-0.010322,-0.141167,0.017593,-0.998577,-0.050352,-0.140446,-0.052329,0.988704,0,-0.11900,0.54050,4.103,0.251,-1,606.260,-1,536.374,374.853,487.598,468.671,667.366,811.658,-1,-1,-1,-1,-1,910.877,-1,277.830,2,0,2,0,1,0,0,0,0,2,2,2,2,2,0,2,1
257,-8804.015,-2010.068,-165.198,179.219,-0.989926,-0.006041,-0.141459,0.013493,-0.998567,-0.051778,-0.140944,-0.053165,0.988589,0,-0.11900,0.54050,3.865,0.237,-1,604.657,-1,537.438,360.585,487.670,469.462,664.588,817.310,-1,-1,-1,-1,-1,914.566,-1,271.749,2,0,2,0,1,0,0,0,0,2,2,2,2,2,0,2,1
258,-8807.458,-2011.292,-165.581,179.444,-0.989901,-0.001993,-0.141749,0.009601,-0.998548,-0.053004,-0.141437,-0.053830,0.988483,0,-0.11900,0.54050,3.654,0.225,-1,603.107,-1,538.271,347.071,487.654,470.089,662.169,821.435,-1,-1,-1,-1,-1,917.599,-1,266.083,2,0,2,0,1,0,0,0,0,2,2,2,2,2,0,2,1
259,-8810.964,-2012.520,-166.040,179.685,-0.989958,0.002198,-0.141348,0.005443,-0.998545,-0.053653,-0.141261,-0.053883,0.988505,0,0.24388,0.90312,3.715,0.241,-1,603.310,-1,539.929,333.511,488.837,471.673,660.892,821.841,-1,-1,-1,-1,-1,922.938,-1,260.235,2,0,2,0,1,0,0,0,0,2,2,2,2,2,0,2,1
260,-8814.836,-2013.864,-166.660,179.972,-0.990175,0.006974,-0.139661,0.000488,-0.998577,-0.053325,-0.139834,-0.052870,0.988762,0,0.24388,0.90312,4.099,0.287,-1,606.767,-1,543.316,318.779,492.359,475.198,661.509,815.764,-1,-1,-1,-1,-1,933.335,-1,253.608,2,0,2,0,1,0,0,0,0,2,2,2,2,2,0,2,1
261,-8819.020,-2015.298,-167.453,-179.711,-0.990450,0.012148,-0.137340,-0.004991,-0.998617,-0.052340,-0.137785,-0.051155,0.989140,0,0.24388,0.90312,4.423,0.317,-1,611.807,-1,547.355,302.843,496.967,479.569,663.216,805.174,-1,-1,-1,-1,-1,945.948,-1,254.828,2,0,2,0,1,0,0,0,0,2,2,2,2,2,0,2,1
262,-8823.461,-2016.822,-168.407,-179.372,-0.990695,0.017658,-0.134950,-0.010861,-0.998643,-0.050941,-0.135666,-0.049001,0.989542,0,0.24388,0.90312,4.696,0.339,-1,617.034,-1,551.586,286.013,501.609,483.863,665.440,791.635,-1,-1,-1,-1,-1,958.244,-1,256.499,2,0,2,0,1,0,0,0,0,2,2,2,2,2,0,2,1
263,-8828.096,-2018.520,-169.485,-178.987,-0.990847,0.023899,-0.132856,-0.017515,-0.998644,-0.049016,-0.133847,-0.046240,0.989923,0,0.24388,0.90312,4.936,0.385,-1,621.798,-1,555.148,273.757,505.762,487.580,668.407,774.639,-1,-1,-1,-1,-1,968.401,-1,259.138,2,0,2,0,1,0,0,0,0,2,2,2,2,2,0,2,1
264,-8832.898,-2020.416,-170.570,-178.557,-0.990844,0.030968,-0.131411,-0.024952,-0.998575,-0.047183,-0.132685,-0.043472,0.990205,0,0.24388,0.90312,5.164,0.430,-1,625.218,-1,557.744,260.844,508.883,490.427,671.060,758.104,-1,-1,-1,-1,-1,975.986,-1,304.343,2,0,2,0,1,0,0,0,0,2,2,2,2,2,0,2,1
265,-8837.875,-2022.505,-171.529,-178.109,-0.990658,0.038515,-0.130816,-0.032706,-0.998393,-0.046268,-0.132388,-0.041557,0.990326,0,0.24388,0.90312,5.397,0.448,-1,626.441,-1,559.701,247.490,510.643,492.337,672.011,746.884,-1,-1,-1,-1,-1,981.413,-1,366.599,2,0,2,0,1,0,0,0,0,2,2,2,2,2,0,2,1
266,-8843.024,-2024.795,-172.321,-177.652,-0.990299,0.046398,-0.130980,-0.040601,-0.998088,-0.046593,-0.132892,-0.040823,0.990289,0,0.24388,0.90312,5.636,0.457,-1,625.433,-1,561.350,235.185,511.158,493.516,670.719,742.519,-1,-1,-1,-1,-1,985.559,-1,-1,2,0,2,0,1,0,0,0,0,2,2,2,2,2,0,2,2
267,-8848.372,-2027.299,-172.994,-177.185,-0.989799,0.054610,-0.131586,-0.048663,-0.997661,-0.047996,-0.133899,-0.041103,0.990142,0,0.24388,0.90312,5.905,0.467,-1,622.891,-1,563.083,224.566,510.461,494.365,667.489,743.847,-1,-1,-1,-1,-1,989.517,-1,-1,2,0,2,0,1,0,0,0,0,2,2,2,2,2,0,2,2
268,-8853.929,-2030.019,-173.678,-176.695,-0.989162,0.063283,-0.132493,-0.057127,-0.997126,-0.049763,-0.135262,-0.041654,0.989934,0,0.24388,0.90312,6.187,0.491,-1,619.392,-1,564.501,213.628,508.855,494.800,663.566,745.040,-1,-1,-1,-1,-1,992.496,-1,-1,2,0,2,0,1,0,0,0,0,2,2,2,2,2,0,2,2
269,-8859.756,-2032.850,-174.464,-176.196,-0.988432,0.072123,-0.133415,-0.065721,-0.996493,-0.051788,-0.136683,-0.042420,0.989706,0,0.24388,0.90312,6.478,0.499,-1,615.423,-1,565.829,216.391,506.901,495.026,659.040,744.860,-1,-1,-1,-1,-1,995.385,-1,-1,2,0,2,0,1,0,0,0,0,2,2,2,2,2,0,2,2
270,-8865.780,-2035.822,-175.308,-175.684,-0.987593,0.081210,-0.134406,-0.074526,-0.995754,-0.054041,-0.138224,-0.043354,0.989452,0,0.24388,0.90312,6.717,0.511,-1,610.816,-1,567.041,219.720,504.479,494.994,654.067,745.157,-1,-1,-1,-1,-1,998.004,-1,-1,2,0,2,0,1,0,0,0,0,2,2,2,2,2,0,2,2
271,-8871.896,-2038.978,-176.114,-175.154,-0.986635,0.090677,-0.135384,-0.083649,-0.994879,-0.056739,-0.139836,-0.044656,0.989167,0,0.24388,0.90312,6.882,0.531,-1,605.820,-1,568.647,245.329,502.017,494.243,648.391,747.386,-1,-1,-1,-1,-1,1001.577,-1,-1,2,0,2,0,1,0,0,0,0,2,2,2,2,2,0,2,2
272,-8878.158,-2042.323,-176.905,-174.606,-0.985544,0.100474,-0.136413,-0.093062,-0.993870,-0.059681,-0.141573,-0.046123,0.988853,0,0.24388,0.90312,7.099,0.548,-1,600.547,-1,570.342,276.015,499.412,493.329,642.426,750.446,-1,-1,-1,-1,1003.708,1005.281,-1,-1,2,0,2,0,1,0,0,0,0,2,2,2,2,0,0,2,2
273,-8884.614,-2045.869,-177.727,-174.038,-0.984309,0.110604,-0.137483,-0.102801,-0.992728,-0.062640,-0.143412,-0.047523,0.988521,0,0.24388,0.90312,7.366,0.568,-1,595.115,-1,571.939,309.992,496.663,492.327,636.558,752.954,-1,-1,-1,-1,990.022,-1,-1,-1,2,0,2,0,1,0,0,0,0,2,2,2,2,0,2,2,2
274,-8891.279,-2049.616,-178.617,-173.450,-0.982938,0.121041,-0.138498,-0.112853,-0.991447,-0.065544,-0.145247,-0.048796,0.988191,0,0.24388,0.90312,7.646,0.587,-1,589.699,-1,573.523,347.663,493.877,491.283,630.839,754.381,-1,-1,-1,-1,976.934,-1,-1,-1,2,0,2,0,1,0,0,0,0,2,2,2,2,0,2,2,2
275,-8898.185,-2053.520,-179.647,-172.848,-0.981427,0.131715,-0.139467,-0.123154,-0.990030,-0.068370,-0.147082,-0.049924,0.987864,0,0.24388,0.90312,7.933,0.603,-1,584.126,-1,574.882,406.974,490.895,490.021,625.167,754.248,-1,-1,-1,-1,963.742,-1,-1,-1,2,0,2,0,1,0,0,0,0,2,2,2,2,0,2,2,2
276,-8905.548,-2057.478,-180.872,-172.267,-0.979940,0.141979,-0.139857,-0.133064,-0.988546,-0.071204,-0.148364,-0.051166,0.987608,0,0.50903,0.29223,8.360,0.580,-1,579.302,-1,576.717,-1,488.485,489.354,619.312,751.536,-1,-1,-1,-1,952.478,-1,-1,-1,2,0,2,0,2,0,0,0,0,2,2,2,2,0,2,2,2
277,-8913.521,-2061.537,-182.292,-171.696,-0.978512,0.151969,-0.139354,-0.142812,-0.987012,-0.073569,-0.148724,-0.052087,0.987506,0,0.50903,0.29223,8.947,0.571,-1,576.553,-1,579.679,-1,487.377,489.927,614.131,745.760,-1,-1,-1,-1,945.414,-1,-1,-1,2,0,2,0,2,0,0,0,0,2,2,2,2,0,2,2,2
278,-8921.990,-2065.812,-183.889,-171.099,-0.976970,0.162232,-0.138601,-0.153012,-0.985386,-0.074843,-0.148718,-0.051912,0.987516,0,0.50903,0.29223,9.487,0.598,-1,574.934,-1,582.603,-1,486.560,490.771,610.762,733.252,-1,-1,-1,-1,941.057,-1,-1,-1,2,0,2,0,2,0,0,0,0,2,2,2,2,0,2,2,2
279,-8930.784,-2070.435,-185.628,-170.429,-0.975097,0.173504,-0.138140,-0.164420,-0.983554,-0.074744,-0.148837,-0.050170,0.987588,0,0.50903,0.29223,9.935,0.670,-1,573.801,-1,584.396,-1,485.235,491.122,609.721,711.936,-1,-1,-1,-1,937.860,-1,-1,-1,2,0,2,0,2,0,0,0,0,2,2,2,2,0,2,2,2
280,-8939.888,-2075.313,-187.374,-169.727,-0.973056,0.185260,-0.137261,-0.176367,-0.981505,-0.074448,-0.148515,-0.048234,0.987733,0,0.50903,0.29223,10.328,0.702,-1,573.743,-1,587.361,-1,484.725,492.273,609.024,689.865,-1,-1,-1,-1,937.231,-1,-1,-1,2,0,2,0,2,0,0,0,0,2,2,2,2,0,2,2,2
281,-8949.351,-2080.534,-189.112,-168.984,-0.970836,0.197612,-0.135744,-0.188990,-0.979199,-0.073837,-0.147512,-0.046030,0.987989,0,0.50903,0.29223,10.807,0.742,-1,575.007,-1,592.134,-1,485.489,493.401,608.845,668.969,-1,-1,-1,-1,940.138,-1,-1,-1,2,0,2,0,2,0,0,0,0,2,2,2,2,0,2,2,2
282,-8959.330,-2085.902,-190.848,-168.265,-0.968650,0.209599,-0.133364,-0.201222,-0.976775,-0.073619,-0.145697,-0.044475,0.988329,0,0.50903,0.29223,11.332,0.720,-1,577.466,-1,599.330,-1,487.704,496.153,607.916,651.480,-1,-1,-1,-1,946.041,-1,-1,-1,2,0,2,0,2,0,0,0,0,2,2,2,2,0,2,2,2
283,-8969.780,-2091.494,-192.580,-167.553,-0.966397,0.221423,-0.130574,-0.213307,-0.974228,-0.073350,-0.143450,-0.043033,0.988722,0,0.50903,0.29223,11.852,0.712,-1,580.859,-1,607.820,-1,490.789,499.817,607.091,634.414,-1,-1,-1,-1,954.892,-1,-1,-1,2,0,2,0,2,0,0,0,0,2,2,2,2,0,2,2,2
284,-8980.599,-2097.381,-194.355,-166.817,-0.963847,0.233515,-0.128338,-0.225759,-0.971505,-0.072187,-0.141537,-0.040604,0.989100,0,0.50903,0.29223,12.317,0.736,-1,584.179,-1,613.892,-1,493.495,502.468,607.986,613.409,-1,-1,-1,-1,963.751,-1,-1,-1,2,0,2,0,2,0,0,0,0,2,2,2,2,0,2,2,2
285,-8991.885,-2103.438,-196.234,-166.090,-0.961117,0.245368,-0.126686,-0.238031,-0.968705,-0.070364,-0.139987,-0.037473,0.989444,0,0.50903,0.29223,12.809,0.727,-1,587.054,-1,617.011,-1,495.580,504.024,610.167,593.828,-1,-1,-1,-1,971.807,-1,-1,-1,2,0,2,0,2,0,0,0,0,2,2,2,2,0,2,2,2
286,-9003.601,-2109.723,-198.212,-165.370,-0.958157,0.257043,-0.125957,-0.250120,-0.965805,-0.068269,-0.139198,-0.033908,0.989684,0,0.50903,0.29223,13.295,0.720,-1,588.385,-1,617.814,-1,496.045,504.072,613.088,576.546,-1,-1,-1,-1,976.621,-1,-1,-1,2,0,2,0,2,0,0,0,0,2,2,2,2,0,2,2,2
287,-9015.628,-2116.253,-200.277,-164.669,-0.955022,0.268459,-0.125946,-0.261820,-0.962795,-0.066909,-0.139222,-0.030925,0.989778,0,0.50903,0.29223,13.686,0.701,-1,587.393,-1,616.898,-1,494.727,502.679,614.888,560.818,-1,-1,-1,-1,976.320,-1,-1,-1,2,0,2,0,2,0,0,0,0,2,2,2,2,0,2,2,2
288,-9027.934,-2122.947,-202.362,-163.983,-0.951653,0.279767,-0.126832,-0.273194,-0.959629,-0.066914,-0.140432,-0.029029,0.989665,0,0.50903,0.29223,14.009,0.686,-1,583.092,-1,614.034,-1,491.258,498.889,614.667,548.000,-1,-1,-1,-1,969.086,-1,-1,-1,2,0,2,0,2,0,0,0,0,2,2,2,2,0,2,2,2
289,-9040.622,-2129.909,-204.556,-163.321,-0.948201,0.290764,-0.127949,-0.284100,-0.956382,-0.067971,-0.142131,-0.028100,0.989449,0,0.50903,0.29223,14.473,0.662,-1,576.998,-1,610.520,-1,486.603,494.147,612.633,537.864,-1,-1,-1,-1,957.424,-1,-1,-1,2,0,2,0,2,0,0,0,0,2,2,2,2,0,2,2,2
290,-9053.710,-2137.154,-206.949,-162.680,-0.944731,0.301531,-0.128692,-0.294613,-0.953032,-0.070238,-0.143827,-0.028442,0.989194,0,0.50903,0.29223,14.959,0.641,-1,569.811,-1,607.492,-1,481.350,489.302,608.087,531.658,-1,-1,-1,-1,943.117,-1,-1,-1,2,0,2,0,2,0,0,0,0,2,2,2,2,0,2,2,2
291,-9067.155,-2144.701,-209.556,-162.054,-0.941223,0.312177,-0.129013,-0.304835,-0.949548,-0.073715,-0.145516,-0.030055,0.988899,0,0.50903,0.29223,15.418,0.626,-1,561.466,-1,603.009,-1,475.559,484.322,601.008,530.362,-1,-1,-1,-1,926.235,-1,-1,-1,2,0,2,0,2,0,0,0,0,2,2,2,2,0,2,2,2
292,-9080.920,-2152.568,-212.381,-161.439,-0.937645,0.322746,-0.129063,-0.314842,-0.945923,-0.078128,-0.147299,-0.032622,0.988554,0,0.50903,0.29223,15.854,0.615,-1,551.988,-1,598.115,-1,469.117,478.981,592.014,530.441,-1,-1,-1,-1,906.935,-1,-1,-1,2,0,2,0,2,0,0,0,0,2,2,2,2,0,2,2,2
293,-9095.053,-2160.679,-215.468,-160.850,-0.934075,0.332945,-0.129043,-0.324370,-0.942264,-0.083199,-0.149293,-0.035857,0.988143,0,0.50903,0.29223,16.295,0.589,-1,541.271,-1,592.525,-1,461.807,472.973,581.709,531.185,-1,-1,-1,-1,885.096,-1,-1,-1,2,0,2,0,2,0,0,0,0,2,2,2,2,0,2,2,2
294,-9109.592,-2168.943,-218.812,-160.302,-0.930567,0.342532,-0.129292,-0.333151,-0.938666,-0.088975,-0.151838,-0.039723,0.987607,0,0.50903,0.29223,16.723,0.548,-1,528.782,-1,585.413,-1,453.111,465.878,570.308,532.543,-1,-1,-1,-1,859.492,-1,-1,-1,2,0,2,0,2,0,0,0,0,2,2,2,2,0,2,2,2
295,-9124.694,-2177.271,-222.286,-159.833,-0.927522,0.350762,-0.129112,-0.340658,-0.935461,-0.094155,-0.153805,-0.043348,0.987150,0,0.50903,0.29223,17.247,0.469,-1,517.488,-1,579.144,-1,445.058,459.501,559.977,316.509,-1,-1,-1,-1,836.875,-1,-1,-1,2,0,2,0,2,0,0,0,1,2,2,2,2,0,2,2,2
296,-9140.437,-2185.644,-225.686,-159.399,-0.924809,0.358086,-0.128462,-0.347639,-0.932604,-0.096943,-0.154518,-0.044995,0.986965,0,0.50903,0.29223,17.830,0.434,-1,509.958,-1,574.572,-1,439.453,454.919,554.204,317.370,-1,-1,-1,-1,823.239,-1,-1,-1,2,0,2,0,2,0,0,0,1,2,2,2,2,0,2,2,2
297,-9160.171,-2195.653,-229.454,-158.930,-0.921960,0.365612,-0.127744,-0.355197,-0.929709,-0.097346,-0.154355,-0.044375,0.987018,0,0.50903,0.29223,22.128,0.468,-1,505.065,-1,570.463,-1,435.391,450.981,552.830,318.819,-1,-1,-1,-1,816.286,996.871,-1,-1,2,0,2,0,2,0,0,0,1,2,2,2,2,0,0,2,2
298,-9173.804,-2202.392,-231.828,-158.642,-0.920285,0.370087,-0.126927,-0.359887,-0.927998,-0.096444,-0.153480,-0.043076,0.987212,0,0.50903,0.29223,15.207,0.289,-1,504.057,-1,568.746,-1,434.296,449.617,553.988,319.860,-1,-1,-1,-1,816.775,990.921,-1,-1,2,0,2,0,2,0,0,0,1,2,2,2,2,0,0,2,2
299,-9191.241,-2210.968,-234.590,-158.298,-0.918290,0.375376,-0.125844,-0.365478,-0.925951,-0.095082,-0.152217,-0.041320,0.987483,0,0.50903,0.29223,19.432,0.344,-1,503.712,-1,567.322,-1,433.682,448.620,555.022,322.839,-1,-1,-1,-1,819.240,985.123,-1,-1,2,0,2,0,2,0,0,0,1,2,2,2,2,0,0,2,2
300,-9209.111,-2219.701,-237.301,-157.972,-0.916377,0.380368,-0.124796,-0.370762,-0.923986,-0.093724,-0.150959,-0.039617,0.987746,0,0.50903,0.29223,19.890,0.326,-1,503.466,-1,566.153,-1,433.228,447.790,554.507,335.250,-1,-1,-1,-1,822.353,979.730,-1,-1,2,0,2,0,2,0,0,0,1,2,2,2,2,0,0,2,2
301,-9227.328,-2228.551,-240.009,-157.672,-0.914511,0.385012,-0.124238,-0.375595,-0.922117,-0.092890,-0.150326,-0.038286,0.987895,0,0.50903,0.29223,20.253,0.300,-1,501.957,-1,563.956,-1,431.864,446.159,553.441,347.990,-1,-1,-1,-1,822.661,971.895,-1,-1,2,0,2,0,2,0,0,0,1,2,2,2,2,0,0,2,2
302,-9245.954,-2237.269,-242.776,-157.461,-0.913249,0.388336,-0.123170,-0.379018,-0.920735,-0.092690,-0.149402,-0.037966,0.988047,0,0.38672,0.55643,20.565,0.211,-1,500.366,-1,562.802,-1,430.478,445.145,550.848,363.059,-1,-1,-1,-1,822.871,967.480,-1,-1,2,0,2,0,2,0,0,0,1,2,2,2,2,0,0,2,2
303,-9264.897,-2245.828,-245.718,-157.337,-0.912625,0.390331,-0.121479,-0.381060,-0.919869,-0.092921,-0.148015,-0.038511,0.988235,0,0.38672,0.55643,20.787,0.123,-1,498.847,-1,562.656,-1,429.318,444.682,546.515,377.638,-1,-1,-1,-1,823.315,966.603,-1,-1,2,0,2,0,2,0,0,0,1,2,2,2,2,0,0,2,2
304,-9284.058,-2254.387,-248.838,-157.236,-0.912152,0.391922,-0.119897,-0.382756,-0.919185,-0.092717,-0.146546,-0.038681,0.988447,0,0.38672,0.55643,20.985,0.101,-1,497.302,-1,562.008,-1,428.001,443.835,542.512,391.985,-1,-1,-1,-1,823.995,964.470,-1,-1,2,0,2,0,2,0,0,0,1,2,2,2,2,0,0,2,2
305,-9303.468,-2262.851,-252.060,-157.176,-0.911988,0.392831,-0.118165,-0.383810,-0.918793,-0.092247,-0.144806,-0.038775,0.988700,0,0.38672,0.55643,21.175,0.060,-1,496.090,-1,561.672,-1,426.840,443.004,538.585,405.958,-1,-1,-1,-1,825.475,962.828,-1,-1,2,0,2,0,2,0,0,0,1,2,2,2,2,0,0,2,2
306,-9323.104,-2271.196,-255.149,-157.157,-0.912133,0.393058,-0.116268,-0.384225,-0.918696,-0.091482,-0.142773,-0.038771,0.988996,0,0.38672,0.55643,21.336,0.019,-1,495.818,-1,562.307,-1,426.428,442.908,533.918,419.592,-1,-1,-1,-1,829.088,962.864,-1,-1,2,0,2,0,2,0,0,0,1,2,2,2,2,0,0,2,2
307,-9342.972,-2279.475,-258.048,-157.161,-0.912517,0.392852,-0.113928,-0.384316,-0.918801,-0.090032,-0.140046,-0.038372,0.989401,0,0.38672,0.55643,21.523,-0.004,-1,497.520,-1,564.771,-1,427.512,444.088,470.706,433.029,-1,-1,-1,-1,836.430,966.592,-1,-1,2,0,2,0,2,0,0,1,1,2,2,2,2,0,0,2,2
308,-9363.087,-2287.718,-260.830,-157.180,-0.913117,0.392308,-0.110962,-0.384215,-0.919073,-0.087655,-0.136370,-0.037406,0.989952,0,0.38672,0.55643,21.739,-0.019,-1,501.653,-1,568.870,-1,430.166,446.907,392.431,502.997,-1,-1,-1,-1,848.018,974.932,-1,-1,2,0,2,0,2,0,0,1,0,2,2,2,2,0,0,2,2
309,-9383.400,-2296.011,-263.494,-157.198,-0.913739,0.391739,-0.107801,-0.384143,-0.919368,-0.084838,-0.132344,-0.036109,0.990546,0,0.38672,0.55643,21.941,-0.018,-1,507.064,-1,573.513,-1,433.627,450.525,406.406,502.429,-1,-1,-1,-1,862.563,984.631,-1,-1,2,0,2,0,2,0,0,1,0,2,2,2,2,0,0,2,2
310,-9403.843,-2304.427,-266.038,-157.197,-0.914179,0.391459,-0.105055,-0.384347,-0.919549,-0.081894,-0.128661,-0.034489,0.991089,0,0.38672,0.55643,22.107,0.001,-1,512.417,-1,577.558,-1,437.057,453.466,420.431,501.721,-1,-1,-1,-1,876.999,991.889,-1,-1,2,0,2,0,2,0,0,1,0,2,2,2,2,0,0,2,2
311,-9424.223,-2313.258,-268.504,-157.094,-0.913796,0.392709,-0.103715,-0.386115,-0.919124,-0.078273,-0.126065,-0.031480,0.991522,0,0.38672,0.55643,22.211,0.103,-1,517.150,-1,578.317,-1,439.248,454.629,433.724,499.360,-1,-1,-1,-1,884.797,991.481,-1,-1,2,0,2,0,2,0,0,1,0,2,2,2,2,0,0,2,2
312,-9443.971,-2322.819,-270.500,-156.810,-0.912147,0.396954,-0.102056,-0.390751,-0.917373,-0.075768,-0.123700,-0.029233,0.991889,0,0.38672,0.55643,21.941,0.284,-1,522.238,-1,580.074,-1,441.805,456.429,444.587,501.054,-1,-1,-1,-1,889.535,991.813,-1,-1,2,0,2,0,2,0,0,1,0,2,2,2,2,0,0,2,2
313,-9463.159,-2333.261,-271.532,-156.408,-0.910162,0.403452,-0.093976,-0.397482,-0.914441,-0.076190,-0.116674,-0.031992,0.992655,0,0.47200,1.00000,21.846,0.402,-1,536.323,-1,596.492,-1,452.510,468.450,452.907,515.529,-1,-1,-1,-1,910.339,-1,-1,-1,2,0,2,0,2,0,0,1,0,2,2,2,2,0,2,2,2
314,-9481.808,-2345.075,-272.144,-155.760,-0.906701,0.413772,-0.081766,-0.408253,-0.909678,-0.076259,-0.105935,-0.035763,0.993730,0,0.47200,1.00000,22.076,0.649,-1,559.412,-1,623.232,-1,470.200,487.477,458.237,535.355,-1,-1,-1,-1,947.353,-1,-1,-1,2,0,2,0,2,0,0,1,0,2,2,2,2,0,2,2,2
315,-9500.176,-2357.691,-272.977,-155.005,-0.902220,0.425648,-0.069447,-0.420618,-0.904018,-0.076369,-0.095288,-0.039691,0.994658,0,0.47200,1.00000,22.283,0.755,-1,582.744,-1,650.707,-1,488.655,505.720,461.991,556.314,-1,-1,-1,-1,980.925,-1,-1,-1,2,0,2,0,2,0,0,1,0,2,2,2,2,0,2,2,2
316,-9518.469,-2370.475,-274.453,-154.270,-0.897403,0.437134,-0.059847,-0.432477,-0.898364,-0.076854,-0.087360,-0.043086,0.995245,0,0.47200,1.00000,22.317,0.735,-1,600.044,-1,668.329,-1,501.711,518.436,455.416,574.905,-1,-1,-1,-1,1000.951,-1,-1,-1,2,0,2,0,2,0,0,1,0,2,2,2,2,0,2,2,2
317,-9536.478,-2383.603,-276.619,-153.459,-0.891552,0.449645,-0.054352,-0.445304,-0.892142,-0.076078,-0.082697,-0.043625,0.995619,0,0.47200,1.00000,22.286,0.810,-1,610.016,-1,673.783,-1,507.984,523.577,469.906,586.344,-1,-1,-1,-1,-1,-1,-1,-1,2,0,2,0,2,0,0,1,0,2,2,2,2,2,2,2,2
318,-9554.167,-2397.101,-279.470,-152.559,-0.884557,0.463383,-0.053246,-0.459308,-0.885228,-0.073531,-0.081208,-0.040585,0.995871,0,0.47200,1.00000,22.251,0.900,-1,613.020,-1,666.579,-1,507.372,520.918,492.556,588.757,-1,-1,-1,-1,-1,-1,-1,-1,2,0,2,0,2,0,0,1,0,2,2,2,2,2,2,2,2
319,-9571.591,-2410.945,-282.976,-151.579,-0.876497,0.478129,-0.056086,-0.474331,-0.877635,-0.069050,-0.082237,-0.033919,0.996035,0,0.47200,1.00000,22.254,0.980,-1,610.544,-1,648.950,-1,502.190,512.164,495.993,582.005,-1,-1,-1,-1,1003.623,-1,-1,-1,2,0,2,0,2,0,0,0,0,2,2,2,2,0,2,2,2
320,-9588.718,-2425.166,-287.053,-150.524,-0.867382,0.493701,-0.062507,-0.490265,-0.869304,-0.062858,-0.085370,-0.023877,0.996063,0,0.47200,1.00000,22.262,1.055,-1,603.804,-1,622.454,-1,492.918,498.623,502.920,567.277,-1,-1,-1,457.366,994.061,-1,-1,-1,2,0,2,0,2,0,0,0,0,2,2,2,1,0,2,2,2
321,-9605.521,-2439.770,-291.571,-149.404,-0.857293,0.509815,-0.071677,-0.506929,-0.860213,-0.055290,-0.089845,-0.011065,0.995894,0,0.47200,1.00000,22.263,1.120,-1,594.708,-1,590.965,-1,480.984,481.541,513.858,546.561,-1,-1,-1,468.876,981.198,990.763,-1,-1,2,0,2,0,2,0,0,0,0,2,2,2,1,0,0,2,2
322,-9622.173,-2454.699,-296.283,-148.265,-0.846673,0.525757,-0.082002,-0.523629,-0.850630,-0.047338,-0.094642,0.002859,0.995507,0,0.47200,1.00000,22.364,1.139,-1,584.911,-1,560.198,-1,468.480,463.630,526.996,524.239,-1,-1,-1,480.575,966.788,917.033,-1,-1,2,0,2,0,2,0,0,0,0,2,2,2,1,0,0,2,2
323,-9638.294,-2470.204,-300.537,-147.098,-0.835517,0.541770,-0.091633,-0.540568,-0.840366,-0.039626,-0.098474,0.016425,0.995004,0,0.47200,1.00000,22.367,1.167,-1,578.438,-1,533.798,-1,458.697,448.614,541.541,505.246,-1,-1,-1,492.961,956.261,859.736,-1,-1,2,0,2,0,2,0,0,0,0,2,2,2,1,0,0,2,2
324,-9654.086,-2486.231,-303.781,-145.954,-0.824525,0.557601,-0.096119,-0.557114,-0.829725,-0.034343,-0.098902,0.025233,0.994777,0,0.47221,1.00000,22.500,1.144,-1,579.502,-1,519.933,-1,456.080,442.390,550.354,496.518,-1,-1,-1,506.838,954.745,826.485,-1,-1,2,0,2,0,2,0,0,0,0,2,2,2,1,0,0,2,2
325,-9669.646,-2502.861,-306.056,-144.849,-0.813916,0.573215,-0.094681,-0.573105,-0.818892,-0.031072,-0.095344,0.028972,0.995023,0,0.47645,1.00000,22.774,1.105,-1,588.640,-1,519.393,-1,461.374,446.281,552.043,498.908,-1,-1,-1,522.158,963.149,820.951,-1,-1,2,0,2,0,2,0,0,0,0,2,2,2,1,0,0,2,2
326,-9684.511,-2520.157,-307.535,-143.727,-0.803011,0.589265,-0.089110,-0.589288,-0.807407,-0.028868,-0.088959,0.029330,0.995603,0,0.48051,1.00000,22.806,1.122,-1,604.272,-1,527.684,-1,472.691,456.298,549.079,509.585,-1,-1,-1,540.205,977.924,830.632,-1,-1,2,0,2,0,2,0,0,0,0,2,2,2,1,0,0,2,2
327,-9698.758,-2537.924,-308.594,-142.583,-0.791553,0.605711,-0.080978,-0.605571,-0.795259,-0.029094,-0.082021,0.026008,0.996291,0,0.48466,1.00000,22.774,1.144,-1,620.006,-1,540.308,-1,485.540,468.019,539.833,528.493,-1,-1,-1,560.790,992.430,846.591,-1,-1,2,0,2,0,2,0,0,0,0,2,2,2,1,0,0,2,2
328,-9712.627,-2556.136,-309.627,-141.432,-0.779638,0.622039,-0.072333,-0.621675,-0.782693,-0.030200,-0.075400,0.021423,0.996923,0,0.48891,1.00000,22.892,1.151,-1,631.695,-1,552.736,-1,497.941,478.923,528.573,550.501,-1,-1,-1,582.493,1005.034,860.625,-1,-1,2,0,2,0,2,0,0,0,0,2,2,2,1,0,0,2,2
329,-9725.708,-2574.854,-310.758,-140.201,-0.766383,0.638953,-0.066307,-0.638510,-0.769011,-0.030444,-0.070443,0.019006,0.997335,0,0.49318,1.00000,22.835,1.231,-1,640.663,-1,560.777,-1,507.780,487.704,521.005,568.337,-1,-1,-1,604.877,-1,866.598,-1,-1,2,0,2,0,2,0,0,0,0,2,2,2,1,2,0,2,2
330,-9738.473,-2593.689,-311.957,-138.992,-0.752933,0.655184,-0.061847,-0.654689,-0.755271,-0.030793,-0.066886,0.017306,0.997611,0,0.49781,1.00000,22.753,1.208,-1,646.593,-1,566.656,-1,515.225,494.474,514.590,583.042,-1,-1,-1,632.109,-1,868.160,-1,-1,2,0,2,0,2,0,0,0,0,2,2,2,1,2,0,2,2
331,-9750.697,-2612.670,-313.345,-137.751,-0.738646,0.671388,-0.060337,-0.670916,-0.740894,-0.030792,-0.065376,0.017737,0.997703,0,0.50235,1.00000,22.577,1.241,-1,644.786,-1,565.767,-1,518.491,496.415,511.361,590.226,-1,-1,-1,-1,-1,856.401,-1,-1,2,0,2,0,2,0,0,0,0,2,2,2,2,2,0,2,2
332,-9762.891,-2631.759,-314.944,-136.559,-0.724590,0.686600,-0.059576,-0.686188,-0.726790,-0.030365,-0.064147,0.018878,0.997762,0,0.50704,1.00000,22.651,1.192,-1,640.879,-1,563.447,-1,520.821,496.835,509.258,593.544,-1,-1,-1,-1,1004.719,845.912,-1,-1,2,0,2,0,2,0,0,0,0,2,2,2,2,0,0,2,2
333,-9775.063,-2651.003,-316.664,-135.422,-0.710875,0.700819,-0.059234,-0.700489,-0.713047,-0.029654,-0.063019,0.020413,0.997804,0,0.51152,1.00000,22.771,1.138,-1,636.815,-1,560.413,-1,522.727,497.660,507.685,595.107,-1,-1,-1,-1,997.909,835.335,-1,-1,2,0,2,0,2,0,0,0,0,2,2,2,2,0,0,2,2
334,-9787.349,-2670.437,-318.461,-134.343,-0.697628,0.714040,-0.058839,-0.713811,-0.699757,-0.028550,-0.061559,0.022082,0.997859,0,0.51576,1.00000,22.991,1.079,-1,633.508,-1,557.979,-1,524.669,498.963,506.339,594.292,-1,-1,-1,-1,989.546,823.461,-1,-1,2,0,2,0,2,0,0,0,0,2,2,2,2,0,0,2,2
335,-9799.381,-2690.055,-320.203,-133.282,-0.684351,0.726756,-0.059081,-0.726662,-0.686462,-0.027061,-0.060224,0.024412,0.997886,0,0.29462,0.56815,23.014,1.061,-1,629.849,-1,554.717,-1,525.411,498.766,506.234,587.637,-1,-1,-1,-1,982.562,813.687,-1,-1,2,0,2,0,2,0,0,0,0,2,2,2,2,0,0,2,2
336,-9813.705,-2713.407,-322.123,-132.116,-0.669443,0.740522,-0.058933,-0.740480,-0.671542,-0.026857,-0.059464,0.025660,0.997901,0,0.29683,0.56815,27.396,1.167,-1,620.477,-1,550.422,-1,524.860,497.609,503.695,583.853,-1,-1,-1,-1,971.440,801.610,-1,-1,2,0,2,0,2,0,0,0,0,2,2,2,2,0,0,2,2
337,-9823.146,-2728.952,-323.340,-131.393,-0.660056,0.748909,-0.058832,-0.748859,-0.662164,-0.027385,-0.059465,0.025982,0.997892,0,0.29923,0.56815,18.187,0.722,-1,613.229,-1,546.975,-1,523.606,496.692,501.280,582.298,-1,-1,-1,-1,959.391,793.106,-1,-1,2,0,2,0,2,0,0,0,0,2,2,2,2,0,0,2,2
338,-9834.604,-2748.479,-324.758,-130.492,-0.648200,0.759187,-0.058925,-0.759152,-0.650322,-0.027725,-0.059369,0.026762,0.997877,0,0.30070,0.56815,22.640,0.901,-1,604.819,-1,542.753,-1,522.028,496.101,499.163,577.161,-1,-1,-1,-1,945.701,784.407,-1,-1,2,0,2,0,2,0,0,0,0,2,2,2,2,0,0,2,2
339,-9845.652,-2768.114,-326.043,-129.578,-0.636015,0.769414,-0.059047,-0.769403,-0.638152,-0.027959,-0.059193,0.027649,0.997864,0,0.30253,0.56815,22.530,0.914,-1,596.836,-1,539.130,-1,517.824,494.218,497.497,571.943,-1,-1,-1,-1,931.984,776.374,-1,-1,2,0,2,0,2,0,0,0,0,2,2,2,2,0,0,2,2
340,-9856.542,-2787.742,-327.131,-128.727,-0.624550,0.778797,-0.058414,-0.778804,-0.626647,-0.027888,-0.058324,0.028076,0.997903,0,0.30440,0.56672,22.447,0.851,-1,590.652,-1,537.135,-1,515.193,493.760,495.658,568.472,-1,-1,-1,-1,921.625,771.114,-1,-1,2,0,2,0,2,0,0,0,0,2,2,2,2,0,0,2,2
341,-9867.450,-2807.321,-328.203,-127.959,-0.614087,0.787150,-0.057379,-0.787167,-0.616118,-0.027682,-0.057142,0.028167,0.997969,0,0.30611,0.55967,22.412,0.769,-1,585.069,-1,535.658,-1,513.182,493.717,493.429,565.731,-1,-1,-1,-1,912.298,769.968,-1,-1,2,0,2,0,2,0,0,0,0,2,2,2,2,0,0,2,2
342,-9878.346,-2826.819,-329.328,-127.251,-0.604350,0.794684,-0.056900,-0.794718,-0.606351,-0.027586,-0.056423,0.028548,0.997999,0,0.30762,0.55345,22.336,0.707,-1,578.602,-1,532.465,-1,510.417,493.196,491.634,560.913,-1,-1,-1,-1,902.378,768.251,-1,-1,2,0,2,0,2,0,0,0,0,2,2,2,2,0,0,2,2
343,-9889.077,-2846.316,-330.604,-126.582,-0.595038,0.801671,-0.057041,-0.801736,-0.597045,-0.027525,-0.056122,0.029353,0.997992,0,0.30899,0.54784,22.256,0.669,-1,571.453,-1,528.471,-1,506.145,489.808,490.422,554.483,-1,-1,-1,-1,893.639,764.396,-1,-1,2,0,2,0,2,0,0,0,0,2,2,2,2,0,0,2,2
344,-9899.667,-2865.817,-331.965,-125.912,-0.585612,0.808517,-0.057959,-0.808635,-0.587668,-0.027483,-0.056282,0.030773,0.997941,0,0.31026,0.54261,22.190,0.670,-1,563.639,-1,523.396,-1,499.679,485.047,490.114,546.217,-1,-1,-1,-1,883.264,758.450,-1,-1,2,0,2,0,2,0,0,0,0,2,2,2,2,0,0,2,2
345,-9910.111,-2885.338,-333.338,-125.251,-0.576226,0.815143,-0.059204,-0.815323,-0.578352,-0.027530,-0.056682,0.032407,0.997866,0,0.31154,0.53736,22.140,0.661,-1,555.547,-1,517.884,-1,492.903,479.920,490.132,537.702,-1,-1,-1,-1,872.135,753.368,-1,-1,2,0,2,0,2,0,0,0,0,2,2,2,2,0,0,2,2
346,-9920.258,-2904.535,-334.663,-124.615,-0.567072,0.821387,-0.061256,-0.821557,-0.569373,-0.029286,-0.058933,0.033717,0.997692,0,-0.16359,0.46274,21.713,0.636,-1,544.351,-1,509.956,-1,483.585,472.396,489.512,529.402,-1,-1,-1,-1,852.346,744.270,-1,-1,2,0,2,0,2,0,0,0,0,2,2,2,2,0,0,2,2
347,-9931.679,-2926.791,-336.099,-123.873,-0.556220,0.828513,-0.064698,-0.828597,-0.558864,-0.033137,-0.063612,0.035177,0.997355,0,-0.16422,0.45781,25.015,0.742,-1,528.133,-1,497.781,-1,470.103,461.044,488.680,519.693,-1,-1,-1,-1,820.887,727.938,-1,-1,2,0,2,0,2,0,0,0,0,2,2,2,2,0,0,2,2
348,-9938.960,-2941.219,-336.935,-123.408,-0.549385,0.832924,-0.066435,-0.832938,-0.552226,-0.035511,-0.066265,0.035827,0.997159,0,-0.16496,0.45202,16.162,0.465,-1,518.471,-1,490.724,798.538,462.208,454.296,487.896,514.396,-1,-1,-1,-1,802.735,719.219,-1,-1,2,0,2,0,0,0,0,0,0,2,2,2,2,0,0,2,2
349,-9947.706,-2958.847,-337.837,-122.856,-0.541261,0.838121,-0.067754,-0.838084,-0.544259,-0.037375,-0.068201,0.036554,0.997002,0,-0.16541,0.44842,19.678,0.552,-1,509.201,-1,484.310,770.669,454.378,447.525,487.249,508.286,-1,-1,-1,-1,786.836,711.993,-1,-1,2,0,2,0,0,0,0,0,0,2,2,2,2,0,0,2,2
350,-9956.150,-2976.012,-338.616,-122.351,-0.533840,0.842846,-0.068013,-0.842802,-0.536880,-0.038011,-0.068552,0.037030,0.996960,0,-0.16595,0.44418,19.129,0.505,-1,502.980,-1,480.522,757.775,449.124,443.055,486.666,503.123,-1,-1,-1,-1,778.149,709.496,-1,-1,2,0,2,0,0,0,0,0,0,2,2,2,2,0,0,2,2
351,-9964.442,-2992.647,-339.359,-121.926,-0.527611,0.846831,-0.067110,-0.846782,-0.530586,-0.037922,-0.067721,0.036820,0.997025,0,-0.16644,0.44038,18.587,0.425,-1,498.878,-1,478.664,760.478,445.670,440.270,485.192,500.163,-1,-1,-1,-1,774.270,714.017,-1,-1,2,0,2,0,0,0,0,0,0,2,2,2,2,0,0,2,2
352,-9972.497,-3008.761,-340.104,-121.551,-0.522098,0.850320,-0.066105,-0.850291,-0.524985,-0.037358,-0.066471,0.036704,0.997113,0,-0.16682,0.43735,18.015,0.375,-1,495.758,-1,477.879,764.906,442.978,438.057,483.625,497.116,-1,-1,-1,-1,772.641,719.547,-1,-1,2,0,2,0,0,0,0,0,0,2,2,2,2,0,0,2,2
353,-9980.308,-3024.331,-340.858,-121.213,-0.517112,0.853423,-0.065296,-0.853423,-0.519922,-0.036731,-0.065296,0.036731,0.997190,0,-0.16715,0.43478,17.420,0.338,-1,492.785,-1,476.799,768.055,440.339,435.772,481.764,493.807,-1,-1,-1,-1,771.204,724.375,-1,-1,2,0,2,0,0,0,0,0,0,2,2,2,2,0,0,2,2
354,-9987.854,-3039.349,-341.604,-120.902,-0.512498,0.856233,-0.064886,-0.856267,-0.515262,-0.036213,-0.064440,0.037000,0.997235,0,-0.16744,0.43254,16.807,0.311,-1,489.613,-1,474.747,768.234,437.451,433.136,480.326,489.923,-1,-1,-1,-1,779.348,728.420,-1,-1,2,0,2,0,0,0,0,0,0,2,2,2,2,0,0,2,2
355,-9995.092,-3053.837,-342.263,-120.608,-0.508123,0.858823,-0.065067,-0.858924,-0.510871,-0.035498,-0.063727,0.037851,0.997249,0,-0.16769,0.43054,16.196,0.294,-1,486.805,-1,472.455,-1,434.719,430.266,480.301,484.851,-1,-1,-1,-1,792.507,733.170,-1,-1,2,0,2,0,2,0,0,0,0,2,2,2,2,0,0,2,2
356,-10001.916,-3067.772,-342.722,-120.329,-0.503964,0.861296,-0.064722,-0.861442,-0.506663,-0.034780,-0.062748,0.038227,0.997297,0,-0.16793,0.42867,15.517,0.279,-1,484.710,-1,471.264,-1,432.747,428.383,480.050,481.396,-1,-1,-1,-1,806.651,741.458,-1,-1,2,0,2,0,2,0,0,0,0,2,2,2,2,0,0,2,2
357,-10008.540,-3081.024,-342.815,-120.124,-0.500966,0.863256,-0.061820,-0.863364,-0.503449,-0.033799,-0.060301,0.036441,0.997515,0,-0.16815,0.42690,14.815,0.204,-1,485.070,-1,473.956,-1,433.356,429.421,477.026,483.542,-1,-1,-1,-1,830.458,760.748,-1,-1,2,0,2,0,2,0,0,0,0,2,2,2,2,0,0,2,2
358,-10014.584,-3093.759,-342.618,-119.886,-0.497479,0.865495,-0.058597,-0.865614,-0.499700,-0.031801,-0.056804,0.034902,0.997775,0,-0.16829,0.42584,14.096,0.238,-1,487.709,-1,478.959,-1,435.914,432.435,475.258,486.162,-1,-1,-1,-1,-1,787.081,-1,-1,2,0,2,0,2,0,0,0,0,2,2,2,2,2,0,2,2
359,-10019.098,-3105.874,-342.217,-119.416,-0.490429,0.869513,-0.058543,-0.869791,-0.492554,-0.029229,-0.054251,0.036585,0.997857,0,-0.16847,0.42438,12.929,0.470,-1,489.993,-1,483.719,-1,437.522,434.448,479.404,482.645,-1,-1,-1,-1,-1,807.937,-1,-1,2,0,2,0,2,0,0,0,0,2,2,2,2,2,0,2,2
360,-10022.695,-3117.380,-341.762,-118.843,-0.481772,0.874333,-0.058631,-0.874769,-0.483803,-0.026697,-0.051708,0.038426,0.997923,0,-0.16897,0.42049,12.055,0.573,-1,492.008,-1,489.237,-1,438.994,436.725,483.840,479.814,-1,-1,-1,-1,-1,835.832,-1,-1,2,0,2,0,2,0,0,0,0,2,2,2,2,2,0,2,2
361,-10025.707,-3128.328,-341.410,-118.250,-0.472760,0.879275,-0.058087,-0.879834,-0.474662,-0.024239,-0.048885,0.039648,0.998017,0,-0.16960,0.41549,11.355,0.593,-1,493.893,-1,494.733,-1,440.567,439.425,486.851,477.277,-1,-1,-1,-1,-1,867.079,-1,-1,2,0,2,0,2,0,0,0,0,2,2,2,2,2,0,2,2
362,-10028.346,-3138.754,-341.336,-117.676,-0.463977,0.884005,-0.057102,-0.884633,-0.465751,-0.022363,-0.046364,0.040139,0.998118,0,-0.17027,0.41024,10.755,0.574,-1,494.433,-1,498.503,-1,441.194,441.479,487.732,475.240,-1,-1,-1,-1,-1,901.029,-1,-1,2,0,2,0,2,0,0,0,0,2,2,2,2,2,0,2,2
363,-10030.839,-3148.669,-341.671,-117.161,-0.456036,0.888174,-0.056377,-0.888833,-0.457732,-0.021382,-0.044796,0.040359,0.998181,0,-0.17092,0.40512,10.223,0.515,-1,492.691,-1,499.915,-1,439.898,441.580,486.970,472.628,-1,-1,-1,-1,-1,924.732,-1,-1,2,0,2,0,2,0,0,0,0,2,2,2,2,2,0,2,2
364,-10033.347,-3158.132,-342.540,-116.697,-0.448811,0.891773,-0.057529,-0.892498,-0.450550,-0.021288,-0.044904,0.041791,0.998117,0,-0.17150,0.40057,9.790,0.465,-1,487.938,-1,496.636,-1,435.630,438.022,486.924,466.358,-1,-1,-1,-1,-1,924.202,-1,-1,2,0,2,0,2,0,0,0,0,2,2,2,2,2,0,2,2
365,-10035.699,-3167.109,-343.787,-116.239,-0.441625,0.895078,-0.061669,-0.895979,-0.443566,-0.021716,-0.046792,0.045664,0.997860,0,-0.17202,0.39650,9.280,0.458,-1,480.790,-1,488.319,-1,428.435,431.059,490.275,454.740,-1,-1,-1,-1,-1,897.044,-1,-1,2,0,2,0,2,0,0,0,0,2,2,2,2,2,0,2,2
366,-10038.162,-3175.595,-345.056,-115.845,-0.435419,0.897859,-0.065270,-0.898915,-0.437554,-0.022325,-0.048603,0.048951,0.997618,0,-0.17253,0.39247,8.836,0.394,-1,473.805,-1,480.908,-1,421.523,424.384,492.334,444.684,-1,-1,-1,-1,-1,874.365,-1,-1,2,0,2,0,2,0,0,0,0,2,2,2,2,2,0,2,2
367,-10040.664,-3183.668,-346.111,-115.525,-0.430378,0.900124,-0.067473,-0.901299,-0.432618,-0.022398,-0.049351,0.051173,0.997470,0,-0.17297,0.38906,8.452,0.320,-1,468.882,-1,476.604,-1,416.632,419.815,492.798,438.150,-1,-1,-1,-1,-1,863.991,-1,-1,2,0,2,0,2,0,0,0,0,2,2,2,2,2,0,2,2
368,-10043.059,-3191.373,-346.847,-115.239,-0.425883,0.902170,-0.068657,-0.903466,-0.428125,-0.021420,-0.048718,0.052907,0.997410,0,-0.17331,0.38638,8.068,0.286,-1,466.795,-1,475.684,-1,414.268,417.835,493.365,432.569,-1,-1,-1,-1,-1,867.403,-1,-1,2,0,2,0,2,0,0,0,0,2,2,2,2,2,0,2,2
369,-10045.303,-3198.702,-347.194,-114.971,-0.421700,0.904111,-0.068938,-0.905520,-0.423851,-0.019584,-0.046926,0.054167,0.997429,0,-0.17361,0.38401,7.665,0.267,-1,467.273,-1,477.016,-1,414.396,418.265,494.224,428.866,-1,-1,-1,-1,-1,881.717,-1,-1,2,0,2,0,2,0,0,0,0,2,2,2,2,2,0,2,2
370,-10047.308,-3205.593,-347.105,-114.716,-0.417710,0.905988,-0.068592,-0.907481,-0.419727,-0.017553,-0.044693,0.054914,0.997490,0,-0.17389,0.38181,7.177,0.255,-1,469.250,-1,480.303,-1,416.102,420.268,495.368,427.133,-1,-1,-1,-1,-1,903.654,-1,-1,2,0,2,0,2,0,0,0,0,2,2,2,2,2,0,2,2
371,-10049.043,-3212.034,-346.677,-114.467,-0.413806,0.907836,-0.067814,-0.909382,-0.415671,-0.015533,-0.042289,0.055241,0.997577,0,-0.17416,0.37969,6.672,0.249,-1,472.969,-1,484.996,-1,418.718,423.300,496.684,426.949,-1,-1,-1,-1,-1,931.494,-1,-1,2,0,2,0,2,0,0,0,0,2,2,2,2,2,0,2,2
372,-10050.493,-3218.037,-346.087,-114.206,-0.409697,0.909747,-0.067145,-0.911342,-0.411424,-0.013660,-0.040052,0.055596,0.997650,0,-0.17442,0.37760,6.175,0.261,-1,477.155,-1,489.835,-1,421.448,426.497,498.514,427.148,-1,-1,-1,-1,-1,958.426,-1,-1,2,0,2,0,2,0,0,0,0,2,2,2,2,2,0,2,2
373,-10051.847,-3224.138,-345.545,-113.928,-0.405317,0.911741,-0.066687,-0.913435,-0.406846,-0.010607,-0.036802,0.056615,0.997718,0,0.59959,0.83451,6.249,0.278,-1,483.387,-1,496.080,-1,425.531,430.567,501.828,426.290,-1,-1,-1,-1,-1,993.076,-1,-1,2,0,2,0,2,0,0,0,0,2,2,2,2,2,0,2,2
374,-10053.338,-3231.020,-345.187,-113.613,-0.400363,0.913954,-0.066315,-0.915808,-0.401578,-0.005553,-0.031706,0.058508,0.997783,0,0.60065,0.83209,7.042,0.315,-1,492.995,-1,504.846,-1,431.806,436.200,507.279,423.722,-1,-1,-1,-1,-1,-1,-1,-1,2,0,2,0,2,0,0,0,0,2,2,2,2,2,2,2,2
375,-10055.004,-3238.546,-345.001,-113.279,-0.395065,0.916266,-0.066187,-0.918274,-0.395946,-0.000211,-0.026400,0.060694,0.997807,0,0.60185,0.82935,7.709,0.335,-1,502.780,-1,513.540,-1,438.033,442.708,512.909,420.269,-1,-1,-1,-1,-1,-1,-1,-1,2,0,2,0,2,0,0,0,0,2,2,2,2,2,2,2,2
376,-10056.900,-3246.502,-344.789,-112.975,-0.390244,0.918438,-0.064661,-0.920463,-0.390806,0.004241,-0.021375,0.061173,0.997898,0,0.60311,0.82644,8.179,0.303,-1,511.214,-1,525.090,-1,443.479,449.231,514.789,419.402,-1,-1,-1,-1,-1,-1,-1,-1,2,0,2,0,2,0,0,0,0,2,2,2,2,2,2,2,2
377,-10058.873,-3254.772,-344.211,-112.704,-0.385917,0.920568,-0.060181,-0.922398,-0.386157,0.008061,-0.015819,0.058622,0.998155,0,0.60423,0.82389,8.502,0.272,-1,520.075,-1,541.134,-1,450.104,457.916,511.086,423.968,-1,-1,-1,-1,-1,-1,-1,-1,2,0,2,0,2,0,0,0,0,2,2,2,2,2,2,2,2
378,-10060.700,-3263.449,-343.301,-112.405,-0.381134,0.922911,-0.054520,-0.924464,-0.381097,0.011483,-0.010179,0.054778,0.998447,0,0.60520,0.82168,8.868,0.299,-1,529.459,-1,559.751,-1,457.598,467.714,505.614,430.287,-1,-1,-1,-1,-1,-1,-1,-1,2,0,2,0,2,0,0,0,0,2,2,2,2,2,2,2,2
379,-10062.323,-3272.481,-342.438,-112.052,-0.375442,0.925441,-0.051015,-0.926823,-0.375253,0.013602,-0.006555,0.052389,0.998605,0,0.60628,0.81920,9.176,0.353,-1,542.260,-1,571.261,-1,463.527,474.059,502.987,433.890,-1,-1,-1,-1,-1,-1,-1,-1,2,0,2,0,2,0,0,0,0,2,2,2,2,2,2,2,2
380,-10063.972,-3281.802,-341.890,-111.665,-0.369173,0.928004,-0.050189,-0.929346,-0.368935,0.014267,-0.005277,0.051910,0.998638,0,0.60759,0.81619,9.466,0.387,-1,548.463,-1,575.158,-1,464.977,475.686,503.249,434.276,-1,-1,-1,-1,-1,-1,-1,-1,2,0,2,0,2,0,0,0,0,2,2,2,2,2,2,2,2
381,-10065.828,-3291.469,-341.722,-111.284,-0.362987,0.930378,-0.051348,-0.931781,-0.362719,0.014777,-0.004877,0.053209,0.998572,0,0.60905,0.81285,9.844,0.381,-1,552.197,-1,574.699,-1,464.391,473.917,506.073,431.334,-1,-1,-1,-1,-1,-1,-1,-1,2,0,2,0,2,0,0,0,0,2,2,2,2,2,2,2,2
382,-10068.199,-3301.535,-341.975,-110.975,-0.357955,0.932240,-0.052880,-0.933729,-0.357644,0.015544,-0.004422,0.054939,0.998480,0,0.61047,0.80960,10.341,0.309,-1,555.466,-1,575.184,-1,463.302,472.110,508.550,426.913,-1,-1,-1,-1,-1,-1,-1,-1,2,0,2,0,2,0,0,0,0,2,2,2,2,2,2,2,2
383,-10070.882,-3312.167,-342.607,-110.674,-0.353055,0.933958,-0.055460,-0.935596,-0.352655,0.017159,-0.003533,0.057946,0.998313,0,0.61155,0.80713,10.965,0.300,-1,560.184,-1,574.680,-1,462.330,470.885,512.732,419.996,-1,-1,-1,-1,-1,-1,-1,-1,2,0,2,0,2,0,0,0,0,2,2,2,2,2,2,2,2
384,-10073.556,-3323.408,-343.535,-110.314,-0.347158,0.935896,-0.059833,-0.937803,-0.346620,0.019477,-0.002511,0.062873,0.998018,0,0.61257,0.80478,11.554,0.361,-1,565.783,-1,572.105,-1,460.733,468.722,520.413,409.982,-1,-1,-1,-1,-1,-1,-1,-1,2,0,2,0,2,0,0,0,0,2,2,2,2,2,2,2,2
385,-10076.006,-3335.180,-344.625,-109.853,-0.339602,0.938236,-0.066202,-0.940567,-0.338924,0.021572,-0.002198,0.069593,0.997573,0,0.61385,0.80186,12.024,0.461,-1,569.666,-1,565.780,-1,457.320,464.394,531.933,397.451,-1,-1,-1,-1,-1,-1,-1,-1,2,0,2,0,2,0,0,0,0,2,2,2,2,2,2,2,2
386,-10077.959,-3347.392,-345.678,-109.267,-0.329963,0.941122,-0.073570,-0.943990,-0.329165,0.023071,-0.002505,0.077062,0.997023,0,0.61555,0.79795,12.367,0.586,-1,579.282,-1,555.543,-1,452.516,458.657,545.856,384.369,-1,-1,-1,-1,-1,-1,-1,-1,2,0,2,0,2,0,0,0,0,2,2,2,2,2,2,2,2
387,-10079.701,-3360.097,-346.364,-108.633,-0.319513,0.944354,-0.078146,-0.947581,-0.318536,0.025005,-0.001279,0.082039,0.996628,0,0.61781,0.79278,12.824,0.633,-1,593.666,-1,551.950,-1,450.399,456.721,555.529,375.372,-1,-1,-1,-1,-1,-1,-1,-1,2,0,2,0,2,0,0,0,0,2,2,2,2,2,2,2,2
388,-10081.257,-3373.295,-346.532,-107.995,-0.308933,0.947754,-0.079518,-0.951082,-0.307684,0.027823,0.001903,0.084224,0.996445,0,0.62027,0.78716,13.289,0.638,-1,616.430,-1,556.947,-1,455.266,458.876,560.235,370.939,-1,-1,-1,-1,-1,-1,-1,-1,2,0,2,0,2,0,0,0,0,2,2,2,2,2,2,2,2
389,-10082.355,-3386.852,-346.140,-107.309,-0.297516,0.951464,-0.078739,-0.954699,-0.295998,0.030565,0.005775,0.084266,0.996427,0,0.62274,0.78150,13.601,0.686,-1,643.096,-1,570.134,-1,466.291,463.110,561.405,370.199,-1,-1,-1,-1,-1,-1,-1,-1,2,0,2,0,2,0,0,0,0,2,2,2,2,2,2,2,2
390,-10082.943,-3400.835,-345.359,-106.582,-0.285367,0.955310,-0.077120,-0.958359,-0.283528,0.034066,0.010678,0.083630,0.996440,0,0.62542,0.77535,13.996,0.727,-1,683.116,-1,593.116,-1,480.075,474.741,562.230,371.143,-1,-1,-1,-1,-1,-1,-1,-1,2,0,2,0,2,0,0,0,0,2,2,2,2,2,2,2,2
391,-10083.124,-3415.127,-344.328,-105.821,-0.272604,0.959181,-0.075228,-0.961989,-0.270410,0.038152,0.016253,0.082769,0.996436,0,0.62829,0.76878,14.292,0.760,-1,726.805,-1,620.240,-1,496.259,493.400,563.386,373.209,-1,-1,-1,-1,-1,-1,-1,-1,2,0,2,0,2,0,0,0,0,2,2,2,2,2,2,2,2
392,-10083.190,-3429.801,-343.200,-105.059,-0.259746,0.962922,-0.072893,-0.965419,-0.257189,0.042669,0.022340,0.081455,0.996427,0,0.63130,0.76188,14.674,0.763,-1,777.987,-1,654.555,-1,519.569,513.986,563.736,375.774,-1,-1,-1,-1,-1,-1,-1,-1,2,0,2,0,2,0,0,0,0,2,2,2,2,2,2,2,2
393,-10083.046,-3444.855,-342.195,-104.274,-0.246460,0.966523,-0.071357,-0.968743,-0.243544,0.047155,0.028198,0.080749,0.996336,0,0.63432,0.75497,15.055,0.785,-1,823.972,-1,693.805,-1,550.761,537.367,565.198,377.491,-1,-1,-1,-1,-1,-1,-1,-1,2,0,2,0,2,0,0,0,0,2,2,2,2,2,2,2,2
394,-10082.792,-3460.297,-341.452,-103.483,-0.233020,0.969891,-0.070804,-0.971872,-0.229701,0.051988,0.034159,0.080927,0.996135,0,0.49520,0.62266,15.445,0.791,-1,872.264,-1,733.942,-1,582.869,570.949,568.064,377.844,-1,-1,-1,-1,-1,-1,-1,-1,2,0,2,0,2,0,0,0,0,2,2,2,2,2,2,2,2
395,-10082.844,-3475.992,-340.862,-102.762,-0.220725,0.972834,-0.069816,-0.974507,-0.217021,0.056904,0.040207,0.080597,0.995936,0,0.49764,0.61549,15.694,0.721,-1,918.949,-1,775.220,-1,622.205,607.859,569.070,378.457,-1,-1,-1,-1,-1,-1,-1,-1,2,0,2,0,2,0,0,0,0,2,2,2,2,2,2,2,2
396,-10083.342,-3491.927,-340.323,-102.166,-0.210530,0.975220,-0.067998,-0.976516,-0.206535,0.061318,0.045755,0.079310,0.995799,0,0.49982,0.60905,15.943,0.596,-1,956.756,-1,820.140,-1,662.713,648.967,567.807,380.735,-1,988.479,994.411,-1,-1,-1,-1,-1,2,0,2,0,2,0,0,0,0,2,0,0,2,2,2,2,2
397,-10083.974,-3508.166,-339.904,-101.617,-0.201111,0.977231,-0.067633,-0.978237,-0.196760,0.065861,0.051054,0.079406,0.995534,0,0.50157,0.60390,16.252,0.549,-1,996.790,-1,858.816,-1,705.073,692.908,571.317,381.481,-1,940.544,945.294,-1,-1,-1,-1,-1,2,0,2,0,2,0,0,0,0,2,0,0,2,2,2,2,2
398,-10084.615,-3524.641,-339.591,-101.068,-0.191673,0.979027,-0.069048,-0.979877,-0.186896,0.070081,0.055707,0.081091,0.995149,0,0.50315,0.59924,16.488,0.549,-1,-1,-1,894.735,-1,745.851,733.245,579.373,380.270,-1,902.235,898.334,-1,-1,-1,-1,-1,2,2,2,0,2,0,0,0,0,2,0,0,2,2,2,2,2
399,-10085.366,-3541.098,-338.808,-100.568,-0.183043,0.980758,-0.067896,-0.981146,-0.177884,0.075561,0.062029,0.080447,0.994827,0,0.50472,0.59460,16.474,0.500,-1,-1,-1,943.438,-1,799.969,789.484,582.231,382.555,-1,845.848,838.839,-1,-1,-1,-1,-1,2,2,2,0,2,0,0,0,0,2,0,0,2,2,2,2,2
400,-10085.711,-3557.474,-337.164,-100.028,-0.173695,0.982652,-0.064997,-0.982238,-0.168109,0.083349,0.070976,0.078320,0.994398,0,0.50613,0.59045,16.380,0.539,-1,-1,-1,-1,-1,873.800,845.047,584.334,388.361,-1,776.108,764.016,-1,-1,-1,-1,-1,2,2,2,2,2,0,1,0,0,2,0,0,2,2,2,2,2
401,-10084.723,-3573.533,-334.993,-99.263,-0.160449,0.984935,-0.064485,-0.983799,-0.154286,0.091298,0.079973,0.078089,0.993734,0,0.50768,0.58589,16.089,0.765,-1,-1,-1,-1,-1,939.120,824.921,594.387,394.374,-1,719.320,702.852,-1,-1,-1,-1,-1,2,2,2,2,2,0,1,0,0,2,0,0,2,2,2,2,2
402,-10083.240,-3589.556,-332.721,-98.435,-0.146117,0.987220,-0.063615,-0.985291,-0.139469,0.098742,0.088608,0.077107,0.993078,0,0.51002,0.57898,16.091,0.827,-1,-1,-1,-1,-1,980.866,805.219,601.418,403.039,-1,672.730,653.778,-1,-1,-1,-1,-1,2,2,2,2,2,0,1,0,0,2,0,0,2,2,2,2,2
403,-10082.129,-3605.868,-330.868,-97.738,-0.134019,0.989066,-0.061538,-0.986318,-0.127116,0.104969,0.095999,0.074764,0.992570,0,0.51259,0.57142,16.350,0.698,-1,-1,-1,-1,-1,-1,806.299,601.937,411.421,-1,635.770,618.277,-1,-1,-1,-1,-1,2,2,2,2,2,2,1,0,0,2,0,0,2,2,2,2,2
404,-10081.195,-3625.729,-329.490,-97.039,-0.121905,0.990702,-0.060409,-0.987301,-0.114790,0.109819,0.101864,0.073030,0.992114,0,0.51470,0.56519,19.883,0.699,-1,-1,-1,-1,-1,-1,830.310,604.229,417.861,-1,610.963,594.827,-1,-1,-1,-1,-1,2,2,2,2,2,2,1,0,0,2,0,0,2,2,2,2,2
405,-10080.797,-3639.046,-329.059,-96.639,-0.114983,0.991479,-0.061228,-0.987927,-0.107694,0.111365,0.103822,0.073294,0.991892,0,0.51675,0.55915,13.323,0.400,-1,-1,-1,-1,-1,-1,844.082,608.738,419.231,-1,606.153,590.269,-1,-1,-1,-1,-1,2,2,2,2,2,2,1,0,0,2,0,0,2,2,2,2,2
406,-10080.607,-3655.782,-329.020,-96.213,-0.107627,0.992129,-0.063997,-0.988674,-0.100036,0.111874,0.104591,0.075313,0.991660,0,0.51788,0.55579,16.737,0.426,-1,-1,-1,-1,-1,-1,-1,617.464,418.539,-1,608.466,591.052,-1,-1,-1,-1,-1,2,2,2,2,2,2,2,0,0,2,0,0,2,2,2,2,2
407,-10080.828,-3672.622,-329.394,-95.862,-0.101579,0.992462,-0.068567,-0.989396,-0.093592,0.111066,0.103811,0.079122,0.991445,0,0.51905,0.55237,16.841,0.351,-1,-1,-1,-1,-1,-1,-1,629.166,415.794,-1,618.962,598.061,-1,-1,-1,-1,-1,2,2,2,2,2,2,2,0,0,2,0,0,2,2,2,2,2
408,-10081.477,-3689.628,-329.948,-95.581,-0.096738,0.992470,-0.075134,-0.990025,-0.088181,0.109886,0.102433,0.085015,0.991100,0,0.51994,0.54973,17.019,0.281,-1,-1,-1,-1,-1,-1,-1,647.693,409.397,-1,633.457,606.879,-1,-1,-1,-1,-1,2,2,2,2,2,2,2,0,0,2,0,0,2,2,2,2,2
409,-10082.174,-3706.788,-330.564,-95.263,-0.091262,0.992248,-0.084357,-0.990820,-0.081993,0.107482,0.099732,0.093392,0.990622,0,0.52059,0.54782,17.174,0.318,-1,-1,-1,-1,-1,1006.491,-1,684.592,398.075,-1,659.225,624.050,-1,-1,-1,-1,-1,2,2,2,2,2,0,2,0,0,2,0,0,2,2,2,2,2
410,-10082.839,-3724.133,-331.137,-94.906,-0.085117,0.991904,-0.094247,-0.991711,-0.075201,0.104183,0.096252,0.102333,0.990083,0,0.52136,0.54556,17.357,0.357,-1,-1,-1,-1,-1,989.565,1007.532,729.977,386.475,-1,693.219,648.183,982.550,-1,-1,-1,-1,2,2,2,2,2,0,0,0,0,2,0,0,0,2,2,2,2
411,-10083.362,-3741.849,-331.264,-94.519,-0.078443,0.991711,-0.101765,-0.992440,-0.068019,0.102154,0.094386,0.109009,0.989550,0,0.65097,0.53472,17.725,0.386,-1,-1,-1,-1,-1,979.444,995.135,768.527,379.093,-1,718.356,665.915,910.292,-1,-1,-1,-1,2,2,2,2,2,0,0,0,0,2,0,0,0,2,2,2,2
412,-10083.586,-3760.038,-330.745,-94.129,-0.071682,0.991777,-0.106019,-0.992959,-0.060907,0.101603,0.094310,0.112555,0.989160,0,0.65220,0.53180,18.190,0.390,-1,-1,-1,-1,-1,976.843,991.630,795.956,378.202,-1,732.536,676.524,871.201,-1,-1,-1,-1,2,2,2,2,2,0,0,0,0,2,0,0,0,2,2,2,2
413,-10083.527,-3778.592,-329.540,-93.742,-0.064962,0.992139,-0.106955,-0.993349,-0.054083,0.101649,0.095066,0.112847,0.989054,0,0.65345,0.52885,18.554,0.387,-1,-1,-1,638.907,-1,979.505,992.963,809.364,381.678,-1,743.154,687.267,854.937,-1,-1,-1,-1,2,2,2,1,2,0,0,0,0,2,0,0,0,2,2,2,2
414,-10083.138,-3797.310,-327.664,-93.377,-0.058640,0.992714,-0.105259,-0.993688,-0.047944,0.101419,0.095634,0.110542,0.989260,0,0.65468,0.52593,18.722,0.364,-1,-1,-1,614.323,-1,981.647,995.745,814.799,390.004,-1,758.644,705.413,867.890,-1,-1,-1,-1,2,2,2,1,2,0,0,0,0,2,0,0,0,2,2,2,2
415,-10082.562,-3815.878,-324.768,-93.070,-0.053293,0.993707,-0.098521,-0.993617,-0.042946,0.104307,0.099420,0.103451,0.989653,0,0.65582,0.52324,18.577,0.307,-1,-1,-1,591.758,-1,997.786,-1,795.531,407.444,953.282,751.549,707.050,899.544,-1,-1,-1,-1,2,2,2,1,2,0,2,0,0,1,0,0,0,2,2,2,2
416,-10081.610,-3834.459,-320.964,-92.762,-0.047922,0.994969,-0.087979,-0.993179,-0.038091,0.110205,0.106300,0.092661,0.990007,0,0.65672,0.52111,18.606,0.308,-1,-1,-1,-1,-1,-1,-1,764.171,433.156,806.364,725.221,693.726,953.896,-1,-1,-1,-1,2,2,2,2,2,2,2,0,0,1,0,0,0,2,2,2,2
417,-10080.161,-3853.181,-316.845,-92.401,-0.041627,0.996087,-0.077957,-0.992719,-0.032407,0.116015,0.113035,0.082219,0.990183,0,0.65764,0.51895,18.778,0.361,-1,-1,-1,-1,-1,-1,-1,740.968,462.390,810.952,705.758,687.326,1006.932,-1,-1,-1,-1,2,2,2,2,2,2,2,0,0,1,0,0,0,2,2,2,2
418,-10078.264,-3872.121,-312.992,-91.943,-0.033670,0.996802,-0.072478,-0.992466,-0.024800,0.119982,0.117800,0.075972,0.990127,0,0.65878,0.51624,19.034,0.458,-1,-1,-1,-1,-1,-1,-1,736.613,485.960,817.598,702.841,691.027,-1,-1,-1,-1,-1,2,2,2,2,2,2,2,0,0,1,0,0,2,2,2,2,2
419,-10076.173,-3891.266,-309.760,-91.400,-0.024253,0.997069,-0.072559,-0.992520,-0.015328,0.121113,0.119646,0.074954,0.989983,0,0.66034,0.51255,19.260,0.543,-1,-1,-1,-1,-1,-1,-1,757.228,500.391,826.634,718.283,707.694,-1,-1,-1,-1,-1,2,2,2,2,2,2,2,0,0,1,0,0,2,2,2,2,2
420,-10074.115,-3910.637,-307.308,-90.847,-0.014669,0.996994,-0.076075,-0.992747,-0.005442,0.120099,0.119324,0.077285,0.989843,0,0.66226,0.50801,19.480,0.553,-1,-1,-1,-1,-1,-1,-1,793.249,506.989,836.757,744.865,732.282,1002.988,-1,-1,-1,-1,2,2,2,2,2,2,2,0,0,1,0,0,0,2,2,2,2
421,-10072.184,-3930.189,-305.660,-90.313,-0.005433,0.996660,-0.081480,-0.993132,0.004146,0.116930,0.116877,0.081556,0.989792,0,0.66422,0.50339,19.647,0.533,-1,-1,-1,-1,-1,-1,-1,836.530,508.153,847.330,782.055,765.419,970.641,-1,-1,-1,-1,2,2,2,2,2,2,2,0,0,1,0,0,0,2,2,2,2
422,-10070.387,-3949.914,-304.797,-89.809,0.003311,0.996158,-0.087516,-0.993673,0.013102,0.111545,0.112263,0.086593,0.989898,0,0.66608,0.49899,19.806,0.504,-1,-1,-1,-1,-1,-1,-1,870.630,504.648,857.998,833.154,809.241,953.654,-1,-1,-1,-1,2,2,2,2,2,2,2,0,0,1,0,0,0,2,2,2,2
423,-10068.619,-3969.668,-304.663,-89.311,0.011963,0.995527,-0.093718,-0.994427,0.021663,0.103180,0.104749,0.091962,0.990238,0,0.66781,0.49490,19.834,0.498,-1,-1,-1,-1,-1,-1,-1,903.233,498.757,868.975,910.578,879.019,953.811,-1,-1,-1,-1,2,2,2,2,2,2,2,0,0,1,0,0,0,2,2,2,2
424,-10066.435,-3993.364,-305.430,-88.739,0.021915,0.994745,-0.100013,-0.995552,0.030881,0.089004,0.091624,0.097618,0.990997,0,0.66951,0.49087,23.797,0.572,-1,-1,-1,-1,-1,979.899,986.782,938.905,490.341,881.751,-1,-1,992.240,-1,-1,-1,-1,2,2,2,2,2,0,0,0,0,1,2,2,0,2,2,2,2
425,-10064.957,-4009.217,-306.495,-88.405,0.027743,0.994331,-0.102646,-0.996359,0.035788,0.077385,0.080620,0.100125,0.991703,0,0.67144,0.48631,15.921,0.334,-1,-1,-1,-1,-1,935.559,943.607,948.366,483.932,889.149,-1,-1,-1,-1,-1,-1,-1,2,2,2,2,2,0,0,0,0,1,2,2,2,2,2,2,2
426,-10063.127,-4029.174,-308.489,-88.036,0.034194,0.993992,-0.103976,-0.997311,0.040684,0.060949,0.064813,0.101612,0.992711,0,0.67252,0.48375,20.040,0.369,-1,-1,-1,-1,-1,876.664,885.811,948.628,477.236,897.153,-1,-1,-1,-1,-1,-1,-1,2,2,2,2,2,0,0,0,0,1,2,2,2,2,2,2,2
427,-10061.313,-4049.289,-311.208,-87.720,0.039748,0.993864,-0.103217,-0.998119,0.044317,0.042354,0.046668,0.101340,0.993757,0,0.67366,0.48104,20.197,0.317,-1,-1,-1,-1,-1,813.796,825.240,939.488,472.570,903.745,-1,-1,-1,-1,-1,-1,-1,2,2,2,2,2,0,0,0,0,1,2,2,2,2,2,2,2
428,-10059.547,-4069.645,-314.579,-87.462,0.044262,0.993899,-0.101020,-0.998667,0.046709,0.021986,0.026570,0.099912,0.994641,0,0.67458,0.47887,20.433,0.257,-1,947.427,-1,946.746,-1,749.039,763.600,915.494,467.966,908.873,-1,-1,-1,-1,-1,-1,-1,2,0,2,0,2,0,0,0,0,1,2,2,2,2,2,2,2
429,-10057.957,-4090.545,-318.096,-87.291,0.047268,0.993793,-0.100702,-0.998854,0.047787,0.002746,0.007542,0.100457,0.994913,0,0.67524,0.47731,20.961,0.172,-1,857.177,-1,875.674,-1,694.555,709.804,905.679,459.539,912.813,-1,-1,-1,-1,-1,-1,-1,2,0,2,0,2,0,0,0,0,1,2,2,2,2,2,2,2
430,-10056.604,-4116.351,-321.962,-87.185,0.049110,0.993442,-0.103249,-0.998697,0.047405,-0.018908,-0.013890,0.104043,0.994476,0,0.67552,0.47666,25.841,0.106,-1,776.854,-1,801.845,-1,639.765,654.392,914.763,445.520,918.443,-1,-1,-1,-1,-1,-1,-1,2,0,2,0,2,0,0,0,0,1,2,2,2,2,2,2,2
431,-10056.129,-4133.978,-324.071,-87.173,0.049299,0.992994,-0.107392,-0.998427,0.046121,-0.031881,-0.026704,0.108795,0.993705,0,0.67539,0.47695,17.633,0.012,-1,736.599,-1,759.678,-1,609.983,623.723,937.751,433.791,944.618,-1,-1,-1,-1,-1,-1,-1,2,0,2,0,2,0,0,0,0,1,2,2,2,2,2,2,2
432,-10056.002,-4156.562,-326.135,-87.234,0.048218,0.992300,-0.114089,-0.997992,0.043164,-0.046367,-0.041085,0.116095,0.992388,0,0.67504,0.47779,22.585,-0.061,-1,698.645,-1,714.203,-1,579.923,591.707,967.181,419.347,979.822,-1,-1,-1,-1,-1,-1,-1,2,0,2,0,2,0,0,0,0,1,2,2,2,2,2,2,2
433,-10056.087,-4179.604,-327.409,-87.347,0.046226,0.991403,-0.122404,-0.997567,0.039412,-0.057511,-0.052193,0.124765,0.990813,0,0.67425,0.47966,23.042,-0.113,-1,675.684,-1,679.514,-1,559.855,568.383,-1,407.374,-1,-1,-1,-1,-1,-1,-1,-1,2,0,2,0,2,0,0,2,0,2,2,2,2,2,2,2,2
434,-10056.517,-4202.442,-327.444,-87.515,0.043283,0.990282,-0.132170,-0.997283,0.034934,-0.064852,-0.059604,0.134618,0.989103,0,0.67322,0.48209,22.842,-0.168,-1,667.923,-1,656.432,-1,550.152,554.373,-1,397.325,-1,-1,-1,-1,-1,-1,-1,-1,2,0,2,0,2,0,0,2,0,2,2,2,2,2,2,2,2
435,-10057.237,-4225.382,-326.127,-87.640,0.041093,0.989268,-0.140214,-0.996995,0.031375,-0.070829,-0.065670,0.142703,0.987585,0,0.67195,0.48509,22.951,-0.125,-1,666.284,-1,640.870,-1,544.684,545.663,-1,393.518,-1,-1,-1,-1,-1,-1,-1,-1,2,0,2,0,2,0,0,2,0,2,2,2,2,2,2,2,2
436,-10057.710,-4248.521,-323.952,-87.638,0.041113,0.988251,-0.147203,-0.996542,0.029911,-0.077519,-0.072205,0.149881,0.986064,0,0.67085,0.48769,23.143,0.002,-1,664.405,-1,626.771,-1,539.553,537.684,-1,393.455,-1,-1,-1,-1,-1,987.247,-1,-1,2,0,2,0,2,0,0,2,0,2,2,2,2,2,0,2,2
437,-10058.346,-4271.491,-322.080,-87.594,0.041841,0.988070,-0.148211,-0.995644,0.028863,-0.088657,-0.083321,0.151275,0.984974,0,0.44492,0.78162,22.979,0.044,-1,645.111,-1,607.386,131.031,525.762,523.110,-1,400.599,-1,-1,-1,-1,-1,936.846,-1,111.649,2,0,2,0,1,0,0,2,0,2,2,2,2,2,0,2,1
438,-10058.903,-4294.253,-320.902,-87.563,0.042319,0.988419,-0.145730,-0.994270,0.027333,-0.103343,-0.098162,0.149268,0.983912,0,0.44466,0.78254,22.769,0.031,-1,614.306,-1,582.948,102.356,505.146,502.935,-1,409.885,-1,-1,-1,-1,-1,882.461,-1,88.663,2,0,2,0,1,0,0,2,0,2,2,2,2,2,0,2,1
439,-10059.131,-4316.927,-320.672,-87.511,0.043145,0.988803,-0.142856,-0.992461,0.026001,-0.119769,-0.114714,0.146947,0.982470,0,0.44437,0.78358,22.675,0.052,-1,580.308,-1,555.082,73.379,481.168,479.592,-1,417.479,-1,-1,-1,-1,-1,823.403,-1,65.698,2,0,2,0,1,0,0,2,0,2,2,2,2,2,0,2,1
440,-10057.923,-4333.734,-320.657,-88.092,0.032946,0.989192,-0.142876,-0.988828,0.011468,-0.148618,-0.145373,0.146177,0.978519,0,0.44414,0.78439,16.851,-0.581,-1,525.145,-1,508.539,56.074,441.719,440.822,-1,417.834,-1,-1,-1,-1,871.474,728.891,-1,51.707,2,0,2,0,1,0,0,2,0,2,2,2,2,0,0,2,1
441,-10053.015,-4342.225,-319.640,-89.493,0.008680,0.987786,-0.155575,-0.981453,-0.021380,-0.190508,-0.191507,0.154343,0.969280,0,0.44226,0.79110,9.807,-1.402,-1,460.750,-1,446.662,56.053,392.143,391.090,-1,402.364,-1,-1,-1,-1,700.455,615.628,-1,51.198,2,0,2,0,1,0,0,2,0,2,2,2,2,0,0,2,1
442,-10046.250,-4349.656,-317.333,-90.900,-0.015301,0.985140,-0.171070,-0.973798,-0.053507,-0.221029,-0.226898,0.163206,0.960146,0,0.43827,0.80532,10.049,-1.407,-1,422.484,991.056,406.182,58.109,360.498,357.856,-1,389.036,-1,-1,-1,-1,616.812,547.091,975.224,52.566,2,0,0,0,1,0,0,2,0,2,2,2,2,0,0,0,1
443,-10038.958,-4356.917,-313.766,-92.393,-0.040451,0.982433,-0.182178,-0.967825,-0.083843,-0.237244,-0.248351,0.166720,0.954215,0,0.43431,0.81942,10.290,-1.493,-1,405.273,868.612,387.943,60.383,346.781,343.414,-1,387.067,-1,-1,-1,-1,579.621,515.991,829.167,54.107,2,0,0,0,1,0,0,2,0,2,2,2,2,0,0,0,1
444,-10031.577,-4364.271,-309.430,-93.837,-0.064651,0.979905,-0.188698,-0.964048,-0.110171,-0.241815,-0.257744,0.166280,0.951798,0,0.43012,0.83434,10.419,-1.443,-1,403.942,842.940,386.443,61.439,346.243,342.725,-1,393.377,-1,-1,-1,-1,573.745,511.050,802.651,54.585,2,0,0,0,1,0,0,2,0,2,2,2,2,0,0,0,1
445,-10024.071,-4371.626,-305.001,-95.087,-0.085633,0.977935,-0.190552,-0.961999,-0.130927,-0.239615,-0.259276,0.162792,0.951985,0,0.42607,0.84876,10.509,-1.250,-1,411.139,860.994,394.564,60.650,352.904,349.766,-1,405.241,-1,-1,-1,-1,584.208,520.813,819.457,53.514,2,0,0,0,1,0,0,2,0,2,2,2,2,0,0,0,1
446,-10016.797,-4378.894,-301.186,-96.290,-0.105881,0.976582,-0.187291,-0.960643,-0.149102,-0.234379,-0.256815,0.155103,0.953933,0,0.42257,0.86124,10.283,-1.203,-1,420.637,899.465,407.766,59.068,362.076,360.337,-1,422.014,-1,-1,-1,-1,598.591,539.401,847.848,51.798,2,0,0,0,1,0,0,2,0,2,2,2,2,0,0,0,1
447,-10009.817,-4385.881,-298.396,-97.574,-0.127512,0.975206,-0.180871,-0.958989,-0.167764,-0.228462,-0.253141,0.144322,0.956604,0,0.41920,0.87326,9.876,-1.284,-1,428.909,948.093,422.100,58.074,370.253,371.344,-1,441.162,-1,-1,-1,-1,611.071,560.674,871.670,50.597,2,0,0,0,1,0,0,2,0,2,2,2,2,0,0,0,1
448,-10002.962,-4392.629,-296.845,-98.902,-0.149849,0.973353,-0.173578,-0.956746,-0.187031,-0.222836,-0.249363,0.132679,0.959278,0,0.41560,0.88609,9.619,-1.328,-1,434.824,997.081,434.550,57.724,376.822,380.796,-1,460.198,-1,-1,-1,-1,619.802,580.746,885.345,49.950,2,0,0,0,1,0,0,2,0,2,2,2,2,0,0,0,1
449,-9996.144,-4398.954,-296.412,-100.268,-0.172795,0.970744,-0.166730,-0.953865,-0.207122,-0.217353,-0.245528,0.121480,0.961748,0,0.41188,0.89935,9.300,-1.366,-1,439.034,-1,444.843,58.388,382.014,388.371,-1,476.246,-1,-1,-1,-1,626.098,598.902,893.419,50.157,2,0,2,0,1,0,0,2,0,2,2,2,2,0,0,0,1
450,-9989.271,-4404.954,-296.562,-101.570,-0.194803,0.966974,-0.164355,-0.951557,-0.226955,-0.207439,-0.237889,0.115984,0.964343,0,0.40805,0.91298,9.124,-1.302,-1,449.264,-1,456.817,59.476,390.979,398.331,-1,482.186,-1,-1,-1,-1,645.348,621.580,957.854,50.718,2,0,2,0,1,0,0,2,0,2,2,2,2,0,0,0,1
451,-9982.220,-4410.864,-297.169,-102.805,-0.215936,0.961864,-0.167896,-0.950098,-0.246635,-0.191009,-0.225133,0.118272,0.967123,0,0.40442,0.92594,9.200,-1.235,-1,468.994,-1,471.607,60.768,405.901,412.006,-1,474.551,-1,-1,-1,-1,684.562,650.419,-1,51.440,2,0,2,0,1,0,0,2,0,2,2,2,2,0,0,2,1
452,-9975.031,-4416.906,-298.377,-104.015,-0.236894,0.955433,-0.176150,-0.949099,-0.266328,-0.168166,-0.207585,0.127346,0.969893,0,0.40097,0.93821,9.391,-1.210,-1,498.990,-1,489.486,62.161,426.885,429.508,-1,455.468,-1,-1,-1,-1,750.561,686.979,-1,52.230,2,0,2,0,1,0,0,2,0,2,2,2,2,0,0,2,1
453,-9967.925,-4423.136,-300.450,-105.189,-0.257405,0.948227,-0.186032,-0.948108,-0.285018,-0.140910,-0.186638,0.140107,0.972387,0,0.39760,0.95023,9.450,-1.175,-1,538.751,-1,509.779,63.250,452.459,450.118,994.669,432.032,-1,-1,-1,-1,850.952,733.153,-1,52.763,2,0,2,0,1,0,0,1,0,2,2,2,2,0,0,2,1
454,-9961.151,-4429.308,-303.604,-106.194,-0.275089,0.941602,-0.194194,-0.947212,-0.300033,-0.113003,-0.164668,0.152857,0.974433,0,0.39432,0.96191,9.164,-1.005,-1,580.121,-1,530.532,63.080,478.063,471.270,913.040,408.734,-1,-1,-1,-1,986.855,787.793,-1,52.312,2,0,2,0,1,0,0,1,0,2,2,2,2,0,0,2,1
455,-9956.089,-4435.023,-307.895,-106.873,-0.287261,0.938217,-0.192950,-0.947066,-0.308350,-0.089369,-0.143344,0.157064,0.977130,0,0.39151,0.97192,7.635,-0.679,-1,616.162,-1,552.969,60.370,500.726,491.622,853.855,395.522,-1,-1,-1,-1,-1,858.563,-1,49.900,2,0,2,0,1,0,0,1,0,2,2,2,2,2,0,2,1
456,-9954.175,-4439.614,-312.570,-106.946,-0.289094,0.941532,-0.173039,-0.948795,-0.305848,-0.079027,-0.127330,0.141333,0.981739,0,0.38960,0.97874,4.974,-0.072,-1,628.101,-1,578.237,53.459,512.400,506.725,766.785,409.130,-1,-1,-1,-1,-1,955.433,-1,44.234,2,0,2,0,1,0,0,1,0,2,2,2,2,2,0,2,1
457,-9952.692,-4443.889,-317.241,-106.971,-0.289833,0.945828,-0.146307,-0.949730,-0.303133,-0.078250,-0.118362,0.116272,0.986140,0,0.38935,0.97962,4.525,-0.025,-1,618.038,-1,598.502,-1,512.688,513.740,764.068,435.511,-1,-1,-1,-1,-1,-1,-1,-1,2,0,2,0,2,0,0,1,0,2,2,2,2,2,2,2,2
458,-9951.289,-4447.945,-321.811,-106.999,-0.290318,0.949701,-0.117406,-0.949648,-0.301039,-0.086853,-0.117828,0.086279,0.989279,0,0.38924,0.98004,4.292,-0.028,-1,587.654,-1,607.092,-1,500.000,509.786,763.169,471.765,-1,-1,-1,-1,-1,-1,-1,-1,2,0,2,0,2,0,0,1,0,2,2,2,2,2,2,2,2
459,-9949.740,-4451.806,-325.957,-106.957,-0.289242,0.952522,-0.095087,-0.948620,-0.298528,-0.104888,-0.128294,0.059864,0.989928,0,0.38911,0.98047,4.160,0.042,-1,542.173,-1,593.192,-1,472.739,490.551,766.770,508.280,-1,-1,-1,-1,917.968,-1,-1,-1,2,0,2,0,2,0,0,1,0,2,2,2,2,0,2,2,2
460,-9948.133,-4455.865,-329.596,-106.800,-0.285995,0.954500,-0.084478,-0.947235,-0.294930,-0.125544,-0.144747,0.044116,0.988485,0,0.38919,0.98019,4.366,0.156,-1,496.423,-1,562.920,-1,440.499,463.146,769.721,529.496,-1,-1,-1,-1,789.171,966.038,-1,-1,2,0,2,0,2,0,0,0,0,2,2,2,2,0,0,2,2
461,-9947.130,-4460.674,-332.330,-106.565,-0.281491,0.955570,-0.087459,-0.946351,-0.291533,-0.139389,-0.158693,0.043530,0.986368,0,0.38959,0.97877,4.912,0.235,-1,466.150,-1,532.625,-1,416.154,439.386,755.662,523.703,-1,-1,-1,-1,720.479,862.433,-1,46.079,2,0,2,0,2,0,0,0,0,2,2,2,2,0,0,2,1
462,-9947.223,-4466.458,-334.242,-106.268,-0.276159,0.955873,-0.100212,-0.946374,-0.288631,-0.145150,-0.167669,0.054753,0.984322,0,0.52550,0.63114,5.785,0.297,-1,452.478,-1,507.640,36.711,401.918,422.335,766.839,497.961,-1,-1,-1,-1,692.815,787.468,-1,44.978,2,0,2,0,1,0,0,1,0,2,2,2,2,0,0,2,1
463,-9948.593,-4473.103,-335.502,-106.006,-0.271603,0.955180,-0.117744,-0.946803,-0.287134,-0.145318,-0.172613,0.072011,0.982354,0,0.52649,0.62852,6.784,0.261,-1,450.051,-1,488.773,33.948,395.231,411.095,756.313,467.461,-1,-1,-1,-1,690.547,739.454,-1,41.655,2,0,2,0,1,0,0,1,0,2,2,2,2,0,0,2,1
464,-9949.787,-4476.107,-335.586,-106.287,-0.275687,0.951442,-0.136951,-0.943575,-0.295052,-0.150368,-0.183474,0.087769,0.979099,0,0.52729,0.62639,3.234,-0.281,-1,441.924,-1,466.673,31.392,385.190,396.941,749.127,440.580,-1,-1,-1,-1,672.229,687.357,-1,38.429,2,0,2,0,1,0,0,1,0,2,2,2,2,0,0,2,1
465,-5329.130,1672.941,-22.127,-57.123,0.542827,0.832321,-0.112163,-0.839806,0.536659,-0.081997,-0.008054,0.138706,0.990301,1,0.52614,0.62945,0.000,0.000,-1,474.577,-1,556.865,-1,400.256,427.446,636.302,486.499,-1,964.396,807.021,-1,946.350,914.841,-1,-1,2,0,2,0,2,0,0,0,0,2,0,0,2,0,0,2,2
466,-5330.413,1672.965,-17.382,-56.977,0.544894,0.831546,-0.107806,-0.838342,0.537728,-0.089623,-0.016555,0.139214,0.990124,0,0.69798,0.60567,1.283,0.145,-1,469.408,-1,550.197,-1,397.342,424.014,647.565,495.733,-1,-1,881.114,-1,921.002,899.064,-1,-1,2,0,2,0,2,0,0,0,0,2,2,0,2,0,0,2,2
467,-5331.077,1672.047,-12.247,-56.858,0.546622,0.830603,-0.106317,-0.837169,0.539213,-0.091640,-0.018789,0.139098,0.990100,0,0.69864,0.60423,1.133,0.120,-1,479.725,-1,558.897,-1,405.623,431.842,658.534,507.042,-1,-1,917.886,-1,931.109,906.338,-1,-1,2,0,2,0,2,0,0,0,0,2,2,0,2,0,0,2,2
468,-5331.246,1670.412,-7.609,-56.797,0.547532,0.829864,-0.107401,-0.836605,0.540222,-0.090841,-0.017365,0.139590,0.990057,0,0.69916,0.60309,1.644,0.061,-1,497.913,-1,574.152,-1,419.180,444.685,669.254,516.448,-1,-1,933.683,-1,960.505,923.501,-1,-1,2,0,2,0,2,0,0,0,0,2,2,0,2,0,0,2,2
469,-5331.141,1668.280,-3.953,-56.818,0.547247,0.829762,-0.109616,-0.836854,0.540264,-0.088267,-0.014020,0.140037,0.990047,0,0.69940,0.60256,2.135,-0.021,-1,517.599,-1,591.783,-1,434.390,459.143,677.500,523.894,-1,-1,932.441,-1,997.189,944.666,-1,-1,2,0,2,0,2,0,0,0,0,2,2,0,2,0,0,2,2
470,-5330.798,1665.732,-1.499,-56.865,0.546594,0.829817,-0.112422,-0.837347,0.540131,-0.084312,-0.009241,0.140221,0.990077,0,0.69926,0.60288,2.571,-0.047,-1,537.561,-1,610.138,-1,449.780,474.427,682.710,529.122,-1,-1,916.705,-1,-1,967.984,-1,-1,2,0,2,0,2,0,0,0,0,2,2,0,2,2,0,2,2
471,-5330.178,1662.949,-0.275,-56.882,0.546362,0.829513,-0.115741,-0.837541,0.540525,-0.079734,-0.003580,0.140502,0.990074,0,0.69899,0.60347,2.850,-0.017,-1,556.339,-1,628.615,-1,463.890,488.631,685.695,531.362,-1,-1,893.001,-1,-1,993.535,-1,-1,2,0,2,0,2,0,0,0,0,2,2,0,2,2,0,2,2
472,-5329.273,1659.976,-0.207,-56.878,0.546422,0.829005,-0.119053,-0.837507,0.541288,-0.074763,0.002463,0.140560,0.990069,0,0.69885,0.60378,3.108,0.004,-1,573.907,-1,645.376,-1,475.972,500.664,685.951,531.299,-1,1006.138,864.230,-1,-1,-1,-1,-1,2,0,2,0,2,0,0,0,0,2,0,0,2,2,2,2,2
473,-5328.041,1656.848,-1.168,-56.844,0.546908,0.828317,-0.121585,-0.837152,0.542517,-0.069656,0.008264,0.139881,0.990134,0,0.69880,0.60388,3.362,0.034,-1,586.007,-1,659.162,-1,484.900,509.637,682.732,530.397,-1,970.430,827.860,-1,-1,-1,-1,-1,2,0,2,0,2,0,0,0,0,2,0,0,2,2,2,2,2
474,-5326.526,1653.609,-3.033,-56.780,0.547805,0.827650,-0.122086,-0.836506,0.544131,-0.064647,0.012926,0.137540,0.990412,0,0.69889,0.60369,3.576,0.063,-1,590.704,-1,665.557,-1,488.922,514.470,674.623,530.033,-1,936.152,800.013,-1,-1,-1,-1,-1,2,0,2,0,2,0,0,0,0,2,0,0,2,2,2,2,2
475,-5324.671,1650.322,-5.674,-56.671,0.549377,0.826927,-0.119902,-0.835425,0.546311,-0.060085,0.015818,0.133178,0.990966,0,0.69911,0.60320,3.775,0.109,-1,585.978,-1,667.399,-1,486.689,513.985,661.366,530.990,-1,908.665,776.136,-1,-1,-1,-1,-1,2,0,2,0,2,0,0,0,0,2,0,0,2,2,2,2,2
476,-5322.112,1647.243,-8.761,-56.508,0.551742,0.825663,-0.117736,-0.833830,0.549066,-0.057039,0.017550,0.129643,0.991405,0,0.66698,1.00000,4.004,0.163,-1,576.648,-1,664.551,-1,480.393,509.241,648.509,529.423,-1,886.218,752.767,-1,-1,-1,-1,-1,2,0,2,0,2,0,0,0,0,2,0,0,2,2,2,2,2
477,-5318.815,1644.238,-11.854,-56.251,0.555445,0.823270,-0.117078,-0.831322,0.553078,-0.054845,0.019601,0.127793,0.991607,0,0.66764,1.00000,4.461,0.256,-1,568.548,-1,660.503,-1,473.989,503.777,638.548,524.941,-1,862.399,727.655,-1,-1,-1,-1,-1,2,0,2,0,2,0,0,0,0,2,0,0,2,2,2,2,2
478,-5315.052,1641.005,-14.564,-55.984,0.559283,0.820720,-0.116711,-0.828679,0.557289,-0.052162,0.022231,0.125889,0.991795,0,0.66870,1.00000,4.961,0.267,-1,562.963,-1,658.497,-1,469.479,500.176,629.098,521.169,-1,838.277,702.514,-1,-1,-1,-1,-1,2,0,2,0,2,0,0,0,0,2,0,0,2,2,2,2,2
479,-5310.928,1637.469,-16.590,-55.699,0.563364,0.817978,-0.116332,-0.825815,0.561834,-0.048709,0.025516,0.123510,0.992015,0,0.66980,1.00000,5.432,0.286,-1,560.718,-1,660.107,-1,467.736,499.444,620.175,519.023,-1,811.605,678.844,-1,-1,-1,-1,-1,2,0,2,0,2,0,0,0,0,2,0,0,2,2,2,2,2
480,-5306.417,1633.583,-17.774,-55.390,0.567732,0.814956,-0.116306,-0.822676,0.566774,-0.044394,0.029740,0.120886,0.992221,0,0.67098,1.00000,5.954,0.308,-1,563.304,-1,666.995,-1,469.824,502.807,612.505,518.929,-1,782.872,656.148,-1,-1,-1,-1,-1,2,0,2,0,2,0,0,0,0,2,0,0,2,2,2,2,2
481,-5301.518,1629.303,-18.075,-55.051,0.572495,0.811558,-0.116712,-0.819158,0.572235,-0.039087,0.035065,0.117983,0.992396,0,0.67226,1.00000,6.506,0.339,-1,571.334,-1,678.279,-1,476.401,511.081,606.162,521.035,-1,757.473,628.263,-1,-1,-1,-1,-1,2,0,2,0,2,0,0,0,0,2,0,0,2,2,2,2,2
482,-5296.213,1624.617,-17.570,-54.683,0.577596,0.807789,-0.117729,-0.815264,0.578158,-0.032818,0.041556,0.114936,0.992503,0,0.67366,1.00000,7.078,0.368,-1,585.211,-1,694.796,-1,487.519,523.899,601.192,525.051,-1,723.114,600.696,-1,-1,-1,-1,-1,2,0,2,0,2,0,0,0,0,2,0,0,2,2,2,2,2
483,-5290.503,1619.612,-16.386,-54.291,0.582977,0.803570,-0.120053,-0.811020,0.584416,-0.026541,0.048834,0.112838,0.992413,0,0.67517,0.99758,7.592,0.393,-1,605.300,-1,715.540,-1,503.598,540.124,599.008,530.297,-1,690.680,577.298,-1,-1,-1,-1,-1,2,0,2,0,2,0,0,0,0,2,0,0,2,2,2,2,2
484,-5284.578,1614.234,-14.672,-53.874,0.588627,0.799022,-0.122811,-0.806438,0.590969,-0.020310,0.056350,0.110994,0.992222,0,0.67679,0.99386,8.002,0.417,-1,627.370,-1,741.199,-1,522.580,558.884,598.289,536.281,-1,662.400,548.626,-1,-1,-1,-1,-1,2,0,2,0,2,0,0,0,0,2,0,0,2,2,2,2,2
485,-5278.460,1608.586,-12.556,-53.466,0.594120,0.794659,-0.124653,-0.801903,0.597281,-0.014374,0.063031,0.108500,0.992096,0,0.67851,0.98991,8.326,0.408,-1,649.313,-1,762.350,-1,540.112,577.924,597.131,544.094,-1,642.479,530.395,-1,-1,-1,-1,-1,2,0,2,0,2,0,0,0,0,2,0,0,2,2,2,2,2
486,-5271.978,1602.923,-10.263,-53.010,0.600265,0.789857,-0.125725,-0.796868,0.604079,-0.009512,0.068435,0.105896,0.992019,0,0.68018,0.98606,8.607,0.456,-1,667.671,-1,781.049,-1,555.027,594.254,596.048,552.382,-1,630.629,522.198,-1,-1,-1,-1,-1,2,0,2,0,2,0,0,0,0,2,0,0,2,2,2,2,2
487,-5265.092,1597.112,-8.084,-52.533,0.606662,0.784826,-0.126528,-0.791572,0.611054,-0.005101,0.073312,0.103251,0.991950,0,0.68207,0.98173,9.011,0.477,-1,682.077,-1,797.529,-1,568.363,608.531,594.508,560.487,-1,618.418,516.878,-1,-1,-1,-1,-1,2,0,2,0,2,0,0,0,0,2,0,0,2,2,2,2,2
488,-5257.816,1591.201,-6.134,-52.060,0.612972,0.779748,-0.127509,-0.786261,0.617893,-0.001218,0.077837,0.101002,0.991837,0,0.68404,0.97720,9.374,0.474,-1,694.952,-1,811.198,-1,580.301,620.800,592.889,567.179,-1,605.377,512.622,-1,-1,-1,-1,-1,2,0,2,0,2,0,0,0,0,2,0,0,2,2,2,2,2
489,-5250.115,1585.116,-4.533,-51.569,0.619429,0.774275,-0.129638,-0.780670,0.624939,0.002358,0.082841,0.099744,0.991559,0,0.68599,0.97271,9.815,0.490,-1,710.714,-1,825.359,-1,592.929,633.006,592.023,572.009,-1,592.408,504.457,-1,-1,-1,-1,-1,2,0,2,0,2,0,0,0,0,2,0,0,2,2,2,2,2
490,-5241.987,1578.774,-3.451,-51.044,0.626253,0.768208,-0.132902,-0.774569,0.632462,0.005919,0.088602,0.099235,0.991112,0,0.68802,0.96804,10.310,0.526,-1,727.706,-1,840.210,-1,606.043,645.354,591.323,574.237,-1,576.106,490.769,-1,-1,-1,-1,-1,2,0,2,0,2,0,0,0,0,2,0,0,2,2,2,2,2
491,-5233.459,1572.195,-2.913,-50.488,0.633392,0.761666,-0.136671,-0.768052,0.640324,0.009041,0.094400,0.099244,0.990575,0,0.69020,0.96304,10.770,0.555,-1,741.917,-1,853.192,-1,617.686,655.279,590.319,574.390,-1,549.796,469.906,-1,-1,-1,-1,-1,2,0,2,0,2,0,0,0,0,2,0,0,2,2,2,2,2
492,-5224.547,1565.420,-2.814,-49.921,0.640647,0.754823,-0.140759,-0.761363,0.648233,0.010914,0.099483,0.100176,0.989984,0,0.69250,0.95775,11.195,0.567,-1,753.416,-1,859.902,-1,625.275,661.617,589.703,571.994,-1,526.193,451.832,-1,-1,-1,-1,-1,2,0,2,0,2,0,0,0,0,2,0,0,2,2,2,2,2
493,-5215.299,1558.470,-3.033,-49.325,0.648273,0.747491,-0.144914,-0.754360,0.656368,0.011030,0.103362,0.102167,0.989383,0,0.69485,0.95234,11.569,0.596,-1,761.592,-1,859.023,-1,628.338,663.805,590.009,568.766,-1,509.376,442.965,-1,-1,-1,-1,-1,2,0,2,0,2,0,0,0,0,2,0,0,2,2,2,2,2
494,-5205.832,1551.354,-3.355,-48.715,0.656133,0.739878,-0.148558,-0.747247,0.664485,0.009049,0.105409,0.105072,0.988862,0,0.69732,0.94666,11.844,0.611,-1,764.918,-1,851.726,-1,626.624,660.448,591.406,564.148,-1,502.833,440.139,-1,-1,-1,-1,-1,2,0,2,0,2,0,0,0,0,2,0,0,2,2,2,2,2
495,-5196.088,1544.123,-3.640,-48.086,0.664241,0.731881,-0.152100,-0.739950,0.672641,0.005178,0.106099,0.109107,0.988351,0,0.69985,0.94083,12.134,0.628,-1,764.309,-1,839.363,-1,621.938,653.055,594.591,557.768,-1,503.628,440.646,-1,-1,-1,-1,-1,2,0,2,0,2,0,0,0,0,2,0,0,2,2,2,2,2
496,-5186.032,1536.716,-3.936,-47.428,0.672686,0.723350,-0.155753,-0.732255,0.681030,0.000288,0.106280,0.113857,0.987796,0,0.70246,0.93484,12.490,0.658,-1,761.790,-1,824.430,-1,615.760,643.856,599.003,549.019,-1,507.197,443.468,-1,-1,-1,-1,-1,2,0,2,0,2,0,0,0,0,2,0,0,2,2,2,2,2
497,-5175.718,1529.198,-4.133,-46.750,0.681340,0.714569,-0.158641,-0.724286,0.689481,-0.005064,0.105761,0.118352,0.987323,0,0.70520,0.92855,12.763,0.678,-1,756.739,-1,808.082,-1,607.852,633.068,603.256,541.912,-1,514.656,450.443,-1,-1,-1,-1,-1,2,0,2,0,2,0,0,0,0,2,0,0,2,2,2,2,2
498,-5165.062,1521.602,-4.151,-46.062,0.690038,0.705602,-0.161162,-0.716093,0.697927,-0.010381,0.105155,0.122571,0.986873,0,0.70802,0.92206,13.087,0.688,-1,751.560,-1,792.329,-1,600.133,622.593,607.419,536.009,-1,523.636,459.254,-1,-1,-1,-1,-1,2,0,2,0,2,0,0,0,0,2,0,0,2,2,2,2,2
499,-5154.025,1514.006,-3.928,-45.352,0.698881,0.696220,-0.163841,-0.707518,0.706521,-0.015728,0.104807,0.126913,0.986361,0,0.71088,0.91548,13.397,0.710,-1,747.985,-1,777.467,-1,593.627,613.052,612.212,529.934,-1,532.982,468.552,-1,-1,-1,-1,-1,2,0,2,0,2,0,0,0,0,2,0,0,2,2,2,2,2
