timestep,x_cm,y_cm,z_cm,yaw_deg,basis_xx,basis_xy,basis_xz,basis_yx,basis_yy,basis_yz,basis_zx,basis_zy,basis_zz,teleport_flag,throttle_cmd,steering_cmd,cmd_move_cm,cmd_turn_deg,lidar_cm_0,lidar_cm_1,lidar_cm_2,lidar_cm_3,lidar_cm_4,lidar_cm_5,lidar_cm_6,lidar_cm_7,lidar_cm_8,lidar_cm_9,lidar_cm_10,lidar_cm_11,lidar_cm_12,lidar_cm_13,lidar_cm_14,lidar_cm_15,lidar_cm_16,lidar_class_0,lidar_class_1,lidar_class_2,lidar_class_3,lidar_class_4,lidar_class_5,lidar_class_6,lidar_class_7,lidar_class_8,lidar_class_9,lidar_class_10,lidar_class_11,lidar_class_12,lidar_class_13,lidar_class_14,lidar_class_15,lidar_class_16
0,-4897.741,-134.790,-30.425,86.316,0.064259,-0.997868,-0.011411,0.997929,0.064287,-0.002138,0.002867,-0.011250,0.999933,0,0.75290,-0.10473,0.506,0.007,-1,641.433,-1,616.648,-1,502.801,497.928,570.270,612.196,-1,-1,-1,-1,-1,-1,-1,-1,2,0,2,0,2,0,0,0,0,2,2,2,2,2,2,2,2
1,-4897.517,-133.667,-30.314,86.346,0.063728,-0.997920,-0.009757,0.997950,0.063781,-0.005280,0.005891,-0.009401,0.999938,0,0.75288,-0.10478,1.145,0.030,-1,652.667,-1,623.212,-1,509.223,503.507,575.036,608.665,-1,-1,-1,-1,-1,-1,-1,-1,2,0,2,0,2,0,0,0,0,2,2,2,2,2,2,2,2
2,-4897.281,-131.806,-31.182,86.355,0.063566,-0.997930,-0.009722,0.997930,0.063655,-0.009133,0.009733,-0.009121,0.999911,0,0.75276,-0.10509,1.876,0.009,-1,661.878,-1,630.374,-1,514.621,508.709,573.605,606.102,-1,-1,-1,-1,-1,-1,-1,-1,2,0,2,0,2,0,0,0,0,2,2,2,2,2,2,2,2
3,-4897.104,-129.202,-32.703,86.356,0.063558,-0.997918,-0.010925,0.997900,0.063687,-0.011830,0.012501,-0.010150,0.999870,0,0.75270,-0.10522,2.610,0.000,-1,664.521,-1,633.961,-1,516.145,510.554,567.275,604.682,-1,-1,-1,-1,-1,-1,-1,-1,2,0,2,0,2,0,0,0,0,2,2,2,2,2,2,2,2
4,-4897.027,-125.932,-34.604,86.357,0.063535,-0.997895,-0.012992,0.997902,0.063687,-0.011659,0.012462,-0.012224,0.999848,0,0.75267,-0.10531,3.271,0.001,-1,656.278,-1,629.859,-1,511.045,506.229,557.290,604.361,-1,-1,-1,-1,-1,-1,-1,-1,2,0,2,0,2,0,0,0,0,2,2,2,2,2,2,2,2
5,-4897.080,-121.958,-36.491,86.383,0.063076,-0.997897,-0.014905,0.997956,0.063218,-0.009310,0.010233,-0.014287,0.999846,0,0.75262,-0.10545,3.975,0.026,13.314,641.668,-1,619.997,-1,501.809,497.782,547.230,603.875,-1,-1,-1,-1,-1,-1,26.655,-1,1,0,2,0,2,0,0,0,0,2,2,2,2,2,2,1,2
6,-4897.232,-117.072,-37.923,86.451,0.061899,-0.997949,-0.016326,0.998050,0.062021,-0.007065,0.008063,-0.015857,0.999842,0,0.75244,-0.10589,4.888,0.068,13.335,629.629,-1,611.356,15.024,494.055,490.587,539.603,603.758,-1,-1,-1,-1,-1,-1,35.280,23.320,1,0,2,0,1,0,0,0,0,2,2,2,2,2,2,1,1
7,-4897.393,-111.197,-38.698,86.542,0.060311,-0.998034,-0.017045,0.998154,0.060423,-0.006118,0.007136,-0.016644,0.999836,0,0.75207,-0.10681,5.877,0.091,13.353,624.408,-1,607.344,14.969,490.511,487.256,535.661,604.065,-1,-1,-1,-1,-1,-1,39.293,23.413,1,0,2,0,1,0,0,0,0,2,2,2,2,2,2,1,1
8,-4897.519,-104.339,-38.793,86.643,0.058561,-0.998139,-0.017006,0.998255,0.058680,-0.006584,0.007570,-0.016591,0.999834,0,0.75160,-0.10801,6.859,0.100,13.376,626.303,-1,608.222,14.912,491.391,487.993,535.552,604.715,-1,-1,-1,-1,-1,-1,39.805,23.519,1,0,2,0,1,0,0,0,0,2,2,2,2,2,2,1,1
9,-4897.598,-96.548,-38.327,86.750,0.056683,-0.998255,-0.016558,0.998354,0.056817,-0.007768,0.008695,-0.016090,0.999833,0,0.75107,-0.10934,7.792,0.108,13.398,632.616,-1,612.371,14.857,495.070,491.331,538.039,606.217,-1,-1,-1,-1,-1,-1,37.485,23.630,1,0,2,0,1,0,0,0,0,2,2,2,2,2,2,1,1
10,-4897.650,-88.134,-37.502,86.863,0.054729,-0.998374,-0.015969,0.998459,0.054866,-0.008316,0.009179,-0.015489,0.999838,0,0.38820,-0.25605,8.413,0.112,13.428,638.412,-1,616.137,14.790,498.459,494.341,541.683,608.545,-1,-1,-1,-1,-1,-1,34.617,23.771,1,0,2,0,1,0,0,0,0,2,2,2,2,2,2,1,1
11,-4897.679,-79.517,-36.472,86.973,0.052809,-0.998487,-0.015332,0.998571,0.052928,-0.007459,0.008259,-0.014916,0.999855,0,0.38789,-0.25756,8.617,0.110,13.448,640.711,-1,616.783,14.749,499.670,495.220,545.701,611.340,-1,-1,-1,-1,-1,-1,32.101,23.866,1,0,2,0,1,0,0,0,0,2,2,2,2,2,2,1,1
12,-4897.690,-70.626,-35.481,87.080,0.050943,-0.998595,-0.014608,0.998679,0.051035,-0.005982,0.006719,-0.014284,0.999875,0,0.38759,-0.25905,8.891,0.107,13.469,641.111,-1,615.596,14.708,499.610,494.838,549.633,613.804,-1,-1,-1,-1,-1,-1,29.242,23.966,1,0,2,0,1,0,0,0,0,2,2,2,2,2,2,1,1
13,-4897.692,-61.391,-34.756,87.184,0.049125,-0.998695,-0.013999,0.998778,0.049195,-0.004675,0.005358,-0.013752,0.999891,0,0.38728,-0.26053,9.235,0.104,13.499,641.089,-1,614.172,14.652,499.277,494.168,552.615,615.768,-1,-1,-1,-1,-1,-1,27.145,24.107,1,0,2,0,1,0,0,0,0,2,2,2,2,2,2,1,1
14,-4897.684,-51.787,-34.386,87.285,0.047359,-0.998784,-0.013675,0.998867,0.047419,-0.004052,0.004695,-0.013467,0.999898,0,0.38698,-0.26199,9.604,0.101,13.536,641.760,-1,613.749,14.590,499.383,493.999,554.150,616.649,-1,-1,-1,-1,-1,-1,26.270,24.280,1,0,2,0,1,0,0,0,0,2,2,2,2,2,2,1,1
15,-4897.667,-41.830,-34.354,87.382,0.045672,-0.998863,-0.013704,0.998945,0.045732,-0.004126,0.004748,-0.013501,0.999898,0,0.38669,-0.26344,9.957,0.097,13.573,643.281,-1,614.469,14.530,499.970,494.410,554.128,616.887,-1,-1,-1,-1,-1,-1,26.552,24.461,1,0,2,0,1,0,0,0,0,2,2,2,2,2,2,1,1
16,-4897.648,-31.564,-34.557,87.475,0.044061,-0.998931,-0.013989,0.999016,0.044128,-0.004537,0.005150,-0.013775,0.999892,0,0.38640,-0.26486,10.265,0.092,13.610,644.957,-1,615.609,14.472,500.648,494.951,552.963,617.040,-1,-1,-1,-1,-1,-1,27.799,24.652,1,0,2,0,1,0,0,0,0,2,2,2,2,2,2,1,1
17,-4897.628,-21.005,-34.894,87.559,0.042589,-0.998989,-0.014401,0.999076,0.042667,-0.005152,0.005761,-0.014168,0.999883,0,0.38611,-0.26625,10.560,0.084,13.647,646.731,-1,617.128,14.416,501.669,495.691,551.190,617.108,-1,-1,-1,-1,-1,-1,29.410,24.850,1,0,2,0,1,0,0,0,0,2,2,2,2,2,2,1,1
18,-4897.591,-10.187,-35.246,87.634,0.041276,-0.999035,-0.015036,0.999128,0.041366,-0.005735,0.006351,-0.014786,0.999870,0,0.38584,-0.26758,10.818,0.075,13.686,648.194,-1,618.789,14.364,502.574,496.705,548.846,617.696,-1,-1,-1,-1,-1,-1,30.476,25.052,1,0,2,0,1,0,0,0,0,2,2,2,2,2,2,1,1
19,-4897.591,0.788,-35.476,87.738,0.039470,-0.999108,-0.015003,0.999194,0.039575,-0.006746,0.007333,-0.014725,0.999865,0,0.38558,-0.26884,10.975,0.104,13.785,651.993,-1,621.356,14.237,504.742,498.702,548.254,616.999,-1,-1,-1,-1,-1,-1,29.108,25.607,1,0,2,0,1,0,0,0,0,2,2,2,2,2,2,1,1
20,-4897.679,11.559,-35.191,87.918,0.036335,-0.999265,-0.012249,0.999287,0.036456,-0.009794,0.010233,-0.011884,0.999877,0,0.38526,-0.27039,10.771,0.180,14.056,666.392,-1,628.577,13.945,512.710,505.354,555.288,611.214,-1,-1,-1,-1,-1,-1,26.648,27.481,1,0,2,0,1,0,0,0,0,2,2,2,2,2,2,1,1
21,-4897.528,22.156,-34.249,88.067,0.033723,-0.999399,-0.008073,0.999314,0.033842,-0.015045,0.015309,-0.007560,0.999854,0,0.38479,-0.27271,10.598,0.150,14.464,692.322,-1,642.732,13.615,527.334,517.858,567.832,604.025,-1,-1,-1,-1,-1,-1,24.679,25.945,1,0,2,0,1,0,0,0,0,2,2,2,2,2,2,1,1
22,-4896.919,32.598,-32.727,88.107,0.033020,-0.999448,-0.003593,0.999220,0.033090,-0.021560,0.021667,-0.002879,0.999761,0,0.38438,-0.27469,10.460,0.040,14.917,725.980,-1,662.318,-1,546.627,534.658,583.215,598.003,-1,-1,-1,-1,-1,-1,23.513,-1,1,0,2,0,2,0,0,0,0,2,2,2,2,2,2,1,2
23,-4896.186,42.981,-30.852,88.124,0.032729,-0.999462,0.001883,0.999066,0.032662,-0.028284,0.028207,0.002807,0.999598,0,0.38422,-0.27548,10.408,0.016,15.607,764.792,-1,683.249,-1,568.159,553.309,602.407,590.423,-1,-1,-1,-1,-1,-1,22.628,-1,1,0,2,0,2,0,0,0,0,2,2,2,2,2,2,1,2
24,-4895.152,53.203,-28.702,88.059,0.033852,-0.999414,0.005111,0.998824,0.033654,-0.034904,0.034711,0.006286,0.999378,0,0.38411,-0.27600,10.275,-0.065,16.040,804.096,-1,707.565,13.458,590.475,573.685,617.627,588.365,-1,-1,-1,-1,-1,-1,22.361,25.685,1,0,2,0,1,0,0,0,0,2,2,2,2,2,2,1,1
25,-4893.864,63.315,-26.158,87.882,0.036926,-0.999313,0.003265,0.998401,0.036752,-0.042946,0.042797,0.004845,0.999072,0,0.38419,-0.27566,10.194,-0.177,16.313,846.268,-1,741.850,13.727,617.450,600.441,622.396,599.768,-1,-1,-1,-1,-1,-1,22.262,31.050,1,0,2,0,1,0,0,0,0,2,2,2,2,2,2,1,1
26,-4892.349,73.398,-23.494,87.583,0.042113,-0.999109,-0.002709,0.997785,0.042197,-0.051419,0.051487,-0.000538,0.998673,0,0.38450,-0.27414,10.196,-0.299,16.273,888.230,-1,778.047,13.681,646.388,630.829,618.059,621.515,-1,-1,-1,-1,-1,-1,22.273,27.723,1,0,2,0,1,0,0,0,0,2,2,2,2,2,2,1,1
27,-4890.722,83.507,-21.057,87.210,0.048594,-0.998765,-0.010307,0.997071,0.049117,-0.058622,0.059056,-0.007428,0.998227,0,0.38507,-0.27136,10.239,-0.373,8.845,921.964,-1,-1,13.358,672.176,659.262,609.542,646.799,-1,-1,-1,-1,-1,-1,22.452,16.344,1,0,2,2,1,0,0,0,0,2,2,2,2,2,2,1,1
28,-4889.171,93.771,-19.225,86.862,0.054619,-0.998361,-0.017110,0.996419,0.055604,-0.063695,0.064542,-0.013569,0.997823,0,0.38579,-0.26781,10.380,-0.347,-1,945.805,-1,-1,-1,691.510,681.143,601.055,668.716,-1,-1,-1,-1,-1,-1,-1,-1,2,0,2,2,2,0,0,0,0,2,2,2,2,2,2,2,2
29,-4887.753,104.172,-18.167,86.570,0.059688,-0.997970,-0.022187,0.995931,0.061040,-0.066304,0.067523,-0.018139,0.997553,0,0.38646,-0.26455,10.498,-0.292,-1,957.424,-1,-1,-1,702.295,693.937,593.852,684.277,-1,-1,-1,-1,-1,-1,-1,-1,2,0,2,2,2,0,0,0,0,2,2,2,2,2,2,2,2
30,-4886.402,114.671,-17.922,86.328,0.063897,-0.997638,-0.025216,0.995638,0.065450,-0.066492,0.067985,-0.020858,0.997468,0,0.38701,-0.26187,10.586,-0.242,-1,956.574,-1,-1,-1,703.979,696.911,588.263,692.062,-1,-1,-1,-1,-1,-1,-1,-1,2,0,2,2,2,0,0,0,0,2,2,2,2,2,2,2,2
31,-4885.038,125.161,-18.516,86.117,0.067572,-0.997369,-0.026247,0.995551,0.069133,-0.064021,0.065667,-0.021804,0.997603,0,0.38745,-0.25971,10.578,-0.211,-1,941.773,-1,-1,-1,695.650,689.129,583.912,691.871,-1,-1,-1,-1,-1,-1,-1,-1,2,0,2,2,2,0,0,0,0,2,2,2,2,2,2,2,2
32,-4883.647,135.636,-19.945,85.937,0.070718,-0.997173,-0.025415,0.995660,0.072110,-0.058833,0.060499,-0.021144,0.997944,0,0.38783,-0.25787,10.567,-0.180,-1,913.259,-1,-1,-1,677.419,670.842,580.386,684.100,-1,-1,-1,-1,-1,-1,-1,-1,2,0,2,2,2,0,0,0,0,2,2,2,2,2,2,2,2
33,-4882.220,146.094,-22.196,85.786,0.073380,-0.997038,-0.023052,0.995925,0.074473,-0.050856,0.052422,-0.019226,0.998440,0,0.38814,-0.25633,10.555,-0.151,-1,871.984,-1,-1,-1,649.938,642.875,576.939,669.919,-1,-1,-1,-1,-1,-1,-1,-1,2,0,2,2,2,0,0,0,0,2,2,2,2,2,2,2,2
34,-4880.697,156.528,-25.238,85.647,0.075835,-0.996922,-0.019901,0.996262,0.076582,-0.039964,0.041365,-0.016796,0.999003,0,0.38840,-0.25507,10.545,-0.139,-1,818.826,-1,-1,-1,614.151,606.524,572.028,651.149,-1,-1,-1,-1,-1,-1,-1,-1,2,0,2,2,2,0,0,0,0,2,2,2,2,2,2,2,2
35,-4879.015,167.001,-29.015,85.492,0.078567,-0.996771,-0.016575,0.996528,0.078986,-0.026316,0.027540,-0.014450,0.999516,0,0.38864,-0.25391,10.607,-0.155,-1,756.112,-1,689.531,-1,572.036,564.250,564.531,630.165,-1,-1,-1,-1,-1,-1,-1,-1,2,0,2,0,2,0,0,0,0,2,2,2,2,2,2,2,2
36,-4877.248,177.897,-33.332,85.330,0.081408,-0.996591,-0.013370,0.996597,0.081567,-0.011843,0.012893,-0.012360,0.999840,0,0.71729,-0.65119,11.038,-0.162,14.716,693.431,-1,637.791,13.464,529.640,521.756,554.824,608.350,-1,-1,-1,-1,-1,-1,23.946,31.155,1,0,2,0,1,0,0,0,0,2,2,2,2,2,2,1,1
37,-4875.466,189.935,-36.938,85.179,0.084043,-0.996392,-0.011795,0.996450,0.084093,-0.003878,0.004856,-0.011427,0.999923,0,0.71782,-0.64978,12.170,-0.151,14.589,657.641,-1,607.526,13.535,504.846,496.819,545.360,592.586,-1,-1,-1,-1,-1,-1,24.283,33.653,1,0,2,0,1,0,0,0,0,2,2,2,2,2,2,1,1
38,-4873.697,203.136,-39.185,85.038,0.086499,-0.996175,-0.012369,0.996244,0.086541,-0.002855,0.003915,-0.012075,0.999919,0,0.71829,-0.64854,13.319,-0.141,14.478,647.571,-1,598.982,13.605,497.791,490.062,537.198,585.726,-1,-1,-1,-1,-1,-1,24.632,31.958,1,0,2,0,1,0,0,0,0,2,2,2,2,2,2,1,1
39,-4871.982,217.300,-39.856,84.904,0.088816,-0.995942,-0.014532,0.996018,0.088918,-0.006495,0.007761,-0.013897,0.999873,0,0.71869,-0.64747,14.267,-0.133,14.395,656.183,-1,606.459,13.662,503.984,496.872,531.582,586.785,-1,-1,-1,-1,-1,-1,24.925,30.871,1,0,2,0,1,0,0,0,0,2,2,2,2,2,2,1,1
40,-4870.301,232.182,-39.038,84.793,0.090752,-0.995733,-0.016711,0.995778,0.090963,-0.012310,0.013778,-0.015523,0.999785,0,0.71905,-0.64654,14.976,-0.112,14.382,677.594,-1,623.289,13.672,518.815,511.852,530.803,592.355,-1,-1,-1,-1,1004.759,-1,24.982,30.694,1,0,2,0,1,0,0,0,0,2,2,2,2,1,2,1,1
41,-4868.575,247.648,-37.218,84.688,0.092568,-0.995539,-0.018258,0.995519,0.092891,-0.017710,0.019327,-0.016537,0.999676,0,0.71930,-0.64588,15.563,-0.105,14.331,702.234,-1,911.096,13.710,535.879,528.813,534.000,599.518,-1,-1,-1,-1,978.849,-1,25.182,30.114,1,0,2,0,1,0,0,0,0,2,2,2,2,1,2,1,1
42,-4866.794,263.602,-35.008,84.585,0.094342,-0.995362,-0.018837,0.995282,0.094731,-0.020963,0.022650,-0.016770,0.999603,0,0.71951,-0.64531,16.053,-0.102,14.315,721.717,-1,950.253,13.722,549.749,542.554,539.609,605.578,-1,-1,-1,-1,952.277,-1,25.257,29.917,1,0,2,0,1,0,0,0,0,2,2,2,2,1,2,1,1
43,-4864.936,279.686,-32.431,84.534,0.095230,-0.995329,-0.015833,0.995115,0.095602,-0.024635,0.026033,-0.013409,0.999571,0,0.71971,-0.64478,16.190,-0.052,14.420,747.563,-1,987.485,13.260,565.490,556.924,553.696,603.150,-1,-1,-1,-1,927.885,-1,24.835,12.135,1,0,2,0,1,0,0,0,0,2,2,2,2,1,2,1,1
44,-4862.885,295.908,-29.470,84.531,0.095259,-0.995421,-0.007945,0.994943,0.095463,-0.031242,0.031857,-0.004929,0.999480,0,0.71971,-0.64477,16.351,-0.003,15.062,790.074,-1,-1,-1,589.518,576.924,580.647,589.067,-1,-1,-1,-1,905.966,-1,23.261,-1,1,0,2,2,2,0,0,0,0,2,2,2,2,1,2,1,2
45,-4860.447,312.374,-26.391,84.493,0.095891,-0.995391,0.000852,0.994606,0.095781,-0.039808,0.039543,0.004664,0.999207,0,0.71955,-0.64521,16.646,-0.038,17.718,842.340,-1,-1,-1,619.439,602.051,612.158,573.672,-1,-1,-1,-1,-1,-1,22.258,-1,1,0,2,2,2,0,0,0,0,2,2,2,2,2,2,1,2
46,-4856.705,328.407,-23.562,84.182,0.101268,-0.994854,0.003311,0.993802,0.101006,-0.046435,0.045862,0.007993,0.998916,0,0.71953,-0.64525,16.464,-0.311,17.450,881.291,-1,-1,-1,643.872,625.054,628.702,573.743,-1,-1,-1,-1,-1,-1,22.212,-1,1,0,2,2,2,0,0,0,0,2,2,2,2,2,2,1,2
47,-4852.018,344.171,-21.263,83.546,0.112259,-0.993679,0.000091,0.992389,0.112109,-0.050947,0.050615,0.005810,0.998701,0,0.72067,-0.64225,16.445,-0.636,8.893,903.424,-1,-1,-1,661.427,643.515,630.109,586.031,-1,-1,-1,-1,-1,-1,22.183,-1,1,0,2,2,2,0,0,0,0,2,2,2,2,2,2,1,2
48,-4846.985,360.132,-19.775,82.780,0.125492,-0.992074,-0.006374,0.990609,0.125653,-0.053905,0.054278,0.000450,0.998526,0,0.72310,-0.63580,16.736,-0.766,-1,913.757,-1,-1,-1,673.146,655.091,621.407,604.036,-1,-1,-1,-1,-1,-1,-1,-1,2,0,2,2,2,0,0,0,0,2,2,2,2,2,2,2,2
49,-4841.860,376.304,-19.206,82.006,0.138853,-0.990219,-0.013642,0.988690,0.139401,-0.055304,0.056665,-0.005809,0.998376,0,0.72606,-0.62798,16.965,-0.775,-1,914.340,-1,-1,-1,678.750,658.006,608.521,621.950,-1,-1,-1,-1,-1,-1,-1,-1,2,0,2,2,2,0,0,0,0,2,2,2,2,2,2,2,2
50,-4836.664,392.650,-19.491,81.246,0.151946,-0.988180,-0.020310,0.986735,0.152848,-0.054692,0.057150,-0.011731,0.998297,0,0.72905,-0.62007,17.153,-0.760,-1,904.711,-1,-1,-1,677.250,653.845,594.412,636.597,-1,-1,-1,-1,-1,-1,-1,-1,2,0,2,2,2,0,0,0,0,2,2,2,2,2,2,2,2
51,-4831.438,409.143,-20.510,80.549,0.163954,-0.986156,-0.024793,0.984944,0.165045,-0.051442,0.054822,-0.015986,0.998368,0,0.73198,-0.61229,17.301,-0.697,-1,883.995,-1,-1,-1,666.746,640.927,581.952,644.142,-1,-1,-1,-1,-1,-1,-1,-1,2,0,2,2,2,0,0,0,0,2,2,2,2,2,2,2,2
52,-4826.164,425.792,-22.214,79.912,0.174949,-0.984214,-0.026761,0.983336,0.176029,-0.045435,0.049428,-0.018367,0.998609,0,0.73468,-0.60515,17.464,-0.637,-1,851.732,-1,-1,-1,647.090,619.246,571.167,643.689,-1,-1,-1,-1,-1,-1,-1,-1,2,0,2,2,2,0,0,0,0,2,2,2,2,2,2,2,2
53,-4820.771,442.653,-24.545,79.328,0.185033,-0.982378,-0.026391,0.981876,0.185926,-0.036755,0.041014,-0.019112,0.998976,0,0.73716,-0.59860,17.702,-0.584,-1,809.978,-1,-1,-1,619.357,591.404,561.688,635.930,-1,-1,-1,-1,-1,-1,-1,-1,2,0,2,2,2,0,0,0,0,2,2,2,2,2,2,2,2
54,-4815.186,459.732,-27.510,78.770,0.194666,-0.980565,-0.024420,0.980416,0.195273,-0.025564,0.029836,-0.018965,0.999375,0,0.73944,-0.59256,17.968,-0.558,-1,759.864,-1,-1,-1,585.047,558.908,552.970,623.075,-1,-1,-1,-1,-1,-1,-1,-1,2,0,2,2,2,0,0,0,0,2,2,2,2,2,2,2,2
55,-4809.288,477.046,-30.933,78.212,0.204270,-0.978661,-0.022279,0.978772,0.204576,-0.012420,0.016713,-0.019269,0.999675,0,0.74163,-0.58675,18.291,-0.558,12.567,704.476,-1,-1,14.258,547.238,523.532,542.180,609.668,-1,-1,-1,-1,-1,-1,9.857,25.077,1,0,2,2,1,0,0,0,0,2,2,2,2,2,2,1,1
56,-4802.695,494.718,-33.768,77.567,0.215293,-0.976305,-0.021845,0.976524,0.215396,-0.002463,0.007110,-0.020802,0.999758,0,0.74385,-0.58088,18.861,-0.645,16.475,664.112,-1,992.440,13.963,519.844,497.146,531.042,602.180,-1,-1,-1,-1,-1,-1,22.224,37.665,1,0,2,0,1,0,0,0,0,2,2,2,2,2,2,1,1
57,-4795.577,513.062,-35.429,76.890,0.226828,-0.973694,-0.021680,0.973929,0.226849,0.001518,0.003441,-0.021459,0.999764,0,0.74644,-0.57401,19.677,-0.677,16.054,646.798,-1,977.592,13.471,508.141,488.794,525.880,596.856,-1,-1,-1,-1,-1,-1,22.355,42.569,1,0,2,0,1,0,0,0,0,2,2,2,2,2,2,1,1
58,-4788.098,532.123,-35.846,76.227,0.238067,-0.971002,-0.021899,0.971237,0.238115,0.000447,0.004781,-0.021375,0.999760,0,0.74920,-0.56672,20.475,-0.662,15.936,648.436,-1,986.230,13.397,509.512,527.611,526.313,594.122,-1,-1,-1,-1,-1,-1,22.411,45.015,1,0,2,0,1,0,0,0,0,2,2,2,2,2,2,1,1
59,-4780.325,551.789,-35.032,75.595,0.248764,-0.968304,-0.022430,0.968515,0.248917,-0.004253,0.009702,-0.020666,0.999739,0,0.75191,-0.55954,21.147,-0.632,15.909,664.901,-1,-1,13.384,517.815,604.899,533.456,594.286,-1,-1,-1,-1,-1,-1,22.424,42.840,1,0,2,2,1,0,0,0,0,2,2,2,2,2,2,1,1
60,-4772.224,571.903,-33.415,74.978,0.259154,-0.965566,-0.022842,0.965722,0.259414,-0.009228,0.014835,-0.019667,0.999696,0,0.75453,-0.55262,21.684,-0.616,15.770,685.078,-1,-1,13.322,526.710,700.180,543.876,596.484,-1,-1,-1,-1,-1,-1,22.509,37.026,1,0,2,2,1,0,0,0,0,2,2,2,2,2,2,1,1
61,-4763.997,592.384,-31.560,74.385,0.269135,-0.962845,-0.022264,0.962937,0.269446,-0.012315,0.017856,-0.018125,0.999676,0,0.75392,-0.54579,22.071,-0.594,13.919,701.109,-1,-1,13.279,532.457,745.429,555.987,597.950,-1,-1,-1,-1,-1,-1,11.528,30.219,1,0,2,2,1,0,0,0,0,2,2,2,2,2,2,1,1
62,-4755.696,613.173,-29.752,73.856,0.278000,-0.960360,-0.020580,0.960417,0.278285,-0.012500,0.017732,-0.016290,0.999710,0,0.75142,-0.53917,22.384,-0.528,-1,707.963,-1,-1,13.322,532.484,757.667,568.111,597.851,-1,-1,-1,-1,-1,-1,-1,25.826,2,0,2,2,1,0,0,0,0,2,2,2,2,2,2,2,1
63,-4747.616,633.904,-28.341,73.434,0.285087,-0.958332,-0.018038,0.958388,0.285292,-0.010008,0.014737,-0.014434,0.999787,0,-0.18076,-0.04755,22.250,-0.422,-1,705.318,-1,-1,13.273,526.766,758.673,579.406,595.818,-1,-1,-1,-1,-1,-1,-1,26.451,2,0,2,2,1,0,0,0,0,2,2,2,2,2,2,2,1
64,-4739.439,653.708,-27.464,72.960,0.293021,-0.955953,-0.017092,0.956070,0.293119,-0.003459,0.008317,-0.015328,0.999848,0,-0.18032,-0.04267,21.426,-0.474,-1,687.907,-1,-1,13.345,512.746,750.102,582.585,599.838,-1,-1,-1,-1,-1,-1,-1,28.973,2,0,2,2,1,0,0,0,0,2,2,2,2,2,2,2,1
65,-4731.230,672.756,-27.156,72.440,0.301703,-0.953235,-0.017834,0.953402,0.301661,0.005065,0.000552,-0.018531,0.999828,0,-0.17982,-0.03719,20.742,-0.520,-1,663.371,-1,-1,13.322,494.819,737.674,577.598,608.698,-1,-1,-1,-1,-1,-1,-1,32.907,2,0,2,2,1,0,0,0,0,2,2,2,2,2,2,2,1
66,-4723.112,691.312,-27.133,71.935,0.310091,-0.950503,-0.019683,0.950690,0.309893,0.012467,-0.005750,-0.022578,0.999729,0,-0.17927,-0.03116,20.254,-0.505,15.684,642.421,-1,997.685,13.296,479.318,728.730,569.645,619.571,-1,-1,-1,-1,-1,-1,22.568,37.309,1,0,2,0,1,0,0,0,0,2,2,2,2,2,2,1,1
67,-4715.131,709.313,-27.111,71.439,0.318306,-0.947723,-0.022397,0.947939,0.317960,0.017684,-0.009638,-0.026860,0.999593,0,-0.17873,-0.02527,19.691,-0.496,15.525,628.376,-1,989.589,13.271,486.232,726.048,561.540,631.919,-1,-1,-1,-1,-1,-1,22.697,40.268,1,0,2,0,1,0,0,0,0,2,2,2,2,2,2,1,1
68,-4707.336,726.809,-26.978,70.979,0.325893,-0.945054,-0.025814,0.945347,0.325444,0.020137,-0.010630,-0.030966,0.999464,0,-0.17820,-0.01945,19.153,-0.459,15.534,622.732,-1,991.389,13.273,544.069,729.362,554.607,644.936,-1,-1,-1,-1,-1,-1,22.689,41.200,1,0,2,0,1,0,0,0,0,2,2,2,2,2,2,1,1
69,-4699.622,743.672,-26.666,70.534,0.333231,-0.942376,-0.029745,0.942798,0.332730,0.020576,-0.009493,-0.034900,0.999346,0,-0.17770,-0.01400,18.544,-0.445,16.093,623.324,-1,1000.826,13.500,605.502,737.102,548.917,658.643,-1,-1,-1,-1,-1,-1,22.339,39.787,1,0,2,0,1,0,0,0,0,2,2,2,2,2,2,1,1
70,-4691.708,759.531,-26.137,70.010,0.341840,-0.939129,-0.034396,0.939725,0.341290,0.020934,-0.007920,-0.039479,0.999189,0,-0.17722,-0.00866,17.724,-0.524,16.537,619.940,-1,-1,14.070,671.599,746.943,542.552,675.701,-1,-1,-1,-1,-1,-1,22.213,37.564,1,0,2,2,1,0,0,0,0,2,2,2,2,2,2,1,1
71,-4683.671,774.323,-25.390,69.420,0.351503,-0.935408,-0.038182,0.936162,0.350904,0.021603,-0.006809,-0.043338,0.999037,0,-0.17665,-0.00240,16.834,-0.590,16.476,617.702,-1,-1,13.963,686.682,755.281,538.390,692.830,-1,-1,-1,-1,-1,-1,22.224,35.960,1,0,2,2,1,0,0,0,0,2,2,2,2,2,2,1,1
72,-4675.734,788.250,-24.519,68.867,0.360525,-0.931887,-0.040107,0.932728,0.359892,0.022273,-0.006322,-0.045439,0.998947,0,-0.17601,0.00463,16.030,-0.553,16.813,615.844,-1,-1,14.727,695.771,761.967,537.794,704.425,-1,-1,-1,-1,-1,-1,22.182,34.660,1,0,2,2,1,0,0,0,0,2,2,2,2,2,2,1,1
73,-4667.794,801.100,-23.533,68.292,0.369860,-0.928180,-0.041045,0.929062,0.369161,0.023747,-0.006889,-0.046916,0.998875,0,-0.17539,0.01134,15.105,-0.575,17.384,611.439,-1,-1,17.894,703.041,766.424,538.292,714.303,-1,-1,-1,-1,-1,-1,22.204,34.046,1,0,2,2,1,0,0,0,0,2,2,2,2,2,2,1,1
74,-4659.894,812.937,-22.511,67.688,0.379644,-0.924198,-0.041570,0.925099,0.378862,0.025594,-0.007905,-0.048173,0.998808,0,-0.17475,0.01835,14.231,-0.605,17.039,605.662,-1,-1,15.580,709.702,769.487,539.222,723.662,-1,-1,-1,-1,-1,-1,22.179,35.086,1,0,2,2,1,0,0,0,0,2,2,2,2,2,2,1,1
75,-4652.326,824.251,-21.598,67.147,0.388352,-0.920588,-0.041240,0.921476,0.387555,0.026150,-0.008091,-0.048157,0.998807,0,-0.17408,0.02574,13.613,-0.540,16.422,603.628,-1,-1,13.878,717.675,773.279,542.762,727.840,-1,-1,-1,-1,-1,-1,22.236,36.944,1,0,2,2,1,0,0,0,0,2,2,2,2,2,2,1,1
76,-4645.284,835.312,-20.907,66.714,0.395305,-0.917659,-0.040450,0.918523,0.394573,0.025057,-0.007033,-0.047059,0.998867,0,-0.17347,0.03244,13.112,-0.433,15.133,606.497,-1,-1,13.306,727.041,778.884,548.227,727.015,-1,-1,-1,-1,-1,-1,23.150,39.712,1,0,2,2,1,0,0,0,0,2,2,2,2,2,2,1,1
77,-4638.999,846.356,-20.680,66.488,0.398937,-0.916190,-0.038022,0.916962,0.398340,0.022498,-0.005467,-0.043840,0.999024,0,-0.17297,0.03795,12.707,-0.226,-1,635.628,-1,-1,13.334,733.033,783.394,557.290,716.168,-1,-1,-1,-1,-1,-1,-1,36.729,2,0,2,2,1,0,0,0,0,2,2,2,2,2,2,2,1
78,-4633.036,856.987,-21.130,66.318,0.401652,-0.915139,-0.034585,0.915778,0.401147,0.020782,-0.005145,-0.040019,0.999186,0,-0.17267,0.04122,12.189,-0.170,-1,647.143,-1,-1,13.517,733.996,782.981,565.657,701.117,-1,-1,-1,-1,-1,-1,-1,28.328,2,0,2,2,1,0,0,0,0,2,2,2,2,2,2,2,1
79,-4627.358,867.145,-22.469,66.190,0.403699,-0.914448,-0.028501,0.914865,0.403253,0.020249,-0.007023,-0.034249,0.999389,0,-0.17243,0.04386,11.637,-0.128,-1,643.025,-1,-1,-1,727.774,774.597,575.707,676.131,-1,-1,-1,-1,-1,-1,-1,-1,2,0,2,2,2,0,0,0,0,2,2,2,2,2,2,2,2
80,-4621.826,876.830,-24.700,66.090,0.405276,-0.913981,-0.019760,0.914134,0.404905,0.020294,-0.010547,-0.026288,0.999599,0,-0.17223,0.04606,11.154,-0.100,14.579,636.556,-1,987.937,-1,716.236,759.790,588.248,640.433,-1,-1,-1,-1,-1,-1,24.312,-1,1,0,2,0,2,0,0,0,0,2,2,2,2,2,2,1,2
81,-4616.329,886.072,-27.738,65.996,0.406759,-0.913494,-0.008706,0.913419,0.406536,0.019852,-0.014595,-0.016027,0.999765,0,-0.17206,0.04797,10.753,-0.094,14.927,629.398,-1,956.296,-1,702.324,741.715,604.871,596.734,-1,-1,-1,-1,-1,-1,23.490,-1,1,0,2,0,2,0,0,0,0,2,2,2,2,2,2,1,2
82,-4610.758,894.746,-31.204,65.876,0.408632,-0.912693,0.003411,0.912481,0.408613,0.020362,-0.019978,-0.005208,0.999787,0,-0.17188,0.04985,10.310,-0.120,15.021,621.161,-1,920.256,-1,685.325,720.090,622.592,552.550,-1,-1,-1,-1,-1,-1,23.325,-1,1,0,2,0,2,0,0,0,0,2,2,2,2,2,2,1,2
83,-4605.280,902.952,-34.491,65.738,0.410756,-0.911619,0.015171,0.911343,0.411012,0.022875,-0.027089,0.004430,0.999623,0,-0.17168,0.05205,9.866,-0.138,15.037,611.522,-1,882.200,12.759,665.135,696.023,638.481,512.115,-1,-1,-1,-1,-1,-1,23.299,11.973,1,0,2,0,1,0,0,0,0,2,2,2,2,2,2,1,1
84,-4599.959,910.849,-37.209,65.586,0.413086,-0.910345,0.025134,0.910033,0.413680,0.026615,-0.034627,0.011878,0.999330,0,-0.17147,0.05444,9.522,-0.153,15.102,601.912,-1,848.122,13.313,645.734,673.518,650.558,480.153,-1,-1,-1,-1,-1,-1,23.197,25.373,1,0,2,0,1,0,0,0,0,2,2,2,2,2,2,1,1
85,-4594.826,918.501,-39.175,65.421,0.415580,-0.908958,0.033008,0.908593,0.416536,0.030915,-0.041850,0.017143,0.998977,0,-0.17123,0.05697,9.215,-0.164,15.222,593.225,-1,819.930,13.287,628.927,654.380,659.047,458.734,-1,-1,-1,-1,-1,-1,23.029,23.590,1,0,2,0,1,0,0,0,0,2,2,2,2,2,2,1,1
86,-4589.911,925.858,-40.344,65.243,0.418273,-0.907450,0.039767,0.907007,0.419622,0.035446,-0.048852,0.021243,0.998580,0,-0.17100,0.05958,8.848,-0.178,15.370,585.713,-1,795.533,-1,614.609,638.149,667.136,443.365,-1,-1,-1,-1,-1,-1,22.850,-1,1,0,2,0,2,0,0,0,0,2,2,2,2,2,2,1,2
87,-4585.318,932.864,-40.676,65.097,0.420443,-0.906106,0.046903,0.905633,0.422250,0.039167,-0.055295,0.026010,0.998131,0,-0.17075,0.06230,8.377,-0.146,15.565,579.775,-1,774.632,-1,603.430,624.957,680.045,429.829,-1,-1,-1,-1,983.328,-1,22.663,-1,1,0,2,0,2,0,0,0,0,2,2,2,2,0,2,1,2
88,-4581.003,939.535,-40.200,65.003,0.421786,-0.905028,0.054971,0.904647,0.424132,0.041539,-0.060909,0.032208,0.997624,0,-0.17054,0.06463,7.945,-0.094,16.012,575.640,-1,757.165,-1,595.709,614.910,700.613,416.403,-1,-1,-1,-1,961.916,-1,22.373,-1,1,0,2,0,2,0,0,0,0,2,2,2,2,0,2,1,2
89,-4576.810,945.885,-39.050,64.924,0.422902,-0.903956,0.063384,0.903773,0.425838,0.043081,-0.065935,0.039066,0.997059,0,-0.17038,0.06639,7.610,-0.079,17.259,573.113,-1,742.751,-1,590.668,607.408,726.928,404.706,-1,-1,-1,-1,949.486,-1,22.191,-1,1,0,2,0,2,0,0,0,0,2,2,2,2,0,2,1,2
90,-4572.435,951.525,-37.411,64.780,0.425005,-0.902432,0.070616,0.902369,0.428544,0.045610,-0.071422,0.044337,0.996460,0,-0.17023,0.06799,7.138,-0.144,18.192,571.458,-1,730.294,-1,586.045,600.730,750.623,399.131,-1,-1,-1,-1,933.111,-1,22.372,-1,1,0,2,0,2,0,0,0,0,2,2,2,2,0,2,1,2
91,-4567.575,956.476,-35.558,64.517,0.428982,-0.900138,0.075667,0.900077,0.433027,0.048462,-0.076388,0.047317,0.995955,0,0.79670,0.36982,6.938,-0.263,18.217,571.742,-1,721.854,-1,583.119,596.291,767.408,398.543,-1,-1,-1,-1,915.745,-1,22.380,-1,1,0,2,0,2,0,0,0,0,2,2,2,2,0,2,1,2
92,-4562.271,961.877,-33.773,64.189,0.434090,-0.897347,0.079585,0.897529,0.438390,0.047497,-0.077511,0.050812,0.995696,0,0.79511,0.37354,7.569,-0.328,18.294,576.365,-1,721.615,-1,587.102,598.573,786.623,397.303,-1,-1,-1,-1,921.482,-1,22.402,-1,1,0,2,0,2,0,0,0,0,2,2,2,2,0,2,1,2
93,-4556.534,967.753,-32.178,63.793,0.440358,-0.894046,0.082265,0.894662,0.444643,0.043276,-0.075269,0.054542,0.995670,0,0.79319,0.37803,8.213,-0.396,18.329,587.045,-1,728.316,-1,596.920,606.541,806.828,395.510,-1,-1,-1,-1,946.404,-1,22.413,-1,1,0,2,0,2,0,0,0,0,2,2,2,2,0,2,1,2
94,-4550.394,974.025,-30.825,63.326,0.447781,-0.890270,0.083134,0.891329,0.451808,0.037429,-0.070883,0.057340,0.995835,0,0.79094,0.38330,8.777,-0.467,18.465,602.150,-1,738.898,-1,610.358,618.313,821.812,394.881,-1,-1,-1,-1,-1,-1,22.455,-1,1,0,2,0,2,0,0,0,0,2,2,2,2,2,2,1,2
95,-4543.706,980.437,-29.693,62.778,0.456457,-0.886059,0.080907,0.887327,0.460030,0.031979,-0.065555,0.057194,0.996209,0,0.78834,0.38938,9.265,-0.548,18.659,619.196,-1,752.861,-1,624.455,631.977,824.464,398.756,-1,-1,-1,-1,-1,-1,22.520,-1,1,0,2,0,2,0,0,0,0,2,2,2,2,2,2,1,2
96,-4536.582,987.023,-28.777,62.187,0.465765,-0.881624,0.076172,0.882917,0.468764,0.026796,-0.059330,0.054773,0.996735,0,0.78532,0.39644,9.702,-0.591,18.658,637.805,-1,770.160,-1,639.401,647.353,817.540,407.435,-1,-1,-1,-1,-1,-1,22.520,-1,1,0,2,0,2,0,0,0,0,2,2,2,2,2,2,1,2
97,-4529.365,993.724,-28.227,61.566,0.475453,-0.876790,0.071991,0.878095,0.477976,0.022102,-0.053788,0.052707,0.997160,0,0.78207,0.40406,9.848,-0.621,18.657,652.516,-1,785.301,-1,652.399,661.049,810.615,414.250,-1,-1,-1,-1,-1,-1,22.520,-1,1,0,2,0,2,0,0,0,0,2,2,2,2,2,2,1,2
98,-4521.970,1000.321,-27.863,60.812,0.487087,-0.870828,0.066366,0.871971,0.489184,0.019122,-0.049117,0.048555,0.997612,0,0.77868,0.41201,9.910,-0.754,18.564,668.277,-1,799.861,-1,663.898,673.609,795.210,424.991,-1,-1,-1,-1,-1,-1,22.488,-1,1,0,2,0,2,0,0,0,0,2,2,2,2,2,2,1,2
99,-4514.260,1007.118,-27.618,59.972,0.499947,-0.864059,0.058781,0.864958,0.501578,0.016325,-0.043590,0.042682,0.998137,0,0.77468,0.42136,10.278,-0.840,18.060,685.964,-1,816.270,-1,676.879,688.289,772.796,439.538,-1,-1,-1,-1,-1,-1,22.336,-1,1,0,2,0,2,0,0,0,0,2,2,2,2,2,2,1,2
100,-4506.226,1014.283,-27.412,59.099,0.513229,-0.856820,0.049552,0.857493,0.514347,0.012379,-0.036093,0.036137,0.998695,0,0.77028,0.43168,10.765,-0.873,17.256,705.984,-1,838.347,-1,694.094,705.834,748.422,456.253,-1,-1,-1,-1,-1,-1,22.191,-1,1,0,2,0,2,0,0,0,0,2,2,2,2,2,2,1,2
101,-4497.999,1021.953,-27.082,58.273,0.525694,-0.849766,0.039287,0.850274,0.526302,0.006364,-0.026085,0.030059,0.999208,0,0.76569,0.44242,11.248,-0.826,15.883,728.964,-1,867.176,-1,716.230,728.507,727.545,473.497,-1,-1,-1,-1,-1,-1,22.441,-1,1,0,2,0,2,0,0,0,0,2,2,2,2,2,2,1,2
102,-4490.119,1030.735,-26.715,57.666,0.534803,-0.844447,0.029928,0.844848,0.535004,-0.001486,-0.014757,0.026079,0.999551,0,0.76129,0.45273,11.799,-0.607,14.857,751.439,-1,897.097,-1,740.795,754.058,573.922,486.317,-1,-1,-1,-1,-1,-1,23.629,-1,1,0,2,0,2,0,0,1,0,2,2,2,2,2,2,1,2
103,-4482.635,1040.463,-26.383,57.302,0.540211,-0.841271,0.020858,0.841517,0.540174,-0.007839,-0.004672,0.021786,0.999752,0,0.75787,0.46071,12.274,-0.364,14.980,768.213,-1,924.263,-1,761.799,777.376,594.883,499.000,-1,-1,-1,-1,-1,-1,23.396,-1,1,0,2,0,2,0,0,1,0,2,2,2,2,2,2,1,2
104,-4475.078,1050.648,-26.125,56.975,0.544995,-0.838382,0.009732,0.838433,0.544911,-0.010094,0.003160,0.013660,0.999902,0,0.75557,0.46611,12.683,-0.326,15.458,776.663,-1,949.437,-1,777.959,795.920,616.206,522.514,-1,-1,-1,-1,-1,-1,22.760,-1,1,0,2,0,2,0,0,1,0,2,2,2,2,2,2,1,2
105,-4467.231,1061.027,-26.125,56.570,0.550896,-0.834563,-0.004168,0.834535,0.550912,-0.006934,0.008083,0.000342,0.999967,0,0.75341,0.47116,13.011,-0.405,-1,775.397,-1,968.291,-1,786.469,808.075,638.067,562.973,-1,-1,-1,-1,-1,-1,-1,-1,2,0,2,0,2,0,0,0,0,2,2,2,2,2,2,2,2
106,-4459.335,1071.508,-26.473,56.139,0.557166,-0.830231,-0.016791,0.830361,0.557225,0.001402,0.008193,-0.014723,0.999858,0,0.75088,0.47710,13.122,-0.432,-1,768.083,-1,974.863,-1,783.666,809.040,595.912,610.052,-1,-1,-1,-1,-1,-1,-1,-1,2,0,2,0,2,0,0,0,0,2,2,2,2,2,2,2,2
107,-4451.518,1082.068,-27.228,55.730,0.563089,-0.826019,-0.024958,0.826390,0.562944,0.013178,0.003165,-0.028046,0.999602,0,0.74821,0.48333,13.139,-0.409,-1,755.054,-1,967.015,-1,769.252,798.099,559.689,654.078,-1,-1,-1,-1,-1,-1,-1,-1,2,0,2,0,2,0,0,0,0,2,2,2,2,2,2,2,2
108,-4443.680,1092.727,-28.517,55.371,0.568250,-0.822369,-0.028299,0.822833,0.567639,0.027056,-0.006186,-0.038660,0.999233,0,0.74565,0.48933,13.231,-0.359,-1,736.971,-1,946.210,-1,745.304,776.234,529.910,684.638,-1,-1,-1,-1,-1,-1,-1,-1,2,0,2,0,2,0,0,0,0,2,2,2,2,2,2,2,2
109,-4435.780,1103.596,-30.507,55.061,0.572610,-0.819401,-0.026444,0.819616,0.571431,0.041185,-0.018636,-0.045257,0.998802,0,0.74329,0.49486,13.436,-0.310,-1,715.364,-1,914.289,-1,714.957,746.301,507.711,699.167,-1,-1,-1,-1,-1,-1,-1,-1,2,0,2,0,2,0,0,0,0,2,2,2,2,2,2,2,2
110,-4427.702,1114.559,-33.249,54.780,0.576392,-0.816928,-0.020004,0.816471,0.574709,0.055543,-0.033878,-0.048348,0.998256,0,0.74112,0.49994,13.618,-0.281,-1,691.343,-1,873.371,-1,679.573,710.174,491.126,697.812,-1,-1,-1,-1,-1,-1,-1,-1,2,0,2,0,2,0,0,0,0,2,2,2,2,2,2,2,2
111,-4419.344,1125.569,-36.799,54.519,0.579667,-0.814792,-0.010033,0.813230,0.577691,0.070211,-0.051411,-0.048858,0.997482,0,0.73904,0.50481,13.823,-0.261,-1,665.435,-1,823.309,-1,640.433,669.839,477.329,681.736,-1,-1,-1,-1,846.151,-1,-1,-1,2,0,2,0,2,0,0,0,0,2,2,2,2,0,2,2,2
112,-4410.632,1136.653,-41.257,54.274,0.582457,-0.812859,0.002151,0.809811,0.580498,0.085019,-0.070357,-0.047778,0.996377,0,0.73700,0.50959,14.098,-0.244,-1,635.156,-1,767.700,-1,598.553,627.536,463.892,653.959,-1,-1,-1,-1,775.576,-1,-1,-1,2,0,2,0,2,0,0,0,0,2,2,2,2,0,2,2,2
113,-4401.671,1147.899,-46.684,54.014,0.585190,-0.810727,0.016543,0.805849,0.583700,0.099505,-0.090328,-0.044899,0.994900,0,0.73497,0.51434,14.379,-0.261,-1,595.264,-1,710.784,-1,555.894,584.078,450.955,608.529,-1,-1,-1,-1,717.474,963.935,-1,-1,2,0,2,0,2,0,0,0,0,2,2,2,2,0,0,2,2
114,-4392.408,1159.249,-53.067,53.758,0.587511,-0.808547,0.032912,0.801512,0.587035,0.113882,-0.111399,-0.040528,0.992949,0,0.73282,0.51937,14.651,-0.255,-1,551.667,-1,652.891,-1,512.476,539.215,437.794,552.827,-1,-1,-1,-1,681.483,918.712,670.117,-1,2,0,2,0,2,0,0,0,0,2,2,2,2,0,0,0,2
115,-4382.785,1170.606,-60.319,53.529,0.589056,-0.806470,0.051179,0.796894,0.590234,0.128775,-0.134061,-0.035071,0.990352,0,0.73064,0.52447,14.886,-0.230,580.091,507.291,-1,593.120,930.756,468.363,492.560,424.007,528.133,-1,-1,-1,-1,644.194,839.900,624.159,975.633,0,0,2,0,0,0,0,0,0,2,2,2,2,0,0,0,0
116,-4372.692,1182.141,-67.939,53.292,0.590253,-0.804106,0.070815,0.791643,0.593782,0.143960,-0.157808,-0.028912,0.987046,0,0.72851,0.52947,15.327,-0.237,14.475,463.282,947.836,535.143,873.060,425.231,446.910,409.691,513.979,-1,-1,-1,-1,607.291,756.584,24.643,910.734,1,0,0,0,0,0,0,0,0,2,2,2,2,0,0,1,0
117,-4362.136,1194.135,-75.158,53.094,0.590722,-0.801574,0.092340,0.786605,0.597589,0.155370,-0.179722,-0.019146,0.983531,0,0.72626,0.53473,15.977,-0.197,14.310,424.934,868.487,483.357,818.479,387.492,406.654,403.293,497.384,-1,-1,-1,-1,573.885,675.483,25.276,825.760,1,0,0,0,0,0,0,0,0,2,2,2,2,0,0,1,0
118,-4351.033,1206.432,-81.149,52.932,0.590790,-0.798662,0.114481,0.782063,0.601747,0.162104,-0.198355,-0.006238,0.980110,0,0.44287,0.85466,16.567,-0.163,14.024,395.588,806.781,440.119,737.871,358.188,373.987,407.353,480.524,-1,-1,-1,-1,536.826,607.636,26.870,726.006,1,0,0,0,0,0,0,0,0,2,2,2,2,0,0,1,0
119,-4339.785,1219.186,-85.333,52.854,0.589846,-0.796036,0.135682,0.778603,0.605199,0.165864,-0.214149,0.007808,0.976770,0,0.44158,0.85958,17.006,-0.078,13.561,374.202,754.800,405.952,14.547,336.400,348.522,421.070,468.293,-1,-1,-1,-1,505.342,554.674,32.977,24.410,1,0,0,0,1,0,0,0,0,2,2,2,2,0,0,1,1
120,-4328.729,1232.931,-86.980,52.938,0.587316,-0.795240,0.150510,0.777638,0.606006,0.167436,-0.224362,0.018704,0.974326,0,0.44050,0.86375,17.639,0.084,13.470,362.856,720.733,385.892,14.704,324.682,333.818,438.419,466.316,-1,-1,-1,-1,487.724,522.473,35.787,23.975,1,0,0,0,1,0,0,0,0,2,2,2,2,0,0,1,1
121,-4317.584,1247.830,-86.631,53.109,0.584649,-0.795849,0.157508,0.778934,0.604934,0.165280,-0.226820,0.026057,0.973588,0,0.43984,0.86625,18.606,0.171,13.401,362.611,705.541,380.059,14.848,323.692,330.475,456.748,473.057,-1,-1,-1,-1,485.602,512.368,39.136,23.648,1,0,0,0,1,0,0,0,0,2,2,2,2,0,0,1,1
122,-4306.254,1263.783,-85.432,53.332,0.582375,-0.797205,0.159072,0.782232,0.602814,0.157250,-0.221251,0.032853,0.974663,0,0.43940,0.86794,19.567,0.223,13.341,372.602,706.736,385.166,15.009,331.540,336.406,479.182,480.057,-1,-1,-1,-1,494.331,519.270,44.248,23.345,1,0,0,0,1,0,0,0,0,2,2,2,2,0,0,1,1
123,-4294.708,1280.302,-84.218,53.634,0.579665,-0.799618,0.156843,0.787203,0.599240,0.145682,-0.210477,0.039020,0.976820,0,0.43907,0.86920,20.154,0.301,13.272,386.946,717.908,396.449,15.341,344.023,347.740,501.409,484.360,-1,-1,-1,-1,506.186,535.431,40.428,22.883,1,0,0,0,1,0,0,0,0,2,2,2,2,0,0,1,1
124,-4283.274,1297.205,-83.728,53.993,0.576223,-0.802606,0.154245,0.792889,0.594746,0.132680,-0.198226,0.045846,0.979083,0,0.43891,0.86982,20.408,0.359,13.930,401.431,728.137,407.316,13.757,357.126,359.152,523.224,486.912,-1,-1,-1,-1,519.170,550.851,20.206,10.892,1,0,0,0,1,0,0,0,0,2,2,2,2,0,0,1,1
125,-4272.739,1314.473,-84.252,54.493,0.570521,-0.806508,0.155082,0.799635,0.588559,0.119093,-0.187324,0.056064,0.980697,0,0.43889,0.86990,20.228,0.500,386.039,413.844,732.917,413.814,609.440,367.164,366.688,552.269,484.039,-1,-1,-1,-1,520.891,559.578,471.164,622.632,0,0,0,0,0,0,0,0,0,2,2,2,2,0,0,0,0
126,-4263.700,1331.889,-85.630,55.227,0.561071,-0.811853,0.161538,0.808085,0.579502,0.105717,-0.179438,0.071222,0.981188,0,0.43931,0.86830,19.621,0.734,548.234,422.411,730.801,413.480,596.484,372.683,368.596,596.492,474.604,-1,-1,-1,-1,516.369,558.490,468.064,615.940,0,0,0,0,0,0,0,0,0,2,2,2,2,0,0,0,0
127,-4255.638,1349.349,-87.610,56.169,0.548307,-0.818733,0.170401,0.818093,0.567392,0.093759,-0.173448,0.087995,0.980904,0,0.44046,0.86389,19.232,0.942,-1,422.073,722.759,408.964,18.661,374.126,367.240,650.034,458.045,-1,-1,-1,-1,508.377,551.789,461.693,22.521,2,0,0,0,1,0,0,0,0,2,2,2,2,0,0,0,1
128,-4248.792,1366.946,-89.979,57.266,0.533144,-0.826466,0.180862,0.829373,0.552773,0.081131,-0.167028,0.106747,0.980156,0,0.44223,0.85711,18.881,1.097,-1,418.445,704.369,402.952,18.557,375.383,365.364,716.010,434.629,-1,-1,-1,-1,498.978,541.662,490.979,22.486,2,0,0,0,1,0,0,0,0,2,2,2,2,0,0,0,1
129,-4242.680,1384.689,-92.542,58.463,0.516440,-0.834989,0.189956,0.841521,0.535936,0.067940,-0.158533,0.124765,0.979439,0,0.44451,0.84837,18.767,1.197,-1,408.619,688.385,399.261,18.762,378.310,365.391,790.180,413.632,-1,-1,-1,-1,489.949,533.477,-1,22.556,2,0,0,0,1,0,0,0,0,2,2,2,2,0,0,2,1
130,-4237.355,1402.527,-94.889,59.714,0.498785,-0.844021,0.197083,0.854063,0.517349,0.054088,-0.147612,0.141343,0.978894,0,0.44712,0.83840,18.616,1.252,-1,399.879,796.826,399.333,18.679,384.014,367.144,869.488,393.777,-1,-1,-1,-1,493.357,532.517,-1,22.527,2,0,0,0,1,0,0,0,0,2,2,2,2,0,0,2,1
131,-4232.891,1420.506,-96.716,61.017,0.480146,-0.853374,0.203008,0.866812,0.497076,0.039386,-0.134522,0.157059,0.978385,0,0.44993,0.82762,18.525,1.303,-1,392.480,893.469,402.573,17.932,385.659,371.923,959.180,376.935,-1,-1,-1,-1,519.404,536.828,-1,22.305,2,0,0,0,1,0,0,0,0,2,2,2,2,0,0,2,1
132,-4228.688,1438.511,-97.890,62.288,0.461655,-0.862388,0.207755,0.878870,0.476422,0.024672,-0.120256,0.171199,0.977870,0,0.45296,0.81604,18.489,1.271,-1,387.688,964.877,407.493,17.170,388.941,379.362,-1,363.951,-1,-1,-1,-1,-1,531.148,-1,22.184,2,0,0,0,1,0,0,2,0,2,2,2,2,2,0,2,1
133,-4224.354,1456.584,-98.190,63.424,0.444849,-0.870390,0.211023,0.889277,0.457231,0.011257,-0.106285,0.182650,0.977416,0,0.45592,0.80471,18.585,1.136,-1,391.877,-1,414.847,16.986,393.472,387.102,-1,354.521,-1,-1,-1,-1,-1,526.991,-1,22.178,2,0,2,0,1,0,0,2,0,2,2,2,2,2,0,2,1
134,-4219.925,1474.785,-97.646,64.431,0.429684,-0.877513,0.212939,0.898079,0.439833,0.000324,-0.093942,0.191097,0.977065,0,0.45850,0.79481,18.732,1.007,-1,406.072,-1,423.143,16.893,391.225,390.491,-1,349.918,-1,-1,-1,-1,-1,522.063,-1,22.179,2,0,2,0,1,0,0,2,0,2,2,2,2,2,0,2,1
135,-4215.311,1493.072,-96.441,65.335,0.415882,-0.884350,0.212055,0.905667,0.423908,-0.008333,-0.082523,0.195517,0.977222,0,0.46073,0.78628,18.860,0.904,-1,419.696,-1,426.041,16.767,384.915,394.804,-1,350.499,-1,-1,-1,-1,-1,521.213,-1,22.185,2,0,2,0,1,0,0,2,0,2,2,2,2,2,0,2,1
136,-4210.794,1511.522,-94.963,66.203,0.402440,-0.890723,0.211315,0.912561,0.408649,-0.015415,-0.072623,0.199041,0.977297,0,0.46266,0.77890,18.995,0.867,-1,-1,-1,428.169,16.851,379.071,398.305,-1,352.333,-1,-1,-1,-1,-1,523.248,-1,22.180,2,2,2,0,1,0,0,2,0,2,2,2,2,2,0,2,1
137,-4206.539,1530.135,-93.527,67.071,0.388784,-0.896617,0.211957,0.919099,0.393438,-0.021553,-0.064067,0.203188,0.977041,0,0.46450,0.77188,19.093,0.869,-1,-1,-1,428.377,17.073,371.991,398.443,-1,352.855,-1,-1,-1,873.279,-1,521.943,-1,22.179,2,2,2,0,1,0,0,2,0,2,2,2,0,2,0,2,1
138,-4202.647,1548.928,-92.379,67.970,0.374490,-0.902152,0.214196,0.925512,0.377747,-0.027123,-0.056443,0.208398,0.976414,0,0.46635,0.76478,19.192,0.899,-1,-1,-1,426.241,17.538,363.505,389.101,-1,351.619,-1,-1,-1,543.318,-1,518.765,-1,22.225,2,2,2,0,1,0,0,2,0,2,2,2,0,2,0,2,1
139,-4199.158,1567.965,-91.720,68.879,0.359910,-0.907526,0.216473,0.931720,0.361699,-0.032725,-0.048599,0.213471,0.975740,0,0.52491,0.75727,19.354,0.909,-1,-1,-1,419.748,17.221,365.601,379.256,-1,350.116,-1,-1,-1,554.991,-1,507.051,-1,22.188,2,2,2,0,1,0,0,2,0,2,2,2,0,2,0,2,1
140,-4195.907,1587.266,-91.656,69.783,0.345308,-0.913246,0.216202,0.937664,0.345383,-0.038683,-0.039346,0.216082,0.975582,0,0.52718,0.74952,19.572,0.904,-1,-1,-1,409.599,16.565,372.078,369.826,-1,350.468,-1,-1,-1,566.898,-1,494.253,-1,22.208,2,2,2,0,1,0,0,2,0,2,2,2,0,2,0,2,1
141,-4192.663,1606.812,-92.262,70.641,0.331341,-0.919218,0.212723,0.943056,0.329654,-0.044420,-0.029293,0.215328,0.976102,0,0.52945,0.74175,19.814,0.858,-1,-1,-1,400.213,15.800,763.008,361.120,-1,351.939,-1,-1,-1,579.997,-1,505.647,-1,22.488,2,2,2,0,1,0,0,2,0,2,2,2,0,2,0,2,1
142,-4189.136,1626.546,-93.366,71.362,0.319545,-0.924771,0.206615,0.947405,0.315882,-0.051402,-0.017731,0.212174,0.977071,0,0.53158,0.73448,20.047,0.720,13.291,-1,-1,392.447,9.787,808.283,355.173,-1,354.457,-1,-1,-1,591.774,-1,557.137,38.184,8.261,1,2,2,0,1,0,0,2,0,2,2,2,0,2,0,1,1
143,-4185.157,1646.318,-94.370,71.875,0.311097,-0.928903,0.200892,0.950374,0.304685,-0.062899,-0.002782,0.210491,0.977592,0,0.53326,0.72875,20.169,0.513,13.701,-1,-1,386.815,436.070,859.388,352.137,-1,355.945,-1,-1,-1,597.982,-1,614.126,30.244,548.975,1,2,2,0,0,0,0,2,0,2,2,2,0,2,0,1,0
144,-4180.434,1665.931,-95.169,72.078,0.307691,-0.931652,0.193265,0.951406,0.298605,-0.075250,0.012397,0.207027,0.978257,0,0.53425,0.72535,20.173,0.204,14.997,-1,-1,383.619,435.806,901.517,361.900,-1,359.388,-1,-1,370.634,603.915,-1,673.419,23.366,831.571,1,2,2,0,0,0,0,2,0,2,2,0,0,2,0,1,0
145,-4174.317,1684.816,-95.823,71.883,0.310849,-0.932920,0.181751,0.950106,0.299787,-0.086176,0.025908,0.199471,0.979561,0,0.53422,0.72546,19.851,-0.195,17.449,-1,-1,402.503,451.095,930.325,381.059,-1,366.674,-1,418.017,376.427,612.217,-1,737.557,22.213,-1,1,2,2,0,0,0,0,2,0,2,0,0,0,2,0,1,2
146,-4165.408,1700.256,-96.501,71.039,0.324763,-0.931838,0.161888,0.945263,0.314046,-0.088616,0.031735,0.181806,0.982822,0,0.53281,0.73030,17.826,-0.844,17.983,-1,-1,427.164,675.882,925.267,390.081,-1,382.627,-1,429.817,390.007,629.958,-1,786.576,22.317,-1,1,2,2,0,0,0,0,2,0,2,0,0,0,2,0,1,2
147,-4155.949,1714.774,-96.885,69.882,0.343700,-0.927718,0.145635,0.938305,0.332964,-0.093374,0.038133,0.168742,0.984922,0,0.52907,0.74308,17.328,-1.157,16.282,-1,-1,451.196,828.518,921.528,401.154,-1,395.077,-1,366.974,403.869,641.088,-1,831.055,22.271,-1,1,2,2,0,0,0,0,2,0,2,0,0,0,2,0,1,2
148,-4146.917,1730.126,-96.854,68.924,0.359160,-0.923343,0.135799,0.931949,0.347077,-0.104920,0.049744,0.164241,0.985165,0,0.52430,0.75936,17.812,-0.958,14.535,-1,-1,485.565,-1,932.711,426.706,-1,399.960,-1,373.243,412.227,641.983,-1,895.230,24.448,-1,1,2,2,0,2,0,0,2,0,2,0,0,0,2,0,1,2
149,-4138.811,1746.377,-96.550,68.386,0.367589,-0.920627,0.131625,0.927747,0.353190,-0.120591,0.064530,0.166442,0.983937,0,0.52014,0.77357,18.160,-0.538,13.813,-1,-1,519.899,-1,959.609,453.368,-1,398.338,-1,374.152,415.876,636.778,-1,971.443,28.757,-1,1,2,2,0,2,0,0,2,0,2,0,0,0,2,0,1,2
150,-4131.506,1763.052,-96.138,68.166,0.370771,-0.919653,0.129489,0.925408,0.354067,-0.135113,0.078409,0.169926,0.982333,0,0.51730,0.78326,18.205,-0.220,13.741,-1,-1,551.732,-1,986.776,772.302,-1,395.499,-1,374.547,405.378,618.918,-1,-1,29.656,-1,1,2,2,0,2,0,0,2,0,2,0,0,0,2,2,1,2
151,-4124.518,1779.644,-95.786,68.064,0.372148,-0.919729,0.124918,0.924054,0.354460,-0.143115,0.087349,0.168691,0.981791,0,0.51548,0.78947,18.003,-0.102,11.643,-1,-1,576.167,-1,999.439,826.905,-1,397.234,-1,379.555,396.572,617.072,-1,-1,10.416,-1,1,2,2,0,2,0,0,2,0,2,0,0,0,2,2,1,2
152,-4117.775,1796.231,-95.813,67.990,0.373182,-0.920227,0.117970,0.923211,0.355765,-0.145301,0.091740,0.163135,0.982329,0,0.51402,0.79447,17.905,-0.073,-1,-1,-1,591.692,-1,999.819,828.195,-1,402.646,-1,388.809,404.710,628.476,-1,-1,-1,-1,2,2,2,0,2,0,0,2,0,2,0,0,0,2,2,2,2
153,-4111.300,1812.936,-96.325,67.966,0.373520,-0.921089,0.109897,0.922911,0.357081,-0.143976,0.093373,0.155203,0.983460,0,0.51264,0.79916,17.916,-0.025,-1,-1,-1,600.524,-1,992.497,822.787,-1,409.717,-1,400.067,416.222,647.082,-1,-1,-1,-1,2,2,2,0,2,0,0,2,0,2,0,0,0,2,2,2,2
154,-4105.114,1829.894,-97.299,67.984,0.373201,-0.922134,0.101931,0.922970,0.357892,-0.141561,0.094058,0.146910,0.984668,0,0.51142,0.80335,18.051,0.018,13.843,-1,-1,605.788,-1,982.440,815.445,969.173,416.483,-1,411.553,428.468,667.430,-1,-1,28.431,-1,1,2,2,0,2,0,0,0,0,2,0,0,0,2,2,1,2
155,-4098.128,1850.701,-98.959,68.062,0.371907,-0.923517,0.093819,0.923362,0.357668,-0.139557,0.095327,0.138531,0.985760,0,0.51032,0.80709,21.949,0.077,13.571,-1,-1,610.680,-1,971.639,807.158,908.485,421.696,-1,424.050,441.795,688.371,-1,-1,32.748,-1,1,2,2,0,2,0,0,0,0,2,0,0,0,2,2,1,2
156,-4093.785,1864.916,-100.217,68.176,0.370003,-0.924691,0.089691,0.923951,0.356179,-0.139464,0.097016,0.134472,0.986157,0,0.50919,0.81095,14.863,0.114,13.413,-1,-1,613.509,-1,967.223,803.663,878.958,422.282,-1,430.975,449.672,698.607,-1,-1,38.434,-1,1,2,2,0,2,0,0,0,0,2,0,0,0,2,2,1,2
157,-4088.610,1883.041,-101.825,68.412,0.366055,-0.926625,0.085850,0.925129,0.352371,-0.141321,0.100700,0.131154,0.986234,0,0.50864,0.81284,18.850,0.236,13.323,-1,-1,619.602,-1,964.548,804.268,854.159,421.020,-1,431.649,458.215,705.940,-1,-1,41.106,-1,1,2,2,0,2,0,0,0,0,2,0,0,0,2,2,1,2
158,-4083.712,1901.451,-103.276,68.736,0.360713,-0.928944,0.083365,0.926885,0.347092,-0.142869,0.103782,0.128805,0.986224,0,0.50822,0.81426,19.051,0.323,13.269,-1,-1,627.027,-1,960.390,805.888,836.236,418.877,-1,436.857,468.971,713.179,-1,-1,39.452,-1,1,2,2,0,2,0,0,0,0,2,0,0,0,2,2,1,2
159,-4079.055,1920.074,-104.326,69.144,0.354068,-0.931459,0.083789,0.929359,0.340420,-0.142847,0.104533,0.128447,0.986192,0,0.60108,-0.28520,19.196,0.408,13.274,-1,-1,625.108,-1,953.062,805.644,830.593,415.018,-1,446.585,479.955,722.883,-1,-1,39.653,-1,1,2,2,0,2,0,0,0,0,2,0,0,0,2,2,1,2
160,-4074.490,1938.917,-104.871,69.605,0.346619,-0.934045,0.086105,0.932271,0.332911,-0.141567,0.103565,0.129343,0.986177,0,0.60118,-0.28550,19.387,0.461,13.309,-1,-1,617.441,15.733,943.956,804.484,833.736,410.533,-1,461.655,494.017,735.340,-1,-1,35.246,22.533,1,2,2,0,1,0,0,0,0,2,0,0,0,2,2,1,1
161,-4069.991,1957.649,-104.559,70.060,0.339248,-0.937007,0.083234,0.935144,0.326324,-0.137904,0.102056,0.124620,0.986942,0,0.60143,-0.28622,19.265,0.456,-1,-1,-1,617.508,15.750,933.889,797.494,811.241,412.282,-1,479.047,513.415,760.574,-1,-1,-1,22.521,2,2,2,0,1,0,0,0,0,2,0,0,0,2,2,2,1
162,-4065.455,1975.686,-103.220,70.294,0.335414,-0.939448,0.070251,0.936472,0.324375,-0.133417,0.102550,0.110538,0.988567,0,0.60163,-0.28678,18.599,0.234,-1,-1,-1,636.082,16.152,925.699,786.111,750.589,426.731,-1,492.212,531.479,800.447,-1,-1,-1,22.315,2,2,2,0,1,0,0,0,0,2,0,0,0,2,2,2,1
163,-4060.984,1992.763,-100.641,70.353,0.334335,-0.941102,0.050475,0.936508,0.325741,-0.129792,0.105705,0.090665,0.990256,0,0.60101,-0.28499,17.652,0.059,-1,-1,-1,666.377,17.732,922.318,778.077,681.434,452.753,-1,500.700,545.995,836.512,-1,-1,-1,22.260,2,2,2,0,1,0,0,0,0,2,0,0,0,2,2,2,1
164,-4057.446,2008.756,-96.794,70.489,0.332023,-0.942737,0.031754,0.937044,0.325782,-0.125755,0.108208,0.071509,0.991553,0,0.59977,-0.28142,16.380,0.136,-1,-1,-1,699.999,18.759,921.409,772.149,630.586,482.119,-1,513.096,565.381,877.376,-1,-1,-1,22.555,2,2,2,0,1,0,0,0,0,2,0,0,0,2,2,2,1
165,-4055.945,2023.006,-91.725,70.952,0.324485,-0.945711,0.018446,0.939800,0.320125,-0.119570,0.107173,0.056134,0.992654,0,0.59899,-0.27916,14.328,0.462,-1,-1,-1,725.052,18.698,921.350,767.735,601.829,492.323,-1,536.051,597.473,918.960,-1,-1,-1,22.534,2,2,2,0,1,0,0,0,0,2,0,0,0,2,2,2,1
166,-4056.078,2035.001,-85.309,71.668,0.312823,-0.949790,0.006419,0.944147,0.310214,-0.111149,0.103577,0.040830,0.993783,0,0.59981,-0.28154,11.996,0.717,-1,-1,-1,747.254,18.681,914.188,765.679,580.483,504.598,-1,573.915,641.307,951.564,-1,-1,-1,22.528,2,2,2,0,1,0,0,0,0,2,0,0,0,2,2,2,1
167,-4056.933,2045.461,-77.722,72.576,0.297971,-0.954553,-0.006457,0.949450,0.297065,-0.101474,0.098781,0.024106,0.994817,0,0.60195,-0.28769,10.495,0.908,-1,-1,-1,771.671,18.662,908.698,774.075,561.311,519.287,-1,601.107,676.797,988.707,-1,-1,-1,22.521,2,2,2,0,1,0,0,0,0,2,0,0,0,2,2,2,1
168,-4058.348,2055.429,-69.741,73.589,0.281314,-0.959464,-0.017069,0.955145,0.281674,-0.091423,0.092525,0.009415,0.995666,0,0.60495,-0.29637,10.068,1.013,-1,-1,-1,790.185,18.078,903.501,800.298,550.016,533.499,-1,627.840,702.808,-1,-1,-1,-1,22.341,2,2,2,0,1,0,0,0,0,2,0,0,2,2,2,2,1
169,-4059.870,2065.363,-62.249,74.609,0.264451,-0.964080,-0.024812,0.960690,0.265601,-0.080810,0.084497,-0.002467,0.996421,0,0.38476,0.39555,10.050,1.020,-1,-1,-1,797.809,12.169,897.200,828.881,544.384,547.374,-1,657.457,730.833,-1,-1,-1,-1,9.031,2,2,2,0,1,0,0,0,0,2,0,0,2,2,2,2,1
170,-4061.521,2075.305,-55.825,75.602,0.247958,-0.968301,-0.030170,0.965862,0.249505,-0.069698,0.075016,-0.011858,0.997112,0,0.38702,0.38525,10.079,0.993,-1,-1,-1,797.165,-1,907.906,841.932,541.308,559.980,-1,706.467,760.075,-1,-1,-1,-1,-1,2,2,2,0,2,0,0,0,0,2,0,0,2,2,2,2,2
171,-4063.538,2087.330,-49.757,76.763,0.228525,-0.972866,-0.036166,0.971470,0.230303,-0.056627,0.063419,-0.022193,0.997740,0,0.38923,0.37514,12.193,1.161,-1,-1,-1,790.586,-1,916.681,854.931,535.120,573.332,-1,819.366,894.544,-1,-1,-1,-1,-1,2,2,2,0,2,0,0,0,0,2,0,0,2,2,2,2,2
172,-4064.865,2095.375,-46.741,77.529,0.215602,-0.975645,-0.040402,0.974892,0.217427,-0.048085,0.055698,-0.029020,0.998026,0,0.39183,0.36328,8.154,0.767,-1,-1,-1,791.057,-1,907.713,861.445,528.434,581.411,-1,836.261,921.282,-1,-1,-1,-1,-1,2,2,2,0,2,0,0,0,0,2,0,0,2,2,2,2,2
173,-4066.508,2105.453,-44.130,78.483,0.199455,-0.978828,-0.045967,0.978825,0.201219,-0.037580,0.046033,-0.037498,0.998236,0,0.39354,0.35546,10.211,0.953,-1,-1,-1,785.778,-1,895.468,850.834,517.352,596.372,-1,-1,-1,-1,-1,-1,-1,-1,2,2,2,0,2,0,0,0,0,2,2,2,2,2,2,2,2
174,-4068.135,2115.559,-42.807,79.429,0.183338,-0.981684,-0.051810,0.982377,0.184908,-0.027285,0.036366,-0.045894,0.998284,0,0.39567,0.34575,10.236,0.946,-1,1003.508,-1,763.213,-1,883.504,839.576,503.469,627.764,-1,-1,-1,-1,-1,-1,-1,-1,2,0,2,0,2,0,0,0,0,2,2,2,2,2,2,2,2
175,-4069.397,2125.714,-42.730,80.324,0.168020,-0.983977,-0.059653,0.985412,0.169311,-0.017242,0.027066,-0.055885,0.998070,0,0.39778,0.33611,10.234,0.895,-1,979.143,-1,741.379,-1,869.848,827.832,484.030,660.405,-1,-1,-1,-1,-1,-1,-1,-1,2,0,2,0,2,0,0,0,0,2,2,2,2,2,2,2,2
176,-4069.854,2135.903,-43.793,81.082,0.155003,-0.985331,-0.071396,0.987745,0.155908,-0.007259,0.018284,-0.069396,0.997422,0,0.39972,0.32726,10.199,0.758,-1,953.650,-1,721.794,-1,853.828,815.571,456.576,701.693,-1,-1,-1,-1,-1,-1,-1,-1,2,0,2,0,2,0,0,0,0,2,2,2,2,2,2,2,2
177,-4069.953,2145.768,-45.696,81.616,0.145797,-0.985879,-0.082370,0.989290,0.145873,0.005136,0.006952,-0.082236,0.996589,0,0.40122,0.32041,9.866,0.535,-1,923.741,-1,700.754,-1,831.746,801.118,429.708,733.805,-1,-1,-1,-1,-1,-1,-1,-1,2,0,2,0,2,0,0,0,0,2,2,2,2,2,2,2,2
178,-4069.761,2154.976,-48.228,81.969,0.139701,-0.986044,-0.090559,0.990151,0.138262,0.021999,-0.009171,-0.092740,0.995648,0,0.40218,0.31604,9.210,0.353,-1,888.850,-1,683.876,-1,801.006,780.636,405.962,757.133,-1,-1,-1,-1,-1,-1,-1,-1,2,0,2,0,2,0,0,0,0,2,2,2,2,2,2,2,2
179,-4069.052,2163.265,-51.226,82.148,0.136540,-0.985955,-0.096174,0.990140,0.132761,0.044686,-0.031290,-0.101327,0.994361,0,0.40269,0.31367,8.319,0.179,-1,843.282,-1,662.710,-1,761.425,742.727,381.505,773.152,-1,-1,-1,-1,994.707,-1,-1,-1,2,0,2,0,2,0,0,0,0,2,2,2,2,0,2,2,2
180,-4067.727,2170.742,-54.194,82.212,0.135292,-0.985501,-0.102387,0.989164,0.128399,0.071190,-0.057011,-0.110909,0.992194,0,0.43081,0.52743,7.594,0.063,944.200,790.190,-1,639.960,14.629,715.415,701.414,356.706,793.910,-1,-1,-1,-1,952.594,910.121,-1,37.392,0,0,2,0,1,0,0,0,0,2,2,2,2,0,0,2,1
181,-4065.895,2177.444,-56.366,82.161,0.135921,-0.984216,-0.113336,0.987248,0.124987,0.098587,-0.082866,-0.125291,0.988653,0,0.43051,0.52872,6.948,-0.051,871.949,740.411,-1,619.494,16.163,672.541,663.315,330.829,839.129,-1,-1,-1,-1,909.763,785.913,944.505,48.240,0,0,2,0,1,0,0,0,0,2,2,2,2,0,0,0,1
182,-4064.480,2183.116,-57.304,82.010,0.138169,-0.982283,-0.126608,0.984410,0.122157,0.126547,-0.108839,-0.142120,0.983848,0,0.42985,0.53150,5.846,-0.151,820.748,692.134,-1,601.687,18.953,634.075,628.892,306.266,907.494,-1,-1,-1,-1,863.968,694.072,915.046,53.326,0,0,2,0,1,0,0,0,0,2,2,2,2,0,0,0,1
183,-4063.615,2187.939,-56.863,81.788,0.141558,-0.979592,-0.142691,0.980826,0.119288,0.154110,-0.133944,-0.161770,0.977696,0,0.42907,0.53486,4.900,-0.223,790.964,649.981,-1,587.212,23.495,599.820,597.664,283.167,-1,-1,-1,-1,-1,817.159,668.622,889.224,55.133,0,0,2,0,1,0,0,0,2,2,2,2,2,0,0,0,1
184,-4063.298,2192.138,-55.148,81.525,0.145527,-0.976046,-0.161726,0.976699,0.115670,0.180777,-0.157739,-0.184266,0.970136,0,0.42824,0.53840,4.211,-0.262,763.438,612.561,961.723,576.021,31.401,569.719,572.343,259.959,-1,-1,-1,-1,-1,765.838,648.653,842.145,54.362,0,0,0,0,1,0,0,0,2,2,2,2,2,0,0,0,1
185,-4063.551,2195.901,-52.469,81.246,0.149696,-0.971662,-0.182931,0.972131,0.110881,0.206557,-0.180420,-0.208754,0.961182,0,0.42743,0.54183,3.772,-0.279,695.724,578.789,869.930,567.408,49.888,544.061,551.660,238.789,-1,-1,-1,-1,-1,720.025,633.318,780.727,51.378,0,0,0,0,1,0,0,0,2,2,2,2,2,0,0,0,1
186,-4064.310,2199.399,-49.250,80.963,0.153821,-0.966506,-0.205438,0.967151,0.104686,0.231647,-0.202382,-0.234322,0.950860,0,0.42671,0.54491,3.579,-0.283,633.130,548.718,843.429,560.467,44.953,521.439,534.084,220.585,-1,-1,-1,-1,-1,678.326,621.828,719.428,46.438,0,0,0,0,1,0,0,0,2,2,2,2,2,0,0,0,1
187,-4065.522,2202.915,-46.019,80.711,0.157329,-0.960833,-0.228141,0.961903,0.096795,0.255682,-0.223585,-0.259675,0.939456,0,0.42609,0.54758,3.720,-0.252,572.535,521.605,820.810,554.400,38.147,501.000,518.811,204.026,-1,-1,-1,-1,-1,639.419,612.791,657.802,39.885,0,0,0,0,1,0,0,0,2,2,2,2,2,0,0,0,1
188,-4067.036,2206.542,-43.163,80.423,0.161345,-0.954659,-0.250187,0.956226,0.088513,0.278921,-0.244129,-0.284237,0.927152,0,0.42562,0.54956,3.930,-0.288,520.480,496.310,802.811,548.459,29.892,479.910,502.966,188.488,-1,-1,-1,-1,-1,603.094,603.975,604.210,31.246,0,0,0,0,1,0,0,0,2,2,2,2,2,0,0,0,1
189,-4068.654,2210.204,-40.915,80.064,0.166385,-0.948041,-0.271173,0.949828,0.080229,0.302307,-0.264843,-0.307867,0.913825,0,0.42513,0.55166,4.003,-0.359,466.764,469.723,784.877,541.475,20.173,458.591,486.578,173.404,-1,-1,-1,-1,-1,568.491,593.638,549.673,21.084,0,0,0,0,1,0,0,0,2,2,2,2,2,0,0,0,1
190,-4070.272,2214.038,-39.341,79.643,0.172324,-0.941373,-0.290035,0.942896,0.072435,0.325116,-0.285046,-0.329498,0.900100,0,0.42450,0.55437,4.161,-0.421,18.653,443.668,767.373,529.084,-1,437.858,470.169,159.274,-1,-1,-1,-1,-1,535.256,581.950,22.518,688.838,1,0,0,0,2,0,0,0,2,2,2,2,2,0,0,1,0
191,-4071.667,2218.387,-38.053,79.184,0.178934,-0.935644,-0.304225,0.936542,0.067239,0.344048,-0.301451,-0.346481,0.888301,0,0.42371,0.55772,4.568,-0.459,18.555,423.683,739.082,518.294,-1,421.451,456.925,151.525,-1,-1,-1,-1,-1,509.785,570.944,22.485,670.318,1,0,0,0,2,0,0,0,2,2,2,2,2,0,0,1,0
192,-4072.697,2223.367,-36.836,78.758,0.185135,-0.931543,-0.312973,0.931417,0.064784,0.358142,-0.313349,-0.357812,0.879649,0,0.42278,0.56170,5.085,-0.425,17.975,410.298,715.411,509.921,-1,410.098,447.489,148.352,-1,-1,-1,-1,-1,492.457,561.659,22.315,662.450,1,0,0,0,2,0,0,0,2,2,2,2,2,0,0,1,0
193,-4073.358,2228.979,-35.713,78.418,0.190136,-0.929363,-0.316437,0.927720,0.064623,0.367641,-0.321223,-0.363467,0.874476,0,0.42183,0.56572,5.650,-0.340,17.166,402.458,699.537,503.688,-1,403.095,441.263,146.895,-1,-1,-1,-1,-1,481.878,554.195,22.184,655.602,1,0,0,0,2,0,0,0,2,2,2,2,2,0,0,1,0
194,-4073.450,2235.088,-34.715,78.133,0.194427,-0.928435,-0.316555,0.925226,0.066386,0.373564,-0.325815,-0.365516,0.871919,0,0.42100,0.56930,6.110,-0.285,16.487,398.530,689.450,499.088,-1,399.256,437.438,146.707,-1,-1,-1,-1,-1,476.019,547.933,22.222,650.000,1,0,0,0,2,0,0,0,2,2,2,2,2,0,0,1,0
195,-4072.908,2241.542,-33.956,77.862,0.198652,-0.928136,-0.314804,0.923635,0.069868,0.376851,-0.327774,-0.365627,0.871138,0,0.42015,0.57289,6.477,-0.271,15.933,397.166,683.398,495.545,-1,397.520,435.250,147.322,-1,-1,-1,-1,-1,473.301,542.197,22.413,645.828,1,0,0,0,2,0,0,0,2,2,2,2,2,0,0,1,0
196,-4071.869,2248.347,-33.770,77.615,0.202633,-0.928221,-0.312002,0.922774,0.074353,0.378101,-0.327763,-0.364523,0.871604,0,0.41920,0.57696,6.884,-0.247,15.488,397.094,679.243,492.451,-1,396.794,433.810,148.173,-1,-1,-1,-1,-1,472.224,536.695,22.731,642.111,1,0,0,0,2,0,0,0,2,2,2,2,2,0,0,1,0
197,-4070.373,2255.439,-34.367,77.408,0.206053,-0.928462,-0.309031,0.922416,0.078878,0.378058,-0.326636,-0.362955,0.872681,0,0.41818,0.58132,7.248,-0.207,15.335,397.071,675.446,489.211,-1,396.013,432.253,148.833,-1,-1,-1,-1,-1,471.323,531.141,22.889,637.852,1,0,0,0,2,0,0,0,2,2,2,2,2,0,0,1,0
198,-4068.517,2262.765,-35.824,77.225,0.209120,-0.928882,-0.305691,0.922283,0.083433,0.377402,-0.325058,-0.360856,0.874140,0,0.41714,0.58577,7.558,-0.183,10.394,396.404,670.896,485.087,-1,394.479,429.868,149.179,-1,-1,-1,-1,-1,469.777,524.862,8.783,632.442,1,0,0,0,2,0,0,0,2,2,2,2,2,0,0,1,0
199,-4066.305,2270.285,-38.122,77.047,0.212102,-0.929449,-0.301889,0.922135,0.088076,0.376709,-0.323543,-0.358283,0.875759,0,0.41605,0.59039,7.838,-0.178,354.272,394.619,664.807,479.548,996.515,391.717,426.174,149.196,-1,-1,-1,-1,-1,467.018,517.296,417.001,622.409,0,0,0,0,0,0,0,0,2,2,2,2,2,0,0,0,0
200,-4063.851,2277.953,-41.203,76.841,0.215477,-0.930377,-0.296595,0.921664,0.093409,0.376577,-0.322654,-0.354505,0.877622,0,0.41488,0.59539,8.051,-0.205,353.094,391.467,656.424,471.816,967.276,387.340,420.607,151.931,-1,-1,-1,-1,-1,462.786,508.213,414.766,607.835,0,0,0,0,0,0,0,0,2,2,2,2,2,0,0,0,0
201,-4061.130,2285.751,-44.936,76.604,0.219272,-0.931793,-0.289279,0.920705,0.099510,0.377360,-0.322836,-0.349085,0.879726,0,0.41357,0.60099,8.260,-0.237,13.929,386.841,645.336,461.554,922.059,381.182,412.905,159.313,-1,-1,-1,-1,-1,456.944,497.588,11.954,588.279,1,0,0,0,0,0,0,0,2,2,2,2,2,0,0,1,0
202,-4058.005,2293.736,-49.020,76.366,0.223011,-0.933474,-0.280878,0.919440,0.105691,0.378760,-0.323876,-0.342718,0.881844,0,0.41210,0.60725,8.574,-0.238,14.868,381.170,632.359,449.706,13.394,373.728,403.804,173.305,-1,-1,-1,-1,-1,449.880,485.770,23.606,27.420,1,0,0,0,1,0,0,0,2,2,2,2,2,0,0,1,1
203,-4054.562,2302.392,-53.028,76.179,0.226070,-0.934879,-0.273665,0.918929,0.111460,0.378348,-0.323206,-0.337012,0.884285,0,0.72465,-0.17536,9.316,-0.187,14.866,376.921,621.651,439.729,13.395,367.711,396.368,190.064,-1,-1,-1,-1,-1,444.390,474.667,23.612,37.877,1,0,0,0,1,0,0,0,2,2,2,2,2,0,0,1,1
204,-4050.944,2312.039,-56.971,76.044,0.228422,-0.936420,-0.266348,0.919171,0.117270,0.375994,-0.320854,-0.330705,0.887517,0,0.72182,-0.16853,10.303,-0.135,14.803,373.726,613.028,431.240,13.424,363.278,390.418,210.818,-1,-1,-1,-1,-1,440.801,463.876,23.742,37.881,1,0,0,0,1,0,0,0,2,2,2,2,2,0,0,1,1
205,-4047.183,2322.526,-60.862,75.921,0.230574,-0.938303,-0.257728,0.919362,0.123304,0.373591,-0.318763,-0.323085,0.891070,0,0.71900,-0.16171,11.141,-0.123,349.096,369.711,603.712,422.211,13.418,358.768,384.115,235.385,-1,-1,-1,-1,-1,437.246,452.225,395.347,38.152,0,0,0,0,1,0,0,0,2,2,2,2,2,0,0,0,1
206,-4043.312,2333.771,-64.701,75.792,0.232709,-0.940570,-0.247336,0.919140,0.129582,0.372009,-0.317850,-0.313906,0.894670,0,0.71602,-0.15450,11.893,-0.128,351.009,364.942,592.454,411.812,13.460,353.429,376.650,255.983,-1,-1,-1,-1,-1,432.817,439.239,392.626,36.193,0,0,0,0,1,0,0,0,2,2,2,2,2,0,0,0,1
207,-4039.203,2345.692,-68.394,75.649,0.234966,-0.942899,-0.236078,0.918360,0.135781,0.371723,-0.318442,-0.304147,0.897825,0,0.71282,-0.14676,12.609,-0.144,351.871,359.125,577.812,399.426,13.432,346.986,367.940,269.425,-1,-1,-1,-1,-1,426.760,425.002,388.633,37.487,0,0,0,0,1,0,0,0,2,2,2,2,2,0,0,0,1
208,-4034.798,2358.193,-71.869,75.513,0.236952,-0.945216,-0.224546,0.917064,0.141319,0.372858,-0.320699,-0.294272,0.900309,0,0.70928,-0.13821,13.254,-0.136,349.496,352.181,558.206,385.406,13.405,338.846,358.100,283.684,-1,-1,-1,-1,-1,418.426,409.679,383.047,38.941,0,0,0,0,1,0,0,0,2,2,2,2,2,0,0,0,1
209,-4030.271,2371.376,-75.324,75.347,0.239357,-0.947333,-0.212763,0.915440,0.147171,0.374579,-0.323539,-0.284430,0.902453,0,0.70547,-0.12898,13.939,-0.166,345.267,344.605,537.373,370.787,13.412,330.148,347.444,295.789,-1,-1,-1,-1,-1,409.189,393.694,376.643,38.525,0,0,0,0,1,0,0,0,2,2,2,2,2,0,0,0,1
210,-4025.588,2385.231,-78.772,75.172,0.241854,-0.949269,-0.200984,0.913568,0.152976,0.376818,-0.326956,-0.274747,0.904220,0,0.70126,-0.11880,14.625,-0.175,340.283,336.398,515.688,355.600,13.413,320.941,336.121,303.680,-1,-1,-1,-1,-1,399.113,377.101,369.334,38.518,0,0,0,0,1,0,0,0,2,2,2,2,2,0,0,0,1
211,-4020.720,2399.719,-82.196,74.985,0.244455,-0.951036,-0.189137,0.911369,0.158737,0.379748,-0.331131,-0.265204,0.905549,0,0.69669,-0.10776,15.284,-0.187,334.304,327.465,493.028,339.806,13.408,311.136,324.227,312.844,-1,-1,-1,-1,-1,388.074,359.851,361.004,38.741,0,0,0,0,1,0,0,0,2,2,2,2,2,0,0,0,1
212,-4015.708,2414.800,-85.598,74.786,0.247159,-0.952648,-0.177125,0.908824,0.164508,0.383375,-0.336083,-0.255730,0.906449,0,0.69172,-0.09573,15.892,-0.199,327.381,317.838,469.507,323.443,13.364,300.758,311.783,327.718,-1,-1,-1,-1,-1,376.104,342.748,350.489,41.530,0,0,0,0,1,0,0,0,2,2,2,2,2,0,0,0,1
213,-4011.256,2430.280,-88.590,74.664,0.248689,-0.954113,-0.166800,0.906826,0.168846,0.386208,-0.340323,-0.247305,0.907205,0,0.68632,-0.08268,16.107,-0.122,321.016,309.196,450.803,307.973,13.268,291.575,300.788,342.408,-1,-1,-1,-1,-1,365.304,328.516,340.659,51.686,0,0,0,0,1,0,0,0,2,2,2,2,2,0,0,0,1
214,-4007.318,2445.626,-90.011,74.534,0.250567,-0.953996,-0.164647,0.905599,0.170857,0.388199,-0.342209,-0.246374,0.906748,0,0.45496,-1.00000,15.844,-0.130,314.252,302.720,436.134,295.714,13.384,285.377,294.065,352.960,-1,-1,-1,-1,-1,356.935,319.255,331.763,59.285,0,0,0,0,1,0,0,0,2,2,2,2,2,0,0,0,1
215,-4004.239,2460.773,-89.542,74.383,0.253024,-0.952161,-0.171369,0.905198,0.170478,0.389300,-0.341462,-0.253625,0.905029,0,0.45496,-1.00000,15.456,-0.151,307.507,298.917,424.817,287.180,14.030,282.683,292.258,358.827,-1,-1,-1,-1,-1,351.547,315.661,324.281,60.431,0,0,0,0,1,0,0,0,2,2,2,2,2,0,0,0,1
216,-4001.803,2476.284,-87.844,74.246,0.255528,-0.948889,-0.185242,0.905802,0.167989,0.388975,-0.337976,-0.267186,0.902432,0,0.45496,-1.00000,15.701,-0.137,300.973,297.328,420.675,283.650,16.586,282.854,294.417,357.460,-1,-1,-1,-1,-1,348.651,316.790,317.869,55.538,0,0,0,0,1,0,0,0,2,2,2,2,2,0,0,0,1
217,-3999.619,2492.116,-85.817,74.084,0.258555,-0.944310,-0.203538,0.906706,0.164557,0.388336,-0.333216,-0.284956,0.898759,0,0.45496,-1.00000,15.981,-0.162,293.161,295.608,418.133,285.552,43.574,283.850,298.187,351.035,-1,-1,-1,-1,-1,346.069,320.042,310.322,45.114,0,0,0,0,1,0,0,0,2,2,2,2,2,0,0,0,1
218,-3996.935,2507.491,-83.695,73.709,0.265096,-0.936462,-0.229701,0.907067,0.161404,0.388816,-0.327037,-0.311428,0.892222,0,0.45496,-1.00000,15.608,-0.375,280.814,292.631,414.287,287.716,35.847,284.628,303.470,339.282,-1,-1,-1,-1,-1,341.971,325.139,298.989,37.483,0,0,0,0,1,0,0,0,2,2,2,2,2,0,0,0,1
219,-3993.483,2522.248,-81.951,73.087,0.275650,-0.924760,-0.262365,0.906555,0.159332,0.390860,-0.319649,-0.345589,0.882266,0,0.45496,-1.00000,15.155,-0.621,263.964,288.005,407.561,289.121,13.707,283.353,308.114,323.169,-1,-1,-1,-1,-1,335.679,329.503,283.393,14.267,0,0,0,0,1,0,0,0,2,2,2,2,2,0,0,0,1
220,-3989.674,2536.871,-81.071,72.373,0.287800,-0.910776,-0.296070,0.905798,0.158488,0.392953,-0.310968,-0.381271,0.870592,0,0.45496,-1.00000,15.111,-0.714,10.834,282.665,399.234,289.852,794.885,281.465,310.673,306.548,-1,-1,-1,-1,-1,328.558,333.104,22.618,447.783,1,0,0,0,0,0,0,0,2,2,2,2,2,0,0,1,0
221,-3985.445,2551.339,-80.686,71.596,0.301227,-0.894681,-0.329861,0.905297,0.159674,0.393627,-0.299501,-0.417193,0.858050,0,0.45496,-1.00000,15.073,-0.778,18.724,278.176,391.049,291.448,-1,280.525,308.687,290.192,-1,-1,-1,-1,-1,322.127,337.042,22.543,526.031,1,0,0,0,2,0,0,0,2,2,2,2,2,0,0,1,0
222,-3980.572,2565.135,-79.999,70.773,0.315693,-0.876224,-0.364101,0.905199,0.163049,0.392467,-0.284522,-0.453483,0.844630,0,0.45496,-1.00000,14.632,-0.822,18.567,275.071,384.573,294.463,-1,282.112,306.305,273.701,-1,817.287,-1,-1,-1,317.913,342.586,22.489,631.238,1,0,0,0,2,0,0,0,2,0,2,2,2,0,0,1,0
223,-3975.644,2578.426,-78.902,70.095,0.328341,-0.857780,-0.395482,0.906765,0.168991,0.386290,-0.264519,-0.485444,0.833291,0,0.45496,-1.00000,14.175,-0.679,18.705,276.902,383.800,300.623,-1,286.963,307.277,261.685,-1,433.157,-1,-1,-1,317.218,380.380,22.536,773.643,1,0,0,0,2,0,0,0,2,0,2,2,2,0,0,1,0
224,-3970.577,2591.839,-77.771,69.606,0.338415,-0.839807,-0.424499,0.910246,0.177770,0.373966,-0.238596,-0.512955,0.824591,0,0.45496,-1.00000,14.338,-0.489,18.672,283.950,396.140,310.505,-1,295.197,311.837,252.477,-1,183.991,-1,-1,-1,322.621,503.050,22.525,980.845,1,0,0,0,2,0,0,0,2,0,2,2,2,0,0,1,0
225,-3964.897,2604.974,-76.304,69.222,0.346996,-0.820550,-0.454192,0.914519,0.188649,0.357864,-0.207962,-0.539545,0.815869,0,0.45496,-1.00000,14.311,-0.384,18.658,292.658,427.760,383.101,-1,305.422,319.360,244.415,-1,178.996,-1,-1,-1,332.647,637.843,22.520,-1,1,0,0,0,2,0,0,0,2,0,2,2,2,0,0,1,2
226,-3958.560,2617.775,-74.597,68.939,0.353897,-0.799448,-0.485428,0.919003,0.200811,0.339276,-0.173754,-0.566179,0.805761,0,0.45496,-1.00000,14.283,-0.283,18.602,302.624,486.891,492.482,-1,305.137,331.241,237.270,-1,175.512,-1,-1,-1,346.402,839.820,22.501,-1,1,0,0,0,2,0,0,0,2,0,2,2,2,0,0,1,2
227,-3951.729,2630.346,-72.964,68.747,0.359086,-0.776426,-0.517899,0.923226,0.214174,0.319034,-0.136786,-0.592699,0.793724,0,0.45496,-1.00000,14.307,-0.192,18.159,314.858,626.628,620.200,-1,306.343,351.515,229.928,-1,171.679,-1,-1,-1,351.416,-1,22.363,-1,1,0,0,0,2,0,0,0,2,0,2,2,2,0,2,1,2
228,-3944.795,2642.816,-71.735,68.711,0.361234,-0.753572,-0.549217,0.927055,0.226820,0.298532,-0.100392,-0.616994,0.780538,0,-0.14340,-1.00000,14.269,-0.035,16.957,327.779,809.126,785.670,-1,307.903,373.740,223.410,-1,168.511,-1,-1,-1,351.699,-1,22.178,-1,1,0,0,0,2,0,0,0,2,0,2,2,2,0,2,1,2
229,-3938.591,2655.172,-70.937,68.752,0.361514,-0.735704,-0.572754,0.929745,0.238421,0.280589,-0.069874,-0.633952,0.770209,0,-0.14340,-1.00000,13.825,0.041,15.423,337.215,-1,969.547,-1,308.171,422.628,219.722,-1,169.615,-1,-1,-1,351.161,-1,22.795,-1,1,0,2,0,2,0,0,0,2,0,2,2,2,0,2,1,2
230,-3932.014,2669.889,-70.388,68.903,0.359609,-0.722583,-0.590385,0.932098,0.248825,0.263209,-0.043288,-0.644949,0.762999,0,-0.14340,-1.00000,16.120,0.151,13.682,337.222,-1,-1,-1,305.528,467.912,218.476,-1,175.996,-1,-1,-1,348.397,-1,30.535,-1,1,0,2,2,2,0,0,0,2,0,2,2,2,0,2,1,2
231,-3928.031,2679.513,-70.160,69.049,0.357393,-0.718698,-0.596442,0.933408,0.253028,0.254413,-0.031929,-0.647649,0.761269,0,-0.14340,-1.00000,10.416,0.146,13.268,334.013,-1,-1,-1,302.349,487.818,217.946,-1,182.649,-1,-1,-1,344.999,-1,28.002,-1,1,0,2,2,2,0,0,0,2,0,2,2,2,0,2,1,2
232,-3923.533,2691.175,-70.005,69.277,0.353746,-0.719445,-0.597715,0.935010,0.254974,0.246465,-0.024916,-0.646055,0.762884,0,-0.14340,-1.00000,12.499,0.228,14.217,327.850,-1,-1,-1,300.724,498.731,219.124,-1,193.322,-1,-1,-1,339.013,-1,27.190,-1,1,0,2,2,2,0,0,0,2,0,2,2,2,0,2,1,2
233,-3919.467,2702.544,-70.270,69.558,0.349165,-0.724922,-0.593778,0.936782,0.254569,0.240071,-0.022876,-0.640065,0.767980,0,-0.14340,-1.00000,12.074,0.281,18.522,320.054,-1,-1,-1,297.752,498.140,221.669,-1,205.585,-1,-1,-1,331.812,-1,27.498,-1,1,0,2,2,2,0,0,0,2,0,2,2,2,0,2,1,2
234,-3915.645,2713.615,-71.121,69.941,0.342893,-0.733523,-0.586830,0.939080,0.252024,0.233694,-0.023525,-0.631212,0.775253,0,-0.14340,-1.00000,11.712,0.383,27.843,311.220,-1,-1,-1,297.677,490.364,224.823,-1,217.960,-1,-1,-1,324.005,-1,28.569,-1,1,0,2,2,2,0,0,0,2,0,2,2,2,0,2,1,2
235,-3912.007,2724.389,-72.664,70.442,0.334652,-0.744313,-0.577933,0.942019,0.248169,0.225861,-0.024685,-0.620009,0.784207,0,-0.14340,-1.00000,11.372,0.501,31.197,302.091,-1,-1,-1,299.832,479.507,228.353,-1,229.685,-1,-1,-1,316.356,-1,32.227,-1,1,0,2,2,2,0,0,0,2,0,2,2,2,0,2,1,2
236,-3908.505,2734.846,-74.846,71.084,0.324078,-0.756931,-0.567477,0.945704,0.243460,0.215338,-0.024838,-0.606451,0.794733,0,-0.14340,-1.00000,11.028,0.642,33.674,294.628,-1,-1,-1,304.253,468.664,232.423,-1,240.348,-1,-1,-1,311.268,-1,34.804,-1,1,0,2,2,2,0,0,0,2,0,2,2,2,0,2,1,2
237,-3905.126,2745.046,-77.727,71.860,0.311254,-0.771123,-0.555419,0.950025,0.237750,0.202307,-0.023953,-0.590630,0.806587,0,-0.14340,-1.00000,10.745,0.776,28.635,288.074,-1,-1,-1,310.911,457.769,237.085,-1,249.881,-1,-1,-1,308.779,-1,33.706,-1,1,0,2,2,2,0,0,0,2,0,2,2,2,0,2,1,2
238,-3901.747,2754.970,-81.306,72.738,0.296664,-0.786068,-0.542298,0.954725,0.230957,0.187508,-0.022146,-0.573372,0.818996,0,-0.14340,-1.00000,10.484,0.878,15.669,281.999,-1,994.869,-1,319.209,446.823,241.893,-1,258.071,-1,-1,-1,307.234,-1,32.441,-1,1,0,2,0,2,0,0,0,2,0,2,2,2,0,2,1,2
239,-3898.407,2764.620,-85.632,73.722,0.280251,-0.801809,-0.527789,0.959728,0.222840,0.171071,-0.019554,-0.554477,0.831970,0,-0.14340,-1.00000,10.212,0.983,13.292,276.395,-1,935.238,-1,314.236,435.503,246.874,-1,264.917,-1,-1,-1,315.449,-1,33.716,-1,1,0,2,0,2,0,0,0,2,0,2,2,2,0,2,1,2
240,-3895.044,2773.988,-90.700,74.784,0.262432,-0.817844,-0.512114,0.964817,0.213550,0.153380,-0.016079,-0.534348,0.845112,0,-0.14340,-1.00000,9.953,1.062,14.464,271.499,-1,880.097,-1,302.262,424.020,251.863,-1,270.380,-1,-1,-1,340.005,-1,24.681,-1,1,0,2,0,2,0,0,0,2,0,2,2,2,0,2,1,2
241,-3891.069,2782.642,-96.134,75.764,0.245904,-0.831412,-0.498282,0.969225,0.204774,0.136640,-0.011569,-0.516547,0.856181,0,-0.14340,-1.00000,9.523,0.980,17.229,269.814,-1,837.545,-1,291.651,413.926,255.430,-1,274.037,-1,-1,-1,344.719,-1,22.188,-1,1,0,2,0,2,0,0,0,2,0,2,2,2,0,2,1,2
242,-3885.749,2789.756,-101.260,76.436,0.234527,-0.839712,-0.489776,0.972091,0.199446,0.123534,-0.006049,-0.505079,0.863052,0,-0.14340,-1.00000,8.883,0.672,17.240,266.423,-1,815.406,-1,283.641,407.353,256.149,-1,275.834,253.777,-1,-1,342.077,-1,22.190,-1,1,0,2,0,2,0,0,0,2,0,0,2,2,0,2,1,2
243,-3880.078,2795.753,-106.287,76.794,0.228460,-0.847213,-0.479620,0.973553,0.198999,0.112221,0.000369,-0.492574,0.870271,0,-0.14340,-1.00000,8.255,0.358,17.186,262.532,-1,796.573,-1,277.790,402.020,257.714,-1,279.474,248.588,-1,-1,340.931,-1,22.186,-1,1,0,2,0,2,0,0,0,2,0,0,2,2,0,2,1,2
244,-3874.164,2801.148,-111.113,76.943,0.225913,-0.855513,-0.465898,0.974114,0.202376,0.100729,0.008112,-0.476594,0.879086,0,0.51116,-0.28194,8.005,0.149,17.675,259.144,-1,778.635,-1,273.845,398.328,261.499,-1,284.122,242.948,-1,-1,342.341,-1,22.249,-1,1,0,2,0,2,0,0,0,2,0,0,2,2,0,2,1,2
245,-3867.787,2806.347,-115.645,76.953,0.225720,-0.864506,-0.449088,0.974028,0.208726,0.087763,0.017864,-0.457234,0.889167,0,0.51116,-0.28194,8.227,0.010,17.779,256.660,-1,765.317,-1,271.757,397.634,266.780,-1,289.345,237.490,-1,-1,346.921,-1,22.270,-1,1,0,2,0,2,0,0,0,2,0,0,2,2,0,2,1,2
246,-3860.872,2811.208,-119.788,76.875,0.226980,-0.874258,-0.429130,0.973498,0.216328,0.074192,0.027970,-0.434598,0.900190,0,0.51116,-0.28194,8.453,-0.077,17.964,254.718,-1,750.163,-1,270.884,397.595,274.741,-1,298.150,232.779,-1,-1,353.663,-1,22.312,-1,1,0,2,0,2,0,0,0,2,0,0,2,2,0,2,1,2
247,-3853.439,2815.867,-123.648,76.766,0.228758,-0.884638,-0.406307,0.972750,0.223926,0.060128,0.037792,-0.408989,0.911756,0,0.51116,-0.28194,8.773,-0.109,18.134,253.087,-1,730.957,-1,270.633,397.078,285.400,-1,310.668,228.778,-1,-1,361.865,-1,22.356,-1,1,0,2,0,2,0,0,0,2,0,0,2,2,0,2,1,2
248,-3845.807,2820.384,-127.194,76.521,0.232848,-0.894056,-0.382683,0.971456,0.232170,0.048677,0.045327,-0.383094,0.922597,0,0.51116,-0.28194,8.869,-0.245,18.292,249.812,-1,704.308,-1,269.946,393.441,297.808,-1,326.635,227.167,-1,-1,374.008,-1,22.402,-1,1,0,2,0,2,0,0,0,2,0,0,2,2,0,2,1,2
249,-3838.391,2824.833,-129.854,76.065,0.240554,-0.900124,-0.363195,0.969496,0.240946,0.044973,0.047029,-0.362934,0.930627,0,0.51116,-0.28194,8.648,-0.456,18.663,243.823,-1,668.365,-1,267.162,383.548,307.641,-1,344.955,230.650,209.639,-1,381.728,-1,22.521,-1,1,0,2,0,2,0,0,0,2,0,0,0,2,0,2,1,2
250,-3831.483,2829.555,-131.611,75.502,0.250104,-0.903322,-0.348507,0.967242,0.249271,0.048032,0.043484,-0.349104,0.936075,0,0.51116,-0.28194,8.367,-0.563,18.369,238.445,-1,627.752,-1,262.095,368.904,314.166,784.869,364.534,238.795,212.826,-1,375.361,-1,22.425,-1,1,0,2,0,2,0,0,0,1,0,0,0,2,0,2,1,2
251,-3825.365,2834.921,-132.251,75.092,0.257097,-0.904911,-0.339173,0.965676,0.254011,0.054292,0.037024,-0.341490,0.939156,0,0.51116,-0.28194,8.138,-0.411,17.739,232.529,-1,591.913,23.660,255.387,354.214,317.755,776.433,378.461,249.447,222.187,-1,361.620,-1,22.261,33.882,1,0,2,0,1,0,0,0,1,0,0,0,2,0,2,1,1
252,-3819.912,2840.671,-131.042,74.788,0.262252,-0.903291,-0.339542,0.964417,0.257554,0.059711,0.033514,-0.343120,0.938694,0,0.51116,-0.28194,7.924,-0.304,16.631,227.711,-1,584.207,14.257,250.503,350.384,317.255,772.022,386.576,259.539,-1,-1,353.804,-1,22.199,40.362,1,0,2,0,1,0,0,0,1,0,0,2,2,0,2,1,1
253,-3815.462,2847.094,-128.492,74.633,0.264850,-0.900543,-0.344784,0.963678,0.259914,0.061391,0.034329,-0.348521,0.936672,0,0.51116,-0.28194,7.814,-0.155,15.591,224.607,-1,599.682,13.278,247.677,356.889,316.029,769.502,390.687,268.085,-1,-1,357.615,-1,22.640,38.153,1,0,2,0,1,0,0,0,1,0,0,2,2,0,2,1,1
254,-3812.254,2854.287,-125.351,74.680,0.264021,-0.898802,-0.349924,0.963769,0.260122,0.059033,0.037964,-0.352832,0.934916,0,0.51116,-0.28194,7.877,0.047,15.432,223.176,-1,626.252,13.267,257.830,369.102,316.571,766.573,394.000,275.328,-1,-1,371.017,-1,22.786,26.790,1,0,2,0,1,0,0,0,1,0,0,2,2,0,2,1,1
255,-3809.743,2861.786,-121.935,74.792,0.262084,-0.897612,-0.354408,0.964089,0.259875,0.054752,0.042956,-0.356030,0.933487,0,0.51116,-0.28194,7.908,0.112,15.731,234.993,-1,658.685,-1,270.811,384.251,318.336,-1,397.245,282.130,-1,-1,389.783,-1,22.534,-1,1,0,2,0,2,0,0,0,2,0,0,2,2,0,2,1,2
256,-3807.563,2869.360,-118.329,74.864,0.260786,-0.896035,-0.359321,0.964124,0.260833,0.049300,0.049548,-0.359287,0.931911,0,0.51116,-0.28194,7.881,0.072,15.978,249.997,-1,700.192,-1,286.792,402.862,320.290,-1,399.494,288.511,-1,-1,413.449,-1,22.390,-1,1,0,2,0,2,0,0,0,2,0,0,2,2,0,2,1,2
257,-3805.686,2876.854,-114.626,74.907,0.259960,-0.894137,-0.364610,0.963895,0.262841,0.042671,0.057681,-0.362539,0.930182,0,0.51116,-0.28194,7.726,0.042,16.217,274.293,-1,751.329,-1,305.804,424.441,322.002,-1,400.683,294.170,-1,-1,441.938,-1,22.292,-1,1,0,2,0,2,0,0,0,2,0,0,2,2,0,2,1,2
258,-3803.929,2884.187,-110.994,74.918,0.259626,-0.891669,-0.370839,0.963390,0.265743,0.035503,0.066891,-0.366480,0.928018,0,0.22600,-0.86751,7.540,0.011,16.616,300.902,-1,813.300,-1,326.952,448.803,322.627,-1,400.526,299.034,305.526,-1,473.856,-1,22.200,-1,1,0,2,0,2,0,0,0,2,0,0,0,2,0,2,1,2
259,-3802.113,2891.200,-107.624,74.863,0.260357,-0.888228,-0.378505,0.962466,0.269878,0.028723,0.076637,-0.371776,0.925153,0,0.22600,-0.86751,7.245,-0.054,17.131,322.496,-1,886.439,-1,348.551,474.972,321.894,-1,397.115,303.222,274.848,-1,506.690,-1,22.182,-1,1,0,2,0,2,0,0,0,2,0,0,0,2,0,2,1,2
260,-3800.090,2897.932,-104.718,74.744,0.262136,-0.883694,-0.387777,0.961096,0.275315,0.022290,0.087063,-0.378533,0.921484,0,0.22600,-0.86751,7.029,-0.119,17.716,340.090,-1,975.242,-1,370.570,502.968,319.493,-1,390.479,306.443,277.294,-1,539.645,-1,22.258,-1,1,0,2,0,2,0,0,0,2,0,0,0,2,0,2,1,2
261,-3797.735,2904.332,-102.410,74.560,0.264929,-0.878053,-0.398542,0.959225,0.282196,0.015917,0.098491,-0.386508,0.917012,0,0.22600,-0.86751,6.820,-0.184,18.315,357.767,-1,-1,-1,393.806,533.278,315.486,-1,381.191,308.326,277.887,-1,573.849,-1,22.409,-1,1,0,2,2,2,0,0,0,2,0,0,0,2,0,2,1,2
262,-3794.966,2910.317,-100.760,74.337,0.268300,-0.871470,-0.410554,0.956897,0.290283,0.009166,0.111189,-0.395317,0.911790,0,0.22600,-0.86751,6.594,-0.223,18.705,376.291,-1,-1,-1,419.095,567.014,310.182,-1,369.431,308.462,275.705,-1,611.262,-1,22.536,-1,1,0,2,2,2,0,0,0,2,0,0,0,2,0,2,1,2
263,-3791.767,2915.852,-99.751,74.094,0.271883,-0.864093,-0.423583,0.954102,0.299479,0.001478,0.125577,-0.404543,0.905856,0,0.22600,-0.86751,6.393,-0.243,18.664,396.764,-1,-1,-1,448.011,606.004,303.978,-1,353.920,306.568,270.095,-1,654.211,-1,22.522,-1,1,0,2,2,2,0,0,0,2,0,0,0,2,0,2,1,2
264,-3788.240,2921.110,-99.332,73.881,0.274826,-0.856320,-0.437250,0.950980,0.309155,-0.007733,0.141800,-0.413691,0.899307,0,0.22600,-0.86751,6.331,-0.213,18.654,420.111,-1,-1,-1,481.633,651.944,297.325,-1,335.047,302.638,260.795,-1,706.813,-1,22.518,-1,1,0,2,2,2,0,0,0,2,0,0,0,2,0,2,1,2
265,-3784.574,2926.110,-99.232,73.684,0.277400,-0.848807,-0.450085,0.947624,0.318914,-0.017385,0.158295,-0.421689,0.892817,0,0.22600,-0.86751,6.200,-0.198,18.590,445.428,-1,-1,-1,518.839,702.810,291.212,-1,317.498,295.521,253.725,-1,767.408,-1,22.496,-1,1,0,2,2,2,0,0,0,2,0,0,0,2,0,2,1,2
266,-3781.045,2930.687,-98.940,73.453,0.280590,-0.842918,-0.459085,0.944414,0.327829,-0.024701,0.171322,-0.426636,0.888049,0,0.22600,-0.86751,5.780,-0.230,18.450,467.887,-1,-1,-1,551.741,747.175,286.434,-1,306.314,288.023,251.936,-1,823.172,-1,22.451,-1,1,0,2,2,2,0,0,0,2,0,0,0,2,0,2,1,2
267,-3778.060,2934.454,-98.195,73.207,0.284261,-0.839988,-0.462186,0.941909,0.334628,-0.028853,0.178896,-0.427135,0.886314,0,0.22600,-0.86751,4.806,-0.247,18.497,484.143,-1,-1,-1,573.572,775.243,285.518,-1,303.657,286.534,252.948,-1,864.743,-1,22.465,-1,1,0,2,2,2,0,0,0,2,0,0,0,2,0,2,1,2
268,-3775.725,2937.590,-96.991,72.974,0.287907,-0.840152,-0.459624,0.940190,0.339224,-0.031139,0.182077,-0.423169,0.887568,0,0.22600,-0.86751,3.909,-0.232,18.659,495.631,-1,-1,-1,585.524,787.414,288.634,-1,308.399,289.866,256.116,-1,894.270,-1,22.520,-1,1,0,2,2,2,0,0,0,2,0,0,0,2,0,2,1,2
269,-3773.698,2940.056,-95.380,72.697,0.292432,-0.841448,-0.454366,0.938710,0.343262,-0.031536,0.182502,-0.417296,0.890257,0,0.22600,-0.86751,3.192,-0.277,18.657,503.580,-1,-1,-1,591.076,789.876,293.800,-1,317.358,296.431,261.004,-1,913.689,-1,22.519,-1,1,0,2,2,2,0,0,0,2,0,0,0,2,0,2,1,2
270,-3771.821,2942.019,-93.610,72.387,0.297529,-0.842758,-0.448594,0.937181,0.347448,-0.031156,0.182120,-0.411144,0.893193,0,0.22600,-0.86751,2.716,-0.310,18.648,510.345,-1,-1,-1,594.854,789.854,299.514,-1,327.468,303.940,266.421,-1,929.807,-1,22.516,-1,1,0,2,2,2,0,0,0,2,0,0,0,2,0,2,1,2
271,-3770.115,2943.672,-91.945,72.104,0.302158,-0.843773,-0.443563,0.935705,0.351413,-0.031071,0.182091,-0.405656,0.895704,0,0.22600,-0.86751,2.375,-0.283,18.569,517.360,-1,-1,-1,599.423,791.323,304.795,-1,336.522,310.508,271.171,-1,947.022,-1,22.490,-1,1,0,2,2,2,0,0,0,2,0,0,0,2,0,2,1,2
272,-8361.056,-2357.142,-54.512,79.377,0.184342,-0.982792,-0.011756,0.982862,0.184334,0.001760,0.000437,-0.011879,0.999929,1,0.22600,-0.86751,0.000,0.000,9.654,656.764,-1,642.993,-1,529.690,526.991,514.329,519.437,-1,-1,-1,-1,-1,-1,8.622,-1,1,0,2,0,2,0,0,0,0,2,2,2,2,2,2,1,2
273,-8360.761,-2356.553,-52.943,79.386,0.184198,-0.982842,-0.009657,0.982887,0.184207,-0.000097,0.001874,-0.009474,0.999953,0,0.60268,0.04236,0.659,0.008,-1,667.304,-1,649.316,-1,536.658,533.066,523.810,519.144,-1,-1,-1,-1,-1,-1,-1,-1,2,0,2,0,2,0,0,0,0,2,2,2,2,2,2,2,2
274,-8360.368,-2355.316,-52.518,79.410,0.183785,-0.982927,-0.008764,0.982955,0.183818,-0.003169,0.004726,-0.008032,0.999957,0,0.60267,0.04238,1.298,0.024,-1,677.637,-1,656.881,-1,543.545,539.394,528.286,517.817,-1,-1,-1,-1,-1,-1,-1,-1,2,0,2,0,2,0,0,0,0,2,2,2,2,2,2,2,2
275,-8359.928,-2353.378,-53.122,79.431,0.183413,-0.982990,-0.009476,0.982999,0.183481,-0.006887,0.008508,-0.008052,0.999931,0,0.60270,0.04232,1.988,0.021,-1,686.371,-1,665.251,-1,549.624,545.434,526.893,516.681,-1,-1,-1,-1,-1,-1,-1,-1,2,0,2,0,2,0,0,0,0,2,2,2,2,2,2,2,2
276,-8359.478,-2350.689,-54.557,79.448,0.183122,-0.983016,-0.012099,0.983014,0.183247,-0.010242,0.012285,-0.010018,0.999874,0,0.60268,0.04236,2.726,0.017,-1,690.986,-1,672.994,-1,553.413,549.895,519.115,517.108,-1,-1,-1,-1,-1,-1,-1,-1,2,0,2,0,2,0,0,0,0,2,2,2,2,2,2,2,2
277,-8359.070,-2347.364,-56.444,79.462,0.182876,-0.983021,-0.015002,0.983039,0.183052,-0.011275,0.013829,-0.012685,0.999824,0,0.60262,0.04252,3.350,0.014,-1,687.269,-1,673.974,-1,551.469,548.913,508.465,517.463,-1,-1,-1,-1,-1,-1,-1,-1,2,0,2,0,2,0,0,0,0,2,2,2,2,2,2,2,2
278,-8358.634,-2343.456,-58.380,79.480,0.182556,-0.983057,-0.016521,0.983113,0.182732,-0.009862,0.012713,-0.014442,0.999815,0,0.60252,0.04277,3.932,0.019,13.905,676.709,-1,666.678,-1,544.187,542.305,499.300,515.608,-1,-1,-1,-1,-1,-1,27.840,-1,1,0,2,0,2,0,0,0,0,2,2,2,2,2,2,1,2
279,-8358.055,-2338.995,-60.050,79.510,0.182061,-0.983156,-0.016046,0.983244,0.182182,-0.006394,0.009209,-0.014613,0.999851,0,0.60242,0.04303,4.498,0.029,13.869,661.869,-1,652.409,-1,533.160,531.390,493.717,511.093,-1,-1,-1,-1,-1,-1,28.197,-1,1,0,2,0,2,0,0,0,0,2,2,2,2,2,2,1,2
280,-8357.271,-2333.871,-61.132,79.541,0.181531,-0.983275,-0.014717,0.983370,0.181590,-0.002765,0.005392,-0.013971,0.999888,0,0.60232,0.04327,5.184,0.031,13.817,648.914,-1,638.641,14.199,523.273,521.311,491.333,506.578,-1,-1,-1,-1,-1,-1,28.702,25.808,1,0,2,0,1,0,0,0,0,2,2,2,2,2,2,1,1
281,-8356.300,-2328.013,-61.481,79.571,0.181012,-0.983395,-0.012998,0.983477,0.181034,-0.000558,0.002901,-0.012682,0.999915,0,0.60220,0.04358,5.937,0.030,13.817,642.399,-1,630.183,14.200,517.954,515.555,492.411,502.993,-1,-1,-1,-1,-1,-1,28.723,25.799,1,0,2,0,1,0,0,0,0,2,2,2,2,2,2,1,1
282,-8355.158,-2321.389,-61.146,79.601,0.180507,-0.983506,-0.011567,0.983571,0.180521,-0.000208,0.002293,-0.011339,0.999933,0,0.60203,0.04401,6.722,0.029,13.855,642.973,-1,628.596,14.157,517.918,515.042,495.738,501.412,-1,-1,-1,-1,-1,-1,28.320,26.035,1,0,2,0,1,0,0,0,0,2,2,2,2,2,2,1,1
283,-8353.870,-2314.011,-60.349,79.626,0.180074,-0.983594,-0.010748,0.983648,0.180096,-0.001089,0.003007,-0.010376,0.999942,0,0.60182,0.04454,7.490,0.025,13.897,648.112,-1,632.056,14.107,521.453,518.185,499.763,501.978,-1,-1,-1,-1,-1,-1,27.885,26.322,1,0,2,0,1,0,0,0,0,2,2,2,2,2,2,1,1
284,-8352.474,-2305.926,-59.411,79.644,0.179761,-0.983655,-0.010474,0.983701,0.179795,-0.002380,0.004225,-0.009875,0.999942,0,0.60156,0.04522,8.205,0.018,13.921,654.665,-1,637.613,14.082,526.232,522.717,503.304,503.880,-1,-1,-1,-1,-1,-1,27.677,26.004,1,0,2,0,1,0,0,0,0,2,2,2,2,2,2,1,1
285,-8350.988,-2297.212,-58.589,79.658,0.179524,-0.983699,-0.010388,0.983739,0.179569,-0.003541,0.005349,-0.009583,0.999940,0,0.60123,0.04606,8.840,0.014,13.957,660.490,-1,642.786,-1,530.540,526.851,506.106,505.864,-1,-1,-1,-1,-1,-1,27.387,-1,1,0,2,0,2,0,0,0,0,2,2,2,2,2,2,1,2
286,-8349.383,-2287.959,-57.955,79.668,0.179354,-0.983728,-0.010543,0.983767,0.179405,-0.004026,0.005852,-0.009650,0.999936,0,0.60085,0.04702,9.392,0.010,14.013,663.784,-1,646.089,-1,533.153,529.411,507.922,507.968,-1,-1,-1,-1,-1,-1,26.955,-1,1,0,2,0,2,0,0,0,0,2,2,2,2,2,2,1,2
287,-8347.664,-2278.148,-57.618,79.670,0.179308,-0.983733,-0.010894,0.983777,0.179358,-0.003795,0.005687,-0.010037,0.999933,0,0.60043,0.04810,9.960,0.003,14.009,664.094,-1,647.016,-1,533.729,530.019,508.142,509.818,-1,-1,-1,-1,-1,-1,26.992,-1,1,0,2,0,2,0,0,0,0,2,2,2,2,2,2,1,2
288,-8345.876,-2267.744,-57.662,79.677,0.179190,-0.983754,-0.010883,0.983800,0.179236,-0.003381,0.005277,-0.010101,0.999935,0,0.59995,0.04933,10.556,0.007,13.920,662.768,-1,645.931,-1,532.971,529.187,507.906,510.000,-1,-1,-1,-1,-1,-1,26.778,-1,1,0,2,0,2,0,0,0,0,2,2,2,2,2,2,1,2
289,-8344.021,-2256.781,-58.001,79.699,0.178818,-0.983828,-0.010288,0.983872,0.178854,-0.002689,0.004486,-0.009642,0.999943,0,0.59945,0.05059,11.119,0.022,13.862,659.887,-1,642.590,-1,530.866,526.835,507.851,508.339,-1,-1,-1,-1,-1,-1,27.489,-1,1,0,2,0,2,0,0,0,0,2,2,2,2,2,2,1,2
290,-8342.090,-2245.229,-58.543,79.733,0.178242,-0.983939,-0.009707,0.983980,0.178269,-0.002014,0.003712,-0.009192,0.999951,0,0.59898,0.05178,11.712,0.034,13.821,656.462,-1,638.749,-1,528.328,524.056,507.196,506.178,-1,-1,-1,-1,-1,-1,28.659,-1,1,0,2,0,2,0,0,0,0,2,2,2,2,2,2,1,2
291,-8340.114,-2233.204,-59.156,79.774,0.177526,-0.984070,-0.009527,0.984112,0.177545,-0.001218,0.002890,-0.009159,0.999954,0,0.44048,0.05178,12.187,0.042,13.801,652.366,-1,634.946,14.220,525.355,521.106,505.475,504.646,-1,-1,-1,-1,-1,-1,28.893,25.711,1,0,2,0,1,0,0,0,0,2,2,2,2,2,2,1,1
292,-8338.142,-2220.887,-59.679,79.820,0.176748,-0.984207,-0.009796,0.984255,0.176754,0.000192,0.001543,-0.009676,0.999952,0,0.44015,0.05291,12.474,0.045,13.824,646.735,-1,630.525,14.191,521.501,517.489,502.830,504.360,-1,-1,-1,-1,-1,-1,28.637,25.849,1,0,2,0,1,0,0,0,0,2,2,2,2,2,2,1,1
293,-8336.148,-2208.246,-60.064,79.865,0.175967,-0.984345,-0.010033,0.984396,0.175960,0.001626,0.000165,-0.010163,0.999948,0,0.43982,0.05404,12.797,0.045,13.770,641.489,-1,626.436,14.256,517.948,514.165,500.652,504.402,-1,-1,-1,-1,-1,-1,29.275,25.523,1,0,2,0,1,0,0,0,0,2,2,2,2,2,2,1,1
294,-8334.138,-2195.285,-60.221,79.923,0.174972,-0.984524,-0.009834,0.984573,0.174954,0.002647,-0.000886,-0.010145,0.999948,0,0.43948,0.05522,13.116,0.058,13.783,638.173,-1,623.477,14.239,515.665,511.904,500.200,504.144,-1,-1,-1,-1,-1,-1,29.103,25.604,1,0,2,0,1,0,0,0,0,2,2,2,2,2,2,1,1
295,-8332.071,-2182.033,-60.150,79.983,0.173936,-0.984710,-0.009633,0.984755,0.173909,0.003625,-0.001894,-0.010116,0.999947,0,0.43917,0.05632,13.411,0.060,13.805,635.638,-1,621.292,14.215,514.012,510.256,500.436,504.494,-1,-1,-1,-1,-1,-1,28.863,25.727,1,0,2,0,1,0,0,0,0,2,2,2,2,2,2,1,1
296,-8329.962,-2168.482,-59.912,80.034,0.173069,-0.984861,-0.009782,0.984906,0.173034,0.004376,-0.002617,-0.010392,0.999943,0,0.43884,0.05744,13.714,0.050,13.833,634.061,-1,620.544,14.180,513.233,509.576,501.090,505.916,-1,-1,-1,-1,-1,-1,28.526,25.912,1,0,2,0,1,0,0,0,0,2,2,2,2,2,2,1,1
297,-8327.805,-2154.785,-59.344,80.044,0.172892,-0.984870,-0.011827,0.984940,0.172862,0.003515,-0.001418,-0.012257,0.999924,0,0.43847,0.05871,13.866,0.010,13.768,637.000,-1,626.805,14.256,516.517,513.484,500.003,511.495,-1,-1,-1,-1,-1,-1,29.285,25.518,1,0,2,0,1,0,0,0,0,2,2,2,2,2,2,1,1
298,-8325.780,-2140.913,-58.352,80.077,0.172332,-0.984925,-0.015004,0.985037,0.172345,0.000389,0.002203,-0.014847,0.999887,0,0.43798,0.06042,14.019,0.033,13.766,646.793,1005.135,641.242,14.260,525.314,523.143,498.918,520.003,-1,-1,-1,-1,-1,-1,29.320,25.502,1,0,1,0,1,0,0,0,0,2,2,2,2,2,2,1,1
299,-8324.050,-2126.949,-56.797,80.201,0.170191,-0.985266,-0.016906,0.985373,0.170310,-0.005886,0.008679,-0.015657,0.999840,0,0.43755,0.06191,14.070,0.124,13.925,667.289,939.058,664.135,14.077,541.465,539.657,503.218,526.986,-1,-1,-1,-1,-1,-1,27.646,26.516,1,0,1,0,1,0,0,0,0,2,2,2,2,2,2,1,1
300,-8322.347,-2112.904,-54.797,80.359,0.167445,-0.985738,-0.016810,0.985735,0.167689,-0.014346,0.016960,-0.014168,0.999756,0,0.43739,0.06247,14.149,0.159,14.347,696.610,946.506,692.393,13.697,563.162,561.025,513.636,530.822,-1,-1,-1,-1,-1,-1,25.119,30.282,1,0,1,0,1,0,0,0,0,2,2,2,2,2,2,1,1
301,-8320.551,-2098.878,-52.791,80.518,0.164692,-0.986245,-0.014081,0.986054,0.164973,-0.021936,0.023957,-0.010272,0.999660,0,0.43732,0.06271,14.140,0.159,15.342,725.853,951.484,715.832,-1,583.426,579.944,529.046,529.702,-1,-1,-1,-1,-1,-1,22.884,-1,1,0,1,0,2,0,0,0,0,2,2,2,2,2,2,1,2
302,-8318.304,-2085.050,-51.016,80.588,0.163465,-0.986482,-0.011538,0.986141,0.163723,-0.026862,0.028388,-0.006987,0.999573,0,0.43725,0.06296,14.010,0.070,16.977,747.209,948.364,732.044,-1,597.921,593.313,542.634,528.832,-1,-1,-1,-1,-1,-1,22.178,-1,1,0,1,0,2,0,0,0,0,2,2,2,2,2,2,1,2
303,-8315.231,-2071.785,-49.643,80.450,0.165828,-0.986088,-0.011484,0.985709,0.166092,-0.028123,0.029639,-0.006657,0.999538,0,0.43690,0.06415,13.616,-0.138,17.875,755.167,-1,739.857,-1,603.943,599.235,548.442,532.147,-1,-1,-1,-1,-1,-1,22.291,-1,1,0,2,0,2,0,0,0,0,2,2,2,2,2,2,1,2
304,-8311.515,-2059.047,-48.871,80.119,0.171540,-0.985095,-0.012758,0.984767,0.171827,-0.026633,0.028429,-0.007995,0.999564,0,0.43594,0.06747,13.269,-0.332,9.506,752.136,-1,739.511,-1,602.642,598.365,548.713,536.717,-1,-1,-1,-1,-1,-1,22.418,-1,1,0,2,0,2,0,0,0,0,2,2,2,2,2,2,1,2
305,-8307.840,-2046.158,-48.928,79.803,0.176978,-0.984135,-0.012510,0.983873,0.177237,-0.024091,0.025926,-0.008045,0.999631,0,0.43441,0.07278,13.403,-0.316,-1,743.960,970.668,731.391,-1,596.676,592.409,549.459,536.375,-1,-1,-1,-1,-1,-1,-1,-1,2,0,1,0,2,0,0,0,0,2,2,2,2,2,2,2,2
306,-8304.284,-2033.040,-49.908,79.559,0.181172,-0.983391,-0.010900,0.983207,0.181363,-0.020291,0.021931,-0.007041,0.999735,0,0.43291,0.07795,13.591,-0.243,-1,729.725,950.158,715.194,-1,585.589,580.950,549.610,531.313,-1,-1,-1,-1,-1,-1,-1,-1,2,0,1,0,2,0,0,0,0,2,2,2,2,2,2,2,2
307,-8300.971,-2019.635,-51.775,79.423,0.183526,-0.982986,-0.007591,0.982880,0.183623,-0.015150,0.016286,-0.004681,0.999856,0,0.64005,1.00000,13.809,-0.136,-1,709.676,811.788,690.894,-1,569.480,563.980,549.843,521.120,-1,-1,-1,-1,-1,-1,-1,-1,2,0,1,0,2,0,0,0,0,2,2,2,2,2,2,2,2
308,-8298.009,-2005.962,-54.453,79.398,0.183978,-0.982926,-0.002872,0.982894,0.183995,-0.008070,0.008461,-0.001338,0.999963,0,0.63859,1.00000,13.991,-0.025,-1,682.682,781.694,658.446,-1,547.788,541.137,549.505,506.880,-1,-1,-1,-1,-1,-1,-1,-1,2,0,1,0,2,0,0,0,0,2,2,2,2,2,2,2,2
309,-8295.738,-1992.053,-57.708,79.546,0.181445,-0.983397,0.002741,0.983400,0.181449,0.000993,-0.001474,0.002515,0.999996,0,0.63761,1.00000,14.093,0.148,-1,649.788,811.538,620.333,15.506,521.741,513.848,548.174,490.329,-1,-1,-1,-1,-1,-1,-1,22.717,2,0,1,0,1,0,0,0,0,2,2,2,2,2,2,2,1
310,-8294.243,-1977.593,-60.838,79.869,0.175885,-0.984401,0.004449,0.984362,0.175920,0.009199,-0.009838,0.002761,0.999948,0,0.63740,1.00000,14.537,0.323,-1,619.740,826.503,591.290,15.554,499.347,491.539,539.285,481.131,-1,-1,-1,-1,-1,-1,-1,22.670,2,0,1,0,1,0,0,0,0,2,2,2,2,2,2,2,1
311,-8293.254,-1962.292,-63.165,80.256,0.169225,-0.985575,0.002326,0.985487,0.169241,0.013144,-0.013348,0.000068,0.999911,0,0.63795,1.00000,15.333,0.387,13.436,602.487,830.092,579.064,16.008,487.453,480.750,527.025,479.929,-1,-1,-1,-1,-1,-1,33.499,22.376,1,0,1,0,1,0,0,0,0,2,2,2,2,2,2,1,1
312,-8292.972,-1946.239,-64.361,80.751,0.160715,-0.987000,-0.001091,0.986917,0.160687,0.013245,-0.012897,-0.003206,0.999912,0,0.63875,1.00000,16.055,0.494,15.406,597.689,800.014,579.916,17.003,485.082,479.739,517.443,483.322,-1,-1,-1,-1,-1,-1,35.054,22.179,1,0,1,0,1,0,0,0,0,2,2,2,2,2,2,1,1
313,-8293.582,-1929.709,-64.444,81.402,0.149495,-0.988755,-0.003768,0.988702,0.149443,0.011619,-0.010925,-0.005462,0.999925,0,0.64002,1.00000,16.541,0.651,15.259,600.325,795.330,586.987,16.966,488.189,483.991,513.416,488.083,-1,-1,-1,-1,-1,-1,33.561,22.178,1,0,1,0,1,0,0,0,0,2,2,2,2,2,2,1,1
314,-8294.741,-1912.762,-63.698,82.156,0.136475,-0.990626,-0.005887,0.990607,0.136416,0.009419,-0.008527,-0.007118,0.999938,0,0.64197,1.00000,16.987,0.754,14.524,606.617,793.182,597.163,16.741,494.158,490.808,513.132,494.137,-1,-1,-1,-1,-1,-1,30.014,22.187,1,0,1,0,1,0,0,0,0,2,2,2,2,2,2,1,1
315,-8296.119,-1895.507,-62.440,82.957,0.122618,-0.992425,-0.007558,0.992432,0.122561,0.007582,-0.006598,-0.008431,0.999943,0,0.64437,1.00000,17.310,0.801,15.168,613.533,777.569,607.575,16.944,500.480,498.028,514.930,500.973,-1,-1,-1,-1,-1,-1,26.133,22.179,1,0,1,0,1,0,0,0,0,2,2,2,2,2,2,1,1
316,-8297.966,-1874.203,-60.898,83.880,0.106611,-0.994270,-0.007859,0.994288,0.106567,0.005831,-0.004960,-0.008436,0.999952,0,0.64696,1.00000,21.384,0.923,8.854,621.498,779.032,617.495,17.487,507.159,505.276,520.403,506.217,-1,-1,-1,-1,-1,-1,8.971,22.218,1,0,1,0,1,0,0,0,0,2,2,2,2,2,2,1,1
317,-8299.475,-1859.715,-60.146,84.534,0.095253,-0.995429,-0.006983,0.995441,0.095215,0.005569,-0.004879,-0.007481,0.999960,0,0.64987,1.00000,14.566,0.654,-1,624.293,764.296,620.007,17.904,509.423,507.416,524.905,507.074,-1,-1,-1,-1,-1,-1,-1,22.298,2,0,1,0,1,0,0,0,0,2,2,2,2,2,2,2,1
318,-8302.035,-1841.497,-59.628,85.460,0.079155,-0.996853,-0.004289,0.996842,0.079125,0.006652,-0.006292,-0.004802,0.999969,0,0.65198,1.00000,18.397,0.926,-1,624.049,-1,616.934,18.167,508.763,506.224,532.107,504.117,-1,-1,-1,-1,-1,753.625,-1,22.366,2,0,2,0,1,0,0,0,0,2,2,2,2,2,1,2,1
319,-8305.537,-1823.340,-59.575,86.536,0.060428,-0.998172,-0.000767,0.998134,0.060419,0.008810,-0.008748,-0.001298,0.999961,0,0.65509,1.00000,18.492,1.076,-1,620.631,-1,609.540,18.850,505.138,502.038,539.533,498.404,-1,-1,-1,-1,-1,722.046,-1,22.589,2,0,2,0,1,0,0,0,0,2,2,2,2,2,1,2,1
320,-8309.920,-1805.281,-59.952,87.742,0.039400,-0.999222,0.001941,0.999158,0.039420,0.011413,-0.011481,0.001489,0.999933,0,0.65891,1.00000,18.583,1.206,-1,614.689,-1,568.324,18.677,499.995,496.441,544.259,493.008,-1,-1,-1,-1,-1,690.176,-1,22.527,2,0,2,1,1,0,0,0,0,2,2,2,2,2,1,2,1
321,-8315.108,-1787.220,-60.694,89.043,0.016706,-0.999857,0.002662,0.999767,0.016741,0.013653,-0.013695,0.002433,0.999903,0,0.66333,1.00000,18.791,1.301,-1,607.555,-1,576.177,18.832,494.686,491.304,543.897,490.345,-1,-1,-1,-1,-1,535.414,-1,22.582,2,0,2,1,1,0,0,0,0,2,2,2,2,2,1,2,1
322,-8321.035,-1769.107,-61.672,90.384,-0.006694,-0.999977,0.001159,0.999868,-0.006676,0.014812,-0.014804,0.001258,0.999890,0,0.73237,0.66434,19.058,1.341,-1,601.010,-1,585.682,18.694,490.244,487.859,538.360,491.140,-1,-1,-1,-1,-1,544.078,-1,22.532,2,0,2,1,1,0,0,0,0,2,2,2,2,2,1,2,1
323,-8327.267,-1750.620,-62.663,91.615,-0.028183,-0.999599,-0.002738,0.999503,-0.028219,0.014032,-0.014104,-0.002341,0.999898,0,0.73794,0.65251,19.508,1.232,14.202,596.977,-1,578.450,18.836,488.425,487.615,528.081,496.621,-1,-1,-1,-1,-1,575.829,14.913,22.584,1,0,2,1,1,0,0,0,0,2,2,2,2,2,1,1,1
324,-8333.894,-1731.901,-63.460,92.776,-0.048422,-0.998810,-0.005847,0.998743,-0.048493,0.012653,-0.012921,-0.005227,0.999903,0,0.74297,0.64179,19.858,1.161,20.173,594.859,-1,570.095,18.625,488.052,488.567,520.195,501.507,-1,-1,-1,-1,-1,563.531,21.068,22.508,1,0,2,1,1,0,0,0,0,2,2,2,2,2,1,1,1
325,-8341.186,-1713.370,-63.929,93.942,-0.068744,-0.997609,-0.007133,0.997555,-0.068827,0.012099,-0.012561,-0.006284,0.999901,0,0.74768,0.63178,19.914,1.166,21.686,593.012,-1,562.611,18.492,487.164,488.523,516.963,503.830,-1,-1,-1,-1,-1,512.134,22.568,22.464,1,0,2,1,1,0,0,0,0,2,2,2,2,2,1,1,1
326,-8348.604,-1694.665,-64.137,95.035,-0.087766,-0.996104,-0.008649,0.996071,-0.087860,0.011115,-0.011832,-0.007640,0.999901,0,0.75246,0.62160,20.123,1.093,22.455,592.495,-1,550.594,18.389,487.485,489.480,514.019,507.458,-1,-1,-1,-1,-1,498.449,23.306,22.431,1,0,2,1,1,0,0,0,0,2,2,2,2,2,1,1,1
327,-8356.112,-1675.595,-64.277,96.100,-0.106263,-0.994291,-0.009627,0.994277,-0.106359,0.010008,-0.010975,-0.008508,0.999904,0,0.75688,0.61219,20.495,1.065,21.430,592.725,-1,562.849,18.213,488.260,490.715,512.343,510.386,-1,-1,-1,-1,-1,484.791,22.139,22.378,1,0,2,1,1,0,0,0,0,2,2,2,2,2,1,1,1
328,-8363.737,-1656.147,-64.377,97.159,-0.124620,-0.992152,-0.010214,0.992150,-0.124715,0.009239,-0.010441,-0.008982,0.999905,0,0.76115,0.60311,20.889,1.059,19.960,592.480,-1,547.055,18.100,488.425,491.280,511.582,512.712,-1,-1,-1,-1,-1,470.744,20.559,22.347,1,0,2,1,1,0,0,0,0,2,2,2,2,2,1,1,1
329,-8371.782,-1636.642,-64.428,98.291,-0.144197,-0.989507,-0.009107,0.989485,-0.144286,0.010009,-0.011218,-0.007568,0.999908,0,0.76535,0.59416,21.099,1.132,15.823,590.749,-1,533.914,18.959,486.664,489.130,514.152,511.268,-1,-1,-1,-1,-1,455.461,16.667,22.630,1,0,2,1,1,0,0,0,0,2,2,2,2,2,1,1,1
330,-8380.695,-1617.445,-64.488,99.509,-0.165195,-0.986244,-0.005729,0.986172,-0.165255,0.012439,-0.013215,-0.003595,0.999906,0,0.76992,0.58444,21.165,1.218,16.786,588.081,-1,524.504,18.547,483.252,484.337,521.590,504.726,-1,-1,-1,-1,-1,439.279,17.494,22.482,1,0,2,1,1,0,0,0,0,2,2,2,2,2,1,1,1
331,-8389.956,-1598.217,-64.552,100.722,-0.186024,-0.982538,-0.003701,0.982436,-0.186059,0.014225,-0.014665,-0.000989,0.999892,0,0.77496,0.57371,21.342,1.213,10.673,585.518,-1,585.525,18.692,480.579,480.627,526.440,501.018,-1,-1,-1,-1,-1,984.895,11.166,22.532,1,0,2,0,1,0,0,0,0,2,2,2,2,2,0,1,1
332,-8399.780,-1579.103,-64.638,101.989,-0.207690,-0.978191,-0.002723,0.978068,-0.207708,0.015487,-0.015715,0.000553,0.999876,0,0.77999,0.56301,21.491,1.267,-1,582.668,-1,580.122,18.172,478.242,477.692,529.110,499.596,-1,-1,-1,-1,-1,969.197,-1,22.367,2,0,2,0,1,0,0,0,0,2,2,2,2,2,0,2,1
333,-8409.896,-1559.711,-64.778,103.160,-0.227645,-0.973736,-0.004000,0.973623,-0.227680,0.014809,-0.015331,-0.000524,0.999882,0,0.78531,0.55169,21.871,1.172,-1,580.899,-1,579.334,18.012,477.739,477.515,526.521,503.106,-1,-1,-1,-1,-1,966.382,-1,22.324,2,0,2,0,1,0,0,0,0,2,2,2,2,2,0,2,1
334,-8420.474,-1540.432,-65.018,104.286,-0.246739,-0.969065,-0.005678,0.968970,-0.246795,0.013732,-0.014708,-0.002113,0.999890,0,0.44194,0.45195,21.991,1.126,14.624,578.938,-1,579.062,17.766,477.234,477.477,522.684,507.377,-1,-1,-1,-1,1002.996,965.347,14.930,22.268,1,0,2,0,1,0,0,0,0,2,2,2,2,0,0,1,1
335,-8431.201,-1521.485,-65.315,105.350,-0.264689,-0.964298,-0.008278,0.964225,-0.264778,0.012743,-0.014480,-0.004609,0.999885,0,0.44455,0.44199,21.773,1.064,18.673,575.330,-1,578.570,17.459,475.748,476.762,516.909,513.512,-1,-1,-1,-1,992.622,964.986,19.319,22.214,1,0,2,0,1,0,0,0,0,2,2,2,2,0,0,1,1
336,-8441.855,-1502.497,-65.720,106.332,-0.281181,-0.959589,-0.011196,0.959550,-0.281304,0.011476,-0.014162,-0.007516,0.999871,0,0.44702,0.43260,21.773,0.982,16.778,571.392,-1,578.002,17.251,474.139,476.040,510.285,520.032,-1,-1,-1,-1,981.024,966.410,23.376,22.192,1,0,2,0,1,0,0,0,0,2,2,2,2,0,0,1,1
337,-8452.462,-1483.429,-66.180,107.265,-0.296759,-0.954862,-0.013117,0.954851,-0.296900,0.010492,-0.013913,-0.009411,0.999859,0,0.44927,0.42407,21.819,0.932,16.941,566.948,-1,575.781,17.272,472.403,474.654,505.713,524.381,-1,-1,-1,-1,971.142,966.963,25.444,22.192,1,0,2,0,1,0,0,0,0,2,2,2,2,0,0,1,1
338,-8463.290,-1464.441,-66.657,108.208,-0.312446,-0.949848,-0.012911,0.949838,-0.312580,0.010067,-0.013598,-0.009118,0.999866,0,0.45137,0.41607,21.858,0.944,14.749,563.671,-1,572.602,16.822,471.001,472.759,504.978,524.202,-1,-1,-1,-1,965.903,964.335,28.167,22.183,1,0,2,0,1,0,0,0,0,2,2,2,2,0,0,1,1
339,-8473.986,-1445.227,-67.054,109.063,-0.326580,-0.945091,-0.012160,0.945087,-0.326694,0.009028,-0.012505,-0.008543,0.999885,0,0.45351,0.40793,21.991,0.854,14.426,562.411,-1,570.837,16.703,471.091,472.237,505.078,523.710,-1,-1,-1,-1,966.154,966.097,28.250,22.191,1,0,2,0,1,0,0,0,0,2,2,2,2,0,0,1,1
340,-8484.953,-1426.135,-67.325,109.923,-0.340742,-0.940098,-0.010513,0.940087,-0.340831,0.008400,-0.011480,-0.007021,0.999909,0,0.45539,0.40077,22.017,0.861,14.180,561.915,-1,568.909,16.596,471.462,471.864,507.512,521.643,-1,-1,-1,-1,968.142,966.999,27.085,22.204,1,0,2,0,1,0,0,0,0,2,2,2,2,0,0,1,1
341,-8496.178,-1407.145,-67.461,110.761,-0.354449,-0.935035,-0.008690,0.935021,-0.354514,0.007511,-0.010103,-0.005463,0.999934,0,0.45730,0.39350,22.059,0.837,13.885,562.531,-1,568.466,16.428,472.093,472.404,510.452,519.665,-1,-1,-1,-1,973.186,970.863,26.307,22.233,1,0,2,0,1,0,0,0,0,2,2,2,2,0,0,1,1
342,-8507.276,-1388.043,-67.482,111.524,-0.366882,-0.930233,-0.008039,0.930223,-0.366936,0.006655,-0.009141,-0.005036,0.999946,0,0.45916,0.38643,22.093,0.764,13.721,561.920,-1,568.173,16.311,472.117,472.578,511.515,520.275,-1,-1,-1,-1,974.533,975.429,26.118,22.262,1,0,2,0,1,0,0,0,0,2,2,2,2,0,0,1,1
343,-8518.440,-1368.873,-67.447,112.231,-0.378333,-0.925640,-0.007454,0.925633,-0.378377,0.005816,-0.008204,-0.004700,0.999955,0,0.46080,0.38016,22.183,0.707,13.644,560.825,-1,567.865,16.245,472.212,472.935,512.586,521.290,-1,-1,-1,-1,975.968,979.808,26.219,22.283,1,0,2,0,1,0,0,0,0,2,2,2,2,0,0,1,1
344,-8529.874,-1349.798,-67.394,112.939,-0.389748,-0.920896,-0.006847,0.920893,-0.389784,0.005009,-0.007282,-0.004353,0.999964,0,0.46230,0.37448,22.239,0.708,13.543,559.734,-1,567.511,16.139,472.448,473.165,513.430,522.099,-1,-1,-1,-1,978.182,985.555,25.039,22.318,1,0,2,0,1,0,0,0,0,2,2,2,2,0,0,1,1
345,-8541.446,-1330.707,-67.411,113.629,-0.400803,-0.916141,-0.006506,0.916141,-0.400833,0.004244,-0.006495,-0.004259,0.999970,0,0.46380,0.36875,22.324,0.689,13.700,558.090,-1,566.869,16.292,472.295,472.790,513.336,523.227,-1,-1,-1,-1,978.697,991.689,23.840,22.267,1,0,2,0,1,0,0,0,0,2,2,2,2,0,0,1,1
346,-8553.517,-1311.909,-67.444,114.381,-0.412791,-0.910811,-0.005230,0.910806,-0.412813,0.004153,-0.005942,-0.003049,0.999978,0,0.46526,0.36322,22.340,0.752,13.889,556.638,-1,565.575,16.430,471.601,472.168,515.310,521.999,-1,-1,-1,-1,979.474,994.171,24.132,22.233,1,0,2,0,1,0,0,0,0,2,2,2,2,0,0,1,1
347,-8566.042,-1293.441,-67.402,115.185,-0.425529,-0.904937,-0.003721,0.904930,-0.425542,0.004071,-0.005267,-0.001635,0.999985,0,0.46690,0.35695,22.315,0.804,13.753,555.689,-1,564.970,16.336,470.453,471.892,517.892,410.525,-1,-1,-1,-1,981.819,997.770,23.999,22.257,1,0,2,0,1,0,0,0,1,2,2,2,2,0,0,1,1
348,-8578.975,-1274.844,-67.400,115.990,-0.438206,-0.898870,-0.002742,0.898868,-0.438213,0.002563,-0.003506,-0.001342,0.999993,0,0.87944,-0.09071,22.652,0.805,15.913,556.040,-1,567.025,17.110,470.838,472.902,518.278,409.388,-1,-1,-1,-1,989.415,-1,21.369,22.182,1,0,2,0,1,0,0,0,1,2,2,2,2,0,2,1,1
349,-8592.780,-1256.168,-67.510,116.893,-0.452326,-0.891853,-0.000290,0.891853,-0.452326,0.000622,-0.000686,0.000023,1.000000,0,0.88286,-0.09764,23.225,0.903,14.694,558.748,-1,570.955,16.805,472.638,475.578,520.635,409.169,-1,-1,-1,-1,1005.337,-1,20.475,22.184,1,0,2,0,1,0,0,0,1,2,2,2,2,0,2,1,1
350,-8607.154,-1237.229,-67.585,117.797,-0.466339,-0.884604,0.001699,0.884602,-0.466342,-0.002255,0.002787,0.000451,0.999996,0,0.88681,-0.10566,23.776,0.904,14.367,562.373,-1,576.810,16.680,475.593,479.839,521.068,410.815,-1,-1,-1,-1,-1,-1,18.968,22.193,1,0,2,0,1,0,0,0,1,2,2,2,2,2,2,1,1
351,-8622.006,-1217.956,-67.599,118.672,-0.479792,-0.877378,0.002863,0.877362,-0.479801,-0.005273,0.006000,-0.000018,0.999982,0,0.89078,-0.11371,24.331,0.875,14.069,565.106,-1,583.616,16.541,478.050,483.902,519.739,395.197,-1,-1,-1,-1,-1,-1,20.546,22.212,1,0,2,0,1,0,0,0,1,2,2,2,2,2,2,1,1
352,-8637.406,-1198.508,-67.489,119.540,-0.493011,-0.870016,0.003494,0.869984,-0.493023,-0.007523,0.008268,-0.000670,0.999966,0,0.89461,-0.12148,24.807,0.867,13.582,566.335,-1,588.647,16.184,478.525,485.515,518.397,361.136,-1,-1,-1,-1,-1,-1,22.693,22.303,1,0,2,0,1,0,0,0,1,2,2,2,2,2,2,1,1
353,-8653.234,-1178.623,-67.346,120.357,-0.505357,-0.862902,0.003752,0.862844,-0.505368,-0.010176,0.010678,-0.001905,0.999941,0,0.89842,-0.12921,25.416,0.817,13.367,567.464,-1,594.123,15.881,479.441,487.251,515.987,331.488,-1,-1,-1,-1,-1,-1,23.610,22.441,1,0,2,0,1,0,0,0,1,2,2,2,2,2,2,1,1
354,-8669.222,-1158.055,-67.202,121.073,-0.516090,-0.856529,0.003018,0.856432,-0.516080,-0.013629,0.013231,-0.004449,0.999903,0,0.90197,-0.13640,26.051,0.716,13.343,568.060,-1,601.554,11.024,480.734,489.789,511.040,301.937,-1,-1,-1,-1,-1,-1,29.182,9.397,1,0,2,0,1,0,0,0,1,2,2,2,2,2,2,1,1
355,-8684.935,-1136.574,-66.975,121.555,-0.523259,-0.852173,0.001103,0.852035,-0.523196,-0.017358,0.015369,-0.008143,0.999849,0,0.90496,-0.14247,26.614,0.482,13.667,567.729,-1,608.648,-1,481.509,492.513,503.971,272.754,-1,-1,-1,-1,-1,-1,30.798,-1,1,0,2,0,2,0,0,0,1,2,2,2,2,2,2,1,2
356,-8699.947,-1114.157,-66.590,121.724,-0.525740,-0.850643,-0.002028,0.850465,-0.525578,-0.021869,0.017536,-0.013222,0.999759,0,0.90668,-0.14595,26.980,0.168,15.146,567.678,-1,617.996,13.303,482.783,495.982,494.205,306.253,-1,-1,-1,-1,-1,-1,23.130,18.845,1,0,2,0,1,0,0,0,1,2,2,2,2,2,2,1,1
357,-8713.359,-1091.449,-64.966,121.399,-0.520847,-0.853587,-0.010379,0.853308,-0.520257,-0.034617,0.024149,-0.026887,0.999347,0,0.90668,-0.14595,26.373,-0.324,15.408,575.806,-1,648.360,13.266,493.910,511.845,472.627,393.311,-1,-1,-1,-1,-1,-1,22.812,51.034,1,0,2,0,1,0,0,0,1,2,2,2,2,2,2,1,1
358,-8726.181,-1068.390,-61.794,120.903,-0.513236,-0.858050,-0.018433,0.857452,-0.511717,-0.054049,0.036944,-0.043546,0.998368,0,0.90407,-0.14066,26.384,-0.496,15.426,601.679,-1,705.674,13.269,520.725,544.407,451.872,478.748,-1,-1,-1,-1,-1,-1,22.791,52.217,1,0,2,0,1,0,0,0,1,2,2,2,2,2,2,1,1
359,-8738.721,-1045.627,-57.731,120.426,-0.505826,-0.862296,-0.024211,0.861268,-0.503245,-0.070439,0.048555,-0.056482,0.997222,0,-0.29356,0.24237,25.989,-0.477,15.187,631.427,-1,765.010,13.290,549.876,578.948,439.906,688.313,-1,-1,-1,-1,-1,-1,23.076,43.766,1,0,2,0,1,0,0,0,0,2,2,2,2,2,2,1,1
360,-8750.928,-1024.122,-53.367,120.099,-0.500726,-0.865265,-0.024280,0.863850,-0.497729,-0.077642,0.055096,-0.059852,0.996686,0,-0.29242,0.24946,24.728,-0.327,17.156,657.937,-1,802.612,16.194,572.715,602.889,443.091,711.934,-1,-1,-1,-1,-1,-1,22.184,24.980,1,0,2,0,1,0,0,0,0,2,2,2,2,2,2,1,1
361,-8762.036,-1003.541,-49.292,119.859,-0.497103,-0.867385,-0.023083,0.865918,-0.494211,-0.077083,0.055453,-0.058306,0.996757,0,-0.29154,0.25490,23.387,-0.239,18.963,671.695,-1,813.231,-1,583.025,612.404,452.702,718.850,-1,-1,-1,-1,-1,-1,22.632,-1,1,0,2,0,2,0,0,0,0,2,2,2,2,2,2,1,2
362,-8772.686,-983.522,-46.161,119.667,-0.494297,-0.869019,-0.021828,0.867759,-0.491778,-0.071755,0.051622,-0.054410,0.997183,0,-0.29080,0.25953,22.675,-0.192,-1,673.413,-1,803.763,-1,581.880,609.657,463.239,713.557,-1,-1,-1,-1,-1,-1,-1,-1,2,0,2,0,2,0,0,0,0,2,2,2,2,2,2,2,2
363,-8783.145,-963.756,-44.265,119.523,-0.492241,-0.870207,-0.020946,0.869231,-0.490126,-0.064914,0.046223,-0.050160,0.997671,0,-0.29013,0.26369,22.363,-0.144,-1,667.350,-1,785.298,-1,574.755,600.191,471.523,703.282,-1,-1,-1,-1,-1,-1,-1,-1,2,0,2,0,2,0,0,0,0,2,2,2,2,2,2,2,2
364,-8792.599,-943.935,-43.574,119.274,-0.488602,-0.872166,-0.024401,0.871614,-0.486646,-0.058869,0.039469,-0.050032,0.997967,0,-0.28953,0.26740,21.960,-0.249,-1,651.133,-1,763.730,-1,561.445,586.174,470.081,701.647,-1,-1,-1,-1,-1,-1,-1,-1,2,0,2,0,2,0,0,0,0,2,2,2,2,2,2,2,2
365,-8802.005,-924.269,-44.179,119.039,-0.485148,-0.873989,-0.027833,0.873840,-0.483402,-0.052222,0.032187,-0.049657,0.998248,0,-0.28873,0.27240,21.800,-0.235,-1,630.484,-1,737.274,-1,544.362,568.413,465.682,694.982,-1,-1,-1,-1,-1,-1,-1,-1,2,0,2,0,2,0,0,0,0,2,2,2,2,2,2,2,2
366,-8813.914,-901.200,-46.481,118.937,-0.483703,-0.874825,-0.026713,0.874902,-0.482456,-0.042218,0.024046,-0.043793,0.998751,0,-0.28795,0.27729,25.961,-0.102,13.927,607.368,-1,699.212,-1,522.729,544.192,465.526,664.823,-1,-1,-1,-1,-1,-1,27.947,-1,1,0,2,0,2,0,0,0,0,2,2,2,2,2,2,1,2
367,-8822.996,-887.051,-48.906,119.292,-0.489186,-0.872003,-0.017525,0.871989,-0.488561,-0.030723,0.018228,-0.030311,0.999374,0,-0.28732,0.28119,16.813,0.356,23.923,595.401,-1,663.503,-1,507.234,523.829,480.143,616.103,-1,-1,-1,-1,-1,-1,29.786,-1,1,0,2,0,2,0,0,0,0,2,2,2,2,2,2,1,2
368,-8835.031,-870.603,-52.807,120.081,-0.501197,-0.865333,0.000817,0.865269,-0.501171,-0.011693,0.010527,-0.005154,0.999931,0,-0.28765,0.27910,20.382,0.789,28.775,582.824,-1,611.606,-1,486.729,494.858,514.022,541.527,-1,-1,-1,-1,-1,-1,32.647,-1,1,0,2,0,2,0,0,0,0,2,2,2,2,2,2,1,2
369,-8847.197,-854.826,-57.136,120.962,-0.514458,-0.857230,0.022130,0.857493,-0.514461,0.006013,0.006230,0.022070,0.999737,0,-0.28869,0.27268,19.923,0.881,20.319,578.835,-1,568.540,17.577,472.154,471.171,556.949,473.570,-1,-1,-1,-1,-1,1007.785,32.448,22.231,1,0,2,0,1,0,0,0,0,2,2,2,2,2,1,1,1
370,-8859.104,-840.723,-60.096,121.975,-0.529528,-0.847308,0.040854,0.848254,-0.529345,0.016069,0.008010,0.043163,0.999036,0,-0.28989,0.26519,18.457,1.013,14.903,589.079,-1,548.415,16.898,470.288,462.255,597.549,428.344,-1,-1,-1,-1,-1,990.541,45.335,22.180,1,0,2,0,1,0,0,0,0,2,2,2,2,2,1,1,1
371,-8870.209,-828.036,-60.582,122.909,-0.543237,-0.837904,0.053002,0.839437,-0.543223,0.015942,0.015435,0.053152,0.998467,0,-0.29136,0.25606,16.860,0.934,13.441,613.166,-1,554.813,16.018,482.566,470.619,622.243,409.825,-1,-1,-1,-1,-1,982.824,51.408,22.369,1,0,2,0,1,0,0,0,0,2,2,2,2,2,1,1,1
372,-8880.383,-817.111,-58.534,123.539,-0.552300,-0.831621,0.058059,0.833193,-0.552954,0.005586,0.027458,0.051460,0.998298,0,-0.29272,0.24757,14.929,0.631,13.271,650.413,-1,588.447,15.354,508.520,496.150,624.791,415.655,-1,-1,-1,-1,-1,971.454,52.689,22.868,1,0,2,0,1,0,0,0,0,2,2,2,2,2,1,1,1
373,-8889.792,-807.667,-54.647,123.949,-0.557921,-0.827868,0.057961,0.828744,-0.559462,-0.013582,0.043671,0.040458,0.998226,0,-0.29364,0.24188,13.331,0.410,13.358,701.431,-1,647.939,14.965,547.543,538.397,609.104,441.153,-1,-1,-1,-1,-1,957.596,42.507,23.422,1,0,2,0,1,0,0,0,0,2,2,2,2,2,1,1,1
374,-8898.734,-799.239,-50.354,124.247,-0.561776,-0.825684,0.051513,0.825176,-0.563701,-0.036404,0.059096,0.022056,0.998009,0,-0.29423,0.23821,12.289,0.298,13.519,746.755,-1,720.473,14.619,587.525,585.250,577.816,481.053,-1,-1,-1,-1,-1,943.965,26.744,24.194,1,0,2,0,1,0,0,0,0,2,2,2,2,2,1,1,1
375,-8907.317,-791.681,-46.838,124.465,-0.564492,-0.824441,0.040555,0.822428,-0.565947,-0.057597,0.070437,0.000840,0.997516,0,-0.29466,0.23551,11.436,0.218,-1,774.301,-1,789.361,-1,619.204,624.276,540.851,528.009,-1,-1,-1,-1,-1,932.255,-1,917.797,2,0,2,0,2,0,0,0,0,2,2,2,2,2,1,2,1
376,-8915.587,-784.745,-44.305,124.671,-0.567152,-0.823105,0.028927,0.819958,-0.567592,-0.074220,0.077509,-0.018375,0.996822,0,-0.29499,0.23347,10.794,0.206,-1,786.329,-1,846.243,-1,639.770,652.732,508.673,573.048,-1,-1,-1,-1,-1,922.954,-1,898.818,2,0,2,0,2,0,0,0,0,2,2,2,2,2,1,2,1
377,-8923.501,-778.166,-42.549,124.906,-0.570406,-0.821173,0.017638,0.817489,-0.569669,-0.084791,0.079676,-0.033946,0.996243,0,-0.29531,0.23147,10.292,0.235,-1,782.304,-1,881.180,-1,646.754,666.194,483.556,611.451,-1,-1,-1,-1,-1,932.998,-1,896.777,2,0,2,0,2,0,0,0,0,2,2,2,2,2,1,2,1
378,-8930.984,-771.900,-41.521,125.144,-0.573940,-0.818872,0.006465,0.815301,-0.572141,-0.089106,0.076665,-0.045871,0.996001,0,-0.29568,0.22916,9.760,0.238,-1,762.006,-1,888.827,-1,639.107,663.372,464.127,641.242,-1,-1,-1,-1,-1,944.817,-1,922.409,2,0,2,0,2,0,0,0,0,2,2,2,2,2,1,2,1
379,-8937.958,-765.875,-41.230,125.345,-0.577131,-0.816636,-0.005023,0.813750,-0.574551,-0.087761,0.068783,-0.054737,0.996129,0,-0.29606,0.22682,9.216,0.201,-1,727.537,-1,869.673,-1,618.108,645.781,448.505,662.179,-1,-1,-1,-1,-1,943.564,-1,924.524,2,0,2,0,2,0,0,0,0,2,2,2,2,2,1,2,1
380,-8944.566,-760.102,-41.607,125.531,-0.580180,-0.814349,-0.015039,0.812458,-0.577333,-0.081233,0.057470,-0.059349,0.996582,0,-0.29637,0.22490,8.775,0.186,13.732,686.969,-1,830.467,-1,589.017,618.143,438.243,670.147,-1,-1,-1,-1,-1,932.239,26.631,908.593,1,0,2,0,2,0,0,0,0,2,2,2,2,2,1,1,1
381,-8950.846,-754.345,-42.415,125.741,-0.583505,-0.811848,-0.020593,0.810797,-0.580934,-0.071587,0.046155,-0.058468,0.997222,0,-0.29665,0.22315,8.519,0.211,14.208,652.592,-1,785.797,-1,561.282,589.745,435.720,662.106,-1,-1,-1,609.086,-1,917.920,36.684,885.472,1,0,2,0,2,0,0,0,0,2,2,2,1,2,1,1,1
382,-8956.697,-748.361,-43.549,125.969,-0.586937,-0.809375,-0.020449,0.808766,-0.584953,-0.061045,0.037447,-0.052368,0.997926,0,-0.29696,0.22121,8.370,0.228,14.072,630.356,-1,746.209,-1,540.543,566.413,440.926,639.956,-1,-1,-1,605.878,-1,904.821,42.336,862.032,1,0,2,0,2,0,0,0,0,2,2,2,1,2,1,1,1
383,-8962.164,-742.097,-45.076,126.216,-0.590519,-0.806895,-0.014393,0.806369,-0.589228,-0.050790,0.032502,-0.041598,0.998606,0,-0.29728,0.21925,8.315,0.247,14.793,621.153,-1,714.685,-1,528.081,549.807,453.581,606.621,-1,-1,-1,601.904,-1,899.873,43.081,850.753,1,0,2,0,2,0,0,0,0,2,2,2,1,2,1,1,1
384,-8967.325,-735.790,-47.165,126.511,-0.594701,-0.803941,-0.003046,0.803356,-0.594115,-0.040578,0.030812,-0.026579,0.999172,0,-0.29760,0.21724,8.149,0.295,17.108,622.240,-1,688.524,-1,521.758,537.902,473.454,565.735,-1,-1,-1,605.598,-1,897.902,40.837,847.439,1,0,2,0,2,0,0,0,0,2,2,2,1,2,1,1,1
385,-8972.506,-729.164,-49.987,126.860,-0.599532,-0.800243,0.013154,0.799665,-0.599617,-0.031538,0.033125,-0.008389,0.999416,0,0.58846,0.69626,8.411,0.348,16.537,634.565,-1,669.606,-1,522.119,531.628,499.542,520.994,-1,-1,-1,609.445,-1,895.544,36.292,843.852,1,0,2,0,2,0,0,0,0,2,2,2,1,2,1,1,1
386,-8978.021,-721.919,-53.466,127.256,-0.604915,-0.795647,0.031994,0.795336,-0.605669,-0.024626,0.038971,0.010549,0.999185,0,0.58937,0.69340,9.105,0.396,15.813,656.417,-1,658.302,995.586,528.141,530.641,528.435,477.583,-1,-1,-1,552.954,-1,893.489,31.994,839.558,1,0,2,0,1,0,0,0,0,2,2,2,1,2,1,1,1
387,-8983.916,-714.670,-56.508,127.663,-0.610429,-0.790746,0.045790,0.790867,-0.611668,-0.019784,0.043653,0.024137,0.998755,0,0.59040,0.69016,9.344,0.407,15.841,672.703,-1,649.849,17.095,532.057,529.423,549.404,447.218,-1,-1,-1,400.529,-1,901.391,29.625,22.181,1,0,2,0,1,0,0,0,0,2,2,2,1,2,1,1,1
388,-8990.404,-707.783,-58.403,128.067,-0.615920,-0.786051,0.052599,0.786444,-0.617410,-0.017657,0.046354,0.030491,0.998460,0,0.59149,0.68674,9.463,0.404,16.330,680.384,-1,645.759,17.184,533.455,528.401,558.021,432.053,-1,-1,-1,412.449,-1,912.702,29.718,22.185,1,0,2,0,1,0,0,0,0,2,2,2,1,2,1,1,1
389,-8997.401,-701.706,-58.776,128.499,-0.621831,-0.781448,0.051631,0.781790,-0.623285,-0.017900,0.046169,0.029234,0.998506,0,0.59263,0.68314,9.267,0.431,30.956,676.747,-1,644.935,18.121,531.223,526.718,553.236,432.144,-1,-1,-1,427.691,-1,-1,31.905,22.352,1,0,2,0,1,0,0,0,0,2,2,2,1,2,2,1,1
390,-9004.942,-696.235,-57.865,128.981,-0.628443,-0.776502,0.045867,0.776592,-0.629690,-0.019896,0.044331,0.023116,0.998749,0,0.59396,0.67895,9.317,0.482,23.760,667.573,-1,647.691,17.739,527.934,525.790,541.134,442.758,-1,-1,-1,445.744,-1,-1,35.773,22.262,1,0,2,0,1,0,0,0,0,2,2,2,1,2,2,1,1
391,-9012.933,-690.656,-56.119,129.448,-0.634791,-0.771696,0.039049,0.771487,-0.635810,-0.023529,0.042985,0.015190,0.998960,0,0.59554,0.67398,9.745,0.467,18.752,661.111,-1,655.986,17.465,527.510,528.369,527.918,458.715,-1,-1,-1,465.130,-1,-1,38.179,22.214,1,0,2,0,1,0,0,0,0,2,2,2,1,2,2,1,1
392,-9021.274,-684.643,-53.997,129.891,-0.640739,-0.767007,0.033958,0.766549,-0.641585,-0.027755,0.043075,0.008247,0.999038,0,0.59709,0.66910,10.283,0.443,17.752,661.155,-1,669.564,805.337,531.265,535.030,518.472,474.983,-1,-1,-1,485.033,-1,-1,39.509,-1,1,0,2,0,1,0,0,0,0,2,2,2,1,2,2,1,2
393,-9029.874,-678.183,-51.805,130.334,-0.646593,-0.762176,0.031708,0.761530,-0.647359,-0.031594,0.044607,0.003718,0.998998,0,0.59855,0.66449,10.755,0.442,15.927,667.833,-1,685.083,773.914,538.709,544.417,514.656,487.875,-1,-1,-1,504.765,-1,-1,38.919,-1,1,0,2,0,1,0,0,0,0,2,2,2,1,2,2,1,2
394,-9038.664,-671.221,-49.831,130.761,-0.652165,-0.757402,0.031983,0.756590,-0.652947,-0.035088,0.047459,0.001315,0.998872,0,0.59999,0.65996,11.213,0.427,14.699,679.697,-1,702.167,743.175,548.930,555.367,514.735,496.802,-1,-1,-1,523.963,-1,-1,35.205,-1,1,0,2,0,1,0,0,0,0,2,2,2,1,2,2,1,2
395,-9047.624,-663.827,-48.261,131.169,-0.657428,-0.752764,0.033679,0.751804,-0.658290,-0.038015,0.050787,0.000327,0.998709,0,0.60135,0.65567,11.617,0.408,13.486,693.260,-1,719.497,724.967,559.501,566.258,516.554,502.289,-1,-1,-1,542.869,-1,-1,30.975,-1,1,0,2,0,1,0,0,0,0,2,2,2,1,2,2,1,2
396,-9056.632,-655.963,-47.170,131.517,-0.661888,-0.748774,0.035246,0.747679,-0.662826,-0.040480,0.053672,-0.000440,0.998559,0,0.60263,0.65165,11.958,0.348,13.302,704.365,-1,733.866,717.731,567.973,575.407,517.373,506.127,-1,-1,-1,561.576,-1,-1,25.923,-1,1,0,2,0,1,0,0,0,0,2,2,2,1,2,2,1,2
397,-9067.550,-645.971,-46.472,131.872,-0.666437,-0.744658,0.036683,0.743474,-0.667446,-0.041984,0.055748,-0.000707,0.998445,0,0.60368,0.64834,14.800,0.355,13.499,711.534,-1,743.601,708.678,573.734,581.644,517.838,508.102,-1,-1,-1,584.352,-1,-1,24.766,-1,1,0,2,0,1,0,0,0,0,2,2,2,1,2,2,1,2
398,-9074.767,-638.734,-46.336,132.010,-0.668189,-0.743080,0.036832,0.741834,-0.669202,-0.043032,0.056624,-0.001430,0.998395,0,0.67338,0.56927,10.221,0.138,14.013,712.298,-1,748.297,701.846,575.576,583.973,515.640,509.532,-1,-1,-1,599.015,-1,-1,26.944,-1,1,0,2,0,1,0,0,0,0,2,2,2,1,2,2,1,2
399,-9083.615,-629.127,-46.383,132.054,-0.668764,-0.742611,0.035817,0.741335,-0.669718,-0.043592,0.056359,-0.002601,0.998407,0,0.67372,0.56830,13.061,0.044,14.494,708.537,-1,748.422,692.518,574.322,583.305,511.258,511.057,-1,-1,-1,616.566,-1,-1,24.581,-1,1,0,2,0,1,0,0,0,0,2,2,2,1,2,2,1,2
400,-9092.272,-618.945,-46.558,131.987,-0.667950,-0.743389,0.034869,0.742172,-0.668855,-0.042602,0.054992,-0.002578,0.998483,0,0.67363,0.56858,13.365,-0.067,14.869,702.377,-1,743.105,682.494,570.599,579.482,508.660,509.816,-1,-1,-1,633.070,-1,-1,23.602,-1,1,0,2,0,1,0,0,0,0,2,2,2,1,2,2,1,2
401,-9100.722,-608.131,-46.815,131.823,-0.665906,-0.745250,0.034225,0.744168,-0.666784,-0.040171,0.052758,-0.001281,0.998607,0,0.67306,0.57018,13.723,-0.164,15.237,694.723,-1,733.335,671.741,565.077,573.494,508.173,505.896,-1,-1,-1,648.588,-1,-1,23.009,-1,1,0,2,0,1,0,0,0,0,2,2,2,1,2,2,1,2
402,-9109.072,-596.718,-47.129,131.591,-0.662986,-0.747869,0.033798,0.746970,-0.663846,-0.036664,0.049857,0.000939,0.998756,0,0.67207,0.57298,14.142,-0.232,15.351,685.933,-1,720.431,660.354,558.262,565.784,509.212,500.078,-1,-1,-1,665.800,-1,-1,22.871,-1,1,0,2,0,1,0,0,0,0,2,2,2,1,2,2,1,2
403,-9117.440,-584.931,-47.453,131.340,-0.659832,-0.750624,0.034434,0.750002,-0.660708,-0.031009,0.046027,0.005364,0.998926,0,0.67076,0.57669,14.455,-0.251,15.161,676.568,-1,702.672,648.842,549.974,555.699,515.158,490.376,-1,-1,-1,673.971,-1,-1,23.109,-1,1,0,2,0,1,0,0,0,0,2,2,2,1,2,2,1,2
404,-9125.923,-572.754,-47.792,131.095,-0.656721,-0.753264,0.036207,0.752946,-0.657624,-0.024553,0.042306,0.011137,0.999043,0,0.66934,0.58071,14.840,-0.245,15.014,668.641,-1,684.477,637.093,542.281,545.740,524.268,478.647,-1,-1,-1,682.784,-1,-1,23.339,-1,1,0,2,0,1,0,0,0,0,2,2,2,1,2,2,1,2
405,-9134.295,-560.590,-48.031,130.834,-0.653394,-0.756054,0.038186,0.756051,-0.654278,-0.017547,0.038250,0.017406,0.999117,0,0.66789,0.58479,14.767,-0.261,15.249,660.633,-1,665.784,625.426,534.406,535.434,535.077,466.626,-1,-1,-1,691.606,-1,-1,22.991,-1,1,0,2,0,1,0,0,0,0,2,2,2,1,2,2,1,2
406,-9142.721,-547.983,-47.788,130.548,-0.649643,-0.759198,0.039782,0.759347,-0.650526,-0.014433,0.036837,0.020832,0.999104,0,0.66638,0.58908,15.163,-0.286,15.215,677.149,-1,659.312,13.287,532.748,532.588,541.347,460.925,-1,-1,-1,700.441,-1,-1,23.039,33.479,1,0,2,0,1,0,0,0,0,2,2,2,1,2,2,1,1
407,-9151.656,-534.913,-47.059,130.255,-0.645705,-0.762478,0.041140,0.762608,-0.646668,-0.015806,0.038655,0.021168,0.999028,0,0.66472,0.59378,15.833,-0.293,15.149,709.854,-1,666.522,13.301,538.355,538.158,542.577,461.783,-1,-1,-1,709.928,-1,-1,23.128,34.668,1,0,2,0,1,0,0,0,0,2,2,2,1,2,2,1,1
408,-9160.793,-521.782,-45.660,130.000,-0.642202,-0.765237,0.044594,0.765334,-0.643366,-0.018574,0.042903,0.022201,0.998833,0,0.66301,0.59860,15.997,-0.254,15.070,999.660,-1,682.688,13.323,550.287,550.290,548.251,463.392,-1,-1,-1,720.412,-1,-1,23.247,29.185,1,0,2,0,1,0,0,0,0,2,2,2,1,2,2,1,1
409,-9169.832,-508.493,-43.451,129.750,-0.638644,-0.767782,0.051425,0.767896,-0.640202,-0.021851,0.049699,0.025534,0.998438,0,0.66144,0.60305,16.072,-0.251,14.801,-1,-1,708.033,569.906,570.542,569.886,562.463,463.775,-1,-1,-1,732.569,-1,-1,23.751,-1,1,2,2,0,1,0,0,0,0,2,2,2,1,2,2,1,2
410,-9178.909,-494.963,-40.677,129.498,-0.635001,-0.770190,0.059844,0.770372,-0.637101,-0.025101,0.057459,0.030163,0.997892,0,0.65984,0.60757,16.293,-0.252,14.208,-1,-1,737.518,555.023,593.641,593.572,582.304,463.482,-1,-1,-1,745.714,-1,-1,25.750,-1,1,2,2,0,1,0,0,0,0,2,2,2,1,2,2,1,2
411,-9188.259,-481.473,-37.603,129.307,-0.632164,-0.771884,0.067560,0.772157,-0.634822,-0.027809,0.064354,0.034587,0.997328,0,0.65820,0.61221,16.413,-0.191,13.709,-1,-1,767.540,540.382,610.870,617.005,603.581,464.182,-1,-1,-1,890.391,-1,-1,30.106,-1,1,2,2,0,1,0,0,0,0,2,2,2,1,2,2,1,2
412,-9197.998,-468.145,-34.594,129.217,-0.630741,-0.772599,0.072507,0.772909,-0.633808,-0.029983,0.069121,0.037130,0.996917,0,0.65679,0.61621,16.508,-0.091,14.043,-1,-1,792.106,526.227,624.294,636.084,619.901,467.548,-1,-1,-1,-1,-1,-1,26.735,-1,1,2,2,0,1,0,0,0,0,2,2,2,2,2,2,1,2
413,-9208.036,-454.782,-32.068,129.154,-0.629795,-0.773291,0.073339,0.773464,-0.633010,-0.032420,0.071494,0.036308,0.996780,0,0.65576,0.61911,16.713,-0.062,-1,-1,-1,810.784,527.500,634.221,648.436,624.966,474.914,-1,-1,-1,-1,-1,-1,-1,-1,2,2,2,0,1,0,0,0,0,2,2,2,2,2,2,2,2
414,-9218.231,-441.361,-30.307,129.059,-0.628504,-0.774629,0.070239,0.774498,-0.631593,-0.035246,0.071665,0.032248,0.996907,0,0.65485,0.62171,16.854,-0.095,-1,-1,-1,821.593,527.567,886.386,652.442,618.284,485.584,-1,-1,-1,-1,-1,-1,-1,-1,2,2,2,0,1,0,0,0,0,2,2,2,2,2,2,2,2
415,-9228.569,-427.885,-29.439,128.947,-0.627043,-0.776324,0.064330,0.775812,-0.629802,-0.038281,0.070233,0.025905,0.997194,0,0.65380,0.62466,16.985,-0.113,-1,-1,-1,826.008,526.201,884.350,651.028,602.693,497.967,-1,-1,-1,-1,-1,-1,-1,-1,2,2,2,0,1,0,0,0,0,2,2,2,2,2,2,2,2
416,-9239.234,-414.529,-29.437,128.861,-0.626025,-0.777693,0.057323,0.776922,-0.628338,-0.039802,0.066972,0.019618,0.997562,0,0.65268,0.62782,17.091,-0.086,-1,-1,-1,820.847,522.519,872.014,643.181,585.551,508.513,-1,-1,-1,-1,-1,-1,-1,-1,2,2,2,0,1,0,0,0,0,2,2,2,2,2,2,2,2
417,-9250.097,-401.172,-30.300,128.805,-0.625472,-0.778629,0.050214,0.777795,-0.627312,-0.038915,0.061800,0.014716,0.997980,0,0.65169,0.63064,17.216,-0.056,-1,-1,-1,804.509,515.031,851.634,628.714,569.154,514.669,-1,-1,-1,-1,-1,-1,-1,-1,2,2,2,0,1,0,0,0,0,2,2,2,2,2,2,2,2
418,-9261.243,-387.913,-31.952,128.855,-0.626425,-0.778241,0.043974,0.777581,-0.627840,-0.034437,0.054409,0.012622,0.998439,0,0.65080,0.63316,17.322,0.050,-1,-1,-1,775.295,8.958,824.081,607.065,557.044,513.518,-1,-1,-1,-1,-1,-1,-1,22.410,2,2,2,0,1,0,0,0,0,2,2,2,2,2,2,2,1
419,-9273.145,-375.229,-33.919,129.153,-0.630699,-0.775009,0.039746,0.774612,-0.631814,-0.028052,0.046853,0.013096,0.998816,0,0.65030,0.63456,17.394,0.298,-1,-1,-1,742.832,16.453,797.441,583.774,550.352,506.954,-1,-1,-1,-1,-1,-1,-1,22.229,2,2,2,0,1,0,0,0,0,2,2,2,2,2,2,2,1
420,-9285.673,-362.719,-35.829,129.597,-0.636853,-0.770170,0.035453,0.769906,-0.637721,-0.023595,0.040781,0.012269,0.999093,0,0.65080,0.63314,17.705,0.444,-1,-1,-1,717.542,15.191,777.080,564.073,541.086,502.715,-1,-1,-1,-1,-1,-1,-1,23.070,2,2,2,0,1,0,0,0,0,2,2,2,2,2,2,2,1
421,-9298.548,-349.462,-37.568,129.921,-0.641304,-0.766675,0.030620,0.766420,-0.641966,-0.021926,0.036467,0.009407,0.999291,0,0.91639,0.41850,18.480,0.324,13.416,-1,-1,700.762,14.813,762.760,549.256,527.875,502.546,-1,-1,-1,-1,-1,-1,25.109,23.720,1,2,2,0,1,0,0,0,0,2,2,2,2,2,2,1,1
422,-9311.819,-335.411,-39.095,130.204,-0.645176,-0.763500,0.028549,0.763342,-0.645732,-0.018417,0.032496,0.009910,0.999423,0,0.91721,0.41686,19.327,0.283,13.428,992.158,-1,682.887,493.585,751.520,535.261,523.532,496.784,-1,-1,-1,-1,-1,-1,34.704,-1,1,0,2,0,1,0,0,0,0,2,2,2,2,2,2,1,2
423,-9325.519,-320.678,-40.070,130.499,-0.649148,-0.760106,0.029086,0.760093,-0.649667,-0.013854,0.029427,0.013114,0.999481,0,0.91770,0.41587,20.118,0.294,13.398,979.798,-1,667.217,14.862,746.076,523.820,527.193,487.672,-1,-1,-1,-1,-1,-1,37.506,23.619,1,0,2,0,1,0,0,0,0,2,2,2,2,2,2,1,1
424,-9339.797,-305.398,-40.283,130.830,-0.653563,-0.756254,0.030590,0.756360,-0.654074,-0.010358,0.027841,0.016367,0.999478,0,0.91814,0.41498,20.913,0.331,13.320,974.379,-1,658.174,15.074,747.672,541.203,533.669,480.325,-1,-1,-1,-1,-1,-1,35.878,23.242,1,0,2,0,1,0,0,0,0,2,2,2,2,2,2,1,1
425,-9354.800,-289.871,-39.623,131.215,-0.658651,-0.751744,0.032551,0.751963,-0.659163,-0.007397,0.027017,0.019605,0.999443,0,0.91871,0.41384,21.591,0.385,13.337,972.617,-1,652.761,15.026,752.862,603.916,543.164,475.614,-1,-1,-1,-1,-1,-1,33.898,23.318,1,0,2,0,1,0,0,0,0,2,2,2,2,2,2,1,1
426,-9370.331,-274.073,-38.062,131.631,-0.664073,-0.746797,0.036072,0.747143,-0.664641,-0.005388,0.027999,0.023373,0.999335,0,0.91955,0.41215,22.153,0.416,13.397,977.729,-1,650.260,14.860,762.888,657.753,557.353,472.546,-1,-1,-1,-1,-1,-1,39.348,23.622,1,0,2,0,1,0,0,0,0,2,2,2,2,2,2,1,1
427,-9386.133,-257.913,-35.414,132.002,-0.668819,-0.742205,0.042590,0.742743,-0.669561,-0.004482,0.031843,0.028636,0.999083,0,0.92052,0.41019,22.602,0.371,13.436,994.551,-1,659.190,14.776,783.691,729.021,579.664,469.381,-1,-1,-1,-1,-1,-1,37.259,23.805,1,0,2,0,1,0,0,0,0,2,2,2,2,2,2,1,1
428,-9402.442,-241.453,-32.228,132.369,-0.673441,-0.737555,0.049910,0.738326,-0.674431,-0.004218,0.036772,0.034010,0.998745,0,0.92119,0.40885,23.172,0.366,13.384,-1,-1,674.701,-1,808.078,748.792,604.969,467.451,-1,-1,-1,-1,-1,-1,39.057,15.249,1,2,2,0,2,0,0,0,0,2,2,2,2,2,2,1,1
429,-9419.871,-225.586,-29.330,133.015,-0.681655,-0.729420,0.057388,0.730592,-0.682813,-0.000795,0.039765,0.041386,0.998352,0,0.92180,0.40763,23.570,0.647,-1,-1,-1,679.520,-1,826.357,774.926,635.592,461.196,-1,-1,-1,-1,-1,-1,-1,-1,2,2,2,0,2,0,0,0,0,2,2,2,2,2,2,2,2
430,-9438.100,-210.301,-27.011,133.901,-0.692865,-0.718393,0.062048,0.719977,-0.693981,0.004762,0.039639,0.047973,0.998062,0,0.92403,0.40312,23.789,0.885,-1,-1,-1,738.399,-1,832.990,782.957,662.559,454.915,-1,-1,-1,-1,-1,-1,-1,-1,2,2,2,0,2,0,0,0,0,2,2,2,2,2,2,2,2
431,-9456.854,-195.786,-25.189,134.885,-0.705247,-0.706225,0.062240,0.708090,-0.706012,0.012459,0.035143,0.052858,0.997983,0,0.92766,0.39583,23.715,0.984,-1,-1,-1,725.800,-1,827.694,779.339,682.628,449.854,-1,-1,-1,-1,-1,-1,-1,-1,2,2,2,0,2,0,0,0,0,2,2,2,2,2,2,2,2
432,-9476.258,-181.988,-23.933,136.031,-0.719423,-0.691978,0.059969,0.693986,-0.719678,0.021144,0.028527,0.056829,0.997976,0,0.93199,0.38711,23.810,1.146,-1,994.622,-1,711.861,-1,816.477,770.377,698.276,444.864,-1,-1,-1,-1,-1,-1,-1,14.036,2,0,2,0,2,0,0,0,0,2,2,2,2,2,2,2,1
433,-9496.328,-168.825,-23.143,137.247,-0.734128,-0.676740,0.055481,0.678686,-0.733849,0.029152,0.020987,0.059055,0.998034,0,0.93737,0.37629,24.001,1.216,-1,967.691,-1,708.402,17.160,798.933,758.409,707.076,441.388,-1,-1,-1,-1,-1,-1,-1,22.184,2,0,2,0,1,0,0,0,0,2,2,2,2,2,2,2,1
434,-9517.066,-156.461,-22.777,138.485,-0.748713,-0.661049,0.049424,0.662765,-0.747953,0.036169,0.013058,0.059837,0.998123,0,0.67030,0.17041,24.145,1.237,-1,938.422,-1,725.104,16.793,779.874,743.217,709.795,439.712,-1,-1,-1,-1,-1,-1,-1,22.183,2,0,2,0,1,0,0,0,0,2,2,2,2,2,2,2,1
435,-9538.252,-144.448,-22.825,139.663,-0.762226,-0.645935,0.042183,0.647273,-0.761268,0.038845,0.007022,0.056912,0.998354,0,0.67483,0.15760,24.354,1.178,-1,911.044,-1,751.191,16.572,763.631,731.846,699.591,443.353,-1,-1,-1,-1,-1,-1,-1,22.207,2,0,2,0,1,0,0,0,0,2,2,2,2,2,2,2,1
436,-9559.908,-132.692,-23.407,140.811,-0.775061,-0.630929,0.034787,0.631878,-0.774170,0.037301,0.003397,0.050892,0.998698,0,0.67926,0.14504,24.641,1.148,-1,885.943,-1,755.715,16.507,750.889,724.898,678.712,450.856,-1,-1,-1,-1,-1,1003.580,-1,22.218,2,0,2,0,1,0,0,0,0,2,2,2,2,2,0,2,1
437,-9582.136,-121.356,-24.523,141.890,-0.786829,-0.616543,0.027849,0.617168,-0.786168,0.032304,0.001977,0.042606,0.999090,0,0.68371,0.13243,24.951,1.079,-1,861.551,-1,765.983,16.464,741.307,721.017,650.744,461.338,-1,-1,-1,-1,-1,998.782,-1,22.226,2,0,2,0,1,0,0,0,0,2,2,2,2,2,0,2,1
438,-9604.456,-110.515,-25.870,142.909,-0.797674,-0.602839,0.017362,0.603089,-0.797337,0.023169,-0.000124,0.028952,0.999581,0,0.68809,0.12004,24.814,1.018,-1,832.745,-1,770.473,16.356,727.362,712.932,608.779,438.161,-1,-1,-1,-1,-1,990.966,-1,22.251,2,0,2,0,1,0,0,0,1,2,2,2,2,2,0,2,1
439,-9626.707,-100.096,-26.779,143.779,-0.806736,-0.590907,0.002509,0.590898,-0.806682,0.010199,-0.004003,0.009710,0.999945,0,0.69239,0.10787,24.569,0.870,13.882,800.546,-1,769.797,16.427,709.989,703.193,557.552,412.837,-1,-1,-1,-1,1006.181,989.877,37.940,22.233,1,0,2,0,1,0,0,0,1,2,2,2,2,0,0,1,1
440,-9649.528,-89.967,-27.256,144.609,-0.815201,-0.579121,-0.008141,0.579149,-0.815220,-0.001391,-0.005831,-0.005849,0.999966,0,0.69628,0.09685,24.968,0.830,14.076,775.053,-1,770.816,12.968,697.589,697.640,521.186,390.360,-1,-1,-1,-1,972.708,995.963,44.221,10.221,1,0,2,0,1,0,0,0,1,2,2,2,2,0,0,1,1
441,-9672.945,-79.677,-27.320,145.440,-0.823529,-0.567197,-0.009346,0.567269,-0.823478,-0.009481,-0.002319,-0.013110,0.999911,0,0.70021,0.08572,25.578,0.831,13.453,762.622,-1,777.266,9.841,695.846,701.321,506.460,370.231,-1,-1,-1,-1,970.776,-1,48.957,22.366,1,0,2,0,1,0,0,0,1,2,2,2,2,0,2,1,1
442,-9696.482,-68.521,-26.978,146.188,-0.830851,-0.556488,-0.002670,0.556463,-0.830744,-0.014607,0.005911,-0.013622,0.999890,0,0.70426,0.07425,26.047,0.748,13.339,761.703,-1,782.840,14.087,703.971,709.604,507.630,371.804,-1,-1,-1,-1,-1,-1,47.224,11.533,1,0,2,0,1,0,0,0,1,2,2,2,2,2,2,1,1
443,-9719.919,-56.548,-26.307,146.901,-0.837620,-0.546179,0.009060,0.546022,-0.837632,-0.015246,0.015916,-0.007824,0.999843,0,0.70452,0.06389,26.318,0.713,13.289,770.396,-1,787.890,14.986,714.698,720.487,523.170,383.675,-1,-1,-1,-1,-1,-1,44.866,12.646,1,0,2,0,1,0,0,0,1,2,2,2,2,2,2,1,1
444,-9743.106,-43.475,-25.397,147.400,-0.842152,-0.538760,0.022766,0.538573,-0.842459,-0.014201,0.026830,0.000302,0.999640,0,0.70111,0.05424,26.619,0.500,13.733,783.700,-1,784.496,14.301,728.173,733.141,545.263,547.039,-1,-1,-1,-1,-1,-1,29.772,25.316,1,0,2,0,1,0,0,0,0,2,2,2,2,2,2,1,1
445,-9765.714,-29.424,-24.308,147.607,-0.843886,-0.535524,0.032708,0.535402,-0.844495,-0.013146,0.034662,0.006418,0.999379,0,0.69869,0.04737,26.618,0.207,13.798,785.477,-1,778.943,-1,736.566,738.425,563.364,539.846,-1,-1,-1,-1,-1,-1,28.951,-1,1,0,2,0,2,0,0,0,0,2,2,2,2,2,2,1,2
446,-9788.013,-15.410,-23.398,147.759,-0.845267,-0.533067,0.036930,0.533144,-0.845981,-0.008557,0.035804,0.012457,0.999281,0,0.69757,0.04421,26.337,0.152,-1,775.036,-1,766.253,-1,730.844,732.190,580.392,531.992,-1,-1,-1,-1,-1,-1,-1,-1,2,0,2,0,2,0,0,0,0,2,2,2,2,2,2,2,2
447,-9810.140,-1.521,-22.890,147.893,-0.846642,-0.530965,0.035694,0.531249,-0.847214,-0.001791,0.031192,0.017446,0.999361,0,0.69666,0.04164,26.125,0.134,-1,755.662,-1,747.834,-1,714.795,715.524,593.421,524.515,-1,-1,-1,-1,-1,-1,-1,-1,2,0,2,0,2,0,0,0,0,2,2,2,2,2,2,2,2
448,-9832.214,12.300,-23.016,147.998,-0.847815,-0.529428,0.030240,0.529808,-0.848098,0.005695,0.022631,0.020849,0.999526,0,0.69579,0.03916,26.044,0.106,-1,731.364,-1,725.461,-1,691.860,691.990,600.316,517.876,-1,-1,-1,-1,-1,-1,-1,-1,2,0,2,0,2,0,0,0,0,2,2,2,2,2,2,2,2
449,-9854.321,26.108,-23.989,148.069,-0.848625,-0.528546,0.021786,0.528865,-0.848610,0.012807,0.011718,0.022390,0.999681,0,0.69497,0.03684,26.065,0.070,-1,703.705,-1,700.632,-1,664.573,664.423,599.408,511.931,-1,-1,-1,-1,-1,962.089,-1,-1,2,0,2,0,2,0,0,0,0,2,2,2,2,2,0,2,2
450,-9876.519,39.938,-25.977,148.116,-0.849122,-0.528072,0.011468,0.528196,-0.848905,0.019189,-0.000398,0.022351,0.999750,0,0.69423,0.03474,26.154,0.048,-1,673.891,-1,674.367,-1,634.692,634.554,589.785,505.659,-1,-1,-1,-1,-1,890.859,-1,-1,2,0,2,0,2,0,0,0,0,2,2,2,2,2,0,2,2
451,-9898.818,53.814,-29.029,148.147,-0.849325,-0.527870,-0.000328,0.527700,-0.849068,0.024841,-0.013391,0.020925,0.999691,0,0.69351,0.03270,26.264,0.030,-1,642.389,-1,646.971,-1,602.836,602.970,573.264,499.085,-1,-1,-1,-1,-1,819.058,-1,-1,2,0,2,0,2,0,0,0,0,2,2,2,2,2,0,2,2
452,-9921.217,67.696,-33.076,148.147,-0.849075,-0.528089,-0.013898,0.527544,-0.848992,0.030148,-0.027721,0.018266,0.999449,0,0.69279,0.03066,26.352,0.000,-1,609.258,-1,618.135,-1,568.774,569.149,550.677,491.970,-1,-1,-1,-1,-1,737.755,-1,-1,2,0,2,0,2,0,0,0,0,2,2,2,2,2,0,2,2
453,-9943.701,81.586,-38.057,148.138,-0.848506,-0.528387,-0.029071,0.527366,-0.848863,0.036294,-0.043854,0.015465,0.998918,0,0.69209,0.02869,26.429,-0.009,-1,574.711,-1,586.962,-1,532.426,532.927,525.098,482.371,-1,-1,-1,-1,724.928,675.289,-1,967.751,2,0,2,0,2,0,0,0,0,2,2,2,2,0,0,2,0
454,-9966.208,95.467,-43.833,148.133,-0.847595,-0.528602,-0.046501,0.526911,-0.848771,0.044186,-0.062826,0.012950,0.997940,0,0.69133,0.02654,26.443,-0.005,-1,538.182,-1,544.605,852.338,493.302,493.730,497.200,467.852,-1,-1,-1,-1,621.219,623.561,-1,780.135,2,0,2,0,0,0,0,0,0,2,2,2,2,0,0,2,0
455,-9993.051,111.998,-51.651,148.119,-0.845635,-0.528919,-0.071739,0.525975,-0.848611,0.056648,-0.090841,0.010170,0.995813,0,0.38842,-0.68131,31.525,-0.014,-1,482.028,-1,489.011,614.494,440.953,442.392,461.374,446.189,-1,-1,-1,-1,563.535,571.760,650.765,552.657,2,0,2,0,0,0,0,0,0,2,2,2,2,0,0,0,0
456,-10010.627,123.020,-57.347,148.070,-0.843233,-0.529650,-0.091806,0.525486,-0.848178,0.066776,-0.113236,0.008065,0.993535,0,0.38842,-0.68131,20.746,-0.049,552.269,440.738,801.876,449.476,503.708,403.460,405.890,435.322,430.356,-1,-1,-1,-1,523.220,535.453,535.552,507.239,0,0,0,0,0,0,0,0,0,2,2,2,2,0,0,0,0
457,-10032.140,137.041,-65.014,147.901,-0.838260,-0.531943,-0.119818,0.525820,-0.846768,0.080609,-0.144338,0.004569,0.989518,0,0.38842,-0.68131,25.678,-0.169,15.114,388.502,560.179,398.620,427.130,355.665,359.276,399.333,410.033,-1,-1,-1,-1,472.026,489.277,23.180,453.114,1,0,0,0,0,0,0,0,0,2,2,2,2,0,0,1,0
458,-10053.204,151.729,-72.317,147.602,-0.831698,-0.536555,-0.142784,0.527765,-0.843849,0.096862,-0.172460,0.005203,0.985003,0,0.38842,-0.68131,25.680,-0.299,16.415,344.562,505.420,352.694,13.864,314.704,317.747,372.483,378.910,-1,-1,-1,-1,427.991,441.888,22.236,33.351,1,0,0,0,1,0,0,0,0,2,2,2,2,0,0,1,1
459,-10072.834,167.832,-77.287,146.946,-0.822791,-0.545956,-0.157949,0.535421,-0.837807,0.106784,-0.190630,0.003292,0.981656,0,0.30969,-0.45729,25.390,-0.656,18.018,314.916,465.108,321.904,39.164,287.208,290.075,348.334,361.031,-1,-1,-1,-1,393.910,401.252,22.325,48.868,1,0,0,0,1,0,0,0,0,2,2,2,2,0,0,1,1
460,-10090.488,185.290,-79.138,145.807,-0.810933,-0.561522,-0.164561,0.550965,-0.827457,0.108406,-0.197040,-0.002757,0.980392,0,0.30969,-0.45729,24.828,-1.139,17.977,300.347,436.877,307.384,34.902,273.989,277.308,322.763,362.880,-1,-1,-1,-1,374.393,381.862,22.316,53.527,1,0,0,0,1,0,0,0,0,2,2,2,2,0,0,1,1
461,-10107.025,203.281,-78.053,144.599,-0.799929,-0.578330,-0.160152,0.568494,-0.815781,0.106374,-0.192168,-0.005954,0.981344,0,0.30969,-0.45729,24.437,-1.208,17.785,300.419,420.565,306.139,24.797,274.024,277.385,314.239,372.405,-1,-1,-1,-1,371.358,373.749,22.272,51.740,1,0,0,0,1,0,0,0,0,2,2,2,2,0,0,1,1
462,-10122.643,221.295,-74.665,143.426,-0.789632,-0.595122,-0.149368,0.585875,-0.803621,0.104616,-0.182295,-0.004903,0.983232,0,0.30969,-0.45729,23.841,-1.173,17.485,307.066,412.848,310.291,18.904,281.740,284.424,325.225,382.587,-1,-1,-1,-1,371.174,363.579,22.218,45.739,1,0,0,0,1,0,0,0,0,2,2,2,2,0,0,1,1
463,-10137.494,239.111,-69.983,142.332,-0.779611,-0.611052,-0.137195,0.601852,-0.791590,0.105635,-0.173150,-0.000217,0.984895,0,0.30969,-0.45729,23.195,-1.094,17.118,315.553,424.041,315.191,15.947,290.266,289.245,348.517,389.677,-1,-1,-1,-1,372.626,354.214,22.181,38.224,1,0,0,0,1,0,0,0,0,2,2,2,2,0,0,1,1
464,-10151.808,256.692,-64.967,141.348,-0.770014,-0.625447,-0.126074,0.615841,-0.780239,0.109391,-0.166786,0.006591,0.985971,0,0.30969,-0.45729,22.671,-0.984,16.897,321.065,444.096,307.146,14.985,295.338,291.585,376.568,393.093,-1,-1,-1,-1,375.398,343.701,22.179,30.359,1,0,0,0,1,0,0,0,0,2,2,2,2,0,0,1,1
465,-10168.702,277.536,-59.600,140.298,-0.759181,-0.640566,-0.115409,0.630321,-0.767765,0.115034,-0.162294,0.014587,0.986635,0,0.30969,-0.45729,26.831,-1.050,340.653,324.239,467.670,293.444,14.057,297.033,291.556,407.583,392.694,-1,-1,-1,-1,358.611,329.314,350.796,24.108,0,0,0,0,1,0,0,0,0,2,2,2,2,0,0,0,1
466,-10179.845,291.481,-56.760,139.623,-0.752072,-0.649892,-0.109673,0.639551,-0.759820,0.116822,-0.159253,0.017717,0.987079,0,0.30969,-0.45729,17.850,-0.676,337.950,317.386,487.702,284.827,13.690,296.054,287.944,425.325,394.017,-1,-1,-1,-1,346.656,319.660,347.203,21.712,0,0,0,0,1,0,0,0,0,2,2,2,2,0,0,0,1
467,-10193.682,308.924,-54.083,138.778,-0.743056,-0.661126,-0.103829,0.650996,-0.750028,0.116885,-0.155150,0.019260,0.987703,0,0.30969,-0.45729,22.265,-0.844,332.130,303.185,503.932,273.995,13.295,283.634,279.480,440.982,397.247,-1,-1,-1,-1,330.891,307.499,340.712,22.055,0,0,0,0,1,0,0,0,0,2,2,2,2,0,0,0,1
468,-10207.576,326.363,-52.449,137.976,-0.734491,-0.671471,-0.098235,0.661893,-0.740783,0.114622,-0.149736,0.019168,0.988540,0,0.30969,-0.45729,22.297,-0.802,325.030,288.730,521.514,263.326,13.577,272.828,268.295,425.895,400.424,-1,-1,-1,-1,314.945,295.689,336.556,26.795,0,0,0,0,1,0,0,0,0,2,2,2,2,0,0,0,1
469,-10221.781,343.525,-51.774,137.269,-0.727079,-0.680398,-0.091733,0.671649,-0.732606,0.110344,-0.142282,0.018616,0.989651,0,0.30969,-0.45729,22.278,-0.707,317.418,274.572,541.874,253.360,15.836,262.058,256.303,419.540,401.776,-1,-1,-1,-1,321.979,306.882,332.033,22.467,0,0,0,0,1,0,0,0,0,2,2,2,2,0,0,0,1
470,-10237.105,357.324,-51.923,137.136,-0.725968,-0.683142,-0.079299,0.673770,-0.729602,0.117106,-0.137857,0.031586,0.989948,0,0.30969,-0.45729,20.621,-0.134,387.599,261.937,548.869,242.790,19.494,250.479,243.620,448.432,375.560,-1,-1,-1,-1,339.473,308.073,328.421,22.848,0,0,0,0,1,0,0,0,0,2,2,2,2,0,0,0,1
471,-10253.353,365.335,-52.148,137.832,-0.733907,-0.676519,-0.060841,0.664716,-0.733747,0.140600,-0.139760,0.062746,0.988195,0,0.30969,-0.45729,18.115,0.697,-1,252.033,533.523,230.832,18.849,238.557,230.785,535.715,316.982,-1,-1,-1,-1,353.213,285.071,366.639,22.588,2,0,0,0,1,0,0,0,0,2,2,2,2,0,0,0,1
472,-10269.508,371.657,-51.777,138.525,-0.742283,-0.668701,-0.043067,0.656141,-0.738376,0.155821,-0.135998,0.087406,0.986846,0,0.30969,-0.45729,17.348,0.693,-1,245.999,543.894,220.244,18.618,229.759,222.138,610.137,282.850,-1,-1,-1,-1,374.369,279.139,-1,22.505,2,0,0,0,1,0,0,0,0,2,2,2,2,0,0,2,1
473,-10285.462,376.851,-50.655,139.162,-0.750684,-0.660135,-0.026381,0.648852,-0.744193,0.158646,-0.124361,0.101976,0.986983,0,0.54127,-0.93556,16.778,0.637,-1,262.234,591.936,217.332,18.090,224.753,221.611,665.761,289.570,-1,-1,-1,-1,411.145,294.207,-1,22.345,2,0,0,0,1,0,0,0,0,2,2,2,2,0,0,2,1
474,-10301.385,382.043,-49.328,139.775,-0.759314,-0.650637,-0.010651,0.642247,-0.751956,0.148596,-0.104691,0.105991,0.988841,0,0.54127,-0.93556,16.748,0.613,-1,295.669,-1,232.343,17.373,233.268,234.843,688.194,304.590,-1,-1,-1,718.484,-1,322.934,-1,22.203,2,0,2,0,1,0,0,0,0,2,2,2,1,2,0,2,1
475,-10317.241,387.505,-48.308,140.356,-0.767601,-0.640912,0.004547,0.636017,-0.760824,0.128952,-0.079187,0.101876,0.991640,0,0.54127,-0.93556,16.771,0.581,-1,333.057,-1,254.311,16.808,255.862,244.962,679.394,325.680,-1,-1,-1,698.899,-1,368.778,-1,22.183,2,0,2,0,1,0,0,0,0,2,2,2,1,2,0,2,1
476,-10333.027,392.851,-47.860,140.919,-0.775276,-0.631306,0.020001,0.629626,-0.769922,0.103881,-0.050182,0.093129,0.994389,0,0.54127,-0.93556,16.667,0.563,-1,373.305,-1,289.463,16.137,288.496,259.924,652.877,326.730,-1,-1,-1,680.861,-1,428.078,-1,22.320,2,0,2,0,1,0,0,0,0,2,2,2,1,2,0,2,1
477,-10348.641,398.032,-48.106,141.445,-0.781871,-0.622417,0.035700,0.623162,-0.778532,0.074552,-0.018608,0.080537,0.996578,0,0.54127,-0.93556,16.451,0.526,-1,-1,-1,331.321,15.535,322.105,294.268,613.872,327.891,-1,-1,-1,664.560,-1,504.388,-1,22.689,2,2,2,0,1,0,0,0,0,2,2,2,1,2,0,2,1
478,-10367.298,404.231,-49.576,142.074,-0.788617,-0.612412,0.055094,0.614502,-0.788117,0.035472,0.021697,0.061829,0.997851,0,0.54127,-0.93556,19.660,0.629,-1,-1,-1,389.473,14.381,367.580,342.162,558.409,330.798,-1,-1,-1,645.742,-1,626.678,-1,24.988,2,2,2,0,1,0,0,0,0,2,2,2,1,2,0,2,1
479,-10379.709,408.405,-51.371,142.500,-0.792377,-0.606189,0.068359,0.608021,-0.793882,0.007893,0.049484,0.047817,0.997630,0,0.54127,-0.93556,13.094,0.426,-1,-1,-1,435.305,13.508,400.878,376.642,518.718,338.852,-1,-1,-1,654.020,-1,739.883,-1,22.743,2,2,2,0,1,0,0,0,0,2,2,2,1,2,0,2,1
480,-10395.188,413.693,-54.616,143.036,-0.796142,-0.599077,0.085231,0.599155,-0.800160,-0.027507,0.084677,0.029167,0.995981,0,0.54127,-0.93556,16.357,0.536,-1,-1,-1,500.613,-1,-1,425.018,468.399,360.084,-1,467.091,443.529,678.028,-1,-1,-1,-1,2,2,2,0,2,2,0,0,0,2,0,0,1,2,2,2,2
481,-10410.677,419.015,-59.031,143.600,-0.799092,-0.592410,0.102483,0.589138,-0.805574,-0.062986,0.119871,0.010045,0.992739,0,0.54127,-0.93556,16.378,0.564,-1,-1,-1,579.570,-1,-1,479.240,419.028,380.824,-1,274.609,268.510,702.937,-1,-1,-1,-1,2,2,2,0,2,2,0,0,0,2,0,0,1,2,2,2,2
482,-10424.463,425.084,-64.565,143.950,-0.799181,-0.590425,0.112735,0.581710,-0.806930,-0.102362,0.151407,-0.016226,0.988338,0,0.54127,-0.93556,15.063,0.350,-1,-1,-1,671.140,21.668,-1,-1,347.881,416.269,603.430,239.613,256.231,735.089,-1,-1,-1,22.705,2,2,2,0,1,2,2,0,0,0,0,0,1,2,2,2,1
483,-10434.308,431.534,-70.305,143.692,-0.794596,-0.597649,0.106929,0.583863,-0.800487,-0.135367,0.166497,-0.045130,0.985009,0,-0.02837,-0.30493,11.770,-0.258,-1,-1,-1,-1,-1,-1,-1,284.985,461.479,311.372,230.045,252.025,742.013,-1,-1,-1,-1,2,2,2,2,2,2,2,0,0,0,0,0,1,2,2,2,2
484,-10441.451,437.253,-74.979,143.322,-0.790869,-0.604143,0.097654,0.589030,-0.794745,-0.146371,0.166039,-0.058239,0.984398,0,-0.02837,-0.30493,9.150,-0.370,18.582,-1,-1,-1,-1,-1,-1,268.616,474.654,259.582,230.317,255.260,742.603,-1,-1,22.494,-1,1,2,2,2,2,2,2,0,0,0,0,0,1,2,2,1,2
485,-10446.297,442.346,-77.830,143.017,-0.788966,-0.607228,0.093841,0.594172,-0.792895,-0.135192,0.156499,-0.050905,0.986365,0,-0.02837,-0.30493,7.030,-0.305,18.520,-1,-1,-1,30.359,-1,-1,272.250,446.649,269.183,238.514,263.069,748.195,-1,-1,22.473,31.626,1,2,2,2,1,2,2,0,0,0,0,0,1,2,2,1,1
486,-10449.069,446.752,-78.309,142.806,-0.787909,-0.608087,0.097103,0.597934,-0.793188,-0.115442,0.147220,-0.032897,0.988557,0,-0.02837,-0.30493,5.206,-0.211,18.545,-1,-1,617.321,45.972,-1,-1,287.755,402.147,398.522,249.331,271.249,758.644,-1,-1,22.482,47.919,1,2,2,0,1,2,2,0,0,0,0,0,1,2,2,1,1
487,-10450.134,450.214,-76.439,142.676,-0.786953,-0.607795,0.106251,0.600012,-0.793983,-0.097857,0.143839,-0.013257,0.989512,0,-0.02837,-0.30493,3.622,-0.129,18.574,-1,-1,594.565,52.738,-1,-1,308.201,365.772,547.227,258.354,276.797,763.816,-1,-1,22.491,54.981,1,2,2,0,1,2,2,0,0,0,0,0,0,2,2,1,1
488,-10450.353,452.906,-72.710,142.562,-0.785239,-0.607637,0.119070,0.601197,-0.794212,-0.088262,0.148198,0.002278,0.988955,0,-0.02837,-0.30493,2.700,-0.115,18.596,-1,-1,604.867,53.417,-1,-1,348.925,348.936,664.102,263.418,278.877,685.740,-1,-1,22.499,55.731,1,2,2,0,1,2,2,0,0,0,0,0,0,2,2,1,1
489,-10450.139,454.921,-68.068,142.406,-0.782425,-0.608654,0.131725,0.602412,-0.793362,-0.087614,0.157832,0.010801,0.987407,0,-0.02837,-0.30493,2.026,-0.155,18.508,-1,-1,641.350,49.839,-1,-1,384.144,350.032,699.860,264.746,278.514,630.202,-1,-1,22.469,51.883,1,2,2,0,1,2,2,0,0,0,0,0,0,2,2,1,1
490,-8357.496,4338.010,43.457,-109.932,-0.340911,0.939835,0.022146,-0.940095,-0.340789,-0.009157,-0.001059,-0.023941,0.999713,1,-0.02837,-0.30493,0.000,0.000,-1,669.710,-1,666.309,-1,539.481,537.914,521.391,497.902,-1,-1,-1,-1,-1,-1,-1,-1,2,0,2,0,2,0,0,0,0,2,2,2,2,2,2,2,2
491,-8357.696,4337.871,45.095,-109.912,-0.340575,0.940005,0.019982,-0.940217,-0.340510,-0.006628,0.000574,-0.021045,0.999778,0,0.51777,0.65593,0.244,0.020,-1,681.238,-1,673.349,-1,547.365,544.721,532.641,497.059,-1,-1,-1,-1,-1,-1,-1,-1,2,0,2,0,2,0,0,0,0,2,2,2,2,2,2,2,2
492,-8358.006,4337.061,45.560,-109.841,-0.339404,0.940456,0.018653,-0.940633,-0.339413,-0.002780,0.003716,-0.018489,0.999822,0,0.51777,0.65593,0.867,0.071,-1,693.389,-1,681.565,-1,555.531,551.923,540.034,494.063,-1,-1,-1,-1,-1,-1,-1,-1,2,0,2,0,2,0,0,0,0,2,2,2,2,2,2,2,2
493,-8358.389,4335.573,45.004,-109.753,-0.337950,0.940977,0.018781,-0.941133,-0.338033,0.001323,0.007593,-0.017228,0.999823,0,0.51777,0.65593,1.537,0.088,-1,703.659,-1,690.133,-1,562.622,558.515,541.751,490.942,-1,-1,-1,-1,-1,-1,-1,-1,2,0,2,0,2,0,0,0,0,2,2,2,2,2,2,2,2
494,-8358.749,4333.486,43.685,-109.648,-0.336226,0.941570,0.019945,-0.941724,-0.336364,0.003946,0.010424,-0.017456,0.999793,0,0.51777,0.65593,2.117,0.104,-1,707.587,-1,694.873,-1,565.460,561.424,537.803,488.486,-1,-1,-1,-1,-1,-1,-1,-1,2,0,2,0,2,0,0,0,0,2,2,2,2,2,2,2,2
495,-8359.042,4330.904,41.907,-109.527,-0.334229,0.942250,0.021334,-0.942435,-0.334372,0.003426,0.010362,-0.018961,0.999767,0,0.51777,0.65593,2.599,0.121,-1,700.899,-1,690.969,-1,560.831,557.380,529.357,486.874,-1,-1,-1,-1,-1,-1,-1,-1,2,0,2,0,2,0,0,0,0,2,2,2,2,2,2,2,2
496,-8359.277,4327.825,39.961,-109.390,-0.331982,0.942998,0.023285,-0.943257,-0.332063,-0.000440,0.007317,-0.022110,0.999729,0,0.51777,0.65593,3.088,0.137,-1,684.118,-1,679.444,-1,549.304,547.081,516.639,487.508,-1,-1,-1,-1,-1,-1,-1,15.745,2,0,2,0,2,0,0,0,0,2,2,2,2,2,2,2,1
497,-8359.580,4324.105,38.257,-109.249,-0.329679,0.943759,0.025121,-0.944087,-0.329659,-0.005051,0.003515,-0.025381,0.999672,0,0.51777,0.65593,3.733,0.140,14.079,666.249,-1,666.816,16.543,537.029,536.065,504.703,488.994,-1,-1,-1,-1,-1,-1,28.432,22.212,1,0,2,0,1,0,0,0,0,2,2,2,2,2,2,1,1
498,-8360.085,4319.652,37.111,-109.100,-0.327224,0.944580,0.026327,-0.944946,-0.327121,-0.008266,0.000804,-0.027583,0.999619,0,0.51777,0.65593,4.481,0.149,13.989,654.127,-1,658.247,16.484,528.750,528.627,496.959,490.189,-1,-1,-1,-1,-1,-1,34.990,22.222,1,0,2,0,1,0,0,0,0,2,2,2,2,2,2,1,1
499,-8360.800,4314.475,36.629,-108.929,-0.324396,0.945547,0.026598,-0.945921,-0.324256,-0.009533,-0.000389,-0.028252,0.999601,0,0.51777,0.65593,5.226,0.171,13.833,649.274,-1,654.750,16.388,525.534,525.679,494.482,490.561,-1,-1,-1,-1,-1,-1,36.989,22.242,1,0,2,0,1,0,0,0,0,2,2,2,2,2,2,1,1
