timestep,x_cm,y_cm,z_cm,yaw_deg,basis_xx,basis_xy,basis_xz,basis_yx,basis_yy,basis_yz,basis_zx,basis_zy,basis_zz,teleport_flag,throttle_cmd,steering_cmd,cmd_move_cm,cmd_turn_deg,lidar_cm_0,lidar_cm_1,lidar_cm_2,lidar_cm_3,lidar_cm_4,lidar_cm_5,lidar_cm_6,lidar_cm_7,lidar_cm_8,lidar_cm_9,lidar_cm_10,lidar_cm_11,lidar_cm_12,lidar_cm_13,lidar_cm_14,lidar_cm_15,lidar_cm_16,lidar_class_0,lidar_class_1,lidar_class_2,lidar_class_3,lidar_class_4,lidar_class_5,lidar_class_6,lidar_class_7,lidar_class_8,lidar_class_9,lidar_class_10,lidar_class_11,lidar_class_12,lidar_class_13,lidar_class_14,lidar_class_15,lidar_class_16
0,-3480.383,2329.459,253.473,-161.116,-0.946078,0.323869,0.006710,-0.323620,-0.945864,0.024733,0.014357,0.021227,0.999672,0,0.26327,0.81337,0.311,0.015,-1,801.090,-1,703.824,-1,618.165,599.230,513.344,479.739,-1,-1,-1,-1,-1,-1,-1,-1,2,0,2,0,2,0,0,0,0,2,2,2,2,2,2,2,2
1,-3480.361,2329.107,254.834,-161.073,-0.945835,0.324574,0.006941,-0.324333,-0.945643,0.023825,0.014296,0.020284,0.999692,0,0.26332,0.81337,0.353,0.043,-1,804.420,-1,708.127,-1,621.055,602.378,515.452,484.790,-1,-1,-1,-1,-1,-1,-1,-1,2,0,2,0,2,0,0,0,0,2,2,2,2,2,2,2,2
2,-3480.649,2328.609,254.926,-161.017,-0.945503,0.325509,0.008206,-0.325247,-0.945336,0.023555,0.015425,0.019602,0.999689,0,0.26341,0.81337,0.575,0.056,-1,807.981,-1,711.828,-1,623.502,604.949,514.400,486.376,-1,-1,-1,-1,-1,-1,-1,-1,2,0,2,0,2,0,0,0,0,2,2,2,2,2,2,2,2
3,-3481.277,2327.971,253.787,-160.956,-0.945115,0.326561,0.010708,-0.326239,-0.944978,0.024190,0.018018,0.019369,0.999650,0,0.26352,0.81337,0.896,0.061,-1,813.533,-1,715.619,-1,626.201,607.548,510.739,484.279,-1,-1,-1,-1,-1,-1,-1,-1,2,0,2,0,2,0,0,0,0,2,2,2,2,2,2,2,2
4,-3482.219,2327.200,251.637,-160.874,-0.944586,0.327994,0.013351,-0.327572,-0.944452,0.026571,0.021325,0.020725,0.999558,0,0.26362,0.81337,1.217,0.082,-1,820.418,-1,717.224,-1,628.372,609.052,507.530,477.039,-1,-1,-1,-1,-1,-1,-1,-1,2,0,2,0,2,0,0,0,0,2,2,2,2,2,2,2,2
5,-3483.333,2326.420,249.093,-160.775,-0.943992,0.329682,0.013743,-0.329191,-0.943809,0.029291,0.022627,0.023126,0.999476,0,0.26376,0.81337,1.360,0.099,14.007,819.575,-1,711.607,-1,625.672,605.516,505.133,466.920,-1,-1,-1,-1,-1,-1,21.659,-1,1,0,2,0,2,0,0,0,0,2,2,2,2,2,2,1,2
6,-3484.611,2325.595,246.815,-160.676,-0.943432,0.331329,0.012539,-0.330826,-0.943178,0.031139,0.022143,0.025229,0.999436,0,0.26394,0.81337,1.521,0.099,14.912,812.387,-1,702.292,16.872,619.801,599.057,502.628,457.871,-1,-1,-1,-1,-1,-1,28.580,22.180,1,0,2,0,1,0,0,0,0,2,2,2,2,2,2,1,1
7,-3486.064,2324.657,245.236,-160.576,-0.942886,0.332947,0.010582,-0.332479,-0.942574,0.031808,0.020565,0.026473,0.999438,0,0.26410,0.81337,1.730,0.100,15.861,802.510,-1,692.814,17.099,613.148,592.173,500.219,451.849,-1,-1,-1,-1,-1,-1,32.774,22.181,1,0,2,0,1,0,0,0,0,2,2,2,2,2,2,1,1
8,-3487.719,2323.566,244.540,-160.473,-0.942324,0.334592,0.008554,-0.334187,-0.941985,0.031370,0.018554,0.026702,0.999471,0,0.26426,0.81337,1.982,0.103,16.526,793.093,-1,685.523,17.213,607.509,586.641,498.229,449.658,-1,-1,-1,-1,-1,-1,35.093,22.188,1,0,2,0,1,0,0,0,0,2,2,2,2,2,2,1,1
9,-3489.599,2322.307,244.683,-160.364,-0.941718,0.336336,0.006807,-0.335995,-0.941376,0.030317,0.016604,0.026263,0.999517,0,0.26442,0.81337,2.262,0.109,16.765,786.308,-1,681.232,17.248,603.846,583.255,497.360,450.662,-1,-1,-1,-1,-1,-1,35.739,22.191,1,0,2,0,1,0,0,0,0,2,2,2,2,2,2,1,1
10,-3491.716,2320.902,245.454,-160.248,-0.941060,0.338196,0.005407,-0.337909,-0.940727,0.029145,0.014943,0.025600,0.999561,0,0.26458,0.81337,2.541,0.116,16.632,782.722,-1,679.544,17.228,602.185,581.881,497.952,453.643,-1,-1,-1,-1,-1,-1,34.951,22.189,1,0,2,0,1,0,0,0,0,2,2,2,2,2,2,1,1
11,-3494.069,2319.338,246.579,-160.115,-0.940287,0.340355,0.004356,-0.340107,-0.939963,0.028244,0.013708,0.025076,0.999592,0,0.26475,0.81337,2.826,0.134,17.641,782.240,-1,679.752,17.360,602.228,582.100,499.976,457.337,-1,-1,-1,-1,-1,-1,32.779,22.202,1,0,2,0,1,0,0,0,0,2,2,2,2,2,2,1,1
12,-3496.655,2317.613,247.777,-159.963,-0.939396,0.342816,0.003588,-0.342593,-0.939075,0.027711,0.012869,0.024802,0.999610,0,0.26495,0.81337,3.108,0.151,18.839,783.845,-1,680.932,17.474,603.283,583.204,502.804,460.867,-1,-1,-1,-1,-1,-1,29.820,22.216,1,0,2,0,1,0,0,0,0,2,2,2,2,2,2,1,1
13,-3499.426,2315.741,248.827,-159.789,-0.938355,0.345661,0.002840,-0.345459,-0.938034,0.027380,0.012128,0.024711,0.999621,0,0.26518,0.81337,3.344,0.175,20.928,785.566,-1,681.809,14.034,604.247,584.149,505.594,463.762,-1,-1,-1,-1,-1,-1,26.860,10.385,1,0,2,0,1,0,0,0,0,2,2,2,2,2,2,1,1
14,-3502.368,2313.742,249.591,-159.605,-0.937251,0.348650,0.002067,-0.348471,-0.936930,0.027011,0.011354,0.024596,0.999633,0,0.26545,0.81337,3.557,0.184,21.677,786.151,-1,681.840,-1,604.485,584.390,507.434,465.996,-1,-1,-1,-1,-1,-1,25.332,17.571,1,0,2,0,2,0,0,0,0,2,2,2,2,2,2,1,1
15,-3505.510,2311.658,250.014,-159.428,-0.936181,0.351515,0.001421,-0.351356,-0.935865,0.026566,0.010668,0.024372,0.999646,0,0.26573,0.81337,3.770,0.176,20.257,785.577,-1,681.247,-1,604.079,584.030,507.958,467.577,-1,-1,-1,-1,-1,-1,25.440,-1,1,0,2,0,2,0,0,0,0,2,2,2,2,2,2,1,2
16,-3508.833,2309.470,250.101,-159.249,-0.935084,0.354425,0.000790,-0.354284,-0.934771,0.026170,0.010014,0.024191,0.999657,0,0.26599,0.81337,3.979,0.179,19.430,783.820,-1,679.785,-1,602.970,582.962,507.524,468.259,-1,-1,-1,-1,-1,-1,26.008,-1,1,0,2,0,2,0,0,0,0,2,2,2,2,2,2,1,2
17,-3512.298,2307.123,249.907,-159.051,-0.933858,0.357645,-0.000081,-0.357527,-0.933544,0.025888,0.009183,0.024204,0.999665,0,0.26625,0.81337,4.185,0.199,21.420,780.674,-1,676.998,-1,600.934,580.928,506.638,467.924,-1,-1,-1,-1,-1,-1,26.390,-1,1,0,2,0,2,0,0,0,0,2,2,2,2,2,2,1,2
18,-3515.858,2304.600,249.566,-158.830,-0.932481,0.361217,-0.001179,-0.361128,-0.932167,0.025535,0.008125,0.024237,0.999673,0,0.26654,0.81337,4.363,0.221,26.590,776.224,-1,673.121,-1,597.974,578.165,505.325,467.189,-1,-1,-1,-1,-1,-1,27.544,13.657,1,0,2,0,2,0,0,0,0,2,2,2,2,2,2,1,1
19,-3519.531,2301.938,249.202,-158.599,-0.931025,0.364949,-0.002340,-0.364891,-0.930718,0.024883,0.006903,0.024021,0.999688,0,0.26688,0.81337,4.536,0.231,25.464,770.871,-1,668.934,13.706,594.576,575.104,503.374,466.812,-1,-1,-1,-1,-1,-1,29.173,10.024,1,0,2,0,1,0,0,0,0,2,2,2,2,2,2,1,1
20,-3523.358,2299.176,248.912,-158.368,-0.929558,0.368659,-0.003460,-0.368633,-0.929267,0.023911,0.005600,0.023502,0.999708,0,0.26723,0.81337,4.720,0.230,20.767,765.218,-1,664.982,10.829,591.141,572.100,500.955,467.124,-1,-1,-1,-1,-1,-1,30.843,8.018,1,0,2,0,1,0,0,0,0,2,2,2,2,2,2,1,1
21,-3527.366,2296.341,248.758,-158.144,-0.928117,0.372261,-0.004534,-0.372264,-0.927848,0.022731,0.004255,0.022785,0.999731,0,0.26758,0.81337,4.909,0.224,17.177,759.767,-1,661.444,9.646,587.912,569.341,498.492,468.112,-1,-1,-1,-1,-1,-1,32.267,22.195,1,0,2,0,1,0,0,0,0,2,2,2,2,2,2,1,1
22,-3531.580,2293.475,248.770,-157.932,-0.926734,0.375675,-0.005647,-0.375706,-0.926491,0.021442,0.002823,0.021992,0.999754,0,0.26791,0.81337,5.097,0.213,15.076,754.609,-1,658.192,9.888,584.895,566.778,496.333,469.633,-1,-1,-1,-1,-1,-1,33.386,22.179,1,0,2,0,1,0,0,0,0,2,2,2,2,2,2,1,1
23,-3536.020,2290.615,248.933,-157.738,-0.925463,0.378777,-0.006855,-0.378837,-0.925245,0.020092,0.001268,0.021191,0.999775,0,0.26820,0.81337,5.281,0.194,13.928,749.647,-1,655.050,11.311,582.134,564.287,494.556,471.533,-1,-1,-1,-1,-1,-1,34.273,8.958,1,0,2,0,1,0,0,0,0,2,2,2,2,2,2,1,1
24,-3540.664,2287.754,249.206,-157.561,-0.924288,0.381605,-0.008319,-0.381695,-0.924096,0.018853,-0.000493,0.020601,0.999788,0,0.26844,0.81337,5.455,0.177,13.609,744.707,-1,651.565,13.938,579.261,561.610,493.507,473.330,-1,-1,-1,-1,-1,-1,34.669,11.183,1,0,2,0,1,0,0,0,0,2,2,2,2,2,2,1,1
25,-3545.498,2284.814,249.519,-157.376,-0.923049,0.384550,-0.010123,-0.384676,-0.922873,0.018144,-0.002365,0.020642,0.999784,0,0.26864,0.81337,5.658,0.185,13.569,740.292,-1,647.468,-1,576.398,558.732,493.901,474.153,-1,-1,-1,-1,-1,-1,34.408,15.029,1,0,2,0,2,0,0,0,0,2,2,2,2,2,2,1,1
26,-3550.503,2281.758,249.805,-157.170,-0.921652,0.387823,-0.012278,-0.387993,-0.921485,0.018067,-0.004307,0.021415,0.999761,0,0.26885,0.81337,5.864,0.206,13.967,736.402,-1,642.877,-1,573.511,555.595,495.789,473.677,-1,-1,-1,-1,-1,-1,33.380,17.616,1,0,2,0,2,0,0,0,0,2,2,2,2,2,2,1,1
27,-3555.694,2278.501,250.024,-156.932,-0.920024,0.391591,-0.014561,-0.391814,-0.919855,0.018647,-0.006092,0.022861,0.999720,0,0.35258,0.84500,6.128,0.238,14.749,733.576,-1,638.055,-1,570.949,552.546,498.973,471.947,-1,-1,-1,-1,-1,-1,31.960,15.845,1,0,2,0,2,0,0,0,0,2,2,2,2,2,2,1,1
28,-3561.120,2275.004,250.164,-156.668,-0.918195,0.395775,-0.016712,-0.396055,-0.918019,0.019529,-0.007613,0.024550,0.999670,0,0.35298,0.84500,6.455,0.265,15.409,731.656,-1,633.486,-1,568.795,549.794,502.508,469.704,-1,-1,-1,-1,-1,-1,30.474,13.615,1,0,2,0,2,0,0,0,0,2,2,2,2,2,2,1,1
29,-3566.738,2271.240,250.219,-156.377,-0.916163,0.400368,-0.018717,-0.400703,-0.915984,0.020272,-0.009028,0.026072,0.999619,0,0.35345,0.84500,6.763,0.291,16.724,729.652,-1,629.089,15.773,566.655,547.337,505.463,467.597,-1,-1,-1,-1,-1,-1,29.132,11.944,1,0,2,0,1,0,0,0,0,2,2,2,2,2,2,1,1
30,-3572.500,2267.207,250.219,-156.064,-0.913948,0.405312,-0.020537,-0.405697,-0.913778,0.020495,-0.010459,0.027063,0.999579,0,0.35398,0.84500,7.034,0.313,16.770,726.889,-1,624.921,10.263,564.304,544.872,507.096,466.288,-1,-1,-1,-1,-1,-1,28.518,22.191,1,0,2,0,1,0,0,0,0,2,2,2,2,2,2,1,1
31,-3578.411,2262.938,250.196,-155.738,-0.911608,0.410468,-0.022049,-0.410888,-0.911467,0.019988,-0.011893,0.027281,0.999557,0,0.35457,0.84500,7.291,0.326,16.237,723.274,-1,621.227,9.663,561.780,542.499,506.926,466.236,-1,-1,-1,-1,-1,-1,28.629,22.184,1,0,2,0,1,0,0,0,0,2,2,2,2,2,2,1,1
32,-3584.491,2258.448,250.151,-155.406,-0.909200,0.415702,-0.023388,-0.416144,-0.909102,0.018918,-0.013398,0.026933,0.999547,0,0.35518,0.84500,7.559,0.331,15.813,718.841,-1,617.716,10.761,558.992,540.059,505.397,467.091,-1,-1,-1,-1,-1,-1,29.261,8.224,1,0,2,0,1,0,0,0,0,2,2,2,2,2,2,1,1
33,-3590.751,2253.761,250.110,-155.068,-0.906704,0.421042,-0.024743,-0.421500,-0.906659,0.017529,-0.015053,0.026323,0.999540,0,0.35580,0.84500,7.820,0.339,15.656,713.749,-1,614.077,12.169,555.907,537.377,503.258,468.400,-1,-1,-1,-1,-1,-1,30.104,9.317,1,0,2,0,1,0,0,0,0,2,2,2,2,2,2,1,1
34,-3597.185,2248.871,250.075,-154.714,-0.904062,0.426589,-0.026342,-0.427071,-0.904070,0.016395,-0.016820,0.026072,0.999519,0,0.35642,0.84500,8.082,0.353,16.265,708.769,-1,610.238,13.227,552.729,534.291,501.919,469.145,-1,-1,-1,-1,-1,-1,30.588,10.058,1,0,2,0,1,0,0,0,0,2,2,2,2,2,2,1,1
35,-3603.809,2243.806,250.009,-154.350,-0.901298,0.432282,-0.028171,-0.432803,-0.901349,0.015883,-0.018526,0.026508,0.999477,0,0.35708,0.84500,8.338,0.365,15.804,704.644,-1,606.136,15.886,549.747,531.166,501.995,468.694,-1,-1,-1,-1,-1,-1,31.233,12.143,1,0,2,0,1,0,0,0,0,2,2,2,2,2,2,1,1
36,-3610.685,2238.694,249.959,-153.991,-0.898537,0.437857,-0.030209,-0.438427,-0.898632,0.015559,-0.020334,0.027225,0.999422,0,0.35776,0.84275,8.569,0.359,16.199,700.795,-1,601.677,-1,546.667,527.852,502.695,467.807,-1,-1,-1,-1,-1,-1,31.767,13.492,1,0,2,0,2,0,0,0,0,2,2,2,2,2,2,1,1
37,-3617.752,2233.431,249.935,-153.623,-0.895666,0.443525,-0.032692,-0.444164,-0.895811,0.015536,-0.022395,0.028436,0.999345,0,0.35841,0.84047,8.811,0.368,16.560,697.198,-1,596.494,16.405,543.306,524.109,504.544,466.165,-1,-1,-1,-1,-1,-1,31.325,12.441,1,0,2,0,1,0,0,0,0,2,2,2,2,2,2,1,1
38,-3624.933,2228.012,249.978,-153.244,-0.892659,0.449341,-0.035410,-0.450056,-0.892868,0.015384,-0.024704,0.029669,0.999254,0,0.35907,0.83815,8.996,0.379,17.399,692.890,-1,591.021,10.440,539.690,520.121,506.642,464.665,-1,-1,-1,-1,-1,-1,30.924,22.198,1,0,2,0,1,0,0,0,0,2,2,2,2,2,2,1,1
39,-3632.123,2222.411,250.114,-152.850,-0.889480,0.455360,-0.038374,-0.456145,-0.889787,0.014548,-0.027520,0.030444,0.999158,0,0.35976,0.83575,9.114,0.394,16.485,686.830,-1,585.128,10.212,535.107,515.592,507.968,464.131,-1,-1,-1,-1,-1,1007.350,31.191,22.187,1,0,2,0,1,0,0,0,0,2,2,2,2,2,0,1,1
40,-3639.446,2216.596,250.249,-152.455,-0.886243,0.461404,-0.040984,-0.462237,-0.886655,0.013385,-0.030163,0.030806,0.999070,0,0.36049,0.83321,9.351,0.395,15.991,681.046,-1,579.891,11.737,531.087,511.465,508.354,464.596,-1,-1,-1,-1,-1,995.695,31.143,8.952,1,0,2,0,1,0,0,0,0,2,2,2,2,2,0,1,1
41,-3646.946,2210.560,250.286,-152.054,-0.882928,0.467516,-0.043214,-0.468390,-0.883436,0.012353,-0.032401,0.031148,0.998989,0,0.36121,0.83068,9.627,0.401,15.698,676.325,-1,575.275,13.845,527.629,507.847,508.401,465.014,-1,-1,-1,-1,-1,987.311,30.652,10.595,1,0,2,0,1,0,0,0,0,2,2,2,2,2,0,1,1
42,-3654.637,2204.294,250.183,-151.639,-0.879458,0.473828,-0.045165,-0.474752,-0.880039,0.011887,-0.034114,0.031896,0.998909,0,0.36193,0.82815,9.921,0.415,15.547,673.288,-1,571.158,14.840,524.923,504.926,508.982,464.500,-1,-1,-1,-1,-1,981.671,30.465,11.377,1,0,2,0,1,0,0,0,0,2,2,2,2,2,0,1,1
43,-3662.562,2197.819,249.919,-151.215,-0.875892,0.480230,-0.046822,-0.481220,-0.876516,0.012122,-0.035219,0.033149,0.998830,0,0.36269,0.82551,10.234,0.423,15.773,672.189,-1,567.561,14.911,523.181,503.041,510.559,462.845,-1,-1,-1,-1,-1,978.851,29.914,11.400,1,0,2,0,1,0,0,0,0,2,2,2,2,2,0,1,1
44,-3670.660,2191.114,249.530,-150.781,-0.872195,0.486750,-0.048480,-0.487826,-0.872847,0.012798,-0.036086,0.034812,0.998742,0,0.36345,0.82284,10.514,0.434,15.924,671.857,-1,564.174,13.300,521.694,501.256,512.910,460.273,-1,-1,-1,-1,-1,976.319,29.243,10.151,1,0,2,0,1,0,0,0,0,2,2,2,2,2,0,1,1
45,-3678.851,2184.251,249.109,-150.341,-0.868375,0.493353,-0.050266,-0.494498,-0.869084,0.012817,-0.037362,0.035986,0.998654,0,0.34036,0.70967,10.686,0.441,15.870,669.683,-1,561.014,11.512,519.304,498.808,513.895,458.424,-1,-1,-1,-1,-1,972.047,29.319,8.792,1,0,2,0,1,0,0,0,0,2,2,2,2,2,0,1,1
46,-3687.025,2177.187,248.757,-149.889,-0.864386,0.500081,-0.052495,-0.501287,-0.865196,0.012141,-0.039347,0.036809,0.998547,0,0.34110,0.70690,10.803,0.451,15.501,665.223,-1,556.939,17.020,515.730,495.423,514.173,457.290,-1,-1,-1,-1,-1,964.349,30.157,22.178,1,0,2,0,1,0,0,0,0,2,2,2,2,2,0,1,1
47,-3695.265,2169.919,248.489,-149.432,-0.860286,0.506873,-0.054668,-0.508127,-0.861210,0.011159,-0.041424,0.037378,0.998442,0,0.34186,0.70403,10.988,0.457,15.339,660.587,-1,553.100,16.984,512.177,492.151,514.094,456.804,-1,-1,-1,-1,-1,957.507,30.928,22.178,1,0,2,0,1,0,0,0,0,2,2,2,2,2,0,1,1
48,-3703.594,2162.452,248.307,-148.970,-0.856088,0.513710,-0.056696,-0.515003,-0.857129,0.010084,-0.043415,0.037831,0.998341,0,0.34264,0.70112,11.186,0.462,15.157,656.460,-1,549.746,16.935,508.992,489.263,514.028,456.754,-1,-1,-1,-1,-1,952.738,31.461,22.178,1,0,2,0,1,0,0,0,0,2,2,2,2,2,0,1,1
49,-3712.065,2154.849,248.167,-148.513,-0.851878,0.520435,-0.058754,-0.521765,-0.853043,0.008955,-0.045459,0.038284,0.998232,0,0.34342,0.69819,11.382,0.457,15.011,652.405,-1,546.408,9.131,505.845,486.265,514.079,456.974,-1,-1,-1,-1,-1,947.933,31.860,22.179,1,0,2,0,1,0,0,0,0,2,2,2,2,2,0,1,1
50,-3720.679,2147.120,248.066,-148.059,-0.847633,0.527074,-0.060929,-0.528444,-0.848932,0.007831,-0.047597,0.038836,0.998111,0,0.34418,0.69536,11.574,0.454,14.938,649.964,-1,542.950,10.621,502.673,482.874,514.487,457.662,-1,-1,-1,-1,-1,943.169,32.117,8.216,1,0,2,0,1,0,0,0,0,2,2,2,2,2,0,1,1
51,-3729.410,2139.254,248.011,-147.603,-0.843318,0.533675,-0.063287,-0.535114,-0.844750,0.007108,-0.049668,0.039860,0.997970,0,0.34492,0.69258,11.752,0.456,14.899,648.629,-1,539.491,10.105,500.557,479.647,516.269,457.739,-1,-1,-1,-1,-1,938.737,33.397,22.180,1,0,2,0,1,0,0,0,0,2,2,2,2,2,0,1,1
52,-3738.182,2131.214,248.035,-147.124,-0.838732,0.540524,-0.066048,-0.542098,-0.840284,0.007281,-0.051564,0.041911,0.997790,0,0.34565,0.68982,11.899,0.479,14.808,649.323,-1,535.777,16.838,499.193,476.883,521.061,456.423,-1,-1,-1,-1,-1,934.194,32.400,22.181,1,0,2,0,1,0,0,0,0,2,2,2,2,2,0,1,1
53,-3747.073,2122.977,247.996,-146.643,-0.834085,0.547367,-0.068494,-0.549084,-0.835732,0.007750,-0.053000,0.044073,0.997621,0,0.34645,0.68685,12.120,0.481,14.674,651.495,-1,533.254,16.793,498.079,475.363,526.044,454.866,-1,-1,-1,-1,-1,932.072,30.130,22.183,1,0,2,0,1,0,0,0,0,2,2,2,2,2,0,1,1
54,-3756.104,2114.518,247.806,-146.171,-0.829506,0.554082,-0.070087,-0.555905,-0.831206,0.008134,-0.053750,0.045709,0.997508,0,0.34724,0.68388,12.374,0.471,14.726,654.911,-1,532.400,16.813,497.737,474.747,529.207,453.890,-1,-1,-1,-1,-1,933.878,28.143,22.182,1,0,2,0,1,0,0,0,0,2,2,2,2,2,0,1,1
55,-3767.034,2104.013,247.352,-145.592,-0.823836,0.562345,-0.071146,-0.564264,-0.825548,0.008687,-0.053850,0.047302,0.997428,0,0.34799,0.68106,15.160,0.580,14.845,660.557,-1,533.150,16.850,498.199,474.946,531.334,452.915,-1,-1,-1,-1,-1,939.988,27.140,22.181,1,0,2,0,1,0,0,0,0,2,2,2,2,2,0,1,1
56,-3774.365,2096.806,246.940,-145.200,-0.819974,0.567936,-0.071351,-0.569887,-0.821675,0.008877,-0.053586,0.047941,0.997412,0,0.34892,0.67757,10.280,0.391,14.779,664.636,-1,534.410,16.829,498.785,475.479,531.263,452.748,-1,-1,-1,-1,-1,946.484,27.025,22.181,1,0,2,0,1,0,0,0,0,2,2,2,2,2,0,1,1
57,-3783.524,2087.564,246.372,-144.702,-0.815008,0.575043,-0.071324,-0.577006,-0.816692,0.008847,-0.053162,0.048365,0.997414,0,0.34955,0.67522,13.012,0.498,14.881,670.069,-1,536.342,16.862,499.497,476.499,529.984,453.061,-1,-1,-1,-1,-1,955.906,27.264,22.180,1,0,2,0,1,0,0,0,0,2,2,2,2,2,0,1,1
58,-3792.612,2078.064,245.826,-144.181,-0.809742,0.582455,-0.071167,-0.584411,-0.811412,0.008591,-0.052742,0.048547,0.997427,0,0.35036,0.67221,13.147,0.521,14.716,677.689,-1,538.579,16.809,500.193,477.808,528.160,453.848,-1,-1,-1,-1,-1,966.342,27.823,22.182,1,0,2,0,1,0,0,0,0,2,2,2,2,2,0,1,1
59,-3801.731,2068.429,245.306,-143.667,-0.804473,0.589716,-0.071123,-0.591649,-0.806157,0.007905,-0.052674,0.048439,0.997436,0,0.29265,0.85300,13.266,0.514,15.206,683.734,-1,540.354,16.952,500.988,478.614,525.695,454.585,-1,-1,-1,-1,-1,974.146,28.515,22.178,1,0,2,0,1,0,0,0,0,2,2,2,2,2,0,1,1
60,-3810.743,2058.729,244.950,-143.139,-0.798937,0.597075,-0.072118,-0.599007,-0.800716,0.006687,-0.053753,0.048542,0.997374,0,0.29335,0.84986,13.240,0.528,17.901,686.828,-1,540.696,17.386,500.597,478.137,525.101,455.279,-1,-1,-1,-1,-1,974.758,28.847,22.205,1,0,2,0,1,0,0,0,0,2,2,2,2,2,0,1,1
61,-3819.541,2048.801,244.689,-142.560,-0.792770,0.605003,-0.074078,-0.606996,-0.794684,0.005696,-0.055423,0.049481,0.997236,0,0.29408,0.84656,13.266,0.579,23.457,689.465,-1,540.363,17.731,499.487,477.383,526.644,454.812,-1,-1,-1,-1,-1,972.522,27.610,22.260,1,0,2,0,1,0,0,0,0,2,2,2,2,2,0,1,1
62,-3828.142,2038.618,244.450,-141.930,-0.785983,0.613525,-0.076271,-0.615627,-0.788020,0.005275,-0.056867,0.051100,0.997073,0,0.29493,0.84274,13.329,0.630,26.155,694.106,-1,540.376,17.970,499.014,476.480,530.982,453.364,-1,-1,-1,-1,-1,971.059,26.848,22.314,1,0,2,0,1,0,0,0,0,2,2,2,2,2,0,1,1
63,-3836.594,2028.221,244.243,-141.274,-0.778864,0.622328,-0.077964,-0.624562,-0.780955,0.005627,-0.057384,0.053076,0.996940,0,0.29590,0.83840,13.399,0.656,27.612,703.014,-1,542.256,17.882,500.384,477.064,537.496,451.688,-1,-1,-1,-1,-1,974.442,28.278,22.293,1,0,2,0,1,0,0,0,0,2,2,2,2,2,0,1,1
64,-3844.748,2017.650,244.143,-140.595,-0.771418,0.631417,-0.078909,-0.633755,-0.773510,0.006119,-0.057173,0.054729,0.996863,0,0.29692,0.83380,13.351,0.679,24.609,714.701,-1,545.416,18.332,502.618,479.271,543.529,450.893,-1,-1,-1,-1,-1,982.670,25.505,22.413,1,0,2,0,1,0,0,0,0,2,2,2,2,2,0,1,1
65,-3852.474,2006.884,244.069,-139.883,-0.763501,0.640906,-0.079406,-0.643311,-0.765578,0.006361,-0.056714,0.055939,0.996822,0,0.29801,0.82893,13.251,0.712,23.304,726.997,-1,549.576,18.262,505.213,482.048,549.156,450.928,-1,-1,-1,-1,-1,991.893,24.103,22.392,1,0,2,0,1,0,0,0,0,2,2,2,2,2,0,1,1
66,-3859.831,1996.043,244.058,-139.159,-0.755346,0.650542,-0.079041,-0.652939,-0.757386,0.006111,-0.055889,0.056225,0.996853,0,0.29918,0.82367,13.102,0.724,22.289,742.025,-1,556.438,18.406,510.361,485.947,551.949,452.308,-1,-1,-1,-1,-1,1005.379,23.143,22.436,1,0,2,0,1,0,0,0,0,2,2,2,2,2,0,1,1
67,-3866.893,1985.109,244.000,-138.433,-0.747063,0.660161,-0.078006,-0.662504,-0.749036,0.005740,-0.054640,0.055967,0.996936,0,0.30038,0.81824,13.017,0.726,20.712,757.629,-1,565.150,18.593,516.896,492.095,552.713,453.549,-1,-1,-1,-1,-1,-1,21.611,22.497,1,0,2,0,1,0,0,0,0,2,2,2,2,2,2,1,1
68,-3873.718,1974.070,243.801,-137.703,-0.738630,0.669725,-0.076775,-0.672020,-0.740512,0.005655,-0.053065,0.055771,0.997032,0,0.30161,0.81275,12.978,0.730,20.034,772.253,-1,574.302,18.299,523.765,498.539,553.121,454.170,-1,-1,-1,-1,-1,-1,20.752,22.404,1,0,2,0,1,0,0,0,0,2,2,2,2,2,2,1,1
69,-3880.569,1963.036,243.419,-137.006,-0.730459,0.678802,-0.075214,-0.681026,-0.732239,0.005538,-0.051315,0.055268,0.997152,0,0.30284,0.80721,12.988,0.698,20.042,786.454,-1,583.677,18.146,530.476,504.487,551.650,454.852,-1,-1,-1,-1,-1,-1,20.672,22.359,1,0,2,0,1,0,0,0,0,2,2,2,2,2,2,1,1
70,-3887.498,1951.975,242.956,-136.335,-0.722495,0.687450,-0.073576,-0.689595,-0.724176,0.005351,-0.049604,0.054603,0.997275,0,0.30400,0.80199,13.052,0.671,20.421,801.980,-1,593.222,18.090,536.828,509.729,549.262,455.590,-1,-1,-1,-1,-1,-1,21.028,22.344,1,0,2,0,1,0,0,0,0,2,2,2,2,2,2,1,1
71,-3894.411,1940.794,242.402,-135.667,-0.714468,0.695918,-0.072350,-0.698033,-0.716042,0.005743,-0.047809,0.054606,0.997363,0,0.30509,0.79707,13.146,0.668,20.235,818.175,-1,603.193,18.187,544.174,514.820,548.805,455.092,-1,-1,-1,-1,-1,-1,20.891,22.371,1,0,2,0,1,0,0,0,0,2,2,2,2,2,2,1,1
72,-3901.177,1929.453,241.792,-134.972,-0.706018,0.704543,-0.071814,-0.706698,-0.707482,0.006814,-0.046006,0.055562,0.997395,0,0.30618,0.79219,13.206,0.694,19.171,834.162,-1,612.110,18.505,553.149,521.579,551.381,453.000,-1,-1,-1,-1,-1,-1,19.959,22.468,1,0,2,0,1,0,0,0,0,2,2,2,2,2,2,1,1
73,-3907.517,1917.973,241.276,-134.239,-0.696971,0.713476,-0.072002,-0.715727,-0.698330,0.008319,-0.044346,0.057332,0.997370,0,0.30733,0.78704,13.114,0.733,19.488,851.605,-1,620.287,18.417,562.311,528.316,557.229,449.249,-1,-1,-1,-1,-1,-1,20.241,22.440,1,0,2,0,1,0,0,0,0,2,2,2,2,2,2,1,1
74,-3913.831,1906.457,240.829,-133.532,-0.688141,0.722033,-0.071621,-0.724330,-0.689388,0.009504,-0.042513,0.058417,0.997387,0,0.30857,0.78145,13.133,0.707,19.052,872.248,-1,629.725,17.791,571.978,535.771,561.082,446.451,-1,-1,-1,-1,-1,-1,19.465,22.273,1,0,2,0,1,0,0,0,0,2,2,2,2,2,2,1,1
75,-3920.302,1894.922,240.383,-132.870,-0.679767,0.730013,-0.070694,-0.732283,-0.680929,0.009831,-0.040961,0.058450,0.997450,0,0.30975,0.77612,13.226,0.662,15.812,885.950,-1,639.246,17.934,580.658,542.773,561.211,445.314,-1,-1,-1,-1,-1,-1,16.216,22.305,1,0,2,0,1,0,0,0,0,2,2,2,2,2,2,1,1
76,-3926.650,1883.267,239.956,-132.190,-0.671048,0.738048,-0.070561,-0.740324,-0.672178,0.009823,-0.040180,0.058830,0.997459,0,0.31083,0.77128,13.272,0.680,14.122,896.766,-1,646.420,17.991,587.704,547.860,562.501,443.610,-1,-1,-1,-1,-1,-1,14.505,22.319,1,0,2,0,1,0,0,0,0,2,2,2,2,2,2,1,1
77,-3932.809,1871.513,239.596,-131.482,-0.661846,0.746215,-0.071574,-0.748559,-0.662997,0.009672,-0.040236,0.059979,0.997388,0,0.31195,0.76626,13.270,0.708,12.852,905.946,-1,650.793,17.922,593.571,552.218,565.859,440.518,-1,-1,-1,-1,-1,-1,13.176,22.302,1,0,2,0,1,0,0,0,0,2,2,2,2,2,2,1,1
78,-3938.840,1859.622,239.286,-130.778,-0.652600,0.754219,-0.072570,-0.756645,-0.653752,0.009852,-0.040012,0.061339,0.997315,0,0.31313,0.76094,13.333,0.704,13.799,918.454,-1,655.899,17.812,600.356,557.335,570.207,437.108,-1,-1,-1,-1,-1,-1,14.105,22.277,1,0,2,0,1,0,0,0,0,2,2,2,2,2,2,1,1
79,-3944.824,1847.606,239.005,-130.098,-0.643601,0.761902,-0.072687,-0.764367,-0.644698,0.010322,-0.038996,0.062203,0.997301,0,0.31431,0.75565,13.424,0.680,-1,929.668,-1,663.738,18.189,609.119,564.562,576.906,434.203,-1,-1,-1,-1,-1,-1,-1,22.372,2,0,2,0,1,0,0,0,0,2,2,2,2,2,2,2,1
80,-3950.392,1835.479,238.742,-129.389,-0.634131,0.769784,-0.072874,-0.772300,-0.635163,0.010986,-0.037830,0.063247,0.997281,0,0.31543,0.75062,13.345,0.708,-1,940.689,-1,671.303,18.185,618.477,572.164,584.329,431.162,-1,-1,-1,-1,-1,-1,-1,22.370,2,0,2,0,1,0,0,0,0,2,2,2,2,2,2,2,1
81,-3955.823,1823.300,238.415,-128.675,-0.624478,0.777678,-0.072418,-0.780184,-0.625450,0.011178,-0.036601,0.063480,0.997312,0,0.31662,0.74524,13.335,0.715,-1,950.316,-1,679.070,17.787,626.993,580.525,587.794,429.443,-1,-1,-1,-1,-1,-1,-1,22.272,2,0,2,0,1,0,0,0,0,2,2,2,2,2,2,2,1
82,-3961.244,1811.007,237.939,-127.981,-0.615022,0.785263,-0.071483,-0.787734,-0.615908,0.011515,-0.034985,0.063391,0.997375,0,0.31783,0.73980,13.435,0.694,-1,960.336,-1,687.841,18.191,636.727,589.207,589.298,427.904,-1,-1,-1,-1,-1,-1,-1,22.372,2,0,2,0,1,0,0,0,0,2,2,2,2,2,2,2,1
83,-3966.417,1798.630,237.429,-127.262,-0.605117,0.792947,-0.071189,-0.795425,-0.605933,0.011973,-0.033642,0.063871,0.997391,0,0.31900,0.73458,13.414,0.719,-1,968.891,-1,695.244,17.683,645.978,597.054,592.811,425.498,-1,-1,-1,-1,-1,-1,-1,22.251,2,0,2,0,1,0,0,0,0,2,2,2,2,2,2,2,1
84,-3971.729,1786.028,236.868,-126.583,-0.595683,0.800102,-0.070691,-0.802583,-0.596405,0.012734,-0.031972,0.064321,0.997417,0,0.56409,0.38325,13.675,0.679,-1,976.776,-1,703.908,17.446,655.994,605.669,596.385,423.079,-1,-1,-1,-1,-1,-1,-1,22.212,2,0,2,0,1,0,0,0,0,2,2,2,2,2,2,2,1
85,-3977.106,1772.966,236.228,-125.877,-0.585774,0.807381,-0.070742,-0.809910,-0.586389,0.013911,-0.030251,0.065444,0.997398,0,0.56606,0.37820,14.126,0.706,-1,982.954,-1,711.094,17.231,666.164,614.308,602.500,420.191,-1,-1,-1,-1,-1,-1,-1,22.189,2,0,2,0,1,0,0,0,0,2,2,2,2,2,2,2,1
86,-3982.530,1759.526,235.575,-125.139,-0.575320,0.814804,-0.071420,-0.817411,-0.575865,0.014789,-0.029078,0.066888,0.997337,0,0.56813,0.37293,14.493,0.738,-1,987.573,-1,716.472,17.102,674.732,621.915,608.721,416.829,-1,-1,-1,-1,-1,-1,-1,22.181,2,0,2,0,1,0,0,0,0,2,2,2,2,2,2,2,1
87,-3987.908,1745.726,235.003,-124.376,-0.564401,0.822320,-0.072393,-0.825019,-0.564894,0.015438,-0.028199,0.068439,0.997257,0,0.57030,0.36739,14.811,0.763,-1,991.536,-1,721.229,17.157,683.723,628.859,614.513,413.530,-1,-1,-1,-1,-1,-1,-1,22.184,2,0,2,0,1,0,0,0,0,2,2,2,2,2,2,2,1
88,-3993.271,1731.532,234.478,-123.595,-0.553104,0.829840,-0.073771,-0.832653,-0.553567,0.015875,-0.027663,0.070206,0.997149,0,0.57256,0.36162,15.173,0.782,-1,993.966,-1,725.183,16.994,692.224,635.157,621.286,410.074,-1,-1,-1,-1,-1,-1,-1,22.178,2,0,2,0,1,0,0,0,0,2,2,2,2,2,2,2,1
89,-3998.682,1716.939,233.939,-122.810,-0.541655,0.837258,-0.074894,-0.840162,-0.542099,0.016048,-0.027164,0.071616,0.997062,0,0.57488,0.35571,15.564,0.785,-1,994.984,-1,729.287,16.835,700.665,641.503,626.852,407.104,-1,-1,-1,-1,-1,-1,-1,22.181,2,0,2,0,1,0,0,0,0,2,2,2,2,2,2,2,1
90,-4004.187,1701.984,233.356,-122.043,-0.530363,0.844385,-0.075689,-0.847347,-0.530803,0.015844,-0.026798,0.072538,0.997006,0,0.57719,0.34981,15.935,0.767,-1,994.851,-1,733.212,16.675,707.453,648.102,630.676,406.267,-1,-1,-1,-1,-1,-1,-1,22.194,2,0,2,0,1,0,0,0,0,2,2,2,2,2,2,2,1
91,-4009.708,1686.687,232.769,-121.280,-0.519031,0.851279,-0.077014,-0.854327,-0.519512,0.015229,-0.027045,0.073699,0.996914,0,0.57941,0.34415,16.263,0.763,-1,992.858,-1,735.122,17.159,712.994,652.595,635.409,405.340,-1,-1,-1,-1,-1,-1,-1,22.184,2,0,2,0,1,0,0,0,0,2,2,2,2,2,2,2,1
92,-4015.127,1670.987,232.160,-120.513,-0.507539,0.858037,-0.078594,-0.861189,-0.508079,0.014462,-0.027523,0.075024,0.996802,0,0.58159,0.33857,16.609,0.767,-1,988.701,-1,736.366,17.435,717.928,656.488,640.730,404.493,-1,-1,-1,-1,-1,-1,-1,22.211,2,0,2,0,1,0,0,0,0,2,2,2,2,2,2,2,1
93,-4020.216,1654.912,231.640,-119.707,-0.495367,0.865009,-0.079821,-0.868236,-0.495966,0.013539,-0.027878,0.076010,0.996717,0,0.58378,0.33298,16.861,0.806,-1,983.668,-1,739.119,17.234,723.476,661.175,647.313,404.408,-1,-1,-1,-1,-1,-1,-1,22.189,2,0,2,0,1,0,0,0,0,2,2,2,2,2,2,2,1
94,-4025.000,1638.448,231.125,-118.838,-0.482139,0.872346,-0.080959,-0.875631,-0.482828,0.012138,-0.028501,0.076743,0.996643,0,0.58614,0.32698,17.145,0.869,-1,977.292,-1,741.129,17.008,727.927,666.803,651.555,404.819,-1,-1,-1,-1,-1,-1,-1,22.178,2,0,2,0,1,0,0,0,0,2,2,2,2,2,2,2,1
95,-4029.680,1621.676,230.632,-117.939,-0.468319,0.879758,-0.081874,-0.883062,-0.469151,0.009970,-0.029640,0.076969,0.996593,0,0.58874,0.32035,17.413,0.899,-1,969.345,-1,742.260,17.053,729.337,669.886,652.614,407.896,-1,-1,-1,-1,-1,-1,-1,22.179,2,0,2,0,1,0,0,0,0,2,2,2,2,2,2,2,1
96,-4034.147,1604.526,230.105,-117.025,-0.454152,0.887046,-0.083031,-0.890372,-0.455176,0.007249,-0.031363,0.077221,0.996521,0,0.59145,0.31343,17.722,0.914,-1,958.655,-1,742.784,17.124,729.266,671.463,653.520,410.958,-1,-1,-1,-1,-1,-1,-1,22.182,2,0,2,0,1,0,0,0,0,2,2,2,2,2,2,2,1
97,-4038.467,1586.978,229.479,-116.126,-0.440101,0.894019,-0.083911,-0.897325,-0.441352,0.004010,-0.033449,0.077061,0.996465,0,0.59421,0.30637,18.072,0.899,-1,945.777,-1,742.390,17.705,727.805,672.471,652.878,413.674,-1,-1,-1,-1,-1,-1,-1,22.255,2,0,2,0,1,0,0,0,0,2,2,2,2,2,2,2,1
98,-4042.363,1569.063,228.859,-115.208,-0.425643,0.900934,-0.084531,-0.904192,-0.427125,0.000607,-0.035559,0.076691,0.996421,0,0.59691,0.29949,18.333,0.918,-1,933.051,-1,741.987,17.653,725.985,674.437,651.503,416.749,-1,-1,-1,-1,-1,-1,-1,22.245,2,0,2,0,1,0,0,0,0,2,2,2,2,2,2,2,1
99,-4045.936,1550.821,228.156,-114.243,-0.410311,0.907969,-0.085076,-0.911141,-0.412079,-0.003575,-0.038304,0.076049,0.996368,0,0.59969,0.29239,18.588,0.965,-1,917.976,-1,740.603,17.199,721.998,673.161,648.539,420.791,-1,-1,-1,-1,-1,-1,-1,22.186,2,0,2,0,1,0,0,0,0,2,2,2,2,2,2,2,1
100,-4049.299,1532.221,227.278,-113.258,-0.394533,0.914880,-0.085668,-0.917942,-0.396628,-0.008261,-0.041536,0.075379,0.996289,0,0.60267,0.28480,18.902,0.985,-1,901.212,-1,738.143,16.989,715.411,669.869,644.779,425.522,-1,-1,-1,-1,-1,-1,-1,22.178,2,0,2,0,1,0,0,0,0,2,2,2,2,2,2,2,1
101,-4052.465,1513.259,226.202,-112.262,-0.378458,0.921562,-0.086560,-0.924512,-0.380920,-0.013313,-0.045241,0.074988,0.996158,0,0.60571,0.27702,19.225,0.996,-1,882.728,-1,734.138,16.973,705.924,664.551,641.239,429.537,-1,-1,-1,-1,-1,-1,-1,22.178,2,0,2,0,1,0,0,0,0,2,2,2,2,2,2,2,1
102,-4055.445,1493.930,224.883,-111.279,-0.362469,0.927870,-0.087595,-0.930681,-0.365346,-0.018844,-0.049487,0.074693,0.995978,0,0.60880,0.26914,19.558,0.983,-1,862.284,-1,727.817,17.109,694.535,657.447,637.347,432.919,-1,-1,-1,-1,-1,-1,-1,22.181,2,0,2,0,1,0,0,0,0,2,2,2,2,2,2,2,1
103,-4058.168,1474.271,223.430,-110.284,-0.346165,0.934029,-0.088095,-0.936628,-0.349456,-0.024679,-0.053836,0.073969,0.995806,0,0.61183,0.26142,19.847,0.996,-1,841.315,-1,721.070,16.948,683.362,650.051,631.738,437.295,-1,-1,-1,-1,-1,-1,-1,22.178,2,0,2,0,1,0,0,0,0,2,2,2,2,2,2,2,1
104,-4060.694,1454.272,221.820,-109.295,-0.329853,0.939878,-0.088467,-0.942194,-0.333607,-0.031243,-0.058878,0.073047,0.995589,0,0.61490,0.25357,20.158,0.989,-1,818.879,-1,712.632,16.853,670.610,640.495,625.181,441.973,-1,-1,-1,-1,-1,-1,-1,22.181,2,0,2,0,1,0,0,0,0,2,2,2,2,2,2,2,1
105,-4063.011,1433.935,220.091,-108.309,-0.313490,0.945427,-0.088839,-0.947380,-0.317770,-0.038654,-0.064775,0.072047,0.995296,0,0.61794,0.24581,20.468,0.985,-1,794.729,-1,701.501,16.711,654.830,627.926,618.174,446.500,-1,-1,-1,-1,-1,-1,-1,22.190,2,0,2,0,1,0,0,0,0,2,2,2,2,2,2,2,1
106,-4065.109,1413.232,218.174,-107.312,-0.296811,0.950715,-0.089685,-0.952271,-0.301686,-0.046531,-0.071295,0.071594,0.994883,0,0.62097,0.23809,20.810,0.998,-1,769.790,-1,688.357,16.783,637.874,613.969,612.229,449.766,-1,-1,-1,-1,-1,-1,-1,22.184,2,0,2,0,1,0,0,0,0,2,2,2,2,2,2,2,1
107,-4067.008,1392.182,216.077,-106.318,-0.280106,0.955672,-0.090729,-0.956759,-0.285642,-0.054958,-0.078438,0.071412,0.994358,0,0.62403,0.23027,21.136,0.993,-1,744.037,-1,673.451,16.966,619.915,598.759,606.656,452.485,-1,-1,-1,-1,-1,-1,-1,22.178,2,0,2,0,1,0,0,0,0,2,2,2,2,2,2,2,1
108,-4068.586,1370.828,213.906,-105.289,-0.262708,0.960530,-0.091471,-0.961056,-0.268916,-0.063679,-0.085763,0.071180,0.993770,0,0.62707,0.22251,21.412,1.030,-1,718.399,-1,656.514,16.894,601.938,582.312,600.613,456.003,-1,-1,-1,-1,-1,-1,-1,22.179,2,0,2,0,1,0,0,0,0,2,2,2,2,2,2,2,1
109,-4069.948,1349.124,211.720,-104.289,-0.245740,0.964981,-0.091783,-0.964818,-0.252627,-0.072840,-0.093476,0.070654,0.993111,0,0.63026,0.21438,21.746,0.999,-1,692.631,-1,638.487,16.698,583.231,565.218,594.150,459.254,-1,-1,-1,-1,-1,-1,-1,22.191,2,0,2,0,1,0,0,0,0,2,2,2,2,2,2,2,1
110,-4071.179,1322.707,209.042,-103.100,-0.225449,0.969963,-0.091346,-0.968806,-0.233103,-0.084131,-0.102897,0.069530,0.992259,0,0.42647,0.37624,26.446,1.189,-1,662.068,-1,619.114,16.467,560.325,545.022,585.239,463.656,-1,-1,-1,-1,-1,-1,-1,22.226,2,0,2,0,1,0,0,0,0,2,2,2,2,2,2,2,1
111,-4071.874,1304.938,207.092,-102.341,-0.212457,0.972960,-0.090613,-0.971041,-0.220584,-0.091771,-0.109277,0.068491,0.991649,0,0.42891,0.36697,17.783,0.759,-1,641.737,-1,604.660,16.495,545.019,531.932,578.415,466.591,-1,-1,-1,-1,984.328,-1,-1,22.221,2,0,2,0,1,0,0,0,0,2,2,2,2,0,2,2,1
112,-4072.536,1282.581,204.590,-101.428,-0.196777,0.976421,-0.088773,-0.973452,-0.205368,-0.101071,-0.116919,0.066528,0.990911,0,0.43045,0.36115,22.367,0.913,-1,617.180,-1,587.396,16.315,526.651,516.015,568.457,471.269,-1,-1,-1,-1,931.589,-1,-1,22.262,2,0,2,0,1,0,0,0,0,2,2,2,2,0,2,2,1
113,-4073.042,1260.027,202.004,-100.554,-0.181746,0.979568,-0.086106,-0.975463,-0.190662,-0.110089,-0.124256,0.063985,0.990185,0,0.43228,0.35422,22.559,0.874,-1,593.463,-1,571.888,16.189,508.978,500.107,558.394,476.799,-1,-1,-1,-1,885.455,-1,-1,22.301,2,0,2,0,1,0,0,0,0,2,2,2,2,0,2,2,1
114,-4073.399,1237.282,199.370,-99.708,-0.167172,0.982436,-0.082907,-0.977131,-0.176301,-0.118879,-0.131407,0.061138,0.989441,0,0.43400,0.34771,22.748,0.846,-1,570.573,-1,556.793,16.043,491.717,484.845,548.216,482.744,-1,-1,-1,-1,842.946,968.035,-1,22.359,2,0,2,0,1,0,0,0,0,2,2,2,2,0,0,2,1
115,-4073.582,1214.439,196.676,-98.869,-0.152667,0.984939,-0.081170,-0.978385,-0.162220,-0.128244,-0.139480,0.059837,0.988415,0,0.43563,0.34151,22.844,0.840,-1,547.581,-1,537.249,16.203,473.300,468.424,541.938,484.413,-1,-1,-1,-1,801.000,910.148,-1,22.296,2,0,2,0,1,0,0,0,0,2,2,2,2,0,0,2,1
116,-4073.568,1191.388,193.918,-98.061,-0.138697,0.987122,-0.079702,-0.979333,-0.148674,-0.137127,-0.147211,0.059036,0.987342,0,0.43725,0.33537,23.051,0.808,-1,525.939,-1,519.848,16.086,455.742,452.697,537.187,484.819,-1,-1,-1,-1,762.569,857.633,-1,22.341,2,0,2,0,1,0,0,0,0,2,2,2,2,0,0,2,1
117,-4073.340,1168.119,191.133,-97.264,-0.124944,0.989151,-0.077266,-0.980200,-0.135119,-0.144744,-0.153614,0.057652,0.986448,0,0.43878,0.32957,23.270,0.797,-1,506.504,-1,505.394,15.914,439.975,438.455,531.407,486.424,-1,-1,-1,-1,729.172,815.184,-1,22.423,2,0,2,0,1,0,0,0,0,2,2,2,2,0,0,2,1
118,-4072.939,1144.621,188.331,-96.500,-0.111760,0.990949,-0.074366,-0.980906,-0.121994,-0.151465,-0.159166,0.056019,0.985661,0,0.44028,0.32390,23.501,0.764,-1,488.615,-1,491.371,15.735,425.322,424.820,525.567,489.042,-1,-1,-1,-1,699.248,780.572,-1,22.532,2,0,2,0,1,0,0,0,0,2,2,2,2,0,0,2,1
119,-4072.453,1120.862,185.351,-95.790,-0.099508,0.992490,-0.071145,-0.981402,-0.109689,-0.157541,-0.164162,0.054145,0.984946,0,0.44168,0.31858,23.764,0.710,-1,471.490,-1,477.241,15.597,411.282,411.840,518.474,490.562,-1,-1,-1,-1,671.238,750.127,969.445,22.636,2,0,2,0,1,0,0,0,0,2,2,2,2,0,0,0,1
120,-4071.855,1096.851,182.212,-95.130,-0.088135,0.993799,-0.067798,-0.981728,-0.098185,-0.163005,-0.168651,0.052193,0.984293,0,0.44293,0.31385,24.019,0.660,985.749,455.086,-1,463.907,15.381,397.790,399.411,511.253,491.778,-1,-1,-1,-1,644.983,722.635,885.524,22.839,0,0,2,0,1,0,0,0,0,2,2,2,2,0,0,0,1
121,-4071.270,1072.686,179.128,-94.526,-0.077718,0.994910,-0.064134,-0.981882,-0.087534,-0.168066,-0.172824,0.049910,0.983687,0,0.44403,0.30967,24.172,0.604,906.801,439.425,-1,452.715,15.104,384.944,387.822,504.062,493.869,-1,-1,-1,-1,620.263,697.538,823.436,23.192,0,0,2,0,1,0,0,0,0,2,2,2,2,0,0,0,1
122,-4070.797,1048.204,176.012,-94.015,-0.068934,0.995799,-0.060277,-0.982025,-0.078374,-0.171708,-0.175711,0.047357,0.983302,0,0.44497,0.30611,24.487,0.510,848.571,425.711,-1,442.151,14.924,373.590,377.414,498.304,496.698,-1,-1,-1,-1,599.169,676.567,774.132,23.499,0,0,2,0,1,0,0,0,0,2,2,2,2,0,0,0,1
123,-4070.493,1023.365,172.736,-93.587,-0.061586,0.996506,-0.056422,-0.982313,-0.070530,-0.173458,-0.176831,0.044741,0.983224,0,0.44564,0.30360,24.841,0.428,8.907,414.238,-1,433.567,14.767,363.939,368.918,493.387,498.749,-1,-1,-1,-1,582.316,663.302,8.271,23.824,1,0,2,0,1,0,0,0,0,2,2,2,2,0,0,1,1
124,-4070.328,998.271,169.383,-93.222,-0.055315,0.997010,-0.053959,-0.982672,-0.063935,-0.173979,-0.176909,0.043400,0.983270,0,0.44605,0.30203,25.095,0.366,13.508,404.553,-1,425.930,14.636,355.486,361.368,491.388,498.146,-1,-1,-1,-1,568.909,652.842,26.452,24.151,1,0,2,0,1,0,0,0,0,2,2,2,2,0,0,1,1
125,-4070.316,972.843,165.973,-92.924,-0.050226,0.997348,-0.052675,-0.983338,-0.058609,-0.172082,-0.174713,0.043154,0.983673,0,0.44627,0.30120,25.428,0.298,13.549,398.071,-1,421.450,14.567,349.445,356.053,492.124,495.618,-1,-1,-1,-1,561.534,648.615,30.689,24.348,1,0,2,0,1,0,0,0,0,2,2,2,2,0,0,1,1
126,-4070.414,947.120,162.573,-92.664,-0.045793,0.997550,-0.052891,-0.984335,-0.054084,-0.167810,-0.170259,0.044378,0.984399,0,0.44628,0.30118,25.723,0.260,13.557,394.817,-1,419.008,14.555,345.885,352.956,495.308,490.832,-1,-1,-1,-1,560.491,648.753,31.147,24.384,1,0,2,0,1,0,0,0,0,2,2,2,2,0,0,1,1
127,-4070.739,921.623,159.464,-92.382,-0.040998,0.997592,-0.055944,-0.985760,-0.049523,-0.160702,-0.163086,0.048559,0.985416,0,0.44615,0.30164,25.499,0.282,13.462,396.551,-1,420.141,14.722,345.925,351.975,503.322,481.437,-1,-1,-1,-1,569.145,658.580,36.146,23.929,1,0,2,0,1,0,0,0,0,2,2,2,2,0,0,1,1
128,-4071.206,896.567,157.117,-92.055,-0.035453,0.997171,-0.066273,-0.988229,-0.044856,-0.146257,-0.148816,0.060308,0.987024,0,0.44606,0.30198,25.060,0.327,13.814,412.554,-1,429.957,14.204,355.708,359.670,527.980,462.346,-1,-1,-1,-1,612.960,688.837,28.752,25.784,1,0,2,0,1,0,0,0,0,2,2,2,2,0,0,1,1
129,-4072.672,871.454,155.217,-91.968,-0.034048,0.996656,-0.074284,-0.990644,-0.043484,-0.129359,-0.132157,0.069185,0.988811,0,0.44608,0.30191,25.156,0.086,14.524,433.170,-1,446.445,13.576,369.334,372.273,549.938,450.930,-1,-1,-1,-1,675.690,740.190,24.484,32.595,1,0,2,0,1,0,0,0,0,2,2,2,2,0,0,1,1
130,-4075.087,846.555,153.338,-92.188,-0.037909,0.996432,-0.075408,-0.992117,-0.046550,-0.116352,-0.119447,0.070403,0.990341,0,0.44539,0.30454,25.016,-0.220,-1,447.274,-1,464.286,14.321,378.644,381.998,557.829,450.147,-1,-1,-1,-1,732.244,792.823,-1,25.227,2,0,2,0,1,0,0,0,0,2,2,2,2,0,0,2,1
131,-4076.667,821.783,151.333,-92.277,-0.039476,0.996281,-0.076588,-0.992988,-0.047662,-0.108181,-0.111429,0.071780,0.991177,0,0.44382,0.31049,24.823,-0.088,-1,454.416,-1,473.805,14.927,382.907,386.317,564.496,448.579,-1,-1,-1,-1,774.724,823.824,-1,23.492,2,0,2,0,1,0,0,0,0,2,2,2,2,0,0,2,1
132,-4077.107,797.156,149.177,-92.121,-0.036793,0.996299,-0.077687,-0.993592,-0.044785,-0.103776,-0.106871,0.073370,0.991562,0,0.44263,0.31499,24.631,0.156,-1,455.645,-1,475.310,15.441,382.711,386.298,567.877,446.787,-1,-1,-1,-1,799.125,835.999,-1,22.778,2,0,2,0,1,0,0,0,0,2,2,2,2,0,0,2,1
133,-4076.307,772.679,146.771,-91.718,-0.029822,0.996495,-0.078159,-0.994168,-0.037678,-0.101044,-0.103634,0.074690,0.991807,0,0.44214,0.31684,24.490,0.402,-1,454.986,-1,473.075,16.272,379.970,383.488,567.737,445.805,-1,-1,-1,-1,813.661,836.650,-1,22.275,2,0,2,0,1,0,0,0,0,2,2,2,2,0,0,2,1
134,-4073.770,748.580,144.302,-91.005,-0.017453,0.996750,-0.078637,-0.994776,-0.025223,-0.098917,-0.100579,0.076500,0.991984,0,0.44237,0.31597,24.233,0.713,-1,454.595,-1,468.754,17.670,376.358,378.892,566.607,445.114,-1,-1,-1,-1,824.980,833.212,-1,22.248,2,0,2,0,1,0,0,0,0,2,2,2,2,0,0,2,1
135,-4069.378,725.481,141.895,-90.060,-0.001050,0.996848,-0.079327,-0.995094,-0.008889,-0.098529,-0.098923,0.078834,0.991967,0,0.44352,0.31160,23.513,0.945,-1,451.533,-1,460.093,18.121,370.785,371.350,565.046,444.437,-1,-1,-1,-1,827.212,819.354,-1,22.352,2,0,2,0,1,0,0,0,0,2,2,2,2,0,0,2,1
136,-4063.799,703.156,139.776,-88.938,0.018455,0.996770,-0.078161,-0.995210,0.010808,-0.097156,-0.095998,0.079580,0.992195,0,0.44543,0.30440,23.011,1.123,15.529,450.077,-1,453.978,17.033,367.276,366.137,560.454,446.721,-1,-1,-1,-1,832.971,813.064,25.465,22.179,1,0,2,0,1,0,0,0,0,2,2,2,2,0,0,1,1
137,-4058.196,680.591,137.987,-87.973,0.035244,0.996830,-0.071328,-0.995651,0.028865,-0.088577,-0.086238,0.074140,0.993512,0,0.44789,0.29506,23.251,0.965,14.510,458.770,-1,464.911,16.740,374.464,373.182,546.771,460.209,-1,-1,-1,-1,871.034,856.874,31.235,22.188,1,0,2,0,1,0,0,0,0,2,2,2,2,0,0,1,1
138,-4052.231,658.284,136.350,-87.064,0.051077,0.996664,-0.063658,-0.996054,0.046206,-0.075779,-0.072585,0.067277,0.995091,0,-0.23038,0.66994,23.090,0.908,13.279,476.411,-1,489.046,15.283,387.445,386.116,531.814,478.975,-1,-1,-1,-1,935.703,931.294,36.107,22.951,1,0,2,0,1,0,0,0,0,2,2,2,2,0,0,1,1
139,-4047.471,636.768,134.817,-86.508,0.060800,0.996728,-0.053253,-0.996337,0.057389,-0.063393,-0.060130,0.056912,0.996567,0,-0.23135,0.66274,22.036,0.557,13.952,493.627,-1,518.981,14.045,399.704,400.958,81.633,503.088,-1,-1,-1,-1,994.477,-1,27.417,26.734,1,0,2,0,1,0,0,1,0,2,2,2,2,0,2,1,1
140,-4044.485,616.149,133.531,-86.401,0.062687,0.997064,-0.043975,-0.996782,0.060342,-0.052769,-0.049961,0.047141,0.997638,0,-0.23182,0.65927,20.834,0.106,13.873,508.715,-1,548.650,8.967,412.189,417.843,104.397,525.609,-1,-1,-1,-1,-1,-1,28.131,23.732,1,0,2,0,1,0,0,1,0,2,2,2,2,2,2,1,1
141,-4041.597,592.216,132.151,-86.358,0.063474,0.997065,-0.042812,-0.997213,0.061680,-0.041981,-0.039217,0.045358,0.998201,0,-0.23163,0.66064,24.106,0.043,13.616,532.573,-1,577.834,-1,430.022,436.204,140.734,534.189,-1,-1,-1,-1,-1,-1,31.737,-1,1,0,2,0,2,0,0,1,0,2,2,2,2,2,2,1,2
142,-4039.913,576.755,131.239,-86.284,0.064775,0.996798,-0.046880,-0.997360,0.063123,-0.035892,-0.032818,0.049081,0.998255,0,-0.23128,0.66324,15.552,0.074,13.355,552.069,-1,591.753,13.908,441.768,446.531,165.461,531.047,-1,-1,-1,-1,-1,-1,42.423,11.876,1,0,2,0,1,0,0,1,0,2,2,2,2,2,2,1,1
143,-4037.931,558.176,130.232,-86.109,0.067826,0.996214,-0.054382,-0.997347,0.066258,-0.030146,-0.026429,0.056282,0.998065,0,-0.23110,0.66454,18.685,0.175,13.359,575.423,-1,601.296,15.868,454.489,456.871,195.241,522.547,-1,-1,-1,-1,-1,-1,37.646,22.449,1,0,2,0,1,0,0,1,0,2,2,2,2,2,2,1,1
144,-4035.464,540.608,129.414,-85.762,0.073876,0.995196,-0.064238,-0.997045,0.072347,-0.025825,-0.021053,0.065956,0.997600,0,-0.23100,0.66530,17.741,0.347,15.145,598.717,-1,605.887,16.938,467.221,465.648,221.575,510.487,-1,-1,-1,-1,-1,-1,35.046,22.178,1,0,2,0,1,0,0,1,0,2,2,2,2,2,2,1,1
145,-4032.197,524.318,128.843,-85.214,0.083425,0.993783,-0.073731,-0.996372,0.081937,-0.022994,-0.016810,0.075382,0.997013,0,-0.23117,0.66409,16.614,0.549,15.351,619.493,-1,607.736,16.990,477.793,472.225,239.017,497.647,-1,-1,-1,-1,-1,-1,29.660,22.178,1,0,2,0,1,0,0,1,0,2,2,2,2,2,2,1,1
146,-4028.567,509.067,128.551,-84.626,0.093656,0.992465,-0.078999,-0.995520,0.092319,-0.020413,-0.012966,0.080557,0.996666,0,-0.23165,0.66048,15.677,0.588,16.354,635.973,-1,612.746,17.188,487.162,479.430,217.964,493.175,-1,-1,-1,-1,-1,-1,28.237,22.186,1,0,2,0,1,0,0,1,0,2,2,2,2,2,2,1,1
147,-4024.702,494.718,128.479,-84.076,0.103207,0.991447,-0.079881,-0.994627,0.102214,-0.016443,-0.008138,0.081149,0.996669,0,-0.23223,0.65624,14.860,0.550,16.540,651.959,-1,625.852,17.217,498.277,490.219,196.537,499.312,-1,-1,-1,-1,-1,-1,26.025,22.188,1,0,2,0,1,0,0,1,0,2,2,2,2,2,2,1,1
148,-4020.387,481.423,128.552,-83.523,0.112808,0.990602,-0.077348,-0.993614,0.112266,-0.011330,-0.002540,0.078133,0.996940,0,-0.23277,0.65220,13.978,0.553,23.494,667.289,-1,645.501,17.743,510.690,503.731,175.421,512.853,-1,-1,-1,-1,-1,-1,23.969,22.263,1,0,2,0,1,0,0,1,0,2,2,2,2,2,2,1,1
149,-4015.381,469.375,128.645,-82.939,0.122921,0.989693,-0.073466,-0.992411,0.122833,-0.005727,0.003356,0.073613,0.997281,0,-0.23336,0.64784,13.047,0.584,24.434,681.955,-1,667.821,17.880,523.497,518.270,155.276,529.453,-1,586.143,618.924,-1,-1,-1,25.019,22.292,1,0,2,0,1,0,0,1,0,2,0,0,2,2,2,1,1
150,-4009.884,458.527,128.659,-82.375,0.132683,0.988768,-0.068796,-0.991113,0.133024,0.000372,0.009519,0.068135,0.997631,0,-0.23404,0.64280,12.160,0.564,26.252,696.214,-1,693.281,17.960,536.566,533.650,135.746,546.966,-1,533.267,565.206,-1,-1,-1,26.939,22.311,1,0,2,0,1,0,0,1,0,2,0,0,2,2,2,1,1
151,-4004.552,448.487,128.524,-81.861,0.141562,0.987895,-0.063431,-0.989810,0.142251,0.006455,0.015400,0.061871,0.997965,0,-0.23474,0.63763,11.368,0.514,26.079,708.442,-1,718.156,17.817,548.713,548.859,116.542,565.965,-1,509.883,543.029,-1,-1,-1,29.534,22.278,1,0,2,0,1,0,0,1,0,2,0,0,2,2,2,1,1
152,-3999.688,439.095,128.259,-81.378,0.149893,0.986965,-0.058578,-0.988497,0.150806,0.011461,0.020146,0.056186,0.998217,0,-0.23539,0.63286,10.577,0.483,22.896,717.151,-1,738.589,17.711,558.012,561.039,106.643,584.238,-1,492.382,528.786,-1,-1,-1,31.260,22.256,1,0,2,0,1,0,0,1,0,2,0,0,2,2,2,1,1
153,-3995.337,430.265,127.926,-80.937,0.157470,0.985942,-0.055868,-0.987240,0.158529,0.015029,0.023674,0.052788,0.998325,0,-0.23599,0.62841,9.844,0.440,21.720,724.109,-1,753.755,17.660,564.897,569.788,111.147,597.543,-1,481.894,519.762,-1,-1,-1,34.066,22.247,1,0,2,0,1,0,0,1,0,2,0,0,2,2,2,1,1
154,-3991.415,421.960,127.590,-80.547,0.164175,0.984840,-0.056010,-0.986076,0.165374,0.017458,0.026456,0.052364,0.998278,0,-0.23652,0.62443,9.185,0.390,23.451,732.047,-1,763.322,17.734,570.766,576.191,115.868,602.730,-1,406.334,513.209,-1,-1,-1,34.886,22.261,1,0,2,0,1,0,0,1,0,2,0,0,2,2,2,1,1
155,-3987.875,414.239,127.335,-80.172,0.170627,0.983610,-0.058285,-0.984931,0.171954,0.018525,0.028243,0.054246,0.998128,0,-0.23699,0.62098,8.494,0.376,32.503,739.529,-1,766.638,18.202,574.938,579.796,120.363,601.674,-1,402.630,511.678,-1,-1,-1,33.568,22.375,1,0,2,0,1,0,0,1,0,2,0,0,2,2,2,1,1
156,-3984.485,406.645,127.339,-79.756,0.177754,0.982105,-0.062238,-0.983590,0.179296,0.020077,0.030877,0.057648,0.997859,0,0.76601,0.12197,8.317,0.416,31.280,753.812,-1,770.671,18.057,582.255,585.885,124.397,597.838,-1,403.673,507.570,-1,-1,-1,32.183,22.335,1,0,2,0,1,0,0,1,0,2,0,0,2,2,2,1,1
157,-3980.880,398.220,127.599,-79.304,0.185477,0.980344,-0.067264,-0.981979,0.187442,0.024139,0.036272,0.061574,0.997443,0,0.76762,0.11829,9.163,0.452,19.089,781.688,-1,784.685,17.489,597.717,599.929,128.761,594.477,-1,407.976,494.986,-1,-1,-1,26.624,22.218,1,0,2,0,1,0,0,1,0,2,0,0,2,2,2,1,1
158,-3977.187,388.934,128.008,-78.870,0.192857,0.978659,-0.070947,-0.980305,0.195305,0.029302,0.042533,0.063898,0.997050,0,0.76934,0.11434,9.994,0.434,14.732,813.736,-1,805.576,17.170,616.368,617.816,134.143,594.024,-1,420.923,481.494,-1,-1,-1,14.797,22.185,1,0,2,0,1,0,0,1,0,2,0,0,2,2,2,1,1
159,-3973.385,379.464,128.531,-78.367,0.201416,0.976799,-0.072770,-0.978379,0.204191,0.032881,0.046978,0.064574,0.996807,0,0.77092,0.11072,10.205,0.503,-1,837.857,-1,822.230,17.041,630.262,631.696,139.184,598.413,-1,447.613,477.332,-1,-1,-1,-1,22.179,2,0,2,0,1,0,0,1,0,2,0,0,2,2,2,2,1
160,-3970.336,372.880,129.396,-77.558,0.215246,0.973903,-0.071988,-0.975579,0.217748,0.028838,0.043761,0.064023,0.996988,0,0.77279,0.10641,7.255,0.809,-1,823.220,-1,811.192,16.938,622.004,624.016,139.263,606.908,-1,435.469,505.758,-1,-1,-1,-1,22.178,2,0,2,0,1,0,0,1,0,2,0,0,2,2,2,2,1
161,-3968.518,368.910,130.629,-76.838,0.227552,0.971338,-0.068718,-0.973084,0.229466,0.021277,0.036435,0.062027,0.997409,0,0.77615,0.09872,4.366,0.720,14.540,790.246,-1,788.726,16.743,603.771,606.852,168.914,619.207,-1,436.681,552.437,-1,-1,-1,19.657,22.187,1,0,2,0,1,0,0,1,0,2,0,0,2,2,2,1,1
162,-3967.839,366.908,132.157,-76.262,0.237393,0.969258,-0.064674,-0.970995,0.238718,0.013489,0.028513,0.059596,0.997815,0,0.77918,0.09177,2.115,0.577,14.015,758.156,-1,767.147,16.503,585.787,590.061,136.186,633.002,-1,575.117,612.352,-1,-1,-1,26.185,22.219,1,0,2,0,1,0,0,1,0,2,0,0,2,2,2,1,1
163,138.744,-626.957,280.786,138.581,-0.749821,-0.661616,0.005814,0.661508,-0.749817,-0.013460,0.013265,-0.006247,0.999893,1,0.78161,0.08619,0.000,0.000,-1,643.189,-1,645.687,14.228,494.749,487.478,603.823,584.710,-1,-1,-1,-1,-1,-1,970.635,25.658,2,0,2,0,1,0,0,0,0,2,2,2,2,2,2,1,1
164,138.961,-627.026,283.424,138.578,-0.749776,-0.661657,0.006862,0.661529,-0.749781,-0.014446,0.014703,-0.006292,0.999872,0,0.56952,-0.51551,0.228,-0.003,-1,655.949,-1,661.649,13.553,503.502,496.228,612.716,592.859,-1,-1,-1,-1,-1,-1,965.240,24.229,2,0,2,0,1,0,0,0,0,2,2,2,2,2,2,1,1
165,138.776,-626.633,284.896,138.568,-0.749624,-0.661800,0.009168,0.661618,-0.749651,-0.016858,0.018030,-0.006571,0.999816,0,0.56954,-0.51546,0.434,-0.010,-1,670.409,-1,680.710,-1,512.989,506.624,617.394,597.963,-1,-1,-1,-1,-1,-1,958.414,-1,2,0,2,0,2,0,0,0,0,2,2,2,2,2,2,1,2
166,138.218,-625.796,285.214,138.533,-0.749151,-0.662279,0.012675,0.662016,-0.749231,-0.019704,0.022546,-0.006371,0.999726,0,0.56957,-0.51538,1.006,-0.035,-1,685.991,-1,701.021,-1,522.076,516.675,619.769,598.883,-1,-1,-1,-1,-1,-1,951.101,-1,2,0,2,0,2,0,0,0,0,2,2,2,2,2,2,1,2
167,137.388,-624.599,284.491,138.499,-0.748667,-0.662727,0.017044,0.662392,-0.748845,-0.021611,0.027085,-0.004890,0.999621,0,0.56968,-0.51509,1.457,-0.034,-1,700.419,-1,716.165,-1,529.111,524.023,622.230,593.926,-1,-1,-1,-1,-1,-1,944.210,-1,2,0,2,0,2,0,0,0,0,2,2,2,2,2,2,1,2
168,136.346,-622.964,282.874,138.453,-0.748055,-0.663272,0.022023,0.662917,-0.748377,-0.021736,0.030898,-0.001660,0.999521,0,0.56977,-0.51484,1.938,-0.046,-1,711.350,-1,722.112,-1,533.070,527.313,626.487,581.928,-1,-1,-1,-1,-1,-1,941.699,-1,2,0,2,0,2,0,0,0,0,2,2,2,2,2,2,1,2
169,135.160,-620.906,280.731,138.381,-0.747154,-0.664114,0.026698,0.663805,-0.747627,-0.020412,0.033516,0.002472,0.999435,0,0.56989,-0.51449,2.375,-0.072,-1,717.163,-1,719.300,18.243,533.581,526.572,631.458,566.456,-1,-1,-1,-1,-1,-1,940.568,18.669,2,0,2,0,1,0,0,0,0,2,2,2,2,2,2,1,1
170,133.813,-618.508,278.689,138.259,-0.745739,-0.665626,0.028575,0.665383,-0.746269,-0.018675,0.033755,0.005087,0.999417,0,0.57011,-0.51389,2.750,-0.122,-1,712.584,-1,708.748,27.960,529.181,521.366,632.223,554.685,-1,-1,-1,-1,-1,-1,938.929,28.930,2,0,2,0,1,0,0,0,0,2,2,2,2,2,2,1,1
171,132.171,-615.779,277.064,138.093,-0.743854,-0.667783,0.027321,0.667579,-0.744337,-0.017357,0.031927,0.005328,0.999476,0,0.57050,-0.51281,3.185,-0.166,-1,699.017,-1,694.744,33.599,521.349,513.429,627.245,549.165,-1,-1,-1,-1,-1,-1,941.847,34.720,2,0,2,0,1,0,0,0,0,2,2,2,2,2,2,1,1
172,130.106,-612.699,275.974,137.897,-0.741634,-0.670392,0.023504,0.670182,-0.742000,-0.017076,0.028888,0.003088,0.999578,0,0.57104,-0.51132,3.708,-0.196,-1,680.460,-1,681.884,36.938,512.072,504.996,616.921,550.427,-1,-1,-1,-1,-1,-1,949.745,37.990,2,0,2,0,1,0,0,0,0,2,2,2,2,2,2,1,1
173,127.578,-609.221,275.390,137.684,-0.739209,-0.673235,0.018040,0.672995,-0.739428,-0.017997,0.025455,-0.001163,0.999675,0,0.57167,-0.50959,4.300,-0.213,-1,661.565,-1,672.845,28.439,502.974,497.610,602.925,557.560,-1,-1,-1,-1,-1,-1,958.663,39.342,2,0,2,0,1,0,0,0,0,2,2,2,2,2,2,1,1
174,124.602,-605.316,275.196,137.456,-0.736575,-0.676249,0.012002,0.675990,-0.736645,-0.019801,0.022232,-0.006472,0.999732,0,0.57234,-0.50773,4.910,-0.228,-1,644.736,-1,668.241,23.486,495.078,492.028,587.904,568.438,-1,-1,-1,-1,-1,-1,967.353,39.329,2,0,2,0,1,0,0,0,0,2,2,2,2,2,2,1,1
175,121.225,-600.928,275.353,137.209,-0.733688,-0.679449,0.007093,0.679185,-0.733634,-0.022087,0.020210,-0.011388,0.999731,0,0.57304,-0.50577,5.537,-0.247,-1,633.372,-1,670.021,20.696,490.295,489.791,575.786,579.895,-1,-1,-1,-1,-1,-1,973.552,38.152,2,0,2,0,1,0,0,0,0,2,2,2,2,2,2,1,1
176,117.509,-595.945,275.762,136.929,-0.730360,-0.683049,0.004379,0.682772,-0.730221,-0.024467,0.019910,-0.014880,0.999691,0,0.57380,-0.50368,6.216,-0.280,15.394,629.160,-1,678.613,19.033,489.400,491.418,568.715,589.192,-1,-1,-1,-1,-1,-1,11.484,35.928,1,0,2,0,1,0,0,0,0,2,2,2,2,2,2,1,1
177,113.603,-590.336,276.285,136.608,-0.726511,-0.687144,0.003895,0.686831,-0.726330,-0.026600,0.021108,-0.016650,0.999639,0,0.57467,-0.50128,6.835,-0.321,13.601,631.007,-1,692.233,16.646,491.685,496.057,566.369,594.979,-1,-1,-1,-1,-1,-1,10.308,33.730,1,0,2,0,1,0,0,0,0,2,2,2,2,2,2,1,1
178,109.479,-584.131,276.811,136.267,-0.722376,-0.691481,0.005296,0.691112,-0.722205,-0.027984,0.023176,-0.016555,0.999594,0,0.57567,-0.49850,7.451,-0.341,-1,637.138,-1,707.323,14.153,495.836,502.177,568.834,596.310,-1,-1,-1,-1,-1,-1,972.973,32.644,2,0,2,0,1,0,0,0,0,2,2,2,2,2,2,1,1
179,105.001,-577.436,277.290,135.942,-0.718399,-0.695583,0.008120,0.695159,-0.718293,-0.028430,0.025608,-0.014779,0.999563,0,0.57674,-0.49554,8.055,-0.325,-1,646.730,-1,721.085,13.489,500.857,508.641,575.464,593.326,-1,-1,-1,-1,-1,-1,968.134,33.846,2,0,2,0,1,0,0,0,0,2,2,2,2,2,2,1,1
180,100.167,-570.449,277.783,135.660,-0.714933,-0.699097,0.011590,0.698655,-0.714935,-0.027365,0.027417,-0.011467,0.999558,0,0.57774,-0.49278,8.495,-0.282,-1,656.389,-1,731.527,13.326,505.096,513.598,586.132,586.512,-1,-1,-1,-1,-1,-1,962.330,35.373,2,0,2,0,1,0,0,0,0,2,2,2,2,2,2,1,1
181,95.007,-563.212,278.333,135.418,-0.711959,-0.702063,0.014902,0.701645,-0.712074,-0.025416,0.028455,-0.007639,0.999566,0,0.57857,-0.49048,8.889,-0.242,-1,665.894,-1,738.162,13.487,508.172,517.099,598.497,578.574,-1,-1,-1,-1,-1,-1,-1,35.767,2,0,2,0,1,0,0,0,0,2,2,2,2,2,2,2,1
182,89.658,-555.598,278.875,135.153,-0.708693,-0.705307,0.017205,0.704910,-0.708884,-0.024179,0.029249,-0.005007,0.999560,0,0.57923,-0.48864,9.305,-0.265,852.635,673.294,-1,745.665,14.109,511.767,521.069,607.824,573.505,-1,-1,-1,-1,-1,-1,-1,35.394,1,0,2,0,1,0,0,0,0,2,2,2,2,2,2,2,1
183,84.165,-547.590,279.328,134.847,-0.704896,-0.709077,0.018172,0.708669,-0.705117,-0.024441,0.030144,-0.004351,0.999536,0,0.57998,-0.48659,9.711,-0.306,845.029,678.254,-1,756.537,14.797,516.018,527.020,611.530,572.833,-1,-1,-1,-1,-1,-1,-1,34.583,1,0,2,0,1,0,0,0,0,2,2,2,2,2,2,2,1
184,78.500,-539.240,279.673,134.511,-0.700709,-0.713220,0.018015,0.712770,-0.700920,-0.025871,0.031079,-0.005287,0.999503,0,0.58086,-0.48413,10.090,-0.336,837.070,681.099,-1,769.677,14.588,519.811,533.312,610.537,575.624,-1,-1,-1,-1,-1,-1,-1,34.547,1,0,2,0,1,0,0,0,0,2,2,2,2,2,2,2,1
185,72.566,-530.641,279.919,134.170,-0.696432,-0.717416,0.017218,0.716916,-0.696610,-0.027658,0.031837,-0.006918,0.999469,0,0.58185,-0.48140,10.448,-0.341,828.757,682.287,-1,783.154,14.375,522.853,539.158,607.288,579.711,-1,-1,-1,-1,-1,-1,-1,34.276,1,0,2,0,1,0,0,0,0,2,2,2,2,2,2,2,1
186,66.415,-521.876,280.117,133.821,-0.692061,-0.721668,0.015717,0.721147,-0.692187,-0.028708,0.031596,-0.008533,0.999464,0,0.58284,-0.47865,10.708,-0.349,820.131,680.319,-1,791.385,14.206,523.604,542.491,603.812,583.521,-1,-1,-1,-1,-1,-1,-1,33.589,1,0,2,0,1,0,0,0,0,2,2,2,2,2,2,2,1
187,60.094,-512.874,280.244,133.461,-0.687544,-0.726015,0.013610,0.725508,-0.687606,-0.028915,0.030351,-0.010007,0.999489,0,0.58385,-0.47586,10.999,-0.360,811.229,676.847,-1,794.134,14.096,522.021,543.434,600.376,586.536,-1,-1,-1,-1,-1,-1,-1,33.271,1,0,2,0,1,0,0,0,0,2,2,2,2,2,2,2,1
188,53.587,-503.518,280.292,133.091,-0.682882,-0.730438,0.011491,0.729967,-0.682890,-0.028449,0.028627,-0.011039,0.999529,0,0.75064,-0.77076,11.396,-0.370,804.101,671.802,-1,793.559,13.969,519.313,543.168,597.762,587.852,-1,-1,-1,-1,-1,-1,-1,33.999,1,0,2,0,1,0,0,0,0,2,2,2,2,2,2,2,1
189,46.863,-493.555,280.279,132.688,-0.677751,-0.735228,0.009714,0.734770,-0.677708,-0.028722,0.027700,-0.012329,0.999540,0,0.75201,-0.76780,12.020,-0.403,804.157,669.501,-1,797.438,13.821,518.269,545.050,593.910,589.659,-1,-1,-1,-1,-1,-1,-1,34.410,1,0,2,0,1,0,0,0,0,2,2,2,2,2,2,2,1
190,39.788,-482.886,280.227,132.263,-0.672266,-0.740252,0.009188,0.739767,-0.672197,-0.029938,0.028338,-0.013330,0.999510,0,0.75353,-0.76454,12.802,-0.425,802.351,673.765,-1,809.352,13.587,520.927,551.208,590.906,590.797,-1,-1,-1,-1,-1,-1,-1,33.581,1,0,2,0,1,0,0,0,0,2,2,2,2,2,2,2,1
191,32.352,-471.508,280.188,131.815,-0.666418,-0.745514,0.009825,0.744964,-0.666346,-0.031811,0.030262,-0.013880,0.999446,0,0.75513,-0.76109,13.592,-0.448,798.797,682.832,-1,826.151,13.406,530.281,561.359,589.584,591.005,-1,-1,-1,-1,-1,-1,-1,33.239,1,0,2,0,1,0,0,0,0,2,2,2,2,2,2,2,1
192,24.485,-459.508,280.237,131.370,-0.660553,-0.750692,0.011452,0.750044,-0.660504,-0.034181,0.033224,-0.013989,0.999350,0,0.75681,-0.75745,14.349,-0.445,793.356,696.885,-1,848.366,13.267,543.001,575.564,589.893,590.439,-1,-1,-1,-1,-1,-1,-1,35.089,1,0,2,0,1,0,0,0,0,2,2,2,2,2,2,2,1
193,16.033,-447.097,280.456,131.011,-0.655780,-0.754818,0.014245,0.754087,-0.655815,-0.035502,0.036140,-0.012540,0.999268,0,0.75846,-0.75391,15.016,-0.359,785.353,720.542,-1,870.260,13.287,557.132,590.918,594.387,586.471,-1,-1,-1,-1,-1,-1,-1,34.863,1,0,2,0,1,0,0,0,0,2,2,2,2,2,2,2,1
194,7.176,-434.241,280.836,130.695,-0.651566,-0.758415,0.016412,0.757653,-0.651683,-0.035644,0.037729,-0.010790,0.999230,0,0.75966,-0.75130,15.612,-0.317,777.675,737.911,-1,884.642,13.316,568.689,603.124,599.944,581.986,-1,-1,-1,-1,-1,-1,-1,34.076,1,0,2,0,1,0,0,0,0,2,2,2,2,2,2,2,1
195,-2.093,-420.900,281.318,130.391,-0.647522,-0.761855,0.017093,0.761067,-0.647664,-0.036165,0.038623,-0.010408,0.999200,0,0.76065,-0.74918,16.245,-0.303,771.135,753.676,-1,894.989,13.359,579.050,614.377,602.468,581.226,-1,-1,-1,-1,-1,-1,-1,35.276,1,0,2,0,1,0,0,0,0,2,2,2,2,2,2,2,1
196,-11.853,-407.235,281.962,130.114,-0.643838,-0.764982,0.016596,0.764190,-0.643962,-0.036432,0.038557,-0.010774,0.999198,0,0.76155,-0.74723,16.793,-0.277,765.225,762.100,-1,902.853,13.425,588.425,623.674,603.757,582.529,-1,-1,-1,-1,-1,-1,-1,35.658,1,0,2,0,1,0,0,0,0,2,2,2,2,2,2,2,1
197,-22.076,-393.151,282.687,129.863,-0.640494,-0.767802,0.015733,0.767019,-0.640588,-0.036445,0.038061,-0.011275,0.999212,0,0.76230,-0.74563,17.403,-0.251,759.091,767.356,-1,910.447,13.429,597.285,632.072,604.380,584.235,-1,-1,-1,-1,-1,-1,-1,33.951,1,0,2,0,1,0,0,0,0,2,2,2,2,2,2,2,1
198,-32.656,-378.598,283.406,129.615,-0.637178,-0.770574,0.014786,0.769815,-0.637244,-0.036135,0.037267,-0.011642,0.999238,0,0.76289,-0.74435,17.992,-0.249,-1,775.426,-1,916.542,13.504,605.851,639.712,605.246,585.518,-1,-1,-1,-1,-1,-1,-1,34.055,2,0,2,0,1,0,0,0,0,2,2,2,2,2,2,2,1
199,-43.604,-363.556,284.065,129.380,-0.634043,-0.773170,0.014076,0.772436,-0.634090,-0.035658,0.036495,-0.011736,0.999265,0,0.76345,-0.74314,18.604,-0.234,-1,782.468,-1,920.701,13.481,613.893,648.037,606.761,585.918,-1,-1,-1,-1,-1,-1,-1,31.105,2,0,2,0,1,0,0,0,0,2,2,2,2,2,2,2,1
200,-54.846,-347.987,284.643,129.135,-0.630753,-0.775870,0.013288,0.775159,-0.630779,-0.035289,0.035761,-0.011958,0.999289,0,0.76392,-0.74213,19.203,-0.245,13.676,785.831,-1,923.026,13.493,621.607,656.089,607.614,585.849,-1,-1,-1,-1,-1,-1,11.855,29.864,1,0,2,0,1,0,0,0,0,2,2,2,2,2,2,1,1
201,-66.462,-331.921,285.166,128.896,-0.627504,-0.778507,0.012865,0.777795,-0.627516,-0.035475,0.035691,-0.012255,0.999288,0,0.76441,-0.74107,19.826,-0.240,8.671,791.552,-1,928.794,13.483,632.112,666.097,607.583,586.441,-1,-1,-1,-1,-1,-1,24.032,28.831,1,0,2,0,1,0,0,0,0,2,2,2,2,2,2,1,1
202,-78.383,-315.320,285.526,128.660,-0.624284,-0.781091,0.012865,0.780364,-0.624294,-0.035903,0.036076,-0.012374,0.999272,0,0.76486,-0.74011,20.438,-0.236,14.597,798.910,-1,935.906,13.531,642.978,678.193,607.513,585.499,-1,-1,-1,-1,-1,-1,24.259,25.137,1,0,2,0,1,0,0,0,0,2,2,2,2,2,2,1,1
203,-90.469,-298.394,286.153,128.468,-0.621617,-0.783138,0.016971,0.782363,-0.621782,-0.035998,0.038744,-0.009100,0.999208,0,0.76526,-0.73923,20.797,-0.191,14.693,820.454,-1,949.761,13.477,661.781,698.413,618.459,577.514,-1,-1,-1,-1,-1,-1,24.001,21.615,1,0,2,0,1,0,0,0,0,2,2,2,2,2,2,1,1
204,-102.347,-280.959,287.358,128.237,-0.618325,-0.785525,0.024997,0.784698,-0.618824,-0.036140,0.043857,-0.002731,0.999034,0,0.76544,-0.73884,21.097,-0.231,15.388,856.213,-1,970.103,-1,691.564,725.396,641.642,564.705,-1,-1,-1,-1,-1,-1,22.832,-1,1,0,2,0,2,0,0,0,0,2,2,2,2,2,2,1,2
205,-113.597,-262.857,288.947,127.836,-0.612672,-0.789713,0.031417,0.788840,-0.613474,-0.037161,0.048620,0.002016,0.998815,0,0.76582,-0.73803,21.313,-0.402,16.579,885.352,-1,991.842,-1,721.805,753.571,661.470,557.766,-1,-1,-1,-1,-1,-1,22.206,-1,1,0,2,0,2,0,0,0,0,2,2,2,2,2,2,1,2
206,-124.105,-244.164,290.517,127.226,-0.604172,-0.796158,0.033291,0.795224,-0.605081,-0.038684,0.050943,0.003102,0.998697,0,0.76702,-0.73544,21.445,-0.610,16.272,901.889,-1,1007.420,-1,741.387,774.242,669.082,559.440,-1,-1,-1,-1,-1,-1,22.275,-1,1,0,2,0,2,0,0,0,0,2,2,2,2,2,2,1,2
207,-134.305,-225.116,291.721,126.498,-0.594065,-0.803882,0.029331,0.802893,-0.594788,-0.039867,0.049494,-0.000134,0.998774,0,0.76923,-0.73066,21.606,-0.728,-1,897.720,-1,-1,-1,747.947,780.259,660.790,569.124,-1,-1,-1,-1,-1,-1,-1,-1,2,0,2,2,2,0,0,0,0,2,2,2,2,2,2,2,2
208,-144.420,-205.904,292.336,125.728,-0.583362,-0.811931,0.021364,0.810988,-0.583725,-0.039549,0.044582,-0.005746,0.998989,0,0.77201,-0.72468,21.712,-0.770,-1,877.753,-1,997.633,-1,741.910,773.477,642.676,582.274,-1,-1,-1,-1,-1,-1,-1,-1,2,0,2,0,2,0,0,0,0,2,2,2,2,2,2,2,2
209,-154.540,-186.411,292.276,124.938,-0.572280,-0.819976,0.011653,0.819195,-0.572272,-0.037743,0.037618,-0.012053,0.999220,0,0.77498,-0.71827,21.964,-0.791,-1,849.413,-1,975.234,-1,727.697,758.883,620.118,594.232,-1,-1,-1,-1,-1,-1,15.296,-1,2,0,2,0,2,0,0,0,0,2,2,2,2,2,2,1,2
210,-165.038,-166.541,291.741,124.242,-0.562400,-0.826848,0.005373,0.826257,-0.562224,-0.034701,0.031713,-0.015076,0.999383,0,0.72490,-0.66583,22.472,-0.696,15.419,827.281,-1,951.715,-1,715.885,745.596,606.711,597.492,-1,-1,-1,-1,-1,-1,22.799,-1,1,0,2,0,2,0,0,0,0,2,2,2,2,2,2,1,2
211,-175.788,-146.170,290.965,123.653,-0.553941,-0.832547,0.003886,0.832073,-0.553773,-0.031454,0.028339,-0.014191,0.999498,0,0.72732,-0.66024,23.033,-0.588,15.427,818.420,-1,934.265,-1,710.137,738.104,604.162,591.144,-1,-1,-1,-1,-1,-1,22.791,-1,1,0,2,0,2,0,0,0,0,2,2,2,2,2,2,1,2
212,-186.421,-125.196,290.130,123.073,-0.545514,-0.838087,0.004865,0.837685,-0.545417,-0.028362,0.026423,-0.011397,0.999586,0,0.72925,-0.65577,23.516,-0.580,15.460,816.106,-1,920.579,-1,707.837,734.084,607.129,580.818,-1,-1,-1,-1,-1,-1,22.758,-1,1,0,2,0,2,0,0,0,0,2,2,2,2,2,2,1,2
213,-196.932,-103.755,289.341,122.495,-0.537079,-0.843509,0.006271,0.843197,-0.537060,-0.024204,0.023785,-0.007712,0.999687,0,0.73115,-0.65137,23.878,-0.578,15.430,810.397,-1,903.444,-1,703.770,726.282,613.276,569.702,-1,-1,-1,-1,-1,-1,22.788,-1,1,0,2,0,2,0,0,0,0,2,2,2,2,2,2,1,2
214,-207.425,-81.891,288.635,121.932,-0.528800,-0.848717,0.007135,0.848510,-0.528832,-0.019176,0.020048,-0.004086,0.999791,0,0.73304,-0.64700,24.252,-0.564,15.395,801.703,-1,883.096,-1,697.194,716.031,619.129,559.012,-1,-1,-1,-1,-1,-1,22.824,-1,1,0,2,0,2,0,0,0,0,2,2,2,2,2,2,1,2
215,-217.889,-59.651,288.166,121.368,-0.520480,-0.853844,0.007085,0.853743,-0.520528,-0.013203,0.014961,-0.000823,0.999888,0,0.73486,-0.64278,24.579,-0.563,15.327,790.409,-1,859.759,-1,687.981,703.311,625.812,549.719,-1,-1,-1,-1,-1,-1,22.900,-1,1,0,2,0,2,0,0,0,0,2,2,2,2,2,2,1,2
216,-228.466,-37.030,287.864,120.841,-0.512632,-0.858581,0.006913,0.858560,-0.512672,-0.006484,0.009111,0.002611,0.999955,0,0.73668,-0.63857,24.971,-0.528,15.285,778.446,-1,835.320,-1,677.227,689.435,634.395,539.784,-1,-1,-1,-1,-1,-1,22.948,-1,1,0,2,0,2,0,0,0,0,2,2,2,2,2,2,1,2
217,-238.895,-14.014,287.592,120.275,-0.504147,-0.863606,0.004497,0.863616,-0.504150,0.000532,0.001808,0.004152,0.999990,0,0.73833,-0.63475,25.270,-0.566,15.675,761.476,-1,808.997,-1,663.214,673.039,636.733,534.848,-1,-1,-1,-1,-1,-1,22.574,-1,1,0,2,0,2,0,0,0,0,2,2,2,2,2,2,1,2
218,-249.059,9.557,287.186,119.630,-0.494385,-0.869243,0.000494,0.869225,-0.494371,0.006676,-0.005559,0.003730,0.999978,0,0.74015,-0.63054,25.668,-0.645,15.692,743.279,-1,784.825,-1,648.378,657.178,632.015,533.866,-1,-1,-1,-1,-1,-1,22.562,-1,1,0,2,0,2,0,0,0,0,2,2,2,2,2,2,1,2
219,-259.113,33.604,286.600,118.937,-0.483812,-0.875160,-0.004597,0.875071,-0.483830,0.012648,-0.013293,0.002097,0.999909,0,0.74232,-0.62552,26.065,-0.692,15.835,723.549,-1,761.001,-1,632.753,640.491,622.543,534.206,-1,-1,-1,-1,-1,-1,22.468,-1,1,0,2,0,2,0,0,0,0,2,2,2,2,2,2,1,2
220,-268.968,58.139,285.880,118.199,-0.472433,-0.881302,-0.010692,0.881110,-0.472553,0.018421,-0.021287,-0.000718,0.999773,0,0.74470,-0.62002,26.439,-0.738,15.843,702.868,-1,737.901,-1,616.763,622.321,609.543,536.554,-1,-1,-1,-1,-1,-1,22.463,-1,1,0,2,0,2,0,0,0,0,2,2,2,2,2,2,1,2
221,-278.535,83.200,285.048,117.407,-0.460115,-0.887699,-0.016876,0.887389,-0.460407,0.023793,-0.028891,-0.004028,0.999574,0,0.74728,-0.61405,26.825,-0.792,15.942,683.582,-1,716.688,-1,601.151,605.268,594.304,539.688,-1,-1,-1,-1,-1,-1,22.408,-1,1,0,2,0,2,0,0,0,0,2,2,2,2,2,2,1,2
222,-287.959,108.768,283.931,116.613,-0.447669,-0.893942,-0.021455,0.893470,-0.448144,0.029634,-0.036105,-0.005903,0.999331,0,0.75010,-0.60751,27.250,-0.794,15.880,666.148,-1,695.325,-1,586.056,588.721,582.531,539.136,-1,-1,-1,-1,-1,-1,22.441,-1,1,0,2,0,2,0,0,0,0,2,2,2,2,2,2,1,2
223,-297.153,134.873,282.519,115.814,-0.435046,-0.900077,-0.024407,0.899376,-0.435685,0.036066,-0.043096,-0.006261,0.999051,0,0.75294,-0.60095,27.677,-0.799,15.786,650.091,-1,673.278,-1,571.441,572.209,575.647,535.879,-1,-1,-1,-1,-1,-1,22.498,-1,1,0,2,0,2,0,0,0,0,2,2,2,2,2,2,1,2
224,-305.997,161.203,280.930,115.043,-0.422739,-0.905881,-0.025901,0.904785,-0.423508,0.044780,-0.051535,-0.004504,0.998661,0,0.33808,-0.31655,27.776,-0.771,15.570,632.362,-1,646.509,-1,554.171,552.711,574.702,527.771,-1,-1,-1,-1,-1,-1,22.658,-1,1,0,2,0,2,0,0,0,0,2,2,2,2,2,2,1,2
225,-314.566,187.416,279.242,114.362,-0.411714,-0.910936,-0.026220,0.909230,-0.412547,0.055735,-0.061588,-0.000893,0.998101,0,0.33932,-0.31017,27.577,-0.681,15.440,612.574,-1,615.978,13.267,534.468,530.577,579.124,515.767,-1,-1,-1,-1,996.473,-1,22.778,20.649,1,0,2,0,1,0,0,0,0,2,2,2,2,0,2,1,1
226,-323.027,213.663,277.491,113.735,-0.401489,-0.915468,-0.026935,0.913106,-0.402387,0.065745,-0.071026,0.001802,0.997473,0,0.34038,-0.30466,27.578,-0.627,15.342,593.567,-1,589.080,13.271,516.237,510.525,581.149,505.501,-1,-1,-1,-1,954.472,1002.171,22.883,31.447,1,0,2,0,1,0,0,0,0,2,2,2,2,0,0,1,1
227,-331.431,239.975,275.790,113.141,-0.391768,-0.919631,-0.028231,0.916673,-0.392772,0.073755,-0.078915,0.003016,0.996877,0,0.34134,-0.29970,27.621,-0.594,15.249,577.100,-1,567.869,13.282,501.068,494.220,580.923,498.982,-1,-1,-1,-1,919.412,952.540,22.993,37.240,1,0,2,0,1,0,0,0,0,2,2,2,2,0,0,1,1
228,-339.836,266.331,274.291,112.587,-0.382699,-0.923395,-0.029704,0.919986,-0.383839,0.079335,-0.084659,0.003034,0.996405,0,0.34223,-0.29507,27.664,-0.554,15.163,564.617,-1,553.026,13.298,489.976,482.483,577.829,495.919,-1,-1,-1,-1,893.931,917.836,23.108,41.208,1,0,2,0,1,0,0,0,0,2,2,2,2,0,0,1,1
229,-348.257,292.715,272.880,112.074,-0.374323,-0.926776,-0.031119,0.923044,-0.375606,0.083130,-0.088732,0.002394,0.996053,0,0.34305,-0.29086,27.695,-0.512,15.124,555.064,-1,542.572,13.307,481.777,473.939,572.664,494.481,-1,-1,-1,-1,875.419,893.417,23.164,40.281,1,0,2,0,1,0,0,0,0,2,2,2,2,0,0,1,1
230,-356.585,319.113,271.395,111.580,-0.366249,-0.929930,-0.033033,0.926004,-0.367735,0.085365,-0.091531,0.000677,0.995802,0,0.34378,-0.28710,27.680,-0.494,9.963,547.237,-1,535.253,13.305,475.262,467.554,565.549,494.783,-1,-1,-1,-1,860.195,876.420,8.439,40.497,1,0,2,0,1,0,0,0,0,2,2,2,2,0,0,1,1
231,-366.381,350.785,269.498,110.990,-0.356634,-0.933558,-0.035803,0.929530,-0.358419,0.086663,-0.093738,-0.002373,0.995594,0,0.34447,-0.28351,33.153,-0.589,-1,539.083,-1,529.043,13.319,468.635,461.737,554.651,497.227,-1,-1,-1,-1,844.579,862.107,-1,41.086,2,0,2,0,1,0,0,0,0,2,2,2,2,0,0,2,1
232,-372.833,371.896,268.192,110.609,-0.350416,-0.935825,-0.037951,0.931818,-0.352430,0.086646,-0.094460,-0.005002,0.995516,0,0.34529,-0.27925,22.075,-0.381,-1,534.497,-1,526.612,13.319,465.280,459.169,545.553,501.082,-1,-1,-1,-1,836.184,856.156,-1,41.621,2,0,2,0,1,0,0,0,0,2,2,2,2,0,0,2,1
233,-380.687,398.105,266.646,110.155,-0.342947,-0.938480,-0.040523,0.934351,-0.345250,0.088267,-0.096827,-0.007592,0.995272,0,0.34582,-0.27653,27.361,-0.454,-1,526.811,-1,520.777,13.308,459.304,453.683,536.215,504.706,-1,-1,-1,-1,821.246,841.941,-1,39.683,2,0,2,0,1,0,0,0,0,2,2,2,2,0,0,2,1
234,-388.232,424.260,265.100,109.688,-0.335213,-0.941115,-0.043992,0.936852,-0.337909,0.090148,-0.099705,-0.010995,0.994956,0,0.34643,-0.27334,27.221,-0.468,-1,518.006,-1,514.147,13.279,452.495,447.443,526.494,509.847,-1,-1,-1,-1,803.824,827.302,-1,40.863,2,0,2,0,1,0,0,0,0,2,2,2,2,0,0,2,1
235,-395.478,450.460,263.502,109.175,-0.326753,-0.943848,-0.048820,0.939625,-0.329980,0.090650,-0.101669,-0.016252,0.994686,0,0.34708,-0.26998,27.184,-0.513,-1,510.033,-1,509.970,13.273,446.583,442.699,511.883,518.619,-1,-1,-1,-1,787.674,818.449,-1,40.527,2,0,2,0,1,0,0,0,0,2,2,2,2,0,0,2,1
236,-402.483,476.704,261.912,108.638,-0.317901,-0.946572,-0.054221,0.942566,-0.321703,0.089871,-0.102513,-0.022536,0.994476,0,0.34783,-0.26613,27.162,-0.537,10.752,503.415,-1,508.326,13.270,442.059,439.821,495.692,529.820,-1,-1,-1,-1,772.968,815.161,9.006,40.541,1,0,2,0,1,0,0,0,0,2,2,2,2,0,0,1,1
237,-409.203,502.965,260.372,108.085,-0.308792,-0.949306,-0.058871,0.945596,-0.313074,0.088504,-0.102449,-0.028339,0.994335,0,0.34862,-0.26202,27.108,-0.553,15.502,498.767,-1,508.082,13.269,439.155,438.388,483.544,541.969,-1,-1,-1,-1,762.169,814.848,22.718,37.451,1,0,2,0,1,0,0,0,0,2,2,2,2,0,0,1,1
238,-415.506,529.242,258.833,107.501,-0.299152,-0.952128,-0.062932,0.948757,-0.303834,0.086857,-0.101820,-0.033724,0.994231,0,0.34945,-0.25773,27.023,-0.584,15.932,495.411,-1,508.325,13.394,437.221,437.192,470.745,554.421,-1,-1,-1,-1,754.316,816.004,22.413,34.855,1,0,2,0,1,0,0,0,0,2,2,2,2,0,0,1,1
239,-421.060,555.559,257.347,106.799,-0.287558,-0.955345,-0.068009,0.952516,-0.292684,0.083962,-0.100118,-0.040636,0.994145,0,0.42445,-0.24609,26.897,-0.702,16.214,493.373,-1,510.620,13.613,436.556,437.515,455.951,571.058,-1,-1,-1,-1,749.190,823.913,22.293,34.921,1,0,2,0,1,0,0,0,0,2,2,2,2,0,0,1,1
240,-426.590,587.192,255.740,105.811,-0.271178,-0.959708,-0.073639,0.957628,-0.276717,0.079846,-0.097006,-0.048866,0.994083,0,0.42584,-0.24014,32.113,-0.988,16.110,492.593,-1,515.101,13.515,436.883,439.422,442.747,591.905,-1,-1,-1,-1,744.983,838.624,22.331,31.166,1,0,2,0,1,0,0,0,0,2,2,2,2,0,0,1,1
241,-429.920,608.351,254.629,105.143,-0.260069,-0.962646,-0.075345,0.961013,-0.265636,0.076758,-0.093905,-0.052445,0.994199,0,0.42789,-0.23137,21.419,-0.668,15.838,494.742,-1,518.848,13.347,438.815,441.827,435.362,601.005,-1,-1,-1,-1,746.553,850.301,22.466,28.261,1,0,2,0,1,0,0,0,0,2,2,2,2,0,0,1,1
242,-433.885,634.883,253.138,104.391,-0.247545,-0.966013,-0.074426,0.964733,-0.252855,0.073181,-0.089513,-0.053686,0.994538,0,0.42930,-0.22537,26.827,-0.751,15.652,499.680,-1,522.913,13.289,442.429,444.036,430.853,604.227,-1,-1,-1,-1,753.259,864.979,22.592,27.466,1,0,2,0,1,0,0,0,0,2,2,2,2,0,0,1,1
243,-437.607,661.568,251.440,103.706,-0.236100,-0.969108,-0.071313,0.968102,-0.240919,0.068816,-0.083871,-0.052790,0.995077,0,0.43086,-0.21869,26.943,-0.686,15.581,505.792,-1,527.262,13.277,446.638,447.308,431.020,602.933,-1,-1,-1,-1,765.338,882.470,22.649,29.717,1,0,2,0,1,0,0,0,0,2,2,2,2,0,0,1,1
244,-440.947,688.419,249.583,103.046,-0.225075,-0.972009,-0.067380,0.971372,-0.229247,0.062308,-0.076010,-0.051427,0.995780,0,0.43228,-0.21264,27.058,-0.660,15.554,515.202,-1,535.257,13.274,453.195,453.541,430.234,600.276,-1,-1,-1,-1,784.318,909.418,22.672,31.520,1,0,2,0,1,0,0,0,0,2,2,2,2,0,0,1,1
245,-444.039,715.395,247.425,102.411,-0.214438,-0.974697,-0.063105,0.974433,-0.217921,0.054696,-0.067064,-0.049762,0.996507,0,0.43365,-0.20680,27.152,-0.635,15.453,526.335,-1,544.721,13.267,460.994,460.462,428.974,594.163,-1,-1,-1,-1,808.687,951.042,22.766,32.209,1,0,2,0,1,0,0,0,0,2,2,2,2,0,0,1,1
246,-446.876,742.376,245.045,101.817,-0.204429,-0.977136,-0.058422,0.977122,-0.207275,0.047646,-0.058666,-0.047346,0.997154,0,0.43496,-0.20117,27.130,-0.594,-1,535.002,-1,553.780,13.267,467.204,465.652,428.964,584.569,-1,-1,-1,-1,831.441,995.309,13.672,32.491,2,0,2,0,1,0,0,0,0,2,2,2,2,0,0,1,1
247,-449.415,769.417,242.432,101.238,-0.194635,-0.979375,-0.054243,0.979574,-0.196927,0.040666,-0.050509,-0.045220,0.997699,0,0.43620,-0.19591,27.160,-0.579,-1,542.569,-1,561.347,13.268,471.829,470.175,428.112,575.242,-1,-1,-1,-1,855.228,-1,-1,34.352,2,0,2,0,1,0,0,0,0,2,2,2,2,0,2,2,1
248,-451.698,796.492,239.835,100.652,-0.184682,-0.981435,-0.051750,0.981876,-0.186533,0.033532,-0.042562,-0.044619,0.998097,0,0.43740,-0.19076,27.171,-0.586,-1,549.230,-1,569.330,13.270,476.081,474.719,425.139,570.422,-1,-1,-1,-1,876.175,-1,-1,38.590,2,0,2,0,1,0,0,0,0,2,2,2,2,0,2,2,1
249,-453.949,823.525,237.540,100.094,-0.175148,-0.983195,-0.051481,0.983866,-0.176726,0.027853,-0.036483,-0.045772,0.998285,0,0.43863,-0.18551,27.127,-0.558,-1,551.561,-1,576.462,13.277,477.851,477.468,420.350,573.493,888.388,-1,-1,-1,889.984,-1,-1,39.212,2,0,2,0,1,0,0,0,0,1,2,2,2,0,2,2,1
250,-456.223,850.496,235.685,99.568,-0.166137,-0.984682,-0.052919,0.985567,-0.167577,0.024004,-0.032505,-0.048168,0.998310,0,0.43979,-0.18054,27.066,-0.526,12.856,550.401,-1,581.904,13.286,476.904,477.884,415.271,580.222,892.063,-1,-1,-1,894.986,-1,10.842,39.096,1,0,2,0,1,0,0,0,0,1,2,2,2,0,2,1,1
251,-458.507,877.463,234.196,99.067,-0.157520,-0.985953,-0.055527,0.987064,-0.158899,0.021329,-0.029853,-0.051449,0.998229,0,0.44088,-0.17590,27.064,-0.501,15.023,547.130,-1,585.868,13.336,474.550,477.150,409.755,591.346,895.004,-1,-1,-1,893.946,-1,23.322,38.115,1,0,2,0,1,0,0,0,0,1,2,2,2,0,2,1,1
252,-460.852,904.451,233.062,98.613,-0.149702,-0.987018,-0.058181,0.988342,-0.151034,0.019195,-0.027733,-0.054629,0.998122,0,0.44190,-0.17153,27.090,-0.454,14.916,543.734,-1,588.564,13.374,472.133,476.364,405.109,603.926,897.533,-1,-1,-1,891.986,-1,23.511,38.344,1,0,2,0,1,0,0,0,0,1,2,2,2,0,2,1,1
253,-463.256,931.445,232.272,98.209,-0.142734,-0.987890,-0.060831,0.989427,-0.144012,0.017145,-0.025697,-0.057740,0.998001,0,0.44281,-0.16765,27.101,-0.404,14.903,540.656,-1,593.420,13.380,470.322,477.034,401.201,618.166,900.431,-1,-1,-1,891.674,-1,23.538,38.437,1,0,2,0,1,0,0,0,0,1,2,2,2,0,2,1,1
254,-465.593,958.481,231.676,97.821,-0.136045,-0.988681,-0.063259,0.990424,-0.137244,0.014993,-0.023505,-0.060613,0.997885,0,0.44360,-0.16429,27.136,-0.388,14.870,538.272,-1,599.605,13.393,469.122,477.849,398.279,634.929,905.662,-1,-1,-1,897.666,-1,23.603,36.737,1,0,2,0,1,0,0,0,0,1,2,2,2,0,2,1,1
255,-467.804,985.582,231.139,97.444,-0.129521,-0.989452,-0.064884,0.991360,-0.130583,0.012386,-0.020728,-0.062720,0.997816,0,0.44435,-0.16110,27.192,-0.378,14.827,537.948,-1,606.931,13.412,469.085,479.397,396.592,650.623,965.406,-1,-1,-1,908.851,-1,23.691,33.110,1,0,2,0,1,0,0,0,0,1,2,2,2,0,2,1,1
256,-469.844,1012.686,230.618,97.085,-0.123326,-0.990206,-0.065444,0.992200,-0.124245,0.010154,-0.018186,-0.063681,0.997805,0,0.44507,-0.15799,27.181,-0.358,14.740,537.922,-1,612.285,13.453,468.862,480.435,396.384,662.311,1001.980,-1,-1,-1,921.102,-1,23.887,31.049,1,0,2,0,1,0,0,0,0,1,2,2,2,0,2,1,1
257,-471.734,1039.654,230.251,96.745,-0.117441,-0.990906,-0.065679,0.992967,-0.118168,0.007292,-0.014987,-0.064360,0.997814,0,0.44576,-0.15506,27.034,-0.340,14.637,539.439,-1,622.410,13.508,470.015,483.802,396.728,673.823,-1,-1,-1,-1,946.268,-1,24.149,34.470,1,0,2,0,1,0,0,0,0,2,2,2,2,0,2,1,1
258,-473.154,1065.925,231.437,96.368,-0.110905,-0.991681,-0.065331,0.993819,-0.110984,-0.002419,-0.004852,-0.065195,0.997861,0,0.44641,-0.15229,26.310,-0.378,14.244,558.162,-1,658.322,13.780,485.907,502.275,401.044,694.960,-1,-1,-1,-1,-1,-1,25.580,29.151,1,0,2,0,1,0,0,0,0,2,2,2,2,2,2,1,1
259,-474.475,1092.192,233.802,96.015,-0.104790,-0.992460,-0.063576,0.994444,-0.103930,-0.016697,0.009964,-0.064973,0.997837,0,0.73758,-0.47408,26.300,-0.352,13.915,592.208,1005.450,728.650,14.088,513.125,532.110,409.618,721.649,-1,-1,-1,-1,-1,-1,27.736,26.439,1,0,1,0,1,0,0,0,0,2,2,2,2,2,2,1,1
260,-475.732,1118.335,236.026,95.697,-0.099256,-0.993126,-0.062037,0.994866,-0.097806,-0.026001,0.019755,-0.064300,0.997735,0,0.73873,-0.47109,26.173,-0.318,-1,618.715,983.588,796.487,-1,533.723,557.201,418.040,744.707,-1,-1,-1,-1,-1,-1,-1,-1,2,0,1,0,2,0,0,0,0,2,2,2,2,2,2,2,2
261,-476.907,1144.436,237.689,95.382,-0.093774,-0.993710,-0.061210,0.995278,-0.092018,-0.030897,0.025070,-0.063818,0.997647,0,0.73976,-0.46843,26.128,-0.315,-1,634.243,960.128,850.024,-1,546.255,571.239,424.616,764.525,-1,816.394,-1,-1,-1,-1,-1,-1,2,0,1,0,2,0,0,0,0,2,0,2,2,2,2,2,2
262,-477.993,1170.493,238.730,95.079,-0.088500,-0.994216,-0.060841,0.995729,-0.086692,-0.031745,0.026287,-0.063391,0.997643,0,0.74078,-0.46580,26.080,-0.303,-1,641.075,935.138,883.691,-1,549.541,577.077,429.450,780.005,-1,824.285,-1,-1,-1,-1,-1,-1,2,0,1,0,2,0,0,0,0,2,0,2,2,2,2,2,2
263,-479.138,1201.822,238.967,94.715,-0.082171,-0.994714,-0.061578,0.996331,-0.080507,-0.029035,0.023924,-0.063738,0.997680,0,0.74175,-0.46327,31.350,-0.364,-1,637.068,903.609,893.803,-1,543.549,577.215,431.699,795.337,-1,899.052,-1,-1,-1,-1,-1,-1,2,0,1,0,2,0,0,0,0,2,0,2,2,2,2,2,2
264,-479.549,1222.799,238.449,94.405,-0.076789,-0.995015,-0.063627,0.996830,-0.075283,-0.025745,0.020827,-0.065403,0.997642,0,0.74293,-0.46022,20.981,-0.310,-1,627.102,882.057,889.598,-1,537.015,572.062,429.890,806.962,-1,-1,-1,-1,-1,-1,-1,-1,2,0,1,0,2,0,0,0,0,2,2,2,2,2,2,2,2
265,-479.511,1249.204,237.017,93.897,-0.067954,-0.995351,-0.068253,0.997561,-0.066693,-0.020591,0.015943,-0.069485,0.997456,0,0.74400,-0.45745,26.405,-0.508,-1,608.519,854.830,879.199,-1,524.948,561.437,422.772,828.792,-1,-1,-1,-1,-1,-1,-1,-1,2,0,1,0,2,0,0,0,0,2,2,2,2,2,2,2,2
266,-478.571,1275.581,234.817,93.212,-0.056022,-0.995631,-0.074708,0.998389,-0.055190,-0.013167,0.008986,-0.075326,0.997118,0,0.74585,-0.45266,26.394,-0.685,-1,582.052,827.443,855.755,-1,506.539,545.045,411.944,856.900,-1,-1,-1,-1,-1,-1,-1,-1,2,0,1,0,2,0,0,0,0,2,2,2,2,2,2,2,2
267,-476.213,1301.610,232.374,92.285,-0.039866,-0.995905,-0.081146,0.999204,-0.039614,-0.004716,0.001482,-0.081269,0.996691,0,0.74846,-0.44590,26.135,-0.927,17.765,554.646,801.179,829.338,-1,487.103,527.641,400.880,883.896,-1,-1,-1,-1,-1,-1,22.267,-1,1,0,1,0,2,0,0,0,0,2,2,2,2,2,2,1,2
268,-472.273,1327.088,230.212,91.139,-0.019873,-0.996270,-0.083972,0.999793,-0.020160,0.002568,-0.004252,-0.083904,0.996465,0,0.75213,-0.43640,25.781,-1.146,17.157,536.199,777.226,809.186,-1,473.169,514.360,393.418,891.350,-1,-1,-1,-1,-1,-1,22.184,-1,1,0,1,0,2,0,0,0,0,2,2,2,2,2,2,1,2
269,-467.495,1352.630,228.348,89.919,0.001413,-0.996863,-0.079129,0.999984,0.000982,0.005486,-0.005391,-0.079136,0.996849,0,0.75678,-0.42434,25.984,-1.220,16.971,537.965,749.112,803.440,-1,470.541,512.404,396.460,854.440,-1,-1,-1,-1,-1,-1,22.178,-1,1,0,1,0,2,0,0,0,0,2,2,2,2,2,2,1,2
270,-461.777,1378.415,227.190,88.771,0.021454,-0.997288,-0.070408,0.999766,0.021196,0.004411,-0.002906,-0.070487,0.997508,0,0.76181,-0.41134,26.411,-1.148,16.633,556.362,753.777,815.059,14.269,478.623,522.480,406.675,802.103,-1,-1,-1,-1,738.236,-1,22.199,15.510,1,0,1,0,1,0,0,0,0,2,2,2,2,1,2,1,1
271,-455.670,1404.568,227.047,87.764,0.039011,-0.997455,-0.059677,0.999233,0.039139,-0.000969,0.003302,-0.059593,0.998217,0,0.76664,-0.39882,26.856,-1.006,16.508,591.287,-1,849.828,14.010,503.828,544.268,421.384,751.583,-1,-1,-1,-1,699.512,-1,22.218,25.665,1,0,2,0,1,0,0,0,0,2,2,2,2,1,2,1,1
272,-449.127,1431.027,227.779,86.767,0.056398,-0.997016,-0.052717,0.998357,0.056854,-0.007190,0.010166,-0.052225,0.998584,0,0.77097,-0.38761,27.256,-0.997,17.201,634.774,-1,897.770,16.447,533.593,574.198,433.827,727.212,-1,-1,-1,-1,661.559,-1,22.187,22.089,1,0,2,0,1,0,0,0,0,2,2,2,2,1,2,1,1
273,-441.880,1457.445,229.141,85.652,0.075803,-0.995809,-0.051176,0.997008,0.076472,-0.011242,0.015108,-0.050171,0.998626,0,0.76943,-0.37636,27.394,-1.115,17.246,657.240,-1,949.208,-1,564.524,605.536,440.010,731.930,-1,-1,-1,-1,632.189,-1,22.190,-1,1,1,2,0,2,0,0,0,0,2,2,2,2,1,2,1,2
274,-433.741,1483.522,231.002,84.375,0.097998,-0.993726,-0.053900,0.995015,0.098842,-0.013219,0.018464,-0.052336,0.998459,0,0.86084,-0.19309,27.319,-1.277,17.682,618.891,-1,989.235,-1,592.853,637.130,439.938,758.180,796.138,-1,-1,-1,607.632,-1,22.251,-1,1,1,2,0,2,0,0,0,0,1,2,2,2,1,2,1,2
275,-424.328,1508.982,233.172,82.828,0.124819,-0.990291,-0.061195,0.991958,0.125856,-0.013384,0.020956,-0.059033,0.998036,0,0.85453,-0.17859,27.144,-1.547,17.489,595.008,-1,-1,-1,591.210,670.656,433.988,806.934,833.197,-1,-1,-1,584.041,-1,22.218,-1,1,1,2,2,2,1,0,0,0,1,2,2,2,1,2,1,2
276,-414.352,1534.552,235.285,81.220,0.152597,-0.985918,-0.068414,0.987969,0.153941,-0.014784,0.025107,-0.065335,0.997547,0,0.84690,-0.16103,27.447,-1.608,16.915,571.984,-1,-1,-1,656.859,710.308,428.791,854.863,871.908,-1,-1,-1,561.437,-1,22.179,-1,1,1,2,2,2,0,0,0,0,1,2,2,2,1,2,1,2
277,-404.150,1560.567,237.153,79.703,0.178671,-0.981156,-0.073556,0.983419,0.180442,-0.018126,0.031057,-0.069097,0.997126,0,0.83892,-0.14268,27.943,-1.517,16.927,549.386,-1,-1,-1,700.241,757.477,425.950,887.102,935.331,-1,-1,-1,539.482,-1,22.178,-1,1,1,2,2,2,0,0,0,0,1,2,2,2,1,2,1,2
278,-393.382,1586.747,238.871,78.272,0.203130,-0.976048,-0.077899,0.978433,0.205386,-0.022051,0.037522,-0.071739,0.996717,0,0.83129,-0.12513,28.308,-1.431,16.789,523.908,-1,-1,-1,748.736,806.427,424.574,913.718,-1,-1,-1,-1,514.750,-1,22.184,-1,1,1,2,2,2,0,0,0,0,2,2,2,2,1,2,1,2
279,-382.004,1612.944,240.449,76.919,0.226125,-0.970694,-0.081366,0.973153,0.228795,-0.025021,0.042904,-0.073524,0.996370,0,0.82394,-0.10824,28.561,-1.353,16.677,484.760,-1,-1,-1,790.837,847.095,424.319,935.340,-1,-1,-1,-1,485.825,-1,22.194,-1,1,1,2,2,2,0,0,0,0,2,2,2,2,1,2,1,2
280,-370.138,1639.142,241.739,75.624,0.248016,-0.965119,-0.083862,0.967663,0.250916,-0.025855,0.045996,-0.074738,0.996142,0,0.81684,-0.09191,28.760,-1.294,16.566,479.697,-1,-1,-1,823.760,874.713,423.321,952.068,-1,-1,-1,-1,-1,-1,22.208,-1,1,1,2,2,2,0,0,0,0,2,2,2,2,2,2,1,2
281,-355.331,1670.545,242.846,74.125,0.273250,-0.958217,-0.084582,0.960816,0.276129,-0.024216,0.046560,-0.074650,0.996122,0,0.80991,-0.07598,34.719,-1.500,16.317,928.129,-1,-1,-1,840.003,884.524,422.981,959.900,-1,-1,-1,-1,-1,-1,22.261,-1,1,0,2,2,2,0,0,0,0,2,2,2,2,2,2,1,2
282,-345.177,1691.530,243.254,73.159,0.289413,-0.953577,-0.083249,0.956117,0.292133,-0.022323,0.045606,-0.073135,0.996279,0,0.80172,-0.05714,23.313,-0.965,16.163,932.261,-1,-1,-1,844.726,883.588,424.223,956.134,-1,-1,-1,-1,-1,-1,22.311,-1,1,0,2,2,2,0,0,0,0,2,2,2,2,2,2,1,2
283,-332.096,1717.709,243.365,72.047,0.307968,-0.947993,-0.080402,0.950490,0.310263,-0.017504,0.041540,-0.071030,0.996609,0,0.79635,-0.04479,29.266,-1.112,385.419,926.719,-1,-1,-1,839.036,870.651,425.198,948.799,-1,-1,-1,-1,-1,-1,389.783,-1,1,0,2,2,2,0,0,0,0,2,2,2,2,2,2,1,2
284,-318.675,1743.840,242.945,71.026,0.324945,-0.942735,-0.075242,0.945112,0.326584,-0.010279,0.034263,-0.067772,0.997112,0,0.78997,-0.03012,29.376,-1.021,359.164,910.255,-1,-1,-1,819.732,847.214,426.615,933.864,-1,-1,-1,-1,-1,-1,352.945,-1,1,0,2,2,2,0,0,0,0,2,2,2,2,2,2,1,2
285,-304.887,1770.036,241.924,70.069,0.340783,-0.937651,-0.068388,0.939805,0.341706,-0.001914,0.025163,-0.063619,0.997657,0,0.78391,-0.01617,29.602,-0.957,333.081,887.414,-1,-1,-1,794.330,817.976,428.876,913.101,-1,-1,-1,-1,-1,-1,354.283,-1,1,0,2,2,2,0,0,0,0,2,2,2,2,2,2,1,2
286,-290.754,1796.380,240.330,69.178,0.355418,-0.932788,-0.059869,0.934584,0.355684,0.006517,0.015215,-0.058269,0.998185,0,0.77804,-0.00267,29.896,-0.890,15.537,862.176,-1,-1,-1,766.455,786.159,434.007,881.081,-1,-1,-1,-1,-1,-1,22.687,-1,1,0,2,2,2,0,0,0,0,2,2,2,2,2,2,1,2
287,-276.265,1822.882,238.254,68.354,0.368865,-0.928162,-0.049536,0.929471,0.368606,0.014603,0.004706,-0.051429,0.998666,0,0.77237,0.01036,30.204,-0.824,15.487,836.073,-1,957.543,-1,737.653,752.944,440.484,840.230,-1,-1,-1,-1,-1,-1,22.732,-1,1,0,2,0,2,0,0,0,0,2,2,2,2,2,2,1,2
288,-261.442,1849.524,235.702,67.570,0.381548,-0.923577,-0.037780,0.924325,0.380925,0.022780,-0.006648,-0.043613,0.999026,0,0.76690,0.02295,30.488,-0.784,15.510,807.997,-1,902.260,-1,707.206,717.594,448.246,796.447,-1,-1,-1,-1,-1,-1,22.712,-1,1,0,2,0,2,0,0,0,0,2,2,2,2,2,2,1,2
289,-246.241,1876.307,232.721,66.813,0.393664,-0.918888,-0.025949,0.919063,0.392849,0.031524,-0.018773,-0.036259,0.999166,0,0.76151,0.03534,30.796,-0.757,15.476,776.782,-1,847.842,-1,675.458,681.928,458.122,756.303,-1,-1,-1,-1,-1,-1,22.743,-1,1,0,2,0,2,0,0,0,0,2,2,2,2,2,2,1,2
290,-230.632,1903.167,229.534,66.080,0.405245,-0.914094,-0.014421,0.913646,0.404392,0.041444,-0.032052,-0.029970,0.999037,0,0.75614,0.04770,31.067,-0.733,15.557,742.729,-1,793.297,-1,641.130,643.614,465.471,720.258,-1,-1,-1,-1,-1,-1,22.669,-1,1,0,2,0,2,0,0,0,0,2,2,2,2,2,2,1,2
291,-214.463,1930.143,226.420,65.334,0.416913,-0.908939,-0.003743,0.907840,0.416199,0.051032,-0.044827,-0.024674,0.998690,0,0.75076,0.06006,31.450,-0.747,15.439,710.968,-1,742.525,13.267,609.696,608.912,471.608,688.540,-1,-1,-1,-1,-1,-1,22.780,20.805,1,0,2,0,1,0,0,0,0,2,2,2,2,2,2,1,1
292,-197.933,1957.623,223.673,64.636,0.427728,-0.903898,0.004167,0.902244,0.427216,0.058678,-0.054819,-0.021338,0.998268,0,0.74519,0.07287,32.069,-0.698,15.312,686.215,-1,706.127,13.274,585.613,583.704,478.300,667.726,-1,-1,-1,-1,-1,-1,22.917,33.514,1,0,2,0,1,0,0,0,0,2,2,2,2,2,2,1,1
293,-177.718,1991.275,221.113,63.858,0.439716,-0.898083,0.009883,0.895890,0.439367,0.065865,-0.063495,-0.020108,0.997780,0,0.73972,0.08546,39.257,-0.778,15.141,662.476,-1,678.218,13.303,565.162,564.260,483.593,657.436,-1,-1,-1,-1,1003.104,-1,23.139,38.057,1,0,2,0,1,0,0,0,0,2,2,2,2,0,2,1,1
294,-164.104,2014.055,219.834,63.384,0.446957,-0.894476,0.011956,0.891941,0.446632,0.070441,-0.068348,-0.020820,0.997444,0,0.72927,0.39191,26.538,-0.473,15.052,648.294,-1,665.246,13.327,554.291,554.174,485.023,658.336,-1,-1,-1,-1,979.551,-1,23.274,38.301,1,0,2,0,1,0,0,0,0,2,2,2,2,0,2,1,1
295,-147.004,2042.758,218.580,62.839,0.455223,-0.890262,0.014338,0.887249,0.454913,0.076446,-0.074580,-0.022079,0.996971,0,0.72510,0.40155,33.411,-0.545,14.952,630.703,-1,650.450,13.360,541.395,540.925,488.047,661.859,-1,-1,-1,-1,950.573,-1,23.445,35.522,1,0,2,0,1,0,0,0,0,2,2,2,2,0,2,1,1
296,-129.727,2071.676,217.246,62.343,0.462653,-0.886374,0.017110,0.882824,0.462393,0.082551,-0.081083,-0.023087,0.996440,0,0.72000,0.41334,33.685,-0.496,14.560,612.820,-1,633.045,13.553,528.200,527.035,384.055,662.647,-1,-1,-1,-1,917.611,984.016,24.369,31.954,1,0,2,0,1,0,0,1,0,2,2,2,2,0,0,1,1
297,-112.523,2100.996,215.583,61.979,0.467983,-0.883470,0.021758,0.879373,0.467974,0.087767,-0.087721,-0.021940,0.995903,0,0.71500,0.42490,33.995,-0.364,-1,595.454,-1,613.230,13.636,513.971,512.412,331.905,655.127,-1,-1,-1,-1,884.239,943.892,14.075,30.607,2,0,2,0,1,0,0,1,0,2,2,2,2,0,0,1,1
298,-95.274,2130.636,213.458,61.713,0.471776,-0.881307,0.026923,0.876651,0.472115,0.092689,-0.094398,-0.020127,0.995331,0,0.71049,0.43532,34.294,-0.266,-1,576.787,-1,592.488,13.680,497.496,497.153,284.595,643.929,-1,-1,-1,-1,851.007,902.681,-1,30.570,2,0,2,0,1,0,0,1,0,2,2,2,2,0,0,2,1
299,-77.903,2160.534,210.905,61.495,0.474804,-0.879528,0.031489,0.874304,0.475476,0.097546,-0.100767,-0.018784,0.994733,0,0.70630,0.44502,34.578,-0.218,-1,557.080,-1,572.219,13.929,480.920,481.968,199.761,632.798,-1,-1,-1,-1,817.955,863.146,-1,27.614,2,0,2,0,1,0,0,1,0,2,2,2,2,0,0,2,1
300,-60.733,2190.926,207.794,61.396,0.476054,-0.878689,0.035744,0.872983,0.477088,0.101429,-0.106178,-0.017082,0.994200,0,0.70220,0.45450,34.907,-0.100,-1,538.353,-1,552.794,14.589,464.941,467.456,189.556,618.165,-1,-1,-1,-1,787.220,825.382,-1,24.282,2,0,2,0,1,0,0,1,0,2,2,2,2,0,0,2,1
301,-44.477,2222.125,204.300,61.590,0.472867,-0.880188,0.040822,0.874199,0.474443,0.103343,-0.110329,-0.013181,0.993808,0,0.69852,0.46300,35.181,0.195,-1,522.261,-1,534.113,14.920,450.538,453.928,523.632,596.950,-1,-1,-1,-1,761.286,788.431,-1,23.504,2,0,2,0,1,0,0,0,0,2,2,2,2,0,0,2,1
302,-29.155,2254.066,200.690,62.040,0.465833,-0.883730,0.044960,0.877589,0.467908,0.104402,-0.113300,-0.009177,0.993518,0,0.69613,0.46854,35.426,0.450,-1,508.007,-1,517.552,14.850,437.717,439.368,529.043,575.907,-1,-1,-1,-1,738.003,755.340,-1,23.642,2,0,2,0,1,0,0,0,0,2,2,2,2,0,0,2,1
303,-14.306,2286.552,197.121,62.547,0.457957,-0.887800,0.045670,0.881482,0.460154,0.106056,-0.115171,-0.008312,0.993311,0,0.69484,0.47151,35.719,0.507,-1,493.947,-1,501.292,14.903,425.787,426.694,528.383,564.726,-1,-1,-1,-1,714.898,729.117,-1,23.537,2,0,2,0,1,0,0,0,0,2,2,2,2,0,0,2,1
304,0.126,2319.432,193.595,63.049,0.450196,-0.891962,0.041562,0.885449,0.451953,0.108250,-0.115339,-0.011933,0.993254,0,0.69374,0.47406,35.908,0.503,-1,480.282,-1,490.068,14.865,414.520,416.749,519.364,566.291,-1,-1,-1,-1,692.664,711.715,-1,23.613,2,0,2,0,1,0,0,0,0,2,2,2,2,0,0,2,1
305,14.331,2352.133,191.066,63.360,0.445646,-0.894821,0.026347,0.888378,0.445683,0.110228,-0.110377,-0.025716,0.993557,0,0.39553,0.45302,35.653,0.310,-1,471.494,-1,493.368,16.055,409.615,416.128,495.970,600.594,-1,-1,-1,-1,677.861,721.413,-1,22.354,2,0,2,0,1,0,0,0,0,2,2,2,2,0,0,2,1
306,27.267,2384.982,189.103,63.779,0.439374,-0.898224,0.011989,0.892113,0.437871,0.111371,-0.105285,-0.038238,0.993707,0,0.39433,0.45789,35.304,0.420,-1,464.678,-1,496.673,15.312,406.053,415.219,476.461,635.550,-1,-1,-1,-1,665.741,733.001,-1,22.917,2,0,2,0,1,0,0,0,0,2,2,2,2,0,0,2,1
307,41.786,2424.211,186.257,64.475,0.428494,-0.903532,0.004737,0.897337,0.426158,0.114788,-0.105734,-0.044935,0.993379,0,0.39343,0.46151,41.830,0.695,-1,450.207,-1,484.967,-1,394.546,404.577,462.969,651.797,-1,-1,-1,-1,640.740,716.648,-1,-1,2,0,2,0,2,0,0,0,0,2,2,2,2,0,0,2,2
308,51.116,2450.250,183.833,65.012,0.419908,-0.907548,0.005723,0.900998,0.417618,0.117465,-0.108996,-0.044168,0.993060,0,0.39283,0.46395,27.659,0.538,14.307,437.663,-1,469.464,-1,383.169,392.605,460.497,644.736,-1,-1,-1,-1,619.988,690.288,17.969,-1,1,0,2,0,2,0,0,0,0,2,2,2,2,0,0,1,2
309,61.532,2482.833,180.060,65.993,0.404149,-0.914556,0.015851,0.907434,0.403060,0.118773,-0.115013,-0.033619,0.992795,0,0.39259,0.46493,34.207,0.981,22.858,422.184,-1,441.937,-1,367.103,373.279,469.759,607.365,-1,-1,-1,-1,594.927,642.093,26.015,955.814,1,0,2,0,2,0,0,0,0,2,2,2,2,0,0,1,0
310,70.118,2515.422,175.533,67.397,0.381534,-0.923711,0.034499,0.916449,0.382878,0.116296,-0.120633,-0.012754,0.992615,0,0.39310,0.46287,33.702,1.404,27.342,410.367,-1,410.186,17.843,352.119,352.280,493.858,549.160,-1,-1,-1,-1,575.159,586.608,31.781,22.284,1,0,2,0,1,0,0,0,0,2,2,2,2,0,0,1,1
311,76.460,2547.015,171.177,68.821,0.358496,-0.931781,0.057129,0.925254,0.362783,0.110875,-0.124037,0.013111,0.992191,0,0.39475,0.45618,32.223,1.424,15.611,403.502,988.799,381.641,17.034,341.255,333.859,527.700,489.927,-1,-1,-1,-1,562.892,538.449,32.447,22.179,1,0,0,0,1,0,0,0,0,2,2,2,2,0,0,1,1
312,81.872,2576.454,168.118,69.896,0.341083,-0.937458,0.069527,0.931832,0.346930,0.106433,-0.123898,0.028485,0.991886,0,0.39663,0.44856,29.932,1.075,13.536,398.611,959.862,365.104,16.126,334.935,322.930,547.978,460.198,-1,-1,-1,-1,554.850,512.547,34.004,22.325,1,0,0,0,1,0,0,0,0,2,2,2,2,0,0,1,1
313,87.530,2604.771,166.540,70.746,0.327540,-0.942609,0.064854,0.937706,0.332719,0.100024,-0.115861,0.028052,0.992869,0,0.39775,0.44402,28.876,0.850,13.524,399.860,998.438,366.953,16.126,337.220,324.859,542.995,463.390,-1,-1,-1,-1,807.744,518.199,35.917,22.325,1,0,0,0,1,0,0,0,0,2,2,2,2,0,0,1,1
314,92.707,2633.399,165.796,71.629,0.313592,-0.948158,0.051539,0.944310,0.317098,0.087904,-0.099690,0.021103,0.994795,0,0.39827,0.44192,29.092,0.884,13.404,410.501,-1,382.962,15.954,349.345,337.324,528.436,481.444,-1,-1,-1,-1,848.629,549.557,35.562,22.402,1,0,2,0,1,0,0,0,0,2,2,2,2,0,0,1,1
315,97.088,2662.192,165.413,72.504,0.299703,-0.953430,0.033895,0.950775,0.301425,0.071905,-0.078773,0.010676,0.996835,0,0.39885,0.43958,29.124,0.875,13.348,427.515,-1,408.323,15.842,367.325,356.891,509.439,506.754,249.119,-1,-1,-1,898.678,601.086,31.366,22.463,1,0,2,0,1,0,0,0,0,1,2,2,2,0,0,1,1
316,101.000,2690.994,164.733,73.335,0.286320,-0.958013,0.015245,0.956456,0.286724,0.054599,-0.056678,-0.001052,0.998392,0,0.39942,0.43728,29.067,0.831,13.304,442.798,-1,437.941,15.715,385.375,379.006,488.643,534.052,226.103,-1,-1,-1,948.889,670.416,27.567,22.546,1,0,2,0,1,0,0,0,0,1,2,2,2,0,0,1,1
317,104.646,2719.610,163.730,74.119,0.273452,-0.961886,0.000306,0.961152,0.273256,0.038963,-0.037561,-0.010361,0.999241,0,0.39986,0.43548,28.847,0.784,13.272,662.487,-1,464.023,-1,399.463,397.780,471.714,556.672,248.672,-1,-1,-1,989.642,742.802,27.678,-1,1,0,2,0,2,0,0,0,0,1,2,2,2,0,0,1,2
318,108.413,2747.919,162.620,74.814,0.261885,-0.965050,-0.009713,0.964828,0.261559,0.026345,-0.022884,-0.016271,0.999606,0,0.40016,0.43427,28.559,0.695,13.285,686.401,-1,483.513,-1,410.832,411.405,459.609,571.886,271.942,-1,-1,-1,-1,803.557,28.882,-1,1,0,2,0,2,0,0,0,0,1,2,2,2,2,0,1,2
319,113.435,2781.312,161.369,75.522,0.249983,-0.968129,-0.015343,0.968170,0.249727,0.016829,-0.012461,-0.019062,0.999741,0,0.40017,0.43423,33.769,0.708,13.487,700.221,-1,494.325,-1,412.047,418.109,451.566,577.591,299.864,-1,-1,-1,-1,844.622,32.297,-1,1,0,2,0,2,0,0,0,0,1,2,2,2,2,0,1,2
320,117.309,2803.277,160.531,75.867,0.244164,-0.969593,-0.016517,0.969698,0.243974,0.012717,-0.008300,-0.019121,0.999783,0,0.39975,0.43595,22.304,0.345,13.897,702.247,-1,495.745,-1,409.554,418.552,448.752,576.920,318.876,-1,-1,-1,-1,856.933,27.900,-1,1,0,2,0,2,0,0,0,0,1,2,2,2,2,0,1,2
321,123.190,2830.342,159.595,76.038,0.241268,-0.970284,-0.018390,0.970451,0.241148,0.008506,-0.003819,-0.019899,0.999795,0,0.39904,0.43880,27.697,0.171,13.981,700.482,-1,496.994,8.493,406.276,417.950,444.465,577.535,344.109,-1,-1,-1,-1,871.424,27.188,23.543,1,0,2,0,1,0,0,0,0,1,2,2,2,2,0,1,1
322,129.653,2857.154,158.825,76.075,0.240646,-0.970428,-0.018942,0.970611,0.240639,0.002697,0.001941,-0.019034,0.999817,0,0.36012,0.43276,27.580,0.037,13.964,701.625,-1,501.321,14.036,405.629,419.189,443.192,574.857,370.023,-1,-1,-1,-1,891.082,27.325,26.790,1,0,2,0,1,0,0,0,0,1,2,2,2,2,0,1,1
323,136.321,2883.859,158.328,76.104,0.240149,-0.970573,-0.017807,0.970682,0.240288,-0.006155,0.010253,-0.015807,0.999822,0,0.35816,0.44153,27.525,0.029,13.904,707.950,-1,509.533,14.099,440.984,424.547,442.955,565.050,406.033,822.449,803.980,-1,-1,923.659,27.835,26.375,1,0,2,0,1,0,0,0,0,1,0,0,2,2,0,1,1
324,143.042,2910.503,158.131,76.161,0.239134,-0.970852,-0.016182,0.970756,0.239407,-0.017803,0.021158,-0.011452,0.999711,0,0.35608,0.45082,27.479,0.057,13.566,720.870,-1,523.371,14.540,463.999,434.358,446.599,554.042,453.168,609.309,635.857,-1,-1,974.086,32.857,24.431,1,0,2,0,1,0,0,0,0,1,0,0,2,2,0,1,1
325,149.299,2937.027,158.341,76.327,0.236255,-0.971606,-0.012826,0.971148,0.236544,-0.030319,0.032492,-0.005293,0.999458,0,0.35397,0.46021,27.251,0.166,13.689,739.081,-1,539.928,16.283,469.145,444.854,454.958,540.765,497.077,548.044,561.185,-1,1006.965,-1,35.925,22.271,1,0,2,0,1,0,0,0,0,1,0,0,2,0,2,1,1
326,153.563,2962.896,159.014,76.844,0.227402,-0.973789,-0.004823,0.972914,0.227403,-0.041559,0.041566,0.004758,0.999124,0,0.35208,0.46866,26.219,0.517,28.895,754.159,-1,551.172,19.268,483.077,454.189,471.743,519.632,529.600,525.546,525.370,-1,-1,-1,30.676,22.753,1,0,2,0,1,0,0,0,0,1,0,0,2,2,2,1,1
327,154.017,2986.908,160.042,78.036,0.207093,-0.978267,0.010337,0.977291,0.206378,-0.048066,0.044888,0.020056,0.998791,0,0.35115,0.47283,24.016,1.191,21.602,779.658,-1,545.706,18.794,509.610,453.699,512.709,487.632,539.867,538.731,529.538,-1,-1,-1,22.658,22.568,1,0,2,0,1,0,0,0,0,1,0,0,2,2,2,1,1
328,153.158,3009.941,161.527,79.336,0.184832,-0.982597,0.018431,0.981579,0.183653,-0.052672,0.048371,0.027827,0.998442,0,0.35219,0.46816,23.049,1.300,-1,799.019,-1,547.938,17.369,537.582,453.559,548.017,471.531,547.764,549.161,537.357,-1,-1,-1,-1,22.202,2,0,2,0,1,0,0,0,0,1,0,0,2,2,2,2,1
329,152.257,3032.714,163.163,80.534,0.164227,-0.986295,0.015857,0.984971,0.163092,-0.056857,0.053491,0.024956,0.998256,0,0.35363,0.46175,22.791,1.198,-1,807.544,-1,561.350,16.691,566.771,456.533,556.867,474.706,560.435,547.790,540.830,-1,-1,-1,-1,22.192,2,0,2,0,1,0,0,0,0,1,0,0,2,2,2,2,1
330,151.057,3055.341,164.656,81.610,0.145647,-0.989319,0.005915,0.987490,0.145007,-0.061944,0.060425,0.014863,0.998062,0,0.35480,0.45653,22.658,1.076,-1,819.059,-1,584.317,16.329,590.953,466.599,548.978,491.254,577.561,534.839,536.789,-1,-1,-1,-1,22.258,2,0,2,0,1,0,0,0,0,1,0,0,2,2,2,2,1
331,149.418,3077.911,165.598,82.565,0.129109,-0.991610,-0.006425,0.989329,0.129248,-0.067247,0.067513,0.002326,0.997716,0,0.35567,0.45262,22.630,0.955,-1,830.151,-1,610.066,16.006,609.739,474.162,536.502,512.311,597.860,519.228,530.006,-1,-1,-1,-1,22.376,2,0,2,0,1,0,0,0,0,1,0,0,2,2,2,2,1
332,147.496,3100.326,165.961,83.434,0.114048,-0.993338,-0.016486,0.990857,0.114936,-0.070660,0.072084,-0.008277,0.997364,0,0.35627,0.44996,22.497,0.869,-1,833.377,-1,626.530,8.568,618.550,476.111,527.201,530.017,618.709,513.365,530.629,-1,-1,-1,-1,22.459,2,0,2,0,1,0,0,0,0,1,0,0,2,2,2,2,1
333,145.539,3122.550,165.787,84.251,0.099901,-0.994727,-0.023180,0.992297,0.101318,-0.071284,0.073256,-0.015880,0.997187,0,0.35665,0.44826,22.309,0.817,-1,824.917,-1,629.844,12.407,611.986,471.172,517.010,540.392,638.693,519.498,541.946,-1,-1,-1,-1,10.205,2,0,2,0,1,0,0,0,0,1,0,0,2,2,2,2,1
334,143.803,3144.792,165.309,85.011,0.086744,-0.995831,-0.028213,0.993640,0.088525,-0.069587,0.071795,-0.021997,0.997177,0,0.72858,0.72852,22.310,0.760,-1,811.079,-1,623.919,15.628,601.422,466.992,507.784,546.043,658.626,535.273,562.778,-1,-1,-1,-1,22.610,2,0,2,0,1,0,0,0,0,1,0,0,2,2,2,2,1
335,142.313,3167.344,164.823,85.712,0.074586,-0.996688,-0.032391,0.994824,0.076616,-0.066753,0.069013,-0.027244,0.997244,0,0.72854,0.72860,22.601,0.702,-1,794.808,-1,613.600,15.616,588.969,474.219,499.360,549.653,679.284,557.388,589.974,-1,-1,-1,-1,22.620,2,0,2,0,1,0,0,0,0,1,0,0,2,2,2,2,1
336,140.722,3190.088,164.558,86.413,0.062428,-0.997467,-0.034103,0.995967,0.064467,-0.062394,0.064434,-0.030070,0.997469,0,0.72795,0.72990,22.800,0.701,-1,777.439,-1,597.038,15.820,576.924,479.237,492.908,548.745,698.699,590.497,627.542,-1,-1,-1,-1,22.477,2,0,2,0,1,0,0,0,0,1,0,0,2,2,2,2,1
337,138.818,3213.165,164.573,87.153,0.049587,-0.998169,-0.034642,0.996961,0.051553,-0.058399,0.060078,-0.031641,0.997692,0,0.72717,0.73161,23.155,0.739,-1,762.015,-1,579.922,16.611,571.504,479.899,493.132,544.870,717.067,626.449,667.408,-1,975.042,-1,-1,22.202,2,0,2,0,1,0,0,0,0,1,0,0,2,0,2,2,1
338,135.845,3236.220,165.016,88.084,0.033380,-0.998916,-0.032457,0.997893,0.035118,-0.054547,0.055628,-0.030568,0.997984,0,0.72638,0.73334,23.246,0.932,-1,752.773,-1,561.268,16.817,570.082,491.920,496.023,534.494,730.381,668.236,713.323,-1,959.345,-1,-1,22.182,2,0,2,0,1,0,0,0,0,1,0,0,2,0,2,2,1
339,131.019,3263.858,166.357,89.401,0.010447,-0.999493,-0.030071,0.998602,0.011987,-0.051479,0.051814,-0.029491,0.998221,0,0.72655,0.73298,28.056,1.316,-1,756.873,-1,543.316,16.896,568.307,498.749,498.622,525.194,742.429,718.388,769.088,-1,974.262,-1,-1,22.179,2,0,2,0,1,0,0,0,0,1,0,0,2,0,2,2,1
340,127.259,3282.479,167.597,90.308,-0.005360,-0.999536,-0.029970,0.998687,-0.003824,-0.051088,0.050949,-0.030204,0.998244,0,0.72771,0.73042,18.996,0.907,-1,757.283,-1,538.253,17.728,572.564,496.070,499.538,524.073,750.810,745.216,798.985,-1,999.999,-1,-1,22.260,2,0,2,0,1,0,0,0,0,1,0,0,2,0,2,2,1
341,121.462,3305.540,169.469,91.540,-0.026841,-0.999202,-0.029568,0.998343,-0.025289,-0.051686,0.050897,-0.030907,0.998226,0,0.72855,0.72860,23.779,1.233,-1,763.005,-1,535.326,18.463,572.783,495.446,500.132,523.141,759.328,774.978,832.287,-1,-1,-1,-1,22.455,2,0,2,0,1,0,0,0,0,1,0,0,2,2,2,2,1
342,114.079,3327.684,171.769,92.976,-0.051850,-0.998256,-0.028220,0.997355,-0.050320,-0.052449,0.050938,-0.030865,0.998225,0,0.73018,0.72503,23.342,1.436,-1,771.495,-1,533.024,18.734,580.194,497.984,506.165,520.892,763.018,807.334,870.875,-1,-1,-1,-1,22.547,2,0,2,0,1,0,0,0,0,1,0,0,2,2,2,2,1
343,105.390,3349.021,174.516,94.566,-0.079491,-0.996426,-0.028558,0.995408,-0.077812,-0.055751,0.053330,-0.032858,0.998036,0,0.73318,0.71846,23.039,1.590,-1,773.104,-1,540.700,18.674,593.384,506.105,508.953,526.260,764.477,826.552,895.539,-1,-1,-1,-1,22.525,2,0,2,0,1,0,0,0,0,1,0,0,2,2,2,2,1
344,95.456,3369.750,177.539,96.297,-0.109502,-0.993555,-0.029302,0.992287,-0.107544,-0.061649,0.058101,-0.035827,0.997668,0,0.73725,0.70955,22.986,1.731,-1,777.924,-1,548.930,18.661,607.969,537.210,508.216,534.934,764.374,831.810,904.023,-1,-1,-1,-1,22.521,2,0,2,0,1,0,0,0,0,1,0,0,2,2,2,2,1
345,84.588,3390.094,180.790,98.136,-0.141221,-0.989525,-0.029959,0.987858,-0.138875,-0.069646,0.064756,-0.039431,0.997122,0,0.74230,0.69850,23.065,1.838,-1,786.719,-1,560.083,18.656,624.404,557.334,505.507,546.523,763.732,826.860,898.874,-1,-1,-1,-1,22.519,2,0,2,0,1,0,0,0,0,1,0,0,2,2,2,2,1
346,72.782,3410.198,183.987,100.051,-0.174079,-0.984317,-0.028558,0.982093,-0.171418,-0.078159,0.072038,-0.041652,0.996532,0,0.74803,0.68596,23.314,1.916,-1,797.226,-1,589.330,18.274,659.904,565.152,503.117,554.934,762.781,818.023,888.966,-1,-1,-1,-1,22.396,2,0,2,0,1,0,0,0,0,1,0,0,2,2,2,2,1
347,60.472,3430.235,186.502,101.979,-0.206944,-0.978066,-0.023679,0.975346,-0.204352,-0.083308,0.076642,-0.040336,0.996243,0,0.75429,0.67227,23.516,1.928,-1,807.612,-1,598.788,-1,669.246,594.548,504.474,552.598,761.687,823.525,893.976,-1,-1,-1,-1,-1,2,0,2,0,2,0,0,0,0,1,0,0,2,2,2,2,2
348,47.892,3450.202,188.302,103.875,-0.239071,-0.970848,-0.017284,0.967884,-0.236841,-0.084298,0.077747,-0.036882,0.996291,0,0.76058,0.65850,23.600,1.895,-1,815.379,-1,583.836,-1,672.188,613.219,508.540,542.489,761.142,848.954,919.665,-1,-1,-1,-1,-1,2,0,2,0,2,0,0,0,0,1,0,0,2,2,2,2,2
349,35.060,3470.106,189.380,105.723,-0.270220,-0.962738,-0.010833,0.959827,-0.268485,-0.081534,0.075588,-0.032430,0.996612,0,0.76663,0.64526,23.682,1.849,-1,815.002,-1,559.778,-1,669.811,620.398,512.320,529.362,773.817,894.181,966.574,-1,-1,-1,-1,-1,2,0,2,0,2,0,0,0,0,1,0,0,2,2,2,2,2
350,21.934,3489.888,189.766,107.502,-0.299994,-0.953926,-0.005332,0.951372,-0.298771,-0.075020,0.069970,-0.027578,0.997168,0,0.77235,0.63275,23.741,1.778,-1,821.605,-1,613.064,-1,664.320,609.644,515.542,513.481,787.076,964.162,-1,-1,-1,-1,-1,-1,2,0,2,0,2,0,0,0,0,1,0,2,2,2,2,2,2
351,8.561,3509.444,189.492,109.181,-0.327946,-0.944694,-0.002128,0.942760,-0.327129,-0.064738,0.060462,-0.023237,0.997900,0,0.54135,0.14168,23.691,1.679,-1,807.677,-1,587.686,-1,655.272,597.975,517.545,497.096,800.249,-1,-1,-1,-1,-1,-1,-1,2,0,2,0,2,0,0,0,0,1,2,2,2,2,2,2,2
352,-4.998,3528.694,188.484,110.750,-0.353902,-0.935281,-0.001480,0.934092,-0.353371,-0.051002,0.047179,-0.019432,0.998697,0,0.46332,-0.70040,23.546,1.570,-1,779.667,-1,559.042,-1,642.307,583.270,518.420,479.875,813.136,-1,-1,-1,-1,958.167,-1,-1,2,0,2,0,2,0,0,0,0,1,2,2,2,2,0,2,2
353,-18.682,3547.676,186.663,112.189,-0.377491,-0.926003,-0.004386,0.925502,-0.377121,-0.035023,0.030777,-0.017280,0.999377,0,0.45559,-0.72470,23.400,1.439,-1,748.287,-1,542.814,-1,625.059,564.509,517.362,463.583,825.838,-1,-1,-1,-1,854.992,-1,-1,2,0,2,0,2,0,0,0,0,1,2,2,2,2,0,2,2
354,-32.424,3566.382,183.964,113.517,-0.398991,-0.916887,-0.011115,0.916882,-0.398777,-0.017450,0.011567,-0.017153,0.999786,0,0.44825,-0.74777,23.212,1.327,-1,713.984,-1,519.303,-1,604.606,542.515,513.749,447.764,838.455,-1,-1,-1,-1,756.278,-1,-1,2,0,2,0,2,0,0,0,0,1,2,2,2,2,0,2,2
355,-46.215,3584.841,180.298,114.755,-0.418724,-0.907871,-0.020974,0.908059,-0.418840,0.001265,-0.009933,-0.018517,0.999779,0,0.44126,-0.76974,23.042,1.239,-1,680.057,-1,491.258,-1,581.840,518.831,507.992,431.583,851.056,-1,-1,-1,-1,664.159,-1,-1,2,0,2,0,2,0,0,0,0,1,2,2,2,2,0,2,2
356,-60.119,3603.032,175.651,115.892,-0.436423,-0.899118,-0.033490,0.899115,-0.437206,0.021060,-0.033577,-0.020921,0.999217,0,0.43454,-0.79087,22.896,1.136,-1,644.880,-1,462.957,740.408,552.102,493.270,495.615,414.529,863.283,-1,-1,-1,967.388,549.343,-1,695.331,2,0,2,0,0,0,0,0,0,1,2,2,2,0,0,2,0
357,-73.903,3621.023,170.045,116.896,-0.451569,-0.890853,-0.049663,0.890258,-0.453574,0.041360,-0.059371,-0.025536,0.997909,0,0.42813,-0.81100,22.665,1.004,-1,607.855,-1,436.280,440.845,512.273,463.878,480.168,397.330,875.106,-1,-1,-1,822.943,488.868,-1,477.826,2,0,2,0,0,0,0,0,0,1,2,2,2,0,0,2,0
358,-87.393,3638.778,163.641,117.718,-0.463317,-0.883329,-0.071182,0.881804,-0.467517,0.062052,-0.088091,-0.034018,0.995531,0,0.42215,-0.82979,22.298,0.823,-1,562.321,-1,408.173,342.493,469.297,422.989,461.171,382.894,886.025,-1,-1,-1,654.875,454.828,-1,431.412,2,0,2,0,0,0,0,0,0,1,2,2,2,0,0,2,0
359,-100.249,3656.313,156.595,118.267,-0.470205,-0.876963,-0.099214,0.874479,-0.478123,0.081761,-0.119137,-0.048316,0.991701,0,0.41678,-0.84667,21.743,0.548,-1,510.066,834.189,379.132,30.654,424.094,380.940,437.803,376.277,895.574,-1,-1,-1,583.366,420.424,835.131,32.817,2,0,0,0,1,0,0,0,0,1,2,2,2,0,0,0,1
360,-109.213,3673.642,150.146,117.617,-0.458350,-0.876300,-0.148368,0.876097,-0.473566,0.090498,-0.149565,-0.088505,0.984783,0,0.41235,-0.86062,19.510,-0.649,599.887,448.738,611.855,350.991,44.889,374.441,340.407,402.780,435.720,900.550,-1,-1,-1,528.265,388.819,572.739,47.193,0,0,0,0,1,0,0,0,0,1,2,2,2,0,0,0,1
361,-116.720,3691.359,144.146,116.591,-0.440821,-0.872882,-0.209176,0.880646,-0.465663,0.087301,-0.173609,-0.145726,0.973973,0,0.41208,-0.86145,19.241,-1.026,16.604,382.161,485.854,327.159,46.589,330.606,308.852,365.891,585.690,909.141,-1,-1,-1,469.032,363.678,11.384,48.757,1,0,0,0,1,0,0,0,0,1,2,2,2,0,0,1,1
362,-123.820,3709.487,139.357,115.523,-0.423478,-0.866107,-0.265565,0.886939,-0.456069,0.073070,-0.184403,-0.204596,0.961320,0,0.41310,-0.85825,19.469,-1.068,18.375,337.412,448.286,312.835,42.056,300.517,291.118,316.324,882.416,928.216,-1,-1,-1,418.436,347.204,22.427,43.624,1,0,0,0,1,0,0,0,0,1,2,2,2,0,0,1,1
363,-130.871,3727.983,136.316,114.465,-0.407612,-0.861075,-0.303977,0.895879,-0.441539,0.049437,-0.176787,-0.252176,0.951396,0,0.41423,-0.85471,19.794,-1.058,17.646,318.523,428.395,306.193,21.408,288.124,289.194,280.793,-1,950.327,-1,-1,-1,392.020,340.435,22.244,32.397,1,0,0,0,1,0,0,0,2,1,2,2,2,0,0,1,1
364,-138.148,3746.709,134.596,113.540,-0.394748,-0.860952,-0.320837,0.906131,-0.422568,0.019065,-0.151990,-0.283194,0.946943,0,0.41526,-0.85145,20.090,-0.925,16.722,319.230,424.748,307.130,-1,292.433,300.706,261.727,-1,857.285,-1,-1,-1,387.014,342.355,22.189,353.648,1,0,0,0,2,0,0,0,2,0,2,2,2,0,0,1,0
365,-144.982,3765.427,134.161,113.092,-0.389653,-0.863150,-0.321159,0.913863,-0.405593,-0.018686,-0.114131,-0.300776,0.946841,0,0.41581,-0.84974,19.926,-0.448,17.036,336.121,604.035,314.840,-1,311.921,304.136,256.161,-1,522.204,-1,-1,-1,400.909,376.198,22.179,638.309,1,0,0,0,2,0,0,0,2,0,2,2,2,0,0,1,0
366,-151.084,3784.245,134.893,112.903,-0.388280,-0.868070,-0.309342,0.919065,-0.389359,-0.060980,-0.067510,-0.307983,0.948994,0,0.41485,-0.85275,19.783,-0.190,16.702,361.158,-1,327.218,-1,332.545,313.545,259.112,-1,303.141,-1,-1,-1,422.368,562.053,22.191,-1,1,0,2,0,2,0,0,0,2,0,2,2,2,0,0,1,2
367,-156.370,3802.978,136.556,112.738,-0.386408,-0.875013,-0.291619,0.922019,-0.374639,-0.097599,-0.023851,-0.306592,0.951542,0,0.41310,-0.85826,19.465,-0.165,16.128,376.426,-1,380.570,-1,340.225,322.828,267.271,-1,295.430,-1,-1,-1,441.632,860.926,22.324,-1,1,0,2,0,2,0,0,0,2,0,2,2,2,0,0,1,2
368,-161.094,3821.443,138.517,112.515,-0.382889,-0.883045,-0.271343,0.923712,-0.362047,-0.125211,0.012328,-0.298585,0.954303,0,0.41132,-0.86385,19.059,-0.223,428.907,383.567,-1,470.956,-1,346.436,328.591,281.540,-1,297.320,-1,-1,-1,513.997,-1,440.004,-1,0,0,2,0,2,0,0,0,2,0,2,2,2,0,2,0,2
369,-165.138,3839.380,140.676,112.209,-0.377714,-0.891619,-0.249695,0.925133,-0.352275,-0.141534,0.038233,-0.284461,0.957925,0,0.40978,-0.86870,18.387,-0.305,600.199,397.258,-1,524.475,-1,348.826,353.047,299.731,-1,308.814,-1,-1,-1,607.612,-1,785.397,-1,0,0,2,0,2,0,0,0,2,0,2,2,2,0,2,0,2
370,-168.100,3856.773,143.028,111.784,-0.370566,-0.900237,-0.228590,0.927224,-0.344199,-0.147589,0.054184,-0.266646,0.962270,0,0.40858,-0.87247,17.644,-0.425,866.342,403.381,-1,556.235,-1,345.971,384.979,319.349,-1,326.512,400.641,-1,-1,683.952,-1,-1,-1,0,0,2,0,2,0,0,0,2,0,0,2,2,0,2,2,2
371,-170.392,3873.997,145.023,111.248,-0.361656,-0.908831,-0.207919,0.930083,-0.336294,-0.147827,0.064428,-0.246844,0.966911,0,0.40788,-0.87465,17.375,-0.536,-1,414.887,-1,567.583,-1,350.285,403.842,342.616,-1,346.794,423.423,-1,-1,752.548,-1,-1,-1,2,0,2,0,2,0,0,0,2,0,0,2,2,0,2,2,2
372,-172.138,3891.223,146.314,110.659,-0.351899,-0.916905,-0.188287,0.933304,-0.328338,-0.145389,0.071486,-0.226891,0.971293,0,0.40759,-0.87558,17.315,-0.589,-1,439.218,-1,565.988,-1,369.289,409.139,366.262,-1,368.938,809.094,-1,-1,813.078,-1,-1,-1,2,0,2,0,2,0,0,0,2,0,0,2,2,0,2,2,2
373,-173.719,3908.604,146.553,110.092,-0.342485,-0.924193,-0.169029,0.936302,-0.320856,-0.142796,0.077737,-0.207168,0.975212,0,0.40748,-0.87591,17.453,-0.567,-1,457.824,-1,558.758,-1,382.713,410.308,387.620,1000.675,390.481,296.474,1003.553,-1,901.803,-1,-1,-1,2,0,2,0,2,0,0,0,0,0,0,0,2,0,2,2,2
374,-175.404,3926.176,145.710,109.621,-0.334585,-0.930310,-0.150254,0.938519,-0.314566,-0.142232,0.085055,-0.188605,0.978363,0,0.40728,-0.87656,17.652,-0.470,-1,475.613,-1,552.646,13.289,395.648,411.383,407.297,857.191,408.982,309.485,908.648,-1,-1,-1,-1,32.069,2,0,2,0,1,0,0,0,0,0,0,0,2,2,2,2,1
375,-177.363,3943.980,144.424,109.284,-0.328696,-0.934751,-0.134905,0.939427,-0.308909,-0.148499,0.097136,-0.175544,0.979668,0,0.40670,-0.87836,17.911,-0.337,-1,498.086,-1,570.352,13.551,409.677,421.182,420.231,771.705,418.265,318.255,628.865,-1,-1,-1,-1,33.230,2,0,2,0,1,0,0,0,0,0,0,0,2,2,2,2,1
376,-180.102,3961.803,142.973,109.110,-0.325229,-0.937739,-0.121951,0.938656,-0.304495,-0.161886,0.114673,-0.167120,0.979245,0,0.40562,-0.88175,18.032,-0.174,-1,533.203,-1,617.507,14.083,433.292,443.825,429.267,715.992,417.570,322.816,282.792,-1,-1,-1,-1,26.470,2,0,2,0,1,0,0,0,0,0,0,0,2,2,2,2,1
377,-184.057,3979.183,141.753,109.158,-0.325113,-0.939312,-0.109524,0.935782,-0.302838,-0.180559,0.136433,-0.161193,0.977447,0,0.40393,-0.88707,17.824,0.048,-1,587.969,-1,709.169,14.788,469.092,483.168,437.453,680.670,409.712,324.278,283.223,-1,-1,-1,-1,23.778,2,0,2,0,1,0,0,0,0,0,0,0,2,2,2,2,1
378,-189.223,3996.002,141.186,109.443,-0.328704,-0.939317,-0.098169,0.931155,-0.304958,-0.199879,0.157812,-0.157112,0.974890,0,0.34894,-0.18813,17.594,0.285,-1,655.121,-1,843.916,14.150,515.336,530.792,444.698,656.341,402.215,325.671,284.117,-1,-1,-1,-1,26.072,2,0,2,0,1,0,0,0,0,0,0,0,2,2,2,2,1
379,-194.749,4011.995,141.817,109.688,-0.331879,-0.938720,-0.093069,0.927533,-0.306757,-0.213502,0.171869,-0.157181,0.972499,0,0.34608,-0.19846,16.921,0.244,-1,723.415,-1,973.706,14.055,550.887,579.102,448.957,661.710,397.879,331.836,290.382,-1,-1,-1,-1,26.658,2,0,2,0,1,0,0,0,0,0,0,0,2,2,2,2,1
380,-200.304,4026.868,143.981,109.781,-0.332953,-0.938023,-0.096207,0.925750,-0.305781,-0.222452,0.179247,-0.163129,0.970185,0,0.34338,-0.20000,15.877,0.094,-1,762.311,-1,-1,13.974,582.045,616.083,447.259,711.477,394.852,342.639,301.885,-1,-1,-1,-1,27.242,2,0,2,2,1,0,0,0,0,0,0,0,2,2,2,2,1
381,-205.954,4041.082,147.295,109.765,-0.332387,-0.937211,-0.105613,0.925037,-0.302119,-0.230282,0.183916,-0.174238,0.967376,0,0.34120,-0.20000,15.295,-0.017,-1,792.386,-1,-1,14.045,609.247,659.663,442.073,805.062,393.370,355.795,316.239,-1,-1,-1,-1,26.723,2,0,2,2,1,0,0,0,0,0,0,0,2,2,2,2,1
382,-211.854,4054.753,151.208,109.733,-0.331661,-0.936099,-0.117132,0.924609,-0.297884,-0.237409,0.187347,-0.187040,0.964322,0,0.33937,-0.20000,14.890,-0.031,-1,815.507,-1,-1,14.281,635.339,704.385,436.191,924.207,396.832,369.467,331.756,-1,-1,-1,-1,25.402,2,0,2,2,1,0,0,0,0,0,0,0,2,2,2,2,1
383,-218.233,4067.937,155.210,109.792,-0.332497,-0.934535,-0.126844,0.923972,-0.295838,-0.242396,0.189002,-0.197796,0.961850,0,0.33762,-0.20000,14.646,0.058,-1,833.619,-1,-1,14.272,664.853,744.340,432.255,-1,393.320,383.871,347.814,-1,-1,-1,-1,25.449,2,0,2,2,1,0,0,0,2,0,0,0,2,2,2,2,1
384,-224.850,4080.499,159.256,109.921,-0.334497,-0.932387,-0.136988,0.922963,-0.294752,-0.247507,0.190395,-0.209225,0.959153,0,0.33563,-0.20000,14.198,0.130,-1,848.188,-1,-1,14.028,695.394,788.020,427.736,-1,389.449,397.804,363.490,-1,-1,-1,-1,26.847,2,0,2,2,1,0,0,0,2,0,0,0,2,2,2,2,1
385,-231.412,4092.618,163.443,110.051,-0.336513,-0.929919,-0.148357,0.922024,-0.293354,-0.252615,0.191390,-0.221797,0.956125,0,0.33349,-0.20000,13.782,0.129,-1,860.636,-1,-1,13.608,725.720,831.341,422.498,-1,385.082,411.668,379.219,-1,-1,-1,-1,31.910,2,0,2,2,1,0,0,0,2,0,0,0,2,2,2,2,1
386,-237.627,4104.524,167.671,110.081,-0.336961,-0.927593,-0.161330,0.921750,-0.290078,-0.257356,0.191924,-0.235425,0.952754,0,0.33141,-0.20000,13.431,0.030,-1,867.115,-1,-1,13.270,755.451,874.357,416.647,-1,380.171,425.799,395.369,-1,-1,-1,-1,38.106,2,0,2,2,1,0,0,0,2,0,0,0,2,2,2,2,1
387,-243.207,4116.389,171.467,109.932,-0.334629,-0.925777,-0.175955,0.922814,-0.284107,-0.260187,0.190886,-0.249440,0.949391,0,0.32964,-0.20000,13.111,-0.149,-1,858.162,-1,-1,-1,771.761,901.648,408.290,-1,377.421,440.785,412.495,-1,-1,-1,-1,-1,2,0,2,2,2,0,0,0,2,0,0,0,2,2,2,2,2
388,-248.490,4128.229,174.454,109.697,-0.331060,-0.924240,-0.190210,0.924749,-0.277682,-0.260255,0.187720,-0.262056,0.946619,0,0.32841,-0.20000,12.966,-0.234,-1,833.989,-1,-1,-1,769.771,907.664,399.716,-1,377.118,456.659,430.415,-1,-1,-1,-1,-1,2,0,2,2,2,0,0,0,2,0,0,0,2,2,2,2,2
389,-254.466,4142.482,176.920,109.359,-0.325949,-0.922482,-0.206843,0.927703,-0.269982,-0.257831,0.182000,-0.275928,0.943790,0,0.32744,-0.20000,15.455,-0.338,15.055,792.220,-1,-1,-1,749.715,894.129,388.551,-1,376.872,476.214,452.359,-1,-1,-1,23.270,-1,1,0,2,2,2,0,0,0,2,0,0,0,2,2,2,1,2
390,-258.273,4151.780,178.241,109.188,-0.323301,-0.921888,-0.213539,0.929025,-0.266297,-0.256901,0.179970,-0.281439,0.942551,0,0.32644,-0.20000,10.048,-0.171,15.135,780.925,-1,-1,-1,746.546,893.528,382.042,-1,377.007,487.654,464.905,-1,-1,-1,23.147,-1,1,0,2,2,2,0,0,0,2,0,0,0,2,2,2,1,2
391,-262.447,4162.966,180.128,109.100,-0.321685,-0.922372,-0.213891,0.928995,-0.263803,-0.259569,0.182994,-0.282203,0.941740,0,0.32565,-0.20000,11.939,-0.088,15.336,807.740,-1,-1,-1,777.982,927.752,379.313,-1,378.623,497.706,475.341,-1,-1,-1,22.890,-1,1,0,2,2,2,0,0,0,2,0,0,0,2,2,2,1,2
392,-265.669,4173.953,182.453,109.056,-0.320361,-0.924417,-0.206936,0.927463,-0.261613,-0.267152,0.192823,-0.277510,0.941173,0,0.32440,-0.20000,11.449,-0.044,15.330,883.682,-1,-1,-1,858.684,1004.374,381.535,-1,380.026,495.927,480.173,-1,-1,-1,22.896,-1,1,0,2,2,2,0,0,0,2,0,0,0,2,2,2,1,2
393,-268.369,4184.901,184.877,109.067,-0.319478,-0.927719,-0.193056,0.924343,-0.260248,-0.279037,0.208625,-0.267596,0.940674,0,0.32310,-0.20000,11.277,0.011,15.460,1001.529,-1,-1,-1,989.831,-1,388.090,-1,382.036,471.848,480.165,-1,-1,-1,22.759,-1,1,0,2,2,2,0,2,0,2,0,0,0,2,2,2,1,2
394,-270.516,4195.819,187.152,109.072,-0.318106,-0.931738,-0.175135,0.920099,-0.258882,-0.293935,0.228531,-0.254644,0.939643,0,0.32167,-0.20000,11.127,0.005,15.628,-1,-1,-1,-1,-1,-1,397.148,-1,382.834,437.377,477.072,-1,-1,-1,22.611,-1,1,2,2,2,2,2,2,0,2,0,0,0,2,2,2,1,2
395,-272.043,4206.700,189.062,109.084,-0.316598,-0.935732,-0.155468,0.915117,-0.258169,-0.309693,0.249653,-0.240320,0.938040,0,0.24488,-0.71399,10.988,0.012,15.807,-1,-1,-1,-1,-1,-1,406.883,-1,383.066,399.360,455.597,-1,-1,-1,22.485,-1,1,2,2,2,2,2,2,0,2,0,0,0,2,2,2,1,2
396,-273.301,4217.515,190.321,109.174,-0.316255,-0.939155,-0.134056,0.909479,-0.259948,-0.324462,0.269872,-0.224534,0.936351,0,0.24383,-0.71399,10.888,0.090,16.829,-1,-1,-1,-1,-1,-1,413.896,-1,384.300,357.841,410.218,-1,-1,-1,22.182,-1,1,2,2,2,2,2,2,0,2,0,0,0,2,2,2,1,2
397,-274.253,4228.217,190.781,109.237,-0.315542,-0.942249,-0.112251,0.904239,-0.262707,-0.336656,0.287725,-0.207731,0.934913,0,0.24263,-0.71399,10.744,0.063,-1,-1,-1,-1,-1,-1,-1,424.254,1004.669,387.241,327.121,368.451,-1,-1,-1,-1,-1,2,2,2,2,2,2,2,0,1,0,0,0,2,2,2,2,2
398,-275.037,4238.536,190.830,109.238,-0.314327,-0.944652,-0.093977,0.900689,-0.265485,-0.343914,0.299930,-0.192745,0.934287,0,0.24150,-0.71399,10.348,0.001,-1,-1,-1,-1,-1,-1,-1,432.844,1000.526,393.042,303.706,336.198,1005.117,-1,-1,-1,-1,2,2,2,2,2,2,2,0,1,0,0,0,0,2,2,2,2
399,-275.722,4248.027,190.962,109.067,-0.311339,-0.946532,-0.084533,0.900749,-0.265586,-0.343679,0.302852,-0.183144,0.935275,0,0.24054,-0.71399,9.516,-0.171,-1,-1,-1,-1,-1,-1,-1,435.553,997.119,402.802,301.089,327.539,863.637,-1,-1,-1,-1,2,2,2,2,2,2,2,0,1,0,0,0,0,2,2,2,2
400,-276.353,4256.794,191.073,108.712,-0.306278,-0.948184,-0.084503,0.904251,-0.262041,-0.337142,0.297530,-0.179671,0.937654,0,0.24002,-0.71399,8.789,-0.356,-1,-1,-1,-1,-1,-1,-1,430.668,994.347,414.783,314.013,340.074,886.371,-1,-1,-1,-1,2,2,2,2,2,2,2,0,1,0,0,0,0,2,2,2,2
401,-276.912,4265.117,190.835,108.215,-0.299464,-0.949612,-0.092508,0.910006,-0.255139,-0.326793,0.286724,-0.182046,0.940558,0,0.23995,-0.71399,8.342,-0.496,-1,-1,-1,-1,-1,-1,-1,418.133,992.064,425.118,337.297,367.917,-1,-1,-1,-1,-1,2,2,2,2,2,2,2,0,1,0,0,0,2,2,2,2,2
402,-277.539,4273.237,190.072,107.642,-0.291530,-0.950786,-0.104956,0.916704,-0.246353,-0.314584,0.273246,-0.187925,0.943409,0,0.24022,-0.71399,8.144,-0.574,17.096,-1,-1,-1,-1,-1,-1,400.916,990.271,432.569,367.636,403.733,-1,-1,-1,22.181,-1,1,2,2,2,2,2,2,0,1,0,0,0,2,2,2,1,2
403,-278.608,4281.490,189.087,107.119,-0.284126,-0.951818,-0.115391,0.922451,-0.238553,-0.303607,0.261452,-0.192706,0.945784,0,0.24067,-0.71399,8.322,-0.522,16.837,-1,-1,-1,-1,-1,-1,387.797,988.889,440.437,392.573,433.970,-1,-1,-1,22.181,-1,1,2,2,2,2,2,2,0,1,0,0,0,2,2,2,1,2
404,-279.944,4290.000,188.154,106.667,-0.277462,-0.952917,-0.122324,0.926750,-0.231903,-0.295560,0.253277,-0.195371,0.947460,0,0.24097,-0.71399,8.614,-0.452,16.551,-1,-1,-1,-1,-1,-1,377.367,987.571,447.076,411.097,456.356,-1,-1,-1,22.210,-1,1,2,2,2,2,2,2,0,1,0,0,0,2,2,2,1,2
405,-281.265,4298.757,187.584,106.265,-0.271230,-0.954264,-0.125758,0.929625,-0.225853,-0.291182,0.249462,-0.195885,0.948366,0,0.24109,-0.71399,8.856,-0.402,16.367,-1,-1,-1,-1,-1,-1,366.097,986.036,452.055,421.053,468.151,-1,-1,-1,22.248,-1,1,2,2,2,2,2,2,0,1,0,0,0,2,2,2,1,2
406,-282.577,4307.694,187.540,105.916,-0.265571,-0.955765,-0.126432,0.931321,-0.220427,-0.289921,0.249227,-0.194743,0.948663,0,0.24109,-0.71399,9.033,-0.349,16.027,-1,-1,-1,-1,-1,-1,355.004,984.316,455.019,424.018,471.128,-1,-1,-1,22.367,-1,1,2,2,2,2,2,2,0,1,0,0,0,2,2,2,1,2
407,-283.872,4316.691,188.092,105.605,-0.260386,-0.957263,-0.125886,0.932287,-0.215376,-0.290611,0.251078,-0.193033,0.948524,0,0.24095,-0.71399,9.089,-0.311,15.880,-1,-1,-1,-1,-1,-1,345.296,982.528,457.482,423.659,469.881,-1,-1,-1,22.441,-1,1,2,2,2,2,2,2,0,1,0,0,0,2,2,2,1,2
408,-285.035,4325.577,189.265,105.300,-0.255272,-0.958619,-0.126039,0.933112,-0.210112,-0.291815,0.253257,-0.192100,0.948134,0,0.24072,-0.71399,8.962,-0.305,15.849,-1,-1,-1,-1,-1,-1,346.739,980.768,459.956,424.271,469.999,-1,-1,-1,22.459,-1,1,2,2,2,2,2,2,0,1,0,0,0,2,2,2,1,2
409,-286.160,4334.169,190.993,105.015,-0.250519,-0.959744,-0.127012,0.933979,-0.205068,-0.292627,0.254801,-0.191935,0.947754,0,0.24049,-0.71399,8.665,-0.285,15.948,-1,-1,-1,-1,-1,-1,352.350,979.158,463.430,427.067,473.934,-1,-1,-1,22.405,-1,1,2,2,2,2,2,2,0,1,0,0,0,2,2,2,1,2
410,-287.247,4342.519,193.152,104.710,-0.245446,-0.960689,-0.129740,0.934944,-0.199220,-0.293584,0.256196,-0.193359,0.947088,0,0.24024,-0.71399,8.420,-0.305,15.918,-1,-1,-1,-1,-1,-1,356.297,977.823,466.004,431.504,480.261,-1,-1,-1,22.420,-1,1,2,2,2,2,2,2,0,1,0,0,0,2,2,2,1,2
411,-288.371,4350.699,195.529,104.383,-0.240009,-0.961427,-0.134365,0.935931,-0.192420,-0.294970,0.257738,-0.196552,0.946012,0,0.24006,-0.71399,8.257,-0.327,15.891,-1,-1,-1,-1,-1,-1,357.609,976.846,467.867,436.671,487.428,-1,-1,-1,22.435,-1,1,2,2,2,2,2,2,0,1,0,0,0,2,2,2,1,2
412,-289.512,4358.768,197.927,104.047,-0.234394,-0.961935,-0.140504,0.936826,-0.184905,-0.296928,0.259646,-0.201226,0.944506,0,0.23994,-0.71399,8.150,-0.336,16.239,-1,-1,-1,-1,-1,-1,356.269,976.167,467.627,440.578,493.918,-1,-1,-1,22.285,-1,1,2,2,2,2,2,2,0,1,0,0,0,2,2,2,1,2
413,-290.546,4366.812,200.208,103.696,-0.228444,-0.962336,-0.147383,0.937425,-0.176570,-0.300097,0.262770,-0.206716,0.942454,0,0.23985,-0.71399,8.110,-0.351,16.563,-1,-1,-1,-1,-1,-1,353.196,975.629,464.888,438.685,496.604,-1,-1,-1,22.208,-1,1,2,2,2,2,2,2,0,1,0,0,0,2,2,2,1,2
414,-291.465,4374.809,202.341,103.355,-0.222576,-0.962816,-0.153122,0.937515,-0.168295,-0.304536,0.267442,-0.211336,0.940113,0,0.23979,-0.71399,8.049,-0.340,16.604,-1,-1,-1,-1,-1,-1,351.236,975.001,461.175,431.819,492.161,-1,-1,-1,22.202,-1,1,2,2,2,2,2,2,0,1,0,0,0,2,2,2,1,2
415,-292.220,4382.693,204.322,103.002,-0.216465,-0.963484,-0.157611,0.937474,-0.160062,-0.309067,0.272554,-0.214658,0.937889,0,0.23971,-0.71399,7.920,-0.354,16.616,-1,-1,-1,-1,-1,-1,350.655,974.230,458.199,423.736,486.411,-1,-1,-1,22.201,-1,1,2,2,2,2,2,2,0,1,0,0,0,2,2,2,1,2
416,-292.762,4390.275,206.192,102.604,-0.209711,-0.964256,-0.161960,0.937858,-0.151534,-0.312186,0.276485,-0.217364,0.936114,0,0.23968,-0.71399,7.602,-0.398,16.654,-1,-1,-1,-1,-1,-1,348.933,973.475,455.363,419.165,481.914,-1,-1,-1,22.196,-1,1,2,2,2,2,2,2,0,1,0,0,0,2,2,2,1,2
417,-293.167,4397.479,207.984,102.165,-0.202394,-0.965091,-0.166243,0.938899,-0.142969,-0.313095,0.278397,-0.219454,0.935059,0,0.23977,-0.71399,7.215,-0.440,16.668,-1,-1,-1,-1,-1,-1,346.546,972.818,455.614,420.421,484.297,-1,-1,-1,22.194,-1,1,2,2,2,2,2,2,0,1,0,0,0,2,2,2,1,2
418,-293.419,4404.461,209.813,101.703,-0.194810,-0.965905,-0.170517,0.940478,-0.134590,-0.312068,0.278478,-0.221161,0.934632,0,0.54855,-1.00000,6.986,-0.462,16.700,-1,-1,-1,-1,-1,-1,344.656,972.169,459.264,427.186,493.229,-1,-1,-1,22.191,-1,1,2,2,2,2,2,2,0,1,0,0,0,2,2,2,1,2
419,-293.557,4411.552,211.740,101.213,-0.186781,-0.966699,-0.174946,0.942230,-0.125877,-0.310416,0.278057,-0.222819,0.934364,0,0.54922,-1.00000,7.093,-0.490,16.701,-1,-1,-1,-1,-1,-1,342.889,971.538,463.847,436.094,504.512,-1,-1,-1,22.191,-1,1,2,2,2,2,2,2,0,1,0,0,0,2,2,2,1,2
420,-293.644,4418.787,213.720,100.708,-0.178501,-0.967445,-0.179409,0.943950,-0.116921,-0.308686,0.277660,-0.224454,0.934091,0,0.55000,-1.00000,7.235,-0.504,16.858,-1,-1,-1,-1,-1,-1,341.180,970.952,466.801,445.502,516.080,-1,-1,-1,22.180,-1,1,2,2,2,2,2,2,0,1,0,0,0,2,2,2,1,2
421,-293.405,4426.042,215.790,100.123,-0.168853,-0.968155,-0.184835,0.945770,-0.106350,-0.306934,0.277503,-0.226638,0.933610,0,0.55081,-1.00000,7.260,-0.586,17.628,-1,-1,-1,-1,-1,-1,338.576,970.555,469.001,454.799,527.339,-1,-1,-1,22.241,-1,1,2,2,2,2,2,2,0,1,0,0,0,2,2,2,1,2
422,-292.825,4433.374,217.903,99.450,-0.157727,-0.968796,-0.191196,0.947642,-0.094057,-0.305168,0.277662,-0.229318,0.932908,0,0.55203,-1.00000,7.354,-0.673,17.769,-1,-1,-1,-1,-1,-1,335.030,970.395,470.395,463.688,537.282,-1,-1,-1,22.268,-1,1,2,2,2,2,2,2,0,1,0,0,0,2,2,2,1,2
423,-292.086,4440.887,220.020,98.750,-0.146130,-0.969301,-0.197740,0.949381,-0.081223,-0.303446,0.278069,-0.232073,0.932105,0,0.55366,-1.00000,7.550,-0.699,17.722,-1,-1,-1,-1,-1,-1,331.239,970.343,471.520,472.102,546.682,-1,-1,-1,22.258,-1,1,2,2,2,2,2,2,0,1,0,0,0,2,2,2,1,2
424,-290.986,4448.463,222.126,97.995,-0.133588,-0.969572,-0.205143,0.951179,-0.067325,-0.301206,0.278230,-0.235365,0.931231,0,0.55539,-1.00000,7.655,-0.756,18.568,-1,-1,-1,-1,-1,-1,326.396,-1,473.496,481.147,557.043,-1,-1,-1,22.489,-1,1,2,2,2,2,2,2,0,2,0,0,0,2,2,2,1,2
425,-289.612,4456.090,224.236,97.206,-0.120488,-0.969781,-0.212148,0.952991,-0.053146,-0.298302,0.278013,-0.238117,0.930596,0,0.55738,-1.00000,7.750,-0.789,18.410,-1,-1,-1,-1,-1,-1,322.129,-1,476.790,491.458,568.606,-1,-1,-1,22.437,-1,1,2,2,2,2,2,2,0,2,0,0,0,2,2,2,1,2
426,-288.111,4463.817,226.412,96.429,-0.107563,-0.970130,-0.217433,0.954567,-0.039642,-0.295349,0.277908,-0.239323,0.930318,0,0.55953,-1.00000,7.871,-0.777,18.291,-1,-1,-1,-1,-1,-1,320.034,-1,481.083,502.113,579.823,-1,-1,-1,22.401,-1,1,2,2,2,2,2,2,0,2,0,0,0,2,2,2,1,2
427,-286.442,4471.591,228.675,95.656,-0.094697,-0.970680,-0.220936,0.956138,-0.026889,-0.291681,0.277188,-0.238866,0.930650,0,0.56160,-1.00000,7.951,-0.773,18.187,-1,-1,-1,-1,-1,-1,320.179,-1,487.168,515.159,592.993,-1,-1,-1,22.371,-1,1,2,2,2,2,2,2,0,2,0,0,0,2,2,2,1,2
428,-284.592,4479.481,230.957,94.882,-0.081801,-0.971392,-0.222947,0.957693,-0.014681,-0.287419,0.275923,-0.237026,0.931496,0,0.56364,-1.00000,8.104,-0.774,18.124,-1,-1,-1,-1,-1,-1,321.999,-1,495.730,527.951,607.855,-1,-1,-1,22.353,-1,1,2,2,2,2,2,2,0,2,0,0,0,2,2,2,1,2
429,-282.539,4487.538,233.155,94.102,-0.068794,-0.972180,-0.223904,0.959154,-0.002723,-0.282871,0.274391,-0.234219,0.932658,0,0.56565,-1.00000,8.314,-0.780,18.117,-1,-1,-1,-1,-1,-1,324.713,-1,505.780,541.383,623.364,-1,-1,-1,22.352,-1,1,2,2,2,2,2,2,0,2,0,0,0,2,2,2,1,2
430,-280.237,4495.743,235.204,93.307,-0.055500,-0.973002,-0.224024,0.960524,0.009229,-0.278043,0.272604,-0.230612,0.934080,0,0.56765,-1.00000,8.522,-0.796,18.188,-1,-1,-1,-1,-1,-1,327.937,-1,517.038,555.457,637.218,-1,-1,-1,22.371,-1,1,2,2,2,2,2,2,0,2,0,0,0,2,2,2,1,2
431,-277.599,4504.031,237.086,92.480,-0.041663,-0.973799,-0.223560,0.961794,0.021509,-0.272930,0.270587,-0.226389,0.935698,0,0.56970,-1.00000,8.698,-0.827,18.269,-1,-1,-1,-1,-1,-1,331.424,-1,529.245,570.034,650.964,-1,-1,-1,22.394,-1,1,2,2,2,2,2,2,0,2,0,0,0,2,2,2,1,2
432,-274.662,4512.399,238.739,91.598,-0.026861,-0.974499,-0.222777,0.963028,0.034534,-0.267179,0.268059,-0.221717,0.937542,0,0.57188,-1.00000,8.868,-0.883,18.286,-1,-1,-1,-1,-1,-1,334.724,-1,534.115,585.781,665.884,-1,-1,-1,22.400,-1,1,2,2,2,2,2,2,0,2,0,0,0,2,2,2,1,2
433,-271.583,4520.962,240.112,90.691,-0.011633,-0.975060,-0.221635,0.964265,0.047732,-0.260604,0.264684,-0.216746,0.939661,0,0.57431,-1.00000,9.100,-0.907,9.362,-1,-1,-1,-1,-1,-1,337.550,963.315,538.006,603.665,683.154,-1,-1,-1,22.369,-1,1,2,2,2,2,2,2,0,1,0,0,0,2,2,2,1,2
434,-268.417,4529.496,241.263,89.806,0.003264,-0.975641,-0.219348,0.965892,0.059872,-0.251930,0.258926,-0.211044,0.942559,0,0.57680,-1.00000,9.102,-0.885,9.711,-1,-1,-1,-1,-1,-1,340.785,-1,544.346,627.004,708.978,-1,-1,-1,22.342,-1,1,2,2,2,2,2,2,0,2,0,0,0,2,2,2,1,2
435,-265.347,4537.592,242.352,88.965,0.017497,-0.976911,-0.212929,0.968474,0.069489,-0.239228,0.248501,-0.202030,0.947329,0,0.57919,-1.00000,8.659,-0.841,17.946,-1,-1,-1,-1,-1,-1,348.517,-1,558.482,664.617,749.145,-1,-1,-1,22.308,-1,1,2,2,2,2,2,2,0,2,0,0,0,2,2,2,1,2
436,-262.304,4545.433,243.441,88.164,0.031153,-0.978759,-0.202632,0.971608,0.077226,-0.223640,0.234538,-0.189912,0.953376,0,0.58145,-1.00000,8.410,-0.801,17.759,-1,-1,-1,-1,-1,-1,360.930,-1,579.443,716.720,799.416,-1,-1,-1,22.266,-1,1,2,2,2,2,2,2,0,2,0,0,0,2,2,2,1,2
437,-259.212,4553.188,244.528,87.414,0.044035,-0.980932,-0.189299,0.974857,0.083621,-0.206545,0.218436,-0.175444,0.959951,0,0.58356,-1.00000,8.349,-0.750,17.520,-1,-1,-1,-1,-1,-1,377.483,-1,605.168,781.052,862.012,-1,-1,-1,22.223,-1,1,2,2,2,2,2,2,0,2,0,0,0,2,2,2,1,2
438,-256.111,4561.021,245.583,86.698,0.056412,-0.983216,-0.173508,0.977878,0.089472,-0.189074,0.201425,-0.159003,0.966512,0,0.58543,-1.00000,8.424,-0.715,17.205,-1,-1,-1,-1,938.822,985.900,398.100,-1,634.815,850.001,912.801,-1,-1,-1,22.187,-1,1,2,2,2,2,0,0,0,2,0,0,0,2,2,2,1,2
439,-252.889,4569.003,246.656,86.021,0.068199,-0.985246,-0.156968,0.980539,0.095225,-0.171685,0.184100,-0.142205,0.972566,0,0.58710,-1.00000,8.608,-0.677,16.895,-1,-1,-1,-1,861.974,893.157,421.616,-1,733.506,908.434,968.304,-1,-1,-1,22.179,-1,1,2,2,2,2,0,0,0,2,0,0,0,2,2,2,1,2
440,-249.582,4577.251,247.786,85.387,0.079297,-0.986901,-0.140491,0.982741,0.101023,-0.154969,0.167131,-0.125778,0.977879,0,0.58855,-1.00000,8.886,-0.635,16.929,-1,-1,-1,-1,798.722,815.286,446.859,-1,844.969,963.384,-1,-1,-1,-1,22.178,-1,1,2,2,2,2,0,0,0,2,0,0,2,2,2,2,1,2
441,-246.183,4585.886,249.025,84.796,0.089665,-0.988133,-0.124710,0.984441,0.106928,-0.139439,0.151119,-0.110267,0.982346,0,0.58971,-1.00000,9.280,-0.591,16.988,968.178,-1,-1,-1,744.540,751.126,472.691,961.481,950.238,-1,-1,-1,-1,-1,22.178,-1,1,0,2,2,2,0,0,0,0,0,2,2,2,2,2,1,2
442,-242.719,4594.783,250.304,84.248,0.099305,-0.988989,-0.109723,0.985779,0.112803,-0.124560,0.135566,-0.095793,0.986127,0,0.34535,-0.35195,9.547,-0.548,17.019,920.897,-1,-1,-1,697.777,696.821,498.529,890.507,-1,-1,-1,-1,-1,-1,22.179,-1,1,0,2,2,2,0,0,0,0,2,2,2,2,2,2,1,2
443,-239.186,4603.771,251.677,83.747,0.108124,-0.989537,-0.095532,0.986728,0.118532,-0.110986,0.121148,-0.082264,0.989220,0,0.34568,-0.35195,9.657,-0.501,17.089,880.198,-1,-1,15.829,658.590,652.428,524.531,831.120,-1,-1,-1,-1,-1,-1,22.180,23.063,1,0,2,2,1,0,0,0,0,2,2,2,2,2,2,1,1
444,-235.556,4612.978,253.526,83.292,0.116097,-0.989668,-0.084135,0.987044,0.124404,-0.101330,0.110750,-0.071281,0.991289,0,0.34585,-0.35195,9.897,-0.455,17.148,853.698,-1,-1,16.152,633.942,625.411,548.241,791.091,-1,-1,-1,-1,-1,-1,22.183,34.337,1,0,2,2,1,0,0,0,0,2,2,2,2,2,2,1,1
445,-232.056,4622.277,255.816,82.892,0.123075,-0.989624,-0.074136,0.986995,0.129847,-0.094769,0.103412,-0.061509,0.992735,0,0.34585,-0.35195,9.936,-0.400,16.868,840.000,-1,992.665,14.913,619.826,609.967,572.463,759.025,-1,-1,-1,-1,-1,-1,22.180,38.934,1,0,2,0,1,0,0,0,0,2,2,2,2,2,2,1,1
446,-228.667,4631.592,258.408,82.524,0.129484,-0.989402,-0.065712,0.986707,0.135127,-0.090277,0.098199,-0.053149,0.993747,0,0.34567,-0.35195,9.912,-0.368,9.444,833.928,-1,965.263,14.553,612.286,602.076,597.212,736.246,-1,-1,-1,-1,-1,-1,22.186,40.916,1,0,2,0,1,0,0,0,0,2,2,2,2,2,2,1,1
447,-225.325,4640.955,261.121,82.168,0.135651,-0.988960,-0.059645,0.986211,0.140544,-0.087374,0.094792,-0.046970,0.994388,0,0.34538,-0.35195,9.941,-0.356,-1,832.329,-1,952.321,14.375,609.278,600.017,619.471,723.708,-1,-1,-1,-1,-1,-1,-1,40.967,2,0,2,0,1,0,0,0,0,2,2,2,2,2,2,2,1
448,-222.138,4650.348,263.802,81.815,0.141761,-0.988319,-0.055935,0.985586,0.146187,-0.085147,0.092329,-0.043058,0.994797,0,0.34505,-0.35195,9.919,-0.353,-1,831.489,-1,947.980,14.257,609.032,600.891,635.643,719.857,-1,-1,-1,-1,-1,-1,-1,39.649,2,0,2,0,1,0,0,0,0,2,2,2,2,2,2,2,1
449,-219.077,4659.785,266.374,81.474,0.147650,-0.987465,-0.055790,0.984923,0.151943,-0.082705,0.090145,-0.042737,0.995011,0,0.34469,-0.35195,9.921,-0.341,-1,827.746,-1,950.442,14.179,608.473,603.013,640.633,728.521,-1,-1,-1,-1,-1,-1,-1,36.610,2,0,2,0,1,0,0,0,0,2,2,2,2,2,2,2,1
450,-216.185,4669.326,268.583,81.141,0.153406,-0.986397,-0.059053,0.984239,0.157844,-0.079744,0.087980,-0.045889,0.995065,0,0.34427,-0.35195,9.970,-0.333,-1,819.165,-1,957.152,14.119,606.275,604.924,633.675,748.493,-1,-1,-1,-1,-1,-1,-1,31.017,2,0,2,0,1,0,0,0,0,2,2,2,2,2,2,2,1
451,-213.457,4678.908,270.232,80.812,0.159107,-0.985119,-0.065008,0.983611,0.163831,-0.075287,0.084817,-0.051964,0.995041,0,0.34381,-0.35195,9.962,-0.329,-1,802.640,-1,961.603,14.144,599.639,603.356,616.238,777.542,-1,-1,-1,-1,-1,-1,-1,22.185,2,0,2,0,1,0,0,0,0,2,2,2,2,2,2,2,1
452,-210.836,4688.448,271.216,80.460,0.165205,-0.983556,-0.072966,0.983029,0.170196,-0.068470,0.079763,-0.060416,0.994981,0,0.34333,-0.35195,9.894,-0.351,-1,775.848,-1,958.505,-1,586.426,595.789,590.639,812.301,-1,-1,-1,-1,-1,-1,-1,-1,2,0,2,0,2,0,0,0,0,2,2,2,2,2,2,2,2
453,-208.365,4697.945,271.678,80.085,0.171733,-0.981752,-0.081677,0.982424,0.176825,-0.059798,0.073150,-0.069972,0.994863,0,0.34290,-0.35195,9.813,-0.376,9.350,741.302,-1,949.054,-1,568.499,583.475,562.681,850.658,-1,-1,-1,-1,-1,-1,22.202,-1,1,0,2,0,2,0,0,0,0,2,2,2,2,2,2,1,2
454,-205.929,4707.417,271.950,79.695,0.178501,-0.979837,-0.089755,0.981700,0.183503,-0.050907,0.066350,-0.079025,0.994662,0,0.34254,-0.35195,9.780,-0.390,16.660,708.183,-1,937.648,-1,550.409,570.520,536.956,888.955,-1,-1,-1,-1,-1,-1,22.195,-1,1,0,2,0,2,0,0,0,0,2,2,2,2,2,2,1,2
455,-203.251,4716.773,272.277,79.269,0.185860,-0.977839,-0.096367,0.980704,0.190663,-0.043210,0.060626,-0.086476,0.994408,0,0.28086,-0.50040,9.732,-0.426,16.618,681.929,-1,929.525,-1,535.480,560.280,516.554,921.954,-1,-1,-1,-1,-1,-1,22.201,-1,1,0,2,0,2,0,0,0,0,2,2,2,2,2,2,1,2
456,-199.697,4727.973,272.822,78.740,0.194947,-0.975583,-0.101160,0.979173,0.199547,-0.037443,0.056715,-0.091754,0.994165,0,0.28069,-0.50040,11.750,-0.529,16.499,662.150,-1,927.805,-1,524.951,554.564,503.886,947.658,-1,-1,-1,-1,-1,-1,22.220,-1,1,0,2,0,2,0,0,0,0,2,2,2,2,2,2,1,2
457,-197.125,4735.495,273.276,78.405,0.200669,-0.974304,-0.102294,0.978051,0.205225,-0.036041,0.056108,-0.092816,0.994101,0,0.28052,-0.50040,7.949,-0.335,16.426,657.159,-1,930.899,-1,522.782,554.945,501.501,954.516,-1,-1,-1,-1,-1,-1,22.234,-1,1,0,2,0,2,0,0,0,0,2,2,2,2,2,2,1,2
458,-193.650,4744.969,273.918,78.015,0.207317,-0.972962,-0.101806,0.976595,0.211932,-0.036707,0.057290,-0.091814,0.994127,0,0.28035,-0.50040,10.092,-0.391,16.329,658.821,-1,939.548,-1,524.680,561.023,504.070,952.901,-1,-1,-1,-1,-1,-1,22.258,-1,1,0,2,0,2,0,0,0,0,2,2,2,2,2,2,1,2
459,-189.907,4754.462,274.609,77.646,0.213566,-0.971828,-0.099699,0.975107,0.218283,-0.038959,0.059624,-0.088897,0.994255,0,0.28006,-0.50040,10.205,-0.369,16.212,665.880,-1,950.346,-1,529.442,571.099,511.156,942.911,-1,-1,-1,-1,-1,-1,22.294,-1,1,0,2,0,2,0,0,0,0,2,2,2,2,2,2,1,2
460,-185.995,4763.886,275.351,77.287,0.219653,-0.970791,-0.096530,0.973634,0.224382,-0.041095,0.061554,-0.084958,0.994481,0,0.27971,-0.50040,10.203,-0.359,16.092,673.299,-1,957.138,-1,533.734,580.187,520.765,928.695,-1,-1,-1,-1,-1,-1,22.338,-1,1,0,2,0,2,0,0,0,0,2,2,2,2,2,2,1,2
461,-182.030,4773.186,276.163,76.934,0.225637,-0.969767,-0.092954,0.972247,0.230212,-0.041701,0.061840,-0.080965,0.994797,0,0.27934,-0.50040,10.110,-0.353,15.946,676.342,-1,957.252,-1,534.827,584.984,530.712,914.614,-1,-1,-1,-1,-1,-1,22.405,-1,1,0,2,0,2,0,0,0,0,2,2,2,2,2,2,1,2
462,-178.105,4782.454,276.970,76.599,0.231333,-0.968807,-0.088874,0.970995,0.235596,-0.040775,0.060441,-0.076864,0.995208,0,0.27896,-0.50040,10.064,-0.335,15.807,674.731,-1,950.269,-1,533.190,585.218,540.591,900.166,-1,-1,-1,-1,-1,-1,22.484,-1,1,0,2,0,2,0,0,0,0,2,2,2,2,2,2,1,2
463,-174.231,4791.763,277.671,76.290,0.236608,-0.967929,-0.084441,0.969885,0.240465,-0.038733,0.057796,-0.072734,0.995675,0,0.27853,-0.50040,10.084,-0.309,15.676,669.413,-1,937.788,-1,530.195,582.031,550.061,884.910,-1,-1,-1,-1,-1,-1,22.574,-1,1,0,2,0,2,0,0,0,0,2,2,2,2,2,2,1,2
464,-170.367,4801.138,278.153,75.997,0.241615,-0.967046,-0.080279,0.968858,0.245032,-0.035701,0.054196,-0.069153,0.996133,0,0.27803,-0.50040,10.140,-0.293,15.783,660.380,-1,921.766,-1,524.508,576.109,558.620,871.077,-1,-1,-1,-1,-1,-1,22.500,-1,1,0,2,0,2,0,0,0,0,2,2,2,2,2,2,1,2
465,-166.408,4810.762,278.436,75.702,0.246645,-0.966078,-0.076542,0.967768,0.249684,-0.032918,0.050912,-0.065956,0.996523,0,0.57549,-0.39840,10.406,-0.295,15.752,651.363,-1,906.953,-1,519.003,570.602,565.792,858.518,-1,-1,-1,-1,-1,-1,22.521,-1,1,0,2,0,2,0,0,0,0,2,2,2,2,2,2,1,2
466,-162.271,4820.859,278.622,75.403,0.251725,-0.965028,-0.073184,0.966564,0.254503,-0.031338,0.048868,-0.062848,0.996826,0,0.57427,-0.39840,10.912,-0.299,15.624,645.376,-1,896.774,-1,515.901,567.806,572.684,846.655,-1,-1,-1,-1,-1,-1,22.614,-1,1,0,2,0,2,0,0,0,0,2,2,2,2,2,2,1,2
467,-157.991,4831.449,278.745,75.115,0.256591,-0.963975,-0.070094,0.965361,0.259160,-0.030252,0.047328,-0.059904,0.997082,0,0.57293,-0.39840,11.422,-0.287,15.553,640.466,-1,888.508,-1,513.671,565.997,579.129,835.593,-1,-1,-1,-1,-1,-1,22.673,-1,1,0,2,0,2,0,0,0,0,2,2,2,2,2,2,1,2
468,-153.581,4842.455,278.886,74.834,0.261336,-0.962915,-0.067069,0.964157,0.263712,-0.029277,0.045878,-0.057013,0.997319,0,0.57137,-0.39840,11.856,-0.281,15.679,635.810,-1,880.690,-1,511.677,564.447,585.598,825.086,-1,-1,-1,-1,-1,-1,22.572,-1,1,0,2,0,2,0,0,0,0,2,2,2,2,2,2,1,2
469,-148.963,4853.708,279.201,74.526,0.266541,-0.961697,-0.063987,0.962819,0.268707,-0.027878,0.044004,-0.054178,0.997561,0,0.56965,-0.39840,12.164,-0.308,15.652,630.289,-1,872.252,-1,509.293,562.623,591.811,815.571,-1,-1,-1,-1,-1,-1,22.593,-1,1,0,2,0,2,0,0,0,0,2,2,2,2,2,2,1,2
470,-144.143,4865.230,279.714,74.197,0.272098,-0.960328,-0.061095,0.961381,0.274026,-0.025616,0.041341,-0.051765,0.997803,0,0.56797,-0.39840,12.489,-0.329,15.685,623.759,-1,862.481,-1,505.784,559.840,597.151,808.309,-1,-1,-1,-1,-1,-1,22.568,-1,1,0,2,0,2,0,0,0,0,2,2,2,2,2,2,1,2
471,-139.100,4877.112,280.321,73.851,0.277936,-0.958824,-0.058386,0.959819,0.279646,-0.023347,0.038713,-0.049551,0.998021,0,0.56630,-0.39840,12.908,-0.346,15.755,617.742,-1,853.641,-1,502.609,557.596,603.283,801.910,-1,-1,-1,-1,-1,-1,22.518,-1,1,0,2,0,2,0,0,0,0,2,2,2,2,2,2,1,2
472,-133.801,4889.325,280.966,73.482,0.284134,-0.957161,-0.055776,0.958096,0.285654,-0.021320,0.036339,-0.047381,0.998216,0,0.56457,-0.39840,13.313,-0.369,15.824,612.388,-1,846.157,-1,500.090,556.433,609.536,795.994,-1,-1,-1,-1,-1,-1,22.474,-1,1,0,2,0,2,0,0,0,0,2,2,2,2,2,2,1,2
473,-128.260,4901.850,281.651,73.090,0.290707,-0.955332,-0.053204,0.956204,0.292055,-0.019451,0.034120,-0.045219,0.998394,0,0.56284,-0.39840,13.696,-0.392,15.871,607.461,-1,839.550,-1,498.028,556.022,615.930,790.400,-1,-1,-1,-1,-1,-1,22.446,-1,1,0,2,0,2,0,0,0,0,2,2,2,2,2,2,1,2
474,-122.506,4914.667,282.414,72.689,0.297405,-0.953426,-0.050292,0.954215,0.298590,-0.017798,0.031986,-0.042696,0.998576,0,0.56110,-0.39840,14.049,-0.401,16.010,603.226,-1,832.756,-1,496.420,556.013,623.584,783.975,-1,-1,-1,-1,-1,-1,22.375,-1,1,0,2,0,2,0,0,0,0,2,2,2,2,2,2,1,2
475,-116.360,4927.604,283.351,72.248,0.304762,-0.951241,-0.047536,0.951955,0.305804,-0.016268,0.030012,-0.040294,0.998737,0,0.55928,-0.39840,14.322,-0.441,16.368,599.895,-1,827.941,-1,495.603,557.203,631.314,779.455,-1,-1,-1,-1,-1,-1,22.248,-1,1,0,2,0,2,0,0,0,0,2,2,2,2,2,2,1,2
476,-109.851,4940.533,284.455,71.748,0.313072,-0.948640,-0.045471,0.949331,0.313969,-0.013939,0.027500,-0.038803,0.998868,0,0.55759,-0.39840,14.475,-0.500,16.104,594.804,-1,823.812,-1,495.742,557.870,636.160,778.594,-1,-1,-1,-1,-1,-1,22.334,-1,1,0,2,0,2,0,0,0,0,2,2,2,2,2,2,1,2
477,-103.146,4953.592,285.643,71.239,0.321514,-0.945923,-0.043108,0.946577,0.322267,-0.011635,0.024898,-0.037064,0.999003,0,0.46571,-1.00000,14.680,-0.509,16.165,589.933,-1,819.541,-1,496.718,558.208,642.964,777.183,-1,-1,-1,-1,-1,-1,22.310,-1,1,0,2,0,2,0,0,0,0,2,2,2,2,2,2,1,2
478,-96.173,4966.741,286.848,70.713,0.330222,-0.943026,-0.040676,0.943628,0.330860,-0.009911,0.022805,-0.035110,0.999123,0,0.46446,-1.00000,14.884,-0.527,16.247,586.504,-1,816.920,-1,498.825,559.750,650.465,775.213,-1,-1,-1,-1,-1,-1,22.282,-1,1,0,2,0,2,0,0,0,0,2,2,2,2,2,2,1,2
479,-88.880,4979.969,288.015,70.158,0.339341,-0.939855,-0.038989,0.940412,0.339917,-0.009022,0.021732,-0.033604,0.999199,0,0.46323,-1.00000,15.105,-0.554,16.334,587.125,-1,818.143,-1,502.957,563.624,656.749,772.666,-1,-1,-1,-1,-1,-1,22.257,-1,1,0,2,0,2,0,0,0,1,2,2,2,2,2,2,1,2
480,-81.282,4993.250,289.148,69.570,0.348981,-0.936353,-0.038145,0.936879,0.349540,-0.008905,0.021671,-0.032630,0.999233,0,0.46204,-1.00000,15.301,-0.588,16.438,591.021,-1,823.375,-1,509.150,569.913,661.558,764.902,-1,-1,-1,-1,-1,-1,22.232,-1,1,0,2,0,2,0,0,0,1,2,2,2,2,2,2,1,2
481,-73.344,5006.580,290.236,68.953,0.359047,-0.932539,-0.038151,0.933043,0.359636,-0.009658,0.022727,-0.032129,0.999225,0,0.46093,-1.00000,15.514,-0.617,16.565,597.249,-1,832.917,-1,517.649,577.751,665.155,756.902,-1,-1,-1,-1,-1,-1,22.208,-1,1,0,2,0,2,0,0,0,1,2,2,2,2,2,2,1,2
482,-65.078,5019.837,291.348,68.288,0.369822,-0.928296,-0.038699,0.928775,0.370477,-0.011130,0.024669,-0.031827,0.999189,0,0.45988,-1.00000,15.623,-0.664,16.741,605.715,-1,846.365,-1,528.386,587.880,667.891,749.071,-1,-1,-1,-1,-1,-1,22.187,-1,1,0,2,0,2,0,0,0,1,2,2,2,2,2,2,1,2
483,-56.344,5032.866,292.527,67.537,0.381954,-0.923310,-0.040125,0.923792,0.382694,-0.012429,0.026831,-0.032320,0.999117,0,0.45899,-1.00000,15.685,-0.752,16.843,614.382,-1,863.212,-1,540.495,599.584,668.330,742.005,-1,-1,-1,-1,-1,-1,22.181,-1,1,0,2,0,2,0,0,0,1,2,2,2,2,2,2,1,2
484,-47.323,5045.815,293.745,66.745,0.394666,-0.917893,-0.041366,0.918374,0.395483,-0.013530,0.028778,-0.032650,0.999052,0,0.45844,-1.00000,15.782,-0.792,16.836,622.746,-1,880.339,-1,551.495,610.796,669.177,735.279,-1,-1,-1,-1,-1,-1,22.181,-1,1,0,2,0,2,0,0,0,1,2,2,2,2,2,2,1,2
485,-38.052,5058.722,294.994,65.951,0.407330,-0.912314,-0.042015,0.912784,0.408195,-0.014230,0.030132,-0.032555,0.999016,0,0.45801,-1.00000,15.891,-0.793,16.826,631.664,-1,896.054,-1,561.599,620.419,671.093,728.366,-1,-1,-1,-1,-1,-1,22.182,-1,1,0,2,0,2,0,0,0,1,2,2,2,2,2,2,1,2
486,-28.498,5071.631,296.191,65.155,0.419949,-0.906550,-0.042543,0.907002,0.420860,-0.014943,0.031451,-0.032311,0.998983,0,0.45754,-1.00000,16.060,-0.796,16.817,641.608,-1,913.500,-1,571.765,628.858,672.746,721.103,-1,-1,-1,-1,-1,-1,22.182,-1,1,0,2,0,2,0,0,0,1,2,2,2,2,2,2,1,2
487,-18.608,5084.548,297.245,64.367,0.432366,-0.900678,-0.042873,0.901087,0.433335,-0.016224,0.033191,-0.031618,0.998949,0,0.45703,-1.00000,16.268,-0.788,16.825,652.801,-1,931.941,-1,582.754,637.522,672.755,713.181,-1,-1,-1,-1,-1,-1,22.182,-1,1,0,2,0,2,0,0,0,1,2,2,2,2,2,2,1,2
488,-8.437,5097.449,298.148,63.558,0.445009,-0.894503,-0.042782,0.894838,0.446032,-0.017911,0.035104,-0.030312,0.998924,0,0.45642,-1.00000,16.428,-0.809,16.849,664.787,-1,950.610,-1,592.510,646.488,673.768,705.152,-1,-1,-1,-1,-1,-1,22.181,-1,1,0,2,0,2,0,0,0,1,2,2,2,2,2,2,1,2
489,2.042,5110.242,298.970,62.733,0.457830,-0.888021,-0.042545,0.888287,0.458887,-0.019208,0.036580,-0.028998,0.998910,0,0.45584,-1.00000,16.537,-0.825,16.854,675.732,-1,969.635,-1,601.417,655.320,674.094,697.028,-1,-1,-1,-1,-1,-1,22.180,-1,1,0,2,0,2,0,0,0,1,2,2,2,2,2,2,1,2
490,12.809,5122.895,299.809,61.908,0.470555,-0.881372,-0.041963,0.881574,0.471618,-0.020070,0.037480,-0.027549,0.998918,0,0.45528,-1.00000,16.614,-0.825,16.863,684.585,-1,987.015,-1,609.190,663.070,673.195,688.562,-1,-1,-1,-1,-1,-1,22.180,-1,1,0,2,0,2,0,0,0,1,2,2,2,2,2,2,1,2
491,23.940,5135.388,300.592,61.065,0.483462,-0.874412,-0.040831,0.874524,0.484516,-0.021245,0.038360,-0.025437,0.998940,0,0.45469,-1.00000,16.732,-0.843,16.887,693.836,-1,1003.504,-1,616.435,669.786,673.042,679.905,-1,-1,-1,-1,-1,-1,22.179,-1,1,0,2,0,2,0,0,0,1,2,2,2,2,2,2,1,2
492,35.399,5147.794,301.123,60.198,0.496625,-0.867079,-0.039211,0.867101,0.497639,-0.022149,0.038718,-0.023000,0.998985,0,0.45413,-1.00000,16.888,-0.866,16.844,701.516,-1,-1,-1,621.403,675.059,671.131,671.183,-1,-1,-1,-1,-1,-1,22.181,-1,1,0,2,2,2,0,0,0,1,2,2,2,2,2,2,1,2
493,47.129,5160.183,301.293,59.324,0.509809,-0.859480,-0.037256,0.859439,0.510752,-0.022310,0.038204,-0.020645,0.999057,0,0.45361,-1.00000,17.062,-0.874,16.856,706.228,-1,-1,-1,623.296,677.791,667.713,662.177,-1,-1,-1,-1,-1,-1,22.181,-1,1,0,2,2,2,0,0,0,1,2,2,2,2,2,2,1,2
494,59.138,5172.475,301.165,58.447,0.522945,-0.851643,-0.035109,0.851595,0.523780,-0.020976,0.036253,-0.018929,0.999163,0,0.45305,-1.00000,17.184,-0.877,16.929,704.448,-1,-1,-1,622.462,676.920,661.517,652.882,-1,-1,-1,-1,-1,-1,22.178,-1,1,0,2,2,2,0,0,0,1,2,2,2,2,2,2,1,2
495,71.445,5184.670,300.750,57.553,0.536216,-0.843459,-0.032393,0.843425,0.536917,-0.018809,0.033257,-0.017236,0.999298,0,0.45245,-1.00000,17.326,-0.893,17.038,698.052,-1,-1,-1,619.041,673.779,653.084,643.455,-1,-1,-1,-1,-1,-1,22.179,-1,1,0,2,2,2,0,0,0,1,2,2,2,2,2,2,1,2
496,84.127,5196.674,300.096,56.629,0.549823,-0.834777,-0.029017,0.834759,0.550375,-0.016242,0.029528,-0.015292,0.999447,0,0.45186,-1.00000,17.462,-0.925,17.209,689.357,-1,-1,-1,613.956,669.776,643.320,634.083,-1,-1,-1,-1,-1,-1,22.187,-1,1,0,2,2,2,0,0,0,1,2,2,2,2,2,2,1,2
497,97.252,5208.360,299.285,55.655,0.563998,-0.825399,-0.024936,0.825388,0.564402,-0.013617,0.025313,-0.012902,0.999596,0,0.45135,-1.00000,17.574,-0.974,17.289,679.557,-1,-1,-1,607.575,664.914,633.952,625.081,-1,-1,-1,-1,-1,-1,22.194,-1,1,0,2,2,2,0,0,0,1,2,2,2,2,2,2,1,2
498,110.761,5219.764,298.436,54.659,0.578320,-0.815582,-0.019273,0.815546,0.578573,-0.011800,0.020775,-0.008894,0.999745,0,0.45100,-1.00000,17.679,-0.996,17.044,672.224,-1,1003.744,-1,600.725,659.311,628.639,615.963,-1,-1,-1,-1,-1,-1,22.179,-1,1,0,2,0,2,0,0,0,1,2,2,2,2,2,2,1,2
499,124.605,5231.058,297.463,53.679,0.592229,-0.805676,-0.012298,0.805615,0.592345,-0.010535,0.015773,-0.003668,0.999869,0,0.45070,-1.00000,17.866,-0.979,17.144,662.920,-1,987.379,-1,593.967,652.261,626.217,605.834,-1,-1,-1,-1,-1,-1,22.183,-1,1,0,2,0,2,0,0,0,1,2,2,2,2,2,2,1,2
