timestep,x_cm,y_cm,z_cm,yaw_deg,basis_xx,basis_xy,basis_xz,basis_yx,basis_yy,basis_yz,basis_zx,basis_zy,basis_zz,teleport_flag,throttle_cmd,steering_cmd,cmd_move_cm,cmd_turn_deg,lidar_cm_0,lidar_cm_1,lidar_cm_2,lidar_cm_3,lidar_cm_4,lidar_cm_5,lidar_cm_6,lidar_cm_7,lidar_cm_8,lidar_cm_9,lidar_cm_10,lidar_cm_11,lidar_cm_12,lidar_cm_13,lidar_cm_14,lidar_cm_15,lidar_cm_16,lidar_class_0,lidar_class_1,lidar_class_2,lidar_class_3,lidar_class_4,lidar_class_5,lidar_class_6,lidar_class_7,lidar_class_8,lidar_class_9,lidar_class_10,lidar_class_11,lidar_class_12,lidar_class_13,lidar_class_14,lidar_class_15,lidar_class_16
0,-334.549,200.975,-463.350,-99.829,-0.170653,0.984993,0.025801,-0.984987,-0.171227,0.021955,0.026044,-0.021667,0.999426,0,0.47397,-1.00000,1.248,-0.073,17.631,704.664,-1,671.704,-1,548.416,559.535,564.916,502.342,-1,-1,-1,-1,-1,-1,22.241,-1,1,0,2,0,2,0,0,0,0,2,2,2,2,2,2,1,2
1,-335.031,199.480,-458.613,-99.968,-0.172995,0.984412,0.031710,-0.984339,-0.173911,0.028840,0.033905,-0.026224,0.999081,0,0.47420,-1.00000,1.570,-0.139,18.696,763.386,-1,705.122,-1,577.545,587.752,569.906,522.208,-1,-1,-1,-1,-1,-1,22.533,-1,1,0,2,0,2,0,0,0,0,2,2,2,2,2,2,1,2
2,-335.717,197.716,-454.702,-100.155,-0.176148,0.983596,0.038879,-0.983440,-0.177556,0.036331,0.042638,-0.031835,0.998583,0,0.47467,-1.00000,1.893,-0.187,15.775,824.723,-1,740.785,-1,608.637,617.874,568.924,542.365,-1,-1,-1,-1,-1,-1,10.849,-1,1,0,2,0,2,0,0,0,0,2,2,2,2,2,2,1,2
3,-336.572,195.668,-451.925,-100.384,-0.180008,0.982525,0.047339,-0.982290,-0.182092,0.044152,0.052001,-0.038553,0.997903,0,0.47531,-1.00000,2.219,-0.230,-1,892.635,-1,777.575,-1,639.372,648.061,560.956,562.315,-1,-1,-1,-1,-1,-1,-1,-1,2,0,2,0,2,0,0,0,0,2,2,2,2,2,2,2,2
4,-337.609,193.263,-450.348,-100.660,-0.184621,0.981161,0.056909,-0.980826,-0.187617,0.052730,0.062414,-0.046083,0.996986,0,0.47611,-1.00000,2.619,-0.276,-1,961.852,-1,817.738,-1,670.963,680.163,546.388,581.617,-1,-1,1005.750,-1,-1,-1,-1,-1,2,0,2,0,2,0,0,0,0,2,2,0,2,2,2,2,2
5,-338.860,190.523,-449.940,-100.972,-0.189819,0.979471,0.067862,-0.979048,-0.194020,0.061820,0.073718,-0.054705,0.995778,0,0.47708,-1.00000,3.013,-0.312,-1,-1,-1,859.853,-1,704.109,713.776,525.704,600.909,-1,975.989,966.816,-1,-1,-1,-1,-1,2,2,2,0,2,0,0,0,0,2,0,0,2,2,2,2,2
6,-340.362,187.412,-450.599,-101.327,-0.195680,0.977329,0.080849,-0.976920,-0.201469,0.070969,0.085649,-0.065096,0.994197,0,0.47817,-1.00000,3.454,-0.354,-1,-1,-1,905.625,-1,737.996,749.057,498.968,622.039,-1,918.533,917.551,-1,-1,-1,-1,-1,2,2,2,0,2,0,0,0,0,2,0,0,2,2,2,2,2
7,-341.998,184.076,-452.000,-101.707,-0.201976,0.974868,0.094013,-0.974702,-0.209462,0.077980,0.095712,-0.075885,0.992512,0,0.47941,-1.00000,3.716,-0.380,-1,-1,-1,946.540,-1,765.542,776.905,470.990,642.886,969.855,869.918,872.346,-1,-1,-1,-1,-1,2,2,2,0,2,0,0,0,0,0,0,0,2,2,2,2,2
8,-343.658,180.771,-453.597,-102.079,-0.208220,0.972665,0.102799,-0.973001,-0.216690,0.079458,0.099562,-0.083478,0.991524,0,0.48074,-1.00000,3.699,-0.372,-1,-1,-1,961.349,-1,771.975,783.496,449.473,655.924,935.445,840.877,855.325,-1,-1,-1,-1,-1,2,2,2,0,2,0,0,0,0,0,0,0,2,2,2,2,2
9,-345.360,177.540,-455.234,-102.426,-0.214178,0.971055,0.105735,-0.972029,-0.222561,0.075008,0.096369,-0.086713,0.991561,0,0.48204,-1.00000,3.652,-0.347,-1,-1,-1,943.530,-1,754.319,767.229,435.938,657.793,933.178,852.065,867.712,-1,-1,-1,-1,-1,2,2,2,0,2,0,0,0,0,0,0,0,2,2,2,2,2
10,-347.218,174.295,-456.734,-102.740,-0.219671,0.970231,0.101969,-0.971570,-0.227031,0.067148,0.088299,-0.084319,0.992519,0,0.48324,-1.00000,3.739,-0.314,18.653,-1,-1,902.518,-1,722.350,736.258,433.622,646.039,960.715,892.079,902.008,-1,-1,-1,22.518,-1,1,2,2,0,2,0,0,0,0,0,0,0,2,2,2,1,2
11,-349.398,170.980,-458.056,-103.041,-0.224958,0.969961,0.092571,-0.971258,-0.230811,0.058180,0.077799,-0.076822,0.994005,0,0.48431,-1.00000,3.967,-0.300,18.653,938.050,-1,851.186,-1,686.170,700.217,441.852,623.190,-1,940.955,950.809,-1,-1,-1,22.518,-1,1,0,2,0,2,0,0,0,0,2,0,0,2,2,2,1,2
12,-352.018,167.491,-459.264,-103.350,-0.230377,0.969820,0.079846,-0.970795,-0.234701,0.049715,0.066954,-0.066061,0.995567,0,0.48532,-1.00000,4.364,-0.309,18.653,882.332,-1,799.595,-1,652.463,666.111,457.628,594.699,-1,997.397,999.282,-1,-1,-1,22.518,-1,1,0,2,0,2,0,0,0,0,2,0,0,2,2,2,1,2
13,-355.159,163.703,-460.445,-103.696,-0.236380,0.969387,0.066428,-0.969975,-0.239443,0.042607,0.057208,-0.054362,0.996881,0,0.48636,-1.00000,4.920,-0.346,18.653,838.224,-1,755.207,-1,625.260,636.188,476.328,566.086,-1,-1,-1,-1,-1,-1,22.518,-1,1,0,2,0,2,0,0,0,0,2,2,2,2,2,2,1,2
14,-358.801,159.527,-461.661,-104.103,-0.243363,0.968413,0.054322,-0.968687,-0.245509,0.037036,0.049203,-0.043607,0.997836,0,0.48752,-1.00000,5.541,-0.407,18.607,805.643,-1,719.085,-1,604.442,611.313,494.210,540.860,-1,-1,-1,-1,-1,-1,22.502,-1,1,0,2,0,2,0,0,0,0,2,2,2,2,2,2,1,2
15,-362.790,154.986,-462.843,-104.559,-0.251141,0.966954,0.043919,-0.967002,-0.252645,0.032840,0.042851,-0.034222,0.998495,0,0.48891,-1.00000,6.044,-0.456,18.675,780.089,-1,689.625,-1,588.264,591.005,511.470,519.603,-1,-1,-1,-1,-1,-1,22.526,-1,1,0,2,0,2,0,0,0,0,2,2,2,2,2,2,1,2
16,-367.060,150.095,-463.906,-105.063,-0.259697,0.965038,0.035488,-0.964960,-0.260754,0.029325,0.037553,-0.026629,0.998940,0,0.49047,-1.00000,6.492,-0.504,18.659,758.427,-1,665.121,-1,575.027,574.341,525.691,502.645,-1,-1,-1,-1,-1,-1,22.520,-1,1,0,2,0,2,0,0,0,0,2,2,2,2,2,2,1,2
17,-371.563,144.866,-464.808,-105.618,-0.269069,0.962679,0.029172,-0.962562,-0.269821,0.025892,0.032797,-0.021113,0.999239,0,0.49220,-1.00000,6.901,-0.555,18.654,741.214,-1,644.410,-1,562.502,559.915,535.128,490.003,-1,-1,-1,-1,-1,-1,22.519,-1,1,0,2,0,2,0,0,0,0,2,2,2,2,2,2,1,2
18,-376.266,139.237,-465.517,-106.210,-0.279048,0.959957,0.024796,-0.959848,-0.279602,0.022660,0.028685,-0.017477,0.999436,0,0.49411,-1.00000,7.336,-0.593,18.628,725.384,-1,627.427,-1,551.716,547.766,540.012,481.153,-1,-1,-1,-1,-1,-1,22.510,-1,1,0,2,0,2,0,0,0,0,2,2,2,2,2,2,1,2
19,-381.122,133.189,-466.028,-106.813,-0.289150,0.957030,0.022025,-0.956949,-0.289581,0.019790,0.025318,-0.015355,0.999561,0,0.49615,-1.00000,7.755,-0.602,18.541,711.865,-1,614.008,-1,542.888,537.975,541.244,475.413,-1,-1,-1,-1,-1,-1,22.480,-1,1,0,2,0,2,0,0,0,0,2,2,2,2,2,2,1,2
20,-386.200,126.836,-466.367,-107.464,-0.300031,0.953696,0.021082,-0.953662,-0.300397,0.017058,0.022601,-0.014987,0.999632,0,0.49821,-1.00000,8.134,-0.651,18.432,699.594,-1,603.320,-1,535.810,530.031,537.775,472.840,-1,-1,-1,-1,-1,1001.278,22.444,-1,1,0,2,0,2,0,0,0,0,2,2,2,2,2,0,1,2
21,-391.458,120.079,-466.587,-108.121,-0.310961,0.950182,0.021372,-0.950190,-0.311303,0.015118,0.021018,-0.015606,0.999657,0,0.50044,-1.00000,8.561,-0.657,18.701,691.216,-1,595.711,-1,531.604,524.545,531.897,472.256,-1,-1,-1,-1,-1,982.439,22.535,-1,1,0,2,0,2,0,0,0,0,2,2,2,2,2,0,1,2
22,-396.999,113.095,-466.687,-108.834,-0.322757,0.946202,0.023000,-0.946265,-0.323108,0.013573,0.020275,-0.017384,0.999643,0,0.50267,-1.00000,8.915,-0.712,18.664,685.086,-1,590.474,-1,529.122,520.896,522.889,473.723,-1,-1,-1,-1,-1,970.094,22.522,-1,1,0,2,0,2,0,0,0,0,2,2,2,2,2,0,1,2
23,-402.855,105.896,-466.603,-109.604,-0.335447,0.941737,0.024638,-0.941850,-0.335808,0.012275,0.019833,-0.019088,0.999621,0,0.50511,-0.99720,9.281,-0.770,18.655,680.431,-1,585.958,-1,527.663,518.282,514.760,475.427,-1,-1,-1,-1,-1,959.325,22.519,-1,1,0,2,0,2,0,0,0,0,2,2,2,2,2,0,1,2
24,-409.077,98.560,-466.302,-110.410,-0.348677,0.936895,0.025526,-0.937043,-0.349036,0.011171,0.019376,-0.020024,0.999612,0,0.50776,-0.99056,9.619,-0.807,18.475,677.183,-1,581.412,-1,526.821,514.812,510.237,476.357,-1,-1,-1,-1,-1,947.754,22.458,-1,1,0,2,0,2,0,0,0,0,2,2,2,2,2,0,1,2
25,-415.602,91.022,-465.833,-111.240,-0.362213,0.931758,0.025081,-0.931905,-0.362552,0.010481,0.018859,-0.019577,0.999630,0,0.51055,-0.98358,9.970,-0.830,18.404,675.713,-1,576.426,-1,525.675,510.420,510.231,475.496,-1,-1,-1,-1,-1,934.409,22.436,-1,1,0,2,0,2,0,0,0,0,2,2,2,2,2,0,1,2
26,-422.500,83.390,-465.272,-112.082,-0.375878,0.926367,0.023666,-0.926497,-0.376178,0.009652,0.017844,-0.018299,0.999673,0,0.51342,-0.97639,10.287,-0.842,18.659,673.703,-1,570.195,-1,521.880,505.238,512.706,473.485,-1,-1,-1,-1,-1,919.549,22.520,-1,1,0,2,0,2,0,0,0,0,2,2,2,2,2,0,1,2
27,-429.814,75.820,-464.764,-112.991,-0.390542,0.920329,0.021706,-0.920454,-0.390776,0.007677,0.015548,-0.016981,0.999735,0,0.51633,-0.96911,10.526,-0.909,18.818,666.479,-1,561.213,-1,515.502,497.760,514.525,471.002,-1,-1,-1,-1,-1,898.405,22.577,-1,1,0,2,0,2,0,0,0,0,2,2,2,2,2,0,1,2
28,-437.282,68.329,-464.422,-113.881,-0.404805,0.914223,0.018145,-0.914330,-0.404944,0.004588,0.011542,-0.014734,0.999825,0,-0.01055,-0.38187,10.577,-0.889,17.821,653.500,-1,548.504,-1,506.325,487.348,518.092,466.636,-1,-1,-1,-1,-1,867.813,22.279,-1,1,0,2,0,2,0,0,0,0,2,2,2,2,2,0,1,2
29,-444.360,60.816,-464.304,-114.582,-0.415984,0.909305,0.011066,-0.909351,-0.416026,0.001680,0.006132,-0.009364,0.999937,0,-0.01061,-0.37410,10.322,-0.701,17.012,640.583,-1,532.151,-1,495.749,474.735,530.704,457.556,-1,-1,-1,-1,-1,828.208,22.178,-1,1,0,2,0,2,0,0,0,0,2,2,2,2,2,0,1,2
30,-451.122,53.240,-464.507,-115.143,-0.424873,0.905251,0.002086,-0.905253,-0.424871,-0.001240,-0.000236,-0.002415,0.999997,0,-0.01066,-0.36822,10.154,-0.561,16.625,625.942,-1,513.655,-1,483.723,460.784,547.887,446.009,-1,-1,-1,-1,-1,785.150,22.200,-1,1,0,2,0,2,0,0,0,0,2,2,2,2,2,0,1,2
31,-457.555,45.562,-465.103,-115.563,-0.431488,0.902083,-0.008048,-0.902089,-0.431529,-0.004195,-0.007257,0.005450,0.999959,0,-0.01069,-0.36376,10.017,-0.420,16.319,609.808,-1,493.870,-1,470.573,445.686,567.851,432.967,-1,-1,-1,-1,-1,744.450,22.261,-1,1,0,2,0,2,0,0,0,0,2,2,2,2,2,0,1,2
32,-463.764,37.908,-466.069,-115.907,-0.436862,0.899333,-0.018753,-0.899406,-0.437052,-0.007430,-0.014878,0.013620,0.999797,0,-0.01072,-0.36071,9.856,-0.344,16.173,591.839,-1,473.227,-1,456.302,429.597,588.816,419.198,-1,-1,-1,-1,-1,703.924,22.307,-1,1,0,2,0,2,0,0,0,0,2,2,2,2,2,0,1,2
33,-469.868,30.296,-467.086,-116.209,-0.441538,0.896825,-0.027372,-0.896987,-0.441935,-0.010396,-0.021420,0.019963,0.999571,0,-0.01074,-0.35843,9.757,-0.302,16.022,575.786,-1,455.728,13.450,443.725,415.579,604.392,408.284,-1,-1,-1,-1,-1,670.667,22.369,29.448,1,0,2,0,1,0,0,0,0,2,2,2,2,2,0,1,1
34,-475.819,22.554,-467.790,-116.478,-0.445724,0.894620,-0.031391,-0.894833,-0.446244,-0.011807,-0.024571,0.022827,0.999437,0,-0.01075,-0.35656,9.765,-0.270,15.812,567.735,-1,445.619,13.337,436.529,407.311,609.010,403.066,-1,-1,-1,-1,-1,652.534,22.481,37.652,1,0,2,0,1,0,0,0,0,2,2,2,2,2,0,1,1
35,-481.540,14.640,-468.098,-116.729,-0.449635,0.892687,-0.030631,-0.892894,-0.450126,-0.011264,-0.023843,0.022285,0.999467,0,-0.01076,-0.35504,9.765,-0.250,15.719,567.698,-1,443.314,13.305,435.367,405.326,602.758,403.462,-1,-1,-1,-1,-1,649.805,22.543,39.419,1,0,2,0,1,0,0,0,0,2,2,2,2,2,0,1,1
36,-487.022,6.617,-468.098,-116.974,-0.453496,0.890886,-0.025770,-0.891037,-0.453839,-0.009177,-0.019871,0.018800,0.999626,0,-0.01078,-0.35373,9.717,-0.245,15.653,574.217,-1,447.502,13.289,439.169,408.329,587.256,408.624,-1,-1,-1,-1,-1,659.899,22.591,37.214,1,0,2,0,1,0,0,0,0,2,2,2,2,2,0,1,1
37,-492.216,-1.405,-467.939,-117.223,-0.457401,0.889062,-0.018806,-0.889144,-0.457581,-0.006493,-0.014378,0.013751,0.999802,0,-0.01079,-0.35249,9.557,-0.249,15.580,582.179,-1,455.050,13.277,444.313,413.626,567.763,416.423,-1,-1,-1,-1,-1,676.836,22.649,32.114,1,0,2,0,1,0,0,0,0,2,2,2,2,2,0,1,1
38,-497.117,-9.202,-467.595,-117.461,-0.461119,0.887243,-0.013022,-0.887280,-0.461207,-0.004662,-0.010142,0.009404,0.999904,0,-0.01080,-0.35122,9.210,-0.238,15.507,587.759,-1,461.117,13.270,448.079,417.749,553.927,423.735,-1,-1,-1,-1,-1,691.356,22.714,25.974,1,0,2,0,1,0,0,0,0,2,2,2,2,2,0,1,1
39,-501.810,-16.639,-467.110,-117.677,-0.464474,0.885533,-0.009796,-0.885548,-0.464528,-0.004198,-0.008268,0.006724,0.999943,0,-0.01081,-0.35002,8.794,-0.216,15.431,589.536,-1,463.448,13.267,449.155,419.011,546.311,428.986,-1,-1,-1,-1,-1,698.761,22.787,21.007,1,0,2,0,1,0,0,0,0,2,2,2,2,2,0,1,1
40,-506.371,-23.697,-466.567,-117.872,-0.467477,0.883958,-0.009180,-0.883964,-0.467530,-0.004837,-0.008567,0.005854,0.999946,0,-0.01081,-0.34899,8.403,-0.195,15.348,587.779,-1,461.978,13.271,447.615,417.427,544.482,431.716,-1,-1,-1,-1,-1,697.345,22.875,21.017,1,0,2,0,1,0,0,0,0,2,2,2,2,2,0,1,1
41,-510.834,-30.425,-466.067,-118.047,-0.470164,0.882518,-0.010391,-0.882519,-0.470236,-0.006125,-0.010291,0.006290,0.999927,0,-0.01082,-0.34812,8.074,-0.175,15.250,583.621,-1,457.832,13.282,444.259,413.849,546.413,432.425,-1,-1,-1,-1,-1,689.785,22.992,25.488,1,0,2,0,1,0,0,0,0,2,2,2,2,2,0,1,1
42,-515.185,-36.921,-465.639,-118.198,-0.472481,0.881254,-0.012352,-0.881256,-0.472583,-0.007222,-0.012202,0.007473,0.999898,0,-0.01083,-0.34740,7.818,-0.151,15.238,579.548,-1,453.059,13.284,440.745,409.923,550.459,431.952,-1,-1,-1,-1,-1,680.821,23.008,30.395,1,0,2,0,1,0,0,0,0,2,2,2,2,2,0,1,1
43,-519.466,-43.205,-465.271,-118.340,-0.474663,0.880054,-0.014128,-0.880066,-0.474791,-0.007547,-0.013350,0.008851,0.999872,0,-0.01083,-0.34688,7.604,-0.142,15.210,577.321,-1,449.285,13.289,438.298,406.917,555.057,431.137,-1,-1,-1,-1,-1,674.118,23.044,33.216,1,0,2,0,1,0,0,0,0,2,2,2,2,2,0,1,1
44,-523.673,-49.311,-464.957,-118.477,-0.476766,0.878899,-0.015206,-0.878929,-0.476902,-0.006925,-0.013338,0.010063,0.999860,0,-0.01083,-0.34642,7.415,-0.137,15.167,577.580,-1,447.220,13.297,437.404,405.366,559.129,430.524,-1,-1,-1,-1,-1,671.245,23.102,35.309,1,0,2,0,1,0,0,0,0,2,2,2,2,2,0,1,1
45,-527.842,-55.507,-464.713,-118.611,-0.478835,0.877775,-0.015071,-0.877827,-0.478951,-0.005100,-0.011695,0.010788,0.999873,0,0.35860,-0.92524,7.468,-0.134,15.235,581.139,-1,447.584,13.285,438.610,405.831,561.659,430.596,-1,-1,-1,-1,-1,673.883,23.011,36.096,1,0,2,0,1,0,0,0,0,2,2,2,2,2,0,1,1
46,-532.164,-62.045,-464.574,-118.768,-0.481245,0.876487,-0.013199,-0.876546,-0.481312,-0.002308,-0.008375,0.010459,0.999910,0,0.35871,-0.92485,7.837,-0.156,9.509,587.504,-1,450.531,13.272,441.721,408.343,560.457,432.034,-1,-1,-1,-1,-1,683.201,22.894,35.110,1,0,2,0,1,0,0,0,0,2,2,2,2,2,0,1,1
47,-536.598,-68.826,-464.499,-118.931,-0.483751,0.875142,-0.010547,-0.875191,-0.483777,0.000114,-0.005003,0.009286,0.999944,0,0.35885,-0.92429,8.102,-0.163,-1,593.187,-1,453.761,13.280,444.616,411.124,556.156,434.507,-1,-1,-1,-1,-1,694.140,15.368,32.992,2,0,2,0,1,0,0,0,0,2,2,2,2,2,0,1,1
48,-541.199,-75.772,-464.490,-119.118,-0.486611,0.873585,-0.007668,-0.873616,-0.486614,0.001658,-0.002283,0.007506,0.999969,0,0.35901,-0.92371,8.332,-0.187,-1,596.531,-1,456.108,13.385,446.284,412.901,549.484,437.597,-1,-1,-1,-1,-1,703.253,-1,31.525,2,0,2,0,1,0,0,0,0,2,2,2,2,2,0,2,1
49,-546.010,-82.794,-464.514,-119.340,-0.489993,0.871712,-0.005002,-0.871726,-0.489989,0.002155,-0.000572,0.005416,0.999985,0,0.35922,-0.92291,8.513,-0.222,-1,596.866,-1,456.920,13.620,446.402,413.161,541.529,440.905,-1,-1,-1,-1,-1,708.807,-1,30.963,2,0,2,0,1,0,0,0,0,2,2,2,2,2,0,2,1
50,-551.073,-89.860,-464.549,-119.596,-0.493882,0.869525,-0.002835,-0.869529,-0.493878,0.001972,0.000315,0.003439,0.999994,0,0.35953,-0.92179,8.692,-0.256,-1,595.022,-1,456.279,13.983,445.110,412.125,533.732,443.901,-1,-1,-1,-1,-1,710.929,17.868,31.315,2,0,2,0,1,0,0,0,0,2,2,2,2,2,0,1,1
51,-556.415,-96.952,-464.582,-119.886,-0.498278,0.867016,-0.001236,-0.867017,-0.498276,0.001664,0.000826,0.001901,0.999998,0,0.35992,-0.92033,8.880,-0.290,-1,592.379,-1,454.766,14.415,443.158,410.377,527.284,446.190,-1,-1,-1,-1,-1,710.896,14.823,32.365,2,0,2,0,1,0,0,0,0,2,2,2,2,2,0,1,1
52,-562.040,-104.074,-464.583,-120.210,-0.503167,0.864189,-0.000073,-0.864188,-0.503167,0.001594,0.001341,0.000866,0.999999,0,0.36040,-0.91855,9.075,-0.324,-1,588.751,-1,452.976,14.779,441.184,408.477,524.496,447.765,-1,-1,-1,-1,-1,712.197,14.508,33.755,2,0,2,0,1,0,0,0,0,2,2,2,2,2,0,1,1
53,-567.943,-111.240,-464.533,-120.559,-0.508424,0.861107,0.000892,-0.861104,-0.508424,0.001970,0.002150,0.000234,0.999998,0,0.36096,-0.91644,9.284,-0.349,-1,586.022,-1,451.441,14.969,439.391,406.804,522.924,448.848,-1,-1,-1,-1,-1,718.613,17.113,35.151,2,0,2,0,1,0,0,0,0,2,2,2,2,2,0,1,1
54,-574.101,-118.472,-464.421,-120.926,-0.513924,0.857834,0.001849,-0.857829,-0.513928,0.002839,0.003385,-0.000127,0.999994,0,0.36159,-0.91409,9.499,-0.367,-1,584.473,-1,450.447,14.978,438.177,405.633,522.616,449.671,-1,-1,-1,-1,-1,727.467,-1,36.365,2,0,2,0,1,0,0,0,0,2,2,2,2,2,0,2,1
55,-580.482,-125.792,-464.254,-121.304,-0.519565,0.854426,0.002922,-0.854416,-0.519573,0.004091,0.005013,-0.000371,0.999987,0,0.36227,-0.91157,9.711,-0.378,-1,583.921,-1,450.023,14.864,437.567,404.992,522.981,450.459,-1,-1,-1,-1,-1,738.922,-1,37.352,2,0,2,0,1,0,0,0,0,2,2,2,2,2,0,2,1
56,-587.048,-133.174,-464.041,-121.688,-0.525276,0.850922,0.004174,-0.850905,-0.525292,0.005413,0.006799,-0.000708,0.999977,0,0.31816,-1.00000,9.880,-0.384,-1,583.627,-1,449.912,14.701,437.193,404.596,523.262,451.468,-1,-1,-1,-1,-1,752.031,-1,38.145,2,0,2,0,1,0,0,0,0,2,2,2,2,2,0,2,1
57,-593.715,-140.507,-463.750,-122.071,-0.530950,0.847387,0.005114,-0.847363,-0.530974,0.006456,0.008187,-0.000906,0.999966,0,0.31878,-1.00000,9.910,-0.383,-1,582.698,-1,449.420,14.489,436.434,403.783,524.092,452.392,-1,-1,-1,-1,-1,763.114,-1,39.042,2,0,2,0,1,0,0,0,0,2,2,2,2,2,0,2,1
58,-600.385,-147.874,-463.342,-122.434,-0.536300,0.844010,0.005318,-0.843978,-0.536326,0.007416,0.009112,-0.000511,0.999958,0,0.31940,-1.00000,9.938,-0.363,-1,581.590,-1,448.276,14.488,435.407,402.546,526.799,452.695,-1,-1,-1,-1,-1,770.954,-1,40.122,2,0,2,0,1,0,0,0,0,2,2,2,2,2,0,2,1
59,-607.155,-155.317,-462.853,-122.799,-0.541671,0.840569,0.006061,-0.840528,-0.541705,0.008339,0.010293,-0.000578,0.999947,0,0.31998,-1.00000,10.061,-0.366,-1,580.898,-1,447.883,14.433,434.801,401.876,528.617,453.695,-1,-1,-1,-1,-1,808.386,-1,40.787,2,0,2,0,1,0,0,0,0,2,2,2,2,2,0,2,1
60,-614.020,-162.863,-462.343,-123.168,-0.547058,0.837056,0.008079,-0.837005,-0.547115,0.009363,0.012257,-0.001640,0.999924,0,0.32055,-1.00000,10.202,-0.369,-1,581.290,-1,449.195,14.303,435.183,402.418,528.025,456.276,-1,-1,-1,-1,-1,869.957,-1,41.263,2,0,2,0,1,0,0,0,0,2,2,2,2,2,0,2,1
61,-620.927,-170.506,-461.803,-123.533,-0.552354,0.833535,0.011171,-0.833477,-0.552456,0.010410,0.014848,-0.003560,0.999883,0,0.32113,-1.00000,10.301,-0.365,-1,582.501,-1,451.972,14.204,436.409,403.979,525.415,460.278,-1,-1,-1,-1,-1,-1,-1,40.869,2,0,2,0,1,0,0,0,0,2,2,2,2,2,2,2,1
62,-627.879,-178.217,-461.235,-123.897,-0.557615,0.829974,0.014472,-0.829916,-0.557773,0.011317,0.017465,-0.005700,0.999831,0,0.32169,-1.00000,10.383,-0.364,-1,583.361,-1,455.594,14.096,437.694,405.661,522.377,464.716,-1,-1,-1,-1,-1,-1,-1,40.120,2,0,2,0,1,0,0,0,0,2,2,2,2,2,2,2,1
63,-634.871,-185.963,-460.629,-124.258,-0.562804,0.826405,0.017483,-0.826352,-0.563024,0.012088,0.019833,-0.007644,0.999774,0,0.32225,-1.00000,10.435,-0.361,-1,583.909,-1,459.202,13.965,438.720,407.065,520.378,469.416,-1,-1,-1,-1,-1,-1,-1,39.818,2,0,2,0,1,0,0,0,0,2,2,2,2,2,2,2,1
64,-641.919,-193.736,-459.992,-124.610,-0.567860,0.822884,0.019920,-0.822838,-0.568135,0.012700,0.021768,-0.009179,0.999721,0,0.32279,-1.00000,10.493,-0.353,-1,583.874,-1,461.963,13.895,439.158,407.885,521.204,473.598,-1,-1,-1,-1,-1,-1,-1,39.189,2,0,2,0,1,0,0,0,0,2,2,2,2,2,2,2,1
65,-649.068,-201.497,-459.348,-124.966,-0.572930,0.819314,0.021831,-0.819277,-0.573251,0.013013,0.023176,-0.010430,0.999677,0,0.32332,-1.00000,10.552,-0.355,-1,582.794,-1,463.714,13.833,438.849,407.928,523.437,477.301,-1,-1,-1,-1,-1,-1,-1,38.923,2,0,2,0,1,0,0,0,0,2,2,2,2,2,2,2,1
66,-656.378,-209.329,-458.747,-125.313,-0.577862,0.815783,0.023955,-0.815759,-0.578238,0.013367,0.024756,-0.011817,0.999624,0,0.32385,-1.00000,10.713,-0.347,-1,581.876,-1,465.748,13.782,438.660,408.110,525.289,481.159,-1,-1,-1,-1,-1,-1,-1,38.956,2,0,2,0,1,0,0,0,0,2,2,2,2,2,2,2,1
67,-663.856,-217.224,-458.247,-125.662,-0.582799,0.812177,0.026719,-0.812175,-0.583251,0.013788,0.026782,-0.013665,0.999548,0,0.32436,-1.00000,10.875,-0.350,-1,581.323,-1,468.553,13.719,438.794,408.722,525.784,485.592,-1,-1,-1,-1,-1,-1,-1,38.548,2,0,2,0,1,0,0,0,0,2,2,2,2,2,2,2,1
68,-671.436,-225.172,-457.880,-126.038,-0.588085,0.808265,0.029382,-0.808288,-0.588617,0.014184,0.028759,-0.015408,0.999468,0,0.32487,-1.00000,10.983,-0.376,-1,580.180,-1,470.887,13.619,438.484,408.915,526.145,489.537,-1,-1,-1,-1,-1,-1,-1,37.558,2,0,2,0,1,0,0,0,0,2,2,2,2,2,2,2,1
69,-679.002,-233.155,-457.596,-126.379,-0.592861,0.804722,0.030616,-0.804744,-0.593439,0.014748,0.030036,-0.015894,0.999422,0,0.32544,-1.00000,10.999,-0.341,-1,578.348,-1,471.133,13.529,437.293,407.873,529.290,491.182,-1,-1,-1,-1,-1,-1,-1,37.635,2,0,2,0,1,0,0,0,0,2,2,2,2,2,2,2,1
70,-686.626,-241.096,-457.337,-126.705,-0.597416,0.801328,0.031096,-0.801338,-0.598016,0.015278,0.030839,-0.015790,0.999400,0,0.32592,-1.00000,11.008,-0.326,-1,575.862,-1,470.158,13.543,435.478,406.264,533.761,491.740,-1,-1,-1,-1,-1,-1,-1,39.192,2,0,2,0,1,0,0,0,0,2,2,2,2,2,2,2,1
71,-694.399,-249.045,-457.106,-127.044,-0.602112,0.797755,0.032373,-0.797762,-0.602763,0.015891,0.032190,-0.016258,0.999350,0,0.32637,-1.00000,11.118,-0.338,-1,573.909,-1,470.372,13.478,434.307,405.421,536.731,493.214,-1,-1,-1,-1,-1,-1,-1,40.569,2,0,2,0,1,0,0,0,0,2,2,2,2,2,2,2,1
72,-702.306,-257.046,-456.906,-127.391,-0.606885,0.794027,0.034794,-0.794042,-0.607632,0.016774,0.034461,-0.017448,0.999254,0,0.32685,-1.00000,11.250,-0.347,-1,573.333,-1,475.673,13.333,434.266,405.882,537.842,495.913,-1,-1,-1,-1,-1,-1,-1,41.550,2,0,2,0,1,0,0,0,0,2,2,2,2,2,2,2,1
73,-711.880,-266.852,-456.666,-127.795,-0.612385,0.789627,0.038387,-0.789632,-0.613296,0.018662,0.038279,-0.018884,0.999089,0,0.32734,-1.00000,13.704,-0.404,-1,575.211,-1,485.894,13.276,435.899,408.029,540.130,499.338,-1,-1,-1,-1,-1,-1,-1,42.676,2,0,2,0,1,0,0,0,0,2,2,2,2,2,2,2,1
74,-718.222,-273.605,-456.453,-128.022,-0.615441,0.787113,0.041060,-0.787091,-0.616495,0.020533,0.041475,-0.019681,0.998946,0,0.32789,-1.00000,9.264,-0.228,-1,578.550,-1,494.358,13.288,438.339,410.625,543.074,501.647,-1,-1,-1,-1,-1,-1,-1,44.190,2,0,2,0,1,0,0,0,0,2,2,2,2,2,2,2,1
75,-726.101,-282.222,-456.028,-128.273,-0.618749,0.784295,0.045064,-0.784230,-0.620034,0.023246,0.046172,-0.020957,0.998714,0,0.32816,-1.00000,11.677,-0.251,-1,584.898,-1,507.556,13.290,442.944,416.397,546.639,505.553,-1,-1,-1,-1,-1,-1,-1,44.786,2,0,2,0,1,0,0,0,0,2,2,2,2,2,2,2,1
76,-734.032,-290.944,-455.444,-128.511,-0.621853,0.781585,0.049241,-0.781470,-0.623400,0.026001,0.051019,-0.022311,0.998448,0,0.32840,-1.00000,11.789,-0.238,-1,592.178,-1,522.892,13.280,448.224,423.004,550.430,510.051,-1,-1,-1,-1,-1,-1,-1,43.571,2,0,2,0,1,0,0,0,0,2,2,2,2,2,2,2,1
77,-742.052,-299.604,-454.699,-128.749,-0.624960,0.778867,0.052833,-0.778706,-0.626751,0.028296,0.055152,-0.023457,0.998202,0,0.32860,-1.00000,11.804,-0.238,-1,598.431,-1,537.981,13.281,452.811,428.893,554.920,515.913,-1,-1,-1,-1,-1,-1,-1,42.603,2,0,2,0,1,0,0,0,0,2,2,2,2,2,2,2,1
78,-750.133,-308.204,-453.798,-128.986,-0.628067,0.776186,0.055384,-0.775973,-0.630045,0.030138,0.058287,-0.024048,0.998010,0,0.32881,-1.00000,11.800,-0.237,-1,603.188,-1,560.815,13.282,456.276,433.500,561.442,521.834,-1,-1,-1,-1,-1,-1,-1,42.080,2,0,2,0,1,0,0,0,0,2,2,2,2,2,2,2,1
79,-758.271,-316.747,-452.786,-129.223,-0.631186,0.773543,0.056881,-0.773275,-0.633286,0.031532,0.060413,-0.024082,0.997883,0,0.32902,-1.00000,11.800,-0.237,-1,606.255,-1,580.813,13.282,458.473,436.651,569.849,526.778,-1,-1,-1,-1,-1,-1,-1,41.029,2,0,2,0,1,0,0,0,0,2,2,2,2,2,2,2,1
80,-766.452,-325.204,-451.698,-129.467,-0.634423,0.770823,0.057795,-0.770510,-0.636600,0.032471,0.061822,-0.023931,0.997800,0,0.32922,-1.00000,11.766,-0.244,-1,607.926,-1,598.053,13.286,459.682,438.761,578.976,531.411,-1,-1,-1,-1,-1,-1,-1,42.360,2,0,2,0,1,0,0,0,0,2,2,2,2,2,2,2,1
81,-774.672,-333.607,-450.515,-129.690,-0.637358,0.768310,0.058950,-0.767965,-0.639626,0.033291,0.063284,-0.024053,0.997706,0,0.32361,-0.59330,11.755,-0.223,-1,609.914,-1,616.603,13.292,461.205,441.266,587.119,536.938,-1,-1,-1,-1,-1,-1,-1,42.874,2,0,2,0,1,0,0,0,0,2,2,2,2,2,2,2,1
82,-782.960,-342.091,-449.356,-129.911,-0.640221,0.765772,0.060915,-0.765399,-0.642640,0.034334,0.065438,-0.024643,0.997552,0,0.32378,-0.59256,11.860,-0.221,-1,613.203,-1,643.577,13.299,463.730,444.956,593.405,543.519,-1,-1,-1,-1,-1,-1,-1,42.438,2,0,2,0,1,0,0,0,0,2,2,2,2,2,2,2,1
83,-791.317,-350.681,-448.308,-130.131,-0.643021,0.763178,0.063895,-0.762777,-0.645674,0.035720,0.068516,-0.025769,0.997317,0,0.32394,-0.59187,11.985,-0.220,-1,618.089,-1,681.031,13.311,468.413,450.061,597.818,551.088,-1,-1,-1,-1,-1,-1,-1,41.659,2,0,2,0,1,0,0,0,0,2,2,2,2,2,2,2,1
84,-799.733,-359.364,-447.401,-130.348,-0.645742,0.760576,0.067390,-0.760134,-0.648685,0.037455,0.072202,-0.027039,0.997023,0,0.32409,-0.59120,12.092,-0.217,-1,624.070,-1,725.909,13.320,474.134,460.600,601.380,558.569,-1,-1,-1,-1,-1,-1,-1,40.749,2,0,2,0,1,0,0,0,0,2,2,2,2,2,2,2,1
85,-808.196,-368.099,-446.637,-130.560,-0.648366,0.758029,0.070806,-0.757527,-0.651615,0.039384,0.075992,-0.028102,0.996712,0,0.32424,-0.59058,12.162,-0.212,-1,630.582,-1,775.828,13.331,479.836,471.448,605.398,565.295,-1,-1,-1,-1,-1,-1,-1,39.737,2,0,2,0,1,0,0,0,0,2,2,2,2,2,2,2,1
86,-816.552,-376.721,-445.938,-130.747,-0.650714,0.755890,0.072121,-0.755265,-0.654117,0.041303,0.078396,-0.027594,0.996540,0,0.32436,-0.59003,12.006,-0.187,-1,634.891,-1,812.126,13.310,483.313,478.888,614.827,568.297,-1,-1,-1,-1,-1,-1,-1,39.207,2,0,2,0,1,0,0,0,0,2,2,2,2,2,2,2,1
87,-824.953,-385.217,-445.288,-130.944,-0.653202,0.753677,0.072786,-0.752922,-0.656703,0.043021,0.080223,-0.026700,0.996419,0,0.32444,-0.58972,11.949,-0.196,-1,637.751,-1,843.108,13.268,485.680,484.910,625.353,570.186,-1,-1,-1,-1,-1,-1,-1,39.808,2,0,2,0,1,0,0,0,0,2,2,2,2,2,2,2,1
88,-833.533,-393.553,-444.661,-131.186,-0.656254,0.750821,0.074820,-0.750014,-0.659947,0.044142,0.082520,-0.027147,0.996220,0,0.32453,-0.58930,11.963,-0.242,-1,640.825,-1,885.506,13.268,488.458,492.322,630.807,577.301,-1,-1,-1,-1,-1,-1,-1,41.933,2,0,2,0,1,0,0,0,0,2,2,2,2,2,2,2,1
89,-842.200,-401.838,-443.996,-131.454,-0.659592,0.747549,0.078164,-0.746749,-0.663586,0.044945,0.085467,-0.028724,0.995927,0,0.32474,-0.58841,11.990,-0.268,-1,645.985,-1,941.349,13.267,492.268,501.725,631.251,587.761,-1,-1,-1,-1,-1,-1,-1,42.366,2,0,2,0,1,0,0,0,0,2,2,2,2,2,2,2,1
90,-850.917,-410.162,-443.306,-131.720,-0.662866,0.744250,0.081862,-0.743460,-0.667207,0.045857,0.088748,-0.030464,0.995588,0,0.32500,-0.58726,12.053,-0.266,-1,652.134,-1,999.901,13.268,496.785,512.198,630.777,598.935,-1,-1,-1,-1,-1,-1,-1,41.980,2,0,2,0,1,0,0,0,0,2,2,2,2,2,2,2,1
91,-859.688,-418.498,-442.582,-131.983,-0.666070,0.740973,0.085503,-0.740183,-0.670769,0.046883,0.092092,-0.032060,0.995234,0,0.32526,-0.58614,12.101,-0.263,-1,658.814,-1,-1,13.268,503.697,529.512,630.935,609.980,-1,-1,-1,-1,-1,-1,-1,41.643,2,0,2,2,1,0,0,0,0,2,2,2,2,2,2,2,1
92,-868.518,-426.746,-441.819,-132.247,-0.669289,0.737713,0.088499,-0.736913,-0.674296,0.047789,0.094929,-0.033232,0.994929,0,0.32551,-0.58506,12.083,-0.264,-1,664.550,-1,-1,13.279,513.061,547.072,631.692,619.953,-1,-1,-1,-1,-1,-1,-1,40.099,2,0,2,2,1,0,0,0,0,2,2,2,2,2,2,2,1
93,-877.420,-434.785,-441.043,-132.521,-0.672706,0.734399,0.090140,-0.733591,-0.677881,0.048192,0.096497,-0.033707,0.994762,0,0.32576,-0.58397,11.995,-0.274,-1,667.035,-1,-1,13.288,519.641,560.944,633.938,627.690,-1,-1,-1,-1,-1,-1,-1,38.879,2,0,2,2,1,0,0,0,0,2,2,2,2,2,2,2,1
94,-886.410,-442.722,-440.295,-132.804,-0.676254,0.731014,0.091102,-0.730189,-0.681526,0.048429,0.097491,-0.033772,0.994663,0,0.32605,-0.58275,11.992,-0.283,-1,667.974,-1,-1,13.404,524.865,572.894,637.376,633.700,-1,-1,-1,-1,-1,-1,-1,38.727,2,0,2,2,1,0,0,0,0,2,2,2,2,2,2,2,1
95,-895.532,-450.522,-439.589,-133.121,-0.680218,0.727176,0.092296,-0.726374,-0.685600,0.048303,0.098403,-0.034185,0.994559,0,0.32635,-0.58144,12.003,-0.317,-1,667.916,-1,-1,13.637,529.739,584.859,639.122,640.168,-1,-1,-1,-1,-1,-1,-1,38.858,2,0,2,2,1,0,0,0,0,2,2,2,2,2,2,2,1
96,-904.774,-458.194,-438.908,-133.477,-0.684660,0.722796,0.093842,-0.722060,-0.690175,0.047839,0.099345,-0.035006,0.994437,0,0.32673,-0.57977,12.011,-0.357,-1,670.356,-1,-1,14.001,534.624,598.868,639.049,647.412,-1,-1,-1,-1,-1,-1,-1,38.943,2,0,2,2,1,0,0,0,0,2,2,2,2,2,2,2,1
97,-914.147,-465.705,-438.227,-133.872,-0.689556,0.717863,0.095838,-0.717253,-0.695233,0.046908,0.100303,-0.036394,0.994291,0,0.32721,-0.57770,12.011,-0.395,-1,677.857,-1,-1,14.219,539.508,615.956,636.648,657.221,-1,-1,-1,-1,-1,-1,-1,39.428,2,0,2,2,1,0,0,0,0,2,2,2,2,2,2,2,1
98,-923.597,-473.059,-437.437,-134.296,-0.694739,0.712464,0.098654,-0.712035,-0.700653,0.045731,0.101704,-0.038474,0.994070,0,0.32778,-0.57523,11.975,-0.423,-1,686.835,-1,-1,13.843,550.349,636.204,632.112,669.634,-1,-1,-1,-1,-1,-1,-1,41.305,2,0,2,2,1,0,0,0,0,2,2,2,2,2,2,2,1
99,-933.119,-480.410,-436.467,-134.703,-0.699616,0.707245,0.101696,-0.706915,-0.705833,0.045511,0.103968,-0.040050,0.993774,0,0.32842,-0.57246,12.030,-0.407,-1,701.258,-1,-1,13.799,569.407,661.149,629.960,681.585,-1,-1,-1,-1,-1,-1,-1,40.389,2,0,2,2,1,0,0,0,0,2,2,2,2,2,2,2,1
100,-942.789,-487.649,-435.354,-135.112,-0.704450,0.702007,0.104580,-0.701693,-0.710991,0.046022,0.106663,-0.040963,0.993451,0,0.32902,-0.56986,12.079,-0.410,-1,719.473,-1,-1,13.866,591.207,690.098,629.746,692.132,-1,-1,-1,-1,-1,-1,-1,38.698,2,0,2,2,1,0,0,0,0,2,2,2,2,2,2,2,1
101,-952.568,-494.799,-434.163,-135.517,-0.709173,0.696889,0.106859,-0.696482,-0.716013,0.047305,0.109478,-0.040878,0.993148,0,0.32963,-0.56723,12.115,-0.405,-1,741.695,-1,-1,13.742,614.674,721.432,631.458,699.891,-1,-1,-1,-1,-1,-1,-1,37.504,2,0,2,2,1,0,0,0,0,2,2,2,2,2,2,2,1
102,-962.440,-501.926,-432.966,-135.908,-0.713667,0.692021,0.108568,-0.691409,-0.720777,0.049341,0.112398,-0.039852,0.992864,0,0.33023,-0.56465,12.176,-0.390,-1,782.174,-1,-1,13.614,642.658,753.825,636.589,704.393,-1,-1,-1,-1,-1,-1,-1,37.408,2,0,2,2,1,0,0,0,0,2,2,2,2,2,2,2,1
103,-972.400,-509.040,-431.816,-136.283,-0.717923,0.687374,0.110011,-0.686474,-0.725296,0.051943,0.115495,-0.038229,0.992572,0,0.33079,-0.56221,12.240,-0.375,-1,828.781,-1,-1,13.525,675.614,787.837,643.818,707.141,-1,788.316,-1,-1,-1,-1,-1,37.091,2,0,2,2,1,0,0,0,0,2,0,2,2,2,2,2,1
104,-982.483,-515.980,-430.778,-136.677,-0.722408,0.682526,0.110841,-0.681305,-0.729968,0.054511,0.118116,-0.036137,0.992342,0,0.33132,-0.55994,12.241,-0.394,-1,874.726,-1,-1,13.902,707.957,820.230,652.107,707.861,-1,736.798,-1,-1,-1,-1,-1,34.471,2,0,2,2,1,0,0,0,0,2,0,2,2,2,2,2,1
105,-992.730,-522.631,-429.942,-137.109,-0.727378,0.677254,0.110674,-0.675714,-0.734983,0.056663,0.119719,-0.033568,0.992240,0,0.31637,-0.07026,12.216,-0.432,-1,914.469,-1,-1,14.275,735.617,846.513,660.914,705.999,-1,720.181,-1,-1,-1,-1,-1,32.280,2,0,2,2,1,0,0,0,0,2,0,2,2,2,2,2,1
106,-1003.103,-528.979,-429.268,-137.578,-0.732819,0.671492,0.109879,-0.669677,-0.740366,0.058231,0.120453,-0.030911,0.992238,0,0.31700,-0.06737,12.161,-0.469,-1,945.669,-1,-1,15.428,759.034,867.419,668.955,702.882,-1,714.788,-1,-1,-1,-1,-1,31.783,2,0,2,2,1,0,0,0,0,2,0,2,2,2,2,2,1
107,-1013.548,-534.992,-428.621,-138.103,-0.738956,0.664916,0.108764,-0.662960,-0.746361,0.058559,0.120114,-0.028833,0.992341,0,0.31773,-0.06407,12.052,-0.525,-1,968.415,-1,-1,21.233,776.886,880.606,673.135,700.615,-1,718.250,963.771,-1,-1,-1,-1,31.350,2,0,2,2,1,0,0,0,0,2,0,0,2,2,2,2,1
108,-1024.059,-540.459,-427.940,-138.720,-0.746189,0.657013,0.107408,-0.655092,-0.753374,0.057295,0.118562,-0.027609,0.992563,0,0.31859,-0.06017,11.847,-0.617,11.553,979.693,-1,-1,28.277,788.630,887.428,672.663,699.738,-1,731.793,1004.898,-1,-1,-1,8.223,29.205,1,0,2,2,1,0,0,0,0,2,0,0,2,2,2,1,1
109,-1034.545,-545.203,-427.185,-139.404,-0.754179,0.648117,0.105632,-0.646320,-0.761073,0.055130,0.116124,-0.026695,0.992876,0,0.31967,-0.05527,11.509,-0.684,18.687,981.514,-1,-1,27.061,795.886,890.016,670.630,699.019,-1,754.710,-1,-1,-1,-1,22.530,28.307,1,0,2,2,1,0,0,0,0,2,0,2,2,2,2,1,1
110,-1044.830,-549.342,-426.328,-140.081,-0.761980,0.639310,0.103294,-0.637534,-0.768546,0.053741,0.113743,-0.024904,0.993198,0,0.32092,-0.04959,11.087,-0.678,18.661,985.861,-1,-1,27.392,803.596,892.624,670.198,696.072,-1,789.714,-1,-1,-1,-1,22.521,28.635,1,0,2,2,1,0,0,0,0,2,0,2,2,2,2,1,1
111,-1054.892,-553.107,-425.350,-140.737,-0.769331,0.630827,0.100934,-0.628857,-0.775621,0.054332,0.112560,-0.021674,0.993409,0,0.32218,-0.04387,10.744,-0.656,18.658,1003.668,-1,-1,27.263,818.652,901.627,676.451,689.993,-1,810.688,-1,-1,-1,-1,22.520,28.496,1,0,2,2,1,0,0,0,0,2,0,2,2,2,2,1,1
112,-1064.771,-556.530,-424.302,-141.380,-0.776341,0.622467,0.099143,-0.620189,-0.782441,0.056137,0.112517,-0.017907,0.993488,0,0.32340,-0.03832,10.454,-0.643,18.654,-1,-1,-1,26.389,840.580,912.883,685.667,683.089,-1,811.039,-1,-1,-1,-1,22.519,27.582,1,2,2,2,1,0,0,0,0,2,0,2,2,2,2,1,1
113,-1074.492,-559.671,-423.281,-141.993,-0.782839,0.614380,0.098492,-0.611783,-0.788875,0.058289,0.113509,-0.014625,0.993429,0,0.32461,-0.03283,10.216,-0.613,18.654,-1,-1,-1,24.369,866.233,927.705,693.309,677.821,-1,796.491,-1,-1,-1,-1,22.518,25.470,1,2,2,2,1,0,0,0,0,2,0,2,2,2,2,1,1
114,-1085.766,-563.458,-422.085,-142.669,-0.789836,0.605425,0.098076,-0.602362,-0.795835,0.061696,0.115405,-0.010348,0.993265,0,0.32576,-0.02760,11.893,-0.677,18.653,-1,-1,-1,23.153,898.921,948.707,704.864,671.197,-1,786.126,958.460,-1,-1,796.413,22.518,24.198,1,2,2,2,1,0,0,0,0,2,0,0,2,2,1,1,1
115,-1093.067,-566.038,-421.276,-143.096,-0.794189,0.599720,0.097973,-0.596375,-0.800171,0.063734,0.116618,-0.007812,0.993146,0,0.32702,-0.02190,7.743,-0.427,18.654,-1,-1,-1,20.461,919.202,962.630,711.736,667.800,-1,781.095,915.594,-1,-1,778.111,22.518,21.385,1,2,2,2,1,0,0,0,0,2,0,0,2,2,1,1,1
116,-1101.983,-569.172,-420.317,-143.622,-0.799585,0.592591,0.097462,-0.589027,-0.805485,0.065122,0.117095,-0.005337,0.993106,0,0.32780,-0.01834,9.450,-0.526,18.655,-1,-1,-1,-1,936.402,972.894,716.908,664.909,-1,783.404,895.237,-1,-1,757.499,22.519,524.014,1,2,2,2,2,0,0,0,0,2,0,0,2,2,1,1,1
117,-1110.685,-572.085,-419.467,-144.156,-0.805138,0.585260,0.096046,-0.581634,-0.810839,0.065134,0.115998,-0.003422,0.993244,0,0.32877,-0.01396,9.177,-0.533,18.656,-1,-1,-1,-1,940.932,972.998,718.752,662.603,-1,798.579,908.789,-1,-1,736.906,22.519,-1,1,2,2,2,2,0,0,0,0,2,0,0,2,2,1,1,2
118,-1119.129,-574.588,-418.675,-144.710,-0.810940,0.577556,0.093837,-0.573956,-0.816349,0.064404,0.113800,-0.001631,0.993502,0,0.32976,-0.00946,8.807,-0.555,18.657,-1,-1,294.269,-1,940.662,968.708,719.279,659.923,-1,823.532,948.505,-1,-1,716.068,22.519,-1,1,2,2,1,2,0,0,0,0,2,0,0,2,2,1,1,2
119,-1127.398,-576.783,-417.942,-145.308,-0.817112,0.569217,0.091218,-0.565627,-0.822187,0.063829,0.111330,0.000560,0.993783,0,0.33081,-0.00467,8.555,-0.598,18.155,-1,-1,282.467,-1,938.528,962.989,720.692,655.762,-1,851.279,994.471,-1,-1,253.214,22.362,-1,1,2,2,1,2,0,0,0,0,2,0,0,2,2,1,1,2
120,-1135.660,-579.024,-417.324,-145.904,-0.823146,0.560888,0.088518,-0.557218,-0.827884,0.064156,0.109267,0.003486,0.994006,0,0.33197,0.00060,8.561,-0.597,17.352,-1,-1,270.773,-1,937.347,957.621,725.030,649.819,-1,875.302,-1,-1,-1,242.604,22.201,-1,1,2,2,1,2,0,0,0,0,2,0,2,2,2,1,1,2
121,-1143.951,-581.569,-416.791,-146.437,-0.828411,0.553506,0.085829,-0.549629,-0.832813,0.065815,0.107908,0.007348,0.994134,0,0.33463,-0.31834,8.673,-0.532,16.970,-1,-1,259.273,-1,939.324,954.836,734.226,642.325,-1,892.837,-1,-1,-1,232.180,22.178,-1,1,2,2,1,2,0,0,0,0,2,0,2,2,2,1,1,2
122,-1152.266,-584.350,-416.233,-146.890,-0.832798,0.547249,0.083465,-0.543104,-0.836891,0.068199,0.107173,0.011465,0.994174,0,0.33564,-0.31379,8.767,-0.453,17.204,-1,-1,247.936,-1,944.367,954.894,745.983,635.190,-1,904.292,-1,-1,-1,221.929,22.187,-1,1,2,2,1,2,0,0,0,0,2,0,2,2,2,1,1,2
123,-1160.626,-586.997,-415.565,-147.360,-0.837287,0.540592,0.081916,-0.536296,-0.841164,0.069497,0.106474,0.014257,0.994213,0,0.33646,-0.31007,8.769,-0.470,17.856,-1,-1,236.453,-1,949.333,956.003,751.746,631.230,-1,915.301,-1,-1,-1,211.594,22.287,-1,1,2,2,1,2,0,0,0,0,2,0,2,2,2,1,1,2
124,-1169.005,-589.341,-414.780,-147.911,-0.842507,0.532530,0.081200,-0.528279,-0.846277,0.068822,0.105367,0.015087,0.994319,0,0.33733,-0.30617,8.700,-0.551,17.540,-1,-1,224.749,-1,950.081,956.812,747.285,631.184,-1,929.366,-1,-1,-1,201.104,22.226,-1,1,2,2,1,2,0,0,0,0,2,0,2,2,2,1,1,2
125,-1177.413,-591.728,-413.869,-148.471,-0.847702,0.524240,0.081079,-0.520070,-0.851434,0.067726,0.104538,0.015245,0.994404,0,0.33838,-0.30141,8.741,-0.560,17.381,-1,-1,212.957,-1,952.299,959.158,740.620,632.908,-1,941.092,-1,-1,-1,190.564,22.204,-1,1,2,2,1,2,0,0,0,0,2,0,2,2,2,1,1,2
126,-1185.899,-594.185,-412.840,-149.012,-0.852607,0.516147,0.081562,-0.512055,-0.856368,0.066578,0.104211,0.015001,0.994442,0,0.33945,-0.29657,8.834,-0.541,17.331,-1,-1,201.083,-1,956.945,963.429,733.335,636.007,-1,948.461,-1,-1,-1,179.972,22.198,-1,1,2,2,1,2,0,0,0,0,2,0,2,2,2,1,1,2
127,-1194.442,-596.627,-411.704,-149.549,-0.857366,0.508061,0.082444,-0.504034,-0.861197,0.065488,0.104273,0.014593,0.994442,0,0.34047,-0.29194,8.886,-0.537,17.260,-1,-1,189.145,-1,963.664,969.811,726.132,639.826,-1,952.557,-1,-1,-1,169.336,22.191,-1,1,2,2,1,2,0,0,0,0,2,0,2,2,2,1,1,2
128,-1202.969,-599.025,-410.403,-150.064,-0.861807,0.500317,0.083494,-0.496276,-0.865718,0.065135,0.104871,0.014698,0.994377,0,0.34149,-0.28735,8.858,-0.515,17.280,-1,-1,177.245,-1,974.235,979.066,722.314,643.173,-1,952.978,-1,-1,-1,158.735,22.193,-1,1,2,2,1,2,0,0,0,0,2,0,2,2,2,1,1,2
129,-1211.541,-601.358,-408.983,-150.575,-0.866114,0.492631,0.084630,-0.488533,-0.870107,0.065187,0.105750,0.015115,0.994278,0,0.34246,-0.28298,8.883,-0.510,16.812,-1,-1,165.318,-1,985.919,990.657,720.453,646.274,-1,951.766,-1,-1,-1,148.105,22.183,-1,1,2,2,1,2,0,0,0,0,2,0,2,2,2,1,1,2
130,-1220.223,-603.852,-407.629,-151.039,-0.869990,0.485614,0.085415,-0.481464,-0.874033,0.065260,0.106347,0.015652,0.994206,0,0.34341,-0.27865,9.033,-0.465,16.696,-1,-1,153.490,-1,994.900,1000.689,719.096,649.349,-1,954.349,-1,-1,-1,137.544,22.192,-1,1,2,2,1,2,0,0,0,0,2,0,2,2,2,1,1,2
131,-1228.955,-606.466,-406.479,-151.487,-0.873775,0.478775,0.085398,-0.474680,-0.877796,0.064444,0.105816,0.015772,0.994261,0,0.34426,-0.27481,9.115,-0.448,16.511,-1,-1,141.882,-1,998.302,171.049,714.891,652.701,-1,967.980,-1,-1,-1,127.147,22.217,-1,1,2,2,1,2,0,1,0,0,2,0,2,2,2,1,1,2
132,-1237.724,-609.247,-405.580,-151.903,-0.877362,0.472350,0.084383,-0.468410,-0.881272,0.062854,0.104054,0.015620,0.994449,0,0.34507,-0.27117,9.200,-0.416,16.247,-1,-1,130.529,-1,995.518,156.914,708.448,655.987,-1,998.424,-1,-1,-1,116.946,22.282,-1,1,2,2,1,2,0,1,0,0,2,0,2,2,2,1,1,2
133,-1246.528,-612.186,-404.935,-152.273,-0.880649,0.466589,0.082168,-0.462872,-0.884339,0.060786,0.101027,0.015498,0.994763,0,0.34580,-0.26788,9.281,-0.371,16.000,-1,-1,119.425,-1,987.040,143.255,701.425,658.625,-1,-1,-1,-1,-1,106.939,22.379,-1,1,2,2,1,2,0,1,0,0,2,2,2,2,2,1,1,2
134,-1255.392,-615.279,-404.543,-152.601,-0.883616,0.461490,0.079052,-0.458013,-0.887008,0.058659,0.097191,0.015625,0.995143,0,0.34642,-0.26508,9.388,-0.327,15.831,-1,-1,108.469,-1,974.529,129.901,694.625,660.238,-1,-1,-1,-1,-1,97.054,22.470,-1,1,2,2,1,2,0,1,0,0,2,2,2,2,2,1,1,2
135,-1264.334,-618.461,-404.315,-152.895,-0.886297,0.456925,0.075476,-0.453640,-0.889355,0.057084,0.093208,0.016354,0.995512,0,0.34693,-0.26274,9.491,-0.294,15.665,-1,-1,97.524,-1,961.232,116.636,689.796,660.350,-1,-1,-1,-1,-1,87.184,22.582,-1,1,2,2,1,2,0,1,0,0,2,2,2,2,2,1,1,2
136,-1273.384,-621.801,-404.216,-153.147,-0.888615,0.453046,0.071504,-0.449896,-0.891309,0.056225,0.089204,0.017793,0.995854,0,0.34737,-0.26076,9.647,-0.252,15.420,-1,-1,86.527,-1,947.817,103.376,687.618,658.946,-1,-1,-1,-1,-1,77.277,22.798,-1,1,2,2,1,2,0,1,0,0,2,2,2,2,2,1,1,2
137,-1282.545,-625.255,-404.194,-153.373,-0.890706,0.449585,0.067196,-0.446549,-0.893022,0.055734,0.085065,0.019636,0.996182,0,0.34771,-0.25923,9.791,-0.226,15.259,-1,-1,75.424,-1,933.991,90.036,686.891,656.711,-1,-1,-1,-1,-1,67.290,22.981,-1,1,2,2,1,2,0,1,0,0,2,2,2,2,2,1,1,2
138,-1291.829,-628.772,-404.193,-153.588,-0.892688,0.446297,0.062670,-0.443374,-0.894622,0.055417,0.080799,0.021684,0.996495,0,0.34799,-0.25799,9.928,-0.214,15.206,-1,-1,64.149,-1,920.004,76.521,687.250,654.128,-1,-1,-1,-1,-1,57.167,23.049,-1,1,2,2,1,2,0,1,0,0,2,2,2,2,2,1,1,2
139,-1301.233,-632.301,-404.174,-153.802,-0.894624,0.443027,0.058099,-0.440177,-0.896179,0.055743,0.076763,0.024295,0.996753,0,0.34823,-0.25689,10.044,-0.214,15.207,-1,-1,52.649,-1,907.416,62.752,690.926,650.542,-1,-1,-1,-1,-1,46.865,23.048,-1,1,2,2,1,2,0,1,0,0,2,2,2,2,2,1,1,2
140,-1310.805,-635.777,-404.086,-154.017,-0.896533,0.439726,0.053563,-0.436936,-0.897720,0.056451,0.072907,0.027207,0.996968,0,0.34847,-0.25581,10.184,-0.216,15.221,-1,-1,40.844,-1,896.090,48.638,696.419,646.634,-1,-1,-1,-1,-1,36.316,23.029,-1,1,2,2,1,2,0,1,0,0,2,2,2,2,2,1,1,2
141,-1320.502,-639.195,-403.917,-154.252,-0.898599,0.436045,0.048830,-0.433386,-0.899440,0.056434,0.068528,0.029550,0.997212,0,0.34871,-0.25472,10.281,-0.235,15.281,-1,-1,28.785,-1,883.265,34.246,699.184,643.964,-1,-1,-1,-1,-1,25.563,22.954,-1,1,2,2,1,2,0,1,0,0,2,2,2,2,2,1,1,2
142,-1330.300,-642.634,-403.686,-154.516,-0.900915,0.431785,0.043758,-0.429402,-0.901467,0.054510,0.062983,0.030319,0.997554,0,0.49562,-0.54127,10.384,-0.264,15.359,-1,-1,16.512,-1,866.104,19.630,694.036,644.319,-1,-1,-1,-1,-1,14.644,22.864,-1,1,2,2,1,2,0,1,0,0,2,2,2,2,2,1,1,2
143,-1340.381,-646.182,-403.449,-154.802,-0.903371,0.427095,0.038879,-0.425053,-0.903717,0.051246,0.057022,0.029768,0.997929,0,0.49611,-0.53971,10.687,-0.286,15.446,-1,-1,176.327,-1,847.843,93.307,681.887,647.266,-1,-1,-1,-1,-1,136.447,22.772,-1,1,2,2,1,2,0,1,0,0,2,2,2,2,2,1,1,2
144,-1350.777,-649.828,-403.232,-155.104,-0.905893,0.422121,0.034229,-0.420423,-0.906091,0.047376,0.051013,0.028527,0.998290,0,0.49665,-0.53796,11.017,-0.302,15.481,-1,-1,161.675,-1,829.886,84.166,665.556,651.544,-1,-1,-1,-1,-1,123.969,22.739,-1,1,2,2,1,2,0,1,0,0,2,2,2,2,2,1,1,2
145,-1361.494,-653.553,-403.040,-155.405,-0.908341,0.417161,0.029867,-0.415767,-0.908426,0.043591,0.045317,0.027178,0.998603,0,0.49724,-0.53610,11.345,-0.301,15.453,998.412,-1,145.232,13.268,813.492,74.344,648.728,655.846,-1,-1,-1,-1,-1,110.313,22.765,26.208,1,0,2,1,1,0,1,0,0,2,2,2,2,2,1,1,1
146,-1372.308,-657.363,-402.460,-155.728,-0.910775,0.411871,0.029161,-0.410690,-0.910935,0.039133,0.042681,0.023665,0.998808,0,0.49781,-0.53428,11.466,-0.323,15.288,987.641,-1,124.862,13.277,807.860,62.959,626.875,665.754,-1,-1,-1,-1,-1,94.016,22.946,42.186,1,0,2,1,1,0,1,0,0,2,2,2,2,2,1,1,1
147,-1383.069,-661.395,-401.136,-156.061,-0.913077,0.406368,0.033995,-0.405356,-0.913563,0.032999,0.044466,0.016350,0.998877,0,0.49844,-0.53227,11.492,-0.333,15.253,989.897,-1,97.785,13.283,817.933,48.768,596.243,685.986,-1,-1,-1,-1,-1,73.083,22.989,46.779,1,0,2,1,1,0,1,0,0,2,2,2,2,2,1,1,1
148,-1393.795,-665.603,-399.091,-156.400,-0.915232,0.400609,0.043163,-0.399860,-0.916231,0.025155,0.049625,0.005763,0.998751,0,0.49909,-0.53020,11.522,-0.338,15.265,1002.949,-1,64.839,13.280,840.870,32.093,560.902,716.611,-1,-1,-1,-1,-1,48.142,22.973,48.569,1,0,2,1,1,0,1,0,0,2,2,2,2,2,1,1,1
149,-1404.305,-669.948,-396.467,-156.714,-0.917110,0.394992,0.053763,-0.394712,-0.918662,0.016186,0.055784,-0.006377,0.998423,0,0.49975,-0.52811,11.373,-0.314,-1,-1,-1,27.723,13.290,868.480,13.646,526.651,752.492,-1,-1,-1,-1,-1,20.452,-1,47.772,2,2,2,1,1,0,1,0,0,2,2,2,2,2,1,2,1
150,-1414.455,-674.224,-393.340,-156.993,-0.918757,0.389764,0.062996,-0.390115,-0.920738,0.007144,0.060787,-0.018012,0.997988,0,0.50032,-0.52629,11.014,-0.280,-1,-1,-1,338.577,13.301,894.684,408.568,499.134,788.799,-1,-1,-1,-1,-1,-1,-1,46.532,2,2,2,1,1,0,1,0,0,2,2,2,2,2,2,2,1
151,-1424.212,-678.211,-389.760,-157.288,-0.920579,0.384232,0.069998,-0.385319,-0.922781,-0.002212,0.063743,-0.029008,0.997545,0,0.50079,-0.52478,10.539,-0.294,-1,-1,-1,352.004,13.339,916.295,390.958,477.236,824.752,-1,-1,-1,-1,-1,-1,-1,44.321,2,2,2,1,1,0,1,0,0,2,2,2,2,2,2,2,1
152,-1433.551,-681.802,-385.784,-157.614,-0.922724,0.378194,0.074494,-0.380052,-0.924887,-0.012033,0.064348,-0.039414,0.997149,0,0.50133,-0.52307,10.006,-0.327,-1,-1,-1,363.507,13.436,930.360,376.939,462.629,860.127,-1,-1,-1,-1,-1,-1,-1,37.250,2,2,2,1,1,0,1,0,0,2,2,2,2,2,2,2,1
153,-1442.456,-684.915,-381.494,-157.984,-0.925232,0.371459,0.077227,-0.374122,-0.927096,-0.022941,0.063075,-0.050119,0.996750,0,0.50200,-0.52094,9.434,-0.370,-1,-1,-1,373.921,13.646,938.630,362.636,449.880,897.722,-1,-1,-1,-1,-1,-1,-1,31.159,2,2,2,1,1,0,1,0,0,2,2,2,2,2,2,2,1
154,-1450.724,-687.480,-376.941,-158.444,-0.928408,0.363337,0.077749,-0.366755,-0.929661,-0.034958,0.059578,-0.060970,0.996360,0,0.50283,-0.51829,8.656,-0.460,-1,-1,-1,-1,14.015,939.697,347.604,438.065,935.482,-1,-1,-1,-1,-1,-1,-1,26.932,2,2,2,2,1,0,1,0,0,2,2,2,2,2,2,2,1
155,-1458.431,-689.413,-372.247,-159.032,-0.932388,0.353167,0.076974,-0.357310,-0.932716,-0.048682,0.054602,-0.072894,0.995844,0,0.50399,-0.51460,7.946,-0.588,-1,-1,-1,-1,14.599,935.938,331.439,425.092,976.869,-1,-1,-1,-1,-1,-1,-1,24.255,2,2,2,2,1,0,1,0,0,2,2,2,2,2,2,2,1
156,-1465.699,-690.735,-367.658,-159.732,-0.936989,0.341233,0.074914,-0.346002,-0.936055,-0.063902,0.048318,-0.085796,0.995140,0,0.50560,-0.50949,7.388,-0.700,-1,1006.770,-1,-1,15.404,928.076,314.406,410.768,-1,-1,-1,-1,-1,-1,-1,-1,22.815,2,0,2,2,1,0,1,0,2,2,2,2,2,2,2,2,1
157,-1472.698,-691.730,-363.494,-160.470,-0.941694,0.328924,0.070868,-0.334022,-0.939236,-0.079148,0.040528,-0.098205,0.994341,0,0.50759,-0.50314,7.070,-0.738,-1,988.377,-1,-1,16.332,914.271,297.431,396.999,-1,-1,-1,-1,-1,-1,-1,-1,22.257,2,0,2,2,1,0,1,0,2,2,2,2,2,2,2,2,1
158,-1479.579,-692.710,-360.007,-161.159,-0.945948,0.317753,0.064923,-0.322777,-0.941886,-0.093087,0.031572,-0.109011,0.993539,0,0.50973,-0.49633,6.951,-0.689,-1,963.889,-1,-1,11.794,895.327,284.670,386.374,-1,-1,-1,-1,-1,-1,-1,-1,8.908,2,0,2,2,1,0,1,0,2,2,2,2,2,2,2,2,1
159,-1486.493,-693.631,-357.386,-161.822,-0.949869,0.307324,0.057460,-0.311900,-0.944171,-0.106115,0.021641,-0.118717,0.992692,0,0.51172,-0.49001,6.974,-0.663,-1,935.615,-1,-1,-1,871.594,280.519,378.867,-1,-1,-1,-1,-1,-1,-1,-1,-1,2,0,2,2,2,0,1,0,2,2,2,2,2,2,2,2,2
160,-1493.475,-694.457,-355.799,-162.467,-0.953490,0.297541,0.048239,-0.301245,-0.946178,-0.118315,0.010439,-0.127344,0.991804,0,0.51362,-0.48395,7.031,-0.645,-1,903.134,-1,-1,-1,842.067,273.330,370.626,-1,-1,-1,-1,-1,-1,-1,-1,-1,2,0,2,2,2,0,1,0,2,2,2,2,2,2,2,2,2
161,-1500.548,-695.179,-355.275,-163.095,-0.956789,0.288346,0.037571,-0.290777,-0.947937,-0.129864,-0.001831,-0.135177,0.990820,0,0.51547,-0.47805,7.110,-0.629,-1,867.568,-1,-1,-1,808.344,263.422,361.250,-1,-1,-1,-1,-1,-1,-1,-1,-1,2,0,2,2,2,0,1,0,2,2,2,2,2,2,2,2,2
162,-1507.713,-695.857,-355.814,-163.692,-0.959656,0.280025,0.025409,-0.280765,-0.949454,-0.140383,-0.015186,-0.141853,0.989771,0,0.51728,-0.47231,7.197,-0.597,-1,823.948,-1,-1,-1,770.947,250.810,351.178,-1,-1,-1,-1,-1,-1,-1,-1,-1,2,0,2,2,2,0,1,0,2,2,2,2,2,2,2,2,2
163,-1514.976,-696.497,-357.391,-164.245,-0.962005,0.272782,0.011650,-0.271405,-0.950758,-0.149661,-0.029748,-0.147137,0.988669,0,0.51898,-0.46688,7.291,-0.553,-1,778.303,-1,242.888,-1,729.616,235.533,340.674,-1,-1,-1,-1,-1,-1,-1,-1,-1,2,0,2,1,2,0,1,0,2,2,2,2,2,2,2,2,2
164,-1522.375,-697.079,-359.956,-164.735,-0.963717,0.266902,-0.003677,-0.263015,-0.951850,-0.157492,-0.045535,-0.150811,0.987513,0,0.40614,-0.11747,7.421,-0.490,-1,731.560,-1,230.888,-1,685.781,217.779,330.012,-1,-1,-1,-1,-1,-1,-1,-1,-1,2,0,2,1,2,0,1,0,2,2,2,2,2,2,2,2,2
165,-1530.059,-697.632,-363.195,-165.170,-0.964938,0.261799,-0.018853,-0.255497,-0.953306,-0.161027,-0.060129,-0.150564,0.986770,0,0.40721,-0.11311,7.705,-0.435,16.104,690.926,-1,224.180,-1,646.387,199.978,322.597,-1,-1,-1,-1,-1,-1,-1,22.333,-1,1,0,2,1,2,0,1,0,2,2,2,2,2,2,2,1,2
166,-1538.257,-698.005,-366.797,-165.535,-0.965842,0.257164,-0.031878,-0.249151,-0.955398,-0.158550,-0.071230,-0.145192,0.986836,0,0.40814,-0.10932,8.207,-0.366,15.840,661.447,-1,102.707,-1,616.243,184.211,320.513,-1,-1,-1,-1,-1,-1,-1,22.464,-1,1,0,2,1,2,0,1,0,2,2,2,2,2,2,2,1,2
167,-1548.820,-698.109,-371.398,-165.898,-0.966804,0.251647,-0.044312,-0.242872,-0.958913,-0.146627,-0.079390,-0.130997,0.988199,0,0.40890,-0.10623,10.563,-0.363,15.469,643.245,-1,72.570,-1,592.514,168.363,329.393,-1,-1,-1,-1,-1,1001.399,-1,22.750,-1,1,0,2,1,2,0,1,0,2,2,2,2,2,0,2,1,2
168,-1556.311,-697.933,-374.671,-166.099,-0.967453,0.247923,-0.050674,-0.239434,-0.961659,-0.133730,-0.081886,-0.117244,0.989721,0,0.40963,-0.10325,7.493,-0.201,15.282,640.059,-1,49.790,-1,583.133,159.345,340.711,-1,-1,-1,-1,-1,1000.343,185.704,22.952,-1,1,0,2,1,2,0,1,0,2,2,2,2,2,0,1,1,2
169,-1566.091,-697.456,-379.116,-166.318,-0.968296,0.243167,-0.057201,-0.235728,-0.965237,-0.112918,-0.082670,-0.095854,0.991956,0,0.41002,-0.10167,9.793,-0.218,15.112,643.277,-1,17.013,-1,576.082,148.875,360.604,986.443,-1,-1,-1,-1,-1,21.046,23.182,-1,1,0,2,1,2,0,1,0,0,2,2,2,2,2,1,1,2
170,-1576.212,-696.728,-384.111,-166.517,-0.969147,0.238240,-0.063216,-0.232369,-0.968632,-0.088075,-0.082216,-0.070668,0.994106,0,0.41043,-0.10000,10.146,-0.199,15.000,650.481,-1,40.059,-1,570.853,18.895,386.566,904.113,-1,-1,-1,-1,-1,27.418,23.361,-1,1,0,2,1,2,0,1,0,0,2,2,2,2,2,1,1,2
171,-1586.536,-695.800,-389.823,-166.712,-0.969953,0.233042,-0.069870,-0.229073,-0.971535,-0.060382,-0.081953,-0.042562,0.995727,0,0.41079,-0.09849,10.366,-0.195,14.937,657.878,-1,12.183,-1,248.763,53.720,418.446,821.872,-1,-1,-1,-1,-1,8.003,23.473,-1,1,0,2,1,2,1,1,0,0,2,2,2,2,2,1,1,2
172,-1596.961,-694.698,-396.352,-166.918,-0.970698,0.227311,-0.077948,-0.225562,-0.973746,-0.030667,-0.082872,-0.012186,0.996486,0,0.41116,-0.09701,10.483,-0.206,-1,662.598,209.331,169.160,-1,225.889,12.866,458.378,742.879,-1,-1,-1,-1,-1,158.133,-1,-1,2,0,1,1,2,1,1,0,0,2,2,2,2,2,1,2,2
173,-1607.430,-693.364,-403.733,-167.134,-0.971286,0.220989,-0.088136,-0.221843,-0.975082,-0.000104,-0.085962,0.019451,0.996108,0,0.41155,-0.09540,10.554,-0.216,-1,661.230,177.053,161.578,-1,201.450,31.165,507.608,666.127,-1,-1,-1,-1,-1,151.576,-1,-1,2,0,1,1,2,1,1,0,0,2,2,2,2,2,1,2,2
174,-1617.976,-692.022,-411.871,-167.342,-0.971618,0.214073,-0.100659,-0.218221,-0.975373,0.032050,-0.091319,0.053106,0.994405,0,0.41198,-0.09365,10.631,-0.207,-1,654.066,138.405,153.857,-1,175.688,44.572,572.059,590.456,-1,-1,-1,-1,-1,144.810,-1,-1,2,0,1,1,2,1,1,0,0,2,2,2,2,2,1,2,2
175,-1628.675,-691.243,-419.430,-167.501,-0.971498,0.207535,-0.114543,-0.215352,-0.974656,0.060578,-0.099068,0.083518,0.991570,0,0.41238,-0.09200,10.727,-0.160,-1,640.063,97.826,144.599,13.350,153.738,51.278,652.557,519.985,-1,-1,-1,-1,-1,136.411,-1,43.217,2,0,1,1,1,1,1,0,0,2,2,2,2,2,1,2,1
176,-1639.809,-691.643,-424.316,-167.663,-0.971384,0.202302,-0.124447,-0.212460,-0.974325,0.074505,-0.106179,0.098813,0.989425,0,0.41265,-0.09094,11.141,-0.161,-1,623.210,66.723,132.539,13.313,134.849,54.497,699.947,485.353,-1,-1,-1,-1,-1,125.086,14.283,48.081,2,0,1,1,1,1,1,0,0,2,2,2,2,2,1,1,1
177,-1651.444,-693.118,-426.242,-167.860,-0.971462,0.198595,-0.129701,-0.208981,-0.975268,0.071965,-0.112201,0.097016,0.988938,0,0.41285,-0.09011,11.728,-0.197,14.996,604.335,46.221,117.696,13.345,117.958,56.758,689.167,485.857,-1,-1,-1,-1,1004.297,110.885,23.368,43.710,1,0,1,1,1,1,1,0,0,2,2,2,2,0,1,1,1
178,-1663.738,-695.423,-425.794,-168.047,-0.971708,0.196700,-0.130738,-0.205703,-0.976821,0.059223,-0.116059,0.084440,0.989646,0,0.41308,-0.08916,12.508,-0.188,14.940,589.496,35.200,100.001,13.365,102.936,59.365,644.666,510.057,-1,-1,-1,-1,975.118,93.953,23.468,41.771,1,0,1,1,1,1,1,0,0,2,2,2,2,0,1,1,1
179,-1676.659,-698.174,-423.975,-168.235,-0.972189,0.195513,-0.128929,-0.202477,-0.978334,0.043198,-0.117690,0.068102,0.990712,0,0.40682,0.23593,13.211,-0.188,14.824,581.153,30.600,80.465,13.413,88.687,62.214,602.013,545.538,-1,-1,-1,-1,149.966,75.386,23.698,38.473,1,0,1,1,1,1,1,0,0,2,2,2,2,1,1,1,1
180,-1690.018,-701.067,-421.769,-168.418,-0.972777,0.194247,-0.126385,-0.199366,-0.979494,0.029074,-0.118146,0.053479,0.991555,0,0.40695,0.23646,13.668,-0.183,14.744,136.760,28.358,60.067,13.451,74.378,46.364,572.727,581.118,-1,-1,-1,-1,115.237,56.147,23.878,36.587,1,1,1,1,1,1,1,0,0,2,2,2,2,1,1,1,1
181,-1703.593,-703.958,-419.940,-168.607,-0.973356,0.192348,-0.124823,-0.196147,-0.980395,0.018773,-0.118765,0.042757,0.992001,0,0.40705,0.23687,13.879,-0.189,14.608,93.466,24.798,39.510,13.524,59.466,30.440,557.521,606.464,-1,-1,-1,-1,90.120,36.865,24.228,21.886,1,1,1,1,1,1,1,0,0,2,2,2,2,1,1,1,1
182,-1717.225,-706.754,-418.754,-168.767,-0.973604,0.190354,-0.125937,-0.193365,-0.981053,0.012017,-0.121263,0.036052,0.991965,0,0.40715,0.23731,13.917,-0.160,9.622,68.857,17.076,18.702,-1,43.969,14.384,552.165,622.740,-1,-1,-1,-1,66.461,17.420,8.480,-1,1,1,1,1,2,1,1,0,0,2,2,2,2,1,1,1,2
183,-1730.912,-709.491,-418.291,-168.838,-0.973288,0.189331,-0.129866,-0.192038,-0.981350,0.008533,-0.125828,0.033244,0.991495,0,0.40719,0.23747,13.958,-0.072,-1,44.175,74.339,61.672,-1,28.246,59.529,553.458,631.116,-1,-1,-1,-1,42.612,58.608,-1,-1,2,1,1,1,2,1,1,0,0,2,2,2,2,1,1,2,2
184,-1744.697,-712.119,-418.582,-168.852,-0.972529,0.188816,-0.136148,-0.191641,-0.981434,0.007830,-0.132142,0.033707,0.990658,0,0.40701,0.23673,14.032,-0.014,-1,18.642,59.991,44.812,-1,11.917,43.268,559.869,632.422,-1,-1,-1,-1,17.945,42.530,-1,-1,2,1,1,1,2,1,1,0,0,2,2,2,2,1,1,2,2
185,-1758.709,-714.678,-419.770,-168.848,-0.971654,0.188310,-0.142927,-0.191553,-0.981440,0.009150,-0.138551,0.036268,0.989691,0,0.40670,0.23543,14.245,0.005,-1,71.293,45.612,27.489,-1,72.453,26.553,568.725,628.426,-1,-1,-1,-1,71.303,26.055,-1,-1,2,1,1,1,2,1,1,0,0,2,2,2,2,1,1,2,2
186,-1773.137,-717.316,-421.793,-168.826,-0.971028,0.188092,-0.147400,-0.191815,-0.981366,0.011335,-0.142521,0.039280,0.989012,0,0.40634,0.23392,14.667,0.022,-1,56.385,30.887,9.785,14.138,57.298,9.455,576.585,622.376,-1,-1,-1,-1,56.360,9.267,-1,26.140,2,1,1,1,1,1,1,0,0,2,2,2,2,1,1,2,1
187,-1791.011,-720.816,-425.138,-168.763,-0.970766,0.188557,-0.148523,-0.192869,-0.981109,0.015052,-0.142880,0.043257,0.988794,0,0.40592,0.23218,18.214,0.063,-1,38.447,12.746,498.199,14.490,39.043,423.125,584.767,613.436,-1,-1,-1,-1,38.433,759.603,-1,24.589,2,1,1,0,1,1,0,0,0,2,2,2,2,1,0,2,1
188,-1803.244,-723.502,-427.783,-168.665,-0.970774,0.189854,-0.146807,-0.194597,-0.980709,0.018512,-0.140460,0.046539,0.988992,0,0.40530,0.22961,12.524,0.098,-1,26.506,-1,496.476,14.816,26.888,422.417,590.260,605.915,-1,-1,-1,-1,26.510,755.022,-1,23.716,2,1,2,0,1,1,0,0,0,2,2,2,2,1,0,2,1
189,-1818.817,-727.348,-431.344,-168.455,-0.970807,0.192965,-0.142469,-0.198305,-0.979843,0.024150,-0.134937,0.051697,0.989505,0,0.40472,0.22723,16.041,0.210,-1,11.635,-1,497.483,15.172,11.778,424.504,598.992,592.590,-1,-1,-1,-1,11.650,754.712,-1,23.095,2,1,2,0,1,1,0,0,0,2,2,2,2,1,0,2,1
190,-1834.205,-731.547,-434.847,-168.173,-0.970668,0.197485,-0.137124,-0.203252,-0.978689,0.029277,-0.128420,0.056289,0.990121,0,-0.22656,-0.00758,15.951,0.282,-1,542.578,-1,500.434,15.157,439.341,428.295,606.179,581.073,-1,-1,-1,-1,847.715,758.069,-1,23.116,2,0,2,0,1,0,0,0,0,2,2,2,2,0,0,2,1
191,-1848.872,-735.827,-437.869,-167.877,-0.970137,0.202447,-0.133601,-0.208381,-0.977528,0.031885,-0.124143,0.058773,0.990522,0,-0.22591,-0.01235,15.279,0.296,-1,546.507,-1,501.511,15.830,441.526,430.068,608.408,572.342,-1,-1,-1,-1,851.771,758.496,-1,22.471,2,0,2,0,1,0,0,0,0,2,2,2,2,0,0,2,1
192,-1862.525,-740.384,-440.032,-167.509,-0.968845,0.208625,-0.133470,-0.214625,-0.976169,0.032107,-0.123591,0.059753,0.990533,0,-0.22525,-0.01724,14.393,0.368,-1,543.879,-1,498.619,15.711,439.473,428.039,607.948,567.791,-1,-1,-1,-1,844.160,751.864,-1,22.549,2,0,2,0,1,0,0,0,0,2,2,2,2,0,0,2,1
193,-1875.437,-744.946,-441.315,-167.159,-0.967345,0.214761,-0.134619,-0.220499,-0.974953,0.029095,-0.124999,0.057829,0.990470,0,-0.22449,-0.02284,13.694,0.350,-1,537.608,-1,495.771,15.619,435.752,425.249,601.749,570.112,-1,-1,-1,-1,830.232,744.351,-1,22.618,2,0,2,0,1,0,0,0,0,2,2,2,2,0,0,2,1
194,-1887.843,-749.507,-441.988,-166.843,-0.965939,0.220641,-0.135203,-0.225801,-0.973880,0.023905,-0.126397,0.053620,0.990529,0,-0.22377,-0.02822,13.218,0.317,-1,531.364,-1,495.558,15.523,432.794,424.068,591.376,577.521,-1,-1,-1,-1,816.201,740.774,-1,22.700,2,0,2,0,1,0,0,0,0,2,2,2,2,0,0,2,1
195,-1899.874,-754.056,-442.267,-166.547,-0.964684,0.226418,-0.134605,-0.230769,-0.972852,0.017438,-0.127003,0.047885,0.990746,0,-0.22309,-0.03323,12.862,0.296,-1,526.517,-1,498.490,15.418,431.546,424.912,578.627,588.167,-1,-1,-1,-1,804.401,741.516,-1,22.801,2,0,2,0,1,0,0,0,0,2,2,2,2,0,0,2,1
196,-1911.538,-758.513,-442.263,-166.262,-0.963464,0.232090,-0.133682,-0.235544,-0.971808,0.010415,-0.127496,0.041522,0.990970,0,-0.22244,-0.03803,12.487,0.285,13.276,522.233,-1,502.620,15.299,430.918,426.117,566.832,600.831,-1,-1,-1,-1,793.391,743.914,18.248,22.932,1,0,2,0,1,0,0,0,0,2,2,2,2,0,0,1,1
197,-1922.839,-762.844,-442.081,-166.011,-0.962292,0.237110,-0.133315,-0.239727,-0.970833,0.003704,-0.128548,0.035523,0.991067,0,-0.22181,-0.04267,12.102,0.251,13.284,517.627,-1,504.914,15.240,429.884,426.805,557.136,612.739,-1,-1,-1,-1,782.013,745.008,20.494,23.004,1,0,2,0,1,0,0,0,0,2,2,2,2,0,0,1,1
198,-1933.796,-767.055,-441.860,-165.781,-0.961150,0.241682,-0.133346,-0.243549,-0.969886,-0.002379,-0.129905,0.030190,0.991067,0,-0.22123,-0.04694,11.738,0.230,13.297,513.004,-1,505.891,15.174,428.416,426.929,549.313,622.937,-1,-1,-1,-1,770.833,744.829,23.978,23.092,1,0,2,0,1,0,0,0,0,2,2,2,2,0,0,1,1
199,-1944.464,-771.085,-441.724,-165.570,-0.960068,0.245801,-0.133610,-0.247034,-0.968978,-0.007536,-0.131318,0.025771,0.991005,0,-0.22069,-0.05096,11.404,0.211,13.301,508.664,-1,506.133,15.153,426.543,426.597,543.230,631.175,-1,-1,-1,-1,760.397,743.491,25.325,23.122,1,0,2,0,1,0,0,0,0,2,2,2,2,0,0,1,1
200,-1954.843,-774.951,-441.804,-165.370,-0.959014,0.249573,-0.134185,-0.250334,-0.968092,-0.011452,-0.132761,0.022608,0.990890,0,-0.22017,-0.05473,11.076,0.200,13.298,504.512,-1,505.223,15.167,424.394,425.591,538.835,636.110,-1,-1,-1,-1,750.648,740.398,26.253,23.102,1,0,2,0,1,0,0,0,0,2,2,2,2,0,0,1,1
201,-1964.933,-778.676,-442.151,-165.173,-0.958010,0.253141,-0.134668,-0.253592,-0.967209,-0.014086,-0.133817,0.020657,0.990791,0,-0.21968,-0.05835,10.756,0.197,13.295,501.114,-1,503.765,15.183,422.433,424.405,536.306,638.355,-1,-1,-1,-1,742.411,736.619,27.360,23.080,1,0,2,0,1,0,0,0,0,2,2,2,2,0,0,1,1
202,-1974.675,-782.263,-442.792,-164.975,-0.957046,0.256597,-0.134988,-0.256893,-0.966315,-0.015518,-0.134423,0.019826,0.990726,0,-0.21920,-0.06190,10.381,0.199,13.387,498.431,-1,501.750,14.885,420.666,423.073,535.275,637.965,-1,-1,-1,-1,735.631,732.342,29.059,23.572,1,0,2,0,1,0,0,0,0,2,2,2,2,0,0,1,1
203,-1984.124,-785.534,-443.704,-164.826,-0.956398,0.259195,-0.134614,-0.259388,-0.965634,-0.016413,-0.134242,0.019220,0.990762,0,-0.21873,-0.06542,9.999,0.149,13.391,496.655,-1,500.135,14.876,419.502,422.294,534.162,636.608,-1,-1,-1,-1,730.616,729.319,30.739,23.590,1,0,2,0,1,0,0,0,0,2,2,2,2,0,0,1,1
204,-1993.243,-788.616,-444.857,-164.685,-0.955907,0.261549,-0.133541,-0.261770,-0.964994,-0.016218,-0.133108,0.019454,0.990911,0,-0.21833,-0.06837,9.626,0.140,13.391,496.090,-1,499.147,14.875,419.278,422.227,534.173,633.250,-1,-1,-1,-1,728.181,727.550,31.507,23.592,1,0,2,0,1,0,0,0,0,2,2,2,2,0,0,1,1
205,-2002.024,-791.541,-446.188,-164.551,-0.955552,0.263691,-0.131858,-0.264082,-0.964386,-0.014833,-0.131074,0.020648,0.991158,0,-0.21795,-0.07117,9.255,0.134,13.401,497.131,-1,498.769,14.852,420.064,422.902,535.724,627.841,-1,-1,-1,-1,728.434,726.960,31.435,23.640,1,0,2,0,1,0,0,0,0,2,2,2,2,0,0,1,1
206,-2011.004,-794.583,-447.753,-164.420,-0.955531,0.265658,-0.128013,-0.266421,-0.963789,-0.011438,-0.126416,0.023176,0.991706,0,0.72259,-0.37611,9.482,0.131,13.418,502.783,-1,501.530,14.813,424.232,426.654,539.859,619.807,-1,-1,-1,-1,735.846,731.499,28.863,23.721,1,0,2,0,1,0,0,0,0,2,2,2,2,0,0,1,1
207,-2020.958,-797.954,-449.709,-164.287,-0.955952,0.267678,-0.120434,-0.268939,-0.963139,-0.005965,-0.117591,0.026688,0.992703,0,0.72138,-0.37881,10.510,0.133,9.284,515.462,-1,509.965,15.025,433.881,433.904,545.873,609.557,-1,-1,-1,-1,754.070,745.565,8.708,23.319,1,0,2,0,1,0,0,0,0,2,2,2,2,0,0,1,1
208,-2031.698,-801.786,-452.031,-164.102,-0.956269,0.270467,-0.111342,-0.272362,-0.962193,0.001884,-0.106623,0.032127,0.993780,0,0.72008,-0.38169,11.403,0.185,958.781,531.284,-1,518.472,17.463,446.654,442.989,555.538,595.575,-1,-1,14.277,-1,779.622,763.416,-1,22.215,0,0,2,0,1,0,0,0,0,2,2,1,2,0,0,2,1
209,-2042.123,-806.934,-454.487,-163.599,-0.954864,0.277991,-0.104674,-0.281055,-0.959567,0.015463,-0.096143,0.044184,0.994386,0,0.71848,-0.38526,11.627,0.503,-1,548.848,-1,522.580,17.618,457.835,450.356,577.828,566.716,-1,-1,23.597,-1,810.449,773.070,-1,22.239,2,0,2,0,1,0,0,0,0,2,2,1,2,0,0,2,1
210,-2052.580,-812.688,-456.634,-162.914,-0.952278,0.288582,-0.099430,-0.292710,-0.955747,0.029469,-0.086525,0.057167,0.994608,0,0.71533,-0.39226,11.936,0.685,-1,566.870,-1,525.467,17.324,468.234,457.149,602.348,535.727,-1,-1,33.752,-1,840.075,780.013,-1,22.198,2,0,2,0,1,0,0,0,0,2,2,1,2,0,0,2,1
211,-2063.295,-818.820,-457.989,-162.218,-0.949204,0.299655,-0.096019,-0.304423,-0.951728,0.039254,-0.079621,0.066490,0.994605,0,0.71131,-0.40121,12.346,0.695,-1,580.195,-1,527.462,17.074,475.903,462.305,621.599,514.284,-1,11.372,45.257,-1,861.137,784.616,-1,22.180,2,0,2,0,1,0,0,0,0,2,1,1,2,0,0,2,1
212,-2074.358,-825.287,-458.609,-161.572,-0.946014,0.310207,-0.093966,-0.315206,-0.948015,0.043726,-0.075517,0.070984,0.994615,0,0.70719,-0.41037,12.814,0.646,-1,584.597,-1,528.868,16.972,480.328,465.470,633.192,503.825,-1,22.911,58.082,-1,870.684,787.443,-1,22.178,2,0,2,0,1,0,0,0,0,2,1,1,2,0,0,2,1
213,-2085.317,-831.753,-458.411,-161.014,-0.942883,0.319628,-0.093856,-0.324408,-0.945043,0.040667,-0.075699,0.068792,0.994755,0,0.70324,-0.41915,12.725,0.559,-1,579.827,-1,528.403,16.696,479.105,464.987,628.786,506.956,-1,35.280,72.028,-1,860.637,786.146,-1,22.191,2,0,2,0,1,0,0,0,0,2,1,1,2,0,0,2,1
214,-2094.986,-837.622,-457.012,-160.569,-0.939570,0.327542,-0.099622,-0.331454,-0.943136,0.025163,-0.085716,0.056662,0.994707,0,0.69968,-0.42706,11.310,0.445,-1,556.243,-1,519.505,17.356,464.730,454.273,602.850,530.288,-1,20.625,87.244,-1,813.698,768.360,-1,22.201,2,0,2,0,1,0,0,0,0,2,1,1,2,0,0,2,1
215,-2103.252,-843.389,-454.952,-160.135,-0.935362,0.335770,-0.111163,-0.337951,-0.941163,0.000830,-0.104344,0.038344,0.993802,0,0.69674,-0.43361,10.079,0.434,883.149,519.090,-1,501.773,18.881,439.772,434.450,567.022,567.687,-1,38.223,103.716,-1,742.872,733.703,992.181,22.600,0,0,2,0,1,0,0,0,0,2,1,1,2,0,0,0,1
216,-2110.363,-848.775,-452.611,-159.559,-0.929247,0.347322,-0.125967,-0.346340,-0.937619,-0.030331,-0.128644,0.015442,0.991571,0,0.69391,-0.43989,8.920,0.576,28.469,474.932,-1,479.142,10.409,409.240,409.851,524.245,617.869,-1,54.132,121.810,-1,666.906,690.558,29.793,22.537,1,0,2,0,1,0,0,0,0,2,1,1,2,0,0,1,1
217,-2117.030,-854.034,-449.794,-158.922,-0.922222,0.360521,-0.139757,-0.355445,-0.932730,-0.060606,-0.152205,-0.006216,0.988329,0,0.69053,-0.44742,8.491,0.637,42.135,434.912,-1,459.157,927.519,382.642,388.631,490.056,668.915,-1,68.688,140.623,-1,603.692,652.941,44.048,859.734,1,0,2,0,0,0,0,0,0,2,1,1,2,0,0,1,0
218,-2123.639,-859.180,-446.365,-158.372,-0.915743,0.372473,-0.150596,-0.363088,-0.927714,-0.086679,-0.171996,-0.024696,0.984788,0,0.68690,-0.45549,8.376,0.550,49.094,405.644,958.529,445.232,906.281,362.168,373.746,466.338,711.090,-1,83.722,159.050,-1,556.600,626.285,50.854,815.343,1,0,0,0,0,0,0,0,0,2,1,1,2,0,0,1,0
219,-2130.144,-863.988,-442.119,-157.944,-0.910373,0.382306,-0.158311,-0.368849,-0.923162,-0.108271,-0.187539,-0.040174,0.981435,0,0.68367,-0.46267,8.089,0.428,28.042,387.019,899.898,437.830,899.703,349.609,365.368,450.926,752.500,-1,99.219,176.489,-1,525.304,610.729,54.048,791.416,1,0,0,0,0,0,0,0,0,2,1,1,2,0,0,1,0
220,-2136.130,-868.248,-436.781,-157.598,-0.905883,0.390415,-0.164171,-0.373415,-0.919155,-0.125362,-0.199842,-0.052259,0.978433,0,0.68102,-0.46856,7.348,0.346,21.885,376.840,861.907,435.615,902.128,343.549,362.161,444.295,790.230,-1,114.425,192.765,-1,506.499,603.482,55.879,781.355,1,0,0,0,0,0,0,0,0,2,1,1,2,0,0,1,0
221,-2141.466,-871.953,-430.417,-157.349,-0.902415,0.396397,-0.168867,-0.376585,-0.916060,-0.137902,-0.209356,-0.060852,0.975944,0,0.67882,-0.47347,6.496,0.249,20.150,373.647,842.000,437.670,910.689,342.969,363.243,445.604,822.487,-1,129.780,186.001,-1,497.759,602.943,54.624,781.242,1,0,0,0,0,0,0,0,0,2,1,1,2,0,0,1,0
222,-2146.245,-875.185,-423.385,-157.165,-0.899720,0.400809,-0.172790,-0.378861,-0.913737,-0.146797,-0.216723,-0.066613,0.973958,0,0.67712,-0.47724,5.769,0.184,19.861,375.334,834.182,442.651,922.758,346.242,367.297,452.618,848.001,-1,144.846,169.391,-1,495.971,606.911,50.741,787.484,1,0,0,0,0,0,0,0,0,2,1,1,2,0,0,1,0
223,-2150.498,-878.005,-416.147,-157.026,-0.897496,0.404132,-0.176574,-0.380480,-0.911982,-0.153373,-0.223015,-0.070469,0.972265,0,0.27343,-0.52589,5.103,0.138,19.746,379.304,831.782,448.653,934.176,351.208,372.527,462.775,869.299,-1,159.490,154.399,-1,497.554,612.478,44.475,795.439,1,0,0,0,0,0,0,0,0,2,1,1,2,0,0,1,0
224,-2154.281,-880.496,-409.224,-156.913,-0.895457,0.406839,-0.180660,-0.381700,-0.910570,-0.158641,-0.229045,-0.073098,0.970667,0,0.27299,-0.52827,4.529,0.113,19.513,383.396,829.695,453.939,939.157,356.003,377.335,473.894,887.608,-1,173.473,140.679,-1,499.641,617.060,35.998,800.996,1,0,0,0,0,0,0,0,0,2,1,1,2,0,0,1,0
225,-2157.766,-882.848,-403.059,-156.811,-0.893404,0.409323,-0.185158,-0.382717,-0.909285,-0.163485,-0.235280,-0.075195,0.969015,0,0.27263,-0.53028,4.205,0.103,19.014,386.052,824.708,457.379,940.172,359.308,380.635,483.881,904.076,-1,186.867,128.607,-1,500.184,619.060,24.546,802.095,1,0,0,0,0,0,0,0,0,2,1,1,2,0,0,1,0
226,-2161.020,-885.127,-397.903,-156.722,-0.891226,0.411723,-0.190263,-0.383414,-0.908001,-0.168905,-0.242301,-0.077583,0.967094,0,0.27229,-0.53213,3.972,0.088,451.237,385.934,814.116,458.142,936.560,360.031,381.568,491.068,919.586,-1,-1,118.402,-1,497.438,617.285,480.414,797.349,0,0,0,0,0,0,0,0,0,2,2,1,2,0,0,0,0
227,-2164.050,-887.298,-393.814,-156.657,-0.888900,0.414037,-0.196038,-0.383619,-0.906671,-0.175455,-0.250387,-0.080758,0.964772,0,0.27198,-0.53381,3.727,0.066,443.726,382.567,797.209,456.044,928.521,357.805,379.888,494.809,934.867,-1,-1,12.209,-1,490.808,611.500,471.451,786.758,0,0,0,0,0,0,0,0,0,2,2,1,2,0,0,0,0
228,-2166.793,-889.313,-390.752,-156.611,-0.886315,0.416374,-0.202680,-0.383347,-0.905234,-0.183292,-0.259790,-0.084758,0.961938,0,0.27173,-0.53521,3.404,0.046,431.305,375.864,773.406,450.950,914.576,352.525,375.493,495.123,949.428,-1,-1,19.460,-1,480.208,601.504,457.204,770.173,0,0,0,0,0,0,0,0,0,2,2,1,2,0,0,0,0
229,-2169.198,-891.177,-388.576,-156.570,-0.883418,0.418789,-0.210209,-0.382830,-0.903733,-0.191594,-0.270210,-0.088783,0.958699,0,0.27152,-0.53635,3.042,0.040,414.915,366.798,745.901,443.275,892.497,344.929,368.900,493.459,962.662,-1,-1,26.482,-1,466.930,587.961,439.764,748.498,0,0,0,0,0,0,0,0,0,2,2,1,2,0,0,0,0
230,-2171.265,-892.765,-387.072,-156.547,-0.880407,0.420984,-0.218300,-0.381958,-0.902346,-0.199699,-0.281053,-0.092435,0.955230,0,0.27133,-0.53738,2.607,0.024,13.340,356.615,716.500,434.062,866.931,336.164,361.052,490.934,973.950,-1,-1,33.018,-1,452.601,572.484,27.770,724.306,1,0,0,0,0,0,0,0,0,2,2,1,2,0,0,1,0
231,-2173.010,-893.991,-386.038,-156.546,-0.877518,0.422626,-0.226603,-0.380717,-0.901304,-0.206652,-0.291575,-0.095070,0.951812,0,0.27119,-0.53815,2.132,0.001,13.304,346.647,688.457,424.348,840.066,327.337,352.918,488.943,982.140,-1,-1,38.795,-1,438.924,556.607,34.943,699.842,1,0,0,0,0,0,0,0,0,2,2,1,2,0,0,1,0
232,1589.813,4422.290,196.878,-137.435,-0.736510,0.674169,0.055217,-0.676427,-0.734063,-0.059981,0.000095,-0.081527,0.996671,1,0.27112,-0.53858,0.000,0.000,14.023,-1,-1,-1,13.978,679.724,646.630,560.704,506.858,-1,-1,-1,-1,-1,-1,26.878,27.219,1,2,2,2,1,0,0,0,0,2,2,2,2,2,2,1,1
233,1589.107,4422.355,199.935,-137.421,-0.736340,0.674831,0.049053,-0.676611,-0.734513,-0.051852,0.001039,-0.071370,0.997449,0,0.51092,0.79873,0.709,0.014,-1,-1,-1,-1,11.819,708.105,663.623,593.601,497.303,-1,-1,-1,-1,-1,-1,-1,10.320,2,2,2,2,1,0,0,0,0,2,2,2,2,2,2,2,1
234,1588.048,4421.749,202.028,-137.344,-0.735433,0.676090,0.045165,-0.677587,-0.734151,-0.043566,0.003703,-0.062643,0.998029,0,0.51097,0.79861,1.221,0.076,-1,-1,-1,-1,-1,743.126,691.119,621.366,488.619,-1,-1,-1,-1,-1,-1,-1,-1,2,2,2,2,2,0,0,0,0,2,2,2,2,2,2,2,2
235,1586.755,4420.569,203.226,-137.222,-0.733970,0.677816,0.043051,-0.679147,-0.733103,-0.036327,0.006937,-0.055901,0.998412,0,0.51123,0.79791,1.750,0.123,-1,-1,-1,-1,-1,778.429,720.715,642.705,481.527,-1,-1,-1,-1,-1,-1,-1,-1,2,2,2,2,2,0,0,0,0,2,2,2,2,2,2,2,2
236,1585.342,4418.799,203.623,-137.058,-0.732006,0.679984,0.042305,-0.681226,-0.731418,-0.030944,0.009901,-0.051471,0.998625,0,0.51167,0.79675,2.265,0.164,-1,-1,-1,-1,-1,812.475,747.933,656.177,476.409,-1,-1,-1,-1,-1,-1,-1,-1,2,2,2,2,2,0,0,0,0,2,2,2,2,2,2,2,2
237,1583.848,4416.437,203.316,-136.861,-0.729639,0.682482,0.042964,-0.683726,-0.729194,-0.028201,0.012082,-0.049952,0.998679,0,0.51225,0.79520,2.796,0.197,-1,-1,-1,-1,-1,839.282,769.576,659.660,474.105,-1,-1,-1,-1,-1,-1,-1,-1,2,2,2,2,2,0,0,0,0,2,2,2,2,2,2,2,2
238,1582.319,4413.489,202.380,-136.634,-0.726922,0.685236,0.045123,-0.686593,-0.726479,-0.028605,0.013180,-0.051775,0.998572,0,0.51296,0.79332,3.321,0.226,-1,-1,-1,-1,-1,854.943,783.082,652.429,475.618,-1,-1,-1,-1,-1,-1,-1,-1,2,2,2,2,2,0,0,0,0,2,2,2,2,2,2,2,2
239,1580.743,4409.965,200.845,-136.387,-0.723950,0.688124,0.048792,-0.689728,-0.723348,-0.032284,0.013078,-0.057025,0.998287,0,0.51377,0.79116,3.860,0.248,-1,-1,-1,-1,-1,851.809,786.098,634.310,481.155,-1,-1,-1,-1,-1,-1,-1,-1,2,2,2,2,2,0,0,0,0,2,2,2,2,2,2,2,2
240,1579.140,4405.895,198.887,-136.115,-0.720696,0.691269,0.052393,-0.693167,-0.719727,-0.038887,0.010827,-0.064342,0.997869,0,0.51466,0.78880,4.374,0.271,-1,-1,-1,-1,-1,822.744,773.645,610.182,489.098,-1,-1,-1,-1,-1,-1,-1,-1,2,2,2,2,2,0,0,0,0,2,2,2,2,2,2,2,2
241,1577.441,4401.363,196.695,-135.826,-0.717213,0.694679,0.055015,-0.696826,-0.715657,-0.047633,0.006282,-0.072499,0.997349,0,0.51563,0.78621,4.840,0.289,-1,-1,-1,-1,15.329,778.539,746.376,584.164,498.071,-1,-1,-1,-1,-1,-1,-1,10.551,2,2,2,2,1,0,0,0,0,2,2,2,2,2,2,2,1
242,1575.351,4396.292,194.725,-135.541,-0.713750,0.698066,0.057144,-0.700397,-0.711635,-0.054961,0.002300,-0.079252,0.996852,0,0.51667,0.78345,5.484,0.285,27.832,-1,-1,-1,18.634,747.704,725.961,562.817,505.687,-1,-1,-1,-1,-1,-1,29.073,22.512,1,2,2,2,1,0,0,0,0,2,2,2,2,2,2,1,1
243,1572.821,4390.598,193.319,-135.205,-0.709633,0.702141,0.058470,-0.704571,-0.707206,-0.058642,0.000175,-0.082811,0.996565,0,0.51768,0.78076,6.231,0.336,34.058,-1,-1,-1,18.563,735.723,721.812,551.228,509.730,-1,-1,-1,-1,-1,-1,35.511,22.487,1,2,2,2,1,0,0,0,0,2,2,2,2,2,2,1,1
244,1569.833,4384.376,192.609,-134.801,-0.704652,0.707111,0.058817,-0.709553,-0.702194,-0.058806,-0.000281,-0.083172,0.996535,0,0.51887,0.77758,6.902,0.404,35.278,-1,-1,-1,18.478,741.034,732.922,549.097,510.295,-1,-1,-1,-1,-1,-1,36.702,22.459,1,2,2,2,1,0,0,0,0,2,2,2,2,2,2,1,1
245,1566.460,4377.671,192.556,-134.359,-0.699153,0.712602,0.058162,-0.714972,-0.696869,-0.056468,0.000292,-0.081064,0.996709,0,0.52031,0.77376,7.505,0.442,33.332,-1,-1,-1,18.381,763.885,761.648,554.516,508.415,-1,-1,-1,-1,-1,-1,34.591,22.429,1,2,2,2,1,0,0,0,0,2,2,2,2,2,2,1,1
246,1562.750,4370.536,193.000,-133.893,-0.693318,0.718375,0.056980,-0.720631,-0.691264,-0.053335,0.001074,-0.078040,0.996950,0,0.52188,0.76957,8.043,0.466,29.172,-1,-1,-1,18.273,796.337,798.038,563.591,506.300,-1,-1,-1,-1,-1,-1,30.188,22.396,1,2,2,2,1,0,0,0,0,2,2,2,2,2,2,1,1
247,1558.810,4363.042,193.741,-133.413,-0.687252,0.724279,0.055725,-0.726418,-0.685350,-0.051105,0.001177,-0.075601,0.997137,0,0.52354,0.76517,8.466,0.480,23.707,-1,-1,-1,18.174,826.844,833.358,572.198,505.925,-1,-1,-1,-1,-1,-1,24.469,22.367,1,2,2,2,1,0,0,0,0,2,2,2,2,2,2,1,1
248,1554.800,4355.150,194.510,-132.916,-0.680924,0.730329,0.054416,-0.732353,-0.679097,-0.049860,0.000539,-0.073803,0.997273,0,0.52524,0.76064,8.853,0.497,16.437,-1,-1,-1,18.088,855.331,868.601,579.260,506.767,-1,-1,-1,-1,-1,-1,16.927,22.344,1,2,2,2,1,0,0,0,0,2,2,2,2,2,2,1,1
249,1550.788,4346.856,195.070,-132.394,-0.674225,0.736603,0.053257,-0.738526,-0.672406,-0.049491,-0.000645,-0.072700,0.997354,0,0.52701,0.75595,9.213,0.522,-1,-1,-1,-1,17.964,878.241,897.778,584.133,508.400,-1,-1,-1,-1,-1,-1,-1,22.312,2,2,2,2,1,0,0,0,0,2,2,2,2,2,2,2,1
250,1546.601,4338.162,195.259,-131.859,-0.667295,0.742915,0.052861,-0.744791,-0.665436,-0.049816,-0.001834,-0.072612,0.997359,0,0.52886,0.75101,9.651,0.535,-1,-1,-1,-1,17.869,894.885,925.429,585.656,510.983,-1,-1,-1,-1,-1,-1,-1,22.290,2,2,2,2,1,0,0,0,0,2,2,2,2,2,2,2,1
251,1542.214,4329.016,195.006,-131.303,-0.660035,0.749361,0.053021,-0.751229,-0.658120,-0.050328,-0.002819,-0.073049,0.997324,0,0.53076,0.74596,10.143,0.556,-1,-1,-1,-1,9.842,910.327,951.532,584.766,513.276,-1,-1,-1,-1,-1,-1,-1,22.274,2,2,2,2,1,0,0,0,0,2,2,2,2,2,2,2,1
252,1537.518,4319.458,194.372,-130.768,-0.652994,0.755447,0.053846,-0.757356,-0.651021,-0.050834,-0.003347,-0.073974,0.997255,0,0.53273,0.74071,10.649,0.535,-1,-1,-1,-1,10.688,928.312,977.704,581.841,514.962,-1,-1,-1,-1,-1,-1,-1,22.257,2,2,2,2,1,0,0,0,0,2,2,2,2,2,2,2,1
253,1532.628,4309.483,193.480,-130.227,-0.645813,0.761530,0.054748,-0.763486,-0.643782,-0.051318,-0.003834,-0.074941,0.997181,0,0.53462,0.73570,11.109,0.541,15.383,-1,-1,-1,9.680,944.386,1003.399,578.173,516.136,-1,-1,-1,-1,-1,-1,15.658,22.245,1,2,2,2,1,0,0,0,0,2,2,2,2,2,2,1,1
254,1527.529,4299.070,192.434,-129.680,-0.638500,0.767615,0.055545,-0.769610,-0.636420,-0.051671,-0.004313,-0.075740,0.997118,0,0.53652,0.73064,11.594,0.547,18.952,-1,-1,-1,17.480,960.111,-1,574.538,516.667,-1,-1,-1,-1,-1,-1,20.484,22.217,1,2,2,2,1,0,2,0,0,2,2,2,2,2,2,1,1
255,1522.164,4288.219,191.385,-129.136,-0.631150,0.773618,0.056265,-0.775647,-0.629031,-0.051883,-0.004745,-0.076388,0.997067,0,0.53844,0.72553,12.105,0.545,16.706,-1,-1,-1,17.237,975.866,-1,571.341,516.971,-1,-1,-1,-1,-1,-1,23.947,22.190,1,2,2,2,1,0,2,0,0,2,2,2,2,2,2,1,1
256,1516.540,4276.919,190.441,-128.605,-0.623933,0.779415,0.056744,-0.781461,-0.621796,-0.051847,-0.005127,-0.076692,0.997042,0,0.54034,0.72047,12.622,0.531,15.105,-1,-1,-1,16.923,993.827,-1,569.330,516.953,-1,-1,-1,-1,-1,-1,26.213,22.179,1,2,2,2,1,0,2,0,0,2,2,2,2,2,2,1,1
257,1510.760,4265.216,189.741,-128.058,-0.616455,0.785350,0.056644,-0.787369,-0.614306,-0.051758,-0.005851,-0.076506,0.997052,0,0.54710,0.95738,13.052,0.546,17.005,-1,-1,-1,17.279,-1,-1,569.107,516.697,-1,-1,-1,-1,-1,-1,25.525,22.193,1,2,2,2,1,2,2,0,0,2,2,2,2,2,2,1,1
258,1504.988,4253.104,189.288,-127.469,-0.608319,0.791775,0.055138,-0.793654,-0.606134,-0.052098,-0.007829,-0.075453,0.997119,0,0.54902,0.95233,13.417,0.589,15.079,-1,-1,-1,16.915,-1,-1,571.324,515.353,-1,-1,-1,-1,-1,-1,24.985,22.178,1,2,2,2,1,2,2,0,0,2,2,2,2,2,2,1,1
259,1499.064,4240.617,188.993,-126.877,-0.600064,0.798183,0.053164,-0.799879,-0.597784,-0.053369,-0.010817,-0.074550,0.997159,0,0.55109,0.94686,13.821,0.592,16.391,-1,-1,-1,17.189,-1,-1,573.591,514.293,-1,-1,-1,-1,-1,-1,24.858,22.186,1,2,2,2,1,2,2,0,0,2,2,2,2,2,2,1,1
260,1492.971,4227.661,188.706,-126.276,-0.591626,0.804589,0.051131,-0.806096,-0.589272,-0.054475,-0.013700,-0.073446,0.997205,0,0.55318,0.94137,14.317,0.601,14.646,-1,-1,-1,16.782,-1,-1,576.425,512.969,-1,-1,-1,-1,-1,-1,25.533,22.184,1,2,2,2,1,2,2,0,0,2,2,2,2,2,2,1,1
261,1486.748,4214.203,188.362,-125.665,-0.582970,0.810972,0.049701,-0.812338,-0.580568,-0.055210,-0.015919,-0.072560,0.997237,0,0.55528,0.93581,14.827,0.612,14.433,-1,-1,-1,16.703,-1,-1,578.934,512.099,-1,-1,-1,-1,-1,-1,25.903,22.190,1,2,2,2,1,2,2,0,0,2,2,2,2,2,2,1,1
262,1480.317,4200.280,187.907,-125.066,-0.574434,0.817081,0.049029,-0.818368,-0.572011,-0.055476,-0.017283,-0.071991,0.997256,0,0.55743,0.93015,15.337,0.599,14.218,-1,-1,-1,16.611,-1,-1,580.644,511.702,-1,-1,-1,-1,-1,-1,27.419,22.202,1,2,2,2,1,2,2,0,0,2,2,2,2,2,2,1,1
263,1473.756,4185.918,187.319,-124.465,-0.565812,0.823101,0.048594,-0.824327,-0.563366,-0.055715,-0.018483,-0.071581,0.997263,0,0.55952,0.92464,15.789,0.601,14.128,-1,-1,-1,12.383,-1,-1,581.715,511.753,-1,-1,-1,-1,-1,-1,26.335,9.747,1,2,2,2,1,2,2,0,0,2,2,2,2,2,2,1,1
264,1467.103,4171.109,186.587,-123.864,-0.557110,0.829038,0.048208,-0.830207,-0.554645,-0.055910,-0.019613,-0.071171,0.997271,0,0.56161,0.91912,16.235,0.602,13.914,-1,-1,-1,11.142,-1,-1,582.479,512.183,-1,-1,-1,-1,-1,-1,26.968,8.828,1,2,2,2,1,2,2,0,0,2,2,2,2,2,2,1,1
265,1460.303,4155.931,185.719,-123.279,-0.548584,0.834769,0.047071,-0.835821,-0.546093,-0.056440,-0.021409,-0.070305,0.997296,0,0.56371,0.91360,16.631,0.585,13.672,-1,-1,-1,-1,-1,-1,583.895,511.401,-1,-1,-1,-1,-1,-1,28.319,-1,1,2,2,2,2,2,2,0,0,2,2,2,2,2,2,1,2
266,1453.248,4140.426,184.684,-122.728,-0.540497,0.840139,0.045043,-0.841001,-0.537967,-0.057525,-0.024098,-0.068973,0.997327,0,0.56573,0.90826,17.035,0.550,13.480,-1,-1,-1,-1,-1,-1,585.745,508.817,-1,-1,-1,-1,-1,-1,30.649,-1,1,2,2,2,2,2,2,0,0,2,2,2,2,2,2,1,2
267,1446.017,4124.553,183.507,-122.193,-0.532573,0.845339,0.042043,-0.845938,-0.530024,-0.058849,-0.027464,-0.066907,0.997381,0,0.56762,0.90328,17.442,0.535,13.544,-1,-1,-1,-1,-1,-1,588.861,504.271,-1,-1,-1,-1,-1,-1,32.820,-1,1,2,2,2,2,2,2,0,0,2,2,2,2,2,2,1,2
268,1438.806,4108.257,182.193,-121.624,-0.524087,0.850817,0.037977,-0.851078,-0.521550,-0.060438,-0.031615,-0.063996,0.997449,0,0.56944,0.89848,17.820,0.569,13.673,-1,-1,-1,-1,-1,-1,593.435,497.710,-1,-1,-1,-1,-1,-1,33.229,-1,1,2,2,2,2,2,2,0,0,2,2,2,2,2,2,1,2
269,1431.699,4091.527,180.786,-121.024,-0.515060,0.856509,0.033244,-0.856389,-0.512575,-0.062163,-0.036203,-0.060488,0.997512,0,0.57139,0.89334,18.177,0.600,13.623,-1,-1,989.184,-1,-1,-1,599.137,490.577,-1,-1,-1,-1,-1,-1,35.632,-1,1,2,2,1,2,2,2,0,0,2,2,2,2,2,2,1,2
270,1424.468,4074.464,179.485,-120.441,-0.506234,0.861901,0.029223,-0.861449,-0.503800,-0.063965,-0.040409,-0.057556,0.997524,0,0.50733,0.61075,18.532,0.583,13.399,-1,-1,960.022,-1,995.514,-1,604.051,485.486,-1,-1,-1,-1,-1,-1,38.919,-1,1,2,2,1,2,0,2,0,0,2,2,2,2,2,2,1,2
271,1417.155,4057.123,178.218,-119.903,-0.498036,0.866758,0.026301,-0.866019,-0.495601,-0.066260,-0.044396,-0.055777,0.997456,0,0.50910,0.60548,18.820,0.538,13.366,-1,-1,-1,-1,983.781,-1,606.614,482.728,-1,-1,-1,-1,-1,-1,39.055,-1,1,2,2,2,2,0,2,0,0,2,2,2,2,2,2,1,2
272,1409.818,4039.514,176.992,-119.391,-0.490196,0.871273,0.024325,-0.870268,-0.487700,-0.069148,-0.048384,-0.055065,0.997310,0,0.51071,0.60067,19.076,0.511,13.281,-1,-1,-1,-1,973.063,-1,607.166,481.696,-1,-1,-1,-1,-1,-1,40.869,-1,1,2,2,2,2,0,2,0,0,2,2,2,2,2,2,1,2
273,1402.312,4021.559,175.865,-118.916,-0.482890,0.875373,0.023215,-0.874184,-0.480346,-0.071197,-0.051173,-0.054674,0.997192,0,0.51224,0.59613,19.461,0.475,13.268,-1,-1,-1,-1,974.128,-1,607.661,481.742,-1,-1,-1,-1,-1,-1,43.849,-1,1,2,2,2,2,0,2,0,0,2,2,2,2,2,2,1,2
274,1394.636,4003.236,174.886,-118.472,-0.476061,0.879118,0.022758,-0.877834,-0.473497,-0.072169,-0.052669,-0.054334,0.997133,0,0.51363,0.59197,19.866,0.444,13.273,-1,-1,-1,-1,986.995,-1,608.823,484.355,-1,-1,-1,-1,-1,-1,44.904,-1,1,2,2,2,2,0,2,0,0,2,2,2,2,2,2,1,2
275,1385.225,3980.832,173.968,-117.973,-0.468381,0.883228,0.022970,-0.881916,-0.465801,-0.072485,-0.053321,-0.054209,0.997105,0,0.51492,0.58813,24.300,0.499,13.306,-1,-1,-1,-1,-1,-1,610.646,489.149,-1,-1,-1,-1,-1,-1,45.369,-1,1,2,2,2,2,2,2,0,0,2,2,2,2,2,2,1,2
276,1378.846,3965.689,173.546,-117.672,-0.463741,0.885656,0.023619,-0.884364,-0.461131,-0.072522,-0.053338,-0.054519,0.997087,0,0.51634,0.58389,16.431,0.301,13.337,-1,-1,-1,-1,-1,-1,611.562,497.283,-1,-1,-1,-1,-1,-1,44.611,-1,1,2,2,2,2,2,2,0,0,2,2,2,2,2,2,1,2
277,1370.843,3946.584,173.197,-117.324,-0.458376,0.888412,0.024802,-0.887166,-0.455706,-0.072589,-0.053187,-0.055277,0.997054,0,0.51719,0.58138,20.713,0.347,13.318,-1,-1,-1,-1,-1,-1,612.480,510.507,-1,-1,-1,-1,-1,-1,44.763,-1,1,2,2,2,2,2,2,0,0,2,2,2,2,2,2,1,2
278,1362.955,3927.215,172.869,-116.956,-0.452667,0.891306,0.025807,-0.890097,-0.449951,-0.072601,-0.053098,-0.055835,0.997027,0,0.51814,0.57855,20.914,0.368,13.279,-1,-1,-1,-1,-1,-1,613.911,523.597,-1,-1,-1,-1,-1,-1,41.386,-1,1,2,2,2,2,2,2,0,0,2,2,2,2,2,2,1,2
279,1355.371,3907.531,172.421,-116.516,-0.445808,0.894747,0.026150,-0.893526,-0.443072,-0.072783,-0.053536,-0.055813,0.997005,0,0.51916,0.57550,21.095,0.440,13.348,-1,-1,-1,-1,-1,-1,616.143,535.119,-1,-1,-1,-1,-1,-1,38.798,-1,1,2,2,2,2,2,2,0,0,2,2,2,2,2,2,1,2
280,1348.083,3887.556,171.781,-116.015,-0.437951,0.898619,0.026130,-0.897339,-0.435193,-0.073411,-0.054597,-0.055598,0.996959,0,0.52042,0.57173,21.263,0.501,13.404,-1,-1,-1,-1,-1,-1,618.414,552.031,-1,-1,-1,-1,-1,-1,37.134,-1,1,2,2,2,2,2,2,0,0,2,2,2,2,2,2,1,2
281,1341.048,3867.333,170.934,-115.482,-0.429539,0.902673,0.026045,-0.901290,-0.426725,-0.074717,-0.056331,-0.055568,0.996865,0,0.52190,0.56734,21.411,0.533,13.397,-1,-1,-1,-1,-1,-1,619.744,573.481,-1,-1,-1,-1,-1,-1,36.707,-1,1,2,2,2,2,2,2,0,0,2,2,2,2,2,2,1,2
282,1334.215,3846.872,169.907,-114.940,-0.420950,0.906719,0.025744,-0.905205,-0.418082,-0.076237,-0.058362,-0.055395,0.996757,0,0.52348,0.56263,21.572,0.542,13.371,-1,-1,-1,-1,-1,-1,620.887,604.006,-1,-1,-1,-1,-1,-1,38.413,-1,1,2,2,2,2,2,2,0,0,2,2,2,2,2,2,1,2
283,1327.471,3826.150,168.640,-114.402,-0.412387,0.910648,0.025643,-0.909023,-0.409468,-0.077546,-0.060117,-0.055289,0.996659,0,0.52509,0.55782,21.792,0.538,13.308,-1,-1,-1,-1,-1,-1,621.297,632.969,-1,-1,-1,-1,-1,-1,36.803,-1,1,2,2,2,2,2,2,0,0,2,2,2,2,2,2,1,2
284,1320.718,3805.178,167.010,-113.884,-0.404110,0.914335,0.026217,-0.912619,-0.401083,-0.079115,-0.061822,-0.055897,0.996521,0,0.52669,0.55306,22.032,0.518,13.274,-1,-1,-1,-1,-1,-1,619.127,663.915,-1,-1,-1,-1,-1,-1,35.558,-1,1,2,2,2,2,2,2,0,0,2,2,2,2,2,2,1,2
285,1313.946,3783.963,165.028,-113.395,-0.396273,0.917739,0.026901,-0.915934,-0.393128,-0.080713,-0.063498,-0.056623,0.996374,0,0.52822,0.54850,22.270,0.488,13.268,-1,-1,-1,-1,-1,-1,615.871,703.985,-1,-1,-1,-1,-1,-1,35.916,-1,1,2,2,2,2,2,2,0,0,2,2,2,2,2,2,1,2
286,1307.129,3762.539,162.765,-112.942,-0.388949,0.920862,0.027036,-0.918907,-0.385693,-0.082771,-0.065793,-0.057038,0.996202,0,0.52965,0.54424,22.482,0.454,13.267,-1,-1,-1,-1,-1,-1,612.656,741.121,-1,-1,-1,-1,-1,-1,34.612,-1,1,2,2,2,2,2,2,0,0,2,2,2,2,2,2,1,2
287,1300.290,3740.961,160.274,-112.502,-0.381790,0.923881,0.026087,-0.921642,-0.378443,-0.085771,-0.069370,-0.056790,0.995973,0,0.53096,0.54033,22.637,0.440,13.286,-1,-1,-1,-1,-1,-1,610.249,774.945,-1,-1,-1,-1,-1,-1,35.454,-1,1,2,2,2,2,2,2,0,0,2,2,2,2,2,2,1,2
288,1293.391,3719.154,157.563,-112.085,-0.374978,0.926740,0.023333,-0.924142,-0.371703,-0.088310,-0.073167,-0.054677,0.995820,0,0.53222,0.53657,22.871,0.417,13.287,-1,-1,-1,-1,-1,-1,611.842,799.183,-1,-1,-1,-1,-1,-1,38.421,-1,1,2,2,2,2,2,2,0,0,2,2,2,2,2,2,1,2
289,1286.381,3697.098,154.523,-111.681,-0.368343,0.929497,0.018955,-0.926503,-0.365317,-0.090202,-0.076918,-0.050788,0.995743,0,0.53340,0.53306,23.144,0.404,13.297,-1,-1,-1,-1,-1,-1,617.163,811.182,-1,-1,-1,-1,-1,-1,35.769,-1,1,2,2,2,2,2,2,0,0,2,2,2,2,2,2,1,2
290,1279.292,3674.867,151.104,-111.281,-0.361733,0.932190,0.013075,-0.928685,-0.359072,-0.092797,-0.081810,-0.045710,0.995599,0,0.53454,0.52967,23.334,0.399,13.297,-1,-1,-1,-1,-1,-1,624.267,813.901,-1,-1,-1,-1,-1,-1,32.294,-1,1,2,2,2,2,2,2,0,0,2,2,2,2,2,2,1,2
291,1272.359,3652.439,147.350,-110.837,-0.354352,0.935100,0.004812,-0.931004,-0.352308,-0.095448,-0.087558,-0.038302,0.995423,0,0.53565,0.52634,23.475,0.444,13.287,-1,-1,-1,-1,-1,-1,636.132,804.894,-1,-1,-1,-1,-1,-1,38.569,-1,1,2,2,2,2,2,2,0,0,2,2,2,2,2,2,1,2
292,1265.825,3629.822,143.531,-110.274,-0.344980,0.938589,-0.006241,-0.933904,-0.343908,-0.097723,-0.093868,-0.027884,0.995194,0,0.53692,0.52257,23.542,0.563,13.290,-1,-1,-1,-1,-1,-1,655.680,782.234,-1,-1,-1,-1,-1,-1,36.234,-1,1,2,2,2,2,2,2,0,0,2,2,2,2,2,2,1,2
293,1259.413,3607.115,139.215,-109.707,-0.335425,0.941919,-0.016714,-0.936458,-0.335308,-0.103027,-0.102648,-0.018906,0.994538,0,0.53859,0.51759,23.595,0.567,13.277,-1,-1,-1,-1,983.655,-1,670.836,765.869,-1,-1,-1,-1,-1,-1,26.151,-1,1,2,2,2,2,0,2,0,0,2,2,2,2,2,2,1,2
294,1253.017,3584.162,134.413,-109.176,-0.326404,0.944842,-0.027098,-0.938592,-0.327370,-0.108968,-0.111829,-0.010134,0.993676,0,0.54028,0.51256,23.827,0.531,13.267,-1,-1,-1,-1,940.101,-1,684.881,751.438,-1,-1,-1,-1,-1,-1,30.947,-1,1,2,2,2,2,0,2,0,0,2,2,2,2,2,2,1,2
295,1246.584,3560.950,129.157,-108.687,-0.318034,0.947357,-0.036996,-0.940291,-0.320172,-0.115513,-0.121278,-0.001950,0.992617,0,0.54184,0.50791,24.087,0.489,13.281,-1,-1,-1,-1,897.531,975.110,696.750,735.277,-1,-1,-1,-1,-1,-1,33.900,-1,1,2,2,2,2,0,0,0,0,2,2,2,2,2,2,1,2
296,1240.137,3537.479,123.670,-108.257,-0.310582,0.949400,-0.046666,-0.941460,-0.314015,-0.122671,-0.131118,0.005835,0.991350,0,0.54286,0.44968,24.340,0.430,13.321,-1,-1,-1,-1,856.609,930.426,707.759,720.262,-1,-1,-1,-1,-1,-1,37.199,-1,1,2,2,2,2,0,0,0,0,2,2,2,2,2,2,1,2
297,1233.655,3513.679,118.005,-107.855,-0.303557,0.951134,-0.056550,-0.942335,-0.308468,-0.129820,-0.140920,0.013881,0.989924,0,0.54408,0.44606,24.667,0.402,13.332,975.818,-1,-1,-1,818.089,888.844,720.411,706.006,-1,-1,-1,-1,-1,-1,39.888,-1,1,0,2,2,2,0,0,0,0,2,2,2,2,2,2,1,2
298,1227.159,3489.481,112.172,-107.454,-0.296548,0.952651,-0.067191,-0.943143,-0.303196,-0.136214,-0.150136,0.022977,0.988398,0,0.54520,0.44271,25.055,0.401,13.381,941.795,-1,-1,-1,784.806,851.668,737.168,688.461,-1,-1,-1,-1,-1,-1,40.480,-1,1,0,2,2,2,0,0,0,0,2,2,2,2,2,2,1,2
299,1220.558,3464.903,106.262,-107.063,-0.289717,0.953857,-0.078869,-0.943909,-0.298388,-0.141422,-0.158430,0.033472,0.986803,0,0.54631,0.43939,25.449,0.392,13.403,917.806,-1,-1,-1,757.756,819.733,760.352,668.153,-1,-1,-1,-1,-1,-1,39.073,-1,1,0,2,2,2,0,0,0,0,2,2,2,2,2,2,1,2
300,1213.854,3439.956,100.265,-106.668,-0.282830,0.954841,-0.091020,-0.944625,-0.293748,-0.146274,-0.166406,0.044609,0.985048,0,0.54739,0.43618,25.832,0.395,13.319,897.973,-1,-1,-1,734.452,790.143,786.219,648.008,-1,-1,-1,-1,-1,-1,41.686,-1,1,0,2,2,2,0,0,0,0,2,2,2,2,2,2,1,2
301,1207.258,3414.684,94.241,-106.230,-0.275203,0.955697,-0.104437,-0.945434,-0.288742,-0.150940,-0.174408,0.057199,0.983011,0,0.54847,0.43295,26.118,0.439,13.320,881.258,-1,980.853,-1,712.707,760.429,819.268,626.376,-1,-1,-1,-1,-1,-1,42.962,-1,1,0,2,0,2,0,0,0,0,2,2,2,2,2,2,1,2
302,1200.782,3389.064,88.272,-105.778,-0.267327,0.956311,-0.118348,-0.946127,-0.283778,-0.155930,-0.182702,0.070288,0.980653,0,0.54970,0.42928,26.426,0.452,13.341,865.527,-1,937.989,-1,691.718,731.558,861.977,605.035,-1,-1,-1,-1,-1,-1,42.601,-1,1,0,2,0,2,0,0,0,0,2,2,2,2,2,2,1,2
303,1194.384,3363.046,82.275,-105.316,-0.259285,0.956684,-0.132387,-0.946730,-0.278872,-0.161039,-0.190982,0.083580,0.978029,0,0.55098,0.42548,26.793,0.461,13.312,851.213,-1,897.559,-1,672.213,704.883,912.118,584.385,-1,-1,-1,-1,-1,-1,41.823,-1,1,0,2,0,2,0,0,0,0,2,2,2,2,2,2,1,2
304,1188.139,3336.653,76.263,-104.817,-0.250609,0.956884,-0.146863,-0.947346,-0.273636,-0.166309,-0.199326,0.097451,0.975076,0,0.55228,0.42160,27.122,0.499,13.318,837.950,-1,859.618,-1,653.330,679.506,971.889,566.797,-1,-1,-1,-1,-1,-1,41.324,-1,1,0,2,0,2,0,0,0,0,2,2,2,2,2,2,1,2
305,1182.040,3309.952,70.161,-104.303,-0.241627,0.956857,-0.161372,-0.947708,-0.268428,-0.172617,-0.208486,0.111225,0.971680,0,0.55371,0.41734,27.388,0.514,13.276,820.995,-1,822.157,-1,632.734,653.086,-1,548.173,-1,-1,-1,-1,-1,-1,38.542,-1,1,0,2,0,2,0,0,2,0,2,2,2,2,2,2,1,2
306,1175.001,3277.587,62.812,-103.634,-0.229874,0.956665,-0.178744,-0.947747,-0.261795,-0.182314,-0.221208,0.127495,0.966857,0,0.55519,0.41293,33.122,0.670,13.271,792.904,-1,769.741,-1,604.810,618.679,-1,527.621,-1,-1,-1,-1,-1,-1,38.231,-1,1,0,2,0,2,0,0,2,0,2,2,2,2,2,2,1,2
307,1170.559,3255.691,57.767,-103.139,-0.221244,0.956274,-0.191287,-0.947838,-0.257008,-0.188548,-0.229465,0.139594,0.963254,0,0.55714,0.40710,22.342,0.495,13.286,776.332,-1,735.530,-1,588.104,596.812,-1,513.274,-1,-1,-1,-1,-1,-1,39.562,-1,1,0,2,0,2,0,0,2,0,2,2,2,2,2,2,1,2
308,1165.112,3227.971,51.347,-102.500,-0.210156,0.955353,-0.207688,-0.947969,-0.251083,-0.195736,-0.239144,0.155746,0.958412,0,0.55861,0.40273,28.250,0.639,13.364,759.774,-1,696.078,-1,570.024,571.545,-1,493.324,-1,-1,-1,-1,-1,-1,41.901,-1,1,0,2,0,2,0,0,2,0,2,2,2,2,2,2,1,2
309,1159.609,3200.015,44.767,-101.895,-0.199625,0.954047,-0.223484,-0.947661,-0.245972,-0.203558,-0.249175,0.171152,0.953215,0,0.37677,0.51369,28.492,0.604,13.349,741.916,-1,659.914,-1,552.027,546.916,-1,474.398,-1,-1,-1,-1,-1,-1,38.618,-1,1,0,2,0,2,0,0,2,0,2,2,2,2,2,2,1,2
310,1154.243,3171.930,38.135,-101.303,-0.189253,0.952537,-0.238445,-0.946858,-0.241350,-0.212626,-0.260083,0.185533,0.947594,0,0.37797,0.50838,28.593,0.592,13.359,720.744,-1,624.732,14.957,532.849,521.948,-1,457.017,-1,-1,-1,-1,-1,969.174,37.476,23.437,1,0,2,0,1,0,0,2,0,2,2,2,2,2,0,1,1
311,1149.011,3143.430,31.678,-100.703,-0.178907,0.951449,-0.250472,-0.946550,-0.235898,-0.219989,-0.268395,0.197727,0.942798,0,0.37914,0.50319,28.977,0.600,13.355,708.273,-1,596.197,14.967,519.981,504.771,-1,444.286,-1,-1,-1,-1,-1,923.186,36.260,23.418,1,0,2,0,1,0,0,2,0,2,2,2,2,2,0,1,1
312,1144.055,3114.409,25.441,-100.120,-0.169030,0.950873,-0.259363,-0.947058,-0.229574,-0.224449,-0.272966,0.207693,0.939337,0,0.38032,0.49793,29.440,0.584,13.366,707.755,-1,579.024,14.939,515.721,496.566,-1,435.648,-1,-1,-1,-1,-1,895.407,35.839,23.470,1,0,2,0,1,0,0,2,0,2,2,2,2,2,0,1,1
313,1139.318,3084.929,19.268,-99.590,-0.160232,0.950819,-0.265085,-0.948336,-0.222789,-0.225883,-0.273832,0.215196,0.937394,0,0.38147,0.49284,29.859,0.529,13.481,718.286,-1,573.634,14.685,519.159,496.423,-1,431.192,-1,-1,-1,-1,-1,883.463,29.858,24.021,1,0,2,0,1,0,0,2,0,2,2,2,2,2,0,1,1
314,1134.731,3055.177,12.799,-99.202,-0.153837,0.951368,-0.266894,-0.949562,-0.217039,-0.226333,-0.273252,0.218614,0.936772,0,0.38250,0.48828,30.104,0.388,12.505,722.774,-1,573.360,14.496,524.583,499.222,-1,431.417,-1,-1,-1,-1,-1,879.381,11.483,24.572,1,0,2,0,1,0,0,2,0,2,2,2,2,2,0,1,1
315,1130.277,3025.240,5.803,-98.897,-0.148868,0.952588,-0.265358,-0.950936,-0.211510,-0.225799,-0.271219,0.218724,0.937337,0,0.38320,0.48515,30.266,0.305,-1,727.479,-1,576.958,14.450,531.561,504.708,-1,434.786,-1,-1,-1,-1,-1,881.845,-1,24.730,2,0,2,0,1,0,0,2,0,2,2,2,2,2,0,2,1
316,1126.083,2995.189,-1.941,-98.607,-0.144168,0.954230,-0.262034,-0.952480,-0.205615,-0.224730,-0.268322,0.217183,0.938528,0,0.38372,0.48284,30.342,0.290,-1,730.930,-1,581.987,14.397,538.174,510.654,-1,438.877,-1,-1,-1,-1,-1,886.516,-1,24.922,2,0,2,0,1,0,0,2,0,2,2,2,2,2,0,2,1
317,1122.270,2965.074,-10.491,-98.334,-0.139752,0.955928,-0.258208,-0.953973,-0.199861,-0.223589,-0.265340,0.215077,0.939860,0,0.38421,0.48067,30.355,0.273,-1,729.440,-1,585.914,14.721,541.815,514.900,-1,441.794,-1,-1,-1,-1,-1,888.519,-1,23.932,2,0,2,0,1,0,0,2,0,2,2,2,2,2,0,2,1
318,1119.209,2934.887,-19.668,-98.049,-0.135091,0.957400,-0.255217,-0.955305,-0.194209,-0.222881,-0.262951,0.213701,0.940845,0,0.38467,0.47866,30.342,0.285,-1,721.891,-1,585.031,14.680,542.637,514.691,-1,442.299,-1,-1,-1,-1,-1,886.054,-1,24.036,2,0,2,0,1,0,0,2,0,2,2,2,2,2,0,2,1
319,1116.783,2904.642,-29.294,-97.714,-0.129579,0.959170,-0.251400,-0.956650,-0.187622,-0.222754,-0.260828,0.211637,0.941902,0,0.38515,0.47650,30.342,0.335,-1,711.356,-1,582.603,14.642,541.728,513.309,-1,443.066,-1,-1,-1,-1,-1,882.875,-1,24.135,2,0,2,0,1,0,0,2,0,2,2,2,2,2,0,2,1
320,1114.763,2874.313,-39.283,-97.348,-0.123552,0.961438,-0.245707,-0.958043,-0.180100,-0.222975,-0.258629,0.207849,0.943350,0,0.38576,0.47381,30.397,0.365,-1,698.282,-1,581.465,14.607,536.191,511.302,-1,445.614,-1,-1,-1,-1,-1,879.504,-1,24.233,2,0,2,0,1,0,0,2,0,2,2,2,2,2,0,2,1
321,1113.035,2843.835,-49.373,-97.006,-0.117911,0.964003,-0.238318,-0.959424,-0.172494,-0.223053,-0.256132,0.202348,0.945226,0,0.38644,0.47081,30.527,0.342,13.545,684.413,-1,579.143,14.575,530.531,508.825,-1,450.153,-1,-1,-1,-1,-1,878.512,28.454,24.323,1,0,2,0,1,0,0,2,0,2,2,2,2,2,0,1,1
322,1111.503,2813.210,-59.168,-96.674,-0.112398,0.966446,-0.230976,-0.960490,-0.165231,-0.223959,-0.254608,0.196677,0.946833,0,0.38706,0.46803,30.663,0.332,13.554,668.981,-1,575.323,14.560,523.730,503.744,-1,454.738,-1,-1,-1,-1,-1,875.140,32.713,24.368,1,0,2,0,1,0,0,2,0,2,2,2,2,2,0,1,1
323,1110.000,2782.419,-68.337,-96.341,-0.106788,0.968362,-0.225547,-0.961037,-0.158695,-0.226326,-0.254959,0.192590,0.947579,0,0.38767,0.46535,30.827,0.334,13.564,651.720,-1,568.416,14.544,515.523,496.587,-1,458.556,-1,-1,-1,-1,-1,864.141,32.914,24.417,1,0,2,0,1,0,0,2,0,2,2,2,2,2,0,1,1
324,1108.359,2751.436,-76.838,-95.998,-0.100985,0.969778,-0.222111,-0.961169,-0.152730,-0.229843,-0.256819,0.190275,0.947544,0,0.38827,0.46266,31.027,0.343,13.576,633.926,-1,559.506,14.524,505.583,488.122,-1,461.196,-1,-1,-1,-1,-1,847.262,32.607,24.480,1,0,2,0,1,0,0,2,0,2,2,2,2,2,0,1,1
325,1106.482,2720.296,-84.537,-95.655,-0.095141,0.970568,-0.221236,-0.960848,-0.147634,-0.234468,-0.260229,0.190267,0.946615,0,0.38890,0.45989,31.196,0.343,13.588,616.812,-1,546.230,14.505,493.649,478.611,-1,459.980,-1,-1,-1,-1,-1,824.895,32.330,24.540,1,0,2,0,1,0,0,2,0,2,2,2,2,2,0,1,1
326,1104.441,2689.055,-91.601,-95.301,-0.089131,0.970826,-0.222602,-0.960554,-0.142891,-0.238575,-0.263423,0.192557,0.945267,0,0.38952,0.45713,31.308,0.353,13.639,603.471,-1,533.528,14.432,483.826,468.624,-1,456.723,-1,-1,-1,-1,983.854,803.169,31.281,24.792,1,0,2,0,1,0,0,2,0,2,2,2,2,0,0,1,1
327,1102.001,2657.696,-97.880,-94.999,-0.084081,0.970326,-0.226711,-0.961280,-0.138905,-0.238005,-0.262434,0.197921,0.944434,0,0.39016,0.45429,31.454,0.303,13.699,603.015,-1,528.589,14.347,482.704,465.891,-1,451.710,-1,-1,-1,-1,983.776,794.151,30.261,25.120,1,0,2,0,1,0,0,2,0,2,2,2,2,0,0,1,1
328,1099.304,2626.209,-104.249,-94.770,-0.080268,0.969949,-0.229685,-0.962027,-0.135695,-0.236835,-0.260886,0.201953,0.944009,0,0.39068,0.45198,31.603,0.229,-1,603.116,-1,525.465,14.295,482.617,464.347,-1,446.542,-1,-1,-1,-1,983.313,788.843,-1,25.342,2,0,2,0,1,0,0,2,0,2,2,2,2,0,0,2,1
329,1096.643,2594.672,-110.893,-94.586,-0.077202,0.969605,-0.232178,-0.962561,-0.133176,-0.236095,-0.259839,0.205259,0.943585,0,0.39103,0.45041,31.649,0.184,-1,601.143,-1,520.946,14.213,479.968,461.790,-1,440.373,-1,-1,-1,-1,979.187,782.576,-1,25.731,2,0,2,0,1,0,0,2,0,2,2,2,2,0,0,2,1
330,1093.917,2563.164,-117.288,-94.525,-0.076256,0.970110,-0.230371,-0.963453,-0.131193,-0.233551,-0.256793,0.204142,0.944660,0,0.39128,0.44931,31.626,0.060,-1,601.530,-1,522.720,14.160,480.460,462.726,-1,441.215,-1,-1,-1,-1,979.181,788.702,-1,26.014,2,0,2,0,1,0,0,2,0,2,2,2,2,0,0,2,1
331,1091.102,2531.497,-123.528,-94.551,-0.076797,0.971505,-0.224231,-0.964863,-0.129093,-0.228854,-0.251279,0.198777,0.947284,0,0.39125,0.44945,31.791,-0.025,-1,605.012,-1,531.518,14.551,484.592,468.314,-1,447.919,-1,-1,-1,-1,981.804,808.858,-1,24.398,2,0,2,0,1,0,0,2,0,2,2,2,2,0,0,2,1
332,1088.558,2499.838,-130.456,-94.566,-0.077119,0.972074,-0.221641,-0.965656,-0.128145,-0.226025,-0.248115,0.196599,0.948572,0,0.68260,0.25004,31.761,-0.015,-1,604.085,-1,533.058,-1,484.334,468.680,-1,446.896,-1,-1,-1,659.036,976.084,816.130,-1,-1,2,0,2,0,2,0,0,2,0,2,2,2,1,0,0,2,2
333,1086.317,2468.144,-138.219,-94.502,-0.076053,0.971695,-0.223664,-0.965883,-0.127487,-0.225425,-0.247558,0.198889,0.948239,0,0.68225,0.25093,31.773,0.064,-1,598.274,-1,525.554,-1,478.895,462.643,-1,438.786,-1,-1,-1,695.900,962.551,805.278,-1,-1,2,0,2,0,2,0,0,2,0,2,2,2,1,0,0,2,2
334,1084.867,2436.330,-146.722,-94.204,-0.071019,0.970282,-0.231322,-0.966117,-0.124602,-0.226034,-0.248140,0.207432,0.946255,0,0.68222,0.25103,31.847,0.298,-1,590.979,-1,510.364,15.934,470.265,451.664,-1,423.140,-1,-1,-1,734.808,948.681,778.787,-1,22.412,2,0,2,0,1,0,0,2,0,2,2,2,1,0,0,2,1
335,1084.615,2404.291,-155.703,-93.642,-0.061563,0.968437,-0.241536,-0.967257,-0.117585,-0.224917,-0.246219,0.219781,0.943966,0,0.68311,0.24875,32.040,0.562,-1,588.286,-1,495.427,15.619,463.623,441.652,-1,402.825,-1,-1,-1,761.356,946.562,754.073,-1,22.618,2,0,2,0,1,0,0,2,0,2,2,2,1,0,0,2,1
336,1084.993,2371.871,-164.852,-92.961,-0.050129,0.967341,-0.248472,-0.969016,-0.107354,-0.222449,-0.241859,0.229622,0.942750,0,0.68507,0.24378,32.422,0.680,-1,587.339,-1,485.163,15.470,459.135,434.546,-1,387.770,-1,-1,-1,782.567,948.325,739.643,-1,22.749,2,0,2,0,1,0,0,2,0,2,2,2,1,0,0,2,1
337,1086.057,2339.049,-173.704,-92.228,-0.037787,0.967460,-0.250186,-0.971175,-0.094520,-0.218825,-0.235353,0.234706,0.943145,0,0.68750,0.23760,32.839,0.733,-1,587.616,-1,481.300,15.335,457.085,431.303,-1,379.045,-1,-1,-1,806.500,954.255,737.525,-1,22.890,2,0,2,0,1,0,0,2,0,2,2,2,1,0,0,2,1
338,1088.234,2299.141,-183.558,-91.426,-0.024238,0.969214,-0.245023,-0.973514,-0.078619,-0.214685,-0.227339,0.233330,0.945449,0,0.69014,0.23088,39.967,0.802,-1,586.523,-1,482.165,15.194,455.229,430.226,-1,378.005,-1,-1,-1,840.606,958.565,745.994,-1,23.065,2,0,2,0,1,0,0,2,0,2,2,2,1,0,0,2,1
339,1090.113,2272.214,-189.822,-90.935,-0.015915,0.971175,-0.237834,-0.974852,-0.067951,-0.212240,-0.222283,0.228475,0.947834,0,0.69302,0.22356,26.993,0.491,-1,583.229,-1,485.036,15.321,453.592,430.318,-1,382.226,-1,-1,-1,872.859,956.477,755.755,-1,22.906,2,0,2,0,1,0,0,2,0,2,2,2,1,0,0,2,1
340,1093.288,2238.303,-197.344,-90.238,-0.004058,0.973680,-0.227884,-0.976341,-0.053127,-0.209610,-0.216200,0.221642,0.950859,0,0.69478,0.21911,34.059,0.697,-1,577.126,-1,488.505,15.521,450.809,430.284,-1,389.077,-1,-1,-1,927.574,952.431,768.219,-1,22.701,2,0,2,0,1,0,0,2,0,2,2,2,1,0,0,2,1
341,1097.400,2204.265,-204.512,-89.446,0.009447,0.975974,-0.217681,-0.977307,-0.037058,-0.208562,-0.211618,0.214711,0.953476,0,0.69731,0.21267,34.285,0.792,-1,567.409,-1,489.519,15.714,445.600,427.905,-1,396.893,-1,-1,-1,-1,943.370,774.050,-1,22.546,2,0,2,0,1,0,0,2,0,2,2,2,2,0,0,2,1
342,1102.390,2170.080,-211.514,-88.607,0.023774,0.977687,-0.208719,-0.977904,-0.020632,-0.208032,-0.207696,0.209053,0.955594,0,0.60331,-0.07952,34.547,0.839,-1,557.311,-1,488.368,16.245,439.441,424.136,-1,403.996,-1,-1,-1,-1,937.357,775.921,-1,22.283,2,0,2,0,1,0,0,2,0,2,2,2,2,0,0,2,1
343,1108.979,2136.123,-218.162,-87.524,0.042305,0.978285,-0.202901,-0.978295,-0.000671,-0.207214,-0.202851,0.207263,0.957023,0,0.60599,-0.08745,34.591,1.083,-1,551.458,-1,485.399,16.666,434.759,420.170,-1,408.470,-1,-1,-1,-1,946.985,771.554,-1,22.194,2,0,2,0,1,0,0,2,0,2,2,2,2,0,0,2,1
344,1116.711,2102.349,-224.573,-86.302,0.063229,0.978238,-0.197615,-0.978413,0.021724,-0.205516,-0.196751,0.206343,0.958494,0,0.60954,-0.09791,34.648,1.221,-1,548.362,-1,482.796,17.255,430.459,416.667,-1,413.038,-1,-1,-1,-1,976.940,768.825,-1,22.191,2,0,2,0,1,0,0,2,0,2,2,2,2,0,0,2,1
345,1126.274,2069.327,-230.368,-84.868,0.087833,0.976814,-0.195242,-0.978014,0.047347,-0.203093,-0.189140,0.208788,0.959497,0,0.61357,-0.10980,34.379,1.434,-1,551.036,-1,479.933,17.699,428.204,413.806,-1,415.254,-1,-1,-1,-1,-1,763.356,-1,22.254,2,0,2,0,1,0,0,2,0,2,2,2,2,2,0,2,1
346,1137.465,2037.191,-235.521,-83.241,0.115770,0.974176,-0.193853,-0.976841,0.076309,-0.199898,-0.179943,0.212506,0.960449,0,0.61836,-0.12393,34.029,1.627,-1,560.853,-1,477.702,17.743,427.617,412.210,-1,417.682,-1,-1,-1,-1,-1,757.799,-1,22.263,2,0,2,0,1,0,0,2,0,2,2,2,2,2,0,2,1
347,1150.274,2005.992,-239.905,-81.462,0.146355,0.970436,-0.191922,-0.974835,0.108505,-0.194740,-0.168158,0.215593,0.961895,0,0.62384,-0.14009,33.725,1.779,-1,582.667,-1,479.323,17.518,432.227,413.669,-1,422.038,-1,-1,-1,-1,-1,758.946,-1,22.223,2,0,2,0,1,0,0,2,0,2,2,2,2,2,0,2,1
348,1164.000,1975.046,-243.836,-79.705,0.176615,0.966222,-0.187676,-0.972354,0.141682,-0.185619,-0.152759,0.215271,0.964533,0,0.62987,-0.15787,33.853,1.757,-1,615.977,-1,487.428,17.282,442.898,419.865,-1,432.119,-1,-1,-1,-1,-1,778.735,-1,22.193,2,0,2,0,1,0,0,2,0,2,2,2,2,2,0,2,1
349,1178.434,1944.291,-247.301,-78.061,0.204961,0.961729,-0.181847,-0.969346,0.173733,-0.173739,-0.135497,0.211883,0.967857,0,0.63583,-0.17547,33.974,1.644,-1,663.668,-1,501.388,15.997,457.908,430.903,985.824,445.834,-1,-1,-1,-1,-1,808.299,-1,22.380,2,0,2,0,1,0,0,0,0,2,2,2,2,2,0,2,1
350,1192.499,1913.118,-250.933,-76.779,0.227088,0.958348,-0.173208,-0.966574,0.200055,-0.160353,-0.119023,0.203833,0.971744,0,0.64144,-0.19199,34.199,1.282,-1,713.463,-1,517.961,14.330,473.968,442.146,932.417,465.523,-1,-1,-1,-1,-1,848.439,-1,25.189,2,0,2,0,1,0,0,0,0,2,2,2,2,2,0,2,1
351,1204.563,1881.390,-255.174,-76.142,0.238144,0.958361,-0.157580,-0.965354,0.215746,-0.146784,-0.106675,0.187076,0.976536,0,0.64580,-0.20486,33.944,0.636,-1,743.900,-1,536.010,13.652,484.978,450.573,853.024,496.067,-1,-1,-1,-1,-1,902.255,-1,31.044,2,0,2,0,1,0,0,0,0,2,2,2,2,2,0,2,1
352,1215.676,1849.693,-259.855,-75.825,0.243627,0.959353,-0.142433,-0.964573,0.224342,-0.138818,-0.101222,0.171207,0.980022,0,0.64794,-0.21116,33.589,0.317,-1,748.042,-1,541.824,-1,484.372,450.726,791.385,523.421,-1,979.738,-1,-1,-1,932.681,-1,-1,2,0,2,0,2,0,0,0,0,2,0,2,2,2,0,2,2
353,1225.532,1818.029,-265.041,-75.808,0.243879,0.961584,-0.126016,-0.964355,0.226695,-0.136488,-0.102677,0.154811,0.982594,0,0.64897,-0.21423,33.162,0.017,-1,717.415,-1,535.965,-1,473.057,441.892,735.644,552.118,-1,982.083,-1,-1,-1,934.808,-1,-1,2,0,2,0,2,0,0,0,0,2,0,2,2,2,0,2,2
354,1233.747,1786.519,-270.627,-76.100,0.238738,0.965197,-0.106766,-0.964676,0.223116,-0.140070,-0.111374,0.136434,0.984369,0,0.64897,-0.21422,32.563,-0.292,-1,655.070,-1,519.590,-1,448.487,423.344,672.704,584.219,-1,-1,-1,-1,-1,906.429,19.481,-1,2,0,2,0,2,0,0,0,0,2,2,2,2,2,0,1,2
355,1239.505,1755.344,-275.737,-76.851,0.225729,0.970260,-0.087420,-0.966282,0.211583,-0.146741,-0.123880,0.117596,0.985305,0,0.72864,-0.03003,31.703,-0.751,19.159,588.230,-1,502.510,16.789,419.892,402.055,619.845,618.990,-1,-1,-1,-1,-1,873.458,22.708,17.775,1,0,2,0,1,0,0,0,0,2,2,2,2,2,0,1,1
356,1241.756,1725.234,-279.530,-78.224,0.202202,0.976750,-0.071227,-0.969889,0.189638,-0.152814,-0.135754,0.099981,0.985685,0,0.72563,-0.02214,30.194,-1.373,18.797,538.897,-1,495.486,12.938,395.847,389.647,579.416,654.800,-1,-1,-1,-1,-1,865.581,22.569,13.569,1,0,2,0,1,0,0,0,0,2,2,2,2,2,0,1,1
357,1241.787,1695.639,-281.629,-79.880,0.173962,0.983046,-0.057942,-0.974629,0.163460,-0.152903,-0.140840,0.083071,0.986541,0,0.72019,-0.00787,29.595,-1.656,17.948,514.705,-1,508.145,32.927,386.056,390.938,550.695,697.299,-1,-1,-1,-1,-1,908.360,22.308,46.617,1,0,2,0,1,0,0,0,0,2,2,2,2,2,0,1,1
358,1240.378,1665.955,-281.980,-81.659,0.143699,0.988686,-0.043008,-0.980156,0.136194,-0.144035,-0.136548,0.062852,0.988638,0,0.71363,0.00934,29.717,-1.780,16.031,513.784,-1,549.179,13.453,394.654,409.026,523.273,758.157,-1,-1,-1,-1,-1,-1,22.365,52.085,1,0,2,0,1,0,0,0,0,2,2,2,2,2,2,1,1
359,1240.054,1635.634,-281.129,-83.060,0.119915,0.991988,-0.039758,-0.985144,0.113938,-0.128492,-0.122933,0.054575,0.990913,0,0.70657,0.02786,30.323,-1.401,13.656,550.778,-1,609.498,14.409,419.744,440.372,527.131,795.478,-1,850.717,-1,-1,-1,-1,30.982,24.877,1,0,2,0,1,0,0,0,0,2,0,2,2,2,2,1,1
360,1242.363,1605.182,-280.295,-83.489,0.112751,0.992275,-0.051754,-0.987860,0.106343,-0.113240,-0.106861,0.063894,0.992219,0,0.70096,0.04255,30.540,-0.429,13.959,617.309,-1,656.456,14.042,450.871,468.121,566.565,786.062,-1,741.979,-1,-1,-1,-1,27.367,26.744,1,0,2,0,1,0,0,0,0,2,0,2,2,2,2,1,1
361,1244.485,1574.634,-280.408,-83.684,0.109537,0.991870,-0.064770,-0.989688,0.102781,-0.099764,-0.092295,0.075030,0.992901,0,0.69912,0.04740,30.622,-0.196,-1,689.192,-1,695.468,-1,479.738,493.504,609.233,771.651,-1,692.418,894.013,-1,-1,-1,-1,-1,2,0,2,0,2,0,0,0,0,2,0,0,2,2,2,2,2
362,1246.486,1544.057,-281.615,-83.852,0.106760,0.991185,-0.078450,-0.991143,0.099823,-0.087588,-0.078984,0.087106,0.993063,0,0.69815,0.04993,30.642,-0.168,-1,756.027,-1,728.464,-1,506.729,514.897,654.758,748.965,-1,659.066,806.784,-1,-1,-1,-1,-1,2,0,2,0,2,0,0,0,0,2,0,0,2,2,2,2,2
363,1248.474,1513.441,-283.999,-84.022,0.103916,0.990257,-0.092701,-0.992373,0.097019,-0.076041,-0.066307,0.099896,0.992786,0,0.69729,0.05219,30.680,-0.170,-1,815.876,-1,757.297,-1,533.000,536.191,702.968,721.891,-1,629.878,742.198,-1,-1,-1,-1,-1,2,0,2,0,2,0,0,0,0,2,0,0,2,2,2,2,2
364,1250.372,1482.739,-287.532,-84.170,0.101423,0.989044,-0.107258,-0.993360,0.094797,-0.065182,-0.054300,0.113157,0.992092,0,0.69642,0.05448,30.761,-0.148,-1,870.923,-1,779.134,-1,558.737,555.398,755.425,690.819,-1,602.236,689.297,-1,-1,-1,-1,-1,2,0,2,0,2,0,0,0,0,2,0,0,2,2,2,2,2
365,1252.280,1451.948,-292.182,-84.309,0.099074,0.987483,-0.122725,-0.994146,0.092883,-0.055193,-0.043103,0.127475,0.990905,0,0.69562,0.05656,30.850,-0.139,-1,919.429,-1,796.593,-1,583.069,572.277,814.596,656.748,-1,579.153,642.715,-1,-1,-1,-1,-1,2,0,2,0,2,0,0,0,0,2,0,0,2,2,2,2,2
366,1254.239,1421.114,-297.882,-84.448,0.096701,0.985508,-0.139367,-0.994758,0.091019,-0.046600,-0.033239,0.143142,0.989144,0,0.69486,0.05855,30.897,-0.139,-1,958.272,-1,801.734,-1,605.356,586.207,884.324,617.390,-1,557.321,603.446,-1,-1,-1,-1,-1,2,0,2,0,2,0,0,0,0,2,0,0,2,2,2,2,2
367,1256.091,1390.393,-304.029,-84.568,0.094618,0.983623,-0.153406,-0.995102,0.089020,-0.042976,-0.028616,0.156721,0.987228,0,0.69410,0.06055,30.777,-0.121,-1,975.920,-1,790.552,-1,613.416,588.011,951.027,582.817,-1,555.083,586.501,-1,-1,-1,-1,-1,2,0,2,0,2,0,0,0,0,2,0,0,2,2,2,2,2
368,1258.425,1360.009,-310.165,-84.540,0.095100,0.981655,-0.165256,-0.994969,0.088481,-0.046983,-0.031500,0.168892,0.985131,0,0.69341,0.06237,30.473,0.028,-1,962.319,-1,754.362,-1,601.833,570.628,-1,551.940,-1,580.147,603.535,-1,-1,-1,-1,-1,2,0,2,0,2,0,0,2,0,2,0,0,2,2,2,2,2
369,1260.930,1329.923,-316.121,-84.426,0.097048,0.980671,-0.169899,-0.994408,0.088396,-0.057781,-0.041646,0.174557,0.983766,0,0.69330,0.06267,30.190,0.114,-1,914.692,1000.858,703.201,13.697,570.883,538.224,-1,533.998,-1,632.491,658.136,-1,-1,874.276,-1,12.051,2,0,1,0,1,0,0,2,0,2,0,0,2,2,1,2,1
370,1263.498,1299.993,-322.187,-84.364,0.098035,0.981063,-0.167047,-0.993495,0.086709,-0.073813,-0.057931,0.173196,0.983182,0,0.69351,0.06210,30.040,0.061,-1,834.379,970.068,644.754,14.265,525.736,496.292,-1,528.004,-1,717.331,752.692,-1,-1,648.805,-1,25.479,2,0,1,0,1,0,0,2,0,2,0,0,2,2,1,2,1
371,1266.844,1269.855,-328.062,-84.213,0.100545,0.982079,-0.159408,-0.992168,0.087036,-0.089594,-0.074114,0.167168,0.983139,0,0.69353,0.06205,30.323,0.151,-1,759.394,943.846,594.002,14.015,483.842,458.349,978.232,531.173,-1,814.552,868.818,-1,-1,628.543,-1,26.938,2,0,1,0,1,0,0,0,0,2,0,0,2,2,1,2,1
372,1270.576,1239.548,-332.980,-84.075,0.102877,0.983695,-0.147517,-0.991236,0.089031,-0.097590,-0.082866,0.156264,0.984233,0,0.69390,0.06107,30.535,0.139,13.981,705.920,919.268,572.393,14.020,460.449,439.424,914.802,547.624,-1,884.500,957.675,-1,-1,607.965,27.188,26.899,1,0,1,0,1,0,0,0,0,2,0,0,2,2,1,1,1
373,1274.397,1208.698,-336.020,-84.037,0.103569,0.984610,-0.140773,-0.991607,0.091203,-0.091641,-0.077392,0.149083,0.985791,0,0.69424,0.06020,31.086,0.037,14.533,711.023,891.834,590.031,13.571,471.260,450.737,889.345,564.241,-1,874.116,944.902,-1,-1,585.511,24.453,32.749,1,0,1,0,1,0,0,0,0,2,0,0,2,2,1,1,1
374,1277.437,1177.546,-338.705,-84.234,0.100207,0.986640,-0.128452,-0.992403,0.089851,-0.084039,-0.071375,0.135897,0.988149,0,0.69418,0.06036,31.301,-0.197,9.869,710.488,857.523,603.524,13.466,483.828,468.918,845.485,594.486,-1,858.602,926.870,-1,-1,559.434,8.534,35.968,1,0,1,1,1,0,0,0,0,2,0,0,2,2,1,1,1
375,1280.157,1146.287,-341.309,-84.569,0.094430,0.988872,-0.114955,-0.993220,0.085717,-0.078525,-0.067797,0.121590,0.990262,0,0.69320,0.06291,31.377,-0.335,-1,703.596,819.234,571.803,13.484,492.388,483.720,803.745,627.188,-1,854.220,924.209,-1,-1,531.900,-1,35.271,2,0,1,1,1,0,0,0,0,2,0,0,2,2,1,2,1
376,1282.693,1114.851,-343.781,-84.925,0.088264,0.990581,-0.104680,-0.993910,0.080622,-0.075116,-0.065969,0.110673,0.991665,0,0.69170,0.06686,31.538,-0.356,14.622,695.446,779.820,540.771,13.517,498.723,494.925,781.641,654.237,-1,862.265,935.953,-1,-1,504.309,24.191,28.644,1,0,1,1,1,0,0,0,0,2,0,0,2,2,1,1,1
377,1284.801,1083.250,-345.891,-85.297,0.081830,0.991812,-0.098047,-0.994581,0.074934,-0.072067,-0.064129,0.103413,0.992569,0,0.69010,0.07105,31.670,-0.371,14.851,692.671,739.392,509.952,13.401,507.088,507.654,775.421,674.773,-1,875.594,946.582,-1,-1,476.416,23.642,39.171,1,0,1,1,1,0,0,0,0,2,0,0,2,2,1,1,1
378,1286.197,1051.378,-347.307,-85.753,0.073922,0.993101,-0.091030,-0.995437,0.067955,-0.066991,-0.060343,0.095567,0.993592,0,0.68843,0.07542,31.903,-0.456,14.739,697.923,696.902,477.742,13.453,522.372,526.371,770.817,699.150,-1,880.855,946.338,-1,-1,447.290,23.888,36.499,1,0,1,1,1,0,0,0,0,2,0,0,2,2,1,1,1
379,1287.323,1019.370,-347.824,-86.168,0.066739,0.993604,-0.091092,-0.996351,0.061497,-0.059186,-0.053205,0.094710,0.994082,0,0.68642,0.08069,32.028,-0.415,14.293,720.595,655.084,446.478,13.740,549.064,554.837,792.967,709.169,-1,871.004,933.330,-1,-1,418.562,25.351,29.675,1,0,1,1,1,0,0,0,0,2,0,0,2,2,1,1,1
380,1288.378,986.979,-347.844,-86.435,0.062123,0.992862,-0.101811,-0.997129,0.057315,-0.049487,-0.043299,0.104593,0.993572,0,0.88902,0.28978,32.408,-0.267,14.139,761.630,615.334,417.027,-1,586.287,587.577,850.095,694.440,-1,858.753,904.972,-1,-1,390.828,26.132,-1,1,0,1,1,2,0,0,0,0,2,0,0,2,2,1,1,2
381,1289.113,954.313,-348.125,-86.593,0.059391,0.991503,-0.115732,-0.997585,0.054768,-0.042726,-0.036024,0.117990,0.992361,0,0.88733,0.29320,32.674,-0.158,14.008,797.235,576.692,388.316,-1,617.141,568.367,920.016,672.501,-1,862.729,896.311,-1,-1,363.426,25.874,-1,1,0,1,1,2,0,1,0,0,2,0,0,2,2,1,1,2
382,1289.596,921.611,-348.969,-86.701,0.057508,0.990141,-0.127725,-0.997800,0.052778,-0.040121,-0.032985,0.129751,0.990998,0,0.88617,0.29555,32.706,-0.108,-1,815.937,538.596,359.706,-1,634.311,526.991,984.309,652.576,-1,883.932,910.341,-1,-1,336.083,-1,-1,2,0,1,1,2,0,1,0,0,2,0,0,2,2,1,2,2
383,1290.024,888.833,-350.487,-86.788,0.056003,0.988914,-0.137523,-0.997877,0.050851,-0.040693,-0.033249,0.139509,0.989662,0,0.88524,0.29743,32.781,-0.086,-1,821.941,500.766,331.004,-1,639.466,485.581,-1,635.796,-1,920.437,940.044,-1,-1,308.708,-1,-1,2,0,1,1,2,0,1,2,0,2,0,0,2,2,1,2,2
384,1290.491,849.371,-353.297,-86.882,0.054355,0.987881,-0.145385,-0.997830,0.048319,-0.044733,-0.037166,0.147501,0.988363,0,0.88441,0.29910,39.464,-0.094,-1,810.471,455.595,296.236,-1,633.806,435.199,-1,621.956,828.940,977.436,993.327,-1,-1,275.725,-1,-1,2,0,1,1,2,0,1,2,0,1,0,0,2,2,1,2,2
385,1290.804,823.079,-355.714,-86.959,0.053007,0.987604,-0.147745,-0.997690,0.046082,-0.049907,-0.042480,0.150049,0.987765,0,0.88346,0.30102,26.293,-0.077,-1,792.052,425.451,272.834,-1,621.960,401.058,-1,616.662,843.471,-1,-1,-1,-1,253.633,-1,-1,2,0,1,1,2,0,1,2,0,1,2,2,2,2,1,2,2
386,1291.609,790.151,-359.270,-87.012,0.052053,0.987202,-0.150742,-0.997368,0.043761,-0.057813,-0.050476,0.153354,0.986881,0,0.88275,0.30245,32.938,-0.054,16.344,764.693,388.803,244.109,-1,584.153,359.405,-1,605.052,861.318,-1,-1,-1,-1,226.524,33.348,-1,1,0,1,1,2,1,1,2,0,1,2,2,2,2,1,1,2
387,1294.701,757.956,-362.636,-86.429,0.062183,0.984246,-0.165506,-0.996369,0.051556,-0.067756,-0.058156,0.169118,0.983879,0,0.88209,0.30379,32.343,0.584,15.065,745.900,363.258,222.409,16.911,564.168,331.762,-1,569.900,876.931,-1,-1,-1,-1,205.459,38.667,22.179,1,0,1,1,1,1,1,2,0,1,2,2,2,2,1,1,1
388,1299.362,726.311,-365.504,-85.386,0.080268,0.979916,-0.182542,-0.994551,0.066512,-0.080280,-0.066526,0.187992,0.979915,0,0.88465,0.29861,31.987,1.043,13.717,726.736,345.985,205.561,16.307,558.583,313.176,-1,535.236,892.446,-1,-1,-1,-1,188.812,26.717,22.265,1,0,1,1,1,1,1,2,0,1,2,2,2,2,1,1,1
389,1304.959,694.892,-367.276,-84.197,0.100840,0.976405,-0.190954,-0.992179,0.084501,-0.091876,-0.073572,0.198726,0.977290,0,0.88953,0.28875,31.913,1.189,-1,706.318,333.475,190.881,15.665,546.600,297.360,-1,514.845,909.917,-1,-1,-1,-1,174.592,-1,22.582,2,0,1,1,1,0,1,2,0,1,2,2,2,2,1,2,1
390,1310.904,663.119,-368.384,-83.077,0.120177,0.974481,-0.189589,-0.989765,0.102807,-0.098972,-0.076955,0.199543,0.976863,0,0.89517,0.27737,32.325,1.120,-1,689.123,321.781,175.860,15.114,536.509,279.168,-1,512.210,930.130,-1,-1,-1,-1,160.596,-1,23.177,2,0,1,1,1,0,1,2,0,1,2,2,2,2,1,2,1
391,1316.088,635.367,-369.003,-82.894,0.123243,0.976206,-0.178416,-0.988597,0.105097,-0.107849,-0.086532,0.189673,0.978027,0,0.70062,0.48522,28.232,0.183,-1,656.059,299.822,156.708,15.468,517.653,249.313,-1,525.775,943.403,-1,-1,-1,-1,143.186,-1,22.751,2,0,1,1,1,0,1,2,0,1,2,2,2,2,1,2,1
392,1319.998,621.957,-368.301,-85.034,0.085927,0.983034,-0.162053,-0.988832,0.064268,-0.134462,-0.121766,0.171797,0.977578,0,0.70116,0.48383,13.969,-2.140,-1,581.857,258.120,132.908,17.892,458.442,205.224,-1,552.446,-1,-1,-1,-1,904.096,121.403,-1,22.295,2,0,1,1,1,1,1,2,0,2,2,2,2,0,1,2,1
393,1327.169,611.623,-366.732,-86.960,0.052411,0.987403,-0.149294,-0.986719,0.028187,-0.159970,-0.153746,0.155696,0.975767,0,0.69286,0.50537,12.578,-1.926,-1,523.638,231.094,118.520,18.873,415.379,178.786,-1,579.992,-1,-1,-1,-1,795.968,108.152,-1,22.598,2,0,1,1,1,1,1,2,0,2,2,2,2,0,1,2,1
394,1337.757,605.340,-363.852,-88.474,0.026198,0.990796,-0.132802,-0.983208,0.001538,-0.182485,-0.180601,0.135352,0.974199,0,0.68550,0.52449,12.312,-1.514,-1,477.963,220.815,115.284,18.726,395.490,170.889,-1,623.644,-1,-1,-1,-1,710.236,105.197,960.851,22.544,2,0,1,1,1,1,1,2,0,2,2,2,2,0,1,0,1
395,1348.292,599.586,-360.856,-89.961,0.000667,0.993932,-0.109990,-0.979799,-0.021347,-0.198844,-0.199986,0.107901,0.973839,0,0.67983,0.53920,12.005,-1.487,27.688,443.375,213.879,113.699,18.394,375.093,165.420,976.197,685.878,-1,-1,-1,-1,649.414,103.973,28.740,22.432,1,0,1,1,1,0,1,0,0,2,2,2,2,0,1,1,1
396,1358.935,593.838,-357.785,-91.459,-0.024894,0.995738,-0.088805,-0.977233,-0.042961,-0.207774,-0.210704,0.081611,0.974137,0,0.67427,0.55363,12.096,-1.498,32.458,424.743,207.896,112.566,17.924,361.411,160.656,893.347,756.770,-1,-1,-1,-1,614.435,103.246,39.990,22.302,1,0,1,1,1,1,1,0,0,2,2,2,2,0,1,1,1
397,1369.904,588.180,-354.829,-92.909,-0.049586,0.996056,-0.073584,-0.975637,-0.064070,-0.209826,-0.213713,0.061387,0.974966,0,0.66868,0.56815,12.342,-1.450,17.711,420.169,202.858,112.088,17.356,346.704,157.070,837.748,816.810,-1,-1,-1,-1,604.544,103.105,44.523,22.201,1,0,1,1,1,1,1,0,0,2,2,2,2,0,1,1,1
398,1380.812,582.205,-352.425,-94.393,-0.074891,0.995221,-0.062653,-0.974896,-0.086284,-0.205261,-0.209686,0.045708,0.976700,0,0.66327,0.58218,12.437,-1.483,14.934,426.289,197.305,111.194,38.578,331.455,152.933,796.254,866.558,-1,-1,-1,-1,614.416,102.598,43.752,42.825,1,0,1,1,1,1,1,0,0,2,2,2,2,0,1,1,1
399,1391.450,575.847,-350.773,-95.899,-0.100707,0.993462,-0.053772,-0.974690,-0.109358,-0.194988,-0.199594,0.032774,0.979331,0,0.65774,0.59655,12.393,-1.506,13.990,440.914,191.388,109.873,42.314,315.764,148.270,761.414,911.255,-1,-1,-1,-1,640.473,101.734,41.182,46.610,1,0,1,1,1,1,1,0,0,2,2,2,2,0,1,1,1
400,1401.688,569.244,-349.973,-97.444,-0.127335,0.990833,-0.045127,-0.974523,-0.133449,-0.180265,-0.184634,0.021023,0.982582,0,0.65210,0.61117,12.183,-1.545,13.610,462.324,185.271,108.251,45.845,299.835,143.279,729.729,953.019,-1,-1,-1,-1,678.921,100.634,36.319,50.099,1,0,1,1,1,1,1,0,0,2,2,2,2,0,1,1,1
401,1411.572,562.487,-350.219,-99.030,-0.154763,0.987323,-0.035233,-0.973817,-0.158463,-0.163003,-0.166519,0.009083,0.985996,0,0.64631,0.62621,11.972,-1.586,13.441,488.472,179.294,106.607,49.356,284.253,138.386,697.238,994.828,-1,-1,-1,-1,729.843,99.541,27.008,53.502,1,0,1,1,1,1,1,0,0,2,2,2,2,0,1,1,1
402,1421.739,556.473,-351.497,-100.767,-0.184740,0.982440,-0.026114,-0.971479,-0.186569,-0.146360,-0.148662,-0.001670,0.988887,0,0.64035,0.64168,11.813,-1.737,861.856,513.891,173.778,105.683,54.037,269.791,134.542,664.894,-1,-1,-1,-1,-1,785.114,99.077,-1,58.068,0,0,1,1,1,1,1,0,2,2,2,2,2,0,1,2,1
403,1432.215,550.991,-353.872,-102.604,-0.216339,0.976165,-0.017299,-0.967515,-0.216729,-0.130167,-0.130813,-0.011423,0.991341,0,0.63382,0.65862,11.824,-1.837,938.614,539.595,169.052,105.595,16.415,256.807,131.878,633.059,-1,-1,-1,-1,-1,335.205,99.367,-1,22.237,0,0,1,1,1,1,1,0,2,2,2,2,2,1,1,2,1
404,1441.944,545.599,-357.406,-104.178,-0.243387,0.969921,-0.004006,-0.963417,-0.242228,-0.114689,-0.112210,-0.024054,0.993393,0,0.62692,0.67654,11.123,-1.574,-1,338.504,166.449,106.490,65.353,247.073,130.791,593.478,-1,-1,-1,-1,-1,317.778,100.630,-1,69.060,2,1,1,1,1,1,1,0,2,2,2,2,2,1,1,2,1
405,1447.552,540.823,-361.582,-104.612,-0.251209,0.967519,0.028315,-0.963576,-0.247198,-0.102054,-0.091740,-0.052920,0.994376,0,0.62102,0.69185,7.365,-0.434,29.428,332.908,169.468,109.091,67.900,244.861,132.681,528.688,-1,-1,-1,-1,-1,315.948,103.754,30.172,71.596,1,1,1,1,1,1,1,0,2,2,2,2,2,1,1,1,1
406,1451.453,535.705,-366.184,-104.448,-0.248959,0.966350,0.064700,-0.966277,-0.243292,-0.084366,-0.065786,-0.083522,0.994332,0,0.61942,0.69600,6.436,0.164,16.540,333.918,175.219,112.550,69.212,245.960,135.958,468.555,-1,-1,-1,-1,-1,320.852,107.851,41.668,72.999,1,1,1,1,1,1,1,0,2,2,2,2,2,1,1,1,1
407,1454.452,529.912,-370.592,-104.057,-0.242720,0.965337,0.095973,-0.969424,-0.237680,-0.061035,-0.036109,-0.107853,0.993511,0,0.62009,0.69427,6.524,0.391,15.804,637.166,181.325,115.815,69.867,247.690,139.140,424.560,-1,-1,948.986,-1,-1,-1,111.801,44.762,73.767,1,0,1,1,1,1,1,0,2,2,0,2,2,2,1,1,1
408,1456.668,523.780,-373.504,-103.584,-0.234858,0.965375,0.113546,-0.971946,-0.231699,-0.040456,-0.012747,-0.119862,0.992709,0,0.62160,0.69033,6.520,0.472,14.644,675.137,185.538,117.527,69.202,249.152,140.858,403.312,-1,890.179,669.629,801.988,-1,-1,114.027,43.513,73.181,1,0,1,1,1,1,1,0,2,0,0,0,2,2,1,1,1
409,1458.169,518.261,-374.292,-103.182,-0.228041,0.966472,0.118021,-0.973649,-0.226066,-0.030039,-0.002351,-0.121761,0.992557,0,0.58874,0.00645,5.720,0.403,13.692,695.164,186.701,117.186,16.289,249.638,140.544,399.663,-1,831.801,586.177,710.082,-1,-1,113.917,41.178,22.270,1,0,1,1,1,1,1,0,2,0,0,0,2,2,1,1,1
410,1458.981,515.285,-372.874,-103.192,-0.228215,0.966728,0.115559,-0.973604,-0.226158,-0.030791,-0.003632,-0.119536,0.992823,0,0.59019,0.00248,3.085,-0.010,13.694,697.246,184.620,115.460,16.291,247.788,138.535,405.163,-1,855.300,609.944,734.315,-1,-1,112.190,38.404,22.269,1,0,1,1,1,1,1,0,2,0,0,0,2,2,1,1,1
411,-81.829,-5425.697,-371.557,100.441,-0.181180,-0.983443,-0.003552,0.983244,-0.181215,0.019799,-0.020115,0.000094,0.999798,1,0.59014,0.00262,0.000,0.000,-1,894.635,-1,808.644,23.224,595.059,596.883,431.610,390.468,-1,896.156,721.072,-1,-1,-1,-1,23.953,2,0,2,0,1,0,0,0,0,2,0,0,2,2,2,2,1
412,-81.708,-5424.442,-368.965,100.411,-0.180668,-0.983542,-0.002073,0.983340,-0.180673,0.020008,-0.020053,0.001576,0.999798,0,0.58533,-0.76793,1.261,-0.030,-1,917.368,-1,821.225,10.165,608.886,609.703,439.537,393.346,-1,950.024,771.601,-1,-1,-1,-1,10.436,2,0,2,0,1,0,0,0,0,2,0,0,2,2,2,2,1
413,-81.463,-5422.524,-367.445,100.331,-0.179305,-0.983793,-0.000843,0.983620,-0.179290,0.018604,-0.018454,0.002507,0.999827,0,0.58544,-0.76768,1.933,-0.080,-1,945.713,-1,837.059,-1,625.055,625.206,444.806,394.834,-1,945.761,769.952,-1,-1,-1,-1,-1,2,0,2,0,2,0,0,0,0,2,0,0,2,2,2,2,2
414,-81.162,-5419.942,-367.041,100.210,-0.177237,-0.984168,0.000535,0.984049,-0.177207,0.015680,-0.015336,0.003305,0.999877,0,0.58575,-0.76695,2.600,-0.121,-1,977.750,-1,853.937,-1,643.867,643.261,447.847,394.416,-1,883.367,719.626,-1,-1,-1,-1,-1,2,0,2,0,2,0,0,0,0,2,0,0,2,2,2,2,2
415,-80.850,-5416.684,-367.690,100.063,-0.174715,-0.984616,0.002486,0.984559,-0.174676,0.011514,-0.010903,0.004459,0.999931,0,0.58623,-0.76585,3.274,-0.147,-1,-1,-1,873.293,-1,665.466,663.498,449.414,391.667,-1,771.001,643.905,-1,-1,-1,-1,-1,2,2,2,0,2,0,0,0,0,2,0,0,2,2,2,2,2
416,-80.555,-5412.752,-369.229,99.899,-0.171904,-0.985099,0.005288,0.985099,-0.171870,0.006425,-0.005420,0.006314,0.999965,0,0.58680,-0.76450,3.942,-0.164,-1,-1,-1,894.112,-1,689.865,685.883,450.304,386.515,-1,653.778,562.763,-1,-1,-1,-1,-1,2,2,2,0,2,0,0,0,0,2,0,0,2,2,2,2,2
417,-80.289,-5408.139,-371.418,99.725,-0.168919,-0.985588,0.009080,0.985630,-0.168920,0.000614,0.000928,0.009054,0.999959,0,0.58744,-0.76302,4.621,-0.174,-1,-1,-1,916.770,13.817,718.088,711.221,451.263,379.218,-1,556.286,505.508,953.641,-1,-1,-1,23.347,2,2,2,0,1,0,0,0,0,2,0,0,0,2,2,2,1
418,-80.008,-5402.863,-373.792,99.544,-0.165800,-0.986084,0.012216,0.986136,-0.165869,-0.004828,0.006787,0.011246,0.999914,0,0.58810,-0.76148,5.283,-0.181,-1,-1,-1,937.352,14.077,745.242,735.359,451.142,372.043,-1,502.287,458.181,778.257,-1,-1,-1,29.770,2,2,2,0,1,0,0,0,0,2,0,0,0,2,2,2,1
419,-79.789,-5397.103,-375.816,99.355,-0.162549,-0.986604,0.013806,0.986649,-0.162667,-0.007917,0.010057,0.012334,0.999873,0,0.58879,-0.75989,5.764,-0.189,-1,-1,-1,942.359,14.049,760.908,749.010,449.703,366.422,-1,473.890,441.189,732.318,-1,-1,-1,34.871,2,2,2,0,1,0,0,0,0,2,0,0,0,2,2,2,1
420,-79.677,-5390.783,-377.260,99.151,-0.159022,-0.987183,0.013507,0.987214,-0.159149,-0.008914,0.010949,0.011917,0.999869,0,0.58949,-0.75824,6.321,-0.205,-1,-1,-1,940.331,14.808,766.682,753.765,447.202,363.201,-1,464.090,437.151,722.729,-1,-1,-1,38.049,2,2,2,0,1,0,0,0,0,2,0,0,0,2,2,2,1
421,-79.639,-5383.802,-378.096,98.912,-0.154901,-0.987867,0.011118,0.987874,-0.155002,-0.008921,0.010536,0.009601,0.999898,0,0.59025,-0.75647,6.981,-0.239,-1,-1,-1,936.699,15.986,768.411,755.748,443.611,362.885,-1,465.905,442.275,735.060,-1,-1,-1,40.128,2,2,2,0,1,0,0,0,0,2,0,0,0,2,2,2,1
422,-79.616,-5376.154,-378.415,98.640,-0.150219,-0.988629,0.006905,0.988601,-0.150279,-0.009216,0.010149,0.005442,0.999934,0,0.59115,-0.75438,7.648,-0.271,-1,-1,-1,937.462,16.765,773.181,762.040,438.720,365.358,1007.991,471.022,450.959,761.933,-1,-1,-1,41.463,2,2,2,0,1,0,0,0,0,0,0,0,0,2,2,2,1
423,-79.600,-5367.812,-378.398,98.327,-0.144812,-0.989457,0.001917,0.989399,-0.144824,-0.010747,0.010911,0.000341,0.999940,0,0.59218,-0.75199,8.342,-0.313,-1,-1,-1,945.871,18.055,786.913,777.809,433.641,369.495,983.592,472.147,458.117,799.594,-1,-1,-1,41.335,2,2,2,0,1,0,0,0,0,0,0,0,0,2,2,2,1
424,-79.519,-5358.786,-378.167,97.959,-0.138453,-0.990363,-0.003370,0.990284,-0.138395,-0.013567,0.012970,-0.005215,0.999902,0,0.59336,-0.74922,9.027,-0.368,-1,-1,-1,961.276,20.022,810.208,801.462,428.885,374.597,952.684,471.932,462.458,838.234,-1,-1,-1,40.188,2,2,2,0,1,0,0,0,0,0,0,0,0,2,2,2,1
425,-79.292,-5349.129,-377.780,97.547,-0.131320,-0.991301,-0.008855,0.991215,-0.131156,-0.017051,0.015741,-0.011017,0.999815,0,0.59478,-0.74593,9.659,-0.412,-1,-1,-1,980.643,24.026,835.833,829.053,424.545,380.297,917.458,470.597,465.631,878.920,-1,-1,-1,38.349,2,2,2,0,1,0,0,0,0,0,0,0,0,2,2,2,1
426,-78.858,-5338.908,-377.310,97.087,-0.123361,-0.992257,-0.014412,0.992186,-0.123053,-0.020600,0.018667,-0.016841,0.999684,0,0.59637,-0.74223,10.230,-0.459,-1,-1,-1,1000.026,29.235,863.988,858.974,420.719,386.213,882.426,468.766,469.200,924.534,-1,-1,-1,36.334,2,2,2,0,1,0,0,0,0,0,0,0,0,2,2,2,1
427,-78.181,-5328.161,-376.840,96.583,-0.114616,-0.993211,-0.019882,0.993180,-0.114136,-0.023807,0.021376,-0.022475,0.999519,0,0.59816,-0.73806,10.768,-0.504,-1,-1,-1,-1,27.698,892.063,884.835,417.457,391.917,856.789,467.621,474.008,-1,-1,-1,-1,34.012,2,2,2,2,1,0,0,0,0,0,0,0,2,2,2,2,1
428,-77.248,-5316.915,-376.472,96.051,-0.105377,-0.994125,-0.024731,0.994150,-0.104722,-0.026438,0.023693,-0.027372,0.999344,0,0.60013,-0.73347,11.285,-0.532,-1,-1,-1,-1,30.029,907.863,901.517,414.182,396.683,834.243,468.264,479.653,-1,-1,-1,-1,30.816,2,2,2,2,1,0,0,0,0,0,0,0,2,2,2,2,1
429,-75.978,-5305.306,-376.159,95.473,-0.095343,-0.995013,-0.029306,0.995111,-0.094508,-0.028671,0.025758,-0.031896,0.999159,0,0.60222,-0.72860,11.678,-0.578,-1,-1,-1,-1,20.698,922.259,916.754,411.293,400.906,815.284,470.072,484.664,-1,-1,-1,-1,33.051,2,2,2,2,1,0,0,0,0,0,0,0,2,2,2,2,1
430,-74.643,-5293.201,-375.858,94.908,-0.085528,-0.995802,-0.032619,0.995934,-0.084518,-0.031163,0.028275,-0.035152,0.998982,0,0.60450,-0.72329,12.178,-0.565,-1,-1,-1,-1,16.346,939.448,934.068,410.191,403.494,802.491,471.128,488.081,-1,-1,-1,-1,33.914,2,2,2,2,1,0,0,0,0,0,0,0,2,2,2,2,1
431,-73.285,-5280.480,-375.719,94.376,-0.076268,-0.996477,-0.034871,0.996586,-0.075074,-0.034356,0.031617,-0.037373,0.998801,0,0.60671,-0.71814,12.793,-0.532,-1,-1,-1,-1,16.767,935.386,952.365,411.301,404.355,788.744,468.992,488.084,-1,-1,-1,-1,32.428,2,2,2,2,1,1,0,0,0,0,0,0,2,2,2,2,1
432,-71.720,-5267.236,-375.794,93.826,-0.066679,-0.997081,-0.037203,0.997141,-0.065263,-0.038079,0.035540,-0.039636,0.998582,0,0.60878,-0.71333,13.336,-0.551,-1,-1,-1,-1,15.981,914.747,966.147,412.289,404.744,762.299,463.632,485.562,-1,-1,-1,-1,32.520,2,2,2,2,1,1,0,0,0,0,0,0,2,2,2,2,1
433,-69.990,-5253.718,-376.006,93.263,-0.056882,-0.997598,-0.039544,0.997603,-0.055230,-0.041681,0.039397,-0.041820,0.998348,0,0.28845,-0.63817,13.628,-0.562,-1,-1,-1,-1,14.587,894.076,978.308,413.182,404.672,737.808,460.229,482.970,988.626,-1,-1,-1,35.443,2,2,2,2,1,1,0,0,0,0,0,0,0,2,2,2,1
434,-68.346,-5240.158,-376.259,92.751,-0.047958,-0.997986,-0.041526,0.997924,-0.046083,-0.044986,0.042982,-0.043597,0.998124,0,0.28948,-0.63308,13.659,-0.512,-1,-1,-1,-1,13.775,874.082,987.705,413.393,403.907,714.366,458.922,482.238,952.355,-1,-1,-1,38.176,2,2,2,2,1,1,0,0,0,0,0,0,0,2,2,2,1
435,-66.816,-5226.479,-376.531,92.300,-0.040089,-0.998266,-0.043110,0.998111,-0.037998,-0.048270,0.046548,-0.044964,0.997904,0,0.29040,-0.62851,13.764,-0.451,-1,-1,-1,-1,13.598,-1,997.710,413.631,402.465,695.406,457.968,482.153,925.224,-1,-1,-1,39.385,2,2,2,2,1,2,0,0,0,0,0,0,0,2,2,2,1
436,-65.312,-5212.809,-376.709,91.894,-0.033001,-0.998467,-0.044444,0.998228,-0.030725,-0.050964,0.049521,-0.046047,0.997711,0,0.29121,-0.62455,13.752,-0.407,-1,-1,-1,-1,13.593,-1,1005.274,414.359,400.723,683.096,459.253,484.131,910.818,-1,-1,-1,40.621,2,2,2,2,1,2,0,0,0,0,0,0,0,2,2,2,1
437,-63.780,-5199.153,-376.730,91.492,-0.026005,-0.998601,-0.046045,0.998306,-0.023544,-0.053211,0.052052,-0.047350,0.997521,0,0.29192,-0.62104,13.742,-0.401,-1,801.355,-1,-1,13.613,-1,-1,415.687,399.543,673.925,461.406,487.999,905.533,783.151,-1,-1,41.655,2,1,2,2,1,2,2,0,0,0,0,0,0,1,2,2,1
438,-62.196,-5185.517,-376.586,91.087,-0.018944,-0.998649,-0.048396,0.998339,-0.016260,-0.055267,0.054405,-0.049363,0.997298,0,0.29262,-0.61758,13.728,-0.405,-1,804.124,-1,-1,13.624,-1,-1,417.107,399.622,664.073,464.509,493.074,910.267,785.731,-1,-1,42.197,2,1,2,2,1,2,2,0,0,0,0,0,0,1,2,2,1
439,-60.613,-5171.964,-376.226,90.691,-0.012047,-0.998589,-0.051722,0.998315,-0.009075,-0.057308,0.056758,-0.052325,0.997016,0,0.29333,-0.61408,13.645,-0.396,-1,807.034,-1,-1,13.625,-1,-1,417.591,401.439,652.709,468.075,498.968,925.760,788.265,-1,-1,43.829,2,1,2,2,1,2,2,0,0,0,0,0,0,1,2,2,1
440,-59.035,-5158.511,-375.583,90.297,-0.005170,-0.998430,-0.055772,0.998257,-0.001874,-0.058994,0.058797,-0.055980,0.996699,0,0.29402,-0.61068,13.546,-0.395,-1,810.207,-1,-1,13.531,-1,-1,417.037,404.879,641.944,473.359,506.708,953.687,776.943,-1,-1,43.500,2,1,2,2,1,2,2,0,0,0,0,0,0,1,2,2,1
441,-57.516,-5145.094,-374.769,89.930,0.001215,-0.998253,-0.059076,0.998216,0.004737,-0.059517,0.059693,-0.058899,0.996478,0,0.29471,-0.60728,13.502,-0.366,-1,802.464,-1,-1,13.477,-1,-1,417.084,407.630,639.378,482.949,518.243,990.021,757.777,-1,-1,40.766,2,1,2,2,1,2,2,0,0,0,0,0,0,1,2,2,1
442,-55.952,-5131.754,-373.873,89.575,0.007409,-0.998066,-0.061723,0.998222,0.011033,-0.058581,0.059148,-0.061179,0.996373,0,0.29534,-0.60417,13.432,-0.356,-1,782.726,-1,-1,13.496,-1,-1,418.075,409.577,644.981,497.416,534.259,-1,739.072,-1,-1,39.605,2,1,2,2,1,2,2,0,0,0,0,0,2,1,2,2,1
443,-54.300,-5118.601,-372.868,89.234,0.013354,-0.997874,-0.063789,0.998294,0.016932,-0.055885,0.056846,-0.062934,0.996397,0,0.29595,-0.60116,13.256,-0.341,-1,763.928,-1,-1,13.442,-1,-1,419.851,410.887,664.421,518.036,556.078,-1,720.969,-1,-1,39.423,2,1,2,2,1,2,2,0,0,0,0,0,2,1,2,2,1
444,-52.601,-5105.539,-371.857,88.905,0.019091,-0.997687,-0.065243,0.998403,0.022493,-0.051821,0.053169,-0.064150,0.996523,0,0.29653,-0.59828,13.172,-0.329,-1,745.800,-1,-1,13.451,-1,1007.590,422.832,411.327,690.100,543.758,582.711,-1,703.296,-1,-1,38.075,2,1,2,2,1,2,0,0,0,0,0,0,2,1,2,2,1
445,-50.887,-5092.462,-370.979,88.576,0.024814,-0.997455,-0.066835,0.998483,0.028016,-0.047409,0.049161,-0.065557,0.996637,0,0.29709,-0.59552,13.189,-0.328,-1,727.855,-1,-1,13.317,-1,991.367,425.895,411.704,716.084,570.787,610.741,-1,685.775,-1,948.675,38.548,2,1,2,2,1,2,0,0,0,0,0,0,2,1,2,1,1
446,-49.150,-5079.274,-370.303,88.255,0.030426,-0.997124,-0.069413,0.998489,0.033500,-0.043554,0.045755,-0.067983,0.996637,0,0.29765,-0.59277,13.302,-0.322,-1,709.807,-1,-1,13.287,-1,977.270,426.908,413.073,732.754,595.411,637.019,-1,668.289,-1,801.954,38.873,2,1,2,2,1,2,0,0,0,0,0,0,2,1,2,1,1
447,-47.428,-5065.963,-369.841,87.943,0.035866,-0.996700,-0.072826,0.998432,0.038872,-0.040291,0.042989,-0.071266,0.996531,0,0.29819,-0.59009,13.421,-0.312,-1,691.671,-1,-1,13.286,1001.404,965.285,425.649,415.216,740.034,617.216,661.182,-1,650.845,-1,674.571,38.793,2,1,2,2,1,0,0,0,0,0,0,0,2,1,2,1,1
448,-45.710,-5052.559,-369.565,87.636,0.041215,-0.996192,-0.076834,0.998327,0.044179,-0.037290,0.040543,-0.075169,0.996346,0,0.29871,-0.58751,13.514,-0.307,-1,673.517,-1,-1,13.280,990.779,954.246,422.800,417.868,743.525,637.358,685.305,-1,633.451,-1,662.450,38.697,2,1,2,2,1,0,0,0,0,0,0,0,2,1,2,1,1
449,-44.018,-5039.113,-369.409,87.341,0.046363,-0.995617,-0.081219,0.998198,0.049277,-0.034248,0.038100,-0.079485,0.996108,0,0.29922,-0.58499,13.551,-0.295,-1,655.520,-1,1002.192,13.278,980.029,943.355,419.059,420.881,745.067,657.292,709.576,-1,616.223,-1,660.643,40.159,2,1,2,0,1,0,0,0,0,0,0,0,2,1,2,1,1
450,-42.363,-5025.684,-369.248,87.052,0.051402,-0.994962,-0.086073,0.998047,0.054242,-0.030991,0.035504,-0.084312,0.995807,0,0.29971,-0.58260,13.531,-0.289,-1,637.719,-1,994.183,13.269,968.932,932.381,414.599,424.729,742.069,678.055,735.280,-1,599.177,-1,658.609,41.118,2,1,2,0,1,0,0,0,0,0,0,0,2,1,2,1,1
451,-40.804,-5012.289,-369.104,86.801,0.055782,-0.994398,-0.089785,0.997942,0.058375,-0.026521,0.031614,-0.088121,0.995608,0,0.30018,-0.58026,13.485,-0.251,-1,620.583,-1,981.405,13.292,954.530,918.081,411.469,427.015,748.924,705.063,767.592,-1,582.598,-1,646.358,38.944,2,1,2,0,1,0,0,0,0,0,0,0,2,1,2,1,1
452,-39.295,-4998.972,-369.056,86.590,0.059462,-0.994031,-0.091467,0.997904,0.061536,-0.020017,0.025526,-0.090085,0.995607,0,0.30058,-0.57831,13.403,-0.211,-1,604.311,-1,960.014,13.331,934.335,897.763,410.533,426.453,774.696,744.788,811.564,-1,566.568,-1,630.791,37.014,2,1,2,0,1,0,0,0,0,0,0,0,2,1,2,1,1
453,-37.779,-4985.619,-369.179,86.393,0.062898,-0.993744,-0.092287,0.997852,0.064313,-0.012431,0.018288,-0.091307,0.995655,0,0.30090,-0.57675,13.439,-0.197,-1,588.348,-1,934.658,13.382,910.987,874.597,410.473,424.198,816.237,794.232,865.275,-1,550.722,-1,615.451,37.657,2,1,2,0,1,0,0,0,0,0,0,0,2,1,2,1,1
454,-36.215,-4972.129,-369.531,86.208,0.066126,-0.993410,-0.093616,0.997750,0.066873,-0.004860,0.011088,-0.093084,0.995596,0,0.30118,-0.57534,13.580,-0.185,-1,572.317,-1,910.607,13.397,887.960,852.032,409.909,422.156,857.398,845.856,938.857,-1,534.867,-1,600.183,39.006,2,1,2,0,1,0,0,0,0,0,0,0,2,1,2,1,1
455,-34.578,-4958.508,-370.032,86.009,0.069595,-0.992938,-0.096072,0.997566,0.069687,0.002399,0.004313,-0.096005,0.995371,0,0.29311,-0.86858,13.719,-0.199,-1,555.972,-1,889.108,13.360,866.196,830.989,408.067,421.505,889.222,899.572,-1,-1,518.820,-1,584.756,40.582,2,1,2,0,1,0,0,0,0,0,0,2,2,1,2,1,1
456,-32.870,-4944.776,-370.610,85.786,0.073489,-0.992300,-0.099696,0.997294,0.072908,0.009460,-0.002119,-0.100121,0.994973,0,0.29339,-0.86716,13.838,-0.224,-1,539.294,-1,869.785,13.327,845.463,811.141,404.363,422.551,910.552,968.053,-1,-1,502.549,-1,569.110,41.167,2,1,2,0,1,0,0,0,0,0,0,2,2,1,2,1,1
457,-31.143,-4930.952,-371.266,85.552,0.077552,-0.991592,-0.103590,0.996949,0.076204,0.016911,-0.008874,-0.104585,0.994476,0,0.29372,-0.86550,13.932,-0.234,-1,522.533,-1,850.109,13.317,824.274,790.812,399.981,423.945,927.194,-1,-1,-1,486.206,-1,553.420,39.643,2,1,2,0,1,0,0,0,0,0,2,2,2,1,2,1,1
458,-29.416,-4917.092,-372.020,85.316,0.081651,-0.990893,-0.107073,0.996523,0.079378,0.025331,-0.016601,-0.108769,0.993928,0,0.29406,-0.86374,13.967,-0.236,-1,505.921,-1,827.927,13.331,801.325,768.624,395.728,424.588,957.692,-1,-1,-1,471.480,-1,537.847,39.303,2,1,2,0,1,0,0,0,0,0,2,2,2,1,2,1,1
459,-27.635,-4903.202,-372.760,85.068,0.085940,-0.990102,-0.110958,0.995988,0.082592,0.034432,-0.024927,-0.113472,0.993228,0,0.29442,-0.86195,14.004,-0.247,-1,489.330,-1,805.250,13.309,777.663,745.892,390.774,426.066,995.905,-1,-1,-1,457.107,-1,522.323,41.741,2,1,2,0,1,0,0,0,0,0,2,2,2,1,2,1,1
460,-25.825,-4889.338,-373.345,84.812,0.090380,-0.989217,-0.115247,0.995327,0.085769,0.044368,-0.034005,-0.118718,0.992346,0,0.29479,-0.86006,13.981,-0.257,-1,508.620,-1,782.202,13.322,753.405,722.757,385.415,428.833,-1,-1,-1,-1,442.401,-1,506.944,42.533,2,1,2,0,1,0,0,0,0,2,2,2,2,1,2,1,1
461,-24.068,-4875.454,-373.839,84.558,0.094748,-0.988385,-0.118822,0.994514,0.088665,0.055494,-0.044314,-0.123428,0.991364,0,0.29518,-0.85807,13.995,-0.254,-1,567.210,-1,757.054,13.339,727.831,698.256,381.003,430.958,-1,-1,-1,-1,447.919,-1,491.779,41.199,2,1,2,0,1,0,0,0,0,2,2,2,2,1,2,1,1
462,-22.241,-4861.455,-374.393,84.305,0.099088,-0.987459,-0.122911,0.993558,0.091352,0.067061,-0.054992,-0.128764,0.990149,0,0.29557,-0.85612,14.118,-0.253,-1,632.351,-1,732.459,13.339,702.079,674.092,377.572,436.177,-1,-1,-1,-1,488.457,-1,476.696,40.574,2,1,2,0,1,0,0,0,0,2,2,2,2,1,2,1,1
463,-20.250,-4847.335,-375.085,84.074,0.103017,-0.986339,-0.128538,0.992530,0.093441,0.078446,-0.065363,-0.135659,0.988597,0,0.29595,-0.85417,14.259,-0.230,445.643,700.622,-1,710.491,13.321,677.591,651.657,372.528,443.837,-1,-1,-1,-1,530.778,-1,461.828,39.806,1,1,2,0,1,0,0,0,0,2,2,2,2,1,2,1,1
464,-18.257,-4833.030,-375.806,83.827,0.107227,-0.985213,-0.133631,0.991399,0.095808,0.089152,-0.075031,-0.142042,0.987013,0,0.29629,-0.85246,14.444,-0.247,441.852,750.828,-1,690.280,13.313,655.414,631.249,368.502,451.121,-1,-1,-1,-1,577.912,-1,446.616,39.155,1,0,2,0,1,0,0,0,0,2,2,2,2,1,2,1,1
465,-16.214,-4818.525,-376.459,83.555,0.111850,-0.984159,-0.137551,0.990194,0.098722,0.098837,-0.083692,-0.147257,0.985551,0,0.29666,-0.85058,14.648,-0.272,15.067,727.116,-1,671.974,13.323,636.123,613.168,366.647,456.786,-1,-1,-1,-1,631.593,-1,23.252,38.883,1,0,2,0,1,0,0,0,0,2,2,2,2,1,2,1,1
466,-14.037,-4803.844,-377.008,83.259,0.116897,-0.983144,-0.140581,0.988926,0.102197,0.107616,-0.091435,-0.151604,0.984203,0,0.29707,-0.84847,14.842,-0.297,15.102,706.947,-1,655.445,13.314,619.301,597.001,366.642,461.315,-1,-1,-1,-1,693.613,-1,23.196,38.820,1,0,2,0,1,0,0,0,0,2,2,2,2,1,2,1,1
467,-11.737,-4789.048,-377.469,82.952,0.122106,-0.982197,-0.142754,0.987579,0.105906,0.116067,-0.098882,-0.155153,0.982929,0,0.29754,-0.84612,14.974,-0.307,10.712,688.714,-1,639.529,13.301,603.721,581.724,368.041,464.659,-1,-1,-1,-1,732.319,-1,9.064,38.662,1,0,2,0,1,0,0,0,0,2,2,2,2,1,2,1,1
468,-9.282,-4774.310,-377.735,82.640,0.127365,-0.981353,-0.143964,0.986060,0.109612,0.125180,-0.107066,-0.157900,0.981634,0,0.29802,-0.84366,14.941,-0.311,430.477,670.093,-1,622.530,13.282,587.808,565.915,370.817,466.931,-1,-1,-1,-1,1004.206,971.169,13.632,39.303,1,0,2,0,1,0,0,0,0,2,2,2,2,0,0,1,1
469,-6.640,-4759.580,-377.852,82.304,0.133012,-0.980428,-0.145150,0.984355,0.113605,0.134680,-0.115554,-0.160793,0.980200,0,0.29852,-0.84115,14.965,-0.336,411.885,651.370,-1,605.617,13.270,572.017,550.196,374.330,469.885,-1,-1,-1,-1,966.708,934.190,365.087,38.943,1,0,2,0,1,0,0,0,0,2,2,2,2,0,0,1,1
470,-3.851,-4744.735,-378.041,81.937,0.139181,-0.979299,-0.146979,0.982534,0.118052,0.143842,-0.123514,-0.164432,0.978625,0,0.29906,-0.83840,15.105,-0.367,392.396,633.643,-1,590.100,13.267,557.133,535.466,377.615,474.224,-1,-1,-1,-1,934.557,901.480,348.273,37.754,1,0,2,0,1,0,0,0,0,2,2,2,2,0,0,1,1
471,-0.901,-4729.768,-378.398,81.546,0.145742,-0.977995,-0.149281,0.980618,0.122834,0.152643,-0.130948,-0.168634,0.976942,0,0.29966,-0.83534,15.255,-0.391,372.641,616.744,-1,575.624,13.267,542.638,521.498,379.941,479.353,-1,-1,-1,-1,904.272,871.841,331.209,36.095,1,0,2,0,1,0,0,0,0,2,2,2,2,0,0,1,1
472,2.168,-4714.693,-378.972,81.145,0.152463,-0.976610,-0.151618,0.978591,0.127716,0.161394,-0.138255,-0.172979,0.975174,0,0.30031,-0.83203,15.383,-0.402,352.803,600.066,-1,561.264,13.268,527.654,507.645,381.656,485.784,-1,-1,-1,-1,874.197,843.185,314.032,34.975,1,0,2,0,1,0,0,0,0,2,2,2,2,0,0,1,1
473,5.386,-4699.538,-379.728,80.727,0.159427,-0.975146,-0.153862,0.976424,0.132782,0.170190,-0.145530,-0.177367,0.973325,0,0.30099,-0.82862,15.493,-0.418,332.868,583.538,-1,546.811,13.269,512.664,493.764,382.936,493.047,-1,-1,-1,-1,844.634,814.993,296.735,34.531,1,0,2,0,1,0,0,0,0,2,2,2,2,0,0,1,1
474,8.718,-4684.309,-380.640,80.302,0.166472,-0.973668,-0.155747,0.974106,0.137886,0.179176,-0.152983,-0.181542,0.971411,0,0.30169,-0.82506,15.590,-0.425,312.930,567.010,-1,531.958,13.272,497.538,479.670,384.131,499.551,-1,-1,-1,-1,815.060,786.532,279.389,34.803,1,0,2,0,1,0,0,0,0,2,2,2,2,0,0,1,1
475,12.203,-4669.134,-381.509,79.871,0.173563,-0.972243,-0.156907,0.971539,0.142954,0.188880,-0.161207,-0.185224,0.969384,0,0.30241,-0.82142,15.570,-0.431,293.193,550.077,-1,516.081,13.274,481.895,464.919,385.923,505.146,-1,-1,-1,-1,784.761,756.382,13.832,36.018,1,0,2,0,1,0,0,0,0,2,2,2,2,0,0,1,1
476,15.906,-4653.852,-382.352,79.423,0.180924,-0.970671,-0.158320,0.968888,0.148268,0.198174,-0.168888,-0.189249,0.967296,0,0.30314,-0.81772,15.725,-0.448,12.631,534.347,-1,501.436,13.270,467.212,451.179,387.710,511.672,-1,-1,-1,-1,756.555,729.165,10.499,36.984,1,0,2,0,1,0,0,0,0,2,2,2,2,0,0,1,1
477,19.720,-4638.400,-383.215,78.985,0.188101,-0.968973,-0.160343,0.966353,0.153430,0.206450,-0.175443,-0.193781,0.965230,0,0.30390,-0.81384,15.915,-0.438,12.956,520.474,-1,488.995,13.343,454.205,439.233,388.935,519.599,-1,-1,-1,-1,732.226,706.640,10.602,38.457,1,0,2,0,1,0,0,0,0,2,2,2,2,0,0,1,1
478,23.761,-4622.796,-384.091,78.516,0.195830,-0.966833,-0.163964,0.963898,0.159015,0.213576,-0.180420,-0.199869,0.963069,0,0.30464,-0.81007,16.119,-0.469,12.593,506.937,-1,479.361,13.484,442.903,429.331,388.452,531.202,-1,-1,-1,-1,711.648,689.872,10.177,36.849,1,0,2,0,1,0,0,0,0,2,2,2,2,0,0,1,1
479,28.038,-4607.088,-385.072,77.999,0.204361,-0.964317,-0.168312,0.961392,0.165348,0.219968,-0.184289,-0.206767,0.960877,0,0.30545,-0.80599,16.280,-0.516,11.151,494.053,-1,471.132,13.473,432.513,420.479,387.089,544.519,-1,-1,-1,-1,693.619,676.080,9.019,34.939,1,0,2,0,1,0,0,0,0,2,2,2,2,0,0,1,1
480,33.456,-4588.150,-386.322,77.342,0.215216,-0.961093,-0.173153,0.958293,0.173702,0.226942,-0.188036,-0.214773,0.958392,0,0.30635,-0.80144,19.698,-0.657,15.997,480.025,-1,462.059,13.434,420.927,410.612,386.000,560.268,-1,-1,-1,-1,674.270,661.089,22.381,33.184,1,0,2,0,1,0,0,0,0,2,2,2,2,0,0,1,1
481,37.157,-4575.460,-387.224,76.905,0.222414,-0.959039,-0.175431,0.956160,0.179408,0.231454,-0.190499,-0.219219,0.956898,0,0.30750,-0.79560,13.218,-0.437,16.013,471.154,-1,455.584,13.443,413.324,403.933,386.315,568.702,-1,-1,-1,-1,659.598,650.331,22.373,32.567,1,0,2,0,1,0,0,0,0,2,2,2,2,0,0,1,1
482,41.995,-4559.474,-388.316,76.365,0.231259,-0.956638,-0.177098,0.953377,0.186557,0.237209,-0.193884,-0.223698,0.955180,0,0.71436,0.07788,16.703,-0.540,8.949,460.344,-1,446.739,13.368,403.756,395.252,388.046,576.789,-1,-1,-1,-1,641.859,635.487,22.439,33.017,1,0,2,0,1,0,0,0,0,2,2,2,2,0,0,1,1
483,47.201,-4542.923,-389.582,75.837,0.239960,-0.954145,-0.178960,0.950873,0.193867,0.241363,-0.195601,-0.228086,0.953791,0,0.71655,0.08267,17.350,-0.529,8.283,451.608,-1,439.748,13.269,395.804,388.134,389.909,584.389,-1,-1,-1,-1,628.216,624.323,22.722,33.326,1,0,2,0,1,0,0,0,0,2,2,2,2,0,0,1,1
484,52.523,-4525.660,-391.328,75.371,0.247712,-0.951832,-0.180706,0.948988,0.200821,0.243090,-0.195091,-0.231704,0.953023,0,0.71867,0.08732,18.065,-0.466,265.183,445.510,-1,434.854,13.361,389.905,382.933,392.173,588.881,-1,-1,-1,-1,619.763,617.413,690.319,32.548,1,0,2,0,1,0,0,0,0,2,2,2,2,0,0,0,1
485,57.832,-4507.754,-393.669,75.019,0.253591,-0.950126,-0.181525,0.947689,0.206427,0.243461,-0.193847,-0.233769,0.952772,0,0.72050,0.09132,18.677,-0.351,317.899,440.331,-1,429.928,13.454,384.548,377.998,395.145,587.902,-1,-1,-1,-1,613.357,610.863,682.186,32.848,1,0,2,0,1,0,0,0,0,2,2,2,2,0,0,0,1
486,63.311,-4489.279,-396.507,74.751,0.258128,-0.948606,-0.183076,0.946868,0.210771,0.242931,-0.191859,-0.236056,0.952611,0,0.72179,0.09414,19.271,-0.268,369.745,435.362,-1,425.591,13.577,379.547,373.451,396.784,586.405,-1,-1,-1,-1,607.635,605.730,674.457,32.591,1,0,2,0,1,0,0,0,0,2,2,2,2,0,0,0,1
487,68.843,-4470.186,-399.879,74.543,0.261722,-0.947308,-0.184687,0.946475,0.214462,0.241228,-0.188909,-0.237936,0.952733,0,0.72269,0.09611,19.878,-0.208,454.976,431.007,-1,421.693,13.776,374.867,369.300,397.590,582.329,-1,-1,-1,-1,603.385,601.779,668.958,29.209,1,0,2,0,1,0,0,0,0,2,2,2,2,0,0,0,1
488,74.358,-4450.516,-403.570,74.420,0.263911,-0.946569,-0.185361,0.946520,0.217171,0.238613,-0.185609,-0.238421,0.953260,0,0.72330,0.09744,20.429,-0.122,566.378,426.701,-1,417.757,13.975,370.539,365.313,398.891,573.689,-1,-1,-1,-1,600.623,597.687,669.701,27.237,0,0,2,0,1,0,0,0,0,2,2,2,2,0,0,0,1
489,79.853,-4430.239,-407.392,74.397,0.264504,-0.946257,-0.186105,0.947161,0.218588,0.234746,-0.181450,-0.238363,0.954075,0,0.72350,0.09789,21.008,-0.023,565.394,423.671,-1,415.087,14.027,367.433,362.520,400.621,563.699,-1,-1,-1,-1,600.481,595.980,678.605,26.847,0,0,2,0,1,0,0,0,0,2,2,2,2,0,0,0,1
490,85.351,-4409.275,-411.416,74.432,0.264213,-0.946040,-0.187614,0.948323,0.219388,0.229245,-0.175715,-0.238488,0.955117,0,0.72324,0.09731,21.673,0.034,567.776,422.439,-1,414.537,13.995,365.893,361.367,402.002,556.311,-1,-1,-1,-1,604.694,598.364,695.718,27.087,0,0,2,0,1,0,0,0,0,2,2,2,2,0,0,0,1
491,91.022,-4387.680,-415.537,74.491,0.263553,-0.945696,-0.190260,0.949751,0.219861,0.222789,-0.168860,-0.239416,0.956120,0,0.72269,0.09612,22.327,0.059,570.888,422.212,-1,415.594,13.903,365.324,361.238,402.468,549.673,-1,-1,-1,-1,613.764,604.776,723.382,27.855,0,0,2,0,1,0,0,0,0,2,2,2,2,0,0,0,1
492,96.906,-4365.650,-419.497,74.535,0.263147,-0.945122,-0.193642,0.951135,0.220543,0.216111,-0.161545,-0.241048,0.956974,0,0.50141,-0.48194,22.802,0.044,574.144,422.455,-1,417.639,13.753,365.446,361.826,402.033,544.552,-1,-1,-1,-1,623.297,613.487,782.889,29.491,0,0,2,0,1,0,0,0,0,2,2,2,2,0,0,0,1
493,103.024,-4343.478,-422.955,74.545,0.263265,-0.944647,-0.195790,0.952201,0.221847,0.209991,-0.154932,-0.241715,0.957899,0,0.50098,-0.48328,23.001,0.010,14.435,422.880,-1,419.218,13.637,365.657,362.126,344.966,538.380,-1,-1,-1,-1,632.499,620.724,24.783,31.339,1,0,2,0,1,0,0,1,0,2,2,2,2,0,0,1,1
494,109.456,-4321.100,-425.922,74.496,0.264366,-0.944052,-0.197170,0.952991,0.224331,0.203676,-0.148049,-0.241746,0.958979,0,0.50067,-0.48427,23.284,-0.049,14.558,425.146,-1,421.551,13.556,366.476,363.362,340.544,532.274,-1,-1,-1,-1,648.816,628.707,24.375,33.111,1,0,2,0,1,0,0,1,0,2,2,2,2,0,0,1,1
495,116.185,-4298.445,-428.551,74.418,0.265966,-0.943384,-0.198212,0.953730,0.227607,0.196455,-0.140218,-0.241291,0.960270,0,0.50054,-0.48468,23.633,-0.078,15.253,429.691,-1,425.419,13.282,368.746,365.945,336.246,527.510,-1,-1,-1,-1,673.670,640.656,22.989,38.693,1,0,2,0,1,0,0,1,0,2,2,2,2,0,0,1,1
496,123.728,-4275.937,-430.628,74.155,0.270666,-0.941424,-0.201147,0.953675,0.233717,0.189419,-0.131313,-0.243098,0.961072,0,0.50050,-0.48481,23.739,-0.262,16.137,434.374,-1,431.411,13.534,371.627,369.731,332.984,527.266,-1,-1,-1,-1,700.139,655.248,22.321,36.349,1,0,2,0,1,0,0,1,0,2,2,2,2,0,0,1,1
497,132.494,-4253.906,-432.068,73.644,0.279533,-0.937465,-0.207412,0.952469,0.243507,0.183051,-0.121098,-0.248722,0.960975,0,0.50105,-0.48306,23.711,-0.511,16.231,438.630,-1,440.088,13.626,375.383,374.855,107.845,535.478,994.486,-1,-1,-1,727.014,674.789,22.287,34.061,1,0,2,0,1,0,0,1,0,0,2,2,2,0,0,1,1
498,141.551,-4231.893,-433.280,73.083,0.289221,-0.933425,-0.212294,0.950941,0.254712,0.175594,-0.109830,-0.252664,0.961300,0,0.50241,-0.47877,23.803,-0.561,17.974,446.865,-1,450.218,29.103,380.847,381.389,123.960,540.555,912.669,-1,-1,-1,764.344,696.902,22.314,29.877,1,0,2,0,1,0,0,1,0,0,2,2,2,0,0,1,1
499,151.984,-4211.386,-433.680,72.160,0.304819,-0.926618,-0.220146,0.947112,0.270568,0.172543,-0.100318,-0.261097,0.960086,0,0.50393,-0.47397,23.008,-0.924,18.679,449.831,-1,458.410,23.500,382.427,385.678,143.598,555.063,832.018,-1,-1,-1,778.650,714.976,22.527,24.576,1,0,2,0,1,0,0,1,0,0,2,2,2,0,0,1,1
