timestep,x_cm,y_cm,z_cm,yaw_deg,basis_xx,basis_xy,basis_xz,basis_yx,basis_yy,basis_yz,basis_zx,basis_zy,basis_zz,teleport_flag,throttle_cmd,steering_cmd,cmd_move_cm,cmd_turn_deg,lidar_cm_0,lidar_cm_1,lidar_cm_2,lidar_cm_3,lidar_cm_4,lidar_cm_5,lidar_cm_6,lidar_cm_7,lidar_cm_8,lidar_cm_9,lidar_cm_10,lidar_cm_11,lidar_cm_12,lidar_cm_13,lidar_cm_14,lidar_cm_15,lidar_cm_16,lidar_class_0,lidar_class_1,lidar_class_2,lidar_class_3,lidar_class_4,lidar_class_5,lidar_class_6,lidar_class_7,lidar_class_8,lidar_class_9,lidar_class_10,lidar_class_11,lidar_class_12,lidar_class_13,lidar_class_14,lidar_class_15,lidar_class_16
0,6741.400,-1594.397,226.086,-154.137,-0.899728,0.436326,0.010488,-0.436159,-0.899744,0.015044,0.016001,0.008961,0.999832,0,0.41708,0.84375,0.282,0.005,-1,603.858,-1,656.329,-1,506.020,516.591,541.332,693.370,-1,-1,-1,-1,-1,-1,-1,-1,2,0,2,0,2,0,0,0,0,2,2,2,2,2,2,2,2
1,6741.249,-1594.770,226.531,-154.126,-0.899630,0.436488,0.011998,-0.436330,-0.899682,0.013745,0.016794,0.007130,0.999834,0,0.41708,0.84375,0.403,0.011,-1,605.654,-1,661.920,-1,508.354,519.742,539.025,701.241,-1,-1,-1,-1,-1,-1,-1,-1,2,0,2,0,2,0,0,0,0,2,2,2,2,2,2,2,2
2,6740.749,-1595.290,225.786,-154.121,-0.899569,0.436554,0.014017,-0.436392,-0.899660,0.013185,0.018367,0.005744,0.999815,0,0.41708,0.84375,0.720,0.005,-1,606.307,-1,665.593,-1,509.346,521.377,534.560,703.200,-1,-1,-1,-1,-1,-1,-1,-1,2,0,2,0,2,0,0,0,0,2,2,2,2,2,2,2,2
3,6739.864,-1595.926,224.065,-154.113,-0.899473,0.436688,0.015832,-0.436510,-0.899597,0.013550,0.020159,0.005277,0.999783,0,0.41708,0.84375,1.090,0.008,-1,605.374,-1,665.872,-1,508.483,520.768,529.323,698.224,-1,-1,-1,-1,-1,-1,-1,-1,2,0,2,0,2,0,0,0,0,2,2,2,2,2,2,2,2
4,6738.476,-1596.623,221.801,-154.118,-0.899459,0.436647,0.017709,-0.436413,-0.899611,0.015603,0.022744,0.006306,0.999721,0,0.41708,0.84375,1.554,-0.005,-1,606.086,-1,665.368,13.732,508.151,520.151,525.468,686.173,-1,-1,-1,-1,-1,-1,-1,24.460,2,0,2,0,1,0,0,0,0,2,2,2,2,2,2,2,1
5,6736.616,-1597.417,219.625,-154.128,-0.899487,0.436529,0.019101,-0.436218,-0.899652,0.018426,0.025228,0.008242,0.999648,0,0.41708,0.84375,2.022,-0.011,14.222,607.577,-1,664.005,13.797,508.046,519.411,523.419,671.594,-1,-1,-1,-1,-1,-1,25.687,28.956,1,0,2,0,1,0,0,0,0,2,2,2,2,2,2,1,1
6,6734.352,-1598.378,218.015,-154.136,-0.899512,0.436456,0.019593,-0.436072,-0.899666,0.021027,0.026805,0.010370,0.999587,0,0.41708,0.84375,2.460,-0.008,14.147,608.591,-1,661.589,13.861,507.605,518.229,523.007,658.518,-1,-1,-1,-1,-1,-1,26.089,28.251,1,0,2,0,1,0,0,0,0,2,2,2,2,2,2,1,1
7,6731.709,-1599.542,217.199,-154.140,-0.899529,0.436434,0.019325,-0.436003,-0.899654,0.022888,0.027375,0.012163,0.999551,0,0.41708,0.84375,2.888,-0.004,14.091,609.102,-1,659.106,13.910,507.107,517.105,523.848,649.410,-1,-1,-1,-1,-1,-1,26.416,27.778,1,0,2,0,1,0,0,0,0,2,2,2,2,2,2,1,1
8,6728.693,-1600.938,217.194,-154.140,-0.899533,0.436453,0.018681,-0.436005,-0.899630,0.023790,0.027189,0.013255,0.999542,0,0.41708,0.84375,3.323,-0.000,14.070,609.520,-1,657.755,13.930,507.039,516.697,525.332,645.383,-1,-1,-1,-1,-1,-1,26.549,27.608,1,0,2,0,1,0,0,0,0,2,2,2,2,2,2,1,1
9,6725.305,-1602.579,217.855,-154.138,-0.899532,0.436481,0.018056,-0.436046,-0.899613,0.023650,0.026566,0.013400,0.999557,0,0.41708,0.84375,3.765,0.002,14.083,610.031,-1,658.267,13.919,507.633,517.353,526.647,646.643,-1,-1,-1,-1,-1,-1,26.475,27.705,1,0,2,0,1,0,0,0,0,2,2,2,2,2,2,1,1
10,6721.531,-1604.469,218.927,-154.138,-0.899549,0.436463,0.017643,-0.436057,-0.899631,0.022758,0.025805,0.012779,0.999585,0,0.41708,0.84375,4.221,0.000,14.102,610.799,-1,660.516,13.901,508.910,518.989,527.481,651.760,-1,-1,-1,-1,-1,-1,26.356,27.864,1,0,2,0,1,0,0,0,0,2,2,2,2,2,2,1,1
11,6717.360,-1606.585,220.109,-154.141,-0.899590,0.436387,0.017434,-0.436014,-0.899682,0.021549,0.025088,0.011783,0.999616,0,0.41708,0.84375,4.677,-0.003,14.109,611.718,-1,663.669,13.895,510.620,521.114,527.819,658.416,-1,-1,-1,-1,-1,-1,25.824,27.926,1,0,2,0,1,0,0,0,0,2,2,2,2,2,2,1,1
12,6712.785,-1608.914,221.146,-154.145,-0.899628,0.436310,0.017423,-0.435965,-0.899731,0.020452,0.024600,0.010804,0.999639,0,0.41708,0.84375,5.134,-0.004,10.546,612.803,-1,667.053,13.889,512.445,523.357,527.756,664.480,-1,-1,-1,-1,-1,-1,9.398,27.981,1,0,2,0,1,0,0,0,0,2,2,2,2,2,2,1,1
13,6707.784,-1611.445,221.873,-154.147,-0.899646,0.436259,0.017741,-0.435927,-0.899765,0.019750,0.024579,0.010034,0.999647,0,0.41708,0.84375,5.605,-0.002,-1,614.414,-1,670.683,13.876,514.495,525.761,527.266,668.730,-1,-1,-1,-1,-1,-1,14.557,28.106,2,0,2,0,1,0,0,0,0,2,2,2,2,2,2,1,1
14,6702.353,-1614.151,222.218,-154.152,-0.899672,0.436180,0.018366,-0.435847,-0.899809,0.019536,0.025047,0.009571,0.999640,0,0.41708,0.84375,6.068,-0.005,-1,616.554,-1,674.293,13.863,516.658,528.171,526.346,670.578,-1,-1,-1,-1,-1,-1,-1,27.319,2,0,2,0,1,0,0,0,0,2,2,2,2,2,2,2,1
15,6696.517,-1617.018,222.211,-154.162,-0.899731,0.436027,0.019083,-0.435682,-0.899884,0.019746,0.025783,0.009452,0.999623,0,0.41708,0.84375,6.502,-0.010,-1,618.661,-1,677.270,13.851,518.570,530.205,525.117,669.988,-1,-1,-1,-1,-1,-1,14.642,27.083,2,0,2,0,1,0,0,0,0,2,2,2,2,2,2,1,1
16,6690.372,-1619.976,221.954,-154.178,-0.899843,0.435776,0.019515,-0.435421,-0.900005,0.019997,0.026278,0.009497,0.999610,0,0.28461,0.30279,6.821,-0.016,9.872,619.481,-1,678.523,13.841,519.390,531.111,523.478,667.782,-1,-1,-1,-1,-1,-1,8.772,28.363,1,0,2,0,1,0,0,0,0,2,2,2,2,2,2,1,1
17,6684.045,-1622.976,221.571,-154.199,-0.900004,0.435449,0.019398,-0.435093,-0.900162,0.020056,0.026195,0.009611,0.999611,0,0.28461,0.30279,7.001,-0.021,14.176,618.450,-1,677.479,13.836,518.693,530.544,521.451,664.557,-1,-1,-1,-1,-1,-1,25.930,28.508,1,0,2,0,1,0,0,0,0,2,2,2,2,2,2,1,1
18,6677.547,-1626.050,221.178,-154.220,-0.900175,0.435114,0.018974,-0.434766,-0.900324,0.019884,0.025735,0.009649,0.999622,0,0.28461,0.30279,7.188,-0.021,14.070,616.354,-1,675.241,13.931,517.174,529.087,519.169,661.447,-1,-1,-1,-1,-1,-1,26.551,27.602,1,0,2,0,1,0,0,0,0,2,2,2,2,2,2,1,1
19,6670.892,-1629.263,220.886,-154.227,-0.900240,0.435001,0.018504,-0.434662,-0.900377,0.019744,0.025249,0.009731,0.999634,0,0.28461,0.30279,7.390,-0.007,13.942,614.473,-1,673.248,14.058,515.853,527.843,517.213,658.459,-1,-1,-1,-1,-1,-1,27.491,26.642,1,0,2,0,1,0,0,0,0,2,2,2,2,2,2,1,1
20,6664.137,-1632.602,220.850,-154.225,-0.900230,0.435027,0.018384,-0.434702,-0.900370,0.019194,0.024902,0.009288,0.999647,0,0.28461,0.30279,7.535,0.002,13.814,613.252,-1,673.029,14.202,515.381,527.698,514.943,658.033,-1,-1,-1,-1,-1,-1,28.751,25.792,1,0,2,0,1,0,0,0,0,2,2,2,2,2,2,1,1
21,6657.279,-1636.117,221.119,-154.200,-0.900031,0.435417,0.018881,-0.435099,-0.900187,0.018767,0.025168,0.008675,0.999646,0,0.28461,0.30279,7.707,0.025,13.809,614.284,-1,675.966,14.208,516.911,529.728,513.209,659.204,-1,-1,-1,-1,-1,-1,28.813,25.758,1,0,2,0,1,0,0,0,0,2,2,2,2,2,2,1,1
22,6650.243,-1639.768,221.593,-154.168,-0.899771,0.435903,0.020031,-0.435582,-0.899959,0.018507,0.026094,0.007927,0.999628,0,0.28461,0.30279,7.927,0.031,13.791,617.506,-1,682.094,14.228,520.349,533.798,511.788,661.591,-1,-1,-1,-1,-1,-1,29.009,25.657,1,0,2,0,1,0,0,0,0,2,2,2,2,2,2,1,1
23,6643.029,-1643.522,222.128,-154.128,-0.899435,0.436524,0.021505,-0.436198,-0.899665,0.018292,0.027332,0.007072,0.999601,0,0.28461,0.30279,8.132,0.040,13.778,621.621,-1,689.627,14.245,524.598,538.770,510.344,664.516,-1,-1,-1,-1,-1,-1,29.170,25.577,1,0,2,0,1,0,0,0,0,2,2,2,2,2,2,1,1
24,6635.697,-1647.348,222.657,-154.089,-0.899115,0.437134,0.022473,-0.436801,-0.899372,0.018322,0.028220,0.006657,0.999580,0,0.28461,0.30279,8.270,0.039,13.775,625.175,-1,695.772,14.249,528.196,542.897,509.627,665.926,-1,-1,-1,-1,-1,-1,29.222,25.551,1,0,2,0,1,0,0,0,0,2,2,2,2,2,2,1,1
25,6628.217,-1651.230,223.093,-154.051,-0.898810,0.437736,0.022965,-0.437397,-0.899080,0.018413,0.028708,0.006504,0.999567,0,0.28461,0.30279,8.427,0.038,13.773,627.626,-1,700.073,14.251,530.761,545.852,509.091,666.056,-1,-1,-1,-1,-1,-1,29.241,25.543,1,0,2,0,1,0,0,0,0,2,2,2,2,2,2,1,1
26,6620.591,-1655.188,223.384,-154.011,-0.898498,0.438362,0.023235,-0.438020,-0.898776,0.018449,0.028971,0.006399,0.999560,0,0.28461,0.30279,8.592,0.040,13.741,629.089,-1,703.125,14.292,532.520,547.919,508.279,665.417,-1,-1,-1,-1,-1,-1,29.668,25.357,1,0,2,0,1,0,0,0,0,2,2,2,2,2,2,1,1
27,6612.850,-1659.236,223.538,-153.966,-0.898153,0.439057,0.023469,-0.438711,-0.898437,0.018530,0.029221,0.006347,0.999553,0,0.28461,0.30279,8.736,0.044,13.714,630.129,-1,705.635,14.326,533.908,549.581,507.196,664.030,-1,-1,-1,-1,-1,-1,30.045,25.206,1,0,2,0,1,0,0,0,0,2,2,2,2,2,2,1,1
28,6605.424,-1663.082,223.938,-153.989,-0.898285,0.438638,0.026091,-0.438336,-0.898657,0.016654,0.030752,0.003524,0.999521,0,0.28461,0.30279,8.362,-0.023,13.649,633.294,-1,716.043,14.415,538.378,555.429,501.897,673.190,-1,-1,-1,-1,-1,-1,30.706,24.855,1,0,2,0,1,0,0,0,0,2,2,2,2,2,2,1,1
29,6598.486,-1666.858,224.852,-154.040,-0.898560,0.437670,0.032155,-0.437474,-0.899133,0.013280,0.034724,-0.002134,0.999395,0,0.28461,0.30279,7.899,-0.051,13.546,642.103,-1,740.065,14.569,549.216,569.204,493.288,694.772,-1,-1,-1,-1,-1,-1,30.159,24.341,1,0,2,0,1,0,0,0,0,2,2,2,2,2,2,1,1
30,6591.956,-1670.800,226.322,-154.037,-0.898316,0.437446,0.040853,-0.437411,-0.899203,0.010259,0.041223,-0.008654,0.999112,0,0.38522,0.80003,7.628,0.003,13.458,658.624,-1,777.907,14.727,567.332,591.384,485.144,721.864,-1,-1,-1,-1,-1,-1,27.383,23.918,1,0,2,0,1,0,0,0,0,2,2,2,2,2,2,1,1
31,6585.646,-1674.904,228.243,-153.974,-0.897524,0.438065,0.050496,-0.438248,-0.898819,0.007987,0.048886,-0.014961,0.998692,0,0.38522,0.80003,7.527,0.063,-1,680.163,-1,823.611,14.829,590.055,618.579,478.883,750.102,-1,-1,-1,-1,-1,-1,-1,23.689,2,0,2,0,1,0,0,0,0,2,2,2,2,2,2,2,1
32,6579.380,-1679.088,230.382,-153.883,-0.896476,0.439076,0.059528,-0.439506,-0.898217,0.006370,0.056266,-0.020452,0.998206,0,0.38522,0.80003,7.534,0.091,-1,702.741,-1,871.567,14.943,613.438,646.620,474.629,777.270,-1,-1,-1,-1,-1,-1,-1,23.461,2,0,2,0,1,0,0,0,0,2,2,2,2,2,2,2,1
33,6573.049,-1683.340,232.562,-153.761,-0.895197,0.440647,0.066727,-0.441258,-0.897360,0.006091,0.062562,-0.023991,0.997753,0,0.38522,0.80003,7.626,0.123,-1,724.140,-1,914.985,15.047,634.306,671.182,473.591,797.525,-1,-1,-1,-1,-1,-1,-1,23.282,2,0,2,0,1,0,0,0,0,2,2,2,2,2,2,2,1
34,6566.571,-1687.673,234.623,-153.600,-0.893675,0.442983,0.071497,-0.443629,-0.896180,0.007450,0.067374,-0.025060,0.997413,0,0.38522,0.80003,7.794,0.161,-1,743.324,-1,949.300,15.055,651.899,691.040,476.097,806.953,-1,-1,-1,-1,-1,-1,-1,23.270,2,0,2,0,1,0,0,0,0,2,2,2,2,2,2,2,1
35,6559.843,-1692.026,236.397,-153.423,-0.892092,0.445760,0.073960,-0.446287,-0.894832,0.010160,0.070710,-0.023944,0.997209,0,0.38522,0.80003,8.014,0.177,-1,759.137,-1,973.138,15.100,665.426,705.624,481.284,806.250,-1,-1,-1,-1,-1,-1,-1,23.200,2,0,2,0,1,0,0,0,0,2,2,2,2,2,2,2,1
36,6552.816,-1696.405,237.706,-153.235,-0.890495,0.448875,0.074361,-0.449137,-0.893352,0.014108,0.072763,-0.020835,0.997132,0,0.38522,0.80003,8.280,0.187,-1,771.535,-1,985.824,15.176,674.621,714.734,488.518,795.700,-1,-1,-1,-1,-1,-1,-1,23.090,2,0,2,0,1,0,0,0,0,2,2,2,2,2,2,2,1
37,6545.515,-1700.867,238.380,-153.023,-0.888760,0.452541,0.072885,-0.452402,-0.891604,0.019352,0.073742,-0.015774,0.997153,0,0.38522,0.80003,8.557,0.212,-1,780.460,-1,987.404,-1,679.330,718.260,497.508,775.108,-1,-1,-1,-1,-1,-1,-1,14.626,2,0,2,0,2,0,0,0,0,2,2,2,2,2,2,2,1
38,6537.938,-1705.400,238.313,-152.792,-0.886940,0.456585,0.069773,-0.455976,-0.889631,0.025348,0.073645,-0.009332,0.997241,0,0.38522,0.80003,8.829,0.230,-1,784.932,-1,978.076,-1,679.122,715.991,507.189,747.397,-1,-1,-1,-1,-1,-1,-1,-1,2,0,2,0,2,0,0,0,0,2,2,2,2,2,2,2,2
39,6530.151,-1709.974,237.525,-152.569,-0.885294,0.460502,0.064754,-0.459493,-0.887655,0.030584,0.071563,-0.002678,0.997433,0,0.38522,0.80003,9.032,0.223,-1,780.897,-1,955.899,-1,671.517,705.721,515.587,717.397,-1,-1,-1,-1,-1,-1,-1,-1,2,0,2,0,2,0,0,0,0,2,2,2,2,2,2,2,2
40,6522.246,-1714.571,236.035,-152.366,-0.883946,0.464033,0.057547,-0.462792,-0.885811,0.034100,0.066800,0.003510,0.997760,0,0.38522,0.80003,9.145,0.204,-1,765.661,-1,920.063,-1,654.943,686.068,521.346,687.505,-1,-1,-1,-1,-1,-1,-1,-1,2,0,2,0,2,0,0,0,0,2,2,2,2,2,2,2,2
41,6514.381,-1719.153,233.870,-152.186,-0.882945,0.467029,0.047871,-0.465796,-0.884200,0.034986,0.058667,0.008593,0.998241,0,0.38522,0.80003,9.102,0.179,-1,737.270,-1,870.133,-1,628.532,656.244,523.138,659.104,-1,-1,-1,-1,-1,-1,-1,-1,2,0,2,0,2,0,0,0,0,2,2,2,2,2,2,2,2
42,6506.586,-1723.808,231.342,-151.997,-0.881860,0.470075,0.036773,-0.468961,-0.882520,0.035131,0.048967,0.013736,0.998706,0,0.38522,0.80003,9.079,0.190,13.284,704.308,-1,816.128,-1,598.579,622.746,524.018,630.506,-1,-1,-1,-1,-1,-1,34.068,-1,1,0,2,0,2,0,0,0,0,2,2,2,2,2,2,1,2
43,6498.746,-1728.645,228.917,-151.761,-0.880258,0.473780,0.026052,-0.472770,-0.880412,0.036919,0.040428,0.020181,0.998979,0,0.38522,0.80003,9.213,0.236,13.271,677.110,-1,769.073,-1,573.053,593.630,527.863,599.640,-1,-1,-1,-1,-1,-1,44.036,-1,1,0,2,0,2,0,0,0,0,2,2,2,2,2,2,1,2
44,6490.658,-1733.557,227.184,-151.543,-0.878614,0.477141,0.019327,-0.476198,-0.878464,0.039196,0.035680,0.025234,0.999045,0,0.21927,1.00000,9.462,0.218,13.331,661.981,-1,741.690,15.040,558.387,576.716,531.291,576.172,-1,-1,-1,-1,-1,-1,45.388,23.294,1,0,2,0,1,0,0,0,0,2,2,2,2,2,2,1,1
45,6482.383,-1738.595,226.511,-151.364,-0.877124,0.479928,0.017966,-0.478933,-0.876864,0.041618,0.035727,0.027900,0.998972,0,0.21927,1.00000,9.689,0.179,13.370,661.385,-1,737.888,14.926,556.729,574.557,533.312,563.706,-1,-1,-1,-1,-1,-1,41.329,23.494,1,0,2,0,1,0,0,0,0,2,2,2,2,2,2,1,1
46,6474.019,-1743.856,226.808,-151.189,-0.875538,0.482720,0.020379,-0.481553,-0.875294,0.044351,0.039247,0.029017,0.998808,0,0.21927,1.00000,9.881,0.175,13.292,671.775,-1,751.295,15.192,564.854,583.416,535.204,559.235,-1,-1,-1,-1,-1,-1,48.934,23.068,1,0,2,0,1,0,0,0,0,2,2,2,2,2,2,1,1
47,6465.879,-1749.393,227.887,-150.976,-0.873600,0.486071,0.023643,-0.484725,-0.873436,0.046379,0.043194,0.029056,0.998644,0,0.21927,1.00000,9.844,0.213,13.274,684.673,-1,770.550,15.552,575.741,595.693,537.151,560.044,-1,-1,-1,-1,-1,-1,45.113,22.672,1,0,2,0,1,0,0,0,0,2,2,2,2,2,2,1,1
48,6458.068,-1755.057,229.444,-150.733,-0.871460,0.489779,0.025965,-0.488380,-0.871413,0.046088,0.045199,0.027484,0.998600,0,0.21927,1.00000,9.649,0.243,13.278,692.119,-1,786.658,-1,583.211,605.008,537.041,566.225,-1,-1,-1,-1,-1,-1,41.294,-1,1,0,2,0,2,0,0,0,0,2,2,2,2,2,2,1,2
49,6450.433,-1760.863,231.048,-150.474,-0.869241,0.493641,0.027183,-0.492316,-0.869317,0.043747,0.045226,0.024644,0.998673,0,0.21927,1.00000,9.592,0.259,13.321,692.747,-1,797.226,-1,585.750,609.634,534.378,575.683,-1,-1,-1,-1,-1,-1,36.760,-1,1,0,2,0,2,0,0,0,0,2,2,2,2,2,2,1,2
50,6442.943,-1766.889,232.371,-150.187,-0.866828,0.497849,0.027491,-0.496688,-0.867011,0.039908,0.043703,0.020939,0.998825,0,0.21927,1.00000,9.613,0.286,13.404,687.313,-1,802.008,-1,583.663,609.076,529.197,585.925,-1,-1,-1,-1,-1,-1,31.619,-1,1,0,2,0,2,0,0,0,0,2,2,2,2,2,2,1,2
51,6435.550,-1773.133,233.150,-149.877,-0.864227,0.502370,0.027128,-0.501433,-0.864495,0.034826,0.040947,0.016495,0.999025,0,0.21927,1.00000,9.678,0.310,13.498,676.264,-1,801.054,-1,577.230,604.295,521.174,596.260,-1,-1,-1,-1,-1,-1,25.307,-1,1,0,2,0,2,0,0,0,0,2,2,2,2,2,2,1,2
52,6426.766,-1780.869,233.067,-149.487,-0.860942,0.508036,0.026038,-0.507399,-0.861272,0.027528,0.036411,0.010489,0.999282,0,0.21927,1.00000,11.705,0.390,13.584,656.558,-1,791.758,-1,564.201,593.306,507.783,607.162,-1,-1,-1,-1,-1,-1,21.901,-1,1,0,2,0,2,0,0,0,0,2,2,2,2,2,2,1,2
53,6420.828,-1786.079,232.484,-149.241,-0.858828,0.511623,0.025629,-0.511130,-0.859181,0.023555,0.034071,0.007130,0.999394,0,0.21927,1.00000,7.899,0.246,13.560,644.616,-1,784.826,-1,555.948,586.196,498.889,611.143,-1,-1,-1,-1,-1,-1,31.630,-1,1,0,2,0,2,0,0,0,0,2,2,2,2,2,2,1,2
54,6413.231,-1792.603,231.439,-148.936,-0.856135,0.516129,0.025374,-0.515726,-0.856497,0.020953,0.032547,0.004853,0.999458,0,0.21927,1.00000,10.013,0.305,13.542,634.104,-1,777.912,-1,548.216,579.283,490.694,609.869,-1,-1,-1,-1,-1,-1,37.927,-1,1,0,2,0,2,0,0,0,0,2,2,2,2,2,2,1,2
55,6405.472,-1799.070,230.323,-148.623,-0.853324,0.520793,0.024754,-0.520400,-0.853669,0.020795,0.031962,0.004863,0.999477,0,0.21927,1.00000,10.101,0.313,13.519,627.596,-1,771.489,-1,542.685,573.791,486.615,602.014,-1,-1,-1,-1,-1,-1,41.363,-1,1,0,2,0,2,0,0,0,0,2,2,2,2,2,2,1,2
56,6397.589,-1805.433,229.441,-148.314,-0.850502,0.525446,0.023536,-0.525004,-0.850799,0.022617,0.031908,0.006880,0.999467,0,0.21927,1.00000,10.131,0.310,13.476,624.732,-1,765.519,-1,539.224,569.671,486.672,589.586,-1,-1,-1,-1,-1,-1,43.698,-1,1,0,2,0,2,0,0,0,0,2,2,2,2,2,2,1,2
57,6389.654,-1811.769,229.011,-148.005,-0.847647,0.530095,0.022211,-0.529570,-0.847880,0.025597,0.032401,0.009935,0.999426,0,0.21927,1.00000,10.154,0.309,13.453,625.343,-1,761.876,-1,538.203,567.674,489.776,576.200,-1,-1,-1,-1,-1,-1,43.716,18.090,1,0,2,0,2,0,0,0,0,2,2,2,2,2,2,1,1
58,6381.730,-1818.129,229.078,-147.695,-0.844748,0.534751,0.021047,-0.534135,-0.844908,0.028794,0.033181,0.013082,0.999364,0,0.21927,1.00000,10.161,0.310,13.423,628.157,-1,760.832,12.595,539.018,567.567,494.405,564.548,-1,-1,-1,-1,-1,-1,42.928,10.227,1,0,2,0,1,0,0,0,0,2,2,2,2,2,2,1,1
59,6373.839,-1824.500,229.579,-147.395,-0.841923,0.539226,0.020044,-0.538542,-0.842018,0.031283,0.033746,0.015543,0.999310,0,0.21927,1.00000,10.142,0.300,13.402,631.186,-1,761.316,-1,540.393,568.283,498.955,556.460,-1,-1,-1,-1,-1,-1,41.815,12.995,1,0,2,0,2,0,0,0,0,2,2,2,2,2,2,1,1
60,6366.032,-1830.922,230.395,-147.099,-0.839126,0.543601,0.019115,-0.542878,-0.839167,0.032899,0.033925,0.017229,0.999276,0,0.21927,1.00000,10.109,0.296,13.372,633.546,-1,762.454,-1,541.632,569.129,502.908,552.229,-1,-1,-1,-1,-1,-1,40.647,-1,1,0,2,0,2,0,0,0,0,2,2,2,2,2,2,1,2
61,6358.282,-1837.384,231.333,-146.811,-0.836393,0.547829,0.018148,-0.547096,-0.836391,0.033714,0.033649,0.018270,0.999267,0,0.21927,1.00000,10.090,0.288,13.345,634.613,-1,763.193,-1,542.181,569.456,505.958,549.963,-1,-1,-1,-1,-1,-1,39.664,-1,1,0,2,0,2,0,0,0,0,2,2,2,2,2,2,1,2
62,6350.553,-1843.886,232.206,-146.534,-0.833761,0.551859,0.017188,-0.551140,-0.833728,0.033808,0.032987,0.018715,0.999281,0,0.21927,1.00000,10.101,0.277,13.376,634.080,-1,762.961,-1,541.755,568.856,507.685,548.941,-1,-1,-1,-1,-1,-1,37.974,-1,1,0,2,0,2,0,0,0,0,2,2,2,2,2,2,1,2
63,6342.886,-1850.473,232.878,-146.252,-0.831064,0.555949,0.015926,-0.555267,-0.831001,0.033402,0.031804,0.018916,0.999315,0,0.21927,1.00000,10.108,0.283,13.428,631.440,-1,759.407,-1,539.568,566.392,508.379,547.766,-1,-1,-1,-1,-1,-1,36.642,-1,1,0,2,0,2,0,0,0,0,2,2,2,2,2,2,1,2
64,6333.918,-1858.333,233.372,-145.899,-0.827696,0.561013,0.013587,-0.560405,-0.827584,0.032408,0.029426,0.019209,0.999382,0,-0.01494,0.56011,11.925,0.352,14.643,625.039,-1,750.755,-1,534.235,560.665,508.450,545.094,-1,-1,-1,-1,-1,-1,36.195,-1,1,0,2,0,2,0,0,0,0,2,2,2,2,2,2,1,2
65,6328.280,-1863.516,233.535,-145.635,-0.825152,0.564803,0.011057,-0.564259,-0.824982,0.031887,0.027132,0.020073,0.999430,0,-0.01494,0.56011,7.658,0.265,15.967,619.036,-1,741.134,-1,528.945,554.795,509.352,541.026,-1,-1,-1,-1,-1,-1,36.754,-1,1,0,2,0,2,0,0,0,0,2,2,2,2,2,2,1,2
66,6321.601,-1869.907,233.645,-145.276,-0.821666,0.569921,0.007436,-0.569464,-0.821417,0.031369,0.023985,0.021540,0.999480,0,-0.01494,0.56011,9.245,0.359,18.814,610.915,-1,727.580,-1,521.641,546.594,511.158,534.690,-1,-1,-1,-1,-1,-1,37.662,-1,1,0,2,0,2,0,0,0,0,2,2,2,2,2,2,1,2
67,6315.290,-1876.198,233.752,-144.899,-0.817961,0.575260,0.003950,-0.574884,-0.817640,0.031180,0.021167,0.023233,0.999506,0,-0.01494,0.56011,8.911,0.376,22.858,603.819,-1,715.052,-1,515.042,539.042,513.521,527.917,-1,-1,-1,-1,-1,-1,39.138,-1,1,0,2,0,2,0,0,0,0,2,2,2,2,2,2,1,2
68,6309.279,-1882.325,233.967,-144.524,-0.814200,0.580583,0.001181,-0.580259,-0.813810,0.031825,0.019438,0.025227,0.999493,0,-0.01494,0.56011,8.583,0.376,28.323,600.203,-1,706.257,-1,510.883,533.905,516.966,521.055,-1,-1,-1,-1,-1,-1,40.620,13.757,1,0,2,0,2,0,0,0,0,2,2,2,2,2,2,1,1
69,6303.597,-1888.284,234.346,-144.148,-0.810390,0.585890,-0.000951,-0.585595,-0.809929,0.033078,0.018610,0.027363,0.999452,0,-0.01494,0.56011,8.234,0.376,38.828,599.390,-1,700.657,15.282,508.850,530.905,521.344,515.532,-1,-1,-1,-1,-1,-1,40.232,10.780,1,0,2,0,1,0,0,0,0,2,2,2,2,2,2,1,1
70,6298.422,-1894.145,234.871,-143.743,-0.806235,0.591588,-0.002860,-0.591314,-0.805694,0.034720,0.018236,0.029684,0.999393,0,-0.01494,0.56011,7.818,0.405,37.112,600.162,-1,696.575,12.193,507.938,528.970,526.714,510.899,-1,-1,-1,-1,-1,-1,38.852,8.349,1,0,2,0,1,0,0,0,0,2,2,2,2,2,2,1,1
71,6293.743,-1899.849,235.485,-143.319,-0.801847,0.597514,-0.004269,-0.597256,-0.801245,0.035940,0.018054,0.031368,0.999345,0,-0.01494,0.56011,7.378,0.423,36.281,601.136,-1,693.876,14.605,507.432,527.670,531.217,507.906,-1,-1,-1,-1,-1,-1,37.815,10.132,1,0,2,0,1,0,0,0,0,2,2,2,2,2,2,1,1
72,6289.462,-1905.351,236.102,-142.911,-0.797574,0.603201,-0.004910,-0.602950,-0.796947,0.036420,0.018055,0.032008,0.999325,0,-0.01494,0.56011,6.971,0.408,35.685,601.818,-1,692.778,-1,507.148,526.976,533.590,507.118,-1,-1,-1,-1,-1,-1,37.031,14.851,1,0,2,0,2,0,0,0,0,2,2,2,2,2,2,1,1
73,6285.487,-1910.646,236.630,-142.536,-0.793602,0.608418,-0.004816,-0.608167,-0.792989,0.036073,0.018128,0.031556,0.999338,0,-0.01494,0.56011,6.621,0.376,35.066,601.840,-1,692.610,-1,506.716,526.539,533.552,508.364,-1,-1,-1,-1,-1,-1,36.247,-1,1,0,2,0,2,0,0,0,0,2,2,2,2,2,2,1,2
74,6281.765,-1915.729,236.980,-142.189,-0.789908,0.613212,-0.004144,-0.612955,-0.789341,0.035019,0.018203,0.030201,0.999378,0,-0.01494,0.56011,6.300,0.347,34.642,600.764,-1,692.685,-1,505.825,526.060,531.224,511.142,-1,-1,-1,-1,-1,-1,35.730,-1,1,0,2,0,2,0,0,0,0,2,2,2,2,2,2,1,2
75,6278.192,-1920.626,237.071,-141.871,-0.786482,0.617606,-0.002931,-0.617332,-0.785972,0.033904,0.018635,0.028475,0.999421,0,-0.01494,0.56011,6.062,0.318,29.640,599.620,-1,693.523,-1,505.025,525.846,527.505,514.158,-1,-1,-1,-1,-1,-1,36.326,-1,1,0,2,0,2,0,0,0,0,2,2,2,2,2,2,1,2
76,6274.722,-1925.367,236.874,-141.576,-0.783283,0.621663,-0.001640,-0.621357,-0.782808,0.033567,0.019584,0.027311,0.999435,0,-0.01494,0.56011,5.875,0.295,35.935,599.408,-1,694.629,-1,504.740,525.803,524.189,515.276,-1,-1,-1,-1,-1,-1,37.006,-1,1,0,2,0,2,0,0,0,0,2,2,2,2,2,2,1,2
77,6271.323,-1930.101,236.484,-141.272,-0.779944,0.625850,-0.000353,-0.625483,-0.779468,0.034649,0.021410,0.027245,0.999399,0,0.26389,0.20000,5.828,0.304,22.441,601.611,-1,696.670,-1,505.765,526.681,522.623,513.628,-1,-1,-1,-1,-1,-1,39.028,-1,1,0,2,0,2,0,0,0,0,2,2,2,2,2,2,1,2
78,6267.774,-1934.939,236.041,-140.967,-0.776553,0.630050,0.001661,-0.629571,-0.776060,0.037033,0.024622,0.027712,0.999313,0,0.26389,0.20000,6.000,0.304,15.063,607.531,-1,702.274,-1,509.261,529.942,522.081,510.860,-1,-1,-1,-1,-1,-1,40.524,-1,1,0,2,0,2,0,0,0,0,2,2,2,2,2,2,1,2
79,6263.950,-1939.756,235.640,-140.706,-0.773591,0.633666,0.004929,-0.633037,-0.773128,0.039216,0.028661,0.027217,0.999219,0,0.26389,0.20000,6.150,0.261,13.413,615.101,-1,711.973,-1,514.391,535.275,519.764,510.361,-1,-1,-1,-1,-1,-1,41.833,-1,1,0,2,0,2,0,0,0,0,2,2,2,2,2,2,1,2
80,6259.823,-1944.513,235.348,-140.519,-0.771412,0.636263,0.009630,-0.635478,-0.771069,0.040251,0.033036,0.024930,0.999143,0,0.26389,0.20000,6.298,0.187,13.319,624.476,-1,725.727,-1,520.390,542.289,514.105,514.045,-1,-1,-1,-1,-1,-1,43.337,-1,1,0,2,0,2,0,0,0,0,2,2,2,2,2,2,1,2
81,6255.459,-1949.206,235.262,-140.404,-0.770028,0.637833,0.015019,-0.636930,-0.769880,0.040055,0.037111,0.021278,0.999085,0,0.26389,0.20000,6.409,0.115,13.589,633.263,-1,741.589,-1,526.401,549.930,506.163,521.349,-1,-1,-1,-1,-1,-1,32.346,-1,1,0,2,0,2,0,0,0,0,2,2,2,2,2,2,1,2
82,6250.919,-1953.799,235.518,-140.348,-0.769319,0.638562,0.019658,-0.637610,-0.769373,0.038979,0.040015,0.017453,0.999047,0,0.26389,0.20000,6.458,0.056,13.892,639.633,-1,755.752,-1,531.220,556.445,498.733,530.141,-1,-1,-1,-1,-1,-1,27.945,-1,1,0,2,0,2,0,0,0,0,2,2,2,2,2,2,1,2
83,6246.240,-1958.221,236.160,-140.341,-0.769193,0.638599,0.023104,-0.637671,-0.769416,0.037075,0.041452,0.013785,0.999045,0,0.26389,0.20000,6.438,0.007,14.203,643.026,-1,766.698,-1,534.353,561.175,492.548,539.826,-1,-1,-1,-1,-1,-1,25.789,-1,1,0,2,0,2,0,0,0,0,2,2,2,2,2,2,1,2
84,6241.435,-1962.486,237.136,-140.374,-0.769557,0.638078,0.025285,-0.637213,-0.769897,0.034911,0.041743,0.010754,0.999071,0,0.26389,0.20000,6.424,-0.034,14.501,644.669,-1,774.530,-1,536.316,564.459,488.368,549.198,-1,-1,-1,-1,-1,-1,24.555,-1,1,0,2,0,2,0,0,0,0,2,2,2,2,2,2,1,2
85,6236.430,-1966.620,238.304,-140.442,-0.770312,0.637115,0.026515,-0.636306,-0.770719,0.033267,0.041631,0.008754,0.999095,0,0.26389,0.20000,6.492,-0.068,14.711,646.744,-1,780.857,-1,538.249,567.344,486.545,556.617,-1,-1,-1,-1,-1,-1,23.957,-1,1,0,2,0,2,0,0,0,0,2,2,2,2,2,2,1,2
86,6231.175,-1970.662,239.474,-140.533,-0.771326,0.635860,0.027183,-0.635079,-0.771766,0.032433,0.041602,0.007753,0.999104,0,0.26389,0.20000,6.629,-0.091,14.657,650.070,-1,786.843,-1,540.611,570.329,486.536,561.877,-1,-1,-1,-1,-1,-1,24.096,-1,1,0,2,0,2,0,0,0,0,2,2,2,2,2,2,1,2
87,6225.765,-1974.627,240.472,-140.636,-0.772468,0.634463,0.027392,-0.633689,-0.772917,0.032219,0.041613,0.007531,0.999105,0,0.26389,0.20000,6.707,-0.103,14.530,653.699,-1,791.412,-1,542.823,572.891,487.483,564.908,-1,-1,-1,-1,-1,-1,24.461,-1,1,0,2,0,2,0,0,0,0,2,2,2,2,2,2,1,2
88,6220.272,-1978.699,241.220,-140.714,-0.773315,0.633451,0.026906,-0.632632,-0.773733,0.033359,0.041949,0.008775,0.999081,0,0.26389,0.20000,6.838,-0.078,14.531,658.924,-1,794.345,-1,545.233,575.104,490.514,563.871,-1,-1,-1,-1,-1,-1,24.459,-1,1,0,2,0,2,0,0,0,0,2,2,2,2,2,2,1,2
89,6214.613,-1982.827,241.692,-140.783,-0.774060,0.632569,0.026215,-0.631682,-0.774431,0.035131,0.042524,0.010634,0.999039,0,0.26389,0.20000,7.005,-0.069,14.616,664.609,-1,796.402,-1,547.538,576.993,493.990,560.741,-1,-1,-1,-1,-1,-1,24.204,-1,1,0,2,0,2,0,0,0,0,2,2,2,2,2,2,1,2
90,6208.782,-1986.961,241.891,-140.867,-0.774964,0.631494,0.025419,-0.630545,-0.775281,0.036789,0.042939,0.012482,0.999000,0,0.26389,0.20000,7.148,-0.083,14.835,668.887,-1,797.014,-1,548.913,577.948,496.776,556.868,-1,-1,-1,-1,-1,-1,23.674,-1,1,0,2,0,2,0,0,0,0,2,2,2,2,2,2,1,2
91,6202.771,-1991.076,241.819,-140.976,-0.776166,0.630054,0.024477,-0.629072,-0.776426,0.037832,0.042841,0.013966,0.998984,0,0.26389,0.20000,7.285,-0.109,14.907,670.260,-1,795.388,-1,548.630,577.351,498.114,553.005,-1,-1,-1,-1,-1,-1,23.530,-1,1,0,2,0,2,0,0,0,0,2,2,2,2,2,2,1,2
92,6196.640,-1995.233,241.507,-141.086,-0.777392,0.628594,0.023054,-0.627593,-0.777576,0.038754,0.042286,0.015658,0.998983,0,0.26389,0.20000,7.407,-0.110,15.002,669.561,-1,791.011,-1,546.924,575.174,499.154,548.033,-1,-1,-1,-1,-1,-1,23.358,-1,1,0,2,0,2,0,0,0,0,2,2,2,2,2,2,1,2
93,6190.412,-1999.339,241.074,-141.224,-0.778956,0.626719,0.021202,-0.625753,-0.779063,0.038663,0.040748,0.016849,0.999027,0,0.26389,0.20000,7.460,-0.138,15.277,664.820,-1,783.449,-1,543.020,570.885,498.791,544.327,-1,-1,-1,-1,-1,-1,22.958,-1,1,0,2,0,2,0,0,0,0,2,2,2,2,2,2,1,2
94,6184.071,-2003.410,240.611,-141.387,-0.780803,0.624491,0.018898,-0.623599,-0.780832,0.037761,0.038338,0.017699,0.999108,0,0.26389,0.20000,7.535,-0.163,15.453,656.953,-1,773.320,-1,537.388,564.934,497.578,541.137,-1,-1,-1,-1,-1,-1,22.765,-1,1,0,2,0,2,0,0,0,0,2,2,2,2,2,2,1,2
95,6177.581,-2007.501,240.171,-141.561,-0.782777,0.622090,0.016261,-0.621283,-0.782722,0.036787,0.035613,0.018693,0.999191,0,0.26389,0.20000,7.672,-0.174,15.492,648.449,-1,762.251,-1,531.321,558.483,496.630,537.696,-1,-1,-1,-1,-1,-1,22.728,-1,1,0,2,0,2,0,0,0,0,2,2,2,2,2,2,1,2
96,6170.929,-2011.658,239.791,-141.735,-0.784729,0.619693,0.013462,-0.618960,-0.784587,0.036227,0.033012,0.020096,0.999253,0,0.26389,0.20000,7.844,-0.174,15.434,641.051,-1,751.567,-1,525.767,552.430,496.605,533.585,-1,-1,-1,-1,-1,-1,22.784,-1,1,0,2,0,2,0,0,0,0,2,2,2,2,2,2,1,2
97,6164.114,-2015.880,239.516,-141.907,-0.786636,0.617326,0.010581,-0.616657,-0.786403,0.036124,0.030621,0.021892,0.999291,0,0.26389,0.20000,8.017,-0.171,15.377,635.110,-1,741.707,-1,521.064,547.029,497.952,529.004,-1,-1,-1,-1,-1,-1,22.843,-1,1,0,2,0,2,0,0,0,0,2,2,2,2,2,2,1,2
98,6157.125,-2020.171,239.356,-142.079,-0.788534,0.614940,0.007916,-0.614326,-0.788215,0.036344,0.028589,0.023796,0.999308,0,0.26389,0.20000,8.201,-0.172,15.337,630.795,-1,733.497,-1,517.406,542.815,500.069,524.613,-1,-1,-1,-1,-1,-1,22.890,-1,1,0,2,0,2,0,0,0,0,2,2,2,2,2,2,1,2
99,6149.977,-2024.548,239.311,-142.253,-0.790437,0.612518,0.005639,-0.611951,-0.790043,0.036719,0.026946,0.025573,0.999310,0,0.26389,0.20000,8.382,-0.174,15.289,627.947,-1,727.227,-1,514.774,539.734,502.306,520.885,-1,-1,-1,-1,-1,-1,22.943,-1,1,0,2,0,2,0,0,0,0,2,2,2,2,2,2,1,2
100,6142.681,-2029.023,239.376,-142.429,-0.792337,0.610072,0.003827,-0.609545,-0.791885,0.037053,0.025635,0.027026,0.999306,0,0.26389,0.20000,8.558,-0.176,15.243,626.270,-1,722.833,-1,512.991,537.670,504.235,518.176,-1,-1,-1,-1,-1,-1,23.000,-1,1,0,2,0,2,0,0,0,0,2,2,2,2,2,2,1,2
101,6135.267,-2033.638,239.503,-142.598,-0.794158,0.607707,0.002357,-0.607216,-0.793661,0.037285,0.024530,0.028179,0.999302,0,0.26389,0.20000,8.733,-0.169,15.196,625.133,-1,719.619,-1,511.664,536.196,505.748,516.271,-1,-1,-1,-1,-1,-1,23.063,-1,1,0,2,0,2,0,0,0,0,2,2,2,2,2,2,1,2
102,6127.721,-2038.334,239.645,-142.776,-0.796045,0.605235,0.001360,-0.604767,-0.795514,0.037622,0.023852,0.029127,0.999291,0,0.26389,0.20000,8.888,-0.177,15.239,625.128,-1,718.109,-1,511.166,535.682,506.911,514.870,-1,-1,-1,-1,-1,-1,23.006,-1,1,0,2,0,2,0,0,0,0,2,2,2,2,2,2,1,2
103,6120.037,-2043.063,239.820,-142.962,-0.798012,0.602641,0.000859,-0.602173,-0.797446,0.038315,0.023776,0.030059,0.999265,0,0.26389,0.20000,9.023,-0.187,15.213,627.045,-1,718.717,-1,511.908,536.489,508.194,513.667,-1,-1,-1,-1,-1,-1,23.039,-1,1,0,2,0,2,0,0,0,0,2,2,2,2,2,2,1,2
104,6112.586,-2047.591,240.258,-143.091,-0.799351,0.600865,0.000306,-0.600356,-0.798695,0.040725,0.024715,0.032369,0.999170,0,0.50111,0.65271,8.719,-0.129,15.147,634.698,-1,721.753,-1,515.269,539.561,513.383,510.646,-1,-1,-1,-1,-1,-1,23.131,-1,1,0,2,0,2,0,0,0,0,2,2,2,2,2,2,1,2
105,6105.560,-2051.924,241.192,-143.166,-0.800080,0.599894,-0.000106,-0.599281,-0.799254,0.045332,0.027110,0.036333,0.998972,0,0.50111,0.65271,8.255,-0.074,15.313,650.190,-1,729.129,-1,522.885,546.315,523.957,506.024,-1,-1,-1,-1,-1,-1,22.916,-1,1,0,2,0,2,0,0,0,0,2,2,2,2,2,2,1,2
106,6098.813,-2055.994,242.658,-143.242,-0.800796,0.598937,0.000049,-0.598163,-0.799764,0.050777,0.030452,0.040633,0.998710,0,0.50111,0.65271,7.879,-0.076,15.618,675.346,-1,741.120,-1,534.168,556.401,537.279,502.378,-1,-1,-1,-1,-1,-1,22.619,-1,1,0,2,0,2,0,0,0,0,2,2,2,2,2,2,1,2
107,6092.141,-2059.903,244.572,-143.341,-0.801727,0.597689,0.001027,-0.596697,-0.800494,0.056237,0.034434,0.044474,0.998417,0,0.50111,0.65271,7.733,-0.099,16.071,705.245,-1,758.257,-1,548.077,569.349,551.316,500.890,-1,-1,-1,-1,-1,-1,22.347,-1,1,0,2,0,2,0,0,0,0,2,2,2,2,2,2,1,2
108,6085.311,-2063.606,246.747,-143.523,-0.803496,0.595301,0.003283,-0.594066,-0.802162,0.060183,0.038460,0.046407,0.998182,0,0.50111,0.65271,7.769,-0.182,16.705,735.106,-1,779.585,-1,563.854,584.182,561.909,503.592,-1,-1,-1,-1,-1,-1,22.190,-1,1,0,2,0,2,0,0,0,0,2,2,2,2,2,2,1,2
109,6078.182,-2066.965,248.886,-143.847,-0.806742,0.590862,0.007050,-0.589430,-0.805514,0.060986,0.041713,0.045045,0.998114,0,0.50111,0.65271,7.881,-0.324,16.263,758.719,-1,802.585,-1,578.616,599.594,566.019,512.130,-1,-1,-1,-1,-1,-1,22.277,-1,1,0,2,0,2,0,0,0,0,2,2,2,2,2,2,1,2
110,6070.743,-2070.221,250.680,-144.287,-0.811156,0.584707,0.011996,-0.583144,-0.810204,0.059265,0.044371,0.041078,0.998170,0,0.50111,0.65271,8.121,-0.440,15.710,776.560,-1,826.500,-1,591.267,614.150,562.150,524.189,-1,-1,-1,-1,-1,-1,22.550,-1,1,0,2,0,2,0,0,0,0,2,2,2,2,2,2,1,2
111,6063.056,-2073.612,251.813,-144.766,-0.815924,0.577890,0.017617,-0.576292,-0.815359,0.055461,0.046415,0.035100,0.998305,0,0.50111,0.65271,8.402,-0.479,-1,785.761,-1,850.380,-1,600.555,626.141,550.765,538.521,-1,-1,-1,-1,-1,-1,-1,-1,2,0,2,0,2,0,0,0,0,2,2,2,2,2,2,2,2
112,6055.243,-2077.137,251.987,-145.260,-0.820824,0.570701,0.023425,-0.569212,-0.820707,0.049371,0.047401,0.027191,0.998506,0,0.50111,0.65271,8.571,-0.494,-1,782.817,-1,869.770,-1,604.491,633.426,531.642,554.450,-1,-1,-1,-1,-1,-1,-1,-1,2,0,2,0,2,0,0,0,0,2,2,2,2,2,2,2,2
113,6047.452,-2080.923,251.253,-145.714,-0.825341,0.563971,0.027363,-0.562704,-0.825557,0.042664,0.046651,0.019815,0.998715,0,0.50111,0.65271,8.662,-0.454,-1,768.691,-1,877.027,-1,601.682,633.730,513.207,567.591,-1,-1,-1,-1,-1,-1,-1,-1,2,0,2,0,2,0,0,0,0,2,2,2,2,2,2,2,2
114,6039.738,-2084.906,249.787,-146.062,-0.828883,0.558754,0.027324,-0.557779,-0.829203,0.036121,0.042840,0.014699,0.998974,0,0.50111,0.65271,8.682,-0.348,-1,741.392,-1,865.280,-1,589.582,623.651,497.430,574.089,-1,-1,-1,-1,-1,-1,-1,-1,2,0,2,0,2,0,0,0,0,2,2,2,2,2,2,2,2
115,6032.124,-2089.052,247.669,-146.310,-0.831529,0.555028,0.022418,-0.554347,-0.831734,0.030298,0.035462,0.012766,0.999289,0,0.50111,0.65271,8.670,-0.248,13.420,702.422,-1,832.433,-1,567.956,602.521,486.066,571.638,-1,-1,-1,-1,-1,-1,22.838,-1,1,0,2,0,2,0,0,0,0,2,2,2,2,2,2,1,2
116,6024.663,-2093.754,245.215,-146.329,-0.831938,0.554724,0.012669,-0.554217,-0.831850,0.029491,0.026898,0.017513,0.999485,0,0.50111,0.65271,8.820,-0.019,13.464,667.572,-1,785.912,-1,543.954,576.195,486.775,554.129,-1,-1,-1,-1,-1,-1,36.039,-1,1,0,2,0,2,0,0,0,0,2,2,2,2,2,2,1,2
117,6016.925,-2098.778,242.735,-146.236,-0.831179,0.556004,0.001040,-0.555671,-0.830743,0.033121,0.019279,0.026952,0.999451,0,0.50111,0.65271,9.225,0.093,13.538,643.037,-1,739.981,-1,523.318,551.488,496.992,527.894,-1,-1,-1,-1,-1,-1,33.594,-1,1,0,2,0,2,0,0,0,0,2,2,2,2,2,2,1,2
118,6008.663,-2103.912,240.441,-146.144,-0.830374,0.557109,-0.010412,-0.557054,-0.829567,0.038844,0.013003,0.038055,0.999191,0,0.50111,0.65271,9.727,0.092,13.993,626.761,-1,700.941,-1,506.991,530.620,515.486,500.487,-1,-1,-1,-1,-1,-1,27.094,-1,1,0,2,0,2,0,0,0,0,2,2,2,2,2,2,1,2
119,5999.882,-2108.936,238.573,-146.141,-0.830390,0.556794,-0.020823,-0.557140,-0.829281,0.043456,0.006928,0.047686,0.998838,0,0.50111,0.65271,10.117,0.004,14.271,612.186,-1,668.022,-1,492.739,512.525,532.957,478.473,-1,-1,-1,-1,-1,-1,25.452,-1,1,0,2,0,2,0,0,0,0,2,2,2,2,2,2,1,2
120,5990.798,-2114.048,237.329,-146.155,-0.830549,0.556133,-0.030093,-0.556945,-0.829222,0.046941,0.001152,0.055747,0.998444,0,0.50111,0.65271,10.423,-0.014,14.260,600.177,-1,641.121,-1,480.811,497.420,549.630,461.842,-1,-1,-1,-1,-1,-1,25.506,-1,1,0,2,0,2,0,0,0,0,2,2,2,2,2,2,1,2
121,5981.405,-2119.541,237.005,-146.185,-0.830839,0.555349,-0.035974,-0.556507,-0.829387,0.049170,-0.002530,0.060872,0.998142,0,0.50111,0.65271,10.882,-0.030,14.222,595.087,-1,626.382,13.797,474.801,489.354,562.620,452.983,-1,-1,-1,-1,-1,-1,25.689,28.947,1,0,2,0,1,0,0,0,0,2,2,2,2,2,2,1,1
122,5971.660,-2125.530,237.552,-146.216,-0.831135,0.554760,-0.038145,-0.556057,-0.829630,0.050152,-0.003824,0.062894,0.998013,0,0.50111,0.65271,11.438,-0.031,14.152,597.701,-1,623.572,13.856,474.801,488.420,570.661,451.708,-1,-1,-1,-1,-1,-1,26.057,28.296,1,0,2,0,1,0,0,0,0,2,2,2,2,2,2,1,1
123,5961.669,-2131.964,238.752,-146.245,-0.831420,0.554355,-0.037831,-0.555632,-0.829936,0.049790,-0.003796,0.062416,0.998043,0,0.50111,0.65271,11.883,-0.029,14.102,605.557,-1,628.356,13.902,478.342,491.915,574.151,456.230,-1,-1,-1,-1,-1,-1,26.355,23.665,1,0,2,0,1,0,0,0,0,2,2,2,2,2,2,1,1
124,5951.392,-2138.784,240.233,-146.263,-0.831592,0.554205,-0.036212,-0.555378,-0.830163,0.048824,-0.003003,0.060713,0.998151,0,0.50111,0.65271,12.334,-0.018,14.063,615.887,-1,637.060,-1,483.727,497.680,575.238,463.579,-1,-1,-1,-1,-1,-1,26.607,-1,1,0,2,0,2,0,0,0,0,2,2,2,2,2,2,1,2
125,5940.790,-2145.959,241.672,-146.275,-0.831713,0.554188,-0.033610,-0.555205,-0.830319,0.048143,-0.001227,0.058701,0.998275,0,0.50111,0.65271,12.802,-0.012,13.987,629.251,-1,648.658,-1,491.235,505.250,575.433,471.537,-1,-1,-1,-1,-1,-1,27.146,-1,1,0,2,0,2,0,0,0,0,2,2,2,2,2,2,1,2
126,5929.918,-2153.453,242.850,-146.270,-0.831667,0.554448,-0.030290,-0.555273,-0.830289,0.047878,0.001396,0.056638,0.998394,0,0.50111,0.65271,13.205,0.005,13.916,644.883,-1,661.973,-1,499.936,513.992,575.036,478.904,-1,-1,-1,-1,-1,-1,27.733,-1,1,0,2,0,2,0,0,0,0,2,2,2,2,2,2,1,2
127,5919.123,-2161.124,243.772,-146.195,-0.830927,0.555730,-0.026920,-0.556360,-0.829502,0.048877,0.004832,0.055591,0.998442,0,0.50111,0.65271,13.243,0.075,13.874,663.898,-1,676.481,-1,509.635,523.578,578.074,484.170,-1,-1,-1,-1,-1,-1,28.126,-1,1,0,2,0,2,0,0,0,0,2,2,2,2,2,2,1,2
128,5909.310,-2168.701,244.974,-145.918,-0.828192,0.559897,-0.024768,-0.560344,-0.826398,0.055511,0.010612,0.059852,0.998151,0,0.50111,0.65271,12.398,0.277,14.190,699.631,-1,693.410,-1,525.153,536.860,600.446,481.704,-1,-1,-1,-1,-1,-1,25.856,-1,1,0,2,0,2,0,0,0,0,2,2,2,2,2,2,1,2
129,5900.207,-2176.093,246.775,-145.534,-0.824312,0.565675,-0.022845,-0.565809,-0.821793,0.067196,0.019237,0.068317,0.997478,0,0.50111,0.65271,11.726,0.384,14.897,758.152,-1,716.909,-1,549.596,556.703,642.122,474.309,-1,-1,-1,-1,-1,-1,23.550,-1,1,0,2,0,2,0,0,0,0,2,2,2,2,2,2,1,2
130,5891.703,-2183.391,249.278,-145.060,-0.819401,0.572814,-0.021591,-0.572481,-0.815851,0.081565,0.029106,0.079195,0.996434,0,0.21659,0.20000,11.206,0.475,16.371,833.818,-1,745.444,-1,584.145,582.805,700.844,465.275,-1,-1,-1,-1,-1,-1,22.247,-1,1,0,2,0,2,0,0,0,0,2,2,2,2,2,2,1,2
131,5883.754,-2190.425,252.379,-144.560,-0.814147,0.580264,-0.021433,-0.579443,-0.809499,0.094646,0.037570,0.089475,0.995280,0,0.21659,0.20000,10.614,0.500,19.042,910.855,-1,773.894,-1,618.279,608.415,768.662,458.953,-1,-1,-1,-1,-1,-1,22.662,-1,1,0,2,0,2,0,0,0,0,2,2,2,2,2,2,1,2
132,5876.506,-2194.297,255.661,-144.516,-0.813671,0.580942,-0.021121,-0.580039,-0.808920,0.095934,0.038647,0.090309,0.995164,0,0.21659,0.20000,8.217,0.044,18.783,935.356,-1,790.544,-1,632.769,621.017,791.763,466.041,-1,-1,-1,-1,-1,-1,22.564,-1,1,0,2,0,2,0,0,0,0,2,2,2,2,2,2,1,2
133,5869.852,-2196.498,258.876,-144.837,-0.816947,0.576329,-0.021044,-0.575507,-0.812335,0.094358,0.037286,0.089196,0.995316,0,0.21659,0.20000,7.009,-0.321,18.689,943.202,-1,801.884,-1,640.783,629.198,804.447,475.079,-1,-1,-1,-1,-1,-1,22.531,-1,1,0,2,0,2,0,0,0,0,2,2,2,2,2,2,1,2
134,5863.323,-2198.092,261.810,-145.309,-0.821665,0.569610,-0.020287,-0.568751,-0.817060,0.094523,0.037266,0.089205,0.995316,0,0.21659,0.20000,6.720,-0.472,18.661,958.826,-1,815.674,-1,652.276,640.367,822.278,481.756,-1,-1,-1,-1,-1,-1,22.521,-1,1,0,2,0,2,0,0,0,0,2,2,2,2,2,2,1,2
135,5856.729,-2199.385,264.232,-145.845,-0.826893,0.562052,-0.018589,-0.561001,-0.822149,0.096686,0.039059,0.090378,0.995141,0,0.21659,0.20000,6.719,-0.536,18.211,983.177,-1,833.514,-1,667.936,654.920,844.646,485.559,-1,-1,-1,-1,-1,-1,22.378,-1,1,0,2,0,2,0,0,0,0,2,2,2,2,2,2,1,2
136,5849.992,-2200.733,265.933,-146.393,-0.832113,0.554372,-0.016119,-0.552998,-0.827136,0.100196,0.042213,0.092289,0.994837,0,0.21659,0.20000,6.871,-0.548,17.748,-1,-1,855.523,-1,685.774,670.962,868.202,486.693,-1,-1,-1,-1,-1,-1,22.264,-1,1,2,2,0,2,0,0,0,0,2,2,2,2,2,2,1,2
137,5843.170,-2202.241,266.735,-146.920,-0.837051,0.546960,-0.013427,-0.545257,-0.831916,0.103005,0.045169,0.093541,0.994590,0,0.21659,0.20000,6.986,-0.527,-1,-1,-1,875.176,-1,700.389,684.127,883.531,486.817,-1,-1,-1,-1,-1,-1,-1,-1,2,2,2,0,2,0,0,0,0,2,2,2,2,2,2,2,2
138,5836.347,-2203.768,266.549,-147.457,-0.842071,0.539256,-0.010879,-0.537347,-0.837005,0.103348,0.046625,0.092872,0.994586,0,0.21659,0.20000,6.991,-0.537,-1,-1,-1,885.698,-1,707.174,691.305,882.081,487.512,-1,-1,-1,-1,-1,-1,-1,-1,2,2,2,0,2,0,0,0,0,2,2,2,2,2,2,2,2
139,5829.561,-2205.314,265.382,-148.017,-0.847296,0.531050,-0.008697,-0.529093,-0.842517,0.101120,0.046372,0.090280,0.994836,0,0.21659,0.20000,6.961,-0.560,-1,-1,-1,887.607,-1,705.313,691.306,863.954,488.766,-1,-1,-1,-1,-1,-1,-1,-1,2,2,2,0,2,0,0,0,0,2,2,2,2,2,2,2,2
140,5822.817,-2206.886,263.247,-148.600,-0.852710,0.522338,-0.007002,-0.520499,-0.848419,0.096257,0.044338,0.085724,0.995332,0,0.21659,0.20000,6.924,-0.583,-1,-1,-1,880.577,-1,694.639,683.862,830.007,490.695,-1,-1,-1,-1,-1,-1,-1,-1,2,2,2,0,2,0,0,0,0,2,2,2,2,2,2,2,2
141,5816.124,-2208.470,260.161,-149.206,-0.858309,0.513099,-0.005910,-0.511540,-0.854680,0.088592,0.040405,0.079062,0.996050,0,0.21659,0.20000,6.879,-0.606,-1,969.570,-1,864.459,-1,675.190,668.926,781.450,493.597,-1,-1,-1,-1,-1,-1,-1,-1,2,0,2,0,2,0,0,0,0,2,2,2,2,2,2,2,2
142,5809.474,-2210.051,256.136,-149.834,-0.864055,0.503368,-0.005483,-0.502213,-0.861222,0.077963,0.034522,0.070118,0.996941,0,0.21659,0.20000,6.835,-0.628,-1,909.845,-1,840.634,-1,647.346,646.817,720.842,497.883,-1,-1,-1,-1,-1,-1,-1,-1,2,0,2,0,2,0,0,0,0,2,2,2,2,2,2,2,2
143,5803.097,-2212.083,251.219,-150.349,-0.868749,0.495201,-0.007187,-0.494532,-0.866610,0.066518,0.026712,0.061341,0.997759,0,0.21659,0.20000,6.693,-0.516,-1,841.471,-1,805.391,-1,612.336,617.247,661.166,499.840,-1,-1,-1,-1,-1,-1,-1,-1,2,0,2,0,2,0,0,0,0,2,2,2,2,2,2,2,2
144,5796.938,-2214.209,245.710,-150.799,-0.872818,0.487878,-0.012832,-0.487818,-0.871304,0.053500,0.014921,0.052955,0.998485,0,0.21659,0.20000,6.515,-0.450,-1,758.309,-1,753.326,-1,568.520,578.915,603.956,499.397,-1,-1,-1,-1,-1,-1,-1,-1,2,0,2,0,2,0,0,0,0,2,2,2,2,2,2,2,2
145,5791.251,-2217.287,240.352,-150.882,-0.873621,0.485966,-0.024991,-0.486606,-0.872312,0.047827,0.001443,0.053944,0.998543,0,0.21659,0.20000,6.467,-0.083,14.048,688.834,-1,691.917,-1,525.889,536.863,583.358,483.537,-1,-1,-1,-1,-1,-1,26.704,-1,1,0,2,0,2,0,0,0,0,2,2,2,2,2,2,1,2
146,5785.389,-2220.376,235.783,-150.845,-0.873246,0.485659,-0.039715,-0.487141,-0.872040,0.047328,-0.011648,0.060676,0.998090,0,0.21659,0.20000,6.626,0.037,14.124,635.055,-1,632.136,13.881,489.808,498.482,585.257,460.567,-1,-1,-1,-1,-1,-1,26.217,25.907,1,0,2,0,1,0,0,0,0,2,2,2,2,2,2,1,1
147,5779.006,-2223.413,232.849,-150.823,-0.872946,0.485185,-0.050602,-0.487410,-0.871748,0.049867,-0.019917,0.068195,0.997473,0,0.21659,0.20000,7.068,0.022,14.078,607.010,-1,595.387,13.925,468.981,474.966,598.736,441.582,-1,-1,-1,-1,-1,-1,26.510,27.653,1,0,2,0,1,0,0,0,0,2,2,2,2,2,2,1,1
148,5772.117,-2226.652,231.946,-150.826,-0.872940,0.484725,-0.054942,-0.487351,-0.871518,0.054278,-0.021573,0.074157,0.997013,0,0.21659,0.20000,7.613,-0.003,13.895,606.740,-1,584.612,14.109,465.660,469.379,618.755,430.995,-1,-1,-1,-1,-1,-1,27.924,26.306,1,0,2,0,1,0,0,0,0,2,2,2,2,2,2,1,1
149,5764.972,-2230.110,232.931,-150.831,-0.873045,0.484656,-0.053867,-0.487307,-0.871193,0.059617,-0.018035,0.078298,0.996767,0,0.21659,0.20000,7.938,-0.005,13.761,628.686,-1,593.825,14.267,476.302,478.217,642.957,428.193,-1,-1,-1,-1,-1,-1,29.402,25.469,1,0,2,0,1,0,0,0,0,2,2,2,2,2,2,1,1
150,5757.765,-2233.784,235.260,-150.825,-0.873067,0.485058,-0.049722,-0.487451,-0.870775,0.064370,-0.012073,0.080436,0.996687,0,0.21659,0.20000,8.089,0.007,13.706,662.303,-1,616.316,14.337,494.779,495.384,666.645,431.694,-1,-1,-1,-1,-1,-1,30.169,25.161,1,0,2,0,1,0,0,0,0,2,2,2,2,2,2,1,1
151,5750.613,-2237.645,238.183,-150.805,-0.872949,0.485749,-0.044815,-0.487770,-0.870385,0.067159,-0.006384,0.080486,0.996735,0,0.21659,0.20000,8.128,0.019,13.693,696.107,-1,642.592,14.355,514.587,514.122,684.376,439.590,-1,-1,-1,-1,-1,-1,30.365,25.090,1,0,2,0,1,0,0,0,0,2,2,2,2,2,2,1,1
152,5743.562,-2241.663,241.011,-150.773,-0.872689,0.486578,-0.040697,-0.488271,-0.870064,0.067680,-0.002477,0.078935,0.996877,0,0.21659,0.20000,8.115,0.032,13.664,722.067,-1,665.390,-1,530.530,529.793,694.033,449.508,-1,-1,-1,-1,-1,-1,30.856,-1,1,0,2,0,2,0,0,0,0,2,2,2,2,2,2,1,2
153,5736.601,-2245.831,243.382,-150.729,-0.872319,0.487506,-0.037379,-0.488937,-0.869797,0.066284,-0.000199,0.076097,0.997100,0,0.21659,0.20000,8.114,0.044,13.719,738.822,-1,682.979,-1,542.830,541.836,695.210,460.260,-1,-1,-1,-1,-1,-1,29.972,-1,1,0,2,0,2,0,0,0,0,2,2,2,2,2,2,1,2
154,5729.808,-2250.018,245.165,-150.677,-0.871870,0.488521,-0.034491,-0.489734,-0.869449,0.064956,0.001744,0.073525,0.997292,0,0.21659,0.20000,7.980,0.052,13.736,752.356,-1,698.775,-1,552.883,551.849,694.585,469.325,-1,-1,-1,-1,-1,-1,29.736,-1,1,0,2,0,2,0,0,0,0,2,2,2,2,2,2,1,2
155,5723.331,-2254.003,246.532,-150.609,-0.871275,0.489783,-0.031489,-0.490764,-0.868713,0.066994,0.005458,0.073824,0.997256,0,0.21659,0.20000,7.605,0.068,13.805,775.019,-1,716.771,-1,566.553,564.437,704.787,473.158,-1,-1,-1,-1,-1,-1,28.855,-1,1,0,2,0,2,0,0,0,0,2,2,2,2,2,2,1,2
156,5716.945,-2257.844,247.643,-150.525,-0.870507,0.491382,-0.027607,-0.492015,-0.867538,0.072795,0.011820,0.076952,0.996965,0,0.51519,0.99326,7.452,0.084,13.962,811.223,-1,740.328,-1,586.784,582.087,727.200,472.293,-1,-1,-1,-1,-1,-1,27.347,-1,1,0,2,0,2,0,0,0,0,2,2,2,2,2,2,1,2
157,5710.472,-2261.568,248.699,-150.461,-0.869847,0.492806,-0.022567,-0.492911,-0.866346,0.080514,0.020127,0.081159,0.996498,0,0.51519,0.99326,7.468,0.063,14.165,859.077,-1,771.126,-1,613.041,604.754,755.992,469.844,-1,-1,-1,-1,-1,-1,25.991,-1,1,0,2,0,2,0,0,0,0,2,2,2,2,2,2,1,2
158,5703.839,-2265.125,249.812,-150.461,-0.869655,0.493385,-0.016461,-0.492804,-0.865701,0.087785,0.029061,0.084454,0.996003,0,0.51519,0.99326,7.527,0.000,14.347,912.664,-1,809.403,-1,642.423,630.966,782.014,468.966,-1,-1,-1,-1,-1,-1,25.119,-1,1,0,2,0,2,0,0,0,0,2,2,2,2,2,2,1,2
159,5697.000,-2268.599,250.983,-150.523,-0.869934,0.493075,-0.009554,-0.491717,-0.865727,0.093440,0.037801,0.085984,0.995579,0,0.51519,0.99326,7.670,-0.062,14.442,966.755,-1,851.328,-1,672.754,660.141,800.086,470.850,-1,-1,-1,-1,-1,-1,24.755,-1,1,0,2,0,2,0,0,0,0,2,2,2,2,2,2,1,2
160,5689.912,-2272.024,252.146,-150.657,-0.870783,0.491664,-0.001994,-0.489527,-0.866605,0.096747,0.045839,0.085221,0.995307,0,0.51519,0.99326,7.873,-0.133,14.220,-1,-1,896.922,-1,702.535,689.604,806.263,476.092,-1,-1,-1,-1,-1,-1,25.702,-1,1,2,2,0,2,0,0,0,0,2,2,2,2,2,2,1,2
161,5682.636,-2275.552,253.275,-150.818,-0.871871,0.489709,0.005127,-0.486910,-0.867916,0.098181,0.052530,0.083105,0.995155,0,0.51519,0.99326,8.086,-0.161,13.579,-1,-1,943.268,-1,730.913,716.667,804.884,483.165,-1,-1,-1,-1,-1,-1,32.541,-1,1,2,2,0,2,0,0,0,0,2,2,2,2,2,2,1,2
162,5675.359,-2279.486,254.319,-150.895,-0.872285,0.488889,0.010330,-0.485613,-0.868536,0.099124,0.057433,0.081448,0.995021,0,0.51519,0.99326,8.273,-0.077,13.304,-1,-1,979.155,-1,753.784,739.747,804.892,489.322,-1,-1,-1,-1,-1,-1,32.931,-1,1,2,2,0,2,0,0,0,0,2,2,2,2,2,2,1,2
163,5668.194,-2283.787,255.218,-150.871,-0.871969,0.489385,0.013115,-0.485905,-0.868414,0.098754,0.059718,0.079738,0.995025,0,0.51519,0.99326,8.356,0.023,13.397,-1,-1,1002.954,-1,766.982,754.444,803.036,495.121,-1,-1,-1,-1,-1,-1,29.784,-1,1,2,2,0,2,0,0,0,0,2,2,2,2,2,2,1,2
164,5660.998,-2288.294,255.838,-150.834,-0.871662,0.489901,0.014233,-0.486480,-0.868372,0.096263,0.059518,0.076985,0.995254,0,0.51519,0.99326,8.491,0.037,13.551,-1,-1,-1,-1,769.985,759.304,794.000,501.752,-1,-1,-1,-1,-1,-1,26.925,-1,1,2,2,2,2,0,0,0,0,2,2,2,2,2,2,1,2
165,5653.599,-2292.977,256.011,-150.804,-0.871500,0.490186,0.014307,-0.486987,-0.868510,0.092382,0.057710,0.073543,0.995621,0,0.51519,0.99326,8.756,0.030,13.654,-1,-1,-1,-1,765.527,756.897,779.382,508.381,-1,-1,-1,-1,-1,-1,24.362,-1,1,2,2,2,2,0,0,0,0,2,2,2,2,2,2,1,2
166,5645.931,-2297.836,255.608,-150.778,-0.871426,0.490345,0.013363,-0.487461,-0.868698,0.088005,0.054761,0.070176,0.996030,0,0.51519,0.99326,9.078,0.026,10.515,-1,-1,1005.605,-1,755.250,748.463,762.479,513.528,-1,-1,-1,-1,-1,-1,9.581,-1,1,2,2,0,2,0,0,0,0,2,2,2,2,2,2,1,2
167,5637.997,-2302.868,254.533,-150.752,-0.871393,0.490459,0.011122,-0.487967,-0.868859,0.083502,0.050618,0.067335,0.996446,0,0.51519,0.99326,9.395,0.026,-1,-1,-1,986.113,-1,739.042,733.629,745.136,516.175,-1,-1,-1,-1,-1,-1,-1,-1,2,2,2,0,2,0,0,0,0,2,2,2,2,2,2,2,2
168,5628.197,-2309.102,252.266,-150.705,-0.871294,0.490725,0.005883,-0.488851,-0.868899,0.077708,0.043245,0.064831,0.996959,0,0.51519,0.99326,11.615,0.047,-1,988.310,-1,944.527,-1,709.372,704.821,723.931,515.334,-1,-1,-1,-1,-1,-1,-1,-1,2,0,2,0,2,0,0,0,0,2,2,2,2,2,2,2,2
169,5621.574,-2313.346,250.145,-150.653,-0.871092,0.491121,0.000264,-0.489776,-0.868747,0.073475,0.036314,0.063874,0.997297,0,0.51519,0.99326,7.866,0.052,-1,944.015,-1,905.956,-1,682.276,677.724,709.751,511.959,-1,-1,-1,-1,-1,-1,-1,-1,2,0,2,0,2,0,0,0,0,2,2,2,2,2,2,2,2
170,5613.286,-2318.861,246.826,-150.525,-0.870295,0.492434,-0.009760,-0.491887,-0.867973,0.068341,0.025182,0.064277,0.997614,0,0.51519,0.99326,9.955,0.128,-1,880.606,-1,842.149,-1,641.043,636.271,695.251,503.295,-1,-1,-1,-1,-1,-1,-1,-1,2,0,2,0,2,0,0,0,0,2,2,2,2,2,2,2,2
171,5604.744,-2324.589,242.883,-150.360,-0.869083,0.494174,-0.022050,-0.494514,-0.866845,0.063528,0.012280,0.066115,0.997736,0,0.51519,0.99326,10.284,0.165,13.652,813.545,-1,773.366,-1,596.268,592.567,683.483,490.734,-1,-1,-1,-1,-1,-1,31.054,-1,1,0,2,0,2,0,0,0,0,2,2,2,2,2,2,1,2
172,5595.510,-2330.248,238.946,-150.250,-0.868201,0.495032,-0.034226,-0.496212,-0.865998,0.061815,0.000961,0.070651,0.997501,0,0.51519,0.99326,10.831,0.110,13.953,761.450,-1,714.218,-1,560.477,555.260,683.548,474.166,-1,-1,-1,-1,-1,-1,27.413,-1,1,0,2,0,2,0,0,0,0,2,2,2,2,2,2,1,2
173,5585.478,-2335.841,235.726,-150.196,-0.867711,0.495114,-0.044047,-0.497026,-0.865402,0.063606,-0.006626,0.077084,0.997003,0,0.51519,0.99326,11.486,0.054,13.947,731.697,-1,672.410,14.053,537.808,530.081,696.566,457.064,-1,-1,-1,-1,-1,-1,27.465,26.668,1,0,2,0,1,0,0,0,0,2,2,2,2,2,2,1,1
174,5574.655,-2341.752,233.853,-150.172,-0.867494,0.495112,-0.048145,-0.497381,-0.864886,0.067713,-0.008114,0.082687,0.996543,0,0.51519,0.99326,12.331,0.024,13.895,728.985,-1,658.674,14.109,532.846,522.818,714.967,445.398,-1,-1,-1,-1,-1,-1,27.922,26.313,1,0,2,0,1,0,0,0,0,2,2,2,2,2,2,1,1
175,5563.228,-2348.089,233.423,-150.151,-0.867331,0.495439,-0.047717,-0.497705,-0.864284,0.072822,-0.005162,0.086910,0.996203,0,0.51519,0.99326,13.067,0.021,13.877,747.006,-1,666.426,14.128,541.700,529.500,736.073,439.768,-1,-1,-1,-1,-1,-1,28.097,26.191,1,0,2,0,1,0,0,0,0,2,2,2,2,2,2,1,1
176,5551.401,-2354.756,234.177,-150.130,-0.867159,0.496011,-0.044816,-0.498031,-0.863737,0.076959,-0.000537,0.089055,0.996027,0,0.51519,0.99326,13.576,0.021,13.847,774.261,-1,686.545,14.162,558.563,543.761,754.112,440.105,-1,-1,-1,-1,-1,-1,28.389,26.001,1,0,2,0,1,0,0,0,0,2,2,2,2,2,2,1,1
177,5539.317,-2361.742,235.656,-150.095,-0.866850,0.496837,-0.041517,-0.498557,-0.863256,0.078934,0.003377,0.089122,0.996015,0,0.51519,0.99326,13.958,0.035,13.824,799.539,-1,709.696,14.189,575.926,560.147,765.705,445.071,-1,-1,-1,-1,-1,-1,28.638,25.856,1,0,2,0,1,0,0,0,0,2,2,2,2,2,2,1,1
178,5527.108,-2369.021,237.383,-150.060,-0.866531,0.497623,-0.038672,-0.499088,-0.862949,0.078931,0.005906,0.087697,0.996130,0,0.51519,0.99326,14.214,0.035,13.841,818.091,-1,731.510,14.170,590.521,575.807,770.852,452.691,-1,-1,-1,-1,-1,-1,28.462,25.959,1,0,2,0,1,0,0,0,0,2,2,2,2,2,2,1,1
179,5515.007,-2376.399,239.472,-150.058,-0.866489,0.498115,-0.032823,-0.499106,-0.863217,0.075830,0.009439,0.082088,0.996580,0,0.51519,0.99326,14.173,0.002,13.811,837.480,-1,765.141,14.205,608.084,596.722,757.563,467.569,-1,-1,-1,-1,-1,-1,24.410,25.772,1,0,2,0,1,0,0,0,0,2,2,2,2,2,2,1,1
180,5503.009,-2384.098,241.794,-150.038,-0.866267,0.498982,-0.024455,-0.499373,-0.863460,0.071158,0.014391,0.073854,0.997165,0,0.51519,0.99326,14.256,0.020,-1,861.257,-1,810.361,14.358,630.440,623.172,734.523,487.715,-1,-1,-1,-1,-1,-1,-1,25.072,2,0,2,0,1,0,0,0,0,2,2,2,2,2,2,2,1
181,5490.975,-2392.157,244.025,-149.973,-0.865617,0.500465,-0.015586,-0.500303,-0.863248,0.067083,0.020118,0.065866,0.997626,0,0.51519,0.99326,14.483,0.065,-1,888.816,-1,863.746,14.883,656.230,652.293,713.827,508.219,-1,-1,-1,-1,-1,-1,-1,23.578,2,0,2,0,1,0,0,0,0,2,2,2,2,2,2,2,1
182,5479.017,-2400.714,245.880,-149.766,-0.863703,0.503912,-0.009496,-0.503379,-0.861546,0.065937,0.025045,0.061730,0.997779,0,0.51519,0.99326,14.705,0.208,-1,916.474,-1,907.356,16.120,679.596,678.343,708.387,521.941,-1,-1,-1,-1,-1,-1,-1,22.327,2,0,2,0,1,0,0,0,0,2,2,2,2,2,2,2,1
183,5467.338,-2409.853,247.074,-149.323,-0.859734,0.510665,-0.008877,-0.509998,-0.857414,0.068869,0.027557,0.063736,0.997586,0,0.51519,0.99326,14.829,0.442,-1,938.430,-1,929.112,-1,694.384,692.821,724.903,523.815,-1,-1,-1,-1,-1,-1,-1,-1,2,0,2,0,2,0,0,0,0,2,2,2,2,2,2,2,2
184,5455.799,-2419.081,247.401,-148.792,-0.854969,0.518525,-0.012672,-0.517957,-0.852234,0.073609,0.027369,0.069497,0.997207,0,-0.01711,0.45932,14.776,0.532,-1,949.431,-1,926.932,-1,698.570,694.582,753.536,517.126,-1,-1,-1,-1,-1,-1,-1,-1,2,0,2,0,2,0,0,0,0,2,2,2,2,2,2,2,2
185,5444.516,-2428.095,246.756,-148.255,-0.850151,0.526161,-0.019936,-0.525981,-0.846900,0.078128,0.024224,0.076906,0.996744,0,-0.01711,0.45932,14.442,0.536,-1,944.446,-1,901.709,-1,690.737,683.289,785.706,505.309,-1,-1,-1,-1,-1,-1,-1,-1,2,0,2,0,2,0,0,0,0,2,2,2,2,2,2,2,2
186,5433.508,-2436.896,245.161,-147.737,-0.845467,0.533197,-0.029775,-0.533720,-0.841775,0.080981,0.018115,0.084359,0.996271,0,-0.01711,0.45932,14.093,0.518,-1,921.583,-1,859.343,-1,671.225,660.351,813.162,491.241,-1,-1,-1,-1,-1,-1,-1,-1,2,0,2,0,2,0,0,0,0,2,2,2,2,2,2,2,2
187,5422.681,-2445.414,242.790,-147.286,-0.841334,0.538967,-0.040882,-0.540422,-0.837382,0.082066,0.009997,0.091139,0.995788,0,-0.01711,0.45932,13.776,0.451,13.355,886.593,-1,809.065,-1,644.424,630.614,834.902,476.474,-1,-1,-1,-1,-1,-1,17.826,-1,1,0,2,0,2,0,0,0,0,2,2,2,2,2,2,1,2
188,5412.248,-2453.744,239.686,-146.857,-0.837311,0.544131,-0.053225,-0.546727,-0.833487,0.079929,-0.000871,0.096025,0.995379,0,-0.01711,0.45932,13.351,0.429,-1,836.185,-1,751.100,15.784,609.316,593.213,843.782,462.345,-1,-1,-1,-1,-1,-1,-1,22.499,2,0,2,0,1,0,0,0,0,2,2,2,2,2,2,2,1
189,5402.230,-2462.093,236.450,-146.477,-0.833605,0.548822,-0.062430,-0.552235,-0.830491,0.072945,-0.011814,0.095283,0.995380,0,-0.01711,0.45932,13.041,0.380,-1,781.353,-1,703.367,15.704,574.512,558.798,822.967,456.515,-1,-1,-1,-1,-1,-1,-1,22.554,2,0,2,0,1,0,0,0,0,2,2,2,2,2,2,2,1
190,5392.542,-2470.696,233.801,-146.138,-0.830234,0.553443,-0.066427,-0.557089,-0.827914,0.064892,-0.019082,0.090882,0.995679,0,-0.01711,0.45932,12.956,0.339,13.284,741.552,-1,677.061,15.635,551.014,537.322,787.898,457.957,-1,-1,-1,-1,-1,-1,35.807,22.606,1,0,2,0,1,0,0,0,0,2,2,2,2,2,2,1,1
191,5382.932,-2479.443,232.223,-145.832,-0.827219,0.558102,-0.065052,-0.561494,-0.825382,0.058895,-0.020823,0.085245,0.996142,0,-0.01711,0.45932,12.995,0.306,13.277,725.297,-1,674.969,15.575,543.622,532.454,755.423,464.405,-1,-1,-1,-1,-1,-1,42.242,22.653,1,0,2,0,1,0,0,0,0,2,2,2,2,2,2,1,1
192,5373.388,-2488.153,231.755,-145.539,-0.824380,0.562865,-0.059845,-0.565746,-0.822727,0.055242,-0.018143,0.079398,0.996678,0,-0.01711,0.45932,12.920,0.293,13.270,728.211,-1,692.115,15.522,549.460,540.960,729.173,474.432,-1,-1,-1,-1,-1,-1,43.555,22.700,1,0,2,0,1,0,0,0,0,2,2,2,2,2,2,1,1
193,5364.052,-2496.646,232.268,-145.249,-0.821558,0.567542,-0.054208,-0.569954,-0.819921,0.053689,-0.013975,0.075005,0.997085,0,-0.01711,0.45932,12.622,0.290,13.269,741.410,-1,717.280,15.500,561.907,555.676,714.953,484.720,-1,-1,-1,-1,-1,-1,40.505,22.720,1,0,2,0,1,0,0,0,0,2,2,2,2,2,2,1,1
194,5355.000,-2504.767,233.427,-144.956,-0.818658,0.572015,-0.050969,-0.574172,-0.817008,0.053152,-0.011238,0.072779,0.997285,0,-0.01711,0.45932,12.161,0.293,13.269,754.600,-1,737.796,15.512,573.253,568.463,713.261,492.939,-1,-1,-1,-1,-1,-1,34.512,22.710,1,0,2,0,1,0,0,0,0,2,2,2,2,2,2,1,1
195,5346.227,-2512.529,234.816,-144.657,-0.815654,0.576319,-0.050650,-0.578444,-0.813988,0.053168,-0.010587,0.072665,0.997300,0,-0.01711,0.45932,11.713,0.299,13.275,763.546,-1,748.363,15.558,580.419,576.147,720.986,498.008,-1,-1,-1,-1,-1,-1,27.539,22.669,1,0,2,0,1,0,0,0,0,2,2,2,2,2,2,1,1
196,5337.697,-2519.950,236.060,-144.360,-0.812634,0.580373,-0.052855,-0.582654,-0.810965,0.053383,-0.011882,0.074177,0.997174,0,-0.01711,0.45932,11.307,0.297,8.596,766.724,-1,748.820,15.546,582.762,578.118,733.749,499.772,-1,-1,-1,-1,-1,-1,8.214,22.679,1,0,2,0,1,0,0,0,0,2,2,2,2,2,2,1,1
197,5329.381,-2527.089,236.898,-144.076,-0.809709,0.584116,-0.056388,-0.586655,-0.808073,0.053425,-0.014359,0.076339,0.996979,0,-0.01711,0.45932,10.960,0.284,-1,764.894,-1,742.650,15.525,581.242,575.873,747.359,499.356,-1,-1,-1,-1,-1,-1,-1,22.697,2,0,2,0,1,0,0,0,0,2,2,2,2,2,2,2,1
198,5321.110,-2534.308,237.212,-143.791,-0.806758,0.587867,-0.059609,-0.590657,-0.805116,0.053967,-0.016267,0.078747,0.996762,0,0.49609,0.92427,10.978,0.285,-1,763.526,-1,736.441,15.585,579.678,573.479,760.030,497.391,-1,-1,-1,-1,-1,-1,-1,22.646,2,0,2,0,1,0,0,0,0,2,2,2,2,2,2,2,1
199,5312.629,-2541.969,237.065,-143.484,-0.803580,0.592009,-0.061523,-0.594975,-0.801802,0.055847,-0.016267,0.081483,0.996542,0,0.49609,0.92427,11.429,0.307,-1,767.760,-1,735.073,15.588,581.437,574.315,772.736,494.097,-1,-1,-1,-1,-1,-1,-1,22.644,2,0,2,0,1,0,0,0,0,2,2,2,2,2,2,2,1
200,5303.926,-2550.048,236.635,-143.167,-0.800294,0.596390,-0.062032,-0.599419,-0.798343,0.057837,-0.015029,0.083469,0.996397,0,0.49609,0.92427,11.875,0.317,-1,774.688,-1,737.985,15.589,585.229,577.528,781.349,491.174,-1,-1,-1,-1,-1,-1,-1,22.642,2,0,2,0,1,0,0,0,0,2,2,2,2,2,2,2,1
201,5295.064,-2558.506,236.104,-142.840,-0.796877,0.600973,-0.061790,-0.603987,-0.794805,0.059024,-0.013639,0.084356,0.996342,0,0.49609,0.92427,12.250,0.327,-1,780.578,-1,742.347,15.583,588.904,581.084,784.692,489.476,-1,-1,-1,-1,-1,-1,-1,22.647,2,0,2,0,1,0,0,0,0,2,2,2,2,2,2,2,1
202,5286.094,-2567.293,235.624,-142.505,-0.793339,0.605670,-0.061463,-0.608640,-0.791273,0.058690,-0.013088,0.083970,0.996382,0,0.49609,0.92427,12.557,0.335,-1,782.054,-1,745.332,15.582,590.454,583.079,782.253,490.000,-1,-1,-1,-1,-1,-1,-1,22.649,2,0,2,0,1,0,0,0,0,2,2,2,2,2,2,2,1
203,5277.028,-2576.385,235.260,-142.159,-0.789643,0.610475,-0.061517,-0.613411,-0.787718,0.056801,-0.013783,0.082588,0.996489,0,0.49609,0.92427,12.840,0.346,-1,778.154,-1,745.219,15.581,589.070,582.650,775.607,492.406,-1,-1,-1,-1,-1,-1,-1,22.648,2,0,2,0,1,0,0,0,0,2,2,2,2,2,2,2,1
204,5267.844,-2585.783,235.004,-141.806,-0.785832,0.615330,-0.061943,-0.618245,-0.784151,0.053671,-0.015547,0.080472,0.996636,0,0.49609,0.92427,13.141,0.353,-1,769.962,-1,742.139,15.588,585.115,579.974,766.243,496.272,-1,-1,-1,-1,-1,-1,-1,22.643,2,0,2,0,1,0,0,0,0,2,2,2,2,2,2,2,1
205,5258.525,-2595.511,234.774,-141.449,-0.781940,0.620260,-0.062025,-0.623110,-0.780537,0.049958,-0.017426,0.077712,0.996823,0,0.49609,0.92427,13.471,0.357,-1,760.902,-1,739.515,15.578,580.979,577.175,754.458,501.378,-1,-1,-1,-1,-1,-1,-1,22.652,2,0,2,0,1,0,0,0,0,2,2,2,2,2,2,2,1
206,5247.168,-2607.560,234.547,-140.992,-0.776910,0.626541,-0.062109,-0.629301,-0.775837,0.045350,-0.019773,0.074319,0.997038,0,0.49609,0.92427,16.558,0.457,-1,749.988,-1,736.262,15.568,576.037,573.758,740.508,508.046,-1,-1,-1,-1,-1,-1,-1,22.660,2,0,2,0,1,0,0,0,0,2,2,2,2,2,2,2,1
207,5239.492,-2615.781,234.440,-140.675,-0.773377,0.630827,-0.062820,-0.633574,-0.772515,0.042484,-0.021730,0.072657,0.997120,0,0.49609,0.92427,11.248,0.318,-1,742.335,-1,732.281,15.576,572.127,570.560,734.035,511.783,-1,-1,-1,-1,-1,-1,-1,22.654,2,0,2,0,1,0,0,0,0,2,2,2,2,2,2,2,1
208,5229.701,-2626.319,234.284,-140.270,-0.768841,0.636203,-0.064256,-0.638982,-0.768203,0.039570,-0.024187,0.071482,0.997149,0,0.49609,0.92427,14.384,0.404,-1,733.858,-1,726.317,15.581,567.428,566.354,729.704,514.801,-1,-1,-1,-1,-1,-1,-1,22.649,2,0,2,0,1,0,0,0,0,2,2,2,2,2,2,2,1
209,5219.669,-2637.138,234.078,-139.857,-0.764170,0.641609,-0.066199,-0.644474,-0.763699,0.037636,-0.026408,0.071424,0.997096,0,0.49609,0.92427,14.754,0.413,-1,727.456,-1,719.901,15.568,563.442,562.411,729.839,515.696,-1,-1,-1,-1,-1,-1,-1,22.660,2,0,2,0,1,0,0,0,0,2,2,2,2,2,2,2,1
210,5209.394,-2648.245,233.801,-139.435,-0.759364,0.647056,-0.068447,-0.650054,-0.759003,0.036672,-0.028223,0.072342,0.996981,0,0.49609,0.92427,15.131,0.422,-1,723.317,-1,713.679,15.567,560.445,559.067,733.782,514.659,-1,-1,-1,-1,-1,-1,-1,22.662,2,0,2,0,1,0,0,0,0,2,2,2,2,2,2,2,1
211,5198.885,-2659.660,233.456,-139.004,-0.754427,0.652630,-0.070094,-0.655731,-0.754128,0.036163,-0.029259,0.073245,0.996885,0,0.49609,0.92427,15.515,0.431,-1,721.670,-1,709.674,15.565,559.021,557.309,737.563,513.051,-1,-1,-1,-1,-1,-1,-1,22.664,2,0,2,0,1,0,0,0,0,2,2,2,2,2,2,2,1
212,5188.268,-2671.423,233.082,-138.561,-0.749322,0.658325,-0.071587,-0.661523,-0.749071,0.035787,-0.030065,0.074172,0.996792,0,0.49609,0.92427,15.846,0.443,-1,720.724,-1,706.054,15.549,558.030,555.971,740.836,511.362,-1,-1,-1,-1,-1,-1,-1,22.677,2,0,2,0,1,0,0,0,0,2,2,2,2,2,2,2,1
213,5177.614,-2683.395,232.699,-138.112,-0.744084,0.664002,-0.073754,-0.667339,-0.743928,0.035062,-0.031586,0.075308,0.996660,0,0.49609,0.92427,16.026,0.449,-1,717.636,-1,700.101,15.416,555.378,552.738,743.623,509.187,-1,-1,-1,-1,-1,-1,-1,22.803,2,0,2,0,1,0,0,0,0,2,2,2,2,2,2,2,1
214,5164.633,-2697.900,232.531,-137.615,-0.738215,0.670307,-0.075681,-0.673735,-0.738217,0.033416,-0.033470,0.075657,0.996572,0,0.49609,0.92427,19.465,0.498,-1,713.891,-1,695.157,15.333,552.775,549.858,744.400,509.334,-1,-1,-1,-1,-1,-1,-1,22.892,2,0,2,0,1,0,0,0,0,2,2,2,2,2,2,2,1
215,5155.858,-2707.801,232.509,-137.290,-0.734355,0.674405,-0.076816,-0.677881,-0.734463,0.032269,-0.034656,0.075769,0.996523,0,0.49609,0.92427,13.230,0.325,-1,711.882,-1,692.551,15.316,551.453,548.496,744.844,510.352,-1,-1,-1,-1,-1,-1,-1,22.912,2,0,2,0,1,0,0,0,0,2,2,2,2,2,2,2,1
216,5144.764,-2720.446,232.488,-136.884,-0.729499,0.679487,-0.078284,-0.683028,-0.729738,0.030921,-0.036117,0.076027,0.996451,0,0.49609,0.92427,16.822,0.406,-1,709.650,-1,689.312,15.304,549.923,546.923,745.879,511.424,-1,-1,-1,-1,-1,-1,-1,22.926,2,0,2,0,1,0,0,0,0,2,2,2,2,2,2,2,1
217,5133.543,-2733.357,232.450,-136.484,-0.724674,0.684498,-0.079435,-0.688077,-0.725037,0.029520,-0.037387,0.076050,0.996403,0,0.49609,0.92427,17.106,0.400,-1,707.884,-1,686.868,15.279,548.852,545.792,746.023,512.929,-1,-1,-1,-1,-1,-1,-1,22.956,2,0,2,0,1,0,0,0,0,2,2,2,2,2,2,2,1
218,5122.214,-2746.574,232.314,-136.086,-0.719845,0.689450,-0.080509,-0.693066,-0.720318,0.028288,-0.038489,0.076162,0.996352,0,0.49609,0.92427,17.408,0.398,-1,706.493,-1,684.343,15.271,548.002,544.777,746.151,514.347,-1,-1,-1,-1,-1,-1,-1,22.966,2,0,2,0,1,0,0,0,0,2,2,2,2,2,2,2,1
219,5110.731,-2760.105,232.001,-135.687,-0.714988,0.694405,-0.081201,-0.698035,-0.715548,0.027176,-0.039232,0.076111,0.996327,0,0.49609,0.92427,17.747,0.398,-1,705.565,-1,682.415,15.212,547.454,544.118,745.053,515.736,-1,-1,-1,-1,-1,-1,-1,23.043,2,0,2,0,1,0,0,0,0,2,2,2,2,2,2,2,1
220,5099.078,-2773.927,231.437,-135.306,-0.710311,0.699144,-0.081585,-0.702756,-0.710960,0.025881,-0.039909,0.075718,0.996330,0,0.49609,0.92427,18.078,0.381,-1,703.845,-1,680.319,15.132,546.508,543.010,741.752,517.125,-1,-1,-1,-1,-1,-1,-1,23.151,2,0,2,0,1,0,0,0,0,2,2,2,2,2,2,2,1
221,5084.929,-2790.835,230.438,-134.872,-0.704929,0.704548,-0.081772,-0.708080,-0.705744,0.023427,-0.041204,0.074416,0.996376,0,0.49609,0.92427,22.048,0.434,-1,698.558,-1,676.309,15.196,543.590,540.130,733.502,519.478,-1,-1,-1,-1,-1,-1,-1,23.063,2,0,2,0,1,0,0,0,0,2,2,2,2,2,2,2,1
222,5075.452,-2802.360,229.611,-134.576,-0.701226,0.708228,-0.081825,-0.711682,-0.702176,0.021379,-0.042314,0.073225,0.996417,0,0.49609,0.92427,14.921,0.296,-1,693.477,-1,672.719,15.118,540.687,537.380,726.255,521.683,-1,-1,-1,-1,-1,601.515,-1,23.170,2,0,2,0,1,0,0,0,0,2,2,2,2,2,1,2,1
223,5063.559,-2817.038,228.397,-134.195,-0.696414,0.712912,-0.082245,-0.716260,-0.697599,0.018074,-0.044489,0.071496,0.996448,0,0.49609,0.92427,18.891,0.381,-1,684.006,-1,665.907,15.136,534.983,531.984,715.654,524.610,-1,-1,-1,-1,-1,565.646,-1,23.147,2,0,2,0,1,0,0,0,0,2,2,2,2,2,1,2,1
224,5051.611,-2831.995,227.004,-133.815,-0.691541,0.717532,-0.083181,-0.720759,-0.693047,0.013835,-0.047722,0.069521,0.996438,0,0.49609,0.92427,19.143,0.380,-1,670.830,-1,655.947,15.037,526.766,524.201,703.533,527.452,-1,-1,-1,-1,-1,536.676,-1,23.299,2,0,2,0,1,0,0,0,0,2,2,2,2,2,1,2,1
225,5039.621,-2847.080,225.500,-133.446,-0.686735,0.721932,-0.084911,-0.725026,-0.688668,0.008596,-0.052269,0.067466,0.996351,0,0.33259,0.90746,19.269,0.368,-1,653.878,-1,596.002,15.138,515.878,513.818,690.750,530.500,-1,-1,-1,-1,-1,507.676,-1,23.143,2,0,2,1,1,0,0,0,0,2,2,2,2,2,1,2,1
226,5027.704,-2862.251,224.006,-133.077,-0.681856,0.726313,-0.086843,-0.729231,-0.684262,0.002783,-0.057403,0.065226,0.996218,0,0.33259,0.90746,19.292,0.369,-1,635.710,-1,478.215,15.529,504.092,502.609,677.524,534.172,-1,-1,-1,-1,-1,478.804,-1,22.692,2,0,2,1,1,0,0,0,0,2,2,2,2,2,1,2,1
227,5016.065,-2877.804,222.772,-132.634,-0.676052,0.731515,-0.088536,-0.734329,-0.678792,-0.001153,-0.060941,0.064235,0.996072,0,0.33259,0.90746,19.426,0.443,13.272,623.955,-1,449.554,15.531,496.172,494.831,669.714,536.365,-1,-1,-1,-1,-1,449.560,21.598,22.692,1,0,2,1,1,0,0,0,0,2,2,2,2,2,1,1,1
228,5004.546,-2893.673,221.785,-132.162,-0.669916,0.737093,-0.088917,-0.739803,-0.672814,-0.003615,-0.062489,0.063359,0.996032,0,0.33259,0.90746,19.608,0.472,13.272,618.424,-1,420.956,15.538,492.581,491.518,663.494,539.306,-1,-1,-1,-1,-1,420.620,24.464,22.684,1,0,2,1,1,0,0,0,0,2,2,2,2,2,1,1,1
229,4993.150,-2909.824,221.032,-131.665,-0.663480,0.743018,-0.087857,-0.745593,-0.666382,-0.005103,-0.062338,0.062120,0.996120,0,0.33259,0.90746,19.767,0.497,13.271,617.705,-1,405.034,15.530,492.818,491.896,657.229,544.640,-1,-1,-1,-1,-1,392.033,24.818,22.694,1,0,2,1,1,0,0,0,0,2,2,2,2,2,1,1,1
230,4981.793,-2926.170,220.358,-131.175,-0.657123,0.748862,-0.085997,-0.751279,-0.659955,-0.006194,-0.061393,0.060538,0.996276,0,0.33259,0.90746,19.904,0.490,13.270,618.996,-1,397.189,15.519,494.657,493.919,650.247,551.275,-1,-1,-1,-1,-1,368.457,24.394,22.704,1,0,2,1,1,0,0,0,0,2,2,2,2,2,1,1,1
231,4970.475,-2942.623,219.699,-130.701,-0.650919,0.754476,-0.084079,-0.756741,-0.653675,-0.007195,-0.060388,0.058943,0.996433,0,0.33259,0.90746,19.970,0.474,13.269,620.507,-1,389.219,15.486,496.664,496.104,642.612,558.017,-1,-1,-1,-1,-1,361.186,26.317,22.732,1,0,2,1,1,0,0,0,0,2,2,2,2,2,1,1,1
232,4959.230,-2959.200,218.936,-130.228,-0.644683,0.759955,-0.082781,-0.762121,-0.647386,-0.007947,-0.059630,0.057966,0.996536,0,0.33259,0.90746,20.031,0.473,13.268,621.573,-1,381.367,15.468,498.063,497.467,636.837,563.901,-1,-1,-1,-1,-1,353.962,25.334,22.750,1,0,2,1,1,0,0,0,0,2,2,2,2,2,1,1,1
233,4948.006,-2975.848,218.033,-129.765,-0.638514,0.765215,-0.082130,-0.767324,-0.641201,-0.008645,-0.059277,0.057500,0.996584,0,0.33259,0.90746,20.079,0.463,13.268,621.630,-1,373.757,15.419,498.475,497.855,632.018,568.249,-1,-1,-1,-1,-1,346.628,26.727,22.800,1,0,2,1,1,0,0,0,0,2,2,2,2,2,1,1,1
234,4936.790,-2992.544,217.062,-129.320,-0.632530,0.770171,-0.082113,-0.772261,-0.635237,-0.009281,-0.059310,0.057542,0.996580,0,0.33259,0.90746,20.113,0.445,13.268,620.948,-1,485.505,15.458,498.154,497.524,628.312,571.194,-1,-1,-1,-1,-1,342.036,28.179,22.760,1,0,2,1,1,0,0,0,0,2,2,2,2,2,1,1,1
235,4925.672,-3009.344,216.084,-128.866,-0.626383,0.775103,-0.082824,-0.777229,-0.629142,-0.009738,-0.059656,0.058273,0.996517,0,0.33259,0.90746,20.145,0.454,13.267,619.936,-1,618.016,15.453,497.337,496.450,626.401,572.974,-1,-1,-1,-1,-1,338.433,29.359,22.765,1,0,2,0,1,0,0,0,0,2,2,2,2,2,1,1,1
236,4914.637,-3026.246,215.096,-128.412,-0.620188,0.779991,-0.083549,-0.782142,-0.623014,-0.010418,-0.060178,0.058886,0.996449,0,0.33259,0.90746,20.186,0.454,13.282,618.279,-1,615.612,15.609,496.135,495.080,624.107,575.187,-1,-1,-1,-1,-1,406.637,29.827,22.625,1,0,2,0,1,0,0,0,0,2,2,2,2,2,1,1,1
237,4903.835,-3043.306,214.134,-127.930,-0.613553,0.785168,-0.084044,-0.787293,-0.616468,-0.011715,-0.061009,0.058980,0.996393,0,0.33259,0.90746,20.192,0.482,13.294,615.335,-1,612.843,15.676,494.273,493.204,620.450,578.679,-1,-1,-1,-1,-1,-1,30.139,22.575,1,0,2,0,1,0,0,0,0,2,2,2,2,2,2,1,1
238,4893.342,-3060.531,213.330,-127.424,-0.606544,0.790564,-0.084344,-0.792641,-0.609546,-0.013204,-0.061850,0.058846,0.996349,0,0.33259,0.90746,20.170,0.506,13.293,612.520,-1,610.792,15.666,492.633,491.631,616.693,583.381,-1,-1,-1,-1,-1,-1,32.357,22.581,1,0,2,0,1,0,0,0,0,2,2,2,2,2,2,1,1
239,4883.018,-3078.001,212.471,-126.906,-0.599361,0.796091,-0.083701,-0.798113,-0.602347,-0.013920,-0.061499,0.058459,0.996394,0,0.33259,0.90746,20.292,0.518,13.298,612.326,-1,611.802,15.693,492.958,492.168,612.194,588.708,-1,-1,-1,-1,-1,-1,31.705,22.562,1,0,2,0,1,0,0,0,0,2,2,2,2,2,2,1,1
240,4872.922,-3095.699,211.617,-126.362,-0.591824,0.801858,-0.082270,-0.803845,-0.594684,-0.013591,-0.059822,0.058088,0.996517,0,0.33259,0.90746,20.375,0.544,13.291,615.470,-1,616.115,15.664,495.601,495.071,607.895,594.265,-1,-1,-1,-1,-1,-1,33.744,22.583,1,0,2,0,1,0,0,0,0,2,2,2,2,2,2,1,1
241,4862.942,-3113.542,210.731,-125.824,-0.584330,0.807532,-0.080312,-0.809479,-0.587010,-0.012787,-0.057469,0.057539,0.996688,0,0.33259,0.90746,20.444,0.538,13.307,620.154,-1,622.058,15.727,499.382,499.185,603.095,600.232,-1,-1,-1,-1,-1,-1,32.521,22.538,1,0,2,0,1,0,0,0,0,2,2,2,2,2,2,1,1
242,4853.118,-3131.506,209.755,-125.287,-0.576781,0.813107,-0.078616,-0.815017,-0.579310,-0.012143,-0.055417,0.057070,0.996831,0,0.33259,0.90746,20.474,0.537,13.302,623.856,-1,626.859,15.713,502.393,502.529,598.184,605.627,-1,-1,-1,-1,-1,-1,31.749,22.548,1,0,2,0,1,0,0,0,0,2,2,2,2,2,2,1,1
243,4843.438,-3149.550,208.724,-124.754,-0.569225,0.818514,-0.077580,-0.820399,-0.571667,-0.011936,-0.054120,0.056853,0.996915,0,0.33259,0.90746,20.477,0.532,13.293,625.616,-1,629.282,15.668,503.908,504.290,593.500,609.107,-1,-1,-1,-1,-1,-1,32.022,22.580,1,0,2,0,1,0,0,0,0,2,2,2,2,2,2,1,1
244,4833.798,-3167.617,207.700,-124.251,-0.562020,0.823555,-0.076756,-0.825402,-0.564414,-0.012163,-0.053339,0.056518,0.996976,0,0.33259,0.90746,20.478,0.503,13.280,626.026,-1,630.842,15.601,504.531,505.105,588.663,611.923,-1,-1,-1,-1,-1,-1,34.170,22.633,1,0,2,0,1,0,0,0,0,2,2,2,2,2,2,1,1
245,4824.222,-3185.739,206.709,-123.770,-0.555080,0.828322,-0.075954,-0.830119,-0.557443,-0.012636,-0.052807,0.056037,0.997031,0,0.33259,0.90746,20.497,0.481,13.273,625.816,-1,631.624,15.549,504.719,505.578,584.151,615.108,-1,-1,-1,-1,-1,-1,34.486,22.677,1,0,2,0,1,0,0,0,0,2,2,2,2,2,2,1,1
246,4814.800,-3203.890,205.744,-123.293,-0.548162,0.832975,-0.075299,-0.834730,-0.550504,-0.013129,-0.052388,0.055657,0.997075,0,0.19535,0.68977,20.450,0.477,13.280,625.539,-1,631.947,15.609,504.735,505.850,579.938,618.039,-1,-1,-1,-1,-1,-1,34.654,22.626,1,0,2,0,1,0,0,0,0,2,2,2,2,2,2,1,1
247,4805.609,-3221.977,204.765,-122.804,-0.541030,0.837621,-0.075342,-0.839376,-0.543382,-0.013547,-0.052286,0.055911,0.997066,0,0.19535,0.68977,20.289,0.488,13.346,624.896,-1,630.746,15.838,504.158,505.302,577.107,619.102,-1,-1,-1,-1,-1,-1,34.338,22.466,1,0,2,0,1,0,0,0,0,2,2,2,2,2,2,1,1
248,4796.735,-3240.058,203.710,-122.277,-0.533289,0.842506,-0.076070,-0.844328,-0.535658,-0.013462,-0.052089,0.057049,0.997012,0,0.19535,0.68977,20.141,0.527,13.486,624.811,-1,628.630,16.075,503.587,504.460,576.077,616.488,-1,-1,-1,-1,-1,-1,32.982,22.345,1,0,2,0,1,0,0,0,0,2,2,2,2,2,2,1,1
249,4788.325,-3258.146,202.682,-121.693,-0.524672,0.847779,-0.077392,-0.849739,-0.527049,-0.012749,-0.051598,0.059073,0.996919,0,0.19535,0.68977,19.948,0.584,15.066,626.014,-1,626.535,16.916,503.574,503.852,577.171,610.602,-1,-1,-1,-1,-1,-1,31.303,22.178,1,0,2,0,1,0,0,0,0,2,2,2,2,2,2,1,1
250,4780.852,-3276.298,201.751,-120.966,-0.513868,0.854137,-0.079938,-0.856355,-0.516264,-0.011339,-0.050954,0.062629,0.996735,0,0.19535,0.68977,19.630,0.727,15.035,628.482,-1,623.101,16.908,503.912,503.029,582.114,600.818,-1,-1,-1,-1,-1,-1,31.222,22.179,1,0,2,0,1,0,0,0,0,2,2,2,2,2,2,1,1
251,4774.117,-3294.389,201.060,-120.177,-0.502048,0.860974,-0.081680,-0.863404,-0.504414,-0.010002,-0.049813,0.065501,0.996608,0,0.19535,0.68977,19.304,0.790,14.729,632.254,-1,621.833,16.813,505.320,503.553,586.251,593.546,-1,-1,-1,-1,-1,-1,30.513,22.183,1,0,2,0,1,0,0,0,0,2,2,2,2,2,2,1,1
252,4767.838,-3312.408,200.451,-119.387,-0.490136,0.867850,-0.081260,-0.870324,-0.492394,-0.009197,-0.047993,0.066214,0.996651,0,0.19535,0.68977,19.081,0.790,14.391,636.196,-1,624.143,16.690,507.699,505.816,585.518,591.953,-1,-1,-1,-1,-1,-1,28.594,22.192,1,0,2,0,1,0,0,0,0,2,2,2,2,2,2,1,1
253,4761.699,-3330.324,199.846,-118.661,-0.479128,0.874196,-0.078851,-0.876550,-0.481227,-0.008969,-0.045786,0.064819,0.996846,0,0.19535,0.68977,18.938,0.725,14.145,639.534,-1,629.483,16.578,510.544,509.306,579.779,595.304,-1,-1,-1,-1,-1,-1,28.787,22.206,1,0,2,0,1,0,0,0,0,2,2,2,2,2,2,1,1
254,4755.795,-3348.142,199.237,-117.975,-0.468641,0.880110,-0.076032,-0.882301,-0.470598,-0.009144,-0.043829,0.062798,0.997063,0,0.19535,0.68977,18.771,0.686,13.996,641.704,-1,634.680,16.496,512.900,512.434,572.620,600.159,-1,-1,-1,-1,-1,-1,29.590,22.220,1,0,2,0,1,0,0,0,0,2,2,2,2,2,2,1,1
255,4750.135,-3365.850,198.613,-117.319,-0.458535,0.885641,-0.073389,-0.887664,-0.460388,-0.009720,-0.042396,0.060688,0.997256,0,0.19535,0.68977,18.591,0.656,13.970,642.577,-1,638.481,16.481,514.253,514.549,565.302,605.060,-1,-1,-1,-1,-1,-1,30.220,22.222,1,0,2,0,1,0,0,0,0,2,2,2,2,2,2,1,1
256,4744.854,-3383.423,197.992,-116.643,-0.448044,0.891142,-0.071572,-0.893035,-0.449859,-0.010746,-0.041774,0.059102,0.997378,0,0.19535,0.68977,18.349,0.676,14.393,641.667,-1,639.589,16.689,514.012,514.899,559.176,608.428,-1,-1,-1,-1,-1,-1,30.010,22.192,1,0,2,0,1,0,0,0,0,2,2,2,2,2,2,1,1
257,4739.969,-3400.892,197.364,-115.936,-0.436983,0.896666,-0.070969,-0.898513,-0.438795,-0.011524,-0.041474,0.058731,0.997412,0,0.19535,0.68977,18.139,0.708,14.087,640.646,-1,638.693,16.548,513.198,514.252,555.804,608.872,-1,-1,-1,-1,-1,-1,32.468,22.211,1,0,2,0,1,0,0,0,0,2,2,2,2,2,2,1,1
258,4735.123,-3418.251,196.694,-115.268,-0.426491,0.901727,-0.070667,-0.903571,-0.428278,-0.011674,-0.040792,0.058874,0.997432,0,0.19535,0.68977,18.023,0.668,13.938,640.885,-1,638.552,16.461,513.171,514.246,553.544,134.185,-1,-1,-1,-1,-1,-1,32.730,22.227,1,0,2,0,1,0,0,0,1,2,2,2,2,2,2,1,1
259,4730.323,-3435.491,195.931,-114.624,-0.416327,0.906439,-0.070998,-0.908324,-0.418106,-0.011654,-0.040249,0.059637,0.997408,0,0.19535,0.68977,17.896,0.643,14.094,641.041,-1,637.116,16.550,512.982,513.601,552.419,130.034,-1,-1,-1,-1,-1,-1,32.158,22.210,1,0,2,0,1,0,0,0,1,2,2,2,2,2,2,1,1
260,4725.588,-3452.629,195.143,-114.005,-0.406494,0.910806,-0.072071,-0.912798,-0.408260,-0.011082,-0.039517,0.061281,0.997338,0,0.19535,0.68977,17.780,0.619,13.928,642.828,-1,635.396,16.455,513.312,513.113,553.267,126.043,-1,-1,-1,-1,-1,-1,33.127,22.228,1,0,2,0,1,0,0,0,1,2,2,2,2,2,2,1,1
261,4720.915,-3469.678,194.352,-113.407,-0.396970,0.914907,-0.073207,-0.917019,-0.398710,-0.010296,-0.038609,0.063045,0.997264,0,0.19535,0.68977,17.678,0.597,13.877,645.288,-1,634.050,16.425,513.891,512.951,554.423,123.926,-1,-1,-1,-1,-1,-1,32.506,22.235,1,0,2,0,1,0,0,0,1,2,2,2,2,2,2,1,1
262,4716.486,-3486.633,193.657,-112.805,-0.387315,0.918946,-0.074337,-0.921183,-0.389017,-0.009382,-0.037540,0.064845,0.997189,0,0.19535,0.68977,17.524,0.603,13.954,648.455,-1,633.510,16.472,514.946,513.331,555.845,123.857,-1,-1,-1,-1,-1,-1,31.609,22.225,1,0,2,0,1,0,0,0,1,2,2,2,2,2,2,1,1
263,4712.385,-3503.441,193.109,-112.185,-0.377338,0.923013,-0.075253,-0.925332,-0.379044,-0.009292,-0.037101,0.066128,0.997121,0,0.19535,0.68977,17.301,0.620,14.017,649.596,-1,632.031,16.508,514.940,512.979,556.361,251.893,-1,-1,-1,-1,-1,-1,30.071,22.218,1,0,2,0,1,0,0,0,1,2,2,2,2,2,2,1,1
264,4708.570,-3520.157,192.626,-111.562,-0.367257,0.927025,-0.075814,-0.929387,-0.368982,-0.009648,-0.036918,0.066917,0.997075,0,0.19535,0.68977,17.146,0.623,13.844,649.653,-1,630.317,16.402,514.724,512.127,555.899,259.639,-1,-1,-1,-1,-1,-1,30.808,22.240,1,0,2,0,1,0,0,0,1,2,2,2,2,2,2,1,1
265,4704.882,-3536.764,192.230,-110.967,-0.357587,0.930777,-0.076067,-0.933160,-0.359322,-0.010029,-0.036667,0.067397,0.997052,0,0.19535,0.68977,17.011,0.595,13.832,650.207,-1,629.304,16.393,514.823,511.689,554.995,267.473,-1,-1,-1,-1,-1,-1,31.360,22.242,1,0,2,0,1,0,0,0,1,2,2,2,2,2,2,1,1
266,4701.327,-3553.283,191.814,-110.390,-0.348182,0.934341,-0.075996,-0.936711,-0.349939,-0.010740,-0.036629,0.067447,0.997050,0,0.19535,0.68977,16.898,0.576,13.952,649.732,-1,628.103,16.470,514.385,510.883,553.016,578.254,-1,-1,-1,-1,-1,-1,29.888,22.224,1,0,2,0,1,0,0,0,0,2,2,2,2,2,2,1,1
267,4698.012,-3569.661,191.441,-109.820,-0.338833,0.937796,-0.075710,-0.940117,-0.340641,-0.012009,-0.037052,0.067107,0.997058,0,0.19535,0.68977,16.710,0.570,13.977,647.665,-1,626.167,16.487,512.848,509.480,550.310,579.120,-1,-1,-1,-1,-1,-1,31.337,22.221,1,0,2,0,1,0,0,0,0,2,2,2,2,2,2,1,1
268,4694.980,-3585.951,191.163,-109.248,-0.329439,0.941136,-0.075714,-0.943448,-0.331275,-0.012764,-0.037095,0.067227,0.997048,0,0.19535,0.68977,16.570,0.571,13.851,647.185,-1,625.028,16.406,512.287,509.020,549.099,578.926,-1,-1,-1,-1,-1,-1,32.217,22.239,1,0,2,0,1,0,0,0,0,2,2,2,2,2,2,1,1
269,4692.072,-3602.174,190.887,-108.690,-0.320237,0.944324,-0.075498,-0.946626,-0.322067,-0.013134,-0.036718,0.067262,0.997059,0,0.19535,0.68977,16.481,0.558,13.765,647.902,-1,624.943,16.344,512.777,509.334,547.737,578.933,-1,-1,-1,-1,-1,-1,32.072,22.254,1,0,2,0,1,0,0,0,0,2,2,2,2,2,2,1,1
270,4689.326,-3618.325,190.595,-108.146,-0.311230,0.947360,-0.075126,-0.949650,-0.313033,-0.013245,-0.036065,0.067221,0.997086,0,0.19535,0.68977,16.383,0.545,13.677,649.410,-1,625.560,16.273,513.769,509.913,546.174,579.121,-1,-1,-1,-1,-1,-1,31.703,22.274,1,0,2,0,1,0,0,0,0,2,2,2,2,2,2,1,1
271,4686.730,-3634.405,190.209,-107.605,-0.302256,0.950292,-0.074740,-0.952570,-0.304029,-0.013326,-0.035387,0.067167,0.997114,0,0.19535,0.68977,16.288,0.541,13.614,650.512,-1,626.015,16.216,514.551,510.290,544.294,579.037,-1,-1,-1,-1,-1,-1,30.579,22.292,1,0,2,0,1,0,0,0,0,2,2,2,2,2,2,1,1
272,4684.209,-3650.387,189.748,-107.080,-0.293525,0.953039,-0.074559,-0.955318,-0.295276,-0.013412,-0.034798,0.067291,0.997126,0,0.19535,0.68977,16.180,0.525,13.917,651.312,-1,625.900,16.448,515.023,510.479,542.584,578.289,-1,-1,-1,-1,-1,-1,32.254,22.229,1,0,2,0,1,0,0,0,0,2,2,2,2,2,2,1,1
273,4681.897,-3666.280,189.272,-106.539,-0.284502,0.955719,-0.075233,-0.958058,-0.286258,-0.013464,-0.034404,0.068247,0.997075,0,0.19535,0.68977,16.060,0.541,14.527,652.155,-1,624.499,16.742,515.021,510.174,542.693,575.064,-1,-1,-1,-1,-1,-1,31.045,22.188,1,0,2,0,1,0,0,0,0,2,2,2,2,2,2,1,1
274,4679.929,-3682.196,188.819,-105.954,-0.274699,0.958509,-0.076157,-0.960928,-0.276468,-0.013535,-0.034029,0.069463,0.997004,0,0.42883,0.50327,16.037,0.586,13.454,653.185,-1,622.699,16.029,515.113,509.707,543.437,571.073,-1,-1,-1,-1,-1,-1,30.285,22.366,1,0,2,0,1,0,0,0,0,2,2,2,2,2,2,1,1
275,4677.735,-3698.360,188.383,-105.429,-0.265910,0.961034,-0.075532,-0.963447,-0.267590,-0.012884,-0.032594,0.069345,0.997060,0,0.42883,0.50327,16.312,0.524,13.311,656.577,-1,624.860,15.736,517.227,511.620,541.300,570.529,-1,-1,-1,-1,-1,-1,32.242,22.531,1,0,2,0,1,0,0,0,0,2,2,2,2,2,2,1,1
276,4675.353,-3714.715,188.031,-104.981,-0.258381,0.963188,-0.074220,-0.965544,-0.259953,-0.012207,-0.031051,0.068509,0.997167,0,0.42883,0.50327,16.528,0.448,13.269,660.178,-1,628.364,15.477,519.799,513.999,537.800,572.098,-1,-1,-1,-1,-1,-1,32.104,22.741,1,0,2,0,1,0,0,0,0,2,2,2,2,2,2,1,1
277,4672.882,-3731.250,187.744,-104.586,-0.251719,0.965049,-0.072926,-0.967329,-0.253232,-0.012148,-0.030191,0.067486,0.997263,0,0.42883,0.50327,16.718,0.395,13.268,661.733,-1,630.627,15.424,521.277,515.610,533.886,574.618,-1,-1,-1,-1,-1,-1,31.980,22.794,1,0,2,0,1,0,0,0,0,2,2,2,2,2,2,1,1
278,4670.390,-3748.007,187.413,-104.206,-0.245294,0.966741,-0.072401,-0.968988,-0.246794,-0.012415,-0.029871,0.067111,0.997298,0,0.42883,0.50327,16.941,0.380,13.268,662.278,-1,630.918,9.416,521.756,516.100,531.194,575.494,-1,-1,-1,-1,-1,-1,31.185,22.837,1,0,2,0,1,0,0,0,0,2,2,2,2,2,2,1,1
279,4667.791,-3764.955,187.007,-103.849,-0.239253,0.968251,-0.072439,-0.970488,-0.240790,-0.013161,-0.030186,0.067152,0.997286,0,0.42883,0.50327,17.146,0.357,13.399,661.352,-1,629.113,8.589,521.059,515.188,529.437,574.930,-1,-1,-1,-1,-1,-1,32.563,23.638,1,0,2,0,1,0,0,0,0,2,2,2,2,2,2,1,1
280,4664.227,-3785.501,186.510,-103.530,-0.233850,0.969589,-0.072191,-0.971796,-0.235414,-0.013856,-0.030430,0.066915,0.997295,0,0.42883,0.50327,20.853,0.319,13.516,660.957,-1,627.849,14.622,520.617,514.622,527.296,574.550,-1,-1,-1,252.053,-1,-1,34.211,24.189,1,0,2,0,1,0,0,0,0,2,2,2,1,2,2,1,1
281,4661.669,-3799.351,186.092,-103.363,-0.231008,0.970261,-0.072313,-0.972467,-0.232601,-0.014327,-0.030721,0.067012,0.997279,0,0.42883,0.50327,14.084,0.167,13.618,660.459,-1,626.391,14.461,520.031,513.857,526.199,572.993,-1,-1,-1,248.020,-1,-1,31.708,24.691,1,0,2,0,1,0,0,0,0,2,2,2,1,2,2,1,1
282,4658.252,-3816.810,185.486,-103.198,-0.228213,0.970936,-0.072128,-0.973115,-0.229836,-0.014947,-0.031090,0.066778,0.997283,0,0.42883,0.50327,17.791,0.164,13.772,659.408,-1,624.748,14.254,519.142,512.647,523.830,571.778,-1,-1,-1,243.316,-1,-1,29.263,25.535,1,0,2,0,1,0,0,0,0,2,2,2,1,2,2,1,1
283,4654.596,-3834.381,184.922,-103.090,-0.226376,0.971367,-0.072109,-0.973525,-0.228042,-0.015677,-0.031672,0.066651,0.997274,0,0.42883,0.50327,17.947,0.108,13.801,658.190,-1,622.795,14.218,518.115,511.368,521.871,570.477,-1,-1,-1,241.814,-1,-1,28.913,25.706,1,0,2,0,1,0,0,0,0,2,2,2,1,2,2,1,1
284,4650.795,-3852.155,184.333,-103.003,-0.224891,0.971660,-0.072811,-0.973854,-0.226605,-0.016093,-0.032136,0.067288,0.997216,0,0.42883,0.50327,18.176,0.087,13.800,657.756,-1,620.547,14.219,517.464,510.255,521.791,567.835,-1,-1,-1,242.274,-1,-1,28.911,25.706,1,0,2,0,1,0,0,0,0,2,2,2,1,2,2,1,1
285,4646.902,-3870.142,183.690,-102.919,-0.223463,0.971933,-0.073551,-0.974173,-0.225213,-0.016321,-0.032427,0.068004,0.997158,0,0.42883,0.50327,18.403,0.084,13.799,657.757,-1,618.558,14.219,517.054,509.354,521.760,565.002,-1,-1,-1,244.425,-1,-1,28.924,25.700,1,0,2,0,1,0,0,0,0,2,2,2,1,2,2,1,1
286,4642.984,-3888.314,183.049,-102.835,-0.222027,0.972211,-0.074227,-0.974486,-0.223824,-0.016724,-0.032873,0.068621,0.997101,0,0.42883,0.50327,18.590,0.084,13.795,657.265,-1,616.300,14.226,516.305,508.200,521.511,561.897,-1,-1,-1,291.984,-1,-1,28.984,25.670,1,0,2,0,1,0,0,0,0,2,2,2,1,2,2,1,1
287,4639.058,-3906.693,182.408,-102.749,-0.220560,0.972473,-0.075162,-0.974802,-0.222412,-0.017118,-0.033364,0.069492,0.997024,0,0.42883,0.50327,18.793,0.086,13.793,657.008,-1,613.817,14.227,515.548,506.927,523.568,557.763,-1,-1,-1,323.274,-1,-1,29.004,25.659,1,0,2,0,1,0,0,0,0,2,2,2,1,2,2,1,1
288,4635.110,-3925.268,181.713,-102.663,-0.219096,0.972751,-0.075841,-0.975105,-0.221022,-0.017895,-0.034170,0.070032,0.996959,0,0.42883,0.50327,18.990,0.086,13.745,655.433,-1,610.723,14.286,514.028,504.982,523.546,554.258,-1,-1,-1,354.877,-1,-1,29.229,25.379,1,0,2,0,1,0,0,1,0,2,2,2,1,2,2,1,1
289,4631.198,-3944.020,181.016,-102.576,-0.217601,0.973067,-0.076094,-0.975401,-0.219612,-0.019044,-0.035242,0.070078,0.996919,0,0.42883,0.50327,19.156,0.087,13.668,652.682,-1,607.361,14.388,511.919,502.550,503.825,551.917,-1,-1,-1,386.680,-1,-1,28.539,24.956,1,0,2,0,1,0,0,1,0,2,2,2,1,2,2,1,1
290,4627.407,-3963.004,180.352,-102.466,-0.215716,0.973468,-0.076331,-0.975798,-0.217781,-0.019749,-0.035849,0.070224,0.996887,0,0.42883,0.50327,19.358,0.110,13.650,651.325,-1,605.110,14.415,510.760,501.000,483.906,550.035,-1,-1,-1,414.222,-1,-1,28.833,24.858,1,0,2,0,1,0,0,1,0,2,2,2,1,2,2,1,1
291,4623.718,-3982.259,179.676,-102.318,-0.213209,0.974010,-0.076465,-0.976360,-0.215262,-0.019591,-0.035542,0.070480,0.996880,0,0.42883,0.50327,19.606,0.147,13.529,652.360,-1,604.878,14.602,511.256,501.193,463.899,548.192,-1,-1,-1,323.051,-1,-1,28.385,24.243,1,0,2,0,1,0,0,1,0,2,2,2,1,2,2,1,1
292,4620.303,-4001.739,179.029,-102.108,-0.209633,0.974748,-0.076948,-0.977152,-0.211668,-0.019226,-0.035027,0.071159,0.996850,0,0.42883,0.50327,19.777,0.210,13.445,654.250,-1,604.756,14.755,512.165,501.680,444.008,544.489,-1,-1,-1,362.371,-1,-1,25.521,23.851,1,0,2,0,1,0,0,1,0,2,2,2,1,2,2,1,1
293,4616.618,-4025.300,178.340,-101.786,-0.204123,0.975874,-0.077482,-0.978305,-0.206211,-0.019889,-0.035386,0.071741,0.996795,0,0.42883,0.50327,23.848,0.323,13.303,653.688,-1,602.740,15.144,511.523,500.598,420.208,540.598,-1,-1,-1,411.679,-1,-1,22.715,23.133,1,0,2,0,1,0,0,1,0,2,2,2,1,2,2,1,1
294,4614.479,-4041.143,177.873,-101.514,-0.199477,0.976805,-0.077853,-0.979238,-0.201637,-0.020876,-0.036090,0.072072,0.996746,0,0.42883,0.50327,15.987,0.272,13.291,651.818,-1,600.272,15.664,510.125,498.938,404.397,537.952,-1,-1,-1,446.294,-1,-1,19.500,22.583,1,0,2,0,1,0,0,1,0,2,2,2,1,2,2,1,1
295,4612.350,-4061.063,177.297,-101.081,-0.192055,0.978223,-0.078702,-0.980673,-0.194351,-0.022562,-0.037367,0.072848,0.996643,0,0.42883,0.50327,20.033,0.433,8.517,648.442,-1,595.728,15.988,507.551,495.973,384.850,534.174,-1,-1,-1,492.307,-1,-1,8.258,22.385,1,0,2,0,1,0,0,1,0,2,2,2,1,2,2,1,1
296,4610.878,-4080.984,176.796,-100.543,-0.182844,0.979929,-0.079420,-0.982388,-0.185270,-0.024271,-0.038498,0.073583,0.996546,0,0.28053,0.89826,19.976,0.537,13.394,645.323,-1,591.507,15.933,505.217,493.336,365.597,530.962,-1,-1,-1,541.590,-1,-1,16.446,22.412,1,0,2,0,1,0,0,1,0,2,2,2,1,2,2,1,1
297,4609.797,-4100.841,176.421,-99.969,-0.172985,0.981722,-0.079362,-0.984173,-0.175438,-0.025009,-0.038475,0.073780,0.996532,0,0.28053,0.89826,19.886,0.574,13.332,639.782,-1,590.788,15.798,505.083,493.172,346.181,528.900,-1,-1,-1,593.015,-1,-1,32.274,22.490,1,0,2,0,1,0,0,1,0,2,2,2,1,2,2,1,1
298,4609.036,-4120.470,176.579,-99.331,-0.162043,0.983440,-0.081161,-0.986179,-0.164274,-0.021562,-0.034537,0.076546,0.996468,0,0.28053,0.89826,19.643,0.638,13.268,645.304,-1,599.254,15.391,513.935,500.847,327.223,523.212,-1,-1,-1,-1,-1,-1,44.783,22.829,1,0,2,0,1,0,0,1,0,2,2,2,2,2,2,1,1
299,4608.236,-4139.985,177.241,-98.721,-0.151565,0.984869,-0.084034,-0.988067,-0.153315,-0.014740,-0.027401,0.080798,0.996354,0,0.28053,0.89826,19.532,0.610,13.455,665.251,-1,616.178,14.734,530.647,515.715,308.003,516.888,-1,-1,-1,-1,-1,-1,36.372,23.901,1,0,2,0,1,0,0,1,0,2,2,2,2,2,2,1,1
300,4607.036,-4159.281,178.100,-98.275,-0.143899,0.985938,-0.084971,-0.989372,-0.145150,-0.008696,-0.020907,0.082816,0.996346,0,0.28053,0.89826,19.333,0.446,13.359,683.066,-1,634.563,14.954,546.901,531.057,570.046,516.206,-1,-1,-1,-1,-1,-1,34.075,23.444,1,0,2,0,1,0,0,0,0,2,2,2,2,2,2,1,1
301,4605.795,-4178.271,178.552,-97.929,-0.137930,0.986901,-0.083680,-0.990263,-0.139017,-0.007285,-0.018822,0.081860,0.996466,0,0.28053,0.89826,19.031,0.346,-1,687.442,-1,643.304,-1,553.127,537.555,571.968,520.195,-1,-1,-1,-1,-1,-1,-1,-1,2,0,2,0,2,0,0,0,0,2,2,2,2,2,2,2,2
302,4604.692,-4197.046,178.398,-97.603,-0.132287,0.987848,-0.081589,-0.991003,-0.133499,-0.009563,-0.020338,0.079590,0.996620,0,0.28053,0.89826,18.807,0.326,-1,675.013,-1,641.957,-1,546.989,535.624,568.528,524.752,-1,-1,-1,-1,-1,-1,-1,-1,2,0,2,0,2,0,0,0,0,2,2,2,2,2,2,2,2
303,4603.949,-4215.675,177.581,-97.241,-0.126002,0.988796,-0.080039,-0.991733,-0.127527,-0.014218,-0.024265,0.077586,0.996690,0,0.28053,0.89826,18.644,0.363,-1,658.061,-1,632.132,-1,534.961,527.229,563.228,526.608,-1,-1,-1,-1,-1,-1,-1,13.253,2,0,2,0,2,0,0,0,0,2,2,2,2,2,2,2,1
304,4603.431,-4234.238,176.126,-96.856,-0.119326,0.989785,-0.078020,-0.992424,-0.121220,-0.019989,-0.029242,0.075044,0.996751,0,0.28053,0.89826,18.570,0.385,-1,638.821,-1,618.370,15.291,520.344,515.505,554.587,527.660,-1,-1,-1,-1,-1,-1,-1,22.941,2,0,2,0,1,0,0,0,0,2,2,2,2,2,2,2,1
305,4603.130,-4252.787,174.170,-96.462,-0.112477,0.990809,-0.075143,-0.993058,-0.114707,-0.026044,-0.034424,0.071692,0.996833,0,0.28053,0.89826,18.551,0.394,-1,618.056,-1,603.557,15.579,504.660,501.010,542.899,529.120,-1,-1,-1,-1,-1,-1,-1,22.651,2,0,2,0,1,0,0,0,0,2,2,2,2,2,2,2,1
306,4603.241,-4271.362,172.055,-96.029,-0.104961,0.991846,-0.072283,-0.993726,-0.107427,-0.031116,-0.038627,0.068563,0.996899,0,0.28053,0.89826,18.576,0.433,13.308,599.417,-1,589.077,15.734,490.246,487.519,531.419,530.323,-1,-1,-1,-1,-1,-1,22.006,22.533,1,0,2,0,1,0,0,0,0,2,2,2,2,2,2,1,1
307,4603.708,-4290.074,170.238,-95.550,-0.096633,0.992871,-0.069786,-0.994518,-0.099133,-0.033274,-0.039955,0.066188,0.997007,0,0.28053,0.89826,18.717,0.480,13.306,587.380,-1,578.777,15.722,480.386,478.499,522.790,531.106,-1,-1,-1,-1,-1,-1,29.528,22.541,1,0,2,0,1,0,0,0,0,2,2,2,2,2,2,1,1
308,4604.433,-4308.906,168.911,-95.042,-0.087821,0.993838,-0.067626,-0.995384,-0.090191,-0.032819,-0.038716,0.064432,0.997171,0,0.28053,0.89826,18.846,0.508,13.328,581.430,-1,574.619,15.786,475.114,473.778,517.203,532.261,-1,-1,-1,-1,-1,-1,31.717,22.498,1,0,2,0,1,0,0,0,0,2,2,2,2,2,2,1,1
309,4605.328,-4327.733,168.178,-94.512,-0.078624,0.994666,-0.066768,-0.996243,-0.080834,-0.031064,-0.036296,0.064075,0.997285,0,0.28053,0.89826,18.848,0.530,13.328,579.721,-1,570.812,15.793,473.223,471.536,516.349,532.208,-1,-1,-1,-1,-1,-1,33.399,22.494,1,0,2,0,1,0,0,0,0,2,2,2,2,2,2,1,1
310,4606.149,-4346.481,168.008,-94.000,-0.069709,0.995301,-0.067211,-0.996980,-0.071821,-0.029536,-0.034224,0.064949,0.997302,0,0.28053,0.89826,18.767,0.513,13.318,579.319,-1,562.197,15.762,472.099,469.312,519.689,531.088,-1,-1,-1,-1,-1,-1,30.499,22.514,1,0,2,0,1,0,0,0,0,2,2,2,2,2,2,1,1
311,4606.978,-4365.103,168.292,-93.507,-0.061133,0.995821,-0.067850,-0.997593,-0.063187,-0.028551,-0.032719,0.065942,0.997287,0,0.28053,0.89826,18.640,0.493,13.303,576.371,-1,558.051,15.705,471.095,466.639,524.461,531.233,-1,-1,-1,-1,-1,-1,24.874,22.552,1,0,2,0,1,0,0,0,0,2,2,2,2,2,2,1,1
312,4607.942,-4383.628,168.802,-93.016,-0.052596,0.996300,-0.067975,-0.998105,-0.054624,-0.028315,-0.031923,0.066356,0.997285,0,0.28053,0.89826,18.550,0.490,9.101,570.417,-1,553.778,15.714,1007.786,463.529,528.690,533.154,-1,-1,-1,-1,-1,-1,8.746,22.547,1,0,2,0,1,0,0,0,0,2,2,2,2,2,2,1,1
313,4609.089,-4402.074,169.285,-92.528,-0.044084,0.996730,-0.067720,-0.998525,-0.046112,-0.028674,-0.031703,0.066356,0.997292,0,0.28053,0.89826,18.481,0.489,-1,563.473,-1,547.570,15.702,-1,1001.274,531.923,535.773,-1,-1,-1,-1,-1,-1,-1,22.556,2,0,2,0,1,2,0,0,0,2,2,2,2,2,2,2,1
314,4610.488,-4420.440,169.526,-92.037,-0.035521,0.997112,-0.067122,-0.998870,-0.037546,-0.029150,-0.031586,0.066011,0.997319,0,0.28053,0.89826,18.420,0.491,-1,-1,-1,540.499,15.849,-1,-1,533.628,538.152,-1,-1,-1,-1,-1,-1,-1,22.459,2,2,2,0,1,2,2,0,0,2,2,2,2,2,2,2,1
315,4612.129,-4438.754,169.378,-91.524,-0.026576,0.997427,-0.066583,-0.999149,-0.028606,-0.029730,-0.031558,0.065736,0.997338,0,0.28053,0.89826,18.387,0.513,-1,-1,-1,-1,15.896,-1,-1,534.233,539.330,-1,-1,-1,-1,-1,-1,-1,22.433,2,2,2,2,1,2,2,0,0,2,2,2,2,2,2,2,1
316,4613.950,-4457.025,168.899,-91.005,-0.017526,0.997672,-0.065910,-0.999356,-0.019544,-0.030098,-0.031316,0.065340,0.997372,0,0.28053,0.89826,18.362,0.519,-1,-1,-1,-1,15.838,-1,-1,533.599,539.853,-1,-1,-1,-1,-1,-1,-1,22.467,2,2,2,2,1,2,2,0,0,2,2,2,2,2,2,2,1
317,4615.985,-4475.212,168.263,-90.479,-0.008362,0.997827,-0.065355,-0.999480,-0.010374,-0.030520,-0.031131,0.065066,0.997395,0,0.28053,0.89826,18.301,0.525,-1,-1,-1,-1,15.982,-1,-1,532.708,539.564,-1,-1,-1,-1,-1,-1,-1,22.389,2,2,2,2,1,2,2,0,0,2,2,2,2,2,2,2,1
318,4618.273,-4493.315,167.494,-89.938,0.001077,0.997883,-0.065023,-0.999511,-0.000957,-0.031242,-0.031238,0.065025,0.997395,0,0.28053,0.89826,18.247,0.541,-1,-1,-1,-1,16.110,-1,-1,531.825,538.154,-1,-1,-1,-1,-1,-1,-1,22.331,2,2,2,2,1,2,2,0,0,2,2,2,2,2,2,2,1
319,4620.833,-4511.292,166.745,-89.383,0.010755,0.997860,-0.064501,-0.999450,0.008705,-0.031984,-0.031355,0.064809,0.997405,0,0.28053,0.89826,18.157,0.555,-1,-1,-1,-1,16.349,-1,-1,530.546,536.805,-1,-1,-1,-1,-1,-1,-1,22.252,2,2,2,2,1,2,2,0,0,2,2,2,2,2,2,2,1
320,4623.831,-4529.273,166.090,-88.785,0.021193,0.997706,-0.064298,-0.999305,0.019167,-0.031972,-0.030666,0.064931,0.997418,0,0.46827,0.51045,18.230,0.598,-1,-1,-1,-1,16.320,-1,-1,530.203,535.292,-1,-1,-1,-1,-1,-1,-1,22.261,2,2,2,2,1,2,2,0,0,2,2,2,2,2,2,2,1
321,4627.103,-4547.472,165.535,-88.180,0.031749,0.997462,-0.063735,-0.999078,0.029827,-0.030880,-0.028900,0.064657,0.997489,0,0.46827,0.51045,18.490,0.605,-1,-1,-1,-1,16.241,-1,-1,529.396,535.036,-1,-1,-1,-1,-1,-1,-1,22.285,2,2,2,2,1,2,2,0,0,2,2,2,2,2,2,2,1
322,4630.600,-4565.878,165.040,-87.567,0.042441,0.997120,-0.062856,-0.998744,0.040664,-0.029275,-0.026635,0.064020,0.997593,0,0.46827,0.51045,18.736,0.613,-1,-1,-1,-1,16.261,-1,-1,528.046,535.604,-1,-1,-1,-1,-1,-1,-1,22.278,2,2,2,2,1,2,2,0,0,2,2,2,2,2,2,2,1
323,4634.255,-4584.408,164.629,-86.958,0.053047,0.996695,-0.061529,-0.998277,0.051380,-0.028356,-0.025101,0.062927,0.997702,0,0.46827,0.51045,18.887,0.608,-1,-1,-1,-1,16.185,-1,-1,525.916,537.024,-1,-1,-1,-1,-1,-1,-1,22.303,2,2,2,2,1,2,2,0,0,2,2,2,2,2,2,2,1
324,4638.096,-4603.003,164.376,-86.346,0.063710,0.996124,-0.060651,-0.997664,0.062071,-0.028538,-0.024662,0.062327,0.997751,0,0.46827,0.51045,18.987,0.612,-1,-1,-1,-1,16.088,-1,-1,525.154,537.700,-1,-1,-1,-1,-1,-1,-1,22.341,2,2,2,2,1,2,2,0,0,2,2,2,2,2,2,2,1
325,4642.139,-4621.689,164.285,-85.739,0.074277,0.995433,-0.059974,-0.996928,0.072622,-0.029325,-0.024836,0.061968,0.997769,0,0.46827,0.51045,19.119,0.607,-1,-1,-1,-1,16.004,-1,-1,525.308,538.200,-1,-1,-1,-1,-1,-1,-1,22.378,2,2,2,2,1,2,2,0,0,2,2,2,2,2,2,2,1
326,4646.321,-4640.553,164.234,-85.149,0.084534,0.994654,-0.059305,-0.996107,0.082865,-0.030066,-0.024990,0.061616,0.997787,0,0.46827,0.51045,19.322,0.590,-1,-1,-1,-1,15.918,-1,-1,525.651,538.639,-1,-1,-1,-1,-1,-1,-1,22.420,2,2,2,2,1,2,2,0,0,2,2,2,2,2,2,2,1
327,4650.537,-4659.673,164.081,-84.599,0.094099,0.993847,-0.058431,-0.995254,0.092445,-0.030402,-0.024813,0.061015,0.997828,0,0.46827,0.51045,19.579,0.550,-1,-1,-1,-1,15.861,-1,-1,525.354,539.276,-1,-1,-1,-1,-1,-1,-1,22.453,2,2,2,2,1,2,2,0,0,2,2,2,2,2,2,2,1
328,4654.970,-4678.971,163.789,-84.043,0.103759,0.992917,-0.057883,-0.994300,0.102118,-0.030636,-0.024508,0.060732,0.997853,0,0.46827,0.51045,19.800,0.556,-1,-1,-1,-1,15.843,-1,-1,525.345,538.383,-1,-1,-1,-1,-1,-1,-1,22.462,2,2,2,2,1,2,2,0,0,2,2,2,2,2,2,2,1
329,4659.563,-4698.422,163.369,-83.485,0.113435,0.991895,-0.057251,-0.993249,0.111805,-0.030921,-0.024270,0.060372,0.997881,0,0.46827,0.51045,19.986,0.558,-1,-1,-1,-1,15.631,-1,-1,524.820,536.839,-1,-1,-1,-1,-1,-1,-1,22.608,2,2,2,2,1,2,2,0,0,2,2,2,2,2,2,2,1
330,4664.275,-4718.065,162.879,-82.947,0.122756,0.990833,-0.056400,-0.992151,0.121158,-0.030940,-0.023823,0.059755,0.997929,0,0.46827,0.51045,20.201,0.538,-1,-1,-1,-1,15.677,-1,-1,523.625,536.300,-1,-1,-1,-1,-1,-1,-1,22.573,2,2,2,2,1,2,2,0,0,2,2,2,2,2,2,2,1
331,4669.123,-4737.816,162.538,-82.427,0.131756,0.989722,-0.055595,-0.991017,0.130216,-0.030478,-0.022925,0.059112,0.997988,0,0.46827,0.51045,20.337,0.520,13.299,-1,-1,-1,15.702,-1,-1,522.771,536.296,-1,-1,-1,-1,-1,-1,19.725,22.556,1,2,2,2,1,2,2,0,0,2,2,2,2,2,2,1,1
332,4674.135,-4757.697,162.432,-81.921,0.140499,0.988591,-0.054288,-0.989857,0.139090,-0.028940,-0.021059,0.057804,0.998106,0,0.46827,0.51045,20.503,0.505,-1,-1,-1,-1,15.675,-1,-1,521.361,538.525,-1,-1,-1,-1,-1,-1,-1,22.574,2,2,2,2,1,2,2,0,0,2,2,2,2,2,2,2,1
333,4679.387,-4777.571,162.676,-81.423,0.149113,0.987475,-0.051557,-0.988657,0.147939,-0.025899,-0.017947,0.054834,0.998334,0,0.36459,1.00000,20.557,0.498,-1,994.112,-1,-1,16.008,-1,-1,517.692,545.138,-1,-1,-1,-1,-1,-1,-1,22.375,2,0,2,2,1,2,2,0,0,2,2,2,2,2,2,2,1
334,4685.137,-4797.141,163.289,-80.860,0.158822,0.986110,-0.048616,-0.987195,0.157870,-0.022848,-0.014856,0.051623,0.998556,0,0.36459,1.00000,20.397,0.563,-1,973.254,-1,-1,16.268,-1,-1,514.391,554.147,-1,-1,-1,-1,-1,-1,-1,22.276,2,0,2,2,1,2,2,0,0,2,2,2,2,2,2,2,1
335,4691.255,-4816.365,164.260,-80.264,0.169091,0.984567,-0.045113,-0.985537,0.168382,-0.019101,-0.011210,0.047690,0.998799,0,0.36459,1.00000,20.174,0.596,-1,952.149,-1,-1,17.322,-1,-1,510.635,566.113,-1,-1,-1,-1,-1,-1,-1,22.197,2,0,2,2,1,2,2,0,0,2,2,2,2,2,2,2,1
336,4698.709,-4834.556,165.386,-79.434,0.183364,0.981978,-0.045783,-0.983006,0.182743,-0.017438,-0.008758,0.048203,0.998799,0,0.36459,1.00000,19.658,0.831,-1,921.776,-1,-1,18.937,-1,-1,515.198,567.435,-1,-1,-1,-1,-1,-1,-1,22.621,2,0,2,2,1,2,2,0,0,2,2,2,2,2,2,2,1
337,4707.162,-4851.573,166.347,-78.330,0.202261,0.978091,-0.049277,-0.979298,0.201579,-0.018483,-0.008145,0.051995,0.998614,0,0.36459,1.00000,19.001,1.103,-1,881.646,-1,-1,17.444,-1,-1,524.874,560.066,-1,-1,-1,-1,-1,-1,-1,22.212,2,0,2,2,1,2,2,0,0,2,2,2,2,2,2,2,1
338,4715.570,-4868.561,166.472,-77.225,0.221109,0.973788,-0.053358,-0.975206,0.220254,-0.021474,-0.009159,0.056783,0.998345,0,0.36459,1.00000,18.955,1.105,-1,841.439,-1,-1,-1,1000.888,-1,534.292,547.994,-1,-1,-1,-1,-1,-1,-1,-1,2,0,2,2,2,0,2,0,0,2,2,2,2,2,2,2,2
339,4723.940,-4885.540,165.611,-76.188,0.238720,0.969409,-0.057082,-0.971014,0.237562,-0.026370,-0.012003,0.061722,0.998021,0,0.36472,1.00000,18.930,1.037,-1,803.676,-1,-1,-1,977.176,-1,541.415,533.542,-1,-1,-1,-1,-1,-1,-1,-1,2,0,2,2,2,0,2,0,0,2,2,2,2,2,2,2,2
340,4732.258,-4902.515,163.792,-75.232,0.254872,0.965159,-0.059231,-0.966830,0.253294,-0.032900,-0.016751,0.065651,0.997702,0,0.36722,1.00000,18.904,0.956,-1,768.401,-1,-1,-1,948.135,996.025,543.785,519.548,-1,-1,-1,-1,-1,-1,-1,-1,2,0,2,2,2,0,0,0,0,2,2,2,2,2,2,2,2
341,4740.647,-4919.407,161.156,-74.332,0.269996,0.960989,-0.060028,-0.962573,0.267863,-0.041265,-0.023576,0.068923,0.997343,0,0.36946,1.00000,18.860,0.900,14.032,733.342,-1,-1,-1,911.114,963.414,542.342,502.201,-1,-1,-1,-1,-1,-1,14.479,-1,1,0,2,2,2,0,0,0,0,2,2,2,2,2,2,1,2
342,4749.262,-4936.214,158.153,-73.441,0.284865,0.956564,-0.061947,-0.958076,0.282054,-0.050362,-0.030703,0.073697,0.996808,0,0.37151,1.00000,18.886,0.890,32.450,699.432,-1,-1,-1,873.842,928.718,543.185,474.125,-1,-1,-1,-1,-1,-1,33.285,-1,1,0,2,2,2,0,0,0,0,2,2,2,2,2,2,1,2
343,4757.983,-4953.006,155.208,-72.570,0.299330,0.951918,-0.065216,-0.953429,0.295748,-0.059210,-0.037076,0.079903,0.996113,0,0.37353,1.00000,18.922,0.871,21.554,663.941,-1,-1,-1,840.151,896.487,547.577,447.652,-1,-1,-1,-1,-1,-1,41.609,-1,1,0,2,2,2,0,0,0,0,2,2,2,2,2,2,1,2
344,4766.767,-4969.743,152.732,-71.710,0.313541,0.947018,-0.069638,-0.948632,0.309119,-0.067399,-0.042301,0.087193,0.995293,0,0.37549,1.00000,18.901,0.860,15.916,631.422,-1,-1,-1,811.147,867.356,555.952,398.416,-1,-1,-1,-1,-1,-1,48.379,-1,1,0,2,2,2,0,0,0,0,2,2,2,2,2,2,1,2
345,4775.595,-4986.124,151.048,-70.825,0.328116,0.941490,-0.077049,-0.943523,0.322677,-0.075122,-0.045865,0.097346,0.994193,0,-0.16664,0.20000,18.609,0.886,13.268,603.120,-1,-1,-1,786.819,843.382,574.192,362.918,-1,-1,-1,-1,-1,-1,54.464,-1,1,0,2,2,2,0,0,0,0,2,2,2,2,2,2,1,2
346,4783.795,-5002.098,150.273,-70.065,0.340536,0.936526,-0.083388,-0.938911,0.334020,-0.082928,-0.049811,0.106534,0.993061,0,-0.16753,0.20000,17.956,0.760,17.661,582.251,-1,-1,-1,765.506,822.644,594.233,342.016,-1,-1,-1,-1,-1,-1,22.247,-1,1,0,2,2,2,0,0,0,0,2,2,2,2,2,2,1,2
347,4789.221,-5016.850,150.406,-69.711,0.346144,0.934703,-0.080717,-0.936305,0.338732,-0.092705,-0.059311,0.107665,0.992416,0,-0.16824,0.20000,15.718,0.354,19.155,565.455,-1,986.335,-1,741.870,799.411,597.349,334.502,-1,-1,-1,-1,976.518,-1,22.707,-1,1,0,2,0,2,0,0,0,0,2,2,2,2,0,2,1,2
348,4793.039,-5030.280,151.187,-69.663,0.346658,0.934849,-0.076725,-0.935262,0.338255,-0.104253,-0.071509,0.107898,0.991587,0,-0.16841,0.20000,13.963,0.048,18.770,552.728,-1,956.685,-1,719.715,776.395,600.440,446.526,-1,-1,-1,-1,884.741,-1,22.560,-1,1,0,2,0,2,0,0,0,0,2,2,2,2,0,2,1,2
349,4795.800,-5042.912,152.283,-69.807,0.344010,0.935887,-0.075982,-0.935327,0.334436,-0.115390,-0.082581,0.110764,0.990410,0,-0.16817,0.20000,12.930,-0.144,18.684,547.291,-1,930.751,-1,704.102,758.313,611.927,458.500,-1,-1,-1,-1,824.039,-1,22.529,-1,1,0,2,0,2,0,0,0,0,2,2,2,2,0,2,1,2
350,4797.267,-5054.824,153.484,-70.118,0.338651,0.937587,-0.079031,-0.936448,0.327681,-0.125264,-0.091549,0.116429,0.988971,0,-0.16766,0.20000,12.002,-0.312,18.665,550.225,-1,909.674,-1,695.766,745.981,632.233,464.035,-1,-1,-1,-1,787.383,-1,22.522,-1,1,0,2,0,2,0,0,0,0,2,2,2,2,0,2,1,2
351,4797.774,-5066.005,154.755,-70.520,0.331884,0.939285,-0.087163,-0.938238,0.319106,-0.133720,-0.097787,0.126159,0.987179,0,-0.16694,0.20000,11.193,-0.401,18.663,558.959,-1,893.335,-1,694.379,739.121,666.336,464.353,-1,-1,-1,-1,773.355,-1,22.522,-1,1,0,2,0,2,0,0,0,0,2,2,2,2,0,2,1,2
352,4797.533,-5076.691,155.988,-70.992,0.324009,0.940863,-0.098964,-0.940552,0.309093,-0.140795,-0.101879,0.138700,0.985080,0,-0.16611,0.20000,10.689,-0.472,18.659,566.104,-1,880.328,-1,698.150,736.331,712.236,461.093,-1,-1,-1,-1,780.978,-1,22.520,-1,1,0,2,0,2,0,0,0,0,2,2,2,2,0,2,1,2
353,4796.523,-5086.847,157.075,-71.516,0.315275,0.942322,-0.112390,-0.943140,0.297981,-0.147291,-0.105305,0.152436,0.982687,0,-0.16519,0.20000,10.205,-0.524,18.654,575.466,-1,868.429,-1,701.761,734.958,766.302,455.273,-1,-1,-1,-1,792.999,-1,22.519,-1,1,0,2,0,2,0,0,0,0,2,2,2,2,0,2,1,2
354,4795.157,-5096.561,157.988,-72.045,0.306454,0.943343,-0.127240,-0.945669,0.286468,-0.153773,-0.108611,0.167452,0.979879,0,-0.16421,0.20000,9.810,-0.528,18.655,585.649,-1,856.127,-1,705.525,733.484,831.730,448.130,-1,-1,-1,-1,807.626,-1,22.519,-1,1,0,2,0,2,0,0,0,0,2,2,2,2,0,2,1,2
355,4793.500,-5105.843,158.723,-72.563,0.297738,0.944059,-0.141792,-0.947935,0.274783,-0.160978,-0.113011,0.182339,0.976720,0,-0.16324,0.20000,9.429,-0.518,18.655,596.523,-1,842.035,-1,707.381,729.946,904.027,440.472,-1,-1,-1,-1,812.839,-1,22.519,-1,1,0,2,0,2,0,0,0,0,2,2,2,2,0,2,1,2
356,4791.691,-5114.708,159.301,-73.053,0.289414,0.944484,-0.155528,-0.949768,0.263136,-0.169410,-0.119080,0.196745,0.973197,0,-0.16229,0.20000,9.047,-0.490,18.654,607.018,-1,825.401,-1,706.211,723.328,983.226,430.391,-1,-1,-1,-1,803.625,-1,22.518,-1,1,0,2,0,2,0,0,0,0,2,2,2,2,0,2,1,2
357,4789.778,-5123.163,159.781,-73.508,0.281585,0.944629,-0.168484,-0.951109,0.251554,-0.179199,-0.126894,0.210707,0.969278,0,-0.16139,0.20000,8.669,-0.455,18.654,615.877,-1,806.349,-1,701.973,713.646,-1,403.883,-1,-1,-1,-1,780.434,-1,22.519,-1,1,0,2,0,2,0,0,2,0,2,2,2,2,0,2,1,2
358,4787.817,-5131.204,160.228,-73.926,0.274294,0.944453,-0.181026,-0.951928,0.239974,-0.190383,-0.136366,0.224545,0.964875,0,-0.16098,0.20000,8.277,-0.418,18.653,622.835,-1,784.184,-1,694.990,701.306,-1,380.372,-1,-1,-1,-1,745.040,-1,22.518,-1,1,0,2,0,2,0,0,2,0,2,2,2,2,0,2,1,2
359,4785.832,-5138.751,160.782,-74.291,0.267796,0.943772,-0.193856,-0.952158,0.228490,-0.202945,-0.147240,0.238929,0.959809,0,-0.16098,0.20000,7.804,-0.365,18.603,628.297,-1,759.576,-1,685.940,685.977,-1,360.405,-1,-1,-1,-1,726.341,993.649,22.501,-1,1,0,2,0,2,0,0,2,0,2,2,2,2,0,0,1,2
360,4783.852,-5145.836,161.513,-74.575,0.262598,0.942284,-0.207710,-0.951737,0.217500,-0.216543,-0.158868,0.254549,0.953921,0,-0.16098,0.20000,7.357,-0.284,18.691,632.345,-1,734.012,1003.982,675.830,669.661,-1,346.131,-1,-1,-1,-1,732.162,956.669,22.531,-1,1,0,2,0,0,0,0,2,0,2,2,2,2,0,0,1,2
361,4781.800,-5152.494,162.405,-74.779,0.258664,0.940047,-0.222273,-0.950672,0.206951,-0.231073,-0.171220,0.271079,0.947206,0,-0.16098,0.20000,6.966,-0.204,18.665,635.062,-1,708.184,948.149,664.818,652.583,-1,332.471,-1,-1,-1,-1,736.366,918.152,22.522,-1,1,0,2,0,0,0,0,2,0,2,2,2,2,0,0,1,2
362,4779.620,-5158.823,163.329,-74.934,0.255467,0.937284,-0.237140,-0.949064,0.196325,-0.246443,-0.184431,0.288019,0.939697,0,-0.16098,0.20000,6.694,-0.155,18.655,636.775,-1,682.134,894.977,651.704,634.673,-1,319.058,-1,-1,-1,-1,738.950,880.700,22.519,1007.143,1,0,2,0,0,0,0,2,0,2,2,2,2,0,0,1,0
363,4777.339,-5164.948,164.085,-75.059,0.252691,0.934180,-0.251903,-0.946930,0.185319,-0.262641,-0.198671,0.304901,0.931432,0,-0.16098,0.20000,6.536,-0.124,18.639,637.416,-1,656.310,839.230,637.251,615.604,-1,305.832,-1,-1,-1,-1,739.982,843.389,22.513,949.443,1,0,2,0,0,0,0,2,0,2,2,2,2,0,0,1,0
364,4774.958,-5170.922,164.455,-75.163,0.250119,0.930938,-0.266073,-0.944221,0.173730,-0.279757,-0.214212,0.321204,0.922465,0,-0.16098,0.20000,6.432,-0.105,18.292,636.629,-1,627.175,785.294,620.896,594.971,-1,292.701,-1,-1,-1,-1,739.347,802.129,22.401,889.929,1,0,2,0,0,0,0,2,0,2,2,2,2,0,0,1,0
365,4772.611,-5176.791,164.252,-75.241,0.247869,0.927502,-0.279823,-0.940845,0.161582,-0.297828,-0.231021,0.337093,0.912687,0,-0.16098,0.20000,6.320,-0.077,10.202,634.210,-1,596.708,728.024,602.593,572.561,-1,279.631,-1,-1,-1,-1,736.677,761.554,22.255,830.493,1,0,2,0,0,0,0,2,0,2,2,2,2,0,0,1,0
366,4770.462,-5182.575,163.335,-75.263,0.246370,0.923736,-0.293282,-0.936625,0.149164,-0.316992,-0.249070,0.352792,0.901943,0,-0.16098,0.20000,6.171,-0.022,-1,629.609,-1,565.110,671.435,582.143,548.163,-1,270.224,-1,-1,-1,-1,731.279,720.841,-1,769.890,2,0,2,0,0,0,0,2,0,2,2,2,2,0,0,2,0
367,4768.405,-5188.207,161.598,-75.239,0.245414,0.919977,-0.305639,-0.931389,0.136320,-0.337538,-0.268862,0.367505,0.890311,0,-0.16098,0.20000,5.995,0.024,-1,622.619,-1,532.078,608.592,557.757,520.046,-1,260.554,-1,-1,-1,-1,722.793,673.741,936.089,706.630,2,0,2,0,0,0,0,2,0,2,2,2,2,0,0,0,0
368,4766.400,-5193.646,158.993,-75.177,0.244804,0.916382,-0.316725,-0.925013,0.122849,-0.359525,-0.290553,0.380988,0.877740,0,-0.16098,0.20000,5.797,0.062,-1,613.354,986.440,496.477,544.392,530.521,489.690,-1,250.461,-1,-1,-1,-1,711.357,627.785,697.691,645.377,2,0,0,0,0,0,0,2,0,2,2,2,2,0,0,0,0
369,4764.461,-5198.909,155.503,-75.087,0.244334,0.912969,-0.326786,-0.917450,0.108529,-0.382762,-0.313984,0.393332,0.864121,0,-0.16098,0.20000,5.610,0.089,-1,601.964,922.655,459.201,474.415,501.345,457.622,-1,239.829,-1,-1,-1,-1,697.489,579.734,662.949,572.919,2,0,0,0,0,0,0,2,0,2,2,2,2,0,0,0,0
370,4763.195,-5204.196,151.294,-74.852,0.245984,0.908293,-0.338373,-0.908631,0.094544,-0.406757,-0.337463,0.407512,0.848559,0,-0.16098,0.20000,5.437,0.235,-1,575.119,852.561,422.184,409.113,472.224,424.815,-1,229.398,-1,-1,-1,-1,680.953,528.620,645.403,492.995,2,0,0,0,0,0,0,2,0,2,2,2,2,0,0,0,0
371,4762.318,-5209.465,146.568,-74.485,0.249403,0.903320,-0.349014,-0.898430,0.081328,-0.431520,-0.361416,0.421187,0.831853,0,-0.16098,0.20000,5.341,0.367,-1,541.169,781.188,385.584,31.380,442.707,391.443,-1,219.928,-1,-1,-1,-1,660.912,479.756,624.246,33.029,2,0,0,0,1,0,0,2,0,2,2,2,2,0,0,0,1
372,4761.327,-5215.289,141.974,-74.195,0.251750,0.901323,-0.352476,-0.889396,0.071871,-0.451453,-0.381572,0.427144,0.819726,0,-0.16098,0.20000,5.908,0.290,978.507,510.943,721.366,357.093,26.886,417.620,363.870,-1,215.581,-1,-1,-1,-1,642.741,441.353,603.599,48.538,0,0,0,0,1,0,0,2,0,2,2,2,2,0,0,0,1
373,4760.459,-5222.237,137.827,-74.115,0.251535,0.903249,-0.347667,-0.883918,0.068070,-0.462662,-0.394233,0.423684,0.815519,0,0.51724,0.20000,7.002,0.080,763.208,490.020,685.008,340.945,20.139,400.215,347.049,-1,218.473,-1,-1,-1,-1,629.998,419.936,587.171,55.673,0,0,0,0,1,0,0,2,0,2,2,2,2,0,0,0,1
374,4760.134,-5230.604,134.207,-74.388,0.246817,0.909103,-0.335578,-0.883271,0.068595,-0.463817,-0.398639,0.410885,0.819915,0,0.51724,0.20000,8.373,-0.272,487.739,477.746,670.342,337.288,16.543,391.978,341.257,-1,228.456,-1,-1,-1,-1,612.001,415.578,577.179,56.322,0,0,0,0,1,0,0,2,0,2,2,2,2,0,0,0,1
375,4760.560,-5240.166,130.869,-74.951,0.238339,0.917490,-0.318444,-0.886484,0.071604,-0.457186,-0.396662,0.391260,0.830406,0,0.51724,0.20000,9.572,-0.564,478.712,471.841,670.936,342.793,14.700,389.807,343.468,-1,243.902,-1,-1,-1,-1,602.944,423.723,572.077,51.744,0,0,0,0,1,0,0,2,0,2,2,2,2,0,0,0,1
376,4761.774,-5250.569,127.411,-75.648,0.228150,0.926762,-0.298428,-0.891700,0.075828,-0.446229,-0.390920,0.367915,0.843694,0,0.51724,0.20000,10.474,-0.697,470.510,469.000,679.586,352.672,13.882,390.365,349.627,-1,263.000,-1,-1,-1,-1,598.539,438.042,568.757,42.222,0,0,0,0,1,0,0,2,0,2,2,2,2,0,0,0,1
377,4763.511,-5261.427,123.491,-76.326,0.218216,0.936082,-0.275919,-0.896946,0.080972,-0.434663,-0.384539,0.342335,0.857284,0,0.51724,0.20000,10.996,-0.678,460.113,465.129,688.526,363.385,13.393,390.528,355.233,-1,293.172,-1,-1,-1,-1,592.734,452.609,563.082,28.135,0,0,0,0,1,0,0,2,0,2,2,2,2,0,0,0,1
378,4765.251,-5272.346,118.969,-77.040,0.207387,0.945947,-0.249350,-0.901127,0.085522,-0.425036,-0.380737,0.312843,0.870154,0,0.51724,0.20000,11.056,-0.713,446.069,456.698,691.151,372.188,385.412,387.166,358.159,-1,327.051,-1,-1,-1,-1,580.045,465.043,553.281,439.683,0,0,0,0,0,0,0,2,0,2,2,2,2,0,0,0,0
379,4766.974,-5283.108,113.863,-77.802,0.195408,0.955971,-0.218940,-0.903983,0.089003,-0.418203,-0.380304,0.279638,0.881573,0,0.51724,0.20000,10.900,-0.763,428.674,442.057,685.243,377.892,413.708,379.622,357.641,-1,357.605,-1,-1,-1,-1,559.932,473.937,539.341,460.956,0,0,0,0,0,0,0,2,0,2,2,2,2,0,0,0,0
380,4768.814,-5293.827,107.964,-78.593,0.182797,0.965326,-0.186364,-0.905983,0.091780,-0.413245,-0.381811,0.244382,0.891346,0,0.51724,0.20000,10.875,-0.790,13.264,422.550,673.114,381.119,439.759,369.072,354.465,-1,381.968,-1,-1,-1,-1,535.403,479.761,11.817,477.863,1,0,0,0,0,0,0,2,0,2,2,2,2,0,0,1,0
381,4770.899,-5304.730,101.496,-79.383,0.170260,0.972946,-0.156166,-0.908289,0.093497,-0.407761,-0.382128,0.211269,0.899635,0,0.51724,0.20000,11.101,-0.790,13.309,404.882,661.783,384.032,459.240,359.079,351.326,856.761,407.282,-1,-1,-1,-1,513.477,484.859,43.817,494.002,1,0,0,0,0,0,0,0,0,2,2,2,2,0,0,1,0
382,4773.029,-5316.086,95.335,-80.181,0.157941,0.978273,-0.134299,-0.912550,0.092646,-0.398333,-0.377236,0.185467,0.907356,0,0.51724,0.20000,11.554,-0.798,48.289,396.171,662.052,389.872,480.560,355.125,352.699,697.404,425.351,-1,-1,-1,-1,503.344,490.920,51.601,513.300,1,0,0,0,0,0,0,0,0,2,2,2,2,0,0,1,0
383,4777.732,-5328.277,90.378,-80.059,0.160447,0.978867,-0.126793,-0.915432,0.099537,-0.389969,-0.369108,0.178640,0.912057,0,0.51724,0.20000,13.067,0.122,52.711,394.104,664.368,392.375,492.404,354.501,353.993,645.782,441.325,-1,-1,-1,-1,500.080,494.387,55.340,520.233,1,0,0,0,0,0,0,0,0,2,2,2,2,0,0,1,0
384,4781.014,-5335.934,88.606,-79.743,0.165721,0.978407,-0.123517,-0.915806,0.106221,-0.387320,-0.365836,0.177304,0.913634,0,0.51724,0.20000,8.330,0.316,51.764,392.717,662.825,392.651,497.459,353.819,354.016,632.048,449.820,-1,-1,-1,-1,497.216,494.383,54.174,521.374,1,0,0,0,0,0,0,0,0,2,2,2,2,0,0,1,0
385,4784.831,-5345.617,87.786,-79.321,0.172560,0.977993,-0.117276,-0.915092,0.115119,-0.386463,-0.364457,0.174006,0.914819,0,0.51724,0.20000,10.408,0.422,15.758,389.623,658.171,392.849,503.999,352.271,353.358,615.436,464.287,-1,-1,-1,-1,491.369,493.143,52.483,522.604,1,0,0,0,0,0,0,0,0,2,2,2,2,0,0,1,0
386,4787.964,-5356.195,87.660,-79.090,0.176258,0.978531,-0.106815,-0.914415,0.122599,-0.385766,-0.364389,0.165667,0.916392,0,0.51724,0.20000,11.032,0.231,13.491,385.486,653.368,394.927,512.120,350.817,353.394,584.957,484.679,-1,-1,-1,-1,484.443,494.094,49.393,526.879,1,0,0,0,0,0,0,0,0,2,2,2,2,0,0,1,0
387,4790.899,-5367.665,87.466,-78.959,0.178378,0.979347,-0.095186,-0.914177,0.129168,-0.384182,-0.363953,0.155547,0.918337,0,0.51724,0.20000,11.840,0.131,13.268,381.616,649.561,398.091,521.892,349.497,354.158,550.700,507.625,-1,-1,-1,-1,477.957,496.440,43.832,532.790,1,0,0,0,0,0,0,0,0,2,2,2,2,0,0,1,0
388,4793.912,-5379.816,86.463,-78.887,0.179701,0.980032,-0.085121,-0.914839,0.134682,-0.380697,-0.361631,0.146284,0.920774,0,0.51724,0.20000,12.519,0.072,13.387,378.918,647.981,401.834,531.946,348.718,355.525,518.864,525.098,-1,-1,-1,-1,473.226,500.450,36.352,538.845,1,0,0,0,0,0,0,0,0,2,2,2,2,0,0,1,0
389,4796.996,-5392.402,84.177,-78.865,0.180363,0.980606,-0.076684,-0.916379,0.139199,-0.375331,-0.357378,0.137967,0.923713,0,0.51724,0.20000,12.958,0.022,8.511,376.724,647.796,405.489,541.371,348.114,356.859,487.293,538.293,-1,-1,-1,-1,469.469,504.091,20.780,543.781,1,0,0,0,0,0,0,0,0,2,2,2,2,0,0,1,0
390,4800.096,-5405.197,80.530,-78.874,0.180581,0.981178,-0.068419,-0.918257,0.143258,-0.369163,-0.352413,0.129490,0.926843,0,0.51724,0.20000,13.166,-0.009,309.657,373.289,646.359,406.277,549.130,346.346,357.054,452.061,549.409,-1,-1,-1,-1,464.492,504.939,407.944,546.739,0,0,0,0,0,0,0,0,0,2,2,2,2,0,0,0,0
391,4803.162,-5418.101,75.547,-78.918,0.180268,0.981786,-0.059995,-0.920325,0.146828,-0.362552,-0.347139,0.120571,0.930031,0,0.51724,0.20000,13.263,-0.043,301.203,368.190,642.891,405.199,552.908,343.042,355.801,412.768,559.181,-1,-1,-1,-1,457.757,504.223,397.830,547.904,0,0,0,0,0,0,0,0,0,2,2,2,2,0,0,0,0
392,4806.305,-5431.062,69.277,-78.995,0.179413,0.982389,-0.052175,-0.922575,0.149602,-0.355632,-0.341564,0.111941,0.933169,0,0.51724,0.20000,13.337,-0.078,292.205,361.653,637.387,402.476,554.184,338.279,353.032,372.088,566.791,-1,-1,-1,-1,449.542,501.662,387.085,546.731,0,0,0,0,0,0,0,0,0,2,2,2,2,0,0,0,0
393,4810.509,-5446.863,60.415,-79.102,0.178322,0.982765,-0.048723,-0.926215,0.150934,-0.345463,-0.332155,0.106732,0.937167,0,0.51724,0.20000,16.350,-0.107,13.531,355.767,633.324,398.468,551.649,333.468,349.602,332.176,568.339,-1,-1,-1,-1,442.568,497.631,33.756,542.644,1,0,0,0,0,0,0,0,0,2,2,2,2,0,0,1,0
394,4813.605,-5457.414,54.311,-79.108,0.178613,0.982440,-0.053932,-0.928210,0.150064,-0.340451,-0.326380,0.110869,0.938714,0,0.51724,0.20000,10.996,-0.006,13.612,352.886,628.676,392.772,540.803,330.045,344.789,302.220,560.444,-1,-1,-1,-1,439.338,490.746,31.810,532.294,1,0,0,0,0,0,0,0,0,2,2,2,2,0,0,1,0
395,4817.578,-5470.465,46.977,-78.999,0.180602,0.981019,-0.070597,-0.929057,0.146593,-0.339652,-0.322856,0.126931,0.937898,0,0.51724,0.20000,13.642,0.109,14.577,348.825,615.006,378.834,510.077,323.705,334.595,326.779,535.242,-1,-1,-1,-1,434.596,473.146,24.319,504.988,1,0,0,0,0,0,0,0,0,2,2,2,2,0,0,1,0
396,4820.800,-5483.297,40.065,-78.797,0.183726,0.978377,-0.094995,-0.927667,0.140616,-0.345919,-0.325081,0.151679,0.933443,0,0.51724,0.20000,13.231,0.202,17.622,342.253,590.032,357.556,464.338,313.837,319.313,355.605,496.397,-1,-1,-1,-1,426.649,445.443,22.240,463.487,1,0,0,0,0,0,0,0,0,2,2,2,2,0,0,1,0
397,4821.338,-5495.003,33.741,-78.770,0.183346,0.975983,-0.117653,-0.923452,0.129955,-0.361037,-0.337077,0.174841,0.925100,0,0.51724,0.20000,11.718,0.027,17.251,328.297,549.707,330.003,410.434,297.635,298.348,389.279,460.799,-1,-1,-1,-1,410.009,409.783,22.191,413.124,1,0,0,0,0,0,0,0,0,2,2,2,2,0,0,1,0
398,4819.586,-5505.706,28.835,-78.983,0.178781,0.974233,-0.137507,-0.918328,0.115067,-0.378725,-0.353144,0.193985,0.915237,0,0.51724,0.20000,10.845,-0.213,17.182,313.351,509.131,303.975,16.335,281.279,278.038,426.167,431.213,-1,-1,-1,-1,392.191,376.515,22.185,45.141,1,0,0,0,1,0,0,0,0,2,2,2,2,0,0,1,1
399,4817.457,-5517.219,25.406,-79.340,0.172384,0.972465,-0.156829,-0.915798,0.099589,-0.389097,-0.362765,0.210698,0.907749,0,0.51724,0.20000,11.709,-0.356,17.410,306.165,485.188,287.328,18.133,272.715,265.436,471.359,406.948,-1,-1,-1,-1,384.350,354.748,22.208,54.295,1,0,0,0,1,0,0,0,0,2,2,2,2,0,0,1,1
400,4815.220,-5529.879,23.133,-79.860,0.163958,0.971322,-0.172195,-0.916761,0.085581,-0.390161,-0.364236,0.221831,0.904502,0,0.38075,0.44043,12.856,-0.520,17.870,306.737,478.293,280.793,28.411,271.719,261.238,508.926,392.308,-1,-1,-1,-1,385.822,345.631,22.290,57.192,1,0,0,0,1,0,0,0,0,2,2,2,2,0,0,1,1
401,4812.633,-5542.999,22.178,-80.536,0.153356,0.971466,-0.180930,-0.919965,0.073513,-0.385045,-0.360757,0.225498,0.904989,0,0.38075,0.44043,13.372,-0.676,313.874,312.225,483.267,282.112,23.849,275.320,263.481,525.144,388.228,-1,-1,-1,-1,392.085,346.049,397.261,58.533,0,0,0,0,1,0,0,0,0,2,2,2,2,0,0,0,1
402,4809.770,-5556.344,22.537,-81.267,0.141928,0.972437,-0.184993,-0.923989,0.063104,-0.377176,-0.355107,0.224463,0.907478,0,0.38075,0.44043,13.649,-0.731,329.441,320.701,495.277,288.426,18.821,282.074,269.739,528.457,391.351,-1,-1,-1,-1,401.904,352.351,412.654,55.880,0,0,0,0,1,0,0,0,0,2,2,2,2,0,0,0,1
403,4806.877,-5569.792,23.999,-81.960,0.131033,0.973391,-0.187991,-0.927647,0.053493,-0.369607,-0.349716,0.222820,0.909973,0,0.38075,0.44043,13.755,-0.693,344.164,330.465,508.871,296.299,16.156,290.154,277.354,536.039,397.045,-1,-1,-1,-1,413.184,360.381,426.340,51.309,0,0,0,0,1,0,0,0,0,2,2,2,2,0,0,0,1
404,4803.995,-5583.225,26.215,-82.572,0.121274,0.973894,-0.191892,-0.930232,0.044053,-0.364318,-0.346354,0.222687,0.911290,0,0.38075,0.44043,13.739,-0.612,358.787,339.792,516.960,303.141,14.539,297.750,284.207,554.783,402.423,-1,-1,-1,-1,423.705,366.967,437.070,45.190,0,0,0,0,1,0,0,0,0,2,2,2,2,0,0,0,1
405,4801.243,-5596.590,28.734,-83.082,0.113021,0.973563,-0.198496,-0.931546,0.034337,-0.361999,-0.345613,0.225822,0.910800,0,0.38075,0.44043,13.646,-0.510,373.347,346.346,520.829,306.709,13.547,303.797,288.926,590.709,404.872,-1,-1,-1,-1,431.828,370.011,446.944,39.039,0,0,0,0,1,0,0,0,0,2,2,2,2,0,0,0,1
406,4798.587,-5609.777,31.300,-83.499,0.106172,0.972434,-0.207604,-0.931708,0.024359,-0.362392,-0.347345,0.231902,0.908611,0,0.38075,0.44043,13.452,-0.417,387.737,351.273,520.300,306.503,13.273,307.406,291.359,643.965,404.295,-1,-1,-1,-1,436.592,368.953,455.410,36.062,0,0,0,0,1,0,0,0,0,2,2,2,2,0,0,0,1
407,4795.828,-5623.081,33.337,-83.908,0.099445,0.971241,-0.216338,-0.931759,0.014595,-0.362783,-0.349192,0.237652,0.906414,0,0.38075,0.44043,13.587,-0.409,398.678,355.277,518.528,305.572,13.481,309.622,291.921,696.659,403.236,-1,-1,-1,-1,440.237,366.511,462.647,34.697,0,0,0,0,1,0,0,0,0,2,2,2,2,0,0,0,1
408,4792.935,-5636.639,34.349,-84.333,0.092527,0.970462,-0.222806,-0.932489,0.005991,-0.361150,-0.349147,0.241180,0.905499,0,0.38075,0.44043,13.864,-0.425,409.044,358.992,518.025,305.248,14.574,311.785,292.172,733.115,402.963,-1,-1,-1,-1,443.588,364.937,469.110,24.328,0,0,0,0,1,0,0,0,0,2,2,2,2,0,0,0,1
409,4790.174,-5650.356,34.298,-84.724,0.086225,0.969747,-0.228378,-0.933767,-0.001255,-0.357880,-0.347340,0.244110,0.905409,0,0.38075,0.44043,13.992,-0.391,418.662,362.473,518.264,304.904,8.089,313.752,292.343,759.368,401.879,-1,-1,-1,-1,446.609,362.948,472.072,22.179,0,0,0,0,1,0,0,0,0,2,2,2,2,0,0,0,1
410,4788.917,-5663.356,33.748,-84.923,0.083019,0.967318,-0.239592,-0.934456,-0.007975,-0.355989,-0.346266,0.253442,0.903254,0,0.38075,0.44043,13.060,-0.199,428.945,365.281,515.352,301.464,17.456,314.441,290.434,832.457,394.088,-1,-1,-1,-1,449.073,357.597,472.188,11.690,0,0,0,0,1,0,0,0,0,2,2,2,2,0,0,0,1
411,4790.271,-5674.918,33.467,-84.823,0.084620,0.961826,-0.260251,-0.934041,-0.014388,-0.356876,-0.346997,0.273284,0.897167,0,0.38075,0.44043,11.642,0.100,435.319,367.561,508.416,294.030,18.709,313.989,286.096,-1,377.587,-1,-1,-1,-1,451.709,347.934,472.797,22.538,0,0,0,0,1,0,0,2,0,2,2,2,2,0,0,0,1
412,4792.660,-5686.038,33.138,-84.631,0.087802,0.955568,-0.281390,-0.934301,-0.018979,-0.355980,-0.345504,0.294158,0.891122,0,0.38075,0.44043,11.373,0.192,437.941,371.175,504.586,287.802,18.342,314.904,283.078,-1,361.222,-1,-1,-1,-1,455.617,340.243,474.406,22.417,0,0,0,0,1,0,0,2,0,2,2,2,2,0,0,0,1
413,4795.196,-5697.059,32.768,-84.504,0.090082,0.950432,-0.297597,-0.936198,-0.021121,-0.350839,-0.339734,0.310214,0.887890,0,0.22834,0.64371,11.310,0.127,440.796,377.483,506.392,285.848,18.775,318.865,283.712,-1,349.337,-1,-1,-1,-1,462.866,337.917,477.452,22.561,0,0,0,0,1,0,0,2,0,2,2,2,2,0,0,0,1
414,4798.325,-5707.816,32.524,-84.362,0.092746,0.945911,-0.310885,-0.939407,-0.020360,-0.342199,-0.330019,0.323786,0.886708,0,0.22834,0.64371,11.203,0.142,443.840,386.894,514.369,287.451,18.682,324.997,287.726,-1,340.514,-1,-1,-1,-1,473.270,340.164,483.743,22.528,0,0,0,0,1,0,0,2,0,2,2,2,2,0,0,0,1
415,4802.011,-5718.338,32.238,-84.205,0.095769,0.941902,-0.321944,-0.943639,-0.017033,-0.330537,-0.316818,0.335454,0.887185,0,0.22834,0.64371,11.150,0.157,447.069,398.624,527.807,292.745,18.461,333.180,294.181,-1,334.002,-1,-1,-1,-1,481.022,346.248,492.380,22.454,0,0,0,0,1,0,0,2,0,2,2,2,2,0,0,0,1
416,4805.971,-5728.614,31.775,-84.093,0.098160,0.938830,-0.330094,-0.948726,-0.011868,-0.315876,-0.300471,0.344176,0.889528,0,0.22834,0.64371,11.012,0.112,475.372,412.219,545.679,299.705,18.664,343.601,302.280,-1,330.056,-1,-1,-1,-1,491.074,356.229,492.336,22.522,0,0,0,0,1,0,0,2,0,2,2,2,2,0,0,0,1
417,4810.478,-5738.604,31.005,-83.951,0.101110,0.935858,-0.337559,-0.954139,-0.004879,-0.299323,-0.281771,0.352343,0.892446,0,0.22834,0.64371,10.959,0.142,490.124,427.053,565.844,308.160,18.572,355.709,311.996,-1,326.469,-1,-1,-1,424.981,503.009,368.309,492.204,22.491,0,0,0,0,1,0,0,2,0,2,2,2,0,0,0,0,1
418,4815.455,-5748.354,29.658,-83.779,0.104587,0.932712,-0.345124,-0.959518,0.003384,-0.281628,-0.261510,0.360607,0.895307,0,0.22834,0.64371,10.946,0.172,493.513,440.530,579.372,317.249,18.261,368.749,322.468,-1,322.144,-1,-1,-1,420.496,509.587,380.221,492.282,22.392,0,0,0,0,1,0,0,2,0,2,2,2,0,0,0,0,1
419,4820.585,-5758.053,27.470,-83.611,0.108040,0.929779,-0.351907,-0.964823,0.012725,-0.262592,-0.239675,0.367899,0.898447,0,0.22834,0.64371,10.973,0.169,-1,449.346,581.030,327.362,18.682,382.207,333.852,-1,317.031,-1,-1,-1,415.482,507.113,393.317,492.463,22.528,2,0,0,0,1,0,0,2,0,2,2,2,0,0,0,0,1
420,4826.100,-5767.538,24.476,-83.412,0.112001,0.926445,-0.359381,-0.969729,0.022931,-0.243104,-0.216982,0.375731,0.900969,0,0.22834,0.64371,10.971,0.199,-1,458.368,582.602,337.768,10.459,394.569,345.693,-1,311.173,-1,-1,-1,413.796,504.641,406.496,492.667,22.486,2,0,0,0,1,0,0,2,0,2,2,2,0,0,0,0,1
421,4832.058,-5776.704,20.779,-83.185,0.116415,0.922641,-0.367669,-0.974181,0.033975,-0.223198,-0.193440,0.384160,0.902775,0,0.22834,0.64371,10.932,0.226,-1,464.525,584.444,347.561,18.637,406.563,356.737,-1,302.964,-1,-1,-1,411.866,502.142,420.264,493.505,22.512,2,0,0,0,1,0,0,2,0,2,2,2,0,0,0,0,1
422,4838.584,-5785.459,16.529,-82.920,0.121495,0.918214,-0.376992,-0.978137,0.046172,-0.202769,-0.168779,0.393385,0.903749,0,0.22834,0.64371,10.921,0.266,-1,467.996,587.864,356.829,18.102,419.449,367.873,-1,293.734,-1,-1,-1,409.327,499.979,434.228,497.512,22.347,2,0,0,0,1,0,0,2,0,2,2,2,0,0,0,0,1
423,4845.202,-5794.172,11.555,-82.691,0.125941,0.914316,-0.384922,-0.981832,0.059367,-0.180224,-0.141930,0.400626,0.905182,0,0.22834,0.64371,10.941,0.229,-1,465.784,594.186,368.439,17.693,432.845,381.156,-1,285.275,-1,-1,-1,406.716,498.609,449.511,-1,22.253,2,0,0,0,1,0,0,2,0,2,2,2,0,0,0,2,1
424,4851.973,-5802.973,5.919,-82.599,0.127984,0.911196,-0.391589,-0.985325,0.071861,-0.154822,-0.112933,0.405657,0.907022,0,0.22834,0.64371,11.104,0.091,-1,464.802,599.220,382.787,17.699,443.352,397.030,-1,278.543,-1,-1,358.671,404.988,498.558,468.498,-1,22.254,2,0,0,0,1,0,0,2,0,2,2,0,0,0,0,2,1
425,4858.690,-5811.765,-0.170,-82.541,0.129375,0.909684,-0.394636,-0.988122,0.084988,-0.128033,-0.082930,0.406512,0.909874,0,0.22834,0.64371,11.064,0.059,-1,462.754,616.981,399.808,17.676,451.325,414.711,-1,274.003,-1,243.402,232.349,405.078,498.696,491.601,-1,22.250,2,0,0,0,1,0,0,2,0,2,0,0,0,0,0,2,1
426,4865.068,-5820.228,-5.901,-82.372,0.132523,0.912062,-0.388047,-0.989481,0.098823,-0.105646,-0.058008,0.397966,0.915565,0,0.22834,0.64371,10.597,0.169,-1,457.690,633.172,414.760,17.574,455.243,425.747,-1,275.670,-1,235.691,222.044,403.899,494.847,510.758,-1,22.232,2,0,0,0,1,0,0,2,0,2,0,0,0,0,0,2,1
427,4871.485,-5827.832,-10.737,-82.098,0.137358,0.918325,-0.371231,-0.989616,0.111207,-0.091068,-0.042347,0.379885,0.924064,0,0.22834,0.64371,9.950,0.274,-1,448.214,634.516,425.004,17.800,452.470,430.288,-1,284.241,-1,231.340,221.620,404.859,-1,522.870,-1,22.275,2,0,0,0,1,0,0,2,0,2,0,0,0,2,0,2,1
428,4878.173,-5834.709,-14.886,-81.721,0.143906,0.927094,-0.346104,-0.988931,0.121954,-0.084515,-0.036145,0.354436,0.934382,0,0.22834,0.64371,9.593,0.377,-1,434.138,618.567,428.724,406.716,442.399,427.298,-1,298.084,-1,229.268,225.231,425.061,468.976,526.024,-1,16.378,2,0,0,0,0,0,0,2,0,2,0,0,0,0,0,2,1
429,4884.949,-5841.297,-19.034,-81.288,0.151369,0.937128,-0.314450,-0.987787,0.131523,-0.083533,-0.036924,0.323254,0.945592,0,0.22834,0.64371,9.450,0.433,-1,414.757,589.356,427.053,426.699,426.519,418.069,-1,315.659,-1,230.190,231.660,454.832,448.599,523.159,-1,503.729,2,0,0,0,0,0,0,2,0,2,0,0,0,0,0,2,0
430,4891.901,-5847.731,-23.547,-80.843,0.158989,0.946703,-0.280134,-0.986354,0.140021,-0.086602,-0.042762,0.290080,0.956046,0,0.22834,0.64371,9.473,0.444,-1,393.081,559.722,420.213,440.191,406.562,403.900,677.824,335.349,-1,233.133,239.873,481.296,425.766,515.153,-1,506.428,2,0,0,0,0,0,0,0,0,2,0,0,0,0,0,2,0
431,4898.866,-5854.378,-28.411,-80.339,0.167586,0.954106,-0.248189,-0.984412,0.148324,-0.094512,-0.053362,0.260159,0.964090,0,0.22834,0.64371,9.628,0.505,-1,369.922,535.704,406.664,442.979,382.614,384.703,252.331,353.145,-1,239.088,250.331,509.448,401.484,500.289,384.988,498.234,2,0,0,0,0,0,0,0,0,2,0,0,0,0,0,0,0
432,4905.702,-5861.479,-33.447,-79.789,0.176878,0.959425,-0.219587,-0.981960,0.156867,-0.105586,-0.066855,0.234302,0.969862,0,0.22834,0.64371,9.856,0.550,255.903,346.430,503.752,388.567,17.667,356.025,362.732,232.223,368.280,-1,247.774,262.825,539.934,375.039,480.701,352.585,22.248,0,0,0,0,1,0,0,0,0,2,0,0,0,0,0,0,1
433,4912.341,-5869.113,-38.232,-79.254,0.185822,0.963428,-0.193073,-0.979160,0.165176,-0.118162,-0.081949,0.211006,0.974043,0,0.22834,0.64371,10.117,0.535,211.848,323.459,472.172,368.708,17.587,329.582,339.375,214.171,382.423,-1,258.872,277.230,576.530,348.136,459.069,264.341,22.233,0,0,0,0,1,0,0,0,0,2,0,0,0,0,0,0,1
434,4918.707,-5877.540,-41.863,-78.811,0.193212,0.965767,-0.173098,-0.976783,0.172692,-0.126780,-0.092548,0.193574,0.976711,0,0.22834,0.64371,10.561,0.443,21.430,300.416,445.944,353.380,17.643,308.855,321.438,199.911,393.910,-1,270.000,291.116,601.946,326.085,441.550,46.617,22.243,1,0,0,0,1,0,0,0,0,2,0,0,0,0,0,1,1
435,4924.349,-5886.762,-43.579,-78.515,0.198271,0.966269,-0.164356,-0.975803,0.178826,-0.125818,-0.092183,0.185325,0.978344,0,0.24855,0.95244,10.811,0.297,32.046,288.593,429.730,348.564,17.937,299.112,315.375,191.342,400.729,-1,277.766,301.026,615.175,312.653,434.165,55.576,22.305,1,0,0,0,1,0,0,0,0,2,0,0,0,0,0,1,1
436,4928.959,-5896.134,-43.501,-78.228,0.203341,0.964581,-0.168033,-0.975725,0.185378,-0.116596,-0.081317,0.187663,0.978862,0,0.24855,0.95244,10.444,0.286,42.009,286.545,422.326,352.662,18.040,299.660,319.900,188.879,400.638,-1,282.035,306.642,620.576,307.275,435.886,57.616,22.331,1,0,0,0,1,0,0,0,0,2,0,0,0,0,0,1,1
437,4932.305,-5904.930,-42.057,-77.929,0.208722,0.960548,-0.183802,-0.976016,0.192700,-0.101292,-0.061877,0.200535,0.977730,0,0.24855,0.95244,9.411,0.299,25.680,287.361,423.007,364.299,17.804,307.743,330.994,192.400,391.593,-1,283.047,308.133,618.612,309.483,438.957,56.314,22.275,1,0,0,0,1,0,0,0,0,2,0,0,0,0,0,1,1
438,4934.792,-5913.293,-39.851,-77.622,0.214229,0.954300,-0.208368,-0.976133,0.201373,-0.081329,-0.035653,0.220817,0.974663,0,0.24855,0.95244,8.725,0.307,16.352,293.142,430.101,382.199,17.189,319.578,342.364,200.314,377.307,-1,281.449,306.612,604.758,317.719,442.165,49.805,22.186,1,0,0,0,1,0,0,0,0,2,0,0,0,0,0,1,1
439,4936.735,-5921.461,-37.350,-77.319,0.219508,0.947017,-0.234466,-0.975576,0.211038,-0.060944,-0.008234,0.242117,0.970212,0,0.24855,0.95244,8.396,0.302,13.659,300.761,-1,400.129,16.259,324.541,355.644,209.796,363.377,-1,279.892,305.110,568.401,328.203,446.878,36.619,22.278,1,0,2,0,1,0,0,0,0,2,0,0,0,0,0,1,1
440,4938.188,-5929.431,-34.618,-77.093,0.223348,0.941242,-0.253338,-0.974661,0.218945,-0.045821,0.012338,0.257152,0.966292,0,0.24855,0.95244,8.100,0.226,-1,306.282,-1,402.203,13.476,326.452,365.923,217.520,355.045,-1,281.633,306.889,544.882,-1,449.968,-1,11.217,2,0,2,0,1,0,0,0,0,2,0,0,0,2,0,2,1
441,4939.318,-5937.175,-31.911,-76.960,0.225555,0.937634,-0.264513,-0.973917,0.223901,-0.036801,0.024719,0.265914,0.963680,0,0.24855,0.95244,7.826,0.133,-1,308.597,-1,402.204,472.869,326.173,371.994,471.782,351.778,-1,286.674,311.810,529.849,-1,450.274,-1,501.938,2,0,2,0,0,0,0,0,0,2,0,0,0,2,0,2,0
442,4940.294,-5944.692,-29.461,-76.867,0.227115,0.935959,-0.269071,-0.973394,0.226784,-0.032751,0.030367,0.269350,0.962563,0,0.24855,0.95244,7.580,0.094,-1,307.681,-1,399.978,475.621,323.592,373.084,512.373,352.243,-1,294.159,319.106,529.759,-1,447.712,-1,497.383,2,0,2,0,0,0,0,0,0,2,0,0,0,2,0,2,0
443,4941.425,-5952.032,-27.474,-76.742,0.229222,0.935349,-0.269404,-0.972865,0.229101,-0.032340,0.031471,0.269507,0.962484,0,0.24855,0.95244,7.426,0.125,-1,303.962,-1,395.650,474.747,318.852,368.038,530.310,354.496,-1,303.224,327.988,538.358,-1,442.288,-1,491.306,2,0,2,0,0,0,0,0,0,2,0,0,0,2,0,2,0
444,4942.961,-5959.211,-26.142,-76.568,0.232186,0.935010,-0.268041,-0.972217,0.231515,-0.034570,0.029732,0.268621,0.962787,0,0.24855,0.95244,7.342,0.174,-1,298.090,-1,389.383,469.708,312.307,361.266,535.911,356.520,-1,313.114,337.687,550.762,-1,434.192,-1,483.666,2,0,2,0,0,0,0,0,0,2,0,0,0,2,0,2,0
445,4944.940,-5966.307,-25.627,-76.373,0.235522,0.934527,-0.266813,-0.971504,0.233913,-0.038278,0.026639,0.268226,0.962988,0,0.24855,0.95244,7.367,0.195,-1,290.894,-1,381.604,460.703,304.554,353.220,537.471,356.893,-1,323.061,347.424,562.804,-1,424.122,-1,474.720,2,0,2,0,0,0,0,0,0,2,0,0,0,2,0,2,0
446,4947.136,-5973.414,-25.828,-76.205,0.238369,0.933427,-0.268131,-0.970863,0.236020,-0.041458,0.024586,0.270201,0.962490,0,0.24855,0.95244,7.438,0.167,13.425,284.023,-1,373.464,449.389,296.911,345.061,547.900,354.323,-1,331.955,356.061,567.804,-1,414.732,30.588,465.292,1,0,2,0,0,0,0,0,0,2,0,0,0,2,0,1,0
447,4949.293,-5980.625,-26.461,-76.057,0.240885,0.931651,-0.272029,-0.970226,0.238438,-0.042538,0.025232,0.274177,0.961348,0,0.30637,0.64636,7.527,0.149,13.560,278.340,-1,366.001,438.730,290.153,337.542,569.761,349.506,-1,339.244,363.203,564.318,-1,406.310,37.046,16.459,1,0,2,0,0,0,0,0,0,2,0,0,0,2,0,1,1
448,4951.311,-5987.966,-27.112,-75.934,0.242935,0.929517,-0.277454,-0.969589,0.241424,-0.040147,0.029666,0.278770,0.959900,0,0.30637,0.64636,7.614,0.123,13.739,274.410,-1,360.297,16.327,284.881,331.405,597.409,343.762,-1,344.514,368.654,553.946,-1,400.170,40.183,22.259,1,0,2,0,1,0,0,0,0,2,0,0,0,2,0,1,1
449,4953.193,-5995.303,-27.499,-75.833,0.244574,0.927231,-0.283597,-0.968919,0.244911,-0.034851,0.037141,0.283306,0.958310,0,0.30637,0.64636,7.575,0.100,13.969,272.067,-1,356.394,16.482,281.022,326.659,630.279,338.161,-1,348.222,372.838,539.945,-1,396.297,41.401,22.222,1,0,2,0,1,0,0,0,0,2,0,0,0,2,0,1,1
450,4954.863,-6002.333,-27.345,-75.769,0.245575,0.925155,-0.289451,-0.968295,0.248219,-0.028150,0.045805,0.287187,0.956779,0,0.30637,0.64636,7.225,0.064,14.438,270.661,-1,354.031,16.709,278.364,323.228,666.084,334.071,-1,351.224,376.426,525.753,-1,393.571,43.185,22.190,1,0,2,0,1,0,0,0,0,2,0,0,0,2,0,1,1
451,4956.341,-6008.927,-26.541,-75.715,0.246381,0.923203,-0.294946,-0.967642,0.251421,-0.021344,0.054451,0.290661,0.955276,0,0.30637,0.64636,6.758,0.054,15.101,269.437,-1,352.676,12.049,276.519,320.680,707.137,331.434,-1,354.278,380.008,513.873,-1,391.443,43.398,9.295,1,0,2,0,1,0,0,0,0,2,0,0,0,2,0,1,1
452,4957.761,-6015.041,-25.105,-75.653,0.247325,0.921290,-0.300093,-0.966959,0.254443,-0.015787,0.061812,0.294082,0.953779,0,0.30637,0.64636,6.276,0.062,15.930,509.393,-1,351.567,434.685,274.902,318.475,754.547,329.861,-1,358.082,384.129,505.710,-1,389.511,42.380,434.092,1,0,2,0,0,0,0,0,0,2,0,0,0,2,0,1,0
453,4959.241,-6020.692,-23.180,-75.534,0.249234,0.919088,-0.305220,-0.966093,0.257904,-0.012278,0.067433,0.297931,0.952203,0,0.30637,0.64636,5.842,0.119,16.177,561.582,-1,350.049,430.269,272.996,315.833,811.507,328.650,-1,363.004,389.105,500.882,-1,386.957,40.531,430.523,1,0,2,0,0,0,0,0,0,2,0,0,0,2,0,1,0
454,4960.734,-6026.076,-21.015,-75.351,0.252256,0.916650,-0.310031,-0.965019,0.261964,-0.010651,0.071454,0.301872,0.950667,0,0.30637,0.64636,5.587,0.183,15.486,610.362,-1,347.883,425.251,270.565,312.533,872.914,327.644,-1,369.004,394.966,498.241,-1,383.533,38.430,425.256,1,0,2,0,0,0,0,0,0,2,0,0,0,2,0,1,0
455,4962.152,-6031.375,-18.849,-75.131,0.255900,0.914213,-0.314213,-0.963835,0.266305,-0.010140,0.074406,0.305444,0.949299,0,0.30637,0.64636,5.486,0.220,14.778,657.005,-1,344.608,419.844,267.698,308.778,932.852,326.870,-1,375.666,401.402,497.063,-1,379.495,36.210,419.330,1,0,2,0,0,0,0,0,0,2,0,0,0,2,0,1,0
456,4963.446,-6036.686,-16.892,-74.923,0.259359,0.912026,-0.317713,-0.962736,0.270253,-0.010123,0.076631,0.308499,0.948133,0,0.30637,0.64636,5.465,0.208,14.540,700.500,-1,340.671,414.293,264.563,304.846,981.670,326.186,-1,382.513,407.997,497.131,-1,375.898,34.011,413.201,1,0,2,0,0,0,0,0,0,2,0,0,0,2,0,1,0
457,4964.667,-6042.003,-15.226,-74.708,0.262916,0.909837,-0.321047,-0.961621,0.274182,-0.010480,0.078490,0.311481,0.947005,0,0.30637,0.64636,5.456,0.214,14.297,739.254,-1,336.411,408.423,261.173,300.655,-1,325.104,-1,389.395,414.614,497.139,-1,372.002,33.527,406.658,1,0,2,0,0,0,0,2,0,2,0,0,0,2,0,1,0
458,4965.911,-6047.323,-13.857,-74.488,0.266580,0.907372,-0.324978,-0.960460,0.278194,-0.011122,0.080316,0.315094,0.945656,0,0.30637,0.64636,5.463,0.221,14.054,778.929,-1,331.823,402.109,257.629,296.214,-1,323.078,-1,396.156,421.079,495.623,-1,367.291,33.534,399.577,1,0,2,0,0,0,0,2,0,2,0,0,0,2,0,1,0
459,4967.173,-6052.661,-12.796,-74.268,0.270226,0.904652,-0.329520,-0.959285,0.282188,-0.011961,0.082166,0.319335,0.944073,0,0.30637,0.64636,5.485,0.220,13.861,821.734,-1,326.951,395.399,253.966,291.574,-1,320.135,-1,402.737,427.337,492.503,-1,361.905,33.627,392.036,1,0,2,0,0,0,0,2,0,2,0,0,0,2,0,1,0
460,4968.441,-6058.022,-12.026,-74.051,0.273808,0.901732,-0.334526,-0.958112,0.286097,-0.013023,0.083964,0.324080,0.942296,0,0.30637,0.64636,5.509,0.217,13.721,864.984,-1,321.808,388.336,250.176,286.749,-1,316.421,-1,409.179,433.429,488.143,-1,355.886,33.886,384.086,1,0,2,0,0,0,0,2,0,2,0,0,0,2,0,1,0
461,4969.730,-6063.381,-11.492,-73.832,0.277427,0.898601,-0.339927,-0.956931,0.289954,-0.014488,0.085544,0.329306,0.940340,0,0.30637,0.64636,5.512,0.219,13.609,906.769,-1,316.357,380.906,246.210,281.685,-1,312.041,-1,415.618,439.466,482.975,-1,349.101,34.358,375.666,1,0,2,0,0,0,0,2,0,2,0,0,0,2,0,1,0
462,4971.051,-6068.706,-11.079,-73.605,0.281189,0.895322,-0.345444,-0.955705,0.293875,-0.016274,0.086947,0.334718,0.938298,0,0.30637,0.64636,5.486,0.227,13.489,947.855,-1,310.729,373.300,255.847,276.454,-1,307.401,-1,422.106,445.524,477.642,-1,341.836,35.098,366.974,1,0,2,0,0,0,0,2,0,2,0,0,0,2,0,1,0
463,4972.262,-6073.959,-10.561,-73.429,0.284086,0.892675,-0.349894,-0.954726,0.296972,-0.017504,0.088284,0.339025,0.936626,0,0.30637,0.64636,5.391,0.176,13.530,969.231,-1,305.646,366.495,317.012,271.749,-1,303.858,-1,428.310,451.372,473.945,-1,335.910,36.879,16.028,1,0,2,0,0,0,0,2,0,2,0,0,0,2,0,1,1
464,4973.323,-6079.096,-9.816,-73.305,0.286109,0.890652,-0.353385,-0.953975,0.299354,-0.017886,0.089857,0.342238,0.935307,0,0.30637,0.64636,5.246,0.124,13.695,-1,-1,301.350,13.067,340.128,267.789,-1,301.557,-1,434.098,456.902,471.440,-1,331.630,38.064,10.440,1,2,2,0,1,0,0,2,0,2,0,0,0,2,0,1,1
465,4974.339,-6084.051,-8.793,-73.202,0.287773,0.888798,-0.356685,-0.953272,0.301604,-0.017553,0.091977,0.345069,0.934060,0,0.30637,0.64636,5.058,0.103,13.961,-1,-1,297.768,10.811,360.000,264.456,-1,299.988,-1,439.467,462.088,469.292,-1,328.940,38.359,8.551,1,2,2,0,1,0,0,2,0,2,0,0,0,2,0,1,1
466,4975.401,-6088.752,-7.489,-73.091,0.289550,0.886754,-0.360318,-0.952458,0.304211,-0.016719,0.094787,0.348029,0.932680,0,0.30637,0.64636,4.820,0.111,14.176,-1,-1,294.787,11.367,385.134,261.599,-1,298.521,-1,444.441,466.937,466.859,-1,327.391,37.865,8.933,1,2,2,0,1,0,0,2,0,2,0,0,0,2,0,1,1
467,4976.492,-6093.237,-6.021,-72.966,0.291532,0.884510,-0.364213,-0.951516,0.307205,-0.015571,0.098115,0.351094,0.931186,0,0.30637,0.64636,4.615,0.125,14.247,-1,-1,292.218,347.198,407.599,259.055,-1,297.258,-1,449.102,471.522,463.108,-1,326.563,36.627,13.547,1,2,2,0,0,0,0,2,0,2,0,0,0,2,0,1,1
468,4977.596,-6097.531,-4.522,-72.833,0.293634,0.882020,-0.368538,-0.950490,0.310424,-0.014371,0.101728,0.354511,0.929501,0,0.28013,0.95703,4.434,0.133,14.162,-1,-1,289.854,343.297,423.596,256.682,-1,295.898,-1,453.497,473.226,458.552,-1,325.983,36.219,334.517,1,2,2,0,0,0,0,2,0,2,0,0,0,2,0,1,0
469,4978.646,-6101.599,-3.062,-72.708,0.295585,0.879356,-0.373312,-0.949509,0.313452,-0.013459,0.105180,0.358441,0.927608,0,0.28013,0.95703,4.201,0.124,14.078,-1,-1,287.568,339.432,439.503,254.443,-1,294.253,-1,457.717,473.350,453.468,-1,325.303,36.486,330.415,1,2,2,0,0,0,0,2,0,2,0,0,0,2,0,1,0
470,4979.395,-6105.455,-1.676,-72.600,0.297287,0.876970,-0.377550,-0.948655,0.316052,-0.012858,0.108049,0.361987,0.925900,0,0.28013,0.95703,3.928,0.108,14.144,-1,-1,285.402,335.771,453.854,252.410,-1,292.821,-1,461.941,474.407,449.517,-1,324.635,36.746,326.598,1,2,2,0,0,0,0,2,0,2,0,0,0,2,0,1,0
471,4979.931,-6109.095,-0.367,-72.500,0.298872,0.874663,-0.381629,-0.947905,0.318293,-0.012848,0.110232,0.365588,0.924226,0,0.28013,0.95703,3.680,0.100,14.302,-1,-1,283.187,332.101,466.357,250.424,-1,291.293,-1,466.285,476.573,446.234,-1,323.562,36.375,322.771,1,2,2,0,0,0,0,2,0,2,0,0,0,2,0,1,0
472,4980.336,-6112.540,0.861,-72.400,0.300469,0.872307,-0.385743,-0.947222,0.320292,-0.013528,0.111750,0.369450,0.922507,0,0.28013,0.95703,3.468,0.100,14.531,-1,-1,280.823,328.301,477.222,248.369,-1,289.516,-1,470.799,479.797,443.307,-1,321.857,35.562,318.753,1,2,2,0,0,0,0,2,0,2,0,0,0,2,0,1,0
473,4980.661,-6115.822,2.000,-72.297,0.302140,0.869904,-0.389844,-0.946579,0.322131,-0.014818,0.112691,0.373495,0.920762,0,0.28013,0.95703,3.298,0.103,14.846,-1,-1,278.291,324.366,486.378,246.199,-1,287.267,-1,475.474,483.929,440.704,-1,319.522,34.485,314.520,1,2,2,0,0,0,0,2,0,2,0,0,0,2,0,1,0
474,4980.948,-6118.974,3.047,-72.190,0.303898,0.867491,-0.393835,-0.945953,0.323883,-0.016525,0.113221,0.377571,0.919033,0,0.28013,0.95703,3.165,0.108,15.261,-1,-1,275.633,320.722,494.033,243.922,-1,284.896,-1,480.230,488.643,438.386,-1,316.709,33.267,310.143,1,2,2,0,0,0,0,2,0,2,0,0,0,2,0,1,0
475,4981.246,-6122.025,3.995,-72.079,0.305710,0.865109,-0.397654,-0.945329,0.325600,-0.018401,0.113557,0.381539,0.917351,0,0.28013,0.95703,3.065,0.110,15.814,-1,-1,272.918,317.216,500.723,241.579,-1,282.504,-1,484.865,493.469,436.234,-1,313.639,31.896,305.723,1,2,2,0,0,0,0,2,0,2,0,0,0,2,0,1,0
476,4981.597,-6124.984,4.839,-71.969,0.307514,0.862812,-0.401235,-0.944703,0.327303,-0.020209,0.113889,0.385263,0.915752,0,0.28013,0.95703,2.980,0.110,16.552,-1,-1,270.226,313.811,506.930,239.220,-1,280.180,-1,488.846,497.948,434.145,-1,310.522,30.463,301.379,1,2,2,0,0,0,0,2,0,2,0,0,0,2,0,1,0
477,4982.015,-6127.854,5.575,-71.857,0.309348,0.860687,-0.404378,-0.944048,0.329090,-0.021752,0.114355,0.388481,0.914333,0,0.28013,0.95703,2.900,0.112,17.500,-1,-1,267.627,310.632,512.953,236.882,-1,278.098,-1,492.585,501.817,432.279,-1,483.913,29.165,18.745,1,2,2,0,0,0,0,2,0,2,0,0,0,2,0,1,1
478,4982.457,-6130.660,6.198,-71.719,0.311586,0.858793,-0.406681,-0.943218,0.331385,-0.022873,0.115125,0.390715,0.913284,0,0.28013,0.95703,2.841,0.138,18.443,-1,-1,265.163,307.555,519.077,234.541,-1,276.537,-1,496.092,505.009,431.244,-1,489.346,28.431,14.684,1,2,2,0,0,0,0,2,0,2,0,0,0,2,0,1,1
479,4982.974,-6133.394,6.734,-71.564,0.314098,0.857089,-0.408339,-0.942249,0.334084,-0.023555,0.116231,0.392155,0.912526,0,0.28013,0.95703,2.782,0.155,19.080,-1,-1,262.852,303.316,525.544,232.222,-1,275.405,-1,499.339,507.391,430.564,-1,497.454,28.273,13.205,1,2,2,0,0,0,0,2,0,2,0,0,0,2,0,1,1
480,4983.589,-6136.062,7.197,-71.402,0.316715,0.855562,-0.409518,-0.941189,0.337044,-0.023751,0.117705,0.392956,0.911993,0,0.28013,0.95703,2.738,0.163,19.305,-1,-1,260.718,299.396,532.699,229.971,-1,274.625,-1,502.290,508.805,430.035,-1,508.370,28.548,13.063,1,2,2,0,0,0,0,2,0,2,0,0,0,2,0,1,1
481,4984.354,-6138.611,7.629,-71.232,0.319423,0.854074,-0.410520,-0.940045,0.340234,-0.023596,0.119521,0.393445,0.911546,0,0.28013,0.95703,2.661,0.169,18.718,-1,-1,258.758,15.664,540.889,227.785,-1,274.037,-1,504.948,509.309,429.396,-1,520.806,29.032,11.702,1,2,2,0,1,0,0,2,0,2,0,0,0,2,0,1,1
482,4985.241,-6141.127,8.041,-71.064,0.322088,0.852711,-0.411270,-0.938829,0.343629,-0.022781,0.121898,0.393449,0.911229,0,0.36504,1.00000,2.669,0.168,17.662,-1,-1,256.731,16.613,550.799,225.757,-1,273.770,-1,507.257,508.478,428.612,-1,537.303,29.658,12.490,1,2,2,0,1,0,0,2,0,2,0,0,0,2,0,1,1
483,4986.270,-6143.705,8.441,-70.907,0.324537,0.851505,-0.411844,-0.937597,0.347075,-0.021244,0.124851,0.393038,0.911007,0,0.36504,1.00000,2.775,0.157,16.654,-1,-1,254.357,289.465,562.727,223.873,-1,273.784,-1,509.266,506.288,427.614,-1,558.409,30.242,17.469,1,2,2,0,0,0,0,2,0,2,0,0,0,2,0,1,1
484,4987.447,-6146.291,8.861,-70.777,0.326556,0.850586,-0.412145,-0.936514,0.350085,-0.019525,0.127678,0.392356,0.910909,0,0.36504,1.00000,2.841,0.131,16.037,-1,-1,252.068,286.760,574.449,222.006,-1,274.052,-1,511.234,504.210,427.091,-1,580.317,30.881,275.340,1,2,2,0,0,0,0,2,0,2,0,0,0,2,0,1,0
485,4988.714,-6148.900,9.281,-70.655,0.328429,0.849919,-0.412035,-0.935515,0.352835,-0.017886,0.130178,0.391339,0.910993,0,0.36504,1.00000,2.901,0.121,15.680,-1,-1,249.691,284.096,585.065,220.023,-1,274.556,-1,513.349,502.824,427.324,-1,601.773,31.739,272.974,1,2,2,0,0,0,0,2,0,2,0,0,0,2,0,1,0
486,4990.057,-6151.554,9.687,-70.534,0.330313,0.849343,-0.411716,-0.934550,0.355448,-0.016510,0.132321,0.390223,0.911163,0,0.36504,1.00000,2.974,0.121,15.281,-1,-1,247.102,281.248,594.440,326.103,-1,275.182,-1,515.667,502.223,427.707,-1,621.921,32.778,270.404,1,2,2,0,0,0,0,2,0,2,0,0,0,2,0,1,0
487,4991.458,-6154.293,10.080,-70.420,0.332089,0.848835,-0.411334,-0.933651,0.357856,-0.015302,0.134210,0.389124,0.911356,0,0.36504,1.00000,3.077,0.114,16.176,-1,-1,244.355,278.235,603.039,342.749,-1,275.809,-1,518.153,502.126,428.214,-1,641.003,33.389,267.655,1,2,2,0,0,0,0,2,0,2,0,0,0,2,0,1,0
488,4992.949,-6157.117,10.484,-70.305,0.333886,0.848174,-0.411243,-0.932747,0.360247,-0.014296,0.136024,0.388359,0.911414,0,0.36504,1.00000,3.193,0.115,17.428,-1,-1,241.407,274.920,611.753,359.523,-1,276.203,-1,520.790,502.221,428.464,-1,659.484,33.898,264.631,1,2,2,0,0,0,0,2,0,2,0,0,0,2,0,1,0
489,4994.548,-6160.029,10.912,-70.176,0.335894,0.847200,-0.411616,-0.931750,0.362848,-0.013519,0.137901,0.388064,0.911257,0,0.36504,1.00000,3.322,0.129,17.805,-1,-1,238.204,271.189,621.220,377.284,-1,276.272,-1,523.594,502.335,428.167,-1,678.071,34.221,261.256,1,2,2,0,0,0,0,2,0,2,0,0,0,2,0,1,0
490,4996.243,-6163.048,11.366,-70.038,0.338041,0.845972,-0.412383,-0.930676,0.365619,-0.012858,0.139897,0.388141,0.910920,0,0.36504,1.00000,3.462,0.138,17.874,-1,-1,234.806,267.134,631.655,386.522,-1,276.090,-1,526.532,502.345,427.374,-1,697.375,34.196,257.606,1,2,2,0,0,0,0,2,0,2,0,0,0,2,0,1,0
491,4998.011,-6166.197,11.845,-69.900,0.340167,0.844653,-0.413337,-0.929565,0.368462,-0.012060,0.142113,0.388326,0.910498,0,0.36504,1.00000,3.612,0.138,20.236,-1,-1,231.357,262.974,643.302,395.324,-1,275.849,-1,529.517,502.018,426.275,-1,718.993,33.708,253.864,1,2,2,0,0,0,0,2,0,2,0,0,0,2,0,1,0
492,4999.879,-6169.418,12.353,-69.756,0.342386,0.843140,-0.414591,-0.928373,0.371479,-0.011224,0.144549,0.388739,0.909939,0,0.36504,1.00000,3.724,0.144,20.212,-1,-1,227.816,258.645,656.381,405.027,-1,275.471,-1,532.533,501.352,424.735,-1,742.879,33.559,249.984,1,2,2,0,0,0,0,2,0,2,0,0,0,2,0,1,0
493,5001.766,-6172.771,12.865,-69.630,0.344282,0.841744,-0.415857,-0.927229,0.374365,-0.009882,0.147364,0.388997,0.909376,0,0.36504,1.00000,3.847,0.126,25.985,-1,-1,239.556,254.538,671.281,416.202,-1,275.079,-1,535.399,499.857,422.942,-1,771.437,33.331,246.296,1,2,2,0,0,0,0,2,0,2,0,0,0,2,0,1,0
494,5003.669,-6176.335,13.397,-69.501,0.346183,0.840401,-0.416992,-0.925957,0.377548,-0.007815,0.150867,0.388822,0.908876,0,0.53797,1.00000,4.041,0.129,31.987,-1,-1,335.149,250.628,689.445,430.134,-1,274.780,-1,538.154,497.251,420.907,-1,809.087,33.003,242.798,1,2,2,0,0,0,0,2,0,2,0,0,0,2,0,1,0
495,5005.726,-6180.115,14.018,-69.329,0.348718,0.838657,-0.418390,-0.924289,0.381656,-0.005351,0.155193,0.388579,0.908252,0,0.53797,1.00000,4.303,0.172,31.631,-1,-1,355.178,246.468,712.732,447.816,-1,274.520,-1,541.012,493.740,418.422,-1,858.703,32.736,245.283,1,2,2,0,0,0,0,2,0,2,0,0,0,2,0,1,0
496,5007.938,-6184.058,14.756,-69.123,0.351772,0.836578,-0.419993,-0.922319,0.386420,-0.002797,0.159954,0.388351,0.907523,0,0.53797,1.00000,4.521,0.206,32.214,-1,-1,374.231,242.030,739.901,468.495,-1,274.305,-1,543.524,490.106,416.262,-1,918.000,33.309,242.279,1,2,2,0,0,0,0,2,0,2,0,0,0,2,0,1,0
497,5010.264,-6188.059,15.687,-68.916,0.354841,0.834519,-0.421504,-0.920369,0.391050,-0.000586,0.164340,0.388147,0.906826,0,0.53797,1.00000,4.629,0.207,32.868,-1,-1,390.632,237.496,767.087,489.528,-1,274.317,-1,540.329,488.179,414.949,-1,983.158,33.932,239.053,1,2,2,0,0,0,0,2,0,2,0,0,0,2,0,1,0
498,5012.645,-6192.095,16.836,-68.706,0.357996,0.832656,-0.422519,-0.918489,0.395446,0.001076,0.167979,0.387694,0.906353,0,0.53797,1.00000,4.686,0.210,33.417,-1,-1,405.993,232.908,792.456,509.629,-1,274.768,-1,539.494,488.418,415.190,-1,-1,34.445,235.578,1,2,2,0,0,0,0,2,0,2,0,0,0,2,2,1,0
499,5015.084,-6196.237,18.168,-68.483,0.361366,0.830811,-0.423282,-0.916581,0.399842,0.002295,0.171153,0.387143,0.905995,0,0.53797,1.00000,4.807,0.223,33.773,-1,-1,420.625,228.125,816.412,529.788,-1,275.477,-1,540.380,489.174,416.453,-1,-1,34.743,231.734,1,2,2,0,0,0,0,2,0,2,0,0,0,2,2,1,0
