timestep,x_cm,y_cm,z_cm,yaw_deg,basis_xx,basis_xy,basis_xz,basis_yx,basis_yy,basis_yz,basis_zx,basis_zy,basis_zz,teleport_flag,throttle_cmd,steering_cmd,cmd_move_cm,cmd_turn_deg,lidar_cm_0,lidar_cm_1,lidar_cm_2,lidar_cm_3,lidar_cm_4,lidar_cm_5,lidar_cm_6,lidar_cm_7,lidar_cm_8,lidar_cm_9,lidar_cm_10,lidar_cm_11,lidar_cm_12,lidar_cm_13,lidar_cm_14,lidar_cm_15,lidar_cm_16,lidar_class_0,lidar_class_1,lidar_class_2,lidar_class_3,lidar_class_4,lidar_class_5,lidar_class_6,lidar_class_7,lidar_class_8,lidar_class_9,lidar_class_10,lidar_class_11,lidar_class_12,lidar_class_13,lidar_class_14,lidar_class_15,lidar_class_16
0,-6176.036,-3196.238,-343.509,-132.681,-0.677482,0.733232,0.058221,-0.734675,-0.678399,-0.005243,0.035653,-0.046326,0.998290,0,0.37826,0.78129,0.308,0.009,13.811,585.943,-1,747.539,-1,524.188,562.499,598.246,606.950,-1,-1,-1,-1,-1,-1,28.788,-1,1,0,2,0,2,0,0,0,0,2,2,2,2,2,2,1,2
1,-6176.001,-3196.674,-340.781,-132.666,-0.677173,0.733167,0.062483,-0.734718,-0.678367,-0.002805,0.040330,-0.047807,0.998042,0,0.37826,0.78129,0.437,0.015,11.989,603.028,-1,771.018,-1,538.889,578.000,604.816,617.925,-1,-1,-1,-1,-1,-1,10.856,-1,1,0,2,0,2,0,0,0,0,2,2,2,2,2,2,1,2
2,-6176.174,-3197.362,-339.141,-132.651,-0.676839,0.733023,0.067569,-0.734736,-0.678353,-0.000732,0.045299,-0.050141,0.997714,0,0.37826,0.78129,0.709,0.015,-1,617.510,-1,793.651,-1,551.735,591.997,604.762,628.012,-1,-1,-1,-1,-1,-1,-1,-1,2,0,2,0,2,0,0,0,0,2,2,2,2,2,2,2,2
3,-6176.516,-3198.272,-338.607,-132.636,-0.676478,0.732801,0.073358,-0.734746,-0.678342,0.000679,0.050260,-0.053440,0.997305,0,0.37826,0.78129,0.972,0.016,-1,628.451,-1,814.560,-1,562.064,603.848,597.813,637.220,-1,-1,-1,-1,-1,-1,-1,-1,2,0,2,0,2,0,0,0,0,2,2,2,2,2,2,2,2
4,-6177.015,-3199.417,-339.119,-132.622,-0.676140,0.732434,0.079851,-0.734724,-0.678366,0.001030,0.054922,-0.057972,0.996806,0,0.37826,0.78129,1.249,0.013,-1,634.966,-1,833.355,-1,569.309,613.080,583.677,646.569,-1,999.306,-1,-1,-1,-1,-1,-1,2,0,2,0,2,0,0,0,0,2,0,2,2,2,2,2,2
5,-6177.594,-3200.756,-340.466,-132.605,-0.675790,0.732080,0.085825,-0.734795,-0.678289,-0.000065,0.058166,-0.063108,0.996310,0,0.37826,0.78129,1.458,0.018,-1,635.174,-1,846.021,-1,571.643,617.564,565.174,655.174,968.122,974.858,-1,-1,-1,-1,-1,-1,2,0,2,0,2,0,0,0,0,0,0,2,2,2,2,2,2
6,-6178.259,-3202.203,-342.138,-132.564,-0.675238,0.732244,0.088721,-0.735253,-0.677790,-0.001844,0.058784,-0.066477,0.996055,0,0.37826,0.78129,1.593,0.041,13.508,629.182,-1,846.362,-1,568.007,615.233,550.253,658.889,940.316,964.851,1001.223,-1,-1,-1,26.619,-1,1,0,2,0,2,0,0,0,0,0,0,0,2,2,2,1,2
7,-6179.089,-3203.690,-343.823,-132.508,-0.674609,0.732925,0.087885,-0.735995,-0.676976,-0.003822,0.056695,-0.067261,0.996123,0,0.37826,0.78129,1.703,0.055,13.567,618.413,-1,833.963,-1,559.183,606.528,541.673,656.451,939.078,969.844,1007.383,-1,-1,-1,32.835,-1,1,0,2,0,2,0,0,0,0,0,0,0,2,2,2,1,2
8,-6180.151,-3205.199,-345.339,-132.448,-0.673996,0.733996,0.083548,-0.736870,-0.676012,-0.005468,0.052466,-0.065249,0.996489,0,0.37826,0.78129,1.845,0.060,13.624,605.135,-1,811.716,-1,547.020,593.279,541.176,647.923,961.827,988.333,-1,-1,-1,-1,31.568,-1,1,0,2,0,2,0,0,0,0,0,0,2,2,2,2,1,2
9,-6181.542,-3206.719,-346.595,-132.407,-0.673644,0.735057,0.076777,-0.737552,-0.675259,-0.006435,0.047114,-0.060962,0.997028,0,0.37826,0.78129,2.060,0.041,13.621,591.836,-1,785.138,-1,533.956,578.224,547.895,635.003,-1,-1,-1,-1,-1,-1,31.629,-1,1,0,2,0,2,0,0,0,0,2,2,2,2,2,2,1,2
10,-6183.298,-3208.306,-347.570,-132.385,-0.673524,0.735958,0.068784,-0.737987,-0.674785,-0.006378,0.041720,-0.055057,0.997611,0,0.37826,0.78129,2.367,0.022,13.599,580.625,-1,758.775,-1,522.080,563.822,559.813,619.285,-1,-1,-1,-1,-1,-1,32.089,-1,1,0,2,0,2,0,0,0,0,2,2,2,2,2,2,1,2
11,-6185.427,-3210.102,-348.296,-132.367,-0.673406,0.736764,0.060858,-0.738334,-0.674416,-0.005149,0.037250,-0.048401,0.998133,0,0.39580,0.78747,2.785,0.018,13.593,572.861,-1,736.342,-1,512.852,551.924,575.257,603.051,-1,-1,-1,-1,-1,-1,32.217,-1,1,0,2,0,2,0,0,0,0,2,2,2,2,2,2,1,2
12,-6187.903,-3212.273,-348.806,-132.338,-0.673113,0.737564,0.054024,-0.738746,-0.673978,-0.002929,0.034250,-0.041882,0.998535,0,0.39580,0.78747,3.293,0.028,13.602,568.897,-1,719.814,-1,506.847,543.439,592.082,588.168,-1,-1,-1,-1,-1,-1,32.034,-1,1,0,2,0,2,0,0,0,0,2,2,2,2,2,2,1,2
13,-6190.641,-3214.853,-349.100,-132.301,-0.672669,0.738346,0.048606,-0.739238,-0.673445,-0.000562,0.032318,-0.036309,0.998818,0,0.39580,0.78747,3.762,0.038,13.614,567.214,-1,707.987,-1,503.100,537.625,608.132,575.844,-1,-1,-1,-1,-1,-1,31.790,-1,1,0,2,0,2,0,0,0,0,2,2,2,2,2,2,1,2
14,-6193.565,-3217.830,-349.149,-132.256,-0.672125,0.739093,0.044610,-0.739795,-0.672831,0.001127,0.030849,-0.032245,0.999004,0,0.39580,0.78747,4.173,0.045,13.627,566.136,-1,699.528,-1,500.453,533.468,623.117,567.690,-1,-1,-1,-1,-1,-1,31.533,-1,1,0,2,0,2,0,0,0,0,2,2,2,2,2,2,1,2
15,-6196.663,-3221.218,-348.959,-132.209,-0.671542,0.739773,0.042041,-0.740371,-0.672196,0.001939,0.029694,-0.029824,0.999114,0,0.39580,0.78747,4.591,0.047,13.638,565.232,-1,693.890,-1,498.600,530.685,633.308,563.725,-1,-1,-1,-1,-1,-1,31.305,-1,1,0,2,0,2,0,0,0,0,2,2,2,2,2,2,1,2
16,-6199.934,-3225.019,-348.563,-132.159,-0.670913,0.740410,0.040844,-0.740972,-0.671533,0.002022,0.028926,-0.028908,0.999163,0,0.39580,0.78747,5.015,0.050,13.649,564.663,-1,691.127,-1,497.596,529.286,638.723,563.468,-1,-1,-1,-1,-1,-1,31.110,-1,1,0,2,0,2,0,0,0,0,2,2,2,2,2,2,1,2
17,-6203.390,-3229.229,-348.015,-132.106,-0.670226,0.741025,0.040974,-0.741599,-0.670841,0.001715,0.028758,-0.029237,0.999159,0,0.39580,0.78747,5.447,0.053,13.658,564.931,-1,691.380,-1,497.725,529.472,640.021,566.249,-1,-1,-1,-1,-1,-1,30.949,-1,1,0,2,0,2,0,0,0,0,2,2,2,2,2,2,1,2
18,-6207.051,-3233.839,-347.380,-132.049,-0.669470,0.741629,0.042396,-0.742256,-0.670115,0.001371,0.029427,-0.030551,0.999100,0,0.39580,0.78747,5.887,0.057,13.665,566.561,-1,694.867,-1,499.303,531.476,637.976,571.432,-1,-1,-1,-1,-1,-1,30.826,-1,1,0,2,0,2,0,0,0,0,2,2,2,2,2,2,1,2
19,-6210.906,-3238.842,-346.738,-131.982,-0.668576,0.742284,0.044958,-0.742999,-0.669292,0.001180,0.030966,-0.032615,0.998988,0,0.39580,0.78747,6.316,0.067,13.652,569.571,-1,701.288,-1,502.257,535.141,633.247,578.393,-1,-1,-1,-1,-1,-1,31.062,-1,1,0,2,0,2,0,0,0,0,2,2,2,2,2,2,1,2
20,-6214.892,-3244.147,-346.175,-131.910,-0.667604,0.742945,0.048343,-0.743784,-0.668419,0.000944,0.033015,-0.035327,0.998830,0,0.39580,0.78747,6.636,0.072,13.794,573.036,-1,709.660,-1,505.806,539.656,625.890,586.699,-1,-1,-1,-1,-1,-1,28.980,-1,1,0,2,0,2,0,0,0,0,2,2,2,2,2,2,1,2
21,-6219.079,-3249.673,-345.683,-131.857,-0.666847,0.743326,0.052736,-0.744332,-0.667809,0.000838,0.035841,-0.038694,0.998608,0,0.39580,0.78747,6.932,0.053,13.649,577.639,-1,721.269,-1,510.532,545.630,616.009,596.430,-1,-1,-1,-1,-1,-1,31.118,-1,1,0,2,0,2,0,0,0,0,2,2,2,2,2,2,1,2
22,-6223.399,-3255.317,-345.146,-131.809,-0.666147,0.743657,0.056767,-0.744806,-0.667279,0.001356,0.038888,-0.041377,0.998387,0,0.39580,0.78747,7.108,0.048,13.562,583.384,-1,733.361,-1,515.925,552.060,609.180,604.964,-1,-1,-1,-1,-1,-1,32.956,-1,1,0,2,0,2,0,0,0,0,2,2,2,2,2,2,1,2
23,-6227.830,-3261.065,-344.520,-131.748,-0.665285,0.744205,0.059622,-0.745430,-0.666580,0.002499,0.041603,-0.042782,0.998218,0,0.39580,0.78747,7.258,0.061,13.460,589.576,-1,743.643,-1,521.138,557.850,607.544,609.568,-1,-1,-1,-1,-1,-1,36.194,-1,1,0,2,0,2,0,0,0,0,2,2,2,2,2,2,1,2
24,-6232.349,-3266.943,-343.840,-131.665,-0.664146,0.745108,0.061023,-0.746333,-0.665561,0.003932,0.043544,-0.042931,0.998129,0,0.39580,0.78747,7.414,0.083,13.404,595.028,-1,750.502,-1,525.213,562.008,610.684,611.811,-1,-1,-1,-1,-1,-1,38.960,-1,1,0,2,0,2,0,0,0,0,2,2,2,2,2,2,1,2
25,-6236.956,-3272.942,-343.181,-131.565,-0.662810,0.746290,0.061110,-0.747469,-0.664277,0.005118,0.044413,-0.042286,0.998118,0,0.39580,0.78747,7.564,0.101,13.372,598.456,-1,753.128,-1,527.312,563.838,616.507,612.347,-1,-1,-1,-1,-1,-1,38.802,-1,1,0,2,0,2,0,0,0,0,2,2,2,2,2,2,1,2
26,-6241.634,-3279.022,-342.603,-131.456,-0.661403,0.747617,0.060127,-0.748737,-0.662843,0.005586,0.044031,-0.041325,0.998175,0,0.39580,0.78747,7.671,0.109,13.334,600.076,-1,751.256,-1,526.892,562.916,622.952,611.943,-1,-1,-1,-1,-1,-1,37.327,-1,1,0,2,0,2,0,0,0,0,2,2,2,2,2,2,1,2
27,-6246.365,-3285.170,-342.175,-131.339,-0.659910,0.749082,0.058275,-0.750132,-0.661265,0.005523,0.042672,-0.040069,0.998285,0,0.25702,0.46774,7.758,0.117,13.326,598.829,-1,745.593,-1,524.315,559.744,629.208,610.515,-1,-1,-1,-1,-1,-1,37.254,-1,1,0,2,0,2,0,0,0,0,2,2,2,2,2,2,1,2
28,-6251.134,-3291.355,-341.944,-131.217,-0.658367,0.750623,0.055831,-0.751591,-0.659608,0.005262,0.040776,-0.038498,0.998426,0,0.25702,0.46774,7.810,0.122,13.324,595.772,-1,737.421,-1,520.334,555.084,635.039,607.960,-1,-1,-1,-1,-1,-1,38.023,-1,1,0,2,0,2,0,0,0,0,2,2,2,2,2,2,1,2
29,-6255.959,-3297.586,-341.907,-131.094,-0.656803,0.752184,0.053189,-0.753063,-0.657929,0.005061,0.038801,-0.036731,0.998572,0,0.25702,0.46774,7.881,0.123,13.318,592.080,-1,728.337,-1,515.819,549.773,640.809,604.580,-1,-1,-1,-1,-1,-1,39.097,-1,1,0,2,0,2,0,0,0,0,2,2,2,2,2,2,1,2
30,-6260.825,-3303.854,-341.996,-130.972,-0.655238,0.753724,0.050626,-0.754518,-0.656260,0.004946,0.036952,-0.034958,0.998705,0,0.25702,0.46774,7.936,0.122,13.310,588.366,-1,719.367,-1,511.283,544.454,646.161,600.934,-1,-1,-1,-1,-1,-1,40.853,-1,1,0,2,0,2,0,0,0,0,2,2,2,2,2,2,1,2
31,-6265.745,-3310.222,-342.159,-130.840,-0.653531,0.755368,0.048130,-0.756059,-0.654481,0.005537,0.035683,-0.032771,0.998826,0,0.25702,0.46774,8.047,0.132,13.308,586.317,-1,711.545,-1,507.693,539.979,652.943,596.441,-1,-1,-1,-1,-1,-1,42.195,-1,1,0,2,0,2,0,0,0,0,2,2,2,2,2,2,1,2
32,-6270.744,-3316.727,-342.358,-130.695,-0.651632,0.757153,0.045771,-0.757716,-0.652546,0.007079,0.035227,-0.030069,0.998927,0,0.25702,0.46774,8.203,0.144,13.309,586.706,-1,705.491,-1,505.533,536.805,661.821,590.482,-1,-1,-1,-1,-1,-1,42.940,-1,1,0,2,0,2,0,0,0,0,2,2,2,2,2,2,1,2
33,-6275.820,-3323.367,-342.535,-130.546,-0.649656,0.758979,0.043570,-0.759405,-0.650553,0.009278,0.035386,-0.027060,0.999007,0,0.25702,0.46774,8.358,0.149,13.313,588.973,-1,700.978,-1,504.547,534.735,672.319,584.047,-1,-1,-1,-1,-1,-1,43.237,-1,1,0,2,0,2,0,0,0,0,2,2,2,2,2,2,1,2
34,-6280.886,-3330.102,-342.700,-130.409,-0.647821,0.760686,0.041040,-0.760946,-0.648700,0.012190,0.035895,-0.023332,0.999083,0,0.25702,0.46774,8.427,0.137,13.324,592.824,-1,696.878,-1,504.390,533.215,688.989,576.463,-1,-1,-1,-1,-1,-1,43.058,-1,1,0,2,0,2,0,0,0,0,2,2,2,2,2,2,1,2
35,-6286.013,-3336.808,-342.785,-130.269,-0.645948,0.762399,0.038720,-0.762520,-0.646798,0.014714,0.036262,-0.020020,0.999142,0,0.25702,0.46774,8.442,0.140,13.289,596.235,-1,693.083,-1,504.384,531.694,705.065,569.917,-1,-1,-1,-1,-1,-1,42.518,-1,1,0,2,0,2,0,0,0,0,2,2,2,2,2,2,1,2
36,-6291.073,-3343.518,-342.757,-130.092,-0.643581,0.764512,0.036401,-0.764507,-0.644390,0.017077,0.036512,-0.016838,0.999191,0,0.25702,0.46774,8.403,0.177,13.298,599.612,-1,689.622,-1,504.350,530.169,721.847,563.745,-1,-1,-1,-1,-1,-1,44.037,-1,1,0,2,0,2,0,0,0,0,2,2,2,2,2,2,1,2
37,-6295.897,-3350.134,-342.500,-129.863,-0.640497,0.767175,0.034728,-0.767035,-0.641290,0.020117,0.037704,-0.013753,0.999194,0,0.26366,0.75574,8.188,0.229,13.329,606.225,-1,689.545,15.043,506.505,530.823,739.213,558.472,-1,-1,-1,-1,-1,-1,45.486,23.290,1,0,2,0,1,0,0,0,0,2,2,2,2,2,2,1,1
38,-6300.445,-3356.795,-341.737,-129.594,-0.636787,0.770204,0.035894,-0.769921,-0.637681,0.024186,0.041517,-0.012234,0.999063,0,0.26366,0.75574,8.065,0.269,13.371,620.680,-1,699.891,14.923,514.442,537.717,751.200,557.630,-1,-1,-1,-1,-1,-1,41.271,23.498,1,0,2,0,1,0,0,0,0,2,2,2,2,2,2,1,1
39,-6304.796,-3363.568,-340.549,-129.313,-0.632857,0.773270,0.039314,-0.772833,-0.633959,0.028710,0.047123,-0.012214,0.998814,0,0.26366,0.75574,8.051,0.280,13.373,643.229,-1,718.454,14.922,526.687,549.368,759.935,560.765,-1,-1,-1,-1,-1,-1,41.199,23.503,1,0,2,0,1,0,0,0,0,2,2,2,2,2,2,1,1
40,-6308.979,-3370.418,-339.235,-129.040,-0.629007,0.776203,0.043127,-0.775643,-0.630346,0.032269,0.052232,-0.013154,0.998548,0,0.26366,0.75574,8.026,0.273,13.272,665.346,-1,737.420,-1,538.388,560.799,764.185,565.966,-1,-1,-1,-1,-1,-1,38.740,-1,1,0,2,0,2,0,0,0,0,2,2,2,2,2,2,1,2
41,-6312.985,-3377.331,-338.113,-128.769,-0.625233,0.779069,0.046204,-0.778489,-0.626759,0.033578,0.055118,-0.014975,0.998368,0,0.26366,0.75574,7.989,0.271,13.341,678.777,-1,750.212,-1,545.236,568.481,761.691,572.176,-1,-1,-1,-1,-1,-1,31.555,-1,1,0,2,0,2,0,0,0,0,2,2,2,2,2,2,1,2
42,-6316.804,-3384.331,-337.414,-128.491,-0.621451,0.781957,0.048402,-0.781509,-0.623074,0.031974,0.055161,-0.017957,0.998316,0,0.26366,0.75574,7.975,0.278,13.385,679.540,-1,753.852,-1,545.158,569.530,749.619,579.336,-1,-1,-1,-1,-1,-1,19.199,-1,1,0,2,0,2,0,0,0,0,2,2,2,2,2,2,1,2
43,-6320.628,-3391.308,-337.117,-128.265,-0.618420,0.784251,0.050068,-0.784048,-0.620060,0.028190,0.053153,-0.021822,0.998348,0,0.26366,0.75574,7.956,0.227,13.361,670.688,-1,750.497,-1,539.942,565.625,732.208,587.101,-1,-1,-1,-1,-1,-1,28.604,-1,1,0,2,0,2,0,0,0,0,2,2,2,2,2,2,1,2
44,-6324.526,-3398.320,-337.129,-128.059,-0.615684,0.786360,0.050698,-0.786360,-0.617275,0.024672,0.050696,-0.024677,0.998409,0,0.26366,0.75574,8.023,0.205,13.396,660.435,-1,744.149,-1,533.345,559.925,718.686,591.747,-1,-1,-1,-1,-1,-1,34.028,-1,1,0,2,0,2,0,0,0,0,2,2,2,2,2,2,1,2
45,-6328.556,-3405.428,-337.420,-127.845,-0.612801,0.788655,0.049994,-0.788731,-0.614312,0.022894,0.048767,-0.025402,0.998487,0,0.26366,0.75574,8.170,0.214,13.430,653.361,-1,736.424,-1,527.506,554.232,713.735,591.856,-1,-1,-1,-1,-1,-1,37.207,-1,1,0,2,0,2,0,0,0,0,2,2,2,2,2,2,1,2
46,-6332.766,-3412.619,-337.916,-127.617,-0.609689,0.791187,0.047996,-0.791208,-0.611109,0.023135,0.047635,-0.023870,0.998580,0,0.26366,0.75574,8.333,0.228,13.459,650.589,-1,728.277,-1,523.528,549.195,718.101,587.305,-1,-1,-1,-1,-1,-1,38.871,-1,1,0,2,0,2,0,0,0,0,2,2,2,2,2,2,1,2
47,-6337.149,-3419.868,-338.528,-127.378,-0.606400,0.793896,0.044812,-0.793769,-0.607709,0.024899,0.047000,-0.020471,0.998685,0,0.26366,0.75574,8.472,0.239,13.486,650.973,-1,719.475,-1,520.859,544.420,730.676,579.142,-1,-1,-1,-1,-1,-1,39.546,-1,1,0,2,0,2,0,0,0,0,2,2,2,2,2,2,1,2
48,-6341.667,-3427.171,-339.188,-127.133,-0.603020,0.796695,0.040558,-0.796373,-0.604178,0.027542,0.046447,-0.015690,0.998798,0,0.26366,0.75574,8.587,0.245,13.506,652.905,-1,709.484,-1,518.502,539.431,752.976,568.529,-1,-1,-1,-1,-1,-1,39.669,-1,1,0,2,0,2,0,0,0,0,2,2,2,2,2,2,1,2
49,-6346.254,-3434.476,-339.837,-126.892,-0.599682,0.799450,0.035508,-0.798946,-0.600645,0.030169,0.045447,-0.010277,0.998914,0,0.26366,0.75574,8.626,0.242,13.522,653.968,-1,697.715,-1,515.393,533.514,781.626,557.028,-1,-1,-1,-1,-1,-1,39.729,-1,1,0,2,0,2,0,0,0,0,2,2,2,2,2,2,1,2
50,-6350.829,-3441.798,-340.375,-126.646,-0.596308,0.802186,0.030259,-0.801571,-0.597051,0.031828,0.043598,-0.005275,0.999035,0,0.26366,0.75574,8.634,0.245,13.516,652.230,-1,684.389,-1,510.912,526.350,806.678,546.668,-1,-1,-1,-1,-1,-1,40.264,-1,1,0,2,0,2,0,0,0,0,2,2,2,2,2,2,1,2
51,-6355.402,-3449.218,-340.789,-126.399,-0.592895,0.804881,0.025331,-0.804215,-0.593436,0.032749,0.041391,-0.000955,0.999143,0,0.26366,0.75574,8.716,0.247,13.515,649.084,-1,671.332,-1,505.947,518.989,821.379,537.906,-1,-1,-1,-1,-1,-1,41.087,-1,1,0,2,0,2,0,0,0,0,2,2,2,2,2,2,1,2
52,-6359.958,-3456.772,-341.066,-126.148,-0.589420,0.807558,0.020843,-0.806876,-0.589782,0.033289,0.039175,0.002804,0.999228,0,0.26366,0.75574,8.822,0.251,13.508,645.857,-1,659.319,-1,501.255,512.095,834.029,530.775,-1,-1,-1,-1,-1,-1,41.934,-1,1,0,2,0,2,0,0,0,0,2,2,2,2,2,2,1,2
53,-6364.500,-3464.472,-341.185,-125.893,-0.585862,0.810238,0.016743,-0.809559,-0.586069,0.033724,0.037137,0.006203,0.999291,0,0.26366,0.75574,8.940,0.255,13.501,643.455,-1,648.595,-1,497.297,506.018,845.650,524.599,-1,-1,-1,-1,-1,-1,42.572,-1,1,0,2,0,2,0,0,0,0,2,2,2,2,2,2,1,2
54,-6369.029,-3472.330,-341.158,-125.628,-0.582164,0.812969,0.012903,-0.812304,-0.582230,0.034192,0.035309,0.009424,0.999332,0,0.26366,0.75574,9.069,0.264,13.501,642.481,-1,639.220,-1,494.119,500.723,857.424,519.075,-1,-1,-1,-1,-1,-1,42.263,-1,1,0,2,0,2,0,0,0,0,2,2,2,2,2,2,1,2
55,-6373.528,-3480.328,-341.033,-125.352,-0.578272,0.815794,0.009108,-0.815155,-0.578206,0.034642,0.033526,0.012608,0.999358,0,0.26366,0.75574,9.176,0.277,13.517,642.129,-1,630.415,-1,491.288,495.751,869.648,513.931,-1,-1,-1,-1,-1,-1,42.022,-1,1,0,2,0,2,0,0,0,0,2,2,2,2,2,2,1,2
56,-6378.089,-3488.400,-340.804,-125.077,-0.574377,0.818572,0.005565,-0.817946,-0.574180,0.035786,0.032489,0.016003,0.999344,0,0.26366,0.75574,9.271,0.275,13.631,644.880,-1,623.872,-1,490.220,492.352,883.408,508.827,-1,-1,-1,-1,-1,-1,43.047,-1,1,0,2,0,2,0,0,0,0,2,2,2,2,2,2,1,2
57,-6382.660,-3496.565,-340.498,-124.795,-0.570350,0.821399,0.002084,-0.820769,-0.570009,0.037797,0.032234,0.019847,0.999283,0,0.26366,0.75574,9.358,0.282,13.905,651.095,-1,619.308,-1,490.946,490.442,899.589,503.355,-1,-1,-1,-1,-1,-1,42.349,-1,1,0,2,0,2,0,0,0,0,2,2,2,2,2,2,1,2
58,-6387.082,-3504.641,-340.100,-124.500,-0.566135,0.824311,-0.001679,-0.823719,-0.565649,0.039092,0.031274,0.023515,0.999234,0,-0.04064,1.00000,9.207,0.295,19.265,655.143,-1,613.357,-1,490.505,488.337,915.628,498.399,-1,-1,-1,-1,-1,-1,40.054,-1,1,0,2,0,2,0,0,0,0,2,2,2,2,2,2,1,2
59,-6391.086,-3512.470,-339.646,-124.154,-0.561190,0.827661,-0.006624,-0.827194,-0.560561,0.039012,0.028575,0.027372,0.999217,0,-0.04064,1.00000,8.793,0.346,19.374,653.815,-1,602.969,-1,486.899,483.071,932.535,493.255,-1,-1,-1,-1,-1,-1,39.488,-1,1,0,2,0,2,0,0,0,0,2,2,2,2,2,2,1,2
60,-6394.801,-3520.090,-339.200,-123.793,-0.556024,0.831079,-0.012070,-0.830797,-0.555286,0.037855,0.024758,0.031076,0.999210,0,-0.04064,1.00000,8.477,0.361,17.864,648.567,-1,590.142,-1,481.188,475.793,948.930,488.440,-1,-1,-1,-1,-1,-1,39.072,-1,1,0,2,0,2,0,0,0,0,2,2,2,2,2,2,1,2
61,-6398.306,-3527.498,-338.807,-123.439,-0.550934,0.834366,-0.017466,-0.834299,-0.550137,0.035980,0.020411,0.034394,0.999200,0,-0.04064,1.00000,8.195,0.354,16.982,641.008,-1,576.760,-1,474.407,467.659,960.196,484.451,-1,-1,-1,-1,-1,-1,39.370,-1,1,0,2,0,2,0,0,0,0,2,2,2,2,2,2,1,2
62,-6401.493,-3534.786,-338.376,-123.075,-0.545662,0.837708,-0.022305,-0.837835,-0.544822,0.034669,0.016890,0.037605,0.999150,0,-0.04064,1.00000,7.954,0.364,15.845,636.323,-1,565.577,12.295,469.489,461.280,967.537,480.868,-1,-1,-1,-1,-1,-1,39.956,9.391,1,0,2,0,1,0,0,0,0,2,2,2,2,2,2,1,1
63,-6404.452,-3541.968,-337.832,-122.723,-0.540509,0.840967,-0.024991,-0.841190,-0.539618,0.034804,0.015784,0.039834,0.999082,0,-0.04064,1.00000,7.768,0.352,15.516,638.430,-1,561.996,17.027,469.652,459.743,973.201,478.888,-1,-1,-1,-1,-1,-1,39.892,22.179,1,0,2,0,1,0,0,0,0,2,2,2,2,2,2,1,1
64,-6407.311,-3548.962,-337.207,-122.400,-0.535742,0.844003,-0.025284,-0.844205,-0.534779,0.036455,0.017247,0.040876,0.999015,0,-0.04064,1.00000,7.556,0.323,15.211,647.698,-1,565.982,16.952,474.885,463.239,976.647,479.081,-1,-1,-1,-1,-1,-1,39.976,22.177,1,0,2,0,1,0,0,0,0,2,2,2,2,2,2,1,1
65,-6410.000,-3555.746,-336.593,-122.096,-0.531222,0.846893,-0.023998,-0.846986,-0.530170,0.039178,0.020457,0.041139,0.998944,0,-0.04064,1.00000,7.297,0.304,15.016,662.795,-1,574.899,8.709,483.391,470.065,978.599,480.565,-1,-1,-1,-1,-1,-1,38.740,22.179,1,0,2,0,1,0,0,0,0,2,2,2,2,2,2,1,1
66,-6412.508,-3562.300,-336.120,-121.807,-0.526900,0.849649,-0.021734,-0.849578,-0.525779,0.042120,0.024360,0.040658,0.998876,0,-0.04064,1.00000,7.017,0.289,14.861,679.227,-1,585.903,-1,492.889,478.077,978.701,482.915,-1,-1,-1,-1,-1,-1,37.016,16.241,1,0,2,0,2,0,0,0,0,2,2,2,2,2,2,1,1
67,-6414.857,-3568.602,-335.878,-121.536,-0.522831,0.852228,-0.018843,-0.851969,-0.521684,0.044660,0.028231,0.039404,0.998824,0,-0.04064,1.00000,6.726,0.270,14.743,694.123,-1,597.032,-1,501.711,485.761,976.645,485.922,-1,-1,-1,-1,-1,-1,35.985,-1,1,0,2,0,2,0,0,0,0,2,2,2,2,2,2,1,2
68,-6417.031,-3574.639,-335.895,-121.282,-0.518984,0.854638,-0.015762,-0.854200,-0.517861,0.046502,0.031580,0.037598,0.998794,0,-0.04064,1.00000,6.416,0.255,14.647,705.752,-1,606.750,-1,508.782,492.051,972.804,489.165,-1,-1,-1,-1,-1,-1,36.007,-1,1,0,2,0,2,0,0,0,0,2,2,2,2,2,2,1,2
69,-6419.045,-3580.399,-336.127,-121.044,-0.515393,0.856861,-0.012668,-0.856270,-0.514334,0.047551,0.034229,0.035355,0.998788,0,-0.04064,1.00000,6.102,0.238,14.715,713.057,-1,614.500,-1,513.782,496.968,967.534,492.555,-1,-1,-1,-1,-1,-1,36.982,-1,1,0,2,0,2,0,0,0,0,2,2,2,2,2,2,1,2
70,-6420.948,-3585.920,-336.533,-120.825,-0.512071,0.858890,-0.009566,-0.858165,-0.511102,0.048242,0.036546,0.032913,0.998790,0,-0.04064,1.00000,5.841,0.219,14.922,718.148,-1,621.141,-1,517.602,501.248,961.556,495.862,-1,-1,-1,-1,-1,-1,38.419,-1,1,0,2,0,2,0,0,0,0,2,2,2,2,2,2,1,2
71,-6422.735,-3591.219,-337.038,-120.616,-0.508896,0.860803,-0.006547,-0.859955,-0.508023,0.048878,0.038748,0.030504,0.998783,0,-0.04064,1.00000,5.592,0.209,15.334,722.887,-1,627.608,-1,520.941,505.062,955.511,498.917,-1,-1,-1,-1,-1,-1,39.892,-1,1,0,2,0,2,0,0,0,0,2,2,2,2,2,2,1,2
72,-6424.388,-3596.267,-337.539,-120.420,-0.505908,0.862580,-0.003529,-0.861621,-0.505143,0.049398,0.040827,0.028032,0.998773,0,-0.04064,1.00000,5.311,0.196,17.421,727.295,-1,634.185,-1,523.963,508.727,949.066,502.099,-1,-1,-1,-1,-1,-1,41.084,-1,1,0,2,0,2,0,0,0,0,2,2,2,2,2,2,1,2
73,-6425.898,-3601.095,-337.966,-120.222,-0.502894,0.864348,-0.000629,-0.863279,-0.502236,0.050088,0.042977,0.025732,0.998745,0,-0.04064,1.00000,5.059,0.197,25.101,732.518,-1,641.167,-1,527.401,512.852,939.432,505.220,-1,-1,-1,-1,-1,-1,41.934,-1,1,0,2,0,2,0,0,0,0,2,2,2,2,2,2,1,2
74,-6427.259,-3605.737,-338.276,-120.011,-0.499644,0.866228,0.002132,-0.865042,-0.499085,0.051147,0.045369,0.023711,0.998689,0,-0.04064,1.00000,4.837,0.212,41.220,739.621,-1,649.171,-1,531.797,517.807,931.306,508.208,-1,-1,-1,-1,-1,-1,42.433,-1,1,0,2,0,2,0,0,0,0,2,2,2,2,2,2,1,2
75,-6428.477,-3610.184,-338.417,-119.788,-0.496233,0.868179,0.004301,-0.866875,-0.495748,0.052542,0.047748,0.022345,0.998609,0,-0.04064,1.00000,4.610,0.222,41.667,748.325,-1,657.265,-1,537.121,523.116,926.260,510.561,-1,-1,-1,-1,-1,-1,42.897,-1,1,0,2,0,2,0,0,0,0,2,2,2,2,2,2,1,2
76,-6429.617,-3614.367,-338.321,-119.571,-0.492890,0.870075,0.005332,-0.868682,-0.492431,0.053889,0.049513,0.021929,0.998533,0,-0.04064,1.00000,4.336,0.218,41.441,756.849,-1,663.446,-1,541.978,527.573,925.439,511.863,-1,-1,-1,-1,-1,-1,42.666,-1,1,0,2,0,2,0,0,0,0,2,2,2,2,2,2,1,2
77,-6430.718,-3618.257,-338.018,-119.364,-0.489736,0.871854,0.005330,-0.870411,-0.489261,0.054853,0.050432,0.022224,0.998480,0,-0.04064,1.00000,4.042,0.206,40.752,763.731,-1,667.039,-1,545.619,530.590,927.788,512.390,-1,-1,-1,-1,-1,-1,41.982,-1,1,0,2,0,2,0,0,0,0,2,2,2,2,2,2,1,2
78,-6431.810,-3621.886,-337.578,-119.176,-0.486866,0.873464,0.004649,-0.872005,-0.486348,0.055443,0.050688,0.022939,0.998451,0,-0.04064,1.00000,3.790,0.188,39.043,768.943,-1,668.617,-1,548.165,532.412,932.043,512.462,-1,-1,-1,-1,-1,-1,40.842,-1,1,0,2,0,2,0,0,0,0,2,2,2,2,2,2,1,2
79,-6432.810,-3625.310,-337.087,-118.982,-0.483922,0.875105,0.003351,-0.873655,-0.483334,0.055812,0.050461,0.024081,0.998436,0,-0.04064,1.00000,3.567,0.194,38.252,773.005,-1,668.416,-1,549.820,533.198,937.939,511.915,-1,-1,-1,-1,-1,-1,39.985,-1,1,0,2,0,2,0,0,0,0,2,2,2,2,2,2,1,2
80,-6433.750,-3628.547,-336.628,-118.797,-0.481102,0.876663,0.001761,-0.875243,-0.480435,0.055969,0.049912,0.025386,0.998431,0,-0.04064,1.00000,3.371,0.186,37.366,775.784,-1,666.933,-1,550.641,533.127,943.379,510.997,-1,-1,-1,-1,-1,-1,39.050,-1,1,0,2,0,2,0,0,0,0,2,2,2,2,2,2,1,2
81,-6434.642,-3631.636,-336.256,-118.620,-0.478417,0.878133,0.000187,-0.876750,-0.477676,0.055986,0.049252,0.026621,0.998432,0,-0.04064,1.00000,3.215,0.177,36.634,777.908,-1,664.890,-1,550.918,532.575,946.136,509.981,-1,-1,-1,-1,-1,-1,38.259,-1,1,0,2,0,2,0,0,0,0,2,2,2,2,2,2,1,2
82,-6435.481,-3634.607,-336.013,-118.450,-0.475834,0.879534,-0.001256,-0.878191,-0.475028,0.055934,0.048599,0.027719,0.998434,0,-0.04064,1.00000,3.088,0.170,36.066,779.340,-1,662.584,-1,550.803,531.711,948.380,508.899,-1,-1,-1,-1,-1,-1,37.637,-1,1,0,2,0,2,0,0,0,0,2,2,2,2,2,2,1,2
83,-6436.279,-3637.784,-335.877,-118.263,-0.472959,0.881081,-0.002300,-0.879724,-0.472082,0.056773,0.048936,0.028874,0.998384,0,0.45691,0.87584,3.276,0.187,35.149,784.871,-1,662.916,-1,552.748,532.758,950.584,507.614,-1,-1,-1,-1,-1,-1,36.614,-1,1,0,2,0,2,0,0,0,0,2,2,2,2,2,2,1,2
84,-6437.146,-3641.598,-335.831,-118.036,-0.469417,0.882974,-0.002177,-0.881494,-0.468484,0.059091,0.051156,0.029657,0.998250,0,0.45691,0.87584,3.911,0.227,33.275,798.274,-1,669.160,-1,558.905,537.906,951.952,506.969,-1,-1,-1,-1,-1,-1,34.593,-1,1,0,2,0,2,0,0,0,0,2,2,2,2,2,2,1,2
85,-6438.060,-3645.966,-335.897,-117.780,-0.465386,0.885107,-0.000755,-0.883439,-0.464456,0.061776,0.054327,0.029416,0.998090,0,0.45691,0.87584,4.462,0.257,32.294,814.620,-1,679.128,-1,566.966,545.220,950.975,507.910,-1,-1,-1,-1,-1,-1,33.270,-1,1,0,2,0,2,0,0,0,0,2,2,2,2,2,2,1,2
86,-6439.035,-3650.800,-336.024,-117.507,-0.461088,0.887353,0.001754,-0.885487,-0.460245,0.063934,0.057539,0.027926,0.997953,0,0.45691,0.87584,4.931,0.273,31.523,829.587,-1,690.494,-1,574.629,552.899,947.242,510.786,-1,-1,-1,-1,-1,-1,32.600,-1,1,0,2,0,2,0,0,0,0,2,2,2,2,2,2,1,2
87,-6440.049,-3655.933,-336.107,-117.234,-0.456814,0.889552,0.004192,-0.887564,-0.456098,0.064846,0.059596,0.025902,0.997886,0,0.45691,0.87584,5.232,0.273,18.432,838.677,-1,698.992,-1,579.454,558.460,942.386,514.566,-1,-1,-1,-1,-1,-1,33.821,-1,1,0,2,0,2,0,0,0,0,2,2,2,2,2,2,1,2
88,-6441.206,-3661.335,-336.106,-116.972,-0.452720,0.891632,0.006104,-0.889594,-0.452129,0.064820,0.060555,0.023915,0.997878,0,0.45691,0.87584,5.524,0.262,13.644,843.191,-1,704.211,-1,582.057,561.675,937.795,518.401,-1,-1,-1,-1,-1,-1,36.227,-1,1,0,2,0,2,0,0,0,0,2,2,2,2,2,2,1,2
89,-6442.665,-3667.059,-335.994,-116.738,-0.449075,0.893462,0.007620,-0.891408,-0.448593,0.064473,0.061022,0.022160,0.997890,0,0.45691,0.87584,5.907,0.234,13.335,847.476,-1,708.200,-1,584.018,563.986,934.172,522.069,-1,-1,-1,-1,-1,-1,39.259,-1,1,0,2,0,2,0,0,0,0,2,2,2,2,2,2,1,2
90,-6444.518,-3673.026,-335.763,-116.560,-0.446297,0.894843,0.008695,-0.892790,-0.445895,0.064055,0.061197,0.020825,0.997908,0,0.45691,0.87584,6.248,0.178,13.509,851.097,-1,711.226,-1,585.587,565.830,932.102,525.255,-1,-1,-1,-1,-1,-1,34.410,-1,1,0,2,0,2,0,0,0,0,2,2,2,2,2,2,1,2
91,-6446.787,-3679.182,-335.389,-116.440,-0.444411,0.895778,0.008974,-0.893706,-0.444027,0.064262,0.061549,0.020538,0.997893,0,0.45691,0.87584,6.561,0.120,13.740,857.941,-1,714.281,-1,588.131,568.279,932.971,526.976,-1,-1,-1,-1,-1,-1,29.663,-1,1,0,2,0,2,0,0,0,0,2,2,2,2,2,2,1,2
92,-6449.478,-3685.545,-334.936,-116.377,-0.443418,0.896276,0.008349,-0.894145,-0.442973,0.065413,0.062326,0.021540,0.997823,0,0.45691,0.87584,6.908,0.062,14.033,869.637,-1,717.717,-1,592.147,571.709,937.172,526.247,-1,-1,-1,-1,-1,-1,26.798,-1,1,0,2,0,2,0,0,0,0,2,2,2,2,2,2,1,2
93,-6452.567,-3692.109,-334.498,-116.363,-0.443172,0.896409,0.007100,-0.894200,-0.442611,0.067088,0.063281,0.023383,0.997722,0,0.45691,0.87584,7.256,0.014,14.032,883.666,-1,720.839,-1,596.682,575.360,943.557,523.850,-1,-1,-1,-1,-1,-1,26.813,-1,1,0,2,0,2,0,0,0,0,2,2,2,2,2,2,1,2
94,-6455.967,-3698.968,-334.100,-116.352,-0.442972,0.896520,0.005264,-0.894243,-0.442251,0.068877,0.064078,0.025803,0.997611,0,0.45691,0.87584,7.654,0.011,14.037,897.892,-1,722.675,-1,600.865,578.424,951.259,520.332,-1,-1,-1,-1,-1,-1,26.782,-1,1,0,2,0,2,0,0,0,0,2,2,2,2,2,2,1,2
95,-6459.621,-3706.150,-333.740,-116.337,-0.442726,0.896651,0.003261,-0.894325,-0.441834,0.070464,0.064623,0.028280,0.997509,0,0.45691,0.87584,8.058,0.015,14.043,910.807,-1,723.345,-1,604.345,580.586,959.150,516.607,-1,-1,-1,-1,-1,-1,26.744,-1,1,0,2,0,2,0,0,0,0,2,2,2,2,2,2,1,2
96,-6463.491,-3713.672,-333.392,-116.322,-0.442484,0.896775,0.001605,-0.894417,-0.441448,0.071704,0.065011,0.030292,0.997425,0,0.45691,0.87584,8.460,0.015,14.046,923.970,-1,723.900,-1,607.302,582.408,966.195,513.632,-1,-1,-1,-1,-1,-1,26.709,-1,1,0,2,0,2,0,0,0,0,2,2,2,2,2,2,1,2
97,-6467.523,-3721.536,-333.034,-116.310,-0.442283,0.896875,0.000386,-0.894504,-0.441145,0.072483,0.065178,0.031713,0.997370,0,0.45691,0.87584,8.837,0.013,14.037,935.165,-1,724.381,-1,609.601,583.853,972.116,511.446,-1,-1,-1,-1,-1,-1,26.787,-1,1,0,2,0,2,0,0,0,0,2,2,2,2,2,2,1,2
98,-6471.651,-3729.705,-332.603,-116.298,-0.442096,0.896967,-0.000564,-0.894609,-0.440888,0.072743,0.065000,0.032664,0.997351,0,0.45691,0.87584,9.153,0.012,14.010,943.395,-1,724.446,-1,610.864,584.762,977.205,510.183,-1,-1,-1,-1,-1,-1,26.963,-1,1,0,2,0,2,0,0,0,0,2,2,2,2,2,2,1,2
99,-6475.880,-3738.201,-332.094,-116.283,-0.441883,0.897072,-0.001466,-0.894744,-0.440617,0.072736,0.064604,0.033453,0.997350,0,0.45691,0.87584,9.490,0.014,14.003,950.357,-1,724.224,-1,611.751,585.406,982.126,509.359,-1,-1,-1,-1,-1,-1,27.024,13.183,1,0,2,0,2,0,0,0,0,2,2,2,2,2,2,1,1
100,-6480.265,-3747.037,-331.540,-116.269,-0.441672,0.897174,-0.001912,-0.894857,-0.440376,0.072803,0.064475,0.033866,0.997345,0,0.45691,0.87584,9.865,0.014,14.002,958.789,-1,725.470,11.302,613.354,586.920,986.567,509.307,-1,-1,-1,-1,-1,-1,27.027,10.135,1,0,2,0,1,0,0,0,0,2,2,2,2,2,2,1,1
101,-6484.785,-3756.232,-330.998,-116.256,-0.441461,0.897278,-0.002043,-0.894941,-0.440144,0.073165,0.064750,0.034128,0.997318,0,0.45691,0.87584,10.245,0.013,13.966,969.975,-1,728.210,10.266,615.917,589.438,990.725,509.507,-1,-1,-1,-1,-1,-1,27.314,9.188,1,0,2,0,1,0,0,0,0,2,2,2,2,2,2,1,1
102,-6489.374,-3765.775,-330.533,-116.225,-0.440971,0.897519,-0.002207,-0.895172,-0.439638,0.073390,0.064898,0.034339,0.997301,0,0.45691,0.87584,10.589,0.031,13.843,980.367,-1,730.306,8.564,617.982,591.459,994.332,509.566,-1,-1,-1,-1,-1,-1,28.422,24.264,1,0,2,0,1,0,0,0,0,2,2,2,2,2,2,1,1
103,-6493.992,-3775.672,-330.149,-116.166,-0.440049,0.897971,-0.002286,-0.895634,-0.438718,0.073253,0.064776,0.034283,0.997311,0,0.45691,0.87584,10.921,0.059,13.692,988.489,-1,731.462,14.355,619.142,592.713,997.032,509.828,-1,-1,-1,-1,-1,-1,28.864,25.093,1,0,2,0,1,0,0,0,0,2,2,2,2,2,2,1,1
104,-6498.607,-3785.909,-329.806,-116.078,-0.438677,0.898642,-0.002016,-0.896334,-0.437388,0.072645,0.064400,0.033674,0.997356,0,0.45691,0.87584,11.229,0.088,13.632,993.530,-1,732.122,14.438,619.490,593.503,998.258,510.813,-1,-1,-1,-1,-1,-1,25.529,24.771,1,0,2,0,1,0,0,0,0,2,2,2,2,2,2,1,1
105,-6503.167,-3796.318,-329.500,-115.974,-0.437083,0.899419,-0.001678,-0.897198,-0.435871,0.071076,0.063195,0.032571,0.997470,0,0.20526,0.21452,11.364,0.104,13.571,990.894,-1,730.397,14.531,617.575,592.242,998.098,511.889,-1,-1,-1,-1,-1,-1,25.012,24.454,1,0,2,0,1,0,0,0,0,2,2,2,2,2,2,1,1
106,-6507.585,-3806.659,-329.197,-115.872,-0.435556,0.900161,-0.001207,-0.898093,-0.434464,0.068339,0.060992,0.030850,0.997661,0,0.20526,0.21452,11.246,0.101,13.559,979.032,-1,725.990,14.551,613.168,588.559,996.380,514.003,-1,-1,-1,-1,-1,-1,27.114,24.398,1,0,2,0,1,0,0,0,0,2,2,2,2,2,2,1,1
107,-6511.916,-3817.009,-328.884,-115.768,-0.433968,0.900928,-0.000348,-0.898999,-0.433013,0.065582,0.058934,0.028774,0.997847,0,0.20526,0.21452,11.219,0.105,13.560,967.866,-1,722.438,14.550,609.202,585.291,990.011,516.827,-1,-1,-1,-1,-1,-1,29.136,24.401,1,0,2,0,1,0,0,0,0,2,2,2,2,2,2,1,1
108,-6517.045,-3829.466,-328.455,-115.642,-0.432024,0.901862,0.001128,-0.900027,-0.431224,0.063230,0.057511,0.026302,0.997998,0,0.20526,0.21452,13.472,0.126,13.557,962.894,-1,721.955,14.555,607.267,584.067,982.110,520.462,-1,-1,-1,-1,-1,-1,30.174,24.381,1,0,2,0,1,0,0,0,0,2,2,2,2,2,2,1,1
109,-6520.453,-3837.795,-328.144,-115.556,-0.430678,0.902503,0.002186,-0.900688,-0.429962,0.062406,0.057261,0.024908,0.998048,0,0.20526,0.21452,8.999,0.086,13.554,965.570,-1,723.741,14.559,607.891,584.948,978.056,522.568,-1,-1,-1,-1,-1,-1,29.962,24.372,1,0,2,0,1,0,0,0,0,2,2,2,2,2,2,1,1
110,-6524.715,-3848.203,-327.751,-115.446,-0.428952,0.903322,0.003168,-0.901509,-0.428308,0.061917,0.057288,0.023704,0.998076,0,0.20526,0.21452,11.247,0.110,13.550,972.760,-1,726.555,14.566,609.813,586.775,975.094,524.274,-1,-1,-1,-1,-1,-1,28.928,24.354,1,0,2,0,1,0,0,0,0,2,2,2,2,2,2,1,1
111,-6528.984,-3858.572,-327.341,-115.336,-0.427215,0.904143,0.003584,-0.902333,-0.426605,0.061673,0.057290,0.023114,0.998090,0,0.20526,0.21452,11.214,0.110,13.552,981.370,-1,728.715,14.564,611.864,588.465,974.455,525.055,-1,-1,-1,-1,-1,-1,28.168,24.359,1,0,2,0,1,0,0,0,0,2,2,2,2,2,2,1,1
112,-6533.257,-3868.839,-326.853,-115.224,-0.425477,0.904964,0.003025,-0.903185,-0.424845,0.061354,0.056808,0.023372,0.998111,0,0.20526,0.21452,11.120,0.111,13.547,988.943,-1,728.674,14.571,613.108,589.042,977.097,524.368,-1,-1,-1,-1,-1,-1,27.217,24.338,1,0,2,0,1,0,0,0,0,2,2,2,2,2,2,1,1
113,-6537.524,-3879.004,-326.280,-115.111,-0.423708,0.905797,0.001818,-0.904085,-0.423029,0.060637,0.055694,0.024049,0.998158,0,0.20526,0.21452,11.024,0.114,13.523,993.326,-1,726.416,14.609,613.086,588.263,981.450,523.039,-1,-1,-1,-1,-1,-1,22.039,24.227,1,0,2,0,1,0,0,0,0,2,2,2,2,2,2,1,1
114,-6541.742,-3889.095,-325.689,-114.991,-0.421860,0.906661,0.000520,-0.905054,-0.421147,0.059270,0.053956,0.024533,0.998242,0,0.20526,0.21452,10.937,0.120,-1,992.757,-1,722.419,14.642,611.513,586.113,985.045,522.070,-1,-1,-1,-1,-1,-1,-1,24.131,2,0,2,0,1,0,0,0,0,2,2,2,2,2,2,2,1
115,-6545.896,-3899.181,-325.153,-114.870,-0.419992,0.907528,-0.000258,-0.906023,-0.419279,0.057680,0.052238,0.024459,0.998335,0,0.20526,0.21452,10.908,0.121,-1,990.651,-1,718.906,14.658,609.722,583.985,986.425,522.062,-1,-1,-1,-1,-1,-1,-1,24.095,2,0,2,0,1,0,0,0,0,2,2,2,2,2,2,2,1
116,-6549.993,-3909.273,-324.740,-114.752,-0.418150,0.908378,-0.000320,-0.906962,-0.417478,0.055966,0.050705,0.023692,0.998433,0,0.20526,0.21452,10.892,0.119,-1,987.474,-1,716.303,14.695,607.897,582.110,984.956,523.100,-1,-1,-1,-1,-1,-1,-1,24.001,2,0,2,0,1,0,0,0,0,2,2,2,2,2,2,2,1
117,-6554.012,-3919.360,-324.469,-114.628,-0.416226,0.909261,-0.000153,-0.907935,-0.415610,0.054065,0.049095,0.022642,0.998537,0,0.20526,0.21452,10.858,0.124,-1,982.385,-1,713.386,14.710,605.454,579.822,981.971,524.302,-1,-1,-1,-1,-1,-1,-1,23.956,2,0,2,0,1,0,0,0,0,2,2,2,2,2,2,2,1
118,-6557.935,-3929.375,-324.217,-114.499,-0.414218,0.910178,0.000106,-0.908942,-0.413662,0.052042,0.047411,0.021461,0.998645,0,0.20526,0.21452,10.756,0.129,-1,976.497,-1,711.001,14.855,602.780,577.712,978.442,525.675,-1,-1,-1,-1,-1,-1,-1,23.632,2,0,2,0,1,0,0,0,0,2,2,2,2,2,2,2,1
119,-6562.451,-3941.343,-323.813,-114.324,-0.411471,0.911423,0.000470,-0.910278,-0.410980,0.049887,0.045662,0.020099,0.998755,0,0.20526,0.21452,12.792,0.175,-1,972.443,-1,709.386,14.850,600.628,576.238,974.808,527.332,-1,-1,-1,-1,-1,-1,-1,23.643,2,0,2,0,1,0,0,0,0,2,2,2,2,2,2,2,1
120,-6565.404,-3949.322,-323.511,-114.203,-0.409565,0.912280,0.000767,-0.911190,-0.409117,0.048533,0.044590,0.019179,0.998821,0,0.20526,0.21452,8.508,0.121,-1,970.650,-1,708.760,14.824,599.536,575.590,972.471,528.565,-1,-1,-1,-1,-1,-1,-1,23.700,2,0,2,0,1,0,0,0,0,2,2,2,2,2,2,2,1
121,-6569.053,-3959.252,-323.096,-114.057,-0.407261,0.913311,0.001192,-0.912289,-0.406866,0.046789,0.043218,0.017968,0.998904,0,0.20526,0.21452,10.579,0.146,-1,968.236,-1,708.144,14.806,599.155,574.818,969.466,530.355,-1,-1,-1,-1,-1,-1,-1,23.737,2,0,2,0,1,0,0,0,0,2,2,2,2,2,2,2,1
122,-6572.675,-3969.153,-322.676,-113.910,-0.404945,0.914340,0.001346,-0.913396,-0.404593,0.044859,0.041561,0.016936,0.998992,0,0.20526,0.21452,10.542,0.147,-1,964.420,-1,706.431,14.754,598.509,573.346,967.101,531.774,-1,-1,-1,-1,-1,-1,-1,23.856,2,0,2,0,1,0,0,0,0,2,2,2,2,2,2,2,1
123,-6576.285,-3979.022,-322.247,-113.764,-0.402661,0.915348,0.001284,-0.914494,-0.402345,0.042653,0.039559,0.016001,0.999089,0,0.20526,0.21452,10.509,0.145,-1,958.626,-1,703.535,14.740,596.959,571.069,965.069,532.995,-1,-1,-1,-1,-1,-1,-1,23.884,2,0,2,0,1,0,0,0,0,2,2,2,2,2,2,2,1
124,-6579.857,-3988.836,-321.785,-113.620,-0.400396,0.916342,0.000951,-0.915591,-0.400110,0.040061,0.037090,0.015170,0.999197,0,0.20526,0.21452,10.444,0.144,-1,950.317,-1,699.169,14.736,594.272,567.784,963.451,534.059,-1,-1,-1,-1,-1,-1,-1,23.894,2,0,2,0,1,0,0,0,0,2,2,2,2,2,2,2,1
125,-6583.360,-3998.555,-321.247,-113.482,-0.398232,0.917285,0.000513,-0.916648,-0.397976,0.037024,0.034166,0.014274,0.999314,0,0.20526,0.21452,10.331,0.138,-1,939.503,-1,693.713,14.716,590.577,563.689,961.782,535.492,-1,-1,-1,-1,-1,-1,-1,23.945,2,0,2,0,1,0,0,0,0,2,2,2,2,2,2,2,1
126,-6586.465,-4007.649,-320.270,-113.382,-0.396657,0.917963,0.002794,-0.917415,-0.396522,0.033469,0.031831,0.010713,0.999436,0,0.20526,0.21452,9.610,0.100,-1,928.717,-1,694.174,15.075,588.943,562.639,952.220,544.236,-1,-1,-1,-1,-1,-1,-1,23.236,2,0,2,0,1,0,0,0,0,2,2,2,2,2,2,2,1
127,-6589.302,-4016.245,-318.561,-113.328,-0.395784,0.918301,0.008840,-0.917782,-0.395860,0.031142,0.032097,0.004213,0.999476,0,0.30955,1.00000,9.052,0.054,13.458,931.080,-1,708.224,16.040,595.521,570.086,935.514,562.015,-1,-1,-1,-1,-1,-1,27.364,22.362,1,0,2,0,1,0,0,0,0,2,2,2,2,2,2,1,1
128,-6591.941,-4024.621,-316.246,-113.271,-0.394833,0.918632,0.014921,-0.918090,-0.395113,0.031572,0.034898,-0.001233,0.999390,0,0.30955,1.00000,8.782,0.057,25.294,953.708,-1,737.352,18.527,611.120,585.676,918.124,580.513,-1,-1,-1,-1,-1,-1,26.345,22.475,1,0,2,0,1,0,0,0,0,2,2,2,2,2,2,1,1
129,-6593.296,-4032.724,-313.957,-112.971,-0.390016,0.920699,0.014147,-0.920109,-0.390273,0.032963,0.035871,-0.000160,0.999356,0,0.30955,1.00000,8.215,0.299,16.576,980.753,-1,754.834,18.536,624.072,598.703,935.687,583.710,-1,-1,-1,-1,-1,-1,17.270,22.479,1,0,2,0,1,0,0,0,0,2,2,2,2,2,2,1,1
130,-6593.592,-4040.652,-312.185,-112.399,-0.380821,0.924612,0.008262,-0.923987,-0.380872,0.034420,0.034972,0.005474,0.999373,0,0.30955,1.00000,7.934,0.572,-1,1006.765,-1,757.832,16.866,633.231,604.277,959.878,574.281,-1,-1,-1,-1,-1,-1,-1,22.181,2,0,2,0,1,0,0,0,0,2,2,2,2,2,2,2,1
131,-6593.692,-4048.711,-311.251,-111.677,-0.369162,0.929364,0.001152,-0.928746,-0.368961,0.036043,0.033922,0.012235,0.999350,0,0.30955,1.00000,8.059,0.722,-1,-1,-1,755.647,16.678,640.687,606.745,985.644,560.061,-1,-1,-1,-1,-1,-1,-1,12.943,2,2,2,0,1,0,0,0,0,2,2,2,2,2,2,2,1
132,-6593.929,-4056.881,-311.402,-110.938,-0.357166,0.934020,-0.006286,-0.933463,-0.356700,0.037571,0.032850,0.019287,0.999274,0,0.30955,1.00000,8.174,0.739,-1,-1,-1,748.567,-1,645.148,605.684,-1,543.014,-1,-1,-1,-1,-1,-1,-1,-1,2,2,2,0,2,0,0,2,0,2,2,2,2,2,2,2,2
133,-6594.627,-4065.239,-312.423,-110.288,-0.346541,0.937968,-0.011193,-0.937441,-0.345872,0.039721,0.033385,0.024258,0.999148,0,0.30955,1.00000,8.387,0.650,-1,-1,-1,746.800,16.778,651.253,606.798,-1,528.132,-1,-1,-1,-1,-1,-1,-1,22.186,2,2,2,0,1,0,0,2,0,2,2,2,2,2,2,2,1
134,-6595.640,-4073.872,-314.009,-109.726,-0.337302,0.941297,-0.013662,-0.940714,-0.336470,0.042956,0.035838,0.027341,0.998984,0,0.30955,1.00000,8.692,0.562,-1,-1,-1,755.102,16.730,660.525,612.109,-1,516.117,-1,-1,-1,-1,-1,-1,-1,22.188,2,2,2,0,1,0,0,2,0,2,2,2,2,2,2,2,1
135,-6596.689,-4082.675,-315.753,-109.219,-0.328941,0.944235,-0.014774,-0.943583,-0.328003,0.045448,0.038068,0.028890,0.998857,0,0.30955,1.00000,8.865,0.507,-1,-1,-1,766.779,17.138,668.050,616.858,-1,507.107,-1,-1,-1,-1,-1,-1,-1,22.183,2,2,2,0,1,0,0,2,0,2,2,2,2,2,2,2,1
136,-6597.528,-4091.477,-317.213,-108.732,-0.320912,0.946995,-0.014685,-0.946354,-0.319999,0.044887,0.037809,0.028301,0.998884,0,0.30955,1.00000,8.843,0.487,-1,-1,-1,769.333,17.410,667.925,616.941,-1,502.854,-1,-1,-1,-1,-1,-1,-1,22.208,2,2,2,0,1,0,0,2,0,2,2,2,2,2,2,2,1
137,-6598.036,-4100.229,-318.221,-108.233,-0.312698,0.949754,-0.013670,-0.949223,-0.311935,0.040885,0.034567,0.025761,0.999070,0,0.30955,1.00000,8.767,0.499,-1,-1,-1,761.873,17.763,659.365,609.639,-1,503.318,-1,-1,-1,-1,-1,-1,-1,22.267,2,2,2,0,1,0,0,2,0,2,2,2,2,2,2,2,1
138,-6598.279,-4108.970,-318.816,-107.723,-0.304284,0.952503,-0.012194,-0.952148,-0.303735,0.034063,0.028741,0.021975,0.999345,0,0.30955,1.00000,8.744,0.511,-1,-1,-1,745.816,17.678,644.124,596.319,995.831,507.122,-1,-1,-1,-1,-1,-1,-1,22.250,2,2,2,0,1,0,0,0,0,2,2,2,2,2,2,2,1
139,-6598.479,-4117.801,-319.107,-107.226,-0.296070,0.955116,-0.009797,-0.954919,-0.295744,0.025805,0.021750,0.016995,0.999619,0,0.30955,1.00000,8.833,0.497,-1,997.754,-1,728.654,17.197,626.568,581.323,975.996,514.157,-1,-1,-1,-1,-1,-1,-1,22.186,2,0,2,0,1,0,0,0,0,2,2,2,2,2,2,2,1
140,-6598.729,-4126.786,-319.157,-106.762,-0.288363,0.957504,-0.005766,-0.957395,-0.288222,0.017971,0.015545,0.010702,0.999822,0,0.30955,1.00000,8.988,0.464,-1,963.935,-1,718.457,17.162,612.218,570.214,953.175,524.931,-1,-1,-1,-1,-1,-1,-1,22.185,2,0,2,0,1,0,0,0,0,2,2,2,2,2,2,2,1
141,-6598.951,-4135.938,-319.052,-106.299,-0.280638,0.959813,-0.000852,-0.959757,-0.280612,0.011112,0.010426,0.003936,0.999938,0,0.30955,1.00000,9.156,0.463,-1,934.445,-1,714.787,17.163,601.749,563.184,929.906,537.870,-1,-1,-1,-1,-1,-1,-1,22.184,2,0,2,0,1,0,0,0,0,2,2,2,2,2,2,2,1
142,-6599.072,-4145.165,-318.793,-105.823,-0.272670,0.962103,0.003074,-0.962094,-0.272682,0.004488,0.005157,-0.001734,0.999985,0,0.30955,1.00000,9.227,0.476,-1,905.429,-1,709.074,16.968,592.021,556.292,911.426,549.678,-1,-1,-1,-1,-1,-1,-1,22.178,2,0,2,0,1,0,0,0,0,2,2,2,2,2,2,2,1
143,-6599.197,-4154.395,-318.341,-105.363,-0.264940,0.964244,0.006316,-0.964265,-0.264932,-0.002158,-0.000408,-0.006662,0.999978,0,0.30955,1.00000,9.231,0.460,-1,878.578,-1,701.949,17.105,582.499,549.223,896.424,560.990,-1,-1,-1,-1,-1,-1,-1,22.181,2,0,2,0,1,0,0,0,0,2,2,2,2,2,2,2,1
144,-6599.270,-4163.731,-317.739,-104.903,-0.257184,0.966323,0.008766,-0.966344,-0.257113,-0.008497,-0.005957,-0.010656,0.999925,0,0.30955,1.00000,9.337,0.460,-1,855.511,-1,694.574,17.094,574.011,542.549,885.159,570.845,-1,-1,-1,-1,-1,-1,-1,22.181,2,0,2,0,1,0,0,0,0,2,2,2,2,2,2,2,1
145,-6599.415,-4173.248,-317.001,-104.466,-0.249787,0.968241,0.010770,-0.968242,-0.249633,-0.013792,-0.010665,-0.013873,0.999847,0,0.30955,1.00000,9.518,0.438,-1,839.216,-1,690.396,17.089,568.429,538.320,877.010,579.560,-1,-1,-1,-1,-1,-1,-1,22.180,2,0,2,0,1,0,0,0,0,2,2,2,2,2,2,2,1
146,-6599.635,-4182.962,-316.209,-104.048,-0.242702,0.970023,0.012300,-0.969996,-0.242469,-0.017797,-0.014281,-0.016251,0.999766,0,0.30955,1.00000,9.717,0.418,-1,829.986,-1,690.429,17.064,566.348,536.884,870.016,586.660,-1,-1,-1,-1,-1,-1,-1,22.179,2,0,2,0,1,0,0,0,0,2,2,2,2,2,2,2,1
147,-6599.849,-4192.868,-315.528,-103.633,-0.235663,0.971749,0.012899,-0.971683,-0.235370,-0.020806,-0.017182,-0.017437,0.999700,0,0.30955,1.00000,9.908,0.415,-1,825.590,-1,692.398,17.125,566.231,536.684,868.282,590.384,-1,-1,-1,-1,-1,-1,-1,22.183,2,0,2,0,1,0,0,0,0,2,2,2,2,2,2,2,1
148,-6600.038,-4202.939,-315.082,-103.199,-0.228281,0.973511,0.012820,-0.973397,-0.227949,-0.023197,-0.019661,-0.017774,0.999649,0,0.30955,1.00000,10.073,0.434,-1,823.611,-1,693.425,17.333,566.818,536.733,869.707,591.028,-1,-1,-1,-1,-1,-1,-1,22.199,2,0,2,0,1,0,0,0,0,2,2,2,2,2,2,2,1
149,-6600.152,-4213.173,-314.913,-102.736,-0.220411,0.975329,0.012375,-0.975165,-0.220057,-0.025048,-0.021706,-0.017589,0.999610,0,0.30955,1.00000,10.235,0.462,-1,823.393,-1,694.126,17.493,567.964,537.015,870.979,589.391,-1,-1,-1,-1,-1,-1,-1,22.219,2,0,2,0,1,0,0,0,0,2,2,2,2,2,2,2,1
150,-6600.062,-4223.483,-314.953,-102.242,-0.211989,0.977197,0.012112,-0.976999,-0.211620,-0.026277,-0.023115,-0.017403,0.999581,0,0.30955,1.00000,10.311,0.494,-1,825.339,-1,696.705,17.492,570.250,539.086,871.333,587.292,-1,-1,-1,-1,-1,-1,-1,22.219,2,0,2,0,1,0,0,0,0,2,2,2,2,2,2,2,1
151,-6599.741,-4233.896,-315.160,-101.707,-0.202852,0.979137,0.011918,-0.978919,-0.202481,-0.026826,-0.023854,-0.017108,0.999569,0,0.30955,1.00000,10.418,0.535,-1,830.031,-1,701.382,17.845,573.959,542.567,871.590,585.002,-1,-1,-1,-1,-1,-1,-1,22.284,2,0,2,0,1,0,0,0,0,2,2,2,2,2,2,2,1
152,-6599.064,-4244.333,-315.480,-101.115,-0.192721,0.981190,0.011210,-0.980954,-0.192367,-0.026912,-0.024250,-0.016183,0.999575,0,0.30955,1.00000,10.458,0.592,-1,837.215,-1,706.644,17.950,578.671,546.980,873.403,580.733,-1,-1,-1,-1,-1,-1,-1,22.309,2,0,2,0,1,0,0,0,0,2,2,2,2,2,2,2,1
153,-6598.119,-4254.872,-315.885,-100.466,-0.181605,0.983317,0.010354,-0.983075,-0.181282,-0.026454,-0.024136,-0.014983,0.999596,0,0.37783,1.00000,10.581,0.649,-1,844.528,-1,713.259,18.514,584.839,552.639,875.827,575.491,-1,-1,-1,-1,-1,-1,-1,22.470,2,0,2,0,1,0,0,0,0,2,2,2,2,2,2,2,1
154,-6596.735,-4265.473,-316.359,-99.755,-0.169393,0.985509,0.008806,-0.985263,-0.169122,-0.025570,-0.023710,-0.013008,0.999634,0,0.37783,1.00000,10.691,0.711,-1,852.940,-1,720.342,18.569,592.163,559.060,880.396,567.979,-1,-1,-1,-1,-1,-1,-1,22.489,2,0,2,0,1,0,0,0,0,2,2,2,2,2,2,2,1
155,-6594.990,-4276.066,-316.843,-98.994,-0.156288,0.987686,0.007108,-0.987450,-0.156077,-0.024119,-0.022713,-0.010789,0.999684,0,0.37783,1.00000,10.736,0.761,-1,864.309,-1,729.641,18.480,601.287,567.047,885.756,559.950,-1,-1,-1,-1,-1,-1,-1,22.460,2,0,2,0,1,0,0,0,0,2,2,2,2,2,2,2,1
156,-6593.077,-4286.817,-317.300,-98.202,-0.142625,0.989760,0.005791,-0.989559,-0.142469,-0.021802,-0.020754,-0.008840,0.999746,0,0.37783,1.00000,10.920,0.792,-1,879.631,-1,743.397,18.353,613.308,577.828,890.509,553.041,-1,-1,-1,-1,-1,-1,-1,22.420,2,0,2,0,1,0,0,0,0,2,2,2,2,2,2,2,1
157,-6590.903,-4297.716,-317.680,-97.347,-0.127848,0.991785,0.004153,-0.991621,-0.127746,-0.019187,-0.018499,-0.006571,0.999807,0,0.37783,1.00000,11.114,0.855,-1,897.287,-1,757.214,18.220,627.037,590.124,896.522,545.980,-1,-1,-1,-1,-1,-1,-1,22.380,2,0,2,0,1,0,0,0,0,2,2,2,2,2,2,2,1
158,-6588.586,-4308.614,-317.712,-96.487,-0.112966,0.993593,0.003318,-0.993448,-0.112890,-0.017781,-0.017292,-0.005305,0.999836,0,0.37783,1.00000,11.142,0.859,-1,911.081,-1,769.762,18.086,638.907,601.085,900.340,542.512,-1,-1,-1,-1,-1,-1,-1,22.343,2,0,2,0,1,0,0,0,0,2,2,2,2,2,2,2,1
159,-6586.081,-4319.495,-317.338,-95.623,-0.097974,0.995184,0.003033,-0.995034,-0.097904,-0.017974,-0.017590,-0.004779,0.999834,0,0.37783,1.00000,11.165,0.864,-1,914.751,-1,777.675,17.980,647.775,609.311,902.849,541.833,-1,-1,-1,-1,-1,-1,-1,22.316,2,0,2,0,1,0,0,0,0,2,2,2,2,2,2,2,1
160,-6583.409,-4330.474,-316.737,-94.771,-0.083156,0.996532,0.002928,-0.996350,-0.083083,-0.019615,-0.019304,-0.004548,0.999803,0,0.37783,1.00000,11.300,0.852,-1,914.169,-1,779.134,18.434,653.122,614.786,904.945,542.361,-1,-1,-1,-1,-1,-1,-1,22.445,2,0,2,0,1,0,0,0,0,2,2,2,2,2,2,2,1
161,-6580.391,-4341.490,-316.082,-93.897,-0.067944,0.997686,0.002580,-0.997441,-0.067870,-0.022487,-0.022260,-0.004101,0.999744,0,0.37783,1.00000,11.422,0.874,-1,910.892,-1,774.818,18.638,655.079,617.640,907.725,542.289,-1,-1,-1,-1,-1,-1,-1,22.513,2,0,2,0,1,0,0,0,0,2,2,2,2,2,2,2,1
162,-6577.029,-4352.583,-315.595,-92.988,-0.052102,0.998638,0.002564,-0.998308,-0.052018,-0.025977,-0.025808,-0.003913,0.999659,0,0.37965,1.00000,11.592,0.909,-1,905.588,-1,770.595,18.686,654.965,618.670,909.111,542.469,-1,-1,-1,-1,-1,-1,-1,22.530,2,0,2,0,1,0,0,0,0,2,2,2,2,2,2,2,1
163,-6573.459,-4363.865,-315.389,-92.090,-0.036446,0.999328,0.004014,-0.998918,-0.036314,-0.029066,-0.028900,-0.005069,0.999569,0,0.38196,1.00000,11.833,0.898,-1,899.136,-1,768.578,18.605,654.988,620.276,905.511,544.933,-1,-1,-1,-1,-1,-1,-1,22.502,2,0,2,0,1,0,0,0,0,2,2,2,2,2,2,2,1
164,-6569.556,-4375.245,-315.483,-91.170,-0.020411,0.999772,0.006271,-0.999304,-0.020204,-0.031365,-0.031231,-0.006907,0.999488,0,0.38422,1.00000,12.030,0.919,-1,893.550,-1,766.825,18.940,656.207,622.977,899.076,548.132,-1,-1,-1,-1,-1,-1,-1,22.623,2,0,2,0,1,0,0,0,0,2,2,2,2,2,2,2,1
165,-6565.222,-4386.637,-315.919,-90.199,-0.003468,0.999963,0.007845,-0.999431,-0.003202,-0.033572,-0.033546,-0.007957,0.999406,0,0.38654,1.00000,12.189,0.971,-1,888.250,-1,762.225,18.676,656.800,624.826,894.177,548.469,-1,-1,-1,-1,-1,-1,-1,22.526,2,0,2,0,1,0,0,0,0,2,2,2,2,2,2,2,1
166,-6560.664,-4398.167,-316.634,-89.223,0.013544,0.999862,0.009646,-0.999278,0.013877,-0.035356,-0.035485,-0.009160,0.999328,0,0.38904,1.00000,12.399,0.975,-1,883.205,-1,757.767,18.658,657.552,626.977,888.082,548.328,-1,-1,-1,-1,-1,-1,-1,22.520,2,0,2,0,1,0,0,0,0,2,2,2,2,2,2,2,1
167,-6555.737,-4409.794,-317.595,-88.204,0.031310,0.999449,0.010988,-0.998800,0.031700,-0.037341,-0.037669,-0.009806,0.999242,0,0.39154,1.00000,12.627,1.019,-1,877.764,-1,753.109,18.512,657.278,627.926,882.983,546.078,-1,-1,-1,-1,-1,-1,-1,22.471,2,0,2,0,1,0,0,0,0,2,2,2,2,2,2,2,1
168,-6550.630,-4421.600,-318.731,-87.194,0.048912,0.998720,0.012853,-0.997999,0.049385,-0.039496,-0.040080,-0.010896,0.999137,0,0.39418,1.00000,12.863,1.010,-1,870.114,-1,750.261,18.722,655.766,627.831,876.053,544.271,-1,-1,-1,-1,-1,-1,-1,22.542,2,0,2,0,1,0,0,0,0,2,2,2,2,2,2,2,1
169,-6545.180,-4433.414,-319.896,-86.164,0.066837,0.997649,0.015109,-0.996835,0.067421,-0.042129,-0.043048,-0.012246,0.998998,0,0.39677,1.00000,13.010,1.030,-1,860.833,-1,746.040,18.653,652.628,626.404,868.256,542.884,-1,-1,-1,-1,-1,-1,-1,22.518,2,0,2,0,1,0,0,0,0,2,2,2,2,2,2,2,1
170,-6539.370,-4445.243,-321.107,-85.105,0.085235,0.996205,0.017611,-0.995253,0.085960,-0.045631,-0.046971,-0.013638,0.998803,0,0.39943,1.00000,13.179,1.059,-1,849.395,-1,739.112,18.952,646.850,622.489,860.171,541.905,-1,-1,-1,-1,-1,-1,-1,22.627,2,0,2,0,1,0,0,0,0,2,2,2,2,2,2,2,1
171,-6533.198,-4457.073,-322.291,-84.041,0.103677,0.994393,0.020827,-0.993280,0.104598,-0.049548,-0.051449,-0.015550,0.998555,0,0.40218,1.00000,13.343,1.064,-1,836.014,-1,731.253,18.698,639.518,617.377,850.672,542.016,-1,-1,-1,-1,-1,-1,-1,22.533,2,0,2,0,1,0,0,0,0,2,2,2,2,2,2,2,1
172,-6526.724,-4469.065,-323.521,-82.984,0.121951,0.992237,0.024383,-0.990990,0.123095,-0.052795,-0.055386,-0.017725,0.998308,0,0.40495,1.00000,13.628,1.057,-1,821.528,-1,726.585,18.589,633.510,613.598,840.464,542.618,-1,-1,-1,-1,-1,-1,-1,22.496,2,0,2,0,1,0,0,0,0,2,2,2,2,2,2,2,1
173,-6519.896,-4481.114,-324.735,-81.886,0.140893,0.989624,0.028166,-0.988280,0.142276,-0.055326,-0.058760,-0.020040,0.998071,0,0.40767,1.00000,13.849,1.098,-1,809.068,-1,724.246,18.509,629.124,611.557,830.069,543.954,-1,-1,-1,-1,-1,1002.722,-1,22.469,2,0,2,0,1,0,0,0,0,2,2,2,2,2,0,2,1
174,-6512.696,-4493.203,-325.980,-80.757,0.160311,0.986575,0.031152,-0.985107,0.161901,-0.057905,-0.062172,-0.021405,0.997836,0,0.41053,1.00000,14.071,1.129,-1,798.003,-1,717.280,18.577,624.852,608.321,822.232,543.338,-1,-1,-1,-1,-1,989.709,-1,22.492,2,0,2,0,1,0,0,0,0,2,2,2,2,2,0,2,1
175,-6505.230,-4505.424,-327.279,-79.586,0.180361,0.983044,0.033079,-0.981382,0.182110,-0.061037,-0.066026,-0.021454,0.997587,0,0.41349,1.00000,14.321,1.171,-1,786.516,-1,708.876,18.393,619.701,603.591,817.874,540.210,-1,-1,-1,-1,-1,975.684,-1,22.432,2,0,2,0,1,0,0,0,0,2,2,2,2,2,0,2,1
176,-6495.990,-4520.368,-328.960,-78.191,0.204128,0.978353,0.034016,-0.976365,0.205988,-0.065428,-0.071019,-0.019856,0.997277,0,0.41657,1.00000,17.570,1.395,-1,772.915,-1,697.351,18.690,612.028,596.697,816.944,533.923,-1,-1,-1,-1,-1,957.003,-1,22.530,2,0,2,0,1,0,0,0,0,2,2,2,2,2,0,2,1
177,-6489.503,-4530.361,-330.091,-77.239,0.220272,0.974845,0.034029,-0.972612,0.222154,-0.068360,-0.074200,-0.018039,0.997080,0,0.42021,1.00000,11.914,0.952,-1,765.038,-1,689.721,18.662,607.391,592.307,818.417,528.159,-1,-1,-1,-1,-1,944.692,-1,22.522,2,0,2,0,1,0,0,0,0,2,2,2,2,2,0,2,1
178,-6481.095,-4542.966,-331.573,-76.041,0.240494,0.970052,0.034077,-0.967521,0.242387,-0.071771,-0.077882,-0.015710,0.996839,0,0.42271,1.00000,15.152,1.198,-1,755.959,-1,680.762,18.658,602.031,587.289,820.278,520.604,-1,-1,-1,-1,-1,930.344,-1,22.520,2,0,2,0,1,0,0,0,0,2,2,2,2,2,0,2,1
179,-6472.277,-4555.571,-333.080,-74.802,0.261283,0.964657,0.034167,-0.961808,0.263177,-0.075257,-0.081589,-0.013198,0.996579,0,0.42584,1.00000,15.383,1.239,-1,747.691,-1,672.197,18.546,596.708,582.284,822.555,513.021,-1,-1,-1,-1,-1,916.689,-1,22.481,2,0,2,0,1,0,0,0,0,2,2,2,2,2,0,2,1
180,-6463.098,-4568.275,-334.556,-73.595,0.281418,0.958938,0.035230,-0.955869,0.283367,-0.077567,-0.084365,-0.011846,0.996364,0,0.42911,1.00000,15.673,1.207,-1,741.290,-1,665.973,18.370,592.791,579.440,821.680,513.143,-1,-1,-1,-1,-1,906.468,-1,22.424,2,0,2,0,1,0,0,0,0,2,2,2,2,2,0,2,1
181,-6453.485,-4580.918,-335.980,-72.371,0.301712,0.952670,0.037280,-0.949470,0.303785,-0.078878,-0.086470,-0.011598,0.996187,0,0.36120,0.27312,15.883,1.224,-1,735.918,-1,661.805,17.918,589.722,578.253,817.827,516.723,-1,-1,-1,-1,-1,899.155,-1,22.301,2,0,2,0,1,0,0,0,0,2,2,2,2,2,0,2,1
182,-6443.853,-4593.859,-337.530,-71.263,0.319975,0.946539,0.040982,-0.943292,0.322317,-0.079444,-0.088406,-0.013238,0.995997,0,0.36387,0.26382,16.132,1.109,-1,728.394,-1,658.655,17.422,586.240,576.716,808.413,523.551,-1,-1,-1,-1,-1,893.368,-1,22.208,2,0,2,0,1,0,0,0,0,2,2,2,2,2,0,2,1
183,-6434.164,-4607.005,-339.325,-70.229,0.336853,0.940476,0.045103,-0.937125,0.339525,-0.080746,-0.091253,-0.015068,0.995714,0,0.36618,0.25576,16.331,1.034,-1,717.694,-1,653.406,17.049,580.299,572.683,797.887,529.811,-1,-1,-1,-1,-1,884.771,-1,22.178,2,0,2,0,1,0,0,0,0,2,2,2,2,2,0,2,1
184,-6424.541,-4620.411,-341.373,-69.287,0.352089,0.934634,0.049923,-0.931124,0.355188,-0.082763,-0.095085,-0.017345,0.995318,0,0.36826,0.24852,16.502,0.942,-1,703.765,-1,645.676,16.846,571.755,565.883,785.577,539.557,-1,-1,-1,-1,-1,871.852,-1,22.181,2,0,2,0,1,0,0,0,0,2,2,2,2,2,1,2,1
185,-6414.971,-4634.059,-343.647,-68.427,0.365846,0.929057,0.054854,-0.925302,0.369426,-0.085679,-0.099865,-0.019412,0.994812,0,0.37005,0.24228,16.669,0.860,-1,687.723,-1,635.408,16.553,560.637,556.640,773.378,548.220,-1,-1,-1,-1,-1,857.886,-1,22.210,2,0,2,0,1,0,0,0,0,2,2,2,2,2,0,2,1
186,-6405.458,-4647.870,-346.093,-67.615,0.378663,0.923630,0.059340,-0.919408,0.382748,-0.090514,-0.106314,-0.020283,0.994126,0,0.37158,0.23694,16.770,0.812,-1,668.579,-1,621.442,16.403,546.671,543.791,763.934,552.284,-1,-1,-1,-1,994.856,837.700,-1,22.240,2,0,2,0,1,0,0,0,0,2,2,2,2,0,0,2,1
187,-6395.974,-4661.936,-348.548,-66.895,0.389898,0.918654,0.063669,-0.913894,0.394510,-0.095705,-0.113038,-0.020872,0.993371,0,0.37296,0.23215,16.965,0.720,-1,649.428,-1,606.801,16.495,532.519,530.452,755.340,555.227,-1,-1,-1,-1,966.291,816.561,-1,22.220,2,0,2,0,1,0,0,0,0,2,2,2,2,0,0,2,1
188,-6386.334,-4676.287,-350.841,-66.242,0.400043,0.914063,0.066735,-0.908824,0.405043,-0.099892,-0.118339,-0.020689,0.992758,0,0.37404,0.22835,17.288,0.653,13.988,634.773,-1,594.469,16.490,521.583,519.947,749.423,556.500,-1,-1,-1,-1,942.582,798.296,16.613,22.221,1,0,2,0,1,0,0,0,0,2,2,2,2,0,0,1,1
189,-6376.353,-4690.812,-353.020,-65.585,0.410277,0.909397,0.068334,-0.903839,0.415458,-0.102316,-0.121436,-0.019785,0.992402,0,0.37492,0.22532,17.624,0.657,13.851,625.916,-1,585.676,16.406,514.943,513.612,745.837,557.588,-1,-1,-1,-1,925.234,783.870,17.978,22.239,1,0,2,0,1,0,0,0,0,2,2,2,2,0,0,1,1
190,-6366.217,-4705.650,-355.177,-64.946,0.420255,0.904742,0.069485,-0.899015,0.425536,-0.103401,-0.123119,-0.019013,0.992210,0,0.37577,0.22233,17.970,0.640,13.591,620.105,-1,578.695,16.193,510.773,509.384,742.050,559.406,-1,-1,-1,-1,911.156,772.680,16.249,22.301,1,0,2,0,1,0,0,0,0,2,2,2,2,0,0,1,1
191,-6356.027,-4720.808,-357.350,-64.360,0.429358,0.900356,0.070794,-0.894526,0.434754,-0.103984,-0.124400,-0.018680,0.992056,0,0.37656,0.21961,18.264,0.586,13.427,614.799,-1,572.436,15.989,507.183,505.672,737.150,562.157,-1,-1,-1,-1,897.488,762.481,16.961,22.385,1,0,2,0,1,0,0,0,0,2,2,2,2,0,0,1,1
192,-6345.703,-4736.145,-359.485,-63.813,0.437796,0.896156,0.072386,-0.890246,0.443345,-0.104436,-0.125683,-0.018719,0.991894,0,0.37715,0.21753,18.488,0.546,993.254,609.338,-1,566.355,16.095,502.900,502.105,731.436,564.679,-1,-1,-1,-1,883.404,752.448,-1,22.337,0,0,2,0,1,0,0,0,0,2,2,2,2,0,0,2,1
193,-6335.131,-4751.498,-361.646,-63.268,0.446138,0.891869,0.074363,-0.885798,0.451904,-0.105567,-0.127757,-0.018773,0.991628,0,0.37761,0.21592,18.640,0.546,968.358,601.937,-1,559.045,15.832,497.452,497.230,725.564,567.011,-1,-1,-1,-1,867.098,740.799,-1,22.470,0,0,2,0,1,0,0,0,0,2,2,2,2,0,0,2,1
194,-6324.495,-4767.048,-363.907,-62.756,0.453877,0.887753,0.076751,-0.881469,0.459927,-0.107143,-0.130417,-0.019024,0.991277,0,0.37806,0.21436,18.840,0.512,8.721,592.761,-1,549.764,15.606,491.198,491.043,718.748,570.448,-1,-1,-1,-1,849.048,727.255,8.350,22.631,1,0,2,0,1,0,0,0,0,2,2,2,2,0,0,1,1
195,-6313.742,-4782.670,-366.221,-62.267,0.461197,0.883749,0.079281,-0.877224,0.467562,-0.108916,-0.133323,-0.019315,0.990884,0,0.25557,1.00000,18.965,0.489,13.316,583.004,-1,539.932,15.760,484.495,482.560,711.657,572.505,-1,-1,-1,-1,830.408,712.419,18.876,22.517,1,0,2,0,1,0,0,0,0,2,2,2,2,0,0,1,1
196,-6302.695,-4798.100,-368.568,-61.741,0.469021,0.879383,0.081879,-0.872576,0.475718,-0.110921,-0.136494,-0.019421,0.990451,0,0.25574,1.00000,18.977,0.526,13.317,572.723,-1,529.449,15.761,477.450,473.835,704.916,573.435,-1,-1,-1,-1,811.458,697.352,19.526,22.516,1,0,2,0,1,0,0,0,0,2,2,2,2,0,0,1,1
197,-6291.425,-4813.450,-371.031,-61.201,0.477023,0.874805,0.084652,-0.867753,0.484073,-0.112599,-0.139480,-0.019744,0.990028,0,0.25598,1.00000,19.043,0.540,13.308,562.528,-1,518.962,15.728,470.234,465.280,697.327,576.123,-1,-1,-1,-1,792.746,682.798,21.554,22.537,1,0,2,0,1,0,0,0,0,2,2,2,2,0,0,1,1
198,-6280.063,-4828.848,-373.643,-60.687,0.484623,0.870379,0.087069,-0.863124,0.491978,-0.113903,-0.141974,-0.019951,0.989669,0,0.25625,1.00000,19.136,0.515,13.376,553.048,-1,508.810,15.896,463.182,457.073,689.664,577.935,-1,-1,-1,-1,775.087,668.857,25.669,22.432,1,0,2,0,1,0,0,0,0,2,2,2,2,0,0,1,1
199,-6268.476,-4844.148,-376.350,-60.141,0.492649,0.865722,0.088441,-0.858153,0.500169,-0.115778,-0.144467,-0.018858,0.989330,0,0.25645,1.00000,19.192,0.546,13.544,544.187,-1,498.194,16.142,456.215,448.680,684.895,575.070,-1,-1,-1,-1,758.338,654.221,26.342,22.319,1,0,2,0,1,0,0,0,0,2,2,2,2,0,0,1,1
200,-6256.546,-4859.250,-379.050,-59.547,0.501379,0.860648,0.088907,-0.852785,0.508917,-0.117314,-0.146212,-0.017000,0.989107,0,0.25672,1.00000,19.246,0.593,13.528,537.151,-1,488.440,16.128,450.505,441.192,682.007,570.220,-1,-1,-1,-1,743.105,640.872,28.305,22.324,1,0,2,0,1,0,0,0,0,2,2,2,2,0,0,1,1
201,-6244.444,-4874.314,-381.714,-58.952,0.510132,0.855421,0.089552,-0.847379,0.517696,-0.118068,-0.147359,-0.015654,0.988959,0,0.25707,1.00000,19.323,0.596,13.625,530.668,-1,479.784,16.225,445.733,434.423,678.071,566.573,-1,-1,-1,-1,727.243,628.625,29.148,22.289,1,0,2,0,1,0,0,0,0,2,2,2,2,0,0,1,1
202,-6232.082,-4889.184,-384.350,-58.328,0.519223,0.849838,0.090456,-0.841600,0.526848,-0.118917,-0.148717,-0.014384,0.988775,0,0.25743,1.00000,19.338,0.624,13.729,523.627,1000.240,471.040,16.316,441.044,427.576,673.989,562.646,-1,-1,-1,-1,711.014,616.455,28.501,22.262,1,0,0,0,1,0,0,0,0,2,2,2,2,0,0,1,1
203,-6219.380,-4903.736,-386.857,-57.662,0.528854,0.843809,0.091102,-0.835346,0.536493,-0.119884,-0.150035,-0.012701,0.988599,0,0.25784,1.00000,19.315,0.665,13.760,517.178,978.880,462.350,16.341,436.128,421.201,671.018,559.212,-1,-1,-1,-1,695.249,604.750,27.986,22.255,1,0,0,0,1,0,0,0,0,2,2,2,2,0,0,1,1
204,-6206.387,-4918.037,-389.270,-56.964,0.538932,0.837373,0.091432,-0.828743,0.546524,-0.120399,-0.150788,-0.010886,0.988506,0,0.25833,1.00000,19.322,0.698,13.589,511.944,960.216,454.604,16.190,432.204,415.730,668.627,558.810,-1,-1,-1,-1,680.616,594.465,29.336,22.301,1,0,0,0,1,0,0,0,0,2,2,2,2,0,0,1,1
205,-6193.358,-4932.382,-391.718,-56.326,0.548096,0.831283,0.092516,-0.822644,0.555753,-0.119986,-0.151158,-0.010344,0.988455,0,0.25890,1.00000,19.379,0.638,13.779,504.864,942.800,447.600,16.357,428.475,410.596,662.484,557.045,-1,-1,-1,-1,666.092,585.349,27.524,22.251,1,0,0,0,1,0,0,0,0,2,2,2,2,0,0,1,1
206,-6180.122,-4946.598,-394.358,-55.682,0.557281,0.825078,0.093190,-0.816392,0.564942,-0.119770,-0.151467,-0.009334,0.988418,0,0.25933,1.00000,19.424,0.644,13.833,496.884,925.172,440.305,16.395,423.484,405.066,655.512,553.646,-1,-1,-1,-1,651.605,575.719,26.267,22.241,1,0,0,0,1,0,0,0,0,2,2,2,2,0,0,1,1
207,-6166.688,-4960.659,-397.137,-55.031,0.566534,0.818697,0.093678,-0.810024,0.574165,-0.119148,-0.151333,-0.008380,0.988447,0,0.25978,1.00000,19.447,0.651,14.323,489.217,903.532,433.386,16.661,418.784,399.852,648.108,550.059,-1,-1,-1,-1,637.551,566.751,27.971,22.195,1,0,0,0,1,0,0,0,0,2,2,2,2,0,0,1,1
208,-6152.914,-4974.326,-399.989,-54.319,0.576560,0.811650,0.093822,-0.802933,0.584104,-0.118836,-0.151255,-0.006817,0.988471,0,0.26023,1.00000,19.404,0.712,13.963,481.183,881.508,426.305,16.475,413.676,394.549,641.521,545.095,-1,-1,-1,-1,623.466,557.613,28.872,22.224,1,0,0,0,1,0,0,0,0,2,2,2,2,0,0,1,1
209,-6139.069,-4987.965,-402.829,-53.643,0.586039,0.804749,0.094539,-0.796120,0.593582,-0.117696,-0.150833,-0.006289,0.988539,0,0.26082,1.00000,19.435,0.677,14.168,473.243,860.718,419.892,16.589,408.484,389.781,633.206,543.373,-1,-1,-1,-1,609.527,549.575,30.954,22.205,1,0,0,0,1,0,0,0,0,2,2,2,2,0,0,1,1
210,-6124.770,-5001.049,-405.675,-52.884,0.596571,0.797050,0.093891,-0.788353,0.603901,-0.117485,-0.150343,-0.003931,0.988626,0,0.26132,1.00000,19.382,0.758,16.783,465.986,840.042,413.313,17.251,403.799,384.962,627.703,538.762,-1,-1,-1,-1,596.388,541.189,28.406,22.191,1,0,0,0,1,0,0,0,0,2,2,2,2,0,0,1,1
211,-6109.870,-5013.048,-408.454,-51.992,0.608781,0.787991,0.091955,-0.778984,0.615686,-0.118803,-0.150231,0.000694,0.988651,0,0.26200,1.00000,19.130,0.892,16.048,459.078,818.279,406.322,17.135,399.488,379.931,625.966,524.865,-1,-1,-1,-1,583.672,531.989,28.424,22.183,1,0,0,0,1,0,0,0,0,2,2,2,2,0,0,1,1
212,-6095.111,-5025.051,-411.035,-51.171,0.619990,0.779143,0.092454,-0.770311,0.626845,-0.116994,-0.149110,0.001317,0.988820,0,0.26298,1.00000,19.024,0.821,15.924,452.350,800.031,401.940,17.111,395.983,376.666,618.450,517.753,-1,-1,-1,-1,571.023,526.779,28.718,22.182,1,0,0,0,1,0,0,0,0,2,2,2,2,0,0,1,1
213,-6080.149,-5036.740,-413.542,-50.345,0.631208,0.769971,0.093391,-0.761517,0.638079,-0.113787,-0.147203,0.000704,0.989106,0,0.26382,1.00000,18.986,0.826,16.657,443.779,784.125,399.017,17.233,393.165,374.467,609.153,513.187,-1,-1,-1,-1,557.970,523.857,28.424,22.189,1,0,0,0,1,0,0,0,0,2,2,2,2,0,0,1,1
214,-6064.933,-5047.883,-415.915,-49.489,0.642758,0.760298,0.093862,-0.752273,0.649575,-0.110170,-0.144733,0.000203,0.989471,0,0.29608,0.65774,18.861,0.857,25.679,434.722,769.103,397.078,18.791,389.553,372.644,600.292,508.929,-1,-1,-1,-1,545.905,522.461,26.931,22.568,1,0,0,0,1,0,0,0,0,2,2,2,2,0,0,1,1
215,-6049.482,-5057.266,-418.037,-48.451,0.656287,0.748678,0.093642,-0.740513,0.662927,-0.110315,-0.144668,0.003055,0.989475,0,0.29711,0.65297,18.077,1.038,25.926,424.253,747.443,392.783,18.692,383.303,368.566,597.463,500.629,-1,-1,-1,-1,532.445,517.221,27.120,22.532,1,0,0,0,1,0,0,0,0,2,2,2,2,0,0,1,1
216,-6034.404,-5065.957,-419.809,-47.477,0.668823,0.737301,0.095205,-0.729315,0.675558,-0.108261,-0.144138,0.002973,0.989553,0,0.29863,0.64599,17.404,0.973,27.991,414.230,728.622,390.623,18.666,377.892,365.876,590.816,497.908,-1,-1,-1,-1,519.531,513.940,29.259,22.523,1,0,0,0,1,0,0,0,0,2,2,2,2,0,0,1,1
217,-6019.644,-5074.352,-421.461,-46.589,0.680256,0.726536,0.096934,-0.719076,0.687127,-0.103855,-0.142060,0.000945,0.989858,0,0.30004,0.63950,16.981,0.888,29.492,405.709,714.329,390.909,18.253,374.019,365.022,581.254,498.530,-1,-1,-1,-1,508.466,514.240,30.500,22.391,1,0,0,0,1,0,0,0,0,2,2,2,2,0,0,1,1
218,-6004.929,-5081.973,-423.057,-45.674,0.691918,0.715453,0.096829,-0.708400,0.698660,-0.100216,-0.139350,0.000748,0.990243,0,0.30127,0.63379,16.571,0.915,27.197,398.479,701.987,391.010,18.904,371.199,364.967,574.744,495.292,-1,-1,-1,-1,499.212,515.249,28.604,22.609,1,0,0,0,1,0,0,0,0,2,2,2,2,0,0,1,1
219,-5990.408,-5088.779,-424.702,-44.737,0.703701,0.704013,0.095762,-0.697261,0.710185,-0.097283,-0.136497,0.001687,0.990639,0,0.30261,0.62765,16.037,0.938,26.365,391.752,690.200,390.817,18.701,368.715,364.839,570.045,489.398,-1,-1,-1,-1,490.012,516.322,27.584,22.535,1,0,0,0,1,0,0,0,0,2,2,2,2,0,0,1,1
220,-5976.100,-5095.612,-426.459,-43.841,0.714925,0.692786,0.094492,-0.686580,0.721142,-0.092534,-0.132248,0.001278,0.991216,0,0.30403,0.62109,15.856,0.895,25.485,386.003,681.482,392.376,18.665,364.237,362.975,563.047,485.211,-1,-1,-1,-1,481.821,517.000,26.639,22.522,1,0,0,0,1,0,0,0,0,2,2,2,2,0,0,1,1
221,-5961.992,-5102.061,-428.201,-42.935,0.726083,0.681307,0.092866,-0.675546,0.731997,-0.088424,-0.128222,0.001468,0.991744,0,0.30536,0.61497,15.513,0.906,24.701,379.661,672.099,393.655,18.662,358.787,361.034,557.126,480.749,-1,-1,-1,-1,473.754,515.257,25.816,22.521,1,0,0,0,1,0,0,0,0,2,2,2,2,0,0,1,1
222,-5948.114,-5107.650,-429.820,-42.030,0.736967,0.669780,0.090966,-0.664258,0.742554,-0.085874,-0.125064,0.002861,0.992145,0,0.30672,0.60866,14.961,0.905,24.313,372.693,661.567,394.144,18.212,353.145,358.643,553.347,475.250,-1,-1,-1,-1,465.395,512.231,25.116,22.378,1,0,0,0,1,0,0,0,0,2,2,2,2,0,0,1,1
223,-5934.554,-5113.301,-431.378,-41.237,0.746442,0.659380,0.089672,-0.654312,0.751806,-0.081629,-0.121240,0.002257,0.992621,0,0.30814,0.60215,14.691,0.793,25.617,366.246,653.155,392.601,18.104,348.160,357.120,546.372,472.321,-1,-1,-1,-1,457.681,511.395,26.386,22.348,1,0,0,0,1,0,0,0,0,2,2,2,2,0,0,1,1
224,-5921.298,-5119.029,-432.790,-40.510,0.755057,0.649693,0.088245,-0.645097,0.760195,-0.077160,-0.117214,0.001334,0.993106,0,0.30930,0.59678,14.440,0.727,16.579,360.361,645.944,391.419,17.228,343.660,356.023,539.098,470.240,-1,-1,-1,-1,450.702,511.423,30.506,22.189,1,0,0,0,1,0,0,0,0,2,2,2,2,0,0,1,1
225,-5908.372,-5125.364,-433.972,-39.866,0.762691,0.640980,0.086295,-0.636931,0.767558,-0.071933,-0.112344,-0.000101,0.993669,0,0.31032,0.59209,14.395,0.644,13.897,355.678,641.466,391.475,16.441,340.064,354.631,531.389,469.357,-1,-1,-1,-1,445.361,508.739,33.564,22.232,1,0,0,0,1,0,0,0,0,2,2,2,2,0,0,1,1
226,-5895.588,-5132.422,-434.974,-39.359,0.768804,0.634077,0.082986,-0.630580,0.773269,-0.066508,-0.106342,-0.001198,0.994329,0,0.31112,0.58840,14.603,0.507,13.664,352.588,640.145,392.646,16.266,337.946,352.077,524.094,468.341,-1,-1,-1,-1,442.232,506.840,34.111,22.276,1,0,0,0,1,0,0,0,0,2,2,2,2,0,0,1,1
227,-5882.752,-5139.688,-435.797,-38.865,0.774725,0.627501,0.077742,-0.624339,0.778616,-0.062908,-0.100006,0.000199,0.994987,0,0.31157,0.58630,14.749,0.494,13.493,350.675,639.994,393.631,16.087,335.847,349.732,520.778,464.551,-1,-1,-1,-1,440.816,504.610,33.009,22.342,1,0,0,0,1,0,0,0,0,2,2,2,2,0,0,1,1
228,-5869.964,-5147.209,-436.476,-38.394,0.780293,0.621293,0.071675,-0.618313,0.783572,-0.060862,-0.093976,0.003172,0.995569,0,0.31198,0.58441,14.836,0.471,13.368,349.118,639.248,393.979,15.890,333.250,347.160,520.218,458.274,-1,-1,-1,-1,439.975,501.499,30.658,22.437,1,0,0,0,1,0,0,0,0,2,2,2,2,0,0,1,1
229,-5857.163,-5154.923,-437.099,-37.953,0.785430,0.615489,0.065371,-0.612611,0.788115,-0.059859,-0.088363,0.006968,0.996064,0,0.31232,0.58285,14.946,0.441,13.273,347.525,637.713,389.941,15.560,330.477,344.220,520.909,451.261,-1,-1,-1,-1,439.087,497.509,27.660,22.668,1,0,0,0,1,0,0,0,0,2,2,2,2,0,0,1,1
230,-5844.386,-5162.883,-437.734,-37.572,0.789829,0.610391,0.059944,-0.607627,0.792036,-0.058886,-0.083422,0.010086,0.996463,0,0.31257,0.58169,15.054,0.382,13.291,345.162,634.643,385.467,15.203,327.130,340.774,520.330,445.100,-1,-1,-1,-1,437.145,492.850,25.401,23.052,1,0,0,0,1,0,0,0,0,2,2,2,2,0,0,1,1
231,-5831.562,-5171.079,-438.433,-37.262,0.793438,0.606175,0.054845,-0.603606,0.795238,-0.057061,-0.078204,0.012169,0.996863,0,0.34320,0.17002,15.219,0.310,13.369,342.713,632.072,381.473,14.930,323.824,337.566,517.750,439.801,-1,-1,-1,-1,435.196,489.216,28.146,23.484,1,0,0,0,1,0,0,0,0,2,2,2,2,0,0,1,1
232,-5818.644,-5179.465,-439.107,-36.991,0.796676,0.602413,0.049042,-0.600145,0.798069,-0.053955,-0.071642,0.013552,0.997338,0,0.34312,0.17036,15.402,0.271,13.474,341.313,633.169,378.948,14.698,321.492,335.635,514.016,435.459,-1,-1,-1,-1,434.852,486.272,32.623,23.989,1,0,0,0,1,0,0,0,0,2,2,2,2,0,0,1,1
233,-5805.688,-5188.067,-439.700,-36.773,0.799349,0.599345,0.042735,-0.597409,0.800356,-0.050333,-0.064370,0.014703,0.997818,0,0.34292,0.17119,15.551,0.218,13.590,340.658,636.349,377.285,14.503,319.796,333.803,508.553,431.640,-1,-1,-1,-1,435.569,484.491,32.300,24.548,1,0,0,0,1,0,0,0,0,2,2,2,2,0,0,1,1
234,-5792.710,-5196.870,-440.184,-36.594,0.801591,0.596822,0.035440,-0.595192,0.802200,-0.047133,-0.056560,0.016688,0.998260,0,0.34258,0.17264,15.682,0.179,13.781,340.891,641.363,376.268,14.241,318.830,331.838,503.840,426.219,-1,-1,-1,-1,437.666,483.369,29.146,25.589,1,0,0,0,1,0,0,0,0,2,2,2,2,0,0,1,1
235,-5779.828,-5205.962,-440.520,-36.478,0.803149,0.595133,0.027740,-0.593812,0.803409,-0.043836,-0.048374,0.018735,0.998654,0,0.34211,0.17457,15.767,0.117,13.981,341.818,625.269,375.937,14.018,318.457,330.401,499.812,421.056,-1,-1,-1,-1,440.855,483.208,27.191,26.907,1,0,1,0,1,0,0,0,0,2,2,2,2,0,0,1,1
236,-5767.107,-5215.349,-440.639,-36.431,0.803936,0.594398,0.019467,-0.593388,0.803897,-0.040515,-0.039731,0.021020,0.998989,0,0.34148,0.17724,15.810,0.046,14.183,343.771,611.432,376.330,13.829,318.701,329.676,496.082,416.087,-1,-1,-1,-1,445.209,484.384,25.889,25.346,1,0,1,0,1,0,0,0,0,2,2,2,2,0,0,1,1
237,-5754.590,-5225.065,-440.607,-36.474,0.803724,0.594884,0.011817,-0.594171,0.803493,-0.036882,-0.031435,0.022621,0.999250,0,0.34066,0.18070,15.845,-0.043,14.172,345.700,600.427,375.795,13.651,318.922,329.201,491.218,412.179,-1,-1,-1,-1,448.346,486.363,25.945,12.347,1,0,1,0,1,0,0,0,0,2,2,2,2,0,0,1,1
238,-5742.136,-5234.916,-440.464,-36.545,0.803169,0.595735,0.004330,-0.595280,0.802802,-0.033928,-0.023688,0.024672,0.999415,0,0.33959,0.18517,15.879,-0.070,13.998,347.534,590.281,374.826,598.888,318.941,328.542,487.064,408.079,-1,928.670,869.973,-1,451.459,487.644,27.057,557.581,1,0,1,0,0,0,0,0,0,2,0,0,2,0,0,1,0
239,-5729.703,-5244.816,-440.217,-36.595,0.802776,0.596266,-0.004175,-0.596076,0.802299,-0.031774,-0.015596,0.027996,0.999486,0,0.33845,0.18998,15.894,-0.050,13.745,350.137,580.074,374.099,600.210,319.607,328.161,485.065,402.779,-1,727.607,711.777,-1,456.600,489.049,29.604,558.578,1,0,1,0,0,0,0,0,0,2,0,0,2,0,0,1,0
240,-5714.651,-5256.473,-439.776,-36.583,0.802979,0.595812,-0.015249,-0.595981,0.802440,-0.029943,-0.005604,0.033132,0.999435,0,0.33734,0.19463,19.037,0.011,13.365,352.894,565.927,373.405,600.625,320.985,327.931,485.393,395.441,-1,620.529,615.575,-1,464.316,490.469,41.462,559.531,1,0,1,0,0,0,0,0,0,2,0,0,2,0,0,1,0
241,-5704.448,-5263.942,-439.432,-36.491,0.803945,0.594244,-0.023366,-0.594702,0.803413,-0.029274,0.001377,0.037430,0.999298,0,0.33618,0.19949,12.645,0.092,13.271,355.399,554.142,372.888,599.576,322.261,327.923,487.301,389.504,-1,573.590,567.513,-1,470.703,491.328,39.396,16.561,1,0,1,0,0,0,0,0,0,2,0,0,2,0,0,1,1
242,-5691.373,-5272.423,-438.887,-36.191,0.807017,0.589582,-0.033418,-0.590460,0.806492,-0.030451,0.008998,0.044307,0.998977,0,0.33562,0.20185,15.585,0.300,13.393,358.081,533.681,370.472,15.604,323.049,326.695,492.808,380.819,-1,538.791,532.402,-1,459.426,489.648,36.690,12.700,1,0,1,0,1,0,0,0,0,2,0,0,2,1,0,1,1
243,-5678.080,-5280.279,-438.171,-35.747,0.811502,0.582817,-0.042293,-0.584141,0.811016,-0.032120,0.015580,0.050770,0.998589,0,0.33540,0.20278,15.441,0.444,13.303,359.907,531.993,367.112,12.376,323.006,324.666,498.486,373.149,-1,518.758,511.636,-1,442.806,486.296,37.171,10.189,1,0,1,0,1,0,0,0,0,2,0,0,2,1,0,1,1
244,-5664.729,-5287.928,-437.233,-35.331,0.815625,0.576446,-0.049653,-0.578159,0.815300,-0.031913,0.022086,0.054736,0.998257,0,0.33555,0.20216,15.387,0.416,13.268,361.423,552.669,364.852,8.122,323.014,323.132,500.814,368.697,-1,502.674,495.065,-1,426.351,484.723,38.906,22.793,1,0,1,0,1,0,0,0,0,2,0,0,2,1,0,1,1
245,-5651.394,-5295.529,-436.063,-34.969,0.819115,0.570876,-0.056131,-0.572882,0.819114,-0.029292,0.029256,0.056150,0.997994,0,0.33563,0.20180,15.350,0.362,13.305,363.345,572.341,364.555,8.320,323.703,322.852,499.706,367.411,-1,486.031,479.654,-1,409.877,486.277,40.801,23.152,1,0,1,0,1,0,0,0,0,2,0,0,2,1,0,1,1
246,-5638.175,-5303.306,-434.806,-34.711,0.821451,0.566886,-0.062114,-0.569041,0.821964,-0.023822,0.037551,0.054914,0.997785,0,0.33558,0.20200,15.336,0.257,13.296,366.316,545.099,366.565,11.729,325.106,324.111,494.604,369.092,-1,467.701,461.608,-1,393.213,491.871,41.015,9.915,1,0,1,0,1,0,0,0,0,2,0,0,2,1,0,1,1
247,-5624.996,-5310.932,-433.470,-34.473,0.823488,0.563122,-0.069007,-0.565404,0.824617,-0.018028,0.046752,0.053863,0.997453,0,0.33527,0.20333,15.227,0.238,13.270,370.750,379.893,369.792,598.741,327.568,326.396,490.221,370.832,-1,448.658,442.715,-1,366.500,499.959,42.775,563.729,1,0,1,0,0,0,0,0,0,2,0,0,2,1,0,1,0
248,-5611.773,-5318.416,-432.166,-34.206,0.825686,0.558802,-0.077346,-0.561270,0.827530,-0.013018,0.056732,0.054161,0.996919,0,0.33491,0.20484,15.193,0.267,13.278,376.661,365.510,373.437,612.360,330.938,329.488,487.906,371.221,-1,428.465,424.062,-1,339.511,508.684,42.300,577.682,1,0,1,0,0,0,0,0,0,2,0,0,2,1,0,1,0
249,-5598.511,-5325.627,-430.918,-33.890,0.828281,0.553694,-0.085875,-0.556370,0.830886,-0.009010,0.066363,0.055242,0.996265,0,0.33462,0.20606,15.096,0.316,13.391,372.543,335.086,376.424,623.983,334.147,332.235,486.818,370.726,-1,411.379,408.188,-1,313.499,516.409,39.681,590.910,1,1,1,0,0,0,0,0,0,2,0,0,2,1,0,1,0
250,-5585.193,-5332.414,-429.731,-33.499,0.831546,0.547448,-0.093974,-0.550376,0.834892,-0.006418,0.074945,0.057058,0.995554,0,0.33445,0.20675,14.947,0.391,13.493,355.241,305.372,378.283,629.544,336.780,333.752,486.951,369.396,-1,402.135,395.620,967.886,288.871,521.873,38.612,599.254,1,1,1,0,0,0,0,0,0,2,0,0,0,1,0,1,0
251,-5571.886,-5338.840,-428.550,-33.056,0.835292,0.540411,-0.101209,-0.543613,0.839322,-0.004905,0.082296,0.059116,0.994853,0,0.33448,0.20663,14.778,0.443,13.471,338.596,279.255,378.678,629.176,338.549,334.154,487.635,367.824,-1,395.575,387.698,917.205,265.703,525.166,38.931,602.481,1,1,1,0,0,0,0,0,0,2,0,0,0,1,0,1,0
252,-5558.603,-5345.076,-427.331,-32.623,0.838871,0.533482,-0.108131,-0.536945,0.843610,-0.003491,0.089358,0.060989,0.994130,0,0.33466,0.20591,14.675,0.434,13.471,322.203,254.632,378.768,629.122,322.410,334.466,488.044,366.700,-1,389.947,381.224,876.659,243.360,528.337,40.477,606.350,1,1,1,0,0,1,0,0,0,2,0,0,0,1,0,1,0
253,-5545.361,-5351.268,-425.944,-32.213,0.841998,0.526877,-0.115927,-0.530510,0.847679,-0.000566,0.097971,0.061977,0.993258,0,0.33481,0.20527,14.618,0.409,13.459,296.242,228.446,381.393,639.071,304.916,336.837,487.413,366.895,-1,382.003,372.041,841.495,220.719,536.183,41.795,15.602,1,1,1,0,0,1,0,0,0,2,0,0,0,1,0,1,1
254,-5532.252,-5357.392,-424.276,-31.851,0.844487,0.521058,-0.123860,-0.524645,0.851310,0.004244,0.107654,0.061399,0.992291,0,0.33490,0.20489,14.468,0.362,13.977,264.445,212.140,386.673,16.377,287.683,341.399,484.906,369.168,-1,372.269,362.588,812.541,198.203,549.077,41.115,12.946,1,1,1,0,1,1,0,0,0,2,0,0,0,1,0,1,1
255,-5519.116,-5363.046,-422.450,-31.443,0.847235,0.514525,-0.132127,-0.518024,0.855318,0.009041,0.117662,0.060785,0.991192,0,0.33488,0.20497,14.301,0.408,23.543,233.406,199.387,393.277,686.451,270.994,346.771,483.023,371.905,-1,360.979,353.534,784.891,213.361,564.239,37.624,16.724,1,1,1,0,0,1,0,0,0,2,0,0,0,1,0,1,1
256,-5506.077,-5367.348,-420.667,-30.876,0.851440,0.505335,-0.140307,-0.509102,0.860645,0.010298,0.125958,0.062662,0.990055,0,0.33499,0.20451,13.731,0.566,32.553,204.631,187.273,396.964,17.682,255.745,350.559,485.802,372.331,-1,355.322,348.034,757.678,234.523,573.852,34.135,12.037,1,1,1,0,1,1,0,0,0,2,0,0,0,1,0,1,1
257,-5493.560,-5369.858,-418.811,-30.190,0.856832,0.494063,-0.147450,-0.498480,0.866865,0.007952,0.131748,0.066687,0.989038,0,0.49241,0.04032,12.766,0.687,34.046,178.957,176.252,397.319,18.234,242.479,352.223,493.134,371.137,-1,356.309,346.985,734.416,245.563,576.736,35.180,22.384,1,1,1,0,1,1,0,0,0,2,0,0,0,1,0,1,1
258,-5481.548,-5372.371,-416.739,-29.590,0.861201,0.484622,-0.153215,-0.489022,0.872213,0.010095,0.138528,0.066232,0.988141,0,0.49387,0.03613,12.272,0.600,30.075,154.536,165.852,401.831,17.916,208.242,356.322,493.711,374.919,-1,354.463,344.839,721.977,210.058,511.792,34.577,22.301,1,1,1,0,1,1,0,0,0,2,0,0,0,1,1,1,1
259,-5469.901,-5374.980,-414.626,-29.012,0.865126,0.476048,-0.157907,-0.479782,0.877241,0.016067,0.146171,0.061861,0.987323,0,0.49505,0.03276,11.936,0.578,25.461,132.461,155.922,409.586,17.806,174.484,362.397,488.225,382.779,-1,349.471,341.504,714.212,177.010,608.322,33.875,22.276,1,1,1,0,1,1,0,0,0,2,0,0,0,1,0,1,1
260,-5458.265,-5377.686,-412.597,-28.469,0.868341,0.468242,-0.163505,-0.470868,0.881856,0.024761,0.155782,0.055488,0.986232,0,0.49615,0.02961,11.947,0.543,31.471,157.444,146.346,390.603,15.261,141.493,371.210,479.407,392.803,-1,338.564,333.912,706.251,167.595,636.014,32.992,10.400,1,1,1,1,1,1,0,0,0,2,0,0,0,1,0,1,1
261,-5446.662,-5379.682,-410.845,-27.825,0.872077,0.458508,-0.171032,-0.460280,0.887213,0.031546,0.166206,0.051212,0.984760,0,0.49711,0.02687,11.773,0.644,33.055,169.040,137.450,351.241,872.069,139.442,229.572,474.145,399.948,989.821,326.146,323.872,690.295,159.144,666.380,34.525,906.273,1,1,1,1,0,1,1,0,0,0,0,0,0,1,0,1,0
262,-5435.159,-5381.506,-409.377,-27.196,0.875318,0.448933,-0.179661,-0.449772,0.892318,0.038393,0.177550,0.047200,0.982979,0,0.49848,0.02292,11.647,0.629,32.392,181.916,128.988,314.625,952.314,153.553,167.022,468.776,406.570,933.527,312.770,311.601,671.483,151.072,704.930,33.824,998.971,1,1,1,1,0,1,1,0,0,0,0,0,0,1,0,1,0
263,-5424.066,-5383.021,-408.226,-26.571,0.878341,0.439423,-0.188214,-0.439285,0.897232,0.044751,0.188536,0.043373,0.981108,0,0.49982,0.01909,11.196,0.625,34.150,184.775,121.086,200.943,-1,163.725,190.663,463.233,412.614,885.976,298.231,299.608,652.708,143.579,739.845,35.637,-1,1,1,1,1,2,1,1,0,0,0,0,0,0,1,0,1,2
264,-5417.840,-5383.511,-408.019,-25.818,0.883094,0.428495,-0.191143,-0.427256,0.902758,0.049805,0.193898,0.037685,0.980298,0,0.50120,0.01516,6.246,0.753,24.284,153.113,117.141,164.921,-1,165.825,194.710,456.250,418.838,844.417,290.213,294.705,647.386,140.830,761.602,40.525,-1,1,1,1,1,2,1,1,0,0,0,0,0,0,1,0,1,2
265,-5416.350,-5383.530,-408.717,-25.275,0.886576,0.421326,-0.190962,-0.418616,0.906413,0.056352,0.196833,0.029979,0.979979,0,0.50340,0.00884,1.490,0.543,16.357,162.308,117.054,145.835,-1,164.373,196.143,445.896,426.029,803.185,281.865,289.964,650.223,141.857,231.799,42.911,-1,1,1,1,1,2,1,1,0,0,0,0,0,0,1,1,1,2
266,-5417.441,-5382.792,-409.934,-25.096,0.887368,0.419444,-0.191429,-0.415597,0.907445,0.061822,0.199642,0.024699,0.979558,0,0.50521,0.00367,1.317,0.179,15.064,179.151,119.265,143.133,-1,163.647,197.701,437.569,430.245,772.781,271.655,281.152,649.338,144.600,221.897,43.705,-1,1,1,1,1,2,1,1,0,0,0,0,0,0,1,1,1,2
267,-5419.470,-5381.889,-411.087,-25.098,0.886745,0.419949,-0.193201,-0.415352,0.907282,0.065739,0.202895,0.021952,0.978954,0,0.50598,0.00147,2.221,-0.002,14.755,188.272,122.237,149.424,-1,165.012,200.543,432.689,431.937,749.635,261.192,270.743,643.589,147.775,234.071,43.246,-1,1,1,1,1,2,1,1,0,0,0,0,0,0,1,1,1,2
268,-5421.337,-5381.233,-411.778,-25.150,0.885694,0.420844,-0.196053,-0.415834,0.906886,0.068125,0.206468,0.021188,0.978224,0,0.45461,0.54824,1.979,-0.052,14.729,184.557,124.880,159.117,-1,168.629,204.891,431.308,432.138,734.120,252.296,261.158,634.799,150.484,253.204,41.717,-1,1,1,1,1,2,1,1,0,0,0,0,0,0,1,1,1,2
269,-5422.843,-5380.852,-411.924,-25.192,0.884845,0.421334,-0.198814,-0.416217,0.906645,0.068972,0.209314,0.021720,0.977607,0,0.45461,0.54825,1.554,-0.041,14.758,175.063,126.871,168.411,-1,172.993,209.347,432.725,431.638,726.308,246.795,254.838,626.763,152.536,833.295,39.801,-1,1,1,1,1,2,1,1,0,0,0,0,0,0,1,0,1,2
270,-5424.136,-5380.637,-411.614,-25.214,0.884422,0.421409,-0.200532,-0.416442,0.906580,0.068469,0.210652,0.022954,0.977292,0,0.45459,0.54829,1.311,-0.022,14.692,166.493,128.272,175.667,-1,176.647,212.613,435.979,430.943,726.030,245.350,252.814,622.132,154.029,839.649,37.660,-1,1,1,1,1,2,1,1,0,0,0,0,0,0,1,0,1,2
271,-5425.202,-5380.553,-410.997,-25.227,0.884361,0.421354,-0.200915,-0.416666,0.906571,0.067213,0.210465,0.024274,0.977300,0,0.45461,0.54823,1.069,-0.013,14.722,160.965,129.097,180.612,-1,178.957,214.339,439.804,430.536,731.367,247.347,254.624,621.727,154.946,840.271,35.364,-1,1,1,1,1,2,1,1,0,0,0,0,0,0,1,0,1,2
272,-5425.974,-5380.482,-410.252,-25.209,0.884746,0.420833,-0.200312,-0.416504,0.906778,0.065408,0.209165,0.025562,0.977546,0,0.45463,0.54816,0.775,0.018,13.755,159.049,129.472,182.087,-1,179.851,214.523,443.777,430.273,740.144,251.608,259.014,624.149,155.468,836.196,34.183,-1,1,1,1,1,2,1,1,0,0,0,0,0,0,1,0,1,2
273,-5426.403,-5380.470,-409.537,-25.174,0.885319,0.420157,-0.199196,-0.416115,0.907068,0.063838,0.207506,0.026372,0.977878,0,0.45474,0.54783,0.429,0.035,13.414,159.270,129.483,181.430,-1,179.856,213.981,446.850,430.456,748.971,256.427,264.214,628.198,155.628,831.335,33.493,-1,1,1,1,1,2,1,1,0,0,0,0,0,0,1,0,1,2
274,-5426.452,-5380.553,-408.966,-25.134,0.885864,0.419523,-0.198103,-0.415616,0.907357,0.062987,0.206175,0.026537,0.978155,0,0.45487,0.54740,0.096,0.040,13.296,159.145,129.211,179.837,-1,179.589,213.476,448.484,431.127,754.922,260.336,268.616,632.373,155.463,827.816,33.406,-1,1,1,1,1,2,1,1,0,0,0,0,0,0,1,0,1,2
275,-5426.112,-5380.731,-408.603,-25.090,0.886303,0.418918,-0.197419,-0.414993,0.907647,0.062914,0.205543,0.026167,0.978298,0,0.45499,0.54702,0.384,0.044,13.270,158.727,128.721,177.730,-1,179.417,213.356,448.721,432.072,756.902,262.538,271.269,635.401,155.037,826.657,33.823,-1,1,1,1,1,2,1,1,0,0,0,0,0,0,1,0,1,2
276,-5425.387,-5381.017,-408.448,-25.044,0.886599,0.418327,-0.197346,-0.414259,0.907940,0.063514,0.205748,0.025440,0.978274,0,0.45509,0.54669,0.779,0.046,13.277,158.029,128.029,175.362,-1,179.572,213.793,447.829,433.092,754.969,262.819,271.849,636.581,154.364,828.140,34.605,-1,1,1,1,1,2,1,1,0,0,0,0,0,0,1,0,1,2
277,-5424.298,-5381.420,-408.455,-24.996,0.886771,0.417712,-0.197874,-0.413429,0.908247,0.064533,0.206674,0.024581,0.978101,0,0.45517,0.54643,1.161,0.048,13.341,157.041,127.119,172.740,-1,180.085,198.087,446.243,433.992,750.257,261.552,270.684,635.851,153.432,831.713,35.845,-1,1,1,1,1,2,1,1,0,0,0,0,0,0,1,0,1,2
278,-5422.880,-5381.957,-408.552,-24.948,0.886852,0.417085,-0.198833,-0.412562,0.908557,0.065704,0.208055,0.023761,0.977828,0,0.45523,0.54625,1.517,0.048,13.458,155.730,125.947,169.844,-1,180.856,168.139,444.360,434.677,744.336,259.437,268.497,633.717,152.197,836.416,36.270,-1,1,1,1,1,2,1,1,0,0,0,0,0,0,1,0,1,2
279,-5421.518,-5382.548,-408.727,-24.896,0.887063,0.416371,-0.199385,-0.411680,0.908901,0.066473,0.208899,0.023117,0.977664,0,0.28959,0.88768,1.485,0.052,13.456,154.377,124.699,166.105,-1,180.726,149.855,442.587,434.935,740.111,258.029,267.061,632.138,150.905,838.534,36.355,-1,1,1,1,1,2,1,1,0,0,0,0,0,0,1,0,1,2
280,-5421.004,-5382.857,-409.082,-24.839,0.887693,0.415438,-0.198526,-0.410905,0.909320,0.065529,0.207747,0.023406,0.977903,0,0.28961,0.88756,0.600,0.057,13.461,153.748,123.956,160.700,-1,177.871,171.260,442.174,433.650,742.618,259.226,268.341,632.554,150.253,242.413,36.095,-1,1,1,1,1,2,1,1,0,0,0,0,0,0,1,1,1,2
281,-5421.091,-5382.987,-409.543,-24.802,0.888396,0.414691,-0.196936,-0.410543,0.909633,0.063428,0.205442,0.024501,0.978363,0,0.28969,0.88717,0.157,0.037,13.468,157.359,123.582,155.464,-1,173.642,207.964,442.865,431.194,749.973,261.963,271.102,633.740,150.006,235.772,35.935,-1,1,1,1,1,2,1,1,0,0,0,0,0,0,1,1,1,2
282,-5421.391,-5383.088,-410.016,-24.786,0.888961,0.414175,-0.195466,-0.410500,0.909824,0.060919,0.203071,0.026084,0.978817,0,0.28975,0.88683,0.317,0.016,13.464,173.888,123.367,151.398,-1,169.588,202.996,444.257,428.176,759.005,264.837,273.814,634.163,149.896,232.107,36.027,-1,1,1,1,1,2,1,1,0,0,0,0,0,0,1,1,1,2
283,-5421.622,-5383.247,-410.422,-24.782,0.889317,0.413791,-0.194658,-0.410575,0.909945,0.058541,0.201352,0.027861,0.979123,0,0.28979,0.88665,0.280,0.005,13.456,185.905,123.164,148.758,-1,166.678,199.170,446.037,425.122,767.243,266.920,275.503,632.966,149.758,230.604,36.362,-1,1,1,1,1,2,1,1,0,0,0,0,0,0,1,1,1,2
284,-5421.705,-5383.458,-410.722,-24.776,0.889536,0.413390,-0.194510,-0.410566,0.910075,0.056565,0.200402,0.029542,0.979268,0,0.28980,0.88661,0.226,0.006,13.448,192.148,122.943,147.134,-1,165.018,196.705,447.905,422.442,773.520,268.067,276.138,630.529,149.582,229.896,36.761,-1,1,1,1,1,2,1,1,0,0,0,0,0,0,1,1,1,2
285,-5421.621,-5383.710,-410.843,-24.767,0.889589,0.413041,-0.195007,-0.410418,0.910200,0.055619,0.200469,0.030556,0.979223,0,0.28980,0.88660,0.266,0.009,13.437,190.956,122.745,146.927,-1,164.977,196.226,449.183,420.947,775.658,267.930,275.560,627.700,149.402,230.083,37.208,-1,1,1,1,1,2,1,1,0,0,0,0,0,0,1,1,1,2
286,-5421.482,-5383.928,-410.793,-24.752,0.889570,0.412727,-0.195760,-0.410129,0.910332,0.055582,0.201146,0.030843,0.979075,0,0.28980,0.88660,0.258,0.015,13.432,185.404,122.637,147.622,-1,166.013,197.177,449.803,420.668,774.517,267.104,274.498,625.508,149.309,230.542,37.489,-1,1,1,1,1,2,1,1,0,0,0,0,0,0,1,1,1,2
287,-5421.385,-5384.077,-410.625,-24.735,0.889544,0.412501,-0.196355,-0.409802,0.910446,0.056135,0.201926,0.030532,0.978925,0,0.28981,0.88654,0.178,0.017,13.429,179.163,122.624,148.706,-1,167.386,198.728,449.826,421.329,771.797,266.287,273.701,624.702,149.312,231.051,37.625,-1,1,1,1,1,2,1,1,0,0,0,0,0,0,1,1,1,2
288,-5421.382,-5384.137,-410.398,-24.720,0.889551,0.412385,-0.196565,-0.409522,0.910521,0.056950,0.202462,0.029838,0.978836,0,0.28983,0.88643,0.060,0.015,13.428,174.600,122.695,149.759,-1,168.551,200.217,449.425,422.558,768.944,265.919,273.582,625.465,149.403,231.436,37.626,-1,1,1,1,1,2,1,1,0,0,0,0,0,0,1,1,1,2
289,-5421.420,-5384.159,-410.139,-24.705,0.889571,0.412341,-0.196567,-0.409255,0.910573,0.058023,0.202914,0.028830,0.978772,0,0.45380,0.92644,0.044,0.015,13.430,170.794,122.810,150.852,-1,169.639,201.759,448.640,424.219,765.591,265.688,273.755,627.173,149.538,231.771,37.555,-1,1,1,1,1,2,1,1,0,0,0,0,0,0,1,1,1,2
290,-5421.400,-5384.187,-409.852,-24.683,0.889584,0.412193,-0.196816,-0.408845,0.910675,0.059304,0.203681,0.027712,0.978645,0,0.45385,0.92630,0.035,0.022,13.433,165.116,122.937,152.079,-1,171.169,203.810,447.793,426.087,761.088,265.014,273.469,628.436,149.696,231.772,37.374,-1,1,1,1,1,2,1,1,0,0,0,0,0,0,1,1,1,2
291,-5421.375,-5384.216,-409.563,-24.662,0.889564,0.412057,-0.197194,-0.408432,0.910770,0.060671,0.204598,0.026570,0.978485,0,0.45391,0.92609,0.039,0.021,13.438,158.724,123.088,153.538,-1,172.907,206.096,446.925,428.004,756.137,264.089,272.904,629.407,149.873,232.065,37.198,-1,1,1,1,1,2,1,1,0,0,0,0,0,0,1,1,1,2
292,-5421.367,-5384.243,-409.295,-24.641,0.889536,0.411916,-0.197615,-0.408023,0.910865,0.061985,0.205533,0.025494,0.978318,0,0.45397,0.92588,0.028,0.021,13.441,153.641,123.260,155.037,-1,174.643,208.355,446.124,429.818,751.278,263.090,272.226,630.139,150.073,232.502,37.029,-1,1,1,1,1,2,1,1,0,0,0,0,0,0,1,1,1,2
293,-5421.378,-5384.268,-409.064,-24.620,0.889523,0.411753,-0.198012,-0.407625,0.910965,0.063129,0.206375,0.024560,0.978165,0,0.45404,0.92568,0.028,0.021,13.444,153.820,123.431,156.367,-1,176.200,188.503,445.458,431.398,746.963,262.167,271.579,630.669,150.278,232.868,36.872,-1,1,1,1,1,2,1,1,0,0,0,0,0,0,1,1,1,2
294,-5421.371,-5384.308,-408.869,-24.596,0.889536,0.411517,-0.198441,-0.407194,0.911091,0.064080,0.207168,0.023803,0.978016,0,0.45410,0.92548,0.040,0.023,13.449,153.978,123.573,157.419,-1,177.621,169.129,444.976,432.692,743.144,261.274,270.895,630.811,150.459,232.874,36.688,-1,1,1,1,1,2,1,1,0,0,0,0,0,0,1,1,1,2
295,-5421.385,-5384.359,-408.728,-24.577,0.889575,0.411313,-0.198691,-0.406840,0.911199,0.064789,0.207696,0.023201,0.977918,0,0.45417,0.92526,0.054,0.020,13.450,154.099,123.674,158.151,-1,178.584,156.215,444.577,433.681,740.349,260.698,270.509,631.089,150.597,232.806,36.589,-1,1,1,1,1,2,1,1,0,0,0,0,0,0,1,1,1,2
296,-5421.382,-5384.431,-408.635,-24.556,0.889656,0.411061,-0.198848,-0.406492,0.911323,0.065228,0.208028,0.022800,0.977857,0,0.45423,0.92508,0.071,0.021,13.453,154.170,123.715,158.376,-1,179.180,147.907,444.346,434.315,738.472,260.359,270.311,631.235,150.678,232.284,36.512,-1,1,1,1,1,2,1,1,0,0,0,0,0,0,1,1,1,2
297,-5421.352,-5384.530,-408.589,-24.534,0.889780,0.410751,-0.198934,-0.406138,0.911468,0.065413,0.208191,0.022591,0.977827,0,0.45428,0.92489,0.104,0.022,13.455,154.180,123.688,157.823,-1,179.445,143.356,444.276,434.606,737.422,260.228,270.271,631.209,150.694,231.269,36.463,-1,1,1,1,1,2,1,1,0,0,0,0,0,0,1,1,1,2
298,-5421.313,-5384.650,-408.589,-24.513,0.889943,0.410420,-0.198890,-0.405812,0.911618,0.065342,0.208129,0.022561,0.977841,0,0.45434,0.92471,0.126,0.021,13.455,154.136,123.599,157.060,-1,179.305,143.276,444.338,434.568,737.316,260.377,270.479,631.178,150.650,229.903,36.456,-1,1,1,1,1,2,1,1,0,0,0,0,0,0,1,1,1,2
299,-5421.209,-5384.828,-408.613,-24.489,0.890110,0.410019,-0.198971,-0.405435,0.911796,0.065194,0.208151,0.022640,0.977835,0,0.61525,0.45535,0.206,0.024,13.454,154.020,123.442,156.166,-1,179.214,142.370,444.498,434.341,737.191,260.382,270.475,630.617,150.537,228.345,36.490,-1,1,1,1,1,2,1,1,0,0,0,0,0,0,1,1,1,2
300,-5421.042,-5385.059,-408.639,-24.460,0.890266,0.409526,-0.199286,-0.404974,0.912013,0.065021,0.208379,0.022820,0.977782,0,0.61533,0.45518,0.286,0.028,13.451,153.857,123.242,155.225,-1,179.391,138.581,444.807,433.984,736.739,260.103,270.100,629.324,150.384,226.723,36.550,-1,1,1,1,1,2,1,1,0,0,0,0,0,0,1,1,1,2
301,-5420.890,-5385.297,-408.672,-24.429,0.890455,0.408974,-0.199575,-0.404478,0.912254,0.064732,0.208537,0.023083,0.977742,0,0.61541,0.45499,0.283,0.031,13.450,153.704,123.040,154.192,-1,179.475,136.124,445.245,433.501,736.634,259.935,269.826,627.971,150.238,224.940,36.609,-1,1,1,1,1,2,1,1,0,0,0,0,0,0,1,1,1,2
302,-5420.784,-5385.522,-408.710,-24.398,0.890684,0.408417,-0.199695,-0.403993,0.912496,0.064346,0.208501,0.023363,0.977743,0,0.61550,0.45478,0.249,0.031,13.449,153.576,122.848,153.102,-1,179.298,136.578,445.714,432.976,737.065,260.058,269.883,627.006,150.111,223.025,36.650,-1,1,1,1,1,2,1,1,0,0,0,0,0,0,1,1,1,2
303,-5420.718,-5385.730,-408.749,-24.367,0.890942,0.407888,-0.199626,-0.403539,0.912727,0.063923,0.208277,0.023605,0.977785,0,0.61559,0.45455,0.218,0.030,13.448,153.465,122.666,151.981,-1,178.869,139.609,446.126,432.485,737.904,260.459,270.278,626.550,149.994,221.037,36.686,-1,1,1,1,1,2,1,1,0,0,0,0,0,0,1,1,1,2
304,-5420.662,-5385.929,-408.778,-24.337,0.891208,0.407377,-0.199478,-0.403091,0.912951,0.063552,0.208003,0.023770,0.977839,0,0.61569,0.45432,0.207,0.030,13.447,153.358,122.487,150.826,-1,178.382,142.961,446.446,432.106,738.721,260.952,270.810,626.405,149.881,218.998,36.712,-1,1,1,1,1,2,1,1,0,0,0,0,0,0,1,1,1,2
305,-5420.626,-5386.116,-408.803,-24.309,0.891473,0.406928,-0.199213,-0.402691,0.913149,0.063238,0.207645,0.023846,0.977914,0,0.61579,0.45408,0.190,0.028,13.447,153.256,122.316,149.748,-1,177.784,147.351,446.632,431.837,739.575,261.562,271.510,626.661,149.770,217.086,36.769,-1,1,1,1,1,2,1,1,0,0,0,0,0,0,1,1,1,2
306,-5420.554,-5386.304,-408.809,-24.278,0.891727,0.406432,-0.199090,-0.402223,0.913369,0.063033,0.207461,0.023871,0.977952,0,0.61588,0.45387,0.201,0.031,13.447,153.155,122.148,148.571,-1,177.446,148.600,446.794,431.680,739.857,261.944,271.971,626.671,149.665,215.038,36.761,-1,1,1,1,1,2,1,1,0,0,0,0,0,0,1,1,1,2
307,-5420.490,-5386.480,-408.806,-24.248,0.891969,0.405960,-0.198967,-0.401761,0.913580,0.062919,0.207315,0.023815,0.977984,0,0.61599,0.45362,0.187,0.030,13.447,153.073,122.001,147.464,-1,177.172,149.036,446.864,431.642,739.857,262.265,272.395,626.795,149.581,213.117,36.749,-1,1,1,1,1,2,1,1,0,0,0,0,0,0,1,1,1,2
308,-5420.444,-5386.644,-408.794,-24.220,0.892187,0.405541,-0.198845,-0.401332,0.913770,0.062904,0.207209,0.023681,0.978010,0,0.61609,0.45338,0.170,0.028,13.447,153.012,121.882,146.532,-1,176.971,148.665,446.835,431.724,739.585,262.519,272.774,627.039,149.519,211.480,36.740,-1,1,1,1,1,2,1,1,0,0,0,0,0,0,1,1,1,2
309,-5420.379,-5386.805,-408.766,-24.189,0.892395,0.405081,-0.198848,-0.400844,0.913979,0.062983,0.207256,0.023502,0.978004,0,0.61618,0.45316,0.174,0.031,13.448,152.969,121.781,145.564,-1,177.004,145.544,446.797,431.903,738.797,262.563,272.932,627.058,149.479,209.806,36.686,-1,1,1,1,1,2,1,1,0,0,0,0,0,0,1,1,1,2
310,-5420.331,-5386.958,-408.729,-24.159,0.892584,0.404660,-0.198855,-0.400381,0.914171,0.063133,0.207336,0.023266,0.977993,0,0.61629,0.45290,0.160,0.029,13.450,152.944,121.703,144.746,-1,177.104,141.754,446.696,432.174,737.817,262.559,273.059,627.164,149.458,208.374,36.652,-1,1,1,1,1,2,1,1,0,0,0,0,0,0,1,1,1,2
311,-5420.284,-5387.103,-408.678,-24.131,0.892757,0.404254,-0.198907,-0.399921,0.914358,0.063347,0.207481,0.022994,0.977969,0,0.61639,0.45267,0.153,0.029,13.451,152.933,121.642,144.020,-1,177.322,136.701,446.572,432.522,736.607,262.472,273.104,627.244,149.454,207.094,36.590,-1,1,1,1,1,2,1,1,0,0,0,0,0,0,1,1,1,2
312,-5420.228,-5387.249,-408.615,-24.100,0.892927,0.403820,-0.199024,-0.399424,0.914557,0.063605,0.207704,0.022700,0.977928,0,0.61649,0.45243,0.156,0.031,13.452,152.930,121.588,143.268,-1,177.672,130.206,446.457,432.925,735.159,262.295,273.055,627.219,149.460,205.783,36.521,-1,1,1,1,1,2,1,1,0,0,0,0,0,0,1,1,1,2
313,-5420.290,-5387.314,-408.579,-24.079,0.893131,0.403528,-0.198702,-0.399117,0.914691,0.063610,0.207419,0.022493,0.977993,0,0.29265,0.74833,0.090,0.021,13.453,152.980,121.575,142.602,-1,177.329,132.272,446.380,433.166,735.279,262.833,273.792,628.177,149.500,204.577,36.453,-1,1,1,1,1,2,1,1,0,0,0,0,0,0,1,1,1,2
314,-5420.466,-5387.306,-408.593,-24.067,0.893391,0.403391,-0.197809,-0.399008,0.914755,0.063364,0.206507,0.022318,0.978191,0,0.29269,0.74813,0.176,0.012,13.457,153.060,121.576,141.867,-1,176.050,145.503,446.195,433.254,737.085,264.214,275.488,630.438,149.551,203.226,36.394,-1,1,1,1,1,2,1,1,0,0,0,0,0,0,1,1,1,2
315,-5420.614,-5387.305,-408.639,-24.061,0.893617,0.403354,-0.196861,-0.399002,0.914776,0.063112,0.205540,0.022150,0.978398,0,0.29272,0.74798,0.148,0.006,13.455,153.079,121.537,141.205,-1,174.617,161.228,445.890,433.277,739.052,265.611,277.190,632.776,149.540,202.029,36.411,-1,1,1,1,1,2,1,1,0,0,0,0,0,0,1,1,1,2
316,-5420.677,-5387.338,-408.705,-24.056,0.893789,0.403303,-0.196183,-0.398982,0.914800,0.062881,0.204828,0.022071,0.978549,0,0.29274,0.74789,0.071,0.005,13.453,153.233,121.452,140.568,-1,173.466,174.280,445.638,433.165,740.534,266.583,278.360,634.292,149.475,200.927,36.482,-1,1,1,1,1,2,1,1,0,0,0,0,0,0,1,1,1,2
317,-5420.639,-5387.442,-408.781,-24.056,0.893852,0.403327,-0.195847,-0.399013,0.914792,0.062809,0.204492,0.022004,0.978621,0,0.29275,0.74784,0.111,-0.000,13.402,155.728,121.307,140.326,-1,172.778,181.134,445.322,433.037,741.092,266.951,278.810,634.913,149.318,200.513,39.147,-1,1,1,1,1,2,1,1,0,0,0,0,0,0,1,1,1,2
318,-5420.502,-5387.621,-408.856,-24.066,0.893795,0.403505,-0.195738,-0.399175,0.914715,0.062899,0.204424,0.021914,0.978637,0,0.29274,0.74788,0.225,-0.010,13.343,156.297,121.078,140.586,-1,172.432,182.506,444.875,432.945,741.031,266.910,278.771,635.020,149.036,200.954,40.342,-1,1,1,1,1,2,1,1,0,0,0,0,0,0,1,1,1,2
319,-5420.236,-5387.870,-408.899,-24.077,0.893665,0.403687,-0.195957,-0.399330,0.914635,0.063071,0.204690,0.021887,0.978582,0,0.29271,0.74806,0.364,-0.011,13.300,154.073,120.756,140.986,-1,172.595,176.198,444.532,432.847,740.425,266.480,278.237,634.337,148.639,201.673,40.208,-1,1,1,1,1,2,1,1,0,0,0,0,0,0,1,1,1,2
320,-5419.908,-5388.117,-408.909,-24.075,0.893622,0.403609,-0.196314,-0.399270,0.914665,0.063011,0.204993,0.022074,0.978514,0,0.29266,0.74829,0.411,0.002,13.285,151.762,120.396,140.673,-1,172.894,168.429,444.626,432.545,740.273,266.159,277.748,633.143,148.238,201.272,40.220,-1,1,1,1,1,2,1,1,0,0,0,0,0,0,1,1,1,2
321,-5419.725,-5388.302,-408.921,-24.058,0.893746,0.403258,-0.196472,-0.399009,0.914810,0.062562,0.204963,0.022480,0.978512,0,0.29264,0.74840,0.260,0.017,13.284,151.527,120.143,139.863,-1,172.819,167.879,445.194,431.956,741.339,266.389,277.839,632.147,148.006,199.980,40.267,-1,1,1,1,1,2,1,1,0,0,0,0,0,0,1,1,1,2
322,-5419.691,-5388.440,-408.940,-24.044,0.893906,0.402949,-0.196376,-0.398819,0.914935,0.061949,0.204633,0.022942,0.978570,0,0.29266,0.74831,0.143,0.014,13.282,151.410,119.983,139.349,-1,172.398,173.696,445.880,431.275,743.297,267.048,278.417,631.711,147.879,199.076,40.219,-1,1,1,1,1,2,1,1,0,0,0,0,0,0,1,1,1,2
323,-5419.726,-5388.551,-408.960,-24.033,0.894061,0.402700,-0.196182,-0.398685,0.915034,0.061348,0.204218,0.023366,0.978647,0,0.29267,0.74822,0.116,0.011,13.281,152.667,119.879,139.064,-1,171.883,181.677,446.522,430.643,745.386,267.810,279.132,631.569,147.809,198.512,40.182,-1,1,1,1,1,2,1,1,0,0,0,0,0,0,1,1,1,2
324,-5419.766,-5388.646,-408.976,-24.024,0.894190,0.402497,-0.196011,-0.398568,0.915115,0.060891,0.203881,0.023676,0.978709,0,0.29269,0.74814,0.103,0.009,13.279,154.167,119.803,138.879,-1,171.465,188.319,447.006,430.169,746.984,268.419,279.720,631.514,147.761,198.112,40.174,-1,1,1,1,1,2,1,1,0,0,0,0,0,0,1,1,1,2
325,-5419.782,-5388.732,-408.984,-24.015,0.894289,0.402320,-0.195922,-0.398437,0.915189,0.060642,0.203703,0.023832,0.978743,0,0.29271,0.74807,0.088,0.009,13.279,154.946,119.743,138.703,-1,171.236,191.657,447.276,429.910,747.767,268.754,280.053,631.445,147.725,197.758,40.184,-1,1,1,1,1,2,1,1,0,0,0,0,0,0,1,1,1,2
326,-5419.772,-5388.811,-408.984,-24.005,0.894361,0.402164,-0.195913,-0.398285,0.915258,0.060606,0.203685,0.023825,0.978747,0,0.29272,0.74800,0.079,0.010,13.277,154.987,119.698,138.507,-1,171.197,191.440,447.327,429.877,747.709,268.816,280.140,631.379,147.701,197.394,40.200,-1,1,1,1,1,2,1,1,0,0,0,0,0,0,1,1,1,2
327,-5419.747,-5388.880,-408.973,-23.994,0.894413,0.402027,-0.195957,-0.398114,0.915322,0.060754,0.203788,0.023674,0.978729,0,0.29273,0.74792,0.074,0.010,13.279,154.464,119.671,138.308,-1,171.310,188.356,447.187,430.050,746.960,268.671,280.049,631.367,147.690,197.041,40.211,-1,1,1,1,1,2,1,1,0,0,0,0,0,0,1,1,1,2
328,-5419.715,-5388.939,-408.950,-23.983,0.894455,0.401897,-0.196036,-0.397925,0.915385,0.061034,0.203977,0.023416,0.978696,0,0.29275,0.74784,0.067,0.011,13.278,153.522,119.663,138.097,-1,171.544,183.195,446.924,430.384,745.723,268.393,279.849,631.421,147.699,196.683,40.204,-1,1,1,1,1,2,1,1,0,0,0,0,0,0,1,1,1,2
329,-5419.689,-5388.990,-408.914,-23.972,0.894488,0.401781,-0.196121,-0.397734,0.915445,0.061393,0.204204,0.023088,0.978656,0,0.29277,0.74776,0.057,0.011,13.278,152.361,119.670,137.927,-1,171.849,176.963,446.591,430.831,744.243,268.069,279.625,631.573,147.723,196.382,40.177,-1,1,1,1,1,2,1,1,0,0,0,0,0,0,1,1,1,2
330,-5419.674,-5389.030,-408.867,-23.961,0.894524,0.401666,-0.196193,-0.397540,0.915504,0.061766,0.204425,0.022744,0.978618,0,0.29279,0.74766,0.043,0.011,13.277,151.296,119.691,137.758,-1,172.175,170.649,446.264,431.321,742.769,267.777,279.446,631.811,147.763,196.086,40.128,-1,1,1,1,1,2,1,1,0,0,0,0,0,0,1,1,1,2
331,-5419.662,-5389.070,-408.809,-23.950,0.894554,0.401559,-0.196275,-0.397353,0.915559,0.062143,0.204655,0.022400,0.978578,0,0.29281,0.74757,0.042,0.011,13.277,151.329,119.715,137.655,-1,172.549,163.924,445.963,431.832,741.316,267.501,279.283,632.064,147.804,195.888,40.053,-1,1,1,1,1,2,1,1,0,0,0,0,0,0,1,1,1,2
332,-5419.655,-5389.112,-408.745,-23.940,0.894582,0.401458,-0.196355,-0.397179,0.915611,0.062490,0.204872,0.022086,0.978540,0,0.29282,0.74747,0.043,0.010,13.279,151.361,119.738,137.607,-1,172.933,157.366,445.717,432.321,740.013,267.273,279.162,632.314,147.843,195.769,39.956,-1,1,1,1,1,2,1,1,0,0,0,0,0,0,1,1,1,2
333,-5419.646,-5389.156,-408.678,-23.929,0.894620,0.401329,-0.196444,-0.396990,0.915674,0.062770,0.205070,0.021831,0.978504,0,0.29284,0.74739,0.044,0.011,13.279,151.391,119.754,137.507,-1,173.310,151.222,445.567,432.741,738.916,267.097,279.077,632.482,147.879,195.570,39.833,-1,1,1,1,1,2,1,1,0,0,0,0,0,0,1,1,1,2
334,-5419.597,-5389.230,-408.604,-23.916,0.894649,0.401153,-0.196669,-0.396750,0.915756,0.063083,0.205407,0.021591,0.978438,0,0.41260,0.54367,0.089,0.014,13.278,151.393,119.747,137.392,-1,173.880,142.534,445.460,433.155,737.500,266.737,278.770,632.296,147.893,195.356,39.722,-1,1,1,1,1,2,1,1,0,0,0,0,0,0,1,1,1,2
335,-5419.497,-5389.339,-408.519,-23.898,0.894670,0.400891,-0.197109,-0.396420,0.915876,0.063423,0.205953,0.021395,0.978328,0,0.41263,0.54356,0.148,0.018,13.279,151.372,119.720,137.218,-1,174.750,130.431,445.459,433.540,735.641,266.098,278.126,631.530,147.890,195.066,39.515,-1,1,1,1,1,2,1,1,0,0,0,0,0,0,1,1,1,2
336,-5419.413,-5389.450,-408.439,-23.878,0.894712,0.400592,-0.197523,-0.396069,0.916010,0.063681,0.206443,0.021257,0.978228,0,0.41267,0.54343,0.139,0.020,13.278,151.365,119.696,137.008,-1,175.551,119.890,445.550,433.839,734.049,265.552,277.567,630.744,147.899,194.698,39.269,-1,1,1,1,1,2,1,1,0,0,0,0,0,0,1,1,1,2
337,-5419.354,-5389.557,-408.367,-23.857,0.894785,0.400279,-0.197830,-0.395718,0.916149,0.063857,0.206803,0.021147,0.978154,0,0.41271,0.54328,0.122,0.021,13.278,151.368,119.672,136.721,-1,176.166,112.558,445.672,434.078,732.842,265.197,277.222,630.164,147.913,194.197,39.032,-1,1,1,1,1,2,1,1,0,0,0,0,0,0,1,1,1,2
338,-5419.328,-5389.655,-408.310,-23.838,0.894884,0.399995,-0.197958,-0.395409,0.916276,0.063957,0.206967,0.021040,0.978122,0,0.41276,0.54312,0.101,0.019,13.280,151.373,119.644,136.404,-1,176.489,112.494,445.760,434.271,732.130,265.110,277.185,629.984,147.924,193.625,38.885,-1,1,1,1,1,2,1,1,0,0,0,0,0,0,1,1,1,2
339,-5419.307,-5389.750,-408.268,-23.819,0.895007,0.399709,-0.197980,-0.395106,0.916403,0.064004,0.207013,0.020939,0.978114,0,0.41281,0.54296,0.098,0.019,13.279,151.367,119.601,135.955,-1,176.612,112.420,445.817,434.420,731.707,265.177,277.325,630.018,147.921,192.845,38.820,-1,1,1,1,1,2,1,1,0,0,0,0,0,0,1,1,1,2
340,-5419.290,-5389.846,-408.243,-23.802,0.895140,0.399447,-0.197906,-0.394835,0.916519,0.064013,0.206954,0.020840,0.978129,0,0.41285,0.54280,0.097,0.018,13.278,151.347,119.542,135.459,-1,176.548,112.338,445.824,434.527,731.532,265.366,277.604,630.242,147.899,191.994,38.843,-1,1,1,1,1,2,1,1,0,0,0,0,0,0,1,1,1,2
341,-5419.256,-5389.947,-408.232,-23.783,0.895286,0.399158,-0.197825,-0.394544,0.916647,0.063981,0.206874,0.020769,0.978147,0,0.41289,0.54266,0.106,0.019,13.279,151.309,119.465,134.825,-1,176.411,112.235,445.837,434.567,731.434,265.562,277.879,630.399,147.860,190.930,38.902,-1,1,1,1,1,2,1,1,0,0,0,0,0,0,1,1,1,2
342,-5419.214,-5390.052,-408.237,-23.764,0.895435,0.398865,-0.197743,-0.394256,0.916775,0.063919,0.206781,0.020726,0.978168,0,0.41294,0.54250,0.114,0.019,13.278,151.259,119.375,134.148,-1,176.217,112.120,445.853,434.544,731.400,265.749,278.134,630.486,147.809,189.809,38.987,-1,1,1,1,1,2,1,1,0,0,0,0,0,0,1,1,1,2
343,-5419.163,-5390.164,-408.253,-23.744,0.895589,0.398551,-0.197678,-0.393953,0.916912,0.063819,0.206689,0.020720,0.978187,0,0.41298,0.54235,0.123,0.020,13.279,151.201,119.276,133.414,-1,175.997,111.994,445.898,434.452,731.410,265.912,278.345,630.445,147.750,188.608,39.076,-1,1,1,1,1,2,1,1,0,0,0,0,0,0,1,1,1,2
344,-5419.105,-5390.279,-408.277,-23.723,0.895745,0.398221,-0.197638,-0.393642,0.917055,0.063690,0.206608,0.020749,0.978204,0,0.41302,0.54219,0.129,0.020,13.277,151.140,119.172,132.658,-1,175.775,111.862,445.979,434.303,731.450,266.046,278.510,630.282,147.687,187.376,39.157,-1,1,1,1,1,2,1,1,0,0,0,0,0,0,1,1,1,2
345,-5419.040,-5390.397,-408.303,-23.701,0.895909,0.397858,-0.197627,-0.393304,0.917211,0.063531,0.206542,0.020810,0.978216,0,0.41307,0.54203,0.135,0.022,13.278,151.077,119.064,131.841,-1,175.567,111.722,446.107,434.107,731.505,266.157,278.636,629.993,147.624,186.052,39.218,-1,1,1,1,1,2,1,1,0,0,0,0,0,0,1,1,1,2
346,-5418.994,-5390.516,-408.334,-23.682,0.896064,0.397542,-0.197559,-0.393013,0.917347,0.063367,0.206421,0.020863,0.978241,0,0.41312,0.54186,0.127,0.019,13.278,151.016,118.960,131.149,-1,175.284,111.593,446.207,433.913,731.701,266.341,278.849,629.855,147.560,184.918,39.307,-1,1,1,1,1,2,1,1,0,0,0,0,0,0,1,1,1,2
347,-5418.934,-5390.635,-408.358,-23.660,0.896230,0.397176,-0.197543,-0.392675,0.917504,0.063192,0.206345,0.020936,0.978255,0,0.41316,0.54171,0.134,0.022,13.279,150.956,118.853,130.350,-1,175.075,111.455,446.363,433.707,731.823,266.479,279.002,629.572,147.499,183.625,39.358,-1,1,1,1,1,2,1,1,0,0,0,0,0,0,1,1,1,2
348,-5418.882,-5390.756,-408.376,-23.640,0.896385,0.396846,-0.197500,-0.392367,0.917645,0.063051,0.206256,0.020975,0.978273,0,0.41321,0.54153,0.132,0.020,13.279,150.895,118.750,129.660,-1,174.863,111.323,446.472,433.553,731.927,266.643,279.198,629.418,147.437,182.495,39.424,-1,1,1,1,1,2,1,1,0,0,0,0,0,0,1,1,1,2
349,-5418.833,-5390.877,-408.387,-23.620,0.896537,0.396523,-0.197462,-0.392059,0.917785,0.062933,0.206182,0.020995,0.978288,0,0.41325,0.54138,0.131,0.020,13.279,150.837,118.649,129.007,-1,174.691,111.194,446.573,433.437,731.972,266.801,279.393,629.293,147.377,181.425,39.474,-1,1,1,1,1,2,1,1,0,0,0,0,0,0,1,1,1,2
350,-5418.785,-5390.997,-408.389,-23.600,0.896684,0.396202,-0.197437,-0.391750,0.917923,0.062843,0.206131,0.020996,0.978299,0,0.41330,0.54122,0.129,0.020,13.279,150.783,118.555,128.381,-1,174.570,111.071,446.668,433.363,731.936,266.942,279.576,629.186,147.323,180.401,39.503,-1,1,1,1,1,2,1,1,0,0,0,0,0,0,1,1,1,2
351,-5418.738,-5391.113,-408.382,-23.580,0.896828,0.395881,-0.197430,-0.391433,0.918062,0.062781,0.206107,0.020977,0.978305,0,0.41334,0.54106,0.125,0.020,13.280,150.738,118.469,127.776,-1,174.507,110.954,446.757,433.333,731.798,267.056,279.737,629.082,147.279,179.407,39.510,-1,1,1,1,1,2,1,1,0,0,0,0,0,0,1,1,1,2
352,-5418.690,-5391.225,-408.367,-23.558,0.896970,0.395551,-0.197443,-0.391103,0.918205,0.062750,0.206114,0.020936,0.978304,0,0.41339,0.54090,0.122,0.021,13.279,150.701,118.391,127.161,-1,174.500,110.844,446.837,433.349,731.539,267.136,279.869,628.977,147.244,178.403,39.497,-1,1,1,1,1,2,1,1,0,0,0,0,0,0,1,1,1,2
353,-5418.642,-5391.336,-408.345,-23.537,0.897105,0.395230,-0.197473,-0.390771,0.918346,0.062767,0.206156,0.020858,0.978297,0,0.41344,0.54073,0.121,0.021,13.278,150.669,118.320,126.588,-1,174.553,110.737,446.880,433.426,731.113,267.171,279.962,628.891,147.214,177.460,39.476,-1,1,1,1,1,2,1,1,0,0,0,0,0,0,1,1,1,2
354,-5418.603,-5391.440,-408.320,-23.517,0.897239,0.394919,-0.197489,-0.390445,0.918482,0.062806,0.206193,0.020757,0.978291,0,0.41348,0.54056,0.112,0.021,13.278,150.648,118.259,126.037,-1,174.606,110.643,446.898,433.537,730.651,267.211,280.072,628.877,147.195,176.554,39.455,-1,1,1,1,1,2,1,1,0,0,0,0,0,0,1,1,1,2
355,-5418.559,-5391.543,-408.291,-23.495,0.897371,0.394595,-0.197535,-0.390101,0.918623,0.062871,0.206269,0.020640,0.978278,0,0.41353,0.54040,0.112,0.022,13.279,150.632,118.203,125.465,-1,174.715,110.551,446.908,433.679,730.051,267.199,280.129,628.817,147.182,175.621,39.419,-1,1,1,1,1,2,1,1,0,0,0,0,0,0,1,1,1,2
356,-5418.518,-5391.645,-408.260,-23.475,0.897495,0.394291,-0.197578,-0.389769,0.918757,0.062968,0.206354,0.020496,0.978263,0,0.41358,0.54022,0.110,0.021,13.278,150.617,118.152,124.939,-1,174.839,110.464,446.879,433.859,729.370,267.167,280.175,628.802,147.171,174.763,39.392,-1,1,1,1,1,2,1,1,0,0,0,0,0,0,1,1,1,2
357,-5418.477,-5391.745,-408.228,-23.453,0.897621,0.393978,-0.197628,-0.389429,0.918894,0.063070,0.206448,0.020349,0.978246,0,0.41363,0.54005,0.108,0.021,13.278,150.607,118.103,124.400,-1,174.976,110.379,446.851,434.045,728.654,267.121,280.205,628.771,147.165,173.883,39.357,-1,1,1,1,1,2,1,1,0,0,0,0,0,0,1,1,1,2
358,-5418.431,-5391.845,-408.196,-23.431,0.897751,0.393650,-0.197695,-0.389074,0.919038,0.063170,0.206556,0.020207,0.978226,0,0.41368,0.53987,0.109,0.022,13.279,150.599,118.055,123.827,-1,175.130,110.293,446.835,434.226,727.907,267.057,280.213,628.695,147.161,172.953,39.315,-1,1,1,1,1,2,1,1,0,0,0,0,0,0,1,1,1,2
359,-5418.425,-5391.918,-408.177,-23.412,0.897893,0.393372,-0.197602,-0.388785,0.919160,0.063178,0.206480,0.020098,0.978244,0,0.29505,0.62137,0.074,0.019,13.281,150.606,118.017,123.271,-1,175.025,110.231,446.827,434.339,727.712,267.248,280.502,628.960,147.166,172.040,39.230,-1,1,1,1,1,2,1,1,0,0,0,0,0,0,1,1,1,2
360,-5418.464,-5391.969,-408.179,-23.398,0.898054,0.393170,-0.197272,-0.388586,0.919249,0.063107,0.206154,0.019984,0.978315,0,0.29508,0.62120,0.064,0.014,13.280,150.616,117.981,122.721,-1,174.543,110.191,446.742,434.407,728.135,267.771,281.178,629.775,147.167,171.130,39.307,-1,1,1,1,1,2,1,1,0,0,0,0,0,0,1,1,1,2
361,-5418.493,-5392.022,-408.194,-23.387,0.898201,0.393014,-0.196915,-0.388435,0.919318,0.063035,0.205801,0.019871,0.978392,0,0.29511,0.62106,0.061,0.012,13.280,150.601,117.927,122.209,-1,173.992,110.138,446.603,434.452,728.632,268.306,281.863,630.638,147.142,170.284,39.514,-1,1,1,1,1,2,1,1,0,0,0,0,0,0,1,1,1,2
362,-5418.482,-5392.091,-408.214,-23.375,0.898327,0.392841,-0.196685,-0.388267,0.919393,0.062969,0.205567,0.019799,0.978443,0,0.29513,0.62096,0.070,0.012,13.279,150.558,117.853,121.691,-1,173.585,110.057,446.505,434.442,728.912,268.655,282.311,631.124,147.093,169.448,39.713,-1,1,1,1,1,2,1,1,0,0,0,0,0,0,1,1,1,2
363,-5418.442,-5392.174,-408.237,-23.361,0.898437,0.392634,-0.196594,-0.388069,0.919482,0.062892,0.205458,0.019788,0.978466,0,0.29515,0.62086,0.092,0.013,13.281,150.503,117.771,121.179,-1,173.338,109.958,446.491,434.360,728.997,268.814,282.514,631.183,147.037,168.639,39.845,-1,1,1,1,1,2,1,1,0,0,0,0,0,0,1,1,1,2
364,-5418.395,-5392.266,-408.261,-23.348,0.898533,0.392415,-0.196592,-0.387864,0.919575,0.062797,0.205424,0.019826,0.978472,0,0.29517,0.62076,0.104,0.013,13.279,150.446,117.689,120.740,-1,173.197,109.856,446.549,434.218,729.000,268.857,282.562,630.956,146.980,167.948,39.915,-1,1,1,1,1,2,1,1,0,0,0,0,0,0,1,1,1,2
365,-5418.342,-5392.365,-408.283,-23.334,0.898624,0.392174,-0.196657,-0.387643,0.919676,0.062686,0.205445,0.019902,0.978466,0,0.29519,0.62066,0.112,0.014,13.280,150.392,117.610,120.341,-1,173.143,109.753,446.675,434.038,728.948,268.827,282.510,630.527,146.927,167.312,39.928,-1,1,1,1,1,2,1,1,0,0,0,0,0,0,1,1,1,2
366,-5418.294,-5392.463,-408.301,-23.319,0.898719,0.391919,-0.196731,-0.387411,0.919782,0.062556,0.205466,0.019996,0.978460,0,0.29521,0.62056,0.110,0.015,13.279,150.345,117.535,119.944,-1,173.106,109.652,446.845,433.843,728.945,268.810,282.467,630.065,146.882,166.680,39.912,-1,1,1,1,1,2,1,1,0,0,0,0,0,0,1,1,1,2
367,-5418.255,-5392.559,-408.314,-23.305,0.898817,0.391672,-0.196776,-0.387186,0.919886,0.062427,0.205463,0.020079,0.978459,0,0.29523,0.62045,0.103,0.014,13.279,150.303,117.464,119.571,-1,173.052,109.559,447.011,433.670,729.000,268.846,282.489,629.703,146.840,166.075,39.897,-1,1,1,1,1,2,1,1,0,0,0,0,0,0,1,1,1,2
368,-5418.223,-5392.651,-408.320,-23.291,0.898917,0.391440,-0.196783,-0.386972,0.919983,0.062316,0.205430,0.020132,0.978465,0,0.29525,0.62034,0.098,0.014,13.279,150.263,117.396,119.207,-1,172.974,109.469,447.147,433.543,729.086,268.940,282.590,629.493,146.799,165.489,39.897,-1,1,1,1,1,2,1,1,0,0,0,0,0,0,1,1,1,2
369,-5418.192,-5392.740,-408.318,-23.277,0.899018,0.391214,-0.196770,-0.386757,0.920079,0.062235,0.205391,0.020151,0.978472,0,0.29527,0.62024,0.094,0.014,13.279,150.224,117.328,118.832,-1,172.900,109.381,447.248,433.473,729.126,269.056,282.732,629.393,146.760,164.880,39.904,-1,1,1,1,1,2,1,1,0,0,0,0,0,0,1,1,1,2
370,-5418.033,-5392.908,-408.274,-23.253,0.899078,0.390839,-0.197243,-0.386334,0.920241,0.062468,0.205926,0.020038,0.978362,0,0.66573,0.42161,0.231,0.024,13.279,150.136,117.226,118.384,-1,173.627,109.212,447.283,433.657,727.383,268.372,282.000,628.297,146.691,164.195,39.972,-1,1,1,1,1,2,1,1,0,0,0,0,0,0,1,1,1,2
371,-5417.761,-5393.148,-408.175,-23.220,0.899075,0.390301,-0.198318,-0.385707,0.920472,0.062938,0.207111,0.019907,0.978115,0,0.66581,0.42144,0.363,0.034,13.279,150.026,117.115,118.043,-1,175.331,108.987,447.462,433.988,723.991,266.819,280.269,625.843,146.621,163.696,39.727,-1,1,1,1,1,2,1,1,0,0,0,0,0,0,1,1,1,2
372,-5417.496,-5393.390,-408.039,-23.177,0.899103,0.389603,-0.199556,-0.384923,0.920769,0.063384,0.208439,0.019825,0.977834,0,0.66590,0.42122,0.359,0.043,13.279,149.979,117.043,117.587,-1,177.342,108.782,447.868,434.331,720.375,265.158,278.405,623.023,146.615,163.008,39.106,-1,1,1,1,1,2,1,1,0,0,0,0,0,0,1,1,1,2
373,-5417.321,-5393.602,-407.889,-23.132,0.899194,0.388897,-0.200522,-0.384137,0.921071,0.063775,0.209497,0.019682,0.977611,0,0.66605,0.42091,0.275,0.044,13.280,150.001,117.016,117.098,-1,179.054,108.636,448.261,434.759,717.343,263.952,277.103,620.982,146.670,162.230,38.434,-1,1,1,1,1,2,1,1,0,0,0,0,0,0,1,1,1,2
374,-5417.258,-5393.779,-407.740,-23.093,0.899338,0.388312,-0.201010,-0.383471,0.921324,0.064134,0.210099,0.019403,0.977488,0,0.66621,0.42056,0.188,0.039,13.282,150.063,117.017,116.682,-1,180.162,108.551,448.442,435.322,715.190,263.417,276.637,620.268,146.750,161.510,37.948,-1,1,1,1,1,2,1,1,0,0,0,0,0,0,1,1,1,2
375,-5417.250,-5393.929,-407.600,-23.057,0.899527,0.387806,-0.201141,-0.382881,0.921545,0.064478,0.210366,0.019014,0.977438,0,0.66636,0.42023,0.151,0.036,13.281,150.130,117.016,116.170,-1,180.785,108.487,448.423,435.988,713.641,263.361,276.771,620.530,146.826,160.625,37.675,-1,1,1,1,1,2,1,1,0,0,0,0,0,0,1,1,1,2
376,-5417.227,-5394.065,-407.471,-23.018,0.899758,0.387265,-0.201151,-0.382260,0.921781,0.064785,0.210506,0.018601,0.977416,0,0.66650,0.41992,0.138,0.039,13.281,150.184,116.993,115.330,-1,181.180,108.401,448.341,436.651,712.319,263.476,277.114,621.074,146.886,159.261,37.523,-1,1,1,1,1,2,1,1,0,0,0,0,0,0,1,1,1,2
377,-5417.202,-5394.205,-407.368,-22.982,0.899989,0.386781,-0.201046,-0.381696,0.921993,0.065092,0.210540,0.018156,0.977417,0,0.66666,0.41957,0.141,0.036,13.283,150.206,116.944,114.468,-1,181.349,108.299,448.121,437.297,711.151,263.684,277.574,621.866,146.911,157.866,37.526,-1,1,1,1,1,2,1,1,0,0,0,0,0,0,1,1,1,2
378,-5417.146,-5394.354,-407.294,-22.946,0.900222,0.386270,-0.200987,-0.381115,0.922215,0.065354,0.210598,0.017766,0.977411,0,0.66680,0.41926,0.159,0.037,13.283,150.204,116.872,113.487,-1,181.472,108.170,447.912,437.822,709.969,263.796,277.900,622.396,146.913,156.317,37.567,-1,1,1,1,1,2,1,1,0,0,0,0,0,0,1,1,1,2
379,-5417.064,-5394.517,-407.251,-22.908,0.900455,0.385715,-0.201011,-0.380509,0.922452,0.065532,0.210700,0.017478,0.977394,0,0.66694,0.41895,0.182,0.038,13.284,150.182,116.779,112.429,-1,181.579,108.016,447.783,438.166,708.815,263.779,278.039,622.514,146.896,154.663,37.604,-1,1,1,1,1,2,1,1,0,0,0,0,0,0,1,1,1,2
380,-5416.968,-5394.692,-407.239,-22.869,0.900691,0.385119,-0.201095,-0.379885,0.922705,0.065601,0.210816,0.017307,0.977373,0,0.66709,0.41863,0.200,0.039,13.285,150.149,116.672,111.326,-1,181.639,107.844,447.762,438.304,707.807,263.689,278.046,622.257,146.868,152.956,37.632,-1,1,1,1,1,2,1,1,0,0,0,0,0,0,1,1,1,2
381,-5416.854,-5394.880,-407.251,-22.827,0.900941,0.384461,-0.201236,-0.379224,0.922980,0.065549,0.210938,0.017258,0.977347,0,0.66723,0.41831,0.220,0.041,13.284,150.103,116.546,110.127,-1,181.657,107.648,447.875,438.242,706.994,263.555,277.955,621.643,146.827,151.116,37.642,-1,1,1,1,1,2,1,1,0,0,0,0,0,0,1,1,1,2
382,-5416.760,-5395.077,-407.287,-22.789,0.901194,0.383835,-0.201293,-0.378619,0.923240,0.065393,0.210942,0.017282,0.977346,0,0.66739,0.41797,0.218,0.039,13.287,150.043,116.406,109.015,-1,181.476,107.450,448.029,438.035,706.646,263.556,277.990,621.083,146.769,149.403,37.710,-1,1,1,1,1,2,1,1,0,0,0,0,0,0,1,1,1,2
383,-5416.645,-5395.279,-407.334,-22.746,0.901482,0.383118,-0.201373,-0.377947,0.923535,0.065107,0.210919,0.017415,0.977348,0,0.66753,0.41766,0.232,0.043,13.288,149.973,116.245,107.691,-1,181.234,107.222,448.335,437.666,706.554,263.607,278.042,620.303,146.700,147.383,37.760,-1,1,1,1,1,2,1,1,0,0,0,0,0,0,1,1,1,2
384,-5416.546,-5395.490,-407.391,-22.706,0.901772,0.382453,-0.201338,-0.377337,0.923808,0.064771,0.210769,0.017563,0.977378,0,0.66769,0.41731,0.233,0.040,13.288,149.882,116.066,106.631,-1,180.803,106.988,448.618,437.249,706.802,263.835,278.288,619.760,146.605,145.487,37.892,-1,1,1,1,1,2,1,1,0,0,0,0,0,0,1,1,1,2
385,-5416.440,-5395.706,-407.449,-22.666,0.902076,0.381765,-0.201283,-0.376716,0.924089,0.064379,0.210580,0.017752,0.977415,0,0.66783,0.41699,0.241,0.040,13.288,149.777,115.870,106.289,-1,180.322,106.737,448.957,436.775,707.233,264.137,278.605,619.213,146.497,143.505,38.028,-1,1,1,1,1,2,1,1,0,0,0,0,0,0,1,1,1,2
386,-5416.314,-5395.921,-407.503,-22.622,0.902402,0.381007,-0.201258,-0.376035,0.924397,0.063934,0.210402,0.017986,0.977449,0,0.66798,0.41667,0.249,0.044,13.289,149.669,115.663,105.923,-1,179.861,106.469,449.388,436.253,707.736,264.455,278.923,618.545,146.385,141.290,38.128,-1,1,1,1,1,2,1,1,0,0,0,0,0,0,1,1,1,2
387,-5416.207,-5396.141,-407.556,-22.581,0.902714,0.380320,-0.201158,-0.375416,0.924676,0.063529,0.210168,0.018169,0.977497,0,0.66814,0.41631,0.244,0.041,13.290,149.554,115.456,105.570,-1,179.332,106.208,449.729,435.791,708.291,264.849,279.348,618.127,146.264,139.314,38.282,-1,1,1,1,1,2,1,1,0,0,0,0,0,0,1,1,1,2
388,-5416.096,-5396.356,-407.603,-22.539,0.903028,0.379610,-0.201086,-0.374773,0.924964,0.063132,0.209963,0.018352,0.977537,0,0.66829,0.41599,0.242,0.042,13.290,149.447,115.255,105.220,-1,178.857,105.951,450.091,435.347,708.781,265.216,279.741,617.659,146.152,137.294,38.401,-1,1,1,1,1,2,1,1,0,0,0,0,0,0,1,1,1,2
389,-5415.983,-5396.574,-407.640,-22.498,0.903330,0.378910,-0.201052,-0.374126,0.925249,0.062803,0.209820,0.018487,0.977565,0,0.66844,0.41565,0.245,0.042,13.291,149.345,115.063,104.887,-1,178.483,105.699,450.409,434.981,709.042,265.498,280.055,617.176,146.048,135.378,38.500,-1,1,1,1,1,2,1,1,0,0,0,0,0,0,1,1,1,2
390,-5415.879,-5396.782,-407.669,-22.456,0.903622,0.378221,-0.201035,-0.373482,0.925528,0.062517,0.209709,0.018591,0.977587,0,0.66859,0.41532,0.233,0.041,13.291,149.262,114.890,104.578,-1,178.171,105.466,450.703,434.675,709.170,265.737,280.332,616.714,145.963,133.556,38.570,-1,1,1,1,1,2,1,1,0,0,0,0,0,0,1,1,1,2
391,-5415.774,-5396.982,-407.689,-22.413,0.903911,0.377515,-0.201066,-0.372809,0.925815,0.062281,0.209662,0.018663,0.977596,0,0.66874,0.41498,0.226,0.043,13.293,149.198,114.734,104.287,-1,177.964,105.246,450.983,434.432,709.079,265.889,280.524,616.132,145.899,131.726,38.599,-1,1,1,1,1,2,1,1,0,0,0,0,0,0,1,1,1,2
392,-5415.668,-5397.179,-407.698,-22.370,0.904185,0.376818,-0.201139,-0.372129,0.926099,0.062130,0.209686,0.018672,0.977590,0,0.66890,0.41463,0.223,0.043,13.293,149.147,114.594,104.019,-1,177.872,105.039,451.201,434.294,708.702,265.940,280.626,615.551,145.851,129.979,38.611,-1,1,1,1,1,2,1,1,0,0,0,0,0,0,1,1,1,2
393,-5415.566,-5397.366,-407.697,-22.327,0.904454,0.376120,-0.201237,-0.371437,0.926384,0.062034,0.209755,0.018640,0.977576,0,0.66906,0.41428,0.213,0.044,13.293,149.115,114.471,103.772,-1,177.858,104.846,451.387,434.232,708.143,265.935,280.679,614.987,145.821,128.252,38.597,-1,1,1,1,1,2,1,1,0,0,0,0,0,0,1,1,1,2
394,-5415.554,-5397.490,-407.710,-22.291,0.904740,0.375553,-0.201010,-0.370894,0.926614,0.061837,0.209482,0.018607,0.977635,0,0.39787,0.03143,0.125,0.036,13.297,149.126,114.389,103.566,-1,177.382,104.724,451.515,434.142,708.392,266.404,281.283,615.213,145.825,126.655,38.498,-1,1,1,1,1,2,1,1,0,0,0,0,0,0,1,1,1,2
395,-5415.657,-5397.543,-407.754,-22.264,0.905070,0.375161,-0.200255,-0.370536,0.926776,0.061562,0.208687,0.018483,0.977808,0,0.39796,0.03111,0.116,0.027,13.298,149.180,114.339,103.388,-1,176.144,104.677,451.405,434.089,709.644,267.572,282.739,616.731,145.854,125.042,38.734,-1,1,1,1,1,2,1,1,0,0,0,0,0,0,1,1,1,2
396,-5415.749,-5397.587,-407.807,-22.242,0.905374,0.374866,-0.199436,-0.370257,0.926899,0.061380,0.207866,0.018271,0.977987,0,0.39803,0.03084,0.101,0.022,13.299,149.205,114.278,103.207,-1,174.831,104.624,451.098,434.130,710.782,268.739,284.224,618.515,145.854,123.492,39.193,-1,1,1,1,1,2,1,1,0,0,0,0,0,0,1,1,1,2
397,-5415.759,-5397.645,-407.857,-22.219,0.905630,0.374534,-0.198893,-0.369930,0.927037,0.061275,0.207331,0.018084,0.978104,0,0.39809,0.03062,0.059,0.023,13.302,149.193,114.194,103.011,-1,173.892,104.532,450.821,434.170,711.314,269.479,285.197,619.643,145.828,121.901,39.606,-1,1,1,1,1,2,1,1,0,0,0,0,0,0,1,1,1,2
398,-5415.709,-5397.724,-407.901,-22.195,0.905828,0.374183,-0.198653,-0.369575,0.927181,0.061234,0.207100,0.017950,0.978155,0,0.39815,0.03040,0.093,0.024,13.302,149.158,114.102,102.822,-1,173.370,104.414,450.628,434.177,711.259,269.762,285.611,620.022,145.788,120.506,39.893,-1,1,1,1,1,2,1,1,0,0,0,0,0,0,1,1,1,2
399,-5415.611,-5397.822,-407.933,-22.169,0.905986,0.373760,-0.198727,-0.369147,0.927353,0.061217,0.207170,0.017898,0.978141,0,0.39821,0.03019,0.138,0.027,13.303,149.122,114.016,102.646,-1,173.284,104.283,450.602,434.125,710.680,269.615,285.490,619.594,145.755,119.233,39.996,-1,1,1,1,1,2,1,1,0,0,0,0,0,0,1,1,1,2
400,-5415.485,-5397.954,-407.935,-22.142,0.906081,0.373341,-0.199080,-0.368694,0.927523,0.061365,0.207562,0.017798,0.978060,0,0.39827,0.02997,0.182,0.027,13.304,149.086,113.945,102.517,-1,173.699,104.152,450.582,434.204,709.306,269.023,284.869,618.662,145.732,118.387,39.944,-1,1,1,1,1,2,1,1,0,0,0,0,0,0,1,1,1,2
401,-5415.363,-5398.090,-407.907,-22.114,0.906149,0.372902,-0.199595,-0.368214,0.927701,0.061548,0.208116,0.017722,0.977944,0,0.39832,0.02977,0.183,0.028,13.306,149.076,113.904,102.433,-1,174.426,104.042,450.686,434.324,707.672,268.253,284.029,617.417,145.741,117.792,39.717,-1,1,1,1,1,2,1,1,0,0,0,0,0,0,1,1,1,2
402,-5415.294,-5398.206,-407.870,-22.087,0.906246,0.372459,-0.199982,-0.367749,0.927880,0.061638,0.208517,0.017684,0.977859,0,0.39838,0.02955,0.134,0.027,13.306,149.108,113.889,102.370,-1,175.003,103.967,450.887,434.409,706.508,267.757,283.496,616.463,145.783,117.224,39.451,-1,1,1,1,1,2,1,1,0,0,0,0,0,0,1,1,1,2
403,-5415.279,-5398.296,-407.833,-22.061,0.906385,0.372043,-0.200127,-0.367330,0.928047,0.061618,0.208652,0.017663,0.977830,0,0.39844,0.02932,0.092,0.026,13.309,149.159,113.882,102.307,-1,175.243,103.918,451.110,434.457,706.018,267.678,283.444,616.054,145.838,116.577,39.268,-1,1,1,1,1,2,1,1,0,0,0,0,0,0,1,1,1,2
404,-5415.279,-5398.378,-407.799,-22.037,0.906547,0.371661,-0.200103,-0.366949,0.928201,0.061567,0.208618,0.017615,0.977839,0,0.39850,0.02909,0.082,0.024,13.309,149.197,113.859,102.222,-1,175.246,103.862,451.271,434.522,705.888,267.863,283.708,616.069,145.875,115.819,39.204,-1,1,1,1,1,2,1,1,0,0,0,0,0,0,1,1,1,2
405,-5415.269,-5398.458,-407.771,-22.013,0.906721,0.371291,-0.200000,-0.366584,0.928350,0.061497,0.208503,0.017556,0.977864,0,0.39856,0.02888,0.080,0.024,13.310,149.213,113.815,102.109,-1,175.117,103.789,451.387,434.583,705.930,268.165,284.110,616.266,145.887,114.922,39.222,-1,1,1,1,1,2,1,1,0,0,0,0,0,0,1,1,1,2
406,-5415.232,-5398.543,-407.750,-21.989,0.906893,0.370915,-0.199915,-0.366210,0.928502,0.061435,0.208409,0.017496,0.977885,0,0.39862,0.02866,0.093,0.024,13.313,149.204,113.750,101.972,-1,174.981,103.692,451.470,434.632,705.907,268.421,284.458,616.400,145.876,113.931,39.278,-1,1,1,1,1,2,1,1,0,0,0,0,0,0,1,1,1,2
407,-5415.177,-5398.639,-407.741,-21.966,0.907053,0.370545,-0.199876,-0.365840,0.928651,0.061392,0.208364,0.017436,0.977896,0,0.39868,0.02846,0.110,0.024,13.315,149.177,113.673,101.824,-1,174.878,103.580,451.521,434.661,705.742,268.571,284.679,616.396,145.849,112.950,39.346,-1,1,1,1,1,2,1,1,0,0,0,0,0,0,1,1,1,2
408,-5415.096,-5398.752,-407.735,-21.941,0.907190,0.370164,-0.199963,-0.365447,0.928804,0.061414,0.208460,0.017362,0.977877,0,0.39873,0.02826,0.140,0.024,13.316,149.139,113.591,101.678,-1,174.942,103.456,451.543,434.707,705.198,268.486,284.633,616.099,145.815,112.047,39.381,-1,1,1,1,1,2,1,1,0,0,0,0,0,0,1,1,1,2
409,-5415.016,-5398.860,-407.738,-21.916,0.907327,0.369748,-0.200108,-0.365030,0.928970,0.061381,0.208590,0.017353,0.977849,0,0.39878,0.02806,0.134,0.026,13.316,149.119,113.522,101.537,-1,175.039,103.341,451.655,434.662,704.670,268.330,284.482,615.571,145.799,111.123,39.350,-1,1,1,1,1,2,1,1,0,0,0,0,0,0,1,1,1,2
410,-5414.938,-5398.983,-407.738,-21.892,0.907440,0.369371,-0.200296,-0.364635,0.929121,0.061443,0.208794,0.017279,0.977807,0,0.39884,0.02785,0.145,0.024,13.317,149.095,113.459,101.418,-1,175.237,103.232,451.673,434.702,703.836,268.045,284.206,614.980,145.783,110.420,39.320,-1,1,1,1,1,2,1,1,0,0,0,0,0,0,1,1,1,2
411,-5414.867,-5399.098,-407.737,-21.867,0.907556,0.368967,-0.200514,-0.364221,0.929282,0.061462,0.209012,0.017251,0.977761,0,0.39889,0.02766,0.135,0.025,13.319,149.089,113.409,101.308,-1,175.471,103.133,451.779,434.693,703.068,267.751,283.903,614.247,145.785,109.707,39.231,-1,1,1,1,1,2,1,1,0,0,0,0,0,0,1,1,1,2
412,-5414.837,-5399.190,-407.751,-21.842,0.907710,0.368566,-0.200553,-0.363836,0.929441,0.061342,0.209011,0.017287,0.977760,0,0.39895,0.02746,0.097,0.024,13.319,149.103,113.365,101.190,-1,175.393,103.053,451.947,434.566,702.910,267.771,283.942,613.846,145.798,108.876,39.195,-1,1,1,1,1,2,1,1,0,0,0,0,0,0,1,1,1,2
413,-5414.783,-5399.306,-407.751,-21.819,0.907840,0.368200,-0.200638,-0.363459,0.929587,0.061361,0.209103,0.017218,0.977742,0,0.39900,0.02724,0.128,0.023,13.320,149.086,113.303,101.070,-1,175.451,102.952,451.974,434.594,702.361,267.667,283.875,613.492,145.785,108.163,39.209,-1,1,1,1,1,2,1,1,0,0,0,0,0,0,1,1,1,2
414,-5414.699,-5399.437,-407.728,-21.796,0.907937,0.367841,-0.200855,-0.363069,0.929731,0.061482,0.209357,0.017103,0.977690,0,0.39906,0.02705,0.155,0.023,13.319,149.055,113.238,100.961,-1,175.770,102.839,451.977,434.729,701.405,267.362,283.588,612.934,145.762,107.575,39.156,-1,1,1,1,1,2,1,1,0,0,0,0,0,0,1,1,1,2
415,-5414.641,-5399.548,-407.710,-21.771,0.908065,0.367454,-0.200987,-0.362675,0.929885,0.061487,0.209489,0.017059,0.977662,0,0.39910,0.02687,0.125,0.024,13.321,149.046,113.184,100.849,-1,175.936,102.741,452.090,434.766,700.871,267.252,283.503,612.495,145.758,106.873,39.068,-1,1,1,1,1,2,1,1,0,0,0,0,0,0,1,1,1,2
416,-5414.577,-5399.671,-407.680,-21.748,0.908176,0.367091,-0.201148,-0.362287,0.930031,0.061574,0.209677,0.016954,0.977624,0,0.39916,0.02667,0.139,0.024,13.320,149.029,113.128,100.747,-1,176.198,102.639,452.132,434.899,700.108,267.072,283.358,612.089,145.748,106.289,38.988,-1,1,1,1,1,2,1,1,0,0,0,0,0,0,1,1,1,2
417,-5414.543,-5399.774,-407.660,-21.725,0.908309,0.366730,-0.201206,-0.361923,0.930174,0.061550,0.209728,0.016915,0.977613,0,0.39921,0.02649,0.109,0.023,13.322,149.030,113.081,100.646,-1,176.272,102.556,452.254,434.930,699.788,267.091,283.421,611.844,145.751,105.652,38.915,-1,1,1,1,1,2,1,1,0,0,0,0,0,0,1,1,1,2
418,-5414.499,-5399.891,-407.638,-21.703,0.908432,0.366385,-0.201279,-0.361564,0.930311,0.061585,0.209816,0.016829,0.977596,0,0.39926,0.02630,0.124,0.022,13.321,149.016,113.024,100.541,-1,176.389,102.463,452.305,435.020,699.295,267.052,283.433,611.616,145.741,105.065,38.875,-1,1,1,1,1,2,1,1,0,0,0,0,0,0,1,1,1,2
419,-5414.463,-5399.997,-407.623,-21.681,0.908560,0.366043,-0.201323,-0.361220,0.930446,0.061562,0.209855,0.016790,0.977588,0,0.39931,0.02612,0.112,0.021,13.320,149.007,112.971,100.435,-1,176.431,102.374,452.403,435.040,699.000,267.077,283.501,611.393,145.734,104.463,38.835,-1,1,1,1,1,2,1,1,0,0,0,0,0,0,1,1,1,2
420,-5414.361,-5400.145,-407.598,-21.654,0.908675,0.365604,-0.201600,-0.360757,0.930620,0.061647,0.210151,0.016712,0.977526,0,0.56546,0.57163,0.180,0.028,13.321,148.972,112.894,100.303,-1,176.811,102.240,452.489,435.129,698.011,266.730,283.153,610.623,145.709,103.753,38.814,-1,1,1,1,1,2,1,1,0,0,0,0,0,0,1,1,1,2
421,-5414.182,-5400.334,-407.558,-21.620,0.908761,0.365051,-0.202217,-0.360173,0.930838,0.061776,0.210783,0.016693,0.977390,0,0.56555,0.57141,0.261,0.034,13.322,148.911,112.796,100.152,-1,177.671,102.059,452.721,435.186,696.391,265.863,282.249,608.959,145.668,103.040,38.599,-1,1,1,1,1,2,1,1,0,0,0,0,0,0,1,1,1,2
422,-5414.048,-5400.507,-407.538,-21.584,0.908899,0.364442,-0.202696,-0.359573,0.931075,0.061701,0.211212,0.016805,0.977296,0,0.56564,0.57116,0.219,0.036,13.324,148.884,112.709,99.990,-1,178.240,101.897,453.129,435.034,695.444,265.279,281.638,607.417,145.655,102.180,38.325,-1,1,1,1,1,2,1,1,0,0,0,0,0,0,1,1,1,2
423,-5413.956,-5400.710,-407.525,-21.543,0.909110,0.363783,-0.202930,-0.358906,0.931333,0.061688,0.211436,0.016752,0.977248,0,0.56575,0.57088,0.223,0.041,13.325,148.869,112.616,99.800,-1,178.485,101.731,453.317,435.031,694.536,264.998,281.433,606.567,145.648,101.858,38.199,-1,1,1,1,1,2,1,1,0,0,0,0,0,0,1,1,1,2
424,-5413.861,-5400.936,-407.502,-21.496,0.909383,0.363043,-0.203031,-0.358147,0.931624,0.061698,0.211547,0.016607,0.977227,0,0.56588,0.57054,0.244,0.047,13.325,148.845,112.497,99.563,-1,178.571,101.535,453.421,435.134,693.687,264.941,281.515,606.122,145.628,101.617,38.165,-1,1,1,1,1,2,1,1,0,0,0,0,0,0,1,1,1,2
425,-5413.756,-5401.179,-407.467,-21.449,0.909670,0.362320,-0.203037,-0.357400,0.931909,0.061729,0.211577,0.016412,0.977223,0,0.56603,0.57015,0.265,0.047,13.325,148.782,112.342,99.293,-1,178.561,101.307,453.454,435.306,692.975,265.058,281.802,605.988,145.569,101.339,38.210,-1,1,1,1,1,2,1,1,0,0,0,0,0,0,1,1,1,2
426,-5413.644,-5401.413,-407.429,-21.401,0.909981,0.361558,-0.203002,-0.356638,0.932207,0.061641,0.211526,0.016306,0.977236,0,0.56617,0.56977,0.259,0.048,13.326,148.712,112.173,98.996,-1,178.464,101.065,453.627,435.375,692.660,265.354,282.244,605.869,145.500,101.033,38.230,-1,1,1,1,1,2,1,1,0,0,0,0,0,0,1,1,1,2
427,-5413.513,-5401.672,-407.378,-21.352,0.910281,0.360799,-0.203009,-0.355857,0.932504,0.061655,0.211552,0.016119,0.977234,0,0.56632,0.56938,0.290,0.049,13.329,148.620,111.990,98.693,-1,178.483,100.804,453.708,435.561,692.032,265.545,282.607,605.759,145.413,100.722,38.260,-1,1,1,1,1,2,1,1,0,0,0,0,0,0,1,1,1,2
428,-5413.368,-5401.935,-407.317,-21.302,0.910567,0.360011,-0.203125,-0.355045,0.932812,0.061687,0.211686,0.015948,0.977208,0,0.56647,0.56899,0.300,0.050,13.330,148.536,111.813,98.401,-1,178.675,100.542,453.846,435.754,691.158,265.583,282.802,605.395,145.335,100.424,38.200,-1,1,1,1,1,2,1,1,0,0,0,0,0,0,1,1,1,2
429,-5413.208,-5402.213,-407.245,-21.248,0.910842,0.359186,-0.203351,-0.354179,0.933133,0.061804,0.211953,0.015729,0.977153,0,0.56663,0.56858,0.321,0.053,13.329,148.459,111.645,98.121,-1,179.060,100.279,453.954,436.030,689.819,265.412,282.796,604.832,145.271,100.142,38.080,-1,1,1,1,1,2,1,1,0,0,0,0,0,0,1,1,1,2
430,-5413.086,-5402.474,-407.182,-21.197,0.911120,0.358388,-0.203514,-0.353349,0.933443,0.061866,0.212141,0.015544,0.977116,0,0.56679,0.56816,0.287,0.051,13.331,148.412,111.503,97.866,-1,179.339,100.049,454.099,436.250,688.738,265.349,282.891,604.373,145.232,99.883,37.945,-1,1,1,1,1,2,1,1,0,0,0,0,0,0,1,1,1,2
431,-5412.983,-5402.726,-407.125,-21.146,0.911407,0.357592,-0.203632,-0.352525,0.933752,0.061918,0.212283,0.015353,0.977088,0,0.56695,0.56775,0.272,0.051,13.332,148.382,111.373,97.621,-1,179.543,99.834,454.229,436.463,687.729,265.340,283.046,604.010,145.208,99.633,37.832,-1,1,1,1,1,2,1,1,0,0,0,0,0,0,1,1,1,2
432,-5412.943,-5402.941,-407.105,-21.100,0.911729,0.356864,-0.203464,-0.351802,0.934032,0.061802,0.212097,0.015232,0.977130,0,0.56711,0.56733,0.219,0.046,13.334,148.369,111.250,97.371,-1,179.240,99.651,454.364,436.510,687.623,265.793,283.666,604.179,145.191,99.372,37.867,-1,1,1,1,1,2,1,1,0,0,0,0,0,0,1,1,1,2
433,-5412.913,-5403.146,-407.092,-21.057,0.912047,0.356209,-0.203190,-0.351140,0.934285,0.061740,0.211829,0.015038,0.977191,0,0.39580,1.00000,0.206,0.043,13.335,148.346,111.125,97.123,-1,178.796,99.474,454.346,436.631,687.549,266.344,284.415,604.688,145.161,99.113,37.832,-1,1,1,1,1,2,1,1,0,0,0,0,0,0,1,1,1,2
434,-5412.899,-5403.325,-407.087,-21.019,0.912357,0.355651,-0.202773,-0.350564,0.934502,0.061730,0.211446,0.014765,0.977278,0,0.39590,1.00000,0.180,0.038,13.335,148.317,111.004,96.883,-1,178.167,99.312,454.158,436.837,687.594,267.048,285.355,605.651,145.124,98.860,37.962,-1,1,1,1,1,2,1,1,0,0,0,0,0,0,1,1,1,2
435,-5412.847,-5403.506,-407.074,-20.982,0.912632,0.355119,-0.202468,-0.349991,0.934710,0.061840,0.211209,0.014425,0.977334,0,0.39599,1.00000,0.189,0.037,13.336,148.268,110.874,96.648,-1,177.731,99.136,453.868,437.153,687.157,267.510,286.058,606.462,145.071,98.613,38.169,-1,1,1,1,1,2,1,1,0,0,0,0,0,0,1,1,1,2
436,-5412.755,-5403.696,-407.051,-20.944,0.912871,0.354571,-0.202353,-0.349387,0.934923,0.062025,0.211177,0.014078,0.977346,0,0.39607,1.00000,0.211,0.038,13.335,148.211,110.746,96.422,-1,177.586,98.950,453.589,437.512,686.224,267.646,286.415,606.854,145.015,98.382,38.316,-1,1,1,1,1,2,1,1,0,0,0,0,0,0,1,1,1,2
437,-5412.643,-5403.894,-407.021,-20.904,0.913084,0.353993,-0.202402,-0.348754,0.935146,0.062223,0.211302,0.013774,0.977324,0,0.39615,1.00000,0.227,0.039,13.335,148.157,110.626,96.211,-1,177.679,98.763,453.400,437.846,685.012,267.541,286.494,606.820,144.970,98.167,38.361,-1,1,1,1,1,2,1,1,0,0,0,0,0,0,1,1,1,2
438,-5412.530,-5404.098,-406.987,-20.865,0.913285,0.353391,-0.202547,-0.348105,0.935378,0.062383,0.211504,0.013534,0.977283,0,0.39624,1.00000,0.233,0.040,13.336,148.113,110.514,96.014,-1,177.900,98.581,453.328,438.111,683.769,267.327,286.432,606.485,144.934,97.967,38.318,-1,1,1,1,1,2,1,1,0,0,0,0,0,0,1,1,1,2
439,-5412.426,-5404.306,-406.952,-20.825,0.913485,0.352775,-0.202720,-0.347454,0.935613,0.062482,0.211710,0.013359,0.977241,0,0.39632,1.00000,0.233,0.040,13.336,148.078,110.407,95.822,-1,178.152,98.404,453.365,438.299,682.671,267.123,286.354,606.008,144.908,97.774,38.224,-1,1,1,1,1,2,1,1,0,0,0,0,0,0,1,1,1,2
440,-5412.333,-5404.517,-406.916,-20.785,0.913689,0.352154,-0.202876,-0.346812,0.935848,0.062523,0.211879,0.013234,0.977206,0,0.39641,1.00000,0.231,0.039,13.336,148.043,110.299,95.629,-1,178.370,98.227,453.478,438.423,681.788,266.998,286.338,605.519,144.879,97.579,38.116,-1,1,1,1,1,2,1,1,0,0,0,0,0,0,1,1,1,2
441,-5412.246,-5404.729,-406.880,-20.746,0.913902,0.351536,-0.202994,-0.346180,0.936082,0.062524,0.211999,0.013132,0.977182,0,0.39649,1.00000,0.229,0.039,13.336,148.003,110.185,95.430,-1,178.531,98.047,453.626,438.515,681.092,266.990,286.420,605.094,144.845,97.376,38.021,-1,1,1,1,1,2,1,1,0,0,0,0,0,0,1,1,1,2
442,-5412.160,-5404.942,-406.843,-20.707,0.914120,0.350920,-0.203074,-0.345554,0.936315,0.062510,0.212077,0.013031,0.977166,0,0.39658,1.00000,0.230,0.039,13.336,147.957,110.064,95.221,-1,178.638,97.862,453.773,438.603,680.511,267.069,286.601,604.765,144.804,97.163,37.951,-1,1,1,1,1,2,1,1,0,0,0,0,0,0,1,1,1,2
443,-5412.072,-5405.155,-406.805,-20.669,0.914344,0.350309,-0.203125,-0.344930,0.936545,0.062502,0.212130,0.012915,0.977156,0,0.39666,1.00000,0.230,0.039,13.335,147.905,109.936,95.006,-1,178.708,97.671,453.894,438.710,679.963,267.191,286.834,604.526,144.755,96.943,37.906,-1,1,1,1,1,2,1,1,0,0,0,0,0,0,1,1,1,2
444,-5411.980,-5405.366,-406.767,-20.630,0.914569,0.349700,-0.203159,-0.344305,0.936774,0.062512,0.212175,0.012777,0.977148,0,0.39674,1.00000,0.230,0.039,13.336,147.850,109.806,94.787,-1,178.760,97.478,453.980,438.844,679.387,267.325,287.089,604.353,144.704,96.718,37.882,-1,1,1,1,1,2,1,1,0,0,0,0,0,0,1,1,1,2
445,-5411.886,-5405.576,-406.730,-20.591,0.914793,0.349095,-0.203190,-0.343678,0.937003,0.062544,0.212223,0.012617,0.977140,0,0.39683,1.00000,0.230,0.039,13.335,147.794,109.677,94.567,-1,178.808,97.286,454.030,439.005,678.750,267.446,287.338,604.215,144.652,96.494,37.869,-1,1,1,1,1,2,1,1,0,0,0,0,0,0,1,1,1,2
446,-5411.791,-5405.783,-406.694,-20.552,0.915016,0.348491,-0.203224,-0.343049,0.937230,0.062595,0.212282,0.012440,0.977129,0,0.39691,1.00000,0.228,0.039,13.336,147.741,109.550,94.351,-1,178.862,97.095,454.053,439.184,678.044,267.540,287.565,604.084,144.603,96.272,37.861,-1,1,1,1,1,2,1,1,0,0,0,0,0,0,1,1,1,2
447,-5411.696,-5405.989,-406.660,-20.512,0.915236,0.347888,-0.203267,-0.342418,0.937456,0.062659,0.212353,0.012254,0.977116,0,0.39699,1.00000,0.227,0.039,13.335,147.692,109.427,94.138,-1,178.927,96.909,454.060,439.373,677.279,267.604,287.764,603.938,144.560,96.056,37.852,-1,1,1,1,1,2,1,1,0,0,0,0,0,0,1,1,1,2
448,-5411.602,-5406.194,-406.627,-20.473,0.915453,0.347286,-0.203321,-0.341786,0.937682,0.062729,0.212435,0.012066,0.977101,0,0.39708,1.00000,0.225,0.039,13.335,147.647,109.309,93.930,-1,179.003,96.726,454.061,439.564,676.475,267.642,287.936,603.766,144.519,95.844,37.839,-1,1,1,1,1,2,1,1,0,0,0,0,0,0,1,1,1,2
449,-5411.508,-5406.398,-406.596,-20.434,0.915667,0.346683,-0.203383,-0.341154,0.937907,0.062799,0.212526,0.011882,0.977083,0,0.39716,1.00000,0.225,0.039,13.335,147.604,109.192,93.725,-1,179.087,96.545,454.066,439.750,675.655,267.664,288.089,603.568,144.481,95.634,37.822,-1,1,1,1,1,2,1,1,0,0,0,0,0,0,1,1,1,2
450,-5411.414,-5406.602,-406.565,-20.395,0.915881,0.346079,-0.203450,-0.340523,0.938132,0.062865,0.212619,0.011703,0.977065,0,0.39724,1.00000,0.225,0.039,13.336,147.561,109.076,93.520,-1,179.177,96.364,454.079,439.928,674.843,267.680,288.233,603.349,144.444,95.425,37.801,-1,1,1,1,1,2,1,1,0,0,0,0,0,0,1,1,1,2
451,-5411.320,-5406.806,-406.534,-20.356,0.916094,0.345474,-0.203518,-0.339891,0.938357,0.062923,0.212711,0.011531,0.977047,0,0.39733,1.00000,0.225,0.039,13.337,147.519,108.960,93.316,-1,179.266,96.184,454.102,440.098,674.052,267.701,288.379,603.122,144.407,95.217,37.777,-1,1,1,1,1,2,1,1,0,0,0,0,0,0,1,1,1,2
452,-5411.227,-5407.010,-406.502,-20.317,0.916307,0.344869,-0.203585,-0.339261,0.938582,0.062974,0.212799,0.011365,0.977030,0,0.39741,1.00000,0.225,0.039,13.336,147.476,108.843,93.110,-1,179.352,96.002,454.135,440.262,673.291,267.732,288.535,602.895,144.369,95.007,37.751,-1,1,1,1,1,2,1,1,0,0,0,0,0,0,1,1,1,2
453,-5411.132,-5407.215,-406.470,-20.278,0.916521,0.344263,-0.203648,-0.338631,0.938807,0.063019,0.212882,0.011203,0.977014,0,0.39750,1.00000,0.225,0.039,13.336,147.431,108.725,92.903,-1,179.435,95.819,454.176,440.422,672.556,267.777,288.702,602.673,144.329,94.796,37.726,-1,1,1,1,1,2,1,1,0,0,0,0,0,0,1,1,1,2
454,-5411.037,-5407.420,-406.436,-20.239,0.916735,0.343655,-0.203710,-0.338000,0.939031,0.063061,0.212961,0.011044,0.976998,0,0.39758,1.00000,0.226,0.039,13.336,147.385,108.604,92.694,-1,179.070,95.634,454.222,440.581,671.842,267.831,288.879,602.458,144.287,94.582,37.700,-1,1,1,1,1,2,1,1,0,0,0,0,0,0,1,1,1,2
455,-5410.942,-5407.625,-406.402,-20.200,0.916950,0.343048,-0.203769,-0.337370,0.939255,0.063101,0.213038,0.010885,0.976983,0,0.39766,1.00000,0.226,0.039,13.336,147.339,108.484,92.485,-1,176.858,95.450,454.270,440.741,671.139,267.893,289.064,602.250,144.245,94.369,37.674,-1,1,1,1,1,2,1,1,0,0,0,0,0,0,1,1,1,2
456,-5410.847,-5407.829,-406.367,-20.161,0.917164,0.342440,-0.203827,-0.336739,0.939478,0.063142,0.213113,0.010725,0.976969,0,0.39775,1.00000,0.225,0.039,13.337,147.292,108.363,92.276,-1,174.657,95.265,454.317,440.858,670.440,267.958,289.253,602.049,144.204,94.156,37.647,-1,1,1,1,1,2,1,1,0,0,0,0,0,0,1,1,1,2
457,-7143.027,-4620.301,-319.903,119.487,-0.492005,-0.870567,-0.006647,0.870090,-0.491447,-0.037718,0.029570,-0.024341,0.999266,1,0.39783,1.00000,0.000,0.000,14.195,630.058,926.010,771.696,-1,553.416,577.545,541.516,558.159,807.437,-1,-1,-1,-1,-1,25.823,-1,1,0,1,0,2,0,0,0,0,1,2,2,2,2,2,1,2
458,-7142.482,-4620.794,-317.386,119.489,-0.492069,-0.870549,-0.003661,0.870107,-0.491675,-0.034183,0.027958,-0.020006,0.999409,0,0.35419,-0.61147,0.736,0.003,14.711,635.786,927.665,769.879,-1,557.014,579.570,561.444,555.802,807.810,-1,-1,-1,-1,-1,23.957,-1,1,0,1,0,2,0,0,0,0,1,2,2,2,2,2,1,2
459,-7142.004,-4620.797,-315.995,119.486,-0.492017,-0.870585,-0.000467,0.870134,-0.491745,-0.032460,0.028030,-0.016377,0.999473,0,0.35419,-0.61147,0.478,-0.003,-1,641.897,929.586,770.837,-1,561.061,582.563,575.950,551.944,808.395,-1,-1,-1,-1,-1,-1,-1,2,0,1,0,2,0,0,0,0,1,2,2,2,2,2,2,2
460,-7141.652,-4620.394,-315.758,119.469,-0.491742,-0.870738,0.002270,0.870257,-0.491554,-0.032059,0.029031,-0.013790,0.999483,0,0.35420,-0.61147,0.535,-0.017,-1,646.487,931.659,772.262,-1,563.997,584.890,583.610,547.126,808.994,-1,-1,-1,-1,-1,-1,-1,2,0,1,0,2,0,0,0,0,1,2,2,2,2,2,2,2
461,-7141.469,-4619.644,-316.573,119.437,-0.491240,-0.871015,0.003944,0.870496,-0.491095,-0.032600,0.030332,-0.012581,0.999461,0,0.35425,-0.61147,0.772,-0.032,-1,648.178,933.588,772.747,-1,564.880,585.505,583.555,542.230,809.511,-1,-1,-1,-1,-1,-1,-1,2,0,1,0,2,0,0,0,0,1,2,2,2,2,2,2,2
462,-7141.508,-4618.573,-318.238,119.384,-0.490418,-0.871477,0.004336,0.870913,-0.490269,-0.033873,0.031645,-0.012836,0.999417,0,0.35434,-0.61147,1.071,-0.053,-1,646.743,935.432,772.083,-1,563.597,584.295,576.121,538.032,809.837,-1,-1,-1,-1,-1,-1,-1,2,0,1,0,2,0,0,0,0,1,2,2,2,2,2,2,2
463,-7141.801,-4617.179,-320.424,119.322,-0.489442,-0.872029,0.003503,0.871401,-0.489235,-0.036183,0.033266,-0.014657,0.999339,0,0.35448,-0.61147,1.425,-0.063,16.871,643.549,936.827,772.474,-1,561.420,582.752,562.421,535.677,810.051,-1,-1,-1,-1,-1,22.179,-1,1,0,1,0,2,0,0,0,0,1,2,2,2,2,2,1,2
464,-7142.340,-4615.391,-322.723,119.234,-0.488057,-0.872811,0.001376,0.872072,-0.487708,-0.040392,0.035926,-0.018513,0.999183,0,0.35465,-0.61147,1.867,-0.088,17.192,640.945,938.504,778.482,-1,560.657,583.676,542.897,537.497,810.042,-1,-1,-1,-1,-1,22.186,-1,1,0,1,0,2,0,0,0,0,1,2,2,2,2,2,1,2
465,-7143.040,-4613.364,-324.612,119.123,-0.486333,-0.873773,-0.001199,0.872952,-0.485816,-0.044019,0.037880,-0.022454,0.999030,0,0.35488,-0.61147,2.144,-0.111,17.492,637.706,940.490,783.721,-1,559.471,584.153,524.715,540.695,809.980,-1,-1,-1,-1,-1,22.218,-1,1,0,1,0,2,0,0,0,0,1,2,2,2,2,2,1,2
466,-7143.809,-4611.107,-325.746,118.996,-0.484386,-0.874847,-0.003542,0.874012,-0.483739,-0.045818,0.038370,-0.025290,0.998944,0,0.35518,-0.61147,2.384,-0.127,17.614,633.850,942.782,785.207,-1,557.380,583.116,511.837,543.574,810.080,-1,-1,-1,-1,-1,22.239,-1,1,0,1,0,2,0,0,0,0,1,2,2,2,2,2,1,2
467,-7144.616,-4608.594,-326.039,118.860,-0.482325,-0.875977,-0.005131,0.875184,-0.481621,-0.045767,0.037620,-0.026565,0.998939,0,0.35552,-0.61147,2.640,-0.136,17.581,630.423,945.351,783.402,11.108,555.091,581.184,505.388,545.328,810.464,-1,-1,-1,-1,-1,22.232,11.283,1,0,1,0,1,0,0,0,0,1,2,2,2,2,2,1,1
468,-7145.439,-4605.787,-325.583,118.715,-0.480145,-0.877171,-0.005750,0.876445,-0.479457,-0.044324,0.036123,-0.026321,0.999001,0,0.35588,-0.61147,2.925,-0.144,17.494,628.275,948.372,779.821,11.066,553.356,579.247,504.795,545.789,811.159,-1,-1,-1,-1,-1,22.219,11.214,1,0,1,0,1,0,0,0,0,1,2,2,2,2,2,1,1
469,-7146.271,-4602.650,-324.597,118.560,-0.477796,-0.878454,-0.005459,0.877797,-0.477177,-0.042139,0.034412,-0.024925,0.999097,0,0.35627,-0.61147,3.245,-0.155,17.399,627.787,952.019,776.081,-1,552.648,578.014,508.643,545.190,812.139,-1,-1,-1,-1,-1,22.206,-1,1,0,1,0,2,0,0,0,0,1,2,2,2,2,2,1,2
470,-7147.119,-4599.175,-323.337,118.392,-0.475239,-0.879845,-0.004543,0.879247,-0.474711,-0.039681,0.032757,-0.022853,0.999202,0,0.35668,-0.61147,3.577,-0.169,17.313,628.569,956.329,772.804,-1,552.804,577.510,514.865,543.877,813.346,-1,-1,-1,-1,-1,22.197,-1,1,0,1,0,2,0,0,0,0,1,2,2,2,2,2,1,2
471,-7148.006,-4595.354,-322.053,118.208,-0.472449,-0.881351,-0.003470,0.880803,-0.472008,-0.037357,0.031286,-0.020706,0.999296,0,0.35713,-0.61147,3.922,-0.183,17.236,629.865,961.209,770.263,-1,553.395,577.496,521.158,542.527,814.717,-1,-1,-1,-1,-1,22.189,-1,1,0,1,0,2,0,0,0,0,1,2,2,2,2,2,1,2
472,-7148.967,-4591.177,-320.961,118.010,-0.469414,-0.882974,-0.002573,0.882465,-0.469040,-0.035464,0.030107,-0.018918,0.999368,0,0.35762,-0.61147,4.286,-0.198,17.166,631.065,966.547,768.556,-1,554.050,577.735,525.736,541.479,816.191,-1,-1,-1,-1,-1,22.184,-1,1,0,1,0,2,0,0,0,0,1,2,2,2,2,2,1,2
473,-7150.038,-4586.645,-320.208,117.797,-0.466134,-0.884712,-0.002066,0.884232,-0.465802,-0.034088,0.029196,-0.017716,0.999417,0,0.35815,-0.61147,4.657,-0.214,17.095,631.587,972.215,767.330,-1,554.346,577.841,528.297,540.887,817.729,-1,-1,-1,-1,-1,22.181,-1,1,0,1,0,2,0,0,0,0,1,2,2,2,2,2,1,2
474,-7151.238,-4581.775,-319.858,117.571,-0.462656,-0.886536,-0.002089,0.886083,-0.462342,-0.033109,0.028386,-0.017169,0.999450,0,0.35872,-0.61147,5.015,-0.226,17.154,630.847,978.010,765.859,-1,553.799,577.295,527.845,540.563,819.320,-1,-1,-1,-1,-1,22.183,-1,1,0,1,0,2,0,0,0,0,1,2,2,2,2,2,1,2
475,-7152.529,-4576.591,-319.860,117.331,-0.458962,-0.888452,-0.002707,0.888031,-0.458646,-0.032319,0.027473,-0.017237,0.999474,0,0.35932,-0.61147,5.343,-0.239,17.317,628.566,984.017,763.577,-1,552.155,575.713,524.622,540.540,820.979,-1,-1,-1,-1,-1,22.197,-1,1,0,1,0,2,0,0,0,0,1,2,2,2,2,2,1,2
476,-7153.894,-4571.166,-320.062,117.075,-0.455000,-0.890484,-0.003522,0.890106,-0.454684,-0.031194,0.026177,-0.017328,0.999507,0,0.35996,-0.61147,5.594,-0.256,17.288,624.940,990.506,759.424,-1,549.346,572.861,520.509,539.917,822.680,-1,-1,-1,1001.132,-1,22.195,-1,1,0,1,0,2,0,0,0,0,1,2,2,2,0,2,1,2
477,-7155.294,-4565.498,-320.298,116.805,-0.450825,-0.892603,-0.004219,0.892270,-0.450516,-0.029834,0.024729,-0.017215,0.999546,0,0.36064,-0.61147,5.839,-0.270,17.310,621.058,997.565,754.500,11.259,546.234,569.610,516.610,538.708,824.495,-1,-1,-1,993.351,-1,22.196,8.024,1,0,1,0,1,0,0,0,0,1,2,2,2,0,2,1,1
478,-7156.714,-4559.523,-320.487,116.519,-0.446366,-0.894838,-0.004784,0.894543,-0.446065,-0.028627,0.023482,-0.017058,0.999579,0,0.36136,-0.61147,6.141,-0.287,17.288,617.783,1005.497,750.442,17.068,543.647,566.916,512.802,537.567,826.439,-1,-1,-1,986.626,-1,22.193,17.628,1,0,1,0,1,0,0,0,0,1,2,2,2,0,2,1,1
479,-7158.211,-4553.239,-320.593,116.224,-0.441772,-0.897112,-0.005296,0.896846,-0.441478,-0.027657,0.022473,-0.016968,0.999603,0,0.36212,-0.60940,6.460,-0.295,17.104,615.180,-1,747.723,15.889,541.939,564.943,508.992,536.857,828.549,-1,-1,-1,981.167,-1,22.181,21.677,1,0,2,0,1,0,0,0,0,1,2,2,2,0,2,1,1
480,-7159.851,-4546.539,-320.545,115.921,-0.437021,-0.899431,-0.006018,0.899183,-0.436718,-0.027342,0.021964,-0.017360,0.999608,0,0.60338,-0.91012,6.898,-0.303,17.757,613.682,-1,747.697,21.658,541.480,564.460,504.447,537.754,830.826,-1,-1,-1,977.805,-1,22.266,22.104,1,0,2,0,1,0,0,0,0,1,2,2,2,0,2,1,1
481,-7161.431,-4539.277,-320.286,115.553,-0.431239,-0.902205,-0.007647,0.901976,-0.430894,-0.027739,0.021732,-0.018860,0.999586,0,0.60472,-0.90734,7.432,-0.368,18.468,612.667,-1,750.312,17.438,542.032,565.368,497.719,541.813,833.070,-1,-1,-1,975.013,-1,22.457,18.137,1,0,2,0,1,0,0,0,0,1,2,2,2,0,2,1,1
482,-7162.798,-4531.572,-319.836,115.108,-0.424238,-0.905500,-0.009556,0.905305,-0.423854,-0.027770,0.021095,-0.020432,0.999569,0,0.60636,-0.90392,7.825,-0.444,18.704,611.380,-1,752.061,-1,542.458,566.241,491.009,546.515,835.317,-1,-1,-1,971.469,-1,22.537,-1,1,0,2,0,2,0,0,0,0,1,2,2,2,0,2,1,2
483,-7164.097,-4523.498,-319.255,114.623,-0.416571,-0.909041,-0.010650,0.908893,-0.416194,-0.026370,0.019539,-0.020664,0.999596,0,0.60836,-0.89976,8.178,-0.485,18.656,609.785,-1,750.203,-1,541.742,565.500,488.712,548.493,837.810,-1,-1,-1,966.568,-1,22.519,-1,1,0,2,0,2,0,0,0,0,1,2,2,2,0,2,1,2
484,-7165.324,-4514.985,-318.621,114.120,-0.408582,-0.912656,-0.010968,0.912556,-0.408249,-0.023950,0.017380,-0.019794,0.999653,0,0.61056,-0.89519,8.600,-0.504,18.572,607.831,-1,745.685,-1,540.240,563.482,490.508,548.064,840.758,-1,-1,-1,960.958,-1,22.490,-1,1,0,2,0,2,0,0,0,0,1,2,2,2,0,2,1,2
485,-7166.504,-4505.961,-318.049,113.601,-0.400322,-0.916314,-0.010569,0.916247,-0.400046,-0.021316,0.015304,-0.018217,0.999717,0,0.61284,-0.89045,9.101,-0.518,18.450,606.373,-1,740.623,-1,538.919,561.405,493.490,545.871,844.186,-1,-1,-1,956.469,-1,22.450,-1,1,0,2,0,2,0,0,0,0,1,2,2,2,0,2,1,2
486,-7167.673,-4496.375,-317.652,113.070,-0.391825,-0.919988,-0.009731,0.919936,-0.391600,-0.019165,0.013821,-0.016461,0.999769,0,0.61518,-0.88558,9.657,-0.531,18.417,605.828,-1,736.688,11.348,538.391,560.063,496.341,542.850,848.077,-1,-1,-1,954.031,-1,22.439,11.787,1,0,2,0,1,0,0,0,0,1,2,2,2,0,2,1,1
487,-7168.851,-4486.237,-317.435,112.518,-0.382942,-0.923730,-0.008897,0.923685,-0.382756,-0.017406,0.012673,-0.014883,0.999809,0,0.61758,-0.88060,10.206,-0.553,8.779,605.460,-1,733.436,14.933,538.108,559.043,498.135,539.750,852.331,-1,-1,-1,938.017,-1,22.532,15.620,1,0,2,0,1,0,0,0,0,1,2,2,2,1,2,1,1
488,-7169.856,-4475.653,-317.325,111.926,-0.373382,-0.927638,-0.008561,0.927608,-0.373226,-0.015676,0.011347,-0.013795,0.999840,0,0.62007,-0.87542,10.631,-0.592,18.660,604.325,-1,729.945,15.434,537.088,557.585,498.168,537.401,856.879,-1,-1,-1,931.698,-1,22.521,16.133,1,0,2,0,1,0,0,0,0,1,2,2,2,1,2,1,1
489,-7170.692,-4464.732,-317.255,111.284,-0.362971,-0.931762,-0.008413,0.931754,-0.362849,-0.013192,0.009239,-0.012627,0.999878,0,0.62274,-0.86986,10.953,-0.642,18.453,601.755,-1,724.178,18.325,534.492,554.525,498.036,534.677,861.654,-1,-1,-1,663.436,-1,22.451,19.052,1,0,2,0,1,0,0,0,0,1,2,2,2,1,2,1,1
490,-7171.528,-4453.417,-317.163,110.619,-0.352137,-0.935916,-0.007794,0.935925,-0.352058,-0.009995,0.006611,-0.010814,0.999920,0,0.62566,-0.86380,11.346,-0.665,9.518,598.669,-1,716.528,21.595,531.292,550.422,499.330,530.589,866.821,-1,-1,-1,629.921,-1,22.525,22.579,1,0,2,0,1,0,0,0,0,1,2,2,2,1,2,1,1
491,-7172.194,-4441.682,-316.999,109.915,-0.340629,-0.940171,-0.007164,0.940189,-0.340583,-0.006896,0.004043,-0.009084,0.999951,0,0.62868,-0.85752,11.754,-0.703,18.567,596.428,-1,709.547,24.352,528.355,546.748,502.437,526.929,872.357,-1,-1,-1,641.132,-1,22.489,25.393,1,0,2,0,1,0,0,0,0,1,2,2,2,1,2,1,1
492,-7172.704,-4429.421,-316.832,109.176,-0.328478,-0.944486,-0.006936,0.944509,-0.328449,-0.004979,0.002424,-0.008187,0.999964,0,0.63187,-0.85087,12.271,-0.739,18.009,595.950,-1,706.150,26.150,527.161,545.233,503.834,525.174,878.276,-1,-1,-1,653.727,-1,22.323,26.871,1,0,2,0,1,0,0,0,0,1,2,2,2,1,2,1,1
493,-7173.416,-4416.553,-316.686,108.474,-0.316867,-0.948450,-0.006196,0.948467,-0.316843,-0.004571,0.002372,-0.007325,0.999970,0,0.63524,-0.84388,12.888,-0.703,9.286,598.426,-1,707.420,21.391,528.750,546.784,504.650,523.616,884.815,-1,-1,-1,665.873,-1,22.243,29.031,1,0,2,0,1,0,0,0,0,1,2,2,2,1,2,1,1
494,-7174.514,-4403.109,-316.552,107.836,-0.306294,-0.951924,-0.005032,0.951932,-0.306270,-0.004957,0.003178,-0.006308,0.999975,0,0.63841,-0.83727,13.489,-0.638,16.464,602.441,-1,710.627,14.715,531.800,549.911,505.838,521.804,891.997,-1,-1,-1,676.559,-1,12.787,28.813,1,0,2,0,1,0,0,0,0,1,2,2,2,1,2,1,1
495,-7176.102,-4389.141,-316.497,107.291,-0.297226,-0.954801,-0.003562,0.954801,-0.297208,-0.004707,0.003435,-0.004800,0.999983,0,0.64126,-0.83134,14.058,-0.545,-1,604.709,-1,710.377,13.413,533.520,551.523,507.746,518.680,-1,-1,-1,-1,684.794,-1,-1,26.565,2,0,2,0,1,0,0,0,0,2,2,2,2,1,2,2,1
496,-7178.050,-4374.693,-316.536,106.811,-0.289217,-0.957261,-0.002297,0.957260,-0.289209,-0.003479,0.002666,-0.003205,0.999991,0,0.64365,-0.82637,14.579,-0.480,-1,604.153,-1,706.465,13.287,532.988,550.742,509.775,515.013,-1,-1,-1,-1,691.162,-1,1002.550,26.487,2,0,2,0,1,0,0,0,0,2,2,2,2,1,2,1,1
497,-7180.383,-4359.804,-316.604,106.403,-0.282389,-0.959299,-0.001634,0.959300,-0.282387,-0.001282,0.000768,-0.001929,0.999998,0,0.64572,-0.82208,15.070,-0.408,-1,600.962,-1,699.623,13.273,530.094,547.595,511.031,511.810,-1,-1,-1,-1,695.355,-1,590.396,28.151,2,0,2,0,1,0,0,0,0,2,2,2,2,1,2,1,1
498,-7182.969,-4344.424,-316.707,106.022,-0.275998,-0.961156,-0.001919,0.961157,-0.276001,0.001260,-0.001741,-0.001497,0.999997,0,0.64743,-0.81853,15.596,-0.381,-1,595.843,-1,691.757,13.267,525.800,543.311,510.159,510.175,-1,-1,-1,-1,698.522,-1,553.404,28.769,2,0,2,0,1,0,0,0,0,2,2,2,2,1,2,1,1
499,-7185.695,-4328.466,-316.893,105.647,-0.269704,-0.962939,-0.002801,0.962936,-0.269712,0.003210,-0.003847,-0.001832,0.999991,0,0.64899,-0.81527,16.189,-0.375,11.411,590.813,-1,685.243,13.269,521.953,539.579,507.588,509.886,-1,-1,-1,-1,701.362,-1,9.534,28.294,1,0,2,0,1,0,0,0,0,2,2,2,2,1,2,1,1
