timestep,x_cm,y_cm,z_cm,yaw_deg,basis_xx,basis_xy,basis_xz,basis_yx,basis_yy,basis_yz,basis_zx,basis_zy,basis_zz,teleport_flag,throttle_cmd,steering_cmd,cmd_move_cm,cmd_turn_deg,lidar_cm_0,lidar_cm_1,lidar_cm_2,lidar_cm_3,lidar_cm_4,lidar_cm_5,lidar_cm_6,lidar_cm_7,lidar_cm_8,lidar_cm_9,lidar_cm_10,lidar_cm_11,lidar_cm_12,lidar_cm_13,lidar_cm_14,lidar_cm_15,lidar_cm_16,lidar_class_0,lidar_class_1,lidar_class_2,lidar_class_3,lidar_class_4,lidar_class_5,lidar_class_6,lidar_class_7,lidar_class_8,lidar_class_9,lidar_class_10,lidar_class_11,lidar_class_12,lidar_class_13,lidar_class_14,lidar_class_15,lidar_class_16
0,-6581.569,-7903.176,278.131,81.425,0.149076,-0.988820,0.003389,0.988688,0.149112,0.016181,-0.016505,0.000939,0.999863,0,0.90617,-0.39070,0.576,-0.002,-1,672.196,-1,744.205,-1,563.624,577.866,492.254,520.487,-1,-1,-1,-1,-1,-1,-1,-1,2,0,2,0,2,0,0,0,0,2,2,2,2,2,2,2,2
1,-6581.234,-7901.887,279.096,81.418,0.149218,-0.988788,0.005705,0.988735,0.149273,0.010969,-0.011697,0.004004,0.999924,0,0.90619,-0.39068,1.332,-0.008,-1,689.736,-1,760.384,-1,577.557,591.514,500.597,517.958,-1,-1,-1,-1,-1,-1,-1,-1,2,0,2,0,2,0,0,0,0,2,2,2,2,2,2,2,2
2,-6580.769,-7899.773,278.968,81.429,0.149029,-0.988792,0.009030,0.988818,0.149071,0.004155,-0.005454,0.008310,0.999951,0,0.90622,-0.39060,2.165,0.011,-1,709.706,-1,776.487,-1,592.559,605.681,508.706,510.725,-1,-1,-1,-1,-1,-1,-1,-1,2,0,2,0,2,0,0,0,0,2,2,2,2,2,2,2,2
3,-6580.358,-7896.867,278.092,81.512,0.147606,-0.988957,0.013295,0.989046,0.147592,-0.002025,0.000040,0.013449,0.999910,0,0.90616,-0.39073,2.935,0.083,-1,726.976,-1,787.614,-1,604.380,616.183,516.486,500.444,-1,-1,-1,-1,-1,-1,-1,-1,2,0,2,0,2,0,0,0,0,2,2,2,2,2,2,2,2
4,-6580.105,-7893.180,276.820,81.658,0.145085,-0.989261,0.017703,0.989415,0.145007,-0.005638,0.003010,0.018333,0.999827,0,0.90576,-0.39157,3.696,0.146,-1,735.965,-1,789.711,-1,609.277,619.512,522.489,489.498,-1,-1,-1,-1,-1,-1,-1,-1,2,0,2,0,2,0,0,0,0,2,2,2,2,2,2,2,2
5,-6580.149,-7888.688,275.505,81.862,0.141550,-0.989712,0.020814,0.989926,0.141448,-0.006261,0.003252,0.021490,0.999764,0,0.90505,-0.39306,4.492,0.205,-1,735.256,-1,784.620,-1,607.166,616.222,524.893,481.156,-1,-1,-1,-1,-1,-1,-1,15.352,2,0,2,0,2,0,0,0,0,2,2,2,2,2,2,2,1
6,-6580.583,-7883.389,274.330,82.126,0.137000,-0.990332,0.021779,0.990570,0.136945,-0.004035,0.001013,0.022126,0.999755,0,0.90405,-0.39516,5.317,0.263,-1,725.300,-1,774.772,18.432,598.998,607.671,522.649,477.614,-1,-1,-1,-1,-1,-1,-1,22.445,2,0,2,0,1,0,0,0,0,2,2,2,2,2,2,2,1
7,-6581.344,-7877.211,273.339,82.428,0.131775,-0.991077,0.020042,0.991276,0.131805,0.000198,-0.002838,0.019841,0.999799,0,0.90276,-0.39787,6.225,0.302,-1,708.769,-1,763.769,18.337,587.121,596.545,515.275,479.689,-1,-1,-1,-1,-1,-1,-1,22.414,2,0,2,0,1,0,0,0,0,2,2,2,2,2,2,2,1
8,-6582.425,-7870.125,272.465,82.775,0.125759,-0.991929,0.016197,0.992032,0.125864,0.005599,-0.007593,0.015364,0.999853,0,0.90127,-0.40098,7.167,0.347,-1,688.575,-1,753.024,18.639,573.344,584.439,504.211,486.130,-1,-1,-1,-1,-1,-1,-1,22.514,2,0,2,0,1,0,0,0,0,2,2,2,2,2,2,2,1
9,-6583.796,-7862.300,271.611,83.181,0.118729,-0.992865,0.011089,0.992840,0.118859,0.011910,-0.013143,0.009595,0.999868,0,0.89956,-0.40457,7.945,0.405,-1,665.874,-1,741.700,18.662,557.945,571.166,490.877,495.266,-1,-1,-1,-1,-1,-1,-1,22.521,2,0,2,0,1,0,0,0,0,2,2,2,2,2,2,2,1
10,-6585.340,-7853.516,270.697,83.607,0.111333,-0.993769,0.005319,0.993618,0.111411,0.017613,-0.018096,0.003324,0.999831,0,0.89757,-0.40876,8.919,0.426,-1,644.951,-1,731.781,17.059,544.068,559.686,476.955,505.708,-1,-1,-1,-1,-1,-1,-1,22.179,2,0,2,0,1,0,0,0,0,2,2,2,2,2,2,2,1
11,-6586.774,-7843.530,269.829,84.009,0.104355,-0.994540,-0.000342,0.994325,0.104325,0.020825,-0.020676,-0.002513,0.999783,0,0.89547,-0.41317,10.088,0.402,14.060,631.018,-1,729.085,16.537,535.629,553.989,464.588,516.606,-1,-1,-1,-1,-1,-1,17.445,22.213,1,0,2,0,1,0,0,0,0,2,2,2,2,2,2,1,1
12,-6588.034,-7832.347,269.201,84.411,0.097369,-0.995239,-0.004299,0.995034,0.097258,0.021165,-0.020646,-0.006338,0.999767,0,0.89347,-0.41735,11.254,0.402,13.873,625.789,-1,734.206,16.424,533.432,554.536,456.696,525.146,-1,-1,-1,-1,-1,-1,25.989,22.235,1,0,2,0,1,0,0,0,0,2,2,2,2,2,2,1,1
13,-6589.093,-7820.030,268.835,84.820,0.090266,-0.995901,-0.005811,0.995738,0.090137,0.019541,-0.018937,-0.007550,0.999792,0,0.89148,-0.42154,12.362,0.409,13.275,627.292,-1,743.384,15.576,535.830,558.611,453.973,529.624,-1,-1,-1,-1,-1,-1,27.694,22.653,1,0,2,0,1,0,0,0,0,2,2,2,2,2,2,1,1
14,-6589.650,-7806.667,268.654,85.153,0.084483,-0.996406,-0.006202,0.996282,0.084363,0.017484,-0.016898,-0.007656,0.999828,0,0.88945,-0.42580,13.375,0.333,13.420,631.139,-1,752.840,14.811,539.897,563.632,453.678,532.410,-1,-1,-1,-1,-1,-1,24.800,23.728,1,0,2,0,1,0,0,0,0,2,2,2,2,2,2,1,1
15,-6589.614,-7792.403,268.596,85.378,0.080577,-0.996730,-0.006039,0.996627,0.080471,0.016094,-0.015555,-0.007315,0.999852,0,0.88778,-0.42930,14.264,0.225,13.777,633.826,-1,759.479,14.247,543.355,567.830,454.391,534.437,-1,-1,-1,-1,-1,-1,23.774,25.565,1,0,2,0,1,0,0,0,0,2,2,2,2,2,2,1,1
16,-6588.860,-7777.330,268.607,85.451,0.079308,-0.996832,-0.006002,0.996737,0.079207,0.015559,-0.015034,-0.007217,0.999861,0,0.88663,-0.43171,15.092,0.073,-1,635.014,-1,764.107,13.977,545.826,571.041,454.885,536.390,-1,-1,-1,-1,-1,-1,14.095,25.521,2,0,2,0,1,0,0,0,0,2,2,2,2,2,2,1,1
17,-6587.674,-7761.531,268.493,85.472,0.078931,-0.996871,-0.004153,0.996753,0.078853,0.016320,-0.015942,-0.005428,0.999858,0,0.88622,-0.43258,15.844,0.022,-1,633.883,-1,761.774,12.024,545.490,570.679,457.714,533.940,-1,-1,-1,-1,-1,-1,-1,10.774,2,0,2,0,1,0,0,0,0,2,2,2,2,2,2,2,1
18,-6586.227,-7744.945,268.209,85.474,0.078891,-0.996883,-0.001009,0.996723,0.078860,0.018014,-0.017878,-0.002427,0.999837,0,0.88605,-0.43294,16.649,0.002,-1,630.508,-1,754.316,13.783,542.573,567.560,462.422,528.885,-1,-1,-1,-1,-1,-1,-1,23.707,2,0,2,0,1,0,0,0,0,2,2,2,2,2,2,2,1
19,-6584.429,-7727.513,267.719,85.412,0.079970,-0.996796,0.001317,0.996602,0.079981,0.019667,-0.019709,-0.000260,0.999806,0,0.88597,-0.43310,17.525,-0.062,-1,626.172,-1,747.745,13.718,539.540,564.567,466.141,525.379,-1,-1,-1,-1,-1,-1,-1,26.750,2,0,2,0,1,0,0,0,0,2,2,2,2,2,2,2,1
20,-6582.387,-7709.259,267.105,85.302,0.081882,-0.996639,0.002488,0.996413,0.081917,0.021217,-0.021349,0.000741,0.999772,0,0.88620,-0.43261,18.368,-0.110,-1,621.243,-1,742.696,13.601,536.628,561.763,467.857,524.033,-1,-1,-1,-1,-1,-1,-1,27.520,2,0,2,0,1,0,0,0,0,2,2,2,2,2,2,2,1
21,-6580.022,-7690.167,266.348,85.126,0.084942,-0.996383,0.002322,0.996135,0.084973,0.022253,-0.022369,0.000423,0.999750,0,0.88666,-0.43165,19.237,-0.176,-1,616.573,-1,740.594,13.405,534.654,560.479,467.322,525.108,-1,-1,-1,-1,-1,-1,13.537,26.021,2,0,2,0,1,0,0,0,0,2,2,2,2,2,2,1,1
22,-6577.321,-7670.473,265.437,84.910,0.088694,-0.996058,0.000972,0.995785,0.088692,0.023360,-0.023354,-0.001104,0.999727,0,0.59965,0.10423,19.879,-0.216,14.647,610.877,-1,737.488,13.504,532.387,559.316,464.595,528.290,-1,-1,-1,-1,-1,-1,24.121,24.988,1,0,2,0,1,0,0,0,0,2,2,2,2,2,2,1,1
23,-6574.619,-7650.499,264.471,84.722,0.091964,-0.995762,0.000485,0.995464,0.091949,0.024430,-0.024371,-0.001764,0.999701,0,0.60030,0.10625,20.156,-0.188,14.397,605.526,-1,732.203,13.663,529.853,557.468,463.142,529.404,-1,-1,-1,-1,-1,-1,24.924,30.860,1,0,2,0,1,0,0,0,0,2,2,2,2,2,2,1,1
24,-6571.996,-7630.745,264.357,84.462,0.096473,-0.995330,-0.003248,0.995077,0.096373,0.023095,-0.022675,-0.005460,0.999728,0,0.60086,0.10800,19.927,-0.259,14.155,606.182,-1,739.233,13.857,534.003,563.976,460.258,539.676,-1,-1,-1,-1,-1,-1,26.048,28.287,1,0,2,0,1,0,0,0,0,2,2,2,2,2,2,1,1
25,-6569.578,-7611.128,265.660,84.237,0.100401,-0.994897,-0.010027,0.994845,0.100241,0.015316,-0.014233,-0.011513,0.999832,0,0.60166,0.11045,19.765,-0.225,13.726,623.076,-1,791.026,14.314,553.971,588.649,458.043,561.545,-1,-1,-1,-1,-1,-1,29.879,25.261,1,0,2,0,1,0,0,0,0,2,2,2,2,2,2,1,1
26,-6567.194,-7591.520,268.624,84.066,0.103377,-0.994529,-0.015030,0.994641,0.103385,0.000217,0.001338,-0.014971,0.999887,0,0.60234,0.11256,19.753,-0.171,13.296,662.951,-1,-1,15.680,592.857,633.310,464.552,584.436,-1,-1,-1,-1,-1,-1,47.364,22.570,1,0,2,2,1,0,0,0,0,2,2,2,2,2,2,1,1
27,-6565.897,-7571.820,272.401,84.181,0.101366,-0.994765,-0.012965,0.994682,0.101580,-0.017011,0.018239,-0.011171,0.999771,0,0.60284,0.11413,19.742,0.115,25.764,708.219,-1,-1,17.805,640.387,683.889,484.690,593.133,-1,-1,-1,-1,-1,-1,37.418,22.275,1,0,2,2,1,0,0,0,0,2,2,2,2,2,2,1,1
28,-6566.269,-7552.520,276.030,84.767,0.091157,-0.995830,-0.003484,0.995386,0.091221,-0.029760,0.029954,-0.000755,0.999551,0,0.60241,0.11280,19.304,0.586,13.730,741.561,-1,-1,-1,675.152,719.707,515.432,585.096,-1,-1,-1,-1,-1,-1,21.611,-1,1,0,2,2,2,0,0,0,0,2,2,2,2,2,2,1,2
29,-6566.670,-7533.277,279.113,85.387,0.080362,-0.996759,0.003777,0.996061,0.080163,-0.037907,0.037481,0.006809,0.999274,0,0.60045,0.10670,19.247,0.620,-1,761.728,-1,-1,-1,700.409,744.696,540.147,582.028,-1,-1,-1,-1,-1,-1,-1,-1,2,0,2,2,2,0,0,0,0,2,2,2,2,2,2,2,2
30,-6567.074,-7514.039,281.450,85.957,0.070438,-0.997483,0.008104,0.996628,0.070030,-0.042759,0.042084,0.011088,0.999053,0,0.59837,0.10027,19.242,0.570,-1,-1,-1,-1,-1,712.620,759.705,557.568,583.030,-1,-1,-1,-1,-1,-1,-1,-1,2,2,2,2,2,0,0,0,0,2,2,2,2,2,2,2,2
31,-6567.516,-7494.784,282.965,86.467,0.061566,-0.998059,0.009361,0.997121,0.061087,-0.044924,0.044265,0.012099,0.998947,0,0.59646,0.09433,19.260,0.510,-1,-1,-1,-1,-1,716.992,767.739,566.491,588.619,-1,-1,-1,-1,-1,-1,-1,-1,2,2,2,2,2,0,0,0,0,2,2,2,2,2,2,2,2
32,-6568.109,-7475.482,283.594,86.899,0.054038,-0.998503,0.008444,0.997551,0.053606,-0.044936,0.044416,0.010851,0.998954,0,0.59475,0.08900,19.311,0.432,-1,-1,-1,-1,-1,713.911,768.471,568.527,596.728,-1,-1,-1,-1,-1,-1,-1,-1,2,2,2,2,2,0,0,0,0,2,2,2,2,2,2,2,2
33,-6568.819,-7456.086,283.258,87.271,0.047565,-0.998851,0.005867,0.997938,0.047267,-0.043427,0.043100,0.007920,0.999039,0,0.59327,0.08443,19.409,0.372,-1,-1,-1,-1,-1,705.132,761.544,564.710,605.710,-1,-1,-1,-1,-1,-1,-1,-1,2,2,2,2,2,0,0,0,0,2,2,2,2,2,2,2,2
34,-6569.595,-7436.568,281.918,87.600,0.041847,-0.999123,0.001643,0.998298,0.041746,-0.040729,0.040625,0.003345,0.999169,0,0.59200,0.08046,19.534,0.328,-1,-1,-1,-1,-1,690.810,748.383,555.205,615.421,-1,-1,-1,-1,-1,-1,-1,-1,2,2,2,2,2,0,0,0,0,2,2,2,2,2,2,2,2
35,-6570.620,-7412.975,278.964,87.943,0.035867,-0.999344,-0.005025,0.998700,0.036025,-0.036072,0.036229,-0.003725,0.999337,0,0.59086,0.07692,23.615,0.344,-1,-1,-1,-1,-1,667.970,727.108,537.499,625.699,-1,-1,-1,-1,-1,-1,-1,-1,2,2,2,2,2,0,0,0,0,2,2,2,2,2,2,2,2
36,-6571.376,-7397.200,276.302,88.157,0.032150,-0.999441,-0.009129,0.998989,0.032420,-0.031149,0.031428,-0.008118,0.999473,0,0.58965,0.07317,15.793,0.214,-1,-1,-1,-1,-1,647.777,707.344,524.332,629.568,-1,-1,-1,-1,-1,-1,-1,-1,2,2,2,2,2,0,0,0,0,2,2,2,2,2,2,2,2
37,-6572.367,-7377.519,272.369,88.413,0.027680,-0.999528,-0.013323,0.999375,0.027964,-0.021630,0.021992,-0.012716,0.999677,0,0.58889,0.07082,19.706,0.257,-1,-1,-1,-1,-1,615.353,674.335,507.966,629.862,-1,-1,-1,-1,-1,-1,-1,-1,2,2,2,2,2,0,0,0,0,2,2,2,2,2,2,2,2
38,-6573.185,-7357.818,267.815,88.618,0.024125,-0.999575,-0.016394,0.999670,0.024266,-0.008423,0.008817,-0.016185,0.999830,0,0.58798,0.06799,19.718,0.204,-1,986.579,-1,-1,-1,576.474,633.979,491.459,625.876,-1,-1,-1,-1,-1,-1,-1,-1,2,0,2,2,2,0,0,0,0,2,2,2,2,2,2,2,2
39,-6573.652,-7338.076,262.678,88.742,0.021962,-0.999581,-0.018849,0.999726,0.021805,0.008471,-0.008057,-0.019030,0.999786,0,0.58724,0.06569,19.747,0.124,-1,563.493,-1,973.373,-1,532.155,587.402,474.583,618.039,-1,-1,-1,-1,-1,-1,-1,-1,2,0,2,0,2,0,0,0,0,2,2,2,2,2,2,2,2
40,-6573.801,-7318.104,257.325,88.809,0.020782,-0.999636,-0.017178,0.999467,0.020340,0.025523,-0.025164,-0.017699,0.999527,0,0.58676,0.06420,19.973,0.067,14.409,521.782,-1,890.829,-1,490.213,540.486,464.623,598.359,-1,-1,-1,-1,-1,-1,24.883,-1,1,0,2,0,2,0,0,0,0,2,2,2,2,2,2,1,2
41,-6573.400,-7298.216,252.585,88.863,0.019824,-0.999764,-0.008862,0.999069,0.019469,0.038486,-0.038304,-0.009617,0.999220,0,0.35902,-0.04578,19.892,0.054,14.910,492.003,-1,818.884,-1,459.335,504.781,468.247,566.673,-1,-1,-1,-1,-1,-1,23.523,-1,1,0,2,0,2,0,0,0,0,2,2,2,2,2,2,1,2
42,-6573.246,-7278.876,248.731,89.131,0.015149,-0.999864,0.006511,0.998709,0.015446,0.048399,-0.048493,0.005770,0.998807,0,0.35887,-0.04655,19.340,0.268,15.343,471.677,-1,745.044,13.271,436.496,475.574,489.531,524.620,-1,-1,-1,-1,-1,-1,22.882,23.169,1,0,2,0,1,0,0,0,0,2,2,2,2,2,2,1,1
43,-6571.661,-7259.764,245.730,89.089,0.015876,-0.999719,0.017586,0.998213,0.016860,0.057320,-0.057601,0.016644,0.998201,0,0.35830,-0.04945,19.178,-0.042,15.218,453.619,-1,693.550,-1,418.267,453.392,506.897,496.637,-1,-1,-1,-1,-1,-1,23.034,-1,1,0,2,0,2,0,0,0,0,2,2,2,2,2,2,1,2
44,-6569.198,-7240.477,243.994,88.831,0.020359,-0.999458,0.025857,0.997947,0.021885,0.060194,-0.060728,0.024578,0.997852,0,0.35835,-0.04920,19.443,-0.258,15.074,445.227,-1,676.211,13.322,411.558,445.166,523.683,479.863,-1,-1,-1,-1,-1,1005.920,23.238,33.745,1,0,2,0,1,0,0,0,0,2,2,2,2,2,0,1,1
45,-6566.592,-7220.820,243.635,88.514,0.025891,-0.999151,0.032038,0.997962,0.027703,0.057491,-0.058330,0.030485,0.997832,0,0.35883,-0.04677,19.829,-0.317,14.767,726.956,-1,684.465,13.439,415.105,449.413,543.009,471.207,-1,-1,-1,-1,-1,1005.182,23.828,37.065,1,0,2,0,1,0,0,0,0,2,2,2,2,2,0,1,1
46,-6564.190,-7200.928,244.289,88.247,0.030540,-0.998864,0.036581,0.998091,0.032441,0.052549,-0.053676,0.034907,0.997948,0,0.35942,-0.04374,20.037,-0.267,14.493,757.159,-1,702.700,13.595,422.951,459.708,562.369,467.694,-1,-1,-1,-1,-1,-1,24.576,29.838,1,0,2,0,1,0,0,0,0,2,2,2,2,2,2,1,1
47,-6562.102,-7180.953,245.546,88.043,0.034106,-0.998604,0.040323,0.998199,0.036028,0.047957,-0.049343,0.038615,0.998035,0,0.35992,-0.04123,20.084,-0.204,14.254,788.878,-1,714.138,-1,430.448,467.893,582.066,466.859,-1,-1,-1,-1,-1,-1,25.531,-1,1,0,2,0,2,0,0,0,0,2,2,2,2,2,2,1,2
48,-6560.313,-7161.074,247.018,87.905,0.036522,-0.998384,0.043533,0.998252,0.038473,0.044862,-0.046464,0.041818,0.998044,0,0.36029,-0.03936,19.959,-0.138,14.129,814.984,-1,719.250,-1,436.084,474.119,603.734,467.583,-1,-1,-1,-1,-1,-1,26.187,-1,1,0,2,0,2,0,0,0,0,2,2,2,2,2,2,1,2
49,-6558.516,-7141.838,249.129,87.819,0.038017,-0.998119,0.048099,0.998334,0.040028,0.041567,-0.043414,0.046439,0.997977,0,0.36053,-0.03815,19.320,-0.085,13.777,846.727,-1,718.834,-1,443.311,481.847,630.864,468.001,-1,-1,-1,-1,-1,-1,29.189,-1,1,0,2,0,2,0,0,0,0,2,2,2,2,2,2,1,2
50,-6556.732,-7122.762,251.685,87.755,0.039136,-0.997693,0.055462,0.998502,0.041171,0.036038,-0.038238,0.053969,0.997810,0,0.36066,-0.03747,19.159,-0.064,13.283,890.985,-1,720.963,-1,465.696,494.981,670.328,465.159,-1,-1,-1,-1,-1,-1,51.157,-1,1,0,2,0,2,0,0,0,0,2,2,2,2,2,2,1,2
51,-6555.236,-7103.768,254.393,87.781,0.038704,-0.997136,0.064980,0.998719,0.040723,0.030037,-0.032598,0.063735,0.997434,0,0.36075,-0.03700,19.052,0.025,19.214,948.531,-1,719.621,-1,705.797,529.825,719.097,459.606,-1,-1,-1,-1,-1,-1,42.229,-1,1,0,2,0,2,0,0,0,0,2,2,2,2,2,2,1,2
52,-6554.741,-7085.289,257.020,88.120,0.032787,-0.996480,0.077156,0.999011,0.034993,0.027418,-0.030021,0.076180,0.996642,0,0.36067,-0.03743,18.486,0.340,30.338,983.511,-1,701.189,-1,723.831,553.932,781.321,449.962,-1,-1,-1,-1,-1,-1,31.842,-1,1,0,2,0,2,0,0,0,0,2,2,2,2,2,2,1,2
53,-6555.513,-7067.642,259.312,88.807,0.020812,-0.995608,0.091283,0.999243,0.023715,0.030840,-0.032870,0.090572,0.995347,0,0.35996,-0.04103,17.663,0.687,14.935,1002.007,-1,668.393,-1,728.340,551.091,849.636,437.756,-1,-1,-1,-1,-1,-1,15.666,-1,1,0,2,0,2,0,0,0,0,2,2,2,2,2,2,1,2
54,-6558.002,-7047.649,261.394,89.843,0.002738,-0.994016,0.109204,0.999074,0.007408,0.042382,-0.042937,0.108987,0.993115,0,0.35856,-0.04814,20.148,1.036,-1,1001.908,-1,614.452,18.681,713.483,645.417,939.940,421.320,-1,-1,-1,-1,-1,969.575,-1,22.527,2,0,2,0,1,0,0,0,0,2,2,2,2,2,0,2,1
55,-6560.041,-7034.728,262.604,90.577,-0.010051,-0.993074,0.117061,0.998683,-0.004080,0.051140,-0.050308,0.117421,0.991807,0,0.35645,-0.05883,13.081,0.734,-1,992.597,-1,585.396,17.388,701.257,653.331,984.604,415.068,-1,-1,-1,-1,-1,924.142,-1,22.205,2,0,2,0,1,0,0,0,0,2,2,2,2,2,0,2,1
56,-6562.686,-7018.455,263.623,91.465,-0.025527,-0.992147,0.122441,0.998032,-0.018276,0.059985,-0.057277,0.123731,0.990661,0,0.35496,-0.06640,16.486,0.889,-1,983.109,-1,560.490,16.692,690.104,643.736,-1,412.515,-1,-1,-1,-1,-1,882.687,-1,22.191,2,0,2,0,1,0,0,2,0,2,2,2,2,2,0,2,1
57,-6565.470,-7002.019,263.653,92.314,-0.040301,-0.991195,0.126130,0.997224,-0.031991,0.067236,-0.062609,0.128490,0.989733,0,0.35315,-0.07558,16.671,0.849,-1,976.309,-1,538.465,13.366,680.336,635.717,-1,409.756,-1,-1,-1,-1,-1,848.415,-1,10.645,2,0,2,0,1,0,0,2,0,2,2,2,2,2,0,2,1
58,-6568.388,-6985.499,262.548,93.100,-0.053964,-0.990149,0.129203,0.996295,-0.044714,0.073458,-0.066958,0.132689,0.988894,0,0.35141,-0.08437,16.775,0.786,-1,968.466,-1,517.126,15.609,670.253,627.227,-1,405.475,-1,-1,-1,-1,-1,819.488,-1,22.626,2,0,2,0,1,0,0,2,0,2,2,2,2,2,0,2,1
59,-6571.235,-6968.752,260.624,93.748,-0.065221,-0.989548,0.128608,0.995527,-0.055697,0.076313,-0.068352,0.133010,0.988755,0,0.34980,-0.09254,16.987,0.648,-1,963.017,-1,502.298,15.033,664.224,622.703,-1,404.343,-1,-1,-1,-1,-1,814.703,-1,23.305,2,0,2,0,1,0,0,2,0,2,2,2,2,2,0,2,1
60,-6573.864,-6951.722,257.959,94.229,-0.073580,-0.989655,0.123165,0.995061,-0.064603,0.075362,-0.066626,0.128102,0.989520,0,0.34847,-0.09932,17.232,0.481,-1,958.690,-1,500.316,14.591,662.412,623.281,-1,408.384,-1,-1,-1,-1,-1,818.851,-1,24.277,2,0,2,0,1,0,0,2,0,2,2,2,2,2,0,2,1
61,-6576.527,-6934.495,254.606,94.540,-0.079006,-0.990347,0.113887,0.994904,-0.071155,0.071433,-0.062639,0.118950,0.990922,0,0.34746,-0.10443,17.432,0.311,-1,953.340,-1,516.118,14.300,661.771,627.360,966.810,416.396,-1,-1,-1,-1,-1,812.373,-1,25.321,2,0,2,0,1,0,0,0,0,2,2,2,2,2,0,2,1
62,-6579.184,-6917.086,250.598,94.726,-0.082267,-0.991503,0.100766,0.995007,-0.075980,0.064721,-0.056515,0.105587,0.992803,0,0.34678,-0.10785,17.610,0.186,-1,945.394,-1,526.335,14.248,663.410,631.793,896.713,428.351,-1,-1,-1,-1,-1,808.042,-1,25.564,2,0,2,0,1,0,0,0,0,2,2,2,2,2,0,2,1
63,-6582.050,-6899.330,246.299,94.853,-0.084505,-0.992600,0.087205,0.995347,-0.080023,0.053678,-0.046302,0.091336,0.994743,0,0.54484,0.06449,17.986,0.126,13.802,950.350,-1,541.652,14.218,672.891,643.950,826.745,441.871,-1,-1,-1,-1,-1,829.548,28.898,25.713,1,0,2,0,1,0,0,0,0,2,2,2,2,2,0,1,1
64,-6585.150,-6881.075,242.133,94.915,-0.085628,-0.993472,0.075372,0.995829,-0.082947,0.038013,-0.031513,0.078313,0.996431,0,0.54435,0.06291,18.517,0.062,13.842,973.562,-1,573.765,14.171,693.761,666.481,769.634,455.158,-1,-1,-1,-1,-1,880.579,28.464,25.663,1,0,2,0,1,0,0,0,0,2,2,2,2,2,0,1,1
65,-6588.230,-6862.480,238.507,94.923,-0.085810,-0.994171,0.065279,0.996217,-0.084716,0.019356,-0.013713,0.066693,0.997679,0,0.54405,0.06195,18.848,0.009,13.880,-1,-1,673.193,-1,721.524,694.430,721.828,468.506,-1,-1,-1,-1,-1,960.160,28.045,-1,1,2,2,0,2,0,0,0,0,2,2,2,2,2,0,1,2
66,-6591.128,-6843.762,236.035,94.917,-0.085719,-0.994647,0.057701,0.996311,-0.085809,0.000911,0.004045,0.057566,0.998334,0,0.54392,0.06153,18.941,-0.006,13.914,-1,-1,681.766,-1,752.140,725.397,690.325,481.276,-1,-1,-1,-1,-1,-1,27.762,-1,1,2,2,0,2,0,0,0,0,2,2,2,2,2,2,1,2
67,-6593.733,-6825.209,235.473,94.954,-0.086346,-0.994800,0.054017,0.996125,-0.087116,-0.012059,0.016702,0.052766,0.998467,0,0.54383,0.06124,18.735,0.037,14.610,-1,-1,685.284,-1,777.580,750.644,680.955,489.591,-1,-1,-1,-1,-1,-1,24.222,-1,1,2,2,0,2,0,0,0,0,2,2,2,2,2,2,1,2
68,-6595.779,-6806.908,236.671,94.983,-0.086837,-0.994747,0.054194,0.995929,-0.088003,-0.019509,0.024176,0.052279,0.998340,0,0.54362,0.06055,18.415,0.029,17.226,-1,-1,683.657,-1,793.839,765.292,689.017,498.445,-1,-1,-1,-1,-1,-1,22.188,-1,1,2,2,0,2,0,0,0,0,2,2,2,2,2,2,1,2
69,-6595.977,-6789.981,239.300,94.825,-0.084097,-0.995014,0.053617,0.996169,-0.085245,-0.019496,0.023969,0.051772,0.998371,0,0.54343,0.05996,16.928,-0.158,19.242,-1,-1,677.205,-1,795.998,766.331,699.526,509.439,-1,-1,-1,-1,-1,-1,22.742,-1,1,2,2,0,2,0,0,0,0,2,2,2,2,2,2,1,2
70,-6593.245,-6775.534,242.638,94.189,-0.073039,-0.996029,0.050904,0.997155,-0.073885,-0.014946,0.018648,0.049668,0.998592,0,0.54385,0.06131,14.703,-0.636,18.805,-1,-1,671.578,-1,787.352,755.803,706.917,516.175,-1,-1,-1,-1,-1,-1,22.572,-1,1,2,2,0,2,0,0,0,0,2,2,2,2,2,2,1,2
71,-6588.950,-6762.274,246.135,93.229,-0.056317,-0.997000,0.053099,0.998273,-0.057120,-0.013740,0.016732,0.052233,0.998495,0,0.54580,0.06759,13.938,-0.960,18.545,-1,-1,671.618,-1,787.006,750.867,734.175,515.767,-1,-1,-1,-1,-1,-1,22.481,-1,1,2,2,0,2,0,0,0,0,2,2,2,2,2,2,1,2
72,-6584.262,-6748.735,249.065,92.187,-0.038154,-0.997490,0.059657,0.999068,-0.039284,-0.017883,0.020182,0.058919,0.998059,0,0.54877,0.07717,14.328,-1.042,17.483,-1,-1,678.830,-1,797.534,755.009,776.132,511.137,-1,-1,-1,-1,-1,-1,22.217,-1,1,2,2,0,2,0,0,0,0,2,2,2,2,2,2,1,2
73,-6579.600,-6734.688,250.941,91.188,-0.020718,-0.997565,0.066593,0.999458,-0.022369,-0.024142,0.025573,0.066057,0.997488,0,0.55200,0.08759,14.801,-0.999,-1,-1,-1,698.674,-1,806.601,761.163,815.356,505.759,-1,-1,-1,-1,-1,-1,-1,-1,2,2,2,0,2,0,0,0,0,2,2,2,2,2,2,2,2
74,-6574.801,-6720.393,251.705,90.213,-0.003714,-0.997436,0.071462,0.999521,-0.005899,-0.030386,0.030730,0.071315,0.996980,0,0.55510,0.09757,15.079,-0.975,-1,-1,-1,716.919,-1,812.954,762.697,844.301,500.958,-1,-1,-1,-1,-1,-1,-1,-1,2,2,2,0,2,0,0,0,0,2,2,2,2,2,2,2,2
75,-6569.912,-6705.905,251.451,89.245,0.013171,-0.997181,0.073873,0.999301,0.010541,-0.035867,0.034987,0.074294,0.996622,0,0.55811,0.10730,15.291,-0.968,-1,-1,-1,727.578,-1,815.266,750.670,861.997,496.917,-1,-1,-1,-1,-1,-1,-1,-1,2,2,2,0,2,0,0,0,0,2,2,2,2,2,2,2,2
76,-6563.963,-6688.368,249.976,88.066,0.033719,-0.996791,0.072598,0.998720,0.030866,-0.040064,0.037695,0.073856,0.996556,0,0.56111,0.11697,18.518,-1.179,-1,-1,-1,733.737,-1,807.197,709.026,858.368,493.698,-1,-1,-1,-1,-1,-1,-1,-1,2,2,2,0,2,0,0,0,0,2,2,2,2,2,2,2,2
77,-6559.959,-6676.576,248.300,87.272,0.047556,-0.996465,0.069251,0.998146,0.044770,-0.041238,0.037991,0.071083,0.996747,0,0.56476,0.12874,12.454,-0.794,-1,-1,-1,734.402,-1,786.387,679.195,840.204,492.578,-1,-1,-1,-1,-1,-1,-1,-1,2,2,2,0,2,0,0,0,0,2,2,2,2,2,2,2,2
78,-6554.951,-6661.772,245.523,86.280,0.064837,-0.995869,0.063568,0.997251,0.062373,-0.040003,0.035873,0.065987,0.997175,0,0.56722,0.13667,15.627,-0.992,-1,990.621,-1,728.508,-1,754.622,636.294,807.594,491.507,-1,-1,-1,-1,-1,-1,-1,-1,2,0,2,0,2,0,0,0,0,2,2,2,2,2,2,2,2
79,-6549.984,-6647.056,242.230,85.320,0.081553,-0.994963,0.058292,0.996246,0.079674,-0.033864,0.029049,0.060835,0.997725,0,0.57030,0.14658,15.532,-0.960,-1,957.776,-1,709.436,-1,726.132,586.102,768.162,489.663,-1,-1,-1,-1,-1,-1,-1,-1,2,0,2,0,2,0,0,0,0,2,2,2,2,2,2,2,2
80,-6545.365,-6633.138,238.801,84.543,0.095090,-0.993692,0.059445,0.995378,0.094108,-0.019110,0.013395,0.060988,0.998049,0,0.57327,0.15617,14.664,-0.777,-1,920.547,-1,665.058,-1,693.572,535.859,748.954,483.549,-1,-1,-1,-1,-1,-1,-1,-1,2,0,2,0,2,0,0,0,0,2,2,2,2,2,2,2,2
81,-6541.043,-6619.907,235.279,83.971,0.105030,-0.992062,0.069153,0.994407,0.105545,0.003840,-0.011108,0.068363,0.997599,0,0.57568,0.16393,13.918,-0.572,-1,852.870,-1,599.299,-1,654.521,500.214,757.748,471.986,-1,-1,-1,-1,-1,-1,-1,-1,2,0,2,0,2,0,0,0,0,2,2,2,2,2,2,2,2
82,-6536.809,-6606.925,231.330,83.566,0.111964,-0.990041,0.085334,0.992858,0.115015,0.031700,-0.041199,0.081175,0.995848,0,0.57744,0.16963,13.656,-0.405,-1,778.941,-1,525.190,-1,599.322,464.489,796.994,456.424,-1,-1,-1,-1,-1,856.268,-1,-1,2,0,2,0,2,0,0,0,0,2,2,2,2,2,0,2,2
83,-6532.601,-6593.822,226.577,83.292,0.116495,-0.987607,0.105172,0.990477,0.123348,0.061166,-0.073380,0.097045,0.992571,0,0.57870,0.17367,13.762,-0.274,-1,706.469,-1,453.635,-1,546.329,427.518,857.439,438.700,-1,-1,-1,-1,920.984,687.513,-1,-1,2,0,2,0,2,0,0,0,0,2,2,2,2,0,0,2,2
84,-6528.387,-6580.312,220.868,83.105,0.119392,-0.984985,0.124699,0.987371,0.130967,0.089144,-0.104137,0.112481,0.988182,0,0.57954,0.17639,14.152,-0.187,-1,639.405,-1,391.118,14.537,498.000,389.267,920.211,421.414,-1,-1,-1,-1,867.171,570.024,-1,24.437,2,0,2,0,1,0,0,0,0,2,2,2,2,0,0,2,1
85,-6524.471,-6565.981,215.232,83.073,0.119641,-0.983365,0.136674,0.984743,0.135059,0.109725,-0.126358,0.121462,0.984520,0,0.58011,0.17823,14.856,-0.032,-1,592.967,-1,347.355,15.583,459.783,332.417,949.480,412.287,-1,-1,-1,-1,823.418,495.258,-1,22.646,2,0,2,0,1,0,0,0,0,2,2,2,2,0,0,2,1
86,-6521.457,-6550.822,210.391,83.156,0.118038,-0.983287,0.138615,0.983434,0.135093,0.120859,-0.137565,0.122053,0.982944,0,0.58020,0.17851,15.456,0.083,-1,560.906,-1,322.678,17.671,436.515,304.506,922.796,413.084,-1,-1,-1,-1,793.354,455.547,920.648,22.249,2,0,2,0,1,0,0,0,0,2,2,2,2,0,0,0,1
87,-6520.369,-6535.816,206.753,83.308,0.115378,-0.984378,0.132993,0.983336,0.132126,0.124873,-0.140494,0.116370,0.983219,0,0.57991,0.17759,15.045,0.152,-1,543.068,-1,311.625,18.908,424.577,305.008,860.146,418.570,-1,-1,-1,-1,766.220,439.779,896.382,22.611,2,0,2,0,1,0,0,0,0,2,2,2,2,0,0,0,1
88,-6521.902,-6522.288,204.714,83.671,0.109187,-0.986634,0.120958,0.984391,0.124224,0.124673,-0.138033,0.105457,0.984797,0,0.57939,0.17592,13.614,0.363,-1,535.710,-1,309.619,18.731,421.785,320.001,758.918,433.979,-1,-1,-1,-1,760.043,440.813,882.542,22.545,2,0,2,0,1,0,0,0,0,2,2,2,2,0,0,0,1
89,-6524.855,-6509.991,204.249,84.136,0.101266,-0.990044,0.097764,0.986046,0.112934,0.122305,-0.132129,0.084015,0.987666,0,0.70348,-0.06022,12.647,0.466,-1,532.297,-1,323.448,18.691,423.677,319.097,590.918,465.062,-1,-1,-1,-1,751.495,458.678,871.904,22.532,2,0,2,0,1,0,0,0,0,2,2,2,2,0,0,0,1
90,-6528.465,-6498.187,204.883,84.599,0.093400,-0.993419,0.066299,0.987958,0.100725,0.117448,-0.123353,0.054531,0.990863,0,0.70162,-0.06514,12.343,0.463,-1,530.924,-1,342.714,18.675,428.625,321.826,562.785,502.054,-1,-1,-1,-1,745.532,492.301,862.417,22.526,2,0,2,0,1,0,0,0,0,2,2,2,2,0,0,0,1
91,-6532.662,-6486.661,206.350,85.155,0.083907,-0.995834,0.035703,0.989844,0.087422,0.112103,-0.114757,0.025934,0.993055,0,0.69977,-0.07006,12.267,0.555,-1,531.189,-1,364.471,18.666,435.196,328.255,538.182,540.278,-1,-1,-1,-1,741.460,530.649,855.128,22.523,2,0,2,0,1,0,0,0,0,2,2,2,2,0,0,0,1
92,-6537.056,-6475.423,208.687,85.744,0.073759,-0.997232,0.009381,0.991260,0.074343,0.108983,-0.109379,0.001260,0.993999,0,0.69756,-0.07591,12.066,0.590,-1,531.380,-1,384.233,18.660,440.449,333.822,518.951,577.248,-1,-1,-1,-1,736.648,565.273,847.325,22.520,2,0,2,0,1,0,0,0,0,2,2,2,2,0,0,0,1
93,-6541.319,-6464.644,211.999,86.336,0.063524,-0.997895,-0.013027,0.992113,0.061731,0.109096,-0.108062,-0.019854,0.993946,0,0.69522,-0.08211,11.591,0.592,-1,529.885,-1,385.424,18.659,444.887,341.619,504.378,612.238,-1,-1,-1,-1,730.125,591.351,837.870,22.519,2,0,2,0,1,0,0,0,0,2,2,2,2,0,0,0,1
94,-6546.245,-6452.310,217.118,87.145,0.049481,-0.998206,-0.033716,0.992343,0.045310,0.114898,-0.113164,-0.039143,0.992805,0,0.69288,-0.08833,13.281,0.809,-1,522.912,-1,389.026,18.648,446.005,361.576,492.581,654.266,-1,-1,-1,-1,719.610,602.424,824.406,22.517,2,0,2,0,1,0,0,0,0,2,2,2,2,0,0,0,1
95,-6549.615,-6444.199,220.811,87.746,0.039052,-0.998305,-0.043148,0.991988,0.033541,0.121801,-0.120147,-0.047559,0.991616,0,0.68970,-0.09676,8.783,0.600,915.397,515.835,-1,384.487,18.410,443.869,371.748,487.884,683.931,-1,-1,-1,-1,711.265,597.239,814.669,22.437,0,0,2,0,1,0,0,0,0,2,2,2,2,0,0,0,1
96,-6553.875,-6433.937,225.342,88.513,0.025727,-0.998294,-0.052409,0.991099,0.018621,0.131821,-0.130620,-0.055334,0.989887,0,0.68734,-0.10299,11.111,0.767,892.731,505.946,-1,374.895,17.585,439.552,382.611,483.820,718.582,-1,-1,-1,-1,700.172,581.761,802.617,22.233,0,0,2,0,1,0,0,0,0,2,2,2,2,0,0,0,1
97,-6558.012,-6423.360,229.532,89.232,0.013272,-0.997973,-0.062232,0.990020,0.004382,0.140860,-0.140301,-0.063481,0.988072,0,0.68434,-0.11095,11.357,0.719,871.234,496.593,-1,366.385,16.984,435.462,391.190,479.715,754.510,-1,-1,-1,-1,688.994,569.020,790.670,22.178,0,0,2,0,1,0,0,0,0,2,2,2,2,0,0,0,1
98,-6562.026,-6412.291,233.043,89.860,0.002413,-0.997278,-0.073691,0.989014,-0.008512,0.147579,-0.147804,-0.073237,0.986301,0,0.68152,-0.11843,11.774,0.628,850.879,488.311,-1,360.275,15.621,430.944,399.327,474.681,805.107,-1,-1,-1,-1,678.816,562.584,778.649,22.618,0,0,2,0,1,0,0,0,0,2,2,2,2,0,0,0,1
99,-6565.767,-6400.628,235.626,90.365,-0.006299,-0.996218,-0.086661,0.988147,-0.019494,0.152271,-0.153384,-0.084675,0.984532,0,0.67904,-0.12500,12.248,0.505,831.014,480.118,-1,356.141,13.571,426.748,406.167,468.653,861.768,-1,-1,-1,-1,665.987,561.357,765.363,21.941,0,0,2,0,1,0,0,0,0,2,2,2,2,0,0,0,1
100,-6568.670,-6388.729,237.312,90.639,-0.011017,-0.994684,-0.102379,0.987194,-0.027115,0.157202,-0.159142,-0.099336,0.982245,0,0.67702,-0.13034,12.249,0.274,809.564,468.673,-1,352.535,-1,420.384,408.050,461.215,937.687,-1,-1,-1,-1,645.207,560.718,747.036,-1,0,0,2,0,2,0,0,0,0,2,2,2,2,0,0,0,2
101,-6569.567,-6377.653,238.576,90.373,-0.006417,-0.992107,-0.125229,0.985584,-0.027448,0.166947,-0.169066,-0.122353,0.977981,0,0.67589,-0.13335,11.111,-0.266,782.996,448.038,-1,349.210,-1,407.517,397.830,451.015,-1,-1,-1,-1,-1,605.992,556.461,716.117,-1,0,0,2,0,2,0,0,0,2,2,2,2,2,0,0,0,2
102,-6569.678,-6366.867,239.301,89.841,0.002726,-0.988957,-0.148181,0.983204,-0.024391,0.180872,-0.182489,-0.146185,0.972280,0,0.67683,-0.13086,10.787,-0.532,717.629,423.013,-1,341.881,-1,390.144,380.771,441.193,-1,-1,-1,-1,-1,560.747,541.170,668.338,-1,0,0,2,0,2,0,0,0,2,2,2,2,2,0,0,0,2
103,-6569.479,-6356.223,239.586,89.182,0.013982,-0.985788,-0.167412,0.979802,-0.019894,0.198977,-0.199479,-0.166813,0.965599,0,0.67878,-0.12569,10.646,-0.659,18.655,395.892,-1,328.350,-1,369.667,359.443,426.609,-1,-1,-1,-1,-1,515.856,511.324,22.519,-1,1,0,2,0,2,0,0,0,2,2,2,2,2,0,0,1,2
104,-6568.833,-6345.680,239.987,88.437,0.026624,-0.983347,-0.179778,0.975952,-0.013354,0.217577,-0.216354,-0.181248,0.959344,0,0.68121,-0.11924,10.563,-0.745,18.613,371.970,651.245,313.795,-1,350.979,337.984,414.424,-1,-1,-1,-1,-1,479.712,479.043,22.505,-1,1,0,0,0,2,0,0,0,2,2,2,2,2,0,0,1,2
105,-6567.235,-6333.033,240.923,87.456,0.043162,-0.981856,-0.184650,0.971408,-0.001945,0.237410,-0.233461,-0.189618,0.953699,0,0.68398,-0.11191,12.748,-0.981,18.618,351.303,607.915,299.392,-1,332.379,314.399,413.553,-1,-1,-1,-1,-1,446.991,444.992,22.505,950.797,1,0,0,0,2,0,0,0,2,2,2,2,2,0,0,1,0
106,-6565.563,-6324.542,241.789,86.785,0.054411,-0.981666,-0.182681,0.968644,0.007475,0.248342,-0.242423,-0.190465,0.951291,0,0.68764,-0.10220,8.654,-0.671,18.509,342.035,519.435,292.328,-1,323.167,300.324,420.065,-1,-1,-1,-1,-1,432.591,427.769,22.469,796.006,1,0,0,0,2,0,0,0,2,2,2,2,2,0,0,1,0
107,-6562.802,-6313.774,242.897,85.922,0.068848,-0.981984,-0.175978,0.965781,0.021392,0.258477,-0.250055,-0.187752,0.949853,0,0.69015,-0.09555,11.116,-0.863,18.386,335.085,497.835,287.219,-1,315.134,284.622,433.255,-1,-1,-1,-1,-1,421.783,414.384,22.430,716.220,1,0,0,0,2,0,0,0,2,2,2,2,2,0,0,1,0
108,-6559.483,-6302.875,243.858,85.060,0.083291,-0.982789,-0.164887,0.963707,0.037325,0.264338,-0.253635,-0.180920,0.950230,0,0.69339,-0.08697,11.393,-0.862,18.802,332.246,479.519,285.693,-1,310.676,270.861,449.701,-1,-1,-1,-1,-1,416.815,410.739,22.571,681.419,1,0,0,0,2,0,0,0,2,2,2,2,2,0,0,1,0
109,-6555.186,-6292.079,244.550,84.111,0.099217,-0.983212,-0.153138,0.961867,0.055343,0.267859,-0.254887,-0.173874,0.951210,0,0.69663,-0.07837,11.620,-0.950,18.677,330.456,471.261,287.113,-1,307.507,256.467,466.341,-1,-1,-1,-1,-1,413.022,413.580,22.527,670.453,1,0,0,0,2,0,0,0,2,2,2,2,2,0,0,1,0
110,-6550.283,-6281.209,244.670,83.109,0.116028,-0.983315,-0.140105,0.960070,0.074878,0.269554,-0.254566,-0.165786,0.952739,0,0.70022,-0.06886,11.924,-1.002,18.658,329.362,469.592,289.367,-1,303.613,241.624,483.262,-1,-1,-1,-1,-1,406.681,414.257,22.520,666.246,1,0,0,0,2,0,0,0,2,2,2,2,2,0,0,1,0
111,-6544.695,-6270.379,244.260,82.095,0.133030,-0.983050,-0.126161,0.958044,0.094939,0.270441,-0.253880,-0.156845,0.954434,0,0.70401,-0.05881,12.187,-1.014,18.655,328.022,467.877,291.025,-1,297.562,225.884,501.419,-1,-1,-1,-1,-1,400.209,412.341,22.518,658.822,1,0,0,0,2,0,0,0,2,2,2,2,2,0,0,1,0
112,-6538.356,-6259.824,243.162,81.076,0.150054,-0.982163,-0.113316,0.955645,0.114706,0.271265,-0.253428,-0.148994,0.955811,0,-0.10332,0.04753,12.313,-1.018,9.908,325.275,470.406,291.639,-1,290.691,209.609,519.778,-1,-1,-1,-1,-1,392.595,408.923,22.312,647.307,1,0,0,0,2,0,0,0,2,2,2,2,2,0,0,1,0
113,-6531.864,-6249.533,241.083,80.097,0.166381,-0.980967,-0.100104,0.953075,0.133946,0.271489,-0.252913,-0.140577,0.957222,0,-0.10389,0.05781,12.167,-0.979,10.503,313.251,480.518,289.156,-1,283.098,209.117,534.651,-1,-1,-1,-1,-1,384.263,402.677,8.282,625.961,1,0,0,0,2,0,0,0,2,2,2,2,2,0,0,1,0
114,-6525.430,-6239.263,238.028,79.160,0.182040,-0.979490,-0.086378,0.950719,0.152906,0.269728,-0.250988,-0.131223,0.959055,0,-0.10443,0.06769,12.120,-0.937,14.406,300.561,489.997,284.078,13.656,273.254,208.055,549.584,-1,-1,-1,-1,-1,371.009,395.880,24.893,28.550,1,0,0,0,1,0,0,0,2,2,2,2,2,0,0,1,1
115,-6519.000,-6228.906,234.361,78.268,0.197110,-0.977456,-0.075678,0.949154,0.170934,0.264365,-0.245469,-0.123939,0.961449,0,-0.10495,0.07716,12.190,-0.892,14.100,289.763,508.823,282.249,16.549,264.312,208.910,560.889,-1,-1,-1,-1,-1,358.507,395.086,17.258,22.211,1,0,0,0,1,0,0,0,2,2,2,2,2,0,0,1,1
116,-6513.923,-6219.038,230.164,77.756,0.205916,-0.976518,-0.063326,0.948835,0.183410,0.257045,-0.239395,-0.113016,0.964322,0,-0.10545,0.08618,11.097,-0.513,11.487,282.715,528.312,278.036,19.212,255.254,207.728,577.342,955.432,-1,-1,-1,-1,349.021,390.496,12.177,22.730,1,0,0,0,1,0,0,0,0,2,2,2,2,0,0,1,1
117,-6512.759,-6210.874,226.168,77.970,0.202572,-0.978262,-0.044358,0.950553,0.185542,0.249045,-0.235401,-0.092614,0.967476,0,-0.10573,0.09136,8.247,0.214,449.921,283.660,534.431,267.289,18.800,253.165,201.479,610.791,844.296,-1,-1,-1,-1,348.373,374.714,404.604,22.571,0,0,0,0,1,0,0,0,0,2,2,2,2,0,0,0,1
118,-6512.413,-6203.332,222.788,78.294,0.197689,-0.979602,-0.036046,0.954080,0.183835,0.236510,-0.225059,-0.081146,0.970960,0,-0.10561,0.08915,7.549,0.324,476.807,290.429,611.469,266.970,18.697,253.400,201.438,628.200,793.821,-1,-1,-1,-1,352.959,377.111,425.614,22.533,0,0,0,0,1,0,0,0,0,2,2,2,2,0,0,0,1
119,-6512.630,-6196.292,219.933,78.692,0.191798,-0.980662,-0.038927,0.959118,0.178879,0.219305,-0.208101,-0.079398,0.974880,0,-0.10543,0.08582,7.043,0.398,482.843,302.995,819.528,277.746,18.671,257.613,208.092,626.503,781.686,-1,-1,-1,-1,362.355,403.231,448.128,22.525,0,0,0,0,1,0,0,0,0,2,2,2,2,0,0,0,1
120,-6513.496,-6189.774,217.257,79.159,0.184793,-0.981525,-0.049606,0.964960,0.171644,0.198469,-0.186288,-0.084543,0.978851,0,-0.10520,0.08174,6.575,0.467,490.582,315.695,-1,297.393,18.664,264.966,220.216,610.616,794.625,-1,-1,-1,-1,376.287,450.325,456.477,22.522,0,0,2,0,1,0,0,0,0,2,2,2,2,0,0,0,1
121,-6514.741,-6183.696,214.398,79.670,0.176983,-0.981992,-0.066102,0.970958,0.163219,0.174927,-0.160988,-0.095141,0.982360,0,-0.10494,0.07694,6.204,0.511,499.084,329.559,-1,324.677,18.661,274.476,236.588,584.508,828.003,-1,-1,-1,-1,399.021,543.991,466.516,22.521,0,0,2,0,1,0,0,0,0,2,2,2,2,0,0,0,1
122,-6516.459,-6178.020,210.998,80.223,0.168292,-0.982048,-0.085200,0.976598,0.154365,0.149761,-0.133921,-0.108410,0.985044,0,-0.10465,0.07171,5.931,0.553,508.090,342.774,-1,358.074,18.658,285.202,258.089,553.897,875.570,-1,-1,-1,-1,431.988,730.860,477.562,22.520,0,0,2,0,1,0,0,0,0,2,2,2,2,0,0,0,1
123,-6518.544,-6172.687,206.844,80.800,0.158969,-0.981753,-0.104353,0.981465,0.145689,0.124504,-0.107029,-0.122211,0.986716,0,-0.10434,0.06604,5.726,0.577,516.755,355.496,-1,398.942,18.656,301.205,281.838,522.675,933.371,-1,-1,-1,-1,460.374,-1,488.542,22.519,0,0,2,0,1,0,0,0,0,2,2,2,2,0,2,0,1
124,-6520.836,-6167.386,202.459,81.305,0.150634,-0.981599,-0.117356,0.984915,0.138787,0.103348,-0.085159,-0.131153,0.987698,0,-0.10401,0.06012,5.775,0.505,523.227,365.563,-1,432.523,11.401,307.650,300.242,500.315,969.859,-1,-1,-1,-1,483.184,-1,496.369,22.519,0,0,2,0,1,0,0,0,0,2,2,2,2,0,2,0,1
125,-6522.943,-6161.919,198.304,81.705,0.143923,-0.981885,-0.123240,0.987107,0.133628,0.088115,-0.070050,-0.134333,0.988457,0,-0.10373,0.05491,5.858,0.400,527.175,371.650,-1,452.839,18.655,310.944,309.998,486.983,974.126,-1,-1,-1,-1,486.347,-1,499.903,22.519,0,0,2,0,1,0,0,0,0,2,2,2,2,0,2,0,1
126,-6524.675,-6156.215,194.684,82.004,0.138850,-0.982568,-0.123619,0.988421,0.129788,0.078606,-0.061191,-0.133102,0.989211,0,-0.10350,0.05076,5.962,0.299,528.280,373.003,-1,461.535,18.655,312.797,312.552,482.072,954.155,-1,-1,-1,-1,487.129,-1,500.109,22.519,0,0,2,0,1,0,0,0,0,2,2,2,2,0,2,0,1
127,-6526.037,-6150.280,191.770,82.233,0.134921,-0.983445,-0.120961,0.989218,0.126672,0.073501,-0.056961,-0.129573,0.989932,0,-0.10333,0.04763,6.089,0.230,526.915,371.024,-1,460.312,18.655,311.901,310.868,482.375,924.084,-1,-1,-1,-1,508.970,-1,497.638,22.518,0,0,2,0,1,0,0,0,0,2,2,2,2,0,2,0,1
128,-6527.211,-6144.250,189.620,82.412,0.131853,-0.984249,-0.117762,0.989740,0.124121,0.070767,-0.055036,-0.125884,0.990517,0,-0.10319,0.04520,6.144,0.178,524.040,370.185,-1,455.339,18.658,309.932,308.257,484.682,896.950,-1,-1,-1,-1,522.078,-1,493.795,22.520,0,0,2,0,1,0,0,0,0,2,2,2,2,0,2,0,1
129,-6528.354,-6138.295,188.196,82.569,0.129144,-0.984811,-0.116055,0.990215,0.121832,0.068056,-0.052883,-0.123708,0.990909,0,-0.10309,0.04329,6.063,0.158,521.210,371.338,-1,455.363,18.659,308.762,307.944,486.260,882.303,-1,-1,-1,-1,605.635,-1,490.333,22.521,0,0,2,0,1,0,0,0,0,2,2,2,2,0,2,0,1
130,-6529.501,-6132.518,187.448,82.754,0.125980,-0.985126,-0.116861,0.990787,0.119045,0.064568,-0.049696,-0.123918,0.991047,0,-0.10299,0.04159,5.890,0.184,519.043,374.143,-1,463.368,18.658,309.121,311.106,485.421,883.180,-1,-1,-1,-1,642.288,-1,487.833,22.520,0,0,2,0,1,0,0,0,0,2,2,2,2,0,2,0,1
131,-6530.754,-6127.058,187.338,83.003,0.121686,-0.985363,-0.119386,0.991491,0.115067,0.060874,-0.046245,-0.125778,0.990980,0,-0.10289,0.03963,5.602,0.249,517.801,378.670,-1,476.380,18.656,310.802,316.424,483.151,895.487,-1,-1,-1,-1,692.029,-1,486.232,22.519,0,0,2,0,1,0,0,0,0,2,2,2,2,0,2,0,1
132,-6532.147,-6121.930,187.694,83.279,0.116925,-0.985479,-0.123127,0.992208,0.110543,0.057472,-0.043027,-0.128888,0.990725,0,-0.10274,0.03702,5.313,0.276,516.744,383.834,-1,492.393,18.655,313.127,322.760,479.789,916.667,-1,-1,-1,-1,740.226,-1,484.880,22.519,0,0,2,0,1,0,0,0,0,2,2,2,2,0,2,0,1
133,-6533.664,-6117.133,188.363,83.546,0.112316,-0.985468,-0.127431,0.992840,0.106045,0.054992,-0.040680,-0.132696,0.990322,0,-0.10258,0.03413,5.031,0.267,515.113,388.398,-1,508.505,18.654,315.314,328.716,475.936,943.733,-1,-1,-1,-1,781.012,-1,483.078,22.518,0,0,2,0,1,0,0,0,0,2,2,2,2,0,2,0,1
134,-6535.268,-6112.633,189.211,83.786,0.108155,-0.985370,-0.131715,0.993342,0.101827,0.053883,-0.039682,-0.136665,0.989822,0,-0.10243,0.03135,4.778,0.240,512.449,391.474,-1,521.237,18.653,316.078,333.121,472.164,973.737,-1,-1,-1,-1,802.370,-1,480.349,22.518,0,0,2,0,1,0,0,0,0,2,2,2,2,0,2,0,1
135,-6536.860,-6108.386,190.127,83.989,0.104637,-0.985184,-0.135884,0.993703,0.098067,0.054192,-0.040064,-0.140699,0.989241,0,-0.10229,0.02882,4.536,0.203,508.495,392.633,-1,530.735,18.653,315.863,337.716,468.385,1005.222,-1,-1,-1,-1,801.146,-1,476.481,22.518,0,0,2,0,1,0,0,0,0,2,2,2,2,0,2,0,1
136,-6538.504,-6104.226,191.006,84.194,0.101065,-0.985091,-0.139216,0.994020,0.094167,0.055295,-0.041361,-0.143972,0.988717,0,0.33607,-0.69477,4.473,0.206,504.320,392.951,-1,535.982,17.957,315.123,341.293,465.677,-1,-1,-1,-1,-1,788.356,-1,472.222,22.311,0,0,2,0,1,0,0,0,2,2,2,2,2,0,2,0,1
137,-6540.240,-6099.858,191.752,84.444,0.096737,-0.985199,-0.141507,0.994400,0.089588,0.056061,-0.042554,-0.146137,0.988349,0,0.33568,-0.69695,4.700,0.249,501.061,393.994,-1,539.654,16.644,314.514,340.997,464.431,-1,-1,-1,-1,-1,781.962,-1,468.475,22.197,0,0,2,0,1,0,0,0,2,2,2,2,2,0,2,0,1
138,-6541.917,-6095.197,192.337,84.728,0.091804,-0.985400,-0.143386,0.994845,0.084533,0.056015,-0.043077,-0.147789,0.988080,0,0.33521,-0.69956,4.954,0.284,498.669,394.048,-1,544.700,14.941,314.205,338.446,463.686,-1,-1,-1,-1,-1,786.785,-1,465.285,23.465,0,0,2,0,1,0,0,0,2,2,2,2,2,0,2,0,1
139,-6543.182,-6090.276,192.801,84.955,0.087854,-0.985340,-0.146244,0.995225,0.080556,0.055115,-0.042526,-0.150388,0.987712,0,0.33467,-0.70253,5.081,0.228,495.532,391.256,-1,555.022,14.001,313.901,338.681,461.428,-1,-1,-1,-1,-1,800.414,-1,461.892,27.033,0,0,2,0,1,0,0,0,2,2,2,2,2,0,2,0,1
140,-6543.820,-6085.256,193.264,85.022,0.086694,-0.984755,-0.150803,0.995402,0.079433,0.053534,-0.040739,-0.154751,0.987113,0,0.33424,-0.70492,5.060,0.067,490.487,388.822,-1,573.618,13.784,313.352,345.552,456.901,-1,-1,-1,-1,-1,821.492,-1,457.778,29.129,0,0,2,0,1,0,0,0,2,2,2,2,2,0,2,0,1
141,-6544.312,-6080.007,193.658,85.057,0.086107,-0.984212,-0.154635,0.995563,0.079090,0.050985,-0.037950,-0.158339,0.986655,0,0.33410,-0.70568,5.272,0.034,486.158,386.945,-1,596.820,13.511,318.771,354.198,453.693,-1,975.929,-1,-1,-1,860.153,-1,454.399,34.341,0,0,2,0,1,0,0,0,2,0,2,2,2,0,2,0,1
142,-6544.659,-6074.481,193.935,85.083,0.085669,-0.983788,-0.157549,0.995729,0.079078,0.047650,-0.034418,-0.160958,0.986361,0,0.33402,-0.70612,5.537,0.026,482.567,385.433,-1,622.086,13.268,329.135,364.009,451.877,-1,932.537,-1,-1,-1,909.547,-1,451.643,35.102,0,0,2,0,1,0,0,0,2,0,2,2,2,0,2,0,1
143,-6544.726,-6068.729,194.059,85.086,0.085622,-0.983415,-0.159884,0.995857,0.079539,0.044077,-0.030629,-0.162995,0.986151,0,0.33396,-0.70646,5.753,0.003,478.855,383.908,-1,647.439,16.774,339.501,374.146,450.696,-1,893.597,-1,-1,-1,948.309,-1,448.824,30.198,0,0,2,0,1,0,0,0,2,0,2,2,2,0,2,0,1
144,-6543.956,-6063.179,194.100,84.897,0.088910,-0.982557,-0.163332,0.995651,0.083090,0.042138,-0.027832,-0.166368,0.985671,0,0.33393,-0.70658,5.603,-0.189,471.491,381.520,-1,671.110,23.097,344.550,383.198,447.487,-1,856.973,-1,-1,-1,972.670,-1,-1,24.077,0,0,2,0,1,0,0,0,2,0,2,2,2,0,2,2,1
145,-6542.577,-6057.809,193.989,84.557,0.094824,-0.981595,-0.165768,0.995145,0.089057,0.041898,-0.026364,-0.168936,0.985274,0,0.33427,-0.70474,5.544,-0.340,18.574,378.392,-1,689.475,18.950,344.432,389.475,445.199,-1,822.482,-1,-1,-1,984.408,-1,12.779,19.809,1,0,2,0,1,0,0,0,2,0,2,2,2,0,2,1,1
146,-6540.817,-6052.416,193.680,84.182,0.101327,-0.980939,-0.165808,0.994524,0.095594,0.042225,-0.025570,-0.169179,0.985254,0,0.33488,-0.70136,5.673,-0.374,18.655,375.100,-1,698.805,17.657,342.250,393.320,445.850,-1,813.132,-1,-1,-1,993.728,-1,22.519,18.454,1,0,2,0,1,0,0,0,2,0,2,2,2,0,2,1,1
147,-6538.644,-6046.999,193.216,83.796,0.108030,-0.980571,-0.163739,0.993841,0.102432,0.042276,-0.024682,-0.167298,0.985597,0,0.33556,-0.69763,5.836,-0.386,18.653,372.146,-1,703.781,19.143,339.797,395.222,449.292,-1,824.826,-1,-1,-1,1002.966,-1,22.518,20.007,1,0,2,0,1,0,0,0,2,0,2,2,2,0,2,1,1
148,-6536.092,-6041.506,192.635,83.425,0.114470,-0.980442,-0.160094,0.993158,0.109196,0.041393,-0.023102,-0.163737,0.986234,0,0.33626,-0.69376,6.057,-0.371,18.652,369.829,-1,708.937,23.547,338.567,397.835,455.024,-1,842.366,-1,-1,-1,-1,-1,22.518,24.609,1,0,2,0,1,0,0,0,2,0,2,2,2,2,2,1,1
149,-6533.187,-6035.922,191.948,83.069,0.120646,-0.980405,-0.155726,0.992481,0.115866,0.039448,-0.020632,-0.159314,0.987012,0,0.33693,-0.69003,6.294,-0.356,9.252,368.120,-1,717.135,26.617,338.796,401.828,460.290,-1,857.468,-1,-1,-1,-1,-1,22.518,27.817,1,0,2,0,1,0,0,0,2,0,2,2,2,2,2,1,1
150,-6530.112,-6030.323,191.094,82.743,0.126305,-0.980457,-0.150834,0.991837,0.122136,0.036632,-0.017494,-0.154229,0.987880,0,-0.01633,-0.58299,6.388,-0.326,14.794,366.816,-1,726.297,29.321,340.124,406.837,466.324,-1,870.153,-1,-1,-1,-1,-1,10.362,30.463,1,0,2,0,1,0,0,0,2,0,2,2,2,2,2,1,1
151,-6527.042,-6024.842,190.054,82.448,0.131419,-0.980586,-0.145535,0.991232,0.127950,0.032984,-0.013722,-0.148594,0.988803,0,-0.01636,-0.57969,6.282,-0.295,-1,365.925,-1,736.874,22.385,342.532,413.059,473.651,-1,879.237,-1,-1,-1,-1,-1,13.391,33.550,2,0,2,0,1,0,0,0,2,0,2,2,2,2,2,1,1
152,-6524.003,-6019.402,188.851,82.183,0.135996,-0.980692,-0.140525,0.990670,0.133352,0.028107,-0.008825,-0.143037,0.989678,0,-0.01638,-0.57670,6.231,-0.264,-1,381.757,-1,753.399,15.465,347.029,421.517,480.825,-1,872.727,-1,-1,-1,-1,-1,-1,36.526,2,0,2,0,1,0,0,0,2,0,2,2,2,2,2,2,1
153,-6521.062,-6013.956,187.535,81.954,0.139975,-0.980782,-0.135921,0.990151,0.138249,0.022101,-0.002885,-0.137676,0.990473,0,-0.01641,-0.57402,6.190,-0.230,-1,407.152,-1,776.768,13.763,362.068,432.419,487.672,994.711,851.837,-1,-1,-1,-1,-1,-1,39.199,2,0,2,0,1,0,0,0,0,0,2,2,2,2,2,2,1
154,-6518.274,-6008.496,186.165,81.758,0.143353,-0.980871,-0.131686,0.989665,0.142575,0.015367,0.003702,-0.132528,0.991172,0,-0.01643,-0.57169,6.130,-0.196,-1,435.865,-1,806.400,13.322,377.378,445.223,494.258,961.839,816.941,-1,-1,-1,-1,-1,-1,41.575,2,0,2,0,1,0,0,0,0,0,2,2,2,2,2,2,1
155,-6515.639,-6003.063,184.828,81.596,0.146148,-0.980961,-0.127889,0.989208,0.146275,0.008451,0.010417,-0.127744,0.991752,0,-0.01645,-0.56971,6.038,-0.162,-1,467.563,-1,838.647,13.290,394.049,459.492,500.448,931.942,500.351,951.510,-1,-1,-1,-1,-1,43.896,2,0,2,0,1,0,0,0,0,0,0,2,2,2,2,2,1
156,-6513.210,-5997.708,183.622,81.459,0.148488,-0.981093,-0.124131,0.988771,0.149428,0.001748,0.016834,-0.122997,0.992264,0,-0.01646,-0.56806,5.880,-0.136,-1,496.186,-1,869.478,13.509,411.152,474.221,507.044,904.205,506.629,744.237,-1,-1,-1,-1,-1,34.432,2,0,2,0,1,0,0,0,0,0,0,2,2,2,2,2,1
157,-6511.042,-5992.528,182.681,81.355,0.150279,-0.981359,-0.119794,0.988390,0.151877,-0.004274,0.022389,-0.117760,0.992790,0,-0.01647,-0.56668,5.615,-0.105,-1,525.205,-1,895.657,13.854,427.674,487.869,515.010,877.307,512.441,598.067,975.412,-1,-1,-1,-1,28.308,2,0,2,0,1,0,0,0,0,0,0,0,2,2,2,2,1
158,-6509.096,-5987.534,182.084,81.280,0.151552,-0.981713,-0.115204,0.988074,0.153671,-0.009692,0.027219,-0.112361,0.993295,0,-0.01648,-0.56563,5.360,-0.075,-1,554.943,-1,918.841,14.274,444.045,500.605,523.821,852.775,520.725,135.538,870.716,-1,-1,-1,-1,25.443,2,0,2,0,1,0,0,0,0,0,0,0,2,2,2,2,1
159,-6507.357,-5982.691,181.846,81.226,0.152457,-0.982081,-0.110790,0.987801,0.155017,-0.014822,0.031731,-0.107179,0.993733,0,-0.01649,-0.56488,5.145,-0.054,-1,587.134,-1,943.400,14.652,461.157,514.013,533.476,832.167,529.346,137.003,795.505,-1,-1,-1,-1,24.110,2,0,2,0,1,0,0,0,0,0,0,0,2,2,2,2,1
160,-6505.819,-5977.944,181.935,81.181,0.153220,-0.982391,-0.106920,0.987522,0.156200,-0.020030,0.036378,-0.102517,0.994066,0,-0.01649,-0.56434,4.990,-0.046,-1,622.768,-1,970.216,14.883,479.717,529.647,543.633,815.989,537.521,138.795,730.597,-1,-1,-1,-1,23.578,2,0,2,0,1,0,0,0,0,0,0,0,2,2,2,2,1
161,-6504.463,-5973.264,182.277,81.139,0.153906,-0.982615,-0.103831,0.987218,0.157321,-0.025499,0.041390,-0.098579,0.994268,0,-0.01650,-0.56389,4.873,-0.042,-1,663.175,-1,1003.986,15.021,500.906,548.189,552.704,804.119,544.556,140.667,673.844,-1,-1,-1,-1,23.323,2,0,2,0,1,0,0,0,0,0,0,0,2,2,2,2,1
162,-6503.265,-5968.703,182.843,81.102,0.154503,-0.982718,-0.101951,0.986910,0.158340,-0.030628,0.046241,-0.095885,0.994318,0,-0.01650,-0.56349,4.715,-0.037,-1,704.425,-1,-1,15.130,523.635,568.128,559.589,797.683,550.286,142.784,621.884,-1,-1,-1,-1,23.156,2,0,2,2,1,0,0,0,0,0,0,0,2,2,2,2,1
163,-6502.235,-5964.363,183.639,81.068,0.155071,-0.982648,-0.101763,0.986647,0.159244,-0.034201,0.049813,-0.095101,0.994221,0,-0.01650,-0.56315,4.460,-0.035,-1,736.030,-1,-1,15.071,543.349,586.016,563.326,799.177,555.333,145.761,592.041,-1,-1,-1,-1,23.243,2,0,2,2,1,0,0,0,0,0,0,0,2,2,2,2,1
164,-6501.390,-5960.258,184.537,81.036,0.155600,-0.982440,-0.102959,0.986459,0.160008,-0.035991,0.051833,-0.095965,0.994034,0,-0.01651,-0.56282,4.191,-0.032,-1,756.471,-1,-1,15.019,557.549,599.271,564.001,807.078,560.147,149.615,582.791,-1,-1,-1,-1,23.329,2,0,2,2,1,0,0,0,0,0,0,0,2,2,2,2,1
165,-6500.730,-5956.369,185.384,81.010,0.156044,-0.982139,-0.105137,0.986359,0.160586,-0.036165,0.052403,-0.098059,0.993800,0,-0.01651,-0.56253,3.945,-0.026,-1,765.564,-1,-1,14.917,564.962,607.519,562.042,819.098,564.780,154.101,589.064,-1,-1,-1,-1,23.511,2,0,2,2,1,0,0,0,0,0,0,0,2,2,2,2,1
166,-6500.238,-5952.664,186.038,80.994,0.156325,-0.981794,-0.107901,0.986347,0.160904,-0.035072,0.051795,-0.100945,0.993543,0,-0.01651,-0.56230,3.738,-0.016,-1,764.038,-1,-1,14.782,567.022,611.089,558.016,833.289,569.070,158.873,606.050,-1,-1,-1,-1,23.793,2,0,2,2,1,0,0,0,0,0,0,0,2,2,2,2,1
167,-6499.875,-5949.110,186.409,80.987,0.156452,-0.981431,-0.110974,0.986403,0.160983,-0.033066,0.050317,-0.104292,0.993273,0,-0.01651,-0.56218,3.572,-0.007,-1,754.012,-1,-1,14.667,564.562,610.399,552.403,848.903,572.882,163.644,629.933,-1,-1,-1,-1,24.070,2,0,2,2,1,0,0,0,0,0,0,0,2,2,2,2,1
168,-6499.605,-5945.722,186.485,80.982,0.156565,-0.981047,-0.114171,0.986491,0.160970,-0.030385,0.048188,-0.107871,0.992996,0,-0.01651,-0.56215,3.399,-0.006,-1,738.536,-1,-1,14.636,558.451,606.177,545.671,864.721,576.360,168.327,658.886,-1,-1,-1,-1,24.152,2,0,2,2,1,0,0,0,0,0,0,0,2,2,2,2,1
169,-6499.455,-5942.096,186.330,81.007,0.156146,-0.980738,-0.117354,0.986621,0.160503,-0.028588,0.046873,-0.111320,0.992679,0,0.69294,-0.34064,3.629,0.025,-1,727.434,-1,-1,14.250,554.549,604.102,538.828,879.853,577.969,172.169,676.586,-1,-1,-1,-1,25.553,2,0,2,2,1,0,0,0,0,0,0,0,2,2,2,2,1
170,-6499.341,-5937.740,186.075,81.079,0.154893,-0.980527,-0.120730,0.986792,0.159421,-0.028738,0.047426,-0.114684,0.992269,0,0.69283,-0.34094,4.357,0.072,-1,727.552,-1,-1,13.415,557.319,608.731,532.205,895.456,576.772,174.862,670.993,-1,-1,-1,-1,38.393,2,0,2,2,1,0,0,0,0,0,0,0,2,2,2,2,1
171,-6498.871,-5932.800,185.867,81.083,0.154816,-0.979950,-0.125419,0.986736,0.159651,-0.029404,0.048838,-0.119204,0.991668,0,0.69254,-0.34172,4.962,0.004,-1,731.374,-1,-1,13.827,563.282,617.399,523.216,917.156,575.178,177.888,655.805,-1,-1,-1,-1,35.394,2,0,2,2,1,0,0,0,0,0,0,0,2,2,2,2,1
172,-6497.674,-5927.525,185.731,80.897,0.158017,-0.978623,-0.131632,0.986187,0.163112,-0.028797,0.049652,-0.125264,0.990880,0,0.69251,-0.34181,5.408,-0.186,-1,729.660,-1,-1,23.009,566.971,624.875,510.356,947.186,577.035,182.978,647.697,-1,-1,-1,-1,29.939,2,0,2,2,1,0,0,0,0,0,0,0,2,2,2,2,1
173,-6495.908,-5921.853,185.579,80.586,0.163365,-0.976972,-0.137248,0.985326,0.168546,-0.026934,0.049447,-0.130834,0.990170,0,0.69318,-0.33998,5.941,-0.311,-1,723.178,-1,-1,24.314,567.133,628.503,498.397,975.241,584.229,190.141,649.882,-1,-1,-1,-1,25.189,2,0,2,2,1,0,0,0,0,0,0,0,2,2,2,2,1
174,-6493.583,-5915.740,185.489,80.200,0.170009,-0.975300,-0.141023,0.984214,0.175194,-0.025110,0.049196,-0.134528,0.989688,0,0.69432,-0.33688,6.541,-0.386,14.137,719.678,-1,-1,20.735,568.022,631.707,490.172,994.162,596.578,198.569,651.759,-1,-1,-1,9.648,21.731,1,0,2,2,1,0,0,0,0,0,0,0,2,2,2,1,1
175,-6490.776,-5909.149,185.567,79.787,0.177100,-0.973820,-0.142516,0.982963,0.182251,-0.023838,0.049187,-0.135866,0.989505,0,0.69574,-0.33302,7.163,-0.413,18.680,722.779,-1,-1,19.437,571.310,635.849,486.707,1001.389,613.778,207.887,651.671,-1,-1,-1,22.527,20.327,1,0,2,2,1,0,0,0,0,0,0,0,2,2,2,1,1
176,-6487.422,-5902.310,185.968,79.345,0.184672,-0.972478,-0.142064,0.981544,0.189806,-0.023359,0.049680,-0.135128,0.989582,0,0.69726,-0.32887,7.617,-0.442,18.661,732.115,-1,-1,17.947,578.220,642.522,487.794,998.764,611.920,217.833,648.646,-1,-1,-1,22.521,18.760,1,0,2,2,1,0,0,0,0,0,0,0,2,2,2,1,1
177,-6483.712,-5895.082,186.711,78.903,0.192212,-0.971439,-0.139146,0.979992,0.197472,-0.024908,0.051674,-0.131575,0.989959,0,0.69890,-0.32442,8.125,-0.442,18.657,752.704,-1,-1,15.042,592.837,655.190,495.082,983.089,612.242,227.704,627.352,-1,-1,-1,22.519,15.722,1,0,2,2,1,0,0,0,0,0,0,0,2,2,2,1,1
178,-6479.592,-5887.482,187.778,78.456,0.199817,-0.970514,-0.134819,0.978265,0.205381,-0.028561,0.055409,-0.126182,0.990458,0,0.70054,-0.31997,8.644,-0.447,18.656,787.653,-1,-1,-1,615.792,674.511,506.751,960.482,613.572,237.084,584.782,-1,-1,-1,22.519,-1,1,0,2,2,2,0,0,0,0,0,0,0,2,2,2,1,2
179,-6475.040,-5879.574,189.082,77.989,0.207709,-0.969514,-0.130000,0.976309,0.213709,-0.033887,0.060636,-0.119881,0.990935,0,0.70220,-0.31545,9.125,-0.466,18.656,832.120,-1,-1,-1,644.533,700.914,518.933,935.900,614.807,245.944,534.392,-1,-1,-1,22.519,-1,1,0,2,2,2,0,0,0,0,0,0,0,2,2,2,1,2
180,-6469.998,-5871.428,190.582,77.477,0.216335,-0.968177,-0.125823,0.973994,0.222910,-0.040591,0.067346,-0.113769,0.991222,0,0.95713,0.14426,9.581,-0.512,18.658,878.858,-1,-1,-1,681.252,735.834,531.436,913.940,614.322,254.264,473.277,-1,-1,-1,22.520,-1,1,0,2,2,2,0,0,0,0,0,0,0,2,2,2,1,2
181,-6464.530,-5863.325,192.452,76.875,0.226444,-0.966214,-0.123096,0.971128,0.233699,-0.047906,0.075055,-0.108694,0.991238,0,0.95973,0.14945,9.775,-0.603,18.657,931.797,-1,-1,-1,724.462,781.229,543.352,899.833,618.947,262.954,422.318,-1,-1,-1,22.519,-1,1,0,2,2,2,0,0,0,0,0,0,0,2,2,2,1,2
182,-6458.736,-5855.125,194.708,76.209,0.237529,-0.963600,-0.122699,0.967722,0.245691,-0.056118,0.084222,-0.105409,0.990856,0,0.96279,0.15557,10.040,-0.665,18.654,992.519,-1,-1,-1,774.939,838.456,552.631,895.713,621.906,271.464,365.253,-1,-1,-1,22.519,-1,1,0,2,2,2,0,0,0,0,0,0,0,2,2,2,1,2
183,-6452.800,-5846.644,197.389,75.531,0.248716,-0.960607,-0.123995,0.963875,0.258070,-0.065911,0.095314,-0.103123,0.990091,0,0.96616,0.16233,10.352,-0.678,18.653,-1,-1,-1,-1,840.884,910.006,561.118,898.251,632.749,279.252,302.781,-1,-1,-1,22.518,-1,1,2,2,2,2,0,0,0,0,0,0,0,2,2,2,1,2
184,-6446.715,-5837.779,200.547,74.868,0.259489,-0.957392,-0.126750,0.959610,0.270382,-0.077737,0.108695,-0.101459,0.988884,0,0.96961,0.16921,10.753,-0.663,18.654,-1,-1,-1,-1,921.845,1002.792,569.487,906.705,649.045,285.824,241.716,-1,-1,-1,22.519,-1,1,2,2,2,2,0,0,0,0,0,0,0,2,2,2,1,2
185,-6440.398,-5828.737,204.190,74.212,0.269972,-0.953897,-0.131131,0.954812,0.282799,-0.091429,0.124297,-0.100522,0.987140,0,0.97297,0.17594,11.030,-0.657,18.657,-1,-1,-1,-1,-1,-1,575.331,921.014,663.399,291.302,236.655,-1,-1,-1,22.520,-1,1,2,2,2,2,2,2,0,0,0,0,0,2,2,2,1,2
186,-6433.756,-5819.820,208.311,73.519,0.280810,-0.949900,-0.137242,0.949180,0.296037,-0.106865,0.142140,-0.100259,0.984756,0,0.97631,0.18262,11.119,-0.692,18.657,-1,-1,-1,-1,-1,-1,580.999,940.342,678.258,296.418,230.522,-1,-1,-1,22.519,-1,1,2,2,2,2,2,2,0,0,0,0,0,2,2,2,1,2
187,-6426.665,-5810.801,212.747,72.744,0.292742,-0.944921,-0.146378,0.942448,0.310995,-0.122776,0.161536,-0.102012,0.981580,0,0.97983,0.18966,11.473,-0.775,18.655,-1,-1,-1,-1,-1,-1,581.724,970.629,693.853,301.488,224.202,-1,-1,-1,22.519,-1,1,2,2,2,2,2,2,0,0,0,0,0,2,2,2,1,2
188,-6419.170,-5801.562,217.361,71.891,0.305643,-0.938785,-0.158950,0.934604,0.327699,-0.138305,0.181926,-0.106283,0.977551,0,0.98378,0.19756,11.896,-0.854,18.653,-1,-1,-1,-1,-1,-1,577.658,-1,683.147,306.855,218.235,-1,-1,-1,22.518,-1,1,2,2,2,2,2,2,0,2,0,0,0,2,2,2,1,2
189,-6411.377,-5792.077,222.068,70.946,0.319728,-0.931356,-0.174211,0.925705,0.346262,-0.152225,0.202098,-0.112597,0.972871,0,0.98812,0.20624,12.277,-0.945,17.398,-1,-1,-1,-1,-1,-1,569.755,-1,668.476,313.663,214.845,-1,-1,-1,22.206,-1,1,2,2,2,2,2,2,0,2,0,0,0,2,2,2,1,2
190,-6403.667,-5781.768,226.550,70.030,0.333124,-0.923536,-0.190025,0.916724,0.364379,-0.163843,0.220556,-0.119621,0.968011,0,0.99293,0.21585,12.873,-0.916,-1,-1,-1,-1,-1,-1,-1,542.055,-1,641.530,314.434,222.387,-1,-1,-1,-1,-1,2,2,2,2,2,2,2,0,2,0,0,0,2,2,2,2,2
191,-6395.979,-5770.703,230.766,69.182,0.345319,-0.915800,-0.205095,0.908216,0.381159,-0.172804,0.236428,-0.126599,0.963366,0,0.99758,0.22516,13.474,-0.847,-1,-1,-1,-1,-1,-1,-1,512.098,-1,619.973,307.005,231.467,-1,-1,-1,-1,-1,2,2,2,2,2,2,2,0,2,0,0,0,2,2,2,2,2
192,-6388.156,-5759.328,234.615,68.382,0.356821,-0.908252,-0.218533,0.900401,0.396710,-0.178603,0.248911,-0.133038,0.959346,0,0.99804,0.23377,13.806,-0.800,-1,-1,-1,-1,-1,-1,-1,484.517,-1,601.658,304.205,242.011,-1,-1,-1,-1,-1,2,2,2,2,2,2,2,0,2,0,0,0,2,2,2,2,2
193,-6380.226,-5747.782,237.999,67.635,0.367641,-0.901514,-0.228284,0.893517,0.410476,-0.182037,0.257814,-0.137052,0.956425,0,0.91145,-0.26842,14.007,-0.747,-1,-1,-1,-1,-1,-1,-1,461.568,-1,594.493,305.591,253.760,-1,-1,-1,-1,-1,2,2,2,2,2,2,2,0,2,0,0,0,2,2,2,2,2
194,-6372.155,-5735.958,240.774,66.919,0.378084,-0.895518,-0.234734,0.887232,0.422900,-0.184321,0.264332,-0.138575,0.954424,0,0.90797,-0.26081,14.316,-0.716,-1,-1,-1,-1,-1,-1,-1,442.049,-1,595.360,307.300,266.141,-1,-1,-1,-1,-1,2,2,2,2,2,2,2,0,2,0,0,0,2,2,2,2,2
195,-6363.835,-5723.859,242.867,66.258,0.387767,-0.890348,-0.238573,0.881601,0.433799,-0.186007,0.269103,-0.138199,0.953145,0,0.90462,-0.25351,14.683,-0.661,-1,-1,-1,-1,-1,-1,-1,424.426,-1,601.674,310.402,276.908,-1,-1,-1,-1,-1,2,2,2,2,2,2,2,0,2,0,0,0,2,2,2,2,2
196,-6355.250,-5711.497,244.271,65.649,0.396754,-0.885934,-0.240223,0.876628,0.443313,-0.187077,0.272232,-0.136363,0.952520,0,0.90152,-0.24676,15.052,-0.609,-1,-1,-1,-1,-1,-1,-1,407.544,-1,609.051,314.613,286.575,-1,-1,-1,-1,-1,2,2,2,2,2,2,2,0,2,0,0,0,2,2,2,2,2
197,-6346.477,-5698.921,245.019,65.092,0.405133,-0.882434,-0.239119,0.872484,0.451320,-0.187303,0.273202,-0.132744,0.952754,0,0.89866,-0.24052,15.333,-0.556,-1,-1,-1,-1,-1,-1,-1,392.140,-1,622.462,320.908,296.842,-1,-1,-1,-1,-1,2,2,2,2,2,2,2,0,2,0,0,0,2,2,2,2,2
198,-6337.500,-5686.133,245.147,64.580,0.413079,-0.879613,-0.235895,0.869140,0.458127,-0.186320,0.271960,-0.128061,0.953750,0,0.89604,-0.23479,15.625,-0.513,-1,-1,-1,-1,-1,-1,-1,379.998,-1,641.219,329.298,308.102,-1,-1,-1,-1,-1,2,2,2,2,2,2,2,0,2,0,0,0,2,2,2,2,2
199,-6328.335,-5673.178,244.727,64.095,0.420892,-0.877144,-0.231233,0.866597,0.464141,-0.183256,0.268066,-0.123255,0.955483,0,0.89361,-0.22950,15.869,-0.485,-1,-1,-1,-1,-1,-1,-1,367.544,-1,665.377,340.581,321.418,-1,-1,-1,-1,-1,2,2,2,2,2,2,2,0,2,0,0,0,2,2,2,2,2
200,-6319.017,-5660.026,243.760,63.631,0.428687,-0.874952,-0.225135,0.864769,0.469525,-0.178101,0.261536,-0.118340,0.957911,0,0.89132,-0.22449,16.119,-0.464,-1,-1,-1,-1,-1,-1,-1,358.444,-1,696.706,355.431,337.212,-1,-1,-1,-1,-1,2,2,2,2,2,2,2,0,2,0,0,0,2,2,2,2,2
201,-6309.567,-5646.675,242.259,63.181,0.436586,-0.872906,-0.217782,0.863571,0.474484,-0.170615,0.252265,-0.113582,0.960969,0,0.88911,-0.21969,16.357,-0.451,-1,-1,-1,-1,-1,-1,-1,377.369,-1,735.235,374.552,356.207,-1,-1,-1,-1,-1,2,2,2,2,2,2,2,0,2,0,0,0,2,2,2,2,2
202,-6299.998,-5633.157,240.252,62.746,0.444549,-0.870991,-0.209168,0.863011,0.479016,-0.160486,0.239976,-0.109170,0.964621,0,0.88697,-0.21501,16.563,-0.434,-1,-1,-1,-1,-1,-1,-1,393.437,-1,773.718,399.327,379.418,-1,-1,-1,-1,-1,2,2,2,2,2,2,2,0,2,0,0,0,2,2,2,2,2
203,-6290.314,-5619.459,237.713,62.325,0.452575,-0.869142,-0.199419,0.862927,0.483242,-0.147765,0.224796,-0.105209,0.968709,0,0.88490,-0.21049,16.775,-0.422,-1,-1,-1,-1,-1,-1,-1,405.639,-1,821.005,430.700,407.596,-1,-1,-1,-1,-1,2,2,2,2,2,2,2,0,2,0,0,0,2,2,2,2,2
204,-6280.635,-5605.766,234.601,61.917,0.460658,-0.867448,-0.187958,0.863350,0.487062,-0.131900,0.205963,-0.101513,0.973280,0,0.39769,-0.09996,16.768,-0.408,-1,-1,-1,-1,-1,-1,-1,414.326,-1,881.321,472.234,436.825,-1,-1,-1,-1,-1,2,2,2,2,2,2,2,0,2,0,0,0,2,2,2,2,2
205,-6271.234,-5592.469,230.966,61.546,0.468561,-0.866451,-0.172376,0.864650,0.489804,-0.111678,0.181194,-0.096717,0.978680,0,0.39681,-0.09571,16.284,-0.371,-1,-1,-1,-1,-1,-1,-1,421.512,-1,911.698,530.927,470.222,-1,-1,-1,-1,-1,2,2,2,2,2,2,2,0,2,0,0,0,2,2,2,2,2
206,-6262.240,-5579.568,226.758,61.254,0.475464,-0.866755,-0.150562,0.866785,0.490811,-0.088250,0.150389,-0.088545,0.984654,0,0.39601,-0.09183,15.727,-0.293,-1,-1,-1,-1,-1,-1,-1,427.958,966.199,951.691,610.396,511.056,-1,-1,-1,-1,-1,2,2,2,2,2,2,2,0,0,0,0,0,2,2,2,2,2
207,-6253.438,-5566.889,221.827,61.016,0.481324,-0.867705,-0.124155,0.868901,0.490980,-0.062846,0.115490,-0.077629,0.990271,0,0.39537,-0.08874,15.435,-0.238,-1,-1,-1,-1,-1,-1,-1,436.206,895.240,1000.773,690.001,564.582,-1,-1,-1,-1,-1,2,2,2,2,2,2,2,0,0,0,0,0,2,2,2,2,2
208,-6244.591,-5554.325,216.065,60.800,0.486364,-0.868546,-0.095277,0.870239,0.491292,-0.036285,0.078324,-0.065266,0.994789,0,0.39485,-0.08621,15.366,-0.216,-1,-1,-1,-1,-1,1006.265,-1,445.038,823.203,-1,743.182,635.248,-1,-1,-1,-1,-1,2,2,2,2,2,0,2,0,0,2,0,0,2,2,2,2,2
209,-6235.759,-5541.633,209.472,60.647,0.489784,-0.869483,-0.064109,0.870906,0.491343,-0.010271,0.040430,-0.050802,0.997890,0,0.39437,-0.08388,15.463,-0.153,13.949,-1,-1,-1,-1,833.599,867.433,456.552,752.224,-1,802.584,752.940,-1,-1,-1,27.442,-1,1,2,2,2,2,0,0,0,0,2,0,0,2,2,2,1,2
210,-6226.734,-5528.470,202.818,60.578,0.491229,-0.870487,-0.030754,0.871003,0.491187,0.009424,0.006903,-0.031416,0.999483,0,0.39402,-0.08220,15.959,-0.069,13.944,878.141,-1,929.760,-1,709.579,734.962,483.276,677.388,-1,-1,-1,-1,-1,-1,27.488,-1,1,0,2,0,2,0,0,0,0,2,2,2,2,2,2,1,2
211,-6217.328,-5515.136,198.015,60.503,0.492326,-0.870394,-0.005380,0.870291,0.492145,0.019680,-0.014482,-0.014371,0.999792,0,0.39384,-0.08134,16.318,-0.075,13.589,801.889,-1,832.150,14.507,642.679,661.300,517.883,622.223,-1,-1,-1,-1,-1,-1,32.330,24.536,1,0,2,0,1,0,0,0,0,2,2,2,2,2,2,1,1
212,-6208.158,-5501.396,196.367,60.470,0.492773,-0.870126,0.007462,0.869912,0.492819,0.019561,-0.020698,-0.003148,0.999781,0,0.39365,-0.08042,16.518,-0.033,13.615,791.918,-1,800.057,14.468,628.818,642.315,555.150,593.609,-1,-1,-1,-1,-1,-1,31.776,24.664,1,0,2,0,1,0,0,0,0,2,2,2,2,2,2,1,1
213,-6199.289,-5487.574,197.839,60.422,0.493524,-0.869660,0.011183,0.869526,0.493646,0.015410,-0.018922,0.002119,0.999819,0,0.39355,-0.07993,16.424,-0.048,13.849,816.377,-1,805.048,14.154,643.950,653.837,592.911,588.729,-1,-1,-1,-1,-1,-1,28.378,26.049,1,0,2,0,1,0,0,0,0,2,2,2,2,2,2,1,1
214,-6190.758,-5474.096,201.531,60.324,0.495010,-0.868791,0.012903,0.868695,0.495159,0.013690,-0.018283,0.004432,0.999823,0,0.39342,-0.07930,15.950,-0.098,13.937,840.883,-1,815.264,14.065,660.933,669.204,630.194,596.071,-1,-1,-1,-1,-1,-1,27.555,26.588,1,0,2,0,1,0,0,0,0,2,2,2,2,2,2,1,1
215,-6182.752,-5460.960,205.609,60.301,0.495306,-0.868465,0.020993,0.868382,0.495642,0.015854,-0.024174,0.010378,0.999654,0,0.39319,-0.07818,15.383,-0.024,-1,845.393,-1,805.235,14.092,662.229,667.635,678.871,595.857,-1,-1,-1,-1,-1,-1,-1,26.418,2,0,2,0,1,0,0,0,0,2,2,2,2,2,2,2,1
216,-6175.081,-5448.184,209.160,60.373,0.494025,-0.868701,0.036011,0.868705,0.494891,0.020844,-0.035929,0.020985,0.999134,0,0.39312,-0.07782,14.903,0.073,-1,831.001,-1,775.251,-1,647.961,649.024,741.514,583.855,-1,-1,-1,-1,-1,-1,-1,-1,2,0,2,0,2,0,0,0,0,2,2,2,2,2,2,2,2
217,-6167.463,-5435.599,211.811,60.514,0.491579,-0.869116,0.054655,0.869371,0.493422,0.027012,-0.050444,0.034237,0.998140,0,0.39324,-0.07844,14.711,0.141,-1,807.330,-1,736.636,-1,626.116,622.238,813.186,564.778,-1,-1,-1,-1,-1,-1,-1,-1,2,0,2,0,2,0,0,0,0,2,2,2,2,2,2,2,2
218,-6159.615,-5423.090,213.321,60.650,0.489092,-0.869146,0.073311,0.869775,0.492293,0.033755,-0.065429,0.047254,0.996738,0,0.39351,-0.07973,14.767,0.136,-1,779.629,-1,697.438,-1,601.914,593.529,877.111,544.424,-1,-1,-1,-1,-1,-1,-1,-1,2,0,2,0,2,0,0,0,0,2,2,2,2,2,2,2,2
219,-6151.482,-5410.522,213.674,60.781,0.486621,-0.868985,0.089802,0.870020,0.491366,0.040306,-0.079151,0.058516,0.995144,0,0.39376,-0.08096,14.969,0.131,-1,752.269,-1,662.277,14.088,578.945,566.904,931.554,525.737,-1,-1,-1,-1,-1,-1,-1,24.603,2,0,2,0,1,0,0,0,0,2,2,2,2,2,2,2,1
220,-6143.100,-5397.710,213.319,60.925,0.484049,-0.869013,0.102535,0.870560,0.490096,0.043953,-0.088448,0.067987,0.993758,0,0.39400,-0.08213,15.311,0.144,13.913,736.050,-1,636.291,14.090,564.252,549.131,977.101,509.108,-1,-1,-1,-1,-1,989.419,27.757,26.429,1,0,2,0,1,0,0,0,0,2,2,2,2,2,0,1,1
221,-6134.505,-5384.528,212.710,61.072,0.481739,-0.869102,0.112201,0.871673,0.488404,0.040582,-0.090070,0.078253,0.992856,0,0.39427,-0.08342,15.736,0.147,13.913,744.011,-1,626.567,14.090,564.967,546.085,-1,492.265,-1,-1,-1,-1,-1,968.808,27.752,26.430,1,0,2,0,1,0,0,2,0,2,2,2,2,2,0,1,1
222,-6125.727,-5370.937,211.907,61.172,0.480433,-0.868931,0.118925,0.872903,0.486896,0.031177,-0.084995,0.088832,0.992414,0,0.39455,-0.08475,16.180,0.100,13.927,773.720,-1,630.977,14.075,579.060,555.780,-1,476.290,-1,-1,-1,-1,-1,974.368,27.639,26.522,1,0,2,0,1,0,0,2,0,2,2,2,2,2,0,1,1
223,-6117.168,-5357.188,211.094,61.169,0.480676,-0.868273,0.122690,0.873235,0.486736,0.023449,-0.080077,0.095866,0.992168,0,0.39472,-0.08560,16.194,-0.003,-1,799.994,-1,635.393,14.037,592.535,565.989,-1,466.314,-1,-1,-1,-1,-1,983.254,-1,26.776,2,0,2,0,1,0,0,2,0,2,2,2,2,2,0,2,1
224,-6109.006,-5344.117,210.829,60.969,0.483860,-0.867140,0.118099,0.871809,0.489378,0.021389,-0.076342,0.092610,0.992771,0,0.39469,-0.08543,15.410,-0.200,-1,812.673,-1,644.251,14.085,602.990,576.495,-1,473.236,-1,-1,-1,-1,-1,1001.554,-1,26.466,2,0,2,0,1,0,0,2,0,2,2,2,2,2,0,2,1
225,-6100.885,-5331.663,211.327,60.547,0.490470,-0.865372,0.102813,0.868552,0.495047,0.023358,-0.071111,0.077842,0.994426,0,0.39425,-0.08330,14.868,-0.423,-1,820.165,-1,664.506,14.679,616.198,594.044,-1,500.708,-1,-1,-1,-1,-1,-1,-1,24.035,2,0,2,0,1,0,0,2,0,2,2,2,2,2,2,2,1
226,-6092.741,-5319.233,212.244,60.009,0.498858,-0.862899,0.080908,0.864359,0.502180,0.026420,-0.063428,0.056754,0.996371,0,0.65044,0.39766,14.860,-0.538,-1,830.566,-1,695.794,16.598,635.183,619.536,958.420,536.957,-1,-1,-1,-1,-1,-1,-1,22.204,2,0,2,0,1,0,0,0,0,2,2,2,2,2,2,2,1
227,-6085.070,-5306.473,213.246,59.522,0.506428,-0.860178,0.060203,0.860493,0.508639,0.028940,-0.055515,0.037148,0.997767,0,0.64856,0.40318,14.888,-0.487,-1,843.910,-1,727.940,18.959,655.585,644.290,890.173,573.768,-1,-1,-1,-1,-1,-1,-1,22.630,2,0,2,0,1,0,0,0,0,2,2,2,2,2,2,2,1
228,-6079.056,-5293.758,214.146,59.378,0.508675,-0.859549,0.049246,0.859355,0.510386,0.031876,-0.052533,0.026105,0.998278,0,0.64685,0.40817,14.066,-0.144,-1,848.196,-1,744.634,18.727,665.437,656.441,857.105,597.403,-1,-1,-1,-1,-1,-1,-1,22.544,2,0,2,0,1,0,0,0,0,2,2,2,2,2,2,2,1
229,-6073.990,-5280.953,214.766,59.583,0.505574,-0.861572,0.045711,0.861138,0.507171,0.034914,-0.053265,0.021712,0.998344,0,0.64634,0.40967,13.771,0.205,-1,845.011,-1,749.217,18.501,666.998,659.051,845.439,608.532,-1,-1,-1,-1,-1,-1,-1,22.466,2,0,2,0,1,0,0,0,0,2,2,2,2,2,2,2,1
230,-6068.431,-5265.206,214.796,60.117,0.497450,-0.866226,0.046865,0.865673,0.499179,0.037824,-0.056158,0.021754,0.998185,0,0.64704,0.40764,16.700,0.534,-1,837.619,-1,745.888,16.480,663.214,655.580,847.087,609.894,-1,-1,-1,-1,-1,-1,-1,22.223,2,0,2,0,1,0,0,0,0,2,2,2,2,2,2,2,1
231,-6064.644,-5254.540,214.141,60.529,0.491123,-0.869688,0.049408,0.869093,0.493047,0.039776,-0.058953,0.023405,0.997986,0,0.64886,0.40229,11.318,0.413,-1,829.631,-1,739.193,-1,657.268,649.734,851.429,605.884,-1,-1,-1,-1,-1,-1,-1,-1,2,0,2,0,2,0,0,0,0,2,2,2,2,2,2,2,2
232,-6059.812,-5241.054,212.366,61.059,0.482939,-0.873971,0.054272,0.873362,0.485230,0.042313,-0.063314,0.026965,0.997629,0,0.65027,0.39816,14.325,0.530,-1,815.829,-1,725.750,-1,646.151,638.253,858.947,596.136,-1,-1,-1,-1,-1,-1,-1,-1,2,0,2,0,2,0,0,0,0,2,2,2,2,2,2,2,2
233,-6054.918,-5227.429,209.468,61.584,0.474756,-0.878031,0.060567,0.877457,0.477546,0.044944,-0.068386,0.031808,0.997152,0,0.65208,0.39287,14.477,0.525,-1,798.186,-1,707.589,-1,631.289,622.733,867.383,581.976,-1,-1,-1,-1,-1,-1,-1,-1,2,0,2,0,2,0,0,0,0,2,2,2,2,2,2,2,2
234,-6049.964,-5213.577,205.454,62.118,0.466376,-0.881934,0.068448,0.881486,0.469821,0.047435,-0.073993,0.038214,0.996526,0,0.65387,0.38761,14.712,0.534,-1,777.625,-1,684.664,-1,612.940,603.710,877.564,562.642,-1,-1,-1,-1,-1,-1,-1,-1,2,0,2,0,2,0,0,0,0,2,2,2,2,2,2,2,2
235,-6044.939,-5199.488,200.423,62.649,0.457952,-0.885610,0.077292,0.885313,0.462223,0.050697,-0.080624,0.045210,0.995719,0,0.65570,0.38227,14.958,0.531,-1,752.273,-1,656.889,-1,590.682,579.572,886.860,540.394,-1,-1,-1,-1,-1,-1,-1,-1,2,0,2,0,2,0,0,0,0,2,2,2,2,2,2,2,2
236,-6039.770,-5185.240,194.708,63.141,0.449964,-0.888896,0.085998,0.888488,0.455304,0.057332,-0.090117,0.050611,0.994644,0,0.65751,0.37696,15.157,0.492,-1,716.626,-1,623.557,-1,561.639,549.319,887.877,519.815,-1,-1,-1,-1,-1,978.798,-1,-1,2,0,2,0,2,0,0,0,0,2,2,2,2,2,0,2,2
237,-6034.654,-5170.676,188.546,63.647,0.441537,-0.892177,0.095210,0.891308,0.448325,0.067640,-0.103032,0.054996,0.993157,0,0.65919,0.37204,15.437,0.506,13.268,669.710,-1,584.808,-1,526.294,513.328,882.997,500.297,-1,-1,-1,-1,-1,904.354,25.482,-1,1,0,2,0,2,0,0,0,0,2,2,2,2,2,0,1,2
238,-6029.310,-5155.763,183.015,64.119,0.433631,-0.895259,0.102351,0.893800,0.441759,0.077270,-0.114391,0.057975,0.991743,0,0.66092,0.36697,15.842,0.472,13.296,629.997,-1,552.832,15.183,496.700,483.459,875.284,484.600,-1,-1,-1,-1,-1,844.837,47.469,23.082,1,0,2,0,1,0,0,0,0,2,2,2,2,2,0,1,1
239,-6023.615,-5140.113,178.883,64.524,0.427008,-0.898356,0.103057,0.896209,0.435617,0.083943,-0.120304,0.056517,0.991127,0,0.66254,0.36225,16.654,0.405,13.301,606.022,-1,536.604,15.147,479.946,467.491,855.787,478.995,-1,-1,-1,-1,-1,816.627,40.459,23.133,1,0,2,0,1,0,0,0,0,2,2,2,2,2,0,1,1
240,-6018.143,-5123.834,175.585,64.880,0.421113,-0.901798,0.097082,0.898164,0.429522,0.093879,-0.126358,0.047662,0.990839,0,0.66392,0.35820,17.174,0.356,13.303,579.539,951.459,525.925,15.140,463.993,454.684,810.705,486.299,-1,-1,-1,-1,970.707,798.993,24.523,23.142,1,0,1,0,1,0,0,0,0,2,2,2,2,0,0,1,1
241,-6012.682,-5106.563,173.129,65.225,0.415574,-0.905254,0.088389,0.900426,0.423191,0.100711,-0.128575,0.037735,0.990982,0,0.66514,0.35463,18.114,0.345,13.312,564.381,922.913,524.278,15.107,456.277,450.334,768.450,497.923,-1,-1,-1,-1,937.128,798.408,40.094,23.188,1,0,1,0,1,0,0,0,0,2,2,2,2,0,0,1,1
242,-6006.951,-5088.375,171.337,65.575,0.410158,-0.908498,0.080012,0.903145,0.416808,0.102955,-0.126884,0.030035,0.991463,0,0.66633,0.35114,19.069,0.350,13.322,561.647,893.763,529.698,15.073,456.790,453.456,738.694,507.739,-1,-1,-1,-1,926.729,811.094,42.908,23.239,1,0,1,0,1,0,0,0,0,2,2,2,2,0,0,1,1
243,-6000.848,-5069.466,169.984,65.920,0.404906,-0.911330,0.074360,0.906042,0.410838,0.101487,-0.123038,0.026281,0.992054,0,0.66753,0.34761,19.870,0.345,13.350,567.787,-1,537.897,14.978,462.826,460.494,723.964,512.167,-1,-1,-1,-1,932.798,828.813,41.885,23.399,1,0,2,0,1,0,0,0,0,2,2,2,2,0,0,1,1
244,-5994.302,-5049.968,168.718,66.236,0.400129,-0.913683,0.071274,0.908778,0.405622,0.097947,-0.118403,0.025581,0.992636,0,0.66872,0.34413,20.568,0.316,13.389,577.456,-1,546.204,11.428,471.149,468.357,720.216,512.236,-1,-1,-1,-1,947.313,846.108,38.378,9.803,1,0,2,0,1,0,0,0,0,2,2,2,2,0,0,1,1
245,-5987.344,-5030.016,167.338,66.530,0.395651,-0.915692,0.070487,0.911248,0.400972,0.094069,-0.114402,0.027013,0.993067,0,0.66981,0.34095,21.130,0.294,13.466,586.038,-1,552.076,-1,478.675,474.825,722.739,508.772,-1,-1,-1,-1,962.050,857.441,33.557,-1,1,0,2,0,2,0,0,0,0,2,2,2,2,0,0,1,2
246,-5979.980,-5009.747,165.743,66.798,0.391480,-0.917444,0.070994,0.913310,0.396811,0.091680,-0.112283,0.028949,0.993254,0,0.67082,0.33800,21.565,0.268,13.438,590.696,-1,553.670,-1,482.245,477.798,725.986,503.936,-1,-1,-1,-1,968.721,860.404,26.881,-1,1,0,2,0,2,0,0,0,0,2,2,2,2,0,0,1,2
247,-5972.570,-4989.015,163.742,67.108,0.386565,-0.919311,0.073725,0.915483,0.392170,0.089963,-0.111617,0.032717,0.993213,0,0.67173,0.33532,22.017,0.310,13.268,592.421,-1,550.837,-1,482.852,477.472,733.625,495.580,-1,-1,-1,-1,970.050,854.696,20.634,-1,1,0,2,0,2,0,0,0,0,2,2,2,2,0,0,1,2
248,-5965.823,-4967.691,161.405,67.620,0.378346,-0.922211,0.079882,0.918851,0.384611,0.088242,-0.112101,0.040013,0.992891,0,0.67279,0.33222,22.366,0.512,-1,592.910,-1,543.888,16.621,481.348,473.708,752.226,481.904,-1,-1,-1,-1,969.302,840.806,-1,22.200,2,0,2,0,1,0,0,0,0,2,2,2,2,0,0,2,1
249,-5959.985,-4946.001,158.856,68.351,0.366515,-0.926362,0.086721,0.923420,0.373583,0.087929,-0.113851,0.047853,0.992345,0,0.52130,-0.18878,22.462,0.731,-1,588.661,-1,534.612,17.064,477.346,466.994,772.573,467.669,-1,-1,-1,-1,961.568,821.856,-1,22.179,2,0,2,0,1,0,0,0,0,2,2,2,2,0,0,2,1
250,-5955.194,-4924.073,156.236,69.221,0.352410,-0.931344,0.091678,0.928733,0.360105,0.088207,-0.115164,0.054059,0.991874,0,0.52325,-0.19617,22.446,0.869,-1,583.498,-1,527.252,17.264,473.415,461.013,786.626,456.227,-1,-1,-1,-1,952.338,806.596,-1,22.193,2,0,2,0,1,0,0,0,0,2,2,2,2,0,0,2,1
251,-5951.191,-4901.852,153.551,70.156,0.337205,-0.936853,0.092728,0.934391,0.345079,0.088506,-0.114916,0.056799,0.991750,0,0.52558,-0.20499,22.578,0.936,-1,578.922,-1,524.521,17.055,470.029,458.004,787.894,449.822,-1,-1,-1,-1,944.360,800.635,-1,22.180,2,0,2,0,1,0,0,0,0,2,2,2,2,0,0,2,1
252,-5947.817,-4879.242,150.922,71.083,0.322143,-0.942451,0.089496,0.939995,0.329656,0.087957,-0.112398,0.055791,0.992096,0,0.52756,-0.21451,22.860,0.927,-1,576.604,-1,527.958,17.078,469.776,459.525,775.991,448.820,-1,-1,-1,-1,941.251,806.268,-1,22.180,2,0,2,0,1,0,0,0,0,2,2,2,2,0,0,2,1
253,-5945.035,-4856.287,148.337,72.024,0.306803,-0.948091,0.083636,0.945571,0.313640,0.086747,-0.108476,0.052470,0.992713,0,0.52507,-0.22398,23.123,0.941,-1,575.691,-1,534.754,16.594,471.542,462.655,756.002,451.275,-1,-1,-1,-1,941.926,819.121,-1,22.204,2,0,2,0,1,0,0,0,0,2,2,2,2,0,0,2,1
254,-5942.446,-4833.020,145.784,72.906,0.292356,-0.953300,0.075806,0.950649,0.298323,0.085265,-0.103898,0.047137,0.993470,0,0.52253,-0.23361,23.410,0.882,14.333,574.845,-1,543.128,16.666,474.167,466.911,729.412,456.681,-1,-1,-1,-1,942.903,817.653,17.470,22.195,1,0,2,0,1,0,0,0,0,2,2,2,2,0,1,1,1
255,-5940.164,-4809.500,143.272,73.781,0.277913,-0.958116,0.069125,0.955385,0.283178,0.083960,-0.100018,0.042708,0.994069,0,0.52013,-0.24267,23.630,0.875,13.933,572.678,-1,549.894,16.459,474.853,470.219,707.106,461.147,-1,-1,-1,-1,942.213,754.414,22.021,22.227,1,0,2,0,1,0,0,0,0,2,2,2,2,0,1,1,1
256,-5937.946,-4785.768,140.902,74.611,0.264119,-0.962357,0.064113,0.959581,0.268892,0.083076,-0.097188,0.039580,0.994479,0,0.51776,-0.25168,23.836,0.830,13.714,569.639,-1,553.703,16.305,473.827,471.999,690.373,464.125,-1,-1,-1,-1,939.568,695.029,26.187,22.265,1,0,2,0,1,0,0,0,0,2,2,2,2,0,1,1,1
257,-5935.736,-4761.805,138.616,75.407,0.250799,-0.966095,0.061319,0.963344,0.255312,0.082360,-0.095223,0.038415,0.994714,0,0.51550,-0.26024,24.065,0.797,13.597,566.346,-1,553.829,16.200,471.967,470.788,680.649,464.497,-1,-1,-1,-1,936.295,638.721,26.332,22.299,1,0,2,0,1,0,0,0,0,2,2,2,2,0,1,1,1
258,-5933.483,-4737.623,136.386,76.179,0.237834,-0.969415,0.060578,0.966751,0.242290,0.081784,-0.093960,0.039113,0.994807,0,0.51332,-0.26847,24.286,0.772,13.414,562.912,-1,551.642,15.969,469.450,468.291,677.160,462.438,-1,-1,-1,-1,934.571,584.995,27.620,22.394,1,0,2,0,1,0,0,0,0,2,2,2,2,0,1,1,1
259,-5931.127,-4713.201,134.185,76.895,0.225751,-0.972288,0.060772,0.969751,0.230230,0.081092,-0.092837,0.040627,0.994852,0,0.51122,-0.27646,24.536,0.716,13.364,559.855,-1,548.676,15.876,466.958,465.554,676.512,459.290,-1,-1,-1,-1,937.099,534.020,24.830,22.444,1,0,2,0,1,0,0,0,0,2,2,2,2,0,1,1,1
260,-5928.819,-4688.521,131.959,77.583,0.214118,-0.974900,0.061019,0.972524,0.218607,0.080054,-0.091384,0.042201,0.994921,0,0.50925,-0.28389,24.787,0.688,13.316,557.425,-1,545.999,15.757,464.435,463.271,676.026,456.016,-1,-1,-1,-1,942.417,484.829,22.939,22.517,1,0,2,0,1,0,0,0,0,2,2,2,2,0,1,1,1
261,-5926.518,-4663.625,129.767,78.237,0.203042,-0.977259,0.061147,0.975032,0.207525,0.079036,-0.089928,0.043573,0.994995,0,0.50737,-0.29105,25.002,0.653,13.272,554.977,-1,543.261,15.542,461.934,460.745,674.871,453.136,-1,-1,-1,-1,948.503,861.309,22.495,22.682,1,0,2,0,1,0,0,0,0,2,2,2,2,0,0,1,1
262,-5924.179,-4638.532,127.577,78.830,0.192956,-0.979359,0.060205,0.977210,0.197341,0.078210,-0.088477,0.043742,0.995117,0,0.50557,-0.29787,25.203,0.594,13.267,551.796,-1,541.150,15.455,459.305,458.180,670.070,451.992,-1,-1,-1,-1,958.325,861.260,19.545,22.763,1,0,2,0,1,0,0,0,0,2,2,2,2,0,0,1,1
263,-5921.931,-4613.210,125.321,79.386,0.183493,-0.981251,0.058969,0.979176,0.187747,0.077240,-0.086863,0.043568,0.995267,0,0.50393,-0.30409,25.421,0.556,13.296,548.593,-1,539.220,15.166,456.672,455.795,664.369,451.207,-1,-1,-1,-1,971.865,861.173,20.644,23.105,1,0,2,0,1,0,0,0,0,2,2,2,2,0,0,1,1
264,-5919.599,-4587.687,123.048,79.875,0.175162,-0.982862,0.057453,0.980838,0.179262,0.076302,-0.085294,0.042987,0.995428,0,0.50238,-0.30994,25.630,0.488,13.321,545.108,-1,537.426,15.074,453.936,453.435,657.649,450.727,-1,-1,-1,-1,990.885,861.026,19.529,23.239,1,0,2,0,1,0,0,0,0,2,2,2,2,0,0,1,1
265,-5917.299,-4561.833,120.804,80.330,0.167382,-0.984289,0.056194,0.982331,0.171346,0.075278,-0.083724,0.042601,0.995578,0,0.70987,-0.45065,25.955,0.456,13.321,541.884,-1,535.665,15.077,451.322,451.051,651.797,450.210,-1,-1,-1,-1,-1,860.622,20.136,23.235,1,0,2,0,1,0,0,0,0,2,2,2,2,2,0,1,1
266,-5915.072,-4535.468,118.525,80.762,0.160007,-0.985557,0.055446,0.983735,0.163852,0.073609,-0.081630,0.042766,0.995745,0,0.70805,-0.45551,26.460,0.431,13.285,539.962,-1,534.329,15.233,449.508,449.300,647.731,449.005,-1,-1,-1,-1,-1,859.589,18.953,23.014,1,0,2,0,1,0,0,0,0,2,2,2,2,2,0,1,1
267,-5913.133,-4508.665,116.266,81.242,0.151784,-0.986876,0.055111,0.985195,0.155550,0.072080,-0.079706,0.043355,0.995875,0,0.70632,-0.46013,26.873,0.480,-1,537.885,-1,532.395,15.684,447.368,447.185,644.978,447.427,-1,-1,-1,-1,-1,856.652,-1,22.569,2,0,2,0,1,0,0,0,0,2,2,2,2,2,0,2,1
268,-5911.839,-4481.461,114.068,81.840,0.141503,-0.988336,0.056289,0.986864,0.145313,0.070597,-0.077953,0.045559,0.995916,0,0.70440,-0.46527,27.234,0.599,-1,536.350,-1,529.323,15.649,445.122,444.494,647.163,443.890,-1,-1,-1,-1,-1,851.430,-1,22.595,2,0,2,0,1,0,0,0,0,2,2,2,2,2,0,2,1
269,-5911.006,-4453.867,111.991,82.506,0.130034,-0.989848,0.057380,0.988569,0.133884,0.069323,-0.076301,0.047709,0.995943,0,0.70203,-0.47162,27.607,0.666,-1,535.154,-1,526.373,15.792,442.890,441.662,649.558,441.131,-1,-1,-1,-1,-1,846.332,-1,22.494,2,0,2,0,1,0,0,0,0,2,2,2,2,2,0,2,1
270,-5910.646,-4425.945,110.076,83.221,0.117698,-0.991323,0.058529,0.990203,0.121616,0.068615,-0.075138,0.049879,0.995925,0,0.69939,-0.47868,27.924,0.715,-1,534.050,-1,522.719,16.004,440.185,438.398,652.864,438.874,-1,-1,-1,-1,-1,838.078,-1,22.377,2,0,2,0,1,0,0,0,0,2,2,2,2,2,0,2,1
271,-5910.886,-4397.754,108.397,83.998,0.104281,-0.992768,0.059481,0.991764,0.108275,0.068419,-0.074364,0.051857,0.995882,0,0.69656,-0.48625,28.192,0.776,-1,532.704,-1,518.614,16.086,437.158,434.971,656.299,437.362,-1,-1,-1,-1,-1,828.661,-1,22.340,2,0,2,0,1,0,0,0,0,2,2,2,2,2,0,2,1
272,-5911.800,-4369.267,106.903,84.827,0.089922,-0.994191,0.059140,0.993269,0.093875,0.067853,-0.073011,0.052640,0.995941,0,0.69348,-0.49446,28.501,0.829,-1,532.200,-1,516.090,16.095,435.051,432.741,656.720,438.376,-1,-1,-1,-1,-1,823.410,-1,22.336,2,0,2,0,1,0,0,0,0,2,2,2,2,2,0,2,1
273,-5913.177,-4340.444,105.480,85.653,0.075599,-0.995489,0.057320,0.994626,0.079362,0.066492,-0.070742,0.051986,0.996139,0,0.69020,-0.50324,28.856,0.826,-1,533.358,-1,516.085,15.984,434.276,432.169,653.161,441.739,-1,-1,-1,-1,-1,822.256,-1,22.386,2,0,2,0,1,0,0,0,0,2,2,2,2,2,0,2,1
274,-5915.407,-4305.401,103.916,86.624,0.058757,-0.996801,0.054180,0.996092,0.062128,0.062780,-0.065945,0.050279,0.996556,0,0.68692,-0.51202,35.113,0.971,13.377,540.736,-1,521.025,15.903,437.085,435.112,647.023,447.454,-1,-1,-1,-1,-1,828.789,17.733,22.428,1,0,2,0,1,0,0,0,0,2,2,2,2,2,0,1,1
275,-5917.269,-4281.826,102.961,87.279,0.047385,-0.997504,0.052349,0.996931,0.050498,0.059826,-0.062321,0.049354,0.996835,0,0.68305,-0.52238,23.649,0.655,8.260,549.102,-1,525.305,15.887,439.816,438.005,643.906,451.270,-1,-1,-1,-1,-1,834.419,15.770,22.438,1,0,2,0,1,0,0,0,0,2,2,2,2,2,0,1,1
276,-5919.903,-4252.141,101.792,88.086,0.033339,-0.998185,0.050152,0.997763,0.036151,0.056240,-0.057951,0.048165,0.997157,0,0.68043,-0.52938,29.802,0.808,9.277,560.635,-1,529.089,15.996,443.226,441.415,641.563,456.240,-1,-1,-1,-1,-1,845.253,8.997,22.381,1,0,2,0,1,0,0,0,0,2,2,2,2,2,0,1,1
277,-5923.058,-4222.254,100.683,88.914,0.018920,-0.998635,0.048692,0.998410,0.021457,0.052121,-0.053094,0.047629,0.997453,0,0.67719,-0.53804,30.052,0.828,13.346,578.658,-1,535.040,15.833,448.704,446.012,641.647,460.337,-1,-1,-1,-1,-1,854.927,20.046,22.468,1,0,2,0,1,0,0,0,0,2,2,2,2,2,0,1,1
278,-5926.589,-4192.152,99.616,89.739,0.004547,-0.998863,0.047465,0.998843,0.006809,0.047604,-0.047873,0.047194,0.997738,0,0.67386,-0.54694,30.308,0.825,13.294,610.096,-1,541.934,15.672,456.091,451.847,642.301,463.516,-1,-1,-1,-1,978.141,871.034,17.113,22.576,1,0,2,0,1,0,0,0,0,2,2,2,2,1,0,1,1
279,-5930.263,-4161.814,98.565,90.501,-0.008729,-0.998907,0.045921,0.999043,-0.006743,0.043224,-0.042867,0.046255,0.998009,0,0.67054,-0.55582,30.560,0.761,13.268,640.984,-1,548.391,15.500,464.782,458.400,641.840,467.462,-1,-1,-1,-1,939.308,885.971,17.954,22.721,1,0,2,0,1,0,0,0,0,2,2,2,2,1,0,1,1
280,-5934.046,-4131.260,97.580,91.192,-0.020780,-0.998802,0.044301,0.999053,-0.019050,0.039118,-0.038227,0.045072,0.998252,0,0.66745,-0.56409,30.788,0.691,13.269,675.752,-1,556.178,15.369,473.823,465.777,641.494,471.321,-1,-1,-1,-1,902.285,902.879,20.041,22.853,1,0,2,0,1,0,0,0,0,2,2,2,2,1,0,1,1
281,-5938.011,-4100.476,96.601,91.841,-0.032105,-0.998570,0.042752,0.998929,-0.030632,0.034673,-0.033313,0.043819,0.998484,0,0.66462,-0.57166,31.038,0.649,13.280,711.507,-1,564.698,15.257,488.958,474.559,641.424,474.126,-1,-1,-1,-1,866.279,922.259,19.619,22.983,1,0,2,0,1,0,0,0,0,2,2,2,2,1,0,1,1
282,-5942.104,-4069.481,95.500,92.447,-0.042682,-0.998231,0.041394,0.998672,-0.041431,0.030624,-0.028854,0.042647,0.998673,0,0.66194,-0.57882,31.264,0.606,11.461,747.483,-1,572.011,14.980,503.402,485.990,643.283,476.525,-1,-1,-1,-1,831.363,940.520,10.732,23.395,1,0,2,0,1,0,0,0,0,2,2,2,2,1,0,1,1
283,-5946.110,-4038.273,94.335,92.959,-0.051613,-0.997885,0.039530,0.998356,-0.050568,0.026997,-0.024940,0.040858,0.998854,0,0.65941,-0.58558,31.464,0.512,8.233,773.954,-1,579.092,14.859,519.482,495.266,643.780,204.012,-1,-1,-1,-1,798.304,960.142,19.676,23.622,1,0,2,0,1,0,0,0,1,2,2,2,2,1,0,1,1
284,-5950.062,-4006.848,93.191,93.394,-0.059194,-0.997532,0.037773,0.998022,-0.058336,0.023414,-0.021153,0.039084,0.999012,0,0.65724,-0.59139,31.672,0.435,13.448,802.406,-1,588.888,14.749,535.927,508.266,645.659,285.383,-1,-1,-1,-1,766.574,978.042,24.425,23.868,1,0,2,0,1,0,0,0,1,2,2,2,2,1,0,1,1
285,-5953.983,-3975.194,91.968,93.773,-0.065799,-0.997161,0.036623,0.997681,-0.065103,0.019879,-0.017439,0.037846,0.999131,0,0.65536,-0.59643,31.897,0.379,13.495,782.182,-1,595.524,14.661,555.662,520.675,650.358,372.743,-1,-1,-1,-1,735.749,996.276,24.500,24.084,1,1,2,0,1,0,0,0,1,2,2,2,2,1,0,1,1
286,-5958.798,-3936.973,90.512,94.201,-0.073249,-0.996670,0.035812,0.997227,-0.072721,0.015834,-0.013177,0.036872,0.999233,0,0.65368,-0.60092,38.522,0.428,13.444,743.017,-1,607.882,14.757,577.677,536.282,657.508,483.488,-1,-1,-1,-1,699.228,-1,23.393,23.845,1,1,2,0,1,0,0,0,0,2,2,2,2,1,2,1,1
287,-5962.175,-3911.378,89.616,94.498,-0.078416,-0.996276,0.035841,0.996864,-0.077979,0.013432,-0.010588,0.036782,0.999267,0,0.65176,-0.60605,25.817,0.297,13.456,716.758,-1,613.595,14.734,596.217,546.284,664.334,483.275,-1,-1,-1,-1,674.764,-1,25.962,23.903,1,1,2,0,1,0,0,0,0,2,2,2,2,1,2,1,1
288,-5966.541,-3879.275,88.609,94.857,-0.084666,-0.995776,0.035523,0.996380,-0.084334,0.010747,-0.007706,0.036304,0.999311,0,0.65043,-0.60960,32.398,0.359,13.490,684.259,-1,621.683,14.669,615.063,562.331,674.666,483.782,-1,-1,-1,-1,644.393,-1,20.834,24.060,1,1,2,0,1,0,0,0,0,2,2,2,2,1,2,1,1
289,-5971.103,-3847.083,87.720,95.205,-0.090719,-0.995289,0.034218,0.995864,-0.090489,0.008221,-0.005086,0.034822,0.999381,0,0.64881,-0.61393,32.514,0.348,9.795,652.076,-1,633.718,14.712,638.341,575.742,682.195,485.829,-1,-1,-1,-1,614.173,-1,9.075,23.956,1,1,2,0,1,0,0,0,0,2,2,2,2,1,2,1,1
290,-5975.893,-3814.834,86.937,95.561,-0.096912,-0.994749,0.032888,0.995286,-0.096737,0.006883,-0.003665,0.033400,0.999435,0,0.64723,-0.61816,32.603,0.356,9.415,619.984,-1,639.358,14.619,654.784,591.513,689.687,488.272,-1,-1,-1,-1,583.937,-1,8.690,24.197,1,1,2,0,1,0,0,0,0,2,2,2,2,1,2,1,1
291,-5980.763,-3782.703,86.329,95.887,-0.102571,-0.994258,0.030496,0.994720,-0.102421,0.006444,-0.003284,0.030996,0.999514,0,0.35002,-0.21821,32.498,0.326,-1,588.654,-1,647.065,14.561,669.019,602.055,694.915,492.580,-1,-1,-1,-1,554.246,-1,-1,24.371,2,1,2,0,1,0,0,0,0,2,2,2,2,1,2,2,1
292,-5985.658,-3750.969,85.856,96.191,-0.107841,-0.993811,0.026663,0.994157,-0.107672,0.007713,-0.004795,0.027339,0.999615,0,0.34921,-0.22223,32.109,0.304,8.881,558.298,-1,651.268,14.358,676.402,608.624,696.079,498.871,-1,-1,-1,-1,525.239,-1,8.105,25.074,1,1,2,0,1,0,0,0,0,2,2,2,2,1,2,1,1
293,-5990.442,-3719.570,85.423,96.431,-0.112007,-0.993446,0.022789,0.993676,-0.111793,0.010469,-0.007853,0.023817,0.999685,0,0.34844,-0.22604,31.762,0.240,10.715,529.127,-1,648.593,14.359,671.760,612.478,697.788,504.724,-1,-1,-1,-1,497.287,-1,9.777,25.077,1,1,2,0,1,0,0,0,0,2,2,2,2,1,2,1,1
294,-5995.168,-3688.452,84.934,96.636,-0.115550,-0.993116,0.019200,0.993231,-0.115290,0.014127,-0.011816,0.020702,0.999716,0,0.34779,-0.22920,31.475,0.205,-1,500.633,-1,643.261,14.330,663.759,609.987,701.571,509.651,-1,-1,-1,-1,469.993,-1,12.539,25.192,2,1,2,0,1,0,0,0,0,2,2,2,2,1,2,1,1
295,-5999.867,-3657.550,84.417,96.814,-0.118625,-0.992827,0.014947,0.992822,-0.118367,0.017122,-0.015230,0.016871,0.999742,0,0.34723,-0.23200,31.257,0.178,-1,472.513,-1,639.264,14.119,656.879,605.896,702.652,515.581,-1,-1,-1,-1,443.094,-1,-1,26.253,2,1,2,0,1,0,0,0,0,2,2,2,2,1,2,2,1
296,-6004.347,-3626.799,83.804,96.920,-0.120465,-0.992668,0.009896,0.992548,-0.120254,0.019678,-0.018344,0.012192,0.999757,0,0.34671,-0.23453,31.075,0.107,-1,445.276,-1,636.077,14.063,650.288,602.178,700.774,522.240,-1,-1,-1,-1,417.040,1005.929,-1,26.604,2,1,2,0,1,0,0,0,0,2,2,2,2,1,0,2,1
297,-6008.649,-3596.310,83.100,96.973,-0.121375,-0.992593,0.005250,0.992350,-0.121222,0.023365,-0.022556,0.008046,0.999713,0,0.34635,-0.23634,30.791,0.053,-1,794.490,-1,628.163,14.038,641.397,595.455,700.623,526.595,-1,-1,-1,-1,391.759,987.091,-1,26.771,2,0,2,0,1,0,0,0,0,2,2,2,2,1,0,2,1
298,-6012.845,-3566.079,82.271,96.996,-0.121751,-0.992561,-0.000120,0.992176,-0.121707,0.027838,-0.027646,0.003270,0.999612,0,0.34609,-0.23761,30.521,0.023,204.724,773.482,-1,617.559,14.026,626.551,586.576,699.053,531.772,-1,-1,-1,-1,366.936,964.837,229.682,26.856,1,0,2,0,1,0,0,0,0,2,2,2,2,1,0,1,1
299,-6016.947,-3536.090,81.355,96.992,-0.121671,-0.992548,-0.006616,0.992008,-0.121824,0.032851,-0.033412,-0.002567,0.999438,0,0.34590,-0.23856,30.268,-0.003,181.390,750.169,-1,606.088,13.843,609.942,573.292,692.201,538.631,-1,-1,-1,-1,342.312,940.031,203.506,28.434,1,0,2,0,1,0,0,0,0,2,2,2,2,1,0,1,1
300,-6020.820,-3506.372,80.395,96.931,-0.120572,-0.992614,-0.013441,0.991877,-0.121013,0.039190,-0.040527,-0.008606,0.999141,0,0.34576,-0.23925,29.969,-0.062,158.412,723.927,-1,591.962,13.822,591.281,557.031,683.906,544.468,-1,-1,-1,-1,-1,910.103,177.775,28.655,1,0,2,0,1,0,0,0,0,2,2,2,2,2,0,1,1
301,-6024.532,-3476.838,79.430,96.830,-0.118780,-0.992708,-0.020565,0.991745,-0.119621,0.046189,-0.048313,-0.014909,0.998721,0,0.34574,-0.23935,29.767,-0.101,135.727,696.060,-1,576.400,13.816,571.928,539.989,675.265,550.171,-1,-1,-1,-1,-1,878.638,154.116,28.732,1,0,2,0,1,0,0,0,0,2,2,2,2,2,0,1,1
302,-6028.179,-3447.462,78.490,96.709,-0.116636,-0.992768,-0.028427,0.991600,-0.118015,0.052935,-0.055907,-0.022014,0.998193,0,0.34580,-0.23904,29.601,-0.121,113.258,669.225,-1,561.830,13.786,553.301,523.801,665.665,557.883,-1,-1,-1,-1,-1,849.882,130.943,29.084,1,0,2,0,1,0,0,0,0,2,2,2,2,2,0,1,1
303,-6031.688,-3418.245,77.621,96.559,-0.113997,-0.992794,-0.036943,0.991449,-0.116062,0.059658,-0.063516,-0.029826,0.997535,0,0.34590,-0.23853,29.428,-0.149,91.085,643.147,-1,547.891,13.683,535.134,508.145,648.974,567.535,-1,-1,-1,-1,-1,822.850,108.106,30.524,1,0,2,0,1,0,0,0,0,2,2,2,2,2,0,1,1
304,-6034.922,-3389.178,76.844,96.353,-0.110367,-0.992848,-0.045514,0.991312,-0.113261,0.066873,-0.071550,-0.037738,0.996723,0,0.34606,-0.23774,29.246,-0.206,8.302,617.409,-1,533.350,13.606,517.059,492.233,632.541,577.775,-1,-1,-1,-1,-1,795.240,24.631,31.948,1,0,2,0,1,0,0,0,0,2,2,2,2,2,0,1,1
305,-6037.874,-3360.176,76.112,96.085,-0.105678,-0.992906,-0.054489,0.991246,-0.109546,0.073690,-0.079136,-0.046224,0.995791,0,0.34634,-0.23636,29.152,-0.267,14.536,592.658,-1,519.850,13.569,500.153,477.254,614.551,589.834,-1,-1,-1,-1,1005.064,770.319,24.443,32.779,1,0,2,0,1,0,0,0,0,2,2,2,2,0,0,1,1
306,-6038.415,-3340.204,77.187,96.756,-0.117090,-0.991198,-0.061779,0.988357,-0.122389,0.090399,-0.097164,-0.050475,0.993988,0,0.34675,-0.23436,19.979,0.671,14.569,559.340,-1,496.760,13.542,475.855,455.749,606.169,596.163,-1,-1,-1,-1,904.376,722.666,24.344,33.436,1,0,2,0,1,0,0,0,0,2,2,2,2,0,0,1,1
307,-6032.304,-3331.695,82.420,99.005,-0.155291,-0.984851,-0.077159,0.979961,-0.163441,0.113854,-0.124740,-0.057933,0.990497,0,0.34531,-0.24146,10.476,2.248,15.656,523.526,-1,475.735,13.290,450.880,435.631,589.705,620.457,-1,-1,-1,-1,802.304,676.112,22.589,38.951,1,0,2,0,1,0,0,0,0,2,2,2,2,0,0,1,1
308,-6026.994,-3327.245,85.892,100.620,-0.182476,-0.978918,-0.091773,0.973126,-0.193150,0.125377,-0.140460,-0.066428,0.987855,0,0.34077,-0.26383,6.928,1.616,16.537,502.661,-1,467.761,14.073,438.192,426.748,569.327,646.890,-1,-1,-1,-1,749.558,657.812,22.213,31.794,1,0,2,0,1,0,0,0,0,2,2,2,2,0,0,1,1
309,-6020.487,-3321.085,89.812,102.489,-0.213699,-0.971123,-0.106075,0.964834,-0.226825,0.132836,-0.153060,-0.073958,0.985445,0,0.33753,-0.27984,8.960,1.868,18.157,488.500,-1,465.264,19.218,430.691,422.671,553.508,672.599,-1,-1,-1,-1,718.443,649.142,22.363,19.828,1,0,2,0,1,0,0,0,0,2,2,2,2,0,0,1,1
310,-6014.398,-3314.348,93.093,104.086,-0.240313,-0.964080,-0.113137,0.957687,-0.254494,0.134416,-0.158381,-0.076048,0.984445,0,0.33378,-0.29835,9.081,1.598,18.448,486.159,-1,468.161,906.510,431.054,424.641,551.185,682.461,-1,-1,-1,-1,713.804,651.021,22.450,826.309,1,0,2,0,0,0,0,0,0,2,2,2,2,0,0,1,0
311,-6008.958,-3307.134,95.481,105.565,-0.264964,-0.957647,-0.112720,0.951230,-0.278743,0.132152,-0.157975,-0.072207,0.984800,0,0.33057,-0.31418,9.035,1.479,18.686,492.705,-1,474.381,914.896,437.261,430.877,561.430,673.368,-1,-1,-1,-1,729.661,659.359,22.530,839.763,1,0,2,0,0,0,0,0,0,2,2,2,2,0,0,1,0
312,-6003.770,-3299.644,96.831,106.934,-0.287795,-0.951547,-0.108320,0.945199,-0.300427,0.127837,-0.154185,-0.065593,0.985862,0,0.32759,-0.32886,9.112,1.369,18.665,503.398,-1,481.317,928.054,445.880,438.888,576.203,654.604,-1,-1,-1,-1,762.354,670.746,22.523,855.314,1,0,2,0,0,0,0,0,0,2,2,2,2,0,0,1,0
313,-5998.645,-3291.980,96.997,108.205,-0.308947,-0.945551,-0.102403,0.939388,-0.320205,0.122552,-0.148669,-0.058334,0.987165,0,0.32483,-0.34246,9.220,1.271,44.707,516.144,-1,487.600,939.931,453.338,446.707,588.819,631.496,-1,-1,-1,-1,796.816,681.255,22.352,878.044,1,0,2,0,0,0,0,0,0,2,2,2,2,0,0,1,0
314,-5993.569,-3284.175,95.876,109.421,-0.329124,-0.939392,-0.096025,0.933504,-0.339002,0.116820,-0.142292,-0.051191,0.988500,0,0.32227,-0.35508,9.310,1.216,45.865,528.161,-1,492.752,948.624,459.788,452.902,597.630,605.948,-1,-1,-1,-1,838.833,690.353,113.559,898.515,1,0,2,0,0,0,0,0,0,2,2,2,2,0,0,1,0
315,-5988.409,-3276.306,93.477,110.544,-0.347697,-0.933286,-0.089905,0.927763,-0.356320,0.110866,-0.135505,-0.044863,0.989760,0,0.59514,-0.73801,9.410,1.123,47.025,538.061,-1,496.278,955.561,465.001,456.558,601.537,580.403,-1,-1,-1,-1,880.299,697.724,113.314,917.179,1,0,2,0,0,0,0,0,0,2,2,2,2,0,0,1,0
316,-5983.404,-3268.410,89.788,111.563,-0.364495,-0.927513,-0.082847,0.922339,-0.371841,0.105002,-0.128196,-0.038140,0.991015,0,0.59094,-0.74916,9.348,1.019,108.132,546.575,-1,497.753,956.768,469.144,458.319,602.805,551.429,-1,-1,-1,-1,926.135,702.712,113.133,930.940,1,0,2,0,0,0,0,0,0,2,2,2,2,0,0,1,0
317,-5978.187,-3260.290,84.926,112.439,-0.378949,-0.922199,-0.077111,0.917637,-0.385238,0.097642,-0.119752,-0.033759,0.992230,0,0.58712,-0.75928,9.652,0.876,108.639,552.945,-1,499.020,17.884,472.337,459.503,594.979,525.402,-1,-1,-1,-1,975.305,709.108,113.191,18.691,1,0,2,0,1,0,0,0,0,2,2,2,2,0,0,1,1
318,-5972.828,-3251.911,79.239,113.112,-0.390225,-0.917784,-0.073462,0.914336,-0.395663,0.086259,-0.108233,-0.033509,0.993561,0,0.58385,-0.76795,9.946,0.673,109.071,560.879,-1,504.043,27.130,477.605,463.146,575.466,506.555,-1,-1,-1,-1,-1,724.744,113.254,28.304,1,0,2,0,1,0,0,0,0,2,2,2,2,2,0,1,1
319,-5968.358,-3243.123,72.959,113.637,-0.399272,-0.914442,-0.066171,0.912280,-0.403436,0.070601,-0.091256,-0.032177,0.995307,0,0.58134,-0.77460,9.859,0.525,17.872,580.746,-1,515.476,31.869,488.323,472.474,559.246,485.090,-1,-1,-1,-1,-1,754.252,12.518,33.106,1,0,2,0,1,0,0,0,0,2,2,2,2,2,0,1,1
320,-5966.060,-3235.079,66.908,113.652,-0.400070,-0.915234,-0.047870,0.913477,-0.402441,0.060015,-0.074193,-0.019718,0.997049,0,0.57937,-0.77982,8.366,0.014,105.276,608.165,-1,521.603,17.981,500.790,480.749,576.221,446.401,-1,-1,-1,-1,-1,773.240,109.034,41.826,1,0,2,0,1,0,0,0,0,2,2,2,2,2,0,1,1
321,-5964.815,-3229.187,62.132,113.689,-0.401037,-0.915790,-0.022331,0.914059,-0.401652,0.056318,-0.060545,0.002174,0.998163,0,0.57930,-0.78001,6.022,0.037,17.264,642.431,-1,521.521,16.882,513.780,487.172,625.704,399.542,-1,-1,-1,-1,-1,777.471,22.192,50.034,1,0,2,0,1,0,0,0,0,2,2,2,2,2,0,1,1
322,-5963.861,-3225.400,60.117,113.812,-0.403253,-0.915083,0.003276,0.913758,-0.402471,0.055342,-0.049324,0.025310,0.998462,0,0.57914,-0.78044,3.906,0.123,17.440,688.971,-1,523.643,18.467,531.368,496.447,691.366,362.145,-1,-1,-1,-1,-1,782.728,22.211,54.785,1,0,2,0,1,0,0,0,0,2,2,2,2,2,0,1,1
323,-5962.926,-3222.487,61.275,113.819,-0.403498,-0.914785,0.018887,0.914044,-0.402065,0.053551,-0.041393,0.038871,0.998387,0,0.57866,-0.78170,3.059,0.006,17.484,730.764,-1,531.460,18.979,548.985,508.475,745.892,347.305,-1,-1,-1,-1,-1,799.340,22.217,54.998,1,0,2,0,1,0,0,0,0,2,2,2,2,2,0,1,1
324,-5962.309,-3219.855,64.912,113.763,-0.402702,-0.914976,0.025500,0.914635,-0.401153,0.050189,-0.035692,0.043534,0.998414,0,0.57863,-0.78178,2.703,-0.055,17.473,766.672,-1,545.145,18.837,566.794,522.722,778.452,349.730,-1,-1,-1,-1,-1,827.483,22.216,50.950,1,0,2,0,1,0,0,0,0,2,2,2,2,2,0,1,1
325,-5962.122,-3217.223,70.005,113.671,-0.401296,-0.915560,0.026673,0.915422,-0.399908,0.045570,-0.031055,0.042705,0.998605,0,0.57883,-0.78125,2.639,-0.092,17.464,800.578,-1,562.871,18.711,584.527,538.908,795.963,362.343,-1,-1,-1,-1,-1,864.419,22.215,43.091,1,0,2,0,1,0,0,0,0,2,2,2,2,2,0,1,1
326,-5962.368,-3214.445,75.494,113.572,-0.399759,-0.916237,0.026488,0.916241,-0.398596,0.040289,-0.026357,0.040375,0.998837,0,0.57916,-0.78037,2.789,-0.100,17.505,842.573,-1,582.797,19.217,603.444,556.398,809.849,377.909,-1,-1,-1,-1,-1,909.319,22.221,29.882,1,0,2,0,1,0,0,0,0,2,2,2,2,2,0,1,1
327,-5962.924,-3211.434,80.555,113.482,-0.398378,-0.916806,0.027618,0.916989,-0.397418,0.034488,-0.020643,0.039064,0.999023,0,0.57952,-0.77944,3.062,-0.090,17.614,890.821,-1,603.639,-1,624.882,575.948,825.967,391.349,-1,-1,-1,-1,-1,963.470,22.238,-1,1,0,2,0,2,0,0,0,0,2,2,2,2,2,0,1,2
328,-5963.709,-3208.159,84.866,113.417,-0.397381,-0.917140,0.030698,0.917565,-0.396654,0.027202,-0.012772,0.038977,0.999159,0,0.57982,-0.77862,3.368,-0.066,17.811,951.806,-1,626.818,-1,649.174,598.282,844.330,401.684,-1,-1,-1,-1,-1,-1,22.277,-1,1,0,2,0,2,0,0,0,0,2,2,2,2,2,2,1,2
329,-5964.666,-3204.654,88.354,113.381,-0.396838,-0.917204,0.035456,0.917884,-0.396421,0.018405,-0.002825,0.039849,0.999202,0,0.58003,-0.77806,3.634,-0.036,18.102,-1,-1,652.551,-1,677.196,623.442,864.242,408.936,-1,-1,-1,-1,-1,-1,22.347,-1,1,2,2,0,2,0,0,0,0,2,2,2,2,2,2,1,2
330,-5965.774,-3200.892,91.046,113.339,-0.396159,-0.917271,0.040898,0.918142,-0.396164,0.008331,0.008561,0.040851,0.999129,0,0.58013,-0.77782,3.922,-0.042,18.485,-1,-1,680.216,-1,710.143,650.237,882.677,414.282,-1,-1,-1,-1,-1,-1,22.462,-1,1,2,2,0,2,0,0,0,0,2,2,2,2,2,2,1,2
331,-5966.681,-3196.917,93.051,113.211,-0.394042,-0.918008,0.044641,0.918874,-0.394543,-0.002658,0.020053,0.039972,0.999000,0,0.58024,-0.77752,4.077,-0.128,9.123,-1,-1,709.377,-1,740.859,677.667,892.034,420.754,-1,-1,-1,-1,-1,-1,22.526,-1,1,2,2,0,2,0,0,0,0,2,2,2,2,2,2,1,2
332,-5966.793,-3193.012,94.613,112.902,-0.388973,-0.920119,0.045611,0.920758,-0.389906,-0.013376,0.030092,0.036794,0.998870,0,0.58068,-0.77636,3.907,-0.310,18.670,-1,-1,735.973,-1,768.419,700.907,892.966,429.523,-1,-1,-1,-1,-1,-1,22.524,-1,1,2,2,0,2,0,0,0,0,2,2,2,2,2,2,1,2
333,-5966.523,-3189.270,96.000,112.525,-0.382790,-0.922638,0.047011,0.922997,-0.384114,-0.023066,0.039339,0.034562,0.998628,0,0.58182,-0.77334,3.751,-0.377,18.663,-1,-1,760.311,-1,796.741,722.203,897.008,436.599,-1,-1,-1,-1,-1,-1,22.521,-1,1,2,2,0,2,0,0,0,0,2,2,2,2,2,2,1,2
334,-5966.074,-3185.695,97.413,112.157,-0.376709,-0.924979,0.050040,0.925099,-0.378444,-0.031171,0.047770,0.034550,0.998261,0,0.58321,-0.76963,3.603,-0.368,18.659,-1,-1,783.046,-1,821.275,743.058,908.604,440.433,-1,-1,-1,-1,-1,-1,22.520,-1,1,2,2,0,2,0,0,0,0,2,2,2,2,2,2,1,2
335,-5965.467,-3182.235,98.942,111.808,-0.370926,-0.927071,0.054343,0.927014,-0.373118,-0.037790,0.055310,0.036360,0.997807,0,0.58459,-0.76600,3.513,-0.349,18.657,-1,-1,804.465,-1,845.007,762.436,927.087,441.737,-1,-1,-1,-1,-1,-1,22.519,-1,1,2,2,0,2,0,0,0,0,2,2,2,2,2,2,1,2
336,-5964.809,-3178.783,100.594,111.481,-0.365484,-0.928920,0.059407,0.928737,-0.368188,-0.043413,0.062200,0.039307,0.997289,0,0.58589,-0.76255,3.515,-0.327,18.655,-1,-1,824.440,-1,872.254,781.083,950.522,441.558,-1,-1,-1,-1,-1,-1,22.519,-1,1,2,2,0,2,0,0,0,0,2,2,2,2,2,2,1,2
337,-5964.164,-3175.238,102.324,111.165,-0.360209,-0.930647,0.064385,0.930345,-0.363453,-0.048583,0.068615,0.042401,0.996742,0,0.58711,-0.75932,3.603,-0.316,18.653,-1,-1,843.760,-1,899.159,799.269,975.268,441.287,-1,-1,-1,-1,-1,-1,22.518,-1,1,2,2,0,2,0,0,0,0,2,2,2,2,2,2,1,2
338,-5963.554,-3171.536,104.079,110.845,-0.354839,-0.932409,0.068571,0.931933,-0.358615,-0.053814,0.074768,0.044808,0.996194,0,0.58828,-0.75620,3.752,-0.321,18.653,-1,-1,863.461,-1,923.662,817.320,997.981,442.043,-1,-1,-1,-1,-1,-1,22.518,-1,1,2,2,0,2,0,0,0,0,2,2,2,2,2,2,1,2
339,-5962.984,-3167.631,105.824,110.514,-0.349282,-0.934273,0.071669,0.933517,-0.353564,-0.059496,0.080925,0.046123,0.995652,0,0.58948,-0.75303,3.946,-0.331,18.653,-1,-1,887.139,-1,949.748,838.079,-1,444.357,-1,-1,993.979,-1,-1,-1,22.519,-1,1,2,2,0,2,0,0,2,0,2,2,0,2,2,2,1,2
340,-5962.461,-3163.591,107.533,110.177,-0.343610,-0.936206,0.073828,0.935064,-0.348362,-0.065571,0.087107,0.046503,0.995113,0,0.47354,-0.30080,4.073,-0.337,18.653,-1,-1,913.552,-1,977.432,859.323,-1,447.954,-1,972.992,953.901,-1,-1,-1,22.518,-1,1,2,2,0,2,0,0,2,0,2,0,0,2,2,2,1,2
341,-5961.965,-3159.538,109.176,109.840,-0.337920,-0.938160,0.075273,0.936550,-0.343101,-0.071804,0.093189,0.046233,0.994574,0,0.47454,-0.29748,4.084,-0.337,18.653,-1,-1,941.078,-1,1004.948,880.718,-1,452.362,-1,924.772,911.899,-1,-1,-1,22.518,-1,1,2,2,0,2,0,0,2,0,2,0,0,2,2,2,1,2
342,-5961.466,-3155.467,110.740,109.495,-0.332067,-0.940170,0.076239,0.938005,-0.337655,-0.078332,0.099388,0.045502,0.994008,0,0.47554,-0.29417,4.101,-0.345,18.654,-1,-1,970.366,-1,-1,902.852,-1,457.424,-1,880.929,871.443,-1,-1,-1,22.519,-1,1,2,2,0,2,2,0,2,0,2,0,0,2,2,2,1,2
343,-5960.944,-3151.375,112.223,109.138,-0.325997,-0.942232,0.076979,0.939429,-0.331987,-0.085196,0.105830,0.044543,0.993386,0,0.47657,-0.29077,4.125,-0.357,18.653,-1,-1,1003.397,-1,-1,927.849,-1,462.969,-1,836.406,832.764,-1,-1,-1,22.518,-1,1,2,2,0,2,2,0,2,0,2,0,0,2,2,2,1,2
344,-5960.386,-3147.255,113.632,108.768,-0.319695,-0.944333,0.077659,0.940817,-0.326097,-0.092330,0.112515,0.043546,0.992695,0,0.47764,-0.28725,4.157,-0.370,18.653,-1,-1,-1,-1,-1,956.403,-1,468.478,-1,795.288,792.333,-1,-1,-1,22.517,-1,1,2,2,2,2,2,0,2,0,2,0,0,2,2,2,1,2
345,-5959.807,-3143.052,114.946,108.388,-0.313206,-0.946486,0.077881,0.942193,-0.319969,-0.099459,0.119056,0.042228,0.991989,0,0.47874,-0.28361,4.243,-0.380,18.637,-1,-1,-1,-1,-1,984.873,-1,474.314,-1,755.202,754.453,-1,-1,-1,22.512,-1,1,2,2,2,2,2,0,2,0,2,0,0,2,2,2,1,2
346,-5959.211,-3138.681,116.092,107.980,-0.306280,-0.948842,0.076760,0.943749,-0.313212,-0.105997,0.124617,0.039977,0.991399,0,0.47987,-0.27987,4.411,-0.408,18.659,-1,-1,-1,-1,-1,-1,-1,481.251,-1,720.514,724.305,-1,-1,-1,22.520,-1,1,2,2,2,2,2,2,2,0,2,0,0,2,2,2,1,2
347,-5958.572,-3134.120,117.019,107.524,-0.298604,-0.951491,0.074167,0.945664,-0.305460,-0.111414,0.128664,0.036869,0.991003,0,0.48109,-0.27584,4.605,-0.456,18.653,-1,-1,-1,-1,-1,-1,-1,489.071,-1,696.075,702.634,-1,-1,-1,22.518,-1,1,2,2,2,2,2,2,2,0,2,0,0,2,2,2,1,2
348,-5957.895,-3129.309,117.666,107.025,-0.290256,-0.954361,0.070327,0.947928,-0.296809,-0.115487,0.131090,0.033144,0.990816,0,0.48245,-0.27134,4.858,-0.499,8.320,-1,-1,-1,-1,-1,-1,-1,497.252,-1,681.629,688.724,-1,-1,-1,22.518,-1,1,2,2,2,2,2,2,2,0,2,0,0,2,2,2,1,2
349,-5957.199,-3124.191,117.960,106.490,-0.281365,-0.957359,0.065558,0.950495,-0.287433,-0.118077,0.131885,0.029090,0.990838,0,0.48394,-0.26641,5.165,-0.535,17.085,-1,-1,-1,-1,-1,-1,-1,505.127,-1,675.261,684.737,-1,-1,-1,11.760,-1,1,2,2,2,2,2,2,2,0,2,0,0,2,2,2,1,2
350,-5956.466,-3118.819,117.728,105.939,-0.272260,-0.960383,0.059491,0.953338,-0.277613,-0.118650,0.130465,0.024411,0.991152,0,0.48554,-0.26113,5.422,-0.551,-1,-1,-1,-1,-1,-1,-1,-1,512.584,-1,679.036,693.600,-1,-1,-1,-1,-1,2,2,2,2,2,2,2,2,0,2,0,0,2,2,2,2,2
351,-5955.616,-3112.197,116.502,105.286,-0.261565,-0.963843,0.050906,0.957026,-0.265836,-0.115901,0.125242,0.018403,0.991955,0,0.48718,-0.25569,6.676,-0.652,-1,-1,-1,-1,-1,-1,973.797,261.516,519.640,-1,700.059,723.230,-1,-1,-1,-1,-1,2,2,2,2,2,2,0,1,0,2,0,0,2,2,2,2,2
352,-5955.094,-3107.665,115.074,104.859,-0.254596,-0.965994,0.045138,0.959594,-0.258142,-0.111987,0.119831,0.014803,0.992684,0,0.48913,-0.24925,4.561,-0.427,-1,-1,-1,-1,-1,-1,939.927,252.870,521.914,-1,724.238,751.609,-1,-1,-1,-1,-1,2,2,2,2,2,2,0,1,0,2,0,0,2,2,2,2,2
353,-5954.495,-3101.859,112.586,104.340,-0.246145,-0.968471,0.038418,0.962860,-0.248873,-0.104705,0.110965,0.011219,0.993761,0,0.49040,-0.24504,5.837,-0.519,-1,-1,-1,-1,-1,985.088,889.758,242.146,521.031,-1,768.869,801.985,-1,-1,-1,-1,-1,2,2,2,2,2,0,0,1,0,2,0,0,2,2,2,2,2
354,-5953.945,-3095.928,109.348,103.846,-0.238127,-0.970682,0.032737,0.966131,-0.240192,-0.094332,0.099430,0.009165,0.995002,0,0.49195,-0.23994,5.956,-0.494,-1,-1,-1,976.862,-1,917.411,834.482,231.674,514.999,-1,833.600,871.925,-1,-1,-1,-1,-1,2,2,2,0,2,0,0,1,0,2,0,0,2,2,2,2,2
355,-5953.410,-3089.898,105.403,103.390,-0.230739,-0.972611,0.028042,0.969308,-0.232278,-0.080552,0.084859,0.008595,0.996356,0,0.49341,-0.23509,6.054,-0.456,-1,-1,-1,900.284,-1,845.313,778.608,221.523,503.964,-1,928.433,973.847,-1,-1,-1,-1,-1,2,2,2,0,2,0,0,1,0,2,0,0,2,2,2,2,2
356,-5952.877,-3083.729,100.743,102.966,-0.223867,-0.974324,0.023988,0.972284,-0.224966,-0.063666,0.067428,0.009070,0.997683,0,0.49476,-0.23062,6.192,-0.423,-1,-1,-1,819.269,-1,776.789,718.070,211.473,488.831,-1,-1,-1,-1,-1,-1,-1,-1,2,2,2,0,2,0,0,1,0,2,2,2,2,2,2,2,2
357,-5952.351,-3077.403,95.354,102.566,-0.217318,-0.975891,0.020226,0.974954,-0.218020,-0.043946,0.047296,0.010169,0.998829,0,0.49602,-0.22648,6.348,-0.400,-1,-1,-1,739.028,-1,708.673,657.166,201.286,470.473,-1,-1,-1,-1,-1,-1,-1,-1,2,2,2,0,2,0,0,1,0,2,2,2,2,2,2,2,2
358,-5951.866,-3070.893,89.206,102.189,-0.211080,-0.977332,0.016377,0.977154,-0.211407,-0.021822,0.024790,0.011397,0.999628,0,0.49720,-0.22257,6.529,-0.376,-1,-1,-1,660.675,-1,643.234,596.600,190.778,449.664,-1,-1,-1,-1,-1,-1,-1,-1,2,2,2,0,2,0,0,1,0,2,2,2,2,2,2,2,2
359,-5952.082,-3064.108,82.306,102.002,-0.207943,-0.978031,0.014647,0.978141,-0.207930,0.002415,0.000684,0.014829,0.999890,0,0.49830,-0.21891,6.788,-0.188,-1,863.105,-1,589.266,-1,583.235,537.760,182.623,422.895,-1,-1,-1,-1,-1,-1,-1,-1,2,0,2,0,2,0,0,1,0,2,2,2,2,2,2,2,2
360,-5952.647,-3056.933,75.036,101.893,-0.206035,-0.978491,0.010288,0.978255,-0.205706,0.026508,-0.023821,0.015526,0.999596,0,0.47768,-0.55790,7.197,-0.108,-1,738.780,-1,524.001,13.270,526.725,484.122,174.637,400.161,-1,-1,-1,-1,-1,862.304,-1,43.493,2,0,2,0,1,0,0,1,0,2,2,2,2,2,0,2,1
361,-5953.628,-3049.013,68.557,101.747,-0.203407,-0.979091,-0.002458,0.978148,-0.203320,0.043438,-0.043030,0.006431,0.999053,0,0.47795,-0.55699,7.981,-0.146,-1,651.840,-1,481.297,13.284,483.399,444.425,176.665,395.122,-1,-1,-1,-1,-1,760.088,-1,54.451,2,0,2,0,1,0,0,1,0,2,2,2,2,2,0,2,1
362,-5955.208,-3040.368,63.267,101.538,-0.199693,-0.979610,-0.022071,0.978227,-0.200609,0.053173,-0.056517,-0.010972,0.998341,0,0.47831,-0.55572,8.788,-0.210,-1,588.325,-1,455.910,13.268,450.853,417.239,188.586,406.561,-1,-1,-1,-1,-1,706.321,-1,58.708,2,0,2,0,1,0,0,1,0,2,2,2,2,2,0,2,1
363,-5957.390,-3031.184,59.429,101.294,-0.195433,-0.979643,-0.045896,0.978564,-0.197890,0.057034,-0.064955,-0.033766,0.997317,0,0.47885,-0.55387,9.440,-0.244,-1,541.836,-1,443.865,13.268,427.744,400.412,200.707,434.564,-1,-1,-1,-1,-1,686.763,-1,60.638,2,0,2,0,1,0,0,1,0,2,2,2,2,2,0,2,1
364,-5960.138,-3021.562,57.151,101.078,-0.191668,-0.978887,-0.071024,0.978920,-0.195873,0.057866,-0.070556,-0.058436,0.995795,0,0.47948,-0.55171,10.007,-0.216,-1,508.178,-1,440.207,13.347,411.342,390.899,212.871,475.859,-1,-1,-1,-1,953.705,684.475,-1,58.531,2,0,2,0,1,0,0,1,0,2,2,2,2,0,0,2,1
365,-5963.081,-3011.568,56.358,100.841,-0.187530,-0.977539,-0.096181,0.979283,-0.193680,0.059105,-0.076406,-0.083105,0.993607,0,0.48001,-0.54986,10.418,-0.237,-1,481.565,-1,439.219,14.908,397.509,383.972,204.315,528.972,-1,-1,-1,-1,849.004,687.112,-1,53.475,2,0,2,0,1,0,0,1,0,2,2,2,2,0,0,2,1
366,-5965.773,-3001.397,56.908,100.487,-0.181344,-0.975988,-0.120674,0.979691,-0.189967,0.064176,-0.085560,-0.106585,0.990615,0,0.48060,-0.54782,10.521,-0.354,-1,454.385,-1,435.308,46.088,382.248,375.201,189.269,595.138,-1,-1,-1,-1,751.100,681.231,-1,47.494,2,0,2,0,1,0,0,1,0,2,2,2,2,0,0,2,1
367,-5967.792,-2991.371,58.978,99.974,-0.172373,-0.974786,-0.141700,0.980166,-0.184018,0.073561,-0.097781,-0.126210,0.987173,0,0.48154,-0.54460,10.228,-0.513,18.161,428.768,-1,427.960,41.656,366.614,364.881,173.458,670.747,-1,-1,-1,-1,672.735,664.342,22.363,42.980,1,0,2,0,1,0,0,1,0,2,2,2,2,0,0,1,1
368,-5969.210,-2981.585,62.580,99.452,-0.163191,-0.974144,-0.156246,0.980260,-0.178015,0.086034,-0.111624,-0.139122,0.983964,0,0.48294,-0.53976,9.888,-0.522,18.066,408.383,-1,418.631,38.409,353.197,354.873,157.773,738.177,-1,-1,-1,-1,616.513,641.898,22.338,39.530,1,0,2,0,1,0,0,1,0,2,2,2,2,0,0,1,1
369,-5970.325,-2971.570,67.023,98.937,-0.154146,-0.974159,-0.165088,0.980264,-0.171713,0.097961,-0.123777,-0.146730,0.981402,0,0.48437,-0.53480,10.077,-0.515,18.173,394.591,-1,411.309,33.817,343.969,347.769,141.558,793.589,-1,-1,-1,-1,581.463,623.560,22.367,34.901,1,0,2,0,1,0,0,1,0,2,2,2,2,0,0,1,1
370,-5971.193,-2961.027,71.455,98.432,-0.145364,-0.974482,-0.171040,0.980587,-0.164898,0.106102,-0.131599,-0.152297,0.979534,0,0.48580,-0.52989,10.579,-0.504,18.669,387.407,-1,409.064,25.768,339.566,345.079,124.969,844.376,-1,-1,-1,-1,562.960,616.750,22.523,26.941,1,0,2,0,1,0,0,1,0,2,2,2,2,0,0,1,1
371,-5971.542,-2950.103,75.270,97.864,-0.135566,-0.974867,-0.176792,0.981512,-0.156479,0.110222,-0.135116,-0.158581,0.978057,0,0.48718,-0.52510,10.929,-0.568,18.657,383.910,-1,411.569,-1,338.155,345.695,108.569,897.764,-1,-1,-1,-1,553.536,621.119,22.519,-1,1,0,2,0,2,0,0,1,0,2,2,2,2,0,0,1,2
372,-5971.378,-2938.941,78.248,97.225,-0.124600,-0.975309,-0.182337,0.982898,-0.146442,0.111649,-0.135594,-0.165307,0.976877,0,0.48876,-0.51965,11.163,-0.639,18.654,382.057,-1,417.069,-1,338.079,347.853,92.599,956.769,-1,-1,-1,-1,548.482,633.442,22.518,-1,1,0,2,0,2,0,0,1,0,2,2,2,2,0,0,1,2
373,-5970.531,-2927.770,80.446,96.488,-0.111976,-0.975699,-0.188345,0.984666,-0.134461,0.111147,-0.133770,-0.173011,0.975793,0,0.49055,-0.51347,11.203,-0.737,18.653,380.696,-1,424.377,-1,338.558,350.897,400.538,-1,-1,-1,-1,-1,545.019,651.854,22.518,-1,1,0,2,0,2,0,0,0,2,2,2,2,2,0,0,1,2
374,-5969.224,-2916.493,81.810,95.688,-0.098274,-0.976104,-0.193812,0.986730,-0.120871,0.108418,-0.129253,-0.180585,0.975029,0,0.49263,-0.50628,11.353,-0.800,18.653,380.757,-1,433.718,-1,340.154,355.155,396.034,-1,-1,-1,-1,-1,545.117,676.699,22.518,-1,1,0,2,0,2,0,0,0,2,2,2,2,2,0,0,1,2
375,-5967.575,-2905.021,82.333,94.863,-0.084143,-0.976567,-0.198082,0.988999,-0.106118,0.103056,-0.121661,-0.187231,0.974753,0,0.49490,-0.49844,11.589,-0.825,18.653,383.129,-1,445.863,-1,343.404,360.934,391.574,-1,-1,-1,-1,-1,550.588,709.733,22.518,-1,1,0,2,0,2,0,0,0,2,2,2,2,2,0,0,1,2
376,-5965.509,-2893.356,82.056,94.038,-0.069977,-0.976991,-0.201475,0.991356,-0.090579,0.094911,-0.110977,-0.193092,0.974884,0,0.49725,-0.49035,11.847,-0.825,18.653,387.993,-1,461.590,-1,348.542,369.064,387.680,-1,-1,-1,-1,-1,562.060,754.383,22.519,-1,1,0,2,0,2,0,0,0,2,2,2,2,2,0,0,1,2
377,-5962.757,-2881.712,81.175,93.201,-0.055565,-0.977257,-0.204651,0.993697,-0.074114,0.084109,-0.097364,-0.198687,0.975215,0,0.49960,-0.48223,11.965,-0.837,18.654,395.058,-1,482.009,-1,355.796,380.389,383.274,-1,-1,-1,-1,-1,579.637,815.146,22.518,-1,1,0,2,0,2,0,0,0,2,2,2,2,2,0,0,1,2
378,-5959.347,-2870.169,79.914,92.330,-0.040518,-0.977696,-0.206081,0.995728,-0.056636,0.072925,-0.082970,-0.202245,0.975814,0,0.50199,-0.47397,12.036,-0.870,18.653,403.085,-1,504.228,-1,364.298,392.063,380.613,-1,-1,-1,-1,-1,601.718,882.642,22.518,-1,1,0,2,0,2,0,0,0,2,2,2,2,2,0,0,1,2
379,-5955.423,-2858.735,78.352,91.432,-0.024930,-0.978577,-0.204368,0.997282,-0.038524,0.062812,-0.069339,-0.202246,0.976877,0,0.50449,-0.46534,12.088,-0.898,18.728,411.065,-1,523.127,-1,372.410,402.149,381.294,-1,-1,-1,-1,-1,628.845,945.846,22.544,-1,1,0,2,0,2,0,0,0,2,2,2,2,2,0,0,1,2
380,-5951.082,-2847.481,76.554,90.502,-0.008753,-0.980067,-0.198473,0.998330,-0.019897,0.054227,-0.057095,-0.197667,0.978605,0,0.50708,-0.45641,12.062,-0.930,18.645,418.890,-1,536.319,-1,379.642,409.701,385.615,-1,-1,-1,-1,-1,656.932,-1,22.516,-1,1,0,2,0,2,0,0,0,2,2,2,2,2,0,2,1,2
381,-5946.231,-2836.312,74.510,89.584,0.007248,-0.981963,-0.188937,0.998876,-0.001739,0.047359,-0.046833,-0.189068,0.980847,0,0.50976,-0.44713,12.177,-0.918,18.705,426.122,-1,543.616,-1,384.805,413.873,393.769,-1,-1,-1,-1,-1,684.701,-1,22.536,-1,1,0,2,0,2,0,0,0,2,2,2,2,2,0,2,1,2
382,-5940.877,-2825.241,72.199,88.695,0.022760,-0.984175,-0.175732,0.999006,0.015649,0.041747,-0.038336,-0.176507,0.983553,0,0.51242,-0.43795,12.297,-0.889,18.665,433.700,-1,543.885,-1,388.015,414.974,406.127,989.441,-1,-1,-1,-1,712.793,-1,22.522,-1,1,0,2,0,2,0,0,0,0,2,2,2,2,0,2,1,2
383,-5934.949,-2814.334,69.554,87.800,0.038363,-0.986416,-0.159724,0.998773,0.032839,0.037079,-0.031330,-0.160950,0.986465,0,0.51500,-0.42903,12.414,-0.895,18.566,440.424,-1,537.791,-1,389.208,413.395,421.974,880.555,-1,-1,-1,-1,738.908,-1,22.488,-1,1,0,2,0,2,0,0,0,0,2,2,2,2,0,2,1,2
384,-5928.703,-2803.401,66.492,86.940,0.053368,-0.988595,-0.140823,0.998267,0.049317,0.032103,-0.024792,-0.142293,0.989514,0,0.51761,-0.42003,12.592,-0.861,18.648,447.324,-1,527.458,18.869,390.164,409.954,441.954,774.057,-1,-1,-1,-1,768.596,-1,22.516,19.717,1,0,2,0,1,0,0,0,0,2,2,2,2,0,2,1,1
385,-5922.385,-2791.793,63.409,86.260,0.065223,-0.990224,-0.123301,0.997775,0.063002,0.021829,-0.013847,-0.124451,0.992129,0,0.52012,-0.41136,13.215,-0.680,11.427,461.939,-1,527.515,36.623,397.879,413.433,462.555,689.075,-1,-1,-1,-1,827.101,-1,22.505,38.233,1,0,2,0,1,0,0,0,0,2,2,2,2,0,2,1,1
386,-5915.938,-2779.387,60.606,85.613,0.076498,-0.990962,-0.110196,0.997066,0.076330,0.005754,0.002709,-0.110313,0.993893,0,0.80940,-0.16134,13.981,-0.647,-1,486.890,-1,544.408,42.368,414.027,426.752,478.901,630.675,224.497,-1,-1,-1,926.345,-1,-1,44.239,2,0,2,0,1,0,0,0,0,1,2,2,2,0,2,2,1
387,-5909.418,-2766.305,58.489,84.891,0.089035,-0.990708,-0.102810,0.995787,0.090809,-0.012694,0.021912,-0.101247,0.994620,0,0.81233,-0.15481,14.617,-0.722,-1,522.257,-1,578.775,43.661,436.210,447.449,490.640,596.322,198.405,-1,-1,-1,-1,-1,-1,45.516,2,0,2,0,1,0,0,0,0,1,2,2,2,2,2,2,1
388,-5903.562,-2752.597,57.778,84.147,0.101905,-0.989554,-0.101975,0.994091,0.105151,-0.026962,0.037404,-0.098625,0.994422,0,0.81559,-0.14756,14.906,-0.744,-1,551.994,-1,620.081,16.642,456.534,467.874,496.606,587.749,216.443,964.767,-1,-1,-1,-1,-1,44.794,2,0,2,0,1,0,0,0,0,1,0,2,2,2,2,2,1
389,-5898.640,-2738.163,58.417,83.518,0.112762,-0.987963,-0.105898,0.992495,0.117068,-0.035343,0.047315,-0.101118,0.993749,0,0.81893,-0.14012,15.250,-0.629,-1,571.682,-1,656.829,13.292,472.656,485.418,496.684,600.315,234.563,727.300,-1,-1,-1,-1,-1,43.092,2,0,2,0,1,0,0,0,0,1,0,2,2,2,2,2,1
390,-5894.999,-2722.975,59.951,83.099,0.119991,-0.986524,-0.111235,0.991436,0.124892,-0.038164,0.051542,-0.105703,0.993061,0,0.82172,-0.13390,15.619,-0.419,-1,580.423,-1,681.621,13.581,481.136,495.916,494.713,621.951,252.075,663.346,983.375,-1,-1,-1,-1,32.514,2,0,2,0,1,0,0,0,0,1,0,0,2,2,2,2,1
391,-5892.507,-2707.079,61.847,82.891,0.123582,-0.985475,-0.116479,0.990973,0.128707,-0.037525,0.051972,-0.110791,0.992484,0,0.82354,-0.12984,16.090,-0.208,-1,581.539,-1,696.018,13.749,483.953,500.791,490.580,647.064,268.814,682.564,1007.881,-1,-1,-1,-1,29.562,2,0,2,0,1,0,0,0,0,1,0,0,2,2,2,2,1
392,-5890.455,-2690.422,63.753,82.793,0.125283,-0.984651,-0.121514,0.990774,0.130552,-0.036384,0.051690,-0.115835,0.991923,0,0.82438,-0.12797,16.782,-0.098,8.274,581.350,-1,711.333,13.889,485.738,504.578,486.426,673.176,273.817,716.216,-1,-1,-1,-1,24.271,27.835,1,0,2,0,1,0,0,0,0,1,0,2,2,2,2,1,1
393,-5888.511,-2672.944,65.277,82.762,0.125817,-0.984046,-0.125790,0.990641,0.131388,-0.036986,0.052923,-0.119959,0.991367,0,0.82472,-0.12723,17.587,-0.031,14.047,584.876,-1,729.470,-1,489.805,510.338,483.072,697.200,222.204,714.321,-1,-1,-1,-1,26.716,-1,1,0,2,0,2,0,0,0,0,1,0,2,2,2,2,1,2
394,-5886.552,-2654.634,66.384,82.766,0.125726,-0.983639,-0.129023,0.990468,0.131835,-0.039916,0.056273,-0.122775,0.990838,0,0.82474,-0.12719,18.414,0.004,14.439,593.768,-1,753.628,-1,497.752,519.404,481.031,715.851,170.211,672.004,-1,-1,-1,-1,24.766,-1,1,0,2,0,2,0,0,0,0,1,0,2,2,2,2,1,2
395,-5884.277,-2635.744,67.199,82.735,0.126217,-0.982970,-0.133566,0.990115,0.133133,-0.044142,0.061173,-0.126674,0.990056,0,0.82459,-0.12751,19.027,-0.031,15.575,605.034,-1,787.208,-1,507.872,531.348,477.744,738.600,217.473,614.092,927.337,-1,-1,-1,22.654,-1,1,0,2,0,2,0,0,0,0,1,0,0,2,2,2,1,2
396,-5881.246,-2616.668,67.903,82.542,0.129498,-0.981493,-0.141071,0.989289,0.137550,-0.048864,0.067364,-0.133232,0.988793,0,0.82460,-0.12748,19.315,-0.193,17.765,616.681,-1,835.537,-1,519.614,546.271,470.421,775.990,335.188,563.044,830.577,-1,-1,-1,22.267,-1,1,0,2,0,2,0,0,0,0,1,0,0,2,2,2,1,2
397,-5876.386,-2598.493,68.856,81.941,0.139815,-0.978055,-0.154466,0.987400,0.149392,-0.052183,0.074114,-0.145224,0.986619,0,0.82536,-0.12581,18.814,-0.602,17.858,624.143,-1,916.237,-1,531.274,563.821,453.107,840.771,492.915,522.365,746.347,-1,-1,-1,22.287,-1,1,0,2,0,2,0,0,0,0,1,0,0,2,2,2,1,2
398,-5870.393,-2580.976,70.208,81.063,0.154811,-0.973793,-0.166618,0.984494,0.166142,-0.056283,0.082490,-0.155321,0.984414,0,0.82799,-0.11993,18.514,-0.877,17.810,637.799,-1,-1,-1,547.338,585.637,437.395,901.469,997.378,492.921,665.543,-1,-1,-1,22.276,-1,1,0,2,2,2,0,0,0,0,0,0,0,2,2,2,1,2
399,-5863.509,-2563.903,72.138,80.063,0.171824,-0.969576,-0.174350,0.980764,0.185002,-0.062254,0.092615,-0.160300,0.982714,0,0.83190,-0.11124,18.408,-1.001,18.380,662.625,-1,-1,-1,570.203,612.726,431.761,942.353,895.010,468.257,598.997,-1,-1,-1,22.428,-1,1,0,2,2,2,0,0,0,0,0,0,0,2,2,2,1,2
400,-5855.557,-2547.505,74.655,78.930,0.190975,-0.965117,-0.179102,0.976128,0.205953,-0.068970,0.103450,-0.161655,0.981410,0,0.83637,-0.10126,18.224,-1.133,17.537,695.473,-1,-1,-1,597.740,643.844,433.139,965.397,824.123,451.619,552.002,-1,-1,-1,22.225,-1,1,0,2,2,2,0,0,0,0,0,0,0,2,2,2,1,2
401,-5847.202,-2530.887,77.365,77.806,0.209826,-0.960939,-0.180471,0.971007,0.226424,-0.076669,0.114538,-0.159152,0.980587,0,0.84148,-0.08990,18.600,-1.124,17.376,735.310,-1,-1,-1,628.372,683.131,438.964,966.512,786.174,438.286,517.860,-1,-1,-1,22.204,-1,1,0,2,2,2,0,0,0,0,0,0,0,2,2,2,1,2
402,-5838.396,-2514.116,80.147,76.682,0.228567,-0.956548,-0.181034,0.965571,0.246472,-0.083215,0.124219,-0.155781,0.979950,0,0.84655,-0.07861,18.943,-1.124,17.182,773.738,-1,-1,-1,658.309,720.640,444.846,962.599,771.387,431.387,497.319,-1,-1,-1,22.185,-1,1,0,2,2,2,0,0,0,0,0,0,0,2,2,2,1,2
403,-5829.238,-2497.194,82.934,75.592,0.246673,-0.952026,-0.181103,0.960204,0.265364,-0.087117,0.130996,-0.152406,0.979598,0,0.85162,-0.06730,19.241,-1.090,16.992,802.679,-1,-1,-1,681.486,750.468,451.750,958.122,771.973,435.440,493.222,-1,-1,-1,22.178,-1,1,0,2,2,2,0,0,0,0,0,0,0,2,2,2,1,2
404,-5819.818,-2480.232,85.650,74.513,0.264618,-0.947392,-0.180071,0.954998,0.283388,-0.087576,0.133999,-0.148793,0.979747,0,0.85655,-0.05632,19.402,-1.080,13.153,818.116,-1,-1,-1,693.580,778.296,459.945,951.004,790.567,451.455,502.425,-1,-1,-1,9.886,-1,1,0,2,2,2,0,0,0,0,0,0,0,2,2,2,1,2
405,-5809.954,-2463.346,88.274,73.393,0.283230,-0.942221,-0.178887,0.949678,0.301555,-0.084713,0.133763,-0.145892,0.980216,0,0.86144,-0.04542,19.556,-1.119,9.214,819.732,-1,-1,-1,696.780,796.533,462.827,946.247,826.024,476.852,523.439,-1,-1,-1,22.197,-1,1,0,2,2,2,0,0,0,0,0,0,0,2,2,2,1,2
406,-5799.619,-2446.368,90.614,72.247,0.302239,-0.936539,-0.177611,0.944053,0.319882,-0.080243,0.131966,-0.143421,0.980824,0,0.86652,-0.03411,19.877,-1.146,11.787,813.475,-1,-1,-1,698.988,808.317,463.422,942.016,862.562,506.695,549.979,-1,-1,-1,8.909,-1,1,0,2,2,2,0,0,0,0,0,0,0,2,2,2,1,2
407,-5788.825,-2429.225,92.614,71.104,0.321126,-0.930591,-0.175724,0.938147,0.337951,-0.075295,0.129455,-0.140675,0.981556,0,0.87173,-0.02251,20.258,-1.143,17.081,803.734,-1,-1,-1,697.928,818.713,462.963,934.881,918.082,538.713,578.395,-1,-1,-1,22.180,-1,1,0,2,2,2,0,0,0,0,0,0,0,2,2,2,1,2
408,-5777.579,-2411.892,94.253,69.969,0.339778,-0.924484,-0.172858,0.931963,0.355672,-0.070302,0.126474,-0.137210,0.982435,0,0.87694,-0.01092,20.662,-1.135,17.186,792.013,-1,-1,-1,694.540,828.387,461.343,922.863,988.204,572.462,608.011,-1,-1,-1,22.186,-1,1,0,2,2,2,0,0,0,0,0,0,0,2,2,2,1,2
409,-5765.848,-2394.389,95.573,68.835,0.358299,-0.918179,-0.169024,0.925438,0.373192,-0.065515,0.123233,-0.132947,0.983432,0,0.88211,0.00061,21.070,-1.134,17.129,780.803,-1,-1,-1,691.089,835.410,459.636,905.959,-1,608.590,638.012,-1,-1,-1,22.182,-1,1,0,2,2,2,0,0,0,0,2,0,0,2,2,2,1,2
410,-5753.598,-2376.775,96.687,67.712,0.376533,-0.911775,-0.163980,0.918649,0.390340,-0.060984,0.119611,-0.127677,0.984577,0,0.88729,0.01214,21.455,-1.123,17.022,769.164,-1,-1,-1,694.234,839.576,458.947,884.226,-1,648.015,671.075,-1,-1,-1,22.179,-1,1,0,2,2,2,0,0,0,0,2,0,0,2,2,2,1,2
411,-5740.794,-2359.153,97.808,66.603,0.394435,-0.905309,-0.157598,0.911635,0.407067,-0.056734,0.115515,-0.121294,0.985872,0,0.89243,0.02359,21.783,-1.109,16.844,757.333,-1,-1,-1,695.988,842.501,460.936,858.741,-1,692.091,707.748,-1,-1,-1,22.180,-1,1,0,2,2,2,0,0,0,0,2,0,0,2,2,2,1,2
412,-5727.500,-2341.470,98.979,65.524,0.411773,-0.898941,-0.149492,0.904551,0.423100,-0.052663,0.110591,-0.113538,0.987359,0,0.89752,0.03493,22.122,-1.080,16.576,744.675,-1,-1,-1,695.254,841.182,466.020,829.251,-1,743.475,750.429,-1,-1,-1,22.207,-1,1,0,2,2,2,0,0,0,0,2,0,0,2,2,2,1,2
413,-5711.051,-2319.961,100.406,64.269,0.431787,-0.891306,-0.138321,0.895938,0.441537,-0.048366,0.104182,-0.103043,0.989206,0,0.87792,-0.13009,27.078,-1.255,16.596,737.903,-1,-1,-1,695.058,836.168,476.398,792.222,-1,815.591,807.859,-1,-1,-1,22.204,-1,1,0,2,2,2,0,0,0,0,2,0,0,2,2,2,1,2
414,-5699.726,-2305.554,101.406,63.427,0.445134,-0.885761,-0.131462,0.889944,0.453873,-0.044719,0.099277,-0.097087,0.990312,0,0.87223,-0.11719,18.326,-0.842,16.426,730.680,-1,-1,-1,695.171,831.230,480.759,775.334,-1,881.389,857.898,-1,-1,-1,22.234,-1,1,0,2,2,2,0,0,0,0,2,0,0,2,2,2,1,2
415,-5685.269,-2287.267,102.678,62.407,0.461176,-0.878741,-0.123003,0.882414,0.468744,-0.040296,0.093067,-0.089956,0.991588,0,0.86840,-0.10852,23.312,-1.020,16.230,721.371,-1,-1,-1,694.835,825.536,486.957,757.411,-1,974.469,936.334,-1,-1,-1,22.288,-1,1,0,2,2,2,0,0,0,0,2,0,0,2,2,2,1,2
416,-5670.483,-2268.638,103.981,61.437,0.476308,-0.871778,-0.114604,0.874958,0.482830,-0.036397,0.087064,-0.082937,0.992744,0,0.86376,-0.09800,23.783,-0.970,16.052,714.225,-1,-1,-1,695.051,820.687,494.089,741.506,-1,-1,-1,-1,-1,-1,22.356,-1,1,0,2,2,2,0,0,0,0,2,2,2,2,2,2,1,2
417,-5655.358,-2249.778,105.443,60.548,0.490072,-0.865193,-0.106163,0.867892,0.495654,-0.033034,0.081201,-0.075949,0.993800,0,0.85934,-0.08797,24.176,-0.889,15.903,718.048,-1,-1,-1,696.021,816.516,502.742,727.706,-1,-1,-1,-1,-1,-1,22.429,-1,1,0,2,2,2,0,0,0,0,2,2,2,2,2,2,1,2
418,-5639.861,-2230.614,106.977,59.722,0.502728,-0.858821,-0.098443,0.861092,0.507541,-0.030388,0.076062,-0.069492,0.994679,0,0.85526,-0.07874,24.646,-0.825,15.746,723.616,-1,-1,-1,700.100,815.098,505.532,716.901,-1,-1,-1,-1,-1,-1,22.524,-1,1,0,2,2,2,0,0,0,0,2,2,2,2,2,2,1,2
419,-5624.058,-2211.063,108.453,58.937,0.514638,-0.852533,-0.091295,0.854374,0.518851,-0.028962,0.072059,-0.063095,0.995403,0,0.85146,-0.07013,25.139,-0.785,15.615,732.449,-1,-1,-1,707.580,818.129,508.253,707.212,-1,-1,-1,-1,-1,-1,22.622,-1,1,0,2,2,2,0,0,0,0,2,2,2,2,2,2,1,2
420,-5607.920,-2191.205,109.841,58.192,0.525843,-0.846339,-0.084851,0.847823,0.529551,-0.027787,0.068450,-0.057327,0.996006,0,0.84784,-0.06191,25.588,-0.745,15.485,744.275,-1,-1,-1,716.026,823.859,511.633,699.453,-1,-1,-1,-1,-1,-1,22.735,-1,1,0,2,2,2,0,0,0,0,2,2,2,2,2,2,1,2
421,-5591.492,-2171.057,111.155,57.496,0.536227,-0.840393,-0.078742,0.841587,0.539471,-0.026489,0.064740,-0.052064,0.996543,0,0.84438,-0.05408,25.998,-0.695,15.368,759.806,-1,-1,-1,725.573,830.034,518.090,693.283,-1,-1,-1,-1,-1,-1,22.854,-1,1,0,2,2,2,0,0,0,0,2,2,2,2,2,2,1,2
422,-5574.800,-2150.687,112.427,56.855,0.545759,-0.834795,-0.072552,0.835749,0.548546,-0.024892,0.060578,-0.047050,0.997054,0,0.84114,-0.04674,26.335,-0.642,15.266,772.707,-1,-1,-1,733.669,833.727,523.681,688.169,-1,-1,-1,-1,-1,-1,22.974,-1,1,0,2,2,2,0,0,0,0,2,2,2,2,2,2,1,2
423,-5554.481,-2125.990,113.890,56.129,0.556466,-0.828299,-0.065311,0.829004,0.558764,-0.023131,0.055653,-0.041272,0.997597,0,0.83814,-0.03992,31.982,-0.726,15.154,787.567,-1,-1,-1,742.666,839.044,529.346,684.593,-1,-1,-1,-1,-1,-1,23.120,-1,1,0,2,2,2,0,0,0,0,2,2,2,2,2,2,1,2
424,-5540.711,-2109.336,114.852,55.676,0.563098,-0.824137,-0.060979,0.824716,0.565119,-0.021975,0.052571,-0.037917,0.997897,0,0.83472,-0.03217,21.609,-0.453,15.100,800.311,-1,-1,-1,748.850,843.802,534.396,684.219,-1,-1,-1,-1,-1,-1,23.199,-1,1,0,2,2,2,0,0,0,0,2,2,2,2,2,2,1,2
425,-5523.188,-2088.418,116.024,55.106,0.571386,-0.818743,-0.056372,0.819240,0.573104,-0.019911,0.048609,-0.034805,0.998211,0,0.83257,-0.02731,27.288,-0.570,15.232,815.589,-1,-1,-1,756.650,849.717,541.195,685.958,-1,-1,-1,-1,-1,-1,23.016,-1,1,0,2,2,2,0,0,0,0,2,2,2,2,2,2,1,2
426,-5505.177,-2067.514,117.015,54.490,0.580276,-0.812725,-0.052524,0.813217,0.581717,-0.016863,0.044259,-0.032928,0.998477,0,0.82987,-0.02118,27.593,-0.616,15.419,828.011,-1,-1,-1,765.031,854.270,544.824,689.451,-1,-1,-1,-1,-1,-1,22.799,-1,1,0,2,2,2,0,0,0,0,2,2,2,2,2,2,1,2
427,-5486.670,-2046.637,117.799,53.846,0.589495,-0.806325,-0.048323,0.806798,0.590667,-0.013794,0.039666,-0.030855,0.998737,0,0.82695,-0.01456,27.898,-0.644,15.235,839.501,-1,-1,-1,772.340,858.288,547.966,691.771,-1,-1,-1,-1,-1,-1,23.011,-1,1,0,2,2,2,0,0,0,0,2,2,2,2,2,2,1,2
428,-5467.726,-2025.581,118.235,53.239,0.598080,-0.800275,-0.043143,0.800613,0.599039,-0.013098,0.036326,-0.026707,0.998983,0,0.82389,-0.00763,28.324,-0.607,15.255,861.637,-1,-1,-1,783.676,866.039,555.003,689.265,-1,-1,-1,-1,-1,-1,22.986,-1,1,0,2,2,2,0,0,0,0,2,2,2,2,2,2,1,2
429,-5448.266,-2004.462,118.249,52.637,0.606521,-0.794179,-0.037587,0.794350,0.607304,-0.013790,0.033779,-0.021493,0.999198,0,0.82099,-0.00106,28.717,-0.603,15.108,887.968,-1,-1,-1,798.094,875.479,560.376,683.781,-1,-1,-1,-1,-1,-1,23.187,-1,1,0,2,2,2,0,0,0,0,2,2,2,2,2,2,1,2
430,-5428.399,-1983.196,117.806,52.048,0.614688,-0.788161,-0.031004,0.788125,0.615300,-0.016267,0.031897,-0.014436,0.999387,0,0.81809,0.00551,29.102,-0.589,15.127,918.837,-1,-1,-1,814.089,885.501,569.140,673.908,-1,-1,-1,-1,-1,-1,23.160,-1,1,0,2,2,2,0,0,0,0,2,2,2,2,2,2,1,2
431,-5408.109,-1961.993,116.820,51.461,0.622798,-0.782036,-0.023271,0.781862,0.623193,-0.017931,0.028526,-0.007027,0.999568,0,0.81525,0.01195,29.348,-0.587,11.922,942.900,-1,-1,-1,822.545,886.359,577.046,662.504,-1,-1,-1,-1,-1,-1,10.078,-1,1,0,2,2,2,0,0,0,0,2,2,2,2,2,2,1,2
432,-5387.448,-1940.924,115.279,50.881,0.630774,-0.775845,-0.013712,0.775644,0.630923,-0.017681,0.022369,0.000517,0.999750,0,0.81240,0.01840,29.509,-0.580,-1,950.433,-1,-1,-1,816.225,872.406,582.857,649.793,-1,-1,-1,-1,-1,-1,-1,-1,2,0,2,2,2,0,0,0,0,2,2,2,2,2,2,2,2
433,-5366.429,-1919.969,113.189,50.299,0.638724,-0.769432,-0.002590,0.769314,0.638679,-0.015623,0.013675,0.007986,0.999875,0,0.80958,0.02481,29.680,-0.582,-1,941.923,-1,-1,-1,797.331,846.224,586.260,636.137,-1,-1,-1,-1,-1,-1,-1,-1,2,0,2,2,2,0,0,0,0,2,2,2,2,2,2,2,2
434,-5344.998,-1899.141,110.644,49.720,0.646526,-0.762826,0.010079,0.762886,0.646412,-0.012498,0.003019,0.015770,0.999871,0,0.80673,0.03126,29.884,-0.579,9.373,922.295,-1,-1,-1,770.329,812.088,588.647,621.214,-1,-1,-1,-1,-1,-1,22.984,-1,1,0,2,2,2,0,0,0,0,2,2,2,2,2,2,1,2
435,-5323.098,-1878.349,107.581,49.127,0.654368,-0.755804,0.023741,0.756134,0.654341,-0.009936,-0.008025,0.024453,0.999669,0,0.80388,0.03771,30.198,-0.593,15.127,900.755,-1,-1,-1,742.464,777.075,591.574,604.045,-1,-1,-1,-1,-1,-1,23.160,-1,1,0,2,2,2,0,0,0,0,2,2,2,2,2,2,1,2
436,-5300.724,-1857.540,103.926,48.546,0.661903,-0.748592,0.038652,0.749349,0.662117,-0.008811,-0.018996,0.034796,0.999214,0,0.80096,0.04433,30.555,-0.581,15.198,880.800,-1,-1,-1,715.363,742.423,596.708,583.785,-1,-1,-1,-1,-1,-1,23.061,-1,1,0,2,2,2,0,0,0,0,2,2,2,2,2,2,1,2
437,-5277.863,-1836.787,99.776,47.986,0.669005,-0.741207,0.055171,0.742637,0.669635,-0.008867,-0.030372,0.046904,0.998438,0,0.79809,0.05085,30.876,-0.560,15.057,860.417,-1,984.423,-1,687.716,706.833,605.706,560.841,-1,-1,-1,-1,-1,-1,23.268,-1,1,0,2,0,2,0,0,0,0,2,2,2,2,2,2,1,2
438,-5254.569,-1815.964,95.222,47.460,0.675512,-0.733714,0.073130,0.736162,0.676725,-0.010440,-0.041829,0.060888,0.997268,0,0.79529,0.05720,31.245,-0.526,14.947,840.848,-1,909.153,-1,660.944,671.753,620.387,535.730,-1,-1,-1,-1,-1,-1,23.456,-1,1,0,2,0,2,0,0,0,0,2,2,2,2,2,2,1,2
439,-5230.885,-1795.067,90.481,46.991,0.681124,-0.726288,0.092606,0.730188,0.683123,-0.013003,-0.053817,0.076476,0.995618,0,0.79263,0.06323,31.585,-0.469,14.896,820.632,-1,836.321,-1,634.220,636.548,642.299,509.510,-1,-1,-1,-1,-1,-1,23.550,-1,1,0,2,0,2,0,0,0,0,2,2,2,2,2,2,1,2
440,-5206.750,-1774.130,85.618,46.559,0.686122,-0.718833,0.111872,0.724517,0.689074,-0.015892,-0.065664,0.091956,0.993596,0,0.79021,0.06871,31.950,-0.432,14.965,799.847,-1,772.215,-1,609.409,603.849,665.693,211.048,-1,-1,-1,-1,-1,-1,23.422,-1,1,0,2,0,2,0,0,0,1,2,2,2,2,2,2,1,2
441,-5182.936,-1753.927,81.808,46.262,0.689563,-0.711991,0.132560,0.720619,0.692782,-0.027589,-0.072193,0.114550,0.990791,0,0.60935,0.10959,31.230,-0.297,14.907,811.716,-1,728.450,-1,603.724,587.560,737.243,259.967,-1,-1,-1,-1,-1,-1,23.530,-1,1,0,2,0,2,0,0,0,1,2,2,2,2,2,2,1,2
442,-5158.809,-1734.434,79.587,45.920,0.693833,-0.703782,0.152602,0.716471,0.695978,-0.047802,-0.072565,0.142502,0.987131,0,0.60805,0.11339,31.017,-0.342,15.339,855.975,-1,707.977,8.233,620.606,591.298,882.819,308.528,-1,-1,-1,-1,-1,-1,22.887,17.793,1,0,2,0,1,0,0,0,1,2,2,2,2,2,2,1,1
443,-5133.601,-1715.729,78.704,45.342,0.701095,-0.693359,0.166493,0.709505,0.701621,-0.065800,-0.071192,0.164260,0.983845,0,0.60659,0.11767,31.389,-0.578,15.149,906.970,-1,704.878,13.301,646.438,606.159,-1,351.710,-1,-1,-1,-1,-1,-1,23.127,31.855,1,0,2,0,1,0,0,2,1,2,2,2,2,2,2,1,1
444,-5108.245,-1696.756,78.528,44.794,0.707807,-0.684314,0.175281,0.702746,0.707344,-0.076241,-0.071811,0.177142,0.981562,0,0.60430,0.12439,31.669,-0.547,14.694,938.522,-1,706.493,13.477,666.856,619.816,-1,327.569,-1,-1,-1,-1,-1,-1,24.000,35.546,1,0,2,0,1,0,0,2,1,2,2,2,2,2,2,1,1
445,-5083.532,-1677.040,78.767,44.437,0.712000,-0.678154,0.182107,0.698140,0.711461,-0.080146,-0.075211,0.184200,0.980007,0,0.60211,0.13081,31.614,-0.358,-1,950.416,-1,706.022,14.122,677.891,627.440,-1,353.310,-1,-1,-1,-1,-1,-1,-1,26.235,2,0,2,0,1,0,0,2,1,2,2,2,2,2,2,2,1
446,-5059.630,-1656.299,78.998,44.362,0.712693,-0.675578,0.188848,0.696994,0.712379,-0.081947,-0.079170,0.190028,0.978581,0,0.60058,0.13529,31.646,-0.075,-1,955.534,-1,704.144,14.305,685.376,632.582,-1,337.759,-1,-1,-1,-1,-1,-1,-1,25.298,2,0,2,0,1,0,0,2,1,2,2,2,2,2,2,2,1
447,-5036.198,-1634.867,78.842,44.414,0.711855,-0.674846,0.194540,0.697434,0.711874,-0.082584,-0.082756,0.194467,0.977412,0,0.60004,0.13688,31.756,0.052,-1,957.043,-1,698.955,14.588,691.614,637.306,-1,322.312,-1,-1,-1,-1,-1,-1,-1,24.283,2,0,2,0,1,0,0,2,1,2,2,2,2,2,2,2,1
448,-5013.206,-1612.740,78.108,44.608,0.709372,-0.676117,0.199139,0.699727,0.709490,-0.083702,-0.084695,0.198719,0.976390,0,0.59994,0.13717,31.909,0.194,-1,959.981,-1,696.720,14.781,699.843,644.243,-1,380.472,-1,-1,-1,-1,-1,-1,-1,23.791,2,0,2,0,1,0,0,2,0,2,2,2,2,2,2,2,1
449,-4990.747,-1589.863,76.821,44.938,0.705356,-0.679347,0.202387,0.703841,0.705109,-0.086197,-0.084147,0.203248,0.975505,0,0.60034,0.13600,32.059,0.331,-1,967.968,-1,699.072,14.771,711.828,655.677,-1,376.093,-1,-1,-1,-1,-1,-1,-1,23.814,2,0,2,0,1,0,0,2,0,2,2,2,2,2,2,2,1
450,-4968.585,-1566.473,74.853,45.311,0.700896,-0.683480,0.203962,0.708546,0.700022,-0.089064,-0.081905,0.206941,0.974919,0,0.60122,0.13342,32.221,0.373,-1,978.168,-1,704.440,14.689,725.770,668.007,-1,371.754,-1,-1,-1,-1,-1,-1,-1,24.012,2,0,2,0,1,0,0,2,0,2,2,2,2,2,2,2,1
451,-4946.635,-1542.711,72.143,45.684,0.696438,-0.687995,0.204049,0.713275,0.694882,-0.091531,-0.078817,0.209289,0.974672,0,0.60225,0.13041,32.349,0.373,-1,987.954,-1,710.962,14.608,739.694,680.697,-1,368.419,-1,-1,-1,-1,-1,-1,-1,24.227,2,0,2,0,1,0,0,2,0,2,2,2,2,2,2,2,1
452,-4924.901,-1518.654,68.691,46.020,0.692395,-0.692305,0.203232,0.717493,0.690368,-0.092717,-0.076117,0.210014,0.974731,0,0.60328,0.12737,32.421,0.336,-1,993.110,-1,711.343,14.550,748.075,690.708,-1,365.644,-1,-1,-1,927.491,-1,-1,-1,24.397,2,0,2,0,1,0,0,2,0,2,2,2,0,2,2,2,1
453,-4903.326,-1494.392,64.534,46.350,0.688343,-0.696889,0.201316,0.721574,0.686240,-0.091682,-0.074259,0.208374,0.975226,0,0.60420,0.12470,32.467,0.330,-1,989.647,-1,707.476,9.011,749.361,696.097,-1,364.256,-1,-1,-1,898.189,-1,-1,-1,24.604,2,0,2,0,1,0,0,2,0,2,2,2,0,2,2,2,1
454,-4881.959,-1469.896,59.774,46.675,0.684285,-0.701765,0.198191,0.725500,0.682568,-0.088031,-0.073502,0.204026,0.976202,0,0.60509,0.12207,32.505,0.324,-1,976.668,-1,701.808,14.378,745.457,696.948,-1,364.495,-1,-1,-1,903.277,-1,-1,-1,24.997,2,0,2,0,1,0,0,2,0,2,2,2,0,2,2,2,1
455,-4860.936,-1445.150,54.540,46.948,0.680749,-0.706287,0.194269,0.728678,0.680049,-0.081006,-0.074899,0.196704,0.977598,0,0.60597,0.11948,32.471,0.273,-1,951.484,-1,690.853,13.169,734.198,688.600,914.036,367.072,-1,-1,-1,291.457,-1,-1,-1,11.608,2,0,2,0,1,0,0,0,0,2,2,2,1,2,2,2,1
456,-4840.248,-1420.187,48.749,47.168,0.677714,-0.710260,0.190353,0.731056,0.678667,-0.070483,-0.079125,0.186926,0.979182,0,0.60669,0.11739,32.421,0.221,-1,913.359,-1,675.112,-1,714.145,672.185,774.896,372.177,-1,-1,-1,320.298,-1,-1,-1,-1,2,0,2,0,2,0,0,0,0,2,2,2,1,2,2,2,2
457,-4819.802,-1394.985,42.382,47.360,0.674920,-0.714111,0.185818,0.732936,0.677917,-0.056856,-0.085368,0.174566,0.980938,0,0.60723,0.11580,32.453,0.191,-1,865.946,-1,656.268,14.157,687.816,650.709,691.807,380.272,-1,-1,-1,349.165,-1,-1,-1,12.562,2,0,2,0,1,0,0,0,0,2,2,2,1,2,2,2,1
458,-4799.500,-1369.560,35.386,47.536,0.672205,-0.718130,0.180084,0.734515,0.677382,-0.040515,-0.092890,0.159509,0.982817,0,0.60768,0.11450,32.536,0.176,-1,812.836,-1,636.017,11.170,657.396,626.175,635.790,390.584,-1,-1,-1,378.157,-1,-1,-1,9.812,2,0,2,0,1,0,0,0,0,2,2,2,1,2,2,2,1
459,-4775.876,-1338.181,26.398,47.928,0.666569,-0.724982,0.173455,0.738431,0.674016,-0.020556,-0.102009,0.141787,0.984627,0,0.60807,0.11333,39.278,0.392,13.559,750.005,-1,612.373,14.551,619.642,596.328,576.844,402.858,-1,-1,-1,414.225,-1,-1,24.308,24.398,1,0,2,0,1,0,0,0,0,2,2,2,1,2,2,1,1
460,-4760.308,-1316.947,20.243,48.228,0.662235,-0.730149,0.168305,0.741408,0.671027,-0.006159,-0.108440,0.128862,0.985716,0,0.60918,0.11008,26.330,0.300,-1,708.419,-1,596.679,14.493,593.769,575.888,541.679,413.303,-1,-1,-1,438.709,-1,-1,-1,24.580,2,0,2,0,1,0,0,0,0,2,2,2,1,2,2,2,1
461,-4740.955,-1290.349,12.597,48.613,0.656351,-0.736364,0.164230,0.744823,0.667106,0.014421,-0.120178,0.112857,0.986317,0,0.61006,0.10750,32.893,0.385,652.433,651.748,-1,571.057,14.614,555.807,544.837,499.917,426.726,-1,-1,-1,469.455,-1,-1,-1,24.213,1,0,2,0,1,0,0,0,0,2,2,2,1,2,2,2,1
462,-4721.649,-1263.681,5.164,49.031,0.649628,-0.742491,0.163373,0.748140,0.662549,0.036258,-0.135164,0.098672,0.985898,0,0.51214,0.03965,32.923,0.418,621.589,594.380,-1,541.324,14.542,514.817,510.186,465.884,439.084,-1,-1,-1,482.154,-1,-1,-1,24.425,1,0,2,0,1,0,0,0,0,2,2,2,1,2,2,2,1
463,-4702.281,-1236.951,-1.607,49.468,0.642603,-0.748366,0.164349,0.751542,0.657394,0.054931,-0.149151,0.088216,0.984872,0,0.51318,0.03600,33.009,0.437,13.610,547.196,-1,513.478,14.475,479.696,479.789,441.511,448.410,-1,-1,-1,582.110,900.649,-1,31.857,24.643,1,0,2,0,1,0,0,0,0,2,2,2,1,0,2,1,1
464,-4682.355,-1210.396,-6.912,49.827,0.636932,-0.752396,0.167982,0.754418,0.653164,0.065041,-0.158656,0.085302,0.983642,0,0.51428,0.03217,33.200,0.359,13.623,519.318,-1,491.710,14.452,457.659,459.154,433.748,449.139,-1,-1,-1,548.312,838.309,-1,31.581,24.719,1,0,2,0,1,0,0,0,0,2,2,2,1,0,2,1,1
465,-4661.536,-1183.702,-10.964,50.121,0.632719,-0.755309,0.170809,0.757294,0.649599,0.067290,-0.161782,0.086777,0.983004,0,0.51514,0.02916,33.853,0.295,13.638,509.604,-1,478.363,14.430,449.382,450.042,436.636,446.966,-1,-1,-1,512.758,820.128,-1,31.300,24.801,1,0,2,0,1,0,0,0,0,2,2,2,1,0,2,1,1
466,-4640.146,-1156.875,-13.914,50.385,0.629398,-0.757618,0.172839,0.760399,0.646299,0.063957,-0.160160,0.091172,0.982871,0,0.51580,0.02684,34.310,0.264,13.664,512.486,-1,471.171,14.394,450.976,449.569,447.068,443.627,-1,-1,-1,739.360,831.952,-1,30.837,24.935,1,0,2,0,1,0,0,0,0,2,2,2,1,0,2,1,1
467,-4618.405,-1129.940,-16.364,50.601,0.626949,-0.759441,0.173738,0.763290,0.643432,0.058159,-0.155957,0.096150,0.983073,0,0.51636,0.02486,34.615,0.216,13.722,522.475,-1,466.956,14.316,457.677,453.298,460.260,441.309,-1,-1,-1,-1,858.773,-1,29.928,25.251,1,0,2,0,1,0,0,0,0,2,2,2,2,0,2,1,1
468,-4596.574,-1102.962,-18.903,50.777,0.625021,-0.761069,0.173559,0.765734,0.640961,0.053099,-0.151657,0.099712,0.983391,0,0.51679,0.02339,34.704,0.176,13.775,532.198,-1,698.423,14.250,463.851,456.522,471.411,440.178,-1,-1,-1,-1,883.604,-1,24.374,25.551,1,0,2,0,1,0,0,0,0,2,2,2,2,0,2,1,1
469,-4574.907,-1076.063,-21.753,50.910,0.623506,-0.762506,0.172696,0.767505,0.639046,0.050565,-0.148917,0.101017,0.983676,0,0.51709,0.02232,34.540,0.133,-1,537.368,-1,710.806,14.119,465.005,451.369,476.234,437.474,-1,-1,-1,871.874,897.690,-1,-1,26.252,2,0,2,0,1,0,0,0,0,2,2,2,1,0,2,2,1
470,-4549.632,-1044.630,-23.950,50.793,0.625966,-0.763977,0.156546,0.767313,0.639215,0.051319,-0.139273,0.087996,0.986337,0,0.51728,0.02168,40.335,-0.117,-1,552.605,-1,754.875,14.001,476.618,456.022,462.674,453.176,-1,-1,-1,905.544,931.240,-1,-1,27.037,2,0,2,0,1,0,0,0,0,2,2,2,1,0,2,2,1
471,-4532.994,-1023.724,-25.198,50.674,0.628235,-0.764719,0.143265,0.766842,0.639724,0.052018,-0.131429,0.077183,0.988316,0,0.51671,0.02366,26.718,-0.119,-1,565.740,-1,789.113,14.072,487.427,463.029,451.627,466.577,-1,-1,-1,-1,956.956,-1,-1,26.546,2,0,2,0,1,0,0,0,0,2,2,2,2,0,2,2,1
472,-4512.388,-997.660,-27.415,50.605,0.629664,-0.765501,0.132407,0.766694,0.639819,0.053036,-0.125316,0.068121,0.989775,0,0.51622,0.02538,33.226,-0.069,-1,574.579,-1,817.583,-1,495.435,467.113,441.747,476.697,-1,-1,-1,-1,967.410,-1,-1,-1,2,0,2,0,2,0,0,0,0,2,2,2,2,0,2,2,2
473,-4492.038,-971.904,-30.433,50.646,0.629266,-0.766718,0.127150,0.767325,0.638892,0.055040,-0.123435,0.062931,0.990355,0,-0.13028,0.18700,32.826,0.041,-1,573.161,-1,828.034,-1,493.277,463.893,434.753,478.422,-1,-1,-1,-1,960.005,-1,-1,-1,2,0,2,0,2,0,0,0,0,2,2,2,2,0,2,2,2
474,-4472.132,-946.424,-34.321,50.815,0.626840,-0.768674,0.127328,0.768988,0.636654,0.057703,-0.125418,0.061743,0.990181,0,-0.13027,0.18725,32.333,0.169,-1,564.436,-1,820.896,-1,483.621,485.990,430.222,473.495,-1,-1,-1,-1,937.299,-1,-1,-1,2,0,2,0,2,0,0,0,0,2,2,2,2,0,2,2,2
475,-4453.006,-920.948,-39.054,51.200,0.621313,-0.772068,0.133723,0.772747,0.632005,0.058580,-0.129741,0.066938,0.989286,0,-0.13034,0.18620,31.856,0.385,19.633,551.502,-1,797.936,-1,469.661,466.998,430.401,458.607,-1,-1,-1,-1,908.904,-1,20.260,-1,1,0,2,0,2,0,0,0,0,2,2,2,2,0,2,1,2
476,-4438.180,-894.921,-44.351,52.206,0.606784,-0.778521,0.160371,0.782430,0.620557,0.052074,-0.140060,0.093881,0.985682,0,-0.13058,0.18295,29.954,1.006,24.600,533.782,-1,733.329,-1,449.210,419.648,456.395,416.595,-1,-1,-1,-1,877.146,-1,25.131,-1,1,0,2,0,2,0,0,0,0,2,2,2,2,0,2,1,2
477,-4425.562,-869.785,-49.528,53.226,0.591853,-0.783284,0.190200,0.791891,0.609067,0.044111,-0.150396,0.124510,0.980754,0,-0.13128,0.17322,28.125,1.020,18.321,517.239,-1,667.209,17.424,430.047,393.271,494.459,374.023,-1,-1,-1,-1,851.497,-1,28.338,22.209,1,0,2,0,1,0,0,0,0,2,2,2,2,0,2,1,1
478,-4412.113,-841.460,-54.120,54.244,0.577347,-0.788752,0.211048,0.801798,0.596513,0.035939,-0.154240,0.148468,0.976815,0,-0.13200,0.16324,31.356,1.018,14.180,510.575,-1,615.179,13.830,419.291,380.745,525.962,342.637,-1,-1,-1,-1,845.374,976.636,25.904,28.576,1,0,2,0,1,0,0,0,0,2,2,2,2,0,0,1,1
479,-4401.806,-824.370,-56.224,54.577,0.573094,-0.793514,0.204692,0.805735,0.591186,0.035923,-0.149516,0.144340,0.978167,0,-0.13272,0.15326,19.957,0.333,15.742,512.859,-1,621.648,13.313,421.530,384.171,513.785,341.155,-1,-1,-1,-1,850.395,979.875,22.526,62.683,1,0,2,0,1,0,0,0,0,2,2,2,2,0,0,1,1
480,-4387.020,-805.547,-58.099,54.439,0.576106,-0.798274,0.175672,0.805867,0.590659,0.041229,-0.136674,0.117816,0.983585,0,-0.13294,0.15019,23.936,-0.138,18.598,523.069,-1,673.024,52.310,433.489,399.277,466.814,358.243,-1,-1,-1,-1,862.164,-1,22.499,54.598,1,0,2,0,1,0,0,0,0,2,2,2,2,0,2,1,1
481,-4370.304,-792.588,-59.152,53.731,0.586929,-0.798884,0.131525,0.799928,0.597271,0.058160,-0.125019,0.071075,0.989605,0,-0.13281,0.15205,21.151,-0.708,18.878,525.647,-1,760.102,36.717,444.638,416.272,402.419,400.427,-1,-1,-1,-1,851.654,-1,22.599,38.578,1,0,2,0,1,0,0,0,0,2,2,2,2,0,2,1,1
482,-4355.313,-780.791,-59.126,52.786,0.601019,-0.792955,0.099993,0.791416,0.607921,0.063983,-0.111524,0.040681,0.992929,0,-0.13224,0.15987,19.076,-0.945,18.714,543.532,-1,833.793,-1,464.984,437.193,370.718,489.986,-1,-1,-1,-1,873.995,-1,22.540,-1,1,0,2,0,2,0,0,0,0,2,2,2,2,0,2,1,2
483,-4341.377,-769.776,-58.217,51.788,0.615613,-0.783743,0.082269,0.781957,0.620472,0.059646,-0.097793,0.027612,0.994824,0,-0.13151,0.16999,17.764,-0.998,18.571,572.351,-1,890.730,-1,491.497,461.801,363.176,499.662,-1,-1,-1,-1,917.719,-1,22.490,-1,1,0,2,0,2,0,0,0,0,2,2,2,2,0,2,1,2
484,-4325.118,-757.894,-56.884,50.596,0.632499,-0.771142,0.072696,0.769899,0.636199,0.050070,-0.084860,0.024300,0.996096,0,-0.19179,0.47660,20.138,-1.192,17.557,609.265,-1,941.067,-1,519.490,489.656,368.823,502.517,-1,-1,-1,-1,974.580,-1,22.229,-1,1,0,2,0,2,0,0,0,0,2,2,2,2,0,2,1,2
485,-4314.520,-750.256,-56.523,49.892,0.642192,-0.763223,0.071274,0.762412,0.645605,0.043850,-0.079483,0.026180,0.996492,0,-0.19045,0.48926,13.063,-0.704,-1,627.793,-1,959.563,-1,531.928,524.704,375.759,501.632,-1,-1,-1,-1,1001.432,-1,-1,-1,2,0,2,0,2,0,0,0,0,2,2,2,2,0,2,2,2
486,-4301.500,-740.801,-56.911,49.159,0.652095,-0.754561,0.073549,0.754362,0.655457,0.036254,-0.075564,0.031841,0.996632,0,-0.18965,0.49678,16.092,-0.733,-1,642.939,-1,965.554,-1,542.869,561.363,386.239,498.582,-1,-1,-1,-1,-1,-1,-1,-1,2,0,2,0,2,0,0,0,0,2,2,2,2,2,2,2,2
487,-4288.680,-731.458,-58.358,48.550,0.660157,-0.746997,0.078667,0.747497,0.663638,0.028857,-0.073762,0.039754,0.996483,0,-0.18881,0.50471,15.862,-0.608,-1,652.326,-1,961.520,-1,547.665,589.612,397.188,493.978,-1,-1,-1,-1,-1,-1,-1,-1,2,0,2,0,2,0,0,0,0,2,2,2,2,2,2,2,2
488,-4275.978,-722.345,-60.995,48.012,0.667177,-0.740056,0.084800,0.741285,0.670825,0.022166,-0.073291,0.048072,0.996151,0,-0.18811,0.51138,15.633,-0.539,-1,656.071,-1,951.101,-1,546.990,611.179,406.551,489.402,-1,-1,-1,-1,-1,-1,-1,-1,2,0,2,0,2,0,0,0,0,2,2,2,2,2,2,2,2
489,-4263.426,-713.410,-64.878,47.508,0.673651,-0.733353,0.091580,0.735356,0.677492,0.016026,-0.073798,0.056548,0.995669,0,-0.18748,0.51736,15.407,-0.504,-1,654.911,-1,935.661,-1,541.350,622.172,395.856,484.430,-1,-1,-1,-1,-1,-1,-1,-1,2,0,2,0,2,0,0,1,0,2,2,2,2,2,2,2,2
490,-4251.082,-704.665,-69.985,47.028,0.679697,-0.726725,0.099419,0.729588,0.683806,0.010463,-0.075588,0.065423,0.994991,0,-0.18688,0.52299,15.129,-0.480,-1,647.909,-1,914.512,-1,530.296,620.130,334.528,477.816,-1,-1,-1,-1,-1,-1,-1,-1,2,0,2,0,2,0,0,1,0,2,2,2,2,2,2,2,2
491,-4239.093,-696.008,-76.259,46.609,0.684825,-0.720440,0.109458,0.724419,0.689343,0.004844,-0.078944,0.075976,0.993980,0,-0.18631,0.52837,14.788,-0.418,-1,634.925,-1,885.998,-1,513.816,612.484,293.405,469.171,-1,-1,-1,-1,-1,-1,-1,-1,2,0,2,0,2,0,0,1,0,2,2,2,2,2,2,2,2
492,-4227.358,-687.656,-83.542,46.215,0.689444,-0.714082,0.121467,0.719326,0.694672,0.000968,-0.085071,0.086707,0.992595,0,-0.18581,0.53311,14.403,-0.394,-1,613.543,-1,849.927,-1,488.237,599.633,332.583,459.091,-1,-1,-1,-1,972.871,-1,-1,-1,2,0,2,0,2,0,0,1,0,2,2,2,2,0,2,2,2
493,-4216.080,-679.664,-91.311,45.855,0.693166,-0.707799,0.136167,0.714175,0.699961,0.002860,-0.097336,0.095264,0.990682,0,-0.18533,0.53760,13.823,-0.360,13.282,577.103,-1,802.141,-1,450.318,578.929,369.868,449.370,-1,-1,-1,-1,911.988,-1,25.127,-1,1,0,2,0,2,0,0,1,0,2,2,2,2,0,2,1,2
494,-4205.803,-671.597,-99.125,45.691,0.693843,-0.703055,0.155868,0.710774,0.703367,0.008598,-0.115677,0.104822,0.987740,0,-0.18489,0.54173,13.065,-0.165,13.418,530.725,-1,731.269,-1,405.545,547.083,416.743,440.074,-1,-1,-1,-1,830.693,-1,36.285,-1,1,0,2,0,2,0,0,1,0,2,2,2,2,0,2,1,2
495,-4196.980,-662.828,-106.062,45.982,0.688463,-0.701924,0.182543,0.712474,0.701616,0.010788,-0.135648,0.122630,0.983139,0,-0.18467,0.54385,12.439,0.291,13.600,486.339,-1,658.861,-1,366.652,504.703,437.738,418.266,-1,-1,-1,-1,759.224,941.192,49.614,-1,1,0,2,0,2,0,0,0,0,2,2,2,2,0,0,1,2
496,-4188.700,-654.023,-111.488,46.430,0.680793,-0.701173,0.211842,0.715661,0.698353,0.011563,-0.156049,0.143735,0.977235,0,-0.18494,0.54130,12.087,0.448,13.611,447.744,-1,591.998,-1,333.896,454.043,458.713,392.990,-1,-1,-1,-1,697.470,863.448,56.107,1007.333,1,0,2,0,2,0,0,0,0,2,2,2,2,0,0,1,0
497,-4180.321,-645.180,-114.688,46.928,0.672587,-0.700685,0.238051,0.719455,0.694447,0.011311,-0.173239,0.163660,0.971187,0,-0.18538,0.53715,12.182,0.498,13.515,421.237,-1,541.738,16.107,311.610,411.844,485.686,368.571,-1,-1,-1,-1,652.502,788.578,59.285,22.332,1,0,2,0,1,0,0,0,0,2,2,2,2,0,0,1,1
498,-4175.714,-640.625,-109.875,46.901,0.671995,-0.700581,0.240019,0.718125,0.695631,0.019869,-0.180884,0.159012,0.970565,0,-0.18587,0.53251,6.479,-0.028,13.564,418.457,-1,542.472,16.161,312.120,413.656,490.658,390.414,-1,-1,-1,-1,641.449,784.019,57.338,22.311,1,0,2,0,1,0,0,0,0,2,2,2,2,0,0,1,1
499,-4171.187,-635.866,-104.854,47.034,0.669981,-0.701327,0.243447,0.719317,0.694372,0.020757,-0.183601,0.161208,0.969692,0,-0.18582,0.53298,6.568,0.133,13.287,427.476,-1,548.027,916.101,320.690,415.711,507.925,399.240,-1,-1,-1,-1,649.930,785.085,52.485,944.489,1,0,2,0,0,0,0,0,0,2,2,2,2,0,0,1,0
