timestep,x_cm,y_cm,z_cm,yaw_deg,basis_xx,basis_xy,basis_xz,basis_yx,basis_yy,basis_yz,basis_zx,basis_zy,basis_zz,teleport_flag,throttle_cmd,steering_cmd,cmd_move_cm,cmd_turn_deg,lidar_cm_0,lidar_cm_1,lidar_cm_2,lidar_cm_3,lidar_cm_4,lidar_cm_5,lidar_cm_6,lidar_cm_7,lidar_cm_8,lidar_cm_9,lidar_cm_10,lidar_cm_11,lidar_cm_12,lidar_cm_13,lidar_cm_14,lidar_cm_15,lidar_cm_16,lidar_class_0,lidar_class_1,lidar_class_2,lidar_class_3,lidar_class_4,lidar_class_5,lidar_class_6,lidar_class_7,lidar_class_8,lidar_class_9,lidar_class_10,lidar_class_11,lidar_class_12,lidar_class_13,lidar_class_14,lidar_class_15,lidar_class_16
0,2677.603,-232.737,523.973,-63.781,0.441802,0.897062,-0.009572,-0.897112,0.441792,-0.003209,0.001350,0.010005,0.999949,0,0.30645,-0.55205,0.204,-0.002,-1,575.365,-1,617.092,-1,484.113,494.572,749.894,531.445,-1,-1,-1,-1,-1,-1,-1,-1,2,0,2,0,2,0,0,0,0,2,2,2,2,2,2,2,2
1,2677.760,-233.279,524.937,-63.786,0.441729,0.897094,-0.009838,-0.897146,0.441724,-0.002772,0.001859,0.010051,0.999948,0,0.30645,-0.55205,0.565,-0.005,-1,578.972,-1,620.999,-1,487.065,497.534,754.390,534.145,-1,-1,-1,-1,-1,-1,-1,-1,2,0,2,0,2,0,0,0,0,2,2,2,2,2,2,2,2
2,2678.086,-234.154,524.741,-63.790,0.441663,0.897116,-0.010805,-0.897175,0.441672,-0.001728,0.003222,0.010458,0.999940,0,0.30645,-0.55205,0.933,-0.004,-1,581.750,-1,623.456,-1,488.935,499.295,755.722,532.654,-1,-1,-1,-1,-1,-1,-1,-1,2,0,2,0,2,0,0,0,0,2,2,2,2,2,2,2,2
3,2678.588,-235.342,523.528,-63.784,0.441751,0.897050,-0.012549,-0.897123,0.441780,-0.000461,0.005131,0.011462,0.999921,0,0.30645,-0.55205,1.289,0.006,-1,583.469,-1,623.918,-1,489.546,499.608,755.361,526.855,-1,-1,-1,-1,-1,-1,-1,-1,2,0,2,0,2,0,0,0,0,2,2,2,2,2,2,2,2
4,2679.295,-236.873,521.547,-63.765,0.442042,0.896867,-0.015117,-0.896963,0.442105,0.000926,0.007514,0.013150,0.999885,0,0.30645,-0.55205,1.687,0.019,-1,584.647,-1,622.823,15.057,489.322,498.860,754.693,517.332,-1,-1,-1,-1,-1,-1,-1,23.266,2,0,2,0,1,0,0,0,0,2,2,2,2,2,2,2,1
5,2680.197,-238.769,519.133,-63.739,0.442441,0.896614,-0.018142,-0.896740,0.442552,0.002405,0.010185,0.015205,0.999833,0,0.30645,-0.55205,2.099,0.026,-1,585.546,-1,620.894,15.066,488.639,497.529,753.809,505.853,-1,-1,-1,-1,-1,-1,-1,23.252,2,0,2,0,1,0,0,0,0,2,2,2,2,2,2,2,1
6,2681.256,-240.913,516.833,-63.712,0.442860,0.896382,-0.019320,-0.896519,0.442995,0.003129,0.011363,0.015935,0.999808,0,0.30645,-0.55205,2.391,0.027,-1,582.204,-1,616.463,15.080,485.397,494.056,747.655,497.396,-1,-1,-1,-1,-1,-1,-1,23.231,2,0,2,0,1,0,0,0,0,2,2,2,2,2,2,2,1
7,2682.534,-243.218,515.046,-63.683,0.443316,0.896187,-0.017888,-0.896305,0.443430,0.002791,0.010434,0.014796,0.999836,0,0.30645,-0.55205,2.636,0.029,-1,573.905,-1,609.710,15.098,479.363,488.384,735.682,493.942,-1,-1,-1,-1,-1,-1,-1,23.203,2,0,2,0,1,0,0,0,0,2,2,2,2,2,2,2,1
8,2684.077,-245.745,514.049,-63.648,0.443874,0.895960,-0.015191,-0.896047,0.443954,0.002218,0.008731,0.012627,0.999882,0,0.30645,-0.55205,2.961,0.035,13.308,565.478,-1,604.069,15.122,473.601,483.311,723.062,494.688,-1,-1,-1,-1,-1,-1,24.635,23.167,1,0,2,0,1,0,0,0,0,2,2,2,2,2,2,1,1
9,2685.874,-248.544,513.857,-63.602,0.444597,0.895648,-0.012208,-0.895702,0.444651,0.001981,0.007202,0.010054,0.999924,0,0.30645,-0.55205,3.327,0.046,13.301,559.504,-1,601.393,15.152,469.843,480.372,712.650,498.560,-1,-1,-1,-1,-1,-1,29.189,23.123,1,0,2,0,1,0,0,0,0,2,2,2,2,2,2,1,1
10,2687.898,-251.644,514.340,-63.541,0.445543,0.895206,-0.009929,-0.895238,0.445583,0.002229,0.006420,0.007895,0.999948,0,0.30645,-0.55205,3.702,0.060,13.304,557.178,-1,602.050,15.139,468.863,480.077,707.167,503.596,-1,-1,-1,-1,-1,-1,31.280,23.142,1,0,2,0,1,0,0,0,0,2,2,2,2,2,2,1,1
11,2690.091,-255.073,515.286,-63.471,0.446634,0.894673,-0.008872,-0.894693,0.446672,0.002791,0.006460,0.006691,0.999957,0,0.30645,-0.55205,4.071,0.070,13.305,558.501,-1,605.219,15.133,470.390,481.983,707.443,508.044,-1,-1,-1,-1,-1,-1,30.219,23.152,1,0,2,0,1,0,0,0,0,2,2,2,2,2,2,1,1
12,2692.412,-258.837,516.419,-63.396,0.447804,0.894086,-0.008997,-0.894104,0.447846,0.003320,0.006997,0.006558,0.999954,0,0.30645,-0.55205,4.422,0.075,13.294,562.463,-1,609.276,15.187,473.308,484.932,712.804,510.793,-1,-1,-1,-1,-1,-1,26.210,23.074,1,0,2,0,1,0,0,0,0,2,2,2,2,2,2,1,1
13,2694.854,-262.889,517.495,-63.312,0.449122,0.893415,-0.009966,-0.893439,0.449172,0.003376,0.007493,0.007388,0.999945,0,0.30645,-0.55205,4.732,0.085,9.107,566.844,-1,612.286,15.397,476.155,487.495,721.670,511.254,-1,-1,-1,-1,-1,-1,8.657,22.823,1,0,2,0,1,0,0,0,0,2,2,2,2,2,2,1,1
14,2697.408,-267.145,518.355,-63.209,0.450719,0.892595,-0.011288,-0.892635,0.450772,0.002593,0.007403,0.008907,0.999933,0,0.30645,-0.55205,4.963,0.102,-1,569.766,-1,612.665,15.392,477.613,488.428,732.267,509.492,-1,-1,-1,-1,-1,-1,-1,22.828,2,0,2,0,1,0,0,0,0,2,2,2,2,2,2,2,1
15,2700.068,-271.603,518.903,-63.098,0.452451,0.891702,-0.012454,-0.891764,0.452500,0.001285,0.006781,0.010525,0.999922,0,0.30645,-0.55205,5.191,0.111,-1,570.644,-1,610.753,15.374,477.468,487.710,741.973,506.516,-1,-1,-1,-1,-1,-1,-1,22.847,2,0,2,0,1,0,0,0,0,2,2,2,2,2,2,2,1
16,2702.867,-276.255,519.130,-62.982,0.454263,0.890772,-0.013056,-0.890848,0.454301,-0.000073,0.005867,0.011664,0.999915,0,0.30645,-0.55205,5.428,0.116,-1,569.589,-1,607.583,15.468,476.019,485.839,748.486,503.538,-1,-1,-1,-1,-1,-1,-1,22.751,2,0,2,0,1,0,0,0,0,2,2,2,2,2,2,2,1
17,2705.875,-281.090,519.074,-62.855,0.456230,0.889765,-0.013143,-0.889848,0.456257,-0.001109,0.005010,0.012201,0.999913,0,0.30645,-0.55205,5.695,0.126,-1,567.427,-1,604.187,15.470,473.888,483.505,751.463,500.781,-1,-1,-1,-1,-1,-1,-1,22.748,2,0,2,0,1,0,0,0,0,2,2,2,2,2,2,2,1
18,2709.096,-286.171,518.773,-62.729,0.458201,0.888756,-0.012837,-0.888837,0.458222,-0.001449,0.004594,0.012073,0.999917,0,0.31308,-1.00000,6.016,0.127,-1,565.102,-1,601.640,15.274,471.809,481.460,750.883,498.653,-1,-1,-1,-1,-1,-1,-1,22.962,2,0,2,0,1,0,0,0,0,2,2,2,2,2,2,2,1
19,2712.498,-291.532,518.334,-62.611,0.460025,0.887821,-0.012285,-0.887893,0.460048,-0.001029,0.004738,0.011381,0.999924,0,0.31308,-1.00000,6.350,0.118,-1,563.248,-1,600.444,15.132,470.238,480.131,747.428,497.276,-1,-1,-1,-1,-1,-1,-1,23.152,2,0,2,0,1,0,0,0,0,2,2,2,2,2,2,2,1
20,2716.051,-297.135,517.890,-62.501,0.461732,0.886944,-0.011584,-0.887005,0.461759,-0.000387,0.005006,0.010454,0.999933,0,0.31308,-1.00000,6.634,0.110,10.935,561.480,-1,599.693,15.053,468.805,479.027,743.161,496.465,-1,-1,-1,-1,-1,-1,10.267,23.272,1,0,2,0,1,0,0,0,0,2,2,2,2,2,2,1,1
21,2719.719,-302.946,517.577,-62.392,0.463411,0.886076,-0.010938,-0.886129,0.463439,0.000030,0.005096,0.009678,0.999940,0,0.31308,-1.00000,6.871,0.108,13.348,559.762,-1,598.751,14.989,467.372,477.870,740.070,495.820,-1,-1,-1,-1,-1,-1,23.593,23.381,1,0,2,0,1,0,0,0,0,2,2,2,2,2,2,1,1
22,2723.469,-308.968,517.463,-62.287,0.465034,0.885231,-0.010463,-0.885279,0.465060,0.000052,0.004912,0.009238,0.999945,0,0.31308,-1.00000,7.094,0.105,13.374,558.198,-1,597.445,14.919,465.966,476.626,739.098,495.012,-1,-1,-1,-1,-1,-1,26.713,23.507,1,0,2,0,1,0,0,0,0,2,2,2,2,2,2,1,1
23,2727.309,-315.240,517.516,-62.189,0.466552,0.884433,-0.010379,-0.884481,0.466576,-0.000078,0.004774,0.009217,0.999946,0,0.31308,-1.00000,7.354,0.098,13.452,557.483,-1,596.397,14.743,465.059,475.743,740.493,493.821,-1,-1,-1,-1,-1,-1,28.444,23.880,1,0,2,0,1,0,0,0,0,2,2,2,2,2,2,1,1
24,2731.220,-321.786,517.696,-62.104,0.467860,0.883739,-0.010567,-0.883789,0.467886,-0.000024,0.004923,0.009351,0.999944,0,0.31308,-1.00000,7.625,0.085,13.586,557.836,-1,596.278,14.509,464.924,475.569,743.132,492.916,-1,-1,-1,-1,-1,-1,29.311,24.529,1,0,2,0,1,0,0,0,0,2,2,2,2,2,2,1,1
25,2735.165,-328.604,517.978,-62.042,0.468821,0.883228,-0.010739,-0.883277,0.468851,0.000321,0.005318,0.009335,0.999942,0,0.31308,-1.00000,7.877,0.062,13.662,558.812,-1,597.170,14.397,465.402,476.072,745.726,492.767,-1,-1,-1,-1,-1,-1,29.123,24.923,1,0,2,0,1,0,0,0,0,2,2,2,2,2,2,1,1
26,2739.989,-337.074,518.397,-61.983,0.469718,0.882751,-0.010764,-0.882797,0.469754,0.000886,0.005838,0.009087,0.999942,0,0.31308,-1.00000,9.748,0.058,13.703,560.125,-1,598.941,14.342,466.186,476.971,748.364,493.217,-1,-1,-1,-1,-1,-1,26.616,25.141,1,0,2,0,1,0,0,0,0,2,2,2,2,2,2,1,1
27,2743.243,-342.816,518.722,-61.958,0.470106,0.882550,-0.010263,-0.882589,0.470143,0.001350,0.006016,0.008423,0.999946,0,0.31308,-1.00000,6.600,0.025,13.780,560.391,-1,600.300,14.243,466.461,477.488,748.385,494.560,-1,-1,-1,-1,-1,-1,26.181,25.584,1,0,2,0,1,0,0,0,0,2,2,2,2,2,2,1,1
28,2747.234,-349.854,519.376,-61.972,0.469886,0.882689,-0.008160,-0.882700,0.469924,0.003447,0.006877,0.005583,0.999961,0,0.31308,-1.00000,8.090,-0.014,13.752,561.445,-1,605.955,14.279,468.141,480.172,741.055,500.856,-1,-1,-1,-1,-1,-1,25.903,25.418,1,0,2,0,1,0,0,0,0,2,2,2,2,2,2,1,1
29,2751.284,-356.767,520.325,-61.997,0.469499,0.882917,-0.005399,-0.882883,0.469528,0.007804,0.009425,0.001103,0.999955,0,0.31308,-1.00000,8.013,-0.025,13.664,565.968,-1,618.010,14.394,473.072,486.676,728.149,511.432,-1,-1,-1,-1,-1,-1,24.790,24.933,1,0,2,0,1,0,0,0,0,2,2,2,2,2,2,1,1
30,2755.530,-363.587,521.505,-61.988,0.469612,0.882868,-0.003090,-0.882768,0.469607,0.013806,0.013640,-0.003756,0.999900,0,0.31308,-1.00000,8.033,0.009,10.297,574.698,-1,635.568,14.517,481.318,496.660,715.622,523.799,-1,-1,-1,-1,-1,-1,9.462,24.505,1,0,2,0,1,0,0,0,0,2,2,2,2,2,2,1,1
31,2759.979,-370.392,522.760,-61.950,0.470167,0.882577,-0.001263,-0.882380,0.470092,0.020461,0.018652,-0.008506,0.999790,0,0.31308,-1.00000,8.130,0.038,-1,585.809,-1,655.885,14.590,491.235,508.306,704.516,536.691,-1,-1,-1,-1,-1,-1,-1,24.281,2,0,2,0,1,0,0,0,0,2,2,2,2,2,2,2,1
32,2764.565,-377.218,523.926,-61.889,0.471057,0.882103,0.000128,-0.881794,0.470888,0.026536,0.023347,-0.012613,0.999648,0,0.31308,-1.00000,8.223,0.061,-1,597.142,-1,675.342,14.547,500.665,519.278,695.793,548.206,-1,-1,-1,-1,-1,-1,-1,24.410,2,0,2,0,1,0,0,0,0,2,2,2,2,2,2,2,1
33,2769.193,-384.065,524.923,-61.797,0.472435,0.881365,0.001178,-0.880964,0.472180,0.030792,0.026583,-0.015585,0.999525,0,0.31308,-1.00000,8.264,0.092,-1,607.554,-1,690.438,14.138,507.391,527.109,690.412,556.702,-1,-1,-1,-1,-1,-1,-1,26.136,2,0,2,0,1,0,0,0,0,2,2,2,2,2,2,2,1
34,2773.780,-390.942,525.858,-61.673,0.474303,0.880361,0.000261,-0.879878,0.474033,0.033271,0.029167,-0.016010,0.999446,0,0.31308,-1.00000,8.267,0.124,14.140,618.437,-1,700.969,13.867,513.232,533.161,693.622,559.228,-1,-1,-1,-1,-1,-1,26.128,28.184,1,0,2,0,1,0,0,0,0,2,2,2,2,2,2,1,1
35,2778.208,-398.070,526.772,-61.556,0.476042,0.879415,-0.003607,-0.878815,0.475861,0.035216,0.032685,-0.013594,0.999373,0,0.44873,-0.78994,8.391,0.117,14.523,634.874,-1,711.689,13.578,521.243,540.496,707.005,555.486,-1,-1,-1,-1,-1,-1,24.483,30.353,1,0,2,0,1,0,0,0,0,2,2,2,2,2,2,1,1
36,2782.342,-405.710,527.578,-61.512,0.476648,0.879043,-0.009549,-0.878299,0.476650,0.037358,0.037391,-0.009420,0.999256,0,0.44873,-0.78994,8.687,0.045,14.872,655.397,-1,724.543,13.393,531.754,549.728,726.827,548.575,-1,-1,-1,-1,-1,-1,23.597,22.966,1,0,2,0,1,0,0,0,0,2,2,2,2,2,2,1,1
37,2786.153,-413.797,528.230,-61.548,0.476009,0.879292,-0.016124,-0.878440,0.476262,0.038948,0.041926,-0.004375,0.999111,0,0.44873,-0.78994,8.940,-0.036,15.177,676.205,-1,735.586,-1,542.079,558.413,750.051,539.674,-1,-1,-1,-1,-1,-1,23.089,-1,1,0,2,0,2,0,0,0,0,2,2,2,2,2,2,1,2
38,2789.794,-422.136,528.670,-61.622,0.474806,0.879802,-0.022505,-0.878948,0.475338,0.038798,0.044832,0.001359,0.998994,0,0.44873,-0.78994,9.100,-0.075,15.765,692.804,-1,740.227,-1,549.127,563.455,776.379,528.929,-1,-1,-1,-1,-1,-1,22.511,-1,1,0,2,0,2,0,0,0,0,2,2,2,2,2,2,1,2
39,2793.202,-430.716,528.878,-61.758,0.472708,0.880795,-0.027327,-0.880034,0.473453,0.037175,0.045682,0.006476,0.998935,0,0.44873,-0.78994,9.232,-0.136,16.346,700.742,-1,738.648,-1,551.607,564.123,799.577,518.868,-1,-1,-1,-1,-1,-1,22.254,-1,1,0,2,0,2,0,0,0,0,2,2,2,2,2,2,1,2
40,2796.329,-439.553,528.848,-61.982,0.469278,0.882546,-0.029834,-0.881918,0.470119,0.034778,0.044719,0.009991,0.998950,0,0.44873,-0.78994,9.373,-0.224,16.407,700.089,-1,732.572,-1,549.755,561.169,814.474,511.397,-1,-1,-1,-1,-1,-1,22.238,-1,1,0,2,0,2,0,0,0,0,2,2,2,2,2,2,1,2
41,2799.273,-448.608,528.473,-62.275,0.464810,0.884906,-0.029880,-0.884412,0.465624,0.031780,0.042036,0.011655,0.999048,0,0.44873,-0.78994,9.522,-0.293,14.263,690.594,-1,721.897,-1,543.525,554.507,819.168,506.509,-1,-1,-1,-1,-1,-1,11.316,-1,1,0,2,0,2,0,0,0,0,2,2,2,2,2,2,1,2
42,2802.228,-457.678,527.443,-62.586,0.460123,0.887461,-0.026474,-0.887121,0.460750,0.026947,0.036113,0.011087,0.999286,0,0.44873,-0.78994,9.539,-0.310,-1,666.759,-1,701.140,-1,529.311,540.463,810.023,503.695,-1,-1,-1,-1,-1,-1,-1,-1,2,0,2,0,2,0,0,0,0,2,2,2,2,2,2,2,2
43,2805.387,-466.817,525.672,-62.878,0.455717,0.889883,-0.020768,-0.889692,0.456099,0.020540,0.027750,0.009117,0.999573,0,0.44873,-0.78994,9.670,-0.292,-1,632.507,-1,673.290,-1,508.964,520.654,790.604,501.249,-1,-1,-1,-1,-1,-1,-1,-1,2,0,2,0,2,0,0,0,0,2,2,2,2,2,2,2,2
44,2808.657,-476.177,523.186,-63.186,0.451027,0.892409,-0.013445,-0.892331,0.451187,0.013284,0.017921,0.006006,0.999821,0,0.44873,-0.78994,9.915,-0.308,16.811,592.359,-1,641.105,-1,484.935,497.597,759.389,498.861,-1,-1,-1,-1,-1,-1,22.182,-1,1,0,2,0,2,0,0,0,0,2,2,2,2,2,2,1,2
45,2811.968,-485.945,520.519,-63.528,0.445740,0.895121,-0.008650,-0.895108,0.445799,0.006797,0.009941,0.004713,0.999940,0,0.44873,-0.78994,10.314,-0.342,17.309,560.358,-1,613.155,-1,464.822,477.897,736.365,492.821,-1,-1,-1,-1,-1,-1,22.196,-1,1,0,2,0,2,0,0,0,0,2,2,2,2,2,2,1,2
46,2814.909,-496.218,518.508,-63.941,0.439278,0.898327,-0.006657,-0.898324,0.439310,0.004485,0.006954,0.004010,0.999968,0,0.44873,-0.78994,10.686,-0.414,17.346,545.426,-1,600.928,17.506,455.052,468.445,719.510,487.890,-1,-1,-1,-1,-1,-1,22.200,28.419,1,0,2,0,1,0,0,0,0,2,2,2,2,2,2,1,1
47,2817.512,-506.910,517.577,-64.422,0.431728,0.901971,-0.007714,-0.901964,0.431773,0.005727,0.008497,0.004486,0.999954,0,0.44873,-0.78994,11.005,-0.480,17.308,545.940,-1,603.212,17.205,455.434,468.978,713.194,484.107,-1,-1,-1,-1,-1,-1,22.196,30.637,1,0,2,0,1,0,0,0,0,2,2,2,2,2,2,1,1
48,2819.995,-517.989,517.681,-64.927,0.423737,0.905724,-0.010521,-0.905699,0.423828,0.008857,0.012481,0.005776,0.999905,0,0.44873,-0.78994,11.353,-0.505,17.236,555.286,-1,614.665,16.679,462.361,476.061,716.042,481.806,-1,-1,-1,-1,-1,-1,22.190,28.484,1,0,2,0,1,0,0,0,0,2,2,2,2,2,2,1,1
49,2822.494,-529.378,518.570,-65.421,0.415882,0.909310,-0.014060,-0.909255,0.416050,0.012519,0.017233,0.007577,0.999823,0,0.44873,-0.78994,11.660,-0.494,17.146,570.148,-1,630.981,16.133,472.518,486.313,723.505,480.696,-1,-1,-1,-1,-1,-1,22.183,22.981,1,0,2,0,1,0,0,0,0,2,2,2,2,2,2,1,1
50,2824.938,-540.942,519.934,-65.926,0.407822,0.912910,-0.016634,-0.912829,0.408061,0.015124,0.020595,0.009016,0.999747,0,0.44873,-0.78994,11.819,-0.505,17.274,583.272,-1,646.847,-1,481.467,495.487,731.058,481.327,-1,-1,-1,-1,-1,-1,22.193,-1,1,0,2,0,2,0,0,0,0,2,2,2,2,2,2,1,2
51,2827.287,-552.707,521.406,-66.457,0.399344,0.916626,-0.017913,-0.916528,0.399626,0.016605,0.022379,0.009786,0.999702,0,0.44873,-0.78994,11.997,-0.530,17.774,591.972,-1,659.308,-1,488.267,502.369,735.465,483.219,-1,-1,-1,-1,-1,-1,22.269,-1,1,0,2,0,2,0,0,0,0,2,2,2,2,2,2,1,2
52,2829.440,-564.514,522.729,-67.016,0.390373,0.920489,-0.017593,-0.920384,0.390651,0.016880,0.022411,0.009602,0.999703,0,0.25811,-0.94188,12.002,-0.560,17.343,594.785,-1,667.041,-1,491.593,505.966,735.378,486.137,-1,-1,-1,-1,-1,-1,22.200,-1,1,0,2,0,2,0,0,0,0,2,2,2,2,2,2,1,2
53,2831.595,-576.239,523.729,-67.548,0.381818,0.924075,-0.017321,-0.923984,0.382085,0.016275,0.021658,0.009790,0.999717,0,0.25811,-0.94188,11.921,-0.532,17.002,594.755,-1,670.768,-1,492.801,507.594,735.371,487.477,-1,-1,-1,-1,-1,-1,22.178,-1,1,0,2,0,2,0,0,0,0,2,2,2,2,2,2,1,2
54,2833.502,-587.805,524.415,-68.066,0.373447,0.927485,-0.017579,-0.927408,0.373716,0.015841,0.021261,0.010387,0.999720,0,0.25811,-0.94188,11.722,-0.518,17.155,595.048,-1,674.098,-1,494.005,509.480,735.718,487.312,-1,-1,-1,-1,-1,-1,22.184,-1,1,0,2,0,2,0,0,0,0,2,2,2,2,2,2,1,2
55,2835.106,-599.384,524.751,-68.625,0.364384,0.931077,-0.017893,-0.930998,0.364665,0.016214,0.021621,0.010750,0.999708,0,0.25811,-0.94188,11.690,-0.559,17.160,596.593,-1,679.734,-1,495.819,512.140,731.907,486.773,-1,-1,-1,-1,-1,-1,22.184,-1,1,0,2,0,2,0,0,0,0,2,2,2,2,2,2,1,2
56,2836.649,-611.026,524.732,-69.192,0.355155,0.934623,-0.018551,-0.934536,0.355460,0.017041,0.022522,0.011285,0.999683,0,0.25811,-0.94188,11.743,-0.566,17.074,598.872,-1,685.945,-1,497.823,515.012,726.834,485.071,-1,-1,-1,-1,-1,-1,22.180,-1,1,0,2,0,2,0,0,0,0,2,2,2,2,2,2,1,2
57,2838.185,-622.660,524.504,-69.746,0.346089,0.938004,-0.019272,-0.937918,0.346417,0.017485,0.023077,0.012024,0.999661,0,0.25811,-0.94188,11.735,-0.555,17.325,600.295,-1,690.016,-1,498.797,516.690,722.671,482.430,-1,-1,-1,-1,-1,-1,22.198,-1,1,0,2,0,2,0,0,0,0,2,2,2,2,2,2,1,2
58,2839.551,-634.302,524.155,-70.307,0.336897,0.941344,-0.019301,-0.941259,0.337227,0.017599,0.023075,0.012239,0.999659,0,0.25811,-0.94188,11.722,-0.561,17.687,599.938,-1,692.336,-1,498.983,517.150,714.812,480.417,-1,-1,-1,-1,-1,-1,22.252,-1,1,0,2,0,2,0,0,0,0,2,2,2,2,2,2,1,2
59,2840.645,-645.918,523.779,-70.898,0.327162,0.944785,-0.018588,-0.944701,0.327475,0.017357,0.022486,0.011881,0.999677,0,0.25811,-0.94188,11.667,-0.592,17.966,597.643,-1,693.326,-1,498.012,516.634,703.443,479.343,-1,-1,-1,-1,-1,-1,22.313,-1,1,0,2,0,2,0,0,0,0,2,2,2,2,2,2,1,2
60,2841.517,-657.518,523.425,-71.510,0.317071,0.948235,-0.017753,-0.948155,0.317360,0.016865,0.021626,0.011485,0.999700,0,0.25811,-0.94188,11.633,-0.611,17.321,594.775,-1,693.656,-1,496.777,515.735,690.909,478.371,-1,-1,-1,-1,-1,-1,22.197,-1,1,0,2,0,2,0,0,0,0,2,2,2,2,2,2,1,2
61,2842.494,-669.136,523.085,-72.068,0.307811,0.951278,-0.017951,-0.951211,0.308101,0.016480,0.021208,0.012002,0.999703,0,0.25811,-0.94188,11.659,-0.559,16.882,593.674,-1,694.269,-1,496.436,515.873,682.803,475.859,-1,-1,-1,-1,-1,-1,22.180,-1,1,0,2,0,2,0,0,0,0,2,2,2,2,2,2,1,2
62,2843.586,-680.731,522.980,-72.556,0.299701,0.953825,-0.019921,-0.953774,0.300041,0.017026,0.022217,0.013898,0.999657,0,0.25811,-0.94188,11.646,-0.487,17.310,597.759,-1,698.644,-1,499.395,519.396,683.927,471.675,-1,-1,-1,-1,-1,-1,22.196,-1,1,0,2,0,2,0,0,0,0,2,2,2,2,2,2,1,2
63,2844.413,-692.257,523.181,-73.085,0.290876,0.956537,-0.020705,-0.956484,0.291244,0.017732,0.022991,0.014647,0.999628,0,0.25811,-0.94188,11.556,-0.529,17.231,601.387,-1,705.298,-1,502.605,523.626,681.436,470.260,-1,-1,-1,-1,-1,-1,22.189,-1,1,0,2,0,2,0,0,0,0,2,2,2,2,2,2,1,2
64,2845.140,-703.770,523.586,-73.631,0.281744,0.959270,-0.020513,-0.959208,0.282115,0.018174,0.023221,0.014555,0.999624,0,0.25811,-0.94188,11.536,-0.546,17.150,604.256,-1,711.873,-1,505.207,527.389,675.423,470.762,-1,-1,-1,-1,-1,-1,22.183,-1,1,0,2,0,2,0,0,0,0,2,2,2,2,2,2,1,2
65,2845.852,-715.320,524.092,-74.167,0.272759,0.961871,-0.020173,-0.961806,0.273123,0.018264,0.023077,0.014421,0.999630,0,0.25811,-0.94188,11.572,-0.536,17.036,606.679,-1,716.575,-1,507.963,530.553,669.623,471.550,-1,-1,-1,-1,-1,-1,22.179,-1,1,0,2,0,2,0,0,0,0,2,2,2,2,2,2,1,2
66,2846.564,-726.924,524.580,-74.685,0.264050,0.964300,-0.020059,-0.964241,0.264410,0.018080,0.022739,0.014568,0.999635,0,0.25811,-0.94188,11.626,-0.518,17.161,608.741,-1,719.775,-1,510.564,533.177,664.745,471.775,-1,-1,-1,-1,-1,-1,22.184,-1,1,0,2,0,2,0,0,0,0,2,2,2,2,2,2,1,2
67,2847.201,-738.564,524.977,-75.203,0.255325,0.966656,-0.019653,-0.966599,0.255673,0.017849,0.022278,0.014439,0.999648,0,0.25811,-0.94188,11.657,-0.518,17.503,609.990,-1,722.521,-1,512.656,535.393,657.797,472.227,-1,-1,-1,-1,-1,-1,22.221,-1,1,0,2,0,2,0,0,0,0,2,2,2,2,2,2,1,2
68,2847.657,-750.229,525.260,-75.743,0.246218,0.969033,-0.018741,-0.968970,0.246544,0.017689,0.021762,0.013804,0.999668,0,0.25811,-0.94188,11.674,-0.539,17.737,610.277,-1,725.259,-1,514.164,537.488,647.383,473.268,-1,-1,-1,-1,-1,-1,22.261,-1,1,0,2,0,2,0,0,0,0,2,2,2,2,2,2,1,2
69,2847.903,-761.888,525.444,-76.307,0.236671,0.971429,-0.017681,-0.971355,0.236975,0.017664,0.021350,0.012994,0.999688,0,0.25811,-0.94188,11.661,-0.564,17.988,610.462,-1,728.233,-1,515.703,540.137,635.899,474.390,-1,-1,-1,-1,-1,-1,22.318,-1,1,0,2,0,2,0,0,0,0,2,2,2,2,2,2,1,2
70,2847.764,-773.416,525.628,-76.908,0.226467,0.973874,-0.016807,-0.973790,0.226754,0.017794,0.021140,0.012337,0.999700,0,0.25811,-0.94188,11.529,-0.601,18.164,611.430,-1,731.839,-1,517.840,543.357,624.918,475.300,-1,-1,-1,-1,-1,-1,22.365,-1,1,0,2,0,2,0,0,0,0,2,2,2,2,2,2,1,2
71,2847.216,-784.819,525.778,-77.543,0.215653,0.976330,-0.016544,-0.976238,0.215940,0.018129,0.021273,0.012242,0.999699,0,0.25811,-0.94188,11.416,-0.635,17.920,614.205,-1,735.994,-1,520.836,547.271,617.462,475.206,-1,-1,-1,-1,-1,-1,22.301,-1,1,0,2,0,2,0,0,0,0,2,2,2,2,2,2,1,2
72,2846.649,-796.268,525.863,-78.141,0.205451,0.978502,-0.017988,-0.978417,0.205779,0.018831,0.022128,0.013731,0.999661,0,0.25811,-0.94188,11.463,-0.598,17.718,619.968,-1,740.643,-1,525.707,552.165,617.835,472.227,-1,-1,-1,-1,-1,-1,22.258,-1,1,0,2,0,2,0,0,0,0,2,2,2,2,2,2,1,2
73,2845.946,-807.735,525.912,-78.732,0.195352,0.980537,-0.019609,-0.980466,0.195727,0.019431,0.022891,0.015430,0.999619,0,0.25811,-0.94188,11.488,-0.591,17.559,625.607,-1,744.583,-1,530.593,556.741,618.804,468.761,-1,-1,-1,-1,-1,-1,22.229,-1,1,0,2,0,2,0,0,0,0,2,2,2,2,2,2,1,2
74,2845.185,-819.185,525.988,-79.314,0.185372,0.982440,-0.021186,-0.982398,0.185784,0.019459,0.023053,0.017206,0.999586,0,0.25811,-0.94188,11.476,-0.583,17.417,629.803,-1,746.342,-1,534.315,559.926,620.097,465.125,-1,-1,-1,-1,-1,-1,22.208,-1,1,0,2,0,2,0,0,0,0,2,2,2,2,2,2,1,2
75,2844.409,-830.673,526.094,-79.882,0.175630,0.984204,-0.022275,-0.984191,0.176063,0.019228,0.022846,0.018546,0.999567,0,0.25811,-0.94188,11.514,-0.568,17.272,633.472,-1,747.349,13.475,537.229,562.433,619.248,462.269,-1,-1,-1,-1,-1,-1,22.192,13.572,1,0,2,0,1,0,0,0,0,2,2,2,2,2,2,1,1
76,2843.697,-842.212,526.236,-80.429,0.166220,0.985826,-0.022751,-0.985835,0.166656,0.018861,0.022385,0.019294,0.999563,0,0.25811,-0.94188,11.561,-0.547,17.442,636.088,-1,746.677,17.562,539.524,564.791,615.626,460.463,-1,-1,-1,-1,-1,-1,22.212,17.771,1,0,2,0,1,0,0,0,0,2,2,2,2,2,2,1,1
77,2843.055,-853.754,526.489,-80.954,0.157186,0.987315,-0.022385,-0.987334,0.157603,0.018250,0.021547,0.019233,0.999583,0,0.25811,-0.94188,11.559,-0.525,17.441,637.686,-1,745.362,18.459,541.166,566.740,611.258,460.241,-1,-1,-1,-1,-1,-1,22.212,20.295,1,0,2,0,1,0,0,0,0,2,2,2,2,2,2,1,1
78,2842.323,-865.225,526.887,-81.472,0.148259,0.988712,-0.021616,-0.988731,0.148650,0.017742,0.020755,0.018742,0.999609,0,0.20957,-0.65379,11.494,-0.518,17.324,639.353,-1,745.167,17.346,543.247,569.263,605.695,461.118,-1,-1,-1,-1,-1,-1,22.197,21.106,1,0,2,0,1,0,0,0,0,2,2,2,2,2,2,1,1
79,2841.601,-876.666,527.321,-81.975,0.139579,0.989987,-0.021082,-0.990004,0.139953,0.017445,0.020221,0.018436,0.999626,0,0.20957,-0.65379,11.464,-0.503,16.819,641.792,-1,745.809,14.748,546.176,572.283,601.303,461.788,-1,-1,-1,-1,-1,-1,22.182,22.030,1,0,2,0,1,0,0,0,0,2,2,2,2,2,2,1,1
80,2841.014,-888.128,527.717,-82.432,0.131679,0.991071,-0.020970,-0.991095,0.132046,0.017175,0.019791,0.018522,0.999633,0,0.20957,-0.65379,11.477,-0.457,16.936,644.492,-1,745.810,15.149,549.271,575.140,598.745,461.666,-1,-1,-1,-1,-1,-1,22.178,20.417,1,0,2,0,1,0,0,0,0,2,2,2,2,2,2,1,1
81,2840.282,-899.496,528.092,-82.896,0.123649,0.992112,-0.020595,-0.992139,0.124002,0.016828,0.019249,0.018352,0.999646,0,0.20957,-0.65379,11.392,-0.464,17.052,646.701,-1,745.261,15.635,551.903,577.777,594.709,461.924,-1,-1,-1,-1,-1,-1,22.179,18.957,1,0,2,0,1,0,0,0,0,2,2,2,2,2,2,1,1
82,2839.385,-910.808,528.399,-83.380,0.115259,0.993128,-0.020289,-0.993157,0.115601,0.016619,0.018850,0.018235,0.999656,0,0.20957,-0.65379,11.348,-0.484,16.815,649.259,-1,744.824,14.736,554.756,580.631,590.345,461.963,-1,-1,-1,-1,-1,-1,22.182,19.044,1,0,2,0,1,0,0,0,0,2,2,2,2,2,2,1,1
83,2838.496,-922.120,528.633,-83.839,0.107301,0.994010,-0.020767,-0.994049,0.107654,0.016677,0.018812,0.018854,0.999645,0,0.20957,-0.65379,11.347,-0.459,16.611,653.144,-1,744.621,14.214,558.240,583.874,589.573,460.570,-1,-1,-1,-1,-1,-1,22.202,22.982,1,0,2,0,1,0,0,0,0,2,2,2,2,2,2,1,1
84,2837.617,-933.448,528.793,-84.265,0.099911,0.994764,-0.021511,-0.994816,0.100282,0.016880,0.018948,0.019713,0.999626,0,0.20957,-0.65379,11.362,-0.426,16.516,657.667,-1,744.570,14.034,561.845,587.310,589.759,458.561,-1,-1,-1,-1,-1,-1,22.216,23.113,1,0,2,0,1,0,0,0,0,2,2,2,2,2,2,1,1
85,2836.694,-944.769,528.850,-84.682,0.092660,0.995455,-0.021991,-0.995518,0.093041,0.016966,0.018935,0.020320,0.999614,0,0.20957,-0.65379,11.359,-0.417,16.427,661.262,-1,743.982,13.883,564.799,590.216,588.435,456.752,-1,-1,-1,-1,-1,-1,22.235,23.311,1,0,2,0,1,0,0,0,0,2,2,2,2,2,2,1,1
86,2835.746,-956.074,528.856,-85.093,0.085524,0.996086,-0.022339,-0.996158,0.085911,0.016962,0.018815,0.020802,0.999607,0,0.20957,-0.65379,11.344,-0.411,16.401,664.297,-1,743.033,13.844,567.384,592.744,586.457,455.096,-1,-1,-1,-1,-1,-1,22.240,24.402,1,0,2,0,1,0,0,0,0,2,2,2,2,2,2,1,1
87,2834.735,-967.353,528.888,-85.501,0.078435,0.996664,-0.022554,-0.996743,0.078826,0.017008,0.018729,0.021147,0.999601,0,0.20957,-0.65379,11.324,-0.408,16.386,667.401,-1,742.402,13.821,570.307,595.453,584.042,453.729,-1,-1,-1,-1,-1,-1,22.244,25.367,1,0,2,0,1,0,0,0,0,2,2,2,2,2,2,1,1
88,2833.702,-978.628,528.918,-85.903,0.071440,0.997193,-0.022416,-0.997276,0.071824,0.016810,0.018373,0.021154,0.999607,0,0.20957,-0.65379,11.322,-0.402,16.352,669.455,-1,741.263,13.774,572.544,597.580,580.307,452.881,-1,-1,-1,-1,-1,-1,22.252,26.266,1,0,2,0,1,0,0,0,0,2,2,2,2,2,2,1,1
89,2832.665,-989.886,528.976,-86.298,0.064562,0.997673,-0.021895,-0.997757,0.064925,0.016289,0.017672,0.020795,0.999628,0,0.20957,-0.65379,11.306,-0.395,16.436,670.224,-1,739.197,13.896,573.982,598.347,575.423,452.671,-1,-1,-1,-1,-1,-1,22.232,26.895,1,0,2,0,1,0,0,0,0,2,2,2,2,2,2,1,1
90,2831.580,-1001.109,529.098,-86.695,0.057645,0.998117,-0.020942,-0.998198,0.057974,0.015477,0.016661,0.020012,0.999661,0,0.20957,-0.65379,11.276,-0.397,16.491,669.924,-1,736.621,13.986,574.824,598.434,570.137,453.289,-1,-1,-1,-1,-1,-1,22.221,27.264,1,0,2,0,1,0,0,0,0,2,2,2,2,2,2,1,1
91,2830.430,-1012.305,529.277,-87.089,0.050771,0.998507,-0.020167,-0.998588,0.051070,0.014594,0.015602,0.019398,0.999690,0,0.20957,-0.65379,11.255,-0.395,16.508,669.884,-1,733.933,14.015,575.737,598.519,565.330,453.771,-1,-1,-1,-1,-1,-1,22.218,28.154,1,0,2,0,1,0,0,0,0,2,2,2,2,2,2,1,1
92,2829.210,-1023.446,529.591,-87.476,0.044027,0.998838,-0.019614,-0.998918,0.044307,0.014098,0.014951,0.018972,0.999708,0,0.20957,-0.65379,11.208,-0.387,16.545,671.557,-1,732.723,14.084,577.941,599.888,561.601,454.311,-1,-1,-1,-1,-1,-1,22.211,29.779,1,0,2,0,1,0,0,0,0,2,2,2,2,2,2,1,1
93,2827.848,-1034.558,529.985,-87.872,0.037128,0.999127,-0.019161,-0.999200,0.037401,0.014140,0.014844,0.018621,0.999716,0,0.20957,-0.65379,11.195,-0.396,16.442,675.100,-1,732.530,13.904,581.663,602.187,558.490,454.883,-1,-1,-1,-1,-1,-1,22.231,28.985,1,0,2,0,1,0,0,0,0,2,2,2,2,2,2,1,1
94,2826.417,-1045.698,530.312,-88.264,0.030292,0.999360,-0.019030,-0.999424,0.030574,0.014712,0.015285,0.018573,0.999711,0,0.20957,-0.65379,11.232,-0.392,16.359,680.202,-1,732.173,13.787,586.360,605.219,556.164,454.809,-1,-1,-1,-1,-1,-1,22.250,28.113,1,0,2,0,1,0,0,0,0,2,2,2,2,2,2,1,1
95,2824.948,-1056.837,530.571,-88.639,0.023756,0.999536,-0.019049,-0.999589,0.024054,0.015584,0.016035,0.018671,0.999697,0,0.20957,-0.65379,11.235,-0.375,16.288,686.032,-1,732.324,13.695,590.790,608.737,554.093,454.326,-1,-1,-1,-1,-1,-1,22.269,28.836,1,0,2,0,1,0,0,0,0,2,2,2,2,2,2,1,1
96,2823.419,-1067.942,530.757,-89.008,0.017308,0.999668,-0.019113,-0.999711,0.017621,0.016341,0.016672,0.018825,0.999684,0,0.20957,-0.65379,11.210,-0.370,16.286,691.424,-1,731.984,13.694,594.799,611.813,551.970,453.550,-1,-1,-1,-1,-1,-1,22.271,27.797,1,0,2,0,1,0,0,0,0,2,2,2,2,2,2,1,1
97,2821.879,-1079.019,530.812,-89.368,0.011025,0.999758,-0.019011,-0.999802,0.011337,0.016380,0.016591,0.018827,0.999685,0,0.20957,-0.65379,11.183,-0.360,16.260,694.279,-1,729.688,13.663,596.831,612.930,549.465,452.619,-1,-1,-1,-1,-1,-1,22.278,27.734,1,0,2,0,1,0,0,0,0,2,2,2,2,2,2,1,1
98,2820.286,-1090.278,530.738,-89.733,0.004651,0.999815,-0.018666,-0.999857,0.004954,0.016197,0.016287,0.018588,0.999695,0,0.53319,-0.78438,11.370,-0.365,16.193,694.617,-1,726.672,13.589,598.034,613.258,545.512,451.720,-1,-1,-1,-1,-1,-1,22.301,26.475,1,0,2,0,1,0,0,0,0,2,2,2,2,2,2,1,1
99,2818.587,-1101.986,530.570,-90.117,-0.002039,0.999832,-0.018205,-0.999867,-0.001744,0.016218,0.016183,0.018236,0.999703,0,0.53319,-0.78438,11.831,-0.383,16.112,695.174,-1,723.908,13.517,599.533,613.873,540.687,450.751,-1,-1,-1,-1,-1,-1,22.330,26.163,1,0,2,0,1,0,0,0,0,2,2,2,2,2,2,1,1
100,2816.769,-1114.103,530.396,-90.511,-0.008915,0.999801,-0.017830,-0.999835,-0.008630,0.016001,0.015844,0.017969,0.999713,0,0.53319,-0.78438,12.252,-0.394,16.040,695.245,-1,720.415,13.461,600.583,613.958,535.954,449.550,-1,-1,-1,-1,-1,-1,22.361,26.840,1,0,2,0,1,0,0,0,0,2,2,2,2,2,2,1,1
101,2814.847,-1126.599,530.277,-90.909,-0.015858,0.999721,-0.017512,-0.999761,-0.015590,0.015316,0.015038,0.017751,0.999729,0,0.53319,-0.78438,12.644,-0.398,16.003,694.347,-1,715.849,13.436,600.791,613.144,531.114,448.313,-1,-1,-1,-1,-1,-1,22.378,27.754,1,0,2,0,1,0,0,0,0,2,2,2,2,2,2,1,1
102,2812.804,-1139.493,530.241,-91.315,-0.022947,0.999595,-0.016812,-0.999640,-0.022707,0.014323,0.013936,0.017134,0.999756,0,0.53319,-0.78438,13.054,-0.406,16.039,692.665,-1,711.027,13.460,600.551,611.415,525.031,447.868,-1,-1,-1,-1,-1,-1,22.361,28.265,1,0,2,0,1,0,0,0,0,2,2,2,2,2,2,1,1
103,2810.597,-1152.792,530.254,-91.742,-0.030399,0.999414,-0.015736,-0.999455,-0.030190,0.013365,0.012882,0.016134,0.999787,0,0.53319,-0.78438,13.481,-0.427,16.215,691.065,-1,706.655,13.614,599.027,608.570,518.344,448.157,-1,-1,-1,-1,-1,-1,22.293,28.109,1,0,2,0,1,0,0,0,0,2,2,2,2,2,2,1,1
104,2808.067,-1166.408,530.344,-92.220,-0.038728,0.999151,-0.014084,-0.999180,-0.038555,0.012363,0.011810,0.014551,0.999824,0,0.53319,-0.78438,13.849,-0.478,16.361,689.472,-1,702.787,13.787,597.114,605.277,511.020,449.623,-1,-1,-1,-1,-1,-1,22.250,27.439,1,0,2,0,1,0,0,0,0,2,2,2,2,2,2,1,1
105,2805.276,-1180.359,530.407,-92.733,-0.047683,0.998783,-0.012618,-0.998805,-0.047541,0.011376,0.010762,0.013146,0.999856,0,0.53319,-0.78438,14.228,-0.514,16.320,688.341,-1,698.755,13.734,595.328,601.355,504.210,450.727,-1,-1,-1,-1,-1,-1,22.260,27.202,1,0,2,0,1,0,0,0,0,2,2,2,2,2,2,1,1
106,2802.399,-1194.712,530.426,-93.232,-0.056385,0.998342,-0.011577,-0.998360,-0.056263,0.010599,0.009930,0.012156,0.999877,0,0.53319,-0.78438,14.638,-0.499,11.400,685.812,-1,694.800,13.552,593.853,597.654,500.008,450.984,-1,-1,-1,-1,-1,-1,9.173,29.973,1,0,2,0,1,0,0,0,0,2,2,2,2,2,2,1,1
107,2799.378,-1209.383,530.395,-93.723,-0.064939,0.997829,-0.010939,-0.997852,-0.064837,0.009386,0.008656,0.011525,0.999896,0,0.53319,-0.78438,14.979,-0.491,-1,681.314,-1,689.407,14.032,591.164,592.971,496.413,450.525,-1,-1,-1,-1,-1,-1,13.906,28.253,2,0,2,0,1,0,0,0,0,2,2,2,2,2,2,1,1
108,2796.040,-1224.268,530.282,-94.248,-0.074069,0.997199,-0.010402,-0.997232,-0.073996,0.007251,0.006461,0.010910,0.999920,0,0.53319,-0.78438,15.255,-0.524,-1,674.507,-1,681.615,14.306,585.610,586.424,492.402,449.829,-1,-1,-1,-1,-1,-1,15.448,27.851,2,0,2,0,1,0,0,0,0,2,2,2,2,2,2,1,1
109,2792.377,-1239.410,530.074,-94.806,-0.083773,0.996437,-0.009731,-0.996477,-0.083730,0.004760,0.003928,0.010096,0.999941,0,0.53319,-0.78438,15.578,-0.558,-1,666.958,-1,672.871,14.545,579.269,579.108,488.343,449.207,-1,-1,-1,-1,-1,-1,14.251,28.705,2,0,2,0,1,0,0,0,0,2,2,2,2,2,2,1,1
110,2788.411,-1254.853,529.765,-95.399,-0.094085,0.995525,-0.008815,-0.995563,-0.094066,0.002484,0.001643,0.009010,0.999958,0,0.53319,-0.78438,15.944,-0.593,16.204,659.791,-1,664.161,14.705,573.187,572.069,483.868,448.783,-1,-1,-1,-1,-1,-1,12.587,29.698,1,0,2,0,1,0,0,0,0,2,2,2,2,2,2,1,1
111,2784.080,-1270.537,529.457,-96.027,-0.105000,0.994443,-0.007620,-0.994472,-0.104999,0.000524,-0.000278,0.007632,0.999971,0,0.53319,-0.78438,16.271,-0.629,10.497,653.369,-1,656.340,14.679,567.782,565.680,478.755,448.967,-1,-1,-1,-1,-1,-1,8.157,30.907,1,0,2,0,1,0,0,0,0,2,2,2,2,2,2,1,1
112,2779.538,-1286.532,529.145,-96.656,-0.115907,0.993238,-0.006592,-0.993258,-0.115917,-0.001145,-0.001901,0.006415,0.999978,0,0.53319,-0.78438,16.627,-0.629,-1,647.701,-1,648.977,14.617,562.946,559.787,474.020,448.872,-1,-1,-1,-1,-1,-1,13.159,32.145,2,0,2,0,1,0,0,0,0,2,2,2,2,2,2,1,1
113,2774.847,-1302.701,528.860,-97.271,-0.126562,0.991942,-0.005702,-0.991951,-0.126581,-0.003151,-0.003847,0.005257,0.999979,0,0.31596,-0.41706,16.836,-0.615,-1,641.494,-1,641.017,13.987,556.936,553.423,469.475,448.671,-1,-1,-1,-1,-1,1002.476,16.902,33.787,2,0,2,0,1,0,0,0,0,2,2,2,2,2,0,1,1
114,2770.180,-1318.876,528.649,-97.832,-0.136274,0.990656,-0.005555,-0.990649,-0.136306,-0.005874,-0.006576,0.004703,0.999967,0,0.31596,-0.41706,16.835,-0.561,-1,633.060,-1,631.437,13.520,549.079,545.688,466.835,447.487,-1,-1,-1,-1,-1,985.315,-1,36.055,2,0,2,0,1,0,0,0,0,2,2,2,2,2,0,2,1
115,2765.567,-1335.093,528.566,-98.331,-0.144894,0.989429,-0.005967,-0.989403,-0.144941,-0.008543,-0.009318,0.004665,0.999946,0,0.31596,-0.41706,16.860,-0.499,-1,624.830,-1,621.910,13.366,541.518,538.127,466.209,445.670,-1,-1,-1,-1,-1,967.951,18.378,38.674,2,0,2,0,1,0,0,0,0,2,2,2,2,2,0,1,1
116,2760.970,-1351.417,528.486,-98.786,-0.152733,0.988251,-0.005692,-0.988202,-0.152787,-0.010665,-0.011410,0.003996,0.999927,0,0.31596,-0.41706,16.959,-0.454,-1,616.873,-1,614.094,13.360,534.836,531.245,464.309,444.969,-1,-1,-1,-1,994.176,954.507,-1,38.488,2,0,2,0,1,0,0,0,0,2,2,2,2,0,0,2,1
117,2756.267,-1367.814,528.259,-99.214,-0.160108,0.987090,-0.004331,-0.987014,-0.160150,-0.012426,-0.012960,0.002285,0.999913,0,0.31596,-0.41706,17.058,-0.428,-1,608.586,-1,607.763,13.325,528.130,524.692,459.765,445.695,-1,-1,-1,-1,971.340,944.407,-1,37.027,2,0,2,0,1,0,0,0,0,2,2,2,2,0,0,2,1
118,2751.547,-1384.265,527.888,-99.647,-0.167553,0.985859,-0.002994,-0.985757,-0.167578,-0.014158,-0.014460,0.000579,0.999895,0,0.31596,-0.41706,17.114,-0.433,-1,600.158,-1,601.228,13.311,520.829,517.981,454.825,446.041,-1,-1,-1,-1,948.642,934.055,-1,36.108,2,0,2,0,1,0,0,0,0,2,2,2,2,0,0,2,1
119,2746.794,-1400.744,527.396,-100.075,-0.174911,0.984583,-0.001754,-0.984448,-0.174916,-0.016316,-0.016371,-0.001127,0.999865,0,0.31596,-0.41706,17.151,-0.428,-1,590.844,-1,593.691,13.309,512.778,510.507,451.483,446.034,-1,-1,-1,-1,922.496,921.572,-1,35.819,2,0,2,0,1,0,0,0,0,2,2,2,2,0,0,2,1
120,2741.956,-1417.204,526.854,-100.501,-0.182228,0.983256,-0.000703,-0.983075,-0.182208,-0.019056,-0.018865,-0.002781,0.999818,0,0.31596,-0.41706,17.156,-0.427,-1,580.579,-1,585.003,13.287,503.909,502.184,448.516,446.774,-1,-1,-1,-1,894.914,906.528,-1,36.450,2,0,2,0,1,0,0,0,0,2,2,2,2,0,0,2,1
121,2737.026,-1433.608,526.393,-100.916,-0.189329,0.981914,-0.000495,-0.981667,-0.189293,-0.022316,-0.022006,-0.003739,0.999751,0,0.31596,-0.41706,17.129,-0.415,-1,569.899,-1,575.010,13.268,494.494,493.114,446.788,446.441,-1,-1,-1,-1,868.823,888.381,-1,37.881,2,0,2,0,1,0,0,0,0,2,2,2,2,0,0,2,1
122,2732.061,-1450.055,526.007,-101.301,-0.195903,0.980623,-0.000717,-0.980301,-0.195857,-0.025490,-0.025137,-0.004291,0.999675,0,0.31596,-0.41706,17.180,-0.385,-1,559.666,-1,565.054,13.267,485.376,484.241,445.935,445.593,-1,-1,-1,-1,844.488,870.244,-1,39.519,2,0,2,0,1,0,0,0,0,2,2,2,2,0,0,2,1
123,2727.052,-1466.603,525.731,-101.676,-0.202297,0.979324,0.000150,-0.978946,-0.202215,-0.027832,-0.027227,-0.005777,0.999613,0,0.31596,-0.41706,17.290,-0.375,-1,549.932,-1,557.723,13.267,477.764,477.152,443.915,446.792,-1,-1,-1,-1,824.059,857.982,-1,41.719,2,0,2,0,1,0,0,0,0,2,2,2,2,0,0,2,1
124,2721.933,-1483.234,525.506,-102.055,-0.208771,0.977963,0.001946,-0.977553,-0.208625,-0.029431,-0.028377,-0.008047,0.999565,0,0.31596,-0.41706,17.401,-0.380,-1,541.489,-1,552.562,13.267,471.385,471.526,440.855,449.620,-1,-1,-1,-1,806.752,850.600,-1,39.740,2,0,2,0,1,0,0,0,0,2,2,2,2,0,0,2,1
125,2716.708,-1499.891,525.204,-102.438,-0.215284,0.976544,0.003706,-0.976105,-0.215069,-0.031061,-0.029536,-0.010304,0.999511,0,0.31596,-0.41706,17.457,-0.382,-1,532.947,-1,547.215,13.268,464.883,465.767,437.745,452.319,-1,-1,-1,-1,789.415,842.792,-1,38.132,2,0,2,0,1,0,0,0,0,2,2,2,2,0,0,2,1
126,2711.372,-1516.548,524.852,-102.822,-0.221815,0.975075,0.005251,-0.974598,-0.221529,-0.032918,-0.030934,-0.012419,0.999444,0,0.31596,-0.41706,17.491,-0.384,-1,524.071,-1,541.279,13.268,457.842,459.667,434.936,454.666,-1,-1,-1,-1,772.347,833.518,-1,37.958,2,0,2,0,1,0,0,0,0,2,2,2,2,0,0,2,1
127,2705.927,-1533.098,524.555,-103.200,-0.228219,0.973592,0.005912,-0.973040,-0.227874,-0.035581,-0.033294,-0.013873,0.999349,0,0.31596,-0.41706,17.422,-0.378,-1,514.255,-1,533.475,13.267,449.753,452.496,433.271,455.898,-1,-1,-1,-1,753.915,820.161,-1,38.597,2,0,2,0,1,0,0,0,0,2,2,2,2,0,0,2,1
128,2700.351,-1549.694,524.211,-103.576,-0.234594,0.972070,0.006721,-0.971448,-0.234180,-0.038062,-0.035425,-0.015458,0.999253,0,0.31596,-0.41706,17.507,-0.377,-1,504.727,-1,526.001,13.267,441.889,445.594,431.329,457.260,-1,-1,-1,-1,736.276,807.746,-1,39.157,2,0,2,0,1,0,0,0,0,2,2,2,2,0,0,2,1
129,2694.662,-1566.348,523.788,-103.952,-0.240949,0.970505,0.007952,-0.969831,-0.240452,-0.040140,-0.037044,-0.017384,0.999162,0,0.31596,-0.41706,17.599,-0.376,-1,495.731,-1,519.389,13.268,434.493,439.257,428.723,459.326,-1,-1,-1,-1,719.946,797.364,-1,39.386,2,0,2,0,1,0,0,0,0,2,2,2,2,0,0,2,1
130,2688.872,-1582.967,523.369,-104.319,-0.247138,0.968939,0.008903,-0.968201,-0.246560,-0.042375,-0.038864,-0.019092,0.999062,0,0.31596,-0.41706,17.598,-0.367,-1,486.334,-1,512.371,13.268,426.956,432.592,426.449,461.807,-1,-1,-1,-1,703.527,786.090,-1,39.172,2,0,2,0,1,0,0,0,0,2,2,2,2,0,0,2,1
131,2682.936,-1599.593,522.911,-104.701,-0.253572,0.967263,0.010157,-0.966477,-0.252901,-0.044301,-0.040282,-0.021050,0.998967,0,0.31596,-0.41706,17.654,-0.382,-1,477.372,-1,506.067,13.278,419.830,426.415,423.820,464.664,-1,-1,-1,-1,688.160,776.447,-1,39.352,2,0,2,0,1,0,0,0,0,2,2,2,2,0,0,2,1
132,2676.817,-1616.226,522.395,-105.103,-0.260338,0.965444,0.011908,-0.964635,-0.259553,-0.045952,-0.041273,-0.023450,0.998873,0,0.31596,-0.41706,17.723,-0.402,-1,468.728,-1,500.565,13.290,413.073,420.739,421.381,468.229,-1,-1,-1,-1,673.609,768.646,-1,38.134,2,0,2,0,1,0,0,0,0,2,2,2,2,0,0,2,1
133,2670.562,-1632.740,521.936,-105.512,-0.267201,0.963550,0.013238,-0.962697,-0.266307,-0.047906,-0.042634,-0.025545,0.998764,0,0.31596,-0.41706,17.659,-0.409,-1,459.854,-1,494.553,13.285,406.075,414.720,419.727,471.452,-1,-1,-1,-1,658.648,759.468,-1,38.561,2,0,2,0,1,0,0,0,0,2,2,2,2,0,0,2,1
134,2664.125,-1649.249,521.471,-105.933,-0.274244,0.961553,0.014390,-0.960661,-0.273246,-0.049680,-0.043838,-0.027448,0.998662,0,0.31596,-0.41706,17.719,-0.420,-1,451.324,-1,488.746,13.280,399.297,408.877,418.410,474.320,-1,-1,-1,-1,646.181,750.635,-1,37.999,2,0,2,0,1,0,0,0,0,2,2,2,2,0,0,2,1
135,2657.513,-1665.816,520.909,-106.360,-0.281390,0.959465,0.015713,-0.958571,-0.280296,-0.050757,-0.044295,-0.029344,0.998587,0,0.31596,-0.41706,17.838,-0.427,-1,443.645,-1,483.905,13.277,393.202,403.752,417.016,476.999,-1,-1,-1,-1,635.649,743.961,13.730,37.322,2,0,2,0,1,0,0,0,0,2,2,2,2,0,0,1,1
136,2650.710,-1682.412,520.258,-106.792,-0.288621,0.957293,0.016979,-0.956426,-0.287451,-0.051198,-0.044131,-0.031016,0.998544,0,0.31596,-0.41706,17.936,-0.433,14.797,436.733,-1,479.732,13.274,387.679,399.169,415.851,479.073,-1,-1,-1,-1,626.790,738.795,12.277,36.661,1,0,2,0,1,0,0,0,0,2,2,2,2,0,0,1,1
137,2643.748,-1699.029,519.591,-107.219,-0.295747,0.955101,0.017763,-0.954278,-0.294544,-0.050964,-0.043443,-0.032023,0.998543,0,0.31596,-0.41706,18.017,-0.427,15.611,430.752,-1,475.999,13.282,382.784,395.074,415.733,479.902,-1,-1,-1,-1,619.905,734.587,22.623,35.881,1,0,2,0,1,0,0,0,0,2,2,2,2,0,0,1,1
138,2636.578,-1715.557,519.087,-107.647,-0.302873,0.952862,0.017973,-0.952079,-0.301673,-0.050396,-0.042599,-0.032375,0.998568,0,0.31596,-0.41706,18.016,-0.428,15.770,425.567,-1,472.545,13.321,378.641,391.426,416.949,479.924,-1,-1,-1,-1,614.547,730.743,22.508,36.108,1,0,2,0,1,0,0,0,0,2,2,2,2,0,0,1,1
139,2629.106,-1731.907,518.898,-108.106,-0.310505,0.950403,0.017929,-0.949670,-0.309334,-0.049398,-0.041402,-0.032365,0.998618,0,0.31596,-0.41706,17.976,-0.459,15.930,421.610,-1,470.250,13.392,375.521,388.928,419.500,480.087,-1,-1,-1,-1,611.463,728.725,22.414,36.248,1,0,2,0,1,0,0,0,0,2,2,2,2,0,0,1,1
140,2621.306,-1748.093,518.931,-108.609,-0.318862,0.947626,0.018243,-0.946963,-0.317712,-0.048169,-0.039850,-0.032635,0.998673,0,0.31596,-0.41706,17.967,-0.504,16.216,418.448,-1,469.425,13.616,373.176,387.357,422.313,481.432,-1,-1,-1,-1,609.816,728.154,22.292,33.908,1,0,2,0,1,0,0,0,0,2,2,2,2,0,0,1,1
141,2613.134,-1764.027,519.057,-109.181,-0.328318,0.944376,0.018988,-0.943793,-0.327169,-0.047063,-0.038233,-0.033373,0.998711,0,0.28974,-0.61755,17.908,-0.572,16.313,415.858,-1,469.249,13.726,371.301,386.400,424.848,483.803,-1,-1,-1,-1,608.637,729.604,22.262,31.419,1,0,2,0,1,0,0,0,0,2,2,2,2,0,0,1,1
142,2604.700,-1779.778,519.217,-109.768,-0.337993,0.940934,0.020102,-0.940452,-0.336844,-0.045672,-0.036203,-0.034342,0.998754,0,0.28974,-0.61755,17.867,-0.587,16.246,414.120,-1,469.994,13.646,370.073,386.076,426.795,486.709,-1,-1,-1,-1,611.819,732.953,22.282,30.673,1,0,2,0,1,0,0,0,0,2,2,2,2,0,0,1,1
143,2596.164,-1795.463,519.315,-110.337,-0.347343,0.937508,0.020792,-0.937146,-0.346250,-0.043220,-0.033320,-0.034497,0.998849,0,0.28974,-0.61755,17.857,-0.569,16.228,413.771,-1,471.489,13.625,369.830,386.572,429.541,487.983,-1,-1,-1,-1,625.695,738.338,22.289,28.248,1,0,2,0,1,0,0,0,0,2,2,2,2,0,0,1,1
144,2587.488,-1811.030,519.364,-110.899,-0.356568,0.934030,0.021143,-0.933792,-0.355571,-0.040031,-0.029873,-0.034018,0.998975,0,0.28974,-0.61755,17.822,-0.563,16.203,414.393,-1,473.292,13.601,370.265,387.607,433.151,487.941,-1,-1,-1,-1,643.212,745.011,22.296,25.893,1,0,2,0,1,0,0,0,0,2,2,2,2,0,0,1,1
145,2578.694,-1826.449,519.445,-111.450,-0.365567,0.930546,0.021081,-0.930426,-0.364703,-0.036061,-0.025868,-0.032797,0.999127,0,0.28974,-0.61755,17.750,-0.551,16.319,416.217,-1,475.768,13.730,371.552,389.327,437.861,486.622,-1,-1,-1,-1,665.291,753.181,22.261,24.988,1,0,2,0,1,0,0,0,0,2,2,2,2,0,0,1,1
146,2569.597,-1841.486,519.622,-112.036,-0.375099,0.926739,0.021357,-0.926729,-0.374355,-0.032118,-0.021770,-0.031840,0.999256,0,0.28974,-0.61755,17.575,-0.586,16.710,418.402,-1,478.900,14.445,373.455,391.527,442.386,485.988,-1,-1,-1,-1,707.645,762.125,22.190,20.078,1,0,2,0,1,0,0,0,0,2,2,2,2,0,0,1,1
147,2560.246,-1856.171,519.767,-112.667,-0.385322,0.922523,0.021876,-0.922614,-0.384689,-0.028253,-0.017649,-0.031070,0.999361,0,0.28974,-0.61755,17.409,-0.632,17.215,420.628,-1,482.269,-1,375.705,394.057,445.287,485.526,-1,-1,-1,-1,759.343,771.505,22.188,-1,1,0,2,0,2,0,0,0,0,2,2,2,2,0,0,1,2
148,2550.560,-1870.373,519.940,-113.367,-0.396580,0.917714,0.022924,-0.917899,-0.396041,-0.024759,-0.013643,-0.030860,0.999431,0,0.28974,-0.61755,17.190,-0.699,17.550,423.307,-1,486.037,-1,378.159,396.782,446.467,486.004,-1,-1,-1,-1,787.666,781.508,22.228,-1,1,0,2,0,2,0,0,0,0,2,2,2,2,0,0,1,2
149,2540.627,-1884.095,520.185,-114.096,-0.408250,0.912556,0.023952,-0.912820,-0.407812,-0.021197,-0.009575,-0.030517,0.999488,0,0.28974,-0.61755,16.939,-0.729,17.757,428.100,-1,490.331,-1,381.311,400.000,448.928,486.225,-1,-1,-1,-1,824.477,793.463,22.265,-1,1,0,2,0,2,0,0,0,0,2,2,2,2,0,0,1,2
150,2530.495,-1897.059,520.666,-114.849,-0.420228,0.907072,0.025087,-0.907403,-0.419898,-0.017471,-0.005313,-0.030106,0.999533,0,0.28974,-0.61755,16.454,-0.753,19.068,434.053,-1,494.936,-1,385.446,404.410,452.159,486.863,-1,-1,-1,-1,-1,811.187,22.672,-1,1,0,2,0,2,0,0,0,0,2,2,2,2,2,0,1,2
151,2519.756,-1908.271,521.372,-115.812,-0.435414,0.899777,0.028567,-0.900226,-0.435090,-0.017042,-0.002905,-0.033137,0.999447,0,0.28974,-0.61755,15.525,-0.962,18.748,436.413,-1,498.883,-1,387.863,407.852,450.442,493.920,-1,-1,-1,-1,-1,824.525,22.552,-1,1,0,2,0,2,0,0,0,0,2,2,2,2,2,0,1,2
152,2508.882,-1918.676,522.141,-116.880,-0.452119,0.891403,0.031452,-0.891957,-0.451868,-0.015067,0.000782,-0.034866,0.999392,0,0.28974,-0.61755,15.050,-1.068,18.652,441.941,-1,504.827,-1,392.320,413.118,450.601,498.740,-1,-1,-1,-1,-1,842.518,22.518,-1,1,0,2,0,2,0,0,0,0,2,2,2,2,2,0,1,2
153,2497.843,-1928.464,523.020,-117.988,-0.469282,0.882403,0.033757,-0.883020,-0.469229,-0.009978,0.007035,-0.034491,0.999380,0,0.28974,-0.61755,14.753,-1.109,18.437,453.579,-1,514.830,-1,401.007,421.620,452.731,500.072,-1,-1,-1,-1,-1,873.639,22.446,-1,1,0,2,0,2,0,0,0,0,2,2,2,2,2,0,1,2
154,2484.426,-1939.894,524.069,-119.309,-0.489446,0.871256,0.036833,-0.871874,-0.489728,-0.001528,0.016707,-0.032862,0.999320,0,0.28974,-0.61755,17.626,-1.320,17.625,472.970,-1,530.463,-1,415.331,434.896,456.239,499.661,-1,-1,-1,-1,-1,924.630,22.240,-1,1,0,2,0,2,0,0,0,0,2,2,2,2,2,0,1,2
155,2475.546,-1947.656,524.765,-120.143,-0.502018,0.863980,0.038941,-0.864523,-0.502566,0.005167,0.024034,-0.031072,0.999228,0,0.28974,-0.61755,11.795,-0.835,17.174,491.435,-1,542.338,-1,427.298,445.112,459.347,498.253,-1,-1,-1,-1,-1,967.158,22.185,-1,1,0,2,0,2,0,0,0,0,2,2,2,2,2,0,1,2
156,2464.612,-1957.740,525.667,-121.077,-0.515906,0.855625,0.041797,-0.855996,-0.516800,0.013715,0.033336,-0.028703,0.999032,0,0.40770,-1.00000,14.874,-0.934,16.652,519.046,-1,557.784,-1,443.372,458.479,463.695,496.538,-1,-1,-1,-1,-1,-1,22.196,-1,1,0,2,0,2,0,0,0,0,2,2,2,2,2,2,1,2
157,2453.906,-1968.339,526.664,-121.857,-0.527340,0.848450,0.045224,-0.848630,-0.528570,0.020977,0.041703,-0.027316,0.998757,0,0.40770,-1.00000,15.065,-0.780,16.310,545.056,-1,572.721,-1,458.144,469.994,466.728,497.031,-1,-1,-1,-1,-1,-1,22.263,-1,1,0,2,0,2,0,0,0,0,2,2,2,2,2,2,1,2
158,2443.372,-1979.288,527.753,-122.554,-0.537467,0.841820,0.049679,-0.841891,-0.539033,0.025760,0.048464,-0.027979,0.998433,0,0.40770,-1.00000,15.194,-0.697,15.986,566.013,-1,586.485,-1,469.676,479.812,464.727,501.531,-1,-1,-1,-1,-1,-1,22.386,-1,1,0,2,0,2,0,0,0,0,2,2,2,2,2,2,1,2
159,2433.084,-1990.551,528.944,-123.171,-0.546354,0.835759,0.054808,-0.835836,-0.548254,0.028207,0.053623,-0.030400,0.998098,0,0.40770,-1.00000,15.254,-0.617,15.616,581.492,-1,598.680,-1,478.671,487.840,460.015,509.939,-1,-1,-1,-1,-1,-1,22.620,-1,1,0,2,0,2,0,0,0,0,2,2,2,2,2,2,1,2
160,2423.166,-2002.223,530.260,-123.662,-0.553357,0.830799,0.059745,-0.830928,-0.555583,0.029762,0.057919,-0.033175,0.997770,0,0.40770,-1.00000,15.318,-0.491,15.273,594.706,-1,609.793,-1,486.500,495.652,455.234,519.632,-1,-1,-1,-1,-1,-1,22.965,-1,1,0,2,0,2,0,0,0,0,2,2,2,2,2,2,1,2
161,2413.378,-2014.231,531.589,-124.051,-0.558858,0.826712,0.065005,-0.826947,-0.561437,0.030782,0.061944,-0.036553,0.997410,0,0.40770,-1.00000,15.491,-0.390,15.601,606.911,-1,620.959,-1,493.850,503.276,449.168,530.614,-1,964.323,-1,-1,-1,-1,22.632,-1,1,0,2,0,2,0,0,0,0,2,0,2,2,2,2,1,2
162,2401.310,-2028.499,533.123,-124.588,-0.566404,0.820836,0.073593,-0.821407,-0.569529,0.030462,0.066917,-0.043196,0.996823,0,0.40770,-1.00000,18.687,-0.537,16.657,619.341,-1,637.860,-1,503.999,512.946,436.239,548.892,-1,897.670,-1,-1,-1,-1,22.196,-1,1,0,2,0,2,0,0,0,0,2,0,2,2,2,2,1,2
163,2392.812,-2037.520,534.085,-125.087,-0.573373,0.815224,0.081567,-0.816220,-0.577001,0.029254,0.070913,-0.049804,0.996238,0,0.40770,-1.00000,12.394,-0.499,17.513,626.023,-1,653.347,-1,511.546,520.869,424.094,566.029,-1,846.967,996.209,-1,-1,-1,22.222,-1,1,0,2,0,2,0,0,0,0,2,0,0,2,2,2,1,2
164,2381.571,-2047.825,535.190,-125.930,-0.585047,0.805574,0.093658,-0.807321,-0.589483,0.027246,0.077159,-0.059672,0.995232,0,0.40770,-1.00000,15.250,-0.843,17.616,636.030,-1,677.979,-1,522.599,533.368,406.742,592.306,-1,772.367,921.618,-1,-1,-1,22.239,-1,1,0,2,0,2,0,0,0,0,2,0,0,2,2,2,1,2
165,2370.017,-2057.747,536.174,-126.851,-0.597572,0.794985,0.104434,-0.797313,-0.602938,0.027528,0.084852,-0.066817,0.994151,0,0.40770,-1.00000,15.229,-0.921,17.373,-1,-1,705.371,-1,537.199,548.118,395.025,614.022,-1,700.245,839.347,-1,-1,-1,22.203,-1,1,2,2,0,2,0,0,0,0,2,0,0,2,2,2,1,2
166,2358.150,-2067.405,537.130,-127.755,-0.609634,0.784594,0.112959,-0.787213,-0.615960,0.029808,0.092965,-0.070751,0.993152,0,0.40770,-1.00000,15.300,-0.904,17.684,-1,-1,733.262,-1,553.879,563.584,386.557,628.090,-1,643.763,765.355,-1,-1,-1,22.251,-1,1,2,2,0,2,0,0,0,0,2,0,0,2,2,2,1,2
167,2345.954,-2076.356,538.222,-128.678,-0.621826,0.774114,0.118661,-0.776776,-0.628940,0.032463,0.099761,-0.071987,0.992404,0,0.40770,-1.00000,15.129,-0.923,17.708,-1,-1,755.790,-1,568.630,576.941,381.751,635.133,-1,608.819,714.843,-1,-1,-1,22.256,-1,1,2,2,0,2,0,0,0,0,2,0,0,2,2,2,1,2
168,2333.561,-2084.727,539.445,-129.637,-0.634428,0.763474,0.120865,-0.765872,-0.642020,0.035371,0.104602,-0.070127,0.992039,0,0.40770,-1.00000,14.955,-0.959,17.469,-1,-1,769.887,-1,580.009,586.278,380.830,634.066,-1,590.640,685.272,-1,-1,-1,22.215,-1,1,2,2,0,2,0,0,0,0,2,0,0,2,2,2,1,2
169,2320.990,-2092.744,540.622,-130.598,-0.647023,0.752972,0.119973,-0.754958,-0.654702,0.037480,0.106768,-0.066324,0.992069,0,0.40770,-1.00000,14.910,-0.960,17.801,-1,-1,773.460,-1,585.205,589.563,382.172,627.426,-1,592.215,675.586,-1,-1,-1,22.274,-1,1,2,2,0,2,0,0,0,0,2,0,0,2,2,2,1,2
170,2305.633,-2101.818,541.813,-131.780,-0.662516,0.739997,0.116092,-0.741510,-0.669856,0.038150,0.105996,-0.060808,0.992505,0,0.40770,-1.00000,17.838,-1.182,17.821,-1,-1,764.524,-1,582.258,585.401,384.394,616.054,-1,610.997,687.206,-1,-1,-1,22.279,-1,1,2,2,0,2,0,0,0,0,2,0,0,2,2,2,1,2
171,2295.221,-2107.616,542.438,-132.582,-0.672943,0.731099,0.112438,-0.732283,-0.679923,0.038293,0.104445,-0.056568,0.992921,0,0.45982,-1.00000,11.917,-0.802,17.892,-1,-1,754.160,-1,577.691,580.007,386.415,606.626,-1,628.492,700.722,-1,-1,-1,22.295,-1,1,2,2,0,2,0,0,0,0,2,0,0,2,2,2,1,2
172,2281.915,-2114.599,542.927,-133.622,-0.686316,0.719284,0.107709,-0.720156,-0.692789,0.037664,0.101710,-0.051718,0.993469,0,0.45982,-1.00000,15.027,-1.040,17.959,-1,-1,738.458,-1,569.132,571.045,388.245,595.179,-1,653.376,722.083,-1,-1,-1,22.311,-1,1,2,2,0,2,0,0,0,0,2,0,0,2,2,2,1,2
173,2268.303,-2121.389,543.071,-134.689,-0.699821,0.706842,0.103078,-0.707468,-0.705792,0.036698,0.098691,-0.047242,0.993996,0,0.45982,-1.00000,15.211,-1.067,17.925,-1,-1,721.741,-1,558.953,560.877,388.916,583.771,-1,678.399,743.982,-1,-1,-1,22.303,-1,1,2,2,0,2,0,0,0,0,2,0,0,2,2,2,1,2
174,2254.385,-2127.978,542.962,-135.777,-0.713322,0.693841,0.098777,-0.694240,-0.718847,0.035924,0.095931,-0.042949,0.994461,0,0.45982,-1.00000,15.399,-1.088,18.020,-1,-1,706.899,-1,548.195,550.751,388.901,572.355,-1,700.466,763.227,-1,-1,-1,22.326,-1,1,2,2,0,2,0,0,0,0,2,0,0,2,2,2,1,2
175,2240.192,-2134.369,542.695,-136.875,-0.726686,0.680456,0.094379,-0.680624,-0.731777,0.035412,0.093161,-0.038503,0.994906,0,0.45982,-1.00000,15.565,-1.098,17.911,956.781,-1,691.915,-1,537.114,540.132,389.923,560.402,-1,722.560,782.194,-1,-1,-1,22.299,-1,1,0,2,0,2,0,0,0,0,2,0,0,2,2,2,1,2
176,2225.821,-2140.756,542.358,-137.917,-0.739168,0.667583,0.089238,-0.667486,-0.743783,0.035333,0.089962,-0.033448,0.995383,0,0.45982,-1.00000,15.727,-1.043,18.126,714.213,-1,675.316,-1,525.395,528.597,392.042,547.148,-1,748.951,804.781,-1,-1,-1,22.354,-1,1,0,2,0,2,0,0,0,0,2,0,0,2,2,2,1,2
177,2211.218,-2146.663,542.081,-139.031,-0.752298,0.653444,0.084018,-0.653242,-0.756399,0.033698,0.085571,-0.029533,0.995894,0,0.45982,-1.00000,15.752,-1.114,18.352,695.501,-1,657.307,-1,511.341,515.382,393.580,536.679,-1,784.564,837.647,-1,-1,-1,22.420,-1,1,0,2,0,2,0,0,0,0,2,0,0,2,2,2,1,2
178,2196.378,-2152.194,541.923,-140.165,-0.765379,0.638786,0.078412,-0.638487,-0.768962,0.032109,0.080806,-0.025490,0.996404,0,0.45982,-1.00000,15.837,-1.134,18.238,676.612,-1,639.198,-1,496.755,502.163,395.869,526.452,-1,825.955,877.338,-1,-1,-1,22.385,-1,1,0,2,0,2,0,0,0,0,2,0,0,2,2,2,1,2
179,2181.378,-2157.343,541.987,-141.309,-0.778228,0.623789,0.072448,-0.623275,-0.781336,0.032288,0.076748,-0.020028,0.996849,0,0.45982,-1.00000,15.859,-1.144,18.229,666.211,-1,623.117,-1,486.936,491.468,400.811,514.297,-1,865.089,914.296,-1,-1,-1,22.383,-1,1,0,2,0,2,0,0,0,0,2,0,0,2,2,2,1,2
180,2166.124,-2162.264,542.230,-142.457,-0.790755,0.608501,0.066575,-0.607701,-0.793437,0.034013,0.073520,-0.013562,0.997202,0,0.45982,-1.00000,16.029,-1.148,17.942,652.526,-1,609.840,-1,479.496,482.911,407.834,501.124,-1,902.237,946.348,-1,-1,-1,22.307,-1,1,0,2,0,2,0,0,0,0,2,0,0,2,2,2,1,2
181,2150.659,-2167.115,542.674,-143.548,-0.802319,0.593768,0.061032,-0.592636,-0.804612,0.037186,0.071187,-0.006334,0.997443,0,0.45982,-1.00000,16.207,-1.091,18.185,646.105,-1,599.150,-1,474.365,476.298,416.797,487.581,-1,936.019,971.362,-1,-1,-1,22.370,-1,1,0,2,0,2,0,0,0,0,2,0,0,2,2,2,1,2
182,2134.970,-2171.547,543.262,-144.683,-0.814025,0.578082,0.056426,-0.576721,-0.815978,0.039653,0.068965,-0.000264,0.997619,0,0.45982,-1.00000,16.303,-1.135,17.848,638.806,-1,590.561,-1,469.345,470.537,427.020,477.107,-1,970.140,998.205,-1,-1,-1,22.285,-1,1,0,2,0,2,0,0,0,0,2,0,0,2,2,2,1,2
183,2119.194,-2176.013,543.891,-145.750,-0.824743,0.563094,0.052190,-0.561550,-0.826376,0.042008,0.066783,0.005339,0.997753,0,0.45982,-1.00000,16.396,-1.067,18.519,630.870,-1,582.564,-1,464.684,464.961,440.148,467.867,-1,1003.670,-1,-1,-1,-1,22.473,-1,1,0,2,0,2,0,0,0,0,2,0,2,2,2,2,1,2
184,2103.535,-2180.307,544.755,-146.628,-0.833322,0.550581,0.049337,-0.548899,-0.834726,0.044071,0.065447,0.009644,0.997809,0,0.45982,-1.00000,16.237,-0.878,18.548,627.237,-1,578.084,18.135,462.080,461.511,451.873,461.611,-1,-1,-1,-1,-1,-1,22.482,18.901,1,0,2,0,1,0,0,0,0,2,2,2,2,2,2,1,1
185,2088.337,-2184.591,545.880,-147.420,-0.840856,0.539143,0.047818,-0.537339,-0.842115,0.045923,0.065028,0.012920,0.997800,0,0.32069,-0.65688,15.790,-0.792,17.883,627.484,-1,577.932,24.872,461.593,460.855,462.667,457.928,-1,-1,-1,-1,-1,-1,22.293,25.472,1,0,2,0,1,0,0,0,0,2,2,2,2,2,2,1,1
186,2073.492,-2188.917,547.238,-148.143,-0.847515,0.528573,0.048261,-0.526658,-0.848761,0.047287,0.065957,0.014659,0.997715,0,0.32069,-0.65688,15.462,-0.723,17.832,631.802,-1,582.886,25.317,463.627,463.251,471.339,457.744,-1,-1,-1,-1,-1,-1,22.282,25.891,1,0,2,0,1,0,0,0,0,2,2,2,2,2,2,1,1
187,2059.013,-2193.122,548.701,-148.848,-0.853838,0.518119,0.050138,-0.516116,-0.855176,0.047943,0.067717,0.015058,0.997591,0,0.32069,-0.65688,15.077,-0.706,17.757,637.773,-1,591.279,22.942,467.173,467.759,477.754,460.277,-1,-1,-1,-1,-1,-1,22.265,23.414,1,0,2,0,1,0,0,0,0,2,2,2,2,2,2,1,1
188,2044.888,-2197.167,550.186,-149.534,-0.859838,0.507871,0.052400,-0.505792,-0.861302,0.048301,0.069662,0.015027,0.997457,0,0.32069,-0.65688,14.692,-0.686,17.618,644.605,-1,600.617,19.095,471.270,472.851,483.322,463.551,-1,-1,-1,-1,-1,-1,22.239,19.416,1,0,2,0,1,0,0,0,0,2,2,2,2,2,2,1,1
189,2031.180,-2201.357,551.617,-150.163,-0.865250,0.498425,0.053982,-0.496273,-0.866796,0.048766,0.071098,0.015405,0.997350,0,0.32069,-0.65688,14.334,-0.629,17.030,650.382,-1,608.961,15.593,474.792,476.885,489.739,465.793,-1,-1,-1,-1,-1,-1,22.179,16.237,1,0,2,0,1,0,0,0,0,2,2,2,2,2,2,1,1
190,2017.740,-2205.684,552.984,-150.716,-0.869913,0.490104,0.055225,-0.487855,-0.871513,0.049618,0.072447,0.016222,0.997240,0,0.32069,-0.65688,14.120,-0.553,17.154,656.824,-1,616.300,-1,478.159,480.664,497.601,467.098,-1,-1,-1,-1,-1,-1,22.184,-1,1,0,2,0,2,0,0,0,0,2,2,2,2,2,2,1,2
191,2004.473,-2209.790,554.187,-151.276,-0.874586,0.481609,0.056149,-0.479291,-0.876222,0.050143,0.073348,0.016943,0.997162,0,0.32069,-0.65688,13.888,-0.560,16.858,660.290,-1,622.179,-1,480.467,483.558,504.657,468.126,-1,-1,-1,-1,-1,-1,22.181,-1,1,0,2,0,2,0,0,0,0,2,2,2,2,2,2,1,2
192,1991.269,-2214.018,555.171,-151.789,-0.878764,0.473843,0.056987,-0.471415,-0.880422,0.051235,0.074449,0.018159,0.997059,0,0.32069,-0.65688,13.865,-0.512,16.804,664.592,-1,626.942,-1,482.742,486.353,512.199,467.752,-1,-1,-1,-1,-1,-1,22.183,-1,1,0,2,0,2,0,0,0,0,2,2,2,2,2,2,1,2
193,1978.083,-2218.152,555.985,-152.302,-0.882882,0.466001,0.057983,-0.463485,-0.884581,0.051948,0.075499,0.018989,0.996965,0,0.32069,-0.65688,13.818,-0.513,16.788,667.317,-1,631.379,-1,484.484,488.966,518.300,467.606,-1,-1,-1,-1,-1,-1,22.183,-1,1,0,2,0,2,0,0,0,0,2,2,2,2,2,2,1,2
194,1962.321,-2222.796,556.877,-152.926,-0.887799,0.456393,0.059314,-0.453806,-0.889564,0.052307,0.076636,0.019521,0.996868,0,0.32069,-0.65688,16.432,-0.624,16.762,668.947,-1,637.455,14.550,486.225,491.879,524.214,467.997,-1,-1,-1,-1,-1,-1,22.186,14.442,1,0,2,0,1,0,0,0,0,2,2,2,2,2,2,1,1
195,1951.869,-2225.778,557.471,-153.338,-0.890990,0.450031,0.060065,-0.447379,-0.892785,0.052790,0.077383,0.020164,0.996798,0,0.32069,-0.65688,10.869,-0.412,16.737,670.347,-1,641.280,14.511,487.496,493.786,527.908,467.768,-1,-1,-1,-1,-1,-1,22.188,16.822,1,0,2,0,1,0,0,0,0,2,2,2,2,2,2,1,1
196,1938.798,-2229.424,558.288,-153.859,-0.894941,0.441990,0.061035,-0.439228,-0.896768,0.053729,0.078482,0.021276,0.996688,0,0.46185,-0.56262,13.570,-0.521,16.751,673.425,-1,646.594,14.549,489.656,496.620,531.818,467.171,-1,-1,-1,-1,-1,-1,22.186,18.578,1,0,2,0,1,0,0,0,0,2,2,2,2,2,2,1,1
197,1925.636,-2232.905,559.243,-154.396,-0.898933,0.433656,0.062146,-0.430780,-0.900801,0.054637,0.079674,0.022344,0.996570,0,0.46185,-0.56262,13.614,-0.537,16.679,677.234,-1,652.863,14.366,492.696,499.859,536.080,467.008,-1,-1,-1,-1,-1,-1,22.193,18.844,1,0,2,0,1,0,0,0,0,2,2,2,2,2,2,1,1
198,1912.418,-2236.385,560.324,-154.914,-0.902722,0.425602,0.062904,-0.422597,-0.904598,0.055815,0.080658,0.023802,0.996458,0,0.46185,-0.56262,13.668,-0.518,16.461,681.222,-1,658.387,13.945,495.761,503.248,541.854,466.464,-1,-1,-1,-1,-1,-1,22.227,19.881,1,0,2,0,1,0,0,0,0,2,2,2,2,2,2,1,1
199,1899.105,-2240.076,561.508,-155.379,-0.906067,0.418376,0.063273,-0.415223,-0.907911,0.057342,0.081437,0.025684,0.996348,0,0.46185,-0.56262,13.816,-0.465,16.400,685.827,-1,663.180,13.842,498.721,506.464,-1,465.408,-1,-1,-1,-1,-1,-1,22.240,22.241,1,0,2,0,1,0,0,2,0,2,2,2,2,2,2,1,1
200,1885.649,-2243.806,562.694,-155.843,-0.909338,0.411109,0.063980,-0.407844,-0.911188,0.058300,0.082266,0.026920,0.996247,0,0.46185,-0.56262,13.963,-0.464,16.412,689.789,-1,668.664,13.854,501.563,509.907,-1,465.594,-1,-1,-1,-1,-1,-1,22.237,21.225,1,0,2,0,1,0,0,2,0,2,2,2,2,2,2,1,1
201,1872.034,-2247.503,563.854,-156.314,-0.912606,0.403647,0.064959,-0.400348,-0.914513,0.058205,0.082900,0.027112,0.996189,0,0.46185,-0.56262,14.107,-0.470,16.439,691.357,-1,674.548,13.899,503.621,513.152,-1,467.571,-1,-1,-1,-1,-1,-1,22.231,18.952,1,0,2,0,1,0,0,2,0,2,2,2,2,2,2,1,1
202,1858.290,-2251.037,564.996,-156.799,-0.915909,0.395886,0.066225,-0.392572,-0.917905,0.057765,0.083657,0.026910,0.996131,0,0.46185,-0.56262,14.192,-0.486,16.518,692.841,-1,681.333,14.032,505.916,516.759,-1,470.166,-1,-1,-1,-1,-1,-1,22.216,14.324,1,0,2,0,1,0,0,2,0,2,2,2,2,2,2,1,1
203,1844.445,-2254.293,566.104,-157.317,-0.919373,0.387568,0.067411,-0.384262,-0.921458,0.057077,0.084238,0.026571,0.996091,0,0.46185,-0.56262,14.223,-0.518,16.505,692.826,-1,688.467,-1,508.228,519.706,-1,472.883,-1,-1,-1,-1,-1,-1,22.218,-1,1,0,2,0,2,0,0,2,0,2,2,2,2,2,2,1,2
204,1830.479,-2257.326,567.129,-157.846,-0.922831,0.379082,0.068405,-0.375742,-0.924974,0.056937,0.084857,0.026841,0.996032,0,0.46185,-0.56262,14.291,-0.529,16.608,692.963,-1,694.922,-1,510.574,522.954,-1,474.325,-1,-1,-1,-1,-1,-1,22.202,-1,1,0,2,0,2,0,0,2,0,2,2,2,2,2,2,1,2
205,1816.435,-2260.093,568.070,-158.387,-0.926292,0.370410,0.069133,-0.366984,-0.928450,0.057469,0.085474,0.027862,0.995951,0,0.46185,-0.56262,14.315,-0.542,16.477,693.484,-1,700.540,-1,512.915,526.058,-1,474.234,-1,-1,-1,-1,-1,-1,22.223,-1,1,0,2,0,2,0,0,2,0,2,2,2,2,2,2,1,2
206,1802.267,-2262.904,568.935,-158.903,-0.929496,0.362204,0.069608,-0.358610,-0.931619,0.059030,0.086229,0.029906,0.995826,0,0.46185,-0.56262,14.444,-0.516,16.456,695.812,-1,705.127,-1,515.338,528.975,-1,472.143,-1,-1,-1,-1,-1,-1,22.228,-1,1,0,2,0,2,0,0,2,0,2,2,2,2,2,2,1,2
207,1787.986,-2265.624,569.792,-159.416,-0.932628,0.354006,0.069897,-0.350252,-0.934695,0.060567,0.086773,0.032005,0.995714,0,0.46185,-0.56262,14.538,-0.513,16.429,697.583,-1,709.037,13.885,517.081,531.477,-1,469.923,-1,-1,-1,-1,-1,-1,22.233,17.520,1,0,2,0,1,0,0,2,0,2,2,2,2,2,2,1,1
208,1773.559,-2268.363,570.675,-159.901,-0.935494,0.346223,0.070579,-0.342320,-0.937548,0.061815,0.087573,0.033667,0.995589,0,0.46185,-0.56262,14.684,-0.485,16.304,700.113,-1,714.712,13.713,519.764,534.560,-1,468.528,-1,-1,-1,-1,-1,-1,22.265,22.283,1,0,2,0,1,0,0,2,0,2,2,2,2,2,2,1,1
209,1759.031,-2271.106,571.603,-160.382,-0.938279,0.338454,0.071286,-0.334442,-0.940336,0.062575,0.088212,0.034872,0.995491,0,0.46185,-0.56262,14.785,-0.481,16.362,701.537,-1,720.522,13.787,522.192,537.500,-1,468.009,-1,-1,-1,-1,-1,-1,22.250,20.328,1,0,2,0,1,0,0,2,0,2,2,2,2,2,2,1,1
210,1744.485,-2273.660,572.612,-160.889,-0.941220,0.330140,0.071507,-0.326126,-0.943271,0.062305,0.088020,0.035323,0.995492,0,0.46185,-0.56262,14.768,-0.507,16.442,698.633,-1,725.006,13.906,523.112,539.383,-1,468.923,-1,-1,-1,-1,-1,-1,22.231,17.878,1,0,2,0,1,0,0,2,0,2,2,2,2,2,2,1,1
211,1729.977,-2275.906,573.736,-161.429,-0.944336,0.321197,0.071146,-0.317273,-0.946357,0.061211,0.086990,0.035231,0.995586,0,0.46185,-0.56262,14.681,-0.540,16.656,691.904,-1,728.051,8.476,522.660,540.133,-1,471.002,-1,-1,-1,-1,-1,-1,22.196,8.386,1,0,2,0,1,0,0,2,0,2,2,2,2,2,2,1,1
212,1715.434,-2277.875,574.825,-161.985,-0.947458,0.311982,0.070642,-0.308122,-0.949424,0.060454,0.085929,0.035511,0.995668,0,0.46185,-0.56262,14.676,-0.556,16.594,685.467,-1,730.486,-1,522.152,540.795,-1,472.360,-1,-1,-1,-1,-1,-1,22.204,-1,1,0,2,0,2,0,0,2,0,2,2,2,2,2,2,1,2
213,1700.762,-2279.780,575.814,-162.531,-0.950390,0.302991,0.070392,-0.299099,-0.952288,0.060723,0.085432,0.036656,0.995669,0,0.46185,-0.56262,14.795,-0.546,16.635,682.002,-1,733.294,-1,522.755,542.164,-1,472.258,-1,-1,-1,-1,-1,-1,22.198,-1,1,0,2,0,2,0,0,2,0,2,2,2,2,2,2,1,2
214,1686.004,-2281.508,576.751,-163.088,-0.953289,0.293809,0.070121,-0.289845,-0.955098,0.061470,0.085033,0.038275,0.995643,0,0.46185,-0.56262,14.859,-0.558,16.677,679.137,-1,735.889,-1,523.770,543.865,-1,471.218,-1,-1,-1,-1,-1,-1,22.193,-1,1,0,2,0,2,0,0,2,0,2,2,2,2,2,2,1,2
215,1671.141,-2283.035,577.641,-163.653,-0.956117,0.284489,0.070043,-0.280442,-0.957849,0.062269,0.084806,0.039893,0.995599,0,0.46185,-0.56262,14.941,-0.565,16.721,676.601,-1,739.048,-1,525.320,546.211,-1,470.256,-1,-1,-1,-1,-1,-1,22.189,-1,1,0,2,0,2,0,0,2,0,2,2,2,2,2,2,1,2
216,1656.208,-2284.380,578.527,-164.217,-0.958848,0.275140,0.070063,-0.271011,-0.960510,0.063034,0.084640,0.041452,0.995549,0,0.46185,-0.56262,14.993,-0.565,16.764,675.646,-1,742.971,13.509,527.026,548.599,-1,469.622,-1,-1,-1,-1,-1,-1,22.185,13.408,1,0,2,0,1,0,0,2,0,2,2,2,2,2,2,1,1
217,1641.356,-2285.516,579.506,-164.784,-0.961536,0.265689,0.069695,-0.261533,-0.963113,0.063350,0.083956,0.042685,0.995555,0,0.46185,-0.56262,14.895,-0.566,16.950,674.759,-1,744.753,13.023,527.968,550.304,-1,469.759,-1,-1,-1,-1,-1,-1,22.178,12.997,1,0,2,0,1,0,0,2,0,2,2,2,2,2,2,1,1
218,1626.787,-2285.854,580.535,-165.492,-0.964869,0.253658,0.068455,-0.249670,-0.966360,0.061750,0.081815,0.042490,0.995741,0,0.46185,-0.56262,14.574,-0.708,17.463,667.370,-1,744.883,-1,527.231,550.237,-1,472.452,-1,-1,-1,-1,-1,-1,22.214,-1,1,0,2,0,2,0,0,2,0,2,2,2,2,2,2,1,2
219,1612.345,-2285.985,581.473,-166.190,-0.968017,0.241872,0.066643,-0.237950,-0.969316,0.061689,0.079519,0.043859,0.995868,0,0.46185,-0.56262,14.442,-0.697,17.604,660.965,-1,742.537,-1,526.279,549.677,-1,472.100,-1,-1,-1,-1,-1,-1,22.237,-1,1,0,2,0,2,0,0,2,0,2,2,2,2,2,2,1,2
220,1598.125,-2285.594,582.294,-166.950,-0.971289,0.228992,0.064494,-0.225141,-0.972363,0.061817,0.076868,0.045522,0.996002,0,0.30176,-0.55628,14.225,-0.760,18.311,653.451,-1,738.964,-1,524.786,548.594,-1,470.911,-1,-1,-1,-1,-1,-1,22.407,-1,1,0,2,0,2,0,0,2,0,2,2,2,2,2,2,1,2
221,1584.477,-2284.533,583.025,-167.783,-0.974726,0.214772,0.061497,-0.211053,-0.975523,0.061743,0.073252,0.047203,0.996196,0,0.30176,-0.55628,13.690,-0.833,18.713,642.752,-1,732.335,-1,521.696,545.867,-1,469.394,-1,-1,-1,-1,-1,-1,22.539,-1,1,0,2,0,2,0,0,2,0,2,2,2,2,2,2,1,2
222,1571.384,-2283.031,583.616,-168.605,-0.977892,0.200719,0.058643,-0.197089,-0.978405,0.062289,0.069879,0.049354,0.996334,0,0.30176,-0.55628,13.178,-0.822,18.259,633.107,-1,725.015,13.847,519.316,543.351,-1,466.750,-1,-1,-1,-1,-1,-1,22.392,14.325,1,0,2,0,1,0,0,2,0,2,2,2,2,2,2,1,1
223,1558.573,-2281.539,584.108,-169.360,-0.980506,0.187947,0.057299,-0.184213,-0.980754,0.064711,0.068359,0.052894,0.996258,0,0.30176,-0.55628,12.897,-0.755,18.310,631.928,-1,721.384,19.721,520.523,544.110,-1,461.678,-1,-1,-1,-1,-1,-1,22.407,20.428,1,0,2,0,1,0,0,2,0,2,2,2,2,2,2,1,1
224,1546.099,-2279.947,584.604,-170.059,-0.982679,0.176179,0.057472,-0.172232,-0.982730,0.067659,0.068399,0.056588,0.996052,0,0.30176,-0.55628,12.575,-0.699,18.202,637.617,-1,722.106,21.955,524.721,547.869,-1,456.607,-1,-1,-1,-1,-1,-1,22.375,22.683,1,0,2,0,1,0,0,2,0,2,2,2,2,2,2,1,1
225,1533.915,-2278.346,585.072,-170.748,-0.984651,0.164559,0.058165,-0.160405,-0.984561,0.070076,0.068798,0.059671,0.995844,0,0.30176,-0.55628,12.289,-0.689,18.249,644.094,-1,724.405,20.454,529.509,552.477,-1,452.611,-1,-1,-1,-1,-1,-1,22.389,21.156,1,0,2,0,1,0,0,2,0,2,2,2,2,2,2,1,1
226,1521.897,-2276.880,585.512,-171.423,-0.986468,0.153070,0.058737,-0.148787,-0.986284,0.071461,0.068870,0.061754,0.995712,0,0.30176,-0.55628,12.107,-0.675,18.002,651.077,-1,725.909,19.141,534.242,556.475,-1,450.213,-1,-1,-1,-1,-1,-1,22.322,19.668,1,0,2,0,1,0,0,2,0,2,2,2,2,2,2,1,1
227,1509.945,-2275.547,585.961,-172.065,-0.988107,0.142026,0.058931,-0.137720,-0.987876,0.071651,0.068393,0.062683,0.995687,0,0.30176,-0.55628,12.026,-0.643,17.809,655.202,-1,725.959,18.315,537.527,559.394,-1,449.690,-1,-1,-1,-1,-1,-1,22.277,18.721,1,0,2,0,1,0,0,2,0,2,2,2,2,2,2,1,1
228,1498.203,-2274.233,586.508,-172.680,-0.989610,0.131341,0.058502,-0.127119,-0.989354,0.070844,0.067184,0.062671,0.995770,0,0.30176,-0.55628,11.815,-0.615,18.398,655.943,-1,724.984,17.289,539.274,560.800,-1,450.887,-1,-1,-1,-1,-1,-1,22.434,17.949,1,0,2,0,1,0,0,2,0,2,2,2,2,2,2,1,1
229,1484.692,-2272.234,587.210,-173.469,-0.991474,0.117443,0.056448,-0.113506,-0.991172,0.068510,0.063996,0.061519,0.996052,0,0.30176,-0.55628,13.659,-0.789,18.758,653.395,-1,720.328,8.964,537.982,559.522,757.154,454.331,-1,-1,-1,-1,-1,-1,22.555,9.395,1,0,2,0,1,0,0,0,0,2,2,2,2,2,2,1,1
230,1475.888,-2270.780,587.627,-173.989,-0.992608,0.108287,0.054797,-0.104514,-0.992224,0.067585,0.061690,0.061359,0.996208,0,0.30176,-0.55628,8.923,-0.520,17.887,651.758,-1,716.063,-1,536.747,558.065,761.265,455.543,-1,-1,-1,-1,-1,-1,22.294,-1,1,0,2,0,2,0,0,0,0,2,2,2,2,2,2,1,2
231,1464.864,-2269.032,588.091,-174.586,-0.993767,0.097880,0.053357,-0.094190,-0.993245,0.067767,0.059630,0.062319,0.996273,0,0.30176,-0.55628,11.162,-0.596,18.127,653.281,-1,711.700,-1,536.494,557.567,771.757,455.005,-1,-1,-1,-1,-1,-1,22.354,-1,1,0,2,0,2,0,0,0,0,2,2,2,2,2,2,1,2
232,1454.047,-2267.140,588.587,-175.169,-0.994771,0.087713,0.052315,-0.084068,-0.994123,0.068213,0.057990,0.063458,0.996298,0,0.30176,-0.55628,10.981,-0.584,17.981,655.435,-1,708.198,12.995,537.233,558.141,783.362,454.295,-1,-1,-1,-1,-1,-1,22.316,13.344,1,0,2,0,1,0,0,0,0,2,2,2,2,2,2,1,1
233,1443.389,-2265.163,589.065,-175.742,-0.995651,0.077743,0.051337,-0.074137,-0.994875,0.068762,0.056419,0.064657,0.996311,0,0.30220,-0.55628,10.839,-0.572,17.974,657.152,-1,703.928,-1,538.068,558.121,795.216,453.449,-1,-1,-1,-1,-1,-1,22.314,-1,1,0,2,0,2,0,0,0,0,2,2,2,2,2,2,1,2
234,1432.871,-2263.065,589.479,-176.327,-0.996446,0.067531,0.050344,-0.063973,-0.995549,0.069204,0.054793,0.065738,0.996331,0,0.30327,-0.55628,10.725,-0.585,18.008,658.390,-1,699.561,-1,539.422,557.716,805.304,452.642,-1,-1,-1,-1,-1,-1,22.323,-1,1,0,2,0,2,0,0,0,0,2,2,2,2,2,2,1,2
235,1422.508,-2260.787,589.864,-176.929,-0.997149,0.057003,0.049446,-0.053501,-0.996148,0.069469,0.053216,0.066626,0.996358,0,0.30439,-0.55628,10.611,-0.602,18.094,659.565,-1,695.522,-1,541.002,557.668,809.863,452.094,-1,-1,-1,-1,-1,-1,22.345,-1,1,0,2,0,2,0,0,0,0,2,2,2,2,2,2,1,2
236,1412.261,-2258.324,590.177,-177.544,-0.997743,0.046260,0.048677,-0.042800,-0.996637,0.069877,0.051745,0.067636,0.996367,0,0.30556,-0.55628,10.539,-0.615,17.955,661.373,-1,691.432,-1,541.737,557.812,810.659,451.178,-1,-1,-1,-1,-1,-1,22.310,-1,1,0,2,0,2,0,0,0,0,2,2,2,2,2,2,1,2
237,1401.962,-2255.968,590.394,-178.110,-0.998184,0.036401,0.048004,-0.032931,-0.996919,0.071192,0.050448,0.069481,0.996307,0,0.30676,-0.55628,10.565,-0.567,17.750,665.748,-1,686.671,-1,542.534,557.686,816.444,448.639,-1,-1,-1,-1,-1,-1,22.264,-1,1,0,2,0,2,0,0,0,0,2,2,2,2,2,2,1,2
238,1391.844,-2253.686,590.547,-178.634,-0.998544,0.027231,0.046556,-0.023811,-0.997084,0.072503,0.048394,0.071288,0.996281,0,-0.08162,-1.00000,10.372,-0.524,17.844,667.003,-1,679.912,10.398,541.624,555.634,821.708,445.936,-1,-1,-1,-1,-1,-1,22.284,10.638,1,0,2,0,1,0,0,0,0,2,2,2,2,2,2,1,1
239,1382.237,-2251.564,590.695,-179.095,-0.998847,0.019049,0.044067,-0.015771,-0.997165,0.073575,0.045344,0.072795,0.996316,0,-0.08187,-1.00000,9.839,-0.461,17.998,664.087,-1,671.016,18.835,538.385,550.765,825.288,443.622,-1,-1,-1,-1,-1,-1,22.320,19.350,1,0,2,0,1,0,0,0,0,2,2,2,2,2,2,1,1
240,1373.299,-2249.383,590.913,-179.556,-0.999090,0.010808,0.041255,-0.007744,-0.997248,0.073735,0.041938,0.073348,0.996424,0,-0.08209,-1.00000,9.200,-0.460,18.245,659.243,-1,662.444,20.984,534.478,545.679,823.025,443.045,-1,-1,-1,-1,-1,-1,22.387,21.700,1,0,2,0,1,0,0,0,0,2,2,2,2,2,2,1,1
241,1365.034,-2247.184,591.211,-179.998,-0.999237,0.002908,0.038960,-0.000032,-0.997287,0.073617,0.039069,0.073560,0.996525,0,-0.08231,-1.00000,8.552,-0.442,18.209,655.930,-1,655.799,23.144,531.795,541.940,818.356,443.423,-1,-1,-1,-1,-1,-1,22.377,23.910,1,0,2,0,1,0,0,0,0,2,2,2,2,2,2,1,1
242,1357.503,-2244.895,591.552,179.553,-0.999291,-0.005076,0.037318,0.007799,-0.997288,0.073185,0.036845,0.073424,0.996620,0,-0.08253,-1.00000,7.871,-0.449,18.365,653.432,-1,651.123,22.302,530.126,539.749,810.741,444.504,-1,-1,-1,-1,-1,-1,22.423,23.135,1,0,2,0,1,0,0,0,0,2,2,2,2,2,2,1,1
243,1350.666,-2242.675,591.894,179.139,-0.999255,-0.012357,0.036548,0.015017,-0.997188,0.073422,0.035538,0.073916,0.996631,0,-0.08276,-1.00000,7.189,-0.414,18.296,653.946,-1,647.580,22.191,530.099,539.148,808.150,444.639,-1,-1,-1,-1,-1,-1,22.402,22.979,1,0,2,0,1,0,0,0,0,2,2,2,2,2,2,1,1
244,1344.276,-2240.628,592.187,178.760,-0.999142,-0.018940,0.036820,0.021633,-0.997010,0.074183,0.035305,0.074916,0.996565,0,-0.08298,-1.00000,6.710,-0.379,18.085,657.866,-1,645.927,21.304,532.021,540.285,809.452,443.927,-1,-1,-1,-1,-1,-1,22.343,21.938,1,0,2,0,1,0,0,0,0,2,2,2,2,2,2,1,1
245,1338.273,-2238.734,592.390,178.411,-0.998985,-0.024960,0.037486,0.027716,-0.996806,0.074899,0.035497,0.075862,0.996486,0,-0.08317,-1.00000,6.295,-0.349,18.264,662.563,-1,645.059,18.802,534.440,541.945,810.410,443.120,-1,-1,-1,-1,-1,-1,22.393,19.453,1,0,2,0,1,0,0,0,0,2,2,2,2,2,2,1,1
246,1332.707,-2236.895,592.499,178.066,-0.998803,-0.030948,0.037878,0.033727,-0.996607,0.075078,0.035426,0.076265,0.996458,0,-0.08335,-1.00000,5.862,-0.345,18.385,665.542,-1,643.884,16.824,536.081,543.126,807.272,442.904,-1,-1,-1,-1,-1,1007.061,22.430,17.462,1,0,2,0,1,0,0,0,0,2,2,2,2,2,0,1,1
247,1327.549,-2235.134,592.538,177.734,-0.998606,-0.036745,0.037887,0.039508,-0.996404,0.074958,0.034996,0.076351,0.996467,0,-0.08353,-1.00000,5.450,-0.332,18.382,666.936,-1,642.103,16.143,536.968,543.369,801.727,442.970,-1,-1,-1,-1,-1,1001.556,22.428,16.753,1,0,2,0,1,0,0,0,0,2,2,2,2,2,0,1,1
248,1322.752,-2233.483,592.539,177.428,-0.998405,-0.042125,0.037593,0.044848,-0.996188,0.074816,0.034298,0.076383,0.996489,0,-0.08371,-1.00000,5.073,-0.306,18.332,667.441,-1,639.787,16.355,537.071,542.553,795.950,442.990,-1,-1,-1,-1,-1,995.176,22.414,16.952,1,0,2,0,1,0,0,0,0,2,2,2,2,2,0,1,1
249,1318.277,-2231.951,592.532,177.150,-0.998204,-0.047023,0.037115,0.049697,-0.995962,0.074763,0.033450,0.076473,0.996510,0,-0.08387,-1.00000,4.731,-0.278,18.102,666.570,-1,637.162,17.313,536.713,541.285,790.918,442.870,-1,-1,-1,-1,-1,988.372,22.348,17.835,1,0,2,0,1,0,0,0,0,2,2,2,2,2,0,1,1
250,1314.069,-2230.564,592.534,176.903,-0.998012,-0.051373,0.036503,0.053992,-0.995734,0.074819,0.032503,0.076641,0.996529,0,-0.08402,-1.00000,4.431,-0.246,17.809,665.175,-1,634.356,18.612,536.037,539.783,786.917,442.638,-1,-1,-1,-1,-1,981.411,22.276,19.024,1,0,2,0,1,0,0,0,0,2,2,2,2,2,0,1,1
251,1310.126,-2229.339,592.561,176.688,-0.997839,-0.055194,0.035637,0.057737,-0.995528,0.074775,0.031351,0.076671,0.996563,0,-0.08415,-1.00000,4.129,-0.215,17.540,663.353,-1,631.320,19.742,534.546,537.915,782.631,442.668,-1,-1,-1,-1,-1,974.193,22.226,20.169,1,0,2,0,1,0,0,0,0,2,2,2,2,2,0,1,1
252,1306.447,-2228.266,592.624,176.503,-0.997686,-0.058523,0.034617,0.060972,-0.995353,0.074528,0.030094,0.076466,0.996618,0,-0.08425,-1.00000,3.833,-0.186,17.547,660.909,-1,628.352,19.830,532.713,535.924,777.280,443.154,-1,-1,-1,-1,-1,967.289,22.227,20.761,1,0,2,0,1,0,0,0,0,2,2,2,2,2,0,1,1
253,1303.051,-2227.276,592.744,176.330,-0.997528,-0.061613,0.033789,0.063976,-0.995203,0.074009,0.029067,0.075988,0.996685,0,-0.08434,-1.00000,3.537,-0.172,17.664,659.008,-1,626.218,20.030,531.389,534.536,770.898,444.239,-1,-1,-1,-1,-1,962.080,22.247,20.394,1,0,2,0,1,0,0,0,0,2,2,2,2,2,0,1,1
254,1299.938,-2226.336,592.910,176.165,-0.997359,-0.064555,0.033290,0.066856,-0.995059,0.073398,0.028388,0.075430,0.996747,0,-0.08442,-1.00000,3.252,-0.165,17.745,658.195,-1,625.062,18.862,530.832,533.926,764.682,445.645,-1,-1,-1,-1,-1,958.688,22.263,19.246,1,0,2,0,1,0,0,0,0,2,2,2,2,2,0,1,1
255,1297.091,-2225.436,593.098,176.008,-0.997181,-0.067316,0.033137,0.069586,-0.994906,0.072944,0.028058,0.075044,0.996785,0,-0.08451,-1.00000,2.986,-0.157,17.852,658.625,-1,624.698,17.132,531.026,533.992,760.102,446.875,-1,-1,-1,-1,-1,956.693,22.286,17.531,1,0,2,0,1,0,0,0,0,2,2,2,2,2,0,1,1
256,1294.507,-2224.566,593.284,175.861,-0.997001,-0.069870,0.033270,0.072141,-0.994732,0.072822,0.028007,0.075004,0.996790,0,-0.08458,-1.00000,2.726,-0.147,18.006,660.161,-1,624.723,15.146,531.800,534.511,757.959,447.540,-1,-1,-1,-1,-1,955.494,22.322,15.563,1,0,2,0,1,0,0,0,0,2,2,2,2,2,0,1,1
257,1292.187,-2223.723,593.443,175.724,-0.996823,-0.072231,0.033562,0.074525,-0.994539,0.073060,0.028101,0.075329,0.996763,0,-0.08466,-1.00000,2.469,-0.137,18.037,662.341,-1,624.797,13.543,532.874,535.181,758.152,447.531,-1,-1,-1,-1,-1,954.456,22.330,13.928,1,0,2,0,1,0,0,0,0,2,2,2,2,2,0,1,1
258,1289.870,-2222.771,593.561,175.561,-0.996586,-0.075000,0.034521,0.077359,-0.994327,0.072999,0.028850,0.075421,0.996734,0,0.36483,-0.82764,2.505,-0.163,18.334,666.338,-1,626.317,-1,535.248,537.092,756.488,447.861,-1,-1,-1,-1,-1,956.071,22.414,-1,1,0,2,0,2,0,0,0,0,2,2,2,2,2,0,1,2
259,1287.207,-2221.590,593.630,175.341,-0.996233,-0.078720,0.036372,0.081189,-0.994072,0.072307,0.030465,0.074988,0.996719,0,0.36522,-0.82764,2.914,-0.220,18.419,672.751,-1,629.884,-1,539.355,540.744,750.642,449.028,-1,-1,-1,-1,-1,960.743,22.440,-1,1,0,2,0,2,0,0,0,0,2,2,2,2,2,0,1,2
260,1284.228,-2220.269,593.647,175.095,-0.995833,-0.082893,0.038026,0.085452,-0.993774,0.071495,0.031863,0.074447,0.996716,0,0.36576,-0.82764,3.258,-0.245,18.340,678.446,-1,632.541,-1,543.014,543.957,743.252,450.231,-1,-1,-1,-1,-1,963.787,22.416,-1,1,0,2,0,2,0,0,0,0,2,2,2,2,2,0,1,2
261,1280.981,-2218.906,593.635,174.861,-0.995457,-0.086917,0.038870,0.089519,-0.993442,0.071124,0.032434,0.074281,0.996710,0,0.36637,-0.82764,3.522,-0.234,18.261,681.778,-1,632.920,-1,544.988,545.433,737.760,450.672,-1,-1,-1,-1,-1,963.287,22.392,-1,1,0,2,0,2,0,0,0,0,2,2,2,2,2,0,1,2
262,1277.513,-2217.491,593.633,174.635,-0.995108,-0.090864,0.038788,0.093453,-0.993074,0.071207,0.032049,0.074484,0.996707,0,0.36693,-0.82764,3.746,-0.226,18.526,681.813,-1,631.229,-1,545.111,545.019,734.275,450.440,-1,-1,-1,-1,-1,958.901,22.475,-1,1,0,2,0,2,0,0,0,0,2,2,2,2,2,0,1,2
263,1273.858,-2215.941,593.645,174.392,-0.994741,-0.095168,0.037864,0.097684,-0.992658,0.071336,0.030797,0.074660,0.996733,0,0.36745,-0.82764,3.970,-0.243,18.671,679.317,-1,627.919,-1,543.595,542.981,730.159,450.194,-1,-1,-1,-1,-1,951.349,22.524,-1,1,0,2,0,2,0,0,0,0,2,2,2,2,2,0,1,2
264,1269.969,-2214.269,593.657,174.135,-0.994344,-0.099729,0.036522,0.102142,-0.992192,0.071562,0.029100,0.074888,0.996767,0,0.36801,-0.82764,4.233,-0.257,18.656,675.617,-1,623.712,-1,541.266,539.853,725.933,449.826,-1,-1,-1,-1,-1,942.077,22.519,-1,1,0,2,0,2,0,0,0,0,2,2,2,2,2,0,1,2
265,1265.836,-2212.454,593.658,173.859,-0.993891,-0.104644,0.035085,0.106944,-0.991671,0.071777,0.027282,0.075091,0.996803,0,0.36860,-0.82764,4.514,-0.276,18.576,671.619,-1,619.247,-1,538.763,536.515,721.217,449.466,-1,-1,-1,-1,-1,932.279,22.492,-1,1,0,2,0,2,0,0,0,0,2,2,2,2,2,0,1,2
266,1261.444,-2210.460,593.638,173.548,-0.993340,-0.110131,0.033866,0.112329,-0.991068,0.071875,0.025648,0.075200,0.996839,0,0.36924,-0.82764,4.823,-0.310,18.416,668.188,-1,615.121,-1,536.465,533.516,715.368,449.231,-1,-1,-1,-1,-1,922.997,22.439,-1,1,0,2,0,2,0,0,0,0,2,2,2,2,2,0,1,2
267,1256.752,-2208.323,593.599,173.219,-0.992708,-0.115911,0.033087,0.118042,-0.990390,0.072062,0.024416,0.075443,0.996851,0,0.36997,-0.82764,5.155,-0.329,18.274,666.114,-1,611.566,-1,534.743,531.164,709.862,448.784,-1,-1,-1,-1,-1,914.749,22.396,-1,1,0,2,0,2,0,0,0,0,2,2,2,2,2,0,1,2
268,1251.766,-2206.059,593.535,172.877,-0.992008,-0.121876,0.032653,0.123968,-0.989643,0.072383,0.023494,0.075852,0.996842,0,0.37075,-0.82764,5.476,-0.342,18.286,665.101,-1,608.373,-1,533.597,529.265,704.908,448.054,-1,-1,-1,-1,-1,907.175,22.400,-1,1,0,2,0,2,0,0,0,0,2,2,2,2,2,0,1,2
269,1246.514,-2203.648,593.465,172.516,-0.991228,-0.128153,0.032296,0.130208,-0.988823,0.072623,0.022628,0.076191,0.996836,0,0.37155,-0.82764,5.778,-0.360,18.625,664.260,-1,605.267,-1,532.574,527.467,699.024,447.457,-1,-1,-1,-1,-1,899.711,22.508,-1,1,0,2,0,2,0,0,0,0,2,2,2,2,2,0,1,2
270,1241.126,-2201.035,593.439,172.127,-0.990343,-0.134936,0.031820,0.136942,-0.987903,0.072765,0.021616,0.076420,0.996841,0,0.37239,-0.82764,5.988,-0.389,18.665,663.163,-1,602.059,-1,531.453,525.576,692.224,447.149,-1,-1,-1,-1,-1,891.873,22.522,-1,1,0,2,0,2,0,0,0,0,2,2,2,2,2,0,1,2
271,1235.624,-2198.243,593.492,171.716,-0.989357,-0.142098,0.031335,0.144056,-0.986863,0.073137,0.020531,0.076872,0.996830,0,0.37331,-0.82764,6.170,-0.412,18.655,662.608,-1,598.770,-1,530.491,523.734,686.878,446.659,-1,-1,-1,-1,-1,883.935,22.519,-1,1,0,2,0,2,0,0,0,0,2,2,2,2,2,0,1,2
272,1229.938,-2195.309,593.594,171.291,-0.988285,-0.149484,0.030764,0.151390,-0.985725,0.073669,0.019313,0.077463,0.996808,0,0.37430,-0.82764,6.399,-0.425,18.389,661.616,-1,595.254,-1,529.462,521.601,682.408,446.061,-1,-1,-1,-1,-1,875.897,22.431,-1,1,0,2,0,2,0,0,0,0,2,2,2,2,2,0,1,2
273,1223.966,-2192.332,593.691,170.875,-0.987186,-0.156718,0.030047,0.158562,-0.984543,0.074379,0.017926,0.078190,0.996777,0,0.37532,-0.82764,6.673,-0.416,18.196,660.442,-1,591.286,10.459,528.100,519.113,678.513,445.242,-1,-1,-1,-1,-1,867.131,22.373,10.800,1,0,2,0,1,0,0,0,0,2,2,2,2,2,0,1,1
274,1217.734,-2189.274,593.765,170.456,-0.986029,-0.164033,0.028993,0.165783,-0.983318,0.074839,0.016233,0.078600,0.996774,0,0.37629,-0.82764,6.941,-0.419,18.403,658.042,-1,586.862,12.642,526.073,516.093,672.445,444.881,-1,-1,-1,-1,-1,857.810,22.435,13.126,1,0,2,0,1,0,0,0,0,2,2,2,2,2,0,1,1
275,1211.248,-2186.102,593.797,170.028,-0.984789,-0.171504,0.027863,0.173142,-0.982057,0.074737,0.014545,0.078425,0.996814,0,0.37726,-0.82764,7.221,-0.428,18.316,655.053,-1,582.647,15.505,523.835,513.084,662.698,445.404,-1,-1,-1,-1,-1,849.743,22.408,16.062,1,0,2,0,1,0,0,0,0,2,2,2,2,2,0,1,1
276,1204.535,-2182.854,593.817,169.607,-0.983509,-0.178843,0.026932,0.180382,-0.980787,0.074293,0.013127,0.077926,0.996873,0,0.37824,-0.82764,7.457,-0.421,18.178,652.521,-1,579.310,16.100,521.242,510.253,651.280,446.493,-1,-1,-1,-1,-1,842.608,22.368,16.618,1,0,2,0,1,0,0,0,0,2,2,2,2,2,0,1,1
277,1197.598,-2179.549,593.816,169.194,-0.982198,-0.186017,0.026158,0.187471,-0.979490,0.073846,0.011885,0.077436,0.996926,0,0.37919,-0.82764,7.685,-0.413,18.025,650.433,-1,576.383,16.578,518.910,507.173,640.164,447.563,-1,-1,-1,-1,-1,835.817,22.327,17.043,1,0,2,0,1,0,0,0,0,2,2,2,2,2,0,1,1
278,1190.472,-2176.145,593.807,168.776,-0.980819,-0.193259,0.025416,0.194630,-0.978129,0.073369,0.010681,0.076908,0.996981,0,0.38010,-0.82764,7.897,-0.418,17.892,648.439,-1,573.502,15.609,516.703,504.123,628.756,448.697,-1,-1,-1,-1,-1,829.088,22.295,15.990,1,0,2,0,1,0,0,0,0,2,2,2,2,2,0,1,1
279,1183.321,-2172.655,593.805,168.363,-0.979403,-0.200440,0.024351,0.201709,-0.976702,0.073252,0.009101,0.076655,0.997016,0,0.22462,-0.67313,7.957,-0.414,18.007,644.942,-1,569.288,15.644,513.912,500.492,618.746,449.360,-1,-1,-1,-1,-1,821.174,22.323,16.075,1,0,2,0,1,0,0,0,0,2,2,2,2,2,0,1,1
280,1176.494,-2169.045,593.868,167.929,-0.977868,-0.208019,0.022412,0.209119,-0.975138,0.073322,0.006602,0.076386,0.997056,0,0.22515,-0.67313,7.723,-0.434,17.857,639.012,-1,563.884,16.661,509.743,495.711,608.804,450.069,-1,-1,-1,-1,-1,811.276,22.287,17.052,1,0,2,0,1,0,0,0,0,2,2,2,2,2,0,1,1
281,1169.691,-2165.483,593.924,167.530,-0.976402,-0.214983,0.020543,0.215923,-0.973613,0.073861,0.004122,0.076554,0.997057,0,0.22573,-0.67313,7.679,-0.399,17.679,633.491,-1,558.276,17.012,505.666,490.917,601.481,450.064,-1,-1,-1,-1,-1,801.160,22.250,17.329,1,0,2,0,1,0,0,0,0,2,2,2,2,2,0,1,1
282,1162.838,-2161.944,593.910,167.135,-0.974896,-0.221865,0.018830,0.222655,-0.972072,0.074174,0.001848,0.076504,0.997068,0,0.22624,-0.67313,7.712,-0.395,17.496,628.283,-1,552.986,18.722,501.777,486.355,593.586,450.272,-1,-1,-1,-1,-1,791.680,22.219,18.974,1,0,2,0,1,0,0,0,0,2,2,2,2,2,0,1,1
283,1155.866,-2158.411,593.837,166.744,-0.973354,-0.228644,0.017458,0.229310,-0.970514,0.074289,-0.000043,0.076313,0.997084,0,0.22674,-0.67313,7.816,-0.391,17.383,623.962,-1,548.242,17.871,498.405,482.275,585.589,450.622,-1,-1,-1,-1,-1,783.184,22.204,20.356,1,0,2,0,1,0,0,0,0,2,2,2,2,2,0,1,1
284,1148.730,-2154.865,593.700,166.364,-0.971812,-0.235169,0.016651,0.235754,-0.968970,0.074277,-0.001333,0.076109,0.997099,0,0.22723,-0.67313,7.969,-0.380,17.322,620.972,-1,544.256,17.325,495.897,478.935,577.384,450.922,-1,-1,-1,-1,-1,776.014,22.197,21.114,1,0,2,0,1,0,0,0,0,2,2,2,2,2,0,1,1
285,1141.481,-2151.261,593.522,165.986,-0.970232,-0.241636,0.016159,0.242165,-0.967396,0.074162,-0.002288,0.075868,0.997115,0,0.22770,-0.67313,8.095,-0.378,17.261,618.699,-1,540.700,16.859,493.648,476.002,568.874,451.233,-1,-1,-1,-1,-1,769.587,22.191,21.528,1,0,2,0,1,0,0,0,0,2,2,2,2,2,0,1,1
286,1134.177,-2147.605,593.357,165.606,-0.968602,-0.248130,0.015560,0.248595,-0.965775,0.074017,-0.003339,0.075561,0.997136,0,0.22816,-0.67313,8.169,-0.380,17.223,616.189,-1,537.052,16.592,490.753,473.254,560.385,451.697,-1,-1,-1,-1,-1,763.015,22.188,21.849,1,0,2,0,1,0,0,0,0,2,2,2,2,2,0,1,1
287,1126.859,-2143.890,593.271,165.225,-0.966924,-0.254645,0.014630,0.255022,-0.964122,0.073705,-0.004663,0.074998,0.997173,0,0.22861,-0.67313,8.206,-0.381,17.287,612.486,-1,533.274,17.052,487.566,470.321,551.380,452.833,-1,-1,-1,-1,-1,756.194,22.194,21.754,1,0,2,0,1,0,0,0,0,2,2,2,2,2,0,1,1
288,1119.538,-2140.087,593.287,164.843,-0.965196,-0.261157,0.013926,0.261465,-0.962433,0.073208,-0.005716,0.074301,0.997219,0,0.22907,-0.67313,8.250,-0.382,17.129,609.286,-1,530.184,16.024,485.007,467.305,542.466,454.492,-1,-1,-1,-1,-1,750.406,22.182,22.868,1,0,2,0,1,0,0,0,0,2,2,2,2,2,0,1,1
289,1112.062,-2136.283,593.334,164.486,-0.963545,-0.267189,0.013804,0.267473,-0.960807,0.072854,-0.006203,0.073890,0.997247,0,0.22953,-0.67313,8.388,-0.357,16.726,607.686,-1,527.782,14.486,483.238,465.020,535.065,455.859,-1,-1,-1,-1,-1,746.117,22.189,22.633,1,0,2,0,1,0,0,0,0,2,2,2,2,2,0,1,1
290,1104.424,-2132.500,593.285,164.158,-0.961994,-0.272724,0.013738,0.272988,-0.959255,0.072854,-0.006690,0.073836,0.997248,0,0.22994,-0.67313,8.524,-0.328,16.793,606.050,-1,524.923,14.674,481.253,462.466,528.680,456.427,-1,-1,-1,-1,-1,741.458,22.183,19.867,1,0,2,0,1,0,0,0,0,2,2,2,2,2,0,1,1
291,1096.751,-2128.609,593.106,163.818,-0.960354,-0.278475,0.013109,0.278676,-0.957625,0.072763,-0.007710,0.073532,0.997263,0,0.23029,-0.67313,8.603,-0.339,16.858,602.657,-1,521.145,14.874,478.155,459.014,522.615,457.021,-1,-1,-1,-1,-1,735.361,22.180,18.415,1,0,2,0,1,0,0,0,0,2,2,2,2,2,0,1,1
292,1089.048,-2124.617,592.833,163.468,-0.958619,-0.284440,0.011980,0.284542,-0.955900,0.072743,-0.009240,0.073141,0.997279,0,0.23065,-0.67313,8.676,-0.351,16.907,597.800,-1,516.486,15.040,474.090,454.758,518.122,457.457,-1,-1,-1,-1,-1,727.864,22.179,19.057,1,0,2,0,1,0,0,0,0,2,2,2,2,2,0,1,1
293,1081.378,-2120.504,592.572,163.104,-0.956778,-0.290626,0.010632,0.290610,-0.954050,0.073034,-0.011082,0.072967,0.997273,0,0.23104,-0.67178,8.703,-0.363,17.022,592.484,-1,511.371,15.498,469.646,450.226,514.203,457.509,-1,-1,-1,-1,-1,719.548,22.179,20.413,1,0,2,0,1,0,0,0,0,2,2,2,2,2,0,1,1
294,1073.691,-2116.248,592.334,162.727,-0.954823,-0.297028,0.009334,0.296893,-0.952079,0.073487,-0.012941,0.072938,0.997252,0,0.23145,-0.66956,8.787,-0.377,16.840,586.947,-1,506.431,14.812,465.277,445.725,510.725,457.364,-1,-1,-1,-1,-1,711.220,22.181,21.993,1,0,2,0,1,0,0,0,0,2,2,2,2,2,0,1,1
295,1065.926,-2111.938,592.137,162.354,-0.952839,-0.303371,0.007955,0.303110,-0.950078,0.073999,-0.014891,0.072920,0.997227,0,0.23189,-0.66721,8.881,-0.374,16.712,580.966,-1,501.182,14.449,460.523,441.195,507.419,457.314,-1,-1,-1,-1,-1,702.781,22.190,23.327,1,0,2,0,1,0,0,0,0,2,2,2,2,2,0,1,1
296,1058.082,-2107.566,592.000,161.985,-0.950844,-0.309596,0.006800,0.309230,-0.948091,0.074161,-0.016513,0.072618,0.997223,0,0.23231,-0.66491,8.980,-0.369,16.751,575.135,-1,496.599,14.554,455.994,437.265,503.631,457.955,-1,-1,-1,-1,-1,695.497,22.186,23.551,1,0,2,0,1,0,0,0,0,2,2,2,2,2,0,1,1
297,1050.124,-2103.111,591.870,161.615,-0.948812,-0.315784,0.005945,0.315343,-0.946097,0.073879,-0.017706,0.071972,0.997249,0,0.23272,-0.66267,9.121,-0.369,16.600,570.009,-1,492.781,14.190,452.007,433.964,499.198,459.264,-1,-1,-1,-1,-1,689.492,22.203,24.148,1,0,2,0,1,0,0,0,0,2,2,2,2,2,0,1,1
298,1042.026,-2098.667,591.758,161.270,-0.946883,-0.321530,0.005554,0.321047,-0.944185,0.073780,-0.018479,0.071644,0.997259,0,0.23313,-0.66046,9.236,-0.345,16.506,566.030,-1,489.447,14.012,448.668,431.186,495.778,460.171,-1,-1,-1,-1,-1,684.156,22.218,24.959,1,0,2,0,1,0,0,0,0,2,2,2,2,2,0,1,1
299,1033.820,-2094.181,591.635,160.941,-0.945012,-0.326988,0.005497,0.326486,-0.942321,0.073740,-0.018932,0.071479,0.997262,0,0.23349,-0.65852,9.352,-0.330,16.513,562.796,-1,486.413,14.025,445.755,428.133,492.812,460.843,-1,-1,-1,-1,-1,679.322,22.217,24.745,1,0,2,0,1,0,0,0,0,2,2,2,2,2,0,1,1
300,1025.540,-2089.619,591.465,160.614,-0.943130,-0.332377,0.005516,0.331865,-0.940459,0.073498,-0.019242,0.071148,0.997280,0,0.23382,-0.65676,9.454,-0.327,16.528,560.259,-1,483.533,14.054,442.910,425.084,489.262,461.707,-1,-1,-1,-1,-1,674.284,22.214,23.486,1,0,2,0,1,0,0,0,0,2,2,2,2,2,0,1,1
301,1017.208,-2085.002,591.202,160.290,-0.941222,-0.337749,0.005067,0.337195,-0.938580,0.073265,-0.019990,0.070667,0.997300,0,0.23413,-0.65504,9.526,-0.324,16.319,556.398,-1,479.903,13.734,439.288,421.680,485.463,462.615,-1,-1,-1,-1,-1,668.175,22.261,22.255,1,0,2,0,1,0,0,0,0,2,2,2,2,2,0,1,1
302,1008.793,-2080.395,590.880,159.980,-0.939360,-0.342908,0.004073,0.342265,-0.936728,0.073455,-0.021373,0.070394,0.997290,0,0.23444,-0.65337,9.594,-0.310,16.333,551.118,-1,475.123,13.750,434.756,417.446,483.279,463.029,-1,-1,-1,-1,-1,660.386,22.257,22.839,1,0,2,0,1,0,0,0,0,2,2,2,2,2,0,1,1
303,1000.392,-2075.708,590.611,159.663,-0.937412,-0.348211,0.002656,0.347447,-0.934791,0.073800,-0.023215,0.070104,0.997270,0,0.23472,-0.65186,9.620,-0.317,16.354,544.986,-1,469.850,13.776,429.744,412.780,480.732,463.627,-1,-1,-1,-1,-1,651.830,22.252,24.036,1,0,2,0,1,0,0,0,0,2,2,2,2,2,0,1,1
304,991.991,-2070.880,590.409,159.327,-0.935314,-0.353816,0.001090,0.352927,-0.932738,0.073767,-0.025083,0.069380,0.997275,0,0.23501,-0.65027,9.689,-0.336,16.311,538.137,-1,464.916,13.722,424.997,408.296,479.624,465.484,-1,-1,-1,-1,-1,643.746,22.263,24.545,1,0,2,0,1,0,0,0,0,2,2,2,2,2,0,1,1
305,983.477,-2065.969,590.190,158.988,-0.933177,-0.359416,-0.000204,0.358434,-0.930668,0.073364,-0.026558,0.068388,0.997305,0,0.23534,-0.64850,9.829,-0.339,16.331,531.639,-1,460.590,13.748,420.428,404.286,478.533,467.872,-1,-1,-1,-1,-1,636.583,22.258,24.485,1,0,2,0,1,0,0,0,0,2,2,2,2,2,0,1,1
306,975.051,-2061.073,589.959,158.655,-0.931046,-0.364899,-0.001014,0.363845,-0.928561,0.073429,-0.027736,0.067996,0.997300,0,-0.10411,-0.17360,9.745,-0.333,16.033,525.607,-1,456.426,13.458,415.933,400.569,478.612,469.139,-1,-1,-1,-1,-1,629.672,22.364,25.261,1,0,2,0,1,0,0,0,0,2,2,2,2,2,0,1,1
307,966.893,-2056.445,589.733,158.369,-0.929182,-0.369619,-0.001895,0.368463,-0.926657,0.074445,-0.029272,0.068475,0.997223,0,-0.10425,-0.17188,9.380,-0.285,15.734,519.674,-1,451.427,13.311,411.268,396.375,480.249,468.767,-1,-1,-1,-1,-1,621.561,22.532,27.551,1,0,2,0,1,0,0,0,0,2,2,2,2,2,0,1,1
308,958.959,-2052.074,589.546,158.132,-0.927608,-0.373545,-0.002824,0.372289,-0.925059,0.075277,-0.030731,0.068776,0.997159,0,-0.10436,-0.17058,9.058,-0.237,15.634,514.124,-1,446.617,13.286,406.887,392.403,481.541,468.868,-1,-1,-1,-1,-1,613.863,22.606,30.819,1,0,2,0,1,0,0,0,0,2,2,2,2,2,0,1,1
309,951.239,-2047.894,589.356,157.919,-0.926188,-0.377047,-0.003523,0.375725,-0.923648,0.075535,-0.031734,0.068636,0.997137,0,-0.10443,-0.16973,8.778,-0.213,15.586,509.350,-1,442.266,13.278,403.298,389.067,481.744,469.823,-1,-1,-1,-1,-1,607.441,22.644,31.324,1,0,2,0,1,0,0,0,0,2,2,2,2,2,0,1,1
310,943.759,-2043.890,589.124,157.726,-0.924895,-0.380203,-0.003884,0.378839,-0.922351,0.075826,-0.032412,0.068660,0.997113,0,-0.10448,-0.16908,8.484,-0.193,15.497,505.343,-1,438.255,13.269,400.144,385.869,482.091,470.378,-1,-1,-1,-1,-1,601.573,22.724,30.555,1,0,2,0,1,0,0,0,0,2,2,2,2,2,0,1,1
311,936.576,-2040.003,588.874,157.538,-0.923641,-0.383240,-0.003734,0.381868,-0.921076,0.076130,-0.032616,0.068891,0.997091,0,-0.10452,-0.16859,8.168,-0.188,15.360,502.420,-1,434.826,13.270,397.642,382.918,482.819,470.504,-1,-1,-1,-1,-1,596.630,22.862,30.346,1,0,2,0,1,0,0,0,0,2,2,2,2,2,0,1,1
312,929.643,-2036.271,588.628,157.368,-0.922504,-0.385974,-0.003234,0.384612,-0.919891,0.076650,-0.032559,0.069466,0.997053,0,-0.10456,-0.16809,7.873,-0.170,15.135,500.329,-1,431.668,13.305,395.589,380.290,485.249,470.011,-1,-1,-1,-1,-1,592.096,23.147,30.879,1,0,2,0,1,0,0,0,0,2,2,2,2,2,0,1,1
313,922.915,-2032.734,588.364,157.227,-0.921560,-0.388226,-0.002701,0.386880,-0.918903,0.077079,-0.032406,0.069988,0.997021,0,-0.10459,-0.16773,7.601,-0.141,14.996,498.477,-1,428.652,13.345,393.688,377.800,487.740,469.580,-1,-1,-1,-1,-1,587.789,23.369,31.403,1,0,2,0,1,0,0,0,0,2,2,2,2,2,0,1,1
314,916.400,-2029.405,588.095,157.109,-0.920762,-0.390117,-0.002355,0.388784,-0.918082,0.077286,-0.032313,0.070247,0.997006,0,-0.10460,-0.16762,7.316,-0.118,14.849,496.442,-1,425.705,13.402,391.742,375.335,489.514,469.600,-1,-1,-1,-1,-1,583.590,23.645,32.096,1,0,2,0,1,0,0,0,0,2,2,2,2,2,0,1,1
315,910.123,-2026.269,587.900,157.007,-0.920077,-0.391732,-0.002186,0.390411,-0.917403,0.077138,-0.032223,0.070119,0.997018,0,-0.10459,-0.16770,7.017,-0.101,14.827,493.888,-1,423.096,13.411,389.943,373.107,490.563,470.464,-1,-1,-1,-1,-1,579.904,23.692,32.805,1,0,2,0,1,0,0,0,0,2,2,2,2,2,0,1,1
316,904.119,-2023.315,587.824,156.914,-0.919436,-0.393233,-0.002440,0.391905,-0.916808,0.076635,-0.032372,0.069505,0.997056,0,-0.10458,-0.16790,6.692,-0.093,14.803,491.034,-1,420.688,13.423,388.076,370.968,490.804,472.245,-1,-1,-1,-1,-1,576.661,23.742,32.629,1,0,2,0,1,0,0,0,0,2,2,2,2,2,0,1,1
317,898.365,-2020.509,587.841,156.828,-0.918841,-0.394617,-0.002784,0.393282,-0.916270,0.076017,-0.032548,0.068753,0.997103,0,-0.10456,-0.16813,6.401,-0.086,14.776,488.387,-1,418.554,13.435,386.393,369.051,490.941,474.493,-1,-1,-1,-1,-1,573.790,23.803,32.092,1,0,2,0,1,0,0,0,0,2,2,2,2,2,0,1,1
318,892.850,-2017.813,587.902,156.749,-0.918296,-0.395884,-0.002917,0.394554,-0.915769,0.075463,-0.032545,0.068146,0.997144,0,-0.10454,-0.16839,6.139,-0.079,14.746,486.337,-1,416.804,13.450,384.740,367.449,491.462,476.590,-1,-1,-1,-1,-1,571.404,23.873,31.361,1,0,2,0,1,0,0,0,0,2,2,2,2,2,0,1,1
319,887.569,-2015.210,587.952,156.676,-0.917801,-0.397031,-0.002693,0.395730,-0.915303,0.074955,-0.032224,0.067728,0.997183,0,-0.10452,-0.16867,5.887,-0.073,14.715,485.015,-1,415.525,13.466,383.444,366.214,491.892,478.327,-1,-1,-1,-1,-1,569.631,23.945,30.817,1,0,2,0,1,0,0,0,0,2,2,2,2,2,0,1,1
320,882.538,-2012.731,587.988,156.604,-0.917319,-0.398148,-0.002231,0.396891,-0.914840,0.074472,-0.031692,0.067429,0.997221,0,-0.10449,-0.16896,5.609,-0.072,14.679,484.178,-1,414.533,13.485,382.452,365.245,492.484,479.791,-1,-1,-1,-1,-1,568.323,24.037,30.723,1,0,2,0,1,0,0,0,0,2,2,2,2,2,0,1,1
321,877.767,-2010.372,588.017,156.534,-0.916853,-0.399220,-0.001766,0.398005,-0.914390,0.074043,-0.031174,0.067184,0.997253,0,-0.10447,-0.16922,5.322,-0.069,14.566,483.410,-1,413.584,13.549,381.519,364.326,493.116,481.097,-1,-1,-1,-1,-1,567.071,24.350,30.678,1,0,2,0,1,0,0,0,0,2,2,2,2,2,0,1,1
322,873.236,-2008.137,588.030,156.474,-0.916447,-0.400153,-0.001253,0.398977,-0.913986,0.073807,-0.030679,0.067140,0.997272,0,-0.10445,-0.16946,5.053,-0.060,14.374,482.776,-1,412.576,13.680,380.644,363.407,494.076,481.958,-1,-1,-1,-1,-1,565.706,25.011,30.575,1,0,2,0,1,0,0,0,0,2,2,2,2,2,0,1,1
323,868.949,-2006.055,588.053,156.432,-0.916170,-0.400789,-0.000611,0.399652,-0.913685,0.073880,-0.030169,0.067442,0.997267,0,-0.10443,-0.16975,4.766,-0.042,14.296,482.518,-1,411.519,13.738,379.942,362.549,495.737,482.187,-1,-1,-1,-1,-1,564.226,25.337,29.707,1,0,2,0,1,0,0,0,0,2,2,2,2,2,0,1,1
324,864.914,-2004.131,588.104,156.403,-0.915980,-0.401225,0.000027,0.400126,-0.913466,0.074017,-0.029673,0.067809,0.997257,0,-0.10439,-0.17017,4.470,-0.029,14.278,482.454,-1,410.538,13.751,379.373,361.790,497.548,482.342,-1,-1,-1,-1,-1,562.834,25.420,29.521,1,0,2,0,1,0,0,0,0,2,2,2,2,2,0,1,1
325,861.111,-2002.344,588.166,156.379,-0.915822,-0.401584,0.000554,0.400519,-0.913292,0.074048,-0.029230,0.068037,0.997254,0,-0.10435,-0.17066,4.201,-0.024,14.292,482.336,-1,409.645,13.740,378.825,361.086,499.031,482.743,-1,-1,-1,-1,-1,561.564,25.353,29.677,1,0,2,0,1,0,0,0,0,2,2,2,2,2,0,1,1
326,857.525,-2000.670,588.205,156.355,-0.915663,-0.401945,0.000922,0.400908,-0.913131,0.073925,-0.028871,0.068060,0.997263,0,-0.10431,-0.17116,3.958,-0.024,14.310,481.966,-1,408.769,13.726,378.183,360.353,499.938,483.415,-1,-1,-1,-1,-1,560.263,25.277,29.864,1,0,2,0,1,0,0,0,0,2,2,2,2,2,0,1,1
327,854.141,-1999.104,588.189,156.330,-0.915500,-0.402316,0.001176,0.401303,-0.912980,0.073645,-0.028555,0.067894,0.997284,0,-0.10427,-0.17162,3.728,-0.024,14.320,481.343,-1,407.893,13.719,377.439,359.575,500.211,484.247,-1,-1,-1,-1,-1,558.950,25.232,29.976,1,0,2,0,1,0,0,0,0,2,2,2,2,2,0,1,1
328,850.954,-1997.642,588.109,156.306,-0.915341,-0.402678,0.001348,0.401689,-0.912848,0.073176,-0.028236,0.067522,0.997318,0,-0.10424,-0.17204,3.506,-0.024,14.323,480.521,-1,407.054,13.716,376.626,358.801,499.794,485.318,-1,-1,-1,-1,-1,557.741,25.217,30.014,1,0,2,0,1,0,0,0,0,2,2,2,2,2,0,1,1
329,847.950,-1996.289,587.980,156.285,-0.915201,-0.402994,0.001547,0.402034,-0.912743,0.072580,-0.027837,0.067048,0.997361,0,-0.10421,-0.17243,3.295,-0.021,14.330,479.731,-1,406.159,13.711,375.865,358.105,498.965,486.449,-1,-1,-1,-1,-1,556.737,25.191,30.083,1,0,2,0,1,0,0,0,0,2,2,2,2,2,0,1,1
330,845.143,-1995.027,587.828,156.265,-0.915072,-0.403287,0.001786,0.402358,-0.912645,0.072025,-0.027417,0.066627,0.997401,0,-0.10418,-0.17280,3.077,-0.020,14.320,479.018,-1,405.316,13.719,375.157,357.452,498.151,487.391,-1,-1,-1,-1,-1,555.806,25.235,29.963,1,0,2,0,1,0,0,0,0,2,2,2,2,2,0,1,1
331,842.309,-1993.687,587.683,156.240,-0.914921,-0.403624,0.002591,0.402769,-0.912527,0.071211,-0.026378,0.066196,0.997458,0,0.33122,-1.00000,3.135,-0.025,14.335,479.372,-1,405.196,13.707,375.124,357.448,497.441,488.449,-1,-1,-1,-1,-1,556.113,25.170,30.135,1,0,2,0,1,0,0,0,0,2,2,2,2,2,0,1,1
332,839.094,-1992.113,587.552,156.206,-0.914732,-0.404037,0.004421,0.403331,-0.912366,0.070090,-0.024286,0.065897,0.997531,0,0.33114,-1.00000,3.579,-0.034,14.392,481.569,-1,406.126,13.667,376.179,358.445,497.290,489.503,-1,-1,-1,-1,-1,558.267,24.941,30.803,1,0,2,0,1,0,0,0,0,2,2,2,2,2,0,1,1
333,835.541,-1990.358,587.461,156.171,-0.914532,-0.404462,0.006443,0.403909,-0.912182,0.069152,-0.022092,0.065844,0.997585,0,0.33106,-1.00000,3.963,-0.035,14.654,484.909,-1,407.011,13.500,377.347,359.480,498.306,490.290,-1,-1,-1,-1,-1,560.662,24.103,29.121,1,0,2,0,1,0,0,0,0,2,2,2,2,2,0,1,1
334,831.710,-1988.389,587.417,156.121,-0.914209,-0.405164,0.007998,0.404730,-0.911880,0.068330,-0.020392,0.065705,0.997631,0,0.33097,-1.00000,4.307,-0.050,14.972,487.592,-1,407.338,13.354,377.922,359.993,499.369,491.321,-1,-1,-1,-1,-1,562.506,23.411,27.379,1,0,2,0,1,0,0,0,0,2,2,2,2,2,0,1,1
335,827.628,-1986.199,587.405,156.050,-0.913729,-0.406227,0.008881,0.405862,-0.911431,0.067598,-0.019366,0.065371,0.997673,0,0.33090,-1.00000,4.632,-0.070,15.372,488.570,-1,407.056,13.269,377.655,359.788,500.164,492.567,-1,-1,-1,-1,-1,562.996,22.849,25.978,1,0,2,0,1,0,0,0,0,2,2,2,2,2,0,1,1
336,823.313,-1983.778,587.408,155.956,-0.913070,-0.407699,0.009180,0.407363,-0.910813,0.066895,-0.018912,0.064820,0.997718,0,0.33087,-1.00000,4.947,-0.094,15.940,487.967,-1,406.193,13.397,376.782,358.950,500.602,494.198,-1,-1,-1,-1,-1,562.339,22.409,24.859,1,0,2,0,1,0,0,0,0,2,2,2,2,2,0,1,1
337,818.796,-1981.095,587.414,155.835,-0.912211,-0.409619,0.009097,0.409288,-0.910006,0.066132,-0.018811,0.064050,0.997769,0,0.33090,-1.00000,5.254,-0.121,16.906,486.208,-1,404.938,15.031,375.415,357.702,500.278,496.212,-1,-1,-1,-1,-1,561.014,22.179,23.736,1,0,2,0,1,0,0,0,0,2,2,2,2,2,0,1,1
338,814.167,-1978.093,587.424,155.669,-0.911019,-0.412274,0.008687,0.411929,-0.908884,0.065156,-0.018967,0.062937,0.997837,0,0.33097,-1.00000,5.517,-0.166,18.522,483.327,-1,403.531,21.247,373.364,356.201,499.057,498.825,-1,-1,-1,-1,-1,559.444,22.474,22.130,1,0,2,0,1,0,0,0,0,2,2,2,2,2,0,1,1
339,809.768,-1974.624,587.425,155.394,-0.909016,-0.416694,0.007491,0.416291,-0.906992,0.063766,-0.019777,0.061083,0.997937,0,0.33116,-1.00000,5.603,-0.275,18.729,477.793,-1,401.862,19.384,370.332,354.185,496.275,502.930,-1,-1,-1,-1,-1,557.383,22.545,20.297,1,0,2,0,1,0,0,0,0,2,2,2,2,2,0,1,1
340,805.442,-1970.826,587.426,155.069,-0.906629,-0.421870,0.007000,0.421440,-0.904657,0.063117,-0.020294,0.060174,0.997982,0,0.33164,-1.00000,5.756,-0.325,18.671,473.241,-1,400.313,19.548,367.678,352.400,495.887,505.304,-1,-1,-1,-1,-1,555.516,22.524,20.438,1,0,2,0,1,0,0,0,0,2,2,2,2,2,0,1,1
341,801.050,-1966.780,587.422,154.715,-0.904009,-0.427447,0.007494,0.427029,-0.902016,0.063354,-0.020321,0.060473,0.997963,0,0.33225,-1.00000,5.972,-0.354,18.657,470.359,-1,398.929,19.527,365.622,350.963,498.945,505.252,-1,-1,-1,-1,-1,553.949,22.519,20.409,1,0,2,0,1,0,0,0,0,2,2,2,2,2,0,1,1
342,796.576,-1962.545,587.416,154.348,-0.901255,-0.433208,0.008374,0.432810,-0.899183,0.064381,-0.020360,0.061648,0.997890,0,0.33293,-1.00000,6.161,-0.367,18.819,467.916,-1,397.192,19.303,363.608,349.379,504.023,503.429,-1,-1,-1,-1,-1,551.736,22.577,20.258,1,0,2,0,1,0,0,0,0,2,2,2,2,2,0,1,1
343,792.010,-1958.091,587.407,153.961,-0.898306,-0.439270,0.009364,0.438894,-0.896135,0.065683,-0.020461,0.063113,0.997797,0,0.33364,-1.00000,6.378,-0.387,18.691,465.361,-1,395.268,20.204,361.522,347.667,509.862,501.028,-1,-1,-1,-1,-1,549.199,22.531,21.135,1,0,2,0,1,0,0,0,0,2,2,2,2,2,0,1,1
344,787.256,-1953.410,587.382,153.559,-0.895211,-0.445513,0.010722,0.445190,-0.892962,0.066524,-0.020063,0.064326,0.997727,0,0.33439,-1.00000,6.672,-0.402,18.626,463.516,-1,393.964,22.338,360.011,346.427,515.390,499.205,-1,-1,-1,-1,-1,547.864,22.509,23.328,1,0,2,0,1,0,0,0,0,2,2,2,2,2,0,1,1
345,782.234,-1948.542,587.315,153.154,-0.892067,-0.451727,0.012619,0.451513,-0.889790,0.066410,-0.018771,0.064940,0.997713,0,0.33518,-1.00000,6.994,-0.405,18.673,462.992,-1,393.792,22.560,359.299,345.932,519.801,498.649,-1,-1,-1,-1,-1,548.678,22.525,23.588,1,0,2,0,1,0,0,0,0,2,2,2,2,2,0,1,1
346,777.025,-1943.471,587.173,152.729,-0.888723,-0.458212,0.014615,0.458128,-0.886470,0.065504,-0.017059,0.064910,0.997745,0,0.33595,-1.00000,7.270,-0.425,18.657,462.043,-1,394.207,21.280,358.769,345.286,522.075,499.235,-1,-1,-1,-1,-1,550.312,22.520,22.241,1,0,2,0,1,0,0,0,0,2,2,2,2,2,0,1,1
347,771.701,-1938.197,586.966,152.290,-0.885207,-0.464910,0.016338,0.464942,-0.883011,0.064201,-0.015421,0.064428,0.997803,0,0.33676,-1.00000,7.494,-0.439,18.643,460.262,-1,394.010,19.669,357.910,344.471,523.451,500.545,-1,-1,-1,-1,-1,553.107,22.515,20.550,1,0,2,0,1,0,0,0,0,2,2,2,2,2,0,1,1
348,766.427,-1932.711,586.755,151.832,-0.881481,-0.471893,0.017547,0.472005,-0.879354,0.062836,-0.014222,0.063670,0.997870,0,0.33761,-1.00000,7.610,-0.458,18.663,457.232,-1,393.561,18.544,356.458,343.257,524.566,502.328,-1,-1,-1,-1,-1,555.790,22.521,19.385,1,0,2,0,1,0,0,0,0,2,2,2,2,2,0,1,1
349,761.410,-1926.973,586.600,151.318,-0.877218,-0.479746,0.018242,0.479900,-0.875157,0.061606,-0.013591,0.062796,0.997934,0,0.33850,-1.00000,7.622,-0.514,18.656,453.175,-1,393.572,17.674,354.343,341.686,525.722,504.320,-1,-1,-1,-1,-1,557.901,22.519,18.472,1,0,2,0,1,0,0,0,0,2,2,2,2,2,0,1,1
350,756.431,-1921.148,586.530,150.780,-0.872674,-0.487926,0.019205,0.488122,-0.870599,0.061603,-0.013338,0.063134,0.997916,0,0.33955,-1.00000,7.663,-0.538,18.657,449.245,-1,392.931,18.026,351.573,340.244,529.891,504.026,-1,-1,-1,-1,-1,558.610,22.519,18.840,1,0,2,0,1,0,0,0,0,2,2,2,2,2,0,1,1
351,751.301,-1915.192,586.530,150.252,-0.868146,-0.495876,0.020707,0.496142,-0.866021,0.062062,-0.012842,0.064152,0.997858,0,0.34066,-1.00000,7.861,-0.528,18.653,446.437,-1,392.374,18.566,349.619,339.191,535.900,502.663,-1,-1,-1,-1,-1,559.478,22.518,19.403,1,0,2,0,1,0,0,0,0,2,2,2,2,2,0,1,1
352,746.024,-1909.030,586.589,149.718,-0.863495,-0.503856,0.022490,0.504217,-0.861341,0.062098,-0.011917,0.064961,0.997817,0,0.43995,-0.95460,8.113,-0.534,18.593,444.440,-1,392.502,19.244,348.329,338.653,541.167,501.987,-1,-1,-1,-1,-1,561.767,22.498,20.079,1,0,2,0,1,0,0,0,0,2,2,2,2,2,0,1,1
353,740.480,-1902.661,586.728,149.194,-0.858858,-0.511621,0.024622,0.512108,-0.856719,0.061466,-0.010353,0.065400,0.997805,0,0.44134,-0.95043,8.444,-0.524,18.497,443.692,-1,393.577,19.039,347.757,338.836,545.357,502.440,-1,-1,-1,-1,-1,566.056,22.465,19.816,1,0,2,0,1,0,0,0,0,2,2,2,2,2,0,1,1
354,734.681,-1896.075,586.867,148.663,-0.854090,-0.519437,0.026744,0.520057,-0.852022,0.059994,-0.008377,0.065149,0.997840,0,0.44268,-0.94642,8.775,-0.531,18.559,442.921,-1,395.362,15.959,347.464,339.448,548.055,504.354,-1,-1,-1,-1,-1,572.067,22.486,16.638,1,0,2,0,1,0,0,0,0,2,2,2,2,2,0,1,1
355,728.653,-1889.262,586.965,148.116,-0.849102,-0.527446,0.028749,0.528192,-0.847139,0.058044,-0.006260,0.064470,0.997900,0,0.44403,-0.94241,9.097,-0.547,18.684,441.573,-1,397.401,13.709,347.118,339.894,549.723,507.047,-1,-1,-1,-1,-1,579.049,22.529,14.338,1,0,2,0,1,0,0,0,0,2,2,2,2,2,0,1,1
356,722.593,-1882.199,587.039,147.548,-0.843832,-0.535724,0.030772,0.536591,-0.841982,0.056002,-0.004092,0.063769,0.997956,0,0.44540,-0.93829,9.306,-0.568,18.661,440.066,-1,399.439,896.772,346.743,339.961,551.752,509.722,-1,-1,-1,-1,-1,586.972,22.521,858.661,1,0,2,0,1,0,0,0,0,2,2,2,2,2,0,1,0
357,716.595,-1874.863,587.067,146.937,-0.838073,-0.544603,0.032252,0.545552,-0.836343,0.053874,-0.002367,0.062746,0.998027,0,0.44684,-0.93397,9.476,-0.610,18.623,437.203,-1,400.942,874.019,345.716,339.636,553.089,512.791,-1,-1,-1,-1,-1,594.401,22.508,900.684,1,0,2,0,1,0,0,0,0,2,2,2,2,2,0,1,0
358,710.551,-1867.288,587.075,146.314,-0.832094,-0.553606,0.033765,0.554635,-0.830460,0.052117,-0.000811,0.062093,0.998070,0,0.44842,-0.92924,9.691,-0.623,18.708,434.596,-1,402.369,851.147,343.878,339.070,554.061,515.059,-1,-1,-1,-1,-1,601.234,22.537,957.749,1,0,2,0,1,0,0,0,0,2,2,2,2,2,0,1,0
359,704.561,-1859.430,587.125,145.670,-0.825802,-0.562832,0.035652,0.563959,-0.824241,0.050756,0.000819,0.062021,0.998075,0,0.45004,-0.92440,9.880,-0.645,18.666,432.436,-1,404.597,841.670,342.097,338.620,557.520,516.281,-1,-1,-1,-1,-1,608.579,22.523,-1,1,0,2,0,1,0,0,0,0,2,2,2,2,2,0,1,2
360,698.658,-1851.273,587.226,144.995,-0.819096,-0.572370,0.038390,0.573650,-0.817564,0.050138,0.002689,0.063090,0.998004,0,0.45172,-0.91935,10.069,-0.675,18.657,431.346,-1,407.019,821.171,341.130,339.361,564.128,515.362,-1,-1,-1,-1,-1,616.570,22.519,-1,1,0,2,0,1,0,0,0,0,2,2,2,2,2,0,1,2
361,692.854,-1842.750,587.263,144.286,-0.811932,-0.582274,0.041513,0.583731,-0.810453,0.049235,0.004976,0.064208,0.997924,0,0.45351,-0.91400,10.312,-0.709,18.618,430.225,-1,410.134,800.250,341.144,340.733,570.931,514.210,-1,-1,-1,-1,-1,626.038,22.506,-1,1,0,2,0,1,0,0,0,0,2,2,2,2,2,0,1,2
362,687.224,-1833.924,587.250,143.521,-0.804054,-0.592859,0.044889,0.594509,-0.802645,0.048161,0.007477,0.065411,0.997830,0,0.45541,-0.90831,10.468,-0.765,18.667,428.876,-1,413.854,778.601,341.370,342.479,576.714,512.692,-1,-1,-1,-1,-1,636.709,22.523,-1,1,0,2,0,1,0,0,0,0,2,2,2,2,2,0,1,2
363,681.735,-1824.833,587.260,142.692,-0.795347,-0.604256,0.047933,0.606076,-0.794028,0.046814,0.009772,0.066284,0.997753,0,0.45751,-0.90203,10.620,-0.830,18.567,426.716,-1,418.009,756.273,341.426,344.089,581.391,511.737,-1,-1,-1,-1,-1,648.253,22.489,-1,1,0,2,0,1,0,0,0,0,2,2,2,2,2,0,1,2
364,676.265,-1815.476,587.342,141.828,-0.786099,-0.616014,0.050747,0.617980,-0.784917,0.044800,0.012234,0.066578,0.997706,0,0.45982,-0.89510,10.838,-0.864,18.686,424.963,-1,423.286,734.551,341.739,346.116,586.899,512.086,-1,-1,-1,-1,-1,662.823,22.530,-1,1,0,2,0,1,0,0,0,0,2,2,2,2,2,0,1,2
365,670.792,-1805.807,587.542,140.943,-0.776431,-0.627922,0.053563,0.630019,-0.775448,0.041912,0.015218,0.066287,0.997685,0,0.46225,-0.88785,11.111,-0.885,18.660,425.159,-1,430.198,715.308,341.978,349.061,591.455,513.951,-1,-1,-1,-1,-1,681.109,22.521,989.782,1,0,2,0,1,0,0,0,0,2,2,2,2,2,0,1,1
366,665.347,-1795.889,587.936,140.057,-0.766542,-0.639647,0.057148,0.641911,-0.765808,0.038578,0.019088,0.066255,0.997620,0,0.46473,-0.88040,11.314,-0.886,18.662,427.690,-1,439.060,695.883,343.518,353.326,595.580,515.984,-1,-1,-1,-1,-1,703.536,22.521,936.745,1,0,2,0,1,0,0,0,0,2,2,2,2,2,0,1,1
367,660.098,-1785.716,588.590,139.148,-0.756188,-0.651456,0.061518,0.653913,-0.755782,0.034513,0.024011,0.066326,0.997509,0,0.46722,-0.87294,11.448,-0.908,18.655,432.033,-1,450.627,675.129,348.393,360.645,601.010,518.735,-1,-1,-1,-1,-1,733.824,22.519,885.917,1,0,2,0,1,0,0,0,0,2,2,2,2,2,0,1,1
368,655.097,-1775.240,589.468,138.191,-0.745037,-0.663743,0.066061,0.666360,-0.745053,0.029353,0.029736,0.065890,0.997384,0,0.46979,-0.86525,11.609,-0.958,18.652,438.079,-1,465.394,654.867,355.473,369.931,606.614,523.509,-1,-1,-1,-1,-1,772.795,22.518,-1,1,0,2,0,1,0,0,0,0,2,2,2,2,2,0,1,2
369,650.194,-1764.509,590.475,137.173,-0.732946,-0.676691,0.069857,0.679356,-0.733445,0.023123,0.035589,0.064406,0.997289,0,0.47254,-0.85703,11.798,-1.018,18.576,444.421,-1,482.724,656.759,363.062,380.517,609.080,531.790,-1,-1,-1,-1,-1,820.608,22.491,-1,1,0,2,0,1,0,0,0,0,2,2,2,2,2,0,1,2
370,645.331,-1753.521,591.588,136.123,-0.720212,-0.689933,0.072708,0.692518,-0.721224,0.015997,0.041402,0.061873,0.997225,0,0.47548,-0.84821,12.016,-1.050,18.375,454.404,-1,501.280,-1,370.407,391.914,609.334,542.760,-1,-1,-1,-1,-1,882.630,22.427,-1,1,0,2,0,2,0,0,0,0,2,2,2,2,2,0,1,2
371,640.396,-1742.251,592.759,135.073,-0.707206,-0.703004,0.075133,0.705415,-0.708746,0.008297,0.047417,0.058868,0.997139,0,0.47853,-0.83908,12.303,-1.050,18.133,463.939,-1,521.538,-1,378.251,404.160,610.694,555.186,-1,-1,-1,-1,-1,873.763,22.356,-1,1,0,2,0,2,0,0,0,0,2,2,2,2,2,1,1,2
372,635.305,-1730.710,593.939,134.055,-0.694339,-0.715416,0.077929,0.717631,-0.696423,0.000593,0.053848,0.056336,0.996959,0,0.48157,-0.82998,12.614,-1.018,17.891,474.906,-1,544.221,-1,389.612,417.496,612.696,566.866,-1,-1,-1,-1,-1,830.816,22.295,-1,1,0,2,0,2,0,0,0,0,2,2,2,2,2,1,1,2
373,630.076,-1718.947,595.114,133.082,-0.681793,-0.726998,0.081436,0.729040,-0.684440,-0.006530,0.060485,0.054918,0.996657,0,0.48448,-0.82126,12.873,-0.973,17.840,487.368,-1,566.343,-1,401.712,431.657,617.145,576.149,-1,869.253,929.564,-1,-1,793.511,22.283,-1,1,0,2,0,2,0,0,0,0,2,0,0,2,2,1,1,2
374,624.810,-1706.974,596.280,132.139,-0.669416,-0.737986,0.085200,0.739850,-0.672640,-0.013285,0.067113,0.054142,0.996275,0,0.48723,-0.81304,13.080,-0.943,17.756,514.606,-1,588.899,-1,414.337,446.078,623.374,583.992,-1,756.171,809.947,-1,-1,758.864,22.265,-1,1,0,2,0,2,0,0,0,0,2,0,0,2,2,1,1,2
375,619.579,-1694.738,597.382,131.199,-0.656915,-0.748795,0.088137,0.750407,-0.660675,-0.019926,0.073151,0.053049,0.995909,0,0.48987,-0.80513,13.308,-0.939,18.379,541.519,-1,612.633,-1,426.402,459.955,627.423,592.372,-1,695.466,734.363,-1,-1,729.714,22.428,-1,1,0,2,0,2,0,0,0,0,2,0,0,2,2,1,1,2
376,614.577,-1682.251,598.354,130.224,-0.643813,-0.759948,0.089349,0.761215,-0.647969,-0.026216,0.077818,0.051136,0.995655,0,0.49249,-0.79729,13.451,-0.976,18.715,557.870,-1,634.712,-1,437.404,472.640,626.960,602.027,-1,656.933,689.400,-1,-1,705.129,22.540,-1,1,0,2,0,2,0,0,0,0,2,0,0,2,2,1,1,2
377,609.893,-1669.513,599.150,129.204,-0.629975,-0.771405,0.089816,0.772315,-0.634437,-0.031940,0.081621,0.049245,0.995446,0,0.49524,-0.78905,13.572,-1.020,18.667,573.269,-1,655.690,-1,447.811,484.447,626.536,610.802,-1,629.103,659.680,-1,-1,675.154,22.523,-1,1,0,2,0,2,0,0,0,0,2,0,0,2,2,1,1,2
378,605.593,-1656.573,599.817,128.152,-0.615511,-0.782882,0.090779,0.783520,-0.620277,-0.036782,0.085104,0.048487,0.995192,0,0.45772,-0.29961,13.636,-1.052,18.420,589.918,-1,668.900,-1,458.263,495.986,632.085,616.121,-1,607.377,635.638,-1,-1,641.528,22.441,-1,1,0,2,1,2,0,0,0,0,2,0,0,2,2,1,1,2
379,601.503,-1643.472,600.387,127.104,-0.600906,-0.793920,0.092747,0.794438,-0.606007,-0.040306,0.088205,0.049461,0.994874,0,0.46051,-0.29051,13.724,-1.049,18.086,603.839,-1,641.120,-1,468.501,506.609,639.565,617.044,-1,591.620,615.133,-1,-1,608.945,22.343,-1,1,0,2,1,2,0,0,0,0,2,0,0,2,2,1,1,2
380,597.559,-1630.245,600.991,126.090,-0.586587,-0.804165,0.096097,0.804696,-0.592122,-0.043079,0.091544,0.052060,0.994439,0,0.46329,-0.28142,13.803,-1.013,17.625,622.283,-1,614.716,-1,479.517,517.771,653.540,614.020,-1,575.647,595.776,-1,-1,-1,22.240,-1,1,0,2,1,2,0,0,0,0,2,0,0,2,2,2,1,2
381,593.598,-1616.812,601.613,125.127,-0.572796,-0.813540,0.100283,0.814191,-0.578832,-0.045250,0.094859,0.055730,0.993930,0,0.46598,-0.27268,14.004,-0.963,17.438,643.121,-1,589.609,-1,491.243,528.821,672.466,608.538,-1,564.705,578.078,-1,-1,-1,22.211,-1,1,0,2,1,2,0,0,0,0,2,0,0,2,2,2,1,2
382,589.597,-1603.145,602.123,124.206,-0.559479,-0.822247,0.104373,0.823059,-0.566004,-0.047050,0.097762,0.059581,0.993425,0,0.46850,-0.26446,14.241,-0.921,17.193,660.890,-1,565.436,-1,502.086,538.853,692.129,602.511,-1,556.570,565.223,-1,-1,-1,22.186,-1,1,0,2,1,2,0,0,0,0,2,0,0,2,2,2,1,2
383,585.499,-1589.382,602.613,123.329,-0.546688,-0.830266,0.108584,0.831337,-0.553684,-0.048097,0.100055,0.063975,0.992923,0,0.47088,-0.25669,14.361,-0.877,16.725,677.471,-1,542.272,-1,511.709,547.496,719.108,595.286,-1,552.234,557.037,-1,-1,-1,22.189,-1,1,0,2,1,2,0,0,0,0,2,0,0,2,2,2,1,2
384,580.321,-1572.676,603.163,122.363,-0.532493,-0.838885,0.112796,0.840268,-0.539955,-0.048963,0.101979,0.068706,0.992411,0,0.47312,-0.24940,17.490,-0.966,16.287,695.102,-1,515.899,-1,521.110,556.191,749.577,588.339,-1,551.730,551.940,-1,-1,-1,22.270,-1,1,0,2,1,2,0,0,0,0,2,0,0,2,2,2,1,2
385,576.691,-1561.388,603.465,121.769,-0.523677,-0.844051,0.115500,0.845632,-0.531452,-0.049649,0.103289,0.071670,0.992066,0,0.47551,-0.24160,11.857,-0.594,15.903,706.830,-1,499.088,-1,527.242,561.859,769.276,584.442,-1,551.177,548.092,-1,-1,-1,22.428,-1,1,0,2,1,2,0,0,0,0,2,0,0,2,2,2,1,2
386,571.871,-1547.172,603.812,121.102,-0.513690,-0.849571,0.119797,0.851491,-0.521948,-0.050336,0.105292,0.076149,0.991522,0,0.47694,-0.23696,15.011,-0.667,15.072,723.969,-1,479.186,-1,535.320,568.955,800.726,578.225,-1,549.457,543.325,-1,-1,-1,23.243,-1,1,0,2,1,2,0,0,0,0,2,0,0,2,2,2,1,2
387,566.392,-1533.057,604.233,120.616,-0.506326,-0.853094,0.125955,0.855616,-0.515196,-0.049943,0.107497,0.082481,0.990778,0,0.47846,-0.23199,15.141,-0.486,14.794,744.963,-1,461.597,-1,543.174,574.836,849.795,567.843,-1,548.917,538.484,-1,-1,-1,23.763,-1,1,0,2,1,2,0,0,0,0,2,0,0,2,2,2,1,2
388,560.494,-1519.031,604.726,120.263,-0.501000,-0.855524,0.130680,0.858620,-0.510278,-0.048866,0.108489,0.087722,0.990220,0,0.47939,-0.22897,15.216,-0.352,14.727,762.379,-1,465.687,-1,547.756,577.585,894.767,560.623,-1,554.519,539.822,-1,-1,-1,23.918,-1,1,0,2,1,2,0,0,0,0,2,0,0,2,2,2,1,2
389,554.267,-1504.940,605.225,119.978,-0.496686,-0.857437,0.134555,0.861053,-0.506270,-0.047727,0.109044,0.092153,0.989756,0,0.47987,-0.22740,15.406,-0.285,15.035,773.582,-1,450.086,-1,551.182,580.039,936.021,555.959,-1,562.121,543.845,-1,-1,-1,23.302,-1,1,0,2,1,2,0,0,0,0,2,0,0,2,2,2,1,2
390,547.982,-1490.649,605.610,119.681,-0.492189,-0.859603,0.137232,0.863573,-0.502005,-0.047251,0.109508,0.095253,0.989411,0,0.48012,-0.22659,15.612,-0.297,15.480,780.575,-1,434.263,-1,553.947,561.486,966.592,553.966,-1,569.384,548.046,-1,-1,-1,22.740,-1,1,0,2,1,2,0,1,0,0,2,0,0,2,2,2,1,2
391,541.814,-1476.057,605.897,119.321,-0.486710,-0.862464,0.138811,0.866565,-0.496750,-0.047999,0.110352,0.096927,0.989155,0,0.54074,-0.47678,15.842,-0.360,16.408,786.681,-1,417.813,-1,557.519,532.956,979.651,554.774,-1,574.113,550.643,-1,-1,-1,22.238,-1,1,0,2,1,2,0,1,0,0,2,0,0,2,2,2,1,2
392,534.938,-1458.091,606.203,118.726,-0.477608,-0.867491,0.139103,0.871423,-0.487904,-0.050714,0.111863,0.096996,0.988979,0,0.54126,-0.47528,19.236,-0.595,17.396,800.720,-1,396.695,-1,564.304,498.544,970.510,559.555,-1,576.245,552.091,-1,-1,-1,22.206,-1,1,0,2,1,2,0,1,0,0,2,0,0,2,2,2,1,2
393,531.043,-1446.029,606.563,118.212,-0.469713,-0.871800,0.139049,0.875580,-0.480175,-0.052829,0.112824,0.096934,0.988875,0,0.54247,-0.47179,12.676,-0.514,18.660,808.831,-1,381.827,-1,570.765,476.278,962.796,563.084,-1,578.151,553.645,-1,-1,-1,22.521,-1,1,0,2,1,2,0,1,0,0,2,0,0,2,2,2,1,2
394,527.311,-1430.957,607.223,117.369,-0.456795,-0.878835,0.137796,0.882401,-0.467273,-0.055001,0.112725,0.096467,0.988932,0,0.54372,-0.46815,15.527,-0.842,17.370,813.396,-1,361.989,-1,578.696,439.228,946.971,568.082,-1,586.168,561.426,-1,-1,-1,22.203,-1,1,0,2,1,2,0,1,0,0,2,0,0,2,2,2,1,2
395,524.040,-1415.613,608.008,116.484,-0.443074,-0.885681,0.138762,0.889278,-0.453803,-0.056991,0.113446,0.098147,0.988685,0,0.54606,-0.46139,15.688,-0.885,17.540,829.603,-1,341.962,-1,590.821,402.657,952.827,568.852,-1,591.896,565.174,-1,-1,-1,22.226,-1,1,0,2,1,2,0,1,0,0,2,0,0,2,2,2,1,2
396,521.151,-1399.981,608.740,115.557,-0.428587,-0.892326,0.141662,0.896242,-0.439720,-0.058281,0.114297,0.101984,0.988198,0,0.54857,-0.45412,15.897,-0.927,17.513,855.487,-1,321.660,-1,573.093,366.481,981.639,564.843,-1,597.546,567.527,-1,-1,-1,22.222,-1,1,0,2,1,2,1,1,0,0,2,0,0,2,2,2,1,2
397,518.637,-1384.043,609.299,114.601,-0.413547,-0.898841,0.145132,0.903236,-0.425081,-0.058911,0.114645,0.106726,0.987657,0,0.55124,-0.44639,16.135,-0.957,17.513,879.792,-1,301.088,-1,526.436,373.419,-1,558.501,-1,605.310,571.519,977.706,-1,-1,22.222,-1,1,0,2,1,2,1,1,2,0,2,0,0,0,2,2,1,2
398,516.442,-1367.824,609.604,113.623,-0.398098,-0.905268,0.148348,0.910235,-0.409906,-0.058730,0.113975,0.111652,0.987190,0,0.55403,-0.43832,16.367,-0.978,17.538,900.283,-1,280.282,-1,480.744,345.214,-1,550.939,-1,616.367,579.217,932.033,-1,-1,22.226,-1,1,0,2,1,2,1,1,2,0,2,0,0,0,2,2,1,2
399,514.552,-1351.370,609.652,112.628,-0.382318,-0.911562,0.151285,0.917198,-0.394244,-0.057619,0.112166,0.116729,0.986809,0,0.55690,-0.42999,16.562,-0.995,17.489,913.990,-1,259.298,-1,438.653,317.185,-1,542.143,-1,631.354,590.669,896.615,-1,-1,22.218,-1,1,0,2,1,2,1,1,2,0,2,0,0,0,2,2,1,2
400,512.900,-1334.717,609.403,111.629,-0.366419,-0.917673,0.153666,0.924099,-0.378184,-0.054935,0.108527,0.121873,0.986595,0,0.55985,-0.42147,16.735,-0.999,17.587,915.209,-1,238.134,-1,397.787,289.358,-1,532.417,-1,653.421,609.016,880.062,-1,-1,22.234,-1,1,0,2,1,2,1,1,2,0,2,0,0,0,2,2,1,2
401,511.548,-1317.885,608.881,110.618,-0.350265,-0.923735,0.155010,0.930992,-0.361512,-0.050628,0.102805,0.126580,0.986615,0,0.56282,-0.41287,16.886,-1.011,17.714,652.329,-1,216.747,-1,365.234,261.632,-1,522.811,-1,684.471,636.421,882.594,-1,-1,22.257,-1,1,1,2,1,2,1,1,2,0,2,0,0,0,2,2,1,2
402,510.501,-1300.786,608.054,109.588,-0.333702,-0.929724,0.155747,0.937770,-0.344240,-0.045669,0.096074,0.130815,0.986741,0,0.56584,-0.40412,17.131,-1.030,17.597,553.224,-1,195.161,-1,335.520,234.007,-1,513.449,-1,720.559,668.982,894.501,-1,-1,22.235,-1,1,1,2,1,2,1,1,2,0,2,0,0,0,2,2,1,2
403,509.644,-1283.392,606.873,108.553,-0.316913,-0.935347,0.157137,0.944267,-0.326705,-0.040291,0.089023,0.135611,0.986755,0,0.56894,-0.39514,17.415,-1.035,17.747,467.888,-1,173.435,-1,295.589,206.599,-1,502.377,-1,759.238,703.987,901.519,-1,-1,22.263,-1,1,1,2,1,2,1,1,2,0,2,0,0,0,2,2,1,2
404,509.040,-1265.759,605.540,107.528,-0.300162,-0.940328,0.160269,0.950347,-0.309260,-0.034616,0.082115,0.141920,0.986466,0,0.57206,-0.38611,17.644,-1.024,17.652,389.235,-1,151.657,-1,256.862,179.535,-1,488.636,-1,800.400,739.178,893.394,-1,-1,22.245,-1,1,1,2,1,2,1,1,2,0,2,0,0,0,2,2,1,2
405,508.797,-1247.867,604.152,106.496,-0.283158,-0.944950,0.163984,0.956154,-0.291469,-0.028543,0.074768,0.148712,0.986050,0,0.57515,-0.37716,17.893,-1.032,17.512,318.497,-1,129.699,90.627,218.744,152.597,-1,474.417,-1,846.385,778.101,884.551,-1,-1,22.222,-1,1,1,2,1,1,1,1,2,0,2,0,0,0,2,2,1,2
406,507.371,-1235.148,602.677,105.718,-0.270463,-0.946889,0.173927,0.961064,-0.276176,-0.009057,0.056610,0.164706,0.984717,0,0.57829,-0.36808,12.798,-0.779,17.449,284.255,-1,112.050,77.993,191.124,131.478,-1,443.457,-1,975.711,889.796,900.161,-1,-1,22.213,81.063,1,1,2,1,1,1,1,2,0,2,0,0,0,2,2,1,1
407,504.468,-1230.768,601.386,105.267,-0.263245,-0.945599,0.191167,0.964422,-0.262938,0.027438,0.024320,0.191589,0.981174,0,0.58057,-0.36148,5.255,-0.450,17.515,266.291,-1,101.757,19.513,176.513,119.566,-1,399.143,-1,-1,-1,963.001,-1,97.541,22.222,26.830,1,1,2,1,1,1,1,2,0,2,2,2,0,2,1,1,1
408,501.641,-1231.090,601.500,104.986,-0.258574,-0.943966,0.205104,0.965979,-0.251599,0.059853,-0.004896,0.213602,0.976908,0,0.58179,-0.35795,2.846,-0.282,17.522,258.515,-1,97.820,19.594,209.219,115.124,-1,368.404,-1,-1,-1,-1,-1,93.145,22.223,51.805,1,1,2,1,1,1,1,2,0,2,2,2,2,2,1,1,1
409,499.143,-1232.551,603.199,104.645,-0.252788,-0.943404,0.214679,0.967323,-0.241934,0.075861,-0.019630,0.226841,0.973734,0,0.58254,-0.35577,2.894,-0.340,17.501,255.143,-1,97.381,19.260,207.530,114.535,-1,354.134,-1,-1,-1,-1,252.455,92.405,22.220,56.947,1,1,2,1,1,1,1,2,0,2,2,2,2,1,1,1,1
410,1558.490,-2359.464,587.528,127.452,-0.608076,-0.790731,0.070626,0.793845,-0.604808,0.063388,-0.007408,0.094610,0.995487,1,0.58355,-0.35285,0.000,0.000,-1,743.467,-1,575.967,14.858,548.076,509.378,573.841,500.852,-1,-1,-1,-1,-1,-1,-1,23.627,2,0,2,0,1,0,0,0,0,2,2,2,2,2,2,2,1
411,1558.641,-2360.012,591.388,127.449,-0.608044,-0.791344,0.063697,0.793868,-0.605303,0.058158,-0.007466,0.085930,0.996273,0,0.29340,1.00000,0.569,-0.002,-1,746.497,-1,593.635,14.952,556.140,520.720,563.885,525.764,-1,-1,-1,-1,-1,-1,-1,23.446,2,0,2,0,1,0,0,0,0,2,2,2,2,2,2,2,1
412,1558.580,-2360.330,594.253,127.445,-0.607976,-0.791844,0.057861,0.793918,-0.605621,0.054013,-0.007728,0.078776,0.996862,0,0.29340,1.00000,0.324,-0.005,-1,747.435,-1,606.978,-1,561.510,528.818,554.979,545.945,-1,-1,-1,-1,-1,-1,-1,-1,2,0,2,0,2,0,0,0,0,2,2,2,2,2,2,2,2
413,1558.393,-2360.577,596.028,127.446,-0.607994,-0.792178,0.052888,0.793894,-0.605876,0.051454,-0.008717,0.073271,0.997274,0,0.29340,1.00000,0.310,0.002,-1,744.605,-1,614.144,-1,562.777,532.291,546.892,560.740,-1,-1,-1,-1,-1,-1,-1,-1,2,0,2,0,2,0,0,0,0,2,2,2,2,2,2,2,2
414,1558.042,-2360.617,596.699,127.461,-0.608188,-0.792289,0.048835,0.793730,-0.606216,0.049944,-0.009966,0.069137,0.997557,0,0.29340,1.00000,0.353,0.015,-1,739.104,-1,616.260,-1,560.911,532.161,538.774,570.223,-1,-1,-1,-1,-1,-1,-1,-1,2,0,2,0,2,0,0,0,0,2,2,2,2,2,2,2,2
415,1557.525,-2360.411,596.302,127.485,-0.608511,-0.792224,0.045765,0.793461,-0.606594,0.049633,-0.011560,0.066515,0.997718,0,0.29340,1.00000,0.556,0.024,-1,730.980,-1,613.075,-1,555.885,528.354,530.951,574.056,-1,-1,-1,-1,-1,-1,-1,-1,2,0,2,0,2,0,0,0,0,2,2,2,2,2,2,2,2
416,1556.843,-2359.937,594.932,127.522,-0.609005,-0.791941,0.044077,0.793049,-0.607021,0.050975,-0.013613,0.065999,0.997727,0,0.29340,1.00000,0.831,0.037,-1,720.872,-1,604.161,-1,547.875,520.826,524.992,571.137,-1,-1,-1,-1,-1,-1,-1,-1,2,0,2,0,2,0,0,0,0,2,2,2,2,2,2,2,2
417,1555.980,-2359.066,592.827,127.572,-0.609681,-0.791351,0.045309,0.792502,-0.607482,0.053899,-0.015129,0.068769,0.997518,0,0.29340,1.00000,1.226,0.050,14.178,713.073,-1,592.203,-1,539.937,512.069,524.437,559.857,-1,-1,-1,-1,-1,-1,21.141,-1,1,0,2,0,2,0,0,0,0,2,2,2,2,2,2,1,2
418,1554.879,-2357.703,590.429,127.638,-0.610609,-0.790364,0.049812,0.791804,-0.608170,0.056347,-0.014240,0.073847,0.997168,0,0.29340,1.00000,1.753,0.067,14.436,712.865,-1,583.826,16.707,536.934,507.107,528.730,543.542,-1,-1,-1,-1,-1,-1,25.230,22.190,1,0,2,0,1,0,0,0,0,2,2,2,2,2,2,1,1
419,1553.484,-2355.938,588.128,127.726,-0.611853,-0.788911,0.057050,0.790900,-0.609234,0.057544,-0.010641,0.080330,0.996712,0,0.29340,1.00000,2.250,0.088,14.804,721.531,-1,581.475,16.838,540.334,507.672,537.303,525.338,-1,-1,-1,-1,-1,-1,23.934,22.181,1,0,2,0,1,0,0,0,0,2,2,2,2,2,2,1,1
420,1551.859,-2353.984,586.447,127.838,-0.613418,-0.787196,0.063574,0.789729,-0.610711,0.057958,-0.006799,0.085759,0.996293,0,0.29340,1.00000,2.541,0.112,14.944,731.979,-1,582.404,16.881,545.784,510.596,545.694,510.940,-1,-1,-1,-1,-1,-1,20.247,22.180,1,0,2,0,1,0,0,0,0,2,2,2,2,2,2,1,1
421,1550.016,-2352.000,585.666,127.967,-0.615197,-0.785497,0.067289,0.788361,-0.612469,0.058037,-0.004375,0.088752,0.996044,0,0.29340,1.00000,2.708,0.129,14.989,738.999,-1,584.361,16.892,550.050,513.450,550.907,503.086,-1,-1,-1,-1,-1,-1,15.044,22.179,1,0,2,0,1,0,0,0,0,2,2,2,2,2,2,1,1
422,1547.956,-2350.042,585.769,128.110,-0.617167,-0.783896,0.067917,0.786824,-0.614452,0.057938,-0.003686,0.089197,0.996007,0,0.29340,1.00000,2.843,0.143,-1,741.156,-1,586.665,16.911,552.214,515.500,552.297,501.641,-1,-1,-1,-1,-1,-1,-1,22.179,2,0,2,0,1,0,0,0,0,2,2,2,2,2,2,2,1
423,1545.696,-2348.055,586.523,128.258,-0.619200,-0.782440,0.066181,0.785222,-0.616522,0.057681,-0.004330,0.087683,0.996139,0,0.29340,1.00000,3.009,0.148,-1,739.454,-1,589.101,16.917,552.766,516.835,550.579,505.006,-1,-1,-1,-1,-1,-1,-1,22.179,2,0,2,0,1,0,0,0,0,2,2,2,2,2,2,2,1
424,1543.236,-2345.944,587.609,128.408,-0.621254,-0.781041,0.063390,0.783591,-0.618639,0.057199,-0.005459,0.085207,0.996348,0,0.29340,1.00000,3.242,0.150,-1,736.431,-1,592.084,17.018,552.951,518.222,547.415,510.797,-1,-1,-1,-1,-1,-1,-1,22.179,2,0,2,0,1,0,0,0,0,2,2,2,2,2,2,2,1
425,1540.540,-2343.656,588.743,128.570,-0.623456,-0.779491,0.060790,0.781833,-0.620922,0.056509,-0.006303,0.082758,0.996550,0,0.29340,1.00000,3.536,0.161,-1,734.376,-1,595.983,17.336,553.913,520.356,544.534,516.642,-1,-1,-1,-1,-1,-1,-1,22.199,2,0,2,0,1,0,0,0,0,2,2,2,2,2,2,2,1
426,1537.560,-2341.235,589.705,128.761,-0.626056,-0.777528,0.059192,0.779751,-0.623589,0.055910,-0.006560,0.081158,0.996680,0,0.29340,1.00000,3.839,0.191,-1,734.158,-1,600.355,18.021,555.900,523.080,543.346,520.500,-1,-1,-1,-1,-1,-1,-1,22.326,2,0,2,0,1,0,0,0,0,2,2,2,2,2,2,2,1
427,1534.154,-2338.750,590.350,129.014,-0.629497,-0.774740,0.059264,0.776979,-0.627047,0.055817,-0.006082,0.081183,0.996681,0,0.49625,0.94510,4.216,0.253,-1,736.318,-1,604.621,18.710,559.022,526.428,545.380,520.485,-1,-1,-1,-1,-1,-1,-1,22.538,2,0,2,0,1,0,0,0,0,2,2,2,2,2,2,2,1
428,1530.286,-2336.091,590.630,129.311,-0.633518,-0.771336,0.060797,0.773713,-0.631066,0.055886,-0.004740,0.082444,0.996584,0,0.49625,0.94510,4.694,0.297,-1,740.829,-1,609.223,18.602,563.392,530.586,549.465,517.282,-1,-1,-1,-1,-1,-1,-1,22.500,2,0,2,0,1,0,0,0,0,2,2,2,2,2,2,2,1
429,1526.064,-2333.157,590.599,129.633,-0.637872,-0.767578,0.062802,0.770137,-0.635440,0.055721,-0.002863,0.083909,0.996469,0,0.49625,0.94510,5.141,0.323,-1,746.087,-1,614.271,18.753,568.242,535.069,553.099,512.950,-1,-1,-1,-1,-1,-1,-1,22.553,2,0,2,0,1,0,0,0,0,2,2,2,2,2,2,2,1
430,1521.483,-2329.955,590.372,129.973,-0.642431,-0.763610,0.064675,0.766343,-0.640051,0.055246,-0.000791,0.085055,0.996376,0,0.49625,0.94510,5.589,0.340,-1,751.011,-1,619.649,18.676,573.033,539.612,555.246,508.614,-1,-1,-1,-1,-1,-1,-1,22.526,2,0,2,0,1,0,0,0,0,2,2,2,2,2,2,2,1
431,1516.549,-2326.577,590.042,130.333,-0.647228,-0.759432,0.066019,0.762295,-0.644919,0.054637,0.001084,0.085689,0.996321,0,0.49625,0.94510,5.980,0.360,-1,753.115,-1,624.869,18.658,577.331,543.643,555.646,504.801,-1,-1,-1,-1,-1,-1,-1,22.520,2,0,2,0,1,0,0,0,0,2,2,2,2,2,2,2,1
432,1511.297,-2323.110,589.712,130.716,-0.652314,-0.755036,0.066390,0.757945,-0.650078,0.054016,0.002375,0.085556,0.996331,0,0.49625,0.94510,6.293,0.383,-1,752.559,-1,629.320,18.655,580.199,546.602,553.936,502.125,-1,-1,-1,-1,-1,-1,-1,22.519,2,0,2,0,1,0,0,0,0,2,2,2,2,2,2,2,1
433,1505.776,-2319.745,589.526,131.120,-0.657637,-0.750476,0.065571,0.753330,-0.655466,0.053463,0.002857,0.084555,0.996415,0,0.49625,0.94510,6.465,0.404,-1,749.709,-1,632.774,18.656,581.367,548.348,550.346,500.969,-1,-1,-1,-1,-1,-1,-1,22.519,2,0,2,0,1,0,0,0,0,2,2,2,2,2,2,2,1
434,1500.025,-2316.409,589.518,131.541,-0.663154,-0.745779,0.063574,0.748479,-0.661049,0.052860,0.002604,0.082638,0.996576,0,0.49625,0.94510,6.649,0.421,-1,744.704,-1,635.565,18.654,581.084,549.129,544.910,501.713,-1,-1,-1,-1,-1,-1,-1,22.518,2,0,2,0,1,0,0,0,0,2,2,2,2,2,2,2,1
435,1494.068,-2313.034,589.654,131.978,-0.668846,-0.740896,0.060974,0.743399,-0.666762,0.052779,0.001551,0.080629,0.996743,0,0.49625,0.94510,6.846,0.437,-1,738.012,-1,636.678,18.651,579.242,548.567,539.678,502.836,-1,-1,-1,-1,-1,-1,-1,22.517,2,0,2,0,1,0,0,0,0,2,2,2,2,2,2,2,1
436,1487.906,-2309.565,589.865,132.424,-0.674608,-0.735868,0.058328,0.738176,-0.672505,0.053233,0.000053,0.078968,0.996877,0,0.49625,0.94510,7.071,0.446,-1,730.720,-1,636.480,18.573,576.104,547.366,535.554,503.818,-1,-1,-1,-1,-1,-1,-1,22.490,2,0,2,0,1,0,0,0,0,2,2,2,2,2,2,2,1
437,1481.523,-2305.891,590.081,132.873,-0.680375,-0.730714,0.056101,0.732864,-0.678247,0.053784,-0.001250,0.077707,0.996975,0,0.49625,0.94510,7.365,0.449,-1,724.222,-1,636.493,18.750,573.538,546.438,532.466,504.100,-1,-1,-1,-1,-1,-1,-1,22.552,2,0,2,0,1,0,0,0,0,2,2,2,2,2,2,2,1
438,1474.837,-2301.974,590.265,133.332,-0.686227,-0.725304,0.055016,0.727385,-0.684078,0.054303,-0.001751,0.077282,0.997008,0,0.49625,0.94510,7.749,0.459,-1,720.089,-1,638.043,18.676,572.853,546.970,531.428,502.799,-1,-1,-1,-1,-1,-1,-1,22.526,2,0,2,0,1,0,0,0,0,2,2,2,2,2,2,2,1
439,1467.835,-2298.033,590.451,133.813,-0.692304,-0.719502,0.055056,0.721604,-0.690125,0.054910,-0.001513,0.077743,0.996972,0,0.49625,0.94510,8.035,0.481,-1,718.208,-1,641.172,18.660,573.952,549.002,532.715,499.910,-1,-1,-1,-1,-1,-1,-1,22.520,2,0,2,0,1,0,0,0,0,2,2,2,2,2,2,2,1
440,1460.606,-2294.164,590.702,134.309,-0.698532,-0.713410,0.055663,0.715579,-0.696391,0.054652,-0.000226,0.078007,0.996953,0,0.49625,0.94510,8.199,0.497,-1,718.663,-1,647.758,18.657,577.452,553.582,533.878,497.404,-1,-1,-1,-1,-1,-1,-1,22.519,2,0,2,0,1,0,0,0,0,2,2,2,2,2,2,2,1
441,1453.148,-2290.346,591.000,134.808,-0.704734,-0.707224,0.056426,0.709469,-0.702714,0.053359,0.001915,0.077636,0.996980,0,0.49625,0.94510,8.379,0.499,-1,720.690,-1,657.657,18.579,582.846,560.364,533.720,496.089,-1,-1,-1,-1,-1,-1,-1,22.493,2,0,2,0,1,0,0,0,0,2,2,2,2,2,2,2,1
442,1445.570,-2286.656,591.333,135.303,-0.710826,-0.701055,0.056996,0.703357,-0.708928,0.052066,0.003904,0.077098,0.997016,0,0.49625,0.94510,8.428,0.494,-1,722.327,-1,667.495,18.821,588.121,566.982,533.220,495.536,-1,-1,-1,-1,-1,-1,-1,22.578,2,0,2,0,1,0,0,0,0,2,2,2,2,2,2,2,1
443,1437.946,-2282.987,591.715,135.835,-0.717320,-0.694362,0.057556,0.696723,-0.715480,0.051626,0.005333,0.077133,0.997007,0,0.49625,0.94510,8.461,0.532,-1,723.116,-1,675.397,18.611,592.363,572.580,534.341,493.879,-1,-1,-1,-1,-1,-1,-1,22.504,2,0,2,0,1,0,0,0,0,2,2,2,2,2,2,2,1
444,1430.267,-2279.135,592.109,136.357,-0.723637,-0.687739,0.058003,0.690153,-0.721798,0.051922,0.006158,0.077604,0.996965,0,0.49625,0.94510,8.591,0.522,-1,722.991,-1,681.026,18.246,594.984,576.790,536.503,491.370,-1,-1,-1,-1,-1,-1,-1,22.388,2,0,2,0,1,0,0,0,0,2,2,2,2,2,2,2,1
445,1422.529,-2275.053,592.475,136.849,-0.729536,-0.681459,0.058242,0.683913,-0.727646,0.052858,0.006359,0.078394,0.996902,0,0.38307,0.46441,8.749,0.492,-1,721.883,-1,684.351,17.862,594.610,578.282,539.231,488.245,-1,-1,-1,-1,-1,-1,-1,22.288,2,0,2,0,1,0,0,0,0,2,2,2,2,2,2,2,1
446,1414.742,-2270.741,592.769,137.317,-0.735100,-0.675455,0.058214,0.677931,-0.733124,0.054201,0.006068,0.079308,0.996832,0,0.38307,0.46441,8.901,0.468,-1,719.580,-1,685.807,17.840,593.170,578.506,541.922,484.741,-1,-1,-1,-1,-1,-1,-1,22.283,2,0,2,0,1,0,0,0,0,2,2,2,2,2,2,2,1
447,1406.848,-2266.408,593.003,137.790,-0.740680,-0.669333,0.058189,0.671835,-0.738573,0.056092,0.005433,0.080639,0.996729,0,0.38307,0.46441,9.005,0.474,-1,716.604,-1,685.616,18.289,590.943,577.716,545.465,480.409,-1,-1,-1,-1,-1,-1,-1,22.401,2,0,2,0,1,0,0,0,0,2,2,2,2,2,2,2,1
448,1398.876,-2262.394,593.282,138.294,-0.746556,-0.662774,0.058180,0.665306,-0.744300,0.058182,0.004742,0.082144,0.996609,0,0.38307,0.46441,8.925,0.503,-1,713.665,-1,685.216,18.513,588.627,576.816,549.736,476.427,-1,-1,-1,-1,-1,-1,-1,22.471,2,0,2,0,1,0,0,0,0,2,2,2,2,2,2,2,1
449,1390.847,-2258.654,593.588,138.819,-0.752629,-0.655891,0.057935,0.658431,-0.750261,0.059804,0.004241,0.083157,0.996527,0,0.38307,0.46441,8.858,0.526,-1,710.820,-1,685.926,18.383,586.589,576.440,553.061,473.346,-1,-1,-1,-1,-1,-1,-1,22.429,2,0,2,0,1,0,0,0,0,2,2,2,2,2,2,2,1
450,1382.834,-2255.247,593.956,139.362,-0.758834,-0.648755,0.057338,0.651272,-0.756407,0.060775,0.003943,0.083461,0.996503,0,0.38307,0.46441,8.708,0.543,-1,708.049,-1,687.450,18.701,584.902,576.735,554.851,471.601,-1,-1,-1,-1,-1,-1,-1,22.535,2,0,2,0,1,0,0,0,0,2,2,2,2,2,2,2,1
451,1374.981,-2252.451,594.411,139.922,-0.765164,-0.641392,0.056033,0.643826,-0.762714,0.061284,0.003430,0.082968,0.996546,0,0.38307,0.46441,8.335,0.560,-1,704.397,-1,688.149,18.497,582.757,576.814,554.826,471.108,-1,-1,-1,-1,-1,-1,-1,22.465,2,0,2,0,1,0,0,0,0,2,2,2,2,2,2,2,1
452,1367.229,-2249.405,594.808,140.401,-0.770516,-0.635155,0.053703,0.637411,-0.768250,0.059154,0.003685,0.079810,0.996803,0,0.38307,0.46441,8.329,0.479,-1,700.639,-1,693.223,17.685,581.799,579.106,547.276,475.020,-1,-1,-1,-1,-1,-1,-1,22.251,2,0,2,0,1,0,0,0,0,2,2,2,2,2,2,2,1
453,1359.385,-2246.004,595.023,140.825,-0.775213,-0.629627,0.051132,0.631687,-0.773173,0.056350,0.004055,0.075983,0.997101,0,0.38307,0.46441,8.550,0.424,-1,696.336,-1,698.756,17.288,580.699,579.928,537.336,479.868,-1,-1,-1,-1,-1,-1,-1,22.194,2,0,2,0,1,0,0,0,0,2,2,2,2,2,2,2,1
454,1351.410,-2242.347,595.029,141.228,-0.779636,-0.624344,0.048604,0.626221,-0.777737,0.054521,0.003761,0.072943,0.997329,0,0.38307,0.46441,8.774,0.403,-1,690.636,-1,701.123,17.031,577.838,577.993,528.770,483.299,-1,-1,-1,-1,-1,-1,-1,22.179,2,0,2,0,1,0,0,0,0,2,2,2,2,2,2,2,1
455,1343.304,-2238.438,594.842,141.619,-0.783892,-0.619179,0.046169,0.620893,-0.782020,0.054192,0.002550,0.071147,0.997463,0,0.38307,0.46441,8.999,0.391,-1,683.344,-1,699.196,16.830,572.670,573.696,522.676,484.035,-1,-1,-1,-1,-1,-1,-1,22.182,2,0,2,0,1,0,0,0,0,2,2,2,2,2,2,2,1
456,1335.094,-2234.259,594.505,141.983,-0.787833,-0.614332,0.043761,0.615889,-0.785901,0.055136,0.000520,0.070390,0.997519,0,0.38307,0.46441,9.212,0.365,-1,674.778,-1,693.607,16.629,565.653,567.441,518.553,482.532,-1,-1,-1,-1,-1,-1,-1,22.199,2,0,2,0,1,0,0,0,0,2,2,2,2,2,2,2,1
457,1326.750,-2229.870,594.075,142.344,-0.791695,-0.609501,0.041569,0.610913,-0.789635,0.057107,-0.001982,0.070607,0.997502,0,0.38307,0.46441,9.429,0.361,-1,665.826,-1,685.646,16.440,557.992,560.008,516.470,478.993,-1,-1,-1,-1,-1,-1,-1,22.231,2,0,2,0,1,0,0,0,0,2,2,2,2,2,2,2,1
458,1318.230,-2225.285,593.634,142.699,-0.795460,-0.604697,0.039821,0.605992,-0.793261,0.059250,-0.004240,0.071262,0.997449,0,0.38307,0.46441,9.675,0.355,-1,657.742,-1,678.087,16.333,550.944,553.060,515.438,474.644,-1,-1,-1,-1,-1,-1,-1,22.258,2,0,2,0,1,0,0,0,0,2,2,2,2,2,2,2,1
459,1309.457,-2220.565,593.275,143.059,-0.799240,-0.599754,0.038867,0.600988,-0.796958,0.060593,-0.005365,0.071787,0.997406,0,0.38307,0.46441,9.962,0.359,-1,652.182,-1,673.117,16.367,545.859,548.442,514.476,470.779,-1,-1,-1,-1,-1,-1,-1,22.248,2,0,2,0,1,0,0,0,0,2,2,2,2,2,2,2,1
460,1300.356,-2215.711,592.936,143.439,-0.803214,-0.594421,0.038871,0.595668,-0.800899,0.061159,-0.005222,0.072278,0.997371,0,0.38307,0.46441,10.314,0.381,-1,649.267,-1,669.017,16.167,542.750,546.093,513.654,467.507,-1,-1,-1,-1,-1,-1,-1,22.309,2,0,2,0,1,0,0,0,0,2,2,2,2,2,2,2,1
461,1291.047,-2210.683,592.647,143.799,-0.806936,-0.589329,0.039310,0.590620,-0.804595,0.061598,-0.004673,0.072923,0.997327,0,0.38307,0.46441,10.580,0.359,-1,647.895,-1,665.927,16.031,540.416,544.592,513.368,463.871,-1,-1,-1,-1,-1,-1,-1,22.365,2,0,2,0,1,0,0,0,0,2,2,2,2,2,2,2,1
462,1281.539,-2205.566,592.515,144.153,-0.810574,-0.584246,0.040321,0.585624,-0.808191,0.062226,-0.003768,0.074052,0.997247,0,0.38307,0.46441,10.797,0.354,-1,648.023,-1,663.688,16.158,539.004,543.988,514.880,459.852,-1,-1,-1,-1,-1,-1,-1,22.313,2,0,2,0,1,0,0,0,0,2,2,2,2,2,2,2,1
463,1272.051,-2200.601,592.545,144.502,-0.814125,-0.579263,0.040669,0.580676,-0.811636,0.063738,-0.003913,0.075506,0.997138,0,-0.15819,1.00000,10.709,0.349,-1,646.027,-1,659.234,15.937,536.308,541.808,517.682,455.653,-1,-1,-1,-1,-1,1005.225,-1,22.410,2,0,2,0,1,0,0,0,0,2,2,2,2,2,0,2,1
464,1263.092,-2195.885,592.621,144.801,-0.817138,-0.575144,0.038663,0.576407,-0.814502,0.065893,-0.006407,0.076129,0.997077,0,-0.15819,1.00000,10.125,0.299,-1,638.878,-1,650.512,15.882,530.111,535.879,518.193,452.903,-1,-1,-1,-1,-1,986.353,-1,22.441,2,0,2,0,1,0,0,0,0,2,2,2,2,2,0,2,1
465,1254.616,-2191.503,592.704,145.087,-0.819972,-0.571334,0.034966,0.572306,-0.817178,0.068452,-0.010535,0.076140,0.997041,0,-0.15819,1.00000,9.542,0.286,-1,628.252,-1,638.894,15.964,521.512,527.365,516.984,451.128,-1,-1,-1,-1,-1,963.663,-1,22.397,2,0,2,0,1,0,0,0,0,2,2,2,2,2,0,2,1
466,1246.543,-2187.517,592.846,145.356,-0.822604,-0.567812,0.030208,0.568419,-0.819767,0.069865,-0.014907,0.074642,0.997099,0,-0.15819,1.00000,9.004,0.269,-1,616.629,-1,628.291,16.005,512.691,518.880,512.181,452.359,-1,-1,-1,-1,1005.986,943.022,-1,22.377,2,0,2,0,1,0,0,0,0,2,2,2,2,0,0,2,1
467,1238.753,-2183.876,593.096,145.613,-0.825103,-0.564408,0.025471,0.564683,-0.822359,0.069708,-0.018398,0.071899,0.997242,0,-0.15819,1.00000,8.598,0.258,-1,606.511,-1,620.938,15.977,505.429,512.140,504.821,456.222,-1,-1,-1,-1,981.256,927.529,-1,22.390,2,0,2,0,1,0,0,0,0,2,2,2,2,0,0,2,1
468,1231.224,-2180.414,593.415,145.842,-0.827310,-0.561340,0.021347,0.561362,-0.824744,0.068337,-0.020755,0.068520,0.997434,0,-0.15819,1.00000,8.287,0.229,13.347,598.572,-1,616.805,15.835,500.074,507.577,496.409,461.542,-1,-1,-1,-1,962.823,917.098,18.678,22.468,1,0,2,0,1,0,0,0,0,2,2,2,2,0,0,1,1
469,1223.986,-2177.082,593.738,146.043,-0.829247,-0.558587,0.018171,0.558439,-0.826855,0.066752,-0.022262,0.065501,0.997604,0,-0.15819,1.00000,7.968,0.201,13.325,592.644,-1,614.399,15.779,496.175,504.212,489.169,466.466,-1,-1,-1,-1,950.167,909.406,24.393,22.502,1,0,2,0,1,0,0,0,0,2,2,2,2,0,0,1,1
470,1217.067,-2173.871,593.995,146.226,-0.831018,-0.556012,0.016136,0.555766,-0.828747,0.065590,-0.023097,0.063475,0.997716,0,-0.15819,1.00000,7.628,0.184,13.357,588.565,-1,612.712,15.858,493.391,501.568,484.306,469.680,-1,-1,-1,-1,942.963,902.973,25.569,22.454,1,0,2,0,1,0,0,0,0,2,2,2,2,0,0,1,1
471,1210.471,-2170.836,594.131,146.418,-0.832860,-0.553281,0.014998,0.552977,-0.830631,0.065335,-0.023691,0.062708,0.997751,0,-0.15819,1.00000,7.261,0.192,13.445,585.529,-1,610.424,16.015,490.967,498.932,482.156,470.431,-1,-1,-1,-1,939.175,895.818,23.960,22.373,1,0,2,0,1,0,0,0,0,2,2,2,2,0,0,1,1
472,1204.239,-2167.968,594.143,146.621,-0.834798,-0.550369,0.014368,0.550017,-0.832541,0.066006,-0.024366,0.063005,0.997716,0,-0.15819,1.00000,6.861,0.203,13.522,582.811,-1,606.907,16.116,488.408,495.884,482.166,469.002,-1,-1,-1,-1,936.604,887.169,22.700,22.329,1,0,2,0,1,0,0,0,0,2,2,2,2,0,0,1,1
473,1198.353,-2165.260,594.039,146.821,-0.836707,-0.547464,0.014317,0.547083,-0.834361,0.067397,-0.024952,0.064225,0.997624,0,-0.15820,1.00000,6.478,0.201,13.599,580.645,-1,601.772,16.200,486.033,492.722,484.040,465.726,-1,-1,-1,-1,935.787,877.869,21.619,22.298,1,0,2,0,1,0,0,0,0,2,2,2,2,0,0,1,1
474,1192.801,-2162.718,593.860,147.016,-0.838564,-0.544601,0.014878,0.544229,-0.836112,0.068793,-0.025025,0.065784,0.997520,0,-0.15834,1.00000,6.106,0.195,13.717,579.558,-1,597.384,16.305,484.458,490.192,486.605,461.837,-1,-1,-1,-1,938.199,869.931,19.963,22.265,1,0,2,0,1,0,0,0,0,2,2,2,2,0,0,1,1
475,1187.546,-2160.389,593.630,147.204,-0.840357,-0.541797,0.016035,0.541487,-0.837814,0.069701,-0.024330,0.067256,0.997439,0,-0.15847,1.00000,5.748,0.188,13.839,579.813,-1,594.482,16.397,483.956,488.728,488.944,458.345,-1,-1,-1,-1,944.661,864.548,17.218,22.241,1,0,2,0,1,0,0,0,0,2,2,2,2,0,0,1,1
476,1182.556,-2158.261,593.328,147.387,-0.842106,-0.539024,0.017630,0.538824,-0.839504,0.070003,-0.022933,0.068449,0.997391,0,-0.15860,1.00000,5.424,0.183,-1,581.129,-1,592.973,16.345,484.356,488.213,490.502,455.251,-1,-1,-1,-1,954.490,861.572,-1,22.254,2,0,2,0,1,0,0,0,0,2,2,2,2,0,0,2,1
477,1177.843,-2156.297,592.933,147.555,-0.843715,-0.536440,0.019407,0.536377,-0.841091,0.069755,-0.021096,0.069263,0.997375,0,-0.15873,1.00000,5.106,0.168,-1,582.923,-1,592.452,16.241,485.243,488.294,490.895,452.644,-1,-1,-1,-1,973.062,860.360,-1,22.284,2,0,2,0,1,0,0,0,0,2,2,2,2,0,0,2,1
478,1173.457,-2154.515,592.470,147.701,-0.845120,-0.534158,0.021136,0.534232,-0.842497,0.069245,-0.019180,0.069812,0.997376,0,-0.15885,1.00000,4.734,0.147,-1,584.659,-1,592.303,16.198,485.869,488.534,490.433,450.360,-1,-1,-1,-1,998.304,859.891,-1,22.298,2,0,2,0,1,0,0,0,0,2,2,2,2,0,0,2,1
479,1169.424,-2152.904,592.030,147.839,-0.846424,-0.532043,0.022265,0.532211,-0.843813,0.068785,-0.017809,0.070071,0.997383,0,-0.15894,1.00000,4.343,0.138,-1,585.351,-1,591.554,16.305,485.764,488.217,489.303,448.600,-1,-1,-1,-1,-1,858.476,-1,22.264,2,0,2,0,1,0,0,0,0,2,2,2,2,2,0,2,1
480,1165.772,-2151.467,591.732,147.974,-0.847675,-0.530050,0.022217,0.530222,-0.845069,0.068718,-0.017650,0.070031,0.997389,0,-0.15904,1.00000,3.925,0.135,-1,583.997,-1,589.201,16.320,484.337,486.632,487.832,447.616,-1,-1,-1,-1,-1,854.418,-1,22.261,2,0,2,0,1,0,0,0,0,2,2,2,2,2,0,2,1
481,1162.256,-2150.018,591.596,148.108,-0.848914,-0.528082,0.021789,0.528231,-0.846321,0.068649,-0.017812,0.069787,0.997403,0,0.21575,0.48241,3.803,0.134,-1,582.310,-1,586.729,16.248,482.771,484.966,486.406,447.364,-1,-1,-1,-1,-1,850.143,-1,22.282,2,0,2,0,1,0,0,0,0,2,2,2,2,2,0,2,1
482,1158.536,-2148.393,591.602,148.248,-0.850203,-0.526000,0.021885,0.526165,-0.847622,0.068468,-0.017464,0.069727,0.997413,0,0.21588,0.48241,4.060,0.140,-1,581.961,-1,585.202,16.111,482.115,484.176,485.969,447.201,-1,-1,-1,-1,-1,847.398,-1,22.331,2,0,2,0,1,0,0,0,0,2,2,2,2,2,0,2,1
483,1154.628,-2146.623,591.708,148.388,-0.851490,-0.523903,0.022138,0.524091,-0.848901,0.068526,-0.017108,0.069951,0.997404,0,0.21602,0.48241,4.289,0.140,-1,581.971,-1,583.664,15.985,481.638,483.495,486.552,446.809,-1,-1,-1,-1,-1,844.476,-1,22.387,2,0,2,0,1,0,0,0,0,2,2,2,2,2,0,2,1
484,1150.565,-2144.744,591.875,148.526,-0.852755,-0.521846,0.022042,0.522028,-0.850144,0.068862,-0.017196,0.070229,0.997383,0,0.21615,0.48241,4.477,0.139,-1,581.265,-1,581.427,15.880,480.638,482.271,487.392,446.435,-1,-1,-1,-1,-1,840.258,-1,22.441,2,0,2,0,1,0,0,0,0,2,2,2,2,2,0,2,1
485,1146.353,-2142.775,592.052,148.664,-0.853999,-0.519833,0.021446,0.519970,-0.851359,0.069422,-0.017830,0.070438,0.997357,0,0.21627,0.48241,4.650,0.138,-1,579.464,-1,578.290,15.844,478.872,480.292,488.000,446.139,-1,-1,-1,-1,-1,834.489,-1,22.462,2,0,2,0,1,0,0,0,0,2,2,2,2,2,0,2,1
486,1141.965,-2140.740,592.186,148.808,-0.855284,-0.517749,0.020612,0.517819,-0.852606,0.070193,-0.018768,0.070708,0.997320,0,0.21639,0.48241,4.837,0.144,-1,576.992,-1,574.448,15.940,476.584,477.762,488.872,445.590,-1,-1,-1,-1,-1,827.552,-1,22.409,2,0,2,0,1,0,0,0,0,2,2,2,2,2,0,2,1
487,1137.384,-2138.651,592.251,148.960,-0.856644,-0.515529,0.019769,0.515530,-0.853921,0.071052,-0.019748,0.071057,0.997277,0,0.21651,0.48241,5.035,0.153,-1,574.290,-1,570.257,15.991,474.076,474.974,489.973,444.761,-1,-1,-1,-1,-1,820.080,-1,22.383,2,0,2,0,1,0,0,0,0,2,2,2,2,2,0,2,1
488,1132.601,-2136.505,592.230,149.120,-0.858064,-0.513189,0.019056,0.513132,-0.855305,0.071760,-0.020528,0.071353,0.997240,0,0.21664,0.48241,5.242,0.160,-1,571.822,-1,566.161,16.007,471.627,472.254,490.638,444.083,-1,-1,-1,-1,-1,812.854,-1,22.376,2,0,2,0,1,0,0,0,0,2,2,2,2,2,0,2,1
489,1127.646,-2134.322,592.185,149.282,-0.859506,-0.510789,0.018553,0.510700,-0.856742,0.071966,-0.020864,0.071331,0.997234,0,0.21678,0.48241,5.414,0.162,-1,570.083,-1,562.839,15.926,469.637,470.087,490.297,444.122,-1,-1,-1,-1,-1,806.986,-1,22.416,2,0,2,0,1,0,0,0,0,2,2,2,2,2,0,2,1
490,1122.534,-2132.124,592.160,149.447,-0.860974,-0.508324,0.018208,0.508223,-0.858236,0.071694,-0.020817,0.070980,0.997261,0,0.21691,0.48241,5.565,0.165,-1,568.934,-1,560.283,15.971,468.108,468.530,489.184,444.791,-1,-1,-1,-1,-1,802.420,-1,22.393,2,0,2,0,1,0,0,0,0,2,2,2,2,2,0,2,1
491,1117.270,-2129.942,592.156,149.625,-0.862543,-0.505674,0.017728,0.505552,-0.859828,0.071504,-0.020915,0.070637,0.997283,0,0.21705,0.48241,5.698,0.178,-1,567.537,-1,557.418,16.061,466.381,466.761,488.164,445.546,-1,-1,-1,-1,-1,797.305,-1,22.351,2,0,2,0,1,0,0,0,0,2,2,2,2,2,0,2,1
492,1111.887,-2127.761,592.170,149.814,-0.864198,-0.502869,0.016871,0.502693,-0.861490,0.071657,-0.021500,0.070407,0.997287,0,0.21721,0.48241,5.808,0.189,-1,565.269,-1,553.657,16.049,464.023,464.298,487.450,446.116,-1,-1,-1,-1,-1,790.647,-1,22.357,2,0,2,0,1,0,0,0,0,2,2,2,2,2,0,2,1
493,1106.402,-2125.533,592.217,150.002,-0.865826,-0.500102,0.015596,0.499836,-0.863118,0.072049,-0.022571,0.070178,0.997279,0,0.21739,0.48241,5.920,0.188,-1,562.101,-1,549.170,15.955,461.072,461.232,486.795,446.723,-1,-1,-1,-1,-1,782.754,-1,22.401,2,0,2,0,1,0,0,0,0,2,2,2,2,2,0,2,1
494,1100.787,-2123.232,592.292,150.183,-0.867380,-0.497437,0.014422,0.497089,-0.864673,0.072407,-0.023548,0.069974,0.997271,0,0.21756,0.48241,6.068,0.181,10.995,559.185,-1,544.883,15.885,458.281,458.338,486.420,447.374,-1,-1,-1,-1,-1,775.205,10.625,22.438,1,0,2,0,1,0,0,0,0,2,2,2,2,2,0,1,1
495,1095.008,-2120.882,592.361,150.365,-0.868938,-0.494735,0.013547,0.494332,-0.866244,0.072513,-0.024140,0.069706,0.997275,0,0.21771,0.48241,6.238,0.181,10.545,556.953,-1,541.174,15.872,455.938,455.739,486.314,448.159,-1,-1,-1,-1,-1,768.651,10.186,22.446,1,0,2,0,1,0,0,0,0,2,2,2,2,2,0,1,1
496,1089.059,-2118.539,592.385,150.559,-0.870602,-0.491820,0.012852,0.491382,-0.867934,0.072349,-0.024428,0.069303,0.997297,0,0.21786,0.48241,6.394,0.194,-1,555.113,-1,537.738,15.848,453.841,453.304,485.820,449.092,-1,-1,-1,-1,-1,762.710,-1,22.460,2,0,2,0,1,0,0,0,0,2,2,2,2,2,0,2,1
497,1082.941,-2116.127,592.306,150.753,-0.872259,-0.488891,0.012247,0.488432,-0.869639,0.071847,-0.024475,0.068651,0.997341,0,0.21803,0.48241,6.576,0.194,9.971,553.309,-1,534.512,15.721,451.800,450.973,484.577,450.210,-1,-1,-1,-1,-1,757.413,9.584,22.541,1,0,2,0,1,0,0,0,0,2,2,2,2,2,0,1,1
498,1076.678,-2113.628,592.101,150.937,-0.873827,-0.486097,0.011655,0.485618,-0.871257,0.071321,-0.024515,0.067982,0.997385,0,0.21819,0.48241,6.743,0.185,13.284,551.091,-1,531.047,15.627,449.731,448.414,482.985,451.040,-1,-1,-1,-1,-1,751.846,18.462,22.611,1,0,2,0,1,0,0,0,0,2,2,2,2,2,0,1,1
499,1070.276,-2111.038,591.798,151.117,-0.875343,-0.483375,0.011119,0.482875,-0.872805,0.071020,-0.024625,0.067536,0.997413,0,0.21833,0.48241,6.906,0.180,13.275,548.360,-1,527.147,15.565,447.497,445.544,481.583,451.374,-1,-1,-1,-1,-1,745.641,21.127,22.663,1,0,2,0,1,0,0,0,0,2,2,2,2,2,0,1,1
