timestep,x_cm,y_cm,z_cm,yaw_deg,basis_xx,basis_xy,basis_xz,basis_yx,basis_yy,basis_yz,basis_zx,basis_zy,basis_zz,teleport_flag,throttle_cmd,steering_cmd,cmd_move_cm,cmd_turn_deg,lidar_cm_0,lidar_cm_1,lidar_cm_2,lidar_cm_3,lidar_cm_4,lidar_cm_5,lidar_cm_6,lidar_cm_7,lidar_cm_8,lidar_cm_9,lidar_cm_10,lidar_cm_11,lidar_cm_12,lidar_cm_13,lidar_cm_14,lidar_cm_15,lidar_cm_16,lidar_class_0,lidar_class_1,lidar_class_2,lidar_class_3,lidar_class_4,lidar_class_5,lidar_class_6,lidar_class_7,lidar_class_8,lidar_class_9,lidar_class_10,lidar_class_11,lidar_class_12,lidar_class_13,lidar_class_14,lidar_class_15,lidar_class_16
0,4308.198,2933.941,-68.092,84.979,0.087513,-0.996163,0.001028,0.996059,0.087489,-0.014587,0.014441,0.002301,0.999893,0,0.45701,1.00000,0.554,0.016,11.169,652.764,-1,717.436,-1,522.033,545.223,667.682,573.122,-1,-1,-1,-1,-1,-1,9.952,-1,1,0,2,0,2,0,0,0,0,2,2,2,2,2,2,1,2
1,4308.247,2934.069,-66.913,85.027,0.086672,-0.996236,0.001016,0.996077,0.086640,-0.017995,0.017839,0.002571,0.999838,0,0.45701,1.00000,0.137,0.048,-1,666.907,-1,730.524,-1,531.923,554.856,673.374,576.738,-1,-1,-1,-1,-1,-1,-1,-1,2,0,2,0,2,0,0,0,0,2,2,2,2,2,2,2,2
2,4308.322,2934.834,-66.858,85.083,0.085690,-0.996322,-0.000053,0.996066,0.085670,-0.022648,0.022569,0.001888,0.999744,0,0.45701,1.00000,0.769,0.056,-1,680.837,-1,745.299,-1,541.643,564.806,672.453,579.174,-1,-1,-1,-1,-1,-1,-1,-1,2,0,2,0,2,0,0,0,0,2,2,2,2,2,2,2,2
3,4308.352,2936.173,-67.787,85.133,0.084805,-0.996394,-0.002712,0.996013,0.084847,-0.027558,0.027689,-0.000365,0.999617,0,0.45701,1.00000,1.340,0.050,-1,691.519,-1,760.190,-1,549.606,573.790,663.410,582.464,-1,-1,-1,-1,-1,-1,-1,-1,2,0,2,0,2,0,0,0,0,2,2,2,2,2,2,2,2
4,4308.252,2938.015,-69.470,85.182,0.083949,-0.996446,-0.006927,0.995959,0.084126,-0.031441,0.031912,-0.004260,0.999482,0,0.45701,1.00000,1.845,0.049,-1,695.429,-1,772.067,-1,553.552,579.404,646.813,587.487,-1,-1,-1,-1,-1,-1,-1,-1,2,0,2,0,2,0,0,0,0,2,2,2,2,2,2,2,2
5,4308.026,2940.219,-71.378,85.235,0.083029,-0.996493,-0.010373,0.995988,0.083326,-0.032615,0.033364,-0.007623,0.999414,0,0.45701,1.00000,2.215,0.053,13.568,690.403,-1,773.994,-1,551.031,578.245,631.027,589.934,-1,-1,-1,-1,-1,-1,24.282,-1,1,0,2,0,2,0,0,0,0,2,2,2,2,2,2,1,2
6,4307.853,2942.736,-73.112,85.284,0.082176,-0.996545,-0.012061,0.996111,0.082515,-0.030895,0.031784,-0.009475,0.999450,0,0.45701,1.00000,2.524,0.049,13.578,677.972,-1,765.115,-1,542.701,570.546,620.146,588.361,-1,-1,-1,-1,-1,-1,32.578,-1,1,0,2,0,2,0,0,0,0,2,2,2,2,2,2,1,2
7,4307.820,2945.606,-74.457,85.331,0.081363,-0.996619,-0.011450,0.996294,0.081648,-0.027038,0.027882,-0.009207,0.999569,0,0.45701,1.00000,2.871,0.047,13.586,661.993,-1,748.071,-1,530.974,558.498,616.597,581.911,-1,-1,-1,-1,-1,-1,32.363,-1,1,0,2,0,2,0,0,0,0,2,2,2,2,2,2,1,2
8,4307.969,2948.902,-75.340,85.379,0.080549,-0.996713,-0.008636,0.996489,0.080724,-0.022191,0.022815,-0.006818,0.999716,0,0.45701,1.00000,3.299,0.047,13.597,646.442,-1,727.268,-1,518.685,545.014,620.862,571.147,-1,-1,-1,-1,-1,-1,32.136,-1,1,0,2,0,2,0,0,0,0,2,2,2,2,2,2,1,2
9,4308.291,2952.696,-75.793,85.430,0.079657,-0.996813,-0.004268,0.996664,0.079720,-0.017476,0.017760,-0.002862,0.999838,0,0.45701,1.00000,3.808,0.052,13.613,634.134,-1,707.039,-1,508.099,532.702,631.688,557.876,-1,-1,-1,-1,-1,-1,31.792,-1,1,0,2,0,2,0,0,0,0,2,2,2,2,2,2,1,2
10,4308.756,2957.046,-75.878,85.486,0.078693,-0.996899,0.000332,0.996803,0.078681,-0.013897,0.013828,0.001425,0.999903,0,0.45701,1.00000,4.375,0.056,13.632,626.700,-1,691.457,-1,500.934,523.762,645.714,545.091,-1,-1,-1,-1,-1,-1,31.448,-1,1,0,2,0,2,0,0,0,0,2,2,2,2,2,2,1,2
11,4309.287,2962.001,-75.576,85.544,0.077691,-0.996971,0.003537,0.996905,0.077642,-0.012370,0.012057,0.004488,0.999917,0,0.45701,1.00000,4.984,0.058,13.647,625.634,-1,684.445,-1,498.882,520.341,658.498,536.504,-1,-1,-1,-1,-1,-1,31.144,-1,1,0,2,0,2,0,0,0,0,2,2,2,2,2,2,1,2
12,4309.783,2967.525,-74.990,85.607,0.076599,-0.997049,0.005095,0.996989,0.076531,-0.012468,0.012041,0.006034,0.999909,0,0.45701,1.00000,5.545,0.063,13.664,629.071,-1,684.505,-1,500.643,521.364,668.379,532.812,-1,-1,-1,-1,-1,-1,30.841,-1,1,0,2,0,2,0,0,0,0,2,2,2,2,2,2,1,2
13,4310.196,2973.542,-74.262,85.671,0.075482,-0.997134,0.005175,0.997064,0.075408,-0.013302,0.012874,0.006164,0.999898,0,0.45701,1.00000,6.031,0.064,13.681,634.152,-1,688.576,-1,504.153,524.722,674.740,533.081,-1,-1,-1,-1,-1,-1,30.557,-1,1,0,2,0,2,0,0,0,0,2,2,2,2,2,2,1,2
14,4310.503,2979.965,-73.473,85.728,0.074480,-0.997215,0.003842,0.997127,0.074419,-0.014125,0.013800,0.004883,0.999893,0,0.45701,1.00000,6.430,0.058,13.700,638.456,-1,694.362,-1,507.768,528.710,677.067,536.987,-1,-1,-1,-1,-1,-1,30.254,-1,1,0,2,0,2,0,0,0,0,2,2,2,2,2,2,1,2
15,4310.706,2986.814,-72.679,85.785,0.073492,-0.997295,0.001447,0.997184,0.073462,-0.015060,0.014913,0.002550,0.999886,0,0.45701,1.00000,6.852,0.057,13.718,642.379,-1,701.665,-1,511.587,533.297,676.307,543.498,-1,-1,-1,-1,-1,-1,29.971,-1,1,0,2,0,2,0,0,0,0,2,2,2,2,2,2,1,2
16,4310.847,2994.110,-71.932,85.846,0.072430,-0.997373,-0.001289,0.997235,0.072441,-0.016593,0.016643,-0.000084,0.999861,0,0.45701,1.00000,7.298,0.061,13.739,647.701,-1,710.931,-1,516.480,539.084,674.826,550.636,-1,-1,-1,-1,-1,-1,29.677,-1,1,0,2,0,2,0,0,0,0,2,2,2,2,2,2,1,2
17,4311.018,3001.871,-71.274,85.906,0.071376,-0.997442,-0.003878,0.997266,0.071436,-0.018905,0.019133,-0.002518,0.999814,0,0.45701,1.00000,7.763,0.060,13.760,655.197,-1,722.097,-1,522.779,546.229,674.377,557.021,-1,-1,-1,-1,-1,-1,29.418,-1,1,0,2,0,2,0,0,0,0,2,2,2,2,2,2,1,2
18,4311.222,3009.897,-70.756,85.959,0.070460,-0.997497,-0.005994,0.997286,0.070571,-0.020988,0.021359,-0.004499,0.999762,0,0.20195,1.00000,8.028,0.052,13.755,661.994,-1,731.810,-1,528.356,552.484,675.275,561.730,-1,-1,-1,-1,-1,-1,29.468,-1,1,0,2,0,2,0,0,0,0,2,2,2,2,2,2,1,2
19,4311.441,3017.881,-70.368,86.010,0.069571,-0.997551,-0.007228,0.997334,0.069713,-0.021566,0.022017,-0.005708,0.999741,0,0.20195,1.00000,7.986,0.051,13.740,664.804,-1,735.783,-1,530.567,555.033,677.830,564.122,-1,-1,-1,-1,-1,-1,29.672,-1,1,0,2,0,2,0,0,0,0,2,2,2,2,2,2,1,2
20,4311.701,3025.846,-70.112,86.059,0.068714,-0.997608,-0.007519,0.997407,0.068858,-0.020931,0.021399,-0.006062,0.999753,0,0.20195,1.00000,7.970,0.049,13.729,663.865,-1,734.317,-1,530.027,554.415,682.393,564.815,-1,-1,-1,-1,-1,-1,29.818,-1,1,0,2,0,2,0,0,0,0,2,2,2,2,2,2,1,2
21,4312.007,3033.847,-70.019,86.108,0.067860,-0.997670,-0.007031,0.997493,0.067987,-0.019621,0.020054,-0.005682,0.999783,0,0.20195,1.00000,8.006,0.049,13.717,660.754,-1,729.480,-1,527.755,551.737,688.622,563.316,-1,-1,-1,-1,-1,-1,30.000,-1,1,0,2,0,2,0,0,0,0,2,2,2,2,2,2,1,2
22,4312.350,3041.888,-70.107,86.159,0.066969,-0.997737,-0.005923,0.997588,0.067065,-0.017902,0.018258,-0.004710,0.999822,0,0.20195,1.00000,8.049,0.051,13.697,656.204,-1,722.412,-1,524.222,547.578,696.067,559.926,-1,-1,-1,-1,-1,-1,30.312,-1,1,0,2,0,2,0,0,0,0,2,2,2,2,2,2,1,2
23,4312.730,3049.991,-70.357,86.214,0.066028,-0.997808,-0.004344,0.997683,0.066089,-0.016134,0.016385,-0.003269,0.999860,0,0.20195,1.00000,8.112,0.054,13.680,651.373,-1,714.341,-1,520.240,542.736,704.546,555.043,-1,-1,-1,-1,-1,-1,30.559,-1,1,0,2,0,2,0,0,0,0,2,2,2,2,2,2,1,2
24,4313.135,3058.140,-70.691,86.271,0.065033,-0.997880,-0.002538,0.997778,0.065063,-0.014328,0.014463,-0.001600,0.999894,0,0.20195,1.00000,8.160,0.057,13.670,646.527,-1,705.810,-1,516.024,537.572,713.557,549.454,-1,-1,-1,-1,-1,-1,30.758,-1,1,0,2,0,2,0,0,0,0,2,2,2,2,2,2,1,2
25,4313.537,3066.333,-71.041,86.331,0.063979,-0.997951,-0.000620,0.997872,0.063982,-0.012556,0.012570,0.000185,0.999921,0,0.20195,1.00000,8.203,0.061,13.678,641.821,-1,697.354,-1,511.869,532.509,723.024,542.414,-1,-1,-1,-1,-1,-1,30.594,-1,1,0,2,0,2,0,0,0,0,2,2,2,2,2,2,1,2
26,4313.947,3074.497,-71.284,86.380,0.063133,-0.998005,0.000633,0.997943,0.063122,-0.011205,0.011143,0.001339,0.999937,0,0.20195,1.00000,8.174,0.049,13.683,638.030,-1,691.051,14.367,508.762,528.814,730.703,536.867,-1,-1,-1,-1,-1,-1,30.525,25.037,1,0,2,0,1,0,0,0,0,2,2,2,2,2,2,1,1
27,4314.297,3082.451,-70.914,86.381,0.063115,-0.998004,-0.001977,0.997928,0.063135,-0.012400,0.012500,-0.001190,0.999921,0,0.20195,1.00000,7.962,0.001,13.676,640.358,-1,696.886,14.377,511.995,532.910,728.842,541.457,-1,-1,-1,-1,-1,-1,30.638,24.999,1,0,2,0,1,0,0,0,0,2,2,2,2,2,2,1,1
28,4314.390,3090.182,-69.824,86.363,0.063420,-0.997957,-0.007740,0.997847,0.063539,-0.016261,0.016720,-0.006692,0.999838,0,0.20195,1.00000,7.732,-0.018,13.656,650.167,-1,715.101,14.405,522.188,545.154,719.496,555.195,-1,-1,-1,-1,-1,-1,30.975,24.894,1,0,2,0,1,0,0,0,0,2,2,2,2,2,2,1,1
29,4314.232,3097.747,-68.166,86.363,0.063425,-0.997872,-0.015154,0.997728,0.063747,-0.021783,0.022703,-0.013738,0.999648,0,0.20195,1.00000,7.566,-0.001,13.633,666.464,-1,741.923,14.437,537.323,563.001,707.549,574.826,-1,-1,-1,-1,-1,-1,31.376,24.779,1,0,2,0,1,0,0,0,0,2,2,2,2,2,2,1,1
30,4313.921,3105.299,-66.237,86.403,0.062710,-0.997779,-0.022478,0.997601,0.063329,-0.027968,0.029330,-0.020670,0.999356,0,0.31979,1.00000,7.559,0.040,13.610,686.506,-1,771.723,14.471,554.935,583.343,697.502,595.762,-1,-1,-1,-1,-1,-1,31.841,24.657,1,0,2,0,1,0,0,0,0,2,2,2,2,2,2,1,1
31,4313.562,3112.987,-64.380,86.475,0.061452,-0.997716,-0.028040,0.997470,0.062394,-0.034060,0.035732,-0.025876,0.999026,0,0.31979,1.00000,7.696,0.072,13.604,708.045,-1,794.537,14.481,572.906,602.609,693.229,612.407,-1,-1,-1,-1,-1,-1,30.272,24.618,1,0,2,0,1,0,0,0,0,2,2,2,2,2,2,1,1
32,4313.299,3120.778,-62.865,86.548,0.060156,-0.997697,-0.031322,0.997363,0.061353,-0.038773,0.040605,-0.028907,0.998757,0,0.31979,1.00000,7.796,0.074,-1,723.337,-1,811.393,14.404,586.765,616.795,694.653,621.435,-1,-1,-1,-1,-1,-1,12.888,12.588,2,0,2,0,1,0,0,0,0,2,2,2,2,2,2,1,1
33,4313.132,3128.652,-61.884,86.638,0.058598,-0.997759,-0.032294,0.997354,0.059907,-0.041194,0.043037,-0.029795,0.998629,0,0.31979,1.00000,7.876,0.089,-1,731.631,-1,818.869,-1,593.876,624.092,700.390,624.113,-1,-1,-1,-1,-1,-1,-1,-1,2,0,2,0,2,0,0,0,0,2,2,2,2,2,2,2,2
34,4312.986,3136.561,-61.458,86.776,0.056185,-0.997945,-0.030812,0.997503,0.057430,-0.041111,0.042796,-0.028426,0.998679,0,0.31979,1.00000,7.910,0.139,-1,733.153,-1,815.533,-1,594.110,623.536,710.397,619.945,-1,-1,-1,-1,-1,-1,-1,-1,2,0,2,0,2,0,0,0,0,2,2,2,2,2,2,2,2
35,4312.776,3144.551,-61.550,86.970,0.052820,-0.998226,-0.027490,0.997779,0.053875,-0.039169,0.040580,-0.025360,0.998854,0,0.31979,1.00000,7.993,0.194,-1,729.488,-1,803.940,10.352,588.964,616.870,723.331,610.321,-1,-1,-1,-1,-1,-1,-1,8.441,2,0,2,0,1,0,0,0,0,2,2,2,2,2,2,2,1
36,4312.399,3152.716,-62.117,87.219,0.048478,-0.998551,-0.023378,0.998127,0.049305,-0.036211,0.037311,-0.021579,0.999071,0,0.31979,1.00000,8.174,0.250,-1,722.546,-1,787.800,16.300,580.483,606.534,735.615,596.458,-1,-1,-1,-1,-1,-1,-1,22.267,2,0,2,0,1,0,0,0,0,2,2,2,2,2,2,2,1
37,4311.900,3161.182,-63.039,87.496,0.043656,-0.998855,-0.019570,0.998465,0.044290,-0.033262,0.034091,-0.018088,0.999255,0,0.31979,1.00000,8.480,0.277,-1,714.656,-1,771.355,16.336,571.267,595.537,744.786,585.450,-1,-1,-1,-1,-1,-1,-1,22.257,2,0,2,0,1,0,0,0,0,2,2,2,2,2,2,2,1
38,4311.270,3169.989,-64.201,87.795,0.038462,-0.999131,-0.016050,0.998775,0.038939,-0.030527,0.031126,-0.014856,0.999405,0,0.31979,1.00000,8.830,0.298,13.780,706.721,-1,755.370,16.356,562.042,584.641,752.604,572.974,-1,-1,-1,-1,-1,-1,17.127,22.251,1,0,2,0,1,0,0,0,0,2,2,2,2,2,2,1,1
39,4310.522,3179.107,-65.535,88.106,0.033032,-0.999378,-0.012362,0.999065,0.033362,-0.027513,0.027908,-0.011442,0.999545,0,0.31979,1.00000,9.149,0.312,13.771,697.876,-1,737.651,13.711,552.023,572.895,760.408,559.827,-1,-1,-1,-1,-1,-1,25.227,10.921,1,0,2,0,1,0,0,0,0,2,2,2,2,2,2,1,1
40,4309.742,3188.425,-67.007,88.412,0.027699,-0.999585,-0.007967,0.999338,0.027878,-0.023361,0.023573,-0.007315,0.999695,0,0.31979,1.00000,9.350,0.306,13.873,686.214,-1,716.346,-1,539.755,558.661,769.810,545.122,-1,-1,-1,-1,-1,-1,30.759,-1,1,0,2,0,2,0,0,0,0,2,2,2,2,2,2,1,2
41,4308.993,3197.829,-68.533,88.712,0.022477,-0.999744,-0.002737,0.999587,0.022522,-0.017877,0.017934,-0.002334,0.999836,0,0.31979,1.00000,9.434,0.300,14.249,671.716,-1,691.874,-1,525.277,541.954,781.741,531.898,-1,-1,-1,-1,-1,-1,35.290,-1,1,0,2,0,2,0,0,0,0,2,2,2,2,2,2,1,2
42,4308.201,3207.309,-69.984,89.022,0.017067,-0.999850,0.002924,0.999786,0.017032,-0.011710,0.011658,0.003123,0.999927,0,0.31979,1.00000,9.513,0.310,15.073,656.479,-1,666.643,-1,510.243,524.569,795.601,519.070,-1,-1,-1,-1,-1,-1,38.874,-1,1,0,2,0,2,0,0,0,0,2,2,2,2,2,2,1,2
43,4307.217,3216.953,-71.279,89.372,0.010952,-0.999897,0.009229,0.999923,0.010898,-0.005868,0.005766,0.009293,0.999940,0,0.31979,1.00000,9.693,0.350,16.161,643.833,-1,642.872,-1,496.738,508.485,812.629,505.855,-1,-1,-1,-1,-1,987.363,41.361,-1,1,0,2,0,2,0,0,0,0,2,2,2,2,2,0,1,2
44,4306.046,3226.812,-72.382,89.763,0.004141,-0.999866,0.015817,0.999991,0.004123,-0.001142,0.001077,0.015821,0.999874,0,0.31979,1.00000,9.928,0.390,19.741,635.509,-1,622.438,-1,486.122,495.180,832.195,491.838,-1,-1,-1,-1,-1,953.753,42.449,-1,1,0,2,0,2,0,0,0,0,2,2,2,2,2,0,1,2
45,4304.488,3236.793,-73.010,90.223,-0.003897,-0.999761,0.021496,0.999991,-0.003859,0.001811,-0.001728,0.021502,0.999767,0,0.31979,1.00000,10.102,0.461,18.427,633.204,-1,607.736,17.438,479.818,486.404,850.290,481.871,-1,-1,-1,-1,-1,929.401,42.391,22.211,1,0,2,0,1,0,0,0,0,2,2,2,2,2,0,1,1
46,4302.665,3246.958,-73.058,90.706,-0.012314,-0.999627,0.024359,0.999922,-0.012254,0.002608,-0.002308,0.024389,0.999700,0,0.31979,1.00000,10.327,0.482,23.250,636.044,-1,600.816,17.723,478.396,483.202,860.625,477.591,-1,-1,-1,-1,-1,917.741,40.648,22.259,1,0,2,0,1,0,0,0,0,2,2,2,2,2,0,1,1
47,4300.255,3257.136,-72.659,91.258,-0.021958,-0.999446,0.025010,0.999757,-0.021906,0.002342,-0.001793,0.025055,0.999684,0,0.31979,1.00000,10.459,0.553,35.208,641.695,-1,598.491,18.188,479.430,483.222,864.467,477.377,-1,-1,-1,-1,-1,912.974,36.352,22.371,1,0,2,0,1,0,0,0,0,2,2,2,2,2,0,1,1
48,4297.345,3267.277,-72.098,91.853,-0.032328,-0.999207,0.023234,0.999477,-0.032291,0.001991,-0.001239,0.023286,0.999728,0,0.31979,1.00000,10.550,0.594,30.439,646.373,-1,597.752,18.580,481.645,484.161,860.150,481.143,-1,-1,-1,-1,-1,911.059,31.753,22.493,1,0,2,0,1,0,0,0,0,2,2,2,2,2,0,1,1
49,4294.042,3277.402,-71.621,92.465,-0.043002,-0.998885,0.019484,0.999075,-0.042980,0.001574,-0.000734,0.019534,0.999809,0,0.31979,1.00000,10.650,0.612,27.889,649.666,-1,597.905,13.949,483.672,485.103,848.932,487.762,-1,-1,-1,-1,-1,910.932,29.154,9.595,1,0,2,0,1,0,0,0,0,2,2,2,2,2,0,1,1
50,4290.317,3287.681,-71.393,93.099,-0.054062,-0.998426,0.014937,0.998538,-0.054060,0.000503,0.000305,0.014942,0.999888,0,0.54707,1.00000,10.933,0.634,26.667,654.384,-1,598.956,-1,485.989,486.477,834.644,495.346,-1,-1,-1,-1,-1,912.748,27.871,18.590,1,0,2,0,2,0,0,0,0,2,2,2,2,2,0,1,1
51,4286.105,3298.245,-71.430,93.786,-0.066026,-0.997760,0.010777,0.997816,-0.066041,-0.001094,0.001803,0.010681,0.999941,0,0.54707,1.00000,11.373,0.687,25.391,660.303,-1,600.337,-1,488.738,488.143,820.615,502.922,-1,-1,-1,-1,-1,915.459,26.536,-1,1,0,2,0,2,0,0,0,0,2,2,2,2,2,0,1,2
52,4281.614,3309.105,-71.692,94.503,-0.078503,-0.996889,0.006977,0.996909,-0.078522,-0.002420,0.002960,0.006766,0.999973,0,0.54707,1.00000,11.752,0.717,24.438,665.172,-1,600.383,-1,490.527,488.898,807.020,510.124,-1,-1,-1,-1,-1,916.495,25.540,-1,1,0,2,0,2,0,0,0,0,2,2,2,2,2,0,1,2
53,4276.962,3320.365,-72.147,95.221,-0.090999,-0.995842,0.004340,0.995844,-0.091014,-0.003397,0.003778,0.004012,0.999985,0,0.54707,1.00000,12.183,0.719,25.022,669.425,-1,598.412,-1,491.484,488.128,796.977,514.713,-1,-1,-1,-1,-1,914.261,26.152,-1,1,0,2,0,2,0,0,0,0,2,2,2,2,2,0,1,2
54,4272.233,3332.002,-72.663,95.932,-0.103349,-0.994641,0.002870,0.994637,-0.103360,-0.003712,0.003989,0.002471,0.999989,0,0.54707,1.00000,12.562,0.711,24.037,672.203,-1,594.102,-1,491.203,485.001,790.853,517.456,-1,-1,-1,-1,-1,907.209,25.122,21.268,1,0,2,0,2,0,0,0,0,2,2,2,2,2,0,1,1
55,4267.270,3343.881,-73.197,96.669,-0.116134,-0.993230,0.002663,0.993229,-0.116141,-0.002806,0.003097,0.002319,0.999992,0,0.54707,1.00000,12.874,0.737,21.182,673.543,-1,585.890,9.547,488.425,479.867,788.650,518.164,-1,-1,-1,-1,-1,895.476,22.138,22.518,1,0,2,0,1,0,0,0,0,2,2,2,2,2,0,1,1
56,4261.854,3355.804,-73.702,97.459,-0.129809,-0.991533,0.003345,0.991538,-0.129813,-0.001204,0.001628,0.003160,0.999994,0,0.54707,1.00000,13.096,0.789,18.132,674.984,-1,576.100,18.654,485.427,473.733,789.008,518.065,-1,-1,-1,-1,-1,880.677,18.951,22.519,1,0,2,0,1,0,0,0,0,2,2,2,2,2,0,1,1
57,4256.164,3367.800,-74.074,98.274,-0.143909,-0.989587,0.002784,0.989591,-0.143909,0.000515,-0.000109,0.002829,0.999996,0,0.54707,1.00000,13.276,0.816,15.431,675.681,-1,566.836,18.654,484.984,467.898,786.040,520.451,-1,-1,-1,-1,-1,866.926,16.127,22.519,1,0,2,0,1,0,0,0,0,2,2,2,2,2,0,1,1
58,4250.132,3379.902,-74.324,99.103,-0.158216,-0.987404,0.001231,0.987403,-0.158213,0.001776,-0.001559,0.001496,0.999998,0,0.54707,1.00000,13.522,0.829,11.154,676.856,-1,558.957,18.653,485.244,463.117,780.581,524.625,-1,-1,-1,-1,-1,855.818,11.658,22.518,1,0,2,0,1,0,0,0,0,2,2,2,2,2,0,1,1
59,4243.756,3392.065,-74.462,99.945,-0.172710,-0.984972,-0.001312,0.984968,-0.172713,0.002830,-0.003014,-0.000803,0.999995,0,0.54707,1.00000,13.733,0.842,-1,677.752,-1,551.874,18.653,485.705,460.463,772.753,530.628,-1,-1,-1,-1,-1,846.415,-1,22.518,2,0,2,0,1,0,0,0,0,2,2,2,2,2,0,2,1
60,4237.056,3404.326,-74.531,100.780,-0.187037,-0.982343,-0.004463,0.982344,-0.187052,0.003337,-0.004113,-0.003760,0.999984,0,0.54707,1.00000,13.972,0.835,-1,679.060,-1,546.752,18.655,486.813,458.889,763.726,537.906,-1,-1,-1,-1,-1,839.593,-1,22.519,2,0,2,0,1,0,0,0,0,2,2,2,2,2,0,2,1
61,4229.972,3416.561,-74.536,101.637,-0.201706,-0.979417,-0.007594,0.979435,-0.201734,0.003138,-0.004605,-0.006805,0.999966,0,0.54912,1.00000,14.138,0.857,-1,682.366,-1,543.009,18.653,489.167,458.496,754.876,545.539,-1,-1,-1,-1,-1,835.146,-1,22.518,2,0,2,0,1,0,0,0,0,2,2,2,2,2,0,2,1
62,4222.472,3428.742,-74.568,102.599,-0.218122,-0.975871,-0.009951,0.975907,-0.218162,0.003185,-0.005279,-0.009017,0.999945,0,0.55224,1.00000,14.305,0.962,-1,687.146,-1,538.494,18.471,491.894,458.098,747.567,552.296,-1,-1,-1,-1,-1,829.658,-1,22.457,2,0,2,0,1,0,0,0,0,2,2,2,2,2,0,2,1
63,4214.570,3440.933,-74.553,103.650,-0.235987,-0.971685,-0.011731,0.971739,-0.236037,0.003087,-0.005769,-0.010671,0.999926,0,0.55588,1.00000,14.528,1.051,-1,694.197,-1,534.237,18.674,496.772,458.183,741.417,559.154,-1,-1,-1,-1,-1,825.594,-1,22.525,2,0,2,0,1,0,0,0,0,2,2,2,2,2,0,2,1
64,4206.172,3453.065,-74.452,104.789,-0.255259,-0.966790,-0.012611,0.966853,-0.255316,0.003043,-0.006162,-0.011416,0.999916,0,0.55996,1.00000,14.755,1.139,-1,703.436,-1,530.595,18.628,503.331,458.670,737.342,564.781,-1,-1,-1,-1,-1,821.347,-1,22.509,2,0,2,0,1,0,0,0,0,2,2,2,2,2,0,2,1
65,4197.415,3465.132,-74.196,105.932,-0.274488,-0.961496,-0.013480,0.961572,-0.274543,0.002346,-0.005957,-0.012318,0.999906,0,0.36773,0.86865,14.910,1.143,-1,714.981,-1,528.543,18.678,511.351,464.705,733.480,570.793,-1,-1,-1,-1,-1,821.040,-1,22.527,2,0,2,0,1,0,0,0,0,2,2,2,2,2,0,2,1
66,4188.250,3476.926,-73.881,107.093,-0.293912,-0.955726,-0.014259,0.955816,-0.293961,0.001479,-0.005605,-0.013194,0.999897,0,0.37067,0.86865,14.936,1.161,-1,727.457,-1,528.584,18.673,519.365,470.573,729.737,577.194,-1,-1,-1,-1,-1,822.795,-1,22.525,2,0,2,0,1,0,0,0,0,2,2,2,2,2,0,2,1
67,4178.775,3488.433,-73.470,108.274,-0.313562,-0.949446,-0.015194,0.949554,-0.313602,0.000247,-0.004999,-0.014351,0.999885,0,0.37368,0.86865,14.906,1.182,-1,740.944,-1,531.609,18.594,528.124,477.342,725.446,585.034,-1,-1,-1,-1,-1,830.344,-1,22.498,2,0,2,0,1,0,0,0,0,2,2,2,2,2,0,2,1
68,4168.983,3499.800,-73.084,109.480,-0.333477,-0.942624,-0.015920,0.942749,-0.333500,-0.001244,-0.004136,-0.015424,0.999873,0,0.37677,0.86865,15.003,1.206,-1,755.697,-1,534.665,18.487,538.017,484.789,721.244,592.264,-1,-1,-1,-1,-1,840.658,-1,22.463,2,0,2,0,1,0,0,0,0,2,2,2,2,2,0,2,1
69,4158.934,3511.073,-72.713,110.677,-0.353092,-0.935437,-0.016849,0.935585,-0.353082,-0.003676,-0.002510,-0.017061,0.999851,0,0.37993,0.86865,15.101,1.196,-1,771.722,-1,539.649,18.606,549.371,494.861,715.970,600.635,-1,-1,-1,-1,-1,856.157,-1,22.502,2,0,2,0,1,0,0,0,0,2,2,2,2,2,0,2,1
70,4148.529,3522.147,-72.438,111.905,-0.373070,-0.927643,-0.017231,0.927803,-0.373023,-0.006033,-0.000831,-0.018238,0.999833,0,0.38307,0.86865,15.195,1.228,-1,786.997,-1,546.435,18.504,561.057,506.179,711.402,606.642,-1,-1,-1,-1,-1,877.418,-1,22.468,2,0,2,0,1,0,0,0,0,2,2,2,2,2,0,2,1
71,4137.870,3533.127,-72.201,113.144,-0.393045,-0.919350,-0.017635,0.919519,-0.392955,-0.008486,0.000872,-0.019551,0.999808,0,0.38631,0.86865,15.303,1.239,-1,802.834,-1,556.890,18.597,573.114,517.651,706.476,612.790,-1,-1,-1,-1,-1,903.041,-1,22.498,2,0,2,0,1,0,0,0,0,2,2,2,2,2,0,2,1
72,4126.919,3543.895,-71.954,114.394,-0.413015,-0.910550,-0.017822,0.910722,-0.412894,-0.010196,0.001925,-0.020442,0.999789,0,0.38958,0.86865,15.357,1.250,-1,817.738,-1,566.388,18.697,584.659,528.448,702.411,618.188,-1,-1,-1,-1,-1,926.332,-1,22.533,2,0,2,0,1,0,0,0,0,2,2,2,2,2,0,2,1
73,4115.723,3554.302,-71.585,115.665,-0.433112,-0.901160,-0.018011,0.901338,-0.432983,-0.010690,0.001835,-0.020864,0.999781,0,0.39290,0.86865,15.286,1.271,-1,827.442,-1,574.209,18.663,594.711,538.098,699.347,622.476,-1,-1,-1,-1,-1,953.026,-1,22.522,2,0,2,0,1,0,0,0,0,2,2,2,2,2,0,2,1
74,4104.291,3564.568,-71.194,116.943,-0.453106,-0.891270,-0.018253,0.891456,-0.452984,-0.010533,0.001119,-0.021045,0.999778,0,0.39629,0.86865,15.365,1.278,-1,836.083,-1,581.996,18.251,603.998,546.795,696.775,626.072,-1,-1,-1,-1,-1,977.777,-1,22.389,2,0,2,0,1,0,0,0,0,2,2,2,2,2,0,2,1
75,4092.642,3574.984,-70.984,118.177,-0.472200,-0.881294,-0.018649,0.881491,-0.472088,-0.010312,0.000284,-0.021308,0.999773,0,0.39971,0.86865,15.627,1.234,-1,845.047,-1,590.108,17.984,612.271,554.812,694.013,627.869,-1,-1,-1,-1,-1,998.878,-1,22.318,2,0,2,0,1,0,0,0,0,2,2,2,2,2,0,2,1
76,4080.836,3585.602,-71.046,119.344,-0.490057,-0.871466,-0.019761,0.871690,-0.489938,-0.010794,-0.000275,-0.022515,0.999746,0,0.40297,0.86865,15.879,1.167,-1,849.949,-1,598.477,17.734,619.593,562.357,689.238,630.506,-1,-1,-1,-1,-1,-1,-1,22.261,2,0,2,0,1,0,0,0,0,2,2,2,2,2,2,2,1
77,4068.899,3596.411,-71.404,120.456,-0.506879,-0.861743,-0.021745,0.862017,-0.506747,-0.011587,-0.001034,-0.024618,0.999696,0,0.40600,0.86556,16.103,1.112,-1,851.971,-1,605.891,17.451,625.347,568.856,682.430,631.266,-1,-1,-1,-1,-1,-1,-1,22.213,2,0,2,0,1,0,0,0,0,2,2,2,2,2,2,2,1
78,4056.833,3607.374,-72.084,121.511,-0.522654,-0.852190,-0.024592,0.852541,-0.522525,-0.011912,-0.002699,-0.027192,0.999627,0,0.40883,0.85682,16.302,1.054,-1,849.427,-1,610.935,17.194,628.161,572.694,674.382,631.382,-1,-1,-1,-1,-1,-1,-1,22.186,2,0,2,0,1,0,0,0,0,2,2,2,2,2,2,2,1
79,4044.691,3618.491,-72.959,122.488,-0.537115,-0.843015,-0.028877,0.843493,-0.537003,-0.012142,-0.005271,-0.030879,0.999509,0,0.41146,0.84870,16.463,0.977,-1,841.908,-1,613.983,17.071,627.513,573.877,664.287,631.778,-1,-1,-1,-1,-1,-1,-1,22.180,2,0,2,0,1,0,0,0,0,2,2,2,2,2,2,2,1
80,4032.409,3629.643,-73.913,123.391,-0.550332,-0.834244,-0.034223,0.834896,-0.550282,-0.011710,-0.009063,-0.035017,0.999346,0,0.41382,0.84140,16.589,0.903,-1,829.924,-1,613.946,16.948,623.004,572.185,653.723,630.394,-1,-1,-1,-1,-1,-1,-1,22.179,2,0,2,0,1,0,0,0,0,2,2,2,2,2,2,2,1
81,4020.134,3640.661,-74.991,124.212,-0.562200,-0.825984,-0.040999,0.826873,-0.562296,-0.010248,-0.014589,-0.039662,0.999107,0,-0.06592,0.57170,16.495,0.821,-1,810.700,-1,609.806,16.509,614.437,566.442,642.418,630.690,-1,-1,-1,-1,-1,-1,-1,22.218,2,0,2,0,1,0,0,0,0,2,2,2,2,2,2,2,1
82,4008.213,3651.418,-76.322,124.902,-0.572028,-0.818715,-0.049890,0.819919,-0.572434,-0.007143,-0.022711,-0.044992,0.998729,0,-0.06622,0.56598,16.057,0.690,-1,782.538,-1,599.319,16.139,599.771,554.708,629.869,632.470,-1,-1,-1,-1,-1,-1,-1,22.321,2,0,2,0,1,0,0,0,0,2,2,2,2,2,2,2,1
83,3996.633,3662.027,-77.981,125.474,-0.580023,-0.812325,-0.060832,0.813955,-0.580917,-0.003607,-0.032409,-0.051607,0.998141,0,-0.06645,0.56152,15.705,0.572,-1,748.508,-1,585.151,15.786,580.815,539.212,615.055,636.032,-1,-1,-1,-1,-1,986.526,-1,22.497,2,0,2,0,1,0,0,0,0,2,2,2,2,2,0,2,1
84,3983.269,3674.646,-80.234,125.991,-0.587052,-0.805834,-0.077477,0.808286,-0.588790,-0.000505,-0.045210,-0.062920,0.996994,0,-0.06662,0.55822,18.380,0.517,-1,702.709,-1,566.512,15.169,554.676,518.161,592.325,649.516,-1,-1,-1,-1,-1,938.586,-1,23.099,2,0,2,0,1,0,0,0,0,2,2,2,2,2,0,2,1
85,3974.640,3683.056,-81.859,126.221,-0.590042,-0.802260,-0.090719,0.805561,-0.592512,0.000374,-0.054052,-0.072859,0.995876,0,-0.06673,0.55591,12.050,0.231,-1,670.620,-1,554.122,15.115,536.107,503.536,574.179,662.740,-1,-1,-1,-1,-1,908.849,-1,23.178,2,0,2,0,1,0,0,0,0,2,2,2,2,2,0,2,1
86,3964.067,3693.459,-84.071,126.422,-0.592438,-0.798193,-0.109115,0.802918,-0.596089,0.001053,-0.065882,-0.086986,0.994029,0,-0.06675,0.55550,14.833,0.201,-1,630.683,-1,537.564,14.721,511.431,484.114,549.823,685.113,-1,-1,-1,-1,-1,870.010,-1,23.934,2,0,2,0,1,0,0,0,0,2,2,2,2,2,0,2,1
87,3953.783,3703.785,-86.355,126.542,-0.593552,-0.794285,-0.129648,0.800918,-0.598771,0.001609,-0.078908,-0.102882,0.991559,0,-0.06674,0.55586,14.574,0.120,-1,589.752,-1,519.628,14.228,485.193,463.433,523.473,714.704,-1,-1,-1,-1,985.697,828.747,-1,25.659,2,0,2,0,1,0,0,0,0,2,2,2,2,0,0,2,1
88,3943.897,3714.043,-88.448,126.546,-0.592873,-0.790720,-0.152521,0.799871,-0.600168,0.002250,-0.093317,-0.120663,0.988298,0,-0.06668,0.55700,14.246,0.005,-1,548.264,-1,500.548,14.442,457.758,441.809,496.425,753.357,-1,-1,-1,-1,875.999,788.224,-1,24.756,2,0,2,0,1,0,0,0,0,2,2,2,2,0,0,2,1
89,3933.944,3724.125,-90.213,126.536,-0.591899,-0.786914,-0.174416,0.798864,-0.601506,0.002790,-0.107108,-0.137683,0.984668,0,-0.06656,0.55927,14.167,-0.011,13.627,511.383,-1,483.430,14.448,433.373,422.632,472.701,793.486,-1,-1,-1,-1,790.628,753.450,31.517,24.737,1,0,2,0,1,0,0,0,0,2,2,2,2,0,0,1,1
90,3923.849,3734.263,-91.278,126.521,-0.591060,-0.783647,-0.191169,0.798147,-0.602460,0.001901,-0.116661,-0.151457,0.981555,0,-0.06644,0.56168,14.307,-0.014,13.646,486.416,-1,473.452,14.416,417.165,410.625,456.028,829.075,-1,-1,-1,-1,736.237,733.460,31.180,24.853,1,0,2,0,1,0,0,0,0,2,2,2,2,0,0,1,1
91,3913.806,3744.576,-91.537,126.544,-0.591023,-0.781274,-0.200754,0.797445,-0.603391,0.000524,-0.121543,-0.159781,0.979641,0,-0.06631,0.56415,14.395,0.022,13.644,474.319,-1,470.138,14.421,409.532,405.699,448.420,851.038,-1,-1,-1,-1,711.410,726.796,31.199,24.836,1,0,2,0,1,0,0,0,0,2,2,2,2,0,0,1,1
92,3903.882,3755.139,-91.318,126.608,-0.591842,-0.779898,-0.203670,0.796696,-0.604379,-0.000806,-0.122465,-0.162740,0.979039,0,-0.06620,0.56629,14.494,0.064,13.617,471.830,-1,471.472,14.460,408.762,406.042,448.410,855.951,-1,-1,-1,-1,706.585,729.483,31.729,24.690,1,0,2,0,1,0,0,0,0,2,2,2,2,0,0,1,1
93,3894.155,3765.836,-91.046,126.733,-0.593681,-0.778934,-0.202004,0.795530,-0.605913,-0.001609,-0.121143,-0.161655,0.979383,0,-0.06611,0.56807,14.458,0.125,13.573,474.970,-1,474.675,14.528,411.710,408.925,453.284,845.851,-1,-1,-1,-1,715.349,735.990,32.683,24.469,1,0,2,0,1,0,0,0,0,2,2,2,2,0,0,1,1
94,3884.749,3776.616,-90.979,126.905,-0.596284,-0.778099,-0.197505,0.794025,-0.607880,-0.002398,-0.118193,-0.158254,0.980299,0,-0.06605,0.56925,14.307,0.172,13.636,480.768,-1,478.983,14.432,416.795,413.283,459.902,826.629,-1,-1,-1,-1,730.883,745.216,31.337,24.792,1,0,2,0,1,0,0,0,0,2,2,2,2,0,0,1,1
95,3875.704,3787.449,-91.392,127.061,-0.598729,-0.777617,-0.191925,0.792784,-0.609492,-0.003706,-0.114095,-0.154374,0.981403,0,-0.06601,0.56996,14.113,0.156,13.681,487.553,-1,483.644,8.218,422.459,418.044,466.289,803.827,-1,-1,-1,-1,748.962,758.485,30.549,25.032,1,0,2,0,1,0,0,0,0,2,2,2,2,0,0,1,1
96,3866.986,3798.240,-92.471,127.197,-0.600912,-0.777274,-0.186413,0.791755,-0.610815,-0.005389,-0.109675,-0.150831,0.982457,0,-0.06597,0.57084,13.872,0.136,13.706,493.344,-1,487.394,9.775,426.632,421.750,470.990,779.882,-1,-1,-1,-1,769.199,770.737,24.802,8.613,1,0,2,0,1,0,0,0,0,2,2,2,2,0,0,1,1
97,3858.537,3808.897,-94.267,127.323,-0.602913,-0.776915,-0.181380,0.790791,-0.612046,-0.007006,-0.105570,-0.147657,0.983388,0,-0.06591,0.57190,13.600,0.125,-1,497.478,-1,489.184,14.465,428.803,423.361,473.738,755.550,-1,-1,-1,-1,785.567,779.614,-1,24.675,2,0,2,0,1,0,0,0,0,2,2,2,2,0,0,2,1
98,3850.302,3819.328,-96.663,127.472,-0.605194,-0.776142,-0.177041,0.789500,-0.613693,-0.008401,-0.102129,-0.144858,0.984168,0,-0.06585,0.57303,13.290,0.150,-1,499.744,-1,488.945,14.716,428.950,423.363,474.638,730.862,-1,-1,-1,-1,796.540,784.268,-1,23.943,2,0,2,0,1,0,0,0,0,2,2,2,2,0,0,2,1
99,3842.120,3829.352,-99.472,127.646,-0.607773,-0.775093,-0.172750,0.787901,-0.615730,-0.009362,-0.099111,-0.141800,0.984921,0,-0.06581,0.57387,12.940,0.174,-1,500.674,-1,487.178,14.766,427.984,422.207,474.928,703.796,-1,-1,-1,-1,805.308,785.646,-1,23.826,2,0,2,0,1,0,0,0,0,2,2,2,2,0,0,2,1
100,3834.064,3838.916,-102.248,127.838,-0.610614,-0.773807,-0.168441,0.786125,-0.617972,-0.010851,-0.095696,-0.139042,0.985652,0,-0.06578,0.57441,12.505,0.192,13.472,502.327,-1,486.473,14.704,427.682,421.714,474.808,678.554,-1,-1,-1,-1,815.197,789.664,28.100,23.973,1,0,2,0,1,0,0,0,0,2,2,2,2,0,0,1,1
101,3826.591,3847.145,-104.094,128.008,-0.613310,-0.772792,-0.163226,0.784773,-0.619596,-0.015258,-0.089343,-0.137453,0.986471,0,-0.06577,0.57467,11.116,0.170,13.550,510.688,-1,493.480,14.567,432.931,427.185,475.081,662.177,-1,-1,-1,-1,840.380,813.535,33.276,24.348,1,0,2,0,1,0,0,0,0,2,2,2,2,0,0,1,1
102,3819.784,3854.140,-104.548,128.169,-0.616069,-0.771714,-0.157850,0.783753,-0.620571,-0.024979,-0.078680,-0.139105,0.987147,0,-0.06576,0.57490,9.761,0.161,13.561,528.475,-1,513.265,14.551,447.223,442.070,473.779,661.823,-1,-1,-1,-1,893.622,854.625,32.996,24.396,1,0,2,0,1,0,0,0,0,2,2,2,2,0,0,1,1
103,3813.490,3860.295,-103.864,128.263,-0.617895,-0.770725,-0.155526,0.783419,-0.620299,-0.038520,-0.066784,-0.145644,0.987080,0,-0.06576,0.57495,8.803,0.094,-1,548.767,-1,541.570,14.745,465.605,462.615,468.261,681.567,-1,-1,-1,-1,942.679,905.513,-1,23.875,2,0,2,0,1,0,0,0,0,2,2,2,2,0,0,2,1
104,3807.396,3865.979,-102.290,128.334,-0.619291,-0.769549,-0.155796,0.783189,-0.619509,-0.053144,-0.055620,-0.154929,0.986359,0,0.25099,0.45894,8.333,0.071,-1,568.839,-1,574.454,15.132,485.040,485.239,461.044,713.959,-1,-1,-1,-1,990.193,-1,-1,23.152,2,0,2,0,1,0,0,0,0,2,2,2,2,0,2,2,1
105,3801.165,3871.379,-100.083,128.448,-0.621127,-0.767916,-0.156547,0.782323,-0.619410,-0.065584,-0.046604,-0.163206,0.985491,0,0.25086,0.45963,8.245,0.113,-1,588.770,-1,606.691,15.635,503.351,505.994,456.267,746.921,-1,-1,-1,-1,-1,-1,-1,22.605,2,0,2,0,1,0,0,0,0,2,2,2,2,2,2,2,1
106,3794.793,3876.522,-97.552,128.610,-0.623493,-0.765893,-0.157051,0.780752,-0.620482,-0.073675,-0.041021,-0.168554,0.984839,0,0.25081,0.45985,8.189,0.162,-1,605.638,-1,632.043,16.221,517.907,523.059,455.437,771.571,-1,-1,-1,-1,-1,-1,-1,22.291,2,0,2,0,1,0,0,0,0,2,2,2,2,2,2,2,1
107,3788.272,3881.491,-95.059,128.843,-0.626719,-0.763262,-0.157016,0.778273,-0.623161,-0.077214,-0.038911,-0.170593,0.984573,0,0.25087,0.45956,8.198,0.233,-1,617.192,-1,648.407,16.845,527.706,533.948,458.155,783.554,-1,-1,-1,-1,-1,-1,-1,22.181,2,0,2,0,1,0,0,0,0,2,2,2,2,2,2,2,1
108,3781.587,3886.311,-92.984,129.173,-0.631173,-0.759716,-0.156371,0.774634,-0.627684,-0.077169,-0.039525,-0.169837,0.984679,0,0.25107,0.45854,8.242,0.330,-1,623.414,-1,655.912,17.112,532.970,539.468,463.139,783.570,-1,-1,-1,-1,-1,-1,-1,22.181,2,0,2,0,1,0,0,0,0,2,2,2,2,2,2,2,1
109,3774.798,3891.074,-91.595,129.588,-0.636708,-0.755281,-0.155410,0.769966,-0.633669,-0.074932,-0.041884,-0.167371,0.985004,0,0.25146,0.45654,8.293,0.415,-1,625.567,-1,656.731,12.698,534.475,540.734,468.718,774.097,-1,-1,-1,-1,-1,-1,-1,9.683,2,0,2,0,1,0,0,0,0,2,2,2,2,2,2,2,1
110,3767.912,3895.914,-91.116,130.048,-0.642784,-0.750353,-0.154273,0.764730,-0.640339,-0.071792,-0.044918,-0.164124,0.985416,0,0.25202,0.45369,8.417,0.460,-1,624.801,-1,653.263,-1,533.223,539.023,473.498,758.421,-1,-1,-1,-1,-1,-1,-1,-1,2,0,2,0,2,0,0,0,0,2,2,2,2,2,2,2,2
111,3760.946,3900.867,-91.756,130.540,-0.649226,-0.745053,-0.152974,0.759067,-0.647426,-0.068241,-0.048197,-0.160421,0.985871,0,0.25267,0.45041,8.548,0.492,-1,621.187,-1,646.215,-1,529.690,534.642,476.738,737.422,-1,-1,-1,-1,-1,-1,-1,-1,2,0,2,0,2,0,0,0,0,2,2,2,2,2,2,2,2
112,3753.922,3905.940,-93.613,131.057,-0.655932,-0.739445,-0.151570,0.753056,-0.654791,-0.064466,-0.051577,-0.156426,0.986342,0,0.25336,0.44685,8.664,0.517,-1,614.395,-1,635.680,-1,523.513,527.719,478.041,711.136,-1,-1,-1,-1,-1,-1,-1,-1,2,0,2,0,2,0,0,0,0,2,2,2,2,2,2,2,2
113,3747.035,3911.413,-96.595,131.502,-0.661663,-0.734425,-0.151070,0.747812,-0.661042,-0.061652,-0.054585,-0.153765,0.986599,0,0.25411,0.44307,8.797,0.446,-1,604.221,-1,623.414,-1,514.938,518.848,475.636,686.659,-1,-1,-1,-1,-1,-1,-1,-1,2,0,2,0,2,0,0,0,0,2,2,2,2,2,2,2,2
114,3740.393,3917.408,-100.555,131.808,-0.665521,-0.730762,-0.151883,0.744148,-0.665370,-0.059387,-0.057661,-0.152547,0.986613,0,0.25470,0.44006,8.947,0.305,-1,589.890,-1,608.440,-1,503.197,507.117,469.690,664.194,-1,-1,-1,-1,991.592,-1,-1,-1,2,0,2,0,2,0,0,0,0,2,2,2,2,0,2,2,2
115,3733.963,3923.685,-105.359,132.033,-0.668240,-0.727937,-0.153503,0.741306,-0.668908,-0.055029,-0.062622,-0.150565,0.986615,0,0.25499,0.43854,8.986,0.225,-1,570.175,-1,586.196,-1,486.330,490.008,463.025,636.765,-1,-1,-1,-1,957.267,-1,-1,-1,2,0,2,0,2,0,0,0,0,2,2,2,2,0,2,2,2
116,3727.874,3930.364,-110.850,132.150,-0.669431,-0.726203,-0.156497,0.739563,-0.671360,-0.048194,-0.070067,-0.148002,0.986502,0,0.25513,0.43786,9.038,0.118,-1,544.144,-1,556.312,-1,464.480,467.023,455.155,605.736,-1,-1,-1,-1,913.271,-1,-1,-1,2,0,2,0,2,0,0,0,0,2,2,2,2,0,2,2,2
117,3721.999,3937.395,-116.811,132.191,-0.669477,-0.725394,-0.160011,0.738560,-0.673070,-0.038797,-0.079556,-0.144152,0.986352,0,0.25504,0.43829,9.163,0.041,13.619,514.303,-1,520.941,14.458,438.612,439.989,447.245,570.089,-1,-1,-1,-1,862.171,-1,28.334,24.702,1,0,2,0,1,0,0,0,0,2,2,2,2,0,2,1,1
118,3715.698,3945.068,-121.829,132.249,-0.669990,-0.724785,-0.160625,0.737631,-0.674352,-0.033905,-0.083744,-0.141198,0.986433,0,0.63706,1.00000,9.928,0.058,13.647,496.695,-1,499.706,14.418,422.974,423.504,440.414,541.378,-1,-1,-1,-1,830.096,-1,31.136,24.847,1,0,2,0,1,0,0,0,0,2,2,2,2,0,2,1,1
119,3708.370,3953.450,-125.177,132.374,-0.671728,-0.723852,-0.157543,0.736308,-0.675763,-0.034571,-0.081437,-0.139223,0.986907,0,0.63645,1.00000,11.134,0.125,13.425,494.636,-1,495.884,14.803,420.354,420.411,436.234,522.010,-1,-1,-1,-1,830.889,-1,37.837,23.745,1,0,2,0,1,0,0,0,0,2,2,2,2,0,2,1,1
120,3699.885,3962.121,-126.781,132.596,-0.674862,-0.722101,-0.152090,0.734013,-0.678100,-0.037484,-0.076065,-0.136933,0.987656,0,0.63608,1.00000,12.131,0.222,13.275,503.040,-1,502.749,15.310,426.290,425.880,436.400,508.708,-1,-1,-1,-1,849.965,-1,41.847,22.920,1,0,2,0,1,0,0,0,0,2,2,2,2,0,2,1,1
121,3690.383,3970.777,-126.800,132.907,-0.679103,-0.719190,-0.146917,0.730619,-0.681567,-0.040768,-0.070814,-0.135027,0.988308,0,0.63610,1.00000,12.854,0.311,13.269,515.699,-1,514.626,15.380,435.962,435.214,439.561,503.032,-1,-1,-1,-1,869.863,-1,37.460,22.841,1,0,2,0,1,0,0,0,0,2,2,2,2,0,2,1,1
122,3680.065,3979.630,-125.800,133.257,-0.683775,-0.715558,-0.142927,0.726685,-0.685532,-0.044437,-0.066184,-0.134248,0.988735,0,0.63653,1.00000,13.596,0.350,13.279,531.383,-1,530.211,15.269,447.092,446.458,443.381,502.883,-1,-1,-1,-1,890.622,-1,31.710,22.968,1,0,2,0,1,0,0,0,0,2,2,2,2,0,2,1,1
123,3669.200,3988.827,-124.325,133.595,-0.688231,-0.711833,-0.140118,0.722848,-0.689286,-0.048745,-0.061883,-0.134832,0.988934,0,0.63710,1.00000,14.235,0.337,13.269,547.174,-1,548.419,15.379,458.743,458.669,446.334,507.253,-1,-1,-1,-1,909.885,-1,23.380,22.842,1,0,2,0,1,0,0,0,0,2,2,2,2,0,2,1,1
124,3657.699,3998.127,-123.047,133.973,-0.693111,-0.707523,-0.137869,0.718408,-0.693697,-0.051715,-0.059050,-0.134891,0.989099,0,0.63754,1.00000,14.791,0.379,-1,558.784,-1,563.270,16.249,468.718,469.030,449.464,510.171,-1,-1,-1,-1,922.117,-1,-1,22.282,2,0,2,0,1,0,0,0,0,2,2,2,2,0,2,2,1
125,3645.483,4007.264,-122.483,134.490,-0.699604,-0.701621,-0.135210,0.712176,-0.700051,-0.052294,-0.057963,-0.132879,0.989436,0,0.63815,1.00000,15.255,0.517,-1,567.570,-1,572.768,-1,476.297,476.642,453.648,506.308,-1,-1,-1,-1,928.261,-1,-1,15.929,2,0,2,0,2,0,0,0,0,2,2,2,2,0,2,2,1
126,3632.540,4015.737,-122.812,135.199,-0.708336,-0.693505,-0.131570,0.703431,-0.709012,-0.049876,-0.058695,-0.127879,0.990051,0,0.63942,1.00000,15.470,0.709,-1,572.793,-1,575.173,16.352,480.176,479.329,459.861,493.550,-1,-1,-1,-1,928.682,-1,-1,11.916,2,0,2,0,1,0,0,0,0,2,2,2,2,0,2,2,1
127,3619.211,4024.132,-123.922,135.977,-0.717783,-0.684210,-0.129014,0.693713,-0.718622,-0.048424,-0.059580,-0.124257,0.990460,0,0.64166,1.00000,15.752,0.778,-1,574.843,-1,576.910,11.910,481.102,480.166,462.522,484.953,-1,-1,-1,-1,924.470,-1,-1,9.342,2,0,2,0,1,0,0,0,0,2,2,2,2,0,2,2,1
128,3605.528,4033.180,-125.740,136.662,-0.726073,-0.675597,-0.128008,0.685121,-0.726639,-0.051039,-0.058534,-0.124759,0.990459,0,0.64421,1.00000,16.403,0.685,-1,576.270,-1,581.812,10.054,482.741,483.230,457.991,483.686,-1,-1,-1,-1,920.000,-1,-1,22.239,2,0,2,0,1,0,0,0,0,2,2,2,2,0,2,2,1
129,3591.366,4042.589,-128.249,137.305,-0.733790,-0.667254,-0.127768,0.676993,-0.733908,-0.055314,-0.056862,-0.127087,0.990260,0,0.64624,1.00000,17.003,0.643,-1,575.232,-1,584.509,14.611,484.540,487.220,449.503,484.078,-1,-1,-1,-1,913.228,-1,-1,11.622,2,0,2,0,1,0,0,0,0,2,2,2,2,0,2,2,1
130,3576.688,4052.318,-131.137,137.926,-0.741162,-0.659243,-0.126799,0.669081,-0.740823,-0.059263,-0.054867,-0.128762,0.990157,0,0.64800,1.00000,17.610,0.621,14.288,573.300,-1,588.499,14.490,486.360,490.854,441.413,482.397,-1,-1,-1,-1,907.061,-1,19.827,11.356,1,0,2,0,1,0,0,0,0,2,2,2,2,0,2,1,1
131,3561.362,4061.967,-134.110,138.626,-0.749334,-0.650380,-0.124515,0.660020,-0.748771,-0.060951,-0.053592,-0.127856,0.990344,0,0.64959,1.00000,18.110,0.700,15.268,571.496,-1,590.346,16.969,487.553,492.521,436.625,476.015,-1,-1,-1,-1,901.841,-1,25.931,22.178,1,0,2,0,1,0,0,0,0,2,2,2,2,0,2,1,1
132,3545.376,4071.269,-136.851,139.437,-0.758618,-0.640132,-0.121366,0.649366,-0.758048,-0.060727,-0.053128,-0.124880,0.990748,0,0.65154,1.00000,18.495,0.811,14.226,570.133,-1,590.633,16.618,487.750,493.064,435.023,468.156,-1,-1,-1,-1,897.408,-1,29.653,22.201,1,0,2,0,1,0,0,0,0,2,2,2,2,0,2,1,1
133,3528.945,4080.869,-139.075,140.205,-0.767292,-0.630173,-0.118929,0.639167,-0.766582,-0.061785,-0.052233,-0.123422,0.990979,0,0.65402,1.00000,19.030,0.768,13.539,569.982,-1,593.040,16.138,489.042,497.146,432.509,464.892,-1,-1,-1,-1,894.001,-1,33.532,22.320,1,0,2,0,1,0,0,0,0,2,2,2,2,0,2,1,1
134,3512.158,4091.057,-140.673,140.847,-0.774486,-0.621708,-0.116835,0.630596,-0.773419,-0.064593,-0.050204,-0.123702,0.991049,0,0.65625,1.00000,19.637,0.642,13.489,572.572,-1,598.881,16.081,494.259,504.981,429.128,465.859,-1,-1,-1,-1,893.755,-1,36.652,22.344,1,0,2,0,1,0,0,0,0,2,2,2,2,0,2,1,1
135,3494.843,4101.460,-141.818,141.471,-0.781391,-0.613567,-0.113858,0.622202,-0.780008,-0.066719,-0.047874,-0.122976,0.991254,0,0.65777,1.00000,20.200,0.623,13.957,576.429,-1,608.114,16.477,501.493,514.173,427.936,466.405,-1,-1,-1,-1,896.969,-1,36.435,22.224,1,0,2,0,1,0,0,0,0,2,2,2,2,0,2,1,1
136,3476.810,4111.350,-142.787,142.239,-0.789712,-0.603549,-0.109922,0.611700,-0.788310,-0.066254,-0.046665,-0.119561,0.991730,0,0.65915,1.00000,20.567,0.769,13.869,578.797,-1,620.938,16.419,507.913,520.999,430.728,463.538,-1,-1,-1,-1,902.639,-1,33.364,22.236,1,0,2,0,1,0,0,0,0,2,2,2,2,0,2,1,1
137,3458.361,4121.506,-143.739,142.971,-0.797520,-0.593824,-0.106459,0.601613,-0.795976,-0.066962,-0.044975,-0.117451,0.992060,0,0.66124,1.00000,21.059,0.732,13.612,581.331,-1,633.965,10.860,511.762,528.524,431.971,463.663,-1,-1,-1,-1,906.641,-1,32.099,8.710,1,0,2,0,1,0,0,0,0,2,2,2,2,0,2,1,1
138,3439.443,4131.724,-144.773,143.679,-0.804963,-0.584256,-0.103340,0.591753,-0.803227,-0.068217,-0.043149,-0.116064,0.992304,0,0.66309,1.00000,21.501,0.708,14.011,583.505,-1,644.982,-1,515.625,536.280,431.901,465.008,-1,-1,-1,-1,909.933,-1,30.772,17.914,1,0,2,0,2,0,0,0,0,2,2,2,2,0,2,1,1
139,3419.917,4141.459,-146.145,144.495,-0.813350,-0.573203,-0.099500,0.580255,-0.811627,-0.067573,-0.042024,-0.112695,0.992741,0,0.66479,1.00000,21.818,0.816,15.896,584.899,-1,-1,-1,517.989,540.743,433.812,462.477,-1,-1,-1,-1,912.874,-1,28.249,15.451,1,0,2,2,2,0,0,0,0,2,2,2,2,0,2,1,1
140,3400.050,4150.913,-147.653,145.353,-0.821959,-0.561252,-0.096849,0.568022,-0.820255,-0.067332,-0.041651,-0.110357,0.993019,0,0.66701,1.00000,22.002,0.858,13.500,583.974,-1,-1,-1,518.593,540.785,433.899,461.339,-1,-1,-1,-1,912.746,-1,31.434,-1,1,0,2,2,2,0,0,0,0,2,2,2,2,0,2,1,2
141,3379.857,4160.762,-149.305,146.090,-0.829223,-0.550739,-0.095264,0.557426,-0.827353,-0.069019,-0.040805,-0.110335,0.993056,0,0.66943,0.99602,22.466,0.737,13.801,581.211,-1,-1,-1,516.681,541.480,430.407,463.906,-1,-1,-1,-1,910.322,-1,31.171,-1,1,0,2,2,2,0,0,0,0,2,2,2,2,0,2,1,2
142,3359.123,4170.304,-151.164,146.885,-0.836874,-0.539330,-0.093625,0.545870,-0.835007,-0.069208,-0.040851,-0.109026,0.993199,0,0.67119,0.99243,22.825,0.795,13.796,577.169,-1,1003.587,-1,512.185,540.103,428.198,463.906,-1,-1,-1,-1,905.710,-1,32.421,-1,1,0,2,0,2,0,0,0,0,2,2,2,2,0,2,1,2
143,3337.844,4179.667,-153.196,147.726,-0.844809,-0.527222,-0.091294,0.533522,-0.842977,-0.068880,-0.040644,-0.106898,0.993439,0,0.67322,0.98830,23.248,0.842,13.583,573.774,-1,975.752,-1,507.887,538.322,426.850,462.337,-1,-1,-1,-1,902.188,-1,34.083,-1,1,0,2,0,2,0,0,0,0,2,2,2,2,0,2,1,2
144,3316.210,4189.343,-155.171,148.485,-0.851826,-0.516174,-0.089199,0.522317,-0.849881,-0.069913,-0.039721,-0.106143,0.993557,0,0.67545,0.98375,23.699,0.758,13.347,570.840,-1,953.780,-1,504.571,533.797,424.087,463.660,-1,-1,-1,-1,898.974,-1,38.720,-1,1,0,2,0,2,0,0,0,0,2,2,2,2,0,2,1,2
145,3294.333,4199.206,-157.065,149.141,-0.857789,-0.506563,-0.087133,0.512545,-0.855733,-0.070843,-0.038676,-0.105428,0.993675,0,0.39986,0.47078,23.998,0.656,13.338,568.977,-1,866.751,-1,501.513,529.586,421.511,465.966,-1,-1,-1,-1,894.925,-1,38.717,-1,1,0,2,0,2,0,0,0,0,2,2,2,2,0,2,1,2
146,3272.459,4208.955,-158.855,149.764,-0.863304,-0.497365,-0.085642,0.503179,-0.861343,-0.069989,-0.038957,-0.103515,0.993865,0,0.40057,0.46833,23.947,0.623,13.276,565.119,-1,823.689,-1,496.308,523.260,420.447,466.299,-1,-1,-1,-1,887.436,-1,40.671,-1,1,0,2,0,2,0,0,0,0,2,2,2,2,0,2,1,2
147,3250.646,4218.643,-160.452,150.325,-0.868122,-0.488891,-0.085727,0.494666,-0.866390,-0.068364,-0.040850,-0.101754,0.993971,0,0.40118,0.46622,23.868,0.561,13.268,557.850,-1,780.940,-1,488.434,514.807,419.227,466.937,-1,-1,-1,-1,874.272,-1,40.936,-1,1,0,2,0,2,0,0,0,0,2,2,2,2,0,2,1,2
148,3228.834,4228.408,-161.895,150.828,-0.872355,-0.481255,-0.085970,0.486985,-0.870887,-0.066354,-0.042937,-0.099750,0.994086,0,0.40160,0.46477,23.897,0.503,13.294,550.570,-1,612.980,-1,480.597,506.280,418.727,466.851,-1,-1,-1,-1,860.770,-1,44.133,-1,1,0,2,0,2,0,0,0,0,2,2,2,2,0,2,1,2
149,3202.602,4240.331,-163.438,151.362,-0.876805,-0.473309,-0.084803,0.478802,-0.875638,-0.063305,-0.044294,-0.096110,0.994385,0,0.40184,0.46395,28.815,0.534,13.274,544.854,-1,600.223,-1,473.350,496.738,421.045,465.587,-1,-1,-1,-1,849.885,-1,43.137,-1,1,0,2,0,2,0,0,0,0,2,2,2,2,0,2,1,2
150,3185.022,4248.175,-164.497,151.733,-0.879847,-0.467820,-0.083750,0.473088,-0.878941,-0.060410,-0.045350,-0.092772,0.994654,0,0.40190,0.46375,19.251,0.371,13.293,541.269,-1,592.015,-1,468.411,489.981,423.805,463.402,-1,-1,-1,-1,843.151,-1,41.588,-1,1,0,2,0,2,0,0,0,0,2,2,2,2,0,2,1,2
151,3163.022,4257.931,-165.855,152.176,-0.883425,-0.461268,-0.082411,0.466249,-0.882836,-0.056687,-0.046608,-0.088503,0.994985,0,0.40197,0.46350,24.066,0.443,13.305,537.609,-1,581.954,-1,462.282,481.596,427.382,460.476,-1,-1,-1,-1,834.780,-1,42.985,-1,1,0,2,0,2,0,0,0,0,2,2,2,2,0,2,1,2
152,3140.972,4267.593,-167.251,152.601,-0.886811,-0.454947,-0.081182,0.459655,-0.886507,-0.053136,-0.047795,-0.084437,0.995282,0,0.40199,0.46343,24.074,0.425,13.309,533.125,-1,572.160,-1,456.359,473.326,430.411,457.857,-1,-1,-1,-1,826.113,-1,42.132,-1,1,0,2,0,2,0,0,0,0,2,2,2,2,0,2,1,2
153,3118.827,4277.150,-168.674,153.022,-0.890125,-0.448682,-0.079761,0.453111,-0.890063,-0.049777,-0.048659,-0.080448,0.995570,0,0.40195,0.46356,24.120,0.421,13.307,528.830,-1,563.076,-1,450.478,465.364,432.498,455.063,-1,-1,-1,-1,816.660,-1,41.769,-1,1,0,2,0,2,0,0,0,0,2,2,2,2,0,2,1,2
154,3092.174,4288.302,-170.406,153.527,-0.893979,-0.440976,-0.079632,0.445201,-0.894252,-0.045926,-0.050959,-0.076509,0.995766,0,0.40189,0.46378,28.891,0.505,13.310,520.950,-1,550.429,-1,441.632,453.734,434.439,449.602,-1,-1,-1,-1,800.640,988.008,41.198,-1,1,0,2,0,2,0,0,0,0,2,2,2,2,0,0,1,2
155,3074.310,4295.667,-171.639,153.856,-0.896457,-0.435924,-0.079587,0.440021,-0.896931,-0.043547,-0.052401,-0.074058,0.995876,0,0.40181,0.46405,19.323,0.329,13.312,515.573,-1,540.664,-1,435.714,446.353,435.331,445.691,-1,-1,-1,-1,789.799,869.907,41.824,-1,1,0,2,0,2,0,0,0,0,2,2,2,2,0,0,1,2
156,3051.883,4304.767,-173.215,154.260,-0.899460,-0.429722,-0.079436,0.433645,-0.900169,-0.040582,-0.054067,-0.070949,0.996014,0,0.40173,0.46434,24.203,0.404,13.321,509.030,-1,527.661,-1,428.468,437.284,436.453,440.788,-1,-1,-1,-1,776.554,852.031,43.435,-1,1,0,2,0,2,0,0,0,0,2,2,2,2,0,0,1,2
157,3029.495,4313.668,-174.562,154.650,-0.902282,-0.423665,-0.079963,0.427461,-0.903246,-0.037728,-0.056242,-0.068222,0.996084,0,0.40159,0.46480,24.093,0.390,13.305,501.958,-1,516.734,-1,420.985,428.108,437.284,436.967,-1,-1,-1,-1,762.108,833.124,44.889,-1,1,0,2,0,2,0,0,0,0,2,2,2,2,0,0,1,2
158,3007.004,4322.326,-175.812,155.072,-0.905275,-0.417095,-0.080682,0.420745,-0.906523,-0.034507,-0.058747,-0.065184,0.996142,0,0.40141,0.46542,24.100,0.422,13.268,494.391,-1,505.405,-1,413.418,418.727,439.089,431.678,-1,-1,-1,-1,747.572,812.327,43.280,-1,1,0,2,0,2,0,0,0,0,2,2,2,2,0,0,1,2
159,2979.774,4332.073,-177.386,155.693,-0.909567,-0.407500,-0.081431,0.410822,-0.911267,-0.028602,-0.062550,-0.059469,0.996269,0,0.40132,0.46573,28.922,0.620,13.361,485.516,-1,489.250,-1,403.855,406.203,443.000,422.615,-1,-1,-1,-1,730.485,777.241,41.256,-1,1,0,2,0,2,0,0,0,0,2,2,2,2,0,0,1,2
160,2961.542,4338.057,-178.355,156.188,-0.912896,-0.399869,-0.082012,0.402872,-0.914958,-0.023375,-0.065691,-0.054379,0.996357,0,0.40155,0.46493,19.189,0.495,13.278,479.887,-1,477.140,-1,397.391,396.855,447.664,667.511,-1,-1,-1,-1,719.468,748.678,43.412,-1,1,0,2,0,2,0,0,0,0,2,2,2,2,0,0,1,2
161,2938.682,4345.473,-179.293,156.753,-0.916640,-0.391061,-0.082724,0.393758,-0.919026,-0.018601,-0.068752,-0.049624,0.996399,0,0.40195,0.46355,24.033,0.566,13.268,473.881,-1,464.405,-1,390.602,387.289,451.903,685.224,-1,-1,-1,-1,707.153,726.444,43.882,13.664,1,0,2,0,2,0,0,0,0,2,2,2,2,0,0,1,1
162,2916.262,4352.573,-179.562,157.355,-0.920713,-0.381811,-0.080667,0.384097,-0.923180,-0.014422,-0.068963,-0.044262,0.996637,0,0.40229,0.46239,23.517,0.602,13.304,474.597,-1,455.727,9.109,388.722,382.683,458.993,703.228,-1,-1,-1,-1,705.735,722.143,49.959,23.140,1,0,2,0,1,0,0,0,0,2,2,2,2,0,0,1,1
163,2894.652,4359.354,-178.604,158.037,-0.925570,-0.371684,-0.071913,0.373261,-0.927679,-0.009400,-0.063218,-0.035542,0.997367,0,0.40275,0.46080,22.649,0.682,13.413,488.921,-1,457.570,-1,397.119,387.105,475.078,713.688,-1,-1,-1,-1,726.674,737.437,38.435,-1,1,0,2,0,2,0,0,0,0,2,2,2,2,0,0,1,2
164,2873.299,4365.783,-176.475,158.675,-0.930194,-0.362335,-0.058758,0.363140,-0.931729,-0.003277,-0.053559,-0.024386,0.998267,0,0.40348,0.45828,22.300,0.638,13.682,513.148,-1,466.729,-1,412.729,398.259,497.787,720.680,-1,-1,-1,-1,765.893,778.555,30.544,-1,1,0,2,0,2,0,0,0,0,2,2,2,2,0,0,1,2
165,2852.038,4372.246,-173.926,159.237,-0.934153,-0.353839,-0.046428,0.354168,-0.935181,0.001223,-0.043851,-0.015301,0.998921,0,0.40410,0.45615,22.222,0.562,13.769,538.431,-1,478.467,-1,429.465,410.198,517.878,730.409,-1,-1,-1,-1,806.344,868.229,29.294,-1,1,0,2,0,2,0,0,0,0,2,2,2,2,0,0,1,2
166,2831.065,4378.609,-171.793,159.667,-0.936972,-0.346990,-0.041005,0.347206,-0.937787,0.001977,-0.039140,-0.012384,0.999157,0,0.40448,0.45481,21.917,0.431,-1,547.857,-1,485.226,-1,437.758,416.773,527.438,749.651,-1,-1,-1,-1,824.745,-1,-1,-1,2,0,2,0,2,0,0,0,0,2,2,2,2,0,2,2,2
167,2810.319,4384.729,-170.294,159.978,-0.938856,-0.341833,-0.041218,0.342116,-0.939658,0.000210,-0.038802,-0.013904,0.999150,0,0.40450,0.45476,21.630,0.311,-1,546.234,-1,485.671,-1,437.915,417.116,528.144,776.236,-1,-1,-1,-1,821.759,-1,-1,-1,2,0,2,0,2,0,0,0,0,2,2,2,2,0,2,2,2
168,2789.612,4390.560,-169.754,160.271,-0.940516,-0.336875,-0.044099,0.337292,-0.941398,-0.002149,-0.040791,-0.016895,0.999025,0,0.40418,0.45588,21.513,0.293,-1,537.878,-1,480.882,-1,433.096,412.817,524.049,804.639,-1,-1,-1,-1,806.143,-1,-1,-1,2,0,2,0,2,0,0,0,0,2,2,2,2,0,2,2,2
169,2768.845,4396.183,-170.426,160.589,-0.942273,-0.331470,-0.047423,0.332025,-0.943262,-0.004106,-0.043372,-0.019615,0.998866,0,0.40380,0.45716,21.514,0.318,-1,526.317,-1,472.282,-1,425.475,405.268,517.630,828.327,-1,-1,-1,-1,785.793,-1,-1,-1,2,0,2,0,2,0,0,0,0,2,2,2,2,0,2,2,2
170,2748.286,4400.653,-172.401,161.091,-0.944934,-0.323205,-0.051359,0.323681,-0.946166,-0.001009,-0.048268,-0.017577,0.998680,0,-0.14342,0.96910,21.040,0.502,-1,511.668,-1,454.800,-1,414.045,392.493,515.486,836.691,-1,-1,-1,-1,760.476,-1,-1,-1,2,0,2,0,2,0,0,0,0,2,2,2,2,0,2,2,2
171,2728.509,4403.608,-175.361,161.817,-0.948556,-0.311386,-0.057279,0.311563,-0.950206,0.006050,-0.056311,-0.012108,0.998340,0,-0.14353,0.96810,19.997,0.725,-1,493.018,-1,429.466,18.871,398.604,374.979,515.775,833.081,-1,-1,-1,-1,727.289,819.479,-1,22.597,2,0,2,0,1,0,0,0,0,2,2,2,2,0,0,2,1
172,2710.149,4403.968,-178.451,162.828,-0.953345,-0.294876,-0.064666,0.294608,-0.955518,0.013850,-0.065874,-0.005847,0.997811,0,-0.14390,0.96452,18.363,1.011,-1,474.135,-1,402.739,18.710,383.029,356.787,516.512,828.956,-1,-1,-1,-1,692.436,691.983,945.532,22.538,2,0,2,0,1,0,0,0,0,2,2,2,2,0,0,0,1
173,2692.628,4402.941,-181.238,163.976,-0.958722,-0.275586,-0.070028,0.275340,-0.961254,0.013337,-0.070990,-0.006495,0.997456,0,-0.14463,0.95743,17.552,1.149,959.854,460.506,-1,387.630,18.668,373.263,346.688,507.104,845.780,-1,-1,-1,-1,666.534,646.615,882.711,22.523,0,0,2,0,1,0,0,0,0,2,2,2,2,0,0,0,1
174,2675.884,4400.940,-183.512,165.046,-0.963828,-0.256878,-0.071057,0.257426,-0.966297,0.001488,-0.069044,-0.016858,0.997471,0,-0.14553,0.94862,16.863,1.070,15.774,454.210,-1,389.902,18.659,371.429,346.988,484.919,890.327,-1,-1,-1,-1,653.590,658.485,16.486,22.520,1,0,2,0,1,0,0,0,0,2,2,2,2,0,0,1,1
175,2659.767,4398.393,-185.356,165.920,-0.968239,-0.241102,-0.066200,0.242851,-0.969864,-0.019665,-0.059464,-0.035117,0.997613,0,-0.14639,0.94031,16.317,0.874,26.342,456.186,-1,407.238,18.450,376.807,357.743,453.090,952.587,-1,-1,-1,-1,655.609,752.314,27.384,22.450,1,0,2,0,1,0,0,0,0,2,2,2,2,0,0,1,1
176,2644.199,4395.505,-187.213,166.782,-0.972527,-0.225820,-0.056539,0.228432,-0.972522,-0.044954,-0.044834,-0.056634,0.997388,0,-0.14706,0.93380,15.833,0.862,29.809,462.722,-1,435.237,18.683,387.587,375.578,419.665,-1,-1,-1,-1,-1,667.947,-1,31.175,22.529,1,0,2,0,1,0,0,0,2,2,2,2,2,0,2,1,1
177,2629.529,4392.190,-188.906,167.707,-0.976617,-0.210070,-0.045725,0.212809,-0.974806,-0.066819,-0.030536,-0.074987,0.996717,0,-0.14773,0.92728,15.040,0.925,31.655,471.021,-1,467.656,18.666,399.691,393.234,393.006,-1,-1,-1,-1,-1,680.772,-1,33.088,22.523,1,0,2,0,1,0,0,0,2,2,2,2,2,0,2,1,1
178,2615.915,4389.455,-189.957,168.582,-0.979990,-0.195403,-0.037917,0.197918,-0.976851,-0.081184,-0.021175,-0.087063,0.995978,0,-0.14849,0.91991,13.886,0.875,34.585,476.352,-1,491.280,13.039,408.288,405.683,376.264,-1,-1,-1,-1,-1,688.407,-1,36.169,8.952,1,0,2,0,1,0,0,0,2,2,2,2,2,0,2,1,1
179,2603.424,4387.342,-190.272,169.360,-0.982643,-0.182266,-0.034539,0.184615,-0.979065,-0.085731,-0.018190,-0.090620,0.995719,0,-0.14920,0.91300,12.669,0.777,34.571,476.833,-1,499.429,18.069,411.634,410.533,370.828,-1,-1,-1,-1,-1,688.728,-1,36.137,12.425,1,0,2,0,1,0,0,0,2,2,2,2,2,0,2,1,1
180,2591.950,4385.740,-189.971,170.030,-0.984703,-0.170739,-0.034746,0.173097,-0.981395,-0.083079,-0.019915,-0.087823,0.995937,0,-0.14982,0.90700,11.585,0.671,32.490,474.562,-1,495.233,18.661,410.231,408.944,373.612,-1,-1,-1,-1,-1,683.813,-1,33.958,22.521,1,0,2,0,1,0,0,0,2,2,2,2,2,0,2,1,1
181,2581.567,4384.319,-189.259,170.626,-0.986358,-0.160371,-0.037150,0.162830,-0.983643,-0.077025,-0.024190,-0.082024,0.996337,0,-0.15033,0.90199,10.480,0.596,29.126,470.905,-1,485.598,18.659,406.079,404.154,380.625,-1,-1,-1,-1,-1,676.405,-1,30.441,22.521,1,0,2,0,1,0,0,0,2,2,2,2,2,0,2,1,1
182,2572.010,4383.049,-188.352,171.124,-0.987633,-0.151697,-0.039621,0.154230,-0.985441,-0.071543,-0.028192,-0.076769,0.996650,0,-0.15078,0.89759,9.641,0.498,25.033,467.827,-1,477.425,18.656,402.503,400.116,387.628,-1,-1,-1,-1,-1,670.302,-1,26.162,22.519,1,0,2,0,1,0,0,0,2,2,2,2,2,0,2,1,1
183,2563.061,4381.835,-187.421,171.586,-0.988775,-0.143694,-0.040952,0.146255,-0.986871,-0.068528,-0.030567,-0.073748,0.996808,0,-0.15115,0.89406,9.030,0.462,20.496,466.252,-1,473.650,18.655,400.768,398.463,392.294,-1,-1,-1,-1,-1,666.769,-1,21.420,22.519,1,0,2,0,1,0,0,0,2,2,2,2,2,0,2,1,1
184,2554.706,4380.424,-186.620,172.051,-0.989907,-0.135663,-0.040992,0.138224,-0.988068,-0.067940,-0.031286,-0.072920,0.996847,0,-0.15148,0.89081,8.473,0.465,15.039,466.031,-1,473.879,18.654,400.692,398.845,394.220,-1,-1,-1,-1,-1,665.594,-1,15.717,22.518,1,0,2,0,1,0,0,0,2,2,2,2,2,0,2,1,1
185,2546.903,4378.831,-186.044,172.501,-0.990984,-0.127900,-0.039910,0.130453,-0.988996,-0.069778,-0.030546,-0.074355,0.996764,0,-0.15183,0.88739,7.965,0.450,884.785,466.608,-1,477.511,18.654,401.809,400.862,393.072,-1,-1,-1,-1,-1,665.890,-1,-1,22.519,1,0,2,0,1,0,0,0,2,2,2,2,2,0,2,2,1
186,2539.629,4377.076,-185.777,172.932,-0.991978,-0.120446,-0.038363,0.122994,-0.989721,-0.072970,-0.029179,-0.077103,0.996596,0,-0.15218,0.88400,7.482,0.431,876.010,466.868,-1,482.365,18.510,403.075,403.269,389.787,-1,-1,-1,-1,-1,665.631,-1,-1,22.470,1,0,2,0,1,0,0,0,2,2,2,2,2,0,2,2,1
187,2532.822,4375.345,-185.843,173.326,-0.992841,-0.113626,-0.036815,0.116171,-0.990273,-0.076572,-0.027756,-0.080301,0.996384,0,-0.15252,0.88067,7.024,0.394,15.927,466.273,-1,487.218,17.696,403.790,405.217,385.366,-1,-1,-1,-1,-1,664.390,-1,16.230,22.253,1,0,2,0,1,0,0,0,2,2,2,2,2,0,2,1,1
188,2526.282,4374.031,-186.132,173.632,-0.993496,-0.108360,-0.034993,0.110883,-0.990547,-0.080761,-0.025911,-0.084115,0.996119,0,-0.15284,0.87764,6.671,0.305,19.961,465.418,-1,493.012,17.556,404.409,407.269,379.929,-1,-1,-1,-1,-1,663.042,-1,20.849,22.229,1,0,2,0,1,0,0,0,2,2,2,2,2,0,2,1,1
189,2520.003,4372.940,-186.588,173.902,-0.994049,-0.103728,-0.033287,0.106192,-0.990822,-0.083641,-0.024306,-0.086678,0.995940,0,-0.15305,0.87553,6.373,0.271,21.858,464.429,-1,497.052,17.821,404.570,408.482,375.699,-1,-1,-1,-1,-1,661.685,-1,22.349,22.279,1,0,2,0,1,0,0,0,2,2,2,2,2,0,2,1,1
190,2512.917,4371.798,-187.264,174.233,-0.994668,-0.098060,-0.031926,0.100447,-0.991336,-0.084633,-0.023350,-0.087388,0.995901,0,-0.15323,0.87377,7.177,0.331,22.193,462.805,-1,497.219,18.057,403.717,408.111,373.093,-1,-1,-1,-1,-1,659.632,-1,22.835,22.335,1,0,2,0,1,0,0,0,2,2,2,2,2,0,2,1,1
191,2508.524,4371.125,-187.717,174.451,-0.995046,-0.094327,-0.031406,0.096670,-0.991756,-0.084113,-0.023213,-0.086733,0.995961,0,-0.15346,0.87155,4.444,0.218,22.538,461.598,-1,495.616,18.137,402.722,407.062,372.659,-1,-1,-1,-1,-1,658.138,-1,23.239,22.357,1,0,2,0,1,0,0,0,2,2,2,2,2,0,2,1,1
192,2503.392,4370.375,-188.162,174.716,-0.995489,-0.089813,-0.030584,0.092072,-0.992294,-0.082920,-0.022901,-0.085362,0.996087,0,-0.15362,0.87005,5.186,0.265,21.808,460.831,-1,493.894,18.428,401.998,406.120,373.059,-1,-1,-1,-1,-1,657.633,-1,22.658,22.443,1,0,2,0,1,0,0,0,2,2,2,2,2,0,2,1,1
193,2498.700,4369.616,-188.437,174.977,-0.995910,-0.085374,-0.029572,0.087525,-0.992840,-0.081295,-0.022420,-0.083550,0.996251,0,-0.15381,0.86821,4.753,0.262,19.992,460.945,-1,492.731,18.692,401.944,405.732,374.294,-1,-1,-1,-1,-1,658.674,-1,20.914,22.532,1,0,2,0,1,0,0,0,2,2,2,2,2,0,2,1,1
194,2494.447,4368.777,-188.566,175.250,-0.996328,-0.080763,-0.028410,0.082792,-0.993391,-0.079499,-0.021802,-0.081559,0.996430,0,-0.15400,0.86632,4.335,0.272,17.801,461.783,-1,492.170,18.414,402.470,405.872,376.021,-1,-1,-1,-1,-1,660.907,-1,18.489,22.439,1,0,2,0,1,0,0,0,2,2,2,2,2,0,2,1,1
195,2490.501,4367.984,-188.588,175.501,-0.996703,-0.076536,-0.026943,0.078432,-0.993841,-0.078284,-0.020785,-0.080139,0.996567,0,-0.15422,0.86424,4.025,0.251,14.496,463.186,-1,493.034,17.972,403.639,406.850,377.417,-1,-1,-1,-1,-1,664.172,-1,14.882,22.314,1,0,2,0,1,0,0,0,2,2,2,2,2,0,2,1,1
196,2486.444,4367.163,-188.598,175.764,-0.997096,-0.072169,-0.024332,0.073847,-0.994284,-0.077104,-0.018628,-0.078677,0.996726,0,0.60265,0.75928,4.139,0.264,817.168,465.908,-1,496.162,17.739,406.291,409.391,378.976,-1,-1,-1,-1,-1,670.845,-1,-1,22.262,1,0,2,0,1,0,0,0,2,2,2,2,2,0,2,2,1
197,2481.752,4366.250,-188.685,176.078,-0.997553,-0.067084,-0.019700,0.068391,-0.994791,-0.075585,-0.014526,-0.076748,0.996945,0,0.60347,0.75725,4.780,0.314,811.935,471.189,-1,502.688,17.677,411.119,414.374,381.052,-1,-1,-1,-1,-1,683.484,-1,-1,22.249,1,0,2,0,1,0,0,0,2,2,2,2,2,0,2,2,1
198,2476.401,4365.270,-188.816,176.427,-0.998017,-0.061481,-0.013515,0.062313,-0.995339,-0.073606,-0.008926,-0.074302,0.997196,0,0.60444,0.75482,5.440,0.349,806.098,478.675,-1,511.904,18.159,417.433,420.751,383.753,-1,-1,-1,-1,-1,701.329,-1,-1,22.363,1,0,2,0,1,0,0,0,2,2,2,2,2,0,2,2,1
199,2470.587,4363.913,-189.007,176.895,-0.998527,-0.053808,-0.006930,0.054158,-0.996136,-0.069139,-0.003183,-0.069412,0.997583,0,0.60552,0.75215,5.970,0.468,799.508,487.566,-1,519.944,18.747,424.418,426.885,389.280,-1,-1,-1,991.885,-1,722.853,-1,-1,22.551,1,0,2,0,1,0,0,0,2,2,2,0,2,0,2,2,1
200,2464.323,4362.350,-189.227,177.418,-0.998981,-0.045136,0.000014,0.045046,-0.996987,-0.063150,0.002864,-0.063085,0.998004,0,0.60706,0.74832,6.457,0.523,792.498,497.726,-1,527.775,18.674,432.107,433.329,396.626,-1,-1,980.337,935.497,-1,755.217,-1,-1,22.525,1,0,2,0,1,0,0,0,2,2,0,0,2,0,2,2,1
201,2457.578,4360.630,-189.447,177.994,-0.999344,-0.035464,0.007377,0.034998,-0.997827,-0.055826,0.009341,-0.055531,0.998413,0,0.60880,0.74398,6.961,0.576,785.143,509.412,-1,535.729,18.653,440.368,440.360,405.738,-1,-1,929.904,880.383,-1,820.569,-1,-1,22.518,1,0,2,0,1,0,0,0,2,2,0,0,2,0,2,2,1
202,2450.466,4358.450,-189.684,178.706,-0.999616,-0.023295,0.014989,0.022581,-0.998679,-0.046150,0.016044,-0.045793,0.998822,0,0.61072,0.73918,7.438,0.712,777.320,523.185,-1,541.744,18.652,449.234,447.761,417.520,970.509,-1,881.763,825.146,-1,-1,-1,-1,22.518,1,0,2,0,1,0,0,0,0,2,0,0,2,2,2,2,1
203,2442.854,4355.882,-189.926,179.502,-0.999673,-0.009527,0.023724,0.008691,-0.999347,-0.035085,0.024043,-0.034868,0.999103,0,0.61320,0.73302,8.034,0.796,769.192,540.402,-1,549.795,18.648,460.302,457.203,431.062,921.844,-1,827.754,765.462,-1,-1,-1,-1,22.517,1,0,2,0,1,0,0,0,0,2,0,0,2,2,2,2,1
204,2434.765,4352.968,-190.034,-179.651,-0.999444,0.005288,0.032907,-0.006081,-0.999692,-0.024049,0.032770,-0.024236,0.999169,0,0.61600,0.72604,8.598,0.847,760.889,559.916,-1,560.135,18.564,472.975,467.829,445.115,861.089,-1,774.701,702.532,-1,-1,-1,-1,22.488,1,0,2,0,1,0,0,0,0,2,0,0,2,2,2,2,1
205,2426.323,4349.713,-189.754,-178.804,-0.998976,0.020218,0.040483,-0.020850,-0.999666,-0.015264,0.040161,-0.016092,0.999064,0,0.61899,0.71859,9.047,0.847,752.373,577.587,-1,571.163,18.418,484.138,477.310,456.918,811.593,-1,730.448,658.025,-1,-1,-1,-1,22.440,1,0,2,0,1,0,0,0,0,2,0,0,2,2,2,2,1
206,2417.611,4346.149,-189.053,-177.989,-0.998345,0.034552,0.045971,-0.035060,-0.999332,-0.010291,0.045585,-0.011885,0.998890,0,0.62198,0.71115,9.413,0.816,743.532,590.850,-1,582.122,18.433,492.555,484.745,464.061,446.670,-1,702.618,627.217,-1,-1,-1,-1,22.445,1,0,2,0,1,0,0,0,0,2,0,0,2,2,2,2,1
207,2408.836,4342.148,-188.055,-177.166,-0.997622,0.048899,0.048570,-0.049387,-0.998740,-0.008893,0.048074,-0.011271,0.998780,0,0.62484,0.70403,9.644,0.823,734.292,597.366,-1,589.522,18.681,496.935,489.048,466.383,449.863,-1,693.710,619.339,-1,-1,-1,-1,22.528,1,0,2,0,1,0,0,0,0,2,0,0,2,2,2,2,1
208,2400.045,4337.694,-187.032,-176.313,-0.996829,0.063692,0.047707,-0.064237,-0.997885,-0.009972,0.046971,-0.013005,0.998812,0,0.62776,0.69677,9.855,0.853,-1,595.753,-1,589.617,18.764,495.894,488.403,465.081,458.196,-1,704.196,632.779,-1,-1,-1,739.928,22.558,2,0,2,0,1,0,0,0,0,2,0,0,2,2,2,1,1
209,2391.011,4332.800,-186.289,-175.430,-0.995862,0.078977,0.044968,-0.079599,-0.996752,-0.012207,0.043858,-0.015736,0.998914,0,0.63082,0.68914,10.274,0.883,-1,589.127,-1,583.552,8.500,491.056,484.355,461.523,467.617,-1,723.876,657.013,-1,-1,-1,740.058,22.527,2,0,2,0,1,0,0,0,0,2,0,0,2,2,2,1,1
210,2381.611,4327.528,-186.013,-174.517,-0.994625,0.094785,0.041669,-0.095481,-0.995318,-0.015038,0.040048,-0.018936,0.999018,0,0.63402,0.68118,10.777,0.914,-1,579.880,-1,575.687,9.127,483.944,478.467,456.112,476.761,-1,745.515,683.656,-1,-1,-1,735.008,22.520,2,0,2,0,1,0,0,0,0,2,0,0,2,2,2,1,1
211,2371.811,4321.875,-186.280,-173.570,-0.993053,0.111164,0.038570,-0.111919,-0.993554,-0.018001,0.036320,-0.022193,0.999094,0,0.63733,0.67293,11.314,0.947,-1,568.411,-1,566.884,10.233,475.992,471.366,449.398,484.651,-1,764.353,707.465,-1,-1,-1,720.890,22.513,2,0,2,0,1,0,0,0,0,2,0,0,2,2,2,1,1
212,2361.633,4315.868,-187.104,-172.588,-0.991122,0.128136,0.035469,-0.128927,-0.991432,-0.021000,0.032474,-0.025387,0.999150,0,0.64077,0.66437,11.818,0.981,-1,556.724,-1,556.382,8.589,466.965,462.396,441.538,485.844,-1,781.473,729.464,-1,-1,-1,706.628,22.389,2,0,2,0,1,0,0,0,0,2,0,0,2,2,2,1,1
213,2350.397,4310.475,-188.322,-171.892,-0.989541,0.139970,0.034873,-0.140973,-0.989612,-0.028177,0.030567,-0.032798,0.998994,0,0.64434,0.65547,12.463,0.696,-1,544.444,-1,551.870,9.669,458.713,455.782,427.206,494.655,-1,786.703,741.207,-1,-1,-1,692.686,22.180,2,0,2,0,1,0,0,0,0,2,0,0,2,2,2,1,1
214,2338.406,4305.346,-189.871,-171.314,-0.988132,0.149754,0.034199,-0.150956,-0.987893,-0.035772,0.028428,-0.040510,0.998775,0,0.64663,0.64977,13.042,0.578,-1,530.451,-1,545.936,8.558,449.182,448.064,412.244,503.586,-1,793.572,754.401,-1,688.658,-1,678.660,22.262,2,0,2,0,1,0,0,0,0,2,0,0,2,1,2,1,1
215,2325.737,4300.452,-191.552,-170.821,-0.986880,0.158153,0.032501,-0.159470,-0.986268,-0.042953,0.025262,-0.047572,0.998548,0,0.64836,0.64547,13.581,0.493,-1,514.499,-1,536.069,15.815,437.901,438.434,398.096,510.830,-1,808.086,775.219,-1,677.813,-1,664.466,22.480,2,0,2,0,1,0,0,0,0,2,0,0,2,1,2,1,1
216,2312.419,4295.814,-193.156,-170.416,-0.985827,0.165126,0.029651,-0.166448,-0.984798,-0.049668,0.020999,-0.053899,0.998326,0,0.64966,0.64222,14.103,0.404,-1,497.120,-1,523.604,15.571,425.252,427.260,385.206,516.763,-1,832.603,804.092,-1,662.703,-1,650.097,22.657,2,0,2,0,1,0,0,0,0,2,0,0,2,1,2,1,1
217,2298.481,4291.275,-194.475,-170.045,-0.984813,0.171647,0.026096,-0.172847,-0.983455,-0.054222,0.016357,-0.057909,0.998188,0,0.65053,0.64007,14.658,0.371,13.267,481.095,-1,509.655,15.484,412.898,415.773,375.729,517.841,-1,864.581,838.467,-1,647.324,-1,24.116,22.735,1,0,2,0,1,0,0,0,0,2,0,0,2,1,2,1,1
218,2283.893,4286.789,-195.101,-169.665,-0.983686,0.178331,0.023652,-0.179389,-0.982249,-0.054832,0.013454,-0.058181,0.998215,0,0.65119,0.63842,15.262,0.380,13.270,471.545,-1,498.815,15.353,404.439,407.314,371.783,512.799,-1,891.735,865.775,-1,631.514,-1,32.699,22.869,1,0,2,0,1,0,0,0,0,2,0,0,2,1,2,1,1
219,2268.659,4282.318,-194.907,-169.287,-0.982483,0.184872,0.023421,-0.185880,-0.981156,-0.052738,0.013230,-0.056167,0.998334,0,0.65182,0.63685,15.877,0.378,13.300,469.280,-1,494.147,15.158,400.988,403.426,372.342,505.274,-1,906.154,879.424,-1,615.296,-1,34.692,23.113,1,0,2,0,1,0,0,0,0,2,0,0,2,1,2,1,1
220,2253.008,4277.903,-193.878,-168.962,-0.981379,0.190330,0.025863,-0.191432,-0.980209,-0.050443,0.015750,-0.054455,0.998392,0,0.39570,0.39411,16.262,0.324,13.386,473.047,-1,497.439,14.887,402.223,404.576,374.370,502.741,-1,906.040,879.742,-1,599.022,-1,34.226,23.569,1,0,2,0,1,0,0,0,0,2,0,0,2,1,2,1,1
221,2237.104,4273.644,-192.345,-168.705,-0.980443,0.194567,0.029580,-0.195827,-0.979449,-0.048279,0.019579,-0.053127,0.998396,0,0.39587,0.39341,16.465,0.257,13.443,481.389,-1,507.266,14.761,405.803,408.975,377.006,503.574,-1,900.280,875.215,-1,582.898,-1,31.861,23.838,1,0,2,0,1,0,0,0,0,2,0,0,2,1,2,1,1
222,2221.056,4269.445,-190.608,-168.480,-0.979581,0.198240,0.033499,-0.199651,-0.978788,-0.045969,0.023676,-0.051719,0.998381,0,0.39585,0.39350,16.588,0.225,13.467,493.209,-1,525.162,14.714,410.493,414.309,380.283,505.036,-1,894.618,868.944,-1,566.850,-1,28.065,23.948,1,0,2,0,1,0,0,0,0,2,0,0,2,1,2,1,1
223,2204.936,4265.192,-188.915,-168.261,-0.978715,0.201833,0.037165,-0.203376,-0.978117,-0.043878,0.027495,-0.050503,0.998345,0,0.39573,0.39400,16.671,0.219,13.485,504.464,-1,542.676,14.680,417.090,419.305,383.410,506.793,-1,890.946,864.664,-1,547.810,-1,21.829,24.033,1,0,2,0,1,0,0,0,0,2,0,0,2,1,2,1,1
224,2188.735,4260.895,-187.461,-168.052,-0.977874,0.205270,0.040339,-0.206922,-0.977446,-0.042221,0.030763,-0.049634,0.998294,0,0.39558,0.39460,16.761,0.209,11.475,513.881,-1,558.599,14.769,422.379,423.143,385.610,510.070,-1,888.245,863.198,-1,525.754,-1,10.656,23.819,1,0,2,0,1,0,0,0,0,2,0,0,2,1,2,1,1
225,2172.490,4256.464,-186.306,-167.828,-0.976973,0.208996,0.042949,-0.210727,-0.976697,-0.040715,0.033439,-0.048828,0.998247,0,0.39540,0.39535,16.838,0.224,9.130,521.636,-1,591.927,15.031,425.704,425.594,387.092,512.637,-1,887.108,864.016,-1,504.312,-1,8.565,23.309,1,0,2,0,1,0,0,0,0,2,0,0,2,1,2,1,1
226,2156.320,4251.716,-185.370,-167.541,-0.975844,0.213846,0.044695,-0.215599,-0.975706,-0.038925,0.035285,-0.047621,0.998242,0,0.39524,0.39598,16.853,0.287,13.289,521.705,-1,627.449,15.201,427.603,426.437,388.467,513.051,-1,890.515,868.479,-1,484.824,-1,21.764,23.057,1,1,2,0,1,0,0,0,0,2,0,0,2,1,2,1,1
227,2140.811,4246.795,-184.266,-167.262,-0.974670,0.218400,0.048158,-0.220334,-0.974633,-0.039299,0.038353,-0.048914,0.998066,0,0.39525,0.39594,16.271,0.280,13.342,508.213,-1,697.083,15.010,431.428,435.537,386.911,523.136,-1,884.496,866.599,-1,517.492,-1,31.458,23.342,1,1,2,0,1,0,0,0,0,2,0,0,2,1,2,1,1
228,2127.114,4241.804,-181.833,-166.925,-0.972936,0.223428,0.058952,-0.225968,-0.973288,-0.040594,0.048307,-0.052817,0.997435,0,0.39528,0.39583,14.578,0.337,13.449,492.617,-1,899.090,14.752,453.407,464.832,385.690,550.933,-1,835.036,827.604,-1,522.270,-1,36.646,23.859,1,1,2,0,1,0,0,0,0,2,0,0,2,1,2,1,1
229,2114.492,4236.378,-177.981,-166.450,-0.970001,0.230236,0.078033,-0.233771,-0.971486,-0.039562,0.066699,-0.056617,0.996166,0,0.39555,0.39473,13.739,0.475,13.736,477.571,-1,-1,14.298,508.445,524.770,388.200,586.763,-1,744.325,749.849,-1,509.547,-1,29.730,25.327,1,1,2,2,1,0,0,0,0,2,0,0,2,1,2,1,1
230,2102.210,4230.785,-173.250,-165.947,-0.966191,0.237141,0.101185,-0.241840,-0.969617,-0.036837,0.089375,-0.060062,0.994185,0,0.39623,0.39195,13.496,0.503,14.562,463.175,-1,-1,13.547,614.520,694.752,393.184,636.655,-1,649.279,669.284,-1,498.402,-1,24.365,33.340,1,1,2,2,1,0,0,0,0,2,0,0,2,1,2,1,1
231,2090.021,4225.620,-168.294,-165.563,-0.962486,0.241938,0.122828,-0.247792,-0.968194,-0.034631,0.110543,-0.063768,0.991824,0,0.39699,0.38880,13.239,0.385,16.112,437.057,-1,-1,13.522,789.801,945.977,398.098,697.728,-1,577.203,607.197,-1,491.663,-1,22.329,26.074,1,1,2,2,1,0,0,0,0,2,0,0,2,1,2,1,1
232,2078.027,4220.666,-163.673,-165.207,-0.959024,0.246705,0.139321,-0.253258,-0.966897,-0.031168,0.127020,-0.065175,0.989757,0,0.39745,0.38691,12.977,0.356,-1,426.380,-1,-1,-1,954.410,-1,404.547,755.711,921.792,536.645,569.874,-1,484.459,-1,423.525,-1,2,1,2,2,2,0,2,0,0,0,0,0,2,1,2,1,2
233,2066.198,4215.739,-159.645,-164.828,-0.955806,0.252451,0.150678,-0.259193,-0.965459,-0.026593,0.138760,-0.064472,0.988225,0,0.39784,0.38533,12.814,0.380,-1,457.819,-1,-1,-1,-1,-1,412.055,794.492,880.906,513.375,547.386,-1,474.507,-1,412.790,-1,2,1,2,2,2,2,2,0,0,0,0,0,2,1,2,1,2
234,2054.507,4210.851,-156.314,-164.427,-0.952898,0.259033,0.157757,-0.265561,-0.963856,-0.021442,0.146501,-0.062327,0.987245,0,0.39828,0.38351,12.672,0.400,-1,445.760,-1,-1,-1,-1,-1,419.758,815.169,868.991,504.305,538.767,-1,462.248,-1,401.977,-1,2,1,2,2,2,2,2,0,0,0,0,0,2,1,2,1,2
235,2042.908,4205.952,-153.825,-164.008,-0.950238,0.266375,0.161529,-0.272328,-0.962080,-0.015494,0.151277,-0.058712,0.986746,0,0.39878,0.38147,12.591,0.419,-1,431.832,-1,-1,-1,-1,-1,427.525,816.628,877.101,503.672,537.398,-1,448.205,-1,391.097,-1,2,1,2,2,2,2,2,0,0,0,0,0,2,1,2,1,2
236,2031.319,4201.035,-152.279,-163.590,-0.947811,0.273867,0.163255,-0.279140,-0.960200,-0.009832,0.154064,-0.054889,0.986535,0,0.39932,0.37924,12.588,0.418,-1,417.023,-1,-1,-1,-1,-1,433.679,808.660,891.736,506.433,538.933,-1,433.203,-1,380.063,-1,2,1,2,2,2,2,2,0,0,0,0,0,2,1,2,1,2
237,2019.718,4196.075,-151.718,-163.183,-0.945623,0.281175,0.163517,-0.285802,-0.958275,-0.005004,0.155287,-0.051465,0.986528,0,0.39986,0.37704,12.617,0.407,-1,401.738,-1,-1,-1,-1,-1,437.336,795.970,907.166,510.251,541.857,-1,417.581,-1,368.817,-1,2,1,2,2,2,2,2,0,0,0,0,0,2,1,2,1,2
238,2008.118,4191.071,-152.103,-162.797,-0.943760,0.288072,0.162270,-0.292200,-0.956356,-0.001648,0.154713,-0.048971,0.986745,0,0.40036,0.37498,12.633,0.386,-1,386.061,-1,-1,-1,-1,-1,437.805,774.956,922.355,515.914,545.076,-1,401.354,-1,357.284,-1,2,1,2,2,2,2,2,0,0,0,0,0,2,1,2,1,2
239,1996.551,4186.021,-153.361,-162.438,-0.942329,0.294411,0.159177,-0.298245,-0.954489,-0.000207,0.151872,-0.047669,0.987250,0,0.40081,0.37313,12.622,0.359,-1,369.952,-1,-1,-1,-1,-1,434.784,752.890,939.488,524.884,553.850,-1,384.462,-1,345.397,-1,2,1,2,2,2,2,2,0,0,0,0,0,2,1,2,1,2
240,1985.043,4180.927,-155.418,-162.108,-0.941408,0.300168,0.153784,-0.303915,-0.952699,-0.000898,0.146240,-0.047583,0.988104,0,0.40119,0.37156,12.585,0.329,-1,353.293,-1,-1,-1,-1,-1,428.337,732.570,962.216,541.597,571.501,-1,366.797,-1,333.128,-1,2,1,2,2,2,2,2,0,0,0,0,0,2,1,2,1,2
241,1973.626,4175.802,-158.200,-161.805,-0.941006,0.305502,0.145518,-0.309298,-0.950958,-0.003653,0.137265,-0.048446,0.989349,0,0.40150,0.37030,12.515,0.303,-1,335.876,-1,-1,-1,-1,-1,419.377,711.880,997.907,567.897,601.241,-1,348.195,-1,320.513,-1,2,1,2,2,2,2,2,0,0,0,0,0,2,1,2,1,2
242,1962.336,4170.714,-161.618,-161.541,-0.941190,0.310235,0.133847,-0.314172,-0.949325,-0.008826,0.124326,-0.050358,0.990963,0,0.40175,0.36929,12.384,0.264,-1,302.867,-1,-1,-1,962.514,-1,407.632,689.525,-1,609.898,644.455,-1,328.941,-1,307.592,-1,2,1,2,2,2,0,2,0,0,2,0,0,2,1,2,1,2
243,1950.962,4165.834,-165.688,-161.375,-0.942044,0.313352,0.119850,-0.317492,-0.948114,-0.016666,0.108409,-0.053752,0.992652,0,0.40190,0.36867,12.376,0.166,-1,268.584,-1,-1,-1,862.333,991.177,392.686,669.456,-1,668.362,704.195,-1,310.988,-1,294.328,-1,2,1,2,2,2,0,0,0,0,2,0,0,2,1,2,1,2
244,1939.373,4160.756,-170.422,-161.213,-0.942820,0.316682,0.103937,-0.320714,-0.946865,-0.024250,0.090735,-0.056197,0.994288,0,0.75193,0.41252,12.652,0.161,13.273,256.124,-1,-1,-1,757.008,875.758,377.450,640.659,-1,742.841,776.427,-1,292.541,-1,25.899,13.670,1,1,2,2,2,0,0,0,0,2,0,0,2,1,2,1,1
245,1927.139,4155.397,-174.452,-161.041,-0.942734,0.319901,0.094428,-0.323854,-0.945644,-0.029608,0.079824,-0.058493,0.995091,0,0.75169,0.41306,13.356,0.172,13.298,245.142,-1,-1,15.163,693.401,803.278,364.155,619.229,-1,789.533,822.504,-1,276.661,-1,45.896,23.109,1,1,2,2,1,0,0,0,0,2,0,0,2,1,2,1,1
246,1914.179,4149.555,-176.488,-160.800,-0.941337,0.323613,0.095709,-0.327811,-0.944216,-0.031551,0.080159,-0.061075,0.994909,0,0.75142,0.41365,14.216,0.241,13.284,228.113,-1,-1,15.246,691.691,804.799,355.274,616.029,-1,783.527,820.316,-1,263.661,-1,50.990,22.996,1,1,2,2,1,0,0,0,0,2,0,0,2,1,2,1,1
247,1900.529,4143.000,-176.436,-160.450,-0.938622,0.328677,0.104688,-0.333307,-0.942347,-0.029819,0.088852,-0.062882,0.994058,0,0.75140,0.41368,15.142,0.350,13.268,210.591,-1,-1,15.463,736.643,854.559,351.869,624.905,-1,739.478,784.587,-1,251.591,-1,48.786,22.756,1,1,2,2,1,0,0,0,0,2,0,0,2,1,2,1,1
248,1886.476,4135.827,-174.630,-160.005,-0.935005,0.335189,0.115817,-0.340225,-0.939977,-0.026267,0.100061,-0.063964,0.992923,0,0.75184,0.41272,15.777,0.445,13.267,216.417,-1,-1,15.463,793.873,920.299,352.786,648.998,-1,693.171,742.508,-1,238.832,-1,43.793,22.756,1,1,2,2,1,0,0,0,0,2,0,0,2,1,2,1,1
249,1872.049,4128.286,-171.745,-159.542,-0.931300,0.342282,0.124592,-0.347429,-0.937459,-0.021552,0.109423,-0.063358,0.991974,0,0.75270,0.41084,16.279,0.463,13.270,220.222,-1,-1,15.359,849.033,971.687,357.424,665.232,1001.655,667.144,718.032,-1,225.867,-1,36.401,22.863,1,1,2,2,1,0,0,0,0,0,0,0,2,1,2,1,1
250,1857.297,4120.736,-168.505,-159.115,-0.928191,0.349215,0.128494,-0.354159,-0.935028,-0.017126,0.114165,-0.061403,0.991562,0,0.75360,0.40886,16.572,0.426,13.280,207.642,-1,-1,-1,881.756,1004.167,363.879,671.117,1004.593,664.463,713.116,-1,213.055,-1,26.660,-1,1,1,2,2,2,0,0,0,0,0,0,0,2,1,2,1,2
251,1842.130,4113.424,-165.343,-158.797,-0.926128,0.354622,0.128571,-0.359285,-0.933118,-0.014304,0.114899,-0.059441,0.991597,0,0.75428,0.40738,16.837,0.319,-1,196.466,-1,-1,-1,897.823,-1,370.570,675.156,-1,685.214,732.358,-1,201.640,-1,182.625,-1,2,1,2,2,2,0,2,0,0,2,0,0,2,1,2,1,2
252,1827.040,4107.008,-162.438,-158.665,-0.925514,0.357060,0.126222,-0.361499,-0.932276,-0.013420,0.112882,-0.058050,0.991911,0,0.75435,0.40721,16.398,0.132,14.166,188.918,-1,-1,-1,902.145,-1,376.402,682.632,-1,721.009,767.582,-1,193.914,-1,25.981,-1,1,1,2,2,2,0,2,0,0,2,0,0,2,1,2,1,2
253,1815.824,4101.087,-159.457,-158.012,-0.921452,0.369373,0.120374,-0.372062,-0.928208,0.000145,0.111786,-0.044653,0.992729,0,0.75348,0.40912,12.682,0.653,14.800,176.120,-1,-1,13.424,904.633,-1,396.469,614.293,-1,753.422,792.568,-1,181.361,-1,23.749,28.551,1,1,2,2,1,0,2,0,0,2,0,0,2,1,2,1,1
254,1809.145,4095.520,-156.022,-156.775,-0.913051,0.392467,0.110939,-0.391810,-0.919602,0.028584,0.113238,-0.017368,0.993416,0,0.75545,0.40480,8.696,1.237,16.112,159.020,-1,-1,-1,914.137,1003.863,438.350,524.913,-1,776.974,799.553,-1,164.827,-1,22.330,-1,1,1,2,2,2,0,0,0,0,2,0,0,2,1,2,1,2
255,1805.910,4093.268,-151.833,-156.032,-0.907785,0.406725,0.102473,-0.403563,-0.913538,0.050845,0.114293,0.004802,0.993435,0,0.76068,0.39333,3.941,0.743,16.959,153.250,-1,-1,15.254,929.524,1005.304,481.576,483.306,-1,801.901,812.756,-1,159.695,-1,22.179,16.439,1,1,2,2,1,0,0,0,0,2,0,0,2,1,2,1,1
256,2769.941,7630.487,135.652,-87.514,0.043305,0.999043,0.006171,-0.997498,0.043582,-0.055669,-0.055884,-0.003744,0.998430,1,0.76382,0.38644,0.000,0.000,14.209,729.952,-1,953.899,-1,611.231,634.415,540.798,578.175,-1,-1,-1,-1,-1,-1,25.749,-1,1,0,2,0,2,0,0,0,0,2,2,2,2,2,2,1,2
257,2769.850,7627.909,139.505,-87.545,0.042786,0.999065,0.006229,-0.997783,0.043047,-0.050751,-0.050972,-0.004044,0.998692,0,0.59208,-1.00000,2.580,-0.030,14.161,756.594,-1,992.866,-1,634.174,659.188,553.852,590.405,-1,-1,-1,-1,-1,-1,26.011,-1,1,0,2,0,2,0,0,0,0,2,2,2,2,2,2,1,2
258,2769.886,7624.868,142.495,-87.580,0.042183,0.999075,0.008336,-0.998031,0.042523,-0.046114,-0.046425,-0.006375,0.998901,0,0.59200,-1.00000,3.042,-0.035,-1,778.327,-1,-1,-1,654.345,681.808,558.892,604.823,-1,-1,-1,-1,-1,-1,-1,-1,2,0,2,2,2,0,0,0,0,2,2,2,2,2,2,2,2
259,2770.083,7621.380,144.416,-87.614,0.041588,0.999067,0.011610,-0.998259,0.042035,-0.041373,-0.041823,-0.009869,0.999076,0,0.59190,-1.00000,3.493,-0.035,-1,795.087,-1,-1,-1,672.114,702.504,557.531,619.330,-1,-1,-1,-1,-1,-1,-1,-1,2,0,2,2,2,0,0,0,0,2,2,2,2,2,2,2,2
260,2770.364,7617.406,145.214,-87.660,0.040798,0.999041,0.015918,-0.998494,0.041350,-0.036058,-0.036681,-0.014423,0.999223,0,0.59175,-1.00000,3.984,-0.046,-1,808.028,-1,-1,-1,688.516,722.177,550.150,633.678,-1,-1,-1,-1,-1,-1,-1,-1,2,0,2,2,2,0,0,0,0,2,2,2,2,2,2,2,2
261,2770.612,7612.979,144.992,-87.747,0.039288,0.999002,0.021244,-0.998726,0.039933,-0.030834,-0.031652,-0.020005,0.999299,0,0.59161,-1.00000,4.433,-0.087,-1,819.180,-1,-1,-1,701.900,738.819,537.437,647.929,-1,-1,975.319,-1,-1,-1,-1,-1,2,0,2,2,2,0,0,0,0,2,2,0,2,2,2,2,2
262,2770.791,7608.121,144.027,-87.877,0.037036,0.998969,0.026258,-0.998908,0.037757,-0.027534,-0.028497,-0.025209,0.999276,0,0.59162,-1.00000,4.862,-0.129,-1,822.527,-1,-1,-1,708.733,746.575,523.651,659.374,-1,992.894,951.478,-1,-1,-1,-1,-1,2,0,2,2,2,0,0,0,0,2,0,0,2,2,2,2,2
263,2770.829,7602.886,142.493,-88.041,0.034164,0.998961,0.030156,-0.999011,0.034995,-0.027446,-0.028473,-0.029189,0.999168,0,0.59179,-1.00000,5.235,-0.165,-1,815.165,-1,-1,-1,705.870,744.952,510.900,665.981,-1,988.771,950.858,-1,-1,-1,-1,-1,2,0,2,2,2,0,0,0,0,2,0,0,2,2,2,2,2
264,2770.681,7597.329,140.487,-88.236,0.030769,0.998998,0.032499,-0.999007,0.031785,-0.031227,-0.032229,-0.031505,0.998984,0,0.59210,-1.00000,5.559,-0.195,-1,796.175,-1,-1,-1,691.910,732.457,500.136,666.667,-1,-1,979.194,-1,-1,-1,-1,-1,2,0,2,2,2,0,0,0,0,2,2,0,2,2,2,2,2
265,2770.369,7591.413,138.225,-88.443,0.027150,0.999130,0.031665,-0.998867,0.028355,-0.038222,-0.039087,-0.030592,0.998767,0,0.59252,-1.00000,5.924,-0.207,8.173,773.385,-1,-1,-1,670.077,710.766,495.247,658.462,-1,-1,-1,-1,-1,-1,22.429,-1,1,0,2,2,2,0,0,0,0,2,2,2,2,2,2,1,2
266,2769.778,7585.011,135.949,-88.625,0.023965,0.999337,0.027395,-0.998566,0.025241,-0.047204,-0.047864,-0.026224,0.998510,0,0.59297,-1.00000,6.430,-0.182,15.706,749.052,-1,-1,-1,644.336,681.370,497.491,642.346,-1,-1,-1,-1,-1,-1,22.552,-1,1,0,2,2,2,0,0,0,0,2,2,2,2,2,2,1,2
267,2768.935,7577.945,133.759,-88.791,0.021067,0.999574,0.020209,-0.998152,0.022181,-0.056580,-0.057005,-0.018980,0.998194,0,0.59327,-1.00000,7.116,-0.166,15.499,726.566,-1,1006.695,-1,619.810,651.952,506.498,620.840,-1,-1,-1,-1,-1,-1,22.722,-1,1,0,2,0,2,0,0,0,0,2,2,2,2,2,2,1,2
268,2767.759,7570.143,131.754,-88.979,0.017776,0.999776,0.011480,-0.997712,0.018486,-0.065033,-0.065231,-0.010298,0.997817,0,0.59345,-0.99962,7.890,-0.188,15.533,707.994,-1,951.411,-1,599.581,626.755,520.116,597.919,-1,-1,-1,-1,-1,-1,22.690,-1,1,0,2,0,2,0,0,0,0,2,2,2,2,2,2,1,2
269,2766.344,7561.536,129.972,-89.191,0.014081,0.999898,0.002465,-0.997294,0.014222,-0.072123,-0.072151,-0.001443,0.997393,0,0.59367,-0.99913,8.722,-0.212,15.454,694.595,-1,908.063,-1,584.018,606.993,536.814,576.543,-1,-1,-1,-1,-1,-1,22.763,-1,1,0,2,0,2,0,0,0,0,2,2,2,2,2,2,1,2
270,2764.806,7551.996,128.590,-89.426,0.009990,0.999940,-0.004467,-0.996998,0.009618,-0.076828,-0.076780,0.005221,0.997034,0,0.59394,-0.99855,9.664,-0.235,15.450,687.256,-1,874.378,13.268,574.931,595.255,551.345,560.382,-1,-1,-1,-1,-1,-1,22.767,23.906,1,0,2,0,1,0,0,0,0,2,2,2,2,2,2,1,1
271,2763.234,7541.550,127.633,-89.699,0.005229,0.999954,-0.008005,-0.996828,0.004577,-0.079455,-0.079415,0.008395,0.996806,0,0.59423,-0.99791,10.563,-0.274,15.568,684.001,-1,861.911,13.274,571.139,590.707,559.428,553.492,-1,-1,-1,-1,-1,-1,22.661,26.947,1,0,2,0,1,0,0,0,0,2,2,2,2,2,2,1,1
272,2761.702,7530.272,127.036,-90.004,-0.000062,0.999960,-0.008954,-0.996752,-0.000783,-0.080525,-0.080528,0.008920,0.996712,0,0.59463,-0.99705,11.382,-0.304,15.614,682.435,-1,865.057,13.282,571.392,591.612,562.217,553.461,-1,-1,-1,-1,-1,-1,22.621,25.143,1,0,2,0,1,0,0,0,0,2,2,2,2,2,2,1,1
273,2760.238,7518.298,126.663,-90.333,-0.005794,0.999949,-0.008233,-0.996685,-0.006443,-0.081098,-0.081147,0.007736,0.996672,0,0.59508,-0.99606,12.063,-0.330,15.662,681.006,-1,875.635,13.290,573.212,594.925,561.476,557.754,-1,-1,-1,-1,-1,-1,22.585,19.586,1,0,2,0,1,0,0,0,0,2,2,2,2,2,2,1,1
274,2758.759,7505.839,126.445,-90.684,-0.011891,0.999909,-0.006425,-0.996465,-0.012384,-0.083092,-0.083164,0.005415,0.996521,0,0.59558,-0.99496,12.547,-0.351,15.737,675.720,-1,881.998,-1,572.372,595.879,558.193,564.747,-1,-1,-1,-1,-1,-1,22.531,-1,1,0,2,0,2,0,0,0,0,2,2,2,2,2,2,1,2
275,2757.167,7492.826,126.141,-91.055,-0.018339,0.999823,-0.004223,-0.996122,-0.018634,-0.085982,-0.086046,0.002630,0.996288,0,0.59614,-0.99376,13.110,-0.371,15.770,668.048,-1,884.726,-1,569.871,594.972,553.530,572.535,-1,-1,-1,-1,-1,-1,22.509,-1,1,0,2,0,2,0,0,0,0,2,2,2,2,2,2,1,2
276,2755.446,7479.215,125.571,-91.443,-0.025081,0.999682,-0.002671,-0.995724,-0.025219,-0.088864,-0.088903,0.000430,0.996040,0,0.59674,-0.99245,13.720,-0.388,15.628,660.389,-1,885.905,-1,567.264,593.580,549.986,578.567,-1,-1,-1,-1,-1,-1,22.611,-1,1,0,2,0,2,0,0,0,0,2,2,2,2,2,2,1,2
277,2753.599,7465.129,124.686,-91.832,-0.031838,0.999490,-0.002393,-0.995239,-0.031923,-0.092085,-0.092115,-0.000550,0.995748,0,0.47300,-1.00000,14.206,-0.389,15.669,652.174,-1,882.245,-1,563.514,590.492,549.592,581.284,-1,-1,-1,-1,-1,-1,22.580,-1,1,0,2,0,2,0,0,0,0,2,2,2,2,2,2,1,2
278,2751.494,7450.776,123.588,-92.228,-0.038688,0.999246,-0.003245,-0.994601,-0.038821,-0.096233,-0.096287,-0.000496,0.995354,0,0.47346,-1.00000,14.507,-0.395,15.629,642.214,-1,872.807,-1,557.595,584.627,550.901,581.142,-1,-1,-1,-1,-1,-1,22.609,-1,1,0,2,0,2,0,0,0,0,2,2,2,2,2,2,1,2
279,2749.211,7436.113,122.211,-92.614,-0.045369,0.998956,-0.005256,-0.993808,-0.045669,-0.101293,-0.101427,0.000628,0.994843,0,0.47393,-1.00000,14.840,-0.386,15.476,630.412,-1,855.261,-1,549.392,575.925,553.900,578.014,-1,-1,-1,-1,-1,-1,22.744,-1,1,0,2,0,2,0,0,0,0,2,2,2,2,2,2,1,2
280,2746.821,7421.099,120.499,-92.986,-0.051787,0.998623,-0.008411,-0.992901,-0.052390,-0.106785,-0.107079,0.002821,0.994247,0,0.47434,-1.00000,15.203,-0.372,15.429,617.907,-1,832.398,-1,539.326,565.359,558.528,571.934,-1,-1,-1,-1,-1,-1,22.789,-1,1,0,2,0,2,0,0,0,0,2,2,2,2,2,2,1,2
281,2744.261,7405.698,118.639,-93.348,-0.058031,0.998245,-0.011781,-0.991939,-0.058988,-0.112149,-0.112647,0.005178,0.993622,0,0.47468,-1.00000,15.612,-0.362,15.450,605.644,-1,810.499,-1,529.103,554.945,563.252,566.041,-1,-1,-1,-1,-1,-1,22.768,-1,1,0,2,0,2,0,0,0,0,2,2,2,2,2,2,1,2
282,2741.483,7389.860,116.796,-93.723,-0.064492,0.997810,-0.014684,-0.991023,-0.065766,-0.116397,-0.117107,0.007045,0.993094,0,0.47495,-1.00000,16.079,-0.375,15.456,595.486,-1,796.572,13.268,521.019,547.361,567.228,561.762,-1,-1,-1,-1,-1,-1,22.763,23.556,1,0,2,0,1,0,0,0,0,2,2,2,2,2,2,1,1
283,2738.567,7373.583,115.088,-94.114,-0.071224,0.997328,-0.016258,-0.990146,-0.072662,-0.119714,-0.120575,0.007572,0.992675,0,0.47523,-1.00000,16.536,-0.391,15.420,586.887,-1,791.251,13.267,514.894,542.687,568.601,560.819,-1,-1,-1,-1,-1,-1,22.799,26.235,1,0,2,0,1,0,0,0,0,2,2,2,2,2,2,1,1
284,2735.542,7356.838,113.488,-94.505,-0.077959,0.996808,-0.017234,-0.989363,-0.079483,-0.121831,-0.122811,0.007553,0.992401,0,0.47554,-1.00000,17.016,-0.391,15.382,580.717,-1,793.505,13.269,511.081,541.049,569.134,561.624,-1,-1,-1,-1,-1,-1,22.838,25.770,1,0,2,0,1,0,0,0,0,2,2,2,2,2,2,1,1
285,2732.342,7339.686,111.925,-94.910,-0.084929,0.996220,-0.018255,-0.988598,-0.086537,-0.123226,-0.124340,0.007581,0.992211,0,0.47580,-1.00000,17.448,-0.405,15.332,868.888,-1,799.438,13.272,508.639,541.335,570.159,562.010,-1,-1,-1,-1,-1,-1,22.893,24.504,1,0,2,0,1,0,0,0,0,2,2,2,2,2,2,1,1
286,2729.053,7322.182,110.352,-95.304,-0.091703,0.995597,-0.019418,-0.987758,-0.093418,-0.124929,-0.126193,0.007724,0.991976,0,0.47609,-1.00000,17.810,-0.394,15.339,882.422,-1,803.795,13.272,505.699,542.212,571.464,562.093,-1,-1,-1,-1,-1,-1,22.886,23.226,1,0,2,0,1,0,0,0,0,2,2,2,2,2,2,1,1
287,2725.629,7304.407,108.740,-95.697,-0.098435,0.994937,-0.020258,-0.986742,-0.100223,-0.127657,-0.129041,0.007424,0.991611,0,0.47631,-1.00000,18.102,-0.393,15.415,890.138,-1,804.272,13.267,501.061,541.198,571.422,563.048,-1,-1,-1,-1,-1,-1,22.804,21.835,1,0,2,0,1,0,0,0,0,2,2,2,2,2,2,1,1
288,2721.971,7286.375,107.029,-96.108,-0.105468,0.994201,-0.021017,-0.985539,-0.107322,-0.131127,-0.132622,0.006884,0.991143,0,0.47649,-1.00000,18.400,-0.411,15.481,893.886,-1,801.802,13.269,495.144,538.463,570.916,564.174,-1,-1,-1,-1,-1,-1,22.737,21.117,1,0,2,0,1,0,0,0,0,2,2,2,2,2,2,1,1
289,2718.069,7267.988,105.042,-96.545,-0.112924,0.993378,-0.021196,-0.984305,-0.114753,-0.134073,-0.135617,0.005724,0.990745,0,0.47673,-1.00000,18.797,-0.436,15.486,899.303,-1,802.421,13.269,489.684,534.795,567.875,565.986,-1,-1,-1,-1,-1,-1,22.733,20.011,1,0,2,0,1,0,0,0,0,2,2,2,2,2,2,1,1
290,2713.938,7249.294,102.814,-97.009,-0.120848,0.992452,-0.020868,-0.983008,-0.122571,-0.136642,-0.138168,0.004001,0.990401,0,0.47702,-1.00000,19.145,-0.464,15.472,905.861,-1,805.306,8.398,488.021,531.722,562.759,568.413,-1,-1,-1,-1,-1,-1,22.747,8.004,1,0,2,0,1,0,0,0,0,2,2,2,2,2,2,1,1
291,2709.465,7230.329,100.361,-97.513,-0.129463,0.991378,-0.020241,-0.981632,-0.131022,-0.138680,-0.140137,0.001915,0.990130,0,0.47739,-1.00000,19.485,-0.505,15.747,914.636,-1,809.703,-1,504.553,529.538,556.289,571.873,-1,-1,-1,-1,-1,-1,22.524,-1,1,0,2,0,2,0,0,0,0,2,2,2,2,2,2,1,2
292,2704.555,7211.122,97.650,-98.073,-0.139014,0.990090,-0.019902,-0.980131,-0.140432,-0.140080,-0.141487,0.000033,0.989940,0,0.47788,-1.00000,19.825,-0.559,15.937,926.699,-1,816.659,-1,519.599,528.199,549.915,574.312,-1,-1,-1,-1,-1,-1,22.410,-1,1,0,2,0,2,0,0,0,0,2,2,2,2,2,2,1,2
293,2699.181,7191.708,94.760,-98.683,-0.149433,0.988568,-0.020053,-0.978460,-0.150766,-0.141015,-0.142427,-0.001451,0.989804,0,0.47855,-1.00000,20.144,-0.611,15.905,942.489,-1,825.436,8.431,532.664,527.463,544.556,575.187,-1,-1,-1,-1,-1,-1,22.428,8.152,1,0,2,0,1,0,0,0,0,2,2,2,2,2,2,1,1
294,2693.472,7172.009,91.760,-99.295,-0.159866,0.986920,-0.020798,-0.976758,-0.161197,-0.141280,-0.142785,-0.002271,0.989751,0,0.47940,-1.00000,20.510,-0.612,15.801,962.648,-1,835.631,13.334,765.522,527.488,540.611,574.496,-1,-1,-1,-1,-1,-1,22.489,18.687,1,0,2,0,1,0,0,0,0,2,2,2,2,2,2,1,1
295,2687.318,7152.121,88.675,-99.940,-0.170839,0.985070,-0.021216,-0.974854,-0.172116,-0.141547,-0.143086,-0.003499,0.989704,0,0.48022,-1.00000,20.818,-0.645,16.719,982.087,-1,847.547,8.402,782.294,527.785,535.527,574.375,-1,-1,-1,-1,-1,-1,22.189,8.332,1,0,2,0,1,0,0,0,0,2,2,2,2,2,2,1,1
296,2680.251,7132.488,85.615,-100.727,-0.184193,0.982679,-0.020365,-0.972295,-0.185203,-0.142627,-0.143928,-0.006470,0.989567,0,0.36646,-0.62046,20.866,-0.787,16.697,998.612,-1,863.640,-1,790.233,791.539,527.282,577.095,-1,-1,-1,-1,-1,-1,22.192,-1,1,0,2,0,2,0,0,0,0,2,2,2,2,2,2,1,2
297,2672.767,7112.965,82.549,-101.544,-0.198000,0.979981,-0.020800,-0.969351,-0.198913,-0.144199,-0.145449,-0.008389,0.989330,0,0.36758,-0.61644,20.909,-0.817,16.743,-1,-1,866.078,-1,795.792,791.046,522.615,577.132,-1,-1,-1,-1,-1,-1,22.187,-1,1,2,2,0,2,0,0,0,0,2,2,2,2,2,2,1,2
298,2664.934,7093.470,79.522,-102.355,-0.211642,0.977078,-0.022937,-0.966198,-0.212705,-0.145668,-0.147207,-0.008667,0.989068,0,0.36878,-0.61210,21.010,-0.811,16.850,-1,-1,863.433,12.966,800.870,789.229,521.254,573.666,-1,-1,-1,-1,-1,-1,22.181,12.903,1,2,2,0,1,0,0,0,0,2,2,2,2,2,2,1,1
299,2656.547,7074.074,76.615,-103.182,-0.225524,0.973910,-0.025261,-0.962914,-0.226769,-0.146195,-0.148109,-0.008646,0.988933,0,0.36996,-0.60784,21.132,-0.826,16.742,-1,-1,863.688,14.527,809.316,787.429,520.998,570.017,-1,-1,-1,-1,-1,-1,22.188,21.116,1,2,2,0,1,0,0,0,0,2,2,2,2,2,2,1,1
300,2647.809,7054.609,73.732,-103.987,-0.239060,0.970605,-0.027846,-0.959715,-0.240544,-0.145210,-0.147640,-0.007990,0.989009,0,0.37119,-0.60341,21.336,-0.806,16.681,-1,-1,867.539,14.370,820.517,784.167,522.245,565.609,-1,-1,-1,-1,-1,-1,22.193,20.392,1,2,2,0,1,0,0,0,0,2,2,2,2,2,2,1,1
301,2638.579,7035.291,70.927,-104.801,-0.252713,0.967072,-0.030125,-0.956407,-0.254394,-0.143423,-0.146364,-0.007433,0.989203,0,0.37234,-0.59922,21.410,-0.814,16.671,-1,-1,874.458,14.347,826.440,783.262,523.413,561.792,-1,-1,-1,-1,-1,-1,22.194,18.050,1,2,2,0,1,0,0,0,0,2,2,2,2,2,2,1,1
302,2629.176,7015.944,68.008,-105.604,-0.266136,0.963396,-0.032243,-0.952926,-0.267990,-0.141820,-0.145270,-0.007018,0.989367,0,0.37353,-0.59494,21.511,-0.803,16.620,-1,-1,877.014,14.241,831.512,781.361,523.928,558.719,-1,-1,-1,-1,-1,-1,22.200,14.871,1,2,2,0,1,0,0,0,0,2,2,2,2,2,2,1,1
303,2619.504,6996.707,64.936,-106.438,-0.279976,0.959412,-0.033778,-0.948926,-0.281904,-0.141667,-0.145439,-0.007611,0.989338,0,0.37467,-0.59081,21.532,-0.834,16.635,-1,-1,875.423,-1,832.354,757.296,521.827,557.710,-1,-1,-1,-1,-1,-1,22.198,-1,1,2,2,0,2,0,0,0,0,2,2,2,2,2,2,1,2
304,2609.575,6977.583,61.691,-107.292,-0.294005,0.955155,-0.035228,-0.944430,-0.295978,-0.142999,-0.147013,-0.008772,0.989096,0,0.37591,-0.58636,21.547,-0.853,16.564,-1,-1,869.966,-1,828.607,677.391,517.735,557.104,-1,-1,-1,-1,-1,-1,22.208,-1,1,2,2,0,2,0,0,0,0,2,2,2,2,2,2,1,2
305,2599.407,6958.450,58.212,-108.130,-0.307700,0.950767,-0.036915,-0.939751,-0.309751,-0.144645,-0.148959,-0.009816,0.988795,0,0.37719,-0.58174,21.668,-0.838,16.452,-1,-1,862.733,-1,820.523,595.757,513.940,555.647,-1,-1,-1,-1,-1,-1,22.229,-1,1,2,2,0,2,0,0,0,0,2,2,2,2,2,2,1,2
306,2588.959,6939.303,54.582,-108.949,-0.321023,0.946270,-0.038961,-0.935035,-0.323213,-0.145747,-0.150509,-0.010358,0.988554,0,0.37463,-0.68494,21.812,-0.819,16.602,-1,-1,855.664,-1,810.750,601.386,511.114,552.400,-1,-1,-1,-1,-1,-1,22.204,-1,1,2,2,0,2,0,0,0,0,2,2,2,2,2,2,1,2
307,2578.091,6920.256,50.897,-109.794,-0.334722,0.941431,-0.040844,-0.930057,-0.337026,-0.146315,-0.151511,-0.010987,0.988394,0,0.37579,-0.68072,21.930,-0.845,16.782,-1,-1,849.656,-1,802.020,606.478,508.136,549.149,-1,-1,-1,-1,-1,-1,22.185,-1,1,2,2,0,2,0,0,0,0,2,2,2,2,2,2,1,2
308,2566.714,6901.419,47.309,-110.690,-0.349235,0.936048,-0.042993,-0.924701,-0.351695,-0.145735,-0.151536,-0.011140,0.988389,0,0.37701,-0.67625,22.006,-0.897,17.319,-1,-1,846.355,-1,795.636,613.041,506.619,544.793,-1,-1,-1,-1,-1,-1,22.197,-1,1,2,2,0,2,0,0,0,0,2,2,2,2,2,2,1,2
309,2554.600,6883.072,43.912,-111.673,-0.365051,0.929922,-0.044522,-0.918598,-0.367557,-0.145184,-0.151375,-0.012102,0.988402,0,0.37839,-0.67124,21.986,-0.983,16.606,-1,-1,844.882,-1,788.874,621.908,503.661,542.350,-1,-1,-1,-1,-1,-1,22.202,-1,1,2,2,0,2,0,0,0,0,2,2,2,2,2,2,1,2
310,2542.269,6864.756,40.492,-112.643,-0.380536,0.923581,-0.046811,-0.912256,-0.383205,-0.144717,-0.151596,-0.012367,0.988365,0,0.38002,-0.66528,22.080,-0.970,17.193,-1,-1,841.513,-1,761.867,629.988,501.875,538.257,-1,-1,-1,-1,-1,-1,22.186,-1,1,2,2,0,2,0,0,0,0,2,2,2,2,2,2,1,2
311,2529.507,6846.727,37.169,-113.643,-0.396322,0.916840,-0.048299,-0.905306,-0.399009,-0.145643,-0.152803,-0.013996,0.988158,0,0.38161,-0.65948,22.089,-1.000,17.026,995.915,-1,836.877,-1,723.313,634.521,497.026,537.392,-1,-1,-1,-1,-1,-1,22.179,-1,1,0,2,0,2,0,0,0,0,2,2,2,2,2,2,1,2
312,2516.322,6828.981,33.958,-114.663,-0.412303,0.909705,-0.049434,-0.897954,-0.414945,-0.146625,-0.153897,-0.016064,0.987956,0,0.38329,-0.65335,22.108,-1.020,17.063,976.811,-1,833.687,-1,685.561,638.914,489.851,537.745,-1,-1,-1,-1,-1,-1,22.180,-1,1,0,2,0,2,0,0,0,0,2,2,2,2,2,2,1,2
313,2502.796,6811.394,30.681,-115.697,-0.428364,0.902201,-0.050368,-0.890202,-0.430919,-0.147812,-0.155061,-0.018479,0.987732,0,0.38503,-0.64699,22.187,-1.034,17.585,958.208,-1,830.017,-1,648.417,643.410,510.355,538.593,-1,-1,-1,-1,-1,-1,22.233,-1,1,0,2,0,2,0,0,0,0,2,2,2,2,2,2,1,2
314,2488.771,6794.361,27.498,-116.798,-0.445260,0.893982,-0.050398,-0.881545,-0.447538,-0.150295,-0.156916,-0.022492,0.987356,0,0.38682,-0.64049,22.064,-1.101,18.014,930.428,-1,826.001,-1,622.625,647.999,515.548,542.753,-1,-1,-1,-1,-1,-1,22.325,-1,1,0,2,0,2,0,0,0,0,2,2,2,2,2,2,1,2
315,2474.259,6778.037,24.448,-117.952,-0.462784,0.885037,-0.050399,-0.872135,-0.464747,-0.152942,-0.158782,-0.026824,0.986949,0,0.38881,-0.63322,21.842,-1.154,17.189,905.323,-1,822.420,-1,596.905,646.986,518.633,546.324,-1,-1,-1,-1,-1,-1,22.186,-1,1,0,2,0,2,0,0,0,0,2,2,2,2,2,2,1,2
316,2459.682,6761.603,21.216,-119.023,-0.478927,0.876316,-0.051955,-0.863179,-0.480872,-0.153893,-0.159843,-0.028857,0.986721,0,0.39098,-0.62529,21.968,-1.071,17.591,885.979,-1,818.495,-1,579.517,644.069,527.568,545.274,-1,-1,-1,-1,-1,-1,22.235,-1,1,0,2,0,2,0,0,0,0,2,2,2,2,2,2,1,2
317,2444.722,6745.428,17.886,-120.130,-0.495431,0.867030,-0.052992,-0.853619,-0.497251,-0.155165,-0.160883,-0.031639,0.986466,0,0.39291,-0.61827,22.032,-1.107,17.659,852.542,-1,814.919,-1,584.366,641.209,573.574,545.656,-1,-1,-1,-1,-1,-1,22.247,-1,1,0,2,0,2,0,0,0,0,2,2,2,2,2,2,1,2
318,2429.384,6729.783,14.638,-121.262,-0.512091,0.857247,-0.053768,-0.843495,-0.513716,-0.156884,-0.162109,-0.034986,0.986152,0,0.39494,-0.61087,21.910,-1.132,17.375,819.913,-1,810.973,-1,589.624,638.326,685.640,547.684,-1,-1,-1,-1,-1,-1,22.203,-1,1,0,2,0,2,0,0,0,0,2,2,2,2,2,2,1,2
319,2414.026,6714.025,11.178,-122.298,-0.527105,0.847975,-0.055661,-0.833865,-0.528735,-0.158460,-0.163800,-0.037111,0.985795,0,0.39706,-0.60313,22.004,-1.036,16.813,787.267,-1,804.111,-1,593.374,634.453,705.916,547.251,-1,-1,-1,-1,-1,-1,22.183,-1,1,0,2,0,2,0,0,0,0,2,2,2,2,2,2,1,2
320,2398.570,6698.188,7.405,-123.260,-0.540789,0.839172,-0.057767,-0.824522,-0.542433,-0.161031,-0.166467,-0.039454,0.985257,0,0.39889,-0.59643,22.129,-0.962,16.700,749.192,-1,793.979,-1,591.086,627.411,722.308,547.069,-1,-1,-1,-1,975.354,-1,22.191,-1,1,0,2,0,2,0,0,0,0,2,2,2,2,0,2,1,2
321,2383.007,6682.304,3.303,-124.176,-0.553517,0.830666,-0.060110,-0.815221,-0.555162,-0.164953,-0.170391,-0.042302,0.984468,0,0.40051,-0.59054,22.238,-0.916,16.574,705.740,-1,779.646,-1,582.953,617.255,735.561,547.841,-1,-1,-1,-1,948.123,-1,22.207,-1,1,0,2,0,2,0,0,0,0,2,2,2,2,0,2,1,2
322,2367.308,6666.392,-1.083,-125.055,-0.565457,0.822363,-0.063066,-0.805900,-0.567163,-0.169855,-0.175452,-0.045221,0.983449,0,0.40198,-0.58518,22.352,-0.880,16.269,663.078,-1,761.207,-1,572.418,604.675,744.563,548.517,-1,-1,-1,-1,899.471,-1,22.275,-1,1,0,2,0,2,0,0,0,0,2,2,2,2,0,2,1,2
323,2348.192,6647.292,-6.707,-126.106,-0.579419,0.812216,-0.067663,-0.794414,-0.581368,-0.175831,-0.182150,-0.048128,0.982092,0,0.40333,-0.58024,27.023,-1.050,16.367,625.920,-1,736.612,-1,558.359,587.985,755.782,547.247,-1,-1,-1,-1,859.246,-1,22.249,-1,1,0,2,0,2,0,0,0,0,2,2,2,2,0,2,1,2
324,2335.178,6634.599,-10.601,-126.781,-0.588216,0.805567,-0.071163,-0.786837,-0.590416,-0.179713,-0.186787,-0.049716,0.981142,0,0.40492,-0.57443,18.179,-0.675,16.305,601.618,-1,719.637,-1,547.562,576.485,763.264,545.603,-1,-1,-1,-1,846.709,-1,22.265,-1,1,0,2,0,2,0,0,0,0,2,2,2,2,0,2,1,2
325,2318.601,6618.816,-15.510,-127.638,-0.599269,0.796963,-0.075681,-0.777086,-0.601820,-0.184256,-0.192392,-0.051608,0.979960,0,0.40590,-0.57085,22.889,-0.858,16.187,555.760,-1,699.149,-1,534.075,563.177,773.135,543.219,-1,-1,-1,-1,834.281,-1,22.302,-1,1,0,2,0,2,0,0,0,0,2,2,2,2,0,2,1,2
326,2301.626,6603.130,-20.362,-128.495,-0.610168,0.788211,-0.080108,-0.767234,-0.613076,-0.188390,-0.197604,-0.053488,0.978822,0,0.40716,-0.56626,23.113,-0.856,16.223,548.345,-1,680.233,-1,522.227,549.995,783.489,541.123,-1,-1,-1,-1,823.798,-1,22.289,-1,1,0,2,0,2,0,0,0,0,2,2,2,2,0,2,1,2
327,2284.373,6587.366,-25.310,-129.313,-0.620380,0.779720,-0.084651,-0.757609,-0.623684,-0.192474,-0.202872,-0.055275,0.977644,0,0.40840,-0.56173,23.370,-0.818,15.732,539.224,-1,661.493,-1,510.252,536.774,793.525,539.122,-1,-1,-1,-1,810.941,-1,22.534,-1,1,0,2,0,2,0,0,0,0,2,2,2,2,0,2,1,2
328,2267.199,6571.593,-30.446,-130.042,-0.629065,0.772103,-0.090186,-0.748575,-0.632962,-0.197471,-0.209552,-0.056711,0.976152,0,-0.08771,-0.52659,23.318,-0.729,15.289,527.300,-1,639.669,-1,495.882,521.140,802.584,536.652,-1,-1,-1,-1,789.875,989.065,22.944,-1,1,0,2,0,2,0,0,0,0,2,2,2,2,0,0,1,2
329,2250.377,6555.974,-35.715,-130.644,-0.635672,0.765771,-0.097552,-0.740502,-0.640587,-0.203237,-0.218124,-0.056954,0.974258,0,-0.08790,-0.52347,22.955,-0.602,15.133,512.207,-1,613.719,-1,478.707,502.499,812.631,532.308,-1,-1,-1,-1,762.428,937.117,23.150,-1,1,0,2,0,2,0,0,0,0,2,2,2,2,0,0,1,2
330,2233.874,6540.516,-41.134,-131.146,-0.640676,0.760374,-0.106611,-0.733244,-0.647098,-0.208846,-0.227789,-0.055631,0.972120,0,-0.08800,-0.52165,22.612,-0.502,15.037,495.604,-1,585.446,-1,460.146,482.220,825.655,525.880,-1,-1,-1,-1,731.926,885.186,23.298,-1,1,0,2,0,2,0,0,0,0,2,2,2,2,0,0,1,2
331,2217.611,6525.352,-46.556,-131.583,-0.644680,0.755440,-0.117043,-0.726564,-0.653107,-0.213440,-0.237683,-0.052561,0.969920,0,-0.08805,-0.52086,22.236,-0.437,14.778,478.036,-1,556.973,972.290,441.761,461.919,842.652,516.261,-1,-1,-1,-1,702.505,834.626,23.798,-1,1,0,2,0,0,0,0,0,0,2,2,2,2,0,0,1,2
332,2201.465,6510.157,-51.754,-131.962,-0.648141,0.750959,-0.126384,-0.720790,-0.658517,-0.216370,-0.245711,-0.049142,0.968097,0,-0.08806,-0.52069,22.171,-0.380,14.549,463.290,-1,533.571,13.559,426.239,445.130,859.662,507.551,-1,-1,-1,-1,679.200,793.039,24.401,30.627,1,0,2,0,1,0,0,0,0,2,2,2,2,0,0,1,1
333,2185.606,6494.797,-56.475,-132.223,-0.650371,0.747758,-0.133701,-0.716685,-0.662367,-0.218249,-0.251757,-0.046122,0.966691,0,-0.08803,-0.52117,22.078,-0.261,14.454,452.065,-1,516.059,13.621,414.217,432.292,876.099,502.725,-1,-1,-1,-1,661.392,761.904,24.717,31.624,1,0,2,0,1,0,0,0,0,2,2,2,2,0,0,1,1
334,2169.976,6479.382,-60.680,-132.430,-0.652180,0.745358,-0.138213,-0.713475,-0.665139,-0.220327,-0.256153,-0.045081,0.965584,0,-0.08793,-0.52295,21.953,-0.207,14.425,443.247,-1,504.119,13.641,405.283,423.652,888.339,503.794,-1,-1,-1,-1,648.124,739.995,24.813,31.259,1,0,2,0,1,0,0,0,0,2,2,2,2,0,0,1,1
335,2154.508,6464.018,-64.563,-132.638,-0.654337,0.743092,-0.140206,-0.710646,-0.667636,-0.221910,-0.258506,-0.045567,0.964934,0,-0.08779,-0.52533,21.802,-0.208,14.606,437.293,-1,497.281,13.525,399.734,418.471,897.203,508.767,-1,-1,-1,-1,641.534,726.182,24.239,33.924,1,0,2,0,1,0,0,0,0,2,2,2,2,0,0,1,1
336,2139.033,6448.957,-68.326,-132.887,-0.657363,0.740495,-0.139789,-0.707725,-0.670370,-0.223000,-0.258841,-0.047660,0.964744,0,-0.08764,-0.52776,21.594,-0.249,14.990,434.382,-1,494.781,13.347,397.269,416.276,902.360,516.815,-1,-1,-1,-1,640.050,719.016,23.378,30.692,1,0,2,0,1,0,0,0,0,2,2,2,2,0,0,1,1
337,2123.533,6434.444,-72.059,-133.241,-0.661886,0.736901,-0.137414,-0.703831,-0.674015,-0.224332,-0.257930,-0.051766,0.964776,0,-0.08753,-0.52975,21.234,-0.354,15.201,432.846,-1,494.818,13.291,396.320,415.868,902.123,527.797,-1,-1,-1,-1,641.244,715.757,23.054,23.645,1,0,2,0,1,0,0,0,0,2,2,2,2,0,0,1,1
338,2108.023,6420.581,-75.975,-133.660,-0.667464,0.732362,-0.134676,-0.699447,-0.678663,-0.224033,-0.255473,-0.055336,0.965231,0,-0.08748,-0.53061,20.803,-0.419,15.061,433.543,-1,495.499,780.136,397.062,416.897,903.475,536.353,-1,-1,-1,-1,645.665,714.506,23.261,868.921,1,0,2,0,0,0,0,0,0,2,2,2,2,0,0,1,0
339,2092.702,6407.045,-80.277,-134.045,-0.672789,0.727785,-0.132980,-0.695596,-0.683480,-0.221361,-0.251993,-0.056429,0.966083,0,-0.08747,-0.53069,20.444,-0.385,14.636,436.692,-1,494.743,773.623,398.659,418.152,907.622,538.919,-1,-1,-1,-1,653.372,712.476,24.153,867.211,1,0,2,0,0,0,0,0,0,2,2,2,2,0,0,1,0
340,2077.662,6393.686,-84.882,-134.325,-0.676923,0.724016,-0.132575,-0.693057,-0.687614,-0.216467,-0.247886,-0.054650,0.967247,0,-0.08745,-0.53107,20.117,-0.280,14.379,441.749,-1,493.771,762.841,400.768,419.345,917.499,535.641,-1,-1,-1,-1,663.719,710.204,24.992,862.642,1,0,2,0,0,0,0,0,0,2,2,2,2,0,0,1,0
341,2063.010,6380.452,-89.588,-134.484,-0.679554,0.721399,-0.133380,-0.691903,-0.690664,-0.210366,-0.243879,-0.050669,0.968481,0,-0.08737,-0.53251,19.743,-0.159,14.131,446.977,-1,491.884,747.918,403.727,420.202,931.978,528.691,-1,-1,-1,-1,674.566,707.240,26.186,854.503,1,0,2,0,0,0,0,0,0,2,2,2,2,0,0,1,0
342,2049.196,6368.137,-93.640,-134.515,-0.680492,0.720134,-0.135420,-0.692110,-0.692369,-0.203981,-0.240654,-0.045081,0.969563,0,-0.08721,-0.53516,18.506,-0.031,13.850,452.369,-1,489.601,730.624,406.680,420.782,950.183,520.655,-1,-1,-1,-1,685.198,703.682,28.374,844.315,1,0,2,0,0,0,0,0,0,2,2,2,2,0,0,1,0
343,2036.549,6356.551,-96.211,-134.372,-0.679838,0.719953,-0.139597,-0.694897,-0.693240,-0.191145,-0.234390,-0.032942,0.971584,0,0.72654,-0.49817,17.152,0.143,14.020,468.384,-1,492.542,9.302,417.218,427.866,985.789,501.965,-1,-1,-1,-1,707.994,708.417,26.891,8.349,1,0,2,0,1,0,0,0,0,2,2,2,2,0,0,1,1
344,2023.828,6344.812,-97.329,-134.268,-0.680683,0.719024,-0.140268,-0.698307,-0.694714,-0.172454,-0.221445,-0.019436,0.974979,0,0.72397,-0.50341,17.310,0.105,14.299,501.923,-1,508.502,13.741,442.525,448.625,-1,485.526,-1,-1,-1,-1,746.512,734.019,25.325,29.669,1,0,2,0,1,0,0,2,0,2,2,2,2,0,0,1,1
345,2010.411,6333.042,-97.074,-134.372,-0.684654,0.716835,-0.131898,-0.699828,-0.697094,-0.155887,-0.203690,-0.014422,0.978929,0,0.72155,-0.50835,17.847,-0.104,14.285,548.369,-1,536.187,13.751,479.812,482.366,-1,488.966,-1,-1,-1,-1,796.014,787.629,25.388,29.530,1,0,2,0,1,0,0,2,0,2,2,2,2,0,0,1,1
346,1993.953,6318.470,-96.333,-134.673,-0.690970,0.713576,-0.115628,-0.698904,-0.700304,-0.145284,-0.184646,-0.019574,0.982610,0,0.72011,-0.51129,21.983,-0.301,902.524,593.725,936.514,572.613,13.906,524.398,520.987,-1,514.523,-1,-1,-1,-1,837.080,867.616,989.613,27.677,0,0,1,0,1,0,0,2,0,2,2,2,2,0,0,0,1
347,1982.969,6308.496,-96.269,-134.899,-0.695026,0.711455,-0.103776,-0.697475,-0.702215,-0.142911,-0.174548,-0.026946,0.984280,0,0.71914,-0.51327,14.837,-0.226,922.422,615.893,923.510,595.714,-1,549.476,543.757,-1,537.850,-1,-1,-1,-1,856.286,921.518,-1,-1,0,0,1,0,2,0,0,2,0,2,2,2,2,0,0,2,2
348,1969.240,6295.895,-97.000,-135.212,-0.700136,0.708490,-0.088607,-0.694982,-0.704668,-0.142979,-0.163738,-0.038524,0.985751,0,0.71856,-0.51445,18.635,-0.312,931.601,637.632,906.730,621.805,-1,576.514,569.258,-1,564.734,-1,-1,-1,-1,873.488,990.893,-1,-1,0,0,1,0,2,0,0,2,0,2,2,2,2,0,0,2,2
349,1955.448,6283.079,-98.862,-135.546,-0.705360,0.705065,-0.073153,-0.692053,-0.707301,-0.144180,-0.153397,-0.051073,0.986844,0,0.71793,-0.51573,18.827,-0.334,932.168,654.558,889.514,645.154,-1,597.140,590.008,980.089,593.794,-1,-1,-1,-1,883.115,-1,-1,-1,0,0,1,0,2,0,0,0,0,2,2,2,2,0,2,2,2
350,1941.497,6270.082,-101.993,-135.872,-0.710449,0.701419,-0.057214,-0.689154,-0.709884,-0.145369,-0.142580,-0.063848,0.987722,0,0.71735,-0.51691,19.067,-0.326,929.722,663.697,872.044,668.116,-1,616.809,608.334,941.638,621.884,-1,-1,-1,-1,890.891,-1,-1,-1,0,0,1,0,2,0,0,0,0,2,2,2,2,0,2,2,2
351,1927.292,6256.923,-106.416,-136.178,-0.715280,0.697654,-0.040649,-0.686451,-0.712316,-0.146258,-0.130992,-0.076712,0.988411,0,0.71668,-0.51828,19.363,-0.307,925.537,671.927,854.359,693.497,-1,635.995,626.245,883.281,646.606,-1,-1,-1,-1,897.839,-1,-1,-1,0,0,1,0,2,0,0,0,0,2,2,2,2,0,2,2,2
352,1912.768,6243.806,-111.759,-136.483,-0.719830,0.693651,-0.026319,-0.683492,-0.714887,-0.147565,-0.121174,-0.088233,0.988702,0,0.71585,-0.51998,19.571,-0.305,912.633,676.438,835.897,712.982,-1,647.739,638.974,831.255,664.076,-1,-1,-1,-1,900.068,-1,-1,-1,0,0,1,0,2,0,0,0,0,2,2,2,2,0,2,2,2
353,1897.605,6231.283,-117.625,-136.950,-0.725896,0.687637,-0.015177,-0.678083,-0.719159,-0.151701,-0.115230,-0.099828,0.988310,0,0.71498,-0.52175,19.666,-0.467,885.164,673.765,905.521,720.673,-1,646.535,640.933,769.881,679.903,-1,-1,-1,-1,893.660,-1,-1,-1,0,0,1,0,2,0,0,0,0,2,2,2,2,0,2,2,2
354,1881.869,6219.247,-123.842,-137.516,-0.732624,0.680566,-0.009593,-0.670956,-0.724505,-0.157831,-0.114365,-0.109194,0.987419,0,0.71494,-0.52183,19.811,-0.565,845.276,662.017,880.191,712.229,-1,635.201,630.163,721.732,688.877,-1,-1,-1,-1,876.494,-1,-1,-1,0,0,1,0,2,0,0,0,0,2,2,2,2,0,2,2,2
355,1865.607,6207.876,-130.198,-138.159,-0.739596,0.672954,-0.011426,-0.662237,-0.730638,-0.166162,-0.120168,-0.115326,0.986032,0,0.71541,-0.52087,19.843,-0.643,798.622,641.646,848.701,683.766,-1,610.819,604.672,677.587,688.299,-1,-1,-1,-1,847.453,-1,968.445,-1,0,0,1,0,2,0,0,0,0,2,2,2,2,0,2,0,2
356,1848.581,6197.169,-136.707,-138.896,-0.747178,0.664384,-0.017882,-0.651905,-0.737851,-0.174916,-0.129405,-0.119036,0.984421,0,0.71631,-0.51903,20.113,-0.737,16.398,618.171,746.170,645.520,-1,579.254,571.862,642.248,680.032,-1,-1,-1,-1,813.601,-1,22.241,-1,1,0,1,0,2,0,0,0,0,2,2,2,2,0,2,1,2
357,1830.744,6186.713,-143.192,-139.714,-0.755609,0.654444,-0.027529,-0.640482,-0.746989,-0.178301,-0.137251,-0.117094,0.983591,0,0.71772,-0.51617,20.676,-0.819,16.384,600.285,721.741,607.260,-1,552.139,541.479,615.252,657.154,-1,-1,-1,-1,788.018,-1,22.244,-1,1,0,1,0,2,0,0,0,0,2,2,2,2,0,2,1,2
358,1811.839,6176.719,-149.558,-140.583,-0.764819,0.643154,-0.037477,-0.628609,-0.757731,-0.175197,-0.141077,-0.110436,0.983820,0,0.71950,-0.51254,21.384,-0.869,16.229,591.204,697.983,574.867,-1,533.347,517.937,597.463,623.785,-1,-1,-1,-1,774.706,981.159,22.288,-1,1,0,1,0,2,0,0,0,0,2,2,2,2,0,0,1,2
359,1791.938,6166.928,-155.948,-141.417,-0.773853,0.631598,-0.047281,-0.617378,-0.768882,-0.166325,-0.141404,-0.099520,0.984937,0,0.72151,-0.50842,22.179,-0.834,16.345,587.239,727.153,547.523,-1,520.667,499.725,588.203,585.061,-1,-1,-1,-1,770.507,916.201,22.253,-1,1,0,1,0,2,0,0,0,0,2,2,2,2,0,0,1,2
360,1771.321,6157.110,-162.099,-142.198,-0.782392,0.620246,-0.056188,-0.606923,-0.779588,-0.154555,-0.139666,-0.086821,0.986385,0,0.56324,-0.34052,22.835,-0.781,15.808,585.138,704.474,524.439,-1,512.491,484.515,540.652,545.263,-1,-1,-1,-1,771.775,864.623,22.484,-1,1,0,1,0,2,0,0,0,0,2,2,2,2,0,0,1,2
361,1750.396,6146.613,-168.046,-142.845,-0.789320,0.610534,-0.064969,-0.598156,-0.788528,-0.142944,-0.138502,-0.073967,0.987596,0,0.56438,-0.33754,23.411,-0.646,15.317,582.101,680.776,502.748,-1,504.426,469.957,506.983,505.713,-1,-1,-1,-1,771.354,817.823,22.911,-1,1,0,1,0,2,0,0,0,0,2,2,2,2,0,0,1,2
362,1729.275,6135.160,-173.344,-143.367,-0.794846,0.602686,-0.070641,-0.591018,-0.795281,-0.135003,-0.137544,-0.065556,0.988324,0,0.56487,-0.33625,24.026,-0.522,15.008,577.425,656.676,486.240,13.342,497.428,458.258,468.461,479.850,-1,-1,-1,-1,726.231,785.445,23.349,36.498,1,0,1,0,1,0,0,0,0,2,2,2,2,1,0,1,1
363,1708.136,6122.500,-177.598,-143.786,-0.799427,0.596597,-0.070633,-0.585398,-0.799998,-0.131574,-0.135003,-0.063835,0.988787,0,0.56472,-0.33665,24.640,-0.419,14.778,573.234,634.252,479.563,13.435,494.858,454.009,378.722,468.827,-1,-1,-1,-1,672.463,778.225,23.798,37.310,1,0,1,0,1,0,0,0,0,2,2,2,2,1,0,1,1
364,1686.896,6108.746,-180.997,-144.101,-0.803137,0.592308,-0.064356,-0.581355,-0.802724,-0.132894,-0.130374,-0.069318,0.989039,0,0.56398,-0.33859,25.304,-0.315,14.688,569.576,613.692,484.330,13.480,496.892,457.404,358.901,472.281,-1,-1,-1,-1,640.310,797.703,24.014,35.405,1,0,1,0,1,0,0,0,0,2,2,2,2,1,0,1,1
365,1665.686,6094.238,-183.594,-144.375,-0.806440,0.588843,-0.054019,-0.577897,-0.804195,-0.138947,-0.125260,-0.080835,0.988825,0,0.56265,-0.34207,25.698,-0.274,14.649,565.050,593.659,495.866,13.501,500.579,464.888,353.263,488.407,-1,-1,-1,-1,616.229,833.911,24.115,34.675,1,0,1,0,1,0,0,0,0,2,2,2,2,1,0,1,1
366,1644.314,6079.323,-185.933,-144.641,-0.809626,0.585376,-0.042909,-0.574509,-0.805320,-0.146287,-0.120188,-0.093786,0.988311,0,0.56102,-0.34635,26.062,-0.266,14.582,559.808,573.264,509.319,13.544,504.637,473.354,346.934,509.184,-1,-1,-1,-1,591.702,879.408,24.305,33.449,1,0,1,0,1,0,0,0,0,2,2,2,2,1,0,1,1
367,1622.753,6064.297,-188.287,-144.880,-0.812433,0.582077,-0.033747,-0.571415,-0.806387,-0.152395,-0.115919,-0.104528,0.987743,0,0.55925,-0.35099,26.280,-0.239,14.671,554.259,551.715,521.016,13.489,505.998,480.608,342.862,524.646,-1,-1,-1,-1,566.875,915.017,24.059,32.061,1,0,1,0,1,0,0,0,0,2,2,2,2,1,0,1,1
368,1600.939,6049.446,-190.671,-145.170,-0.815599,0.577967,-0.027419,-0.567492,-0.808267,-0.157029,-0.112920,-0.112513,0.987213,0,0.55729,-0.35611,26.389,-0.290,8.331,548.367,528.838,529.818,13.499,505.596,485.321,340.509,535.094,-1,-1,-1,-1,542.411,937.269,24.099,30.963,1,0,1,0,1,0,0,0,0,2,2,2,2,1,0,1,1
369,1578.938,6034.816,-193.027,-145.486,-0.818760,0.573610,-0.024544,-0.563018,-0.810544,-0.161334,-0.112437,-0.118275,0.986595,0,0.55549,-0.36083,26.422,-0.316,640.608,540.511,503.662,532.079,13.476,501.546,485.094,338.772,541.148,-1,-1,-1,-1,518.650,939.403,627.312,34.505,0,0,1,0,1,0,0,0,0,2,2,2,2,1,0,1,1
370,1556.743,6020.444,-195.201,-145.829,-0.821946,0.569062,-0.023954,-0.557986,-0.812960,-0.166579,-0.114268,-0.123553,0.985737,0,0.55374,-0.36540,26.441,-0.343,618.008,530.118,476.669,529.431,13.425,494.863,480.879,337.786,546.386,-1,-1,-1,-1,495.629,930.453,581.698,37.815,0,0,1,0,1,0,0,0,0,2,2,2,2,1,0,1,1
371,1534.438,6006.446,-197.008,-146.197,-0.825023,0.564496,-0.026109,-0.552376,-0.815336,-0.173518,-0.119238,-0.128735,0.984485,0,0.55207,-0.36979,26.334,-0.368,590.673,516.387,-1,521.049,13.381,484.269,471.882,337.374,550.948,-1,-1,-1,-1,473.638,907.339,535.706,40.562,0,0,2,0,1,0,0,0,0,2,2,2,2,1,0,1,1
372,1511.875,5992.671,-198.435,-146.591,-0.828207,0.559723,-0.027990,-0.546298,-0.817467,-0.182499,-0.125030,-0.135856,0.982808,0,0.55047,-0.37397,26.435,-0.394,560.854,501.801,-1,513.539,13.366,473.023,462.954,335.879,561.696,-1,-1,-1,-1,451.954,885.056,489.519,41.679,0,0,2,0,1,0,0,0,0,2,2,2,2,1,0,1,1
373,1484.670,5976.059,-199.577,-147.092,-0.832236,0.553661,-0.029051,-0.538560,-0.819759,-0.194802,-0.131669,-0.146475,0.980412,0,0.54893,-0.37801,31.876,-0.502,526.113,484.623,-1,507.914,13.325,431.512,455.001,333.821,582.804,-1,-1,-1,-1,406.697,865.500,434.850,46.033,0,0,2,0,1,1,0,0,0,2,2,2,2,1,0,1,1
374,1466.374,5964.914,-200.033,-147.463,-0.835338,0.549028,-0.027907,-0.532924,-0.821205,-0.203994,-0.134915,-0.155531,0.978574,0,0.54709,-0.38284,21.423,-0.371,504.493,454.313,-1,508.093,13.294,398.466,452.526,331.478,604.375,-1,-1,-1,-1,293.288,861.440,398.448,47.489,0,1,2,0,1,1,0,0,0,2,2,2,2,1,0,1,1
375,1443.331,5951.086,-200.330,-147.984,-0.839826,0.542316,-0.024189,-0.525113,-0.822868,-0.217128,-0.137656,-0.169648,0.975843,0,0.54593,-0.38587,26.873,-0.521,477.655,405.299,-1,512.731,13.268,355.769,451.582,326.939,643.195,-1,-1,-1,-1,264.599,866.368,367.376,46.612,0,1,2,0,1,1,0,0,0,2,2,2,2,1,0,1,1
376,1420.423,5937.671,-199.692,-148.648,-0.845872,0.533136,-0.016312,-0.515341,-0.824761,-0.232792,-0.137564,-0.188506,0.972390,0,0.54464,-0.38924,26.547,-0.665,453.483,353.905,-1,526.334,13.328,311.045,456.448,320.577,709.021,-1,-1,-1,-1,236.580,887.896,345.999,45.699,0,1,2,0,1,1,0,0,0,2,2,2,2,1,0,1,1
377,1397.561,5923.812,-198.450,-149.160,-0.850792,0.525470,-0.005818,-0.507974,-0.825199,-0.247000,-0.134592,-0.207190,0.968998,0,0.54390,-0.39117,26.734,-0.512,10.582,302.333,-1,549.072,13.518,265.757,468.325,314.727,793.590,-1,-1,-1,-1,209.251,931.375,9.192,34.148,1,1,2,0,1,1,0,0,0,2,2,2,2,1,0,1,1
378,1374.759,5909.301,-197.339,-149.513,-0.854271,0.519818,0.003139,-0.502937,-0.824971,-0.257834,-0.131437,-0.221839,0.966184,0,0.54246,-0.39496,27.028,-0.353,342.764,188.215,-1,572.782,13.482,191.703,481.128,310.379,865.216,-1,-1,-1,-1,182.038,965.676,298.870,35.373,1,1,2,0,1,1,0,0,0,2,2,2,2,1,0,1,1
379,1351.794,5894.943,-196.710,-149.854,-0.857373,0.514623,0.008606,-0.497912,-0.825066,-0.267114,-0.130363,-0.233302,0.963626,0,0.54026,-0.40072,27.083,-0.341,10.622,159.910,-1,588.643,-1,163.281,489.081,307.594,932.841,-1,-1,-1,-1,154.604,985.978,9.185,-1,1,1,2,0,2,1,0,0,0,2,2,2,2,1,0,1,2
380,1328.564,5881.002,-196.572,-150.188,-0.860193,0.509839,0.011501,-0.492877,-0.825361,-0.275412,-0.130923,-0.242576,0.961257,0,0.53795,-0.40676,27.093,-0.334,16.313,131.470,-1,597.329,-1,134.563,491.950,305.713,974.279,-1,-1,-1,-1,127.029,992.954,22.263,-1,1,1,2,0,2,1,0,0,0,2,2,2,2,1,0,1,2
381,1305.092,5869.907,-195.929,-151.058,-0.867245,0.497689,0.013883,-0.479572,-0.827535,-0.291884,-0.133779,-0.259793,0.956353,0,0.53559,-0.41296,25.962,-0.870,16.822,103.693,-1,600.490,-1,138.520,488.144,298.997,-1,-1,-1,-1,-1,143.525,991.198,22.182,-1,1,1,2,0,2,1,0,0,2,2,2,2,2,1,0,1,2
382,1281.640,5860.342,-195.086,-152.271,-0.877085,0.480066,0.016085,-0.461047,-0.831999,-0.308565,-0.134749,-0.278053,0.951067,0,0.53557,-0.41301,25.328,-1.213,16.087,115.166,-1,605.367,-1,120.521,484.261,292.833,-1,-1,-1,-1,-1,123.411,994.816,22.341,-1,1,1,2,0,2,1,0,0,2,2,2,2,2,1,0,1,2
383,1257.939,5850.257,-194.826,-153.266,-0.885399,0.464439,0.019087,-0.445959,-0.837154,-0.316693,-0.131106,-0.288911,0.948336,0,0.53699,-0.40928,25.757,-0.996,14.753,98.467,-1,615.550,-1,103.758,486.754,291.203,-1,-1,-1,-1,-1,105.430,-1,23.857,-1,1,1,2,0,2,1,0,0,2,2,2,2,2,1,2,1,2
384,1233.997,5839.414,-195.383,-153.839,-0.890687,0.453998,0.023718,-0.437528,-0.841869,-0.315953,-0.123474,-0.291793,0.948478,0,0.53742,-0.40815,26.283,-0.572,13.401,82.984,-1,631.129,-1,87.738,495.745,292.198,-1,-1,-1,-1,-1,88.925,-1,44.164,-1,1,1,2,0,2,1,0,0,2,2,2,2,2,1,2,1,2
385,1219.186,5835.887,-193.826,-152.747,-0.880424,0.473839,0.018150,-0.453506,-0.830229,-0.324119,-0.138511,-0.293593,0.945842,0,0.65045,-0.16829,15.225,1.092,13.270,70.090,-1,612.896,-1,73.764,481.528,293.229,-1,-1,-1,-1,-1,74.936,983.130,51.529,-1,1,1,2,0,2,1,0,0,2,2,2,2,2,1,0,1,2
386,1210.418,5838.157,-190.436,-150.628,-0.859535,0.510978,0.010059,-0.483763,-0.807092,-0.338491,-0.164843,-0.295811,0.940916,0,0.64319,-0.18395,9.057,2.119,13.607,61.346,-1,581.054,-1,63.985,459.068,296.049,-1,-1,-1,-1,-1,65.346,916.996,31.925,-1,1,1,2,0,2,1,0,0,2,2,2,2,2,1,0,1,2
387,1201.509,5840.582,-187.202,-148.458,-0.837816,0.545915,0.006381,-0.514266,-0.785214,-0.344920,-0.183287,-0.292261,0.938610,0,0.63278,-0.20644,9.232,2.171,14.153,56.143,-1,564.729,-1,57.971,446.627,301.951,-1,-1,-1,-1,-1,59.706,878.407,26.049,-1,1,1,2,0,2,1,0,0,2,2,2,2,2,1,0,1,2
388,1191.816,5842.696,-184.427,-146.382,-0.817125,0.576421,0.006771,-0.543266,-0.766090,-0.343465,-0.192794,-0.284332,0.939141,0,0.62212,-0.22943,9.921,2.076,14.595,53.590,-1,561.513,-1,54.768,443.828,310.882,-1,-1,-1,-1,-1,57.008,862.402,24.267,-1,1,1,2,0,2,1,0,0,2,2,2,2,2,1,0,1,2
389,1181.528,5844.623,-182.290,-144.395,-0.797366,0.603414,0.009952,-0.570954,-0.748926,-0.336334,-0.195495,-0.273864,0.941690,0,0.61176,-0.25180,10.468,1.987,14.908,52.726,-1,567.010,-1,53.335,447.701,321.518,-1,-1,-1,-1,-1,56.186,862.970,23.526,-1,1,1,2,0,2,1,0,0,2,2,2,2,2,1,0,1,2
390,1171.000,5846.576,-180.985,-142.449,-0.777700,0.628473,0.014306,-0.597850,-0.732389,-0.325855,-0.194314,-0.261970,0.945311,0,0.60170,-0.27352,10.707,1.946,15.157,52.658,-1,572.398,-1,52.718,454.661,332.696,-1,-1,-1,-1,-1,56.256,873.485,23.117,-1,1,1,2,0,2,1,0,0,2,2,2,2,2,1,0,1,2
391,1160.419,5848.693,-180.693,-140.522,-0.757608,0.652433,0.019011,-0.624045,-0.715493,-0.314067,-0.191305,-0.249803,0.949210,0,0.59179,-0.29491,10.791,1.927,15.366,52.664,-1,578.532,-1,52.182,459.226,343.300,-1,-1,-1,-1,-1,56.427,886.865,22.854,-1,1,1,2,0,2,1,0,0,2,2,2,2,2,1,0,1,2
392,1149.839,5850.944,-181.577,-138.607,-0.736887,0.675601,0.023671,-0.649493,-0.697830,-0.301980,-0.187499,-0.237899,0.953020,0,0.58197,-0.31610,10.817,1.915,156.314,52.256,-1,583.849,-1,51.249,460.656,352.651,974.370,-1,-1,-1,-1,56.165,900.184,154.259,-1,1,1,2,0,2,1,0,0,0,2,2,2,2,1,0,1,2
393,1139.166,5853.358,-183.667,-136.744,-0.716004,0.697505,0.028734,-0.673684,-0.679589,-0.290359,-0.183000,-0.227256,0.956486,0,0.57223,-0.32222,10.942,1.863,157.298,51.188,-1,588.386,-1,49.709,461.197,359.988,916.689,-1,-1,-1,-1,55.194,916.654,154.029,-1,1,1,2,0,2,1,0,0,0,2,2,2,2,1,0,1,2
394,1128.492,5855.736,-187.043,-134.892,-0.694535,0.718673,0.033630,-0.697149,-0.660711,-0.278287,-0.177778,-0.216725,0.959909,0,0.56272,-0.32222,10.936,1.852,158.994,49.487,-1,589.955,-1,47.585,460.613,365.861,863.310,-1,-1,-1,-1,53.543,931.292,154.493,-1,1,1,2,0,2,1,0,0,0,2,2,2,2,1,0,1,2
395,1117.781,5858.093,-191.669,-133.063,-0.672677,0.738938,0.038410,-0.719758,-0.641412,-0.265591,-0.171619,-0.206303,0.963320,0,0.55325,-0.32222,10.968,1.829,161.306,47.192,-1,588.612,-1,44.932,458.614,370.299,801.854,-1,-1,-1,-1,51.250,945.703,155.550,-1,1,1,2,0,2,1,0,0,0,2,2,2,2,1,0,1,2
396,1107.036,5860.466,-197.415,-131.266,-0.650639,0.758163,0.043102,-0.741497,-0.622039,-0.251497,-0.163864,-0.195594,0.966898,0,0.54386,-0.32222,11.004,1.798,164.030,44.636,-1,586.974,-1,42.075,456.008,373.293,693.660,-1,-1,-1,-1,48.675,966.697,18.423,-1,1,1,2,0,2,1,0,0,1,2,2,2,2,1,0,1,2
397,1096.396,5862.714,-204.259,-129.504,-0.628548,0.776370,0.046660,-0.762372,-0.603115,-0.234608,-0.154001,-0.183034,0.970970,0,0.53460,-0.32222,10.874,1.762,16.532,42.097,-1,584.005,-1,39.266,453.879,374.416,669.540,-1,-1,-1,-1,46.124,993.159,22.214,-1,1,1,2,0,2,1,0,0,0,2,2,2,2,1,0,1,2
398,1086.567,5864.858,-212.119,-127.944,-0.608653,0.792094,0.046133,-0.780608,-0.587387,-0.213605,-0.142098,-0.166024,0.975830,0,0.52548,-0.32222,10.060,1.560,16.600,39.794,-1,579.533,-1,36.707,451.707,378.385,579.553,-1,-1,-1,-1,43.831,-1,22.203,-1,1,1,2,0,2,1,0,0,0,2,2,2,2,1,2,1,2
399,1077.480,5867.526,-220.116,-126.751,-0.593488,0.803419,0.047862,-0.794740,-0.575608,-0.192520,-0.127125,-0.152296,0.980125,0,0.51736,-0.32222,9.471,1.193,16.406,38.168,-1,582.204,13.844,34.886,453.594,379.952,501.773,-1,-1,-1,-1,42.271,-1,22.239,37.044,1,1,2,0,1,1,0,0,0,2,2,2,2,1,2,1,1
400,1072.893,5869.443,-226.797,-126.186,-0.586419,0.808642,0.047020,-0.801656,-0.571079,-0.176683,-0.116021,-0.141304,0.983144,0,0.51113,-0.32222,4.971,0.565,16.345,36.828,-1,581.600,13.760,33.467,453.945,380.640,444.877,-1,-1,-1,-1,40.941,-1,22.255,47.801,1,1,2,0,1,1,0,0,0,2,2,2,2,1,2,1,1
401,1071.451,5870.611,-230.568,-125.952,-0.583368,0.810775,0.048233,-0.804366,-0.568484,-0.172687,-0.112591,-0.139537,0.983795,0,0.50964,-0.32222,1.855,0.234,16.350,35.221,-1,578.413,13.772,31.953,451.396,376.388,427.227,-1,972.897,-1,38.149,39.201,-1,22.252,52.107,1,1,2,0,1,1,0,0,0,2,0,2,1,1,2,1,1
402,1071.409,5870.680,-231.228,-125.866,-0.582055,0.811356,0.053985,-0.805097,-0.565699,-0.178335,-0.114154,-0.147264,0.982488,0,0.50964,-0.32222,0.080,0.086,16.417,33.774,-1,578.876,13.865,30.694,449.413,367.803,445.539,-1,977.935,-1,43.735,37.572,-1,22.236,50.931,1,1,2,0,1,1,0,0,0,2,0,2,1,1,2,1,1
403,1071.919,5869.583,-229.379,-125.857,-0.581676,0.811055,0.061990,-0.804828,-0.562811,-0.188401,-0.117915,-0.159479,0.980134,0,0.50964,-0.32222,1.210,0.009,16.543,32.978,-1,584.073,14.075,30.070,449.639,359.200,493.473,-1,-1,-1,-1,36.638,-1,22.212,44.984,1,1,2,0,1,1,0,0,0,2,2,2,2,1,2,1,1
404,1072.652,5867.854,-225.949,-125.870,-0.581542,0.810579,0.069070,-0.804250,-0.560064,-0.198774,-0.122438,-0.171145,0.977608,0,0.50964,-0.32222,1.878,-0.013,16.696,33.079,-1,591.379,14.406,30.261,451.522,353.777,549.375,-1,-1,-1,-1,36.695,-1,22.191,34.323,1,1,2,0,1,1,0,0,0,2,2,2,2,1,2,1,1
405,1073.489,5866.169,-221.956,-125.876,-0.581308,0.810394,0.073101,-0.803764,-0.557912,-0.206635,-0.126672,-0.178875,0.975683,0,0.50964,-0.32222,1.880,-0.005,16.823,34.130,-1,598.034,14.067,31.290,454.147,352.769,603.026,-1,-1,-1,-1,37.813,-1,22.182,13.986,1,1,2,0,1,1,0,0,0,2,2,2,2,1,2,1,1
406,1074.303,5864.551,-218.265,-125.820,-0.580354,0.810951,0.074480,-0.804098,-0.556160,-0.210030,-0.128901,-0.181780,0.974854,0,0.50964,-0.32222,1.811,0.056,16.982,36.127,-1,604.916,-1,33.141,457.967,355.520,638.051,-1,-1,-1,-1,40.004,-1,22.178,-1,1,1,2,0,2,1,0,0,0,2,2,2,2,1,2,1,2
407,1074.980,5863.196,-215.259,-125.750,-0.579372,0.811567,0.075407,-0.804802,-0.554991,-0.210424,-0.128923,-0.182602,0.974698,0,0.52537,-0.45574,1.515,0.070,17.120,38.554,-1,613.277,-1,35.364,463.026,359.179,660.225,-1,-1,-1,-1,42.695,-1,22.182,-1,1,1,2,0,2,1,0,0,0,2,2,2,2,1,2,1,2
408,1075.526,5862.140,-213.168,-125.666,-0.578322,0.812168,0.076985,-0.805832,-0.553987,-0.209126,-0.127197,-0.182979,0.974854,0,0.52537,-0.45574,1.189,0.084,17.242,40.962,-1,622.800,-1,37.561,468.649,361.942,673.405,-1,-1,-1,-1,45.384,-1,22.190,-1,1,1,2,0,2,1,0,0,0,2,2,2,2,1,2,1,2
409,1075.954,5861.406,-212.088,-125.582,-0.577356,0.812617,0.079462,-0.806972,-0.553096,-0.207076,-0.124323,-0.183681,0.975092,0,0.52537,-0.45574,0.850,0.084,15.103,42.987,-1,632.572,-1,39.407,474.092,362.975,682.567,-1,-1,-1,-1,47.663,-1,11.368,-1,1,1,2,0,2,1,0,0,0,2,2,2,2,1,2,1,2
410,1076.326,5860.968,-212.023,-125.497,-0.576393,0.813025,0.082230,-0.808177,-0.552265,-0.204578,-0.120914,-0.184374,0.975390,0,0.52537,-0.45574,0.575,0.086,170.618,44.452,-1,641.073,-1,40.737,478.547,362.491,687.112,-1,-1,-1,-1,49.330,-1,20.160,-1,1,1,2,0,2,1,0,0,0,2,2,2,2,1,2,1,2
411,1076.634,5860.798,-212.873,-125.423,-0.575597,0.813372,0.084342,-0.809243,-0.551757,-0.201718,-0.117536,-0.184361,0.975805,0,0.52537,-0.45574,0.351,0.073,170.602,45.228,-1,646.716,-1,41.431,481.356,361.238,684.383,-1,-1,-1,-1,50.237,-1,18.177,-1,1,1,2,0,2,1,0,0,0,2,2,2,2,1,2,1,2
412,1076.835,5860.872,-214.486,-125.368,-0.575015,0.813737,0.084796,-0.810073,-0.551756,-0.198359,-0.114625,-0.182750,0.976454,0,0.52537,-0.45574,0.214,0.055,15.592,45.298,-1,648.120,-1,41.463,482.053,360.205,671.401,-1,-1,-1,-1,50.354,-1,11.559,-1,1,1,2,0,2,1,0,0,0,2,2,2,2,1,2,1,2
413,1076.852,5861.170,-216.502,-125.340,-0.574694,0.814109,0.083382,-0.810472,-0.552067,-0.195851,-0.113411,-0.180133,0.977082,0,0.52537,-0.45574,0.298,0.028,17.622,44.397,-1,643.776,-1,40.604,479.748,359.375,648.295,-1,-1,-1,-1,49.375,-1,22.239,-1,1,1,2,0,2,1,0,0,0,2,2,2,2,1,2,1,2
414,1076.678,5861.505,-218.546,-125.344,-0.574671,0.814463,0.080019,-0.810321,-0.552590,-0.194999,-0.114602,-0.176901,0.977534,0,0.52537,-0.45574,0.377,-0.004,17.631,42.449,-1,633.413,-1,38.792,474.230,358.950,621.475,-1,-1,-1,-1,47.201,-1,22.241,-1,1,1,2,0,2,1,0,0,0,2,2,2,2,1,2,1,2
415,1076.381,5861.754,-220.402,-125.363,-0.574708,0.814953,0.074583,-0.809795,-0.553177,-0.195517,-0.118079,-0.172762,0.977860,0,0.52537,-0.45574,0.388,-0.019,17.635,39.729,-1,617.963,-1,36.274,466.039,359.497,592.280,-1,-1,-1,-1,44.146,-1,22.242,-1,1,1,2,0,2,1,0,0,0,2,2,2,2,1,2,1,2
416,1075.998,5861.891,-221.914,-125.389,-0.574715,0.815545,0.067743,-0.809026,-0.553750,-0.197073,-0.123209,-0.168066,0.978046,0,0.52537,-0.45574,0.407,-0.026,17.637,36.617,-1,599.845,-1,33.403,456.399,360.999,564.939,-1,-1,-1,-1,40.647,-1,22.242,-1,1,1,2,0,2,1,0,0,0,2,2,2,2,1,2,1,2
417,1075.553,5861.828,-222.820,-125.400,-0.574533,0.816109,0.062268,-0.808433,-0.553951,-0.198934,-0.127858,-0.164634,0.978033,0,0.52537,-0.45574,0.449,-0.011,17.638,34.035,-1,585.617,21.323,31.027,448.671,362.396,547.906,-1,-1,-1,-1,37.744,-1,22.242,23.672,1,1,2,0,1,1,0,0,0,2,2,2,2,1,2,1,1
418,1075.172,5861.577,-223.038,-125.394,-0.574217,0.816545,0.059406,-0.808183,-0.553749,-0.200505,-0.130825,-0.163144,0.977890,0,0.52537,-0.45574,0.456,0.007,17.644,32.532,-1,578.103,21.430,29.649,444.471,363.246,541.696,-1,-1,-1,-1,36.055,-1,22.244,28.145,1,1,2,0,1,1,0,0,0,2,2,2,2,1,2,1,1
419,1074.951,5861.197,-222.677,-125.370,-0.573797,0.816870,0.058993,-0.808303,-0.553232,-0.201444,-0.131917,-0.163272,0.977722,0,0.52537,-0.45574,0.440,0.024,17.657,32.186,-1,576.947,21.689,29.332,443.730,363.645,544.238,-1,-1,-1,-1,35.663,-1,22.246,27.446,1,1,2,0,1,1,0,0,0,2,2,2,2,1,2,1,1
420,1074.906,5860.755,-221.951,-125.334,-0.573317,0.817117,0.060224,-0.808705,-0.552549,-0.201707,-0.131542,-0.164345,0.977593,0,0.52537,-0.45574,0.444,0.036,17.679,32.731,-1,580.287,22.156,29.832,445.491,363.818,552.067,-1,-1,-1,-1,36.270,-1,22.250,22.919,1,1,2,0,1,1,0,0,0,2,2,2,2,1,2,1,1
421,1075.007,5860.265,-221.111,-125.281,-0.572660,0.817435,0.062131,-0.809373,-0.551710,-0.201322,-0.130289,-0.165576,0.977553,0,0.52537,-0.45574,0.501,0.053,17.719,33.786,-1,585.861,11.015,30.794,448.522,364.030,561.339,-1,-1,-1,-1,37.452,-1,22.258,11.231,1,1,2,0,1,1,0,0,0,2,2,2,2,1,2,1,1
422,1075.173,5859.792,-220.352,-125.226,-0.571996,0.817750,0.064072,-0.810080,-0.550907,-0.200678,-0.128806,-0.166690,0.977560,0,0.52537,-0.45574,0.501,0.055,17.767,34.912,-1,591.682,-1,31.821,451.694,364.214,569.926,-1,-1,-1,-1,38.715,-1,22.268,-1,1,1,2,0,2,1,0,0,0,2,2,2,2,1,2,1,2
423,1075.367,5859.352,-219.801,-125.170,-0.571301,0.818111,0.065643,-0.810777,-0.550133,-0.199988,-0.127500,-0.167476,0.977597,0,0.52537,-0.45574,0.481,0.056,17.826,35.850,-1,596.455,-1,32.672,454.271,364.337,576.375,-1,-1,-1,-1,39.768,-1,22.280,-1,1,1,2,0,2,1,0,0,0,2,2,2,2,1,2,1,2
424,1075.660,5859.084,-219.498,-125.120,-0.570609,0.818539,0.066332,-0.811291,-0.549342,-0.200078,-0.127333,-0.167981,0.977532,0,-0.05095,-0.47257,0.396,0.050,17.894,36.299,-1,598.069,-1,33.079,455.033,364.210,580.326,-1,-1,-1,-1,40.271,-1,22.295,-1,1,1,2,0,2,1,0,0,0,2,2,2,2,1,2,1,2
425,1075.952,5859.015,-219.481,-125.103,-0.570282,0.818788,0.066069,-0.811347,-0.548870,-0.201141,-0.128428,-0.168312,0.977332,0,-0.05095,-0.47257,0.300,0.017,17.936,36.065,-1,596.153,-1,32.867,453.782,363.743,581.698,-1,-1,-1,-1,40.002,-1,22.305,-1,1,1,2,0,2,1,0,0,0,2,2,2,2,1,2,1,2
426,1076.217,5859.078,-219.747,-125.097,-0.570067,0.819030,0.064907,-0.811215,-0.548584,-0.202450,-0.130206,-0.168064,0.977139,0,-0.05095,-0.47257,0.272,0.006,17.450,35.395,-1,591.715,-1,32.256,451.164,363.317,579.274,-1,-1,-1,-1,39.243,-1,22.213,-1,1,1,2,0,2,1,0,0,0,2,2,2,2,1,2,1,2
427,1076.443,5859.246,-220.221,-125.092,-0.569857,0.819304,0.063276,-0.811056,-0.548397,-0.203588,-0.132100,-0.167336,0.977010,0,-0.05095,-0.47257,0.282,0.005,17.057,34.561,-1,586.236,-1,31.492,448.013,362.994,574.007,-1,-1,-1,-1,38.303,-1,22.179,-1,1,1,2,0,2,1,0,0,0,2,2,2,2,1,2,1,2
428,1076.610,5859.444,-220.757,-125.087,-0.569679,0.819523,0.062024,-0.810974,-0.548280,-0.204232,-0.133366,-0.166647,0.976956,0,-0.05095,-0.47257,0.259,0.006,16.734,33.883,-1,581.934,-1,30.869,445.528,362.602,568.699,-1,-1,-1,-1,37.542,-1,22.187,-1,1,1,2,0,2,1,0,0,0,2,2,2,2,1,2,1,2
429,1076.735,5859.620,-221.243,-125.079,-0.569541,0.819667,0.061390,-0.810996,-0.548213,-0.204324,-0.133822,-0.166158,0.976977,0,-0.05095,-0.47257,0.216,0.007,16.470,33.500,-1,579.532,13.952,30.516,444.121,362.182,564.513,-1,-1,-1,-1,37.115,-1,22.225,14.942,1,1,2,0,1,1,0,0,0,2,2,2,2,1,2,1,1
430,1076.839,5859.751,-221.593,-125.072,-0.569455,0.819729,0.061363,-0.811095,-0.548186,-0.204002,-0.133588,-0.165941,0.977046,0,-0.05095,-0.47257,0.168,0.007,16.342,33.436,-1,579.028,13.761,30.455,443.801,361.797,562.079,-1,-1,-1,-1,37.046,-1,22.255,18.595,1,1,2,0,1,1,0,0,0,2,2,2,2,1,2,1,1
431,1076.948,5859.832,-221.762,-125.064,-0.569397,0.819742,0.061732,-0.811238,-0.548167,-0.203483,-0.132964,-0.165942,0.977130,0,-0.05095,-0.47257,0.135,0.007,16.237,33.635,-1,579.891,13.636,30.635,444.273,361.532,561.354,-1,-1,-1,-1,37.273,-1,22.286,18.848,1,1,2,0,1,1,0,0,0,2,2,2,2,1,2,1,1
432,1077.079,5859.874,-221.753,-125.058,-0.569351,0.819737,0.062216,-0.811380,-0.548141,-0.202988,-0.132293,-0.166052,0.977203,0,-0.05095,-0.47257,0.138,0.007,16.140,33.993,-1,581.361,13.541,30.959,445.116,361.452,561.870,-1,-1,-1,-1,37.675,-1,22.320,17.063,1,1,2,0,1,1,0,0,0,2,2,2,2,1,2,1,1
433,1077.238,5859.896,-221.601,-125.052,-0.569312,0.819735,0.062597,-0.811486,-0.548108,-0.202655,-0.131813,-0.166171,0.977247,0,-0.05095,-0.47257,0.161,0.005,16.046,34.408,-1,582.802,-1,31.337,445.971,361.570,563.042,-1,-1,-1,-1,38.139,-1,22.358,-1,1,1,2,0,2,1,0,0,0,2,2,2,2,1,2,1,2
434,1077.421,5859.916,-221.366,-125.048,-0.569268,0.819752,0.062773,-0.811550,-0.548064,-0.202518,-0.131611,-0.166230,0.977265,0,-0.05095,-0.47257,0.184,0.004,15.915,34.808,-1,583.851,-1,31.701,446.632,361.848,564.343,-1,-1,-1,-1,38.585,-1,22.422,-1,1,1,2,0,2,1,0,0,0,2,2,2,2,1,2,1,2
435,1077.617,5859.943,-221.108,-125.045,-0.569224,0.819784,0.062750,-0.811575,-0.548021,-0.202533,-0.131645,-0.166213,0.977263,0,-0.05095,-0.47257,0.197,0.003,15.806,35.153,-1,584.420,-1,32.015,447.035,362.208,565.415,-1,-1,-1,-1,38.968,-1,22.486,-1,1,1,2,0,2,1,0,0,0,2,2,2,2,1,2,1,2
436,1077.813,5859.984,-220.884,-125.043,-0.569184,0.819824,0.062598,-0.811576,-0.547986,-0.202622,-0.131811,-0.166132,0.977254,0,-0.05095,-0.47257,0.200,0.002,15.711,35.430,-1,584.596,-1,32.267,447.218,362.564,566.063,-1,-1,-1,-1,39.274,-1,22.549,-1,1,1,2,0,2,1,0,0,0,2,2,2,2,1,2,1,2
437,1078.000,5860.040,-220.731,-125.042,-0.569147,0.819864,0.062403,-0.811571,-0.547961,-0.202709,-0.132000,-0.166016,0.977249,0,-0.05095,-0.47257,0.195,0.002,15.628,35.640,-1,584.528,-1,32.457,447.251,362.840,566.241,-1,-1,-1,-1,39.505,-1,22.611,-1,1,1,2,0,2,1,0,0,0,2,2,2,2,1,2,1,2
438,1078.174,5860.107,-220.665,-125.040,-0.569115,0.819899,0.062236,-0.811571,-0.547944,-0.202754,-0.132136,-0.165900,0.977250,0,-0.05095,-0.47257,0.186,0.002,15.553,35.792,-1,584.350,-1,32.594,447.198,362.986,566.015,-1,-1,-1,-1,39.672,-1,22.673,-1,1,1,2,0,2,1,0,0,0,2,2,2,2,1,2,1,2
439,1078.334,5860.185,-220.683,-125.038,-0.569087,0.819926,0.062136,-0.811581,-0.547931,-0.202750,-0.132194,-0.165811,0.977257,0,-0.05095,-0.47257,0.178,0.002,15.485,35.894,-1,584.145,-1,32.686,447.104,362.983,565.515,-1,-1,-1,-1,39.785,-1,22.734,-1,1,1,2,0,2,1,0,0,0,2,2,2,2,1,2,1,2
440,1078.483,5860.266,-220.765,-125.037,-0.569064,0.819944,0.062110,-0.811599,-0.547917,-0.202716,-0.132185,-0.165767,0.977266,0,-0.05095,-0.47257,0.170,0.002,15.423,35.958,-1,583.946,-1,32.744,446.988,362.849,564.891,-1,-1,-1,-1,39.857,-1,22.795,-1,1,1,2,0,2,1,0,0,0,2,2,2,2,1,2,1,2
441,1078.627,5860.347,-220.882,-125.035,-0.569045,0.819955,0.062139,-0.811619,-0.547901,-0.202679,-0.132142,-0.165767,0.977272,0,-0.05095,-0.47257,0.165,0.002,15.365,35.997,-1,583.760,-1,32.779,446.859,362.621,564.271,-1,-1,-1,-1,39.900,-1,22.856,-1,1,1,2,0,2,1,0,0,0,2,2,2,2,1,2,1,2
442,1078.768,5860.424,-221.006,-125.034,-0.569030,0.819961,0.062197,-0.811637,-0.547881,-0.202661,-0.132097,-0.165802,0.977272,0,-0.05095,-0.47257,0.161,0.001,15.311,36.025,-1,583.584,-1,32.805,446.726,362.355,563.750,-1,-1,-1,-1,39.931,-1,22.917,-1,1,1,2,0,2,1,0,0,0,2,2,2,2,1,2,1,2
443,1078.909,5860.495,-221.111,-125.033,-0.569021,0.819963,0.062261,-0.811648,-0.547862,-0.202668,-0.132070,-0.165857,0.977266,0,-0.05095,-0.47257,0.157,0.001,15.265,36.057,-1,583.430,-1,32.834,446.606,362.100,563.390,-1,-1,-1,-1,39.967,-1,22.973,-1,1,1,2,0,2,1,0,0,0,2,2,2,2,1,2,1,2
444,1079.049,5860.556,-221.179,-125.033,-0.569024,0.819956,0.062320,-0.811647,-0.547853,-0.202697,-0.132061,-0.165921,0.977256,0,-0.05095,-0.47257,0.153,-0.000,15.228,36.106,-1,583.334,-1,32.879,446.526,361.894,563.224,-1,-1,-1,-1,40.021,-1,23.020,-1,1,1,2,0,2,1,0,0,0,2,2,2,2,1,2,1,2
445,1079.188,5860.606,-221.206,-125.034,-0.569033,0.819947,0.062356,-0.811641,-0.547851,-0.202727,-0.132063,-0.165969,0.977248,0,-0.05095,-0.47257,0.148,-0.001,15.193,36.181,-1,583.303,-1,32.948,446.499,361.770,563.191,-1,-1,-1,-1,40.103,-1,23.066,-1,1,1,2,0,2,1,0,0,0,2,2,2,2,1,2,1,2
446,1079.325,5860.647,-221.195,-125.035,-0.569045,0.819938,0.062366,-0.811632,-0.547859,-0.202742,-0.132069,-0.165988,0.977244,0,-0.05095,-0.47257,0.143,-0.001,15.160,36.283,-1,583.342,-1,33.041,446.523,361.734,563.233,-1,-1,-1,-1,40.217,-1,23.111,-1,1,1,2,0,2,1,0,0,0,2,2,2,2,1,2,1,2
447,1079.457,5860.679,-221.154,-125.036,-0.569059,0.819929,0.062350,-0.811621,-0.547877,-0.202736,-0.132069,-0.165973,0.977246,0,-0.05095,-0.47257,0.136,-0.001,15.131,36.408,-1,583.438,-1,33.155,446.593,361.774,563.292,-1,-1,-1,-1,40.356,-1,23.154,-1,1,1,2,0,2,1,0,0,0,2,2,2,2,1,2,1,2
448,1079.584,5860.705,-221.099,-125.037,-0.569076,0.819920,0.062315,-0.811611,-0.547903,-0.202706,-0.132060,-0.165931,0.977255,0,-0.05095,-0.47257,0.130,-0.001,15.103,36.544,-1,583.570,-1,33.279,446.693,361.865,563.323,-1,-1,-1,-1,40.506,-1,23.195,-1,1,1,2,0,2,1,0,0,0,2,2,2,2,1,2,1,2
449,1079.705,5860.726,-221.044,-125.038,-0.569096,0.819910,0.062270,-0.811600,-0.547936,-0.202660,-0.132042,-0.165871,0.977267,0,-0.05095,-0.47257,0.123,-0.001,15.078,36.679,-1,583.709,-1,33.401,446.802,361.976,563.298,-1,-1,-1,-1,40.656,-1,23.234,-1,1,1,2,0,2,1,0,0,0,2,2,2,2,1,2,1,2
450,1079.819,5860.743,-220.999,-125.040,-0.569117,0.819898,0.062224,-0.811589,-0.547973,-0.202606,-0.132019,-0.165807,0.977281,0,-0.05095,-0.47257,0.115,-0.001,15.054,36.801,-1,583.831,-1,33.512,446.899,362.076,563.210,-1,-1,-1,-1,40.792,-1,23.271,-1,1,1,2,0,2,1,0,0,0,2,2,2,2,1,2,1,2
451,1079.927,5860.759,-220.971,-125.041,-0.569142,0.819885,0.062184,-0.811576,-0.548011,-0.202556,-0.131995,-0.165750,0.977294,0,-0.05095,-0.47257,0.109,-0.002,15.032,36.902,-1,583.914,-1,33.604,446.967,362.143,563.070,-1,-1,-1,-1,40.904,-1,23.307,-1,1,1,2,0,2,1,0,0,0,2,2,2,2,1,2,1,2
452,1079.914,5860.542,-221.002,-125.046,-0.569260,0.819783,0.062439,-0.811614,-0.548214,-0.201852,-0.131245,-0.165582,0.977424,0,0.33060,-0.78786,0.217,-0.004,15.216,37.034,-1,585.257,-1,33.722,447.748,362.312,562.501,-1,-1,-1,-1,41.057,-1,23.037,-1,1,1,2,0,2,1,0,0,0,2,2,2,2,1,2,1,2
453,1079.572,5859.834,-221.111,-125.056,-0.569550,0.819510,0.063379,-0.811715,-0.548644,-0.200268,-0.129349,-0.165509,0.977689,0,0.33060,-0.78786,0.786,-0.010,15.548,37.064,-1,588.812,-1,33.748,449.703,362.462,562.427,-1,-1,-1,-1,41.108,-1,22.678,-1,1,1,2,0,2,1,0,0,0,2,2,2,2,1,2,1,2
454,1078.903,5858.739,-221.259,-125.084,-0.570096,0.819035,0.064589,-0.811649,-0.549278,-0.198798,-0.127345,-0.165757,0.977910,0,0.33060,-0.78786,1.283,-0.028,15.891,36.655,-1,592.703,-1,33.379,451.746,362.393,563.557,-1,-1,-1,-1,40.672,-1,22.435,-1,1,1,2,0,2,1,0,0,0,2,2,2,2,1,2,1,2
455,1077.927,5857.321,-221.428,-125.139,-0.570974,0.818345,0.065577,-0.811251,-0.550159,-0.197983,-0.125941,-0.166242,0.978009,0,0.33060,-0.78786,1.721,-0.055,16.245,35.592,-1,595.432,-1,32.420,453.072,362.163,565.446,-1,-1,-1,-1,39.500,-1,22.283,-1,1,1,2,0,2,1,0,0,0,2,2,2,2,1,2,1,2
456,1076.820,5855.779,-221.579,-125.187,-0.571666,0.817841,0.065840,-0.810772,-0.550764,-0.198263,-0.125885,-0.166721,0.977935,0,0.33060,-0.78786,1.898,-0.049,16.520,33.928,-1,595.431,-1,30.915,452.774,361.888,567.451,-1,-1,-1,-1,37.651,-1,22.215,-1,1,1,2,0,2,1,0,0,0,2,2,2,2,1,2,1,2
457,1076.401,5854.887,-221.594,-125.134,-0.570702,0.818631,0.064367,-0.811009,-0.549628,-0.200436,-0.128705,-0.166591,0.977590,0,0.33060,-0.78786,0.986,0.053,16.657,32.342,-1,589.681,-1,29.465,449.091,361.784,567.935,-1,-1,-1,-1,35.870,-1,22.195,-1,1,1,2,0,2,1,0,0,0,2,2,2,2,1,2,1,2
458,1076.310,5854.345,-221.556,-125.088,-0.569824,0.819379,0.062605,-0.811130,-0.548596,-0.202756,-0.131789,-0.166316,0.977226,0,0.33060,-0.78786,0.550,0.046,16.763,31.059,-1,583.473,-1,28.293,445.266,361.794,567.664,-1,-1,-1,-1,34.426,-1,22.186,-1,1,1,2,0,2,1,0,0,0,2,2,2,2,1,2,1,2
459,1076.318,5854.007,-221.522,-125.050,-0.569126,0.819961,0.061314,-0.811302,-0.547857,-0.204065,-0.133734,-0.165883,0.977035,0,0.33060,-0.78786,0.338,0.039,16.813,30.341,-1,579.155,-1,27.633,442.832,362.012,566.660,-1,-1,-1,-1,33.618,-1,22.183,-1,1,1,2,0,2,1,0,0,0,2,2,2,2,1,2,1,2
460,1076.328,5853.763,-221.527,-125.012,-0.568565,0.820391,0.060767,-0.811634,-0.547385,-0.204013,-0.134107,-0.165315,0.977080,0,0.33060,-0.78786,0.244,0.038,16.842,30.213,-1,577.950,-1,27.508,442.190,362.414,565.067,-1,-1,-1,-1,33.475,-1,22.181,-1,1,1,2,0,2,1,0,0,0,2,2,2,2,1,2,1,2
461,1076.335,5853.574,-221.574,-124.971,-0.568054,0.820735,0.060900,-0.812126,-0.547033,-0.202994,-0.133290,-0.164770,0.977284,0,0.33060,-0.78786,0.190,0.041,16.864,30.511,-1,579.134,-1,27.770,442.885,362.818,563.485,-1,-1,-1,-1,33.815,-1,22.180,-1,1,1,2,0,2,1,0,0,0,2,2,2,2,1,2,1,2
462,1076.356,5853.423,-221.652,-124.931,-0.567586,0.821019,0.061435,-0.812674,-0.546731,-0.201608,-0.131936,-0.164356,0.977538,0,0.33060,-0.78786,0.152,0.040,16.881,30.998,-1,581.459,-1,28.204,444.191,363.095,562.268,-1,-1,-1,-1,34.367,-1,22.179,-1,1,1,2,0,2,1,0,0,0,2,2,2,2,1,2,1,2
463,1076.402,5853.293,-221.745,-124.895,-0.567173,0.821256,0.062069,-0.813172,-0.546447,-0.200367,-0.130636,-0.164116,0.977753,0,0.33060,-0.78786,0.138,0.036,16.899,31.455,-1,583.765,-1,28.612,445.447,363.190,561.544,-1,-1,-1,-1,34.887,-1,22.179,-1,1,1,2,0,2,1,0,0,0,2,2,2,2,1,2,1,2
464,1076.471,5853.161,-221.838,-124.866,-0.566821,0.821461,0.062582,-0.813558,-0.546164,-0.199570,-0.129759,-0.164035,0.977883,0,0.33060,-0.78786,0.149,0.029,16.918,31.743,-1,585.300,-1,28.868,446.239,363.111,561.286,-1,-1,-1,-1,35.215,-1,22.178,-1,1,1,2,0,2,1,0,0,0,2,2,2,2,1,2,1,2
465,1076.551,5853.010,-221.920,-124.843,-0.566520,0.821646,0.062868,-0.813820,-0.545875,-0.199290,-0.129427,-0.164065,0.977922,0,0.33060,-0.78786,0.171,0.023,16.941,31.817,-1,585.796,-1,28.932,446.428,362.916,561.370,-1,-1,-1,-1,35.301,-1,22.178,-1,1,1,2,0,2,1,0,0,0,2,2,2,2,1,2,1,2
466,1076.631,5852.833,-221.983,-124.825,-0.566252,0.821827,0.062918,-0.813985,-0.545580,-0.199429,-0.129569,-0.164141,0.977890,0,0.33060,-0.78786,0.194,0.018,16.966,31.707,-1,585.373,-1,28.831,446.097,362.682,561.629,-1,-1,-1,-1,35.179,-1,22.179,-1,1,1,2,0,2,1,0,0,0,2,2,2,2,1,2,1,2
467,1076.703,5852.632,-222.024,-124.809,-0.565994,0.822015,0.062786,-0.814094,-0.545279,-0.199805,-0.130007,-0.164202,0.977822,0,0.33060,-0.78786,0.214,0.016,16.993,31.487,-1,584.372,-1,28.630,445.449,362.479,561.904,-1,-1,-1,-1,34.932,-1,22.178,-1,1,1,2,0,2,1,0,0,0,2,2,2,2,1,2,1,2
468,1076.763,5852.414,-222.045,-124.793,-0.565730,0.822214,0.062556,-0.814192,-0.544976,-0.200233,-0.130543,-0.164210,0.977749,0,0.33060,-0.78786,0.226,0.016,17.020,31.237,-1,583.180,-1,28.401,444.711,362.351,562.080,-1,-1,-1,-1,34.651,-1,22.178,-1,1,1,2,0,2,1,0,0,0,2,2,2,2,1,2,1,2
469,1076.822,5852.204,-222.051,-124.777,-0.565466,0.822417,0.062283,-0.814289,-0.544684,-0.200631,-0.131078,-0.164167,0.977685,0,0.28560,-0.96337,0.218,0.016,17.049,31.007,-1,581.998,-1,28.191,443.994,362.295,562.134,-1,-1,-1,-1,34.392,-1,22.180,-1,1,1,2,0,2,1,0,0,0,2,2,2,2,1,2,1,2
470,1076.882,5852.006,-222.051,-124.762,-0.565217,0.822608,0.062017,-0.814390,-0.544422,-0.200930,-0.131523,-0.164075,0.977641,0,0.28560,-0.96337,0.206,0.015,17.075,30.824,-1,580.986,-1,28.022,443.389,362.298,562.032,-1,-1,-1,-1,34.186,-1,22.180,-1,1,1,2,0,2,1,0,0,0,2,2,2,2,1,2,1,2
471,1076.938,5851.814,-222.055,-124.746,-0.564970,0.822792,0.061832,-0.814520,-0.544182,-0.201055,-0.131778,-0.163953,0.977627,0,0.28560,-0.96337,0.200,0.016,17.100,30.710,-1,580.343,-1,27.916,442.998,362.336,561.827,-1,-1,-1,-1,34.059,-1,22.181,-1,1,1,2,0,2,1,0,0,0,2,2,2,2,1,2,1,2
472,1076.990,5851.628,-222.067,-124.729,-0.564720,0.822970,0.061742,-0.814682,-0.543951,-0.201023,-0.131851,-0.163822,0.977639,0,0.28560,-0.96337,0.193,0.017,17.124,30.661,-1,580.054,-1,27.868,442.805,362.383,561.576,-1,-1,-1,-1,34.005,-1,22.182,-1,1,1,2,0,2,1,0,0,0,2,2,2,2,1,2,1,2
473,1077.043,5851.451,-222.090,-124.711,-0.564468,0.823144,0.061728,-0.814864,-0.543725,-0.200895,-0.131803,-0.163698,0.977666,0,0.28560,-0.96337,0.185,0.018,17.149,30.652,-1,579.998,-1,27.857,442.740,362.414,561.320,-1,-1,-1,-1,33.996,-1,22.184,-1,1,1,2,0,2,1,0,0,0,2,2,2,2,1,2,1,2
474,1077.099,5851.280,-222.123,-124.693,-0.564220,0.823312,0.061755,-0.815052,-0.543503,-0.200737,-0.131706,-0.163594,0.977697,0,0.28560,-0.96337,0.180,0.018,17.171,30.655,-1,580.031,-1,27.858,442.718,362.415,561.085,-1,-1,-1,-1,34.002,-1,22.185,-1,1,1,2,0,2,1,0,0,0,2,2,2,2,1,2,1,2
475,1077.159,5851.114,-222.164,-124.676,-0.563980,0.823474,0.061792,-0.815232,-0.543282,-0.200603,-0.131621,-0.163511,0.977722,0,0.28560,-0.96337,0.177,0.017,17.195,30.650,-1,580.034,-1,27.850,442.675,362.382,560.885,-1,-1,-1,-1,33.998,-1,22.187,-1,1,1,2,0,2,1,0,0,0,2,2,2,2,1,2,1,2
476,1077.222,5850.948,-222.209,-124.659,-0.563747,0.823631,0.061818,-0.815399,-0.543063,-0.200520,-0.131584,-0.163448,0.977737,0,0.28560,-0.96337,0.178,0.017,17.218,30.622,-1,579.941,-1,27.821,442.572,362.323,560.722,-1,-1,-1,-1,33.967,-1,22.187,-1,1,1,2,0,2,1,0,0,0,2,2,2,2,1,2,1,2
477,1077.286,5850.781,-222.254,-124.643,-0.563522,0.823785,0.061819,-0.815551,-0.542844,-0.200493,-0.131605,-0.163399,0.977743,0,0.28560,-0.96337,0.179,0.016,17.243,30.569,-1,579.732,-1,27.771,442.403,362.247,560.589,-1,-1,-1,-1,33.909,-1,22.191,-1,1,1,2,0,2,1,0,0,0,2,2,2,2,1,2,1,2
478,1077.347,5850.623,-222.294,-124.632,-0.563348,0.823904,0.061820,-0.815659,-0.542663,-0.200543,-0.131680,-0.163400,0.977732,0,0.28560,-0.96337,0.169,0.012,17.264,30.490,-1,579.463,-1,27.698,442.195,362.138,560.617,-1,-1,-1,-1,33.823,-1,22.192,-1,1,1,2,0,2,1,0,0,0,2,2,2,2,1,2,1,2
479,1077.406,5850.475,-222.328,-124.622,-0.563211,0.823999,0.061802,-0.815737,-0.542516,-0.200624,-0.131785,-0.163407,0.977717,0,0.28560,-0.96337,0.160,0.009,17.281,30.405,31.223,579.155,-1,27.620,441.972,362.036,560.661,-1,-1,-1,-1,33.728,-1,22.193,-1,1,1,1,0,2,1,0,0,0,2,2,2,2,1,2,1,2
480,1077.468,5850.331,-222.356,-124.614,-0.563078,0.824093,0.061757,-0.815812,-0.542380,-0.200684,-0.131887,-0.163383,0.977708,0,0.28560,-0.96337,0.156,0.009,17.298,30.330,31.119,578.846,-1,27.550,441.758,361.971,560.606,-1,-1,-1,-1,33.643,-1,22.195,-1,1,1,1,0,2,1,0,0,0,2,2,2,2,1,2,1,2
481,1077.528,5850.191,-222.380,-124.605,-0.562949,0.824185,0.061704,-0.815889,-0.542255,-0.200711,-0.131964,-0.163334,0.977705,0,0.28560,-0.96337,0.153,0.009,17.314,30.269,31.031,578.582,-1,27.494,441.577,361.938,560.482,-1,-1,-1,-1,33.577,-1,22.196,-1,1,1,1,0,2,1,0,0,0,2,2,2,2,1,2,1,2
482,1077.587,5850.055,-222.400,-124.596,-0.562824,0.824274,0.061656,-0.815967,-0.542139,-0.200707,-0.132011,-0.163271,0.977709,0,0.28560,-0.96337,0.149,0.009,17.330,30.225,30.962,578.380,-1,27.453,441.437,361.926,560.323,-1,-1,-1,-1,33.528,-1,22.198,-1,1,1,1,0,2,1,0,0,0,2,2,2,2,1,2,1,2
483,1077.641,5849.936,-222.415,-124.590,-0.562723,0.824345,0.061633,-0.816031,-0.542040,-0.200714,-0.132050,-0.163241,0.977709,0,0.28560,-0.96337,0.131,0.007,17.340,30.188,30.905,578.232,-1,27.418,441.325,361.898,560.276,-1,-1,-1,-1,33.486,-1,22.199,-1,1,1,1,0,2,1,0,0,0,2,2,2,2,1,2,1,2
484,1077.687,5849.831,-222.428,-124.585,-0.562652,0.824395,0.061615,-0.816076,-0.541974,-0.200708,-0.132069,-0.163212,0.977711,0,0.28560,-0.96337,0.114,0.005,17.345,30.157,30.860,578.135,-1,27.389,441.248,361.880,560.221,-1,-1,-1,-1,33.452,-1,22.200,-1,1,1,1,0,2,1,0,0,0,2,2,2,2,1,2,1,2
485,1077.725,5849.733,-222.440,-124.581,-0.562594,0.824437,0.061583,-0.816118,-0.541928,-0.200664,-0.132061,-0.163151,0.977723,0,0.28560,-0.96337,0.105,0.004,17.348,30.136,30.826,578.072,-1,27.369,441.201,361.896,560.044,-1,-1,-1,-1,33.430,-1,22.200,-1,1,1,1,0,2,1,0,0,0,2,2,2,2,1,2,1,2
486,1077.760,5849.643,-222.452,-124.577,-0.562541,0.824476,0.061535,-0.816158,-0.541895,-0.200591,-0.132037,-0.163063,0.977741,0,0.28560,-0.96337,0.097,0.004,17.350,30.124,30.800,578.028,-1,27.357,441.173,361.941,559.767,-1,-1,-1,-1,33.416,-1,22.200,-1,1,1,1,0,2,1,0,0,0,2,2,2,2,1,2,1,2
487,1077.791,5849.558,-222.462,-124.573,-0.562492,0.824514,0.061478,-0.816196,-0.541868,-0.200505,-0.132007,-0.162961,0.977762,0,0.28560,-0.96337,0.091,0.004,17.350,30.117,30.780,577.991,-1,27.349,441.154,362.003,559.439,-1,-1,-1,-1,33.409,-1,22.201,-1,1,1,1,0,2,1,0,0,0,2,2,2,2,1,2,1,2
488,1077.822,5849.478,-222.470,-124.570,-0.562446,0.824550,0.061419,-0.816233,-0.541844,-0.200421,-0.131977,-0.162858,0.977783,0,0.28560,-0.96337,0.086,0.003,17.349,30.112,30.763,577.956,-1,27.344,441.138,362.068,559.114,-1,-1,-1,-1,33.404,-1,22.200,-1,1,1,1,0,2,1,0,0,0,2,2,2,2,1,2,1,2
489,1077.853,5849.400,-222.477,-124.567,-0.562403,0.824583,0.061366,-0.816267,-0.541821,-0.200346,-0.131952,-0.162766,0.977802,0,0.28560,-0.96337,0.084,0.003,17.348,30.107,30.746,577.924,-1,27.339,441.122,362.126,558.831,-1,-1,-1,-1,33.400,-1,22.200,-1,1,1,1,0,2,1,0,0,0,2,2,2,2,1,2,1,2
490,1077.884,5849.324,-222.482,-124.564,-0.562361,0.824614,0.061324,-0.816299,-0.541796,-0.200285,-0.131933,-0.162691,0.977817,0,0.28560,-0.96337,0.082,0.003,17.346,30.102,30.730,577.895,-1,27.333,441.104,362.172,558.611,-1,-1,-1,-1,33.394,-1,22.200,-1,1,1,1,0,2,1,0,0,0,2,2,2,2,1,2,1,2
491,1077.917,5849.250,-222.486,-124.561,-0.562323,0.824643,0.061291,-0.816328,-0.541770,-0.200236,-0.131918,-0.162631,0.977829,0,0.28560,-0.96337,0.081,0.003,17.344,30.095,30.715,577.871,-1,27.326,441.087,362.205,558.448,-1,-1,-1,-1,33.387,-1,22.200,-1,1,1,1,0,2,1,0,0,0,2,2,2,2,1,2,1,2
492,1077.950,5849.176,-222.490,-124.558,-0.562286,0.824670,0.061267,-0.816355,-0.541744,-0.200197,-0.131905,-0.162583,0.977838,0,0.28560,-0.96337,0.080,0.003,17.342,30.088,30.700,577.851,-1,27.319,441.069,362.229,558.329,-1,-1,-1,-1,33.380,-1,22.200,-1,1,1,1,0,2,1,0,0,0,2,2,2,2,1,2,1,2
493,1077.983,5849.104,-222.494,-124.556,-0.562252,0.824695,0.061248,-0.816380,-0.541718,-0.200161,-0.131893,-0.162542,0.977847,0,0.28560,-0.96337,0.079,0.002,17.339,30.082,30.686,577.836,-1,27.312,441.053,362.246,558.232,-1,-1,-1,-1,33.372,-1,22.198,-1,1,1,1,0,2,1,0,0,0,2,2,2,2,1,2,1,2
494,1078.017,5849.035,-222.497,-124.553,-0.562220,0.824718,0.061230,-0.816405,-0.541695,-0.200126,-0.131879,-0.162503,0.977855,0,0.28560,-0.96337,0.077,0.002,17.336,30.075,30.673,577.824,-1,27.306,441.039,362.262,558.137,-1,-1,-1,-1,33.366,-1,22.199,-1,1,1,1,0,2,1,0,0,0,2,2,2,2,1,2,1,2
495,1078.030,5848.937,-222.505,-124.549,-0.562176,0.824743,0.061294,-0.816462,-0.541670,-0.199961,-0.131715,-0.162457,0.977885,0,0.41287,-0.79294,0.098,0.004,17.331,30.099,30.697,578.110,-1,27.327,441.186,362.293,558.058,-1,-1,-1,-1,33.394,-1,22.198,-1,1,1,1,0,2,1,0,0,0,2,2,2,2,1,2,1,2
496,1078.023,5848.822,-222.512,-124.541,-0.562083,0.824795,0.061451,-0.816576,-0.541606,-0.199669,-0.131404,-0.162410,0.977935,0,0.41287,-0.79294,0.115,0.008,17.326,30.169,30.774,578.703,-1,27.389,441.499,362.335,558.054,-1,-1,-1,-1,33.474,-1,22.198,-1,1,1,1,0,2,1,0,0,0,2,2,2,2,1,2,1,2
497,1078.023,5848.714,-222.516,-124.531,-0.561962,0.824869,0.061566,-0.816701,-0.541516,-0.199398,-0.131138,-0.162336,0.977983,0,0.41287,-0.79294,0.108,0.010,17.320,30.238,30.844,579.190,-1,27.449,441.756,362.400,557.972,-1,-1,-1,-1,33.553,-1,22.197,-1,1,1,1,0,2,1,0,0,0,2,2,2,2,1,2,1,2
498,1078.032,5848.610,-222.519,-124.521,-0.561833,0.824954,0.061603,-0.816815,-0.541414,-0.199206,-0.130983,-0.162239,0.978019,0,0.41287,-0.79294,0.104,0.010,17.317,30.275,30.872,579.432,-1,27.481,441.882,362.473,557.796,-1,-1,-1,-1,33.597,-1,22.197,-1,1,1,1,0,2,1,0,0,0,2,2,2,2,1,2,1,2
499,1078.044,5848.507,-222.523,-124.512,-0.561703,0.825044,0.061573,-0.816911,-0.541306,-0.199109,-0.130944,-0.162139,0.978041,0,0.41287,-0.79294,0.104,0.009,17.313,30.271,30.848,579.428,-1,27.475,441.871,362.539,557.587,-1,-1,-1,-1,33.592,-1,22.196,-1,1,1,1,0,2,1,0,0,0,2,2,2,2,1,2,1,2
