timestep,x_cm,y_cm,z_cm,yaw_deg,basis_xx,basis_xy,basis_xz,basis_yx,basis_yy,basis_yz,basis_zx,basis_zy,basis_zz,teleport_flag,throttle_cmd,steering_cmd,cmd_move_cm,cmd_turn_deg,lidar_cm_0,lidar_cm_1,lidar_cm_2,lidar_cm_3,lidar_cm_4,lidar_cm_5,lidar_cm_6,lidar_cm_7,lidar_cm_8,lidar_cm_9,lidar_cm_10,lidar_cm_11,lidar_cm_12,lidar_cm_13,lidar_cm_14,lidar_cm_15,lidar_cm_16,lidar_class_0,lidar_class_1,lidar_class_2,lidar_class_3,lidar_class_4,lidar_class_5,lidar_class_6,lidar_class_7,lidar_class_8,lidar_class_9,lidar_class_10,lidar_class_11,lidar_class_12,lidar_class_13,lidar_class_14,lidar_class_15,lidar_class_16
0,-7084.276,3377.325,-102.432,116.890,-0.452261,-0.891849,-0.008075,0.891852,-0.452304,0.004570,-0.007728,-0.005135,0.999957,0,0.45877,0.68543,0.539,0.016,-1,688.576,-1,714.305,10.938,580.599,576.461,434.430,528.524,-1,-1,-1,-1,-1,-1,-1,9.229,2,0,2,0,1,0,0,0,0,2,2,2,2,2,2,2,1
1,-7084.018,3377.331,-101.077,116.922,-0.452764,-0.891613,-0.005539,0.891608,-0.452788,0.004289,-0.006333,-0.002997,0.999975,0,0.45884,0.68520,0.258,0.032,-1,698.083,-1,721.467,-1,588.024,583.085,440.103,528.075,-1,-1,-1,-1,-1,-1,-1,-1,2,0,2,0,2,0,0,0,0,2,2,2,2,2,2,2,2
2,-7084.076,3377.738,-100.808,116.983,-0.453716,-0.891145,-0.001658,0.891138,-0.453719,0.003352,-0.003740,0.000043,0.999993,0,0.45893,0.68490,0.411,0.061,-1,708.514,-1,728.267,-1,595.693,589.614,444.872,522.786,-1,-1,-1,-1,-1,-1,-1,-1,2,0,2,0,2,0,0,0,0,2,2,2,2,2,2,2,2
3,-7084.483,3378.591,-101.546,117.067,-0.455032,-0.890467,0.003675,0.890475,-0.455029,0.001649,0.000204,0.004023,0.999992,0,0.45908,0.68439,0.946,0.084,-1,721.133,-1,735.638,-1,603.634,596.707,448.986,512.973,-1,-1,-1,-1,-1,-1,-1,-1,2,0,2,0,2,0,0,0,0,2,2,2,2,2,2,2,2
4,-7085.257,3379.896,-103.114,117.183,-0.456832,-0.889491,0.010520,0.889537,-0.456863,-0.000690,0.005420,0.009042,0.999944,0,0.45928,0.68374,1.517,0.116,-1,736.292,-1,744.016,17.158,612.487,604.772,452.936,499.143,-1,-1,-1,-1,-1,-1,-1,12.341,2,0,2,0,1,0,0,0,0,2,2,2,2,2,2,2,1
5,-7086.289,3381.577,-105.048,117.325,-0.459012,-0.888278,0.016402,0.888372,-0.459115,-0.002958,0.010158,0.013214,0.999861,0,0.45954,0.68285,1.973,0.142,-1,748.451,-1,750.754,17.974,619.293,611.113,454.977,486.240,-1,-1,-1,-1,-1,-1,-1,22.314,2,0,2,0,1,0,0,0,0,2,2,2,2,2,2,2,1
6,-7087.562,3383.421,-106.811,117.472,-0.461277,-0.887061,0.018591,0.887175,-0.461418,-0.003880,0.012020,0.014704,0.999820,0,0.45986,0.68178,2.241,0.147,-1,749.654,-1,750.835,17.831,619.271,611.265,453.414,478.781,-1,-1,-1,-1,-1,-1,-1,22.281,2,0,2,0,1,0,0,0,0,2,2,2,2,2,2,2,1
7,-7089.106,3385.316,-108.135,117.614,-0.463494,-0.885947,0.016482,0.886039,-0.463601,-0.003132,0.010416,0.013152,0.999859,0,0.46019,0.68069,2.444,0.143,-1,738.322,-1,743.318,17.785,611.569,604.425,448.236,477.898,-1,-1,-1,-1,-1,-1,-1,22.271,2,0,2,0,1,0,0,0,0,2,2,2,2,2,2,2,1
8,-7090.988,3387.304,-108.978,117.764,-0.465823,-0.884810,0.010938,0.884858,-0.465860,-0.001002,0.005982,0.009212,0.999940,0,0.46051,0.67964,2.737,0.150,-1,717.736,-1,730.245,18.040,598.171,592.492,440.568,482.592,-1,-1,-1,-1,-1,-1,-1,22.332,2,0,2,0,1,0,0,0,0,2,2,2,2,2,2,2,1
9,-7093.252,3389.476,-109.435,117.927,-0.468353,-0.883535,0.003462,0.883542,-0.468349,0.001923,-0.000078,0.003959,0.999992,0,0.46085,0.67851,3.138,0.163,-1,693.076,-1,714.787,18.174,582.181,578.380,431.895,490.828,-1,-1,-1,-1,-1,-1,-1,22.368,2,0,2,0,1,0,0,0,0,2,2,2,2,2,2,2,1
10,-7095.905,3391.955,-109.659,118.117,-0.471270,-0.881979,-0.004226,0.881966,-0.471287,0.004968,-0.006373,-0.001386,0.999979,0,0.46122,0.67727,3.631,0.190,-1,670.069,-1,700.161,18.117,566.723,564.989,423.685,500.145,-1,-1,-1,-1,-1,-1,-1,22.352,2,0,2,0,1,0,0,0,0,2,2,2,2,2,2,2,1
11,-7098.917,3394.854,-109.769,118.337,-0.474622,-0.880123,-0.010875,0.880110,-0.474709,0.007581,-0.011835,-0.005973,0.999912,0,0.46166,0.67581,4.181,0.220,-1,651.259,-1,688.614,17.904,553.942,554.260,416.879,508.654,-1,-1,-1,-1,-1,-1,-1,22.298,2,0,2,0,1,0,0,0,0,2,2,2,2,2,2,2,1
12,-7102.203,3398.265,-109.699,118.560,-0.478023,-0.878213,-0.015330,0.878210,-0.478184,0.009322,-0.015517,-0.009007,0.999839,0,0.52742,0.26071,4.736,0.223,-1,638.971,-1,682.344,17.498,545.961,548.098,412.670,514.865,-1,-1,-1,-1,-1,-1,-1,22.219,2,0,2,0,1,0,0,0,0,2,2,2,2,2,2,2,1
13,-7105.743,3402.225,-109.453,118.790,-0.481530,-0.876260,-0.017245,0.876259,-0.481731,0.010266,-0.017303,-0.010168,0.999799,0,0.52797,0.25912,5.312,0.230,8.222,633.692,-1,681.210,17.280,542.762,546.209,411.385,517.954,-1,-1,-1,-1,-1,-1,8.282,22.193,1,0,2,0,1,0,0,0,0,2,2,2,2,2,2,1,1
14,-7109.563,3406.734,-109.132,119.041,-0.485355,-0.874154,-0.016898,0.874142,-0.485554,0.010627,-0.017494,-0.009613,0.999801,0,0.52850,0.25758,5.910,0.251,-1,633.630,-1,684.019,17.057,543.320,547.606,412.540,517.841,-1,-1,-1,-1,-1,-1,-1,22.180,2,0,2,0,1,0,0,0,0,2,2,2,2,2,2,2,1
15,-7113.653,3411.742,-108.877,119.303,-0.489364,-0.871951,-0.015001,0.871922,-0.489530,0.010595,-0.016581,-0.007895,0.999831,0,0.52905,0.25596,6.466,0.263,-1,636.886,-1,689.232,16.848,546.200,551.090,415.140,515.234,-1,-1,-1,-1,-1,-1,-1,22.180,2,0,2,0,1,0,0,0,0,2,2,2,2,2,2,2,1
16,-7118.037,3417.236,-108.796,119.581,-0.493605,-0.869602,-0.012124,0.869560,-0.493723,0.010159,-0.014820,-0.005528,0.999875,0,0.52960,0.25434,7.028,0.278,-1,642.210,-1,696.035,16.659,550.616,555.981,418.316,510.851,-1,-1,-1,-1,-1,-1,-1,22.195,2,0,2,0,1,0,0,0,0,2,2,2,2,2,2,2,1
17,-7122.705,3423.151,-108.805,119.879,-0.498133,-0.867048,-0.009566,0.867004,-0.498212,0.009449,-0.012958,-0.003587,0.999910,0,0.53018,0.25267,7.535,0.298,-1,647.550,-1,703.462,16.518,554.988,561.406,420.795,507.131,-1,-1,-1,-1,-1,-1,-1,22.216,2,0,2,0,1,0,0,0,0,2,2,2,2,2,2,2,1
18,-7127.672,3429.427,-108.804,120.189,-0.502819,-0.864354,-0.008047,0.864314,-0.502877,0.008719,-0.011583,-0.002572,0.999930,0,0.53078,0.25090,8.004,0.310,-1,651.286,-1,710.517,16.276,558.246,566.077,422.090,505.325,-1,-1,-1,-1,-1,-1,-1,22.273,2,0,2,0,1,0,0,0,0,2,2,2,2,2,2,2,1
19,-7132.907,3436.090,-108.806,120.488,-0.507331,-0.861715,-0.007924,0.861676,-0.507387,0.008545,-0.011384,-0.002493,0.999932,0,0.53140,0.24909,8.473,0.299,-1,651.265,-1,715.150,16.060,558.920,568.335,422.135,505.347,-1,-1,-1,-1,-1,-1,-1,22.352,2,0,2,0,1,0,0,0,0,2,2,2,2,2,2,2,1
20,-7138.394,3443.081,-108.825,120.770,-0.511552,-0.859201,-0.009379,0.859155,-0.511628,0.009428,-0.012899,-0.003235,0.999912,0,0.53195,0.24748,8.887,0.282,-1,646.171,-1,714.777,15.959,555.868,566.848,421.000,506.932,-1,-1,-1,-1,-1,-1,-1,22.398,2,0,2,0,1,0,0,0,0,2,2,2,2,2,2,2,1
21,-7144.194,3450.393,-108.899,121.051,-0.515732,-0.856666,-0.011970,0.856608,-0.515851,0.010967,-0.015569,-0.004597,0.999868,0,0.53242,0.24612,9.334,0.280,-1,637.559,-1,711.057,15.835,550.231,562.812,418.887,509.519,-1,-1,-1,-1,-1,-1,-1,22.467,2,0,2,0,1,0,0,0,0,2,2,2,2,2,2,2,1
22,-7150.308,3458.100,-109.112,121.332,-0.519910,-0.854086,-0.015168,0.854017,-0.520092,0.012611,-0.018659,-0.006397,0.999805,0,0.53286,0.24485,9.837,0.282,-1,627.363,-1,706.111,15.688,543.571,557.714,415.945,512.563,-1,-1,-1,-1,-1,-1,-1,22.566,2,0,2,0,1,0,0,0,0,2,2,2,2,2,2,2,1
23,-7156.709,3466.250,-109.448,121.614,-0.524073,-0.851470,-0.018606,0.851398,-0.524334,0.013995,-0.021672,-0.008506,0.999729,0,0.53326,0.24365,10.364,0.282,-1,617.048,-1,701.554,15.520,536.887,552.714,412.446,515.898,-1,-1,-1,-1,-1,-1,-1,22.702,2,0,2,0,1,0,0,0,0,2,2,2,2,2,2,2,1
24,-7164.767,3476.568,-109.824,121.955,-0.529092,-0.848293,-0.021490,0.848199,-0.529437,0.015953,-0.024911,-0.009787,0.999642,0,0.53363,0.24257,13.091,0.341,-1,606.900,-1,696.438,15.508,530.141,547.592,409.938,517.448,-1,-1,-1,-1,-1,-1,-1,22.714,2,0,2,0,1,0,0,0,0,2,2,2,2,2,2,2,1
25,-7170.350,3483.743,-109.985,122.183,-0.532427,-0.846171,-0.022730,0.846048,-0.532820,0.017493,-0.026913,-0.009917,0.999589,0,0.53404,0.24138,9.092,0.227,-1,601.423,-1,693.263,15.390,526.415,544.841,409.367,517.242,-1,-1,-1,-1,-1,-1,-1,22.830,2,0,2,0,1,0,0,0,0,2,2,2,2,2,2,2,1
26,-7177.601,3493.122,-110.107,122.454,-0.536397,-0.843631,-0.023779,0.843475,-0.536833,0.018968,-0.028767,-0.009882,0.999537,0,0.53429,0.24067,11.855,0.271,9.221,596.652,-1,691.575,15.332,522.680,542.421,409.151,517.075,-1,-1,-1,-1,-1,-1,8.745,22.893,1,0,2,0,1,0,0,0,0,2,2,2,2,2,2,1,1
27,-7185.194,3502.934,-110.233,122.717,-0.540249,-0.841153,-0.024351,0.840985,-0.540706,0.019495,-0.029565,-0.009946,0.999513,0,0.53451,0.24001,12.406,0.263,10.868,594.388,-1,693.147,15.274,520.919,541.716,408.916,517.248,-1,-1,-1,-1,-1,-1,10.286,22.961,1,0,2,0,1,0,0,0,0,2,2,2,2,2,2,1,1
28,-7193.103,3513.158,-110.404,122.978,-0.544082,-0.838669,-0.024697,0.838503,-0.544548,0.019512,-0.029812,-0.010092,0.999505,0,0.53467,0.23956,12.927,0.262,8.626,593.285,-1,696.306,15.138,520.122,542.111,408.560,517.544,-1,-1,-1,-1,-1,-1,8.124,23.143,1,0,2,0,1,0,0,0,0,2,2,2,2,2,2,1,1
29,-7201.178,3523.619,-110.588,123.233,-0.547787,-0.836246,-0.024946,0.836059,-0.548267,0.020202,-0.030571,-0.009790,0.999485,0,0.27971,0.98796,13.215,0.254,13.309,591.339,-1,697.380,15.122,518.442,541.385,408.659,516.809,-1,-1,-1,-1,-1,-1,20.819,23.166,1,0,2,0,1,0,0,0,0,2,2,2,2,2,2,1,1
30,-7209.269,3534.114,-110.740,123.477,-0.551315,-0.833917,-0.025189,0.833674,-0.551819,0.021989,-0.032236,-0.008876,0.999441,0,0.27974,0.98778,13.252,0.244,13.268,587.931,-1,695.017,15.412,515.271,538.794,409.508,514.731,-1,-1,-1,-1,-1,-1,25.406,22.806,1,0,2,0,1,0,0,0,0,2,2,2,2,2,2,1,1
31,-7217.568,3544.524,-110.884,123.762,-0.555426,-0.831190,-0.025007,0.830875,-0.555939,0.024036,-0.033881,-0.007428,0.999398,0,0.27975,0.98773,13.314,0.285,13.324,584.899,-1,692.342,15.784,512.390,536.109,410.939,511.755,-1,-1,-1,-1,-1,-1,24.843,22.500,1,0,2,0,1,0,0,0,0,2,2,2,2,2,2,1,1
32,-7226.134,3554.778,-111.017,124.115,-0.560500,-0.827804,-0.024100,0.827395,-0.560995,0.026496,-0.035453,-0.005089,0.999358,0,0.27983,0.98726,13.361,0.353,13.359,582.336,-1,689.555,15.863,509.817,533.676,413.362,507.191,-1,-1,-1,-1,-1,-1,26.199,22.451,1,0,2,0,1,0,0,0,0,2,2,2,2,2,2,1,1
33,-7234.876,3564.942,-111.133,124.491,-0.565894,-0.824144,-0.023446,0.823646,-0.566372,0.028826,-0.037036,-0.002999,0.999309,0,0.28004,0.98608,13.407,0.377,13.488,579.492,-1,687.287,16.073,507.156,531.362,415.460,503.260,-1,-1,-1,-1,-1,-1,25.320,22.346,1,0,2,0,1,0,0,0,0,2,2,2,2,2,2,1,1
34,-7243.927,3574.957,-111.289,124.911,-0.571891,-0.820006,-0.023049,0.819453,-0.572353,0.030134,-0.037903,-0.001654,0.999280,0,0.28030,0.98465,13.499,0.420,13.458,577.408,-1,688.056,16.033,505.488,530.491,416.454,500.882,-1,-1,-1,-1,-1,-1,25.982,22.363,1,0,2,0,1,0,0,0,0,2,2,2,2,2,2,1,1
35,-7253.203,3584.915,-111.506,125.343,-0.578054,-0.815671,-0.023108,0.815121,-0.578514,0.029995,-0.037834,-0.001497,0.999283,0,0.28064,0.98276,13.608,0.432,13.592,576.372,-1,692.034,16.195,505.184,531.581,415.841,500.942,-1,-1,-1,-1,-1,-1,27.097,22.300,1,0,2,0,1,0,0,0,0,2,2,2,2,2,2,1,1
36,-7262.724,3594.743,-111.777,125.793,-0.584447,-0.811103,-0.023090,0.810577,-0.584901,0.029263,-0.037241,-0.001614,0.999305,0,0.28100,0.98074,13.684,0.450,13.452,576.047,-1,695.629,16.028,505.402,532.466,414.730,501.593,-1,-1,-1,-1,-1,-1,30.110,22.366,1,0,2,0,1,0,0,0,0,2,2,2,2,2,2,1,1
37,-7272.298,3604.635,-112.055,126.213,-0.590409,-0.806784,-0.022731,0.806297,-0.590844,0.028081,-0.036086,-0.001749,0.999347,0,0.28140,0.97851,13.767,0.421,13.432,577.143,-1,701.995,15.999,506.433,534.383,413.601,502.310,-1,-1,-1,-1,-1,-1,31.976,22.380,1,0,2,0,1,0,0,0,0,2,2,2,2,2,2,1,1
38,-7281.993,3614.487,-112.432,126.639,-0.596396,-0.802388,-0.022035,0.801917,-0.596801,0.027531,-0.035241,-0.001251,0.999378,0,0.28174,0.97662,13.822,0.425,13.665,578.300,-1,706.283,16.263,507.212,535.754,412.965,501.431,-1,-1,-1,-1,-1,-1,30.545,22.277,1,0,2,0,1,0,0,0,0,2,2,2,2,2,2,1,1
39,-7291.828,3624.143,-112.848,127.106,-0.602914,-0.797514,-0.021578,0.797013,-0.603300,0.028257,-0.035553,-0.000161,0.999368,0,0.28208,0.97469,13.783,0.468,13.576,576.732,-1,705.846,10.131,505.577,534.405,412.807,499.403,-1,-1,-1,-1,-1,-1,31.083,8.143,1,0,2,0,1,0,0,0,0,2,2,2,2,2,2,1,1
40,-7301.682,3633.849,-113.277,127.554,-0.609109,-0.792812,-0.020878,0.792270,-0.609465,0.029347,-0.035991,0.001335,0.999351,0,0.28251,0.97230,13.831,0.447,13.443,574.990,-1,704.565,11.407,503.808,532.742,413.129,496.776,-1,-1,-1,-1,-1,-1,34.383,9.245,1,0,2,0,1,0,0,0,0,2,2,2,2,2,2,1,1
41,-7311.559,3643.659,-113.720,127.969,-0.614832,-0.788401,-0.020143,0.787833,-0.615157,0.030022,-0.036060,0.002589,0.999346,0,0.28289,0.97015,13.921,0.415,13.457,573.961,-1,705.207,10.271,502.767,531.863,413.158,494.961,-1,-1,-1,-1,-1,-1,35.047,8.317,1,0,2,0,1,0,0,0,0,2,2,2,2,2,2,1,1
42,-7321.568,3653.412,-114.143,128.395,-0.620675,-0.783835,-0.019118,0.783244,-0.620955,0.030714,-0.035946,0.004089,0.999345,0,0.28321,0.96838,13.975,0.426,13.431,573.493,-1,705.191,13.609,502.102,531.245,413.513,492.760,-1,-1,-1,-1,-1,-1,36.473,11.042,1,0,2,0,1,0,0,0,0,2,2,2,2,2,2,1,1
43,-7331.593,3663.217,-114.491,128.805,-0.626287,-0.779392,-0.017657,0.778791,-0.626510,0.031134,-0.035328,0.005748,0.999359,0,0.28355,0.96651,14.023,0.411,13.421,574.592,-1,706.270,-1,502.789,532.238,414.285,490.516,-1,-1,-1,-1,-1,-1,39.258,-1,1,0,2,0,2,0,0,0,0,2,2,2,2,2,2,1,2
44,-7341.708,3672.951,-114.745,129.212,-0.631808,-0.774958,-0.016063,0.774346,-0.631967,0.031727,-0.034738,0.007607,0.999367,0,0.28385,0.96484,14.038,0.406,13.472,576.413,-1,707.343,-1,504.074,532.902,415.478,488.221,-1,-1,-1,-1,-1,-1,38.629,-1,1,0,2,0,2,0,0,0,0,2,2,2,2,2,2,1,2
45,-7351.963,3682.549,-115.009,129.639,-0.637571,-0.770252,-0.014699,0.769617,-0.637669,0.032685,-0.034549,0.009527,0.999358,0,0.28414,0.96321,14.046,0.427,13.609,577.404,-1,706.992,-1,504.069,532.626,416.648,485.783,-1,-1,-1,-1,-1,-1,37.623,-1,1,0,2,0,2,0,0,0,0,2,2,2,2,2,2,1,2
46,-7362.346,3692.118,-115.333,130.077,-0.643445,-0.765381,-0.013045,0.764732,-0.643472,0.033594,-0.034106,0.011640,0.999350,0,0.28447,0.96136,14.120,0.438,13.568,578.897,-1,707.922,-1,504.378,532.621,417.922,483.216,-1,-1,-1,-1,-1,-1,38.749,-1,1,0,2,0,2,0,0,0,0,2,2,2,2,2,2,1,2
47,-7372.861,3701.649,-115.696,130.521,-0.649375,-0.760391,-0.010871,0.759744,-0.649314,0.034361,-0.033187,0.014054,0.999350,0,0.28482,0.95941,14.191,0.444,13.434,581.600,-1,709.933,-1,505.515,533.373,419.519,480.577,-1,-1,-1,-1,-1,-1,39.767,-1,1,0,2,0,2,0,0,0,0,2,2,2,2,2,2,1,2
48,-7383.399,3711.258,-116.118,130.939,-0.654929,-0.755641,-0.008702,0.755022,-0.654790,0.034530,-0.031790,0.016044,0.999366,0,0.28517,0.95742,14.261,0.418,13.429,585.472,-1,713.635,-1,507.460,535.561,420.520,478.796,-1,-1,-1,-1,-1,-1,40.507,-1,1,0,2,0,2,0,0,0,0,2,2,2,2,2,2,1,2
49,-7393.920,3720.767,-116.468,131.337,-0.660164,-0.751085,-0.007443,0.750478,-0.659976,0.034856,-0.031092,0.017425,0.999365,0,0.28547,0.95574,14.182,0.397,13.608,587.563,-1,715.110,-1,508.677,536.878,420.827,478.258,-1,-1,-1,-1,-1,-1,40.966,-1,1,0,2,0,2,0,0,0,0,2,2,2,2,2,2,1,2
50,-7404.563,3730.081,-116.747,131.757,-0.665665,-0.746228,-0.005802,0.745619,-0.665402,0.035953,-0.030690,0.019607,0.999337,0,0.28574,0.95427,14.143,0.421,13.776,589.879,-1,715.507,-1,509.590,537.464,422.251,476.593,-1,-1,-1,-1,-1,-1,41.710,-1,1,0,2,0,2,0,0,0,0,2,2,2,2,2,2,1,2
51,-7415.284,3739.316,-117.008,132.200,-0.671417,-0.741071,-0.003684,0.740464,-0.671054,0.037406,-0.030193,0.022387,0.999293,0,0.28605,0.95254,14.150,0.443,14.163,592.811,-1,715.885,-1,510.731,537.627,424.502,474.024,-1,-1,-1,-1,-1,-1,40.993,-1,1,0,2,0,2,0,0,0,0,2,2,2,2,2,2,1,2
52,-7426.110,3748.357,-117.249,132.677,-0.677553,-0.735472,-0.001879,0.734843,-0.677075,0.039680,-0.030456,0.025505,0.999211,0,0.28640,0.95059,14.105,0.477,14.397,593.825,-1,713.232,-1,510.015,536.004,427.157,471.039,-1,-1,-1,-1,-1,-1,39.579,-1,1,0,2,0,2,0,0,0,0,2,2,2,2,2,2,1,2
53,-7437.112,3757.310,-117.448,133.182,-0.683985,-0.729496,-0.000654,0.728820,-0.683390,0.042429,-0.031398,0.028544,0.999099,0,0.54031,0.94826,14.185,0.505,14.437,592.931,-1,708.457,-1,507.759,533.119,429.727,468.523,-1,-1,-1,-1,-1,-1,39.336,-1,1,0,2,0,2,0,0,0,0,2,2,2,2,2,2,1,2
54,-7448.285,3766.270,-117.493,133.678,-0.690229,-0.723591,-0.000570,0.722841,-0.689548,0.044995,-0.032951,0.030644,0.998987,0,0.54119,0.94565,14.322,0.496,14.538,590.234,-1,703.273,-1,504.572,529.991,431.293,468.364,-1,-1,-1,-1,-1,-1,40.112,-1,1,0,2,0,2,0,0,0,0,2,2,2,2,2,2,1,2
55,-7459.782,3775.207,-117.426,134.188,-0.696611,-0.717449,-0.000070,0.716630,-0.695820,0.047714,-0.034281,0.033188,0.998861,0,0.54203,0.94316,14.562,0.511,14.358,589.038,-1,698.321,-1,502.402,527.479,433.650,467.839,-1,-1,-1,-1,-1,-1,41.542,-1,1,0,2,0,2,0,0,0,0,2,2,2,2,2,2,1,2
56,-7471.564,3784.342,-117.319,134.712,-0.703144,-0.711044,0.002363,0.710244,-0.702187,0.049860,-0.033794,0.036737,0.998753,0,0.54291,0.94054,14.908,0.524,14.128,595.408,-1,699.002,-1,504.309,528.629,437.656,466.206,-1,-1,-1,-1,-1,-1,42.904,-1,1,0,2,0,2,0,0,0,0,2,2,2,2,2,2,1,2
57,-7483.604,3793.679,-117.196,135.238,-0.709680,-0.704498,0.006135,0.703800,-0.708528,0.051512,-0.031944,0.040875,0.998654,0,0.54381,0.93788,15.236,0.526,13.752,606.077,-1,703.563,-1,509.126,532.556,442.695,464.052,-1,-1,-1,-1,-1,-1,41.513,-1,1,0,2,0,2,0,0,0,0,2,2,2,2,2,2,1,2
58,-7495.855,3803.172,-117.137,135.755,-0.716040,-0.697996,0.009374,0.697412,-0.714735,0.052626,-0.030033,0.044220,0.998570,0,0.54468,0.93529,15.498,0.517,13.644,616.527,-1,708.499,-1,513.847,536.208,446.544,463.144,-1,-1,-1,-1,-1,-1,38.525,-1,1,0,2,0,2,0,0,0,0,2,2,2,2,2,2,1,2
59,-7510.801,3814.500,-117.047,136.351,-0.723269,-0.690479,0.010973,0.689945,-0.721854,0.053871,-0.029276,0.046534,0.998488,0,0.54550,0.93288,18.754,0.596,13.518,623.219,-1,711.614,-1,516.340,538.574,448.609,464.728,-1,-1,-1,-1,-1,-1,37.699,-1,1,0,2,0,2,0,0,0,0,2,2,2,2,2,2,1,2
60,-7520.990,3822.111,-117.021,136.735,-0.727892,-0.685585,0.012097,0.685095,-0.726409,0.054536,-0.028601,0.047984,0.998439,0,0.54638,0.93026,12.718,0.384,13.521,627.472,-1,714.791,-1,518.526,540.494,449.761,466.087,-1,-1,-1,-1,-1,-1,39.529,-1,1,0,2,0,2,0,0,0,0,2,2,2,2,2,2,1,2
61,-7533.978,3831.778,-117.065,137.219,-0.733683,-0.679347,0.014009,0.678952,-0.732124,0.054947,-0.027072,0.049825,0.998391,0,0.54691,0.92869,16.190,0.484,13.541,636.803,-1,720.020,-1,522.512,544.119,451.205,467.699,-1,-1,-1,-1,-1,-1,38.960,-1,1,0,2,0,2,0,0,0,0,2,2,2,2,2,2,1,2
62,-7547.237,3841.475,-117.187,137.704,-0.739444,-0.673027,0.016016,0.672738,-0.737810,0.055326,-0.025419,0.051685,0.998340,0,0.54755,0.92678,16.427,0.486,13.628,646.371,-1,725.374,-1,526.543,547.657,452.526,469.151,-1,-1,-1,-1,-1,-1,39.320,-1,1,0,2,0,2,0,0,0,0,2,2,2,2,2,2,1,2
63,-7560.734,3851.044,-117.231,138.198,-0.745228,-0.666578,0.017591,0.666365,-0.743509,0.056143,-0.024344,0.053562,0.998268,0,0.54818,0.92491,16.545,0.493,13.962,654.358,-1,729.467,-1,529.453,550.510,453.906,470.742,-1,-1,-1,-1,-1,-1,38.842,-1,1,0,2,0,2,0,0,0,0,2,2,2,2,2,2,1,2
64,-7574.511,3860.382,-117.209,138.724,-0.751319,-0.659692,0.018086,0.659488,-0.749510,0.057535,-0.024399,0.055155,0.998180,0,0.54884,0.92296,16.643,0.526,14.064,657.329,-1,730.620,-1,529.907,550.650,454.822,473.394,-1,-1,-1,-1,-1,-1,38.320,-1,1,0,2,0,2,0,0,0,0,2,2,2,2,2,2,1,2
65,-7588.616,3869.675,-117.314,139.285,-0.757747,-0.652258,0.019472,0.652109,-0.755805,0.059273,-0.023944,0.057612,0.998052,0,0.54963,0.92064,16.891,0.561,14.031,661.389,-1,731.620,-1,531.811,551.204,456.745,474.490,-1,-1,-1,-1,-1,-1,38.531,-1,1,0,2,0,2,0,0,0,0,2,2,2,2,2,2,1,2
66,-7602.967,3879.042,-117.562,139.859,-0.764266,-0.644542,0.021533,0.644497,-0.762180,0.060867,-0.022819,0.060397,0.997914,0,0.55051,0.91800,17.138,0.574,14.097,669.421,-1,732.275,-1,535.016,552.719,458.905,474.860,-1,-1,-1,-1,-1,-1,38.552,-1,1,0,2,0,2,0,0,0,0,2,2,2,2,2,2,1,2
67,-7617.561,3888.401,-117.893,140.440,-0.770783,-0.636650,0.023877,0.636734,-0.768539,0.062589,-0.021497,0.063446,0.997754,0,0.55142,0.91531,17.337,0.581,13.775,678.127,-1,733.077,-1,538.435,554.384,461.287,474.668,-1,-1,-1,-1,-1,-1,38.846,-1,1,0,2,0,2,0,0,0,0,2,2,2,2,2,2,1,2
68,-7632.305,3897.755,-118.171,140.990,-0.776867,-0.629147,0.025531,0.629330,-0.774494,0.064051,-0.020524,0.065827,0.997620,0,0.55234,0.91260,17.461,0.549,13.921,684.902,-1,733.951,-1,541.216,555.828,462.683,475.656,-1,-1,-1,-1,-1,-1,39.512,-1,1,0,2,0,2,0,0,0,0,2,2,2,2,2,2,1,2
69,-7647.412,3907.096,-118.488,141.563,-0.783149,-0.621195,0.028165,0.621547,-0.780609,0.065794,-0.018885,0.069032,0.997436,0,0.81160,0.32749,17.762,0.573,13.548,692.593,-1,735.889,-1,544.655,558.167,465.299,475.382,-1,-1,-1,-1,-1,-1,39.553,-1,1,0,2,0,2,0,0,0,0,2,2,2,2,2,2,1,2
70,-7662.834,3916.769,-118.919,142.098,-0.788948,-0.613705,0.030466,0.614233,-0.786340,0.066234,-0.016691,0.070968,0.997339,0,0.81285,0.32497,18.204,0.535,13.366,701.893,-1,739.472,-1,549.331,561.910,465.661,477.019,-1,-1,-1,-1,-1,-1,37.890,-1,1,0,2,0,2,0,0,0,0,2,2,2,2,2,2,1,2
71,-7678.513,3926.734,-119.370,142.539,-0.793683,-0.607515,0.031500,0.608154,-0.791136,0.065206,-0.014693,0.070910,0.997375,0,0.81381,0.32301,18.577,0.442,13.736,709.908,-1,742.429,-1,554.437,565.887,462.951,482.150,-1,-1,-1,-1,-1,-1,29.730,-1,1,0,2,0,2,0,0,0,0,2,2,2,2,2,2,1,2
72,-7694.080,3937.503,-119.812,142.708,-0.795493,-0.605195,0.030512,0.605838,-0.793294,0.060372,-0.012332,0.066511,0.997709,0,0.81423,0.32218,18.929,0.168,14.640,714.622,-1,752.267,-1,560.818,571.881,454.150,493.977,-1,-1,-1,-1,-1,-1,24.139,-1,1,0,2,0,2,0,0,0,0,2,2,2,2,2,2,1,2
73,-7712.381,3951.716,-120.332,142.557,-0.793943,-0.607265,0.029730,0.607956,-0.792416,0.049656,-0.006596,0.057499,0.998324,0,0.81310,0.32446,23.172,-0.150,15.216,724.521,-1,778.305,-1,573.186,588.188,438.765,514.532,-1,-1,-1,-1,-1,-1,23.035,-1,1,0,2,0,2,0,0,0,0,2,2,2,2,2,2,1,2
74,-7724.485,3961.980,-120.794,142.283,-0.791039,-0.611006,0.030500,0.611766,-0.790032,0.039898,-0.000282,0.050220,0.998738,0,0.80969,0.33135,15.870,-0.275,15.204,737.958,-1,805.909,-1,587.249,605.311,427.125,530.543,-1,-1,-1,-1,-1,-1,23.052,-1,1,0,2,0,2,0,0,0,0,2,2,2,2,2,2,1,2
75,-7739.795,3975.355,-121.460,141.871,-0.786591,-0.616570,0.033395,0.617402,-0.786176,0.027246,0.009455,0.042049,0.999071,0,0.80636,0.33807,20.330,-0.411,15.349,761.853,-1,845.091,-1,610.111,631.935,414.883,549.483,-1,-1,-1,-1,-1,-1,22.874,-1,1,0,2,0,2,0,0,0,0,2,2,2,2,2,2,1,2
76,-7754.938,3989.229,-121.764,141.426,-0.781682,-0.622602,0.036613,0.623435,-0.781668,0.018020,0.017400,0.036912,0.999167,0,0.80171,0.34747,20.537,-0.446,15.334,785.100,-1,876.938,-1,631.611,654.006,408.171,563.721,-1,-1,-1,-1,-1,-1,22.891,-1,1,0,2,0,2,0,0,0,0,2,2,2,2,2,2,1,2
77,-7769.802,4003.582,-121.608,140.987,-0.776816,-0.628481,0.039614,0.629342,-0.777004,0.013915,0.022035,0.035740,0.999118,0,0.79673,0.35753,20.663,-0.439,15.166,799.459,-1,895.686,-1,645.552,667.987,408.145,570.973,-1,-1,-1,-1,-1,-1,23.103,-1,1,0,2,0,2,0,0,0,0,2,2,2,2,2,2,1,2
78,-7784.554,4018.240,-121.295,140.591,-0.772440,-0.633706,0.041868,0.634684,-0.772619,0.015358,0.022616,0.038436,0.999005,0,0.79163,0.36784,20.795,-0.396,15.139,805.101,-1,896.833,-1,650.030,672.171,414.298,570.448,-1,-1,-1,-1,-1,-1,23.144,-1,1,0,2,0,2,0,0,0,0,2,2,2,2,2,2,1,2
79,-7802.115,4036.194,-121.049,140.155,-0.767661,-0.639468,0.042157,0.640619,-0.767505,0.023332,0.017435,0.044918,0.998839,0,0.78662,0.37796,25.115,-0.437,15.141,796.211,-1,874.604,-1,642.603,662.104,427.412,562.713,-1,-1,-1,-1,-1,-1,23.141,-1,1,0,2,0,2,0,0,0,0,2,2,2,2,2,2,1,2
80,-7813.816,4048.409,-121.200,139.868,-0.764515,-0.643277,0.041383,0.644500,-0.763976,0.030989,0.011681,0.050362,0.998663,0,0.78063,0.39005,16.915,-0.286,11.509,783.361,-1,850.912,-1,632.377,649.453,441.050,554.614,-1,-1,-1,-1,-1,-1,9.750,-1,1,0,2,0,2,0,0,0,0,2,2,2,2,2,2,1,2
81,-7828.498,4064.048,-121.910,139.505,-0.760458,-0.648164,0.039835,0.649378,-0.759338,0.041402,0.003413,0.057352,0.998348,0,0.77657,0.39826,21.451,-0.363,-1,763.351,-1,817.781,-1,616.404,630.588,457.615,543.095,-1,-1,-1,-1,-1,-1,13.656,-1,2,0,2,0,2,0,0,0,0,2,2,2,2,2,2,1,2
82,-7843.343,4080.162,-123.340,139.127,-0.756154,-0.653285,0.038073,0.654374,-0.754398,0.051757,-0.005090,0.064050,0.997934,0,0.77131,0.40888,21.910,-0.378,-1,741.048,-1,784.080,-1,598.394,610.493,472.463,530.790,-1,-1,-1,-1,-1,-1,13.276,-1,2,0,2,0,2,0,0,0,0,2,2,2,2,2,2,1,2
83,-7858.387,4096.804,-125.476,138.708,-0.751296,-0.658952,0.036557,0.659837,-0.748906,0.061276,-0.013001,0.070158,0.997451,0,0.76582,0.41999,22.434,-0.419,15.320,718.561,-1,752.510,-1,580.548,591.004,485.071,518.297,-1,-1,-1,-1,-1,-1,22.907,-1,1,0,2,0,2,0,0,0,0,2,2,2,2,2,2,1,2
84,-7873.664,4113.983,-128.186,138.268,-0.746122,-0.664825,0.036192,0.665520,-0.743092,0.069972,-0.019625,0.076294,0.996892,0,0.75992,0.43189,22.989,-0.440,15.427,698.415,-1,724.187,-1,564.443,573.348,500.622,504.783,-1,-1,-1,-1,-1,-1,22.794,-1,1,0,2,0,2,0,0,0,0,2,2,2,2,2,2,1,2
85,-7889.095,4131.675,-131.285,137.786,-0.740387,-0.671241,0.035540,0.671669,-0.736723,0.078110,-0.026247,0.081703,0.996311,0,0.75372,0.44442,23.476,-0.482,15.404,677.106,-1,696.753,-1,547.937,555.619,514.686,491.487,-1,-1,-1,-1,-1,-1,22.817,-1,1,0,2,0,2,0,0,0,0,2,2,2,2,2,2,1,2
86,-7905.127,4149.610,-134.597,137.399,-0.735692,-0.676344,0.036276,0.676530,-0.731205,0.087438,-0.032613,0.088869,0.995509,0,0.74712,0.45776,24.056,-0.387,14.671,657.476,-1,668.327,-1,531.761,537.551,532.952,475.604,-1,-1,-1,-1,-1,-1,24.058,-1,1,0,2,0,2,0,0,0,0,2,2,2,2,2,2,1,2
87,-7922.126,4167.484,-137.685,137.213,-0.733355,-0.678801,0.037680,0.678774,-0.727961,0.096637,-0.038168,0.096446,0.994606,0,0.74082,0.47048,24.666,-0.185,13.927,641.298,-1,641.769,14.077,517.167,520.752,553.277,460.859,-1,-1,-1,-1,-1,-1,27.638,26.511,1,0,2,0,1,0,0,0,0,2,2,2,2,2,2,1,1
88,-7940.147,4185.038,-140.068,137.247,-0.733618,-0.678490,0.038148,0.678212,-0.727468,0.104015,-0.042822,0.102180,0.993844,0,0.73542,0.48141,25.157,0.034,13.512,627.689,-1,619.756,14.633,504.777,506.636,572.023,451.619,-1,-1,-1,-1,-1,-1,34.371,24.160,1,0,2,0,1,0,0,0,0,2,2,2,2,2,2,1,1
89,-7959.331,4202.050,-141.547,137.529,-0.736854,-0.674954,0.038524,0.674509,-0.730129,0.109314,-0.045654,0.106534,0.993260,0,0.73102,0.49028,25.640,0.282,13.441,618.531,-1,603.728,14.762,496.509,496.803,589.464,447.661,-1,-1,-1,-1,-1,1004.906,34.164,23.835,1,0,2,0,1,0,0,0,0,2,2,2,2,2,0,1,1
90,-7979.387,4218.758,-142.209,137.901,-0.741167,-0.670319,0.036673,0.669661,-0.734391,0.110560,-0.047178,0.106502,0.993193,0,0.72783,0.49674,26.104,0.372,13.450,610.048,-1,594.891,14.747,490.707,490.263,596.717,450.682,-1,-1,-1,-1,-1,985.167,30.821,23.871,1,0,2,0,1,0,0,0,0,2,2,2,2,2,0,1,1
91,-8000.042,4235.438,-142.441,138.254,-0.745223,-0.666011,0.032751,0.665041,-0.738762,0.109322,-0.048615,0.103250,0.993467,0,0.72498,0.50248,26.549,0.353,13.420,601.211,-1,589.394,14.811,485.595,485.466,595.855,460.115,-1,-1,-1,-1,-1,972.754,29.082,23.726,1,0,2,0,1,0,0,0,0,2,2,2,2,2,0,1,1
92,-8020.999,4251.784,-142.080,138.592,-0.749150,-0.661809,0.027972,0.660642,-0.743421,0.104292,-0.048226,0.096610,0.994153,0,0.72189,0.50873,26.578,0.338,13.344,596.252,-1,591.054,15.000,484.058,485.226,587.404,477.605,-1,-1,-1,-1,-1,976.243,23.394,23.360,1,0,2,0,1,0,0,0,0,2,2,2,2,2,0,1,1
93,-8042.044,4267.484,-140.003,138.974,-0.753851,-0.656390,0.029330,0.655904,-0.749163,0.092441,-0.038704,0.088925,0.995286,0,0.71865,0.51527,26.257,0.382,13.438,614.308,-1,615.869,14.770,498.964,501.712,583.424,499.982,-1,-1,-1,-1,-1,-1,37.160,23.817,1,0,2,0,1,0,0,0,0,2,2,2,2,2,2,1,1
94,-8063.287,4283.380,-136.490,139.348,-0.758510,-0.650469,0.039397,0.651319,-0.754767,0.078169,-0.021111,0.084952,0.996161,0,0.71564,0.52136,26.532,0.373,13.880,657.450,-1,660.888,14.134,531.448,534.907,596.375,521.784,-1,-1,-1,-1,-1,-1,28.055,26.171,1,0,2,0,1,0,0,0,0,2,2,2,2,2,2,1,1
95,-8084.058,4299.837,-132.785,139.541,-0.760860,-0.646894,0.051190,0.648900,-0.757917,0.067010,-0.004551,0.084202,0.996438,0,0.34550,0.58015,26.500,0.193,13.613,710.231,-1,705.998,-1,563.031,567.381,619.522,538.596,-1,-1,-1,-1,-1,-1,31.767,-1,1,0,2,0,2,0,0,0,0,2,2,2,2,2,2,1,2
96,-8104.520,4315.962,-129.600,139.789,-0.763657,-0.642731,0.061031,0.645592,-0.761110,0.062628,0.006199,0.087227,0.996169,0,0.34336,0.58904,26.052,0.248,-1,754.018,-1,734.181,-1,586.417,589.706,650.402,546.476,-1,-1,-1,-1,-1,-1,-1,-1,2,0,2,0,2,0,0,0,0,2,2,2,2,2,2,2,2
97,-8124.760,4331.842,-127.173,140.077,-0.766842,-0.638113,0.069027,0.641711,-0.764366,0.062863,0.012648,0.092501,0.995632,0,0.34134,0.59745,25.727,0.288,-1,788.878,-1,747.310,-1,602.667,602.577,685.534,546.728,-1,-1,-1,-1,-1,-1,-1,-1,2,0,2,0,2,0,0,0,0,2,2,2,2,2,2,2,2
98,-8144.863,4347.520,-125.688,140.381,-0.770199,-0.633297,0.075687,0.637597,-0.767526,0.066134,0.016209,0.099194,0.994936,0,0.33939,0.60561,25.493,0.304,-1,814.376,-1,749.312,-1,611.223,607.394,722.614,542.026,-1,-1,-1,-1,-1,-1,-1,-1,2,0,2,0,2,0,0,0,0,2,2,2,2,2,2,2,2
99,-8168.847,4366.116,-125.282,140.745,-0.774215,-0.627634,0.081650,0.632674,-0.771062,0.072024,0.017752,0.107420,0.994055,0,0.33743,0.61375,30.349,0.364,-1,832.381,-1,740.568,-1,612.362,604.819,761.448,533.333,-1,-1,-1,-1,-1,-1,-1,-1,2,0,2,0,2,0,0,0,0,2,2,2,2,2,2,2,2
100,-8184.783,4378.379,-125.854,140.961,-0.776597,-0.624381,0.083938,0.629760,-0.773042,0.076208,0.017305,0.112043,0.993553,0,0.33503,0.62378,20.108,0.216,-1,835.281,-1,729.590,-1,608.316,599.330,779.392,527.242,-1,-1,-1,-1,-1,-1,-1,-1,2,0,2,0,2,0,0,0,0,2,2,2,2,2,2,2,2
101,-8204.645,4393.520,-127.493,141.208,-0.779337,-0.620854,0.084703,0.626428,-0.775181,0.081748,0.014907,0.116769,0.993047,0,0.33332,0.63088,24.975,0.247,-1,827.310,-1,710.037,-1,599.091,587.311,794.610,518.596,-1,-1,-1,-1,-1,-1,-1,-1,2,0,2,0,2,0,0,0,0,2,2,2,2,2,2,2,2
102,-8224.699,4406.841,-129.996,141.703,-0.784783,-0.613978,0.084535,0.619723,-0.779078,0.094765,0.007676,0.126758,0.991904,0,0.33110,0.64012,24.076,0.495,-1,804.730,-1,671.561,-1,579.119,562.545,826.340,499.648,-1,-1,-1,-1,-1,-1,-1,-1,2,0,2,0,2,0,0,0,0,2,2,2,2,2,2,2,2
103,-8244.547,4419.522,-133.227,142.345,-0.791694,-0.605727,0.079467,0.610905,-0.784121,0.109312,-0.003902,0.135089,0.990826,0,0.32962,0.64629,23.553,0.642,-1,762.872,-1,624.333,-1,549.093,529.140,849.515,482.375,-1,-1,-1,-1,-1,-1,-1,-1,2,0,2,0,2,0,0,0,0,2,2,2,2,2,2,2,2
104,-8268.144,4434.487,-138.134,143.056,-0.799023,-0.597538,0.067162,0.600885,-0.789323,0.126117,-0.022347,0.141127,0.989739,0,0.32851,0.65090,27.942,0.711,-1,693.690,-1,563.083,-1,503.890,482.485,856.481,464.989,-1,-1,-1,-1,-1,918.651,-1,-1,2,0,2,0,2,0,0,0,0,2,2,2,2,2,0,2,2
105,-8283.897,4444.113,-142.083,143.547,-0.803800,-0.592206,0.056549,0.593753,-0.792717,0.138046,-0.036924,0.144538,0.988810,0,0.32700,0.65720,18.462,0.491,-1,642.535,-1,520.096,-1,470.246,448.481,859.429,452.669,-1,-1,-1,-1,-1,831.707,-1,-1,2,0,2,0,2,0,0,0,0,2,2,2,2,2,0,2,2
106,-8303.863,4455.305,-147.404,144.300,-0.810789,-0.583862,0.041553,0.582621,-0.798154,0.153307,-0.056345,0.148509,0.987305,0,0.32603,0.66126,22.889,0.752,-1,579.373,-1,466.967,15.830,428.005,405.775,863.594,437.489,-1,-1,-1,-1,-1,726.684,-1,22.471,2,0,2,0,1,0,0,0,0,2,2,2,2,2,0,2,1
107,-8324.319,4465.820,-152.176,145.057,-0.817674,-0.575094,0.025987,0.571331,-0.805129,0.159209,-0.070638,0.145028,0.986903,0,0.32517,0.66485,23.001,0.757,-1,529.290,-1,429.928,16.063,395.735,374.391,843.211,434.584,-1,-1,-1,-1,999.951,658.776,-1,22.350,2,0,2,0,1,0,0,0,0,2,2,2,2,0,0,2,1
108,-8345.295,4475.541,-156.143,145.784,-0.824524,-0.565689,0.012524,0.560685,-0.813852,0.152568,-0.076113,0.132818,0.988214,0,0.32430,0.66847,23.119,0.727,-1,497.924,-1,412.751,16.816,377.072,357.874,818.523,446.730,-1,-1,-1,-1,922.168,632.032,-1,22.182,2,0,2,0,1,0,0,0,0,2,2,2,2,0,0,2,1
109,-8367.100,4483.192,-158.920,146.679,-0.833483,-0.552503,0.006841,0.547923,-0.824848,0.139305,-0.071324,0.119857,0.990226,0,0.32335,0.67243,23.108,0.896,24.988,491.566,-1,413.064,17.786,374.463,355.800,792.784,464.299,-1,-1,-1,-1,912.192,640.954,32.783,22.271,1,0,2,0,1,0,0,0,0,2,2,2,2,0,0,1,1
110,-8388.840,4488.447,-160.437,147.751,-0.844259,-0.535885,0.007329,0.532665,-0.837521,0.121761,-0.059112,0.106701,0.992532,0,0.32292,0.67423,22.366,1.072,34.620,504.261,-1,427.813,18.478,384.364,364.858,766.666,487.072,-1,-1,-1,-1,952.527,677.248,36.015,22.460,1,0,2,0,1,0,0,0,0,2,2,2,2,0,0,1,1
111,-8409.651,4492.527,-160.769,148.856,-0.854993,-0.518549,0.009636,0.516668,-0.849978,0.102914,-0.045176,0.092969,0.994644,0,0.32313,0.67334,21.208,1.105,34.604,523.874,-1,448.923,18.779,399.609,380.553,742.189,516.393,-1,-1,-1,-1,1007.590,729.575,36.272,22.563,1,0,2,0,1,0,0,0,0,2,2,2,2,0,0,1,1
112,-8429.370,4495.768,-159.996,149.904,-0.864725,-0.502084,0.012733,0.501175,-0.860949,0.087127,-0.032783,0.081722,0.996116,0,0.32356,0.67152,19.983,1.049,32.495,545.804,-1,473.664,18.689,417.966,399.513,724.035,544.746,-1,-1,-1,-1,-1,779.103,33.986,22.531,1,0,2,0,1,0,0,0,0,2,2,2,2,2,0,1,1
113,-8448.046,4498.649,-158.559,150.897,-0.873498,-0.486579,0.015555,0.486251,-0.870464,0.076499,-0.023683,0.074385,0.996948,0,0.32399,0.66974,18.897,0.992,26.537,565.809,-1,494.168,18.661,434.364,415.167,714.279,568.903,-1,-1,-1,-1,-1,818.466,27.735,22.521,1,0,2,0,1,0,0,0,0,2,2,2,2,2,0,1,1
114,-8465.560,4501.383,-156.586,151.921,-0.882136,-0.470712,0.016344,0.470604,-0.879458,0.071315,-0.019194,0.070601,0.997320,0,0.32436,0.66821,17.726,1.024,22.761,578.725,-1,504.655,18.408,445.478,425.430,709.180,586.286,-1,-1,-1,-1,-1,837.203,23.633,22.437,1,0,2,0,1,0,0,0,0,2,2,2,2,2,0,1,1
115,-8482.331,4504.464,-154.447,152.858,-0.889735,-0.456221,0.015307,0.456119,-0.887210,0.069381,-0.018073,0.068713,0.997473,0,0.32487,0.66610,17.052,0.937,11.098,585.105,-1,510.659,18.799,451.753,431.715,707.640,598.971,-1,-1,-1,-1,-1,844.487,11.641,22.570,1,0,2,0,1,0,0,0,0,2,2,2,2,2,0,1,1
116,-8498.341,4507.022,-152.372,153.796,-0.897046,-0.441765,0.012343,0.441478,-0.894492,0.070579,-0.020139,0.068762,0.997430,0,0.32514,0.66497,16.213,0.938,-1,584.769,-1,509.521,18.694,452.981,432.523,707.612,607.155,-1,-1,-1,-1,-1,836.248,-1,22.532,2,0,2,0,1,0,0,0,0,2,2,2,2,2,0,2,1
117,-8513.748,4508.961,-150.497,154.817,-0.904709,-0.425948,0.008361,0.425399,-0.902128,0.072115,-0.023175,0.068799,0.997361,0,0.32550,0.66346,15.529,1.021,-1,581.257,-1,505.797,18.665,452.025,431.299,705.611,614.428,-1,-1,-1,-1,-1,824.222,-1,22.522,2,0,2,0,1,0,0,0,0,2,2,2,2,2,0,2,1
118,-8528.800,4510.489,-148.950,155.796,-0.911810,-0.410586,0.004710,0.409851,-0.909359,0.071328,-0.025003,0.066968,0.997442,0,0.32615,0.66075,15.129,0.980,-1,577.963,-1,504.574,18.655,452.017,431.594,701.102,625.250,-1,-1,-1,-1,-1,818.055,-1,22.519,2,0,2,0,1,0,0,0,0,2,2,2,2,2,0,2,1
119,-8543.501,4511.572,-147.731,156.713,-0.918255,-0.395986,0.001926,0.395208,-0.916125,0.067270,-0.024874,0.062532,0.997733,0,0.32675,0.65827,14.741,0.917,-1,576.402,-1,507.531,18.659,454.091,435.213,693.576,638.247,-1,-1,-1,-1,-1,822.195,-1,22.520,2,0,2,0,1,0,0,0,0,2,2,2,2,2,0,2,1
120,-8557.871,4512.326,-146.922,157.548,-0.923951,-0.382510,-0.000078,0.381799,-0.922246,0.060766,-0.023316,0.056115,0.998152,0,0.32724,0.65621,14.390,0.835,-1,575.696,-1,515.068,18.849,457.304,440.734,684.098,653.732,-1,-1,-1,-1,-1,834.500,-1,22.588,2,0,2,0,1,0,0,0,0,2,2,2,2,2,0,2,1
121,-8571.996,4512.937,-146.515,158.362,-0.929332,-0.369244,-0.001247,0.368655,-0.928031,0.053408,-0.020878,0.049174,0.998572,0,0.32757,0.65483,14.138,0.814,-1,575.578,-1,523.834,18.701,460.714,446.604,674.026,670.117,-1,-1,-1,-1,-1,849.949,-1,22.535,2,0,2,0,1,0,0,0,0,2,2,2,2,2,0,2,1
122,-8585.765,4513.186,-146.347,159.171,-0.934490,-0.355987,-0.001602,0.355523,-0.933486,0.046986,-0.018222,0.043338,0.998894,0,0.32786,0.65364,13.771,0.809,16.508,576.109,-1,531.933,18.669,464.131,452.180,665.016,683.215,-1,-1,-1,-1,-1,864.000,17.256,22.524,1,0,2,0,1,0,0,0,0,2,2,2,2,2,0,1,1
123,-8599.051,4513.380,-146.273,159.904,-0.939003,-0.343906,-0.001409,0.343558,-0.938223,0.041296,-0.015524,0.038293,0.999146,0,0.27832,0.77871,13.288,0.733,21.913,577.195,-1,539.456,18.661,467.618,457.553,657.636,694.307,-1,-1,-1,-1,-1,881.605,22.903,22.521,1,0,2,0,1,0,0,0,0,2,2,2,2,2,0,1,1
124,-8611.784,4513.538,-146.214,160.614,-0.943221,-0.332163,-0.001095,0.331895,-0.942584,0.037155,-0.013373,0.034682,0.999309,0,0.27846,0.77805,12.734,0.711,21.839,577.764,-1,545.104,18.661,470.425,462.105,651.993,700.537,-1,-1,-1,-1,-1,895.405,22.827,22.521,1,0,2,0,1,0,0,0,0,2,2,2,2,2,0,1,1
125,-8623.967,4513.550,-146.187,161.309,-0.947191,-0.320667,-0.001470,0.320432,-0.946652,0.034241,-0.012372,0.031962,0.999413,0,0.27858,0.77747,12.183,0.695,-1,576.131,-1,548.286,18.665,471.344,464.558,647.178,701.043,-1,-1,-1,-1,-1,903.181,-1,22.522,2,0,2,0,1,0,0,0,0,2,2,2,2,2,0,2,1
126,-8635.582,4513.429,-146.215,162.000,-0.950974,-0.309250,-0.003497,0.308996,-0.950547,0.031341,-0.013017,0.028724,0.999503,0,0.27870,0.77684,11.616,0.690,-1,570.222,-1,548.574,18.661,469.192,464.114,641.513,702.982,-1,-1,-1,-1,-1,906.107,-1,22.521,2,0,2,0,1,0,0,0,0,2,2,2,2,2,0,2,1
127,-8646.771,4513.132,-146.297,162.706,-0.954682,-0.297548,-0.006913,0.297240,-0.954364,0.028940,-0.015208,0.025573,0.999557,0,0.27887,0.77602,11.193,0.706,-1,560.763,-1,545.599,18.656,464.101,460.862,635.498,704.404,-1,-1,-1,-1,-1,904.931,-1,22.519,2,0,2,0,1,0,0,0,0,2,2,2,2,2,0,2,1
128,-8657.739,4512.893,-146.394,163.364,-0.957989,-0.286593,-0.011030,0.286243,-0.957810,0.025793,-0.017956,0.021553,0.999606,0,0.27911,0.77485,10.970,0.658,-1,549.776,-1,542.019,18.657,457.666,456.803,629.097,708.726,-1,-1,-1,-1,-1,901.939,-1,22.519,2,0,2,0,1,0,0,0,0,2,2,2,2,2,0,2,1
129,-8668.537,4512.526,-146.480,163.992,-0.961016,-0.276066,-0.015395,0.275703,-0.960988,0.022132,-0.020904,0.017024,0.999637,0,0.27924,0.77420,10.804,0.628,-1,538.373,-1,538.419,18.657,450.761,452.566,622.479,714.944,-1,-1,-1,-1,-1,898.680,-1,22.519,2,0,2,0,1,0,0,0,0,2,2,2,2,2,0,2,1
130,-8679.069,4511.910,-146.468,164.605,-0.963848,-0.265715,-0.019839,0.265391,-0.963982,0.017516,-0.023779,0.011618,0.999650,0,0.27932,0.77381,10.550,0.613,-1,527.106,-1,535.798,18.659,444.144,448.721,615.202,724.418,-1,-1,-1,-1,984.572,897.753,-1,22.520,2,0,2,0,1,0,0,0,0,2,2,2,2,0,0,2,1
131,-8689.242,4510.935,-146.279,165.219,-0.966567,-0.255253,-0.024353,0.255037,-0.966861,0.011655,-0.026520,0.005054,0.999636,0,0.27940,0.77341,10.220,0.614,-1,516.106,-1,535.064,18.659,438.019,445.422,606.729,738.361,-1,-1,-1,-1,951.450,900.447,-1,22.520,2,0,2,0,1,0,0,0,0,2,2,2,2,0,0,2,1
132,-8699.137,4509.717,-145.919,165.815,-0.969093,-0.244985,-0.028999,0.244953,-0.969524,0.004706,-0.029268,-0.002542,0.999568,0,0.27954,0.77271,9.969,0.596,-1,505.214,-1,535.732,18.661,432.186,442.720,595.602,757.252,-1,-1,-1,-1,918.709,905.659,-1,22.522,2,0,2,0,1,0,0,0,0,2,2,2,2,0,0,2,1
133,-8708.596,4508.219,-145.333,166.401,-0.971449,-0.234771,-0.034200,0.235001,-0.971991,-0.002807,-0.032583,-0.010764,0.999411,0,0.27969,0.77202,9.577,0.586,-1,493.730,-1,536.246,18.661,425.952,439.652,583.097,780.351,-1,-1,-1,-1,884.420,910.687,-1,22.521,2,0,2,0,1,0,0,0,0,2,2,2,2,0,0,2,1
134,-8717.694,4506.351,-144.558,167.060,-0.973951,-0.223227,-0.039874,0.223788,-0.974585,-0.010151,-0.036595,-0.018810,0.999153,0,0.27987,0.77111,9.289,0.659,-1,481.704,-1,535.822,18.655,419.106,435.776,568.800,802.384,-1,-1,-1,-1,849.337,906.618,-1,22.519,2,0,2,0,1,0,0,0,0,2,2,2,2,0,1,2,1
135,-8726.693,4504.267,-143.675,167.766,-0.976479,-0.210762,-0.045486,0.211722,-0.977176,-0.017370,-0.040787,-0.026592,0.998814,0,0.28027,0.76916,9.237,0.707,-1,470.087,-1,535.221,18.644,412.327,431.841,553.400,822.535,-1,-1,-1,-1,813.687,875.625,-1,22.514,2,0,2,0,1,0,0,0,0,2,2,2,2,0,1,2,1
136,-8735.739,4502.074,-142.841,168.491,-0.978891,-0.197911,-0.051027,0.199319,-0.979638,-0.024110,-0.045216,-0.033772,0.998406,0,0.28078,0.76665,9.308,0.725,-1,458.848,-1,533.670,18.527,405.284,427.388,539.570,841.778,-1,-1,-1,-1,781.472,846.497,-1,22.475,2,0,2,0,1,0,0,0,0,2,2,2,2,0,1,2,1
137,-8744.903,4499.912,-142.177,169.206,-0.981091,-0.185126,-0.056463,0.187040,-0.981872,-0.030696,-0.049757,-0.040676,0.997933,0,0.28131,0.76403,9.416,0.715,-1,447.341,-1,531.152,18.674,397.905,422.446,527.124,860.349,-1,-1,-1,-1,750.721,828.706,-1,22.526,2,0,2,0,1,0,0,0,0,2,2,2,2,0,1,2,1
138,-8754.114,4497.613,-141.781,169.940,-0.983162,-0.171961,-0.061818,0.174418,-0.983984,-0.036796,-0.054501,-0.046959,0.997409,0,0.28179,0.76170,9.494,0.734,-1,435.506,-1,526.862,18.658,389.677,416.602,515.469,875.664,-1,-1,-1,-1,719.006,833.284,-1,22.520,2,0,2,0,1,0,0,0,0,2,2,2,2,0,1,2,1
139,-8763.351,4495.173,-141.706,170.694,-0.985114,-0.158384,-0.066814,0.161432,-0.985949,-0.042955,-0.059072,-0.053101,0.996840,0,0.28229,0.75925,9.553,0.754,-1,423.595,-1,522.070,18.653,380.973,410.402,503.762,890.041,-1,-1,-1,-1,688.218,829.433,-1,22.518,2,0,2,0,1,0,0,0,0,2,2,2,2,0,1,2,1
140,-8772.626,4492.585,-141.915,171.455,-0.986905,-0.144614,-0.071458,0.148289,-0.987725,-0.049091,-0.063482,-0.059044,0.996235,0,0.28281,0.75666,9.630,0.761,-1,411.705,-1,516.835,18.600,372.070,403.908,492.393,903.344,-1,-1,-1,-1,658.845,749.880,-1,22.500,2,0,2,0,1,0,0,0,0,2,2,2,2,0,1,2,1
141,-8781.986,4489.979,-142.328,172.165,-0.988394,-0.131662,-0.075780,0.136015,-0.989154,-0.055450,-0.067657,-0.065113,0.995582,0,0.28334,0.75405,9.716,0.710,844.912,400.038,-1,511.700,18.654,363.261,397.185,482.176,916.528,-1,-1,-1,-1,632.300,784.997,-1,22.518,0,0,2,0,1,0,0,0,0,2,2,2,2,0,1,2,1
142,-8791.368,4487.405,-142.860,172.812,-0.989594,-0.119782,-0.079720,0.124809,-0.990282,-0.061362,-0.071595,-0.070673,0.994927,0,0.28373,0.75213,9.728,0.647,696.746,389.050,-1,506.424,18.654,354.918,390.323,474.042,927.379,-1,-1,-1,-1,608.151,835.230,881.840,22.518,0,0,2,0,1,0,0,0,0,2,2,2,2,0,1,0,1
143,-8800.736,4485.004,-143.263,173.414,-0.990608,-0.108645,-0.083016,0.114380,-0.991124,-0.067757,-0.074918,-0.076616,0.994242,0,0.41748,0.94291,9.671,0.602,607.907,379.370,-1,502.932,18.657,347.868,384.816,466.965,942.054,-1,-1,-1,-1,587.683,854.909,744.691,22.519,0,0,2,0,1,0,0,0,0,2,2,2,2,0,0,0,1
144,-8810.095,4482.564,-143.472,174.019,-0.991519,-0.097501,-0.085933,0.103876,-0.991898,-0.073128,-0.078106,-0.081434,0.993614,0,0.41762,0.94244,9.671,0.606,578.984,370.946,-1,499.535,18.658,341.605,379.772,461.814,952.556,-1,-1,-1,-1,570.244,847.794,652.180,22.520,0,0,2,0,1,0,0,0,0,2,2,2,2,0,0,0,1
145,-8819.378,4480.021,-143.465,174.644,-0.992318,-0.086083,-0.088847,0.093026,-0.992666,-0.077209,-0.081549,-0.084881,0.993048,0,0.41774,0.94204,9.625,0.625,566.842,363.318,-1,495.400,18.655,335.703,374.634,458.348,958.123,-1,-1,-1,-1,554.660,838.518,600.074,22.519,0,0,2,0,1,0,0,0,0,2,2,2,2,0,0,0,1
146,-8828.651,4477.328,-143.343,175.306,-0.993027,-0.074076,-0.091707,0.081529,-0.993424,-0.080383,-0.085149,-0.087300,0.992536,0,0.41791,0.94146,9.657,0.662,556.251,355.699,-1,489.763,18.654,330.023,369.372,455.740,959.466,-1,-1,-1,-1,540.379,827.768,555.580,22.518,0,0,2,0,1,0,0,0,0,2,2,2,2,0,0,0,1
147,-8837.982,4474.465,-143.181,175.988,-0.993653,-0.061774,-0.094011,0.069689,-0.994078,-0.083382,-0.088303,-0.089405,0.992073,0,0.41818,0.94057,9.760,0.682,546.957,348.214,-1,484.074,18.655,325.037,364.759,453.470,960.074,-1,-1,-1,-1,528.162,818.939,516.006,22.519,0,0,2,0,1,0,0,0,0,2,2,2,2,0,0,0,1
148,-8847.349,4471.286,-143.081,176.723,-0.994227,-0.048603,-0.095659,0.056933,-0.994636,-0.086364,-0.090948,-0.091312,0.991660,0,0.41847,0.93959,9.891,0.734,539.802,341.289,-1,479.081,18.653,320.497,360.623,450.720,959.427,-1,-1,-1,-1,517.297,810.008,468.902,22.518,0,0,2,0,1,0,0,0,0,2,2,2,2,0,0,0,1
149,-8856.799,4467.794,-143.095,177.500,-0.994750,-0.034739,-0.096263,0.043438,-0.995012,-0.089805,-0.092663,-0.093515,0.991296,0,0.41893,0.93808,10.075,0.777,534.937,334.951,-1,475.760,18.653,316.517,357.470,447.200,958.328,-1,-1,-1,-1,508.347,804.737,468.631,22.517,0,0,2,0,1,0,0,0,0,2,2,2,2,0,0,0,1
150,-8866.335,4464.022,-143.227,178.318,-0.995191,-0.020192,-0.095848,0.029217,-0.995170,-0.093714,-0.093493,-0.096064,0.990975,0,0.41949,0.93621,10.255,0.819,530.969,329.215,-1,474.010,18.653,313.250,355.142,442.930,957.887,-1,-1,-1,-1,501.129,803.482,475.681,22.518,0,0,2,0,1,0,0,0,0,2,2,2,2,0,0,0,1
151,-8875.978,4460.021,-143.451,179.159,-0.995499,-0.005308,-0.094623,0.014612,-0.995089,-0.097905,-0.093638,-0.098847,0.990687,0,0.42014,0.93401,10.440,0.841,526.678,324.051,-1,473.449,18.652,310.533,353.324,438.374,957.924,-1,-1,-1,-1,495.255,805.273,484.348,22.518,0,0,2,0,1,0,0,0,0,2,2,2,2,0,0,0,1
152,-8885.688,4455.757,-143.741,-179.965,-0.995614,0.010132,-0.093004,-0.000613,-0.994803,-0.101812,-0.093552,-0.101308,0.990447,0,0.42082,0.93174,10.606,0.876,523.201,319.040,-1,472.735,18.652,307.955,351.357,433.841,956.283,-1,-1,-1,-1,489.981,807.378,486.228,22.518,0,0,2,0,1,0,0,0,0,2,2,2,2,0,0,0,1
153,-8895.479,4451.308,-144.043,-179.071,-0.995503,0.025839,-0.091133,-0.016140,-0.994277,-0.105602,-0.093340,-0.103656,0.990224,0,0.42158,0.92921,10.754,0.894,520.156,314.157,-1,471.961,18.655,305.491,349.472,429.448,953.714,-1,-1,-1,-1,485.894,809.503,481.442,22.518,0,0,2,0,1,0,0,0,0,2,2,2,2,0,0,0,1
154,-8905.299,4446.710,-144.316,-178.191,-0.995146,0.041294,-0.089329,-0.031438,-0.993538,-0.109057,-0.093256,-0.105720,0.990014,0,0.42233,0.92669,10.842,0.881,517.232,309.334,-1,470.327,18.654,302.985,347.524,425.675,949.584,-1,-1,-1,-1,482.707,809.725,476.753,22.519,0,0,2,0,1,0,0,0,0,2,2,2,2,0,0,0,1
155,-8915.161,4441.874,-144.593,-177.270,-0.994470,0.057397,-0.087945,-0.047425,-0.992626,-0.111554,-0.093699,-0.106766,0.989859,0,0.42300,0.92446,10.985,0.921,515.025,304.053,-1,466.818,18.652,299.986,344.715,422.413,939.458,-1,-1,-1,-1,478.901,805.734,472.373,22.518,0,0,2,0,1,0,0,0,0,2,2,2,2,0,0,0,1
156,-8925.114,4436.849,-144.859,-176.328,-0.993491,0.073827,-0.086744,-0.063767,-0.991488,-0.113515,-0.094386,-0.107245,0.989742,0,0.42375,0.92195,11.150,0.942,512.215,298.644,-1,462.482,18.652,296.811,341.521,419.582,926.114,-1,-1,-1,-1,474.938,799.651,468.263,22.518,0,0,2,0,1,0,0,0,0,2,2,2,2,0,0,0,1
157,-8935.159,4431.630,-145.095,-175.375,-0.992228,0.090379,-0.085525,-0.080265,-0.990106,-0.115097,-0.095081,-0.107338,0.989666,0,0.42450,0.91946,11.319,0.952,507.265,293.417,-1,457.796,18.652,293.726,338.305,417.188,911.184,-1,-1,-1,-1,471.154,793.102,464.579,22.518,0,0,2,0,1,0,0,0,0,2,2,2,2,0,0,0,1
158,-8945.277,4426.197,-145.300,-174.406,-0.990669,0.107158,-0.084218,-0.097026,-0.988455,-0.116369,-0.095716,-0.107112,0.989629,0,0.42520,0.91710,11.485,0.969,502.896,290.708,-1,453.084,18.652,289.409,335.156,415.074,895.063,-1,-1,-1,-1,467.890,786.640,461.429,22.517,0,0,2,0,1,0,0,0,0,2,2,2,2,0,0,0,1
159,-8955.528,4420.622,-145.442,-173.451,-0.988903,0.123640,-0.082364,-0.113522,-0.986516,-0.117892,-0.095830,-0.107234,0.989605,0,0.42589,0.91481,11.669,0.955,501.454,297.111,-1,449.771,18.660,285.354,332.675,413.185,881.172,-1,-1,-1,-1,465.963,784.009,460.770,22.521,0,0,2,0,1,0,0,0,0,2,2,2,2,0,0,0,1
160,-8965.826,4414.807,-145.492,-172.490,-0.986890,0.140158,-0.080019,-0.130103,-0.984280,-0.119443,-0.095501,-0.107466,0.989611,0,0.42643,0.91301,11.826,0.961,502.213,304.504,-1,447.679,18.653,281.980,330.798,411.415,868.396,-1,-1,-1,-1,466.374,783.912,459.744,22.518,0,0,2,0,1,0,0,0,0,2,2,2,2,0,0,0,1
161,-8976.078,4408.715,-145.373,-171.507,-0.984584,0.156987,-0.077132,-0.147023,-0.981672,-0.121260,-0.094754,-0.108050,0.989619,0,0.42692,0.91137,11.926,0.983,504.090,313.242,-1,447.046,18.653,279.293,329.745,409.420,858.848,-1,-1,-1,-1,469.955,786.924,459.414,22.517,0,0,2,0,1,0,0,0,0,2,2,2,2,0,0,0,1
162,-8986.289,4402.452,-145.031,-170.540,-0.982049,0.173516,-0.073968,-0.163641,-0.978770,-0.123415,-0.093812,-0.109095,0.989595,0,0.36591,-0.41226,11.979,0.967,506.363,322.741,-1,447.641,18.663,277.257,329.420,407.557,853.934,-1,-1,-1,-1,474.503,792.902,459.501,22.521,0,0,2,0,1,0,0,0,0,2,2,2,2,0,0,0,1
163,-8996.334,4396.002,-144.530,-169.557,-0.979101,0.190286,-0.071787,-0.180454,-0.975624,-0.124879,-0.093800,-0.109314,0.989572,0,0.36242,-0.41226,11.938,0.982,505.998,332.620,-1,446.727,18.582,274.422,328.255,406.178,845.571,-1,-1,-1,-1,477.718,795.266,459.716,22.494,0,0,2,0,1,0,0,0,0,2,2,2,2,0,0,0,1
164,-9006.270,4389.460,-143.872,-168.602,-0.975911,0.206589,-0.070128,-0.196752,-0.972293,-0.126236,-0.094264,-0.109397,0.989518,0,0.35889,-0.41226,11.896,0.956,486.587,339.839,-1,445.398,18.574,271.932,327.225,405.255,837.500,-1,-1,-1,-1,480.239,796.798,459.761,22.491,0,0,2,0,1,0,0,0,0,2,2,2,2,0,0,0,1
165,-9016.118,4382.831,-143.050,-167.696,-0.972662,0.222011,-0.068113,-0.212153,-0.968794,-0.128174,-0.094443,-0.110219,0.989410,0,0.35544,-0.41226,11.872,0.906,468.650,338.026,-1,445.594,18.669,273.556,327.036,404.454,833.486,-1,-1,-1,-1,483.275,801.116,459.773,22.524,0,0,2,0,1,0,0,0,0,2,2,2,2,0,0,0,1
166,-9025.814,4375.949,-142.258,-166.776,-0.969114,0.237602,-0.066054,-0.227729,-0.965000,-0.130053,-0.094643,-0.110993,0.989304,0,0.35215,-0.41226,11.890,0.919,450.930,336.363,-1,445.894,18.661,275.029,327.019,403.414,830.581,-1,-1,-1,-1,486.820,805.006,459.931,22.521,0,0,2,0,1,0,0,0,0,2,2,2,2,0,0,0,1
167,-9035.393,4368.860,-141.583,-165.852,-0.965304,0.253209,-0.063832,-0.243333,-0.960923,-0.131967,-0.094752,-0.111856,0.989197,0,0.34882,-0.41226,11.916,0.924,433.389,334.748,-1,446.449,18.650,276.294,327.013,402.072,827.888,-1,-1,-1,-1,490.831,808.902,460.350,22.517,0,0,2,0,1,0,0,0,0,2,2,2,2,0,0,0,1
168,-9044.896,4361.614,-141.065,-164.925,-0.961244,0.268787,-0.061345,-0.258917,-0.956548,-0.134084,-0.094719,-0.113004,0.989069,0,0.34548,-0.41226,11.950,0.927,415.862,333.092,-1,446.995,18.653,277.308,326.872,400.335,827.143,-1,-1,-1,-1,494.457,814.381,463.951,22.518,0,0,2,0,1,0,0,0,0,2,2,2,2,0,0,0,1
169,-9054.316,4354.217,-140.684,-164.007,-0.956999,0.284148,-0.058419,-0.274296,-0.951898,-0.136575,-0.094416,-0.114678,0.988906,0,0.34213,-0.41226,11.978,0.918,399.689,331.428,-1,447.997,18.628,278.249,326.771,398.182,828.017,-1,-1,-1,-1,497.984,822.097,470.076,22.509,0,0,2,0,1,0,0,0,0,2,2,2,2,0,0,0,1
170,-9065.415,4345.189,-140.328,-162.930,-0.951721,0.302097,-0.054445,-0.292247,-0.945985,-0.140370,-0.093910,-0.117681,0.988601,0,0.22430,-1.00000,14.306,1.077,387.550,329.502,-1,449.637,18.595,285.339,326.779,394.971,833.790,-1,-1,-1,-1,501.182,834.594,472.734,22.498,0,0,2,0,1,0,0,0,0,2,2,2,2,0,0,0,1
171,-9072.653,4339.112,-140.123,-162.227,-0.948072,0.313799,-0.051854,-0.303907,-0.941864,-0.143295,-0.093806,-0.120095,0.988321,0,0.22172,-1.00000,9.451,0.703,384.127,328.849,-1,450.285,18.660,290.611,326.498,392.567,840.311,-1,-1,-1,-1,501.967,842.290,470.111,22.520,0,0,2,0,1,0,0,0,0,2,2,2,2,0,0,0,1
172,-9081.473,4331.403,-139.929,-161.345,-0.943233,0.328458,-0.049262,-0.318435,-0.936487,-0.146942,-0.094398,-0.122914,0.987918,0,0.22003,-1.00000,11.714,0.881,384.895,327.056,-1,449.743,18.639,287.934,325.078,389.435,846.399,-1,-1,-1,-1,500.402,847.114,460.770,22.512,0,0,2,0,1,0,0,0,0,2,2,2,2,0,0,0,1
173,-9090.159,4323.689,-139.804,-160.495,-0.938299,0.342602,-0.047101,-0.332352,-0.930989,-0.151003,-0.095584,-0.126032,0.987411,0,0.21796,-1.00000,11.617,0.850,384.303,324.313,-1,448.570,18.409,284.806,323.854,386.233,853.417,-1,-1,-1,-1,496.590,849.764,455.455,22.437,0,0,2,0,1,0,0,0,0,2,2,2,2,0,0,0,1
174,-9098.751,4316.076,-139.609,-159.710,-0.933544,0.355678,-0.044591,-0.345138,-0.925463,-0.156199,-0.096823,-0.130429,0.986719,0,0.21796,-1.00000,11.479,0.785,381.748,321.150,-1,448.385,18.716,281.554,323.016,382.851,865.660,-1,-1,-1,-1,491.671,854.787,431.891,22.539,0,0,2,0,1,0,0,0,0,2,2,2,2,0,0,0,1
175,-9107.029,4308.335,-139.396,-158.933,-0.928583,0.368638,-0.042894,-0.357692,-0.919788,-0.161390,-0.098948,-0.134521,0.985958,0,0.21796,-1.00000,11.334,0.777,378.775,317.641,-1,446.462,18.670,277.954,321.062,379.496,881.318,-1,-1,-1,-1,484.485,854.088,403.094,22.523,0,0,2,0,1,0,0,0,0,2,2,2,2,0,0,0,1
176,-9115.022,4300.507,-139.197,-158.149,-0.923323,0.381733,-0.041891,-0.370247,-0.913842,-0.166761,-0.101940,-0.138464,0.985107,0,0.21796,-1.00000,11.188,0.784,375.382,313.780,-1,442.523,18.629,273.998,317.991,375.970,897.172,-1,-1,-1,-1,474.966,847.317,374.156,22.510,0,0,2,0,1,0,0,0,0,2,2,2,2,0,0,0,1
177,-9122.873,4292.660,-138.986,-157.388,-0.918008,0.394454,-0.040827,-0.382349,-0.907720,-0.172785,-0.105215,-0.143008,0.984113,0,0.21796,-1.00000,11.100,0.761,370.956,309.634,-1,438.443,18.583,269.887,314.725,371.401,914.824,-1,-1,-1,-1,464.654,839.921,346.124,22.494,0,0,2,0,1,0,0,0,0,2,2,2,2,0,0,0,1
178,-9130.637,4284.813,-138.734,-156.670,-0.912814,0.406471,-0.039404,-0.393690,-0.901525,-0.179614,-0.108532,-0.148441,0.982948,0,0.21796,-1.00000,11.038,0.719,365.180,305.223,-1,435.146,18.646,265.703,311.671,365.960,936.936,-1,-1,-1,-1,453.904,834.798,319.426,22.515,0,0,2,0,1,0,0,0,0,2,2,2,2,0,0,0,1
179,-9138.271,4276.959,-138.418,-155.983,-0.907662,0.417988,-0.037888,-0.404443,-0.895212,-0.187140,-0.112140,-0.154536,0.981602,0,0.21796,-1.00000,10.953,0.687,358.264,300.527,-1,433.097,18.658,261.379,308.498,360.221,970.545,-1,-1,-1,-1,442.389,829.555,300.907,22.519,0,0,2,0,1,0,0,0,0,2,2,2,2,0,0,0,1
180,-9145.688,4269.173,-137.930,-155.329,-0.902533,0.429055,-0.036690,-0.414562,-0.888766,-0.195532,-0.116503,-0.161264,0.980011,0,0.21796,-1.00000,10.754,0.654,341.317,294.754,-1,430.199,18.643,257.013,305.057,354.341,-1,-1,-1,-1,-1,429.362,822.010,287.490,22.514,0,0,2,0,1,0,0,0,2,2,2,2,2,0,0,0,1
181,-9152.811,4261.367,-137.222,-154.708,-0.897455,0.439654,-0.035763,-0.424081,-0.882283,-0.204283,-0.121367,-0.168169,0.978258,0,0.21796,-1.00000,10.567,0.622,11.602,288.019,1001.543,426.964,18.591,252.907,302.366,348.689,-1,-1,-1,-1,-1,416.159,812.921,12.104,22.496,1,0,1,0,1,0,0,0,2,2,2,2,2,0,0,1,1
182,-9159.893,4253.623,-136.101,-154.158,-0.893004,0.448794,-0.033569,-0.432499,-0.876418,-0.211747,-0.124452,-0.174573,0.976748,0,0.21796,-1.00000,10.494,0.549,24.745,284.073,974.774,428.325,18.495,251.734,302.549,344.239,-1,-1,-1,-1,-1,409.317,815.114,25.746,22.466,1,0,1,0,1,0,0,0,2,2,2,2,2,0,0,1,1
183,-9166.965,4245.913,-134.641,-153.629,-0.888876,0.457167,-0.029971,-0.440688,-0.871056,-0.216922,-0.125276,-0.179609,0.975729,0,0.21796,-1.00000,10.462,0.530,27.977,283.034,949.216,434.484,18.525,254.000,306.061,341.427,-1,-1,-1,-1,-1,409.998,829.643,29.130,22.475,1,0,1,0,1,0,0,0,2,2,2,2,2,0,0,1,1
184,-9173.953,4238.209,-133.082,-153.087,-0.884822,0.465252,-0.025119,-0.449145,-0.866046,-0.219620,-0.123933,-0.183042,0.975262,0,0.21796,-1.00000,10.401,0.541,27.830,284.267,924.182,444.474,18.606,259.186,312.453,339.993,-1,-1,-1,-1,-1,417.271,851.925,29.038,22.503,1,0,1,0,1,0,0,0,2,2,2,2,2,0,0,1,1
185,-9180.889,4230.490,-131.798,-152.498,-0.880508,0.473644,-0.019144,-0.458407,-0.861076,-0.220024,-0.120697,-0.184957,0.975307,0,0.21796,-1.00000,10.377,0.589,25.721,287.195,898.946,456.804,18.660,266.296,320.492,337.980,-1,-1,-1,-1,-1,429.335,879.786,26.878,22.521,1,0,1,0,1,0,0,0,2,2,2,2,2,0,0,1,1
186,-9187.721,4222.729,-131.083,-151.846,-0.875771,0.482582,-0.011819,-0.468688,-0.855907,-0.218529,-0.115574,-0.185841,0.975759,0,0.21796,-1.00000,10.340,0.652,22.851,291.440,873.280,472.116,18.657,274.742,329.732,335.919,-1,-1,-1,-1,-1,445.177,914.911,23.878,22.520,1,0,1,0,1,0,0,0,2,2,2,2,2,0,0,1,1
187,-9194.491,4214.937,-131.159,-151.146,-0.870704,0.491801,-0.002695,-0.479741,-0.850534,-0.215498,-0.108275,-0.186342,0.976500,0,0.21796,-1.00000,10.323,0.700,20.666,300.505,847.557,490.563,12.041,284.431,340.327,333.318,879.107,-1,-1,-1,-1,464.848,958.833,21.583,8.300,1,0,1,0,1,0,0,0,1,2,2,2,2,0,0,1,1
188,-9201.355,4207.176,-132.090,-150.425,-0.865488,0.500854,0.008699,-0.491160,-0.845067,-0.211244,-0.098451,-0.187102,0.977395,0,0.21796,-1.00000,10.361,0.721,19.506,312.243,848.919,513.392,-1,295.695,353.267,329.850,821.714,-1,-1,-1,-1,489.133,-1,20.384,13.557,1,0,1,0,2,0,0,0,1,2,2,2,2,0,2,1,1
189,-9208.243,4199.372,-133.875,-149.696,-0.860151,0.509574,0.021790,-0.502704,-0.839784,-0.205066,-0.086198,-0.187342,0.978505,0,0.21796,-1.00000,10.409,0.729,21.440,326.147,826.397,540.668,-1,308.769,368.377,325.836,815.705,-1,-1,-1,-1,519.495,-1,22.379,15.707,1,0,1,0,2,0,0,0,1,2,2,2,2,0,2,1,1
190,-9215.196,4191.544,-136.376,-148.964,-0.854627,0.518001,0.035897,-0.514241,-0.834796,-0.196648,-0.071897,-0.186521,0.979817,0,0.21796,-1.00000,10.470,0.732,21.721,342.650,-1,572.339,-1,323.891,385.579,321.684,808.992,-1,-1,-1,-1,557.545,-1,22.680,13.916,1,0,2,0,2,0,0,0,1,2,2,2,2,0,2,1,1
191,-9222.244,4183.592,-139.460,-148.201,-0.848571,0.526688,0.050271,-0.526111,-0.829935,-0.185512,-0.055985,-0.183869,0.981355,0,0.40538,-0.47788,10.626,0.763,21.758,362.129,-1,607.649,11.415,341.248,404.742,317.868,801.136,-1,-1,-1,-1,605.196,-1,22.736,22.518,1,0,2,0,1,0,0,0,1,2,2,2,2,0,2,1,1
192,-9229.479,4175.402,-142.945,-147.394,-0.841771,0.535950,0.064652,-0.538461,-0.825043,-0.171357,-0.038498,-0.179056,0.983085,0,0.40538,-0.47788,10.929,0.807,20.491,385.802,-1,647.574,18.652,361.900,426.558,314.711,792.029,932.603,-1,-1,-1,666.534,-1,21.411,22.519,1,0,2,0,1,0,0,0,1,0,2,2,2,0,2,1,1
193,-9236.890,4166.998,-146.605,-146.559,-0.834292,0.545660,0.078810,-0.550965,-0.820048,-0.154787,-0.019833,-0.172559,0.984799,0,0.40538,-0.47788,11.205,0.835,16.593,414.337,-1,693.457,18.659,386.392,451.315,312.217,790.752,668.905,-1,-1,-1,744.416,-1,17.340,22.520,1,0,2,0,1,0,0,0,1,0,2,2,2,0,2,1,1
194,-9244.272,4158.302,-150.268,-145.690,-0.825998,0.556103,0.092064,-0.563672,-0.814681,-0.136264,-0.000774,-0.164448,0.986385,0,0.40538,-0.47788,11.407,0.869,-1,447.862,-1,741.188,18.446,413.843,478.683,310.465,829.389,589.509,-1,-1,-1,843.443,-1,-1,22.449,2,0,2,0,1,0,0,0,1,0,2,2,2,0,2,2,1
195,-9251.898,4149.532,-153.827,-144.685,-0.815866,0.568799,0.104063,-0.577986,-0.807530,-0.117592,0.017148,-0.156087,0.987594,0,0.40538,-0.47788,11.622,1.005,-1,483.159,-1,789.287,16.891,441.969,506.446,309.136,-1,534.350,-1,-1,-1,954.780,-1,-1,22.179,2,0,2,0,1,0,0,0,2,0,2,2,2,0,2,2,1
196,-9260.238,4140.692,-157.191,-143.777,-0.806232,0.580256,0.115294,-0.590570,-0.800889,-0.099012,0.034885,-0.147916,0.988384,0,0.40538,-0.47788,12.153,0.908,-1,522.513,-1,839.032,15.135,472.986,536.960,308.002,977.893,487.579,-1,-1,-1,-1,-1,-1,23.143,2,0,2,0,1,0,0,0,0,0,2,2,2,2,2,2,1
197,-9269.670,4132.521,-159.820,-143.278,-0.800519,0.585642,0.127251,-0.597175,-0.797378,-0.087010,0.050511,-0.145644,0.988047,0,0.40538,-0.47788,12.479,0.499,-1,558.663,-1,893.875,14.446,502.870,568.294,304.713,957.961,435.001,-1,-1,-1,-1,-1,-1,24.741,2,0,2,0,1,0,0,0,0,0,2,2,2,2,2,2,1
198,-9279.613,4124.707,-161.508,-143.066,-0.797862,0.587021,0.137194,-0.599785,-0.795871,-0.082747,0.060615,-0.148307,0.987082,0,0.40538,-0.47788,12.647,0.211,-1,581.084,-1,938.757,14.258,523.222,591.849,299.694,968.936,392.977,-1,-1,-1,-1,-1,-1,25.515,2,0,2,0,1,0,0,0,0,0,2,2,2,2,2,2,1
199,-9289.670,4116.776,-162.415,-142.946,-0.796336,0.587461,0.144009,-0.601265,-0.794746,-0.082822,0.065796,-0.152542,0.986104,0,0.40538,-0.47788,12.808,0.121,13.895,591.322,-1,966.559,14.109,534.297,606.051,294.436,992.033,364.443,-1,-1,-1,-1,-1,27.925,26.303,1,0,2,0,1,0,0,0,0,0,2,2,2,2,2,1,1
200,-9299.563,4108.968,-162.549,-142.823,-0.794946,0.588173,0.148706,-0.602884,-0.793252,-0.085339,0.067767,-0.157492,0.985192,0,0.40538,-0.47788,12.604,0.122,13.981,594.156,-1,960.983,-1,539.630,614.266,289.616,-1,347.731,-1,-1,-1,-1,-1,27.182,13.453,1,0,2,1,2,0,0,0,2,0,2,2,2,2,2,1,1
201,-9308.913,4101.269,-161.745,-142.726,-0.793887,0.589171,0.150398,-0.604203,-0.792166,-0.086090,0.068419,-0.159217,0.984870,0,0.40538,-0.47788,12.111,0.097,14.151,599.128,-1,939.482,-1,545.094,620.749,287.391,-1,345.738,-1,-1,-1,-1,-1,26.067,-1,1,0,2,1,2,0,0,0,2,0,2,2,2,2,2,1,2
202,-9317.883,4093.873,-159.879,-142.628,-0.792782,0.590512,0.150973,-0.605508,-0.791362,-0.084299,0.069695,-0.158246,0.984937,0,0.40538,-0.47788,11.626,0.098,14.414,611.900,-1,918.313,-1,556.044,631.125,288.245,-1,353.342,-1,-1,-1,-1,-1,24.855,-1,1,0,2,1,2,0,0,0,2,0,2,2,2,2,2,1,2
203,-9326.701,4086.787,-157.116,-142.539,-0.791585,0.591605,0.152960,-0.606541,-0.791100,-0.079170,0.074170,-0.155446,0.985056,0,0.40538,-0.47788,11.312,0.089,14.744,639.357,-1,897.732,-1,578.844,652.945,291.125,-1,362.076,-1,-1,-1,-1,-1,23.880,-1,1,0,2,1,2,0,0,0,2,0,2,2,2,2,2,1,2
204,-9335.507,4080.058,-153.666,-142.497,-0.790591,0.591626,0.157940,-0.606708,-0.791725,-0.071250,0.082892,-0.152153,0.984875,0,0.40538,-0.47788,11.082,0.042,15.052,684.950,-1,879.097,-1,616.305,690.461,295.260,-1,365.320,-1,-1,-1,-1,-1,23.276,-1,1,0,2,1,2,0,0,0,2,0,2,2,2,2,2,1,2
205,-9344.305,4073.678,-149.673,-142.536,-0.790206,0.590024,0.165669,-0.605555,-0.793302,-0.063052,0.094223,-0.150146,0.984164,0,0.40538,-0.47788,10.868,-0.039,15.239,743.167,-1,863.802,-1,665.529,740.431,299.568,-1,362.040,-1,-1,-1,-1,-1,23.006,-1,1,0,2,1,2,0,0,0,2,0,2,2,2,2,2,1,2
206,-9352.959,4067.434,-145.421,-142.612,-0.790047,0.587532,0.175018,-0.603781,-0.795170,-0.056148,0.106180,-0.150032,0.982963,0,0.40538,-0.47788,10.672,-0.076,15.410,806.661,-1,850.434,-1,720.443,795.730,303.253,-1,354.586,532.187,-1,-1,-1,-1,22.807,-1,1,0,2,1,2,0,0,0,2,0,0,2,2,2,2,1,2
207,-9361.369,4061.085,-141.074,-142.662,-0.789506,0.585168,0.185092,-0.602278,-0.796705,-0.050220,0.118076,-0.151126,0.981437,0,0.40538,-0.47788,10.538,-0.050,15.810,873.279,-1,836.819,-1,779.305,704.968,306.906,-1,345.735,435.173,-1,-1,-1,-1,22.482,-1,1,0,2,1,2,0,1,0,2,0,0,2,2,2,2,1,2
208,-9369.583,4054.682,-136.758,-142.703,-0.788805,0.582623,0.195800,-0.600852,-0.798037,-0.045969,0.129473,-0.153907,0.979566,0,0.40538,-0.47788,10.414,-0.041,16.580,939.991,-1,823.528,-1,838.808,682.534,309.671,-1,333.366,388.012,674.930,-1,-1,-1,22.207,-1,1,0,2,1,2,0,1,0,2,0,0,0,2,2,2,1,2
209,-9377.663,4048.303,-132.605,-142.760,-0.788234,0.579431,0.207235,-0.599165,-0.799428,-0.043762,0.140313,-0.158662,0.977312,0,0.40538,-0.47788,10.295,-0.058,17.927,1003.690,-1,811.348,-1,898.768,661.334,311.168,-1,314.548,353.730,555.651,-1,-1,-1,22.304,-1,1,0,2,1,2,0,1,0,2,0,0,0,2,2,2,1,2
210,-9385.570,4042.797,-128.640,-142.951,-0.789070,0.573595,0.219902,-0.595669,-0.801931,-0.045662,0.150155,-0.167019,0.974453,0,0.40538,-0.47788,9.635,-0.191,18.800,-1,-1,804.984,-1,954.661,643.006,310.894,-1,306.337,319.313,504.292,-1,-1,-1,22.571,-1,1,2,2,1,2,0,1,0,2,0,0,0,2,2,2,1,2
211,-9393.005,4039.492,-124.848,-143.507,-0.793624,0.561627,0.233960,-0.587093,-0.807830,-0.052281,0.159637,-0.178847,0.970840,0,0.40538,-0.47788,8.136,-0.557,18.696,-1,-1,-1,-1,-1,629.939,309.550,-1,294.783,284.731,468.252,-1,-1,-1,22.533,-1,1,2,2,2,2,2,1,0,2,0,0,0,2,2,2,1,2
212,-9400.300,4036.706,-121.444,-144.145,-0.798373,0.548164,0.249233,-0.576961,-0.814849,-0.056009,0.172385,-0.188513,0.966823,0,0.40538,-0.47788,7.809,-0.638,18.596,-1,-1,-1,-1,-1,617.022,309.319,-1,282.472,271.322,423.394,-1,-1,-1,22.499,-1,1,2,2,2,2,2,1,0,2,0,0,0,2,2,2,1,2
213,-9407.821,4033.973,-118.587,-144.753,-0.802078,0.534607,0.266206,-0.566800,-0.821863,-0.057263,0.188171,-0.196815,0.962214,0,0.40538,-0.47788,8.003,-0.607,17.854,-1,-1,-1,-1,573.313,599.897,308.707,-1,270.423,265.481,371.379,-1,-1,-1,22.286,-1,1,2,2,2,2,1,1,0,2,0,0,0,2,2,2,1,2
214,-9415.647,4031.122,-116.523,-145.302,-0.804761,0.521063,0.284346,-0.557199,-0.828266,-0.059200,0.204667,-0.206080,0.956892,0,0.40538,-0.47788,8.329,-0.550,-1,-1,-1,-1,-1,558.212,602.658,304.057,-1,264.717,256.656,320.377,-1,-1,-1,-1,-1,2,2,2,2,2,1,1,0,2,0,0,0,2,2,2,2,2
215,-9423.572,4028.270,-115.180,-145.858,-0.807578,0.507131,0.301059,-0.547634,-0.834294,-0.063644,0.218896,-0.216267,0.951479,0,0.40538,-0.47788,8.422,-0.556,-1,-1,-1,-1,-1,545.006,605.772,298.150,-1,259.256,249.280,304.054,-1,-1,-1,-1,-1,2,2,2,2,2,1,1,0,2,0,0,0,2,2,2,2,2
216,-9431.456,4025.497,-114.238,-146.414,-0.811057,0.494070,0.313178,-0.538574,-0.839654,-0.070140,0.228307,-0.225557,0.947101,0,0.40538,-0.47788,8.357,-0.556,-1,-1,-1,-1,-1,529.649,608.711,291.921,-1,255.825,247.578,296.504,-1,-1,-1,-1,-1,2,2,2,2,2,1,1,0,2,0,0,0,2,2,2,2,2
217,-9439.299,4022.842,-113.613,-146.977,-0.815508,0.482378,0.319778,-0.530053,-0.844365,-0.078052,0.232359,-0.233151,0.944272,0,0.40538,-0.47788,8.280,-0.563,-1,-1,-1,-1,-1,518.154,611.293,284.217,-1,254.796,251.948,295.320,-1,-1,-1,-1,-1,2,2,2,2,2,1,1,0,2,0,0,0,2,2,2,2,2
218,-9446.968,4020.417,-113.432,-147.529,-0.820882,0.472765,0.320383,-0.522384,-0.848293,-0.086684,0.230798,-0.238520,0.943314,0,-0.07510,-1.00000,8.043,-0.551,-1,-1,-1,-1,-1,511.380,613.251,277.629,-1,256.203,260.384,300.223,-1,-1,-1,-1,-1,2,2,2,2,2,1,1,0,2,0,0,0,2,2,2,2,2
219,-9454.275,4018.307,-113.929,-148.047,-0.826980,0.465846,0.314789,-0.515816,-0.851401,-0.095136,0.223693,-0.241049,0.944382,0,-0.07510,-1.00000,7.606,-0.518,-1,-1,-1,-1,-1,509.625,614.384,272.272,-1,261.308,273.750,310.700,-1,-1,-1,-1,-1,2,2,2,2,2,1,1,0,2,0,0,0,2,2,2,2,2
220,-9461.309,4016.400,-115.053,-148.513,-0.833118,0.461738,0.304487,-0.510284,-0.854043,-0.101098,0.213364,-0.239602,0.947136,0,-0.07510,-1.00000,7.287,-0.466,17.465,-1,-1,-1,-1,511.040,614.385,268.876,-1,268.769,291.743,324.261,-1,-1,-1,22.214,-1,1,2,2,2,2,1,1,0,2,0,0,0,2,2,2,1,2
221,-9468.262,4014.678,-116.657,-148.901,-0.838540,0.460152,0.291736,-0.505816,-0.856475,-0.102963,0.202486,-0.233903,0.950941,0,-0.07510,-1.00000,7.163,-0.389,17.166,-1,-1,-1,-1,513.333,613.023,268.333,-1,277.707,310.232,338.082,-1,-1,-1,22.184,-1,1,2,2,2,2,1,1,0,2,0,0,0,2,2,2,1,2
222,-9475.185,4013.172,-118.640,-149.220,-0.843166,0.460306,0.277832,-0.502238,-0.858761,-0.101418,0.191908,-0.225050,0.955261,0,-0.07510,-1.00000,7.085,-0.318,16.873,-1,-1,-1,-1,513.900,610.619,270.178,-1,287.660,328.022,351.298,-1,-1,-1,22.180,-1,1,2,2,2,2,1,1,0,2,0,0,0,2,2,2,1,2
223,-9482.071,4011.857,-120.895,-149.496,-0.847190,0.461129,0.263876,-0.499111,-0.861001,-0.097809,0.182095,-0.214566,0.959585,0,-0.07510,-1.00000,7.011,-0.277,16.612,-1,-1,-1,-1,512.721,607.809,272.826,-1,298.030,344.584,370.679,-1,-1,-1,22.201,-1,1,2,2,2,2,1,1,0,2,0,0,0,2,2,2,1,2
224,-9488.873,4010.742,-123.222,-149.773,-0.850990,0.461556,0.250563,-0.495833,-0.863355,-0.093637,0.173106,-0.203922,0.963561,0,-0.07510,-1.00000,6.893,-0.277,16.457,-1,-1,-1,-1,511.550,605.471,275.637,-1,308.372,360.391,394.632,-1,-1,-1,22.228,-1,1,2,2,2,2,1,1,0,2,0,0,0,2,2,2,1,2
225,-9495.430,4009.796,-125.296,-150.073,-0.854854,0.461247,0.237646,-0.492095,-0.865932,-0.089465,0.164520,-0.193424,0.967223,0,-0.07510,-1.00000,6.625,-0.301,16.415,-1,-1,-1,-1,510.595,604.031,278.791,-1,318.906,377.285,421.718,-1,-1,-1,22.237,-1,1,2,2,2,2,1,1,0,2,0,0,0,2,2,2,1,2
226,-9501.739,4008.986,-126.883,-150.398,-0.858833,0.460169,0.225055,-0.487918,-0.868663,-0.085797,0.156016,-0.183494,0.970561,0,-0.07510,-1.00000,6.361,-0.325,16.525,-1,-1,-1,-1,509.861,603.486,282.311,-1,329.809,396.552,456.735,-1,-1,-1,22.214,-1,1,2,2,2,2,1,1,0,2,0,0,0,2,2,2,1,2
227,-9507.855,4008.318,-127.869,-150.760,-0.863046,0.458110,0.212808,-0.483137,-0.871592,-0.083101,0.147412,-0.174535,0.973554,0,-0.07510,-1.00000,6.153,-0.361,16.750,-1,-1,-1,-1,509.413,604.074,286.079,-1,342.591,414.191,499.313,-1,-1,-1,22.186,-1,1,2,2,2,2,1,1,0,2,0,0,0,2,2,2,1,2
228,-9513.828,4007.691,-128.279,-151.134,-0.867279,0.455509,0.200843,-0.478102,-0.874556,-0.081056,0.138727,-0.166322,0.976264,0,-0.07510,-1.00000,6.005,-0.374,16.926,987.025,-1,-1,-1,509.006,605.220,290.186,-1,357.258,428.234,559.836,-1,-1,-1,22.178,-1,1,0,2,2,2,1,1,0,2,0,0,0,2,2,2,1,2
229,-9519.653,4007.019,-128.230,-151.491,-0.871290,0.452906,0.189023,-0.473249,-0.877359,-0.079228,0.129958,-0.158486,0.978771,0,-0.07510,-1.00000,5.864,-0.357,17.078,957.465,-1,-1,-1,508.472,606.283,294.711,-1,372.721,443.470,632.987,-1,-1,-1,22.180,-1,1,0,2,2,2,1,1,0,2,0,0,0,2,2,2,1,2
230,-9525.377,4006.352,-127.818,-151.843,-0.875120,0.450142,0.177585,-0.468394,-0.880139,-0.077221,0.121539,-0.150757,0.981071,0,-0.07510,-1.00000,5.762,-0.352,17.242,931.928,-1,-1,-1,507.692,607.449,299.742,-1,388.827,490.600,744.874,-1,-1,-1,22.190,-1,1,0,2,2,2,1,1,0,2,0,0,0,2,2,2,1,2
231,-9531.039,4005.636,-127.131,-152.171,-0.878569,0.447526,0.166844,-0.463783,-0.882840,-0.074151,0.114112,-0.142527,0.983191,0,-0.07510,-1.00000,5.707,-0.328,17.248,913.108,-1,-1,-1,506.144,608.213,305.610,-1,405.432,560.659,-1,-1,-1,-1,22.190,-1,1,0,2,2,2,1,1,0,2,0,0,2,2,2,2,1,2
232,-9536.648,4004.968,-126.297,-152.483,-0.881731,0.444929,0.156806,-0.459338,-0.885465,-0.070427,0.107511,-0.134125,0.985115,0,-0.07510,-1.00000,5.649,-0.312,17.240,898.888,-1,-1,-1,504.106,608.832,311.973,-1,427.246,646.069,-1,-1,-1,-1,22.190,-1,1,0,2,2,2,1,1,0,2,0,0,2,2,2,2,1,2
233,-9542.276,4004.298,-125.382,-152.819,-0.884962,0.441666,0.147556,-0.454440,-0.888277,-0.066690,0.101617,-0.126073,0.986803,0,0.47957,-0.72432,5.668,-0.336,17.286,887.658,-1,-1,-1,501.803,609.980,318.869,-1,470.035,737.499,-1,-1,-1,-1,22.194,-1,1,0,2,2,2,1,1,0,2,0,0,2,2,2,2,1,2
234,-9548.151,4003.628,-124.443,-153.202,-0.888424,0.437261,0.139661,-0.448740,-0.891386,-0.063749,0.096616,-0.119308,0.988145,0,0.47957,-0.72432,5.913,-0.383,17.446,878.654,-1,-1,-1,499.152,612.061,328.912,998.658,507.507,888.026,-1,-1,-1,-1,22.213,-1,1,0,2,2,2,1,1,0,0,0,0,2,2,2,2,1,2
235,-9554.278,4003.046,-123.580,-153.634,-0.892158,0.431690,0.133032,-0.442216,-0.894751,-0.062170,0.092193,-0.114295,0.989160,0,0.47957,-0.72432,6.155,-0.432,17.754,426.526,-1,-1,-1,496.528,615.340,337.092,973.952,541.972,-1,-1,-1,-1,-1,22.266,-1,1,1,2,2,2,1,1,0,0,0,2,2,2,2,2,1,2
236,-9560.654,4002.635,-122.889,-154.129,-0.896264,0.424755,0.127645,-0.434641,-0.898460,-0.062104,0.088305,-0.111141,0.989874,0,0.47957,-0.72432,6.389,-0.495,18.190,422.336,-1,-1,-1,459.755,620.276,342.945,959.386,563.289,-1,-1,-1,-1,-1,22.372,-1,1,1,2,2,2,1,1,0,0,0,2,2,2,2,2,1,2
237,-9567.286,4002.400,-122.468,-154.690,-0.900731,0.416455,0.123488,-0.425962,-0.902525,-0.063289,0.085094,-0.109608,0.990326,0,0.47957,-0.72432,6.636,-0.561,18.447,418.342,-1,-1,-1,459.467,626.976,346.455,952.500,577.660,-1,-1,-1,-1,-1,22.450,-1,1,1,2,2,2,1,1,0,0,0,2,2,2,2,2,1,2
238,-9574.198,4002.230,-122.407,-155.290,-0.905321,0.407264,0.120544,-0.416585,-0.906760,-0.065144,0.082773,-0.109193,0.990568,0,0.47957,-0.72432,6.914,-0.600,18.657,414.317,-1,-1,-1,463.484,634.762,347.983,950.063,585.073,-1,-1,-1,-1,-1,22.519,-1,1,1,2,2,2,1,1,0,0,0,2,2,2,2,2,1,2
239,-9581.396,4002.069,-122.651,-155.902,-0.909779,0.397650,0.119067,-0.406918,-0.911032,-0.066626,0.081980,-0.109066,0.990648,0,0.47957,-0.72432,7.200,-0.612,18.654,409.809,-1,-1,-1,467.736,642.902,349.082,948.155,586.135,-1,-1,-1,-1,-1,22.518,-1,1,1,2,2,2,1,1,0,0,0,2,2,2,2,2,1,2
240,-9588.901,4002.024,-123.148,-156.543,-0.914227,0.387295,0.119127,-0.396695,-0.915406,-0.068302,0.082596,-0.109701,0.990527,0,0.47957,-0.72432,7.505,-0.641,18.651,405.016,-1,-1,-1,472.673,652.010,349.101,949.386,580.052,-1,-1,-1,-1,-1,22.518,-1,1,1,2,2,2,1,1,0,0,0,2,2,2,2,2,1,2
241,-9596.729,4002.021,-123.889,-157.207,-0.918628,0.376295,0.120519,-0.386027,-0.919785,-0.070565,0.084298,-0.111346,0.990200,0,0.47957,-0.72432,7.827,-0.663,18.558,400.009,-1,-1,-1,478.160,661.971,347.565,955.040,567.365,-1,-1,-1,-1,-1,22.485,-1,1,1,2,2,2,1,1,0,0,0,2,2,2,2,2,1,2
242,-9604.832,4002.110,-124.804,-157.897,-0.923013,0.364556,0.123072,-0.374852,-0.924134,-0.073902,0.086793,-0.114347,0.989642,0,0.47957,-0.72432,8.104,-0.690,18.617,395.002,-1,-1,-1,484.462,673.154,343.627,967.366,548.130,954.246,-1,-1,-1,-1,22.506,-1,1,1,2,2,2,1,1,0,0,0,0,2,2,2,2,1,2
243,-9613.216,4002.169,-125.746,-158.592,-0.927183,0.352444,0.126942,-0.363514,-0.928350,-0.077615,0.090492,-0.118108,0.988869,0,0.47957,-0.72432,8.384,-0.695,18.478,389.546,-1,-1,-1,491.043,684.825,338.649,984.420,517.238,819.280,-1,-1,-1,-1,22.459,-1,1,1,2,2,2,1,1,0,0,0,0,2,2,2,2,1,2
244,-9621.934,4002.243,-126.615,-159.305,-0.931210,0.339674,0.132169,-0.351789,-0.932470,-0.082125,0.095348,-0.122972,0.987819,0,0.47957,-0.72432,8.718,-0.713,18.464,383.686,-1,-1,-1,498.251,697.500,332.718,-1,479.861,726.514,-1,-1,-1,-1,22.455,-1,1,1,2,2,2,1,1,0,2,0,0,2,2,2,2,1,2
245,-9630.913,4002.501,-127.318,-160.065,-0.935271,0.325700,0.138518,-0.339214,-0.936565,-0.088205,0.101003,-0.129483,0.986424,0,0.47957,-0.72432,8.983,-0.760,18.626,377.873,-1,-1,-1,507.073,712.512,325.428,-1,461.548,646.523,989.598,-1,-1,-1,22.509,-1,1,1,2,2,2,1,1,0,2,0,0,0,2,2,2,1,2
246,-9640.146,4002.934,-127.865,-160.876,-0.939370,0.310406,0.145713,-0.325724,-0.940555,-0.096226,0.107182,-0.137854,0.984636,0,0.47957,-0.72432,9.243,-0.811,18.668,361.000,-1,-1,-1,517.815,730.335,316.905,-1,454.234,548.557,820.264,-1,-1,-1,22.524,-1,1,1,2,2,2,1,1,0,2,0,0,0,2,2,2,1,2
247,-9649.656,4003.408,-128.268,-161.713,-0.943298,0.294203,0.153733,-0.311725,-0.944283,-0.105630,0.114091,-0.147563,0.982450,0,0.47957,-0.72432,9.523,-0.837,18.642,364.957,-1,-1,-1,529.924,750.248,307.301,-1,435.424,532.611,727.132,-1,-1,-1,22.515,-1,1,1,2,2,2,1,1,0,2,0,0,0,2,2,2,1,2
248,-9659.293,4003.825,-128.286,-162.555,-0.946997,0.277933,0.161089,-0.297586,-0.947858,-0.114052,0.120991,-0.155945,0.980328,0,0.47957,-0.72432,9.646,-0.842,18.593,369.101,-1,-1,-1,542.683,886.902,299.927,-1,419.475,530.590,660.948,-1,-1,-1,22.497,-1,1,1,2,2,2,1,0,0,2,0,0,0,2,2,2,1,2
249,-9668.893,4004.451,-127.647,-163.413,-0.950906,0.262225,0.164364,-0.283240,-0.951416,-0.120763,0.124712,-0.161389,0.978979,0,0.47957,-0.72432,9.620,-0.858,18.549,373.781,-1,-1,-1,556.683,904.723,297.087,-1,410.441,533.439,635.070,-1,-1,-1,22.483,-1,1,1,2,2,2,1,0,0,2,0,0,0,2,2,2,1,2
250,-9678.375,4005.161,-126.458,-164.228,-0.954891,0.248512,0.162556,-0.269704,-0.954856,-0.124538,0.124268,-0.162762,0.978808,0,0.47957,-0.72432,9.509,-0.815,18.364,378.248,-1,-1,-1,570.199,907.577,299.499,-1,409.556,542.143,643.735,-1,-1,-1,22.423,-1,1,1,2,2,2,1,0,0,2,0,0,0,2,2,2,1,2
251,-9687.187,4005.951,-124.778,-164.960,-0.959049,0.238133,0.153352,-0.257685,-0.958314,-0.123421,0.117569,-0.157884,0.980434,0,0.47957,-0.72432,8.847,-0.733,18.230,382.189,-1,-1,-1,582.042,886.831,309.256,-1,426.703,558.895,710.106,-1,-1,-1,22.383,-1,1,1,2,2,2,1,0,0,2,0,0,0,2,2,2,1,2
252,-9695.412,4006.920,-122.910,-165.635,-0.963336,0.230224,0.137770,-0.246712,-0.961920,-0.117654,0.105437,-0.147330,0.983452,0,0.32142,-0.97189,8.283,-0.675,18.098,385.949,-1,-1,-1,592.810,846.931,325.672,-1,457.886,618.784,843.302,-1,-1,-1,22.346,-1,1,1,2,2,2,1,0,0,2,0,0,0,2,2,2,1,2
253,-9703.510,4008.178,-121.356,-166.248,-0.967313,0.223680,0.119468,-0.236739,-0.965405,-0.109305,0.090886,-0.134015,0.986803,0,0.32142,-0.97189,8.195,-0.613,18.044,389.578,-1,-1,-1,602.741,800.741,345.199,-1,496.791,759.054,-1,-1,-1,-1,22.332,-1,1,1,2,2,2,1,0,0,2,0,0,2,2,2,2,1,2
254,-9711.811,4009.732,-120.533,-166.841,-0.970850,0.216950,0.101893,-0.226969,-0.968764,-0.099904,0.077036,-0.120118,0.989766,0,0.32142,-0.97189,8.445,-0.594,18.033,393.511,-1,-1,-1,612.986,757.814,364.869,1005.800,580.921,932.357,-1,-1,-1,-1,22.329,-1,1,1,2,2,2,1,0,0,0,0,0,2,2,2,2,1,2
255,-9720.448,4011.477,-120.605,-167.432,-0.973968,0.209605,0.086323,-0.217135,-0.972010,-0.089715,0.065102,-0.106124,0.992220,0,0.32142,-0.97189,8.812,-0.591,8.269,397.731,-1,-1,-1,623.607,720.854,383.950,931.331,662.202,-1,-1,-1,-1,-1,22.299,-1,1,1,2,2,2,1,0,0,0,0,2,2,2,2,2,1,2
256,-9729.358,4013.366,-121.537,-168.022,-0.976765,0.201705,0.072423,-0.207222,-0.975095,-0.079050,0.054674,-0.092221,0.994236,0,0.32142,-0.97189,9.108,-0.590,17.811,402.209,-1,985.758,-1,634.633,687.872,402.172,864.254,741.806,-1,-1,-1,-1,-1,22.277,-1,1,1,2,0,2,1,0,0,0,0,2,2,2,2,2,1,2
257,-9738.500,4015.349,-123.180,-168.623,-0.979346,0.193163,0.059750,-0.197068,-0.978004,-0.068354,0.045232,-0.078717,0.995870,0,0.32142,-0.97189,9.354,-0.600,17.754,407.012,-1,917.274,-1,625.027,657.348,419.333,803.602,822.943,-1,-1,-1,384.568,-1,22.265,-1,1,1,2,0,2,0,0,0,0,0,2,2,2,1,2,1,2
258,-9747.854,4017.381,-125.282,-169.218,-0.981691,0.184316,0.048055,-0.186956,-0.980662,-0.057870,0.036459,-0.065794,0.997167,0,0.32142,-0.97189,9.573,-0.595,17.703,411.905,-1,857.647,-1,601.982,628.701,435.738,750.699,909.462,-1,-1,-1,389.732,-1,22.255,-1,1,1,2,0,2,0,0,0,0,0,2,2,2,1,2,1,2
259,-9757.356,4019.413,-127.540,-169.804,-0.983830,0.175295,0.036740,-0.176953,-0.983039,-0.048188,0.027669,-0.053910,0.998162,0,0.32142,-0.97189,9.717,-0.586,17.652,416.820,-1,802.899,-1,579.363,601.005,450.950,704.504,1003.455,-1,-1,-1,394.875,-1,22.246,-1,1,1,2,0,2,0,0,0,0,0,2,2,2,1,2,1,2
260,-9766.970,4021.343,-129.696,-170.379,-0.985773,0.166207,0.025020,-0.167094,-0.985170,-0.038972,0.018172,-0.042599,0.998927,0,0.32142,-0.97189,9.805,-0.576,17.640,421.607,-1,751.233,-1,556.444,573.391,466.289,662.907,-1,-1,-1,-1,399.858,-1,22.243,-1,1,1,2,0,2,0,0,0,0,2,2,2,2,1,2,1,2
261,-9776.686,4023.208,-131.527,-170.942,-0.987502,0.157110,0.012471,-0.157422,-0.987075,-0.030021,0.007593,-0.031609,0.999471,0,0.32142,-0.97189,9.893,-0.563,17.501,426.284,-1,702.152,-1,533.192,545.720,482.813,625.491,-1,-1,-1,-1,404.700,-1,22.220,-1,1,1,2,0,2,0,0,0,0,2,2,2,2,1,2,1,2
262,-9786.629,4024.903,-132.819,-171.412,-0.988786,0.149339,0.000669,-0.149320,-0.988562,-0.021173,-0.002501,-0.021035,0.999776,0,0.32142,-0.97189,10.087,-0.470,17.593,429.601,-1,659.811,20.597,513.052,521.434,501.174,593.226,-1,-1,-1,-1,408.281,-1,22.235,25.842,1,1,2,0,1,0,0,0,0,2,2,2,2,1,2,1,1
263,-9796.907,4026.479,-133.154,-171.812,-0.989767,0.142537,-0.006703,-0.142416,-0.989679,-0.015913,-0.008902,-0.014795,0.999851,0,0.32142,-0.97189,10.398,-0.400,17.677,431.852,-1,636.582,22.241,501.647,507.733,514.371,576.435,-1,-1,-1,-1,410.667,-1,22.250,35.372,1,1,2,0,1,0,0,0,0,2,2,2,2,1,2,1,1
264,-9807.395,4028.015,-132.642,-172.257,-0.990813,0.134867,-0.010000,-0.134712,-0.990774,-0.014814,-0.011905,-0.013330,0.999840,0,0.32142,-0.97189,10.599,-0.446,17.753,434.716,-1,629.468,24.135,497.654,503.182,519.712,573.925,-1,-1,-1,-1,413.371,-1,22.265,34.514,1,1,2,0,1,0,0,0,0,2,2,2,2,1,2,1,1
265,-9817.879,4029.630,-131.563,-172.778,-0.991987,0.125893,-0.010603,-0.125702,-0.991921,-0.017110,-0.012671,-0.015640,0.999797,0,0.32142,-0.97189,10.608,-0.521,17.889,438.886,-1,633.040,28.641,498.274,504.614,518.625,582.394,-1,-1,-1,-1,417.069,-1,22.295,29.339,1,1,2,0,1,0,0,0,0,2,2,2,2,1,2,1,1
266,-9828.464,4031.035,-130.306,-173.306,-0.993114,0.116767,-0.009496,-0.116555,-0.992975,-0.020378,-0.011809,-0.019131,0.999747,0,0.32142,-0.97189,10.678,-0.528,17.521,442.975,-1,642.310,19.489,501.858,509.639,515.699,594.641,-1,-1,-1,-1,420.642,-1,22.223,20.532,1,1,2,0,1,0,0,0,0,2,2,2,2,1,2,1,1
267,-9839.035,4032.306,-129.171,-173.865,-0.994218,0.107081,-0.007959,-0.106868,-0.993993,-0.023608,-0.010439,-0.022621,0.999690,0,0.32142,-0.97189,10.647,-0.559,17.477,447.467,-1,652.717,-1,506.083,515.571,512.558,606.822,-1,-1,-1,-1,424.605,-1,22.217,-1,1,1,2,0,2,0,0,0,0,2,2,2,2,1,2,1,2
268,-9849.402,4033.695,-128.131,-174.479,-0.995304,0.096457,-0.008084,-0.096210,-0.995002,-0.026726,-0.010622,-0.025822,0.999610,0,0.32142,-0.97189,10.460,-0.614,17.220,453.244,-1,658.620,-1,507.402,518.411,509.768,618.019,-1,-1,-1,-1,429.718,-1,22.188,-1,1,1,2,0,2,0,0,0,0,2,2,2,2,1,2,1,2
269,-9859.540,4035.132,-127.110,-175.056,-0.996184,0.086515,-0.011557,-0.086167,-0.995894,-0.027771,-0.013912,-0.026670,0.999547,0,0.32142,-0.97189,10.239,-0.578,17.279,458.856,-1,653.945,-1,503.723,515.075,511.691,622.894,-1,-1,-1,-1,434.755,-1,22.193,-1,1,1,2,0,2,0,0,0,0,2,2,2,2,1,2,1,2
270,-9869.355,4036.751,-126.181,-175.587,-0.996824,0.077426,-0.018611,-0.076937,-0.996705,-0.025700,-0.020540,-0.024186,0.999496,0,0.32183,-0.97189,9.948,-0.530,17.812,464.296,-1,637.555,-1,494.652,505.002,519.943,618.528,-1,-1,-1,-1,439.826,-1,22.277,-1,1,1,2,0,2,0,0,0,0,2,2,2,2,1,2,1,2
271,-9878.846,4038.554,-125.428,-176.055,-0.997191,0.069302,-0.028412,-0.068760,-0.997440,-0.019611,-0.029699,-0.017602,0.999404,0,0.32293,-0.97189,9.660,-0.469,17.530,469.246,-1,611.595,-1,481.831,489.738,536.381,603.182,-1,-1,-1,-1,444.782,-1,22.224,-1,1,1,2,0,2,0,0,0,0,2,2,2,2,1,2,1,2
272,-9888.316,4040.632,-124.776,-176.513,-0.997440,0.061184,-0.037027,-0.060780,-0.998080,-0.011952,-0.037687,-0.009671,0.999243,0,0.32386,-0.97189,9.696,-0.457,18.138,474.462,-1,588.526,24.530,471.390,476.538,556.505,585.062,-1,-1,-1,-1,450.237,-1,22.357,25.294,1,1,2,0,1,0,0,0,0,2,2,2,2,1,2,1,1
273,-9897.888,4043.146,-124.335,-177.041,-0.997764,0.051772,-0.042278,-0.051579,-0.998653,-0.005659,-0.042514,-0.003466,0.999090,0,0.32476,-0.97189,9.896,-0.528,17.827,481.549,-1,574.512,26.555,465.608,468.713,572.862,571.388,-1,-1,-1,-1,457.467,-1,22.280,31.103,1,1,2,0,1,0,0,0,0,2,2,2,2,1,2,1,1
274,-9907.823,4045.656,-124.268,-177.564,-0.998178,0.042476,-0.042844,-0.042466,-0.999097,-0.001141,-0.042854,0.000680,0.999081,0,0.27649,-0.73531,10.248,-0.523,8.369,488.485,-1,571.480,18.604,465.936,467.788,583.995,562.061,-1,-1,-1,-1,-1,-1,22.214,34.805,1,1,2,0,1,0,0,0,0,2,2,2,2,2,2,1,1
275,-9918.127,4047.815,-124.531,-178.047,-0.998627,0.033962,-0.039896,-0.034049,-0.999419,0.001514,-0.039822,0.002870,0.999203,0,0.27740,-0.73531,10.528,-0.483,-1,567.283,-1,576.629,15.836,470.554,471.900,589.745,556.534,-1,-1,-1,-1,-1,-1,21.318,35.336,2,0,2,0,1,0,0,0,0,2,2,2,2,2,2,1,1
276,-9928.684,4049.690,-125.047,-178.504,-0.999020,0.026011,-0.035820,-0.026083,-0.999659,0.001532,-0.035768,0.002465,0.999357,0,0.27819,-0.73531,10.722,-0.457,-1,574.072,-1,585.324,14.841,475.907,477.628,588.227,556.071,-1,-1,-1,-1,-1,-1,-1,33.523,2,0,2,0,1,0,0,0,0,2,2,2,2,2,2,2,1
277,-9939.389,4051.326,-125.755,-178.927,-0.999300,0.018712,-0.032408,-0.018708,-0.999825,-0.000435,-0.032410,0.000171,0.999475,0,0.27890,-0.73531,10.829,-0.423,-1,577.909,-1,593.227,14.315,479.642,482.161,581.242,559.114,-1,-1,-1,-1,-1,-1,-1,30.753,2,0,2,0,1,0,0,0,0,2,2,2,2,2,2,2,1
278,-9950.098,4052.896,-126.550,-179.343,-0.999457,0.011573,-0.030844,-0.011463,-0.999927,-0.003756,-0.030885,-0.003400,0.999517,0,0.27953,-0.73531,10.824,-0.415,-1,576.571,-1,598.015,13.994,479.956,483.658,570.671,564.626,-1,-1,-1,-1,-1,-1,-1,29.074,2,0,2,0,1,0,0,0,0,2,2,2,2,2,2,2,1
279,-9960.861,4054.341,-127.329,-179.722,-0.999510,0.005062,-0.030899,-0.004845,-0.999963,-0.007104,-0.030933,-0.006951,0.999497,0,0.28013,-0.73531,10.860,-0.379,16.558,571.872,-1,599.039,14.107,477.638,482.522,560.306,570.058,-1,-1,-1,-1,-1,-1,22.209,27.760,1,0,2,0,1,0,0,0,0,2,2,2,2,2,2,1,1
280,-9971.625,4055.922,-127.977,179.888,-0.999481,-0.001622,-0.032183,0.001953,-0.999945,-0.010272,-0.032165,-0.010330,0.999429,0,0.28064,-0.73531,10.879,-0.390,16.520,565.159,-1,597.317,14.037,473.619,479.697,550.788,575.484,-1,-1,-1,-1,-1,-1,22.216,27.499,1,0,2,0,1,0,0,0,0,2,2,2,2,2,2,1,1
281,-9982.425,4057.667,-128.461,179.491,-0.999387,-0.008464,-0.033980,0.008885,-0.999885,-0.012277,-0.033872,-0.012571,0.999347,0,0.28118,-0.73531,10.940,-0.397,16.618,558.692,-1,594.035,14.229,469.387,476.416,544.498,578.779,-1,-1,-1,-1,-1,-1,22.201,26.967,1,0,2,0,1,0,0,0,0,2,2,2,2,2,2,1,1
282,-9993.216,4059.588,-128.759,179.087,-0.999223,-0.015468,-0.036254,0.015931,-0.999795,-0.012529,-0.036053,-0.013097,0.999264,0,0.28173,-0.73531,10.961,-0.404,16.611,552.897,-1,588.876,14.217,465.099,472.488,542.704,578.564,-1,-1,-1,-1,-1,-1,22.202,28.496,1,0,2,0,1,0,0,0,0,2,2,2,2,2,2,1,1
283,-10004.089,4061.638,-128.822,178.691,-0.999023,-0.022354,-0.038134,0.022825,-0.999668,-0.011941,-0.037854,-0.012800,0.999201,0,0.28230,-0.73531,11.065,-0.395,16.556,549.278,-1,584.718,14.098,462.192,469.612,543.801,577.286,-1,-1,-1,-1,-1,-1,22.210,31.308,1,0,2,0,1,0,0,0,0,2,2,2,2,2,2,1,1
284,-10015.115,4063.815,-128.758,178.301,-0.998815,-0.029181,-0.038950,0.029627,-0.999501,-0.010911,-0.038612,-0.012052,0.999182,0,0.28285,-0.73531,11.239,-0.390,16.552,548.430,-1,583.067,14.093,461.447,468.693,546.482,575.450,-1,-1,-1,-1,-1,-1,22.210,31.580,1,0,2,0,1,0,0,0,0,2,2,2,2,2,2,1,1
285,-10026.240,4066.214,-128.655,177.891,-0.998601,-0.036367,-0.038377,0.036772,-0.999275,-0.009881,-0.037990,-0.011278,0.999214,0,0.28338,-0.73531,11.381,-0.410,16.646,550.561,-1,584.960,14.289,463.050,470.148,549.279,573.846,-1,-1,-1,-1,-1,-1,22.197,30.665,1,0,2,0,1,0,0,0,0,2,2,2,2,2,2,1,1
286,-10037.407,4068.856,-128.613,177.451,-0.998348,-0.044078,-0.036852,0.044441,-0.998971,-0.009084,-0.036413,-0.010707,0.999279,0,0.28395,-0.73531,11.475,-0.440,16.627,554.426,-1,589.328,14.247,465.909,472.953,551.441,572.667,-1,-1,-1,-1,-1,-1,22.199,29.128,1,0,2,0,1,0,0,0,0,2,2,2,2,2,2,1,1
287,-10048.596,4071.603,-128.688,177.011,-0.998044,-0.051792,-0.035008,0.052115,-0.998606,-0.008377,-0.034525,-0.010185,0.999352,0,0.28459,-0.73531,11.521,-0.440,16.565,558.625,-1,594.194,14.120,469.037,476.182,553.166,571.284,-1,-1,-1,-1,-1,-1,22.208,28.576,1,0,2,0,1,0,0,0,0,2,2,2,2,2,2,1,1
288,-10059.851,4074.284,-128.887,176.608,-0.997717,-0.058847,-0.033139,0.059130,-0.998221,-0.007621,-0.032632,-0.009563,0.999422,0,0.28523,-0.73531,11.570,-0.403,16.495,562.690,-1,598.423,13.990,471.926,479.292,554.736,569.261,-1,-1,-1,-1,-1,-1,22.221,28.195,1,0,2,0,1,0,0,0,0,2,2,2,2,2,2,1,1
289,-10071.162,4076.974,-129.232,176.216,-0.997336,-0.065706,-0.031669,0.065966,-0.997796,-0.007231,-0.031124,-0.009300,0.999472,0,0.28578,-0.73531,11.627,-0.392,16.514,565.367,-1,601.479,14.023,474.051,481.495,555.097,567.600,-1,-1,-1,-1,-1,-1,22.216,27.278,1,0,2,0,1,0,0,0,0,2,2,2,2,2,2,1,1
290,-10082.498,4079.761,-129.696,175.808,-0.996870,-0.072806,-0.030818,0.073064,-0.997300,-0.007329,-0.030201,-0.009558,0.999498,0,0.28629,-0.73531,11.674,-0.408,16.523,566.156,-1,603.308,14.040,474.877,482.417,333.531,566.750,-1,-1,-1,-1,-1,-1,22.216,26.556,1,0,2,0,1,0,0,1,0,2,2,2,2,2,2,1,1
291,-10093.820,4082.641,-130.190,175.384,-0.996306,-0.080185,-0.030753,0.080448,-0.996731,-0.007413,-0.030058,-0.009859,0.999500,0,0.28685,-0.73531,11.683,-0.424,16.596,565.174,-1,603.342,14.182,474.328,481.914,320.746,565.829,-1,-1,-1,-1,-1,-1,22.203,26.471,1,0,2,0,1,0,0,1,0,2,2,2,2,2,2,1,1
292,-10105.065,4085.764,-130.638,174.919,-0.995600,-0.088240,-0.031529,0.088523,-0.996045,-0.007672,-0.030727,-0.010429,0.999473,0,0.28744,-0.73531,11.671,-0.465,17.130,562.429,-1,601.731,16.025,472.500,480.176,308.364,565.624,-1,-1,-1,-1,-1,-1,22.183,25.895,1,0,2,0,1,0,0,1,0,2,2,2,2,2,2,1,1
293,-10116.158,4089.246,-131.017,174.393,-0.994715,-0.097337,-0.032671,0.097656,-0.995186,-0.008302,-0.031705,-0.011449,0.999432,0,0.28814,-0.73531,11.626,-0.526,17.179,559.083,-1,599.874,16.319,470.283,478.315,256.152,566.712,-1,-1,-1,-1,-1,-1,22.185,26.598,1,0,2,0,1,0,0,1,0,2,2,2,2,2,2,1,1
294,-10127.181,4093.009,-131.314,173.837,-0.993711,-0.106968,-0.033114,0.107308,-0.994188,-0.008653,-0.031996,-0.012152,0.999414,0,0.28899,-0.73531,11.647,-0.556,17.729,557.795,-1,599.638,23.421,469.353,477.908,255.116,567.332,-1,-1,-1,-1,-1,-1,22.259,26.436,1,0,2,0,1,0,0,1,0,2,2,2,2,2,2,1,1
295,-10138.014,4097.066,-131.491,173.235,-0.992536,-0.117386,-0.033068,0.117745,-0.993002,-0.009131,-0.031764,-0.012957,0.999411,0,0.28993,-0.73531,11.568,-0.602,17.770,557.926,-1,601.116,24.538,469.733,478.711,254.448,568.672,-1,-1,-1,-1,-1,-1,22.268,27.825,1,0,2,0,1,0,0,1,0,2,2,2,2,2,2,1,1
296,-10148.800,4101.166,-131.642,172.666,-0.991349,-0.127241,-0.032215,0.127589,-0.991787,-0.008974,-0.030809,-0.013007,0.999441,0,0.29098,-0.73531,11.539,-0.568,17.821,560.161,-1,603.959,24.186,471.406,480.573,253.947,568.336,-1,-1,-1,-1,-1,-1,22.278,24.732,1,0,2,0,1,0,0,1,0,2,2,2,2,2,2,1,1
297,-10159.301,4105.318,-131.959,172.117,-0.990105,-0.136807,-0.031251,0.137088,-0.990534,-0.007018,-0.029995,-0.011233,0.999487,0,0.43665,-0.61057,11.292,-0.549,18.387,-1,-1,604.712,14.701,472.764,481.404,253.694,563.084,-1,-1,-1,-1,-1,-1,22.430,15.259,1,2,2,0,1,0,0,1,0,2,2,2,2,2,2,1,1
298,-10169.439,4109.810,-132.403,171.515,-0.988623,-0.147260,-0.030645,0.147482,-0.989052,-0.005092,-0.029560,-0.009553,0.999517,0,0.43804,-0.61057,11.089,-0.602,18.693,-1,-1,604.227,19.718,473.225,481.356,253.916,557.741,-1,-1,-1,-1,-1,-1,22.531,20.626,1,2,2,0,1,0,0,1,0,2,2,2,2,2,2,1,1
299,-10179.180,4114.521,-132.740,170.872,-0.986921,-0.158390,-0.029986,0.158570,-0.987341,-0.003693,-0.029022,-0.008399,0.999543,0,0.43965,-0.61057,10.820,-0.643,18.597,-1,-1,604.728,17.524,474.091,482.052,254.525,554.068,-1,-1,-1,-1,-1,-1,22.499,18.287,1,2,2,0,1,0,0,1,0,2,2,2,2,2,2,1,1
300,-10187.418,4118.399,-133.111,170.394,-0.985497,-0.166735,-0.031543,0.166792,-0.985992,0.000804,-0.031236,-0.004469,0.999502,0,0.44144,-0.61057,9.105,-0.478,18.588,-1,-1,595.847,17.172,470.687,477.262,255.060,543.555,-1,-1,-1,-1,-1,-1,22.496,17.922,1,2,2,0,1,0,0,1,0,2,2,2,2,2,2,1,1
301,-10194.449,4121.742,-133.429,169.999,-0.984248,-0.173612,-0.033388,0.173576,-0.984812,0.003998,-0.033575,-0.001860,0.999434,0,0.44270,-0.61057,7.785,-0.395,18.645,-1,-1,587.864,30.564,466.917,472.479,255.582,536.376,-1,-1,-1,-1,-1,-1,22.515,31.937,1,2,2,0,1,0,0,1,0,2,2,2,2,2,2,1,1
302,-10201.901,4125.348,-133.481,169.520,-0.982831,-0.181787,-0.031573,0.181811,-0.983331,0.002138,-0.031435,-0.003639,0.999499,0,0.44374,-0.61057,8.279,-0.479,18.630,-1,-1,595.124,33.667,470.638,476.761,256.141,540.471,-1,-1,-1,-1,-1,-1,22.511,35.159,1,2,2,0,1,0,0,1,0,2,2,2,2,2,2,1,1
303,-10209.793,4129.103,-133.357,169.000,-0.981278,-0.190600,-0.027652,0.190734,-0.981639,-0.002256,-0.026715,-0.007488,0.999615,0,0.44505,-0.61057,8.740,-0.519,18.593,-1,-1,-1,29.764,478.925,486.386,256.687,550.361,-1,-1,-1,-1,-1,-1,22.498,31.056,1,2,2,2,1,0,0,1,0,2,2,2,2,2,2,1,1
304,-10217.897,4133.025,-133.142,168.466,-0.979574,-0.199680,-0.023720,0.199894,-0.979792,-0.007028,-0.021838,-0.011626,0.999694,0,0.44649,-0.61057,9.004,-0.534,18.622,-1,-1,-1,22.595,487.716,496.802,257.359,561.705,-1,-1,-1,-1,-1,-1,22.506,23.594,1,2,2,2,1,0,0,1,0,2,2,2,2,2,2,1,1
305,-10225.992,4137.053,-132.886,167.962,-0.977845,-0.208275,-0.020992,0.208522,-0.977963,-0.010349,-0.018374,-0.014497,0.999726,0,0.44796,-0.61057,9.041,-0.504,18.520,-1,-1,-1,14.638,494.612,504.978,258.212,570.002,-1,-1,-1,-1,-1,-1,22.473,15.245,1,2,2,2,1,0,0,1,0,2,2,2,2,2,2,1,1
306,-10233.871,4141.286,-132.689,167.449,-0.975959,-0.217004,-0.020322,0.217270,-0.976039,-0.011909,-0.017251,-0.016038,0.999723,0,0.44933,-0.61057,8.944,-0.513,18.475,-1,-1,-1,-1,-1,508.502,259.393,574.555,-1,-1,-1,-1,-1,-1,22.458,-1,1,2,2,2,2,2,0,1,0,2,2,2,2,2,2,1,2
307,-10241.610,4145.745,-132.627,166.914,-0.973879,-0.226105,-0.020900,0.226376,-0.973970,-0.011635,-0.017725,-0.016062,0.999714,0,0.45074,-0.61057,8.932,-0.535,18.375,-1,-1,-1,-1,-1,508.461,260.893,574.812,-1,-1,-1,-1,-1,-1,22.426,-1,1,2,2,2,2,2,0,1,0,2,2,2,2,2,2,1,2
308,-10250.996,4151.183,-132.784,166.303,-0.971386,-0.236507,-0.021749,0.236747,-0.971528,-0.009186,-0.018957,-0.014072,0.999721,0,0.25767,-1.00000,10.847,-0.611,18.345,-1,-1,-1,11.066,-1,506.255,262.814,569.385,-1,-1,-1,-1,-1,-1,22.416,11.473,1,2,2,2,1,2,0,1,0,2,2,2,2,2,2,1,1
309,-10257.222,4154.857,-132.998,165.903,-0.969690,-0.243309,-0.022393,0.243521,-0.969869,-0.007236,-0.019957,-0.012469,0.999723,0,0.25863,-1.00000,7.229,-0.400,18.271,-1,-1,-1,18.312,-1,504.144,264.187,564.775,-1,-1,-1,-1,-1,-1,22.395,18.949,1,2,2,2,1,2,0,1,0,2,2,2,2,2,2,1,1
310,-10265.038,4159.454,-133.368,165.410,-0.967539,-0.251665,-0.023079,0.251843,-0.967754,-0.005123,-0.021045,-0.010769,0.999721,0,0.25925,-1.00000,9.068,-0.493,18.197,-1,-1,-1,22.251,-1,501.627,265.927,559.487,-1,-1,-1,-1,-1,-1,22.374,22.982,1,2,2,2,1,2,0,1,0,2,2,2,2,2,2,1,1
311,-10272.943,4164.136,-133.807,164.896,-0.965233,-0.260348,-0.023320,0.260512,-0.965461,-0.004246,-0.021409,-0.010174,0.999719,0,0.26001,-1.00000,9.188,-0.514,18.690,-1,-1,-1,23.020,-1,-1,267.750,556.720,-1,-1,-1,-1,-1,-1,22.530,24.082,1,2,2,2,1,2,2,1,0,2,2,2,2,2,2,1,1
312,-10280.786,4168.963,-134.202,164.337,-0.962644,-0.269746,-0.023536,0.269925,-0.962870,-0.004729,-0.021386,-0.010905,0.999712,0,0.26081,-1.00000,9.209,-0.560,18.663,-1,-1,-1,23.473,-1,-1,269.779,557.283,-1,-1,-1,-1,-1,-1,22.522,24.537,1,2,2,2,1,2,2,1,0,2,2,2,2,2,2,1,1
313,-10288.496,4173.952,-134.473,163.749,-0.959840,-0.279579,-0.023292,0.279784,-0.960044,-0.005981,-0.020690,-0.012257,0.999711,0,0.26171,-1.00000,9.183,-0.587,18.655,-1,-1,-1,22.621,-1,-1,272.070,559.804,-1,-1,-1,-1,-1,-1,22.519,23.641,1,2,2,2,1,2,2,1,0,2,2,2,2,2,2,1,1
314,-10296.202,4179.047,-134.681,163.167,-0.956976,-0.289301,-0.022394,0.289522,-0.957143,-0.007297,-0.019323,-0.013467,0.999723,0,0.26267,-1.00000,9.238,-0.582,18.281,-1,-1,-1,22.513,-1,-1,274.524,562.280,-1,-1,-1,-1,-1,-1,22.399,23.306,1,2,2,2,1,2,2,1,0,2,2,2,2,2,2,1,1
315,-10304.126,4184.065,-134.872,162.650,-0.954357,-0.297956,-0.020633,0.298170,-0.954478,-0.008152,-0.017265,-0.013932,0.999754,0,0.26362,-1.00000,9.379,-0.518,18.248,-1,-1,-1,22.242,-1,-1,276.853,563.084,-1,-1,-1,-1,-1,-1,22.388,23.002,1,2,2,2,1,2,2,1,0,2,2,2,2,2,2,1,1
316,-10312.078,4189.149,-135.042,162.137,-0.951679,-0.306491,-0.019240,0.306701,-0.951763,-0.009041,-0.015541,-0.014505,0.999774,0,0.26442,-1.00000,9.438,-0.512,18.664,-1,-1,-1,18.840,-1,-1,279.278,564.176,-1,-1,-1,-1,-1,-1,22.522,19.694,1,2,2,2,1,2,2,1,0,2,2,2,2,2,2,1,1
317,-10319.730,4194.434,-135.159,161.583,-0.948677,-0.315677,-0.018953,0.315896,-0.948743,-0.009835,-0.014877,-0.015317,0.999772,0,0.26521,-1.00000,9.300,-0.554,18.656,-1,-1,-1,15.430,-1,-1,282.077,565.919,-1,-1,-1,-1,-1,-1,22.518,16.126,1,2,2,2,1,2,2,1,0,2,2,2,2,2,2,1,1
318,-10327.151,4199.854,-135.224,161.002,-0.945420,-0.325276,-0.019420,0.325501,-0.945492,-0.009731,-0.015196,-0.015521,0.999764,0,0.26610,-1.00000,9.189,-0.581,18.614,-1,-1,-1,15.016,-1,-1,285.161,566.256,-1,-1,-1,-1,-1,-1,22.504,15.677,1,2,2,2,1,2,2,1,0,2,2,2,2,2,2,1,1
319,-10334.458,4205.434,-135.292,160.421,-0.942063,-0.334849,-0.019810,0.335071,-0.942149,-0.009089,-0.015621,-0.015200,0.999762,0,0.26706,-1.00000,9.193,-0.581,18.560,-1,-1,-1,16.220,-1,-1,288.499,565.305,-1,-1,-1,-1,-1,-1,22.486,16.911,1,2,2,2,1,2,2,1,0,2,2,2,2,2,2,1,1
320,-10341.591,4211.220,-135.414,159.826,-0.938536,-0.344622,-0.019627,0.344831,-0.938627,-0.008386,-0.015533,-0.014638,0.999772,0,0.26801,-1.00000,9.185,-0.595,18.442,-1,-1,-1,17.426,-1,-1,292.171,563.675,-1,-1,-1,-1,-1,-1,22.448,18.112,1,2,2,2,1,2,2,1,0,2,2,2,2,2,2,1,1
321,-10348.740,4217.092,-135.635,159.238,-0.934962,-0.354259,-0.018629,0.354443,-0.935046,-0.007635,-0.014714,-0.013741,0.999797,0,0.26900,-1.00000,9.252,-0.588,18.376,-1,-1,-1,18.427,-1,-1,295.972,561.017,-1,-1,-1,-1,-1,-1,22.427,19.120,1,2,2,2,1,2,2,1,0,2,2,2,2,2,2,1,1
322,-10356.077,4222.907,-135.899,158.697,-0.931594,-0.363113,-0.016749,0.363260,-0.931664,-0.006691,-0.013175,-0.012317,0.999837,0,0.26998,-1.00000,9.362,-0.541,18.312,-1,-1,-1,21.536,-1,-1,299.654,557.048,-1,-1,-1,-1,-1,-1,22.407,22.309,1,2,2,2,1,2,2,1,0,2,2,2,2,2,2,1,1
323,-10363.489,4228.718,-136.168,158.176,-0.928265,-0.371610,-0.015148,0.371733,-0.928319,-0.006206,-0.011756,-0.011392,0.999866,0,0.27084,-1.00000,9.418,-0.522,17.981,-1,-1,-1,22.324,-1,-1,303.336,554.246,-1,-1,-1,-1,-1,-1,22.316,22.925,1,2,2,2,1,2,2,1,0,2,2,2,2,2,2,1,1
324,-10371.098,4234.412,-136.440,157.686,-0.925065,-0.379544,-0.014174,0.379656,-0.925107,-0.006212,-0.010754,-0.011127,0.999880,0,0.27167,-1.00000,9.503,-0.490,17.915,-1,-1,-1,22.638,-1,-1,306.844,552.936,-1,-1,-1,-1,-1,-1,22.300,23.204,1,2,2,2,1,2,2,1,0,2,2,2,2,2,2,1,1
325,-10378.911,4240.032,-136.676,157.233,-0.922039,-0.386849,-0.013839,0.386965,-0.922068,-0.006999,-0.010053,-0.011809,0.999880,0,0.27241,-0.99959,9.625,-0.453,17.870,-1,-1,-1,22.931,-1,-1,310.211,553.915,-1,-1,-1,-1,-1,-1,22.290,23.475,1,2,2,2,1,2,2,1,0,2,2,2,2,2,2,1,1
326,-10386.777,4245.829,-136.787,156.751,-0.918755,-0.394574,-0.014152,0.394710,-0.918766,-0.008529,-0.009637,-0.013422,0.999864,0,0.57519,-0.82872,9.771,-0.482,17.979,-1,-1,-1,19.845,-1,-1,313.825,557.481,-1,-1,-1,-1,-1,-1,22.316,20.375,1,2,2,2,1,2,2,1,0,2,2,2,2,2,2,1,1
327,-10394.882,4252.043,-136.847,156.221,-0.915070,-0.403035,-0.014452,0.403195,-0.915053,-0.010589,-0.008957,-0.015517,0.999839,0,0.57671,-0.82531,10.213,-0.530,17.879,-1,-1,-1,14.234,-1,-1,317.900,562.535,-1,-1,-1,-1,-1,-1,22.292,14.577,1,2,2,2,1,2,2,1,0,2,2,2,2,2,2,1,1
328,-10403.353,4258.606,-136.988,155.677,-0.911212,-0.411688,-0.014345,0.411860,-0.911164,-0.012287,-0.008013,-0.017104,0.999822,0,0.57841,-0.82147,10.715,-0.544,18.004,-1,-1,-1,-1,-1,-1,497.280,566.589,-1,-1,-1,-1,-1,-1,22.322,-1,1,2,2,2,2,2,2,0,0,2,2,2,2,2,2,1,2
329,-10412.074,4265.551,-137.187,155.103,-0.907041,-0.420793,-0.014496,0.420979,-0.906965,-0.013841,-0.007323,-0.018657,0.999799,0,0.58015,-0.81757,11.149,-0.575,18.396,-1,-1,-1,-1,-1,-1,493.345,570.373,-1,-1,-1,-1,-1,-1,22.433,-1,1,2,2,2,2,2,2,0,0,2,2,2,2,2,2,1,2
330,-10420.731,4273.003,-137.385,154.465,-0.902296,-0.430849,-0.015172,0.431057,-0.902196,-0.015234,-0.007125,-0.020286,0.999769,0,0.58200,-0.81341,11.423,-0.638,18.718,-1,-1,-1,-1,-1,-1,489.542,574.312,-1,-1,-1,-1,-1,-1,22.541,-1,1,2,2,2,2,2,2,0,0,2,2,2,2,2,2,1,2
331,-10429.295,4280.950,-137.622,153.756,-0.896898,-0.441948,-0.016014,0.442177,-0.896787,-0.015915,-0.007328,-0.021355,0.999745,0,0.58414,-0.80861,11.683,-0.708,18.510,-1,-1,-1,-1,-1,-1,486.739,576.624,-1,-1,-1,-1,-1,-1,22.470,-1,1,2,2,2,2,2,2,0,0,2,2,2,2,2,2,1,2
332,-10437.686,4289.324,-137.800,152.991,-0.890909,-0.453876,-0.016691,0.454111,-0.890818,-0.015059,-0.008034,-0.020996,0.999747,0,0.58658,-0.80312,11.854,-0.765,18.364,-1,-1,-1,-1,-1,-1,486.479,575.363,-1,-1,-1,-1,-1,-1,22.424,-1,1,2,2,2,2,2,2,0,0,2,2,2,2,2,2,1,2
333,-10446.176,4298.048,-137.968,152.222,-0.884730,-0.465822,-0.016204,0.466029,-0.884674,-0.012952,-0.008302,-0.019010,0.999785,0,0.58929,-0.79703,12.174,-0.769,18.173,-1,-1,-1,-1,-1,-1,489.264,570.071,-1,-1,-1,-1,-1,-1,22.367,-1,1,2,2,2,2,2,2,0,0,2,2,2,2,2,2,1,2
334,-10455.163,4307.004,-138.165,151.524,-0.878990,-0.476629,-0.014160,0.476780,-0.878962,-0.010336,-0.007519,-0.015837,0.999846,0,0.59200,-0.79094,12.688,-0.698,18.063,-1,-1,-1,16.662,-1,-1,494.599,562.028,-1,-1,-1,-1,-1,-1,22.337,17.146,1,2,2,2,1,2,2,0,0,2,2,2,2,2,2,1,1
335,-10464.448,4316.279,-138.371,150.806,-0.872953,-0.487634,-0.012877,0.487756,-0.872934,-0.008950,-0.006876,-0.014093,0.999877,0,0.59435,-0.78565,13.124,-0.718,18.549,-1,-1,-1,16.016,-1,-1,497.396,557.617,-1,-1,-1,-1,-1,-1,22.483,16.693,1,2,2,2,1,2,2,0,0,2,2,2,2,2,2,1,1
336,-10473.901,4325.919,-138.551,150.048,-0.866426,-0.499144,-0.012698,0.499262,-0.866406,-0.008870,-0.006574,-0.014025,0.999880,0,0.59676,-0.78024,13.502,-0.758,18.687,-1,-1,-1,17.150,-1,-1,497.132,557.376,-1,-1,-1,-1,-1,-1,22.531,17.938,1,2,2,2,1,2,2,0,0,2,2,2,2,2,2,1,1
337,-10483.302,4335.975,-138.716,149.252,-0.859410,-0.511110,-0.013449,0.511244,-0.859381,-0.009673,-0.006614,-0.015189,0.999863,0,0.59933,-0.77446,13.766,-0.796,18.601,-1,-1,-1,14.078,-1,-1,494.483,560.094,-1,-1,-1,-1,-1,-1,22.500,14.693,1,2,2,2,1,2,2,0,0,2,2,2,2,2,2,1,1
338,-10492.763,4346.348,-138.947,148.432,-0.852001,-0.523336,-0.014627,0.523492,-0.851969,-0.010226,-0.007110,-0.016370,0.999841,0,0.60207,-0.76832,14.039,-0.820,18.534,-1,-1,-1,11.811,-1,-1,491.952,562.215,-1,-1,-1,-1,-1,-1,22.478,12.307,1,2,2,2,1,2,2,0,0,2,2,2,2,2,2,1,1
339,-10502.372,4357.082,-139.227,147.586,-0.844170,-0.535841,-0.015863,0.536018,-0.844142,-0.010394,-0.007821,-0.017277,0.999820,0,0.60490,-0.76195,14.407,-0.846,18.583,-1,-1,-1,12.125,-1,-1,489.764,563.523,-1,-1,-1,-1,-1,-1,22.493,12.648,1,2,2,2,1,2,2,0,0,2,2,2,2,2,2,1,1
340,-10511.995,4368.181,-139.451,146.714,-0.835909,-0.548590,-0.017448,0.548797,-0.835890,-0.010507,-0.008820,-0.018359,0.999793,0,0.60783,-0.75537,14.690,-0.872,18.473,-1,-1,-1,14.971,-1,-1,487.411,565.382,-1,-1,-1,-1,-1,-1,22.458,15.573,1,2,2,2,1,2,2,0,0,2,2,2,2,2,2,1,1
341,-10521.565,4379.639,-139.552,145.845,-0.827482,-0.561180,-0.018713,0.561409,-0.827474,-0.010378,-0.009661,-0.019093,0.999771,0,0.61086,-0.74856,14.929,-0.869,18.284,-1,-1,-1,16.645,-1,-1,486.348,566.833,-1,-1,-1,-1,-1,-1,22.399,17.229,1,2,2,2,1,2,2,0,0,2,2,2,2,2,2,1,1
342,-10531.128,4391.429,-139.624,144.973,-0.818842,-0.573693,-0.019321,0.573928,-0.818847,-0.009817,-0.010188,-0.019127,0.999765,0,0.61388,-0.74178,15.180,-0.872,17.984,-1,-1,-1,15.049,-1,-1,486.772,566.753,-1,-1,-1,-1,-1,-1,22.317,15.454,1,2,2,2,1,2,2,0,0,2,2,2,2,2,2,1,1
343,-10540.857,4403.515,-139.674,144.093,-0.809924,-0.586213,-0.019430,0.586437,-0.809949,-0.008580,-0.010708,-0.018344,0.999774,0,0.61690,-0.73499,15.516,-0.880,17.751,-1,-1,-1,15.578,-1,-1,488.697,564.803,-1,-1,-1,-1,-1,-1,22.265,15.898,1,2,2,2,1,2,2,0,0,2,2,2,2,2,2,1,1
344,-10550.812,4415.991,-139.745,143.225,-0.800945,-0.598427,-0.019310,0.598638,-0.800984,-0.007545,-0.010951,-0.017603,0.999785,0,0.61993,-0.72817,15.960,-0.868,17.534,-1,-1,-1,16.513,-1,-1,490.664,562.959,-1,-1,-1,-1,-1,-1,22.225,16.753,1,2,2,2,1,2,2,0,0,2,2,2,2,2,2,1,1
345,-10561.122,4428.803,-139.854,142.410,-0.792348,-0.609787,-0.018573,0.609978,-0.792390,-0.006728,-0.010614,-0.016660,0.999805,0,0.62289,-0.72153,16.446,-0.815,17.761,-1,-1,-1,18.941,-1,-1,-1,560.647,-1,-1,-1,-1,-1,-1,22.267,19.334,1,2,2,2,1,2,2,2,0,2,2,2,2,2,2,1,1
346,-10571.552,4442.011,-140.041,141.597,-0.783623,-0.620969,-0.018234,0.621149,-0.783667,-0.006286,-0.010386,-0.016252,0.999814,0,0.62557,-0.71550,16.829,-0.812,17.554,-1,-1,-1,17.108,-1,-1,-1,559.361,-1,-1,-1,-1,-1,-1,22.229,17.367,1,2,2,2,1,2,2,2,0,2,2,2,2,2,2,1,1
347,-10582.130,4455.572,-140.322,140.795,-0.774847,-0.631889,-0.018135,0.632063,-0.774896,-0.005683,-0.010462,-0.015866,0.999819,0,0.62822,-0.70955,17.198,-0.802,17.455,-1,-1,-1,18.132,-1,-1,-1,557.820,-1,-1,-1,-1,-1,-1,22.213,18.356,1,2,2,2,1,2,2,2,0,2,2,2,2,2,2,1,1
348,-10592.851,4469.479,-140.662,140.003,-0.766037,-0.642535,-0.018322,0.642703,-0.766100,-0.004853,-0.010918,-0.015494,0.999820,0,0.63080,-0.70375,17.560,-0.792,17.362,-1,-1,-1,17.678,-1,-1,-1,556.588,-1,-1,-1,-1,-1,-1,22.201,19.847,1,2,2,2,1,2,2,2,0,2,2,2,2,2,2,1,1
349,-10605.899,4486.653,-141.103,139.043,-0.755151,-0.655263,-0.019445,0.655443,-0.755232,-0.004273,-0.011886,-0.015971,0.999802,0,0.63331,-0.69811,21.569,-0.960,17.300,-1,-1,-1,17.133,-1,-1,-1,557.389,-1,-1,-1,-1,-1,-1,22.196,20.647,1,2,2,2,1,2,2,2,0,2,2,2,2,2,2,1,1
350,-10614.661,4498.426,-141.392,138.394,-0.747673,-0.663741,-0.020784,0.663945,-0.747770,-0.004240,-0.012728,-0.016970,0.999775,0,0.63633,-0.69131,14.675,-0.649,17.189,-1,-1,-1,16.368,-1,-1,-1,559.525,-1,-1,-1,-1,-1,-1,22.185,20.743,1,2,2,2,1,2,2,2,0,2,2,2,2,2,2,1,1
351,-10625.809,4513.438,-141.759,137.605,-0.738439,-0.673958,-0.022108,0.674176,-0.738562,-0.003532,-0.013948,-0.017513,0.999749,0,0.63838,-0.68673,18.698,-0.790,17.205,-1,-1,-1,16.474,-1,-1,-1,560.586,-1,-1,-1,-1,-1,-1,22.187,21.745,1,2,2,2,1,2,2,2,0,2,2,2,2,2,2,1,1
352,-10637.032,4528.911,-142.108,136.814,-0.729050,-0.684057,-0.023503,0.684295,-0.729199,-0.003031,-0.015065,-0.018293,0.999719,0,0.64080,-0.68127,19.115,-0.791,17.185,-1,-1,-1,16.351,-1,-1,-1,562.324,-1,-1,-1,-1,-1,-1,22.186,23.007,1,2,2,2,1,2,2,2,0,2,2,2,2,2,2,1,1
353,-10648.210,4544.839,-142.357,136.022,-0.719514,-0.694032,-0.024885,0.694299,-0.719681,-0.003039,-0.015800,-0.019464,0.999686,0,0.64322,-0.67585,19.459,-0.792,17.137,-1,-1,-1,16.077,-1,-1,-1,565.381,-1,-1,-1,-1,-1,-1,22.183,22.331,1,2,2,2,1,2,2,2,0,2,2,2,2,2,2,1,1
354,-10659.330,4560.916,-142.509,135.210,-0.709586,-0.704101,-0.027015,0.704395,-0.709805,-0.002011,-0.017760,-0.020456,0.999633,0,0.40032,-0.63190,19.547,-0.811,17.001,-1,-1,-1,15.410,-1,-1,-1,567.513,-1,-1,-1,-1,-1,-1,22.178,20.864,1,2,2,2,1,2,2,2,0,2,2,2,2,2,2,1,1
355,-10670.354,4577.042,-142.669,134.421,-0.699774,-0.713751,-0.029591,0.714055,-0.700090,0.000432,-0.021025,-0.020827,0.999562,0,0.40186,-0.62632,19.534,-0.789,16.554,-1,-1,-1,14.100,-1,-1,-1,568.000,-1,-1,-1,-1,-1,-1,22.209,22.656,1,2,2,2,1,2,2,2,0,2,2,2,2,2,2,1,1
356,-10681.511,4593.226,-143.190,133.702,-0.690698,-0.722387,-0.033057,0.722714,-0.691141,0.002872,-0.024922,-0.021907,0.999449,0,0.40334,-0.62097,19.657,-0.719,-1,-1,-1,-1,14.278,-1,-1,-1,569.061,-1,-1,-1,-1,-1,-1,-1,25.545,2,2,2,2,1,2,2,2,0,2,2,2,2,2,2,2,1
357,-10692.775,4609.451,-144.145,133.022,-0.681992,-0.730380,-0.037852,0.730776,-0.682602,0.004641,-0.029228,-0.024497,0.999273,0,0.40461,-0.61637,19.752,-0.680,-1,-1,-1,-1,14.241,-1,-1,-1,572.326,-1,-1,-1,-1,-1,-1,-1,31.103,2,2,2,2,1,2,2,2,0,2,2,2,2,2,2,2,1
358,-10704.103,4625.754,-145.445,132.362,-0.673429,-0.737963,-0.043640,0.738491,-0.674240,0.005557,-0.033525,-0.028485,0.999032,0,0.40575,-0.61220,19.852,-0.661,-1,-1,-1,-1,14.063,-1,-1,-1,578.771,-1,-1,-1,-1,-1,-1,-1,33.623,2,2,2,2,1,2,2,2,0,2,2,2,2,2,2,2,1
359,-10715.418,4642.141,-146.967,131.713,-0.664919,-0.745225,-0.050225,0.745944,-0.665979,0.006204,-0.038072,-0.033340,0.998719,0,0.40684,-0.60827,19.914,-0.648,-1,-1,-1,-1,14.127,-1,-1,-1,586.869,-1,-1,-1,-1,-1,-1,-1,36.378,2,2,2,2,1,2,2,2,0,2,2,2,2,2,2,2,1
360,-10726.705,4658.672,-148.574,131.059,-0.656253,-0.752329,-0.057730,0.753369,-0.657576,0.005424,-0.042043,-0.039932,0.998317,0,0.40788,-0.60448,20.017,-0.654,-1,-1,-1,-1,13.898,-1,-1,-1,599.262,-1,-1,-1,-1,-1,-1,-1,40.000,2,2,2,2,1,2,2,2,0,2,2,2,2,2,2,2,1
361,-10737.978,4675.280,-150.069,130.416,-0.647644,-0.759100,-0.065764,0.760540,-0.649274,0.004634,-0.046217,-0.047015,0.997824,0,0.40894,-0.60066,20.072,-0.643,-1,-1,-1,-1,13.883,-1,-1,-1,613.744,-1,-1,-1,-1,-1,-1,-1,40.705,2,2,2,2,1,2,2,2,0,2,2,2,2,2,2,2,1
362,-10749.114,4691.908,-151.268,129.788,-0.639091,-0.765526,-0.074378,0.767399,-0.641150,0.005100,-0.051592,-0.053818,0.997217,0,0.40995,-0.59699,20.013,-0.629,-1,-1,-1,-1,13.762,-1,-1,-1,628.129,-1,-1,-1,-1,-1,-1,-1,42.753,2,2,2,2,1,2,2,2,0,2,2,2,2,2,2,2,1
363,-10760.150,4708.614,-152.155,129.179,-0.630676,-0.771547,-0.083443,0.773877,-0.633301,0.006653,-0.057977,-0.060379,0.996490,0,0.41093,-0.59346,20.022,-0.609,-1,-1,-1,-1,13.652,-1,-1,-1,642.720,-1,-1,-1,-1,-1,-1,-1,42.816,2,2,2,2,1,2,2,2,0,2,2,2,2,2,2,2,1
364,-10771.144,4725.450,-152.792,128.573,-0.622210,-0.777304,-0.093018,0.780175,-0.625506,0.008342,-0.064668,-0.067380,0.995629,0,0.41185,-0.59013,20.107,-0.605,-1,-1,-1,-1,13.780,-1,-1,-1,659.881,-1,-1,-1,-1,-1,-1,-1,43.220,2,2,2,2,1,2,2,2,0,2,2,2,2,2,2,2,1
365,-10781.946,4742.348,-153.037,127.935,-0.613201,-0.783079,-0.103792,0.786707,-0.617258,0.009173,-0.071250,-0.076030,0.994557,0,0.41275,-0.58686,20.056,-0.639,-1,-1,-1,-1,13.558,-1,-1,-1,683.743,-1,-1,-1,-1,-1,-1,-1,46.050,2,2,2,2,1,2,2,2,0,2,2,2,2,2,2,2,1
366,-10792.697,4759.206,-152.837,127.319,-0.604391,-0.788344,-0.114997,0.792818,-0.609366,0.010594,-0.078427,-0.084769,0.993309,0,0.41374,-0.58326,19.994,-0.615,-1,-1,-1,-1,13.535,-1,-1,-1,710.708,-1,-1,-1,-1,-1,-1,-1,45.430,2,2,2,2,1,2,2,2,0,2,2,2,2,2,2,2,1
367,-10803.432,4776.140,-152.359,126.715,-0.595658,-0.793150,-0.126906,0.798708,-0.601616,0.011144,-0.085188,-0.094723,0.991852,0,0.41467,-0.57990,20.050,-0.605,-1,-1,-1,-1,13.368,-1,-1,-1,742.555,-1,-1,-1,-1,-1,-1,-1,45.359,2,2,2,2,1,2,2,2,0,2,2,2,2,2,2,2,1
368,-10814.248,4793.028,-151.716,126.146,-0.587304,-0.797366,-0.138856,0.804049,-0.594429,0.012649,-0.092625,-0.104218,0.990232,0,0.41556,-0.57668,20.055,-0.569,-1,-1,-1,-1,13.325,-1,-1,-1,773.932,-1,-1,-1,-1,-1,-1,-1,42.109,2,2,2,2,1,2,2,2,0,2,2,2,2,2,2,2,1
369,-10824.999,4809.896,-151.053,125.601,-0.579137,-0.801092,-0.151169,0.808908,-0.587729,0.015583,-0.101330,-0.113256,0.988385,0,0.31320,-0.54432,20.003,-0.545,-1,-1,-1,-1,13.307,-1,-1,-1,805.752,-1,-1,-1,-1,-1,-1,-1,40.036,2,2,2,2,1,2,2,2,0,2,2,2,2,2,2,2,1
370,-10835.668,4826.754,-150.481,125.068,-0.571016,-0.804366,-0.164122,0.813435,-0.581343,0.019061,-0.110743,-0.122619,0.986256,0,0.31374,-0.54175,19.951,-0.533,-1,-1,-1,-1,13.284,-1,-1,-1,840.338,-1,-1,-1,-1,-1,-1,-1,39.326,2,2,2,2,1,2,2,2,0,2,2,2,2,2,2,2,1
371,-10846.256,4843.590,-150.035,124.532,-0.562747,-0.807254,-0.177924,0.817828,-0.575032,0.022292,-0.120307,-0.132966,0.983792,0,0.31424,-0.53932,19.888,-0.536,-1,-1,-1,-1,13.268,-1,-1,-1,879.999,-1,-1,-1,-1,-1,-1,-1,41.001,2,2,2,2,1,2,2,2,0,2,2,2,2,2,2,2,1
372,-10856.893,4860.412,-149.770,124.009,-0.554626,-0.809557,-0.192375,0.821999,-0.568964,0.024466,-0.129261,-0.144563,0.981016,0,0.31475,-0.53686,19.903,-0.523,-1,-1,-1,-1,13.410,-1,-1,-1,926.683,-1,-1,-1,-1,-1,-1,-1,38.600,2,2,2,2,1,2,2,2,0,2,2,2,2,2,2,2,1
373,-10867.785,4877.085,-149.799,123.571,-0.547639,-0.810876,-0.206328,0.825182,-0.564213,0.027167,-0.138442,-0.155380,0.978106,0,0.31523,-0.53457,19.916,-0.438,-1,-1,-1,-1,13.727,-1,-1,-1,973.653,-1,-1,-1,-1,-1,-1,-1,29.823,2,2,2,2,1,2,2,2,0,2,2,2,2,2,2,2,1
374,-10878.793,4893.665,-150.020,123.187,-0.541392,-0.811308,-0.220623,0.827728,-0.560356,0.029448,-0.147519,-0.166673,0.974915,0,0.31551,-0.53320,19.901,-0.383,-1,-1,-1,-1,14.553,-1,-1,-1,-1,-1,-1,-1,-1,-1,-1,-1,24.394,2,2,2,2,1,2,2,2,2,2,2,2,2,2,2,2,1
375,-10890.223,4909.849,-150.458,122.934,-0.536943,-0.810516,-0.234000,0.828894,-0.558468,0.032387,-0.156932,-0.176571,0.971697,0,0.31567,-0.53243,19.813,-0.253,-1,-1,-1,-1,16.990,-1,-1,-1,-1,-1,-1,-1,-1,-1,-1,-1,22.179,2,2,2,2,1,2,2,2,2,2,2,2,2,2,2,2,1
376,-10902.563,4924.263,-151.298,122.944,-0.535990,-0.808125,-0.244231,0.827125,-0.560609,0.039761,-0.169050,-0.180698,0.968902,0,0.31554,-0.53305,18.975,0.009,-1,-1,-1,-1,18.748,-1,-1,-1,-1,-1,-1,-1,-1,-1,-1,-1,22.551,2,2,2,2,1,2,2,2,2,2,2,2,2,2,2,2,1
377,-10916.199,4934.986,-152.342,123.436,-0.541579,-0.802201,-0.251328,0.820218,-0.569762,0.051130,-0.184213,-0.178453,0.966551,0,0.31485,-0.53642,17.347,0.492,-1,-1,-1,-1,18.700,-1,-1,-1,-1,-1,-1,-1,-1,-1,-1,-1,22.535,2,2,2,2,1,2,2,2,2,2,2,2,2,2,2,2,1
378,-10929.890,4944.401,-153.020,124.248,-0.551910,-0.791421,-0.262770,0.810652,-0.583080,0.053489,-0.195549,-0.183494,0.963375,0,0.31313,-0.54468,16.615,0.812,-1,-1,-1,-1,18.678,-1,-1,-1,-1,-1,-1,-1,-1,-1,-1,-1,22.526,2,2,2,2,1,2,2,2,2,2,2,2,2,2,2,2,1
379,-10943.942,4952.855,-153.549,125.233,-0.564973,-0.777328,-0.276707,0.799919,-0.598239,0.047325,-0.202324,-0.194606,0.959788,0,0.31076,-0.55610,16.400,0.985,-1,-1,-1,-1,18.667,-1,-1,-1,-1,-1,-1,-1,-1,-1,-1,-1,22.523,2,2,2,2,1,2,2,2,2,2,2,2,2,2,2,2,1
380,-10958.295,4960.440,-153.843,126.274,-0.579040,-0.761084,-0.292341,0.789006,-0.613432,0.034231,-0.205384,-0.210838,0.955701,0,0.30803,-0.56927,16.234,1.041,-1,-1,-1,-1,18.666,-1,-1,-1,-1,-1,-1,-1,-1,-1,-1,-1,22.522,2,2,2,2,1,2,2,2,2,2,2,2,2,2,2,2,1
381,-10972.941,4967.250,-153.946,127.362,-0.593654,-0.743306,-0.308336,0.777543,-0.628566,0.018244,-0.207370,-0.228913,0.951103,0,0.30517,-0.58303,16.152,1.087,-1,-1,-1,-1,18.661,-1,-1,-1,-1,-1,-1,-1,-1,-1,-1,-1,22.521,2,2,2,2,1,2,2,2,2,2,2,2,2,2,2,2,1
382,-10987.746,4973.596,-153.957,128.466,-0.608106,-0.724613,-0.324258,0.765439,-0.643503,0.002537,-0.210500,-0.246657,0.945965,0,0.30221,-0.59727,16.108,1.104,-1,-1,-1,-1,18.657,-1,-1,-1,-1,-1,-1,-1,-1,-1,-1,-1,22.520,2,2,2,2,1,2,2,2,2,2,2,2,2,2,2,2,1
383,-6093.625,5792.004,-145.954,-112.221,-0.378127,0.925648,-0.013980,-0.925593,-0.377737,0.024361,0.017269,0.022151,0.999605,1,0.29922,-0.61167,0.000,0.000,-1,620.517,-1,606.787,13.764,507.216,501.496,558.221,493.517,-1,-1,-1,-1,-1,-1,-1,29.370,2,0,2,0,1,0,0,0,0,2,2,2,2,2,2,2,1
384,-6093.265,5792.429,-143.900,-112.223,-0.378167,0.925660,-0.011948,-0.925612,-0.377872,0.021347,0.015245,0.019132,0.999701,0,-0.13088,0.21429,0.556,-0.002,-1,619.050,-1,610.051,8.397,507.796,503.156,557.483,504.859,-1,-1,-1,-1,-1,-1,-1,22.905,2,0,2,0,1,0,0,0,0,2,2,2,2,2,2,2,1
385,-6092.822,5793.039,-142.935,-112.226,-0.378236,0.925654,-0.010061,-0.925623,-0.378030,0.017768,0.012644,0.016033,0.999792,0,-0.13088,0.21428,0.754,-0.003,-1,613.169,-1,608.787,-1,504.826,501.242,553.660,513.349,-1,-1,-1,-1,-1,-1,-1,-1,2,0,2,0,2,0,0,0,0,2,2,2,2,2,2,2,2
386,-6092.292,5793.823,-143.047,-112.232,-0.378338,0.925630,-0.008319,-0.925619,-0.378211,0.013663,0.009501,0.012870,0.999872,0,-0.13088,0.21429,0.946,-0.006,-1,603.293,-1,603.173,-1,498.473,495.917,546.657,519.068,-1,-1,-1,-1,-1,-1,-1,-1,2,0,2,0,2,0,0,0,0,2,2,2,2,2,2,2,2
387,-6091.681,5794.756,-144.078,-112.241,-0.378495,0.925579,-0.006778,-0.925583,-0.378427,0.009488,0.006217,0.009865,0.999932,0,-0.13088,0.21431,1.115,-0.009,-1,590.714,-1,594.543,8.132,489.912,488.288,537.036,521.984,-1,-1,-1,-1,-1,-1,-1,24.794,2,0,2,0,1,0,0,0,0,2,2,2,2,2,2,2,1
388,-6091.050,5795.764,-145.657,-112.250,-0.378646,0.925523,-0.005849,-0.925532,-0.378605,0.007038,0.004299,0.008078,0.999958,0,-0.13087,0.21435,1.189,-0.009,13.807,580.857,-1,586.817,14.209,482.786,481.682,528.690,521.061,-1,-1,-1,-1,-1,-1,28.306,25.756,1,0,2,0,1,0,0,0,0,2,2,2,2,2,2,1,1
389,-6090.505,5796.833,-147.429,-112.259,-0.378786,0.925467,-0.005631,-0.925473,-0.378744,0.007217,0.004546,0.007945,0.999958,0,-0.13087,0.21440,1.200,-0.009,13.805,576.607,-1,582.512,14.212,479.255,478.141,523.498,516.451,-1,-1,-1,-1,-1,-1,28.844,25.741,1,0,2,0,1,0,0,0,0,2,2,2,2,2,2,1,1
390,-6090.084,5797.975,-149.124,-112.267,-0.378917,0.925409,-0.006358,-0.925404,-0.378845,0.010206,0.007036,0.009751,0.999928,0,-0.13087,0.21445,1.217,-0.008,13.803,579.008,-1,582.330,14.214,480.074,478.330,522.754,508.406,-1,-1,-1,-1,-1,-1,28.872,25.728,1,0,2,0,1,0,0,0,0,2,2,2,2,2,2,1,1
391,-6089.787,5799.231,-150.583,-112.276,-0.379049,0.925341,-0.008145,-0.925309,-0.378900,0.015459,0.011218,0.013396,0.999847,0,-0.13086,0.21450,1.291,-0.009,13.801,587.360,-1,585.535,14.217,484.718,481.732,526.705,497.648,-1,-1,-1,-1,-1,-1,28.906,25.709,1,0,2,0,1,0,0,0,0,2,2,2,2,2,2,1,1
392,-6089.570,5800.645,-151.740,-112.289,-0.379236,0.925236,-0.010909,-0.925158,-0.378944,0.022013,0.016233,0.018441,0.999698,0,-0.13086,0.21456,1.430,-0.013,13.799,599.849,-1,590.642,14.220,491.881,487.158,534.706,485.258,-1,-1,-1,-1,-1,-1,28.946,25.686,1,0,2,0,1,0,0,0,0,2,2,2,2,2,2,1,1
393,-6089.371,5802.294,-152.500,-112.305,-0.379453,0.925107,-0.013890,-0.924983,-0.378983,0.027907,0.020552,0.023437,0.999514,0,-0.13085,0.21467,1.662,-0.015,9.344,612.192,-1,595.323,14.226,498.883,492.405,543.944,474.604,-1,-1,-1,-1,-1,-1,8.474,25.666,1,0,2,0,1,0,0,0,0,2,2,2,2,2,2,1,1
394,-6089.040,5804.240,-152.702,-112.319,-0.379665,0.924982,-0.016188,-0.924852,-0.379071,0.030870,0.022418,0.026692,0.999392,0,-0.13084,0.21481,1.974,-0.014,-1,618.878,-1,596.926,14.231,502.526,494.873,550.923,468.734,-1,-1,-1,-1,-1,-1,-1,25.640,2,0,2,0,1,0,0,0,0,2,2,2,2,2,2,2,1
395,-6088.496,5806.428,-152.427,-112.331,-0.379871,0.924872,-0.017610,-0.924777,-0.379242,0.031036,0.022026,0.028075,0.999363,0,-0.13083,0.21491,2.254,-0.013,-1,620.009,-1,595.761,14.236,502.852,494.678,554.952,467.199,-1,-1,-1,-1,-1,-1,-1,25.612,2,0,2,0,1,0,0,0,0,2,2,2,2,2,2,2,1
396,-6087.846,5808.397,-151.841,-112.338,-0.379982,0.924821,-0.017880,-0.924747,-0.379362,0.030461,0.021388,0.028109,0.999376,0,0.46336,0.48071,2.073,-0.007,-1,620.348,-1,595.930,14.274,503.196,494.993,556.827,468.763,-1,-1,-1,-1,-1,-1,-1,25.434,2,0,2,0,1,0,0,0,0,2,2,2,2,2,2,2,1
397,-6087.329,5809.592,-151.123,-112.337,-0.379966,0.924847,-0.016854,-0.924733,-0.379355,0.030973,0.022252,0.027354,0.999378,0,0.46335,0.48072,1.302,0.001,-1,624.028,-1,600.809,14.335,506.408,498.480,557.441,472.121,-1,-1,-1,-1,-1,-1,-1,25.167,2,0,2,0,1,0,0,0,0,2,2,2,2,2,2,2,1
398,-6086.991,5810.085,-150.411,-112.330,-0.379838,0.924926,-0.015355,-0.924740,-0.379225,0.032297,0.024050,0.026467,0.999360,0,0.46336,0.48068,0.598,0.007,-1,629.915,-1,608.138,14.405,511.272,503.687,557.802,475.735,-1,-1,-1,-1,-1,-1,-1,24.892,2,0,2,0,1,0,0,0,0,2,2,2,2,2,2,2,1
399,-6086.861,5809.960,-149.804,-112.315,-0.379576,0.925053,-0.014131,-0.924793,-0.378950,0.033996,0.026093,0.025972,0.999322,0,0.46339,0.48058,0.180,0.015,-1,636.424,-1,615.535,14.443,516.415,509.049,558.731,478.367,-1,-1,-1,-1,-1,-1,-1,24.750,2,0,2,0,1,0,0,0,0,2,2,2,2,2,2,2,1
400,-6086.960,5809.323,-149.359,-112.296,-0.379250,0.925195,-0.013559,-0.924878,-0.378600,0.035536,0.027744,0.026017,0.999276,0,0.46343,0.48042,0.645,0.019,-1,641.903,-1,621.060,14.455,520.539,513.199,560.320,479.536,-1,-1,-1,-1,-1,-1,-1,24.709,2,0,2,0,1,0,0,0,0,2,2,2,2,2,2,2,1
401,-6087.282,5808.206,-149.097,-112.272,-0.378847,0.925358,-0.013720,-0.925013,-0.378161,0.036678,0.028752,0.026587,0.999233,0,0.46348,0.48024,1.163,0.024,-1,645.604,-1,623.958,14.472,523.092,515.590,562.450,479.191,-1,-1,-1,-1,-1,-1,-1,24.654,2,0,2,0,1,0,0,0,0,2,2,2,2,2,2,2,1
402,-6087.819,5806.571,-149.004,-112.242,-0.378355,0.925549,-0.014392,-0.925199,-0.377630,0.037442,0.029220,0.027482,0.999195,0,0.46354,0.48003,1.720,0.030,-1,647.640,-1,624.667,14.501,524.246,516.464,564.731,477.732,-1,-1,-1,-1,-1,-1,-1,24.556,2,0,2,0,1,0,0,0,0,2,2,2,2,2,2,2,1
403,-6088.570,5804.412,-149.045,-112.209,-0.377825,0.925753,-0.015150,-0.925415,-0.377068,0.037772,0.029255,0.028292,0.999171,0,0.46361,0.47977,2.286,0.033,-1,648.040,-1,623.896,14.523,524.206,516.175,566.345,475.988,-1,-1,-1,-1,-1,-1,-1,24.484,2,0,2,0,1,0,0,0,0,2,2,2,2,2,2,2,1
404,-6089.504,5801.722,-149.178,-112.172,-0.377229,0.925987,-0.015708,-0.925668,-0.376460,0.037649,0.028949,0.028742,0.999168,0,0.46368,0.47950,2.848,0.037,-1,646.926,-1,622.233,14.569,523.193,515.045,566.788,474.554,-1,-1,-1,-1,-1,-1,-1,24.338,2,0,2,0,1,0,0,0,0,2,2,2,2,2,2,2,1
405,-6090.590,5798.496,-149.365,-112.128,-0.376522,0.926272,-0.015880,-0.925973,-0.375764,0.037092,0.028390,0.028670,0.999186,0,0.46376,0.47920,3.403,0.044,-1,644.513,-1,620.165,14.610,521.442,513.371,565.554,473.817,-1,-1,-1,-1,-1,-1,-1,24.224,2,0,2,0,1,0,0,0,0,2,2,2,2,2,2,2,1
406,-6091.806,5794.732,-149.574,-112.077,-0.375712,0.926606,-0.015570,-0.926323,-0.374989,0.036168,0.027675,0.028012,0.999224,0,0.46386,0.47885,3.955,0.051,-1,641.097,-1,618.082,14.642,519.201,511.424,562.683,473.976,-1,-1,-1,-1,-1,-1,-1,24.133,2,0,2,0,1,0,0,0,0,2,2,2,2,2,2,2,1
407,-6093.132,5790.441,-149.785,-112.020,-0.374791,0.926990,-0.014892,-0.926721,-0.374120,0.034967,0.026843,0.026906,0.999277,0,0.46397,0.47844,4.491,0.057,-1,636.971,-1,616.038,14.658,516.623,509.309,558.747,474.879,-1,-1,-1,-1,-1,-1,-1,24.093,2,0,2,0,1,0,0,0,0,2,2,2,2,2,2,2,1
408,-6094.577,5785.677,-149.980,-111.953,-0.373718,0.927436,-0.014025,-0.927182,-0.373108,0.033521,0.025856,0.025531,0.999340,0,0.46409,0.47797,4.978,0.067,-1,632.252,-1,613.848,14.622,513.722,506.973,554.206,476.394,-1,-1,-1,-1,-1,-1,-1,24.194,2,0,2,0,1,0,0,0,0,2,2,2,2,2,2,2,1
409,-6096.183,5780.454,-150.162,-111.882,-0.372590,0.927905,-0.013010,-0.927667,-0.372048,0.031861,0.024723,0.023940,0.999408,0,0.46424,0.47742,5.465,0.070,-1,627.021,-1,611.449,14.590,510.522,504.419,549.163,478.305,-1,-1,-1,-1,-1,-1,-1,24.279,2,0,2,0,1,0,0,0,0,2,2,2,2,2,2,2,1
410,-6097.932,5774.724,-150.298,-111.804,-0.371334,0.928419,-0.012190,-0.928193,-0.370842,0.030571,0.023862,0.022667,0.999458,0,0.46440,0.47684,5.991,0.078,-1,622.841,-1,609.582,15.014,507.970,502.414,544.857,479.750,-1,-1,-1,-1,-1,-1,-1,23.334,2,0,2,0,1,0,0,0,0,2,2,2,2,2,2,2,1
411,-6099.787,5768.450,-150.327,-111.699,-0.369626,0.929106,-0.011761,-0.928878,-0.369152,0.030213,0.023729,0.022092,0.999474,0,0.46457,0.47621,6.543,0.105,-1,621.268,-1,609.295,15.253,507.108,501.870,542.299,480.197,-1,-1,-1,-1,-1,-1,-1,22.989,2,0,2,0,1,0,0,0,0,2,2,2,2,2,2,2,1
412,-6101.736,5761.653,-150.230,-111.563,-0.367415,0.929986,-0.011488,-0.929741,-0.366940,0.030607,0.024248,0.021926,0.999465,0,0.46481,0.47530,7.071,0.136,-1,621.920,-1,610.682,15.372,507.831,502.740,540.937,480.233,-1,-1,-1,-1,-1,-1,-1,22.852,2,0,2,0,1,0,0,0,0,2,2,2,2,2,2,2,1
413,-6103.760,5754.389,-149.975,-111.408,-0.364894,0.930987,-0.010791,-0.930702,-0.364417,0.031535,0.025427,0.021550,0.999444,0,0.46514,0.47410,7.541,0.155,-1,624.444,-1,614.369,15.410,510.089,505.132,539.579,481.121,-1,-1,-1,-1,-1,-1,-1,22.809,2,0,2,0,1,0,0,0,0,2,2,2,2,2,2,2,1
414,-6105.823,5746.672,-149.611,-111.234,-0.362047,0.932110,-0.009645,-0.931766,-0.361575,0.032791,0.027077,0.020859,0.999416,0,0.46551,0.47273,7.987,0.174,-1,628.173,-1,619.861,15.616,513.421,508.709,537.872,482.917,-1,-1,-1,-1,-1,-1,-1,22.620,2,0,2,0,1,0,0,0,0,2,2,2,2,2,2,2,1
415,-6107.853,5738.501,-149.226,-111.022,-0.358578,0.933457,-0.008931,-0.933064,-0.358101,0.033985,0.028526,0.020519,0.999382,0,0.46593,0.47116,8.420,0.212,-1,631.670,-1,624.620,15.693,516.471,511.884,536.907,484.027,-1,-1,-1,-1,-1,-1,-1,22.561,2,0,2,0,1,0,0,0,0,2,2,2,2,2,2,2,1
416,-6109.903,5729.910,-148.888,-110.787,-0.354732,0.934927,-0.008731,-0.934501,-0.354245,0.034902,0.029538,0.020540,0.999353,0,0.46645,0.46921,8.832,0.235,-1,634.158,-1,625.920,15.624,518.515,514.044,536.456,484.228,-1,-1,-1,-1,-1,-1,-1,22.613,2,0,2,0,1,0,0,0,0,2,2,2,2,2,2,2,1
417,-6112.046,5720.967,-148.562,-110.542,-0.350738,0.936434,-0.008613,-0.935997,-0.350252,0.035130,0.029880,0.020383,0.999346,0,0.46704,0.46704,9.196,0.244,-1,634.495,-1,624.195,15.545,519.183,514.694,535.485,484.743,-1,-1,-1,-1,-1,-1,-1,22.679,2,0,2,0,1,0,0,0,0,2,2,2,2,2,2,2,1
418,-6114.263,5711.695,-148.203,-110.298,-0.346754,0.937917,-0.008589,-0.937491,-0.346280,0.034642,0.029517,0.020065,0.999363,0,0.46765,0.46478,9.533,0.244,-1,632.956,-1,621.075,15.501,518.540,513.998,534.121,485.597,-1,-1,-1,-1,-1,-1,-1,22.720,2,0,2,0,1,0,0,0,0,2,2,2,2,2,2,2,1
419,-6116.565,5702.024,-147.853,-110.052,-0.342727,0.939397,-0.008492,-0.938982,-0.342267,0.034158,0.029182,0.019681,0.999380,0,0.46825,0.46254,9.941,0.246,-1,630.700,-1,617.924,15.652,517.891,513.310,532.509,486.527,-1,-1,-1,-1,-1,-1,-1,22.592,2,0,2,0,1,0,0,0,0,2,2,2,2,2,2,2,1
420,-6118.882,5691.922,-147.557,-109.784,-0.338338,0.940984,-0.008728,-0.940574,-0.337874,0.034086,0.029125,0.019742,0.999381,0,0.46886,0.46028,10.365,0.268,-1,628.765,-1,614.770,15.627,517.682,512.890,531.622,486.449,-1,-1,-1,-1,-1,-1,-1,22.611,2,0,2,0,1,0,0,0,0,2,2,2,2,2,2,2,1
421,-6121.287,5681.422,-147.329,-109.510,-0.333828,0.942590,-0.009072,-0.942179,-0.333353,0.034273,0.029281,0.019989,0.999371,0,0.46953,0.45781,10.771,0.274,-1,627.179,-1,612.734,15.786,517.718,512.635,530.862,485.727,-1,-1,-1,-1,-1,-1,-1,22.498,2,0,2,0,1,0,0,0,0,2,2,2,2,2,2,2,1
422,-6123.768,5670.440,-147.125,-109.221,-0.329069,0.944258,-0.009513,-0.943837,-0.328572,0.034806,0.029740,0.020432,0.999349,0,0.67818,-0.29464,11.259,0.289,-1,626.214,-1,611.025,14.945,517.625,512.873,530.378,484.552,-1,-1,-1,-1,-1,-1,-1,23.458,2,0,2,0,1,0,0,0,0,2,2,2,2,2,2,2,1
423,-6126.646,5658.877,-146.873,-109.007,-0.325533,0.945493,-0.008483,-0.945029,-0.325055,0.035494,0.030802,0.019571,0.999334,0,0.67922,-0.29730,11.916,0.214,-1,626.009,-1,611.492,14.322,515.916,514.833,527.096,486.098,-1,-1,-1,-1,-1,-1,-1,25.227,2,0,2,0,1,0,0,0,0,2,2,2,2,2,2,2,1
424,-6130.015,5646.819,-146.512,-108.894,-0.323644,0.946159,-0.006163,-0.945630,-0.323228,0.036165,0.032226,0.017533,0.999327,0,0.67995,-0.29919,12.519,0.114,-1,626.374,-1,613.733,14.013,514.755,517.890,521.403,490.311,-1,-1,-1,-1,-1,-1,12.980,26.943,2,0,2,0,1,0,0,0,0,2,2,2,2,2,2,1,1
425,-6133.918,5634.336,-146.046,-108.874,-0.323311,0.946287,-0.003422,-0.945697,-0.322977,0.036662,0.033588,0.015090,0.999322,0,0.68028,-0.30004,13.079,0.019,10.538,626.888,-1,616.345,13.777,513.625,521.112,514.884,495.690,-1,-1,-1,-1,-1,-1,9.326,29.207,1,0,2,0,1,0,0,0,0,2,2,2,2,2,2,1,1
426,-6138.275,5621.399,-145.601,-108.916,-0.323985,0.946061,-0.001583,-0.945434,-0.323708,0.036979,0.034472,0.013478,0.999315,0,0.68023,-0.29991,13.651,-0.041,8.515,627.025,-1,-1,13.766,512.228,520.142,507.792,499.466,-1,-1,-1,-1,-1,-1,24.800,28.658,1,0,2,2,1,0,0,0,0,2,2,2,2,2,2,1,1
427,-6142.978,5607.975,-145.199,-108.971,-0.324885,0.945753,-0.001110,-0.945110,-0.324621,0.037251,0.034870,0.013151,0.999305,0,0.67993,-0.29914,14.224,-0.055,14.262,624.553,-1,-1,13.766,511.088,515.992,500.799,500.550,-1,-1,-1,-1,-1,-1,25.501,27.620,1,0,2,2,1,0,0,0,0,2,2,2,2,2,2,1,1
428,-6148.009,5594.061,-144.825,-109.031,-0.325880,0.945410,-0.001238,-0.944762,-0.325607,0.037487,0.035037,0.013386,0.999296,0,0.67957,-0.29821,14.796,-0.060,14.323,621.101,-1,-1,13.718,509.454,511.225,494.318,500.384,-1,-1,-1,-1,-1,-1,25.214,28.006,1,0,2,2,1,0,0,0,0,2,2,2,2,2,2,1,1
429,-6153.313,5579.622,-144.512,-109.119,-0.327322,0.944912,-0.001481,-0.944240,-0.327029,0.038254,0.035662,0.013920,0.999267,0,0.67917,-0.29720,15.382,-0.088,14.404,655.441,-1,-1,13.659,508.331,506.740,487.768,499.497,-1,-1,-1,-1,-1,-1,24.899,28.489,1,0,2,2,1,0,0,0,0,2,2,2,2,2,2,1,1
430,-6158.949,5564.705,-144.203,-109.239,-0.329295,0.944226,-0.001281,-0.943517,-0.328995,0.039209,0.036601,0.014120,0.999230,0,0.67867,-0.29589,15.945,-0.120,14.521,666.503,-1,-1,13.578,507.457,502.547,480.292,499.285,-1,-1,-1,-1,-1,-1,24.493,28.226,1,0,2,2,1,0,0,0,0,2,2,2,2,2,2,1,1
431,-6164.890,5549.323,-143.941,-109.397,-0.331877,0.943323,-0.000619,-0.942575,-0.331587,0.040032,0.037558,0.013869,0.999198,0,0.67802,-0.29423,16.489,-0.158,14.720,679.078,-1,-1,13.465,506.217,498.227,471.604,499.830,-1,-1,-1,-1,-1,-1,23.932,27.551,1,0,2,2,1,0,0,0,0,2,2,2,2,2,2,1,1
432,-6171.161,5533.637,-143.590,-109.586,-0.334975,0.942227,-0.000081,-0.941455,-0.334697,0.040495,0.038129,0.013641,0.999180,0,0.67722,-0.29218,16.893,-0.189,15.000,-1,-1,-1,13.344,573.933,493.484,462.844,500.538,-1,-1,-1,-1,-1,-1,23.361,26.857,1,2,2,2,1,0,0,0,0,2,2,2,2,2,2,1,1
433,-6177.751,5517.929,-142.879,-109.801,-0.338496,0.940968,-0.000177,-0.940136,-0.338189,0.042112,0.039566,0.014421,0.999113,0,0.47773,-0.28979,17.035,-0.216,14.947,-1,-1,-1,13.362,-1,490.438,456.330,500.654,-1,-1,-1,-1,-1,-1,23.455,25.733,1,2,2,2,1,2,0,0,0,2,2,2,2,2,2,1,1
434,-6184.480,5502.317,-142.272,-110.026,-0.342194,0.939629,0.000071,-0.938832,-0.341907,0.041158,0.038697,0.014018,0.999153,0,0.47700,-0.28711,17.000,-0.225,11.475,-1,-1,-1,13.452,-1,485.335,458.923,503.725,-1,-1,-1,-1,-1,-1,9.908,25.448,1,2,2,2,1,2,0,0,0,2,2,2,2,2,2,1,1
435,-6191.202,5486.606,-141.735,-110.238,-0.345695,0.938347,-0.000314,-0.937641,-0.345422,0.038886,0.036380,0.013737,0.999244,0,0.47623,-0.28433,17.088,-0.212,14.749,-1,-1,-1,13.448,-1,478.138,518.892,506.277,-1,-1,-1,-1,-1,-1,23.866,26.343,1,2,2,2,1,2,0,0,0,2,2,2,2,2,2,1,1
436,-6198.061,5470.692,-141.288,-110.458,-0.349308,0.937008,-0.000304,-0.936381,-0.349062,0.036690,0.034273,0.013101,0.999327,0,0.47550,-0.28167,17.330,-0.219,14.760,-1,-1,-1,13.442,-1,471.104,761.193,509.470,-1,-1,-1,-1,-1,-1,23.839,27.350,1,2,2,2,1,2,0,0,0,2,2,2,2,2,2,1,1
437,-6205.090,5454.527,-140.961,-110.684,-0.353020,0.935616,0.000054,-0.935023,-0.352799,0.035569,0.033298,0.012506,0.999367,0,0.47475,-0.27893,17.627,-0.227,14.778,-1,-1,-1,13.434,-1,465.264,763.583,512.356,-1,-1,-1,-1,-1,-1,23.798,27.682,1,2,2,2,1,2,0,0,0,2,2,2,2,2,2,1,1
438,-6212.305,5438.143,-140.709,-110.917,-0.356809,0.934177,0.000827,-0.933584,-0.356614,0.035330,0.033299,0.011834,0.999375,0,0.47398,-0.27611,17.902,-0.232,14.782,-1,-1,-1,13.432,-1,-1,765.607,515.312,-1,-1,-1,-1,-1,-1,23.789,27.168,1,2,2,2,1,2,2,0,0,2,2,2,2,2,2,1,1
439,-6219.697,5421.590,-140.494,-111.156,-0.360711,0.932676,0.001725,-0.932072,-0.360543,0.035352,0.033594,0.011144,0.999373,0,0.47318,-0.27321,18.128,-0.240,14.787,-1,-1,-1,13.430,-1,-1,767.502,518.236,-1,-1,-1,-1,-1,-1,23.779,26.270,1,2,2,2,1,2,2,0,0,2,2,2,2,2,2,1,1
440,-6227.240,5404.867,-140.274,-111.400,-0.364659,0.931137,0.002790,-0.930519,-0.364523,0.035451,0.034027,0.010331,0.999367,0,0.47236,-0.27022,18.346,-0.243,14.767,-1,-1,-1,13.440,-1,-1,769.148,521.527,-1,-1,-1,-1,-1,-1,23.823,27.187,1,2,2,2,1,2,2,0,0,2,2,2,2,2,2,1,1
441,-6234.888,5387.999,-139.974,-111.638,-0.368522,0.929612,0.003755,-0.928990,-0.368418,0.035291,0.034191,0.009517,0.999370,0,0.47153,-0.26718,18.521,-0.238,14.697,-1,-1,-1,13.476,-1,-1,767.089,525.082,-1,-1,-1,-1,-1,-1,23.989,27.108,1,2,2,2,1,2,2,0,0,2,2,2,2,2,2,1,1
442,-6242.607,5370.991,-139.596,-111.860,-0.372134,0.928170,0.004054,-0.927567,-0.372044,0.034684,0.033701,0.009147,0.999390,0,0.47070,-0.26419,18.678,-0.223,14.635,-1,-1,-1,13.508,-1,-1,766.003,527.719,-1,-1,-1,-1,-1,-1,24.154,26.220,1,2,2,2,1,2,2,0,0,2,2,2,2,2,2,1,1
443,-6250.427,5353.854,-139.109,-112.068,-0.375506,0.926812,0.003826,-0.926234,-0.375412,0.034001,0.032949,0.009224,0.999414,0,0.46992,-0.26134,18.837,-0.208,14.634,-1,-1,-1,13.511,-1,-1,767.092,529.579,-1,-1,-1,-1,-1,-1,24.155,26.703,1,2,2,2,1,2,2,0,0,2,2,2,2,2,2,1,1
444,-6260.018,5333.137,-138.432,-112.322,-0.379608,0.925141,0.003325,-0.924589,-0.379502,0.033362,0.032126,0.009590,0.999438,0,0.46918,-0.25863,22.830,-0.253,14.655,-1,-1,-1,13.499,-1,-1,769.829,531.830,-1,-1,-1,-1,-1,-1,24.100,27.070,1,2,2,2,1,2,2,0,0,2,2,2,2,2,2,1,1
445,-6266.517,5319.297,-137.900,-112.494,-0.382405,0.923990,0.003122,-0.923470,-0.382299,0.032413,0.031142,0.009512,0.999470,0,0.46827,-0.25532,15.290,-0.173,14.639,-1,-1,-1,13.507,-1,-1,770.570,534.400,-1,-1,-1,-1,-1,-1,24.147,32.239,1,2,2,2,1,2,2,0,0,2,2,2,2,2,2,1,1
446,-6274.730,5302.117,-136.762,-112.778,-0.386952,0.922075,0.006762,-0.921528,-0.386960,0.032380,0.032473,0.006299,0.999453,0,0.46765,-0.25307,19.042,-0.283,14.459,-1,-1,-1,13.620,-1,-1,761.437,549.466,-1,-1,-1,-1,-1,-1,24.701,31.641,1,2,2,2,1,2,2,0,0,2,2,2,2,2,2,1,1
447,-6282.775,5284.765,-135.094,-113.031,-0.390967,0.920310,0.013197,-0.919661,-0.391187,0.034600,0.037006,0.001391,0.999314,0,0.46669,-0.24957,19.127,-0.254,14.411,-1,-1,-1,13.654,-1,-1,749.080,573.378,-1,-1,-1,-1,-1,-1,24.866,31.051,1,2,2,2,1,2,2,0,0,2,2,2,2,2,2,1,1
448,-6290.723,5267.387,-133.102,-113.229,-0.394053,0.918881,0.019490,-0.918089,-0.394524,0.038258,0.042844,-0.002817,0.999078,0,0.46581,-0.24638,19.109,-0.198,14.857,-1,-1,-1,13.399,-1,-1,741.393,562.046,-1,-1,-1,-1,-1,-1,23.629,39.312,1,2,2,2,1,2,2,0,1,2,2,2,2,2,2,1,1
449,-6298.900,5250.904,-130.326,-113.430,-0.397101,0.917539,0.020787,-0.916324,-0.397645,0.047216,0.051588,-0.000299,0.998668,0,0.46509,-0.24374,18.400,-0.201,15.392,-1,-1,-1,13.268,-1,-1,762.668,553.520,-1,-1,-1,-1,-1,-1,22.829,18.721,1,2,2,2,1,2,2,0,1,2,2,2,2,2,2,1,1
450,-6307.886,5235.305,-126.935,-113.789,-0.402591,0.915185,0.018892,-0.913260,-0.402977,0.059710,0.062259,0.006785,0.998037,0,0.46436,-0.24108,18.002,-0.359,15.493,-1,-1,-1,-1,-1,-1,806.944,544.947,-1,-1,-1,-1,-1,-1,22.727,-1,1,2,2,2,2,2,2,0,1,2,2,2,2,2,2,1,2
451,-6317.451,5220.139,-123.256,-114.233,-0.409362,0.912243,0.015348,-0.909461,-0.409341,0.072942,0.072823,0.015901,0.997218,0,0.50452,0.06023,17.930,-0.444,15.437,-1,-1,-1,-1,-1,-1,871.585,536.187,-1,-1,-1,-1,-1,-1,22.782,-1,1,2,2,2,2,2,2,0,1,2,2,2,2,2,2,1,2
452,-6327.274,5205.113,-119.796,-114.695,-0.416415,0.909088,0.012578,-0.905559,-0.415951,0.083355,0.081009,0.023320,0.996441,0,0.50297,0.06542,17.952,-0.462,15.287,-1,-1,-1,-1,-1,-1,932.425,527.246,-1,-1,-1,-1,-1,-1,22.947,-1,1,2,2,2,2,2,2,0,1,2,2,2,2,2,2,1,2
453,-6337.138,5190.113,-116.958,-115.171,-0.423749,0.905697,0.012228,-0.901702,-0.423082,0.089082,0.085855,0.026722,0.995949,0,0.50136,0.07080,17.952,-0.476,-1,-1,-1,-1,-1,-1,-1,967.828,518.345,-1,-1,-1,-1,-1,-1,-1,-1,2,2,2,2,2,2,2,0,1,2,2,2,2,2,2,2,2
454,-6347.021,5175.178,-114.884,-115.691,-0.431839,0.901837,0.014331,-0.897671,-0.431282,0.090458,0.087759,0.026199,0.995797,0,0.49970,0.07632,17.909,-0.520,-1,-1,-1,-1,-1,-1,-1,975.748,509.682,-1,-1,-1,-1,-1,-1,-1,-1,2,2,2,2,2,2,2,0,1,2,2,2,2,2,2,2,2
455,-6356.876,5160.241,-113.715,-116.246,-0.440525,0.897563,0.017852,-0.893458,-0.440276,0.088827,0.087587,0.023181,0.995887,0,0.49792,0.08229,17.895,-0.555,-1,-1,-1,-1,-1,-1,-1,965.007,501.259,-1,-1,-1,-1,-1,-1,-1,-1,2,2,2,2,2,2,2,0,1,2,2,2,2,2,2,2,2
456,-6366.741,5145.297,-113.493,-116.810,-0.449384,0.893073,0.021799,-0.889229,-0.449521,0.084869,0.085593,0.018754,0.996154,0,0.49603,0.08861,17.906,-0.564,-1,-1,-1,-1,-1,-1,-1,940.192,492.900,-1,-1,-1,-1,-1,-1,-1,-1,2,2,2,2,2,2,2,0,1,2,2,2,2,2,2,2,2
457,-6376.606,5130.375,-114.169,-117.365,-0.458127,0.888538,0.024887,-0.885159,-0.458589,0.078680,0.081324,0.014016,0.996589,0,0.49411,0.09503,17.889,-0.554,-1,-1,-1,-1,-1,-1,-1,909.730,484.517,-1,-1,-1,-1,-1,-1,-1,-1,2,2,2,2,2,2,2,0,1,2,2,2,2,2,2,2,2
458,-6386.486,5115.510,-115.689,-117.886,-0.466421,0.884180,0.026033,-0.881436,-0.467043,0.070297,0.074313,0.009842,0.997186,0,0.49222,0.10135,17.848,-0.521,-1,-1,-1,-1,-1,-1,-1,878.845,475.947,-1,-1,-1,-1,-1,-1,-1,-1,2,2,2,2,2,2,2,0,1,2,2,2,2,2,2,2,2
459,-6396.167,5100.525,-118.054,-118.310,-0.473250,0.880616,0.023426,-0.878551,-0.473759,0.060841,0.064676,0.008212,0.997873,0,0.49043,0.10734,17.840,-0.424,-1,-1,-1,-1,-1,-1,-1,860.638,466.977,-1,-1,-1,-1,-1,-1,-1,-1,2,2,2,2,2,2,2,0,1,2,2,2,2,2,2,2,2
460,-6405.776,5085.417,-121.232,-118.645,-0.478716,0.877788,0.017878,-0.876395,-0.478977,0.050120,0.052558,0.008325,0.998583,0,0.48893,0.11236,17.905,-0.335,-1,-1,-1,-1,-1,-1,-1,846.002,457.564,-1,-1,-1,-1,-1,-1,-1,-1,2,2,2,2,2,2,2,0,1,2,2,2,2,2,2,2,2
461,-6415.286,5070.116,-125.144,-118.890,-0.482777,0.875689,0.009707,-0.874926,-0.482776,0.037833,0.037816,0.009772,0.999237,0,0.48770,0.11647,18.016,-0.245,-1,-1,-1,-1,-1,-1,-1,832.296,454.073,-1,-1,-1,-1,-1,-1,-1,-1,2,2,2,2,2,2,2,0,1,2,2,2,2,2,2,2,2
462,-6424.938,5054.600,-129.210,-119.097,-0.486158,0.873862,0.003972,-0.873565,-0.486103,0.024258,0.023129,0.008323,0.999698,0,0.48674,0.11968,18.273,-0.207,-1,-1,-1,-1,13.441,-1,-1,806.716,449.531,-1,-1,-1,-1,-1,-1,-1,37.084,2,2,2,2,1,2,2,0,1,2,2,2,2,2,2,2,1
463,-6434.743,5038.739,-132.800,-119.335,-0.489889,0.871776,0.003985,-0.871708,-0.489902,0.010986,0.011529,0.001908,0.999932,0,0.48588,0.12254,18.646,-0.239,-1,-1,-1,-1,13.482,-1,-1,765.117,443.195,-1,-1,-1,-1,-1,-1,-1,35.386,2,2,2,2,1,2,2,0,1,2,2,2,2,2,2,2,1
464,-6446.439,5019.128,-135.603,-119.634,-0.494459,0.869139,0.010364,-0.869192,-0.494473,-0.001356,0.003946,-0.009679,0.999945,0,0.72569,0.40550,22.834,-0.299,14.264,-1,-1,-1,13.763,-1,-1,712.637,438.929,-1,-1,-1,-1,-1,-1,25.485,29.356,1,2,2,2,1,2,2,0,1,2,2,2,2,2,2,1,1
465,-6454.339,5005.359,-136.291,-119.774,-0.496573,0.867843,0.016252,-0.867988,-0.496559,-0.005195,0.003562,-0.016686,0.999854,0,0.72392,0.40945,15.875,-0.139,14.613,-1,-1,-1,13.521,-1,-1,683.661,441.144,-1,-1,-1,-1,-1,-1,24.215,34.111,1,2,2,2,1,2,2,0,1,2,2,2,2,2,2,1,1
466,-6464.419,4987.560,-136.356,-119.899,-0.498471,0.866576,0.023924,-0.866893,-0.498427,-0.008204,0.004815,-0.024829,0.999680,0,0.72300,0.41150,20.455,-0.126,-1,-1,-1,-1,14.088,-1,-1,651.775,444.341,-1,-1,-1,-1,-1,-1,-1,26.443,2,2,2,2,1,2,2,0,1,2,2,2,2,2,2,2,1
467,-6474.119,4969.135,-136.119,-119.850,-0.497732,0.866960,0.025365,-0.867323,-0.497642,-0.010203,0.003777,-0.027078,0.999626,0,0.72206,0.41360,20.822,0.049,-1,-1,-1,-1,14.251,-1,-1,640.721,449.528,-1,-1,-1,-1,-1,-1,-1,25.551,2,2,2,2,1,2,2,0,1,2,2,2,2,2,2,2,1
468,-6483.521,4950.645,-136.207,-119.671,-0.495013,0.868720,0.016964,-0.868879,-0.494841,-0.013467,-0.003304,-0.021406,0.999765,0,0.72191,0.41394,20.744,0.179,-1,-1,-1,-1,-1,-1,1005.942,652.677,456.408,-1,-1,-1,-1,-1,-1,-1,-1,2,2,2,2,2,2,0,0,1,2,2,2,2,2,2,2,2
469,-6492.893,4932.263,-136.917,-119.404,-0.490904,0.871211,0.001984,-0.871083,-0.490790,-0.018425,-0.015079,-0.010773,0.999828,0,0.72235,0.41295,20.633,0.267,-1,-1,-1,-1,-1,977.845,971.995,681.891,464.279,-1,-1,-1,-1,-1,-1,-1,-1,2,2,2,2,2,0,0,0,1,2,2,2,2,2,2,2,2
470,-6504.272,4910.248,-138.913,-119.009,-0.484690,0.874464,-0.019696,-0.874081,-0.485069,-0.026270,-0.032526,0.004483,0.999461,0,0.72319,0.41109,24.782,0.395,-1,-1,-1,-1,-1,933.803,923.348,727.695,508.750,-1,-1,-1,-1,-1,-1,-1,-1,2,2,2,2,2,0,0,0,1,2,2,2,2,2,2,2,2
471,-6511.942,4895.503,-140.995,-118.734,-0.480249,0.876465,-0.034204,-0.875958,-0.481258,-0.032982,-0.045369,0.014122,0.998870,0,0.72451,0.40813,16.620,0.275,-1,-1,-1,987.872,-1,901.412,888.665,752.428,565.140,-1,-1,-1,-1,-1,-1,-1,-1,2,2,2,0,2,0,0,0,1,2,2,2,2,2,2,2,2
472,-6521.553,4877.018,-144.425,-118.401,-0.474695,0.878670,-0.051028,-0.877898,-0.476829,-0.043928,-0.062930,0.023945,0.997731,0,0.72545,0.40605,20.835,0.333,-1,984.306,-1,931.327,-1,857.854,843.147,770.094,526.825,-1,-1,-1,-1,-1,-1,-1,-1,2,0,2,0,2,0,0,0,0,2,2,2,2,2,2,2,2
473,-6531.123,4858.504,-148.691,-118.100,-0.469394,0.880499,-0.066264,-0.879101,-0.473044,-0.058400,-0.082767,0.030840,0.996092,0,0.72656,0.40355,20.840,0.301,-1,931.101,-1,874.149,-1,810.600,792.901,774.139,494.318,-1,-1,-1,-1,-1,-1,-1,-1,2,0,2,0,2,0,0,0,0,2,2,2,2,2,2,2,2
474,-6540.597,4839.932,-153.761,-117.844,-0.464476,0.881960,-0.080051,-0.879330,-0.470032,-0.076479,-0.105078,0.034869,0.993852,0,0.72753,0.40138,20.850,0.256,-1,872.835,-1,816.072,902.410,760.134,738.938,481.365,467.103,-1,-1,-1,-1,-1,-1,-1,-1,2,0,2,0,0,0,0,0,0,2,2,2,2,2,2,2,2
475,-6549.988,4821.275,-159.661,-117.631,-0.459862,0.883160,-0.092492,-0.878476,-0.467667,-0.097811,-0.129638,0.036272,0.990898,0,0.72831,0.39965,20.887,0.213,-1,809.555,-1,753.898,866.374,707.656,683.818,443.390,443.088,-1,-1,-1,-1,-1,-1,-1,-1,2,0,2,0,0,0,0,0,0,2,2,2,2,2,2,2,2
476,-6554.204,4812.342,-156.325,-118.007,-0.463117,0.881321,-0.093787,-0.870744,-0.472173,-0.137323,-0.165310,0.018068,0.986076,0,0.72889,0.39836,9.878,-0.376,-1,740.648,-1,704.280,842.654,650.883,633.926,375.116,496.271,-1,-1,-1,-1,1007.285,954.901,-1,-1,2,0,2,0,0,0,0,0,0,2,2,2,2,0,0,2,2
477,-6557.674,4804.516,-150.825,-118.678,-0.469112,0.878221,-0.093066,-0.857617,-0.478170,-0.189334,-0.210778,-0.009004,0.977492,0,0.72703,0.40250,8.561,-0.672,-1,661.024,-1,651.700,817.997,583.756,576.558,366.465,593.848,-1,-1,-1,-1,882.483,878.531,-1,1002.539,2,0,2,0,0,0,0,0,0,2,2,2,2,0,0,2,0
478,-6559.956,4799.267,-148.108,-119.163,-0.472953,0.876154,-0.093108,-0.847538,-0.481280,-0.223717,-0.240821,-0.026895,0.970197,0,0.72388,0.40954,5.724,-0.484,940.106,612.295,-1,618.196,801.679,544.452,541.164,360.117,669.429,-1,-1,-1,-1,809.050,825.847,972.182,963.561,0,0,2,0,0,0,0,0,0,2,2,2,2,0,0,0,0
479,-6562.773,4792.663,-145.780,-119.812,-0.477561,0.873586,-0.093716,-0.833460,-0.484191,-0.266278,-0.277993,-0.049055,0.959330,0,0.72162,0.41459,7.179,-0.649,802.505,552.302,-1,575.531,781.437,495.918,500.594,351.550,779.890,-1,-1,-1,-1,725.537,764.398,836.168,901.429,0,0,2,0,0,0,0,0,0,2,2,2,2,0,0,0,0
480,-6565.555,4786.008,-144.642,-120.513,-0.481936,0.871050,-0.094921,-0.817753,-0.486043,-0.308288,-0.314670,-0.070953,0.946546,0,0.71860,0.42135,7.213,-0.701,679.815,495.013,935.096,534.567,744.190,450.541,460.938,342.301,913.194,-1,-1,-1,-1,649.804,704.897,716.334,829.335,0,0,0,0,0,0,0,0,0,2,2,2,2,0,0,0,0
481,-6568.302,4779.297,-144.696,-121.268,-0.486059,0.868559,-0.096702,-0.800438,-0.486867,-0.349656,-0.350778,-0.092549,0.931874,0,0.71534,0.42862,7.251,-0.755,570.136,442.719,831.681,495.375,706.673,407.709,423.551,332.386,-1,-1,-1,-1,-1,577.553,646.421,606.990,764.290,0,0,0,0,0,0,0,0,2,2,2,2,2,0,0,0,0
482,-6570.848,4772.411,-145.982,-122.036,-0.489280,0.866384,-0.099923,-0.781919,-0.486529,-0.389733,-0.386274,-0.112557,0.915491,0,0.71185,0.43643,7.342,-0.768,473.987,393.754,736.846,457.057,671.221,367.300,387.696,270.899,-1,-1,-1,-1,-1,508.450,590.584,505.679,695.017,0,0,0,0,0,0,0,0,2,2,2,2,2,0,0,0,0
483,-6572.846,4764.967,-148.652,-122.679,-0.489812,0.865313,-0.106384,-0.763576,-0.484678,-0.426660,-0.420757,-0.127751,0.898133,0,0.70830,0.44436,7.708,-0.643,392.985,349.797,650.188,417.519,639.335,329.424,352.910,264.621,-1,-1,-1,-1,-1,444.392,535.167,416.027,626.908,0,0,0,0,0,0,0,0,2,2,2,2,2,0,0,0,0
484,-6574.664,4756.694,-152.474,-123.219,-0.488980,0.864560,-0.115911,-0.746686,-0.483551,-0.456769,-0.450953,-0.136802,0.882001,0,0.70532,0.45101,8.470,-0.540,13.271,313.559,573.198,380.772,598.435,297.066,321.505,261.660,-1,-1,-1,-1,-1,392.341,483.427,45.634,566.701,1,0,0,0,0,0,0,0,2,2,2,2,2,0,0,1,0
485,-6576.785,4747.126,-156.937,-123.710,-0.489509,0.862285,-0.129792,-0.733703,-0.487723,-0.473081,-0.471233,-0.136349,0.871406,0,0.70280,0.45663,9.800,-0.491,13.287,290.199,522.717,352.448,549.775,275.085,298.689,268.288,-1,-1,-1,-1,-1,359.760,444.976,54.530,514.882,1,0,0,0,0,0,0,0,2,2,2,2,2,0,0,1,0
486,-6579.273,4736.351,-161.871,-124.159,-0.492224,0.857731,-0.148369,-0.725390,-0.498403,-0.474767,-0.481170,-0.126066,0.867515,0,0.70049,0.46179,11.059,-0.449,13.300,278.705,494.026,332.511,508.559,262.858,283.894,286.218,-1,-1,-1,-1,-1,344.442,418.310,57.373,476.260,1,0,0,0,0,0,0,0,2,2,2,2,2,0,0,1,0
487,-6582.186,4724.625,-167.230,-124.618,-0.497793,0.850427,-0.170224,-0.721102,-0.514885,-0.463578,-0.481885,-0.108017,0.869551,0,0.69835,0.46658,12.082,-0.459,13.311,277.038,481.881,319.595,474.617,258.635,275.707,313.486,-1,-1,-1,-1,-1,342.878,401.193,55.382,447.422,1,0,0,0,0,0,0,0,2,2,2,2,2,0,0,1,0
488,-6585.833,4711.997,-173.080,-125.058,-0.505840,0.841330,-0.190501,-0.720864,-0.533568,-0.442334,-0.473794,-0.086425,0.876385,0,0.69615,0.47150,13.144,-0.440,13.415,283.399,484.413,313.918,15.969,261.356,273.900,343.105,870.630,-1,-1,-1,-1,353.047,393.681,49.288,22.394,1,0,0,0,1,0,0,0,0,2,2,2,2,0,0,1,1
489,-6589.960,4698.626,-179.646,-125.433,-0.514923,0.831628,-0.207967,-0.723680,-0.551753,-0.414554,-0.459501,-0.062962,0.885943,0,0.30475,0.52975,13.993,-0.375,13.649,294.884,496.962,312.868,16.249,268.517,276.165,372.823,665.845,-1,-1,-1,-1,371.661,392.297,38.198,22.282,1,0,0,0,1,0,0,0,0,2,2,2,2,0,0,1,1
490,-6594.277,4684.846,-187.062,-125.739,-0.523976,0.822304,-0.221958,-0.728133,-0.567664,-0.384161,-0.441894,-0.039676,0.896189,0,0.30392,0.53394,14.441,-0.306,13.828,308.825,514.778,313.934,16.381,277.476,279.596,384.233,516.038,-1,-1,-1,-1,394.960,393.799,20.678,22.244,1,0,0,0,1,0,0,0,0,2,2,2,2,0,0,1,1
491,-6598.845,4670.791,-195.143,-126.007,-0.533340,0.814244,-0.229251,-0.733896,-0.580173,-0.353265,-0.420649,-0.020164,0.906999,0,0.30323,0.53746,14.779,-0.267,431.030,325.186,539.491,318.750,16.745,288.490,285.492,396.968,412.858,-1,-1,-1,-1,422.272,400.439,426.284,22.188,0,0,0,0,1,0,0,0,0,2,2,2,2,0,0,0,1
492,-6604.681,4657.176,-203.678,-126.019,-0.540108,0.811101,-0.224496,-0.742868,-0.584834,-0.325754,-0.395512,-0.009171,0.918415,0,0.30261,0.54061,14.813,-0.013,469.902,343.474,570.055,328.306,18.795,300.828,295.007,406.059,336.070,-1,-1,-1,-1,448.543,415.639,460.498,22.568,0,0,0,0,1,0,0,0,0,2,2,2,2,0,0,0,1
493,-6609.991,4644.060,-211.951,-125.430,-0.537975,0.813760,-0.219949,-0.756167,-0.581183,-0.300728,-0.372551,0.004534,0.928001,0,0.30248,0.54129,14.150,0.589,505.595,361.763,598.736,335.607,18.700,312.764,303.672,411.645,240.595,-1,-1,-1,-1,468.562,428.952,497.185,22.534,0,0,0,0,1,0,0,0,0,2,2,2,2,0,0,0,1
494,-6612.269,4638.302,-210.343,-125.176,-0.531620,0.818515,-0.217745,-0.754293,-0.574465,-0.317856,-0.385257,-0.004735,0.922797,0,0.30353,0.53592,6.192,0.254,473.525,347.799,574.784,329.188,18.665,303.465,296.674,407.795,279.494,-1,-1,-1,-1,449.023,418.713,464.448,22.522,0,0,0,0,1,0,0,0,0,2,2,2,2,0,0,0,1
495,-6614.154,4632.321,-208.840,-124.823,-0.523704,0.823790,-0.217036,-0.752867,-0.566772,-0.334606,-0.398654,-0.011835,0.917025,0,0.30399,0.53360,6.271,0.353,442.398,334.127,550.589,321.656,18.652,293.982,289.006,404.026,309.418,-1,-1,-1,-1,429.884,406.915,434.407,22.518,0,0,0,0,1,0,0,0,0,2,2,2,2,0,0,0,1
496,-6615.952,4626.051,-207.620,-124.436,-0.515560,0.829198,-0.215935,-0.751940,-0.558662,-0.349975,-0.410834,-0.018062,0.911531,0,0.30464,0.53027,6.523,0.387,16.487,322.085,529.377,314.401,18.473,285.529,282.130,400.379,333.235,-1,-1,-1,-1,412.869,396.116,17.149,22.458,1,0,0,0,1,0,0,0,0,2,2,2,2,0,0,1,1
497,-6617.774,4619.347,-206.735,-124.020,-0.507733,0.834360,-0.214592,-0.752192,-0.550770,-0.361746,-0.420017,-0.022256,0.907243,0,0.30537,0.52660,6.947,0.417,25.862,313.601,513.508,309.099,18.162,279.434,277.257,397.727,353.881,-1,-1,-1,-1,400.197,388.086,26.681,22.364,1,0,0,0,1,0,0,0,0,2,2,2,2,0,0,1,1
498,-6619.663,4612.184,-206.341,-123.542,-0.499896,0.839336,-0.213585,-0.754058,-0.543100,-0.369376,-0.426029,-0.023594,0.904402,0,0.30614,0.52265,7.407,0.478,21.009,308.579,502.891,305.445,17.623,275.595,274.164,396.250,360.423,-1,-1,-1,-1,391.658,382.365,30.000,22.241,1,0,0,0,1,0,0,0,0,2,2,2,2,0,0,1,1
499,-6621.811,4604.637,-206.555,-123.042,-0.492577,0.843873,-0.212713,-0.757287,-0.536065,-0.373031,-0.428818,-0.022661,0.903106,0,0.30704,0.51809,7.847,0.500,16.147,306.480,496.973,303.376,17.153,273.981,272.690,395.970,329.098,-1,-1,-1,-1,386.757,378.862,31.748,22.184,1,0,0,0,1,0,0,0,0,2,2,2,2,0,0,1,1
