timestep,x_cm,y_cm,z_cm,yaw_deg,basis_xx,basis_xy,basis_xz,basis_yx,basis_yy,basis_yz,basis_zx,basis_zy,basis_zz,teleport_flag,throttle_cmd,steering_cmd,cmd_move_cm,cmd_turn_deg,lidar_cm_0,lidar_cm_1,lidar_cm_2,lidar_cm_3,lidar_cm_4,lidar_cm_5,lidar_cm_6,lidar_cm_7,lidar_cm_8,lidar_cm_9,lidar_cm_10,lidar_cm_11,lidar_cm_12,lidar_cm_13,lidar_cm_14,lidar_cm_15,lidar_cm_16,lidar_class_0,lidar_class_1,lidar_class_2,lidar_class_3,lidar_class_4,lidar_class_5,lidar_class_6,lidar_class_7,lidar_class_8,lidar_class_9,lidar_class_10,lidar_class_11,lidar_class_12,lidar_class_13,lidar_class_14,lidar_class_15,lidar_class_16
0,5361.957,6276.720,-47.900,112.604,-0.384351,-0.923128,-0.010391,0.923171,-0.384386,0.001497,-0.005377,-0.009017,0.999945,0,0.19536,-0.97857,0.791,-0.023,-1,679.279,-1,734.020,-1,556.798,566.242,584.876,584.116,-1,-1,-1,-1,-1,-1,-1,-1,2,0,2,0,2,0,0,0,0,2,2,2,2,2,2,2,2
1,5361.715,6277.711,-46.410,112.569,-0.383792,-0.923359,-0.010565,0.923411,-0.383812,-0.000131,-0.003933,-0.009806,0.999944,0,0.19536,-0.97857,1.020,-0.035,-1,687.206,-1,744.610,-1,563.527,573.301,587.670,591.083,-1,-1,-1,-1,-1,-1,-1,-1,2,0,2,0,2,0,0,0,0,2,2,2,2,2,2,2,2
2,5361.485,6278.932,-46.086,112.505,-0.382764,-0.923770,-0.011857,0.923843,-0.382764,-0.002353,-0.002364,-0.011855,0.999927,0,0.19536,-0.97857,1.242,-0.064,-1,690.944,-1,753.282,-1,567.436,578.066,582.072,597.577,-1,-1,-1,-1,-1,-1,-1,-1,2,0,2,0,2,0,0,0,0,2,2,2,2,2,2,2,2
3,5361.215,6280.354,-46.862,112.411,-0.381253,-0.924367,-0.013874,0.924471,-0.381220,-0.005082,-0.000591,-0.014763,0.999891,0,0.19536,-0.97857,1.447,-0.094,-1,691.232,-1,760.174,-1,568.905,580.720,569.783,602.850,-1,-1,-1,-1,-1,-1,-1,-1,2,0,2,0,2,0,0,0,0,2,2,2,2,2,2,2,2
4,5360.859,6281.999,-48.537,112.303,-0.379511,-0.925045,-0.016222,0.925186,-0.379420,-0.008440,0.001652,-0.018212,0.999833,0,0.19536,-0.97857,1.683,-0.108,-1,689.686,-1,766.383,-1,569.041,582.269,552.862,606.828,-1,-1,-1,-1,-1,-1,14.353,-1,2,0,2,0,2,0,0,0,0,2,2,2,2,2,2,1,2
5,5360.445,6283.844,-50.754,112.183,-0.377571,-0.925793,-0.018666,0.925972,-0.377405,-0.011880,0.003954,-0.021770,0.999755,0,0.19536,-0.97857,1.891,-0.120,17.700,686.578,-1,771.219,-1,567.921,582.615,533.864,609.413,-1,-1,-1,-1,-1,-1,22.254,-1,1,0,2,0,2,0,0,0,0,2,2,2,2,2,2,1,2
6,5360.025,6285.763,-52.956,112.072,-0.375772,-0.926494,-0.020090,0.926702,-0.375579,-0.012774,0.004289,-0.023418,0.999717,0,0.19536,-0.97857,1.964,-0.111,17.700,679.625,-1,767.026,-1,562.933,578.267,521.409,606.692,-1,-1,-1,-1,-1,-1,22.255,-1,1,0,2,0,2,0,0,0,0,2,2,2,2,2,2,1,2
7,5359.676,6287.758,-54.812,111.974,-0.374178,-0.927137,-0.020198,0.927354,-0.374036,-0.010543,0.002220,-0.022676,0.999740,0,0.19536,-0.97857,2.025,-0.099,17.697,669.095,-1,752.909,-1,554.131,569.065,516.072,598.394,-1,-1,-1,-1,-1,-1,22.253,-1,1,0,2,0,2,0,0,0,0,2,2,2,2,2,2,1,2
8,5359.435,6289.867,-56.170,111.875,-0.372578,-0.927807,-0.018958,0.927999,-0.372539,-0.005648,-0.001822,-0.019697,0.999804,0,0.19536,-0.97857,2.123,-0.099,17.694,656.693,-1,731.766,-1,542.984,556.584,517.504,585.751,-1,-1,-1,-1,-1,-1,22.253,-1,1,0,2,0,2,0,0,0,0,2,2,2,2,2,2,1,2
9,5359.293,6292.166,-57.017,111.772,-0.370900,-0.928525,-0.016584,0.928647,-0.370963,0.000814,-0.006908,-0.015099,0.999862,0,0.19536,-0.97857,2.303,-0.103,17.688,644.594,-1,708.217,-1,531.526,543.176,524.272,570.856,-1,-1,-1,-1,-1,-1,22.252,-1,1,0,2,0,2,0,0,0,0,2,2,2,2,2,2,1,2
10,5359.201,6294.762,-57.391,111.659,-0.369056,-0.929306,-0.013717,0.929334,-0.369172,0.007089,-0.011652,-0.010132,0.999881,0,0.19536,-0.97857,2.598,-0.113,17.680,635.349,-1,687.868,-1,522.286,531.920,533.902,557.082,-1,-1,-1,-1,-1,-1,22.250,-1,1,0,2,0,2,0,0,0,0,2,2,2,2,2,2,1,2
11,5359.010,6297.976,-57.245,111.528,-0.366919,-0.930182,-0.011459,0.930152,-0.367032,0.010184,-0.013679,-0.006922,0.999882,0,0.50547,-0.33755,3.220,-0.131,17.657,633.459,-1,679.717,19.013,519.571,527.978,541.357,549.955,-1,-1,-1,-1,-1,-1,22.246,19.355,1,0,2,0,1,0,0,0,0,2,2,2,2,2,2,1,1
12,5358.632,6301.985,-56.745,111.354,-0.364092,-0.931306,-0.010270,0.931272,-0.364188,0.009933,-0.012990,-0.005948,0.999898,0,0.50547,-0.33755,4.027,-0.174,17.601,637.980,-1,683.142,14.170,522.764,530.873,544.093,549.620,-1,-1,-1,-1,-1,-1,22.236,14.403,1,0,2,0,1,0,0,0,0,2,2,2,2,2,2,1,1
13,5358.059,6306.633,-56.086,111.138,-0.360588,-0.932670,-0.010157,0.932658,-0.360671,0.008057,-0.011178,-0.006568,0.999916,0,0.50547,-0.33755,4.683,-0.216,17.855,644.737,-1,692.144,-1,528.384,536.906,542.897,553.655,-1,-1,-1,-1,-1,-1,22.287,-1,1,0,2,0,2,0,0,0,0,2,2,2,2,2,2,1,2
14,5357.474,6311.747,-55.387,110.849,-0.355884,-0.934459,-0.011573,0.934480,-0.355965,0.005908,-0.009640,-0.008712,0.999916,0,0.50547,-0.33755,5.147,-0.289,18.761,649.755,-1,702.180,-1,533.399,542.911,537.348,561.415,-1,-1,-1,-1,-1,-1,22.556,-1,1,0,2,0,2,0,0,0,0,2,2,2,2,2,2,1,2
15,5356.929,6317.246,-54.723,110.499,-0.350171,-0.936581,-0.013989,0.936646,-0.350254,0.003976,-0.008624,-0.011711,0.999894,0,0.50547,-0.33755,5.526,-0.350,18.677,652.649,-1,711.605,-1,537.215,547.991,529.144,571.130,-1,-1,-1,-1,-1,-1,22.525,-1,1,0,2,0,2,0,0,0,0,2,2,2,2,2,2,1,2
16,5356.420,6323.130,-54.168,110.110,-0.343820,-0.938891,-0.016500,0.939002,-0.343903,0.002406,-0.007933,-0.014666,0.999861,0,0.50547,-0.33755,5.906,-0.388,18.658,654.443,-1,719.983,-1,540.174,552.204,520.567,580.540,-1,-1,-1,-1,-1,-1,22.519,-1,1,0,2,0,2,0,0,0,0,2,2,2,2,2,2,1,2
17,5356.029,6329.349,-53.730,109.693,-0.336973,-0.941334,-0.018427,0.941485,-0.337052,0.001289,-0.007424,-0.016914,0.999829,0,0.50547,-0.33755,6.231,-0.417,18.653,656.089,-1,726.807,-1,542.668,555.679,513.508,587.878,-1,-1,-1,-1,-1,-1,22.519,-1,1,0,2,0,2,0,0,0,0,2,2,2,2,2,2,1,2
18,5355.797,6335.895,-53.431,109.246,-0.329621,-0.943915,-0.019354,0.944088,-0.329694,0.000629,-0.006974,-0.018065,0.999812,0,0.50547,-0.33755,6.551,-0.447,18.653,658.208,-1,731.935,-1,544.978,558.524,508.517,591.994,-1,-1,-1,-1,-1,-1,22.518,-1,1,0,2,0,2,0,0,0,0,2,2,2,2,2,2,1,2
19,5355.731,6342.785,-53.332,108.762,-0.321630,-0.946665,-0.019492,0.946841,-0.321703,0.000610,-0.006848,-0.018259,0.999810,0,0.50547,-0.33755,6.890,-0.484,18.550,659.704,-1,734.413,-1,546.470,560.062,504.874,592.934,-1,-1,-1,-1,-1,-1,22.482,-1,1,0,2,0,2,0,0,0,0,2,2,2,2,2,2,1,2
20,5355.816,6349.992,-53.426,108.260,-0.313318,-0.949464,-0.018689,0.949620,-0.313401,0.001629,-0.007404,-0.017237,0.999824,0,0.50547,-0.33755,7.208,-0.502,18.666,659.872,-1,732.763,-1,546.296,559.484,504.045,590.050,-1,-1,-1,-1,-1,-1,22.522,-1,1,0,2,0,2,0,0,0,0,2,2,2,2,2,2,1,2
21,5356.029,6357.380,-53.709,107.758,-0.304979,-0.952210,-0.016832,0.952316,-0.305086,0.004116,-0.009055,-0.014774,0.999850,0,0.24169,-0.35659,7.391,-0.502,18.278,657.789,-1,725.433,-1,543.685,555.883,507.618,582.839,-1,-1,-1,-1,-1,-1,22.398,-1,1,0,2,0,2,0,0,0,0,2,2,2,2,2,2,1,2
22,5356.293,6364.801,-54.218,107.280,-0.297013,-0.954769,-0.014098,0.954797,-0.297144,0.008313,-0.012127,-0.010992,0.999866,0,0.24169,-0.35659,7.426,-0.478,18.023,652.365,-1,711.534,-1,537.886,548.547,513.388,571.677,-1,-1,-1,-1,-1,-1,22.327,-1,1,0,2,0,2,0,0,0,0,2,2,2,2,2,2,1,2
23,5356.567,6372.334,-54.986,106.826,-0.289427,-0.957138,-0.010895,0.957068,-0.289557,0.013342,-0.015925,-0.006566,0.999852,0,0.24169,-0.35659,7.538,-0.454,17.880,644.859,-1,694.298,-1,530.156,539.085,519.970,558.452,-1,-1,-1,-1,-1,-1,22.292,-1,1,0,2,0,2,0,0,0,0,2,2,2,2,2,2,1,2
24,5356.795,6380.053,-55.937,106.403,-0.282330,-0.959286,-0.007695,0.959116,-0.282426,0.018205,-0.019637,-0.002241,0.999805,0,0.24169,-0.35659,7.722,-0.423,17.791,637.030,-1,677.365,-1,522.259,529.522,525.908,545.393,-1,-1,-1,-1,-1,-1,22.273,-1,1,0,2,0,2,0,0,0,0,2,2,2,2,2,2,1,2
25,5356.975,6388.056,-56.809,105.996,-0.275508,-0.961282,-0.005694,0.961048,-0.275567,0.021204,-0.021952,0.000370,0.999759,0,0.24169,-0.35659,8.004,-0.406,17.712,631.693,-1,666.815,20.868,517.095,523.355,528.262,537.034,-1,-1,-1,-1,-1,-1,22.257,21.273,1,0,2,0,1,0,0,0,0,2,2,2,2,2,2,1,1
26,5357.066,6396.320,-57.474,105.586,-0.268620,-0.963233,-0.005053,0.962975,-0.268666,0.022331,-0.022867,0.001132,0.999738,0,0.24169,-0.35659,8.265,-0.410,17.619,629.074,-1,662.823,21.007,514.871,520.819,526.996,533.761,-1,-1,-1,-1,-1,-1,22.240,24.518,1,0,2,0,1,0,0,0,0,2,2,2,2,2,2,1,1
27,5356.989,6404.751,-57.874,105.165,-0.261532,-0.965179,-0.005565,0.964916,-0.261590,0.022536,-0.023207,0.000524,0.999731,0,0.24169,-0.35659,8.431,-0.421,17.657,627.607,-1,662.618,21.748,514.180,520.317,523.360,534.438,-1,-1,-1,-1,-1,-1,22.246,24.850,1,0,2,0,1,0,0,0,0,2,2,2,2,2,2,1,1
28,5356.787,6413.311,-57.987,104.744,-0.254433,-0.967066,-0.006933,0.966808,-0.254525,0.022361,-0.023389,-0.001014,0.999726,0,0.24169,-0.35659,8.562,-0.421,17.474,626.630,-1,664.625,18.840,514.326,521.018,518.359,538.110,-1,-1,-1,-1,-1,-1,22.217,24.705,1,0,2,0,1,0,0,0,0,2,2,2,2,2,2,1,1
29,5356.477,6421.933,-57.780,104.345,-0.247700,-0.968804,-0.007984,0.968555,-0.247818,0.022071,-0.023361,-0.002266,0.999725,0,0.24169,-0.35659,8.628,-0.399,17.448,627.353,-1,667.986,18.555,515.619,522.945,515.510,542.221,-1,-1,-1,-1,-1,-1,22.212,23.248,1,0,2,0,1,0,0,0,0,2,2,2,2,2,2,1,1
30,5356.197,6430.616,-57.378,103.948,-0.240977,-0.970491,-0.008794,0.970244,-0.241116,0.022141,-0.023607,-0.003197,0.999716,0,0.24169,-0.35659,8.688,-0.397,17.433,628.309,-1,670.876,18.395,516.916,524.752,515.679,546.184,-1,-1,-1,-1,-1,-1,22.210,18.611,1,0,2,0,1,0,0,0,0,2,2,2,2,2,2,1,1
31,5355.966,6439.363,-56.965,103.552,-0.234258,-0.972129,-0.009392,0.971866,-0.234416,0.022940,-0.024502,-0.003754,0.999693,0,0.24169,-0.35659,8.751,-0.396,17.335,627.948,-1,671.572,-1,517.072,525.255,516.628,549.266,-1,-1,-1,-1,-1,-1,22.198,-1,1,0,2,0,2,0,0,0,0,2,2,2,2,2,2,1,2
32,5355.801,6448.247,-56.702,103.146,-0.227364,-0.973761,-0.009776,0.973471,-0.227539,0.024085,-0.025678,-0.004040,0.999662,0,0.33123,-0.58078,8.885,-0.406,18.019,626.685,-1,670.751,-1,516.422,524.851,517.693,551.237,-1,-1,-1,-1,-1,-1,22.325,-1,1,0,2,0,2,0,0,0,0,2,2,2,2,2,2,1,2
33,5355.962,6457.234,-56.612,102.693,-0.219648,-0.975527,-0.010117,0.975212,-0.219838,0.025148,-0.026757,-0.004342,0.999633,0,0.33123,-0.58078,8.989,-0.453,18.725,625.228,-1,669.719,-1,515.676,524.266,518.225,552.630,-1,-1,-1,-1,-1,-1,22.544,-1,1,0,2,0,2,0,0,0,0,2,2,2,2,2,2,1,2
34,5356.558,6466.198,-56.661,102.180,-0.210895,-0.977456,-0.010149,0.977103,-0.211095,0.026618,-0.028160,-0.004303,0.999594,0,0.33123,-0.58078,8.983,-0.513,18.639,623.007,-1,667.035,-1,514.083,522.695,519.068,552.625,-1,-1,-1,-1,-1,-1,22.513,-1,1,0,2,0,2,0,0,0,0,2,2,2,2,2,2,1,2
35,5357.327,6475.290,-56.841,101.664,-0.202092,-0.979324,-0.009140,0.978934,-0.202272,0.027814,-0.029088,-0.003327,0.999571,0,0.33123,-0.58078,9.125,-0.515,18.472,622.353,-1,664.483,13.631,513.265,521.575,521.665,550.118,-1,-1,-1,-1,-1,-1,22.457,14.180,1,0,2,0,1,0,0,0,0,2,2,2,2,2,2,1,1
36,5358.200,6484.545,-57.127,101.149,-0.193273,-0.981115,-0.007727,0.980702,-0.193417,0.028535,-0.029491,-0.002063,0.999563,0,0.33123,-0.58078,9.297,-0.516,18.413,622.939,-1,662.869,16.662,513.332,521.175,524.378,546.738,-1,-1,-1,-1,-1,-1,22.438,17.306,1,0,2,0,1,0,0,0,0,2,2,2,2,2,2,1,1
37,5359.163,6493.964,-57.481,100.633,-0.184429,-0.982823,-0.006669,0.982400,-0.184545,0.028871,-0.029606,-0.001227,0.999561,0,0.33123,-0.58078,9.468,-0.516,18.329,623.729,-1,662.086,18.389,513.728,521.261,526.123,544.217,-1,-1,-1,-1,-1,-1,22.413,19.057,1,0,2,0,1,0,0,0,0,2,2,2,2,2,2,1,1
38,5360.156,6503.516,-57.844,100.117,-0.175581,-0.984448,-0.005701,0.984013,-0.175673,0.029291,-0.029837,-0.000467,0.999555,0,0.33123,-0.58078,9.603,-0.516,18.231,624.169,-1,660.716,20.080,513.882,521.128,528.270,541.868,-1,-1,-1,-1,-1,-1,22.384,20.757,1,0,2,0,1,0,0,0,0,2,2,2,2,2,2,1,1
39,5361.187,6513.226,-58.210,99.603,-0.166743,-0.985989,-0.004833,0.985544,-0.166813,0.029596,-0.029987,0.000172,0.999550,0,0.33123,-0.58078,9.765,-0.514,18.283,624.905,-1,659.684,21.192,514.165,521.172,530.161,539.831,-1,-1,-1,-1,-1,-1,22.399,21.935,1,0,2,0,1,0,0,0,0,2,2,2,2,2,2,1,1
40,5362.323,6523.070,-58.569,99.081,-0.157757,-0.987468,-0.004351,0.987018,-0.157817,0.029808,-0.030121,0.000408,0.999546,0,0.33123,-0.58078,9.910,-0.522,18.227,625.410,-1,659.083,21.946,514.444,521.414,531.190,538.738,-1,-1,-1,-1,-1,-1,22.382,22.683,1,0,2,0,1,0,0,0,0,2,2,2,2,2,2,1,1
41,5363.520,6533.059,-58.931,98.557,-0.148723,-0.988870,-0.004272,0.988413,-0.148784,0.030056,-0.030357,0.000248,0.999539,0,0.33123,-0.58078,10.060,-0.524,18.085,625.349,-1,658.551,22.538,514.465,521.595,531.309,538.533,-1,-1,-1,-1,-1,-1,22.343,23.208,1,0,2,0,1,0,0,0,0,2,2,2,2,2,2,1,1
42,5364.639,6543.232,-59.294,98.043,-0.139853,-0.990163,-0.004216,0.989696,-0.139917,0.030429,-0.030719,0.000083,0.999528,0,0.33123,-0.58078,10.234,-0.514,18.034,624.957,-1,657.693,23.095,514.244,521.532,531.368,538.365,-1,-1,-1,-1,-1,-1,22.330,23.748,1,0,2,0,1,0,0,0,0,2,2,2,2,2,2,1,1
43,5365.737,6553.604,-59.631,97.538,-0.131125,-0.991356,-0.004337,0.990875,-0.131196,0.030878,-0.031180,-0.000249,0.999514,0,0.33123,-0.58078,10.430,-0.505,17.960,624.262,-1,656.815,24.212,513.996,521.382,530.897,538.681,-1,-1,-1,-1,-1,-1,22.311,24.848,1,0,2,0,1,0,0,0,0,2,2,2,2,2,2,1,1
44,5366.826,6564.130,-59.892,97.042,-0.122531,-0.992455,-0.004477,0.991952,-0.122612,0.031592,-0.031903,-0.000570,0.999491,0,0.33123,-0.58078,10.583,-0.496,17.889,623.134,-1,655.454,24.740,513.450,520.912,530.717,539.207,-1,-1,-1,-1,-1,-1,22.295,25.341,1,0,2,0,1,0,0,0,0,2,2,2,2,2,2,1,1
45,5367.977,6574.768,-60.046,96.550,-0.114008,-0.993469,-0.004541,0.992934,-0.114096,0.032634,-0.032939,-0.000789,0.999457,0,0.33123,-0.58078,10.700,-0.492,17.833,621.613,-1,653.482,25.200,512.589,520.081,531.304,539.814,-1,-1,-1,-1,-1,-1,22.282,25.773,1,0,2,0,1,0,0,0,0,2,2,2,2,2,2,1,1
46,5369.288,6585.508,-60.154,96.059,-0.105490,-0.994410,-0.004531,0.993848,-0.105583,0.033436,-0.033727,-0.000976,0.999431,0,0.33123,-0.58078,10.820,-0.491,17.775,620.885,-1,652.316,23.972,512.327,519.824,532.128,540.532,-1,-1,-1,-1,-1,-1,22.270,24.480,1,0,2,0,1,0,0,0,0,2,2,2,2,2,2,1,1
47,5370.865,6596.285,-60.288,95.531,-0.096323,-0.995340,-0.004498,0.994757,-0.096421,0.034068,-0.034343,-0.001193,0.999409,0,0.33123,-0.58078,10.892,-0.528,17.691,620.680,-1,651.536,22.481,512.362,519.842,532.866,541.198,-1,-1,-1,-1,-1,-1,22.252,23.712,1,0,2,0,1,0,0,0,0,2,2,2,2,2,2,1,1
48,5372.633,6607.187,-60.520,94.991,-0.086946,-0.996204,-0.004199,0.995618,-0.087039,0.034187,-0.034422,-0.001208,0.999407,0,0.33123,-0.58078,11.044,-0.540,17.612,621.934,-1,651.748,20.872,513.237,520.640,533.839,541.175,-1,-1,-1,-1,-1,-1,22.238,23.137,1,0,2,0,1,0,0,0,0,2,2,2,2,2,2,1,1
49,5374.630,6618.096,-60.843,94.443,-0.077429,-0.996990,-0.003884,0.996405,-0.077516,0.034191,-0.034390,-0.001222,0.999408,0,0.22937,-0.40660,11.090,-0.547,17.525,623.230,-1,651.855,19.513,514.114,521.436,534.497,540.879,-1,-1,-1,-1,-1,-1,22.224,22.847,1,0,2,0,1,0,0,0,0,2,2,2,2,2,2,1,1
50,5376.673,6628.987,-61.287,93.914,-0.068217,-0.997666,-0.003159,0.997079,-0.068285,0.034213,-0.034349,-0.000816,0.999410,0,0.22937,-0.40660,11.081,-0.530,17.417,624.502,-1,650.918,18.226,514.840,521.863,535.487,539.320,-1,-1,-1,-1,-1,-1,22.208,23.519,1,0,2,0,1,0,0,0,0,2,2,2,2,2,2,1,1
51,5378.658,6639.918,-61.813,93.407,-0.059401,-0.998231,-0.002381,0.997642,-0.059448,0.034296,-0.034377,-0.000338,0.999409,0,0.22937,-0.40660,11.110,-0.506,17.304,625.382,-1,649.494,17.196,515.243,521.959,536.513,537.408,-1,-1,-1,-1,-1,-1,22.196,24.701,1,0,2,0,1,0,0,0,0,2,2,2,2,2,2,1,1
52,5380.564,6650.902,-62.353,92.918,-0.050878,-0.998703,-0.001966,0.998104,-0.050916,0.034590,-0.034645,-0.000203,0.999400,0,0.22937,-0.40660,11.148,-0.489,17.212,625.317,-1,647.692,16.528,515.124,521.617,536.807,536.226,-1,-1,-1,-1,-1,-1,22.188,25.759,1,0,2,0,1,0,0,0,0,2,2,2,2,2,2,1,1
53,5382.459,6661.946,-62.899,92.440,-0.042549,-0.999093,-0.001822,0.998481,-0.042587,0.034950,-0.034996,-0.000332,0.999387,0,0.22937,-0.40660,11.205,-0.478,17.133,624.799,-1,645.898,16.058,514.836,521.145,536.469,535.633,-1,-1,-1,-1,-1,-1,22.182,25.871,1,0,2,0,1,0,0,0,0,2,2,2,2,2,2,1,1
54,5384.384,6672.982,-63.413,91.958,-0.034152,-0.999416,-0.001503,0.998776,-0.034184,0.035759,-0.035789,-0.000280,0.999359,0,0.22937,-0.40660,11.203,-0.482,16.783,623.409,-1,642.870,14.643,513.807,519.854,536.582,534.674,-1,-1,-1,-1,-1,-1,22.184,26.349,1,0,2,0,1,0,0,0,0,2,2,2,2,2,2,1,1
55,5386.264,6684.101,-63.880,91.498,-0.026119,-0.999658,-0.000951,0.998988,-0.026136,0.036613,-0.036626,0.000007,0.999329,0,0.22937,-0.40660,11.277,-0.461,16.437,622.265,-1,639.728,13.897,512.838,518.547,537.337,533.389,-1,-1,-1,-1,-1,-1,22.232,27.622,1,0,2,0,1,0,0,0,0,2,2,2,2,2,2,1,1
56,5388.010,6695.362,-64.307,91.084,-0.018905,-0.999821,-0.000482,0.999134,-0.018909,0.037070,-0.037073,0.000219,0.999313,0,0.22937,-0.40660,11.396,-0.414,16.324,622.327,-1,637.900,13.737,512.671,518.108,538.057,532.553,-1,-1,-1,-1,-1,-1,22.260,30.494,1,0,2,0,1,0,0,0,0,2,2,2,2,2,2,1,1
57,5389.686,6706.755,-64.652,90.699,-0.012192,-0.999926,-0.000363,0.999245,-0.012197,0.036878,-0.036880,0.000087,0.999320,0,0.22937,-0.40660,11.516,-0.385,16.269,623.952,-1,638.333,13.670,513.850,519.170,538.100,532.866,-1,-1,-1,-1,-1,-1,22.276,30.227,1,0,2,0,1,0,0,0,0,2,2,2,2,2,2,1,1
58,5391.389,6718.235,-64.939,90.317,-0.005531,-0.999984,-0.000873,0.999321,-0.005559,0.036436,-0.036440,-0.000671,0.999336,0,0.22937,-0.40660,11.606,-0.382,16.223,625.883,-1,640.105,13.623,515.491,520.973,537.050,534.762,-1,-1,-1,-1,-1,-1,22.289,28.708,1,0,2,0,1,0,0,0,0,2,2,2,2,2,2,1,1
59,5393.101,6729.794,-65.256,89.938,0.001083,-0.999998,-0.001716,0.999357,0.001021,0.035848,-0.035846,-0.001754,0.999356,0,0.22937,-0.40660,11.685,-0.379,16.161,627.874,-1,642.482,13.561,517.304,523.078,535.256,537.328,-1,-1,-1,-1,-1,-1,22.312,27.396,1,0,2,0,1,0,0,0,0,2,2,2,2,2,2,1,1
60,5394.828,6741.432,-65.674,89.565,0.007579,-0.999968,-0.002388,0.999348,0.007490,0.035315,-0.035296,-0.002654,0.999373,0,0.22937,-0.40660,11.765,-0.372,16.103,629.602,-1,644.316,13.511,518.826,524.606,533.563,539.219,-1,-1,-1,-1,-1,-1,22.334,25.617,1,0,2,0,1,0,0,0,0,2,2,2,2,2,2,1,1
61,5396.602,6753.129,-66.184,89.200,0.013955,-0.999899,-0.002761,0.999289,0.013849,0.035073,-0.035031,-0.003249,0.999381,0,0.22937,-0.40660,11.831,-0.366,16.046,630.569,-1,644.886,13.469,519.640,525.171,532.231,540.154,-1,-1,-1,-1,-1,-1,22.357,24.950,1,0,2,0,1,0,0,0,0,2,2,2,2,2,2,1,1
62,5398.429,6764.858,-66.737,88.843,0.020187,-0.999793,-0.002684,0.999174,0.020079,0.035321,-0.035260,-0.003395,0.999372,0,0.22937,-0.40660,11.870,-0.357,15.988,630.490,-1,643.664,13.428,519.520,524.541,531.687,539.928,-1,-1,-1,-1,-1,-1,22.384,25.523,1,0,2,0,1,0,0,0,0,2,2,2,2,2,2,1,1
63,5400.311,6776.583,-67.246,88.493,0.026282,-0.999652,-0.002352,0.998998,0.026179,0.036304,-0.036230,-0.003304,0.999338,0,0.22937,-0.40660,11.875,-0.350,15.917,628.798,-1,640.404,13.387,518.112,522.538,531.723,539.237,-1,-1,-1,-1,-1,-1,22.419,26.973,1,0,2,0,1,0,0,0,0,2,2,2,2,2,2,1,1
64,5402.202,6788.357,-67.709,88.159,0.032109,-0.999482,-0.002136,0.998777,0.032006,0.037689,-0.037602,-0.003344,0.999287,0,0.22937,-0.40660,11.925,-0.334,15.906,626.119,-1,636.382,13.380,516.015,519.914,531.550,538.958,-1,-1,-1,-1,-1,-1,22.427,28.303,1,0,2,0,1,0,0,0,0,2,2,2,2,2,2,1,1
65,5404.136,6800.243,-68.174,87.831,0.037824,-0.999282,-0.001972,0.998541,0.037719,0.038631,-0.038529,-0.003430,0.999252,0,0.22937,-0.40660,12.042,-0.328,15.849,624.558,-1,633.635,13.351,514.712,518.169,531.224,538.863,-1,-1,-1,-1,-1,-1,22.460,29.179,1,0,2,0,1,0,0,0,0,2,2,2,2,2,2,1,1
66,5406.160,6812.193,-68.591,87.500,0.043585,-0.999048,-0.001754,0.998295,0.043484,0.038941,-0.038827,-0.003448,0.999240,0,0.22937,-0.40660,12.121,-0.331,15.895,624.828,-1,632.615,13.374,514.690,517.739,531.128,538.841,-1,-1,-1,-1,-1,-1,22.432,28.178,1,0,2,0,1,0,0,0,0,2,2,2,2,2,2,1,1
67,5408.303,6824.209,-69.018,87.159,0.049535,-0.998771,-0.001738,0.998014,0.049430,0.039039,-0.038906,-0.003669,0.999236,0,0.22937,-0.40660,12.205,-0.342,15.857,625.500,-1,632.276,13.356,515.039,517.737,530.613,539.252,-1,-1,-1,-1,-1,-1,22.455,27.983,1,0,2,0,1,0,0,0,0,2,2,2,2,2,2,1,1
68,5410.478,6836.316,-69.492,86.820,0.055423,-0.998461,-0.001964,0.997716,0.055305,0.038787,-0.038619,-0.004109,0.999246,0,0.22937,-0.40660,12.301,-0.338,15.800,626.835,-1,632.917,13.332,515.940,518.366,529.539,540.072,-1,-1,-1,-1,-1,-1,22.489,28.242,1,0,2,0,1,0,0,0,0,2,2,2,2,2,2,1,1
69,5412.667,6848.513,-70.025,86.492,0.061136,-0.998127,-0.002336,0.997394,0.061001,0.038520,-0.038305,-0.004685,0.999255,0,0.22937,-0.40660,12.391,-0.328,15.771,627.955,-1,633.592,13.321,516.730,518.942,528.014,541.058,-1,-1,-1,-1,-1,-1,22.507,27.430,1,0,2,0,1,0,0,0,0,2,2,2,2,2,2,1,1
70,5414.945,6860.733,-70.576,86.160,0.066923,-0.997755,-0.002596,0.997030,0.066774,0.038376,-0.038117,-0.005157,0.999260,0,0.22937,-0.40660,12.431,-0.332,15.783,628.796,-1,633.795,13.327,517.262,519.214,526.653,541.738,-1,-1,-1,-1,-1,-1,22.499,25.707,1,0,2,0,1,0,0,0,0,2,2,2,2,2,2,1,1
71,5417.408,6873.080,-71.120,85.798,0.073224,-0.997312,-0.002524,0.996594,0.073075,0.038224,-0.037936,-0.005314,0.999266,0,0.47314,-0.98362,12.589,-0.362,16.230,629.960,-1,633.690,13.631,517.852,519.423,526.008,541.626,-1,-1,-1,-1,-1,-1,22.287,24.572,1,0,2,0,1,0,0,0,0,2,2,2,2,2,2,1,1
72,5420.255,6885.736,-71.664,85.370,0.080672,-0.996736,-0.002989,0.996041,0.080503,0.037706,-0.037343,-0.006019,0.999284,0,0.47314,-0.98362,12.973,-0.428,16.332,631.880,-1,634.995,13.748,519.186,520.490,524.372,542.669,-1,-1,-1,-1,-1,-1,22.258,23.385,1,0,2,0,1,0,0,0,0,2,2,2,2,2,2,1,1
73,5423.387,6898.678,-72.190,84.903,0.088786,-0.996045,-0.003255,0.995369,0.088604,0.037290,-0.036854,-0.006551,0.999299,0,0.47314,-0.98362,13.316,-0.467,16.307,633.804,-1,635.890,13.715,520.447,521.366,523.212,543.342,-1,-1,-1,-1,-1,-1,22.264,22.520,1,0,2,0,1,0,0,0,0,2,2,2,2,2,2,1,1
74,5426.729,6911.900,-72.624,84.424,0.097102,-0.995269,-0.003305,0.994600,0.096914,0.037139,-0.036643,-0.006893,0.999305,0,0.47314,-0.98362,13.637,-0.479,16.251,635.493,-1,636.171,13.652,521.467,521.910,522.628,543.847,-1,-1,-1,-1,-1,-1,22.282,24.144,1,0,2,0,1,0,0,0,0,2,2,2,2,2,2,1,1
75,5430.252,6925.448,-73.004,83.948,0.105360,-0.994429,-0.003310,0.993761,0.105166,0.037142,-0.036587,-0.007202,0.999305,0,0.47314,-0.98362,13.999,-0.476,16.169,636.971,-1,636.216,13.569,522.361,522.232,522.187,544.479,-1,-1,-1,-1,-1,-1,22.309,23.536,1,0,2,0,1,0,0,0,0,2,2,2,2,2,2,1,1
76,5433.892,6939.360,-73.442,83.481,0.113466,-0.993537,-0.003060,0.992872,0.113275,0.037056,-0.036470,-0.007242,0.999309,0,0.47314,-0.98362,14.381,-0.468,16.100,638.654,-1,636.165,13.505,523.313,522.318,522.160,544.355,-1,-1,-1,-1,-1,-1,22.336,23.666,1,0,2,0,1,0,0,0,0,2,2,2,2,2,2,1,1
77,5437.627,6953.609,-73.940,83.022,0.121404,-0.992599,-0.002896,0.991933,0.121214,0.037092,-0.036466,-0.007376,0.999308,0,0.47314,-0.98362,14.730,-0.458,16.052,639.816,-1,635.820,13.469,523.914,522.094,521.771,544.303,-1,-1,-1,-1,-1,-1,22.355,23.673,1,0,2,0,1,0,0,0,0,2,2,2,2,2,2,1,1
78,5441.484,6968.167,-74.478,82.573,0.129183,-0.991617,-0.002730,0.990938,0.128992,0.037450,-0.036783,-0.007543,0.999295,0,0.47314,-0.98362,15.060,-0.450,16.018,640.017,-1,634.626,13.444,523.822,521.199,521.318,544.221,-1,-1,-1,-1,-1,-1,22.371,24.705,1,0,2,0,1,0,0,0,0,2,2,2,2,2,2,1,1
79,5445.494,6983.007,-75.016,82.127,0.136877,-0.990585,-0.002590,0.989881,0.136680,0.038132,-0.037419,-0.007783,0.999269,0,0.47314,-0.98362,15.372,-0.445,15.998,639.307,-1,632.700,13.433,522.691,519.736,520.755,544.320,-1,-1,-1,-1,-1,-1,22.379,25.533,1,0,2,0,1,0,0,0,0,2,2,2,2,2,2,1,1
80,5449.697,6998.147,-75.608,81.669,0.144782,-0.989460,-0.002854,0.988736,0.144564,0.038750,-0.037929,-0.008432,0.999245,0,0.47314,-0.98362,15.713,-0.458,16.019,638.454,-1,631.286,13.447,521.607,518.466,519.247,545.262,-1,-1,-1,-1,-1,-1,22.370,25.383,1,0,2,0,1,0,0,0,0,2,2,2,2,2,2,1,1
81,5454.164,7013.500,-76.215,81.183,0.153165,-0.988195,-0.003185,0.987446,0.152921,0.039559,-0.038605,-0.009204,0.999212,0,0.47314,-0.98362,15.989,-0.486,16.160,637.095,-1,629.461,13.556,520.155,516.888,517.477,546.426,-1,-1,-1,-1,-1,-1,22.313,25.543,1,0,2,0,1,0,0,0,0,2,2,2,2,2,2,1,1
82,5458.992,7029.040,-76.845,80.650,0.162342,-0.986727,-0.003763,0.985963,0.162064,0.040147,-0.039004,-0.010228,0.999187,0,0.47314,-0.98362,16.272,-0.533,16.265,636.273,-1,628.401,13.670,519.123,515.806,514.933,548.131,-1,-1,-1,-1,-1,-1,22.276,25.557,1,0,2,0,1,0,0,0,0,2,2,2,2,2,2,1,1
83,5464.133,7044.755,-77.466,80.085,0.172048,-0.985078,-0.004621,0.984296,0.171720,0.040923,-0.039519,-0.011589,0.999152,0,0.47314,-0.98362,16.535,-0.565,16.479,634.973,-1,627.286,13.964,517.837,514.557,511.476,550.662,-1,-1,-1,-1,-1,-1,22.223,25.176,1,0,2,0,1,0,0,0,0,2,2,2,2,2,2,1,1
84,5469.620,7060.647,-78.154,79.488,0.182291,-0.983229,-0.005551,0.982435,0.181909,0.041593,-0.039886,-0.013036,0.999119,0,0.47314,-0.98362,16.813,-0.597,16.572,633.829,-1,626.361,14.142,516.653,513.411,507.538,553.207,-1,-1,-1,-1,-1,-1,22.207,23.213,1,0,2,0,1,0,0,0,0,2,2,2,2,2,2,1,1
85,5475.473,7076.635,-78.907,78.850,0.193216,-0.981139,-0.005850,0.980323,0.192802,0.042363,-0.040436,-0.013920,0.999085,0,0.47314,-0.98362,17.025,-0.638,16.495,632.213,-1,624.231,13.995,515.057,511.614,504.789,554.135,-1,-1,-1,-1,-1,-1,22.220,23.630,1,0,2,0,1,0,0,0,0,2,2,2,2,2,2,1,1
86,5481.641,7092.828,-79.723,78.200,0.204322,-0.978887,-0.005791,0.978061,0.203897,0.042695,-0.040612,-0.014388,0.999071,0,0.47314,-0.98362,17.328,-0.650,16.388,631.703,-1,622.524,13.824,514.095,510.270,502.815,553.710,-1,-1,-1,-1,-1,-1,22.243,25.595,1,0,2,0,1,0,0,0,0,2,2,2,2,2,2,1,1
87,5487.995,7109.286,-80.527,77.573,0.215024,-0.976592,-0.005657,0.975778,0.214598,0.042496,-0.040288,-0.014658,0.999081,0,0.47314,-0.98362,17.642,-0.627,16.288,632.545,-1,622.227,13.693,514.172,509.897,501.305,552.879,-1,-1,-1,-1,-1,-1,22.270,27.849,1,0,2,0,1,0,0,0,0,2,2,2,2,2,2,1,1
88,5494.563,7125.900,-81.213,76.965,0.225365,-0.974260,-0.005230,0.973448,0.224950,0.042396,-0.040128,-0.014645,0.999087,0,0.47314,-0.98362,17.866,-0.608,16.418,633.529,-1,621.685,13.869,514.017,509.463,501.036,551.761,-1,-1,-1,-1,-1,-1,22.235,28.422,1,0,2,0,1,0,0,0,0,2,2,2,2,2,2,1,1
89,5501.448,7142.622,-81.862,76.332,0.236094,-0.971716,-0.005231,0.970884,0.235661,0.042997,-0.040549,-0.015230,0.999061,0,0.47314,-0.98362,18.083,-0.633,16.553,632.680,-1,620.179,14.098,512.713,508.103,500.919,552.151,-1,-1,-1,-1,-1,-1,22.209,27.433,1,0,2,0,1,0,0,0,0,2,2,2,2,2,2,1,1
90,5508.689,7159.416,-82.479,75.662,0.247428,-0.968888,-0.006007,0.968030,0.246936,0.044060,-0.041206,-0.016717,0.999011,0,0.47314,-0.98362,18.288,-0.670,16.616,630.626,-1,618.791,14.225,510.847,506.523,499.289,554.814,-1,-1,-1,-1,-1,-1,22.200,28.968,1,0,2,0,1,0,0,0,0,2,2,2,2,2,2,1,1
91,5516.201,7176.293,-83.023,74.982,0.258888,-0.965883,-0.006856,0.964999,0.258330,0.045194,-0.041881,-0.018317,0.998955,0,0.47314,-0.98362,18.473,-0.680,16.511,628.436,-1,617.630,14.026,509.084,505.125,496.703,558.020,-1,-1,-1,-1,-1,-1,22.217,29.159,1,0,2,0,1,0,0,0,0,2,2,2,2,2,2,1,1
92,5523.960,7193.349,-83.616,74.309,0.270215,-0.962771,-0.007524,0.961887,0.269610,0.045653,-0.041925,-0.019573,0.998929,0,0.47314,-0.98362,18.738,-0.674,16.484,627.493,-1,617.686,13.971,508.441,504.737,494.516,560.350,-1,-1,-1,-1,-1,-1,22.222,28.936,1,0,2,0,1,0,0,0,0,2,2,2,2,2,2,1,1
93,5531.987,7210.561,-84.291,73.635,0.281520,-0.959522,-0.008032,0.958655,0.280884,0.045651,-0.041547,-0.020551,0.998925,0,0.47314,-0.98362,18.992,-0.674,16.420,627.185,-1,618.346,13.874,508.430,504.928,493.003,561.805,-1,-1,-1,-1,-1,-1,22.235,28.887,1,0,2,0,1,0,0,0,0,2,2,2,2,2,2,1,1
94,5540.335,7227.852,-85.015,72.948,0.292988,-0.956078,-0.008556,0.955232,0.292321,0.045607,-0.041103,-0.021536,0.998923,0,0.47314,-0.98362,19.200,-0.686,16.589,626.239,-1,619.276,14.171,508.403,505.154,491.757,563.361,-1,-1,-1,-1,-1,-1,22.205,27.624,1,0,2,0,1,0,0,0,0,2,2,2,2,2,2,1,1
95,5549.053,7245.156,-85.787,72.234,0.304870,-0.952348,-0.009360,0.951518,0.304153,0.045881,-0.040848,-0.022894,0.998903,0,0.47314,-0.98362,19.376,-0.714,16.467,624.417,-1,619.965,13.946,507.786,504.924,489.683,565.758,-1,-1,-1,-1,-1,-1,22.225,29.502,1,0,2,0,1,0,0,0,0,2,2,2,2,2,2,1,1
96,5557.918,7262.606,-86.551,71.558,0.316084,-0.948687,-0.009211,0.947853,0.315359,0.046086,-0.040816,-0.023298,0.998895,0,0.47314,-0.98362,19.573,-0.677,16.544,622.802,-1,619.389,14.085,506.964,504.171,488.803,565.736,-1,-1,-1,-1,1006.154,-1,22.211,30.502,1,0,2,0,1,0,0,0,0,2,2,2,2,0,2,1,1
97,5567.264,7279.940,-87.238,70.833,0.328037,-0.944615,-0.009738,0.943771,0.327262,0.046857,-0.041075,-0.024561,0.998854,0,0.47314,-0.98362,19.693,-0.724,16.968,619.862,-1,618.824,15.270,505.552,503.118,486.757,568.160,-1,-1,-1,-1,995.392,-1,22.178,29.658,1,0,2,0,1,0,0,0,0,2,2,2,2,0,2,1,1
98,5577.185,7297.039,-87.956,70.014,0.341488,-0.939819,-0.011279,0.938965,0.340597,0.048361,-0.041609,-0.027106,0.998766,0,0.47314,-0.98362,19.769,-0.819,16.953,614.921,-1,618.205,15.209,503.196,501.542,484.989,573.756,-1,-1,-1,-1,980.404,-1,22.178,28.609,1,0,2,0,1,0,0,0,0,2,2,2,2,0,2,1,1
99,5587.507,7314.024,-88.743,69.161,0.355438,-0.934615,-0.012578,0.933764,0.354447,0.049524,-0.041827,-0.029348,0.998694,0,0.40450,-1.00000,19.875,-0.854,16.895,610.743,-1,617.834,14.996,501.243,500.268,484.092,578.383,-1,-1,-1,-1,967.122,-1,22.179,28.785,1,0,2,0,1,0,0,0,0,2,2,2,2,0,2,1,1
100,5598.234,7330.823,-89.563,68.294,0.369525,-0.929121,-0.013641,0.928298,0.368464,0.049967,-0.041400,-0.031127,0.998658,0,0.40450,-1.00000,19.931,-0.866,16.734,608.291,-1,619.065,14.508,500.418,500.030,484.043,581.774,-1,-1,-1,-1,957.091,-1,22.188,30.721,1,0,2,0,1,0,0,0,0,2,2,2,2,0,2,1,1
101,5609.125,7347.619,-90.347,67.489,0.382545,-0.923833,-0.013825,0.923064,0.381490,0.049181,-0.040161,-0.031575,0.998694,0,0.40450,-1.00000,20.018,-0.805,16.584,607.735,-1,621.838,14.161,501.543,501.181,485.811,581.889,-1,-1,-1,-1,952.193,-1,22.205,32.099,1,0,2,0,1,0,0,0,0,2,2,2,2,0,2,1,1
102,5620.084,7364.469,-91.065,66.745,0.394532,-0.918793,-0.012791,0.918059,0.393551,0.047799,-0.038883,-0.030601,0.998775,0,0.40450,-1.00000,20.101,-0.745,16.504,606.973,-1,623.859,14.008,503.196,502.380,490.563,578.389,-1,-1,-1,-1,948.886,1001.518,22.218,33.198,1,0,2,0,1,0,0,0,0,2,2,2,2,0,1,1,1
103,5631.240,7381.348,-91.782,66.020,0.406130,-0.913732,-0.012358,0.913052,0.405200,0.046365,-0.037357,-0.030113,0.998848,0,0.40450,-1.00000,20.233,-0.724,8.234,606.269,-1,627.008,13.884,505.102,504.144,495.551,576.273,-1,-1,-1,-1,946.057,979.870,22.233,33.082,1,0,2,0,1,0,0,0,0,2,2,2,2,0,1,1,1
104,5642.523,7398.235,-92.457,65.313,0.417398,-0.908638,-0.012475,0.908015,0.416491,0.045218,-0.035891,-0.030202,0.998899,0,0.40450,-1.00000,20.310,-0.708,11.373,605.223,-1,630.641,13.726,506.137,506.015,498.229,575.888,-1,-1,-1,-1,942.646,958.455,9.074,34.630,1,0,2,0,1,0,0,0,0,2,2,2,2,0,1,1,1
105,5653.888,7415.096,-93.025,64.632,0.428160,-0.903616,-0.012505,0.903018,0.427255,0.044859,-0.035192,-0.030499,0.998915,0,0.40450,-1.00000,20.333,-0.680,13.784,602.805,-1,632.857,13.643,506.036,506.953,500.303,576.373,-1,-1,-1,-1,936.382,937.232,11.039,34.882,1,0,2,0,1,0,0,0,0,2,2,2,2,0,1,1,1
106,5665.392,7431.966,-93.525,63.958,0.438769,-0.898502,-0.013264,0.897925,0.437819,0.045226,-0.034829,-0.031754,0.998889,0,0.40450,-1.00000,20.419,-0.675,10.597,599.288,-1,635.402,13.637,505.364,507.728,500.694,579.653,-1,-1,-1,-1,927.426,916.135,8.493,34.024,1,0,2,0,1,0,0,0,0,2,2,2,2,0,1,1,1
107,5677.158,7448.660,-94.020,63.253,0.449772,-0.893029,-0.014312,0.892453,0.448737,0.046499,-0.035103,-0.033687,0.998816,0,0.40450,-1.00000,20.424,-0.705,8.093,594.065,-1,636.721,13.578,503.451,507.357,499.712,584.733,-1,-1,-1,-1,915.135,895.030,22.305,32.301,1,0,2,0,1,0,0,0,0,2,2,2,2,0,1,1,1
108,5689.132,7465.312,-94.568,62.547,0.460732,-0.887410,-0.015134,0.886836,0.459621,0.047651,-0.035330,-0.035376,0.998749,0,0.40450,-1.00000,20.510,-0.706,16.090,588.862,-1,637.778,13.501,501.538,506.750,499.067,589.074,-1,-1,-1,-1,903.290,873.990,22.339,31.856,1,0,2,0,1,0,0,0,0,2,2,2,2,0,1,1,1
109,5701.239,7482.075,-95.188,61.882,0.471002,-0.881991,-0.015773,0.881445,0.469854,0.047884,-0.034822,-0.036456,0.998728,0,0.40450,-1.00000,20.678,-0.665,16.007,585.325,-1,639.193,13.438,500.875,506.600,499.413,591.672,-1,-1,-1,-1,894.894,853.113,22.376,33.739,1,0,2,0,1,0,0,0,0,2,2,2,2,0,1,1,1
110,5713.523,7498.927,-95.852,61.259,0.480584,-0.876787,-0.016814,0.876311,0.479416,0.047325,-0.033433,-0.037479,0.998738,0,0.40450,-1.00000,20.854,-0.623,15.949,582.840,-1,642.718,13.400,501.695,507.934,499.801,594.178,-1,-1,-1,-1,889.921,832.394,22.405,33.364,1,0,2,0,1,0,0,0,0,2,2,2,2,0,1,1,1
111,5725.987,7515.806,-96.569,60.647,0.489948,-0.871563,-0.018112,0.871175,0.488763,0.046528,-0.031699,-0.038575,0.998753,0,0.40450,-1.00000,20.983,-0.612,15.891,580.254,-1,647.029,13.371,502.987,510.145,499.892,596.800,-1,-1,-1,-1,885.654,811.728,22.435,32.409,1,0,2,0,1,0,0,0,0,2,2,2,2,0,1,1,1
112,5738.634,7532.628,-97.328,60.035,0.499236,-0.866260,-0.018887,0.865934,0.498048,0.045889,-0.030345,-0.039265,0.998768,0,0.40450,-1.00000,21.046,-0.611,15.845,577.136,-1,649.907,13.349,502.655,511.599,500.445,598.095,-1,-1,-1,-1,880.268,791.015,22.461,30.509,1,0,2,0,1,0,0,0,0,2,2,2,2,0,1,1,1
113,5751.465,7549.311,-97.983,59.438,0.508254,-0.860998,-0.018992,0.860695,0.507068,0.045673,-0.029694,-0.039560,0.998776,0,0.40450,-1.00000,21.046,-0.598,15.774,573.018,-1,650.965,13.321,500.507,511.940,501.939,598.569,-1,-1,-1,-1,873.169,770.283,22.505,32.138,1,0,2,0,1,0,0,0,0,2,2,2,2,0,1,1,1
114,5764.509,7565.964,-98.608,58.849,0.517079,-0.855718,-0.019387,0.855448,0.515885,0.045526,-0.028956,-0.040125,0.998775,0,0.40450,-1.00000,21.154,-0.589,15.727,568.967,-1,652.602,13.310,498.514,512.556,502.998,599.965,-1,-1,-1,-1,866.181,749.559,22.538,31.591,1,0,2,0,1,0,0,0,0,2,2,2,2,0,1,1,1
115,5777.702,7582.646,-99.271,58.276,0.525625,-0.850485,-0.019835,0.850247,0.524418,0.045445,-0.028249,-0.040751,0.998770,0,0.40450,-1.00000,21.268,-0.573,15.694,564.743,-1,654.106,13.299,496.378,513.065,503.817,601.438,-1,-1,-1,-1,859.113,728.808,22.561,30.262,1,0,2,0,1,0,0,0,0,2,2,2,2,0,1,1,1
116,5791.065,7599.309,-100.007,57.701,0.534135,-0.845158,-0.020188,0.844940,0.532905,0.045691,-0.027858,-0.041463,0.998752,0,0.40450,-1.00000,21.359,-0.575,15.650,559.866,-1,654.557,13.287,493.588,512.851,504.216,602.858,-1,-1,-1,-1,850.890,707.976,22.595,29.050,1,0,2,0,1,0,0,0,0,2,2,2,2,0,1,1,1
117,5804.558,7615.901,-100.701,57.144,0.542317,-0.839938,-0.019904,0.839701,0.541066,0.046361,-0.028171,-0.041856,0.998726,0,0.40450,-1.00000,21.386,-0.557,15.607,554.070,-1,652.900,13.281,489.837,511.587,504.957,603.418,-1,-1,-1,-1,840.944,687.062,22.628,31.084,1,0,2,0,1,0,0,0,0,2,2,2,2,0,1,1,1
118,5818.191,7632.500,-101.315,56.609,0.550123,-0.834850,-0.019745,0.834603,0.548851,0.046901,-0.028319,-0.042280,0.998704,0,0.40450,-1.00000,21.480,-0.534,15.569,548.747,-1,651.956,13.273,486.817,509.440,505.796,604.416,-1,-1,-1,-1,831.856,666.150,22.660,31.830,1,0,2,0,1,0,0,0,0,2,2,2,2,0,1,1,1
119,5832.025,7649.078,-101.893,56.085,0.557744,-0.829783,-0.019573,0.829535,0.556466,0.047090,-0.028183,-0.042501,0.998699,0,0.40450,-1.00000,21.592,-0.525,15.538,544.141,-1,651.700,13.271,484.384,507.487,507.083,605.015,-1,-1,-1,-1,824.117,645.199,22.686,31.460,1,0,2,0,1,0,0,0,0,2,2,2,2,0,1,1,1
120,5846.085,7665.572,-102.466,55.550,0.565463,-0.824543,-0.019484,0.824301,0.564182,0.047185,-0.027913,-0.042742,0.998696,0,0.38857,-0.78036,21.673,-0.535,15.505,539.788,-1,636.722,13.268,482.187,505.788,508.372,605.711,-1,-1,-1,-1,817.476,624.211,22.716,28.949,1,0,2,1,1,0,0,0,0,2,2,2,2,0,1,1,1
121,5860.342,7681.968,-103.049,55.013,0.573177,-0.819205,-0.019259,0.818964,0.571898,0.047225,-0.027672,-0.042841,0.998699,0,0.38857,-0.78036,21.728,-0.538,15.434,535.264,-1,615.274,13.269,479.960,504.016,509.904,605.969,-1,-1,-1,-1,812.387,603.174,22.784,28.780,1,0,2,1,1,0,0,0,0,2,2,2,2,0,1,1,1
122,5874.701,7698.394,-103.669,54.509,0.580362,-0.814142,-0.018770,0.813901,0.579109,0.046883,-0.027300,-0.042486,0.998724,0,0.38857,-0.78036,21.817,-0.504,15.392,531.042,-1,593.745,13.268,477.539,492.475,510.780,604.879,-1,-1,-1,-1,808.076,582.065,22.828,28.252,1,0,2,1,1,0,1,0,0,2,2,2,2,0,1,1,1
123,5889.168,7714.798,-104.332,54.026,0.587195,-0.809242,-0.018127,0.808981,0.585953,0.047007,-0.027418,-0.042267,0.998730,0,0.38857,-0.78036,21.872,-0.483,15.351,525.844,-1,572.131,13.271,473.748,485.142,511.176,604.009,-1,-1,-1,-1,801.729,560.830,22.872,27.064,1,0,2,1,1,0,1,0,0,2,2,2,2,0,1,1,1
124,5903.739,7731.162,-105.016,53.557,0.593782,-0.804442,-0.017184,0.804134,0.592537,0.047622,-0.028127,-0.042096,0.998718,0,0.38857,-0.78036,21.911,-0.469,15.305,520.125,-1,550.431,13.276,469.345,477.128,511.356,603.154,-1,-1,-1,-1,793.198,539.462,22.924,26.296,1,0,2,1,1,0,1,0,0,2,2,2,2,0,1,1,1
125,5918.451,7747.475,-105.698,53.094,0.600245,-0.799651,-0.016254,0.799287,0.598986,0.048531,-0.029072,-0.042122,0.998689,0,0.38857,-0.78036,21.967,-0.463,15.265,514.188,-1,528.649,13.281,464.700,468.898,510.905,602.859,-1,-1,-1,-1,783.693,501.374,22.974,27.702,1,0,2,1,1,0,1,0,0,2,2,2,2,0,1,1,1
126,5933.298,7763.802,-106.369,52.649,0.606428,-0.794983,-0.015690,0.794592,0.605162,0.049019,-0.029474,-0.042194,0.998675,0,0.38857,-0.78036,22.068,-0.445,15.224,509.142,-1,506.783,13.286,459.397,461.131,510.406,602.856,-1,-1,-1,-1,777.489,479.538,23.026,27.974,1,0,2,1,1,1,1,0,0,2,2,2,2,0,1,1,1
127,5948.287,7780.085,-106.972,52.204,0.612581,-0.790258,-0.015381,0.789856,0.611310,0.049274,-0.029536,-0.042333,0.998667,0,0.38857,-0.78036,22.132,-0.445,15.190,504.766,-1,484.875,13.292,436.515,453.817,508.773,603.338,-1,-1,-1,-1,772.651,457.533,23.071,26.591,1,0,2,1,1,1,1,0,0,2,2,2,2,0,1,1,1
128,5963.431,7796.309,-107.524,51.762,0.618664,-0.785510,-0.015130,0.785105,0.617395,0.049342,-0.029418,-0.042405,0.998667,0,0.38857,-0.78036,22.193,-0.442,15.157,500.829,436.354,462.906,13.300,417.768,446.750,505.897,603.830,-1,-1,-1,-1,768.874,435.346,23.118,22.804,1,0,1,1,1,1,1,0,0,2,2,2,2,0,1,1,1
129,5978.696,7812.512,-108.087,51.326,0.624617,-0.780795,-0.014577,0.780386,0.623376,0.048983,-0.029159,-0.041971,0.998693,0,0.38857,-0.78036,22.262,-0.435,15.129,497.345,392.613,440.841,13.307,401.818,439.699,503.892,602.796,-1,-1,-1,-1,766.323,412.931,23.157,19.326,1,0,1,1,1,1,1,0,0,2,2,2,2,0,1,1,1
130,5994.073,7828.666,-108.642,50.902,0.630389,-0.776163,-0.013466,0.775736,0.629204,0.048332,-0.029041,-0.040915,0.998740,0,0.38857,-0.78036,22.302,-0.425,15.111,494.473,350.139,418.677,13.312,385.941,431.133,502.983,600.030,-1,-1,-1,-1,764.006,390.289,23.183,20.389,1,0,1,1,1,1,1,0,0,2,2,2,2,0,1,1,1
131,6009.598,7844.722,-109.148,50.490,0.635944,-0.771642,-0.011949,0.771181,0.634825,0.047726,-0.029242,-0.039566,0.998789,0,0.38857,-0.78036,22.334,-0.412,15.109,491.473,308.564,396.399,9.676,370.003,407.279,502.043,596.632,-1,-1,-1,-1,761.407,367.408,23.186,9.104,1,0,1,1,1,1,1,0,0,2,2,2,2,0,1,1,1
132,6025.241,7860.682,-109.600,50.079,0.641451,-0.767091,-0.010541,0.766583,0.640371,0.047700,-0.029840,-0.038678,0.998806,0,0.38857,-0.78036,22.348,-0.411,15.090,487.797,278.058,374.055,-1,354.204,383.466,500.390,594.672,-1,-1,-1,-1,757.227,344.357,23.216,-1,1,0,1,1,2,1,1,0,0,2,2,2,2,0,1,1,2
133,6041.024,7876.629,-109.954,49.668,0.646913,-0.762507,-0.009335,0.761962,0.645867,0.047634,-0.030292,-0.037928,0.998821,0,0.51158,-1.00000,22.437,-0.410,15.096,484.562,256.844,351.618,-1,346.272,359.654,498.167,593.474,-1,-1,-1,-1,753.764,321.063,23.206,-1,1,0,1,1,2,1,1,0,0,2,2,2,2,0,1,1,2
134,6057.080,7892.596,-110.184,49.253,0.652430,-0.757800,-0.008599,0.757254,0.651426,0.047016,-0.030027,-0.037186,0.998857,0,0.51158,-1.00000,22.643,-0.416,15.106,266.442,235.534,329.033,-1,339.149,335.761,495.391,592.845,-1,-1,-1,-1,753.307,297.498,23.191,-1,1,1,1,1,2,1,1,0,0,2,2,2,2,0,1,1,2
135,6073.459,7908.438,-110.278,48.800,0.658410,-0.752613,-0.008418,0.752093,0.657439,0.046149,-0.029198,-0.036716,0.998899,0,0.51158,-1.00000,22.787,-0.453,15.414,241.068,214.270,306.394,-1,223.138,311.835,492.495,593.463,-1,-1,-1,-1,755.305,273.955,22.805,-1,1,1,1,1,2,1,1,0,0,2,2,2,2,0,1,1,2
136,6090.274,7924.039,-110.314,48.271,0.665352,-0.746474,-0.009074,0.746015,0.664394,0.045181,-0.027698,-0.036830,0.998938,0,0.51158,-1.00000,22.938,-0.529,15.769,214.902,193.179,283.751,-1,198.404,287.874,488.292,595.856,-1,-1,-1,-1,759.914,250.713,22.509,-1,1,1,1,1,2,1,1,0,0,2,2,2,2,0,1,1,2
137,6107.657,7939.136,-110.243,47.620,0.673832,-0.738805,-0.010845,0.738446,0.672853,0.044334,-0.025457,-0.037882,0.998958,0,0.51158,-1.00000,23.023,-0.651,16.768,187.065,172.521,241.598,-1,173.957,215.005,482.296,601.100,-1,-1,-1,-1,767.484,228.211,22.184,-1,1,1,1,1,2,1,1,0,0,2,2,2,2,0,1,1,2
138,6125.890,7952.240,-109.900,46.603,0.686845,-0.726641,-0.015397,0.726403,0.685610,0.047719,-0.024118,-0.043960,0.998742,0,0.51158,-1.00000,22.453,-1.016,18.707,150.374,153.689,221.289,-1,151.225,195.446,468.362,619.955,-1,-1,-1,-1,769.166,208.964,22.537,-1,1,1,1,1,2,1,1,0,0,2,2,2,2,0,1,1,2
139,6144.518,7962.866,-109.351,45.180,0.704688,-0.709227,-0.020307,0.709129,0.703068,0.053211,-0.023461,-0.051897,0.998377,0,0.51158,-1.00000,21.446,-1.423,17.571,121.045,137.618,205.778,-1,131.050,179.799,452.284,644.100,-1,-1,-1,-1,181.533,194.166,22.232,-1,1,1,1,1,2,1,1,0,0,2,2,2,2,1,1,1,2
140,6163.342,7973.410,-108.790,43.849,0.721031,-0.692523,-0.022934,0.692637,0.719443,0.051535,-0.019189,-0.053043,0.998408,0,0.51158,-1.00000,21.576,-1.331,17.587,101.809,122.007,189.862,-1,111.129,164.125,446.923,649.934,-1,-1,-1,-1,122.468,179.231,22.233,-1,1,1,1,1,2,1,1,0,0,2,2,2,2,1,1,1,2
141,6182.669,7983.214,-108.239,42.495,0.737265,-0.675134,-0.025168,0.675459,0.735827,0.048094,-0.013950,-0.052458,0.998526,0,0.51158,-1.00000,21.672,-1.354,18.179,83.498,107.090,174.607,-1,91.895,149.251,443.970,650.815,-1,-1,-1,-1,79.061,164.965,22.368,-1,1,1,1,1,2,1,1,0,0,2,2,2,2,1,1,1,2
142,6200.446,7991.090,-107.501,41.399,0.750072,-0.660949,-0.023215,0.661257,0.748889,0.043635,-0.011455,-0.048080,0.998778,0,0.51158,-1.00000,19.443,-1.096,18.044,67.844,93.962,688.458,-1,75.173,136.121,447.880,641.248,-1,-1,-1,-1,64.276,-1,22.333,-1,1,1,1,0,2,1,1,0,0,2,2,2,2,1,2,1,2
143,6207.690,7996.640,-106.562,42.153,0.741185,-0.671290,0.003776,0.670964,0.740980,0.027495,-0.021255,-0.017846,0.999615,0,0.51158,-1.00000,9.125,0.754,18.705,58.453,83.435,144.431,-1,64.462,123.031,498.194,566.965,-1,-1,-1,-1,55.391,136.589,22.535,-1,1,1,1,1,2,1,1,0,0,2,2,2,2,1,1,1,2
144,6209.495,7997.872,-105.162,42.972,0.731062,-0.681070,0.041124,0.681053,0.732046,0.016591,-0.041404,0.015878,0.999016,0,0.51158,-1.00000,2.186,0.819,18.726,55.026,78.590,136.340,25.148,60.465,116.867,566.751,496.530,-1,-1,-1,-1,52.060,128.685,22.544,26.306,1,1,1,1,1,1,1,0,0,2,2,2,2,1,1,1,1
145,6208.014,7994.590,-102.862,43.652,0.721956,-0.687796,0.075599,0.688754,0.724802,0.016739,-0.066308,0.039985,0.996998,0,0.51158,-1.00000,3.601,0.680,18.694,56.974,79.162,136.510,44.732,62.525,117.595,628.354,455.241,-1,-1,-1,-1,53.729,128.325,22.532,46.772,1,1,1,1,1,1,1,0,0,2,2,2,2,1,1,1,1
146,6206.399,7991.017,-99.833,44.166,0.714936,-0.692587,0.095859,0.694429,0.719335,0.018050,-0.081456,0.053663,0.995231,0,0.51158,-1.00000,3.921,0.515,18.667,60.026,81.139,138.597,50.893,65.797,119.831,673.964,438.444,-1,-1,-1,-1,56.487,129.947,22.523,53.196,1,1,1,1,1,1,1,0,0,2,2,2,2,1,1,1,1
147,6205.351,7988.424,-96.559,44.509,0.710578,-0.696172,0.102090,0.698506,0.715409,0.016699,-0.084661,0.059445,0.994635,0,0.51158,-1.00000,2.797,0.343,-1,62.748,83.154,140.446,50.212,68.661,121.738,702.132,437.093,-1,-1,-1,-1,59.027,131.631,-1,52.343,2,1,1,1,1,1,1,0,0,2,2,2,2,1,1,2,1
148,5781.173,6196.736,-43.437,133.773,-0.691540,-0.722064,-0.019896,0.721815,-0.691825,0.019012,-0.027493,-0.001214,0.999621,1,0.51158,-1.00000,0.000,0.000,13.658,605.870,-1,650.425,-1,502.120,510.648,633.127,616.598,-1,-1,-1,-1,-1,-1,30.950,-1,1,0,2,0,2,0,0,0,0,2,2,2,2,2,2,1,2
149,5780.661,6197.264,-40.371,133.787,-0.691773,-0.721870,-0.018797,0.721701,-0.692024,0.015847,-0.024447,-0.002603,0.999698,0,0.38317,1.00000,0.736,0.014,-1,621.170,-1,669.668,-1,514.852,523.947,640.481,632.297,-1,-1,-1,-1,-1,-1,-1,-1,2,0,2,0,2,0,0,0,0,2,2,2,2,2,2,2,2
150,5779.875,6198.049,-38.411,133.796,-0.691943,-0.721720,-0.018339,0.721642,-0.692167,0.011742,-0.021168,-0.005109,0.999763,0,0.38317,1.00000,1.111,0.009,-1,633.214,-1,687.652,-1,525.388,535.462,640.345,647.666,-1,-1,-1,-1,-1,-1,-1,-1,2,0,2,0,2,0,0,0,0,2,2,2,2,2,2,2,2
151,5778.777,6199.006,-37.611,133.817,-0.692244,-0.721439,-0.017979,0.721449,-0.692431,0.007116,-0.017583,-0.008044,0.999813,0,0.38317,1.00000,1.456,0.020,-1,642.491,-1,703.605,-1,533.814,545.045,634.839,660.522,-1,-1,-1,-1,-1,-1,-1,-1,2,0,2,0,2,0,0,0,0,2,2,2,2,2,2,2,2
152,5777.367,6200.169,-37.931,133.844,-0.692632,-0.721067,-0.017986,0.721159,-0.692767,0.001831,-0.013780,-0.011702,0.999837,0,0.38317,1.00000,1.828,0.028,-1,648.610,-1,717.908,-1,539.975,552.650,623.404,671.930,-1,-1,-1,-1,-1,-1,-1,-1,2,0,2,0,2,0,0,0,0,2,2,2,2,2,2,2,2
153,5775.648,6201.532,-39.210,133.881,-0.693128,-0.720564,-0.019004,0.720735,-0.693202,-0.003444,-0.010692,-0.016084,0.999813,0,0.38317,1.00000,2.193,0.037,-1,649.506,-1,728.010,-1,542.342,556.731,606.781,682.393,-1,-1,-1,-1,-1,-1,-1,-1,2,0,2,0,2,0,0,0,0,2,2,2,2,2,2,2,2
154,5773.706,6203.164,-41.033,133.909,-0.693483,-0.720168,-0.020960,0.720412,-0.693510,-0.007138,-0.009395,-0.020050,0.999755,0,0.38317,1.00000,2.538,0.027,9.817,644.464,-1,730.457,-1,539.904,555.805,589.666,689.434,-1,-1,-1,-1,-1,-1,8.731,-1,1,0,2,0,2,0,0,0,0,2,2,2,2,2,2,1,2
155,5771.628,6205.182,-42.995,133.912,-0.693522,-0.720067,-0.023039,0.720368,-0.693540,-0.008481,-0.009872,-0.022478,0.999699,0,0.38317,1.00000,2.896,0.003,14.438,635.712,-1,725.283,-1,533.888,550.666,576.324,690.383,-1,-1,-1,-1,-1,-1,24.770,-1,1,0,2,0,2,0,0,0,0,2,2,2,2,2,2,1,2
156,5769.440,6207.642,-44.829,133.897,-0.693314,-0.720215,-0.024596,0.720535,-0.693384,-0.006974,-0.012032,-0.022557,0.999673,0,0.38317,1.00000,3.292,-0.015,14.602,625.019,-1,712.897,-1,525.349,542.069,569.533,683.508,-1,-1,-1,-1,-1,-1,24.245,-1,1,0,2,0,2,0,0,0,0,2,2,2,2,2,2,1,2
157,5767.139,6210.581,-46.389,133.870,-0.692939,-0.720556,-0.025195,0.720829,-0.693108,-0.002666,-0.015541,-0.020009,0.999679,0,0.38317,1.00000,3.732,-0.027,14.666,613.957,-1,694.915,-1,515.459,531.109,570.404,668.683,-1,-1,-1,-1,-1,-1,24.069,-1,1,0,2,0,2,0,0,0,0,2,2,2,2,2,2,1,2
158,5764.683,6213.994,-47.651,133.842,-0.692535,-0.720964,-0.024604,0.721109,-0.692810,0.003985,-0.019919,-0.014982,0.999689,0,0.38317,1.00000,4.205,-0.028,14.650,603.706,-1,673.599,-1,505.275,518.951,578.869,647.214,-1,-1,-1,-1,-1,-1,24.115,-1,1,0,2,0,2,0,0,0,0,2,2,2,2,2,2,1,2
159,5762.046,6217.865,-48.669,133.815,-0.692122,-0.721418,-0.022857,0.721361,-0.692453,0.012147,-0.024590,-0.008081,0.999665,0,0.38317,1.00000,4.684,-0.027,14.786,595.041,-1,651.380,-1,495.695,506.759,593.769,621.739,-1,-1,-1,-1,-1,-1,23.782,-1,1,0,2,0,2,0,0,0,0,2,2,2,2,2,2,1,2
160,5759.191,6222.252,-49.353,133.778,-0.691599,-0.721992,-0.020472,0.721736,-0.691900,0.019277,-0.028083,-0.001443,0.999605,0,0.38317,1.00000,5.235,-0.037,15.052,590.146,-1,634.440,13.327,489.247,497.868,609.962,599.695,-1,-1,-1,-1,-1,-1,23.272,23.998,1,0,2,0,1,0,0,0,0,2,2,2,2,2,2,1,1
161,5756.021,6227.137,-49.603,133.719,-0.690825,-0.722800,-0.017918,0.722427,-0.691049,0.023459,-0.029338,0.003261,0.999564,0,0.38317,1.00000,5.823,-0.059,15.150,590.538,-1,627.020,13.302,487.666,494.594,622.824,585.898,-1,-1,-1,-1,-1,-1,23.126,29.004,1,0,2,0,1,0,0,0,0,2,2,2,2,2,2,1,1
162,5752.469,6232.333,-49.424,133.631,-0.689729,-0.723905,-0.015337,0.723501,-0.689873,0.024945,-0.028638,0.006109,0.999571,0,0.38317,1.00000,6.294,-0.088,15.122,595.584,-1,627.849,13.308,490.364,496.287,632.138,579.363,-1,-1,-1,-1,-1,-1,23.166,29.141,1,0,2,0,1,0,0,0,0,2,2,2,2,2,2,1,1
163,5748.553,6237.704,-48.887,133.514,-0.688280,-0.725316,-0.013669,0.724937,-0.688381,0.024465,-0.027154,0.006929,0.999607,0,0.38317,1.00000,6.647,-0.117,15.094,602.138,-1,633.654,13.315,495.033,500.672,637.018,579.781,-1,-1,-1,-1,-1,-1,23.210,25.692,1,0,2,0,1,0,0,0,0,2,2,2,2,2,2,1,1
164,5744.293,6243.273,-48.209,133.390,-0.686739,-0.726783,-0.013255,0.726455,-0.686842,0.022619,-0.025543,0.005904,0.999656,0,0.38317,1.00000,7.011,-0.124,15.063,608.078,-1,641.703,-1,500.005,506.165,636.064,585.782,-1,-1,-1,-1,-1,-1,23.257,-1,1,0,2,0,2,0,0,0,0,2,2,2,2,2,2,1,2
165,5739.711,6249.057,-47.604,133.272,-0.685258,-0.728170,-0.013746,0.727897,-0.685385,0.020319,-0.024217,0.003918,0.999699,0,0.38317,1.00000,7.379,-0.118,15.029,612.440,-1,649.859,-1,504.157,511.177,631.523,594.236,-1,-1,-1,-1,-1,-1,23.313,-1,1,0,2,0,2,0,0,0,0,2,2,2,2,2,2,1,2
166,5734.834,6255.087,-47.218,133.156,-0.683810,-0.729517,-0.014458,0.729295,-0.683960,0.018093,-0.023088,0.001828,0.999732,0,0.38317,1.00000,7.755,-0.115,15.002,615.638,-1,657.028,-1,507.464,515.294,625.876,602.317,-1,-1,-1,-1,-1,-1,23.357,-1,1,0,2,0,2,0,0,0,0,2,2,2,2,2,2,1,2
167,5729.728,6261.396,-47.104,133.040,-0.682351,-0.730875,-0.014778,0.730699,-0.682511,0.016044,-0.021812,0.000149,0.999762,0,0.38317,1.00000,8.116,-0.116,14.957,618.784,-1,663.512,-1,510.513,519.011,620.574,608.405,-1,-1,-1,-1,-1,-1,23.437,-1,1,0,2,0,2,0,0,0,0,2,2,2,2,2,2,1,2
168,5724.432,6267.997,-47.260,132.927,-0.680920,-0.732207,-0.014854,0.732066,-0.681082,0.014380,-0.020646,-0.001082,0.999786,0,0.38317,1.00000,8.463,-0.113,14.906,621.258,-1,668.533,-1,512.823,521.850,615.659,612.308,-1,-1,-1,-1,-1,-1,23.529,-1,1,0,2,0,2,0,0,0,0,2,2,2,2,2,2,1,2
169,5718.956,6274.844,-47.628,132.815,-0.679493,-0.733536,-0.014652,0.733410,-0.679649,0.013663,-0.019981,-0.001462,0.999799,0,0.38317,1.00000,8.767,-0.112,14.865,622.550,-1,670.740,-1,513.854,523.098,612.526,612.913,-1,-1,-1,-1,-1,-1,23.613,-1,1,0,2,0,2,0,0,0,0,2,2,2,2,2,2,1,2
170,5713.324,6281.938,-48.155,132.699,-0.678009,-0.734911,-0.014451,0.734777,-0.678162,0.014072,-0.020142,-0.001077,0.999797,0,0.38317,1.00000,9.058,-0.116,14.830,621.903,-1,669.400,-1,513.084,522.242,611.008,610.362,-1,-1,-1,-1,-1,-1,23.686,-1,1,0,2,0,2,0,0,0,0,2,2,2,2,2,2,1,2
171,5707.562,6289.247,-48.760,132.580,-0.676462,-0.736331,-0.014730,0.736169,-0.676622,0.015423,-0.021323,-0.000410,0.999773,0,0.38317,1.00000,9.307,-0.119,14.780,618.652,-1,664.606,-1,510.265,519.204,609.895,606.622,-1,-1,-1,-1,-1,-1,23.793,-1,1,0,2,0,2,0,0,0,0,2,2,2,2,2,2,1,2
172,5701.626,6296.785,-49.408,132.466,-0.674976,-0.737686,-0.015056,0.737475,-0.675143,0.017672,-0.023201,0.000825,0.999730,0,0.38317,1.00000,9.595,-0.113,14.735,613.985,-1,657.299,-1,506.160,514.655,609.852,601.366,-1,-1,-1,-1,-1,-1,23.899,-1,1,0,2,0,2,0,0,0,0,2,2,2,2,2,2,1,2
173,5695.496,6304.585,-50.055,132.354,-0.673496,-0.739031,-0.015367,0.738762,-0.673668,0.020060,-0.025177,0.002158,0.999681,0,0.38317,1.00000,9.921,-0.112,14.693,609.216,-1,649.765,-1,501.951,509.971,609.628,595.906,-1,-1,-1,-1,-1,-1,24.000,-1,1,0,2,0,2,0,0,0,0,2,2,2,2,2,2,1,2
174,5689.120,6312.628,-50.586,132.237,-0.671959,-0.740423,-0.015644,0.740108,-0.672135,0.021787,-0.026647,0.003062,0.999640,0,0.38317,1.00000,10.264,-0.117,14.657,605.779,-1,644.439,-1,498.937,506.659,608.526,592.066,-1,-1,-1,-1,-1,-1,24.100,-1,1,0,2,0,2,0,0,0,0,2,2,2,2,2,2,1,2
175,5682.507,6320.903,-50.929,132.119,-0.670424,-0.741814,-0.015605,0.741482,-0.670596,0.022474,-0.027136,0.003496,0.999626,0,0.38317,1.00000,10.592,-0.118,14.566,604.990,-1,642.776,13.550,498.137,505.708,606.764,590.217,-1,-1,-1,-1,-1,-1,24.350,24.824,1,0,2,0,1,0,0,0,0,2,2,2,2,2,2,1,1
176,5675.737,6329.384,-50.834,131.973,-0.668571,-0.743494,-0.015138,0.743234,-0.668739,0.019788,-0.024836,0.001979,0.999690,0,0.38317,1.00000,10.852,-0.146,14.445,610.959,-1,651.725,13.627,503.268,511.367,601.167,595.264,-1,-1,-1,-1,-1,-1,24.748,31.497,1,0,2,0,1,0,0,0,0,2,2,2,2,2,2,1,1
177,5668.610,6338.077,-50.337,131.845,-0.666982,-0.744937,-0.014300,0.744809,-0.667134,0.013855,-0.019861,-0.001410,0.999802,0,0.53709,0.60498,11.241,-0.128,14.431,623.551,-1,671.447,13.637,514.206,523.698,592.413,607.056,-1,-1,-1,-1,-1,-1,24.798,31.310,1,0,2,0,1,0,0,0,0,2,2,2,2,2,2,1,1
178,5661.213,6347.019,-49.510,131.749,-0.665817,-0.746012,-0.012389,0.746006,-0.665912,0.006037,-0.012754,-0.005223,0.999905,0,0.53709,0.60498,11.604,-0.095,14.329,642.639,-1,699.424,13.711,530.329,541.549,584.162,621.716,-1,-1,-1,-1,-1,-1,25.194,30.089,1,0,2,0,1,0,0,0,0,2,2,2,2,2,2,1,1
179,5653.857,6355.866,-48.108,131.718,-0.665458,-0.746409,-0.006303,0.746425,-0.665469,-0.000396,-0.003899,-0.004968,0.999980,0,0.53709,0.60498,11.506,-0.031,14.389,672.166,-1,731.610,13.667,552.512,563.893,589.198,627.471,-1,-1,-1,-1,-1,-1,24.954,27.268,1,0,2,0,1,0,0,0,0,2,2,2,2,2,2,1,1
180,5646.576,6364.834,-46.230,131.711,-0.665360,-0.746515,0.003455,0.746500,-0.665368,-0.004732,0.005832,-0.000569,0.999983,0,0.53709,0.60498,11.552,-0.007,14.651,710.785,-1,765.407,-1,579.374,589.313,608.029,623.366,-1,-1,-1,-1,-1,-1,24.111,-1,1,0,2,0,2,0,0,0,0,2,2,2,2,2,2,1,2
181,5639.556,6374.137,-44.019,131.640,-0.664368,-0.747284,0.013503,0.747253,-0.664489,-0.008185,0.015089,0.004653,0.999875,0,0.53709,0.60498,11.655,-0.071,14.932,752.191,-1,799.640,-1,607.515,615.652,632.057,618.272,-1,-1,-1,-1,-1,-1,23.482,-1,1,0,2,0,2,0,0,0,0,2,2,2,2,2,2,1,2
182,5632.720,6383.841,-41.671,131.482,-0.662211,-0.749001,0.021784,0.748962,-0.662512,-0.011539,0.023075,0.008674,0.999696,0,0.53709,0.60498,11.870,-0.157,15.084,790.872,-1,832.412,-1,634.117,640.905,653.481,616.825,-1,-1,-1,-1,-1,-1,23.226,-1,1,0,2,0,2,0,0,0,0,2,2,2,2,2,2,1,2
183,5625.860,6393.805,-39.565,131.270,-0.659328,-0.751353,0.027482,0.751298,-0.659806,-0.014393,0.028947,0.011157,0.999519,0,0.53709,0.60498,12.097,-0.212,14.560,821.515,-1,859.699,-1,655.605,661.636,668.714,618.400,-1,-1,-1,-1,-1,-1,24.367,-1,1,0,2,0,2,0,0,0,0,2,2,2,2,2,2,1,2
184,5618.968,6403.824,-38.138,131.040,-0.656256,-0.753974,0.029182,0.753872,-0.656811,-0.016649,0.031720,0.011074,0.999435,0,0.53709,0.60498,12.161,-0.230,-1,836.869,-1,877.048,-1,667.175,673.360,671.408,623.844,-1,-1,998.412,-1,-1,-1,-1,-1,2,0,2,0,2,0,0,0,0,2,2,0,2,2,2,2,2
185,5612.016,6413.924,-37.524,130.798,-0.653060,-0.756802,0.027623,0.756624,-0.653585,-0.018600,0.032130,0.008753,0.999445,0,0.53709,0.60498,12.261,-0.242,-1,838.687,-1,885.205,-1,670.361,677.547,662.129,632.086,-1,-1,-1,-1,-1,-1,-1,-1,2,0,2,0,2,0,0,0,0,2,2,2,2,2,2,2,2
186,5604.928,6424.061,-37.786,130.540,-0.649675,-0.759836,0.023924,0.759598,-0.650093,-0.019731,0.030545,0.005353,0.999519,0,0.53709,0.60498,12.369,-0.258,-1,829.419,-1,884.035,-1,666.049,674.629,645.742,640.253,-1,-1,-1,-1,-1,-1,-1,-1,2,0,2,0,2,0,0,0,0,2,2,2,2,2,2,2,2
187,5597.717,6434.227,-38.922,130.272,-0.646181,-0.762962,0.018389,0.762710,-0.646442,-0.019668,0.026893,0.001316,0.999637,0,0.53709,0.60498,12.464,-0.268,-1,809.779,-1,872.739,-1,654.349,664.457,624.386,647.218,-1,-1,-1,-1,-1,-1,-1,-1,2,0,2,0,2,0,0,0,0,2,2,2,2,2,2,2,2
188,5590.405,6444.416,-40.898,130.010,-0.642776,-0.765969,0.011450,0.765770,-0.642873,-0.017624,0.020861,-0.002560,0.999779,0,0.53709,0.60498,12.541,-0.262,-1,780.682,-1,849.660,-1,634.999,646.532,602.130,650.853,-1,-1,-1,-1,-1,-1,-1,-1,2,0,2,0,2,0,0,0,0,2,2,2,2,2,2,2,2
189,5582.905,6454.412,-43.705,129.831,-0.640486,-0.767959,0.004161,0.767878,-0.640483,-0.012009,0.011888,-0.004497,0.999919,0,0.28938,0.91756,12.497,-0.178,-1,742.961,-1,811.554,-1,607.674,619.777,582.870,646.041,-1,-1,-1,-1,-1,-1,-1,-1,2,0,2,0,2,0,0,0,0,2,2,2,2,2,2,2,2
190,5575.286,6464.090,-47.344,129.748,-0.639411,-0.768857,-0.003544,0.768865,-0.639407,-0.002408,-0.000414,-0.004265,0.999991,0,0.28938,0.91756,12.318,-0.083,-1,696.735,-1,758.786,-1,572.717,584.396,566.405,632.029,-1,-1,-1,-1,-1,-1,-1,-1,2,0,2,0,2,0,0,0,0,2,2,2,2,2,2,2,2
191,5567.438,6473.364,-51.827,129.805,-0.640103,-0.768210,-0.011014,0.768130,-0.640197,0.011197,-0.015653,-0.001293,0.999877,0,0.28938,0.91756,12.149,0.057,13.489,645.415,-1,696.173,-1,532.040,542.143,554.232,607.664,-1,-1,-1,-1,-1,-1,22.676,-1,1,0,2,0,2,0,0,0,0,2,2,2,2,2,2,1,2
192,5557.358,6484.023,-57.540,130.151,-0.644453,-0.764512,-0.014200,0.763921,-0.644540,0.031516,-0.033247,0.009463,0.999402,0,0.28938,0.91756,14.670,0.346,13.597,594.126,-1,621.735,16.199,488.041,493.908,559.327,562.659,-1,-1,-1,-1,-1,-1,40.282,22.298,1,0,2,0,1,0,0,0,0,2,2,2,2,2,2,1,1
193,5550.179,6491.192,-60.666,130.473,-0.648579,-0.761035,-0.013068,0.760107,-0.648494,0.041145,-0.039787,0.016752,0.999068,0,0.28938,0.91756,10.146,0.322,13.640,575.570,-1,590.933,16.237,470.901,474.131,566.917,536.593,-1,-1,-1,-1,-1,-1,44.259,22.285,1,0,2,0,1,0,0,0,0,2,2,2,2,2,2,1,1
194,5540.948,6500.021,-63.083,130.954,-0.654903,-0.755657,-0.009179,0.754609,-0.654555,0.046073,-0.040823,0.023246,0.998896,0,0.28938,0.91756,12.774,0.480,13.499,571.310,-1,576.854,16.088,465.020,465.981,576.033,516.258,-1,-1,-1,-1,-1,-1,50.406,22.340,1,0,2,0,1,0,0,0,0,2,2,2,2,2,2,1,1
195,5531.862,6508.316,-63.295,131.433,-0.661331,-0.750090,-0.002563,0.749267,-0.660757,0.044711,-0.035231,0.027648,0.998997,0,0.28938,0.91756,12.303,0.479,13.341,587.288,-1,586.171,15.820,475.251,474.688,588.884,508.117,-1,-1,-1,-1,-1,-1,54.837,22.475,1,0,2,0,1,0,0,0,0,2,2,2,2,2,2,1,1
196,5522.803,6516.391,-61.520,131.872,-0.667273,-0.744783,0.006685,0.744411,-0.666591,0.038849,-0.024478,0.030899,0.999223,0,0.28938,0.91756,12.135,0.440,13.267,621.395,-1,615.363,15.421,499.376,497.787,607.172,508.772,-1,-1,-1,-1,-1,-1,55.437,22.797,1,0,2,0,1,0,0,0,0,2,2,2,2,2,2,1,1
197,5513.922,6524.563,-58.501,132.210,-0.671799,-0.740540,0.016908,0.740643,-0.671186,0.030953,-0.011573,0.033317,0.999378,0,0.28938,0.91756,12.069,0.337,13.303,666.452,-1,655.803,15.150,531.415,528.861,630.422,514.819,-1,-1,-1,-1,-1,-1,50.518,23.125,1,0,2,0,1,0,0,0,0,2,2,2,2,2,2,1,1
198,5505.351,6532.725,-54.835,132.456,-0.675024,-0.737373,0.024985,0.737796,-0.674620,0.023348,-0.000361,0.034194,0.999415,0,0.28938,0.91756,11.835,0.246,13.314,710.188,-1,697.355,-1,563.184,560.273,650.646,525.557,-1,-1,-1,-1,-1,-1,47.133,-1,1,0,2,0,2,0,0,0,0,2,2,2,2,2,2,1,2
199,5496.935,6540.801,-51.006,132.649,-0.677486,-0.734933,0.029786,0.735488,-0.677350,0.015980,0.008431,0.032733,0.999429,0,0.28938,0.91756,11.665,0.193,13.299,747.146,-1,737.158,-1,591.289,588.864,662.169,541.543,-1,-1,-1,-1,-1,-1,38.443,-1,1,0,2,0,2,0,0,0,0,2,2,2,2,2,2,1,2
200,5488.349,6548.540,-47.566,132.890,-0.680519,-0.732017,0.032328,0.732578,-0.680614,0.009665,0.014928,0.030260,0.999431,0,0.28938,0.91756,11.559,0.241,13.436,775.736,-1,770.775,-1,613.989,612.592,667.227,558.306,-1,-1,-1,-1,-1,-1,26.688,-1,1,0,2,0,2,0,0,0,0,2,2,2,2,2,2,1,2
201,5479.600,6555.843,-44.789,133.172,-0.684054,-0.728709,0.032441,0.729167,-0.684327,0.003519,0.019636,0.026062,0.999467,0,0.28938,0.91756,11.397,0.281,-1,795.376,-1,799.237,9.088,630.761,630.919,662.912,576.817,-1,-1,-1,-1,-1,-1,-1,22.309,2,0,2,0,1,0,0,0,0,2,2,2,2,2,2,2,1
202,5470.843,6562.997,-42.719,133.393,-0.686781,-0.726228,0.030414,0.726440,-0.687208,-0.005420,0.024837,0.018372,0.999523,0,0.28938,0.91756,11.308,0.221,-1,809.895,-1,830.350,16.689,646.643,649.764,643.095,601.792,-1,-1,-1,-1,-1,-1,-1,22.190,2,0,2,0,1,0,0,0,0,2,2,2,2,2,2,2,1
203,5461.830,6569.834,-41.522,133.658,-0.690026,-0.723213,0.028768,0.723126,-0.690548,-0.015207,0.030864,0.010310,0.999470,0,0.28938,0.91756,11.313,0.266,-1,823.419,-1,863.325,17.713,662.430,668.500,620.129,626.332,-1,-1,-1,-1,-1,-1,-1,22.256,2,0,2,0,1,0,0,0,0,2,2,2,2,2,2,2,1
204,5452.582,6575.924,-41.184,134.035,-0.694668,-0.718772,0.028341,0.718462,-0.695226,-0.021745,0.035333,0.005256,0.999362,0,0.28938,0.91756,11.073,0.377,-1,833.128,-1,882.026,17.924,672.094,679.332,605.401,641.799,-1,-1,-1,-1,-1,-1,-1,12.275,2,0,2,0,1,0,0,0,0,2,2,2,2,2,2,2,1
205,5443.151,6580.774,-41.674,134.678,-0.702649,-0.710948,0.028947,0.710602,-0.703230,-0.022658,0.036465,0.004649,0.999324,0,0.28938,0.91756,10.605,0.642,-1,835.962,-1,879.927,13.587,672.456,679.363,602.796,643.555,-1,-1,-1,-1,-1,-1,-1,9.604,2,0,2,0,1,0,0,0,0,2,2,2,2,2,2,2,1
206,5433.645,6585.385,-42.849,135.425,-0.711871,-0.701705,0.029146,0.701387,-0.712450,-0.021690,0.035985,0.005002,0.999340,0,0.28938,0.91756,10.565,0.747,-1,833.614,-1,868.622,17.001,667.370,673.694,600.633,640.561,-1,-1,-1,-1,-1,-1,-1,12.187,2,0,2,0,1,0,0,0,0,2,2,2,2,2,2,2,1
207,5424.033,6589.865,-44.702,136.213,-0.721517,-0.691809,0.028519,0.691602,-0.722050,-0.018183,0.033171,0.006604,0.999428,0,0.28938,0.91756,10.604,0.788,-1,817.426,-1,-1,-1,655.391,660.834,599.704,632.130,-1,-1,-1,-1,-1,-1,-1,-1,2,0,2,2,2,0,0,0,0,2,2,2,2,2,2,2,2
208,5414.445,6594.242,-47.245,137.003,-0.731122,-0.681758,0.025821,0.681721,-0.731521,-0.011546,0.026760,0.009161,0.999600,0,0.28938,0.91756,10.540,0.790,-1,790.007,-1,-1,-1,634.010,638.481,598.536,619.099,-1,-1,-1,-1,-1,-1,-1,-1,2,0,2,2,2,0,0,0,0,2,2,2,2,2,2,2,2
209,5405.174,6599.262,-50.380,137.583,-0.738142,-0.674367,0.019369,0.674419,-0.738334,-0.004704,0.017473,0.009591,0.999801,0,0.28938,0.91756,10.544,0.580,-1,750.927,-1,770.111,-1,605.574,610.100,586.433,608.982,-1,-1,-1,-1,-1,-1,-1,-1,2,0,2,0,2,0,0,0,0,2,2,2,2,2,2,2,2
210,5396.079,6604.465,-54.128,138.081,-0.744086,-0.668007,0.010131,0.668069,-0.744084,0.004692,0.004404,0.010259,0.999938,0,0.20688,0.87227,10.478,0.498,-1,701.342,-1,721.080,-1,568.443,573.579,572.799,595.823,-1,-1,-1,-1,-1,-1,-1,-1,2,0,2,0,2,0,0,0,0,2,2,2,2,2,2,2,2
211,5387.136,6609.438,-58.535,138.563,-0.749627,-0.661859,-0.001331,0.661735,-0.749523,0.017928,-0.012863,0.012558,0.999838,0,0.20688,0.87227,10.233,0.482,19.525,643.157,-1,662.130,-1,523.955,527.982,560.878,576.433,-1,-1,-1,-1,-1,-1,20.228,-1,1,0,2,0,2,0,0,0,0,2,2,2,2,2,2,1,2
212,5378.273,6614.520,-62.979,139.033,-0.754757,-0.655916,-0.010773,0.655332,-0.754625,0.032866,-0.029687,0.017746,0.999402,0,0.20688,0.87227,10.216,0.470,38.978,592.844,-1,602.109,18.202,484.078,486.168,557.032,550.863,-1,-1,-1,-1,-1,-1,40.256,22.376,1,0,2,0,1,0,0,0,0,2,2,2,2,2,2,1,1
213,5369.279,6619.437,-66.151,139.515,-0.759983,-0.649789,-0.014157,0.648752,-0.759728,0.043988,-0.039338,0.024246,0.998932,0,0.20688,0.87227,10.250,0.481,26.558,566.254,-1,565.688,17.828,461.408,461.371,563.064,527.705,-1,-1,-1,-1,-1,-1,48.608,22.281,1,0,2,0,1,0,0,0,0,2,2,2,2,2,2,1,1
214,5360.148,6624.439,-67.572,139.984,-0.765250,-0.643613,-0.012451,0.642482,-0.764825,0.047531,-0.040114,0.028373,0.998792,0,0.20688,0.87227,10.412,0.470,21.976,563.352,-1,556.620,17.672,457.566,456.034,570.249,516.183,-1,-1,-1,-1,-1,-1,50.014,22.249,1,0,2,0,1,0,0,0,0,2,2,2,2,2,2,1,1
215,5350.888,6629.153,-67.326,140.475,-0.770858,-0.636955,-0.008184,0.636019,-0.770313,0.045808,-0.035482,0.030106,0.998917,0,0.20688,0.87227,10.390,0.491,45.084,575.739,-1,564.969,18.108,465.962,463.642,577.682,515.212,-1,-1,-1,-1,-1,-1,46.449,22.350,1,0,2,0,1,0,0,0,0,2,2,2,2,2,2,1,1
216,5341.662,6633.306,-65.930,140.982,-0.776623,-0.629955,-0.003624,0.629291,-0.776045,0.041797,-0.029142,0.030180,0.999120,0,0.20688,0.87227,10.118,0.508,39.460,594.429,-1,581.301,18.121,479.610,477.129,585.267,521.108,-1,-1,-1,-1,-1,-1,40.670,22.353,1,0,2,0,1,0,0,0,0,2,2,2,2,2,2,1,1
217,5332.679,6636.987,-63.980,141.466,-0.782023,-0.623249,-0.000667,0.622801,-0.781500,0.037096,-0.023641,0.028595,0.999312,0,0.20688,0.87227,9.707,0.484,32.505,611.842,-1,598.044,18.226,493.106,491.059,589.994,531.934,-1,-1,-1,-1,-1,-1,33.594,22.382,1,0,2,0,1,0,0,0,0,2,2,2,2,2,2,1,1
218,5324.072,6640.132,-62.075,141.933,-0.787126,-0.616792,0.000260,0.616450,-0.786676,0.033612,-0.020527,0.026617,0.999435,0,0.20688,0.87227,9.164,0.467,25.816,623.210,-1,607.762,18.263,502.423,501.066,592.838,543.210,-1,-1,-1,-1,-1,-1,26.707,22.392,1,0,2,0,1,0,0,0,0,2,2,2,2,2,2,1,1
219,5315.835,6643.110,-60.643,142.375,-0.791879,-0.610678,-0.000362,0.610374,-0.791503,0.031098,-0.019277,0.024405,0.999516,0,0.20688,0.87227,8.759,0.442,21.121,628.451,-1,612.840,-1,507.459,506.139,592.370,553.784,-1,-1,-1,-1,-1,-1,21.819,-1,1,0,2,0,2,0,0,0,0,2,2,2,2,2,2,1,2
220,5307.861,6646.203,-59.896,142.798,-0.796366,-0.604812,-0.001640,0.604516,-0.796055,0.029279,-0.019014,0.022325,0.999570,0,0.20688,0.87227,8.552,0.423,19.684,629.373,-1,614.211,-1,509.116,508.000,589.065,562.056,-1,-1,-1,-1,-1,-1,20.283,-1,1,0,2,0,2,0,0,0,0,2,2,2,2,2,2,1,2
221,5299.991,6649.395,-59.887,143.201,-0.800600,-0.599194,-0.002523,0.598893,-0.800318,0.028618,-0.019167,0.021401,0.999587,0,0.20688,0.87227,8.493,0.403,20.974,628.130,-1,613.086,-1,508.477,507.329,586.407,565.535,-1,-1,-1,-1,-1,-1,21.555,-1,1,0,2,0,2,0,0,0,0,2,2,2,2,2,2,1,2
222,5292.228,6652.630,-60.501,143.605,-0.804791,-0.593551,-0.002972,0.593226,-0.804499,0.029400,-0.019841,0.021898,0.999563,0,0.20688,0.87227,8.410,0.404,23.812,624.967,-1,608.442,-1,505.723,504.149,585.856,563.882,-1,-1,-1,-1,-1,-1,24.397,-1,1,0,2,0,2,0,0,0,0,2,2,2,2,2,2,1,2
223,5284.462,6655.984,-61.519,144.001,-0.808864,-0.587990,-0.002726,0.587643,-0.808529,0.030933,-0.020392,0.023419,0.999518,0,0.33471,0.27770,8.459,0.396,19.575,621.781,-1,602.373,-1,502.457,500.134,587.041,558.698,-1,-1,-1,-1,-1,-1,27.523,-1,1,0,2,0,2,0,0,0,0,2,2,2,2,2,2,1,2
224,5276.544,6659.580,-62.711,144.380,-0.812737,-0.582628,-0.001529,0.582283,-0.812340,0.032392,-0.020115,0.025436,0.999474,0,0.33471,0.27770,8.696,0.379,15.944,620.583,-1,597.339,10.998,500.377,497.089,589.205,551.777,-1,-1,-1,-1,-1,-1,29.802,8.393,1,0,2,0,1,0,0,0,0,2,2,2,2,2,2,1,1
225,5268.466,6663.416,-63.835,144.737,-0.816356,-0.577549,0.000053,0.577226,-0.815898,0.033468,-0.019286,0.027352,0.999440,0,0.33471,0.27770,8.942,0.356,14.512,620.819,-1,593.741,16.734,499.438,495.164,591.390,545.611,-1,-1,-1,-1,-1,-1,31.451,22.188,1,0,2,0,1,0,0,0,0,2,2,2,2,2,2,1,1
226,5260.227,6667.349,-64.649,145.076,-0.819773,-0.572687,0.001458,0.572399,-0.819275,0.033872,-0.018203,0.028602,0.999425,0,0.33471,0.27770,9.130,0.339,14.410,622.060,-1,849.893,16.699,499.554,494.469,593.110,541.953,-1,-1,-1,-1,-1,-1,32.628,22.191,1,0,2,0,1,0,0,0,0,2,2,2,2,2,2,1,1
227,5251.835,6671.268,-65.052,145.407,-0.823078,-0.567924,0.002260,0.567665,-0.822568,0.033737,-0.017301,0.029051,0.999428,0,0.33471,0.27770,9.262,0.331,14.132,623.410,-1,855.635,16.573,500.159,494.756,593.537,541.256,-1,-1,-1,-1,-1,-1,33.388,22.207,1,0,2,0,1,0,0,0,0,2,2,2,2,2,2,1,1
228,5243.357,6675.227,-65.029,145.718,-0.826153,-0.563442,0.002053,0.563191,-0.825666,0.033035,-0.016918,0.028448,0.999452,0,0.33471,0.27770,9.356,0.311,13.746,623.852,-1,861.395,16.330,500.641,495.432,591.552,544.045,-1,-1,-1,-1,-1,-1,33.656,22.257,1,0,2,0,1,0,0,0,0,2,2,2,2,2,2,1,1
229,5234.762,6679.294,-64.731,146.013,-0.829048,-0.559176,0.001010,0.558917,-0.828605,0.032037,-0.017077,0.027124,0.999486,0,0.33471,0.27770,9.509,0.296,13.584,623.162,-1,865.620,16.188,500.699,495.578,587.909,549.108,-1,-1,-1,-1,-1,-1,33.112,22.303,1,0,2,0,1,0,0,0,0,2,2,2,2,2,2,1,1
230,5226.040,6683.443,-64.291,146.303,-0.831850,-0.555001,-0.000591,0.554713,-0.831451,0.031341,-0.017886,0.025743,0.999509,0,0.33471,0.27770,9.659,0.289,13.515,621.216,-1,867.910,16.110,499.985,494.004,585.125,554.642,-1,-1,-1,-1,-1,-1,32.421,22.331,1,0,2,0,1,0,0,0,0,2,2,2,2,2,2,1,1
231,5217.135,6687.686,-63.839,146.594,-0.834646,-0.550783,-0.001737,0.550471,-0.834271,0.031205,-0.018637,0.025089,0.999511,0,0.33471,0.27770,9.863,0.291,13.277,620.034,-1,869.577,15.585,499.534,492.415,585.067,558.789,-1,-1,-1,-1,-1,-1,32.467,22.645,1,0,2,0,1,0,0,0,0,2,2,2,2,2,2,1,1
232,5208.082,6692.276,-63.557,146.837,-0.836973,-0.547239,-0.002200,0.546922,-0.836611,0.030957,-0.018781,0.024707,0.999518,0,0.33471,0.27770,10.151,0.243,13.265,620.128,-1,872.866,10.549,499.844,491.328,585.165,562.009,-1,-1,-1,-1,-1,-1,31.835,8.809,1,0,2,0,1,0,0,0,0,2,2,2,2,2,2,1,1
233,5198.855,6697.141,-63.538,147.054,-0.839036,-0.544072,-0.001973,0.543762,-0.838669,0.030935,-0.018486,0.024883,0.999519,0,0.33471,0.27770,10.430,0.216,13.326,621.032,-1,876.562,13.608,500.349,490.260,586.006,563.037,-1,-1,-1,-1,-1,-1,31.040,11.572,1,0,2,0,1,0,0,0,0,2,2,2,2,2,2,1,1
234,5189.497,6702.272,-63.807,147.234,-0.840753,-0.541416,-0.001703,0.541115,-0.840382,0.030870,-0.018145,0.025033,0.999522,0,0.33471,0.27770,10.672,0.181,13.335,621.263,-1,879.881,11.691,500.296,488.660,585.448,563.018,-1,-1,-1,-1,-1,-1,29.379,9.953,1,0,2,0,1,0,0,0,0,2,2,2,2,2,2,1,1
235,5179.931,6707.518,-64.291,147.422,-0.842528,-0.538651,-0.001142,0.538360,-0.842139,0.031165,-0.017748,0.025642,0.999514,0,0.33471,0.27770,10.910,0.188,13.378,621.383,-1,882.089,14.908,499.928,486.617,585.539,561.315,-1,-1,-1,-1,-1,-1,29.552,23.528,1,0,2,0,1,0,0,0,0,2,2,2,2,2,2,1,1
236,5170.206,6712.951,-64.881,147.597,-0.844174,-0.536070,-0.000293,0.535796,-0.843760,0.031485,-0.017125,0.026422,0.999504,0,0.33471,0.27770,11.140,0.175,13.416,621.751,-1,883.916,14.816,499.756,484.641,585.740,558.946,-1,-1,-1,-1,-1,-1,31.949,23.712,1,0,2,0,1,0,0,0,0,2,2,2,2,2,2,1,1
237,5160.379,6718.497,-65.416,147.752,-0.845624,-0.533779,-0.000000,0.533504,-0.845187,0.032141,-0.017156,0.027179,0.999483,0,0.33471,0.27770,11.284,0.155,13.468,620.633,-1,882.348,14.707,498.555,481.774,585.960,556.734,-1,-1,-1,-1,-1,-1,32.737,23.965,1,0,2,0,1,0,0,0,0,2,2,2,2,2,2,1,1
238,5150.492,6724.218,-65.803,147.868,-0.846687,-0.532091,-0.000464,0.531786,-0.846231,0.033112,-0.018011,0.027789,0.999452,0,0.33471,0.27770,11.423,0.116,13.702,617.807,-1,878.591,14.341,496.234,478.122,586.103,555.259,-1,-1,-1,-1,-1,-1,30.216,25.142,1,0,2,0,1,0,0,0,0,2,2,2,2,2,2,1,1
239,5140.526,6730.177,-66.064,147.939,-0.847330,-0.531066,-0.001093,0.530729,-0.846864,0.033888,-0.018922,0.028134,0.999425,0,0.33471,0.27770,11.612,0.071,13.726,615.021,-1,875.634,14.311,494.088,477.399,585.284,554.749,-1,-1,-1,-1,-1,-1,29.885,25.265,1,0,2,0,1,0,0,0,0,2,2,2,2,2,2,1,1
240,5130.405,6736.244,-66.126,148.002,-0.847909,-0.530140,-0.001401,0.529785,-0.847433,0.034439,-0.019445,0.028459,0.999406,0,0.33471,0.27770,11.800,0.064,13.733,613.741,-1,874.881,14.303,493.085,525.490,585.133,554.946,-1,-1,-1,-1,-1,-1,29.770,25.311,1,0,2,0,1,0,0,0,0,2,2,2,2,2,2,1,1
241,5120.064,6742.417,-66.089,148.068,-0.848513,-0.529173,-0.001415,0.528818,-0.848035,0.034462,-0.019436,0.028493,0.999405,0,0.33471,0.27770,12.043,0.065,13.722,613.817,-1,877.666,14.315,493.181,572.346,584.480,556.197,-1,-1,-1,-1,-1,-1,29.916,25.256,1,0,2,0,1,0,0,0,0,2,2,2,2,2,2,1,1
242,5109.491,6748.648,-66.028,148.141,-0.849201,-0.528068,-0.001270,0.527729,-0.848737,0.033882,-0.018970,0.028103,0.999425,0,0.33471,0.27770,12.273,0.074,13.702,614.689,-1,882.908,14.341,495.409,630.143,582.727,558.576,-1,-1,-1,-1,-1,-1,30.209,25.148,1,0,2,0,1,0,0,0,0,2,2,2,2,2,2,1,1
243,5098.727,6754.904,-66.066,148.226,-0.849990,-0.526798,-0.001160,0.526474,-0.849541,0.033237,-0.018495,0.027641,0.999447,0,0.28163,0.97681,12.450,0.085,13.664,615.224,-1,887.920,14.393,497.350,638.433,580.782,560.627,-1,-1,-1,-1,-1,-1,29.390,24.940,1,0,2,0,1,0,0,0,0,2,2,2,2,2,2,1,1
244,5087.848,6761.125,-66.206,148.332,-0.850967,-0.525218,-0.001237,0.524902,-0.850532,0.032769,-0.018263,0.027236,0.999462,0,0.28163,0.97681,12.532,0.106,13.463,614.973,-1,891.454,14.718,498.469,645.175,578.604,561.824,-1,-1,-1,-1,-1,-1,29.546,23.936,1,0,2,0,1,0,0,0,0,2,2,2,2,2,2,1,1
245,5076.764,6767.209,-66.466,148.488,-0.852386,-0.522911,-0.001111,0.522593,-0.851938,0.033131,-0.018271,0.027660,0.999450,0,0.28163,0.97681,12.644,0.155,13.446,614.097,-1,891.944,14.755,498.711,649.455,578.926,560.656,-1,-1,-1,-1,-1,-1,28.761,23.855,1,0,2,0,1,0,0,0,0,2,2,2,2,2,2,1,1
246,5065.578,6773.275,-66.852,148.660,-0.853946,-0.520360,-0.001237,0.520023,-0.853474,0.034027,-0.018762,0.028414,0.999420,0,0.28163,0.97681,12.725,0.172,13.337,611.900,-1,887.455,15.022,497.662,651.225,579.729,558.269,-1,-1,-1,-1,-1,-1,27.258,23.323,1,0,2,0,1,0,0,0,0,2,2,2,2,2,2,1,1
247,5054.232,6779.155,-67.265,148.880,-0.855920,-0.517106,-0.001736,0.516730,-0.855417,0.035385,-0.019783,0.029390,0.999372,0,0.28163,0.97681,12.779,0.220,13.270,608.528,-1,880.283,15.341,495.304,647.938,580.785,555.222,-1,-1,-1,-1,-1,-1,27.117,22.887,1,0,2,0,1,0,0,0,0,2,2,2,2,2,2,1,1
248,5042.653,6784.777,-67.622,149.154,-0.858374,-0.513020,-0.002161,0.512620,-0.857857,0.036084,-0.020366,0.029866,0.999346,0,0.28163,0.97681,12.872,0.274,13.269,605.942,-1,874.898,15.418,508.026,645.837,580.580,553.554,-1,-1,-1,-1,-1,-1,27.595,22.797,1,0,2,0,1,0,0,0,0,2,2,2,2,2,2,1,1
249,5030.859,6790.253,-67.910,149.454,-0.861042,-0.508528,-0.002379,0.508130,-0.860536,0.035791,-0.020248,0.029608,0.999357,0,0.28163,0.97681,13.003,0.299,13.270,604.627,-1,872.618,15.401,517.248,645.862,578.254,553.861,-1,-1,-1,-1,-1,-1,29.517,22.816,1,0,2,0,1,0,0,0,0,2,2,2,2,2,2,1,1
250,5018.972,6795.704,-68.045,149.739,-0.863565,-0.504231,-0.002522,0.503848,-0.863085,0.034953,-0.019801,0.028913,0.999386,0,0.28163,0.97681,13.078,0.285,13.270,604.176,-1,872.410,15.351,519.908,647.308,575.097,555.558,-1,-1,-1,-1,-1,-1,31.155,22.871,1,0,2,0,1,0,0,0,0,2,2,2,2,2,2,1,1
251,5007.001,6801.134,-68.021,150.010,-0.865953,-0.500118,-0.002596,0.499759,-0.865506,0.033779,-0.019141,0.027954,0.999426,0,0.28163,0.97681,13.144,0.271,13.271,604.465,-1,873.723,15.375,523.817,648.542,571.769,558.339,-1,-1,-1,-1,-1,-1,31.413,22.846,1,0,2,0,1,0,0,0,0,2,2,2,2,2,2,1,1
252,4994.874,6806.479,-67.986,150.306,-0.868543,-0.495609,-0.002203,0.495278,-0.868109,0.032965,-0.018251,0.027540,0.999454,0,0.28163,0.97681,13.253,0.297,13.280,605.718,-1,875.021,15.585,527.993,650.030,570.608,559.728,-1,-1,-1,-1,-1,-1,29.014,22.645,1,0,2,0,1,0,0,0,0,2,2,2,2,2,2,1,1
253,4982.637,6811.755,-68.067,150.624,-0.871287,-0.490771,-0.001713,0.490460,-0.870848,0.032750,-0.017565,0.027695,0.999462,0,0.28163,0.97681,13.326,0.318,13.303,606.626,-1,874.344,15.709,527.306,650.501,570.991,559.369,-1,-1,-1,-1,-1,-1,26.775,22.549,1,0,2,0,1,0,0,0,0,2,2,2,2,2,2,1,1
254,4970.296,6816.863,-68.214,150.977,-0.874300,-0.485384,-0.001202,0.485082,-0.873840,0.033152,-0.017142,0.028401,0.999450,0,0.28163,0.97681,13.356,0.353,13.479,607.014,-1,870.455,16.067,524.795,649.841,573.160,557.399,-1,-1,-1,-1,-1,-1,24.574,22.350,1,0,2,0,1,0,0,0,0,2,2,2,2,2,2,1,1
255,4957.805,6821.639,-68.435,151.392,-0.877791,-0.479043,-0.000615,0.478744,-0.877288,0.034217,-0.016931,0.029740,0.999414,0,0.28163,0.97681,13.373,0.415,13.648,606.621,-1,864.514,16.247,520.975,646.582,577.515,553.455,-1,-1,-1,-1,-1,-1,22.742,22.283,1,0,2,0,1,0,0,0,0,2,2,2,2,2,2,1,1
256,4945.264,6826.194,-68.674,151.827,-0.881400,-0.472371,-0.000827,0.472061,-0.880882,0.034723,-0.017131,0.030215,0.999397,0,0.28163,0.97681,13.342,0.435,13.583,604.619,-1,858.034,16.183,515.900,642.032,579.046,551.406,-1,-1,-1,-1,-1,-1,22.926,22.303,1,0,2,0,1,0,0,0,0,2,2,2,2,2,2,1,1
257,4932.656,6830.659,-68.918,152.253,-0.884876,-0.465825,-0.001518,0.465499,-0.884370,0.034646,-0.017482,0.029951,0.999398,0,0.28163,0.97681,13.376,0.425,13.847,601.736,-1,851.895,16.401,511.263,633.747,577.361,551.019,-1,-1,-1,-1,-1,-1,23.814,22.239,1,0,2,0,1,0,0,0,0,2,2,2,2,2,2,1,1
258,4919.922,6834.912,-69.186,152.704,-0.888511,-0.458851,-0.001888,0.458519,-0.888010,0.034634,-0.017568,0.029907,0.999398,0,0.28163,0.97681,13.425,0.451,14.168,599.530,-1,846.042,16.589,508.486,622.337,576.608,550.121,-1,-1,-1,-1,-1,-1,24.668,22.205,1,0,2,0,1,0,0,0,0,2,2,2,2,2,2,1,1
259,4907.025,6838.920,-69.353,153.186,-0.892347,-0.451346,-0.001619,0.451032,-0.891848,0.034319,-0.016933,0.029894,0.999410,0,0.49562,0.50273,13.505,0.482,14.828,599.207,-1,842.236,16.846,507.163,612.417,576.768,549.450,-1,-1,-1,-1,-1,-1,24.518,22.180,1,0,2,0,1,0,0,0,0,2,2,2,2,2,2,1,1
260,4893.861,6842.639,-69.401,153.714,-0.896481,-0.443082,-0.000973,0.442800,-0.895985,0.033753,-0.015827,0.029828,0.999430,0,0.49562,0.50273,13.679,0.528,15.186,600.181,-1,839.748,16.949,506.572,602.476,577.626,549.096,-1,-1,-1,-1,-1,-1,23.266,22.178,1,0,2,0,1,0,0,0,0,2,2,2,2,2,2,1,1
261,4880.543,6846.250,-69.356,154.250,-0.900601,-0.434647,-0.000496,0.434398,-0.900123,0.032832,-0.014717,0.029353,0.999461,0,0.49562,0.50273,13.799,0.536,15.426,601.115,-1,836.877,17.005,506.014,592.758,577.425,549.940,-1,-1,-1,-1,-1,-1,21.501,22.178,1,0,2,0,1,0,0,0,0,2,2,2,2,2,2,1,1
262,4867.061,6849.646,-69.278,154.823,-0.904906,-0.425611,-0.000406,0.425377,-0.904440,0.032309,-0.014118,0.029064,0.999478,0,0.49562,0.50273,13.904,0.573,15.166,601.088,-1,832.105,16.940,503.922,579.853,578.163,550.341,-1,-1,-1,-1,-1,-1,19.012,22.178,1,0,2,0,1,0,0,0,0,2,2,2,2,2,2,1,1
263,4853.332,6853.033,-69.259,155.392,-0.909094,-0.416590,-0.000305,0.416376,-0.908650,0.031406,-0.013360,0.028424,0.999507,0,0.49562,0.50273,14.140,0.569,16.464,600.958,-1,827.913,17.207,501.979,567.815,577.294,551.466,-1,-1,-1,-1,-1,-1,17.014,22.187,1,0,2,0,1,0,0,0,0,2,2,2,2,2,2,1,1
264,4839.346,6856.170,-69.345,156.001,-0.913480,-0.406884,-0.000071,0.406689,-0.913049,0.030736,-0.012571,0.028048,0.999528,0,0.49562,0.50273,14.333,0.609,15.230,600.722,-1,822.916,17.498,495.824,553.796,577.113,551.577,-1,-1,-1,-1,-1,-1,15.434,22.220,1,0,2,0,1,0,0,0,0,2,2,2,2,2,2,1,1
265,4825.180,6858.941,-69.498,156.655,-0.918073,-0.396411,0.000147,0.396231,-0.917647,0.030416,-0.011922,0.027982,0.999537,0,0.49562,0.50273,14.434,0.655,13.585,600.210,-1,816.675,18.002,489.089,537.177,577.994,550.654,-1,-1,-1,-1,-1,-1,13.956,22.322,1,0,2,0,1,0,0,0,0,2,2,2,2,2,2,1,1
266,4811.200,6860.718,-69.584,157.402,-0.923150,-0.384439,-0.000285,0.384240,-0.922695,0.031522,-0.012382,0.028990,0.999503,0,0.49562,0.50273,14.093,0.746,12.055,598.195,-1,806.037,18.589,487.569,513.099,583.641,547.128,-1,-1,-1,-1,-1,-1,12.576,22.496,1,0,2,0,1,0,0,0,0,2,2,2,2,2,2,1,1
267,4797.709,6861.956,-69.595,158.169,-0.928199,-0.372078,-0.002155,0.371833,-0.927771,0.031325,-0.013655,0.028275,0.999507,0,0.49562,0.50273,13.547,0.768,16.315,593.435,-1,794.105,18.661,484.058,491.504,583.007,547.699,-1,-1,-1,-1,-1,-1,17.053,22.521,1,0,2,0,1,0,0,0,0,2,2,2,2,2,2,1,1
268,4784.562,6862.959,-69.506,158.913,-0.932940,-0.360009,-0.004129,0.359742,-0.932586,0.029484,-0.014465,0.026021,0.999557,0,0.49562,0.50273,13.186,0.744,21.222,588.973,-1,777.079,18.586,481.330,475.888,577.047,552.227,-1,-1,-1,-1,-1,-1,22.139,22.495,1,0,2,0,1,0,0,0,0,2,2,2,2,2,2,1,1
269,4771.477,6863.921,-69.353,159.619,-0.937310,-0.348467,-0.004577,0.348233,-0.937032,0.026545,-0.013539,0.023287,0.999637,0,0.49562,0.50273,13.120,0.705,22.141,588.192,-1,765.824,18.705,481.564,467.736,569.962,557.168,-1,-1,-1,-1,-1,-1,23.169,22.536,1,0,2,0,1,0,0,0,0,2,2,2,2,2,2,1,1
270,4758.364,6864.823,-69.162,160.303,-0.941428,-0.337198,-0.003349,0.337030,-0.941195,0.023732,-0.011155,0.021213,0.999713,0,0.49562,0.50273,13.144,0.684,21.171,591.184,-1,757.126,18.666,484.424,467.615,565.861,559.895,-1,-1,-1,-1,-1,-1,22.132,22.523,1,0,2,0,1,0,0,0,0,2,2,2,2,2,2,1,1
271,4745.286,6865.562,-68.962,161.000,-0.945485,-0.325664,-0.001369,0.325558,-0.945270,0.021821,-0.008400,0.020186,0.999761,0,0.49562,0.50273,13.098,0.697,16.553,595.835,-1,748.369,18.661,488.128,473.792,565.762,560.023,-1,-1,-1,-1,-1,-1,17.301,22.521,1,0,2,0,1,0,0,0,0,2,2,2,2,2,2,1,1
272,4732.541,6865.924,-68.714,161.699,-0.949404,-0.314056,0.000357,0.313998,-0.949207,0.020271,-0.006027,0.019357,0.999794,0,0.49562,0.50273,12.751,0.699,-1,600.083,-1,739.092,18.660,491.384,479.743,566.613,558.556,-1,-1,-1,-1,-1,-1,-1,22.521,2,0,2,0,1,0,0,0,0,2,2,2,2,2,2,2,1
273,4720.280,6866.024,-68.421,162.382,-0.953084,-0.302706,0.000859,0.302666,-0.952905,0.019100,-0.004964,0.018464,0.999817,0,0.49562,0.50273,12.261,0.683,-1,601.519,-1,728.145,18.518,492.353,483.450,567.178,556.758,-1,-1,-1,-1,-1,-1,-1,22.472,2,0,2,0,1,0,0,0,0,2,2,2,2,2,2,2,1
274,4708.267,6866.161,-68.195,163.048,-0.956538,-0.291606,0.000615,0.291570,-0.956382,0.017910,-0.004634,0.017311,0.999839,0,0.49562,0.50273,12.013,0.666,-1,600.962,-1,716.419,17.550,491.878,485.689,566.248,560.804,-1,-1,-1,-1,-1,-1,-1,22.228,2,0,2,0,1,0,0,0,0,2,2,2,2,2,2,2,1
275,4695.949,6866.847,-68.177,163.623,-0.959419,-0.281983,0.000967,0.281963,-0.959295,0.015834,-0.003537,0.015464,0.999874,0,0.49562,0.50273,12.337,0.575,-1,601.450,-1,702.967,16.362,492.149,488.904,561.764,584.260,-1,-1,-1,-1,-1,-1,-1,22.249,2,0,2,0,1,0,0,0,0,2,2,2,2,2,2,2,1
276,4683.237,6868.363,-68.417,164.034,-0.961423,-0.275069,0.001748,0.275067,-0.961334,0.013195,-0.001950,0.013167,0.999911,0,0.49562,0.50273,12.802,0.411,-1,602.087,-1,690.701,15.470,492.664,491.072,554.333,613.033,-1,-1,-1,-1,-1,-1,-1,22.750,2,0,2,0,1,0,0,0,0,2,2,2,2,2,2,2,1
277,4670.278,6870.551,-68.960,164.338,-0.962868,-0.269965,0.001916,0.269968,-0.962788,0.012513,-0.001533,0.012566,0.999920,0,0.49562,0.50273,13.143,0.304,-1,600.156,-1,676.252,-1,490.861,489.605,551.252,635.438,-1,-1,-1,-1,-1,-1,-1,-1,2,0,2,0,2,0,0,0,0,2,2,2,2,2,2,2,2
278,4657.135,6873.199,-69.803,164.592,-0.964053,-0.265709,0.000729,0.265689,-0.963934,0.015502,-0.003416,0.015138,0.999880,0,0.49562,0.50273,13.407,0.254,13.344,594.306,-1,654.924,-1,485.096,483.133,557.142,650.110,-1,-1,-1,-1,-1,-1,20.187,-1,1,0,2,0,2,0,0,0,0,2,2,2,2,2,2,1,2
279,4643.745,6876.234,-70.872,164.817,-0.965071,-0.261986,-0.001367,0.261899,-0.964858,0.021390,-0.006923,0.020285,0.999770,0,0.49562,0.50273,13.730,0.225,13.374,585.927,-1,628.937,-1,476.643,473.141,571.259,658.922,-1,-1,-1,-1,-1,-1,25.791,-1,1,0,2,0,2,0,0,0,0,2,2,2,2,2,2,1,2
280,4630.022,6879.564,-72.021,165.024,-0.965978,-0.258600,-0.003494,0.258397,-0.965609,0.028809,-0.010824,0.026926,0.999579,0,0.49562,0.50273,14.121,0.207,13.425,577.474,-1,602.088,11.357,467.746,462.222,591.503,665.347,-1,-1,-1,-1,-1,-1,30.783,9.780,1,0,2,0,1,0,0,0,0,2,2,2,2,2,2,1,1
281,4616.276,6882.857,-73.126,165.220,-0.966806,-0.255445,-0.005856,0.255077,-0.966241,0.036251,-0.014918,0.033554,0.999326,0,-0.16038,1.00000,14.135,0.196,13.338,568.740,-1,576.104,15.018,458.807,451.263,613.290,671.483,-1,-1,-1,-1,-1,999.913,31.177,23.329,1,0,2,0,1,0,0,0,0,2,2,2,2,2,0,1,1
282,4603.047,6885.762,-73.917,165.427,-0.967653,-0.252136,-0.008657,0.251569,-0.966923,0.042108,-0.018987,0.038568,0.999076,0,-0.16038,1.00000,13.544,0.207,13.270,559.963,-1,553.247,15.371,450.491,441.476,631.132,680.604,-1,-1,-1,-1,991.878,958.573,33.947,22.850,1,0,2,0,1,0,0,0,0,2,2,2,2,0,0,1,1
283,4590.269,6887.934,-74.236,165.721,-0.968875,-0.247313,-0.010875,0.246585,-0.968038,0.045812,-0.021857,0.041705,0.998891,0,-0.16038,1.00000,12.962,0.294,14.654,554.256,-1,534.965,16.789,444.824,434.968,644.344,686.262,-1,-1,-1,-1,979.031,931.831,31.887,22.184,1,0,2,0,1,0,0,0,0,2,2,2,2,0,0,1,1
284,4578.011,6889.306,-74.140,166.111,-0.970480,-0.240829,-0.013028,0.239980,-0.969621,0.047385,-0.024044,0.042860,0.998792,0,-0.16038,1.00000,12.334,0.390,13.399,550.258,-1,520.690,15.947,440.788,431.017,651.375,690.864,-1,-1,-1,-1,969.434,915.140,32.267,22.406,1,0,2,0,1,0,0,0,0,2,2,2,2,0,0,1,1
285,4566.229,6890.594,-74.073,166.419,-0.971707,-0.235658,-0.015829,0.234733,-0.970976,0.045888,-0.026184,0.040874,0.998821,0,-0.16038,1.00000,11.852,0.309,13.308,544.038,-1,511.244,15.723,436.300,427.821,643.516,702.180,-1,-1,-1,-1,954.197,905.076,32.267,22.540,1,0,2,0,1,0,0,0,0,2,2,2,2,0,0,1,1
286,4554.886,6891.773,-74.226,166.691,-0.972760,-0.231080,-0.018467,0.230107,-0.972174,0.043906,-0.028099,0.038461,0.998865,0,-0.16038,1.00000,11.404,0.272,13.282,537.398,-1,502.313,15.611,431.707,424.607,632.735,713.707,-1,-1,-1,-1,938.593,896.262,35.866,22.623,1,0,2,0,1,0,0,0,0,2,2,2,2,0,0,1,1
287,4543.968,6892.925,-74.694,166.944,-0.973722,-0.226813,-0.020523,0.225797,-0.973233,0.042820,-0.029686,0.037061,0.998872,0,-0.16038,1.00000,10.979,0.253,13.275,531.309,-1,494.636,-1,427.181,421.082,625.028,720.425,-1,-1,-1,-1,925.193,886.142,38.404,-1,1,0,2,0,2,0,0,0,0,2,2,2,2,0,0,1,2
288,4533.455,6894.107,-75.463,167.186,-0.974629,-0.222752,-0.021910,0.221674,-0.974163,0.043203,-0.030967,0.037250,0.998826,0,-0.16038,1.00000,10.580,0.242,13.269,526.146,-1,489.551,-1,422.795,417.142,623.059,722.762,-1,-1,-1,-1,914.760,873.560,40.481,-1,1,0,2,0,2,0,0,0,0,2,2,2,2,0,0,1,2
289,4523.336,6895.374,-76.423,167.404,-0.975438,-0.219127,-0.022464,0.217964,-0.974905,0.045302,-0.031827,0.039293,0.998721,0,-0.16038,1.00000,10.198,0.218,13.273,522.526,-1,483.802,-1,418.984,413.160,628.456,720.314,-1,-1,-1,-1,908.482,859.497,44.147,-1,1,0,2,0,2,0,0,0,0,2,2,2,2,0,0,1,2
290,4513.724,6896.807,-77.331,167.598,-0.976146,-0.215929,-0.022677,0.214651,-0.975478,0.048662,-0.032628,0.042634,0.998558,0,-0.16038,1.00000,9.718,0.194,13.280,519.958,-1,477.641,-1,415.635,408.788,640.105,714.876,-1,-1,-1,-1,904.657,844.302,46.089,-1,1,0,2,0,2,0,0,0,0,2,2,2,2,0,0,1,2
291,4504.591,6898.206,-78.020,167.785,-0.976799,-0.212889,-0.023275,0.211456,-0.975972,0.052575,-0.033908,0.046434,0.998346,0,-0.16038,1.00000,9.239,0.187,13.311,517.313,-1,471.006,-1,412.179,404.175,655.448,708.275,-1,-1,-1,-1,900.222,827.352,45.106,-1,1,0,2,0,2,0,0,0,0,2,2,2,2,0,0,1,2
292,4495.898,6899.288,-78.391,168.009,-0.977577,-0.209208,-0.023968,0.207628,-0.976605,0.055973,-0.035118,0.049741,0.998145,0,-0.16038,1.00000,8.760,0.224,13.344,515.498,-1,465.629,15.839,409.447,400.416,670.823,701.776,-1,-1,-1,-1,897.178,813.111,43.160,22.468,1,0,2,0,1,0,0,0,0,2,2,2,2,0,0,1,1
293,4487.759,6900.104,-78.411,168.231,-0.978336,-0.205508,-0.025002,0.203825,-0.977318,0.057495,-0.036251,0.051153,0.998033,0,-0.16038,1.00000,8.180,0.222,13.402,513.639,-1,462.297,15.954,407.368,397.833,679.004,700.640,-1,-1,-1,-1,893.190,804.037,41.538,22.402,1,0,2,0,1,0,0,0,0,2,2,2,2,0,0,1,1
294,4480.195,6900.695,-78.077,168.439,-0.979040,-0.201984,-0.026141,0.200266,-0.978083,0.056976,-0.037076,0.050547,0.998033,0,-0.16038,1.00000,7.587,0.208,13.583,512.103,-1,461.440,16.182,406.182,396.776,678.973,705.066,-1,-1,-1,-1,889.081,800.811,41.429,22.302,1,0,2,0,1,0,0,0,0,2,2,2,2,0,0,1,1
295,4473.115,6901.058,-77.452,168.642,-0.979742,-0.198473,-0.026740,0.196801,-0.978899,0.055010,-0.037094,0.048633,0.998128,0,-0.16038,1.00000,7.089,0.203,13.888,512.201,-1,464.413,16.435,406.561,397.688,674.166,713.158,-1,-1,-1,-1,888.098,804.407,41.301,22.233,1,0,2,0,1,0,0,0,0,2,2,2,2,0,0,1,1
296,4466.411,6901.224,-76.693,168.849,-0.980489,-0.194816,-0.026211,0.193272,-0.979751,0.052290,-0.035867,0.046204,0.998288,0,-0.16038,1.00000,6.707,0.207,14.379,514.907,-1,470.566,16.690,408.915,400.731,667.941,723.002,-1,-1,-1,-1,892.919,815.030,40.332,22.193,1,0,2,0,1,0,0,0,0,2,2,2,2,0,0,1,1
297,4460.072,6901.220,-75.997,169.061,-0.981278,-0.191016,-0.024609,0.189649,-0.980611,0.049339,-0.033556,0.043749,0.998479,0,-0.16038,1.00000,6.338,0.212,14.989,519.720,-1,478.813,11.765,412.719,405.224,661.646,732.956,-1,-1,-1,-1,902.838,830.667,38.595,9.092,1,0,2,0,1,0,0,0,0,2,2,2,2,0,0,1,1
298,4454.106,6901.147,-75.512,169.263,-0.982033,-0.187379,-0.022366,0.186214,-0.981428,0.046081,-0.030585,0.041088,0.998687,0,-0.16038,1.00000,5.967,0.202,18.884,525.265,-1,488.101,-1,417.069,410.336,653.512,742.975,-1,-1,-1,-1,914.934,849.369,36.576,-1,1,0,2,0,2,0,0,0,0,2,2,2,2,0,0,1,2
299,4447.479,6900.904,-75.292,169.515,-0.982941,-0.182865,-0.019673,0.181909,-0.982390,0.042655,-0.027127,0.038348,0.998896,0,-0.16038,1.00000,6.632,0.252,33.331,531.362,-1,497.479,-1,421.591,415.586,644.131,752.931,-1,-1,-1,-1,929.199,870.156,34.694,-1,1,0,2,0,2,0,0,0,0,2,2,2,2,0,0,1,2
300,4443.482,6900.579,-75.291,169.712,-0.983595,-0.179425,-0.018618,0.178545,-0.983062,0.041349,-0.025722,0.037347,0.998971,0,-0.16038,1.00000,4.009,0.196,32.836,533.939,-1,500.247,-1,423.206,417.368,640.760,757.057,-1,-1,-1,-1,935.838,877.117,34.332,-1,1,0,2,0,2,0,0,0,0,2,2,2,2,0,0,1,2
301,4438.993,6900.084,-75.370,169.958,-0.984375,-0.175145,-0.018166,0.174313,-0.983869,0.040217,-0.024917,0.036422,0.999026,0,-0.16038,1.00000,4.517,0.247,33.063,535.180,-1,501.506,-1,423.762,418.021,637.380,760.981,-1,-1,-1,-1,939.731,879.910,34.557,-1,1,0,2,0,2,0,0,0,0,2,2,2,2,0,0,1,2
302,4434.700,6899.541,-75.477,170.213,-0.985167,-0.170713,-0.017413,0.169931,-0.984669,0.039382,-0.023869,0.035839,0.999072,0,0.30590,0.53308,4.327,0.255,33.093,537.156,-1,502.974,-1,424.693,418.931,635.426,763.999,-1,-1,-1,-1,945.574,883.239,34.586,13.364,1,0,2,0,2,0,0,0,0,2,2,2,2,0,0,1,1
303,4430.240,6898.852,-75.510,170.508,-0.986077,-0.165565,-0.015509,0.164866,-0.985552,0.038808,-0.021710,0.035711,0.999126,0,0.30590,0.53308,4.513,0.295,32.187,542.210,-1,506.492,10.471,427.502,421.553,636.199,766.378,-1,-1,-1,-1,958.988,891.418,33.638,22.518,1,0,2,0,1,0,0,0,0,2,2,2,2,0,0,1,1
304,4425.655,6898.072,-75.412,170.819,-0.987006,-0.160131,-0.013291,0.159531,-0.986462,0.037985,-0.019194,0.035371,0.999190,0,0.30590,0.53308,4.651,0.310,30.815,548.378,-1,511.191,9.924,431.085,424.992,636.833,769.256,-1,-1,-1,-1,974.934,902.327,32.205,22.519,1,0,2,0,1,0,0,0,0,2,2,2,2,0,0,1,1
305,4420.955,6897.240,-75.208,171.136,-0.987912,-0.154586,-0.011495,0.154072,-0.987369,0.036937,-0.017060,0.034719,0.999251,0,0.30590,0.53308,4.773,0.317,29.464,553.859,-1,515.627,14.350,434.293,428.123,636.597,773.121,-1,-1,-1,-1,989.136,912.413,30.792,9.876,1,0,2,0,1,0,0,0,0,2,2,2,2,0,0,1,1
306,4416.096,6896.420,-74.944,171.448,-0.988761,-0.149144,-0.010359,0.148692,-0.988240,0.035664,-0.015556,0.033723,0.999310,0,0.30590,0.53308,4.927,0.312,28.440,557.852,-1,519.211,-1,436.626,430.489,635.038,778.003,-1,-1,-1,-1,999.589,920.233,29.722,13.492,1,0,2,0,2,0,0,0,0,2,2,2,2,0,0,1,1
307,4411.084,6895.578,-74.667,171.764,-0.989578,-0.143655,-0.009902,0.143240,-0.989088,0.034446,-0.014742,0.032669,0.999358,0,0.30590,0.53308,5.082,0.316,27.839,560.294,-1,521.513,-1,437.934,431.836,633.203,782.968,-1,-1,-1,-1,1006.235,924.644,29.093,14.953,1,0,2,0,2,0,0,0,0,2,2,2,2,0,0,1,1
308,4405.915,6894.702,-74.408,172.087,-0.990376,-0.138046,-0.009918,0.137647,-0.989919,0.033380,-0.014426,0.031694,0.999394,0,0.30590,0.53308,5.244,0.324,27.571,561.623,-1,522.658,-1,438.452,432.352,631.561,787.336,-1,-1,-1,-1,-1,926.195,28.813,14.279,1,0,2,0,2,0,0,0,0,2,2,2,2,2,0,1,1
309,4400.625,6893.776,-74.161,172.418,-0.991155,-0.132327,-0.010117,0.131940,-0.990730,0.032351,-0.014304,0.030730,0.999425,0,0.30590,0.53308,5.370,0.330,27.961,562.504,-1,523.343,12.137,438.649,432.531,629.920,791.672,-1,-1,-1,-1,-1,926.497,29.221,8.354,1,0,2,0,1,0,0,0,0,2,2,2,2,2,0,1,1
310,4395.263,6892.890,-73.838,172.727,-0.991859,-0.126949,-0.009936,0.126593,-0.991480,0.030681,-0.013747,0.029173,0.999480,0,0.30590,0.53308,5.434,0.309,28.888,564.096,-1,525.558,18.656,439.560,433.646,626.254,797.840,-1,-1,-1,-1,-1,930.262,30.191,22.520,1,0,2,0,1,0,0,0,0,2,2,2,2,2,0,1,1
311,4389.819,6891.950,-73.428,173.038,-0.992551,-0.121498,-0.009037,0.121194,-0.992211,0.028782,-0.012464,0.027473,0.999545,0,0.30590,0.53308,5.525,0.312,28.514,567.882,-1,529.640,18.656,441.745,436.085,622.676,804.795,-1,-1,-1,-1,-1,938.443,29.800,22.519,1,0,2,0,1,0,0,0,0,2,2,2,2,2,0,1,1
312,4384.308,6890.930,-72.928,173.358,-0.993234,-0.115893,-0.007479,0.115658,-0.992932,0.026614,-0.010511,0.025569,0.999618,0,0.30590,0.53308,5.605,0.320,26.916,573.746,-1,535.386,18.657,445.131,439.790,618.940,812.727,-1,-1,-1,-1,-1,951.023,28.130,22.520,1,0,2,0,1,0,0,0,0,2,2,2,2,2,0,1,1
313,4378.767,6889.838,-72.350,173.683,-0.993895,-0.110183,-0.005660,0.110018,-0.993639,0.024035,-0.008272,0.023265,0.999695,0,0.30590,0.53308,5.648,0.325,24.309,580.315,-1,542.155,18.657,449.093,444.197,614.124,822.055,-1,-1,-1,-1,-1,966.454,25.406,22.520,1,0,2,0,1,0,0,0,0,2,2,2,2,2,0,1,1
314,4373.220,6888.670,-71.724,174.010,-0.994523,-0.104449,-0.003869,0.104345,-0.994317,0.021090,-0.006049,0.020571,0.999770,0,0.30590,0.53308,5.668,0.327,21.479,586.713,-1,549.371,18.657,453.108,448.782,608.128,832.082,-1,-1,-1,-1,-1,983.084,22.448,22.520,1,0,2,0,1,0,0,0,0,2,2,2,2,2,0,1,1
315,4367.651,6887.438,-71.102,174.339,-0.995116,-0.098692,-0.002037,0.098640,-0.994959,0.018074,-0.003811,0.017785,0.999835,0,0.30590,0.53308,5.704,0.329,18.318,593.099,-1,556.768,18.657,457.165,453.433,601.917,841.873,-1,-1,-1,-1,-1,1000.297,19.145,22.519,1,0,2,0,1,0,0,0,0,2,2,2,2,2,0,1,1
316,4362.164,6886.120,-70.485,174.669,-0.995674,-0.092916,-0.000242,0.092902,-0.995561,0.015053,-0.001640,0.014966,0.999887,0,0.30590,0.53308,5.643,0.330,14.345,599.372,-1,564.136,18.659,461.149,458.014,595.582,851.423,-1,-1,-1,-1,-1,-1,14.992,22.520,1,0,2,0,1,0,0,0,0,2,2,2,2,2,2,1,1
317,4356.835,6884.678,-69.854,175.015,-0.996218,-0.086874,0.001535,0.086887,-0.996145,0.012036,0.000483,0.012124,0.999926,0,0.30590,0.53308,5.520,0.346,-1,605.722,1006.548,571.537,18.659,465.138,462.497,589.405,861.214,-1,-1,-1,-1,-1,-1,-1,22.521,2,0,1,0,1,0,0,0,0,2,2,2,2,2,2,2,1
318,4351.574,6883.148,-69.240,175.375,-0.996741,-0.080601,0.003449,0.080629,-0.996702,0.009123,0.002702,0.009372,0.999952,0,0.30590,0.53308,5.479,0.360,-1,612.491,-1,579.139,18.657,469.314,467.064,583.691,870.877,-1,-1,-1,-1,-1,-1,-1,22.519,2,0,2,0,1,0,0,0,0,2,2,2,2,2,2,2,1
319,4346.258,6881.562,-68.713,175.750,-0.997238,-0.074074,0.005358,0.074110,-0.997227,0.006756,0.004843,0.007134,0.999963,0,0.35498,0.76357,5.547,0.375,-1,619.374,-1,586.015,18.655,473.296,471.247,579.615,878.985,-1,-1,-1,-1,-1,-1,-1,22.518,2,0,2,0,1,0,0,0,0,2,2,2,2,2,2,2,1
320,4340.776,6879.945,-68.369,176.144,-0.997715,-0.067218,0.006855,0.067256,-0.997721,0.005457,0.006473,0.005906,0.999962,0,0.35498,0.76357,5.716,0.394,-1,625.395,-1,590.480,18.652,476.224,474.016,578.386,883.709,-1,-1,-1,-1,-1,-1,-1,22.518,2,0,2,0,1,0,0,0,0,2,2,2,2,2,2,2,1
321,4335.100,6878.355,-68.272,176.546,-0.998158,-0.060199,0.007485,0.060240,-0.998170,0.005343,0.007150,0.005784,0.999958,0,0.35498,0.76357,5.895,0.403,-1,629.206,-1,590.790,18.525,477.839,474.469,579.879,884.324,-1,-1,-1,-1,-1,-1,-1,22.475,2,0,2,0,1,0,0,0,0,2,2,2,2,2,2,2,1
322,4329.199,6876.831,-68.409,176.947,-0.998556,-0.053218,0.007280,0.053262,-0.998562,0.006044,0.006948,0.006423,0.999955,0,0.35498,0.76357,6.095,0.400,-1,630.630,-1,587.806,18.767,477.888,472.808,582.894,882.100,-1,-1,-1,-1,-1,-1,-1,22.559,2,0,2,0,1,0,0,0,0,2,2,2,2,2,2,2,1
323,4323.072,6875.312,-68.706,177.354,-0.998915,-0.046124,0.006491,0.046171,-0.998907,0.007256,0.006149,0.007548,0.999953,0,0.35498,0.76357,6.312,0.407,-1,630.439,-1,582.685,18.679,476.681,469.713,586.868,878.051,-1,-1,-1,-1,-1,992.460,-1,22.527,2,0,2,0,1,0,0,0,0,2,2,2,2,2,1,2,1
324,4316.727,6873.751,-69.060,177.767,-0.999228,-0.038921,0.005435,0.038967,-0.999204,0.008545,0.005098,0.008751,0.999949,0,0.35498,0.76357,6.535,0.413,-1,629.504,-1,576.789,18.659,474.953,466.056,590.753,873.362,-1,-1,-1,-1,-1,977.882,-1,22.521,2,0,2,0,1,0,0,0,0,2,2,2,2,2,1,2,1
325,4310.165,6872.094,-69.385,178.188,-0.999492,-0.031575,0.004445,0.031616,-0.999454,0.009558,0.004140,0.009694,0.999944,0,0.35498,0.76357,6.768,0.421,-1,628.764,-1,571.365,18.654,473.416,462.649,593.861,868.270,-1,-1,-1,-1,-1,967.779,-1,22.518,2,0,2,0,1,0,0,0,0,2,2,2,2,2,1,2,1
326,4303.413,6870.306,-69.605,178.620,-0.999704,-0.024046,0.003625,0.024081,-0.999660,0.009950,0.003385,0.010034,0.999944,0,0.35498,0.76357,6.985,0.432,-1,628.747,-1,567.077,18.653,472.365,460.302,595.343,865.112,-1,-1,-1,-1,-1,957.677,-1,22.518,2,0,2,0,1,0,0,0,0,2,2,2,2,2,1,2,1
327,4296.473,6868.424,-69.672,179.049,-0.999858,-0.016569,0.003075,0.016598,-0.999817,0.009554,0.002916,0.009604,0.999950,0,0.35498,0.76357,7.191,0.429,-1,629.287,-1,564.361,18.610,471.981,458.964,594.826,864.483,-1,-1,-1,-1,-1,947.717,-1,22.503,2,0,2,0,1,0,0,0,0,2,2,2,2,2,1,2,1
328,4289.396,6866.492,-69.537,179.471,-0.999954,-0.009220,0.002474,0.009241,-0.999921,0.008562,0.002395,0.008584,0.999960,0,0.35498,0.76357,7.336,0.422,-1,629.747,-1,562.478,18.584,471.829,458.066,593.112,865.997,-1,-1,-1,-1,-1,937.875,-1,22.494,2,0,2,0,1,0,0,0,0,2,2,2,2,2,1,2,1
329,4282.193,6864.455,-69.230,179.895,-0.999997,-0.001811,0.001788,0.001825,-0.999971,0.007386,0.001775,0.007389,0.999971,0,0.35498,0.76357,7.486,0.425,10.225,630.355,-1,560.937,18.596,471.877,457.411,591.594,868.435,-1,-1,-1,-1,-1,928.031,10.670,22.499,1,0,2,0,1,0,0,0,0,2,2,2,2,2,1,1,1
330,4274.948,6862.252,-68.830,-179.663,-0.999981,0.005892,0.001545,-0.005882,-0.999962,0.006392,0.001582,0.006383,0.999978,0,0.35498,0.76357,7.572,0.442,-1,632.341,-1,560.405,18.662,472.925,457.621,591.301,870.619,-1,-1,-1,-1,-1,918.281,-1,22.521,2,0,2,0,1,0,0,0,0,2,2,2,2,2,1,2,1
331,4267.650,6859.895,-68.459,-179.203,-0.999901,0.013921,0.001814,-0.013911,-0.999887,0.005689,0.001893,0.005663,0.999982,0,0.35498,0.76357,7.669,0.460,-1,635.757,-1,560.650,18.590,474.853,458.538,592.022,872.059,-1,-1,-1,-1,-1,908.589,-1,22.496,2,0,2,0,1,0,0,0,0,2,2,2,2,2,1,2,1
332,4260.247,6857.456,-68.210,-178.738,-0.999754,0.022037,0.002372,-0.022024,-0.999744,0.005259,0.002487,0.005206,0.999983,0,0.35498,0.76357,7.795,0.465,-1,639.821,-1,560.987,18.534,477.033,459.604,593.211,871.673,-1,-1,-1,-1,-1,898.909,-1,22.478,2,0,2,0,1,0,0,0,0,2,2,2,2,2,1,2,1
333,4252.938,6854.843,-68.112,-178.253,-0.999531,0.030502,0.002607,-0.030488,-0.999521,0.005275,0.002767,0.005193,0.999983,0,0.35498,0.76357,7.762,0.485,-1,643.236,-1,559.897,18.731,478.530,459.728,595.231,868.729,-1,-1,-1,-1,-1,889.192,-1,22.545,2,0,2,0,1,0,0,0,0,2,2,2,2,2,1,2,1
334,4245.872,6852.046,-68.143,-177.753,-0.999228,0.039223,0.002355,-0.039209,-0.999217,0.005380,0.002564,0.005283,0.999983,0,0.35498,0.76357,7.599,0.500,-1,645.334,-1,557.473,18.670,479.054,458.775,596.923,865.158,-1,-1,-1,-1,-1,879.620,-1,22.524,2,0,2,0,1,0,0,0,0,2,2,2,2,2,1,2,1
335,4238.867,6849.206,-68.259,-177.256,-0.998851,0.047877,0.002319,-0.047865,-0.998842,0.004913,0.002551,0.004796,0.999985,0,0.35498,0.76357,7.559,0.496,-1,647.203,-1,555.655,18.645,479.665,458.045,596.214,863.008,-1,-1,-1,-1,-1,870.339,-1,22.515,2,0,2,0,1,0,0,0,0,2,2,2,2,2,1,2,1
336,4231.825,6846.363,-68.415,-176.781,-0.998418,0.056159,0.002739,-0.056148,-0.998415,0.003972,0.002958,0.003812,0.999988,0,0.35498,0.76357,7.594,0.475,-1,649.500,-1,555.003,18.667,481.401,457.967,593.703,861.851,-1,-1,-1,-1,-1,861.383,-1,22.523,2,0,2,0,1,0,0,0,0,2,2,2,2,2,1,2,1
337,4224.761,6843.507,-68.599,-176.314,-0.997926,0.064292,0.003186,-0.064283,-0.997927,0.003012,0.003373,0.002801,0.999990,0,0.35498,0.76357,7.620,0.467,-1,651.730,-1,554.242,18.653,483.070,457.848,591.017,860.599,-1,-1,-1,-1,-1,852.552,-1,22.518,2,0,2,0,1,0,0,0,0,2,2,2,2,2,1,2,1
338,4217.601,6840.653,-68.752,-175.851,-0.997371,0.072364,0.003719,-0.072357,-0.997377,0.002013,0.003855,0.001738,0.999991,0,0.35498,0.76357,7.708,0.464,-1,654.193,-1,553.535,18.653,484.904,457.905,588.339,859.591,-1,-1,-1,-1,-1,843.776,-1,22.518,2,0,2,0,1,0,0,0,0,2,2,2,2,2,1,2,1
339,4210.375,6837.741,-68.838,-175.382,-0.996745,0.080515,0.004112,-0.080510,-0.996753,0.001272,0.004202,0.000937,0.999991,0,0.35498,0.76357,7.791,0.469,-1,656.778,-1,552.531,18.652,486.742,457.933,586.849,857.665,-1,-1,-1,-1,-1,834.982,-1,22.518,2,0,2,0,1,0,0,0,0,2,2,2,2,2,1,2,1
340,4203.065,6834.763,-68.881,-174.908,-0.996042,0.088763,0.004537,-0.088759,-0.996053,0.001016,0.004609,0.000609,0.999989,0,0.35498,0.76357,7.893,0.474,-1,660.130,-1,551.440,18.646,488.910,459.338,587.193,853.314,-1,-1,-1,-1,-1,826.180,-1,22.516,2,0,2,0,1,0,0,0,0,2,2,2,2,2,1,2,1
341,4195.699,6831.687,-68.896,-174.417,-0.995243,0.097295,0.004919,-0.097290,-0.995255,0.001208,0.005013,0.000724,0.999987,0,0.35498,0.76357,7.983,0.491,-1,664.093,-1,550.086,18.652,491.302,460.788,589.962,847.608,-1,-1,-1,-1,-1,817.344,-1,22.517,2,0,2,0,1,0,0,0,0,2,2,2,2,2,1,2,1
342,4188.304,6828.454,-68.879,-173.890,-0.994305,0.106443,0.005153,-0.106436,-0.994318,0.001643,0.005298,0.001085,0.999985,0,0.35498,0.76357,8.071,0.527,-1,668.357,-1,548.353,18.652,493.782,462.199,593.869,841.076,-1,-1,-1,-1,-1,808.441,-1,22.518,2,0,2,0,1,0,0,0,0,2,2,2,2,2,1,2,1
343,4180.751,6825.161,-68.856,-173.371,-0.993300,0.115437,0.005437,-0.115430,-0.993314,0.001686,0.005595,0.001047,0.999984,0,0.35498,0.76357,8.239,0.519,-1,672.288,-1,546.911,18.653,496.205,463.687,596.235,835.784,-1,-1,-1,-1,-1,799.572,-1,22.518,2,0,2,0,1,0,0,0,0,2,2,2,2,2,1,2,1
344,4173.095,6821.744,-68.829,-172.853,-0.992214,0.124417,0.005600,-0.124411,-0.992230,0.001446,0.005736,0.000738,0.999983,0,0.35498,0.76357,8.384,0.518,-1,675.614,-1,545.321,18.654,498.351,464.995,597.546,831.289,-1,-1,-1,-1,-1,953.043,-1,22.518,2,0,2,0,1,0,0,0,0,2,2,2,2,2,0,2,1
345,4165.511,6818.128,-68.720,-172.320,-0.991013,0.133641,0.005747,-0.133639,-0.991030,0.000674,0.005786,-0.000100,0.999983,0,0.35498,0.76357,8.402,0.533,-1,678.644,-1,545.114,18.655,500.540,466.503,597.131,828.519,-1,-1,-1,-1,-1,950.350,-1,22.519,2,0,2,0,1,0,0,0,0,2,2,2,2,2,0,2,1
346,4157.933,6814.337,-68.549,-171.769,-0.989681,0.143160,0.005967,-0.143166,-0.989699,-0.000537,0.005829,-0.001385,0.999982,0,0.35498,0.76357,8.473,0.551,-1,681.568,-1,545.457,18.653,502.802,468.293,595.247,826.944,-1,-1,-1,-1,-1,948.657,-1,22.518,2,0,2,0,1,0,0,0,0,2,2,2,2,2,0,2,1
347,4150.386,6810.447,-68.349,-171.217,-0.988258,0.152677,0.006030,-0.152692,-0.988272,-0.002019,0.005651,-0.002916,0.999980,0,0.22774,0.89555,8.491,0.552,-1,683.473,-1,545.600,18.651,504.635,469.822,592.539,824.147,-1,-1,-1,-1,-1,946.331,-1,22.516,2,0,2,0,1,0,0,0,0,2,2,2,2,2,0,2,1
348,4142.948,6806.535,-68.152,-170.673,-0.986766,0.162048,0.005764,-0.162070,-0.986773,-0.003630,0.005100,-0.004516,0.999977,0,0.22774,0.89555,8.404,0.544,-1,684.294,-1,545.046,18.597,505.869,470.595,589.489,821.636,-1,-1,-1,-1,-1,942.116,-1,22.499,2,0,2,0,1,0,0,0,0,2,2,2,2,2,0,2,1
349,4135.596,6802.665,-67.953,-170.141,-0.985224,0.171194,0.005149,-0.171220,-0.985219,-0.005185,0.004186,-0.005990,0.999973,0,0.22774,0.89555,8.308,0.532,-1,684.193,-1,543.702,18.576,506.441,470.747,586.864,818.897,-1,-1,-1,-1,-1,935.798,-1,22.492,2,0,2,0,1,0,0,0,0,2,2,2,2,2,0,2,1
350,4128.346,6798.815,-67.690,-169.632,-0.983667,0.179940,0.004583,-0.179968,-0.983650,-0.006688,0.003305,-0.007404,0.999967,0,0.22774,0.89555,8.209,0.509,-1,684.292,-1,542.573,18.656,507.150,471.076,584.834,816.389,-1,-1,-1,-1,-1,930.233,-1,22.519,2,0,2,0,1,0,0,0,0,2,2,2,2,2,0,2,1
351,4121.159,6794.986,-67.391,-169.149,-0.982117,0.188222,0.004271,-0.188252,-0.982086,-0.008212,0.002649,-0.008869,0.999957,0,0.22774,0.89555,8.143,0.483,-1,684.895,-1,542.038,18.653,508.231,472.425,582.913,813.950,-1,-1,-1,-1,-1,928.913,-1,22.518,2,0,2,0,1,0,0,0,0,2,2,2,2,2,0,2,1
352,4114.061,6791.130,-67.095,-168.674,-0.980525,0.196351,0.004176,-0.196383,-0.980479,-0.009755,0.002179,-0.010385,0.999944,0,0.22774,0.89555,8.078,0.475,-1,685.920,-1,541.849,18.654,509.611,474.083,580.869,811.349,-1,-1,-1,-1,-1,928.704,-1,22.519,2,0,2,0,1,0,0,0,0,2,2,2,2,2,0,2,1
353,4105.675,6786.449,-66.775,-168.110,-0.978543,0.205998,0.004356,-0.206036,-0.978474,-0.011716,0.001848,-0.012362,0.999922,0,0.22774,0.89555,9.604,0.565,-1,687.545,-1,542.099,18.653,511.584,476.429,577.771,808.714,-1,-1,-1,-1,-1,929.871,-1,22.518,2,0,2,0,1,0,0,0,0,2,2,2,2,2,0,2,1
354,4100.165,6783.296,-66.591,-167.737,-0.977180,0.212365,0.004581,-0.212407,-0.977094,-0.013069,0.001701,-0.013744,0.999904,0,0.22774,0.89555,6.348,0.373,-1,688.692,-1,542.400,18.653,512.962,478.077,575.395,795.663,-1,-1,-1,-1,-1,931.058,-1,22.518,2,0,2,0,1,0,0,0,0,2,2,2,2,2,0,2,1
355,4093.361,6779.320,-66.416,-167.271,-0.975422,0.220293,0.004758,-0.220340,-0.975313,-0.014648,0.001414,-0.015336,0.999881,0,0.22774,0.89555,7.881,0.466,-1,689.831,-1,543.577,18.649,514.426,479.848,572.668,776.043,-1,-1,-1,-1,-1,931.550,-1,22.516,2,0,2,0,1,0,0,0,0,2,2,2,2,2,0,2,1
356,4086.630,6775.334,-66.354,-166.803,-0.973590,0.228257,0.004480,-0.228300,-0.973462,-0.015846,0.000744,-0.016450,0.999864,0,0.22774,0.89555,7.822,0.468,-1,689.953,-1,544.044,18.230,515.079,480.687,571.022,755.557,-1,-1,-1,-1,-1,928.694,-1,22.383,2,0,2,0,1,0,0,0,0,2,2,2,2,2,0,2,1
357,4079.865,6771.345,-66.400,-166.333,-0.971685,0.236244,0.004191,-0.236281,-0.971540,-0.016771,0.000109,-0.017286,0.999851,0,0.22774,0.89555,7.854,0.470,-1,689.739,-1,544.162,18.682,515.616,481.318,569.866,734.518,-1,-1,-1,-1,-1,925.103,-1,22.527,2,0,2,0,1,0,0,0,0,2,2,2,2,2,0,2,1
358,4073.240,6767.245,-66.468,-165.847,-0.969647,0.244473,0.004171,-0.244509,-0.969488,-0.017557,-0.000248,-0.018044,0.999837,0,0.22774,0.89555,7.791,0.486,-1,690.399,-1,544.820,18.660,516.742,482.449,568.895,714.111,-1,-1,-1,-1,-1,922.843,-1,22.520,2,0,2,0,1,0,0,0,0,2,2,2,2,2,0,2,1
359,4066.667,6763.077,-66.547,-165.370,-0.967577,0.252528,0.004948,-0.252577,-0.967398,-0.018600,0.000090,-0.019247,0.999815,0,0.22774,0.89555,7.783,0.477,-1,692.462,-1,547.115,18.640,519.021,484.788,566.564,695.270,-1,-1,-1,-1,-1,929.358,-1,22.514,2,0,2,0,1,0,0,0,0,2,2,2,2,2,0,2,1
360,4060.139,6758.829,-66.670,-164.914,-0.965534,0.260202,0.006215,-0.260274,-0.965337,-0.019547,0.000913,-0.020491,0.999790,0,0.22774,0.89555,7.789,0.456,-1,695.576,-1,550.284,18.634,522.020,487.830,564.152,676.810,-1,-1,-1,-1,-1,941.041,-1,22.512,2,0,2,0,1,0,0,0,0,2,2,2,2,2,0,2,1
361,4053.674,6754.527,-66.825,-164.455,-0.963421,0.267890,0.007435,-0.267988,-0.963210,-0.020246,0.001738,-0.021498,0.999767,0,0.22774,0.89555,7.765,0.458,-1,698.853,-1,553.291,18.612,525.046,490.834,562.419,656.439,-1,-1,-1,-1,-1,952.355,-1,22.504,2,0,2,0,1,0,0,0,0,2,2,2,2,2,0,2,1
362,4047.256,6750.202,-66.989,-163.996,-0.961239,0.275588,0.008357,-0.275705,-0.961020,-0.020684,0.002331,-0.022186,0.999751,0,0.22774,0.89555,7.740,0.460,-1,701.795,-1,555.656,18.553,527.731,493.544,561.644,636.485,-1,-1,-1,-1,-1,961.732,-1,22.484,2,0,2,0,1,0,0,0,0,2,2,2,2,2,0,2,1
363,4040.828,6745.897,-67.170,-163.544,-0.959035,0.283146,0.008916,-0.283274,-0.958810,-0.020974,0.002611,-0.022640,0.999740,0,0.22774,0.89555,7.736,0.452,-1,704.021,-1,557.190,18.516,529.833,495.473,561.513,621.589,-1,-1,-1,-1,-1,968.589,-1,22.472,2,0,2,0,1,0,0,0,0,2,2,2,2,2,0,2,1
364,4034.334,6741.626,-67.358,-163.103,-0.956825,0.290518,0.009194,-0.290651,-0.956595,-0.021141,0.002653,-0.022900,0.999734,0,0.22774,0.89555,7.772,0.441,-1,705.688,-1,558.067,18.696,531.474,496.889,561.950,606.724,-1,-1,-1,-1,-1,973.437,-1,22.533,2,0,2,0,1,0,0,0,0,2,2,2,2,2,0,2,1
365,4027.822,6737.331,-67.531,-162.664,-0.954572,0.297841,0.009166,-0.297971,-0.954342,-0.021081,0.002468,-0.022854,0.999736,0,0.22774,0.89555,7.801,0.439,-1,707.051,-1,558.372,18.661,532.652,497.905,563.401,591.692,-1,-1,-1,-1,-1,976.275,-1,22.521,2,0,2,0,1,0,0,0,0,2,2,2,2,2,0,2,1
366,4021.332,6732.969,-67.670,-162.217,-0.952216,0.305296,0.008916,-0.305419,-0.951989,-0.020887,0.002111,-0.022612,0.999742,0,0.22774,0.89555,7.819,0.448,-1,707.934,-1,559.044,18.655,533.675,498.733,565.569,576.602,-1,-1,-1,-1,-1,977.893,-1,22.518,2,0,2,0,1,0,0,0,0,2,2,2,2,2,0,2,1
367,4015.044,6728.476,-67.691,-161.745,-0.949669,0.313138,0.008613,-0.313252,-0.949445,-0.020681,0.001701,-0.022338,0.999749,0,0.22774,0.89555,7.729,0.472,-1,708.803,-1,560.050,18.653,535.039,499.888,568.220,572.890,-1,-1,-1,-1,-1,981.778,-1,22.518,2,0,2,0,1,0,0,0,0,2,2,2,2,2,0,2,1
368,4008.907,6723.864,-67.562,-161.247,-0.946912,0.321377,0.008638,-0.321490,-0.946686,-0.020724,0.001517,-0.022401,0.999748,0,0.22774,0.89555,7.676,0.498,-1,710.566,-1,562.276,18.625,537.245,501.979,570.317,573.617,-1,-1,-1,-1,-1,991.546,-1,22.508,2,0,2,0,1,0,0,0,0,2,2,2,2,2,0,2,1
369,4002.894,6719.131,-67.280,-160.720,-0.943915,0.330071,0.008865,-0.330187,-0.943682,-0.021019,0.001428,-0.022767,0.999740,0,0.22774,0.89555,7.653,0.527,-1,712.931,-1,565.465,18.612,539.985,504.798,571.939,575.525,-1,-1,-1,-1,-1,-1,-1,22.504,2,0,2,0,1,0,0,0,0,2,2,2,2,2,2,2,1
370,3996.970,6714.286,-66.864,-160.184,-0.940784,0.338877,0.009343,-0.339003,-0.940538,-0.021589,0.001471,-0.023478,0.999723,0,0.22828,0.89555,7.652,0.536,-1,715.813,-1,569.593,18.670,543.279,508.297,572.979,578.663,-1,-1,-1,-1,-1,-1,-1,22.524,2,0,2,0,1,0,0,0,0,2,2,2,2,2,2,2,1
371,3991.144,6709.328,-66.355,-159.636,-0.937498,0.347852,0.009839,-0.347988,-0.937235,-0.022256,0.001479,-0.024289,0.999704,0,0.22917,0.89555,7.650,0.548,-1,718.881,-1,574.081,18.643,546.807,512.069,574.012,582.331,-1,-1,-1,-1,-1,-1,-1,22.514,2,0,2,0,1,0,0,0,0,2,2,2,2,2,2,2,1
372,3985.394,6704.239,-65.868,-159.062,-0.933969,0.357220,0.009744,-0.357352,-0.933699,-0.022504,0.001059,-0.024500,0.999699,0,0.23009,0.89555,7.679,0.573,-1,721.432,-1,577.428,18.479,549.778,515.090,576.685,583.804,-1,-1,-1,-1,-1,-1,-1,22.459,2,0,2,0,1,0,0,0,0,2,2,2,2,2,2,2,1
373,3979.646,6699.059,-65.486,-158.471,-0.930233,0.366854,0.009247,-0.366970,-0.929962,-0.022440,0.000367,-0.024268,0.999705,0,0.23106,0.89555,7.738,0.591,-1,723.330,-1,579.779,18.321,552.201,517.433,580.202,583.479,-1,-1,-1,-1,-1,-1,-1,22.410,2,0,2,0,1,0,0,0,0,2,2,2,2,2,2,2,1
374,3973.720,6693.698,-65.198,-157.893,-0.926482,0.376217,0.009552,-0.376338,-0.926218,-0.022123,0.000524,-0.024092,0.999710,0,0.55571,0.80982,7.990,0.578,-1,727.139,-1,583.714,18.681,555.955,521.077,583.400,583.084,-1,-1,-1,-1,-1,-1,-1,22.528,2,0,2,0,1,0,0,0,0,2,2,2,2,2,2,2,1
375,3967.610,6687.942,-65.109,-157.255,-0.922231,0.386504,0.010225,-0.386636,-0.922003,-0.020548,0.001486,-0.022903,0.999737,0,0.55805,0.80982,8.394,0.638,-1,733.496,-1,588.685,18.659,561.310,525.921,588.851,579.378,-1,-1,-1,-1,-1,-1,-1,22.520,2,0,2,0,1,0,0,0,0,2,2,2,2,2,2,2,1
376,3961.305,6681.777,-65.276,-156.555,-0.917435,0.397726,0.011263,-0.397872,-0.917271,-0.017658,0.003308,-0.020681,0.999781,0,0.56065,0.80982,8.818,0.700,-1,742.812,-1,594.614,18.657,568.317,531.994,596.637,571.222,-1,-1,-1,-1,-1,-1,-1,22.519,2,0,2,0,1,0,0,0,0,2,2,2,2,2,2,2,1
377,3954.754,6675.303,-65.685,-155.803,-0.912127,0.409711,0.012664,-0.409864,-0.912042,-0.013804,0.005894,-0.017782,0.999825,0,0.56354,0.80982,9.211,0.751,-1,754.640,-1,601.531,18.502,576.155,539.200,605.989,560.716,-1,-1,-1,-1,-1,-1,1005.989,22.467,2,0,2,0,1,0,0,0,0,2,2,2,2,2,2,1,1
378,3948.013,6668.443,-66.287,-154.984,-0.906154,0.422723,0.013798,-0.422855,-0.906157,-0.008567,0.008881,-0.013598,0.999868,0,0.56666,0.80982,9.617,0.819,-1,768.942,-1,608.509,18.318,584.931,547.022,619.222,546.661,-1,-1,-1,-1,-1,-1,1006.825,22.410,2,0,2,0,1,0,0,0,0,2,2,2,2,2,2,1,1
379,3940.965,6661.280,-66.891,-154.168,-0.900018,0.435604,0.014738,-0.435697,-0.900086,-0.003669,0.011668,-0.009724,0.999885,0,0.57009,0.80982,10.049,0.816,-1,782.764,-1,615.417,18.663,593.432,554.485,631.807,533.520,-1,-1,-1,-1,-1,-1,-1,22.522,2,0,2,0,1,0,0,0,0,2,2,2,2,2,2,2,1
380,3933.848,6653.744,-67.275,-153.334,-0.893567,0.448695,0.014531,-0.448748,-0.893658,-0.000442,0.012787,-0.006916,0.999894,0,0.57348,0.80982,10.366,0.834,-1,791.578,-1,620.140,18.559,599.170,559.664,641.360,523.281,-1,-1,-1,-1,986.697,-1,-1,22.486,2,0,2,0,1,0,0,0,0,2,2,2,2,1,2,2,1
381,3926.671,6645.836,-67.344,-152.497,-0.886923,0.461713,0.013730,-0.461753,-0.887009,0.000295,0.012315,-0.006078,0.999906,0,0.57694,0.80982,10.679,0.837,-1,794.573,-1,623.532,18.624,602.136,562.906,644.676,518.379,-1,-1,-1,-1,958.284,-1,-1,22.508,2,0,2,0,1,0,0,0,0,2,2,2,2,1,2,2,1
382,3919.470,6637.509,-67.186,-151.651,-0.880023,0.474767,0.012497,-0.474815,-0.880085,-0.001076,0.010488,-0.006880,0.999921,0,0.58040,0.80982,11.009,0.847,-1,792.541,-1,625.757,18.717,602.399,564.421,642.999,517.660,-1,-1,-1,-1,952.584,-1,-1,22.540,2,0,2,0,1,0,0,0,0,2,2,2,2,1,2,2,1
383,3912.230,6628.743,-67.043,-150.773,-0.872667,0.488207,0.010327,-0.488262,-0.872690,-0.003619,0.007246,-0.008200,0.999940,0,0.58389,0.80982,11.370,0.878,-1,785.859,-1,625.355,18.768,599.083,563.432,639.210,517.784,-1,-1,-1,-1,952.687,-1,-1,22.559,2,0,2,0,1,0,0,0,0,2,2,2,2,1,2,2,1
384,3904.780,6619.581,-67.070,-149.887,-0.865032,0.501653,0.007965,-0.501705,-0.865011,-0.006947,0.003405,-0.010005,0.999944,0,0.58752,0.80982,11.809,0.886,-1,776.438,-1,623.613,18.679,594.209,560.700,633.286,518.069,-1,-1,-1,-1,952.886,-1,-1,22.527,2,0,2,0,1,0,0,0,0,2,2,2,2,1,2,2,1
385,3897.124,6609.984,-67.370,-148.986,-0.857044,0.515213,0.005549,-0.515242,-0.856982,-0.010373,-0.000589,-0.011749,0.999931,0,0.59117,0.80982,12.276,0.901,-1,765.889,-1,620.971,18.569,588.580,556.858,626.775,516.763,-1,-1,-1,-1,953.261,-1,-1,22.490,2,0,2,0,1,0,0,0,0,2,2,2,2,1,2,2,1
386,3889.367,6599.882,-67.978,-148.030,-0.848315,0.529484,0.002874,-0.529472,-0.848223,-0.013283,-0.004596,-0.012790,0.999908,0,0.59486,0.80982,12.737,0.957,-1,755.636,-1,617.271,18.313,582.668,552.490,621.324,512.650,-1,-1,-1,-1,954.518,-1,-1,22.408,2,0,2,0,1,0,0,0,0,2,2,2,2,1,2,2,1
387,3881.368,6589.357,-68.816,-147.062,-0.839228,0.543779,0.000792,-0.543716,-0.839107,-0.016523,-0.008320,-0.014297,0.999863,0,0.59880,0.80982,13.219,0.968,-1,745.354,-1,614.081,18.120,576.635,548.339,613.910,508.684,-1,-1,-1,-1,955.911,-1,-1,22.352,2,0,2,0,1,0,0,0,0,2,2,2,2,1,2,2,1
388,3873.189,6578.406,-69.793,-146.099,-0.829944,0.557846,-0.000628,-0.557724,-0.829786,-0.019994,-0.011675,-0.016243,0.999800,0,0.60277,0.80982,13.669,0.963,-1,735.465,-1,611.766,18.370,570.969,544.705,605.180,505.219,-1,-1,-1,-1,958.049,-1,-1,22.425,2,0,2,0,1,0,0,0,0,2,2,2,2,1,2,2,1
389,3865.046,6566.953,-70.866,-145.091,-0.819963,0.572412,-0.002450,-0.572211,-0.819775,-0.023309,-0.015351,-0.017711,0.999725,0,0.60669,0.80982,14.053,1.008,-1,724.987,-1,608.564,18.292,564.580,540.496,597.580,500.197,-1,-1,-1,-1,966.192,-1,-1,22.401,2,0,2,0,1,0,0,0,0,2,2,2,2,1,2,2,1
390,3856.889,6555.071,-71.953,-144.042,-0.809296,0.587382,-0.004754,-0.587074,-0.809088,-0.026843,-0.019613,-0.018933,0.999628,0,0.61082,0.80982,14.412,1.048,-1,713.370,-1,604.003,18.666,557.352,534.407,590.614,494.388,-1,-1,-1,-1,975.851,-1,-1,22.523,2,0,2,0,1,0,0,0,0,2,2,2,2,1,2,2,1
391,3848.897,6542.699,-73.031,-142.929,-0.797641,0.603076,-0.008270,-0.602610,-0.797445,-0.030706,-0.025113,-0.019509,0.999494,0,0.61513,0.80982,14.729,1.113,-1,699.558,-1,596.195,18.448,548.263,526.184,585.140,487.207,-1,-1,-1,-1,988.857,-1,-1,22.450,2,0,2,0,1,0,0,0,0,2,2,2,2,1,2,2,1
392,3840.779,6529.912,-74.145,-141.828,-0.785784,0.618391,-0.011659,-0.617727,-0.785605,-0.035189,-0.030920,-0.020449,0.999313,0,0.61976,0.80972,15.147,1.101,-1,684.692,-1,587.966,18.749,538.500,517.573,578.852,480.375,-1,-1,-1,-1,1006.887,-1,-1,22.552,2,0,2,0,1,0,0,0,0,2,2,2,2,1,2,2,1
393,3832.602,6516.603,-75.307,-140.718,-0.773518,0.633607,-0.014535,-0.632718,-0.773349,-0.039987,-0.036577,-0.021734,0.999094,0,0.62430,0.80056,15.620,1.110,-1,670.147,-1,580.411,18.675,529.071,509.408,571.795,473.987,-1,-1,-1,-1,-1,-1,-1,22.526,2,0,2,0,1,0,0,0,0,2,2,2,2,2,2,2,1
394,3824.113,6502.882,-76.474,-139.674,-0.761728,0.647706,-0.015712,-0.646579,-0.761501,-0.045301,-0.041306,-0.024348,0.998850,0,0.62887,0.79135,16.135,1.043,-1,656.938,945.673,575.484,18.651,520.972,502.913,562.233,470.410,-1,-1,-1,-1,-1,-1,-1,22.517,2,0,1,0,1,0,0,0,0,2,2,2,2,2,2,2,1
395,3815.616,6488.978,-77.451,-138.679,-0.750250,0.660960,-0.016024,-0.659588,-0.749919,-0.050638,-0.045487,-0.027422,0.998589,0,0.24891,0.86435,16.295,0.995,9.696,645.121,869.174,571.244,18.445,514.173,497.473,552.808,468.456,-1,-1,-1,-1,-1,-1,10.079,22.448,1,0,1,0,1,0,0,0,0,2,2,2,2,2,2,1,1
396,3807.193,6475.107,-78.326,-137.733,-0.739104,0.673385,-0.016675,-0.671755,-0.738690,-0.055515,-0.049700,-0.029830,0.998319,0,0.25046,0.85639,16.228,0.946,18.823,634.031,800.821,566.325,18.119,507.464,491.893,545.915,467.758,-1,-1,-1,-1,-1,-1,19.401,22.352,1,0,1,0,1,0,0,0,0,2,2,2,2,2,2,1,1
397,3798.756,6461.205,-79.182,-136.823,-0.728199,0.685129,-0.018033,-0.683281,-0.727783,-0.058812,-0.053418,-0.030506,0.998106,0,0.25192,0.84892,16.262,0.910,21.284,625.483,742.619,561.260,17.990,501.873,486.871,543.935,464.356,-1,-1,-1,-1,1002.478,-1,21.861,22.318,1,0,1,0,1,0,0,0,0,2,2,2,2,0,2,1,1
398,3790.391,6447.264,-80.017,-135.922,-0.717239,0.696539,-0.020036,-0.694522,-0.716908,-0.060686,-0.056635,-0.029611,0.997956,0,0.25330,0.84182,16.258,0.901,21.462,619.330,709.554,556.326,17.791,497.383,482.495,545.890,458.216,-1,-1,-1,-1,984.579,-1,21.927,22.273,1,0,1,0,1,0,0,0,0,2,2,2,2,0,2,1,1
399,3780.263,6430.557,-80.968,-134.903,-0.704665,0.709198,-0.022038,-0.707044,-0.704450,-0.061959,-0.059466,-0.028078,0.997835,0,0.25467,0.83482,19.537,1.018,20.625,614.584,702.188,552.013,17.596,493.754,478.713,549.969,450.392,-1,-1,-1,-1,967.956,1003.911,22.373,22.235,1,0,1,0,1,0,0,0,0,2,2,2,2,0,0,1,1
400,3773.494,6419.441,-81.578,-134.266,-0.696687,0.717001,-0.023177,-0.714772,-0.696546,-0.062637,-0.061055,-0.027072,0.997767,0,0.25618,0.82706,13.015,0.638,19.201,612.042,697.578,549.485,17.678,491.789,476.518,552.987,446.003,-1,-1,-1,-1,958.378,994.899,19.557,22.250,1,0,1,0,1,0,0,0,0,2,2,2,2,0,0,1,1
401,3765.348,6405.521,-82.327,-133.463,-0.686502,0.726695,-0.025108,-0.724352,-0.686488,-0.063629,-0.063475,-0.025494,0.997658,0,0.25710,0.82232,16.128,0.803,14.065,608.218,695.654,545.220,17.659,488.737,473.256,557.379,443.319,-1,-1,-1,-1,945.698,979.026,14.318,22.247,1,0,1,0,1,0,0,0,0,2,2,2,2,0,0,1,1
402,3757.376,6391.659,-83.098,-132.696,-0.676619,0.735851,-0.026651,-0.733353,-0.676692,-0.065440,-0.066188,-0.024734,0.997501,0,0.25828,0.81630,15.992,0.767,11.858,603.024,693.601,540.779,17.525,484.995,469.594,559.764,441.873,-1,-1,-1,-1,931.132,962.881,12.029,22.224,1,0,1,0,1,0,0,0,0,2,2,2,2,0,0,1,1
403,3749.438,6377.840,-83.926,-131.982,-0.667297,0.744277,-0.027690,-0.741577,-0.667408,-0.068046,-0.069125,-0.024872,0.997298,0,0.25939,0.81061,15.937,0.714,14.038,595.419,690.954,536.187,17.408,480.555,465.511,560.004,441.664,-1,-1,-1,-1,914.758,947.065,14.193,22.207,1,0,1,0,1,0,0,0,0,2,2,2,2,0,0,1,1
404,3741.652,6363.980,-84.850,-131.274,-0.657939,0.752515,-0.028925,-0.749602,-0.658107,-0.070649,-0.072200,-0.024800,0.997082,0,0.26039,0.80546,15.897,0.708,15.913,587.585,688.444,531.034,17.276,475.775,461.030,560.435,440.938,-1,-1,-1,-1,898.158,929.467,16.030,22.193,1,0,1,0,1,0,0,0,0,2,2,2,2,0,0,1,1
405,3733.926,6350.084,-85.869,-130.573,-0.648582,0.760543,-0.030260,-0.757441,-0.648833,-0.072794,-0.074997,-0.024292,0.996888,0,0.26139,0.80036,15.899,0.701,16.211,580.432,686.019,526.096,17.160,471.333,456.694,561.692,439.372,-1,-1,-1,-1,882.957,912.682,17.193,22.184,1,0,1,0,1,0,0,0,0,2,2,2,2,0,0,1,1
406,3726.164,6336.118,-86.974,-129.900,-0.639536,0.768123,-0.031314,-0.764882,-0.639868,-0.074319,-0.077123,-0.023578,0.996743,0,0.26237,0.79533,15.978,0.673,15.704,574.506,683.319,521.858,17.066,467.754,453.007,563.472,438.334,-1,-1,-1,-1,870.023,847.786,17.272,22.180,1,0,1,0,1,0,0,0,0,2,2,2,2,0,1,1,1
407,3718.496,6322.015,-88.122,-129.237,-0.630588,0.775467,-0.031780,-0.772154,-0.630975,-0.075159,-0.078336,-0.022856,0.996665,0,0.30410,0.71483,16.053,0.663,15.360,570.258,680.871,519.246,16.998,465.493,450.680,565.412,437.677,-1,-1,-1,-1,859.964,772.144,15.350,22.179,1,0,1,0,1,0,0,0,0,2,2,2,2,0,1,1,1
408,3710.969,6307.734,-89.309,-128.569,-0.621520,0.782759,-0.031646,-0.779418,-0.621924,-0.075615,-0.078870,-0.022330,0.996635,0,0.30514,0.71021,16.143,0.668,-1,567.098,678.956,517.982,16.872,463.888,449.436,566.977,437.377,-1,-1,-1,-1,851.829,701.436,-1,22.180,2,0,1,0,1,0,0,0,0,2,2,2,2,0,1,2,1
409,3703.513,6293.313,-90.526,-127.918,-0.612596,0.789783,-0.031130,-0.786414,-0.612985,-0.076176,-0.079244,-0.022184,0.996608,0,0.30619,0.70555,16.234,0.652,-1,563.933,677.012,517.150,16.770,462.367,448.415,567.687,437.634,-1,-1,-1,-1,843.721,656.499,-1,22.185,2,0,1,0,1,0,0,0,0,2,2,2,2,0,1,2,1
410,3696.132,6278.763,-91.714,-127.283,-0.603825,0.796542,-0.030259,-0.793133,-0.604165,-0.076968,-0.079590,-0.022476,0.996574,0,0.30720,0.70105,16.316,0.635,-1,560.621,675.012,516.751,16.687,460.866,447.549,567.569,438.623,-1,-1,-1,-1,835.330,613.627,-1,22.192,2,0,1,0,1,0,0,0,0,2,2,2,2,0,1,2,1
411,3688.791,6264.107,-92.819,-126.672,-0.595320,0.802957,-0.029216,-0.799488,-0.595588,-0.078061,-0.080080,-0.023114,0.996520,0,0.30817,0.69673,16.391,0.610,-1,556.376,673.450,516.447,16.613,459.233,446.652,567.048,440.323,-1,-1,-1,-1,826.354,572.618,-1,22.201,2,0,1,0,1,0,0,0,0,2,2,2,2,0,1,2,1
412,3681.534,6249.359,-93.895,-126.068,-0.586802,0.809211,-0.028992,-0.805639,-0.587057,-0.079431,-0.081297,-0.023253,0.996419,0,0.30909,0.69268,16.438,0.604,-1,550.276,673.469,514.444,16.447,456.650,444.498,567.596,441.450,-1,-1,-1,-1,815.737,532.840,-1,22.230,2,0,1,0,1,0,0,0,0,2,2,2,2,0,1,2,1
413,3674.229,6234.533,-94.938,-125.492,-0.578611,0.815093,-0.028860,-0.811421,-0.578861,-0.080722,-0.082501,-0.023289,0.996319,0,0.30998,0.68869,16.528,0.576,-1,544.314,672.903,512.422,16.515,454.130,442.272,568.677,442.496,-1,-1,-1,-1,805.597,494.737,-1,22.217,2,0,1,0,1,0,0,0,0,2,2,2,2,0,1,2,1
414,3665.655,6216.532,-96.142,-124.778,-0.568398,0.822233,-0.029270,-0.818502,-0.568715,-0.081348,-0.083533,-0.022281,0.996256,0,0.31082,0.68500,19.938,0.715,-1,538.544,673.112,497.792,16.565,451.416,440.082,572.468,442.474,-1,-1,-1,-1,796.042,467.770,-1,22.208,2,0,1,1,1,0,0,0,0,2,2,2,2,0,1,2,1
415,3660.019,6204.430,-96.974,-124.284,-0.561292,0.827077,-0.029924,-0.823320,-0.561692,-0.081525,-0.084235,-0.021122,0.996222,0,0.31186,0.68034,13.350,0.494,-1,534.887,673.771,490.230,16.921,449.052,438.516,575.923,441.752,-1,-1,-1,-1,790.081,460.579,-1,22.178,2,0,1,1,1,0,0,0,0,2,2,2,2,0,1,2,1
416,3653.253,6189.188,-98.010,-123.616,-0.551601,0.833505,-0.031694,-0.829712,-0.552194,-0.081606,-0.085521,-0.018717,0.996161,0,0.31260,0.67707,16.676,0.668,-1,530.221,854.130,481.443,17.353,445.761,435.956,582.069,439.582,-1,-1,-1,-1,782.509,452.133,-1,22.201,2,0,1,1,1,0,0,0,0,2,2,2,2,0,1,2,1
417,3646.985,6173.724,-99.081,-122.885,-0.540911,0.840407,-0.033638,-0.836610,-0.541723,-0.081366,-0.086603,-0.015870,0.996117,0,0.31364,0.67246,16.687,0.732,-1,526.138,836.147,473.542,17.339,442.867,433.734,588.758,436.947,-1,-1,-1,-1,775.998,444.515,-1,22.200,2,0,1,1,1,0,0,0,0,2,2,2,2,0,1,2,1
418,3641.204,6158.051,-100.120,-122.092,-0.529272,0.847760,-0.034275,-0.843997,-0.530198,-0.080996,-0.086838,-0.013941,0.996125,0,0.31483,0.66717,16.705,0.793,-1,523.225,819.804,466.412,17.263,441.186,432.954,593.090,436.056,-1,-1,-1,-1,771.323,437.739,-1,22.192,2,0,1,1,1,0,0,0,0,2,2,2,2,0,1,2,1
419,3635.841,6142.185,-101.080,-121.278,-0.517286,0.855187,-0.032698,-0.851511,-0.518137,-0.080397,-0.085697,-0.013746,0.996226,0,0.31617,0.66122,16.748,0.814,-1,521.678,805.924,459.683,17.829,441.444,433.714,593.601,438.186,-1,-1,-1,-1,769.872,431.540,-1,22.281,2,0,1,1,1,0,0,0,0,2,2,2,2,0,1,2,1
420,3631.375,6126.179,-101.988,-120.370,-0.503782,0.863265,-0.031271,-0.859716,-0.504583,-0.079271,-0.084211,-0.013051,0.996362,0,0.31756,0.65503,16.617,0.909,-1,520.596,793.167,454.630,18.118,442.282,434.420,594.639,440.107,-1,-1,-1,-1,770.598,426.906,-1,22.352,2,0,1,1,1,0,0,0,0,2,2,2,2,0,1,2,1
421,3627.513,6110.053,-102.928,-119.377,-0.488881,0.871838,-0.029901,-0.868445,-0.489646,-0.077785,-0.082457,-0.012060,0.996522,0,0.31919,0.64778,16.582,0.993,-1,520.166,781.233,450.936,18.349,441.563,435.541,595.557,441.874,-1,-1,-1,-1,772.014,425.702,-1,22.419,2,0,1,1,1,0,0,0,0,2,2,2,2,0,1,2,1
422,3624.265,6093.830,-103.907,-118.309,-0.472677,0.880757,-0.029034,-0.877533,-0.473452,-0.076014,-0.080697,-0.010452,0.996684,0,0.32103,0.63963,16.546,1.068,-1,520.141,769.786,448.669,18.425,440.970,436.658,597.170,442.770,-1,-1,-1,-1,774.255,429.444,-1,22.442,2,0,1,1,1,0,0,0,0,2,2,2,2,0,1,2,1
423,3621.519,6077.511,-104.928,-117.188,-0.455488,0.889791,-0.028327,-0.886747,-0.456287,-0.074037,-0.078803,-0.008604,0.996853,0,0.32305,0.63066,16.548,1.121,-1,520.509,-1,447.593,18.264,440.832,437.966,598.645,443.444,-1,-1,-1,-1,777.300,434.630,-1,22.393,2,0,2,1,1,0,0,0,0,2,2,2,2,0,1,2,1
424,3619.260,6061.112,-105.975,-116.020,-0.437398,0.898860,-0.027102,-0.896014,-0.438179,-0.071821,-0.076433,-0.007131,0.997049,0,0.32520,0.62110,16.554,1.168,-1,521.548,-1,450.253,18.169,441.350,437.665,598.915,444.900,-1,-1,-1,-1,781.701,441.397,-1,22.366,2,0,2,1,1,0,0,0,0,2,2,2,2,0,1,2,1
425,3617.429,6044.633,-107.025,-114.837,-0.418895,0.907678,-0.025430,-0.905032,-0.419622,-0.069534,-0.073785,-0.006113,0.997255,0,0.32747,0.61103,16.581,1.183,-1,522.884,-1,458.421,17.797,442.249,437.455,598.063,447.234,-1,-1,-1,-1,786.802,450.089,-1,22.274,2,0,2,1,1,0,0,0,0,2,2,2,2,0,1,2,1
426,3615.629,6028.040,-108.135,-113.685,-0.400685,0.915921,-0.023254,-0.913433,-0.401316,-0.067722,-0.071360,-0.005894,0.997433,0,0.32978,0.60076,16.691,1.152,-1,523.138,-1,469.488,17.513,441.962,437.223,595.509,450.104,-1,-1,-1,-1,790.243,462.051,-1,22.222,2,0,2,1,1,0,0,0,0,2,2,2,2,0,1,2,1
427,3613.782,6011.377,-109.248,-112.598,-0.383334,0.923354,-0.021745,-0.920971,-0.383911,-0.066523,-0.069772,-0.005475,0.997548,0,0.33202,0.59082,16.765,1.087,-1,522.041,-1,468.850,17.168,440.478,435.862,593.718,452.253,-1,-1,-1,-1,790.557,473.611,-1,22.184,2,0,2,1,1,0,0,0,0,2,2,2,2,0,1,2,1
428,3611.872,5994.578,-110.393,-111.577,-0.366875,0.930034,-0.020977,-0.927719,-0.367445,-0.065744,-0.068853,-0.004659,0.997616,0,0.33411,0.58155,16.908,1.022,-1,519.923,-1,488.178,16.852,438.064,433.497,593.062,453.612,-1,-1,-1,-1,788.098,484.648,-1,22.180,2,0,2,1,1,0,0,0,0,2,2,2,2,0,1,2,1
429,3609.768,5977.595,-111.611,-110.653,-0.351897,0.935833,-0.019619,-0.933581,-0.352414,-0.065046,-0.067787,-0.004574,0.997689,0,0.33604,0.57297,17.113,0.924,-1,517.305,-1,499.936,16.422,435.526,430.551,591.353,455.762,-1,-1,-1,-1,784.909,491.045,-1,22.236,2,0,2,0,1,0,0,0,0,2,2,2,2,0,1,2,1
430,3607.339,5960.479,-112.895,-109.856,-0.338904,0.940667,-0.017026,-0.938468,-0.339281,-0.064554,-0.066500,-0.005899,0.997769,0,0.33774,0.56543,17.287,0.797,-1,513.857,-1,496.209,16.363,432.844,427.735,587.384,459.328,-1,-1,-1,-1,780.485,485.294,-1,22.249,2,0,2,0,1,0,0,0,0,2,2,2,2,0,1,2,1
431,3604.862,5943.238,-114.252,-109.095,-0.326421,0.945093,-0.015753,-0.942906,-0.326741,-0.064565,-0.066167,-0.006222,0.997789,0,0.47742,-0.05628,17.418,0.761,-1,509.160,-1,490.721,16.026,428.923,423.442,585.503,460.360,-1,-1,-1,-1,773.657,481.772,-1,22.367,2,0,2,0,1,0,0,0,0,2,2,2,2,0,1,2,1
432,3602.172,5925.705,-115.702,-108.420,-0.315302,0.948880,-0.014547,-0.946707,-0.315569,-0.064511,-0.065804,-0.006568,0.997811,0,0.47926,-0.06209,17.738,0.675,-1,504.165,-1,485.189,15.667,424.723,418.949,583.977,461.128,-1,-1,-1,-1,766.229,477.534,-1,22.581,2,0,2,0,1,0,0,0,0,2,2,2,2,0,1,2,1
433,3599.192,5907.890,-117.243,-107.839,-0.305686,0.952047,-0.012763,-0.949895,-0.305859,-0.064417,-0.065232,-0.007568,0.997841,0,0.48081,-0.06698,18.063,0.582,-1,498.923,-1,480.015,15.382,420.365,414.586,581.584,462.621,-1,-1,-1,-1,758.235,472.342,-1,22.840,2,0,2,0,1,0,0,0,0,2,2,2,2,0,1,2,1
434,3595.900,5889.812,-118.861,-107.356,-0.297678,0.954611,-0.010253,-0.952484,-0.297707,-0.064384,-0.064514,-0.009399,0.997873,0,0.48204,-0.07084,18.375,0.483,-1,493.160,-1,475.203,15.176,415.804,410.439,578.045,465.156,-1,-1,-1,-1,749.349,466.108,-1,23.088,2,0,2,0,1,0,0,0,0,2,2,2,2,0,1,2,1
435,3592.346,5871.498,-120.481,-106.964,-0.291186,0.956642,-0.006887,-0.954552,-0.291013,-0.064363,-0.063577,-0.012167,0.997903,0,0.48292,-0.07364,18.655,0.391,-1,487.060,-1,470.889,15.012,411.254,406.475,573.338,468.989,-1,-1,-1,-1,739.955,459.010,-1,23.341,2,0,2,0,1,0,0,0,0,2,2,2,2,0,1,2,1
436,3588.671,5852.970,-122.093,-106.617,-0.285394,0.958401,-0.004191,-0.956327,-0.285060,-0.064655,-0.063160,-0.014444,0.997899,0,0.48350,-0.07544,18.889,0.348,-1,480.237,-1,465.631,14.925,406.062,401.611,569.951,472.100,-1,-1,-1,986.863,729.300,451.017,-1,23.497,2,0,2,0,1,0,0,0,0,2,2,2,1,0,1,2,1
437,3584.859,5834.166,-123.756,-106.304,-0.280178,0.959947,-0.001780,-0.957890,-0.279698,-0.064937,-0.062834,-0.016489,0.997888,0,0.48391,-0.07676,19.186,0.313,-1,473.194,-1,459.937,14.839,400.616,396.441,567.222,474.672,-1,-1,-1,1004.648,718.310,442.351,-1,23.664,2,0,2,0,1,0,0,0,0,2,2,2,1,0,1,2,1
438,3580.918,5815.047,-125.504,-106.021,-0.275452,0.961314,0.000927,-0.959309,-0.274815,-0.064825,-0.062062,-0.018746,0.997896,0,0.48420,-0.07766,19.521,0.283,-1,466.477,-1,454.711,14.780,395.452,391.608,561.931,477.470,-1,-1,-1,-1,708.103,440.435,-1,23.790,2,0,2,0,1,0,0,0,0,2,2,2,2,0,1,2,1
439,3576.908,5795.619,-127.283,-105.755,-0.271018,0.962568,0.003535,-0.960635,-0.270237,-0.064440,-0.061072,-0.020861,0.997915,0,0.48437,-0.07819,19.838,0.266,-1,460.025,-1,449.567,14.731,390.444,386.893,556.835,480.006,-1,-1,-1,-1,698.471,451.356,998.949,23.907,2,0,2,0,1,0,0,0,0,2,2,2,2,0,1,0,1
440,3572.836,5775.912,-128.976,-105.507,-0.266881,0.963710,0.006132,-0.961861,-0.265963,-0.063929,-0.059979,-0.022959,0.997936,0,0.48446,-0.07850,20.123,0.248,-1,453.848,-1,444.660,14.667,385.647,382.510,552.098,482.855,-1,-1,-1,-1,689.220,658.013,978.802,24.068,2,0,2,0,1,0,0,0,0,2,2,2,2,0,0,0,1
441,3568.680,5755.923,-130.432,-105.269,-0.262906,0.964783,0.008670,-0.963073,-0.261878,-0.062539,-0.058066,-0.024792,0.998005,0,0.48449,-0.07857,20.416,0.238,-1,449.518,-1,441.303,14.603,382.243,379.485,548.592,486.115,-1,-1,-1,-1,683.305,654.364,967.202,24.240,2,0,2,0,1,0,0,0,0,2,2,2,2,0,0,0,1
442,3564.388,5735.589,-131.521,-105.047,-0.259233,0.965758,0.010511,-0.964289,-0.258196,-0.059007,-0.054272,-0.025432,0.998202,0,0.48446,-0.07848,20.782,0.222,13.566,449.408,-1,440.768,14.541,381.873,379.006,548.343,488.397,-1,-1,-1,-1,685.239,655.801,25.595,24.424,1,0,2,0,1,0,0,0,0,2,2,2,2,0,0,1,1
443,3559.940,5714.964,-132.330,-104.832,-0.255681,0.966694,0.011381,-0.965514,-0.254736,-0.053789,-0.049098,-0.024741,0.998487,0,0.48436,-0.07816,21.099,0.215,13.595,452.561,-1,442.176,14.495,383.843,380.381,551.293,488.970,-1,-1,-1,-1,693.644,660.796,26.395,24.575,1,0,2,0,1,0,0,0,0,2,2,2,2,0,0,1,1
444,3555.332,5694.058,-132.990,-104.638,-0.252473,0.967533,0.011739,-0.966653,-0.251669,-0.047374,-0.042881,-0.023308,0.998808,0,0.48421,-0.07769,21.408,0.195,13.595,457.930,-1,445.022,14.495,387.472,383.167,555.603,488.649,-1,-1,-1,-1,706.831,668.898,25.333,24.573,1,0,2,0,1,0,0,0,0,2,2,2,2,0,0,1,1
445,3550.693,5672.915,-133.452,-104.449,-0.249346,0.968337,0.012236,-0.967729,-0.248674,-0.040762,-0.036428,-0.022005,0.999094,0,0.48397,-0.07694,21.647,0.189,13.557,464.154,-1,448.717,14.555,391.772,386.654,555.794,489.217,-1,-1,-1,-1,721.639,678.755,25.625,24.383,1,0,2,0,1,0,0,0,0,2,2,2,2,0,0,1,1
446,3546.143,5651.576,-133.635,-104.247,-0.245988,0.969177,0.013619,-0.968821,-0.245420,-0.033993,-0.029603,-0.021556,0.999329,0,0.48370,-0.07608,21.819,0.202,13.577,471.337,-1,453.969,14.522,397.035,391.553,555.205,492.362,-1,-1,-1,-1,738.362,691.869,24.537,24.483,1,0,2,0,1,0,0,0,0,2,2,2,2,0,0,1,1
447,3541.632,5630.040,-133.627,-104.033,-0.242417,0.970029,0.016671,-0.969912,-0.241918,-0.027334,-0.022482,-0.022796,0.999487,0,0.48346,-0.07532,22.003,0.214,13.598,478.753,-1,460.967,14.491,402.928,397.286,552.249,283.342,-1,-1,-1,-1,755.608,709.729,25.401,24.587,1,0,2,0,1,0,0,0,1,2,2,2,2,0,0,1,1
448,3537.263,5608.368,-133.423,-103.833,-0.239062,0.970794,0.020216,-0.970874,-0.238638,-0.021353,-0.015905,-0.024731,0.999568,0,0.48324,-0.07464,22.107,0.200,13.597,485.332,-1,468.175,14.492,408.497,402.894,548.474,268.858,-1,-1,-1,-1,771.401,728.429,26.758,24.586,1,0,2,0,1,0,0,0,1,2,2,2,2,0,0,1,1
449,3533.010,5586.599,-133.119,-103.639,-0.235786,0.971527,0.023234,-0.971748,-0.235447,-0.016431,-0.010493,-0.026451,0.999595,0,0.48297,-0.07380,22.181,0.194,13.626,490.363,-1,473.797,14.449,412.790,407.236,545.174,254.619,-1,-1,-1,-1,783.965,743.767,27.158,24.732,1,0,2,0,1,0,0,0,1,2,2,2,2,0,0,1,1
450,3528.760,5564.697,-132.811,-103.457,-0.232715,0.972192,0.026186,-0.972529,-0.232474,-0.011942,-0.005522,-0.028245,0.999586,0,0.48268,-0.07288,22.310,0.182,13.618,494.558,-1,478.823,14.460,416.363,411.061,541.534,240.504,-1,-1,-1,-1,795.069,758.704,29.929,24.696,1,0,2,0,1,0,0,0,1,2,2,2,2,0,0,1,1
451,3524.539,5542.627,-132.493,-103.275,-0.229632,0.972843,0.029090,-0.973277,-0.229530,-0.006873,-0.000009,-0.029891,0.999553,0,0.48234,-0.07179,22.470,0.182,13.643,499.737,-1,484.755,14.424,420.784,415.684,536.624,226.481,-1,-1,-1,-1,808.920,776.547,31.205,24.823,1,0,2,0,1,0,0,0,1,2,2,2,2,0,0,1,1
452,3520.551,5520.815,-131.943,-102.996,-0.224871,0.973924,0.030076,-0.974358,-0.225000,0.000955,0.007697,-0.029090,0.999547,0,0.48198,-0.07066,22.174,0.280,13.856,511.101,-1,494.175,14.157,429.428,423.647,536.363,218.713,-1,-1,-1,-1,837.140,802.219,28.302,26.029,1,0,2,0,1,0,0,0,1,2,2,2,2,0,0,1,1
453,3516.596,5499.514,-130.575,-102.648,-0.218916,0.975321,0.028733,-0.975523,-0.219398,0.014808,0.020747,-0.024788,0.999477,0,0.63851,0.67603,21.665,0.348,14.027,537.367,-1,513.783,13.973,448.530,440.949,543.981,211.001,-1,951.914,939.587,-1,901.455,853.546,26.846,26.271,1,0,2,0,1,0,0,0,1,2,0,0,2,0,0,1,1
454,3512.540,5478.244,-128.519,-102.348,-0.213695,0.976544,0.026400,-0.976189,-0.214493,0.032379,0.037282,-0.018852,0.999127,0,0.63876,0.67544,21.653,0.300,14.142,575.245,-1,542.179,216.860,475.485,465.552,556.123,203.325,-1,728.272,758.811,-1,1003.677,929.793,26.115,-1,1,0,2,0,1,0,0,0,1,2,0,0,2,0,0,1,2
455,3508.502,5456.934,-126.112,-102.078,-0.208942,0.977617,0.024679,-0.976459,-0.209944,0.049504,0.053577,-0.013755,0.998469,0,0.63879,0.67536,21.689,0.270,14.010,616.244,-1,573.518,207.261,504.430,492.154,567.857,195.902,-1,611.291,651.299,-1,-1,-1,26.970,-1,1,0,2,0,1,0,0,0,1,2,0,0,2,2,2,1,2
456,3504.358,5435.662,-123.759,-101.896,-0.205680,0.978241,0.027223,-0.976372,-0.207012,0.061999,0.066285,-0.013828,0.997705,0,0.63868,0.67562,21.672,0.182,13.748,647.717,-1,602.374,-1,527.608,514.808,570.504,189.091,-1,551.013,595.295,-1,-1,-1,25.292,-1,1,0,2,0,2,0,0,0,1,2,0,0,2,2,2,1,2
457,3500.427,5414.377,-121.865,-101.756,-0.203180,0.978568,0.033511,-0.976302,-0.205077,0.069130,0.074520,-0.018671,0.997045,0,0.63819,0.67679,21.645,0.140,-1,664.486,-1,625.121,-1,541.742,530.337,563.659,183.453,984.649,527.104,573.527,-1,-1,-1,-1,-1,2,0,2,0,2,0,0,0,1,0,0,0,2,2,2,2,2
458,3496.695,5393.040,-120.651,-101.675,-0.201722,0.978524,0.042414,-0.976213,-0.204382,0.072356,0.079471,-0.026809,0.996477,0,0.63752,0.67838,21.661,0.081,-1,668.623,-1,641.646,-1,547.931,539.032,549.769,179.778,925.057,516.116,567.985,-1,-1,-1,-1,-1,2,0,2,0,2,0,0,0,1,0,0,0,2,2,2,2,2
459,3493.252,5371.612,-120.295,-101.599,-0.200375,0.978346,0.051857,-0.976277,-0.203825,0.073071,0.082058,-0.035985,0.995978,0,0.63660,0.68057,21.703,0.077,-1,663.547,-1,651.352,-1,547.547,541.707,532.315,176.399,882.950,511.885,570.509,-1,-1,-1,-1,-1,2,0,2,0,2,0,0,0,1,0,0,0,2,2,2,2,2
460,3490.134,5350.021,-120.896,-101.456,-0.197932,0.978380,0.059957,-0.976698,-0.202030,0.072421,0.082969,-0.044226,0.995570,0,0.63567,0.68280,21.815,0.142,-1,652.446,-1,653.874,-1,542.019,539.057,513.319,173.025,852.436,511.815,576.015,-1,-1,-1,-1,-1,2,0,2,0,2,0,0,0,1,0,0,0,2,2,2,2,2
461,3487.218,5328.318,-122.386,-101.269,-0.194764,0.978655,0.065594,-0.977446,-0.199220,0.070082,0.081653,-0.050465,0.995382,0,0.63501,0.68437,21.898,0.187,-1,635.136,-1,646.380,-1,530.751,529.981,495.938,169.406,840.398,518.897,587.609,-1,-1,-1,-1,-1,2,0,2,0,2,0,0,0,1,0,0,0,2,2,2,2,2
462,3484.738,5306.562,-124.673,-100.964,-0.189633,0.979563,0.067048,-0.978831,-0.193963,0.065339,0.077008,-0.053238,0.995608,0,0.63453,0.68551,21.897,0.305,-1,610.807,-1,625.625,-1,512.351,512.836,482.360,207.224,849.902,539.146,612.422,-1,-1,-1,-1,-1,2,0,2,0,2,0,0,0,1,0,0,0,2,2,2,2,2
463,3482.753,5284.710,-127.411,-100.485,-0.181535,0.981410,0.062278,-0.980871,-0.185233,0.059840,0.070264,-0.050224,0.996263,0,0.63456,0.68544,21.942,0.479,14.800,585.494,-1,595.069,-1,490.789,490.691,476.763,246.140,887.206,571.938,647.446,-1,-1,-1,30.719,-1,1,0,2,0,2,0,0,0,1,0,0,0,2,2,2,1,2
464,3481.097,5258.178,-130.297,-99.653,-0.167336,0.984561,0.051361,-0.983806,-0.170147,0.056346,0.064215,-0.041101,0.997089,0,0.63534,0.68359,26.584,0.832,14.578,565.585,-1,562.395,16.762,471.211,468.614,479.911,248.681,949.195,610.698,681.967,-1,-1,-1,41.650,22.186,1,0,2,0,1,0,0,0,1,0,0,0,2,2,2,1,1
465,3480.675,5240.257,-131.164,-98.985,-0.155855,0.986728,0.045572,-0.985645,-0.158384,0.058463,0.064905,-0.035806,0.997249,0,0.63736,0.67877,17.926,0.668,14.675,565.264,-1,555.203,16.796,468.641,464.558,483.843,232.637,971.574,615.793,682.600,-1,-1,-1,42.936,22.184,1,0,2,0,1,0,0,0,1,0,0,0,2,2,2,1,1
466,3480.792,5217.687,-130.910,-98.094,-0.140462,0.989199,0.041909,-0.987661,-0.142953,0.063952,0.069253,-0.032409,0.997073,0,0.51309,1.00000,22.571,0.891,14.276,574.236,-1,559.657,16.635,473.808,468.966,487.170,219.415,974.342,608.250,670.599,-1,-1,-1,41.156,22.198,1,0,2,0,1,0,0,0,1,0,0,0,2,2,2,1,1
467,3481.348,5195.077,-129.315,-97.230,-0.125495,0.991197,0.042193,-0.989221,-0.128252,0.070661,0.075450,-0.032870,0.996608,0,0.51515,1.00000,22.616,0.864,14.137,588.671,-1,575.366,16.572,484.730,480.357,487.457,213.269,958.797,596.998,657.369,-1,-1,-1,39.120,22.207,1,0,2,0,1,0,0,0,1,0,0,0,2,2,2,1,1
468,3482.536,5172.616,-126.610,-96.384,-0.110819,0.992846,0.044457,-0.990502,-0.114000,0.076875,0.081393,-0.035516,0.996049,0,0.51712,1.00000,22.493,0.846,14.487,604.951,-1,595.682,16.725,497.910,494.670,486.742,208.040,941.634,593.893,652.179,-1,-1,-1,33.678,22.188,1,0,2,0,1,0,0,0,1,0,0,0,2,2,2,1,1
469,3484.357,5150.320,-123.393,-95.512,-0.095699,0.994295,0.047114,-0.991757,-0.099292,0.080983,0.085199,-0.038975,0.995601,0,0.51907,1.00000,22.370,0.872,14.250,617.335,-1,613.824,16.627,508.562,507.109,485.792,190.198,933.474,604.078,663.468,-1,-1,-1,29.139,22.199,1,0,2,0,1,0,0,0,1,0,0,0,2,2,2,1,1
470,3486.566,5128.123,-120.131,-94.646,-0.080693,0.995524,0.049191,-0.992923,-0.084601,0.083341,0.087129,-0.042117,0.995306,0,0.52113,1.00000,22.307,0.866,14.932,625.697,-1,628.371,16.878,516.139,516.091,485.276,172.763,935.073,623.789,686.169,427.186,-1,-1,22.478,22.180,1,0,2,0,1,0,0,0,1,0,0,0,1,2,2,1,1
471,3489.223,5106.006,-117.298,-93.734,-0.064880,0.996679,0.049207,-0.994114,-0.068843,0.083650,0.086760,-0.043490,0.995280,0,0.52318,0.99787,22.276,0.912,12.104,628.603,-1,634.194,-1,519.145,519.808,486.487,198.135,950.593,655.262,718.651,379.163,-1,-1,12.252,17.404,1,0,2,0,2,0,0,0,1,0,0,0,1,2,2,1,1
472,3492.577,5084.053,-115.097,-92.724,-0.047348,0.997775,0.046935,-0.995280,-0.051110,0.082500,0.084716,-0.042808,0.995485,0,0.52540,0.99127,22.208,1.010,-1,628.322,-1,632.513,-1,517.723,519.134,489.678,258.398,977.402,693.930,757.211,354.236,-1,-1,-1,13.927,2,0,2,0,2,0,0,0,1,0,0,0,1,2,2,2,1
473,3496.320,5062.134,-113.512,-91.684,-0.029289,0.998567,0.044800,-0.996183,-0.032847,0.080868,0.082223,-0.042260,0.995718,0,0.52799,0.98360,22.236,1.040,-1,625.321,-1,629.063,15.707,513.924,516.087,491.312,519.651,1003.172,732.375,794.771,337.328,-1,-1,-1,11.614,2,0,2,0,1,0,0,0,0,0,0,0,1,2,2,2,1
474,3500.490,5040.216,-112.395,-90.652,-0.011336,0.999007,0.043094,-0.996694,-0.014756,0.079899,0.080455,-0.042046,0.995871,0,0.53069,0.97559,22.311,1.032,16.644,622.490,-1,627.053,17.230,510.427,512.880,491.279,510.135,-1,764.342,825.486,322.390,-1,-1,20.135,22.189,1,0,2,0,1,0,0,0,0,2,0,0,1,2,2,1,1
475,3504.936,5018.238,-111.590,-89.653,0.006040,0.999086,0.042322,-0.996789,0.002636,0.080030,0.079845,-0.042669,0.995894,0,0.53337,0.96763,22.424,0.999,18.179,621.096,-1,627.707,17.415,508.268,511.113,489.164,502.257,-1,787.562,847.148,309.504,-1,-1,22.715,22.208,1,0,2,0,1,0,0,0,0,2,0,0,1,2,2,1,1
476,3509.794,4996.288,-110.929,-88.652,0.023457,0.998848,0.041870,-0.996546,0.020024,0.080595,0.079664,-0.043616,0.995867,0,0.53594,0.96000,22.481,1.001,16.418,620.411,-1,629.050,17.194,506.587,509.906,486.212,494.851,-1,807.311,865.274,301.912,-1,-1,26.005,22.187,1,0,2,0,1,0,0,0,0,2,0,0,1,2,2,1,1
477,3514.972,4974.456,-110.108,-87.676,0.040432,0.998287,0.042286,-0.996054,0.036923,0.080708,0.079008,-0.045382,0.995840,0,0.53854,0.95231,22.438,0.976,15.575,618.417,-1,631.380,17.037,504.892,509.368,482.219,489.990,-1,831.602,888.256,297.037,-1,-1,29.380,22.178,1,0,2,0,1,0,0,0,0,2,0,0,1,2,2,1,1
478,3520.484,4952.696,-108.990,-86.724,0.056972,0.997460,0.042756,-0.995290,0.053379,0.080921,0.078433,-0.047164,0.995803,0,0.54106,0.94483,22.447,0.952,16.447,617.566,-1,635.865,17.205,504.424,509.752,478.836,488.469,-1,857.678,912.504,293.394,-1,-1,32.502,22.187,1,0,2,0,1,0,0,0,0,2,0,0,1,2,2,1,1
479,3526.347,4931.000,-107.611,-85.774,0.073460,0.996380,0.042790,-0.994237,0.069808,0.081362,0.078080,-0.048520,0.995766,0,0.54350,0.93757,22.475,0.950,16.192,619.826,-1,641.577,17.159,505.007,511.186,476.500,487.698,-1,884.467,932.865,318.429,-1,-1,32.555,22.184,1,0,2,0,1,0,0,0,0,2,0,0,1,2,2,1,1
480,3532.425,4909.264,-106.055,-84.839,0.089681,0.995072,0.042306,-0.992923,0.086006,0.081893,0.077850,-0.049351,0.995743,0,0.54595,0.93030,22.569,0.935,15.818,623.987,-1,647.385,17.090,506.409,512.829,475.183,486.524,-1,908.547,952.605,349.097,-1,-1,33.313,22.181,1,0,2,0,1,0,0,0,0,2,0,0,1,2,2,1,1
481,3538.854,4887.602,-104.361,-83.894,0.106051,0.993511,0.041090,-0.991365,0.102436,0.081866,0.077126,-0.049417,0.995796,0,0.54835,0.92318,22.596,0.945,17.627,627.902,-1,652.054,17.356,507.655,513.699,475.241,484.926,-1,937.262,976.786,380.388,-1,-1,31.350,22.201,1,0,2,0,1,0,0,0,0,2,0,0,1,2,2,1,1
482,3545.870,4866.204,-102.604,-82.888,0.123449,0.991571,0.039338,-0.989472,0.119977,0.080936,0.075534,-0.048915,0.995943,0,0.55080,0.91593,22.519,1.006,14.920,630.564,-1,654.386,16.874,507.644,514.378,476.319,483.416,-1,976.172,1007.915,412.105,-1,-1,31.823,22.180,1,0,2,0,1,0,0,0,0,2,0,0,1,2,2,1,1
483,3553.026,4844.708,-100.819,-81.945,0.139731,0.989444,0.038415,-0.987360,0.136296,0.080896,0.074806,-0.049233,0.995982,0,0.55348,0.90796,22.655,0.943,15.737,635.421,-1,659.663,17.073,510.450,517.077,476.163,483.775,-1,1006.701,-1,444.249,-1,-1,30.419,22.180,1,0,2,0,1,0,0,0,0,2,0,2,1,2,2,1,1
484,3560.587,4823.270,-99.162,-80.984,0.156289,0.987010,0.037213,-0.984943,0.152921,0.080638,0.073900,-0.049256,0.996049,0,0.55595,0.90065,22.733,0.961,16.608,639.642,-1,663.496,8.870,513.137,519.576,476.265,483.160,-1,-1,-1,477.342,-1,-1,28.663,22.189,1,0,2,0,1,0,0,0,0,2,2,2,1,2,2,1,1
485,3568.693,4801.987,-97.656,-79.981,0.173503,0.984185,0.035733,-0.982127,0.170224,0.080313,0.072960,-0.049029,0.996129,0,0.55849,0.89312,22.774,1.002,14.875,642.379,-1,666.761,16.860,515.355,521.656,476.477,482.293,-1,-1,-1,511.566,-1,-1,30.017,22.181,1,0,2,0,1,0,0,0,0,2,2,2,1,2,2,1,1
486,3576.893,4780.609,-96.193,-79.059,0.189300,0.981272,0.035634,-0.979235,0.185976,0.080701,0.072562,-0.050171,0.996101,0,0.56119,0.88509,22.897,0.923,15.195,645.651,-1,672.781,12.950,518.549,524.867,474.385,484.122,-1,-1,-1,546.209,-1,-1,31.549,9.978,1,0,2,0,1,0,0,0,0,2,2,2,1,2,2,1,1
487,3585.398,4759.229,-94.819,-78.173,0.204423,0.978251,0.035157,-0.976180,0.201060,0.081538,0.072696,-0.050988,0.996050,0,0.56362,0.87790,23.010,0.886,14.734,650.562,-1,680.048,14.739,523.062,529.558,472.482,485.166,-1,-1,-1,581.280,-1,-1,32.369,11.443,1,0,2,0,1,0,0,0,0,2,2,2,1,2,2,1,1
488,3594.389,4737.999,-93.555,-77.275,0.219684,0.974980,0.033956,-0.972854,0.216343,0.082169,0.072767,-0.051085,0.996040,0,0.56592,0.87105,23.055,0.897,14.535,656.498,-1,686.240,12.189,527.505,533.776,471.382,484.703,-1,-1,-1,617.219,-1,-1,30.719,9.498,1,0,2,0,1,0,0,0,0,2,2,2,1,2,2,1,1
489,3603.588,4716.786,-92.387,-76.368,0.235063,0.971410,0.033272,-0.969283,0.231725,0.082422,0.072355,-0.051625,0.996042,0,0.56829,0.86402,23.121,0.907,16.678,659.440,-1,691.151,15.440,531.287,537.619,469.379,484.905,-1,-1,-1,362.813,-1,-1,29.403,11.696,1,0,2,0,1,0,0,0,0,2,2,2,1,2,2,1,1
490,3613.360,4695.868,-91.243,-75.391,0.251591,0.967306,0.031958,-0.965233,0.248359,0.081501,0.070900,-0.051352,0.996161,0,0.57070,0.85690,23.088,0.977,17.683,656.005,-1,692.103,8.794,532.655,539.074,468.613,484.057,-1,-1,-1,396.243,-1,-1,31.470,22.202,1,0,2,0,1,0,0,0,0,2,2,2,1,2,2,1,1
491,3625.686,4670.710,-89.824,-74.212,0.271403,0.961996,0.030079,-0.959855,0.268234,0.082032,0.070846,-0.051135,0.996176,0,0.80068,0.20739,28.016,1.179,14.080,657.407,-1,699.688,16.544,538.558,544.888,467.677,483.448,-1,-1,-1,437.635,-1,-1,31.676,22.211,1,0,2,0,1,0,0,0,0,2,2,2,1,2,2,1,1
492,3633.967,4653.474,-88.823,-73.490,0.283441,0.958513,0.030216,-0.956268,0.280125,0.084152,0.072197,-0.052747,0.995995,0,0.80523,0.19774,19.122,0.722,13.542,661.187,-1,711.757,16.142,546.001,552.450,464.376,486.620,-1,-1,-1,465.827,-1,-1,31.324,22.318,1,0,2,0,1,0,0,0,0,2,2,2,1,2,2,1,1
493,3644.382,4631.513,-87.405,-72.692,0.296690,0.954460,0.031336,-0.952094,0.293089,0.087270,0.074112,-0.055727,0.995692,0,0.80790,0.19205,24.305,0.798,13.331,666.407,-1,729.125,-1,556.031,563.286,458.834,493.096,-1,-1,-1,509.559,-1,-1,33.456,15.242,1,0,2,0,2,0,0,0,0,2,2,2,1,2,2,1,1
494,3654.881,4609.088,-85.860,-72.000,0.308125,0.950819,0.031648,-0.948317,0.304321,0.089905,0.075852,-0.057714,0.995447,0,0.81072,0.18607,24.761,0.692,13.292,672.167,-1,745.236,-1,566.023,574.613,454.834,497.889,-1,-1,-1,556.711,-1,-1,34.901,-1,1,0,2,0,2,0,0,0,0,2,2,2,1,2,2,1,2
495,3665.433,4586.247,-84.226,-71.373,0.318456,0.947429,0.031036,-0.944818,0.314584,0.091412,0.076843,-0.058434,0.995329,0,0.81298,0.18126,25.161,0.627,13.293,675.273,-1,758.102,-1,573.784,583.990,452.638,500.345,-1,-1,-1,-1,-1,-1,34.635,-1,1,0,2,0,2,0,0,0,0,2,2,2,2,2,2,1,2
496,3677.794,4558.193,-82.118,-70.784,0.328160,0.944116,0.030917,-0.941522,0.324259,0.091606,0.076462,-0.059170,0.995315,0,0.81489,0.17721,30.656,0.589,13.378,675.970,-1,767.582,-1,580.007,591.284,449.920,504.224,-1,-1,-1,-1,-1,-1,34.798,-1,1,0,2,0,2,0,0,0,0,2,2,2,2,2,2,1,2
497,3685.985,4539.102,-80.704,-70.460,0.333497,0.942266,0.030256,-0.939697,0.329664,0.091058,0.075827,-0.058799,0.995386,0,0.81630,0.17422,20.774,0.324,13.400,676.559,-1,770.721,-1,583.699,594.858,449.099,504.790,-1,-1,-1,-1,-1,-1,34.809,-1,1,0,2,0,2,0,0,0,0,2,2,2,2,2,2,1,2
498,3696.113,4514.773,-78.910,-70.124,0.339026,0.940335,0.028815,-0.937762,0.335331,0.090307,0.075257,-0.057638,0.995497,0,0.81686,0.17303,26.353,0.337,13.804,678.808,-1,774.554,-1,588.647,600.081,448.740,504.224,-1,-1,-1,-1,-1,-1,28.875,-1,1,0,2,0,2,0,0,0,0,2,2,2,2,2,2,1,2
499,3705.810,4490.033,-76.954,-69.929,0.342217,0.939220,0.027439,-0.936599,0.338631,0.090066,0.075300,-0.056522,0.995558,0,0.81716,0.17239,26.573,0.195,14.551,683.744,-1,780.523,-1,595.801,607.448,448.299,504.292,-1,-1,-1,-1,-1,-1,24.398,-1,1,0,2,0,2,0,0,0,0,2,2,2,2,2,2,1,2
