timestep,x_cm,y_cm,z_cm,yaw_deg,basis_xx,basis_xy,basis_xz,basis_yx,basis_yy,basis_yz,basis_zx,basis_zy,basis_zz,teleport_flag,throttle_cmd,steering_cmd,cmd_move_cm,cmd_turn_deg,lidar_cm_0,lidar_cm_1,lidar_cm_2,lidar_cm_3,lidar_cm_4,lidar_cm_5,lidar_cm_6,lidar_cm_7,lidar_cm_8,lidar_cm_9,lidar_cm_10,lidar_cm_11,lidar_cm_12,lidar_cm_13,lidar_cm_14,lidar_cm_15,lidar_cm_16,lidar_class_0,lidar_class_1,lidar_class_2,lidar_class_3,lidar_class_4,lidar_class_5,lidar_class_6,lidar_class_7,lidar_class_8,lidar_class_9,lidar_class_10,lidar_class_11,lidar_class_12,lidar_class_13,lidar_class_14,lidar_class_15,lidar_class_16
0,-6715.739,-2315.721,198.181,-43.468,0.725405,0.687482,0.033992,-0.687605,0.721512,0.081359,0.031407,-0.082391,0.996105,0,0.25468,-0.41590,1.122,0.069,15.808,467.387,-1,838.050,-1,385.663,451.407,528.838,609.395,-1,-1,-1,-1,-1,-1,22.484,-1,1,0,2,0,2,0,0,0,0,2,2,2,2,2,2,1,2
1,-6715.163,-2314.948,202.821,-43.425,0.725708,0.687188,0.033469,-0.686872,0.720871,0.092477,0.039422,-0.090100,0.995152,0,0.25454,-0.41665,0.964,0.042,15.809,493.703,-1,918.114,-1,407.746,482.528,527.352,638.192,-1,-1,-1,-1,-1,-1,22.483,-1,1,0,2,0,2,0,0,0,0,2,2,2,2,2,2,1,2
2,-6714.473,-2314.403,206.615,-43.400,0.725752,0.687170,0.032884,-0.686303,0.719868,0.103823,0.047672,-0.097918,0.994052,0,0.25445,-0.41716,0.879,0.025,15.112,520.460,-1,976.270,-1,433.135,513.783,523.766,666.250,-1,-1,-1,-1,-1,-1,12.309,-1,1,0,2,0,2,0,0,0,0,2,2,2,2,2,2,1,2
3,-6713.649,-2314.035,209.337,-43.369,0.725820,0.687136,0.032085,-0.685624,0.718870,0.114649,0.055714,-0.105213,0.992888,0,0.25438,-0.41754,0.902,0.031,-1,544.478,-1,-1,-1,456.296,542.955,518.685,691.562,-1,-1,-1,-1,-1,-1,-1,-1,2,0,2,2,2,0,0,0,0,2,2,2,2,2,2,2,2
4,-6712.781,-2313.792,211.010,-43.325,0.726037,0.686946,0.031235,-0.684784,0.718111,0.124048,0.062784,-0.111453,0.991784,0,0.25429,-0.41801,0.901,0.044,-1,564.116,-1,-1,-1,475.393,570.996,513.010,712.536,-1,-1,-1,-1,-1,-1,-1,-1,2,0,2,2,2,0,0,0,0,2,2,2,2,2,2,2,2
5,-6711.926,-2313.656,211.729,-43.273,0.726397,0.686596,0.030553,-0.683888,0.717694,0.131196,0.068150,-0.116195,0.990886,0,0.25418,-0.41862,0.866,0.052,-1,577.749,-1,-1,-1,488.730,594.405,507.565,727.878,-1,-1,-1,-1,-1,-1,-1,-1,2,0,2,2,2,0,0,0,0,2,2,2,2,2,2,2,2
6,-6711.172,-2313.628,211.591,-43.223,0.726852,0.686121,0.030396,-0.683103,0.717656,0.135427,0.071105,-0.119199,0.990321,0,0.25406,-0.41932,0.754,0.051,-1,584.231,-1,-1,-1,494.607,605.590,502.812,736.469,-1,-1,-1,-1,-1,-1,-1,-1,2,0,2,2,2,0,0,0,0,2,2,2,2,2,2,2,2
7,-6710.574,-2313.710,210.676,-43.173,0.727443,0.685469,0.030953,-0.682477,0.718122,0.136108,0.071070,-0.120136,0.990210,0,0.25393,-0.41999,0.604,0.049,-1,579.852,-1,-1,-1,491.660,601.775,499.329,737.124,-1,-1,-1,-1,-1,-1,-1,-1,2,0,2,2,2,0,0,0,0,2,2,2,2,2,2,2,2
8,-6710.143,-2313.884,209.037,-43.126,0.728180,0.684620,0.032403,-0.682035,0.719140,0.132914,0.067694,-0.118885,0.990598,0,0.25382,-0.42062,0.465,0.047,-1,566.290,-1,-1,-1,479.341,582.011,497.333,729.530,-1,-1,-1,-1,-1,-1,-1,-1,2,0,2,2,2,0,0,0,0,2,2,2,2,2,2,2,2
9,-6709.837,-2314.143,206.870,-43.074,0.729092,0.683560,0.034205,-0.681651,0.720752,0.125971,0.061455,-0.115161,0.991444,0,0.25371,-0.42120,0.400,0.052,-1,545.716,-1,-1,-1,459.897,550.501,497.754,714.151,-1,-1,-1,-1,-1,-1,13.237,-1,2,0,2,2,2,0,0,0,0,2,2,2,2,2,2,1,2
10,-6709.605,-2314.524,204.414,-43.003,0.730260,0.682260,0.035233,-0.681062,0.722989,0.115939,0.053628,-0.108661,0.992631,0,0.25360,-0.42180,0.447,0.070,18.654,522.988,-1,1003.593,-1,437.388,520.929,501.801,691.713,-1,-1,-1,-1,-1,-1,22.518,-1,1,0,2,0,2,0,0,0,0,2,2,2,2,2,2,1,2
11,-6709.466,-2315.068,201.882,-42.924,0.731510,0.680912,0.035376,-0.680341,0.725501,0.103847,0.045046,-0.100033,0.993964,0,0.25346,-0.42258,0.561,0.079,18.652,500.478,-1,951.719,-1,414.579,490.862,509.207,664.988,-1,-1,-1,-1,-1,-1,22.518,-1,1,0,2,0,2,0,0,0,0,2,2,2,2,2,2,1,2
12,-6709.391,-2315.796,199.493,-42.848,0.732668,0.679698,0.034750,-0.679609,0.727928,0.090843,0.036450,-0.090174,0.995259,0,0.25331,-0.42343,0.732,0.076,18.652,480.238,-1,878.312,-1,393.436,462.536,519.311,637.110,-1,-1,-1,-1,-1,-1,22.518,-1,1,0,2,0,2,0,0,0,0,2,2,2,2,2,2,1,2
13,-6709.297,-2316.715,197.397,-42.782,0.733645,0.678706,0.033502,-0.678934,0.730038,0.078059,0.028522,-0.080013,0.996386,0,0.25316,-0.42424,0.924,0.066,18.652,464.311,-1,808.074,-1,377.538,438.360,531.158,610.694,-1,-1,-1,-1,-1,-1,22.518,-1,1,0,2,0,2,0,0,0,0,2,2,2,2,2,2,1,2
14,-6709.147,-2317.829,195.718,-42.741,0.734256,0.678115,0.032068,-0.678528,0.731558,0.066502,0.021637,-0.070589,0.997271,0,0.25303,-0.42498,1.124,0.041,18.649,451.323,-1,740.130,-1,364.984,418.749,543.312,588.096,-1,-1,-1,-1,-1,-1,22.517,-1,1,0,2,0,2,0,0,0,0,2,2,2,2,2,2,1,2
15,-6708.988,-2319.124,194.599,-42.752,0.734206,0.678216,0.031066,-0.678747,0.732186,0.056632,0.015663,-0.062666,0.997912,0,0.25294,-0.42548,1.305,-0.011,18.639,440.684,-1,692.737,-1,355.815,403.592,554.602,570.347,-1,-1,-1,-1,1001.293,-1,22.513,-1,1,0,2,0,2,0,0,0,0,2,2,2,2,0,2,1,2
16,-6708.663,-2320.580,194.110,-42.787,0.733841,0.678647,0.030276,-0.679236,0.732312,0.048555,0.010780,-0.056196,0.998362,0,0.25294,-0.42547,1.492,-0.035,18.626,433.049,-1,658.493,-1,349.667,392.858,565.157,557.277,-1,-1,-1,-1,973.421,-1,22.509,-1,1,0,2,0,2,0,0,0,0,2,2,2,2,0,2,1,2
17,-6708.138,-2322.168,194.243,-42.835,0.733298,0.679262,0.029617,-0.679872,0.732120,0.042123,0.006929,-0.051024,0.998673,0,0.25297,-0.42527,1.672,-0.048,18.610,428.401,-1,635.840,-1,345.654,386.053,574.252,548.354,-1,-1,-1,-1,955.713,-1,22.503,-1,1,0,2,0,2,0,0,0,0,2,2,2,2,0,2,1,2
18,-6707.429,-2323.873,194.925,-42.897,0.732569,0.680076,0.028973,-0.680680,0.731635,0.037204,0.004104,-0.046976,0.998888,0,0.25302,-0.42499,1.847,-0.062,18.604,426.520,-1,623.537,-1,343.612,382.785,582.831,542.862,-1,-1,-1,-1,947.984,-1,22.501,-1,1,0,2,0,2,0,0,0,0,2,2,2,2,0,2,1,2
19,-6706.579,-2325.676,196.030,-42.972,0.731690,0.681049,0.028308,-0.681634,0.730919,0.033663,0.002235,-0.043927,0.999032,0,0.25309,-0.42462,1.994,-0.074,18.598,426.893,-1,618.835,-1,343.229,382.480,590.708,540.165,-1,-1,-1,-1,948.698,-1,22.500,-1,1,0,2,0,2,0,0,0,0,2,2,2,2,0,2,1,2
20,-6705.575,-2327.729,197.397,-43.065,0.730576,0.682278,0.027489,-0.682829,0.729878,0.031980,0.001755,-0.042134,0.999110,0,0.68377,-0.72891,2.285,-0.094,18.589,429.712,-1,622.888,-1,345.200,385.556,596.910,540.271,-1,-1,-1,-1,959.588,-1,22.497,-1,1,0,2,0,2,0,0,0,0,2,2,2,2,0,2,1,2
21,-6704.304,-2330.206,198.864,-43.198,0.728985,0.684034,0.026061,-0.684522,0.728262,0.032611,0.003328,-0.041612,0.999128,0,0.68406,-0.72831,2.784,-0.133,18.623,435.814,-1,638.174,-1,350.623,392.887,600.899,542.835,-1,-1,-1,-1,985.146,-1,22.508,-1,1,0,2,0,2,0,0,0,0,2,2,2,2,0,2,1,2
22,-6702.790,-2333.088,200.282,-43.380,0.726803,0.686422,0.024127,-0.686813,0.725974,0.035365,0.006760,-0.042275,0.999083,0,0.68451,-0.72739,3.256,-0.181,18.655,444.442,-1,664.808,-1,358.421,403.942,602.404,547.311,-1,-1,-1,-1,-1,-1,22.518,-1,1,0,2,0,2,0,0,0,0,2,2,2,2,2,2,1,2
23,-6701.104,-2336.312,201.540,-43.624,0.723839,0.689618,0.021999,-0.689870,0.722827,0.040004,0.011686,-0.044133,0.998957,0,0.68516,-0.72607,3.638,-0.244,18.654,454.629,-1,699.375,-1,367.939,418.114,601.159,553.347,-1,-1,-1,-1,-1,-1,22.519,-1,1,0,2,0,2,0,0,0,0,2,2,2,2,2,2,1,2
24,-6699.277,-2339.907,202.575,-43.931,0.720061,0.693625,0.019927,-0.693677,0.718776,0.046620,0.018014,-0.047392,0.998714,0,0.68609,-0.72418,4.032,-0.307,18.654,467.364,-1,746.596,-1,379.089,435.469,596.688,561.182,-1,-1,-1,-1,-1,-1,22.519,-1,1,0,2,0,2,0,0,0,0,2,2,2,2,2,2,1,2
25,-6697.269,-2343.956,203.344,-44.311,0.715323,0.698556,0.018246,-0.698321,0.713633,0.055466,0.025725,-0.052418,0.998294,0,0.68731,-0.72171,4.520,-0.380,18.653,481.455,-1,801.555,-1,392.848,456.990,588.280,571.438,-1,-1,-1,-1,-1,-1,22.518,-1,1,0,2,0,2,0,0,0,0,2,2,2,2,2,2,1,2
26,-6695.099,-2348.441,203.810,-44.749,0.709775,0.704213,0.017429,-0.703584,0.707496,0.066479,0.034484,-0.059448,0.997636,0,0.68884,-0.71858,4.983,-0.438,18.653,501.292,-1,864.137,-1,409.156,482.290,575.683,584.654,-1,-1,-1,-1,-1,-1,22.519,-1,1,0,2,0,2,0,0,0,0,2,2,2,2,2,2,1,2
27,-6692.677,-2353.470,203.999,-45.245,0.703379,0.710606,0.017242,-0.709409,0.700255,0.079887,0.044695,-0.068422,0.996655,0,0.69064,-0.71493,5.582,-0.496,18.653,523.847,-1,919.652,-1,427.882,514.839,559.450,601.373,-1,-1,-1,-1,-1,-1,22.518,-1,1,0,2,0,2,0,0,0,0,2,2,2,2,2,2,1,2
28,-6690.026,-2358.969,204.248,-45.765,0.696562,0.717292,0.017113,-0.715411,0.692523,0.092728,0.054662,-0.076834,0.995544,0,0.69267,-0.71079,6.104,-0.520,18.653,547.234,-1,966.969,-1,453.216,551.013,544.623,617.716,-1,-1,-1,-1,-1,-1,22.518,-1,1,0,2,0,2,0,0,0,0,2,2,2,2,2,2,1,2
29,-6687.273,-2364.855,204.836,-46.287,0.689684,0.723924,0.016417,-0.721379,0.684939,0.102325,0.062831,-0.082415,0.994615,0,0.69478,-0.70649,6.498,-0.522,18.653,570.162,-1,1001.746,-1,482.852,587.368,535.356,629.622,-1,-1,-1,-1,-1,-1,22.518,-1,1,0,2,0,2,0,0,0,0,2,2,2,2,2,2,1,2
30,-6684.508,-2371.164,205.766,-46.820,0.682680,0.730559,0.015237,-0.727490,0.677559,0.108039,0.068604,-0.084841,0.994030,0,0.69688,-0.70221,6.888,-0.533,18.652,590.894,-1,-1,-1,507.342,619.636,531.473,635.880,-1,-1,-1,-1,-1,-1,22.518,-1,1,0,2,2,2,0,0,0,0,2,2,2,2,2,2,1,2
31,-6681.746,-2377.911,206.897,-47.364,0.675569,0.737176,0.013328,-0.733755,0.670445,0.110032,0.072177,-0.084114,0.993839,0,0.69902,-0.69786,7.290,-0.544,18.951,614.979,-1,-1,-1,527.254,645.699,532.857,636.008,-1,-1,-1,-1,-1,-1,22.626,-1,1,0,2,2,2,0,0,0,0,2,2,2,2,2,2,1,2
32,-6679.008,-2385.126,208.083,-47.926,0.668238,0.743869,0.010829,-0.740235,0.663381,0.109447,0.074230,-0.081152,0.993934,0,0.70120,-0.69343,7.717,-0.562,18.722,639.405,-1,-1,-1,547.300,664.998,537.846,631.580,-1,-1,-1,-1,-1,-1,22.542,-1,1,0,2,2,2,0,0,0,0,2,2,2,2,2,2,1,2
33,-6676.250,-2392.825,209.219,-48.520,0.660476,0.750805,0.007909,-0.747055,0.656047,0.107288,0.075363,-0.076770,0.994197,0,0.70345,-0.68884,8.179,-0.594,18.669,659.105,-1,-1,-1,565.326,679.748,544.949,624.147,-1,-1,-1,-1,-1,-1,22.524,-1,1,0,2,2,2,0,0,0,0,2,2,2,2,2,2,1,2
34,-6673.452,-2401.025,210.229,-49.139,0.652331,0.757920,0.004562,-0.754114,0.648428,0.104173,0.075997,-0.071396,0.994549,0,0.70584,-0.68398,8.664,-0.619,18.657,676.391,-1,-1,-1,581.122,693.487,553.209,614.634,-1,-1,-1,-1,-1,-1,22.519,-1,1,0,2,2,2,0,0,0,0,2,2,2,2,2,2,1,2
35,-6670.643,-2409.719,211.083,-49.781,0.643811,0.765185,0.000623,-0.761340,0.640494,0.100645,0.076613,-0.065271,0.994922,0,0.70833,-0.67890,9.137,-0.642,18.655,696.086,-1,-1,-1,596.985,707.211,562.454,603.643,-1,-1,-1,-1,-1,-1,22.519,-1,1,0,2,2,2,0,0,0,0,2,2,2,2,2,2,1,2
36,-6667.869,-2418.979,211.740,-50.467,0.634588,0.772842,-0.003615,-0.768909,0.631817,0.097911,0.077954,-0.059353,0.995189,0,0.71091,-0.67364,9.667,-0.686,18.653,718.730,-1,-1,-1,615.674,722.908,570.895,592.851,-1,-1,-1,-1,-1,-1,22.518,-1,1,0,2,2,2,0,0,0,0,2,2,2,2,2,2,1,2
37,-6665.145,-2428.783,212.141,-51.212,0.624458,0.781024,-0.007293,-0.776989,0.622129,0.096143,0.079627,-0.054371,0.995341,0,0.63492,-0.66848,10.175,-0.745,18.653,741.045,-1,-1,-1,635.681,739.062,576.485,583.215,-1,-1,-1,-1,-1,-1,22.518,-1,1,0,2,2,2,0,0,0,0,2,2,2,2,2,2,1,2
38,-6662.424,-2439.033,212.344,-52.000,0.613604,0.789540,-0.010765,-0.785389,0.611673,0.094973,0.081570,-0.049822,0.995422,0,0.63764,-0.66225,10.605,-0.789,18.652,763.440,-1,-1,-1,657.136,755.150,580.435,574.027,-1,-1,-1,-1,-1,-1,22.518,-1,1,0,2,2,2,0,0,0,0,2,2,2,2,2,2,1,2
39,-6659.654,-2449.718,212.433,-52.818,0.602220,0.798203,-0.014261,-0.793921,0.600674,0.094231,0.083782,-0.045425,0.995448,0,0.64053,-0.65562,11.038,-0.818,18.652,785.281,-1,-1,-1,678.190,770.765,582.851,565.081,-1,-1,-1,-1,-1,-1,22.517,-1,1,0,2,2,2,0,0,0,0,2,2,2,2,2,2,1,2
40,-6656.842,-2460.810,212.539,-53.659,0.590393,0.806917,-0.017931,-0.802506,0.589247,0.093663,0.086144,-0.040908,0.995442,0,0.64354,-0.64875,11.443,-0.840,18.653,810.977,-1,-1,-1,700.967,786.429,583.945,556.226,-1,-1,-1,-1,-1,-1,22.519,-1,1,0,2,2,2,0,0,0,0,2,2,2,2,2,2,1,2
41,-6654.062,-2472.207,212.851,-54.534,0.577975,0.815777,-0.021279,-0.811302,0.577223,0.092751,0.087947,-0.036344,0.995462,0,0.64662,-0.64170,11.731,-0.875,18.653,830.571,-1,-1,-1,723.590,800.933,585.378,547.803,-1,-1,-1,-1,-1,-1,22.518,-1,1,0,2,2,2,0,0,0,0,2,2,2,2,2,2,1,2
42,-6651.341,-2483.965,213.429,-55.428,0.565146,0.824630,-0.024401,-0.820078,0.564758,0.092312,0.089904,-0.032159,0.995431,0,0.64984,-0.63432,12.069,-0.894,18.652,853.243,-1,-1,-1,745.522,810.632,587.173,540.714,-1,-1,-1,-1,-1,-1,22.517,-1,1,0,2,2,2,0,0,0,0,2,2,2,2,2,2,1,2
43,-6648.728,-2496.076,214.321,-56.325,0.552061,0.833325,-0.028250,-0.828578,0.552074,0.093128,0.093202,-0.028005,0.995253,0,0.65314,-0.62678,12.389,-0.898,18.653,882.879,-1,-1,-1,770.263,821.712,590.090,534.660,-1,-1,-1,-1,-1,-1,22.518,-1,1,0,2,2,2,0,0,0,0,2,2,2,2,2,2,1,2
44,-6646.370,-2508.657,215.385,-57.278,0.537979,0.842361,-0.031719,-0.837271,0.538334,0.095781,0.097758,-0.024971,0.994897,0,0.65644,-0.61921,12.800,-0.952,18.653,914.915,-1,-1,-1,800.777,837.343,591.076,530.612,-1,-1,-1,-1,-1,-1,22.519,-1,1,0,2,2,2,0,0,0,0,2,2,2,2,2,2,1,2
45,-6644.123,-2521.716,216.426,-58.286,0.522870,0.851709,-0.034621,-0.846142,0.523513,0.099894,0.103205,-0.022937,0.994396,0,0.65999,-0.61108,13.250,-1.008,18.831,947.979,-1,-1,-1,827.084,855.511,586.803,527.955,-1,-1,-1,-1,-1,-1,22.582,-1,1,0,2,2,2,0,0,0,0,2,2,2,2,2,2,1,2
46,-6641.955,-2535.232,217.419,-59.338,0.506916,0.861205,-0.036918,-0.855050,0.507796,0.105040,0.109208,-0.021679,0.993783,0,0.66378,-0.60241,13.689,-1.052,18.694,982.936,-1,-1,-1,847.853,867.688,582.107,526.308,-1,-1,-1,984.791,-1,-1,22.533,-1,1,0,2,2,2,0,0,0,0,2,2,2,0,2,2,1,2
47,-6639.464,-2551.971,218.603,-60.654,0.486768,0.872656,-0.039095,-0.865765,0.487911,0.111322,0.116221,-0.020341,0.993015,0,0.66775,-0.59333,16.924,-1.315,18.659,-1,-1,-1,-1,873.132,882.333,575.703,524.462,-1,-1,-1,914.691,-1,-1,22.520,-1,1,2,2,2,2,0,0,0,0,2,2,2,0,2,2,1,2
48,-6637.917,-2563.432,219.412,-61.551,0.472905,0.880194,-0.040254,-0.872851,0.474223,0.115082,0.120383,-0.019287,0.992540,0,0.67273,-0.58194,11.565,-0.898,18.655,-1,-1,-1,-1,882.881,891.138,571.642,522.965,-1,-1,-1,880.352,-1,-1,22.519,-1,1,2,2,2,2,0,0,0,0,2,2,2,0,2,2,1,2
49,-6636.236,-2577.962,220.548,-62.686,0.455293,0.889349,-0.042025,-0.881598,0.456918,0.118368,0.124473,-0.016843,0.992080,0,0.67613,-0.57414,14.627,-1.135,18.653,-1,-1,-1,-1,891.901,898.473,568.503,519.625,-1,-1,-1,841.540,-1,-1,22.518,-1,1,2,2,2,2,0,0,0,0,2,2,2,0,2,2,1,2
50,-6634.924,-2592.853,221.612,-63.858,0.437029,0.898439,-0.042586,-0.890426,0.438850,0.120632,0.127069,-0.014800,0.991783,0,0.68046,-0.56424,14.948,-1.171,18.434,-1,-1,-1,-1,896.771,901.534,563.855,516.412,-1,-1,-1,824.322,-1,-1,22.445,-1,1,2,2,2,2,0,0,0,0,2,2,2,0,2,2,1,2
51,-6633.829,-2608.100,222.315,-65.067,0.418115,0.907460,-0.041194,-0.899388,0.419913,0.121549,0.127599,-0.013772,0.991730,0,0.68496,-0.55393,15.287,-1.209,16.621,-1,-1,-1,-1,895.276,899.153,555.657,513.598,-1,-1,-1,832.544,-1,-1,11.444,-1,1,2,2,2,2,0,0,0,0,2,2,2,0,2,2,1,2
52,-6632.957,-2623.609,222.605,-66.298,0.398798,0.916224,-0.038655,-0.908403,0.400463,0.120141,0.125556,-0.012798,0.992004,0,0.68964,-0.54323,15.534,-1.231,-1,-1,-1,-1,-1,884.984,889.899,546.312,509.782,-1,-1,-1,869.113,-1,-1,20.495,-1,2,2,2,2,2,0,0,0,0,2,2,2,0,2,2,1,2
53,-6632.337,-2639.462,222.406,-67.530,0.379367,0.924533,-0.036310,-0.917218,0.380945,0.116583,0.121617,-0.010924,0.992517,0,0.69442,-0.53229,15.865,-1.232,-1,-1,-1,-1,-1,869.578,874.809,536.577,503.725,-1,-1,-1,931.098,-1,-1,19.717,-1,2,2,2,2,2,0,0,0,0,2,2,2,0,2,2,1,2
54,-6631.964,-2655.685,221.682,-68.764,0.359750,0.932384,-0.035227,-0.925753,0.361394,0.111249,0.116457,-0.007410,0.993168,0,0.69920,-0.52134,16.228,-1.234,16.556,-1,-1,-1,-1,850.891,856.528,528.603,494.568,-1,-1,-1,980.500,-1,-1,11.480,-1,1,2,2,2,2,0,0,0,0,2,2,2,0,2,2,1,2
55,-6631.878,-2672.274,220.476,-70.001,0.339925,0.939774,-0.035722,-0.933973,0.341791,0.104280,0.110209,-0.002084,0.993906,0,0.70401,-0.51034,16.589,-1.237,-1,987.973,-1,-1,-1,829.693,835.302,522.893,482.345,-1,-1,-1,-1,-1,-1,14.419,-1,2,0,2,2,2,0,0,0,0,2,2,2,2,2,2,1,2
56,-6632.076,-2689.192,218.756,-71.216,0.320327,0.946587,-0.036934,-0.941832,0.322419,0.094857,0.101699,0.004400,0.994806,0,0.70883,-0.49929,16.919,-1.216,-1,956.469,-1,-1,-1,803.290,808.461,518.022,467.960,-1,-1,-1,-1,-1,-1,-1,-1,2,0,2,2,2,0,0,0,0,2,2,2,2,2,2,2,2
57,-6632.509,-2706.493,216.440,-72.421,0.300750,0.952931,-0.038361,-0.949318,0.302978,0.083664,0.091348,0.011255,0.995755,0,0.71358,-0.48844,17.307,-1.205,-1,920.584,-1,-1,-1,772.130,776.544,511.454,452.387,-1,-1,-1,-1,-1,-1,-1,-1,2,0,2,2,2,0,0,0,0,2,2,2,2,2,2,2,2
58,-6633.179,-2724.193,213.567,-73.632,0.280908,0.958908,-0.039826,-0.956438,0.283139,0.071123,0.079477,0.018112,0.996672,0,0.71828,-0.47767,17.713,-1.211,-1,879.189,-1,959.108,-1,738.093,741.832,501.910,436.181,-1,-1,-1,-1,-1,-1,-1,-1,2,0,2,0,2,0,0,0,0,2,2,2,2,2,2,2,2
59,-6634.106,-2742.274,210.285,-74.846,0.260845,0.964466,-0.042009,-0.963112,0.262967,0.057125,0.066142,0.025559,0.997483,0,0.72301,-0.46685,18.105,-1.213,9.219,836.558,-1,902.478,-1,703.193,705.239,491.897,419.000,-1,-1,-1,-1,-1,-1,22.363,-1,1,0,2,0,2,0,0,0,0,2,2,2,2,2,2,1,2
60,-6635.372,-2760.717,206.823,-76.049,0.240777,0.969504,-0.045691,-0.969216,0.242667,0.041635,0.051453,0.034260,0.998088,0,0.72776,-0.45598,18.485,-1.203,18.048,793.692,-1,838.591,-1,665.636,665.568,487.302,400.645,-1,-1,-1,-1,-1,-1,22.333,-1,1,0,2,0,2,0,0,0,0,2,2,2,2,2,2,1,2
61,-6637.014,-2779.519,203.304,-77.240,0.220729,0.974027,-0.050500,-0.974703,0.222154,0.024527,0.035108,0.043809,0.998423,0,0.73247,-0.44519,18.874,-1.191,18.071,749.376,-1,774.957,-1,626.984,623.721,485.011,381.722,-1,-1,-1,-1,-1,-1,22.339,-1,1,0,2,0,2,0,0,0,0,2,2,2,2,2,2,1,2
62,-6638.943,-2798.776,199.838,-78.394,0.201155,0.977838,-0.058047,-0.979385,0.201884,0.006926,0.018491,0.055457,0.998290,0,0.73716,-0.43446,19.354,-1.153,17.724,708.833,-1,711.801,-1,590.456,585.216,489.465,361.578,-1,-1,-1,-1,-1,-1,22.259,-1,1,0,2,0,2,0,0,0,0,2,2,2,2,2,2,1,2
63,-6640.910,-2818.710,196.396,-79.474,0.182677,0.980884,-0.067050,-0.983170,0.182427,-0.009880,0.002540,0.067726,0.997701,0,0.74168,-0.42411,20.031,-1.081,17.283,671.883,-1,654.551,-1,556.512,547.399,507.090,341.961,-1,-1,-1,-1,-1,-1,22.194,-1,1,0,2,0,2,0,0,0,0,2,2,2,2,2,2,1,2
64,-6642.783,-2839.364,192.994,-80.450,0.165890,0.983098,-0.077453,-0.986063,0.164359,-0.025787,-0.012621,0.080651,0.996662,0,0.74586,-0.41455,20.739,-0.976,17.057,637.910,-1,601.924,15.648,525.580,512.747,534.348,322.876,-1,-1,-1,-1,948.520,-1,22.179,15.958,1,0,2,0,1,0,0,0,0,2,2,2,2,0,2,1,1
65,-6644.525,-2860.351,190.059,-81.309,0.151051,0.984749,-0.086334,-0.988173,0.148085,-0.039824,-0.026432,0.091329,0.995470,0,-0.01913,-0.19455,21.060,-0.859,16.801,606.659,-1,559.272,14.698,498.468,483.125,558.814,307.358,-1,-1,-1,-1,890.600,969.135,22.183,40.230,1,0,2,0,1,0,0,0,0,2,2,2,2,0,0,1,1
66,-6645.829,-2881.200,188.409,-82.020,0.138732,0.986241,-0.089904,-0.989660,0.134726,-0.049212,-0.036422,0.095801,0.994734,0,-0.01921,-0.18741,20.889,-0.711,16.568,582.223,-1,533.020,14.134,479.029,463.200,566.972,299.748,-1,-1,-1,-1,846.348,902.762,22.207,50.354,1,0,2,0,1,0,0,0,0,2,2,2,2,0,0,1,1
67,-6646.744,-2901.736,188.118,-82.689,0.127145,0.987972,-0.088013,-0.990952,0.122678,-0.054446,-0.042994,0.094140,0.994630,0,-0.01927,-0.18189,20.556,-0.668,16.721,563.896,-1,520.597,14.476,466.288,452.071,566.835,299.594,-1,-1,-1,-1,813.288,870.362,22.189,51.589,1,0,2,0,1,0,0,0,0,2,2,2,2,0,0,1,1
68,-6647.742,-2921.870,188.739,-83.410,0.114648,0.989983,-0.082396,-0.992319,0.110249,-0.056106,-0.046460,0.088196,0.995019,0,-0.01933,-0.17690,20.159,-0.721,16.556,551.187,-1,518.602,14.104,459.226,448.521,559.274,304.379,-1,-1,-1,-1,792.138,861.711,22.210,49.986,1,0,2,0,1,0,0,0,0,2,2,2,2,0,0,1,1
69,-6648.750,-2941.516,189.838,-84.104,0.102594,0.991844,-0.075631,-0.993546,0.098478,-0.056294,-0.048387,0.080918,0.995546,0,-0.01939,-0.17136,19.673,-0.695,9.814,541.515,-1,521.281,13.787,455.022,448.277,548.873,311.249,-1,-1,-1,-1,776.037,863.760,22.250,47.070,1,0,2,0,1,0,0,0,0,2,2,2,2,0,0,1,1
70,-6649.663,-2960.544,191.204,-84.719,0.091927,0.993359,-0.069191,-0.994448,0.088009,-0.057687,-0.051215,0.074110,0.995934,0,-0.01945,-0.16606,19.049,-0.614,-1,531.553,-1,523.776,13.883,450.271,447.163,539.350,318.343,-1,-1,-1,-1,759.170,863.149,-1,43.774,2,0,2,0,1,0,0,0,0,2,2,2,2,0,0,2,1
71,-6650.466,-2978.898,192.764,-85.256,0.082575,0.994538,-0.063841,-0.994987,0.078647,-0.061774,-0.056416,0.068622,0.996046,0,-0.01950,-0.16157,18.372,-0.537,-1,519.443,984.889,521.341,14.553,443.342,442.945,538.133,324.797,-1,-1,-1,-1,738.397,851.545,-1,41.473,2,0,1,0,1,0,0,0,0,2,2,2,2,0,0,2,1
72,-6651.347,-2996.592,194.544,-85.751,0.073939,0.995532,-0.058732,-0.995201,0.069874,-0.068500,-0.064090,0.063515,0.995921,0,-0.01954,-0.15784,17.716,-0.495,-1,504.937,922.987,514.544,17.859,434.168,435.882,539.438,331.289,-1,-1,-1,-1,713.116,830.432,-1,41.693,2,0,1,0,1,0,0,0,0,2,2,2,2,0,0,2,1
73,-6652.411,-3013.908,196.357,-86.253,0.065185,0.996547,-0.051423,-0.995270,0.061209,-0.075439,-0.072031,0.056098,0.995824,0,-0.01958,-0.15446,17.349,-0.502,-1,490.028,940.092,508.830,37.844,424.736,429.107,533.868,339.964,-1,-1,-1,-1,687.172,812.204,923.790,39.744,2,0,1,0,1,0,0,0,0,2,2,2,2,0,0,0,1
74,-6654.186,-3030.583,197.965,-86.940,0.053211,0.997785,-0.039925,-0.995255,0.049729,-0.083635,-0.081464,0.044186,0.995696,0,-0.01961,-0.15096,16.770,-0.687,954.416,471.746,971.534,502.770,34.383,413.303,421.370,515.762,352.352,-1,-1,-1,-1,657.942,792.655,823.076,35.981,0,0,1,0,1,0,0,0,0,2,2,2,2,0,0,0,1
75,-6656.340,-3046.783,199.208,-87.697,0.040021,0.998861,-0.025984,-0.994962,0.037446,-0.092998,-0.091919,0.029574,0.995327,0,-0.01968,-0.14536,16.343,-0.757,814.372,452.273,-1,494.322,32.060,400.278,412.544,493.899,367.032,-1,-1,-1,-1,626.120,771.601,14.055,33.389,0,0,2,0,1,0,0,0,0,2,2,2,2,0,0,1,1
76,-6658.777,-3062.519,200.178,-88.461,0.026717,0.999577,-0.011466,-0.994350,0.025395,-0.103073,-0.102738,0.014155,0.994608,0,-0.01975,-0.13892,15.924,-0.764,18.128,431.928,-1,483.809,30.465,386.787,403.479,473.598,382.685,-1,-1,-1,-1,593.798,750.121,22.355,31.406,1,0,2,0,1,0,0,0,0,2,2,2,2,0,0,1,1
77,-6661.439,-3077.802,201.131,-89.194,0.013982,0.999902,0.000469,-0.993601,0.013947,-0.112083,-0.112078,0.001101,0.993699,0,-0.01982,-0.13229,15.513,-0.733,17.790,415.388,-1,474.812,25.107,375.606,396.317,459.224,396.613,-1,-1,-1,-1,566.657,731.625,22.273,29.605,1,0,2,0,1,0,0,0,0,2,2,2,2,0,0,1,1
78,-6664.097,-3092.715,202.103,-89.884,0.002007,0.999966,0.007995,-0.992854,0.002947,-0.119298,-0.119318,-0.007698,0.992826,0,-0.01989,-0.12588,15.148,-0.690,17.545,403.674,-1,467.444,19.783,367.460,391.278,453.709,406.501,-1,-1,-1,-1,548.409,713.715,22.227,28.768,1,0,2,0,1,0,0,0,0,2,2,2,2,0,0,1,1
79,-6666.764,-3107.421,202.893,-90.538,-0.009324,0.999883,0.012093,-0.992298,-0.007758,-0.123631,-0.123523,-0.013153,0.992255,0,-0.01996,-0.11987,14.946,-0.654,16.989,396.791,-1,463.024,15.369,363.294,388.669,452.728,412.786,-1,-1,-1,-1,538.491,701.926,22.178,26.940,1,0,2,0,1,0,0,0,0,2,2,2,2,0,0,1,1
80,-6669.444,-3122.011,203.287,-91.146,-0.019845,0.999707,0.013855,-0.992036,-0.017965,-0.124667,-0.124381,-0.016219,0.992102,0,-0.02002,-0.11420,14.834,-0.608,16.458,394.107,-1,461.943,13.934,362.467,389.022,455.040,415.969,-1,-1,-1,-1,535.167,697.087,22.226,26.685,1,0,2,0,1,0,0,0,0,2,2,2,2,0,0,1,1
81,-6672.192,-3136.464,203.202,-91.707,-0.029567,0.999461,0.014250,-0.992129,-0.027609,-0.122140,-0.121681,-0.017749,0.992411,0,-0.02008,-0.10900,14.712,-0.561,16.050,395.352,-1,464.707,13.468,364.931,392.584,460.400,416.772,-1,-1,-1,-1,538.051,700.155,22.356,26.376,1,0,2,0,1,0,0,0,0,2,2,2,2,0,0,1,1
82,-6674.939,-3151.155,202.554,-92.234,-0.038727,0.999156,0.013720,-0.992633,-0.036890,-0.115405,-0.114801,-0.018089,0.993224,0,0.70101,-0.00641,14.946,-0.527,15.376,401.015,-1,472.765,13.269,371.400,400.118,466.888,415.362,-1,-1,-1,-1,550.149,713.236,22.848,28.732,1,0,2,0,1,0,0,0,0,2,2,2,2,0,0,1,1
83,-6677.499,-3166.610,201.221,-92.700,-0.046847,0.998842,0.010957,-0.993507,-0.045453,-0.104294,-0.103675,-0.015772,0.994486,0,0.70271,-0.00203,15.665,-0.465,14.455,411.326,-1,485.460,13.624,382.174,411.491,476.913,410.098,-1,-1,-1,-1,572.761,735.900,24.713,27.747,1,0,2,0,1,0,0,0,0,2,2,2,2,0,0,1,1
84,-6679.697,-3182.716,199.209,-93.044,-0.052880,0.998588,0.005109,-0.994506,-0.052200,-0.090736,-0.090341,-0.009879,0.995862,0,0.70410,0.00156,16.255,-0.344,612.559,425.298,-1,499.447,14.874,395.100,425.321,489.424,400.037,-1,-1,-1,-1,598.996,762.470,646.074,23.593,0,0,2,0,1,0,0,0,0,2,2,2,2,0,0,0,1
85,-6681.298,-3199.115,196.677,-93.162,-0.054999,0.998476,-0.004655,-0.995480,-0.055194,-0.077284,-0.077423,0.000384,0.996998,0,0.70494,0.00373,16.477,-0.119,663.302,439.526,-1,510.523,16.898,407.835,437.458,507.788,384.822,-1,-1,-1,-1,632.828,785.373,726.445,22.179,0,0,2,0,1,0,0,0,0,2,2,2,2,0,0,0,1
86,-6681.766,-3215.406,193.844,-92.974,-0.051766,0.998466,-0.019619,-0.996500,-0.052935,-0.064695,-0.065635,0.016202,0.997712,0,0.70481,0.00340,16.298,0.189,787.604,453.771,-1,517.197,18.147,417.632,445.324,535.217,364.403,-1,-1,-1,-1,669.556,802.103,908.759,22.361,0,0,2,0,1,0,0,0,0,2,2,2,2,0,0,0,1
87,-6680.671,-3231.055,191.104,-92.483,-0.043251,0.998325,-0.038437,-0.997595,-0.045241,-0.052518,-0.054169,0.036073,0.997880,0,0.70334,-0.00038,15.688,0.491,-1,468.121,-1,522.702,18.263,426.732,451.386,570.429,341.458,-1,-1,-1,-1,712.462,818.238,-1,22.393,2,0,2,0,1,0,0,0,0,2,2,2,2,0,0,2,1
88,-6678.622,-3246.570,188.582,-91.731,-0.030175,0.997976,-0.055979,-0.998756,-0.032329,-0.037973,-0.039706,0.054764,0.997710,0,0.70053,-0.00764,15.650,0.752,-1,488.464,-1,536.296,17.005,439.546,462.896,607.095,321.930,-1,-1,-1,-1,775.343,852.823,-1,22.178,2,0,2,0,1,0,0,0,0,2,2,2,2,0,0,2,1
89,-6676.229,-3262.516,186.446,-90.926,-0.016156,0.997413,-0.070046,-0.999653,-0.017569,-0.019608,-0.020788,0.069705,0.997351,0,0.69657,-0.01783,16.125,0.805,-1,515.425,-1,562.704,16.840,459.910,483.691,638.645,307.833,-1,-1,-1,-1,872.708,917.289,-1,22.181,2,0,2,0,1,0,0,0,0,2,2,2,2,0,0,2,1
90,-6673.614,-3278.680,185.248,-90.158,-0.002756,0.996922,-0.078349,-0.999987,-0.003079,-0.003995,-0.004224,0.078337,0.996918,0,0.69233,-0.02876,16.374,0.768,-1,537.106,-1,592.378,16.715,479.095,504.068,657.883,301.061,-1,-1,-1,941.805,975.375,991.559,-1,22.190,2,0,2,0,1,0,0,0,0,2,2,2,0,0,0,2,1
91,-6670.665,-3294.844,185.098,-89.452,0.009569,0.996675,-0.080921,-0.999932,0.010076,0.005856,0.006651,0.080860,0.996703,0,0.68817,-0.03947,16.431,0.706,-1,551.760,-1,618.002,16.466,490.499,517.845,665.694,300.986,-1,-1,-1,809.234,-1,-1,-1,22.226,2,0,2,0,1,0,0,0,0,2,2,2,0,2,2,2,1
92,-6667.440,-3310.805,185.871,-88.771,0.021443,0.996739,-0.077794,-0.999715,0.022191,0.008753,0.010450,0.077584,0.996931,0,0.74475,0.31253,16.283,0.680,-1,552.198,-1,633.949,16.479,490.898,522.196,660.006,306.944,-1,-1,-1,794.375,-1,-1,-1,22.223,2,0,2,0,1,0,0,0,0,2,2,2,0,2,2,2,1
93,-6663.757,-3326.774,186.997,-88.068,0.033713,0.996787,-0.072656,-0.999400,0.034200,0.005475,0.007943,0.072427,0.997342,0,0.74048,0.30241,16.388,0.703,-1,540.048,-1,637.766,16.893,481.676,515.680,649.740,314.946,-1,-1,-1,827.242,-1,-1,-1,22.179,2,0,2,0,1,0,0,0,0,2,2,2,0,2,2,2,1
94,-6659.576,-3342.927,187.914,-87.315,0.046845,0.996607,-0.067678,-0.998900,0.046870,-0.001224,0.001953,0.067660,0.997706,0,0.73602,0.29186,16.685,0.753,-1,520.904,-1,632.614,13.215,466.610,502.001,639.585,322.329,-1,-1,-1,887.965,983.889,-1,-1,10.104,2,0,2,0,1,0,0,0,0,2,2,2,0,0,2,2,1
95,-6654.872,-3359.386,188.280,-86.511,0.060862,0.996164,-0.062870,-0.998135,0.060436,-0.008655,-0.004822,0.063279,0.997984,0,0.73124,0.28056,17.118,0.804,-1,499.570,-1,624.075,-1,449.400,485.651,629.271,328.846,-1,-1,-1,956.402,910.897,-1,-1,13.788,2,0,2,0,2,0,0,0,0,2,2,2,0,0,2,2,1
96,-6649.739,-3376.249,187.855,-85.678,0.075360,0.995458,-0.058176,-0.997094,0.074576,-0.015547,-0.011138,0.059179,0.998185,0,0.72613,0.26846,17.627,0.833,-1,477.949,-1,613.410,-1,431.577,468.551,617.742,334.082,-1,-1,-1,-1,845.934,-1,-1,14.356,2,0,2,0,2,0,0,0,0,2,2,2,2,0,2,2,1
97,-6643.051,-3397.173,186.093,-84.645,0.093306,0.994238,-0.052776,-0.995510,0.092315,-0.020922,-0.015930,0.054491,0.998387,0,0.72078,0.25580,21.967,1.032,-1,454.632,565.238,593.310,13.613,412.088,449.641,601.731,338.550,-1,-1,-1,-1,785.901,-1,-1,10.570,2,0,1,0,1,0,0,0,0,2,2,2,2,0,2,2,1
98,-6638.304,-3411.538,184.266,-83.956,0.105279,0.993231,-0.049072,-0.994287,0.104262,-0.022862,-0.017591,0.051199,0.998534,0,0.71406,0.23989,15.129,0.690,-1,440.335,560.495,582.046,16.936,399.758,438.170,589.419,340.790,-1,-1,-1,-1,752.706,-1,-1,22.178,2,0,1,0,1,0,0,0,0,2,2,2,2,0,2,2,1
99,-6632.032,-3430.013,181.775,-83.110,0.119941,0.991735,-0.045569,-0.992642,0.119030,-0.022223,-0.016616,0.047899,0.998714,0,0.70947,0.22904,19.510,0.845,13.582,427.456,564.628,574.167,16.187,388.306,427.984,575.817,342.917,-1,-1,-1,-1,730.318,-1,30.868,22.303,1,0,1,0,1,0,0,0,0,2,2,2,2,0,2,1,1
100,-6625.919,-3449.312,179.685,-82.388,0.132456,0.990278,-0.042479,-0.991127,0.131847,-0.016849,-0.011084,0.044334,0.998955,0,0.70369,0.21536,20.244,0.722,13.300,423.088,603.644,579.342,15.701,384.965,426.204,563.787,346.298,-1,-1,-1,930.070,736.932,-1,41.086,22.556,1,0,1,0,1,0,0,0,0,2,2,2,0,0,2,1,1
101,-6620.096,-3469.290,178.434,-81.806,0.142530,0.988925,-0.041374,-0.989786,0.142282,-0.008903,-0.002918,0.042221,0.999104,0,0.69835,0.20273,20.810,0.582,13.273,425.898,588.078,593.594,15.316,387.945,430.348,557.106,349.793,-1,-1,-1,861.794,788.864,-1,46.860,22.913,1,0,1,0,1,0,0,0,0,2,2,2,0,0,2,1,1
102,-6614.651,-3489.802,178.116,-81.323,0.150862,0.987620,-0.042982,-0.988538,0.150968,-0.000799,0.005699,0.042610,0.999076,0,0.69355,0.19136,21.223,0.483,13.398,432.927,563.699,611.372,13.710,394.103,437.110,555.434,352.300,-1,-1,-1,813.388,905.464,-1,39.395,11.770,1,0,1,0,1,0,1,0,0,2,2,2,0,0,2,1,1
103,-6608.796,-3514.892,178.967,-80.913,0.157908,0.986363,-0.046398,-0.987336,0.158441,0.008027,0.015269,0.044543,0.998891,0,0.68914,0.18092,25.763,0.410,13.614,444.896,542.876,635.276,-1,403.967,400.777,559.368,355.627,-1,-1,-1,770.605,-1,-1,31.778,-1,1,0,1,0,2,0,1,0,0,2,2,2,0,2,2,1,2
104,-6605.271,-3531.802,180.063,-80.744,0.160818,0.985774,-0.048849,-0.986762,0.161635,0.013229,0.020937,0.046075,0.998719,0,0.51614,-0.03883,17.274,0.170,13.887,456.480,528.537,651.556,-1,411.924,451.545,563.551,358.273,-1,-1,-1,752.944,-1,-1,27.995,-1,1,0,1,0,2,0,1,0,0,2,2,2,0,2,2,1,2
105,-6601.366,-3552.917,181.884,-80.647,0.162457,0.985420,-0.050543,-0.986343,0.163591,0.019142,0.027131,0.046743,0.998538,0,0.51416,-0.04504,21.474,0.097,14.080,474.124,509.651,673.428,-1,424.839,431.907,567.318,363.249,-1,-1,-1,742.484,-1,-1,26.491,-1,1,0,1,0,2,0,1,0,0,2,2,2,0,2,2,1,2
106,-6597.769,-3574.168,183.920,-80.642,0.162516,0.985335,-0.051990,-0.986118,0.164012,0.025913,0.034060,0.047057,0.998311,0,0.51207,-0.05159,21.554,0.005,14.112,495.036,490.215,700.669,-1,440.517,410.120,570.927,368.814,-1,-1,-1,732.513,-1,-1,26.291,-1,1,0,1,0,2,0,1,0,0,2,2,2,0,2,2,1,2
107,-6594.346,-3595.569,185.986,-80.684,0.161742,0.985396,-0.053243,-0.985936,0.163659,0.033842,0.042061,0.047020,0.998008,0,0.51026,-0.05726,21.673,-0.042,14.145,521.214,470.611,733.300,-1,459.011,387.281,573.967,374.757,-1,-1,-1,721.013,-1,-1,26.093,-1,1,0,1,0,2,0,1,0,0,2,2,2,0,2,2,1,2
108,-6591.021,-3617.001,188.088,-80.749,0.160555,0.985533,-0.054290,-0.985727,0.162923,0.042410,0.050641,0.046706,0.997624,0,0.50857,-0.06257,21.688,-0.065,14.158,551.281,451.006,769.938,-1,480.852,364.140,572.792,381.048,-1,-1,-1,710.112,-1,-1,26.028,-1,1,0,1,0,2,0,1,0,0,2,2,2,0,2,2,1,2
109,-6587.819,-3638.339,190.339,-80.839,0.158925,0.985747,-0.055196,-0.985479,0.161770,0.051582,0.059776,0.046196,0.997142,0,0.50692,-0.06776,21.576,-0.090,14.116,587.433,-1,805.572,-1,472.068,299.142,571.404,387.797,-1,-1,-1,698.886,-1,-1,26.268,-1,1,0,2,0,2,1,1,0,0,2,2,2,0,2,2,1,2
110,-6584.637,-3659.692,192.682,-80.941,0.157071,0.986058,-0.054939,-0.985098,0.160379,0.062126,0.070071,0.044362,0.996555,0,0.50532,-0.07278,21.589,-0.102,14.073,628.650,-1,848.337,13.929,450.323,286.211,567.571,396.199,-1,-1,-1,687.940,-1,-1,26.538,27.617,1,0,2,0,1,1,1,0,0,2,2,2,0,2,2,1,1
111,-6581.358,-3681.099,195.167,-81.041,0.155188,0.986491,-0.052460,-0.984370,0.158893,0.075957,0.083266,0.039852,0.995730,0,0.50371,-0.07782,21.657,-0.100,13.951,694.979,-1,892.593,14.053,429.032,273.735,558.856,408.074,-1,940.235,928.267,676.855,-1,-1,27.415,26.681,1,0,2,0,1,1,1,0,0,2,0,0,0,2,2,1,1
112,-6577.600,-3701.928,198.011,-80.945,0.156587,0.986150,-0.054667,-0.982589,0.161148,0.092463,0.099991,0.039237,0.994214,0,0.50204,-0.08308,21.166,0.096,14.392,813.570,-1,943.200,-1,410.713,257.098,560.674,417.180,-1,690.336,794.890,648.090,-1,-1,24.946,-1,1,0,2,0,2,1,1,0,0,2,0,0,0,2,2,1,2
113,-6573.593,-3722.388,201.381,-80.763,0.159369,0.985358,-0.060588,-0.979994,0.165316,0.110826,0.119219,0.041714,0.991991,0,0.49968,-0.09048,20.849,0.182,16.127,-1,-1,998.699,-1,394.260,263.993,570.594,424.275,-1,555.169,661.198,610.878,-1,-1,22.325,-1,1,2,2,0,2,1,1,0,0,2,0,0,0,2,2,1,2
114,-6570.413,-3742.290,205.163,-80.763,0.159009,0.985343,-0.061774,-0.977787,0.165826,0.128195,0.136560,0.040018,0.989823,0,0.49700,-0.09889,20.154,-0.000,18.897,-1,-1,-1,-1,376.984,246.691,571.832,436.111,-1,488.781,570.005,590.469,-1,-1,22.606,-1,1,2,2,2,2,1,1,0,0,2,0,0,0,2,2,1,2
115,-6568.848,-3761.203,208.810,-81.109,0.152808,0.986721,-0.055054,-0.976809,0.159258,0.143112,0.149979,0.031908,0.988174,0,0.49500,-0.10518,18.978,-0.346,16.023,-1,-1,-1,-1,357.658,225.803,557.546,453.846,947.735,447.912,521.161,593.120,-1,-1,22.369,-1,1,2,2,2,2,1,1,0,0,0,0,0,0,2,2,1,2
116,-6567.393,-3779.986,211.921,-81.558,0.144881,0.988380,-0.045976,-0.976225,0.150362,0.156131,0.161230,0.022262,0.986666,0,0.49432,-0.10730,18.839,-0.449,-1,-1,-1,-1,-1,337.694,225.659,538.396,472.590,780.068,419.744,487.735,602.246,-1,-1,-1,-1,2,2,2,2,2,1,1,0,0,0,0,0,0,2,2,2,2
117,-6565.820,-3798.659,214.279,-82.022,0.136784,0.989904,-0.037162,-0.976039,0.141088,0.165655,0.169225,0.013612,0.985483,0,0.49396,-0.10844,18.738,-0.464,-1,-1,-1,-1,-1,330.007,955.719,519.223,489.002,731.670,402.579,463.908,614.326,-1,-1,-1,-1,2,2,2,2,2,1,0,0,0,0,0,0,0,2,2,2,2
118,-6564.271,-3817.193,215.888,-82.438,0.129602,0.991106,-0.030201,-0.976255,0.132873,0.171089,0.173581,0.007310,0.984793,0,0.49360,-0.10957,18.599,-0.416,-1,-1,-1,-1,-1,310.992,976.123,502.224,501.101,714.854,395.014,456.893,627.228,-1,-1,-1,-1,2,2,2,2,2,1,0,0,0,0,0,0,0,2,2,2,2
119,-6562.696,-3835.584,216.761,-82.788,0.123629,0.991966,-0.026829,-0.976917,0.126411,0.172203,0.174211,0.004921,0.984696,0,0.49306,-0.11128,18.458,-0.350,-1,-1,-1,-1,-1,955.355,979.357,491.408,506.571,720.321,398.866,458.692,638.028,-1,-1,-1,-1,2,2,2,2,2,0,0,0,0,0,0,0,0,2,2,2,2
120,-6561.320,-3853.827,216.948,-83.071,0.118866,0.992549,-0.026784,-0.978111,0.121691,0.168791,0.170792,0.006134,0.985288,0,0.49227,-0.11374,18.295,-0.284,-1,-1,-1,-1,-1,941.302,964.200,486.057,505.615,752.243,414.832,473.458,648.104,-1,-1,-1,-1,2,2,2,2,2,0,0,0,0,0,0,0,0,2,2,2,2
121,-6559.930,-3875.361,216.244,-83.338,0.114510,0.992924,-0.031451,-0.980328,0.118067,0.158169,0.160763,0.012720,0.986911,0,0.28313,-0.51944,21.579,-0.267,-1,-1,-1,-1,-1,898.658,921.239,486.742,495.482,835.333,451.393,513.136,659.895,-1,-1,-1,-1,2,2,2,2,2,0,0,0,0,0,0,0,0,2,2,2,2
122,-6559.177,-3889.527,215.175,-83.485,0.112151,0.993003,-0.036967,-0.982079,0.116434,0.148199,0.151466,0.019684,0.988266,0,0.28231,-0.52391,14.186,-0.148,-1,-1,-1,-1,-1,858.845,882.983,490.539,484.252,942.231,487.482,549.174,666.348,-1,-1,-1,-1,2,2,2,2,2,0,0,0,0,0,0,0,0,2,2,2,2
123,-6558.488,-3907.137,213.391,-83.650,0.109525,0.992876,-0.046923,-0.984225,0.114928,0.134508,0.138942,0.031451,0.989801,0,0.28171,-0.52718,17.624,-0.165,14.687,-1,-1,-1,-1,213.584,832.957,499.951,465.984,-1,540.327,601.631,668.016,-1,-1,24.017,-1,1,2,2,2,2,1,0,0,0,2,0,0,0,2,2,1,2
124,-6558.134,-3924.737,211.278,-83.816,0.106859,0.992501,-0.059361,-0.986170,0.113406,0.120867,0.126692,0.045624,0.990892,0,0.28093,-0.53145,17.603,-0.165,14.812,-1,-1,961.545,-1,170.716,785.699,515.088,445.084,-1,592.425,662.948,661.813,-1,-1,23.722,-1,1,2,2,0,2,1,0,0,0,2,0,0,0,2,2,1,2
125,-6558.129,-3942.375,209.053,-84.007,0.103716,0.991939,-0.072802,-0.987894,0.111230,0.108135,0.115361,0.060705,0.991467,0,0.28014,-0.53571,17.638,-0.191,15.010,-1,-1,904.837,-1,148.889,743.379,534.479,423.908,-1,652.632,722.929,651.189,-1,-1,23.343,-1,1,2,2,0,2,1,0,0,0,2,0,0,0,2,2,1,2
126,-6558.499,-3959.981,207.036,-84.238,0.099847,0.991273,-0.086069,-0.989459,0.108037,0.096435,0.104892,0.075533,0.991611,0,0.27940,-0.53974,17.610,-0.231,15.124,-1,-1,853.273,-1,126.927,706.445,554.731,404.251,-1,717.015,792.333,639.934,-1,-1,23.163,-1,1,2,2,0,2,1,0,0,0,2,0,0,0,2,2,1,2
127,-6559.217,-3977.484,205.500,-84.535,0.094807,0.990605,-0.098561,-0.990966,0.103346,0.085479,0.094862,0.089567,0.991453,0,0.27874,-0.54336,17.517,-0.297,15.334,-1,-1,807.978,-1,104.804,674.091,576.936,386.915,-1,789.709,874.302,630.980,-1,-1,22.894,-1,1,2,2,0,2,1,0,0,0,2,0,0,0,2,2,1,2
128,-6560.399,-3998.420,204.285,-84.937,0.087964,0.989925,-0.110955,-0.992759,0.096268,0.071847,0.081805,0.103832,0.991225,0,0.27820,-0.54629,20.969,-0.401,15.305,999.456,-1,759.597,-1,77.937,638.732,602.721,370.273,-1,931.672,-1,630.402,-1,-1,22.925,-1,1,0,2,0,2,1,0,0,0,2,0,2,0,2,2,1,2
129,-6561.199,-4012.363,203.745,-85.187,0.083675,0.989413,-0.118579,-0.993833,0.091547,0.062564,0.072758,0.112613,0.990972,0,0.27763,-0.54940,13.966,-0.251,15.232,941.138,-1,729.562,-1,60.044,616.745,621.056,360.665,-1,-1,-1,633.354,-1,-1,23.014,-1,1,0,2,0,2,1,0,0,0,2,2,2,0,2,2,1,2
130,-6562.241,-4029.810,203.351,-85.492,0.078450,0.988726,-0.127543,-0.995037,0.085514,0.050874,0.061207,0.122919,0.990527,0,0.27720,-0.55175,17.478,-0.305,15.613,44.465,-1,692.639,-1,37.635,590.570,646.798,350.009,-1,-1,-1,640.178,-1,-1,22.621,-1,1,1,2,0,2,1,0,0,0,2,2,2,0,2,2,1,2
131,-6563.552,-4047.235,203.239,-85.840,0.072458,0.988158,-0.135255,-0.996152,0.078406,0.039171,0.049312,0.131897,0.990036,0,0.27662,-0.55490,17.474,-0.348,15.879,17.664,-1,658.598,-1,15.000,565.418,672.663,341.035,-1,-1,-1,652.378,17.384,964.152,22.441,-1,1,1,2,0,2,1,0,0,0,2,2,2,0,1,0,1,2
132,-6565.153,-4064.547,203.464,-86.227,0.065758,0.987594,-0.142594,-0.997129,0.070413,0.027840,0.037535,0.140354,0.989390,0,0.27611,-0.55767,17.386,-0.387,15.783,15.675,-1,627.780,-1,21.766,542.376,700.002,333.148,-1,-1,-1,667.304,12.766,909.417,22.500,-1,1,1,2,0,2,1,0,0,0,2,2,2,0,1,0,1,2
133,-6566.899,-4081.295,204.088,-86.515,0.060760,0.986726,-0.150601,-0.997803,0.064034,0.016979,0.026398,0.149239,0.988449,0,0.27568,-0.56004,16.839,-0.288,15.872,730.114,-1,600.183,937.450,529.499,522.081,739.471,325.773,-1,-1,-1,680.389,-1,861.325,22.445,-1,1,0,2,0,0,0,0,0,0,2,2,2,0,2,0,1,2
134,-6568.525,-4092.427,205.165,-86.014,0.069510,0.985271,-0.156232,-0.997523,0.070336,-0.000242,0.010751,0.155862,0.987720,0,0.27508,-0.56328,11.250,0.501,16.346,682.695,-1,568.573,13.771,502.065,493.673,776.997,321.133,-1,-1,-1,707.140,-1,807.900,22.254,34.058,1,0,2,0,1,0,0,0,0,2,2,2,0,2,0,1,1
135,-6570.181,-4097.610,206.853,-85.187,0.083894,0.983509,-0.160222,-0.996450,0.081679,-0.020377,-0.006954,0.161363,0.986871,0,0.27343,-0.57226,5.441,0.826,16.496,629.442,-1,538.632,13.984,473.099,464.654,841.282,318.323,-1,-1,-1,743.324,-1,757.948,22.220,42.080,1,0,2,0,1,0,0,0,0,2,2,2,0,2,0,1,1
136,-6571.179,-4099.624,209.165,-84.330,0.098782,0.981269,-0.165387,-0.994912,0.094079,-0.036056,-0.019821,0.168107,0.985569,0,0.27163,-0.58205,2.247,0.858,16.277,603.093,-1,516.649,13.683,455.384,446.251,-1,316.020,-1,-1,-1,765.613,-1,724.780,22.272,45.581,1,0,2,0,1,0,0,2,0,2,2,2,0,2,0,1,1
137,-5092.299,-5503.325,130.091,-175.443,-0.996726,0.079492,0.014796,-0.079448,-0.996833,0.003544,0.015031,0.002357,0.999884,1,0.26998,-0.59109,0.000,0.000,-1,505.393,-1,497.010,12.834,434.507,434.241,478.633,492.655,-1,-1,-1,-1,761.967,761.175,-1,11.550,2,0,2,0,1,0,0,0,0,2,2,2,2,0,0,2,1
138,-5091.289,-5503.228,131.438,-175.441,-0.996713,0.079522,0.015456,-0.079471,-0.996830,0.003876,0.015715,0.002635,0.999873,0,0.30349,-0.92048,1.015,0.001,-1,509.779,-1,501.114,-1,438.203,437.876,482.601,495.698,-1,-1,-1,-1,769.433,768.353,-1,-1,2,0,2,0,2,0,0,0,0,2,2,2,2,0,0,2,2
139,-5090.706,-5503.174,131.542,-175.441,-0.996677,0.079535,0.017562,-0.079471,-0.996828,0.004295,0.017848,0.002885,0.999837,0,0.30351,-0.92048,0.586,0.000,-1,513.765,-1,504.836,-1,441.417,441.024,483.511,495.792,-1,-1,-1,-1,777.593,776.353,-1,-1,2,0,2,0,2,0,0,0,0,2,2,2,2,0,0,2,2
140,-5090.534,-5503.096,130.523,-175.454,-0.996638,0.079323,0.020515,-0.079235,-0.996843,0.005077,0.020853,0.003434,0.999777,0,0.30352,-0.92048,0.189,-0.013,-1,516.853,-1,507.338,-1,443.671,443.126,482.197,492.637,-1,-1,-1,-1,785.332,783.356,-1,-1,2,0,2,0,2,0,0,0,0,2,2,2,2,0,0,2,2
141,-5090.688,-5502.940,128.656,-175.482,-0.996612,0.078875,0.023298,-0.078750,-0.996875,0.006215,0.023716,0.004359,0.999709,0,0.30356,-0.92048,0.219,-0.028,-1,518.028,-1,507.513,-1,444.145,443.335,479.383,486.713,-1,-1,-1,-1,790.176,786.475,-1,-1,2,0,2,0,2,0,0,0,0,2,2,2,2,0,0,2,2
142,-5091.049,-5502.779,126.460,-175.521,-0.996646,0.078206,0.024102,-0.078072,-0.996927,0.006445,0.024532,0.004542,0.999689,0,0.30362,-0.92048,0.396,-0.039,-1,514.675,-1,503.910,16.765,441.084,440.208,474.203,481.045,-1,-1,-1,-1,785.768,780.778,-1,22.463,2,0,2,0,1,0,0,0,0,2,2,2,2,0,0,2,1
143,-5091.621,-5502.687,124.433,-175.562,-0.996729,0.077479,0.022984,-0.077364,-0.996986,0.005831,0.023366,0.004034,0.999719,0,0.30371,-0.92048,0.579,-0.041,-1,507.999,-1,497.708,18.840,435.520,434.763,468.048,476.753,-1,-1,-1,-1,774.062,769.578,15.760,29.784,2,0,2,0,1,0,0,0,0,2,2,2,2,0,0,1,1
144,-5092.444,-5502.646,122.997,-175.602,-0.996828,0.076744,0.021090,-0.076661,-0.997046,0.004731,0.021391,0.003099,0.999766,0,0.30380,-0.92048,0.824,-0.041,17.525,500.997,-1,491.622,19.488,429.876,429.339,462.615,474.524,-1,-1,-1,-1,761.042,758.000,22.224,34.403,1,0,2,0,1,0,0,0,0,2,2,2,2,0,0,1,1
145,-5093.526,-5502.602,122.350,-175.651,-0.996931,0.075875,0.019296,-0.075822,-0.997115,0.003462,0.019503,0.001988,0.999808,0,0.30389,-0.92048,1.083,-0.048,17.607,495.670,-1,487.390,20.763,425.753,425.499,458.959,474.520,-1,-1,-1,-1,750.779,749.691,22.237,36.469,1,0,2,0,1,0,0,0,0,2,2,2,2,0,0,1,1
146,-5094.866,-5502.498,122.487,-175.713,-0.997036,0.074771,0.018146,-0.074740,-0.997200,0.002352,0.018271,0.000989,0.999833,0,0.30399,-0.92048,1.344,-0.062,17.708,493.030,-1,485.741,22.830,423.912,423.927,457.617,476.315,-1,-1,-1,-1,745.407,746.246,22.255,36.535,1,0,2,0,1,0,0,0,0,2,2,2,2,0,0,1,1
147,-5096.463,-5502.297,123.234,-175.793,-0.997146,0.073369,0.017787,-0.073352,-0.997305,0.001623,0.017858,0.000314,0.999840,0,0.30411,-0.92048,1.609,-0.080,17.807,493.042,-1,486.441,25.752,424.256,424.468,458.514,479.145,-1,-1,-1,-1,745.029,747.326,22.276,35.069,1,0,2,0,1,0,0,0,0,2,2,2,2,0,0,1,1
148,-5098.310,-5501.983,124.329,-175.892,-0.997267,0.071639,0.018069,-0.071627,-0.997431,0.001334,0.018118,0.000036,0.999836,0,0.30428,-0.92048,1.873,-0.099,17.873,494.949,-1,488.656,28.465,426.116,426.423,461.080,482.210,-1,-1,-1,-1,748.344,751.396,22.290,32.570,1,0,2,0,1,0,0,0,0,2,2,2,2,0,0,1,1
149,-5100.397,-5501.560,125.486,-176.010,-0.997401,0.069589,0.018688,-0.069575,-0.997576,0.001411,0.018741,0.000107,0.999824,0,0.30449,-0.92048,2.130,-0.118,17.860,497.657,-1,491.326,27.856,428.564,428.861,464.477,484.852,-1,-1,-1,-1,753.367,756.450,22.288,29.645,1,0,2,0,1,0,0,0,0,2,2,2,2,0,0,1,1
150,-5102.717,-5501.058,126.468,-176.141,-0.997545,0.067306,0.019332,-0.067285,-0.997732,0.001710,0.019403,0.000405,0.999812,0,0.30474,-0.92048,2.373,-0.131,-1,500.098,-1,493.495,24.450,430.720,430.935,467.854,486.649,-1,-1,-1,-1,758.117,760.627,14.909,26.977,2,0,2,0,1,0,0,0,0,2,2,2,2,0,0,1,1
151,-5105.264,-5500.522,127.128,-176.282,-0.997699,0.064871,0.019714,-0.064842,-0.997893,0.002129,0.019811,0.000845,0.999803,0,0.30502,-0.92048,2.603,-0.140,-1,501.455,-1,494.421,20.903,431.910,432.016,470.659,487.349,-1,-1,-1,-1,761.022,762.406,-1,25.366,2,0,2,0,1,0,0,0,0,2,2,2,2,0,0,2,1
152,-5108.045,-5499.979,127.427,-176.427,-0.997861,0.062343,0.019677,-0.062305,-0.998054,0.002559,0.019799,0.001328,0.999803,0,0.30532,-0.92048,2.834,-0.146,-1,501.325,-1,493.808,19.007,431.787,431.693,472.592,487.015,-1,-1,-1,-1,761.262,761.303,-1,25.267,2,0,2,0,1,0,0,0,0,2,2,2,2,0,0,2,1
153,-5111.066,-5499.435,127.409,-176.577,-0.998029,0.059732,0.019243,-0.059688,-0.998213,0.002829,0.019378,0.001675,0.999811,0,0.30563,-0.92048,3.069,-0.150,-1,499.729,-1,491.856,25.328,430.461,430.097,473.459,486.060,-1,-1,-1,-1,758.821,757.692,-1,25.892,2,0,2,0,1,0,0,0,0,2,2,2,2,0,0,2,1
154,-5114.299,-5498.838,127.165,-176.747,-0.998215,0.056778,0.018511,-0.056738,-0.998386,0.002676,0.018633,0.001621,0.999825,0,0.30594,-0.92048,3.288,-0.169,-1,496.871,-1,489.026,26.337,428.195,427.631,473.048,485.189,-1,-1,-1,-1,754.030,752.453,-1,27.145,2,0,2,0,1,0,0,0,0,2,2,2,2,0,0,2,1
155,-5117.725,-5498.177,126.805,-176.936,-0.998413,0.053469,0.017664,-0.053438,-0.998569,0.002171,0.017755,0.001224,0.999842,0,0.30630,-0.92048,3.488,-0.189,-1,493.336,-1,485.841,27.441,425.458,424.760,471.769,484.598,-1,-1,-1,-1,748.019,746.632,21.316,28.513,2,0,2,0,1,0,0,0,0,2,2,2,2,0,0,1,1
156,-5121.322,-5497.434,126.465,-177.143,-0.998616,0.049857,0.016724,-0.049839,-0.998756,0.001535,0.016780,0.000699,0.999859,0,0.30670,-0.92048,3.673,-0.207,18.244,489.586,-1,482.530,28.555,422.586,421.767,470.140,484.257,-1,-1,-1,-1,741.599,740.607,12.593,29.814,1,0,2,0,1,0,0,0,0,2,2,2,2,0,0,1,1
157,-5125.080,-5496.609,126.246,-177.364,-0.998817,0.045997,0.015789,-0.045987,-0.998942,0.001023,0.015820,0.000296,0.999875,0,0.30715,-0.92048,3.848,-0.221,12.228,486.134,-1,479.383,29.561,419.942,418.957,468.812,483.997,-1,-1,-1,-1,735.739,734.857,8.416,30.895,1,0,2,0,1,0,0,0,0,2,2,2,2,0,0,1,1
158,-5128.980,-5495.698,126.204,-177.598,-0.999010,0.041910,0.014897,-0.041903,-0.999121,0.000728,0.014914,0.000103,0.999889,0,0.30762,-0.92048,4.005,-0.234,8.339,483.208,-1,476.544,30.081,417.697,416.480,468.767,483.814,-1,-1,-1,-1,730.853,729.633,22.518,31.437,1,0,2,0,1,0,0,0,0,2,2,2,2,0,0,1,1
159,-5132.938,-5494.651,126.374,-177.857,-0.999203,0.037401,0.013968,-0.037397,-0.999300,0.000548,0.013979,0.000025,0.999902,0,0.30813,-0.92048,4.094,-0.258,18.652,480.824,-1,474.016,30.349,415.890,414.315,469.583,483.971,-1,-1,-1,-1,726.714,724.875,22.518,31.716,1,0,2,0,1,0,0,0,0,2,2,2,2,0,0,1,1
160,-5137.028,-5493.456,126.741,-178.142,-0.999384,0.032426,0.013431,-0.032421,-0.999474,0.000573,0.013443,0.000137,0.999910,0,0.40755,-0.55758,4.261,-0.285,18.582,479.566,-1,472.366,30.423,414.985,412.953,471.272,484.330,-1,-1,-1,-1,724.695,721.900,22.493,31.736,1,0,2,0,1,0,0,0,0,2,2,2,2,0,0,1,1
161,-5141.380,-5492.136,127.244,-178.449,-0.999542,0.027078,0.013527,-0.027069,-0.999633,0.000830,0.013544,0.000463,0.999908,0,0.40838,-0.55758,4.547,-0.307,8.282,479.620,-1,471.788,30.949,415.114,412.554,473.757,484.708,-1,-1,-1,-1,725.322,721.246,22.321,31.792,1,0,2,0,1,0,0,0,0,2,2,2,2,0,0,1,1
162,-5146.052,-5490.863,127.840,-178.740,-0.999659,0.022011,0.014058,-0.021993,-0.999757,0.001465,0.014087,0.001155,0.999900,0,0.40928,-0.55758,4.843,-0.291,-1,480.631,-1,471.831,21.056,415.658,412.778,477.107,484.670,-1,-1,-1,-1,727.911,721.954,13.293,32.885,2,0,2,0,1,0,0,0,0,2,2,2,2,0,0,1,1
163,-5150.969,-5489.673,128.518,-179.006,-0.999747,0.017368,0.014322,-0.017338,-0.999847,0.002268,0.014359,0.002020,0.999895,0,0.41011,-0.55758,5.059,-0.267,-1,481.400,-1,471.496,17.050,415.977,412.740,480.900,484.463,-1,-1,-1,-1,729.955,721.772,-1,33.399,2,0,2,0,1,0,0,0,0,2,2,2,2,0,0,2,1
164,-5156.171,-5488.541,129.200,-179.254,-0.999813,0.013053,0.014258,-0.013011,-0.999911,0.003000,0.014296,0.002814,0.999894,0,0.41086,-0.55758,5.323,-0.248,-1,481.534,-1,470.618,15.270,415.795,412.230,484.563,484.301,-1,-1,-1,-1,730.717,720.449,-1,33.504,2,0,2,0,1,0,0,0,0,2,2,2,2,0,0,2,1
165,-5161.723,-5487.447,129.783,-179.490,-0.999861,0.008945,0.014074,-0.008896,-0.999954,0.003539,0.014105,0.003413,0.999895,0,0.41154,-0.55757,5.659,-0.236,-1,481.055,-1,469.333,14.951,415.151,411.316,487.671,484.151,-1,-1,-1,-1,730.372,718.441,-1,33.217,2,0,2,0,1,0,0,0,0,2,2,2,2,0,0,2,1
166,-5167.665,-5486.331,130.181,-179.734,-0.999890,0.004691,0.014062,-0.004642,-0.999983,0.003478,0.014078,0.003413,0.999895,0,0.41217,-0.55566,6.046,-0.244,-1,480.043,-1,468.076,14.842,414.192,410.250,489.404,484.543,-1,-1,-1,-1,729.726,716.868,-1,32.905,2,0,2,0,1,0,0,0,0,2,2,2,2,0,0,2,1
167,-5174.006,-5485.180,130.357,-179.990,-0.999897,0.000207,0.014350,-0.000168,-0.999996,0.002736,0.014351,0.002734,0.999893,0,0.41281,-0.55371,6.445,-0.256,-1,478.591,-1,467.006,14.831,413.008,409.139,489.554,485.537,-1,-1,-1,-1,728.884,716.132,-1,32.527,2,0,2,0,1,0,0,0,0,2,2,2,2,0,0,2,1
168,-5180.694,-5483.983,130.353,179.740,-0.999882,-0.004513,0.014667,0.004537,-0.999988,0.001613,0.014660,0.001679,0.999891,0,0.41348,-0.55167,6.794,-0.270,-1,476.540,-1,465.678,14.902,411.392,407.665,488.698,486.704,-1,-1,-1,-1,726.966,715.961,-1,32.344,2,0,2,0,1,0,0,0,0,2,2,2,2,0,0,2,1
169,-5187.689,-5482.710,130.251,179.459,-0.999846,-0.009441,0.014808,0.009448,-0.999955,0.000444,0.014803,0.000584,0.999890,0,0.41419,-0.54952,7.110,-0.281,-1,473.909,-1,463.805,14.847,409.296,405.713,487.574,487.653,-1,-1,-1,-1,723.947,714.771,-1,32.955,2,0,2,0,1,0,0,0,0,2,2,2,2,0,0,2,1
170,-5194.958,-5481.352,130.163,179.172,-0.999785,-0.014452,0.014860,0.014445,-0.999896,-0.000575,0.014867,-0.000360,0.999889,0,0.41493,-0.54728,7.394,-0.286,-1,471.165,-1,461.679,14.909,407.076,403.590,486.370,488.335,-1,-1,-1,-1,720.803,713.009,-1,33.954,2,0,2,0,1,0,0,0,0,2,2,2,2,0,0,2,1
171,-5202.504,-5479.864,130.151,178.877,-0.999693,-0.019615,0.015166,0.019596,-0.999807,-0.001399,0.015190,-0.001101,0.999884,0,0.41567,-0.54501,7.692,-0.295,-1,468.966,-1,459.911,15.008,405.338,401.826,485.854,488.842,-1,-1,-1,-1,719.097,712.261,15.968,34.373,2,0,2,0,1,0,0,0,0,2,2,2,2,0,0,1,1
172,-5210.315,-5478.253,130.260,178.581,-0.999561,-0.024782,0.016232,0.024754,-0.999692,-0.001923,0.016275,-0.001520,0.999866,0,0.41644,-0.54268,7.975,-0.296,11.830,468.285,-1,459.322,15.467,404.785,401.129,486.566,489.113,-1,-1,-1,-1,720.989,716.774,9.078,34.400,1,0,2,0,1,0,0,0,0,2,2,2,2,0,0,1,1
173,-5218.305,-5476.471,130.509,178.254,-0.999381,-0.030501,0.017524,0.030464,-0.999533,-0.002401,0.017589,-0.001866,0.999844,0,0.41721,-0.54036,8.187,-0.327,13.027,468.251,-1,459.275,15.278,404.752,400.904,487.808,489.639,-1,-1,-1,-1,724.407,723.392,10.023,34.136,1,0,2,0,1,0,0,0,0,2,2,2,2,0,0,1,1
174,-5226.500,-5474.576,130.893,177.916,-0.999160,-0.036399,0.018841,0.036357,-0.999336,-0.002537,0.018921,-0.001850,0.999819,0,0.41807,-0.53774,8.411,-0.338,12.495,468.651,-1,459.299,15.298,404.996,400.840,489.959,489.705,-1,-1,-1,-1,728.107,729.021,9.611,33.653,1,0,2,0,1,0,0,0,0,2,2,2,2,0,0,1,1
175,-5234.814,-5472.516,131.462,177.562,-0.998898,-0.042573,0.019764,0.042534,-0.999092,-0.002373,0.019847,-0.001530,0.999802,0,0.41896,-0.53502,8.565,-0.354,12.123,468.941,-1,458.896,15.368,405.083,400.520,493.025,489.632,-1,-1,-1,-1,731.262,732.721,9.315,33.577,1,0,2,0,1,0,0,0,0,2,2,2,2,0,0,1,1
176,-5243.307,-5470.313,132.140,177.187,-0.998581,-0.049092,0.020656,0.049061,-0.998794,-0.002013,0.020730,-0.000997,0.999785,0,0.41991,-0.53215,8.774,-0.374,13.323,469.463,-1,458.490,16.145,405.283,400.260,496.739,489.451,-1,-1,-1,-1,734.925,736.298,10.143,32.539,1,0,2,0,1,0,0,0,0,2,2,2,2,0,0,1,1
177,-5251.925,-5467.939,132.865,176.789,-0.998201,-0.056020,0.021352,0.056002,-0.998430,-0.001429,0.021399,-0.000231,0.999771,0,0.42091,-0.52910,8.939,-0.398,16.067,469.924,-1,457.689,26.523,405.296,399.694,500.989,488.970,-1,-1,-1,-1,738.282,738.605,11.727,31.267,1,0,2,0,1,0,0,0,0,2,2,2,2,0,0,1,1
178,-5260.429,-5465.166,133.605,176.316,-0.997705,-0.064262,0.021313,0.064245,-0.997933,-0.001489,0.021364,-0.000117,0.999772,0,0.42200,-0.52581,8.945,-0.473,-1,469.244,-1,456.130,28.743,404.387,398.126,504.370,489.591,-1,-1,-1,-1,740.123,740.987,16.073,31.420,2,0,2,0,1,0,0,0,0,2,2,2,2,0,0,1,1
179,-5269.116,-5462.226,134.253,175.824,-0.997102,-0.072823,0.022030,0.072809,-0.997345,-0.001440,0.022077,0.000168,0.999756,0,0.42333,-0.52175,9.170,-0.492,-1,469.614,-1,455.389,30.240,404.364,397.250,507.193,489.764,-1,-1,-1,-1,744.076,746.998,14.928,31.331,2,0,2,0,1,0,0,0,0,2,2,2,2,0,0,1,1
180,-5277.821,-5459.013,134.839,175.287,-0.996345,-0.082164,0.023358,0.082137,-0.996619,-0.002097,0.023452,-0.000171,0.999725,0,0.42472,-0.51752,9.279,-0.536,18.569,470.655,-1,455.806,30.155,405.018,397.138,508.816,490.897,-1,-1,-1,-1,748.892,757.907,12.750,31.539,1,0,2,0,1,0,0,0,0,2,2,2,2,0,0,1,1
181,-5286.439,-5455.584,135.379,174.712,-0.995430,-0.092185,0.024914,0.092129,-0.995741,-0.003389,0.025120,-0.001078,0.999684,0,0.42626,-0.51284,9.275,-0.575,16.281,471.880,-1,456.771,30.945,405.495,397.388,509.610,492.936,-1,-1,-1,-1,754.890,773.658,11.407,32.140,1,0,2,0,1,0,0,0,0,2,2,2,2,0,0,1,1
182,-5295.189,-5452.108,135.856,174.155,-0.994417,-0.101890,0.027429,0.101807,-0.994794,-0.004417,0.027736,-0.001600,0.999614,0,0.42794,-0.50777,9.415,-0.558,15.348,474.830,-1,458.880,30.710,406.625,398.673,510.325,494.240,-1,-1,-1,-1,765.214,813.950,10.991,31.641,1,0,2,0,1,0,0,0,0,2,2,2,2,0,0,1,1
183,-5304.292,-5448.627,136.285,173.624,-0.993329,-0.111098,0.030905,0.110996,-0.993808,-0.004996,0.031269,-0.001533,0.999510,0,0.60635,-0.59567,9.746,-0.530,-1,479.519,-1,461.979,27.623,408.912,400.920,512.045,494.453,-1,-1,-1,-1,778.869,884.801,12.842,29.002,2,0,2,0,1,0,0,0,0,2,2,2,2,0,0,1,1
184,-5313.501,-5444.638,136.691,172.995,-0.991942,-0.122038,0.034021,0.121880,-0.992522,-0.006689,0.034583,-0.002488,0.999399,0,0.60848,-0.59108,10.037,-0.629,15.183,483.061,-1,465.155,25.614,410.597,402.823,511.908,496.371,-1,-1,-1,-1,790.604,-1,10.416,26.797,1,0,2,0,1,0,0,0,0,2,2,2,2,0,2,1,1
185,-5322.961,-5440.326,137.114,172.334,-0.990355,-0.133518,0.037011,0.133308,-0.991042,-0.008082,0.037759,-0.003070,0.999282,0,0.61107,-0.58551,10.396,-0.661,10.002,486.048,-1,467.967,24.241,412.072,404.409,512.569,497.679,-1,-1,-1,-1,803.665,-1,22.522,25.340,1,0,2,0,1,0,0,0,0,2,2,2,2,0,2,1,1
186,-5332.513,-5435.640,137.634,171.637,-0.988554,-0.145571,0.039627,0.145326,-0.989343,-0.008994,0.040514,-0.003132,0.999174,0,0.61380,-0.57963,10.640,-0.697,18.554,488.842,-1,470.056,23.955,413.207,405.514,512.688,498.307,-1,-1,-1,-1,814.891,-1,22.484,24.969,1,0,2,0,1,0,0,0,0,2,2,2,2,0,2,1,1
187,-5342.331,-5430.833,138.261,170.962,-0.986666,-0.157181,0.042232,0.156946,-0.987568,-0.008849,0.043098,-0.002103,0.999069,0,0.61670,-0.57340,10.931,-0.675,17.906,492.266,-1,471.427,26.421,414.454,406.404,512.760,497.248,-1,-1,-1,-1,826.314,-1,22.299,27.073,1,0,2,0,1,0,0,0,0,2,2,2,2,0,2,1,1
188,-5352.698,-5426.169,139.010,170.381,-0.984905,-0.167081,0.045225,0.166920,-0.985943,-0.007321,0.045812,0.000338,0.998950,0,0.61949,-0.56741,11.368,-0.581,16.495,497.018,-1,472.434,26.068,416.510,407.444,515.709,493.920,-1,-1,-1,-1,841.237,-1,11.226,27.343,1,0,2,0,1,0,0,0,0,2,2,2,2,0,2,1,1
189,-5363.164,-5421.116,139.841,169.723,-0.982831,-0.178364,0.047224,0.178197,-0.983964,-0.007749,0.047849,0.000800,0.998854,0,0.62181,-0.56241,11.621,-0.658,17.696,499.717,-1,474.101,26.705,417.512,407.933,515.199,494.124,-1,-1,-1,-1,851.141,-1,12.182,27.906,1,0,2,0,1,0,0,0,0,2,2,2,2,0,2,1,1
190,-5373.896,-5415.845,140.709,169.045,-0.980537,-0.190036,0.049327,0.189799,-0.981777,-0.009489,0.050231,0.000058,0.998738,0,0.62449,-0.55664,11.957,-0.678,14.087,502.916,-1,477.060,26.371,418.940,408.957,512.711,496.448,-1,-1,-1,-1,861.259,-1,9.658,27.593,1,0,2,0,1,0,0,0,0,2,2,2,2,1,2,1,1
191,-5384.610,-5410.216,141.589,168.317,-0.977929,-0.202580,0.051155,0.202218,-0.979264,-0.012208,0.052567,-0.001594,0.998616,0,0.62725,-0.55069,12.103,-0.728,18.643,505.801,-1,480.526,24.663,419.487,410.370,508.700,500.411,-1,-1,-1,-1,849.189,-1,22.515,25.766,1,0,2,0,1,0,0,0,0,2,2,2,2,1,2,1,1
192,-5395.331,-5404.321,142.457,167.566,-0.975059,-0.215475,0.053198,0.214985,-0.976505,-0.014834,0.055144,-0.003027,0.998474,0,0.63025,-0.54424,12.235,-0.751,18.580,509.358,-1,484.705,23.623,420.363,412.240,504.463,503.482,-1,-1,-1,-1,837.332,-1,22.493,24.639,1,0,2,0,1,0,0,0,0,2,2,2,2,1,2,1,1
193,-5406.138,-5398.199,143.272,166.803,-0.971957,-0.228514,0.055516,0.227913,-0.973533,-0.017014,0.057934,-0.003884,0.998313,0,0.63336,-0.53755,12.420,-0.763,18.508,511.568,-1,488.677,21.553,421.504,414.215,499.147,505.364,-1,-1,-1,-1,825.638,-1,22.469,22.439,1,0,2,0,1,0,0,0,0,2,2,2,2,1,2,1,1
194,-5417.117,-5391.775,144.019,166.014,-0.968548,-0.241937,0.058150,0.241234,-0.970282,-0.018926,0.061001,-0.004304,0.998128,0,0.63652,-0.53075,12.720,-0.789,18.681,514.371,-1,492.657,19.441,423.237,416.503,494.351,506.408,-1,-1,-1,-1,814.021,-1,22.527,20.331,1,0,2,0,1,0,0,0,0,2,2,2,2,1,2,1,1
195,-5428.269,-5384.991,144.720,165.210,-0.964854,-0.255557,0.061210,0.254753,-0.966784,-0.020720,0.064472,-0.004398,0.997910,0,0.63980,-0.52370,13.054,-0.805,18.660,519.453,-1,497.114,18.227,425.512,419.407,489.915,506.796,-1,-1,-1,-1,938.993,-1,22.520,19.051,1,0,2,0,1,0,0,0,0,2,2,2,2,0,2,1,1
196,-5439.366,-5377.813,145.483,164.364,-0.960773,-0.269787,0.064269,0.268902,-0.962911,-0.022204,0.067876,-0.004051,0.997686,0,0.61426,-0.77141,13.216,-0.845,18.536,525.548,-1,501.847,18.334,427.893,422.151,485.466,506.664,-1,-1,-1,-1,972.113,-1,22.478,19.101,1,0,2,0,1,0,0,0,0,2,2,2,2,0,2,1,1
197,-5450.723,-5370.468,146.278,163.554,-0.956604,-0.283327,0.068080,0.282370,-0.959018,-0.023490,0.071945,-0.003247,0.997403,0,0.61764,-0.76379,13.526,-0.810,17.907,533.373,-1,507.876,19.757,431.392,425.802,482.247,505.715,-1,-1,-1,-1,-1,-1,22.298,20.246,1,0,2,0,1,0,0,0,0,2,2,2,2,2,2,1,1
198,-5462.526,-5363.047,147.063,162.809,-0.952533,-0.295721,0.072323,0.294696,-0.955272,-0.024702,0.076393,-0.002217,0.997075,0,0.62085,-0.75656,13.942,-0.746,18.782,544.040,-1,514.521,16.484,437.165,430.093,479.452,504.094,-1,-1,-1,-1,-1,-1,22.564,17.284,1,0,2,0,1,0,0,0,0,2,2,2,2,2,2,1,1
199,-5474.087,-5355.043,147.835,161.952,-0.947757,-0.310059,0.074975,0.308831,-0.950712,-0.027744,0.079882,-0.003140,0.996799,0,0.62376,-0.75000,14.062,-0.857,18.684,551.245,-1,520.269,13.567,441.064,433.538,472.519,505.902,-1,-1,-1,-1,-1,-1,22.529,14.190,1,0,2,0,1,0,0,0,0,2,2,2,2,2,2,1,1
200,-5485.465,-5346.643,148.656,161.033,-0.942470,-0.325347,0.076804,0.323912,-0.945586,-0.030804,0.082647,-0.004154,0.996570,0,0.62718,-0.74230,14.143,-0.919,18.607,555.925,-1,525.635,10.503,443.779,436.043,465.628,508.564,-1,-1,-1,-1,-1,-1,22.502,10.963,1,0,2,0,1,0,0,0,0,2,2,2,2,2,2,1,1
201,-5496.747,-5337.894,149.544,160.095,-0.936841,-0.340820,0.078551,0.339217,-0.940117,-0.033328,0.085206,-0.004577,0.996353,0,0.63088,-0.73396,14.276,-0.938,18.686,564.282,-1,530.536,-1,447.582,438.322,460.337,510.400,-1,-1,-1,-1,-1,-1,22.530,-1,1,0,2,0,2,0,0,0,0,2,2,2,2,2,2,1,2
202,-5508.010,-5328.823,150.468,159.145,-0.930855,-0.356373,0.080666,0.354628,-0.934333,-0.035497,0.088019,-0.004436,0.996109,0,0.63467,-0.72542,14.462,-0.951,18.484,576.590,-1,537.878,-1,453.512,441.025,456.099,511.359,-1,-1,-1,-1,-1,-1,22.461,-1,1,0,2,0,2,0,0,0,0,2,2,2,2,2,2,1,2
203,-5519.648,-5319.745,151.498,158.271,-0.925065,-0.370454,0.083777,0.368668,-0.928846,-0.036452,0.091320,-0.002835,0.995818,0,0.63853,-0.71674,14.761,-0.873,17.866,591.021,-1,547.858,14.412,460.124,446.906,454.324,509.645,-1,-1,-1,-1,-1,-1,22.289,14.752,1,0,2,0,1,0,0,0,0,2,2,2,2,2,2,1,1
204,-5531.720,-5310.587,152.657,157.492,-0.919601,-0.382893,0.087897,0.381054,-0.923792,-0.037499,0.095557,-0.000991,0.995423,0,0.64202,-0.70888,15.152,-0.779,18.671,613.387,-1,562.857,10.672,469.444,455.823,453.812,507.460,-1,-1,-1,-1,-1,-1,22.525,11.157,1,0,2,0,1,0,0,0,0,2,2,2,2,2,2,1,1
205,-5543.254,-5300.841,153.913,156.561,-0.912995,-0.397875,0.090201,0.395829,-0.917439,-0.040316,0.098795,-0.001104,0.995107,0,0.64507,-0.70200,15.101,-0.932,18.408,629.997,-1,575.884,-1,478.698,463.115,450.060,509.535,-1,-1,-1,-1,-1,-1,22.437,936.670,1,0,2,0,2,0,0,0,0,2,2,2,2,2,2,1,1
206,-5554.866,-5290.777,155.179,155.620,-0.906061,-0.412876,0.092668,0.410626,-0.910787,-0.043051,0.102176,-0.000955,0.994766,0,0.64883,-0.69353,15.366,-0.941,18.683,659.354,-1,590.798,-1,489.291,473.810,446.785,511.161,-1,-1,-1,-1,-1,1004.063,22.529,-1,1,0,2,0,2,0,0,0,0,2,2,2,2,2,1,1,2
207,-5566.523,-5280.358,156.442,154.659,-0.898712,-0.428090,0.095162,0.425614,-0.903736,-0.045977,0.105684,-0.000818,0.994399,0,0.65263,-0.68498,15.635,-0.961,18.661,686.891,-1,607.772,-1,505.237,484.252,444.112,512.840,-1,-1,-1,-1,-1,921.783,22.521,-1,1,0,2,0,2,0,0,0,0,2,2,2,2,2,1,1,2
208,-5577.813,-5269.487,157.795,153.628,-0.890612,-0.444292,0.097036,0.441553,-0.895882,-0.049269,0.108823,-0.001033,0.994061,0,0.65652,-0.67622,15.673,-1.030,18.654,724.239,-1,621.852,-1,518.532,492.923,441.182,514.981,-1,-1,-1,-1,-1,894.544,22.518,-1,1,0,2,0,2,0,0,0,0,2,2,2,2,2,1,1,2
209,-5588.386,-5258.086,159.252,152.462,-0.881192,-0.462491,0.097995,0.459465,-0.886622,-0.052849,0.111327,-0.001545,0.993783,0,0.66073,-0.66673,15.549,-1.167,18.495,767.648,-1,635.467,18.227,531.583,502.956,437.932,518.716,-1,-1,-1,-1,-1,866.013,22.465,18.971,1,0,2,0,1,0,0,0,0,2,2,2,2,2,1,1,1
210,-5598.788,-5246.259,160.754,151.252,-0.871034,-0.481033,0.099532,0.477831,-0.876702,-0.055413,0.113916,-0.000707,0.993490,0,0.66558,-0.65580,15.750,-1.210,18.224,825.556,-1,647.765,-1,552.375,512.984,436.999,520.385,-1,-1,-1,-1,-1,836.367,22.381,-1,1,0,2,0,2,0,0,0,0,2,2,2,2,2,1,1,2
211,-5609.268,-5234.069,162.285,150.070,-0.860703,-0.498766,0.102092,0.495535,-0.866735,-0.056710,0.116772,0.001779,0.993157,0,0.67063,-0.64442,16.076,-1.182,18.801,901.142,-1,658.177,-1,572.885,523.054,438.625,518.886,-1,-1,-1,-1,-1,812.132,22.571,-1,1,0,2,0,2,0,0,0,0,2,2,2,2,2,1,1,2
212,-5619.394,-5221.399,163.878,148.860,-0.849769,-0.516647,0.104733,0.513427,-0.856186,-0.057785,0.119525,0.004669,0.992820,0,0.67555,-0.63332,16.219,-1.210,18.687,983.931,-1,668.534,-1,595.695,533.875,441.285,516.937,-1,-1,-1,-1,-1,-1,22.530,-1,1,0,2,0,2,0,0,0,0,2,2,2,2,2,2,1,2
213,-5629.346,-5208.299,165.445,147.635,-0.838327,-0.534430,0.107672,0.531293,-0.845173,-0.058402,0.122213,0.008245,0.992470,0,0.68062,-0.62191,16.452,-1.224,18.775,-1,-1,677.343,-1,621.644,546.687,445.497,513.691,-1,-1,-1,-1,-1,-1,22.561,-1,1,2,2,0,2,0,0,0,0,2,2,2,2,2,2,1,2
214,-5639.031,-5194.830,167.043,146.367,-0.826167,-0.552572,0.110053,0.549596,-0.833377,-0.058543,0.124065,0.012118,0.992200,0,0.68576,-0.61033,16.589,-1.269,18.604,-1,-1,681.359,-1,641.826,556.301,450.282,510.159,-1,737.230,-1,-1,-1,-1,22.501,-1,1,2,2,0,2,0,0,0,0,2,0,2,2,2,2,1,2
215,-5648.497,-5180.949,168.698,145.073,-0.813370,-0.570851,0.112067,0.567995,-0.820906,-0.059115,0.125743,0.015571,0.991941,0,0.69111,-0.59828,16.802,-1.294,18.503,-1,-1,683.373,-1,658.670,564.844,455.197,507.628,-1,715.772,-1,-1,-1,-1,22.467,-1,1,2,2,0,2,0,0,0,0,2,0,2,2,2,2,1,2
216,-5657.828,-5166.688,170.376,143.778,-0.800158,-0.588824,0.114169,0.586106,-0.808034,-0.059670,0.127387,0.019170,0.991668,0,0.69658,-0.58594,17.042,-1.295,18.590,-1,-1,686.239,14.662,677.396,572.551,460.425,504.839,-1,696.856,-1,-1,-1,-1,22.496,15.298,1,2,2,0,1,0,0,0,0,2,0,2,2,2,2,1,1
217,-5666.977,-5152.118,172.003,142.472,-0.786486,-0.606640,0.115875,0.604111,-0.794647,-0.059888,0.128410,0.022900,0.991457,0,0.52150,-0.45643,17.205,-1.306,18.287,-1,-1,685.406,-1,687.688,576.814,465.878,501.669,-1,698.919,814.965,-1,-1,-1,22.400,-1,1,2,2,0,2,0,0,0,0,2,0,0,2,2,2,1,2
218,-5676.110,-5137.464,173.664,141.254,-0.773368,-0.622754,0.118658,0.620607,-0.781912,-0.058835,0.129419,0.028139,0.991191,0,0.52562,-0.44394,17.267,-1.218,17.997,-1,-1,683.279,-1,700.193,582.132,474.313,495.366,-1,704.430,760.992,-1,-1,-1,22.321,-1,1,2,2,0,2,0,0,0,0,2,0,0,2,2,2,1,2
219,-5685.751,-5122.866,175.463,140.240,-0.762056,-0.635769,0.122756,0.634012,-0.771146,-0.057983,0.131527,0.033643,0.990742,0,0.52945,-0.43234,17.495,-1.014,17.768,-1,-1,689.242,14.696,722.106,594.287,484.139,487.763,-1,704.652,738.373,-1,-1,-1,22.268,15.003,1,2,2,0,1,0,0,0,0,2,0,0,2,2,2,1,1
220,-5695.418,-5108.227,177.425,139.257,-0.750821,-0.648377,0.125997,0.646783,-0.760403,-0.058804,0.133935,0.037341,0.990286,0,0.53258,-0.42282,17.543,-0.983,16.382,-1,-1,700.439,13.814,745.620,609.447,493.211,483.625,-1,703.278,714.729,-1,-1,-1,22.245,22.400,1,2,2,0,1,0,0,0,0,2,0,0,2,2,2,1,1
221,-5706.205,-5094.091,179.544,138.545,-0.742378,-0.657046,0.131016,0.655754,-0.752670,-0.058938,0.137337,0.042161,0.989627,0,0.53562,-0.41362,17.781,-0.712,14.956,-1,-1,721.112,13.359,781.693,635.342,504.227,476.308,-1,698.325,701.001,-1,-1,-1,23.438,29.998,1,2,2,0,1,0,0,0,0,2,0,0,2,2,2,1,1
222,-5718.162,-5080.768,181.874,138.192,-0.737961,-0.660992,0.136028,0.660003,-0.748958,-0.058800,0.140746,0.046387,0.988958,0,0.53772,-0.40725,17.903,-0.354,-1,-1,-1,755.895,13.936,827.079,668.222,515.158,469.003,-1,696.708,694.279,-1,-1,-1,13.847,27.562,2,2,2,0,1,0,0,0,0,2,0,0,2,2,2,1,1
223,-5731.004,-5068.169,184.221,138.088,-0.736487,-0.661883,0.139631,0.661099,-0.747999,-0.058703,0.143298,0.049076,0.988462,0,0.53859,-0.40460,17.990,-0.104,-1,-1,-1,808.922,14.260,872.257,650.412,523.175,463.223,-1,700.622,694.267,-1,-1,-1,-1,25.501,2,2,2,0,1,0,1,0,0,2,0,0,2,2,2,2,1
224,-5744.407,-5056.179,186.568,138.136,-0.736917,-0.661235,0.140433,0.660371,-0.748582,-0.059462,0.144444,0.048920,0.988303,0,0.53861,-0.40454,17.983,0.048,-1,-1,-1,904.490,14.609,908.304,629.076,525.667,460.798,-1,711.125,704.177,-1,-1,-1,-1,24.227,2,2,2,0,1,0,1,0,0,2,0,0,2,2,2,2,1
225,-5758.345,-5044.682,188.836,138.305,-0.738816,-0.659332,0.139398,0.658152,-0.750404,-0.061066,0.144868,0.046629,0.988352,0,0.53811,-0.40607,18.068,0.169,-1,-1,-1,-1,14.846,940.917,609.198,524.029,459.072,-1,724.359,718.957,-1,-1,-1,-1,23.652,2,2,2,2,1,0,1,0,0,2,0,0,2,2,2,2,1
226,-5772.718,-5033.576,191.096,138.557,-0.741622,-0.656513,0.137794,0.654814,-0.753092,-0.063797,0.145655,0.042917,0.988404,0,0.53718,-0.40888,18.164,0.252,-1,-1,-1,-1,15.123,970.841,590.516,519.975,461.123,-1,735.000,732.080,-1,-1,-1,-1,23.167,2,2,2,2,1,0,1,0,0,2,0,0,2,2,2,2,1
227,-5787.514,-5022.856,193.324,138.889,-0.745280,-0.652665,0.136331,0.650408,-0.756646,-0.066751,0.146720,0.038923,0.988412,0,0.53596,-0.41259,18.271,0.332,-1,-1,-1,-1,15.322,995.576,572.325,515.440,463.198,-1,743.836,743.523,-1,-1,-1,-1,22.904,2,2,2,2,1,0,1,0,0,2,0,0,2,2,2,2,1
228,-5802.604,-5012.290,195.470,139.265,-0.749381,-0.648079,0.135725,0.645364,-0.760734,-0.069206,0.148101,0.035730,0.988327,0,0.53446,-0.41713,18.421,0.376,-1,-1,-1,-1,15.286,-1,543.658,512.323,462.606,-1,750.823,752.342,-1,-1,-1,-1,22.949,2,2,2,2,1,2,1,0,0,2,0,0,2,2,2,2,1
229,-5817.817,-5001.678,197.589,139.634,-0.753357,-0.643472,0.135638,0.640376,-0.764750,-0.071243,0.149572,0.033188,0.988194,0,0.53280,-0.42216,18.549,0.369,-1,-1,-1,-1,15.307,-1,531.857,510.359,459.417,-1,757.362,759.873,-1,-1,-1,-1,22.923,2,2,2,2,1,2,1,0,0,2,0,0,2,2,2,2,1
230,-5833.081,-4991.121,199.653,140.017,-0.757529,-0.638620,0.135327,0.635257,-0.768894,-0.072457,0.150325,0.031080,0.988148,0,0.53116,-0.42714,18.559,0.383,-1,-1,-1,-1,15.281,-1,519.979,509.148,455.218,-1,767.554,771.216,-1,-1,-1,-1,22.952,2,2,2,2,1,2,1,0,0,2,0,0,2,2,2,2,1
231,-5848.429,-4980.752,201.739,140.434,-0.762151,-0.633209,0.134807,0.629755,-0.773411,-0.072418,0.150117,0.029702,0.988222,0,0.52947,-0.43226,18.522,0.416,-1,-1,-1,-1,15.424,-1,508.339,509.327,449.615,-1,783.738,789.042,-1,-1,-1,-1,22.794,2,2,2,2,1,2,1,0,0,2,0,0,2,2,2,2,1
232,-5863.468,-4970.796,204.102,140.802,-0.766175,-0.628620,0.133460,0.624838,-0.777251,-0.073885,0.150178,0.026782,0.988296,0,0.52767,-0.43774,18.036,0.368,-1,-1,-1,-1,15.566,-1,496.840,507.391,449.799,-1,798.957,806.958,-1,-1,-1,-1,22.662,2,2,2,2,1,2,1,0,0,2,0,0,2,2,2,2,1
233,-5877.919,-4961.774,207.356,141.138,-0.769427,-0.625012,0.131690,0.620017,-0.780379,-0.081162,0.153495,0.019201,0.987963,0,0.29093,-0.95459,17.036,0.336,-1,-1,-1,-1,15.682,-1,486.666,499.805,460.579,-1,796.737,808.837,-1,-1,-1,-1,22.569,2,2,2,2,1,2,1,0,0,2,0,0,2,2,2,2,1
234,-5892.099,-4953.673,211.477,141.524,-0.772893,-0.621022,0.130263,0.614258,-0.783741,-0.091852,0.159134,0.009023,0.987216,0,0.29009,-0.95921,16.331,0.386,-1,-1,-1,-1,15.717,-1,478.762,490.272,478.475,-1,784.477,801.193,-1,-1,-1,-1,22.543,2,2,2,2,1,2,1,0,0,2,0,0,2,2,2,2,1
235,-5905.997,-4946.166,216.250,141.966,-0.776916,-0.616306,0.128716,0.607737,-0.787506,-0.102426,0.164491,-0.001351,0.986378,0,0.28916,-0.96433,15.796,0.442,-1,-1,-1,-1,14.634,-1,472.281,481.847,499.095,-1,777.867,799.720,-1,-1,-1,-1,24.159,2,2,2,2,1,2,1,0,0,2,0,0,2,2,2,2,1
236,-5919.274,-4938.621,221.374,142.320,-0.780347,-0.612630,0.125473,0.602691,-0.790300,-0.110409,0.166801,-0.010536,0.985934,0,0.28812,-0.96999,15.272,0.354,-1,-1,-1,-1,14.724,-1,464.482,476.975,519.806,-1,790.142,818.726,-1,-1,-1,-1,23.927,2,2,2,2,1,2,1,0,0,2,0,0,2,2,2,2,1
237,-5932.161,-4931.135,226.226,142.628,-0.783846,-0.609028,0.121120,0.598691,-0.792988,-0.112869,0.164788,-0.015958,0.986200,0,0.28726,-0.97471,14.903,0.308,-1,-1,-1,-1,14.871,-1,455.289,478.130,533.669,-1,827.147,862.967,-1,-1,-1,-1,23.600,2,2,2,2,1,2,1,0,0,2,0,0,2,2,2,2,1
238,-5944.773,-4923.759,230.335,142.936,-0.787852,-0.604844,0.115986,0.595068,-0.796154,-0.109696,0.158692,-0.017405,0.987175,0,0.28649,-0.97894,14.611,0.308,-1,-1,-1,-1,-1,-1,445.048,483.090,538.308,-1,887.985,931.953,-1,-1,-1,-1,-1,2,2,2,2,2,2,1,0,0,2,0,0,2,2,2,2,2
239,-5957.249,-4916.464,233.488,143.277,-0.792475,-0.599828,0.110409,0.591186,-0.799966,-0.102729,0.149944,-0.016138,0.988563,0,0.28572,-0.98315,14.453,0.341,-1,-1,-1,-1,-1,-1,434.278,489.677,534.678,-1,969.193,-1,-1,-1,-1,-1,-1,2,2,2,2,2,2,1,0,0,2,0,2,2,2,2,2,2
240,-5969.650,-4909.142,235.524,143.640,-0.797378,-0.594369,0.104474,0.587024,-0.804075,-0.094162,0.139972,-0.013753,0.990060,0,0.28490,-0.98768,14.401,0.363,-1,-1,-1,-1,-1,-1,460.571,495.460,525.995,-1,-1,-1,-1,-1,-1,-1,-1,2,2,2,2,2,2,1,0,0,2,2,2,2,2,2,2,2
241,-5981.948,-4901.689,236.337,143.978,-0.801971,-0.589275,0.097970,0.583126,-0.807849,-0.085696,0.129644,-0.011597,0.991493,0,0.28403,-0.99242,14.380,0.339,-1,-1,-1,-1,-1,1005.195,504.678,498.003,516.264,-1,-1,-1,-1,-1,-1,-1,-1,2,2,2,2,2,0,1,0,0,2,2,2,2,2,2,2,2
242,-5993.918,-4893.962,235.931,144.191,-0.805216,-0.586114,0.089985,0.580941,-0.810155,-0.078466,0.118892,-0.010906,0.992847,0,0.28321,-0.99692,14.247,0.212,-1,-1,-1,-1,-1,968.836,494.383,495.076,507.847,-1,-1,-1,-1,-1,-1,-1,-1,2,2,2,2,2,0,1,0,0,2,2,2,2,2,2,2,2
243,-6005.819,-4886.156,234.306,144.360,-0.807949,-0.583566,0.081665,0.579297,-0.812002,-0.071197,0.107861,-0.010216,0.994114,0,0.28263,-1.00000,14.233,0.169,-1,-1,-1,-1,-1,931.022,482.953,489.179,496.689,-1,-1,-1,-1,-1,-1,-1,-1,2,2,2,2,2,0,1,0,0,2,2,2,2,2,2,2,2
244,-6017.183,-4877.957,231.720,144.349,-0.808798,-0.583763,0.071174,0.580140,-0.811833,-0.066061,0.096345,-0.012139,0.995274,0,0.28213,-1.00000,14.014,-0.011,-1,991.129,-1,301.325,13.307,892.081,467.108,477.454,488.220,-1,-1,-1,-1,-1,-1,-1,30.861,2,0,2,1,1,0,1,0,0,2,2,2,2,2,2,2,1
245,-6028.029,-4869.290,228.904,144.141,-0.807450,-0.587018,0.058602,0.583607,-0.809348,-0.066011,0.086179,-0.019100,0.996097,0,0.28196,-1.00000,13.883,-0.207,-1,947.324,-1,286.753,13.285,857.871,446.723,458.631,488.413,-1,-1,-1,-1,-1,-1,-1,40.897,2,0,2,1,1,0,1,0,0,2,2,2,2,2,2,2,1
246,-6038.685,-4860.569,226.405,143.850,-0.805030,-0.591479,0.045593,0.588123,-0.805801,-0.069258,0.077703,-0.028941,0.996556,0,0.28217,-1.00000,13.769,-0.292,-1,908.702,-1,272.531,13.281,827.237,391.304,436.950,495.519,-1,-1,-1,-1,-1,-1,-1,48.275,2,0,2,1,1,0,1,0,0,2,2,2,2,2,2,2,1
247,-6049.206,-4851.984,224.711,143.547,-0.802354,-0.595933,0.033040,0.592702,-0.802072,-0.073384,0.070233,-0.039297,0.996756,0,0.28253,-1.00000,13.579,-0.303,-1,875.623,-1,258.970,13.293,800.485,364.419,415.391,506.578,-1,-1,-1,-1,-1,-1,-1,51.070,2,0,2,1,1,0,1,0,0,2,2,2,2,2,2,2,1
248,-6059.493,-4843.499,224.354,143.249,-0.799624,-0.600061,0.022989,0.597134,-0.798605,-0.075237,0.063506,-0.046433,0.996901,0,0.28291,-0.99858,13.335,-0.298,15.444,850.672,-1,245.896,13.267,780.170,350.756,402.658,515.709,-1,-1,-1,-1,-1,-1,22.773,51.550,1,0,2,1,1,0,1,0,0,2,2,2,2,2,2,1,1
249,-6069.638,-4834.969,225.294,142.970,-0.796987,-0.603794,0.015644,0.601227,-0.795544,-0.075069,0.057771,-0.050423,0.997056,0,0.28329,-0.99652,13.254,-0.279,15.232,833.516,-1,233.219,13.286,766.358,332.971,399.976,522.535,-1,-1,-1,-1,-1,-1,23.015,52.194,1,0,2,1,1,0,1,0,0,2,2,2,2,2,2,1,1
250,-6079.589,-4826.426,227.353,142.712,-0.794461,-0.607234,0.009945,0.604957,-0.792711,-0.075080,0.053475,-0.053632,0.997128,0,0.28363,-0.99463,13.116,-0.258,15.085,822.719,-1,221.194,13.319,759.037,263.902,401.012,531.104,-1,-1,-1,-1,-1,-1,23.221,47.291,1,0,2,1,1,0,1,0,0,2,2,2,2,2,2,1,1
251,-6089.323,-4818.134,230.272,142.489,-0.792297,-0.610117,0.004728,0.608201,-0.790377,-0.073461,0.048556,-0.055327,0.997287,0,0.28394,-0.99293,12.787,-0.223,-1,813.574,-1,209.619,13.321,752.600,249.740,405.861,539.519,-1,-1,-1,-1,-1,-1,-1,46.681,2,0,2,1,1,0,1,0,0,2,2,2,2,2,2,2,1
252,-6098.801,-4809.954,233.752,142.283,-0.790331,-0.612679,-0.001111,0.611217,-0.788318,-0.070490,0.042312,-0.056390,0.997512,0,0.28419,-0.99157,12.520,-0.206,-1,803.509,-1,214.189,13.329,744.655,235.836,412.231,550.012,-1,-1,-1,-1,-1,-1,-1,45.628,2,0,2,1,1,0,1,0,0,2,2,2,2,2,2,2,1
253,-6108.199,-4801.796,237.441,142.066,-0.788209,-0.615364,-0.007369,0.614355,-0.786105,-0.067876,0.035976,-0.058027,0.997667,0,0.28441,-0.99036,12.445,-0.217,-1,793.652,-1,-1,13.282,737.146,222.070,417.237,562.763,-1,-1,-1,-1,-1,-1,-1,45.327,2,0,2,2,1,0,1,0,0,2,2,2,2,2,2,2,1
254,-6117.497,-4793.700,241.067,141.833,-0.785868,-0.618231,-0.014226,0.617679,-0.783645,-0.066132,0.029737,-0.060758,0.997710,0,0.28465,-0.98903,12.329,-0.233,-1,783.531,-1,-1,13.277,729.814,208.467,421.758,579.240,-1,-1,-1,-1,-1,-1,-1,40.945,2,0,2,2,1,0,1,0,0,2,2,2,2,2,2,2,1
255,-6127.021,-4785.521,244.187,141.628,-0.783776,-0.620704,-0.020551,0.620581,-0.781487,-0.064475,0.023960,-0.063287,0.997708,0,0.59932,-0.50257,12.554,-0.205,-1,773.553,-1,-1,13.399,722.517,194.894,426.350,593.847,-1,-1,-1,-1,-1,-1,-1,33.313,2,0,2,2,1,0,1,0,0,2,2,2,2,2,2,2,1
256,-6136.935,-4777.085,246.515,141.454,-0.781969,-0.622786,-0.025715,0.623027,-0.779682,-0.062711,0.019006,-0.065059,0.997700,0,0.59977,-0.50139,13.018,-0.174,-1,764.062,-1,1002.894,13.514,715.405,181.050,430.339,604.101,-1,-1,-1,-1,-1,-1,-1,24.745,2,0,2,0,1,0,1,0,0,2,2,2,2,2,2,2,1
257,-6147.270,-4768.466,247.950,141.335,-0.780734,-0.624169,-0.029450,0.624694,-0.778556,-0.060068,0.014564,-0.065294,0.997760,0,0.60010,-0.50054,13.458,-0.119,-1,754.591,-1,990.336,-1,707.634,166.967,434.457,607.360,-1,-1,-1,-1,-1,-1,-1,-1,2,0,2,0,2,0,1,0,0,2,2,2,2,2,2,2,2
258,-6157.974,-4759.628,248.470,141.280,-0.780172,-0.624751,-0.031921,0.625472,-0.778154,-0.057117,0.010844,-0.064526,0.997857,0,0.60019,-0.50030,13.881,-0.055,-1,745.135,-1,976.622,-1,699.507,152.687,437.417,604.903,-1,-1,-1,-1,-1,-1,-1,-1,2,0,2,0,2,0,1,0,0,2,2,2,2,2,2,2,2
259,-6171.088,-4748.752,248.051,141.254,-0.779913,-0.624958,-0.034095,0.625851,-0.778119,-0.053312,0.006788,-0.062917,0.997996,0,0.60002,-0.50073,17.037,-0.026,-1,732.881,-1,135.931,14.089,688.502,135.087,439.638,596.706,-1,-1,-1,-1,-1,-1,-1,26.442,2,0,2,1,1,0,1,0,0,2,2,2,2,2,2,2,1
260,-6179.978,-4741.394,247.344,141.259,-0.779978,-0.624818,-0.035155,0.625793,-0.778356,-0.050460,0.004165,-0.061358,0.998107,0,0.59966,-0.50168,11.540,0.005,-1,724.293,-1,125.423,14.062,680.548,123.135,442.325,588.845,-1,-1,-1,-1,-1,-1,-1,26.609,2,0,2,1,1,0,1,0,0,2,2,2,2,2,2,2,1
261,-6191.286,-4732.007,246.128,141.272,-0.780127,-0.624580,-0.036094,0.625620,-0.778712,-0.046981,0.001237,-0.059232,0.998243,0,0.59933,-0.50255,14.697,0.013,-1,713.638,-1,112.000,14.059,670.695,113.363,444.976,578.600,-1,-1,-1,-1,-1,-1,-1,26.628,2,0,2,1,1,0,1,0,0,2,2,2,2,2,2,2,1
262,-6202.796,-4722.500,244.674,141.308,-0.780513,-0.624063,-0.036664,0.625137,-0.779327,-0.043039,-0.001714,-0.056513,0.998400,0,0.59887,-0.50373,14.929,0.035,-1,702.776,-1,98.238,14.298,660.398,99.533,447.200,566.223,-1,-1,-1,-1,994.569,-1,-1,25.327,2,0,2,1,1,0,1,0,0,2,2,2,2,0,2,2,1
263,-6214.492,-4713.040,243.287,141.393,-0.781431,-0.622902,-0.036862,0.623972,-0.780517,-0.038114,-0.005031,-0.052784,0.998593,0,0.59833,-0.50516,15.043,0.085,-1,691.818,-1,84.338,14.323,649.432,85.576,450.797,551.757,-1,-1,-1,-1,977.466,91.694,-1,25.221,2,0,2,1,1,0,1,0,0,2,2,2,2,0,1,2,1
264,-6226.467,-4703.441,242.123,141.486,-0.782436,-0.621651,-0.036647,0.622688,-0.781715,-0.034377,-0.007277,-0.049717,0.998737,0,0.59758,-0.50711,15.347,0.093,-1,682.696,-1,70.870,14.284,639.881,72.003,454.132,540.030,-1,-1,-1,-1,963.611,77.000,-1,25.393,2,0,2,1,1,0,1,0,0,2,2,2,2,0,1,2,1
265,-6238.778,-4693.739,241.280,141.592,-0.783576,-0.620248,-0.036066,0.621239,-0.782965,-0.032055,-0.008357,-0.047523,0.998835,0,0.59679,-0.50917,15.675,0.106,-1,675.572,-1,57.937,14.322,632.610,58.926,457.091,531.706,-1,-1,-1,-1,953.190,62.926,-1,25.225,2,0,2,1,1,0,1,0,0,2,2,2,2,0,1,2,1
266,-6251.357,-4684.055,240.792,141.716,-0.784918,-0.618598,-0.035213,0.619529,-0.784420,-0.029488,-0.009381,-0.044961,0.998945,0,0.59593,-0.51140,15.875,0.125,-1,669.271,-1,45.168,14.360,626.005,45.996,462.737,524.943,-1,-1,-1,-1,944.203,49.039,-1,25.067,2,0,2,1,1,0,1,0,0,2,2,2,2,0,1,2,1
267,-6266.836,-4672.325,240.498,141.889,-0.786768,-0.616311,-0.034010,0.617157,-0.786405,-0.026146,-0.010631,-0.041561,0.999079,0,0.59500,-0.51384,19.421,0.172,-1,662.214,-1,29.819,14.516,618.468,30.416,471.142,518.446,-1,-1,-1,-1,934.232,32.360,-1,24.505,2,0,2,1,1,0,1,0,0,2,2,2,2,0,1,2,1
268,-6277.429,-4664.448,240.324,142.033,-0.788310,-0.614395,-0.032960,0.615168,-0.788052,-0.023295,-0.011662,-0.038640,0.999185,0,0.59376,-0.51705,13.200,0.144,-1,657.417,-1,19.369,14.569,613.121,19.784,477.681,512.464,-1,-1,-1,-1,927.494,21.011,-1,24.340,2,0,2,1,1,0,1,0,0,2,2,2,2,0,1,2,1
269,-6290.679,-4654.590,240.165,142.189,-0.789950,-0.612266,-0.033306,0.613001,-0.789844,-0.019374,-0.014444,-0.035721,0.999257,0,0.59282,-0.51952,16.515,0.156,-1,648.773,-1,14.810,14.494,604.285,637.449,484.432,507.175,-1,-1,-1,-1,913.946,29.400,-1,24.577,2,0,2,1,1,0,0,0,0,2,2,2,2,0,1,2,1
270,-6303.496,-4645.169,240.647,142.245,-0.790413,-0.611103,-0.042433,0.612123,-0.790592,-0.016425,-0.023509,-0.038957,0.998964,0,0.59173,-0.52236,15.907,0.056,-1,628.742,-1,78.956,14.305,587.104,620.687,482.641,520.844,-1,-1,-1,-1,878.129,-1,-1,25.299,2,0,2,1,1,0,0,0,0,2,2,2,2,0,2,2,1
271,-6316.184,-4636.190,241.592,142.251,-0.790142,-0.610062,-0.059162,0.611765,-0.790899,-0.014930,-0.037683,-0.047990,0.998137,0,0.59103,-0.52417,15.543,0.007,1007.146,600.029,-1,765.303,14.131,563.569,597.950,473.821,555.897,-1,-1,-1,-1,827.326,-1,-1,26.179,0,0,2,0,1,0,0,0,0,2,2,2,2,0,2,2,1
272,-6328.858,-4627.490,242.352,142.182,-0.788780,-0.609455,-0.079941,0.612231,-0.790558,-0.013845,-0.054760,-0.059863,0.996703,0,-0.01019,-0.46835,15.373,-0.069,892.153,567.362,-1,734.092,13.739,536.728,571.999,462.462,602.730,-1,-1,-1,-1,770.795,-1,950.768,29.671,0,0,2,0,1,0,0,0,0,2,2,2,2,0,2,0,1
273,-6341.291,-4618.963,242.438,142.033,-0.786291,-0.609325,-0.102322,0.613578,-0.789519,-0.013461,-0.072583,-0.073367,0.994660,0,-0.01019,-0.46891,15.076,-0.149,787.297,534.124,-1,702.276,13.585,509.194,545.463,447.765,662.246,-1,-1,-1,-1,714.948,-1,839.144,31.546,0,0,2,0,1,0,0,0,0,2,2,2,2,0,2,0,1
274,-6353.441,-4610.463,241.773,141.821,-0.782878,-0.609300,-0.125921,0.615601,-0.787920,-0.014776,-0.090213,-0.089085,0.991930,0,-0.01019,-0.46866,14.828,-0.213,692.091,501.295,-1,672.416,13.313,481.967,519.637,429.527,736.010,-1,-1,-1,-1,661.854,-1,740.531,29.915,0,0,2,0,1,0,0,0,0,2,2,2,2,0,2,0,1
275,-6365.176,-4601.849,240.381,141.501,-0.778053,-0.609692,-0.151354,0.618860,-0.785296,-0.017955,-0.107910,-0.107637,0.988317,0,-0.01020,-0.46774,14.557,-0.320,603.470,468.059,-1,644.340,13.289,454.747,494.415,408.014,829.531,-1,-1,-1,-1,610.093,966.643,649.356,26.481,0,0,2,0,1,0,0,0,0,2,2,2,2,0,0,0,1
276,-6376.622,-4593.208,238.457,141.092,-0.772035,-0.610513,-0.176738,0.623123,-0.781835,-0.021230,-0.125219,-0.126520,0.984029,0,-0.01021,-0.46571,14.341,-0.409,15.697,436.187,-1,617.365,13.300,427.617,470.229,386.854,937.958,-1,-1,-1,-1,562.248,920.008,22.559,27.036,1,0,2,0,1,0,0,0,0,2,2,2,2,0,0,1,1
277,-6387.979,-4584.405,236.777,140.685,-0.766276,-0.612041,-0.195520,0.627514,-0.778262,-0.023125,-0.138013,-0.140412,0.980427,0,-0.01023,-0.46276,14.370,-0.407,15.199,412.765,990.189,597.075,13.292,406.787,452.390,373.755,-1,-1,-1,-1,-1,527.904,885.297,23.057,29.698,1,0,0,0,1,0,0,0,2,2,2,2,2,0,0,1,1
278,-6399.304,-4575.237,235.546,140.361,-0.762013,-0.614280,-0.204929,0.631274,-0.775199,-0.023666,-0.144323,-0.147400,0.978491,0,-0.01025,-0.45983,14.570,-0.325,14.700,399.487,952.860,585.602,13.474,395.452,442.579,368.158,-1,-1,-1,-1,-1,508.800,865.390,23.987,28.294,1,0,0,0,1,0,0,0,2,2,2,2,2,0,0,1,1
279,-6410.778,-4565.834,234.512,140.133,-0.759513,-0.617432,-0.204741,0.634303,-0.772753,-0.022659,-0.144223,-0.147077,0.978554,0,-0.01026,-0.45771,14.835,-0.227,14.479,395.213,943.932,581.578,13.605,392.528,439.730,370.568,-1,-1,-1,-1,-1,503.005,858.071,24.628,25.463,1,0,0,0,1,0,0,0,2,2,2,2,2,0,0,1,1
280,-6422.078,-4556.126,233.555,139.981,-0.758400,-0.621263,-0.197132,0.636812,-0.770735,-0.020948,-0.138922,-0.141423,0.980153,0,-0.01027,-0.45658,14.897,-0.153,14.405,397.840,957.521,583.805,10.054,394.352,442.449,379.088,-1,-1,-1,-1,-1,507.476,861.303,24.888,9.194,1,0,0,0,1,0,0,0,2,2,2,2,2,0,0,1,1
281,-6433.130,-4546.148,232.311,139.878,-0.758101,-0.625262,-0.185285,0.638882,-0.769078,-0.018687,-0.130815,-0.132542,0.982507,0,-0.01027,-0.45619,14.890,-0.103,14.193,403.924,984.364,588.550,-1,398.658,447.241,391.370,976.486,-1,-1,-1,-1,517.394,869.116,25.841,-1,1,0,0,0,2,0,0,0,0,2,2,2,2,0,0,1,2
282,-6443.858,-4536.035,230.543,139.860,-0.758727,-0.628314,-0.171916,0.639815,-0.768373,-0.015504,-0.122354,-0.121757,0.984990,0,-0.01027,-0.45627,14.743,-0.018,14.050,410.005,-1,591.305,-1,402.742,451.355,405.484,906.842,-1,-1,-1,-1,528.053,874.073,26.692,-1,1,0,2,0,2,0,0,0,0,2,2,2,2,0,0,1,2
283,-6454.272,-4525.970,228.125,139.910,-0.759948,-0.630325,-0.158651,0.639720,-0.768531,-0.010899,-0.115058,-0.109775,0.987275,0,-0.01027,-0.45716,14.483,0.050,13.662,414.183,-1,589.324,11.018,404.760,452.800,415.975,836.416,-1,-1,-1,-1,536.558,871.578,12.395,9.758,1,0,2,0,1,0,0,0,0,2,2,2,2,0,0,1,1
284,-6464.573,-4516.228,225.010,140.029,-0.761813,-0.631146,-0.145930,0.638591,-0.769526,-0.005511,-0.108819,-0.097388,0.989280,0,-0.01026,-0.45870,14.178,0.119,509.516,416.293,-1,583.508,14.506,404.473,451.632,425.810,764.418,-1,-1,-1,-1,542.393,862.353,546.591,24.542,0,0,2,0,1,0,0,0,0,2,2,2,2,0,0,0,1
285,-6474.855,-4506.817,221.386,140.194,-0.764131,-0.631036,-0.133780,0.636796,-0.771033,-0.000344,-0.102932,-0.085453,0.991011,0,-0.01024,-0.46093,13.939,0.165,522.790,417.018,-1,576.108,14.432,402.912,447.614,434.455,698.088,-1,-1,-1,-1,546.474,850.298,557.420,24.797,0,0,2,0,1,0,0,0,0,2,2,2,2,0,0,0,1
286,-6484.961,-4497.739,217.885,140.311,-0.765731,-0.630657,-0.126206,0.635468,-0.772123,0.002751,-0.099182,-0.078093,0.992000,0,-0.01022,-0.46362,13.585,0.118,525.047,414.288,-1,568.008,14.220,398.928,441.979,438.407,656.089,-1,-1,-1,-1,544.868,837.067,557.857,25.696,0,0,2,0,1,0,0,0,0,2,2,2,2,0,0,0,1
287,-6494.820,-4489.205,214.972,140.356,-0.766126,-0.630084,-0.126670,0.634796,-0.772669,0.004049,-0.100425,-0.077307,0.991937,0,-0.01021,-0.46583,13.039,0.044,507.793,405.133,-1,556.413,14.027,390.089,432.835,435.760,646.390,-1,-1,-1,-1,532.519,817.448,538.936,26.848,0,0,2,0,1,0,0,0,0,2,2,2,2,0,0,0,1
288,-6504.471,-4481.455,212.996,140.330,-0.765342,-0.629380,-0.134660,0.634727,-0.772725,0.004117,-0.106646,-0.082321,0.990883,0,-0.01020,-0.46729,12.377,-0.026,13.991,390.620,980.186,541.825,14.008,377.203,420.800,427.863,666.284,-1,-1,-1,-1,511.139,792.056,27.109,26.989,1,0,0,0,1,0,0,0,0,2,2,2,2,0,0,1,1
289,-6513.801,-4474.418,212.246,140.329,-0.764746,-0.628111,-0.143670,0.634248,-0.773119,0.003938,-0.113548,-0.088110,0.989618,0,-0.01019,-0.46803,11.686,-0.001,13.924,377.490,935.267,529.399,14.077,365.727,410.285,421.107,698.979,-1,-1,-1,-1,491.482,769.400,27.651,26.512,1,0,0,0,1,0,0,0,0,2,2,2,2,0,0,1,1
290,-6522.346,-4468.114,212.703,140.395,-0.765172,-0.626688,-0.147558,0.633127,-0.774037,0.004260,-0.116885,-0.090164,0.989044,0,-0.01019,-0.46900,10.619,0.066,13.874,371.369,914.010,523.706,14.133,360.352,405.138,420.461,720.789,-1,-1,-1,-1,482.407,757.333,28.119,26.172,1,0,0,0,1,0,0,0,0,2,2,2,2,0,0,1,1
291,-6530.196,-4462.281,214.133,140.513,-0.766678,-0.625617,-0.144254,0.631712,-0.775190,0.004524,-0.114655,-0.087658,0.989530,0,-0.01018,-0.47055,9.779,0.118,13.830,373.938,923.445,525.862,14.182,362.638,406.865,426.563,724.595,-1,-1,-1,-1,486.447,759.868,28.566,25.893,1,0,0,0,1,0,0,0,0,2,2,2,2,0,0,1,1
292,-6537.459,-4456.679,216.208,140.659,-0.768883,-0.625014,-0.134821,0.630241,-0.776384,0.004965,-0.107776,-0.081152,0.990857,0,-0.01016,-0.47256,9.173,0.146,13.799,383.700,959.026,534.129,-1,370.999,414.140,438.458,713.145,-1,-1,-1,-1,501.478,774.141,28.909,-1,1,0,0,0,2,0,0,0,0,2,2,2,2,0,0,1,2
293,-6544.307,-4451.229,218.646,140.818,-0.771358,-0.624602,-0.121985,0.628710,-0.777616,0.006067,-0.098647,-0.072013,0.992513,0,-0.01015,-0.47478,8.751,0.158,13.810,397.586,-1,545.439,-1,382.352,424.314,453.161,692.788,-1,-1,-1,-1,523.232,794.047,28.791,-1,1,0,2,0,2,0,0,0,0,2,2,2,2,0,0,1,2
294,-6550.826,-4445.914,221.266,140.961,-0.773587,-0.624161,-0.109484,0.627304,-0.778741,0.007177,-0.089740,-0.063128,0.993963,0,-0.01013,-0.47709,8.412,0.144,13.853,411.968,-1,557.300,-1,394.122,434.897,468.064,675.707,-1,-1,-1,-1,546.090,815.097,28.324,-1,1,0,2,0,2,0,0,0,0,2,2,2,2,0,0,1,2
295,-6557.026,-4440.736,223.592,141.035,-0.774761,-0.623921,-0.102314,0.626605,-0.779302,0.007374,-0.084334,-0.058398,0.994725,0,-0.01012,-0.47921,8.077,0.074,9.583,421.156,-1,565.666,-1,401.767,442.016,477.988,673.969,-1,-1,-1,-1,560.601,829.652,8.475,-1,1,0,2,0,2,0,0,0,0,2,2,2,2,0,0,1,2
296,-6562.974,-4435.753,225.249,141.019,-0.774664,-0.624214,-0.101254,0.626888,-0.779080,0.006771,-0.083111,-0.058230,0.994838,0,-0.01011,-0.48060,7.760,-0.016,568.901,423.289,-1,568.762,-1,403.765,444.272,481.480,685.937,-1,-1,-1,-1,563.825,834.674,598.016,-1,0,0,2,0,2,0,0,0,0,2,2,2,2,0,0,0,2
297,-6568.726,-4430.950,226.037,140.938,-0.773656,-0.624934,-0.104468,0.627889,-0.778281,0.005781,-0.084919,-0.061122,0.994511,0,-0.01011,-0.48107,7.494,-0.081,557.648,419.698,-1,567.079,-1,401.056,442.319,479.517,706.103,-1,-1,-1,-1,558.027,831.412,587.106,-1,0,0,2,0,2,0,0,0,0,2,2,2,2,0,0,0,2
298,-6574.401,-4426.161,225.790,140.828,-0.772230,-0.625713,-0.110202,0.629182,-0.777247,0.004176,-0.088267,-0.066112,0.993900,0,0.42128,-0.85190,7.426,-0.109,535.712,412.095,-1,562.009,-1,394.974,437.349,473.244,730.595,-1,-1,-1,-1,546.184,822.706,565.361,-1,0,0,2,0,2,0,0,0,0,2,2,2,2,0,0,0,2
299,-6580.218,-4421.168,224.390,140.701,-0.770600,-0.626517,-0.116841,0.630707,-0.776020,0.001435,-0.091570,-0.072587,0.993150,0,0.42141,-0.85141,7.666,-0.127,508.250,402.257,-1,555.467,-1,387.006,430.819,463.524,757.671,-1,-1,-1,-1,531.323,812.368,538.593,-1,0,0,2,0,2,0,0,0,0,2,2,2,2,0,0,0,2
300,-6586.167,-4415.917,221.812,140.538,-0.768590,-0.627594,-0.124081,0.632729,-0.774369,-0.002576,-0.094468,-0.080489,0.992269,0,0.42159,-0.85076,7.934,-0.163,477.186,390.633,-1,548.017,-1,377.532,423.135,450.576,787.632,-1,-1,-1,-1,514.193,801.504,508.245,-1,0,0,2,0,2,0,0,0,0,2,2,2,2,0,0,0,2
301,-6592.168,-4410.314,218.212,140.307,-0.765895,-0.629358,-0.131577,0.635694,-0.771898,-0.008171,-0.096421,-0.089901,0.991272,0,0.42187,-0.84975,8.210,-0.230,17.421,378.098,996.757,541.010,-1,367.386,415.218,433.953,818.251,-1,-1,-1,-1,496.111,792.556,22.209,-1,1,0,0,0,2,0,0,0,0,2,2,2,2,0,0,1,2
302,-6597.922,-4404.152,214.289,139.982,-0.762377,-0.632536,-0.136672,0.640109,-0.768125,-0.015648,-0.095083,-0.099414,0.990493,0,0.42233,-0.84809,8.430,-0.325,19.121,368.707,984.489,539.166,-1,360.236,410.651,417.149,848.843,-1,-1,-1,-1,483.141,793.947,22.693,-1,1,0,0,0,2,0,0,0,0,2,2,2,2,0,0,1,2
303,-6603.127,-4397.389,210.596,139.543,-0.757773,-0.637502,-0.139182,0.646209,-0.762766,-0.024536,-0.090521,-0.108533,0.989963,0,0.42306,-0.84544,8.535,-0.439,18.677,363.420,994.339,543.621,-1,357.023,410.310,401.988,880.114,-1,-1,-1,-1,476.527,807.657,22.527,-1,1,0,0,0,2,0,0,0,0,2,2,2,2,0,0,1,2
304,-6607.886,-4390.304,207.737,139.049,-0.752538,-0.643843,-0.138396,0.653042,-0.756701,-0.030657,-0.084986,-0.113449,0.989902,0,0.42412,-0.84159,8.535,-0.494,18.772,361.936,-1,549.828,-1,356.771,412.110,392.477,893.077,-1,-1,-1,-1,475.678,824.399,22.560,-1,1,0,2,0,2,0,0,0,0,2,2,2,2,0,0,1,2
305,-6612.203,-4382.996,206.094,138.541,-0.747053,-0.651049,-0.134339,0.659981,-0.750574,-0.032606,-0.079604,-0.113019,0.990399,0,0.42535,-0.83714,8.488,-0.508,18.685,364.031,-1,555.851,-1,359.074,415.217,390.170,883.039,-1,-1,-1,-1,480.171,839.855,22.529,-1,1,0,2,0,2,0,0,0,0,2,2,2,2,0,0,1,2
306,-6616.153,-4375.495,205.745,137.970,-0.740650,-0.659335,-0.129286,0.667587,-0.743899,-0.030702,-0.075933,-0.109049,0.991132,0,0.42663,-0.83250,8.477,-0.571,18.659,367.802,-1,560.280,-1,362.390,418.376,393.468,859.861,-1,-1,-1,-1,486.906,850.898,22.520,-1,1,0,2,0,2,0,0,0,0,2,2,2,2,0,0,1,2
307,-6619.816,-4367.776,206.496,137.339,-0.733345,-0.668236,-0.125166,0.675791,-0.736603,-0.026870,-0.074242,-0.104290,0.991772,0,0.42809,-0.82719,8.544,-0.631,18.648,371.855,-1,563.704,-1,365.784,421.270,399.414,837.501,-1,-1,-1,-1,493.532,858.632,22.517,-1,1,0,2,0,2,0,0,0,0,2,2,2,2,0,0,1,2
308,-6623.390,-4359.863,207.954,136.684,-0.725639,-0.677216,-0.121763,0.684190,-0.728933,-0.023239,-0.073019,-0.100172,0.992287,0,0.42973,-0.82125,8.682,-0.655,18.681,376.507,-1,568.500,-1,369.899,425.012,406.026,822.481,-1,-1,-1,-1,500.769,868.232,22.528,-1,1,0,2,0,2,0,0,0,0,2,2,2,2,0,0,1,2
309,-6626.862,-4351.851,209.858,135.998,-0.717470,-0.686366,-0.118907,0.692898,-0.720743,-0.020521,-0.071617,-0.097114,0.992693,0,0.27406,-0.08093,8.732,-0.686,18.400,381.906,-1,575.508,-1,374.971,430.011,411.377,814.868,-1,-1,-1,-1,508.982,881.890,22.435,-1,1,0,2,0,2,0,0,0,0,2,2,2,2,0,0,1,2
310,-6630.313,-4343.804,211.930,135.298,-0.709017,-0.695478,-0.116642,0.701677,-0.712259,-0.018346,-0.070320,-0.094853,0.993005,0,0.27520,-0.07441,8.756,-0.700,17.689,387.320,-1,583.280,-1,380.220,435.384,415.674,811.773,-1,-1,-1,-1,517.189,897.589,22.252,-1,1,0,2,0,2,0,0,0,0,2,2,2,2,0,0,1,2
311,-6633.937,-4335.722,213.908,134.624,-0.700784,-0.704116,-0.114552,0.710033,-0.703973,-0.016591,-0.068960,-0.092962,0.993279,0,0.27637,-0.06776,8.857,-0.674,16.407,392.479,-1,591.053,-1,385.288,440.660,419.266,810.396,-1,-1,-1,-1,525.105,913.260,22.238,-1,1,0,2,0,2,0,0,0,0,2,2,2,2,0,0,1,2
312,-6637.983,-4327.666,215.536,134.036,-0.693520,-0.711610,-0.112430,0.717248,-0.696658,-0.014916,-0.067711,-0.090985,0.993548,0,0.27749,-0.06139,9.015,-0.588,15.121,396.727,-1,597.214,-1,389.393,444.885,422.371,808.175,-1,-1,-1,-1,531.784,926.027,23.168,-1,1,0,2,0,2,0,0,0,0,2,2,2,2,0,0,1,2
313,-6642.315,-4319.653,216.695,133.524,-0.687115,-0.718018,-0.111013,0.723452,-0.690245,-0.013389,-0.067012,-0.089512,0.993729,0,0.27844,-0.05592,9.109,-0.512,13.648,399.230,-1,601.114,-1,391.837,447.464,424.111,806.987,-1,-1,-1,-1,535.847,934.619,31.097,-1,1,0,2,0,2,0,0,0,0,2,2,2,2,0,0,1,2
314,-6646.968,-4311.847,217.309,133.120,-0.681980,-0.723061,-0.109934,0.728279,-0.685187,-0.011279,-0.067170,-0.087755,0.993875,0,0.27926,-0.05125,9.087,-0.405,14.704,399.683,-1,601.414,-1,392.128,447.642,425.244,803.262,-1,-1,-1,-1,536.841,935.876,28.820,-1,1,0,2,0,2,0,0,0,0,2,2,2,2,0,0,1,2
315,-6652.031,-4304.852,217.335,132.959,-0.679810,-0.725298,-0.108631,0.730061,-0.683355,-0.006140,-0.069780,-0.083482,0.994063,0,0.27989,-0.04769,8.635,-0.161,25.744,396.659,-1,592.538,-1,388.337,442.712,428.227,788.424,-1,-1,-1,-1,532.555,918.410,26.998,-1,1,0,2,0,2,0,0,0,0,2,2,2,2,0,0,1,2
316,-6657.723,-4299.512,216.810,133.234,-0.682960,-0.722745,-0.105854,0.726415,-0.687235,0.005510,-0.076729,-0.073131,0.994366,0,0.28007,-0.04662,7.805,0.275,27.492,388.924,-1,568.428,-1,378.491,429.559,437.636,750.908,-1,-1,-1,-1,521.119,869.793,28.755,-1,1,0,2,0,2,0,0,0,0,2,2,2,2,0,0,1,2
317,-6663.604,-4294.527,215.955,133.583,-0.686917,-0.719320,-0.103559,0.721767,-0.691893,0.018330,-0.084837,-0.062154,0.994454,0,0.27948,-0.05000,7.709,0.349,31.510,379.499,-1,542.130,-1,367.010,414.568,447.590,710.655,-1,-1,-1,-1,507.142,817.083,32.854,-1,1,0,2,0,2,0,0,0,0,2,2,2,2,0,0,1,2
318,-6669.619,-4289.678,214.914,133.975,-0.691346,-0.715440,-0.100930,0.716524,-0.696848,0.031573,-0.092921,-0.050491,0.994392,0,0.27876,-0.05414,7.726,0.393,35.736,370.038,999.694,516.199,-1,355.523,399.477,458.543,669.345,-1,-1,-1,-1,493.264,767.080,36.932,-1,1,0,0,0,2,0,0,0,0,2,2,2,2,0,0,1,2
319,-6675.771,-4284.922,213.828,134.407,-0.696197,-0.711200,-0.097494,0.710766,-0.701973,0.045233,-0.100608,-0.037804,0.994208,0,0.27795,-0.05873,7.776,0.431,20.495,361.263,941.582,491.343,-1,344.667,384.869,471.342,627.392,-1,-1,-1,-1,480.588,720.344,40.104,-1,1,0,0,0,2,0,0,0,0,2,2,2,2,0,0,1,2
320,-6681.986,-4279.939,212.818,134.815,-0.700750,-0.707203,-0.093880,0.705290,-0.706547,0.057947,-0.107311,-0.025606,0.993896,0,0.27708,-0.06373,7.966,0.408,15.237,353.597,892.588,469.515,-1,335.124,371.849,484.286,591.424,-1,-1,-1,-1,469.666,679.971,41.981,-1,1,0,0,0,2,0,0,0,0,2,2,2,2,0,0,1,2
321,-6688.207,-4274.633,211.958,135.155,-0.704461,-0.703909,-0.090812,0.700650,-0.710135,0.069266,-0.113246,-0.014832,0.993456,0,0.27624,-0.06851,8.176,0.340,14.341,346.702,853.232,450.882,-1,326.714,360.447,496.116,562.826,-1,-1,-1,-1,459.880,646.763,42.550,940.450,1,0,0,0,2,0,0,0,0,2,2,2,2,0,0,1,0
322,-6694.479,-4269.174,211.292,135.451,-0.707595,-0.701093,-0.088196,0.696551,-0.713053,0.079826,-0.118854,-0.004948,0.992899,0,0.27552,-0.07260,8.315,0.295,14.259,340.292,818.638,434.283,-1,319.030,350.078,507.582,539.265,-1,-1,-1,-1,450.771,617.761,43.067,876.679,1,0,0,0,2,0,0,0,0,2,2,2,2,0,0,1,0
323,-6700.820,-4263.794,211.155,135.748,-0.710791,-0.698120,-0.086048,0.692462,-0.715972,0.088775,-0.123583,0.003515,0.992328,0,0.27488,-0.07625,8.316,0.298,14.190,335.218,790.975,420.943,9.933,312.896,341.654,518.549,522.732,-1,-1,-1,-1,443.542,594.391,45.164,22.203,1,0,0,0,1,0,0,0,0,2,2,2,2,0,0,1,1
324,-6706.758,-4258.908,211.868,136.113,-0.714879,-0.694186,-0.083991,0.687628,-0.719716,0.095799,-0.126952,0.010730,0.991851,0,0.27424,-0.07994,7.690,0.365,13.817,332.573,772.525,411.696,16.383,309.226,336.006,530.288,513.296,-1,-1,-1,-1,439.758,577.776,47.766,22.245,1,0,0,0,1,0,0,0,0,2,2,2,2,0,0,1,1
325,-6712.194,-4254.575,213.358,136.516,-0.719586,-0.689677,-0.080885,0.682472,-0.723907,0.100944,-0.128172,0.017436,0.991599,0,0.27348,-0.08426,6.952,0.403,13.453,333.297,766.101,407.007,16.029,308.719,333.692,543.779,508.209,-1,-1,-1,-1,440.937,568.723,49.334,22.366,1,0,0,0,1,0,0,0,0,2,2,2,2,0,0,1,1
326,-6717.292,-4250.628,215.448,136.927,-0.724620,-0.685044,-0.075104,0.677455,-0.728073,0.104710,-0.126412,0.024995,0.991663,0,0.27267,-0.08890,6.447,0.410,13.281,338.337,774.229,406.950,14.096,311.946,335.026,560.116,503.124,-1,-1,-1,-1,448.725,567.383,50.464,11.670,1,0,0,0,1,0,0,0,0,2,2,2,2,0,0,1,1
327,-6722.124,-4246.876,217.897,137.294,-0.729356,-0.680875,-0.066710,0.673160,-0.731631,0.107570,-0.122049,0.033550,0.991957,0,0.27185,-0.09358,6.118,0.368,13.299,347.138,795.322,410.646,984.211,318.340,339.393,579.155,496.659,-1,-1,-1,-1,462.498,572.297,49.847,762.508,1,0,0,0,0,0,0,0,0,2,2,2,2,0,0,1,0
328,-6726.923,-4243.290,220.496,137.700,-0.734610,-0.676112,-0.056748,0.668437,-0.735534,0.110372,-0.116364,0.043148,0.992269,0,0.64595,-0.36508,5.992,0.406,13.548,358.065,827.145,415.464,978.576,326.295,345.071,601.241,489.326,-1,-1,-1,-1,480.374,579.406,33.318,769.000,1,0,0,0,0,0,0,0,0,2,2,2,2,0,0,1,0
329,-6731.905,-4239.640,223.049,138.122,-0.740031,-0.670934,-0.046927,0.663485,-0.739684,0.112498,-0.110190,0.052116,0.992543,0,0.64403,-0.36968,6.175,0.421,14.076,369.437,862.280,420.879,977.328,334.578,351.193,623.043,484.292,-1,-1,13.417,-1,499.230,587.696,26.533,777.517,1,0,0,0,0,0,0,0,0,2,2,1,2,0,0,1,0
330,-6737.067,-4235.855,225.365,138.513,-0.744986,-0.665929,-0.039179,0.658802,-0.743695,0.113570,-0.104767,0.058797,0.992757,0,0.64203,-0.37446,6.401,0.391,14.839,379.089,894.028,425.870,979.769,341.636,356.589,640.929,483.252,-1,-1,20.833,-1,515.458,595.500,23.666,786.373,1,0,0,0,0,0,0,0,0,2,2,1,2,0,0,1,0
331,-6742.335,-4231.821,227.273,138.825,-0.748886,-0.661797,-0.034571,0.655018,-0.747117,0.112992,-0.100606,0.061973,0.992994,0,0.64015,-0.37896,6.635,0.312,15.742,385.718,920.678,430.172,988.151,346.648,360.753,579.794,487.636,-1,-1,10.631,-1,526.762,602.471,22.526,796.252,1,0,0,0,0,0,0,1,0,2,2,1,2,0,0,1,0
332,-6747.695,-4227.494,228.643,139.034,-0.751509,-0.658912,-0.032697,0.652498,-0.749681,0.110564,-0.097365,0.061755,0.993331,0,0.63860,-0.38268,6.888,0.209,16.766,389.428,941.218,434.037,1002.387,349.754,363.836,574.125,496.786,-1,-1,18.342,-1,533.291,609.123,22.186,808.204,1,0,0,0,0,0,0,1,0,2,2,1,2,0,0,1,0
333,-6753.207,-4222.981,229.418,139.136,-0.752865,-0.657372,-0.032497,0.651329,-0.751229,0.106894,-0.094682,0.059310,0.993739,0,0.63747,-0.38538,7.124,0.102,18.057,390.842,956.518,437.353,-1,351.304,365.939,566.742,508.342,-1,-1,25.796,-1,536.138,615.173,22.336,820.794,1,0,0,0,2,0,0,1,0,2,2,1,2,0,0,1,0
334,-6758.612,-4218.219,229.610,139.108,-0.752711,-0.657473,-0.033994,0.651832,-0.751511,0.101715,-0.092422,0.054404,0.994233,0,0.63678,-0.38703,7.204,-0.028,18.678,390.150,967.641,440.605,-1,351.527,367.357,557.727,522.524,-1,-1,32.833,-1,535.641,621.552,22.526,835.688,1,0,0,0,2,0,0,1,0,2,2,1,2,0,0,1,0
335,-6763.643,-4213.123,229.236,138.915,-0.750680,-0.659659,-0.036470,0.654516,-0.750073,0.094866,-0.089935,0.047344,0.994822,0,0.63664,-0.38737,7.162,-0.193,18.660,388.371,979.109,444.800,-1,351.258,368.906,555.080,539.025,-1,-1,39.223,-1,533.511,630.101,22.520,857.408,1,0,0,0,2,0,0,1,0,2,2,1,2,0,0,1,0
336,-6768.485,-4207.622,228.293,138.595,-0.747289,-0.663408,-0.038071,0.658933,-0.747211,0.086503,-0.085834,0.039557,0.995524,0,0.63721,-0.38601,7.328,-0.320,18.176,387.443,999.714,451.024,-1,351.893,371.670,552.109,555.876,-1,-1,45.236,-1,533.188,643.094,22.369,889.096,1,0,0,0,2,0,0,1,0,2,2,1,2,0,0,1,0
337,-6773.390,-4201.632,226.766,138.201,-0.743138,-0.668066,-0.037866,0.664423,-0.743425,0.076564,-0.079300,0.031739,0.996345,0,0.63831,-0.38337,7.742,-0.394,16.425,388.363,-1,459.945,-1,354.165,376.224,556.671,571.876,-1,-1,51.288,-1,536.694,661.887,22.234,932.719,1,0,2,0,2,0,0,1,0,2,2,1,2,0,0,1,0
338,-6778.739,-4195.189,224.612,137.812,-0.739103,-0.672627,-0.036038,0.669889,-0.739590,0.065230,-0.070529,0.024070,0.997219,0,0.63973,-0.37998,8.374,-0.389,15.969,390.681,-1,470.889,-1,357.631,382.050,562.332,586.839,-1,-1,10.710,-1,543.460,684.814,22.394,989.223,1,0,2,0,2,0,0,0,0,2,2,1,2,0,0,1,0
339,-6784.444,-4188.326,221.811,137.420,-0.734952,-0.677205,-0.035193,0.675349,-0.735649,0.052189,-0.061233,0.014589,0.998017,0,0.64109,-0.37670,8.924,-0.392,15.897,391.770,-1,482.542,-1,360.383,387.691,536.698,605.548,-1,-1,18.044,-1,548.430,710.364,22.431,-1,1,0,2,0,2,0,0,0,0,2,2,1,2,0,0,1,2
340,-6790.492,-4181.221,218.511,137.041,-0.730859,-0.681606,-0.035473,0.680556,-0.731711,0.037993,-0.051852,0.003626,0.998648,0,0.64246,-0.37343,9.330,-0.379,15.731,391.434,-1,494.570,-1,362.199,392.838,508.831,628.072,-1,-1,11.844,-1,551.110,737.901,22.536,-1,1,0,2,0,2,0,0,0,0,2,2,1,2,0,0,1,2
341,-6796.938,-4173.916,215.263,136.716,-0.727370,-0.685420,-0.033641,0.685057,-0.728121,0.023152,-0.040364,-0.006206,0.999166,0,0.64375,-0.37034,9.743,-0.325,15.816,393.912,-1,509.657,-1,366.366,400.205,483.705,649.789,-1,-1,19.542,-1,559.578,772.478,22.479,-1,1,0,2,0,2,0,0,0,0,2,2,1,2,0,0,1,2
342,-6803.653,-4166.250,212.381,136.410,-0.724026,-0.689094,-0.030601,0.689248,-0.724493,0.006881,-0.026912,-0.016109,0.999508,0,0.64480,-0.36783,10.191,-0.306,16.170,399.535,-1,529.767,-1,373.401,410.671,459.810,674.220,-1,-1,27.403,-1,574.157,817.892,22.310,-1,1,0,2,0,2,0,0,0,0,2,2,1,2,0,0,1,2
343,-6810.417,-4158.144,210.069,136.082,-0.720285,-0.693123,-0.027741,0.693574,-0.720293,-0.011498,-0.012012,-0.027522,0.999549,0,0.64575,-0.36555,10.558,-0.327,16.669,407.904,-1,556.329,-1,383.321,424.697,436.110,700.141,-1,-1,35.541,-1,593.828,878.642,22.195,-1,1,0,2,0,2,0,0,0,0,2,2,1,2,0,0,1,2
344,-6817.226,-4149.731,208.552,135.714,-0.715858,-0.697786,-0.025330,0.698234,-0.715165,-0.031748,0.004039,-0.040413,0.999175,0,0.64679,-0.36306,10.823,-0.368,18.246,419.190,-1,590.692,-1,396.538,442.762,413.241,734.786,-1,-1,44.238,-1,619.199,956.802,22.388,-1,1,0,2,0,2,0,0,0,0,2,2,1,2,0,0,1,2
345,-6823.684,-4141.042,208.004,135.183,-0.709215,-0.704549,-0.024999,0.704696,-0.707443,-0.054112,0.020439,-0.055994,0.998222,0,0.64800,-0.36016,10.826,-0.531,18.766,432.734,-1,634.968,-1,413.060,465.338,390.032,783.636,-1,-1,53.939,-1,650.482,-1,22.558,-1,1,0,2,0,2,0,0,0,0,2,2,1,2,0,2,1,2
346,-6829.296,-4132.062,208.491,134.512,-0.700552,-0.713114,-0.026379,0.712595,-0.697123,-0.078911,0.037884,-0.074079,0.996533,0,0.64990,-0.35561,10.590,-0.671,18.686,450.092,-1,693.352,-1,434.575,494.311,367.493,837.295,881.916,-1,62.918,-1,689.579,-1,22.530,-1,1,0,2,0,2,0,0,0,0,0,2,1,2,0,2,1,2
347,-6833.968,-4122.889,210.040,133.724,-0.690007,-0.723311,-0.026665,0.721448,-0.684327,-0.105874,0.058332,-0.092291,0.994022,0,0.65243,-0.34955,10.294,-0.788,18.662,475.803,-1,772.430,-1,465.132,533.387,348.336,893.634,772.301,549.700,70.828,-1,747.782,-1,22.522,-1,1,0,2,0,2,0,0,0,0,0,0,1,2,0,2,1,2
348,-6838.516,-4113.293,212.395,132.882,-0.678245,-0.734413,-0.024939,0.730341,-0.669960,-0.133249,0.081151,-0.108590,0.990769,0,0.65550,-0.34221,10.618,-0.842,18.316,510.096,-1,873.755,-1,504.658,581.972,333.769,953.343,689.820,447.439,79.056,-1,826.691,-1,22.408,-1,1,0,2,0,2,0,0,0,0,0,0,1,2,1,2,1,2
349,-6843.136,-4103.398,215.375,132.048,-0.666273,-0.745362,-0.022724,0.738735,-0.655579,-0.156481,0.101738,-0.121046,0.987419,0,0.65879,-0.33432,10.921,-0.834,18.106,548.435,-1,982.497,-1,546.796,631.680,324.622,1007.437,632.311,389.305,88.055,-1,817.356,-1,22.349,-1,1,0,2,0,2,0,0,0,0,0,0,1,2,1,2,1,2
350,-6847.660,-4093.419,218.769,131.224,-0.654497,-0.755761,-0.021417,0.747001,-0.642019,-0.172630,0.116717,-0.128984,0.984754,0,0.66205,-0.32652,10.956,-0.824,18.211,582.546,-1,-1,-1,583.523,673.643,320.538,-1,601.378,364.237,15.943,-1,808.438,-1,22.378,-1,1,0,2,2,2,0,0,0,2,0,0,1,2,1,2,1,2
351,-6851.927,-4083.390,222.247,130.402,-0.643065,-0.765501,-0.021827,0.755543,-0.629532,-0.181232,0.124992,-0.133035,0.983198,0,0.66527,-0.31881,10.899,-0.822,822.599,606.712,-1,-1,-1,609.520,702.906,319.858,-1,591.732,362.288,26.977,-1,916.487,-1,808.876,-1,1,0,2,2,2,0,0,0,2,0,0,1,2,1,2,1,2
352,-6855.989,-4073.105,225.359,129.582,-0.631900,-0.774704,-0.023152,0.764314,-0.617915,-0.184406,0.128554,-0.134222,0.982577,0,0.66849,-0.31110,11.059,-0.820,809.090,622.191,-1,-1,-1,625.774,721.176,320.951,-1,594.775,374.095,38.210,-1,-1,-1,798.699,-1,1,0,2,2,2,0,0,0,2,0,0,1,2,2,2,1,2
353,-6859.907,-4062.427,227.807,128.769,-0.620896,-0.783512,-0.024420,0.773106,-0.606906,-0.184315,0.129593,-0.133320,0.982564,0,0.67171,-0.30338,11.374,-0.814,795.804,631.955,-1,-1,-1,635.443,731.738,322.743,-1,604.643,391.378,49.614,-1,-1,-1,788.517,-1,1,0,2,2,2,0,0,0,2,0,0,1,2,2,2,1,2
354,-6863.717,-4051.309,229.507,127.945,-0.609771,-0.792166,-0.025546,0.782021,-0.596093,-0.181978,0.128929,-0.130942,0.982971,0,0.67491,-0.29571,11.752,-0.824,782.606,636.979,-1,-1,-1,639.849,736.487,324.551,-1,617.593,410.916,61.284,-1,-1,-1,778.297,-1,1,0,2,2,2,0,0,0,2,0,0,1,2,2,2,1,2
355,-6867.425,-4039.711,230.389,127.112,-0.598470,-0.800703,-0.026596,0.790987,-0.585286,-0.178271,0.127175,-0.127727,0.983622,0,0.67817,-0.28792,12.176,-0.833,769.471,637.790,-1,-1,-1,640.120,736.761,325.725,-1,630.555,431.031,73.240,-1,-1,-1,768.046,-1,1,0,2,2,2,0,0,0,2,0,0,1,2,2,2,1,2
356,-6871.011,-4027.823,230.409,126.275,-0.587105,-0.809045,-0.027436,0.799979,-0.574674,-0.172577,0.123856,-0.123269,0.984614,0,0.38197,-0.87728,12.417,-0.837,756.536,633.763,-1,-1,-1,635.143,731.286,326.526,-1,647.016,453.758,85.403,-1,-1,-1,757.866,-1,1,0,2,2,2,0,0,0,2,0,0,1,2,2,2,1,2
357,-6874.394,-4015.741,229.467,125.441,-0.575739,-0.817137,-0.028491,0.808922,-0.564187,-0.165343,0.119033,-0.118241,0.985825,0,0.38383,-0.86935,12.546,-0.834,743.906,624.437,-1,-1,-1,624.888,720.333,326.243,-1,665.614,478.735,97.628,-1,-1,-1,-1,-1,1,0,2,2,2,0,0,0,2,0,0,1,2,2,2,2,2
358,-6877.598,-4003.451,227.531,124.603,-0.564249,-0.825072,-0.029656,0.817823,-0.553650,-0.156960,0.113084,-0.112818,0.987160,0,0.38568,-0.86141,12.701,-0.837,731.541,610.638,-1,-1,-1,610.288,704.780,324.624,-1,685.490,505.106,109.982,-1,-1,-1,-1,-1,1,0,2,2,2,0,0,0,2,0,0,1,2,2,2,2,2
359,-6880.638,-3990.908,224.781,123.772,-0.552689,-0.832878,-0.029145,0.826465,-0.543264,-0.147716,0.107196,-0.105729,0.988600,0,0.38755,-0.85342,12.906,-0.831,8.052,596.286,-1,-1,-1,595.088,687.430,323.202,974.342,707.650,529.796,122.412,-1,-1,-1,22.336,-1,1,0,2,2,2,0,0,0,0,0,0,1,2,2,2,1,2
360,-6883.488,-3978.059,221.463,122.959,-0.541156,-0.840555,-0.024867,0.834630,-0.533261,-0.137937,0.102683,-0.095400,0.990129,0,0.38941,-0.84548,13.162,-0.814,17.773,585.647,-1,-1,-1,582.007,671.207,323.888,928.991,733.961,548.454,134.765,-1,1002.842,-1,22.269,-1,1,0,2,2,2,0,0,0,0,0,0,1,2,0,2,1,2
361,-6886.121,-3964.947,217.852,122.176,-0.529910,-0.847882,-0.017075,0.842266,-0.523838,-0.127209,0.098914,-0.081790,0.991729,0,0.39124,-0.83769,13.373,-0.783,17.838,577.759,-1,-1,-1,570.236,655.387,327.363,875.504,768.503,564.243,146.971,-1,991.016,-1,22.283,-1,1,0,2,2,2,0,0,0,0,0,0,1,2,0,2,1,2
362,-6888.451,-3951.589,214.426,121.392,-0.518535,-0.855015,-0.008425,0.849780,-0.514218,-0.115987,0.094838,-0.067302,0.993215,0,0.39299,-0.83019,13.560,-0.784,17.737,570.832,-1,1006.185,-1,558.881,639.745,332.343,823.419,809.765,583.830,159.343,-1,979.992,-1,22.261,-1,1,0,2,0,2,0,0,0,0,0,0,1,2,0,2,1,2
363,-6890.654,-3938.025,211.352,120.584,-0.506754,-0.862090,-0.000601,0.857422,-0.503937,-0.104284,0.089600,-0.053362,0.994547,0,0.39476,-0.82263,13.742,-0.808,17.953,562.776,-1,964.665,-1,546.522,623.228,337.675,777.684,857.862,614.211,186.540,-1,963.245,-1,22.310,-1,1,0,2,0,2,0,0,0,0,0,0,1,2,0,2,1,2
364,-6892.703,-3924.246,208.809,119.740,-0.494343,-0.869250,0.005403,0.865285,-0.492663,-0.092548,0.083110,-0.041075,0.995694,0,0.39659,-0.81482,13.930,-0.844,18.223,552.949,-1,924.315,-1,533.441,606.439,342.407,734.337,913.558,650.766,224.943,-1,939.508,-1,22.382,-1,1,0,2,0,2,0,0,0,0,0,0,1,2,0,2,1,2
365,-6894.530,-3910.391,207.027,118.846,-0.481064,-0.876629,0.009992,0.873382,-0.480208,-0.081264,0.076037,-0.030367,0.996643,0,0.39850,-0.80663,13.975,-0.893,18.283,543.337,-1,889.795,-1,521.499,591.282,346.998,699.823,979.770,697.815,610.503,-1,914.245,-1,22.398,-1,1,0,2,0,2,0,0,0,0,0,0,0,2,0,2,1,2
366,-6896.097,-3896.404,206.089,117.867,-0.466316,-0.884531,0.012436,0.881938,-0.465951,-0.071246,0.068814,-0.022255,0.997381,0,0.40054,-0.79793,14.075,-0.979,18.293,534.577,-1,864.155,-1,511.667,579.303,350.509,675.486,-1,762.657,669.701,-1,889.315,-1,22.402,-1,1,0,2,0,2,0,0,0,0,2,0,0,2,0,2,1,2
367,-6897.592,-3882.210,205.872,116.860,-0.450937,-0.892447,0.013927,0.890384,-0.450873,-0.062692,0.062229,-0.015869,0.997936,0,0.40279,-0.78834,14.272,-1.007,17.981,527.989,-1,845.376,-1,504.663,570.902,353.672,658.143,-1,823.104,739.413,-1,869.303,-1,22.316,-1,1,0,2,0,2,0,0,0,0,2,0,0,2,0,2,1,2
368,-6899.059,-3867.765,206.317,115.859,-0.435431,-0.900072,0.016449,0.898380,-0.435636,-0.055987,0.057558,-0.009601,0.998296,0,0.40510,-0.77845,14.520,-1.001,18.100,526.518,-1,834.701,-1,502.526,567.539,358.385,643.767,-1,889.011,801.499,-1,861.675,-1,22.347,-1,1,0,2,0,2,0,0,0,0,2,0,0,2,0,2,1,2
369,-6900.375,-3852.995,207.076,114.833,-0.419362,-0.907621,0.018962,0.906191,-0.419769,-0.051105,0.054343,-0.004248,0.998513,0,0.40740,-0.76863,14.829,-1.025,18.211,528.138,-1,831.439,-1,503.704,568.125,363.216,632.562,-1,944.445,867.516,-1,861.354,-1,22.377,-1,1,0,2,0,2,0,0,0,0,2,0,0,2,0,2,1,2
370,-6901.494,-3837.937,207.987,113.765,-0.402437,-0.915211,0.020831,0.913958,-0.402976,-0.047875,0.052210,-0.000228,0.998636,0,0.54582,-0.35781,15.100,-1.068,18.224,531.687,-1,834.441,-1,507.571,572.032,367.009,625.121,-1,986.852,917.699,-1,865.383,-1,22.382,-1,1,0,2,0,2,0,0,0,0,2,0,0,2,0,2,1,2
371,-6902.363,-3822.610,209.041,112.663,-0.384798,-0.922732,0.022268,0.921561,-0.385433,-0.046540,0.051527,0.002613,0.998668,0,0.54911,-0.34727,15.351,-1.102,18.078,537.932,-1,843.699,-1,514.317,579.468,369.960,620.937,-1,-1,956.845,-1,876.817,-1,22.340,-1,1,0,2,0,2,0,0,0,0,2,2,0,2,0,2,1,2
372,-6903.054,-3806.866,210.000,111.543,-0.366688,-0.930056,0.023166,0.928867,-0.367395,-0.047189,0.052399,0.004215,0.998617,0,0.55251,-0.33636,15.759,-1.120,17.996,546.406,-1,858.108,-1,523.603,590.153,371.513,619.315,-1,-1,979.041,-1,895.393,-1,22.320,-1,1,0,2,0,2,0,0,0,0,2,2,0,2,0,2,1,2
373,-6903.612,-3790.679,210.614,110.422,-0.348401,-0.937039,0.023948,0.935727,-0.349187,-0.049831,0.055056,0.005048,0.998471,0,0.55597,-0.32525,16.197,-1.121,17.868,557.533,-1,872.487,-1,535.478,603.979,371.774,618.502,-1,-1,974.342,-1,921.741,-1,22.289,-1,1,0,2,0,2,0,0,0,0,2,2,0,2,0,2,1,2
374,-6904.053,-3774.080,210.726,109.288,-0.329742,-0.943759,0.024256,0.942217,-0.330595,-0.054161,0.059134,0.004995,0.998238,0,0.55944,-0.31412,16.605,-1.134,17.822,570.457,-1,886.855,-1,549.873,620.635,370.225,618.433,-1,1006.693,944.670,-1,966.273,-1,22.279,-1,1,0,2,0,2,0,0,0,0,2,0,0,2,0,2,1,2
375,-6904.360,-3757.128,210.298,108.133,-0.310596,-0.950263,0.023035,0.948401,-0.311431,-0.059547,0.063759,0.003352,0.997960,0,0.56296,-0.30284,16.954,-1.155,17.800,583.231,-1,976.388,-1,564.713,638.523,365.913,620.286,-1,988.780,926.525,-1,-1,-1,22.274,-1,1,0,2,0,2,0,0,0,0,2,0,0,2,2,2,1,2
376,-6904.502,-3739.975,209.562,106.979,-0.291363,-0.956377,0.021204,0.954268,-0.292129,-0.063517,0.066940,0.001728,0.997755,0,0.56655,-0.29134,17.154,-1.155,17.738,593.004,-1,-1,-1,576.410,653.364,361.092,621.186,-1,979.271,920.184,-1,-1,-1,22.262,-1,1,0,2,2,2,0,0,0,0,2,0,0,2,2,2,1,2
377,-6904.445,-3722.677,208.678,105.851,-0.272503,-0.961937,0.020494,0.959745,-0.273265,-0.064932,0.068061,0.001975,0.997679,0,0.57014,-0.27982,17.299,-1.128,17.560,599.721,-1,-1,-1,584.630,662.975,358.149,617.758,-1,986.047,925.488,-1,-1,-1,22.229,-1,1,0,2,2,2,0,0,0,0,2,0,0,2,2,2,1,2
378,-6904.188,-3705.267,207.731,104.761,-0.254226,-0.966904,0.021581,0.964847,-0.255097,-0.063216,0.066630,0.004751,0.997766,0,0.57365,-0.26854,17.412,-1.090,17.431,602.734,-1,-1,-1,588.059,665.193,357.923,608.953,-1,-1,948.295,-1,-1,-1,22.210,-1,1,0,2,2,2,0,0,0,0,2,2,0,2,2,2,1,2
379,-6903.665,-3687.776,206.771,103.733,-0.236939,-0.971213,0.024591,0.969538,-0.237997,-0.057915,0.062100,0.010119,0.998019,0,0.57706,-0.25761,17.498,-1.028,17.402,601.401,-1,-1,-1,585.317,659.341,360.599,595.024,-1,-1,996.130,-1,-1,-1,22.206,-1,1,0,2,2,2,0,0,0,0,2,2,0,2,2,2,1,2
380,-6902.870,-3670.093,205.698,102.744,-0.220248,-0.975013,0.028979,0.973865,-0.221484,-0.050315,0.055476,0.017140,0.998313,0,0.58029,-0.24727,17.701,-0.989,17.379,596.590,-1,-1,-1,578.250,648.226,365.051,578.003,-1,-1,-1,-1,-1,-1,22.204,-1,1,0,2,2,2,0,0,0,0,2,2,2,2,2,2,1,2
381,-6901.784,-3652.197,204.521,101.783,-0.203978,-0.978364,0.034589,0.977822,-0.205325,-0.041301,0.047510,0.025398,0.998548,0,0.58340,-0.23727,17.929,-0.960,17.081,589.626,-1,-1,-1,568.579,633.919,370.942,558.623,-1,-1,-1,-1,-1,-1,22.180,-1,1,0,2,2,2,0,0,0,0,2,2,2,2,2,2,1,2
382,-6900.514,-3633.950,203.217,100.840,-0.187912,-0.981334,0.040887,0.981380,-0.189281,-0.032645,0.039775,0.033991,0.998630,0,0.58644,-0.22753,18.291,-0.943,17.031,583.156,-1,749.624,-1,559.329,620.145,377.304,538.822,-1,-1,-1,-1,-1,-1,22.178,-1,1,0,2,0,2,0,0,0,0,2,2,2,2,2,2,1,2
383,-6898.979,-3615.294,201.762,99.905,-0.171917,-0.983957,0.047687,0.984548,-0.173254,-0.025467,0.033320,0.042572,0.998538,0,0.58943,-0.21793,18.720,-0.935,16.890,579.251,-1,717.502,-1,552.328,608.955,383.805,519.685,-1,-1,-1,-1,-1,-1,22.179,-1,1,0,2,0,2,0,0,0,0,2,2,2,2,2,2,1,2
384,-6897.210,-3596.237,200.117,98.962,-0.155724,-0.986308,0.054275,0.987404,-0.156983,-0.019724,0.027974,0.050520,0.998331,0,0.59241,-0.20838,19.139,-0.943,16.908,577.203,-1,689.696,-1,547.098,599.061,389.536,502.021,-1,-1,-1,-1,-1,-1,22.180,-1,1,0,2,0,2,0,0,0,0,2,2,2,2,2,2,1,2
385,-6895.661,-3576.648,198.324,98.123,-0.141250,-0.988051,0.061673,0.989689,-0.142429,-0.015128,0.023731,0.058901,0.997982,0,0.59542,-0.19872,19.650,-0.840,16.083,576.594,-1,664.917,-1,542.810,587.122,395.802,484.086,-1,-1,-1,-1,-1,-1,22.343,-1,1,0,2,0,2,0,0,0,0,2,2,2,2,2,2,1,2
386,-6894.487,-3556.499,196.514,97.410,-0.128942,-0.989230,0.069271,0.991446,-0.130023,-0.011311,0.020196,0.067220,0.997534,0,0.59810,-0.19012,20.183,-0.713,15.377,576.317,-1,642.355,-1,538.436,575.984,402.127,467.132,-1,-1,-1,-1,-1,-1,22.844,-1,1,0,2,0,2,0,0,0,0,2,2,2,2,2,2,1,2
387,-6893.892,-3535.844,194.818,96.859,-0.119405,-0.989854,0.077014,0.992703,-0.120341,-0.007607,0.016798,0.075544,0.997001,0,0.60037,-0.18283,20.664,-0.551,14.701,575.111,-1,620.753,-1,532.792,563.366,408.799,451.258,-1,-1,-1,-1,-1,-1,23.977,-1,1,0,2,0,2,0,0,0,0,2,2,2,2,2,2,1,2
388,-6894.035,-3514.823,193.415,96.504,-0.113261,-0.989895,0.085324,0.993479,-0.113961,-0.003370,0.013060,0.084386,0.996348,0,0.60212,-0.17724,21.022,-0.355,13.978,572.298,-1,600.381,-1,525.768,550.119,416.911,436.064,-1,-1,-1,768.459,-1,-1,27.211,-1,1,0,2,0,2,0,0,0,0,2,2,2,0,2,2,1,2
389,-6895.021,-3493.691,192.675,96.360,-0.110768,-0.989509,0.092753,0.993811,-0.111068,0.001943,0.008379,0.092394,0.995687,0,0.60322,-0.17371,21.155,-0.144,14.163,566.494,-1,581.720,13.848,516.865,536.256,425.324,420.158,-1,-1,-1,734.213,-1,-1,25.994,27.238,1,0,2,0,1,0,0,0,0,2,2,2,0,2,2,1,1
390,-6896.618,-3467.787,192.586,96.232,-0.108558,-0.989361,0.096848,0.994075,-0.108580,0.005058,0.005512,0.096823,0.995286,0,0.60362,-0.17241,25.953,-0.128,14.267,563.074,-1,568.530,13.761,510.765,526.071,429.699,408.339,-1,-1,-1,732.855,-1,-1,25.473,29.383,1,0,2,0,1,0,0,0,0,2,2,2,0,2,2,1,1
391,-6897.892,-3450.343,192.835,96.115,-0.106525,-0.989528,0.097395,0.994291,-0.106622,0.004230,0.006199,0.097289,0.995237,0,0.37150,0.05411,17.490,-0.117,14.068,565.335,-1,565.706,13.934,511.500,525.349,429.579,404.668,-1,-1,-1,734.406,-1,-1,26.583,27.559,1,0,2,0,1,0,0,0,0,2,2,2,0,2,2,1,1
392,-6899.754,-3428.412,193.378,96.019,-0.104851,-0.989815,0.096298,0.994446,-0.105245,0.000991,0.009154,0.095867,0.995352,0,0.37169,0.05510,22.010,-0.096,13.804,571.763,-1,-1,14.215,516.075,529.836,427.060,403.198,-1,-1,-1,736.398,-1,-1,28.880,25.718,1,0,2,2,1,0,0,0,0,2,2,2,0,2,2,1,1
393,-6902.014,-3406.536,194.204,95.965,-0.103913,-0.990150,0.093839,0.994474,-0.104856,-0.005156,0.014945,0.092785,0.995574,0,0.37182,0.05580,21.993,-0.054,13.486,584.698,-1,-1,14.668,525.643,582.989,422.884,404.798,-1,-1,-1,732.566,-1,-1,35.148,24.066,1,0,2,2,1,0,0,0,0,2,2,2,0,2,2,1,1
394,-6904.812,-3385.085,195.764,95.985,-0.104233,-0.990519,0.089487,0.994257,-0.105973,-0.014902,0.024244,0.087419,0.995877,0,0.37187,0.05602,21.632,0.020,13.275,603.706,-1,-1,15.558,539.269,589.301,417.302,411.394,-1,-1,-1,729.392,-1,-1,35.491,22.669,1,0,2,2,1,0,0,0,0,2,2,2,0,2,2,1,1
395,-6908.454,-3364.142,197.871,96.208,-0.108079,-0.990357,0.086674,0.993528,-0.110665,-0.025588,0.034933,0.083348,0.995908,0,0.37175,0.05542,21.258,0.224,15.357,629.674,-1,-1,16.996,557.409,594.401,414.853,414.534,-1,-1,-1,727.857,-1,-1,34.962,22.179,1,0,2,2,1,0,0,0,0,2,2,2,0,2,2,1,1
396,-6913.107,-3344.175,200.703,96.709,-0.116690,-0.988915,0.091822,0.992006,-0.120525,-0.037374,0.048027,0.086727,0.995074,0,0.37122,0.05266,20.502,0.500,18.574,669.815,-1,-1,17.453,579.682,872.090,425.041,409.287,-1,-1,-1,700.001,-1,-1,43.166,22.213,1,0,2,2,1,0,0,0,0,2,2,2,0,2,2,1,1
397,-6918.154,-3324.735,203.765,97.392,-0.128417,-0.986391,0.102669,0.989848,-0.133844,-0.047815,0.060906,0.095487,0.993566,0,0.37013,0.04698,20.084,0.683,19.938,716.185,-1,-1,-1,605.409,916.188,446.048,398.399,-1,-1,-1,668.619,-1,-1,39.483,-1,1,0,2,2,2,0,0,0,0,2,2,2,0,2,2,1,2
398,-6923.364,-3305.645,206.627,98.145,-0.141311,-0.983398,0.113844,0.987402,-0.148280,-0.055226,0.071190,0.104605,0.991963,0,0.36868,0.03941,19.789,0.753,15.441,763.539,-1,-1,-1,622.522,969.620,468.003,388.537,-1,-1,-1,649.214,-1,-1,29.342,-1,1,0,2,2,2,0,0,0,0,2,2,2,0,2,2,1,2
399,-6928.596,-3286.830,208.957,98.839,-0.153197,-0.980729,0.121250,0.985159,-0.161184,-0.059005,0.077411,0.110411,0.990867,0,0.36709,0.03112,19.528,0.694,-1,795.021,-1,-1,-1,635.619,-1,482.948,380.536,-1,-1,-1,644.745,-1,-1,-1,-1,2,0,2,2,2,0,2,0,0,2,2,2,0,2,2,2,2
400,-6933.816,-3268.212,210.553,99.453,-0.163704,-0.978628,0.124448,0.983264,-0.172086,-0.059814,0.079951,0.112574,0.990422,0,0.36561,0.02340,19.336,0.614,-1,808.442,-1,-1,-1,641.002,-1,488.885,375.828,-1,-1,-1,652.545,-1,-1,-1,-1,2,0,2,2,2,0,2,0,0,2,2,2,0,2,2,2,2
401,-6939.038,-3249.767,211.285,100.020,-0.173445,-0.976958,0.124375,0.981625,-0.181696,-0.058301,0.079556,0.111978,0.990521,0,0.36428,0.01648,19.170,0.568,-1,803.560,-1,-1,-1,637.235,-1,486.965,373.374,-1,-1,-1,670.491,-1,-1,-1,-1,2,0,2,2,2,0,2,0,0,2,2,2,0,2,2,2,2
402,-6944.356,-3231.488,211.089,100.534,-0.182284,-0.975631,0.122137,0.980254,-0.190005,-0.054775,0.076647,0.109741,0.991001,0,0.36304,0.01001,19.037,0.514,-1,783.859,-1,-1,-1,625.447,979.266,479.121,370.967,-1,-1,-1,696.069,-1,-1,-1,-1,2,0,2,2,2,0,0,0,0,2,2,2,0,2,2,2,2
403,-6949.786,-3213.402,210.013,100.966,-0.189748,-0.974662,0.118448,0.979273,-0.196578,-0.048811,0.070859,0.106731,0.991760,0,0.36190,0.00406,18.883,0.432,-1,750.798,-1,-1,-1,604.475,908.484,467.140,367.723,-1,-1,-1,729.817,-1,-1,-1,-1,2,0,2,2,2,0,0,0,0,2,2,2,0,2,2,2,2
404,-6955.059,-3195.382,208.027,101.293,-0.195445,-0.974090,0.113795,0.978720,-0.201126,-0.040676,0.062510,0.103424,0.992671,0,0.36091,-0.00109,18.776,0.327,-1,708.199,-1,-1,-1,577.197,860.722,452.042,363.548,-1,-1,-1,769.915,-1,-1,-1,-1,2,0,2,2,2,0,0,0,0,2,2,2,0,2,2,2,2
405,-6960.170,-3177.390,205.293,101.546,-0.199882,-0.973658,0.109718,0.978428,-0.204309,-0.030593,0.052203,0.101237,0.993492,0,0.36013,-0.00518,18.704,0.253,13.747,661.488,-1,-1,-1,546.402,765.568,436.833,356.762,-1,-1,-1,812.506,-1,-1,29.578,-1,1,0,2,2,2,0,0,0,0,2,2,2,0,2,2,1,2
406,-6965.042,-3159.295,202.431,101.752,-0.203498,-0.972842,0.110307,0.978147,-0.206915,-0.020342,0.042614,0.103757,0.993689,0,0.35949,-0.00852,18.739,0.206,13.940,624.575,-1,-1,-1,518.933,722.790,429.461,345.107,-1,-1,-1,840.407,-1,-1,27.547,-1,1,0,2,2,2,0,0,0,0,2,2,2,0,2,2,1,2
407,-6969.345,-3141.063,199.928,101.878,-0.205705,-0.971749,0.115713,0.977981,-0.208382,-0.011403,0.035193,0.110819,0.993217,0,0.35895,-0.01136,18.733,0.126,14.141,602.040,-1,-1,-1,498.139,690.209,431.094,330.295,-1,-1,-1,848.269,-1,-1,26.122,-1,1,0,2,2,2,0,0,0,0,2,2,2,0,2,2,1,2
408,-6972.964,-3122.689,198.095,101.915,-0.206364,-0.970656,0.123457,0.978038,-0.208394,-0.003617,0.029238,0.119999,0.992343,0,0.35857,-0.01331,18.726,0.036,13.926,588.194,-1,-1,-1,482.700,667.733,438.633,316.626,-1,-1,-1,846.424,-1,-1,27.629,-1,1,0,2,2,2,0,0,0,0,2,2,2,0,2,2,1,2
409,-6976.324,-3104.095,197.283,101.936,-0.206743,-0.969309,0.133030,0.978016,-0.208531,0.000504,0.027253,0.130209,0.991112,0,0.35839,-0.01428,18.895,0.022,13.802,589.828,-1,-1,14.218,476.258,657.031,451.883,304.287,-1,-1,-1,831.893,-1,-1,28.894,25.712,1,0,2,2,1,0,0,0,0,2,2,2,0,2,2,1,1
410,-6979.706,-3085.349,197.585,101.976,-0.207412,-0.968006,0.141228,0.977842,-0.209339,0.001242,0.028363,0.138356,0.989976,0,0.35824,-0.01506,19.049,0.040,13.767,602.957,-1,-1,14.259,479.328,655.460,465.447,295.953,-1,-1,-1,818.965,-1,-1,29.331,25.502,1,0,2,2,1,0,0,0,0,2,2,2,0,2,2,1,1
411,-6983.196,-3066.718,198.995,102.008,-0.207957,-0.967247,0.145556,0.977670,-0.210144,0.000359,0.030241,0.142381,0.989350,0,0.35805,-0.01603,18.955,0.033,13.905,617.999,-1,-1,14.098,481.000,716.242,474.543,293.091,-1,-1,-1,819.724,-1,-1,27.825,26.378,1,0,2,2,1,0,0,0,0,2,2,2,0,2,2,1,1
412,-6986.713,-3048.010,201.105,101.998,-0.207767,-0.967151,0.146462,0.977641,-0.210274,-0.001677,0.032419,0.142839,0.989215,0,0.71418,-0.18404,19.036,-0.010,14.015,635.922,-1,-1,13.989,484.028,755.500,479.060,294.873,-1,-1,-1,831.522,-1,-1,26.940,27.141,1,0,2,2,1,0,0,0,0,2,2,2,0,2,2,1,1
413,-6990.193,-3029.182,204.157,101.908,-0.206194,-0.968090,0.142427,0.977795,-0.209416,-0.007850,0.037426,0.137646,0.989774,0,0.71398,-0.18455,19.147,-0.090,13.632,663.328,-1,-1,14.440,492.524,838.302,474.500,302.813,-1,-1,-1,853.277,-1,-1,31.401,24.764,1,0,2,2,1,0,0,0,0,2,2,2,0,2,2,1,1
414,-6994.574,-3010.113,207.683,101.924,-0.206388,-0.968489,0.139404,0.977387,-0.210759,-0.017193,0.046032,0.132703,0.990086,0,0.71409,-0.18426,19.565,0.016,13.384,709.925,-1,-1,14.892,517.450,931.803,472.370,311.812,-1,-1,-1,865.378,-1,-1,38.510,23.559,1,0,2,2,1,0,0,0,0,2,2,2,0,2,2,1,1
415,-6999.600,-2990.788,210.971,102.064,-0.208693,-0.968298,0.137283,0.976472,-0.214102,-0.025726,0.054303,0.128684,0.990198,0,0.71374,-0.18518,19.968,0.140,13.700,775.796,-1,-1,-1,615.680,961.523,471.430,319.857,-1,-1,-1,875.874,-1,-1,28.610,-1,1,0,2,2,2,0,0,0,0,2,2,2,0,2,2,1,2
416,-7004.607,-2971.183,213.881,102.163,-0.210301,-0.968302,0.134776,0.975712,-0.216530,-0.033186,0.061318,0.124523,0.990320,0,0.71287,-0.18745,20.234,0.099,13.656,867.640,-1,-1,-1,644.834,984.908,468.843,328.177,-1,-1,-1,888.958,-1,-1,30.608,-1,1,0,2,2,2,0,0,0,0,2,2,2,0,2,2,1,2
417,-7009.674,-2951.433,216.383,102.255,-0.211804,-0.968320,0.132273,0.975060,-0.218554,-0.038623,0.066308,0.120794,0.990461,0,0.71216,-0.18932,20.390,0.092,12.512,961.446,-1,-1,-1,649.456,1000.296,465.708,336.866,-1,-1,-1,905.367,-1,-1,11.605,-1,1,0,2,2,2,0,0,0,0,2,2,2,0,2,2,1,2
418,-7014.978,-2931.541,218.215,102.392,-0.214090,-0.968118,0.130053,0.974385,-0.221040,-0.041419,0.068845,0.117855,0.990642,0,0.71146,-0.19114,20.586,0.137,-1,-1,-1,-1,-1,646.769,1006.425,461.947,343.681,-1,-1,-1,925.273,-1,-1,-1,-1,2,2,2,2,2,0,0,0,0,2,2,2,0,2,2,2,2
419,-7020.317,-2911.415,219.243,102.527,-0.216383,-0.967831,0.128378,0.973835,-0.223315,-0.042138,0.069451,0.115901,0.990830,0,0.71058,-0.19345,20.823,0.135,-1,-1,-1,-1,-1,639.140,1005.313,457.565,348.171,-1,-1,-1,945.964,-1,-1,-1,-1,2,2,2,2,2,0,0,0,0,2,2,2,0,2,2,2,2
420,-7025.242,-2890.967,219.481,102.550,-0.216790,-0.968001,0.126396,0.973836,-0.223481,-0.041234,0.068162,0.114150,0.991123,0,0.70969,-0.19576,21.032,0.023,-1,-1,-1,-1,-1,630.945,999.629,451.015,350.849,-1,-1,-1,969.063,-1,-1,-1,-1,2,2,2,2,2,0,0,0,0,2,2,2,0,2,2,2,2
421,-7029.636,-2870.274,219.105,102.465,-0.215389,-0.968427,0.125526,0.974377,-0.221660,-0.038168,0.064787,0.114088,0.991356,0,0.70926,-0.19690,21.154,-0.085,13.247,-1,-1,-1,-1,622.189,989.311,445.714,350.612,-1,-1,-1,991.648,-1,-1,11.214,-1,1,2,2,2,2,0,0,0,0,2,2,2,0,2,2,1,2
422,-7033.451,-2849.311,218.264,102.278,-0.212272,-0.969005,0.126374,0.975380,-0.218006,-0.033260,0.059780,0.116202,0.991425,0,0.70927,-0.19688,21.308,-0.187,15.429,-1,-1,-1,-1,619.338,978.553,443.065,346.217,-1,-1,-1,-1,-1,-1,22.790,-1,1,2,2,2,2,0,0,0,0,2,2,2,2,2,2,1,2
423,-7036.540,-2828.038,217.086,101.981,-0.207292,-0.969759,0.128833,0.976793,-0.212431,-0.027362,0.053903,0.120171,0.991289,0,0.70970,-0.19575,21.496,-0.296,15.684,-1,-1,-1,-1,619.307,969.976,443.380,338.205,-1,-1,-1,-1,-1,-1,22.568,-1,1,2,2,2,2,0,0,0,0,2,2,2,2,2,2,1,2
424,-7038.937,-2806.432,215.668,101.563,-0.200212,-0.970677,0.133043,0.978594,-0.204726,-0.021022,0.047643,0.125986,0.990887,0,0.71058,-0.19343,21.739,-0.419,15.386,-1,-1,-1,-1,624.591,965.176,447.121,328.783,-1,-1,-1,-1,-1,-1,22.835,-1,1,2,2,2,2,0,0,0,0,2,2,2,2,2,2,1,2
425,-7040.761,-2784.436,214.171,101.068,-0.191805,-0.971546,0.138954,0.980580,-0.195611,-0.014138,0.040917,0.133543,0.990198,0,0.86338,-0.56884,22.071,-0.495,16.224,-1,-1,-1,-1,633.294,962.331,454.352,317.736,-1,-1,-1,-1,-1,-1,22.289,-1,1,2,2,2,2,0,0,0,0,2,2,2,2,2,2,1,2
426,-7041.703,-2761.982,212.604,100.430,-0.180941,-0.972905,0.143932,0.982927,-0.183856,-0.007107,0.033378,0.140188,0.989562,0,0.86547,-0.56434,22.474,-0.637,16.804,-1,-1,-1,-1,652.105,978.928,459.998,307.259,-1,-1,-1,-1,-1,-1,22.183,-1,1,2,2,2,2,0,0,0,0,2,2,2,2,2,2,1,2
427,-7041.590,-2739.230,211.150,99.604,-0.166782,-0.974960,0.147095,0.985690,-0.168570,0.000319,0.024485,0.145043,0.989122,0,0.86828,-0.55829,22.752,-0.827,16.553,-1,-1,-1,-1,682.901,968.182,463.593,297.183,-1,-1,-1,-1,-1,-1,22.210,-1,1,2,2,2,2,0,0,0,0,2,2,2,2,2,2,1,2
428,-7040.850,-2715.976,209.881,98.674,-0.150787,-0.976965,0.151006,0.988428,-0.151554,0.006481,0.016553,0.150236,0.988512,0,0.87205,-0.55016,23.266,-0.930,16.758,-1,-1,-1,-1,721.332,963.021,471.884,287.049,-1,-1,-1,-1,-1,-1,22.186,-1,1,2,2,2,2,0,0,0,0,2,2,2,2,2,2,1,2
429,-7039.349,-2692.238,208.774,97.643,-0.132989,-0.978976,0.154660,0.991073,-0.132839,0.011351,0.009433,0.154788,0.987903,0,0.87634,-0.54091,23.786,-1.031,16.575,-1,-1,-1,-1,776.373,964.702,480.801,289.427,-1,-1,-1,-1,-1,-1,22.207,-1,1,2,2,2,2,0,0,0,0,2,2,2,2,2,2,1,2
430,-7037.459,-2667.871,207.792,96.565,-0.114325,-0.980641,0.158976,0.993436,-0.113480,0.014413,0.003907,0.159580,0.987177,0,0.88116,-0.53052,24.440,-1.078,16.407,-1,-1,-1,-1,813.452,969.318,491.864,310.852,-1,-1,-1,-1,-1,-1,22.238,-1,1,2,2,2,2,0,0,0,0,2,2,2,2,2,2,1,2
431,-7035.265,-2642.872,206.911,95.476,-0.095430,-0.981995,0.163031,0.995436,-0.094026,0.016323,-0.000700,0.163844,0.986486,0,0.88623,-0.51960,25.095,-1.089,16.289,-1,-1,-1,-1,868.172,974.804,508.363,331.827,-1,-1,-1,-1,-1,-1,22.268,-1,1,2,2,2,2,0,0,0,0,2,2,2,2,2,2,1,2
432,-7032.710,-2617.360,206.209,94.392,-0.076573,-0.983251,0.165389,0.997049,-0.074602,0.018106,-0.005465,0.166287,0.986062,0,0.89137,-0.50852,25.639,-1.084,16.205,-1,-1,-1,-1,866.452,973.064,523.794,352.114,-1,-1,-1,-1,-1,-1,22.297,-1,1,2,2,2,2,0,0,0,0,2,2,2,2,2,2,1,2
433,-7029.886,-2591.338,205.841,93.345,-0.058345,-0.984131,0.167577,0.998253,-0.055940,0.019039,-0.009363,0.168395,0.985675,0,0.89652,-0.49742,26.175,-1.047,16.040,-1,-1,-1,-1,865.629,971.410,540.186,373.487,-1,-1,-1,-1,-1,-1,22.361,-1,1,2,2,2,2,0,0,0,0,2,2,2,2,2,2,1,2
434,-7026.764,-2564.791,205.887,92.311,-0.040328,-0.984533,0.170492,0.999126,-0.037855,0.017732,-0.011004,0.171058,0.985200,0,0.90152,-0.48665,26.730,-1.034,15.596,-1,-1,-1,-1,871.356,970.935,563.900,395.292,878.577,-1,-1,-1,-1,-1,22.638,-1,1,2,2,2,2,0,0,0,0,1,2,2,2,2,2,1,2
435,-7023.605,-2537.640,206.290,91.379,-0.024073,-0.984498,0.173737,0.999650,-0.021804,0.014956,-0.010937,0.174036,0.984678,0,0.90648,-0.47596,27.334,-0.932,14.818,-1,-1,-1,-1,874.361,970.078,591.080,419.264,901.813,-1,-1,-1,-1,-1,23.711,-1,1,2,2,2,2,0,0,0,0,1,2,2,2,2,2,1,2
436,-7020.543,-2504.335,207.000,90.537,-0.009368,-0.983813,0.178954,0.999908,-0.007464,0.011313,-0.009794,0.179043,0.983792,0,0.91097,-0.46628,33.446,-0.843,13.694,-1,-1,-1,-1,867.575,961.654,633.095,438.374,932.667,-1,-1,-1,-1,-1,30.356,-1,1,2,2,2,2,0,0,0,0,1,2,2,2,2,2,1,2
437,-7019.139,-2482.040,207.627,90.224,-0.003916,-0.983355,0.181651,0.999933,-0.001869,0.011439,-0.010909,0.181683,0.983297,0,0.91503,-0.45754,22.339,-0.312,14.485,-1,-1,-1,-1,857.754,949.927,658.394,450.054,952.516,-1,-1,-1,-1,-1,24.607,-1,1,2,2,2,2,0,0,0,0,1,2,2,2,2,2,1,2
438,-7016.832,-2454.876,208.362,89.735,0.004616,-0.984543,0.175083,0.999785,0.008080,0.019075,-0.020195,0.174957,0.984369,0,0.91652,-0.45432,27.262,-0.489,-1,-1,-1,-1,-1,843.132,935.086,653.750,471.750,977.760,-1,-1,-1,-1,-1,-1,-1,2,2,2,2,2,0,0,0,0,1,2,2,2,2,2,2,2
439,-7013.901,-2428.412,208.889,89.199,0.013962,-0.987247,0.158583,0.999206,0.019696,0.034643,-0.037325,0.157974,0.986738,0,0.60485,-0.20994,26.626,-0.536,-1,1007.575,-1,-1,-1,825.645,918.885,612.264,501.766,1003.472,-1,-1,-1,-1,-1,-1,-1,2,0,2,2,2,0,0,0,0,1,2,2,2,2,2,2,2
440,-7010.954,-2402.109,208.586,88.623,0.023992,-0.989933,0.139488,0.998074,0.031704,0.053329,-0.057215,0.137940,0.988787,0,0.60659,-0.20424,26.467,-0.576,-1,938.550,-1,997.893,-1,806.930,899.341,562.633,528.995,-1,-1,-1,-1,-1,-1,-1,-1,2,0,2,0,2,0,0,0,0,2,2,2,2,2,2,2,2
441,-7008.193,-2375.731,207.076,88.019,0.034471,-0.991994,0.121493,0.996444,0.043466,0.072181,-0.076884,0.118573,0.989964,0,0.60846,-0.19811,26.522,-0.604,-1,875.338,-1,963.815,-1,787.395,879.531,514.868,554.929,-1,-1,-1,-1,-1,-1,-1,-1,2,0,2,0,2,0,0,0,0,2,2,2,2,2,2,2,2
442,-7005.482,-2349.308,204.321,87.382,0.045472,-0.993528,0.104091,0.994310,0.055062,0.091194,-0.096335,0.099352,0.990378,0,0.61041,-0.19174,26.562,-0.637,-1,816.182,-1,929.577,-1,767.430,850.438,469.553,584.472,-1,-1,-1,-1,-1,-1,-1,-1,2,0,2,0,2,0,0,0,0,2,2,2,2,2,2,2,2
443,-7002.752,-2322.845,200.337,86.727,0.056711,-0.994578,0.087175,0.991657,0.066237,0.110587,-0.115762,0.080176,0.990036,0,0.60942,-0.18504,26.603,-0.655,-1,751.641,-1,894.904,-1,746.917,819.902,426.241,607.762,-1,-1,-1,-1,-1,995.390,-1,-1,2,0,2,0,2,0,0,0,0,2,2,2,2,2,0,2,2
444,-7000.018,-2296.453,195.385,86.102,0.067343,-0.995056,0.072990,0.988268,0.076577,0.132145,-0.137081,0.063234,0.988539,0,0.60732,-0.17816,26.533,-0.625,-1,677.990,-1,856.727,-1,724.131,787.404,388.539,627.937,-1,-1,-1,-1,933.093,960.272,-1,-1,2,0,2,0,2,0,0,0,0,2,2,2,2,0,0,2,2
445,-6997.234,-2270.141,189.609,85.535,0.076827,-0.995079,0.062578,0.983966,0.085802,0.156362,-0.160962,0.049562,0.985715,0,0.60531,-0.17157,26.460,-0.566,-1,599.058,-1,814.254,1004.218,698.458,752.496,356.373,644.100,-1,-1,-1,-1,849.892,922.123,-1,-1,2,0,2,0,0,0,0,0,0,2,2,2,2,0,0,2,2
446,-6994.399,-2243.799,183.155,85.013,0.085400,-0.994701,0.057245,0.978712,0.094512,0.182184,-0.186629,0.040468,0.981597,0,0.60347,-0.16555,26.493,-0.522,14.143,556.620,-1,767.812,958.236,670.638,711.182,331.365,653.590,-1,-1,-1,-1,773.884,881.703,12.108,973.591,1,0,2,0,0,0,0,0,0,2,2,2,2,0,0,1,0
447,-6991.248,-2217.466,176.161,84.584,0.092195,-0.994113,0.056911,0.972360,0.102196,0.209934,-0.214515,0.035983,0.976058,0,0.60176,-0.15995,26.521,-0.429,14.782,530.031,972.538,715.704,907.801,628.221,661.802,313.390,657.627,-1,-1,-1,-1,696.472,839.020,23.789,922.404,1,0,0,0,0,0,0,0,0,2,2,2,2,0,0,1,0
448,-6987.816,-2191.116,168.741,84.238,0.097359,-0.993279,0.062596,0.964768,0.109637,0.239171,-0.244427,0.037105,0.968958,0,0.60031,-0.15521,26.573,-0.346,14.586,503.065,853.993,660.255,853.752,582.989,612.163,305.440,655.292,-1,-1,-1,-1,617.246,794.623,24.293,869.271,1,0,0,0,0,0,0,0,0,2,2,2,2,0,0,1,0
449,-6984.015,-2164.546,160.786,83.946,0.101422,-0.992146,0.073214,0.956338,0.117508,0.267598,-0.274100,0.042877,0.960745,0,0.59910,-0.15125,26.840,-0.291,14.361,476.659,742.454,606.014,797.719,539.976,564.769,302.908,647.581,-1,-1,-1,-1,547.526,730.688,25.063,814.806,1,0,0,0,0,0,0,0,0,2,2,2,2,0,0,1,0
450,-6979.972,-2137.554,152.196,83.673,0.105088,-0.990490,0.088798,0.947817,0.126786,0.292520,-0.300996,0.053424,0.952128,0,0.59803,-0.14774,27.293,-0.273,14.265,451.693,695.630,555.857,710.956,501.331,521.524,306.480,632.329,-1,-1,-1,-1,474.768,669.932,25.475,732.494,1,0,0,0,0,0,0,0,0,2,2,2,2,0,0,1,0
451,-6975.556,-2110.296,142.929,83.453,0.107758,-0.988271,0.108206,0.938972,0.136934,0.315563,-0.326679,0.067598,0.942715,0,0.59700,-0.14436,27.614,-0.220,14.330,427.277,650.799,508.074,626.810,464.914,480.041,317.741,604.968,-1,-1,-1,-1,448.367,611.933,25.196,655.231,1,0,0,0,0,0,0,0,0,2,2,2,2,0,0,1,0
452,-6970.735,-2082.989,133.137,83.305,0.109074,-0.985226,0.132035,0.929243,0.148231,0.338431,-0.353002,0.085779,0.931682,0,0.59610,-0.14143,27.730,-0.148,14.279,402.945,605.524,459.380,542.352,429.202,438.518,340.511,572.851,-1,-1,-1,-1,422.291,553.083,25.413,569.347,1,0,0,0,0,0,0,0,0,2,2,2,2,0,0,1,0
453,-6965.424,-2055.595,122.812,83.240,0.108907,-0.981135,0.159730,0.918836,0.160673,0.360449,-0.379314,0.107510,0.919001,0,0.59539,-0.13912,27.903,-0.065,13.965,378.890,559.482,410.242,459.136,394.700,395.298,371.762,535.075,-1,-1,-1,-1,396.717,492.064,27.312,488.750,1,0,0,0,0,0,0,0,0,2,2,2,2,0,0,1,0
454,-6960.001,-2027.873,112.018,83.314,0.106551,-0.975349,0.193240,0.908879,0.174352,0.378868,-0.403220,0.135263,0.905051,0,0.59491,-0.13751,28.248,0.073,14.026,355.208,515.734,365.010,381.349,362.861,355.815,424.294,491.075,-1,-1,-1,-1,371.829,435.652,26.857,404.169,1,0,0,0,0,0,0,0,0,2,2,2,2,0,0,1,0
455,-6954.250,-1999.405,100.846,83.402,0.104251,-0.968676,0.225384,0.901336,0.187812,0.390283,-0.420388,0.162460,0.892682,0,0.59482,-0.13725,29.043,0.089,14.603,333.308,472.284,328.513,13.528,335.939,324.190,492.199,443.517,-1,-1,-1,-1,349.185,389.387,24.241,33.894,1,0,0,0,1,0,0,0,0,2,2,2,2,0,0,1,1
456,-6947.289,-1969.832,89.981,83.305,0.105502,-0.964152,0.243475,0.898776,0.197223,0.391540,-0.425523,0.177521,0.887365,0,0.59477,-0.13706,30.381,-0.097,15.942,315.189,439.920,307.134,13.398,317.369,306.310,532.500,414.780,-1,-1,-1,-1,330.656,359.910,22.409,58.722,1,0,0,0,1,0,0,0,0,2,2,2,2,0,0,1,1
457,-6938.131,-1939.826,79.645,82.853,0.112917,-0.964133,0.240202,0.900588,0.201438,0.385181,-0.419751,0.172830,0.891033,0,0.59405,-0.13472,31.373,-0.452,18.444,301.436,417.862,298.555,55.917,306.094,294.926,510.632,410.876,-1,-1,-1,-1,315.618,346.268,22.448,58.113,1,0,0,0,1,0,0,0,0,2,2,2,2,0,0,1,1
458,-6924.580,-1912.022,70.451,81.614,0.133021,-0.969136,0.207558,0.902353,0.205045,0.379098,-0.409957,0.136863,0.901778,0,0.59210,-0.12833,30.930,-1.239,17.836,294.493,402.404,295.444,26.733,299.138,289.689,417.421,443.770,-1,-1,-1,-1,304.768,345.207,22.282,56.038,1,0,0,0,1,0,0,0,0,2,2,2,2,0,0,1,1
459,-6910.036,-1884.092,61.262,80.251,0.155709,-0.973391,0.168122,0.906249,0.208487,0.367757,-0.393023,0.095097,0.914598,0,0.58743,-0.11304,31.489,-1.363,15.679,288.548,385.473,298.346,13.298,296.854,289.857,336.611,483.514,-1,-1,-1,-1,296.509,348.909,22.569,43.413,1,0,0,0,1,0,0,0,0,2,2,2,2,0,0,1,1
460,-6897.693,-1854.723,51.350,79.422,0.170655,-0.975349,0.139899,0.913818,0.209769,0.347755,-0.368529,0.068496,0.927089,0,0.58229,-0.09622,31.857,-0.829,14.165,276.666,368.385,303.511,13.843,287.484,291.588,273.258,501.767,-1,-1,-1,-1,284.239,349.765,25.978,28.450,1,0,0,0,1,0,0,0,0,2,2,2,2,0,0,1,1
461,-6886.860,-1824.712,40.738,78.871,0.181551,-0.976048,0.119873,0.922900,0.211204,0.321944,-0.339551,0.052182,0.939139,0,0.57892,-0.08518,31.906,-0.551,27.547,262.880,351.388,304.901,331.280,277.626,288.201,234.431,506.589,-1,-1,-1,-1,271.012,351.007,29.702,339.203,1,0,0,0,0,0,0,0,0,2,2,2,2,0,0,1,0
462,-6883.787,-1797.424,30.931,79.195,0.177537,-0.974704,0.135766,0.930203,0.211242,0.300166,-0.321252,0.072999,0.944176,0,0.57648,-0.07720,27.461,0.324,20.598,245.182,329.597,291.763,14.086,264.131,275.973,275.588,466.679,-1,-1,-1,-1,253.997,337.072,21.035,10.318,1,0,0,0,1,0,0,0,0,2,2,2,2,0,0,1,1
463,-6883.655,-1771.413,21.567,80.068,0.164309,-0.973709,0.157773,0.938387,0.203596,0.279245,-0.304026,0.102170,0.947169,0,0.57725,-0.07970,26.011,0.874,187.198,225.898,306.609,277.377,18.650,250.176,262.598,337.170,420.739,-1,-1,-1,-1,235.731,318.119,166.785,22.517,0,0,0,0,1,0,0,0,0,2,2,2,2,0,0,0,1
464,-6885.891,-1747.255,14.087,81.274,0.145583,-0.972796,0.180201,0.948475,0.189046,0.254278,-0.281427,0.133898,0.950195,0,0.57990,-0.08838,24.261,1.205,38.861,208.824,287.700,268.914,18.705,232.919,254.280,392.164,375.854,-1,-1,-1,-1,220.827,294.911,40.646,22.536,1,0,0,0,1,0,0,0,0,2,2,2,2,0,0,1,1
465,-6889.030,-1724.963,9.232,82.503,0.126445,-0.970889,0.203434,0.960882,0.170821,0.218006,-0.246410,0.167910,0.954509,0,0.58373,-0.10094,22.512,1.230,21.639,198.781,282.899,265.534,17.656,219.210,249.953,463.509,343.510,-1,-1,-1,734.336,231.891,278.434,53.016,22.245,1,0,0,0,1,0,0,0,0,2,2,2,0,0,0,1,1
466,-6890.588,-1704.321,6.205,83.592,0.109433,-0.967922,0.226166,0.974388,0.149429,0.168044,-0.196449,0.201984,0.959484,0,0.68841,0.62602,20.700,1.089,13.979,218.911,333.914,256.694,16.484,217.206,242.608,547.899,314.037,-1,-1,-1,657.366,296.541,271.239,59.149,22.223,1,0,0,0,1,0,0,0,0,2,2,2,0,0,0,1,1
467,-6890.181,-1685.903,5.660,84.323,0.097949,-0.964277,0.246120,0.985328,0.128698,0.112097,-0.139767,0.231530,0.962735,0,0.69244,0.61477,18.423,0.731,13.288,281.047,456.031,255.789,15.212,224.884,243.018,640.446,296.302,-1,-1,-1,600.949,373.736,272.735,54.224,23.045,1,0,0,0,1,0,0,0,0,2,2,2,0,0,0,1,1
468,-6888.943,-1668.070,7.565,84.730,0.091481,-0.961639,0.258614,0.991854,0.111107,0.062292,-0.088636,0.250809,0.963970,0,0.69502,0.60757,17.876,0.407,14.283,336.853,483.427,257.977,11.304,261.796,246.233,719.592,289.363,-1,478.639,464.208,32.935,462.515,277.397,25.396,10.281,1,0,1,0,1,0,0,0,0,2,0,0,1,0,0,1,1
469,-6886.818,-1650.824,11.072,84.899,0.088796,-0.962474,0.256436,0.994683,0.099167,0.027768,-0.052156,0.252607,0.966162,0,0.69636,0.60380,17.376,0.168,19.883,379.920,477.995,259.707,308.102,299.327,249.142,749.931,296.007,-1,369.519,435.208,28.185,542.313,325.912,23.022,294.195,1,0,1,0,0,0,0,0,0,2,0,0,1,0,0,1,0
470,-6884.298,-1633.995,15.222,84.859,0.089573,-0.966170,0.241851,0.995569,0.093834,0.006134,-0.028620,0.240230,0.970294,0,0.69678,0.60265,17.017,-0.040,-1,405.987,491.685,259.962,313.583,323.217,258.310,733.833,310.999,-1,348.972,436.405,499.666,600.834,412.405,-1,296.384,2,0,1,0,0,0,0,0,0,2,0,0,0,0,0,2,0
471,-6882.322,-1617.261,19.319,84.664,0.092981,-0.970386,0.222946,0.995592,0.093369,-0.008823,-0.012255,0.222784,0.974791,0,0.69641,0.60369,16.850,-0.194,-1,421.714,506.557,295.900,319.300,338.238,288.635,704.043,329.721,-1,355.380,443.749,520.203,650.019,476.772,-1,298.174,2,0,1,0,0,0,0,0,0,2,0,0,0,0,0,2,0
472,-6880.537,-1600.537,22.861,84.422,0.097193,-0.974776,0.200910,0.995266,0.095152,-0.019814,0.000197,0.201884,0.979409,0,0.69553,0.60614,16.819,-0.242,-1,429.934,538.094,335.944,322.757,348.693,314.580,669.166,351.243,-1,363.720,453.790,549.816,686.750,565.634,-1,299.591,2,0,1,0,0,0,0,0,0,2,0,0,0,0,0,2,0
473,-6879.047,-1583.554,25.319,84.126,0.102341,-0.978438,0.179403,0.994670,0.098375,-0.030893,0.012579,0.181608,0.983291,0,0.69449,0.60903,17.049,-0.297,-1,436.642,526.819,367.943,325.337,357.691,333.955,637.850,371.931,-1,370.870,462.298,576.315,739.156,709.028,-1,-1,2,0,1,0,0,0,0,0,0,2,0,0,0,0,0,2,2
474,-6877.868,-1566.207,26.565,83.842,0.107240,-0.981381,0.159346,0.993890,0.101606,-0.043113,0.026120,0.162996,0.986281,0,0.69329,0.61240,17.387,-0.284,-1,444.082,516.189,399.802,-1,366.314,349.930,610.422,390.454,505.221,376.148,446.549,596.065,804.372,-1,-1,-1,2,0,1,0,2,0,0,0,0,0,0,0,0,0,2,2,2
475,-6877.467,-1548.451,26.646,83.722,0.109264,-0.983664,0.143060,0.993162,0.102081,-0.056638,0.041109,0.148270,0.988092,0,0.69215,0.61557,17.760,-0.120,-1,452.918,511.648,430.977,-1,374.605,365.493,584.675,404.237,376.345,342.364,411.339,605.863,887.168,-1,-1,-1,2,0,1,0,2,0,0,0,0,0,0,0,0,0,2,2,2
476,-6878.238,-1530.461,25.577,83.905,0.106000,-0.985503,0.132468,0.992731,0.097246,-0.070911,0.057001,0.139021,0.988648,0,0.69168,0.61691,18.007,0.183,-1,463.252,503.916,467.948,-1,382.905,378.619,566.389,410.701,270.983,311.135,376.539,604.846,977.472,-1,-1,-1,2,0,1,0,2,0,0,0,0,0,0,0,0,0,2,2,2
477,-6880.110,-1512.319,23.416,84.372,0.097807,-0.986937,0.128023,0.992531,0.087308,-0.085208,0.072918,0.135401,0.988104,0,0.69239,0.61491,18.238,0.467,-1,474.171,492.757,491.884,-1,391.141,389.384,555.620,410.142,219.107,282.964,324.824,594.332,-1,-1,-1,-1,2,0,1,0,2,0,0,0,0,0,0,0,0,2,2,2,2
478,-6882.805,-1494.012,20.342,85.051,0.085946,-0.987741,0.130315,0.992445,0.073384,-0.098320,0.087552,0.137780,0.986586,0,0.69423,0.60978,18.504,0.678,-1,490.715,483.969,506.655,-1,396.649,395.464,553.048,403.181,216.310,258.052,289.745,575.056,-1,-1,-1,-1,2,0,1,0,2,0,0,0,0,0,0,0,0,2,2,2,2
479,-6885.901,-1475.373,16.465,85.830,0.072343,-0.987731,0.138395,0.992287,0.057273,-0.109937,0.100662,0.145280,0.984257,0,0.83326,0.49083,18.895,0.780,-1,504.945,476.092,515.245,-1,398.313,337.980,557.757,389.867,216.457,239.328,263.175,547.353,-1,397.344,-1,-1,2,0,1,0,2,0,1,0,0,0,0,0,0,2,1,2,2
480,-6889.482,-1456.442,12.118,86.712,0.057002,-0.986798,0.151592,0.992135,0.039041,-0.118928,0.111439,0.157179,0.981262,0,0.83694,0.48223,19.267,0.882,-1,516.561,469.160,503.424,-1,396.016,307.904,569.566,373.847,219.873,229.433,241.403,513.967,-1,396.580,-1,-1,2,0,1,0,2,0,1,0,0,0,0,0,0,2,1,2,2
481,-6893.086,-1438.357,9.015,87.513,0.043073,-0.986567,0.157578,0.991656,0.023037,-0.126834,0.121500,0.161726,0.979327,0,0.84112,0.47247,18.440,0.801,18.965,526.260,462.645,504.889,18.679,394.608,279.978,570.092,364.288,220.288,223.468,233.918,495.826,-1,405.257,19.826,22.527,1,0,1,0,1,0,1,0,0,0,0,0,0,2,1,1,1
482,-6897.174,-1422.308,8.618,88.145,0.032063,-0.988036,0.150854,0.990129,0.010795,-0.139744,0.136444,0.153846,0.978629,0,0.84496,0.46349,16.562,0.632,22.524,557.663,457.155,305.397,18.685,410.027,266.528,553.642,369.610,212.403,213.384,226.380,493.832,-1,453.103,23.549,22.529,1,0,1,1,1,0,1,0,0,0,0,0,0,2,1,1,1
483,-6902.093,-1409.092,10.767,88.630,0.023620,-0.990220,0.137502,0.987566,0.001728,-0.157198,0.155423,0.139505,0.977948,0,0.84814,0.45605,14.101,0.485,17.697,609.775,453.612,310.093,18.676,441.010,273.883,532.038,385.304,199.590,201.011,218.293,498.031,-1,544.170,18.499,22.526,1,0,1,1,1,0,1,0,0,0,0,0,0,2,1,1,1
484,-6906.547,-1399.677,14.995,88.890,0.019067,-0.992887,0.117525,0.984443,-0.001892,-0.175696,0.174669,0.119047,0.977404,0,0.85080,0.44984,10.416,0.261,-1,672.604,-1,342.053,18.679,483.121,288.187,506.721,410.905,183.695,190.180,212.782,513.924,-1,636.156,-1,22.527,2,0,2,1,1,0,1,0,0,0,0,0,0,2,1,2,1
485,-6910.610,-1391.996,21.348,89.150,0.014549,-0.995404,0.094655,0.980841,-0.004184,-0.194763,0.194264,0.095676,0.976272,0,0.85244,0.44599,8.689,0.260,-1,745.796,-1,333.355,18.674,560.853,307.659,484.106,443.292,170.333,183.205,211.371,538.974,-1,-1,-1,22.526,2,0,2,1,1,0,1,0,0,0,0,0,0,2,2,2,1
486,-6914.526,-1385.106,29.322,89.606,0.006715,-0.997105,0.075739,0.977584,-0.009393,-0.210336,0.210438,0.075454,0.974691,0,0.85404,0.44226,7.925,0.456,-1,818.246,-1,321.416,18.662,651.702,462.985,471.231,475.259,163.088,184.144,217.244,568.298,-1,-1,-1,22.521,2,0,2,1,1,0,1,0,0,0,0,0,0,2,2,2,1
487,-6918.487,-1378.330,38.021,90.289,-0.004914,-0.997831,0.065643,0.975301,-0.019278,-0.220038,0.220826,0.062941,0.973280,0,0.85482,0.43659,7.849,0.682,-1,866.433,-1,309.771,18.656,731.399,460.657,470.896,488.255,163.355,193.903,230.465,598.904,-1,333.585,-1,22.519,2,0,2,1,1,0,1,0,0,0,0,0,0,2,1,2,1
488,-6922.452,-1371.287,46.522,91.121,-0.019060,-0.997778,0.063848,0.973902,-0.032973,-0.224562,0.226168,0.057901,0.972366,0,0.85142,0.42864,8.082,0.833,-1,900.478,-1,330.008,-1,786.471,460.275,480.047,489.688,169.393,209.839,248.560,627.562,-1,337.872,-1,-1,2,0,2,1,2,0,1,0,0,0,0,0,0,2,1,2,2
489,-6926.296,-1363.728,54.362,92.022,-0.034335,-0.997227,0.066024,0.972618,-0.048535,-0.227284,0.229858,0.056413,0.971588,0,0.84737,0.41918,8.480,0.901,-1,929.151,-1,350.653,-1,824.938,460.475,492.632,490.774,177.716,227.320,267.393,650.096,-1,337.978,-1,-1,2,0,2,1,2,0,1,0,0,0,0,0,0,2,1,2,2
490,-6930.023,-1355.663,61.174,92.908,-0.049317,-0.996394,0.069047,0.970950,-0.064034,-0.230553,0.234143,0.055671,0.970607,0,0.84304,0.40906,8.885,0.886,-1,952.677,-1,360.345,-1,859.529,460.346,504.329,495.675,185.551,242.732,283.191,666.393,-1,-1,-1,-1,2,0,2,1,2,0,1,0,0,0,0,0,0,2,2,2,2
491,-6933.753,-1347.329,66.752,93.739,-0.063327,-0.995377,0.072214,0.968912,-0.078660,-0.234567,0.239163,0.055114,0.969414,0,0.83878,0.39911,9.130,0.832,-1,974.383,-1,358.321,-1,893.534,459.872,513.929,499.501,191.945,254.962,295.250,678.344,-1,-1,-1,-1,2,0,2,1,2,0,1,0,0,0,0,0,0,2,2,2,2
492,-6937.517,-1338.731,71.095,94.512,-0.076268,-0.994218,0.075591,0.966523,-0.092344,-0.239385,0.244981,0.054803,0.967978,0,0.83475,0.38969,9.386,0.772,-1,998.244,-1,356.179,-1,923.116,-1,521.297,502.239,196.779,263.786,303.732,684.224,-1,-1,-1,-1,2,0,2,1,2,0,2,0,0,0,0,0,0,2,2,2,2
493,-6941.307,-1329.870,74.205,95.228,-0.088185,-0.992954,0.079155,0.963803,-0.105127,-0.245013,0.251608,0.054684,0.966283,0,0.83097,0.38085,9.637,0.716,-1,-1,-1,353.911,-1,956.953,-1,526.567,510.529,199.993,269.065,308.671,682.384,-1,-1,-1,-1,2,2,2,1,2,0,2,0,0,0,0,0,0,2,2,2,2
494,-6945.872,-1318.893,76.315,96.018,-0.101220,-0.991344,0.083615,0.960121,-0.119356,-0.252829,0.260620,0.054689,0.963891,0,0.82742,0.37255,11.888,0.790,-1,-1,-1,351.020,-1,990.460,-1,530.069,525.189,201.658,270.541,310.058,673.861,-1,-1,-1,-1,2,2,2,1,2,0,2,0,0,0,0,0,0,2,2,2,2
495,-6948.922,-1311.426,76.726,96.516,-0.109354,-0.990215,0.086695,0.957461,-0.128363,-0.258439,0.267038,0.054746,0.962130,0,0.46832,0.38796,8.066,0.498,-1,-1,-1,349.124,-1,-1,-1,530.441,523.257,201.534,269.305,308.568,666.210,-1,-1,-1,-1,2,2,2,1,2,2,2,0,0,0,0,0,0,2,2,2,2
496,-6952.762,-1301.989,76.109,97.114,-0.119051,-0.988729,0.090786,0.953950,-0.139258,-0.265682,0.275331,0.054976,0.959776,0,0.46688,0.38205,10.188,0.598,-1,-1,-1,346.926,-1,-1,-1,528.994,501.321,200.100,265.475,303.808,653.583,-1,-1,-1,-1,2,2,2,1,2,2,2,0,0,0,0,0,0,2,2,2,2
497,-6956.654,-1292.456,74.264,97.682,-0.128186,-0.987143,0.095481,0.950306,-0.149800,-0.272907,0.283701,0.055753,0.957291,0,0.46514,0.37488,10.298,0.569,-1,-1,-1,344.936,-1,-1,-1,525.955,484.925,197.488,259.440,296.088,634.564,-1,-1,-1,-1,2,2,2,1,2,2,2,0,0,0,0,0,0,2,2,2,2
498,-6960.637,-1282.941,71.421,98.231,-0.136994,-0.985222,0.102808,0.947050,-0.160693,-0.277982,0.290394,0.059282,0.955069,0,0.46346,0.36798,10.315,0.549,-1,-1,-1,343.351,-1,-1,-1,524.667,469.678,195.679,253.670,289.372,611.460,-1,-1,-1,-1,2,2,2,1,2,2,2,0,0,0,0,0,0,2,2,2,2
499,-6964.578,-1273.561,67.774,98.811,-0.146412,-0.982654,0.113815,0.944582,-0.173050,-0.278960,0.293817,0.066665,0.953534,0,0.46182,0.36123,10.173,0.580,-1,-1,-1,342.512,-1,-1,-1,527.032,428.670,196.503,250.291,284.391,588.042,-1,-1,-1,251.453,2,2,2,1,2,2,2,0,0,0,0,0,0,2,2,2,1
