sample_idx,sensor_idx,distance_cm,x_cm,y_cm,z_cm
0,1,392.769989,-318.161865,55.601265,-54.336349
0,2,130.179993,-304.686646,350.979614,79.998901
0,3,130.630005,-376.103516,444.813324,35.320808
0,4,449.980011,-765.711792,556.872559,79.998901
0,5,180.300003,-275.817841,274.196503,3.800826
0,6,138.449997,-353.901367,407.768860,21.487404
0,7,405.820007,423.443359,202.374023,-58.799717
0,8,483.359985,-491.632874,1133.562378,-85.319954
0,9,585.650024,946.409729,674.086914,79.998901
0,10,508.260010,666.800293,1193.494629,79.998901
0,11,509.880005,576.837524,1287.352661,79.998901
0,13,691.090027,-452.269409,-225.561050,-40.007626
0,14,131.139999,-381.923279,442.161102,57.226677
0,15,355.850006,-167.226669,13.435081,79.998901
0,16,265.720001,-561.335571,538.691772,79.998901
1,1,392.769989,-318.161865,55.601265,-54.336349
1,2,130.179993,-304.686646,350.979614,79.998901
1,3,130.630005,-376.103516,444.813324,35.320808
1,4,449.980011,-765.711792,556.872559,79.998901
1,5,180.300003,-275.817841,274.196503,3.800826
1,6,138.449997,-353.901367,407.768860,21.487404
1,7,405.820007,423.443359,202.374023,-58.799717
1,8,483.359985,-491.632874,1133.562378,-85.319954
1,9,585.650024,946.409729,674.086914,79.998901
1,10,508.260010,666.800293,1193.494629,79.998901
1,11,509.880005,576.837524,1287.352661,79.998901
1,13,691.090027,-452.269409,-225.561050,-40.007626
1,14,131.139999,-381.923279,442.161102,57.226677
1,15,355.850006,-167.226669,13.435081,79.998901
1,16,265.720001,-561.335571,538.691772,79.998901
2,1,392.769989,-318.161865,55.601265,-54.336349
2,2,130.179993,-304.686646,350.979614,79.998901
2,3,130.630005,-376.103516,444.813324,35.320808
2,4,449.980011,-765.711792,556.872559,79.998901
2,5,180.300003,-275.817841,274.196503,3.800826
2,6,138.449997,-353.901367,407.768860,21.487404
2,7,405.820007,423.443359,202.374023,-58.799717
2,8,483.359985,-491.632874,1133.562378,-85.319954
2,9,585.650024,946.409729,674.086914,79.998901
2,10,508.260010,666.800293,1193.494629,79.998901
2,11,509.880005,576.837524,1287.352661,79.998901
2,13,691.090027,-452.269409,-225.561050,-40.007626
2,14,131.139999,-381.923279,442.161102,57.226677
2,15,355.850006,-167.226669,13.435081,79.998901
2,16,265.720001,-561.335571,538.691772,79.998901
3,1,392.769989,-318.161865,55.601265,-54.336349
3,2,130.179993,-304.686646,350.979614,79.998901
3,3,130.630005,-376.103516,444.813324,35.320808
3,4,449.980011,-765.711792,556.872559,79.998901
3,5,180.300003,-275.817841,274.196503,3.800826
3,6,138.449997,-353.901367,407.768860,21.487404
3,7,405.820007,423.443359,202.374023,-58.799717
3,8,483.359985,-491.632874,1133.562378,-85.319954
3,9,585.650024,946.409729,674.086914,79.998901
3,10,508.260010,666.800293,1193.494629,79.998901
3,11,509.880005,576.837524,1287.352661,79.998901
3,13,691.090027,-452.269409,-225.561050,-40.007626
3,14,131.139999,-381.923279,442.161102,57.226677
3,15,355.850006,-167.226669,13.435081,79.998901
3,16,265.720001,-561.335571,538.691772,79.998901
4,1,392.769989,-318.161865,55.601265,-54.336349
4,2,130.179993,-304.686646,350.979614,79.998901
4,3,130.630005,-376.103516,444.813324,35.320808
4,4,449.980011,-765.711792,556.872559,79.998901
4,5,180.300003,-275.817841,274.196503,3.800826
4,6,138.449997,-353.901367,407.768860,21.487404
4,7,405.820007,423.443359,202.374023,-58.799717
4,8,483.359985,-491.632874,1133.562378,-85.319954
4,9,585.650024,946.409729,674.086914,79.998901
4,10,508.260010,666.800293,1193.494629,79.998901
4,11,509.880005,576.837524,1287.352661,79.998901
4,13,691.090027,-452.269409,-225.561050,-40.007626
4,14,131.139999,-381.923279,442.161102,57.226677
4,15,355.850006,-167.226669,13.435081,79.998901
4,16,265.720001,-561.335571,538.691772,79.998901
5,1,392.769989,-318.161865,55.601265,-54.336349
5,2,130.179993,-304.686646,350.979614,79.998901
5,3,130.630005,-376.103516,444.813324,35.320808
5,4,449.980011,-765.711792,556.872559,79.998901
5,5,180.300003,-275.817841,274.196503,3.800826
5,6,138.449997,-353.901367,407.768860,21.487404
5,7,405.820007,423.443359,202.374023,-58.799717
5,8,483.359985,-491.632874,1133.562378,-85.319954
5,9,585.650024,946.409729,674.086914,79.998901
5,10,508.260010,666.800293,1193.494629,79.998901
5,11,509.880005,576.837524,1287.352661,79.998901
5,13,691.090027,-452.269409,-225.561050,-40.007626
5,14,131.139999,-381.923279,442.161102,57.226677
5,15,355.850006,-167.226669,13.435081,79.998901
5,16,265.720001,-561.335571,538.691772,79.998901
6,1,392.769989,-318.161865,55.601265,-54.336349
6,2,130.179993,-304.686646,350.979614,79.998901
6,3,130.630005,-376.103516,444.813324,35.320808
6,4,449.980011,-765.711792,556.872559,79.998901
6,5,180.300003,-275.817841,274.196503,3.800826
6,6,138.449997,-353.901367,407.768860,21.487404
6,7,405.820007,423.443359,202.374023,-58.799717
6,8,483.359985,-491.632874,1133.562378,-85.319954
6,9,585.650024,946.409729,674.086914,79.998901
6,10,508.260010,666.800293,1193.494629,79.998901
6,11,509.880005,576.837524,1287.352661,79.998901
6,13,691.090027,-452.269409,-225.561050,-40.007626
6,14,131.139999,-381.923279,442.161102,57.226677
6,15,355.850006,-167.226669,13.435081,79.998901
6,16,265.720001,-561.335571,538.691772,79.998901
7,1,392.769989,-318.161865,55.601265,-54.336349
7,2,130.179993,-304.686646,350.979614,79.998901
7,3,130.630005,-376.103516,444.813324,35.320808
7,4,449.980011,-765.711792,556.872559,79.998901
7,5,180.300003,-275.817841,274.196503,3.800826
7,6,138.449997,-353.901367,407.768860,21.487404
7,7,405.820007,423.443359,202.374023,-58.799717
7,8,483.359985,-491.632874,1133.562378,-85.319954
7,9,585.650024,946.409729,674.086914,79.998901
7,10,508.260010,666.800293,1193.494629,79.998901
7,11,509.880005,576.837524,1287.352661,79.998901
7,13,691.090027,-452.269409,-225.561050,-40.007626
7,14,131.139999,-381.923279,442.161102,57.226677
7,15,355.850006,-167.226669,13.435081,79.998901
7,16,265.720001,-561.335571,538.691772,79.998901
8,1,392.769989,-318.161865,55.601265,-54.336349
8,2,130.179993,-304.686646,350.979614,79.998901
8,3,130.630005,-376.103516,444.813324,35.320808
8,4,449.980011,-765.711792,556.872559,79.998901
8,5,180.300003,-275.817841,274.196503,3.800826
8,6,138.449997,-353.901367,407.768860,21.487404
8,7,405.820007,423.443359,202.374023,-58.799717
8,8,483.359985,-491.632874,1133.562378,-85.319954
8,9,585.650024,946.409729,674.086914,79.998901
8,10,508.260010,666.800293,1193.494629,79.998901
8,11,509.880005,576.837524,1287.352661,79.998901
8,13,691.090027,-452.269409,-225.561050,-40.007626
8,14,131.139999,-381.923279,442.161102,57.226677
8,15,355.850006,-167.226669,13.435081,79.998901
8,16,265.720001,-561.335571,538.691772,79.998901
9,1,392.769989,-318.161865,55.601265,-54.336349
9,2,130.179993,-304.686646,350.979614,79.998901
9,3,130.630005,-376.103516,444.813324,35.320808
9,4,449.980011,-765.711792,556.872559,79.998901
9,5,180.300003,-275.817841,274.196503,3.800826
9,6,138.449997,-353.901367,407.768860,21.487404
9,7,405.820007,423.443359,202.374023,-58.799717
9,8,483.359985,-491.632874,1133.562378,-85.319954
9,9,585.650024,946.409729,674.086914,79.998901
9,10,508.260010,666.800293,1193.494629,79.998901
9,11,509.880005,576.837524,1287.352661,79.998901
9,13,691.090027,-452.269409,-225.561050,-40.007626
9,14,131.139999,-381.923279,442.161102,57.226677
9,15,355.850006,-167.226669,13.435081,79.998901
9,16,265.720001,-561.335571,538.691772,79.998901
10,1,555.450012,-418.658508,-88.589264,-109.976196
10,2,128.970001,-324.156250,342.718567,79.998901
10,3,127.220001,-390.355133,439.280945,36.487099
10,4,418.339996,-748.114136,569.866760,79.998901
10,5,180.240005,-298.699738,264.238312,3.826182
10,6,114.029999,-356.060394,415.269928,31.807739
10,7,500.700012,458.104614,103.605270,-91.250587
10,8,390.739990,-427.032135,1066.184570,-53.642048
10,9,892.219971,1242.328735,637.255615,79.998901
10,10,243.800003,479.171478,972.734741,79.998901
10,11,218.610001,372.635315,1051.376831,79.998901
10,12,568.109985,95.912544,1517.167358,79.998901
10,13,322.019989,-324.398285,93.257057,24.080715
10,14,122.849998,-391.680817,438.729126,58.666222
10,15,311.600006,-175.143585,37.344563,79.998901
10,16,298.230011,-604.141602,522.955994,79.998901
11,1,555.450012,-418.658508,-88.589264,-109.976196
11,2,128.970001,-324.156250,342.718567,79.998901
11,3,127.220001,-390.355133,439.280945,36.487099
11,4,418.339996,-748.114136,569.866760,79.998901
11,5,180.240005,-298.699738,264.238312,3.826182
11,6,114.029999,-356.060394,415.269928,31.807739
11,7,500.700012,458.104614,103.605270,-91.250587
11,8,390.739990,-427.032135,1066.184570,-53.642048
11,9,892.219971,1242.328735,637.255615,79.998901
11,10,243.800003,479.171478,972.734741,79.998901
11,11,218.610001,372.635315,1051.376831,79.998901
11,12,568.109985,95.912544,1517.167358,79.998901
11,13,322.019989,-324.398285,93.257057,24.080715
11,14,122.849998,-391.680817,438.729126,58.666222
11,15,311.600006,-175.143585,37.344563,79.998901
11,16,298.230011,-604.141602,522.955994,79.998901
12,1,555.450012,-418.658508,-88.589264,-109.976196
12,2,128.970001,-324.156250,342.718567,79.998901
12,3,127.220001,-390.355133,439.280945,36.487099
12,4,418.339996,-748.114136,569.866760,79.998901
12,5,180.240005,-298.699738,264.238312,3.826182
12,6,114.029999,-356.060394,415.269928,31.807739
12,7,500.700012,458.104614,103.605270,-91.250587
12,8,390.739990,-427.032135,1066.184570,-53.642048
12,9,892.219971,1242.328735,637.255615,79.998901
12,10,243.800003,479.171478,972.734741,79.998901
12,11,218.610001,372.635315,1051.376831,79.998901
12,12,568.109985,95.912544,1517.167358,79.998901
12,13,322.019989,-324.398285,93.257057,24.080715
12,14,122.849998,-391.680817,438.729126,58.666222
12,15,311.600006,-175.143585,37.344563,79.998901
12,16,298.230011,-604.141602,522.955994,79.998901
13,1,555.450012,-418.658508,-88.589264,-109.976196
13,2,128.970001,-324.156250,342.718567,79.998901
13,3,127.220001,-390.355133,439.280945,36.487099
13,4,418.339996,-748.114136,569.866760,79.998901
13,5,180.240005,-298.699738,264.238312,3.826182
13,6,114.029999,-356.060394,415.269928,31.807739
13,7,500.700012,458.104614,103.605270,-91.250587
13,8,390.739990,-427.032135,1066.184570,-53.642048
13,9,892.219971,1242.328735,637.255615,79.998901
13,10,243.800003,479.171478,972.734741,79.998901
13,11,218.610001,372.635315,1051.376831,79.998901
13,12,568.109985,95.912544,1517.167358,79.998901
13,13,322.019989,-324.398285,93.257057,24.080715
13,14,122.849998,-391.680817,438.729126,58.666222
13,15,311.600006,-175.143585,37.344563,79.998901
13,16,298.230011,-604.141602,522.955994,79.998901
14,1,555.450012,-418.658508,-88.589264,-109.976196
14,2,128.970001,-324.156250,342.718567,79.998901
14,3,127.220001,-390.355133,439.280945,36.487099
14,4,418.339996,-748.114136,569.866760,79.998901
14,5,180.240005,-298.699738,264.238312,3.826182
14,6,114.029999,-356.060394,415.269928,31.807739
14,7,500.700012,458.104614,103.605270,-91.250587
14,8,390.739990,-427.032135,1066.184570,-53.642048
14,9,892.219971,1242.328735,637.255615,79.998901
14,10,243.800003,479.171478,972.734741,79.998901
14,11,218.610001,372.635315,1051.376831,79.998901
14,12,568.109985,95.912544,1517.167358,79.998901
14,13,322.019989,-324.398285,93.257057,24.080715
14,14,122.849998,-391.680817,438.729126,58.666222
14,15,311.600006,-175.143585,37.344563,79.998901
14,16,298.230011,-604.141602,522.955994,79.998901
15,1,555.450012,-418.658508,-88.589264,-109.976196
15,2,128.970001,-324.156250,342.718567,79.998901
15,3,127.220001,-390.355133,439.280945,36.487099
15,4,418.339996,-748.114136,569.866760,79.998901
15,5,180.240005,-298.699738,264.238312,3.826182
15,6,114.029999,-356.060394,415.269928,31.807739
15,7,500.700012,458.104614,103.605270,-91.250587
15,8,390.739990,-427.032135,1066.184570,-53.642048
15,9,892.219971,1242.328735,637.255615,79.998901
15,10,243.800003,479.171478,972.734741,79.998901
15,11,218.610001,372.635315,1051.376831,79.998901
15,12,568.109985,95.912544,1517.167358,79.998901
15,13,322.019989,-324.398285,93.257057,24.080715
15,14,122.849998,-391.680817,438.729126,58.666222
15,15,311.600006,-175.143585,37.344563,79.998901
15,16,298.230011,-604.141602,522.955994,79.998901
16,1,555.450012,-418.658508,-88.589264,-109.976196
16,2,128.970001,-324.156250,342.718567,79.998901
16,3,127.220001,-390.355133,439.280945,36.487099
16,4,418.339996,-748.114136,569.866760,79.998901
16,5,180.240005,-298.699738,264.238312,3.826182
16,6,114.029999,-356.060394,415.269928,31.807739
16,7,500.700012,458.104614,103.605270,-91.250587
16,8,390.739990,-427.032135,1066.184570,-53.642048
16,9,892.219971,1242.328735,637.255615,79.998901
16,10,243.800003,479.171478,972.734741,79.998901
16,11,218.610001,372.635315,1051.376831,79.998901
16,12,568.109985,95.912544,1517.167358,79.998901
16,13,322.019989,-324.398285,93.257057,24.080715
16,14,122.849998,-391.680817,438.729126,58.666222
16,15,311.600006,-175.143585,37.344563,79.998901
16,16,298.230011,-604.141602,522.955994,79.998901
17,1,555.450012,-418.658508,-88.589264,-109.976196
17,2,128.970001,-324.156250,342.718567,79.998901
17,3,127.220001,-390.355133,439.280945,36.487099
17,4,418.339996,-748.114136,569.866760,79.998901
17,5,180.240005,-298.699738,264.238312,3.826182
17,6,114.029999,-356.060394,415.269928,31.807739
17,7,500.700012,458.104614,103.605270,-91.250587
17,8,390.739990,-427.032135,1066.184570,-53.642048
17,9,892.219971,1242.328735,637.255615,79.998901
17,10,243.800003,479.171478,972.734741,79.998901
17,11,218.610001,372.635315,1051.376831,79.998901
17,12,568.109985,95.912544,1517.167358,79.998901
17,13,322.019989,-324.398285,93.257057,24.080715
17,14,122.849998,-391.680817,438.729126,58.666222
17,15,311.600006,-175.143585,37.344563,79.998901
17,16,298.230011,-604.141602,522.955994,79.998901
18,1,555.450012,-418.658508,-88.589264,-109.976196
18,2,128.970001,-324.156250,342.718567,79.998901
18,3,127.220001,-390.355133,439.280945,36.487099
18,4,418.339996,-748.114136,569.866760,79.998901
18,5,180.240005,-298.699738,264.238312,3.826182
18,6,114.029999,-356.060394,415.269928,31.807739
18,7,500.700012,458.104614,103.605270,-91.250587
18,8,390.739990,-427.032135,1066.184570,-53.642048
18,9,892.219971,1242.328735,637.255615,79.998901
18,10,243.800003,479.171478,972.734741,79.998901
18,11,218.610001,372.635315,1051.376831,79.998901
18,12,568.109985,95.912544,1517.167358,79.998901
18,13,322.019989,-324.398285,93.257057,24.080715
18,14,122.849998,-391.680817,438.729126,58.666222
18,15,311.600006,-175.143585,37.344563,79.998901
18,16,298.230011,-604.141602,522.955994,79.998901
19,1,555.450012,-418.658508,-88.589264,-109.976196
19,2,128.970001,-324.156250,342.718567,79.998901
19,3,127.220001,-390.355133,439.280945,36.487099
19,4,418.339996,-748.114136,569.866760,79.998901
19,5,180.240005,-298.699738,264.238312,3.826182
19,6,114.029999,-356.060394,415.269928,31.807739
19,7,500.700012,458.104614,103.605270,-91.250587
19,8,390.739990,-427.032135,1066.184570,-53.642048
19,9,892.219971,1242.328735,637.255615,79.998901
19,10,243.800003,479.171478,972.734741,79.998901
19,11,218.610001,372.635315,1051.376831,79.998901
19,12,568.109985,95.912544,1517.167358,79.998901
19,13,322.019989,-324.398285,93.257057,24.080715
19,14,122.849998,-391.680817,438.729126,58.666222
19,15,311.600006,-175.143585,37.344563,79.998901
19,16,298.230011,-604.141602,522.955994,79.998901
20,1,512.320007,-390.046173,-52.607048,-95.224861
20,2,129.419998,-314.526581,342.413971,79.998901
20,3,127.199997,-380.376892,439.288147,36.493938
20,4,266.290009,-589.765076,603.035400,79.998901
20,5,180.289993,-288.772186,264.207642,3.805056
20,6,113.879997,-345.999420,415.361969,31.871134
20,7,414.220001,413.059448,163.423935,-61.672684
20,8,462.660004,-462.816345,1115.932007,-78.240143
20,9,679.049988,1039.338989,627.585571,79.998901
20,10,231.970001,480.424347,964.727295,79.998901
20,11,230.330002,391.223267,1059.309814,79.998901
20,12,743.369995,128.446182,1690.967651,79.998901
20,13,320.910004,-313.934326,94.227547,24.273462
20,14,122.690002,-381.574432,438.789673,58.694004
20,15,319.799988,-169.576462,30.421091,79.998901
20,16,298.269989,-594.216125,522.937500,79.998901
21,1,512.320007,-390.046173,-52.607048,-95.224861
21,2,129.419998,-314.526581,342.413971,79.998901
21,3,127.199997,-380.376892,439.288147,36.493938
21,4,266.290009,-589.765076,603.035400,79.998901
21,5,180.289993,-288.772186,264.207642,3.805056
21,6,113.879997,-345.999420,415.361969,31.871134
21,7,414.220001,413.059448,163.423935,-61.672684
21,8,462.660004,-462.816345,1115.932007,-78.240143
21,9,679.049988,1039.338989,627.585571,79.998901
21,10,231.970001,480.424347,964.727295,79.998901
21,11,230.330002,391.223267,1059.309814,79.998901
21,12,743.369995,128.446182,1690.967651,79.998901
21,13,320.910004,-313.934326,94.227547,24.273462
21,14,122.690002,-381.574432,438.789673,58.694004
21,15,319.799988,-169.576462,30.421091,79.998901
21,16,298.269989,-594.216125,522.937500,79.998901
22,1,512.320007,-390.046173,-52.607048,-95.224861
22,2,129.419998,-314.526581,342.413971,79.998901
22,3,127.199997,-380.376892,439.288147,36.493938
22,4,266.290009,-589.765076,603.035400,79.998901
22,5,180.289993,-288.772186,264.207642,3.805056
22,6,113.879997,-345.999420,415.361969,31.871134
22,7,414.220001,413.059448,163.423935,-61.672684
22,8,462.660004,-462.816345,1115.932007,-78.240143
22,9,679.049988,1039.338989,627.585571,79.998901
22,10,231.970001,480.424347,964.727295,79.998901
22,11,230.330002,391.223267,1059.309814,79.998901
22,12,743.369995,128.446182,1690.967651,79.998901
22,13,320.910004,-313.934326,94.227547,24.273462
22,14,122.690002,-381.574432,438.789673,58.694004
22,15,319.799988,-169.576462,30.421091,79.998901
22,16,298.269989,-594.216125,522.937500,79.998901
23,1,512.320007,-390.046173,-52.607048,-95.224861
23,2,129.419998,-314.526581,342.413971,79.998901
23,3,127.199997,-380.376892,439.288147,36.493938
23,4,266.290009,-589.765076,603.035400,79.998901
23,5,180.289993,-288.772186,264.207642,3.805056
23,6,113.879997,-345.999420,415.361969,31.871134
23,7,414.220001,413.059448,163.423935,-61.672684
23,8,462.660004,-462.816345,1115.932007,-78.240143
23,9,679.049988,1039.338989,627.585571,79.998901
23,10,231.970001,480.424347,964.727295,79.998901
23,11,230.330002,391.223267,1059.309814,79.998901
23,12,743.369995,128.446182,1690.967651,79.998901
23,13,320.910004,-313.934326,94.227547,24.273462
23,14,122.690002,-381.574432,438.789673,58.694004
23,15,319.799988,-169.576462,30.421091,79.998901
23,16,298.269989,-594.216125,522.937500,79.998901
24,1,512.320007,-390.046173,-52.607048,-95.224861
24,2,129.419998,-314.526581,342.413971,79.998901
24,3,127.199997,-380.376892,439.288147,36.493938
24,4,266.290009,-589.765076,603.035400,79.998901
24,5,180.289993,-288.772186,264.207642,3.805056
24,6,113.879997,-345.999420,415.361969,31.871134
24,7,414.220001,413.059448,163.423935,-61.672684
24,8,462.660004,-462.816345,1115.932007,-78.240143
24,9,679.049988,1039.338989,627.585571,79.998901
24,10,231.970001,480.424347,964.727295,79.998901
24,11,230.330002,391.223267,1059.309814,79.998901
24,12,743.369995,128.446182,1690.967651,79.998901
24,13,320.910004,-313.934326,94.227547,24.273462
24,14,122.690002,-381.574432,438.789673,58.694004
24,15,319.799988,-169.576462,30.421091,79.998901
24,16,298.269989,-594.216125,522.937500,79.998901
25,1,512.320007,-390.046173,-52.607048,-95.224861
25,2,129.419998,-314.526581,342.413971,79.998901
25,3,127.199997,-380.376892,439.288147,36.493938
25,4,266.290009,-589.765076,603.035400,79.998901
25,5,180.289993,-288.772186,264.207642,3.805056
25,6,113.879997,-345.999420,415.361969,31.871134
25,7,414.220001,413.059448,163.423935,-61.672684
25,8,462.660004,-462.816345,1115.932007,-78.240143
25,9,679.049988,1039.338989,627.585571,79.998901
25,10,231.970001,480.424347,964.727295,79.998901
25,11,230.330002,391.223267,1059.309814,79.998901
25,12,743.369995,128.446182,1690.967651,79.998901
25,13,320.910004,-313.934326,94.227547,24.273462
25,14,122.690002,-381.574432,438.789673,58.694004
25,15,319.799988,-169.576462,30.421091,79.998901
25,16,298.269989,-594.216125,522.937500,79.998901
26,1,512.320007,-390.046173,-52.607048,-95.224861
26,2,129.419998,-314.526581,342.413971,79.998901
26,3,127.199997,-380.376892,439.288147,36.493938
26,4,266.290009,-589.765076,603.035400,79.998901
26,5,180.289993,-288.772186,264.207642,3.805056
26,6,113.879997,-345.999420,415.361969,31.871134
26,7,414.220001,413.059448,163.423935,-61.672684
26,8,462.660004,-462.816345,1115.932007,-78.240143
26,9,679.049988,1039.338989,627.585571,79.998901
26,10,231.970001,480.424347,964.727295,79.998901
26,11,230.330002,391.223267,1059.309814,79.998901
26,12,743.369995,128.446182,1690.967651,79.998901
26,13,320.910004,-313.934326,94.227547,24.273462
26,14,122.690002,-381.574432,438.789673,58.694004
26,15,319.799988,-169.576462,30.421091,79.998901
26,16,298.269989,-594.216125,522.937500,79.998901
27,1,512.320007,-390.046173,-52.607048,-95.224861
27,2,129.419998,-314.526581,342.413971,79.998901
27,3,127.199997,-380.376892,439.288147,36.493938
27,4,266.290009,-589.765076,603.035400,79.998901
27,5,180.289993,-288.772186,264.207642,3.805056
27,6,113.879997,-345.999420,415.361969,31.871134
27,7,414.220001,413.059448,163.423935,-61.672684
27,8,462.660004,-462.816345,1115.932007,-78.240143
27,9,679.049988,1039.338989,627.585571,79.998901
27,10,231.970001,480.424347,964.727295,79.998901
27,11,230.330002,391.223267,1059.309814,79.998901
27,12,743.369995,128.446182,1690.967651,79.998901
27,13,320.910004,-313.934326,94.227547,24.273462
27,14,122.690002,-381.574432,438.789673,58.694004
27,15,319.799988,-169.576462,30.421091,79.998901
27,16,298.269989,-594.216125,522.937500,79.998901
28,1,512.320007,-390.046173,-52.607048,-95.224861
28,2,129.419998,-314.526581,342.413971,79.998901
28,3,127.199997,-380.376892,439.288147,36.493938
28,4,266.290009,-589.765076,603.035400,79.998901
28,5,180.289993,-288.772186,264.207642,3.805056
28,6,113.879997,-345.999420,415.361969,31.871134
28,7,414.220001,413.059448,163.423935,-61.672684
28,8,462.660004,-462.816345,1115.932007,-78.240143
28,9,679.049988,1039.338989,627.585571,79.998901
28,10,231.970001,480.424347,964.727295,79.998901
28,11,230.330002,391.223267,1059.309814,79.998901
28,12,743.369995,128.446182,1690.967651,79.998901
28,13,320.910004,-313.934326,94.227547,24.273462
28,14,122.690002,-381.574432,438.789673,58.694004
28,15,319.799988,-169.576462,30.421091,79.998901
28,16,298.269989,-594.216125,522.937500,79.998901
29,1,512.320007,-390.046173,-52.607048,-95.224861
29,2,129.419998,-314.526581,342.413971,79.998901
29,3,127.199997,-380.376892,439.288147,36.493938
29,4,266.290009,-589.765076,603.035400,79.998901
29,5,180.289993,-288.772186,264.207642,3.805056
29,6,113.879997,-345.999420,415.361969,31.871134
29,7,414.220001,413.059448,163.423935,-61.672684
29,8,462.660004,-462.816345,1115.932007,-78.240143
29,9,679.049988,1039.338989,627.585571,79.998901
29,10,231.970001,480.424347,964.727295,79.998901
29,11,230.330002,391.223267,1059.309814,79.998901
29,12,743.369995,128.446182,1690.967651,79.998901
29,13,320.910004,-313.934326,94.227547,24.273462
29,14,122.690002,-381.574432,438.789673,58.694004
29,15,319.799988,-169.576462,30.421091,79.998901
29,16,298.269989,-594.216125,522.937500,79.998901
30,1,512.320007,-390.046173,-52.607048,-95.224861
30,2,129.419998,-314.526581,342.413971,79.998901
30,3,127.199997,-380.376892,439.288147,36.493938
30,4,266.290009,-589.765076,603.035400,79.998901
30,5,180.289993,-288.772186,264.207642,3.805056
30,6,113.879997,-345.999420,415.361969,31.871134
30,7,414.220001,413.059448,163.423935,-61.672684
30,8,462.660004,-462.816345,1115.932007,-78.240143
30,9,679.049988,1039.338989,627.585571,79.998901
30,10,231.970001,480.424347,964.727295,79.998901
30,11,230.330002,391.223267,1059.309814,79.998901
30,12,743.369995,128.446182,1690.967651,79.998901
30,13,320.910004,-313.934326,94.227547,24.273462
30,14,122.690002,-381.574432,438.789673,58.694004
30,15,319.799988,-169.576462,30.421091,79.998901
30,16,298.269989,-594.216125,522.937500,79.998901
31,1,512.320007,-390.046173,-52.607048,-95.224861
31,2,129.419998,-314.526581,342.413971,79.998901
31,3,127.199997,-380.376892,439.288147,36.493938
31,4,266.290009,-589.765076,603.035400,79.998901
31,5,180.289993,-288.772186,264.207642,3.805056
31,6,113.879997,-345.999420,415.361969,31.871134
31,7,414.220001,413.059448,163.423935,-61.672684
31,8,462.660004,-462.816345,1115.932007,-78.240143
31,9,679.049988,1039.338989,627.585571,79.998901
31,10,231.970001,480.424347,964.727295,79.998901
31,11,230.330002,391.223267,1059.309814,79.998901
31,12,743.369995,128.446182,1690.967651,79.998901
31,13,320.910004,-313.934326,94.227547,24.273462
31,14,122.690002,-381.574432,438.789673,58.694004
31,15,319.799988,-169.576462,30.421091,79.998901
31,16,298.269989,-594.216125,522.937500,79.998901
32,1,489.459991,-383.733795,-31.431185,-87.406273
32,2,130.309998,-316.790710,343.570557,79.998901
32,3,126.739998,-381.074707,441.551178,36.651268
32,4,419.059998,-739.265869,573.683838,79.998901
32,5,185.580002,-294.333923,262.602753,1.569402
32,6,114.449997,-347.604980,416.933624,31.630241
32,7,442.619995,428.467316,141.633759,-71.386055
32,8,445.119995,-449.277466,1106.262573,-72.241104
32,9,711.890015,1072.021240,623.566650,79.998901
32,10,301.899994,533.788269,1009.375916,79.998901
32,11,292.250000,439.159180,1099.033447,79.998901
32,12,765.559998,136.868103,1712.375366,79.998901
32,13,323.130005,-317.855896,94.047699,23.887964
32,14,122.360001,-382.374115,441.018280,58.751308
32,15,326.660004,-176.523880,25.649227,79.998901
32,16,300.899994,-597.210083,524.948730,79.998901
33,1,489.459991,-383.733795,-31.431185,-87.406273
33,2,130.309998,-316.790710,343.570557,79.998901
33,3,126.739998,-381.074707,441.551178,36.651268
33,4,419.059998,-739.265869,573.683838,79.998901
33,5,185.580002,-294.333923,262.602753,1.569402
33,6,114.449997,-347.604980,416.933624,31.630241
33,7,442.619995,428.467316,141.633759,-71.386055
33,8,445.119995,-449.277466,1106.262573,-72.241104
33,9,711.890015,1072.021240,623.566650,79.998901
33,10,301.899994,533.788269,1009.375916,79.998901
33,11,292.250000,439.159180,1099.033447,79.998901
33,12,765.559998,136.868103,1712.375366,79.998901
33,13,323.130005,-317.855896,94.047699,23.887964
33,14,122.360001,-382.374115,441.018280,58.751308
33,15,326.660004,-176.523880,25.649227,79.998901
33,16,300.899994,-597.210083,524.948730,79.998901
34,1,489.459991,-383.733795,-31.431185,-87.406273
34,2,130.309998,-316.790710,343.570557,79.998901
34,3,126.739998,-381.074707,441.551178,36.651268
34,4,419.059998,-739.265869,573.683838,79.998901
34,5,185.580002,-294.333923,262.602753,1.569402
34,6,114.449997,-347.604980,416.933624,31.630241
34,7,442.619995,428.467316,141.633759,-71.386055
34,8,445.119995,-449.277466,1106.262573,-72.241104
34,9,711.890015,1072.021240,623.566650,79.998901
34,10,301.899994,533.788269,1009.375916,79.998901
34,11,292.250000,439.159180,1099.033447,79.998901
34,12,765.559998,136.868103,1712.375366,79.998901
34,13,323.130005,-317.855896,94.047699,23.887964
34,14,122.360001,-382.374115,441.018280,58.751308
34,15,326.660004,-176.523880,25.649227,79.998901
34,16,300.899994,-597.210083,524.948730,79.998901
35,1,489.459991,-383.733795,-31.431185,-87.406273
35,2,130.309998,-316.790710,343.570557,79.998901
35,3,126.739998,-381.074707,441.551178,36.651268
35,4,419.059998,-739.265869,573.683838,79.998901
35,5,185.580002,-294.333923,262.602753,1.569402
35,6,114.449997,-347.604980,416.933624,31.630241
35,7,442.619995,428.467316,141.633759,-71.386055
35,8,445.119995,-449.277466,1106.262573,-72.241104
35,9,711.890015,1072.021240,623.566650,79.998901
35,10,301.899994,533.788269,1009.375916,79.998901
35,11,292.250000,439.159180,1099.033447,79.998901
35,12,765.559998,136.868103,1712.375366,79.998901
35,13,323.130005,-317.855896,94.047699,23.887964
35,14,122.360001,-382.374115,441.018280,58.751308
35,15,326.660004,-176.523880,25.649227,79.998901
35,16,300.899994,-597.210083,524.948730,79.998901
36,1,489.459991,-383.733795,-31.431185,-87.406273
36,2,130.309998,-316.790710,343.570557,79.998901
36,3,126.739998,-381.074707,441.551178,36.651268
36,4,419.059998,-739.265869,573.683838,79.998901
36,5,185.580002,-294.333923,262.602753,1.569402
36,6,114.449997,-347.604980,416.933624,31.630241
36,7,442.619995,428.467316,141.633759,-71.386055
36,8,445.119995,-449.277466,1106.262573,-72.241104
36,9,711.890015,1072.021240,623.566650,79.998901
36,10,301.899994,533.788269,1009.375916,79.998901
36,11,292.250000,439.159180,1099.033447,79.998901
36,12,765.559998,136.868103,1712.375366,79.998901
36,13,323.130005,-317.855896,94.047699,23.887964
36,14,122.360001,-382.374115,441.018280,58.751308
36,15,326.660004,-176.523880,25.649227,79.998901
36,16,300.899994,-597.210083,524.948730,79.998901
37,1,489.459991,-383.733795,-31.431185,-87.406273
37,2,130.309998,-316.790710,343.570557,79.998901
37,3,126.739998,-381.074707,441.551178,36.651268
37,4,419.059998,-739.265869,573.683838,79.998901
37,5,185.580002,-294.333923,262.602753,1.569402
37,6,114.449997,-347.604980,416.933624,31.630241
37,7,442.619995,428.467316,141.633759,-71.386055
37,8,445.119995,-449.277466,1106.262573,-72.241104
37,9,711.890015,1072.021240,623.566650,79.998901
37,10,301.899994,533.788269,1009.375916,79.998901
37,11,292.250000,439.159180,1099.033447,79.998901
37,12,765.559998,136.868103,1712.375366,79.998901
37,13,323.130005,-317.855896,94.047699,23.887964
37,14,122.360001,-382.374115,441.018280,58.751308
37,15,326.660004,-176.523880,25.649227,79.998901
37,16,300.899994,-597.210083,524.948730,79.998901
38,1,489.459991,-383.733795,-31.431185,-87.406273
38,2,130.309998,-316.790710,343.570557,79.998901
38,3,126.739998,-381.074707,441.551178,36.651268
38,4,419.059998,-739.265869,573.683838,79.998901
38,5,185.580002,-294.333923,262.602753,1.569402
38,6,114.449997,-347.604980,416.933624,31.630241
38,7,442.619995,428.467316,141.633759,-71.386055
38,8,445.119995,-449.277466,1106.262573,-72.241104
38,9,711.890015,1072.021240,623.566650,79.998901
38,10,301.899994,533.788269,1009.375916,79.998901
38,11,292.250000,439.159180,1099.033447,79.998901
38,12,765.559998,136.868103,1712.375366,79.998901
38,13,323.130005,-317.855896,94.047699,23.887964
38,14,122.360001,-382.374115,441.018280,58.751308
38,15,326.660004,-176.523880,25.649227,79.998901
38,16,300.899994,-597.210083,524.948730,79.998901
39,1,489.459991,-383.733795,-31.431185,-87.406273
39,2,130.309998,-316.790710,343.570557,79.998901
39,3,126.739998,-381.074707,441.551178,36.651268
39,4,419.059998,-739.265869,573.683838,79.998901
39,5,185.580002,-294.333923,262.602753,1.569402
39,6,114.449997,-347.604980,416.933624,31.630241
39,7,442.619995,428.467316,141.633759,-71.386055
39,8,445.119995,-449.277466,1106.262573,-72.241104
39,9,711.890015,1072.021240,623.566650,79.998901
39,10,301.899994,533.788269,1009.375916,79.998901
39,11,292.250000,439.159180,1099.033447,79.998901
39,12,765.559998,136.868103,1712.375366,79.998901
39,13,323.130005,-317.855896,94.047699,23.887964
39,14,122.360001,-382.374115,441.018280,58.751308
39,15,326.660004,-176.523880,25.649227,79.998901
39,16,300.899994,-597.210083,524.948730,79.998901
40,1,489.459991,-383.733795,-31.431185,-87.406273
40,2,130.309998,-316.790710,343.570557,79.998901
40,3,126.739998,-381.074707,441.551178,36.651268
40,4,419.059998,-739.265869,573.683838,79.998901
40,5,185.580002,-294.333923,262.602753,1.569402
40,6,114.449997,-347.604980,416.933624,31.630241
40,7,442.619995,428.467316,141.633759,-71.386055
40,8,445.119995,-449.277466,1106.262573,-72.241104
40,9,711.890015,1072.021240,623.566650,79.998901
40,10,301.899994,533.788269,1009.375916,79.998901
40,11,292.250000,439.159180,1099.033447,79.998901
40,12,765.559998,136.868103,1712.375366,79.998901
40,13,323.130005,-317.855896,94.047699,23.887964
40,14,122.360001,-382.374115,441.018280,58.751308
40,15,326.660004,-176.523880,25.649227,79.998901
40,16,300.899994,-597.210083,524.948730,79.998901
41,1,489.459991,-383.733795,-31.431185,-87.406273
41,2,130.309998,-316.790710,343.570557,79.998901
41,3,126.739998,-381.074707,441.551178,36.651268
41,4,419.059998,-739.265869,573.683838,79.998901
41,5,185.580002,-294.333923,262.602753,1.569402
41,6,114.449997,-347.604980,416.933624,31.630241
41,7,442.619995,428.467316,141.633759,-71.386055
41,8,445.119995,-449.277466,1106.262573,-72.241104
41,9,711.890015,1072.021240,623.566650,79.998901
41,10,301.899994,533.788269,1009.375916,79.998901
41,11,292.250000,439.159180,1099.033447,79.998901
41,12,765.559998,136.868103,1712.375366,79.998901
41,13,323.130005,-317.855896,94.047699,23.887964
41,14,122.360001,-382.374115,441.018280,58.751308
41,15,326.660004,-176.523880,25.649227,79.998901
41,16,300.899994,-597.210083,524.948730,79.998901
42,1,489.459991,-383.733795,-31.431185,-87.406273
42,2,130.309998,-316.790710,343.570557,79.998901
42,3,126.739998,-381.074707,441.551178,36.651268
42,4,419.059998,-739.265869,573.683838,79.998901
42,5,185.580002,-294.333923,262.602753,1.569402
42,6,114.449997,-347.604980,416.933624,31.630241
42,7,442.619995,428.467316,141.633759,-71.386055
42,8,445.119995,-449.277466,1106.262573,-72.241104
42,9,711.890015,1072.021240,623.566650,79.998901
42,10,301.899994,533.788269,1009.375916,79.998901
42,11,292.250000,439.159180,1099.033447,79.998901
42,12,765.559998,136.868103,1712.375366,79.998901
42,13,323.130005,-317.855896,94.047699,23.887964
42,14,122.360001,-382.374115,441.018280,58.751308
42,15,326.660004,-176.523880,25.649227,79.998901
42,16,300.899994,-597.210083,524.948730,79.998901
43,1,489.459991,-383.733795,-31.431185,-87.406273
43,2,130.309998,-316.790710,343.570557,79.998901
43,3,126.739998,-381.074707,441.551178,36.651268
43,4,419.059998,-739.265869,573.683838,79.998901
43,5,185.580002,-294.333923,262.602753,1.569402
43,6,114.449997,-347.604980,416.933624,31.630241
43,7,442.619995,428.467316,141.633759,-71.386055
43,8,445.119995,-449.277466,1106.262573,-72.241104
43,9,711.890015,1072.021240,623.566650,79.998901
43,10,301.899994,533.788269,1009.375916,79.998901
43,11,292.250000,439.159180,1099.033447,79.998901
43,12,765.559998,136.868103,1712.375366,79.998901
43,13,323.130005,-317.855896,94.047699,23.887964
43,14,122.360001,-382.374115,441.018280,58.751308
43,15,326.660004,-176.523880,25.649227,79.998901
43,16,300.899994,-597.210083,524.948730,79.998901
44,1,530.849976,-401.813293,-65.867561,-101.562485
44,2,133.630005,-319.246307,341.336151,79.998901
44,3,129.830002,-383.761200,440.449371,35.594425
44,4,274.290009,-597.818970,604.524231,79.998901
44,5,187.410004,-295.560638,261.486542,0.796010
44,6,120.940002,-351.955444,412.975006,28.887445
44,7,436.109985,424.350220,146.158386,-69.159500
44,8,458.160004,-457.524292,1115.325684,-76.701050
44,9,730.549988,1090.666260,624.315552,79.998901
44,10,243.220001,490.386719,969.883545,79.998901
44,11,237.679993,398.797516,1062.307129,79.998901
44,12,721.400024,130.951279,1668.613525,79.998901
44,13,325.450012,-318.917969,92.024780,23.485098
44,14,125.290001,-385.043793,439.923340,58.242519
44,15,320.420013,-173.152786,30.900248,79.998901
44,16,299.179993,-595.681641,525.737610,79.998901
45,1,530.849976,-401.813293,-65.867561,-101.562485
45,2,133.630005,-319.246307,341.336151,79.998901
45,3,129.830002,-383.761200,440.449371,35.594425
45,4,274.290009,-597.818970,604.524231,79.998901
45,5,187.410004,-295.560638,261.486542,0.796010
45,6,120.940002,-351.955444,412.975006,28.887445
45,7,436.109985,424.350220,146.158386,-69.159500
45,8,458.160004,-457.524292,1115.325684,-76.701050
45,9,730.549988,1090.666260,624.315552,79.998901
45,10,243.220001,490.386719,969.883545,79.998901
45,11,237.679993,398.797516,1062.307129,79.998901
45,12,721.400024,130.951279,1668.613525,79.998901
45,13,325.450012,-318.917969,92.024780,23.485098
45,14,125.290001,-385.043793,439.923340,58.242519
45,15,320.420013,-173.152786,30.900248,79.998901
45,16,299.179993,-595.681641,525.737610,79.998901
46,1,530.849976,-401.813293,-65.867561,-101.562485
46,2,133.630005,-319.246307,341.336151,79.998901
46,3,129.830002,-383.761200,440.449371,35.594425
46,4,274.290009,-597.818970,604.524231,79.998901
46,5,187.410004,-295.560638,261.486542,0.796010
46,6,120.940002,-351.955444,412.975006,28.887445
46,7,436.109985,424.350220,146.158386,-69.159500
46,8,458.160004,-457.524292,1115.325684,-76.701050
46,9,730.549988,1090.666260,624.315552,79.998901
46,10,243.220001,490.386719,969.883545,79.998901
46,11,237.679993,398.797516,1062.307129,79.998901
46,12,721.400024,130.951279,1668.613525,79.998901
46,13,325.450012,-318.917969,92.024780,23.485098
46,14,125.290001,-385.043793,439.923340,58.242519
46,15,320.420013,-173.152786,30.900248,79.998901
46,16,299.179993,-595.681641,525.737610,79.998901
47,1,530.849976,-401.813293,-65.867561,-101.562485
47,2,133.630005,-319.246307,341.336151,79.998901
47,3,129.830002,-383.761200,440.449371,35.594425
47,4,274.290009,-597.818970,604.524231,79.998901
47,5,187.410004,-295.560638,261.486542,0.796010
47,6,120.940002,-351.955444,412.975006,28.887445
47,7,436.109985,424.350220,146.158386,-69.159500
47,8,458.160004,-457.524292,1115.325684,-76.701050
47,9,730.549988,1090.666260,624.315552,79.998901
47,10,243.220001,490.386719,969.883545,79.998901
47,11,237.679993,398.797516,1062.307129,79.998901
47,12,721.400024,130.951279,1668.613525,79.998901
47,13,325.450012,-318.917969,92.024780,23.485098
47,14,125.290001,-385.043793,439.923340,58.242519
47,15,320.420013,-173.152786,30.900248,79.998901
47,16,299.179993,-595.681641,525.737610,79.998901
48,1,530.849976,-401.813293,-65.867561,-101.562485
48,2,133.630005,-319.246307,341.336151,79.998901
48,3,129.830002,-383.761200,440.449371,35.594425
48,4,274.290009,-597.818970,604.524231,79.998901
48,5,187.410004,-295.560638,261.486542,0.796010
48,6,120.940002,-351.955444,412.975006,28.887445
48,7,436.109985,424.350220,146.158386,-69.159500
48,8,458.160004,-457.524292,1115.325684,-76.701050
48,9,730.549988,1090.666260,624.315552,79.998901
48,10,243.220001,490.386719,969.883545,79.998901
48,11,237.679993,398.797516,1062.307129,79.998901
48,12,721.400024,130.951279,1668.613525,79.998901
48,13,325.450012,-318.917969,92.024780,23.485098
48,14,125.290001,-385.043793,439.923340,58.242519
48,15,320.420013,-173.152786,30.900248,79.998901
48,16,299.179993,-595.681641,525.737610,79.998901
49,1,530.849976,-401.813293,-65.867561,-101.562485
49,2,133.630005,-319.246307,341.336151,79.998901
49,3,129.830002,-383.761200,440.449371,35.594425
49,4,274.290009,-597.818970,604.524231,79.998901
49,5,187.410004,-295.560638,261.486542,0.796010
49,6,120.940002,-351.955444,412.975006,28.887445
49,7,436.109985,424.350220,146.158386,-69.159500
49,8,458.160004,-457.524292,1115.325684,-76.701050
49,9,730.549988,1090.666260,624.315552,79.998901
49,10,243.220001,490.386719,969.883545,79.998901
49,11,237.679993,398.797516,1062.307129,79.998901
49,12,721.400024,130.951279,1668.613525,79.998901
49,13,325.450012,-318.917969,92.024780,23.485098
49,14,125.290001,-385.043793,439.923340,58.242519
49,15,320.420013,-173.152786,30.900248,79.998901
49,16,299.179993,-595.681641,525.737610,79.998901
50,1,530.849976,-401.813293,-65.867561,-101.562485
50,2,133.630005,-319.246307,341.336151,79.998901
50,3,129.830002,-383.761200,440.449371,35.594425
50,4,274.290009,-597.818970,604.524231,79.998901
50,5,187.410004,-295.560638,261.486542,0.796010
50,6,120.940002,-351.955444,412.975006,28.887445
50,7,436.109985,424.350220,146.158386,-69.159500
50,8,458.160004,-457.524292,1115.325684,-76.701050
50,9,730.549988,1090.666260,624.315552,79.998901
50,10,243.220001,490.386719,969.883545,79.998901
50,11,237.679993,398.797516,1062.307129,79.998901
50,12,721.400024,130.951279,1668.613525,79.998901
50,13,325.450012,-318.917969,92.024780,23.485098
50,14,125.290001,-385.043793,439.923340,58.242519
50,15,320.420013,-173.152786,30.900248,79.998901
50,16,299.179993,-595.681641,525.737610,79.998901
51,1,530.849976,-401.813293,-65.867561,-101.562485
51,2,133.630005,-319.246307,341.336151,79.998901
51,3,129.830002,-383.761200,440.449371,35.594425
51,4,274.290009,-597.818970,604.524231,79.998901
51,5,187.410004,-295.560638,261.486542,0.796010
51,6,120.940002,-351.955444,412.975006,28.887445
51,7,436.109985,424.350220,146.158386,-69.159500
51,8,458.160004,-457.524292,1115.325684,-76.701050
51,9,730.549988,1090.666260,624.315552,79.998901
51,10,243.220001,490.386719,969.883545,79.998901
51,11,237.679993,398.797516,1062.307129,79.998901
51,12,721.400024,130.951279,1668.613525,79.998901
51,13,325.450012,-318.917969,92.024780,23.485098
51,14,125.290001,-385.043793,439.923340,58.242519
51,15,320.420013,-173.152786,30.900248,79.998901
51,16,299.179993,-595.681641,525.737610,79.998901
52,1,530.849976,-401.813293,-65.867561,-101.562485
52,2,133.630005,-319.246307,341.336151,79.998901
52,3,129.830002,-383.761200,440.449371,35.594425
52,4,274.290009,-597.818970,604.524231,79.998901
52,5,187.410004,-295.560638,261.486542,0.796010
52,6,120.940002,-351.955444,412.975006,28.887445
52,7,436.109985,424.350220,146.158386,-69.159500
52,8,458.160004,-457.524292,1115.325684,-76.701050
52,9,730.549988,1090.666260,624.315552,79.998901
52,10,243.220001,490.386719,969.883545,79.998901
52,11,237.679993,398.797516,1062.307129,79.998901
52,12,721.400024,130.951279,1668.613525,79.998901
52,13,325.450012,-318.917969,92.024780,23.485098
52,14,125.290001,-385.043793,439.923340,58.242519
52,15,320.420013,-173.152786,30.900248,79.998901
52,16,299.179993,-595.681641,525.737610,79.998901
53,1,530.849976,-401.813293,-65.867561,-101.562485
53,2,133.630005,-319.246307,341.336151,79.998901
53,3,129.830002,-383.761200,440.449371,35.594425
53,4,274.290009,-597.818970,604.524231,79.998901
53,5,187.410004,-295.560638,261.486542,0.796010
53,6,120.940002,-351.955444,412.975006,28.887445
53,7,436.109985,424.350220,146.158386,-69.159500
53,8,458.160004,-457.524292,1115.325684,-76.701050
53,9,730.549988,1090.666260,624.315552,79.998901
53,10,243.220001,490.386719,969.883545,79.998901
53,11,237.679993,398.797516,1062.307129,79.998901
53,12,721.400024,130.951279,1668.613525,79.998901
53,13,325.450012,-318.917969,92.024780,23.485098
53,14,125.290001,-385.043793,439.923340,58.242519
53,15,320.420013,-173.152786,30.900248,79.998901
53,16,299.179993,-595.681641,525.737610,79.998901
54,1,530.849976,-401.813293,-65.867561,-101.562485
54,2,133.630005,-319.246307,341.336151,79.998901
54,3,129.830002,-383.761200,440.449371,35.594425
54,4,274.290009,-597.818970,604.524231,79.998901
54,5,187.410004,-295.560638,261.486542,0.796010
54,6,120.940002,-351.955444,412.975006,28.887445
54,7,436.109985,424.350220,146.158386,-69.159500
54,8,458.160004,-457.524292,1115.325684,-76.701050
54,9,730.549988,1090.666260,624.315552,79.998901
54,10,243.220001,490.386719,969.883545,79.998901
54,11,237.679993,398.797516,1062.307129,79.998901
54,12,721.400024,130.951279,1668.613525,79.998901
54,13,325.450012,-318.917969,92.024780,23.485098
54,14,125.290001,-385.043793,439.923340,58.242519
54,15,320.420013,-173.152786,30.900248,79.998901
54,16,299.179993,-595.681641,525.737610,79.998901
55,1,484.309998,-389.727112,-12.132604,-85.644875
55,2,136.389999,-325.055908,353.729645,79.998901
55,3,123.389999,-380.664520,457.683838,37.797035
55,4,418.040009,-739.142395,593.229004,79.998901
55,5,197.210007,-306.925446,269.532166,-3.345650
55,6,117.919998,-352.776733,429.412384,30.163755
55,7,440.320007,420.791077,148.355820,-70.599411
55,8,436.429993,-438.246613,1115.913574,-69.268951
55,9,707.390015,1067.121582,620.648499,79.998901
55,10,294.209991,532.389893,1008.024658,79.998901
55,11,283.769989,438.272491,1098.307007,79.998901
55,12,750.799988,147.682449,1706.324829,79.998901
55,13,329.670013,-327.686218,102.609581,22.752302
55,14,125.239998,-387.534332,454.963898,58.251202
55,15,336.399994,-189.498718,30.023632,79.998901
55,16,283.700012,-583.312317,550.258301,79.998901
56,1,484.309998,-389.727112,-12.132604,-85.644875
56,2,136.389999,-325.055908,353.729645,79.998901
56,3,123.389999,-380.664520,457.683838,37.797035
56,4,418.040009,-739.142395,593.229004,79.998901
56,5,197.210007,-306.925446,269.532166,-3.345650
56,6,117.919998,-352.776733,429.412384,30.163755
56,7,440.320007,420.791077,148.355820,-70.599411
56,8,436.429993,-438.246613,1115.913574,-69.268951
56,9,707.390015,1067.121582,620.648499,79.998901
56,10,294.209991,532.389893,1008.024658,79.998901
56,11,283.769989,438.272491,1098.307007,79.998901
56,12,750.799988,147.682449,1706.324829,79.998901
56,13,329.670013,-327.686218,102.609581,22.752302
56,14,125.239998,-387.534332,454.963898,58.251202
56,15,336.399994,-189.498718,30.023632,79.998901
56,16,283.700012,-583.312317,550.258301,79.998901
57,1,484.309998,-389.727112,-12.132604,-85.644875
57,2,136.389999,-325.055908,353.729645,79.998901
57,3,123.389999,-380.664520,457.683838,37.797035
57,4,418.040009,-739.142395,593.229004,79.998901
57,5,197.210007,-306.925446,269.532166,-3.345650
57,6,117.919998,-352.776733,429.412384,30.163755
57,7,440.320007,420.791077,148.355820,-70.599411
57,8,436.429993,-438.246613,1115.913574,-69.268951
57,9,707.390015,1067.121582,620.648499,79.998901
57,10,294.209991,532.389893,1008.024658,79.998901
57,11,283.769989,438.272491,1098.307007,79.998901
57,12,750.799988,147.682449,1706.324829,79.998901
57,13,329.670013,-327.686218,102.609581,22.752302
57,14,125.239998,-387.534332,454.963898,58.251202
57,15,336.399994,-189.498718,30.023632,79.998901
57,16,283.700012,-583.312317,550.258301,79.998901
58,1,484.309998,-389.727112,-12.132604,-85.644875
58,2,136.389999,-325.055908,353.729645,79.998901
58,3,123.389999,-380.664520,457.683838,37.797035
58,4,418.040009,-739.142395,593.229004,79.998901
58,5,197.210007,-306.925446,269.532166,-3.345650
58,6,117.919998,-352.776733,429.412384,30.163755
58,7,440.320007,420.791077,148.355820,-70.599411
58,8,436.429993,-438.246613,1115.913574,-69.268951
58,9,707.390015,1067.121582,620.648499,79.998901
58,10,294.209991,532.389893,1008.024658,79.998901
58,11,283.769989,438.272491,1098.307007,79.998901
58,12,750.799988,147.682449,1706.324829,79.998901
58,13,329.670013,-327.686218,102.609581,22.752302
58,14,125.239998,-387.534332,454.963898,58.251202
58,15,336.399994,-189.498718,30.023632,79.998901
58,16,283.700012,-583.312317,550.258301,79.998901
59,1,484.309998,-389.727112,-12.132604,-85.644875
59,2,136.389999,-325.055908,353.729645,79.998901
59,3,123.389999,-380.664520,457.683838,37.797035
59,4,418.040009,-739.142395,593.229004,79.998901
59,5,197.210007,-306.925446,269.532166,-3.345650
59,6,117.919998,-352.776733,429.412384,30.163755
59,7,440.320007,420.791077,148.355820,-70.599411
59,8,436.429993,-438.246613,1115.913574,-69.268951
59,9,707.390015,1067.121582,620.648499,79.998901
59,10,294.209991,532.389893,1008.024658,79.998901
59,11,283.769989,438.272491,1098.307007,79.998901
59,12,750.799988,147.682449,1706.324829,79.998901
59,13,329.670013,-327.686218,102.609581,22.752302
59,14,125.239998,-387.534332,454.963898,58.251202
59,15,336.399994,-189.498718,30.023632,79.998901
59,16,283.700012,-583.312317,550.258301,79.998901
60,1,484.309998,-389.727112,-12.132604,-85.644875
60,2,136.389999,-325.055908,353.729645,79.998901
60,3,123.389999,-380.664520,457.683838,37.797035
60,4,418.040009,-739.142395,593.229004,79.998901
60,5,197.210007,-306.925446,269.532166,-3.345650
60,6,117.919998,-352.776733,429.412384,30.163755
60,7,440.320007,420.791077,148.355820,-70.599411
60,8,436.429993,-438.246613,1115.913574,-69.268951
60,9,707.390015,1067.121582,620.648499,79.998901
60,10,294.209991,532.389893,1008.024658,79.998901
60,11,283.769989,438.272491,1098.307007,79.998901
60,12,750.799988,147.682449,1706.324829,79.998901
60,13,329.670013,-327.686218,102.609581,22.752302
60,14,125.239998,-387.534332,454.963898,58.251202
60,15,336.399994,-189.498718,30.023632,79.998901
60,16,283.700012,-583.312317,550.258301,79.998901
61,1,484.309998,-389.727112,-12.132604,-85.644875
61,2,136.389999,-325.055908,353.729645,79.998901
61,3,123.389999,-380.664520,457.683838,37.797035
61,4,418.040009,-739.142395,593.229004,79.998901
61,5,197.210007,-306.925446,269.532166,-3.345650
61,6,117.919998,-352.776733,429.412384,30.163755
61,7,440.320007,420.791077,148.355820,-70.599411
61,8,436.429993,-438.246613,1115.913574,-69.268951
61,9,707.390015,1067.121582,620.648499,79.998901
61,10,294.209991,532.389893,1008.024658,79.998901
61,11,283.769989,438.272491,1098.307007,79.998901
61,12,750.799988,147.682449,1706.324829,79.998901
61,13,329.670013,-327.686218,102.609581,22.752302
61,14,125.239998,-387.534332,454.963898,58.251202
61,15,336.399994,-189.498718,30.023632,79.998901
61,16,283.700012,-583.312317,550.258301,79.998901
62,1,484.309998,-389.727112,-12.132604,-85.644875
62,2,136.389999,-325.055908,353.729645,79.998901
62,3,123.389999,-380.664520,457.683838,37.797035
62,4,418.040009,-739.142395,593.229004,79.998901
62,5,197.210007,-306.925446,269.532166,-3.345650
62,6,117.919998,-352.776733,429.412384,30.163755
62,7,440.320007,420.791077,148.355820,-70.599411
62,8,436.429993,-438.246613,1115.913574,-69.268951
62,9,707.390015,1067.121582,620.648499,79.998901
62,10,294.209991,532.389893,1008.024658,79.998901
62,11,283.769989,438.272491,1098.307007,79.998901
62,12,750.799988,147.682449,1706.324829,79.998901
62,13,329.670013,-327.686218,102.609581,22.752302
62,14,125.239998,-387.534332,454.963898,58.251202
62,15,336.399994,-189.498718,30.023632,79.998901
62,16,283.700012,-583.312317,550.258301,79.998901
63,1,484.309998,-389.727112,-12.132604,-85.644875
63,2,136.389999,-325.055908,353.729645,79.998901
63,3,123.389999,-380.664520,457.683838,37.797035
63,4,418.040009,-739.142395,593.229004,79.998901
63,5,197.210007,-306.925446,269.532166,-3.345650
63,6,117.919998,-352.776733,429.412384,30.163755
63,7,440.320007,420.791077,148.355820,-70.599411
63,8,436.429993,-438.246613,1115.913574,-69.268951
63,9,707.390015,1067.121582,620.648499,79.998901
63,10,294.209991,532.389893,1008.024658,79.998901
63,11,283.769989,438.272491,1098.307007,79.998901
63,12,750.799988,147.682449,1706.324829,79.998901
63,13,329.670013,-327.686218,102.609581,22.752302
63,14,125.239998,-387.534332,454.963898,58.251202
63,15,336.399994,-189.498718,30.023632,79.998901
63,16,283.700012,-583.312317,550.258301,79.998901
64,1,484.309998,-389.727112,-12.132604,-85.644875
64,2,136.389999,-325.055908,353.729645,79.998901
64,3,123.389999,-380.664520,457.683838,37.797035
64,4,418.040009,-739.142395,593.229004,79.998901
64,5,197.210007,-306.925446,269.532166,-3.345650
64,6,117.919998,-352.776733,429.412384,30.163755
64,7,440.320007,420.791077,148.355820,-70.599411
64,8,436.429993,-438.246613,1115.913574,-69.268951
64,9,707.390015,1067.121582,620.648499,79.998901
64,10,294.209991,532.389893,1008.024658,79.998901
64,11,283.769989,438.272491,1098.307007,79.998901
64,12,750.799988,147.682449,1706.324829,79.998901
64,13,329.670013,-327.686218,102.609581,22.752302
64,14,125.239998,-387.534332,454.963898,58.251202
64,15,336.399994,-189.498718,30.023632,79.998901
64,16,283.700012,-583.312317,550.258301,79.998901
65,1,484.309998,-389.727112,-12.132604,-85.644875
65,2,136.389999,-325.055908,353.729645,79.998901
65,3,123.389999,-380.664520,457.683838,37.797035
65,4,418.040009,-739.142395,593.229004,79.998901
65,5,197.210007,-306.925446,269.532166,-3.345650
65,6,117.919998,-352.776733,429.412384,30.163755
65,7,440.320007,420.791077,148.355820,-70.599411
65,8,436.429993,-438.246613,1115.913574,-69.268951
65,9,707.390015,1067.121582,620.648499,79.998901
65,10,294.209991,532.389893,1008.024658,79.998901
65,11,283.769989,438.272491,1098.307007,79.998901
65,12,750.799988,147.682449,1706.324829,79.998901
65,13,329.670013,-327.686218,102.609581,22.752302
65,14,125.239998,-387.534332,454.963898,58.251202
65,15,336.399994,-189.498718,30.023632,79.998901
65,16,283.700012,-583.312317,550.258301,79.998901
66,1,484.309998,-389.727112,-12.132604,-85.644875
66,2,136.389999,-325.055908,353.729645,79.998901
66,3,123.389999,-380.664520,457.683838,37.797035
66,4,418.040009,-739.142395,593.229004,79.998901
66,5,197.210007,-306.925446,269.532166,-3.345650
66,6,117.919998,-352.776733,429.412384,30.163755
66,7,440.320007,420.791077,148.355820,-70.599411
66,8,436.429993,-438.246613,1115.913574,-69.268951
66,9,707.390015,1067.121582,620.648499,79.998901
66,10,294.209991,532.389893,1008.024658,79.998901
66,11,283.769989,438.272491,1098.307007,79.998901
66,12,750.799988,147.682449,1706.324829,79.998901
66,13,329.670013,-327.686218,102.609581,22.752302
66,14,125.239998,-387.534332,454.963898,58.251202
66,15,336.399994,-189.498718,30.023632,79.998901
66,16,283.700012,-583.312317,550.258301,79.998901
67,1,456.720001,-405.199402,55.304527,-76.208542
67,2,176.039993,-363.765259,370.133087,79.998901
67,3,139.250000,-396.109558,497.067261,32.372597
67,4,346.470001,-660.921570,668.496643,79.998901
67,5,365.660004,-439.475769,215.117569,-74.535698
67,6,158.360001,-384.592102,449.181183,13.073071
67,7,447.609985,403.984497,140.023849,-73.092728
67,8,430.230011,-396.792328,1157.629761,-67.148430
67,9,697.840027,1063.405640,578.837097,79.998901
67,10,348.369995,604.696350,1030.437378,79.998901
67,11,335.399994,514.110718,1124.578125,79.998901
67,12,811.250000,231.879410,1776.003540,79.998901
67,13,302.660004,-336.107849,166.737778,27.442541
67,14,139.929993,-402.713715,494.895905,55.700314
67,15,388.250000,-247.544617,21.959421,79.998901
67,16,235.110001,-534.091675,625.293579,79.998901
68,1,456.720001,-405.199402,55.304527,-76.208542
68,2,176.039993,-363.765259,370.133087,79.998901
68,3,139.250000,-396.109558,497.067261,32.372597
68,4,346.470001,-660.921570,668.496643,79.998901
68,5,365.660004,-439.475769,215.117569,-74.535698
68,6,158.360001,-384.592102,449.181183,13.073071
68,7,447.609985,403.984497,140.023849,-73.092728
68,8,430.230011,-396.792328,1157.629761,-67.148430
68,9,697.840027,1063.405640,578.837097,79.998901
68,10,348.369995,604.696350,1030.437378,79.998901
68,11,335.399994,514.110718,1124.578125,79.998901
68,12,811.250000,231.879410,1776.003540,79.998901
68,13,302.660004,-336.107849,166.737778,27.442541
68,14,139.929993,-402.713715,494.895905,55.700314
68,15,388.250000,-247.544617,21.959421,79.998901
68,16,235.110001,-534.091675,625.293579,79.998901
69,1,456.720001,-405.199402,55.304527,-76.208542
69,2,176.039993,-363.765259,370.133087,79.998901
69,3,139.250000,-396.109558,497.067261,32.372597
69,4,346.470001,-660.921570,668.496643,79.998901
69,5,365.660004,-439.475769,215.117569,-74.535698
69,6,158.360001,-384.592102,449.181183,13.073071
69,7,447.609985,403.984497,140.023849,-73.092728
69,8,430.230011,-396.792328,1157.629761,-67.148430
69,9,697.840027,1063.405640,578.837097,79.998901
69,10,348.369995,604.696350,1030.437378,79.998901
69,11,335.399994,514.110718,1124.578125,79.998901
69,12,811.250000,231.879410,1776.003540,79.998901
69,13,302.660004,-336.107849,166.737778,27.442541
69,14,139.929993,-402.713715,494.895905,55.700314
69,15,388.250000,-247.544617,21.959421,79.998901
69,16,235.110001,-534.091675,625.293579,79.998901
70,1,456.720001,-405.199402,55.304527,-76.208542
70,2,176.039993,-363.765259,370.133087,79.998901
70,3,139.250000,-396.109558,497.067261,32.372597
70,4,346.470001,-660.921570,668.496643,79.998901
70,5,365.660004,-439.475769,215.117569,-74.535698
70,6,158.360001,-384.592102,449.181183,13.073071
70,7,447.609985,403.984497,140.023849,-73.092728
70,8,430.230011,-396.792328,1157.629761,-67.148430
70,9,697.840027,1063.405640,578.837097,79.998901
70,10,348.369995,604.696350,1030.437378,79.998901
70,11,335.399994,514.110718,1124.578125,79.998901
70,12,811.250000,231.879410,1776.003540,79.998901
70,13,302.660004,-336.107849,166.737778,27.442541
70,14,139.929993,-402.713715,494.895905,55.700314
70,15,388.250000,-247.544617,21.959421,79.998901
70,16,235.110001,-534.091675,625.293579,79.998901
71,1,456.720001,-405.199402,55.304527,-76.208542
71,2,176.039993,-363.765259,370.133087,79.998901
71,3,139.250000,-396.109558,497.067261,32.372597
71,4,346.470001,-660.921570,668.496643,79.998901
71,5,365.660004,-439.475769,215.117569,-74.535698
71,6,158.360001,-384.592102,449.181183,13.073071
71,7,447.609985,403.984497,140.023849,-73.092728
71,8,430.230011,-396.792328,1157.629761,-67.148430
71,9,697.840027,1063.405640,578.837097,79.998901
71,10,348.369995,604.696350,1030.437378,79.998901
71,11,335.399994,514.110718,1124.578125,79.998901
71,12,811.250000,231.879410,1776.003540,79.998901
71,13,302.660004,-336.107849,166.737778,27.442541
71,14,139.929993,-402.713715,494.895905,55.700314
71,15,388.250000,-247.544617,21.959421,79.998901
71,16,235.110001,-534.091675,625.293579,79.998901
72,1,456.720001,-405.199402,55.304527,-76.208542
72,2,176.039993,-363.765259,370.133087,79.998901
72,3,139.250000,-396.109558,497.067261,32.372597
72,4,346.470001,-660.921570,668.496643,79.998901
72,5,365.660004,-439.475769,215.117569,-74.535698
72,6,158.360001,-384.592102,449.181183,13.073071
72,7,447.609985,403.984497,140.023849,-73.092728
72,8,430.230011,-396.792328,1157.629761,-67.148430
72,9,697.840027,1063.405640,578.837097,79.998901
72,10,348.369995,604.696350,1030.437378,79.998901
72,11,335.399994,514.110718,1124.578125,79.998901
72,12,811.250000,231.879410,1776.003540,79.998901
72,13,302.660004,-336.107849,166.737778,27.442541
72,14,139.929993,-402.713715,494.895905,55.700314
72,15,388.250000,-247.544617,21.959421,79.998901
72,16,235.110001,-534.091675,625.293579,79.998901
73,1,456.720001,-405.199402,55.304527,-76.208542
73,2,176.039993,-363.765259,370.133087,79.998901
73,3,139.250000,-396.109558,497.067261,32.372597
73,4,346.470001,-660.921570,668.496643,79.998901
73,5,365.660004,-439.475769,215.117569,-74.535698
73,6,158.360001,-384.592102,449.181183,13.073071
73,7,447.609985,403.984497,140.023849,-73.092728
73,8,430.230011,-396.792328,1157.629761,-67.148430
73,9,697.840027,1063.405640,578.837097,79.998901
73,10,348.369995,604.696350,1030.437378,79.998901
73,11,335.399994,514.110718,1124.578125,79.998901
73,12,811.250000,231.879410,1776.003540,79.998901
73,13,302.660004,-336.107849,166.737778,27.442541
73,14,139.929993,-402.713715,494.895905,55.700314
73,15,388.250000,-247.544617,21.959421,79.998901
73,16,235.110001,-534.091675,625.293579,79.998901
74,1,456.720001,-405.199402,55.304527,-76.208542
74,2,176.039993,-363.765259,370.133087,79.998901
74,3,139.250000,-396.109558,497.067261,32.372597
74,4,346.470001,-660.921570,668.496643,79.998901
74,5,365.660004,-439.475769,215.117569,-74.535698
74,6,158.360001,-384.592102,449.181183,13.073071
74,7,447.609985,403.984497,140.023849,-73.092728
74,8,430.230011,-396.792328,1157.629761,-67.148430
74,9,697.840027,1063.405640,578.837097,79.998901
74,10,348.369995,604.696350,1030.437378,79.998901
74,11,335.399994,514.110718,1124.578125,79.998901
74,12,811.250000,231.879410,1776.003540,79.998901
74,13,302.660004,-336.107849,166.737778,27.442541
74,14,139.929993,-402.713715,494.895905,55.700314
74,15,388.250000,-247.544617,21.959421,79.998901
74,16,235.110001,-534.091675,625.293579,79.998901
75,1,456.720001,-405.199402,55.304527,-76.208542
75,2,176.039993,-363.765259,370.133087,79.998901
75,3,139.250000,-396.109558,497.067261,32.372597
75,4,346.470001,-660.921570,668.496643,79.998901
75,5,365.660004,-439.475769,215.117569,-74.535698
75,6,158.360001,-384.592102,449.181183,13.073071
75,7,447.609985,403.984497,140.023849,-73.092728
75,8,430.230011,-396.792328,1157.629761,-67.148430
75,9,697.840027,1063.405640,578.837097,79.998901
75,10,348.369995,604.696350,1030.437378,79.998901
75,11,335.399994,514.110718,1124.578125,79.998901
75,12,811.250000,231.879410,1776.003540,79.998901
75,13,302.660004,-336.107849,166.737778,27.442541
75,14,139.929993,-402.713715,494.895905,55.700314
75,15,388.250000,-247.544617,21.959421,79.998901
75,16,235.110001,-534.091675,625.293579,79.998901
76,1,456.720001,-405.199402,55.304527,-76.208542
76,2,176.039993,-363.765259,370.133087,79.998901
76,3,139.250000,-396.109558,497.067261,32.372597
76,4,346.470001,-660.921570,668.496643,79.998901
76,5,365.660004,-439.475769,215.117569,-74.535698
76,6,158.360001,-384.592102,449.181183,13.073071
76,7,447.609985,403.984497,140.023849,-73.092728
76,8,430.230011,-396.792328,1157.629761,-67.148430
76,9,697.840027,1063.405640,578.837097,79.998901
76,10,348.369995,604.696350,1030.437378,79.998901
76,11,335.399994,514.110718,1124.578125,79.998901
76,12,811.250000,231.879410,1776.003540,79.998901
76,13,302.660004,-336.107849,166.737778,27.442541
76,14,139.929993,-402.713715,494.895905,55.700314
76,15,388.250000,-247.544617,21.959421,79.998901
76,16,235.110001,-534.091675,625.293579,79.998901
77,1,456.720001,-405.199402,55.304527,-76.208542
77,2,176.039993,-363.765259,370.133087,79.998901
77,3,139.250000,-396.109558,497.067261,32.372597
77,4,346.470001,-660.921570,668.496643,79.998901
77,5,365.660004,-439.475769,215.117569,-74.535698
77,6,158.360001,-384.592102,449.181183,13.073071
77,7,447.609985,403.984497,140.023849,-73.092728
77,8,430.230011,-396.792328,1157.629761,-67.148430
77,9,697.840027,1063.405640,578.837097,79.998901
77,10,348.369995,604.696350,1030.437378,79.998901
77,11,335.399994,514.110718,1124.578125,79.998901
77,12,811.250000,231.879410,1776.003540,79.998901
77,13,302.660004,-336.107849,166.737778,27.442541
77,14,139.929993,-402.713715,494.895905,55.700314
77,15,388.250000,-247.544617,21.959421,79.998901
77,16,235.110001,-534.091675,625.293579,79.998901
78,1,456.720001,-405.199402,55.304527,-76.208542
78,2,176.039993,-363.765259,370.133087,79.998901
78,3,139.250000,-396.109558,497.067261,32.372597
78,4,346.470001,-660.921570,668.496643,79.998901
78,5,365.660004,-439.475769,215.117569,-74.535698
78,6,158.360001,-384.592102,449.181183,13.073071
78,7,447.609985,403.984497,140.023849,-73.092728
78,8,430.230011,-396.792328,1157.629761,-67.148430
78,9,697.840027,1063.405640,578.837097,79.998901
78,10,348.369995,604.696350,1030.437378,79.998901
78,11,335.399994,514.110718,1124.578125,79.998901
78,12,811.250000,231.879410,1776.003540,79.998901
78,13,302.660004,-336.107849,166.737778,27.442541
78,14,139.929993,-402.713715,494.895905,55.700314
78,15,388.250000,-247.544617,21.959421,79.998901
78,16,235.110001,-534.091675,625.293579,79.998901
79,1,456.720001,-405.199402,55.304527,-76.208542
79,2,176.039993,-363.765259,370.133087,79.998901
79,3,139.250000,-396.109558,497.067261,32.372597
79,4,346.470001,-660.921570,668.496643,79.998901
79,5,365.660004,-439.475769,215.117569,-74.535698
79,6,158.360001,-384.592102,449.181183,13.073071
79,7,447.609985,403.984497,140.023849,-73.092728
79,8,430.230011,-396.792328,1157.629761,-67.148430
79,9,697.840027,1063.405640,578.837097,79.998901
79,10,348.369995,604.696350,1030.437378,79.998901
79,11,335.399994,514.110718,1124.578125,79.998901
79,12,811.250000,231.879410,1776.003540,79.998901
79,13,302.660004,-336.107849,166.737778,27.442541
79,14,139.929993,-402.713715,494.895905,55.700314
79,15,388.250000,-247.544617,21.959421,79.998901
79,16,235.110001,-534.091675,625.293579,79.998901
80,1,440.329987,-428.742096,138.020660,-70.602821
80,2,281.489990,-457.489197,377.966919,79.998901
80,3,172.729996,-421.040253,557.793457,20.921762
80,4,300.739990,-593.615112,761.387207,79.998901
80,5,403.470001,-486.859131,269.116791,-90.514893
80,6,220.080002,-429.916840,485.640717,-13.010928
80,7,439.420013,371.306427,145.999832,-70.291595
80,8,456.779999,-347.179993,1243.962280,-76.229057
80,9,715.900024,1088.610474,517.092773,79.998901
80,10,271.230011,588.525269,966.853149,79.998901
80,11,267.720001,514.404968,1073.710571,79.998901
80,12,804.909973,344.822876,1778.244873,79.998901
80,13,365.440002,-396.462677,181.169418,16.540909
80,14,172.679993,-428.579163,556.025208,50.013332
80,15,454.450012,-327.943817,29.378880,79.998901
80,16,219.710007,-502.062439,709.551880,79.998901
81,1,440.329987,-428.742096,138.020660,-70.602821
81,2,281.489990,-457.489197,377.966919,79.998901
81,3,172.729996,-421.040253,557.793457,20.921762
81,4,300.739990,-593.615112,761.387207,79.998901
81,5,403.470001,-486.859131,269.116791,-90.514893
81,6,220.080002,-429.916840,485.640717,-13.010928
81,7,439.420013,371.306427,145.999832,-70.291595
81,8,456.779999,-347.179993,1243.962280,-76.229057
81,9,715.900024,1088.610474,517.092773,79.998901
81,10,271.230011,588.525269,966.853149,79.998901
81,11,267.720001,514.404968,1073.710571,79.998901
81,12,804.909973,344.822876,1778.244873,79.998901
81,13,365.440002,-396.462677,181.169418,16.540909
81,14,172.679993,-428.579163,556.025208,50.013332
81,15,454.450012,-327.943817,29.378880,79.998901
81,16,219.710007,-502.062439,709.551880,79.998901
82,1,440.329987,-428.742096,138.020660,-70.602821
82,2,281.489990,-457.489197,377.966919,79.998901
82,3,172.729996,-421.040253,557.793457,20.921762
82,4,300.739990,-593.615112,761.387207,79.998901
82,5,403.470001,-486.859131,269.116791,-90.514893
82,6,220.080002,-429.916840,485.640717,-13.010928
82,7,439.420013,371.306427,145.999832,-70.291595
82,8,456.779999,-347.179993,1243.962280,-76.229057
82,9,715.900024,1088.610474,517.092773,79.998901
82,10,271.230011,588.525269,966.853149,79.998901
82,11,267.720001,514.404968,1073.710571,79.998901
82,12,804.909973,344.822876,1778.244873,79.998901
82,13,365.440002,-396.462677,181.169418,16.540909
82,14,172.679993,-428.579163,556.025208,50.013332
82,15,454.450012,-327.943817,29.378880,79.998901
82,16,219.710007,-502.062439,709.551880,79.998901
83,1,440.329987,-428.742096,138.020660,-70.602821
83,2,281.489990,-457.489197,377.966919,79.998901
83,3,172.729996,-421.040253,557.793457,20.921762
83,4,300.739990,-593.615112,761.387207,79.998901
83,5,403.470001,-486.859131,269.116791,-90.514893
83,6,220.080002,-429.916840,485.640717,-13.010928
83,7,439.420013,371.306427,145.999832,-70.291595
83,8,456.779999,-347.179993,1243.962280,-76.229057
83,9,715.900024,1088.610474,517.092773,79.998901
83,10,271.230011,588.525269,966.853149,79.998901
83,11,267.720001,514.404968,1073.710571,79.998901
83,12,804.909973,344.822876,1778.244873,79.998901
83,13,365.440002,-396.462677,181.169418,16.540909
83,14,172.679993,-428.579163,556.025208,50.013332
83,15,454.450012,-327.943817,29.378880,79.998901
83,16,219.710007,-502.062439,709.551880,79.998901
84,1,440.329987,-428.742096,138.020660,-70.602821
84,2,281.489990,-457.489197,377.966919,79.998901
84,3,172.729996,-421.040253,557.793457,20.921762
84,4,300.739990,-593.615112,761.387207,79.998901
84,5,403.470001,-486.859131,269.116791,-90.514893
84,6,220.080002,-429.916840,485.640717,-13.010928
84,7,439.420013,371.306427,145.999832,-70.291595
84,8,456.779999,-347.179993,1243.962280,-76.229057
84,9,715.900024,1088.610474,517.092773,79.998901
84,10,271.230011,588.525269,966.853149,79.998901
84,11,267.720001,514.404968,1073.710571,79.998901
84,12,804.909973,344.822876,1778.244873,79.998901
84,13,365.440002,-396.462677,181.169418,16.540909
84,14,172.679993,-428.579163,556.025208,50.013332
84,15,454.450012,-327.943817,29.378880,79.998901
84,16,219.710007,-502.062439,709.551880,79.998901
85,1,440.329987,-428.742096,138.020660,-70.602821
85,2,281.489990,-457.489197,377.966919,79.998901
85,3,172.729996,-421.040253,557.793457,20.921762
85,4,300.739990,-593.615112,761.387207,79.998901
85,5,403.470001,-486.859131,269.116791,-90.514893
85,6,220.080002,-429.916840,485.640717,-13.010928
85,7,439.420013,371.306427,145.999832,-70.291595
85,8,456.779999,-347.179993,1243.962280,-76.229057
85,9,715.900024,1088.610474,517.092773,79.998901
85,10,271.230011,588.525269,966.853149,79.998901
85,11,267.720001,514.404968,1073.710571,79.998901
85,12,804.909973,344.822876,1778.244873,79.998901
85,13,365.440002,-396.462677,181.169418,16.540909
85,14,172.679993,-428.579163,556.025208,50.013332
85,15,454.450012,-327.943817,29.378880,79.998901
85,16,219.710007,-502.062439,709.551880,79.998901
86,1,440.329987,-428.742096,138.020660,-70.602821
86,2,281.489990,-457.489197,377.966919,79.998901
86,3,172.729996,-421.040253,557.793457,20.921762
86,4,300.739990,-593.615112,761.387207,79.998901
86,5,403.470001,-486.859131,269.116791,-90.514893
86,6,220.080002,-429.916840,485.640717,-13.010928
86,7,439.420013,371.306427,145.999832,-70.291595
86,8,456.779999,-347.179993,1243.962280,-76.229057
86,9,715.900024,1088.610474,517.092773,79.998901
86,10,271.230011,588.525269,966.853149,79.998901
86,11,267.720001,514.404968,1073.710571,79.998901
86,12,804.909973,344.822876,1778.244873,79.998901
86,13,365.440002,-396.462677,181.169418,16.540909
86,14,172.679993,-428.579163,556.025208,50.013332
86,15,454.450012,-327.943817,29.378880,79.998901
86,16,219.710007,-502.062439,709.551880,79.998901
87,1,440.329987,-428.742096,138.020660,-70.602821
87,2,281.489990,-457.489197,377.966919,79.998901
87,3,172.729996,-421.040253,557.793457,20.921762
87,4,300.739990,-593.615112,761.387207,79.998901
87,5,403.470001,-486.859131,269.116791,-90.514893
87,6,220.080002,-429.916840,485.640717,-13.010928
87,7,439.420013,371.306427,145.999832,-70.291595
87,8,456.779999,-347.179993,1243.962280,-76.229057
87,9,715.900024,1088.610474,517.092773,79.998901
87,10,271.230011,588.525269,966.853149,79.998901
87,11,267.720001,514.404968,1073.710571,79.998901
87,12,804.909973,344.822876,1778.244873,79.998901
87,13,365.440002,-396.462677,181.169418,16.540909
87,14,172.679993,-428.579163,556.025208,50.013332
87,15,454.450012,-327.943817,29.378880,79.998901
87,16,219.710007,-502.062439,709.551880,79.998901
88,1,440.329987,-428.742096,138.020660,-70.602821
88,2,281.489990,-457.489197,377.966919,79.998901
88,3,172.729996,-421.040253,557.793457,20.921762
88,4,300.739990,-593.615112,761.387207,79.998901
88,5,403.470001,-486.859131,269.116791,-90.514893
88,6,220.080002,-429.916840,485.640717,-13.010928
88,7,439.420013,371.306427,145.999832,-70.291595
88,8,456.779999,-347.179993,1243.962280,-76.229057
88,9,715.900024,1088.610474,517.092773,79.998901
88,10,271.230011,588.525269,966.853149,79.998901
88,11,267.720001,514.404968,1073.710571,79.998901
88,12,804.909973,344.822876,1778.244873,79.998901
88,13,365.440002,-396.462677,181.169418,16.540909
88,14,172.679993,-428.579163,556.025208,50.013332
88,15,454.450012,-327.943817,29.378880,79.998901
88,16,219.710007,-502.062439,709.551880,79.998901
89,1,440.329987,-428.742096,138.020660,-70.602821
89,2,281.489990,-457.489197,377.966919,79.998901
89,3,172.729996,-421.040253,557.793457,20.921762
89,4,300.739990,-593.615112,761.387207,79.998901
89,5,403.470001,-486.859131,269.116791,-90.514893
89,6,220.080002,-429.916840,485.640717,-13.010928
89,7,439.420013,371.306427,145.999832,-70.291595
89,8,456.779999,-347.179993,1243.962280,-76.229057
89,9,715.900024,1088.610474,517.092773,79.998901
89,10,271.230011,588.525269,966.853149,79.998901
89,11,267.720001,514.404968,1073.710571,79.998901
89,12,804.909973,344.822876,1778.244873,79.998901
89,13,365.440002,-396.462677,181.169418,16.540909
89,14,172.679993,-428.579163,556.025208,50.013332
89,15,454.450012,-327.943817,29.378880,79.998901
89,16,219.710007,-502.062439,709.551880,79.998901
90,1,493.529999,-486.007416,180.531769,-98.795898
90,2,380.660004,-545.377991,413.109619,70.001297
90,3,237.750000,-464.232239,626.385498,-11.313989
90,4,252.800003,-507.656158,851.921143,70.001297
90,5,394.290009,-489.971680,357.444641,-96.632858
90,6,278.790009,-466.699554,538.872314,-47.820450
90,7,448.100006,348.489807,140.089981,-83.257927
90,8,447.510010,-259.168243,1302.432983,-83.056137
90,9,724.520020,1103.222778,444.792480,70.001297
90,10,289.029999,656.768799,951.303833,70.001297
90,11,284.700012,592.703064,1064.504272,70.001297
90,12,838.099976,490.280853,1805.043335,70.001297
90,13,474.339996,-488.277924,178.045227,-12.366976
90,14,234.279999,-471.476898,625.418823,29.319006
90,15,559.739990,-440.085968,28.220648,70.001297
90,16,229.779999,-479.324066,791.210022,70.001297
91,1,493.529999,-486.007416,180.531769,-98.795898
91,2,380.660004,-545.377991,413.109619,70.001297
91,3,237.750000,-464.232239,626.385498,-11.313989
91,4,252.800003,-507.656158,851.921143,70.001297
91,5,394.290009,-489.971680,357.444641,-96.632858
91,6,278.790009,-466.699554,538.872314,-47.820450
91,7,448.100006,348.489807,140.089981,-83.257927
91,8,447.510010,-259.168243,1302.432983,-83.056137
91,9,724.520020,1103.222778,444.792480,70.001297
91,10,289.029999,656.768799,951.303833,70.001297
91,11,284.700012,592.703064,1064.504272,70.001297
91,12,838.099976,490.280853,1805.043335,70.001297
91,13,474.339996,-488.277924,178.045227,-12.366976
91,14,234.279999,-471.476898,625.418823,29.319006
91,15,559.739990,-440.085968,28.220648,70.001297
91,16,229.779999,-479.324066,791.210022,70.001297
92,1,493.529999,-486.007416,180.531769,-98.795898
92,2,380.660004,-545.377991,413.109619,70.001297
92,3,237.750000,-464.232239,626.385498,-11.313989
92,4,252.800003,-507.656158,851.921143,70.001297
92,5,394.290009,-489.971680,357.444641,-96.632858
92,6,278.790009,-466.699554,538.872314,-47.820450
92,7,448.100006,348.489807,140.089981,-83.257927
92,8,447.510010,-259.168243,1302.432983,-83.056137
92,9,724.520020,1103.222778,444.792480,70.001297
92,10,289.029999,656.768799,951.303833,70.001297
92,11,284.700012,592.703064,1064.504272,70.001297
92,12,838.099976,490.280853,1805.043335,70.001297
92,13,474.339996,-488.277924,178.045227,-12.366976
92,14,234.279999,-471.476898,625.418823,29.319006
92,15,559.739990,-440.085968,28.220648,70.001297
92,16,229.779999,-479.324066,791.210022,70.001297
93,1,493.529999,-486.007416,180.531769,-98.795898
93,2,380.660004,-545.377991,413.109619,70.001297
93,3,237.750000,-464.232239,626.385498,-11.313989
93,4,252.800003,-507.656158,851.921143,70.001297
93,5,394.290009,-489.971680,357.444641,-96.632858
93,6,278.790009,-466.699554,538.872314,-47.820450
93,7,448.100006,348.489807,140.089981,-83.257927
93,8,447.510010,-259.168243,1302.432983,-83.056137
93,9,724.520020,1103.222778,444.792480,70.001297
93,10,289.029999,656.768799,951.303833,70.001297
93,11,284.700012,592.703064,1064.504272,70.001297
93,12,838.099976,490.280853,1805.043335,70.001297
93,13,474.339996,-488.277924,178.045227,-12.366976
93,14,234.279999,-471.476898,625.418823,29.319006
93,15,559.739990,-440.085968,28.220648,70.001297
93,16,229.779999,-479.324066,791.210022,70.001297
94,1,493.529999,-486.007416,180.531769,-98.795898
94,2,380.660004,-545.377991,413.109619,70.001297
94,3,237.750000,-464.232239,626.385498,-11.313989
94,4,252.800003,-507.656158,851.921143,70.001297
94,5,394.290009,-489.971680,357.444641,-96.632858
94,6,278.790009,-466.699554,538.872314,-47.820450
94,7,448.100006,348.489807,140.089981,-83.257927
94,8,447.510010,-259.168243,1302.432983,-83.056137
94,9,724.520020,1103.222778,444.792480,70.001297
94,10,289.029999,656.768799,951.303833,70.001297
94,11,284.700012,592.703064,1064.504272,70.001297
94,12,838.099976,490.280853,1805.043335,70.001297
94,13,474.339996,-488.277924,178.045227,-12.366976
94,14,234.279999,-471.476898,625.418823,29.319006
94,15,559.739990,-440.085968,28.220648,70.001297
94,16,229.779999,-479.324066,791.210022,70.001297
95,1,493.529999,-486.007416,180.531769,-98.795898
95,2,380.660004,-545.377991,413.109619,70.001297
95,3,237.750000,-464.232239,626.385498,-11.313989
95,4,252.800003,-507.656158,851.921143,70.001297
95,5,394.290009,-489.971680,357.444641,-96.632858
95,6,278.790009,-466.699554,538.872314,-47.820450
95,7,448.100006,348.489807,140.089981,-83.257927
95,8,447.510010,-259.168243,1302.432983,-83.056137
95,9,724.520020,1103.222778,444.792480,70.001297
95,10,289.029999,656.768799,951.303833,70.001297
95,11,284.700012,592.703064,1064.504272,70.001297
95,12,838.099976,490.280853,1805.043335,70.001297
95,13,474.339996,-488.277924,178.045227,-12.366976
95,14,234.279999,-471.476898,625.418823,29.319006
95,15,559.739990,-440.085968,28.220648,70.001297
95,16,229.779999,-479.324066,791.210022,70.001297
96,1,493.529999,-486.007416,180.531769,-98.795898
96,2,380.660004,-545.377991,413.109619,70.001297
96,3,237.750000,-464.232239,626.385498,-11.313989
96,4,252.800003,-507.656158,851.921143,70.001297
96,5,394.290009,-489.971680,357.444641,-96.632858
96,6,278.790009,-466.699554,538.872314,-47.820450
96,7,448.100006,348.489807,140.089981,-83.257927
96,8,447.510010,-259.168243,1302.432983,-83.056137
96,9,724.520020,1103.222778,444.792480,70.001297
96,10,289.029999,656.768799,951.303833,70.001297
96,11,284.700012,592.703064,1064.504272,70.001297
96,12,838.099976,490.280853,1805.043335,70.001297
96,13,474.339996,-488.277924,178.045227,-12.366976
96,14,234.279999,-471.476898,625.418823,29.319006
96,15,559.739990,-440.085968,28.220648,70.001297
96,16,229.779999,-479.324066,791.210022,70.001297
97,1,493.529999,-486.007416,180.531769,-98.795898
97,2,380.660004,-545.377991,413.109619,70.001297
97,3,237.750000,-464.232239,626.385498,-11.313989
97,4,252.800003,-507.656158,851.921143,70.001297
97,5,394.290009,-489.971680,357.444641,-96.632858
97,6,278.790009,-466.699554,538.872314,-47.820450
97,7,448.100006,348.489807,140.089981,-83.257927
97,8,447.510010,-259.168243,1302.432983,-83.056137
97,9,724.520020,1103.222778,444.792480,70.001297
97,10,289.029999,656.768799,951.303833,70.001297
97,11,284.700012,592.703064,1064.504272,70.001297
97,12,838.099976,490.280853,1805.043335,70.001297
97,13,474.339996,-488.277924,178.045227,-12.366976
97,14,234.279999,-471.476898,625.418823,29.319006
97,15,559.739990,-440.085968,28.220648,70.001297
97,16,229.779999,-479.324066,791.210022,70.001297
98,1,493.529999,-486.007416,180.531769,-98.795898
98,2,380.660004,-545.377991,413.109619,70.001297
98,3,237.750000,-464.232239,626.385498,-11.313989
98,4,252.800003,-507.656158,851.921143,70.001297
98,5,394.290009,-489.971680,357.444641,-96.632858
98,6,278.790009,-466.699554,538.872314,-47.820450
98,7,448.100006,348.489807,140.089981,-83.257927
98,8,447.510010,-259.168243,1302.432983,-83.056137
98,9,724.520020,1103.222778,444.792480,70.001297
98,10,289.029999,656.768799,951.303833,70.001297
98,11,284.700012,592.703064,1064.504272,70.001297
98,12,838.099976,490.280853,1805.043335,70.001297
98,13,474.339996,-488.277924,178.045227,-12.366976
98,14,234.279999,-471.476898,625.418823,29.319006
98,15,559.739990,-440.085968,28.220648,70.001297
98,16,229.779999,-479.324066,791.210022,70.001297
99,1,493.529999,-486.007416,180.531769,-98.795898
99,2,380.660004,-545.377991,413.109619,70.001297
99,3,237.750000,-464.232239,626.385498,-11.313989
99,4,252.800003,-507.656158,851.921143,70.001297
99,5,394.290009,-489.971680,357.444641,-96.632858
99,6,278.790009,-466.699554,538.872314,-47.820450
99,7,448.100006,348.489807,140.089981,-83.257927
99,8,447.510010,-259.168243,1302.432983,-83.056137
99,9,724.520020,1103.222778,444.792480,70.001297
99,10,289.029999,656.768799,951.303833,70.001297
99,11,284.700012,592.703064,1064.504272,70.001297
99,12,838.099976,490.280853,1805.043335,70.001297
99,13,474.339996,-488.277924,178.045227,-12.366976
99,14,234.279999,-471.476898,625.418823,29.319006
99,15,559.739990,-440.085968,28.220648,70.001297
99,16,229.779999,-479.324066,791.210022,70.001297
100,1,493.529999,-486.007416,180.531769,-98.795898
100,2,380.660004,-545.377991,413.109619,70.001297
100,3,237.750000,-464.232239,626.385498,-11.313989
100,4,252.800003,-507.656158,851.921143,70.001297
100,5,394.290009,-489.971680,357.444641,-96.632858
100,6,278.790009,-466.699554,538.872314,-47.820450
100,7,448.100006,348.489807,140.089981,-83.257927
100,8,447.510010,-259.168243,1302.432983,-83.056137
100,9,724.520020,1103.222778,444.792480,70.001297
100,10,289.029999,656.768799,951.303833,70.001297
100,11,284.700012,592.703064,1064.504272,70.001297
100,12,838.099976,490.280853,1805.043335,70.001297
100,13,474.339996,-488.277924,178.045227,-12.366976
100,14,234.279999,-471.476898,625.418823,29.319006
100,15,559.739990,-440.085968,28.220648,70.001297
100,16,229.779999,-479.324066,791.210022,70.001297
101,1,493.529999,-486.007416,180.531769,-98.795898
101,2,380.660004,-545.377991,413.109619,70.001297
101,3,237.750000,-464.232239,626.385498,-11.313989
101,4,252.800003,-507.656158,851.921143,70.001297
101,5,394.290009,-489.971680,357.444641,-96.632858
101,6,278.790009,-466.699554,538.872314,-47.820450
101,7,448.100006,348.489807,140.089981,-83.257927
101,8,447.510010,-259.168243,1302.432983,-83.056137
101,9,724.520020,1103.222778,444.792480,70.001297
101,10,289.029999,656.768799,951.303833,70.001297
101,11,284.700012,592.703064,1064.504272,70.001297
101,12,838.099976,490.280853,1805.043335,70.001297
101,13,474.339996,-488.277924,178.045227,-12.366976
101,14,234.279999,-471.476898,625.418823,29.319006
101,15,559.739990,-440.085968,28.220648,70.001297
101,16,229.779999,-479.324066,791.210022,70.001297
102,1,493.529999,-486.007416,180.531769,-98.795898
102,2,380.660004,-545.377991,413.109619,70.001297
102,3,237.750000,-464.232239,626.385498,-11.313989
102,4,252.800003,-507.656158,851.921143,70.001297
102,5,394.290009,-489.971680,357.444641,-96.632858
102,6,278.790009,-466.699554,538.872314,-47.820450
102,7,448.100006,348.489807,140.089981,-83.257927
102,8,447.510010,-259.168243,1302.432983,-83.056137
102,9,724.520020,1103.222778,444.792480,70.001297
102,10,289.029999,656.768799,951.303833,70.001297
102,11,284.700012,592.703064,1064.504272,70.001297
102,12,838.099976,490.280853,1805.043335,70.001297
102,13,474.339996,-488.277924,178.045227,-12.366976
102,14,234.279999,-471.476898,625.418823,29.319006
102,15,559.739990,-440.085968,28.220648,70.001297
102,16,229.779999,-479.324066,791.210022,70.001297
103,1,465.690002,-487.408752,330.344513,-89.274063
103,2,441.119995,-591.298950,531.783630,70.001297
103,3,316.079987,-498.293518,752.648560,-38.104424
103,4,275.029999,-458.573364,985.601501,70.001297
103,5,372.890015,-468.888214,495.950378,-87.588829
103,6,368.970001,-516.107666,638.368591,-85.932159
103,7,444.109985,312.217957,162.408646,-81.893257
103,8,440.679993,-126.488083,1387.667236,-80.720131
103,9,704.299988,1083.967529,363.970612,70.001297
103,10,325.510010,764.676819,932.319702,70.001297
103,11,332.959991,727.868347,1057.222168,70.001297
103,12,940.789978,734.575806,1877.204468,70.001297
103,14,357.170013,-553.018555,752.935059,7.979378
103,16,278.649994,-465.688477,913.593323,70.001297
104,1,465.690002,-487.408752,330.344513,-89.274063
104,2,441.119995,-591.298950,531.783630,70.001297
104,3,316.079987,-498.293518,752.648560,-38.104424
104,4,275.029999,-458.573364,985.601501,70.001297
104,5,372.890015,-468.888214,495.950378,-87.588829
104,6,368.970001,-516.107666,638.368591,-85.932159
104,7,444.109985,312.217957,162.408646,-81.893257
104,8,440.679993,-126.488083,1387.667236,-80.720131
104,9,704.299988,1083.967529,363.970612,70.001297
104,10,325.510010,764.676819,932.319702,70.001297
104,11,332.959991,727.868347,1057.222168,70.001297
104,12,940.789978,734.575806,1877.204468,70.001297
104,14,357.170013,-553.018555,752.935059,7.979378
104,16,278.649994,-465.688477,913.593323,70.001297
105,1,465.690002,-487.408752,330.344513,-89.274063
105,2,441.119995,-591.298950,531.783630,70.001297
105,3,316.079987,-498.293518,752.648560,-38.104424
105,4,275.029999,-458.573364,985.601501,70.001297
105,5,372.890015,-468.888214,495.950378,-87.588829
105,6,368.970001,-516.107666,638.368591,-85.932159
105,7,444.109985,312.217957,162.408646,-81.893257
105,8,440.679993,-126.488083,1387.667236,-80.720131
105,9,704.299988,1083.967529,363.970612,70.001297
105,10,325.510010,764.676819,932.319702,70.001297
105,11,332.959991,727.868347,1057.222168,70.001297
105,12,940.789978,734.575806,1877.204468,70.001297
105,14,357.170013,-553.018555,752.935059,7.979378
105,16,278.649994,-465.688477,913.593323,70.001297
106,1,465.690002,-487.408752,330.344513,-89.274063
106,2,441.119995,-591.298950,531.783630,70.001297
106,3,316.079987,-498.293518,752.648560,-38.104424
106,4,275.029999,-458.573364,985.601501,70.001297
106,5,372.890015,-468.888214,495.950378,-87.588829
106,6,368.970001,-516.107666,638.368591,-85.932159
106,7,444.109985,312.217957,162.408646,-81.893257
106,8,440.679993,-126.488083,1387.667236,-80.720131
106,9,704.299988,1083.967529,363.970612,70.001297
106,10,325.510010,764.676819,932.319702,70.001297
106,11,332.959991,727.868347,1057.222168,70.001297
106,12,940.789978,734.575806,1877.204468,70.001297
106,14,357.170013,-553.018555,752.935059,7.979378
106,16,278.649994,-465.688477,913.593323,70.001297
107,1,465.690002,-487.408752,330.344513,-89.274063
107,2,441.119995,-591.298950,531.783630,70.001297
107,3,316.079987,-498.293518,752.648560,-38.104424
107,4,275.029999,-458.573364,985.601501,70.001297
107,5,372.890015,-468.888214,495.950378,-87.588829
107,6,368.970001,-516.107666,638.368591,-85.932159
107,7,444.109985,312.217957,162.408646,-81.893257
107,8,440.679993,-126.488083,1387.667236,-80.720131
107,9,704.299988,1083.967529,363.970612,70.001297
107,10,325.510010,764.676819,932.319702,70.001297
107,11,332.959991,727.868347,1057.222168,70.001297
107,12,940.789978,734.575806,1877.204468,70.001297
107,14,357.170013,-553.018555,752.935059,7.979378
107,16,278.649994,-465.688477,913.593323,70.001297
108,1,465.690002,-487.408752,330.344513,-89.274063
108,2,441.119995,-591.298950,531.783630,70.001297
108,3,316.079987,-498.293518,752.648560,-38.104424
108,4,275.029999,-458.573364,985.601501,70.001297
108,5,372.890015,-468.888214,495.950378,-87.588829
108,6,368.970001,-516.107666,638.368591,-85.932159
108,7,444.109985,312.217957,162.408646,-81.893257
108,8,440.679993,-126.488083,1387.667236,-80.720131
108,9,704.299988,1083.967529,363.970612,70.001297
108,10,325.510010,764.676819,932.319702,70.001297
108,11,332.959991,727.868347,1057.222168,70.001297
108,12,940.789978,734.575806,1877.204468,70.001297
108,14,357.170013,-553.018555,752.935059,7.979378
108,16,278.649994,-465.688477,913.593323,70.001297
109,1,465.690002,-487.408752,330.344513,-89.274063
109,2,441.119995,-591.298950,531.783630,70.001297
109,3,316.079987,-498.293518,752.648560,-38.104424
109,4,275.029999,-458.573364,985.601501,70.001297
109,5,372.890015,-468.888214,495.950378,-87.588829
109,6,368.970001,-516.107666,638.368591,-85.932159
109,7,444.109985,312.217957,162.408646,-81.893257
109,8,440.679993,-126.488083,1387.667236,-80.720131
109,9,704.299988,1083.967529,363.970612,70.001297
109,10,325.510010,764.676819,932.319702,70.001297
109,11,332.959991,727.868347,1057.222168,70.001297
109,12,940.789978,734.575806,1877.204468,70.001297
109,14,357.170013,-553.018555,752.935059,7.979378
109,16,278.649994,-465.688477,913.593323,70.001297
110,1,465.690002,-487.408752,330.344513,-89.274063
110,2,441.119995,-591.298950,531.783630,70.001297
110,3,316.079987,-498.293518,752.648560,-38.104424
110,4,275.029999,-458.573364,985.601501,70.001297
110,5,372.890015,-468.888214,495.950378,-87.588829
110,6,368.970001,-516.107666,638.368591,-85.932159
110,7,444.109985,312.217957,162.408646,-81.893257
110,8,440.679993,-126.488083,1387.667236,-80.720131
110,9,704.299988,1083.967529,363.970612,70.001297
110,10,325.510010,764.676819,932.319702,70.001297
110,11,332.959991,727.868347,1057.222168,70.001297
110,12,940.789978,734.575806,1877.204468,70.001297
110,14,357.170013,-553.018555,752.935059,7.979378
110,16,278.649994,-465.688477,913.593323,70.001297
111,1,465.690002,-487.408752,330.344513,-89.274063
111,2,441.119995,-591.298950,531.783630,70.001297
111,3,316.079987,-498.293518,752.648560,-38.104424
111,4,275.029999,-458.573364,985.601501,70.001297
111,5,372.890015,-468.888214,495.950378,-87.588829
111,6,368.970001,-516.107666,638.368591,-85.932159
111,7,444.109985,312.217957,162.408646,-81.893257
111,8,440.679993,-126.488083,1387.667236,-80.720131
111,9,704.299988,1083.967529,363.970612,70.001297
111,10,325.510010,764.676819,932.319702,70.001297
111,11,332.959991,727.868347,1057.222168,70.001297
111,12,940.789978,734.575806,1877.204468,70.001297
111,14,357.170013,-553.018555,752.935059,7.979378
111,16,278.649994,-465.688477,913.593323,70.001297
112,1,465.690002,-487.408752,330.344513,-89.274063
112,2,441.119995,-591.298950,531.783630,70.001297
112,3,316.079987,-498.293518,752.648560,-38.104424
112,4,275.029999,-458.573364,985.601501,70.001297
112,5,372.890015,-468.888214,495.950378,-87.588829
112,6,368.970001,-516.107666,638.368591,-85.932159
112,7,444.109985,312.217957,162.408646,-81.893257
112,8,440.679993,-126.488083,1387.667236,-80.720131
112,9,704.299988,1083.967529,363.970612,70.001297
112,10,325.510010,764.676819,932.319702,70.001297
112,11,332.959991,727.868347,1057.222168,70.001297
112,12,940.789978,734.575806,1877.204468,70.001297
112,14,357.170013,-553.018555,752.935059,7.979378
112,16,278.649994,-465.688477,913.593323,70.001297
113,1,465.690002,-487.408752,330.344513,-89.274063
113,2,441.119995,-591.298950,531.783630,70.001297
113,3,316.079987,-498.293518,752.648560,-38.104424
113,4,275.029999,-458.573364,985.601501,70.001297
113,5,372.890015,-468.888214,495.950378,-87.588829
113,6,368.970001,-516.107666,638.368591,-85.932159
113,7,444.109985,312.217957,162.408646,-81.893257
113,8,440.679993,-126.488083,1387.667236,-80.720131
113,9,704.299988,1083.967529,363.970612,70.001297
113,10,325.510010,764.676819,932.319702,70.001297
113,11,332.959991,727.868347,1057.222168,70.001297
113,12,940.789978,734.575806,1877.204468,70.001297
113,14,357.170013,-553.018555,752.935059,7.979378
113,16,278.649994,-465.688477,913.593323,70.001297
114,1,465.690002,-487.408752,330.344513,-89.274063
114,2,441.119995,-591.298950,531.783630,70.001297
114,3,316.079987,-498.293518,752.648560,-38.104424
114,4,275.029999,-458.573364,985.601501,70.001297
114,5,372.890015,-468.888214,495.950378,-87.588829
114,6,368.970001,-516.107666,638.368591,-85.932159
114,7,444.109985,312.217957,162.408646,-81.893257
114,8,440.679993,-126.488083,1387.667236,-80.720131
114,9,704.299988,1083.967529,363.970612,70.001297
114,10,325.510010,764.676819,932.319702,70.001297
114,11,332.959991,727.868347,1057.222168,70.001297
114,12,940.789978,734.575806,1877.204468,70.001297
114,14,357.170013,-553.018555,752.935059,7.979378
114,16,278.649994,-465.688477,913.593323,70.001297
115,1,477.390015,-509.262817,463.299408,-103.285400
115,2,570.119995,-698.693604,659.183472,59.991600
115,3,468.859985,-588.518982,910.512085,-100.367958
115,4,337.440002,-431.230286,1132.636475,59.991600
115,5,382.839996,-465.333710,628.140259,-101.803574
115,6,381.000000,-492.318085,775.702576,-101.025955
115,7,422.059998,261.231659,202.345764,-84.361420
115,8,451.670013,14.890050,1469.663452,-94.488640
115,9,690.679993,1046.631104,271.116699,59.991600
115,10,299.450012,803.314209,869.646851,59.991600
115,11,316.529999,795.275208,1000.517395,59.991600
115,14,531.369995,-670.213623,923.451233,-32.279831
115,16,348.040009,-459.366699,1047.054810,59.991600
116,1,477.390015,-509.262817,463.299408,-103.285400
116,2,570.119995,-698.693604,659.183472,59.991600
116,3,468.859985,-588.518982,910.512085,-100.367958
116,4,337.440002,-431.230286,1132.636475,59.991600
116,5,382.839996,-465.333710,628.140259,-101.803574
116,6,381.000000,-492.318085,775.702576,-101.025955
116,7,422.059998,261.231659,202.345764,-84.361420
116,8,451.670013,14.890050,1469.663452,-94.488640
116,9,690.679993,1046.631104,271.116699,59.991600
116,10,299.450012,803.314209,869.646851,59.991600
116,11,316.529999,795.275208,1000.517395,59.991600
116,14,531.369995,-670.213623,923.451233,-32.279831
116,16,348.040009,-459.366699,1047.054810,59.991600
117,1,477.390015,-509.262817,463.299408,-103.285400
117,2,570.119995,-698.693604,659.183472,59.991600
117,3,468.859985,-588.518982,910.512085,-100.367958
117,4,337.440002,-431.230286,1132.636475,59.991600
117,5,382.839996,-465.333710,628.140259,-101.803574
117,6,381.000000,-492.318085,775.702576,-101.025955
117,7,422.059998,261.231659,202.345764,-84.361420
117,8,451.670013,14.890050,1469.663452,-94.488640
117,9,690.679993,1046.631104,271.116699,59.991600
117,10,299.450012,803.314209,869.646851,59.991600
117,11,316.529999,795.275208,1000.517395,59.991600
117,14,531.369995,-670.213623,923.451233,-32.279831
117,16,348.040009,-459.366699,1047.054810,59.991600
118,1,477.390015,-509.262817,463.299408,-103.285400
118,2,570.119995,-698.693604,659.183472,59.991600
118,3,468.859985,-588.518982,910.512085,-100.367958
118,4,337.440002,-431.230286,1132.636475,59.991600
118,5,382.839996,-465.333710,628.140259,-101.803574
118,6,381.000000,-492.318085,775.702576,-101.025955
118,7,422.059998,261.231659,202.345764,-84.361420
118,8,451.670013,14.890050,1469.663452,-94.488640
118,9,690.679993,1046.631104,271.116699,59.991600
118,10,299.450012,803.314209,869.646851,59.991600
118,11,316.529999,795.275208,1000.517395,59.991600
118,14,531.369995,-670.213623,923.451233,-32.279831
118,16,348.040009,-459.366699,1047.054810,59.991600
119,1,477.390015,-509.262817,463.299408,-103.285400
119,2,570.119995,-698.693604,659.183472,59.991600
119,3,468.859985,-588.518982,910.512085,-100.367958
119,4,337.440002,-431.230286,1132.636475,59.991600
119,5,382.839996,-465.333710,628.140259,-101.803574
119,6,381.000000,-492.318085,775.702576,-101.025955
119,7,422.059998,261.231659,202.345764,-84.361420
119,8,451.670013,14.890050,1469.663452,-94.488640
119,9,690.679993,1046.631104,271.116699,59.991600
119,10,299.450012,803.314209,869.646851,59.991600
119,11,316.529999,795.275208,1000.517395,59.991600
119,14,531.369995,-670.213623,923.451233,-32.279831
119,16,348.040009,-459.366699,1047.054810,59.991600
120,1,477.390015,-509.262817,463.299408,-103.285400
120,2,570.119995,-698.693604,659.183472,59.991600
120,3,468.859985,-588.518982,910.512085,-100.367958
120,4,337.440002,-431.230286,1132.636475,59.991600
120,5,382.839996,-465.333710,628.140259,-101.803574
120,6,381.000000,-492.318085,775.702576,-101.025955
120,7,422.059998,261.231659,202.345764,-84.361420
120,8,451.670013,14.890050,1469.663452,-94.488640
120,9,690.679993,1046.631104,271.116699,59.991600
120,10,299.450012,803.314209,869.646851,59.991600
120,11,316.529999,795.275208,1000.517395,59.991600
120,14,531.369995,-670.213623,923.451233,-32.279831
120,16,348.040009,-459.366699,1047.054810,59.991600
121,1,477.390015,-509.262817,463.299408,-103.285400
121,2,570.119995,-698.693604,659.183472,59.991600
121,3,468.859985,-588.518982,910.512085,-100.367958
121,4,337.440002,-431.230286,1132.636475,59.991600
121,5,382.839996,-465.333710,628.140259,-101.803574
121,6,381.000000,-492.318085,775.702576,-101.025955
121,7,422.059998,261.231659,202.345764,-84.361420
121,8,451.670013,14.890050,1469.663452,-94.488640
121,9,690.679993,1046.631104,271.116699,59.991600
121,10,299.450012,803.314209,869.646851,59.991600
121,11,316.529999,795.275208,1000.517395,59.991600
121,14,531.369995,-670.213623,923.451233,-32.279831
121,16,348.040009,-459.366699,1047.054810,59.991600
122,1,477.390015,-509.262817,463.299408,-103.285400
122,2,570.119995,-698.693604,659.183472,59.991600
122,3,468.859985,-588.518982,910.512085,-100.367958
122,4,337.440002,-431.230286,1132.636475,59.991600
122,5,382.839996,-465.333710,628.140259,-101.803574
122,6,381.000000,-492.318085,775.702576,-101.025955
122,7,422.059998,261.231659,202.345764,-84.361420
122,8,451.670013,14.890050,1469.663452,-94.488640
122,9,690.679993,1046.631104,271.116699,59.991600
122,10,299.450012,803.314209,869.646851,59.991600
122,11,316.529999,795.275208,1000.517395,59.991600
122,14,531.369995,-670.213623,923.451233,-32.279831
122,16,348.040009,-459.366699,1047.054810,59.991600
123,1,477.390015,-509.262817,463.299408,-103.285400
123,2,570.119995,-698.693604,659.183472,59.991600
123,3,468.859985,-588.518982,910.512085,-100.367958
123,4,337.440002,-431.230286,1132.636475,59.991600
123,5,382.839996,-465.333710,628.140259,-101.803574
123,6,381.000000,-492.318085,775.702576,-101.025955
123,7,422.059998,261.231659,202.345764,-84.361420
123,8,451.670013,14.890050,1469.663452,-94.488640
123,9,690.679993,1046.631104,271.116699,59.991600
123,10,299.450012,803.314209,869.646851,59.991600
123,11,316.529999,795.275208,1000.517395,59.991600
123,14,531.369995,-670.213623,923.451233,-32.279831
123,16,348.040009,-459.366699,1047.054810,59.991600
124,1,477.390015,-509.262817,463.299408,-103.285400
124,2,570.119995,-698.693604,659.183472,59.991600
124,3,468.859985,-588.518982,910.512085,-100.367958
124,4,337.440002,-431.230286,1132.636475,59.991600
124,5,382.839996,-465.333710,628.140259,-101.803574
124,6,381.000000,-492.318085,775.702576,-101.025955
124,7,422.059998,261.231659,202.345764,-84.361420
124,8,451.670013,14.890050,1469.663452,-94.488640
124,9,690.679993,1046.631104,271.116699,59.991600
124,10,299.450012,803.314209,869.646851,59.991600
124,11,316.529999,795.275208,1000.517395,59.991600
124,14,531.369995,-670.213623,923.451233,-32.279831
124,16,348.040009,-459.366699,1047.054810,59.991600
125,1,477.390015,-509.262817,463.299408,-103.285400
125,2,570.119995,-698.693604,659.183472,59.991600
125,3,468.859985,-588.518982,910.512085,-100.367958
125,4,337.440002,-431.230286,1132.636475,59.991600
125,5,382.839996,-465.333710,628.140259,-101.803574
125,6,381.000000,-492.318085,775.702576,-101.025955
125,7,422.059998,261.231659,202.345764,-84.361420
125,8,451.670013,14.890050,1469.663452,-94.488640
125,9,690.679993,1046.631104,271.116699,59.991600
125,10,299.450012,803.314209,869.646851,59.991600
125,11,316.529999,795.275208,1000.517395,59.991600
125,14,531.369995,-670.213623,923.451233,-32.279831
125,16,348.040009,-459.366699,1047.054810,59.991600
126,1,497.929993,-527.112366,633.047424,-110.310486
126,3,494.769989,-519.410339,1102.040161,-109.229706
126,4,415.779999,-365.309784,1319.312256,59.991600
126,5,399.679993,-447.990601,792.259216,-108.920464
126,6,399.019989,-445.821686,942.244751,-108.641533
126,7,404.290009,193.553146,245.602753,-78.283730
126,8,458.570007,206.965775,1526.355713,-96.848579
126,9,674.710022,964.438904,148.737915,59.991600
126,10,278.260010,837.379639,773.797974,59.991600
126,11,299.859985,860.339783,903.564636,59.991600
126,13,981.650024,-997.625244,467.353760,-110.470139
126,14,681.239990,-712.199951,1174.505005,-58.304482
126,16,638.299988,-622.217102,1279.314575,59.991600
127,1,497.929993,-527.112366,633.047424,-110.310486
127,3,494.769989,-519.410339,1102.040161,-109.229706
127,4,415.779999,-365.309784,1319.312256,59.991600
127,5,399.679993,-447.990601,792.259216,-108.920464
127,6,399.019989,-445.821686,942.244751,-108.641533
127,7,404.290009,193.553146,245.602753,-78.283730
127,8,458.570007,206.965775,1526.355713,-96.848579
127,9,674.710022,964.438904,148.737915,59.991600
127,10,278.260010,837.379639,773.797974,59.991600
127,11,299.859985,860.339783,903.564636,59.991600
127,13,981.650024,-997.625244,467.353760,-110.470139
127,14,681.239990,-712.199951,1174.505005,-58.304482
127,16,638.299988,-622.217102,1279.314575,59.991600
128,1,497.929993,-527.112366,633.047424,-110.310486
128,3,494.769989,-519.410339,1102.040161,-109.229706
128,4,415.779999,-365.309784,1319.312256,59.991600
128,5,399.679993,-447.990601,792.259216,-108.920464
128,6,399.019989,-445.821686,942.244751,-108.641533
128,7,404.290009,193.553146,245.602753,-78.283730
128,8,458.570007,206.965775,1526.355713,-96.848579
128,9,674.710022,964.438904,148.737915,59.991600
128,10,278.260010,837.379639,773.797974,59.991600
128,11,299.859985,860.339783,903.564636,59.991600
128,13,981.650024,-997.625244,467.353760,-110.470139
128,14,681.239990,-712.199951,1174.505005,-58.304482
128,16,638.299988,-622.217102,1279.314575,59.991600
129,1,497.929993,-527.112366,633.047424,-110.310486
129,3,494.769989,-519.410339,1102.040161,-109.229706
129,4,415.779999,-365.309784,1319.312256,59.991600
129,5,399.679993,-447.990601,792.259216,-108.920464
129,6,399.019989,-445.821686,942.244751,-108.641533
129,7,404.290009,193.553146,245.602753,-78.283730
129,8,458.570007,206.965775,1526.355713,-96.848579
129,9,674.710022,964.438904,148.737915,59.991600
129,10,278.260010,837.379639,773.797974,59.991600
129,11,299.859985,860.339783,903.564636,59.991600
129,13,981.650024,-997.625244,467.353760,-110.470139
129,14,681.239990,-712.199951,1174.505005,-58.304482
129,16,638.299988,-622.217102,1279.314575,59.991600
130,1,497.929993,-527.112366,633.047424,-110.310486
130,3,494.769989,-519.410339,1102.040161,-109.229706
130,4,415.779999,-365.309784,1319.312256,59.991600
130,5,399.679993,-447.990601,792.259216,-108.920464
130,6,399.019989,-445.821686,942.244751,-108.641533
130,7,404.290009,193.553146,245.602753,-78.283730
130,8,458.570007,206.965775,1526.355713,-96.848579
130,9,674.710022,964.438904,148.737915,59.991600
130,10,278.260010,837.379639,773.797974,59.991600
130,11,299.859985,860.339783,903.564636,59.991600
130,13,981.650024,-997.625244,467.353760,-110.470139
130,14,681.239990,-712.199951,1174.505005,-58.304482
130,16,638.299988,-622.217102,1279.314575,59.991600
131,1,497.929993,-527.112366,633.047424,-110.310486
131,3,494.769989,-519.410339,1102.040161,-109.229706
131,4,415.779999,-365.309784,1319.312256,59.991600
131,5,399.679993,-447.990601,792.259216,-108.920464
131,6,399.019989,-445.821686,942.244751,-108.641533
131,7,404.290009,193.553146,245.602753,-78.283730
131,8,458.570007,206.965775,1526.355713,-96.848579
131,9,674.710022,964.438904,148.737915,59.991600
131,10,278.260010,837.379639,773.797974,59.991600
131,11,299.859985,860.339783,903.564636,59.991600
131,13,981.650024,-997.625244,467.353760,-110.470139
131,14,681.239990,-712.199951,1174.505005,-58.304482
131,16,638.299988,-622.217102,1279.314575,59.991600
132,1,497.929993,-527.112366,633.047424,-110.310486
132,3,494.769989,-519.410339,1102.040161,-109.229706
132,4,415.779999,-365.309784,1319.312256,59.991600
132,5,399.679993,-447.990601,792.259216,-108.920464
132,6,399.019989,-445.821686,942.244751,-108.641533
132,7,404.290009,193.553146,245.602753,-78.283730
132,8,458.570007,206.965775,1526.355713,-96.848579
132,9,674.710022,964.438904,148.737915,59.991600
132,10,278.260010,837.379639,773.797974,59.991600
132,11,299.859985,860.339783,903.564636,59.991600
132,13,981.650024,-997.625244,467.353760,-110.470139
132,14,681.239990,-712.199951,1174.505005,-58.304482
132,16,638.299988,-622.217102,1279.314575,59.991600
133,1,497.929993,-527.112366,633.047424,-110.310486
133,3,494.769989,-519.410339,1102.040161,-109.229706
133,4,415.779999,-365.309784,1319.312256,59.991600
133,5,399.679993,-447.990601,792.259216,-108.920464
133,6,399.019989,-445.821686,942.244751,-108.641533
133,7,404.290009,193.553146,245.602753,-78.283730
133,8,458.570007,206.965775,1526.355713,-96.848579
133,9,674.710022,964.438904,148.737915,59.991600
133,10,278.260010,837.379639,773.797974,59.991600
133,11,299.859985,860.339783,903.564636,59.991600
133,13,981.650024,-997.625244,467.353760,-110.470139
133,14,681.239990,-712.199951,1174.505005,-58.304482
133,16,638.299988,-622.217102,1279.314575,59.991600
134,1,497.929993,-527.112366,633.047424,-110.310486
134,3,494.769989,-519.410339,1102.040161,-109.229706
134,4,415.779999,-365.309784,1319.312256,59.991600
134,5,399.679993,-447.990601,792.259216,-108.920464
134,6,399.019989,-445.821686,942.244751,-108.641533
134,7,404.290009,193.553146,245.602753,-78.283730
134,8,458.570007,206.965775,1526.355713,-96.848579
134,9,674.710022,964.438904,148.737915,59.991600
134,10,278.260010,837.379639,773.797974,59.991600
134,11,299.859985,860.339783,903.564636,59.991600
134,13,981.650024,-997.625244,467.353760,-110.470139
134,14,681.239990,-712.199951,1174.505005,-58.304482
134,16,638.299988,-622.217102,1279.314575,59.991600
135,1,497.929993,-527.112366,633.047424,-110.310486
135,3,494.769989,-519.410339,1102.040161,-109.229706
135,4,415.779999,-365.309784,1319.312256,59.991600
135,5,399.679993,-447.990601,792.259216,-108.920464
135,6,399.019989,-445.821686,942.244751,-108.641533
135,7,404.290009,193.553146,245.602753,-78.283730
135,8,458.570007,206.965775,1526.355713,-96.848579
135,9,674.710022,964.438904,148.737915,59.991600
135,10,278.260010,837.379639,773.797974,59.991600
135,11,299.859985,860.339783,903.564636,59.991600
135,13,981.650024,-997.625244,467.353760,-110.470139
135,14,681.239990,-712.199951,1174.505005,-58.304482
135,16,638.299988,-622.217102,1279.314575,59.991600
136,1,497.929993,-527.112366,633.047424,-110.310486
136,3,494.769989,-519.410339,1102.040161,-109.229706
136,4,415.779999,-365.309784,1319.312256,59.991600
136,5,399.679993,-447.990601,792.259216,-108.920464
136,6,399.019989,-445.821686,942.244751,-108.641533
136,7,404.290009,193.553146,245.602753,-78.283730
136,8,458.570007,206.965775,1526.355713,-96.848579
136,9,674.710022,964.438904,148.737915,59.991600
136,10,278.260010,837.379639,773.797974,59.991600
136,11,299.859985,860.339783,903.564636,59.991600
136,13,981.650024,-997.625244,467.353760,-110.470139
136,14,681.239990,-712.199951,1174.505005,-58.304482
136,16,638.299988,-622.217102,1279.314575,59.991600
137,1,490.739990,-472.138092,847.688660,-107.851364
137,3,484.809998,-354.917877,1296.188599,-105.823181
137,4,618.280029,-308.085785,1617.735352,59.991600
137,5,393.700012,-359.734070,982.212402,-106.393211
137,6,392.559998,-322.443268,1127.506836,-105.911423
137,7,392.739990,135.024765,313.604004,-74.333389
137,8,450.070007,440.325928,1538.100098,-93.941406
137,9,641.880005,840.552979,56.754112,59.991600
137,10,321.630005,923.187805,657.190979,59.991600
137,11,356.660004,988.627075,774.854919,59.991600
137,13,965.559998,-959.201416,796.496277,-107.676132
137,14,934.109985,-739.878479,1555.847778,-102.214897
137,16,614.250000,-400.567535,1486.036255,59.991600
138,1,490.739990,-472.138092,847.688660,-107.851364
138,3,484.809998,-354.917877,1296.188599,-105.823181
138,4,618.280029,-308.085785,1617.735352,59.991600
138,5,393.700012,-359.734070,982.212402,-106.393211
138,6,392.559998,-322.443268,1127.506836,-105.911423
138,7,392.739990,135.024765,313.604004,-74.333389
138,8,450.070007,440.325928,1538.100098,-93.941406
138,9,641.880005,840.552979,56.754112,59.991600
138,10,321.630005,923.187805,657.190979,59.991600
138,11,356.660004,988.627075,774.854919,59.991600
138,13,965.559998,-959.201416,796.496277,-107.676132
138,14,934.109985,-739.878479,1555.847778,-102.214897
138,16,614.250000,-400.567535,1486.036255,59.991600
139,1,490.739990,-472.138092,847.688660,-107.851364
139,3,484.809998,-354.917877,1296.188599,-105.823181
139,4,618.280029,-308.085785,1617.735352,59.991600
139,5,393.700012,-359.734070,982.212402,-106.393211
139,6,392.559998,-322.443268,1127.506836,-105.911423
139,7,392.739990,135.024765,313.604004,-74.333389
139,8,450.070007,440.325928,1538.100098,-93.941406
139,9,641.880005,840.552979,56.754112,59.991600
139,10,321.630005,923.187805,657.190979,59.991600
139,11,356.660004,988.627075,774.854919,59.991600
139,13,965.559998,-959.201416,796.496277,-107.676132
139,14,934.109985,-739.878479,1555.847778,-102.214897
139,16,614.250000,-400.567535,1486.036255,59.991600
140,1,490.739990,-472.138092,847.688660,-107.851364
140,3,484.809998,-354.917877,1296.188599,-105.823181
140,4,618.280029,-308.085785,1617.735352,59.991600
140,5,393.700012,-359.734070,982.212402,-106.393211
140,6,392.559998,-322.443268,1127.506836,-105.911423
140,7,392.739990,135.024765,313.604004,-74.333389
140,8,450.070007,440.325928,1538.100098,-93.941406
140,9,641.880005,840.552979,56.754112,59.991600
140,10,321.630005,923.187805,657.190979,59.991600
140,11,356.660004,988.627075,774.854919,59.991600
140,13,965.559998,-959.201416,796.496277,-107.676132
140,14,934.109985,-739.878479,1555.847778,-102.214897
140,16,614.250000,-400.567535,1486.036255,59.991600
141,1,490.739990,-472.138092,847.688660,-107.851364
141,3,484.809998,-354.917877,1296.188599,-105.823181
141,4,618.280029,-308.085785,1617.735352,59.991600
141,5,393.700012,-359.734070,982.212402,-106.393211
141,6,392.559998,-322.443268,1127.506836,-105.911423
141,7,392.739990,135.024765,313.604004,-74.333389
141,8,450.070007,440.325928,1538.100098,-93.941406
141,9,641.880005,840.552979,56.754112,59.991600
141,10,321.630005,923.187805,657.190979,59.991600
141,11,356.660004,988.627075,774.854919,59.991600
141,13,965.559998,-959.201416,796.496277,-107.676132
141,14,934.109985,-739.878479,1555.847778,-102.214897
141,16,614.250000,-400.567535,1486.036255,59.991600
142,1,490.739990,-472.138092,847.688660,-107.851364
142,3,484.809998,-354.917877,1296.188599,-105.823181
142,4,618.280029,-308.085785,1617.735352,59.991600
142,5,393.700012,-359.734070,982.212402,-106.393211
142,6,392.559998,-322.443268,1127.506836,-105.911423
142,7,392.739990,135.024765,313.604004,-74.333389
142,8,450.070007,440.325928,1538.100098,-93.941406
142,9,641.880005,840.552979,56.754112,59.991600
142,10,321.630005,923.187805,657.190979,59.991600
142,11,356.660004,988.627075,774.854919,59.991600
142,13,965.559998,-959.201416,796.496277,-107.676132
142,14,934.109985,-739.878479,1555.847778,-102.214897
142,16,614.250000,-400.567535,1486.036255,59.991600
143,1,490.739990,-472.138092,847.688660,-107.851364
143,3,484.809998,-354.917877,1296.188599,-105.823181
143,4,618.280029,-308.085785,1617.735352,59.991600
143,5,393.700012,-359.734070,982.212402,-106.393211
143,6,392.559998,-322.443268,1127.506836,-105.911423
143,7,392.739990,135.024765,313.604004,-74.333389
143,8,450.070007,440.325928,1538.100098,-93.941406
143,9,641.880005,840.552979,56.754112,59.991600
143,10,321.630005,923.187805,657.190979,59.991600
143,11,356.660004,988.627075,774.854919,59.991600
143,13,965.559998,-959.201416,796.496277,-107.676132
143,14,934.109985,-739.878479,1555.847778,-102.214897
143,16,614.250000,-400.567535,1486.036255,59.991600
144,1,490.739990,-472.138092,847.688660,-107.851364
144,3,484.809998,-354.917877,1296.188599,-105.823181
144,4,618.280029,-308.085785,1617.735352,59.991600
144,5,393.700012,-359.734070,982.212402,-106.393211
144,6,392.559998,-322.443268,1127.506836,-105.911423
144,7,392.739990,135.024765,313.604004,-74.333389
144,8,450.070007,440.325928,1538.100098,-93.941406
144,9,641.880005,840.552979,56.754112,59.991600
144,10,321.630005,923.187805,657.190979,59.991600
144,11,356.660004,988.627075,774.854919,59.991600
144,13,965.559998,-959.201416,796.496277,-107.676132
144,14,934.109985,-739.878479,1555.847778,-102.214897
144,16,614.250000,-400.567535,1486.036255,59.991600
145,1,490.739990,-472.138092,847.688660,-107.851364
145,3,484.809998,-354.917877,1296.188599,-105.823181
145,4,618.280029,-308.085785,1617.735352,59.991600
145,5,393.700012,-359.734070,982.212402,-106.393211
145,6,392.559998,-322.443268,1127.506836,-105.911423
145,7,392.739990,135.024765,313.604004,-74.333389
145,8,450.070007,440.325928,1538.100098,-93.941406
145,9,641.880005,840.552979,56.754112,59.991600
145,10,321.630005,923.187805,657.190979,59.991600
145,11,356.660004,988.627075,774.854919,59.991600
145,13,965.559998,-959.201416,796.496277,-107.676132
145,14,934.109985,-739.878479,1555.847778,-102.214897
145,16,614.250000,-400.567535,1486.036255,59.991600
146,1,490.739990,-472.138092,847.688660,-107.851364
146,3,484.809998,-354.917877,1296.188599,-105.823181
146,4,618.280029,-308.085785,1617.735352,59.991600
146,5,393.700012,-359.734070,982.212402,-106.393211
146,6,392.559998,-322.443268,1127.506836,-105.911423
146,7,392.739990,135.024765,313.604004,-74.333389
146,8,450.070007,440.325928,1538.100098,-93.941406
146,9,641.880005,840.552979,56.754112,59.991600
146,10,321.630005,923.187805,657.190979,59.991600
146,11,356.660004,988.627075,774.854919,59.991600
146,13,965.559998,-959.201416,796.496277,-107.676132
146,14,934.109985,-739.878479,1555.847778,-102.214897
146,16,614.250000,-400.567535,1486.036255,59.991600
147,1,490.739990,-472.138092,847.688660,-107.851364
147,3,484.809998,-354.917877,1296.188599,-105.823181
147,4,618.280029,-308.085785,1617.735352,59.991600
147,5,393.700012,-359.734070,982.212402,-106.393211
147,6,392.559998,-322.443268,1127.506836,-105.911423
147,7,392.739990,135.024765,313.604004,-74.333389
147,8,450.070007,440.325928,1538.100098,-93.941406
147,9,641.880005,840.552979,56.754112,59.991600
147,10,321.630005,923.187805,657.190979,59.991600
147,11,356.660004,988.627075,774.854919,59.991600
147,13,965.559998,-959.201416,796.496277,-107.676132
147,14,934.109985,-739.878479,1555.847778,-102.214897
147,16,614.250000,-400.567535,1486.036255,59.991600
148,1,490.739990,-472.138092,847.688660,-107.851364
148,3,484.809998,-354.917877,1296.188599,-105.823181
148,4,618.280029,-308.085785,1617.735352,59.991600
148,5,393.700012,-359.734070,982.212402,-106.393211
148,6,392.559998,-322.443268,1127.506836,-105.911423
148,7,392.739990,135.024765,313.604004,-74.333389
148,8,450.070007,440.325928,1538.100098,-93.941406
148,9,641.880005,840.552979,56.754112,59.991600
148,10,321.630005,923.187805,657.190979,59.991600
148,11,356.660004,988.627075,774.854919,59.991600
148,13,965.559998,-959.201416,796.496277,-107.676132
148,14,934.109985,-739.878479,1555.847778,-102.214897
148,16,614.250000,-400.567535,1486.036255,59.991600
149,1,503.670013,-378.644897,1063.254517,-122.271294
149,3,502.480011,-149.676025,1477.565796,-121.864288
149,4,656.419983,-31.080219,1796.611816,49.993999
149,5,405.070007,-232.629364,1167.707520,-121.195984
149,6,405.299988,-160.548920,1299.253906,-121.293175
149,7,372.890015,92.937813,406.278473,-77.541893
149,8,446.600006,690.345825,1492.958740,-102.752197
149,9,598.590027,684.806824,1.740241,49.993999
149,10,350.440002,958.980408,506.908264,49.993999
149,11,394.010010,1059.789185,599.838074,49.993999
149,14,982.030029,-475.683716,1849.961670,-120.533722
149,16,653.940002,-163.024857,1687.753784,49.993999
150,1,503.670013,-378.644897,1063.254517,-122.271294
150,3,502.480011,-149.676025,1477.565796,-121.864288
150,4,656.419983,-31.080219,1796.611816,49.993999
150,5,405.070007,-232.629364,1167.707520,-121.195984
150,6,405.299988,-160.548920,1299.253906,-121.293175
150,7,372.890015,92.937813,406.278473,-77.541893
150,8,446.600006,690.345825,1492.958740,-102.752197
150,9,598.590027,684.806824,1.740241,49.993999
150,10,350.440002,958.980408,506.908264,49.993999
150,11,394.010010,1059.789185,599.838074,49.993999
150,14,982.030029,-475.683716,1849.961670,-120.533722
150,16,653.940002,-163.024857,1687.753784,49.993999
151,1,503.670013,-378.644897,1063.254517,-122.271294
151,3,502.480011,-149.676025,1477.565796,-121.864288
151,4,656.419983,-31.080219,1796.611816,49.993999
151,5,405.070007,-232.629364,1167.707520,-121.195984
151,6,405.299988,-160.548920,1299.253906,-121.293175
151,7,372.890015,92.937813,406.278473,-77.541893
151,8,446.600006,690.345825,1492.958740,-102.752197
151,9,598.590027,684.806824,1.740241,49.993999
151,10,350.440002,958.980408,506.908264,49.993999
151,11,394.010010,1059.789185,599.838074,49.993999
151,14,982.030029,-475.683716,1849.961670,-120.533722
151,16,653.940002,-163.024857,1687.753784,49.993999
152,1,503.670013,-378.644897,1063.254517,-122.271294
152,3,502.480011,-149.676025,1477.565796,-121.864288
152,4,656.419983,-31.080219,1796.611816,49.993999
152,5,405.070007,-232.629364,1167.707520,-121.195984
152,6,405.299988,-160.548920,1299.253906,-121.293175
152,7,372.890015,92.937813,406.278473,-77.541893
152,8,446.600006,690.345825,1492.958740,-102.752197
152,9,598.590027,684.806824,1.740241,49.993999
152,10,350.440002,958.980408,506.908264,49.993999
152,11,394.010010,1059.789185,599.838074,49.993999
152,14,982.030029,-475.683716,1849.961670,-120.533722
152,16,653.940002,-163.024857,1687.753784,49.993999
153,1,503.670013,-378.644897,1063.254517,-122.271294
153,3,502.480011,-149.676025,1477.565796,-121.864288
153,4,656.419983,-31.080219,1796.611816,49.993999
153,5,405.070007,-232.629364,1167.707520,-121.195984
153,6,405.299988,-160.548920,1299.253906,-121.293175
153,7,372.890015,92.937813,406.278473,-77.541893
153,8,446.600006,690.345825,1492.958740,-102.752197
153,9,598.590027,684.806824,1.740241,49.993999
153,10,350.440002,958.980408,506.908264,49.993999
153,11,394.010010,1059.789185,599.838074,49.993999
153,14,982.030029,-475.683716,1849.961670,-120.533722
153,16,653.940002,-163.024857,1687.753784,49.993999
154,1,503.670013,-378.644897,1063.254517,-122.271294
154,3,502.480011,-149.676025,1477.565796,-121.864288
154,4,656.419983,-31.080219,1796.611816,49.993999
154,5,405.070007,-232.629364,1167.707520,-121.195984
154,6,405.299988,-160.548920,1299.253906,-121.293175
154,7,372.890015,92.937813,406.278473,-77.541893
154,8,446.600006,690.345825,1492.958740,-102.752197
154,9,598.590027,684.806824,1.740241,49.993999
154,10,350.440002,958.980408,506.908264,49.993999
154,11,394.010010,1059.789185,599.838074,49.993999
154,14,982.030029,-475.683716,1849.961670,-120.533722
154,16,653.940002,-163.024857,1687.753784,49.993999
155,1,503.670013,-378.644897,1063.254517,-122.271294
155,3,502.480011,-149.676025,1477.565796,-121.864288
155,4,656.419983,-31.080219,1796.611816,49.993999
155,5,405.070007,-232.629364,1167.707520,-121.195984
155,6,405.299988,-160.548920,1299.253906,-121.293175
155,7,372.890015,92.937813,406.278473,-77.541893
155,8,446.600006,690.345825,1492.958740,-102.752197
155,9,598.590027,684.806824,1.740241,49.993999
155,10,350.440002,958.980408,506.908264,49.993999
155,11,394.010010,1059.789185,599.838074,49.993999
155,14,982.030029,-475.683716,1849.961670,-120.533722
155,16,653.940002,-163.024857,1687.753784,49.993999
156,1,503.670013,-378.644897,1063.254517,-122.271294
156,3,502.480011,-149.676025,1477.565796,-121.864288
156,4,656.419983,-31.080219,1796.611816,49.993999
156,5,405.070007,-232.629364,1167.707520,-121.195984
156,6,405.299988,-160.548920,1299.253906,-121.293175
156,7,372.890015,92.937813,406.278473,-77.541893
156,8,446.600006,690.345825,1492.958740,-102.752197
156,9,598.590027,684.806824,1.740241,49.993999
156,10,350.440002,958.980408,506.908264,49.993999
156,11,394.010010,1059.789185,599.838074,49.993999
156,14,982.030029,-475.683716,1849.961670,-120.533722
156,16,653.940002,-163.024857,1687.753784,49.993999
157,1,503.670013,-378.644897,1063.254517,-122.271294
157,3,502.480011,-149.676025,1477.565796,-121.864288
157,4,656.419983,-31.080219,1796.611816,49.993999
157,5,405.070007,-232.629364,1167.707520,-121.195984
157,6,405.299988,-160.548920,1299.253906,-121.293175
157,7,372.890015,92.937813,406.278473,-77.541893
157,8,446.600006,690.345825,1492.958740,-102.752197
157,9,598.590027,684.806824,1.740241,49.993999
157,10,350.440002,958.980408,506.908264,49.993999
157,11,394.010010,1059.789185,599.838074,49.993999
157,14,982.030029,-475.683716,1849.961670,-120.533722
157,16,653.940002,-163.024857,1687.753784,49.993999
158,1,503.670013,-378.644897,1063.254517,-122.271294
158,3,502.480011,-149.676025,1477.565796,-121.864288
158,4,656.419983,-31.080219,1796.611816,49.993999
158,5,405.070007,-232.629364,1167.707520,-121.195984
158,6,405.299988,-160.548920,1299.253906,-121.293175
158,7,372.890015,92.937813,406.278473,-77.541893
158,8,446.600006,690.345825,1492.958740,-102.752197
158,9,598.590027,684.806824,1.740241,49.993999
158,10,350.440002,958.980408,506.908264,49.993999
158,11,394.010010,1059.789185,599.838074,49.993999
158,14,982.030029,-475.683716,1849.961670,-120.533722
158,16,653.940002,-163.024857,1687.753784,49.993999
159,1,503.670013,-378.644897,1063.254517,-122.271294
159,3,502.480011,-149.676025,1477.565796,-121.864288
159,4,656.419983,-31.080219,1796.611816,49.993999
159,5,405.070007,-232.629364,1167.707520,-121.195984
159,6,405.299988,-160.548920,1299.253906,-121.293175
159,7,372.890015,92.937813,406.278473,-77.541893
159,8,446.600006,690.345825,1492.958740,-102.752197
159,9,598.590027,684.806824,1.740241,49.993999
159,10,350.440002,958.980408,506.908264,49.993999
159,11,394.010010,1059.789185,599.838074,49.993999
159,14,982.030029,-475.683716,1849.961670,-120.533722
159,16,653.940002,-163.024857,1687.753784,49.993999
160,1,514.500000,-226.914093,1259.767578,-125.975365
160,3,528.789978,101.755661,1617.060425,-130.862823
160,4,709.369995,296.628723,1922.188599,49.993999
160,5,414.109985,-55.105236,1323.535034,-125.016441
160,6,418.510010,46.417969,1434.029175,-126.875977
160,7,363.809998,69.823990,503.610352,-74.436348
160,8,440.540009,922.903076,1383.919434,-100.679558
160,9,575.219971,525.628906,-25.649281,49.993999
160,10,360.450012,932.975952,359.054993,49.993999
160,11,400.609985,1052.284546,424.463562,49.993999
160,16,714.770020,123.903275,1853.277222,49.993999
161,1,514.500000,-226.914093,1259.767578,-125.975365
161,3,528.789978,101.755661,1617.060425,-130.862823
161,4,709.369995,296.628723,1922.188599,49.993999
161,5,414.109985,-55.105236,1323.535034,-125.016441
161,6,418.510010,46.417969,1434.029175,-126.875977
161,7,363.809998,69.823990,503.610352,-74.436348
161,8,440.540009,922.903076,1383.919434,-100.679558
161,9,575.219971,525.628906,-25.649281,49.993999
161,10,360.450012,932.975952,359.054993,49.993999
161,11,400.609985,1052.284546,424.463562,49.993999
161,16,714.770020,123.903275,1853.277222,49.993999
162,1,514.500000,-226.914093,1259.767578,-125.975365
162,3,528.789978,101.755661,1617.060425,-130.862823
162,4,709.369995,296.628723,1922.188599,49.993999
162,5,414.109985,-55.105236,1323.535034,-125.016441
162,6,418.510010,46.417969,1434.029175,-126.875977
162,7,363.809998,69.823990,503.610352,-74.436348
162,8,440.540009,922.903076,1383.919434,-100.679558
162,9,575.219971,525.628906,-25.649281,49.993999
162,10,360.450012,932.975952,359.054993,49.993999
162,11,400.609985,1052.284546,424.463562,49.993999
162,16,714.770020,123.903275,1853.277222,49.993999
163,1,514.500000,-226.914093,1259.767578,-125.975365
163,3,528.789978,101.755661,1617.060425,-130.862823
163,4,709.369995,296.628723,1922.188599,49.993999
163,5,414.109985,-55.105236,1323.535034,-125.016441
163,6,418.510010,46.417969,1434.029175,-126.875977
163,7,363.809998,69.823990,503.610352,-74.436348
163,8,440.540009,922.903076,1383.919434,-100.679558
163,9,575.219971,525.628906,-25.649281,49.993999
163,10,360.450012,932.975952,359.054993,49.993999
163,11,400.609985,1052.284546,424.463562,49.993999
163,16,714.770020,123.903275,1853.277222,49.993999
164,1,514.500000,-226.914093,1259.767578,-125.975365
164,3,528.789978,101.755661,1617.060425,-130.862823
164,4,709.369995,296.628723,1922.188599,49.993999
164,5,414.109985,-55.105236,1323.535034,-125.016441
164,6,418.510010,46.417969,1434.029175,-126.875977
164,7,363.809998,69.823990,503.610352,-74.436348
164,8,440.540009,922.903076,1383.919434,-100.679558
164,9,575.219971,525.628906,-25.649281,49.993999
164,10,360.450012,932.975952,359.054993,49.993999
164,11,400.609985,1052.284546,424.463562,49.993999
164,16,714.770020,123.903275,1853.277222,49.993999
165,1,514.500000,-226.914093,1259.767578,-125.975365
165,3,528.789978,101.755661,1617.060425,-130.862823
165,4,709.369995,296.628723,1922.188599,49.993999
165,5,414.109985,-55.105236,1323.535034,-125.016441
165,6,418.510010,46.417969,1434.029175,-126.875977
165,7,363.809998,69.823990,503.610352,-74.436348
165,8,440.540009,922.903076,1383.919434,-100.679558
165,9,575.219971,525.628906,-25.649281,49.993999
165,10,360.450012,932.975952,359.054993,49.993999
165,11,400.609985,1052.284546,424.463562,49.993999
165,16,714.770020,123.903275,1853.277222,49.993999
166,1,514.500000,-226.914093,1259.767578,-125.975365
166,3,528.789978,101.755661,1617.060425,-130.862823
166,4,709.369995,296.628723,1922.188599,49.993999
166,5,414.109985,-55.105236,1323.535034,-125.016441
166,6,418.510010,46.417969,1434.029175,-126.875977
166,7,363.809998,69.823990,503.610352,-74.436348
166,8,440.540009,922.903076,1383.919434,-100.679558
166,9,575.219971,525.628906,-25.649281,49.993999
166,10,360.450012,932.975952,359.054993,49.993999
166,11,400.609985,1052.284546,424.463562,49.993999
166,16,714.770020,123.903275,1853.277222,49.993999
167,1,514.500000,-226.914093,1259.767578,-125.975365
167,3,528.789978,101.755661,1617.060425,-130.862823
167,4,709.369995,296.628723,1922.188599,49.993999
167,5,414.109985,-55.105236,1323.535034,-125.016441
167,6,418.510010,46.417969,1434.029175,-126.875977
167,7,363.809998,69.823990,503.610352,-74.436348
167,8,440.540009,922.903076,1383.919434,-100.679558
167,9,575.219971,525.628906,-25.649281,49.993999
167,10,360.450012,932.975952,359.054993,49.993999
167,11,400.609985,1052.284546,424.463562,49.993999
167,16,714.770020,123.903275,1853.277222,49.993999
168,1,514.500000,-226.914093,1259.767578,-125.975365
168,3,528.789978,101.755661,1617.060425,-130.862823
168,4,709.369995,296.628723,1922.188599,49.993999
168,5,414.109985,-55.105236,1323.535034,-125.016441
168,6,418.510010,46.417969,1434.029175,-126.875977
168,7,363.809998,69.823990,503.610352,-74.436348
168,8,440.540009,922.903076,1383.919434,-100.679558
168,9,575.219971,525.628906,-25.649281,49.993999
168,10,360.450012,932.975952,359.054993,49.993999
168,11,400.609985,1052.284546,424.463562,49.993999
168,16,714.770020,123.903275,1853.277222,49.993999
169,1,514.500000,-226.914093,1259.767578,-125.975365
169,3,528.789978,101.755661,1617.060425,-130.862823
169,4,709.369995,296.628723,1922.188599,49.993999
169,5,414.109985,-55.105236,1323.535034,-125.016441
169,6,418.510010,46.417969,1434.029175,-126.875977
169,7,363.809998,69.823990,503.610352,-74.436348
169,8,440.540009,922.903076,1383.919434,-100.679558
169,9,575.219971,525.628906,-25.649281,49.993999
169,10,360.450012,932.975952,359.054993,49.993999
169,11,400.609985,1052.284546,424.463562,49.993999
169,16,714.770020,123.903275,1853.277222,49.993999
170,1,497.480011,20.838703,1401.618408,-120.154182
170,3,533.200012,429.618683,1657.546875,-132.371140
170,4,754.859985,709.579163,1930.837646,49.993999
170,5,409.059998,194.115112,1417.060669,-122.882225
170,6,416.040009,323.187622,1493.743896,-125.832108
170,7,349.640015,74.829964,608.083801,-69.589928
170,8,441.369995,1143.118774,1183.297852,-100.963432
170,9,526.619995,347.398254,7.054292,49.993999
170,10,394.859985,858.458557,172.693863,49.993999
170,11,431.299988,990.196411,202.240707,49.993999
170,12,890.320007,1708.447021,423.472168,49.993999
170,16,759.320007,512.503967,1915.264160,49.993999
171,1,497.480011,20.838703,1401.618408,-120.154182
171,3,533.200012,429.618683,1657.546875,-132.371140
171,4,754.859985,709.579163,1930.837646,49.993999
171,5,409.059998,194.115112,1417.060669,-122.882225
171,6,416.040009,323.187622,1493.743896,-125.832108
171,7,349.640015,74.829964,608.083801,-69.589928
171,8,441.369995,1143.118774,1183.297852,-100.963432
171,9,526.619995,347.398254,7.054292,49.993999
171,10,394.859985,858.458557,172.693863,49.993999
171,11,431.299988,990.196411,202.240707,49.993999
171,12,890.320007,1708.447021,423.472168,49.993999
171,16,759.320007,512.503967,1915.264160,49.993999
172,1,497.480011,20.838703,1401.618408,-120.154182
172,3,533.200012,429.618683,1657.546875,-132.371140
172,4,754.859985,709.579163,1930.837646,49.993999
172,5,409.059998,194.115112,1417.060669,-122.882225
172,6,416.040009,323.187622,1493.743896,-125.832108
172,7,349.640015,74.829964,608.083801,-69.589928
172,8,441.369995,1143.118774,1183.297852,-100.963432
172,9,526.619995,347.398254,7.054292,49.993999
172,10,394.859985,858.458557,172.693863,49.993999
172,11,431.299988,990.196411,202.240707,49.993999
172,12,890.320007,1708.447021,423.472168,49.993999
172,16,759.320007,512.503967,1915.264160,49.993999
173,1,497.480011,20.838703,1401.618408,-120.154182
173,3,533.200012,429.618683,1657.546875,-132.371140
173,4,754.859985,709.579163,1930.837646,49.993999
173,5,409.059998,194.115112,1417.060669,-122.882225
173,6,416.040009,323.187622,1493.743896,-125.832108
173,7,349.640015,74.829964,608.083801,-69.589928
173,8,441.369995,1143.118774,1183.297852,-100.963432
173,9,526.619995,347.398254,7.054292,49.993999
173,10,394.859985,858.458557,172.693863,49.993999
173,11,431.299988,990.196411,202.240707,49.993999
173,12,890.320007,1708.447021,423.472168,49.993999
173,16,759.320007,512.503967,1915.264160,49.993999
174,1,497.480011,20.838703,1401.618408,-120.154182
174,3,533.200012,429.618683,1657.546875,-132.371140
174,4,754.859985,709.579163,1930.837646,49.993999
174,5,409.059998,194.115112,1417.060669,-122.882225
174,6,416.040009,323.187622,1493.743896,-125.832108
174,7,349.640015,74.829964,608.083801,-69.589928
174,8,441.369995,1143.118774,1183.297852,-100.963432
174,9,526.619995,347.398254,7.054292,49.993999
174,10,394.859985,858.458557,172.693863,49.993999
174,11,431.299988,990.196411,202.240707,49.993999
174,12,890.320007,1708.447021,423.472168,49.993999
174,16,759.320007,512.503967,1915.264160,49.993999
175,1,497.480011,20.838703,1401.618408,-120.154182
175,3,533.200012,429.618683,1657.546875,-132.371140
175,4,754.859985,709.579163,1930.837646,49.993999
175,5,409.059998,194.115112,1417.060669,-122.882225
175,6,416.040009,323.187622,1493.743896,-125.832108
175,7,349.640015,74.829964,608.083801,-69.589928
175,8,441.369995,1143.118774,1183.297852,-100.963432
175,9,526.619995,347.398254,7.054292,49.993999
175,10,394.859985,858.458557,172.693863,49.993999
175,11,431.299988,990.196411,202.240707,49.993999
175,12,890.320007,1708.447021,423.472168,49.993999
175,16,759.320007,512.503967,1915.264160,49.993999
176,1,497.480011,20.838703,1401.618408,-120.154182
176,3,533.200012,429.618683,1657.546875,-132.371140
176,4,754.859985,709.579163,1930.837646,49.993999
176,5,409.059998,194.115112,1417.060669,-122.882225
176,6,416.040009,323.187622,1493.743896,-125.832108
176,7,349.640015,74.829964,608.083801,-69.589928
176,8,441.369995,1143.118774,1183.297852,-100.963432
176,9,526.619995,347.398254,7.054292,49.993999
176,10,394.859985,858.458557,172.693863,49.993999
176,11,431.299988,990.196411,202.240707,49.993999
176,12,890.320007,1708.447021,423.472168,49.993999
176,16,759.320007,512.503967,1915.264160,49.993999
177,1,497.480011,20.838703,1401.618408,-120.154182
177,3,533.200012,429.618683,1657.546875,-132.371140
177,4,754.859985,709.579163,1930.837646,49.993999
177,5,409.059998,194.115112,1417.060669,-122.882225
177,6,416.040009,323.187622,1493.743896,-125.832108
177,7,349.640015,74.829964,608.083801,-69.589928
177,8,441.369995,1143.118774,1183.297852,-100.963432
177,9,526.619995,347.398254,7.054292,49.993999
177,10,394.859985,858.458557,172.693863,49.993999
177,11,431.299988,990.196411,202.240707,49.993999
177,12,890.320007,1708.447021,423.472168,49.993999
177,16,759.320007,512.503967,1915.264160,49.993999
178,1,497.480011,20.838703,1401.618408,-120.154182
178,3,533.200012,429.618683,1657.546875,-132.371140
178,4,754.859985,709.579163,1930.837646,49.993999
178,5,409.059998,194.115112,1417.060669,-122.882225
178,6,416.040009,323.187622,1493.743896,-125.832108
178,7,349.640015,74.829964,608.083801,-69.589928
178,8,441.369995,1143.118774,1183.297852,-100.963432
178,9,526.619995,347.398254,7.054292,49.993999
178,10,394.859985,858.458557,172.693863,49.993999
178,11,431.299988,990.196411,202.240707,49.993999
178,12,890.320007,1708.447021,423.472168,49.993999
178,16,759.320007,512.503967,1915.264160,49.993999
179,1,497.480011,20.838703,1401.618408,-120.154182
179,3,533.200012,429.618683,1657.546875,-132.371140
179,4,754.859985,709.579163,1930.837646,49.993999
179,5,409.059998,194.115112,1417.060669,-122.882225
179,6,416.040009,323.187622,1493.743896,-125.832108
179,7,349.640015,74.829964,608.083801,-69.589928
179,8,441.369995,1143.118774,1183.297852,-100.963432
179,9,526.619995,347.398254,7.054292,49.993999
179,10,394.859985,858.458557,172.693863,49.993999
179,11,431.299988,990.196411,202.240707,49.993999
179,12,890.320007,1708.447021,423.472168,49.993999
179,16,759.320007,512.503967,1915.264160,49.993999
180,1,497.480011,20.838703,1401.618408,-120.154182
180,3,533.200012,429.618683,1657.546875,-132.371140
180,4,754.859985,709.579163,1930.837646,49.993999
180,5,409.059998,194.115112,1417.060669,-122.882225
180,6,416.040009,323.187622,1493.743896,-125.832108
180,7,349.640015,74.829964,608.083801,-69.589928
180,8,441.369995,1143.118774,1183.297852,-100.963432
180,9,526.619995,347.398254,7.054292,49.993999
180,10,394.859985,858.458557,172.693863,49.993999
180,11,431.299988,990.196411,202.240707,49.993999
180,12,890.320007,1708.447021,423.472168,49.993999
180,16,759.320007,512.503967,1915.264160,49.993999
181,1,497.480011,20.838703,1401.618408,-120.154182
181,3,533.200012,429.618683,1657.546875,-132.371140
181,4,754.859985,709.579163,1930.837646,49.993999
181,5,409.059998,194.115112,1417.060669,-122.882225
181,6,416.040009,323.187622,1493.743896,-125.832108
181,7,349.640015,74.829964,608.083801,-69.589928
181,8,441.369995,1143.118774,1183.297852,-100.963432
181,9,526.619995,347.398254,7.054292,49.993999
181,10,394.859985,858.458557,172.693863,49.993999
181,11,431.299988,990.196411,202.240707,49.993999
181,12,890.320007,1708.447021,423.472168,49.993999
181,16,759.320007,512.503967,1915.264160,49.993999
182,1,498.619995,317.895569,1479.127319,-120.544083
182,3,566.719971,794.820068,1615.548096,-143.835648
182,4,909.539978,1198.795654,1894.435791,49.993999
182,5,412.179993,486.614899,1438.287354,-124.200790
182,6,429.100006,632.369263,1476.898560,-131.351501
182,7,351.779999,105.111298,711.092163,-70.321846
182,8,452.179993,1315.498901,902.798706,-104.660667
182,9,522.809998,167.661209,57.332565,49.993999
182,10,371.980011,699.205139,64.083153,49.993999
182,11,385.230011,829.677368,71.332764,49.993999
182,12,575.530029,1350.315186,203.757248,49.993999
182,16,875.440002,964.354126,1915.951294,49.993999
183,1,498.619995,317.895569,1479.127319,-120.544083
183,3,566.719971,794.820068,1615.548096,-143.835648
183,4,909.539978,1198.795654,1894.435791,49.993999
183,5,412.179993,486.614899,1438.287354,-124.200790
183,6,429.100006,632.369263,1476.898560,-131.351501
183,7,351.779999,105.111298,711.092163,-70.321846
183,8,452.179993,1315.498901,902.798706,-104.660667
183,9,522.809998,167.661209,57.332565,49.993999
183,10,371.980011,699.205139,64.083153,49.993999
183,11,385.230011,829.677368,71.332764,49.993999
183,12,575.530029,1350.315186,203.757248,49.993999
183,16,875.440002,964.354126,1915.951294,49.993999
184,1,498.619995,317.895569,1479.127319,-120.544083
184,3,566.719971,794.820068,1615.548096,-143.835648
184,4,909.539978,1198.795654,1894.435791,49.993999
184,5,412.179993,486.614899,1438.287354,-124.200790
184,6,429.100006,632.369263,1476.898560,-131.351501
184,7,351.779999,105.111298,711.092163,-70.321846
184,8,452.179993,1315.498901,902.798706,-104.660667
184,9,522.809998,167.661209,57.332565,49.993999
184,10,371.980011,699.205139,64.083153,49.993999
184,11,385.230011,829.677368,71.332764,49.993999
184,12,575.530029,1350.315186,203.757248,49.993999
184,16,875.440002,964.354126,1915.951294,49.993999
185,1,498.619995,317.895569,1479.127319,-120.544083
185,3,566.719971,794.820068,1615.548096,-143.835648
185,4,909.539978,1198.795654,1894.435791,49.993999
185,5,412.179993,486.614899,1438.287354,-124.200790
185,6,429.100006,632.369263,1476.898560,-131.351501
185,7,351.779999,105.111298,711.092163,-70.321846
185,8,452.179993,1315.498901,902.798706,-104.660667
185,9,522.809998,167.661209,57.332565,49.993999
185,10,371.980011,699.205139,64.083153,49.993999
185,11,385.230011,829.677368,71.332764,49.993999
185,12,575.530029,1350.315186,203.757248,49.993999
185,16,875.440002,964.354126,1915.951294,49.993999
186,1,498.619995,317.895569,1479.127319,-120.544083
186,3,566.719971,794.820068,1615.548096,-143.835648
186,4,909.539978,1198.795654,1894.435791,49.993999
186,5,412.179993,486.614899,1438.287354,-124.200790
186,6,429.100006,632.369263,1476.898560,-131.351501
186,7,351.779999,105.111298,711.092163,-70.321846
186,8,452.179993,1315.498901,902.798706,-104.660667
186,9,522.809998,167.661209,57.332565,49.993999
186,10,371.980011,699.205139,64.083153,49.993999
186,11,385.230011,829.677368,71.332764,49.993999
186,12,575.530029,1350.315186,203.757248,49.993999
186,16,875.440002,964.354126,1915.951294,49.993999
187,1,498.619995,317.895569,1479.127319,-120.544083
187,3,566.719971,794.820068,1615.548096,-143.835648
187,4,909.539978,1198.795654,1894.435791,49.993999
187,5,412.179993,486.614899,1438.287354,-124.200790
187,6,429.100006,632.369263,1476.898560,-131.351501
187,7,351.779999,105.111298,711.092163,-70.321846
187,8,452.179993,1315.498901,902.798706,-104.660667
187,9,522.809998,167.661209,57.332565,49.993999
187,10,371.980011,699.205139,64.083153,49.993999
187,11,385.230011,829.677368,71.332764,49.993999
187,12,575.530029,1350.315186,203.757248,49.993999
187,16,875.440002,964.354126,1915.951294,49.993999
188,1,498.619995,317.895569,1479.127319,-120.544083
188,3,566.719971,794.820068,1615.548096,-143.835648
188,4,909.539978,1198.795654,1894.435791,49.993999
188,5,412.179993,486.614899,1438.287354,-124.200790
188,6,429.100006,632.369263,1476.898560,-131.351501
188,7,351.779999,105.111298,711.092163,-70.321846
188,8,452.179993,1315.498901,902.798706,-104.660667
188,9,522.809998,167.661209,57.332565,49.993999
188,10,371.980011,699.205139,64.083153,49.993999
188,11,385.230011,829.677368,71.332764,49.993999
188,12,575.530029,1350.315186,203.757248,49.993999
188,16,875.440002,964.354126,1915.951294,49.993999
189,1,498.619995,317.895569,1479.127319,-120.544083
189,3,566.719971,794.820068,1615.548096,-143.835648
189,4,909.539978,1198.795654,1894.435791,49.993999
189,5,412.179993,486.614899,1438.287354,-124.200790
189,6,429.100006,632.369263,1476.898560,-131.351501
189,7,351.779999,105.111298,711.092163,-70.321846
189,8,452.179993,1315.498901,902.798706,-104.660667
189,9,522.809998,167.661209,57.332565,49.993999
189,10,371.980011,699.205139,64.083153,49.993999
189,11,385.230011,829.677368,71.332764,49.993999
189,12,575.530029,1350.315186,203.757248,49.993999
189,16,875.440002,964.354126,1915.951294,49.993999
190,1,498.619995,317.895569,1479.127319,-120.544083
190,3,566.719971,794.820068,1615.548096,-143.835648
190,4,909.539978,1198.795654,1894.435791,49.993999
190,5,412.179993,486.614899,1438.287354,-124.200790
190,6,429.100006,632.369263,1476.898560,-131.351501
190,7,351.779999,105.111298,711.092163,-70.321846
190,8,452.179993,1315.498901,902.798706,-104.660667
190,9,522.809998,167.661209,57.332565,49.993999
190,10,371.980011,699.205139,64.083153,49.993999
190,11,385.230011,829.677368,71.332764,49.993999
190,12,575.530029,1350.315186,203.757248,49.993999
190,16,875.440002,964.354126,1915.951294,49.993999
191,1,498.619995,317.895569,1479.127319,-120.544083
191,3,566.719971,794.820068,1615.548096,-143.835648
191,4,909.539978,1198.795654,1894.435791,49.993999
191,5,412.179993,486.614899,1438.287354,-124.200790
191,6,429.100006,632.369263,1476.898560,-131.351501
191,7,351.779999,105.111298,711.092163,-70.321846
191,8,452.179993,1315.498901,902.798706,-104.660667
191,9,522.809998,167.661209,57.332565,49.993999
191,10,371.980011,699.205139,64.083153,49.993999
191,11,385.230011,829.677368,71.332764,49.993999
191,12,575.530029,1350.315186,203.757248,49.993999
191,16,875.440002,964.354126,1915.951294,49.993999
192,1,498.619995,317.895569,1479.127319,-120.544083
192,3,566.719971,794.820068,1615.548096,-143.835648
192,4,909.539978,1198.795654,1894.435791,49.993999
192,5,412.179993,486.614899,1438.287354,-124.200790
192,6,429.100006,632.369263,1476.898560,-131.351501
192,7,351.779999,105.111298,711.092163,-70.321846
192,8,452.179993,1315.498901,902.798706,-104.660667
192,9,522.809998,167.661209,57.332565,49.993999
192,10,371.980011,699.205139,64.083153,49.993999
192,11,385.230011,829.677368,71.332764,49.993999
192,12,575.530029,1350.315186,203.757248,49.993999
192,16,875.440002,964.354126,1915.951294,49.993999
193,1,498.619995,317.895569,1479.127319,-120.544083
193,3,566.719971,794.820068,1615.548096,-143.835648
193,4,909.539978,1198.795654,1894.435791,49.993999
193,5,412.179993,486.614899,1438.287354,-124.200790
193,6,429.100006,632.369263,1476.898560,-131.351501
193,7,351.779999,105.111298,711.092163,-70.321846
193,8,452.179993,1315.498901,902.798706,-104.660667
193,9,522.809998,167.661209,57.332565,49.993999
193,10,371.980011,699.205139,64.083153,49.993999
193,11,385.230011,829.677368,71.332764,49.993999
193,12,575.530029,1350.315186,203.757248,49.993999
193,16,875.440002,964.354126,1915.951294,49.993999
194,1,478.359985,635.329651,1447.045410,-113.614754
194,3,569.130005,1128.385376,1434.587280,-144.659927
194,5,405.980011,776.143677,1364.742065,-121.580566
194,6,429.140015,927.419922,1357.253174,-131.368408
194,7,355.070007,168.881760,815.866638,-71.447098
194,8,474.549988,1396.335938,581.717224,-112.311653
194,9,526.609985,6.372654,176.587753,49.993999
194,10,332.890015,519.048340,43.684467,49.993999
194,11,340.140015,645.387146,12.203314,49.993999
194,12,808.299988,1285.212402,-287.042145,49.993999
194,13,936.520020,559.740906,1913.744507,-112.630997
194,16,911.679993,1404.267944,1690.485474,49.993999
195,1,478.359985,635.329651,1447.045410,-113.614754
195,3,569.130005,1128.385376,1434.587280,-144.659927
195,5,405.980011,776.143677,1364.742065,-121.580566
195,6,429.140015,927.419922,1357.253174,-131.368408
195,7,355.070007,168.881760,815.866638,-71.447098
195,8,474.549988,1396.335938,581.717224,-112.311653
195,9,526.609985,6.372654,176.587753,49.993999
195,10,332.890015,519.048340,43.684467,49.993999
195,11,340.140015,645.387146,12.203314,49.993999
195,12,808.299988,1285.212402,-287.042145,49.993999
195,13,936.520020,559.740906,1913.744507,-112.630997
195,16,911.679993,1404.267944,1690.485474,49.993999
196,1,478.359985,635.329651,1447.045410,-113.614754
196,3,569.130005,1128.385376,1434.587280,-144.659927
196,5,405.980011,776.143677,1364.742065,-121.580566
196,6,429.140015,927.419922,1357.253174,-131.368408
196,7,355.070007,168.881760,815.866638,-71.447098
196,8,474.549988,1396.335938,581.717224,-112.311653
196,9,526.609985,6.372654,176.587753,49.993999
196,10,332.890015,519.048340,43.684467,49.993999
196,11,340.140015,645.387146,12.203314,49.993999
196,12,808.299988,1285.212402,-287.042145,49.993999
196,13,936.520020,559.740906,1913.744507,-112.630997
196,16,911.679993,1404.267944,1690.485474,49.993999
197,1,478.359985,635.329651,1447.045410,-113.614754
197,3,569.130005,1128.385376,1434.587280,-144.659927
197,5,405.980011,776.143677,1364.742065,-121.580566
197,6,429.140015,927.419922,1357.253174,-131.368408
197,7,355.070007,168.881760,815.866638,-71.447098
197,8,474.549988,1396.335938,581.717224,-112.311653
197,9,526.609985,6.372654,176.587753,49.993999
197,10,332.890015,519.048340,43.684467,49.993999
197,11,340.140015,645.387146,12.203314,49.993999
197,12,808.299988,1285.212402,-287.042145,49.993999
197,13,936.520020,559.740906,1913.744507,-112.630997
197,16,911.679993,1404.267944,1690.485474,49.993999
198,1,478.359985,635.329651,1447.045410,-113.614754
198,3,569.130005,1128.385376,1434.587280,-144.659927
198,5,405.980011,776.143677,1364.742065,-121.580566
198,6,429.140015,927.419922,1357.253174,-131.368408
198,7,355.070007,168.881760,815.866638,-71.447098
198,8,474.549988,1396.335938,581.717224,-112.311653
198,9,526.609985,6.372654,176.587753,49.993999
198,10,332.890015,519.048340,43.684467,49.993999
198,11,340.140015,645.387146,12.203314,49.993999
198,12,808.299988,1285.212402,-287.042145,49.993999
198,13,936.520020,559.740906,1913.744507,-112.630997
198,16,911.679993,1404.267944,1690.485474,49.993999
199,1,478.359985,635.329651,1447.045410,-113.614754
199,3,569.130005,1128.385376,1434.587280,-144.659927
199,5,405.980011,776.143677,1364.742065,-121.580566
199,6,429.140015,927.419922,1357.253174,-131.368408
199,7,355.070007,168.881760,815.866638,-71.447098
199,8,474.549988,1396.335938,581.717224,-112.311653
199,9,526.609985,6.372654,176.587753,49.993999
199,10,332.890015,519.048340,43.684467,49.993999
199,11,340.140015,645.387146,12.203314,49.993999
199,12,808.299988,1285.212402,-287.042145,49.993999
199,13,936.520020,559.740906,1913.744507,-112.630997
199,16,911.679993,1404.267944,1690.485474,49.993999
200,1,478.359985,635.329651,1447.045410,-113.614754
200,3,569.130005,1128.385376,1434.587280,-144.659927
200,5,405.980011,776.143677,1364.742065,-121.580566
200,6,429.140015,927.419922,1357.253174,-131.368408
200,7,355.070007,168.881760,815.866638,-71.447098
200,8,474.549988,1396.335938,581.717224,-112.311653
200,9,526.609985,6.372654,176.587753,49.993999
200,10,332.890015,519.048340,43.684467,49.993999
200,11,340.140015,645.387146,12.203314,49.993999
200,12,808.299988,1285.212402,-287.042145,49.993999
200,13,936.520020,559.740906,1913.744507,-112.630997
200,16,911.679993,1404.267944,1690.485474,49.993999
201,1,478.359985,635.329651,1447.045410,-113.614754
201,3,569.130005,1128.385376,1434.587280,-144.659927
201,5,405.980011,776.143677,1364.742065,-121.580566
201,6,429.140015,927.419922,1357.253174,-131.368408
201,7,355.070007,168.881760,815.866638,-71.447098
201,8,474.549988,1396.335938,581.717224,-112.311653
201,9,526.609985,6.372654,176.587753,49.993999
201,10,332.890015,519.048340,43.684467,49.993999
201,11,340.140015,645.387146,12.203314,49.993999
201,12,808.299988,1285.212402,-287.042145,49.993999
201,13,936.520020,559.740906,1913.744507,-112.630997
201,16,911.679993,1404.267944,1690.485474,49.993999
202,1,478.359985,635.329651,1447.045410,-113.614754
202,3,569.130005,1128.385376,1434.587280,-144.659927
202,5,405.980011,776.143677,1364.742065,-121.580566
202,6,429.140015,927.419922,1357.253174,-131.368408
202,7,355.070007,168.881760,815.866638,-71.447098
202,8,474.549988,1396.335938,581.717224,-112.311653
202,9,526.609985,6.372654,176.587753,49.993999
202,10,332.890015,519.048340,43.684467,49.993999
202,11,340.140015,645.387146,12.203314,49.993999
202,12,808.299988,1285.212402,-287.042145,49.993999
202,13,936.520020,559.740906,1913.744507,-112.630997
202,16,911.679993,1404.267944,1690.485474,49.993999
203,1,478.359985,635.329651,1447.045410,-113.614754
203,3,569.130005,1128.385376,1434.587280,-144.659927
203,5,405.980011,776.143677,1364.742065,-121.580566
203,6,429.140015,927.419922,1357.253174,-131.368408
203,7,355.070007,168.881760,815.866638,-71.447098
203,8,474.549988,1396.335938,581.717224,-112.311653
203,9,526.609985,6.372654,176.587753,49.993999
203,10,332.890015,519.048340,43.684467,49.993999
203,11,340.140015,645.387146,12.203314,49.993999
203,12,808.299988,1285.212402,-287.042145,49.993999
203,13,936.520020,559.740906,1913.744507,-112.630997
203,16,911.679993,1404.267944,1690.485474,49.993999
204,1,478.359985,635.329651,1447.045410,-113.614754
204,3,569.130005,1128.385376,1434.587280,-144.659927
204,5,405.980011,776.143677,1364.742065,-121.580566
204,6,429.140015,927.419922,1357.253174,-131.368408
204,7,355.070007,168.881760,815.866638,-71.447098
204,8,474.549988,1396.335938,581.717224,-112.311653
204,9,526.609985,6.372654,176.587753,49.993999
204,10,332.890015,519.048340,43.684467,49.993999
204,11,340.140015,645.387146,12.203314,49.993999
204,12,808.299988,1285.212402,-287.042145,49.993999
204,13,936.520020,559.740906,1913.744507,-112.630997
204,16,911.679993,1404.267944,1690.485474,49.993999
205,1,466.839996,895.315430,1325.019531,-109.674683
205,3,556.369995,1353.584473,1165.207031,-140.295746
205,4,985.130005,1915.627441,1185.497925,49.993999
205,5,395.059998,1001.109985,1205.624146,-116.965569
205,6,415.309998,1141.592773,1149.933716,-125.523590
205,7,357.619995,257.763184,878.497192,-72.319244
205,8,494.299988,1373.278198,270.298615,-119.066551
205,9,534.390015,-97.530884,315.513458,49.993999
205,10,288.220001,378.601593,74.308044,49.993999
205,11,297.730011,488.187012,3.728474,49.993999
205,12,852.900024,994.419739,-557.738892,49.993999
205,13,863.840027,956.928467,1732.417114,-100.010246
205,16,864.510010,1670.952026,1298.289551,49.993999
206,1,466.839996,895.315430,1325.019531,-109.674683
206,3,556.369995,1353.584473,1165.207031,-140.295746
206,4,985.130005,1915.627441,1185.497925,49.993999
206,5,395.059998,1001.109985,1205.624146,-116.965569
206,6,415.309998,1141.592773,1149.933716,-125.523590
206,7,357.619995,257.763184,878.497192,-72.319244
206,8,494.299988,1373.278198,270.298615,-119.066551
206,9,534.390015,-97.530884,315.513458,49.993999
206,10,288.220001,378.601593,74.308044,49.993999
206,11,297.730011,488.187012,3.728474,49.993999
206,12,852.900024,994.419739,-557.738892,49.993999
206,13,863.840027,956.928467,1732.417114,-100.010246
206,16,864.510010,1670.952026,1298.289551,49.993999
207,1,466.839996,895.315430,1325.019531,-109.674683
207,3,556.369995,1353.584473,1165.207031,-140.295746
207,4,985.130005,1915.627441,1185.497925,49.993999
207,5,395.059998,1001.109985,1205.624146,-116.965569
207,6,415.309998,1141.592773,1149.933716,-125.523590
207,7,357.619995,257.763184,878.497192,-72.319244
207,8,494.299988,1373.278198,270.298615,-119.066551
207,9,534.390015,-97.530884,315.513458,49.993999
207,10,288.220001,378.601593,74.308044,49.993999
207,11,297.730011,488.187012,3.728474,49.993999
207,12,852.900024,994.419739,-557.738892,49.993999
207,13,863.840027,956.928467,1732.417114,-100.010246
207,16,864.510010,1670.952026,1298.289551,49.993999
208,1,466.839996,895.315430,1325.019531,-109.674683
208,3,556.369995,1353.584473,1165.207031,-140.295746
208,4,985.130005,1915.627441,1185.497925,49.993999
208,5,395.059998,1001.109985,1205.624146,-116.965569
208,6,415.309998,1141.592773,1149.933716,-125.523590
208,7,357.619995,257.763184,878.497192,-72.319244
208,8,494.299988,1373.278198,270.298615,-119.066551
208,9,534.390015,-97.530884,315.513458,49.993999
208,10,288.220001,378.601593,74.308044,49.993999
208,11,297.730011,488.187012,3.728474,49.993999
208,12,852.900024,994.419739,-557.738892,49.993999
208,13,863.840027,956.928467,1732.417114,-100.010246
208,16,864.510010,1670.952026,1298.289551,49.993999
209,1,466.839996,895.315430,1325.019531,-109.674683
209,3,556.369995,1353.584473,1165.207031,-140.295746
209,4,985.130005,1915.627441,1185.497925,49.993999
209,5,395.059998,1001.109985,1205.624146,-116.965569
209,6,415.309998,1141.592773,1149.933716,-125.523590
209,7,357.619995,257.763184,878.497192,-72.319244
209,8,494.299988,1373.278198,270.298615,-119.066551
209,9,534.390015,-97.530884,315.513458,49.993999
209,10,288.220001,378.601593,74.308044,49.993999
209,11,297.730011,488.187012,3.728474,49.993999
209,12,852.900024,994.419739,-557.738892,49.993999
209,13,863.840027,956.928467,1732.417114,-100.010246
209,16,864.510010,1670.952026,1298.289551,49.993999
210,1,466.839996,895.315430,1325.019531,-109.674683
210,3,556.369995,1353.584473,1165.207031,-140.295746
210,4,985.130005,1915.627441,1185.497925,49.993999
210,5,395.059998,1001.109985,1205.624146,-116.965569
210,6,415.309998,1141.592773,1149.933716,-125.523590
210,7,357.619995,257.763184,878.497192,-72.319244
210,8,494.299988,1373.278198,270.298615,-119.066551
210,9,534.390015,-97.530884,315.513458,49.993999
210,10,288.220001,378.601593,74.308044,49.993999
210,11,297.730011,488.187012,3.728474,49.993999
210,12,852.900024,994.419739,-557.738892,49.993999
210,13,863.840027,956.928467,1732.417114,-100.010246
210,16,864.510010,1670.952026,1298.289551,49.993999
211,1,466.839996,895.315430,1325.019531,-109.674683
211,3,556.369995,1353.584473,1165.207031,-140.295746
211,4,985.130005,1915.627441,1185.497925,49.993999
211,5,395.059998,1001.109985,1205.624146,-116.965569
211,6,415.309998,1141.592773,1149.933716,-125.523590
211,7,357.619995,257.763184,878.497192,-72.319244
211,8,494.299988,1373.278198,270.298615,-119.066551
211,9,534.390015,-97.530884,315.513458,49.993999
211,10,288.220001,378.601593,74.308044,49.993999
211,11,297.730011,488.187012,3.728474,49.993999
211,12,852.900024,994.419739,-557.738892,49.993999
211,13,863.840027,956.928467,1732.417114,-100.010246
211,16,864.510010,1670.952026,1298.289551,49.993999
212,1,466.839996,895.315430,1325.019531,-109.674683
212,3,556.369995,1353.584473,1165.207031,-140.295746
212,4,985.130005,1915.627441,1185.497925,49.993999
212,5,395.059998,1001.109985,1205.624146,-116.965569
212,6,415.309998,1141.592773,1149.933716,-125.523590
212,7,357.619995,257.763184,878.497192,-72.319244
212,8,494.299988,1373.278198,270.298615,-119.066551
212,9,534.390015,-97.530884,315.513458,49.993999
212,10,288.220001,378.601593,74.308044,49.993999
212,11,297.730011,488.187012,3.728474,49.993999
212,12,852.900024,994.419739,-557.738892,49.993999
212,13,863.840027,956.928467,1732.417114,-100.010246
212,16,864.510010,1670.952026,1298.289551,49.993999
213,1,466.839996,895.315430,1325.019531,-109.674683
213,3,556.369995,1353.584473,1165.207031,-140.295746
213,4,985.130005,1915.627441,1185.497925,49.993999
213,5,395.059998,1001.109985,1205.624146,-116.965569
213,6,415.309998,1141.592773,1149.933716,-125.523590
213,7,357.619995,257.763184,878.497192,-72.319244
213,8,494.299988,1373.278198,270.298615,-119.066551
213,9,534.390015,-97.530884,315.513458,49.993999
213,10,288.220001,378.601593,74.308044,49.993999
213,11,297.730011,488.187012,3.728474,49.993999
213,12,852.900024,994.419739,-557.738892,49.993999
213,13,863.840027,956.928467,1732.417114,-100.010246
213,16,864.510010,1670.952026,1298.289551,49.993999
214,1,466.839996,895.315430,1325.019531,-109.674683
214,3,556.369995,1353.584473,1165.207031,-140.295746
214,4,985.130005,1915.627441,1185.497925,49.993999
214,5,395.059998,1001.109985,1205.624146,-116.965569
214,6,415.309998,1141.592773,1149.933716,-125.523590
214,7,357.619995,257.763184,878.497192,-72.319244
214,8,494.299988,1373.278198,270.298615,-119.066551
214,9,534.390015,-97.530884,315.513458,49.993999
214,10,288.220001,378.601593,74.308044,49.993999
214,11,297.730011,488.187012,3.728474,49.993999
214,12,852.900024,994.419739,-557.738892,49.993999
214,13,863.840027,956.928467,1732.417114,-100.010246
214,16,864.510010,1670.952026,1298.289551,49.993999
215,1,466.839996,895.315430,1325.019531,-109.674683
215,3,556.369995,1353.584473,1165.207031,-140.295746
215,4,985.130005,1915.627441,1185.497925,49.993999
215,5,395.059998,1001.109985,1205.624146,-116.965569
215,6,415.309998,1141.592773,1149.933716,-125.523590
215,7,357.619995,257.763184,878.497192,-72.319244
215,8,494.299988,1373.278198,270.298615,-119.066551
215,9,534.390015,-97.530884,315.513458,49.993999
215,10,288.220001,378.601593,74.308044,49.993999
215,11,297.730011,488.187012,3.728474,49.993999
215,12,852.900024,994.419739,-557.738892,49.993999
215,13,863.840027,956.928467,1732.417114,-100.010246
215,16,864.510010,1670.952026,1298.289551,49.993999
216,1,539.169983,1128.627441,1227.932129,-134.412994
216,3,597.500000,1525.977051,895.788330,-154.363037
216,5,445.309998,1198.061890,1053.390747,-138.202133
216,6,454.380005,1308.884521,951.971191,-142.035294
216,7,394.450012,334.800079,950.754333,-84.915848
216,8,468.700012,1231.135742,35.446419,-110.310844
216,9,710.690002,-321.135651,477.995605,49.993999
216,10,179.460007,317.156891,197.742966,49.993999
216,11,179.699997,407.941650,104.693611,49.993999
216,12,678.010010,660.634277,-488.774384,49.993999
216,13,916.599976,1299.742310,1585.076538,-109.171913
216,15,968.989990,1230.437256,1674.051025,49.993999
216,16,956.299988,1913.157959,959.360229,49.993999
217,1,539.169983,1128.627441,1227.932129,-134.412994
217,3,597.500000,1525.977051,895.788330,-154.363037
217,5,445.309998,1198.061890,1053.390747,-138.202133
217,6,454.380005,1308.884521,951.971191,-142.035294
217,7,394.450012,334.800079,950.754333,-84.915848
217,8,468.700012,1231.135742,35.446419,-110.310844
217,9,710.690002,-321.135651,477.995605,49.993999
217,10,179.460007,317.156891,197.742966,49.993999
217,11,179.699997,407.941650,104.693611,49.993999
217,12,678.010010,660.634277,-488.774384,49.993999
217,13,916.599976,1299.742310,1585.076538,-109.171913
217,15,968.989990,1230.437256,1674.051025,49.993999
217,16,956.299988,1913.157959,959.360229,49.993999
218,1,539.169983,1128.627441,1227.932129,-134.412994
218,3,597.500000,1525.977051,895.788330,-154.363037
218,5,445.309998,1198.061890,1053.390747,-138.202133
218,6,454.380005,1308.884521,951.971191,-142.035294
218,7,394.450012,334.800079,950.754333,-84.915848
218,8,468.700012,1231.135742,35.446419,-110.310844
218,9,710.690002,-321.135651,477.995605,49.993999
218,10,179.460007,317.156891,197.742966,49.993999
218,11,179.699997,407.941650,104.693611,49.993999
218,12,678.010010,660.634277,-488.774384,49.993999
218,13,916.599976,1299.742310,1585.076538,-109.171913
218,15,968.989990,1230.437256,1674.051025,49.993999
218,16,956.299988,1913.157959,959.360229,49.993999
219,1,539.169983,1128.627441,1227.932129,-134.412994
219,3,597.500000,1525.977051,895.788330,-154.363037
219,5,445.309998,1198.061890,1053.390747,-138.202133
219,6,454.380005,1308.884521,951.971191,-142.035294
219,7,394.450012,334.800079,950.754333,-84.915848
219,8,468.700012,1231.135742,35.446419,-110.310844
219,9,710.690002,-321.135651,477.995605,49.993999
219,10,179.460007,317.156891,197.742966,49.993999
219,11,179.699997,407.941650,104.693611,49.993999
219,12,678.010010,660.634277,-488.774384,49.993999
219,13,916.599976,1299.742310,1585.076538,-109.171913
219,15,968.989990,1230.437256,1674.051025,49.993999
219,16,956.299988,1913.157959,959.360229,49.993999
220,1,539.169983,1128.627441,1227.932129,-134.412994
220,3,597.500000,1525.977051,895.788330,-154.363037
220,5,445.309998,1198.061890,1053.390747,-138.202133
220,6,454.380005,1308.884521,951.971191,-142.035294
220,7,394.450012,334.800079,950.754333,-84.915848
220,8,468.700012,1231.135742,35.446419,-110.310844
220,9,710.690002,-321.135651,477.995605,49.993999
220,10,179.460007,317.156891,197.742966,49.993999
220,11,179.699997,407.941650,104.693611,49.993999
220,12,678.010010,660.634277,-488.774384,49.993999
220,13,916.599976,1299.742310,1585.076538,-109.171913
220,15,968.989990,1230.437256,1674.051025,49.993999
220,16,956.299988,1913.157959,959.360229,49.993999
221,1,539.169983,1128.627441,1227.932129,-134.412994
221,3,597.500000,1525.977051,895.788330,-154.363037
221,5,445.309998,1198.061890,1053.390747,-138.202133
221,6,454.380005,1308.884521,951.971191,-142.035294
221,7,394.450012,334.800079,950.754333,-84.915848
221,8,468.700012,1231.135742,35.446419,-110.310844
221,9,710.690002,-321.135651,477.995605,49.993999
221,10,179.460007,317.156891,197.742966,49.993999
221,11,179.699997,407.941650,104.693611,49.993999
221,12,678.010010,660.634277,-488.774384,49.993999
221,13,916.599976,1299.742310,1585.076538,-109.171913
221,15,968.989990,1230.437256,1674.051025,49.993999
221,16,956.299988,1913.157959,959.360229,49.993999
222,1,539.169983,1128.627441,1227.932129,-134.412994
222,3,597.500000,1525.977051,895.788330,-154.363037
222,5,445.309998,1198.061890,1053.390747,-138.202133
222,6,454.380005,1308.884521,951.971191,-142.035294
222,7,394.450012,334.800079,950.754333,-84.915848
222,8,468.700012,1231.135742,35.446419,-110.310844
222,9,710.690002,-321.135651,477.995605,49.993999
222,10,179.460007,317.156891,197.742966,49.993999
222,11,179.699997,407.941650,104.693611,49.993999
222,12,678.010010,660.634277,-488.774384,49.993999
222,13,916.599976,1299.742310,1585.076538,-109.171913
222,15,968.989990,1230.437256,1674.051025,49.993999
222,16,956.299988,1913.157959,959.360229,49.993999
223,1,539.169983,1128.627441,1227.932129,-134.412994
223,3,597.500000,1525.977051,895.788330,-154.363037
223,5,445.309998,1198.061890,1053.390747,-138.202133
223,6,454.380005,1308.884521,951.971191,-142.035294
223,7,394.450012,334.800079,950.754333,-84.915848
223,8,468.700012,1231.135742,35.446419,-110.310844
223,9,710.690002,-321.135651,477.995605,49.993999
223,10,179.460007,317.156891,197.742966,49.993999
223,11,179.699997,407.941650,104.693611,49.993999
223,12,678.010010,660.634277,-488.774384,49.993999
223,13,916.599976,1299.742310,1585.076538,-109.171913
223,15,968.989990,1230.437256,1674.051025,49.993999
223,16,956.299988,1913.157959,959.360229,49.993999
224,1,539.169983,1128.627441,1227.932129,-134.412994
224,3,597.500000,1525.977051,895.788330,-154.363037
224,5,445.309998,1198.061890,1053.390747,-138.202133
224,6,454.380005,1308.884521,951.971191,-142.035294
224,7,394.450012,334.800079,950.754333,-84.915848
224,8,468.700012,1231.135742,35.446419,-110.310844
224,9,710.690002,-321.135651,477.995605,49.993999
224,10,179.460007,317.156891,197.742966,49.993999
224,11,179.699997,407.941650,104.693611,49.993999
224,12,678.010010,660.634277,-488.774384,49.993999
224,13,916.599976,1299.742310,1585.076538,-109.171913
224,15,968.989990,1230.437256,1674.051025,49.993999
224,16,956.299988,1913.157959,959.360229,49.993999
225,1,539.169983,1128.627441,1227.932129,-134.412994
225,3,597.500000,1525.977051,895.788330,-154.363037
225,5,445.309998,1198.061890,1053.390747,-138.202133
225,6,454.380005,1308.884521,951.971191,-142.035294
225,7,394.450012,334.800079,950.754333,-84.915848
225,8,468.700012,1231.135742,35.446419,-110.310844
225,9,710.690002,-321.135651,477.995605,49.993999
225,10,179.460007,317.156891,197.742966,49.993999
225,11,179.699997,407.941650,104.693611,49.993999
225,12,678.010010,660.634277,-488.774384,49.993999
225,13,916.599976,1299.742310,1585.076538,-109.171913
225,15,968.989990,1230.437256,1674.051025,49.993999
225,16,956.299988,1913.157959,959.360229,49.993999
226,1,539.169983,1128.627441,1227.932129,-134.412994
226,3,597.500000,1525.977051,895.788330,-154.363037
226,5,445.309998,1198.061890,1053.390747,-138.202133
226,6,454.380005,1308.884521,951.971191,-142.035294
226,7,394.450012,334.800079,950.754333,-84.915848
226,8,468.700012,1231.135742,35.446419,-110.310844
226,9,710.690002,-321.135651,477.995605,49.993999
226,10,179.460007,317.156891,197.742966,49.993999
226,11,179.699997,407.941650,104.693611,49.993999
226,12,678.010010,660.634277,-488.774384,49.993999
226,13,916.599976,1299.742310,1585.076538,-109.171913
226,15,968.989990,1230.437256,1674.051025,49.993999
226,16,956.299988,1913.157959,959.360229,49.993999
227,1,539.169983,1128.627441,1227.932129,-134.412994
227,3,597.500000,1525.977051,895.788330,-154.363037
227,5,445.309998,1198.061890,1053.390747,-138.202133
227,6,454.380005,1308.884521,951.971191,-142.035294
227,7,394.450012,334.800079,950.754333,-84.915848
227,8,468.700012,1231.135742,35.446419,-110.310844
227,9,710.690002,-321.135651,477.995605,49.993999
227,10,179.460007,317.156891,197.742966,49.993999
227,11,179.699997,407.941650,104.693611,49.993999
227,12,678.010010,660.634277,-488.774384,49.993999
227,13,916.599976,1299.742310,1585.076538,-109.171913
227,15,968.989990,1230.437256,1674.051025,49.993999
227,16,956.299988,1913.157959,959.360229,49.993999
228,1,539.169983,1128.627441,1227.932129,-134.412994
228,3,597.500000,1525.977051,895.788330,-154.363037
228,5,445.309998,1198.061890,1053.390747,-138.202133
228,6,454.380005,1308.884521,951.971191,-142.035294
228,7,394.450012,334.800079,950.754333,-84.915848
228,8,468.700012,1231.135742,35.446419,-110.310844
228,9,710.690002,-321.135651,477.995605,49.993999
228,10,179.460007,317.156891,197.742966,49.993999
228,11,179.699997,407.941650,104.693611,49.993999
228,12,678.010010,660.634277,-488.774384,49.993999
228,13,916.599976,1299.742310,1585.076538,-109.171913
228,15,968.989990,1230.437256,1674.051025,49.993999
228,16,956.299988,1913.157959,959.360229,49.993999
229,1,448.619995,1183.940552,1034.024170,-103.443077
229,3,496.309998,1479.270752,687.048218,-119.754013
229,4,739.070007,1801.528442,449.042694,49.993999
229,5,376.529999,1221.939209,884.498657,-109.134453
229,6,387.899994,1316.620850,767.701477,-113.939621
229,7,376.320007,414.234161,944.622681,-78.715019
229,8,497.859985,1156.830688,-111.985352,-120.284142
229,9,560.270020,-169.405304,585.169861,49.993999
229,10,271.739990,189.838364,165.237396,49.993999
229,11,281.049988,256.972076,53.524632,49.993999
229,14,982.280029,1962.951416,817.555298,-120.577141
229,16,678.530029,1702.588013,616.527039,49.993999
230,1,448.619995,1183.940552,1034.024170,-103.443077
230,3,496.309998,1479.270752,687.048218,-119.754013
230,4,739.070007,1801.528442,449.042694,49.993999
230,5,376.529999,1221.939209,884.498657,-109.134453
230,6,387.899994,1316.620850,767.701477,-113.939621
230,7,376.320007,414.234161,944.622681,-78.715019
230,8,497.859985,1156.830688,-111.985352,-120.284142
230,9,560.270020,-169.405304,585.169861,49.993999
230,10,271.739990,189.838364,165.237396,49.993999
230,11,281.049988,256.972076,53.524632,49.993999
230,14,982.280029,1962.951416,817.555298,-120.577141
230,16,678.530029,1702.588013,616.527039,49.993999
231,1,448.619995,1183.940552,1034.024170,-103.443077
231,3,496.309998,1479.270752,687.048218,-119.754013
231,4,739.070007,1801.528442,449.042694,49.993999
231,5,376.529999,1221.939209,884.498657,-109.134453
231,6,387.899994,1316.620850,767.701477,-113.939621
231,7,376.320007,414.234161,944.622681,-78.715019
231,8,497.859985,1156.830688,-111.985352,-120.284142
231,9,560.270020,-169.405304,585.169861,49.993999
231,10,271.739990,189.838364,165.237396,49.993999
231,11,281.049988,256.972076,53.524632,49.993999
231,14,982.280029,1962.951416,817.555298,-120.577141
231,16,678.530029,1702.588013,616.527039,49.993999
232,1,448.619995,1183.940552,1034.024170,-103.443077
232,3,496.309998,1479.270752,687.048218,-119.754013
232,4,739.070007,1801.528442,449.042694,49.993999
232,5,376.529999,1221.939209,884.498657,-109.134453
232,6,387.899994,1316.620850,767.701477,-113.939621
232,7,376.320007,414.234161,944.622681,-78.715019
232,8,497.859985,1156.830688,-111.985352,-120.284142
232,9,560.270020,-169.405304,585.169861,49.993999
232,10,271.739990,189.838364,165.237396,49.993999
232,11,281.049988,256.972076,53.524632,49.993999
232,14,982.280029,1962.951416,817.555298,-120.577141
232,16,678.530029,1702.588013,616.527039,49.993999
233,1,448.619995,1183.940552,1034.024170,-103.443077
233,3,496.309998,1479.270752,687.048218,-119.754013
233,4,739.070007,1801.528442,449.042694,49.993999
233,5,376.529999,1221.939209,884.498657,-109.134453
233,6,387.899994,1316.620850,767.701477,-113.939621
233,7,376.320007,414.234161,944.622681,-78.715019
233,8,497.859985,1156.830688,-111.985352,-120.284142
233,9,560.270020,-169.405304,585.169861,49.993999
233,10,271.739990,189.838364,165.237396,49.993999
233,11,281.049988,256.972076,53.524632,49.993999
233,14,982.280029,1962.951416,817.555298,-120.577141
233,16,678.530029,1702.588013,616.527039,49.993999
234,1,448.619995,1183.940552,1034.024170,-103.443077
234,3,496.309998,1479.270752,687.048218,-119.754013
234,4,739.070007,1801.528442,449.042694,49.993999
234,5,376.529999,1221.939209,884.498657,-109.134453
234,6,387.899994,1316.620850,767.701477,-113.939621
234,7,376.320007,414.234161,944.622681,-78.715019
234,8,497.859985,1156.830688,-111.985352,-120.284142
234,9,560.270020,-169.405304,585.169861,49.993999
234,10,271.739990,189.838364,165.237396,49.993999
234,11,281.049988,256.972076,53.524632,49.993999
234,14,982.280029,1962.951416,817.555298,-120.577141
234,16,678.530029,1702.588013,616.527039,49.993999
235,1,448.619995,1183.940552,1034.024170,-103.443077
235,3,496.309998,1479.270752,687.048218,-119.754013
235,4,739.070007,1801.528442,449.042694,49.993999
235,5,376.529999,1221.939209,884.498657,-109.134453
235,6,387.899994,1316.620850,767.701477,-113.939621
235,7,376.320007,414.234161,944.622681,-78.715019
235,8,497.859985,1156.830688,-111.985352,-120.284142
235,9,560.270020,-169.405304,585.169861,49.993999
235,10,271.739990,189.838364,165.237396,49.993999
235,11,281.049988,256.972076,53.524632,49.993999
235,14,982.280029,1962.951416,817.555298,-120.577141
235,16,678.530029,1702.588013,616.527039,49.993999
236,1,448.619995,1183.940552,1034.024170,-103.443077
236,3,496.309998,1479.270752,687.048218,-119.754013
236,4,739.070007,1801.528442,449.042694,49.993999
236,5,376.529999,1221.939209,884.498657,-109.134453
236,6,387.899994,1316.620850,767.701477,-113.939621
236,7,376.320007,414.234161,944.622681,-78.715019
236,8,497.859985,1156.830688,-111.985352,-120.284142
236,9,560.270020,-169.405304,585.169861,49.993999
236,10,271.739990,189.838364,165.237396,49.993999
236,11,281.049988,256.972076,53.524632,49.993999
236,14,982.280029,1962.951416,817.555298,-120.577141
236,16,678.530029,1702.588013,616.527039,49.993999
237,1,448.619995,1183.940552,1034.024170,-103.443077
237,3,496.309998,1479.270752,687.048218,-119.754013
237,4,739.070007,1801.528442,449.042694,49.993999
237,5,376.529999,1221.939209,884.498657,-109.134453
237,6,387.899994,1316.620850,767.701477,-113.939621
237,7,376.320007,414.234161,944.622681,-78.715019
237,8,497.859985,1156.830688,-111.985352,-120.284142
237,9,560.270020,-169.405304,585.169861,49.993999
237,10,271.739990,189.838364,165.237396,49.993999
237,11,281.049988,256.972076,53.524632,49.993999
237,14,982.280029,1962.951416,817.555298,-120.577141
237,16,678.530029,1702.588013,616.527039,49.993999
238,1,448.619995,1183.940552,1034.024170,-103.443077
238,3,496.309998,1479.270752,687.048218,-119.754013
238,4,739.070007,1801.528442,449.042694,49.993999
238,5,376.529999,1221.939209,884.498657,-109.134453
238,6,387.899994,1316.620850,767.701477,-113.939621
238,7,376.320007,414.234161,944.622681,-78.715019
238,8,497.859985,1156.830688,-111.985352,-120.284142
238,9,560.270020,-169.405304,585.169861,49.993999
238,10,271.739990,189.838364,165.237396,49.993999
238,11,281.049988,256.972076,53.524632,49.993999
238,14,982.280029,1962.951416,817.555298,-120.577141
238,16,678.530029,1702.588013,616.527039,49.993999
239,1,539.530029,1234.367798,1084.977539,-134.536133
239,3,555.640015,1527.577393,677.282410,-140.046082
239,4,839.510010,1891.742920,427.288147,49.993999
239,5,435.100006,1263.614258,895.371887,-133.887207
239,6,439.399994,1350.937134,773.347717,-135.704468
239,7,431.839996,383.876526,983.024414,-97.703979
239,8,444.750000,1109.189209,-88.258072,-102.119461
239,9,799.809998,-414.968964,615.233826,49.993999
239,10,204.070007,231.197083,202.411163,49.993999
239,11,195.009995,311.582397,99.842712,49.993999
239,12,683.289978,465.320587,-525.738159,49.993999
239,16,806.419983,1816.407104,631.140381,49.993999
240,1,539.530029,1234.367798,1084.977539,-134.536133
240,3,555.640015,1527.577393,677.282410,-140.046082
240,4,839.510010,1891.742920,427.288147,49.993999
240,5,435.100006,1263.614258,895.371887,-133.887207
240,6,439.399994,1350.937134,773.347717,-135.704468
240,7,431.839996,383.876526,983.024414,-97.703979
240,8,444.750000,1109.189209,-88.258072,-102.119461
240,9,799.809998,-414.968964,615.233826,49.993999
240,10,204.070007,231.197083,202.411163,49.993999
240,11,195.009995,311.582397,99.842712,49.993999
240,12,683.289978,465.320587,-525.738159,49.993999
240,16,806.419983,1816.407104,631.140381,49.993999
241,1,539.530029,1234.367798,1084.977539,-134.536133
241,3,555.640015,1527.577393,677.282410,-140.046082
241,4,839.510010,1891.742920,427.288147,49.993999
241,5,435.100006,1263.614258,895.371887,-133.887207
241,6,439.399994,1350.937134,773.347717,-135.704468
241,7,431.839996,383.876526,983.024414,-97.703979
241,8,444.750000,1109.189209,-88.258072,-102.119461
241,9,799.809998,-414.968964,615.233826,49.993999
241,10,204.070007,231.197083,202.411163,49.993999
241,11,195.009995,311.582397,99.842712,49.993999
241,12,683.289978,465.320587,-525.738159,49.993999
241,16,806.419983,1816.407104,631.140381,49.993999
242,1,539.530029,1234.367798,1084.977539,-134.536133
242,3,555.640015,1527.577393,677.282410,-140.046082
242,4,839.510010,1891.742920,427.288147,49.993999
242,5,435.100006,1263.614258,895.371887,-133.887207
242,6,439.399994,1350.937134,773.347717,-135.704468
242,7,431.839996,383.876526,983.024414,-97.703979
242,8,444.750000,1109.189209,-88.258072,-102.119461
242,9,799.809998,-414.968964,615.233826,49.993999
242,10,204.070007,231.197083,202.411163,49.993999
242,11,195.009995,311.582397,99.842712,49.993999
242,12,683.289978,465.320587,-525.738159,49.993999
242,16,806.419983,1816.407104,631.140381,49.993999
243,1,539.530029,1234.367798,1084.977539,-134.536133
243,3,555.640015,1527.577393,677.282410,-140.046082
243,4,839.510010,1891.742920,427.288147,49.993999
243,5,435.100006,1263.614258,895.371887,-133.887207
243,6,439.399994,1350.937134,773.347717,-135.704468
243,7,431.839996,383.876526,983.024414,-97.703979
243,8,444.750000,1109.189209,-88.258072,-102.119461
243,9,799.809998,-414.968964,615.233826,49.993999
243,10,204.070007,231.197083,202.411163,49.993999
243,11,195.009995,311.582397,99.842712,49.993999
243,12,683.289978,465.320587,-525.738159,49.993999
243,16,806.419983,1816.407104,631.140381,49.993999
244,1,539.530029,1234.367798,1084.977539,-134.536133
244,3,555.640015,1527.577393,677.282410,-140.046082
244,4,839.510010,1891.742920,427.288147,49.993999
244,5,435.100006,1263.614258,895.371887,-133.887207
244,6,439.399994,1350.937134,773.347717,-135.704468
244,7,431.839996,383.876526,983.024414,-97.703979
244,8,444.750000,1109.189209,-88.258072,-102.119461
244,9,799.809998,-414.968964,615.233826,49.993999
244,10,204.070007,231.197083,202.411163,49.993999
244,11,195.009995,311.582397,99.842712,49.993999
244,12,683.289978,465.320587,-525.738159,49.993999
244,16,806.419983,1816.407104,631.140381,49.993999
245,1,539.530029,1234.367798,1084.977539,-134.536133
245,3,555.640015,1527.577393,677.282410,-140.046082
245,4,839.510010,1891.742920,427.288147,49.993999
245,5,435.100006,1263.614258,895.371887,-133.887207
245,6,439.399994,1350.937134,773.347717,-135.704468
245,7,431.839996,383.876526,983.024414,-97.703979
245,8,444.750000,1109.189209,-88.258072,-102.119461
245,9,799.809998,-414.968964,615.233826,49.993999
245,10,204.070007,231.197083,202.411163,49.993999
245,11,195.009995,311.582397,99.842712,49.993999
245,12,683.289978,465.320587,-525.738159,49.993999
245,16,806.419983,1816.407104,631.140381,49.993999
246,1,539.530029,1234.367798,1084.977539,-134.536133
246,3,555.640015,1527.577393,677.282410,-140.046082
246,4,839.510010,1891.742920,427.288147,49.993999
246,5,435.100006,1263.614258,895.371887,-133.887207
246,6,439.399994,1350.937134,773.347717,-135.704468
246,7,431.839996,383.876526,983.024414,-97.703979
246,8,444.750000,1109.189209,-88.258072,-102.119461
246,9,799.809998,-414.968964,615.233826,49.993999
246,10,204.070007,231.197083,202.411163,49.993999
246,11,195.009995,311.582397,99.842712,49.993999
246,12,683.289978,465.320587,-525.738159,49.993999
246,16,806.419983,1816.407104,631.140381,49.993999
247,1,539.530029,1234.367798,1084.977539,-134.536133
247,3,555.640015,1527.577393,677.282410,-140.046082
247,4,839.510010,1891.742920,427.288147,49.993999
247,5,435.100006,1263.614258,895.371887,-133.887207
247,6,439.399994,1350.937134,773.347717,-135.704468
247,7,431.839996,383.876526,983.024414,-97.703979
247,8,444.750000,1109.189209,-88.258072,-102.119461
247,9,799.809998,-414.968964,615.233826,49.993999
247,10,204.070007,231.197083,202.411163,49.993999
247,11,195.009995,311.582397,99.842712,49.993999
247,12,683.289978,465.320587,-525.738159,49.993999
247,16,806.419983,1816.407104,631.140381,49.993999
248,1,539.530029,1234.367798,1084.977539,-134.536133
248,3,555.640015,1527.577393,677.282410,-140.046082
248,4,839.510010,1891.742920,427.288147,49.993999
248,5,435.100006,1263.614258,895.371887,-133.887207
248,6,439.399994,1350.937134,773.347717,-135.704468
248,7,431.839996,383.876526,983.024414,-97.703979
248,8,444.750000,1109.189209,-88.258072,-102.119461
248,9,799.809998,-414.968964,615.233826,49.993999
248,10,204.070007,231.197083,202.411163,49.993999
248,11,195.009995,311.582397,99.842712,49.993999
248,12,683.289978,465.320587,-525.738159,49.993999
248,16,806.419983,1816.407104,631.140381,49.993999
249,1,539.530029,1234.367798,1084.977539,-134.536133
249,3,555.640015,1527.577393,677.282410,-140.046082
249,4,839.510010,1891.742920,427.288147,49.993999
249,5,435.100006,1263.614258,895.371887,-133.887207
249,6,439.399994,1350.937134,773.347717,-135.704468
249,7,431.839996,383.876526,983.024414,-97.703979
249,8,444.750000,1109.189209,-88.258072,-102.119461
249,9,799.809998,-414.968964,615.233826,49.993999
249,10,204.070007,231.197083,202.411163,49.993999
249,11,195.009995,311.582397,99.842712,49.993999
249,12,683.289978,465.320587,-525.738159,49.993999
249,16,806.419983,1816.407104,631.140381,49.993999
250,1,539.530029,1234.367798,1084.977539,-134.536133
250,3,555.640015,1527.577393,677.282410,-140.046082
250,4,839.510010,1891.742920,427.288147,49.993999
250,5,435.100006,1263.614258,895.371887,-133.887207
250,6,439.399994,1350.937134,773.347717,-135.704468
250,7,431.839996,383.876526,983.024414,-97.703979
250,8,444.750000,1109.189209,-88.258072,-102.119461
250,9,799.809998,-414.968964,615.233826,49.993999
250,10,204.070007,231.197083,202.411163,49.993999
250,11,195.009995,311.582397,99.842712,49.993999
250,12,683.289978,465.320587,-525.738159,49.993999
250,16,806.419983,1816.407104,631.140381,49.993999
251,1,505.399994,1225.522705,1069.056641,-122.862976
251,3,526.419983,1510.907715,680.651855,-130.052231
251,4,772.320007,1834.685791,432.542847,49.993999
251,5,411.299988,1255.713745,893.337402,-123.828888
251,6,416.929993,1344.034790,771.989075,-126.208229
251,7,417.549988,401.365814,981.963684,-92.816505
251,8,448.399994,1121.073120,-81.039619,-103.367828
251,9,771.359985,-376.708740,622.367981,49.993999
251,10,226.440002,222.634277,199.928268,49.993999
251,11,219.350006,301.388306,96.255356,49.993999
251,12,746.159973,458.057678,-576.144226,49.993999
251,16,738.159973,1761.865845,618.863098,49.993999
252,1,505.399994,1225.522705,1069.056641,-122.862976
252,3,526.419983,1510.907715,680.651855,-130.052231
252,4,772.320007,1834.685791,432.542847,49.993999
252,5,411.299988,1255.713745,893.337402,-123.828888
252,6,416.929993,1344.034790,771.989075,-126.208229
252,7,417.549988,401.365814,981.963684,-92.816505
252,8,448.399994,1121.073120,-81.039619,-103.367828
252,9,771.359985,-376.708740,622.367981,49.993999
252,10,226.440002,222.634277,199.928268,49.993999
252,11,219.350006,301.388306,96.255356,49.993999
252,12,746.159973,458.057678,-576.144226,49.993999
252,16,738.159973,1761.865845,618.863098,49.993999
253,1,505.399994,1225.522705,1069.056641,-122.862976
253,3,526.419983,1510.907715,680.651855,-130.052231
253,4,772.320007,1834.685791,432.542847,49.993999
253,5,411.299988,1255.713745,893.337402,-123.828888
253,6,416.929993,1344.034790,771.989075,-126.208229
253,7,417.549988,401.365814,981.963684,-92.816505
253,8,448.399994,1121.073120,-81.039619,-103.367828
253,9,771.359985,-376.708740,622.367981,49.993999
253,10,226.440002,222.634277,199.928268,49.993999
253,11,219.350006,301.388306,96.255356,49.993999
253,12,746.159973,458.057678,-576.144226,49.993999
253,16,738.159973,1761.865845,618.863098,49.993999
254,1,505.399994,1225.522705,1069.056641,-122.862976
254,3,526.419983,1510.907715,680.651855,-130.052231
254,4,772.320007,1834.685791,432.542847,49.993999
254,5,411.299988,1255.713745,893.337402,-123.828888
254,6,416.929993,1344.034790,771.989075,-126.208229
254,7,417.549988,401.365814,981.963684,-92.816505
254,8,448.399994,1121.073120,-81.039619,-103.367828
254,9,771.359985,-376.708740,622.367981,49.993999
254,10,226.440002,222.634277,199.928268,49.993999
254,11,219.350006,301.388306,96.255356,49.993999
254,12,746.159973,458.057678,-576.144226,49.993999
254,16,738.159973,1761.865845,618.863098,49.993999
255,1,505.399994,1225.522705,1069.056641,-122.862976
255,3,526.419983,1510.907715,680.651855,-130.052231
255,4,772.320007,1834.685791,432.542847,49.993999
255,5,411.299988,1255.713745,893.337402,-123.828888
255,6,416.929993,1344.034790,771.989075,-126.208229
255,7,417.549988,401.365814,981.963684,-92.816505
255,8,448.399994,1121.073120,-81.039619,-103.367828
255,9,771.359985,-376.708740,622.367981,49.993999
255,10,226.440002,222.634277,199.928268,49.993999
255,11,219.350006,301.388306,96.255356,49.993999
255,12,746.159973,458.057678,-576.144226,49.993999
255,16,738.159973,1761.865845,618.863098,49.993999
256,1,505.399994,1225.522705,1069.056641,-122.862976
256,3,526.419983,1510.907715,680.651855,-130.052231
256,4,772.320007,1834.685791,432.542847,49.993999
256,5,411.299988,1255.713745,893.337402,-123.828888
256,6,416.929993,1344.034790,771.989075,-126.208229
256,7,417.549988,401.365814,981.963684,-92.816505
256,8,448.399994,1121.073120,-81.039619,-103.367828
256,9,771.359985,-376.708740,622.367981,49.993999
256,10,226.440002,222.634277,199.928268,49.993999
256,11,219.350006,301.388306,96.255356,49.993999
256,12,746.159973,458.057678,-576.144226,49.993999
256,16,738.159973,1761.865845,618.863098,49.993999
257,1,505.399994,1225.522705,1069.056641,-122.862976
257,3,526.419983,1510.907715,680.651855,-130.052231
257,4,772.320007,1834.685791,432.542847,49.993999
257,5,411.299988,1255.713745,893.337402,-123.828888
257,6,416.929993,1344.034790,771.989075,-126.208229
257,7,417.549988,401.365814,981.963684,-92.816505
257,8,448.399994,1121.073120,-81.039619,-103.367828
257,9,771.359985,-376.708740,622.367981,49.993999
257,10,226.440002,222.634277,199.928268,49.993999
257,11,219.350006,301.388306,96.255356,49.993999
257,12,746.159973,458.057678,-576.144226,49.993999
257,16,738.159973,1761.865845,618.863098,49.993999
258,1,505.399994,1225.522705,1069.056641,-122.862976
258,3,526.419983,1510.907715,680.651855,-130.052231
258,4,772.320007,1834.685791,432.542847,49.993999
258,5,411.299988,1255.713745,893.337402,-123.828888
258,6,416.929993,1344.034790,771.989075,-126.208229
258,7,417.549988,401.365814,981.963684,-92.816505
258,8,448.399994,1121.073120,-81.039619,-103.367828
258,9,771.359985,-376.708740,622.367981,49.993999
258,10,226.440002,222.634277,199.928268,49.993999
258,11,219.350006,301.388306,96.255356,49.993999
258,12,746.159973,458.057678,-576.144226,49.993999
258,16,738.159973,1761.865845,618.863098,49.993999
259,1,505.399994,1225.522705,1069.056641,-122.862976
259,3,526.419983,1510.907715,680.651855,-130.052231
259,4,772.320007,1834.685791,432.542847,49.993999
259,5,411.299988,1255.713745,893.337402,-123.828888
259,6,416.929993,1344.034790,771.989075,-126.208229
259,7,417.549988,401.365814,981.963684,-92.816505
259,8,448.399994,1121.073120,-81.039619,-103.367828
259,9,771.359985,-376.708740,622.367981,49.993999
259,10,226.440002,222.634277,199.928268,49.993999
259,11,219.350006,301.388306,96.255356,49.993999
259,12,746.159973,458.057678,-576.144226,49.993999
259,16,738.159973,1761.865845,618.863098,49.993999
260,1,505.399994,1225.522705,1069.056641,-122.862976
260,3,526.419983,1510.907715,680.651855,-130.052231
260,4,772.320007,1834.685791,432.542847,49.993999
260,5,411.299988,1255.713745,893.337402,-123.828888
260,6,416.929993,1344.034790,771.989075,-126.208229
260,7,417.549988,401.365814,981.963684,-92.816505
260,8,448.399994,1121.073120,-81.039619,-103.367828
260,9,771.359985,-376.708740,622.367981,49.993999
260,10,226.440002,222.634277,199.928268,49.993999
260,11,219.350006,301.388306,96.255356,49.993999
260,12,746.159973,458.057678,-576.144226,49.993999
260,16,738.159973,1761.865845,618.863098,49.993999
261,1,505.399994,1225.522705,1069.056641,-122.862976
261,3,526.419983,1510.907715,680.651855,-130.052231
261,4,772.320007,1834.685791,432.542847,49.993999
261,5,411.299988,1255.713745,893.337402,-123.828888
261,6,416.929993,1344.034790,771.989075,-126.208229
261,7,417.549988,401.365814,981.963684,-92.816505
261,8,448.399994,1121.073120,-81.039619,-103.367828
261,9,771.359985,-376.708740,622.367981,49.993999
261,10,226.440002,222.634277,199.928268,49.993999
261,11,219.350006,301.388306,96.255356,49.993999
261,12,746.159973,458.057678,-576.144226,49.993999
261,16,738.159973,1761.865845,618.863098,49.993999
262,1,528.299988,1292.641235,1112.835205,-130.695236
262,3,547.340027,1581.667358,709.760681,-137.207321
262,4,822.640015,1934.821411,457.988739,49.993999
262,5,425.970001,1319.926636,926.943726,-130.028702
262,6,432.190002,1407.843140,805.278381,-132.657394
262,7,423.260010,452.179749,1018.619202,-94.769447
262,8,445.679993,1166.007324,-51.720150,-102.437538
262,9,778.710022,-332.714783,660.806763,49.993999
262,10,207.300003,286.893738,244.006348,49.993999
262,11,205.779999,360.288086,136.695679,49.993999
262,12,704.400024,512.690491,-504.229065,49.993999
262,16,782.450012,1855.040771,655.765503,49.993999
263,1,528.299988,1292.641235,1112.835205,-130.695236
263,3,547.340027,1581.667358,709.760681,-137.207321
263,4,822.640015,1934.821411,457.988739,49.993999
263,5,425.970001,1319.926636,926.943726,-130.028702
263,6,432.190002,1407.843140,805.278381,-132.657394
263,7,423.260010,452.179749,1018.619202,-94.769447
263,8,445.679993,1166.007324,-51.720150,-102.437538
263,9,778.710022,-332.714783,660.806763,49.993999
263,10,207.300003,286.893738,244.006348,49.993999
263,11,205.779999,360.288086,136.695679,49.993999
263,12,704.400024,512.690491,-504.229065,49.993999
263,16,782.450012,1855.040771,655.765503,49.993999
264,1,528.299988,1292.641235,1112.835205,-130.695236
264,3,547.340027,1581.667358,709.760681,-137.207321
264,4,822.640015,1934.821411,457.988739,49.993999
264,5,425.970001,1319.926636,926.943726,-130.028702
264,6,432.190002,1407.843140,805.278381,-132.657394
264,7,423.260010,452.179749,1018.619202,-94.769447
264,8,445.679993,1166.007324,-51.720150,-102.437538
264,9,778.710022,-332.714783,660.806763,49.993999
264,10,207.300003,286.893738,244.006348,49.993999
264,11,205.779999,360.288086,136.695679,49.993999
264,12,704.400024,512.690491,-504.229065,49.993999
264,16,782.450012,1855.040771,655.765503,49.993999
265,1,528.299988,1292.641235,1112.835205,-130.695236
265,3,547.340027,1581.667358,709.760681,-137.207321
265,4,822.640015,1934.821411,457.988739,49.993999
265,5,425.970001,1319.926636,926.943726,-130.028702
265,6,432.190002,1407.843140,805.278381,-132.657394
265,7,423.260010,452.179749,1018.619202,-94.769447
265,8,445.679993,1166.007324,-51.720150,-102.437538
265,9,778.710022,-332.714783,660.806763,49.993999
265,10,207.300003,286.893738,244.006348,49.993999
265,11,205.779999,360.288086,136.695679,49.993999
265,12,704.400024,512.690491,-504.229065,49.993999
265,16,782.450012,1855.040771,655.765503,49.993999
266,1,528.299988,1292.641235,1112.835205,-130.695236
266,3,547.340027,1581.667358,709.760681,-137.207321
266,4,822.640015,1934.821411,457.988739,49.993999
266,5,425.970001,1319.926636,926.943726,-130.028702
266,6,432.190002,1407.843140,805.278381,-132.657394
266,7,423.260010,452.179749,1018.619202,-94.769447
266,8,445.679993,1166.007324,-51.720150,-102.437538
266,9,778.710022,-332.714783,660.806763,49.993999
266,10,207.300003,286.893738,244.006348,49.993999
266,11,205.779999,360.288086,136.695679,49.993999
266,12,704.400024,512.690491,-504.229065,49.993999
266,16,782.450012,1855.040771,655.765503,49.993999
267,1,528.299988,1292.641235,1112.835205,-130.695236
267,3,547.340027,1581.667358,709.760681,-137.207321
267,4,822.640015,1934.821411,457.988739,49.993999
267,5,425.970001,1319.926636,926.943726,-130.028702
267,6,432.190002,1407.843140,805.278381,-132.657394
267,7,423.260010,452.179749,1018.619202,-94.769447
267,8,445.679993,1166.007324,-51.720150,-102.437538
267,9,778.710022,-332.714783,660.806763,49.993999
267,10,207.300003,286.893738,244.006348,49.993999
267,11,205.779999,360.288086,136.695679,49.993999
267,12,704.400024,512.690491,-504.229065,49.993999
267,16,782.450012,1855.040771,655.765503,49.993999
268,1,528.299988,1292.641235,1112.835205,-130.695236
268,3,547.340027,1581.667358,709.760681,-137.207321
268,4,822.640015,1934.821411,457.988739,49.993999
268,5,425.970001,1319.926636,926.943726,-130.028702
268,6,432.190002,1407.843140,805.278381,-132.657394
268,7,423.260010,452.179749,1018.619202,-94.769447
268,8,445.679993,1166.007324,-51.720150,-102.437538
268,9,778.710022,-332.714783,660.806763,49.993999
268,10,207.300003,286.893738,244.006348,49.993999
268,11,205.779999,360.288086,136.695679,49.993999
268,12,704.400024,512.690491,-504.229065,49.993999
268,16,782.450012,1855.040771,655.765503,49.993999
269,1,528.299988,1292.641235,1112.835205,-130.695236
269,3,547.340027,1581.667358,709.760681,-137.207321
269,4,822.640015,1934.821411,457.988739,49.993999
269,5,425.970001,1319.926636,926.943726,-130.028702
269,6,432.190002,1407.843140,805.278381,-132.657394
269,7,423.260010,452.179749,1018.619202,-94.769447
269,8,445.679993,1166.007324,-51.720150,-102.437538
269,9,778.710022,-332.714783,660.806763,49.993999
269,10,207.300003,286.893738,244.006348,49.993999
269,11,205.779999,360.288086,136.695679,49.993999
269,12,704.400024,512.690491,-504.229065,49.993999
269,16,782.450012,1855.040771,655.765503,49.993999
270,1,528.299988,1292.641235,1112.835205,-130.695236
270,3,547.340027,1581.667358,709.760681,-137.207321
270,4,822.640015,1934.821411,457.988739,49.993999
270,5,425.970001,1319.926636,926.943726,-130.028702
270,6,432.190002,1407.843140,805.278381,-132.657394
270,7,423.260010,452.179749,1018.619202,-94.769447
270,8,445.679993,1166.007324,-51.720150,-102.437538
270,9,778.710022,-332.714783,660.806763,49.993999
270,10,207.300003,286.893738,244.006348,49.993999
270,11,205.779999,360.288086,136.695679,49.993999
270,12,704.400024,512.690491,-504.229065,49.993999
270,16,782.450012,1855.040771,655.765503,49.993999
271,1,528.299988,1292.641235,1112.835205,-130.695236
271,3,547.340027,1581.667358,709.760681,-137.207321
271,4,822.640015,1934.821411,457.988739,49.993999
271,5,425.970001,1319.926636,926.943726,-130.028702
271,6,432.190002,1407.843140,805.278381,-132.657394
271,7,423.260010,452.179749,1018.619202,-94.769447
271,8,445.679993,1166.007324,-51.720150,-102.437538
271,9,778.710022,-332.714783,660.806763,49.993999
271,10,207.300003,286.893738,244.006348,49.993999
271,11,205.779999,360.288086,136.695679,49.993999
271,12,704.400024,512.690491,-504.229065,49.993999
271,16,782.450012,1855.040771,655.765503,49.993999
272,1,528.299988,1292.641235,1112.835205,-130.695236
272,3,547.340027,1581.667358,709.760681,-137.207321
272,4,822.640015,1934.821411,457.988739,49.993999
272,5,425.970001,1319.926636,926.943726,-130.028702
272,6,432.190002,1407.843140,805.278381,-132.657394
272,7,423.260010,452.179749,1018.619202,-94.769447
272,8,445.679993,1166.007324,-51.720150,-102.437538
272,9,778.710022,-332.714783,660.806763,49.993999
272,10,207.300003,286.893738,244.006348,49.993999
272,11,205.779999,360.288086,136.695679,49.993999
272,12,704.400024,512.690491,-504.229065,49.993999
272,16,782.450012,1855.040771,655.765503,49.993999
273,1,528.299988,1292.641235,1112.835205,-130.695236
273,3,547.340027,1581.667358,709.760681,-137.207321
273,4,822.640015,1934.821411,457.988739,49.993999
273,5,425.970001,1319.926636,926.943726,-130.028702
273,6,432.190002,1407.843140,805.278381,-132.657394
273,7,423.260010,452.179749,1018.619202,-94.769447
273,8,445.679993,1166.007324,-51.720150,-102.437538
273,9,778.710022,-332.714783,660.806763,49.993999
273,10,207.300003,286.893738,244.006348,49.993999
273,11,205.779999,360.288086,136.695679,49.993999
273,12,704.400024,512.690491,-504.229065,49.993999
273,16,782.450012,1855.040771,655.765503,49.993999
274,3,533.330017,1646.302368,720.063721,-132.415604
274,4,784.340027,1965.520508,458.210449,49.993999
274,5,418.130005,1398.754272,944.753357,-126.715378
274,6,423.100006,1481.625854,819.643005,-128.815796
274,7,426.820007,538.800110,1071.736206,-95.987038
274,8,443.149994,1217.257935,-22.504435,-101.572227
274,9,753.609985,-230.920044,733.720642,49.993999
274,10,221.259995,337.820831,292.829834,49.993999
274,11,220.350006,407.098450,182.823303,49.993999
274,12,723.940002,544.447021,-473.686676,49.993999
274,16,742.200012,1892.090088,648.093140,49.993999
275,3,533.330017,1646.302368,720.063721,-132.415604
275,4,784.340027,1965.520508,458.210449,49.993999
275,5,418.130005,1398.754272,944.753357,-126.715378
275,6,423.100006,1481.625854,819.643005,-128.815796
275,7,426.820007,538.800110,1071.736206,-95.987038
275,8,443.149994,1217.257935,-22.504435,-101.572227
275,9,753.609985,-230.920044,733.720642,49.993999
275,10,221.259995,337.820831,292.829834,49.993999
275,11,220.350006,407.098450,182.823303,49.993999
275,12,723.940002,544.447021,-473.686676,49.993999
275,16,742.200012,1892.090088,648.093140,49.993999
276,3,533.330017,1646.302368,720.063721,-132.415604
276,4,784.340027,1965.520508,458.210449,49.993999
276,5,418.130005,1398.754272,944.753357,-126.715378
276,6,423.100006,1481.625854,819.643005,-128.815796
276,7,426.820007,538.800110,1071.736206,-95.987038
276,8,443.149994,1217.257935,-22.504435,-101.572227
276,9,753.609985,-230.920044,733.720642,49.993999
276,10,221.259995,337.820831,292.829834,49.993999
276,11,220.350006,407.098450,182.823303,49.993999
276,12,723.940002,544.447021,-473.686676,49.993999
276,16,742.200012,1892.090088,648.093140,49.993999
277,3,533.330017,1646.302368,720.063721,-132.415604
277,4,784.340027,1965.520508,458.210449,49.993999
277,5,418.130005,1398.754272,944.753357,-126.715378
277,6,423.100006,1481.625854,819.643005,-128.815796
277,7,426.820007,538.800110,1071.736206,-95.987038
277,8,443.149994,1217.257935,-22.504435,-101.572227
277,9,753.609985,-230.920044,733.720642,49.993999
277,10,221.259995,337.820831,292.829834,49.993999
277,11,220.350006,407.098450,182.823303,49.993999
277,12,723.940002,544.447021,-473.686676,49.993999
277,16,742.200012,1892.090088,648.093140,49.993999
278,3,533.330017,1646.302368,720.063721,-132.415604
278,4,784.340027,1965.520508,458.210449,49.993999
278,5,418.130005,1398.754272,944.753357,-126.715378
278,6,423.100006,1481.625854,819.643005,-128.815796
278,7,426.820007,538.800110,1071.736206,-95.987038
278,8,443.149994,1217.257935,-22.504435,-101.572227
278,9,753.609985,-230.920044,733.720642,49.993999
278,10,221.259995,337.820831,292.829834,49.993999
278,11,220.350006,407.098450,182.823303,49.993999
278,12,723.940002,544.447021,-473.686676,49.993999
278,16,742.200012,1892.090088,648.093140,49.993999
279,3,533.330017,1646.302368,720.063721,-132.415604
279,4,784.340027,1965.520508,458.210449,49.993999
279,5,418.130005,1398.754272,944.753357,-126.715378
279,6,423.100006,1481.625854,819.643005,-128.815796
279,7,426.820007,538.800110,1071.736206,-95.987038
279,8,443.149994,1217.257935,-22.504435,-101.572227
279,9,753.609985,-230.920044,733.720642,49.993999
279,10,221.259995,337.820831,292.829834,49.993999
279,11,220.350006,407.098450,182.823303,49.993999
279,12,723.940002,544.447021,-473.686676,49.993999
279,16,742.200012,1892.090088,648.093140,49.993999
280,3,533.330017,1646.302368,720.063721,-132.415604
280,4,784.340027,1965.520508,458.210449,49.993999
280,5,418.130005,1398.754272,944.753357,-126.715378
280,6,423.100006,1481.625854,819.643005,-128.815796
280,7,426.820007,538.800110,1071.736206,-95.987038
280,8,443.149994,1217.257935,-22.504435,-101.572227
280,9,753.609985,-230.920044,733.720642,49.993999
280,10,221.259995,337.820831,292.829834,49.993999
280,11,220.350006,407.098450,182.823303,49.993999
280,12,723.940002,544.447021,-473.686676,49.993999
280,16,742.200012,1892.090088,648.093140,49.993999
281,3,533.330017,1646.302368,720.063721,-132.415604
281,4,784.340027,1965.520508,458.210449,49.993999
281,5,418.130005,1398.754272,944.753357,-126.715378
281,6,423.100006,1481.625854,819.643005,-128.815796
281,7,426.820007,538.800110,1071.736206,-95.987038
281,8,443.149994,1217.257935,-22.504435,-101.572227
281,9,753.609985,-230.920044,733.720642,49.993999
281,10,221.259995,337.820831,292.829834,49.993999
281,11,220.350006,407.098450,182.823303,49.993999
281,12,723.940002,544.447021,-473.686676,49.993999
281,16,742.200012,1892.090088,648.093140,49.993999
282,3,533.330017,1646.302368,720.063721,-132.415604
282,4,784.340027,1965.520508,458.210449,49.993999
282,5,418.130005,1398.754272,944.753357,-126.715378
282,6,423.100006,1481.625854,819.643005,-128.815796
282,7,426.820007,538.800110,1071.736206,-95.987038
282,8,443.149994,1217.257935,-22.504435,-101.572227
282,9,753.609985,-230.920044,733.720642,49.993999
282,10,221.259995,337.820831,292.829834,49.993999
282,11,220.350006,407.098450,182.823303,49.993999
282,12,723.940002,544.447021,-473.686676,49.993999
282,16,742.200012,1892.090088,648.093140,49.993999
283,3,533.330017,1646.302368,720.063721,-132.415604
283,4,784.340027,1965.520508,458.210449,49.993999
283,5,418.130005,1398.754272,944.753357,-126.715378
283,6,423.100006,1481.625854,819.643005,-128.815796
283,7,426.820007,538.800110,1071.736206,-95.987038
283,8,443.149994,1217.257935,-22.504435,-101.572227
283,9,753.609985,-230.920044,733.720642,49.993999
283,10,221.259995,337.820831,292.829834,49.993999
283,11,220.350006,407.098450,182.823303,49.993999
283,12,723.940002,544.447021,-473.686676,49.993999
283,16,742.200012,1892.090088,648.093140,49.993999
284,3,533.330017,1646.302368,720.063721,-132.415604
284,4,784.340027,1965.520508,458.210449,49.993999
284,5,418.130005,1398.754272,944.753357,-126.715378
284,6,423.100006,1481.625854,819.643005,-128.815796
284,7,426.820007,538.800110,1071.736206,-95.987038
284,8,443.149994,1217.257935,-22.504435,-101.572227
284,9,753.609985,-230.920044,733.720642,49.993999
284,10,221.259995,337.820831,292.829834,49.993999
284,11,220.350006,407.098450,182.823303,49.993999
284,12,723.940002,544.447021,-473.686676,49.993999
284,16,742.200012,1892.090088,648.093140,49.993999
285,3,533.330017,1646.302368,720.063721,-132.415604
285,4,784.340027,1965.520508,458.210449,49.993999
285,5,418.130005,1398.754272,944.753357,-126.715378
285,6,423.100006,1481.625854,819.643005,-128.815796
285,7,426.820007,538.800110,1071.736206,-95.987038
285,8,443.149994,1217.257935,-22.504435,-101.572227
285,9,753.609985,-230.920044,733.720642,49.993999
285,10,221.259995,337.820831,292.829834,49.993999
285,11,220.350006,407.098450,182.823303,49.993999
285,12,723.940002,544.447021,-473.686676,49.993999
285,16,742.200012,1892.090088,648.093140,49.993999
286,2,909.190002,2010.470093,1156.520752,39.996399
286,3,551.559998,1762.809204,731.651306,-148.648224
286,4,818.010010,2085.110107,450.686554,39.996399
286,5,434.559998,1523.057739,973.123474,-143.656586
286,6,436.170013,1596.827515,842.509033,-144.337006
286,7,425.230011,658.315125,1134.946899,-105.440826
286,8,441.410004,1279.031006,10.521931,-110.974716
286,9,730.109985,-105.182182,833.090454,39.996399
286,10,194.669998,440.742584,381.364746,39.996399
286,11,191.919998,505.976807,268.883362,39.996399
286,12,683.900024,599.459473,-370.119019,39.996399
286,16,782.669983,2027.001465,654.409546,39.996399
287,2,909.190002,2010.470093,1156.520752,39.996399
287,3,551.559998,1762.809204,731.651306,-148.648224
287,4,818.010010,2085.110107,450.686554,39.996399
287,5,434.559998,1523.057739,973.123474,-143.656586
287,6,436.170013,1596.827515,842.509033,-144.337006
287,7,425.230011,658.315125,1134.946899,-105.440826
287,8,441.410004,1279.031006,10.521931,-110.974716
287,9,730.109985,-105.182182,833.090454,39.996399
287,10,194.669998,440.742584,381.364746,39.996399
287,11,191.919998,505.976807,268.883362,39.996399
287,12,683.900024,599.459473,-370.119019,39.996399
287,16,782.669983,2027.001465,654.409546,39.996399
288,2,909.190002,2010.470093,1156.520752,39.996399
288,3,551.559998,1762.809204,731.651306,-148.648224
288,4,818.010010,2085.110107,450.686554,39.996399
288,5,434.559998,1523.057739,973.123474,-143.656586
288,6,436.170013,1596.827515,842.509033,-144.337006
288,7,425.230011,658.315125,1134.946899,-105.440826
288,8,441.410004,1279.031006,10.521931,-110.974716
288,9,730.109985,-105.182182,833.090454,39.996399
288,10,194.669998,440.742584,381.364746,39.996399
288,11,191.919998,505.976807,268.883362,39.996399
288,12,683.900024,599.459473,-370.119019,39.996399
288,16,782.669983,2027.001465,654.409546,39.996399
289,2,909.190002,2010.470093,1156.520752,39.996399
289,3,551.559998,1762.809204,731.651306,-148.648224
289,4,818.010010,2085.110107,450.686554,39.996399
289,5,434.559998,1523.057739,973.123474,-143.656586
289,6,436.170013,1596.827515,842.509033,-144.337006
289,7,425.230011,658.315125,1134.946899,-105.440826
289,8,441.410004,1279.031006,10.521931,-110.974716
289,9,730.109985,-105.182182,833.090454,39.996399
289,10,194.669998,440.742584,381.364746,39.996399
289,11,191.919998,505.976807,268.883362,39.996399
289,12,683.900024,599.459473,-370.119019,39.996399
289,16,782.669983,2027.001465,654.409546,39.996399
290,2,909.190002,2010.470093,1156.520752,39.996399
290,3,551.559998,1762.809204,731.651306,-148.648224
290,4,818.010010,2085.110107,450.686554,39.996399
290,5,434.559998,1523.057739,973.123474,-143.656586
290,6,436.170013,1596.827515,842.509033,-144.337006
290,7,425.230011,658.315125,1134.946899,-105.440826
290,8,441.410004,1279.031006,10.521931,-110.974716
290,9,730.109985,-105.182182,833.090454,39.996399
290,10,194.669998,440.742584,381.364746,39.996399
290,11,191.919998,505.976807,268.883362,39.996399
290,12,683.900024,599.459473,-370.119019,39.996399
290,16,782.669983,2027.001465,654.409546,39.996399
291,2,909.190002,2010.470093,1156.520752,39.996399
291,3,551.559998,1762.809204,731.651306,-148.648224
291,4,818.010010,2085.110107,450.686554,39.996399
291,5,434.559998,1523.057739,973.123474,-143.656586
291,6,436.170013,1596.827515,842.509033,-144.337006
291,7,425.230011,658.315125,1134.946899,-105.440826
291,8,441.410004,1279.031006,10.521931,-110.974716
291,9,730.109985,-105.182182,833.090454,39.996399
291,10,194.669998,440.742584,381.364746,39.996399
291,11,191.919998,505.976807,268.883362,39.996399
291,12,683.900024,599.459473,-370.119019,39.996399
291,16,782.669983,2027.001465,654.409546,39.996399
292,2,909.190002,2010.470093,1156.520752,39.996399
292,3,551.559998,1762.809204,731.651306,-148.648224
292,4,818.010010,2085.110107,450.686554,39.996399
292,5,434.559998,1523.057739,973.123474,-143.656586
292,6,436.170013,1596.827515,842.509033,-144.337006
292,7,425.230011,658.315125,1134.946899,-105.440826
292,8,441.410004,1279.031006,10.521931,-110.974716
292,9,730.109985,-105.182182,833.090454,39.996399
292,10,194.669998,440.742584,381.364746,39.996399
292,11,191.919998,505.976807,268.883362,39.996399
292,12,683.900024,599.459473,-370.119019,39.996399
292,16,782.669983,2027.001465,654.409546,39.996399
293,2,909.190002,2010.470093,1156.520752,39.996399
293,3,551.559998,1762.809204,731.651306,-148.648224
293,4,818.010010,2085.110107,450.686554,39.996399
293,5,434.559998,1523.057739,973.123474,-143.656586
293,6,436.170013,1596.827515,842.509033,-144.337006
293,7,425.230011,658.315125,1134.946899,-105.440826
293,8,441.410004,1279.031006,10.521931,-110.974716
293,9,730.109985,-105.182182,833.090454,39.996399
293,10,194.669998,440.742584,381.364746,39.996399
293,11,191.919998,505.976807,268.883362,39.996399
293,12,683.900024,599.459473,-370.119019,39.996399
293,16,782.669983,2027.001465,654.409546,39.996399
294,2,909.190002,2010.470093,1156.520752,39.996399
294,3,551.559998,1762.809204,731.651306,-148.648224
294,4,818.010010,2085.110107,450.686554,39.996399
294,5,434.559998,1523.057739,973.123474,-143.656586
294,6,436.170013,1596.827515,842.509033,-144.337006
294,7,425.230011,658.315125,1134.946899,-105.440826
294,8,441.410004,1279.031006,10.521931,-110.974716
294,9,730.109985,-105.182182,833.090454,39.996399
294,10,194.669998,440.742584,381.364746,39.996399
294,11,191.919998,505.976807,268.883362,39.996399
294,12,683.900024,599.459473,-370.119019,39.996399
294,16,782.669983,2027.001465,654.409546,39.996399
295,2,909.190002,2010.470093,1156.520752,39.996399
295,3,551.559998,1762.809204,731.651306,-148.648224
295,4,818.010010,2085.110107,450.686554,39.996399
295,5,434.559998,1523.057739,973.123474,-143.656586
295,6,436.170013,1596.827515,842.509033,-144.337006
295,7,425.230011,658.315125,1134.946899,-105.440826
295,8,441.410004,1279.031006,10.521931,-110.974716
295,9,730.109985,-105.182182,833.090454,39.996399
295,10,194.669998,440.742584,381.364746,39.996399
295,11,191.919998,505.976807,268.883362,39.996399
295,12,683.900024,599.459473,-370.119019,39.996399
295,16,782.669983,2027.001465,654.409546,39.996399
296,1,562.030029,1667.291504,1177.660645,-152.229187
296,2,759.989990,2014.114136,1056.819580,39.996399
296,3,538.169983,1860.213623,712.004822,-144.068573
296,4,750.030029,2106.956055,416.359711,39.996399
296,5,437.540009,1652.876709,971.824890,-144.916000
296,6,430.660004,1710.376343,833.142944,-142.008377
296,7,474.130005,779.731995,1234.117798,-122.165611
296,8,421.399994,1331.930176,44.508846,-104.130890
296,9,793.809998,-45.115471,961.170105,39.996399
296,10,198.520004,525.977173,454.247925,39.996399
296,11,189.470001,588.920593,340.142578,39.996399
296,12,642.989990,652.732788,-267.808960,39.996399
296,16,745.090027,2093.890381,611.135742,39.996399
297,1,562.030029,1667.291504,1177.660645,-152.229187
297,2,759.989990,2014.114136,1056.819580,39.996399
297,3,538.169983,1860.213623,712.004822,-144.068573
297,4,750.030029,2106.956055,416.359711,39.996399
297,5,437.540009,1652.876709,971.824890,-144.916000
297,6,430.660004,1710.376343,833.142944,-142.008377
297,7,474.130005,779.731995,1234.117798,-122.165611
297,8,421.399994,1331.930176,44.508846,-104.130890
297,9,793.809998,-45.115471,961.170105,39.996399
297,10,198.520004,525.977173,454.247925,39.996399
297,11,189.470001,588.920593,340.142578,39.996399
297,12,642.989990,652.732788,-267.808960,39.996399
297,16,745.090027,2093.890381,611.135742,39.996399
298,1,562.030029,1667.291504,1177.660645,-152.229187
298,2,759.989990,2014.114136,1056.819580,39.996399
298,3,538.169983,1860.213623,712.004822,-144.068573
298,4,750.030029,2106.956055,416.359711,39.996399
298,5,437.540009,1652.876709,971.824890,-144.916000
298,6,430.660004,1710.376343,833.142944,-142.008377
298,7,474.130005,779.731995,1234.117798,-122.165611
298,8,421.399994,1331.930176,44.508846,-104.130890
298,9,793.809998,-45.115471,961.170105,39.996399
298,10,198.520004,525.977173,454.247925,39.996399
298,11,189.470001,588.920593,340.142578,39.996399
298,12,642.989990,652.732788,-267.808960,39.996399
298,16,745.090027,2093.890381,611.135742,39.996399
299,1,562.030029,1667.291504,1177.660645,-152.229187
299,2,759.989990,2014.114136,1056.819580,39.996399
299,3,538.169983,1860.213623,712.004822,-144.068573
299,4,750.030029,2106.956055,416.359711,39.996399
299,5,437.540009,1652.876709,971.824890,-144.916000
299,6,430.660004,1710.376343,833.142944,-142.008377
299,7,474.130005,779.731995,1234.117798,-122.165611
299,8,421.399994,1331.930176,44.508846,-104.130890
299,9,793.809998,-45.115471,961.170105,39.996399
299,10,198.520004,525.977173,454.247925,39.996399
299,11,189.470001,588.920593,340.142578,39.996399
299,12,642.989990,652.732788,-267.808960,39.996399
299,16,745.090027,2093.890381,611.135742,39.996399
300,1,562.030029,1667.291504,1177.660645,-152.229187
300,2,759.989990,2014.114136,1056.819580,39.996399
300,3,538.169983,1860.213623,712.004822,-144.068573
300,4,750.030029,2106.956055,416.359711,39.996399
300,5,437.540009,1652.876709,971.824890,-144.916000
300,6,430.660004,1710.376343,833.142944,-142.008377
300,7,474.130005,779.731995,1234.117798,-122.165611
300,8,421.399994,1331.930176,44.508846,-104.130890
300,9,793.809998,-45.115471,961.170105,39.996399
300,10,198.520004,525.977173,454.247925,39.996399
300,11,189.470001,588.920593,340.142578,39.996399
300,12,642.989990,652.732788,-267.808960,39.996399
300,16,745.090027,2093.890381,611.135742,39.996399
301,1,562.030029,1667.291504,1177.660645,-152.229187
301,2,759.989990,2014.114136,1056.819580,39.996399
301,3,538.169983,1860.213623,712.004822,-144.068573
301,4,750.030029,2106.956055,416.359711,39.996399
301,5,437.540009,1652.876709,971.824890,-144.916000
301,6,430.660004,1710.376343,833.142944,-142.008377
301,7,474.130005,779.731995,1234.117798,-122.165611
301,8,421.399994,1331.930176,44.508846,-104.130890
301,9,793.809998,-45.115471,961.170105,39.996399
301,10,198.520004,525.977173,454.247925,39.996399
301,11,189.470001,588.920593,340.142578,39.996399
301,12,642.989990,652.732788,-267.808960,39.996399
301,16,745.090027,2093.890381,611.135742,39.996399
302,1,562.030029,1667.291504,1177.660645,-152.229187
302,2,759.989990,2014.114136,1056.819580,39.996399
302,3,538.169983,1860.213623,712.004822,-144.068573
302,4,750.030029,2106.956055,416.359711,39.996399
302,5,437.540009,1652.876709,971.824890,-144.916000
302,6,430.660004,1710.376343,833.142944,-142.008377
302,7,474.130005,779.731995,1234.117798,-122.165611
302,8,421.399994,1331.930176,44.508846,-104.130890
302,9,793.809998,-45.115471,961.170105,39.996399
302,10,198.520004,525.977173,454.247925,39.996399
302,11,189.470001,588.920593,340.142578,39.996399
302,12,642.989990,652.732788,-267.808960,39.996399
302,16,745.090027,2093.890381,611.135742,39.996399
303,1,562.030029,1667.291504,1177.660645,-152.229187
303,2,759.989990,2014.114136,1056.819580,39.996399
303,3,538.169983,1860.213623,712.004822,-144.068573
303,4,750.030029,2106.956055,416.359711,39.996399
303,5,437.540009,1652.876709,971.824890,-144.916000
303,6,430.660004,1710.376343,833.142944,-142.008377
303,7,474.130005,779.731995,1234.117798,-122.165611
303,8,421.399994,1331.930176,44.508846,-104.130890
303,9,793.809998,-45.115471,961.170105,39.996399
303,10,198.520004,525.977173,454.247925,39.996399
303,11,189.470001,588.920593,340.142578,39.996399
303,12,642.989990,652.732788,-267.808960,39.996399
303,16,745.090027,2093.890381,611.135742,39.996399
304,1,562.030029,1667.291504,1177.660645,-152.229187
304,2,759.989990,2014.114136,1056.819580,39.996399
304,3,538.169983,1860.213623,712.004822,-144.068573
304,4,750.030029,2106.956055,416.359711,39.996399
304,5,437.540009,1652.876709,971.824890,-144.916000
304,6,430.660004,1710.376343,833.142944,-142.008377
304,7,474.130005,779.731995,1234.117798,-122.165611
304,8,421.399994,1331.930176,44.508846,-104.130890
304,9,793.809998,-45.115471,961.170105,39.996399
304,10,198.520004,525.977173,454.247925,39.996399
304,11,189.470001,588.920593,340.142578,39.996399
304,12,642.989990,652.732788,-267.808960,39.996399
304,16,745.090027,2093.890381,611.135742,39.996399
305,1,562.030029,1667.291504,1177.660645,-152.229187
305,2,759.989990,2014.114136,1056.819580,39.996399
305,3,538.169983,1860.213623,712.004822,-144.068573
305,4,750.030029,2106.956055,416.359711,39.996399
305,5,437.540009,1652.876709,971.824890,-144.916000
305,6,430.660004,1710.376343,833.142944,-142.008377
305,7,474.130005,779.731995,1234.117798,-122.165611
305,8,421.399994,1331.930176,44.508846,-104.130890
305,9,793.809998,-45.115471,961.170105,39.996399
305,10,198.520004,525.977173,454.247925,39.996399
305,11,189.470001,588.920593,340.142578,39.996399
305,12,642.989990,652.732788,-267.808960,39.996399
305,16,745.090027,2093.890381,611.135742,39.996399
306,1,562.030029,1667.291504,1177.660645,-152.229187
306,2,759.989990,2014.114136,1056.819580,39.996399
306,3,538.169983,1860.213623,712.004822,-144.068573
306,4,750.030029,2106.956055,416.359711,39.996399
306,5,437.540009,1652.876709,971.824890,-144.916000
306,6,430.660004,1710.376343,833.142944,-142.008377
306,7,474.130005,779.731995,1234.117798,-122.165611
306,8,421.399994,1331.930176,44.508846,-104.130890
306,9,793.809998,-45.115471,961.170105,39.996399
306,10,198.520004,525.977173,454.247925,39.996399
306,11,189.470001,588.920593,340.142578,39.996399
306,12,642.989990,652.732788,-267.808960,39.996399
306,16,745.090027,2093.890381,611.135742,39.996399
307,1,562.030029,1667.291504,1177.660645,-152.229187
307,2,759.989990,2014.114136,1056.819580,39.996399
307,3,538.169983,1860.213623,712.004822,-144.068573
307,4,750.030029,2106.956055,416.359711,39.996399
307,5,437.540009,1652.876709,971.824890,-144.916000
307,6,430.660004,1710.376343,833.142944,-142.008377
307,7,474.130005,779.731995,1234.117798,-122.165611
307,8,421.399994,1331.930176,44.508846,-104.130890
307,9,793.809998,-45.115471,961.170105,39.996399
307,10,198.520004,525.977173,454.247925,39.996399
307,11,189.470001,588.920593,340.142578,39.996399
307,12,642.989990,652.732788,-267.808960,39.996399
307,16,745.090027,2093.890381,611.135742,39.996399
308,1,550.840027,1858.604370,1137.716187,-158.399490
308,2,712.820007,2153.583740,971.061340,29.998899
308,3,490.929993,1963.102905,661.346985,-137.909042
308,4,675.200012,2146.937012,354.117279,29.998899
308,5,427.920013,1821.643921,938.484497,-150.847916
308,6,418.320007,1861.241699,793.544128,-146.790771
308,7,491.130005,985.722717,1312.928711,-137.977448
308,8,411.010010,1406.026245,64.021759,-110.574806
308,9,793.559998,141.232849,1116.911865,29.998899
308,10,229.520004,623.636230,540.585999,29.998899
308,11,220.000000,674.123718,420.412567,29.998899
308,12,694.119995,673.133484,-224.774124,29.998899
308,14,516.039978,2009.965820,660.201660,-59.610500
308,16,693.309998,2176.999756,531.108826,29.998899
309,1,550.840027,1858.604370,1137.716187,-158.399490
309,2,712.820007,2153.583740,971.061340,29.998899
309,3,490.929993,1963.102905,661.346985,-137.909042
309,4,675.200012,2146.937012,354.117279,29.998899
309,5,427.920013,1821.643921,938.484497,-150.847916
309,6,418.320007,1861.241699,793.544128,-146.790771
309,7,491.130005,985.722717,1312.928711,-137.977448
309,8,411.010010,1406.026245,64.021759,-110.574806
309,9,793.559998,141.232849,1116.911865,29.998899
309,10,229.520004,623.636230,540.585999,29.998899
309,11,220.000000,674.123718,420.412567,29.998899
309,12,694.119995,673.133484,-224.774124,29.998899
309,14,516.039978,2009.965820,660.201660,-59.610500
309,16,693.309998,2176.999756,531.108826,29.998899
310,1,550.840027,1858.604370,1137.716187,-158.399490
310,2,712.820007,2153.583740,971.061340,29.998899
310,3,490.929993,1963.102905,661.346985,-137.909042
310,4,675.200012,2146.937012,354.117279,29.998899
310,5,427.920013,1821.643921,938.484497,-150.847916
310,6,418.320007,1861.241699,793.544128,-146.790771
310,7,491.130005,985.722717,1312.928711,-137.977448
310,8,411.010010,1406.026245,64.021759,-110.574806
310,9,793.559998,141.232849,1116.911865,29.998899
310,10,229.520004,623.636230,540.585999,29.998899
310,11,220.000000,674.123718,420.412567,29.998899
310,12,694.119995,673.133484,-224.774124,29.998899
310,14,516.039978,2009.965820,660.201660,-59.610500
310,16,693.309998,2176.999756,531.108826,29.998899
311,1,550.840027,1858.604370,1137.716187,-158.399490
311,2,712.820007,2153.583740,971.061340,29.998899
311,3,490.929993,1963.102905,661.346985,-137.909042
311,4,675.200012,2146.937012,354.117279,29.998899
311,5,427.920013,1821.643921,938.484497,-150.847916
311,6,418.320007,1861.241699,793.544128,-146.790771
311,7,491.130005,985.722717,1312.928711,-137.977448
311,8,411.010010,1406.026245,64.021759,-110.574806
311,9,793.559998,141.232849,1116.911865,29.998899
311,10,229.520004,623.636230,540.585999,29.998899
311,11,220.000000,674.123718,420.412567,29.998899
311,12,694.119995,673.133484,-224.774124,29.998899
311,14,516.039978,2009.965820,660.201660,-59.610500
311,16,693.309998,2176.999756,531.108826,29.998899
312,1,550.840027,1858.604370,1137.716187,-158.399490
312,2,712.820007,2153.583740,971.061340,29.998899
312,3,490.929993,1963.102905,661.346985,-137.909042
312,4,675.200012,2146.937012,354.117279,29.998899
312,5,427.920013,1821.643921,938.484497,-150.847916
312,6,418.320007,1861.241699,793.544128,-146.790771
312,7,491.130005,985.722717,1312.928711,-137.977448
312,8,411.010010,1406.026245,64.021759,-110.574806
312,9,793.559998,141.232849,1116.911865,29.998899
312,10,229.520004,623.636230,540.585999,29.998899
312,11,220.000000,674.123718,420.412567,29.998899
312,12,694.119995,673.133484,-224.774124,29.998899
312,14,516.039978,2009.965820,660.201660,-59.610500
312,16,693.309998,2176.999756,531.108826,29.998899
313,1,550.840027,1858.604370,1137.716187,-158.399490
313,2,712.820007,2153.583740,971.061340,29.998899
313,3,490.929993,1963.102905,661.346985,-137.909042
313,4,675.200012,2146.937012,354.117279,29.998899
313,5,427.920013,1821.643921,938.484497,-150.847916
313,6,418.320007,1861.241699,793.544128,-146.790771
313,7,491.130005,985.722717,1312.928711,-137.977448
313,8,411.010010,1406.026245,64.021759,-110.574806
313,9,793.559998,141.232849,1116.911865,29.998899
313,10,229.520004,623.636230,540.585999,29.998899
313,11,220.000000,674.123718,420.412567,29.998899
313,12,694.119995,673.133484,-224.774124,29.998899
313,14,516.039978,2009.965820,660.201660,-59.610500
313,16,693.309998,2176.999756,531.108826,29.998899
314,1,550.840027,1858.604370,1137.716187,-158.399490
314,2,712.820007,2153.583740,971.061340,29.998899
314,3,490.929993,1963.102905,661.346985,-137.909042
314,4,675.200012,2146.937012,354.117279,29.998899
314,5,427.920013,1821.643921,938.484497,-150.847916
314,6,418.320007,1861.241699,793.544128,-146.790771
314,7,491.130005,985.722717,1312.928711,-137.977448
314,8,411.010010,1406.026245,64.021759,-110.574806
314,9,793.559998,141.232849,1116.911865,29.998899
314,10,229.520004,623.636230,540.585999,29.998899
314,11,220.000000,674.123718,420.412567,29.998899
314,12,694.119995,673.133484,-224.774124,29.998899
314,14,516.039978,2009.965820,660.201660,-59.610500
314,16,693.309998,2176.999756,531.108826,29.998899
315,1,550.840027,1858.604370,1137.716187,-158.399490
315,2,712.820007,2153.583740,971.061340,29.998899
315,3,490.929993,1963.102905,661.346985,-137.909042
315,4,675.200012,2146.937012,354.117279,29.998899
315,5,427.920013,1821.643921,938.484497,-150.847916
315,6,418.320007,1861.241699,793.544128,-146.790771
315,7,491.130005,985.722717,1312.928711,-137.977448
315,8,411.010010,1406.026245,64.021759,-110.574806
315,9,793.559998,141.232849,1116.911865,29.998899
315,10,229.520004,623.636230,540.585999,29.998899
315,11,220.000000,674.123718,420.412567,29.998899
315,12,694.119995,673.133484,-224.774124,29.998899
315,14,516.039978,2009.965820,660.201660,-59.610500
315,16,693.309998,2176.999756,531.108826,29.998899
316,1,550.840027,1858.604370,1137.716187,-158.399490
316,2,712.820007,2153.583740,971.061340,29.998899
316,3,490.929993,1963.102905,661.346985,-137.909042
316,4,675.200012,2146.937012,354.117279,29.998899
316,5,427.920013,1821.643921,938.484497,-150.847916
316,6,418.320007,1861.241699,793.544128,-146.790771
316,7,491.130005,985.722717,1312.928711,-137.977448
316,8,411.010010,1406.026245,64.021759,-110.574806
316,9,793.559998,141.232849,1116.911865,29.998899
316,10,229.520004,623.636230,540.585999,29.998899
316,11,220.000000,674.123718,420.412567,29.998899
316,12,694.119995,673.133484,-224.774124,29.998899
316,14,516.039978,2009.965820,660.201660,-59.610500
316,16,693.309998,2176.999756,531.108826,29.998899
317,1,550.840027,1858.604370,1137.716187,-158.399490
317,2,712.820007,2153.583740,971.061340,29.998899
317,3,490.929993,1963.102905,661.346985,-137.909042
317,4,675.200012,2146.937012,354.117279,29.998899
317,5,427.920013,1821.643921,938.484497,-150.847916
317,6,418.320007,1861.241699,793.544128,-146.790771
317,7,491.130005,985.722717,1312.928711,-137.977448
317,8,411.010010,1406.026245,64.021759,-110.574806
317,9,793.559998,141.232849,1116.911865,29.998899
317,10,229.520004,623.636230,540.585999,29.998899
317,11,220.000000,674.123718,420.412567,29.998899
317,12,694.119995,673.133484,-224.774124,29.998899
317,14,516.039978,2009.965820,660.201660,-59.610500
317,16,693.309998,2176.999756,531.108826,29.998899
318,1,550.840027,1858.604370,1137.716187,-158.399490
318,2,712.820007,2153.583740,971.061340,29.998899
318,3,490.929993,1963.102905,661.346985,-137.909042
318,4,675.200012,2146.937012,354.117279,29.998899
318,5,427.920013,1821.643921,938.484497,-150.847916
318,6,418.320007,1861.241699,793.544128,-146.790771
318,7,491.130005,985.722717,1312.928711,-137.977448
318,8,411.010010,1406.026245,64.021759,-110.574806
318,9,793.559998,141.232849,1116.911865,29.998899
318,10,229.520004,623.636230,540.585999,29.998899
318,11,220.000000,674.123718,420.412567,29.998899
318,12,694.119995,673.133484,-224.774124,29.998899
318,14,516.039978,2009.965820,660.201660,-59.610500
318,16,693.309998,2176.999756,531.108826,29.998899
319,1,550.840027,1858.604370,1137.716187,-158.399490
319,2,712.820007,2153.583740,971.061340,29.998899
319,3,490.929993,1963.102905,661.346985,-137.909042
319,4,675.200012,2146.937012,354.117279,29.998899
319,5,427.920013,1821.643921,938.484497,-150.847916
319,6,418.320007,1861.241699,793.544128,-146.790771
319,7,491.130005,985.722717,1312.928711,-137.977448
319,8,411.010010,1406.026245,64.021759,-110.574806
319,9,793.559998,141.232849,1116.911865,29.998899
319,10,229.520004,623.636230,540.585999,29.998899
319,11,220.000000,674.123718,420.412567,29.998899
319,12,694.119995,673.133484,-224.774124,29.998899
319,14,516.039978,2009.965820,660.201660,-59.610500
319,16,693.309998,2176.999756,531.108826,29.998899
320,3,324.510010,1957.156616,668.410950,-80.990059
320,4,664.190002,2268.208496,341.088531,29.998899
320,5,398.390015,1961.928345,933.355957,-138.367996
320,6,397.070007,2000.355347,788.356628,-137.810135
320,7,439.000000,1187.688599,1315.110474,-120.147942
320,8,451.649994,1532.554077,54.494408,-124.474495
320,9,660.190002,441.557159,1159.549927,29.998899
320,10,292.799988,707.780090,595.443665,29.998899
320,11,295.350006,739.623901,469.378296,29.998899
320,12,983.289978,609.556641,-392.538086,29.998899
320,14,343.119995,1990.013306,665.709656,-29.583261
320,16,339.510010,1965.264282,511.409698,29.998899
321,3,324.510010,1957.156616,668.410950,-80.990059
321,4,664.190002,2268.208496,341.088531,29.998899
321,5,398.390015,1961.928345,933.355957,-138.367996
321,6,397.070007,2000.355347,788.356628,-137.810135
321,7,439.000000,1187.688599,1315.110474,-120.147942
321,8,451.649994,1532.554077,54.494408,-124.474495
321,9,660.190002,441.557159,1159.549927,29.998899
321,10,292.799988,707.780090,595.443665,29.998899
321,11,295.350006,739.623901,469.378296,29.998899
321,12,983.289978,609.556641,-392.538086,29.998899
321,14,343.119995,1990.013306,665.709656,-29.583261
321,16,339.510010,1965.264282,511.409698,29.998899
322,3,324.510010,1957.156616,668.410950,-80.990059
322,4,664.190002,2268.208496,341.088531,29.998899
322,5,398.390015,1961.928345,933.355957,-138.367996
322,6,397.070007,2000.355347,788.356628,-137.810135
322,7,439.000000,1187.688599,1315.110474,-120.147942
322,8,451.649994,1532.554077,54.494408,-124.474495
322,9,660.190002,441.557159,1159.549927,29.998899
322,10,292.799988,707.780090,595.443665,29.998899
322,11,295.350006,739.623901,469.378296,29.998899
322,12,983.289978,609.556641,-392.538086,29.998899
322,14,343.119995,1990.013306,665.709656,-29.583261
322,16,339.510010,1965.264282,511.409698,29.998899
323,3,324.510010,1957.156616,668.410950,-80.990059
323,4,664.190002,2268.208496,341.088531,29.998899
323,5,398.390015,1961.928345,933.355957,-138.367996
323,6,397.070007,2000.355347,788.356628,-137.810135
323,7,439.000000,1187.688599,1315.110474,-120.147942
323,8,451.649994,1532.554077,54.494408,-124.474495
323,9,660.190002,441.557159,1159.549927,29.998899
323,10,292.799988,707.780090,595.443665,29.998899
323,11,295.350006,739.623901,469.378296,29.998899
323,12,983.289978,609.556641,-392.538086,29.998899
323,14,343.119995,1990.013306,665.709656,-29.583261
323,16,339.510010,1965.264282,511.409698,29.998899
324,3,324.510010,1957.156616,668.410950,-80.990059
324,4,664.190002,2268.208496,341.088531,29.998899
324,5,398.390015,1961.928345,933.355957,-138.367996
324,6,397.070007,2000.355347,788.356628,-137.810135
324,7,439.000000,1187.688599,1315.110474,-120.147942
324,8,451.649994,1532.554077,54.494408,-124.474495
324,9,660.190002,441.557159,1159.549927,29.998899
324,10,292.799988,707.780090,595.443665,29.998899
324,11,295.350006,739.623901,469.378296,29.998899
324,12,983.289978,609.556641,-392.538086,29.998899
324,14,343.119995,1990.013306,665.709656,-29.583261
324,16,339.510010,1965.264282,511.409698,29.998899
325,3,324.510010,1957.156616,668.410950,-80.990059
325,4,664.190002,2268.208496,341.088531,29.998899
325,5,398.390015,1961.928345,933.355957,-138.367996
325,6,397.070007,2000.355347,788.356628,-137.810135
325,7,439.000000,1187.688599,1315.110474,-120.147942
325,8,451.649994,1532.554077,54.494408,-124.474495
325,9,660.190002,441.557159,1159.549927,29.998899
325,10,292.799988,707.780090,595.443665,29.998899
325,11,295.350006,739.623901,469.378296,29.998899
325,12,983.289978,609.556641,-392.538086,29.998899
325,14,343.119995,1990.013306,665.709656,-29.583261
325,16,339.510010,1965.264282,511.409698,29.998899
326,3,324.510010,1957.156616,668.410950,-80.990059
326,4,664.190002,2268.208496,341.088531,29.998899
326,5,398.390015,1961.928345,933.355957,-138.367996
326,6,397.070007,2000.355347,788.356628,-137.810135
326,7,439.000000,1187.688599,1315.110474,-120.147942
326,8,451.649994,1532.554077,54.494408,-124.474495
326,9,660.190002,441.557159,1159.549927,29.998899
326,10,292.799988,707.780090,595.443665,29.998899
326,11,295.350006,739.623901,469.378296,29.998899
326,12,983.289978,609.556641,-392.538086,29.998899
326,14,343.119995,1990.013306,665.709656,-29.583261
326,16,339.510010,1965.264282,511.409698,29.998899
327,3,324.510010,1957.156616,668.410950,-80.990059
327,4,664.190002,2268.208496,341.088531,29.998899
327,5,398.390015,1961.928345,933.355957,-138.367996
327,6,397.070007,2000.355347,788.356628,-137.810135
327,7,439.000000,1187.688599,1315.110474,-120.147942
327,8,451.649994,1532.554077,54.494408,-124.474495
327,9,660.190002,441.557159,1159.549927,29.998899
327,10,292.799988,707.780090,595.443665,29.998899
327,11,295.350006,739.623901,469.378296,29.998899
327,12,983.289978,609.556641,-392.538086,29.998899
327,14,343.119995,1990.013306,665.709656,-29.583261
327,16,339.510010,1965.264282,511.409698,29.998899
328,3,324.510010,1957.156616,668.410950,-80.990059
328,4,664.190002,2268.208496,341.088531,29.998899
328,5,398.390015,1961.928345,933.355957,-138.367996
328,6,397.070007,2000.355347,788.356628,-137.810135
328,7,439.000000,1187.688599,1315.110474,-120.147942
328,8,451.649994,1532.554077,54.494408,-124.474495
328,9,660.190002,441.557159,1159.549927,29.998899
328,10,292.799988,707.780090,595.443665,29.998899
328,11,295.350006,739.623901,469.378296,29.998899
328,12,983.289978,609.556641,-392.538086,29.998899
328,14,343.119995,1990.013306,665.709656,-29.583261
328,16,339.510010,1965.264282,511.409698,29.998899
329,3,324.510010,1957.156616,668.410950,-80.990059
329,4,664.190002,2268.208496,341.088531,29.998899
329,5,398.390015,1961.928345,933.355957,-138.367996
329,6,397.070007,2000.355347,788.356628,-137.810135
329,7,439.000000,1187.688599,1315.110474,-120.147942
329,8,451.649994,1532.554077,54.494408,-124.474495
329,9,660.190002,441.557159,1159.549927,29.998899
329,10,292.799988,707.780090,595.443665,29.998899
329,11,295.350006,739.623901,469.378296,29.998899
329,12,983.289978,609.556641,-392.538086,29.998899
329,14,343.119995,1990.013306,665.709656,-29.583261
329,16,339.510010,1965.264282,511.409698,29.998899
330,3,324.510010,1957.156616,668.410950,-80.990059
330,4,664.190002,2268.208496,341.088531,29.998899
330,5,398.390015,1961.928345,933.355957,-138.367996
330,6,397.070007,2000.355347,788.356628,-137.810135
330,7,439.000000,1187.688599,1315.110474,-120.147942
330,8,451.649994,1532.554077,54.494408,-124.474495
330,9,660.190002,441.557159,1159.549927,29.998899
330,10,292.799988,707.780090,595.443665,29.998899
330,11,295.350006,739.623901,469.378296,29.998899
330,12,983.289978,609.556641,-392.538086,29.998899
330,14,343.119995,1990.013306,665.709656,-29.583261
330,16,339.510010,1965.264282,511.409698,29.998899
331,3,324.510010,1957.156616,668.410950,-80.990059
331,4,664.190002,2268.208496,341.088531,29.998899
331,5,398.390015,1961.928345,933.355957,-138.367996
331,6,397.070007,2000.355347,788.356628,-137.810135
331,7,439.000000,1187.688599,1315.110474,-120.147942
331,8,451.649994,1532.554077,54.494408,-124.474495
331,9,660.190002,441.557159,1159.549927,29.998899
331,10,292.799988,707.780090,595.443665,29.998899
331,11,295.350006,739.623901,469.378296,29.998899
331,12,983.289978,609.556641,-392.538086,29.998899
331,14,343.119995,1990.013306,665.709656,-29.583261
331,16,339.510010,1965.264282,511.409698,29.998899
332,3,189.520004,1990.730713,726.130554,-44.818359
332,4,210.350006,1988.055176,503.590759,20.001301
332,6,202.639999,1990.714111,789.185364,-65.638062
332,7,417.140015,1356.342285,1345.952637,-122.668991
332,8,448.649994,1688.556274,106.112938,-133.446030
332,9,710.880005,558.149231,1235.565186,20.001301
332,10,239.720001,918.626953,662.388245,20.001301
332,11,242.789993,949.308044,536.023315,20.001301
332,12,841.020020,845.563293,-222.263016,20.001301
332,14,208.880005,2018.241699,723.723633,-16.270332
332,16,188.429993,1973.302612,558.033325,20.001301
333,3,189.520004,1990.730713,726.130554,-44.818359
333,4,210.350006,1988.055176,503.590759,20.001301
333,6,202.639999,1990.714111,789.185364,-65.638062
333,7,417.140015,1356.342285,1345.952637,-122.668991
333,8,448.649994,1688.556274,106.112938,-133.446030
333,9,710.880005,558.149231,1235.565186,20.001301
333,10,239.720001,918.626953,662.388245,20.001301
333,11,242.789993,949.308044,536.023315,20.001301
333,12,841.020020,845.563293,-222.263016,20.001301
333,14,208.880005,2018.241699,723.723633,-16.270332
333,16,188.429993,1973.302612,558.033325,20.001301
334,3,189.520004,1990.730713,726.130554,-44.818359
334,4,210.350006,1988.055176,503.590759,20.001301
334,6,202.639999,1990.714111,789.185364,-65.638062
334,7,417.140015,1356.342285,1345.952637,-122.668991
334,8,448.649994,1688.556274,106.112938,-133.446030
334,9,710.880005,558.149231,1235.565186,20.001301
334,10,239.720001,918.626953,662.388245,20.001301
334,11,242.789993,949.308044,536.023315,20.001301
334,12,841.020020,845.563293,-222.263016,20.001301
334,14,208.880005,2018.241699,723.723633,-16.270332
334,16,188.429993,1973.302612,558.033325,20.001301
335,3,189.520004,1990.730713,726.130554,-44.818359
335,4,210.350006,1988.055176,503.590759,20.001301
335,6,202.639999,1990.714111,789.185364,-65.638062
335,7,417.140015,1356.342285,1345.952637,-122.668991
335,8,448.649994,1688.556274,106.112938,-133.446030
335,9,710.880005,558.149231,1235.565186,20.001301
335,10,239.720001,918.626953,662.388245,20.001301
335,11,242.789993,949.308044,536.023315,20.001301
335,12,841.020020,845.563293,-222.263016,20.001301
335,14,208.880005,2018.241699,723.723633,-16.270332
335,16,188.429993,1973.302612,558.033325,20.001301
336,3,189.520004,1990.730713,726.130554,-44.818359
336,4,210.350006,1988.055176,503.590759,20.001301
336,6,202.639999,1990.714111,789.185364,-65.638062
336,7,417.140015,1356.342285,1345.952637,-122.668991
336,8,448.649994,1688.556274,106.112938,-133.446030
336,9,710.880005,558.149231,1235.565186,20.001301
336,10,239.720001,918.626953,662.388245,20.001301
336,11,242.789993,949.308044,536.023315,20.001301
336,12,841.020020,845.563293,-222.263016,20.001301
336,14,208.880005,2018.241699,723.723633,-16.270332
336,16,188.429993,1973.302612,558.033325,20.001301
337,3,189.520004,1990.730713,726.130554,-44.818359
337,4,210.350006,1988.055176,503.590759,20.001301
337,6,202.639999,1990.714111,789.185364,-65.638062
337,7,417.140015,1356.342285,1345.952637,-122.668991
337,8,448.649994,1688.556274,106.112938,-133.446030
337,9,710.880005,558.149231,1235.565186,20.001301
337,10,239.720001,918.626953,662.388245,20.001301
337,11,242.789993,949.308044,536.023315,20.001301
337,12,841.020020,845.563293,-222.263016,20.001301
337,14,208.880005,2018.241699,723.723633,-16.270332
337,16,188.429993,1973.302612,558.033325,20.001301
338,3,189.520004,1990.730713,726.130554,-44.818359
338,4,210.350006,1988.055176,503.590759,20.001301
338,6,202.639999,1990.714111,789.185364,-65.638062
338,7,417.140015,1356.342285,1345.952637,-122.668991
338,8,448.649994,1688.556274,106.112938,-133.446030
338,9,710.880005,558.149231,1235.565186,20.001301
338,10,239.720001,918.626953,662.388245,20.001301
338,11,242.789993,949.308044,536.023315,20.001301
338,12,841.020020,845.563293,-222.263016,20.001301
338,14,208.880005,2018.241699,723.723633,-16.270332
338,16,188.429993,1973.302612,558.033325,20.001301
339,3,189.520004,1990.730713,726.130554,-44.818359
339,4,210.350006,1988.055176,503.590759,20.001301
339,6,202.639999,1990.714111,789.185364,-65.638062
339,7,417.140015,1356.342285,1345.952637,-122.668991
339,8,448.649994,1688.556274,106.112938,-133.446030
339,9,710.880005,558.149231,1235.565186,20.001301
339,10,239.720001,918.626953,662.388245,20.001301
339,11,242.789993,949.308044,536.023315,20.001301
339,12,841.020020,845.563293,-222.263016,20.001301
339,14,208.880005,2018.241699,723.723633,-16.270332
339,16,188.429993,1973.302612,558.033325,20.001301
340,3,189.520004,1990.730713,726.130554,-44.818359
340,4,210.350006,1988.055176,503.590759,20.001301
340,6,202.639999,1990.714111,789.185364,-65.638062
340,7,417.140015,1356.342285,1345.952637,-122.668991
340,8,448.649994,1688.556274,106.112938,-133.446030
340,9,710.880005,558.149231,1235.565186,20.001301
340,10,239.720001,918.626953,662.388245,20.001301
340,11,242.789993,949.308044,536.023315,20.001301
340,12,841.020020,845.563293,-222.263016,20.001301
340,14,208.880005,2018.241699,723.723633,-16.270332
340,16,188.429993,1973.302612,558.033325,20.001301
341,3,189.520004,1990.730713,726.130554,-44.818359
341,4,210.350006,1988.055176,503.590759,20.001301
341,6,202.639999,1990.714111,789.185364,-65.638062
341,7,417.140015,1356.342285,1345.952637,-122.668991
341,8,448.649994,1688.556274,106.112938,-133.446030
341,9,710.880005,558.149231,1235.565186,20.001301
341,10,239.720001,918.626953,662.388245,20.001301
341,11,242.789993,949.308044,536.023315,20.001301
341,12,841.020020,845.563293,-222.263016,20.001301
341,14,208.880005,2018.241699,723.723633,-16.270332
341,16,188.429993,1973.302612,558.033325,20.001301
342,3,189.520004,1990.730713,726.130554,-44.818359
342,4,210.350006,1988.055176,503.590759,20.001301
342,6,202.639999,1990.714111,789.185364,-65.638062
342,7,417.140015,1356.342285,1345.952637,-122.668991
342,8,448.649994,1688.556274,106.112938,-133.446030
342,9,710.880005,558.149231,1235.565186,20.001301
342,10,239.720001,918.626953,662.388245,20.001301
342,11,242.789993,949.308044,536.023315,20.001301
342,12,841.020020,845.563293,-222.263016,20.001301
342,14,208.880005,2018.241699,723.723633,-16.270332
342,16,188.429993,1973.302612,558.033325,20.001301
343,1,551.989990,2347.800537,1226.603149,-168.790390
343,3,79.190002,2037.428345,776.627930,-7.083276
343,4,49.180000,1983.019287,586.574890,20.001301
343,5,434.489990,2303.952393,1030.852417,-163.622101
343,6,89.029999,2041.140869,804.010376,-17.624403
343,7,420.570007,1503.347900,1388.666748,-123.842117
343,8,436.760010,1837.803345,157.665955,-129.379425
343,9,710.650024,706.598816,1272.286987,20.001301
343,10,259.380005,1049.894043,695.313660,20.001301
343,11,262.420013,1081.045044,569.064453,20.001301
343,12,865.750000,984.777283,-204.739609,20.001301
343,14,94.089996,2055.610596,775.101074,3.662744
343,16,43.520000,1978.990723,599.289673,20.001301
344,1,551.989990,2347.800537,1226.603149,-168.790390
344,3,79.190002,2037.428345,776.627930,-7.083276
344,4,49.180000,1983.019287,586.574890,20.001301
344,5,434.489990,2303.952393,1030.852417,-163.622101
344,6,89.029999,2041.140869,804.010376,-17.624403
344,7,420.570007,1503.347900,1388.666748,-123.842117
344,8,436.760010,1837.803345,157.665955,-129.379425
344,9,710.650024,706.598816,1272.286987,20.001301
344,10,259.380005,1049.894043,695.313660,20.001301
344,11,262.420013,1081.045044,569.064453,20.001301
344,12,865.750000,984.777283,-204.739609,20.001301
344,14,94.089996,2055.610596,775.101074,3.662744
344,16,43.520000,1978.990723,599.289673,20.001301
345,1,551.989990,2347.800537,1226.603149,-168.790390
345,3,79.190002,2037.428345,776.627930,-7.083276
345,4,49.180000,1983.019287,586.574890,20.001301
345,5,434.489990,2303.952393,1030.852417,-163.622101
345,6,89.029999,2041.140869,804.010376,-17.624403
345,7,420.570007,1503.347900,1388.666748,-123.842117
345,8,436.760010,1837.803345,157.665955,-129.379425
345,9,710.650024,706.598816,1272.286987,20.001301
345,10,259.380005,1049.894043,695.313660,20.001301
345,11,262.420013,1081.045044,569.064453,20.001301
345,12,865.750000,984.777283,-204.739609,20.001301
345,14,94.089996,2055.610596,775.101074,3.662744
345,16,43.520000,1978.990723,599.289673,20.001301
